{"algorithm":"OpenAPSSMBPlugin","input":{"glucoseStatus":{"glucose":102,"noise":0,"delta":-2.67,"short_avgdelta":-3.85,"long_avgdelta":-1.82,"date":1703619328817},"currenttemp":{"temp":"absolute","duration":105,"rate":0,"minutesrunning":15},"iob_data":[{"iob":4.083,"basaliob":-0.434,"bolussnooze":1.8105,"activity":0.0405,"lastBolusTime":1703618155304,"time":"2023-12-26T19:36:03.379Z","iobWithZeroTemp":{"iob":4.083,"basaliob":-0.434,"bolussnooze":1.8105,"activity":0.0405,"lastBolusTime":1703618155304,"time":"2023-12-26T19:36:03.379Z"}},{"iob":3.881,"basaliob":-0.416,"bolussnooze":1.5793,"activity":0.04,"lastBolusTime":1703618155304,"time":"2023-12-26T19:41:03.379Z","iobWithZeroTemp":{"iob":3.861,"basaliob":-0.436,"bolussnooze":1.5793,"activity":0.04,"lastBolusTime":1703618155304,"time":"2023-12-26T19:41:03.379Z"}},{"iob":3.682,"basaliob":-0.397,"bolussnooze":1.3726,"activity":0.0393,"lastBolusTime":1703618155304,"time":"2023-12-26T19:46:03.379Z","iobWithZeroTemp":{"iob":3.637,"basaliob":-0.442,"bolussnooze":1.3726,"activity":0.0392,"lastBolusTime":1703618155304,"time":"2023-12-26T19:46:03.379Z"}},{"iob":3.488,"basaliob":-0.378,"bolussnooze":1.1889,"activity":0.0383,"lastBolusTime":1703618155304,"time":"2023-12-26T19:51:03.379Z","iobWithZeroTemp":{"iob":3.419,"basaliob":-0.447,"bolussnooze":1.1889,"activity":0.0382,"lastBolusTime":1703618155304,"time":"2023-12-26T19:51:03.379Z"}},{"iob":3.299,"basaliob":-0.359,"bolussnooze":1.0265,"activity":0.0373,"lastBolusTime":1703618155304,"time":"2023-12-26T19:56:03.379Z","iobWithZeroTemp":{"iob":3.206,"basaliob":-0.452,"bolussnooze":1.0265,"activity":0.0371,"lastBolusTime":1703618155304,"time":"2023-12-26T19:56:03.379Z"}},{"iob":3.115,"basaliob":-0.341,"bolussnooze":0.8835,"activity":0.0361,"lastBolusTime":1703618155304,"time":"2023-12-26T20:01:03.379Z","iobWithZeroTemp":{"iob":2.998,"basaliob":-0.458,"bolussnooze":0.8835,"activity":0.0357,"lastBolusTime":1703618155304,"time":"2023-12-26T20:01:03.379Z"}},{"iob":2.937,"basaliob":-0.323,"bolussnooze":0.7582,"activity":0.0349,"lastBolusTime":1703618155304,"time":"2023-12-26T20:06:03.379Z","iobWithZeroTemp":{"iob":2.797,"basaliob":-0.463,"bolussnooze":0.7582,"activity":0.0344,"lastBolusTime":1703618155304,"time":"2023-12-26T20:06:03.379Z"}},{"iob":2.767,"basaliob":-0.305,"bolussnooze":0.6487,"activity":0.0336,"lastBolusTime":1703618155304,"time":"2023-12-26T20:11:03.379Z","iobWithZeroTemp":{"iob":2.605,"basaliob":-0.467,"bolussnooze":0.6487,"activity":0.0329,"lastBolusTime":1703618155304,"time":"2023-12-26T20:11:03.379Z"}},{"iob":2.602,"basaliob":-0.288,"bolussnooze":0.5535,"activity":0.0322,"lastBolusTime":1703618155304,"time":"2023-12-26T20:16:03.379Z","iobWithZeroTemp":{"iob":2.419,"basaliob":-0.471,"bolussnooze":0.5535,"activity":0.0314,"lastBolusTime":1703618155304,"time":"2023-12-26T20:16:03.379Z"}},{"iob":2.444,"basaliob":-0.271,"bolussnooze":0.4709,"activity":0.0309,"lastBolusTime":1703618155304,"time":"2023-12-26T20:21:03.379Z","iobWithZeroTemp":{"iob":2.24,"basaliob":-0.475,"bolussnooze":0.4709,"activity":0.0299,"lastBolusTime":1703618155304,"time":"2023-12-26T20:21:03.379Z"}},{"iob":2.294,"basaliob":-0.255,"bolussnooze":0.3995,"activity":0.0295,"lastBolusTime":1703618155304,"time":"2023-12-26T20:26:03.379Z","iobWithZeroTemp":{"iob":2.071,"basaliob":-0.478,"bolussnooze":0.3995,"activity":0.0283,"lastBolusTime":1703618155304,"time":"2023-12-26T20:26:03.379Z"}},{"iob":2.149,"basaliob":-0.24,"bolussnooze":0.338,"activity":0.0281,"lastBolusTime":1703618155304,"time":"2023-12-26T20:31:03.379Z","iobWithZeroTemp":{"iob":1.907,"basaliob":-0.482,"bolussnooze":0.338,"activity":0.0268,"lastBolusTime":1703618155304,"time":"2023-12-26T20:31:03.379Z"}},{"iob":2.012,"basaliob":-0.226,"bolussnooze":0.2852,"activity":0.0267,"lastBolusTime":1703618155304,"time":"2023-12-26T20:36:03.379Z","iobWithZeroTemp":{"iob":1.752,"basaliob":-0.486,"bolussnooze":0.2852,"activity":0.0252,"lastBolusTime":1703618155304,"time":"2023-12-26T20:36:03.379Z"}},{"iob":1.882,"basaliob":-0.212,"bolussnooze":0.2399,"activity":0.0254,"lastBolusTime":1703618155304,"time":"2023-12-26T20:41:03.379Z","iobWithZeroTemp":{"iob":1.605,"basaliob":-0.489,"bolussnooze":0.2399,"activity":0.0237,"lastBolusTime":1703618155304,"time":"2023-12-26T20:41:03.379Z"}},{"iob":1.759,"basaliob":-0.198,"bolussnooze":0.2012,"activity":0.024,"lastBolusTime":1703618155304,"time":"2023-12-26T20:46:03.379Z","iobWithZeroTemp":{"iob":1.465,"basaliob":-0.492,"bolussnooze":0.2012,"activity":0.0222,"lastBolusTime":1703618155304,"time":"2023-12-26T20:46:03.379Z"}},{"iob":1.642,"basaliob":-0.185,"bolussnooze":0.1682,"activity":0.0227,"lastBolusTime":1703618155304,"time":"2023-12-26T20:51:03.379Z","iobWithZeroTemp":{"iob":1.333,"basaliob":-0.494,"bolussnooze":0.1682,"activity":0.0207,"lastBolusTime":1703618155304,"time":"2023-12-26T20:51:03.379Z"}},{"iob":1.532,"basaliob":-0.173,"bolussnooze":0.1402,"activity":0.0215,"lastBolusTime":1703618155304,"time":"2023-12-26T20:56:03.379Z","iobWithZeroTemp":{"iob":1.208,"basaliob":-0.497,"bolussnooze":0.1402,"activity":0.0193,"lastBolusTime":1703618155304,"time":"2023-12-26T20:56:03.379Z"}},{"iob":1.427,"basaliob":-0.162,"bolussnooze":0.1164,"activity":0.0203,"lastBolusTime":1703618155304,"time":"2023-12-26T21:01:03.379Z","iobWithZeroTemp":{"iob":1.09,"basaliob":-0.499,"bolussnooze":0.1164,"activity":0.018,"lastBolusTime":1703618155304,"time":"2023-12-26T21:01:03.379Z"}},{"iob":1.329,"basaliob":-0.151,"bolussnooze":0.0963,"activity":0.0191,"lastBolusTime":1703618155304,"time":"2023-12-26T21:06:03.379Z","iobWithZeroTemp":{"iob":0.946,"basaliob":-0.534,"bolussnooze":0.0963,"activity":0.0166,"lastBolusTime":1703618155304,"time":"2023-12-26T21:06:03.379Z"}},{"iob":1.236,"basaliob":-0.141,"bolussnooze":0.0794,"activity":0.0179,"lastBolusTime":1703618155304,"time":"2023-12-26T21:11:03.379Z","iobWithZeroTemp":{"iob":0.808,"basaliob":-0.569,"bolussnooze":0.0794,"activity":0.0152,"lastBolusTime":1703618155304,"time":"2023-12-26T21:11:03.379Z"}},{"iob":1.149,"basaliob":-0.131,"bolussnooze":0.0652,"activity":0.0169,"lastBolusTime":1703618155304,"time":"2023-12-26T21:16:03.379Z","iobWithZeroTemp":{"iob":0.677,"basaliob":-0.603,"bolussnooze":0.0652,"activity":0.0139,"lastBolusTime":1703618155304,"time":"2023-12-26T21:16:03.379Z"}},{"iob":1.067,"basaliob":-0.122,"bolussnooze":0.0533,"activity":0.0158,"lastBolusTime":1703618155304,"time":"2023-12-26T21:21:03.379Z","iobWithZeroTemp":{"iob":0.552,"basaliob":-0.637,"bolussnooze":0.0533,"activity":0.0126,"lastBolusTime":1703618155304,"time":"2023-12-26T21:21:03.379Z"}},{"iob":0.99,"basaliob":-0.114,"bolussnooze":0.0434,"activity":0.0148,"lastBolusTime":1703618155304,"time":"2023-12-26T21:26:03.379Z","iobWithZeroTemp":{"iob":0.434,"basaliob":-0.67,"bolussnooze":0.0434,"activity":0.0113,"lastBolusTime":1703618155304,"time":"2023-12-26T21:26:03.379Z"}},{"iob":0.918,"basaliob":-0.106,"bolussnooze":0.0351,"activity":0.0139,"lastBolusTime":1703618155304,"time":"2023-12-26T21:31:03.379Z","iobWithZeroTemp":{"iob":0.322,"basaliob":-0.702,"bolussnooze":0.0351,"activity":0.0101,"lastBolusTime":1703618155304,"time":"2023-12-26T21:31:03.379Z"}},{"iob":0.851,"basaliob":-0.098,"bolussnooze":0.0283,"activity":0.013,"lastBolusTime":1703618155304,"time":"2023-12-26T21:36:03.379Z","iobWithZeroTemp":{"iob":0.217,"basaliob":-0.732,"bolussnooze":0.0283,"activity":0.0088,"lastBolusTime":1703618155304,"time":"2023-12-26T21:36:03.379Z"}},{"iob":0.788,"basaliob":-0.091,"bolussnooze":0.0226,"activity":0.0121,"lastBolusTime":1703618155304,"time":"2023-12-26T21:41:03.379Z","iobWithZeroTemp":{"iob":0.117,"basaliob":-0.762,"bolussnooze":0.0226,"activity":0.0076,"lastBolusTime":1703618155304,"time":"2023-12-26T21:41:03.379Z"}},{"iob":0.73,"basaliob":-0.084,"bolussnooze":0.0179,"activity":0.0114,"lastBolusTime":1703618155304,"time":"2023-12-26T21:46:03.379Z","iobWithZeroTemp":{"iob":0.025,"basaliob":-0.789,"bolussnooze":0.0179,"activity":0.0066,"lastBolusTime":1703618155304,"time":"2023-12-26T21:46:03.379Z"}},{"iob":0.674,"basaliob":-0.078,"bolussnooze":0.0141,"activity":0.0106,"lastBolusTime":1703618155304,"time":"2023-12-26T21:51:03.379Z","iobWithZeroTemp":{"iob":-0.065,"basaliob":-0.817,"bolussnooze":0.0141,"activity":0.0055,"lastBolusTime":1703618155304,"time":"2023-12-26T21:51:03.379Z"}},{"iob":0.623,"basaliob":-0.072,"bolussnooze":0.011,"activity":0.0099,"lastBolusTime":1703618155304,"time":"2023-12-26T21:56:03.379Z","iobWithZeroTemp":{"iob":-0.148,"basaliob":-0.843,"bolussnooze":0.011,"activity":0.0044,"lastBolusTime":1703618155304,"time":"2023-12-26T21:56:03.379Z"}},{"iob":0.575,"basaliob":-0.067,"bolussnooze":0.0085,"activity":0.0093,"lastBolusTime":1703618155304,"time":"2023-12-26T22:01:03.379Z","iobWithZeroTemp":{"iob":-0.226,"basaliob":-0.868,"bolussnooze":0.0085,"activity":0.0035,"lastBolusTime":1703618155304,"time":"2023-12-26T22:01:03.379Z"}},{"iob":0.531,"basaliob":-0.062,"bolussnooze":0.0065,"activity":0.0086,"lastBolusTime":1703618155304,"time":"2023-12-26T22:06:03.379Z","iobWithZeroTemp":{"iob":-0.298,"basaliob":-0.891,"bolussnooze":0.0065,"activity":0.0025,"lastBolusTime":1703618155304,"time":"2023-12-26T22:06:03.379Z"}},{"iob":0.49,"basaliob":-0.057,"bolussnooze":0.0049,"activity":0.008,"lastBolusTime":1703618155304,"time":"2023-12-26T22:11:03.379Z","iobWithZeroTemp":{"iob":-0.366,"basaliob":-0.913,"bolussnooze":0.0049,"activity":0.0016,"lastBolusTime":1703618155304,"time":"2023-12-26T22:11:03.379Z"}},{"iob":0.451,"basaliob":-0.053,"bolussnooze":0.0036,"activity":0.0075,"lastBolusTime":1703618155304,"time":"2023-12-26T22:16:03.379Z","iobWithZeroTemp":{"iob":-0.431,"basaliob":-0.935,"bolussnooze":0.0036,"activity":8.0E-4,"lastBolusTime":1703618155304,"time":"2023-12-26T22:16:03.379Z"}},{"iob":0.415,"basaliob":-0.049,"bolussnooze":0.0026,"activity":0.0069,"lastBolusTime":1703618155304,"time":"2023-12-26T22:21:03.379Z","iobWithZeroTemp":{"iob":-0.491,"basaliob":-0.955,"bolussnooze":0.0026,"activity":-1.0E-4,"lastBolusTime":1703618155304,"time":"2023-12-26T22:21:03.379Z"}},{"iob":0.382,"basaliob":-0.045,"bolussnooze":0.0018,"activity":0.0064,"lastBolusTime":1703618155304,"time":"2023-12-26T22:26:03.379Z","iobWithZeroTemp":{"iob":-0.547,"basaliob":-0.974,"bolussnooze":0.0018,"activity":-8.0E-4,"lastBolusTime":1703618155304,"time":"2023-12-26T22:26:03.379Z"}},{"iob":0.352,"basaliob":-0.041,"bolussnooze":0.0012,"activity":0.0059,"lastBolusTime":1703618155304,"time":"2023-12-26T22:31:03.379Z","iobWithZeroTemp":{"iob":-0.598,"basaliob":-0.991,"bolussnooze":0.0012,"activity":-0.0016,"lastBolusTime":1703618155304,"time":"2023-12-26T22:31:03.379Z"}},{"iob":0.323,"basaliob":-0.038,"bolussnooze":8.0E-4,"activity":0.0055,"lastBolusTime":1703618155304,"time":"2023-12-26T22:36:03.379Z","iobWithZeroTemp":{"iob":-0.647,"basaliob":-1.008,"bolussnooze":8.0E-4,"activity":-0.0023,"lastBolusTime":1703618155304,"time":"2023-12-26T22:36:03.379Z"}},{"iob":0.296,"basaliob":-0.035,"bolussnooze":5.0E-4,"activity":0.0051,"lastBolusTime":1703618155304,"time":"2023-12-26T22:41:03.379Z","iobWithZeroTemp":{"iob":-0.693,"basaliob":-1.024,"bolussnooze":5.0E-4,"activity":-0.0029,"lastBolusTime":1703618155304,"time":"2023-12-26T22:41:03.379Z"}},{"iob":0.272,"basaliob":-0.032,"bolussnooze":3.0E-4,"activity":0.0047,"lastBolusTime":1703618155304,"time":"2023-12-26T22:46:03.379Z","iobWithZeroTemp":{"iob":-0.735,"basaliob":-1.039,"bolussnooze":3.0E-4,"activity":-0.0035,"lastBolusTime":1703618155304,"time":"2023-12-26T22:46:03.379Z"}},{"iob":0.25,"basaliob":-0.029,"bolussnooze":1.0E-4,"activity":0.0044,"lastBolusTime":1703618155304,"time":"2023-12-26T22:51:03.379Z","iobWithZeroTemp":{"iob":-0.773,"basaliob":-1.052,"bolussnooze":1.0E-4,"activity":-0.0041,"lastBolusTime":1703618155304,"time":"2023-12-26T22:51:03.379Z"}},{"iob":0.229,"basaliob":-0.027,"bolussnooze":0,"activity":0.004,"lastBolusTime":1703618155304,"time":"2023-12-26T22:56:03.379Z","iobWithZeroTemp":{"iob":-0.81,"basaliob":-1.066,"bolussnooze":0,"activity":-0.0047,"lastBolusTime":1703618155304,"time":"2023-12-26T22:56:03.379Z"}},{"iob":0.209,"basaliob":-0.025,"bolussnooze":0,"activity":0.0037,"lastBolusTime":1703618155304,"time":"2023-12-26T23:01:03.379Z","iobWithZeroTemp":{"iob":-0.844,"basaliob":-1.078,"bolussnooze":0,"activity":-0.0052,"lastBolusTime":1703618155304,"time":"2023-12-26T23:01:03.379Z"}},{"iob":0.191,"basaliob":-0.023,"bolussnooze":0,"activity":0.0034,"lastBolusTime":1703618155304,"time":"2023-12-26T23:06:03.379Z","iobWithZeroTemp":{"iob":-0.868,"basaliob":-1.082,"bolussnooze":0,"activity":-0.0056,"lastBolusTime":1703618155304,"time":"2023-12-26T23:06:03.379Z"}},{"iob":0.175,"basaliob":-0.021,"bolussnooze":0,"activity":0.0031,"lastBolusTime":1703618155304,"time":"2023-12-26T23:11:03.379Z","iobWithZeroTemp":{"iob":-0.888,"basaliob":-1.084,"bolussnooze":0,"activity":-0.0061,"lastBolusTime":1703618155304,"time":"2023-12-26T23:11:03.379Z"}},{"iob":0.16,"basaliob":-0.019,"bolussnooze":0,"activity":0.0029,"lastBolusTime":1703618155304,"time":"2023-12-26T23:16:03.379Z","iobWithZeroTemp":{"iob":-0.907,"basaliob":-1.086,"bolussnooze":0,"activity":-0.0064,"lastBolusTime":1703618155304,"time":"2023-12-26T23:16:03.379Z"}},{"iob":0.146,"basaliob":-0.017,"bolussnooze":0,"activity":0.0027,"lastBolusTime":1703618155304,"time":"2023-12-26T23:21:03.379Z","iobWithZeroTemp":{"iob":-0.924,"basaliob":-1.087,"bolussnooze":0,"activity":-0.0068,"lastBolusTime":1703618155304,"time":"2023-12-26T23:21:03.379Z"}},{"iob":0.133,"basaliob":-0.016,"bolussnooze":0,"activity":0.0025,"lastBolusTime":1703618155304,"time":"2023-12-26T23:26:03.379Z","iobWithZeroTemp":{"iob":-0.939,"basaliob":-1.088,"bolussnooze":0,"activity":-0.0071,"lastBolusTime":1703618155304,"time":"2023-12-26T23:26:03.379Z"}},{"iob":0.121,"basaliob":-0.015,"bolussnooze":0,"activity":0.0022,"lastBolusTime":1703618155304,"time":"2023-12-26T23:31:03.379Z","iobWithZeroTemp":{"iob":-0.953,"basaliob":-1.089,"bolussnooze":0,"activity":-0.0075,"lastBolusTime":1703618155304,"time":"2023-12-26T23:31:03.379Z"}}],"profile":{"max_iob":10,"type":"current","max_daily_basal":0.7,"max_basal":1.2,"min_bg":100,"max_bg":100,"target_bg":100,"carb_ratio":5.5,"sens":60,"max_daily_safety_multiplier":3,"current_basal_safety_multiplier":4,"high_temptarget_raises_sensitivity":false,"low_temptarget_lowers_sensitivity":false,"sensitivity_raises_target":true,"resistance_lowers_target":true,"adv_target_adjustments":false,"exercise_mode":false,"half_basal_exercise_target":160,"maxCOB":120,"skip_neutral_temps":false,"remainingCarbsCap":90,"enableUAM":true,"A52_risk_enable":false,"SMBInterval":4,"enableSMB_with_COB":true,"enableSMB_with_temptarget":true,"allowSMB_with_high_temptarget":false,"enableSMB_always":true,"enableSMB_after_carbs":true,"maxSMBBasalMinutes":45,"maxUAMSMBBasalMinutes":120,"bolus_increment":0.05,"carbsReqThreshold":5,"current_basal":0.3,"temptargetSet":false,"autosens_max":1.3},"autosens_data":{"ratio":1},"meal_data":{"carbs":40,"mealCOB":27.692240196078433,"slopeFromMaxDeviation":-1.8076666666666665,"slopeFromMinDeviation":0.07790909090909093,"lastBolusTime":1703618155304,"lastCarbTime":1703615283000},"microBolusAllowed":true,"currentTime":1703619365419,"flatBGsDetected":false},"output":{"temp":"absolute","bg":102,"tick":-3,"eventualBG":147,"targetBG":100,"insulinReq":0,"deliverAt":"2023-12-26T19:36:05.419Z","sensitivityRatio":1,"predBGs":{"IOB":[102,97,92,87,81,75,68,61,54,46,39,39,39],"ZT":[102,90,78,66,55,43,39,39,39,39,39,39,39,39,39,39,39,39,39,39,39,39,39,39,39,39,39,39,39,39,39,39,39,39,39,39,39,39,39,39,39,39,39,39,39,39,39,39],"COB":[102,98,94,91,87,84,81,78,76,74,73,71,71,70,70,70,71,71,72,74,76,78,80,82,85,88,91,94,97,101,104,107,111,114,117,120,123,126,129,131,134,136,138,141,143,144,146,147],"UAM":[102,96,89,80,70,58,48,39,39,39,39,39,39]},"COB":27.692240196078433,"IOB":4.083,"reason":"COB: 27.7, Dev: 50, BGI: -12, ISF: 60, CR: 5.5, Target: 100, minPredBG 64, minGuardBG 9, IOBpredBG 39, COBpredBG 147, UAMpredBG 39; minGuardBG 9<70","duration":120,"rate":0,"timestamp":"2023-12-26T19:36:05.452Z"}}