{"algorithm":"OpenAPSSMBPlugin","input":{"glucoseStatus":{"glucose":93,"noise":0,"delta":-0.33,"short_avgdelta":-1.7,"long_avgdelta":-4.01,"date":1703634330115},"currenttemp":{"temp":"absolute","duration":75,"rate":0,"minutesrunning":15},"iob_data":[{"iob":0.445,"basaliob":-0.566,"bolussnooze":0,"activity":0.0071,"lastBolusTime":1703631361682,"time":"2023-12-26T23:46:01.792Z","iobWithZeroTemp":{"iob":0.445,"basaliob":-0.566,"bolussnooze":0,"activity":0.0071,"lastBolusTime":1703631361682,"time":"2023-12-26T23:46:01.792Z"}},{"iob":0.411,"basaliob":-0.543,"bolussnooze":0,"activity":0.0066,"lastBolusTime":1703631361682,"time":"2023-12-26T23:51:01.792Z","iobWithZeroTemp":{"iob":0.371,"basaliob":-0.583,"bolussnooze":0,"activity":0.0066,"lastBolusTime":1703631361682,"time":"2023-12-26T23:51:01.792Z"}},{"iob":0.379,"basaliob":-0.52,"bolussnooze":0,"activity":0.0061,"lastBolusTime":1703631361682,"time":"2023-12-26T23:56:01.792Z","iobWithZeroTemp":{"iob":0.289,"basaliob":-0.61,"bolussnooze":0,"activity":0.006,"lastBolusTime":1703631361682,"time":"2023-12-26T23:56:01.792Z"}},{"iob":0.35,"basaliob":-0.496,"bolussnooze":0,"activity":0.0057,"lastBolusTime":1703631361682,"time":"2023-12-27T00:01:01.792Z","iobWithZeroTemp":{"iob":0.211,"basaliob":-0.635,"bolussnooze":0,"activity":0.0054,"lastBolusTime":1703631361682,"time":"2023-12-27T00:01:01.792Z"}},{"iob":0.321,"basaliob":-0.473,"bolussnooze":0,"activity":0.0053,"lastBolusTime":1703631361682,"time":"2023-12-27T00:06:01.792Z","iobWithZeroTemp":{"iob":0.134,"basaliob":-0.66,"bolussnooze":0,"activity":0.0048,"lastBolusTime":1703631361682,"time":"2023-12-27T00:06:01.792Z"}},{"iob":0.296,"basaliob":-0.45,"bolussnooze":0,"activity":0.005,"lastBolusTime":1703631361682,"time":"2023-12-27T00:11:01.792Z","iobWithZeroTemp":{"iob":0.062,"basaliob":-0.684,"bolussnooze":0,"activity":0.0043,"lastBolusTime":1703631361682,"time":"2023-12-27T00:11:01.792Z"}},{"iob":0.272,"basaliob":-0.427,"bolussnooze":0,"activity":0.0045,"lastBolusTime":1703631361682,"time":"2023-12-27T00:16:01.792Z","iobWithZeroTemp":{"iob":-0.007,"basaliob":-0.706,"bolussnooze":0,"activity":0.0035,"lastBolusTime":1703631361682,"time":"2023-12-27T00:16:01.792Z"}},{"iob":0.25,"basaliob":-0.404,"bolussnooze":0,"activity":0.0043,"lastBolusTime":1703631361682,"time":"2023-12-27T00:21:01.792Z","iobWithZeroTemp":{"iob":-0.074,"basaliob":-0.728,"bolussnooze":0,"activity":0.003,"lastBolusTime":1703631361682,"time":"2023-12-27T00:21:01.792Z"}},{"iob":0.23,"basaliob":-0.382,"bolussnooze":0,"activity":0.0039,"lastBolusTime":1703631361682,"time":"2023-12-27T00:26:01.792Z","iobWithZeroTemp":{"iob":-0.136,"basaliob":-0.748,"bolussnooze":0,"activity":0.0023,"lastBolusTime":1703631361682,"time":"2023-12-27T00:26:01.792Z"}},{"iob":0.211,"basaliob":-0.361,"bolussnooze":0,"activity":0.0036,"lastBolusTime":1703631361682,"time":"2023-12-27T00:31:01.792Z","iobWithZeroTemp":{"iob":-0.196,"basaliob":-0.768,"bolussnooze":0,"activity":0.0016,"lastBolusTime":1703631361682,"time":"2023-12-27T00:31:01.792Z"}},{"iob":0.194,"basaliob":-0.34,"bolussnooze":0,"activity":0.0033,"lastBolusTime":1703631361682,"time":"2023-12-27T00:36:01.792Z","iobWithZeroTemp":{"iob":-0.253,"basaliob":-0.787,"bolussnooze":0,"activity":0.001,"lastBolusTime":1703631361682,"time":"2023-12-27T00:36:01.792Z"}},{"iob":0.178,"basaliob":-0.32,"bolussnooze":0,"activity":0.0031,"lastBolusTime":1703631361682,"time":"2023-12-27T00:41:01.792Z","iobWithZeroTemp":{"iob":-0.306,"basaliob":-0.804,"bolussnooze":0,"activity":5.0E-4,"lastBolusTime":1703631361682,"time":"2023-12-27T00:41:01.792Z"}},{"iob":0.163,"basaliob":-0.301,"bolussnooze":0,"activity":0.0029,"lastBolusTime":1703631361682,"time":"2023-12-27T00:46:01.792Z","iobWithZeroTemp":{"iob":-0.357,"basaliob":-0.821,"bolussnooze":0,"activity":-1.0E-4,"lastBolusTime":1703631361682,"time":"2023-12-27T00:46:01.792Z"}},{"iob":0.149,"basaliob":-0.283,"bolussnooze":0,"activity":0.0026,"lastBolusTime":1703631361682,"time":"2023-12-27T00:51:01.792Z","iobWithZeroTemp":{"iob":-0.406,"basaliob":-0.838,"bolussnooze":0,"activity":-7.0E-4,"lastBolusTime":1703631361682,"time":"2023-12-27T00:51:01.792Z"}},{"iob":0.137,"basaliob":-0.265,"bolussnooze":0,"activity":0.0025,"lastBolusTime":1703631361682,"time":"2023-12-27T00:56:01.792Z","iobWithZeroTemp":{"iob":-0.45,"basaliob":-0.852,"bolussnooze":0,"activity":-0.0012,"lastBolusTime":1703631361682,"time":"2023-12-27T00:56:01.792Z"}},{"iob":0.124,"basaliob":-0.249,"bolussnooze":0,"activity":0.0022,"lastBolusTime":1703631361682,"time":"2023-12-27T01:01:01.792Z","iobWithZeroTemp":{"iob":-0.494,"basaliob":-0.867,"bolussnooze":0,"activity":-0.0018,"lastBolusTime":1703631361682,"time":"2023-12-27T01:01:01.792Z"}},{"iob":0.114,"basaliob":-0.233,"bolussnooze":0,"activity":0.0021,"lastBolusTime":1703631361682,"time":"2023-12-27T01:06:01.792Z","iobWithZeroTemp":{"iob":-0.517,"basaliob":-0.864,"bolussnooze":0,"activity":-0.0022,"lastBolusTime":1703631361682,"time":"2023-12-27T01:06:01.792Z"}},{"iob":0.104,"basaliob":-0.218,"bolussnooze":0,"activity":0.0019,"lastBolusTime":1703631361682,"time":"2023-12-27T01:11:01.792Z","iobWithZeroTemp":{"iob":-0.538,"basaliob":-0.86,"bolussnooze":0,"activity":-0.0027,"lastBolusTime":1703631361682,"time":"2023-12-27T01:11:01.792Z"}},{"iob":0.095,"basaliob":-0.203,"bolussnooze":0,"activity":0.0017,"lastBolusTime":1703631361682,"time":"2023-12-27T01:16:01.792Z","iobWithZeroTemp":{"iob":-0.557,"basaliob":-0.855,"bolussnooze":0,"activity":-0.0031,"lastBolusTime":1703631361682,"time":"2023-12-27T01:16:01.792Z"}},{"iob":0.086,"basaliob":-0.19,"bolussnooze":0,"activity":0.0016,"lastBolusTime":1703631361682,"time":"2023-12-27T01:21:01.792Z","iobWithZeroTemp":{"iob":-0.575,"basaliob":-0.851,"bolussnooze":0,"activity":-0.0035,"lastBolusTime":1703631361682,"time":"2023-12-27T01:21:01.792Z"}},{"iob":0.079,"basaliob":-0.177,"bolussnooze":0,"activity":0.0015,"lastBolusTime":1703631361682,"time":"2023-12-27T01:26:01.792Z","iobWithZeroTemp":{"iob":-0.589,"basaliob":-0.845,"bolussnooze":0,"activity":-0.0038,"lastBolusTime":1703631361682,"time":"2023-12-27T01:26:01.792Z"}},{"iob":0.072,"basaliob":-0.165,"bolussnooze":0,"activity":0.0013,"lastBolusTime":1703631361682,"time":"2023-12-27T01:31:01.792Z","iobWithZeroTemp":{"iob":-0.603,"basaliob":-0.84,"bolussnooze":0,"activity":-0.0041,"lastBolusTime":1703631361682,"time":"2023-12-27T01:31:01.792Z"}},{"iob":0.066,"basaliob":-0.153,"bolussnooze":0,"activity":0.0013,"lastBolusTime":1703631361682,"time":"2023-12-27T01:36:01.792Z","iobWithZeroTemp":{"iob":-0.615,"basaliob":-0.834,"bolussnooze":0,"activity":-0.0043,"lastBolusTime":1703631361682,"time":"2023-12-27T01:36:01.792Z"}},{"iob":0.059,"basaliob":-0.143,"bolussnooze":0,"activity":0.0011,"lastBolusTime":1703631361682,"time":"2023-12-27T01:41:01.792Z","iobWithZeroTemp":{"iob":-0.627,"basaliob":-0.829,"bolussnooze":0,"activity":-0.0046,"lastBolusTime":1703631361682,"time":"2023-12-27T01:41:01.792Z"}},{"iob":0.055,"basaliob":-0.132,"bolussnooze":0,"activity":0.001,"lastBolusTime":1703631361682,"time":"2023-12-27T01:46:01.792Z","iobWithZeroTemp":{"iob":-0.636,"basaliob":-0.823,"bolussnooze":0,"activity":-0.0049,"lastBolusTime":1703631361682,"time":"2023-12-27T01:46:01.792Z"}},{"iob":0.049,"basaliob":-0.123,"bolussnooze":0,"activity":0.001,"lastBolusTime":1703631361682,"time":"2023-12-27T01:51:01.792Z","iobWithZeroTemp":{"iob":-0.646,"basaliob":-0.818,"bolussnooze":0,"activity":-0.005,"lastBolusTime":1703631361682,"time":"2023-12-27T01:51:01.792Z"}},{"iob":0.045,"basaliob":-0.114,"bolussnooze":0,"activity":9.0E-4,"lastBolusTime":1703631361682,"time":"2023-12-27T01:56:01.792Z","iobWithZeroTemp":{"iob":-0.653,"basaliob":-0.812,"bolussnooze":0,"activity":-0.0052,"lastBolusTime":1703631361682,"time":"2023-12-27T01:56:01.792Z"}},{"iob":0.04,"basaliob":-0.106,"bolussnooze":0,"activity":8.0E-4,"lastBolusTime":1703631361682,"time":"2023-12-27T02:01:01.792Z","iobWithZeroTemp":{"iob":-0.661,"basaliob":-0.807,"bolussnooze":0,"activity":-0.0054,"lastBolusTime":1703631361682,"time":"2023-12-27T02:01:01.792Z"}},{"iob":0.036,"basaliob":-0.098,"bolussnooze":0,"activity":7.0E-4,"lastBolusTime":1703631361682,"time":"2023-12-27T02:06:01.792Z","iobWithZeroTemp":{"iob":-0.667,"basaliob":-0.801,"bolussnooze":0,"activity":-0.0055,"lastBolusTime":1703631361682,"time":"2023-12-27T02:06:01.792Z"}},{"iob":0.033,"basaliob":-0.091,"bolussnooze":0,"activity":7.0E-4,"lastBolusTime":1703631361682,"time":"2023-12-27T02:11:01.792Z","iobWithZeroTemp":{"iob":-0.672,"basaliob":-0.796,"bolussnooze":0,"activity":-0.0056,"lastBolusTime":1703631361682,"time":"2023-12-27T02:11:01.792Z"}},{"iob":0.03,"basaliob":-0.084,"bolussnooze":0,"activity":6.0E-4,"lastBolusTime":1703631361682,"time":"2023-12-27T02:16:01.792Z","iobWithZeroTemp":{"iob":-0.677,"basaliob":-0.791,"bolussnooze":0,"activity":-0.0058,"lastBolusTime":1703631361682,"time":"2023-12-27T02:16:01.792Z"}},{"iob":0.026,"basaliob":-0.078,"bolussnooze":0,"activity":6.0E-4,"lastBolusTime":1703631361682,"time":"2023-12-27T02:21:01.792Z","iobWithZeroTemp":{"iob":-0.682,"basaliob":-0.786,"bolussnooze":0,"activity":-0.0058,"lastBolusTime":1703631361682,"time":"2023-12-27T02:21:01.792Z"}},{"iob":0.024,"basaliob":-0.072,"bolussnooze":0,"activity":5.0E-4,"lastBolusTime":1703631361682,"time":"2023-12-27T02:26:01.792Z","iobWithZeroTemp":{"iob":-0.686,"basaliob":-0.782,"bolussnooze":0,"activity":-0.006,"lastBolusTime":1703631361682,"time":"2023-12-27T02:26:01.792Z"}},{"iob":0.022,"basaliob":-0.066,"bolussnooze":0,"activity":4.0E-4,"lastBolusTime":1703631361682,"time":"2023-12-27T02:31:01.792Z","iobWithZeroTemp":{"iob":-0.689,"basaliob":-0.777,"bolussnooze":0,"activity":-0.0061,"lastBolusTime":1703631361682,"time":"2023-12-27T02:31:01.792Z"}},{"iob":0.02,"basaliob":-0.061,"bolussnooze":0,"activity":4.0E-4,"lastBolusTime":1703631361682,"time":"2023-12-27T02:36:01.792Z","iobWithZeroTemp":{"iob":-0.691,"basaliob":-0.772,"bolussnooze":0,"activity":-0.0061,"lastBolusTime":1703631361682,"time":"2023-12-27T02:36:01.792Z"}},{"iob":0.018,"basaliob":-0.056,"bolussnooze":0,"activity":4.0E-4,"lastBolusTime":1703631361682,"time":"2023-12-27T02:41:01.792Z","iobWithZeroTemp":{"iob":-0.694,"basaliob":-0.768,"bolussnooze":0,"activity":-0.0062,"lastBolusTime":1703631361682,"time":"2023-12-27T02:41:01.792Z"}},{"iob":0.016,"basaliob":-0.052,"bolussnooze":0,"activity":3.0E-4,"lastBolusTime":1703631361682,"time":"2023-12-27T02:46:01.792Z","iobWithZeroTemp":{"iob":-0.696,"basaliob":-0.764,"bolussnooze":0,"activity":-0.0063,"lastBolusTime":1703631361682,"time":"2023-12-27T02:46:01.792Z"}},{"iob":0.014,"basaliob":-0.048,"bolussnooze":0,"activity":3.0E-4,"lastBolusTime":1703631361682,"time":"2023-12-27T02:51:01.792Z","iobWithZeroTemp":{"iob":-0.699,"basaliob":-0.761,"bolussnooze":0,"activity":-0.0063,"lastBolusTime":1703631361682,"time":"2023-12-27T02:51:01.792Z"}},{"iob":0.013,"basaliob":-0.044,"bolussnooze":0,"activity":3.0E-4,"lastBolusTime":1703631361682,"time":"2023-12-27T02:56:01.792Z","iobWithZeroTemp":{"iob":-0.7,"basaliob":-0.757,"bolussnooze":0,"activity":-0.0063,"lastBolusTime":1703631361682,"time":"2023-12-27T02:56:01.792Z"}},{"iob":0.012,"basaliob":-0.04,"bolussnooze":0,"activity":2.0E-4,"lastBolusTime":1703631361682,"time":"2023-12-27T03:01:01.792Z","iobWithZeroTemp":{"iob":-0.701,"basaliob":-0.753,"bolussnooze":0,"activity":-0.0065,"lastBolusTime":1703631361682,"time":"2023-12-27T03:01:01.792Z"}},{"iob":0.01,"basaliob":-0.037,"bolussnooze":0,"activity":3.0E-4,"lastBolusTime":1703631361682,"time":"2023-12-27T03:06:01.792Z","iobWithZeroTemp":{"iob":-0.703,"basaliob":-0.75,"bolussnooze":0,"activity":-0.0064,"lastBolusTime":1703631361682,"time":"2023-12-27T03:06:01.792Z"}},{"iob":0.009,"basaliob":-0.034,"bolussnooze":0,"activity":2.0E-4,"lastBolusTime":1703631361682,"time":"2023-12-27T03:11:01.792Z","iobWithZeroTemp":{"iob":-0.704,"basaliob":-0.747,"bolussnooze":0,"activity":-0.0065,"lastBolusTime":1703631361682,"time":"2023-12-27T03:11:01.792Z"}},{"iob":0.008,"basaliob":-0.031,"bolussnooze":0,"activity":2.0E-4,"lastBolusTime":1703631361682,"time":"2023-12-27T03:16:01.792Z","iobWithZeroTemp":{"iob":-0.705,"basaliob":-0.744,"bolussnooze":0,"activity":-0.0065,"lastBolusTime":1703631361682,"time":"2023-12-27T03:16:01.792Z"}},{"iob":0.008,"basaliob":-0.028,"bolussnooze":0,"activity":2.0E-4,"lastBolusTime":1703631361682,"time":"2023-12-27T03:21:01.792Z","iobWithZeroTemp":{"iob":-0.705,"basaliob":-0.741,"bolussnooze":0,"activity":-0.0065,"lastBolusTime":1703631361682,"time":"2023-12-27T03:21:01.792Z"}},{"iob":0.007,"basaliob":-0.026,"bolussnooze":0,"activity":1.0E-4,"lastBolusTime":1703631361682,"time":"2023-12-27T03:26:01.792Z","iobWithZeroTemp":{"iob":-0.706,"basaliob":-0.739,"bolussnooze":0,"activity":-0.0066,"lastBolusTime":1703631361682,"time":"2023-12-27T03:26:01.792Z"}},{"iob":0.006,"basaliob":-0.024,"bolussnooze":0,"activity":2.0E-4,"lastBolusTime":1703631361682,"time":"2023-12-27T03:31:01.792Z","iobWithZeroTemp":{"iob":-0.707,"basaliob":-0.737,"bolussnooze":0,"activity":-0.0065,"lastBolusTime":1703631361682,"time":"2023-12-27T03:31:01.792Z"}},{"iob":0.005,"basaliob":-0.022,"bolussnooze":0,"activity":1.0E-4,"lastBolusTime":1703631361682,"time":"2023-12-27T03:36:01.792Z","iobWithZeroTemp":{"iob":-0.708,"basaliob":-0.735,"bolussnooze":0,"activity":-0.0066,"lastBolusTime":1703631361682,"time":"2023-12-27T03:36:01.792Z"}},{"iob":0.005,"basaliob":-0.02,"bolussnooze":0,"activity":1.0E-4,"lastBolusTime":1703631361682,"time":"2023-12-27T03:41:01.792Z","iobWithZeroTemp":{"iob":-0.707,"basaliob":-0.732,"bolussnooze":0,"activity":-0.0066,"lastBolusTime":1703631361682,"time":"2023-12-27T03:41:01.792Z"}}],"profile":{"max_iob":10,"type":"current","max_daily_basal":0.7,"max_basal":2.1,"min_bg":90,"max_bg":90,"target_bg":90,"carb_ratio":7.5,"sens":70,"max_daily_safety_multiplier":3,"current_basal_safety_multiplier":4,"high_temptarget_raises_sensitivity":false,"low_temptarget_lowers_sensitivity":false,"sensitivity_raises_target":true,"resistance_lowers_target":true,"adv_target_adjustments":false,"exercise_mode":false,"half_basal_exercise_target":160,"maxCOB":120,"skip_neutral_temps":false,"remainingCarbsCap":90,"enableUAM":true,"A52_risk_enable":false,"SMBInterval":4,"enableSMB_with_COB":true,"enableSMB_with_temptarget":true,"allowSMB_with_high_temptarget":false,"enableSMB_always":true,"enableSMB_after_carbs":true,"maxSMBBasalMinutes":45,"maxUAMSMBBasalMinutes":120,"bolus_increment":0.05,"carbsReqThreshold":5,"current_basal":0.6,"temptargetSet":false,"autosens_max":1.3},"autosens_data":{"ratio":1},"meal_data":{"carbs":40,"mealCOB":0,"slopeFromMaxDeviation":-0.926777777777778,"slopeFromMinDeviation":0.7140000000000001,"lastBolusTime":1703631361682,"lastCarbTime":1703615283000},"microBolusAllowed":true,"currentTime":1703634364057,"flatBGsDetected":false},"output":{"temp":"absolute","bg":93,"tick":"+0","eventualBG":67,"targetBG":90,"insulinReq":0,"deliverAt":"2023-12-26T23:46:04.057Z","sensitivityRatio":1,"predBGs":{"IOB":[93,91,90,88,87,85,84,83,81,80,79,78,77,76,75,74,73,73,72,71,71,70,70,69,69,69,68,68,68,68,67,67,67,67,67,66,66,66,66,66,66,66,66,66,66,66,65],"ZT":[93,91,88,86,84,83,81,80,79,78,77,77,77,77,77,78,78,79,80,81,82,84,85,87,88,90],"UAM":[93,91,88,86,84,82,80,79,77,76,75,74,73,72,71,70,69,68,68,67,66,66,65,65,65,64,64,64,63,63,63,63,62,62,62,62,62,62,62,62,61]},"COB":0,"IOB":0.445,"reason":"COB: 0, Dev: 5, BGI: -2, ISF: 70, CR: 7.5, Target: 90, minPredBG 65, minGuardBG 61, IOBpredBG 65, UAMpredBG 61; minGuardBG 61<65 75m left and 0 ~ req 0U\/hr: no temp required","timestamp":"2023-12-26T23:46:04.084Z"}}