{"algorithm":"OpenAPSSMBPlugin","input":{"glucoseStatus":{"glucose":114,"noise":0,"delta":0.33,"short_avgdelta":-0.41,"long_avgdelta":-1.44,"date":1703630745880},"currenttemp":{"temp":"absolute","duration":15,"rate":0,"minutesrunning":15},"iob_data":[{"iob":0.331,"basaliob":-0.561,"bolussnooze":3.0E-4,"activity":0.0069,"lastBolusTime":1703628069547,"time":"2023-12-26T22:46:03.310Z","iobWithZeroTemp":{"iob":0.331,"basaliob":-0.561,"bolussnooze":3.0E-4,"activity":0.0069,"lastBolusTime":1703628069547,"time":"2023-12-26T22:46:03.310Z"}},{"iob":0.298,"basaliob":-0.537,"bolussnooze":1.0E-4,"activity":0.0063,"lastBolusTime":1703628069547,"time":"2023-12-26T22:51:03.310Z","iobWithZeroTemp":{"iob":0.251,"basaliob":-0.584,"bolussnooze":1.0E-4,"activity":0.0063,"lastBolusTime":1703628069547,"time":"2023-12-26T22:51:03.310Z"}},{"iob":0.268,"basaliob":-0.512,"bolussnooze":0,"activity":0.0057,"lastBolusTime":1703628069547,"time":"2023-12-26T22:56:03.310Z","iobWithZeroTemp":{"iob":0.163,"basaliob":-0.617,"bolussnooze":0,"activity":0.0056,"lastBolusTime":1703628069547,"time":"2023-12-26T22:56:03.310Z"}},{"iob":0.242,"basaliob":-0.487,"bolussnooze":0,"activity":0.0052,"lastBolusTime":1703628069547,"time":"2023-12-26T23:01:03.310Z","iobWithZeroTemp":{"iob":0.08,"basaliob":-0.649,"bolussnooze":0,"activity":0.0049,"lastBolusTime":1703628069547,"time":"2023-12-26T23:01:03.310Z"}},{"iob":0.217,"basaliob":-0.463,"bolussnooze":0,"activity":0.0047,"lastBolusTime":1703628069547,"time":"2023-12-26T23:06:03.310Z","iobWithZeroTemp":{"iob":0.007,"basaliob":-0.673,"bolussnooze":0,"activity":0.0041,"lastBolusTime":1703628069547,"time":"2023-12-26T23:06:03.310Z"}},{"iob":0.194,"basaliob":-0.439,"bolussnooze":0,"activity":0.0043,"lastBolusTime":1703628069547,"time":"2023-12-26T23:11:03.310Z","iobWithZeroTemp":{"iob":-0.063,"basaliob":-0.696,"bolussnooze":0,"activity":0.0035,"lastBolusTime":1703628069547,"time":"2023-12-26T23:11:03.310Z"}},{"iob":0.175,"basaliob":-0.415,"bolussnooze":0,"activity":0.0039,"lastBolusTime":1703628069547,"time":"2023-12-26T23:16:03.310Z","iobWithZeroTemp":{"iob":-0.127,"basaliob":-0.717,"bolussnooze":0,"activity":0.0028,"lastBolusTime":1703628069547,"time":"2023-12-26T23:16:03.310Z"}},{"iob":0.157,"basaliob":-0.392,"bolussnooze":0,"activity":0.0035,"lastBolusTime":1703628069547,"time":"2023-12-26T23:21:03.310Z","iobWithZeroTemp":{"iob":-0.189,"basaliob":-0.738,"bolussnooze":0,"activity":0.0021,"lastBolusTime":1703628069547,"time":"2023-12-26T23:21:03.310Z"}},{"iob":0.14,"basaliob":-0.37,"bolussnooze":0,"activity":0.0031,"lastBolusTime":1703628069547,"time":"2023-12-26T23:26:03.310Z","iobWithZeroTemp":{"iob":-0.248,"basaliob":-0.758,"bolussnooze":0,"activity":0.0013,"lastBolusTime":1703628069547,"time":"2023-12-26T23:26:03.310Z"}},{"iob":0.125,"basaliob":-0.349,"bolussnooze":0,"activity":0.0028,"lastBolusTime":1703628069547,"time":"2023-12-26T23:31:03.310Z","iobWithZeroTemp":{"iob":-0.303,"basaliob":-0.777,"bolussnooze":0,"activity":7.0E-4,"lastBolusTime":1703628069547,"time":"2023-12-26T23:31:03.310Z"}},{"iob":0.111,"basaliob":-0.328,"bolussnooze":0,"activity":0.0026,"lastBolusTime":1703628069547,"time":"2023-12-26T23:36:03.310Z","iobWithZeroTemp":{"iob":-0.356,"basaliob":-0.795,"bolussnooze":0,"activity":1.0E-4,"lastBolusTime":1703628069547,"time":"2023-12-26T23:36:03.310Z"}},{"iob":0.098,"basaliob":-0.309,"bolussnooze":0,"activity":0.0023,"lastBolusTime":1703628069547,"time":"2023-12-26T23:41:03.310Z","iobWithZeroTemp":{"iob":-0.406,"basaliob":-0.813,"bolussnooze":0,"activity":-5.0E-4,"lastBolusTime":1703628069547,"time":"2023-12-26T23:41:03.310Z"}},{"iob":0.087,"basaliob":-0.29,"bolussnooze":0,"activity":0.0021,"lastBolusTime":1703628069547,"time":"2023-12-26T23:46:03.310Z","iobWithZeroTemp":{"iob":-0.452,"basaliob":-0.829,"bolussnooze":0,"activity":-0.0011,"lastBolusTime":1703628069547,"time":"2023-12-26T23:46:03.310Z"}},{"iob":0.077,"basaliob":-0.272,"bolussnooze":0,"activity":0.0019,"lastBolusTime":1703628069547,"time":"2023-12-26T23:51:03.310Z","iobWithZeroTemp":{"iob":-0.495,"basaliob":-0.844,"bolussnooze":0,"activity":-0.0016,"lastBolusTime":1703628069547,"time":"2023-12-26T23:51:03.310Z"}},{"iob":0.069,"basaliob":-0.254,"bolussnooze":0,"activity":0.0017,"lastBolusTime":1703628069547,"time":"2023-12-26T23:56:03.310Z","iobWithZeroTemp":{"iob":-0.535,"basaliob":-0.858,"bolussnooze":0,"activity":-0.0021,"lastBolusTime":1703628069547,"time":"2023-12-26T23:56:03.310Z"}},{"iob":0.061,"basaliob":-0.238,"bolussnooze":0,"activity":0.0015,"lastBolusTime":1703628069547,"time":"2023-12-27T00:01:03.310Z","iobWithZeroTemp":{"iob":-0.573,"basaliob":-0.872,"bolussnooze":0,"activity":-0.0027,"lastBolusTime":1703628069547,"time":"2023-12-27T00:01:03.310Z"}},{"iob":0.054,"basaliob":-0.222,"bolussnooze":0,"activity":0.0014,"lastBolusTime":1703628069547,"time":"2023-12-27T00:06:03.310Z","iobWithZeroTemp":{"iob":-0.608,"basaliob":-0.884,"bolussnooze":0,"activity":-0.0031,"lastBolusTime":1703628069547,"time":"2023-12-27T00:06:03.310Z"}},{"iob":0.047,"basaliob":-0.208,"bolussnooze":0,"activity":0.0012,"lastBolusTime":1703628069547,"time":"2023-12-27T00:11:03.310Z","iobWithZeroTemp":{"iob":-0.642,"basaliob":-0.897,"bolussnooze":0,"activity":-0.0036,"lastBolusTime":1703628069547,"time":"2023-12-27T00:11:03.310Z"}},{"iob":0.041,"basaliob":-0.194,"bolussnooze":0,"activity":0.0011,"lastBolusTime":1703628069547,"time":"2023-12-27T00:16:03.310Z","iobWithZeroTemp":{"iob":-0.674,"basaliob":-0.909,"bolussnooze":0,"activity":-0.004,"lastBolusTime":1703628069547,"time":"2023-12-27T00:16:03.310Z"}},{"iob":0.035,"basaliob":-0.181,"bolussnooze":0,"activity":0.001,"lastBolusTime":1703628069547,"time":"2023-12-27T00:21:03.310Z","iobWithZeroTemp":{"iob":-0.703,"basaliob":-0.919,"bolussnooze":0,"activity":-0.0044,"lastBolusTime":1703628069547,"time":"2023-12-27T00:21:03.310Z"}},{"iob":0.031,"basaliob":-0.168,"bolussnooze":0,"activity":9.0E-4,"lastBolusTime":1703628069547,"time":"2023-12-27T00:26:03.310Z","iobWithZeroTemp":{"iob":-0.73,"basaliob":-0.929,"bolussnooze":0,"activity":-0.0048,"lastBolusTime":1703628069547,"time":"2023-12-27T00:26:03.310Z"}},{"iob":0.027,"basaliob":-0.156,"bolussnooze":0,"activity":8.0E-4,"lastBolusTime":1703628069547,"time":"2023-12-27T00:31:03.310Z","iobWithZeroTemp":{"iob":-0.755,"basaliob":-0.938,"bolussnooze":0,"activity":-0.0051,"lastBolusTime":1703628069547,"time":"2023-12-27T00:31:03.310Z"}},{"iob":0.024,"basaliob":-0.145,"bolussnooze":0,"activity":7.0E-4,"lastBolusTime":1703628069547,"time":"2023-12-27T00:36:03.310Z","iobWithZeroTemp":{"iob":-0.778,"basaliob":-0.947,"bolussnooze":0,"activity":-0.0055,"lastBolusTime":1703628069547,"time":"2023-12-27T00:36:03.310Z"}},{"iob":0.02,"basaliob":-0.135,"bolussnooze":0,"activity":6.0E-4,"lastBolusTime":1703628069547,"time":"2023-12-27T00:41:03.310Z","iobWithZeroTemp":{"iob":-0.8,"basaliob":-0.955,"bolussnooze":0,"activity":-0.0058,"lastBolusTime":1703628069547,"time":"2023-12-27T00:41:03.310Z"}},{"iob":0.017,"basaliob":-0.125,"bolussnooze":0,"activity":5.0E-4,"lastBolusTime":1703628069547,"time":"2023-12-27T00:46:03.310Z","iobWithZeroTemp":{"iob":-0.821,"basaliob":-0.963,"bolussnooze":0,"activity":-0.0061,"lastBolusTime":1703628069547,"time":"2023-12-27T00:46:03.310Z"}},{"iob":0.014,"basaliob":-0.116,"bolussnooze":0,"activity":5.0E-4,"lastBolusTime":1703628069547,"time":"2023-12-27T00:51:03.310Z","iobWithZeroTemp":{"iob":-0.84,"basaliob":-0.97,"bolussnooze":0,"activity":-0.0064,"lastBolusTime":1703628069547,"time":"2023-12-27T00:51:03.310Z"}},{"iob":0.012,"basaliob":-0.108,"bolussnooze":0,"activity":5.0E-4,"lastBolusTime":1703628069547,"time":"2023-12-27T00:56:03.310Z","iobWithZeroTemp":{"iob":-0.857,"basaliob":-0.977,"bolussnooze":0,"activity":-0.0066,"lastBolusTime":1703628069547,"time":"2023-12-27T00:56:03.310Z"}},{"iob":0.01,"basaliob":-0.1,"bolussnooze":0,"activity":4.0E-4,"lastBolusTime":1703628069547,"time":"2023-12-27T01:01:03.310Z","iobWithZeroTemp":{"iob":-0.873,"basaliob":-0.983,"bolussnooze":0,"activity":-0.0069,"lastBolusTime":1703628069547,"time":"2023-12-27T01:01:03.310Z"}},{"iob":0.008,"basaliob":-0.092,"bolussnooze":0,"activity":4.0E-4,"lastBolusTime":1703628069547,"time":"2023-12-27T01:06:03.310Z","iobWithZeroTemp":{"iob":-0.872,"basaliob":-0.972,"bolussnooze":0,"activity":-0.007,"lastBolusTime":1703628069547,"time":"2023-12-27T01:06:03.310Z"}},{"iob":0.007,"basaliob":-0.085,"bolussnooze":0,"activity":3.0E-4,"lastBolusTime":1703628069547,"time":"2023-12-27T01:11:03.310Z","iobWithZeroTemp":{"iob":-0.869,"basaliob":-0.961,"bolussnooze":0,"activity":-0.0073,"lastBolusTime":1703628069547,"time":"2023-12-27T01:11:03.310Z"}},{"iob":0.005,"basaliob":-0.079,"bolussnooze":0,"activity":2.0E-4,"lastBolusTime":1703628069547,"time":"2023-12-27T01:16:03.310Z","iobWithZeroTemp":{"iob":-0.866,"basaliob":-0.95,"bolussnooze":0,"activity":-0.0075,"lastBolusTime":1703628069547,"time":"2023-12-27T01:16:03.310Z"}},{"iob":0.004,"basaliob":-0.073,"bolussnooze":0,"activity":2.0E-4,"lastBolusTime":1703628069547,"time":"2023-12-27T01:21:03.310Z","iobWithZeroTemp":{"iob":-0.862,"basaliob":-0.939,"bolussnooze":0,"activity":-0.0076,"lastBolusTime":1703628069547,"time":"2023-12-27T01:21:03.310Z"}},{"iob":0.003,"basaliob":-0.067,"bolussnooze":0,"activity":2.0E-4,"lastBolusTime":1703628069547,"time":"2023-12-27T01:26:03.310Z","iobWithZeroTemp":{"iob":-0.857,"basaliob":-0.927,"bolussnooze":0,"activity":-0.0076,"lastBolusTime":1703628069547,"time":"2023-12-27T01:26:03.310Z"}},{"iob":0.002,"basaliob":-0.062,"bolussnooze":0,"activity":2.0E-4,"lastBolusTime":1703628069547,"time":"2023-12-27T01:31:03.310Z","iobWithZeroTemp":{"iob":-0.853,"basaliob":-0.917,"bolussnooze":0,"activity":-0.0077,"lastBolusTime":1703628069547,"time":"2023-12-27T01:31:03.310Z"}},{"iob":0.001,"basaliob":-0.057,"bolussnooze":0,"activity":2.0E-4,"lastBolusTime":1703628069547,"time":"2023-12-27T01:36:03.310Z","iobWithZeroTemp":{"iob":-0.848,"basaliob":-0.906,"bolussnooze":0,"activity":-0.0077,"lastBolusTime":1703628069547,"time":"2023-12-27T01:36:03.310Z"}},{"iob":0.001,"basaliob":-0.052,"bolussnooze":0,"activity":1.0E-4,"lastBolusTime":1703628069547,"time":"2023-12-27T01:41:03.310Z","iobWithZeroTemp":{"iob":-0.841,"basaliob":-0.894,"bolussnooze":0,"activity":-0.0078,"lastBolusTime":1703628069547,"time":"2023-12-27T01:41:03.310Z"}},{"iob":0,"basaliob":-0.048,"bolussnooze":0,"activity":1.0E-4,"lastBolusTime":1703628069547,"time":"2023-12-27T01:46:03.310Z","iobWithZeroTemp":{"iob":-0.836,"basaliob":-0.884,"bolussnooze":0,"activity":-0.0078,"lastBolusTime":1703628069547,"time":"2023-12-27T01:46:03.310Z"}},{"iob":0,"basaliob":-0.044,"bolussnooze":0,"activity":0,"lastBolusTime":1703628069547,"time":"2023-12-27T01:51:03.310Z","iobWithZeroTemp":{"iob":-0.83,"basaliob":-0.874,"bolussnooze":0,"activity":-0.0079,"lastBolusTime":1703628069547,"time":"2023-12-27T01:51:03.310Z"}},{"iob":-0.001,"basaliob":-0.041,"bolussnooze":0,"activity":1.0E-4,"lastBolusTime":1703628069547,"time":"2023-12-27T01:56:03.310Z","iobWithZeroTemp":{"iob":-0.825,"basaliob":-0.865,"bolussnooze":0,"activity":-0.0078,"lastBolusTime":1703628069547,"time":"2023-12-27T01:56:03.310Z"}},{"iob":-0.001,"basaliob":-0.037,"bolussnooze":0,"activity":1.0E-4,"lastBolusTime":1703628069547,"time":"2023-12-27T02:01:03.310Z","iobWithZeroTemp":{"iob":-0.819,"basaliob":-0.855,"bolussnooze":0,"activity":-0.0078,"lastBolusTime":1703628069547,"time":"2023-12-27T02:01:03.310Z"}},{"iob":-0.001,"basaliob":-0.034,"bolussnooze":0,"activity":0,"lastBolusTime":1703628069547,"time":"2023-12-27T02:06:03.310Z","iobWithZeroTemp":{"iob":-0.813,"basaliob":-0.846,"bolussnooze":0,"activity":-0.0078,"lastBolusTime":1703628069547,"time":"2023-12-27T02:06:03.310Z"}},{"iob":-0.001,"basaliob":-0.031,"bolussnooze":0,"activity":0,"lastBolusTime":1703628069547,"time":"2023-12-27T02:11:03.310Z","iobWithZeroTemp":{"iob":-0.807,"basaliob":-0.837,"bolussnooze":0,"activity":-0.0078,"lastBolusTime":1703628069547,"time":"2023-12-27T02:11:03.310Z"}},{"iob":-0.002,"basaliob":-0.029,"bolussnooze":0,"activity":0,"lastBolusTime":1703628069547,"time":"2023-12-27T02:16:03.310Z","iobWithZeroTemp":{"iob":-0.803,"basaliob":-0.83,"bolussnooze":0,"activity":-0.0078,"lastBolusTime":1703628069547,"time":"2023-12-27T02:16:03.310Z"}},{"iob":-0.002,"basaliob":-0.026,"bolussnooze":0,"activity":0,"lastBolusTime":1703628069547,"time":"2023-12-27T02:21:03.310Z","iobWithZeroTemp":{"iob":-0.797,"basaliob":-0.821,"bolussnooze":0,"activity":-0.0077,"lastBolusTime":1703628069547,"time":"2023-12-27T02:21:03.310Z"}},{"iob":-0.002,"basaliob":-0.024,"bolussnooze":0,"activity":0,"lastBolusTime":1703628069547,"time":"2023-12-27T02:26:03.310Z","iobWithZeroTemp":{"iob":-0.792,"basaliob":-0.814,"bolussnooze":0,"activity":-0.0077,"lastBolusTime":1703628069547,"time":"2023-12-27T02:26:03.310Z"}},{"iob":-0.002,"basaliob":-0.022,"bolussnooze":0,"activity":0,"lastBolusTime":1703628069547,"time":"2023-12-27T02:31:03.310Z","iobWithZeroTemp":{"iob":-0.787,"basaliob":-0.807,"bolussnooze":0,"activity":-0.0077,"lastBolusTime":1703628069547,"time":"2023-12-27T02:31:03.310Z"}},{"iob":-0.002,"basaliob":-0.02,"bolussnooze":0,"activity":0,"lastBolusTime":1703628069547,"time":"2023-12-27T02:36:03.310Z","iobWithZeroTemp":{"iob":-0.782,"basaliob":-0.8,"bolussnooze":0,"activity":-0.0076,"lastBolusTime":1703628069547,"time":"2023-12-27T02:36:03.310Z"}},{"iob":-0.002,"basaliob":-0.018,"bolussnooze":0,"activity":0,"lastBolusTime":1703628069547,"time":"2023-12-27T02:41:03.310Z","iobWithZeroTemp":{"iob":-0.778,"basaliob":-0.794,"bolussnooze":0,"activity":-0.0076,"lastBolusTime":1703628069547,"time":"2023-12-27T02:41:03.310Z"}}],"profile":{"max_iob":10,"type":"current","max_daily_basal":0.7,"max_basal":2.1,"min_bg":100,"max_bg":100,"target_bg":100,"carb_ratio":5.5,"sens":60,"max_daily_safety_multiplier":3,"current_basal_safety_multiplier":4,"high_temptarget_raises_sensitivity":false,"low_temptarget_lowers_sensitivity":false,"sensitivity_raises_target":true,"resistance_lowers_target":true,"adv_target_adjustments":false,"exercise_mode":false,"half_basal_exercise_target":160,"maxCOB":120,"skip_neutral_temps":false,"remainingCarbsCap":90,"enableUAM":true,"A52_risk_enable":false,"SMBInterval":4,"enableSMB_with_COB":true,"enableSMB_with_temptarget":true,"allowSMB_with_high_temptarget":false,"enableSMB_always":true,"enableSMB_after_carbs":true,"maxSMBBasalMinutes":45,"maxUAMSMBBasalMinutes":120,"bolus_increment":0.05,"carbsReqThreshold":5,"current_basal":0.7,"temptargetSet":false,"autosens_max":1.3},"autosens_data":{"ratio":1},"meal_data":{"carbs":40,"mealCOB":0,"slopeFromMaxDeviation":-0.39822222222222226,"slopeFromMinDeviation":0.40066666666666667,"lastBolusTime":1703628069547,"lastCarbTime":1703615283000},"microBolusAllowed":true,"currentTime":1703630765646,"flatBGsDetected":false},"output":{"temp":"absolute","bg":114,"tick":"+0","eventualBG":104,"targetBG":100,"insulinReq":0,"deliverAt":"2023-12-26T22:46:05.646Z","sensitivityRatio":1,"predBGs":{"IOB":[114,113,113,113,112,112,111,111,110,110,109,109,108,107,107,106,106,105,105,105,104,104,104,104,103,103,103,103,103,103,103,103,103,103,102],"ZT":[114,112,110,108,107,106,105,104,103,103,103,103,103,103,103],"UAM":[114,113,112,111,110,108,107,106,105,104,103,102,101,101,100,100,99,99,98,98,98,98,97,97,97,97,97,96]},"COB":0,"IOB":0.331,"reason":"COB: 0, Dev: 10, BGI: -2, ISF: 60, CR: 5.5, Target: 100, minPredBG 100, minGuardBG 96, IOBpredBG 102, UAMpredBG 96; Eventual BG 104 >= 100,  insulinReq 0; setting 30m low temp of 0.07U\/h. ","rate":0.07,"duration":30,"timestamp":"2023-12-26T22:46:05.679Z"}}