{"algorithm":"OpenAPSSMBPlugin","input":{"glucoseStatus":{"glucose":115,"noise":0,"delta":-4.67,"short_avgdelta":-4.13,"long_avgdelta":-0.97,"date":1703591128687},"currenttemp":{"temp":"absolute","duration":90,"rate":0,"minutesrunning":30},"iob_data":[{"iob":3.987,"basaliob":-0.342,"bolussnooze":2.8877,"activity":0.0159,"lastBolusTime":1703590781389,"time":"2023-12-26T11:45:42.866Z","iobWithZeroTemp":{"iob":3.987,"basaliob":-0.342,"bolussnooze":2.8877,"activity":0.0159,"lastBolusTime":1703590781389,"time":"2023-12-26T11:45:42.866Z"}},{"iob":3.899,"basaliob":-0.323,"bolussnooze":2.7637,"activity":0.0194,"lastBolusTime":1703590781389,"time":"2023-12-26T11:50:42.866Z","iobWithZeroTemp":{"iob":3.873,"basaliob":-0.349,"bolussnooze":2.7637,"activity":0.0194,"lastBolusTime":1703590781389,"time":"2023-12-26T11:50:42.866Z"}},{"iob":3.794,"basaliob":-0.306,"bolussnooze":2.599,"activity":0.0222,"lastBolusTime":1703590781389,"time":"2023-12-26T11:55:42.866Z","iobWithZeroTemp":{"iob":3.737,"basaliob":-0.363,"bolussnooze":2.599,"activity":0.0221,"lastBolusTime":1703590781389,"time":"2023-12-26T11:55:42.866Z"}},{"iob":3.678,"basaliob":-0.288,"bolussnooze":2.4105,"activity":0.0243,"lastBolusTime":1703590781389,"time":"2023-12-26T12:00:42.866Z","iobWithZeroTemp":{"iob":3.589,"basaliob":-0.377,"bolussnooze":2.4105,"activity":0.0241,"lastBolusTime":1703590781389,"time":"2023-12-26T12:00:42.866Z"}},{"iob":3.552,"basaliob":-0.272,"bolussnooze":2.2107,"activity":0.0259,"lastBolusTime":1703590781389,"time":"2023-12-26T12:05:42.866Z","iobWithZeroTemp":{"iob":3.417,"basaliob":-0.407,"bolussnooze":2.2107,"activity":0.0256,"lastBolusTime":1703590781389,"time":"2023-12-26T12:05:42.866Z"}},{"iob":3.42,"basaliob":-0.255,"bolussnooze":2.0086,"activity":0.027,"lastBolusTime":1703590781389,"time":"2023-12-26T12:10:42.866Z","iobWithZeroTemp":{"iob":3.24,"basaliob":-0.435,"bolussnooze":2.0086,"activity":0.0265,"lastBolusTime":1703590781389,"time":"2023-12-26T12:10:42.866Z"}},{"iob":3.283,"basaliob":-0.24,"bolussnooze":1.8105,"activity":0.0278,"lastBolusTime":1703590781389,"time":"2023-12-26T12:15:42.866Z","iobWithZeroTemp":{"iob":3.058,"basaliob":-0.465,"bolussnooze":1.8105,"activity":0.0271,"lastBolusTime":1703590781389,"time":"2023-12-26T12:15:42.866Z"}},{"iob":3.143,"basaliob":-0.225,"bolussnooze":1.6208,"activity":0.0282,"lastBolusTime":1703590781389,"time":"2023-12-26T12:20:42.866Z","iobWithZeroTemp":{"iob":2.875,"basaliob":-0.493,"bolussnooze":1.6208,"activity":0.0272,"lastBolusTime":1703590781389,"time":"2023-12-26T12:20:42.866Z"}},{"iob":3.002,"basaliob":-0.211,"bolussnooze":1.4423,"activity":0.0283,"lastBolusTime":1703590781389,"time":"2023-12-26T12:25:42.866Z","iobWithZeroTemp":{"iob":2.692,"basaliob":-0.521,"bolussnooze":1.4423,"activity":0.027,"lastBolusTime":1703590781389,"time":"2023-12-26T12:25:42.866Z"}},{"iob":2.86,"basaliob":-0.198,"bolussnooze":1.2766,"activity":0.0282,"lastBolusTime":1703590781389,"time":"2023-12-26T12:30:42.866Z","iobWithZeroTemp":{"iob":2.509,"basaliob":-0.549,"bolussnooze":1.2766,"activity":0.0266,"lastBolusTime":1703590781389,"time":"2023-12-26T12:30:42.866Z"}},{"iob":2.72,"basaliob":-0.185,"bolussnooze":1.1246,"activity":0.0279,"lastBolusTime":1703590781389,"time":"2023-12-26T12:35:42.866Z","iobWithZeroTemp":{"iob":2.33,"basaliob":-0.575,"bolussnooze":1.1246,"activity":0.026,"lastBolusTime":1703590781389,"time":"2023-12-26T12:35:42.866Z"}},{"iob":2.581,"basaliob":-0.173,"bolussnooze":0.9863,"activity":0.0274,"lastBolusTime":1703590781389,"time":"2023-12-26T12:40:42.866Z","iobWithZeroTemp":{"iob":2.153,"basaliob":-0.601,"bolussnooze":0.9863,"activity":0.0252,"lastBolusTime":1703590781389,"time":"2023-12-26T12:40:42.866Z"}},{"iob":2.446,"basaliob":-0.161,"bolussnooze":0.8616,"activity":0.0268,"lastBolusTime":1703590781389,"time":"2023-12-26T12:45:42.866Z","iobWithZeroTemp":{"iob":1.982,"basaliob":-0.625,"bolussnooze":0.8616,"activity":0.0243,"lastBolusTime":1703590781389,"time":"2023-12-26T12:45:42.866Z"}},{"iob":2.314,"basaliob":-0.15,"bolussnooze":0.7499,"activity":0.0261,"lastBolusTime":1703590781389,"time":"2023-12-26T12:50:42.866Z","iobWithZeroTemp":{"iob":1.816,"basaliob":-0.648,"bolussnooze":0.7499,"activity":0.0232,"lastBolusTime":1703590781389,"time":"2023-12-26T12:50:42.866Z"}},{"iob":2.185,"basaliob":-0.14,"bolussnooze":0.6504,"activity":0.0253,"lastBolusTime":1703590781389,"time":"2023-12-26T12:55:42.866Z","iobWithZeroTemp":{"iob":1.654,"basaliob":-0.671,"bolussnooze":0.6504,"activity":0.0221,"lastBolusTime":1703590781389,"time":"2023-12-26T12:55:42.866Z"}},{"iob":2.061,"basaliob":-0.13,"bolussnooze":0.5622,"activity":0.0244,"lastBolusTime":1703590781389,"time":"2023-12-26T13:00:42.866Z","iobWithZeroTemp":{"iob":1.499,"basaliob":-0.692,"bolussnooze":0.5622,"activity":0.0209,"lastBolusTime":1703590781389,"time":"2023-12-26T13:00:42.866Z"}},{"iob":1.941,"basaliob":-0.121,"bolussnooze":0.4845,"activity":0.0235,"lastBolusTime":1703590781389,"time":"2023-12-26T13:05:42.866Z","iobWithZeroTemp":{"iob":1.349,"basaliob":-0.713,"bolussnooze":0.4845,"activity":0.0197,"lastBolusTime":1703590781389,"time":"2023-12-26T13:05:42.866Z"}},{"iob":1.825,"basaliob":-0.113,"bolussnooze":0.4162,"activity":0.0226,"lastBolusTime":1703590781389,"time":"2023-12-26T13:10:42.866Z","iobWithZeroTemp":{"iob":1.205,"basaliob":-0.733,"bolussnooze":0.4162,"activity":0.0185,"lastBolusTime":1703590781389,"time":"2023-12-26T13:10:42.866Z"}},{"iob":1.714,"basaliob":-0.105,"bolussnooze":0.3565,"activity":0.0216,"lastBolusTime":1703590781389,"time":"2023-12-26T13:15:42.866Z","iobWithZeroTemp":{"iob":1.067,"basaliob":-0.752,"bolussnooze":0.3565,"activity":0.0172,"lastBolusTime":1703590781389,"time":"2023-12-26T13:15:42.866Z"}},{"iob":1.609,"basaliob":-0.097,"bolussnooze":0.3045,"activity":0.0206,"lastBolusTime":1703590781389,"time":"2023-12-26T13:20:42.866Z","iobWithZeroTemp":{"iob":0.937,"basaliob":-0.769,"bolussnooze":0.3045,"activity":0.0159,"lastBolusTime":1703590781389,"time":"2023-12-26T13:20:42.866Z"}},{"iob":1.508,"basaliob":-0.09,"bolussnooze":0.2594,"activity":0.0197,"lastBolusTime":1703590781389,"time":"2023-12-26T13:25:42.866Z","iobWithZeroTemp":{"iob":0.813,"basaliob":-0.785,"bolussnooze":0.2594,"activity":0.0147,"lastBolusTime":1703590781389,"time":"2023-12-26T13:25:42.866Z"}},{"iob":1.412,"basaliob":-0.083,"bolussnooze":0.2203,"activity":0.0187,"lastBolusTime":1703590781389,"time":"2023-12-26T13:30:42.866Z","iobWithZeroTemp":{"iob":0.694,"basaliob":-0.801,"bolussnooze":0.2203,"activity":0.0134,"lastBolusTime":1703590781389,"time":"2023-12-26T13:30:42.866Z"}},{"iob":1.321,"basaliob":-0.077,"bolussnooze":0.1866,"activity":0.0178,"lastBolusTime":1703590781389,"time":"2023-12-26T13:35:42.866Z","iobWithZeroTemp":{"iob":0.582,"basaliob":-0.816,"bolussnooze":0.1866,"activity":0.0123,"lastBolusTime":1703590781389,"time":"2023-12-26T13:35:42.866Z"}},{"iob":1.234,"basaliob":-0.071,"bolussnooze":0.1576,"activity":0.0169,"lastBolusTime":1703590781389,"time":"2023-12-26T13:40:42.866Z","iobWithZeroTemp":{"iob":0.476,"basaliob":-0.829,"bolussnooze":0.1576,"activity":0.0111,"lastBolusTime":1703590781389,"time":"2023-12-26T13:40:42.866Z"}},{"iob":1.152,"basaliob":-0.066,"bolussnooze":0.1327,"activity":0.016,"lastBolusTime":1703590781389,"time":"2023-12-26T13:45:42.866Z","iobWithZeroTemp":{"iob":0.375,"basaliob":-0.843,"bolussnooze":0.1327,"activity":0.01,"lastBolusTime":1703590781389,"time":"2023-12-26T13:45:42.866Z"}},{"iob":1.074,"basaliob":-0.061,"bolussnooze":0.1114,"activity":0.015,"lastBolusTime":1703590781389,"time":"2023-12-26T13:50:42.866Z","iobWithZeroTemp":{"iob":0.28,"basaliob":-0.855,"bolussnooze":0.1114,"activity":0.0087,"lastBolusTime":1703590781389,"time":"2023-12-26T13:50:42.866Z"}},{"iob":1.002,"basaliob":-0.056,"bolussnooze":0.0933,"activity":0.0142,"lastBolusTime":1703590781389,"time":"2023-12-26T13:55:42.866Z","iobWithZeroTemp":{"iob":0.192,"basaliob":-0.866,"bolussnooze":0.0933,"activity":0.0077,"lastBolusTime":1703590781389,"time":"2023-12-26T13:55:42.866Z"}},{"iob":0.932,"basaliob":-0.052,"bolussnooze":0.0778,"activity":0.0134,"lastBolusTime":1703590781389,"time":"2023-12-26T14:00:42.866Z","iobWithZeroTemp":{"iob":0.107,"basaliob":-0.877,"bolussnooze":0.0778,"activity":0.0067,"lastBolusTime":1703590781389,"time":"2023-12-26T14:00:42.866Z"}},{"iob":0.867,"basaliob":-0.048,"bolussnooze":0.0647,"activity":0.0126,"lastBolusTime":1703590781389,"time":"2023-12-26T14:05:42.866Z","iobWithZeroTemp":{"iob":0.027,"basaliob":-0.888,"bolussnooze":0.0647,"activity":0.0057,"lastBolusTime":1703590781389,"time":"2023-12-26T14:05:42.866Z"}},{"iob":0.806,"basaliob":-0.044,"bolussnooze":0.0536,"activity":0.0119,"lastBolusTime":1703590781389,"time":"2023-12-26T14:10:42.866Z","iobWithZeroTemp":{"iob":-0.047,"basaliob":-0.897,"bolussnooze":0.0536,"activity":0.0049,"lastBolusTime":1703590781389,"time":"2023-12-26T14:10:42.866Z"}},{"iob":0.749,"basaliob":-0.04,"bolussnooze":0.0443,"activity":0.0111,"lastBolusTime":1703590781389,"time":"2023-12-26T14:15:42.866Z","iobWithZeroTemp":{"iob":-0.116,"basaliob":-0.905,"bolussnooze":0.0443,"activity":0.0039,"lastBolusTime":1703590781389,"time":"2023-12-26T14:15:42.866Z"}},{"iob":0.695,"basaliob":-0.037,"bolussnooze":0.0364,"activity":0.0105,"lastBolusTime":1703590781389,"time":"2023-12-26T14:20:42.866Z","iobWithZeroTemp":{"iob":-0.182,"basaliob":-0.914,"bolussnooze":0.0364,"activity":0.0031,"lastBolusTime":1703590781389,"time":"2023-12-26T14:20:42.866Z"}},{"iob":0.645,"basaliob":-0.034,"bolussnooze":0.0298,"activity":0.0097,"lastBolusTime":1703590781389,"time":"2023-12-26T14:25:42.866Z","iobWithZeroTemp":{"iob":-0.242,"basaliob":-0.921,"bolussnooze":0.0298,"activity":0.0022,"lastBolusTime":1703590781389,"time":"2023-12-26T14:25:42.866Z"}},{"iob":0.598,"basaliob":-0.031,"bolussnooze":0.0243,"activity":0.0092,"lastBolusTime":1703590781389,"time":"2023-12-26T14:30:42.866Z","iobWithZeroTemp":{"iob":-0.299,"basaliob":-0.928,"bolussnooze":0.0243,"activity":0.0015,"lastBolusTime":1703590781389,"time":"2023-12-26T14:30:42.866Z"}},{"iob":0.553,"basaliob":-0.029,"bolussnooze":0.0197,"activity":0.0085,"lastBolusTime":1703590781389,"time":"2023-12-26T14:35:42.866Z","iobWithZeroTemp":{"iob":-0.354,"basaliob":-0.936,"bolussnooze":0.0197,"activity":7.0E-4,"lastBolusTime":1703590781389,"time":"2023-12-26T14:35:42.866Z"}},{"iob":0.512,"basaliob":-0.026,"bolussnooze":0.0159,"activity":0.0079,"lastBolusTime":1703590781389,"time":"2023-12-26T14:40:42.866Z","iobWithZeroTemp":{"iob":-0.403,"basaliob":-0.941,"bolussnooze":0.0159,"activity":0,"lastBolusTime":1703590781389,"time":"2023-12-26T14:40:42.866Z"}},{"iob":0.473,"basaliob":-0.024,"bolussnooze":0.0127,"activity":0.0075,"lastBolusTime":1703590781389,"time":"2023-12-26T14:45:42.866Z","iobWithZeroTemp":{"iob":-0.45,"basaliob":-0.947,"bolussnooze":0.0127,"activity":-6.0E-4,"lastBolusTime":1703590781389,"time":"2023-12-26T14:45:42.866Z"}},{"iob":0.437,"basaliob":-0.022,"bolussnooze":0.0101,"activity":0.0069,"lastBolusTime":1703590781389,"time":"2023-12-26T14:50:42.866Z","iobWithZeroTemp":{"iob":-0.494,"basaliob":-0.953,"bolussnooze":0.0101,"activity":-0.0013,"lastBolusTime":1703590781389,"time":"2023-12-26T14:50:42.866Z"}},{"iob":0.404,"basaliob":-0.02,"bolussnooze":0.008,"activity":0.0064,"lastBolusTime":1703590781389,"time":"2023-12-26T14:55:42.866Z","iobWithZeroTemp":{"iob":-0.533,"basaliob":-0.957,"bolussnooze":0.008,"activity":-0.0019,"lastBolusTime":1703590781389,"time":"2023-12-26T14:55:42.866Z"}},{"iob":0.373,"basaliob":-0.018,"bolussnooze":0.0063,"activity":0.0061,"lastBolusTime":1703590781389,"time":"2023-12-26T15:00:42.866Z","iobWithZeroTemp":{"iob":-0.571,"basaliob":-0.962,"bolussnooze":0.0063,"activity":-0.0023,"lastBolusTime":1703590781389,"time":"2023-12-26T15:00:42.866Z"}},{"iob":0.343,"basaliob":-0.017,"bolussnooze":0.0049,"activity":0.0056,"lastBolusTime":1703590781389,"time":"2023-12-26T15:05:42.866Z","iobWithZeroTemp":{"iob":-0.607,"basaliob":-0.967,"bolussnooze":0.0049,"activity":-0.0029,"lastBolusTime":1703590781389,"time":"2023-12-26T15:05:42.866Z"}},{"iob":0.317,"basaliob":-0.015,"bolussnooze":0.0037,"activity":0.0052,"lastBolusTime":1703590781389,"time":"2023-12-26T15:10:42.866Z","iobWithZeroTemp":{"iob":-0.638,"basaliob":-0.97,"bolussnooze":0.0037,"activity":-0.0034,"lastBolusTime":1703590781389,"time":"2023-12-26T15:10:42.866Z"}},{"iob":0.291,"basaliob":-0.014,"bolussnooze":0.0028,"activity":0.0048,"lastBolusTime":1703590781389,"time":"2023-12-26T15:15:42.866Z","iobWithZeroTemp":{"iob":-0.669,"basaliob":-0.974,"bolussnooze":0.0028,"activity":-0.0038,"lastBolusTime":1703590781389,"time":"2023-12-26T15:15:42.866Z"}},{"iob":0.268,"basaliob":-0.013,"bolussnooze":0.0021,"activity":0.0045,"lastBolusTime":1703590781389,"time":"2023-12-26T15:20:42.866Z","iobWithZeroTemp":{"iob":-0.697,"basaliob":-0.978,"bolussnooze":0.0021,"activity":-0.0042,"lastBolusTime":1703590781389,"time":"2023-12-26T15:20:42.866Z"}},{"iob":0.246,"basaliob":-0.012,"bolussnooze":0.0015,"activity":0.0042,"lastBolusTime":1703590781389,"time":"2023-12-26T15:25:42.866Z","iobWithZeroTemp":{"iob":-0.723,"basaliob":-0.981,"bolussnooze":0.0015,"activity":-0.0046,"lastBolusTime":1703590781389,"time":"2023-12-26T15:25:42.866Z"}},{"iob":0.226,"basaliob":-0.011,"bolussnooze":0.0011,"activity":0.0039,"lastBolusTime":1703590781389,"time":"2023-12-26T15:30:42.866Z","iobWithZeroTemp":{"iob":-0.747,"basaliob":-0.984,"bolussnooze":0.0011,"activity":-0.0049,"lastBolusTime":1703590781389,"time":"2023-12-26T15:30:42.866Z"}},{"iob":0.208,"basaliob":-0.01,"bolussnooze":7.0E-4,"activity":0.0035,"lastBolusTime":1703590781389,"time":"2023-12-26T15:35:42.866Z","iobWithZeroTemp":{"iob":-0.769,"basaliob":-0.987,"bolussnooze":7.0E-4,"activity":-0.0054,"lastBolusTime":1703590781389,"time":"2023-12-26T15:35:42.866Z"}},{"iob":0.191,"basaliob":-0.009,"bolussnooze":5.0E-4,"activity":0.0033,"lastBolusTime":1703590781389,"time":"2023-12-26T15:40:42.866Z","iobWithZeroTemp":{"iob":-0.789,"basaliob":-0.989,"bolussnooze":5.0E-4,"activity":-0.0057,"lastBolusTime":1703590781389,"time":"2023-12-26T15:40:42.866Z"}}],"profile":{"max_iob":10,"type":"current","max_daily_basal":0.7,"max_basal":1.2,"min_bg":100,"max_bg":100,"target_bg":100,"carb_ratio":8.5,"sens":85,"max_daily_safety_multiplier":3,"current_basal_safety_multiplier":4,"high_temptarget_raises_sensitivity":false,"low_temptarget_lowers_sensitivity":false,"sensitivity_raises_target":true,"resistance_lowers_target":true,"adv_target_adjustments":false,"exercise_mode":false,"half_basal_exercise_target":160,"maxCOB":120,"skip_neutral_temps":false,"remainingCarbsCap":90,"enableUAM":true,"A52_risk_enable":false,"SMBInterval":4,"enableSMB_with_COB":true,"enableSMB_with_temptarget":true,"allowSMB_with_high_temptarget":false,"enableSMB_always":true,"enableSMB_after_carbs":true,"maxSMBBasalMinutes":45,"maxUAMSMBBasalMinutes":120,"bolus_increment":0.05,"carbsReqThreshold":5,"current_basal":0.3,"temptargetSet":false,"autosens_max":1.3},"autosens_data":{"ratio":1.28},"meal_data":{"carbs":75,"mealCOB":40,"slopeFromMaxDeviation":-1.305333333333333,"slopeFromMinDeviation":0,"lastBolusTime":1703590781389,"lastCarbTime":1703590777601},"microBolusAllowed":true,"currentTime":1703591144376,"flatBGsDetected":false},"output":{"temp":"absolute","bg":115,"tick":-5,"eventualBG":173,"targetBG":91,"insulinReq":0,"deliverAt":"2023-12-26T11:45:44.376Z","sensitivityRatio":1.28,"predBGs":{"IOB":[115,110,104,97,90,81,73,64,55,45,39,39,39],"ZT":[115,110,103,96,88,79,71,62,53,44,39,39,39,39,39,39,39,39,39,39,39,39,39,39,39,39,39,39,39,39,39,39,39,39,39,39,39,39,39,39,39,39,39,39,39,39,39,39],"COB":[115,112,108,106,104,102,102,102,104,107,112,118,125,134,145,157,168,178,187,195,202,208,212,216,219,220,221,220,218,215,212,208,204,201,198,195,193,190,188,186,184,182,180,179,177,176,174,173],"UAM":[115,110,103,96,88,79,70,61,52,42,39,39,39]},"COB":40,"IOB":3.987,"reason":"COB: 40, Dev: 4, BGI: -5, ISF: 66, CR: 8.5, Target: 91, minPredBG 26, minGuardBG -11, IOBpredBG 39, COBpredBG 173, UAMpredBG 39; minGuardBG -11<66","duration":120,"rate":0,"timestamp":"2023-12-26T11:45:44.381Z"}}