{"algorithm":"OpenAPSSMBPlugin","input":{"glucoseStatus":{"glucose":115,"noise":0,"delta":-6.67,"short_avgdelta":-6.35,"long_avgdelta":-3.46,"date":1703583928514},"currenttemp":{"temp":"absolute","duration":110,"rate":0,"minutesrunning":10},"iob_data":[{"iob":1.297,"basaliob":-0.706,"bolussnooze":0.1472,"activity":0.0192,"lastBolusTime":1703580652028,"time":"2023-12-26T09:45:45.107Z","iobWithZeroTemp":{"iob":1.297,"basaliob":-0.706,"bolussnooze":0.1472,"activity":0.0192,"lastBolusTime":1703580652028,"time":"2023-12-26T09:45:45.107Z"}},{"iob":1.203,"basaliob":-0.675,"bolussnooze":0.1236,"activity":0.018,"lastBolusTime":1703580652028,"time":"2023-12-26T09:50:45.107Z","iobWithZeroTemp":{"iob":1.177,"basaliob":-0.701,"bolussnooze":0.1236,"activity":0.018,"lastBolusTime":1703580652028,"time":"2023-12-26T09:50:45.107Z"}},{"iob":1.116,"basaliob":-0.643,"bolussnooze":0.1035,"activity":0.0169,"lastBolusTime":1703580652028,"time":"2023-12-26T09:55:45.107Z","iobWithZeroTemp":{"iob":1.058,"basaliob":-0.701,"bolussnooze":0.1035,"activity":0.0168,"lastBolusTime":1703580652028,"time":"2023-12-26T09:55:45.107Z"}},{"iob":1.034,"basaliob":-0.612,"bolussnooze":0.0864,"activity":0.0158,"lastBolusTime":1703580652028,"time":"2023-12-26T10:00:45.107Z","iobWithZeroTemp":{"iob":0.944,"basaliob":-0.702,"bolussnooze":0.0864,"activity":0.0156,"lastBolusTime":1703580652028,"time":"2023-12-26T10:00:45.107Z"}},{"iob":0.958,"basaliob":-0.581,"bolussnooze":0.0718,"activity":0.0148,"lastBolusTime":1703580652028,"time":"2023-12-26T10:05:45.107Z","iobWithZeroTemp":{"iob":0.837,"basaliob":-0.702,"bolussnooze":0.0718,"activity":0.0145,"lastBolusTime":1703580652028,"time":"2023-12-26T10:05:45.107Z"}},{"iob":0.886,"basaliob":-0.551,"bolussnooze":0.0595,"activity":0.0138,"lastBolusTime":1703580652028,"time":"2023-12-26T10:10:45.107Z","iobWithZeroTemp":{"iob":0.734,"basaliob":-0.703,"bolussnooze":0.0595,"activity":0.0133,"lastBolusTime":1703580652028,"time":"2023-12-26T10:10:45.107Z"}},{"iob":0.82,"basaliob":-0.521,"bolussnooze":0.0492,"activity":0.0128,"lastBolusTime":1703580652028,"time":"2023-12-26T10:15:45.107Z","iobWithZeroTemp":{"iob":0.638,"basaliob":-0.703,"bolussnooze":0.0492,"activity":0.0121,"lastBolusTime":1703580652028,"time":"2023-12-26T10:15:45.107Z"}},{"iob":0.758,"basaliob":-0.492,"bolussnooze":0.0404,"activity":0.012,"lastBolusTime":1703580652028,"time":"2023-12-26T10:20:45.107Z","iobWithZeroTemp":{"iob":0.548,"basaliob":-0.702,"bolussnooze":0.0404,"activity":0.0111,"lastBolusTime":1703580652028,"time":"2023-12-26T10:20:45.107Z"}},{"iob":0.7,"basaliob":-0.464,"bolussnooze":0.0331,"activity":0.0111,"lastBolusTime":1703580652028,"time":"2023-12-26T10:25:45.107Z","iobWithZeroTemp":{"iob":0.462,"basaliob":-0.702,"bolussnooze":0.0331,"activity":0.01,"lastBolusTime":1703580652028,"time":"2023-12-26T10:25:45.107Z"}},{"iob":0.647,"basaliob":-0.437,"bolussnooze":0.027,"activity":0.0104,"lastBolusTime":1703580652028,"time":"2023-12-26T10:30:45.107Z","iobWithZeroTemp":{"iob":0.382,"basaliob":-0.702,"bolussnooze":0.027,"activity":0.0091,"lastBolusTime":1703580652028,"time":"2023-12-26T10:30:45.107Z"}},{"iob":0.596,"basaliob":-0.412,"bolussnooze":0.0219,"activity":0.0096,"lastBolusTime":1703580652028,"time":"2023-12-26T10:35:45.107Z","iobWithZeroTemp":{"iob":0.306,"basaliob":-0.702,"bolussnooze":0.0219,"activity":0.0081,"lastBolusTime":1703580652028,"time":"2023-12-26T10:35:45.107Z"}},{"iob":0.549,"basaliob":-0.387,"bolussnooze":0.0177,"activity":0.0089,"lastBolusTime":1703580652028,"time":"2023-12-26T10:40:45.107Z","iobWithZeroTemp":{"iob":0.234,"basaliob":-0.702,"bolussnooze":0.0177,"activity":0.0072,"lastBolusTime":1703580652028,"time":"2023-12-26T10:40:45.107Z"}},{"iob":0.506,"basaliob":-0.363,"bolussnooze":0.0142,"activity":0.0084,"lastBolusTime":1703580652028,"time":"2023-12-26T10:45:45.107Z","iobWithZeroTemp":{"iob":0.168,"basaliob":-0.701,"bolussnooze":0.0142,"activity":0.0065,"lastBolusTime":1703580652028,"time":"2023-12-26T10:45:45.107Z"}},{"iob":0.466,"basaliob":-0.34,"bolussnooze":0.0113,"activity":0.0078,"lastBolusTime":1703580652028,"time":"2023-12-26T10:50:45.107Z","iobWithZeroTemp":{"iob":0.106,"basaliob":-0.7,"bolussnooze":0.0113,"activity":0.0056,"lastBolusTime":1703580652028,"time":"2023-12-26T10:50:45.107Z"}},{"iob":0.428,"basaliob":-0.319,"bolussnooze":0.0089,"activity":0.0072,"lastBolusTime":1703580652028,"time":"2023-12-26T10:55:45.107Z","iobWithZeroTemp":{"iob":0.046,"basaliob":-0.701,"bolussnooze":0.0089,"activity":0.0048,"lastBolusTime":1703580652028,"time":"2023-12-26T10:55:45.107Z"}},{"iob":0.394,"basaliob":-0.298,"bolussnooze":0.007,"activity":0.0067,"lastBolusTime":1703580652028,"time":"2023-12-26T11:00:45.107Z","iobWithZeroTemp":{"iob":-0.008,"basaliob":-0.7,"bolussnooze":0.007,"activity":0.0041,"lastBolusTime":1703580652028,"time":"2023-12-26T11:00:45.107Z"}},{"iob":0.362,"basaliob":-0.279,"bolussnooze":0.0054,"activity":0.0062,"lastBolusTime":1703580652028,"time":"2023-12-26T11:05:45.107Z","iobWithZeroTemp":{"iob":-0.059,"basaliob":-0.7,"bolussnooze":0.0054,"activity":0.0034,"lastBolusTime":1703580652028,"time":"2023-12-26T11:05:45.107Z"}},{"iob":0.333,"basaliob":-0.26,"bolussnooze":0.0042,"activity":0.0057,"lastBolusTime":1703580652028,"time":"2023-12-26T11:10:45.107Z","iobWithZeroTemp":{"iob":-0.106,"basaliob":-0.699,"bolussnooze":0.0042,"activity":0.0027,"lastBolusTime":1703580652028,"time":"2023-12-26T11:10:45.107Z"}},{"iob":0.305,"basaliob":-0.243,"bolussnooze":0.0031,"activity":0.0053,"lastBolusTime":1703580652028,"time":"2023-12-26T11:15:45.107Z","iobWithZeroTemp":{"iob":-0.151,"basaliob":-0.699,"bolussnooze":0.0031,"activity":0.0021,"lastBolusTime":1703580652028,"time":"2023-12-26T11:15:45.107Z"}},{"iob":0.28,"basaliob":-0.226,"bolussnooze":0.0023,"activity":0.0049,"lastBolusTime":1703580652028,"time":"2023-12-26T11:20:45.107Z","iobWithZeroTemp":{"iob":-0.192,"basaliob":-0.698,"bolussnooze":0.0023,"activity":0.0015,"lastBolusTime":1703580652028,"time":"2023-12-26T11:20:45.107Z"}},{"iob":0.257,"basaliob":-0.21,"bolussnooze":0.0017,"activity":0.0045,"lastBolusTime":1703580652028,"time":"2023-12-26T11:25:45.107Z","iobWithZeroTemp":{"iob":-0.23,"basaliob":-0.697,"bolussnooze":0.0017,"activity":9.0E-4,"lastBolusTime":1703580652028,"time":"2023-12-26T11:25:45.107Z"}},{"iob":0.235,"basaliob":-0.196,"bolussnooze":0.0012,"activity":0.0042,"lastBolusTime":1703580652028,"time":"2023-12-26T11:30:45.107Z","iobWithZeroTemp":{"iob":-0.266,"basaliob":-0.697,"bolussnooze":0.0012,"activity":4.0E-4,"lastBolusTime":1703580652028,"time":"2023-12-26T11:30:45.107Z"}},{"iob":0.215,"basaliob":-0.182,"bolussnooze":8.0E-4,"activity":0.0038,"lastBolusTime":1703580652028,"time":"2023-12-26T11:35:45.107Z","iobWithZeroTemp":{"iob":-0.299,"basaliob":-0.696,"bolussnooze":8.0E-4,"activity":-1.0E-4,"lastBolusTime":1703580652028,"time":"2023-12-26T11:35:45.107Z"}},{"iob":0.196,"basaliob":-0.169,"bolussnooze":5.0E-4,"activity":0.0035,"lastBolusTime":1703580652028,"time":"2023-12-26T11:40:45.107Z","iobWithZeroTemp":{"iob":-0.331,"basaliob":-0.696,"bolussnooze":5.0E-4,"activity":-6.0E-4,"lastBolusTime":1703580652028,"time":"2023-12-26T11:40:45.107Z"}},{"iob":0.179,"basaliob":-0.157,"bolussnooze":3.0E-4,"activity":0.0032,"lastBolusTime":1703580652028,"time":"2023-12-26T11:45:45.107Z","iobWithZeroTemp":{"iob":-0.359,"basaliob":-0.695,"bolussnooze":3.0E-4,"activity":-0.001,"lastBolusTime":1703580652028,"time":"2023-12-26T11:45:45.107Z"}},{"iob":0.163,"basaliob":-0.146,"bolussnooze":2.0E-4,"activity":0.003,"lastBolusTime":1703580652028,"time":"2023-12-26T11:50:45.107Z","iobWithZeroTemp":{"iob":-0.386,"basaliob":-0.695,"bolussnooze":2.0E-4,"activity":-0.0014,"lastBolusTime":1703580652028,"time":"2023-12-26T11:50:45.107Z"}},{"iob":0.149,"basaliob":-0.135,"bolussnooze":1.0E-4,"activity":0.0027,"lastBolusTime":1703580652028,"time":"2023-12-26T11:55:45.107Z","iobWithZeroTemp":{"iob":-0.41,"basaliob":-0.694,"bolussnooze":1.0E-4,"activity":-0.0018,"lastBolusTime":1703580652028,"time":"2023-12-26T11:55:45.107Z"}},{"iob":0.136,"basaliob":-0.125,"bolussnooze":0,"activity":0.0026,"lastBolusTime":1703580652028,"time":"2023-12-26T12:00:45.107Z","iobWithZeroTemp":{"iob":-0.433,"basaliob":-0.694,"bolussnooze":0,"activity":-0.0021,"lastBolusTime":1703580652028,"time":"2023-12-26T12:00:45.107Z"}},{"iob":0.124,"basaliob":-0.116,"bolussnooze":0,"activity":0.0023,"lastBolusTime":1703580652028,"time":"2023-12-26T12:05:45.107Z","iobWithZeroTemp":{"iob":-0.47,"basaliob":-0.71,"bolussnooze":0,"activity":-0.0025,"lastBolusTime":1703580652028,"time":"2023-12-26T12:05:45.107Z"}},{"iob":0.113,"basaliob":-0.107,"bolussnooze":0,"activity":0.0021,"lastBolusTime":1703580652028,"time":"2023-12-26T12:10:45.107Z","iobWithZeroTemp":{"iob":-0.505,"basaliob":-0.725,"bolussnooze":0,"activity":-0.0028,"lastBolusTime":1703580652028,"time":"2023-12-26T12:10:45.107Z"}},{"iob":0.102,"basaliob":-0.099,"bolussnooze":0,"activity":0.0019,"lastBolusTime":1703580652028,"time":"2023-12-26T12:15:45.107Z","iobWithZeroTemp":{"iob":-0.54,"basaliob":-0.741,"bolussnooze":0,"activity":-0.0032,"lastBolusTime":1703580652028,"time":"2023-12-26T12:15:45.107Z"}},{"iob":0.093,"basaliob":-0.091,"bolussnooze":0,"activity":0.0018,"lastBolusTime":1703580652028,"time":"2023-12-26T12:20:45.107Z","iobWithZeroTemp":{"iob":-0.572,"basaliob":-0.756,"bolussnooze":0,"activity":-0.0035,"lastBolusTime":1703580652028,"time":"2023-12-26T12:20:45.107Z"}},{"iob":0.085,"basaliob":-0.084,"bolussnooze":0,"activity":0.0016,"lastBolusTime":1703580652028,"time":"2023-12-26T12:25:45.107Z","iobWithZeroTemp":{"iob":-0.602,"basaliob":-0.771,"bolussnooze":0,"activity":-0.0039,"lastBolusTime":1703580652028,"time":"2023-12-26T12:25:45.107Z"}},{"iob":0.076,"basaliob":-0.078,"bolussnooze":0,"activity":0.0015,"lastBolusTime":1703580652028,"time":"2023-12-26T12:30:45.107Z","iobWithZeroTemp":{"iob":-0.631,"basaliob":-0.785,"bolussnooze":0,"activity":-0.0041,"lastBolusTime":1703580652028,"time":"2023-12-26T12:30:45.107Z"}},{"iob":0.07,"basaliob":-0.071,"bolussnooze":0,"activity":0.0014,"lastBolusTime":1703580652028,"time":"2023-12-26T12:35:45.107Z","iobWithZeroTemp":{"iob":-0.657,"basaliob":-0.798,"bolussnooze":0,"activity":-0.0044,"lastBolusTime":1703580652028,"time":"2023-12-26T12:35:45.107Z"}},{"iob":0.063,"basaliob":-0.066,"bolussnooze":0,"activity":0.0013,"lastBolusTime":1703580652028,"time":"2023-12-26T12:40:45.107Z","iobWithZeroTemp":{"iob":-0.684,"basaliob":-0.813,"bolussnooze":0,"activity":-0.0047,"lastBolusTime":1703580652028,"time":"2023-12-26T12:40:45.107Z"}},{"iob":0.056,"basaliob":-0.061,"bolussnooze":0,"activity":0.0012,"lastBolusTime":1703580652028,"time":"2023-12-26T12:45:45.107Z","iobWithZeroTemp":{"iob":-0.709,"basaliob":-0.826,"bolussnooze":0,"activity":-0.005,"lastBolusTime":1703580652028,"time":"2023-12-26T12:45:45.107Z"}},{"iob":0.051,"basaliob":-0.056,"bolussnooze":0,"activity":0.0011,"lastBolusTime":1703580652028,"time":"2023-12-26T12:50:45.107Z","iobWithZeroTemp":{"iob":-0.731,"basaliob":-0.838,"bolussnooze":0,"activity":-0.0053,"lastBolusTime":1703580652028,"time":"2023-12-26T12:50:45.107Z"}},{"iob":0.046,"basaliob":-0.051,"bolussnooze":0,"activity":9.0E-4,"lastBolusTime":1703580652028,"time":"2023-12-26T12:55:45.107Z","iobWithZeroTemp":{"iob":-0.752,"basaliob":-0.849,"bolussnooze":0,"activity":-0.0057,"lastBolusTime":1703580652028,"time":"2023-12-26T12:55:45.107Z"}},{"iob":0.041,"basaliob":-0.047,"bolussnooze":0,"activity":9.0E-4,"lastBolusTime":1703580652028,"time":"2023-12-26T13:00:45.107Z","iobWithZeroTemp":{"iob":-0.773,"basaliob":-0.861,"bolussnooze":0,"activity":-0.0058,"lastBolusTime":1703580652028,"time":"2023-12-26T13:00:45.107Z"}},{"iob":0.037,"basaliob":-0.043,"bolussnooze":0,"activity":8.0E-4,"lastBolusTime":1703580652028,"time":"2023-12-26T13:05:45.107Z","iobWithZeroTemp":{"iob":-0.792,"basaliob":-0.872,"bolussnooze":0,"activity":-0.0061,"lastBolusTime":1703580652028,"time":"2023-12-26T13:05:45.107Z"}},{"iob":0.034,"basaliob":-0.039,"bolussnooze":0,"activity":7.0E-4,"lastBolusTime":1703580652028,"time":"2023-12-26T13:10:45.107Z","iobWithZeroTemp":{"iob":-0.809,"basaliob":-0.882,"bolussnooze":0,"activity":-0.0064,"lastBolusTime":1703580652028,"time":"2023-12-26T13:10:45.107Z"}},{"iob":0.03,"basaliob":-0.036,"bolussnooze":0,"activity":7.0E-4,"lastBolusTime":1703580652028,"time":"2023-12-26T13:15:45.107Z","iobWithZeroTemp":{"iob":-0.826,"basaliob":-0.892,"bolussnooze":0,"activity":-0.0065,"lastBolusTime":1703580652028,"time":"2023-12-26T13:15:45.107Z"}},{"iob":0.027,"basaliob":-0.033,"bolussnooze":0,"activity":6.0E-4,"lastBolusTime":1703580652028,"time":"2023-12-26T13:20:45.107Z","iobWithZeroTemp":{"iob":-0.841,"basaliob":-0.901,"bolussnooze":0,"activity":-0.0068,"lastBolusTime":1703580652028,"time":"2023-12-26T13:20:45.107Z"}},{"iob":0.024,"basaliob":-0.03,"bolussnooze":0,"activity":6.0E-4,"lastBolusTime":1703580652028,"time":"2023-12-26T13:25:45.107Z","iobWithZeroTemp":{"iob":-0.855,"basaliob":-0.909,"bolussnooze":0,"activity":-0.0069,"lastBolusTime":1703580652028,"time":"2023-12-26T13:25:45.107Z"}},{"iob":0.021,"basaliob":-0.028,"bolussnooze":0,"activity":5.0E-4,"lastBolusTime":1703580652028,"time":"2023-12-26T13:30:45.107Z","iobWithZeroTemp":{"iob":-0.869,"basaliob":-0.918,"bolussnooze":0,"activity":-0.0071,"lastBolusTime":1703580652028,"time":"2023-12-26T13:30:45.107Z"}},{"iob":0.019,"basaliob":-0.025,"bolussnooze":0,"activity":4.0E-4,"lastBolusTime":1703580652028,"time":"2023-12-26T13:35:45.107Z","iobWithZeroTemp":{"iob":-0.881,"basaliob":-0.925,"bolussnooze":0,"activity":-0.0074,"lastBolusTime":1703580652028,"time":"2023-12-26T13:35:45.107Z"}},{"iob":0.017,"basaliob":-0.023,"bolussnooze":0,"activity":4.0E-4,"lastBolusTime":1703580652028,"time":"2023-12-26T13:40:45.107Z","iobWithZeroTemp":{"iob":-0.893,"basaliob":-0.933,"bolussnooze":0,"activity":-0.0075,"lastBolusTime":1703580652028,"time":"2023-12-26T13:40:45.107Z"}}],"profile":{"max_iob":10,"type":"current","max_daily_basal":0.7,"max_basal":1.2,"min_bg":100,"max_bg":100,"target_bg":100,"carb_ratio":7.5,"sens":85,"max_daily_safety_multiplier":3,"current_basal_safety_multiplier":4,"high_temptarget_raises_sensitivity":false,"low_temptarget_lowers_sensitivity":false,"sensitivity_raises_target":true,"resistance_lowers_target":true,"adv_target_adjustments":false,"exercise_mode":false,"half_basal_exercise_target":160,"maxCOB":120,"skip_neutral_temps":false,"remainingCarbsCap":90,"enableUAM":true,"A52_risk_enable":false,"SMBInterval":4,"enableSMB_with_COB":true,"enableSMB_with_temptarget":true,"allowSMB_with_high_temptarget":false,"enableSMB_always":true,"enableSMB_after_carbs":true,"maxSMBBasalMinutes":45,"maxUAMSMBBasalMinutes":120,"bolus_increment":0.05,"carbsReqThreshold":5,"current_basal":0.3,"temptargetSet":false,"autosens_max":1.3},"autosens_data":{"ratio":1.3},"meal_data":{"carbs":35,"mealCOB":8.556691176470595,"slopeFromMaxDeviation":-1.3244,"slopeFromMinDeviation":0,"lastBolusTime":1703580652028,"lastCarbTime":1703576391522},"microBolusAllowed":true,"currentTime":1703583946996,"flatBGsDetected":false},"output":{"temp":"absolute","bg":115,"tick":-7,"eventualBG":89,"targetBG":91,"insulinReq":0,"deliverAt":"2023-12-26T09:45:46.996Z","sensitivityRatio":1.3,"predBGs":{"IOB":[115,108,102,96,91,86,81,77,73,69,65,62,59,57,54,52,50,48,46,44,42,41,39],"ZT":[115,109,103,97,92,88,83,79,76,72,69,67,64,62,60,59,57,56,55,55,54,54,54,54,54,54,55,55,56,57,58,59,60,61,63,64,66,67,69,71,73,75,77,79,81,84,86,88],"COB":[115,108,102,97,92,87,83,79,75,72,69,67,65,63,61,60,59,58,57,57,57,57,57,57,58,58,59,60,61,62,64,65,67,69,70,72,74,75,77,78,80,81,83,84,85,87,88,89],"UAM":[115,108,102,96,91,86,81,77,73,69,65,62,59,57,54,52,50,48,46,44,42,41,39]},"COB":8.556691176470595,"IOB":1.297,"reason":"COB: 8.6, Dev: 0, BGI: -6, ISF: 65, CR: 7.5, Target: 91, minPredBG 54, minGuardBG 34, IOBpredBG 39, COBpredBG 89, UAMpredBG 39; minGuardBG 34<66","duration":120,"rate":0,"timestamp":"2023-12-26T09:45:47.027Z"}}