{"algorithm":"OpenAPSSMBPlugin","input":{"glucoseStatus":{"glucose":85,"noise":0,"delta":2,"short_avgdelta":1.26,"long_avgdelta":-0.24,"date":1703587829956},"currenttemp":{"temp":"absolute","duration":106,"rate":0,"minutesrunning":14},"iob_data":[{"iob":0.184,"basaliob":-0.623,"bolussnooze":0.0113,"activity":0.0058,"lastBolusTime":1703580652028,"time":"2023-12-26T10:50:43.631Z","iobWithZeroTemp":{"iob":0.184,"basaliob":-0.623,"bolussnooze":0.0113,"activity":0.0058,"lastBolusTime":1703580652028,"time":"2023-12-26T10:50:43.631Z"}},{"iob":0.157,"basaliob":-0.591,"bolussnooze":0.0089,"activity":0.0051,"lastBolusTime":1703580652028,"time":"2023-12-26T10:55:43.631Z","iobWithZeroTemp":{"iob":0.144,"basaliob":-0.604,"bolussnooze":0.0089,"activity":0.0051,"lastBolusTime":1703580652028,"time":"2023-12-26T10:55:43.631Z"}},{"iob":0.133,"basaliob":-0.56,"bolussnooze":0.007,"activity":0.0046,"lastBolusTime":1703580652028,"time":"2023-12-26T11:00:43.631Z","iobWithZeroTemp":{"iob":0.104,"basaliob":-0.589,"bolussnooze":0.007,"activity":0.0046,"lastBolusTime":1703580652028,"time":"2023-12-26T11:00:43.631Z"}},{"iob":0.111,"basaliob":-0.53,"bolussnooze":0.0054,"activity":0.004,"lastBolusTime":1703580652028,"time":"2023-12-26T11:05:43.631Z","iobWithZeroTemp":{"iob":0.066,"basaliob":-0.575,"bolussnooze":0.0054,"activity":0.0039,"lastBolusTime":1703580652028,"time":"2023-12-26T11:05:43.631Z"}},{"iob":0.093,"basaliob":-0.5,"bolussnooze":0.0042,"activity":0.0035,"lastBolusTime":1703580652028,"time":"2023-12-26T11:10:43.631Z","iobWithZeroTemp":{"iob":0.032,"basaliob":-0.561,"bolussnooze":0.0042,"activity":0.0033,"lastBolusTime":1703580652028,"time":"2023-12-26T11:10:43.631Z"}},{"iob":0.076,"basaliob":-0.472,"bolussnooze":0.0031,"activity":0.0031,"lastBolusTime":1703580652028,"time":"2023-12-26T11:15:43.631Z","iobWithZeroTemp":{"iob":0,"basaliob":-0.548,"bolussnooze":0.0031,"activity":0.0029,"lastBolusTime":1703580652028,"time":"2023-12-26T11:15:43.631Z"}},{"iob":0.062,"basaliob":-0.444,"bolussnooze":0.0023,"activity":0.0027,"lastBolusTime":1703580652028,"time":"2023-12-26T11:20:43.631Z","iobWithZeroTemp":{"iob":-0.029,"basaliob":-0.535,"bolussnooze":0.0023,"activity":0.0024,"lastBolusTime":1703580652028,"time":"2023-12-26T11:20:43.631Z"}},{"iob":0.049,"basaliob":-0.418,"bolussnooze":0.0017,"activity":0.0023,"lastBolusTime":1703580652028,"time":"2023-12-26T11:25:43.631Z","iobWithZeroTemp":{"iob":-0.056,"basaliob":-0.523,"bolussnooze":0.0017,"activity":0.0019,"lastBolusTime":1703580652028,"time":"2023-12-26T11:25:43.631Z"}},{"iob":0.038,"basaliob":-0.393,"bolussnooze":0.0012,"activity":0.002,"lastBolusTime":1703580652028,"time":"2023-12-26T11:30:43.631Z","iobWithZeroTemp":{"iob":-0.081,"basaliob":-0.512,"bolussnooze":0.0012,"activity":0.0015,"lastBolusTime":1703580652028,"time":"2023-12-26T11:30:43.631Z"}},{"iob":0.029,"basaliob":-0.368,"bolussnooze":8.0E-4,"activity":0.0018,"lastBolusTime":1703580652028,"time":"2023-12-26T11:35:43.631Z","iobWithZeroTemp":{"iob":-0.103,"basaliob":-0.5,"bolussnooze":8.0E-4,"activity":0.0012,"lastBolusTime":1703580652028,"time":"2023-12-26T11:35:43.631Z"}},{"iob":0.021,"basaliob":-0.345,"bolussnooze":5.0E-4,"activity":0.0015,"lastBolusTime":1703580652028,"time":"2023-12-26T11:40:43.631Z","iobWithZeroTemp":{"iob":-0.124,"basaliob":-0.49,"bolussnooze":5.0E-4,"activity":8.0E-4,"lastBolusTime":1703580652028,"time":"2023-12-26T11:40:43.631Z"}},{"iob":0.013,"basaliob":-0.323,"bolussnooze":3.0E-4,"activity":0.0013,"lastBolusTime":1703580652028,"time":"2023-12-26T11:45:43.631Z","iobWithZeroTemp":{"iob":-0.144,"basaliob":-0.48,"bolussnooze":3.0E-4,"activity":4.0E-4,"lastBolusTime":1703580652028,"time":"2023-12-26T11:45:43.631Z"}},{"iob":0.007,"basaliob":-0.302,"bolussnooze":2.0E-4,"activity":0.0011,"lastBolusTime":1703580652028,"time":"2023-12-26T11:50:43.631Z","iobWithZeroTemp":{"iob":-0.162,"basaliob":-0.471,"bolussnooze":2.0E-4,"activity":1.0E-4,"lastBolusTime":1703580652028,"time":"2023-12-26T11:50:43.631Z"}},{"iob":0.002,"basaliob":-0.282,"bolussnooze":1.0E-4,"activity":9.0E-4,"lastBolusTime":1703580652028,"time":"2023-12-26T11:55:43.631Z","iobWithZeroTemp":{"iob":-0.178,"basaliob":-0.462,"bolussnooze":1.0E-4,"activity":-2.0E-4,"lastBolusTime":1703580652028,"time":"2023-12-26T11:55:43.631Z"}},{"iob":-0.003,"basaliob":-0.264,"bolussnooze":0,"activity":8.0E-4,"lastBolusTime":1703580652028,"time":"2023-12-26T12:00:43.631Z","iobWithZeroTemp":{"iob":-0.194,"basaliob":-0.455,"bolussnooze":0,"activity":-4.0E-4,"lastBolusTime":1703580652028,"time":"2023-12-26T12:00:43.631Z"}},{"iob":-0.006,"basaliob":-0.246,"bolussnooze":0,"activity":6.0E-4,"lastBolusTime":1703580652028,"time":"2023-12-26T12:05:43.631Z","iobWithZeroTemp":{"iob":-0.215,"basaliob":-0.455,"bolussnooze":0,"activity":-7.0E-4,"lastBolusTime":1703580652028,"time":"2023-12-26T12:05:43.631Z"}},{"iob":-0.009,"basaliob":-0.229,"bolussnooze":0,"activity":5.0E-4,"lastBolusTime":1703580652028,"time":"2023-12-26T12:10:43.631Z","iobWithZeroTemp":{"iob":-0.235,"basaliob":-0.455,"bolussnooze":0,"activity":-9.0E-4,"lastBolusTime":1703580652028,"time":"2023-12-26T12:10:43.631Z"}},{"iob":-0.012,"basaliob":-0.213,"bolussnooze":0,"activity":4.0E-4,"lastBolusTime":1703580652028,"time":"2023-12-26T12:15:43.631Z","iobWithZeroTemp":{"iob":-0.255,"basaliob":-0.456,"bolussnooze":0,"activity":-0.0012,"lastBolusTime":1703580652028,"time":"2023-12-26T12:15:43.631Z"}},{"iob":-0.014,"basaliob":-0.198,"bolussnooze":0,"activity":4.0E-4,"lastBolusTime":1703580652028,"time":"2023-12-26T12:20:43.631Z","iobWithZeroTemp":{"iob":-0.273,"basaliob":-0.457,"bolussnooze":0,"activity":-0.0013,"lastBolusTime":1703580652028,"time":"2023-12-26T12:20:43.631Z"}},{"iob":-0.015,"basaliob":-0.184,"bolussnooze":0,"activity":3.0E-4,"lastBolusTime":1703580652028,"time":"2023-12-26T12:25:43.631Z","iobWithZeroTemp":{"iob":-0.29,"basaliob":-0.459,"bolussnooze":0,"activity":-0.0015,"lastBolusTime":1703580652028,"time":"2023-12-26T12:25:43.631Z"}},{"iob":-0.017,"basaliob":-0.171,"bolussnooze":0,"activity":3.0E-4,"lastBolusTime":1703580652028,"time":"2023-12-26T12:30:43.631Z","iobWithZeroTemp":{"iob":-0.307,"basaliob":-0.461,"bolussnooze":0,"activity":-0.0017,"lastBolusTime":1703580652028,"time":"2023-12-26T12:30:43.631Z"}},{"iob":-0.018,"basaliob":-0.159,"bolussnooze":0,"activity":2.0E-4,"lastBolusTime":1703580652028,"time":"2023-12-26T12:35:43.631Z","iobWithZeroTemp":{"iob":-0.322,"basaliob":-0.463,"bolussnooze":0,"activity":-0.0019,"lastBolusTime":1703580652028,"time":"2023-12-26T12:35:43.631Z"}},{"iob":-0.018,"basaliob":-0.147,"bolussnooze":0,"activity":2.0E-4,"lastBolusTime":1703580652028,"time":"2023-12-26T12:40:43.631Z","iobWithZeroTemp":{"iob":-0.335,"basaliob":-0.464,"bolussnooze":0,"activity":-0.002,"lastBolusTime":1703580652028,"time":"2023-12-26T12:40:43.631Z"}},{"iob":-0.019,"basaliob":-0.136,"bolussnooze":0,"activity":1.0E-4,"lastBolusTime":1703580652028,"time":"2023-12-26T12:45:43.631Z","iobWithZeroTemp":{"iob":-0.349,"basaliob":-0.466,"bolussnooze":0,"activity":-0.0023,"lastBolusTime":1703580652028,"time":"2023-12-26T12:45:43.631Z"}},{"iob":-0.019,"basaliob":-0.126,"bolussnooze":0,"activity":0,"lastBolusTime":1703580652028,"time":"2023-12-26T12:50:43.631Z","iobWithZeroTemp":{"iob":-0.361,"basaliob":-0.468,"bolussnooze":0,"activity":-0.0025,"lastBolusTime":1703580652028,"time":"2023-12-26T12:50:43.631Z"}},{"iob":-0.02,"basaliob":-0.117,"bolussnooze":0,"activity":0,"lastBolusTime":1703580652028,"time":"2023-12-26T12:55:43.631Z","iobWithZeroTemp":{"iob":-0.374,"basaliob":-0.471,"bolussnooze":0,"activity":-0.0026,"lastBolusTime":1703580652028,"time":"2023-12-26T12:55:43.631Z"}},{"iob":-0.02,"basaliob":-0.108,"bolussnooze":0,"activity":0,"lastBolusTime":1703580652028,"time":"2023-12-26T13:00:43.631Z","iobWithZeroTemp":{"iob":-0.385,"basaliob":-0.473,"bolussnooze":0,"activity":-0.0028,"lastBolusTime":1703580652028,"time":"2023-12-26T13:00:43.631Z"}},{"iob":-0.02,"basaliob":-0.1,"bolussnooze":0,"activity":-1.0E-4,"lastBolusTime":1703580652028,"time":"2023-12-26T13:05:43.631Z","iobWithZeroTemp":{"iob":-0.395,"basaliob":-0.475,"bolussnooze":0,"activity":-0.003,"lastBolusTime":1703580652028,"time":"2023-12-26T13:05:43.631Z"}},{"iob":-0.019,"basaliob":-0.092,"bolussnooze":0,"activity":-1.0E-4,"lastBolusTime":1703580652028,"time":"2023-12-26T13:10:43.631Z","iobWithZeroTemp":{"iob":-0.404,"basaliob":-0.477,"bolussnooze":0,"activity":-0.0031,"lastBolusTime":1703580652028,"time":"2023-12-26T13:10:43.631Z"}},{"iob":-0.019,"basaliob":-0.085,"bolussnooze":0,"activity":-1.0E-4,"lastBolusTime":1703580652028,"time":"2023-12-26T13:15:43.631Z","iobWithZeroTemp":{"iob":-0.413,"basaliob":-0.479,"bolussnooze":0,"activity":-0.0032,"lastBolusTime":1703580652028,"time":"2023-12-26T13:15:43.631Z"}},{"iob":-0.018,"basaliob":-0.078,"bolussnooze":0,"activity":-1.0E-4,"lastBolusTime":1703580652028,"time":"2023-12-26T13:20:43.631Z","iobWithZeroTemp":{"iob":-0.421,"basaliob":-0.481,"bolussnooze":0,"activity":-0.0033,"lastBolusTime":1703580652028,"time":"2023-12-26T13:20:43.631Z"}},{"iob":-0.018,"basaliob":-0.072,"bolussnooze":0,"activity":-1.0E-4,"lastBolusTime":1703580652028,"time":"2023-12-26T13:25:43.631Z","iobWithZeroTemp":{"iob":-0.429,"basaliob":-0.483,"bolussnooze":0,"activity":-0.0034,"lastBolusTime":1703580652028,"time":"2023-12-26T13:25:43.631Z"}},{"iob":-0.017,"basaliob":-0.066,"bolussnooze":0,"activity":-1.0E-4,"lastBolusTime":1703580652028,"time":"2023-12-26T13:30:43.631Z","iobWithZeroTemp":{"iob":-0.435,"basaliob":-0.484,"bolussnooze":0,"activity":-0.0035,"lastBolusTime":1703580652028,"time":"2023-12-26T13:30:43.631Z"}},{"iob":-0.017,"basaliob":-0.061,"bolussnooze":0,"activity":-1.0E-4,"lastBolusTime":1703580652028,"time":"2023-12-26T13:35:43.631Z","iobWithZeroTemp":{"iob":-0.442,"basaliob":-0.486,"bolussnooze":0,"activity":-0.0036,"lastBolusTime":1703580652028,"time":"2023-12-26T13:35:43.631Z"}},{"iob":-0.016,"basaliob":-0.056,"bolussnooze":0,"activity":-2.0E-4,"lastBolusTime":1703580652028,"time":"2023-12-26T13:40:43.631Z","iobWithZeroTemp":{"iob":-0.448,"basaliob":-0.488,"bolussnooze":0,"activity":-0.0038,"lastBolusTime":1703580652028,"time":"2023-12-26T13:40:43.631Z"}},{"iob":-0.016,"basaliob":-0.052,"bolussnooze":0,"activity":-1.0E-4,"lastBolusTime":1703580652028,"time":"2023-12-26T13:45:43.631Z","iobWithZeroTemp":{"iob":-0.454,"basaliob":-0.49,"bolussnooze":0,"activity":-0.0038,"lastBolusTime":1703580652028,"time":"2023-12-26T13:45:43.631Z"}},{"iob":-0.015,"basaliob":-0.047,"bolussnooze":0,"activity":-1.0E-4,"lastBolusTime":1703580652028,"time":"2023-12-26T13:50:43.631Z","iobWithZeroTemp":{"iob":-0.459,"basaliob":-0.491,"bolussnooze":0,"activity":-0.0039,"lastBolusTime":1703580652028,"time":"2023-12-26T13:50:43.631Z"}},{"iob":-0.014,"basaliob":-0.043,"bolussnooze":0,"activity":-2.0E-4,"lastBolusTime":1703580652028,"time":"2023-12-26T13:55:43.631Z","iobWithZeroTemp":{"iob":-0.463,"basaliob":-0.492,"bolussnooze":0,"activity":-0.004,"lastBolusTime":1703580652028,"time":"2023-12-26T13:55:43.631Z"}},{"iob":-0.014,"basaliob":-0.04,"bolussnooze":0,"activity":-1.0E-4,"lastBolusTime":1703580652028,"time":"2023-12-26T14:00:43.631Z","iobWithZeroTemp":{"iob":-0.468,"basaliob":-0.494,"bolussnooze":0,"activity":-0.004,"lastBolusTime":1703580652028,"time":"2023-12-26T14:00:43.631Z"}},{"iob":-0.013,"basaliob":-0.036,"bolussnooze":0,"activity":-1.0E-4,"lastBolusTime":1703580652028,"time":"2023-12-26T14:05:43.631Z","iobWithZeroTemp":{"iob":-0.472,"basaliob":-0.495,"bolussnooze":0,"activity":-0.0041,"lastBolusTime":1703580652028,"time":"2023-12-26T14:05:43.631Z"}},{"iob":-0.012,"basaliob":-0.033,"bolussnooze":0,"activity":-1.0E-4,"lastBolusTime":1703580652028,"time":"2023-12-26T14:10:43.631Z","iobWithZeroTemp":{"iob":-0.476,"basaliob":-0.497,"bolussnooze":0,"activity":-0.0041,"lastBolusTime":1703580652028,"time":"2023-12-26T14:10:43.631Z"}},{"iob":-0.011,"basaliob":-0.03,"bolussnooze":0,"activity":-1.0E-4,"lastBolusTime":1703580652028,"time":"2023-12-26T14:15:43.631Z","iobWithZeroTemp":{"iob":-0.479,"basaliob":-0.498,"bolussnooze":0,"activity":-0.0042,"lastBolusTime":1703580652028,"time":"2023-12-26T14:15:43.631Z"}},{"iob":-0.011,"basaliob":-0.028,"bolussnooze":0,"activity":-1.0E-4,"lastBolusTime":1703580652028,"time":"2023-12-26T14:20:43.631Z","iobWithZeroTemp":{"iob":-0.482,"basaliob":-0.499,"bolussnooze":0,"activity":-0.0042,"lastBolusTime":1703580652028,"time":"2023-12-26T14:20:43.631Z"}},{"iob":-0.01,"basaliob":-0.025,"bolussnooze":0,"activity":-2.0E-4,"lastBolusTime":1703580652028,"time":"2023-12-26T14:25:43.631Z","iobWithZeroTemp":{"iob":-0.485,"basaliob":-0.5,"bolussnooze":0,"activity":-0.0044,"lastBolusTime":1703580652028,"time":"2023-12-26T14:25:43.631Z"}},{"iob":-0.01,"basaliob":-0.023,"bolussnooze":0,"activity":-1.0E-4,"lastBolusTime":1703580652028,"time":"2023-12-26T14:30:43.631Z","iobWithZeroTemp":{"iob":-0.488,"basaliob":-0.501,"bolussnooze":0,"activity":-0.0043,"lastBolusTime":1703580652028,"time":"2023-12-26T14:30:43.631Z"}},{"iob":-0.009,"basaliob":-0.021,"bolussnooze":0,"activity":-1.0E-4,"lastBolusTime":1703580652028,"time":"2023-12-26T14:35:43.631Z","iobWithZeroTemp":{"iob":-0.49,"basaliob":-0.502,"bolussnooze":0,"activity":-0.0044,"lastBolusTime":1703580652028,"time":"2023-12-26T14:35:43.631Z"}},{"iob":-0.009,"basaliob":-0.019,"bolussnooze":0,"activity":-1.0E-4,"lastBolusTime":1703580652028,"time":"2023-12-26T14:40:43.631Z","iobWithZeroTemp":{"iob":-0.493,"basaliob":-0.503,"bolussnooze":0,"activity":-0.0044,"lastBolusTime":1703580652028,"time":"2023-12-26T14:40:43.631Z"}},{"iob":-0.009,"basaliob":-0.018,"bolussnooze":0,"activity":-1.0E-4,"lastBolusTime":1703580652028,"time":"2023-12-26T14:45:43.631Z","iobWithZeroTemp":{"iob":-0.496,"basaliob":-0.505,"bolussnooze":0,"activity":-0.0045,"lastBolusTime":1703580652028,"time":"2023-12-26T14:45:43.631Z"}}],"profile":{"max_iob":10,"type":"current","max_daily_basal":0.35,"max_basal":0.6,"min_bg":130,"max_bg":130,"target_bg":130,"carb_ratio":17,"sens":170,"max_daily_safety_multiplier":3,"current_basal_safety_multiplier":4,"high_temptarget_raises_sensitivity":false,"low_temptarget_lowers_sensitivity":false,"sensitivity_raises_target":true,"resistance_lowers_target":true,"adv_target_adjustments":false,"exercise_mode":false,"half_basal_exercise_target":160,"maxCOB":120,"skip_neutral_temps":false,"remainingCarbsCap":90,"enableUAM":true,"A52_risk_enable":false,"SMBInterval":4,"enableSMB_with_COB":true,"enableSMB_with_temptarget":true,"allowSMB_with_high_temptarget":false,"enableSMB_always":true,"enableSMB_after_carbs":true,"maxSMBBasalMinutes":45,"maxUAMSMBBasalMinutes":120,"bolus_increment":0.05,"carbsReqThreshold":5,"current_basal":0.15,"temptargetSet":true,"autosens_max":1.3},"autosens_data":{"ratio":1.3},"meal_data":{"carbs":35,"mealCOB":0.698539215686283,"slopeFromMaxDeviation":-0.09799999999999986,"slopeFromMinDeviation":0.5853333333333333,"lastBolusTime":1703580652028,"lastCarbTime":1703576391522},"microBolusAllowed":true,"currentTime":1703587844946,"flatBGsDetected":false},"output":{"temp":"absolute","bg":85,"tick":"+2","eventualBG":122,"targetBG":130,"insulinReq":0,"deliverAt":"2023-12-26T10:50:44.946Z","sensitivityRatio":1.3,"predBGs":{"IOB":[85,86,87,88,88,89,90,90,90,90,90,89,88,88,87,87,86,86,86,85,85,85,85,85,85,85,85,85,85,85,85,85,85,85,85,85,85,85,85,86],"ZT":[85,81,78,75,72,70,68,67,65,64,64,63,63,63,63,63,64,64,65,66,67,68,69,71,72,74,75,77,79,81,83,85,88,90,92,95,97,100,102,105,108,110,113,116,119,122,125,127],"COB":[85,84,81,78,75,73,71,69,68,66,65,64,63,63,62,61,61,61,60,60,60,60,60,60,59,59,59,59,60,60,60,60,60,60,60,60,60,60,60,60,61],"UAM":[85,86,87,89,91,92,94,96,98,100,102,104,106,108,110,111,113,114,116,117,118,119,119,120,120,120,120,120,120,120,120,120,120,121,121,121,121,121,121,121,121,121,121,121,121,122]},"COB":0.698539215686283,"IOB":0.184,"reason":"COB: 0.7, Dev: 30, BGI: -4, ISF: 131, CR: 17, Target: 130, minPredBG 85, minGuardBG 85, IOBpredBG 86, COBpredBG 61, UAMpredBG 122; Eventual BG 122 < 130, setting 120m zero temp. ","duration":120,"rate":0,"timestamp":"2023-12-26T10:50:44.964Z"}}