{"algorithm":"OpenAPSSMBPlugin","input":{"glucoseStatus":{"glucose":101,"noise":0,"delta":8.33,"short_avgdelta":7.17,"long_avgdelta":2.87,"date":1703588428528},"currenttemp":{"temp":"absolute","duration":0,"rate":0},"iob_data":[{"iob":0.215,"basaliob":-0.575,"bolussnooze":0.0069,"activity":0.0046,"lastBolusTime":1703588154393,"time":"2023-12-26T11:00:54.933Z","iobWithZeroTemp":{"iob":0.215,"basaliob":-0.575,"bolussnooze":0.0069,"activity":0.0046,"lastBolusTime":1703588154393,"time":"2023-12-26T11:00:54.933Z"}},{"iob":0.193,"basaliob":-0.545,"bolussnooze":0.0054,"activity":0.0042,"lastBolusTime":1703588154393,"time":"2023-12-26T11:05:54.933Z","iobWithZeroTemp":{"iob":0.167,"basaliob":-0.571,"bolussnooze":0.0054,"activity":0.0042,"lastBolusTime":1703588154393,"time":"2023-12-26T11:05:54.933Z"}},{"iob":0.173,"basaliob":-0.515,"bolussnooze":0.0041,"activity":0.0038,"lastBolusTime":1703588154393,"time":"2023-12-26T11:10:54.933Z","iobWithZeroTemp":{"iob":0.115,"basaliob":-0.573,"bolussnooze":0.0041,"activity":0.0037,"lastBolusTime":1703588154393,"time":"2023-12-26T11:10:54.933Z"}},{"iob":0.155,"basaliob":-0.486,"bolussnooze":0.0031,"activity":0.0034,"lastBolusTime":1703588154393,"time":"2023-12-26T11:15:54.933Z","iobWithZeroTemp":{"iob":0.065,"basaliob":-0.576,"bolussnooze":0.0031,"activity":0.0032,"lastBolusTime":1703588154393,"time":"2023-12-26T11:15:54.933Z"}},{"iob":0.139,"basaliob":-0.458,"bolussnooze":0.0023,"activity":0.0031,"lastBolusTime":1703588154393,"time":"2023-12-26T11:20:54.933Z","iobWithZeroTemp":{"iob":0.018,"basaliob":-0.579,"bolussnooze":0.0023,"activity":0.0028,"lastBolusTime":1703588154393,"time":"2023-12-26T11:20:54.933Z"}},{"iob":0.124,"basaliob":-0.431,"bolussnooze":0.0017,"activity":0.0028,"lastBolusTime":1703588154393,"time":"2023-12-26T11:25:54.933Z","iobWithZeroTemp":{"iob":-0.028,"basaliob":-0.583,"bolussnooze":0.0017,"activity":0.0023,"lastBolusTime":1703588154393,"time":"2023-12-26T11:25:54.933Z"}},{"iob":0.11,"basaliob":-0.406,"bolussnooze":0.0012,"activity":0.0025,"lastBolusTime":1703588154393,"time":"2023-12-26T11:30:54.933Z","iobWithZeroTemp":{"iob":-0.072,"basaliob":-0.588,"bolussnooze":0.0012,"activity":0.0018,"lastBolusTime":1703588154393,"time":"2023-12-26T11:30:54.933Z"}},{"iob":0.098,"basaliob":-0.381,"bolussnooze":8.0E-4,"activity":0.0023,"lastBolusTime":1703588154393,"time":"2023-12-26T11:35:54.933Z","iobWithZeroTemp":{"iob":-0.112,"basaliob":-0.591,"bolussnooze":8.0E-4,"activity":0.0014,"lastBolusTime":1703588154393,"time":"2023-12-26T11:35:54.933Z"}},{"iob":0.087,"basaliob":-0.357,"bolussnooze":5.0E-4,"activity":0.0021,"lastBolusTime":1703588154393,"time":"2023-12-26T11:40:54.933Z","iobWithZeroTemp":{"iob":-0.151,"basaliob":-0.595,"bolussnooze":5.0E-4,"activity":0.001,"lastBolusTime":1703588154393,"time":"2023-12-26T11:40:54.933Z"}},{"iob":0.077,"basaliob":-0.335,"bolussnooze":3.0E-4,"activity":0.0019,"lastBolusTime":1703588154393,"time":"2023-12-26T11:45:54.933Z","iobWithZeroTemp":{"iob":-0.188,"basaliob":-0.6,"bolussnooze":3.0E-4,"activity":6.0E-4,"lastBolusTime":1703588154393,"time":"2023-12-26T11:45:54.933Z"}},{"iob":0.068,"basaliob":-0.313,"bolussnooze":2.0E-4,"activity":0.0017,"lastBolusTime":1703588154393,"time":"2023-12-26T11:50:54.933Z","iobWithZeroTemp":{"iob":-0.222,"basaliob":-0.603,"bolussnooze":2.0E-4,"activity":2.0E-4,"lastBolusTime":1703588154393,"time":"2023-12-26T11:50:54.933Z"}},{"iob":0.06,"basaliob":-0.293,"bolussnooze":1.0E-4,"activity":0.0015,"lastBolusTime":1703588154393,"time":"2023-12-26T11:55:54.933Z","iobWithZeroTemp":{"iob":-0.255,"basaliob":-0.608,"bolussnooze":1.0E-4,"activity":-2.0E-4,"lastBolusTime":1703588154393,"time":"2023-12-26T11:55:54.933Z"}},{"iob":0.053,"basaliob":-0.273,"bolussnooze":0,"activity":0.0013,"lastBolusTime":1703588154393,"time":"2023-12-26T12:00:54.933Z","iobWithZeroTemp":{"iob":-0.285,"basaliob":-0.611,"bolussnooze":0,"activity":-6.0E-4,"lastBolusTime":1703588154393,"time":"2023-12-26T12:00:54.933Z"}},{"iob":0.047,"basaliob":-0.255,"bolussnooze":0,"activity":0.0012,"lastBolusTime":1703588154393,"time":"2023-12-26T12:05:54.933Z","iobWithZeroTemp":{"iob":-0.329,"basaliob":-0.631,"bolussnooze":0,"activity":-0.001,"lastBolusTime":1703588154393,"time":"2023-12-26T12:05:54.933Z"}},{"iob":0.04,"basaliob":-0.238,"bolussnooze":0,"activity":0.0011,"lastBolusTime":1703588154393,"time":"2023-12-26T12:10:54.933Z","iobWithZeroTemp":{"iob":-0.373,"basaliob":-0.651,"bolussnooze":0,"activity":-0.0013,"lastBolusTime":1703588154393,"time":"2023-12-26T12:10:54.933Z"}},{"iob":0.035,"basaliob":-0.222,"bolussnooze":0,"activity":0.001,"lastBolusTime":1703588154393,"time":"2023-12-26T12:15:54.933Z","iobWithZeroTemp":{"iob":-0.414,"basaliob":-0.671,"bolussnooze":0,"activity":-0.0017,"lastBolusTime":1703588154393,"time":"2023-12-26T12:15:54.933Z"}},{"iob":0.031,"basaliob":-0.206,"bolussnooze":0,"activity":9.0E-4,"lastBolusTime":1703588154393,"time":"2023-12-26T12:20:54.933Z","iobWithZeroTemp":{"iob":-0.453,"basaliob":-0.69,"bolussnooze":0,"activity":-0.0021,"lastBolusTime":1703588154393,"time":"2023-12-26T12:20:54.933Z"}},{"iob":0.026,"basaliob":-0.192,"bolussnooze":0,"activity":8.0E-4,"lastBolusTime":1703588154393,"time":"2023-12-26T12:25:54.933Z","iobWithZeroTemp":{"iob":-0.491,"basaliob":-0.709,"bolussnooze":0,"activity":-0.0025,"lastBolusTime":1703588154393,"time":"2023-12-26T12:25:54.933Z"}},{"iob":0.023,"basaliob":-0.178,"bolussnooze":0,"activity":7.0E-4,"lastBolusTime":1703588154393,"time":"2023-12-26T12:30:54.933Z","iobWithZeroTemp":{"iob":-0.525,"basaliob":-0.726,"bolussnooze":0,"activity":-0.0028,"lastBolusTime":1703588154393,"time":"2023-12-26T12:30:54.933Z"}},{"iob":0.02,"basaliob":-0.165,"bolussnooze":0,"activity":6.0E-4,"lastBolusTime":1703588154393,"time":"2023-12-26T12:35:54.933Z","iobWithZeroTemp":{"iob":-0.559,"basaliob":-0.744,"bolussnooze":0,"activity":-0.0032,"lastBolusTime":1703588154393,"time":"2023-12-26T12:35:54.933Z"}},{"iob":0.017,"basaliob":-0.153,"bolussnooze":0,"activity":6.0E-4,"lastBolusTime":1703588154393,"time":"2023-12-26T12:40:54.933Z","iobWithZeroTemp":{"iob":-0.59,"basaliob":-0.76,"bolussnooze":0,"activity":-0.0035,"lastBolusTime":1703588154393,"time":"2023-12-26T12:40:54.933Z"}},{"iob":0.014,"basaliob":-0.142,"bolussnooze":0,"activity":5.0E-4,"lastBolusTime":1703588154393,"time":"2023-12-26T12:45:54.933Z","iobWithZeroTemp":{"iob":-0.621,"basaliob":-0.777,"bolussnooze":0,"activity":-0.0039,"lastBolusTime":1703588154393,"time":"2023-12-26T12:45:54.933Z"}},{"iob":0.011,"basaliob":-0.132,"bolussnooze":0,"activity":5.0E-4,"lastBolusTime":1703588154393,"time":"2023-12-26T12:50:54.933Z","iobWithZeroTemp":{"iob":-0.65,"basaliob":-0.793,"bolussnooze":0,"activity":-0.0042,"lastBolusTime":1703588154393,"time":"2023-12-26T12:50:54.933Z"}},{"iob":0.009,"basaliob":-0.122,"bolussnooze":0,"activity":4.0E-4,"lastBolusTime":1703588154393,"time":"2023-12-26T12:55:54.933Z","iobWithZeroTemp":{"iob":-0.676,"basaliob":-0.807,"bolussnooze":0,"activity":-0.0046,"lastBolusTime":1703588154393,"time":"2023-12-26T12:55:54.933Z"}},{"iob":0.007,"basaliob":-0.113,"bolussnooze":0,"activity":3.0E-4,"lastBolusTime":1703588154393,"time":"2023-12-26T13:00:54.933Z","iobWithZeroTemp":{"iob":-0.702,"basaliob":-0.822,"bolussnooze":0,"activity":-0.0049,"lastBolusTime":1703588154393,"time":"2023-12-26T13:00:54.933Z"}},{"iob":0.006,"basaliob":-0.104,"bolussnooze":0,"activity":3.0E-4,"lastBolusTime":1703588154393,"time":"2023-12-26T13:05:54.933Z","iobWithZeroTemp":{"iob":-0.725,"basaliob":-0.835,"bolussnooze":0,"activity":-0.0052,"lastBolusTime":1703588154393,"time":"2023-12-26T13:05:54.933Z"}},{"iob":0.005,"basaliob":-0.096,"bolussnooze":0,"activity":3.0E-4,"lastBolusTime":1703588154393,"time":"2023-12-26T13:10:54.933Z","iobWithZeroTemp":{"iob":-0.746,"basaliob":-0.847,"bolussnooze":0,"activity":-0.0054,"lastBolusTime":1703588154393,"time":"2023-12-26T13:10:54.933Z"}},{"iob":0.003,"basaliob":-0.089,"bolussnooze":0,"activity":3.0E-4,"lastBolusTime":1703588154393,"time":"2023-12-26T13:15:54.933Z","iobWithZeroTemp":{"iob":-0.768,"basaliob":-0.86,"bolussnooze":0,"activity":-0.0057,"lastBolusTime":1703588154393,"time":"2023-12-26T13:15:54.933Z"}},{"iob":0.002,"basaliob":-0.082,"bolussnooze":0,"activity":2.0E-4,"lastBolusTime":1703588154393,"time":"2023-12-26T13:20:54.933Z","iobWithZeroTemp":{"iob":-0.787,"basaliob":-0.871,"bolussnooze":0,"activity":-0.006,"lastBolusTime":1703588154393,"time":"2023-12-26T13:20:54.933Z"}},{"iob":0.002,"basaliob":-0.075,"bolussnooze":0,"activity":2.0E-4,"lastBolusTime":1703588154393,"time":"2023-12-26T13:25:54.933Z","iobWithZeroTemp":{"iob":-0.804,"basaliob":-0.881,"bolussnooze":0,"activity":-0.0062,"lastBolusTime":1703588154393,"time":"2023-12-26T13:25:54.933Z"}},{"iob":0,"basaliob":-0.07,"bolussnooze":0,"activity":1.0E-4,"lastBolusTime":1703588154393,"time":"2023-12-26T13:30:54.933Z","iobWithZeroTemp":{"iob":-0.823,"basaliob":-0.893,"bolussnooze":0,"activity":-0.0065,"lastBolusTime":1703588154393,"time":"2023-12-26T13:30:54.933Z"}},{"iob":0,"basaliob":-0.064,"bolussnooze":0,"activity":1.0E-4,"lastBolusTime":1703588154393,"time":"2023-12-26T13:35:54.933Z","iobWithZeroTemp":{"iob":-0.838,"basaliob":-0.902,"bolussnooze":0,"activity":-0.0067,"lastBolusTime":1703588154393,"time":"2023-12-26T13:35:54.933Z"}},{"iob":-0.001,"basaliob":-0.059,"bolussnooze":0,"activity":1.0E-4,"lastBolusTime":1703588154393,"time":"2023-12-26T13:40:54.933Z","iobWithZeroTemp":{"iob":-0.853,"basaliob":-0.911,"bolussnooze":0,"activity":-0.0069,"lastBolusTime":1703588154393,"time":"2023-12-26T13:40:54.933Z"}},{"iob":-0.001,"basaliob":-0.054,"bolussnooze":0,"activity":1.0E-4,"lastBolusTime":1703588154393,"time":"2023-12-26T13:45:54.933Z","iobWithZeroTemp":{"iob":-0.866,"basaliob":-0.919,"bolussnooze":0,"activity":-0.0071,"lastBolusTime":1703588154393,"time":"2023-12-26T13:45:54.933Z"}},{"iob":-0.002,"basaliob":-0.05,"bolussnooze":0,"activity":0,"lastBolusTime":1703588154393,"time":"2023-12-26T13:50:54.933Z","iobWithZeroTemp":{"iob":-0.88,"basaliob":-0.928,"bolussnooze":0,"activity":-0.0074,"lastBolusTime":1703588154393,"time":"2023-12-26T13:50:54.933Z"}},{"iob":-0.002,"basaliob":-0.046,"bolussnooze":0,"activity":0,"lastBolusTime":1703588154393,"time":"2023-12-26T13:55:54.933Z","iobWithZeroTemp":{"iob":-0.891,"basaliob":-0.935,"bolussnooze":0,"activity":-0.0075,"lastBolusTime":1703588154393,"time":"2023-12-26T13:55:54.933Z"}},{"iob":-0.003,"basaliob":-0.042,"bolussnooze":0,"activity":1.0E-4,"lastBolusTime":1703588154393,"time":"2023-12-26T14:00:54.933Z","iobWithZeroTemp":{"iob":-0.903,"basaliob":-0.942,"bolussnooze":0,"activity":-0.0076,"lastBolusTime":1703588154393,"time":"2023-12-26T14:00:54.933Z"}},{"iob":-0.002,"basaliob":-0.038,"bolussnooze":0,"activity":0,"lastBolusTime":1703588154393,"time":"2023-12-26T14:05:54.933Z","iobWithZeroTemp":{"iob":-0.912,"basaliob":-0.948,"bolussnooze":0,"activity":-0.0078,"lastBolusTime":1703588154393,"time":"2023-12-26T14:05:54.933Z"}},{"iob":-0.003,"basaliob":-0.035,"bolussnooze":0,"activity":1.0E-4,"lastBolusTime":1703588154393,"time":"2023-12-26T14:10:54.933Z","iobWithZeroTemp":{"iob":-0.922,"basaliob":-0.954,"bolussnooze":0,"activity":-0.0078,"lastBolusTime":1703588154393,"time":"2023-12-26T14:10:54.933Z"}},{"iob":-0.003,"basaliob":-0.032,"bolussnooze":0,"activity":0,"lastBolusTime":1703588154393,"time":"2023-12-26T14:15:54.933Z","iobWithZeroTemp":{"iob":-0.931,"basaliob":-0.96,"bolussnooze":0,"activity":-0.0081,"lastBolusTime":1703588154393,"time":"2023-12-26T14:15:54.933Z"}},{"iob":-0.003,"basaliob":-0.029,"bolussnooze":0,"activity":0,"lastBolusTime":1703588154393,"time":"2023-12-26T14:20:54.933Z","iobWithZeroTemp":{"iob":-0.939,"basaliob":-0.965,"bolussnooze":0,"activity":-0.0082,"lastBolusTime":1703588154393,"time":"2023-12-26T14:20:54.933Z"}},{"iob":-0.003,"basaliob":-0.027,"bolussnooze":0,"activity":0,"lastBolusTime":1703588154393,"time":"2023-12-26T14:25:54.933Z","iobWithZeroTemp":{"iob":-0.947,"basaliob":-0.971,"bolussnooze":0,"activity":-0.0083,"lastBolusTime":1703588154393,"time":"2023-12-26T14:25:54.933Z"}},{"iob":-0.003,"basaliob":-0.024,"bolussnooze":0,"activity":1.0E-4,"lastBolusTime":1703588154393,"time":"2023-12-26T14:30:54.933Z","iobWithZeroTemp":{"iob":-0.954,"basaliob":-0.975,"bolussnooze":0,"activity":-0.0083,"lastBolusTime":1703588154393,"time":"2023-12-26T14:30:54.933Z"}},{"iob":-0.003,"basaliob":-0.022,"bolussnooze":0,"activity":0,"lastBolusTime":1703588154393,"time":"2023-12-26T14:35:54.933Z","iobWithZeroTemp":{"iob":-0.96,"basaliob":-0.979,"bolussnooze":0,"activity":-0.0085,"lastBolusTime":1703588154393,"time":"2023-12-26T14:35:54.933Z"}},{"iob":-0.003,"basaliob":-0.02,"bolussnooze":0,"activity":0,"lastBolusTime":1703588154393,"time":"2023-12-26T14:40:54.933Z","iobWithZeroTemp":{"iob":-0.966,"basaliob":-0.983,"bolussnooze":0,"activity":-0.0086,"lastBolusTime":1703588154393,"time":"2023-12-26T14:40:54.933Z"}},{"iob":-0.002,"basaliob":-0.018,"bolussnooze":0,"activity":0,"lastBolusTime":1703588154393,"time":"2023-12-26T14:45:54.933Z","iobWithZeroTemp":{"iob":-0.971,"basaliob":-0.987,"bolussnooze":0,"activity":-0.0087,"lastBolusTime":1703588154393,"time":"2023-12-26T14:45:54.933Z"}},{"iob":-0.003,"basaliob":-0.017,"bolussnooze":0,"activity":0,"lastBolusTime":1703588154393,"time":"2023-12-26T14:50:54.933Z","iobWithZeroTemp":{"iob":-0.977,"basaliob":-0.991,"bolussnooze":0,"activity":-0.0088,"lastBolusTime":1703588154393,"time":"2023-12-26T14:50:54.933Z"}},{"iob":-0.002,"basaliob":-0.015,"bolussnooze":0,"activity":0,"lastBolusTime":1703588154393,"time":"2023-12-26T14:55:54.933Z","iobWithZeroTemp":{"iob":-0.981,"basaliob":-0.994,"bolussnooze":0,"activity":-0.0088,"lastBolusTime":1703588154393,"time":"2023-12-26T14:55:54.933Z"}}],"profile":{"max_iob":10,"type":"current","max_daily_basal":0.7,"max_basal":1.2,"min_bg":100,"max_bg":100,"target_bg":100,"carb_ratio":8.5,"sens":85,"max_daily_safety_multiplier":3,"current_basal_safety_multiplier":4,"high_temptarget_raises_sensitivity":false,"low_temptarget_lowers_sensitivity":false,"sensitivity_raises_target":true,"resistance_lowers_target":true,"adv_target_adjustments":false,"exercise_mode":false,"half_basal_exercise_target":160,"maxCOB":120,"skip_neutral_temps":false,"remainingCarbsCap":90,"enableUAM":true,"A52_risk_enable":false,"SMBInterval":4,"enableSMB_with_COB":true,"enableSMB_with_temptarget":true,"allowSMB_with_high_temptarget":false,"enableSMB_always":true,"enableSMB_after_carbs":true,"maxSMBBasalMinutes":45,"maxUAMSMBBasalMinutes":120,"bolus_increment":0.05,"carbsReqThreshold":5,"current_basal":0.3,"temptargetSet":false,"autosens_max":1.3},"autosens_data":{"ratio":1.3},"meal_data":{"carbs":35,"mealCOB":0,"slopeFromMaxDeviation":0,"slopeFromMinDeviation":0.7925454545454546,"lastBolusTime":1703588154393,"lastCarbTime":1703576391522},"microBolusAllowed":true,"currentTime":1703588456223,"flatBGsDetected":false},"output":{"temp":"absolute","bg":101,"tick":"+8","eventualBG":225,"targetBG":91,"insulinReq":1.27,"deliverAt":"2023-12-26T11:00:56.223Z","sensitivityRatio":1.3,"predBGs":{"IOB":[101,107,113,119,123,127,131,134,136,137,138,138,138,137,137,137,136,136,136,135,135,135,135,135,135,135,134],"ZT":[101,100,98,97,96,95,94,94,93,93,93,93,93,93,93,94,94],"UAM":[101,108,115,121,128,134,141,147,152,158,163,169,174,179,183,188,192,196,199,203,206,209,212,214,217,219,220,222,223,224,225,225,226,226,225]},"COB":0,"IOB":0.215,"reason":"COB: 0, Dev: 52, BGI: -1, ISF: 65, CR: 8.5, Target: 91, minPredBG 174, minGuardBG 108, IOBpredBG 134, UAMpredBG 225; Eventual BG 225 >= 91,  insulinReq 1.27; maxBolus 0.6. Microbolusing 0.6U. adj. req. rate: 2.93 to maxSafeBasal: 1.2, no temp, setting 1.2U\/hr. ","units":0.6,"duration":30,"rate":1.2,"timestamp":"2023-12-26T11:00:56.270Z"}}