{"algorithm":"OpenAPSSMBPlugin","input":{"glucoseStatus":{"glucose":129,"noise":0,"delta":1.33,"short_avgdelta":1.19,"long_avgdelta":0.31,"date":1703607328587},"currenttemp":{"temp":"absolute","duration":25,"rate":0.95,"minutesrunning":5},"iob_data":[{"iob":0.429,"basaliob":-0.472,"bolussnooze":0,"activity":0.0052,"lastBolusTime":1703607054878,"time":"2023-12-26T16:15:47.706Z","iobWithZeroTemp":{"iob":0.429,"basaliob":-0.472,"bolussnooze":0,"activity":0.0052,"lastBolusTime":1703607054878,"time":"2023-12-26T16:15:47.706Z"}},{"iob":0.404,"basaliob":-0.442,"bolussnooze":0,"activity":0.0051,"lastBolusTime":1703607054878,"time":"2023-12-26T16:20:47.706Z","iobWithZeroTemp":{"iob":0.374,"basaliob":-0.472,"bolussnooze":0,"activity":0.0051,"lastBolusTime":1703607054878,"time":"2023-12-26T16:20:47.706Z"}},{"iob":0.379,"basaliob":-0.414,"bolussnooze":0,"activity":0.0048,"lastBolusTime":1703607054878,"time":"2023-12-26T16:25:47.706Z","iobWithZeroTemp":{"iob":0.312,"basaliob":-0.481,"bolussnooze":0,"activity":0.0047,"lastBolusTime":1703607054878,"time":"2023-12-26T16:25:47.706Z"}},{"iob":0.355,"basaliob":-0.388,"bolussnooze":0,"activity":0.0046,"lastBolusTime":1703607054878,"time":"2023-12-26T16:30:47.706Z","iobWithZeroTemp":{"iob":0.251,"basaliob":-0.492,"bolussnooze":0,"activity":0.0044,"lastBolusTime":1703607054878,"time":"2023-12-26T16:30:47.706Z"}},{"iob":0.332,"basaliob":-0.363,"bolussnooze":0,"activity":0.0044,"lastBolusTime":1703607054878,"time":"2023-12-26T16:35:47.706Z","iobWithZeroTemp":{"iob":0.192,"basaliob":-0.503,"bolussnooze":0,"activity":0.004,"lastBolusTime":1703607054878,"time":"2023-12-26T16:35:47.706Z"}},{"iob":0.311,"basaliob":-0.339,"bolussnooze":0,"activity":0.0041,"lastBolusTime":1703607054878,"time":"2023-12-26T16:40:47.706Z","iobWithZeroTemp":{"iob":0.136,"basaliob":-0.514,"bolussnooze":0,"activity":0.0035,"lastBolusTime":1703607054878,"time":"2023-12-26T16:40:47.706Z"}},{"iob":0.291,"basaliob":-0.316,"bolussnooze":0,"activity":0.004,"lastBolusTime":1703607054878,"time":"2023-12-26T16:45:47.706Z","iobWithZeroTemp":{"iob":0.081,"basaliob":-0.526,"bolussnooze":0,"activity":0.0032,"lastBolusTime":1703607054878,"time":"2023-12-26T16:45:47.706Z"}},{"iob":0.271,"basaliob":-0.295,"bolussnooze":0,"activity":0.0037,"lastBolusTime":1703607054878,"time":"2023-12-26T16:50:47.706Z","iobWithZeroTemp":{"iob":0.028,"basaliob":-0.538,"bolussnooze":0,"activity":0.0027,"lastBolusTime":1703607054878,"time":"2023-12-26T16:50:47.706Z"}},{"iob":0.254,"basaliob":-0.274,"bolussnooze":0,"activity":0.0036,"lastBolusTime":1703607054878,"time":"2023-12-26T16:55:47.706Z","iobWithZeroTemp":{"iob":-0.021,"basaliob":-0.549,"bolussnooze":0,"activity":0.0024,"lastBolusTime":1703607054878,"time":"2023-12-26T16:55:47.706Z"}},{"iob":0.236,"basaliob":-0.255,"bolussnooze":0,"activity":0.0034,"lastBolusTime":1703607054878,"time":"2023-12-26T17:00:47.706Z","iobWithZeroTemp":{"iob":-0.07,"basaliob":-0.561,"bolussnooze":0,"activity":0.0019,"lastBolusTime":1703607054878,"time":"2023-12-26T17:00:47.706Z"}},{"iob":0.22,"basaliob":-0.237,"bolussnooze":0,"activity":0.0031,"lastBolusTime":1703607054878,"time":"2023-12-26T17:05:47.706Z","iobWithZeroTemp":{"iob":-0.103,"basaliob":-0.56,"bolussnooze":0,"activity":0.0014,"lastBolusTime":1703607054878,"time":"2023-12-26T17:05:47.706Z"}},{"iob":0.204,"basaliob":-0.221,"bolussnooze":0,"activity":0.003,"lastBolusTime":1703607054878,"time":"2023-12-26T17:10:47.706Z","iobWithZeroTemp":{"iob":-0.135,"basaliob":-0.56,"bolussnooze":0,"activity":0.0011,"lastBolusTime":1703607054878,"time":"2023-12-26T17:10:47.706Z"}},{"iob":0.19,"basaliob":-0.205,"bolussnooze":0,"activity":0.0028,"lastBolusTime":1703607054878,"time":"2023-12-26T17:15:47.706Z","iobWithZeroTemp":{"iob":-0.164,"basaliob":-0.559,"bolussnooze":0,"activity":6.0E-4,"lastBolusTime":1703607054878,"time":"2023-12-26T17:15:47.706Z"}},{"iob":0.176,"basaliob":-0.19,"bolussnooze":0,"activity":0.0026,"lastBolusTime":1703607054878,"time":"2023-12-26T17:20:47.706Z","iobWithZeroTemp":{"iob":-0.192,"basaliob":-0.558,"bolussnooze":0,"activity":2.0E-4,"lastBolusTime":1703607054878,"time":"2023-12-26T17:20:47.706Z"}},{"iob":0.163,"basaliob":-0.176,"bolussnooze":0,"activity":0.0025,"lastBolusTime":1703607054878,"time":"2023-12-26T17:25:47.706Z","iobWithZeroTemp":{"iob":-0.217,"basaliob":-0.556,"bolussnooze":0,"activity":-1.0E-4,"lastBolusTime":1703607054878,"time":"2023-12-26T17:25:47.706Z"}},{"iob":0.152,"basaliob":-0.163,"bolussnooze":0,"activity":0.0023,"lastBolusTime":1703607054878,"time":"2023-12-26T17:30:47.706Z","iobWithZeroTemp":{"iob":-0.24,"basaliob":-0.555,"bolussnooze":0,"activity":-4.0E-4,"lastBolusTime":1703607054878,"time":"2023-12-26T17:30:47.706Z"}},{"iob":0.14,"basaliob":-0.151,"bolussnooze":0,"activity":0.0022,"lastBolusTime":1703607054878,"time":"2023-12-26T17:35:47.706Z","iobWithZeroTemp":{"iob":-0.263,"basaliob":-0.554,"bolussnooze":0,"activity":-7.0E-4,"lastBolusTime":1703607054878,"time":"2023-12-26T17:35:47.706Z"}},{"iob":0.129,"basaliob":-0.14,"bolussnooze":0,"activity":0.002,"lastBolusTime":1703607054878,"time":"2023-12-26T17:40:47.706Z","iobWithZeroTemp":{"iob":-0.284,"basaliob":-0.553,"bolussnooze":0,"activity":-0.0011,"lastBolusTime":1703607054878,"time":"2023-12-26T17:40:47.706Z"}},{"iob":0.12,"basaliob":-0.129,"bolussnooze":0,"activity":0.0019,"lastBolusTime":1703607054878,"time":"2023-12-26T17:45:47.706Z","iobWithZeroTemp":{"iob":-0.303,"basaliob":-0.552,"bolussnooze":0,"activity":-0.0013,"lastBolusTime":1703607054878,"time":"2023-12-26T17:45:47.706Z"}},{"iob":0.111,"basaliob":-0.119,"bolussnooze":0,"activity":0.0018,"lastBolusTime":1703607054878,"time":"2023-12-26T17:50:47.706Z","iobWithZeroTemp":{"iob":-0.321,"basaliob":-0.551,"bolussnooze":0,"activity":-0.0015,"lastBolusTime":1703607054878,"time":"2023-12-26T17:50:47.706Z"}},{"iob":0.102,"basaliob":-0.11,"bolussnooze":0,"activity":0.0016,"lastBolusTime":1703607054878,"time":"2023-12-26T17:55:47.706Z","iobWithZeroTemp":{"iob":-0.338,"basaliob":-0.55,"bolussnooze":0,"activity":-0.0019,"lastBolusTime":1703607054878,"time":"2023-12-26T17:55:47.706Z"}},{"iob":0.095,"basaliob":-0.101,"bolussnooze":0,"activity":0.0016,"lastBolusTime":1703607054878,"time":"2023-12-26T18:00:47.706Z","iobWithZeroTemp":{"iob":-0.352,"basaliob":-0.548,"bolussnooze":0,"activity":-0.002,"lastBolusTime":1703607054878,"time":"2023-12-26T18:00:47.706Z"}},{"iob":0.087,"basaliob":-0.093,"bolussnooze":0,"activity":0.0015,"lastBolusTime":1703607054878,"time":"2023-12-26T18:05:47.706Z","iobWithZeroTemp":{"iob":-0.367,"basaliob":-0.547,"bolussnooze":0,"activity":-0.0022,"lastBolusTime":1703607054878,"time":"2023-12-26T18:05:47.706Z"}},{"iob":0.08,"basaliob":-0.086,"bolussnooze":0,"activity":0.0014,"lastBolusTime":1703607054878,"time":"2023-12-26T18:10:47.706Z","iobWithZeroTemp":{"iob":-0.38,"basaliob":-0.546,"bolussnooze":0,"activity":-0.0024,"lastBolusTime":1703607054878,"time":"2023-12-26T18:10:47.706Z"}},{"iob":0.074,"basaliob":-0.079,"bolussnooze":0,"activity":0.0013,"lastBolusTime":1703607054878,"time":"2023-12-26T18:15:47.706Z","iobWithZeroTemp":{"iob":-0.392,"basaliob":-0.545,"bolussnooze":0,"activity":-0.0026,"lastBolusTime":1703607054878,"time":"2023-12-26T18:15:47.706Z"}},{"iob":0.067,"basaliob":-0.073,"bolussnooze":0,"activity":0.0012,"lastBolusTime":1703607054878,"time":"2023-12-26T18:20:47.706Z","iobWithZeroTemp":{"iob":-0.404,"basaliob":-0.544,"bolussnooze":0,"activity":-0.0028,"lastBolusTime":1703607054878,"time":"2023-12-26T18:20:47.706Z"}},{"iob":0.062,"basaliob":-0.067,"bolussnooze":0,"activity":0.0011,"lastBolusTime":1703607054878,"time":"2023-12-26T18:25:47.706Z","iobWithZeroTemp":{"iob":-0.414,"basaliob":-0.543,"bolussnooze":0,"activity":-0.003,"lastBolusTime":1703607054878,"time":"2023-12-26T18:25:47.706Z"}},{"iob":0.057,"basaliob":-0.061,"bolussnooze":0,"activity":9.0E-4,"lastBolusTime":1703607054878,"time":"2023-12-26T18:30:47.706Z","iobWithZeroTemp":{"iob":-0.424,"basaliob":-0.542,"bolussnooze":0,"activity":-0.0032,"lastBolusTime":1703607054878,"time":"2023-12-26T18:30:47.706Z"}},{"iob":0.053,"basaliob":-0.056,"bolussnooze":0,"activity":9.0E-4,"lastBolusTime":1703607054878,"time":"2023-12-26T18:35:47.706Z","iobWithZeroTemp":{"iob":-0.432,"basaliob":-0.541,"bolussnooze":0,"activity":-0.0033,"lastBolusTime":1703607054878,"time":"2023-12-26T18:35:47.706Z"}},{"iob":0.048,"basaliob":-0.052,"bolussnooze":0,"activity":8.0E-4,"lastBolusTime":1703607054878,"time":"2023-12-26T18:40:47.706Z","iobWithZeroTemp":{"iob":-0.441,"basaliob":-0.541,"bolussnooze":0,"activity":-0.0035,"lastBolusTime":1703607054878,"time":"2023-12-26T18:40:47.706Z"}},{"iob":0.044,"basaliob":-0.047,"bolussnooze":0,"activity":8.0E-4,"lastBolusTime":1703607054878,"time":"2023-12-26T18:45:47.706Z","iobWithZeroTemp":{"iob":-0.449,"basaliob":-0.54,"bolussnooze":0,"activity":-0.0035,"lastBolusTime":1703607054878,"time":"2023-12-26T18:45:47.706Z"}},{"iob":0.041,"basaliob":-0.043,"bolussnooze":0,"activity":7.0E-4,"lastBolusTime":1703607054878,"time":"2023-12-26T18:50:47.706Z","iobWithZeroTemp":{"iob":-0.455,"basaliob":-0.539,"bolussnooze":0,"activity":-0.0037,"lastBolusTime":1703607054878,"time":"2023-12-26T18:50:47.706Z"}},{"iob":0.036,"basaliob":-0.04,"bolussnooze":0,"activity":7.0E-4,"lastBolusTime":1703607054878,"time":"2023-12-26T18:55:47.706Z","iobWithZeroTemp":{"iob":-0.463,"basaliob":-0.539,"bolussnooze":0,"activity":-0.0037,"lastBolusTime":1703607054878,"time":"2023-12-26T18:55:47.706Z"}},{"iob":0.034,"basaliob":-0.036,"bolussnooze":0,"activity":6.0E-4,"lastBolusTime":1703607054878,"time":"2023-12-26T19:00:47.706Z","iobWithZeroTemp":{"iob":-0.467,"basaliob":-0.537,"bolussnooze":0,"activity":-0.0039,"lastBolusTime":1703607054878,"time":"2023-12-26T19:00:47.706Z"}},{"iob":0.031,"basaliob":-0.033,"bolussnooze":0,"activity":6.0E-4,"lastBolusTime":1703607054878,"time":"2023-12-26T19:05:47.706Z","iobWithZeroTemp":{"iob":-0.473,"basaliob":-0.537,"bolussnooze":0,"activity":-0.0039,"lastBolusTime":1703607054878,"time":"2023-12-26T19:05:47.706Z"}},{"iob":0.028,"basaliob":-0.03,"bolussnooze":0,"activity":5.0E-4,"lastBolusTime":1703607054878,"time":"2023-12-26T19:10:47.706Z","iobWithZeroTemp":{"iob":-0.478,"basaliob":-0.536,"bolussnooze":0,"activity":-0.0041,"lastBolusTime":1703607054878,"time":"2023-12-26T19:10:47.706Z"}},{"iob":0.025,"basaliob":-0.028,"bolussnooze":0,"activity":5.0E-4,"lastBolusTime":1703607054878,"time":"2023-12-26T19:15:47.706Z","iobWithZeroTemp":{"iob":-0.483,"basaliob":-0.536,"bolussnooze":0,"activity":-0.0041,"lastBolusTime":1703607054878,"time":"2023-12-26T19:15:47.706Z"}},{"iob":0.023,"basaliob":-0.025,"bolussnooze":0,"activity":4.0E-4,"lastBolusTime":1703607054878,"time":"2023-12-26T19:20:47.706Z","iobWithZeroTemp":{"iob":-0.487,"basaliob":-0.535,"bolussnooze":0,"activity":-0.0042,"lastBolusTime":1703607054878,"time":"2023-12-26T19:20:47.706Z"}},{"iob":0.021,"basaliob":-0.023,"bolussnooze":0,"activity":4.0E-4,"lastBolusTime":1703607054878,"time":"2023-12-26T19:25:47.706Z","iobWithZeroTemp":{"iob":-0.491,"basaliob":-0.535,"bolussnooze":0,"activity":-0.0043,"lastBolusTime":1703607054878,"time":"2023-12-26T19:25:47.706Z"}},{"iob":0.019,"basaliob":-0.021,"bolussnooze":0,"activity":4.0E-4,"lastBolusTime":1703607054878,"time":"2023-12-26T19:30:47.706Z","iobWithZeroTemp":{"iob":-0.495,"basaliob":-0.535,"bolussnooze":0,"activity":-0.0043,"lastBolusTime":1703607054878,"time":"2023-12-26T19:30:47.706Z"}},{"iob":0.017,"basaliob":-0.019,"bolussnooze":0,"activity":3.0E-4,"lastBolusTime":1703607054878,"time":"2023-12-26T19:35:47.706Z","iobWithZeroTemp":{"iob":-0.498,"basaliob":-0.534,"bolussnooze":0,"activity":-0.0044,"lastBolusTime":1703607054878,"time":"2023-12-26T19:35:47.706Z"}},{"iob":0.016,"basaliob":-0.017,"bolussnooze":0,"activity":3.0E-4,"lastBolusTime":1703607054878,"time":"2023-12-26T19:40:47.706Z","iobWithZeroTemp":{"iob":-0.5,"basaliob":-0.533,"bolussnooze":0,"activity":-0.0044,"lastBolusTime":1703607054878,"time":"2023-12-26T19:40:47.706Z"}},{"iob":0.014,"basaliob":-0.016,"bolussnooze":0,"activity":3.0E-4,"lastBolusTime":1703607054878,"time":"2023-12-26T19:45:47.706Z","iobWithZeroTemp":{"iob":-0.504,"basaliob":-0.534,"bolussnooze":0,"activity":-0.0045,"lastBolusTime":1703607054878,"time":"2023-12-26T19:45:47.706Z"}},{"iob":0.013,"basaliob":-0.014,"bolussnooze":0,"activity":2.0E-4,"lastBolusTime":1703607054878,"time":"2023-12-26T19:50:47.706Z","iobWithZeroTemp":{"iob":-0.506,"basaliob":-0.533,"bolussnooze":0,"activity":-0.0046,"lastBolusTime":1703607054878,"time":"2023-12-26T19:50:47.706Z"}},{"iob":0.012,"basaliob":-0.013,"bolussnooze":0,"activity":2.0E-4,"lastBolusTime":1703607054878,"time":"2023-12-26T19:55:47.706Z","iobWithZeroTemp":{"iob":-0.508,"basaliob":-0.533,"bolussnooze":0,"activity":-0.0046,"lastBolusTime":1703607054878,"time":"2023-12-26T19:55:47.706Z"}},{"iob":0.01,"basaliob":-0.012,"bolussnooze":0,"activity":2.0E-4,"lastBolusTime":1703607054878,"time":"2023-12-26T20:00:47.706Z","iobWithZeroTemp":{"iob":-0.511,"basaliob":-0.533,"bolussnooze":0,"activity":-0.0046,"lastBolusTime":1703607054878,"time":"2023-12-26T20:00:47.706Z"}},{"iob":0.01,"basaliob":-0.01,"bolussnooze":0,"activity":2.0E-4,"lastBolusTime":1703607054878,"time":"2023-12-26T20:05:47.706Z","iobWithZeroTemp":{"iob":-0.512,"basaliob":-0.532,"bolussnooze":0,"activity":-0.0046,"lastBolusTime":1703607054878,"time":"2023-12-26T20:05:47.706Z"}},{"iob":0.009,"basaliob":-0.009,"bolussnooze":0,"activity":2.0E-4,"lastBolusTime":1703607054878,"time":"2023-12-26T20:10:47.706Z","iobWithZeroTemp":{"iob":-0.513,"basaliob":-0.531,"bolussnooze":0,"activity":-0.0047,"lastBolusTime":1703607054878,"time":"2023-12-26T20:10:47.706Z"}}],"profile":{"max_iob":10,"type":"current","max_daily_basal":0.7,"max_basal":1.8,"min_bg":100,"max_bg":100,"target_bg":100,"carb_ratio":8.5,"sens":85,"max_daily_safety_multiplier":3,"current_basal_safety_multiplier":4,"high_temptarget_raises_sensitivity":false,"low_temptarget_lowers_sensitivity":false,"sensitivity_raises_target":true,"resistance_lowers_target":true,"adv_target_adjustments":false,"exercise_mode":false,"half_basal_exercise_target":160,"maxCOB":120,"skip_neutral_temps":false,"remainingCarbsCap":90,"enableUAM":true,"A52_risk_enable":false,"SMBInterval":4,"enableSMB_with_COB":true,"enableSMB_with_temptarget":true,"allowSMB_with_high_temptarget":false,"enableSMB_always":true,"enableSMB_after_carbs":true,"maxSMBBasalMinutes":45,"maxUAMSMBBasalMinutes":120,"bolus_increment":0.05,"carbsReqThreshold":5,"current_basal":0.45,"temptargetSet":false,"autosens_max":1.3},"autosens_data":{"ratio":1},"meal_data":{"carbs":50,"mealCOB":0,"slopeFromMaxDeviation":-0.4100000000000001,"slopeFromMinDeviation":0.09790909090909089,"lastBolusTime":1703607054878,"lastCarbTime":1703592061000},"microBolusAllowed":true,"currentTime":1703607349039,"flatBGsDetected":false},"output":{"temp":"absolute","bg":129,"tick":"+1","eventualBG":113,"targetBG":100,"insulinReq":0.11,"deliverAt":"2023-12-26T16:15:49.039Z","sensitivityRatio":1,"predBGs":{"IOB":[129,130,131,131,131,132,131,131,131,130,129,128,127,126,125,124,123,122,121,120,119,119,118,117,117,116,116,115,115,114,114,114,113,113,113,113,112,112,112,112,112,111],"ZT":[129,127,125,123,121,119,118,116,115,114,113,113,112,112,112,112,112,112,113,113],"UAM":[129,130,130,130,130,130,129,128,126,125,123,122,121,119,118,117,116,115,115,114,113,112,112,111,110,110,109,109,108,108,108,107,107,107,107,106,106,106,106,106,105]},"COB":0,"IOB":0.429,"reason":"COB: 0, Dev: 20, BGI: -2, ISF: 85, CR: 8.5, Target: 100, minPredBG 109, minGuardBG 105, IOBpredBG 111, UAMpredBG 105; Eventual BG 113 >= 100,  insulinReq 0.11. Microbolusing 0.05U. temp 0.95 >~ req 0.67U\/hr. ","units":0.05,"timestamp":"2023-12-26T16:15:49.056Z"}}