{"algorithm":"OpenAPSSMBPlugin","input":{"glucoseStatus":{"glucose":97,"noise":0,"delta":-1.67,"short_avgdelta":-1.59,"long_avgdelta":-2.01,"date":1703613028849},"currenttemp":{"temp":"absolute","duration":70,"rate":0,"minutesrunning":20},"iob_data":[{"iob":0.163,"basaliob":-0.302,"bolussnooze":0,"activity":0.0031,"lastBolusTime":1703610052139,"time":"2023-12-26T17:50:49.256Z","iobWithZeroTemp":{"iob":0.163,"basaliob":-0.302,"bolussnooze":0,"activity":0.0031,"lastBolusTime":1703610052139,"time":"2023-12-26T17:50:49.256Z"}},{"iob":0.148,"basaliob":-0.288,"bolussnooze":0,"activity":0.0028,"lastBolusTime":1703610052139,"time":"2023-12-26T17:55:49.256Z","iobWithZeroTemp":{"iob":0.128,"basaliob":-0.308,"bolussnooze":0,"activity":0.0028,"lastBolusTime":1703610052139,"time":"2023-12-26T17:55:49.256Z"}},{"iob":0.135,"basaliob":-0.273,"bolussnooze":0,"activity":0.0026,"lastBolusTime":1703610052139,"time":"2023-12-26T18:00:49.256Z","iobWithZeroTemp":{"iob":0.09,"basaliob":-0.318,"bolussnooze":0,"activity":0.0025,"lastBolusTime":1703610052139,"time":"2023-12-26T18:00:49.256Z"}},{"iob":0.123,"basaliob":-0.259,"bolussnooze":0,"activity":0.0024,"lastBolusTime":1703610052139,"time":"2023-12-26T18:05:49.256Z","iobWithZeroTemp":{"iob":0.054,"basaliob":-0.328,"bolussnooze":0,"activity":0.0023,"lastBolusTime":1703610052139,"time":"2023-12-26T18:05:49.256Z"}},{"iob":0.111,"basaliob":-0.246,"bolussnooze":0,"activity":0.0022,"lastBolusTime":1703610052139,"time":"2023-12-26T18:10:49.256Z","iobWithZeroTemp":{"iob":0.018,"basaliob":-0.339,"bolussnooze":0,"activity":0.002,"lastBolusTime":1703610052139,"time":"2023-12-26T18:10:49.256Z"}},{"iob":0.101,"basaliob":-0.232,"bolussnooze":0,"activity":0.002,"lastBolusTime":1703610052139,"time":"2023-12-26T18:15:49.256Z","iobWithZeroTemp":{"iob":-0.016,"basaliob":-0.349,"bolussnooze":0,"activity":0.0016,"lastBolusTime":1703610052139,"time":"2023-12-26T18:15:49.256Z"}},{"iob":0.091,"basaliob":-0.219,"bolussnooze":0,"activity":0.0018,"lastBolusTime":1703610052139,"time":"2023-12-26T18:20:49.256Z","iobWithZeroTemp":{"iob":-0.049,"basaliob":-0.359,"bolussnooze":0,"activity":0.0013,"lastBolusTime":1703610052139,"time":"2023-12-26T18:20:49.256Z"}},{"iob":0.082,"basaliob":-0.207,"bolussnooze":0,"activity":0.0016,"lastBolusTime":1703610052139,"time":"2023-12-26T18:25:49.256Z","iobWithZeroTemp":{"iob":-0.08,"basaliob":-0.369,"bolussnooze":0,"activity":9.0E-4,"lastBolusTime":1703610052139,"time":"2023-12-26T18:25:49.256Z"}},{"iob":0.074,"basaliob":-0.195,"bolussnooze":0,"activity":0.0015,"lastBolusTime":1703610052139,"time":"2023-12-26T18:30:49.256Z","iobWithZeroTemp":{"iob":-0.109,"basaliob":-0.378,"bolussnooze":0,"activity":7.0E-4,"lastBolusTime":1703610052139,"time":"2023-12-26T18:30:49.256Z"}},{"iob":0.067,"basaliob":-0.183,"bolussnooze":0,"activity":0.0014,"lastBolusTime":1703610052139,"time":"2023-12-26T18:35:49.256Z","iobWithZeroTemp":{"iob":-0.137,"basaliob":-0.387,"bolussnooze":0,"activity":4.0E-4,"lastBolusTime":1703610052139,"time":"2023-12-26T18:35:49.256Z"}},{"iob":0.06,"basaliob":-0.172,"bolussnooze":0,"activity":0.0012,"lastBolusTime":1703610052139,"time":"2023-12-26T18:40:49.256Z","iobWithZeroTemp":{"iob":-0.163,"basaliob":-0.395,"bolussnooze":0,"activity":0,"lastBolusTime":1703610052139,"time":"2023-12-26T18:40:49.256Z"}},{"iob":0.055,"basaliob":-0.161,"bolussnooze":0,"activity":0.0011,"lastBolusTime":1703610052139,"time":"2023-12-26T18:45:49.256Z","iobWithZeroTemp":{"iob":-0.187,"basaliob":-0.403,"bolussnooze":0,"activity":-2.0E-4,"lastBolusTime":1703610052139,"time":"2023-12-26T18:45:49.256Z"}},{"iob":0.049,"basaliob":-0.151,"bolussnooze":0,"activity":0.001,"lastBolusTime":1703610052139,"time":"2023-12-26T18:50:49.256Z","iobWithZeroTemp":{"iob":-0.211,"basaliob":-0.411,"bolussnooze":0,"activity":-5.0E-4,"lastBolusTime":1703610052139,"time":"2023-12-26T18:50:49.256Z"}},{"iob":0.044,"basaliob":-0.141,"bolussnooze":0,"activity":9.0E-4,"lastBolusTime":1703610052139,"time":"2023-12-26T18:55:49.256Z","iobWithZeroTemp":{"iob":-0.233,"basaliob":-0.418,"bolussnooze":0,"activity":-8.0E-4,"lastBolusTime":1703610052139,"time":"2023-12-26T18:55:49.256Z"}},{"iob":0.04,"basaliob":-0.132,"bolussnooze":0,"activity":8.0E-4,"lastBolusTime":1703610052139,"time":"2023-12-26T19:00:49.256Z","iobWithZeroTemp":{"iob":-0.254,"basaliob":-0.426,"bolussnooze":0,"activity":-0.001,"lastBolusTime":1703610052139,"time":"2023-12-26T19:00:49.256Z"}},{"iob":0.036,"basaliob":-0.123,"bolussnooze":0,"activity":8.0E-4,"lastBolusTime":1703610052139,"time":"2023-12-26T19:05:49.256Z","iobWithZeroTemp":{"iob":-0.273,"basaliob":-0.432,"bolussnooze":0,"activity":-0.0012,"lastBolusTime":1703610052139,"time":"2023-12-26T19:05:49.256Z"}},{"iob":0.032,"basaliob":-0.115,"bolussnooze":0,"activity":7.0E-4,"lastBolusTime":1703610052139,"time":"2023-12-26T19:10:49.256Z","iobWithZeroTemp":{"iob":-0.292,"basaliob":-0.439,"bolussnooze":0,"activity":-0.0015,"lastBolusTime":1703610052139,"time":"2023-12-26T19:10:49.256Z"}},{"iob":0.029,"basaliob":-0.107,"bolussnooze":0,"activity":7.0E-4,"lastBolusTime":1703610052139,"time":"2023-12-26T19:15:49.256Z","iobWithZeroTemp":{"iob":-0.308,"basaliob":-0.444,"bolussnooze":0,"activity":-0.0016,"lastBolusTime":1703610052139,"time":"2023-12-26T19:15:49.256Z"}},{"iob":0.025,"basaliob":-0.1,"bolussnooze":0,"activity":6.0E-4,"lastBolusTime":1703610052139,"time":"2023-12-26T19:20:49.256Z","iobWithZeroTemp":{"iob":-0.325,"basaliob":-0.45,"bolussnooze":0,"activity":-0.0019,"lastBolusTime":1703610052139,"time":"2023-12-26T19:20:49.256Z"}},{"iob":0.023,"basaliob":-0.093,"bolussnooze":0,"activity":6.0E-4,"lastBolusTime":1703610052139,"time":"2023-12-26T19:25:49.256Z","iobWithZeroTemp":{"iob":-0.34,"basaliob":-0.456,"bolussnooze":0,"activity":-0.002,"lastBolusTime":1703610052139,"time":"2023-12-26T19:25:49.256Z"}},{"iob":0.021,"basaliob":-0.086,"bolussnooze":0,"activity":4.0E-4,"lastBolusTime":1703610052139,"time":"2023-12-26T19:30:49.256Z","iobWithZeroTemp":{"iob":-0.353,"basaliob":-0.46,"bolussnooze":0,"activity":-0.0024,"lastBolusTime":1703610052139,"time":"2023-12-26T19:30:49.256Z"}},{"iob":0.018,"basaliob":-0.08,"bolussnooze":0,"activity":4.0E-4,"lastBolusTime":1703610052139,"time":"2023-12-26T19:35:49.256Z","iobWithZeroTemp":{"iob":-0.367,"basaliob":-0.465,"bolussnooze":0,"activity":-0.0025,"lastBolusTime":1703610052139,"time":"2023-12-26T19:35:49.256Z"}},{"iob":0.016,"basaliob":-0.074,"bolussnooze":0,"activity":4.0E-4,"lastBolusTime":1703610052139,"time":"2023-12-26T19:40:49.256Z","iobWithZeroTemp":{"iob":-0.379,"basaliob":-0.469,"bolussnooze":0,"activity":-0.0026,"lastBolusTime":1703610052139,"time":"2023-12-26T19:40:49.256Z"}},{"iob":0.014,"basaliob":-0.069,"bolussnooze":0,"activity":4.0E-4,"lastBolusTime":1703610052139,"time":"2023-12-26T19:45:49.256Z","iobWithZeroTemp":{"iob":-0.391,"basaliob":-0.474,"bolussnooze":0,"activity":-0.0027,"lastBolusTime":1703610052139,"time":"2023-12-26T19:45:49.256Z"}},{"iob":0.013,"basaliob":-0.064,"bolussnooze":0,"activity":3.0E-4,"lastBolusTime":1703610052139,"time":"2023-12-26T19:50:49.256Z","iobWithZeroTemp":{"iob":-0.401,"basaliob":-0.478,"bolussnooze":0,"activity":-0.003,"lastBolusTime":1703610052139,"time":"2023-12-26T19:50:49.256Z"}},{"iob":0.011,"basaliob":-0.059,"bolussnooze":0,"activity":3.0E-4,"lastBolusTime":1703610052139,"time":"2023-12-26T19:55:49.256Z","iobWithZeroTemp":{"iob":-0.412,"basaliob":-0.482,"bolussnooze":0,"activity":-0.0031,"lastBolusTime":1703610052139,"time":"2023-12-26T19:55:49.256Z"}},{"iob":0.01,"basaliob":-0.055,"bolussnooze":0,"activity":2.0E-4,"lastBolusTime":1703610052139,"time":"2023-12-26T20:00:49.256Z","iobWithZeroTemp":{"iob":-0.42,"basaliob":-0.485,"bolussnooze":0,"activity":-0.0033,"lastBolusTime":1703610052139,"time":"2023-12-26T20:00:49.256Z"}},{"iob":0.008,"basaliob":-0.051,"bolussnooze":0,"activity":2.0E-4,"lastBolusTime":1703610052139,"time":"2023-12-26T20:05:49.256Z","iobWithZeroTemp":{"iob":-0.43,"basaliob":-0.489,"bolussnooze":0,"activity":-0.0034,"lastBolusTime":1703610052139,"time":"2023-12-26T20:05:49.256Z"}},{"iob":0.007,"basaliob":-0.047,"bolussnooze":0,"activity":2.0E-4,"lastBolusTime":1703610052139,"time":"2023-12-26T20:10:49.256Z","iobWithZeroTemp":{"iob":-0.438,"basaliob":-0.492,"bolussnooze":0,"activity":-0.0035,"lastBolusTime":1703610052139,"time":"2023-12-26T20:10:49.256Z"}},{"iob":0.007,"basaliob":-0.043,"bolussnooze":0,"activity":2.0E-4,"lastBolusTime":1703610052139,"time":"2023-12-26T20:15:49.256Z","iobWithZeroTemp":{"iob":-0.444,"basaliob":-0.494,"bolussnooze":0,"activity":-0.0036,"lastBolusTime":1703610052139,"time":"2023-12-26T20:15:49.256Z"}},{"iob":0.006,"basaliob":-0.04,"bolussnooze":0,"activity":2.0E-4,"lastBolusTime":1703610052139,"time":"2023-12-26T20:20:49.256Z","iobWithZeroTemp":{"iob":-0.451,"basaliob":-0.497,"bolussnooze":0,"activity":-0.0037,"lastBolusTime":1703610052139,"time":"2023-12-26T20:20:49.256Z"}},{"iob":0.005,"basaliob":-0.037,"bolussnooze":0,"activity":1.0E-4,"lastBolusTime":1703610052139,"time":"2023-12-26T20:25:49.256Z","iobWithZeroTemp":{"iob":-0.458,"basaliob":-0.5,"bolussnooze":0,"activity":-0.0038,"lastBolusTime":1703610052139,"time":"2023-12-26T20:25:49.256Z"}},{"iob":0.004,"basaliob":-0.034,"bolussnooze":0,"activity":1.0E-4,"lastBolusTime":1703610052139,"time":"2023-12-26T20:30:49.256Z","iobWithZeroTemp":{"iob":-0.464,"basaliob":-0.502,"bolussnooze":0,"activity":-0.0039,"lastBolusTime":1703610052139,"time":"2023-12-26T20:30:49.256Z"}},{"iob":0.004,"basaliob":-0.031,"bolussnooze":0,"activity":1.0E-4,"lastBolusTime":1703610052139,"time":"2023-12-26T20:35:49.256Z","iobWithZeroTemp":{"iob":-0.469,"basaliob":-0.504,"bolussnooze":0,"activity":-0.004,"lastBolusTime":1703610052139,"time":"2023-12-26T20:35:49.256Z"}},{"iob":0.003,"basaliob":-0.029,"bolussnooze":0,"activity":1.0E-4,"lastBolusTime":1703610052139,"time":"2023-12-26T20:40:49.256Z","iobWithZeroTemp":{"iob":-0.474,"basaliob":-0.506,"bolussnooze":0,"activity":-0.004,"lastBolusTime":1703610052139,"time":"2023-12-26T20:40:49.256Z"}},{"iob":0.003,"basaliob":-0.026,"bolussnooze":0,"activity":1.0E-4,"lastBolusTime":1703610052139,"time":"2023-12-26T20:45:49.256Z","iobWithZeroTemp":{"iob":-0.478,"basaliob":-0.507,"bolussnooze":0,"activity":-0.0041,"lastBolusTime":1703610052139,"time":"2023-12-26T20:45:49.256Z"}},{"iob":0.003,"basaliob":-0.024,"bolussnooze":0,"activity":1.0E-4,"lastBolusTime":1703610052139,"time":"2023-12-26T20:50:49.256Z","iobWithZeroTemp":{"iob":-0.482,"basaliob":-0.509,"bolussnooze":0,"activity":-0.0042,"lastBolusTime":1703610052139,"time":"2023-12-26T20:50:49.256Z"}},{"iob":0.002,"basaliob":-0.022,"bolussnooze":0,"activity":1.0E-4,"lastBolusTime":1703610052139,"time":"2023-12-26T20:55:49.256Z","iobWithZeroTemp":{"iob":-0.487,"basaliob":-0.511,"bolussnooze":0,"activity":-0.0042,"lastBolusTime":1703610052139,"time":"2023-12-26T20:55:49.256Z"}},{"iob":0.002,"basaliob":-0.02,"bolussnooze":0,"activity":0,"lastBolusTime":1703610052139,"time":"2023-12-26T21:00:49.256Z","iobWithZeroTemp":{"iob":-0.49,"basaliob":-0.512,"bolussnooze":0,"activity":-0.0044,"lastBolusTime":1703610052139,"time":"2023-12-26T21:00:49.256Z"}},{"iob":0.001,"basaliob":-0.019,"bolussnooze":0,"activity":1.0E-4,"lastBolusTime":1703610052139,"time":"2023-12-26T21:05:49.256Z","iobWithZeroTemp":{"iob":-0.527,"basaliob":-0.547,"bolussnooze":0,"activity":-0.0043,"lastBolusTime":1703610052139,"time":"2023-12-26T21:05:49.256Z"}},{"iob":0.001,"basaliob":-0.017,"bolussnooze":0,"activity":0,"lastBolusTime":1703610052139,"time":"2023-12-26T21:10:49.256Z","iobWithZeroTemp":{"iob":-0.563,"basaliob":-0.581,"bolussnooze":0,"activity":-0.0046,"lastBolusTime":1703610052139,"time":"2023-12-26T21:10:49.256Z"}},{"iob":0.001,"basaliob":-0.016,"bolussnooze":0,"activity":0,"lastBolusTime":1703610052139,"time":"2023-12-26T21:15:49.256Z","iobWithZeroTemp":{"iob":-0.598,"basaliob":-0.615,"bolussnooze":0,"activity":-0.0047,"lastBolusTime":1703610052139,"time":"2023-12-26T21:15:49.256Z"}},{"iob":0.001,"basaliob":-0.014,"bolussnooze":0,"activity":0,"lastBolusTime":1703610052139,"time":"2023-12-26T21:20:49.256Z","iobWithZeroTemp":{"iob":-0.632,"basaliob":-0.647,"bolussnooze":0,"activity":-0.0049,"lastBolusTime":1703610052139,"time":"2023-12-26T21:20:49.256Z"}},{"iob":0.001,"basaliob":-0.013,"bolussnooze":0,"activity":1.0E-4,"lastBolusTime":1703610052139,"time":"2023-12-26T21:25:49.256Z","iobWithZeroTemp":{"iob":-0.665,"basaliob":-0.679,"bolussnooze":0,"activity":-0.005,"lastBolusTime":1703610052139,"time":"2023-12-26T21:25:49.256Z"}},{"iob":0,"basaliob":-0.012,"bolussnooze":0,"activity":0,"lastBolusTime":1703610052139,"time":"2023-12-26T21:30:49.256Z","iobWithZeroTemp":{"iob":-0.698,"basaliob":-0.71,"bolussnooze":0,"activity":-0.0053,"lastBolusTime":1703610052139,"time":"2023-12-26T21:30:49.256Z"}},{"iob":0,"basaliob":-0.011,"bolussnooze":0,"activity":0,"lastBolusTime":1703610052139,"time":"2023-12-26T21:35:49.256Z","iobWithZeroTemp":{"iob":-0.729,"basaliob":-0.74,"bolussnooze":0,"activity":-0.0056,"lastBolusTime":1703610052139,"time":"2023-12-26T21:35:49.256Z"}},{"iob":0,"basaliob":-0.01,"bolussnooze":0,"activity":0,"lastBolusTime":1703610052139,"time":"2023-12-26T21:40:49.256Z","iobWithZeroTemp":{"iob":-0.759,"basaliob":-0.769,"bolussnooze":0,"activity":-0.0058,"lastBolusTime":1703610052139,"time":"2023-12-26T21:40:49.256Z"}},{"iob":0,"basaliob":-0.009,"bolussnooze":0,"activity":0,"lastBolusTime":1703610052139,"time":"2023-12-26T21:45:49.256Z","iobWithZeroTemp":{"iob":-0.788,"basaliob":-0.797,"bolussnooze":0,"activity":-0.006,"lastBolusTime":1703610052139,"time":"2023-12-26T21:45:49.256Z"}}],"profile":{"max_iob":10,"type":"current","max_daily_basal":0.7,"max_basal":1.2,"min_bg":100,"max_bg":100,"target_bg":100,"carb_ratio":8.5,"sens":85,"max_daily_safety_multiplier":3,"current_basal_safety_multiplier":4,"high_temptarget_raises_sensitivity":false,"low_temptarget_lowers_sensitivity":false,"sensitivity_raises_target":true,"resistance_lowers_target":true,"adv_target_adjustments":false,"exercise_mode":false,"half_basal_exercise_target":160,"maxCOB":120,"skip_neutral_temps":false,"remainingCarbsCap":90,"enableUAM":true,"A52_risk_enable":false,"SMBInterval":4,"enableSMB_with_COB":true,"enableSMB_with_temptarget":true,"allowSMB_with_high_temptarget":false,"enableSMB_always":true,"enableSMB_after_carbs":true,"maxSMBBasalMinutes":45,"maxUAMSMBBasalMinutes":120,"bolus_increment":0.05,"carbsReqThreshold":5,"current_basal":0.3,"temptargetSet":false,"autosens_max":1.3},"autosens_data":{"ratio":1},"meal_data":{"carbs":10,"mealCOB":0,"slopeFromMaxDeviation":-0.2121111111111111,"slopeFromMinDeviation":0.30374999999999996,"lastBolusTime":1703610052139,"lastCarbTime":1703592061000},"microBolusAllowed":true,"currentTime":1703613050709,"flatBGsDetected":false},"output":{"temp":"absolute","bg":97,"tick":-2,"eventualBG":79,"targetBG":100,"insulinReq":0,"deliverAt":"2023-12-26T17:50:50.709Z","sensitivityRatio":1,"predBGs":{"IOB":[97,95,94,93,91,90,89,88,88,87,86,86,85,85,84,84,84,83,83,83,83,83,82,82,82,82,82,82,82,82,81],"ZT":[97,96,94,93,92,92,91,90,90,90,90,90,90,90,90,91,91,92,92,93,94,95,96,97,98,100]},"COB":0,"IOB":0.163,"reason":"COB: 0, Dev: -4, BGI: -1, ISF: 85, CR: 8.5, Target: 100, minPredBG 83, minGuardBG 81, IOBpredBG 81; Eventual BG 79 < 100, setting 30m zero temp.  70m left and 0 ~ req 0U\/hr: no temp required","timestamp":"2023-12-26T17:50:50.746Z"}}