{"algorithm":"OpenAPSSMBPlugin","input":{"glucoseStatus":{"glucose":91,"noise":0,"delta":-7,"short_avgdelta":-5.33,"long_avgdelta":-3.69,"date":1703620229015},"currenttemp":{"temp":"absolute","duration":90,"rate":0,"minutesrunning":30},"iob_data":[{"iob":3.425,"basaliob":-0.448,"bolussnooze":1.1939,"activity":0.0383,"lastBolusTime":1703618155304,"time":"2023-12-26T19:50:54.693Z","iobWithZeroTemp":{"iob":3.425,"basaliob":-0.448,"bolussnooze":1.1939,"activity":0.0383,"lastBolusTime":1703618155304,"time":"2023-12-26T19:50:54.693Z"}},{"iob":3.236,"basaliob":-0.428,"bolussnooze":1.0309,"activity":0.0371,"lastBolusTime":1703618155304,"time":"2023-12-26T19:55:54.693Z","iobWithZeroTemp":{"iob":3.216,"basaliob":-0.448,"bolussnooze":1.0309,"activity":0.0371,"lastBolusTime":1703618155304,"time":"2023-12-26T19:55:54.693Z"}},{"iob":3.049,"basaliob":-0.413,"bolussnooze":0.8874,"activity":0.0359,"lastBolusTime":1703618155304,"time":"2023-12-26T20:00:54.693Z","iobWithZeroTemp":{"iob":3.004,"basaliob":-0.458,"bolussnooze":0.8874,"activity":0.0358,"lastBolusTime":1703618155304,"time":"2023-12-26T20:00:54.693Z"}},{"iob":2.873,"basaliob":-0.393,"bolussnooze":0.7616,"activity":0.0346,"lastBolusTime":1703618155304,"time":"2023-12-26T20:05:54.693Z","iobWithZeroTemp":{"iob":2.804,"basaliob":-0.462,"bolussnooze":0.7616,"activity":0.0345,"lastBolusTime":1703618155304,"time":"2023-12-26T20:05:54.693Z"}},{"iob":2.703,"basaliob":-0.374,"bolussnooze":0.6517,"activity":0.0332,"lastBolusTime":1703618155304,"time":"2023-12-26T20:10:54.693Z","iobWithZeroTemp":{"iob":2.61,"basaliob":-0.467,"bolussnooze":0.6517,"activity":0.033,"lastBolusTime":1703618155304,"time":"2023-12-26T20:10:54.693Z"}},{"iob":2.541,"basaliob":-0.354,"bolussnooze":0.5561,"activity":0.0319,"lastBolusTime":1703618155304,"time":"2023-12-26T20:15:54.693Z","iobWithZeroTemp":{"iob":2.424,"basaliob":-0.471,"bolussnooze":0.5561,"activity":0.0315,"lastBolusTime":1703618155304,"time":"2023-12-26T20:15:54.693Z"}},{"iob":2.384,"basaliob":-0.336,"bolussnooze":0.4732,"activity":0.0305,"lastBolusTime":1703618155304,"time":"2023-12-26T20:20:54.693Z","iobWithZeroTemp":{"iob":2.244,"basaliob":-0.476,"bolussnooze":0.4732,"activity":0.03,"lastBolusTime":1703618155304,"time":"2023-12-26T20:20:54.693Z"}},{"iob":2.236,"basaliob":-0.317,"bolussnooze":0.4015,"activity":0.029,"lastBolusTime":1703618155304,"time":"2023-12-26T20:25:54.693Z","iobWithZeroTemp":{"iob":2.074,"basaliob":-0.479,"bolussnooze":0.4015,"activity":0.0283,"lastBolusTime":1703618155304,"time":"2023-12-26T20:25:54.693Z"}},{"iob":2.095,"basaliob":-0.299,"bolussnooze":0.3397,"activity":0.0276,"lastBolusTime":1703618155304,"time":"2023-12-26T20:30:54.693Z","iobWithZeroTemp":{"iob":1.912,"basaliob":-0.482,"bolussnooze":0.3397,"activity":0.0268,"lastBolusTime":1703618155304,"time":"2023-12-26T20:30:54.693Z"}},{"iob":1.96,"basaliob":-0.282,"bolussnooze":0.2866,"activity":0.0262,"lastBolusTime":1703618155304,"time":"2023-12-26T20:35:54.693Z","iobWithZeroTemp":{"iob":1.756,"basaliob":-0.486,"bolussnooze":0.2866,"activity":0.0252,"lastBolusTime":1703618155304,"time":"2023-12-26T20:35:54.693Z"}},{"iob":1.832,"basaliob":-0.266,"bolussnooze":0.2411,"activity":0.0248,"lastBolusTime":1703618155304,"time":"2023-12-26T20:40:54.693Z","iobWithZeroTemp":{"iob":1.609,"basaliob":-0.489,"bolussnooze":0.2411,"activity":0.0236,"lastBolusTime":1703618155304,"time":"2023-12-26T20:40:54.693Z"}},{"iob":1.711,"basaliob":-0.25,"bolussnooze":0.2022,"activity":0.0236,"lastBolusTime":1703618155304,"time":"2023-12-26T20:45:54.693Z","iobWithZeroTemp":{"iob":1.469,"basaliob":-0.492,"bolussnooze":0.2022,"activity":0.0223,"lastBolusTime":1703618155304,"time":"2023-12-26T20:45:54.693Z"}},{"iob":1.597,"basaliob":-0.234,"bolussnooze":0.1691,"activity":0.0223,"lastBolusTime":1703618155304,"time":"2023-12-26T20:50:54.693Z","iobWithZeroTemp":{"iob":1.337,"basaliob":-0.494,"bolussnooze":0.1691,"activity":0.0208,"lastBolusTime":1703618155304,"time":"2023-12-26T20:50:54.693Z"}},{"iob":1.488,"basaliob":-0.22,"bolussnooze":0.1409,"activity":0.0211,"lastBolusTime":1703618155304,"time":"2023-12-26T20:55:54.693Z","iobWithZeroTemp":{"iob":1.211,"basaliob":-0.497,"bolussnooze":0.1409,"activity":0.0194,"lastBolusTime":1703618155304,"time":"2023-12-26T20:55:54.693Z"}},{"iob":1.386,"basaliob":-0.206,"bolussnooze":0.117,"activity":0.0198,"lastBolusTime":1703618155304,"time":"2023-12-26T21:00:54.693Z","iobWithZeroTemp":{"iob":1.092,"basaliob":-0.5,"bolussnooze":0.117,"activity":0.018,"lastBolusTime":1703618155304,"time":"2023-12-26T21:00:54.693Z"}},{"iob":1.29,"basaliob":-0.193,"bolussnooze":0.0969,"activity":0.0186,"lastBolusTime":1703618155304,"time":"2023-12-26T21:05:54.693Z","iobWithZeroTemp":{"iob":0.948,"basaliob":-0.535,"bolussnooze":0.0969,"activity":0.0166,"lastBolusTime":1703618155304,"time":"2023-12-26T21:05:54.693Z"}},{"iob":1.2,"basaliob":-0.18,"bolussnooze":0.0799,"activity":0.0176,"lastBolusTime":1703618155304,"time":"2023-12-26T21:10:54.693Z","iobWithZeroTemp":{"iob":0.811,"basaliob":-0.569,"bolussnooze":0.0799,"activity":0.0153,"lastBolusTime":1703618155304,"time":"2023-12-26T21:10:54.693Z"}},{"iob":1.115,"basaliob":-0.168,"bolussnooze":0.0656,"activity":0.0165,"lastBolusTime":1703618155304,"time":"2023-12-26T21:15:54.693Z","iobWithZeroTemp":{"iob":0.68,"basaliob":-0.603,"bolussnooze":0.0656,"activity":0.014,"lastBolusTime":1703618155304,"time":"2023-12-26T21:15:54.693Z"}},{"iob":1.035,"basaliob":-0.157,"bolussnooze":0.0536,"activity":0.0154,"lastBolusTime":1703618155304,"time":"2023-12-26T21:20:54.693Z","iobWithZeroTemp":{"iob":0.555,"basaliob":-0.637,"bolussnooze":0.0536,"activity":0.0126,"lastBolusTime":1703618155304,"time":"2023-12-26T21:20:54.693Z"}},{"iob":0.96,"basaliob":-0.146,"bolussnooze":0.0436,"activity":0.0144,"lastBolusTime":1703618155304,"time":"2023-12-26T21:25:54.693Z","iobWithZeroTemp":{"iob":0.437,"basaliob":-0.669,"bolussnooze":0.0436,"activity":0.0113,"lastBolusTime":1703618155304,"time":"2023-12-26T21:25:54.693Z"}},{"iob":0.89,"basaliob":-0.136,"bolussnooze":0.0353,"activity":0.0136,"lastBolusTime":1703618155304,"time":"2023-12-26T21:30:54.693Z","iobWithZeroTemp":{"iob":0.325,"basaliob":-0.701,"bolussnooze":0.0353,"activity":0.0101,"lastBolusTime":1703618155304,"time":"2023-12-26T21:30:54.693Z"}},{"iob":0.824,"basaliob":-0.127,"bolussnooze":0.0284,"activity":0.0127,"lastBolusTime":1703618155304,"time":"2023-12-26T21:35:54.693Z","iobWithZeroTemp":{"iob":0.219,"basaliob":-0.732,"bolussnooze":0.0284,"activity":0.0089,"lastBolusTime":1703618155304,"time":"2023-12-26T21:35:54.693Z"}},{"iob":0.763,"basaliob":-0.118,"bolussnooze":0.0227,"activity":0.0119,"lastBolusTime":1703618155304,"time":"2023-12-26T21:40:54.693Z","iobWithZeroTemp":{"iob":0.12,"basaliob":-0.761,"bolussnooze":0.0227,"activity":0.0078,"lastBolusTime":1703618155304,"time":"2023-12-26T21:40:54.693Z"}},{"iob":0.705,"basaliob":-0.11,"bolussnooze":0.0181,"activity":0.0111,"lastBolusTime":1703618155304,"time":"2023-12-26T21:45:54.693Z","iobWithZeroTemp":{"iob":0.025,"basaliob":-0.79,"bolussnooze":0.0181,"activity":0.0066,"lastBolusTime":1703618155304,"time":"2023-12-26T21:45:54.693Z"}},{"iob":0.652,"basaliob":-0.102,"bolussnooze":0.0142,"activity":0.0103,"lastBolusTime":1703618155304,"time":"2023-12-26T21:50:54.693Z","iobWithZeroTemp":{"iob":-0.063,"basaliob":-0.817,"bolussnooze":0.0142,"activity":0.0055,"lastBolusTime":1703618155304,"time":"2023-12-26T21:50:54.693Z"}},{"iob":0.603,"basaliob":-0.094,"bolussnooze":0.0111,"activity":0.0096,"lastBolusTime":1703618155304,"time":"2023-12-26T21:55:54.693Z","iobWithZeroTemp":{"iob":-0.145,"basaliob":-0.842,"bolussnooze":0.0111,"activity":0.0044,"lastBolusTime":1703618155304,"time":"2023-12-26T21:55:54.693Z"}},{"iob":0.557,"basaliob":-0.087,"bolussnooze":0.0086,"activity":0.009,"lastBolusTime":1703618155304,"time":"2023-12-26T22:00:54.693Z","iobWithZeroTemp":{"iob":-0.223,"basaliob":-0.867,"bolussnooze":0.0086,"activity":0.0035,"lastBolusTime":1703618155304,"time":"2023-12-26T22:00:54.693Z"}},{"iob":0.513,"basaliob":-0.081,"bolussnooze":0.0065,"activity":0.0084,"lastBolusTime":1703618155304,"time":"2023-12-26T22:05:54.693Z","iobWithZeroTemp":{"iob":-0.297,"basaliob":-0.891,"bolussnooze":0.0065,"activity":0.0026,"lastBolusTime":1703618155304,"time":"2023-12-26T22:05:54.693Z"}},{"iob":0.473,"basaliob":-0.075,"bolussnooze":0.0049,"activity":0.0077,"lastBolusTime":1703618155304,"time":"2023-12-26T22:10:54.693Z","iobWithZeroTemp":{"iob":-0.365,"basaliob":-0.913,"bolussnooze":0.0049,"activity":0.0016,"lastBolusTime":1703618155304,"time":"2023-12-26T22:10:54.693Z"}},{"iob":0.436,"basaliob":-0.069,"bolussnooze":0.0036,"activity":0.0072,"lastBolusTime":1703618155304,"time":"2023-12-26T22:15:54.693Z","iobWithZeroTemp":{"iob":-0.429,"basaliob":-0.934,"bolussnooze":0.0036,"activity":8.0E-4,"lastBolusTime":1703618155304,"time":"2023-12-26T22:15:54.693Z"}},{"iob":0.401,"basaliob":-0.064,"bolussnooze":0.0026,"activity":0.0067,"lastBolusTime":1703618155304,"time":"2023-12-26T22:20:54.693Z","iobWithZeroTemp":{"iob":-0.489,"basaliob":-0.954,"bolussnooze":0.0026,"activity":0,"lastBolusTime":1703618155304,"time":"2023-12-26T22:20:54.693Z"}},{"iob":0.369,"basaliob":-0.059,"bolussnooze":0.0018,"activity":0.0062,"lastBolusTime":1703618155304,"time":"2023-12-26T22:25:54.693Z","iobWithZeroTemp":{"iob":-0.545,"basaliob":-0.973,"bolussnooze":0.0018,"activity":-8.0E-4,"lastBolusTime":1703618155304,"time":"2023-12-26T22:25:54.693Z"}},{"iob":0.339,"basaliob":-0.055,"bolussnooze":0.0012,"activity":0.0057,"lastBolusTime":1703618155304,"time":"2023-12-26T22:30:54.693Z","iobWithZeroTemp":{"iob":-0.598,"basaliob":-0.992,"bolussnooze":0.0012,"activity":-0.0016,"lastBolusTime":1703618155304,"time":"2023-12-26T22:30:54.693Z"}},{"iob":0.312,"basaliob":-0.05,"bolussnooze":8.0E-4,"activity":0.0053,"lastBolusTime":1703618155304,"time":"2023-12-26T22:35:54.693Z","iobWithZeroTemp":{"iob":-0.646,"basaliob":-1.008,"bolussnooze":8.0E-4,"activity":-0.0023,"lastBolusTime":1703618155304,"time":"2023-12-26T22:35:54.693Z"}},{"iob":0.286,"basaliob":-0.046,"bolussnooze":5.0E-4,"activity":0.0049,"lastBolusTime":1703618155304,"time":"2023-12-26T22:40:54.693Z","iobWithZeroTemp":{"iob":-0.691,"basaliob":-1.023,"bolussnooze":5.0E-4,"activity":-0.0029,"lastBolusTime":1703618155304,"time":"2023-12-26T22:40:54.693Z"}},{"iob":0.262,"basaliob":-0.043,"bolussnooze":3.0E-4,"activity":0.0046,"lastBolusTime":1703618155304,"time":"2023-12-26T22:45:54.693Z","iobWithZeroTemp":{"iob":-0.734,"basaliob":-1.039,"bolussnooze":3.0E-4,"activity":-0.0035,"lastBolusTime":1703618155304,"time":"2023-12-26T22:45:54.693Z"}},{"iob":0.241,"basaliob":-0.039,"bolussnooze":1.0E-4,"activity":0.0042,"lastBolusTime":1703618155304,"time":"2023-12-26T22:50:54.693Z","iobWithZeroTemp":{"iob":-0.772,"basaliob":-1.052,"bolussnooze":1.0E-4,"activity":-0.0041,"lastBolusTime":1703618155304,"time":"2023-12-26T22:50:54.693Z"}},{"iob":0.22,"basaliob":-0.036,"bolussnooze":0,"activity":0.0039,"lastBolusTime":1703618155304,"time":"2023-12-26T22:55:54.693Z","iobWithZeroTemp":{"iob":-0.81,"basaliob":-1.066,"bolussnooze":0,"activity":-0.0046,"lastBolusTime":1703618155304,"time":"2023-12-26T22:55:54.693Z"}},{"iob":0.202,"basaliob":-0.033,"bolussnooze":0,"activity":0.0036,"lastBolusTime":1703618155304,"time":"2023-12-26T23:00:54.693Z","iobWithZeroTemp":{"iob":-0.843,"basaliob":-1.078,"bolussnooze":0,"activity":-0.0051,"lastBolusTime":1703618155304,"time":"2023-12-26T23:00:54.693Z"}},{"iob":0.184,"basaliob":-0.031,"bolussnooze":0,"activity":0.0033,"lastBolusTime":1703618155304,"time":"2023-12-26T23:05:54.693Z","iobWithZeroTemp":{"iob":-0.867,"basaliob":-1.082,"bolussnooze":0,"activity":-0.0056,"lastBolusTime":1703618155304,"time":"2023-12-26T23:05:54.693Z"}},{"iob":0.168,"basaliob":-0.028,"bolussnooze":0,"activity":0.003,"lastBolusTime":1703618155304,"time":"2023-12-26T23:10:54.693Z","iobWithZeroTemp":{"iob":-0.888,"basaliob":-1.084,"bolussnooze":0,"activity":-0.0061,"lastBolusTime":1703618155304,"time":"2023-12-26T23:10:54.693Z"}},{"iob":0.153,"basaliob":-0.026,"bolussnooze":0,"activity":0.0029,"lastBolusTime":1703618155304,"time":"2023-12-26T23:15:54.693Z","iobWithZeroTemp":{"iob":-0.907,"basaliob":-1.086,"bolussnooze":0,"activity":-0.0063,"lastBolusTime":1703618155304,"time":"2023-12-26T23:15:54.693Z"}},{"iob":0.14,"basaliob":-0.024,"bolussnooze":0,"activity":0.0026,"lastBolusTime":1703618155304,"time":"2023-12-26T23:20:54.693Z","iobWithZeroTemp":{"iob":-0.924,"basaliob":-1.088,"bolussnooze":0,"activity":-0.0068,"lastBolusTime":1703618155304,"time":"2023-12-26T23:20:54.693Z"}},{"iob":0.127,"basaliob":-0.022,"bolussnooze":0,"activity":0.0024,"lastBolusTime":1703618155304,"time":"2023-12-26T23:25:54.693Z","iobWithZeroTemp":{"iob":-0.94,"basaliob":-1.089,"bolussnooze":0,"activity":-0.0071,"lastBolusTime":1703618155304,"time":"2023-12-26T23:25:54.693Z"}},{"iob":0.116,"basaliob":-0.02,"bolussnooze":0,"activity":0.0021,"lastBolusTime":1703618155304,"time":"2023-12-26T23:30:54.693Z","iobWithZeroTemp":{"iob":-0.953,"basaliob":-1.089,"bolussnooze":0,"activity":-0.0075,"lastBolusTime":1703618155304,"time":"2023-12-26T23:30:54.693Z"}},{"iob":0.106,"basaliob":-0.018,"bolussnooze":0,"activity":0.002,"lastBolusTime":1703618155304,"time":"2023-12-26T23:35:54.693Z","iobWithZeroTemp":{"iob":-0.965,"basaliob":-1.089,"bolussnooze":0,"activity":-0.0077,"lastBolusTime":1703618155304,"time":"2023-12-26T23:35:54.693Z"}},{"iob":0.096,"basaliob":-0.017,"bolussnooze":0,"activity":0.0018,"lastBolusTime":1703618155304,"time":"2023-12-26T23:40:54.693Z","iobWithZeroTemp":{"iob":-0.976,"basaliob":-1.089,"bolussnooze":0,"activity":-0.0079,"lastBolusTime":1703618155304,"time":"2023-12-26T23:40:54.693Z"}},{"iob":0.087,"basaliob":-0.015,"bolussnooze":0,"activity":0.0017,"lastBolusTime":1703618155304,"time":"2023-12-26T23:45:54.693Z","iobWithZeroTemp":{"iob":-0.987,"basaliob":-1.089,"bolussnooze":0,"activity":-0.0081,"lastBolusTime":1703618155304,"time":"2023-12-26T23:45:54.693Z"}}],"profile":{"max_iob":10,"type":"current","max_daily_basal":0.7,"max_basal":1.2,"min_bg":100,"max_bg":100,"target_bg":100,"carb_ratio":5.5,"sens":60,"max_daily_safety_multiplier":3,"current_basal_safety_multiplier":4,"high_temptarget_raises_sensitivity":false,"low_temptarget_lowers_sensitivity":false,"sensitivity_raises_target":true,"resistance_lowers_target":true,"adv_target_adjustments":false,"exercise_mode":false,"half_basal_exercise_target":160,"maxCOB":120,"skip_neutral_temps":false,"remainingCarbsCap":90,"enableUAM":true,"A52_risk_enable":false,"SMBInterval":4,"enableSMB_with_COB":true,"enableSMB_with_temptarget":true,"allowSMB_with_high_temptarget":false,"enableSMB_always":true,"enableSMB_after_carbs":true,"maxSMBBasalMinutes":45,"maxUAMSMBBasalMinutes":120,"bolus_increment":0.05,"carbsReqThreshold":5,"current_basal":0.3,"temptargetSet":false,"autosens_max":1.3},"autosens_data":{"ratio":1},"meal_data":{"carbs":40,"mealCOB":25.8809068627451,"slopeFromMaxDeviation":-1.0711249999999999,"slopeFromMinDeviation":1.1385,"lastBolusTime":1703618155304,"lastCarbTime":1703615283000},"microBolusAllowed":true,"currentTime":1703620256732,"flatBGsDetected":false},"output":{"temp":"absolute","bg":91,"tick":-7,"eventualBG":144,"targetBG":100,"insulinReq":0,"deliverAt":"2023-12-26T19:50:56.732Z","sensitivityRatio":1,"predBGs":{"IOB":[91,84,76,69,61,54,47,40,39,39,39,39,39],"ZT":[91,80,68,58,47,39,39,39,39,39,39,39,39,39,39,39,39,39,39,39,39,39,39,39,39,39,39,39,39,39,39,39,39,39,39,39,39,39,39,39,39,39,39,39,39,39,39,39],"COB":[91,84,78,72,66,61,56,52,49,46,43,41,40,39,39,39,39,39,39,41,42,45,47,50,53,56,60,64,68,73,78,83,87,92,97,101,106,110,114,118,122,125,129,132,136,139,141,144],"UAM":[91,83,74,65,55,45,39,39,39,39,39,39,39]},"COB":25.8809068627451,"IOB":3.425,"reason":"COB: 25.9, Dev: 27, BGI: -11, ISF: 60, CR: 5.5, Target: 100, minPredBG 39, minGuardBG -14, IOBpredBG 39, COBpredBG 144, UAMpredBG 39; minGuardBG -14<70","duration":120,"rate":0,"timestamp":"2023-12-26T19:50:56.762Z"}}