{"algorithm":"OpenAPSSMBPlugin","input":{"glucoseStatus":{"glucose":132,"noise":0,"delta":1.33,"short_avgdelta":0.09,"long_avgdelta":0.93,"date":1703581828421},"currenttemp":{"temp":"absolute","duration":110,"rate":0,"minutesrunning":10},"iob_data":[{"iob":2.345,"basaliob":-0.686,"bolussnooze":0.4612,"activity":0.0274,"lastBolusTime":1703580652028,"time":"2023-12-26T09:10:45.561Z","iobWithZeroTemp":{"iob":2.345,"basaliob":-0.686,"bolussnooze":0.4612,"activity":0.0274,"lastBolusTime":1703580652028,"time":"2023-12-26T09:10:45.561Z"}},{"iob":2.211,"basaliob":-0.658,"bolussnooze":0.3951,"activity":0.0263,"lastBolusTime":1703580652028,"time":"2023-12-26T09:15:45.561Z","iobWithZeroTemp":{"iob":2.185,"basaliob":-0.684,"bolussnooze":0.3951,"activity":0.0263,"lastBolusTime":1703580652028,"time":"2023-12-26T09:15:45.561Z"}},{"iob":2.081,"basaliob":-0.63,"bolussnooze":0.3375,"activity":0.0253,"lastBolusTime":1703580652028,"time":"2023-12-26T09:20:45.561Z","iobWithZeroTemp":{"iob":2.023,"basaliob":-0.688,"bolussnooze":0.3375,"activity":0.0252,"lastBolusTime":1703580652028,"time":"2023-12-26T09:20:45.561Z"}},{"iob":1.957,"basaliob":-0.602,"bolussnooze":0.2875,"activity":0.0243,"lastBolusTime":1703580652028,"time":"2023-12-26T09:25:45.561Z","iobWithZeroTemp":{"iob":1.867,"basaliob":-0.692,"bolussnooze":0.2875,"activity":0.0241,"lastBolusTime":1703580652028,"time":"2023-12-26T09:25:45.561Z"}},{"iob":1.838,"basaliob":-0.573,"bolussnooze":0.2442,"activity":0.0232,"lastBolusTime":1703580652028,"time":"2023-12-26T09:30:45.561Z","iobWithZeroTemp":{"iob":1.717,"basaliob":-0.694,"bolussnooze":0.2442,"activity":0.0229,"lastBolusTime":1703580652028,"time":"2023-12-26T09:30:45.561Z"}},{"iob":1.724,"basaliob":-0.545,"bolussnooze":0.2069,"activity":0.0222,"lastBolusTime":1703580652028,"time":"2023-12-26T09:35:45.561Z","iobWithZeroTemp":{"iob":1.572,"basaliob":-0.697,"bolussnooze":0.2069,"activity":0.0217,"lastBolusTime":1703580652028,"time":"2023-12-26T09:35:45.561Z"}},{"iob":1.615,"basaliob":-0.518,"bolussnooze":0.1747,"activity":0.0212,"lastBolusTime":1703580652028,"time":"2023-12-26T09:40:45.561Z","iobWithZeroTemp":{"iob":1.433,"basaliob":-0.7,"bolussnooze":0.1747,"activity":0.0205,"lastBolusTime":1703580652028,"time":"2023-12-26T09:40:45.561Z"}},{"iob":1.513,"basaliob":-0.49,"bolussnooze":0.1472,"activity":0.0201,"lastBolusTime":1703580652028,"time":"2023-12-26T09:45:45.561Z","iobWithZeroTemp":{"iob":1.303,"basaliob":-0.7,"bolussnooze":0.1472,"activity":0.0192,"lastBolusTime":1703580652028,"time":"2023-12-26T09:45:45.561Z"}},{"iob":1.414,"basaliob":-0.464,"bolussnooze":0.1236,"activity":0.0191,"lastBolusTime":1703580652028,"time":"2023-12-26T09:50:45.561Z","iobWithZeroTemp":{"iob":1.176,"basaliob":-0.702,"bolussnooze":0.1236,"activity":0.018,"lastBolusTime":1703580652028,"time":"2023-12-26T09:50:45.561Z"}},{"iob":1.321,"basaliob":-0.438,"bolussnooze":0.1035,"activity":0.0181,"lastBolusTime":1703580652028,"time":"2023-12-26T09:55:45.561Z","iobWithZeroTemp":{"iob":1.056,"basaliob":-0.703,"bolussnooze":0.1035,"activity":0.0168,"lastBolusTime":1703580652028,"time":"2023-12-26T09:55:45.561Z"}},{"iob":1.233,"basaliob":-0.413,"bolussnooze":0.0863,"activity":0.0171,"lastBolusTime":1703580652028,"time":"2023-12-26T10:00:45.561Z","iobWithZeroTemp":{"iob":0.943,"basaliob":-0.703,"bolussnooze":0.0863,"activity":0.0156,"lastBolusTime":1703580652028,"time":"2023-12-26T10:00:45.561Z"}},{"iob":1.15,"basaliob":-0.389,"bolussnooze":0.0718,"activity":0.0162,"lastBolusTime":1703580652028,"time":"2023-12-26T10:05:45.561Z","iobWithZeroTemp":{"iob":0.835,"basaliob":-0.704,"bolussnooze":0.0718,"activity":0.0145,"lastBolusTime":1703580652028,"time":"2023-12-26T10:05:45.561Z"}},{"iob":1.071,"basaliob":-0.366,"bolussnooze":0.0595,"activity":0.0153,"lastBolusTime":1703580652028,"time":"2023-12-26T10:10:45.561Z","iobWithZeroTemp":{"iob":0.733,"basaliob":-0.704,"bolussnooze":0.0595,"activity":0.0134,"lastBolusTime":1703580652028,"time":"2023-12-26T10:10:45.561Z"}},{"iob":0.997,"basaliob":-0.344,"bolussnooze":0.0492,"activity":0.0144,"lastBolusTime":1703580652028,"time":"2023-12-26T10:15:45.561Z","iobWithZeroTemp":{"iob":0.637,"basaliob":-0.704,"bolussnooze":0.0492,"activity":0.0122,"lastBolusTime":1703580652028,"time":"2023-12-26T10:15:45.561Z"}},{"iob":0.928,"basaliob":-0.322,"bolussnooze":0.0404,"activity":0.0136,"lastBolusTime":1703580652028,"time":"2023-12-26T10:20:45.561Z","iobWithZeroTemp":{"iob":0.546,"basaliob":-0.704,"bolussnooze":0.0404,"activity":0.0112,"lastBolusTime":1703580652028,"time":"2023-12-26T10:20:45.561Z"}},{"iob":0.862,"basaliob":-0.302,"bolussnooze":0.0331,"activity":0.0126,"lastBolusTime":1703580652028,"time":"2023-12-26T10:25:45.561Z","iobWithZeroTemp":{"iob":0.46,"basaliob":-0.704,"bolussnooze":0.0331,"activity":0.01,"lastBolusTime":1703580652028,"time":"2023-12-26T10:25:45.561Z"}},{"iob":0.801,"basaliob":-0.283,"bolussnooze":0.027,"activity":0.0119,"lastBolusTime":1703580652028,"time":"2023-12-26T10:30:45.561Z","iobWithZeroTemp":{"iob":0.38,"basaliob":-0.704,"bolussnooze":0.027,"activity":0.0091,"lastBolusTime":1703580652028,"time":"2023-12-26T10:30:45.561Z"}},{"iob":0.743,"basaliob":-0.265,"bolussnooze":0.0219,"activity":0.0111,"lastBolusTime":1703580652028,"time":"2023-12-26T10:35:45.561Z","iobWithZeroTemp":{"iob":0.304,"basaliob":-0.704,"bolussnooze":0.0219,"activity":0.0081,"lastBolusTime":1703580652028,"time":"2023-12-26T10:35:45.561Z"}},{"iob":0.689,"basaliob":-0.247,"bolussnooze":0.0177,"activity":0.0104,"lastBolusTime":1703580652028,"time":"2023-12-26T10:40:45.561Z","iobWithZeroTemp":{"iob":0.233,"basaliob":-0.703,"bolussnooze":0.0177,"activity":0.0072,"lastBolusTime":1703580652028,"time":"2023-12-26T10:40:45.561Z"}},{"iob":0.638,"basaliob":-0.231,"bolussnooze":0.0142,"activity":0.0098,"lastBolusTime":1703580652028,"time":"2023-12-26T10:45:45.561Z","iobWithZeroTemp":{"iob":0.166,"basaliob":-0.703,"bolussnooze":0.0142,"activity":0.0064,"lastBolusTime":1703580652028,"time":"2023-12-26T10:45:45.561Z"}},{"iob":0.591,"basaliob":-0.215,"bolussnooze":0.0113,"activity":0.0092,"lastBolusTime":1703580652028,"time":"2023-12-26T10:50:45.561Z","iobWithZeroTemp":{"iob":0.104,"basaliob":-0.702,"bolussnooze":0.0113,"activity":0.0056,"lastBolusTime":1703580652028,"time":"2023-12-26T10:50:45.561Z"}},{"iob":0.546,"basaliob":-0.201,"bolussnooze":0.0089,"activity":0.0085,"lastBolusTime":1703580652028,"time":"2023-12-26T10:55:45.561Z","iobWithZeroTemp":{"iob":0.045,"basaliob":-0.702,"bolussnooze":0.0089,"activity":0.0047,"lastBolusTime":1703580652028,"time":"2023-12-26T10:55:45.561Z"}},{"iob":0.505,"basaliob":-0.187,"bolussnooze":0.007,"activity":0.008,"lastBolusTime":1703580652028,"time":"2023-12-26T11:00:45.561Z","iobWithZeroTemp":{"iob":-0.009,"basaliob":-0.701,"bolussnooze":0.007,"activity":0.0041,"lastBolusTime":1703580652028,"time":"2023-12-26T11:00:45.561Z"}},{"iob":0.467,"basaliob":-0.174,"bolussnooze":0.0054,"activity":0.0075,"lastBolusTime":1703580652028,"time":"2023-12-26T11:05:45.561Z","iobWithZeroTemp":{"iob":-0.06,"basaliob":-0.701,"bolussnooze":0.0054,"activity":0.0034,"lastBolusTime":1703580652028,"time":"2023-12-26T11:05:45.561Z"}},{"iob":0.432,"basaliob":-0.161,"bolussnooze":0.0041,"activity":0.0069,"lastBolusTime":1703580652028,"time":"2023-12-26T11:10:45.561Z","iobWithZeroTemp":{"iob":-0.106,"basaliob":-0.699,"bolussnooze":0.0041,"activity":0.0027,"lastBolusTime":1703580652028,"time":"2023-12-26T11:10:45.561Z"}},{"iob":0.398,"basaliob":-0.15,"bolussnooze":0.0031,"activity":0.0065,"lastBolusTime":1703580652028,"time":"2023-12-26T11:15:45.561Z","iobWithZeroTemp":{"iob":-0.151,"basaliob":-0.699,"bolussnooze":0.0031,"activity":0.0021,"lastBolusTime":1703580652028,"time":"2023-12-26T11:15:45.561Z"}},{"iob":0.367,"basaliob":-0.139,"bolussnooze":0.0023,"activity":0.006,"lastBolusTime":1703580652028,"time":"2023-12-26T11:20:45.561Z","iobWithZeroTemp":{"iob":-0.192,"basaliob":-0.698,"bolussnooze":0.0023,"activity":0.0015,"lastBolusTime":1703580652028,"time":"2023-12-26T11:20:45.561Z"}},{"iob":0.338,"basaliob":-0.129,"bolussnooze":0.0017,"activity":0.0055,"lastBolusTime":1703580652028,"time":"2023-12-26T11:25:45.561Z","iobWithZeroTemp":{"iob":-0.231,"basaliob":-0.698,"bolussnooze":0.0017,"activity":8.0E-4,"lastBolusTime":1703580652028,"time":"2023-12-26T11:25:45.561Z"}},{"iob":0.311,"basaliob":-0.12,"bolussnooze":0.0012,"activity":0.0052,"lastBolusTime":1703580652028,"time":"2023-12-26T11:30:45.561Z","iobWithZeroTemp":{"iob":-0.267,"basaliob":-0.698,"bolussnooze":0.0012,"activity":4.0E-4,"lastBolusTime":1703580652028,"time":"2023-12-26T11:30:45.561Z"}},{"iob":0.286,"basaliob":-0.111,"bolussnooze":8.0E-4,"activity":0.0048,"lastBolusTime":1703580652028,"time":"2023-12-26T11:35:45.561Z","iobWithZeroTemp":{"iob":-0.3,"basaliob":-0.697,"bolussnooze":8.0E-4,"activity":-1.0E-4,"lastBolusTime":1703580652028,"time":"2023-12-26T11:35:45.561Z"}},{"iob":0.263,"basaliob":-0.102,"bolussnooze":5.0E-4,"activity":0.0044,"lastBolusTime":1703580652028,"time":"2023-12-26T11:40:45.561Z","iobWithZeroTemp":{"iob":-0.331,"basaliob":-0.696,"bolussnooze":5.0E-4,"activity":-6.0E-4,"lastBolusTime":1703580652028,"time":"2023-12-26T11:40:45.561Z"}},{"iob":0.241,"basaliob":-0.095,"bolussnooze":3.0E-4,"activity":0.0041,"lastBolusTime":1703580652028,"time":"2023-12-26T11:45:45.561Z","iobWithZeroTemp":{"iob":-0.36,"basaliob":-0.696,"bolussnooze":3.0E-4,"activity":-0.001,"lastBolusTime":1703580652028,"time":"2023-12-26T11:45:45.561Z"}},{"iob":0.221,"basaliob":-0.088,"bolussnooze":2.0E-4,"activity":0.0038,"lastBolusTime":1703580652028,"time":"2023-12-26T11:50:45.561Z","iobWithZeroTemp":{"iob":-0.387,"basaliob":-0.696,"bolussnooze":2.0E-4,"activity":-0.0014,"lastBolusTime":1703580652028,"time":"2023-12-26T11:50:45.561Z"}},{"iob":0.203,"basaliob":-0.081,"bolussnooze":1.0E-4,"activity":0.0035,"lastBolusTime":1703580652028,"time":"2023-12-26T11:55:45.561Z","iobWithZeroTemp":{"iob":-0.411,"basaliob":-0.695,"bolussnooze":1.0E-4,"activity":-0.0018,"lastBolusTime":1703580652028,"time":"2023-12-26T11:55:45.561Z"}},{"iob":0.186,"basaliob":-0.075,"bolussnooze":0,"activity":0.0033,"lastBolusTime":1703580652028,"time":"2023-12-26T12:00:45.561Z","iobWithZeroTemp":{"iob":-0.434,"basaliob":-0.695,"bolussnooze":0,"activity":-0.0021,"lastBolusTime":1703580652028,"time":"2023-12-26T12:00:45.561Z"}},{"iob":0.171,"basaliob":-0.069,"bolussnooze":0,"activity":0.003,"lastBolusTime":1703580652028,"time":"2023-12-26T12:05:45.561Z","iobWithZeroTemp":{"iob":-0.471,"basaliob":-0.711,"bolussnooze":0,"activity":-0.0025,"lastBolusTime":1703580652028,"time":"2023-12-26T12:05:45.561Z"}},{"iob":0.157,"basaliob":-0.063,"bolussnooze":0,"activity":0.0028,"lastBolusTime":1703580652028,"time":"2023-12-26T12:10:45.561Z","iobWithZeroTemp":{"iob":-0.506,"basaliob":-0.726,"bolussnooze":0,"activity":-0.0028,"lastBolusTime":1703580652028,"time":"2023-12-26T12:10:45.561Z"}},{"iob":0.143,"basaliob":-0.058,"bolussnooze":0,"activity":0.0025,"lastBolusTime":1703580652028,"time":"2023-12-26T12:15:45.561Z","iobWithZeroTemp":{"iob":-0.54,"basaliob":-0.741,"bolussnooze":0,"activity":-0.0032,"lastBolusTime":1703580652028,"time":"2023-12-26T12:15:45.561Z"}},{"iob":0.13,"basaliob":-0.054,"bolussnooze":0,"activity":0.0024,"lastBolusTime":1703580652028,"time":"2023-12-26T12:20:45.561Z","iobWithZeroTemp":{"iob":-0.573,"basaliob":-0.757,"bolussnooze":0,"activity":-0.0035,"lastBolusTime":1703580652028,"time":"2023-12-26T12:20:45.561Z"}},{"iob":0.12,"basaliob":-0.049,"bolussnooze":0,"activity":0.0022,"lastBolusTime":1703580652028,"time":"2023-12-26T12:25:45.561Z","iobWithZeroTemp":{"iob":-0.602,"basaliob":-0.771,"bolussnooze":0,"activity":-0.0038,"lastBolusTime":1703580652028,"time":"2023-12-26T12:25:45.561Z"}},{"iob":0.109,"basaliob":-0.045,"bolussnooze":0,"activity":0.002,"lastBolusTime":1703580652028,"time":"2023-12-26T12:30:45.561Z","iobWithZeroTemp":{"iob":-0.631,"basaliob":-0.785,"bolussnooze":0,"activity":-0.0041,"lastBolusTime":1703580652028,"time":"2023-12-26T12:30:45.561Z"}},{"iob":0.099,"basaliob":-0.042,"bolussnooze":0,"activity":0.0019,"lastBolusTime":1703580652028,"time":"2023-12-26T12:35:45.561Z","iobWithZeroTemp":{"iob":-0.659,"basaliob":-0.8,"bolussnooze":0,"activity":-0.0044,"lastBolusTime":1703580652028,"time":"2023-12-26T12:35:45.561Z"}},{"iob":0.091,"basaliob":-0.038,"bolussnooze":0,"activity":0.0017,"lastBolusTime":1703580652028,"time":"2023-12-26T12:40:45.561Z","iobWithZeroTemp":{"iob":-0.684,"basaliob":-0.813,"bolussnooze":0,"activity":-0.0047,"lastBolusTime":1703580652028,"time":"2023-12-26T12:40:45.561Z"}},{"iob":0.082,"basaliob":-0.035,"bolussnooze":0,"activity":0.0016,"lastBolusTime":1703580652028,"time":"2023-12-26T12:45:45.561Z","iobWithZeroTemp":{"iob":-0.709,"basaliob":-0.826,"bolussnooze":0,"activity":-0.005,"lastBolusTime":1703580652028,"time":"2023-12-26T12:45:45.561Z"}},{"iob":0.075,"basaliob":-0.032,"bolussnooze":0,"activity":0.0014,"lastBolusTime":1703580652028,"time":"2023-12-26T12:50:45.561Z","iobWithZeroTemp":{"iob":-0.731,"basaliob":-0.838,"bolussnooze":0,"activity":-0.0054,"lastBolusTime":1703580652028,"time":"2023-12-26T12:50:45.561Z"}},{"iob":0.068,"basaliob":-0.029,"bolussnooze":0,"activity":0.0013,"lastBolusTime":1703580652028,"time":"2023-12-26T12:55:45.561Z","iobWithZeroTemp":{"iob":-0.753,"basaliob":-0.85,"bolussnooze":0,"activity":-0.0056,"lastBolusTime":1703580652028,"time":"2023-12-26T12:55:45.561Z"}},{"iob":0.061,"basaliob":-0.027,"bolussnooze":0,"activity":0.0012,"lastBolusTime":1703580652028,"time":"2023-12-26T13:00:45.561Z","iobWithZeroTemp":{"iob":-0.774,"basaliob":-0.862,"bolussnooze":0,"activity":-0.0059,"lastBolusTime":1703580652028,"time":"2023-12-26T13:00:45.561Z"}},{"iob":0.055,"basaliob":-0.025,"bolussnooze":0,"activity":0.0011,"lastBolusTime":1703580652028,"time":"2023-12-26T13:05:45.561Z","iobWithZeroTemp":{"iob":-0.793,"basaliob":-0.873,"bolussnooze":0,"activity":-0.0061,"lastBolusTime":1703580652028,"time":"2023-12-26T13:05:45.561Z"}}],"profile":{"max_iob":10,"type":"current","max_daily_basal":0.7,"max_basal":1.2,"min_bg":100,"max_bg":100,"target_bg":100,"carb_ratio":7.5,"sens":85,"max_daily_safety_multiplier":3,"current_basal_safety_multiplier":4,"high_temptarget_raises_sensitivity":false,"low_temptarget_lowers_sensitivity":false,"sensitivity_raises_target":true,"resistance_lowers_target":true,"adv_target_adjustments":false,"exercise_mode":false,"half_basal_exercise_target":160,"maxCOB":120,"skip_neutral_temps":false,"remainingCarbsCap":90,"enableUAM":true,"A52_risk_enable":false,"SMBInterval":4,"enableSMB_with_COB":true,"enableSMB_with_temptarget":true,"allowSMB_with_high_temptarget":false,"enableSMB_always":true,"enableSMB_after_carbs":true,"maxSMBBasalMinutes":45,"maxUAMSMBBasalMinutes":120,"bolus_increment":0.05,"carbsReqThreshold":5,"current_basal":0.3,"temptargetSet":false,"autosens_max":1.3},"autosens_data":{"ratio":1.3},"meal_data":{"carbs":35,"mealCOB":14.884485294117654,"slopeFromMaxDeviation":-2.175666666666667,"slopeFromMinDeviation":0.06566666666666679,"lastBolusTime":1703580652028,"lastCarbTime":1703576391522},"microBolusAllowed":true,"currentTime":1703581846709,"flatBGsDetected":false},"output":{"temp":"absolute","bg":132,"tick":"+1","eventualBG":103,"targetBG":91,"insulinReq":0,"deliverAt":"2023-12-26T09:10:46.709Z","sensitivityRatio":1.3,"predBGs":{"IOB":[132,131,130,129,127,125,122,119,115,111,107,102,97,92,87,83,79,75,71,68,64,61,59,56,54,51,49,47,45,44,42,41,39],"ZT":[132,123,114,106,98,91,84,77,71,65,59,54,50,45,41,39,39,39,39,39,39,39,39,39,39,39,39,39,39,39,39,39,39,39,39,39,39,39,39,39,39,39,39,39,39,39,39,39],"COB":[132,132,132,132,131,131,131,131,131,131,131,131,131,131,131,131,131,131,130,130,129,129,128,127,126,125,124,122,121,119,117,116,115,113,112,111,110,109,108,108,107,106,106,105,105,104,104,103],"UAM":[132,130,126,120,113,105,98,91,84,78,72,67,61,56,52,47,43,39]},"COB":14.884485294117654,"IOB":2.345,"reason":"COB: 14.9, Dev: 54, BGI: -9, ISF: 65, CR: 7.5, Target: 91, minPredBG 39, minGuardBG 39, IOBpredBG 39, COBpredBG 103, UAMpredBG 39; minGuardBG 39<66","duration":120,"rate":0,"timestamp":"2023-12-26T09:10:46.726Z"}}