{"algorithm":"OpenAPSSMBPlugin","input":{"glucoseStatus":{"glucose":88,"noise":0,"delta":-1.67,"short_avgdelta":-2.06,"long_avgdelta":-2.08,"date":1703614228653},"currenttemp":{"temp":"absolute","duration":0,"rate":0},"iob_data":[{"iob":0.028,"basaliob":-0.329,"bolussnooze":0,"activity":0.0019,"lastBolusTime":1703610052139,"time":"2023-12-26T18:10:42.817Z","iobWithZeroTemp":{"iob":0.028,"basaliob":-0.329,"bolussnooze":0,"activity":0.0019,"lastBolusTime":1703610052139,"time":"2023-12-26T18:10:42.817Z"}},{"iob":0.019,"basaliob":-0.314,"bolussnooze":0,"activity":0.0016,"lastBolusTime":1703610052139,"time":"2023-12-26T18:15:42.817Z","iobWithZeroTemp":{"iob":0.009,"basaliob":-0.324,"bolussnooze":0,"activity":0.0016,"lastBolusTime":1703610052139,"time":"2023-12-26T18:15:42.817Z"}},{"iob":0.012,"basaliob":-0.299,"bolussnooze":0,"activity":0.0014,"lastBolusTime":1703610052139,"time":"2023-12-26T18:20:42.817Z","iobWithZeroTemp":{"iob":-0.01,"basaliob":-0.321,"bolussnooze":0,"activity":0.0014,"lastBolusTime":1703610052139,"time":"2023-12-26T18:20:42.817Z"}},{"iob":0.004,"basaliob":-0.285,"bolussnooze":0,"activity":0.0012,"lastBolusTime":1703610052139,"time":"2023-12-26T18:25:42.817Z","iobWithZeroTemp":{"iob":-0.031,"basaliob":-0.32,"bolussnooze":0,"activity":0.0011,"lastBolusTime":1703610052139,"time":"2023-12-26T18:25:42.817Z"}},{"iob":-0.001,"basaliob":-0.27,"bolussnooze":0,"activity":0.001,"lastBolusTime":1703610052139,"time":"2023-12-26T18:30:42.817Z","iobWithZeroTemp":{"iob":-0.048,"basaliob":-0.317,"bolussnooze":0,"activity":9.0E-4,"lastBolusTime":1703610052139,"time":"2023-12-26T18:30:42.817Z"}},{"iob":-0.006,"basaliob":-0.256,"bolussnooze":0,"activity":9.0E-4,"lastBolusTime":1703610052139,"time":"2023-12-26T18:35:42.817Z","iobWithZeroTemp":{"iob":-0.064,"basaliob":-0.314,"bolussnooze":0,"activity":7.0E-4,"lastBolusTime":1703610052139,"time":"2023-12-26T18:35:42.817Z"}},{"iob":-0.009,"basaliob":-0.242,"bolussnooze":0,"activity":7.0E-4,"lastBolusTime":1703610052139,"time":"2023-12-26T18:40:42.817Z","iobWithZeroTemp":{"iob":-0.079,"basaliob":-0.312,"bolussnooze":0,"activity":4.0E-4,"lastBolusTime":1703610052139,"time":"2023-12-26T18:40:42.817Z"}},{"iob":-0.012,"basaliob":-0.228,"bolussnooze":0,"activity":5.0E-4,"lastBolusTime":1703610052139,"time":"2023-12-26T18:45:42.817Z","iobWithZeroTemp":{"iob":-0.093,"basaliob":-0.309,"bolussnooze":0,"activity":2.0E-4,"lastBolusTime":1703610052139,"time":"2023-12-26T18:45:42.817Z"}},{"iob":-0.015,"basaliob":-0.215,"bolussnooze":0,"activity":4.0E-4,"lastBolusTime":1703610052139,"time":"2023-12-26T18:50:42.817Z","iobWithZeroTemp":{"iob":-0.107,"basaliob":-0.307,"bolussnooze":0,"activity":0,"lastBolusTime":1703610052139,"time":"2023-12-26T18:50:42.817Z"}},{"iob":-0.017,"basaliob":-0.203,"bolussnooze":0,"activity":3.0E-4,"lastBolusTime":1703610052139,"time":"2023-12-26T18:55:42.817Z","iobWithZeroTemp":{"iob":-0.119,"basaliob":-0.305,"bolussnooze":0,"activity":-2.0E-4,"lastBolusTime":1703610052139,"time":"2023-12-26T18:55:42.817Z"}},{"iob":-0.018,"basaliob":-0.19,"bolussnooze":0,"activity":3.0E-4,"lastBolusTime":1703610052139,"time":"2023-12-26T19:00:42.817Z","iobWithZeroTemp":{"iob":-0.13,"basaliob":-0.302,"bolussnooze":0,"activity":-3.0E-4,"lastBolusTime":1703610052139,"time":"2023-12-26T19:00:42.817Z"}},{"iob":-0.02,"basaliob":-0.179,"bolussnooze":0,"activity":2.0E-4,"lastBolusTime":1703610052139,"time":"2023-12-26T19:05:42.817Z","iobWithZeroTemp":{"iob":-0.141,"basaliob":-0.3,"bolussnooze":0,"activity":-5.0E-4,"lastBolusTime":1703610052139,"time":"2023-12-26T19:05:42.817Z"}},{"iob":-0.021,"basaliob":-0.168,"bolussnooze":0,"activity":1.0E-4,"lastBolusTime":1703610052139,"time":"2023-12-26T19:10:42.817Z","iobWithZeroTemp":{"iob":-0.151,"basaliob":-0.298,"bolussnooze":0,"activity":-6.0E-4,"lastBolusTime":1703610052139,"time":"2023-12-26T19:10:42.817Z"}},{"iob":-0.021,"basaliob":-0.157,"bolussnooze":0,"activity":1.0E-4,"lastBolusTime":1703610052139,"time":"2023-12-26T19:15:42.817Z","iobWithZeroTemp":{"iob":-0.16,"basaliob":-0.296,"bolussnooze":0,"activity":-7.0E-4,"lastBolusTime":1703610052139,"time":"2023-12-26T19:15:42.817Z"}},{"iob":-0.021,"basaliob":-0.147,"bolussnooze":0,"activity":0,"lastBolusTime":1703610052139,"time":"2023-12-26T19:20:42.817Z","iobWithZeroTemp":{"iob":-0.168,"basaliob":-0.294,"bolussnooze":0,"activity":-9.0E-4,"lastBolusTime":1703610052139,"time":"2023-12-26T19:20:42.817Z"}},{"iob":-0.021,"basaliob":-0.137,"bolussnooze":0,"activity":0,"lastBolusTime":1703610052139,"time":"2023-12-26T19:25:42.817Z","iobWithZeroTemp":{"iob":-0.175,"basaliob":-0.291,"bolussnooze":0,"activity":-0.001,"lastBolusTime":1703610052139,"time":"2023-12-26T19:25:42.817Z"}},{"iob":-0.021,"basaliob":-0.128,"bolussnooze":0,"activity":-1.0E-4,"lastBolusTime":1703610052139,"time":"2023-12-26T19:30:42.817Z","iobWithZeroTemp":{"iob":-0.183,"basaliob":-0.29,"bolussnooze":0,"activity":-0.0012,"lastBolusTime":1703610052139,"time":"2023-12-26T19:30:42.817Z"}},{"iob":-0.022,"basaliob":-0.12,"bolussnooze":0,"activity":-1.0E-4,"lastBolusTime":1703610052139,"time":"2023-12-26T19:35:42.817Z","iobWithZeroTemp":{"iob":-0.191,"basaliob":-0.289,"bolussnooze":0,"activity":-0.0013,"lastBolusTime":1703610052139,"time":"2023-12-26T19:35:42.817Z"}},{"iob":-0.021,"basaliob":-0.112,"bolussnooze":0,"activity":-1.0E-4,"lastBolusTime":1703610052139,"time":"2023-12-26T19:40:42.817Z","iobWithZeroTemp":{"iob":-0.196,"basaliob":-0.287,"bolussnooze":0,"activity":-0.0013,"lastBolusTime":1703610052139,"time":"2023-12-26T19:40:42.817Z"}},{"iob":-0.021,"basaliob":-0.104,"bolussnooze":0,"activity":-1.0E-4,"lastBolusTime":1703610052139,"time":"2023-12-26T19:45:42.817Z","iobWithZeroTemp":{"iob":-0.202,"basaliob":-0.285,"bolussnooze":0,"activity":-0.0014,"lastBolusTime":1703610052139,"time":"2023-12-26T19:45:42.817Z"}},{"iob":-0.02,"basaliob":-0.097,"bolussnooze":0,"activity":-1.0E-4,"lastBolusTime":1703610052139,"time":"2023-12-26T19:50:42.817Z","iobWithZeroTemp":{"iob":-0.207,"basaliob":-0.284,"bolussnooze":0,"activity":-0.0015,"lastBolusTime":1703610052139,"time":"2023-12-26T19:50:42.817Z"}},{"iob":-0.02,"basaliob":-0.09,"bolussnooze":0,"activity":-1.0E-4,"lastBolusTime":1703610052139,"time":"2023-12-26T19:55:42.817Z","iobWithZeroTemp":{"iob":-0.213,"basaliob":-0.283,"bolussnooze":0,"activity":-0.0015,"lastBolusTime":1703610052139,"time":"2023-12-26T19:55:42.817Z"}},{"iob":-0.019,"basaliob":-0.084,"bolussnooze":0,"activity":-1.0E-4,"lastBolusTime":1703610052139,"time":"2023-12-26T20:00:42.817Z","iobWithZeroTemp":{"iob":-0.217,"basaliob":-0.282,"bolussnooze":0,"activity":-0.0016,"lastBolusTime":1703610052139,"time":"2023-12-26T20:00:42.817Z"}},{"iob":-0.019,"basaliob":-0.078,"bolussnooze":0,"activity":-2.0E-4,"lastBolusTime":1703610052139,"time":"2023-12-26T20:05:42.817Z","iobWithZeroTemp":{"iob":-0.222,"basaliob":-0.281,"bolussnooze":0,"activity":-0.0018,"lastBolusTime":1703610052139,"time":"2023-12-26T20:05:42.817Z"}},{"iob":-0.018,"basaliob":-0.072,"bolussnooze":0,"activity":-2.0E-4,"lastBolusTime":1703610052139,"time":"2023-12-26T20:10:42.817Z","iobWithZeroTemp":{"iob":-0.225,"basaliob":-0.279,"bolussnooze":0,"activity":-0.0018,"lastBolusTime":1703610052139,"time":"2023-12-26T20:10:42.817Z"}},{"iob":-0.017,"basaliob":-0.067,"bolussnooze":0,"activity":-1.0E-4,"lastBolusTime":1703610052139,"time":"2023-12-26T20:15:42.817Z","iobWithZeroTemp":{"iob":-0.228,"basaliob":-0.278,"bolussnooze":0,"activity":-0.0018,"lastBolusTime":1703610052139,"time":"2023-12-26T20:15:42.817Z"}},{"iob":-0.016,"basaliob":-0.062,"bolussnooze":0,"activity":-2.0E-4,"lastBolusTime":1703610052139,"time":"2023-12-26T20:20:42.817Z","iobWithZeroTemp":{"iob":-0.231,"basaliob":-0.277,"bolussnooze":0,"activity":-0.0019,"lastBolusTime":1703610052139,"time":"2023-12-26T20:20:42.817Z"}},{"iob":-0.015,"basaliob":-0.057,"bolussnooze":0,"activity":-2.0E-4,"lastBolusTime":1703610052139,"time":"2023-12-26T20:25:42.817Z","iobWithZeroTemp":{"iob":-0.234,"basaliob":-0.276,"bolussnooze":0,"activity":-0.002,"lastBolusTime":1703610052139,"time":"2023-12-26T20:25:42.817Z"}},{"iob":-0.015,"basaliob":-0.053,"bolussnooze":0,"activity":-1.0E-4,"lastBolusTime":1703610052139,"time":"2023-12-26T20:30:42.817Z","iobWithZeroTemp":{"iob":-0.237,"basaliob":-0.275,"bolussnooze":0,"activity":-0.0019,"lastBolusTime":1703610052139,"time":"2023-12-26T20:30:42.817Z"}},{"iob":-0.014,"basaliob":-0.049,"bolussnooze":0,"activity":-2.0E-4,"lastBolusTime":1703610052139,"time":"2023-12-26T20:35:42.817Z","iobWithZeroTemp":{"iob":-0.239,"basaliob":-0.274,"bolussnooze":0,"activity":-0.0021,"lastBolusTime":1703610052139,"time":"2023-12-26T20:35:42.817Z"}},{"iob":-0.013,"basaliob":-0.045,"bolussnooze":0,"activity":-1.0E-4,"lastBolusTime":1703610052139,"time":"2023-12-26T20:40:42.817Z","iobWithZeroTemp":{"iob":-0.241,"basaliob":-0.273,"bolussnooze":0,"activity":-0.002,"lastBolusTime":1703610052139,"time":"2023-12-26T20:40:42.817Z"}},{"iob":-0.013,"basaliob":-0.042,"bolussnooze":0,"activity":-2.0E-4,"lastBolusTime":1703610052139,"time":"2023-12-26T20:45:42.817Z","iobWithZeroTemp":{"iob":-0.244,"basaliob":-0.273,"bolussnooze":0,"activity":-0.0022,"lastBolusTime":1703610052139,"time":"2023-12-26T20:45:42.817Z"}},{"iob":-0.011,"basaliob":-0.038,"bolussnooze":0,"activity":-1.0E-4,"lastBolusTime":1703610052139,"time":"2023-12-26T20:50:42.817Z","iobWithZeroTemp":{"iob":-0.245,"basaliob":-0.272,"bolussnooze":0,"activity":-0.0021,"lastBolusTime":1703610052139,"time":"2023-12-26T20:50:42.817Z"}},{"iob":-0.011,"basaliob":-0.035,"bolussnooze":0,"activity":-1.0E-4,"lastBolusTime":1703610052139,"time":"2023-12-26T20:55:42.817Z","iobWithZeroTemp":{"iob":-0.247,"basaliob":-0.271,"bolussnooze":0,"activity":-0.0021,"lastBolusTime":1703610052139,"time":"2023-12-26T20:55:42.817Z"}},{"iob":-0.011,"basaliob":-0.033,"bolussnooze":0,"activity":-1.0E-4,"lastBolusTime":1703610052139,"time":"2023-12-26T21:00:42.817Z","iobWithZeroTemp":{"iob":-0.249,"basaliob":-0.271,"bolussnooze":0,"activity":-0.0022,"lastBolusTime":1703610052139,"time":"2023-12-26T21:00:42.817Z"}},{"iob":-0.01,"basaliob":-0.03,"bolussnooze":0,"activity":-1.0E-4,"lastBolusTime":1703610052139,"time":"2023-12-26T21:05:42.817Z","iobWithZeroTemp":{"iob":-0.267,"basaliob":-0.287,"bolussnooze":0,"activity":-0.0022,"lastBolusTime":1703610052139,"time":"2023-12-26T21:05:42.817Z"}},{"iob":-0.01,"basaliob":-0.028,"bolussnooze":0,"activity":-2.0E-4,"lastBolusTime":1703610052139,"time":"2023-12-26T21:10:42.817Z","iobWithZeroTemp":{"iob":-0.285,"basaliob":-0.303,"bolussnooze":0,"activity":-0.0024,"lastBolusTime":1703610052139,"time":"2023-12-26T21:10:42.817Z"}},{"iob":-0.008,"basaliob":-0.025,"bolussnooze":0,"activity":-1.0E-4,"lastBolusTime":1703610052139,"time":"2023-12-26T21:15:42.817Z","iobWithZeroTemp":{"iob":-0.301,"basaliob":-0.318,"bolussnooze":0,"activity":-0.0024,"lastBolusTime":1703610052139,"time":"2023-12-26T21:15:42.817Z"}},{"iob":-0.008,"basaliob":-0.023,"bolussnooze":0,"activity":-1.0E-4,"lastBolusTime":1703610052139,"time":"2023-12-26T21:20:42.817Z","iobWithZeroTemp":{"iob":-0.319,"basaliob":-0.334,"bolussnooze":0,"activity":-0.0025,"lastBolusTime":1703610052139,"time":"2023-12-26T21:20:42.817Z"}},{"iob":-0.007,"basaliob":-0.021,"bolussnooze":0,"activity":-1.0E-4,"lastBolusTime":1703610052139,"time":"2023-12-26T21:25:42.817Z","iobWithZeroTemp":{"iob":-0.335,"basaliob":-0.349,"bolussnooze":0,"activity":-0.0026,"lastBolusTime":1703610052139,"time":"2023-12-26T21:25:42.817Z"}},{"iob":-0.008,"basaliob":-0.02,"bolussnooze":0,"activity":-1.0E-4,"lastBolusTime":1703610052139,"time":"2023-12-26T21:30:42.817Z","iobWithZeroTemp":{"iob":-0.353,"basaliob":-0.365,"bolussnooze":0,"activity":-0.0027,"lastBolusTime":1703610052139,"time":"2023-12-26T21:30:42.817Z"}},{"iob":-0.007,"basaliob":-0.018,"bolussnooze":0,"activity":-1.0E-4,"lastBolusTime":1703610052139,"time":"2023-12-26T21:35:42.817Z","iobWithZeroTemp":{"iob":-0.367,"basaliob":-0.378,"bolussnooze":0,"activity":-0.0028,"lastBolusTime":1703610052139,"time":"2023-12-26T21:35:42.817Z"}},{"iob":-0.006,"basaliob":-0.016,"bolussnooze":0,"activity":-1.0E-4,"lastBolusTime":1703610052139,"time":"2023-12-26T21:40:42.817Z","iobWithZeroTemp":{"iob":-0.382,"basaliob":-0.392,"bolussnooze":0,"activity":-0.0029,"lastBolusTime":1703610052139,"time":"2023-12-26T21:40:42.817Z"}},{"iob":-0.006,"basaliob":-0.015,"bolussnooze":0,"activity":-1.0E-4,"lastBolusTime":1703610052139,"time":"2023-12-26T21:45:42.817Z","iobWithZeroTemp":{"iob":-0.396,"basaliob":-0.405,"bolussnooze":0,"activity":-0.0031,"lastBolusTime":1703610052139,"time":"2023-12-26T21:45:42.817Z"}},{"iob":-0.006,"basaliob":-0.014,"bolussnooze":0,"activity":0,"lastBolusTime":1703610052139,"time":"2023-12-26T21:50:42.817Z","iobWithZeroTemp":{"iob":-0.41,"basaliob":-0.418,"bolussnooze":0,"activity":-0.0031,"lastBolusTime":1703610052139,"time":"2023-12-26T21:50:42.817Z"}},{"iob":-0.005,"basaliob":-0.013,"bolussnooze":0,"activity":0,"lastBolusTime":1703610052139,"time":"2023-12-26T21:55:42.817Z","iobWithZeroTemp":{"iob":-0.423,"basaliob":-0.431,"bolussnooze":0,"activity":-0.0032,"lastBolusTime":1703610052139,"time":"2023-12-26T21:55:42.817Z"}},{"iob":-0.004,"basaliob":-0.011,"bolussnooze":0,"activity":-1.0E-4,"lastBolusTime":1703610052139,"time":"2023-12-26T22:00:42.817Z","iobWithZeroTemp":{"iob":-0.434,"basaliob":-0.441,"bolussnooze":0,"activity":-0.0034,"lastBolusTime":1703610052139,"time":"2023-12-26T22:00:42.817Z"}},{"iob":-0.004,"basaliob":-0.01,"bolussnooze":0,"activity":-1.0E-4,"lastBolusTime":1703610052139,"time":"2023-12-26T22:05:42.817Z","iobWithZeroTemp":{"iob":-0.447,"basaliob":-0.453,"bolussnooze":0,"activity":-0.0036,"lastBolusTime":1703610052139,"time":"2023-12-26T22:05:42.817Z"}}],"profile":{"max_iob":10,"type":"current","max_daily_basal":0.35,"max_basal":0.6,"min_bg":130,"max_bg":130,"target_bg":130,"carb_ratio":11,"sens":170,"max_daily_safety_multiplier":3,"current_basal_safety_multiplier":4,"high_temptarget_raises_sensitivity":false,"low_temptarget_lowers_sensitivity":false,"sensitivity_raises_target":true,"resistance_lowers_target":true,"adv_target_adjustments":false,"exercise_mode":false,"half_basal_exercise_target":160,"maxCOB":120,"skip_neutral_temps":false,"remainingCarbsCap":90,"enableUAM":true,"A52_risk_enable":false,"SMBInterval":4,"enableSMB_with_COB":true,"enableSMB_with_temptarget":true,"allowSMB_with_high_temptarget":false,"enableSMB_always":true,"enableSMB_after_carbs":true,"maxSMBBasalMinutes":45,"maxUAMSMBBasalMinutes":120,"bolus_increment":0.05,"carbsReqThreshold":5,"current_basal":0.15,"temptargetSet":true,"autosens_max":1.3},"autosens_data":{"ratio":1},"meal_data":{"carbs":0,"mealCOB":0,"slopeFromMaxDeviation":-0.18154545454545454,"slopeFromMinDeviation":0,"lastBolusTime":1703610052139,"lastCarbTime":0},"microBolusAllowed":true,"currentTime":1703614243323,"flatBGsDetected":false},"output":{"temp":"absolute","bg":88,"tick":-2,"eventualBG":80,"targetBG":130,"insulinReq":0,"deliverAt":"2023-12-26T18:10:43.323Z","sensitivityRatio":1,"predBGs":{"IOB":[88,86,84,83,82,80,80,79,78,78,77,77,77,77,77,77,77,77,77,77,77,77,77,77,78,78,78,78,78,78,78,79,79,79,79,79,79,79,79,79,80],"ZT":[88,86,85,84,83,82,82,81,81,81,81,81,82,82,83,84,85,86,87,88,89,90,92,93,94,96,98,99,101,102,104,106,108,110,111,113,115,117,119,121,124,126,128]},"COB":0,"IOB":0.028,"reason":"COB: 0, Dev: -3, BGI: -2, ISF: 170, CR: 11, Target: 130, minPredBG 79, minGuardBG 77, IOBpredBG 80; minGuardBG 77<85","duration":120,"rate":0,"timestamp":"2023-12-26T18:10:43.350Z"}}