{"algorithm":"OpenAPSSMBPlugin","input":{"glucoseStatus":{"glucose":80,"noise":0,"delta":-3.33,"short_avgdelta":-3.2,"long_avgdelta":-2.81,"date":1703621728911},"currenttemp":{"temp":"absolute","duration":95,"rate":0,"minutesrunning":25},"iob_data":[{"iob":2.424,"basaliob":-0.477,"bolussnooze":0.5593,"activity":0.0315,"lastBolusTime":1703618155304,"time":"2023-12-26T20:15:43.762Z","iobWithZeroTemp":{"iob":2.424,"basaliob":-0.477,"bolussnooze":0.5593,"activity":0.0315,"lastBolusTime":1703618155304,"time":"2023-12-26T20:15:43.762Z"}},{"iob":2.271,"basaliob":-0.456,"bolussnooze":0.476,"activity":0.03,"lastBolusTime":1703618155304,"time":"2023-12-26T20:20:43.762Z","iobWithZeroTemp":{"iob":2.251,"basaliob":-0.476,"bolussnooze":0.476,"activity":0.03,"lastBolusTime":1703618155304,"time":"2023-12-26T20:20:43.762Z"}},{"iob":2.125,"basaliob":-0.434,"bolussnooze":0.4039,"activity":0.0285,"lastBolusTime":1703618155304,"time":"2023-12-26T20:25:43.762Z","iobWithZeroTemp":{"iob":2.08,"basaliob":-0.479,"bolussnooze":0.4039,"activity":0.0284,"lastBolusTime":1703618155304,"time":"2023-12-26T20:25:43.762Z"}},{"iob":1.987,"basaliob":-0.413,"bolussnooze":0.3418,"activity":0.027,"lastBolusTime":1703618155304,"time":"2023-12-26T20:30:43.762Z","iobWithZeroTemp":{"iob":1.918,"basaliob":-0.482,"bolussnooze":0.3418,"activity":0.0269,"lastBolusTime":1703618155304,"time":"2023-12-26T20:30:43.762Z"}},{"iob":1.854,"basaliob":-0.393,"bolussnooze":0.2884,"activity":0.0256,"lastBolusTime":1703618155304,"time":"2023-12-26T20:35:43.762Z","iobWithZeroTemp":{"iob":1.761,"basaliob":-0.486,"bolussnooze":0.2884,"activity":0.0254,"lastBolusTime":1703618155304,"time":"2023-12-26T20:35:43.762Z"}},{"iob":1.731,"basaliob":-0.372,"bolussnooze":0.2426,"activity":0.0242,"lastBolusTime":1703618155304,"time":"2023-12-26T20:40:43.762Z","iobWithZeroTemp":{"iob":1.614,"basaliob":-0.489,"bolussnooze":0.2426,"activity":0.0238,"lastBolusTime":1703618155304,"time":"2023-12-26T20:40:43.762Z"}},{"iob":1.613,"basaliob":-0.352,"bolussnooze":0.2035,"activity":0.0228,"lastBolusTime":1703618155304,"time":"2023-12-26T20:45:43.762Z","iobWithZeroTemp":{"iob":1.473,"basaliob":-0.492,"bolussnooze":0.2035,"activity":0.0223,"lastBolusTime":1703618155304,"time":"2023-12-26T20:45:43.762Z"}},{"iob":1.502,"basaliob":-0.333,"bolussnooze":0.1702,"activity":0.0215,"lastBolusTime":1703618155304,"time":"2023-12-26T20:50:43.762Z","iobWithZeroTemp":{"iob":1.34,"basaliob":-0.495,"bolussnooze":0.1702,"activity":0.0208,"lastBolusTime":1703618155304,"time":"2023-12-26T20:50:43.762Z"}},{"iob":1.398,"basaliob":-0.314,"bolussnooze":0.1419,"activity":0.0202,"lastBolusTime":1703618155304,"time":"2023-12-26T20:55:43.762Z","iobWithZeroTemp":{"iob":1.215,"basaliob":-0.497,"bolussnooze":0.1419,"activity":0.0194,"lastBolusTime":1703618155304,"time":"2023-12-26T20:55:43.762Z"}},{"iob":1.3,"basaliob":-0.296,"bolussnooze":0.1178,"activity":0.019,"lastBolusTime":1703618155304,"time":"2023-12-26T21:00:43.762Z","iobWithZeroTemp":{"iob":1.096,"basaliob":-0.5,"bolussnooze":0.1178,"activity":0.018,"lastBolusTime":1703618155304,"time":"2023-12-26T21:00:43.762Z"}},{"iob":1.209,"basaliob":-0.278,"bolussnooze":0.0976,"activity":0.0179,"lastBolusTime":1703618155304,"time":"2023-12-26T21:05:43.762Z","iobWithZeroTemp":{"iob":0.953,"basaliob":-0.534,"bolussnooze":0.0976,"activity":0.0167,"lastBolusTime":1703618155304,"time":"2023-12-26T21:05:43.762Z"}},{"iob":1.122,"basaliob":-0.261,"bolussnooze":0.0804,"activity":0.0167,"lastBolusTime":1703618155304,"time":"2023-12-26T21:10:43.762Z","iobWithZeroTemp":{"iob":0.815,"basaliob":-0.568,"bolussnooze":0.0804,"activity":0.0153,"lastBolusTime":1703618155304,"time":"2023-12-26T21:10:43.762Z"}},{"iob":1.041,"basaliob":-0.245,"bolussnooze":0.0661,"activity":0.0157,"lastBolusTime":1703618155304,"time":"2023-12-26T21:15:43.762Z","iobWithZeroTemp":{"iob":0.684,"basaliob":-0.602,"bolussnooze":0.0661,"activity":0.014,"lastBolusTime":1703618155304,"time":"2023-12-26T21:15:43.762Z"}},{"iob":0.965,"basaliob":-0.23,"bolussnooze":0.054,"activity":0.0147,"lastBolusTime":1703618155304,"time":"2023-12-26T21:20:43.762Z","iobWithZeroTemp":{"iob":0.559,"basaliob":-0.636,"bolussnooze":0.054,"activity":0.0127,"lastBolusTime":1703618155304,"time":"2023-12-26T21:20:43.762Z"}},{"iob":0.894,"basaliob":-0.215,"bolussnooze":0.044,"activity":0.0138,"lastBolusTime":1703618155304,"time":"2023-12-26T21:25:43.762Z","iobWithZeroTemp":{"iob":0.441,"basaliob":-0.668,"bolussnooze":0.044,"activity":0.0115,"lastBolusTime":1703618155304,"time":"2023-12-26T21:25:43.762Z"}},{"iob":0.827,"basaliob":-0.202,"bolussnooze":0.0356,"activity":0.0128,"lastBolusTime":1703618155304,"time":"2023-12-26T21:30:43.762Z","iobWithZeroTemp":{"iob":0.328,"basaliob":-0.701,"bolussnooze":0.0356,"activity":0.0101,"lastBolusTime":1703618155304,"time":"2023-12-26T21:30:43.762Z"}},{"iob":0.766,"basaliob":-0.188,"bolussnooze":0.0287,"activity":0.0119,"lastBolusTime":1703618155304,"time":"2023-12-26T21:35:43.762Z","iobWithZeroTemp":{"iob":0.223,"basaliob":-0.731,"bolussnooze":0.0287,"activity":0.0088,"lastBolusTime":1703618155304,"time":"2023-12-26T21:35:43.762Z"}},{"iob":0.707,"basaliob":-0.176,"bolussnooze":0.0229,"activity":0.0112,"lastBolusTime":1703618155304,"time":"2023-12-26T21:40:43.762Z","iobWithZeroTemp":{"iob":0.122,"basaliob":-0.761,"bolussnooze":0.0229,"activity":0.0078,"lastBolusTime":1703618155304,"time":"2023-12-26T21:40:43.762Z"}},{"iob":0.654,"basaliob":-0.164,"bolussnooze":0.0182,"activity":0.0104,"lastBolusTime":1703618155304,"time":"2023-12-26T21:45:43.762Z","iobWithZeroTemp":{"iob":0.029,"basaliob":-0.789,"bolussnooze":0.0182,"activity":0.0066,"lastBolusTime":1703618155304,"time":"2023-12-26T21:45:43.762Z"}},{"iob":0.603,"basaliob":-0.153,"bolussnooze":0.0143,"activity":0.0097,"lastBolusTime":1703618155304,"time":"2023-12-26T21:50:43.762Z","iobWithZeroTemp":{"iob":-0.06,"basaliob":-0.816,"bolussnooze":0.0143,"activity":0.0055,"lastBolusTime":1703618155304,"time":"2023-12-26T21:50:43.762Z"}},{"iob":0.557,"basaliob":-0.142,"bolussnooze":0.0112,"activity":0.0091,"lastBolusTime":1703618155304,"time":"2023-12-26T21:55:43.762Z","iobWithZeroTemp":{"iob":-0.142,"basaliob":-0.841,"bolussnooze":0.0112,"activity":0.0046,"lastBolusTime":1703618155304,"time":"2023-12-26T21:55:43.762Z"}},{"iob":0.514,"basaliob":-0.132,"bolussnooze":0.0086,"activity":0.0084,"lastBolusTime":1703618155304,"time":"2023-12-26T22:00:43.762Z","iobWithZeroTemp":{"iob":-0.22,"basaliob":-0.866,"bolussnooze":0.0086,"activity":0.0035,"lastBolusTime":1703618155304,"time":"2023-12-26T22:00:43.762Z"}},{"iob":0.473,"basaliob":-0.123,"bolussnooze":0.0066,"activity":0.0078,"lastBolusTime":1703618155304,"time":"2023-12-26T22:05:43.762Z","iobWithZeroTemp":{"iob":-0.294,"basaliob":-0.89,"bolussnooze":0.0066,"activity":0.0025,"lastBolusTime":1703618155304,"time":"2023-12-26T22:05:43.762Z"}},{"iob":0.436,"basaliob":-0.114,"bolussnooze":0.005,"activity":0.0072,"lastBolusTime":1703618155304,"time":"2023-12-26T22:10:43.762Z","iobWithZeroTemp":{"iob":-0.362,"basaliob":-0.912,"bolussnooze":0.005,"activity":0.0016,"lastBolusTime":1703618155304,"time":"2023-12-26T22:10:43.762Z"}},{"iob":0.4,"basaliob":-0.106,"bolussnooze":0.0037,"activity":0.0067,"lastBolusTime":1703618155304,"time":"2023-12-26T22:15:43.762Z","iobWithZeroTemp":{"iob":-0.428,"basaliob":-0.934,"bolussnooze":0.0037,"activity":8.0E-4,"lastBolusTime":1703618155304,"time":"2023-12-26T22:15:43.762Z"}},{"iob":0.368,"basaliob":-0.098,"bolussnooze":0.0026,"activity":0.0062,"lastBolusTime":1703618155304,"time":"2023-12-26T22:20:43.762Z","iobWithZeroTemp":{"iob":-0.487,"basaliob":-0.953,"bolussnooze":0.0026,"activity":-1.0E-4,"lastBolusTime":1703618155304,"time":"2023-12-26T22:20:43.762Z"}},{"iob":0.338,"basaliob":-0.091,"bolussnooze":0.0019,"activity":0.0058,"lastBolusTime":1703618155304,"time":"2023-12-26T22:25:43.762Z","iobWithZeroTemp":{"iob":-0.543,"basaliob":-0.972,"bolussnooze":0.0019,"activity":-8.0E-4,"lastBolusTime":1703618155304,"time":"2023-12-26T22:25:43.762Z"}},{"iob":0.311,"basaliob":-0.084,"bolussnooze":0.0013,"activity":0.0053,"lastBolusTime":1703618155304,"time":"2023-12-26T22:30:43.762Z","iobWithZeroTemp":{"iob":-0.595,"basaliob":-0.99,"bolussnooze":0.0013,"activity":-0.0016,"lastBolusTime":1703618155304,"time":"2023-12-26T22:30:43.762Z"}},{"iob":0.285,"basaliob":-0.078,"bolussnooze":8.0E-4,"activity":0.005,"lastBolusTime":1703618155304,"time":"2023-12-26T22:35:43.762Z","iobWithZeroTemp":{"iob":-0.644,"basaliob":-1.007,"bolussnooze":8.0E-4,"activity":-0.0022,"lastBolusTime":1703618155304,"time":"2023-12-26T22:35:43.762Z"}},{"iob":0.261,"basaliob":-0.072,"bolussnooze":5.0E-4,"activity":0.0046,"lastBolusTime":1703618155304,"time":"2023-12-26T22:40:43.762Z","iobWithZeroTemp":{"iob":-0.69,"basaliob":-1.023,"bolussnooze":5.0E-4,"activity":-0.0029,"lastBolusTime":1703618155304,"time":"2023-12-26T22:40:43.762Z"}},{"iob":0.239,"basaliob":-0.067,"bolussnooze":3.0E-4,"activity":0.0042,"lastBolusTime":1703618155304,"time":"2023-12-26T22:45:43.762Z","iobWithZeroTemp":{"iob":-0.732,"basaliob":-1.038,"bolussnooze":3.0E-4,"activity":-0.0035,"lastBolusTime":1703618155304,"time":"2023-12-26T22:45:43.762Z"}},{"iob":0.218,"basaliob":-0.062,"bolussnooze":1.0E-4,"activity":0.0039,"lastBolusTime":1703618155304,"time":"2023-12-26T22:50:43.762Z","iobWithZeroTemp":{"iob":-0.773,"basaliob":-1.053,"bolussnooze":1.0E-4,"activity":-0.0041,"lastBolusTime":1703618155304,"time":"2023-12-26T22:50:43.762Z"}},{"iob":0.2,"basaliob":-0.057,"bolussnooze":0,"activity":0.0036,"lastBolusTime":1703618155304,"time":"2023-12-26T22:55:43.762Z","iobWithZeroTemp":{"iob":-0.808,"basaliob":-1.065,"bolussnooze":0,"activity":-0.0046,"lastBolusTime":1703618155304,"time":"2023-12-26T22:55:43.762Z"}},{"iob":0.183,"basaliob":-0.052,"bolussnooze":0,"activity":0.0033,"lastBolusTime":1703618155304,"time":"2023-12-26T23:00:43.762Z","iobWithZeroTemp":{"iob":-0.842,"basaliob":-1.077,"bolussnooze":0,"activity":-0.0051,"lastBolusTime":1703618155304,"time":"2023-12-26T23:00:43.762Z"}},{"iob":0.167,"basaliob":-0.048,"bolussnooze":0,"activity":0.003,"lastBolusTime":1703618155304,"time":"2023-12-26T23:05:43.762Z","iobWithZeroTemp":{"iob":-0.866,"basaliob":-1.081,"bolussnooze":0,"activity":-0.0056,"lastBolusTime":1703618155304,"time":"2023-12-26T23:05:43.762Z"}},{"iob":0.152,"basaliob":-0.045,"bolussnooze":0,"activity":0.0028,"lastBolusTime":1703618155304,"time":"2023-12-26T23:10:43.762Z","iobWithZeroTemp":{"iob":-0.887,"basaliob":-1.084,"bolussnooze":0,"activity":-0.006,"lastBolusTime":1703618155304,"time":"2023-12-26T23:10:43.762Z"}},{"iob":0.139,"basaliob":-0.041,"bolussnooze":0,"activity":0.0026,"lastBolusTime":1703618155304,"time":"2023-12-26T23:15:43.762Z","iobWithZeroTemp":{"iob":-0.905,"basaliob":-1.085,"bolussnooze":0,"activity":-0.0064,"lastBolusTime":1703618155304,"time":"2023-12-26T23:15:43.762Z"}},{"iob":0.126,"basaliob":-0.038,"bolussnooze":0,"activity":0.0024,"lastBolusTime":1703618155304,"time":"2023-12-26T23:20:43.762Z","iobWithZeroTemp":{"iob":-0.923,"basaliob":-1.087,"bolussnooze":0,"activity":-0.0067,"lastBolusTime":1703618155304,"time":"2023-12-26T23:20:43.762Z"}},{"iob":0.115,"basaliob":-0.035,"bolussnooze":0,"activity":0.0022,"lastBolusTime":1703618155304,"time":"2023-12-26T23:25:43.762Z","iobWithZeroTemp":{"iob":-0.938,"basaliob":-1.088,"bolussnooze":0,"activity":-0.0071,"lastBolusTime":1703618155304,"time":"2023-12-26T23:25:43.762Z"}},{"iob":0.104,"basaliob":-0.032,"bolussnooze":0,"activity":0.002,"lastBolusTime":1703618155304,"time":"2023-12-26T23:30:43.762Z","iobWithZeroTemp":{"iob":-0.953,"basaliob":-1.089,"bolussnooze":0,"activity":-0.0074,"lastBolusTime":1703618155304,"time":"2023-12-26T23:30:43.762Z"}},{"iob":0.095,"basaliob":-0.029,"bolussnooze":0,"activity":0.0018,"lastBolusTime":1703618155304,"time":"2023-12-26T23:35:43.762Z","iobWithZeroTemp":{"iob":-0.965,"basaliob":-1.089,"bolussnooze":0,"activity":-0.0077,"lastBolusTime":1703618155304,"time":"2023-12-26T23:35:43.762Z"}},{"iob":0.086,"basaliob":-0.027,"bolussnooze":0,"activity":0.0017,"lastBolusTime":1703618155304,"time":"2023-12-26T23:40:43.762Z","iobWithZeroTemp":{"iob":-0.976,"basaliob":-1.089,"bolussnooze":0,"activity":-0.0079,"lastBolusTime":1703618155304,"time":"2023-12-26T23:40:43.762Z"}},{"iob":0.078,"basaliob":-0.025,"bolussnooze":0,"activity":0.0016,"lastBolusTime":1703618155304,"time":"2023-12-26T23:45:43.762Z","iobWithZeroTemp":{"iob":-0.986,"basaliob":-1.089,"bolussnooze":0,"activity":-0.008,"lastBolusTime":1703618155304,"time":"2023-12-26T23:45:43.762Z"}},{"iob":0.071,"basaliob":-0.022,"bolussnooze":0,"activity":0.0014,"lastBolusTime":1703618155304,"time":"2023-12-26T23:50:43.762Z","iobWithZeroTemp":{"iob":-0.995,"basaliob":-1.088,"bolussnooze":0,"activity":-0.0083,"lastBolusTime":1703618155304,"time":"2023-12-26T23:50:43.762Z"}},{"iob":0.064,"basaliob":-0.021,"bolussnooze":0,"activity":0.0013,"lastBolusTime":1703618155304,"time":"2023-12-26T23:55:43.762Z","iobWithZeroTemp":{"iob":-1.003,"basaliob":-1.088,"bolussnooze":0,"activity":-0.0085,"lastBolusTime":1703618155304,"time":"2023-12-26T23:55:43.762Z"}},{"iob":0.058,"basaliob":-0.019,"bolussnooze":0,"activity":0.0012,"lastBolusTime":1703618155304,"time":"2023-12-27T00:00:43.762Z","iobWithZeroTemp":{"iob":-1.01,"basaliob":-1.087,"bolussnooze":0,"activity":-0.0086,"lastBolusTime":1703618155304,"time":"2023-12-27T00:00:43.762Z"}},{"iob":0.052,"basaliob":-0.017,"bolussnooze":0,"activity":0.0011,"lastBolusTime":1703618155304,"time":"2023-12-27T00:05:43.762Z","iobWithZeroTemp":{"iob":-1.017,"basaliob":-1.086,"bolussnooze":0,"activity":-0.0088,"lastBolusTime":1703618155304,"time":"2023-12-27T00:05:43.762Z"}},{"iob":0.047,"basaliob":-0.016,"bolussnooze":0,"activity":0.001,"lastBolusTime":1703618155304,"time":"2023-12-27T00:10:43.762Z","iobWithZeroTemp":{"iob":-1.022,"basaliob":-1.085,"bolussnooze":0,"activity":-0.0089,"lastBolusTime":1703618155304,"time":"2023-12-27T00:10:43.762Z"}}],"profile":{"max_iob":10,"type":"current","max_daily_basal":0.7,"max_basal":1.2,"min_bg":100,"max_bg":100,"target_bg":100,"carb_ratio":5.5,"sens":60,"max_daily_safety_multiplier":3,"current_basal_safety_multiplier":4,"high_temptarget_raises_sensitivity":false,"low_temptarget_lowers_sensitivity":false,"sensitivity_raises_target":true,"resistance_lowers_target":true,"adv_target_adjustments":false,"exercise_mode":false,"half_basal_exercise_target":160,"maxCOB":120,"skip_neutral_temps":false,"remainingCarbsCap":90,"enableUAM":true,"A52_risk_enable":false,"SMBInterval":4,"enableSMB_with_COB":true,"enableSMB_with_temptarget":true,"allowSMB_with_high_temptarget":false,"enableSMB_always":true,"enableSMB_after_carbs":true,"maxSMBBasalMinutes":45,"maxUAMSMBBasalMinutes":120,"bolus_increment":0.05,"carbsReqThreshold":5,"current_basal":0.3,"temptargetSet":false,"autosens_max":1.3},"autosens_data":{"ratio":1},"meal_data":{"carbs":40,"mealCOB":22.319351307189546,"slopeFromMaxDeviation":-0.6604545454545454,"slopeFromMinDeviation":0.0394285714285714,"lastBolusTime":1703618155304,"lastCarbTime":1703615283000},"microBolusAllowed":true,"currentTime":1703621744303,"flatBGsDetected":false},"output":{"temp":"absolute","bg":80,"tick":-3,"eventualBG":147,"targetBG":100,"insulinReq":0,"deliverAt":"2023-12-26T20:15:44.303Z","sensitivityRatio":1,"predBGs":{"IOB":[80,76,72,68,64,60,56,52,47,43,39,39,39],"ZT":[80,71,62,53,45,39,39,39,39,39,39,39,39,39,39,39,39,39,39,39,39,39,39,39,39,39,39,39,39,39,39,39,39,39,39,39,39,39,39,39,39,39,39,39,39,39,39,39],"COB":[80,77,74,71,69,67,65,64,63,63,63,63,63,64,65,66,67,68,70,72,74,76,78,81,83,86,89,91,94,97,100,103,106,109,112,115,118,121,124,127,130,132,135,138,140,143,145,147],"UAM":[80,76,72,67,63,58,53,47,42,39,39,39,39]},"COB":22.319351307189546,"IOB":2.424,"reason":"COB: 22.3, Dev: 37, BGI: -9, ISF: 60, CR: 5.5, Target: 100, minPredBG 64, minGuardBG 17, IOBpredBG 39, COBpredBG 147, UAMpredBG 39; minGuardBG 17<70","duration":120,"rate":0,"timestamp":"2023-12-26T20:15:44.308Z"}}