{"algorithm":"OpenAPSSMBPlugin","input":{"glucoseStatus":{"glucose":136,"noise":0,"delta":-0.67,"short_avgdelta":0.3,"long_avgdelta":0.67,"date":1703582728705},"currenttemp":{"temp":"absolute","duration":95,"rate":0,"minutesrunning":25},"iob_data":[{"iob":1.86,"basaliob":-0.698,"bolussnooze":0.2874,"activity":0.0241,"lastBolusTime":1703580652028,"time":"2023-12-26T09:25:46.591Z","iobWithZeroTemp":{"iob":1.86,"basaliob":-0.698,"bolussnooze":0.2874,"activity":0.0241,"lastBolusTime":1703580652028,"time":"2023-12-26T09:25:46.591Z"}},{"iob":1.742,"basaliob":-0.669,"bolussnooze":0.2441,"activity":0.0229,"lastBolusTime":1703580652028,"time":"2023-12-26T09:30:46.591Z","iobWithZeroTemp":{"iob":1.716,"basaliob":-0.695,"bolussnooze":0.2441,"activity":0.0229,"lastBolusTime":1703580652028,"time":"2023-12-26T09:30:46.591Z"}},{"iob":1.63,"basaliob":-0.639,"bolussnooze":0.2068,"activity":0.0218,"lastBolusTime":1703580652028,"time":"2023-12-26T09:35:46.591Z","iobWithZeroTemp":{"iob":1.572,"basaliob":-0.697,"bolussnooze":0.2068,"activity":0.0217,"lastBolusTime":1703580652028,"time":"2023-12-26T09:35:46.591Z"}},{"iob":1.525,"basaliob":-0.608,"bolussnooze":0.1746,"activity":0.0207,"lastBolusTime":1703580652028,"time":"2023-12-26T09:40:46.591Z","iobWithZeroTemp":{"iob":1.435,"basaliob":-0.698,"bolussnooze":0.1746,"activity":0.0205,"lastBolusTime":1703580652028,"time":"2023-12-26T09:40:46.591Z"}},{"iob":1.423,"basaliob":-0.579,"bolussnooze":0.1471,"activity":0.0196,"lastBolusTime":1703580652028,"time":"2023-12-26T09:45:46.591Z","iobWithZeroTemp":{"iob":1.302,"basaliob":-0.7,"bolussnooze":0.1471,"activity":0.0193,"lastBolusTime":1703580652028,"time":"2023-12-26T09:45:46.591Z"}},{"iob":1.328,"basaliob":-0.549,"bolussnooze":0.1235,"activity":0.0185,"lastBolusTime":1703580652028,"time":"2023-12-26T09:50:46.591Z","iobWithZeroTemp":{"iob":1.176,"basaliob":-0.701,"bolussnooze":0.1235,"activity":0.018,"lastBolusTime":1703580652028,"time":"2023-12-26T09:50:46.591Z"}},{"iob":1.239,"basaliob":-0.52,"bolussnooze":0.1034,"activity":0.0175,"lastBolusTime":1703580652028,"time":"2023-12-26T09:55:46.591Z","iobWithZeroTemp":{"iob":1.057,"basaliob":-0.702,"bolussnooze":0.1034,"activity":0.0168,"lastBolusTime":1703580652028,"time":"2023-12-26T09:55:46.591Z"}},{"iob":1.154,"basaliob":-0.492,"bolussnooze":0.0863,"activity":0.0165,"lastBolusTime":1703580652028,"time":"2023-12-26T10:00:46.591Z","iobWithZeroTemp":{"iob":0.944,"basaliob":-0.702,"bolussnooze":0.0863,"activity":0.0156,"lastBolusTime":1703580652028,"time":"2023-12-26T10:00:46.591Z"}},{"iob":1.073,"basaliob":-0.465,"bolussnooze":0.0718,"activity":0.0155,"lastBolusTime":1703580652028,"time":"2023-12-26T10:05:46.591Z","iobWithZeroTemp":{"iob":0.835,"basaliob":-0.703,"bolussnooze":0.0718,"activity":0.0144,"lastBolusTime":1703580652028,"time":"2023-12-26T10:05:46.591Z"}},{"iob":0.998,"basaliob":-0.439,"bolussnooze":0.0595,"activity":0.0146,"lastBolusTime":1703580652028,"time":"2023-12-26T10:10:46.591Z","iobWithZeroTemp":{"iob":0.733,"basaliob":-0.704,"bolussnooze":0.0595,"activity":0.0133,"lastBolusTime":1703580652028,"time":"2023-12-26T10:10:46.591Z"}},{"iob":0.928,"basaliob":-0.413,"bolussnooze":0.0491,"activity":0.0137,"lastBolusTime":1703580652028,"time":"2023-12-26T10:15:46.591Z","iobWithZeroTemp":{"iob":0.638,"basaliob":-0.703,"bolussnooze":0.0491,"activity":0.0122,"lastBolusTime":1703580652028,"time":"2023-12-26T10:15:46.591Z"}},{"iob":0.861,"basaliob":-0.389,"bolussnooze":0.0404,"activity":0.0129,"lastBolusTime":1703580652028,"time":"2023-12-26T10:20:46.591Z","iobWithZeroTemp":{"iob":0.546,"basaliob":-0.704,"bolussnooze":0.0404,"activity":0.0112,"lastBolusTime":1703580652028,"time":"2023-12-26T10:20:46.591Z"}},{"iob":0.799,"basaliob":-0.365,"bolussnooze":0.0331,"activity":0.012,"lastBolusTime":1703580652028,"time":"2023-12-26T10:25:46.591Z","iobWithZeroTemp":{"iob":0.461,"basaliob":-0.703,"bolussnooze":0.0331,"activity":0.0101,"lastBolusTime":1703580652028,"time":"2023-12-26T10:25:46.591Z"}},{"iob":0.741,"basaliob":-0.342,"bolussnooze":0.027,"activity":0.0113,"lastBolusTime":1703580652028,"time":"2023-12-26T10:30:46.591Z","iobWithZeroTemp":{"iob":0.381,"basaliob":-0.702,"bolussnooze":0.027,"activity":0.0091,"lastBolusTime":1703580652028,"time":"2023-12-26T10:30:46.591Z"}},{"iob":0.686,"basaliob":-0.321,"bolussnooze":0.0219,"activity":0.0105,"lastBolusTime":1703580652028,"time":"2023-12-26T10:35:46.591Z","iobWithZeroTemp":{"iob":0.304,"basaliob":-0.703,"bolussnooze":0.0219,"activity":0.0081,"lastBolusTime":1703580652028,"time":"2023-12-26T10:35:46.591Z"}},{"iob":0.635,"basaliob":-0.301,"bolussnooze":0.0177,"activity":0.0098,"lastBolusTime":1703580652028,"time":"2023-12-26T10:40:46.591Z","iobWithZeroTemp":{"iob":0.233,"basaliob":-0.703,"bolussnooze":0.0177,"activity":0.0072,"lastBolusTime":1703580652028,"time":"2023-12-26T10:40:46.591Z"}},{"iob":0.588,"basaliob":-0.281,"bolussnooze":0.0142,"activity":0.0092,"lastBolusTime":1703580652028,"time":"2023-12-26T10:45:46.591Z","iobWithZeroTemp":{"iob":0.167,"basaliob":-0.702,"bolussnooze":0.0142,"activity":0.0064,"lastBolusTime":1703580652028,"time":"2023-12-26T10:45:46.591Z"}},{"iob":0.543,"basaliob":-0.263,"bolussnooze":0.0113,"activity":0.0086,"lastBolusTime":1703580652028,"time":"2023-12-26T10:50:46.591Z","iobWithZeroTemp":{"iob":0.104,"basaliob":-0.702,"bolussnooze":0.0113,"activity":0.0056,"lastBolusTime":1703580652028,"time":"2023-12-26T10:50:46.591Z"}},{"iob":0.502,"basaliob":-0.245,"bolussnooze":0.0089,"activity":0.008,"lastBolusTime":1703580652028,"time":"2023-12-26T10:55:46.591Z","iobWithZeroTemp":{"iob":0.046,"basaliob":-0.701,"bolussnooze":0.0089,"activity":0.0048,"lastBolusTime":1703580652028,"time":"2023-12-26T10:55:46.591Z"}},{"iob":0.463,"basaliob":-0.229,"bolussnooze":0.007,"activity":0.0075,"lastBolusTime":1703580652028,"time":"2023-12-26T11:00:46.591Z","iobWithZeroTemp":{"iob":-0.009,"basaliob":-0.701,"bolussnooze":0.007,"activity":0.0041,"lastBolusTime":1703580652028,"time":"2023-12-26T11:00:46.591Z"}},{"iob":0.427,"basaliob":-0.213,"bolussnooze":0.0054,"activity":0.007,"lastBolusTime":1703580652028,"time":"2023-12-26T11:05:46.591Z","iobWithZeroTemp":{"iob":-0.06,"basaliob":-0.7,"bolussnooze":0.0054,"activity":0.0034,"lastBolusTime":1703580652028,"time":"2023-12-26T11:05:46.591Z"}},{"iob":0.394,"basaliob":-0.198,"bolussnooze":0.0041,"activity":0.0064,"lastBolusTime":1703580652028,"time":"2023-12-26T11:10:46.591Z","iobWithZeroTemp":{"iob":-0.107,"basaliob":-0.699,"bolussnooze":0.0041,"activity":0.0026,"lastBolusTime":1703580652028,"time":"2023-12-26T11:10:46.591Z"}},{"iob":0.362,"basaliob":-0.185,"bolussnooze":0.0031,"activity":0.006,"lastBolusTime":1703580652028,"time":"2023-12-26T11:15:46.591Z","iobWithZeroTemp":{"iob":-0.152,"basaliob":-0.699,"bolussnooze":0.0031,"activity":0.0021,"lastBolusTime":1703580652028,"time":"2023-12-26T11:15:46.591Z"}},{"iob":0.334,"basaliob":-0.172,"bolussnooze":0.0023,"activity":0.0056,"lastBolusTime":1703580652028,"time":"2023-12-26T11:20:46.591Z","iobWithZeroTemp":{"iob":-0.193,"basaliob":-0.699,"bolussnooze":0.0023,"activity":0.0015,"lastBolusTime":1703580652028,"time":"2023-12-26T11:20:46.591Z"}},{"iob":0.308,"basaliob":-0.159,"bolussnooze":0.0017,"activity":0.0051,"lastBolusTime":1703580652028,"time":"2023-12-26T11:25:46.591Z","iobWithZeroTemp":{"iob":-0.23,"basaliob":-0.697,"bolussnooze":0.0017,"activity":9.0E-4,"lastBolusTime":1703580652028,"time":"2023-12-26T11:25:46.591Z"}},{"iob":0.282,"basaliob":-0.148,"bolussnooze":0.0012,"activity":0.0048,"lastBolusTime":1703580652028,"time":"2023-12-26T11:30:46.591Z","iobWithZeroTemp":{"iob":-0.267,"basaliob":-0.697,"bolussnooze":0.0012,"activity":4.0E-4,"lastBolusTime":1703580652028,"time":"2023-12-26T11:30:46.591Z"}},{"iob":0.26,"basaliob":-0.137,"bolussnooze":8.0E-4,"activity":0.0044,"lastBolusTime":1703580652028,"time":"2023-12-26T11:35:46.591Z","iobWithZeroTemp":{"iob":-0.3,"basaliob":-0.697,"bolussnooze":8.0E-4,"activity":-1.0E-4,"lastBolusTime":1703580652028,"time":"2023-12-26T11:35:46.591Z"}},{"iob":0.238,"basaliob":-0.127,"bolussnooze":5.0E-4,"activity":0.0041,"lastBolusTime":1703580652028,"time":"2023-12-26T11:40:46.591Z","iobWithZeroTemp":{"iob":-0.331,"basaliob":-0.696,"bolussnooze":5.0E-4,"activity":-6.0E-4,"lastBolusTime":1703580652028,"time":"2023-12-26T11:40:46.591Z"}},{"iob":0.218,"basaliob":-0.118,"bolussnooze":3.0E-4,"activity":0.0038,"lastBolusTime":1703580652028,"time":"2023-12-26T11:45:46.591Z","iobWithZeroTemp":{"iob":-0.36,"basaliob":-0.696,"bolussnooze":3.0E-4,"activity":-0.001,"lastBolusTime":1703580652028,"time":"2023-12-26T11:45:46.591Z"}},{"iob":0.2,"basaliob":-0.109,"bolussnooze":2.0E-4,"activity":0.0035,"lastBolusTime":1703580652028,"time":"2023-12-26T11:50:46.591Z","iobWithZeroTemp":{"iob":-0.386,"basaliob":-0.695,"bolussnooze":2.0E-4,"activity":-0.0014,"lastBolusTime":1703580652028,"time":"2023-12-26T11:50:46.591Z"}},{"iob":0.183,"basaliob":-0.101,"bolussnooze":1.0E-4,"activity":0.0032,"lastBolusTime":1703580652028,"time":"2023-12-26T11:55:46.591Z","iobWithZeroTemp":{"iob":-0.411,"basaliob":-0.695,"bolussnooze":1.0E-4,"activity":-0.0018,"lastBolusTime":1703580652028,"time":"2023-12-26T11:55:46.591Z"}},{"iob":0.168,"basaliob":-0.093,"bolussnooze":0,"activity":0.003,"lastBolusTime":1703580652028,"time":"2023-12-26T12:00:46.591Z","iobWithZeroTemp":{"iob":-0.433,"basaliob":-0.694,"bolussnooze":0,"activity":-0.0021,"lastBolusTime":1703580652028,"time":"2023-12-26T12:00:46.591Z"}},{"iob":0.153,"basaliob":-0.086,"bolussnooze":0,"activity":0.0027,"lastBolusTime":1703580652028,"time":"2023-12-26T12:05:46.591Z","iobWithZeroTemp":{"iob":-0.471,"basaliob":-0.71,"bolussnooze":0,"activity":-0.0025,"lastBolusTime":1703580652028,"time":"2023-12-26T12:05:46.591Z"}},{"iob":0.141,"basaliob":-0.079,"bolussnooze":0,"activity":0.0025,"lastBolusTime":1703580652028,"time":"2023-12-26T12:10:46.591Z","iobWithZeroTemp":{"iob":-0.505,"basaliob":-0.725,"bolussnooze":0,"activity":-0.0028,"lastBolusTime":1703580652028,"time":"2023-12-26T12:10:46.591Z"}},{"iob":0.128,"basaliob":-0.073,"bolussnooze":0,"activity":0.0023,"lastBolusTime":1703580652028,"time":"2023-12-26T12:15:46.591Z","iobWithZeroTemp":{"iob":-0.54,"basaliob":-0.741,"bolussnooze":0,"activity":-0.0032,"lastBolusTime":1703580652028,"time":"2023-12-26T12:15:46.591Z"}},{"iob":0.117,"basaliob":-0.067,"bolussnooze":0,"activity":0.0022,"lastBolusTime":1703580652028,"time":"2023-12-26T12:20:46.591Z","iobWithZeroTemp":{"iob":-0.572,"basaliob":-0.756,"bolussnooze":0,"activity":-0.0034,"lastBolusTime":1703580652028,"time":"2023-12-26T12:20:46.591Z"}},{"iob":0.107,"basaliob":-0.062,"bolussnooze":0,"activity":0.002,"lastBolusTime":1703580652028,"time":"2023-12-26T12:25:46.591Z","iobWithZeroTemp":{"iob":-0.602,"basaliob":-0.771,"bolussnooze":0,"activity":-0.0038,"lastBolusTime":1703580652028,"time":"2023-12-26T12:25:46.591Z"}},{"iob":0.097,"basaliob":-0.057,"bolussnooze":0,"activity":0.0018,"lastBolusTime":1703580652028,"time":"2023-12-26T12:30:46.591Z","iobWithZeroTemp":{"iob":-0.631,"basaliob":-0.785,"bolussnooze":0,"activity":-0.0042,"lastBolusTime":1703580652028,"time":"2023-12-26T12:30:46.591Z"}},{"iob":0.089,"basaliob":-0.052,"bolussnooze":0,"activity":0.0017,"lastBolusTime":1703580652028,"time":"2023-12-26T12:35:46.591Z","iobWithZeroTemp":{"iob":-0.658,"basaliob":-0.799,"bolussnooze":0,"activity":-0.0044,"lastBolusTime":1703580652028,"time":"2023-12-26T12:35:46.591Z"}},{"iob":0.08,"basaliob":-0.048,"bolussnooze":0,"activity":0.0016,"lastBolusTime":1703580652028,"time":"2023-12-26T12:40:46.591Z","iobWithZeroTemp":{"iob":-0.685,"basaliob":-0.813,"bolussnooze":0,"activity":-0.0047,"lastBolusTime":1703580652028,"time":"2023-12-26T12:40:46.591Z"}},{"iob":0.073,"basaliob":-0.044,"bolussnooze":0,"activity":0.0014,"lastBolusTime":1703580652028,"time":"2023-12-26T12:45:46.591Z","iobWithZeroTemp":{"iob":-0.708,"basaliob":-0.825,"bolussnooze":0,"activity":-0.0051,"lastBolusTime":1703580652028,"time":"2023-12-26T12:45:46.591Z"}},{"iob":0.066,"basaliob":-0.041,"bolussnooze":0,"activity":0.0013,"lastBolusTime":1703580652028,"time":"2023-12-26T12:50:46.591Z","iobWithZeroTemp":{"iob":-0.731,"basaliob":-0.838,"bolussnooze":0,"activity":-0.0053,"lastBolusTime":1703580652028,"time":"2023-12-26T12:50:46.591Z"}},{"iob":0.06,"basaliob":-0.037,"bolussnooze":0,"activity":0.0012,"lastBolusTime":1703580652028,"time":"2023-12-26T12:55:46.591Z","iobWithZeroTemp":{"iob":-0.753,"basaliob":-0.85,"bolussnooze":0,"activity":-0.0056,"lastBolusTime":1703580652028,"time":"2023-12-26T12:55:46.591Z"}},{"iob":0.054,"basaliob":-0.034,"bolussnooze":0,"activity":0.0011,"lastBolusTime":1703580652028,"time":"2023-12-26T13:00:46.591Z","iobWithZeroTemp":{"iob":-0.773,"basaliob":-0.861,"bolussnooze":0,"activity":-0.0058,"lastBolusTime":1703580652028,"time":"2023-12-26T13:00:46.591Z"}},{"iob":0.049,"basaliob":-0.031,"bolussnooze":0,"activity":9.0E-4,"lastBolusTime":1703580652028,"time":"2023-12-26T13:05:46.591Z","iobWithZeroTemp":{"iob":-0.792,"basaliob":-0.872,"bolussnooze":0,"activity":-0.0062,"lastBolusTime":1703580652028,"time":"2023-12-26T13:05:46.591Z"}},{"iob":0.044,"basaliob":-0.029,"bolussnooze":0,"activity":9.0E-4,"lastBolusTime":1703580652028,"time":"2023-12-26T13:10:46.591Z","iobWithZeroTemp":{"iob":-0.81,"basaliob":-0.883,"bolussnooze":0,"activity":-0.0063,"lastBolusTime":1703580652028,"time":"2023-12-26T13:10:46.591Z"}},{"iob":0.04,"basaliob":-0.026,"bolussnooze":0,"activity":8.0E-4,"lastBolusTime":1703580652028,"time":"2023-12-26T13:15:46.591Z","iobWithZeroTemp":{"iob":-0.826,"basaliob":-0.892,"bolussnooze":0,"activity":-0.0066,"lastBolusTime":1703580652028,"time":"2023-12-26T13:15:46.591Z"}},{"iob":0.036,"basaliob":-0.024,"bolussnooze":0,"activity":8.0E-4,"lastBolusTime":1703580652028,"time":"2023-12-26T13:20:46.591Z","iobWithZeroTemp":{"iob":-0.841,"basaliob":-0.901,"bolussnooze":0,"activity":-0.0067,"lastBolusTime":1703580652028,"time":"2023-12-26T13:20:46.591Z"}}],"profile":{"max_iob":10,"type":"current","max_daily_basal":0.7,"max_basal":1.2,"min_bg":100,"max_bg":100,"target_bg":100,"carb_ratio":7.5,"sens":85,"max_daily_safety_multiplier":3,"current_basal_safety_multiplier":4,"high_temptarget_raises_sensitivity":false,"low_temptarget_lowers_sensitivity":false,"sensitivity_raises_target":true,"resistance_lowers_target":true,"adv_target_adjustments":false,"exercise_mode":false,"half_basal_exercise_target":160,"maxCOB":120,"skip_neutral_temps":false,"remainingCarbsCap":90,"enableUAM":true,"A52_risk_enable":false,"SMBInterval":4,"enableSMB_with_COB":true,"enableSMB_with_temptarget":true,"allowSMB_with_high_temptarget":false,"enableSMB_always":true,"enableSMB_after_carbs":true,"maxSMBBasalMinutes":45,"maxUAMSMBBasalMinutes":120,"bolus_increment":0.05,"carbsReqThreshold":5,"current_basal":0.3,"temptargetSet":false,"autosens_max":1.3},"autosens_data":{"ratio":1.3},"meal_data":{"carbs":35,"mealCOB":11.175073529411772,"slopeFromMaxDeviation":-0.7561666666666669,"slopeFromMinDeviation":0.2114545454545455,"lastBolusTime":1703580652028,"lastCarbTime":1703576391522},"microBolusAllowed":true,"currentTime":1703582748671,"flatBGsDetected":false},"output":{"temp":"absolute","bg":136,"tick":-1,"eventualBG":107,"targetBG":91,"insulinReq":0,"deliverAt":"2023-12-26T09:25:48.671Z","sensitivityRatio":1.3,"predBGs":{"IOB":[136,135,133,132,130,127,125,122,119,116,112,108,104,100,97,93,90,87,84,82,79,77,75,73,71,69,68,66,65,64,63,61,60,60,59,58,57,57,56,56,55,55,54,54,53],"ZT":[136,128,121,114,107,101,95,89,84,79,75,71,67,64,61,58,56,54,52,51,49,48,47,47,46,46,46,46,46,46,47,47,48,49,50,51,52,53,54,56,57,59,61,63,65,67,69,71],"COB":[136,135,134,134,133,132,132,132,131,131,131,130,130,130,130,130,129,129,129,128,128,127,126,125,124,123,122,120,119,118,117,116,115,114,113,112,112,111,110,110,109,109,108,108,108,107],"UAM":[136,135,133,131,128,125,122,118,113,109,104,99,95,91,88,84,81,78,75,73,70,68,66,64,62,60,59,57,56,55,53,52,51,51,50,49,48,48,47,46,46,46,45,45,44,44,44,43]},"COB":11.175073529411772,"IOB":1.86,"reason":"COB: 11.2, Dev: 43, BGI: -8, ISF: 65, CR: 7.5, Target: 91, minPredBG 63, minGuardBG 63, IOBpredBG 53, COBpredBG 107, UAMpredBG 43; minGuardBG 63<66 95m left and 0 ~ req 0U\/hr: no temp required","timestamp":"2023-12-26T09:25:48.701Z"}}