{"algorithm":"OpenAPSSMBPlugin","input":{"glucoseStatus":{"glucose":166,"noise":0,"delta":8.33,"short_avgdelta":10.41,"long_avgdelta":7.83,"date":1703597428410},"currenttemp":{"temp":"absolute","duration":25,"rate":0,"minutesrunning":5},"iob_data":[{"iob":2.682,"basaliob":-0.619,"bolussnooze":0.2188,"activity":0.0261,"lastBolusTime":1703597149310,"time":"2023-12-26T13:30:54.968Z","iobWithZeroTemp":{"iob":2.682,"basaliob":-0.619,"bolussnooze":0.2188,"activity":0.0261,"lastBolusTime":1703597149310,"time":"2023-12-26T13:30:54.968Z"}},{"iob":2.552,"basaliob":-0.594,"bolussnooze":0.1853,"activity":0.0259,"lastBolusTime":1703597149310,"time":"2023-12-26T13:35:54.968Z","iobWithZeroTemp":{"iob":2.507,"basaliob":-0.639,"bolussnooze":0.1853,"activity":0.0259,"lastBolusTime":1703597149310,"time":"2023-12-26T13:35:54.968Z"}},{"iob":2.423,"basaliob":-0.569,"bolussnooze":0.1565,"activity":0.0255,"lastBolusTime":1703597149310,"time":"2023-12-26T13:40:54.968Z","iobWithZeroTemp":{"iob":2.322,"basaliob":-0.67,"bolussnooze":0.1565,"activity":0.0254,"lastBolusTime":1703597149310,"time":"2023-12-26T13:40:54.968Z"}},{"iob":2.297,"basaliob":-0.543,"bolussnooze":0.1318,"activity":0.025,"lastBolusTime":1703597149310,"time":"2023-12-26T13:45:54.968Z","iobWithZeroTemp":{"iob":2.141,"basaliob":-0.699,"bolussnooze":0.1318,"activity":0.0247,"lastBolusTime":1703597149310,"time":"2023-12-26T13:45:54.968Z"}},{"iob":2.173,"basaliob":-0.518,"bolussnooze":0.1106,"activity":0.0244,"lastBolusTime":1703597149310,"time":"2023-12-26T13:50:54.968Z","iobWithZeroTemp":{"iob":1.963,"basaliob":-0.728,"bolussnooze":0.1106,"activity":0.0239,"lastBolusTime":1703597149310,"time":"2023-12-26T13:50:54.968Z"}},{"iob":2.053,"basaliob":-0.492,"bolussnooze":0.0926,"activity":0.0236,"lastBolusTime":1703597149310,"time":"2023-12-26T13:55:54.968Z","iobWithZeroTemp":{"iob":1.79,"basaliob":-0.755,"bolussnooze":0.0926,"activity":0.0228,"lastBolusTime":1703597149310,"time":"2023-12-26T13:55:54.968Z"}},{"iob":1.937,"basaliob":-0.467,"bolussnooze":0.0772,"activity":0.0228,"lastBolusTime":1703597149310,"time":"2023-12-26T14:00:54.968Z","iobWithZeroTemp":{"iob":1.623,"basaliob":-0.781,"bolussnooze":0.0772,"activity":0.0217,"lastBolusTime":1703597149310,"time":"2023-12-26T14:00:54.968Z"}},{"iob":1.825,"basaliob":-0.442,"bolussnooze":0.0642,"activity":0.022,"lastBolusTime":1703597149310,"time":"2023-12-26T14:05:54.968Z","iobWithZeroTemp":{"iob":1.461,"basaliob":-0.806,"bolussnooze":0.0642,"activity":0.0205,"lastBolusTime":1703597149310,"time":"2023-12-26T14:05:54.968Z"}},{"iob":1.716,"basaliob":-0.419,"bolussnooze":0.0532,"activity":0.0212,"lastBolusTime":1703597149310,"time":"2023-12-26T14:10:54.968Z","iobWithZeroTemp":{"iob":1.304,"basaliob":-0.831,"bolussnooze":0.0532,"activity":0.0194,"lastBolusTime":1703597149310,"time":"2023-12-26T14:10:54.968Z"}},{"iob":1.613,"basaliob":-0.395,"bolussnooze":0.0439,"activity":0.0203,"lastBolusTime":1703597149310,"time":"2023-12-26T14:15:54.968Z","iobWithZeroTemp":{"iob":1.155,"basaliob":-0.853,"bolussnooze":0.0439,"activity":0.0181,"lastBolusTime":1703597149310,"time":"2023-12-26T14:15:54.968Z"}},{"iob":1.513,"basaliob":-0.373,"bolussnooze":0.0361,"activity":0.0194,"lastBolusTime":1703597149310,"time":"2023-12-26T14:20:54.968Z","iobWithZeroTemp":{"iob":1.01,"basaliob":-0.876,"bolussnooze":0.0361,"activity":0.0168,"lastBolusTime":1703597149310,"time":"2023-12-26T14:20:54.968Z"}},{"iob":1.419,"basaliob":-0.351,"bolussnooze":0.0296,"activity":0.0185,"lastBolusTime":1703597149310,"time":"2023-12-26T14:25:54.968Z","iobWithZeroTemp":{"iob":0.874,"basaliob":-0.896,"bolussnooze":0.0296,"activity":0.0155,"lastBolusTime":1703597149310,"time":"2023-12-26T14:25:54.968Z"}},{"iob":1.329,"basaliob":-0.33,"bolussnooze":0.0241,"activity":0.0176,"lastBolusTime":1703597149310,"time":"2023-12-26T14:30:54.968Z","iobWithZeroTemp":{"iob":0.744,"basaliob":-0.915,"bolussnooze":0.0241,"activity":0.0142,"lastBolusTime":1703597149310,"time":"2023-12-26T14:30:54.968Z"}},{"iob":1.243,"basaliob":-0.31,"bolussnooze":0.0195,"activity":0.0167,"lastBolusTime":1703597149310,"time":"2023-12-26T14:35:54.968Z","iobWithZeroTemp":{"iob":0.619,"basaliob":-0.934,"bolussnooze":0.0195,"activity":0.013,"lastBolusTime":1703597149310,"time":"2023-12-26T14:35:54.968Z"}},{"iob":1.162,"basaliob":-0.291,"bolussnooze":0.0158,"activity":0.0159,"lastBolusTime":1703597149310,"time":"2023-12-26T14:40:54.968Z","iobWithZeroTemp":{"iob":0.502,"basaliob":-0.951,"bolussnooze":0.0158,"activity":0.0118,"lastBolusTime":1703597149310,"time":"2023-12-26T14:40:54.968Z"}},{"iob":1.084,"basaliob":-0.273,"bolussnooze":0.0126,"activity":0.015,"lastBolusTime":1703597149310,"time":"2023-12-26T14:45:54.968Z","iobWithZeroTemp":{"iob":0.389,"basaliob":-0.968,"bolussnooze":0.0126,"activity":0.0105,"lastBolusTime":1703597149310,"time":"2023-12-26T14:45:54.968Z"}},{"iob":1.012,"basaliob":-0.255,"bolussnooze":0.0101,"activity":0.0142,"lastBolusTime":1703597149310,"time":"2023-12-26T14:50:54.968Z","iobWithZeroTemp":{"iob":0.284,"basaliob":-0.983,"bolussnooze":0.0101,"activity":0.0093,"lastBolusTime":1703597149310,"time":"2023-12-26T14:50:54.968Z"}},{"iob":0.942,"basaliob":-0.239,"bolussnooze":0.0079,"activity":0.0134,"lastBolusTime":1703597149310,"time":"2023-12-26T14:55:54.968Z","iobWithZeroTemp":{"iob":0.183,"basaliob":-0.998,"bolussnooze":0.0079,"activity":0.0082,"lastBolusTime":1703597149310,"time":"2023-12-26T14:55:54.968Z"}},{"iob":0.878,"basaliob":-0.223,"bolussnooze":0.0062,"activity":0.0126,"lastBolusTime":1703597149310,"time":"2023-12-26T15:00:54.968Z","iobWithZeroTemp":{"iob":0.089,"basaliob":-1.012,"bolussnooze":0.0062,"activity":0.007,"lastBolusTime":1703597149310,"time":"2023-12-26T15:00:54.968Z"}},{"iob":0.817,"basaliob":-0.208,"bolussnooze":0.0048,"activity":0.0119,"lastBolusTime":1703597149310,"time":"2023-12-26T15:05:54.968Z","iobWithZeroTemp":{"iob":0.001,"basaliob":-1.024,"bolussnooze":0.0048,"activity":0.006,"lastBolusTime":1703597149310,"time":"2023-12-26T15:05:54.968Z"}},{"iob":0.759,"basaliob":-0.194,"bolussnooze":0.0037,"activity":0.0112,"lastBolusTime":1703597149310,"time":"2023-12-26T15:10:54.968Z","iobWithZeroTemp":{"iob":-0.083,"basaliob":-1.036,"bolussnooze":0.0037,"activity":0.005,"lastBolusTime":1703597149310,"time":"2023-12-26T15:10:54.968Z"}},{"iob":0.705,"basaliob":-0.181,"bolussnooze":0.0028,"activity":0.0104,"lastBolusTime":1703597149310,"time":"2023-12-26T15:15:54.968Z","iobWithZeroTemp":{"iob":-0.162,"basaliob":-1.048,"bolussnooze":0.0028,"activity":0.0039,"lastBolusTime":1703597149310,"time":"2023-12-26T15:15:54.968Z"}},{"iob":0.65,"basaliob":-0.173,"bolussnooze":0.0021,"activity":0.0097,"lastBolusTime":1703597149310,"time":"2023-12-26T15:20:54.968Z","iobWithZeroTemp":{"iob":-0.24,"basaliob":-1.063,"bolussnooze":0.0021,"activity":0.0029,"lastBolusTime":1703597149310,"time":"2023-12-26T15:20:54.968Z"}},{"iob":0.602,"basaliob":-0.161,"bolussnooze":0.0015,"activity":0.0092,"lastBolusTime":1703597149310,"time":"2023-12-26T15:25:54.968Z","iobWithZeroTemp":{"iob":-0.309,"basaliob":-1.072,"bolussnooze":0.0015,"activity":0.0021,"lastBolusTime":1703597149310,"time":"2023-12-26T15:25:54.968Z"}},{"iob":0.559,"basaliob":-0.149,"bolussnooze":0.0011,"activity":0.0086,"lastBolusTime":1703597149310,"time":"2023-12-26T15:30:54.968Z","iobWithZeroTemp":{"iob":-0.373,"basaliob":-1.081,"bolussnooze":0.0011,"activity":0.0013,"lastBolusTime":1703597149310,"time":"2023-12-26T15:30:54.968Z"}},{"iob":0.517,"basaliob":-0.139,"bolussnooze":7.0E-4,"activity":0.008,"lastBolusTime":1703597149310,"time":"2023-12-26T15:35:54.968Z","iobWithZeroTemp":{"iob":-0.434,"basaliob":-1.09,"bolussnooze":7.0E-4,"activity":4.0E-4,"lastBolusTime":1703597149310,"time":"2023-12-26T15:35:54.968Z"}},{"iob":0.478,"basaliob":-0.129,"bolussnooze":5.0E-4,"activity":0.0075,"lastBolusTime":1703597149310,"time":"2023-12-26T15:40:54.968Z","iobWithZeroTemp":{"iob":-0.49,"basaliob":-1.097,"bolussnooze":5.0E-4,"activity":-3.0E-4,"lastBolusTime":1703597149310,"time":"2023-12-26T15:40:54.968Z"}},{"iob":0.443,"basaliob":-0.119,"bolussnooze":3.0E-4,"activity":0.007,"lastBolusTime":1703597149310,"time":"2023-12-26T15:45:54.968Z","iobWithZeroTemp":{"iob":-0.542,"basaliob":-1.104,"bolussnooze":3.0E-4,"activity":-0.0011,"lastBolusTime":1703597149310,"time":"2023-12-26T15:45:54.968Z"}},{"iob":0.408,"basaliob":-0.111,"bolussnooze":2.0E-4,"activity":0.0065,"lastBolusTime":1703597149310,"time":"2023-12-26T15:50:54.968Z","iobWithZeroTemp":{"iob":-0.592,"basaliob":-1.111,"bolussnooze":2.0E-4,"activity":-0.0018,"lastBolusTime":1703597149310,"time":"2023-12-26T15:50:54.968Z"}},{"iob":0.378,"basaliob":-0.102,"bolussnooze":1.0E-4,"activity":0.006,"lastBolusTime":1703597149310,"time":"2023-12-26T15:55:54.968Z","iobWithZeroTemp":{"iob":-0.637,"basaliob":-1.117,"bolussnooze":1.0E-4,"activity":-0.0025,"lastBolusTime":1703597149310,"time":"2023-12-26T15:55:54.968Z"}},{"iob":0.348,"basaliob":-0.095,"bolussnooze":0,"activity":0.0056,"lastBolusTime":1703597149310,"time":"2023-12-26T16:00:54.968Z","iobWithZeroTemp":{"iob":-0.68,"basaliob":-1.123,"bolussnooze":0,"activity":-0.0031,"lastBolusTime":1703597149310,"time":"2023-12-26T16:00:54.968Z"}},{"iob":0.32,"basaliob":-0.088,"bolussnooze":0,"activity":0.0052,"lastBolusTime":1703597149310,"time":"2023-12-26T16:05:54.968Z","iobWithZeroTemp":{"iob":-0.721,"basaliob":-1.129,"bolussnooze":0,"activity":-0.0036,"lastBolusTime":1703597149310,"time":"2023-12-26T16:05:54.968Z"}},{"iob":0.296,"basaliob":-0.081,"bolussnooze":0,"activity":0.0049,"lastBolusTime":1703597149310,"time":"2023-12-26T16:10:54.968Z","iobWithZeroTemp":{"iob":-0.756,"basaliob":-1.133,"bolussnooze":0,"activity":-0.0041,"lastBolusTime":1703597149310,"time":"2023-12-26T16:10:54.968Z"}},{"iob":0.272,"basaliob":-0.075,"bolussnooze":0,"activity":0.0045,"lastBolusTime":1703597149310,"time":"2023-12-26T16:15:54.968Z","iobWithZeroTemp":{"iob":-0.791,"basaliob":-1.138,"bolussnooze":0,"activity":-0.0047,"lastBolusTime":1703597149310,"time":"2023-12-26T16:15:54.968Z"}},{"iob":0.25,"basaliob":-0.069,"bolussnooze":0,"activity":0.0042,"lastBolusTime":1703597149310,"time":"2023-12-26T16:20:54.968Z","iobWithZeroTemp":{"iob":-0.823,"basaliob":-1.142,"bolussnooze":0,"activity":-0.0051,"lastBolusTime":1703597149310,"time":"2023-12-26T16:20:54.968Z"}},{"iob":0.23,"basaliob":-0.064,"bolussnooze":0,"activity":0.0039,"lastBolusTime":1703597149310,"time":"2023-12-26T16:25:54.968Z","iobWithZeroTemp":{"iob":-0.853,"basaliob":-1.147,"bolussnooze":0,"activity":-0.0056,"lastBolusTime":1703597149310,"time":"2023-12-26T16:25:54.968Z"}},{"iob":0.211,"basaliob":-0.059,"bolussnooze":0,"activity":0.0036,"lastBolusTime":1703597149310,"time":"2023-12-26T16:30:54.968Z","iobWithZeroTemp":{"iob":-0.88,"basaliob":-1.15,"bolussnooze":0,"activity":-0.006,"lastBolusTime":1703597149310,"time":"2023-12-26T16:30:54.968Z"}},{"iob":0.194,"basaliob":-0.054,"bolussnooze":0,"activity":0.0033,"lastBolusTime":1703597149310,"time":"2023-12-26T16:35:54.968Z","iobWithZeroTemp":{"iob":-0.905,"basaliob":-1.153,"bolussnooze":0,"activity":-0.0064,"lastBolusTime":1703597149310,"time":"2023-12-26T16:35:54.968Z"}},{"iob":0.178,"basaliob":-0.05,"bolussnooze":0,"activity":0.0031,"lastBolusTime":1703597149310,"time":"2023-12-26T16:40:54.968Z","iobWithZeroTemp":{"iob":-0.929,"basaliob":-1.157,"bolussnooze":0,"activity":-0.0067,"lastBolusTime":1703597149310,"time":"2023-12-26T16:40:54.968Z"}},{"iob":0.163,"basaliob":-0.046,"bolussnooze":0,"activity":0.0028,"lastBolusTime":1703597149310,"time":"2023-12-26T16:45:54.968Z","iobWithZeroTemp":{"iob":-0.95,"basaliob":-1.159,"bolussnooze":0,"activity":-0.0071,"lastBolusTime":1703597149310,"time":"2023-12-26T16:45:54.968Z"}},{"iob":0.149,"basaliob":-0.042,"bolussnooze":0,"activity":0.0026,"lastBolusTime":1703597149310,"time":"2023-12-26T16:50:54.968Z","iobWithZeroTemp":{"iob":-0.971,"basaliob":-1.162,"bolussnooze":0,"activity":-0.0074,"lastBolusTime":1703597149310,"time":"2023-12-26T16:50:54.968Z"}},{"iob":0.136,"basaliob":-0.039,"bolussnooze":0,"activity":0.0024,"lastBolusTime":1703597149310,"time":"2023-12-26T16:55:54.968Z","iobWithZeroTemp":{"iob":-0.99,"basaliob":-1.165,"bolussnooze":0,"activity":-0.0077,"lastBolusTime":1703597149310,"time":"2023-12-26T16:55:54.968Z"}},{"iob":0.125,"basaliob":-0.035,"bolussnooze":0,"activity":0.0023,"lastBolusTime":1703597149310,"time":"2023-12-26T17:00:54.968Z","iobWithZeroTemp":{"iob":-1.006,"basaliob":-1.166,"bolussnooze":0,"activity":-0.0079,"lastBolusTime":1703597149310,"time":"2023-12-26T17:00:54.968Z"}},{"iob":0.115,"basaliob":-0.032,"bolussnooze":0,"activity":0.002,"lastBolusTime":1703597149310,"time":"2023-12-26T17:05:54.968Z","iobWithZeroTemp":{"iob":-1.002,"basaliob":-1.149,"bolussnooze":0,"activity":-0.0083,"lastBolusTime":1703597149310,"time":"2023-12-26T17:05:54.968Z"}},{"iob":0.104,"basaliob":-0.03,"bolussnooze":0,"activity":0.0019,"lastBolusTime":1703597149310,"time":"2023-12-26T17:10:54.968Z","iobWithZeroTemp":{"iob":-1,"basaliob":-1.134,"bolussnooze":0,"activity":-0.0084,"lastBolusTime":1703597149310,"time":"2023-12-26T17:10:54.968Z"}},{"iob":0.095,"basaliob":-0.027,"bolussnooze":0,"activity":0.0017,"lastBolusTime":1703597149310,"time":"2023-12-26T17:15:54.968Z","iobWithZeroTemp":{"iob":-0.995,"basaliob":-1.117,"bolussnooze":0,"activity":-0.0086,"lastBolusTime":1703597149310,"time":"2023-12-26T17:15:54.968Z"}},{"iob":0.087,"basaliob":-0.025,"bolussnooze":0,"activity":0.0017,"lastBolusTime":1703597149310,"time":"2023-12-26T17:20:54.968Z","iobWithZeroTemp":{"iob":-0.989,"basaliob":-1.101,"bolussnooze":0,"activity":-0.0086,"lastBolusTime":1703597149310,"time":"2023-12-26T17:20:54.968Z"}},{"iob":0.079,"basaliob":-0.023,"bolussnooze":0,"activity":0.0015,"lastBolusTime":1703597149310,"time":"2023-12-26T17:25:54.968Z","iobWithZeroTemp":{"iob":-0.983,"basaliob":-1.085,"bolussnooze":0,"activity":-0.0088,"lastBolusTime":1703597149310,"time":"2023-12-26T17:25:54.968Z"}}],"profile":{"max_iob":10,"type":"current","max_daily_basal":1.0499999999999998,"max_basal":2.7,"min_bg":80,"max_bg":80,"target_bg":80,"carb_ratio":5.666666666666666,"sens":56.666666666666664,"max_daily_safety_multiplier":3,"current_basal_safety_multiplier":4,"high_temptarget_raises_sensitivity":false,"low_temptarget_lowers_sensitivity":false,"sensitivity_raises_target":true,"resistance_lowers_target":true,"adv_target_adjustments":false,"exercise_mode":false,"half_basal_exercise_target":160,"maxCOB":120,"skip_neutral_temps":false,"remainingCarbsCap":90,"enableUAM":true,"A52_risk_enable":false,"SMBInterval":4,"enableSMB_with_COB":true,"enableSMB_with_temptarget":true,"allowSMB_with_high_temptarget":false,"enableSMB_always":true,"enableSMB_after_carbs":true,"maxSMBBasalMinutes":45,"maxUAMSMBBasalMinutes":120,"bolus_increment":0.05,"carbsReqThreshold":5,"current_basal":0.7,"temptargetSet":true,"autosens_max":1.3},"autosens_data":{"ratio":1},"meal_data":{"carbs":85,"mealCOB":22.391416666666665,"slopeFromMaxDeviation":0,"slopeFromMinDeviation":1.3647272727272728,"lastBolusTime":1703597149310,"lastCarbTime":1703592061000},"microBolusAllowed":true,"currentTime":1703597457351,"flatBGsDetected":false},"output":{"temp":"absolute","bg":166,"tick":"+8","eventualBG":279,"targetBG":80,"insulinReq":2.66,"deliverAt":"2023-12-26T13:30:57.351Z","sensitivityRatio":1,"predBGs":{"IOB":[166,173,179,183,187,189,190,190,189,187,184,180,174,169,165,160,156,152,148,145,141,138,135,132,130,127,125,123,121,119,117,116,114,113,112,110,109,108,107,107,106,105,104,104,103,103,102],"ZT":[166,159,151,144,137,130,124,118,112,106,101,96,92,88,84,81,78,75,73,71,69,68,67,66,65,65,65,65,65,66,67,67,68,70,71,72,74,76,78,79],"COB":[166,174,181,188,194,200,206,211,216,221,226,230,234,237,240,243,246,248,250,252,253,254,255,255,255,255,254,253,251,249,247,246,244,243,242,240,239,238,237,236,236,235,234,234,233,232,232,231],"UAM":[166,174,181,188,195,202,208,214,220,226,231,236,241,246,251,255,259,263,267,270,274,277,279,282,284,286,288,289,290,291,291,291,291,290,289,288,287,286,285,284,283,283,282,281,281,280,280,279]},"COB":22.391416666666665,"IOB":2.682,"reason":"COB: 22.4, Dev: 94, BGI: -7, ISF: 57, CR: 5.67, Target: 80, minPredBG 231, minGuardBG 174, IOBpredBG 102, COBpredBG 231, UAMpredBG 279; Eventual BG 279 >= 80,  insulinReq 2.66; maxBolus 0.5; setting 30m low temp of 0U\/h. Microbolusing 0.5U. ","units":0.5,"rate":0,"duration":30,"timestamp":"2023-12-26T13:30:57.379Z"}}