{"algorithm":"OpenAPSSMBPlugin","input":{"glucoseStatus":{"glucose":115,"noise":0,"delta":-8.67,"short_avgdelta":-7.65,"long_avgdelta":-2.59,"date":1703628929887},"currenttemp":{"temp":"absolute","duration":85,"rate":0,"minutesrunning":5},"iob_data":[{"iob":0.831,"basaliob":-0.462,"bolussnooze":0.0035,"activity":0.0099,"lastBolusTime":1703628069547,"time":"2023-12-26T22:16:18.675Z","iobWithZeroTemp":{"iob":0.831,"basaliob":-0.462,"bolussnooze":0.0035,"activity":0.0099,"lastBolusTime":1703628069547,"time":"2023-12-26T22:16:18.675Z"}},{"iob":0.782,"basaliob":-0.437,"bolussnooze":0.0025,"activity":0.0096,"lastBolusTime":1703628069547,"time":"2023-12-26T22:21:18.675Z","iobWithZeroTemp":{"iob":0.735,"basaliob":-0.484,"bolussnooze":0.0025,"activity":0.0096,"lastBolusTime":1703628069547,"time":"2023-12-26T22:21:18.675Z"}},{"iob":0.735,"basaliob":-0.412,"bolussnooze":0.0018,"activity":0.0092,"lastBolusTime":1703628069547,"time":"2023-12-26T22:26:18.675Z","iobWithZeroTemp":{"iob":0.63,"basaliob":-0.517,"bolussnooze":0.0018,"activity":0.0091,"lastBolusTime":1703628069547,"time":"2023-12-26T22:26:18.675Z"}},{"iob":0.69,"basaliob":-0.389,"bolussnooze":0.0012,"activity":0.0088,"lastBolusTime":1703628069547,"time":"2023-12-26T22:31:18.675Z","iobWithZeroTemp":{"iob":0.528,"basaliob":-0.551,"bolussnooze":0.0012,"activity":0.0085,"lastBolusTime":1703628069547,"time":"2023-12-26T22:31:18.675Z"}},{"iob":0.647,"basaliob":-0.366,"bolussnooze":8.0E-4,"activity":0.0084,"lastBolusTime":1703628069547,"time":"2023-12-26T22:36:18.675Z","iobWithZeroTemp":{"iob":0.429,"basaliob":-0.584,"bolussnooze":8.0E-4,"activity":0.0078,"lastBolusTime":1703628069547,"time":"2023-12-26T22:36:18.675Z"}},{"iob":0.605,"basaliob":-0.344,"bolussnooze":5.0E-4,"activity":0.008,"lastBolusTime":1703628069547,"time":"2023-12-26T22:41:18.675Z","iobWithZeroTemp":{"iob":0.332,"basaliob":-0.617,"bolussnooze":5.0E-4,"activity":0.0071,"lastBolusTime":1703628069547,"time":"2023-12-26T22:41:18.675Z"}},{"iob":0.566,"basaliob":-0.323,"bolussnooze":2.0E-4,"activity":0.0076,"lastBolusTime":1703628069547,"time":"2023-12-26T22:46:18.675Z","iobWithZeroTemp":{"iob":0.24,"basaliob":-0.649,"bolussnooze":2.0E-4,"activity":0.0064,"lastBolusTime":1703628069547,"time":"2023-12-26T22:46:18.675Z"}},{"iob":0.53,"basaliob":-0.302,"bolussnooze":1.0E-4,"activity":0.0073,"lastBolusTime":1703628069547,"time":"2023-12-26T22:51:18.675Z","iobWithZeroTemp":{"iob":0.152,"basaliob":-0.68,"bolussnooze":1.0E-4,"activity":0.0058,"lastBolusTime":1703628069547,"time":"2023-12-26T22:51:18.675Z"}},{"iob":0.495,"basaliob":-0.283,"bolussnooze":0,"activity":0.0069,"lastBolusTime":1703628069547,"time":"2023-12-26T22:56:18.675Z","iobWithZeroTemp":{"iob":0.068,"basaliob":-0.71,"bolussnooze":0,"activity":0.005,"lastBolusTime":1703628069547,"time":"2023-12-26T22:56:18.675Z"}},{"iob":0.461,"basaliob":-0.265,"bolussnooze":0,"activity":0.0064,"lastBolusTime":1703628069547,"time":"2023-12-26T23:01:18.675Z","iobWithZeroTemp":{"iob":-0.014,"basaliob":-0.74,"bolussnooze":0,"activity":0.0041,"lastBolusTime":1703628069547,"time":"2023-12-26T23:01:18.675Z"}},{"iob":0.429,"basaliob":-0.248,"bolussnooze":0,"activity":0.0061,"lastBolusTime":1703628069547,"time":"2023-12-26T23:06:18.675Z","iobWithZeroTemp":{"iob":-0.084,"basaliob":-0.761,"bolussnooze":0,"activity":0.0034,"lastBolusTime":1703628069547,"time":"2023-12-26T23:06:18.675Z"}},{"iob":0.4,"basaliob":-0.231,"bolussnooze":0,"activity":0.0058,"lastBolusTime":1703628069547,"time":"2023-12-26T23:11:18.675Z","iobWithZeroTemp":{"iob":-0.149,"basaliob":-0.78,"bolussnooze":0,"activity":0.0027,"lastBolusTime":1703628069547,"time":"2023-12-26T23:11:18.675Z"}},{"iob":0.372,"basaliob":-0.216,"bolussnooze":0,"activity":0.0054,"lastBolusTime":1703628069547,"time":"2023-12-26T23:16:18.675Z","iobWithZeroTemp":{"iob":-0.211,"basaliob":-0.799,"bolussnooze":0,"activity":0.002,"lastBolusTime":1703628069547,"time":"2023-12-26T23:16:18.675Z"}},{"iob":0.346,"basaliob":-0.201,"bolussnooze":0,"activity":0.0052,"lastBolusTime":1703628069547,"time":"2023-12-26T23:21:18.675Z","iobWithZeroTemp":{"iob":-0.269,"basaliob":-0.816,"bolussnooze":0,"activity":0.0014,"lastBolusTime":1703628069547,"time":"2023-12-26T23:21:18.675Z"}},{"iob":0.321,"basaliob":-0.187,"bolussnooze":0,"activity":0.0048,"lastBolusTime":1703628069547,"time":"2023-12-26T23:26:18.675Z","iobWithZeroTemp":{"iob":-0.324,"basaliob":-0.832,"bolussnooze":0,"activity":7.0E-4,"lastBolusTime":1703628069547,"time":"2023-12-26T23:26:18.675Z"}},{"iob":0.298,"basaliob":-0.174,"bolussnooze":0,"activity":0.0045,"lastBolusTime":1703628069547,"time":"2023-12-26T23:31:18.675Z","iobWithZeroTemp":{"iob":-0.375,"basaliob":-0.847,"bolussnooze":0,"activity":0,"lastBolusTime":1703628069547,"time":"2023-12-26T23:31:18.675Z"}},{"iob":0.276,"basaliob":-0.162,"bolussnooze":0,"activity":0.0042,"lastBolusTime":1703628069547,"time":"2023-12-26T23:36:18.675Z","iobWithZeroTemp":{"iob":-0.424,"basaliob":-0.862,"bolussnooze":0,"activity":-6.0E-4,"lastBolusTime":1703628069547,"time":"2023-12-26T23:36:18.675Z"}},{"iob":0.256,"basaliob":-0.15,"bolussnooze":0,"activity":0.004,"lastBolusTime":1703628069547,"time":"2023-12-26T23:41:18.675Z","iobWithZeroTemp":{"iob":-0.47,"basaliob":-0.876,"bolussnooze":0,"activity":-0.0011,"lastBolusTime":1703628069547,"time":"2023-12-26T23:41:18.675Z"}},{"iob":0.236,"basaliob":-0.14,"bolussnooze":0,"activity":0.0037,"lastBolusTime":1703628069547,"time":"2023-12-26T23:46:18.675Z","iobWithZeroTemp":{"iob":-0.513,"basaliob":-0.889,"bolussnooze":0,"activity":-0.0017,"lastBolusTime":1703628069547,"time":"2023-12-26T23:46:18.675Z"}},{"iob":0.218,"basaliob":-0.13,"bolussnooze":0,"activity":0.0034,"lastBolusTime":1703628069547,"time":"2023-12-26T23:51:18.675Z","iobWithZeroTemp":{"iob":-0.553,"basaliob":-0.901,"bolussnooze":0,"activity":-0.0023,"lastBolusTime":1703628069547,"time":"2023-12-26T23:51:18.675Z"}},{"iob":0.202,"basaliob":-0.12,"bolussnooze":0,"activity":0.0032,"lastBolusTime":1703628069547,"time":"2023-12-26T23:56:18.675Z","iobWithZeroTemp":{"iob":-0.59,"basaliob":-0.912,"bolussnooze":0,"activity":-0.0028,"lastBolusTime":1703628069547,"time":"2023-12-26T23:56:18.675Z"}},{"iob":0.186,"basaliob":-0.111,"bolussnooze":0,"activity":0.003,"lastBolusTime":1703628069547,"time":"2023-12-27T00:01:18.675Z","iobWithZeroTemp":{"iob":-0.626,"basaliob":-0.923,"bolussnooze":0,"activity":-0.0032,"lastBolusTime":1703628069547,"time":"2023-12-27T00:01:18.675Z"}},{"iob":0.172,"basaliob":-0.103,"bolussnooze":0,"activity":0.0028,"lastBolusTime":1703628069547,"time":"2023-12-27T00:06:18.675Z","iobWithZeroTemp":{"iob":-0.658,"basaliob":-0.933,"bolussnooze":0,"activity":-0.0037,"lastBolusTime":1703628069547,"time":"2023-12-27T00:06:18.675Z"}},{"iob":0.159,"basaliob":-0.095,"bolussnooze":0,"activity":0.0026,"lastBolusTime":1703628069547,"time":"2023-12-27T00:11:18.675Z","iobWithZeroTemp":{"iob":-0.688,"basaliob":-0.942,"bolussnooze":0,"activity":-0.0041,"lastBolusTime":1703628069547,"time":"2023-12-27T00:11:18.675Z"}},{"iob":0.146,"basaliob":-0.088,"bolussnooze":0,"activity":0.0024,"lastBolusTime":1703628069547,"time":"2023-12-27T00:16:18.675Z","iobWithZeroTemp":{"iob":-0.717,"basaliob":-0.951,"bolussnooze":0,"activity":-0.0045,"lastBolusTime":1703628069547,"time":"2023-12-27T00:16:18.675Z"}},{"iob":0.134,"basaliob":-0.081,"bolussnooze":0,"activity":0.0022,"lastBolusTime":1703628069547,"time":"2023-12-27T00:21:18.675Z","iobWithZeroTemp":{"iob":-0.744,"basaliob":-0.959,"bolussnooze":0,"activity":-0.0049,"lastBolusTime":1703628069547,"time":"2023-12-27T00:21:18.675Z"}},{"iob":0.123,"basaliob":-0.075,"bolussnooze":0,"activity":0.0021,"lastBolusTime":1703628069547,"time":"2023-12-27T00:26:18.675Z","iobWithZeroTemp":{"iob":-0.768,"basaliob":-0.966,"bolussnooze":0,"activity":-0.0052,"lastBolusTime":1703628069547,"time":"2023-12-27T00:26:18.675Z"}},{"iob":0.114,"basaliob":-0.069,"bolussnooze":0,"activity":0.002,"lastBolusTime":1703628069547,"time":"2023-12-27T00:31:18.675Z","iobWithZeroTemp":{"iob":-0.79,"basaliob":-0.973,"bolussnooze":0,"activity":-0.0055,"lastBolusTime":1703628069547,"time":"2023-12-27T00:31:18.675Z"}},{"iob":0.104,"basaliob":-0.064,"bolussnooze":0,"activity":0.0018,"lastBolusTime":1703628069547,"time":"2023-12-27T00:36:18.675Z","iobWithZeroTemp":{"iob":-0.812,"basaliob":-0.98,"bolussnooze":0,"activity":-0.0059,"lastBolusTime":1703628069547,"time":"2023-12-27T00:36:18.675Z"}},{"iob":0.095,"basaliob":-0.059,"bolussnooze":0,"activity":0.0016,"lastBolusTime":1703628069547,"time":"2023-12-27T00:41:18.675Z","iobWithZeroTemp":{"iob":-0.832,"basaliob":-0.986,"bolussnooze":0,"activity":-0.0063,"lastBolusTime":1703628069547,"time":"2023-12-27T00:41:18.675Z"}},{"iob":0.088,"basaliob":-0.054,"bolussnooze":0,"activity":0.0015,"lastBolusTime":1703628069547,"time":"2023-12-27T00:46:18.675Z","iobWithZeroTemp":{"iob":-0.85,"basaliob":-0.992,"bolussnooze":0,"activity":-0.0065,"lastBolusTime":1703628069547,"time":"2023-12-27T00:46:18.675Z"}},{"iob":0.08,"basaliob":-0.05,"bolussnooze":0,"activity":0.0014,"lastBolusTime":1703628069547,"time":"2023-12-27T00:51:18.675Z","iobWithZeroTemp":{"iob":-0.867,"basaliob":-0.997,"bolussnooze":0,"activity":-0.0068,"lastBolusTime":1703628069547,"time":"2023-12-27T00:51:18.675Z"}},{"iob":0.073,"basaliob":-0.046,"bolussnooze":0,"activity":0.0013,"lastBolusTime":1703628069547,"time":"2023-12-27T00:56:18.675Z","iobWithZeroTemp":{"iob":-0.883,"basaliob":-1.002,"bolussnooze":0,"activity":-0.007,"lastBolusTime":1703628069547,"time":"2023-12-27T00:56:18.675Z"}},{"iob":0.067,"basaliob":-0.042,"bolussnooze":0,"activity":0.0012,"lastBolusTime":1703628069547,"time":"2023-12-27T01:01:18.675Z","iobWithZeroTemp":{"iob":-0.897,"basaliob":-1.006,"bolussnooze":0,"activity":-0.0072,"lastBolusTime":1703628069547,"time":"2023-12-27T01:01:18.675Z"}},{"iob":0.062,"basaliob":-0.038,"bolussnooze":0,"activity":0.0011,"lastBolusTime":1703628069547,"time":"2023-12-27T01:06:18.675Z","iobWithZeroTemp":{"iob":-0.893,"basaliob":-0.993,"bolussnooze":0,"activity":-0.0074,"lastBolusTime":1703628069547,"time":"2023-12-27T01:06:18.675Z"}},{"iob":0.056,"basaliob":-0.035,"bolussnooze":0,"activity":0.001,"lastBolusTime":1703628069547,"time":"2023-12-27T01:11:18.675Z","iobWithZeroTemp":{"iob":-0.89,"basaliob":-0.981,"bolussnooze":0,"activity":-0.0076,"lastBolusTime":1703628069547,"time":"2023-12-27T01:11:18.675Z"}},{"iob":0.051,"basaliob":-0.032,"bolussnooze":0,"activity":9.0E-4,"lastBolusTime":1703628069547,"time":"2023-12-27T01:16:18.675Z","iobWithZeroTemp":{"iob":-0.885,"basaliob":-0.968,"bolussnooze":0,"activity":-0.0077,"lastBolusTime":1703628069547,"time":"2023-12-27T01:16:18.675Z"}},{"iob":0.047,"basaliob":-0.029,"bolussnooze":0,"activity":9.0E-4,"lastBolusTime":1703628069547,"time":"2023-12-27T01:21:18.675Z","iobWithZeroTemp":{"iob":-0.88,"basaliob":-0.956,"bolussnooze":0,"activity":-0.0078,"lastBolusTime":1703628069547,"time":"2023-12-27T01:21:18.675Z"}},{"iob":0.043,"basaliob":-0.027,"bolussnooze":0,"activity":8.0E-4,"lastBolusTime":1703628069547,"time":"2023-12-27T01:26:18.675Z","iobWithZeroTemp":{"iob":-0.874,"basaliob":-0.944,"bolussnooze":0,"activity":-0.0079,"lastBolusTime":1703628069547,"time":"2023-12-27T01:26:18.675Z"}},{"iob":0.038,"basaliob":-0.025,"bolussnooze":0,"activity":8.0E-4,"lastBolusTime":1703628069547,"time":"2023-12-27T01:31:18.675Z","iobWithZeroTemp":{"iob":-0.869,"basaliob":-0.932,"bolussnooze":0,"activity":-0.0079,"lastBolusTime":1703628069547,"time":"2023-12-27T01:31:18.675Z"}},{"iob":0.035,"basaliob":-0.023,"bolussnooze":0,"activity":7.0E-4,"lastBolusTime":1703628069547,"time":"2023-12-27T01:36:18.675Z","iobWithZeroTemp":{"iob":-0.862,"basaliob":-0.92,"bolussnooze":0,"activity":-0.0079,"lastBolusTime":1703628069547,"time":"2023-12-27T01:36:18.675Z"}},{"iob":0.032,"basaliob":-0.021,"bolussnooze":0,"activity":6.0E-4,"lastBolusTime":1703628069547,"time":"2023-12-27T01:41:18.675Z","iobWithZeroTemp":{"iob":-0.855,"basaliob":-0.908,"bolussnooze":0,"activity":-0.008,"lastBolusTime":1703628069547,"time":"2023-12-27T01:41:18.675Z"}},{"iob":0.029,"basaliob":-0.019,"bolussnooze":0,"activity":6.0E-4,"lastBolusTime":1703628069547,"time":"2023-12-27T01:46:18.675Z","iobWithZeroTemp":{"iob":-0.849,"basaliob":-0.897,"bolussnooze":0,"activity":-0.008,"lastBolusTime":1703628069547,"time":"2023-12-27T01:46:18.675Z"}},{"iob":0.026,"basaliob":-0.017,"bolussnooze":0,"activity":5.0E-4,"lastBolusTime":1703628069547,"time":"2023-12-27T01:51:18.675Z","iobWithZeroTemp":{"iob":-0.842,"basaliob":-0.885,"bolussnooze":0,"activity":-0.008,"lastBolusTime":1703628069547,"time":"2023-12-27T01:51:18.675Z"}},{"iob":0.023,"basaliob":-0.016,"bolussnooze":0,"activity":5.0E-4,"lastBolusTime":1703628069547,"time":"2023-12-27T01:56:18.675Z","iobWithZeroTemp":{"iob":-0.836,"basaliob":-0.875,"bolussnooze":0,"activity":-0.008,"lastBolusTime":1703628069547,"time":"2023-12-27T01:56:18.675Z"}},{"iob":0.022,"basaliob":-0.014,"bolussnooze":0,"activity":4.0E-4,"lastBolusTime":1703628069547,"time":"2023-12-27T02:01:18.675Z","iobWithZeroTemp":{"iob":-0.828,"basaliob":-0.864,"bolussnooze":0,"activity":-0.008,"lastBolusTime":1703628069547,"time":"2023-12-27T02:01:18.675Z"}},{"iob":0.019,"basaliob":-0.013,"bolussnooze":0,"activity":4.0E-4,"lastBolusTime":1703628069547,"time":"2023-12-27T02:06:18.675Z","iobWithZeroTemp":{"iob":-0.823,"basaliob":-0.855,"bolussnooze":0,"activity":-0.0079,"lastBolusTime":1703628069547,"time":"2023-12-27T02:06:18.675Z"}},{"iob":0.017,"basaliob":-0.012,"bolussnooze":0,"activity":4.0E-4,"lastBolusTime":1703628069547,"time":"2023-12-27T02:11:18.675Z","iobWithZeroTemp":{"iob":-0.817,"basaliob":-0.846,"bolussnooze":0,"activity":-0.0079,"lastBolusTime":1703628069547,"time":"2023-12-27T02:11:18.675Z"}}],"profile":{"max_iob":10,"type":"current","max_daily_basal":0.7,"max_basal":2.1,"min_bg":100,"max_bg":100,"target_bg":100,"carb_ratio":5.5,"sens":60,"max_daily_safety_multiplier":3,"current_basal_safety_multiplier":4,"high_temptarget_raises_sensitivity":false,"low_temptarget_lowers_sensitivity":false,"sensitivity_raises_target":true,"resistance_lowers_target":true,"adv_target_adjustments":false,"exercise_mode":false,"half_basal_exercise_target":160,"maxCOB":120,"skip_neutral_temps":false,"remainingCarbsCap":90,"enableUAM":true,"A52_risk_enable":false,"SMBInterval":4,"enableSMB_with_COB":true,"enableSMB_with_temptarget":true,"allowSMB_with_high_temptarget":false,"enableSMB_always":true,"enableSMB_after_carbs":true,"maxSMBBasalMinutes":45,"maxUAMSMBBasalMinutes":120,"bolus_increment":0.05,"carbsReqThreshold":5,"current_basal":0.7,"temptargetSet":false,"autosens_max":1.3},"autosens_data":{"ratio":1},"meal_data":{"carbs":40,"mealCOB":2.112962418300656,"slopeFromMaxDeviation":-1.1171818181818183,"slopeFromMinDeviation":0,"lastBolusTime":1703628069547,"lastCarbTime":1703615283000},"microBolusAllowed":true,"currentTime":1703628980924,"flatBGsDetected":false},"output":{"temp":"absolute","bg":115,"tick":-9,"eventualBG":67,"targetBG":100,"insulinReq":0,"deliverAt":"2023-12-26T22:16:20.924Z","sensitivityRatio":1,"predBGs":{"IOB":[115,107,99,92,86,80,75,70,66,62,59,57,55,54,52,51,49,48,47,46,45,44,43,42,41,41,40,39],"ZT":[115,112,109,106,104,102,99,97,96,94,93,92,91,91,90,90,90,90,90,91,92,93,93,95,96,97,99,100],"COB":[115,107,99,92,86,80,75,70,66,63,60,58,56,55,53,52,51,50,48,48,47,46,45,45,44,43,43,43,42,42,42,42,41,41,41,41,41,41,41,41,41,42,42,42,42,42,43],"UAM":[115,107,99,92,86,80,75,70,66,62,59,57,55,54,52,51,49,48,47,46,45,44,43,42,41,41,40,39]},"COB":2.112962418300656,"IOB":0.831,"reason":"COB: 2.1, Dev: 2, BGI: -3, ISF: 60, CR: 5.5, Target: 100, minPredBG 48, minGuardBG 33, IOBpredBG 39, COBpredBG 43, UAMpredBG 39; minGuardBG 33<70 85m left and 0 ~ req 0U\/hr: no temp required","timestamp":"2023-12-26T22:16:20.955Z"}}