{"algorithm":"OpenAPSSMBPlugin","input":{"glucoseStatus":{"glucose":76,"noise":0,"delta":-4.33,"short_avgdelta":-4.52,"long_avgdelta":-3.6,"date":1703637930011},"currenttemp":{"temp":"absolute","duration":0,"rate":0},"iob_data":[{"iob":0.019,"basaliob":-0.615,"bolussnooze":0,"activity":0.0027,"lastBolusTime":1703634666587,"time":"2023-12-27T00:47:29.304Z","iobWithZeroTemp":{"iob":0.019,"basaliob":-0.615,"bolussnooze":0,"activity":0.0027,"lastBolusTime":1703634666587,"time":"2023-12-27T00:47:29.304Z"}},{"iob":0.006,"basaliob":-0.588,"bolussnooze":0,"activity":0.0023,"lastBolusTime":1703634666587,"time":"2023-12-27T00:52:29.304Z","iobWithZeroTemp":{"iob":-0.014,"basaliob":-0.608,"bolussnooze":0,"activity":0.0023,"lastBolusTime":1703634666587,"time":"2023-12-27T00:52:29.304Z"}},{"iob":-0.004,"basaliob":-0.56,"bolussnooze":0,"activity":0.0019,"lastBolusTime":1703634666587,"time":"2023-12-27T00:57:29.304Z","iobWithZeroTemp":{"iob":-0.049,"basaliob":-0.605,"bolussnooze":0,"activity":0.0018,"lastBolusTime":1703634666587,"time":"2023-12-27T00:57:29.304Z"}},{"iob":-0.012,"basaliob":-0.532,"bolussnooze":0,"activity":0.0016,"lastBolusTime":1703634666587,"time":"2023-12-27T01:02:29.304Z","iobWithZeroTemp":{"iob":-0.074,"basaliob":-0.594,"bolussnooze":0,"activity":0.0015,"lastBolusTime":1703634666587,"time":"2023-12-27T01:02:29.304Z"}},{"iob":-0.019,"basaliob":-0.505,"bolussnooze":0,"activity":0.0013,"lastBolusTime":1703634666587,"time":"2023-12-27T01:07:29.304Z","iobWithZeroTemp":{"iob":-0.097,"basaliob":-0.583,"bolussnooze":0,"activity":0.0011,"lastBolusTime":1703634666587,"time":"2023-12-27T01:07:29.304Z"}},{"iob":-0.026,"basaliob":-0.479,"bolussnooze":0,"activity":0.001,"lastBolusTime":1703634666587,"time":"2023-12-27T01:12:29.304Z","iobWithZeroTemp":{"iob":-0.119,"basaliob":-0.572,"bolussnooze":0,"activity":7.0E-4,"lastBolusTime":1703634666587,"time":"2023-12-27T01:12:29.304Z"}},{"iob":-0.031,"basaliob":-0.453,"bolussnooze":0,"activity":9.0E-4,"lastBolusTime":1703634666587,"time":"2023-12-27T01:17:29.304Z","iobWithZeroTemp":{"iob":-0.139,"basaliob":-0.561,"bolussnooze":0,"activity":5.0E-4,"lastBolusTime":1703634666587,"time":"2023-12-27T01:17:29.304Z"}},{"iob":-0.035,"basaliob":-0.428,"bolussnooze":0,"activity":6.0E-4,"lastBolusTime":1703634666587,"time":"2023-12-27T01:22:29.304Z","iobWithZeroTemp":{"iob":-0.157,"basaliob":-0.55,"bolussnooze":0,"activity":1.0E-4,"lastBolusTime":1703634666587,"time":"2023-12-27T01:22:29.304Z"}},{"iob":-0.037,"basaliob":-0.403,"bolussnooze":0,"activity":5.0E-4,"lastBolusTime":1703634666587,"time":"2023-12-27T01:27:29.304Z","iobWithZeroTemp":{"iob":-0.173,"basaliob":-0.539,"bolussnooze":0,"activity":-1.0E-4,"lastBolusTime":1703634666587,"time":"2023-12-27T01:27:29.304Z"}},{"iob":-0.04,"basaliob":-0.38,"bolussnooze":0,"activity":4.0E-4,"lastBolusTime":1703634666587,"time":"2023-12-27T01:32:29.304Z","iobWithZeroTemp":{"iob":-0.189,"basaliob":-0.529,"bolussnooze":0,"activity":-4.0E-4,"lastBolusTime":1703634666587,"time":"2023-12-27T01:32:29.304Z"}},{"iob":-0.041,"basaliob":-0.357,"bolussnooze":0,"activity":3.0E-4,"lastBolusTime":1703634666587,"time":"2023-12-27T01:37:29.304Z","iobWithZeroTemp":{"iob":-0.203,"basaliob":-0.519,"bolussnooze":0,"activity":-6.0E-4,"lastBolusTime":1703634666587,"time":"2023-12-27T01:37:29.304Z"}},{"iob":-0.042,"basaliob":-0.336,"bolussnooze":0,"activity":2.0E-4,"lastBolusTime":1703634666587,"time":"2023-12-27T01:42:29.304Z","iobWithZeroTemp":{"iob":-0.216,"basaliob":-0.51,"bolussnooze":0,"activity":-8.0E-4,"lastBolusTime":1703634666587,"time":"2023-12-27T01:42:29.304Z"}},{"iob":-0.043,"basaliob":-0.315,"bolussnooze":0,"activity":0,"lastBolusTime":1703634666587,"time":"2023-12-27T01:47:29.304Z","iobWithZeroTemp":{"iob":-0.228,"basaliob":-0.5,"bolussnooze":0,"activity":-0.0011,"lastBolusTime":1703634666587,"time":"2023-12-27T01:47:29.304Z"}},{"iob":-0.043,"basaliob":-0.295,"bolussnooze":0,"activity":0,"lastBolusTime":1703634666587,"time":"2023-12-27T01:52:29.304Z","iobWithZeroTemp":{"iob":-0.239,"basaliob":-0.491,"bolussnooze":0,"activity":-0.0012,"lastBolusTime":1703634666587,"time":"2023-12-27T01:52:29.304Z"}},{"iob":-0.042,"basaliob":-0.276,"bolussnooze":0,"activity":-1.0E-4,"lastBolusTime":1703634666587,"time":"2023-12-27T01:57:29.304Z","iobWithZeroTemp":{"iob":-0.249,"basaliob":-0.483,"bolussnooze":0,"activity":-0.0014,"lastBolusTime":1703634666587,"time":"2023-12-27T01:57:29.304Z"}},{"iob":-0.042,"basaliob":-0.258,"bolussnooze":0,"activity":-1.0E-4,"lastBolusTime":1703634666587,"time":"2023-12-27T02:02:29.304Z","iobWithZeroTemp":{"iob":-0.258,"basaliob":-0.474,"bolussnooze":0,"activity":-0.0015,"lastBolusTime":1703634666587,"time":"2023-12-27T02:02:29.304Z"}},{"iob":-0.041,"basaliob":-0.241,"bolussnooze":0,"activity":-2.0E-4,"lastBolusTime":1703634666587,"time":"2023-12-27T02:07:29.304Z","iobWithZeroTemp":{"iob":-0.267,"basaliob":-0.467,"bolussnooze":0,"activity":-0.0017,"lastBolusTime":1703634666587,"time":"2023-12-27T02:07:29.304Z"}},{"iob":-0.04,"basaliob":-0.225,"bolussnooze":0,"activity":-2.0E-4,"lastBolusTime":1703634666587,"time":"2023-12-27T02:12:29.304Z","iobWithZeroTemp":{"iob":-0.274,"basaliob":-0.459,"bolussnooze":0,"activity":-0.0018,"lastBolusTime":1703634666587,"time":"2023-12-27T02:12:29.304Z"}},{"iob":-0.039,"basaliob":-0.21,"bolussnooze":0,"activity":-3.0E-4,"lastBolusTime":1703634666587,"time":"2023-12-27T02:17:29.304Z","iobWithZeroTemp":{"iob":-0.281,"basaliob":-0.452,"bolussnooze":0,"activity":-0.002,"lastBolusTime":1703634666587,"time":"2023-12-27T02:17:29.304Z"}},{"iob":-0.038,"basaliob":-0.196,"bolussnooze":0,"activity":-3.0E-4,"lastBolusTime":1703634666587,"time":"2023-12-27T02:22:29.304Z","iobWithZeroTemp":{"iob":-0.288,"basaliob":-0.446,"bolussnooze":0,"activity":-0.0021,"lastBolusTime":1703634666587,"time":"2023-12-27T02:22:29.304Z"}},{"iob":-0.037,"basaliob":-0.182,"bolussnooze":0,"activity":-2.0E-4,"lastBolusTime":1703634666587,"time":"2023-12-27T02:27:29.304Z","iobWithZeroTemp":{"iob":-0.294,"basaliob":-0.439,"bolussnooze":0,"activity":-0.0021,"lastBolusTime":1703634666587,"time":"2023-12-27T02:27:29.304Z"}},{"iob":-0.035,"basaliob":-0.169,"bolussnooze":0,"activity":-3.0E-4,"lastBolusTime":1703634666587,"time":"2023-12-27T02:32:29.304Z","iobWithZeroTemp":{"iob":-0.299,"basaliob":-0.433,"bolussnooze":0,"activity":-0.0023,"lastBolusTime":1703634666587,"time":"2023-12-27T02:32:29.304Z"}},{"iob":-0.034,"basaliob":-0.157,"bolussnooze":0,"activity":-3.0E-4,"lastBolusTime":1703634666587,"time":"2023-12-27T02:37:29.304Z","iobWithZeroTemp":{"iob":-0.305,"basaliob":-0.428,"bolussnooze":0,"activity":-0.0024,"lastBolusTime":1703634666587,"time":"2023-12-27T02:37:29.304Z"}},{"iob":-0.032,"basaliob":-0.146,"bolussnooze":0,"activity":-3.0E-4,"lastBolusTime":1703634666587,"time":"2023-12-27T02:42:29.304Z","iobWithZeroTemp":{"iob":-0.309,"basaliob":-0.423,"bolussnooze":0,"activity":-0.0025,"lastBolusTime":1703634666587,"time":"2023-12-27T02:42:29.304Z"}},{"iob":-0.032,"basaliob":-0.136,"bolussnooze":0,"activity":-2.0E-4,"lastBolusTime":1703634666587,"time":"2023-12-27T02:47:29.304Z","iobWithZeroTemp":{"iob":-0.314,"basaliob":-0.418,"bolussnooze":0,"activity":-0.0025,"lastBolusTime":1703634666587,"time":"2023-12-27T02:47:29.304Z"}},{"iob":-0.03,"basaliob":-0.126,"bolussnooze":0,"activity":-3.0E-4,"lastBolusTime":1703634666587,"time":"2023-12-27T02:52:29.304Z","iobWithZeroTemp":{"iob":-0.317,"basaliob":-0.413,"bolussnooze":0,"activity":-0.0026,"lastBolusTime":1703634666587,"time":"2023-12-27T02:52:29.304Z"}},{"iob":-0.029,"basaliob":-0.117,"bolussnooze":0,"activity":-3.0E-4,"lastBolusTime":1703634666587,"time":"2023-12-27T02:57:29.304Z","iobWithZeroTemp":{"iob":-0.321,"basaliob":-0.409,"bolussnooze":0,"activity":-0.0027,"lastBolusTime":1703634666587,"time":"2023-12-27T02:57:29.304Z"}},{"iob":-0.027,"basaliob":-0.108,"bolussnooze":0,"activity":-3.0E-4,"lastBolusTime":1703634666587,"time":"2023-12-27T03:02:29.304Z","iobWithZeroTemp":{"iob":-0.324,"basaliob":-0.405,"bolussnooze":0,"activity":-0.0028,"lastBolusTime":1703634666587,"time":"2023-12-27T03:02:29.304Z"}},{"iob":-0.026,"basaliob":-0.1,"bolussnooze":0,"activity":-3.0E-4,"lastBolusTime":1703634666587,"time":"2023-12-27T03:07:29.304Z","iobWithZeroTemp":{"iob":-0.327,"basaliob":-0.401,"bolussnooze":0,"activity":-0.0028,"lastBolusTime":1703634666587,"time":"2023-12-27T03:07:29.304Z"}},{"iob":-0.024,"basaliob":-0.092,"bolussnooze":0,"activity":-3.0E-4,"lastBolusTime":1703634666587,"time":"2023-12-27T03:12:29.304Z","iobWithZeroTemp":{"iob":-0.329,"basaliob":-0.397,"bolussnooze":0,"activity":-0.0029,"lastBolusTime":1703634666587,"time":"2023-12-27T03:12:29.304Z"}},{"iob":-0.023,"basaliob":-0.085,"bolussnooze":0,"activity":-3.0E-4,"lastBolusTime":1703634666587,"time":"2023-12-27T03:17:29.304Z","iobWithZeroTemp":{"iob":-0.332,"basaliob":-0.394,"bolussnooze":0,"activity":-0.0029,"lastBolusTime":1703634666587,"time":"2023-12-27T03:17:29.304Z"}},{"iob":-0.022,"basaliob":-0.079,"bolussnooze":0,"activity":-3.0E-4,"lastBolusTime":1703634666587,"time":"2023-12-27T03:22:29.304Z","iobWithZeroTemp":{"iob":-0.334,"basaliob":-0.391,"bolussnooze":0,"activity":-0.003,"lastBolusTime":1703634666587,"time":"2023-12-27T03:22:29.304Z"}},{"iob":-0.021,"basaliob":-0.073,"bolussnooze":0,"activity":-3.0E-4,"lastBolusTime":1703634666587,"time":"2023-12-27T03:27:29.304Z","iobWithZeroTemp":{"iob":-0.336,"basaliob":-0.388,"bolussnooze":0,"activity":-0.003,"lastBolusTime":1703634666587,"time":"2023-12-27T03:27:29.304Z"}},{"iob":-0.019,"basaliob":-0.067,"bolussnooze":0,"activity":-2.0E-4,"lastBolusTime":1703634666587,"time":"2023-12-27T03:32:29.304Z","iobWithZeroTemp":{"iob":-0.337,"basaliob":-0.385,"bolussnooze":0,"activity":-0.003,"lastBolusTime":1703634666587,"time":"2023-12-27T03:32:29.304Z"}},{"iob":-0.018,"basaliob":-0.062,"bolussnooze":0,"activity":-2.0E-4,"lastBolusTime":1703634666587,"time":"2023-12-27T03:37:29.304Z","iobWithZeroTemp":{"iob":-0.339,"basaliob":-0.383,"bolussnooze":0,"activity":-0.003,"lastBolusTime":1703634666587,"time":"2023-12-27T03:37:29.304Z"}},{"iob":-0.017,"basaliob":-0.057,"bolussnooze":0,"activity":-2.0E-4,"lastBolusTime":1703634666587,"time":"2023-12-27T03:42:29.304Z","iobWithZeroTemp":{"iob":-0.341,"basaliob":-0.381,"bolussnooze":0,"activity":-0.003,"lastBolusTime":1703634666587,"time":"2023-12-27T03:42:29.304Z"}},{"iob":-0.016,"basaliob":-0.052,"bolussnooze":0,"activity":-2.0E-4,"lastBolusTime":1703634666587,"time":"2023-12-27T03:47:29.304Z","iobWithZeroTemp":{"iob":-0.342,"basaliob":-0.378,"bolussnooze":0,"activity":-0.0031,"lastBolusTime":1703634666587,"time":"2023-12-27T03:47:29.304Z"}},{"iob":-0.015,"basaliob":-0.048,"bolussnooze":0,"activity":-2.0E-4,"lastBolusTime":1703634666587,"time":"2023-12-27T03:52:29.304Z","iobWithZeroTemp":{"iob":-0.343,"basaliob":-0.376,"bolussnooze":0,"activity":-0.0031,"lastBolusTime":1703634666587,"time":"2023-12-27T03:52:29.304Z"}},{"iob":-0.014,"basaliob":-0.044,"bolussnooze":0,"activity":-2.0E-4,"lastBolusTime":1703634666587,"time":"2023-12-27T03:57:29.304Z","iobWithZeroTemp":{"iob":-0.344,"basaliob":-0.374,"bolussnooze":0,"activity":-0.0031,"lastBolusTime":1703634666587,"time":"2023-12-27T03:57:29.304Z"}},{"iob":-0.012,"basaliob":-0.04,"bolussnooze":0,"activity":-2.0E-4,"lastBolusTime":1703634666587,"time":"2023-12-27T04:02:29.304Z","iobWithZeroTemp":{"iob":-0.344,"basaliob":-0.372,"bolussnooze":0,"activity":-0.0032,"lastBolusTime":1703634666587,"time":"2023-12-27T04:02:29.304Z"}},{"iob":-0.012,"basaliob":-0.037,"bolussnooze":0,"activity":-1.0E-4,"lastBolusTime":1703634666587,"time":"2023-12-27T04:07:29.304Z","iobWithZeroTemp":{"iob":-0.346,"basaliob":-0.371,"bolussnooze":0,"activity":-0.0031,"lastBolusTime":1703634666587,"time":"2023-12-27T04:07:29.304Z"}},{"iob":-0.011,"basaliob":-0.034,"bolussnooze":0,"activity":-2.0E-4,"lastBolusTime":1703634666587,"time":"2023-12-27T04:12:29.304Z","iobWithZeroTemp":{"iob":-0.346,"basaliob":-0.369,"bolussnooze":0,"activity":-0.0032,"lastBolusTime":1703634666587,"time":"2023-12-27T04:12:29.304Z"}},{"iob":-0.01,"basaliob":-0.031,"bolussnooze":0,"activity":-1.0E-4,"lastBolusTime":1703634666587,"time":"2023-12-27T04:17:29.304Z","iobWithZeroTemp":{"iob":-0.347,"basaliob":-0.368,"bolussnooze":0,"activity":-0.0032,"lastBolusTime":1703634666587,"time":"2023-12-27T04:17:29.304Z"}},{"iob":-0.009,"basaliob":-0.028,"bolussnooze":0,"activity":-1.0E-4,"lastBolusTime":1703634666587,"time":"2023-12-27T04:22:29.304Z","iobWithZeroTemp":{"iob":-0.347,"basaliob":-0.366,"bolussnooze":0,"activity":-0.0032,"lastBolusTime":1703634666587,"time":"2023-12-27T04:22:29.304Z"}},{"iob":-0.009,"basaliob":-0.026,"bolussnooze":0,"activity":-2.0E-4,"lastBolusTime":1703634666587,"time":"2023-12-27T04:27:29.304Z","iobWithZeroTemp":{"iob":-0.348,"basaliob":-0.365,"bolussnooze":0,"activity":-0.0033,"lastBolusTime":1703634666587,"time":"2023-12-27T04:27:29.304Z"}},{"iob":-0.009,"basaliob":-0.024,"bolussnooze":0,"activity":-1.0E-4,"lastBolusTime":1703634666587,"time":"2023-12-27T04:32:29.304Z","iobWithZeroTemp":{"iob":-0.35,"basaliob":-0.365,"bolussnooze":0,"activity":-0.0032,"lastBolusTime":1703634666587,"time":"2023-12-27T04:32:29.304Z"}},{"iob":-0.008,"basaliob":-0.022,"bolussnooze":0,"activity":-1.0E-4,"lastBolusTime":1703634666587,"time":"2023-12-27T04:37:29.304Z","iobWithZeroTemp":{"iob":-0.35,"basaliob":-0.364,"bolussnooze":0,"activity":-0.0032,"lastBolusTime":1703634666587,"time":"2023-12-27T04:37:29.304Z"}},{"iob":-0.007,"basaliob":-0.02,"bolussnooze":0,"activity":-1.0E-4,"lastBolusTime":1703634666587,"time":"2023-12-27T04:42:29.304Z","iobWithZeroTemp":{"iob":-0.35,"basaliob":-0.363,"bolussnooze":0,"activity":-0.0032,"lastBolusTime":1703634666587,"time":"2023-12-27T04:42:29.304Z"}}],"profile":{"max_iob":10,"type":"current","max_daily_basal":0.35,"max_basal":1.05,"min_bg":130,"max_bg":130,"target_bg":130,"carb_ratio":15,"sens":140,"max_daily_safety_multiplier":3,"current_basal_safety_multiplier":4,"high_temptarget_raises_sensitivity":false,"low_temptarget_lowers_sensitivity":false,"sensitivity_raises_target":true,"resistance_lowers_target":true,"adv_target_adjustments":false,"exercise_mode":false,"half_basal_exercise_target":160,"maxCOB":120,"skip_neutral_temps":false,"remainingCarbsCap":90,"enableUAM":true,"A52_risk_enable":false,"SMBInterval":4,"enableSMB_with_COB":true,"enableSMB_with_temptarget":true,"allowSMB_with_high_temptarget":false,"enableSMB_always":true,"enableSMB_after_carbs":true,"maxSMBBasalMinutes":45,"maxUAMSMBBasalMinutes":120,"bolus_increment":0.05,"carbsReqThreshold":5,"current_basal":0.3,"temptargetSet":true,"autosens_max":1.3},"autosens_data":{"ratio":1},"meal_data":{"carbs":0,"mealCOB":0,"slopeFromMaxDeviation":-0.9093,"slopeFromMinDeviation":0,"lastBolusTime":1703634666587,"lastCarbTime":0},"microBolusAllowed":true,"currentTime":1703638049926,"flatBGsDetected":false},"output":{"temp":"absolute","bg":76,"tick":-4,"eventualBG":63,"targetBG":130,"insulinReq":0,"deliverAt":"2023-12-27T00:47:29.926Z","sensitivityRatio":1,"predBGs":{"IOB":[76,72,68,65,62,59,57,56,54,53,53,52,52,52,52,52,52,52,53,53,53,53,53,54,54,54,54,54,54,55,55,55,55,56,56,56,56,56,56,56,57],"ZT":[76,74,73,71,70,69,69,69,69,69,69,69,70,71,71,72,73,75,76,77,79,80,82,84,85,87,89,91,93,95,97,99,101,103,105,107,109,111,114,116,118,120,122,125,127,129]},"COB":0,"IOB":0.019,"reason":"COB: 0, Dev: -10, BGI: -2, ISF: 140, CR: 15, Target: 130, minPredBG 61, minGuardBG 52, IOBpredBG 57; minGuardBG 52<85","duration":120,"rate":0,"timestamp":"2023-12-27T00:47:29.958Z"}}