{"algorithm":"OpenAPSSMBPlugin","input":{"glucoseStatus":{"glucose":118,"noise":0,"delta":0.67,"short_avgdelta":0.31,"long_avgdelta":-1.06,"date":1703610030802},"currenttemp":{"temp":"absolute","duration":0,"rate":0},"iob_data":[{"iob":0.378,"basaliob":-0.348,"bolussnooze":0,"activity":0.0038,"lastBolusTime":1703609749282,"time":"2023-12-26T17:00:46.395Z","iobWithZeroTemp":{"iob":0.378,"basaliob":-0.348,"bolussnooze":0,"activity":0.0038,"lastBolusTime":1703609749282,"time":"2023-12-26T17:00:46.395Z"}},{"iob":0.358,"basaliob":-0.328,"bolussnooze":0,"activity":0.0038,"lastBolusTime":1703609749282,"time":"2023-12-26T17:05:46.395Z","iobWithZeroTemp":{"iob":0.332,"basaliob":-0.354,"bolussnooze":0,"activity":0.0038,"lastBolusTime":1703609749282,"time":"2023-12-26T17:05:46.395Z"}},{"iob":0.34,"basaliob":-0.308,"bolussnooze":0,"activity":0.0037,"lastBolusTime":1703609749282,"time":"2023-12-26T17:10:46.395Z","iobWithZeroTemp":{"iob":0.282,"basaliob":-0.366,"bolussnooze":0,"activity":0.0036,"lastBolusTime":1703609749282,"time":"2023-12-26T17:10:46.395Z"}},{"iob":0.321,"basaliob":-0.289,"bolussnooze":0,"activity":0.0036,"lastBolusTime":1703609749282,"time":"2023-12-26T17:15:46.395Z","iobWithZeroTemp":{"iob":0.231,"basaliob":-0.379,"bolussnooze":0,"activity":0.0034,"lastBolusTime":1703609749282,"time":"2023-12-26T17:15:46.395Z"}},{"iob":0.304,"basaliob":-0.271,"bolussnooze":0,"activity":0.0035,"lastBolusTime":1703609749282,"time":"2023-12-26T17:20:46.395Z","iobWithZeroTemp":{"iob":0.183,"basaliob":-0.392,"bolussnooze":0,"activity":0.0032,"lastBolusTime":1703609749282,"time":"2023-12-26T17:20:46.395Z"}},{"iob":0.286,"basaliob":-0.254,"bolussnooze":0,"activity":0.0034,"lastBolusTime":1703609749282,"time":"2023-12-26T17:25:46.395Z","iobWithZeroTemp":{"iob":0.134,"basaliob":-0.406,"bolussnooze":0,"activity":0.0029,"lastBolusTime":1703609749282,"time":"2023-12-26T17:25:46.395Z"}},{"iob":0.269,"basaliob":-0.238,"bolussnooze":0,"activity":0.0033,"lastBolusTime":1703609749282,"time":"2023-12-26T17:30:46.395Z","iobWithZeroTemp":{"iob":0.087,"basaliob":-0.42,"bolussnooze":0,"activity":0.0026,"lastBolusTime":1703609749282,"time":"2023-12-26T17:30:46.395Z"}},{"iob":0.253,"basaliob":-0.222,"bolussnooze":0,"activity":0.0032,"lastBolusTime":1703609749282,"time":"2023-12-26T17:35:46.395Z","iobWithZeroTemp":{"iob":0.043,"basaliob":-0.432,"bolussnooze":0,"activity":0.0023,"lastBolusTime":1703609749282,"time":"2023-12-26T17:35:46.395Z"}},{"iob":0.237,"basaliob":-0.208,"bolussnooze":0,"activity":0.003,"lastBolusTime":1703609749282,"time":"2023-12-26T17:40:46.395Z","iobWithZeroTemp":{"iob":-0.001,"basaliob":-0.446,"bolussnooze":0,"activity":0.0019,"lastBolusTime":1703609749282,"time":"2023-12-26T17:40:46.395Z"}},{"iob":0.223,"basaliob":-0.194,"bolussnooze":0,"activity":0.0029,"lastBolusTime":1703609749282,"time":"2023-12-26T17:45:46.395Z","iobWithZeroTemp":{"iob":-0.042,"basaliob":-0.459,"bolussnooze":0,"activity":0.0016,"lastBolusTime":1703609749282,"time":"2023-12-26T17:45:46.395Z"}},{"iob":0.209,"basaliob":-0.18,"bolussnooze":0,"activity":0.0027,"lastBolusTime":1703609749282,"time":"2023-12-26T17:50:46.395Z","iobWithZeroTemp":{"iob":-0.081,"basaliob":-0.47,"bolussnooze":0,"activity":0.0012,"lastBolusTime":1703609749282,"time":"2023-12-26T17:50:46.395Z"}},{"iob":0.195,"basaliob":-0.168,"bolussnooze":0,"activity":0.0026,"lastBolusTime":1703609749282,"time":"2023-12-26T17:55:46.395Z","iobWithZeroTemp":{"iob":-0.12,"basaliob":-0.483,"bolussnooze":0,"activity":9.0E-4,"lastBolusTime":1703609749282,"time":"2023-12-26T17:55:46.395Z"}},{"iob":0.183,"basaliob":-0.156,"bolussnooze":0,"activity":0.0025,"lastBolusTime":1703609749282,"time":"2023-12-26T18:00:46.395Z","iobWithZeroTemp":{"iob":-0.155,"basaliob":-0.494,"bolussnooze":0,"activity":6.0E-4,"lastBolusTime":1703609749282,"time":"2023-12-26T18:00:46.395Z"}},{"iob":0.171,"basaliob":-0.145,"bolussnooze":0,"activity":0.0024,"lastBolusTime":1703609749282,"time":"2023-12-26T18:05:46.395Z","iobWithZeroTemp":{"iob":-0.189,"basaliob":-0.505,"bolussnooze":0,"activity":2.0E-4,"lastBolusTime":1703609749282,"time":"2023-12-26T18:05:46.395Z"}},{"iob":0.159,"basaliob":-0.135,"bolussnooze":0,"activity":0.0022,"lastBolusTime":1703609749282,"time":"2023-12-26T18:10:46.395Z","iobWithZeroTemp":{"iob":-0.223,"basaliob":-0.517,"bolussnooze":0,"activity":-2.0E-4,"lastBolusTime":1703609749282,"time":"2023-12-26T18:10:46.395Z"}},{"iob":0.148,"basaliob":-0.125,"bolussnooze":0,"activity":0.0021,"lastBolusTime":1703609749282,"time":"2023-12-26T18:15:46.395Z","iobWithZeroTemp":{"iob":-0.254,"basaliob":-0.527,"bolussnooze":0,"activity":-5.0E-4,"lastBolusTime":1703609749282,"time":"2023-12-26T18:15:46.395Z"}},{"iob":0.138,"basaliob":-0.116,"bolussnooze":0,"activity":0.0019,"lastBolusTime":1703609749282,"time":"2023-12-26T18:20:46.395Z","iobWithZeroTemp":{"iob":-0.283,"basaliob":-0.537,"bolussnooze":0,"activity":-9.0E-4,"lastBolusTime":1703609749282,"time":"2023-12-26T18:20:46.395Z"}},{"iob":0.128,"basaliob":-0.108,"bolussnooze":0,"activity":0.0018,"lastBolusTime":1703609749282,"time":"2023-12-26T18:25:46.395Z","iobWithZeroTemp":{"iob":-0.311,"basaliob":-0.547,"bolussnooze":0,"activity":-0.0012,"lastBolusTime":1703609749282,"time":"2023-12-26T18:25:46.395Z"}},{"iob":0.119,"basaliob":-0.1,"bolussnooze":0,"activity":0.0018,"lastBolusTime":1703609749282,"time":"2023-12-26T18:30:46.395Z","iobWithZeroTemp":{"iob":-0.337,"basaliob":-0.556,"bolussnooze":0,"activity":-0.0014,"lastBolusTime":1703609749282,"time":"2023-12-26T18:30:46.395Z"}},{"iob":0.111,"basaliob":-0.092,"bolussnooze":0,"activity":0.0017,"lastBolusTime":1703609749282,"time":"2023-12-26T18:35:46.395Z","iobWithZeroTemp":{"iob":-0.361,"basaliob":-0.564,"bolussnooze":0,"activity":-0.0017,"lastBolusTime":1703609749282,"time":"2023-12-26T18:35:46.395Z"}},{"iob":0.103,"basaliob":-0.085,"bolussnooze":0,"activity":0.0016,"lastBolusTime":1703609749282,"time":"2023-12-26T18:40:46.395Z","iobWithZeroTemp":{"iob":-0.384,"basaliob":-0.572,"bolussnooze":0,"activity":-0.002,"lastBolusTime":1703609749282,"time":"2023-12-26T18:40:46.395Z"}},{"iob":0.095,"basaliob":-0.079,"bolussnooze":0,"activity":0.0014,"lastBolusTime":1703609749282,"time":"2023-12-26T18:45:46.395Z","iobWithZeroTemp":{"iob":-0.406,"basaliob":-0.58,"bolussnooze":0,"activity":-0.0024,"lastBolusTime":1703609749282,"time":"2023-12-26T18:45:46.395Z"}},{"iob":0.088,"basaliob":-0.073,"bolussnooze":0,"activity":0.0013,"lastBolusTime":1703609749282,"time":"2023-12-26T18:50:46.395Z","iobWithZeroTemp":{"iob":-0.426,"basaliob":-0.587,"bolussnooze":0,"activity":-0.0026,"lastBolusTime":1703609749282,"time":"2023-12-26T18:50:46.395Z"}},{"iob":0.082,"basaliob":-0.067,"bolussnooze":0,"activity":0.0013,"lastBolusTime":1703609749282,"time":"2023-12-26T18:55:46.395Z","iobWithZeroTemp":{"iob":-0.445,"basaliob":-0.594,"bolussnooze":0,"activity":-0.0028,"lastBolusTime":1703609749282,"time":"2023-12-26T18:55:46.395Z"}},{"iob":0.075,"basaliob":-0.062,"bolussnooze":0,"activity":0.0012,"lastBolusTime":1703609749282,"time":"2023-12-26T19:00:46.395Z","iobWithZeroTemp":{"iob":-0.463,"basaliob":-0.6,"bolussnooze":0,"activity":-0.003,"lastBolusTime":1703609749282,"time":"2023-12-26T19:00:46.395Z"}},{"iob":0.07,"basaliob":-0.057,"bolussnooze":0,"activity":0.0011,"lastBolusTime":1703609749282,"time":"2023-12-26T19:05:46.395Z","iobWithZeroTemp":{"iob":-0.479,"basaliob":-0.606,"bolussnooze":0,"activity":-0.0033,"lastBolusTime":1703609749282,"time":"2023-12-26T19:05:46.395Z"}},{"iob":0.065,"basaliob":-0.052,"bolussnooze":0,"activity":0.001,"lastBolusTime":1703609749282,"time":"2023-12-26T19:10:46.395Z","iobWithZeroTemp":{"iob":-0.494,"basaliob":-0.611,"bolussnooze":0,"activity":-0.0035,"lastBolusTime":1703609749282,"time":"2023-12-26T19:10:46.395Z"}},{"iob":0.06,"basaliob":-0.048,"bolussnooze":0,"activity":0.001,"lastBolusTime":1703609749282,"time":"2023-12-26T19:15:46.395Z","iobWithZeroTemp":{"iob":-0.509,"basaliob":-0.617,"bolussnooze":0,"activity":-0.0037,"lastBolusTime":1703609749282,"time":"2023-12-26T19:15:46.395Z"}},{"iob":0.055,"basaliob":-0.044,"bolussnooze":0,"activity":8.0E-4,"lastBolusTime":1703609749282,"time":"2023-12-26T19:20:46.395Z","iobWithZeroTemp":{"iob":-0.523,"basaliob":-0.622,"bolussnooze":0,"activity":-0.004,"lastBolusTime":1703609749282,"time":"2023-12-26T19:20:46.395Z"}},{"iob":0.05,"basaliob":-0.041,"bolussnooze":0,"activity":8.0E-4,"lastBolusTime":1703609749282,"time":"2023-12-26T19:25:46.395Z","iobWithZeroTemp":{"iob":-0.536,"basaliob":-0.627,"bolussnooze":0,"activity":-0.0041,"lastBolusTime":1703609749282,"time":"2023-12-26T19:25:46.395Z"}},{"iob":0.047,"basaliob":-0.037,"bolussnooze":0,"activity":8.0E-4,"lastBolusTime":1703609749282,"time":"2023-12-26T19:30:46.395Z","iobWithZeroTemp":{"iob":-0.547,"basaliob":-0.631,"bolussnooze":0,"activity":-0.0042,"lastBolusTime":1703609749282,"time":"2023-12-26T19:30:46.395Z"}},{"iob":0.043,"basaliob":-0.034,"bolussnooze":0,"activity":7.0E-4,"lastBolusTime":1703609749282,"time":"2023-12-26T19:35:46.395Z","iobWithZeroTemp":{"iob":-0.558,"basaliob":-0.635,"bolussnooze":0,"activity":-0.0044,"lastBolusTime":1703609749282,"time":"2023-12-26T19:35:46.395Z"}},{"iob":0.04,"basaliob":-0.031,"bolussnooze":0,"activity":6.0E-4,"lastBolusTime":1703609749282,"time":"2023-12-26T19:40:46.395Z","iobWithZeroTemp":{"iob":-0.568,"basaliob":-0.639,"bolussnooze":0,"activity":-0.0046,"lastBolusTime":1703609749282,"time":"2023-12-26T19:40:46.395Z"}},{"iob":0.036,"basaliob":-0.029,"bolussnooze":0,"activity":6.0E-4,"lastBolusTime":1703609749282,"time":"2023-12-26T19:45:46.395Z","iobWithZeroTemp":{"iob":-0.578,"basaliob":-0.643,"bolussnooze":0,"activity":-0.0047,"lastBolusTime":1703609749282,"time":"2023-12-26T19:45:46.395Z"}},{"iob":0.034,"basaliob":-0.026,"bolussnooze":0,"activity":5.0E-4,"lastBolusTime":1703609749282,"time":"2023-12-26T19:50:46.395Z","iobWithZeroTemp":{"iob":-0.586,"basaliob":-0.646,"bolussnooze":0,"activity":-0.0049,"lastBolusTime":1703609749282,"time":"2023-12-26T19:50:46.395Z"}},{"iob":0.031,"basaliob":-0.024,"bolussnooze":0,"activity":6.0E-4,"lastBolusTime":1703609749282,"time":"2023-12-26T19:55:46.395Z","iobWithZeroTemp":{"iob":-0.594,"basaliob":-0.649,"bolussnooze":0,"activity":-0.0049,"lastBolusTime":1703609749282,"time":"2023-12-26T19:55:46.395Z"}},{"iob":0.028,"basaliob":-0.022,"bolussnooze":0,"activity":5.0E-4,"lastBolusTime":1703609749282,"time":"2023-12-26T20:00:46.395Z","iobWithZeroTemp":{"iob":-0.602,"basaliob":-0.652,"bolussnooze":0,"activity":-0.005,"lastBolusTime":1703609749282,"time":"2023-12-26T20:00:46.395Z"}},{"iob":0.026,"basaliob":-0.02,"bolussnooze":0,"activity":4.0E-4,"lastBolusTime":1703609749282,"time":"2023-12-26T20:05:46.395Z","iobWithZeroTemp":{"iob":-0.609,"basaliob":-0.655,"bolussnooze":0,"activity":-0.0052,"lastBolusTime":1703609749282,"time":"2023-12-26T20:05:46.395Z"}},{"iob":0.024,"basaliob":-0.018,"bolussnooze":0,"activity":4.0E-4,"lastBolusTime":1703609749282,"time":"2023-12-26T20:10:46.395Z","iobWithZeroTemp":{"iob":-0.615,"basaliob":-0.657,"bolussnooze":0,"activity":-0.0053,"lastBolusTime":1703609749282,"time":"2023-12-26T20:10:46.395Z"}},{"iob":0.021,"basaliob":-0.017,"bolussnooze":0,"activity":4.0E-4,"lastBolusTime":1703609749282,"time":"2023-12-26T20:15:46.395Z","iobWithZeroTemp":{"iob":-0.622,"basaliob":-0.66,"bolussnooze":0,"activity":-0.0053,"lastBolusTime":1703609749282,"time":"2023-12-26T20:15:46.395Z"}},{"iob":0.02,"basaliob":-0.015,"bolussnooze":0,"activity":3.0E-4,"lastBolusTime":1703609749282,"time":"2023-12-26T20:20:46.395Z","iobWithZeroTemp":{"iob":-0.627,"basaliob":-0.662,"bolussnooze":0,"activity":-0.0055,"lastBolusTime":1703609749282,"time":"2023-12-26T20:20:46.395Z"}},{"iob":0.018,"basaliob":-0.014,"bolussnooze":0,"activity":3.0E-4,"lastBolusTime":1703609749282,"time":"2023-12-26T20:25:46.395Z","iobWithZeroTemp":{"iob":-0.632,"basaliob":-0.664,"bolussnooze":0,"activity":-0.0056,"lastBolusTime":1703609749282,"time":"2023-12-26T20:25:46.395Z"}},{"iob":0.016,"basaliob":-0.013,"bolussnooze":0,"activity":3.0E-4,"lastBolusTime":1703609749282,"time":"2023-12-26T20:30:46.395Z","iobWithZeroTemp":{"iob":-0.637,"basaliob":-0.666,"bolussnooze":0,"activity":-0.0056,"lastBolusTime":1703609749282,"time":"2023-12-26T20:30:46.395Z"}},{"iob":0.016,"basaliob":-0.011,"bolussnooze":0,"activity":3.0E-4,"lastBolusTime":1703609749282,"time":"2023-12-26T20:35:46.395Z","iobWithZeroTemp":{"iob":-0.64,"basaliob":-0.667,"bolussnooze":0,"activity":-0.0056,"lastBolusTime":1703609749282,"time":"2023-12-26T20:35:46.395Z"}},{"iob":0.014,"basaliob":-0.01,"bolussnooze":0,"activity":3.0E-4,"lastBolusTime":1703609749282,"time":"2023-12-26T20:40:46.395Z","iobWithZeroTemp":{"iob":-0.645,"basaliob":-0.669,"bolussnooze":0,"activity":-0.0057,"lastBolusTime":1703609749282,"time":"2023-12-26T20:40:46.395Z"}},{"iob":0.013,"basaliob":-0.009,"bolussnooze":0,"activity":2.0E-4,"lastBolusTime":1703609749282,"time":"2023-12-26T20:45:46.395Z","iobWithZeroTemp":{"iob":-0.648,"basaliob":-0.67,"bolussnooze":0,"activity":-0.0058,"lastBolusTime":1703609749282,"time":"2023-12-26T20:45:46.395Z"}},{"iob":0.012,"basaliob":-0.008,"bolussnooze":0,"activity":2.0E-4,"lastBolusTime":1703609749282,"time":"2023-12-26T20:50:46.395Z","iobWithZeroTemp":{"iob":-0.652,"basaliob":-0.672,"bolussnooze":0,"activity":-0.0059,"lastBolusTime":1703609749282,"time":"2023-12-26T20:50:46.395Z"}},{"iob":0.01,"basaliob":-0.008,"bolussnooze":0,"activity":1.0E-4,"lastBolusTime":1703609749282,"time":"2023-12-26T20:55:46.395Z","iobWithZeroTemp":{"iob":-0.656,"basaliob":-0.674,"bolussnooze":0,"activity":-0.006,"lastBolusTime":1703609749282,"time":"2023-12-26T20:55:46.395Z"}}],"profile":{"max_iob":10,"type":"current","max_daily_basal":0.9099999999999999,"max_basal":1.55,"min_bg":85,"max_bg":85,"target_bg":85,"carb_ratio":6.538461538461539,"sens":65.38461538461539,"max_daily_safety_multiplier":3,"current_basal_safety_multiplier":4,"high_temptarget_raises_sensitivity":false,"low_temptarget_lowers_sensitivity":false,"sensitivity_raises_target":true,"resistance_lowers_target":true,"adv_target_adjustments":false,"exercise_mode":false,"half_basal_exercise_target":160,"maxCOB":120,"skip_neutral_temps":false,"remainingCarbsCap":90,"enableUAM":true,"A52_risk_enable":false,"SMBInterval":4,"enableSMB_with_COB":true,"enableSMB_with_temptarget":true,"allowSMB_with_high_temptarget":false,"enableSMB_always":true,"enableSMB_after_carbs":true,"maxSMBBasalMinutes":45,"maxUAMSMBBasalMinutes":120,"bolus_increment":0.05,"carbsReqThreshold":5,"current_basal":0.4,"temptargetSet":true,"autosens_max":1.3},"autosens_data":{"ratio":1},"meal_data":{"carbs":50,"mealCOB":0,"slopeFromMaxDeviation":-0.42237499999999994,"slopeFromMinDeviation":0.26649999999999996,"lastBolusTime":1703609749282,"lastCarbTime":1703592061000},"microBolusAllowed":true,"currentTime":1703610047719,"flatBGsDetected":false},"output":{"temp":"absolute","bg":118,"tick":"+1","eventualBG":102,"targetBG":85,"insulinReq":0.26,"deliverAt":"2023-12-26T17:00:47.719Z","sensitivityRatio":1,"predBGs":{"IOB":[118,118,118,118,118,118,118,117,117,116,115,115,114,113,112,112,111,110,110,109,109,108,108,107,107,106,106,106,105,105,105,104,104,104,104,104,104,103,103,103,103,103,103,103,103,102],"ZT":[118,117,116,114,113,112,111,110,110,109,108,108,108,108,108,108,108,108,108,109,109],"UAM":[118,118,117,117,115,114,113,112,111,110,109,108,107,107,106,105,104,104,103,103,102,101,101,101,100,100,99,99,99,98,98,98,98,98,97,97,97,97,97,97,96]},"COB":0,"IOB":0.378,"reason":"COB: 0, Dev: 9, BGI: -1, ISF: 65, CR: 6.54, Target: 85, minPredBG 102, minGuardBG 96, IOBpredBG 102, UAMpredBG 96; Eventual BG 102 >= 85,  insulinReq 0.26. Microbolusing 0.1U. no temp, setting 0.92U\/hr. ","units":0.1,"duration":30,"rate":0.92,"timestamp":"2023-12-26T17:00:47.770Z"}}