{"algorithm":"OpenAPSSMBPlugin","input":{"glucoseStatus":{"glucose":122,"noise":0,"delta":2.33,"short_avgdelta":0.98,"long_avgdelta":-1.54,"date":1703629530442},"currenttemp":{"temp":"absolute","duration":25,"rate":0.5,"minutesrunning":5},"iob_data":[{"iob":0.665,"basaliob":-0.489,"bolussnooze":0.0018,"activity":0.0091,"lastBolusTime":1703628069547,"time":"2023-12-26T22:25:50.358Z","iobWithZeroTemp":{"iob":0.665,"basaliob":-0.489,"bolussnooze":0.0018,"activity":0.0091,"lastBolusTime":1703628069547,"time":"2023-12-26T22:25:50.358Z"}},{"iob":0.621,"basaliob":-0.464,"bolussnooze":0.0012,"activity":0.0086,"lastBolusTime":1703628069547,"time":"2023-12-26T22:30:50.358Z","iobWithZeroTemp":{"iob":0.574,"basaliob":-0.511,"bolussnooze":0.0012,"activity":0.0086,"lastBolusTime":1703628069547,"time":"2023-12-26T22:30:50.358Z"}},{"iob":0.579,"basaliob":-0.44,"bolussnooze":8.0E-4,"activity":0.0082,"lastBolusTime":1703628069547,"time":"2023-12-26T22:35:50.358Z","iobWithZeroTemp":{"iob":0.474,"basaliob":-0.545,"bolussnooze":8.0E-4,"activity":0.0081,"lastBolusTime":1703628069547,"time":"2023-12-26T22:35:50.358Z"}},{"iob":0.539,"basaliob":-0.416,"bolussnooze":5.0E-4,"activity":0.0077,"lastBolusTime":1703628069547,"time":"2023-12-26T22:40:50.358Z","iobWithZeroTemp":{"iob":0.377,"basaliob":-0.578,"bolussnooze":5.0E-4,"activity":0.0074,"lastBolusTime":1703628069547,"time":"2023-12-26T22:40:50.358Z"}},{"iob":0.502,"basaliob":-0.393,"bolussnooze":3.0E-4,"activity":0.0073,"lastBolusTime":1703628069547,"time":"2023-12-26T22:45:50.358Z","iobWithZeroTemp":{"iob":0.284,"basaliob":-0.611,"bolussnooze":3.0E-4,"activity":0.0067,"lastBolusTime":1703628069547,"time":"2023-12-26T22:45:50.358Z"}},{"iob":0.466,"basaliob":-0.371,"bolussnooze":1.0E-4,"activity":0.0068,"lastBolusTime":1703628069547,"time":"2023-12-26T22:50:50.358Z","iobWithZeroTemp":{"iob":0.193,"basaliob":-0.644,"bolussnooze":1.0E-4,"activity":0.0059,"lastBolusTime":1703628069547,"time":"2023-12-26T22:50:50.358Z"}},{"iob":0.434,"basaliob":-0.349,"bolussnooze":0,"activity":0.0064,"lastBolusTime":1703628069547,"time":"2023-12-26T22:55:50.358Z","iobWithZeroTemp":{"iob":0.108,"basaliob":-0.675,"bolussnooze":0,"activity":0.0052,"lastBolusTime":1703628069547,"time":"2023-12-26T22:55:50.358Z"}},{"iob":0.403,"basaliob":-0.328,"bolussnooze":0,"activity":0.006,"lastBolusTime":1703628069547,"time":"2023-12-26T23:00:50.358Z","iobWithZeroTemp":{"iob":0.025,"basaliob":-0.706,"bolussnooze":0,"activity":0.0045,"lastBolusTime":1703628069547,"time":"2023-12-26T23:00:50.358Z"}},{"iob":0.373,"basaliob":-0.309,"bolussnooze":0,"activity":0.0056,"lastBolusTime":1703628069547,"time":"2023-12-26T23:05:50.358Z","iobWithZeroTemp":{"iob":-0.046,"basaliob":-0.728,"bolussnooze":0,"activity":0.0037,"lastBolusTime":1703628069547,"time":"2023-12-26T23:05:50.358Z"}},{"iob":0.346,"basaliob":-0.289,"bolussnooze":0,"activity":0.0053,"lastBolusTime":1703628069547,"time":"2023-12-26T23:10:50.358Z","iobWithZeroTemp":{"iob":-0.113,"basaliob":-0.748,"bolussnooze":0,"activity":0.003,"lastBolusTime":1703628069547,"time":"2023-12-26T23:10:50.358Z"}},{"iob":0.321,"basaliob":-0.271,"bolussnooze":0,"activity":0.005,"lastBolusTime":1703628069547,"time":"2023-12-26T23:15:50.358Z","iobWithZeroTemp":{"iob":-0.176,"basaliob":-0.768,"bolussnooze":0,"activity":0.0024,"lastBolusTime":1703628069547,"time":"2023-12-26T23:15:50.358Z"}},{"iob":0.296,"basaliob":-0.254,"bolussnooze":0,"activity":0.0046,"lastBolusTime":1703628069547,"time":"2023-12-26T23:20:50.358Z","iobWithZeroTemp":{"iob":-0.237,"basaliob":-0.787,"bolussnooze":0,"activity":0.0016,"lastBolusTime":1703628069547,"time":"2023-12-26T23:20:50.358Z"}},{"iob":0.274,"basaliob":-0.238,"bolussnooze":0,"activity":0.0043,"lastBolusTime":1703628069547,"time":"2023-12-26T23:25:50.358Z","iobWithZeroTemp":{"iob":-0.293,"basaliob":-0.805,"bolussnooze":0,"activity":9.0E-4,"lastBolusTime":1703628069547,"time":"2023-12-26T23:25:50.358Z"}},{"iob":0.253,"basaliob":-0.222,"bolussnooze":0,"activity":0.0041,"lastBolusTime":1703628069547,"time":"2023-12-26T23:30:50.358Z","iobWithZeroTemp":{"iob":-0.347,"basaliob":-0.822,"bolussnooze":0,"activity":4.0E-4,"lastBolusTime":1703628069547,"time":"2023-12-26T23:30:50.358Z"}},{"iob":0.234,"basaliob":-0.207,"bolussnooze":0,"activity":0.0037,"lastBolusTime":1703628069547,"time":"2023-12-26T23:35:50.358Z","iobWithZeroTemp":{"iob":-0.396,"basaliob":-0.837,"bolussnooze":0,"activity":-4.0E-4,"lastBolusTime":1703628069547,"time":"2023-12-26T23:35:50.358Z"}},{"iob":0.216,"basaliob":-0.193,"bolussnooze":0,"activity":0.0035,"lastBolusTime":1703628069547,"time":"2023-12-26T23:40:50.358Z","iobWithZeroTemp":{"iob":-0.443,"basaliob":-0.852,"bolussnooze":0,"activity":-9.0E-4,"lastBolusTime":1703628069547,"time":"2023-12-26T23:40:50.358Z"}},{"iob":0.199,"basaliob":-0.18,"bolussnooze":0,"activity":0.0032,"lastBolusTime":1703628069547,"time":"2023-12-26T23:45:50.358Z","iobWithZeroTemp":{"iob":-0.488,"basaliob":-0.867,"bolussnooze":0,"activity":-0.0015,"lastBolusTime":1703628069547,"time":"2023-12-26T23:45:50.358Z"}},{"iob":0.183,"basaliob":-0.168,"bolussnooze":0,"activity":0.003,"lastBolusTime":1703628069547,"time":"2023-12-26T23:50:50.358Z","iobWithZeroTemp":{"iob":-0.529,"basaliob":-0.88,"bolussnooze":0,"activity":-0.002,"lastBolusTime":1703628069547,"time":"2023-12-26T23:50:50.358Z"}},{"iob":0.168,"basaliob":-0.156,"bolussnooze":0,"activity":0.0028,"lastBolusTime":1703628069547,"time":"2023-12-26T23:55:50.358Z","iobWithZeroTemp":{"iob":-0.569,"basaliob":-0.893,"bolussnooze":0,"activity":-0.0025,"lastBolusTime":1703628069547,"time":"2023-12-26T23:55:50.358Z"}},{"iob":0.155,"basaliob":-0.145,"bolussnooze":0,"activity":0.0026,"lastBolusTime":1703628069547,"time":"2023-12-27T00:00:50.358Z","iobWithZeroTemp":{"iob":-0.604,"basaliob":-0.904,"bolussnooze":0,"activity":-0.003,"lastBolusTime":1703628069547,"time":"2023-12-27T00:00:50.358Z"}},{"iob":0.143,"basaliob":-0.134,"bolussnooze":0,"activity":0.0024,"lastBolusTime":1703628069547,"time":"2023-12-27T00:05:50.358Z","iobWithZeroTemp":{"iob":-0.638,"basaliob":-0.915,"bolussnooze":0,"activity":-0.0035,"lastBolusTime":1703628069547,"time":"2023-12-27T00:05:50.358Z"}},{"iob":0.13,"basaliob":-0.125,"bolussnooze":0,"activity":0.0022,"lastBolusTime":1703628069547,"time":"2023-12-27T00:10:50.358Z","iobWithZeroTemp":{"iob":-0.671,"basaliob":-0.926,"bolussnooze":0,"activity":-0.0039,"lastBolusTime":1703628069547,"time":"2023-12-27T00:10:50.358Z"}},{"iob":0.12,"basaliob":-0.116,"bolussnooze":0,"activity":0.002,"lastBolusTime":1703628069547,"time":"2023-12-27T00:15:50.358Z","iobWithZeroTemp":{"iob":-0.7,"basaliob":-0.936,"bolussnooze":0,"activity":-0.0044,"lastBolusTime":1703628069547,"time":"2023-12-27T00:15:50.358Z"}},{"iob":0.11,"basaliob":-0.107,"bolussnooze":0,"activity":0.002,"lastBolusTime":1703628069547,"time":"2023-12-27T00:20:50.358Z","iobWithZeroTemp":{"iob":-0.727,"basaliob":-0.944,"bolussnooze":0,"activity":-0.0046,"lastBolusTime":1703628069547,"time":"2023-12-27T00:20:50.358Z"}},{"iob":0.101,"basaliob":-0.099,"bolussnooze":0,"activity":0.0018,"lastBolusTime":1703628069547,"time":"2023-12-27T00:25:50.358Z","iobWithZeroTemp":{"iob":-0.752,"basaliob":-0.952,"bolussnooze":0,"activity":-0.005,"lastBolusTime":1703628069547,"time":"2023-12-27T00:25:50.358Z"}},{"iob":0.092,"basaliob":-0.092,"bolussnooze":0,"activity":0.0017,"lastBolusTime":1703628069547,"time":"2023-12-27T00:30:50.358Z","iobWithZeroTemp":{"iob":-0.777,"basaliob":-0.961,"bolussnooze":0,"activity":-0.0053,"lastBolusTime":1703628069547,"time":"2023-12-27T00:30:50.358Z"}},{"iob":0.084,"basaliob":-0.085,"bolussnooze":0,"activity":0.0016,"lastBolusTime":1703628069547,"time":"2023-12-27T00:35:50.358Z","iobWithZeroTemp":{"iob":-0.799,"basaliob":-0.968,"bolussnooze":0,"activity":-0.0056,"lastBolusTime":1703628069547,"time":"2023-12-27T00:35:50.358Z"}},{"iob":0.077,"basaliob":-0.078,"bolussnooze":0,"activity":0.0014,"lastBolusTime":1703628069547,"time":"2023-12-27T00:40:50.358Z","iobWithZeroTemp":{"iob":-0.819,"basaliob":-0.974,"bolussnooze":0,"activity":-0.006,"lastBolusTime":1703628069547,"time":"2023-12-27T00:40:50.358Z"}},{"iob":0.071,"basaliob":-0.072,"bolussnooze":0,"activity":0.0012,"lastBolusTime":1703628069547,"time":"2023-12-27T00:45:50.358Z","iobWithZeroTemp":{"iob":-0.838,"basaliob":-0.981,"bolussnooze":0,"activity":-0.0064,"lastBolusTime":1703628069547,"time":"2023-12-27T00:45:50.358Z"}},{"iob":0.064,"basaliob":-0.067,"bolussnooze":0,"activity":0.0012,"lastBolusTime":1703628069547,"time":"2023-12-27T00:50:50.358Z","iobWithZeroTemp":{"iob":-0.856,"basaliob":-0.987,"bolussnooze":0,"activity":-0.0066,"lastBolusTime":1703628069547,"time":"2023-12-27T00:50:50.358Z"}},{"iob":0.058,"basaliob":-0.062,"bolussnooze":0,"activity":0.0011,"lastBolusTime":1703628069547,"time":"2023-12-27T00:55:50.358Z","iobWithZeroTemp":{"iob":-0.873,"basaliob":-0.993,"bolussnooze":0,"activity":-0.0068,"lastBolusTime":1703628069547,"time":"2023-12-27T00:55:50.358Z"}},{"iob":0.053,"basaliob":-0.057,"bolussnooze":0,"activity":0.001,"lastBolusTime":1703628069547,"time":"2023-12-27T01:00:50.358Z","iobWithZeroTemp":{"iob":-0.888,"basaliob":-0.998,"bolussnooze":0,"activity":-0.0071,"lastBolusTime":1703628069547,"time":"2023-12-27T01:00:50.358Z"}},{"iob":0.049,"basaliob":-0.052,"bolussnooze":0,"activity":9.0E-4,"lastBolusTime":1703628069547,"time":"2023-12-27T01:05:50.358Z","iobWithZeroTemp":{"iob":-0.885,"basaliob":-0.986,"bolussnooze":0,"activity":-0.0073,"lastBolusTime":1703628069547,"time":"2023-12-27T01:05:50.358Z"}},{"iob":0.044,"basaliob":-0.048,"bolussnooze":0,"activity":8.0E-4,"lastBolusTime":1703628069547,"time":"2023-12-27T01:10:50.358Z","iobWithZeroTemp":{"iob":-0.882,"basaliob":-0.974,"bolussnooze":0,"activity":-0.0075,"lastBolusTime":1703628069547,"time":"2023-12-27T01:10:50.358Z"}},{"iob":0.04,"basaliob":-0.044,"bolussnooze":0,"activity":8.0E-4,"lastBolusTime":1703628069547,"time":"2023-12-27T01:15:50.358Z","iobWithZeroTemp":{"iob":-0.878,"basaliob":-0.962,"bolussnooze":0,"activity":-0.0076,"lastBolusTime":1703628069547,"time":"2023-12-27T01:15:50.358Z"}},{"iob":0.037,"basaliob":-0.04,"bolussnooze":0,"activity":7.0E-4,"lastBolusTime":1703628069547,"time":"2023-12-27T01:20:50.358Z","iobWithZeroTemp":{"iob":-0.872,"basaliob":-0.949,"bolussnooze":0,"activity":-0.0077,"lastBolusTime":1703628069547,"time":"2023-12-27T01:20:50.358Z"}},{"iob":0.033,"basaliob":-0.037,"bolussnooze":0,"activity":7.0E-4,"lastBolusTime":1703628069547,"time":"2023-12-27T01:25:50.358Z","iobWithZeroTemp":{"iob":-0.868,"basaliob":-0.938,"bolussnooze":0,"activity":-0.0077,"lastBolusTime":1703628069547,"time":"2023-12-27T01:25:50.358Z"}},{"iob":0.03,"basaliob":-0.034,"bolussnooze":0,"activity":6.0E-4,"lastBolusTime":1703628069547,"time":"2023-12-27T01:30:50.358Z","iobWithZeroTemp":{"iob":-0.862,"basaliob":-0.926,"bolussnooze":0,"activity":-0.0078,"lastBolusTime":1703628069547,"time":"2023-12-27T01:30:50.358Z"}},{"iob":0.027,"basaliob":-0.031,"bolussnooze":0,"activity":6.0E-4,"lastBolusTime":1703628069547,"time":"2023-12-27T01:35:50.358Z","iobWithZeroTemp":{"iob":-0.856,"basaliob":-0.914,"bolussnooze":0,"activity":-0.0078,"lastBolusTime":1703628069547,"time":"2023-12-27T01:35:50.358Z"}},{"iob":0.024,"basaliob":-0.029,"bolussnooze":0,"activity":5.0E-4,"lastBolusTime":1703628069547,"time":"2023-12-27T01:40:50.358Z","iobWithZeroTemp":{"iob":-0.85,"basaliob":-0.903,"bolussnooze":0,"activity":-0.0079,"lastBolusTime":1703628069547,"time":"2023-12-27T01:40:50.358Z"}},{"iob":0.022,"basaliob":-0.026,"bolussnooze":0,"activity":4.0E-4,"lastBolusTime":1703628069547,"time":"2023-12-27T01:45:50.358Z","iobWithZeroTemp":{"iob":-0.844,"basaliob":-0.892,"bolussnooze":0,"activity":-0.008,"lastBolusTime":1703628069547,"time":"2023-12-27T01:45:50.358Z"}},{"iob":0.02,"basaliob":-0.024,"bolussnooze":0,"activity":4.0E-4,"lastBolusTime":1703628069547,"time":"2023-12-27T01:50:50.358Z","iobWithZeroTemp":{"iob":-0.837,"basaliob":-0.881,"bolussnooze":0,"activity":-0.0079,"lastBolusTime":1703628069547,"time":"2023-12-27T01:50:50.358Z"}},{"iob":0.018,"basaliob":-0.022,"bolussnooze":0,"activity":4.0E-4,"lastBolusTime":1703628069547,"time":"2023-12-27T01:55:50.358Z","iobWithZeroTemp":{"iob":-0.831,"basaliob":-0.871,"bolussnooze":0,"activity":-0.0079,"lastBolusTime":1703628069547,"time":"2023-12-27T01:55:50.358Z"}},{"iob":0.016,"basaliob":-0.02,"bolussnooze":0,"activity":3.0E-4,"lastBolusTime":1703628069547,"time":"2023-12-27T02:00:50.358Z","iobWithZeroTemp":{"iob":-0.825,"basaliob":-0.861,"bolussnooze":0,"activity":-0.0079,"lastBolusTime":1703628069547,"time":"2023-12-27T02:00:50.358Z"}},{"iob":0.015,"basaliob":-0.018,"bolussnooze":0,"activity":3.0E-4,"lastBolusTime":1703628069547,"time":"2023-12-27T02:05:50.358Z","iobWithZeroTemp":{"iob":-0.819,"basaliob":-0.852,"bolussnooze":0,"activity":-0.0079,"lastBolusTime":1703628069547,"time":"2023-12-27T02:05:50.358Z"}},{"iob":0.013,"basaliob":-0.017,"bolussnooze":0,"activity":3.0E-4,"lastBolusTime":1703628069547,"time":"2023-12-27T02:10:50.358Z","iobWithZeroTemp":{"iob":-0.813,"basaliob":-0.843,"bolussnooze":0,"activity":-0.0078,"lastBolusTime":1703628069547,"time":"2023-12-27T02:10:50.358Z"}},{"iob":0.012,"basaliob":-0.015,"bolussnooze":0,"activity":2.0E-4,"lastBolusTime":1703628069547,"time":"2023-12-27T02:15:50.358Z","iobWithZeroTemp":{"iob":-0.807,"basaliob":-0.834,"bolussnooze":0,"activity":-0.0079,"lastBolusTime":1703628069547,"time":"2023-12-27T02:15:50.358Z"}},{"iob":0.01,"basaliob":-0.014,"bolussnooze":0,"activity":2.0E-4,"lastBolusTime":1703628069547,"time":"2023-12-27T02:20:50.358Z","iobWithZeroTemp":{"iob":-0.802,"basaliob":-0.826,"bolussnooze":0,"activity":-0.0078,"lastBolusTime":1703628069547,"time":"2023-12-27T02:20:50.358Z"}}],"profile":{"max_iob":10,"type":"current","max_daily_basal":0.7,"max_basal":2.1,"min_bg":100,"max_bg":100,"target_bg":100,"carb_ratio":5.5,"sens":60,"max_daily_safety_multiplier":3,"current_basal_safety_multiplier":4,"high_temptarget_raises_sensitivity":false,"low_temptarget_lowers_sensitivity":false,"sensitivity_raises_target":true,"resistance_lowers_target":true,"adv_target_adjustments":false,"exercise_mode":false,"half_basal_exercise_target":160,"maxCOB":120,"skip_neutral_temps":false,"remainingCarbsCap":90,"enableUAM":true,"A52_risk_enable":false,"SMBInterval":4,"enableSMB_with_COB":true,"enableSMB_with_temptarget":true,"allowSMB_with_high_temptarget":false,"enableSMB_always":true,"enableSMB_after_carbs":true,"maxSMBBasalMinutes":45,"maxUAMSMBBasalMinutes":120,"bolus_increment":0.05,"carbsReqThreshold":5,"current_basal":0.7,"temptargetSet":false,"autosens_max":1.3},"autosens_data":{"ratio":1},"meal_data":{"carbs":40,"mealCOB":1.5629624183006559,"slopeFromMaxDeviation":-0.7619999999999999,"slopeFromMinDeviation":0.5170000000000001,"lastBolusTime":1703628069547,"lastCarbTime":1703615283000},"microBolusAllowed":true,"currentTime":1703629552762,"flatBGsDetected":false},"output":{"temp":"absolute","bg":122,"tick":"+2","eventualBG":104,"targetBG":100,"insulinReq":0.03,"deliverAt":"2023-12-26T22:25:52.762Z","sensitivityRatio":1,"predBGs":{"IOB":[122,123,123,123,124,124,123,123,122,122,121,120,118,117,116,115,113,113,112,111,110,109,109,108,107,107,106,106,105,105,105,104,104,104,104,103,103,103,103,103,102],"ZT":[122,119,117,114,112,110,108,107,105,104,103,103,102,102,102,102,102,103,103],"COB":[122,123,123,123,123,122,121,120,119,118,116,114,113,112,111,109,108,107,107,106,105,104,104,103,102,102,101,101,100,100,100,99,99,99,99,98,98,98,98,97],"UAM":[122,122,122,121,119,117,115,113,111,109,108,106,105,104,102,101,100,99,98,98,97,96,95,95,94,94,93,93,92,92,92,91,91,91,90,90,90,90,90,89]},"COB":1.5629624183006559,"IOB":0.665,"reason":"COB: 1.6, Dev: 22, BGI: -3, ISF: 60, CR: 5.5, Target: 100, minPredBG 102, minGuardBG 89, IOBpredBG 102, COBpredBG 97, UAMpredBG 89; Eventual BG 104 >= 100,  insulinReq 0.03. temp 0.50 < 0.76U\/hr. ","duration":30,"rate":0.76,"timestamp":"2023-12-26T22:25:52.795Z"}}