{"algorithm":"OpenAPSSMBPlugin","input":{"glucoseStatus":{"glucose":166,"noise":0,"delta":2,"short_avgdelta":4.35,"long_avgdelta":7.44,"date":1703597728580},"currenttemp":{"temp":"absolute","duration":20,"rate":0,"minutesrunning":10},"iob_data":[{"iob":2.969,"basaliob":-0.659,"bolussnooze":0.1823,"activity":0.0266,"lastBolusTime":1703597464986,"time":"2023-12-26T13:36:24.367Z","iobWithZeroTemp":{"iob":2.969,"basaliob":-0.659,"bolussnooze":0.1823,"activity":0.0266,"lastBolusTime":1703597464986,"time":"2023-12-26T13:36:24.367Z"}},{"iob":2.836,"basaliob":-0.633,"bolussnooze":0.1539,"activity":0.0267,"lastBolusTime":1703597464986,"time":"2023-12-26T13:41:24.367Z","iobWithZeroTemp":{"iob":2.791,"basaliob":-0.678,"bolussnooze":0.1539,"activity":0.0267,"lastBolusTime":1703597464986,"time":"2023-12-26T13:41:24.367Z"}},{"iob":2.702,"basaliob":-0.607,"bolussnooze":0.1295,"activity":0.0266,"lastBolusTime":1703597464986,"time":"2023-12-26T13:46:24.367Z","iobWithZeroTemp":{"iob":2.601,"basaliob":-0.708,"bolussnooze":0.1295,"activity":0.0265,"lastBolusTime":1703597464986,"time":"2023-12-26T13:46:24.367Z"}},{"iob":2.569,"basaliob":-0.58,"bolussnooze":0.1087,"activity":0.0264,"lastBolusTime":1703597464986,"time":"2023-12-26T13:51:24.367Z","iobWithZeroTemp":{"iob":2.413,"basaliob":-0.736,"bolussnooze":0.1087,"activity":0.0261,"lastBolusTime":1703597464986,"time":"2023-12-26T13:51:24.367Z"}},{"iob":2.438,"basaliob":-0.553,"bolussnooze":0.091,"activity":0.0259,"lastBolusTime":1703597464986,"time":"2023-12-26T13:56:24.367Z","iobWithZeroTemp":{"iob":2.228,"basaliob":-0.763,"bolussnooze":0.091,"activity":0.0254,"lastBolusTime":1703597464986,"time":"2023-12-26T13:56:24.367Z"}},{"iob":2.31,"basaliob":-0.526,"bolussnooze":0.0759,"activity":0.0254,"lastBolusTime":1703597464986,"time":"2023-12-26T14:01:24.367Z","iobWithZeroTemp":{"iob":2.047,"basaliob":-0.789,"bolussnooze":0.0759,"activity":0.0246,"lastBolusTime":1703597464986,"time":"2023-12-26T14:01:24.367Z"}},{"iob":2.185,"basaliob":-0.499,"bolussnooze":0.0631,"activity":0.0246,"lastBolusTime":1703597464986,"time":"2023-12-26T14:06:24.367Z","iobWithZeroTemp":{"iob":1.871,"basaliob":-0.813,"bolussnooze":0.0631,"activity":0.0235,"lastBolusTime":1703597464986,"time":"2023-12-26T14:06:24.367Z"}},{"iob":2.064,"basaliob":-0.473,"bolussnooze":0.0522,"activity":0.0239,"lastBolusTime":1703597464986,"time":"2023-12-26T14:11:24.367Z","iobWithZeroTemp":{"iob":1.7,"basaliob":-0.837,"bolussnooze":0.0522,"activity":0.0224,"lastBolusTime":1703597464986,"time":"2023-12-26T14:11:24.367Z"}},{"iob":1.946,"basaliob":-0.448,"bolussnooze":0.0431,"activity":0.0231,"lastBolusTime":1703597464986,"time":"2023-12-26T14:16:24.367Z","iobWithZeroTemp":{"iob":1.534,"basaliob":-0.86,"bolussnooze":0.0431,"activity":0.0213,"lastBolusTime":1703597464986,"time":"2023-12-26T14:16:24.367Z"}},{"iob":1.832,"basaliob":-0.423,"bolussnooze":0.0354,"activity":0.0222,"lastBolusTime":1703597464986,"time":"2023-12-26T14:21:24.367Z","iobWithZeroTemp":{"iob":1.374,"basaliob":-0.881,"bolussnooze":0.0354,"activity":0.02,"lastBolusTime":1703597464986,"time":"2023-12-26T14:21:24.367Z"}},{"iob":1.723,"basaliob":-0.399,"bolussnooze":0.029,"activity":0.0214,"lastBolusTime":1703597464986,"time":"2023-12-26T14:26:24.367Z","iobWithZeroTemp":{"iob":1.22,"basaliob":-0.902,"bolussnooze":0.029,"activity":0.0188,"lastBolusTime":1703597464986,"time":"2023-12-26T14:26:24.367Z"}},{"iob":1.619,"basaliob":-0.376,"bolussnooze":0.0236,"activity":0.0205,"lastBolusTime":1703597464986,"time":"2023-12-26T14:31:24.367Z","iobWithZeroTemp":{"iob":1.074,"basaliob":-0.921,"bolussnooze":0.0236,"activity":0.0175,"lastBolusTime":1703597464986,"time":"2023-12-26T14:31:24.367Z"}},{"iob":1.518,"basaliob":-0.354,"bolussnooze":0.0191,"activity":0.0195,"lastBolusTime":1703597464986,"time":"2023-12-26T14:36:24.367Z","iobWithZeroTemp":{"iob":0.933,"basaliob":-0.939,"bolussnooze":0.0191,"activity":0.0161,"lastBolusTime":1703597464986,"time":"2023-12-26T14:36:24.367Z"}},{"iob":1.424,"basaliob":-0.332,"bolussnooze":0.0154,"activity":0.0186,"lastBolusTime":1703597464986,"time":"2023-12-26T14:41:24.367Z","iobWithZeroTemp":{"iob":0.8,"basaliob":-0.956,"bolussnooze":0.0154,"activity":0.0149,"lastBolusTime":1703597464986,"time":"2023-12-26T14:41:24.367Z"}},{"iob":1.332,"basaliob":-0.312,"bolussnooze":0.0124,"activity":0.0177,"lastBolusTime":1703597464986,"time":"2023-12-26T14:46:24.367Z","iobWithZeroTemp":{"iob":0.672,"basaliob":-0.972,"bolussnooze":0.0124,"activity":0.0136,"lastBolusTime":1703597464986,"time":"2023-12-26T14:46:24.367Z"}},{"iob":1.246,"basaliob":-0.292,"bolussnooze":0.0098,"activity":0.0168,"lastBolusTime":1703597464986,"time":"2023-12-26T14:51:24.367Z","iobWithZeroTemp":{"iob":0.551,"basaliob":-0.987,"bolussnooze":0.0098,"activity":0.0123,"lastBolusTime":1703597464986,"time":"2023-12-26T14:51:24.367Z"}},{"iob":1.164,"basaliob":-0.274,"bolussnooze":0.0078,"activity":0.016,"lastBolusTime":1703597464986,"time":"2023-12-26T14:56:24.367Z","iobWithZeroTemp":{"iob":0.436,"basaliob":-1.002,"bolussnooze":0.0078,"activity":0.0111,"lastBolusTime":1703597464986,"time":"2023-12-26T14:56:24.367Z"}},{"iob":1.087,"basaliob":-0.256,"bolussnooze":0.0061,"activity":0.0151,"lastBolusTime":1703597464986,"time":"2023-12-26T15:01:24.367Z","iobWithZeroTemp":{"iob":0.328,"basaliob":-1.015,"bolussnooze":0.0061,"activity":0.0099,"lastBolusTime":1703597464986,"time":"2023-12-26T15:01:24.367Z"}},{"iob":1.014,"basaliob":-0.239,"bolussnooze":0.0047,"activity":0.0142,"lastBolusTime":1703597464986,"time":"2023-12-26T15:06:24.367Z","iobWithZeroTemp":{"iob":0.225,"basaliob":-1.028,"bolussnooze":0.0047,"activity":0.0086,"lastBolusTime":1703597464986,"time":"2023-12-26T15:06:24.367Z"}},{"iob":0.944,"basaliob":-0.223,"bolussnooze":0.0036,"activity":0.0134,"lastBolusTime":1703597464986,"time":"2023-12-26T15:11:24.367Z","iobWithZeroTemp":{"iob":0.128,"basaliob":-1.039,"bolussnooze":0.0036,"activity":0.0075,"lastBolusTime":1703597464986,"time":"2023-12-26T15:11:24.367Z"}},{"iob":0.879,"basaliob":-0.208,"bolussnooze":0.0027,"activity":0.0127,"lastBolusTime":1703597464986,"time":"2023-12-26T15:16:24.367Z","iobWithZeroTemp":{"iob":0.037,"basaliob":-1.05,"bolussnooze":0.0027,"activity":0.0065,"lastBolusTime":1703597464986,"time":"2023-12-26T15:16:24.367Z"}},{"iob":0.818,"basaliob":-0.194,"bolussnooze":0.002,"activity":0.0119,"lastBolusTime":1703597464986,"time":"2023-12-26T15:21:24.367Z","iobWithZeroTemp":{"iob":-0.049,"basaliob":-1.061,"bolussnooze":0.002,"activity":0.0054,"lastBolusTime":1703597464986,"time":"2023-12-26T15:21:24.367Z"}},{"iob":0.759,"basaliob":-0.181,"bolussnooze":0.0015,"activity":0.0112,"lastBolusTime":1703597464986,"time":"2023-12-26T15:26:24.367Z","iobWithZeroTemp":{"iob":-0.131,"basaliob":-1.071,"bolussnooze":0.0015,"activity":0.0044,"lastBolusTime":1703597464986,"time":"2023-12-26T15:26:24.367Z"}},{"iob":0.706,"basaliob":-0.168,"bolussnooze":0.001,"activity":0.0106,"lastBolusTime":1703597464986,"time":"2023-12-26T15:31:24.367Z","iobWithZeroTemp":{"iob":-0.205,"basaliob":-1.079,"bolussnooze":0.001,"activity":0.0035,"lastBolusTime":1703597464986,"time":"2023-12-26T15:31:24.367Z"}},{"iob":0.655,"basaliob":-0.156,"bolussnooze":7.0E-4,"activity":0.0098,"lastBolusTime":1703597464986,"time":"2023-12-26T15:36:24.367Z","iobWithZeroTemp":{"iob":-0.277,"basaliob":-1.088,"bolussnooze":7.0E-4,"activity":0.0025,"lastBolusTime":1703597464986,"time":"2023-12-26T15:36:24.367Z"}},{"iob":0.607,"basaliob":-0.145,"bolussnooze":5.0E-4,"activity":0.0092,"lastBolusTime":1703597464986,"time":"2023-12-26T15:41:24.367Z","iobWithZeroTemp":{"iob":-0.344,"basaliob":-1.096,"bolussnooze":5.0E-4,"activity":0.0016,"lastBolusTime":1703597464986,"time":"2023-12-26T15:41:24.367Z"}},{"iob":0.562,"basaliob":-0.135,"bolussnooze":3.0E-4,"activity":0.0087,"lastBolusTime":1703597464986,"time":"2023-12-26T15:46:24.367Z","iobWithZeroTemp":{"iob":-0.406,"basaliob":-1.103,"bolussnooze":3.0E-4,"activity":9.0E-4,"lastBolusTime":1703597464986,"time":"2023-12-26T15:46:24.367Z"}},{"iob":0.52,"basaliob":-0.125,"bolussnooze":2.0E-4,"activity":0.0081,"lastBolusTime":1703597464986,"time":"2023-12-26T15:51:24.367Z","iobWithZeroTemp":{"iob":-0.465,"basaliob":-1.11,"bolussnooze":2.0E-4,"activity":0,"lastBolusTime":1703597464986,"time":"2023-12-26T15:51:24.367Z"}},{"iob":0.481,"basaliob":-0.116,"bolussnooze":1.0E-4,"activity":0.0075,"lastBolusTime":1703597464986,"time":"2023-12-26T15:56:24.367Z","iobWithZeroTemp":{"iob":-0.519,"basaliob":-1.116,"bolussnooze":1.0E-4,"activity":-8.0E-4,"lastBolusTime":1703597464986,"time":"2023-12-26T15:56:24.367Z"}},{"iob":0.445,"basaliob":-0.107,"bolussnooze":0,"activity":0.007,"lastBolusTime":1703597464986,"time":"2023-12-26T16:01:24.367Z","iobWithZeroTemp":{"iob":-0.57,"basaliob":-1.122,"bolussnooze":0,"activity":-0.0015,"lastBolusTime":1703597464986,"time":"2023-12-26T16:01:24.367Z"}},{"iob":0.411,"basaliob":-0.099,"bolussnooze":0,"activity":0.0066,"lastBolusTime":1703597464986,"time":"2023-12-26T16:06:24.367Z","iobWithZeroTemp":{"iob":-0.617,"basaliob":-1.127,"bolussnooze":0,"activity":-0.0021,"lastBolusTime":1703597464986,"time":"2023-12-26T16:06:24.367Z"}},{"iob":0.379,"basaliob":-0.092,"bolussnooze":0,"activity":0.0061,"lastBolusTime":1703597464986,"time":"2023-12-26T16:11:24.367Z","iobWithZeroTemp":{"iob":-0.662,"basaliob":-1.133,"bolussnooze":0,"activity":-0.0027,"lastBolusTime":1703597464986,"time":"2023-12-26T16:11:24.367Z"}},{"iob":0.35,"basaliob":-0.085,"bolussnooze":0,"activity":0.0057,"lastBolusTime":1703597464986,"time":"2023-12-26T16:16:24.367Z","iobWithZeroTemp":{"iob":-0.702,"basaliob":-1.137,"bolussnooze":0,"activity":-0.0033,"lastBolusTime":1703597464986,"time":"2023-12-26T16:16:24.367Z"}},{"iob":0.323,"basaliob":-0.078,"bolussnooze":0,"activity":0.0052,"lastBolusTime":1703597464986,"time":"2023-12-26T16:21:24.367Z","iobWithZeroTemp":{"iob":-0.74,"basaliob":-1.141,"bolussnooze":0,"activity":-0.004,"lastBolusTime":1703597464986,"time":"2023-12-26T16:21:24.367Z"}},{"iob":0.297,"basaliob":-0.072,"bolussnooze":0,"activity":0.0049,"lastBolusTime":1703597464986,"time":"2023-12-26T16:26:24.367Z","iobWithZeroTemp":{"iob":-0.776,"basaliob":-1.145,"bolussnooze":0,"activity":-0.0044,"lastBolusTime":1703597464986,"time":"2023-12-26T16:26:24.367Z"}},{"iob":0.273,"basaliob":-0.067,"bolussnooze":0,"activity":0.0045,"lastBolusTime":1703597464986,"time":"2023-12-26T16:31:24.367Z","iobWithZeroTemp":{"iob":-0.81,"basaliob":-1.15,"bolussnooze":0,"activity":-0.005,"lastBolusTime":1703597464986,"time":"2023-12-26T16:31:24.367Z"}},{"iob":0.252,"basaliob":-0.061,"bolussnooze":0,"activity":0.0042,"lastBolusTime":1703597464986,"time":"2023-12-26T16:36:24.367Z","iobWithZeroTemp":{"iob":-0.839,"basaliob":-1.152,"bolussnooze":0,"activity":-0.0054,"lastBolusTime":1703597464986,"time":"2023-12-26T16:36:24.367Z"}},{"iob":0.231,"basaliob":-0.057,"bolussnooze":0,"activity":0.004,"lastBolusTime":1703597464986,"time":"2023-12-26T16:41:24.367Z","iobWithZeroTemp":{"iob":-0.868,"basaliob":-1.156,"bolussnooze":0,"activity":-0.0057,"lastBolusTime":1703597464986,"time":"2023-12-26T16:41:24.367Z"}},{"iob":0.213,"basaliob":-0.052,"bolussnooze":0,"activity":0.0036,"lastBolusTime":1703597464986,"time":"2023-12-26T16:46:24.367Z","iobWithZeroTemp":{"iob":-0.894,"basaliob":-1.159,"bolussnooze":0,"activity":-0.0062,"lastBolusTime":1703597464986,"time":"2023-12-26T16:46:24.367Z"}},{"iob":0.195,"basaliob":-0.048,"bolussnooze":0,"activity":0.0034,"lastBolusTime":1703597464986,"time":"2023-12-26T16:51:24.367Z","iobWithZeroTemp":{"iob":-0.918,"basaliob":-1.161,"bolussnooze":0,"activity":-0.0065,"lastBolusTime":1703597464986,"time":"2023-12-26T16:51:24.367Z"}},{"iob":0.179,"basaliob":-0.044,"bolussnooze":0,"activity":0.0032,"lastBolusTime":1703597464986,"time":"2023-12-26T16:56:24.367Z","iobWithZeroTemp":{"iob":-0.941,"basaliob":-1.164,"bolussnooze":0,"activity":-0.0068,"lastBolusTime":1703597464986,"time":"2023-12-26T16:56:24.367Z"}},{"iob":0.164,"basaliob":-0.04,"bolussnooze":0,"activity":0.0029,"lastBolusTime":1703597464986,"time":"2023-12-26T17:01:24.367Z","iobWithZeroTemp":{"iob":-0.962,"basaliob":-1.166,"bolussnooze":0,"activity":-0.0072,"lastBolusTime":1703597464986,"time":"2023-12-26T17:01:24.367Z"}},{"iob":0.15,"basaliob":-0.037,"bolussnooze":0,"activity":0.0027,"lastBolusTime":1703597464986,"time":"2023-12-26T17:06:24.367Z","iobWithZeroTemp":{"iob":-0.962,"basaliob":-1.149,"bolussnooze":0,"activity":-0.0075,"lastBolusTime":1703597464986,"time":"2023-12-26T17:06:24.367Z"}},{"iob":0.137,"basaliob":-0.034,"bolussnooze":0,"activity":0.0024,"lastBolusTime":1703597464986,"time":"2023-12-26T17:11:24.367Z","iobWithZeroTemp":{"iob":-0.962,"basaliob":-1.133,"bolussnooze":0,"activity":-0.0078,"lastBolusTime":1703597464986,"time":"2023-12-26T17:11:24.367Z"}},{"iob":0.126,"basaliob":-0.031,"bolussnooze":0,"activity":0.0023,"lastBolusTime":1703597464986,"time":"2023-12-26T17:16:24.367Z","iobWithZeroTemp":{"iob":-0.959,"basaliob":-1.116,"bolussnooze":0,"activity":-0.008,"lastBolusTime":1703597464986,"time":"2023-12-26T17:16:24.367Z"}},{"iob":0.115,"basaliob":-0.028,"bolussnooze":0,"activity":0.0021,"lastBolusTime":1703597464986,"time":"2023-12-26T17:21:24.367Z","iobWithZeroTemp":{"iob":-0.957,"basaliob":-1.1,"bolussnooze":0,"activity":-0.0081,"lastBolusTime":1703597464986,"time":"2023-12-26T17:21:24.367Z"}},{"iob":0.105,"basaliob":-0.026,"bolussnooze":0,"activity":0.0019,"lastBolusTime":1703597464986,"time":"2023-12-26T17:26:24.367Z","iobWithZeroTemp":{"iob":-0.953,"basaliob":-1.084,"bolussnooze":0,"activity":-0.0083,"lastBolusTime":1703597464986,"time":"2023-12-26T17:26:24.367Z"}},{"iob":0.095,"basaliob":-0.024,"bolussnooze":0,"activity":0.0018,"lastBolusTime":1703597464986,"time":"2023-12-26T17:31:24.367Z","iobWithZeroTemp":{"iob":-0.95,"basaliob":-1.069,"bolussnooze":0,"activity":-0.0084,"lastBolusTime":1703597464986,"time":"2023-12-26T17:31:24.367Z"}}],"profile":{"max_iob":10,"type":"current","max_daily_basal":1.0499999999999998,"max_basal":2.7,"min_bg":100,"max_bg":100,"target_bg":100,"carb_ratio":5.666666666666666,"sens":56.666666666666664,"max_daily_safety_multiplier":3,"current_basal_safety_multiplier":4,"high_temptarget_raises_sensitivity":false,"low_temptarget_lowers_sensitivity":false,"sensitivity_raises_target":true,"resistance_lowers_target":true,"adv_target_adjustments":false,"exercise_mode":false,"half_basal_exercise_target":160,"maxCOB":120,"skip_neutral_temps":false,"remainingCarbsCap":90,"enableUAM":true,"A52_risk_enable":false,"SMBInterval":4,"enableSMB_with_COB":true,"enableSMB_with_temptarget":true,"allowSMB_with_high_temptarget":false,"enableSMB_always":true,"enableSMB_after_carbs":true,"maxSMBBasalMinutes":45,"maxUAMSMBBasalMinutes":120,"bolus_increment":0.05,"carbsReqThreshold":5,"current_basal":0.7,"temptargetSet":false,"autosens_max":1.3},"autosens_data":{"ratio":1},"meal_data":{"carbs":85,"mealCOB":20.064916666666665,"slopeFromMaxDeviation":-4.722,"slopeFromMinDeviation":0.9288000000000001,"lastBolusTime":1703597464986,"lastCarbTime":1703592061000},"microBolusAllowed":true,"currentTime":1703597786381,"flatBGsDetected":false},"output":{"temp":"absolute","bg":166,"tick":"+2","eventualBG":196,"targetBG":100,"insulinReq":0,"deliverAt":"2023-12-26T13:36:26.381Z","sensitivityRatio":1,"predBGs":{"IOB":[166,167,168,167,166,164,162,159,155,151,146,141,135,130,124,119,115,110,106,102,98,94,91,88,85,82,79,77,75,72,70,69,67,65,64,62,61,60,59,58,57,56,55,54,54,53,52],"ZT":[166,158,151,143,136,129,122,115,109,103,97,92,87,82,78,74,71,68,65,62,60,58,57,56,55,54,53,53,53,53,54,54,55,56,57,58,60,61,63,65,67,69,71,73,75,77,80,82],"COB":[166,168,169,171,172,173,174,175,175,176,177,178,179,180,181,183,184,185,186,187,188,190,191,192,193,194,195,196,197,198,199,199,200,200,201,201,201,201,201,201,200,200,199,198,197,197,196],"UAM":[166,163,156,148,141,133,126,119,112,106,100,94,88,82,77,72,67,63,58,54,50,47,44,40,39]},"COB":20.064916666666665,"IOB":2.969,"reason":"COB: 20.1, Dev: 57, BGI: -8, ISF: 57, CR: 5.67, Target: 100, minPredBG 53, minGuardBG 43, IOBpredBG 52, COBpredBG 196, UAMpredBG 39; minGuardBG 43<70","duration":90,"rate":0,"timestamp":"2023-12-26T13:36:26.415Z"}}