{"algorithm":"OpenAPSSMBPlugin","input":{"glucoseStatus":{"glucose":84,"noise":0,"delta":-1.33,"short_avgdelta":-1.33,"long_avgdelta":-1.73,"date":1703615128760},"currenttemp":{"temp":"absolute","duration":0,"rate":0},"iob_data":[{"iob":-0.032,"basaliob":-0.321,"bolussnooze":0,"activity":0.0011,"lastBolusTime":1703610052139,"time":"2023-12-26T18:25:53.570Z","iobWithZeroTemp":{"iob":-0.032,"basaliob":-0.321,"bolussnooze":0,"activity":0.0011,"lastBolusTime":1703610052139,"time":"2023-12-26T18:25:53.570Z"}},{"iob":-0.037,"basaliob":-0.306,"bolussnooze":0,"activity":9.0E-4,"lastBolusTime":1703610052139,"time":"2023-12-26T18:30:53.570Z","iobWithZeroTemp":{"iob":-0.057,"basaliob":-0.326,"bolussnooze":0,"activity":9.0E-4,"lastBolusTime":1703610052139,"time":"2023-12-26T18:30:53.570Z"}},{"iob":-0.041,"basaliob":-0.291,"bolussnooze":0,"activity":7.0E-4,"lastBolusTime":1703610052139,"time":"2023-12-26T18:35:53.570Z","iobWithZeroTemp":{"iob":-0.086,"basaliob":-0.336,"bolussnooze":0,"activity":6.0E-4,"lastBolusTime":1703610052139,"time":"2023-12-26T18:35:53.570Z"}},{"iob":-0.044,"basaliob":-0.276,"bolussnooze":0,"activity":5.0E-4,"lastBolusTime":1703610052139,"time":"2023-12-26T18:40:53.570Z","iobWithZeroTemp":{"iob":-0.113,"basaliob":-0.345,"bolussnooze":0,"activity":4.0E-4,"lastBolusTime":1703610052139,"time":"2023-12-26T18:40:53.570Z"}},{"iob":-0.047,"basaliob":-0.262,"bolussnooze":0,"activity":3.0E-4,"lastBolusTime":1703610052139,"time":"2023-12-26T18:45:53.570Z","iobWithZeroTemp":{"iob":-0.14,"basaliob":-0.355,"bolussnooze":0,"activity":1.0E-4,"lastBolusTime":1703610052139,"time":"2023-12-26T18:45:53.570Z"}},{"iob":-0.048,"basaliob":-0.248,"bolussnooze":0,"activity":2.0E-4,"lastBolusTime":1703610052139,"time":"2023-12-26T18:50:53.570Z","iobWithZeroTemp":{"iob":-0.165,"basaliob":-0.365,"bolussnooze":0,"activity":-2.0E-4,"lastBolusTime":1703610052139,"time":"2023-12-26T18:50:53.570Z"}},{"iob":-0.049,"basaliob":-0.234,"bolussnooze":0,"activity":1.0E-4,"lastBolusTime":1703610052139,"time":"2023-12-26T18:55:53.570Z","iobWithZeroTemp":{"iob":-0.189,"basaliob":-0.374,"bolussnooze":0,"activity":-4.0E-4,"lastBolusTime":1703610052139,"time":"2023-12-26T18:55:53.570Z"}},{"iob":-0.05,"basaliob":-0.221,"bolussnooze":0,"activity":0,"lastBolusTime":1703610052139,"time":"2023-12-26T19:00:53.570Z","iobWithZeroTemp":{"iob":-0.212,"basaliob":-0.383,"bolussnooze":0,"activity":-7.0E-4,"lastBolusTime":1703610052139,"time":"2023-12-26T19:00:53.570Z"}},{"iob":-0.049,"basaliob":-0.208,"bolussnooze":0,"activity":0,"lastBolusTime":1703610052139,"time":"2023-12-26T19:05:53.570Z","iobWithZeroTemp":{"iob":-0.232,"basaliob":-0.391,"bolussnooze":0,"activity":-8.0E-4,"lastBolusTime":1703610052139,"time":"2023-12-26T19:05:53.570Z"}},{"iob":-0.048,"basaliob":-0.195,"bolussnooze":0,"activity":-1.0E-4,"lastBolusTime":1703610052139,"time":"2023-12-26T19:10:53.570Z","iobWithZeroTemp":{"iob":-0.252,"basaliob":-0.399,"bolussnooze":0,"activity":-0.0011,"lastBolusTime":1703610052139,"time":"2023-12-26T19:10:53.570Z"}},{"iob":-0.047,"basaliob":-0.183,"bolussnooze":0,"activity":-1.0E-4,"lastBolusTime":1703610052139,"time":"2023-12-26T19:15:53.570Z","iobWithZeroTemp":{"iob":-0.27,"basaliob":-0.406,"bolussnooze":0,"activity":-0.0013,"lastBolusTime":1703610052139,"time":"2023-12-26T19:15:53.570Z"}},{"iob":-0.047,"basaliob":-0.172,"bolussnooze":0,"activity":-2.0E-4,"lastBolusTime":1703610052139,"time":"2023-12-26T19:20:53.570Z","iobWithZeroTemp":{"iob":-0.289,"basaliob":-0.414,"bolussnooze":0,"activity":-0.0015,"lastBolusTime":1703610052139,"time":"2023-12-26T19:20:53.570Z"}},{"iob":-0.046,"basaliob":-0.161,"bolussnooze":0,"activity":-2.0E-4,"lastBolusTime":1703610052139,"time":"2023-12-26T19:25:53.570Z","iobWithZeroTemp":{"iob":-0.306,"basaliob":-0.421,"bolussnooze":0,"activity":-0.0017,"lastBolusTime":1703610052139,"time":"2023-12-26T19:25:53.570Z"}},{"iob":-0.045,"basaliob":-0.151,"bolussnooze":0,"activity":-3.0E-4,"lastBolusTime":1703610052139,"time":"2023-12-26T19:30:53.570Z","iobWithZeroTemp":{"iob":-0.322,"basaliob":-0.428,"bolussnooze":0,"activity":-0.002,"lastBolusTime":1703610052139,"time":"2023-12-26T19:30:53.570Z"}},{"iob":-0.043,"basaliob":-0.141,"bolussnooze":0,"activity":-3.0E-4,"lastBolusTime":1703610052139,"time":"2023-12-26T19:35:53.570Z","iobWithZeroTemp":{"iob":-0.337,"basaliob":-0.435,"bolussnooze":0,"activity":-0.0021,"lastBolusTime":1703610052139,"time":"2023-12-26T19:35:53.570Z"}},{"iob":-0.042,"basaliob":-0.132,"bolussnooze":0,"activity":-3.0E-4,"lastBolusTime":1703610052139,"time":"2023-12-26T19:40:53.570Z","iobWithZeroTemp":{"iob":-0.351,"basaliob":-0.441,"bolussnooze":0,"activity":-0.0023,"lastBolusTime":1703610052139,"time":"2023-12-26T19:40:53.570Z"}},{"iob":-0.04,"basaliob":-0.123,"bolussnooze":0,"activity":-3.0E-4,"lastBolusTime":1703610052139,"time":"2023-12-26T19:45:53.570Z","iobWithZeroTemp":{"iob":-0.364,"basaliob":-0.447,"bolussnooze":0,"activity":-0.0025,"lastBolusTime":1703610052139,"time":"2023-12-26T19:45:53.570Z"}},{"iob":-0.039,"basaliob":-0.115,"bolussnooze":0,"activity":-3.0E-4,"lastBolusTime":1703610052139,"time":"2023-12-26T19:50:53.570Z","iobWithZeroTemp":{"iob":-0.376,"basaliob":-0.452,"bolussnooze":0,"activity":-0.0026,"lastBolusTime":1703610052139,"time":"2023-12-26T19:50:53.570Z"}},{"iob":-0.037,"basaliob":-0.107,"bolussnooze":0,"activity":-3.0E-4,"lastBolusTime":1703610052139,"time":"2023-12-26T19:55:53.570Z","iobWithZeroTemp":{"iob":-0.387,"basaliob":-0.457,"bolussnooze":0,"activity":-0.0028,"lastBolusTime":1703610052139,"time":"2023-12-26T19:55:53.570Z"}},{"iob":-0.034,"basaliob":-0.099,"bolussnooze":0,"activity":-3.0E-4,"lastBolusTime":1703610052139,"time":"2023-12-26T20:00:53.570Z","iobWithZeroTemp":{"iob":-0.397,"basaliob":-0.462,"bolussnooze":0,"activity":-0.0029,"lastBolusTime":1703610052139,"time":"2023-12-26T20:00:53.570Z"}},{"iob":-0.033,"basaliob":-0.092,"bolussnooze":0,"activity":-4.0E-4,"lastBolusTime":1703610052139,"time":"2023-12-26T20:05:53.570Z","iobWithZeroTemp":{"iob":-0.407,"basaliob":-0.466,"bolussnooze":0,"activity":-0.0032,"lastBolusTime":1703610052139,"time":"2023-12-26T20:05:53.570Z"}},{"iob":-0.032,"basaliob":-0.086,"bolussnooze":0,"activity":-4.0E-4,"lastBolusTime":1703610052139,"time":"2023-12-26T20:10:53.570Z","iobWithZeroTemp":{"iob":-0.417,"basaliob":-0.471,"bolussnooze":0,"activity":-0.0033,"lastBolusTime":1703610052139,"time":"2023-12-26T20:10:53.570Z"}},{"iob":-0.03,"basaliob":-0.08,"bolussnooze":0,"activity":-3.0E-4,"lastBolusTime":1703610052139,"time":"2023-12-26T20:15:53.570Z","iobWithZeroTemp":{"iob":-0.425,"basaliob":-0.475,"bolussnooze":0,"activity":-0.0033,"lastBolusTime":1703610052139,"time":"2023-12-26T20:15:53.570Z"}},{"iob":-0.028,"basaliob":-0.074,"bolussnooze":0,"activity":-3.0E-4,"lastBolusTime":1703610052139,"time":"2023-12-26T20:20:53.570Z","iobWithZeroTemp":{"iob":-0.433,"basaliob":-0.479,"bolussnooze":0,"activity":-0.0034,"lastBolusTime":1703610052139,"time":"2023-12-26T20:20:53.570Z"}},{"iob":-0.027,"basaliob":-0.069,"bolussnooze":0,"activity":-3.0E-4,"lastBolusTime":1703610052139,"time":"2023-12-26T20:25:53.570Z","iobWithZeroTemp":{"iob":-0.441,"basaliob":-0.483,"bolussnooze":0,"activity":-0.0036,"lastBolusTime":1703610052139,"time":"2023-12-26T20:25:53.570Z"}},{"iob":-0.026,"basaliob":-0.064,"bolussnooze":0,"activity":-3.0E-4,"lastBolusTime":1703610052139,"time":"2023-12-26T20:30:53.570Z","iobWithZeroTemp":{"iob":-0.449,"basaliob":-0.487,"bolussnooze":0,"activity":-0.0037,"lastBolusTime":1703610052139,"time":"2023-12-26T20:30:53.570Z"}},{"iob":-0.024,"basaliob":-0.059,"bolussnooze":0,"activity":-3.0E-4,"lastBolusTime":1703610052139,"time":"2023-12-26T20:35:53.570Z","iobWithZeroTemp":{"iob":-0.454,"basaliob":-0.489,"bolussnooze":0,"activity":-0.0038,"lastBolusTime":1703610052139,"time":"2023-12-26T20:35:53.570Z"}},{"iob":-0.022,"basaliob":-0.054,"bolussnooze":0,"activity":-3.0E-4,"lastBolusTime":1703610052139,"time":"2023-12-26T20:40:53.570Z","iobWithZeroTemp":{"iob":-0.46,"basaliob":-0.492,"bolussnooze":0,"activity":-0.0039,"lastBolusTime":1703610052139,"time":"2023-12-26T20:40:53.570Z"}},{"iob":-0.021,"basaliob":-0.05,"bolussnooze":0,"activity":-3.0E-4,"lastBolusTime":1703610052139,"time":"2023-12-26T20:45:53.570Z","iobWithZeroTemp":{"iob":-0.466,"basaliob":-0.495,"bolussnooze":0,"activity":-0.004,"lastBolusTime":1703610052139,"time":"2023-12-26T20:45:53.570Z"}},{"iob":-0.019,"basaliob":-0.046,"bolussnooze":0,"activity":-2.0E-4,"lastBolusTime":1703610052139,"time":"2023-12-26T20:50:53.570Z","iobWithZeroTemp":{"iob":-0.47,"basaliob":-0.497,"bolussnooze":0,"activity":-0.004,"lastBolusTime":1703610052139,"time":"2023-12-26T20:50:53.570Z"}},{"iob":-0.019,"basaliob":-0.043,"bolussnooze":0,"activity":-3.0E-4,"lastBolusTime":1703610052139,"time":"2023-12-26T20:55:53.570Z","iobWithZeroTemp":{"iob":-0.476,"basaliob":-0.5,"bolussnooze":0,"activity":-0.0042,"lastBolusTime":1703610052139,"time":"2023-12-26T20:55:53.570Z"}},{"iob":-0.018,"basaliob":-0.04,"bolussnooze":0,"activity":-2.0E-4,"lastBolusTime":1703610052139,"time":"2023-12-26T21:00:53.570Z","iobWithZeroTemp":{"iob":-0.481,"basaliob":-0.503,"bolussnooze":0,"activity":-0.0041,"lastBolusTime":1703610052139,"time":"2023-12-26T21:00:53.570Z"}},{"iob":-0.016,"basaliob":-0.036,"bolussnooze":0,"activity":-2.0E-4,"lastBolusTime":1703610052139,"time":"2023-12-26T21:05:53.570Z","iobWithZeroTemp":{"iob":-0.517,"basaliob":-0.537,"bolussnooze":0,"activity":-0.0042,"lastBolusTime":1703610052139,"time":"2023-12-26T21:05:53.570Z"}},{"iob":-0.016,"basaliob":-0.034,"bolussnooze":0,"activity":-3.0E-4,"lastBolusTime":1703610052139,"time":"2023-12-26T21:10:53.570Z","iobWithZeroTemp":{"iob":-0.554,"basaliob":-0.572,"bolussnooze":0,"activity":-0.0045,"lastBolusTime":1703610052139,"time":"2023-12-26T21:10:53.570Z"}},{"iob":-0.014,"basaliob":-0.031,"bolussnooze":0,"activity":-2.0E-4,"lastBolusTime":1703610052139,"time":"2023-12-26T21:15:53.570Z","iobWithZeroTemp":{"iob":-0.589,"basaliob":-0.606,"bolussnooze":0,"activity":-0.0046,"lastBolusTime":1703610052139,"time":"2023-12-26T21:15:53.570Z"}},{"iob":-0.013,"basaliob":-0.028,"bolussnooze":0,"activity":-2.0E-4,"lastBolusTime":1703610052139,"time":"2023-12-26T21:20:53.570Z","iobWithZeroTemp":{"iob":-0.624,"basaliob":-0.639,"bolussnooze":0,"activity":-0.0048,"lastBolusTime":1703610052139,"time":"2023-12-26T21:20:53.570Z"}},{"iob":-0.012,"basaliob":-0.026,"bolussnooze":0,"activity":-1.0E-4,"lastBolusTime":1703610052139,"time":"2023-12-26T21:25:53.570Z","iobWithZeroTemp":{"iob":-0.658,"basaliob":-0.672,"bolussnooze":0,"activity":-0.0049,"lastBolusTime":1703610052139,"time":"2023-12-26T21:25:53.570Z"}},{"iob":-0.012,"basaliob":-0.024,"bolussnooze":0,"activity":-2.0E-4,"lastBolusTime":1703610052139,"time":"2023-12-26T21:30:53.570Z","iobWithZeroTemp":{"iob":-0.692,"basaliob":-0.704,"bolussnooze":0,"activity":-0.0052,"lastBolusTime":1703610052139,"time":"2023-12-26T21:30:53.570Z"}},{"iob":-0.011,"basaliob":-0.022,"bolussnooze":0,"activity":-2.0E-4,"lastBolusTime":1703610052139,"time":"2023-12-26T21:35:53.570Z","iobWithZeroTemp":{"iob":-0.723,"basaliob":-0.734,"bolussnooze":0,"activity":-0.0055,"lastBolusTime":1703610052139,"time":"2023-12-26T21:35:53.570Z"}},{"iob":-0.01,"basaliob":-0.02,"bolussnooze":0,"activity":-2.0E-4,"lastBolusTime":1703610052139,"time":"2023-12-26T21:40:53.570Z","iobWithZeroTemp":{"iob":-0.753,"basaliob":-0.763,"bolussnooze":0,"activity":-0.0057,"lastBolusTime":1703610052139,"time":"2023-12-26T21:40:53.570Z"}},{"iob":-0.01,"basaliob":-0.019,"bolussnooze":0,"activity":-1.0E-4,"lastBolusTime":1703610052139,"time":"2023-12-26T21:45:53.570Z","iobWithZeroTemp":{"iob":-0.783,"basaliob":-0.792,"bolussnooze":0,"activity":-0.0059,"lastBolusTime":1703610052139,"time":"2023-12-26T21:45:53.570Z"}},{"iob":-0.009,"basaliob":-0.017,"bolussnooze":0,"activity":-1.0E-4,"lastBolusTime":1703610052139,"time":"2023-12-26T21:50:53.570Z","iobWithZeroTemp":{"iob":-0.811,"basaliob":-0.819,"bolussnooze":0,"activity":-0.0062,"lastBolusTime":1703610052139,"time":"2023-12-26T21:50:53.570Z"}},{"iob":-0.008,"basaliob":-0.016,"bolussnooze":0,"activity":-1.0E-4,"lastBolusTime":1703610052139,"time":"2023-12-26T21:55:53.570Z","iobWithZeroTemp":{"iob":-0.837,"basaliob":-0.845,"bolussnooze":0,"activity":-0.0064,"lastBolusTime":1703610052139,"time":"2023-12-26T21:55:53.570Z"}},{"iob":-0.007,"basaliob":-0.014,"bolussnooze":0,"activity":-2.0E-4,"lastBolusTime":1703610052139,"time":"2023-12-26T22:00:53.570Z","iobWithZeroTemp":{"iob":-0.862,"basaliob":-0.869,"bolussnooze":0,"activity":-0.0068,"lastBolusTime":1703610052139,"time":"2023-12-26T22:00:53.570Z"}},{"iob":-0.007,"basaliob":-0.013,"bolussnooze":0,"activity":-1.0E-4,"lastBolusTime":1703610052139,"time":"2023-12-26T22:05:53.570Z","iobWithZeroTemp":{"iob":-0.887,"basaliob":-0.893,"bolussnooze":0,"activity":-0.007,"lastBolusTime":1703610052139,"time":"2023-12-26T22:05:53.570Z"}},{"iob":-0.006,"basaliob":-0.012,"bolussnooze":0,"activity":-1.0E-4,"lastBolusTime":1703610052139,"time":"2023-12-26T22:10:53.570Z","iobWithZeroTemp":{"iob":-0.909,"basaliob":-0.915,"bolussnooze":0,"activity":-0.0072,"lastBolusTime":1703610052139,"time":"2023-12-26T22:10:53.570Z"}},{"iob":-0.006,"basaliob":-0.011,"bolussnooze":0,"activity":-1.0E-4,"lastBolusTime":1703610052139,"time":"2023-12-26T22:15:53.570Z","iobWithZeroTemp":{"iob":-0.931,"basaliob":-0.936,"bolussnooze":0,"activity":-0.0075,"lastBolusTime":1703610052139,"time":"2023-12-26T22:15:53.570Z"}},{"iob":-0.006,"basaliob":-0.01,"bolussnooze":0,"activity":-1.0E-4,"lastBolusTime":1703610052139,"time":"2023-12-26T22:20:53.570Z","iobWithZeroTemp":{"iob":-0.952,"basaliob":-0.956,"bolussnooze":0,"activity":-0.0077,"lastBolusTime":1703610052139,"time":"2023-12-26T22:20:53.570Z"}}],"profile":{"max_iob":10,"type":"current","max_daily_basal":0.7,"max_basal":1.2,"min_bg":100,"max_bg":100,"target_bg":100,"carb_ratio":5.5,"sens":85,"max_daily_safety_multiplier":3,"current_basal_safety_multiplier":4,"high_temptarget_raises_sensitivity":false,"low_temptarget_lowers_sensitivity":false,"sensitivity_raises_target":true,"resistance_lowers_target":true,"adv_target_adjustments":false,"exercise_mode":false,"half_basal_exercise_target":160,"maxCOB":120,"skip_neutral_temps":false,"remainingCarbsCap":90,"enableUAM":true,"A52_risk_enable":false,"SMBInterval":4,"enableSMB_with_COB":true,"enableSMB_with_temptarget":true,"allowSMB_with_high_temptarget":false,"enableSMB_always":true,"enableSMB_after_carbs":true,"maxSMBBasalMinutes":45,"maxUAMSMBBasalMinutes":120,"bolus_increment":0.05,"carbsReqThreshold":5,"current_basal":0.3,"temptargetSet":false,"autosens_max":1.3},"autosens_data":{"ratio":1},"meal_data":{"carbs":0,"mealCOB":0,"slopeFromMaxDeviation":0,"slopeFromMinDeviation":0.5245,"lastBolusTime":1703610052139,"lastCarbTime":0},"microBolusAllowed":true,"currentTime":1703615154925,"flatBGsDetected":false},"output":{"temp":"absolute","bg":84,"tick":-1,"eventualBG":79,"targetBG":100,"insulinReq":0,"deliverAt":"2023-12-26T18:25:54.925Z","sensitivityRatio":1,"predBGs":{"IOB":[84,83,82,81,80,79,79,78,78,78,78,78,78,78,78,78,78,78,78,78,79,79,79,79,79,79,79,80,80,80,80,80,80,80,80,80,81],"ZT":[84,84,83,83,83,83,83,83,83,84,84,85,85,86,87,88,89,90,91,92,93,95,96,97,99,100]},"COB":0,"IOB":-0.032,"reason":"COB: 0, Dev: -8, BGI: 0, ISF: 85, CR: 5.5, Target: 100, minPredBG 79, minGuardBG 78, IOBpredBG 81; Eventual BG 79 < 100, setting 30m zero temp. ","duration":30,"rate":0,"timestamp":"2023-12-26T18:25:54.969Z"}}