{"algorithm":"OpenAPSSMBPlugin","input":{"glucoseStatus":{"glucose":87,"noise":0,"delta":-3.33,"short_avgdelta":-4.24,"long_avgdelta":-5.75,"date":1703585428517},"currenttemp":{"temp":"absolute","duration":117,"rate":0,"minutesrunning":3},"iob_data":[{"iob":0.721,"basaliob":-0.706,"bolussnooze":0.0584,"activity":0.0132,"lastBolusTime":1703580652028,"time":"2023-12-26T10:11:14.917Z","iobWithZeroTemp":{"iob":0.721,"basaliob":-0.706,"bolussnooze":0.0584,"activity":0.0132,"lastBolusTime":1703580652028,"time":"2023-12-26T10:11:14.917Z"}},{"iob":0.659,"basaliob":-0.673,"bolussnooze":0.0482,"activity":0.0121,"lastBolusTime":1703580652028,"time":"2023-12-26T10:16:14.917Z","iobWithZeroTemp":{"iob":0.633,"basaliob":-0.699,"bolussnooze":0.0482,"activity":0.0121,"lastBolusTime":1703580652028,"time":"2023-12-26T10:16:14.917Z"}},{"iob":0.6,"basaliob":-0.641,"bolussnooze":0.0397,"activity":0.0111,"lastBolusTime":1703580652028,"time":"2023-12-26T10:21:14.917Z","iobWithZeroTemp":{"iob":0.542,"basaliob":-0.699,"bolussnooze":0.0397,"activity":0.011,"lastBolusTime":1703580652028,"time":"2023-12-26T10:21:14.917Z"}},{"iob":0.548,"basaliob":-0.608,"bolussnooze":0.0325,"activity":0.0101,"lastBolusTime":1703580652028,"time":"2023-12-26T10:26:14.917Z","iobWithZeroTemp":{"iob":0.458,"basaliob":-0.698,"bolussnooze":0.0325,"activity":0.0099,"lastBolusTime":1703580652028,"time":"2023-12-26T10:26:14.917Z"}},{"iob":0.499,"basaliob":-0.577,"bolussnooze":0.0265,"activity":0.0094,"lastBolusTime":1703580652028,"time":"2023-12-26T10:31:14.917Z","iobWithZeroTemp":{"iob":0.378,"basaliob":-0.698,"bolussnooze":0.0265,"activity":0.0091,"lastBolusTime":1703580652028,"time":"2023-12-26T10:31:14.917Z"}},{"iob":0.454,"basaliob":-0.546,"bolussnooze":0.0214,"activity":0.0085,"lastBolusTime":1703580652028,"time":"2023-12-26T10:36:14.917Z","iobWithZeroTemp":{"iob":0.302,"basaliob":-0.698,"bolussnooze":0.0214,"activity":0.008,"lastBolusTime":1703580652028,"time":"2023-12-26T10:36:14.917Z"}},{"iob":0.413,"basaliob":-0.516,"bolussnooze":0.0173,"activity":0.0079,"lastBolusTime":1703580652028,"time":"2023-12-26T10:41:14.917Z","iobWithZeroTemp":{"iob":0.231,"basaliob":-0.698,"bolussnooze":0.0173,"activity":0.0072,"lastBolusTime":1703580652028,"time":"2023-12-26T10:41:14.917Z"}},{"iob":0.376,"basaliob":-0.487,"bolussnooze":0.0139,"activity":0.0072,"lastBolusTime":1703580652028,"time":"2023-12-26T10:46:14.917Z","iobWithZeroTemp":{"iob":0.166,"basaliob":-0.697,"bolussnooze":0.0139,"activity":0.0063,"lastBolusTime":1703580652028,"time":"2023-12-26T10:46:14.917Z"}},{"iob":0.341,"basaliob":-0.459,"bolussnooze":0.011,"activity":0.0066,"lastBolusTime":1703580652028,"time":"2023-12-26T10:51:14.917Z","iobWithZeroTemp":{"iob":0.103,"basaliob":-0.697,"bolussnooze":0.011,"activity":0.0055,"lastBolusTime":1703580652028,"time":"2023-12-26T10:51:14.917Z"}},{"iob":0.31,"basaliob":-0.432,"bolussnooze":0.0087,"activity":0.006,"lastBolusTime":1703580652028,"time":"2023-12-26T10:56:14.917Z","iobWithZeroTemp":{"iob":0.045,"basaliob":-0.697,"bolussnooze":0.0087,"activity":0.0047,"lastBolusTime":1703580652028,"time":"2023-12-26T10:56:14.917Z"}},{"iob":0.281,"basaliob":-0.406,"bolussnooze":0.0068,"activity":0.0055,"lastBolusTime":1703580652028,"time":"2023-12-26T11:01:14.917Z","iobWithZeroTemp":{"iob":-0.009,"basaliob":-0.696,"bolussnooze":0.0068,"activity":0.004,"lastBolusTime":1703580652028,"time":"2023-12-26T11:01:14.917Z"}},{"iob":0.255,"basaliob":-0.381,"bolussnooze":0.0053,"activity":0.005,"lastBolusTime":1703580652028,"time":"2023-12-26T11:06:14.917Z","iobWithZeroTemp":{"iob":-0.06,"basaliob":-0.696,"bolussnooze":0.0053,"activity":0.0033,"lastBolusTime":1703580652028,"time":"2023-12-26T11:06:14.917Z"}},{"iob":0.231,"basaliob":-0.357,"bolussnooze":0.004,"activity":0.0046,"lastBolusTime":1703580652028,"time":"2023-12-26T11:11:14.917Z","iobWithZeroTemp":{"iob":-0.107,"basaliob":-0.695,"bolussnooze":0.004,"activity":0.0027,"lastBolusTime":1703580652028,"time":"2023-12-26T11:11:14.917Z"}},{"iob":0.208,"basaliob":-0.335,"bolussnooze":0.003,"activity":0.0042,"lastBolusTime":1703580652028,"time":"2023-12-26T11:16:14.917Z","iobWithZeroTemp":{"iob":-0.152,"basaliob":-0.695,"bolussnooze":0.003,"activity":0.002,"lastBolusTime":1703580652028,"time":"2023-12-26T11:16:14.917Z"}},{"iob":0.189,"basaliob":-0.313,"bolussnooze":0.0023,"activity":0.0038,"lastBolusTime":1703580652028,"time":"2023-12-26T11:21:14.917Z","iobWithZeroTemp":{"iob":-0.193,"basaliob":-0.695,"bolussnooze":0.0023,"activity":0.0014,"lastBolusTime":1703580652028,"time":"2023-12-26T11:21:14.917Z"}},{"iob":0.17,"basaliob":-0.293,"bolussnooze":0.0016,"activity":0.0035,"lastBolusTime":1703580652028,"time":"2023-12-26T11:26:14.917Z","iobWithZeroTemp":{"iob":-0.232,"basaliob":-0.695,"bolussnooze":0.0016,"activity":9.0E-4,"lastBolusTime":1703580652028,"time":"2023-12-26T11:26:14.917Z"}},{"iob":0.154,"basaliob":-0.273,"bolussnooze":0.0012,"activity":0.0031,"lastBolusTime":1703580652028,"time":"2023-12-26T11:31:14.917Z","iobWithZeroTemp":{"iob":-0.267,"basaliob":-0.694,"bolussnooze":0.0012,"activity":3.0E-4,"lastBolusTime":1703580652028,"time":"2023-12-26T11:31:14.917Z"}},{"iob":0.139,"basaliob":-0.255,"bolussnooze":8.0E-4,"activity":0.0029,"lastBolusTime":1703580652028,"time":"2023-12-26T11:36:14.917Z","iobWithZeroTemp":{"iob":-0.3,"basaliob":-0.694,"bolussnooze":8.0E-4,"activity":-1.0E-4,"lastBolusTime":1703580652028,"time":"2023-12-26T11:36:14.917Z"}},{"iob":0.124,"basaliob":-0.238,"bolussnooze":5.0E-4,"activity":0.0026,"lastBolusTime":1703580652028,"time":"2023-12-26T11:41:14.917Z","iobWithZeroTemp":{"iob":-0.332,"basaliob":-0.694,"bolussnooze":5.0E-4,"activity":-6.0E-4,"lastBolusTime":1703580652028,"time":"2023-12-26T11:41:14.917Z"}},{"iob":0.113,"basaliob":-0.221,"bolussnooze":3.0E-4,"activity":0.0024,"lastBolusTime":1703580652028,"time":"2023-12-26T11:46:14.917Z","iobWithZeroTemp":{"iob":-0.359,"basaliob":-0.693,"bolussnooze":3.0E-4,"activity":-0.001,"lastBolusTime":1703580652028,"time":"2023-12-26T11:46:14.917Z"}},{"iob":0.101,"basaliob":-0.206,"bolussnooze":2.0E-4,"activity":0.0022,"lastBolusTime":1703580652028,"time":"2023-12-26T11:51:14.917Z","iobWithZeroTemp":{"iob":-0.386,"basaliob":-0.693,"bolussnooze":2.0E-4,"activity":-0.0014,"lastBolusTime":1703580652028,"time":"2023-12-26T11:51:14.917Z"}},{"iob":0.091,"basaliob":-0.191,"bolussnooze":1.0E-4,"activity":0.002,"lastBolusTime":1703580652028,"time":"2023-12-26T11:56:14.917Z","iobWithZeroTemp":{"iob":-0.41,"basaliob":-0.692,"bolussnooze":1.0E-4,"activity":-0.0018,"lastBolusTime":1703580652028,"time":"2023-12-26T11:56:14.917Z"}},{"iob":0.081,"basaliob":-0.178,"bolussnooze":0,"activity":0.0018,"lastBolusTime":1703580652028,"time":"2023-12-26T12:01:14.917Z","iobWithZeroTemp":{"iob":-0.433,"basaliob":-0.692,"bolussnooze":0,"activity":-0.0021,"lastBolusTime":1703580652028,"time":"2023-12-26T12:01:14.917Z"}},{"iob":0.072,"basaliob":-0.165,"bolussnooze":0,"activity":0.0016,"lastBolusTime":1703580652028,"time":"2023-12-26T12:06:14.917Z","iobWithZeroTemp":{"iob":-0.471,"basaliob":-0.708,"bolussnooze":0,"activity":-0.0025,"lastBolusTime":1703580652028,"time":"2023-12-26T12:06:14.917Z"}},{"iob":0.065,"basaliob":-0.153,"bolussnooze":0,"activity":0.0015,"lastBolusTime":1703580652028,"time":"2023-12-26T12:11:14.917Z","iobWithZeroTemp":{"iob":-0.505,"basaliob":-0.723,"bolussnooze":0,"activity":-0.0028,"lastBolusTime":1703580652028,"time":"2023-12-26T12:11:14.917Z"}},{"iob":0.058,"basaliob":-0.142,"bolussnooze":0,"activity":0.0013,"lastBolusTime":1703580652028,"time":"2023-12-26T12:16:14.917Z","iobWithZeroTemp":{"iob":-0.539,"basaliob":-0.739,"bolussnooze":0,"activity":-0.0032,"lastBolusTime":1703580652028,"time":"2023-12-26T12:16:14.917Z"}},{"iob":0.052,"basaliob":-0.131,"bolussnooze":0,"activity":0.0012,"lastBolusTime":1703580652028,"time":"2023-12-26T12:21:14.917Z","iobWithZeroTemp":{"iob":-0.571,"basaliob":-0.754,"bolussnooze":0,"activity":-0.0035,"lastBolusTime":1703580652028,"time":"2023-12-26T12:21:14.917Z"}},{"iob":0.045,"basaliob":-0.122,"bolussnooze":0,"activity":0.0011,"lastBolusTime":1703580652028,"time":"2023-12-26T12:26:14.917Z","iobWithZeroTemp":{"iob":-0.602,"basaliob":-0.769,"bolussnooze":0,"activity":-0.0038,"lastBolusTime":1703580652028,"time":"2023-12-26T12:26:14.917Z"}},{"iob":0.041,"basaliob":-0.112,"bolussnooze":0,"activity":0.001,"lastBolusTime":1703580652028,"time":"2023-12-26T12:31:14.917Z","iobWithZeroTemp":{"iob":-0.63,"basaliob":-0.783,"bolussnooze":0,"activity":-0.0041,"lastBolusTime":1703580652028,"time":"2023-12-26T12:31:14.917Z"}},{"iob":0.036,"basaliob":-0.104,"bolussnooze":0,"activity":9.0E-4,"lastBolusTime":1703580652028,"time":"2023-12-26T12:36:14.917Z","iobWithZeroTemp":{"iob":-0.658,"basaliob":-0.798,"bolussnooze":0,"activity":-0.0044,"lastBolusTime":1703580652028,"time":"2023-12-26T12:36:14.917Z"}},{"iob":0.031,"basaliob":-0.096,"bolussnooze":0,"activity":8.0E-4,"lastBolusTime":1703580652028,"time":"2023-12-26T12:41:14.917Z","iobWithZeroTemp":{"iob":-0.684,"basaliob":-0.811,"bolussnooze":0,"activity":-0.0048,"lastBolusTime":1703580652028,"time":"2023-12-26T12:41:14.917Z"}},{"iob":0.027,"basaliob":-0.089,"bolussnooze":0,"activity":8.0E-4,"lastBolusTime":1703580652028,"time":"2023-12-26T12:46:14.917Z","iobWithZeroTemp":{"iob":-0.709,"basaliob":-0.825,"bolussnooze":0,"activity":-0.005,"lastBolusTime":1703580652028,"time":"2023-12-26T12:46:14.917Z"}},{"iob":0.024,"basaliob":-0.082,"bolussnooze":0,"activity":7.0E-4,"lastBolusTime":1703580652028,"time":"2023-12-26T12:51:14.917Z","iobWithZeroTemp":{"iob":-0.731,"basaliob":-0.837,"bolussnooze":0,"activity":-0.0053,"lastBolusTime":1703580652028,"time":"2023-12-26T12:51:14.917Z"}},{"iob":0.021,"basaliob":-0.075,"bolussnooze":0,"activity":6.0E-4,"lastBolusTime":1703580652028,"time":"2023-12-26T12:56:14.917Z","iobWithZeroTemp":{"iob":-0.752,"basaliob":-0.848,"bolussnooze":0,"activity":-0.0056,"lastBolusTime":1703580652028,"time":"2023-12-26T12:56:14.917Z"}},{"iob":0.019,"basaliob":-0.069,"bolussnooze":0,"activity":6.0E-4,"lastBolusTime":1703580652028,"time":"2023-12-26T13:01:14.917Z","iobWithZeroTemp":{"iob":-0.772,"basaliob":-0.86,"bolussnooze":0,"activity":-0.0058,"lastBolusTime":1703580652028,"time":"2023-12-26T13:01:14.917Z"}},{"iob":0.016,"basaliob":-0.064,"bolussnooze":0,"activity":4.0E-4,"lastBolusTime":1703580652028,"time":"2023-12-26T13:06:14.917Z","iobWithZeroTemp":{"iob":-0.791,"basaliob":-0.871,"bolussnooze":0,"activity":-0.0062,"lastBolusTime":1703580652028,"time":"2023-12-26T13:06:14.917Z"}},{"iob":0.013,"basaliob":-0.059,"bolussnooze":0,"activity":4.0E-4,"lastBolusTime":1703580652028,"time":"2023-12-26T13:11:14.917Z","iobWithZeroTemp":{"iob":-0.81,"basaliob":-0.882,"bolussnooze":0,"activity":-0.0063,"lastBolusTime":1703580652028,"time":"2023-12-26T13:11:14.917Z"}},{"iob":0.012,"basaliob":-0.054,"bolussnooze":0,"activity":4.0E-4,"lastBolusTime":1703580652028,"time":"2023-12-26T13:16:14.917Z","iobWithZeroTemp":{"iob":-0.825,"basaliob":-0.891,"bolussnooze":0,"activity":-0.0065,"lastBolusTime":1703580652028,"time":"2023-12-26T13:16:14.917Z"}},{"iob":0.01,"basaliob":-0.049,"bolussnooze":0,"activity":4.0E-4,"lastBolusTime":1703580652028,"time":"2023-12-26T13:21:14.917Z","iobWithZeroTemp":{"iob":-0.841,"basaliob":-0.9,"bolussnooze":0,"activity":-0.0067,"lastBolusTime":1703580652028,"time":"2023-12-26T13:21:14.917Z"}},{"iob":0.009,"basaliob":-0.045,"bolussnooze":0,"activity":3.0E-4,"lastBolusTime":1703580652028,"time":"2023-12-26T13:26:14.917Z","iobWithZeroTemp":{"iob":-0.855,"basaliob":-0.909,"bolussnooze":0,"activity":-0.007,"lastBolusTime":1703580652028,"time":"2023-12-26T13:26:14.917Z"}},{"iob":0.007,"basaliob":-0.042,"bolussnooze":0,"activity":3.0E-4,"lastBolusTime":1703580652028,"time":"2023-12-26T13:31:14.917Z","iobWithZeroTemp":{"iob":-0.869,"basaliob":-0.918,"bolussnooze":0,"activity":-0.0071,"lastBolusTime":1703580652028,"time":"2023-12-26T13:31:14.917Z"}},{"iob":0.006,"basaliob":-0.038,"bolussnooze":0,"activity":2.0E-4,"lastBolusTime":1703580652028,"time":"2023-12-26T13:36:14.917Z","iobWithZeroTemp":{"iob":-0.881,"basaliob":-0.925,"bolussnooze":0,"activity":-0.0074,"lastBolusTime":1703580652028,"time":"2023-12-26T13:36:14.917Z"}},{"iob":0.005,"basaliob":-0.035,"bolussnooze":0,"activity":2.0E-4,"lastBolusTime":1703580652028,"time":"2023-12-26T13:41:14.917Z","iobWithZeroTemp":{"iob":-0.893,"basaliob":-0.933,"bolussnooze":0,"activity":-0.0075,"lastBolusTime":1703580652028,"time":"2023-12-26T13:41:14.917Z"}},{"iob":0.004,"basaliob":-0.032,"bolussnooze":0,"activity":1.0E-4,"lastBolusTime":1703580652028,"time":"2023-12-26T13:46:14.917Z","iobWithZeroTemp":{"iob":-0.904,"basaliob":-0.94,"bolussnooze":0,"activity":-0.0077,"lastBolusTime":1703580652028,"time":"2023-12-26T13:46:14.917Z"}},{"iob":0.003,"basaliob":-0.029,"bolussnooze":0,"activity":2.0E-4,"lastBolusTime":1703580652028,"time":"2023-12-26T13:51:14.917Z","iobWithZeroTemp":{"iob":-0.914,"basaliob":-0.946,"bolussnooze":0,"activity":-0.0078,"lastBolusTime":1703580652028,"time":"2023-12-26T13:51:14.917Z"}},{"iob":0.002,"basaliob":-0.027,"bolussnooze":0,"activity":1.0E-4,"lastBolusTime":1703580652028,"time":"2023-12-26T13:56:14.917Z","iobWithZeroTemp":{"iob":-0.923,"basaliob":-0.952,"bolussnooze":0,"activity":-0.008,"lastBolusTime":1703580652028,"time":"2023-12-26T13:56:14.917Z"}},{"iob":0.002,"basaliob":-0.024,"bolussnooze":0,"activity":2.0E-4,"lastBolusTime":1703580652028,"time":"2023-12-26T14:01:14.917Z","iobWithZeroTemp":{"iob":-0.931,"basaliob":-0.957,"bolussnooze":0,"activity":-0.008,"lastBolusTime":1703580652028,"time":"2023-12-26T14:01:14.917Z"}},{"iob":0.001,"basaliob":-0.022,"bolussnooze":0,"activity":1.0E-4,"lastBolusTime":1703580652028,"time":"2023-12-26T14:06:14.917Z","iobWithZeroTemp":{"iob":-0.94,"basaliob":-0.963,"bolussnooze":0,"activity":-0.0082,"lastBolusTime":1703580652028,"time":"2023-12-26T14:06:14.917Z"}}],"profile":{"max_iob":10,"type":"current","max_daily_basal":0.7,"max_basal":1.2,"min_bg":100,"max_bg":100,"target_bg":100,"carb_ratio":8.5,"sens":85,"max_daily_safety_multiplier":3,"current_basal_safety_multiplier":4,"high_temptarget_raises_sensitivity":false,"low_temptarget_lowers_sensitivity":false,"sensitivity_raises_target":true,"resistance_lowers_target":true,"adv_target_adjustments":false,"exercise_mode":false,"half_basal_exercise_target":160,"maxCOB":120,"skip_neutral_temps":false,"remainingCarbsCap":90,"enableUAM":true,"A52_risk_enable":false,"SMBInterval":4,"enableSMB_with_COB":true,"enableSMB_with_temptarget":true,"allowSMB_with_high_temptarget":false,"enableSMB_always":true,"enableSMB_after_carbs":true,"maxSMBBasalMinutes":45,"maxUAMSMBBasalMinutes":120,"bolus_increment":0.05,"carbsReqThreshold":5,"current_basal":0.3,"temptargetSet":false,"autosens_max":1.3},"autosens_data":{"ratio":1.3},"meal_data":{"carbs":35,"mealCOB":5.16845588235295,"slopeFromMaxDeviation":-1.2407,"slopeFromMinDeviation":0.32349999999999995,"lastBolusTime":1703580652028,"lastCarbTime":1703576391522},"microBolusAllowed":true,"currentTime":1703585476990,"flatBGsDetected":false},"output":{"temp":"absolute","bg":87,"tick":-3,"eventualBG":68,"targetBG":91,"insulinReq":0,"deliverAt":"2023-12-26T10:11:16.990Z","sensitivityRatio":1.3,"predBGs":{"IOB":[87,83,79,75,72,69,66,64,62,59,57,56,54,53,51,50,49,48,47,46,45,44,44,43,43,42,42,41,41,41,40,40,40,40,39],"ZT":[87,83,79,75,72,69,66,64,62,60,59,57,56,55,55,54,54,54,54,54,54,55,55,56,57,58,59,60,61,63,64,66,67,69,71,73,75,77,79,81,83,86,88,91],"COB":[87,83,79,76,72,70,67,65,63,61,59,58,57,56,55,54,53,53,52,52,52,52,52,52,52,52,53,53,54,54,55,55,56,57,58,58,59,60,61,62,63,63,64,65,66,67,67,68],"UAM":[87,83,79,75,72,69,66,63,61,59,57,55,53,52,51,49,48,47,46,45,45,44,43,43,42,42,41,41,40,40,40,40,39]},"COB":5.16845588235295,"IOB":0.721,"reason":"COB: 5.2, Dev: 0, BGI: -4, ISF: 65, CR: 8.5, Target: 91, minPredBG 52, minGuardBG 40, IOBpredBG 39, COBpredBG 68, UAMpredBG 39; minGuardBG 40<66 117m left and 0 ~ req 0U\/hr: no temp required","timestamp":"2023-12-26T10:11:17.024Z"}}