{"algorithm":"OpenAPSSMBPlugin","input":{"glucoseStatus":{"glucose":127,"noise":0,"delta":3.67,"short_avgdelta":3.5,"long_avgdelta":5.2,"date":1703589928586},"currenttemp":{"temp":"absolute","duration":110,"rate":0,"minutesrunning":10},"iob_data":[{"iob":1.386,"basaliob":-0.292,"bolussnooze":0.0017,"activity":0.0097,"lastBolusTime":1703588810002,"time":"2023-12-26T11:26:00.672Z","iobWithZeroTemp":{"iob":1.386,"basaliob":-0.292,"bolussnooze":0.0017,"activity":0.0097,"lastBolusTime":1703588810002,"time":"2023-12-26T11:26:00.672Z"}},{"iob":1.336,"basaliob":-0.271,"bolussnooze":0.0012,"activity":0.0102,"lastBolusTime":1703588810002,"time":"2023-12-26T11:31:00.672Z","iobWithZeroTemp":{"iob":1.31,"basaliob":-0.297,"bolussnooze":0.0012,"activity":0.0102,"lastBolusTime":1703588810002,"time":"2023-12-26T11:31:00.672Z"}},{"iob":1.284,"basaliob":-0.251,"bolussnooze":8.0E-4,"activity":0.0105,"lastBolusTime":1703588810002,"time":"2023-12-26T11:36:00.672Z","iobWithZeroTemp":{"iob":1.227,"basaliob":-0.308,"bolussnooze":8.0E-4,"activity":0.0104,"lastBolusTime":1703588810002,"time":"2023-12-26T11:36:00.672Z"}},{"iob":1.231,"basaliob":-0.232,"bolussnooze":5.0E-4,"activity":0.0108,"lastBolusTime":1703588810002,"time":"2023-12-26T11:41:00.672Z","iobWithZeroTemp":{"iob":1.142,"basaliob":-0.321,"bolussnooze":5.0E-4,"activity":0.0106,"lastBolusTime":1703588810002,"time":"2023-12-26T11:41:00.672Z"}},{"iob":1.177,"basaliob":-0.215,"bolussnooze":3.0E-4,"activity":0.0108,"lastBolusTime":1703588810002,"time":"2023-12-26T11:46:00.672Z","iobWithZeroTemp":{"iob":1.057,"basaliob":-0.335,"bolussnooze":3.0E-4,"activity":0.0105,"lastBolusTime":1703588810002,"time":"2023-12-26T11:46:00.672Z"}},{"iob":1.122,"basaliob":-0.199,"bolussnooze":2.0E-4,"activity":0.0109,"lastBolusTime":1703588810002,"time":"2023-12-26T11:51:00.672Z","iobWithZeroTemp":{"iob":0.972,"basaliob":-0.349,"bolussnooze":2.0E-4,"activity":0.0104,"lastBolusTime":1703588810002,"time":"2023-12-26T11:51:00.672Z"}},{"iob":1.068,"basaliob":-0.184,"bolussnooze":1.0E-4,"activity":0.0108,"lastBolusTime":1703588810002,"time":"2023-12-26T11:56:00.672Z","iobWithZeroTemp":{"iob":0.889,"basaliob":-0.363,"bolussnooze":1.0E-4,"activity":0.0102,"lastBolusTime":1703588810002,"time":"2023-12-26T11:56:00.672Z"}},{"iob":1.015,"basaliob":-0.169,"bolussnooze":0,"activity":0.0106,"lastBolusTime":1703588810002,"time":"2023-12-26T12:01:00.672Z","iobWithZeroTemp":{"iob":0.808,"basaliob":-0.376,"bolussnooze":0,"activity":0.0098,"lastBolusTime":1703588810002,"time":"2023-12-26T12:01:00.672Z"}},{"iob":0.962,"basaliob":-0.156,"bolussnooze":0,"activity":0.0104,"lastBolusTime":1703588810002,"time":"2023-12-26T12:06:00.672Z","iobWithZeroTemp":{"iob":0.712,"basaliob":-0.406,"bolussnooze":0,"activity":0.0093,"lastBolusTime":1703588810002,"time":"2023-12-26T12:06:00.672Z"}},{"iob":0.911,"basaliob":-0.144,"bolussnooze":0,"activity":0.0102,"lastBolusTime":1703588810002,"time":"2023-12-26T12:11:00.672Z","iobWithZeroTemp":{"iob":0.619,"basaliob":-0.436,"bolussnooze":0,"activity":0.0089,"lastBolusTime":1703588810002,"time":"2023-12-26T12:11:00.672Z"}},{"iob":0.86,"basaliob":-0.133,"bolussnooze":0,"activity":0.0099,"lastBolusTime":1703588810002,"time":"2023-12-26T12:16:00.672Z","iobWithZeroTemp":{"iob":0.528,"basaliob":-0.465,"bolussnooze":0,"activity":0.0083,"lastBolusTime":1703588810002,"time":"2023-12-26T12:16:00.672Z"}},{"iob":0.812,"basaliob":-0.122,"bolussnooze":0,"activity":0.0096,"lastBolusTime":1703588810002,"time":"2023-12-26T12:21:00.672Z","iobWithZeroTemp":{"iob":0.44,"basaliob":-0.494,"bolussnooze":0,"activity":0.0077,"lastBolusTime":1703588810002,"time":"2023-12-26T12:21:00.672Z"}},{"iob":0.764,"basaliob":-0.113,"bolussnooze":0,"activity":0.0092,"lastBolusTime":1703588810002,"time":"2023-12-26T12:26:00.672Z","iobWithZeroTemp":{"iob":0.354,"basaliob":-0.523,"bolussnooze":0,"activity":0.007,"lastBolusTime":1703588810002,"time":"2023-12-26T12:26:00.672Z"}},{"iob":0.719,"basaliob":-0.104,"bolussnooze":0,"activity":0.0089,"lastBolusTime":1703588810002,"time":"2023-12-26T12:31:00.672Z","iobWithZeroTemp":{"iob":0.273,"basaliob":-0.55,"bolussnooze":0,"activity":0.0064,"lastBolusTime":1703588810002,"time":"2023-12-26T12:31:00.672Z"}},{"iob":0.676,"basaliob":-0.095,"bolussnooze":0,"activity":0.0085,"lastBolusTime":1703588810002,"time":"2023-12-26T12:36:00.672Z","iobWithZeroTemp":{"iob":0.195,"basaliob":-0.576,"bolussnooze":0,"activity":0.0057,"lastBolusTime":1703588810002,"time":"2023-12-26T12:36:00.672Z"}},{"iob":0.635,"basaliob":-0.087,"bolussnooze":0,"activity":0.0081,"lastBolusTime":1703588810002,"time":"2023-12-26T12:41:00.672Z","iobWithZeroTemp":{"iob":0.121,"basaliob":-0.601,"bolussnooze":0,"activity":0.005,"lastBolusTime":1703588810002,"time":"2023-12-26T12:41:00.672Z"}},{"iob":0.595,"basaliob":-0.08,"bolussnooze":0,"activity":0.0077,"lastBolusTime":1703588810002,"time":"2023-12-26T12:46:00.672Z","iobWithZeroTemp":{"iob":0.049,"basaliob":-0.626,"bolussnooze":0,"activity":0.0043,"lastBolusTime":1703588810002,"time":"2023-12-26T12:46:00.672Z"}},{"iob":0.557,"basaliob":-0.074,"bolussnooze":0,"activity":0.0074,"lastBolusTime":1703588810002,"time":"2023-12-26T12:51:00.672Z","iobWithZeroTemp":{"iob":-0.019,"basaliob":-0.65,"bolussnooze":0,"activity":0.0037,"lastBolusTime":1703588810002,"time":"2023-12-26T12:51:00.672Z"}},{"iob":0.522,"basaliob":-0.067,"bolussnooze":0,"activity":0.007,"lastBolusTime":1703588810002,"time":"2023-12-26T12:56:00.672Z","iobWithZeroTemp":{"iob":-0.083,"basaliob":-0.672,"bolussnooze":0,"activity":0.003,"lastBolusTime":1703588810002,"time":"2023-12-26T12:56:00.672Z"}},{"iob":0.487,"basaliob":-0.062,"bolussnooze":0,"activity":0.0066,"lastBolusTime":1703588810002,"time":"2023-12-26T13:01:00.672Z","iobWithZeroTemp":{"iob":-0.145,"basaliob":-0.694,"bolussnooze":0,"activity":0.0023,"lastBolusTime":1703588810002,"time":"2023-12-26T13:01:00.672Z"}},{"iob":0.454,"basaliob":-0.057,"bolussnooze":0,"activity":0.0063,"lastBolusTime":1703588810002,"time":"2023-12-26T13:06:00.672Z","iobWithZeroTemp":{"iob":-0.203,"basaliob":-0.714,"bolussnooze":0,"activity":0.0017,"lastBolusTime":1703588810002,"time":"2023-12-26T13:06:00.672Z"}},{"iob":0.424,"basaliob":-0.052,"bolussnooze":0,"activity":0.006,"lastBolusTime":1703588810002,"time":"2023-12-26T13:11:00.672Z","iobWithZeroTemp":{"iob":-0.258,"basaliob":-0.734,"bolussnooze":0,"activity":0.0011,"lastBolusTime":1703588810002,"time":"2023-12-26T13:11:00.672Z"}},{"iob":0.396,"basaliob":-0.047,"bolussnooze":0,"activity":0.0056,"lastBolusTime":1703588810002,"time":"2023-12-26T13:16:00.672Z","iobWithZeroTemp":{"iob":-0.309,"basaliob":-0.752,"bolussnooze":0,"activity":5.0E-4,"lastBolusTime":1703588810002,"time":"2023-12-26T13:16:00.672Z"}},{"iob":0.368,"basaliob":-0.043,"bolussnooze":0,"activity":0.0053,"lastBolusTime":1703588810002,"time":"2023-12-26T13:21:00.672Z","iobWithZeroTemp":{"iob":-0.358,"basaliob":-0.769,"bolussnooze":0,"activity":-1.0E-4,"lastBolusTime":1703588810002,"time":"2023-12-26T13:21:00.672Z"}},{"iob":0.343,"basaliob":-0.039,"bolussnooze":0,"activity":0.005,"lastBolusTime":1703588810002,"time":"2023-12-26T13:26:00.672Z","iobWithZeroTemp":{"iob":-0.403,"basaliob":-0.785,"bolussnooze":0,"activity":-7.0E-4,"lastBolusTime":1703588810002,"time":"2023-12-26T13:26:00.672Z"}},{"iob":0.318,"basaliob":-0.036,"bolussnooze":0,"activity":0.0046,"lastBolusTime":1703588810002,"time":"2023-12-26T13:31:00.672Z","iobWithZeroTemp":{"iob":-0.448,"basaliob":-0.802,"bolussnooze":0,"activity":-0.0013,"lastBolusTime":1703588810002,"time":"2023-12-26T13:31:00.672Z"}},{"iob":0.295,"basaliob":-0.033,"bolussnooze":0,"activity":0.0044,"lastBolusTime":1703588810002,"time":"2023-12-26T13:36:00.672Z","iobWithZeroTemp":{"iob":-0.488,"basaliob":-0.816,"bolussnooze":0,"activity":-0.0017,"lastBolusTime":1703588810002,"time":"2023-12-26T13:36:00.672Z"}},{"iob":0.274,"basaliob":-0.03,"bolussnooze":0,"activity":0.0041,"lastBolusTime":1703588810002,"time":"2023-12-26T13:41:00.672Z","iobWithZeroTemp":{"iob":-0.526,"basaliob":-0.83,"bolussnooze":0,"activity":-0.0023,"lastBolusTime":1703588810002,"time":"2023-12-26T13:41:00.672Z"}},{"iob":0.255,"basaliob":-0.027,"bolussnooze":0,"activity":0.0039,"lastBolusTime":1703588810002,"time":"2023-12-26T13:46:00.672Z","iobWithZeroTemp":{"iob":-0.561,"basaliob":-0.843,"bolussnooze":0,"activity":-0.0027,"lastBolusTime":1703588810002,"time":"2023-12-26T13:46:00.672Z"}},{"iob":0.235,"basaliob":-0.025,"bolussnooze":0,"activity":0.0036,"lastBolusTime":1703588810002,"time":"2023-12-26T13:51:00.672Z","iobWithZeroTemp":{"iob":-0.596,"basaliob":-0.856,"bolussnooze":0,"activity":-0.0032,"lastBolusTime":1703588810002,"time":"2023-12-26T13:51:00.672Z"}},{"iob":0.219,"basaliob":-0.022,"bolussnooze":0,"activity":0.0034,"lastBolusTime":1703588810002,"time":"2023-12-26T13:56:00.672Z","iobWithZeroTemp":{"iob":-0.625,"basaliob":-0.866,"bolussnooze":0,"activity":-0.0035,"lastBolusTime":1703588810002,"time":"2023-12-26T13:56:00.672Z"}},{"iob":0.202,"basaliob":-0.02,"bolussnooze":0,"activity":0.0032,"lastBolusTime":1703588810002,"time":"2023-12-26T14:01:00.672Z","iobWithZeroTemp":{"iob":-0.655,"basaliob":-0.877,"bolussnooze":0,"activity":-0.0039,"lastBolusTime":1703588810002,"time":"2023-12-26T14:01:00.672Z"}},{"iob":0.187,"basaliob":-0.018,"bolussnooze":0,"activity":0.0029,"lastBolusTime":1703588810002,"time":"2023-12-26T14:06:00.672Z","iobWithZeroTemp":{"iob":-0.682,"basaliob":-0.887,"bolussnooze":0,"activity":-0.0044,"lastBolusTime":1703588810002,"time":"2023-12-26T14:06:00.672Z"}},{"iob":0.172,"basaliob":-0.017,"bolussnooze":0,"activity":0.0028,"lastBolusTime":1703588810002,"time":"2023-12-26T14:11:00.672Z","iobWithZeroTemp":{"iob":-0.708,"basaliob":-0.897,"bolussnooze":0,"activity":-0.0046,"lastBolusTime":1703588810002,"time":"2023-12-26T14:11:00.672Z"}},{"iob":0.159,"basaliob":-0.015,"bolussnooze":0,"activity":0.0026,"lastBolusTime":1703588810002,"time":"2023-12-26T14:16:00.672Z","iobWithZeroTemp":{"iob":-0.732,"basaliob":-0.906,"bolussnooze":0,"activity":-0.005,"lastBolusTime":1703588810002,"time":"2023-12-26T14:16:00.672Z"}},{"iob":0.147,"basaliob":-0.014,"bolussnooze":0,"activity":0.0024,"lastBolusTime":1703588810002,"time":"2023-12-26T14:21:00.672Z","iobWithZeroTemp":{"iob":-0.754,"basaliob":-0.915,"bolussnooze":0,"activity":-0.0053,"lastBolusTime":1703588810002,"time":"2023-12-26T14:21:00.672Z"}},{"iob":0.136,"basaliob":-0.012,"bolussnooze":0,"activity":0.0022,"lastBolusTime":1703588810002,"time":"2023-12-26T14:26:00.672Z","iobWithZeroTemp":{"iob":-0.774,"basaliob":-0.922,"bolussnooze":0,"activity":-0.0057,"lastBolusTime":1703588810002,"time":"2023-12-26T14:26:00.672Z"}},{"iob":0.125,"basaliob":-0.011,"bolussnooze":0,"activity":0.0021,"lastBolusTime":1703588810002,"time":"2023-12-26T14:31:00.672Z","iobWithZeroTemp":{"iob":-0.793,"basaliob":-0.929,"bolussnooze":0,"activity":-0.0059,"lastBolusTime":1703588810002,"time":"2023-12-26T14:31:00.672Z"}},{"iob":0.115,"basaliob":-0.01,"bolussnooze":0,"activity":0.0019,"lastBolusTime":1703588810002,"time":"2023-12-26T14:36:00.672Z","iobWithZeroTemp":{"iob":-0.811,"basaliob":-0.936,"bolussnooze":0,"activity":-0.0062,"lastBolusTime":1703588810002,"time":"2023-12-26T14:36:00.672Z"}},{"iob":0.106,"basaliob":-0.009,"bolussnooze":0,"activity":0.0018,"lastBolusTime":1703588810002,"time":"2023-12-26T14:41:00.672Z","iobWithZeroTemp":{"iob":-0.827,"basaliob":-0.942,"bolussnooze":0,"activity":-0.0064,"lastBolusTime":1703588810002,"time":"2023-12-26T14:41:00.672Z"}},{"iob":0.097,"basaliob":-0.008,"bolussnooze":0,"activity":0.0016,"lastBolusTime":1703588810002,"time":"2023-12-26T14:46:00.672Z","iobWithZeroTemp":{"iob":-0.843,"basaliob":-0.948,"bolussnooze":0,"activity":-0.0067,"lastBolusTime":1703588810002,"time":"2023-12-26T14:46:00.672Z"}},{"iob":0.09,"basaliob":-0.007,"bolussnooze":0,"activity":0.0015,"lastBolusTime":1703588810002,"time":"2023-12-26T14:51:00.672Z","iobWithZeroTemp":{"iob":-0.856,"basaliob":-0.953,"bolussnooze":0,"activity":-0.0069,"lastBolusTime":1703588810002,"time":"2023-12-26T14:51:00.672Z"}},{"iob":0.082,"basaliob":-0.006,"bolussnooze":0,"activity":0.0015,"lastBolusTime":1703588810002,"time":"2023-12-26T14:56:00.672Z","iobWithZeroTemp":{"iob":-0.869,"basaliob":-0.957,"bolussnooze":0,"activity":-0.007,"lastBolusTime":1703588810002,"time":"2023-12-26T14:56:00.672Z"}},{"iob":0.075,"basaliob":-0.006,"bolussnooze":0,"activity":0.0013,"lastBolusTime":1703588810002,"time":"2023-12-26T15:01:00.672Z","iobWithZeroTemp":{"iob":-0.882,"basaliob":-0.963,"bolussnooze":0,"activity":-0.0073,"lastBolusTime":1703588810002,"time":"2023-12-26T15:01:00.672Z"}},{"iob":0.069,"basaliob":-0.005,"bolussnooze":0,"activity":0.0012,"lastBolusTime":1703588810002,"time":"2023-12-26T15:06:00.672Z","iobWithZeroTemp":{"iob":-0.893,"basaliob":-0.967,"bolussnooze":0,"activity":-0.0075,"lastBolusTime":1703588810002,"time":"2023-12-26T15:06:00.672Z"}},{"iob":0.063,"basaliob":-0.005,"bolussnooze":0,"activity":0.0011,"lastBolusTime":1703588810002,"time":"2023-12-26T15:11:00.672Z","iobWithZeroTemp":{"iob":-0.903,"basaliob":-0.971,"bolussnooze":0,"activity":-0.0076,"lastBolusTime":1703588810002,"time":"2023-12-26T15:11:00.672Z"}},{"iob":0.058,"basaliob":-0.004,"bolussnooze":0,"activity":0.001,"lastBolusTime":1703588810002,"time":"2023-12-26T15:16:00.672Z","iobWithZeroTemp":{"iob":-0.912,"basaliob":-0.974,"bolussnooze":0,"activity":-0.0078,"lastBolusTime":1703588810002,"time":"2023-12-26T15:16:00.672Z"}},{"iob":0.053,"basaliob":-0.004,"bolussnooze":0,"activity":9.0E-4,"lastBolusTime":1703588810002,"time":"2023-12-26T15:21:00.672Z","iobWithZeroTemp":{"iob":-0.921,"basaliob":-0.978,"bolussnooze":0,"activity":-0.008,"lastBolusTime":1703588810002,"time":"2023-12-26T15:21:00.672Z"}}],"profile":{"max_iob":10,"type":"current","max_daily_basal":0.7,"max_basal":1.2,"min_bg":100,"max_bg":100,"target_bg":100,"carb_ratio":8.5,"sens":85,"max_daily_safety_multiplier":3,"current_basal_safety_multiplier":4,"high_temptarget_raises_sensitivity":false,"low_temptarget_lowers_sensitivity":false,"sensitivity_raises_target":true,"resistance_lowers_target":true,"adv_target_adjustments":false,"exercise_mode":false,"half_basal_exercise_target":160,"maxCOB":120,"skip_neutral_temps":false,"remainingCarbsCap":90,"enableUAM":true,"A52_risk_enable":false,"SMBInterval":4,"enableSMB_with_COB":true,"enableSMB_with_temptarget":true,"allowSMB_with_high_temptarget":false,"enableSMB_always":true,"enableSMB_after_carbs":true,"maxSMBBasalMinutes":45,"maxUAMSMBBasalMinutes":120,"bolus_increment":0.05,"carbsReqThreshold":5,"current_basal":0.3,"temptargetSet":false,"autosens_max":1.3},"autosens_data":{"ratio":1.28},"meal_data":{"carbs":35,"mealCOB":0,"slopeFromMaxDeviation":-1.4769999999999994,"slopeFromMinDeviation":0.5696666666666668,"lastBolusTime":1703588810002,"lastCarbTime":1703576391522},"microBolusAllowed":true,"currentTime":1703589962988,"flatBGsDetected":false},"output":{"temp":"absolute","bg":127,"tick":"+4","eventualBG":75,"targetBG":91,"insulinReq":0,"deliverAt":"2023-12-26T11:26:02.988Z","sensitivityRatio":1.28,"predBGs":{"IOB":[127,130,132,134,135,135,135,134,132,131,128,126,123,119,117,114,111,108,106,104,101,99,97,96,94,92,91,89,88,86,85,84,83,82,81,80,80,79,78,77,77,76,76,75,75,75,74],"ZT":[127,124,120,117,113,110,106,103,100,97,94,91,88,86,84,82,80,79,78,77,76,76,75,75,75,75,76,76,77,78,79,80,81,83,84,86,88,90],"UAM":[127,129,129,128,125,122,118,115,111,108,104,101,98,95,92,89,86,84,81,79,77,75,73,71,69,67,66,64,63,62,60,59,58,57,56,55,55,54,53,53,52,52,51,51,50,50,49]},"COB":0,"IOB":1.386,"reason":"COB: 0, Dev: 40, BGI: -3, ISF: 66, CR: 8.5, Target: 91, minPredBG 57, minGuardBG 49, IOBpredBG 74, UAMpredBG 49; minGuardBG 49<66","duration":120,"rate":0,"timestamp":"2023-12-26T11:26:03.020Z"}}