{"algorithm":"OpenAPSSMBPlugin","input":{"glucoseStatus":{"glucose":122,"noise":0,"delta":4.33,"short_avgdelta":2.24,"long_avgdelta":-0.63,"date":1703609728878},"currenttemp":{"temp":"absolute","duration":26,"rate":0,"minutesrunning":4},"iob_data":[{"iob":0.305,"basaliob":-0.362,"bolussnooze":0,"activity":0.0039,"lastBolusTime":1703608846227,"time":"2023-12-26T16:55:43.689Z","iobWithZeroTemp":{"iob":0.305,"basaliob":-0.362,"bolussnooze":0,"activity":0.0039,"lastBolusTime":1703608846227,"time":"2023-12-26T16:55:43.689Z"}},{"iob":0.285,"basaliob":-0.341,"bolussnooze":0,"activity":0.0037,"lastBolusTime":1703608846227,"time":"2023-12-26T17:00:43.689Z","iobWithZeroTemp":{"iob":0.255,"basaliob":-0.371,"bolussnooze":0,"activity":0.0037,"lastBolusTime":1703608846227,"time":"2023-12-26T17:00:43.689Z"}},{"iob":0.267,"basaliob":-0.321,"bolussnooze":0,"activity":0.0035,"lastBolusTime":1703608846227,"time":"2023-12-26T17:05:43.689Z","iobWithZeroTemp":{"iob":0.211,"basaliob":-0.377,"bolussnooze":0,"activity":0.0034,"lastBolusTime":1703608846227,"time":"2023-12-26T17:05:43.689Z"}},{"iob":0.25,"basaliob":-0.301,"bolussnooze":0,"activity":0.0034,"lastBolusTime":1703608846227,"time":"2023-12-26T17:10:43.689Z","iobWithZeroTemp":{"iob":0.169,"basaliob":-0.382,"bolussnooze":0,"activity":0.0032,"lastBolusTime":1703608846227,"time":"2023-12-26T17:10:43.689Z"}},{"iob":0.234,"basaliob":-0.282,"bolussnooze":0,"activity":0.0031,"lastBolusTime":1703608846227,"time":"2023-12-26T17:15:43.689Z","iobWithZeroTemp":{"iob":0.129,"basaliob":-0.387,"bolussnooze":0,"activity":0.0028,"lastBolusTime":1703608846227,"time":"2023-12-26T17:15:43.689Z"}},{"iob":0.218,"basaliob":-0.265,"bolussnooze":0,"activity":0.003,"lastBolusTime":1703608846227,"time":"2023-12-26T17:20:43.689Z","iobWithZeroTemp":{"iob":0.09,"basaliob":-0.393,"bolussnooze":0,"activity":0.0026,"lastBolusTime":1703608846227,"time":"2023-12-26T17:20:43.689Z"}},{"iob":0.203,"basaliob":-0.248,"bolussnooze":0,"activity":0.0029,"lastBolusTime":1703608846227,"time":"2023-12-26T17:25:43.689Z","iobWithZeroTemp":{"iob":0.052,"basaliob":-0.399,"bolussnooze":0,"activity":0.0023,"lastBolusTime":1703608846227,"time":"2023-12-26T17:25:43.689Z"}},{"iob":0.189,"basaliob":-0.232,"bolussnooze":0,"activity":0.0027,"lastBolusTime":1703608846227,"time":"2023-12-26T17:30:43.689Z","iobWithZeroTemp":{"iob":0.016,"basaliob":-0.405,"bolussnooze":0,"activity":0.002,"lastBolusTime":1703608846227,"time":"2023-12-26T17:30:43.689Z"}},{"iob":0.177,"basaliob":-0.216,"bolussnooze":0,"activity":0.0025,"lastBolusTime":1703608846227,"time":"2023-12-26T17:35:43.689Z","iobWithZeroTemp":{"iob":-0.017,"basaliob":-0.41,"bolussnooze":0,"activity":0.0016,"lastBolusTime":1703608846227,"time":"2023-12-26T17:35:43.689Z"}},{"iob":0.164,"basaliob":-0.202,"bolussnooze":0,"activity":0.0024,"lastBolusTime":1703608846227,"time":"2023-12-26T17:40:43.689Z","iobWithZeroTemp":{"iob":-0.05,"basaliob":-0.416,"bolussnooze":0,"activity":0.0013,"lastBolusTime":1703608846227,"time":"2023-12-26T17:40:43.689Z"}},{"iob":0.152,"basaliob":-0.188,"bolussnooze":0,"activity":0.0022,"lastBolusTime":1703608846227,"time":"2023-12-26T17:45:43.689Z","iobWithZeroTemp":{"iob":-0.081,"basaliob":-0.421,"bolussnooze":0,"activity":0.001,"lastBolusTime":1703608846227,"time":"2023-12-26T17:45:43.689Z"}},{"iob":0.142,"basaliob":-0.175,"bolussnooze":0,"activity":0.0021,"lastBolusTime":1703608846227,"time":"2023-12-26T17:50:43.689Z","iobWithZeroTemp":{"iob":-0.109,"basaliob":-0.426,"bolussnooze":0,"activity":7.0E-4,"lastBolusTime":1703608846227,"time":"2023-12-26T17:50:43.689Z"}},{"iob":0.131,"basaliob":-0.163,"bolussnooze":0,"activity":0.0019,"lastBolusTime":1703608846227,"time":"2023-12-26T17:55:43.689Z","iobWithZeroTemp":{"iob":-0.138,"basaliob":-0.432,"bolussnooze":0,"activity":3.0E-4,"lastBolusTime":1703608846227,"time":"2023-12-26T17:55:43.689Z"}},{"iob":0.121,"basaliob":-0.152,"bolussnooze":0,"activity":0.0019,"lastBolusTime":1703608846227,"time":"2023-12-26T18:00:43.689Z","iobWithZeroTemp":{"iob":-0.165,"basaliob":-0.438,"bolussnooze":0,"activity":2.0E-4,"lastBolusTime":1703608846227,"time":"2023-12-26T18:00:43.689Z"}},{"iob":0.112,"basaliob":-0.141,"bolussnooze":0,"activity":0.0017,"lastBolusTime":1703608846227,"time":"2023-12-26T18:05:43.689Z","iobWithZeroTemp":{"iob":-0.19,"basaliob":-0.443,"bolussnooze":0,"activity":-2.0E-4,"lastBolusTime":1703608846227,"time":"2023-12-26T18:05:43.689Z"}},{"iob":0.104,"basaliob":-0.131,"bolussnooze":0,"activity":0.0016,"lastBolusTime":1703608846227,"time":"2023-12-26T18:10:43.689Z","iobWithZeroTemp":{"iob":-0.213,"basaliob":-0.448,"bolussnooze":0,"activity":-5.0E-4,"lastBolusTime":1703608846227,"time":"2023-12-26T18:10:43.689Z"}},{"iob":0.096,"basaliob":-0.121,"bolussnooze":0,"activity":0.0016,"lastBolusTime":1703608846227,"time":"2023-12-26T18:15:43.689Z","iobWithZeroTemp":{"iob":-0.235,"basaliob":-0.452,"bolussnooze":0,"activity":-6.0E-4,"lastBolusTime":1703608846227,"time":"2023-12-26T18:15:43.689Z"}},{"iob":0.089,"basaliob":-0.112,"bolussnooze":0,"activity":0.0014,"lastBolusTime":1703608846227,"time":"2023-12-26T18:20:43.689Z","iobWithZeroTemp":{"iob":-0.255,"basaliob":-0.456,"bolussnooze":0,"activity":-0.001,"lastBolusTime":1703608846227,"time":"2023-12-26T18:20:43.689Z"}},{"iob":0.082,"basaliob":-0.104,"bolussnooze":0,"activity":0.0013,"lastBolusTime":1703608846227,"time":"2023-12-26T18:25:43.689Z","iobWithZeroTemp":{"iob":-0.275,"basaliob":-0.461,"bolussnooze":0,"activity":-0.0012,"lastBolusTime":1703608846227,"time":"2023-12-26T18:25:43.689Z"}},{"iob":0.076,"basaliob":-0.096,"bolussnooze":0,"activity":0.0012,"lastBolusTime":1703608846227,"time":"2023-12-26T18:30:43.689Z","iobWithZeroTemp":{"iob":-0.293,"basaliob":-0.465,"bolussnooze":0,"activity":-0.0015,"lastBolusTime":1703608846227,"time":"2023-12-26T18:30:43.689Z"}},{"iob":0.07,"basaliob":-0.089,"bolussnooze":0,"activity":0.0011,"lastBolusTime":1703608846227,"time":"2023-12-26T18:35:43.689Z","iobWithZeroTemp":{"iob":-0.31,"basaliob":-0.469,"bolussnooze":0,"activity":-0.0017,"lastBolusTime":1703608846227,"time":"2023-12-26T18:35:43.689Z"}},{"iob":0.064,"basaliob":-0.082,"bolussnooze":0,"activity":0.0011,"lastBolusTime":1703608846227,"time":"2023-12-26T18:40:43.689Z","iobWithZeroTemp":{"iob":-0.327,"basaliob":-0.473,"bolussnooze":0,"activity":-0.0019,"lastBolusTime":1703608846227,"time":"2023-12-26T18:40:43.689Z"}},{"iob":0.059,"basaliob":-0.076,"bolussnooze":0,"activity":0.001,"lastBolusTime":1703608846227,"time":"2023-12-26T18:45:43.689Z","iobWithZeroTemp":{"iob":-0.342,"basaliob":-0.477,"bolussnooze":0,"activity":-0.0021,"lastBolusTime":1703608846227,"time":"2023-12-26T18:45:43.689Z"}},{"iob":0.054,"basaliob":-0.07,"bolussnooze":0,"activity":9.0E-4,"lastBolusTime":1703608846227,"time":"2023-12-26T18:50:43.689Z","iobWithZeroTemp":{"iob":-0.356,"basaliob":-0.48,"bolussnooze":0,"activity":-0.0023,"lastBolusTime":1703608846227,"time":"2023-12-26T18:50:43.689Z"}},{"iob":0.049,"basaliob":-0.065,"bolussnooze":0,"activity":8.0E-4,"lastBolusTime":1703608846227,"time":"2023-12-26T18:55:43.689Z","iobWithZeroTemp":{"iob":-0.37,"basaliob":-0.484,"bolussnooze":0,"activity":-0.0025,"lastBolusTime":1703608846227,"time":"2023-12-26T18:55:43.689Z"}},{"iob":0.046,"basaliob":-0.059,"bolussnooze":0,"activity":8.0E-4,"lastBolusTime":1703608846227,"time":"2023-12-26T19:00:43.689Z","iobWithZeroTemp":{"iob":-0.381,"basaliob":-0.486,"bolussnooze":0,"activity":-0.0026,"lastBolusTime":1703608846227,"time":"2023-12-26T19:00:43.689Z"}},{"iob":0.042,"basaliob":-0.055,"bolussnooze":0,"activity":7.0E-4,"lastBolusTime":1703608846227,"time":"2023-12-26T19:05:43.689Z","iobWithZeroTemp":{"iob":-0.392,"basaliob":-0.489,"bolussnooze":0,"activity":-0.0028,"lastBolusTime":1703608846227,"time":"2023-12-26T19:05:43.689Z"}},{"iob":0.039,"basaliob":-0.05,"bolussnooze":0,"activity":7.0E-4,"lastBolusTime":1703608846227,"time":"2023-12-26T19:10:43.689Z","iobWithZeroTemp":{"iob":-0.402,"basaliob":-0.491,"bolussnooze":0,"activity":-0.0029,"lastBolusTime":1703608846227,"time":"2023-12-26T19:10:43.689Z"}},{"iob":0.036,"basaliob":-0.046,"bolussnooze":0,"activity":6.0E-4,"lastBolusTime":1703608846227,"time":"2023-12-26T19:15:43.689Z","iobWithZeroTemp":{"iob":-0.412,"basaliob":-0.494,"bolussnooze":0,"activity":-0.0031,"lastBolusTime":1703608846227,"time":"2023-12-26T19:15:43.689Z"}},{"iob":0.033,"basaliob":-0.042,"bolussnooze":0,"activity":6.0E-4,"lastBolusTime":1703608846227,"time":"2023-12-26T19:20:43.689Z","iobWithZeroTemp":{"iob":-0.421,"basaliob":-0.496,"bolussnooze":0,"activity":-0.0032,"lastBolusTime":1703608846227,"time":"2023-12-26T19:20:43.689Z"}},{"iob":0.03,"basaliob":-0.039,"bolussnooze":0,"activity":5.0E-4,"lastBolusTime":1703608846227,"time":"2023-12-26T19:25:43.689Z","iobWithZeroTemp":{"iob":-0.43,"basaliob":-0.499,"bolussnooze":0,"activity":-0.0034,"lastBolusTime":1703608846227,"time":"2023-12-26T19:25:43.689Z"}},{"iob":0.027,"basaliob":-0.036,"bolussnooze":0,"activity":5.0E-4,"lastBolusTime":1703608846227,"time":"2023-12-26T19:30:43.689Z","iobWithZeroTemp":{"iob":-0.438,"basaliob":-0.501,"bolussnooze":0,"activity":-0.0035,"lastBolusTime":1703608846227,"time":"2023-12-26T19:30:43.689Z"}},{"iob":0.025,"basaliob":-0.033,"bolussnooze":0,"activity":4.0E-4,"lastBolusTime":1703608846227,"time":"2023-12-26T19:35:43.689Z","iobWithZeroTemp":{"iob":-0.445,"basaliob":-0.503,"bolussnooze":0,"activity":-0.0036,"lastBolusTime":1703608846227,"time":"2023-12-26T19:35:43.689Z"}},{"iob":0.023,"basaliob":-0.03,"bolussnooze":0,"activity":4.0E-4,"lastBolusTime":1703608846227,"time":"2023-12-26T19:40:43.689Z","iobWithZeroTemp":{"iob":-0.452,"basaliob":-0.505,"bolussnooze":0,"activity":-0.0037,"lastBolusTime":1703608846227,"time":"2023-12-26T19:40:43.689Z"}},{"iob":0.021,"basaliob":-0.027,"bolussnooze":0,"activity":4.0E-4,"lastBolusTime":1703608846227,"time":"2023-12-26T19:45:43.689Z","iobWithZeroTemp":{"iob":-0.458,"basaliob":-0.506,"bolussnooze":0,"activity":-0.0038,"lastBolusTime":1703608846227,"time":"2023-12-26T19:45:43.689Z"}},{"iob":0.019,"basaliob":-0.025,"bolussnooze":0,"activity":3.0E-4,"lastBolusTime":1703608846227,"time":"2023-12-26T19:50:43.689Z","iobWithZeroTemp":{"iob":-0.464,"basaliob":-0.508,"bolussnooze":0,"activity":-0.0039,"lastBolusTime":1703608846227,"time":"2023-12-26T19:50:43.689Z"}},{"iob":0.017,"basaliob":-0.023,"bolussnooze":0,"activity":3.0E-4,"lastBolusTime":1703608846227,"time":"2023-12-26T19:55:43.689Z","iobWithZeroTemp":{"iob":-0.47,"basaliob":-0.51,"bolussnooze":0,"activity":-0.004,"lastBolusTime":1703608846227,"time":"2023-12-26T19:55:43.689Z"}},{"iob":0.016,"basaliob":-0.021,"bolussnooze":0,"activity":3.0E-4,"lastBolusTime":1703608846227,"time":"2023-12-26T20:00:43.689Z","iobWithZeroTemp":{"iob":-0.474,"basaliob":-0.511,"bolussnooze":0,"activity":-0.004,"lastBolusTime":1703608846227,"time":"2023-12-26T20:00:43.689Z"}},{"iob":0.014,"basaliob":-0.019,"bolussnooze":0,"activity":2.0E-4,"lastBolusTime":1703608846227,"time":"2023-12-26T20:05:43.689Z","iobWithZeroTemp":{"iob":-0.479,"basaliob":-0.512,"bolussnooze":0,"activity":-0.0042,"lastBolusTime":1703608846227,"time":"2023-12-26T20:05:43.689Z"}},{"iob":0.013,"basaliob":-0.017,"bolussnooze":0,"activity":3.0E-4,"lastBolusTime":1703608846227,"time":"2023-12-26T20:10:43.689Z","iobWithZeroTemp":{"iob":-0.483,"basaliob":-0.513,"bolussnooze":0,"activity":-0.0041,"lastBolusTime":1703608846227,"time":"2023-12-26T20:10:43.689Z"}},{"iob":0.012,"basaliob":-0.016,"bolussnooze":0,"activity":2.0E-4,"lastBolusTime":1703608846227,"time":"2023-12-26T20:15:43.689Z","iobWithZeroTemp":{"iob":-0.487,"basaliob":-0.515,"bolussnooze":0,"activity":-0.0043,"lastBolusTime":1703608846227,"time":"2023-12-26T20:15:43.689Z"}},{"iob":0.011,"basaliob":-0.014,"bolussnooze":0,"activity":2.0E-4,"lastBolusTime":1703608846227,"time":"2023-12-26T20:20:43.689Z","iobWithZeroTemp":{"iob":-0.491,"basaliob":-0.516,"bolussnooze":0,"activity":-0.0043,"lastBolusTime":1703608846227,"time":"2023-12-26T20:20:43.689Z"}},{"iob":0.01,"basaliob":-0.013,"bolussnooze":0,"activity":1.0E-4,"lastBolusTime":1703608846227,"time":"2023-12-26T20:25:43.689Z","iobWithZeroTemp":{"iob":-0.494,"basaliob":-0.517,"bolussnooze":0,"activity":-0.0045,"lastBolusTime":1703608846227,"time":"2023-12-26T20:25:43.689Z"}},{"iob":0.009,"basaliob":-0.012,"bolussnooze":0,"activity":2.0E-4,"lastBolusTime":1703608846227,"time":"2023-12-26T20:30:43.689Z","iobWithZeroTemp":{"iob":-0.497,"basaliob":-0.518,"bolussnooze":0,"activity":-0.0044,"lastBolusTime":1703608846227,"time":"2023-12-26T20:30:43.689Z"}},{"iob":0.008,"basaliob":-0.011,"bolussnooze":0,"activity":2.0E-4,"lastBolusTime":1703608846227,"time":"2023-12-26T20:35:43.689Z","iobWithZeroTemp":{"iob":-0.5,"basaliob":-0.519,"bolussnooze":0,"activity":-0.0044,"lastBolusTime":1703608846227,"time":"2023-12-26T20:35:43.689Z"}},{"iob":0.007,"basaliob":-0.01,"bolussnooze":0,"activity":1.0E-4,"lastBolusTime":1703608846227,"time":"2023-12-26T20:40:43.689Z","iobWithZeroTemp":{"iob":-0.503,"basaliob":-0.52,"bolussnooze":0,"activity":-0.0046,"lastBolusTime":1703608846227,"time":"2023-12-26T20:40:43.689Z"}},{"iob":0.007,"basaliob":-0.009,"bolussnooze":0,"activity":1.0E-4,"lastBolusTime":1703608846227,"time":"2023-12-26T20:45:43.689Z","iobWithZeroTemp":{"iob":-0.504,"basaliob":-0.52,"bolussnooze":0,"activity":-0.0046,"lastBolusTime":1703608846227,"time":"2023-12-26T20:45:43.689Z"}},{"iob":0.006,"basaliob":-0.008,"bolussnooze":0,"activity":1.0E-4,"lastBolusTime":1703608846227,"time":"2023-12-26T20:50:43.689Z","iobWithZeroTemp":{"iob":-0.507,"basaliob":-0.521,"bolussnooze":0,"activity":-0.0046,"lastBolusTime":1703608846227,"time":"2023-12-26T20:50:43.689Z"}}],"profile":{"max_iob":10,"type":"current","max_daily_basal":0.7,"max_basal":1.8,"min_bg":85,"max_bg":85,"target_bg":85,"carb_ratio":8.5,"sens":85,"max_daily_safety_multiplier":3,"current_basal_safety_multiplier":4,"high_temptarget_raises_sensitivity":false,"low_temptarget_lowers_sensitivity":false,"sensitivity_raises_target":true,"resistance_lowers_target":true,"adv_target_adjustments":false,"exercise_mode":false,"half_basal_exercise_target":160,"maxCOB":120,"skip_neutral_temps":false,"remainingCarbsCap":90,"enableUAM":true,"A52_risk_enable":false,"SMBInterval":4,"enableSMB_with_COB":true,"enableSMB_with_temptarget":true,"allowSMB_with_high_temptarget":false,"enableSMB_always":true,"enableSMB_after_carbs":true,"maxSMBBasalMinutes":45,"maxUAMSMBBasalMinutes":120,"bolus_increment":0.05,"carbsReqThreshold":5,"current_basal":0.45,"temptargetSet":true,"autosens_max":1.3},"autosens_data":{"ratio":1},"meal_data":{"carbs":50,"mealCOB":0,"slopeFromMaxDeviation":-0.5014285714285714,"slopeFromMinDeviation":0.4019999999999999,"lastBolusTime":1703608846227,"lastCarbTime":1703592061000},"microBolusAllowed":true,"currentTime":1703609744054,"flatBGsDetected":false},"output":{"temp":"absolute","bg":122,"tick":"+4","eventualBG":119,"targetBG":85,"insulinReq":0.29,"deliverAt":"2023-12-26T16:55:44.054Z","sensitivityRatio":1,"predBGs":{"IOB":[122,124,126,127,128,129,130,130,130,130,130,129,128,128,127,126,125,125,124,124,123,123,122,122,121,121,121,120,120,120,120,119,119,119,119,119,118],"ZT":[122,120,119,117,116,115,114,113,112,111,111,110,110,110,110,110,110,110,111,111,112,113,113],"UAM":[122,124,125,126,126,127,126,125,124,123,122,121,120,119,119,118,117,117,116,115,115,114,114,114,113,113,112,112,112,112,111,111,111,111,111,110,110,110,110,110,110,110,110,110,110,110,109]},"COB":0,"IOB":0.305,"reason":"COB: 0, Dev: 23, BGI: -2, ISF: 85, CR: 8.5, Target: 85, minPredBG 110, minGuardBG 109, IOBpredBG 118, UAMpredBG 109; Eventual BG 119 >= 85,  insulinReq 0.29. Microbolusing 0.1U. temp 0.00 < 1.03U\/hr. ","units":0.1,"duration":30,"rate":1.03,"timestamp":"2023-12-26T16:55:44.057Z"}}