{"algorithm":"OpenAPSSMBPlugin","input":{"glucoseStatus":{"glucose":122,"noise":0,"delta":-6,"short_avgdelta":-5.3,"long_avgdelta":-2.12,"date":1703583628612},"currenttemp":{"temp":"absolute","duration":115,"rate":0,"minutesrunning":5},"iob_data":[{"iob":1.429,"basaliob":-0.705,"bolussnooze":0.1749,"activity":0.0205,"lastBolusTime":1703580652028,"time":"2023-12-26T09:40:44.240Z","iobWithZeroTemp":{"iob":1.429,"basaliob":-0.705,"bolussnooze":0.1749,"activity":0.0205,"lastBolusTime":1703580652028,"time":"2023-12-26T09:40:44.240Z"}},{"iob":1.329,"basaliob":-0.674,"bolussnooze":0.1473,"activity":0.0193,"lastBolusTime":1703580652028,"time":"2023-12-26T09:45:44.240Z","iobWithZeroTemp":{"iob":1.303,"basaliob":-0.7,"bolussnooze":0.1473,"activity":0.0193,"lastBolusTime":1703580652028,"time":"2023-12-26T09:45:44.240Z"}},{"iob":1.235,"basaliob":-0.643,"bolussnooze":0.1237,"activity":0.0181,"lastBolusTime":1703580652028,"time":"2023-12-26T09:50:44.240Z","iobWithZeroTemp":{"iob":1.177,"basaliob":-0.701,"bolussnooze":0.1237,"activity":0.018,"lastBolusTime":1703580652028,"time":"2023-12-26T09:50:44.240Z"}},{"iob":1.148,"basaliob":-0.612,"bolussnooze":0.1035,"activity":0.017,"lastBolusTime":1703580652028,"time":"2023-12-26T09:55:44.240Z","iobWithZeroTemp":{"iob":1.058,"basaliob":-0.702,"bolussnooze":0.1035,"activity":0.0168,"lastBolusTime":1703580652028,"time":"2023-12-26T09:55:44.240Z"}},{"iob":1.066,"basaliob":-0.581,"bolussnooze":0.0864,"activity":0.0159,"lastBolusTime":1703580652028,"time":"2023-12-26T10:00:44.240Z","iobWithZeroTemp":{"iob":0.945,"basaliob":-0.702,"bolussnooze":0.0864,"activity":0.0156,"lastBolusTime":1703580652028,"time":"2023-12-26T10:00:44.240Z"}},{"iob":0.988,"basaliob":-0.551,"bolussnooze":0.0719,"activity":0.0149,"lastBolusTime":1703580652028,"time":"2023-12-26T10:05:44.240Z","iobWithZeroTemp":{"iob":0.836,"basaliob":-0.703,"bolussnooze":0.0719,"activity":0.0144,"lastBolusTime":1703580652028,"time":"2023-12-26T10:05:44.240Z"}},{"iob":0.917,"basaliob":-0.521,"bolussnooze":0.0596,"activity":0.014,"lastBolusTime":1703580652028,"time":"2023-12-26T10:10:44.240Z","iobWithZeroTemp":{"iob":0.735,"basaliob":-0.703,"bolussnooze":0.0596,"activity":0.0133,"lastBolusTime":1703580652028,"time":"2023-12-26T10:10:44.240Z"}},{"iob":0.848,"basaliob":-0.493,"bolussnooze":0.0492,"activity":0.013,"lastBolusTime":1703580652028,"time":"2023-12-26T10:15:44.240Z","iobWithZeroTemp":{"iob":0.638,"basaliob":-0.703,"bolussnooze":0.0492,"activity":0.0121,"lastBolusTime":1703580652028,"time":"2023-12-26T10:15:44.240Z"}},{"iob":0.785,"basaliob":-0.465,"bolussnooze":0.0405,"activity":0.0122,"lastBolusTime":1703580652028,"time":"2023-12-26T10:20:44.240Z","iobWithZeroTemp":{"iob":0.547,"basaliob":-0.703,"bolussnooze":0.0405,"activity":0.0111,"lastBolusTime":1703580652028,"time":"2023-12-26T10:20:44.240Z"}},{"iob":0.727,"basaliob":-0.438,"bolussnooze":0.0331,"activity":0.0114,"lastBolusTime":1703580652028,"time":"2023-12-26T10:25:44.240Z","iobWithZeroTemp":{"iob":0.462,"basaliob":-0.703,"bolussnooze":0.0331,"activity":0.0101,"lastBolusTime":1703580652028,"time":"2023-12-26T10:25:44.240Z"}},{"iob":0.672,"basaliob":-0.412,"bolussnooze":0.027,"activity":0.0106,"lastBolusTime":1703580652028,"time":"2023-12-26T10:30:44.240Z","iobWithZeroTemp":{"iob":0.382,"basaliob":-0.702,"bolussnooze":0.027,"activity":0.0091,"lastBolusTime":1703580652028,"time":"2023-12-26T10:30:44.240Z"}},{"iob":0.621,"basaliob":-0.387,"bolussnooze":0.0219,"activity":0.0098,"lastBolusTime":1703580652028,"time":"2023-12-26T10:35:44.240Z","iobWithZeroTemp":{"iob":0.306,"basaliob":-0.702,"bolussnooze":0.0219,"activity":0.0081,"lastBolusTime":1703580652028,"time":"2023-12-26T10:35:44.240Z"}},{"iob":0.572,"basaliob":-0.364,"bolussnooze":0.0177,"activity":0.0092,"lastBolusTime":1703580652028,"time":"2023-12-26T10:40:44.240Z","iobWithZeroTemp":{"iob":0.234,"basaliob":-0.702,"bolussnooze":0.0177,"activity":0.0073,"lastBolusTime":1703580652028,"time":"2023-12-26T10:40:44.240Z"}},{"iob":0.528,"basaliob":-0.341,"bolussnooze":0.0142,"activity":0.0086,"lastBolusTime":1703580652028,"time":"2023-12-26T10:45:44.240Z","iobWithZeroTemp":{"iob":0.168,"basaliob":-0.701,"bolussnooze":0.0142,"activity":0.0064,"lastBolusTime":1703580652028,"time":"2023-12-26T10:45:44.240Z"}},{"iob":0.487,"basaliob":-0.319,"bolussnooze":0.0113,"activity":0.008,"lastBolusTime":1703580652028,"time":"2023-12-26T10:50:44.240Z","iobWithZeroTemp":{"iob":0.105,"basaliob":-0.701,"bolussnooze":0.0113,"activity":0.0056,"lastBolusTime":1703580652028,"time":"2023-12-26T10:50:44.240Z"}},{"iob":0.449,"basaliob":-0.299,"bolussnooze":0.0089,"activity":0.0074,"lastBolusTime":1703580652028,"time":"2023-12-26T10:55:44.240Z","iobWithZeroTemp":{"iob":0.047,"basaliob":-0.701,"bolussnooze":0.0089,"activity":0.0048,"lastBolusTime":1703580652028,"time":"2023-12-26T10:55:44.240Z"}},{"iob":0.413,"basaliob":-0.279,"bolussnooze":0.007,"activity":0.0069,"lastBolusTime":1703580652028,"time":"2023-12-26T11:00:44.240Z","iobWithZeroTemp":{"iob":-0.008,"basaliob":-0.7,"bolussnooze":0.007,"activity":0.0041,"lastBolusTime":1703580652028,"time":"2023-12-26T11:00:44.240Z"}},{"iob":0.38,"basaliob":-0.261,"bolussnooze":0.0054,"activity":0.0064,"lastBolusTime":1703580652028,"time":"2023-12-26T11:05:44.240Z","iobWithZeroTemp":{"iob":-0.059,"basaliob":-0.7,"bolussnooze":0.0054,"activity":0.0034,"lastBolusTime":1703580652028,"time":"2023-12-26T11:05:44.240Z"}},{"iob":0.35,"basaliob":-0.243,"bolussnooze":0.0042,"activity":0.0059,"lastBolusTime":1703580652028,"time":"2023-12-26T11:10:44.240Z","iobWithZeroTemp":{"iob":-0.106,"basaliob":-0.699,"bolussnooze":0.0042,"activity":0.0027,"lastBolusTime":1703580652028,"time":"2023-12-26T11:10:44.240Z"}},{"iob":0.321,"basaliob":-0.227,"bolussnooze":0.0031,"activity":0.0055,"lastBolusTime":1703580652028,"time":"2023-12-26T11:15:44.240Z","iobWithZeroTemp":{"iob":-0.151,"basaliob":-0.699,"bolussnooze":0.0031,"activity":0.0021,"lastBolusTime":1703580652028,"time":"2023-12-26T11:15:44.240Z"}},{"iob":0.295,"basaliob":-0.211,"bolussnooze":0.0023,"activity":0.0051,"lastBolusTime":1703580652028,"time":"2023-12-26T11:20:44.240Z","iobWithZeroTemp":{"iob":-0.192,"basaliob":-0.698,"bolussnooze":0.0023,"activity":0.0015,"lastBolusTime":1703580652028,"time":"2023-12-26T11:20:44.240Z"}},{"iob":0.27,"basaliob":-0.197,"bolussnooze":0.0017,"activity":0.0047,"lastBolusTime":1703580652028,"time":"2023-12-26T11:25:44.240Z","iobWithZeroTemp":{"iob":-0.231,"basaliob":-0.698,"bolussnooze":0.0017,"activity":9.0E-4,"lastBolusTime":1703580652028,"time":"2023-12-26T11:25:44.240Z"}},{"iob":0.248,"basaliob":-0.183,"bolussnooze":0.0012,"activity":0.0043,"lastBolusTime":1703580652028,"time":"2023-12-26T11:30:44.240Z","iobWithZeroTemp":{"iob":-0.266,"basaliob":-0.697,"bolussnooze":0.0012,"activity":4.0E-4,"lastBolusTime":1703580652028,"time":"2023-12-26T11:30:44.240Z"}},{"iob":0.227,"basaliob":-0.17,"bolussnooze":8.0E-4,"activity":0.004,"lastBolusTime":1703580652028,"time":"2023-12-26T11:35:44.240Z","iobWithZeroTemp":{"iob":-0.3,"basaliob":-0.697,"bolussnooze":8.0E-4,"activity":-1.0E-4,"lastBolusTime":1703580652028,"time":"2023-12-26T11:35:44.240Z"}},{"iob":0.208,"basaliob":-0.158,"bolussnooze":5.0E-4,"activity":0.0036,"lastBolusTime":1703580652028,"time":"2023-12-26T11:40:44.240Z","iobWithZeroTemp":{"iob":-0.33,"basaliob":-0.696,"bolussnooze":5.0E-4,"activity":-6.0E-4,"lastBolusTime":1703580652028,"time":"2023-12-26T11:40:44.240Z"}},{"iob":0.19,"basaliob":-0.146,"bolussnooze":3.0E-4,"activity":0.0034,"lastBolusTime":1703580652028,"time":"2023-12-26T11:45:44.240Z","iobWithZeroTemp":{"iob":-0.359,"basaliob":-0.695,"bolussnooze":3.0E-4,"activity":-0.001,"lastBolusTime":1703580652028,"time":"2023-12-26T11:45:44.240Z"}},{"iob":0.174,"basaliob":-0.135,"bolussnooze":2.0E-4,"activity":0.0031,"lastBolusTime":1703580652028,"time":"2023-12-26T11:50:44.240Z","iobWithZeroTemp":{"iob":-0.385,"basaliob":-0.694,"bolussnooze":2.0E-4,"activity":-0.0014,"lastBolusTime":1703580652028,"time":"2023-12-26T11:50:44.240Z"}},{"iob":0.159,"basaliob":-0.125,"bolussnooze":1.0E-4,"activity":0.0029,"lastBolusTime":1703580652028,"time":"2023-12-26T11:55:44.240Z","iobWithZeroTemp":{"iob":-0.41,"basaliob":-0.694,"bolussnooze":1.0E-4,"activity":-0.0018,"lastBolusTime":1703580652028,"time":"2023-12-26T11:55:44.240Z"}},{"iob":0.145,"basaliob":-0.116,"bolussnooze":0,"activity":0.0027,"lastBolusTime":1703580652028,"time":"2023-12-26T12:00:44.240Z","iobWithZeroTemp":{"iob":-0.433,"basaliob":-0.694,"bolussnooze":0,"activity":-0.0021,"lastBolusTime":1703580652028,"time":"2023-12-26T12:00:44.240Z"}},{"iob":0.133,"basaliob":-0.107,"bolussnooze":0,"activity":0.0024,"lastBolusTime":1703580652028,"time":"2023-12-26T12:05:44.240Z","iobWithZeroTemp":{"iob":-0.469,"basaliob":-0.709,"bolussnooze":0,"activity":-0.0025,"lastBolusTime":1703580652028,"time":"2023-12-26T12:05:44.240Z"}},{"iob":0.121,"basaliob":-0.099,"bolussnooze":0,"activity":0.0022,"lastBolusTime":1703580652028,"time":"2023-12-26T12:10:44.240Z","iobWithZeroTemp":{"iob":-0.505,"basaliob":-0.725,"bolussnooze":0,"activity":-0.0029,"lastBolusTime":1703580652028,"time":"2023-12-26T12:10:44.240Z"}},{"iob":0.109,"basaliob":-0.092,"bolussnooze":0,"activity":0.002,"lastBolusTime":1703580652028,"time":"2023-12-26T12:15:44.240Z","iobWithZeroTemp":{"iob":-0.54,"basaliob":-0.741,"bolussnooze":0,"activity":-0.0032,"lastBolusTime":1703580652028,"time":"2023-12-26T12:15:44.240Z"}},{"iob":0.099,"basaliob":-0.085,"bolussnooze":0,"activity":0.0019,"lastBolusTime":1703580652028,"time":"2023-12-26T12:20:44.240Z","iobWithZeroTemp":{"iob":-0.572,"basaliob":-0.756,"bolussnooze":0,"activity":-0.0035,"lastBolusTime":1703580652028,"time":"2023-12-26T12:20:44.240Z"}},{"iob":0.091,"basaliob":-0.078,"bolussnooze":0,"activity":0.0017,"lastBolusTime":1703580652028,"time":"2023-12-26T12:25:44.240Z","iobWithZeroTemp":{"iob":-0.602,"basaliob":-0.771,"bolussnooze":0,"activity":-0.0039,"lastBolusTime":1703580652028,"time":"2023-12-26T12:25:44.240Z"}},{"iob":0.082,"basaliob":-0.072,"bolussnooze":0,"activity":0.0016,"lastBolusTime":1703580652028,"time":"2023-12-26T12:30:44.240Z","iobWithZeroTemp":{"iob":-0.631,"basaliob":-0.785,"bolussnooze":0,"activity":-0.0041,"lastBolusTime":1703580652028,"time":"2023-12-26T12:30:44.240Z"}},{"iob":0.075,"basaliob":-0.066,"bolussnooze":0,"activity":0.0015,"lastBolusTime":1703580652028,"time":"2023-12-26T12:35:44.240Z","iobWithZeroTemp":{"iob":-0.658,"basaliob":-0.799,"bolussnooze":0,"activity":-0.0044,"lastBolusTime":1703580652028,"time":"2023-12-26T12:35:44.240Z"}},{"iob":0.068,"basaliob":-0.061,"bolussnooze":0,"activity":0.0014,"lastBolusTime":1703580652028,"time":"2023-12-26T12:40:44.240Z","iobWithZeroTemp":{"iob":-0.684,"basaliob":-0.813,"bolussnooze":0,"activity":-0.0047,"lastBolusTime":1703580652028,"time":"2023-12-26T12:40:44.240Z"}},{"iob":0.061,"basaliob":-0.056,"bolussnooze":0,"activity":0.0013,"lastBolusTime":1703580652028,"time":"2023-12-26T12:45:44.240Z","iobWithZeroTemp":{"iob":-0.708,"basaliob":-0.825,"bolussnooze":0,"activity":-0.005,"lastBolusTime":1703580652028,"time":"2023-12-26T12:45:44.240Z"}},{"iob":0.056,"basaliob":-0.051,"bolussnooze":0,"activity":0.0011,"lastBolusTime":1703580652028,"time":"2023-12-26T12:50:44.240Z","iobWithZeroTemp":{"iob":-0.73,"basaliob":-0.837,"bolussnooze":0,"activity":-0.0053,"lastBolusTime":1703580652028,"time":"2023-12-26T12:50:44.240Z"}},{"iob":0.05,"basaliob":-0.047,"bolussnooze":0,"activity":0.001,"lastBolusTime":1703580652028,"time":"2023-12-26T12:55:44.240Z","iobWithZeroTemp":{"iob":-0.752,"basaliob":-0.849,"bolussnooze":0,"activity":-0.0056,"lastBolusTime":1703580652028,"time":"2023-12-26T12:55:44.240Z"}},{"iob":0.045,"basaliob":-0.043,"bolussnooze":0,"activity":0.001,"lastBolusTime":1703580652028,"time":"2023-12-26T13:00:44.240Z","iobWithZeroTemp":{"iob":-0.773,"basaliob":-0.861,"bolussnooze":0,"activity":-0.0058,"lastBolusTime":1703580652028,"time":"2023-12-26T13:00:44.240Z"}},{"iob":0.04,"basaliob":-0.04,"bolussnooze":0,"activity":8.0E-4,"lastBolusTime":1703580652028,"time":"2023-12-26T13:05:44.240Z","iobWithZeroTemp":{"iob":-0.792,"basaliob":-0.872,"bolussnooze":0,"activity":-0.0061,"lastBolusTime":1703580652028,"time":"2023-12-26T13:05:44.240Z"}},{"iob":0.037,"basaliob":-0.036,"bolussnooze":0,"activity":8.0E-4,"lastBolusTime":1703580652028,"time":"2023-12-26T13:10:44.240Z","iobWithZeroTemp":{"iob":-0.809,"basaliob":-0.882,"bolussnooze":0,"activity":-0.0063,"lastBolusTime":1703580652028,"time":"2023-12-26T13:10:44.240Z"}},{"iob":0.033,"basaliob":-0.033,"bolussnooze":0,"activity":7.0E-4,"lastBolusTime":1703580652028,"time":"2023-12-26T13:15:44.240Z","iobWithZeroTemp":{"iob":-0.825,"basaliob":-0.891,"bolussnooze":0,"activity":-0.0066,"lastBolusTime":1703580652028,"time":"2023-12-26T13:15:44.240Z"}},{"iob":0.03,"basaliob":-0.03,"bolussnooze":0,"activity":7.0E-4,"lastBolusTime":1703580652028,"time":"2023-12-26T13:20:44.240Z","iobWithZeroTemp":{"iob":-0.841,"basaliob":-0.901,"bolussnooze":0,"activity":-0.0067,"lastBolusTime":1703580652028,"time":"2023-12-26T13:20:44.240Z"}},{"iob":0.026,"basaliob":-0.028,"bolussnooze":0,"activity":6.0E-4,"lastBolusTime":1703580652028,"time":"2023-12-26T13:25:44.240Z","iobWithZeroTemp":{"iob":-0.856,"basaliob":-0.91,"bolussnooze":0,"activity":-0.0069,"lastBolusTime":1703580652028,"time":"2023-12-26T13:25:44.240Z"}},{"iob":0.024,"basaliob":-0.025,"bolussnooze":0,"activity":5.0E-4,"lastBolusTime":1703580652028,"time":"2023-12-26T13:30:44.240Z","iobWithZeroTemp":{"iob":-0.869,"basaliob":-0.918,"bolussnooze":0,"activity":-0.0072,"lastBolusTime":1703580652028,"time":"2023-12-26T13:30:44.240Z"}},{"iob":0.021,"basaliob":-0.023,"bolussnooze":0,"activity":5.0E-4,"lastBolusTime":1703580652028,"time":"2023-12-26T13:35:44.240Z","iobWithZeroTemp":{"iob":-0.882,"basaliob":-0.926,"bolussnooze":0,"activity":-0.0073,"lastBolusTime":1703580652028,"time":"2023-12-26T13:35:44.240Z"}}],"profile":{"max_iob":10,"type":"current","max_daily_basal":0.7,"max_basal":1.2,"min_bg":100,"max_bg":100,"target_bg":100,"carb_ratio":7.5,"sens":85,"max_daily_safety_multiplier":3,"current_basal_safety_multiplier":4,"high_temptarget_raises_sensitivity":false,"low_temptarget_lowers_sensitivity":false,"sensitivity_raises_target":true,"resistance_lowers_target":true,"adv_target_adjustments":false,"exercise_mode":false,"half_basal_exercise_target":160,"maxCOB":120,"skip_neutral_temps":false,"remainingCarbsCap":90,"enableUAM":true,"A52_risk_enable":false,"SMBInterval":4,"enableSMB_with_COB":true,"enableSMB_with_temptarget":true,"allowSMB_with_high_temptarget":false,"enableSMB_always":true,"enableSMB_after_carbs":true,"maxSMBBasalMinutes":45,"maxUAMSMBBasalMinutes":120,"bolus_increment":0.05,"carbsReqThreshold":5,"current_basal":0.3,"temptargetSet":false,"autosens_max":1.3},"autosens_data":{"ratio":1.3},"meal_data":{"carbs":35,"mealCOB":9.086102941176478,"slopeFromMaxDeviation":-1.2125555555555556,"slopeFromMinDeviation":0,"lastBolusTime":1703580652028,"lastCarbTime":1703576391522},"microBolusAllowed":true,"currentTime":1703583645657,"flatBGsDetected":false},"output":{"temp":"absolute","bg":122,"tick":-6,"eventualBG":97,"targetBG":91,"insulinReq":0,"deliverAt":"2023-12-26T09:40:45.657Z","sensitivityRatio":1.3,"predBGs":{"IOB":[122,116,110,105,100,95,90,86,82,78,75,71,68,65,62,60,57,55,53,51,49,47,46,45,43,42,41,40,39],"ZT":[122,115,109,103,98,93,88,83,79,76,73,70,67,65,62,61,59,58,57,56,55,55,54,54,54,54,55,55,56,56,57,58,59,60,62,63,64,66,68,69,71,73,75,77,79,81,84,86],"COB":[122,116,111,105,101,96,93,89,86,83,80,78,76,74,73,72,71,70,69,69,69,69,69,69,70,70,71,72,73,74,76,77,78,80,81,83,84,85,87,88,89,90,92,93,94,95,96,97],"UAM":[122,115,109,103,98,92,87,83,79,75,71,67,64,61,58,56,53,51,49,47,45,44,42,41,39]},"COB":9.086102941176478,"IOB":1.429,"reason":"COB: 9.1, Dev: 4, BGI: -7, ISF: 65, CR: 7.5, Target: 91, minPredBG 54, minGuardBG 37, IOBpredBG 39, COBpredBG 97, UAMpredBG 39; minGuardBG 37<66 115m left and 0 ~ req 0U\/hr: no temp required","timestamp":"2023-12-26T09:40:45.661Z"}}