{"algorithm":"OpenAPSSMBPlugin","input":{"glucoseStatus":{"glucose":113,"noise":0,"delta":-0.33,"short_avgdelta":-1.3,"long_avgdelta":-1.9,"date":1703591728694},"currenttemp":{"temp":"absolute","duration":110,"rate":0,"minutesrunning":10},"iob_data":[{"iob":3.726,"basaliob":-0.369,"bolussnooze":2.5923,"activity":0.0222,"lastBolusTime":1703590781389,"time":"2023-12-26T11:55:54.063Z","iobWithZeroTemp":{"iob":3.726,"basaliob":-0.369,"bolussnooze":2.5923,"activity":0.0222,"lastBolusTime":1703590781389,"time":"2023-12-26T11:55:54.063Z"}},{"iob":3.61,"basaliob":-0.351,"bolussnooze":2.4032,"activity":0.0242,"lastBolusTime":1703590781389,"time":"2023-12-26T12:00:54.063Z","iobWithZeroTemp":{"iob":3.584,"basaliob":-0.377,"bolussnooze":2.4032,"activity":0.0242,"lastBolusTime":1703590781389,"time":"2023-12-26T12:00:54.063Z"}},{"iob":3.486,"basaliob":-0.333,"bolussnooze":2.2032,"activity":0.0257,"lastBolusTime":1703590781389,"time":"2023-12-26T12:05:54.063Z","iobWithZeroTemp":{"iob":3.414,"basaliob":-0.405,"bolussnooze":2.2032,"activity":0.0256,"lastBolusTime":1703590781389,"time":"2023-12-26T12:05:54.063Z"}},{"iob":3.355,"basaliob":-0.315,"bolussnooze":2.0011,"activity":0.0268,"lastBolusTime":1703590781389,"time":"2023-12-26T12:10:54.063Z","iobWithZeroTemp":{"iob":3.237,"basaliob":-0.433,"bolussnooze":2.0011,"activity":0.0266,"lastBolusTime":1703590781389,"time":"2023-12-26T12:10:54.063Z"}},{"iob":3.219,"basaliob":-0.298,"bolussnooze":1.8033,"activity":0.0274,"lastBolusTime":1703590781389,"time":"2023-12-26T12:15:54.063Z","iobWithZeroTemp":{"iob":3.054,"basaliob":-0.463,"bolussnooze":1.8033,"activity":0.027,"lastBolusTime":1703590781389,"time":"2023-12-26T12:15:54.063Z"}},{"iob":3.08,"basaliob":-0.282,"bolussnooze":1.6139,"activity":0.0278,"lastBolusTime":1703590781389,"time":"2023-12-26T12:20:54.063Z","iobWithZeroTemp":{"iob":2.87,"basaliob":-0.492,"bolussnooze":1.6139,"activity":0.0272,"lastBolusTime":1703590781389,"time":"2023-12-26T12:20:54.063Z"}},{"iob":2.941,"basaliob":-0.266,"bolussnooze":1.4359,"activity":0.0279,"lastBolusTime":1703590781389,"time":"2023-12-26T12:25:54.063Z","iobWithZeroTemp":{"iob":2.687,"basaliob":-0.52,"bolussnooze":1.4359,"activity":0.027,"lastBolusTime":1703590781389,"time":"2023-12-26T12:25:54.063Z"}},{"iob":2.802,"basaliob":-0.25,"bolussnooze":1.2707,"activity":0.0278,"lastBolusTime":1703590781389,"time":"2023-12-26T12:30:54.063Z","iobWithZeroTemp":{"iob":2.505,"basaliob":-0.547,"bolussnooze":1.2707,"activity":0.0266,"lastBolusTime":1703590781389,"time":"2023-12-26T12:30:54.063Z"}},{"iob":2.664,"basaliob":-0.235,"bolussnooze":1.1192,"activity":0.0275,"lastBolusTime":1703590781389,"time":"2023-12-26T12:35:54.063Z","iobWithZeroTemp":{"iob":2.326,"basaliob":-0.573,"bolussnooze":1.1192,"activity":0.026,"lastBolusTime":1703590781389,"time":"2023-12-26T12:35:54.063Z"}},{"iob":2.528,"basaliob":-0.221,"bolussnooze":0.9814,"activity":0.027,"lastBolusTime":1703590781389,"time":"2023-12-26T12:40:54.063Z","iobWithZeroTemp":{"iob":2.15,"basaliob":-0.599,"bolussnooze":0.9814,"activity":0.0252,"lastBolusTime":1703590781389,"time":"2023-12-26T12:40:54.063Z"}},{"iob":2.395,"basaliob":-0.207,"bolussnooze":0.8572,"activity":0.0263,"lastBolusTime":1703590781389,"time":"2023-12-26T12:45:54.063Z","iobWithZeroTemp":{"iob":1.978,"basaliob":-0.624,"bolussnooze":0.8572,"activity":0.0242,"lastBolusTime":1703590781389,"time":"2023-12-26T12:45:54.063Z"}},{"iob":2.265,"basaliob":-0.194,"bolussnooze":0.746,"activity":0.0257,"lastBolusTime":1703590781389,"time":"2023-12-26T12:50:54.063Z","iobWithZeroTemp":{"iob":1.812,"basaliob":-0.647,"bolussnooze":0.746,"activity":0.0233,"lastBolusTime":1703590781389,"time":"2023-12-26T12:50:54.063Z"}},{"iob":2.138,"basaliob":-0.182,"bolussnooze":0.6469,"activity":0.0249,"lastBolusTime":1703590781389,"time":"2023-12-26T12:55:54.063Z","iobWithZeroTemp":{"iob":1.65,"basaliob":-0.67,"bolussnooze":0.6469,"activity":0.0221,"lastBolusTime":1703590781389,"time":"2023-12-26T12:55:54.063Z"}},{"iob":2.016,"basaliob":-0.17,"bolussnooze":0.5591,"activity":0.024,"lastBolusTime":1703590781389,"time":"2023-12-26T13:00:54.063Z","iobWithZeroTemp":{"iob":1.494,"basaliob":-0.692,"bolussnooze":0.5591,"activity":0.0209,"lastBolusTime":1703590781389,"time":"2023-12-26T13:00:54.063Z"}},{"iob":1.898,"basaliob":-0.159,"bolussnooze":0.4817,"activity":0.0231,"lastBolusTime":1703590781389,"time":"2023-12-26T13:05:54.063Z","iobWithZeroTemp":{"iob":1.345,"basaliob":-0.712,"bolussnooze":0.4817,"activity":0.0197,"lastBolusTime":1703590781389,"time":"2023-12-26T13:05:54.063Z"}},{"iob":1.786,"basaliob":-0.148,"bolussnooze":0.4138,"activity":0.0221,"lastBolusTime":1703590781389,"time":"2023-12-26T13:10:54.063Z","iobWithZeroTemp":{"iob":1.202,"basaliob":-0.732,"bolussnooze":0.4138,"activity":0.0184,"lastBolusTime":1703590781389,"time":"2023-12-26T13:10:54.063Z"}},{"iob":1.677,"basaliob":-0.138,"bolussnooze":0.3544,"activity":0.0212,"lastBolusTime":1703590781389,"time":"2023-12-26T13:15:54.063Z","iobWithZeroTemp":{"iob":1.065,"basaliob":-0.75,"bolussnooze":0.3544,"activity":0.0172,"lastBolusTime":1703590781389,"time":"2023-12-26T13:15:54.063Z"}},{"iob":1.573,"basaliob":-0.129,"bolussnooze":0.3027,"activity":0.0203,"lastBolusTime":1703590781389,"time":"2023-12-26T13:20:54.063Z","iobWithZeroTemp":{"iob":0.934,"basaliob":-0.768,"bolussnooze":0.3027,"activity":0.016,"lastBolusTime":1703590781389,"time":"2023-12-26T13:20:54.063Z"}},{"iob":1.474,"basaliob":-0.12,"bolussnooze":0.2578,"activity":0.0193,"lastBolusTime":1703590781389,"time":"2023-12-26T13:25:54.063Z","iobWithZeroTemp":{"iob":0.809,"basaliob":-0.785,"bolussnooze":0.2578,"activity":0.0147,"lastBolusTime":1703590781389,"time":"2023-12-26T13:25:54.063Z"}},{"iob":1.381,"basaliob":-0.111,"bolussnooze":0.2189,"activity":0.0184,"lastBolusTime":1703590781389,"time":"2023-12-26T13:30:54.063Z","iobWithZeroTemp":{"iob":0.692,"basaliob":-0.8,"bolussnooze":0.2189,"activity":0.0135,"lastBolusTime":1703590781389,"time":"2023-12-26T13:30:54.063Z"}},{"iob":1.29,"basaliob":-0.104,"bolussnooze":0.1854,"activity":0.0175,"lastBolusTime":1703590781389,"time":"2023-12-26T13:35:54.063Z","iobWithZeroTemp":{"iob":0.579,"basaliob":-0.815,"bolussnooze":0.1854,"activity":0.0123,"lastBolusTime":1703590781389,"time":"2023-12-26T13:35:54.063Z"}},{"iob":1.206,"basaliob":-0.096,"bolussnooze":0.1566,"activity":0.0165,"lastBolusTime":1703590781389,"time":"2023-12-26T13:40:54.063Z","iobWithZeroTemp":{"iob":0.473,"basaliob":-0.829,"bolussnooze":0.1566,"activity":0.011,"lastBolusTime":1703590781389,"time":"2023-12-26T13:40:54.063Z"}},{"iob":1.126,"basaliob":-0.089,"bolussnooze":0.1318,"activity":0.0157,"lastBolusTime":1703590781389,"time":"2023-12-26T13:45:54.063Z","iobWithZeroTemp":{"iob":0.373,"basaliob":-0.842,"bolussnooze":0.1318,"activity":0.01,"lastBolusTime":1703590781389,"time":"2023-12-26T13:45:54.063Z"}},{"iob":1.049,"basaliob":-0.083,"bolussnooze":0.1107,"activity":0.0147,"lastBolusTime":1703590781389,"time":"2023-12-26T13:50:54.063Z","iobWithZeroTemp":{"iob":0.277,"basaliob":-0.855,"bolussnooze":0.1107,"activity":0.0087,"lastBolusTime":1703590781389,"time":"2023-12-26T13:50:54.063Z"}},{"iob":0.978,"basaliob":-0.077,"bolussnooze":0.0926,"activity":0.0139,"lastBolusTime":1703590781389,"time":"2023-12-26T13:55:54.063Z","iobWithZeroTemp":{"iob":0.189,"basaliob":-0.866,"bolussnooze":0.0926,"activity":0.0077,"lastBolusTime":1703590781389,"time":"2023-12-26T13:55:54.063Z"}},{"iob":0.91,"basaliob":-0.071,"bolussnooze":0.0773,"activity":0.0131,"lastBolusTime":1703590781389,"time":"2023-12-26T14:00:54.063Z","iobWithZeroTemp":{"iob":0.104,"basaliob":-0.877,"bolussnooze":0.0773,"activity":0.0067,"lastBolusTime":1703590781389,"time":"2023-12-26T14:00:54.063Z"}},{"iob":0.848,"basaliob":-0.065,"bolussnooze":0.0643,"activity":0.0124,"lastBolusTime":1703590781389,"time":"2023-12-26T14:05:54.063Z","iobWithZeroTemp":{"iob":0.027,"basaliob":-0.886,"bolussnooze":0.0643,"activity":0.0058,"lastBolusTime":1703590781389,"time":"2023-12-26T14:05:54.063Z"}},{"iob":0.787,"basaliob":-0.061,"bolussnooze":0.0533,"activity":0.0115,"lastBolusTime":1703590781389,"time":"2023-12-26T14:10:54.063Z","iobWithZeroTemp":{"iob":-0.049,"basaliob":-0.897,"bolussnooze":0.0533,"activity":0.0047,"lastBolusTime":1703590781389,"time":"2023-12-26T14:10:54.063Z"}},{"iob":0.731,"basaliob":-0.056,"bolussnooze":0.044,"activity":0.0109,"lastBolusTime":1703590781389,"time":"2023-12-26T14:15:54.063Z","iobWithZeroTemp":{"iob":-0.118,"basaliob":-0.905,"bolussnooze":0.044,"activity":0.0039,"lastBolusTime":1703590781389,"time":"2023-12-26T14:15:54.063Z"}},{"iob":0.678,"basaliob":-0.052,"bolussnooze":0.0362,"activity":0.0102,"lastBolusTime":1703590781389,"time":"2023-12-26T14:20:54.063Z","iobWithZeroTemp":{"iob":-0.184,"basaliob":-0.914,"bolussnooze":0.0362,"activity":0.003,"lastBolusTime":1703590781389,"time":"2023-12-26T14:20:54.063Z"}},{"iob":0.629,"basaliob":-0.048,"bolussnooze":0.0296,"activity":0.0095,"lastBolusTime":1703590781389,"time":"2023-12-26T14:25:54.063Z","iobWithZeroTemp":{"iob":-0.245,"basaliob":-0.922,"bolussnooze":0.0296,"activity":0.0022,"lastBolusTime":1703590781389,"time":"2023-12-26T14:25:54.063Z"}},{"iob":0.583,"basaliob":-0.044,"bolussnooze":0.0241,"activity":0.009,"lastBolusTime":1703590781389,"time":"2023-12-26T14:30:54.063Z","iobWithZeroTemp":{"iob":-0.302,"basaliob":-0.929,"bolussnooze":0.0241,"activity":0.0015,"lastBolusTime":1703590781389,"time":"2023-12-26T14:30:54.063Z"}},{"iob":0.54,"basaliob":-0.04,"bolussnooze":0.0196,"activity":0.0083,"lastBolusTime":1703590781389,"time":"2023-12-26T14:35:54.063Z","iobWithZeroTemp":{"iob":-0.355,"basaliob":-0.935,"bolussnooze":0.0196,"activity":7.0E-4,"lastBolusTime":1703590781389,"time":"2023-12-26T14:35:54.063Z"}},{"iob":0.499,"basaliob":-0.037,"bolussnooze":0.0158,"activity":0.0078,"lastBolusTime":1703590781389,"time":"2023-12-26T14:40:54.063Z","iobWithZeroTemp":{"iob":-0.405,"basaliob":-0.941,"bolussnooze":0.0158,"activity":0,"lastBolusTime":1703590781389,"time":"2023-12-26T14:40:54.063Z"}},{"iob":0.462,"basaliob":-0.034,"bolussnooze":0.0126,"activity":0.0073,"lastBolusTime":1703590781389,"time":"2023-12-26T14:45:54.063Z","iobWithZeroTemp":{"iob":-0.451,"basaliob":-0.947,"bolussnooze":0.0126,"activity":-6.0E-4,"lastBolusTime":1703590781389,"time":"2023-12-26T14:45:54.063Z"}},{"iob":0.427,"basaliob":-0.031,"bolussnooze":0.0101,"activity":0.0068,"lastBolusTime":1703590781389,"time":"2023-12-26T14:50:54.063Z","iobWithZeroTemp":{"iob":-0.494,"basaliob":-0.952,"bolussnooze":0.0101,"activity":-0.0012,"lastBolusTime":1703590781389,"time":"2023-12-26T14:50:54.063Z"}},{"iob":0.394,"basaliob":-0.029,"bolussnooze":0.0079,"activity":0.0063,"lastBolusTime":1703590781389,"time":"2023-12-26T14:55:54.063Z","iobWithZeroTemp":{"iob":-0.535,"basaliob":-0.958,"bolussnooze":0.0079,"activity":-0.0018,"lastBolusTime":1703590781389,"time":"2023-12-26T14:55:54.063Z"}},{"iob":0.364,"basaliob":-0.026,"bolussnooze":0.0062,"activity":0.0058,"lastBolusTime":1703590781389,"time":"2023-12-26T15:00:54.063Z","iobWithZeroTemp":{"iob":-0.572,"basaliob":-0.962,"bolussnooze":0.0062,"activity":-0.0025,"lastBolusTime":1703590781389,"time":"2023-12-26T15:00:54.063Z"}},{"iob":0.335,"basaliob":-0.024,"bolussnooze":0.0048,"activity":0.0055,"lastBolusTime":1703590781389,"time":"2023-12-26T15:05:54.063Z","iobWithZeroTemp":{"iob":-0.607,"basaliob":-0.966,"bolussnooze":0.0048,"activity":-0.0029,"lastBolusTime":1703590781389,"time":"2023-12-26T15:05:54.063Z"}},{"iob":0.309,"basaliob":-0.022,"bolussnooze":0.0037,"activity":0.0051,"lastBolusTime":1703590781389,"time":"2023-12-26T15:10:54.063Z","iobWithZeroTemp":{"iob":-0.639,"basaliob":-0.97,"bolussnooze":0.0037,"activity":-0.0033,"lastBolusTime":1703590781389,"time":"2023-12-26T15:10:54.063Z"}},{"iob":0.284,"basaliob":-0.02,"bolussnooze":0.0028,"activity":0.0047,"lastBolusTime":1703590781389,"time":"2023-12-26T15:15:54.063Z","iobWithZeroTemp":{"iob":-0.67,"basaliob":-0.974,"bolussnooze":0.0028,"activity":-0.0038,"lastBolusTime":1703590781389,"time":"2023-12-26T15:15:54.063Z"}},{"iob":0.261,"basaliob":-0.019,"bolussnooze":0.0021,"activity":0.0044,"lastBolusTime":1703590781389,"time":"2023-12-26T15:20:54.063Z","iobWithZeroTemp":{"iob":-0.698,"basaliob":-0.978,"bolussnooze":0.0021,"activity":-0.0042,"lastBolusTime":1703590781389,"time":"2023-12-26T15:20:54.063Z"}},{"iob":0.24,"basaliob":-0.017,"bolussnooze":0.0015,"activity":0.0041,"lastBolusTime":1703590781389,"time":"2023-12-26T15:25:54.063Z","iobWithZeroTemp":{"iob":-0.724,"basaliob":-0.981,"bolussnooze":0.0015,"activity":-0.0046,"lastBolusTime":1703590781389,"time":"2023-12-26T15:25:54.063Z"}},{"iob":0.221,"basaliob":-0.015,"bolussnooze":0.0011,"activity":0.0037,"lastBolusTime":1703590781389,"time":"2023-12-26T15:30:54.063Z","iobWithZeroTemp":{"iob":-0.747,"basaliob":-0.983,"bolussnooze":0.0011,"activity":-0.0051,"lastBolusTime":1703590781389,"time":"2023-12-26T15:30:54.063Z"}},{"iob":0.203,"basaliob":-0.014,"bolussnooze":7.0E-4,"activity":0.0034,"lastBolusTime":1703590781389,"time":"2023-12-26T15:35:54.063Z","iobWithZeroTemp":{"iob":-0.769,"basaliob":-0.986,"bolussnooze":7.0E-4,"activity":-0.0054,"lastBolusTime":1703590781389,"time":"2023-12-26T15:35:54.063Z"}},{"iob":0.186,"basaliob":-0.013,"bolussnooze":5.0E-4,"activity":0.0033,"lastBolusTime":1703590781389,"time":"2023-12-26T15:40:54.063Z","iobWithZeroTemp":{"iob":-0.79,"basaliob":-0.989,"bolussnooze":5.0E-4,"activity":-0.0056,"lastBolusTime":1703590781389,"time":"2023-12-26T15:40:54.063Z"}},{"iob":0.17,"basaliob":-0.012,"bolussnooze":3.0E-4,"activity":0.003,"lastBolusTime":1703590781389,"time":"2023-12-26T15:45:54.063Z","iobWithZeroTemp":{"iob":-0.809,"basaliob":-0.991,"bolussnooze":3.0E-4,"activity":-0.0059,"lastBolusTime":1703590781389,"time":"2023-12-26T15:45:54.063Z"}},{"iob":0.156,"basaliob":-0.011,"bolussnooze":2.0E-4,"activity":0.0027,"lastBolusTime":1703590781389,"time":"2023-12-26T15:50:54.063Z","iobWithZeroTemp":{"iob":-0.826,"basaliob":-0.993,"bolussnooze":2.0E-4,"activity":-0.0063,"lastBolusTime":1703590781389,"time":"2023-12-26T15:50:54.063Z"}}],"profile":{"max_iob":10,"type":"current","max_daily_basal":0.7,"max_basal":1.2,"min_bg":100,"max_bg":100,"target_bg":100,"carb_ratio":8.5,"sens":85,"max_daily_safety_multiplier":3,"current_basal_safety_multiplier":4,"high_temptarget_raises_sensitivity":false,"low_temptarget_lowers_sensitivity":false,"sensitivity_raises_target":true,"resistance_lowers_target":true,"adv_target_adjustments":false,"exercise_mode":false,"half_basal_exercise_target":160,"maxCOB":120,"skip_neutral_temps":false,"remainingCarbsCap":90,"enableUAM":true,"A52_risk_enable":false,"SMBInterval":4,"enableSMB_with_COB":true,"enableSMB_with_temptarget":true,"allowSMB_with_high_temptarget":false,"enableSMB_always":true,"enableSMB_after_carbs":true,"maxSMBBasalMinutes":45,"maxUAMSMBBasalMinutes":120,"bolus_increment":0.05,"carbsReqThreshold":5,"current_basal":0.3,"temptargetSet":false,"autosens_max":1.3},"autosens_data":{"ratio":1.28},"meal_data":{"carbs":75,"mealCOB":38.74508333333333,"slopeFromMaxDeviation":-0.7452499999999997,"slopeFromMinDeviation":0.9350000000000003,"lastBolusTime":1703590781389,"lastCarbTime":1703590777601},"microBolusAllowed":true,"currentTime":1703591756298,"flatBGsDetected":false},"output":{"temp":"absolute","bg":113,"tick":"+0","eventualBG":172,"targetBG":91,"insulinReq":0,"deliverAt":"2023-12-26T11:55:56.298Z","sensitivityRatio":1.28,"predBGs":{"IOB":[113,111,108,104,99,94,88,81,74,66,58,50,42,39],"ZT":[113,106,98,89,80,71,62,53,44,39,39,39,39,39,39,39,39,39,39,39,39,39,39,39,39,39,39,39,39,39,39,39,39,39,39,39,39,39,39,39,39,39,39,39,39,39,39,39],"COB":[113,112,112,111,110,110,111,112,113,116,119,122,127,133,139,146,154,162,169,176,182,187,191,195,199,201,203,204,204,204,203,201,199,196,193,191,189,187,185,183,181,179,178,177,175,174,173,172],"UAM":[113,111,108,103,97,90,83,74,65,56,47,39,39]},"COB":38.74508333333333,"IOB":3.726,"reason":"COB: 38.7, Dev: 36, BGI: -7, ISF: 66, CR: 8.5, Target: 91, minPredBG 37, minGuardBG 6, IOBpredBG 39, COBpredBG 172, UAMpredBG 39; minGuardBG 6<66","duration":120,"rate":0,"timestamp":"2023-12-26T11:55:56.323Z"}}