{"algorithm":"OpenAPSSMBPlugin","input":{"glucoseStatus":{"glucose":97,"noise":0,"delta":-4.67,"short_avgdelta":-3.24,"long_avgdelta":-3.09,"date":1703619929982},"currenttemp":{"temp":"absolute","duration":95,"rate":0,"minutesrunning":25},"iob_data":[{"iob":3.636,"basaliob":-0.447,"bolussnooze":1.376,"activity":0.0392,"lastBolusTime":1703618155304,"time":"2023-12-26T19:45:58.125Z","iobWithZeroTemp":{"iob":3.636,"basaliob":-0.447,"bolussnooze":1.376,"activity":0.0392,"lastBolusTime":1703618155304,"time":"2023-12-26T19:45:58.125Z"}},{"iob":3.443,"basaliob":-0.427,"bolussnooze":1.1919,"activity":0.0383,"lastBolusTime":1703618155304,"time":"2023-12-26T19:50:58.125Z","iobWithZeroTemp":{"iob":3.423,"basaliob":-0.447,"bolussnooze":1.1919,"activity":0.0383,"lastBolusTime":1703618155304,"time":"2023-12-26T19:50:58.125Z"}},{"iob":3.254,"basaliob":-0.408,"bolussnooze":1.0291,"activity":0.0372,"lastBolusTime":1703618155304,"time":"2023-12-26T19:55:58.125Z","iobWithZeroTemp":{"iob":3.209,"basaliob":-0.453,"bolussnooze":1.0291,"activity":0.0371,"lastBolusTime":1703618155304,"time":"2023-12-26T19:55:58.125Z"}},{"iob":3.072,"basaliob":-0.388,"bolussnooze":0.8858,"activity":0.0359,"lastBolusTime":1703618155304,"time":"2023-12-26T20:00:58.125Z","iobWithZeroTemp":{"iob":3.003,"basaliob":-0.457,"bolussnooze":0.8858,"activity":0.0358,"lastBolusTime":1703618155304,"time":"2023-12-26T20:00:58.125Z"}},{"iob":2.895,"basaliob":-0.369,"bolussnooze":0.7602,"activity":0.0347,"lastBolusTime":1703618155304,"time":"2023-12-26T20:05:58.125Z","iobWithZeroTemp":{"iob":2.802,"basaliob":-0.462,"bolussnooze":0.7602,"activity":0.0345,"lastBolusTime":1703618155304,"time":"2023-12-26T20:05:58.125Z"}},{"iob":2.725,"basaliob":-0.35,"bolussnooze":0.6505,"activity":0.0333,"lastBolusTime":1703618155304,"time":"2023-12-26T20:10:58.125Z","iobWithZeroTemp":{"iob":2.608,"basaliob":-0.467,"bolussnooze":0.6505,"activity":0.0329,"lastBolusTime":1703618155304,"time":"2023-12-26T20:10:58.125Z"}},{"iob":2.562,"basaliob":-0.331,"bolussnooze":0.5551,"activity":0.0319,"lastBolusTime":1703618155304,"time":"2023-12-26T20:15:58.125Z","iobWithZeroTemp":{"iob":2.422,"basaliob":-0.471,"bolussnooze":0.5551,"activity":0.0314,"lastBolusTime":1703618155304,"time":"2023-12-26T20:15:58.125Z"}},{"iob":2.405,"basaliob":-0.313,"bolussnooze":0.4723,"activity":0.0305,"lastBolusTime":1703618155304,"time":"2023-12-26T20:20:58.125Z","iobWithZeroTemp":{"iob":2.243,"basaliob":-0.475,"bolussnooze":0.4723,"activity":0.0298,"lastBolusTime":1703618155304,"time":"2023-12-26T20:20:58.125Z"}},{"iob":2.255,"basaliob":-0.296,"bolussnooze":0.4007,"activity":0.0291,"lastBolusTime":1703618155304,"time":"2023-12-26T20:25:58.125Z","iobWithZeroTemp":{"iob":2.072,"basaliob":-0.479,"bolussnooze":0.4007,"activity":0.0283,"lastBolusTime":1703618155304,"time":"2023-12-26T20:25:58.125Z"}},{"iob":2.113,"basaliob":-0.279,"bolussnooze":0.339,"activity":0.0278,"lastBolusTime":1703618155304,"time":"2023-12-26T20:30:58.125Z","iobWithZeroTemp":{"iob":1.909,"basaliob":-0.483,"bolussnooze":0.339,"activity":0.0268,"lastBolusTime":1703618155304,"time":"2023-12-26T20:30:58.125Z"}},{"iob":1.978,"basaliob":-0.262,"bolussnooze":0.286,"activity":0.0264,"lastBolusTime":1703618155304,"time":"2023-12-26T20:35:58.125Z","iobWithZeroTemp":{"iob":1.755,"basaliob":-0.485,"bolussnooze":0.286,"activity":0.0252,"lastBolusTime":1703618155304,"time":"2023-12-26T20:35:58.125Z"}},{"iob":1.849,"basaliob":-0.247,"bolussnooze":0.2406,"activity":0.025,"lastBolusTime":1703618155304,"time":"2023-12-26T20:40:58.125Z","iobWithZeroTemp":{"iob":1.607,"basaliob":-0.489,"bolussnooze":0.2406,"activity":0.0237,"lastBolusTime":1703618155304,"time":"2023-12-26T20:40:58.125Z"}},{"iob":1.727,"basaliob":-0.232,"bolussnooze":0.2018,"activity":0.0238,"lastBolusTime":1703618155304,"time":"2023-12-26T20:45:58.125Z","iobWithZeroTemp":{"iob":1.467,"basaliob":-0.492,"bolussnooze":0.2018,"activity":0.0223,"lastBolusTime":1703618155304,"time":"2023-12-26T20:45:58.125Z"}},{"iob":1.612,"basaliob":-0.217,"bolussnooze":0.1687,"activity":0.0224,"lastBolusTime":1703618155304,"time":"2023-12-26T20:50:58.125Z","iobWithZeroTemp":{"iob":1.335,"basaliob":-0.494,"bolussnooze":0.1687,"activity":0.0207,"lastBolusTime":1703618155304,"time":"2023-12-26T20:50:58.125Z"}},{"iob":1.504,"basaliob":-0.203,"bolussnooze":0.1406,"activity":0.0212,"lastBolusTime":1703618155304,"time":"2023-12-26T20:55:58.125Z","iobWithZeroTemp":{"iob":1.21,"basaliob":-0.497,"bolussnooze":0.1406,"activity":0.0194,"lastBolusTime":1703618155304,"time":"2023-12-26T20:55:58.125Z"}},{"iob":1.401,"basaliob":-0.19,"bolussnooze":0.1168,"activity":0.02,"lastBolusTime":1703618155304,"time":"2023-12-26T21:00:58.125Z","iobWithZeroTemp":{"iob":1.092,"basaliob":-0.499,"bolussnooze":0.1168,"activity":0.018,"lastBolusTime":1703618155304,"time":"2023-12-26T21:00:58.125Z"}},{"iob":1.303,"basaliob":-0.178,"bolussnooze":0.0967,"activity":0.0188,"lastBolusTime":1703618155304,"time":"2023-12-26T21:05:58.125Z","iobWithZeroTemp":{"iob":0.947,"basaliob":-0.534,"bolussnooze":0.0967,"activity":0.0166,"lastBolusTime":1703618155304,"time":"2023-12-26T21:05:58.125Z"}},{"iob":1.212,"basaliob":-0.166,"bolussnooze":0.0797,"activity":0.0177,"lastBolusTime":1703618155304,"time":"2023-12-26T21:10:58.125Z","iobWithZeroTemp":{"iob":0.809,"basaliob":-0.569,"bolussnooze":0.0797,"activity":0.0153,"lastBolusTime":1703618155304,"time":"2023-12-26T21:10:58.125Z"}},{"iob":1.127,"basaliob":-0.155,"bolussnooze":0.0654,"activity":0.0166,"lastBolusTime":1703618155304,"time":"2023-12-26T21:15:58.125Z","iobWithZeroTemp":{"iob":0.679,"basaliob":-0.603,"bolussnooze":0.0654,"activity":0.0139,"lastBolusTime":1703618155304,"time":"2023-12-26T21:15:58.125Z"}},{"iob":1.046,"basaliob":-0.145,"bolussnooze":0.0535,"activity":0.0156,"lastBolusTime":1703618155304,"time":"2023-12-26T21:20:58.125Z","iobWithZeroTemp":{"iob":0.554,"basaliob":-0.637,"bolussnooze":0.0535,"activity":0.0126,"lastBolusTime":1703618155304,"time":"2023-12-26T21:20:58.125Z"}},{"iob":0.97,"basaliob":-0.135,"bolussnooze":0.0435,"activity":0.0146,"lastBolusTime":1703618155304,"time":"2023-12-26T21:25:58.125Z","iobWithZeroTemp":{"iob":0.435,"basaliob":-0.67,"bolussnooze":0.0435,"activity":0.0113,"lastBolusTime":1703618155304,"time":"2023-12-26T21:25:58.125Z"}},{"iob":0.9,"basaliob":-0.125,"bolussnooze":0.0352,"activity":0.0137,"lastBolusTime":1703618155304,"time":"2023-12-26T21:30:58.125Z","iobWithZeroTemp":{"iob":0.324,"basaliob":-0.701,"bolussnooze":0.0352,"activity":0.0101,"lastBolusTime":1703618155304,"time":"2023-12-26T21:30:58.125Z"}},{"iob":0.833,"basaliob":-0.117,"bolussnooze":0.0284,"activity":0.0128,"lastBolusTime":1703618155304,"time":"2023-12-26T21:35:58.125Z","iobWithZeroTemp":{"iob":0.218,"basaliob":-0.732,"bolussnooze":0.0284,"activity":0.0089,"lastBolusTime":1703618155304,"time":"2023-12-26T21:35:58.125Z"}},{"iob":0.772,"basaliob":-0.108,"bolussnooze":0.0227,"activity":0.012,"lastBolusTime":1703618155304,"time":"2023-12-26T21:40:58.125Z","iobWithZeroTemp":{"iob":0.119,"basaliob":-0.761,"bolussnooze":0.0227,"activity":0.0077,"lastBolusTime":1703618155304,"time":"2023-12-26T21:40:58.125Z"}},{"iob":0.714,"basaliob":-0.101,"bolussnooze":0.018,"activity":0.0112,"lastBolusTime":1703618155304,"time":"2023-12-26T21:45:58.125Z","iobWithZeroTemp":{"iob":0.025,"basaliob":-0.79,"bolussnooze":0.018,"activity":0.0066,"lastBolusTime":1703618155304,"time":"2023-12-26T21:45:58.125Z"}},{"iob":0.66,"basaliob":-0.093,"bolussnooze":0.0142,"activity":0.0104,"lastBolusTime":1703618155304,"time":"2023-12-26T21:50:58.125Z","iobWithZeroTemp":{"iob":-0.063,"basaliob":-0.816,"bolussnooze":0.0142,"activity":0.0055,"lastBolusTime":1703618155304,"time":"2023-12-26T21:50:58.125Z"}},{"iob":0.61,"basaliob":-0.086,"bolussnooze":0.0111,"activity":0.0097,"lastBolusTime":1703618155304,"time":"2023-12-26T21:55:58.125Z","iobWithZeroTemp":{"iob":-0.146,"basaliob":-0.842,"bolussnooze":0.0111,"activity":0.0044,"lastBolusTime":1703618155304,"time":"2023-12-26T21:55:58.125Z"}},{"iob":0.563,"basaliob":-0.08,"bolussnooze":0.0085,"activity":0.0091,"lastBolusTime":1703618155304,"time":"2023-12-26T22:00:58.125Z","iobWithZeroTemp":{"iob":-0.224,"basaliob":-0.867,"bolussnooze":0.0085,"activity":0.0035,"lastBolusTime":1703618155304,"time":"2023-12-26T22:00:58.125Z"}},{"iob":0.52,"basaliob":-0.074,"bolussnooze":0.0065,"activity":0.0084,"lastBolusTime":1703618155304,"time":"2023-12-26T22:05:58.125Z","iobWithZeroTemp":{"iob":-0.297,"basaliob":-0.891,"bolussnooze":0.0065,"activity":0.0025,"lastBolusTime":1703618155304,"time":"2023-12-26T22:05:58.125Z"}},{"iob":0.478,"basaliob":-0.069,"bolussnooze":0.0049,"activity":0.0078,"lastBolusTime":1703618155304,"time":"2023-12-26T22:10:58.125Z","iobWithZeroTemp":{"iob":-0.367,"basaliob":-0.914,"bolussnooze":0.0049,"activity":0.0016,"lastBolusTime":1703618155304,"time":"2023-12-26T22:10:58.125Z"}},{"iob":0.441,"basaliob":-0.063,"bolussnooze":0.0036,"activity":0.0073,"lastBolusTime":1703618155304,"time":"2023-12-26T22:15:58.125Z","iobWithZeroTemp":{"iob":-0.43,"basaliob":-0.934,"bolussnooze":0.0036,"activity":8.0E-4,"lastBolusTime":1703618155304,"time":"2023-12-26T22:15:58.125Z"}},{"iob":0.406,"basaliob":-0.059,"bolussnooze":0.0026,"activity":0.0068,"lastBolusTime":1703618155304,"time":"2023-12-26T22:20:58.125Z","iobWithZeroTemp":{"iob":-0.49,"basaliob":-0.955,"bolussnooze":0.0026,"activity":0,"lastBolusTime":1703618155304,"time":"2023-12-26T22:20:58.125Z"}},{"iob":0.374,"basaliob":-0.054,"bolussnooze":0.0018,"activity":0.0062,"lastBolusTime":1703618155304,"time":"2023-12-26T22:25:58.125Z","iobWithZeroTemp":{"iob":-0.545,"basaliob":-0.973,"bolussnooze":0.0018,"activity":-9.0E-4,"lastBolusTime":1703618155304,"time":"2023-12-26T22:25:58.125Z"}},{"iob":0.343,"basaliob":-0.05,"bolussnooze":0.0012,"activity":0.0058,"lastBolusTime":1703618155304,"time":"2023-12-26T22:30:58.125Z","iobWithZeroTemp":{"iob":-0.598,"basaliob":-0.991,"bolussnooze":0.0012,"activity":-0.0016,"lastBolusTime":1703618155304,"time":"2023-12-26T22:30:58.125Z"}},{"iob":0.315,"basaliob":-0.046,"bolussnooze":8.0E-4,"activity":0.0053,"lastBolusTime":1703618155304,"time":"2023-12-26T22:35:58.125Z","iobWithZeroTemp":{"iob":-0.647,"basaliob":-1.008,"bolussnooze":8.0E-4,"activity":-0.0023,"lastBolusTime":1703618155304,"time":"2023-12-26T22:35:58.125Z"}},{"iob":0.29,"basaliob":-0.042,"bolussnooze":5.0E-4,"activity":0.005,"lastBolusTime":1703618155304,"time":"2023-12-26T22:40:58.125Z","iobWithZeroTemp":{"iob":-0.692,"basaliob":-1.024,"bolussnooze":5.0E-4,"activity":-0.0029,"lastBolusTime":1703618155304,"time":"2023-12-26T22:40:58.125Z"}},{"iob":0.266,"basaliob":-0.039,"bolussnooze":3.0E-4,"activity":0.0047,"lastBolusTime":1703618155304,"time":"2023-12-26T22:45:58.125Z","iobWithZeroTemp":{"iob":-0.734,"basaliob":-1.039,"bolussnooze":3.0E-4,"activity":-0.0034,"lastBolusTime":1703618155304,"time":"2023-12-26T22:45:58.125Z"}},{"iob":0.243,"basaliob":-0.036,"bolussnooze":1.0E-4,"activity":0.0043,"lastBolusTime":1703618155304,"time":"2023-12-26T22:50:58.125Z","iobWithZeroTemp":{"iob":-0.774,"basaliob":-1.053,"bolussnooze":1.0E-4,"activity":-0.0041,"lastBolusTime":1703618155304,"time":"2023-12-26T22:50:58.125Z"}},{"iob":0.223,"basaliob":-0.033,"bolussnooze":0,"activity":0.0039,"lastBolusTime":1703618155304,"time":"2023-12-26T22:55:58.125Z","iobWithZeroTemp":{"iob":-0.81,"basaliob":-1.066,"bolussnooze":0,"activity":-0.0047,"lastBolusTime":1703618155304,"time":"2023-12-26T22:55:58.125Z"}},{"iob":0.204,"basaliob":-0.03,"bolussnooze":0,"activity":0.0036,"lastBolusTime":1703618155304,"time":"2023-12-26T23:00:58.125Z","iobWithZeroTemp":{"iob":-0.844,"basaliob":-1.078,"bolussnooze":0,"activity":-0.0052,"lastBolusTime":1703618155304,"time":"2023-12-26T23:00:58.125Z"}},{"iob":0.186,"basaliob":-0.028,"bolussnooze":0,"activity":0.0033,"lastBolusTime":1703618155304,"time":"2023-12-26T23:05:58.125Z","iobWithZeroTemp":{"iob":-0.868,"basaliob":-1.082,"bolussnooze":0,"activity":-0.0057,"lastBolusTime":1703618155304,"time":"2023-12-26T23:05:58.125Z"}},{"iob":0.171,"basaliob":-0.025,"bolussnooze":0,"activity":0.0031,"lastBolusTime":1703618155304,"time":"2023-12-26T23:10:58.125Z","iobWithZeroTemp":{"iob":-0.887,"basaliob":-1.083,"bolussnooze":0,"activity":-0.006,"lastBolusTime":1703618155304,"time":"2023-12-26T23:10:58.125Z"}},{"iob":0.156,"basaliob":-0.023,"bolussnooze":0,"activity":0.0029,"lastBolusTime":1703618155304,"time":"2023-12-26T23:15:58.125Z","iobWithZeroTemp":{"iob":-0.906,"basaliob":-1.085,"bolussnooze":0,"activity":-0.0064,"lastBolusTime":1703618155304,"time":"2023-12-26T23:15:58.125Z"}},{"iob":0.142,"basaliob":-0.021,"bolussnooze":0,"activity":0.0026,"lastBolusTime":1703618155304,"time":"2023-12-26T23:20:58.125Z","iobWithZeroTemp":{"iob":-0.924,"basaliob":-1.087,"bolussnooze":0,"activity":-0.0068,"lastBolusTime":1703618155304,"time":"2023-12-26T23:20:58.125Z"}},{"iob":0.129,"basaliob":-0.02,"bolussnooze":0,"activity":0.0025,"lastBolusTime":1703618155304,"time":"2023-12-26T23:25:58.125Z","iobWithZeroTemp":{"iob":-0.94,"basaliob":-1.089,"bolussnooze":0,"activity":-0.007,"lastBolusTime":1703618155304,"time":"2023-12-26T23:25:58.125Z"}},{"iob":0.118,"basaliob":-0.018,"bolussnooze":0,"activity":0.0022,"lastBolusTime":1703618155304,"time":"2023-12-26T23:30:58.125Z","iobWithZeroTemp":{"iob":-0.953,"basaliob":-1.089,"bolussnooze":0,"activity":-0.0074,"lastBolusTime":1703618155304,"time":"2023-12-26T23:30:58.125Z"}},{"iob":0.108,"basaliob":-0.016,"bolussnooze":0,"activity":0.002,"lastBolusTime":1703618155304,"time":"2023-12-26T23:35:58.125Z","iobWithZeroTemp":{"iob":-0.965,"basaliob":-1.089,"bolussnooze":0,"activity":-0.0077,"lastBolusTime":1703618155304,"time":"2023-12-26T23:35:58.125Z"}},{"iob":0.097,"basaliob":-0.015,"bolussnooze":0,"activity":0.0018,"lastBolusTime":1703618155304,"time":"2023-12-26T23:40:58.125Z","iobWithZeroTemp":{"iob":-0.977,"basaliob":-1.089,"bolussnooze":0,"activity":-0.008,"lastBolusTime":1703618155304,"time":"2023-12-26T23:40:58.125Z"}}],"profile":{"max_iob":10,"type":"current","max_daily_basal":0.7,"max_basal":1.2,"min_bg":100,"max_bg":100,"target_bg":100,"carb_ratio":5.5,"sens":60,"max_daily_safety_multiplier":3,"current_basal_safety_multiplier":4,"high_temptarget_raises_sensitivity":false,"low_temptarget_lowers_sensitivity":false,"sensitivity_raises_target":true,"resistance_lowers_target":true,"adv_target_adjustments":false,"exercise_mode":false,"half_basal_exercise_target":160,"maxCOB":120,"skip_neutral_temps":false,"remainingCarbsCap":90,"enableUAM":true,"A52_risk_enable":false,"SMBInterval":4,"enableSMB_with_COB":true,"enableSMB_with_temptarget":true,"allowSMB_with_high_temptarget":false,"enableSMB_always":true,"enableSMB_after_carbs":true,"maxSMBBasalMinutes":45,"maxUAMSMBBasalMinutes":120,"bolus_increment":0.05,"carbsReqThreshold":5,"current_basal":0.3,"temptargetSet":false,"autosens_max":1.3},"autosens_data":{"ratio":1},"meal_data":{"carbs":40,"mealCOB":26.622795751633987,"slopeFromMaxDeviation":-1.2692857142857146,"slopeFromMinDeviation":1.9609999999999994,"lastBolusTime":1703618155304,"lastCarbTime":1703615283000},"microBolusAllowed":true,"currentTime":1703619960104,"flatBGsDetected":false},"output":{"temp":"absolute","bg":97,"tick":-5,"eventualBG":150,"targetBG":100,"insulinReq":0,"deliverAt":"2023-12-26T19:46:00.104Z","sensitivityRatio":1,"predBGs":{"IOB":[97,92,86,80,74,68,62,55,48,41,39,39,39],"ZT":[97,85,74,63,52,42,39,39,39,39,39,39,39,39,39,39,39,39,39,39,39,39,39,39,39,39,39,39,39,39,39,39,39,39,39,39,39,39,39,39,39,39,39,39,39,39,39,39],"COB":[97,92,88,84,80,76,73,71,68,66,65,64,63,62,62,63,63,64,65,67,69,71,73,75,78,81,84,88,91,95,98,102,106,110,113,117,120,123,127,130,133,136,138,141,143,146,148,150],"UAM":[97,91,84,76,68,58,48,39,39,39,39,39,39]},"COB":26.622795751633987,"IOB":3.636,"reason":"COB: 26.6, Dev: 43, BGI: -12, ISF: 60, CR: 5.5, Target: 100, minPredBG 65, minGuardBG 6, IOBpredBG 39, COBpredBG 150, UAMpredBG 39; minGuardBG 6<70","duration":120,"rate":0,"timestamp":"2023-12-26T19:46:00.133Z"}}