{"algorithm":"OpenAPSSMBPlugin","input":{"glucoseStatus":{"glucose":117,"noise":0,"delta":-2,"short_avgdelta":-0.8,"long_avgdelta":-0.86,"date":1703610328836},"currenttemp":{"temp":"absolute","duration":25,"rate":0.9,"minutesrunning":5},"iob_data":[{"iob":0.5,"basaliob":-0.285,"bolussnooze":0,"activity":0.004,"lastBolusTime":1703610052139,"time":"2023-12-26T17:05:53.057Z","iobWithZeroTemp":{"iob":0.5,"basaliob":-0.285,"bolussnooze":0,"activity":0.004,"lastBolusTime":1703610052139,"time":"2023-12-26T17:05:53.057Z"}},{"iob":0.479,"basaliob":-0.266,"bolussnooze":0,"activity":0.004,"lastBolusTime":1703610052139,"time":"2023-12-26T17:10:53.057Z","iobWithZeroTemp":{"iob":0.453,"basaliob":-0.292,"bolussnooze":0,"activity":0.004,"lastBolusTime":1703610052139,"time":"2023-12-26T17:10:53.057Z"}},{"iob":0.459,"basaliob":-0.247,"bolussnooze":0,"activity":0.0042,"lastBolusTime":1703610052139,"time":"2023-12-26T17:15:53.057Z","iobWithZeroTemp":{"iob":0.401,"basaliob":-0.305,"bolussnooze":0,"activity":0.0041,"lastBolusTime":1703610052139,"time":"2023-12-26T17:15:53.057Z"}},{"iob":0.438,"basaliob":-0.23,"bolussnooze":0,"activity":0.0042,"lastBolusTime":1703610052139,"time":"2023-12-26T17:20:53.057Z","iobWithZeroTemp":{"iob":0.348,"basaliob":-0.32,"bolussnooze":0,"activity":0.004,"lastBolusTime":1703610052139,"time":"2023-12-26T17:20:53.057Z"}},{"iob":0.417,"basaliob":-0.214,"bolussnooze":0,"activity":0.0042,"lastBolusTime":1703610052139,"time":"2023-12-26T17:25:53.057Z","iobWithZeroTemp":{"iob":0.296,"basaliob":-0.335,"bolussnooze":0,"activity":0.0039,"lastBolusTime":1703610052139,"time":"2023-12-26T17:25:53.057Z"}},{"iob":0.397,"basaliob":-0.199,"bolussnooze":0,"activity":0.0042,"lastBolusTime":1703610052139,"time":"2023-12-26T17:30:53.057Z","iobWithZeroTemp":{"iob":0.245,"basaliob":-0.351,"bolussnooze":0,"activity":0.0037,"lastBolusTime":1703610052139,"time":"2023-12-26T17:30:53.057Z"}},{"iob":0.376,"basaliob":-0.185,"bolussnooze":0,"activity":0.004,"lastBolusTime":1703610052139,"time":"2023-12-26T17:35:53.057Z","iobWithZeroTemp":{"iob":0.194,"basaliob":-0.367,"bolussnooze":0,"activity":0.0033,"lastBolusTime":1703610052139,"time":"2023-12-26T17:35:53.057Z"}},{"iob":0.357,"basaliob":-0.171,"bolussnooze":0,"activity":0.0039,"lastBolusTime":1703610052139,"time":"2023-12-26T17:40:53.057Z","iobWithZeroTemp":{"iob":0.147,"basaliob":-0.381,"bolussnooze":0,"activity":0.003,"lastBolusTime":1703610052139,"time":"2023-12-26T17:40:53.057Z"}},{"iob":0.337,"basaliob":-0.159,"bolussnooze":0,"activity":0.0039,"lastBolusTime":1703610052139,"time":"2023-12-26T17:45:53.057Z","iobWithZeroTemp":{"iob":0.099,"basaliob":-0.397,"bolussnooze":0,"activity":0.0028,"lastBolusTime":1703610052139,"time":"2023-12-26T17:45:53.057Z"}},{"iob":0.318,"basaliob":-0.147,"bolussnooze":0,"activity":0.0037,"lastBolusTime":1703610052139,"time":"2023-12-26T17:50:53.057Z","iobWithZeroTemp":{"iob":0.053,"basaliob":-0.412,"bolussnooze":0,"activity":0.0024,"lastBolusTime":1703610052139,"time":"2023-12-26T17:50:53.057Z"}},{"iob":0.3,"basaliob":-0.136,"bolussnooze":0,"activity":0.0036,"lastBolusTime":1703610052139,"time":"2023-12-26T17:55:53.057Z","iobWithZeroTemp":{"iob":0.01,"basaliob":-0.426,"bolussnooze":0,"activity":0.0021,"lastBolusTime":1703610052139,"time":"2023-12-26T17:55:53.057Z"}},{"iob":0.282,"basaliob":-0.126,"bolussnooze":0,"activity":0.0034,"lastBolusTime":1703610052139,"time":"2023-12-26T18:00:53.057Z","iobWithZeroTemp":{"iob":-0.033,"basaliob":-0.441,"bolussnooze":0,"activity":0.0017,"lastBolusTime":1703610052139,"time":"2023-12-26T18:00:53.057Z"}},{"iob":0.265,"basaliob":-0.116,"bolussnooze":0,"activity":0.0034,"lastBolusTime":1703610052139,"time":"2023-12-26T18:05:53.057Z","iobWithZeroTemp":{"iob":-0.073,"basaliob":-0.454,"bolussnooze":0,"activity":0.0015,"lastBolusTime":1703610052139,"time":"2023-12-26T18:05:53.057Z"}},{"iob":0.249,"basaliob":-0.107,"bolussnooze":0,"activity":0.0032,"lastBolusTime":1703610052139,"time":"2023-12-26T18:10:53.057Z","iobWithZeroTemp":{"iob":-0.111,"basaliob":-0.467,"bolussnooze":0,"activity":0.001,"lastBolusTime":1703610052139,"time":"2023-12-26T18:10:53.057Z"}},{"iob":0.233,"basaliob":-0.099,"bolussnooze":0,"activity":0.003,"lastBolusTime":1703610052139,"time":"2023-12-26T18:15:53.057Z","iobWithZeroTemp":{"iob":-0.149,"basaliob":-0.481,"bolussnooze":0,"activity":6.0E-4,"lastBolusTime":1703610052139,"time":"2023-12-26T18:15:53.057Z"}},{"iob":0.219,"basaliob":-0.091,"bolussnooze":0,"activity":0.0029,"lastBolusTime":1703610052139,"time":"2023-12-26T18:20:53.057Z","iobWithZeroTemp":{"iob":-0.183,"basaliob":-0.493,"bolussnooze":0,"activity":3.0E-4,"lastBolusTime":1703610052139,"time":"2023-12-26T18:20:53.057Z"}},{"iob":0.205,"basaliob":-0.084,"bolussnooze":0,"activity":0.0027,"lastBolusTime":1703610052139,"time":"2023-12-26T18:25:53.057Z","iobWithZeroTemp":{"iob":-0.216,"basaliob":-0.505,"bolussnooze":0,"activity":-1.0E-4,"lastBolusTime":1703610052139,"time":"2023-12-26T18:25:53.057Z"}},{"iob":0.191,"basaliob":-0.078,"bolussnooze":0,"activity":0.0026,"lastBolusTime":1703610052139,"time":"2023-12-26T18:30:53.057Z","iobWithZeroTemp":{"iob":-0.248,"basaliob":-0.517,"bolussnooze":0,"activity":-4.0E-4,"lastBolusTime":1703610052139,"time":"2023-12-26T18:30:53.057Z"}},{"iob":0.179,"basaliob":-0.071,"bolussnooze":0,"activity":0.0025,"lastBolusTime":1703610052139,"time":"2023-12-26T18:35:53.057Z","iobWithZeroTemp":{"iob":-0.277,"basaliob":-0.527,"bolussnooze":0,"activity":-7.0E-4,"lastBolusTime":1703610052139,"time":"2023-12-26T18:35:53.057Z"}},{"iob":0.166,"basaliob":-0.066,"bolussnooze":0,"activity":0.0023,"lastBolusTime":1703610052139,"time":"2023-12-26T18:40:53.057Z","iobWithZeroTemp":{"iob":-0.306,"basaliob":-0.538,"bolussnooze":0,"activity":-0.0011,"lastBolusTime":1703610052139,"time":"2023-12-26T18:40:53.057Z"}},{"iob":0.155,"basaliob":-0.06,"bolussnooze":0,"activity":0.0022,"lastBolusTime":1703610052139,"time":"2023-12-26T18:45:53.057Z","iobWithZeroTemp":{"iob":-0.332,"basaliob":-0.547,"bolussnooze":0,"activity":-0.0014,"lastBolusTime":1703610052139,"time":"2023-12-26T18:45:53.057Z"}},{"iob":0.145,"basaliob":-0.055,"bolussnooze":0,"activity":0.0021,"lastBolusTime":1703610052139,"time":"2023-12-26T18:50:53.057Z","iobWithZeroTemp":{"iob":-0.356,"basaliob":-0.556,"bolussnooze":0,"activity":-0.0017,"lastBolusTime":1703610052139,"time":"2023-12-26T18:50:53.057Z"}},{"iob":0.134,"basaliob":-0.051,"bolussnooze":0,"activity":0.0019,"lastBolusTime":1703610052139,"time":"2023-12-26T18:55:53.057Z","iobWithZeroTemp":{"iob":-0.38,"basaliob":-0.565,"bolussnooze":0,"activity":-0.002,"lastBolusTime":1703610052139,"time":"2023-12-26T18:55:53.057Z"}},{"iob":0.124,"basaliob":-0.047,"bolussnooze":0,"activity":0.0018,"lastBolusTime":1703610052139,"time":"2023-12-26T19:00:53.057Z","iobWithZeroTemp":{"iob":-0.403,"basaliob":-0.574,"bolussnooze":0,"activity":-0.0023,"lastBolusTime":1703610052139,"time":"2023-12-26T19:00:53.057Z"}},{"iob":0.116,"basaliob":-0.043,"bolussnooze":0,"activity":0.0017,"lastBolusTime":1703610052139,"time":"2023-12-26T19:05:53.057Z","iobWithZeroTemp":{"iob":-0.422,"basaliob":-0.581,"bolussnooze":0,"activity":-0.0025,"lastBolusTime":1703610052139,"time":"2023-12-26T19:05:53.057Z"}},{"iob":0.108,"basaliob":-0.039,"bolussnooze":0,"activity":0.0016,"lastBolusTime":1703610052139,"time":"2023-12-26T19:10:53.057Z","iobWithZeroTemp":{"iob":-0.441,"basaliob":-0.588,"bolussnooze":0,"activity":-0.0028,"lastBolusTime":1703610052139,"time":"2023-12-26T19:10:53.057Z"}},{"iob":0.1,"basaliob":-0.036,"bolussnooze":0,"activity":0.0016,"lastBolusTime":1703610052139,"time":"2023-12-26T19:15:53.057Z","iobWithZeroTemp":{"iob":-0.459,"basaliob":-0.595,"bolussnooze":0,"activity":-0.0029,"lastBolusTime":1703610052139,"time":"2023-12-26T19:15:53.057Z"}},{"iob":0.092,"basaliob":-0.033,"bolussnooze":0,"activity":0.0014,"lastBolusTime":1703610052139,"time":"2023-12-26T19:20:53.057Z","iobWithZeroTemp":{"iob":-0.477,"basaliob":-0.602,"bolussnooze":0,"activity":-0.0033,"lastBolusTime":1703610052139,"time":"2023-12-26T19:20:53.057Z"}},{"iob":0.085,"basaliob":-0.03,"bolussnooze":0,"activity":0.0014,"lastBolusTime":1703610052139,"time":"2023-12-26T19:25:53.057Z","iobWithZeroTemp":{"iob":-0.493,"basaliob":-0.608,"bolussnooze":0,"activity":-0.0034,"lastBolusTime":1703610052139,"time":"2023-12-26T19:25:53.057Z"}},{"iob":0.079,"basaliob":-0.027,"bolussnooze":0,"activity":0.0012,"lastBolusTime":1703610052139,"time":"2023-12-26T19:30:53.057Z","iobWithZeroTemp":{"iob":-0.507,"basaliob":-0.613,"bolussnooze":0,"activity":-0.0037,"lastBolusTime":1703610052139,"time":"2023-12-26T19:30:53.057Z"}},{"iob":0.073,"basaliob":-0.025,"bolussnooze":0,"activity":0.0011,"lastBolusTime":1703610052139,"time":"2023-12-26T19:35:53.057Z","iobWithZeroTemp":{"iob":-0.521,"basaliob":-0.619,"bolussnooze":0,"activity":-0.0039,"lastBolusTime":1703610052139,"time":"2023-12-26T19:35:53.057Z"}},{"iob":0.067,"basaliob":-0.023,"bolussnooze":0,"activity":0.0011,"lastBolusTime":1703610052139,"time":"2023-12-26T19:40:53.057Z","iobWithZeroTemp":{"iob":-0.534,"basaliob":-0.624,"bolussnooze":0,"activity":-0.004,"lastBolusTime":1703610052139,"time":"2023-12-26T19:40:53.057Z"}},{"iob":0.062,"basaliob":-0.021,"bolussnooze":0,"activity":0.001,"lastBolusTime":1703610052139,"time":"2023-12-26T19:45:53.057Z","iobWithZeroTemp":{"iob":-0.546,"basaliob":-0.629,"bolussnooze":0,"activity":-0.0042,"lastBolusTime":1703610052139,"time":"2023-12-26T19:45:53.057Z"}},{"iob":0.057,"basaliob":-0.019,"bolussnooze":0,"activity":9.0E-4,"lastBolusTime":1703610052139,"time":"2023-12-26T19:50:53.057Z","iobWithZeroTemp":{"iob":-0.557,"basaliob":-0.633,"bolussnooze":0,"activity":-0.0044,"lastBolusTime":1703610052139,"time":"2023-12-26T19:50:53.057Z"}},{"iob":0.053,"basaliob":-0.017,"bolussnooze":0,"activity":9.0E-4,"lastBolusTime":1703610052139,"time":"2023-12-26T19:55:53.057Z","iobWithZeroTemp":{"iob":-0.567,"basaliob":-0.637,"bolussnooze":0,"activity":-0.0045,"lastBolusTime":1703610052139,"time":"2023-12-26T19:55:53.057Z"}},{"iob":0.05,"basaliob":-0.015,"bolussnooze":0,"activity":8.0E-4,"lastBolusTime":1703610052139,"time":"2023-12-26T20:00:53.057Z","iobWithZeroTemp":{"iob":-0.575,"basaliob":-0.64,"bolussnooze":0,"activity":-0.0047,"lastBolusTime":1703610052139,"time":"2023-12-26T20:00:53.057Z"}},{"iob":0.045,"basaliob":-0.014,"bolussnooze":0,"activity":7.0E-4,"lastBolusTime":1703610052139,"time":"2023-12-26T20:05:53.057Z","iobWithZeroTemp":{"iob":-0.585,"basaliob":-0.644,"bolussnooze":0,"activity":-0.0048,"lastBolusTime":1703610052139,"time":"2023-12-26T20:05:53.057Z"}},{"iob":0.041,"basaliob":-0.013,"bolussnooze":0,"activity":6.0E-4,"lastBolusTime":1703610052139,"time":"2023-12-26T20:10:53.057Z","iobWithZeroTemp":{"iob":-0.594,"basaliob":-0.648,"bolussnooze":0,"activity":-0.005,"lastBolusTime":1703610052139,"time":"2023-12-26T20:10:53.057Z"}},{"iob":0.038,"basaliob":-0.012,"bolussnooze":0,"activity":7.0E-4,"lastBolusTime":1703610052139,"time":"2023-12-26T20:15:53.057Z","iobWithZeroTemp":{"iob":-0.601,"basaliob":-0.651,"bolussnooze":0,"activity":-0.005,"lastBolusTime":1703610052139,"time":"2023-12-26T20:15:53.057Z"}},{"iob":0.036,"basaliob":-0.01,"bolussnooze":0,"activity":6.0E-4,"lastBolusTime":1703610052139,"time":"2023-12-26T20:20:53.057Z","iobWithZeroTemp":{"iob":-0.607,"basaliob":-0.653,"bolussnooze":0,"activity":-0.0051,"lastBolusTime":1703610052139,"time":"2023-12-26T20:20:53.057Z"}},{"iob":0.033,"basaliob":-0.009,"bolussnooze":0,"activity":5.0E-4,"lastBolusTime":1703610052139,"time":"2023-12-26T20:25:53.057Z","iobWithZeroTemp":{"iob":-0.614,"basaliob":-0.656,"bolussnooze":0,"activity":-0.0053,"lastBolusTime":1703610052139,"time":"2023-12-26T20:25:53.057Z"}},{"iob":0.03,"basaliob":-0.008,"bolussnooze":0,"activity":5.0E-4,"lastBolusTime":1703610052139,"time":"2023-12-26T20:30:53.057Z","iobWithZeroTemp":{"iob":-0.62,"basaliob":-0.658,"bolussnooze":0,"activity":-0.0054,"lastBolusTime":1703610052139,"time":"2023-12-26T20:30:53.057Z"}},{"iob":0.027,"basaliob":-0.008,"bolussnooze":0,"activity":4.0E-4,"lastBolusTime":1703610052139,"time":"2023-12-26T20:35:53.057Z","iobWithZeroTemp":{"iob":-0.626,"basaliob":-0.661,"bolussnooze":0,"activity":-0.0055,"lastBolusTime":1703610052139,"time":"2023-12-26T20:35:53.057Z"}},{"iob":0.025,"basaliob":-0.007,"bolussnooze":0,"activity":5.0E-4,"lastBolusTime":1703610052139,"time":"2023-12-26T20:40:53.057Z","iobWithZeroTemp":{"iob":-0.631,"basaliob":-0.663,"bolussnooze":0,"activity":-0.0054,"lastBolusTime":1703610052139,"time":"2023-12-26T20:40:53.057Z"}},{"iob":0.023,"basaliob":-0.006,"bolussnooze":0,"activity":4.0E-4,"lastBolusTime":1703610052139,"time":"2023-12-26T20:45:53.057Z","iobWithZeroTemp":{"iob":-0.636,"basaliob":-0.665,"bolussnooze":0,"activity":-0.0056,"lastBolusTime":1703610052139,"time":"2023-12-26T20:45:53.057Z"}},{"iob":0.021,"basaliob":-0.006,"bolussnooze":0,"activity":4.0E-4,"lastBolusTime":1703610052139,"time":"2023-12-26T20:50:53.057Z","iobWithZeroTemp":{"iob":-0.64,"basaliob":-0.667,"bolussnooze":0,"activity":-0.0056,"lastBolusTime":1703610052139,"time":"2023-12-26T20:50:53.057Z"}},{"iob":0.019,"basaliob":-0.005,"bolussnooze":0,"activity":3.0E-4,"lastBolusTime":1703610052139,"time":"2023-12-26T20:55:53.057Z","iobWithZeroTemp":{"iob":-0.645,"basaliob":-0.669,"bolussnooze":0,"activity":-0.0058,"lastBolusTime":1703610052139,"time":"2023-12-26T20:55:53.057Z"}},{"iob":0.018,"basaliob":-0.004,"bolussnooze":0,"activity":3.0E-4,"lastBolusTime":1703610052139,"time":"2023-12-26T21:00:53.057Z","iobWithZeroTemp":{"iob":-0.648,"basaliob":-0.67,"bolussnooze":0,"activity":-0.0058,"lastBolusTime":1703610052139,"time":"2023-12-26T21:00:53.057Z"}}],"profile":{"max_iob":10,"type":"current","max_daily_basal":0.9099999999999999,"max_basal":1.55,"min_bg":85,"max_bg":85,"target_bg":85,"carb_ratio":6.538461538461539,"sens":65.38461538461539,"max_daily_safety_multiplier":3,"current_basal_safety_multiplier":4,"high_temptarget_raises_sensitivity":false,"low_temptarget_lowers_sensitivity":false,"sensitivity_raises_target":true,"resistance_lowers_target":true,"adv_target_adjustments":false,"exercise_mode":false,"half_basal_exercise_target":160,"maxCOB":120,"skip_neutral_temps":false,"remainingCarbsCap":90,"enableUAM":true,"A52_risk_enable":false,"SMBInterval":4,"enableSMB_with_COB":true,"enableSMB_with_temptarget":true,"allowSMB_with_high_temptarget":false,"enableSMB_always":true,"enableSMB_after_carbs":true,"maxSMBBasalMinutes":45,"maxUAMSMBBasalMinutes":120,"bolus_increment":0.05,"carbsReqThreshold":5,"current_basal":0.4,"temptargetSet":true,"autosens_max":1.3},"autosens_data":{"ratio":1},"meal_data":{"carbs":50,"mealCOB":0,"slopeFromMaxDeviation":-0.18155555555555558,"slopeFromMinDeviation":0.7593333333333334,"lastBolusTime":1703610052139,"lastCarbTime":1703592061000},"microBolusAllowed":true,"currentTime":1703610354414,"flatBGsDetected":false},"output":{"temp":"absolute","bg":117,"tick":-2,"eventualBG":87,"targetBG":85,"insulinReq":0.03,"deliverAt":"2023-12-26T17:05:54.414Z","sensitivityRatio":1,"predBGs":{"IOB":[117,115,113,111,109,108,106,104,103,101,100,99,98,97,96,95,94,93,92,91,90,90,89,88,88,87,87,86,86,85,85,84,84,84,83,83,83,83,82,82,82,82,82,82,81],"ZT":[117,116,114,113,112,110,109,108,107,106,105,105,104,104,103,103,103,103,103,104,104,104,105,106,106]},"COB":0,"IOB":0.5,"reason":"COB: 0, Dev: 3, BGI: -1, ISF: 65, CR: 6.54, Target: 85, minPredBG 92, minGuardBG 81, IOBpredBG 81; Eventual BG 87 >= 85,  insulinReq 0.03. 25m@0.90 > 2 * insulinReq. Setting temp basal of 0.46U\/hr. ","duration":30,"rate":0.46,"timestamp":"2023-12-26T17:05:54.430Z"}}