{"algorithm":"OpenAPSSMBDynamicISFPlugin","input":{"glucoseStatus":{"glucose":99,"noise":0,"delta":-4.67,"short_avgdelta":-4.72,"long_avgdelta":-6.32,"date":1703786422873},"currenttemp":{"temp":"absolute","duration":95,"rate":0,"minutesrunning":25},"iob_data":[{"iob":0.181,"basaliob":0.181,"bolussnooze":0,"activity":0.0036,"lastBolusTime":1703754675154,"time":"2023-12-28T18:01:12.790Z","iobWithZeroTemp":{"iob":0.181,"basaliob":0.181,"bolussnooze":0,"activity":0.0036,"lastBolusTime":1703754675154,"time":"2023-12-28T18:01:12.790Z"}},{"iob":0.164,"basaliob":0.164,"bolussnooze":0,"activity":0.0033,"lastBolusTime":1703754675154,"time":"2023-12-28T18:06:12.790Z","iobWithZeroTemp":{"iob":0.137,"basaliob":0.137,"bolussnooze":0,"activity":0.0033,"lastBolusTime":1703754675154,"time":"2023-12-28T18:06:12.790Z"}},{"iob":0.148,"basaliob":0.148,"bolussnooze":0,"activity":0.003,"lastBolusTime":1703754675154,"time":"2023-12-28T18:11:12.790Z","iobWithZeroTemp":{"iob":0.088,"basaliob":0.088,"bolussnooze":0,"activity":0.0029,"lastBolusTime":1703754675154,"time":"2023-12-28T18:11:12.790Z"}},{"iob":0.133,"basaliob":0.133,"bolussnooze":0,"activity":0.0027,"lastBolusTime":0,"time":"2023-12-28T18:16:12.790Z","iobWithZeroTemp":{"iob":0.041,"basaliob":0.041,"bolussnooze":0,"activity":0.0025,"lastBolusTime":0,"time":"2023-12-28T18:16:12.790Z"}},{"iob":0.12,"basaliob":0.12,"bolussnooze":0,"activity":0.0025,"lastBolusTime":0,"time":"2023-12-28T18:21:12.790Z","iobWithZeroTemp":{"iob":-0.005,"basaliob":-0.005,"bolussnooze":0,"activity":0.0022,"lastBolusTime":0,"time":"2023-12-28T18:21:12.790Z"}},{"iob":0.108,"basaliob":0.108,"bolussnooze":0,"activity":0.0023,"lastBolusTime":0,"time":"2023-12-28T18:26:12.790Z","iobWithZeroTemp":{"iob":-0.048,"basaliob":-0.048,"bolussnooze":0,"activity":0.0018,"lastBolusTime":0,"time":"2023-12-28T18:26:12.790Z"}},{"iob":0.098,"basaliob":0.098,"bolussnooze":0,"activity":0.0021,"lastBolusTime":0,"time":"2023-12-28T18:31:12.790Z","iobWithZeroTemp":{"iob":-0.088,"basaliob":-0.088,"bolussnooze":0,"activity":0.0014,"lastBolusTime":0,"time":"2023-12-28T18:31:12.790Z"}},{"iob":0.088,"basaliob":0.088,"bolussnooze":0,"activity":0.0019,"lastBolusTime":0,"time":"2023-12-28T18:36:12.790Z","iobWithZeroTemp":{"iob":-0.128,"basaliob":-0.128,"bolussnooze":0,"activity":0.001,"lastBolusTime":0,"time":"2023-12-28T18:36:12.790Z"}},{"iob":0.079,"basaliob":0.079,"bolussnooze":0,"activity":0.0017,"lastBolusTime":0,"time":"2023-12-28T18:41:12.790Z","iobWithZeroTemp":{"iob":-0.165,"basaliob":-0.165,"bolussnooze":0,"activity":6.0E-4,"lastBolusTime":0,"time":"2023-12-28T18:41:12.790Z"}},{"iob":0.071,"basaliob":0.071,"bolussnooze":0,"activity":0.0015,"lastBolusTime":0,"time":"2023-12-28T18:46:12.790Z","iobWithZeroTemp":{"iob":-0.201,"basaliob":-0.201,"bolussnooze":0,"activity":2.0E-4,"lastBolusTime":0,"time":"2023-12-28T18:46:12.790Z"}},{"iob":0.064,"basaliob":0.064,"bolussnooze":0,"activity":0.0014,"lastBolusTime":0,"time":"2023-12-28T18:51:12.790Z","iobWithZeroTemp":{"iob":-0.234,"basaliob":-0.234,"bolussnooze":0,"activity":-1.0E-4,"lastBolusTime":0,"time":"2023-12-28T18:51:12.790Z"}},{"iob":0.057,"basaliob":0.057,"bolussnooze":0,"activity":0.0013,"lastBolusTime":0,"time":"2023-12-28T18:56:12.790Z","iobWithZeroTemp":{"iob":-0.266,"basaliob":-0.266,"bolussnooze":0,"activity":-5.0E-4,"lastBolusTime":0,"time":"2023-12-28T18:56:12.790Z"}},{"iob":0.051,"basaliob":0.051,"bolussnooze":0,"activity":0.0011,"lastBolusTime":0,"time":"2023-12-28T19:01:12.790Z","iobWithZeroTemp":{"iob":-0.296,"basaliob":-0.296,"bolussnooze":0,"activity":-9.0E-4,"lastBolusTime":0,"time":"2023-12-28T19:01:12.790Z"}},{"iob":0.046,"basaliob":0.046,"bolussnooze":0,"activity":0.001,"lastBolusTime":0,"time":"2023-12-28T19:06:12.790Z","iobWithZeroTemp":{"iob":-0.324,"basaliob":-0.324,"bolussnooze":0,"activity":-0.0012,"lastBolusTime":0,"time":"2023-12-28T19:06:12.790Z"}},{"iob":0.041,"basaliob":0.041,"bolussnooze":0,"activity":9.0E-4,"lastBolusTime":0,"time":"2023-12-28T19:11:12.790Z","iobWithZeroTemp":{"iob":-0.35,"basaliob":-0.35,"bolussnooze":0,"activity":-0.0015,"lastBolusTime":0,"time":"2023-12-28T19:11:12.790Z"}},{"iob":0.036,"basaliob":0.036,"bolussnooze":0,"activity":8.0E-4,"lastBolusTime":0,"time":"2023-12-28T19:16:12.790Z","iobWithZeroTemp":{"iob":-0.376,"basaliob":-0.376,"bolussnooze":0,"activity":-0.0019,"lastBolusTime":0,"time":"2023-12-28T19:16:12.790Z"}},{"iob":0.032,"basaliob":0.032,"bolussnooze":0,"activity":8.0E-4,"lastBolusTime":0,"time":"2023-12-28T19:21:12.790Z","iobWithZeroTemp":{"iob":-0.399,"basaliob":-0.399,"bolussnooze":0,"activity":-0.0021,"lastBolusTime":0,"time":"2023-12-28T19:21:12.790Z"}},{"iob":0.029,"basaliob":0.029,"bolussnooze":0,"activity":7.0E-4,"lastBolusTime":0,"time":"2023-12-28T19:26:12.790Z","iobWithZeroTemp":{"iob":-0.421,"basaliob":-0.421,"bolussnooze":0,"activity":-0.0024,"lastBolusTime":0,"time":"2023-12-28T19:26:12.790Z"}},{"iob":0.025,"basaliob":0.025,"bolussnooze":0,"activity":6.0E-4,"lastBolusTime":0,"time":"2023-12-28T19:31:12.790Z","iobWithZeroTemp":{"iob":-0.442,"basaliob":-0.442,"bolussnooze":0,"activity":-0.0027,"lastBolusTime":0,"time":"2023-12-28T19:31:12.790Z"}},{"iob":0.023,"basaliob":0.023,"bolussnooze":0,"activity":6.0E-4,"lastBolusTime":0,"time":"2023-12-28T19:36:12.790Z","iobWithZeroTemp":{"iob":-0.461,"basaliob":-0.461,"bolussnooze":0,"activity":-0.0029,"lastBolusTime":0,"time":"2023-12-28T19:36:12.790Z"}},{"iob":0.02,"basaliob":0.02,"bolussnooze":0,"activity":5.0E-4,"lastBolusTime":0,"time":"2023-12-28T19:41:12.790Z","iobWithZeroTemp":{"iob":-0.479,"basaliob":-0.479,"bolussnooze":0,"activity":-0.0032,"lastBolusTime":0,"time":"2023-12-28T19:41:12.790Z"}},{"iob":0.018,"basaliob":0.018,"bolussnooze":0,"activity":4.0E-4,"lastBolusTime":0,"time":"2023-12-28T19:46:12.790Z","iobWithZeroTemp":{"iob":-0.496,"basaliob":-0.496,"bolussnooze":0,"activity":-0.0035,"lastBolusTime":0,"time":"2023-12-28T19:46:12.790Z"}},{"iob":0.015,"basaliob":0.015,"bolussnooze":0,"activity":4.0E-4,"lastBolusTime":0,"time":"2023-12-28T19:51:12.790Z","iobWithZeroTemp":{"iob":-0.512,"basaliob":-0.512,"bolussnooze":0,"activity":-0.0036,"lastBolusTime":0,"time":"2023-12-28T19:51:12.790Z"}},{"iob":0.014,"basaliob":0.014,"bolussnooze":0,"activity":4.0E-4,"lastBolusTime":0,"time":"2023-12-28T19:56:12.790Z","iobWithZeroTemp":{"iob":-0.526,"basaliob":-0.526,"bolussnooze":0,"activity":-0.0038,"lastBolusTime":0,"time":"2023-12-28T19:56:12.790Z"}},{"iob":0.012,"basaliob":0.012,"bolussnooze":0,"activity":3.0E-4,"lastBolusTime":0,"time":"2023-12-28T20:01:12.790Z","iobWithZeroTemp":{"iob":-0.54,"basaliob":-0.54,"bolussnooze":0,"activity":-0.004,"lastBolusTime":0,"time":"2023-12-28T20:01:12.790Z"}},{"iob":0.01,"basaliob":0.01,"bolussnooze":0,"activity":3.0E-4,"lastBolusTime":0,"time":"2023-12-28T20:06:12.790Z","iobWithZeroTemp":{"iob":-0.562,"basaliob":-0.562,"bolussnooze":0,"activity":-0.0042,"lastBolusTime":0,"time":"2023-12-28T20:06:12.790Z"}},{"iob":0.009,"basaliob":0.009,"bolussnooze":0,"activity":3.0E-4,"lastBolusTime":0,"time":"2023-12-28T20:11:12.790Z","iobWithZeroTemp":{"iob":-0.581,"basaliob":-0.581,"bolussnooze":0,"activity":-0.0044,"lastBolusTime":0,"time":"2023-12-28T20:11:12.790Z"}},{"iob":0.008,"basaliob":0.008,"bolussnooze":0,"activity":2.0E-4,"lastBolusTime":0,"time":"2023-12-28T20:16:12.790Z","iobWithZeroTemp":{"iob":-0.6,"basaliob":-0.6,"bolussnooze":0,"activity":-0.0046,"lastBolusTime":0,"time":"2023-12-28T20:16:12.790Z"}},{"iob":0.007,"basaliob":0.007,"bolussnooze":0,"activity":2.0E-4,"lastBolusTime":0,"time":"2023-12-28T20:21:12.790Z","iobWithZeroTemp":{"iob":-0.618,"basaliob":-0.618,"bolussnooze":0,"activity":-0.0048,"lastBolusTime":0,"time":"2023-12-28T20:21:12.790Z"}},{"iob":0.006,"basaliob":0.006,"bolussnooze":0,"activity":2.0E-4,"lastBolusTime":0,"time":"2023-12-28T20:26:12.790Z","iobWithZeroTemp":{"iob":-0.636,"basaliob":-0.636,"bolussnooze":0,"activity":-0.005,"lastBolusTime":0,"time":"2023-12-28T20:26:12.790Z"}},{"iob":0.005,"basaliob":0.005,"bolussnooze":0,"activity":2.0E-4,"lastBolusTime":0,"time":"2023-12-28T20:31:12.790Z","iobWithZeroTemp":{"iob":-0.652,"basaliob":-0.652,"bolussnooze":0,"activity":-0.0051,"lastBolusTime":0,"time":"2023-12-28T20:31:12.790Z"}},{"iob":0.004,"basaliob":0.004,"bolussnooze":0,"activity":1.0E-4,"lastBolusTime":0,"time":"2023-12-28T20:36:12.790Z","iobWithZeroTemp":{"iob":-0.668,"basaliob":-0.668,"bolussnooze":0,"activity":-0.0054,"lastBolusTime":0,"time":"2023-12-28T20:36:12.790Z"}},{"iob":0.003,"basaliob":0.003,"bolussnooze":0,"activity":1.0E-4,"lastBolusTime":0,"time":"2023-12-28T20:41:12.790Z","iobWithZeroTemp":{"iob":-0.683,"basaliob":-0.683,"bolussnooze":0,"activity":-0.0055,"lastBolusTime":0,"time":"2023-12-28T20:41:12.790Z"}},{"iob":0.003,"basaliob":0.003,"bolussnooze":0,"activity":1.0E-4,"lastBolusTime":0,"time":"2023-12-28T20:46:12.790Z","iobWithZeroTemp":{"iob":-0.696,"basaliob":-0.696,"bolussnooze":0,"activity":-0.0057,"lastBolusTime":0,"time":"2023-12-28T20:46:12.790Z"}},{"iob":0.002,"basaliob":0.002,"bolussnooze":0,"activity":1.0E-4,"lastBolusTime":0,"time":"2023-12-28T20:51:12.790Z","iobWithZeroTemp":{"iob":-0.709,"basaliob":-0.709,"bolussnooze":0,"activity":-0.0058,"lastBolusTime":0,"time":"2023-12-28T20:51:12.790Z"}},{"iob":0.002,"basaliob":0.002,"bolussnooze":0,"activity":1.0E-4,"lastBolusTime":0,"time":"2023-12-28T20:56:12.790Z","iobWithZeroTemp":{"iob":-0.721,"basaliob":-0.721,"bolussnooze":0,"activity":-0.006,"lastBolusTime":0,"time":"2023-12-28T20:56:12.790Z"}},{"iob":0.001,"basaliob":0.001,"bolussnooze":0,"activity":1.0E-4,"lastBolusTime":0,"time":"2023-12-28T21:01:12.790Z","iobWithZeroTemp":{"iob":-0.733,"basaliob":-0.733,"bolussnooze":0,"activity":-0.0061,"lastBolusTime":0,"time":"2023-12-28T21:01:12.790Z"}},{"iob":0.001,"basaliob":0.001,"bolussnooze":0,"activity":1.0E-4,"lastBolusTime":0,"time":"2023-12-28T21:06:12.790Z","iobWithZeroTemp":{"iob":-0.743,"basaliob":-0.743,"bolussnooze":0,"activity":-0.0062,"lastBolusTime":0,"time":"2023-12-28T21:06:12.790Z"}},{"iob":0.001,"basaliob":0.001,"bolussnooze":0,"activity":1.0E-4,"lastBolusTime":0,"time":"2023-12-28T21:11:12.790Z","iobWithZeroTemp":{"iob":-0.753,"basaliob":-0.753,"bolussnooze":0,"activity":-0.0063,"lastBolusTime":0,"time":"2023-12-28T21:11:12.790Z"}},{"iob":0,"basaliob":0,"bolussnooze":0,"activity":0,"lastBolusTime":0,"time":"2023-12-28T21:16:12.790Z","iobWithZeroTemp":{"iob":-0.763,"basaliob":-0.763,"bolussnooze":0,"activity":-0.0066,"lastBolusTime":0,"time":"2023-12-28T21:16:12.790Z"}},{"iob":0,"basaliob":0,"bolussnooze":0,"activity":0,"lastBolusTime":0,"time":"2023-12-28T21:21:12.790Z","iobWithZeroTemp":{"iob":-0.772,"basaliob":-0.772,"bolussnooze":0,"activity":-0.0067,"lastBolusTime":0,"time":"2023-12-28T21:21:12.790Z"}},{"iob":0,"basaliob":0,"bolussnooze":0,"activity":0,"lastBolusTime":0,"time":"2023-12-28T21:26:12.790Z","iobWithZeroTemp":{"iob":-0.78,"basaliob":-0.78,"bolussnooze":0,"activity":-0.0068,"lastBolusTime":0,"time":"2023-12-28T21:26:12.790Z"}},{"iob":0,"basaliob":0,"bolussnooze":0,"activity":0,"lastBolusTime":0,"time":"2023-12-28T21:31:12.790Z","iobWithZeroTemp":{"iob":-0.788,"basaliob":-0.788,"bolussnooze":0,"activity":-0.0069,"lastBolusTime":0,"time":"2023-12-28T21:31:12.790Z"}},{"iob":0,"basaliob":0,"bolussnooze":0,"activity":0,"lastBolusTime":0,"time":"2023-12-28T21:36:12.790Z","iobWithZeroTemp":{"iob":-0.795,"basaliob":-0.795,"bolussnooze":0,"activity":-0.007,"lastBolusTime":0,"time":"2023-12-28T21:36:12.790Z"}},{"iob":0,"basaliob":0,"bolussnooze":0,"activity":0,"lastBolusTime":0,"time":"2023-12-28T21:41:12.790Z","iobWithZeroTemp":{"iob":-0.801,"basaliob":-0.801,"bolussnooze":0,"activity":-0.0071,"lastBolusTime":0,"time":"2023-12-28T21:41:12.790Z"}},{"iob":0,"basaliob":0,"bolussnooze":0,"activity":0,"lastBolusTime":0,"time":"2023-12-28T21:46:12.790Z","iobWithZeroTemp":{"iob":-0.807,"basaliob":-0.807,"bolussnooze":0,"activity":-0.0072,"lastBolusTime":0,"time":"2023-12-28T21:46:12.790Z"}},{"iob":-0.001,"basaliob":-0.001,"bolussnooze":0,"activity":0,"lastBolusTime":0,"time":"2023-12-28T21:51:12.790Z","iobWithZeroTemp":{"iob":-0.814,"basaliob":-0.814,"bolussnooze":0,"activity":-0.0072,"lastBolusTime":0,"time":"2023-12-28T21:51:12.790Z"}},{"iob":-0.001,"basaliob":-0.001,"bolussnooze":0,"activity":0,"lastBolusTime":0,"time":"2023-12-28T21:56:12.790Z","iobWithZeroTemp":{"iob":-0.819,"basaliob":-0.819,"bolussnooze":0,"activity":-0.0073,"lastBolusTime":0,"time":"2023-12-28T21:56:12.790Z"}}],"profile":{"max_iob":4,"type":"current","max_daily_basal":0.5,"max_basal":1.5,"min_bg":90,"max_bg":90,"target_bg":90,"carb_ratio":20,"sens":117,"max_daily_safety_multiplier":3,"current_basal_safety_multiplier":4,"lgsThreshold":65,"high_temptarget_raises_sensitivity":false,"low_temptarget_lowers_sensitivity":false,"sensitivity_raises_target":true,"resistance_lowers_target":true,"adv_target_adjustments":false,"exercise_mode":false,"half_basal_exercise_target":160,"maxCOB":120,"skip_neutral_temps":false,"remainingCarbsCap":90,"enableUAM":true,"A52_risk_enable":false,"SMBInterval":3,"enableSMB_with_COB":true,"enableSMB_with_temptarget":true,"allowSMB_with_high_temptarget":false,"enableSMB_always":false,"enableSMB_after_carbs":false,"maxSMBBasalMinutes":75,"maxUAMSMBBasalMinutes":75,"bolus_increment":0.05,"carbsReqThreshold":10,"current_basal":0.4,"temptargetSet":false,"autosens_max":1.2,"autosens_min":0.7,"out_units":"mmol\/L","variable_sens":160.7,"insulinDivisor":65,"TDD":12.104897619047616},"autosens_data":{"ratio":1},"meal_data":{"carbs":0,"mealCOB":0,"slopeFromMaxDeviation":-0.302,"slopeFromMinDeviation":1.35375,"lastBolusTime":1703754675154,"lastCarbTime":0},"microBolusAllowed":true,"currentTime":1703786474210,"flatBGsDetected":false,"tdd1D":11.195833333333328,"tdd7D":12.08690476190476,"tddLast24H":13.825,"tddLast4H":2.345833333333333,"tddLast8to4H":1.7666666666666666},"output":{"temp":"absolute","bg":99,"tick":-5,"eventualBG":49,"targetBG":90,"insulinReq":0,"deliverAt":"2023-12-28T18:01:14.210Z","sensitivityRatio":1,"variable_sens":160.7,"predBGs":{"IOB":[99,94,90,86,83,79,76,74,71,69,67,66,64,63,62,61,60,59,58,58,57,56,56,55,55,54,54,54,53,53,53,53,53,52],"ZT":[99,96,93,91,89,87,85,84,83,83,83,83,83,84,85,86,88,90]},"reason":"COB: 0, Dev: -1.2, BGI: -0.2, ISF: 8.9, CR: 20, Target: 5.0, minPredBG 3.1, minGuardBG 2.9, IOBpredBG 2.9; minGuardBG 2.9<3.6 95m left and 0 ~ req 0U\/hr: no temp required","COB":0,"IOB":0.181,"timestamp":"2023-12-28T18:01:14.243Z"}}