{"algorithm":"OpenAPSSMBDynamicISFPlugin","input":{"glucoseStatus":{"glucose":103,"noise":0,"delta":5.67,"short_avgdelta":6.08,"long_avgdelta":1.78,"date":1703788833198},"currenttemp":{"temp":"absolute","duration":25,"rate":1.2,"minutesrunning":5},"iob_data":[{"iob":-0.013,"basaliob":-0.013,"bolussnooze":0,"activity":8.0E-4,"lastBolusTime":0,"time":"2023-12-28T18:41:20.648Z","iobWithZeroTemp":{"iob":-0.013,"basaliob":-0.013,"bolussnooze":0,"activity":8.0E-4,"lastBolusTime":0,"time":"2023-12-28T18:41:20.648Z"}},{"iob":-0.017,"basaliob":-0.017,"bolussnooze":0,"activity":6.0E-4,"lastBolusTime":0,"time":"2023-12-28T18:46:20.648Z","iobWithZeroTemp":{"iob":-0.044,"basaliob":-0.044,"bolussnooze":0,"activity":6.0E-4,"lastBolusTime":0,"time":"2023-12-28T18:46:20.648Z"}},{"iob":-0.02,"basaliob":-0.02,"bolussnooze":0,"activity":5.0E-4,"lastBolusTime":0,"time":"2023-12-28T18:51:20.648Z","iobWithZeroTemp":{"iob":-0.08,"basaliob":-0.08,"bolussnooze":0,"activity":4.0E-4,"lastBolusTime":0,"time":"2023-12-28T18:51:20.648Z"}},{"iob":-0.022,"basaliob":-0.022,"bolussnooze":0,"activity":4.0E-4,"lastBolusTime":0,"time":"2023-12-28T18:56:20.648Z","iobWithZeroTemp":{"iob":-0.114,"basaliob":-0.114,"bolussnooze":0,"activity":2.0E-4,"lastBolusTime":0,"time":"2023-12-28T18:56:20.648Z"}},{"iob":-0.024,"basaliob":-0.024,"bolussnooze":0,"activity":3.0E-4,"lastBolusTime":0,"time":"2023-12-28T19:01:20.648Z","iobWithZeroTemp":{"iob":-0.149,"basaliob":-0.149,"bolussnooze":0,"activity":0,"lastBolusTime":0,"time":"2023-12-28T19:01:20.648Z"}},{"iob":-0.025,"basaliob":-0.025,"bolussnooze":0,"activity":2.0E-4,"lastBolusTime":0,"time":"2023-12-28T19:06:20.648Z","iobWithZeroTemp":{"iob":-0.181,"basaliob":-0.181,"bolussnooze":0,"activity":-3.0E-4,"lastBolusTime":0,"time":"2023-12-28T19:06:20.648Z"}},{"iob":-0.026,"basaliob":-0.026,"bolussnooze":0,"activity":1.0E-4,"lastBolusTime":0,"time":"2023-12-28T19:11:20.648Z","iobWithZeroTemp":{"iob":-0.212,"basaliob":-0.212,"bolussnooze":0,"activity":-6.0E-4,"lastBolusTime":0,"time":"2023-12-28T19:11:20.648Z"}},{"iob":-0.026,"basaliob":-0.026,"bolussnooze":0,"activity":1.0E-4,"lastBolusTime":0,"time":"2023-12-28T19:16:20.648Z","iobWithZeroTemp":{"iob":-0.242,"basaliob":-0.242,"bolussnooze":0,"activity":-8.0E-4,"lastBolusTime":0,"time":"2023-12-28T19:16:20.648Z"}},{"iob":-0.027,"basaliob":-0.027,"bolussnooze":0,"activity":0,"lastBolusTime":0,"time":"2023-12-28T19:21:20.648Z","iobWithZeroTemp":{"iob":-0.271,"basaliob":-0.271,"bolussnooze":0,"activity":-0.0011,"lastBolusTime":0,"time":"2023-12-28T19:21:20.648Z"}},{"iob":-0.027,"basaliob":-0.027,"bolussnooze":0,"activity":0,"lastBolusTime":0,"time":"2023-12-28T19:26:20.648Z","iobWithZeroTemp":{"iob":-0.299,"basaliob":-0.299,"bolussnooze":0,"activity":-0.0013,"lastBolusTime":0,"time":"2023-12-28T19:26:20.648Z"}},{"iob":-0.027,"basaliob":-0.027,"bolussnooze":0,"activity":-1.0E-4,"lastBolusTime":0,"time":"2023-12-28T19:31:20.648Z","iobWithZeroTemp":{"iob":-0.325,"basaliob":-0.325,"bolussnooze":0,"activity":-0.0016,"lastBolusTime":0,"time":"2023-12-28T19:31:20.648Z"}},{"iob":-0.026,"basaliob":-0.026,"bolussnooze":0,"activity":-1.0E-4,"lastBolusTime":0,"time":"2023-12-28T19:36:20.648Z","iobWithZeroTemp":{"iob":-0.349,"basaliob":-0.349,"bolussnooze":0,"activity":-0.0019,"lastBolusTime":0,"time":"2023-12-28T19:36:20.648Z"}},{"iob":-0.026,"basaliob":-0.026,"bolussnooze":0,"activity":-1.0E-4,"lastBolusTime":0,"time":"2023-12-28T19:41:20.648Z","iobWithZeroTemp":{"iob":-0.373,"basaliob":-0.373,"bolussnooze":0,"activity":-0.0021,"lastBolusTime":0,"time":"2023-12-28T19:41:20.648Z"}},{"iob":-0.025,"basaliob":-0.025,"bolussnooze":0,"activity":-1.0E-4,"lastBolusTime":0,"time":"2023-12-28T19:46:20.648Z","iobWithZeroTemp":{"iob":-0.395,"basaliob":-0.395,"bolussnooze":0,"activity":-0.0023,"lastBolusTime":0,"time":"2023-12-28T19:46:20.648Z"}},{"iob":-0.025,"basaliob":-0.025,"bolussnooze":0,"activity":-1.0E-4,"lastBolusTime":0,"time":"2023-12-28T19:51:20.648Z","iobWithZeroTemp":{"iob":-0.416,"basaliob":-0.416,"bolussnooze":0,"activity":-0.0025,"lastBolusTime":0,"time":"2023-12-28T19:51:20.648Z"}},{"iob":-0.024,"basaliob":-0.024,"bolussnooze":0,"activity":-2.0E-4,"lastBolusTime":0,"time":"2023-12-28T19:56:20.648Z","iobWithZeroTemp":{"iob":-0.436,"basaliob":-0.436,"bolussnooze":0,"activity":-0.0029,"lastBolusTime":0,"time":"2023-12-28T19:56:20.648Z"}},{"iob":-0.023,"basaliob":-0.023,"bolussnooze":0,"activity":-2.0E-4,"lastBolusTime":0,"time":"2023-12-28T20:01:20.648Z","iobWithZeroTemp":{"iob":-0.454,"basaliob":-0.454,"bolussnooze":0,"activity":-0.0031,"lastBolusTime":0,"time":"2023-12-28T20:01:20.648Z"}},{"iob":-0.022,"basaliob":-0.022,"bolussnooze":0,"activity":-2.0E-4,"lastBolusTime":0,"time":"2023-12-28T20:06:20.648Z","iobWithZeroTemp":{"iob":-0.48,"basaliob":-0.48,"bolussnooze":0,"activity":-0.0033,"lastBolusTime":0,"time":"2023-12-28T20:06:20.648Z"}},{"iob":-0.021,"basaliob":-0.021,"bolussnooze":0,"activity":-2.0E-4,"lastBolusTime":0,"time":"2023-12-28T20:11:20.648Z","iobWithZeroTemp":{"iob":-0.505,"basaliob":-0.505,"bolussnooze":0,"activity":-0.0035,"lastBolusTime":0,"time":"2023-12-28T20:11:20.648Z"}},{"iob":-0.02,"basaliob":-0.02,"bolussnooze":0,"activity":-2.0E-4,"lastBolusTime":0,"time":"2023-12-28T20:16:20.648Z","iobWithZeroTemp":{"iob":-0.528,"basaliob":-0.528,"bolussnooze":0,"activity":-0.0037,"lastBolusTime":0,"time":"2023-12-28T20:16:20.648Z"}},{"iob":-0.02,"basaliob":-0.02,"bolussnooze":0,"activity":-2.0E-4,"lastBolusTime":0,"time":"2023-12-28T20:21:20.648Z","iobWithZeroTemp":{"iob":-0.552,"basaliob":-0.552,"bolussnooze":0,"activity":-0.004,"lastBolusTime":0,"time":"2023-12-28T20:21:20.648Z"}},{"iob":-0.019,"basaliob":-0.019,"bolussnooze":0,"activity":-2.0E-4,"lastBolusTime":0,"time":"2023-12-28T20:26:20.648Z","iobWithZeroTemp":{"iob":-0.573,"basaliob":-0.573,"bolussnooze":0,"activity":-0.0042,"lastBolusTime":0,"time":"2023-12-28T20:26:20.648Z"}},{"iob":-0.018,"basaliob":-0.018,"bolussnooze":0,"activity":-2.0E-4,"lastBolusTime":0,"time":"2023-12-28T20:31:20.648Z","iobWithZeroTemp":{"iob":-0.593,"basaliob":-0.593,"bolussnooze":0,"activity":-0.0044,"lastBolusTime":0,"time":"2023-12-28T20:31:20.648Z"}},{"iob":-0.017,"basaliob":-0.017,"bolussnooze":0,"activity":-2.0E-4,"lastBolusTime":0,"time":"2023-12-28T20:36:20.648Z","iobWithZeroTemp":{"iob":-0.612,"basaliob":-0.612,"bolussnooze":0,"activity":-0.0046,"lastBolusTime":0,"time":"2023-12-28T20:36:20.648Z"}},{"iob":-0.016,"basaliob":-0.016,"bolussnooze":0,"activity":-2.0E-4,"lastBolusTime":0,"time":"2023-12-28T20:41:20.648Z","iobWithZeroTemp":{"iob":-0.63,"basaliob":-0.63,"bolussnooze":0,"activity":-0.0048,"lastBolusTime":0,"time":"2023-12-28T20:41:20.648Z"}},{"iob":-0.015,"basaliob":-0.015,"bolussnooze":0,"activity":-2.0E-4,"lastBolusTime":0,"time":"2023-12-28T20:46:20.648Z","iobWithZeroTemp":{"iob":-0.647,"basaliob":-0.647,"bolussnooze":0,"activity":-0.005,"lastBolusTime":0,"time":"2023-12-28T20:46:20.648Z"}},{"iob":-0.014,"basaliob":-0.014,"bolussnooze":0,"activity":-2.0E-4,"lastBolusTime":0,"time":"2023-12-28T20:51:20.648Z","iobWithZeroTemp":{"iob":-0.663,"basaliob":-0.663,"bolussnooze":0,"activity":-0.0052,"lastBolusTime":0,"time":"2023-12-28T20:51:20.648Z"}},{"iob":-0.014,"basaliob":-0.014,"bolussnooze":0,"activity":-2.0E-4,"lastBolusTime":0,"time":"2023-12-28T20:56:20.648Z","iobWithZeroTemp":{"iob":-0.679,"basaliob":-0.679,"bolussnooze":0,"activity":-0.0054,"lastBolusTime":0,"time":"2023-12-28T20:56:20.648Z"}},{"iob":-0.013,"basaliob":-0.013,"bolussnooze":0,"activity":-1.0E-4,"lastBolusTime":0,"time":"2023-12-28T21:01:20.648Z","iobWithZeroTemp":{"iob":-0.693,"basaliob":-0.693,"bolussnooze":0,"activity":-0.0055,"lastBolusTime":0,"time":"2023-12-28T21:01:20.648Z"}},{"iob":-0.012,"basaliob":-0.012,"bolussnooze":0,"activity":-1.0E-4,"lastBolusTime":0,"time":"2023-12-28T21:06:20.648Z","iobWithZeroTemp":{"iob":-0.706,"basaliob":-0.706,"bolussnooze":0,"activity":-0.0057,"lastBolusTime":0,"time":"2023-12-28T21:06:20.648Z"}},{"iob":-0.011,"basaliob":-0.011,"bolussnooze":0,"activity":-1.0E-4,"lastBolusTime":0,"time":"2023-12-28T21:11:20.648Z","iobWithZeroTemp":{"iob":-0.719,"basaliob":-0.719,"bolussnooze":0,"activity":-0.0059,"lastBolusTime":0,"time":"2023-12-28T21:11:20.648Z"}},{"iob":-0.011,"basaliob":-0.011,"bolussnooze":0,"activity":-1.0E-4,"lastBolusTime":0,"time":"2023-12-28T21:16:20.648Z","iobWithZeroTemp":{"iob":-0.731,"basaliob":-0.731,"bolussnooze":0,"activity":-0.006,"lastBolusTime":0,"time":"2023-12-28T21:16:20.648Z"}},{"iob":-0.01,"basaliob":-0.01,"bolussnooze":0,"activity":-1.0E-4,"lastBolusTime":0,"time":"2023-12-28T21:21:20.648Z","iobWithZeroTemp":{"iob":-0.742,"basaliob":-0.742,"bolussnooze":0,"activity":-0.0062,"lastBolusTime":0,"time":"2023-12-28T21:21:20.648Z"}},{"iob":-0.009,"basaliob":-0.009,"bolussnooze":0,"activity":-1.0E-4,"lastBolusTime":0,"time":"2023-12-28T21:26:20.648Z","iobWithZeroTemp":{"iob":-0.752,"basaliob":-0.752,"bolussnooze":0,"activity":-0.0063,"lastBolusTime":0,"time":"2023-12-28T21:26:20.648Z"}},{"iob":-0.009,"basaliob":-0.009,"bolussnooze":0,"activity":-1.0E-4,"lastBolusTime":0,"time":"2023-12-28T21:31:20.648Z","iobWithZeroTemp":{"iob":-0.762,"basaliob":-0.762,"bolussnooze":0,"activity":-0.0065,"lastBolusTime":0,"time":"2023-12-28T21:31:20.648Z"}},{"iob":-0.008,"basaliob":-0.008,"bolussnooze":0,"activity":-1.0E-4,"lastBolusTime":0,"time":"2023-12-28T21:36:20.648Z","iobWithZeroTemp":{"iob":-0.771,"basaliob":-0.771,"bolussnooze":0,"activity":-0.0066,"lastBolusTime":0,"time":"2023-12-28T21:36:20.648Z"}},{"iob":-0.008,"basaliob":-0.008,"bolussnooze":0,"activity":-1.0E-4,"lastBolusTime":0,"time":"2023-12-28T21:41:20.648Z","iobWithZeroTemp":{"iob":-0.78,"basaliob":-0.78,"bolussnooze":0,"activity":-0.0067,"lastBolusTime":0,"time":"2023-12-28T21:41:20.648Z"}},{"iob":-0.007,"basaliob":-0.007,"bolussnooze":0,"activity":-1.0E-4,"lastBolusTime":0,"time":"2023-12-28T21:46:20.648Z","iobWithZeroTemp":{"iob":-0.787,"basaliob":-0.787,"bolussnooze":0,"activity":-0.0068,"lastBolusTime":0,"time":"2023-12-28T21:46:20.648Z"}},{"iob":-0.007,"basaliob":-0.007,"bolussnooze":0,"activity":-1.0E-4,"lastBolusTime":0,"time":"2023-12-28T21:51:20.648Z","iobWithZeroTemp":{"iob":-0.795,"basaliob":-0.795,"bolussnooze":0,"activity":-0.0069,"lastBolusTime":0,"time":"2023-12-28T21:51:20.648Z"}},{"iob":-0.006,"basaliob":-0.006,"bolussnooze":0,"activity":-1.0E-4,"lastBolusTime":0,"time":"2023-12-28T21:56:20.648Z","iobWithZeroTemp":{"iob":-0.801,"basaliob":-0.801,"bolussnooze":0,"activity":-0.007,"lastBolusTime":0,"time":"2023-12-28T21:56:20.648Z"}},{"iob":-0.006,"basaliob":-0.006,"bolussnooze":0,"activity":-1.0E-4,"lastBolusTime":0,"time":"2023-12-28T22:01:20.648Z","iobWithZeroTemp":{"iob":-0.808,"basaliob":-0.808,"bolussnooze":0,"activity":-0.0071,"lastBolusTime":0,"time":"2023-12-28T22:01:20.648Z"}},{"iob":-0.006,"basaliob":-0.006,"bolussnooze":0,"activity":-1.0E-4,"lastBolusTime":0,"time":"2023-12-28T22:06:20.648Z","iobWithZeroTemp":{"iob":-0.814,"basaliob":-0.814,"bolussnooze":0,"activity":-0.0072,"lastBolusTime":0,"time":"2023-12-28T22:06:20.648Z"}},{"iob":-0.005,"basaliob":-0.005,"bolussnooze":0,"activity":-1.0E-4,"lastBolusTime":0,"time":"2023-12-28T22:11:20.648Z","iobWithZeroTemp":{"iob":-0.819,"basaliob":-0.819,"bolussnooze":0,"activity":-0.0073,"lastBolusTime":0,"time":"2023-12-28T22:11:20.648Z"}},{"iob":-0.005,"basaliob":-0.005,"bolussnooze":0,"activity":-1.0E-4,"lastBolusTime":0,"time":"2023-12-28T22:16:20.648Z","iobWithZeroTemp":{"iob":-0.824,"basaliob":-0.824,"bolussnooze":0,"activity":-0.0074,"lastBolusTime":0,"time":"2023-12-28T22:16:20.648Z"}},{"iob":-0.004,"basaliob":-0.004,"bolussnooze":0,"activity":-1.0E-4,"lastBolusTime":0,"time":"2023-12-28T22:21:20.648Z","iobWithZeroTemp":{"iob":-0.828,"basaliob":-0.828,"bolussnooze":0,"activity":-0.0075,"lastBolusTime":0,"time":"2023-12-28T22:21:20.648Z"}},{"iob":-0.004,"basaliob":-0.004,"bolussnooze":0,"activity":-1.0E-4,"lastBolusTime":0,"time":"2023-12-28T22:26:20.648Z","iobWithZeroTemp":{"iob":-0.833,"basaliob":-0.833,"bolussnooze":0,"activity":-0.0075,"lastBolusTime":0,"time":"2023-12-28T22:26:20.648Z"}},{"iob":-0.004,"basaliob":-0.004,"bolussnooze":0,"activity":-1.0E-4,"lastBolusTime":0,"time":"2023-12-28T22:31:20.648Z","iobWithZeroTemp":{"iob":-0.837,"basaliob":-0.837,"bolussnooze":0,"activity":-0.0076,"lastBolusTime":0,"time":"2023-12-28T22:31:20.648Z"}},{"iob":-0.004,"basaliob":-0.004,"bolussnooze":0,"activity":-1.0E-4,"lastBolusTime":0,"time":"2023-12-28T22:36:20.648Z","iobWithZeroTemp":{"iob":-0.841,"basaliob":-0.841,"bolussnooze":0,"activity":-0.0077,"lastBolusTime":0,"time":"2023-12-28T22:36:20.648Z"}}],"profile":{"max_iob":4,"type":"current","max_daily_basal":0.5,"max_basal":1.5,"min_bg":90,"max_bg":90,"target_bg":90,"carb_ratio":20,"sens":117,"max_daily_safety_multiplier":3,"current_basal_safety_multiplier":4,"lgsThreshold":65,"high_temptarget_raises_sensitivity":false,"low_temptarget_lowers_sensitivity":false,"sensitivity_raises_target":true,"resistance_lowers_target":true,"adv_target_adjustments":false,"exercise_mode":false,"half_basal_exercise_target":160,"maxCOB":120,"skip_neutral_temps":false,"remainingCarbsCap":90,"enableUAM":true,"A52_risk_enable":false,"SMBInterval":3,"enableSMB_with_COB":true,"enableSMB_with_temptarget":true,"allowSMB_with_high_temptarget":false,"enableSMB_always":false,"enableSMB_after_carbs":false,"maxSMBBasalMinutes":75,"maxUAMSMBBasalMinutes":75,"bolus_increment":0.05,"carbsReqThreshold":10,"current_basal":0.4,"temptargetSet":false,"autosens_max":1.2,"autosens_min":0.7,"out_units":"mmol\/L","variable_sens":165.5,"insulinDivisor":65,"TDD":11.450672619047618},"autosens_data":{"ratio":1},"meal_data":{"carbs":0,"mealCOB":0,"slopeFromMaxDeviation":0,"slopeFromMinDeviation":1.187090909090909,"lastBolusTime":1703754675154,"lastCarbTime":0},"microBolusAllowed":true,"currentTime":1703788882146,"flatBGsDetected":false,"tdd1D":11.195833333333328,"tdd7D":12.08690476190476,"tddLast24H":13.233333333333334,"tddLast4H":1.8041666666666674,"tddLast8to4H":1.929166666666667},"output":{"temp":"absolute","bg":103,"tick":"+6","eventualBG":151,"targetBG":90,"insulinReq":0.33,"deliverAt":"2023-12-28T18:41:22.146Z","sensitivityRatio":1,"variable_sens":165.5,"predBGs":{"IOB":[103,108,113,117,121,125,128,130,132,134,135,135,135,136,136,136,136,136,136,136,136,136,137,137,137,137,137,137,137,138,138,138,138,138,138,138,138,138,138,138,138,138,138,139],"ZT":[103,102,102,102,101,101,102,102],"UAM":[103,108,113,118,122,127,130,134,137,140,142,144,145,147,147,148,148,148,148,148,149,149,149,149,149,149,149,149,150,150,150,150,150,150,150,150,150,150,150,150,150,151]},"reason":"COB: 0, Dev: 2.1, BGI: 0.0, ISF: 9.2, CR: 20, Target: 5.0, minPredBG 8.1, minGuardBG 6.0, IOBpredBG 7.7, UAMpredBG 8.4; Eventual BG 8.4 >= 5.0, temp 1.20 >~ req 1.06U\/hr. ","COB":0,"IOB":-0.013,"timestamp":"2023-12-28T18:41:22.182Z"}}