{"algorithm":"OpenAPSSMBDynamicISFPlugin","input":{"glucoseStatus":{"glucose":145,"noise":0,"delta":-2,"short_avgdelta":-2,"long_avgdelta":-0.71,"date":1703629220042},"currenttemp":{"temp":"absolute","duration":20,"rate":0.8,"minutesrunning":10},"iob_data":[{"iob":0.434,"basaliob":0.434,"bolussnooze":0,"activity":0.0039,"lastBolusTime":0,"time":"2023-12-26T22:21:10.665Z","iobWithZeroTemp":{"iob":0.434,"basaliob":0.434,"bolussnooze":0,"activity":0.0039,"lastBolusTime":0,"time":"2023-12-26T22:21:10.665Z"}},{"iob":0.415,"basaliob":0.415,"bolussnooze":0,"activity":0.0039,"lastBolusTime":0,"time":"2023-12-26T22:26:10.665Z","iobWithZeroTemp":{"iob":0.382,"basaliob":0.382,"bolussnooze":0,"activity":0.0039,"lastBolusTime":0,"time":"2023-12-26T22:26:10.665Z"}},{"iob":0.395,"basaliob":0.395,"bolussnooze":0,"activity":0.0039,"lastBolusTime":0,"time":"2023-12-26T22:31:10.665Z","iobWithZeroTemp":{"iob":0.32,"basaliob":0.32,"bolussnooze":0,"activity":0.0038,"lastBolusTime":0,"time":"2023-12-26T22:31:10.665Z"}},{"iob":0.376,"basaliob":0.376,"bolussnooze":0,"activity":0.0038,"lastBolusTime":0,"time":"2023-12-26T22:36:10.665Z","iobWithZeroTemp":{"iob":0.26,"basaliob":0.26,"bolussnooze":0,"activity":0.0036,"lastBolusTime":0,"time":"2023-12-26T22:36:10.665Z"}},{"iob":0.357,"basaliob":0.357,"bolussnooze":0,"activity":0.0038,"lastBolusTime":0,"time":"2023-12-26T22:41:10.665Z","iobWithZeroTemp":{"iob":0.201,"basaliob":0.201,"bolussnooze":0,"activity":0.0034,"lastBolusTime":0,"time":"2023-12-26T22:41:10.665Z"}},{"iob":0.338,"basaliob":0.338,"bolussnooze":0,"activity":0.0037,"lastBolusTime":0,"time":"2023-12-26T22:46:10.665Z","iobWithZeroTemp":{"iob":0.143,"basaliob":0.143,"bolussnooze":0,"activity":0.0031,"lastBolusTime":0,"time":"2023-12-26T22:46:10.665Z"}},{"iob":0.32,"basaliob":0.32,"bolussnooze":0,"activity":0.0036,"lastBolusTime":0,"time":"2023-12-26T22:51:10.665Z","iobWithZeroTemp":{"iob":0.087,"basaliob":0.087,"bolussnooze":0,"activity":0.0028,"lastBolusTime":0,"time":"2023-12-26T22:51:10.665Z"}},{"iob":0.302,"basaliob":0.302,"bolussnooze":0,"activity":0.0035,"lastBolusTime":0,"time":"2023-12-26T22:56:10.665Z","iobWithZeroTemp":{"iob":0.032,"basaliob":0.032,"bolussnooze":0,"activity":0.0024,"lastBolusTime":0,"time":"2023-12-26T22:56:10.665Z"}},{"iob":0.285,"basaliob":0.285,"bolussnooze":0,"activity":0.0034,"lastBolusTime":0,"time":"2023-12-26T23:01:10.665Z","iobWithZeroTemp":{"iob":-0.02,"basaliob":-0.02,"bolussnooze":0,"activity":0.002,"lastBolusTime":0,"time":"2023-12-26T23:01:10.665Z"}},{"iob":0.268,"basaliob":0.268,"bolussnooze":0,"activity":0.0032,"lastBolusTime":0,"time":"2023-12-26T23:06:10.665Z","iobWithZeroTemp":{"iob":-0.051,"basaliob":-0.051,"bolussnooze":0,"activity":0.0016,"lastBolusTime":0,"time":"2023-12-26T23:06:10.665Z"}},{"iob":0.253,"basaliob":0.253,"bolussnooze":0,"activity":0.0031,"lastBolusTime":0,"time":"2023-12-26T23:11:10.665Z","iobWithZeroTemp":{"iob":-0.079,"basaliob":-0.079,"bolussnooze":0,"activity":0.0012,"lastBolusTime":0,"time":"2023-12-26T23:11:10.665Z"}},{"iob":0.237,"basaliob":0.237,"bolussnooze":0,"activity":0.003,"lastBolusTime":0,"time":"2023-12-26T23:16:10.665Z","iobWithZeroTemp":{"iob":-0.106,"basaliob":-0.106,"bolussnooze":0,"activity":9.0E-4,"lastBolusTime":0,"time":"2023-12-26T23:16:10.665Z"}},{"iob":0.223,"basaliob":0.223,"bolussnooze":0,"activity":0.0029,"lastBolusTime":0,"time":"2023-12-26T23:21:10.665Z","iobWithZeroTemp":{"iob":-0.13,"basaliob":-0.13,"bolussnooze":0,"activity":6.0E-4,"lastBolusTime":0,"time":"2023-12-26T23:21:10.665Z"}},{"iob":0.209,"basaliob":0.209,"bolussnooze":0,"activity":0.0027,"lastBolusTime":0,"time":"2023-12-26T23:26:10.665Z","iobWithZeroTemp":{"iob":-0.153,"basaliob":-0.153,"bolussnooze":0,"activity":2.0E-4,"lastBolusTime":0,"time":"2023-12-26T23:26:10.665Z"}},{"iob":0.195,"basaliob":0.195,"bolussnooze":0,"activity":0.0026,"lastBolusTime":0,"time":"2023-12-26T23:31:10.665Z","iobWithZeroTemp":{"iob":-0.176,"basaliob":-0.176,"bolussnooze":0,"activity":0,"lastBolusTime":0,"time":"2023-12-26T23:31:10.665Z"}},{"iob":0.183,"basaliob":0.183,"bolussnooze":0,"activity":0.0025,"lastBolusTime":0,"time":"2023-12-26T23:36:10.665Z","iobWithZeroTemp":{"iob":-0.195,"basaliob":-0.195,"bolussnooze":0,"activity":-3.0E-4,"lastBolusTime":0,"time":"2023-12-26T23:36:10.665Z"}},{"iob":0.171,"basaliob":0.171,"bolussnooze":0,"activity":0.0023,"lastBolusTime":0,"time":"2023-12-26T23:41:10.665Z","iobWithZeroTemp":{"iob":-0.214,"basaliob":-0.214,"bolussnooze":0,"activity":-6.0E-4,"lastBolusTime":0,"time":"2023-12-26T23:41:10.665Z"}},{"iob":0.16,"basaliob":0.16,"bolussnooze":0,"activity":0.0022,"lastBolusTime":0,"time":"2023-12-26T23:46:10.665Z","iobWithZeroTemp":{"iob":-0.231,"basaliob":-0.231,"bolussnooze":0,"activity":-8.0E-4,"lastBolusTime":0,"time":"2023-12-26T23:46:10.665Z"}},{"iob":0.149,"basaliob":0.149,"bolussnooze":0,"activity":0.0021,"lastBolusTime":0,"time":"2023-12-26T23:51:10.665Z","iobWithZeroTemp":{"iob":-0.248,"basaliob":-0.248,"bolussnooze":0,"activity":-0.001,"lastBolusTime":0,"time":"2023-12-26T23:51:10.665Z"}},{"iob":0.139,"basaliob":0.139,"bolussnooze":0,"activity":0.002,"lastBolusTime":0,"time":"2023-12-26T23:56:10.665Z","iobWithZeroTemp":{"iob":-0.263,"basaliob":-0.263,"bolussnooze":0,"activity":-0.0012,"lastBolusTime":0,"time":"2023-12-26T23:56:10.665Z"}},{"iob":0.129,"basaliob":0.129,"bolussnooze":0,"activity":0.0019,"lastBolusTime":0,"time":"2023-12-27T00:01:10.665Z","iobWithZeroTemp":{"iob":-0.277,"basaliob":-0.277,"bolussnooze":0,"activity":-0.0014,"lastBolusTime":0,"time":"2023-12-27T00:01:10.665Z"}},{"iob":0.12,"basaliob":0.12,"bolussnooze":0,"activity":0.0017,"lastBolusTime":0,"time":"2023-12-27T00:06:10.665Z","iobWithZeroTemp":{"iob":-0.29,"basaliob":-0.29,"bolussnooze":0,"activity":-0.0017,"lastBolusTime":0,"time":"2023-12-27T00:06:10.665Z"}},{"iob":0.112,"basaliob":0.112,"bolussnooze":0,"activity":0.0016,"lastBolusTime":0,"time":"2023-12-27T00:11:10.665Z","iobWithZeroTemp":{"iob":-0.302,"basaliob":-0.302,"bolussnooze":0,"activity":-0.0019,"lastBolusTime":0,"time":"2023-12-27T00:11:10.665Z"}},{"iob":0.104,"basaliob":0.104,"bolussnooze":0,"activity":0.0015,"lastBolusTime":0,"time":"2023-12-27T00:16:10.665Z","iobWithZeroTemp":{"iob":-0.313,"basaliob":-0.313,"bolussnooze":0,"activity":-0.0021,"lastBolusTime":0,"time":"2023-12-27T00:16:10.665Z"}},{"iob":0.096,"basaliob":0.096,"bolussnooze":0,"activity":0.0014,"lastBolusTime":0,"time":"2023-12-27T00:21:10.665Z","iobWithZeroTemp":{"iob":-0.324,"basaliob":-0.324,"bolussnooze":0,"activity":-0.0022,"lastBolusTime":0,"time":"2023-12-27T00:21:10.665Z"}},{"iob":0.089,"basaliob":0.089,"bolussnooze":0,"activity":0.0014,"lastBolusTime":0,"time":"2023-12-27T00:26:10.665Z","iobWithZeroTemp":{"iob":-0.333,"basaliob":-0.333,"bolussnooze":0,"activity":-0.0023,"lastBolusTime":0,"time":"2023-12-27T00:26:10.665Z"}},{"iob":0.083,"basaliob":0.083,"bolussnooze":0,"activity":0.0013,"lastBolusTime":0,"time":"2023-12-27T00:31:10.665Z","iobWithZeroTemp":{"iob":-0.342,"basaliob":-0.342,"bolussnooze":0,"activity":-0.0024,"lastBolusTime":0,"time":"2023-12-27T00:31:10.665Z"}},{"iob":0.077,"basaliob":0.077,"bolussnooze":0,"activity":0.0012,"lastBolusTime":0,"time":"2023-12-27T00:36:10.665Z","iobWithZeroTemp":{"iob":-0.35,"basaliob":-0.35,"bolussnooze":0,"activity":-0.0026,"lastBolusTime":0,"time":"2023-12-27T00:36:10.665Z"}},{"iob":0.071,"basaliob":0.071,"bolussnooze":0,"activity":0.0011,"lastBolusTime":0,"time":"2023-12-27T00:41:10.665Z","iobWithZeroTemp":{"iob":-0.357,"basaliob":-0.357,"bolussnooze":0,"activity":-0.0027,"lastBolusTime":0,"time":"2023-12-27T00:41:10.665Z"}},{"iob":0.066,"basaliob":0.066,"bolussnooze":0,"activity":0.001,"lastBolusTime":0,"time":"2023-12-27T00:46:10.665Z","iobWithZeroTemp":{"iob":-0.364,"basaliob":-0.364,"bolussnooze":0,"activity":-0.0029,"lastBolusTime":0,"time":"2023-12-27T00:46:10.665Z"}},{"iob":0.061,"basaliob":0.061,"bolussnooze":0,"activity":0.001,"lastBolusTime":0,"time":"2023-12-27T00:51:10.665Z","iobWithZeroTemp":{"iob":-0.371,"basaliob":-0.371,"bolussnooze":0,"activity":-0.0029,"lastBolusTime":0,"time":"2023-12-27T00:51:10.665Z"}},{"iob":0.056,"basaliob":0.056,"bolussnooze":0,"activity":9.0E-4,"lastBolusTime":0,"time":"2023-12-27T00:56:10.665Z","iobWithZeroTemp":{"iob":-0.377,"basaliob":-0.377,"bolussnooze":0,"activity":-0.003,"lastBolusTime":0,"time":"2023-12-27T00:56:10.665Z"}},{"iob":0.052,"basaliob":0.052,"bolussnooze":0,"activity":8.0E-4,"lastBolusTime":0,"time":"2023-12-27T01:01:10.665Z","iobWithZeroTemp":{"iob":-0.382,"basaliob":-0.382,"bolussnooze":0,"activity":-0.0032,"lastBolusTime":0,"time":"2023-12-27T01:01:10.665Z"}},{"iob":0.048,"basaliob":0.048,"bolussnooze":0,"activity":8.0E-4,"lastBolusTime":0,"time":"2023-12-27T01:06:10.665Z","iobWithZeroTemp":{"iob":-0.387,"basaliob":-0.387,"bolussnooze":0,"activity":-0.0032,"lastBolusTime":0,"time":"2023-12-27T01:06:10.665Z"}},{"iob":0.044,"basaliob":0.044,"bolussnooze":0,"activity":7.0E-4,"lastBolusTime":0,"time":"2023-12-27T01:11:10.665Z","iobWithZeroTemp":{"iob":-0.392,"basaliob":-0.392,"bolussnooze":0,"activity":-0.0033,"lastBolusTime":0,"time":"2023-12-27T01:11:10.665Z"}},{"iob":0.04,"basaliob":0.04,"bolussnooze":0,"activity":7.0E-4,"lastBolusTime":0,"time":"2023-12-27T01:16:10.665Z","iobWithZeroTemp":{"iob":-0.397,"basaliob":-0.397,"bolussnooze":0,"activity":-0.0033,"lastBolusTime":0,"time":"2023-12-27T01:16:10.665Z"}},{"iob":0.037,"basaliob":0.037,"bolussnooze":0,"activity":6.0E-4,"lastBolusTime":0,"time":"2023-12-27T01:21:10.665Z","iobWithZeroTemp":{"iob":-0.4,"basaliob":-0.4,"bolussnooze":0,"activity":-0.0034,"lastBolusTime":0,"time":"2023-12-27T01:21:10.665Z"}},{"iob":0.034,"basaliob":0.034,"bolussnooze":0,"activity":6.0E-4,"lastBolusTime":0,"time":"2023-12-27T01:26:10.665Z","iobWithZeroTemp":{"iob":-0.404,"basaliob":-0.404,"bolussnooze":0,"activity":-0.0035,"lastBolusTime":0,"time":"2023-12-27T01:26:10.665Z"}},{"iob":0.031,"basaliob":0.031,"bolussnooze":0,"activity":5.0E-4,"lastBolusTime":0,"time":"2023-12-27T01:31:10.665Z","iobWithZeroTemp":{"iob":-0.408,"basaliob":-0.408,"bolussnooze":0,"activity":-0.0036,"lastBolusTime":0,"time":"2023-12-27T01:31:10.665Z"}},{"iob":0.029,"basaliob":0.029,"bolussnooze":0,"activity":5.0E-4,"lastBolusTime":0,"time":"2023-12-27T01:36:10.665Z","iobWithZeroTemp":{"iob":-0.41,"basaliob":-0.41,"bolussnooze":0,"activity":-0.0036,"lastBolusTime":0,"time":"2023-12-27T01:36:10.665Z"}},{"iob":0.026,"basaliob":0.026,"bolussnooze":0,"activity":5.0E-4,"lastBolusTime":0,"time":"2023-12-27T01:41:10.665Z","iobWithZeroTemp":{"iob":-0.414,"basaliob":-0.414,"bolussnooze":0,"activity":-0.0036,"lastBolusTime":0,"time":"2023-12-27T01:41:10.665Z"}},{"iob":0.024,"basaliob":0.024,"bolussnooze":0,"activity":4.0E-4,"lastBolusTime":0,"time":"2023-12-27T01:46:10.665Z","iobWithZeroTemp":{"iob":-0.416,"basaliob":-0.416,"bolussnooze":0,"activity":-0.0037,"lastBolusTime":0,"time":"2023-12-27T01:46:10.665Z"}},{"iob":0.022,"basaliob":0.022,"bolussnooze":0,"activity":4.0E-4,"lastBolusTime":0,"time":"2023-12-27T01:51:10.665Z","iobWithZeroTemp":{"iob":-0.418,"basaliob":-0.418,"bolussnooze":0,"activity":-0.0037,"lastBolusTime":0,"time":"2023-12-27T01:51:10.665Z"}},{"iob":0.02,"basaliob":0.02,"bolussnooze":0,"activity":4.0E-4,"lastBolusTime":0,"time":"2023-12-27T01:56:10.665Z","iobWithZeroTemp":{"iob":-0.42,"basaliob":-0.42,"bolussnooze":0,"activity":-0.0037,"lastBolusTime":0,"time":"2023-12-27T01:56:10.665Z"}},{"iob":0.019,"basaliob":0.019,"bolussnooze":0,"activity":3.0E-4,"lastBolusTime":0,"time":"2023-12-27T02:01:10.665Z","iobWithZeroTemp":{"iob":-0.422,"basaliob":-0.422,"bolussnooze":0,"activity":-0.0038,"lastBolusTime":0,"time":"2023-12-27T02:01:10.665Z"}},{"iob":0.017,"basaliob":0.017,"bolussnooze":0,"activity":3.0E-4,"lastBolusTime":0,"time":"2023-12-27T02:06:10.665Z","iobWithZeroTemp":{"iob":-0.424,"basaliob":-0.424,"bolussnooze":0,"activity":-0.0038,"lastBolusTime":0,"time":"2023-12-27T02:06:10.665Z"}},{"iob":0.016,"basaliob":0.016,"bolussnooze":0,"activity":3.0E-4,"lastBolusTime":0,"time":"2023-12-27T02:11:10.665Z","iobWithZeroTemp":{"iob":-0.425,"basaliob":-0.425,"bolussnooze":0,"activity":-0.0038,"lastBolusTime":0,"time":"2023-12-27T02:11:10.665Z"}},{"iob":0.014,"basaliob":0.014,"bolussnooze":0,"activity":3.0E-4,"lastBolusTime":0,"time":"2023-12-27T02:16:10.665Z","iobWithZeroTemp":{"iob":-0.427,"basaliob":-0.427,"bolussnooze":0,"activity":-0.0038,"lastBolusTime":0,"time":"2023-12-27T02:16:10.665Z"}}],"profile":{"max_iob":4,"type":"current","max_daily_basal":0.5,"max_basal":1.5,"min_bg":90,"max_bg":90,"target_bg":90,"carb_ratio":20,"sens":117,"max_daily_safety_multiplier":3,"current_basal_safety_multiplier":4,"lgsThreshold":65,"high_temptarget_raises_sensitivity":false,"low_temptarget_lowers_sensitivity":false,"sensitivity_raises_target":true,"resistance_lowers_target":true,"adv_target_adjustments":false,"exercise_mode":false,"half_basal_exercise_target":160,"maxCOB":120,"skip_neutral_temps":false,"remainingCarbsCap":90,"enableUAM":true,"A52_risk_enable":false,"SMBInterval":3,"enableSMB_with_COB":true,"enableSMB_with_temptarget":true,"allowSMB_with_high_temptarget":false,"enableSMB_always":false,"enableSMB_after_carbs":false,"maxSMBBasalMinutes":75,"maxUAMSMBBasalMinutes":75,"bolus_increment":0.05,"carbsReqThreshold":10,"current_basal":0.5,"temptargetSet":false,"autosens_max":1.2,"autosens_min":0.7,"out_units":"mmol\/L","variable_sens":133.4,"insulinDivisor":65,"TDD":11.50465},"autosens_data":{"ratio":1},"meal_data":{"carbs":0,"mealCOB":0,"slopeFromMaxDeviation":-0.47100000000000003,"slopeFromMinDeviation":0.0012499999999999734,"lastBolusTime":1703594420788,"lastCarbTime":0},"microBolusAllowed":true,"currentTime":1703629271943,"flatBGsDetected":false,"tdd1D":11.525,"tdd7D":10.149999999999997,"tddLast24H":15.770833333333332,"tddLast4H":2.454166666666666,"tddLast8to4H":1.429166666666667},"output":{"temp":"absolute","bg":145,"tick":-2,"eventualBG":91,"targetBG":90,"insulinReq":0.01,"deliverAt":"2023-12-26T22:21:11.943Z","sensitivityRatio":1,"variable_sens":133.4,"predBGs":{"IOB":[145,143,141,139,136,134,132,130,127,125,123,121,118,116,114,112,110,108,106,105,103,102,100,99,98,96,95,94,93,92,91,90,89,89,88,87,87,86,86,85,85,84,84,83,83,83,82],"ZT":[145,142,140,137,135,132,130,128,126,125,124,123,122,122,122,122,122,122],"UAM":[145,143,140,137,135,132,129,127,124,122,119,117,115,113,110,108,106,105,103,101,99,98,96,95,94,92,91,90,89,88,87,86,85,85,84,83,82,82,81,81,80,80,79,79,79,78]},"reason":"COB: 0, Dev: 0.2, BGI: -0.1, ISF: 7.4, CR: 20, Target: 5.0, minPredBG 5.6, minGuardBG 4.3, IOBpredBG 4.6, UAMpredBG 4.3; Eventual BG 5.1 >= 5.0, 20m@0.80 > 2 * insulinReq. Setting temp basal of 0.52U\/hr. ","COB":0,"IOB":0.434,"duration":30,"rate":0.52,"timestamp":"2023-12-26T22:21:11.964Z"}}