{"algorithm":"OpenAPSSMBDynamicISFPlugin","input":{"glucoseStatus":{"glucose":168,"noise":0,"delta":-4,"short_avgdelta":-3.78,"long_avgdelta":-3.5,"date":1703715000000},"currenttemp":{"temp":"absolute","duration":90,"rate":0,"minutesrunning":30},"iob_data":[{"iob":0.928,"basaliob":0.032,"bolussnooze":0,"activity":0.0111,"lastBolusTime":1703712673748,"time":"2023-12-27T22:11:11.729Z","iobWithZeroTemp":{"iob":0.928,"basaliob":0.032,"bolussnooze":0,"activity":0.0111,"lastBolusTime":1703712673748,"time":"2023-12-27T22:11:11.729Z"}},{"iob":0.874,"basaliob":0.021,"bolussnooze":0,"activity":0.0107,"lastBolusTime":1703712673748,"time":"2023-12-27T22:16:11.729Z","iobWithZeroTemp":{"iob":0.841,"basaliob":-0.012,"bolussnooze":0,"activity":0.0107,"lastBolusTime":1703712673748,"time":"2023-12-27T22:16:11.729Z"}},{"iob":0.822,"basaliob":0.012,"bolussnooze":0,"activity":0.0102,"lastBolusTime":1703712673748,"time":"2023-12-27T22:21:11.729Z","iobWithZeroTemp":{"iob":0.747,"basaliob":-0.063,"bolussnooze":0,"activity":0.0101,"lastBolusTime":1703712673748,"time":"2023-12-27T22:21:11.729Z"}},{"iob":0.772,"basaliob":0.004,"bolussnooze":0,"activity":0.0098,"lastBolusTime":1703712673748,"time":"2023-12-27T22:26:11.729Z","iobWithZeroTemp":{"iob":0.656,"basaliob":-0.112,"bolussnooze":0,"activity":0.0096,"lastBolusTime":1703712673748,"time":"2023-12-27T22:26:11.729Z"}},{"iob":0.724,"basaliob":-0.003,"bolussnooze":0,"activity":0.0093,"lastBolusTime":1703712673748,"time":"2023-12-27T22:31:11.729Z","iobWithZeroTemp":{"iob":0.568,"basaliob":-0.159,"bolussnooze":0,"activity":0.0089,"lastBolusTime":1703712673748,"time":"2023-12-27T22:31:11.729Z"}},{"iob":0.678,"basaliob":-0.009,"bolussnooze":0,"activity":0.0089,"lastBolusTime":1703712673748,"time":"2023-12-27T22:36:11.729Z","iobWithZeroTemp":{"iob":0.483,"basaliob":-0.204,"bolussnooze":0,"activity":0.0083,"lastBolusTime":1703712673748,"time":"2023-12-27T22:36:11.729Z"}},{"iob":0.634,"basaliob":-0.014,"bolussnooze":0,"activity":0.0084,"lastBolusTime":1703712673748,"time":"2023-12-27T22:41:11.729Z","iobWithZeroTemp":{"iob":0.401,"basaliob":-0.247,"bolussnooze":0,"activity":0.0076,"lastBolusTime":1703712673748,"time":"2023-12-27T22:41:11.729Z"}},{"iob":0.594,"basaliob":-0.017,"bolussnooze":0,"activity":0.008,"lastBolusTime":1703712673748,"time":"2023-12-27T22:46:11.729Z","iobWithZeroTemp":{"iob":0.324,"basaliob":-0.287,"bolussnooze":0,"activity":0.0069,"lastBolusTime":1703712673748,"time":"2023-12-27T22:46:11.729Z"}},{"iob":0.555,"basaliob":-0.02,"bolussnooze":0,"activity":0.0076,"lastBolusTime":1703712673748,"time":"2023-12-27T22:51:11.729Z","iobWithZeroTemp":{"iob":0.25,"basaliob":-0.325,"bolussnooze":0,"activity":0.0062,"lastBolusTime":1703712673748,"time":"2023-12-27T22:51:11.729Z"}},{"iob":0.517,"basaliob":-0.023,"bolussnooze":0,"activity":0.0072,"lastBolusTime":1703712673748,"time":"2023-12-27T22:56:11.729Z","iobWithZeroTemp":{"iob":0.178,"basaliob":-0.362,"bolussnooze":0,"activity":0.0056,"lastBolusTime":1703712673748,"time":"2023-12-27T22:56:11.729Z"}},{"iob":0.482,"basaliob":-0.025,"bolussnooze":0,"activity":0.0068,"lastBolusTime":1703712673748,"time":"2023-12-27T23:01:11.729Z","iobWithZeroTemp":{"iob":0.11,"basaliob":-0.397,"bolussnooze":0,"activity":0.0049,"lastBolusTime":1703712673748,"time":"2023-12-27T23:01:11.729Z"}},{"iob":0.449,"basaliob":-0.026,"bolussnooze":0,"activity":0.0064,"lastBolusTime":1703712673748,"time":"2023-12-27T23:06:11.729Z","iobWithZeroTemp":{"iob":0.066,"basaliob":-0.409,"bolussnooze":0,"activity":0.0042,"lastBolusTime":1703712673748,"time":"2023-12-27T23:06:11.729Z"}},{"iob":0.418,"basaliob":-0.027,"bolussnooze":0,"activity":0.0061,"lastBolusTime":1703712673748,"time":"2023-12-27T23:11:11.729Z","iobWithZeroTemp":{"iob":0.025,"basaliob":-0.42,"bolussnooze":0,"activity":0.0037,"lastBolusTime":1703712673748,"time":"2023-12-27T23:11:11.729Z"}},{"iob":0.389,"basaliob":-0.028,"bolussnooze":0,"activity":0.0057,"lastBolusTime":1703712673748,"time":"2023-12-27T23:16:11.729Z","iobWithZeroTemp":{"iob":-0.012,"basaliob":-0.429,"bolussnooze":0,"activity":0.0031,"lastBolusTime":1703712673748,"time":"2023-12-27T23:16:11.729Z"}},{"iob":0.362,"basaliob":-0.028,"bolussnooze":0,"activity":0.0053,"lastBolusTime":1703712673748,"time":"2023-12-27T23:21:11.729Z","iobWithZeroTemp":{"iob":-0.047,"basaliob":-0.437,"bolussnooze":0,"activity":0.0025,"lastBolusTime":1703712673748,"time":"2023-12-27T23:21:11.729Z"}},{"iob":0.336,"basaliob":-0.028,"bolussnooze":0,"activity":0.005,"lastBolusTime":1703712673748,"time":"2023-12-27T23:26:11.729Z","iobWithZeroTemp":{"iob":-0.079,"basaliob":-0.443,"bolussnooze":0,"activity":0.002,"lastBolusTime":1703712673748,"time":"2023-12-27T23:26:11.729Z"}},{"iob":0.311,"basaliob":-0.028,"bolussnooze":0,"activity":0.0047,"lastBolusTime":1703712673748,"time":"2023-12-27T23:31:11.729Z","iobWithZeroTemp":{"iob":-0.11,"basaliob":-0.449,"bolussnooze":0,"activity":0.0015,"lastBolusTime":1703712673748,"time":"2023-12-27T23:31:11.729Z"}},{"iob":0.288,"basaliob":-0.028,"bolussnooze":0,"activity":0.0044,"lastBolusTime":1703712673748,"time":"2023-12-27T23:36:11.729Z","iobWithZeroTemp":{"iob":-0.137,"basaliob":-0.453,"bolussnooze":0,"activity":0.0011,"lastBolusTime":1703712673748,"time":"2023-12-27T23:36:11.729Z"}},{"iob":0.268,"basaliob":-0.027,"bolussnooze":0,"activity":0.0041,"lastBolusTime":1703712673748,"time":"2023-12-27T23:41:11.729Z","iobWithZeroTemp":{"iob":-0.162,"basaliob":-0.457,"bolussnooze":0,"activity":7.0E-4,"lastBolusTime":1703712673748,"time":"2023-12-27T23:41:11.729Z"}},{"iob":0.247,"basaliob":-0.027,"bolussnooze":0,"activity":0.0039,"lastBolusTime":1703712673748,"time":"2023-12-27T23:46:11.729Z","iobWithZeroTemp":{"iob":-0.186,"basaliob":-0.46,"bolussnooze":0,"activity":4.0E-4,"lastBolusTime":1703712673748,"time":"2023-12-27T23:46:11.729Z"}},{"iob":0.229,"basaliob":-0.026,"bolussnooze":0,"activity":0.0036,"lastBolusTime":1703712673748,"time":"2023-12-27T23:51:11.729Z","iobWithZeroTemp":{"iob":-0.207,"basaliob":-0.462,"bolussnooze":0,"activity":0,"lastBolusTime":1703712673748,"time":"2023-12-27T23:51:11.729Z"}},{"iob":0.212,"basaliob":-0.025,"bolussnooze":0,"activity":0.0033,"lastBolusTime":1703712673748,"time":"2023-12-27T23:56:11.729Z","iobWithZeroTemp":{"iob":-0.227,"basaliob":-0.464,"bolussnooze":0,"activity":-4.0E-4,"lastBolusTime":1703712673748,"time":"2023-12-27T23:56:11.729Z"}},{"iob":0.196,"basaliob":-0.024,"bolussnooze":0,"activity":0.0031,"lastBolusTime":1703712673748,"time":"2023-12-28T00:01:11.729Z","iobWithZeroTemp":{"iob":-0.245,"basaliob":-0.465,"bolussnooze":0,"activity":-7.0E-4,"lastBolusTime":1703712673748,"time":"2023-12-28T00:01:11.729Z"}},{"iob":0.181,"basaliob":-0.023,"bolussnooze":0,"activity":0.0029,"lastBolusTime":1703712673748,"time":"2023-12-28T00:06:11.729Z","iobWithZeroTemp":{"iob":-0.262,"basaliob":-0.466,"bolussnooze":0,"activity":-9.0E-4,"lastBolusTime":1703712673748,"time":"2023-12-28T00:06:11.729Z"}},{"iob":0.167,"basaliob":-0.022,"bolussnooze":0,"activity":0.0027,"lastBolusTime":1703712673748,"time":"2023-12-28T00:11:11.729Z","iobWithZeroTemp":{"iob":-0.277,"basaliob":-0.466,"bolussnooze":0,"activity":-0.0012,"lastBolusTime":1703712673748,"time":"2023-12-28T00:11:11.729Z"}},{"iob":0.154,"basaliob":-0.021,"bolussnooze":0,"activity":0.0025,"lastBolusTime":1703712673748,"time":"2023-12-28T00:16:11.729Z","iobWithZeroTemp":{"iob":-0.292,"basaliob":-0.467,"bolussnooze":0,"activity":-0.0014,"lastBolusTime":1703712673748,"time":"2023-12-28T00:16:11.729Z"}},{"iob":0.141,"basaliob":-0.021,"bolussnooze":0,"activity":0.0023,"lastBolusTime":1703712673748,"time":"2023-12-28T00:21:11.729Z","iobWithZeroTemp":{"iob":-0.306,"basaliob":-0.468,"bolussnooze":0,"activity":-0.0017,"lastBolusTime":1703712673748,"time":"2023-12-28T00:21:11.729Z"}},{"iob":0.13,"basaliob":-0.02,"bolussnooze":0,"activity":0.0022,"lastBolusTime":1703712673748,"time":"2023-12-28T00:26:11.729Z","iobWithZeroTemp":{"iob":-0.318,"basaliob":-0.468,"bolussnooze":0,"activity":-0.0018,"lastBolusTime":1703712673748,"time":"2023-12-28T00:26:11.729Z"}},{"iob":0.12,"basaliob":-0.019,"bolussnooze":0,"activity":0.002,"lastBolusTime":1703712673748,"time":"2023-12-28T00:31:11.729Z","iobWithZeroTemp":{"iob":-0.328,"basaliob":-0.467,"bolussnooze":0,"activity":-0.0021,"lastBolusTime":1703712673748,"time":"2023-12-28T00:31:11.729Z"}},{"iob":0.11,"basaliob":-0.018,"bolussnooze":0,"activity":0.0018,"lastBolusTime":1703712673748,"time":"2023-12-28T00:36:11.729Z","iobWithZeroTemp":{"iob":-0.339,"basaliob":-0.467,"bolussnooze":0,"activity":-0.0023,"lastBolusTime":1703712673748,"time":"2023-12-28T00:36:11.729Z"}},{"iob":0.101,"basaliob":-0.017,"bolussnooze":0,"activity":0.0017,"lastBolusTime":1703712673748,"time":"2023-12-28T00:41:11.729Z","iobWithZeroTemp":{"iob":-0.348,"basaliob":-0.466,"bolussnooze":0,"activity":-0.0024,"lastBolusTime":1703712673748,"time":"2023-12-28T00:41:11.729Z"}},{"iob":0.093,"basaliob":-0.016,"bolussnooze":0,"activity":0.0016,"lastBolusTime":1703712673748,"time":"2023-12-28T00:46:11.729Z","iobWithZeroTemp":{"iob":-0.356,"basaliob":-0.465,"bolussnooze":0,"activity":-0.0025,"lastBolusTime":1703712673748,"time":"2023-12-28T00:46:11.729Z"}},{"iob":0.085,"basaliob":-0.015,"bolussnooze":0,"activity":0.0014,"lastBolusTime":1703712673748,"time":"2023-12-28T00:51:11.729Z","iobWithZeroTemp":{"iob":-0.364,"basaliob":-0.464,"bolussnooze":0,"activity":-0.0028,"lastBolusTime":1703712673748,"time":"2023-12-28T00:51:11.729Z"}},{"iob":0.078,"basaliob":-0.014,"bolussnooze":0,"activity":0.0013,"lastBolusTime":1703712673748,"time":"2023-12-28T00:56:11.729Z","iobWithZeroTemp":{"iob":-0.371,"basaliob":-0.463,"bolussnooze":0,"activity":-0.0029,"lastBolusTime":1703712673748,"time":"2023-12-28T00:56:11.729Z"}},{"iob":0.072,"basaliob":-0.013,"bolussnooze":0,"activity":0.0012,"lastBolusTime":1703712673748,"time":"2023-12-28T01:01:11.729Z","iobWithZeroTemp":{"iob":-0.377,"basaliob":-0.462,"bolussnooze":0,"activity":-0.003,"lastBolusTime":1703712673748,"time":"2023-12-28T01:01:11.729Z"}},{"iob":0.065,"basaliob":-0.013,"bolussnooze":0,"activity":0.0011,"lastBolusTime":1703712673748,"time":"2023-12-28T01:06:11.729Z","iobWithZeroTemp":{"iob":-0.384,"basaliob":-0.462,"bolussnooze":0,"activity":-0.0031,"lastBolusTime":1703712673748,"time":"2023-12-28T01:06:11.729Z"}},{"iob":0.06,"basaliob":-0.012,"bolussnooze":0,"activity":0.0011,"lastBolusTime":1703712673748,"time":"2023-12-28T01:11:11.729Z","iobWithZeroTemp":{"iob":-0.389,"basaliob":-0.461,"bolussnooze":0,"activity":-0.0031,"lastBolusTime":1703712673748,"time":"2023-12-28T01:11:11.729Z"}},{"iob":0.055,"basaliob":-0.011,"bolussnooze":0,"activity":0.001,"lastBolusTime":1703712673748,"time":"2023-12-28T01:16:11.729Z","iobWithZeroTemp":{"iob":-0.394,"basaliob":-0.46,"bolussnooze":0,"activity":-0.0032,"lastBolusTime":1703712673748,"time":"2023-12-28T01:16:11.729Z"}},{"iob":0.05,"basaliob":-0.011,"bolussnooze":0,"activity":9.0E-4,"lastBolusTime":1703712673748,"time":"2023-12-28T01:21:11.729Z","iobWithZeroTemp":{"iob":-0.399,"basaliob":-0.46,"bolussnooze":0,"activity":-0.0033,"lastBolusTime":1703712673748,"time":"2023-12-28T01:21:11.729Z"}},{"iob":0.046,"basaliob":-0.01,"bolussnooze":0,"activity":9.0E-4,"lastBolusTime":1703712673748,"time":"2023-12-28T01:26:11.729Z","iobWithZeroTemp":{"iob":-0.403,"basaliob":-0.459,"bolussnooze":0,"activity":-0.0033,"lastBolusTime":1703712673748,"time":"2023-12-28T01:26:11.729Z"}},{"iob":0.042,"basaliob":-0.009,"bolussnooze":0,"activity":8.0E-4,"lastBolusTime":1703712673748,"time":"2023-12-28T01:31:11.729Z","iobWithZeroTemp":{"iob":-0.406,"basaliob":-0.457,"bolussnooze":0,"activity":-0.0034,"lastBolusTime":1703712673748,"time":"2023-12-28T01:31:11.729Z"}},{"iob":0.038,"basaliob":-0.009,"bolussnooze":0,"activity":7.0E-4,"lastBolusTime":1703712673748,"time":"2023-12-28T01:36:11.729Z","iobWithZeroTemp":{"iob":-0.41,"basaliob":-0.457,"bolussnooze":0,"activity":-0.0035,"lastBolusTime":1703712673748,"time":"2023-12-28T01:36:11.729Z"}},{"iob":0.035,"basaliob":-0.008,"bolussnooze":0,"activity":7.0E-4,"lastBolusTime":1703712673748,"time":"2023-12-28T01:41:11.729Z","iobWithZeroTemp":{"iob":-0.413,"basaliob":-0.456,"bolussnooze":0,"activity":-0.0035,"lastBolusTime":1703712673748,"time":"2023-12-28T01:41:11.729Z"}},{"iob":0.031,"basaliob":-0.008,"bolussnooze":0,"activity":6.0E-4,"lastBolusTime":1703712673748,"time":"2023-12-28T01:46:11.729Z","iobWithZeroTemp":{"iob":-0.417,"basaliob":-0.456,"bolussnooze":0,"activity":-0.0036,"lastBolusTime":1703712673748,"time":"2023-12-28T01:46:11.729Z"}},{"iob":0.029,"basaliob":-0.007,"bolussnooze":0,"activity":5.0E-4,"lastBolusTime":1703712673748,"time":"2023-12-28T01:51:11.729Z","iobWithZeroTemp":{"iob":-0.418,"basaliob":-0.454,"bolussnooze":0,"activity":-0.0037,"lastBolusTime":1703712673748,"time":"2023-12-28T01:51:11.729Z"}},{"iob":0.026,"basaliob":-0.007,"bolussnooze":0,"activity":5.0E-4,"lastBolusTime":1703712673748,"time":"2023-12-28T01:56:11.729Z","iobWithZeroTemp":{"iob":-0.421,"basaliob":-0.454,"bolussnooze":0,"activity":-0.0037,"lastBolusTime":1703712673748,"time":"2023-12-28T01:56:11.729Z"}},{"iob":0.024,"basaliob":-0.006,"bolussnooze":0,"activity":4.0E-4,"lastBolusTime":1703712673748,"time":"2023-12-28T02:01:11.729Z","iobWithZeroTemp":{"iob":-0.423,"basaliob":-0.453,"bolussnooze":0,"activity":-0.0038,"lastBolusTime":1703712673748,"time":"2023-12-28T02:01:11.729Z"}},{"iob":0.021,"basaliob":-0.006,"bolussnooze":0,"activity":4.0E-4,"lastBolusTime":1703712673748,"time":"2023-12-28T02:06:11.729Z","iobWithZeroTemp":{"iob":-0.425,"basaliob":-0.452,"bolussnooze":0,"activity":-0.0038,"lastBolusTime":1703712673748,"time":"2023-12-28T02:06:11.729Z"}}],"profile":{"max_iob":4,"type":"current","max_daily_basal":0.5,"max_basal":1.5,"min_bg":95.4,"max_bg":95.4,"target_bg":95.4,"carb_ratio":20,"sens":117,"max_daily_safety_multiplier":3,"current_basal_safety_multiplier":4,"lgsThreshold":65,"high_temptarget_raises_sensitivity":false,"low_temptarget_lowers_sensitivity":false,"sensitivity_raises_target":true,"resistance_lowers_target":true,"adv_target_adjustments":false,"exercise_mode":false,"half_basal_exercise_target":160,"maxCOB":120,"skip_neutral_temps":false,"remainingCarbsCap":90,"enableUAM":true,"A52_risk_enable":false,"SMBInterval":3,"enableSMB_with_COB":true,"enableSMB_with_temptarget":true,"allowSMB_with_high_temptarget":false,"enableSMB_always":false,"enableSMB_after_carbs":false,"maxSMBBasalMinutes":75,"maxUAMSMBBasalMinutes":75,"bolus_increment":0.05,"carbsReqThreshold":10,"current_basal":0.5,"temptargetSet":true,"autosens_max":1.2,"autosens_min":0.7,"out_units":"mmol\/L","variable_sens":92,"insulinDivisor":65,"TDD":15.31802976190476},"autosens_data":{"ratio":1},"meal_data":{"carbs":0,"mealCOB":0,"slopeFromMaxDeviation":-1.2898571428571428,"slopeFromMinDeviation":0.07499999999999998,"lastBolusTime":1703712673748,"lastCarbTime":0},"microBolusAllowed":true,"currentTime":1703715073349,"flatBGsDetected":false,"tdd1D":15.216666666666669,"tdd7D":11.563690476190475,"tddLast24H":11.274999999999991,"tddLast4H":3.7833333333333328,"tddLast8to4H":1.8875000000000002},"output":{"temp":"absolute","bg":168,"tick":-4,"eventualBG":90,"targetBG":95.4,"insulinReq":0,"deliverAt":"2023-12-27T22:11:13.349Z","sensitivityRatio":1,"variable_sens":92,"predBGs":{"IOB":[168,164,160,156,152,148,144,140,137,133,129,126,122,119,116,113,110,107,104,102,99,97,95,93,91,89,87,86,84,83,82,80,79,78,77,76,75,75,74,73,72,72,71,71,70,70,69],"ZT":[168,163,158,153,148,144,140,136,132,129,126,123,121,119,117,116,115,114,113,113,113,113,113,113,114,114],"UAM":[168,163,158,153,148,144,139,135,131,127,123,119,115,112,108,105,102,99,97,94,91,89,87,85,82,81,79,77,75,74,72,71,70,69,68,67,66,65,64,63,62,62,61,61,60,60,59]},"reason":"COB: 0, Dev: 0.4, BGI: -0.3, ISF: 5.1, CR: 20, Target: 5.3, minPredBG 4.8, minGuardBG 3.2, IOBpredBG 3.8, UAMpredBG 3.3; minGuardBG 3.2<3.8 90m left and 0 ~ req 0U\/hr: no temp required","COB":0,"IOB":0.928,"timestamp":"2023-12-27T22:11:13.375Z"}}