{"algorithm":"OpenAPSSMBDynamicISFPlugin","input":{"glucoseStatus":{"glucose":167,"noise":0,"delta":-4.67,"short_avgdelta":-4.67,"long_avgdelta":2.51,"date":1703756422267},"currenttemp":{"temp":"absolute","duration":25,"rate":0.4,"minutesrunning":5},"iob_data":[{"iob":0.591,"basaliob":0.081,"bolussnooze":0,"activity":0.0057,"lastBolusTime":1703754675154,"time":"2023-12-28T09:41:12.946Z","iobWithZeroTemp":{"iob":0.591,"basaliob":0.081,"bolussnooze":0,"activity":0.0057,"lastBolusTime":1703754675154,"time":"2023-12-28T09:41:12.946Z"}},{"iob":0.563,"basaliob":0.083,"bolussnooze":0,"activity":0.0057,"lastBolusTime":1703754675154,"time":"2023-12-28T09:46:12.946Z","iobWithZeroTemp":{"iob":0.543,"basaliob":0.063,"bolussnooze":0,"activity":0.0057,"lastBolusTime":1703754675154,"time":"2023-12-28T09:46:12.946Z"}},{"iob":0.535,"basaliob":0.084,"bolussnooze":0,"activity":0.0056,"lastBolusTime":1703754675154,"time":"2023-12-28T09:51:12.946Z","iobWithZeroTemp":{"iob":0.49,"basaliob":0.039,"bolussnooze":0,"activity":0.0055,"lastBolusTime":1703754675154,"time":"2023-12-28T09:51:12.946Z"}},{"iob":0.508,"basaliob":0.085,"bolussnooze":0,"activity":0.0055,"lastBolusTime":1703754675154,"time":"2023-12-28T09:56:12.946Z","iobWithZeroTemp":{"iob":0.439,"basaliob":0.016,"bolussnooze":0,"activity":0.0054,"lastBolusTime":1703754675154,"time":"2023-12-28T09:56:12.946Z"}},{"iob":0.48,"basaliob":0.084,"bolussnooze":0,"activity":0.0053,"lastBolusTime":1703754675154,"time":"2023-12-28T10:01:12.946Z","iobWithZeroTemp":{"iob":0.387,"basaliob":-0.009,"bolussnooze":0,"activity":0.0051,"lastBolusTime":1703754675154,"time":"2023-12-28T10:01:12.946Z"}},{"iob":0.454,"basaliob":0.083,"bolussnooze":0,"activity":0.0051,"lastBolusTime":1703754675154,"time":"2023-12-28T10:06:12.946Z","iobWithZeroTemp":{"iob":0.337,"basaliob":-0.034,"bolussnooze":0,"activity":0.0047,"lastBolusTime":1703754675154,"time":"2023-12-28T10:06:12.946Z"}},{"iob":0.429,"basaliob":0.082,"bolussnooze":0,"activity":0.005,"lastBolusTime":1703754675154,"time":"2023-12-28T10:11:12.946Z","iobWithZeroTemp":{"iob":0.289,"basaliob":-0.058,"bolussnooze":0,"activity":0.0045,"lastBolusTime":1703754675154,"time":"2023-12-28T10:11:12.946Z"}},{"iob":0.404,"basaliob":0.08,"bolussnooze":0,"activity":0.0048,"lastBolusTime":1703754675154,"time":"2023-12-28T10:16:12.946Z","iobWithZeroTemp":{"iob":0.242,"basaliob":-0.082,"bolussnooze":0,"activity":0.0041,"lastBolusTime":1703754675154,"time":"2023-12-28T10:16:12.946Z"}},{"iob":0.38,"basaliob":0.078,"bolussnooze":0,"activity":0.0047,"lastBolusTime":1703754675154,"time":"2023-12-28T10:21:12.946Z","iobWithZeroTemp":{"iob":0.197,"basaliob":-0.105,"bolussnooze":0,"activity":0.0039,"lastBolusTime":1703754675154,"time":"2023-12-28T10:21:12.946Z"}},{"iob":0.358,"basaliob":0.076,"bolussnooze":0,"activity":0.0045,"lastBolusTime":1703754675154,"time":"2023-12-28T10:26:12.946Z","iobWithZeroTemp":{"iob":0.154,"basaliob":-0.128,"bolussnooze":0,"activity":0.0035,"lastBolusTime":1703754675154,"time":"2023-12-28T10:26:12.946Z"}},{"iob":0.335,"basaliob":0.073,"bolussnooze":0,"activity":0.0042,"lastBolusTime":1703754675154,"time":"2023-12-28T10:31:12.946Z","iobWithZeroTemp":{"iob":0.112,"basaliob":-0.15,"bolussnooze":0,"activity":0.003,"lastBolusTime":1703754675154,"time":"2023-12-28T10:31:12.946Z"}},{"iob":0.314,"basaliob":0.07,"bolussnooze":0,"activity":0.0041,"lastBolusTime":1703754675154,"time":"2023-12-28T10:36:12.946Z","iobWithZeroTemp":{"iob":0.072,"basaliob":-0.172,"bolussnooze":0,"activity":0.0028,"lastBolusTime":1703754675154,"time":"2023-12-28T10:36:12.946Z"}},{"iob":0.295,"basaliob":0.068,"bolussnooze":0,"activity":0.0039,"lastBolusTime":1703754675154,"time":"2023-12-28T10:41:12.946Z","iobWithZeroTemp":{"iob":0.035,"basaliob":-0.192,"bolussnooze":0,"activity":0.0024,"lastBolusTime":1703754675154,"time":"2023-12-28T10:41:12.946Z"}},{"iob":0.276,"basaliob":0.065,"bolussnooze":0,"activity":0.0037,"lastBolusTime":1703754675154,"time":"2023-12-28T10:46:12.946Z","iobWithZeroTemp":{"iob":-0.001,"basaliob":-0.212,"bolussnooze":0,"activity":0.002,"lastBolusTime":1703754675154,"time":"2023-12-28T10:46:12.946Z"}},{"iob":0.258,"basaliob":0.062,"bolussnooze":0,"activity":0.0035,"lastBolusTime":1703754675154,"time":"2023-12-28T10:51:12.946Z","iobWithZeroTemp":{"iob":-0.036,"basaliob":-0.232,"bolussnooze":0,"activity":0.0017,"lastBolusTime":1703754675154,"time":"2023-12-28T10:51:12.946Z"}},{"iob":0.241,"basaliob":0.059,"bolussnooze":0,"activity":0.0033,"lastBolusTime":1703754675154,"time":"2023-12-28T10:56:12.946Z","iobWithZeroTemp":{"iob":-0.068,"basaliob":-0.25,"bolussnooze":0,"activity":0.0013,"lastBolusTime":1703754675154,"time":"2023-12-28T10:56:12.946Z"}},{"iob":0.224,"basaliob":0.056,"bolussnooze":0,"activity":0.0032,"lastBolusTime":1703754675154,"time":"2023-12-28T11:01:12.946Z","iobWithZeroTemp":{"iob":-0.1,"basaliob":-0.268,"bolussnooze":0,"activity":0.001,"lastBolusTime":1703754675154,"time":"2023-12-28T11:01:12.946Z"}},{"iob":0.209,"basaliob":0.053,"bolussnooze":0,"activity":0.003,"lastBolusTime":1703754675154,"time":"2023-12-28T11:06:12.946Z","iobWithZeroTemp":{"iob":-0.128,"basaliob":-0.284,"bolussnooze":0,"activity":7.0E-4,"lastBolusTime":1703754675154,"time":"2023-12-28T11:06:12.946Z"}},{"iob":0.194,"basaliob":0.05,"bolussnooze":0,"activity":0.0027,"lastBolusTime":1703754675154,"time":"2023-12-28T11:11:12.946Z","iobWithZeroTemp":{"iob":-0.156,"basaliob":-0.3,"bolussnooze":0,"activity":2.0E-4,"lastBolusTime":1703754675154,"time":"2023-12-28T11:11:12.946Z"}},{"iob":0.181,"basaliob":0.048,"bolussnooze":0,"activity":0.0026,"lastBolusTime":1703754675154,"time":"2023-12-28T11:16:12.946Z","iobWithZeroTemp":{"iob":-0.182,"basaliob":-0.315,"bolussnooze":0,"activity":0,"lastBolusTime":1703754675154,"time":"2023-12-28T11:16:12.946Z"}},{"iob":0.168,"basaliob":0.045,"bolussnooze":0,"activity":0.0025,"lastBolusTime":1703754675154,"time":"2023-12-28T11:21:12.946Z","iobWithZeroTemp":{"iob":-0.206,"basaliob":-0.329,"bolussnooze":0,"activity":-3.0E-4,"lastBolusTime":1703754675154,"time":"2023-12-28T11:21:12.946Z"}},{"iob":0.157,"basaliob":0.043,"bolussnooze":0,"activity":0.0023,"lastBolusTime":1703754675154,"time":"2023-12-28T11:26:12.946Z","iobWithZeroTemp":{"iob":-0.228,"basaliob":-0.342,"bolussnooze":0,"activity":-6.0E-4,"lastBolusTime":1703754675154,"time":"2023-12-28T11:26:12.946Z"}},{"iob":0.145,"basaliob":0.04,"bolussnooze":0,"activity":0.0022,"lastBolusTime":1703754675154,"time":"2023-12-28T11:31:12.946Z","iobWithZeroTemp":{"iob":-0.25,"basaliob":-0.355,"bolussnooze":0,"activity":-8.0E-4,"lastBolusTime":1703754675154,"time":"2023-12-28T11:31:12.946Z"}},{"iob":0.135,"basaliob":0.038,"bolussnooze":0,"activity":0.0021,"lastBolusTime":1703754675154,"time":"2023-12-28T11:36:12.946Z","iobWithZeroTemp":{"iob":-0.27,"basaliob":-0.367,"bolussnooze":0,"activity":-0.001,"lastBolusTime":1703754675154,"time":"2023-12-28T11:36:12.946Z"}},{"iob":0.125,"basaliob":0.036,"bolussnooze":0,"activity":0.0019,"lastBolusTime":1703754675154,"time":"2023-12-28T11:41:12.946Z","iobWithZeroTemp":{"iob":-0.289,"basaliob":-0.378,"bolussnooze":0,"activity":-0.0014,"lastBolusTime":1703754675154,"time":"2023-12-28T11:41:12.946Z"}},{"iob":0.115,"basaliob":0.033,"bolussnooze":0,"activity":0.0018,"lastBolusTime":1703754675154,"time":"2023-12-28T11:46:12.946Z","iobWithZeroTemp":{"iob":-0.308,"basaliob":-0.39,"bolussnooze":0,"activity":-0.0016,"lastBolusTime":1703754675154,"time":"2023-12-28T11:46:12.946Z"}},{"iob":0.107,"basaliob":0.031,"bolussnooze":0,"activity":0.0017,"lastBolusTime":1703754675154,"time":"2023-12-28T11:51:12.946Z","iobWithZeroTemp":{"iob":-0.323,"basaliob":-0.399,"bolussnooze":0,"activity":-0.0018,"lastBolusTime":1703754675154,"time":"2023-12-28T11:51:12.946Z"}},{"iob":0.099,"basaliob":0.029,"bolussnooze":0,"activity":0.0016,"lastBolusTime":1703754675154,"time":"2023-12-28T11:56:12.946Z","iobWithZeroTemp":{"iob":-0.339,"basaliob":-0.409,"bolussnooze":0,"activity":-0.002,"lastBolusTime":1703754675154,"time":"2023-12-28T11:56:12.946Z"}},{"iob":0.091,"basaliob":0.027,"bolussnooze":0,"activity":0.0015,"lastBolusTime":1703754675154,"time":"2023-12-28T12:01:12.946Z","iobWithZeroTemp":{"iob":-0.354,"basaliob":-0.418,"bolussnooze":0,"activity":-0.0022,"lastBolusTime":1703754675154,"time":"2023-12-28T12:01:12.946Z"}},{"iob":0.085,"basaliob":0.026,"bolussnooze":0,"activity":0.0013,"lastBolusTime":1703754675154,"time":"2023-12-28T12:06:12.946Z","iobWithZeroTemp":{"iob":-0.366,"basaliob":-0.425,"bolussnooze":0,"activity":-0.0025,"lastBolusTime":1703754675154,"time":"2023-12-28T12:06:12.946Z"}},{"iob":0.078,"basaliob":0.024,"bolussnooze":0,"activity":0.0012,"lastBolusTime":1703754675154,"time":"2023-12-28T12:11:12.946Z","iobWithZeroTemp":{"iob":-0.379,"basaliob":-0.433,"bolussnooze":0,"activity":-0.0027,"lastBolusTime":1703754675154,"time":"2023-12-28T12:11:12.946Z"}},{"iob":0.071,"basaliob":0.022,"bolussnooze":0,"activity":0.0012,"lastBolusTime":1703754675154,"time":"2023-12-28T12:16:12.946Z","iobWithZeroTemp":{"iob":-0.392,"basaliob":-0.441,"bolussnooze":0,"activity":-0.0027,"lastBolusTime":1703754675154,"time":"2023-12-28T12:16:12.946Z"}},{"iob":0.066,"basaliob":0.021,"bolussnooze":0,"activity":0.0011,"lastBolusTime":1703754675154,"time":"2023-12-28T12:21:12.946Z","iobWithZeroTemp":{"iob":-0.402,"basaliob":-0.447,"bolussnooze":0,"activity":-0.0029,"lastBolusTime":1703754675154,"time":"2023-12-28T12:21:12.946Z"}},{"iob":0.06,"basaliob":0.019,"bolussnooze":0,"activity":0.001,"lastBolusTime":1703754675154,"time":"2023-12-28T12:26:12.946Z","iobWithZeroTemp":{"iob":-0.413,"basaliob":-0.454,"bolussnooze":0,"activity":-0.0031,"lastBolusTime":1703754675154,"time":"2023-12-28T12:26:12.946Z"}},{"iob":0.056,"basaliob":0.018,"bolussnooze":0,"activity":0.001,"lastBolusTime":1703754675154,"time":"2023-12-28T12:31:12.946Z","iobWithZeroTemp":{"iob":-0.421,"basaliob":-0.459,"bolussnooze":0,"activity":-0.0031,"lastBolusTime":1703754675154,"time":"2023-12-28T12:31:12.946Z"}},{"iob":0.052,"basaliob":0.017,"bolussnooze":0,"activity":8.0E-4,"lastBolusTime":1703754675154,"time":"2023-12-28T12:36:12.946Z","iobWithZeroTemp":{"iob":-0.429,"basaliob":-0.464,"bolussnooze":0,"activity":-0.0034,"lastBolusTime":1703754675154,"time":"2023-12-28T12:36:12.946Z"}},{"iob":0.048,"basaliob":0.016,"bolussnooze":0,"activity":8.0E-4,"lastBolusTime":1703754675154,"time":"2023-12-28T12:41:12.946Z","iobWithZeroTemp":{"iob":-0.437,"basaliob":-0.469,"bolussnooze":0,"activity":-0.0035,"lastBolusTime":1703754675154,"time":"2023-12-28T12:41:12.946Z"}},{"iob":0.044,"basaliob":0.015,"bolussnooze":0,"activity":7.0E-4,"lastBolusTime":1703754675154,"time":"2023-12-28T12:46:12.946Z","iobWithZeroTemp":{"iob":-0.445,"basaliob":-0.474,"bolussnooze":0,"activity":-0.0036,"lastBolusTime":1703754675154,"time":"2023-12-28T12:46:12.946Z"}},{"iob":0.039,"basaliob":0.013,"bolussnooze":0,"activity":7.0E-4,"lastBolusTime":1703754675154,"time":"2023-12-28T12:51:12.946Z","iobWithZeroTemp":{"iob":-0.453,"basaliob":-0.479,"bolussnooze":0,"activity":-0.0037,"lastBolusTime":1703754675154,"time":"2023-12-28T12:51:12.946Z"}},{"iob":0.037,"basaliob":0.013,"bolussnooze":0,"activity":6.0E-4,"lastBolusTime":1703754675154,"time":"2023-12-28T12:56:12.946Z","iobWithZeroTemp":{"iob":-0.458,"basaliob":-0.482,"bolussnooze":0,"activity":-0.0038,"lastBolusTime":1703754675154,"time":"2023-12-28T12:56:12.946Z"}},{"iob":0.034,"basaliob":0.012,"bolussnooze":0,"activity":6.0E-4,"lastBolusTime":1703754675154,"time":"2023-12-28T13:01:12.946Z","iobWithZeroTemp":{"iob":-0.464,"basaliob":-0.486,"bolussnooze":0,"activity":-0.0039,"lastBolusTime":1703754675154,"time":"2023-12-28T13:01:12.946Z"}},{"iob":0.031,"basaliob":0.011,"bolussnooze":0,"activity":6.0E-4,"lastBolusTime":1703754675154,"time":"2023-12-28T13:06:12.946Z","iobWithZeroTemp":{"iob":-0.469,"basaliob":-0.489,"bolussnooze":0,"activity":-0.0039,"lastBolusTime":1703754675154,"time":"2023-12-28T13:06:12.946Z"}},{"iob":0.028,"basaliob":0.01,"bolussnooze":0,"activity":5.0E-4,"lastBolusTime":1703754675154,"time":"2023-12-28T13:11:12.946Z","iobWithZeroTemp":{"iob":-0.475,"basaliob":-0.493,"bolussnooze":0,"activity":-0.004,"lastBolusTime":1703754675154,"time":"2023-12-28T13:11:12.946Z"}},{"iob":0.025,"basaliob":0.009,"bolussnooze":0,"activity":4.0E-4,"lastBolusTime":1703754675154,"time":"2023-12-28T13:16:12.946Z","iobWithZeroTemp":{"iob":-0.48,"basaliob":-0.496,"bolussnooze":0,"activity":-0.0042,"lastBolusTime":1703754675154,"time":"2023-12-28T13:16:12.946Z"}},{"iob":0.023,"basaliob":0.008,"bolussnooze":0,"activity":4.0E-4,"lastBolusTime":1703754675154,"time":"2023-12-28T13:21:12.946Z","iobWithZeroTemp":{"iob":-0.484,"basaliob":-0.499,"bolussnooze":0,"activity":-0.0042,"lastBolusTime":1703754675154,"time":"2023-12-28T13:21:12.946Z"}},{"iob":0.022,"basaliob":0.008,"bolussnooze":0,"activity":4.0E-4,"lastBolusTime":1703754675154,"time":"2023-12-28T13:26:12.946Z","iobWithZeroTemp":{"iob":-0.487,"basaliob":-0.501,"bolussnooze":0,"activity":-0.0042,"lastBolusTime":1703754675154,"time":"2023-12-28T13:26:12.946Z"}},{"iob":0.019,"basaliob":0.007,"bolussnooze":0,"activity":3.0E-4,"lastBolusTime":1703754675154,"time":"2023-12-28T13:31:12.946Z","iobWithZeroTemp":{"iob":-0.492,"basaliob":-0.504,"bolussnooze":0,"activity":-0.0044,"lastBolusTime":1703754675154,"time":"2023-12-28T13:31:12.946Z"}},{"iob":0.018,"basaliob":0.007,"bolussnooze":0,"activity":3.0E-4,"lastBolusTime":1703754675154,"time":"2023-12-28T13:36:12.946Z","iobWithZeroTemp":{"iob":-0.494,"basaliob":-0.505,"bolussnooze":0,"activity":-0.0044,"lastBolusTime":1703754675154,"time":"2023-12-28T13:36:12.946Z"}}],"profile":{"max_iob":4,"type":"current","max_daily_basal":0.5,"max_basal":1.2,"min_bg":100.8,"max_bg":100.8,"target_bg":100.8,"carb_ratio":30,"sens":126,"max_daily_safety_multiplier":3,"current_basal_safety_multiplier":4,"lgsThreshold":65,"high_temptarget_raises_sensitivity":false,"low_temptarget_lowers_sensitivity":false,"sensitivity_raises_target":true,"resistance_lowers_target":true,"adv_target_adjustments":false,"exercise_mode":false,"half_basal_exercise_target":160,"maxCOB":120,"skip_neutral_temps":false,"remainingCarbsCap":90,"enableUAM":true,"A52_risk_enable":false,"SMBInterval":3,"enableSMB_with_COB":true,"enableSMB_with_temptarget":true,"allowSMB_with_high_temptarget":false,"enableSMB_always":false,"enableSMB_after_carbs":false,"maxSMBBasalMinutes":75,"maxUAMSMBBasalMinutes":75,"bolus_increment":0.05,"carbsReqThreshold":10,"current_basal":0.3,"temptargetSet":false,"autosens_max":1.2,"autosens_min":0.7,"out_units":"mmol\/L","variable_sens":112.9,"insulinDivisor":65,"TDD":12.534722619047617},"autosens_data":{"ratio":1},"meal_data":{"carbs":0,"mealCOB":0,"slopeFromMaxDeviation":-3.7535000000000003,"slopeFromMinDeviation":0.36289999999999994,"lastBolusTime":1703754675154,"lastCarbTime":0},"microBolusAllowed":true,"currentTime":1703756474549,"flatBGsDetected":false,"tdd1D":11.195833333333328,"tdd7D":12.08690476190476,"tddLast24H":13.295833333333334,"tddLast4H":2.591666666666667,"tddLast8to4H":1.916666666666667},"output":{"temp":"absolute","bg":167,"tick":-5,"eventualBG":134,"targetBG":100.8,"insulinReq":0,"deliverAt":"2023-12-28T09:41:14.549Z","sensitivityRatio":1,"variable_sens":112.9,"predBGs":{"IOB":[167,162,158,154,150,146,142,138,135,131,128,125,122,120,117,115,112,110,108,106,104,102,100,99,97,96,94,93,92,90,89,88,87,86,86,85,84,83,83,82,82,81,80,80,80,79],"ZT":[167,164,161,157,154,151,148,146,143,141,139,137,135,133,132,131,130,129,129,129,129,129,129]},"reason":"COB: 0, Dev: 1.9, BGI: -0.2, ISF: 6.3, CR: 30, Target: 5.6, minPredBG 5.8, minGuardBG 4.3, IOBpredBG 4.4; Eventual BG 7.4 > 5.6 but Min. Delta -4.67 < Exp. Delta -0.3; setting current basal of 0.3 as temp. . Setting neutral temp basal of 0.3U\/hr","COB":0,"IOB":0.591,"duration":30,"rate":0.3,"timestamp":"2023-12-28T09:41:14.568Z"}}