{"algorithm":"OpenAPSSMBDynamicISFPlugin","input":{"glucoseStatus":{"glucose":188,"noise":0,"delta":-1,"short_avgdelta":0.11,"long_avgdelta":3.71,"date":1703710500000},"currenttemp":{"temp":"absolute","duration":25,"rate":0.4,"minutesrunning":5},"iob_data":[{"iob":1.345,"basaliob":0.625,"bolussnooze":0,"activity":0.0084,"lastBolusTime":1703709973149,"time":"2023-12-27T20:56:11.304Z","iobWithZeroTemp":{"iob":1.345,"basaliob":0.625,"bolussnooze":0,"activity":0.0084,"lastBolusTime":1703709973149,"time":"2023-12-27T20:56:11.304Z"}},{"iob":1.3,"basaliob":0.598,"bolussnooze":0,"activity":0.0091,"lastBolusTime":1703709973149,"time":"2023-12-27T21:01:11.304Z","iobWithZeroTemp":{"iob":1.267,"basaliob":0.565,"bolussnooze":0,"activity":0.0091,"lastBolusTime":1703709973149,"time":"2023-12-27T21:01:11.304Z"}},{"iob":1.254,"basaliob":0.571,"bolussnooze":0,"activity":0.0096,"lastBolusTime":1703709973149,"time":"2023-12-27T21:06:11.304Z","iobWithZeroTemp":{"iob":1.179,"basaliob":0.496,"bolussnooze":0,"activity":0.0095,"lastBolusTime":1703709973149,"time":"2023-12-27T21:06:11.304Z"}},{"iob":1.205,"basaliob":0.544,"bolussnooze":0,"activity":0.0099,"lastBolusTime":1703709973149,"time":"2023-12-27T21:11:11.304Z","iobWithZeroTemp":{"iob":1.089,"basaliob":0.428,"bolussnooze":0,"activity":0.0097,"lastBolusTime":1703709973149,"time":"2023-12-27T21:11:11.304Z"}},{"iob":1.155,"basaliob":0.517,"bolussnooze":0,"activity":0.0101,"lastBolusTime":1703709973149,"time":"2023-12-27T21:16:11.304Z","iobWithZeroTemp":{"iob":0.999,"basaliob":0.361,"bolussnooze":0,"activity":0.0097,"lastBolusTime":1703709973149,"time":"2023-12-27T21:16:11.304Z"}},{"iob":1.104,"basaliob":0.491,"bolussnooze":0,"activity":0.0102,"lastBolusTime":1703709973149,"time":"2023-12-27T21:21:11.304Z","iobWithZeroTemp":{"iob":0.909,"basaliob":0.296,"bolussnooze":0,"activity":0.0096,"lastBolusTime":1703709973149,"time":"2023-12-27T21:21:11.304Z"}},{"iob":1.053,"basaliob":0.465,"bolussnooze":0,"activity":0.0102,"lastBolusTime":1703709973149,"time":"2023-12-27T21:26:11.304Z","iobWithZeroTemp":{"iob":0.82,"basaliob":0.232,"bolussnooze":0,"activity":0.0094,"lastBolusTime":1703709973149,"time":"2023-12-27T21:26:11.304Z"}},{"iob":1.003,"basaliob":0.44,"bolussnooze":0,"activity":0.0101,"lastBolusTime":1703709973149,"time":"2023-12-27T21:31:11.304Z","iobWithZeroTemp":{"iob":0.733,"basaliob":0.17,"bolussnooze":0,"activity":0.009,"lastBolusTime":1703709973149,"time":"2023-12-27T21:31:11.304Z"}},{"iob":0.952,"basaliob":0.415,"bolussnooze":0,"activity":0.0099,"lastBolusTime":1703709973149,"time":"2023-12-27T21:36:11.304Z","iobWithZeroTemp":{"iob":0.647,"basaliob":0.11,"bolussnooze":0,"activity":0.0085,"lastBolusTime":1703709973149,"time":"2023-12-27T21:36:11.304Z"}},{"iob":0.904,"basaliob":0.392,"bolussnooze":0,"activity":0.0098,"lastBolusTime":1703709973149,"time":"2023-12-27T21:41:11.304Z","iobWithZeroTemp":{"iob":0.565,"basaliob":0.053,"bolussnooze":0,"activity":0.0082,"lastBolusTime":1703709973149,"time":"2023-12-27T21:41:11.304Z"}},{"iob":0.855,"basaliob":0.369,"bolussnooze":0,"activity":0.0095,"lastBolusTime":1703709973149,"time":"2023-12-27T21:46:11.304Z","iobWithZeroTemp":{"iob":0.483,"basaliob":-0.003,"bolussnooze":0,"activity":0.0076,"lastBolusTime":1703709973149,"time":"2023-12-27T21:46:11.304Z"}},{"iob":0.808,"basaliob":0.347,"bolussnooze":0,"activity":0.0092,"lastBolusTime":1703709973149,"time":"2023-12-27T21:51:11.304Z","iobWithZeroTemp":{"iob":0.404,"basaliob":-0.057,"bolussnooze":0,"activity":0.007,"lastBolusTime":1703709973149,"time":"2023-12-27T21:51:11.304Z"}},{"iob":0.763,"basaliob":0.326,"bolussnooze":0,"activity":0.0089,"lastBolusTime":1703709973149,"time":"2023-12-27T21:56:11.304Z","iobWithZeroTemp":{"iob":0.329,"basaliob":-0.108,"bolussnooze":0,"activity":0.0064,"lastBolusTime":1703709973149,"time":"2023-12-27T21:56:11.304Z"}},{"iob":0.719,"basaliob":0.306,"bolussnooze":0,"activity":0.0086,"lastBolusTime":1703709973149,"time":"2023-12-27T22:01:11.304Z","iobWithZeroTemp":{"iob":0.257,"basaliob":-0.156,"bolussnooze":0,"activity":0.0058,"lastBolusTime":1703709973149,"time":"2023-12-27T22:01:11.304Z"}},{"iob":0.676,"basaliob":0.286,"bolussnooze":0,"activity":0.0082,"lastBolusTime":1703709973149,"time":"2023-12-27T22:06:11.304Z","iobWithZeroTemp":{"iob":0.187,"basaliob":-0.203,"bolussnooze":0,"activity":0.0051,"lastBolusTime":1703709973149,"time":"2023-12-27T22:06:11.304Z"}},{"iob":0.636,"basaliob":0.268,"bolussnooze":0,"activity":0.008,"lastBolusTime":1703709973149,"time":"2023-12-27T22:11:11.304Z","iobWithZeroTemp":{"iob":0.121,"basaliob":-0.247,"bolussnooze":0,"activity":0.0047,"lastBolusTime":1703709973149,"time":"2023-12-27T22:11:11.304Z"}},{"iob":0.597,"basaliob":0.251,"bolussnooze":0,"activity":0.0076,"lastBolusTime":1703709973149,"time":"2023-12-27T22:16:11.304Z","iobWithZeroTemp":{"iob":0.058,"basaliob":-0.288,"bolussnooze":0,"activity":0.004,"lastBolusTime":1703709973149,"time":"2023-12-27T22:16:11.304Z"}},{"iob":0.559,"basaliob":0.234,"bolussnooze":0,"activity":0.0072,"lastBolusTime":1703709973149,"time":"2023-12-27T22:21:11.304Z","iobWithZeroTemp":{"iob":-0.003,"basaliob":-0.328,"bolussnooze":0,"activity":0.0033,"lastBolusTime":1703709973149,"time":"2023-12-27T22:21:11.304Z"}},{"iob":0.525,"basaliob":0.219,"bolussnooze":0,"activity":0.0069,"lastBolusTime":1703709973149,"time":"2023-12-27T22:26:11.304Z","iobWithZeroTemp":{"iob":-0.059,"basaliob":-0.365,"bolussnooze":0,"activity":0.0028,"lastBolusTime":1703709973149,"time":"2023-12-27T22:26:11.304Z"}},{"iob":0.491,"basaliob":0.204,"bolussnooze":0,"activity":0.0066,"lastBolusTime":1703709973149,"time":"2023-12-27T22:31:11.304Z","iobWithZeroTemp":{"iob":-0.114,"basaliob":-0.401,"bolussnooze":0,"activity":0.0022,"lastBolusTime":1703709973149,"time":"2023-12-27T22:31:11.304Z"}},{"iob":0.459,"basaliob":0.19,"bolussnooze":0,"activity":0.0062,"lastBolusTime":1703709973149,"time":"2023-12-27T22:36:11.304Z","iobWithZeroTemp":{"iob":-0.165,"basaliob":-0.434,"bolussnooze":0,"activity":0.0016,"lastBolusTime":1703709973149,"time":"2023-12-27T22:36:11.304Z"}},{"iob":0.429,"basaliob":0.177,"bolussnooze":0,"activity":0.0058,"lastBolusTime":1703709973149,"time":"2023-12-27T22:41:11.304Z","iobWithZeroTemp":{"iob":-0.213,"basaliob":-0.465,"bolussnooze":0,"activity":0.001,"lastBolusTime":1703709973149,"time":"2023-12-27T22:41:11.304Z"}},{"iob":0.4,"basaliob":0.165,"bolussnooze":0,"activity":0.0056,"lastBolusTime":1703709973149,"time":"2023-12-27T22:46:11.304Z","iobWithZeroTemp":{"iob":-0.259,"basaliob":-0.494,"bolussnooze":0,"activity":6.0E-4,"lastBolusTime":1703709973149,"time":"2023-12-27T22:46:11.304Z"}},{"iob":0.373,"basaliob":0.153,"bolussnooze":0,"activity":0.0053,"lastBolusTime":1703709973149,"time":"2023-12-27T22:51:11.304Z","iobWithZeroTemp":{"iob":-0.302,"basaliob":-0.522,"bolussnooze":0,"activity":1.0E-4,"lastBolusTime":1703709973149,"time":"2023-12-27T22:51:11.304Z"}},{"iob":0.347,"basaliob":0.142,"bolussnooze":0,"activity":0.0049,"lastBolusTime":1703709973149,"time":"2023-12-27T22:56:11.304Z","iobWithZeroTemp":{"iob":-0.343,"basaliob":-0.548,"bolussnooze":0,"activity":-5.0E-4,"lastBolusTime":1703709973149,"time":"2023-12-27T22:56:11.304Z"}},{"iob":0.323,"basaliob":0.132,"bolussnooze":0,"activity":0.0047,"lastBolusTime":1703709973149,"time":"2023-12-27T23:01:11.304Z","iobWithZeroTemp":{"iob":-0.381,"basaliob":-0.572,"bolussnooze":0,"activity":-9.0E-4,"lastBolusTime":1703709973149,"time":"2023-12-27T23:01:11.304Z"}},{"iob":0.3,"basaliob":0.122,"bolussnooze":0,"activity":0.0044,"lastBolusTime":1703709973149,"time":"2023-12-27T23:06:11.304Z","iobWithZeroTemp":{"iob":-0.397,"basaliob":-0.575,"bolussnooze":0,"activity":-0.0014,"lastBolusTime":1703709973149,"time":"2023-12-27T23:06:11.304Z"}},{"iob":0.279,"basaliob":0.113,"bolussnooze":0,"activity":0.0041,"lastBolusTime":1703709973149,"time":"2023-12-27T23:11:11.304Z","iobWithZeroTemp":{"iob":-0.409,"basaliob":-0.575,"bolussnooze":0,"activity":-0.0018,"lastBolusTime":1703709973149,"time":"2023-12-27T23:11:11.304Z"}},{"iob":0.259,"basaliob":0.105,"bolussnooze":0,"activity":0.0038,"lastBolusTime":1703709973149,"time":"2023-12-27T23:16:11.304Z","iobWithZeroTemp":{"iob":-0.421,"basaliob":-0.575,"bolussnooze":0,"activity":-0.0022,"lastBolusTime":1703709973149,"time":"2023-12-27T23:16:11.304Z"}},{"iob":0.24,"basaliob":0.097,"bolussnooze":0,"activity":0.0036,"lastBolusTime":1703709973149,"time":"2023-12-27T23:21:11.304Z","iobWithZeroTemp":{"iob":-0.43,"basaliob":-0.573,"bolussnooze":0,"activity":-0.0025,"lastBolusTime":1703709973149,"time":"2023-12-27T23:21:11.304Z"}},{"iob":0.223,"basaliob":0.09,"bolussnooze":0,"activity":0.0034,"lastBolusTime":1703709973149,"time":"2023-12-27T23:26:11.304Z","iobWithZeroTemp":{"iob":-0.438,"basaliob":-0.571,"bolussnooze":0,"activity":-0.0027,"lastBolusTime":1703709973149,"time":"2023-12-27T23:26:11.304Z"}},{"iob":0.207,"basaliob":0.083,"bolussnooze":0,"activity":0.0032,"lastBolusTime":1703709973149,"time":"2023-12-27T23:31:11.304Z","iobWithZeroTemp":{"iob":-0.444,"basaliob":-0.568,"bolussnooze":0,"activity":-0.0029,"lastBolusTime":1703709973149,"time":"2023-12-27T23:31:11.304Z"}},{"iob":0.191,"basaliob":0.076,"bolussnooze":0,"activity":0.0029,"lastBolusTime":1703709973149,"time":"2023-12-27T23:36:11.304Z","iobWithZeroTemp":{"iob":-0.451,"basaliob":-0.566,"bolussnooze":0,"activity":-0.0032,"lastBolusTime":1703709973149,"time":"2023-12-27T23:36:11.304Z"}},{"iob":0.177,"basaliob":0.071,"bolussnooze":0,"activity":0.0027,"lastBolusTime":1703709973149,"time":"2023-12-27T23:41:11.304Z","iobWithZeroTemp":{"iob":-0.455,"basaliob":-0.561,"bolussnooze":0,"activity":-0.0034,"lastBolusTime":1703709973149,"time":"2023-12-27T23:41:11.304Z"}},{"iob":0.163,"basaliob":0.065,"bolussnooze":0,"activity":0.0026,"lastBolusTime":1703709973149,"time":"2023-12-27T23:46:11.304Z","iobWithZeroTemp":{"iob":-0.46,"basaliob":-0.558,"bolussnooze":0,"activity":-0.0035,"lastBolusTime":1703709973149,"time":"2023-12-27T23:46:11.304Z"}},{"iob":0.151,"basaliob":0.06,"bolussnooze":0,"activity":0.0024,"lastBolusTime":1703709973149,"time":"2023-12-27T23:51:11.304Z","iobWithZeroTemp":{"iob":-0.462,"basaliob":-0.553,"bolussnooze":0,"activity":-0.0036,"lastBolusTime":1703709973149,"time":"2023-12-27T23:51:11.304Z"}},{"iob":0.139,"basaliob":0.055,"bolussnooze":0,"activity":0.0022,"lastBolusTime":1703709973149,"time":"2023-12-27T23:56:11.304Z","iobWithZeroTemp":{"iob":-0.465,"basaliob":-0.549,"bolussnooze":0,"activity":-0.0038,"lastBolusTime":1703709973149,"time":"2023-12-27T23:56:11.304Z"}},{"iob":0.129,"basaliob":0.051,"bolussnooze":0,"activity":0.0021,"lastBolusTime":1703709973149,"time":"2023-12-28T00:01:11.304Z","iobWithZeroTemp":{"iob":-0.466,"basaliob":-0.544,"bolussnooze":0,"activity":-0.0038,"lastBolusTime":1703709973149,"time":"2023-12-28T00:01:11.304Z"}},{"iob":0.119,"basaliob":0.047,"bolussnooze":0,"activity":0.002,"lastBolusTime":1703709973149,"time":"2023-12-28T00:06:11.304Z","iobWithZeroTemp":{"iob":-0.468,"basaliob":-0.54,"bolussnooze":0,"activity":-0.0039,"lastBolusTime":1703709973149,"time":"2023-12-28T00:06:11.304Z"}},{"iob":0.109,"basaliob":0.043,"bolussnooze":0,"activity":0.0018,"lastBolusTime":1703709973149,"time":"2023-12-28T00:11:11.304Z","iobWithZeroTemp":{"iob":-0.469,"basaliob":-0.535,"bolussnooze":0,"activity":-0.004,"lastBolusTime":1703709973149,"time":"2023-12-28T00:11:11.304Z"}},{"iob":0.1,"basaliob":0.039,"bolussnooze":0,"activity":0.0017,"lastBolusTime":1703709973149,"time":"2023-12-28T00:16:11.304Z","iobWithZeroTemp":{"iob":-0.47,"basaliob":-0.531,"bolussnooze":0,"activity":-0.0041,"lastBolusTime":1703709973149,"time":"2023-12-28T00:16:11.304Z"}},{"iob":0.092,"basaliob":0.036,"bolussnooze":0,"activity":0.0015,"lastBolusTime":1703709973149,"time":"2023-12-28T00:21:11.304Z","iobWithZeroTemp":{"iob":-0.471,"basaliob":-0.527,"bolussnooze":0,"activity":-0.0042,"lastBolusTime":1703709973149,"time":"2023-12-28T00:21:11.304Z"}},{"iob":0.085,"basaliob":0.033,"bolussnooze":0,"activity":0.0015,"lastBolusTime":1703709973149,"time":"2023-12-28T00:26:11.304Z","iobWithZeroTemp":{"iob":-0.47,"basaliob":-0.522,"bolussnooze":0,"activity":-0.0041,"lastBolusTime":1703709973149,"time":"2023-12-28T00:26:11.304Z"}},{"iob":0.078,"basaliob":0.03,"bolussnooze":0,"activity":0.0013,"lastBolusTime":1703709973149,"time":"2023-12-28T00:31:11.304Z","iobWithZeroTemp":{"iob":-0.47,"basaliob":-0.518,"bolussnooze":0,"activity":-0.0043,"lastBolusTime":1703709973149,"time":"2023-12-28T00:31:11.304Z"}},{"iob":0.072,"basaliob":0.028,"bolussnooze":0,"activity":0.0012,"lastBolusTime":1703709973149,"time":"2023-12-28T00:36:11.304Z","iobWithZeroTemp":{"iob":-0.469,"basaliob":-0.513,"bolussnooze":0,"activity":-0.0043,"lastBolusTime":1703709973149,"time":"2023-12-28T00:36:11.304Z"}},{"iob":0.065,"basaliob":0.025,"bolussnooze":0,"activity":0.0012,"lastBolusTime":1703709973149,"time":"2023-12-28T00:41:11.304Z","iobWithZeroTemp":{"iob":-0.47,"basaliob":-0.51,"bolussnooze":0,"activity":-0.0042,"lastBolusTime":1703709973149,"time":"2023-12-28T00:41:11.304Z"}},{"iob":0.06,"basaliob":0.023,"bolussnooze":0,"activity":0.001,"lastBolusTime":1703709973149,"time":"2023-12-28T00:46:11.304Z","iobWithZeroTemp":{"iob":-0.469,"basaliob":-0.506,"bolussnooze":0,"activity":-0.0044,"lastBolusTime":1703709973149,"time":"2023-12-28T00:46:11.304Z"}},{"iob":0.055,"basaliob":0.021,"bolussnooze":0,"activity":0.001,"lastBolusTime":1703709973149,"time":"2023-12-28T00:51:11.304Z","iobWithZeroTemp":{"iob":-0.468,"basaliob":-0.502,"bolussnooze":0,"activity":-0.0043,"lastBolusTime":1703709973149,"time":"2023-12-28T00:51:11.304Z"}}],"profile":{"max_iob":4,"type":"current","max_daily_basal":0.5,"max_basal":1.5,"min_bg":95.4,"max_bg":95.4,"target_bg":95.4,"carb_ratio":20,"sens":117,"max_daily_safety_multiplier":3,"current_basal_safety_multiplier":4,"lgsThreshold":65,"high_temptarget_raises_sensitivity":false,"low_temptarget_lowers_sensitivity":false,"sensitivity_raises_target":true,"resistance_lowers_target":true,"adv_target_adjustments":false,"exercise_mode":false,"half_basal_exercise_target":160,"maxCOB":120,"skip_neutral_temps":false,"remainingCarbsCap":90,"enableUAM":true,"A52_risk_enable":false,"SMBInterval":3,"enableSMB_with_COB":true,"enableSMB_with_temptarget":true,"allowSMB_with_high_temptarget":false,"enableSMB_always":false,"enableSMB_after_carbs":false,"maxSMBBasalMinutes":75,"maxUAMSMBBasalMinutes":75,"bolus_increment":0.05,"carbsReqThreshold":10,"current_basal":0.5,"temptargetSet":true,"autosens_max":1.2,"autosens_min":0.7,"out_units":"mmol\/L","variable_sens":91.5,"insulinDivisor":65,"TDD":14.474879761904763},"autosens_data":{"ratio":1},"meal_data":{"carbs":0,"mealCOB":0,"slopeFromMaxDeviation":-0.498,"slopeFromMinDeviation":0.4171428571428571,"lastBolusTime":1703709973149,"lastCarbTime":0},"microBolusAllowed":true,"currentTime":1703710572906,"flatBGsDetected":false,"tdd1D":15.216666666666669,"tdd7D":11.563690476190475,"tddLast24H":11.299999999999988,"tddLast4H":3.2875000000000005,"tddLast8to4H":1.6250000000000002},"output":{"temp":"absolute","bg":188,"tick":-1,"eventualBG":82,"targetBG":95.4,"insulinReq":0,"deliverAt":"2023-12-27T20:56:12.906Z","sensitivityRatio":1,"variable_sens":91.5,"predBGs":{"IOB":[188,187,185,183,180,177,173,170,166,161,157,152,148,143,138,134,130,125,121,117,113,109,105,102,98,95,92,89,86,83,80,78,75,73,70,68,66,64,62,61,59,57,56,54,53,52,50,49],"ZT":[188,184,180,176,171,166,162,157,152,148,144,140,136,132,129,126,123,121,119,117,116,115,114,114,114,114],"UAM":[188,186,184,181,177,173,168,163,158,153,148,143,138,133,128,123,119,114,110,106,101,97,93,89,85,82,78,75,71,68,65,62,59,56,54,51,48,46,44,41,39]},"reason":"COB: 0, Dev: 0.9, BGI: -0.2, ISF: 5.1, CR: 20, Target: 5.3, minPredBG 4.3, minGuardBG 1.4, IOBpredBG 2.7, UAMpredBG 2.2; minGuardBG 1.4<3.8","COB":0,"IOB":1.345,"duration":90,"rate":0,"timestamp":"2023-12-27T20:56:12.938Z"}}