{"algorithm":"OpenAPSSMBDynamicISFPlugin","input":{"glucoseStatus":{"glucose":151,"noise":0,"delta":16,"short_avgdelta":16.81,"long_avgdelta":9.82,"date":1703748321613},"currenttemp":{"temp":"absolute","duration":25,"rate":1.2,"minutesrunning":5},"iob_data":[{"iob":0.48,"basaliob":-0.182,"bolussnooze":0,"activity":9.0E-4,"lastBolusTime":1703748074989,"time":"2023-12-28T07:26:12.185Z","iobWithZeroTemp":{"iob":0.48,"basaliob":-0.182,"bolussnooze":0,"activity":9.0E-4,"lastBolusTime":1703748074989,"time":"2023-12-28T07:26:12.185Z"}},{"iob":0.475,"basaliob":-0.168,"bolussnooze":0,"activity":0.0015,"lastBolusTime":1703748074989,"time":"2023-12-28T07:31:12.185Z","iobWithZeroTemp":{"iob":0.455,"basaliob":-0.188,"bolussnooze":0,"activity":0.0015,"lastBolusTime":1703748074989,"time":"2023-12-28T07:31:12.185Z"}},{"iob":0.465,"basaliob":-0.156,"bolussnooze":0,"activity":0.002,"lastBolusTime":1703748074989,"time":"2023-12-28T07:36:12.185Z","iobWithZeroTemp":{"iob":0.42,"basaliob":-0.201,"bolussnooze":0,"activity":0.0019,"lastBolusTime":1703748074989,"time":"2023-12-28T07:36:12.185Z"}},{"iob":0.455,"basaliob":-0.144,"bolussnooze":0,"activity":0.0024,"lastBolusTime":1703748074989,"time":"2023-12-28T07:41:12.185Z","iobWithZeroTemp":{"iob":0.386,"basaliob":-0.213,"bolussnooze":0,"activity":0.0023,"lastBolusTime":1703748074989,"time":"2023-12-28T07:41:12.185Z"}},{"iob":0.442,"basaliob":-0.133,"bolussnooze":0,"activity":0.0027,"lastBolusTime":1703748074989,"time":"2023-12-28T07:46:12.185Z","iobWithZeroTemp":{"iob":0.349,"basaliob":-0.226,"bolussnooze":0,"activity":0.0025,"lastBolusTime":1703748074989,"time":"2023-12-28T07:46:12.185Z"}},{"iob":0.428,"basaliob":-0.123,"bolussnooze":0,"activity":0.0029,"lastBolusTime":1703748074989,"time":"2023-12-28T07:51:12.185Z","iobWithZeroTemp":{"iob":0.311,"basaliob":-0.24,"bolussnooze":0,"activity":0.0025,"lastBolusTime":1703748074989,"time":"2023-12-28T07:51:12.185Z"}},{"iob":0.412,"basaliob":-0.114,"bolussnooze":0,"activity":0.0031,"lastBolusTime":1703748074989,"time":"2023-12-28T07:56:12.185Z","iobWithZeroTemp":{"iob":0.272,"basaliob":-0.254,"bolussnooze":0,"activity":0.0026,"lastBolusTime":1703748074989,"time":"2023-12-28T07:56:12.185Z"}},{"iob":0.397,"basaliob":-0.105,"bolussnooze":0,"activity":0.0032,"lastBolusTime":1703748074989,"time":"2023-12-28T08:01:12.185Z","iobWithZeroTemp":{"iob":0.235,"basaliob":-0.267,"bolussnooze":0,"activity":0.0025,"lastBolusTime":1703748074989,"time":"2023-12-28T08:01:12.185Z"}},{"iob":0.38,"basaliob":-0.097,"bolussnooze":0,"activity":0.0033,"lastBolusTime":1703748074989,"time":"2023-12-28T08:06:12.185Z","iobWithZeroTemp":{"iob":0.197,"basaliob":-0.28,"bolussnooze":0,"activity":0.0025,"lastBolusTime":1703748074989,"time":"2023-12-28T08:06:12.185Z"}},{"iob":0.364,"basaliob":-0.089,"bolussnooze":0,"activity":0.0033,"lastBolusTime":1703748074989,"time":"2023-12-28T08:11:12.185Z","iobWithZeroTemp":{"iob":0.16,"basaliob":-0.293,"bolussnooze":0,"activity":0.0023,"lastBolusTime":1703748074989,"time":"2023-12-28T08:11:12.185Z"}},{"iob":0.348,"basaliob":-0.082,"bolussnooze":0,"activity":0.0033,"lastBolusTime":1703748074989,"time":"2023-12-28T08:16:12.185Z","iobWithZeroTemp":{"iob":0.125,"basaliob":-0.305,"bolussnooze":0,"activity":0.0021,"lastBolusTime":1703748074989,"time":"2023-12-28T08:16:12.185Z"}},{"iob":0.331,"basaliob":-0.076,"bolussnooze":0,"activity":0.0033,"lastBolusTime":1703748074989,"time":"2023-12-28T08:21:12.185Z","iobWithZeroTemp":{"iob":0.089,"basaliob":-0.318,"bolussnooze":0,"activity":0.002,"lastBolusTime":1703748074989,"time":"2023-12-28T08:21:12.185Z"}},{"iob":0.314,"basaliob":-0.07,"bolussnooze":0,"activity":0.0032,"lastBolusTime":1703748074989,"time":"2023-12-28T08:26:12.185Z","iobWithZeroTemp":{"iob":0.054,"basaliob":-0.33,"bolussnooze":0,"activity":0.0017,"lastBolusTime":1703748074989,"time":"2023-12-28T08:26:12.185Z"}},{"iob":0.298,"basaliob":-0.064,"bolussnooze":0,"activity":0.0032,"lastBolusTime":1703748074989,"time":"2023-12-28T08:31:12.185Z","iobWithZeroTemp":{"iob":0.021,"basaliob":-0.341,"bolussnooze":0,"activity":0.0015,"lastBolusTime":1703748074989,"time":"2023-12-28T08:31:12.185Z"}},{"iob":0.282,"basaliob":-0.059,"bolussnooze":0,"activity":0.0031,"lastBolusTime":1703748074989,"time":"2023-12-28T08:36:12.185Z","iobWithZeroTemp":{"iob":-0.012,"basaliob":-0.353,"bolussnooze":0,"activity":0.0013,"lastBolusTime":1703748074989,"time":"2023-12-28T08:36:12.185Z"}},{"iob":0.267,"basaliob":-0.054,"bolussnooze":0,"activity":0.0031,"lastBolusTime":1703748074989,"time":"2023-12-28T08:41:12.185Z","iobWithZeroTemp":{"iob":-0.042,"basaliob":-0.363,"bolussnooze":0,"activity":0.0011,"lastBolusTime":1703748074989,"time":"2023-12-28T08:41:12.185Z"}},{"iob":0.252,"basaliob":-0.05,"bolussnooze":0,"activity":0.0029,"lastBolusTime":1703748074989,"time":"2023-12-28T08:46:12.185Z","iobWithZeroTemp":{"iob":-0.072,"basaliob":-0.374,"bolussnooze":0,"activity":7.0E-4,"lastBolusTime":1703748074989,"time":"2023-12-28T08:46:12.185Z"}},{"iob":0.237,"basaliob":-0.046,"bolussnooze":0,"activity":0.0028,"lastBolusTime":1703748074989,"time":"2023-12-28T08:51:12.185Z","iobWithZeroTemp":{"iob":-0.1,"basaliob":-0.383,"bolussnooze":0,"activity":5.0E-4,"lastBolusTime":1703748074989,"time":"2023-12-28T08:51:12.185Z"}},{"iob":0.223,"basaliob":-0.042,"bolussnooze":0,"activity":0.0028,"lastBolusTime":1703748074989,"time":"2023-12-28T08:56:12.185Z","iobWithZeroTemp":{"iob":-0.127,"basaliob":-0.392,"bolussnooze":0,"activity":3.0E-4,"lastBolusTime":1703748074989,"time":"2023-12-28T08:56:12.185Z"}},{"iob":0.211,"basaliob":-0.038,"bolussnooze":0,"activity":0.0026,"lastBolusTime":1703748074989,"time":"2023-12-28T09:01:12.185Z","iobWithZeroTemp":{"iob":-0.152,"basaliob":-0.401,"bolussnooze":0,"activity":0,"lastBolusTime":1703748074989,"time":"2023-12-28T09:01:12.185Z"}},{"iob":0.197,"basaliob":-0.035,"bolussnooze":0,"activity":0.0025,"lastBolusTime":1703748074989,"time":"2023-12-28T09:06:12.185Z","iobWithZeroTemp":{"iob":-0.177,"basaliob":-0.409,"bolussnooze":0,"activity":-3.0E-4,"lastBolusTime":1703748074989,"time":"2023-12-28T09:06:12.185Z"}},{"iob":0.185,"basaliob":-0.032,"bolussnooze":0,"activity":0.0024,"lastBolusTime":1703748074989,"time":"2023-12-28T09:11:12.185Z","iobWithZeroTemp":{"iob":-0.2,"basaliob":-0.417,"bolussnooze":0,"activity":-5.0E-4,"lastBolusTime":1703748074989,"time":"2023-12-28T09:11:12.185Z"}},{"iob":0.174,"basaliob":-0.029,"bolussnooze":0,"activity":0.0023,"lastBolusTime":1703748074989,"time":"2023-12-28T09:16:12.185Z","iobWithZeroTemp":{"iob":-0.221,"basaliob":-0.424,"bolussnooze":0,"activity":-7.0E-4,"lastBolusTime":1703748074989,"time":"2023-12-28T09:16:12.185Z"}},{"iob":0.162,"basaliob":-0.027,"bolussnooze":0,"activity":0.0022,"lastBolusTime":1703748074989,"time":"2023-12-28T09:21:12.185Z","iobWithZeroTemp":{"iob":-0.243,"basaliob":-0.432,"bolussnooze":0,"activity":-9.0E-4,"lastBolusTime":1703748074989,"time":"2023-12-28T09:21:12.185Z"}},{"iob":0.151,"basaliob":-0.025,"bolussnooze":0,"activity":0.0021,"lastBolusTime":1703748074989,"time":"2023-12-28T09:26:12.185Z","iobWithZeroTemp":{"iob":-0.263,"basaliob":-0.439,"bolussnooze":0,"activity":-0.0012,"lastBolusTime":1703748074989,"time":"2023-12-28T09:26:12.185Z"}},{"iob":0.142,"basaliob":-0.022,"bolussnooze":0,"activity":0.002,"lastBolusTime":1703748074989,"time":"2023-12-28T09:31:12.185Z","iobWithZeroTemp":{"iob":-0.281,"basaliob":-0.445,"bolussnooze":0,"activity":-0.0014,"lastBolusTime":1703748074989,"time":"2023-12-28T09:31:12.185Z"}},{"iob":0.133,"basaliob":-0.02,"bolussnooze":0,"activity":0.0018,"lastBolusTime":1703748074989,"time":"2023-12-28T09:36:12.185Z","iobWithZeroTemp":{"iob":-0.297,"basaliob":-0.45,"bolussnooze":0,"activity":-0.0017,"lastBolusTime":1703748074989,"time":"2023-12-28T09:36:12.185Z"}},{"iob":0.123,"basaliob":-0.019,"bolussnooze":0,"activity":0.0018,"lastBolusTime":1703748074989,"time":"2023-12-28T09:41:12.185Z","iobWithZeroTemp":{"iob":-0.315,"basaliob":-0.457,"bolussnooze":0,"activity":-0.0018,"lastBolusTime":1703748074989,"time":"2023-12-28T09:41:12.185Z"}},{"iob":0.115,"basaliob":-0.017,"bolussnooze":0,"activity":0.0017,"lastBolusTime":1703748074989,"time":"2023-12-28T09:46:12.185Z","iobWithZeroTemp":{"iob":-0.33,"basaliob":-0.462,"bolussnooze":0,"activity":-0.002,"lastBolusTime":1703748074989,"time":"2023-12-28T09:46:12.185Z"}},{"iob":0.107,"basaliob":-0.015,"bolussnooze":0,"activity":0.0015,"lastBolusTime":1703748074989,"time":"2023-12-28T09:51:12.185Z","iobWithZeroTemp":{"iob":-0.344,"basaliob":-0.466,"bolussnooze":0,"activity":-0.0023,"lastBolusTime":1703748074989,"time":"2023-12-28T09:51:12.185Z"}},{"iob":0.099,"basaliob":-0.014,"bolussnooze":0,"activity":0.0014,"lastBolusTime":1703748074989,"time":"2023-12-28T09:56:12.185Z","iobWithZeroTemp":{"iob":-0.358,"basaliob":-0.471,"bolussnooze":0,"activity":-0.0025,"lastBolusTime":1703748074989,"time":"2023-12-28T09:56:12.185Z"}},{"iob":0.092,"basaliob":-0.013,"bolussnooze":0,"activity":0.0014,"lastBolusTime":1703748074989,"time":"2023-12-28T10:01:12.185Z","iobWithZeroTemp":{"iob":-0.371,"basaliob":-0.476,"bolussnooze":0,"activity":-0.0025,"lastBolusTime":1703748074989,"time":"2023-12-28T10:01:12.185Z"}},{"iob":0.085,"basaliob":-0.012,"bolussnooze":0,"activity":0.0013,"lastBolusTime":1703748074989,"time":"2023-12-28T10:06:12.185Z","iobWithZeroTemp":{"iob":-0.383,"basaliob":-0.48,"bolussnooze":0,"activity":-0.0027,"lastBolusTime":1703748074989,"time":"2023-12-28T10:06:12.185Z"}},{"iob":0.08,"basaliob":-0.01,"bolussnooze":0,"activity":0.0012,"lastBolusTime":1703748074989,"time":"2023-12-28T10:11:12.185Z","iobWithZeroTemp":{"iob":-0.393,"basaliob":-0.483,"bolussnooze":0,"activity":-0.0029,"lastBolusTime":1703748074989,"time":"2023-12-28T10:11:12.185Z"}},{"iob":0.074,"basaliob":-0.009,"bolussnooze":0,"activity":0.0011,"lastBolusTime":1703748074989,"time":"2023-12-28T10:16:12.185Z","iobWithZeroTemp":{"iob":-0.403,"basaliob":-0.486,"bolussnooze":0,"activity":-0.003,"lastBolusTime":1703748074989,"time":"2023-12-28T10:16:12.185Z"}},{"iob":0.068,"basaliob":-0.009,"bolussnooze":0,"activity":0.001,"lastBolusTime":1703748074989,"time":"2023-12-28T10:21:12.185Z","iobWithZeroTemp":{"iob":-0.413,"basaliob":-0.49,"bolussnooze":0,"activity":-0.0032,"lastBolusTime":1703748074989,"time":"2023-12-28T10:21:12.185Z"}},{"iob":0.063,"basaliob":-0.008,"bolussnooze":0,"activity":9.0E-4,"lastBolusTime":1703748074989,"time":"2023-12-28T10:26:12.185Z","iobWithZeroTemp":{"iob":-0.422,"basaliob":-0.493,"bolussnooze":0,"activity":-0.0034,"lastBolusTime":1703748074989,"time":"2023-12-28T10:26:12.185Z"}},{"iob":0.058,"basaliob":-0.007,"bolussnooze":0,"activity":0.001,"lastBolusTime":1703748074989,"time":"2023-12-28T10:31:12.185Z","iobWithZeroTemp":{"iob":-0.431,"basaliob":-0.496,"bolussnooze":0,"activity":-0.0033,"lastBolusTime":1703748074989,"time":"2023-12-28T10:31:12.185Z"}},{"iob":0.054,"basaliob":-0.006,"bolussnooze":0,"activity":9.0E-4,"lastBolusTime":1703748074989,"time":"2023-12-28T10:36:12.185Z","iobWithZeroTemp":{"iob":-0.438,"basaliob":-0.498,"bolussnooze":0,"activity":-0.0035,"lastBolusTime":1703748074989,"time":"2023-12-28T10:36:12.185Z"}},{"iob":0.05,"basaliob":-0.006,"bolussnooze":0,"activity":8.0E-4,"lastBolusTime":1703748074989,"time":"2023-12-28T10:41:12.185Z","iobWithZeroTemp":{"iob":-0.445,"basaliob":-0.501,"bolussnooze":0,"activity":-0.0036,"lastBolusTime":1703748074989,"time":"2023-12-28T10:41:12.185Z"}},{"iob":0.046,"basaliob":-0.005,"bolussnooze":0,"activity":8.0E-4,"lastBolusTime":1703748074989,"time":"2023-12-28T10:46:12.185Z","iobWithZeroTemp":{"iob":-0.452,"basaliob":-0.503,"bolussnooze":0,"activity":-0.0037,"lastBolusTime":1703748074989,"time":"2023-12-28T10:46:12.185Z"}},{"iob":0.042,"basaliob":-0.005,"bolussnooze":0,"activity":7.0E-4,"lastBolusTime":1703748074989,"time":"2023-12-28T10:51:12.185Z","iobWithZeroTemp":{"iob":-0.458,"basaliob":-0.505,"bolussnooze":0,"activity":-0.0038,"lastBolusTime":1703748074989,"time":"2023-12-28T10:51:12.185Z"}},{"iob":0.039,"basaliob":-0.004,"bolussnooze":0,"activity":6.0E-4,"lastBolusTime":1703748074989,"time":"2023-12-28T10:56:12.185Z","iobWithZeroTemp":{"iob":-0.464,"basaliob":-0.507,"bolussnooze":0,"activity":-0.0039,"lastBolusTime":1703748074989,"time":"2023-12-28T10:56:12.185Z"}},{"iob":0.036,"basaliob":-0.004,"bolussnooze":0,"activity":6.0E-4,"lastBolusTime":1703748074989,"time":"2023-12-28T11:01:12.185Z","iobWithZeroTemp":{"iob":-0.469,"basaliob":-0.509,"bolussnooze":0,"activity":-0.004,"lastBolusTime":1703748074989,"time":"2023-12-28T11:01:12.185Z"}},{"iob":0.034,"basaliob":-0.003,"bolussnooze":0,"activity":5.0E-4,"lastBolusTime":1703748074989,"time":"2023-12-28T11:06:12.185Z","iobWithZeroTemp":{"iob":-0.473,"basaliob":-0.51,"bolussnooze":0,"activity":-0.0041,"lastBolusTime":1703748074989,"time":"2023-12-28T11:06:12.185Z"}},{"iob":0.031,"basaliob":-0.003,"bolussnooze":0,"activity":5.0E-4,"lastBolusTime":1703748074989,"time":"2023-12-28T11:11:12.185Z","iobWithZeroTemp":{"iob":-0.478,"basaliob":-0.512,"bolussnooze":0,"activity":-0.0041,"lastBolusTime":1703748074989,"time":"2023-12-28T11:11:12.185Z"}},{"iob":0.028,"basaliob":-0.003,"bolussnooze":0,"activity":4.0E-4,"lastBolusTime":1703748074989,"time":"2023-12-28T11:16:12.185Z","iobWithZeroTemp":{"iob":-0.483,"basaliob":-0.514,"bolussnooze":0,"activity":-0.0043,"lastBolusTime":1703748074989,"time":"2023-12-28T11:16:12.185Z"}},{"iob":0.026,"basaliob":-0.002,"bolussnooze":0,"activity":4.0E-4,"lastBolusTime":1703748074989,"time":"2023-12-28T11:21:12.185Z","iobWithZeroTemp":{"iob":-0.486,"basaliob":-0.514,"bolussnooze":0,"activity":-0.0043,"lastBolusTime":1703748074989,"time":"2023-12-28T11:21:12.185Z"}}],"profile":{"max_iob":4,"type":"current","max_daily_basal":0.5,"max_basal":1.2,"min_bg":95.4,"max_bg":95.4,"target_bg":95.4,"carb_ratio":30,"sens":126,"max_daily_safety_multiplier":3,"current_basal_safety_multiplier":4,"lgsThreshold":65,"high_temptarget_raises_sensitivity":false,"low_temptarget_lowers_sensitivity":false,"sensitivity_raises_target":true,"resistance_lowers_target":true,"adv_target_adjustments":false,"exercise_mode":false,"half_basal_exercise_target":160,"maxCOB":120,"skip_neutral_temps":false,"remainingCarbsCap":90,"enableUAM":true,"A52_risk_enable":false,"SMBInterval":3,"enableSMB_with_COB":true,"enableSMB_with_temptarget":true,"allowSMB_with_high_temptarget":false,"enableSMB_always":false,"enableSMB_after_carbs":false,"maxSMBBasalMinutes":75,"maxUAMSMBBasalMinutes":75,"bolus_increment":0.05,"carbsReqThreshold":10,"current_basal":0.3,"temptargetSet":true,"autosens_max":1.2,"autosens_min":0.7,"out_units":"mmol\/L","variable_sens":128.9,"insulinDivisor":65,"TDD":11.629697619047617},"autosens_data":{"ratio":1},"meal_data":{"carbs":0,"mealCOB":0,"slopeFromMaxDeviation":0,"slopeFromMinDeviation":3.4314999999999998,"lastBolusTime":1703748074989,"lastCarbTime":0},"microBolusAllowed":true,"currentTime":1703748373617,"flatBGsDetected":false,"tdd1D":11.195833333333328,"tdd7D":12.08690476190476,"tddLast24H":12.516666666666671,"tddLast4H":2.220833333333333,"tddLast8to4H":1.2583333333333333},"output":{"temp":"absolute","bg":151,"tick":"+16","eventualBG":216,"targetBG":95.4,"insulinReq":0.7,"deliverAt":"2023-12-28T07:26:13.617Z","sensitivityRatio":1,"variable_sens":128.9,"predBGs":{"IOB":[151,160,168,175,181,185,189,192,194,194,194,193,192,190,188,186,184,183,181,179,178,176,175,174,172,171,170,169,168,167,166,165,164,163,163,162,161,161,160,160,159,159,158,158,157,157,157,156],"ZT":[151,150,149,148,147,145,143,142,140,138,137,135,134,133,132,131,130,130,129,129,129,129,130,130],"UAM":[151,166,179,191,202,211,220,227,232,237,240,243,244,244,243,242,240,239,237,236,235,233,232,231,230,229,228,227,226,225,224,223,223,222,221,221,220,220,219,219,218,218,218,217,217,217,216]},"reason":"COB: 0, Dev: 5.5, BGI: 0.0, ISF: 7.2, CR: 30, Target: 5.3, minPredBG 10.3, minGuardBG 9.2, IOBpredBG 8.7, UAMpredBG 12.0; Eventual BG 12.0 >= 5.3,  insulinReq 0.7. Microbolusing 0.35U. adj. req. rate: 1.7 to maxSafeBasal: 1.2, temp 1.20 >~ req 1.2U\/hr. ","COB":0,"IOB":0.48,"units":0.35,"timestamp":"2023-12-28T07:26:13.641Z"}}