{"algorithm":"OpenAPSSMBDynamicISFPlugin","input":{"glucoseStatus":{"glucose":177,"noise":0,"delta":-8.67,"short_avgdelta":-7.09,"long_avgdelta":-1.98,"date":1703676600000},"currenttemp":{"temp":"absolute","duration":0,"rate":0},"iob_data":[{"iob":0.807,"basaliob":0.807,"bolussnooze":0,"activity":0.0061,"lastBolusTime":0,"time":"2023-12-27T11:31:08.838Z","iobWithZeroTemp":{"iob":0.807,"basaliob":0.807,"bolussnooze":0,"activity":0.0061,"lastBolusTime":0,"time":"2023-12-27T11:31:08.838Z"}},{"iob":0.776,"basaliob":0.776,"bolussnooze":0,"activity":0.0064,"lastBolusTime":0,"time":"2023-12-27T11:36:08.838Z","iobWithZeroTemp":{"iob":0.756,"basaliob":0.756,"bolussnooze":0,"activity":0.0064,"lastBolusTime":0,"time":"2023-12-27T11:36:08.838Z"}},{"iob":0.744,"basaliob":0.744,"bolussnooze":0,"activity":0.0065,"lastBolusTime":0,"time":"2023-12-27T11:41:08.838Z","iobWithZeroTemp":{"iob":0.699,"basaliob":0.699,"bolussnooze":0,"activity":0.0064,"lastBolusTime":0,"time":"2023-12-27T11:41:08.838Z"}},{"iob":0.711,"basaliob":0.711,"bolussnooze":0,"activity":0.0065,"lastBolusTime":0,"time":"2023-12-27T11:46:08.838Z","iobWithZeroTemp":{"iob":0.642,"basaliob":0.642,"bolussnooze":0,"activity":0.0064,"lastBolusTime":0,"time":"2023-12-27T11:46:08.838Z"}},{"iob":0.678,"basaliob":0.678,"bolussnooze":0,"activity":0.0065,"lastBolusTime":0,"time":"2023-12-27T11:51:08.838Z","iobWithZeroTemp":{"iob":0.585,"basaliob":0.585,"bolussnooze":0,"activity":0.0063,"lastBolusTime":0,"time":"2023-12-27T11:51:08.838Z"}},{"iob":0.646,"basaliob":0.646,"bolussnooze":0,"activity":0.0065,"lastBolusTime":0,"time":"2023-12-27T11:56:08.838Z","iobWithZeroTemp":{"iob":0.529,"basaliob":0.529,"bolussnooze":0,"activity":0.0061,"lastBolusTime":0,"time":"2023-12-27T11:56:08.838Z"}},{"iob":0.613,"basaliob":0.613,"bolussnooze":0,"activity":0.0064,"lastBolusTime":0,"time":"2023-12-27T12:01:08.838Z","iobWithZeroTemp":{"iob":0.473,"basaliob":0.473,"bolussnooze":0,"activity":0.0059,"lastBolusTime":0,"time":"2023-12-27T12:01:08.838Z"}},{"iob":0.582,"basaliob":0.582,"bolussnooze":0,"activity":0.0063,"lastBolusTime":0,"time":"2023-12-27T12:06:08.838Z","iobWithZeroTemp":{"iob":0.42,"basaliob":0.42,"bolussnooze":0,"activity":0.0056,"lastBolusTime":0,"time":"2023-12-27T12:06:08.838Z"}},{"iob":0.551,"basaliob":0.551,"bolussnooze":0,"activity":0.0061,"lastBolusTime":0,"time":"2023-12-27T12:11:08.838Z","iobWithZeroTemp":{"iob":0.368,"basaliob":0.368,"bolussnooze":0,"activity":0.0053,"lastBolusTime":0,"time":"2023-12-27T12:11:08.838Z"}},{"iob":0.52,"basaliob":0.52,"bolussnooze":0,"activity":0.0059,"lastBolusTime":0,"time":"2023-12-27T12:16:08.838Z","iobWithZeroTemp":{"iob":0.316,"basaliob":0.316,"bolussnooze":0,"activity":0.0049,"lastBolusTime":0,"time":"2023-12-27T12:16:08.838Z"}},{"iob":0.491,"basaliob":0.491,"bolussnooze":0,"activity":0.0058,"lastBolusTime":0,"time":"2023-12-27T12:21:08.838Z","iobWithZeroTemp":{"iob":0.268,"basaliob":0.268,"bolussnooze":0,"activity":0.0046,"lastBolusTime":0,"time":"2023-12-27T12:21:08.838Z"}},{"iob":0.463,"basaliob":0.463,"bolussnooze":0,"activity":0.0056,"lastBolusTime":0,"time":"2023-12-27T12:26:08.838Z","iobWithZeroTemp":{"iob":0.221,"basaliob":0.221,"bolussnooze":0,"activity":0.0043,"lastBolusTime":0,"time":"2023-12-27T12:26:08.838Z"}},{"iob":0.436,"basaliob":0.436,"bolussnooze":0,"activity":0.0053,"lastBolusTime":0,"time":"2023-12-27T12:31:08.838Z","iobWithZeroTemp":{"iob":0.176,"basaliob":0.176,"bolussnooze":0,"activity":0.0038,"lastBolusTime":0,"time":"2023-12-27T12:31:08.838Z"}},{"iob":0.41,"basaliob":0.41,"bolussnooze":0,"activity":0.0051,"lastBolusTime":0,"time":"2023-12-27T12:36:08.838Z","iobWithZeroTemp":{"iob":0.133,"basaliob":0.133,"bolussnooze":0,"activity":0.0034,"lastBolusTime":0,"time":"2023-12-27T12:36:08.838Z"}},{"iob":0.384,"basaliob":0.384,"bolussnooze":0,"activity":0.0049,"lastBolusTime":0,"time":"2023-12-27T12:41:08.838Z","iobWithZeroTemp":{"iob":0.09,"basaliob":0.09,"bolussnooze":0,"activity":0.0031,"lastBolusTime":0,"time":"2023-12-27T12:41:08.838Z"}},{"iob":0.361,"basaliob":0.361,"bolussnooze":0,"activity":0.0047,"lastBolusTime":0,"time":"2023-12-27T12:46:08.838Z","iobWithZeroTemp":{"iob":0.052,"basaliob":0.052,"bolussnooze":0,"activity":0.0027,"lastBolusTime":0,"time":"2023-12-27T12:46:08.838Z"}},{"iob":0.338,"basaliob":0.338,"bolussnooze":0,"activity":0.0044,"lastBolusTime":0,"time":"2023-12-27T12:51:08.838Z","iobWithZeroTemp":{"iob":0.014,"basaliob":0.014,"bolussnooze":0,"activity":0.0022,"lastBolusTime":0,"time":"2023-12-27T12:51:08.838Z"}},{"iob":0.316,"basaliob":0.316,"bolussnooze":0,"activity":0.0042,"lastBolusTime":0,"time":"2023-12-27T12:56:08.838Z","iobWithZeroTemp":{"iob":-0.021,"basaliob":-0.021,"bolussnooze":0,"activity":0.0019,"lastBolusTime":0,"time":"2023-12-27T12:56:08.838Z"}},{"iob":0.296,"basaliob":0.296,"bolussnooze":0,"activity":0.004,"lastBolusTime":0,"time":"2023-12-27T13:01:08.838Z","iobWithZeroTemp":{"iob":-0.054,"basaliob":-0.054,"bolussnooze":0,"activity":0.0015,"lastBolusTime":0,"time":"2023-12-27T13:01:08.838Z"}},{"iob":0.276,"basaliob":0.276,"bolussnooze":0,"activity":0.0038,"lastBolusTime":0,"time":"2023-12-27T13:06:08.838Z","iobWithZeroTemp":{"iob":-0.087,"basaliob":-0.087,"bolussnooze":0,"activity":0.0012,"lastBolusTime":0,"time":"2023-12-27T13:06:08.838Z"}},{"iob":0.258,"basaliob":0.258,"bolussnooze":0,"activity":0.0036,"lastBolusTime":0,"time":"2023-12-27T13:11:08.838Z","iobWithZeroTemp":{"iob":-0.116,"basaliob":-0.116,"bolussnooze":0,"activity":8.0E-4,"lastBolusTime":0,"time":"2023-12-27T13:11:08.838Z"}},{"iob":0.24,"basaliob":0.24,"bolussnooze":0,"activity":0.0034,"lastBolusTime":0,"time":"2023-12-27T13:16:08.838Z","iobWithZeroTemp":{"iob":-0.145,"basaliob":-0.145,"bolussnooze":0,"activity":5.0E-4,"lastBolusTime":0,"time":"2023-12-27T13:16:08.838Z"}},{"iob":0.224,"basaliob":0.224,"bolussnooze":0,"activity":0.0032,"lastBolusTime":0,"time":"2023-12-27T13:21:08.838Z","iobWithZeroTemp":{"iob":-0.171,"basaliob":-0.171,"bolussnooze":0,"activity":2.0E-4,"lastBolusTime":0,"time":"2023-12-27T13:21:08.838Z"}},{"iob":0.208,"basaliob":0.208,"bolussnooze":0,"activity":0.003,"lastBolusTime":0,"time":"2023-12-27T13:26:08.838Z","iobWithZeroTemp":{"iob":-0.197,"basaliob":-0.197,"bolussnooze":0,"activity":-1.0E-4,"lastBolusTime":0,"time":"2023-12-27T13:26:08.838Z"}},{"iob":0.194,"basaliob":0.194,"bolussnooze":0,"activity":0.0028,"lastBolusTime":0,"time":"2023-12-27T13:31:08.838Z","iobWithZeroTemp":{"iob":-0.22,"basaliob":-0.22,"bolussnooze":0,"activity":-5.0E-4,"lastBolusTime":0,"time":"2023-12-27T13:31:08.838Z"}},{"iob":0.18,"basaliob":0.18,"bolussnooze":0,"activity":0.0027,"lastBolusTime":0,"time":"2023-12-27T13:36:08.838Z","iobWithZeroTemp":{"iob":-0.242,"basaliob":-0.242,"bolussnooze":0,"activity":-7.0E-4,"lastBolusTime":0,"time":"2023-12-27T13:36:08.838Z"}},{"iob":0.167,"basaliob":0.167,"bolussnooze":0,"activity":0.0025,"lastBolusTime":0,"time":"2023-12-27T13:41:08.838Z","iobWithZeroTemp":{"iob":-0.263,"basaliob":-0.263,"bolussnooze":0,"activity":-0.001,"lastBolusTime":0,"time":"2023-12-27T13:41:08.838Z"}},{"iob":0.155,"basaliob":0.155,"bolussnooze":0,"activity":0.0023,"lastBolusTime":0,"time":"2023-12-27T13:46:08.838Z","iobWithZeroTemp":{"iob":-0.283,"basaliob":-0.283,"bolussnooze":0,"activity":-0.0013,"lastBolusTime":0,"time":"2023-12-27T13:46:08.838Z"}},{"iob":0.144,"basaliob":0.144,"bolussnooze":0,"activity":0.0022,"lastBolusTime":0,"time":"2023-12-27T13:51:08.838Z","iobWithZeroTemp":{"iob":-0.301,"basaliob":-0.301,"bolussnooze":0,"activity":-0.0015,"lastBolusTime":0,"time":"2023-12-27T13:51:08.838Z"}},{"iob":0.133,"basaliob":0.133,"bolussnooze":0,"activity":0.002,"lastBolusTime":0,"time":"2023-12-27T13:56:08.838Z","iobWithZeroTemp":{"iob":-0.318,"basaliob":-0.318,"bolussnooze":0,"activity":-0.0018,"lastBolusTime":0,"time":"2023-12-27T13:56:08.838Z"}},{"iob":0.123,"basaliob":0.123,"bolussnooze":0,"activity":0.0019,"lastBolusTime":0,"time":"2023-12-27T14:01:08.838Z","iobWithZeroTemp":{"iob":-0.334,"basaliob":-0.334,"bolussnooze":0,"activity":-0.002,"lastBolusTime":0,"time":"2023-12-27T14:01:08.838Z"}},{"iob":0.114,"basaliob":0.114,"bolussnooze":0,"activity":0.0018,"lastBolusTime":0,"time":"2023-12-27T14:06:08.838Z","iobWithZeroTemp":{"iob":-0.349,"basaliob":-0.349,"bolussnooze":0,"activity":-0.0021,"lastBolusTime":0,"time":"2023-12-27T14:06:08.838Z"}},{"iob":0.105,"basaliob":0.105,"bolussnooze":0,"activity":0.0017,"lastBolusTime":0,"time":"2023-12-27T14:11:08.838Z","iobWithZeroTemp":{"iob":-0.363,"basaliob":-0.363,"bolussnooze":0,"activity":-0.0023,"lastBolusTime":0,"time":"2023-12-27T14:11:08.838Z"}},{"iob":0.097,"basaliob":0.097,"bolussnooze":0,"activity":0.0016,"lastBolusTime":0,"time":"2023-12-27T14:16:08.838Z","iobWithZeroTemp":{"iob":-0.375,"basaliob":-0.375,"bolussnooze":0,"activity":-0.0025,"lastBolusTime":0,"time":"2023-12-27T14:16:08.838Z"}},{"iob":0.09,"basaliob":0.09,"bolussnooze":0,"activity":0.0014,"lastBolusTime":0,"time":"2023-12-27T14:21:08.838Z","iobWithZeroTemp":{"iob":-0.387,"basaliob":-0.387,"bolussnooze":0,"activity":-0.0027,"lastBolusTime":0,"time":"2023-12-27T14:21:08.838Z"}},{"iob":0.083,"basaliob":0.083,"bolussnooze":0,"activity":0.0013,"lastBolusTime":0,"time":"2023-12-27T14:26:08.838Z","iobWithZeroTemp":{"iob":-0.398,"basaliob":-0.398,"bolussnooze":0,"activity":-0.0029,"lastBolusTime":0,"time":"2023-12-27T14:26:08.838Z"}},{"iob":0.076,"basaliob":0.076,"bolussnooze":0,"activity":0.0013,"lastBolusTime":0,"time":"2023-12-27T14:31:08.838Z","iobWithZeroTemp":{"iob":-0.409,"basaliob":-0.409,"bolussnooze":0,"activity":-0.003,"lastBolusTime":0,"time":"2023-12-27T14:31:08.838Z"}},{"iob":0.07,"basaliob":0.07,"bolussnooze":0,"activity":0.0012,"lastBolusTime":0,"time":"2023-12-27T14:36:08.838Z","iobWithZeroTemp":{"iob":-0.418,"basaliob":-0.418,"bolussnooze":0,"activity":-0.0031,"lastBolusTime":0,"time":"2023-12-27T14:36:08.838Z"}},{"iob":0.065,"basaliob":0.065,"bolussnooze":0,"activity":0.0011,"lastBolusTime":0,"time":"2023-12-27T14:41:08.838Z","iobWithZeroTemp":{"iob":-0.427,"basaliob":-0.427,"bolussnooze":0,"activity":-0.0033,"lastBolusTime":0,"time":"2023-12-27T14:41:08.838Z"}},{"iob":0.059,"basaliob":0.059,"bolussnooze":0,"activity":0.001,"lastBolusTime":0,"time":"2023-12-27T14:46:08.838Z","iobWithZeroTemp":{"iob":-0.436,"basaliob":-0.436,"bolussnooze":0,"activity":-0.0034,"lastBolusTime":0,"time":"2023-12-27T14:46:08.838Z"}},{"iob":0.055,"basaliob":0.055,"bolussnooze":0,"activity":9.0E-4,"lastBolusTime":0,"time":"2023-12-27T14:51:08.838Z","iobWithZeroTemp":{"iob":-0.443,"basaliob":-0.443,"bolussnooze":0,"activity":-0.0036,"lastBolusTime":0,"time":"2023-12-27T14:51:08.838Z"}},{"iob":0.05,"basaliob":0.05,"bolussnooze":0,"activity":9.0E-4,"lastBolusTime":0,"time":"2023-12-27T14:56:08.838Z","iobWithZeroTemp":{"iob":-0.45,"basaliob":-0.45,"bolussnooze":0,"activity":-0.0036,"lastBolusTime":0,"time":"2023-12-27T14:56:08.838Z"}},{"iob":0.046,"basaliob":0.046,"bolussnooze":0,"activity":8.0E-4,"lastBolusTime":0,"time":"2023-12-27T15:01:08.838Z","iobWithZeroTemp":{"iob":-0.457,"basaliob":-0.457,"bolussnooze":0,"activity":-0.0037,"lastBolusTime":0,"time":"2023-12-27T15:01:08.838Z"}},{"iob":0.042,"basaliob":0.042,"bolussnooze":0,"activity":7.0E-4,"lastBolusTime":0,"time":"2023-12-27T15:06:08.838Z","iobWithZeroTemp":{"iob":-0.463,"basaliob":-0.463,"bolussnooze":0,"activity":-0.0039,"lastBolusTime":0,"time":"2023-12-27T15:06:08.838Z"}},{"iob":0.039,"basaliob":0.039,"bolussnooze":0,"activity":7.0E-4,"lastBolusTime":0,"time":"2023-12-27T15:11:08.838Z","iobWithZeroTemp":{"iob":-0.468,"basaliob":-0.468,"bolussnooze":0,"activity":-0.0039,"lastBolusTime":0,"time":"2023-12-27T15:11:08.838Z"}},{"iob":0.035,"basaliob":0.035,"bolussnooze":0,"activity":6.0E-4,"lastBolusTime":0,"time":"2023-12-27T15:16:08.838Z","iobWithZeroTemp":{"iob":-0.474,"basaliob":-0.474,"bolussnooze":0,"activity":-0.004,"lastBolusTime":0,"time":"2023-12-27T15:16:08.838Z"}},{"iob":0.032,"basaliob":0.032,"bolussnooze":0,"activity":6.0E-4,"lastBolusTime":0,"time":"2023-12-27T15:21:08.838Z","iobWithZeroTemp":{"iob":-0.479,"basaliob":-0.479,"bolussnooze":0,"activity":-0.0041,"lastBolusTime":0,"time":"2023-12-27T15:21:08.838Z"}},{"iob":0.03,"basaliob":0.03,"bolussnooze":0,"activity":5.0E-4,"lastBolusTime":0,"time":"2023-12-27T15:26:08.838Z","iobWithZeroTemp":{"iob":-0.482,"basaliob":-0.482,"bolussnooze":0,"activity":-0.0042,"lastBolusTime":0,"time":"2023-12-27T15:26:08.838Z"}}],"profile":{"max_iob":4,"type":"current","max_daily_basal":0.5,"max_basal":1.2,"min_bg":100.8,"max_bg":100.8,"target_bg":100.8,"carb_ratio":30,"sens":126,"max_daily_safety_multiplier":3,"current_basal_safety_multiplier":4,"lgsThreshold":65,"high_temptarget_raises_sensitivity":false,"low_temptarget_lowers_sensitivity":false,"sensitivity_raises_target":true,"resistance_lowers_target":true,"adv_target_adjustments":false,"exercise_mode":false,"half_basal_exercise_target":160,"maxCOB":120,"skip_neutral_temps":false,"remainingCarbsCap":90,"enableUAM":true,"A52_risk_enable":false,"SMBInterval":3,"enableSMB_with_COB":true,"enableSMB_with_temptarget":true,"allowSMB_with_high_temptarget":false,"enableSMB_always":false,"enableSMB_after_carbs":false,"maxSMBBasalMinutes":75,"maxUAMSMBBasalMinutes":75,"bolus_increment":0.05,"carbsReqThreshold":10,"current_basal":0.3,"temptargetSet":false,"autosens_max":1.2,"autosens_min":0.7,"out_units":"mmol\/L","variable_sens":105.6,"insulinDivisor":65,"TDD":12.965954761904761},"autosens_data":{"ratio":1},"meal_data":{"carbs":0,"mealCOB":0,"slopeFromMaxDeviation":-1.5093999999999999,"slopeFromMinDeviation":0,"lastBolusTime":1703594420788,"lastCarbTime":0},"microBolusAllowed":true,"currentTime":1703676669225,"flatBGsDetected":false,"tdd1D":15.216666666666669,"tdd7D":11.563690476190475,"tddLast24H":9.71249999999999,"tddLast4H":2.4416666666666673,"tddLast8to4H":1.0583333333333331},"output":{"temp":"absolute","bg":177,"tick":-9,"eventualBG":99,"targetBG":100.8,"insulinReq":0,"deliverAt":"2023-12-27T11:31:09.225Z","sensitivityRatio":1,"variable_sens":105.6,"predBGs":{"IOB":[177,169,161,153,146,139,132,126,120,115,110,105,101,97,93,90,86,82,79,75,72,68,65,62,59,56,53,50,47,44,42,39],"ZT":[177,174,170,167,163,160,157,153,150,147,144,141,139,136,134,132,131,129,128,127,126,126,126,125,125,126,126]},"reason":"COB: 0, Dev: 0.4, BGI: -0.2, ISF: 5.9, CR: 30, Target: 5.6, minPredBG 4.6, minGuardBG 0.7, IOBpredBG 2.2; minGuardBG 0.7<3.9","COB":0,"IOB":0.807,"duration":120,"rate":0,"timestamp":"2023-12-27T11:31:09.243Z"}}