{"algorithm":"OpenAPSSMBDynamicISFPlugin","input":{"glucoseStatus":{"glucose":73,"noise":0,"delta":-3.33,"short_avgdelta":-3.69,"long_avgdelta":-5.07,"date":1703703900000},"currenttemp":{"temp":"absolute","duration":80,"rate":0,"minutesrunning":40},"iob_data":[{"iob":0.117,"basaliob":0.116,"bolussnooze":0,"activity":0.0026,"lastBolusTime":1703681471121,"time":"2023-12-27T19:06:11.394Z","iobWithZeroTemp":{"iob":0.117,"basaliob":0.116,"bolussnooze":0,"activity":0.0026,"lastBolusTime":1703681471121,"time":"2023-12-27T19:06:11.394Z"}},{"iob":0.105,"basaliob":0.104,"bolussnooze":0,"activity":0.0023,"lastBolusTime":1703681471121,"time":"2023-12-27T19:11:11.394Z","iobWithZeroTemp":{"iob":0.078,"basaliob":0.077,"bolussnooze":0,"activity":0.0023,"lastBolusTime":1703681471121,"time":"2023-12-27T19:11:11.394Z"}},{"iob":0.094,"basaliob":0.093,"bolussnooze":0,"activity":0.0021,"lastBolusTime":1703681471121,"time":"2023-12-27T19:16:11.394Z","iobWithZeroTemp":{"iob":0.034,"basaliob":0.033,"bolussnooze":0,"activity":0.002,"lastBolusTime":1703681471121,"time":"2023-12-27T19:16:11.394Z"}},{"iob":0.084,"basaliob":0.083,"bolussnooze":0,"activity":0.0019,"lastBolusTime":1703681471121,"time":"2023-12-27T19:21:11.394Z","iobWithZeroTemp":{"iob":-0.008,"basaliob":-0.009,"bolussnooze":0,"activity":0.0017,"lastBolusTime":1703681471121,"time":"2023-12-27T19:21:11.394Z"}},{"iob":0.074,"basaliob":0.074,"bolussnooze":0,"activity":0.0017,"lastBolusTime":1703681471121,"time":"2023-12-27T19:26:11.394Z","iobWithZeroTemp":{"iob":-0.051,"basaliob":-0.051,"bolussnooze":0,"activity":0.0014,"lastBolusTime":1703681471121,"time":"2023-12-27T19:26:11.394Z"}},{"iob":0.066,"basaliob":0.066,"bolussnooze":0,"activity":0.0015,"lastBolusTime":1703681471121,"time":"2023-12-27T19:31:11.394Z","iobWithZeroTemp":{"iob":-0.09,"basaliob":-0.09,"bolussnooze":0,"activity":0.001,"lastBolusTime":1703681471121,"time":"2023-12-27T19:31:11.394Z"}},{"iob":0.058,"basaliob":0.058,"bolussnooze":0,"activity":0.0014,"lastBolusTime":1703681471121,"time":"2023-12-27T19:36:11.394Z","iobWithZeroTemp":{"iob":-0.128,"basaliob":-0.128,"bolussnooze":0,"activity":7.0E-4,"lastBolusTime":1703681471121,"time":"2023-12-27T19:36:11.394Z"}},{"iob":0.052,"basaliob":0.052,"bolussnooze":0,"activity":0.0012,"lastBolusTime":1703681471121,"time":"2023-12-27T19:41:11.394Z","iobWithZeroTemp":{"iob":-0.164,"basaliob":-0.164,"bolussnooze":0,"activity":3.0E-4,"lastBolusTime":1703681471121,"time":"2023-12-27T19:41:11.394Z"}},{"iob":0.046,"basaliob":0.046,"bolussnooze":0,"activity":0.0011,"lastBolusTime":1703681471121,"time":"2023-12-27T19:46:11.394Z","iobWithZeroTemp":{"iob":-0.198,"basaliob":-0.198,"bolussnooze":0,"activity":0,"lastBolusTime":1703681471121,"time":"2023-12-27T19:46:11.394Z"}},{"iob":0.041,"basaliob":0.041,"bolussnooze":0,"activity":0.001,"lastBolusTime":1703681471121,"time":"2023-12-27T19:51:11.394Z","iobWithZeroTemp":{"iob":-0.231,"basaliob":-0.231,"bolussnooze":0,"activity":-3.0E-4,"lastBolusTime":1703681471121,"time":"2023-12-27T19:51:11.394Z"}},{"iob":0.036,"basaliob":0.036,"bolussnooze":0,"activity":9.0E-4,"lastBolusTime":1703681471121,"time":"2023-12-27T19:56:11.394Z","iobWithZeroTemp":{"iob":-0.262,"basaliob":-0.262,"bolussnooze":0,"activity":-6.0E-4,"lastBolusTime":1703681471121,"time":"2023-12-27T19:56:11.394Z"}},{"iob":0.032,"basaliob":0.032,"bolussnooze":0,"activity":8.0E-4,"lastBolusTime":1703681471121,"time":"2023-12-27T20:01:11.394Z","iobWithZeroTemp":{"iob":-0.291,"basaliob":-0.291,"bolussnooze":0,"activity":-0.001,"lastBolusTime":1703681471121,"time":"2023-12-27T20:01:11.394Z"}},{"iob":0.028,"basaliob":0.028,"bolussnooze":0,"activity":7.0E-4,"lastBolusTime":1703681471121,"time":"2023-12-27T20:06:11.394Z","iobWithZeroTemp":{"iob":-0.327,"basaliob":-0.327,"bolussnooze":0,"activity":-0.0013,"lastBolusTime":1703681471121,"time":"2023-12-27T20:06:11.394Z"}},{"iob":0.024,"basaliob":0.024,"bolussnooze":0,"activity":6.0E-4,"lastBolusTime":1703681471121,"time":"2023-12-27T20:11:11.394Z","iobWithZeroTemp":{"iob":-0.362,"basaliob":-0.362,"bolussnooze":0,"activity":-0.0016,"lastBolusTime":1703681471121,"time":"2023-12-27T20:11:11.394Z"}},{"iob":0.021,"basaliob":0.021,"bolussnooze":0,"activity":6.0E-4,"lastBolusTime":1703681471121,"time":"2023-12-27T20:16:11.394Z","iobWithZeroTemp":{"iob":-0.395,"basaliob":-0.395,"bolussnooze":0,"activity":-0.0019,"lastBolusTime":1703681471121,"time":"2023-12-27T20:16:11.394Z"}},{"iob":0.019,"basaliob":0.019,"bolussnooze":0,"activity":5.0E-4,"lastBolusTime":1703681471121,"time":"2023-12-27T20:21:11.394Z","iobWithZeroTemp":{"iob":-0.425,"basaliob":-0.425,"bolussnooze":0,"activity":-0.0022,"lastBolusTime":1703681471121,"time":"2023-12-27T20:21:11.394Z"}},{"iob":0.016,"basaliob":0.016,"bolussnooze":0,"activity":5.0E-4,"lastBolusTime":1703681471121,"time":"2023-12-27T20:26:11.394Z","iobWithZeroTemp":{"iob":-0.455,"basaliob":-0.455,"bolussnooze":0,"activity":-0.0025,"lastBolusTime":1703681471121,"time":"2023-12-27T20:26:11.394Z"}},{"iob":0.014,"basaliob":0.014,"bolussnooze":0,"activity":4.0E-4,"lastBolusTime":1703681471121,"time":"2023-12-27T20:31:11.394Z","iobWithZeroTemp":{"iob":-0.483,"basaliob":-0.483,"bolussnooze":0,"activity":-0.0029,"lastBolusTime":1703681471121,"time":"2023-12-27T20:31:11.394Z"}},{"iob":0.012,"basaliob":0.012,"bolussnooze":0,"activity":4.0E-4,"lastBolusTime":1703681471121,"time":"2023-12-27T20:36:11.394Z","iobWithZeroTemp":{"iob":-0.51,"basaliob":-0.51,"bolussnooze":0,"activity":-0.0031,"lastBolusTime":1703681471121,"time":"2023-12-27T20:36:11.394Z"}},{"iob":0.01,"basaliob":0.01,"bolussnooze":0,"activity":3.0E-4,"lastBolusTime":1703681471121,"time":"2023-12-27T20:41:11.394Z","iobWithZeroTemp":{"iob":-0.536,"basaliob":-0.536,"bolussnooze":0,"activity":-0.0035,"lastBolusTime":1703681471121,"time":"2023-12-27T20:41:11.394Z"}},{"iob":0.009,"basaliob":0.009,"bolussnooze":0,"activity":3.0E-4,"lastBolusTime":1703681471121,"time":"2023-12-27T20:46:11.394Z","iobWithZeroTemp":{"iob":-0.559,"basaliob":-0.559,"bolussnooze":0,"activity":-0.0037,"lastBolusTime":1703681471121,"time":"2023-12-27T20:46:11.394Z"}},{"iob":0.008,"basaliob":0.008,"bolussnooze":0,"activity":3.0E-4,"lastBolusTime":1703681471121,"time":"2023-12-27T20:51:11.394Z","iobWithZeroTemp":{"iob":-0.581,"basaliob":-0.581,"bolussnooze":0,"activity":-0.0039,"lastBolusTime":1703681471121,"time":"2023-12-27T20:51:11.394Z"}},{"iob":0.006,"basaliob":0.006,"bolussnooze":0,"activity":2.0E-4,"lastBolusTime":1703681471121,"time":"2023-12-27T20:56:11.394Z","iobWithZeroTemp":{"iob":-0.603,"basaliob":-0.603,"bolussnooze":0,"activity":-0.0043,"lastBolusTime":1703681471121,"time":"2023-12-27T20:56:11.394Z"}},{"iob":0.005,"basaliob":0.005,"bolussnooze":0,"activity":2.0E-4,"lastBolusTime":1703681471121,"time":"2023-12-27T21:01:11.394Z","iobWithZeroTemp":{"iob":-0.622,"basaliob":-0.622,"bolussnooze":0,"activity":-0.0045,"lastBolusTime":1703681471121,"time":"2023-12-27T21:01:11.394Z"}},{"iob":0.004,"basaliob":0.004,"bolussnooze":0,"activity":2.0E-4,"lastBolusTime":1703681471121,"time":"2023-12-27T21:06:11.394Z","iobWithZeroTemp":{"iob":-0.641,"basaliob":-0.641,"bolussnooze":0,"activity":-0.0047,"lastBolusTime":1703681471121,"time":"2023-12-27T21:06:11.394Z"}},{"iob":0.004,"basaliob":0.004,"bolussnooze":0,"activity":2.0E-4,"lastBolusTime":1703681471121,"time":"2023-12-27T21:11:11.394Z","iobWithZeroTemp":{"iob":-0.658,"basaliob":-0.658,"bolussnooze":0,"activity":-0.0049,"lastBolusTime":1703681471121,"time":"2023-12-27T21:11:11.394Z"}},{"iob":0.003,"basaliob":0.003,"bolussnooze":0,"activity":1.0E-4,"lastBolusTime":1703681471121,"time":"2023-12-27T21:16:11.394Z","iobWithZeroTemp":{"iob":-0.674,"basaliob":-0.674,"bolussnooze":0,"activity":-0.0052,"lastBolusTime":1703681471121,"time":"2023-12-27T21:16:11.394Z"}},{"iob":0.002,"basaliob":0.002,"bolussnooze":0,"activity":1.0E-4,"lastBolusTime":1703681471121,"time":"2023-12-27T21:21:11.394Z","iobWithZeroTemp":{"iob":-0.69,"basaliob":-0.69,"bolussnooze":0,"activity":-0.0054,"lastBolusTime":1703681471121,"time":"2023-12-27T21:21:11.394Z"}},{"iob":0.002,"basaliob":0.002,"bolussnooze":0,"activity":1.0E-4,"lastBolusTime":1703681471121,"time":"2023-12-27T21:26:11.394Z","iobWithZeroTemp":{"iob":-0.704,"basaliob":-0.704,"bolussnooze":0,"activity":-0.0056,"lastBolusTime":1703681471121,"time":"2023-12-27T21:26:11.394Z"}},{"iob":0.001,"basaliob":0.001,"bolussnooze":0,"activity":1.0E-4,"lastBolusTime":1703681471121,"time":"2023-12-27T21:31:11.394Z","iobWithZeroTemp":{"iob":-0.717,"basaliob":-0.717,"bolussnooze":0,"activity":-0.0057,"lastBolusTime":1703681471121,"time":"2023-12-27T21:31:11.394Z"}},{"iob":0.001,"basaliob":0.001,"bolussnooze":0,"activity":1.0E-4,"lastBolusTime":1703681471121,"time":"2023-12-27T21:36:11.394Z","iobWithZeroTemp":{"iob":-0.73,"basaliob":-0.73,"bolussnooze":0,"activity":-0.0059,"lastBolusTime":1703681471121,"time":"2023-12-27T21:36:11.394Z"}},{"iob":0,"basaliob":0,"bolussnooze":0,"activity":1.0E-4,"lastBolusTime":1703681471121,"time":"2023-12-27T21:41:11.394Z","iobWithZeroTemp":{"iob":-0.742,"basaliob":-0.742,"bolussnooze":0,"activity":-0.0061,"lastBolusTime":1703681471121,"time":"2023-12-27T21:41:11.394Z"}},{"iob":0,"basaliob":0,"bolussnooze":0,"activity":1.0E-4,"lastBolusTime":1703681471121,"time":"2023-12-27T21:46:11.394Z","iobWithZeroTemp":{"iob":-0.752,"basaliob":-0.752,"bolussnooze":0,"activity":-0.0062,"lastBolusTime":1703681471121,"time":"2023-12-27T21:46:11.394Z"}},{"iob":0,"basaliob":0,"bolussnooze":0,"activity":0,"lastBolusTime":0,"time":"2023-12-27T21:51:11.394Z","iobWithZeroTemp":{"iob":-0.762,"basaliob":-0.762,"bolussnooze":0,"activity":-0.0064,"lastBolusTime":0,"time":"2023-12-27T21:51:11.394Z"}},{"iob":0,"basaliob":0,"bolussnooze":0,"activity":0,"lastBolusTime":0,"time":"2023-12-27T21:56:11.394Z","iobWithZeroTemp":{"iob":-0.771,"basaliob":-0.771,"bolussnooze":0,"activity":-0.0066,"lastBolusTime":0,"time":"2023-12-27T21:56:11.394Z"}},{"iob":-0.001,"basaliob":-0.001,"bolussnooze":0,"activity":0,"lastBolusTime":0,"time":"2023-12-27T22:01:11.394Z","iobWithZeroTemp":{"iob":-0.781,"basaliob":-0.781,"bolussnooze":0,"activity":-0.0067,"lastBolusTime":0,"time":"2023-12-27T22:01:11.394Z"}},{"iob":-0.001,"basaliob":-0.001,"bolussnooze":0,"activity":0,"lastBolusTime":0,"time":"2023-12-27T22:06:11.394Z","iobWithZeroTemp":{"iob":-0.789,"basaliob":-0.789,"bolussnooze":0,"activity":-0.0068,"lastBolusTime":0,"time":"2023-12-27T22:06:11.394Z"}},{"iob":-0.001,"basaliob":-0.001,"bolussnooze":0,"activity":0,"lastBolusTime":0,"time":"2023-12-27T22:11:11.394Z","iobWithZeroTemp":{"iob":-0.796,"basaliob":-0.796,"bolussnooze":0,"activity":-0.0069,"lastBolusTime":0,"time":"2023-12-27T22:11:11.394Z"}},{"iob":-0.001,"basaliob":-0.001,"bolussnooze":0,"activity":0,"lastBolusTime":0,"time":"2023-12-27T22:16:11.394Z","iobWithZeroTemp":{"iob":-0.803,"basaliob":-0.803,"bolussnooze":0,"activity":-0.007,"lastBolusTime":0,"time":"2023-12-27T22:16:11.394Z"}},{"iob":-0.001,"basaliob":-0.001,"bolussnooze":0,"activity":0,"lastBolusTime":0,"time":"2023-12-27T22:21:11.394Z","iobWithZeroTemp":{"iob":-0.809,"basaliob":-0.809,"bolussnooze":0,"activity":-0.0071,"lastBolusTime":0,"time":"2023-12-27T22:21:11.394Z"}},{"iob":-0.001,"basaliob":-0.001,"bolussnooze":0,"activity":0,"lastBolusTime":0,"time":"2023-12-27T22:26:11.394Z","iobWithZeroTemp":{"iob":-0.815,"basaliob":-0.815,"bolussnooze":0,"activity":-0.0072,"lastBolusTime":0,"time":"2023-12-27T22:26:11.394Z"}},{"iob":-0.001,"basaliob":-0.001,"bolussnooze":0,"activity":0,"lastBolusTime":0,"time":"2023-12-27T22:31:11.394Z","iobWithZeroTemp":{"iob":-0.82,"basaliob":-0.82,"bolussnooze":0,"activity":-0.0073,"lastBolusTime":0,"time":"2023-12-27T22:31:11.394Z"}},{"iob":-0.001,"basaliob":-0.001,"bolussnooze":0,"activity":0,"lastBolusTime":0,"time":"2023-12-27T22:36:11.394Z","iobWithZeroTemp":{"iob":-0.826,"basaliob":-0.826,"bolussnooze":0,"activity":-0.0074,"lastBolusTime":0,"time":"2023-12-27T22:36:11.394Z"}},{"iob":-0.001,"basaliob":-0.001,"bolussnooze":0,"activity":0,"lastBolusTime":0,"time":"2023-12-27T22:41:11.394Z","iobWithZeroTemp":{"iob":-0.83,"basaliob":-0.83,"bolussnooze":0,"activity":-0.0074,"lastBolusTime":0,"time":"2023-12-27T22:41:11.394Z"}},{"iob":-0.001,"basaliob":-0.001,"bolussnooze":0,"activity":0,"lastBolusTime":0,"time":"2023-12-27T22:46:11.394Z","iobWithZeroTemp":{"iob":-0.834,"basaliob":-0.834,"bolussnooze":0,"activity":-0.0075,"lastBolusTime":0,"time":"2023-12-27T22:46:11.394Z"}},{"iob":-0.001,"basaliob":-0.001,"bolussnooze":0,"activity":0,"lastBolusTime":0,"time":"2023-12-27T22:51:11.394Z","iobWithZeroTemp":{"iob":-0.838,"basaliob":-0.838,"bolussnooze":0,"activity":-0.0076,"lastBolusTime":0,"time":"2023-12-27T22:51:11.394Z"}},{"iob":-0.001,"basaliob":-0.001,"bolussnooze":0,"activity":0,"lastBolusTime":0,"time":"2023-12-27T22:56:11.394Z","iobWithZeroTemp":{"iob":-0.842,"basaliob":-0.842,"bolussnooze":0,"activity":-0.0076,"lastBolusTime":0,"time":"2023-12-27T22:56:11.394Z"}},{"iob":-0.001,"basaliob":-0.001,"bolussnooze":0,"activity":0,"lastBolusTime":0,"time":"2023-12-27T23:01:11.394Z","iobWithZeroTemp":{"iob":-0.846,"basaliob":-0.846,"bolussnooze":0,"activity":-0.0077,"lastBolusTime":0,"time":"2023-12-27T23:01:11.394Z"}}],"profile":{"max_iob":4,"type":"current","max_daily_basal":0.5,"max_basal":1.5,"min_bg":90,"max_bg":90,"target_bg":90,"carb_ratio":20,"sens":117,"max_daily_safety_multiplier":3,"current_basal_safety_multiplier":4,"lgsThreshold":65,"high_temptarget_raises_sensitivity":false,"low_temptarget_lowers_sensitivity":false,"sensitivity_raises_target":true,"resistance_lowers_target":true,"adv_target_adjustments":false,"exercise_mode":false,"half_basal_exercise_target":160,"maxCOB":120,"skip_neutral_temps":false,"remainingCarbsCap":90,"enableUAM":true,"A52_risk_enable":false,"SMBInterval":3,"enableSMB_with_COB":true,"enableSMB_with_temptarget":true,"allowSMB_with_high_temptarget":false,"enableSMB_always":false,"enableSMB_after_carbs":false,"maxSMBBasalMinutes":75,"maxUAMSMBBasalMinutes":75,"bolus_increment":0.05,"carbsReqThreshold":10,"current_basal":0.4,"temptargetSet":false,"autosens_max":1.2,"autosens_min":0.7,"out_units":"mmol\/L","variable_sens":187.5,"insulinDivisor":65,"TDD":12.753929761904764},"autosens_data":{"ratio":1},"meal_data":{"carbs":0,"mealCOB":0,"slopeFromMaxDeviation":-1.3009090909090908,"slopeFromMinDeviation":1.9581428571428572,"lastBolusTime":1703681471121,"lastCarbTime":0},"microBolusAllowed":true,"currentTime":1703703973047,"flatBGsDetected":false,"tdd1D":15.216666666666669,"tdd7D":11.563690476190475,"tddLast24H":9.920833333333333,"tddLast4H":2.245833333333334,"tddLast8to4H":1.1583333333333332},"output":{"temp":"absolute","bg":73,"tick":-3,"eventualBG":35,"targetBG":90,"insulinReq":0,"deliverAt":"2023-12-27T19:06:13.047Z","sensitivityRatio":1,"variable_sens":187.5,"predBGs":{"IOB":[73,69,66,63,60,58,56,54,52,50,49,47,46,46,45,44,43,43,42,41,41,41,40,40,40,39],"ZT":[73,71,68,66,65,63,62,61,61,61,61,62,63,65,66,68,70,73,75,78,81,85,88]},"reason":"COB: 0, Dev: -0.9, BGI: -0.1, ISF: 10.4, CR: 20, Target: 5.0, minPredBG 2.8, minGuardBG 2.1, IOBpredBG 2.2; minGuardBG 2.1<3.6 80m left and 0 ~ req 0U\/hr: no temp required","COB":0,"IOB":0.117,"timestamp":"2023-12-27T19:06:13.069Z"}}