{"algorithm":"OpenAPSSMBDynamicISFPlugin","input":{"glucoseStatus":{"glucose":122,"noise":0,"delta":-1,"short_avgdelta":-0.33,"long_avgdelta":0.95,"date":1703723120201},"currenttemp":{"temp":"absolute","duration":25,"rate":0.15,"minutesrunning":5},"iob_data":[{"iob":0.403,"basaliob":-0.121,"bolussnooze":0,"activity":0.0029,"lastBolusTime":1703722874900,"time":"2023-12-28T00:26:12.590Z","iobWithZeroTemp":{"iob":0.403,"basaliob":-0.121,"bolussnooze":0,"activity":0.0029,"lastBolusTime":1703722874900,"time":"2023-12-28T00:26:12.590Z"}},{"iob":0.389,"basaliob":-0.115,"bolussnooze":0,"activity":0.0031,"lastBolusTime":1703722874900,"time":"2023-12-28T00:31:12.590Z","iobWithZeroTemp":{"iob":0.372,"basaliob":-0.132,"bolussnooze":0,"activity":0.0031,"lastBolusTime":1703722874900,"time":"2023-12-28T00:31:12.590Z"}},{"iob":0.373,"basaliob":-0.11,"bolussnooze":0,"activity":0.0031,"lastBolusTime":1703722874900,"time":"2023-12-28T00:36:12.590Z","iobWithZeroTemp":{"iob":0.336,"basaliob":-0.147,"bolussnooze":0,"activity":0.003,"lastBolusTime":1703722874900,"time":"2023-12-28T00:36:12.590Z"}},{"iob":0.358,"basaliob":-0.104,"bolussnooze":0,"activity":0.0032,"lastBolusTime":1703722874900,"time":"2023-12-28T00:41:12.590Z","iobWithZeroTemp":{"iob":0.3,"basaliob":-0.162,"bolussnooze":0,"activity":0.0031,"lastBolusTime":1703722874900,"time":"2023-12-28T00:41:12.590Z"}},{"iob":0.341,"basaliob":-0.099,"bolussnooze":0,"activity":0.0032,"lastBolusTime":1703722874900,"time":"2023-12-28T00:46:12.590Z","iobWithZeroTemp":{"iob":0.263,"basaliob":-0.177,"bolussnooze":0,"activity":0.003,"lastBolusTime":1703722874900,"time":"2023-12-28T00:46:12.590Z"}},{"iob":0.325,"basaliob":-0.094,"bolussnooze":0,"activity":0.0032,"lastBolusTime":1703722874900,"time":"2023-12-28T00:51:12.590Z","iobWithZeroTemp":{"iob":0.228,"basaliob":-0.191,"bolussnooze":0,"activity":0.0029,"lastBolusTime":1703722874900,"time":"2023-12-28T00:51:12.590Z"}},{"iob":0.309,"basaliob":-0.089,"bolussnooze":0,"activity":0.0032,"lastBolusTime":1703722874900,"time":"2023-12-28T00:56:12.590Z","iobWithZeroTemp":{"iob":0.193,"basaliob":-0.205,"bolussnooze":0,"activity":0.0028,"lastBolusTime":1703722874900,"time":"2023-12-28T00:56:12.590Z"}},{"iob":0.293,"basaliob":-0.084,"bolussnooze":0,"activity":0.0031,"lastBolusTime":1703722874900,"time":"2023-12-28T01:01:12.590Z","iobWithZeroTemp":{"iob":0.158,"basaliob":-0.219,"bolussnooze":0,"activity":0.0026,"lastBolusTime":1703722874900,"time":"2023-12-28T01:01:12.590Z"}},{"iob":0.278,"basaliob":-0.079,"bolussnooze":0,"activity":0.0031,"lastBolusTime":1703722874900,"time":"2023-12-28T01:06:12.590Z","iobWithZeroTemp":{"iob":0.125,"basaliob":-0.232,"bolussnooze":0,"activity":0.0024,"lastBolusTime":1703722874900,"time":"2023-12-28T01:06:12.590Z"}},{"iob":0.263,"basaliob":-0.074,"bolussnooze":0,"activity":0.003,"lastBolusTime":1703722874900,"time":"2023-12-28T01:11:12.590Z","iobWithZeroTemp":{"iob":0.093,"basaliob":-0.244,"bolussnooze":0,"activity":0.0022,"lastBolusTime":1703722874900,"time":"2023-12-28T01:11:12.590Z"}},{"iob":0.248,"basaliob":-0.07,"bolussnooze":0,"activity":0.0029,"lastBolusTime":1703722874900,"time":"2023-12-28T01:16:12.590Z","iobWithZeroTemp":{"iob":0.062,"basaliob":-0.256,"bolussnooze":0,"activity":0.0019,"lastBolusTime":1703722874900,"time":"2023-12-28T01:16:12.590Z"}},{"iob":0.235,"basaliob":-0.065,"bolussnooze":0,"activity":0.0028,"lastBolusTime":1703722874900,"time":"2023-12-28T01:21:12.590Z","iobWithZeroTemp":{"iob":0.033,"basaliob":-0.267,"bolussnooze":0,"activity":0.0017,"lastBolusTime":1703722874900,"time":"2023-12-28T01:21:12.590Z"}},{"iob":0.221,"basaliob":-0.061,"bolussnooze":0,"activity":0.0027,"lastBolusTime":1703722874900,"time":"2023-12-28T01:26:12.590Z","iobWithZeroTemp":{"iob":0.004,"basaliob":-0.278,"bolussnooze":0,"activity":0.0015,"lastBolusTime":1703722874900,"time":"2023-12-28T01:26:12.590Z"}},{"iob":0.207,"basaliob":-0.058,"bolussnooze":0,"activity":0.0025,"lastBolusTime":1703722874900,"time":"2023-12-28T01:31:12.590Z","iobWithZeroTemp":{"iob":-0.024,"basaliob":-0.289,"bolussnooze":0,"activity":0.0011,"lastBolusTime":1703722874900,"time":"2023-12-28T01:31:12.590Z"}},{"iob":0.195,"basaliob":-0.054,"bolussnooze":0,"activity":0.0025,"lastBolusTime":1703722874900,"time":"2023-12-28T01:36:12.590Z","iobWithZeroTemp":{"iob":-0.05,"basaliob":-0.299,"bolussnooze":0,"activity":0.001,"lastBolusTime":1703722874900,"time":"2023-12-28T01:36:12.590Z"}},{"iob":0.183,"basaliob":-0.05,"bolussnooze":0,"activity":0.0023,"lastBolusTime":1703722874900,"time":"2023-12-28T01:41:12.590Z","iobWithZeroTemp":{"iob":-0.074,"basaliob":-0.307,"bolussnooze":0,"activity":6.0E-4,"lastBolusTime":1703722874900,"time":"2023-12-28T01:41:12.590Z"}},{"iob":0.171,"basaliob":-0.047,"bolussnooze":0,"activity":0.0023,"lastBolusTime":1703722874900,"time":"2023-12-28T01:46:12.590Z","iobWithZeroTemp":{"iob":-0.099,"basaliob":-0.317,"bolussnooze":0,"activity":5.0E-4,"lastBolusTime":1703722874900,"time":"2023-12-28T01:46:12.590Z"}},{"iob":0.16,"basaliob":-0.044,"bolussnooze":0,"activity":0.0021,"lastBolusTime":1703722874900,"time":"2023-12-28T01:51:12.590Z","iobWithZeroTemp":{"iob":-0.121,"basaliob":-0.325,"bolussnooze":0,"activity":2.0E-4,"lastBolusTime":1703722874900,"time":"2023-12-28T01:51:12.590Z"}},{"iob":0.15,"basaliob":-0.041,"bolussnooze":0,"activity":0.002,"lastBolusTime":1703722874900,"time":"2023-12-28T01:56:12.590Z","iobWithZeroTemp":{"iob":-0.142,"basaliob":-0.333,"bolussnooze":0,"activity":-1.0E-4,"lastBolusTime":1703722874900,"time":"2023-12-28T01:56:12.590Z"}},{"iob":0.14,"basaliob":-0.038,"bolussnooze":0,"activity":0.002,"lastBolusTime":1703722874900,"time":"2023-12-28T02:01:12.590Z","iobWithZeroTemp":{"iob":-0.162,"basaliob":-0.34,"bolussnooze":0,"activity":-2.0E-4,"lastBolusTime":1703722874900,"time":"2023-12-28T02:01:12.590Z"}},{"iob":0.131,"basaliob":-0.035,"bolussnooze":0,"activity":0.0018,"lastBolusTime":1703722874900,"time":"2023-12-28T02:06:12.590Z","iobWithZeroTemp":{"iob":-0.181,"basaliob":-0.347,"bolussnooze":0,"activity":-5.0E-4,"lastBolusTime":1703722874900,"time":"2023-12-28T02:06:12.590Z"}},{"iob":0.122,"basaliob":-0.033,"bolussnooze":0,"activity":0.0017,"lastBolusTime":1703722874900,"time":"2023-12-28T02:11:12.590Z","iobWithZeroTemp":{"iob":-0.199,"basaliob":-0.354,"bolussnooze":0,"activity":-7.0E-4,"lastBolusTime":1703722874900,"time":"2023-12-28T02:11:12.590Z"}},{"iob":0.113,"basaliob":-0.031,"bolussnooze":0,"activity":0.0016,"lastBolusTime":1703722874900,"time":"2023-12-28T02:16:12.590Z","iobWithZeroTemp":{"iob":-0.217,"basaliob":-0.361,"bolussnooze":0,"activity":-9.0E-4,"lastBolusTime":1703722874900,"time":"2023-12-28T02:16:12.590Z"}},{"iob":0.106,"basaliob":-0.028,"bolussnooze":0,"activity":0.0016,"lastBolusTime":1703722874900,"time":"2023-12-28T02:21:12.590Z","iobWithZeroTemp":{"iob":-0.232,"basaliob":-0.366,"bolussnooze":0,"activity":-0.001,"lastBolusTime":1703722874900,"time":"2023-12-28T02:21:12.590Z"}},{"iob":0.099,"basaliob":-0.026,"bolussnooze":0,"activity":0.0014,"lastBolusTime":1703722874900,"time":"2023-12-28T02:26:12.590Z","iobWithZeroTemp":{"iob":-0.246,"basaliob":-0.371,"bolussnooze":0,"activity":-0.0013,"lastBolusTime":1703722874900,"time":"2023-12-28T02:26:12.590Z"}},{"iob":0.092,"basaliob":-0.024,"bolussnooze":0,"activity":0.0013,"lastBolusTime":1703722874900,"time":"2023-12-28T02:31:12.590Z","iobWithZeroTemp":{"iob":-0.26,"basaliob":-0.376,"bolussnooze":0,"activity":-0.0015,"lastBolusTime":1703722874900,"time":"2023-12-28T02:31:12.590Z"}},{"iob":0.084,"basaliob":-0.023,"bolussnooze":0,"activity":0.0013,"lastBolusTime":1703722874900,"time":"2023-12-28T02:36:12.590Z","iobWithZeroTemp":{"iob":-0.275,"basaliob":-0.382,"bolussnooze":0,"activity":-0.0016,"lastBolusTime":1703722874900,"time":"2023-12-28T02:36:12.590Z"}},{"iob":0.079,"basaliob":-0.021,"bolussnooze":0,"activity":0.0012,"lastBolusTime":1703722874900,"time":"2023-12-28T02:41:12.590Z","iobWithZeroTemp":{"iob":-0.286,"basaliob":-0.386,"bolussnooze":0,"activity":-0.0018,"lastBolusTime":1703722874900,"time":"2023-12-28T02:41:12.590Z"}},{"iob":0.073,"basaliob":-0.019,"bolussnooze":0,"activity":0.0011,"lastBolusTime":1703722874900,"time":"2023-12-28T02:46:12.590Z","iobWithZeroTemp":{"iob":-0.298,"basaliob":-0.39,"bolussnooze":0,"activity":-0.002,"lastBolusTime":1703722874900,"time":"2023-12-28T02:46:12.590Z"}},{"iob":0.067,"basaliob":-0.018,"bolussnooze":0,"activity":0.001,"lastBolusTime":1703722874900,"time":"2023-12-28T02:51:12.590Z","iobWithZeroTemp":{"iob":-0.309,"basaliob":-0.394,"bolussnooze":0,"activity":-0.0021,"lastBolusTime":1703722874900,"time":"2023-12-28T02:51:12.590Z"}},{"iob":0.062,"basaliob":-0.017,"bolussnooze":0,"activity":9.0E-4,"lastBolusTime":1703722874900,"time":"2023-12-28T02:56:12.590Z","iobWithZeroTemp":{"iob":-0.319,"basaliob":-0.398,"bolussnooze":0,"activity":-0.0023,"lastBolusTime":1703722874900,"time":"2023-12-28T02:56:12.590Z"}},{"iob":0.058,"basaliob":-0.015,"bolussnooze":0,"activity":0.001,"lastBolusTime":1703722874900,"time":"2023-12-28T03:01:12.590Z","iobWithZeroTemp":{"iob":-0.327,"basaliob":-0.4,"bolussnooze":0,"activity":-0.0023,"lastBolusTime":1703722874900,"time":"2023-12-28T03:01:12.590Z"}},{"iob":0.053,"basaliob":-0.014,"bolussnooze":0,"activity":9.0E-4,"lastBolusTime":1703722874900,"time":"2023-12-28T03:06:12.590Z","iobWithZeroTemp":{"iob":-0.337,"basaliob":-0.404,"bolussnooze":0,"activity":-0.0024,"lastBolusTime":1703722874900,"time":"2023-12-28T03:06:12.590Z"}},{"iob":0.049,"basaliob":-0.013,"bolussnooze":0,"activity":8.0E-4,"lastBolusTime":1703722874900,"time":"2023-12-28T03:11:12.590Z","iobWithZeroTemp":{"iob":-0.345,"basaliob":-0.407,"bolussnooze":0,"activity":-0.0026,"lastBolusTime":1703722874900,"time":"2023-12-28T03:11:12.590Z"}},{"iob":0.045,"basaliob":-0.012,"bolussnooze":0,"activity":7.0E-4,"lastBolusTime":1703722874900,"time":"2023-12-28T03:16:12.590Z","iobWithZeroTemp":{"iob":-0.352,"basaliob":-0.409,"bolussnooze":0,"activity":-0.0028,"lastBolusTime":1703722874900,"time":"2023-12-28T03:16:12.590Z"}},{"iob":0.042,"basaliob":-0.011,"bolussnooze":0,"activity":7.0E-4,"lastBolusTime":1703722874900,"time":"2023-12-28T03:21:12.590Z","iobWithZeroTemp":{"iob":-0.359,"basaliob":-0.412,"bolussnooze":0,"activity":-0.0028,"lastBolusTime":1703722874900,"time":"2023-12-28T03:21:12.590Z"}},{"iob":0.039,"basaliob":-0.01,"bolussnooze":0,"activity":6.0E-4,"lastBolusTime":1703722874900,"time":"2023-12-28T03:26:12.590Z","iobWithZeroTemp":{"iob":-0.365,"basaliob":-0.414,"bolussnooze":0,"activity":-0.003,"lastBolusTime":1703722874900,"time":"2023-12-28T03:26:12.590Z"}},{"iob":0.036,"basaliob":-0.009,"bolussnooze":0,"activity":5.0E-4,"lastBolusTime":1703722874900,"time":"2023-12-28T03:31:12.590Z","iobWithZeroTemp":{"iob":-0.371,"basaliob":-0.416,"bolussnooze":0,"activity":-0.0031,"lastBolusTime":1703722874900,"time":"2023-12-28T03:31:12.590Z"}},{"iob":0.032,"basaliob":-0.009,"bolussnooze":0,"activity":6.0E-4,"lastBolusTime":1703722874900,"time":"2023-12-28T03:36:12.590Z","iobWithZeroTemp":{"iob":-0.378,"basaliob":-0.419,"bolussnooze":0,"activity":-0.003,"lastBolusTime":1703722874900,"time":"2023-12-28T03:36:12.590Z"}},{"iob":0.03,"basaliob":-0.008,"bolussnooze":0,"activity":5.0E-4,"lastBolusTime":1703722874900,"time":"2023-12-28T03:41:12.590Z","iobWithZeroTemp":{"iob":-0.382,"basaliob":-0.42,"bolussnooze":0,"activity":-0.0032,"lastBolusTime":1703722874900,"time":"2023-12-28T03:41:12.590Z"}},{"iob":0.028,"basaliob":-0.007,"bolussnooze":0,"activity":5.0E-4,"lastBolusTime":1703722874900,"time":"2023-12-28T03:46:12.590Z","iobWithZeroTemp":{"iob":-0.387,"basaliob":-0.422,"bolussnooze":0,"activity":-0.0032,"lastBolusTime":1703722874900,"time":"2023-12-28T03:46:12.590Z"}},{"iob":0.025,"basaliob":-0.007,"bolussnooze":0,"activity":5.0E-4,"lastBolusTime":1703722874900,"time":"2023-12-28T03:51:12.590Z","iobWithZeroTemp":{"iob":-0.392,"basaliob":-0.424,"bolussnooze":0,"activity":-0.0033,"lastBolusTime":1703722874900,"time":"2023-12-28T03:51:12.590Z"}},{"iob":0.023,"basaliob":-0.006,"bolussnooze":0,"activity":4.0E-4,"lastBolusTime":1703722874900,"time":"2023-12-28T03:56:12.590Z","iobWithZeroTemp":{"iob":-0.396,"basaliob":-0.425,"bolussnooze":0,"activity":-0.0034,"lastBolusTime":1703722874900,"time":"2023-12-28T03:56:12.590Z"}},{"iob":0.022,"basaliob":-0.005,"bolussnooze":0,"activity":4.0E-4,"lastBolusTime":1703722874900,"time":"2023-12-28T04:01:12.590Z","iobWithZeroTemp":{"iob":-0.399,"basaliob":-0.426,"bolussnooze":0,"activity":-0.0034,"lastBolusTime":1703722874900,"time":"2023-12-28T04:01:12.590Z"}},{"iob":0.02,"basaliob":-0.005,"bolussnooze":0,"activity":3.0E-4,"lastBolusTime":1703722874900,"time":"2023-12-28T04:06:12.590Z","iobWithZeroTemp":{"iob":-0.402,"basaliob":-0.427,"bolussnooze":0,"activity":-0.0035,"lastBolusTime":1703722874900,"time":"2023-12-28T04:06:12.590Z"}},{"iob":0.018,"basaliob":-0.005,"bolussnooze":0,"activity":3.0E-4,"lastBolusTime":1703722874900,"time":"2023-12-28T04:11:12.590Z","iobWithZeroTemp":{"iob":-0.406,"basaliob":-0.429,"bolussnooze":0,"activity":-0.0036,"lastBolusTime":1703722874900,"time":"2023-12-28T04:11:12.590Z"}},{"iob":0.017,"basaliob":-0.004,"bolussnooze":0,"activity":3.0E-4,"lastBolusTime":1703722874900,"time":"2023-12-28T04:16:12.590Z","iobWithZeroTemp":{"iob":-0.408,"basaliob":-0.429,"bolussnooze":0,"activity":-0.0036,"lastBolusTime":1703722874900,"time":"2023-12-28T04:16:12.590Z"}},{"iob":0.015,"basaliob":-0.004,"bolussnooze":0,"activity":2.0E-4,"lastBolusTime":1703722874900,"time":"2023-12-28T04:21:12.590Z","iobWithZeroTemp":{"iob":-0.412,"basaliob":-0.431,"bolussnooze":0,"activity":-0.0037,"lastBolusTime":1703722874900,"time":"2023-12-28T04:21:12.590Z"}}],"profile":{"max_iob":4,"type":"current","max_daily_basal":0.5,"max_basal":1,"min_bg":95.4,"max_bg":95.4,"target_bg":95.4,"carb_ratio":25,"sens":142.20000000000002,"max_daily_safety_multiplier":3,"current_basal_safety_multiplier":4,"lgsThreshold":65,"high_temptarget_raises_sensitivity":false,"low_temptarget_lowers_sensitivity":false,"sensitivity_raises_target":true,"resistance_lowers_target":true,"adv_target_adjustments":false,"exercise_mode":false,"half_basal_exercise_target":160,"maxCOB":120,"skip_neutral_temps":false,"remainingCarbsCap":90,"enableUAM":true,"A52_risk_enable":false,"SMBInterval":3,"enableSMB_with_COB":true,"enableSMB_with_temptarget":true,"allowSMB_with_high_temptarget":false,"enableSMB_always":false,"enableSMB_after_carbs":false,"maxSMBBasalMinutes":75,"maxUAMSMBBasalMinutes":75,"bolus_increment":0.05,"carbsReqThreshold":10,"current_basal":0.25,"temptargetSet":true,"autosens_max":1.2,"autosens_min":0.7,"out_units":"mmol\/L","variable_sens":125,"insulinDivisor":65,"TDD":13.624547619047615},"autosens_data":{"ratio":1},"meal_data":{"carbs":0,"mealCOB":0,"slopeFromMaxDeviation":-0.6355,"slopeFromMinDeviation":0.13290909090909092,"lastBolusTime":1703722874900,"lastCarbTime":0},"microBolusAllowed":true,"currentTime":1703723174300,"flatBGsDetected":false,"tdd1D":11.195833333333328,"tdd7D":12.08690476190476,"tddLast24H":11.524999999999991,"tddLast4H":3.1833333333333327,"tddLast8to4H":2.3708333333333336},"output":{"temp":"absolute","bg":122,"tick":-1,"eventualBG":77,"targetBG":95.4,"insulinReq":0,"deliverAt":"2023-12-28T00:26:14.300Z","sensitivityRatio":1,"variable_sens":125,"predBGs":{"IOB":[122,121,120,118,117,115,114,112,110,108,106,104,102,100,99,97,95,94,92,91,89,88,86,85,84,83,82,81,80,79,78,77,76,75,75,74,74,73,73,72,72,71,71,70,70,70,70,69],"ZT":[122,120,118,116,114,112,110,109,107,105,104,102,101,100,99,99,98,98,98,98,98,98,99,99],"UAM":[122,120,118,116,114,112,110,108,106,104,102,100,98,96,94,92,90,89,87,86,84,83,81,80,79,77,76,75,74,73,72,71,71,70,69,68,68,67,67,66,66,65,65,64,64,64,63]},"reason":"COB: 0, Dev: 0.3, BGI: -0.1, ISF: 6.9, CR: 25, Target: 5.3, minPredBG 4.5, minGuardBG 3.5, IOBpredBG 3.8, UAMpredBG 3.5; minGuardBG 3.5<3.8","COB":0,"IOB":0.403,"duration":60,"rate":0,"timestamp":"2023-12-28T00:26:14.322Z"}}