{"algorithm":"OpenAPSSMBDynamicISFPlugin","input":{"glucoseStatus":{"glucose":107,"noise":0,"delta":-1,"short_avgdelta":-0.59,"long_avgdelta":2.23,"date":1703691900000},"currenttemp":{"temp":"absolute","duration":0,"rate":0},"iob_data":[{"iob":0.02,"basaliob":-0.013,"bolussnooze":3.0E-4,"activity":-5.0E-4,"lastBolusTime":1703681471121,"time":"2023-12-27T15:46:12.103Z","iobWithZeroTemp":{"iob":0.02,"basaliob":-0.013,"bolussnooze":3.0E-4,"activity":-5.0E-4,"lastBolusTime":1703681471121,"time":"2023-12-27T15:46:12.103Z"}},{"iob":0.022,"basaliob":-0.008,"bolussnooze":2.0E-4,"activity":-3.0E-4,"lastBolusTime":1703681471121,"time":"2023-12-27T15:51:12.103Z","iobWithZeroTemp":{"iob":0.002,"basaliob":-0.028,"bolussnooze":2.0E-4,"activity":-3.0E-4,"lastBolusTime":1703681471121,"time":"2023-12-27T15:51:12.103Z"}},{"iob":0.023,"basaliob":-0.005,"bolussnooze":2.0E-4,"activity":-3.0E-4,"lastBolusTime":1703681471121,"time":"2023-12-27T15:56:12.103Z","iobWithZeroTemp":{"iob":-0.022,"basaliob":-0.05,"bolussnooze":2.0E-4,"activity":-4.0E-4,"lastBolusTime":1703681471121,"time":"2023-12-27T15:56:12.103Z"}},{"iob":0.025,"basaliob":-0.001,"bolussnooze":1.0E-4,"activity":-2.0E-4,"lastBolusTime":1703681471121,"time":"2023-12-27T16:01:12.103Z","iobWithZeroTemp":{"iob":-0.044,"basaliob":-0.07,"bolussnooze":1.0E-4,"activity":-3.0E-4,"lastBolusTime":1703681471121,"time":"2023-12-27T16:01:12.103Z"}},{"iob":0.025,"basaliob":0.001,"bolussnooze":1.0E-4,"activity":-1.0E-4,"lastBolusTime":1703681471121,"time":"2023-12-27T16:06:12.103Z","iobWithZeroTemp":{"iob":-0.076,"basaliob":-0.1,"bolussnooze":1.0E-4,"activity":-4.0E-4,"lastBolusTime":1703681471121,"time":"2023-12-27T16:06:12.103Z"}},{"iob":0.026,"basaliob":0.004,"bolussnooze":1.0E-4,"activity":0,"lastBolusTime":1703681471121,"time":"2023-12-27T16:11:12.103Z","iobWithZeroTemp":{"iob":-0.107,"basaliob":-0.129,"bolussnooze":1.0E-4,"activity":-4.0E-4,"lastBolusTime":1703681471121,"time":"2023-12-27T16:11:12.103Z"}},{"iob":0.026,"basaliob":0.006,"bolussnooze":0,"activity":0,"lastBolusTime":1703681471121,"time":"2023-12-27T16:16:12.103Z","iobWithZeroTemp":{"iob":-0.138,"basaliob":-0.158,"bolussnooze":0,"activity":-6.0E-4,"lastBolusTime":1703681471121,"time":"2023-12-27T16:16:12.103Z"}},{"iob":0.026,"basaliob":0.007,"bolussnooze":0,"activity":0,"lastBolusTime":1703681471121,"time":"2023-12-27T16:21:12.103Z","iobWithZeroTemp":{"iob":-0.168,"basaliob":-0.187,"bolussnooze":0,"activity":-7.0E-4,"lastBolusTime":1703681471121,"time":"2023-12-27T16:21:12.103Z"}},{"iob":0.025,"basaliob":0.008,"bolussnooze":0,"activity":1.0E-4,"lastBolusTime":1703681471121,"time":"2023-12-27T16:26:12.103Z","iobWithZeroTemp":{"iob":-0.198,"basaliob":-0.215,"bolussnooze":0,"activity":-8.0E-4,"lastBolusTime":1703681471121,"time":"2023-12-27T16:26:12.103Z"}},{"iob":0.025,"basaliob":0.009,"bolussnooze":0,"activity":1.0E-4,"lastBolusTime":1703681471121,"time":"2023-12-27T16:31:12.103Z","iobWithZeroTemp":{"iob":-0.226,"basaliob":-0.242,"bolussnooze":0,"activity":-0.0011,"lastBolusTime":1703681471121,"time":"2023-12-27T16:31:12.103Z"}},{"iob":0.025,"basaliob":0.01,"bolussnooze":0,"activity":1.0E-4,"lastBolusTime":1703681471121,"time":"2023-12-27T16:36:12.103Z","iobWithZeroTemp":{"iob":-0.253,"basaliob":-0.268,"bolussnooze":0,"activity":-0.0013,"lastBolusTime":1703681471121,"time":"2023-12-27T16:36:12.103Z"}},{"iob":0.024,"basaliob":0.011,"bolussnooze":0,"activity":1.0E-4,"lastBolusTime":1703681471121,"time":"2023-12-27T16:41:12.103Z","iobWithZeroTemp":{"iob":-0.28,"basaliob":-0.293,"bolussnooze":0,"activity":-0.0015,"lastBolusTime":1703681471121,"time":"2023-12-27T16:41:12.103Z"}},{"iob":0.023,"basaliob":0.011,"bolussnooze":0,"activity":1.0E-4,"lastBolusTime":1703681471121,"time":"2023-12-27T16:46:12.103Z","iobWithZeroTemp":{"iob":-0.305,"basaliob":-0.317,"bolussnooze":0,"activity":-0.0017,"lastBolusTime":1703681471121,"time":"2023-12-27T16:46:12.103Z"}},{"iob":0.022,"basaliob":0.011,"bolussnooze":0,"activity":2.0E-4,"lastBolusTime":1703681471121,"time":"2023-12-27T16:51:12.103Z","iobWithZeroTemp":{"iob":-0.33,"basaliob":-0.341,"bolussnooze":0,"activity":-0.0018,"lastBolusTime":1703681471121,"time":"2023-12-27T16:51:12.103Z"}},{"iob":0.021,"basaliob":0.011,"bolussnooze":0,"activity":2.0E-4,"lastBolusTime":1703681471121,"time":"2023-12-27T16:56:12.103Z","iobWithZeroTemp":{"iob":-0.354,"basaliob":-0.364,"bolussnooze":0,"activity":-0.0021,"lastBolusTime":1703681471121,"time":"2023-12-27T16:56:12.103Z"}},{"iob":0.02,"basaliob":0.011,"bolussnooze":0,"activity":2.0E-4,"lastBolusTime":1703681471121,"time":"2023-12-27T17:01:12.103Z","iobWithZeroTemp":{"iob":-0.376,"basaliob":-0.385,"bolussnooze":0,"activity":-0.0023,"lastBolusTime":1703681471121,"time":"2023-12-27T17:01:12.103Z"}},{"iob":0.02,"basaliob":0.011,"bolussnooze":0,"activity":2.0E-4,"lastBolusTime":1703681471121,"time":"2023-12-27T17:06:12.103Z","iobWithZeroTemp":{"iob":-0.396,"basaliob":-0.405,"bolussnooze":0,"activity":-0.0025,"lastBolusTime":1703681471121,"time":"2023-12-27T17:06:12.103Z"}},{"iob":0.019,"basaliob":0.011,"bolussnooze":0,"activity":1.0E-4,"lastBolusTime":1703681471121,"time":"2023-12-27T17:11:12.103Z","iobWithZeroTemp":{"iob":-0.416,"basaliob":-0.424,"bolussnooze":0,"activity":-0.0028,"lastBolusTime":1703681471121,"time":"2023-12-27T17:11:12.103Z"}},{"iob":0.018,"basaliob":0.011,"bolussnooze":0,"activity":1.0E-4,"lastBolusTime":1703681471121,"time":"2023-12-27T17:16:12.103Z","iobWithZeroTemp":{"iob":-0.436,"basaliob":-0.443,"bolussnooze":0,"activity":-0.003,"lastBolusTime":1703681471121,"time":"2023-12-27T17:16:12.103Z"}},{"iob":0.018,"basaliob":0.011,"bolussnooze":0,"activity":2.0E-4,"lastBolusTime":1703681471121,"time":"2023-12-27T17:21:12.103Z","iobWithZeroTemp":{"iob":-0.453,"basaliob":-0.46,"bolussnooze":0,"activity":-0.0031,"lastBolusTime":1703681471121,"time":"2023-12-27T17:21:12.103Z"}},{"iob":0.016,"basaliob":0.01,"bolussnooze":0,"activity":2.0E-4,"lastBolusTime":1703681471121,"time":"2023-12-27T17:26:12.103Z","iobWithZeroTemp":{"iob":-0.471,"basaliob":-0.477,"bolussnooze":0,"activity":-0.0033,"lastBolusTime":1703681471121,"time":"2023-12-27T17:26:12.103Z"}},{"iob":0.015,"basaliob":0.01,"bolussnooze":0,"activity":2.0E-4,"lastBolusTime":1703681471121,"time":"2023-12-27T17:31:12.103Z","iobWithZeroTemp":{"iob":-0.487,"basaliob":-0.492,"bolussnooze":0,"activity":-0.0035,"lastBolusTime":1703681471121,"time":"2023-12-27T17:31:12.103Z"}},{"iob":0.015,"basaliob":0.01,"bolussnooze":0,"activity":2.0E-4,"lastBolusTime":1703681471121,"time":"2023-12-27T17:36:12.103Z","iobWithZeroTemp":{"iob":-0.502,"basaliob":-0.507,"bolussnooze":0,"activity":-0.0037,"lastBolusTime":1703681471121,"time":"2023-12-27T17:36:12.103Z"}},{"iob":0.014,"basaliob":0.009,"bolussnooze":0,"activity":2.0E-4,"lastBolusTime":1703681471121,"time":"2023-12-27T17:41:12.103Z","iobWithZeroTemp":{"iob":-0.516,"basaliob":-0.521,"bolussnooze":0,"activity":-0.0039,"lastBolusTime":1703681471121,"time":"2023-12-27T17:41:12.103Z"}},{"iob":0.013,"basaliob":0.009,"bolussnooze":0,"activity":2.0E-4,"lastBolusTime":1703681471121,"time":"2023-12-27T17:46:12.103Z","iobWithZeroTemp":{"iob":-0.53,"basaliob":-0.534,"bolussnooze":0,"activity":-0.004,"lastBolusTime":1703681471121,"time":"2023-12-27T17:46:12.103Z"}},{"iob":0.013,"basaliob":0.009,"bolussnooze":0,"activity":2.0E-4,"lastBolusTime":1703681471121,"time":"2023-12-27T17:51:12.103Z","iobWithZeroTemp":{"iob":-0.541,"basaliob":-0.545,"bolussnooze":0,"activity":-0.0042,"lastBolusTime":1703681471121,"time":"2023-12-27T17:51:12.103Z"}},{"iob":0.011,"basaliob":0.008,"bolussnooze":0,"activity":2.0E-4,"lastBolusTime":1703681471121,"time":"2023-12-27T17:56:12.103Z","iobWithZeroTemp":{"iob":-0.554,"basaliob":-0.557,"bolussnooze":0,"activity":-0.0043,"lastBolusTime":1703681471121,"time":"2023-12-27T17:56:12.103Z"}},{"iob":0.011,"basaliob":0.008,"bolussnooze":0,"activity":2.0E-4,"lastBolusTime":1703681471121,"time":"2023-12-27T18:01:12.103Z","iobWithZeroTemp":{"iob":-0.565,"basaliob":-0.568,"bolussnooze":0,"activity":-0.0045,"lastBolusTime":1703681471121,"time":"2023-12-27T18:01:12.103Z"}},{"iob":0.011,"basaliob":0.008,"bolussnooze":0,"activity":2.0E-4,"lastBolusTime":1703681471121,"time":"2023-12-27T18:06:12.103Z","iobWithZeroTemp":{"iob":-0.574,"basaliob":-0.577,"bolussnooze":0,"activity":-0.0046,"lastBolusTime":1703681471121,"time":"2023-12-27T18:06:12.103Z"}},{"iob":0.01,"basaliob":0.007,"bolussnooze":0,"activity":2.0E-4,"lastBolusTime":1703681471121,"time":"2023-12-27T18:11:12.103Z","iobWithZeroTemp":{"iob":-0.585,"basaliob":-0.588,"bolussnooze":0,"activity":-0.0047,"lastBolusTime":1703681471121,"time":"2023-12-27T18:11:12.103Z"}},{"iob":0.009,"basaliob":0.007,"bolussnooze":0,"activity":1.0E-4,"lastBolusTime":1703681471121,"time":"2023-12-27T18:16:12.103Z","iobWithZeroTemp":{"iob":-0.594,"basaliob":-0.596,"bolussnooze":0,"activity":-0.0049,"lastBolusTime":1703681471121,"time":"2023-12-27T18:16:12.103Z"}},{"iob":0.008,"basaliob":0.006,"bolussnooze":0,"activity":1.0E-4,"lastBolusTime":1703681471121,"time":"2023-12-27T18:21:12.103Z","iobWithZeroTemp":{"iob":-0.603,"basaliob":-0.605,"bolussnooze":0,"activity":-0.0051,"lastBolusTime":1703681471121,"time":"2023-12-27T18:21:12.103Z"}},{"iob":0.008,"basaliob":0.006,"bolussnooze":0,"activity":1.0E-4,"lastBolusTime":1703681471121,"time":"2023-12-27T18:26:12.103Z","iobWithZeroTemp":{"iob":-0.61,"basaliob":-0.612,"bolussnooze":0,"activity":-0.0052,"lastBolusTime":1703681471121,"time":"2023-12-27T18:26:12.103Z"}},{"iob":0.008,"basaliob":0.006,"bolussnooze":0,"activity":1.0E-4,"lastBolusTime":1703681471121,"time":"2023-12-27T18:31:12.103Z","iobWithZeroTemp":{"iob":-0.617,"basaliob":-0.619,"bolussnooze":0,"activity":-0.0053,"lastBolusTime":1703681471121,"time":"2023-12-27T18:31:12.103Z"}},{"iob":0.007,"basaliob":0.005,"bolussnooze":0,"activity":1.0E-4,"lastBolusTime":1703681471121,"time":"2023-12-27T18:36:12.103Z","iobWithZeroTemp":{"iob":-0.624,"basaliob":-0.626,"bolussnooze":0,"activity":-0.0054,"lastBolusTime":1703681471121,"time":"2023-12-27T18:36:12.103Z"}},{"iob":0.006,"basaliob":0.005,"bolussnooze":0,"activity":1.0E-4,"lastBolusTime":1703681471121,"time":"2023-12-27T18:41:12.103Z","iobWithZeroTemp":{"iob":-0.631,"basaliob":-0.632,"bolussnooze":0,"activity":-0.0054,"lastBolusTime":1703681471121,"time":"2023-12-27T18:41:12.103Z"}},{"iob":0.006,"basaliob":0.005,"bolussnooze":0,"activity":1.0E-4,"lastBolusTime":1703681471121,"time":"2023-12-27T18:46:12.103Z","iobWithZeroTemp":{"iob":-0.636,"basaliob":-0.637,"bolussnooze":0,"activity":-0.0055,"lastBolusTime":1703681471121,"time":"2023-12-27T18:46:12.103Z"}},{"iob":0.006,"basaliob":0.005,"bolussnooze":0,"activity":1.0E-4,"lastBolusTime":1703681471121,"time":"2023-12-27T18:51:12.103Z","iobWithZeroTemp":{"iob":-0.642,"basaliob":-0.643,"bolussnooze":0,"activity":-0.0056,"lastBolusTime":1703681471121,"time":"2023-12-27T18:51:12.103Z"}},{"iob":0.005,"basaliob":0.004,"bolussnooze":0,"activity":1.0E-4,"lastBolusTime":1703681471121,"time":"2023-12-27T18:56:12.103Z","iobWithZeroTemp":{"iob":-0.647,"basaliob":-0.648,"bolussnooze":0,"activity":-0.0057,"lastBolusTime":1703681471121,"time":"2023-12-27T18:56:12.103Z"}},{"iob":0.005,"basaliob":0.004,"bolussnooze":0,"activity":1.0E-4,"lastBolusTime":1703681471121,"time":"2023-12-27T19:01:12.103Z","iobWithZeroTemp":{"iob":-0.652,"basaliob":-0.653,"bolussnooze":0,"activity":-0.0057,"lastBolusTime":1703681471121,"time":"2023-12-27T19:01:12.103Z"}},{"iob":0.005,"basaliob":0.004,"bolussnooze":0,"activity":0,"lastBolusTime":1703681471121,"time":"2023-12-27T19:06:12.103Z","iobWithZeroTemp":{"iob":-0.656,"basaliob":-0.657,"bolussnooze":0,"activity":-0.0059,"lastBolusTime":1703681471121,"time":"2023-12-27T19:06:12.103Z"}},{"iob":0.005,"basaliob":0.004,"bolussnooze":0,"activity":0,"lastBolusTime":1703681471121,"time":"2023-12-27T19:11:12.103Z","iobWithZeroTemp":{"iob":-0.659,"basaliob":-0.66,"bolussnooze":0,"activity":-0.006,"lastBolusTime":1703681471121,"time":"2023-12-27T19:11:12.103Z"}},{"iob":0.004,"basaliob":0.003,"bolussnooze":0,"activity":0,"lastBolusTime":1703681471121,"time":"2023-12-27T19:16:12.103Z","iobWithZeroTemp":{"iob":-0.664,"basaliob":-0.665,"bolussnooze":0,"activity":-0.006,"lastBolusTime":1703681471121,"time":"2023-12-27T19:16:12.103Z"}},{"iob":0.004,"basaliob":0.003,"bolussnooze":0,"activity":0,"lastBolusTime":1703681471121,"time":"2023-12-27T19:21:12.103Z","iobWithZeroTemp":{"iob":-0.667,"basaliob":-0.668,"bolussnooze":0,"activity":-0.0061,"lastBolusTime":1703681471121,"time":"2023-12-27T19:21:12.103Z"}},{"iob":0.003,"basaliob":0.003,"bolussnooze":0,"activity":0,"lastBolusTime":1703681471121,"time":"2023-12-27T19:26:12.103Z","iobWithZeroTemp":{"iob":-0.671,"basaliob":-0.671,"bolussnooze":0,"activity":-0.0061,"lastBolusTime":1703681471121,"time":"2023-12-27T19:26:12.103Z"}},{"iob":0.003,"basaliob":0.003,"bolussnooze":0,"activity":0,"lastBolusTime":1703681471121,"time":"2023-12-27T19:31:12.103Z","iobWithZeroTemp":{"iob":-0.673,"basaliob":-0.673,"bolussnooze":0,"activity":-0.0062,"lastBolusTime":1703681471121,"time":"2023-12-27T19:31:12.103Z"}},{"iob":0.003,"basaliob":0.003,"bolussnooze":0,"activity":0,"lastBolusTime":1703681471121,"time":"2023-12-27T19:36:12.103Z","iobWithZeroTemp":{"iob":-0.676,"basaliob":-0.676,"bolussnooze":0,"activity":-0.0062,"lastBolusTime":1703681471121,"time":"2023-12-27T19:36:12.103Z"}},{"iob":0.002,"basaliob":0.002,"bolussnooze":0,"activity":0,"lastBolusTime":1703681471121,"time":"2023-12-27T19:41:12.103Z","iobWithZeroTemp":{"iob":-0.679,"basaliob":-0.679,"bolussnooze":0,"activity":-0.0062,"lastBolusTime":1703681471121,"time":"2023-12-27T19:41:12.103Z"}}],"profile":{"max_iob":4,"type":"current","max_daily_basal":0.5,"max_basal":1.2,"min_bg":100.8,"max_bg":100.8,"target_bg":100.8,"carb_ratio":20,"sens":126,"max_daily_safety_multiplier":3,"current_basal_safety_multiplier":4,"lgsThreshold":65,"high_temptarget_raises_sensitivity":false,"low_temptarget_lowers_sensitivity":false,"sensitivity_raises_target":true,"resistance_lowers_target":true,"adv_target_adjustments":false,"exercise_mode":false,"half_basal_exercise_target":160,"maxCOB":120,"skip_neutral_temps":false,"remainingCarbsCap":90,"enableUAM":true,"A52_risk_enable":false,"SMBInterval":3,"enableSMB_with_COB":true,"enableSMB_with_temptarget":true,"allowSMB_with_high_temptarget":false,"enableSMB_always":false,"enableSMB_after_carbs":false,"maxSMBBasalMinutes":75,"maxUAMSMBBasalMinutes":75,"bolus_increment":0.05,"carbsReqThreshold":10,"current_basal":0.3,"temptargetSet":false,"autosens_max":1.2,"autosens_min":0.7,"out_units":"mmol\/L","variable_sens":156.8,"insulinDivisor":65,"TDD":11.798579761904762},"autosens_data":{"ratio":1},"meal_data":{"carbs":15,"mealCOB":0,"slopeFromMaxDeviation":-1.4131999999999998,"slopeFromMinDeviation":0.18045454545454545,"lastBolusTime":1703681471121,"lastCarbTime":1703680178793},"microBolusAllowed":true,"currentTime":1703691973775,"flatBGsDetected":false,"tdd1D":15.216666666666669,"tdd7D":11.563690476190475,"tddLast24H":9.36666666666666,"tddLast4H":0.9958333333333333,"tddLast8to4H":2.4666666666666672},"output":{"temp":"absolute","bg":107,"tick":-1,"eventualBG":115,"targetBG":100.8,"insulinReq":0,"deliverAt":"2023-12-27T15:46:13.775Z","sensitivityRatio":1,"variable_sens":156.8,"predBGs":{"IOB":[107,106,105,104,104,103,102,102,101,101,100,100,100,100,100,100,100,99,99,99,99,99,99,99,98,98,98,98,98,98,97],"ZT":[107,107,108,108,108,108,109,109,110,110]},"reason":"COB: 0, Dev: 0.6, BGI: 0.0, ISF: 8.7, CR: 20, Target: 5.6, minPredBG 5.7, minGuardBG 5.4, IOBpredBG 5.4; Eventual BG 6.4 > 5.6 but Min. Delta -1.00 < Exp. Delta 0.0; setting current basal of 0.3 as temp. . Setting neutral temp basal of 0.3U\/hr","COB":0,"IOB":0.02,"duration":30,"rate":0.3,"timestamp":"2023-12-27T15:46:13.822Z"}}