{"algorithm":"OpenAPSSMBDynamicISFPlugin","input":{"glucoseStatus":{"glucose":161,"noise":0,"delta":3.67,"short_avgdelta":3.31,"long_avgdelta":6.88,"date":1703694000000},"currenttemp":{"temp":"absolute","duration":10,"rate":1.5,"minutesrunning":20},"iob_data":[{"iob":0.436,"basaliob":0.417,"bolussnooze":0,"activity":0.0013,"lastBolusTime":1703681471121,"time":"2023-12-27T16:21:12.513Z","iobWithZeroTemp":{"iob":0.436,"basaliob":0.417,"bolussnooze":0,"activity":0.0013,"lastBolusTime":1703681471121,"time":"2023-12-27T16:21:12.513Z"}},{"iob":0.428,"basaliob":0.411,"bolussnooze":0,"activity":0.0018,"lastBolusTime":1703681471121,"time":"2023-12-27T16:26:12.513Z","iobWithZeroTemp":{"iob":0.401,"basaliob":0.384,"bolussnooze":0,"activity":0.0018,"lastBolusTime":1703681471121,"time":"2023-12-27T16:26:12.513Z"}},{"iob":0.419,"basaliob":0.403,"bolussnooze":0,"activity":0.0021,"lastBolusTime":1703681471121,"time":"2023-12-27T16:31:12.513Z","iobWithZeroTemp":{"iob":0.359,"basaliob":0.343,"bolussnooze":0,"activity":0.002,"lastBolusTime":1703681471121,"time":"2023-12-27T16:31:12.513Z"}},{"iob":0.408,"basaliob":0.393,"bolussnooze":0,"activity":0.0024,"lastBolusTime":1703681471121,"time":"2023-12-27T16:36:12.513Z","iobWithZeroTemp":{"iob":0.316,"basaliob":0.301,"bolussnooze":0,"activity":0.0022,"lastBolusTime":1703681471121,"time":"2023-12-27T16:36:12.513Z"}},{"iob":0.394,"basaliob":0.381,"bolussnooze":0,"activity":0.0026,"lastBolusTime":1703681471121,"time":"2023-12-27T16:41:12.513Z","iobWithZeroTemp":{"iob":0.269,"basaliob":0.256,"bolussnooze":0,"activity":0.0023,"lastBolusTime":1703681471121,"time":"2023-12-27T16:41:12.513Z"}},{"iob":0.381,"basaliob":0.369,"bolussnooze":0,"activity":0.0028,"lastBolusTime":1703681471121,"time":"2023-12-27T16:46:12.513Z","iobWithZeroTemp":{"iob":0.225,"basaliob":0.213,"bolussnooze":0,"activity":0.0023,"lastBolusTime":1703681471121,"time":"2023-12-27T16:46:12.513Z"}},{"iob":0.367,"basaliob":0.356,"bolussnooze":0,"activity":0.0029,"lastBolusTime":1703681471121,"time":"2023-12-27T16:51:12.513Z","iobWithZeroTemp":{"iob":0.181,"basaliob":0.17,"bolussnooze":0,"activity":0.0022,"lastBolusTime":1703681471121,"time":"2023-12-27T16:51:12.513Z"}},{"iob":0.352,"basaliob":0.342,"bolussnooze":0,"activity":0.003,"lastBolusTime":1703681471121,"time":"2023-12-27T16:56:12.513Z","iobWithZeroTemp":{"iob":0.136,"basaliob":0.126,"bolussnooze":0,"activity":0.0021,"lastBolusTime":1703681471121,"time":"2023-12-27T16:56:12.513Z"}},{"iob":0.337,"basaliob":0.328,"bolussnooze":0,"activity":0.0031,"lastBolusTime":1703681471121,"time":"2023-12-27T17:01:12.513Z","iobWithZeroTemp":{"iob":0.093,"basaliob":0.084,"bolussnooze":0,"activity":0.002,"lastBolusTime":1703681471121,"time":"2023-12-27T17:01:12.513Z"}},{"iob":0.322,"basaliob":0.313,"bolussnooze":0,"activity":0.0031,"lastBolusTime":1703681471121,"time":"2023-12-27T17:06:12.513Z","iobWithZeroTemp":{"iob":0.05,"basaliob":0.041,"bolussnooze":0,"activity":0.0018,"lastBolusTime":1703681471121,"time":"2023-12-27T17:06:12.513Z"}},{"iob":0.307,"basaliob":0.299,"bolussnooze":0,"activity":0.003,"lastBolusTime":1703681471121,"time":"2023-12-27T17:11:12.513Z","iobWithZeroTemp":{"iob":0.009,"basaliob":0.001,"bolussnooze":0,"activity":0.0015,"lastBolusTime":1703681471121,"time":"2023-12-27T17:11:12.513Z"}},{"iob":0.291,"basaliob":0.284,"bolussnooze":0,"activity":0.003,"lastBolusTime":1703681471121,"time":"2023-12-27T17:16:12.513Z","iobWithZeroTemp":{"iob":-0.032,"basaliob":-0.039,"bolussnooze":0,"activity":0.0012,"lastBolusTime":1703681471121,"time":"2023-12-27T17:16:12.513Z"}},{"iob":0.277,"basaliob":0.27,"bolussnooze":0,"activity":0.0029,"lastBolusTime":1703681471121,"time":"2023-12-27T17:21:12.513Z","iobWithZeroTemp":{"iob":-0.07,"basaliob":-0.077,"bolussnooze":0,"activity":9.0E-4,"lastBolusTime":1703681471121,"time":"2023-12-27T17:21:12.513Z"}},{"iob":0.262,"basaliob":0.256,"bolussnooze":0,"activity":0.0029,"lastBolusTime":1703681471121,"time":"2023-12-27T17:26:12.513Z","iobWithZeroTemp":{"iob":-0.108,"basaliob":-0.114,"bolussnooze":0,"activity":7.0E-4,"lastBolusTime":1703681471121,"time":"2023-12-27T17:26:12.513Z"}},{"iob":0.248,"basaliob":0.243,"bolussnooze":0,"activity":0.0028,"lastBolusTime":1703681471121,"time":"2023-12-27T17:31:12.513Z","iobWithZeroTemp":{"iob":-0.143,"basaliob":-0.148,"bolussnooze":0,"activity":4.0E-4,"lastBolusTime":1703681471121,"time":"2023-12-27T17:31:12.513Z"}},{"iob":0.234,"basaliob":0.229,"bolussnooze":0,"activity":0.0027,"lastBolusTime":1703681471121,"time":"2023-12-27T17:36:12.513Z","iobWithZeroTemp":{"iob":-0.178,"basaliob":-0.183,"bolussnooze":0,"activity":0,"lastBolusTime":1703681471121,"time":"2023-12-27T17:36:12.513Z"}},{"iob":0.221,"basaliob":0.216,"bolussnooze":0,"activity":0.0026,"lastBolusTime":1703681471121,"time":"2023-12-27T17:41:12.513Z","iobWithZeroTemp":{"iob":-0.21,"basaliob":-0.215,"bolussnooze":0,"activity":-3.0E-4,"lastBolusTime":1703681471121,"time":"2023-12-27T17:41:12.513Z"}},{"iob":0.208,"basaliob":0.204,"bolussnooze":0,"activity":0.0025,"lastBolusTime":1703681471121,"time":"2023-12-27T17:46:12.513Z","iobWithZeroTemp":{"iob":-0.242,"basaliob":-0.246,"bolussnooze":0,"activity":-6.0E-4,"lastBolusTime":1703681471121,"time":"2023-12-27T17:46:12.513Z"}},{"iob":0.196,"basaliob":0.192,"bolussnooze":0,"activity":0.0024,"lastBolusTime":1703681471121,"time":"2023-12-27T17:51:12.513Z","iobWithZeroTemp":{"iob":-0.271,"basaliob":-0.275,"bolussnooze":0,"activity":-9.0E-4,"lastBolusTime":1703681471121,"time":"2023-12-27T17:51:12.513Z"}},{"iob":0.183,"basaliob":0.18,"bolussnooze":0,"activity":0.0024,"lastBolusTime":1703681471121,"time":"2023-12-27T17:56:12.513Z","iobWithZeroTemp":{"iob":-0.301,"basaliob":-0.304,"bolussnooze":0,"activity":-0.0011,"lastBolusTime":1703681471121,"time":"2023-12-27T17:56:12.513Z"}},{"iob":0.172,"basaliob":0.169,"bolussnooze":0,"activity":0.0023,"lastBolusTime":1703681471121,"time":"2023-12-27T18:01:12.513Z","iobWithZeroTemp":{"iob":-0.327,"basaliob":-0.33,"bolussnooze":0,"activity":-0.0014,"lastBolusTime":1703681471121,"time":"2023-12-27T18:01:12.513Z"}},{"iob":0.162,"basaliob":0.159,"bolussnooze":0,"activity":0.0022,"lastBolusTime":1703681471121,"time":"2023-12-27T18:06:12.513Z","iobWithZeroTemp":{"iob":-0.352,"basaliob":-0.355,"bolussnooze":0,"activity":-0.0017,"lastBolusTime":1703681471121,"time":"2023-12-27T18:06:12.513Z"}},{"iob":0.152,"basaliob":0.149,"bolussnooze":0,"activity":0.0021,"lastBolusTime":1703681471121,"time":"2023-12-27T18:11:12.513Z","iobWithZeroTemp":{"iob":-0.375,"basaliob":-0.378,"bolussnooze":0,"activity":-0.0019,"lastBolusTime":1703681471121,"time":"2023-12-27T18:11:12.513Z"}},{"iob":0.141,"basaliob":0.139,"bolussnooze":0,"activity":0.0019,"lastBolusTime":1703681471121,"time":"2023-12-27T18:16:12.513Z","iobWithZeroTemp":{"iob":-0.399,"basaliob":-0.401,"bolussnooze":0,"activity":-0.0023,"lastBolusTime":1703681471121,"time":"2023-12-27T18:16:12.513Z"}},{"iob":0.132,"basaliob":0.13,"bolussnooze":0,"activity":0.0018,"lastBolusTime":1703681471121,"time":"2023-12-27T18:21:12.513Z","iobWithZeroTemp":{"iob":-0.42,"basaliob":-0.422,"bolussnooze":0,"activity":-0.0025,"lastBolusTime":1703681471121,"time":"2023-12-27T18:21:12.513Z"}},{"iob":0.124,"basaliob":0.122,"bolussnooze":0,"activity":0.0017,"lastBolusTime":1703681471121,"time":"2023-12-27T18:26:12.513Z","iobWithZeroTemp":{"iob":-0.439,"basaliob":-0.441,"bolussnooze":0,"activity":-0.0028,"lastBolusTime":1703681471121,"time":"2023-12-27T18:26:12.513Z"}},{"iob":0.116,"basaliob":0.114,"bolussnooze":0,"activity":0.0016,"lastBolusTime":1703681471121,"time":"2023-12-27T18:31:12.513Z","iobWithZeroTemp":{"iob":-0.458,"basaliob":-0.46,"bolussnooze":0,"activity":-0.003,"lastBolusTime":1703681471121,"time":"2023-12-27T18:31:12.513Z"}},{"iob":0.108,"basaliob":0.106,"bolussnooze":0,"activity":0.0015,"lastBolusTime":1703681471121,"time":"2023-12-27T18:36:12.513Z","iobWithZeroTemp":{"iob":-0.476,"basaliob":-0.478,"bolussnooze":0,"activity":-0.0033,"lastBolusTime":1703681471121,"time":"2023-12-27T18:36:12.513Z"}},{"iob":0.1,"basaliob":0.099,"bolussnooze":0,"activity":0.0014,"lastBolusTime":1703681471121,"time":"2023-12-27T18:41:12.513Z","iobWithZeroTemp":{"iob":-0.493,"basaliob":-0.494,"bolussnooze":0,"activity":-0.0035,"lastBolusTime":1703681471121,"time":"2023-12-27T18:41:12.513Z"}},{"iob":0.093,"basaliob":0.092,"bolussnooze":0,"activity":0.0013,"lastBolusTime":1703681471121,"time":"2023-12-27T18:46:12.513Z","iobWithZeroTemp":{"iob":-0.508,"basaliob":-0.509,"bolussnooze":0,"activity":-0.0037,"lastBolusTime":1703681471121,"time":"2023-12-27T18:46:12.513Z"}},{"iob":0.087,"basaliob":0.086,"bolussnooze":0,"activity":0.0012,"lastBolusTime":1703681471121,"time":"2023-12-27T18:51:12.513Z","iobWithZeroTemp":{"iob":-0.522,"basaliob":-0.523,"bolussnooze":0,"activity":-0.0039,"lastBolusTime":1703681471121,"time":"2023-12-27T18:51:12.513Z"}},{"iob":0.08,"basaliob":0.079,"bolussnooze":0,"activity":0.0012,"lastBolusTime":1703681471121,"time":"2023-12-27T18:56:12.513Z","iobWithZeroTemp":{"iob":-0.537,"basaliob":-0.538,"bolussnooze":0,"activity":-0.004,"lastBolusTime":1703681471121,"time":"2023-12-27T18:56:12.513Z"}},{"iob":0.075,"basaliob":0.074,"bolussnooze":0,"activity":0.0011,"lastBolusTime":1703681471121,"time":"2023-12-27T19:01:12.513Z","iobWithZeroTemp":{"iob":-0.549,"basaliob":-0.55,"bolussnooze":0,"activity":-0.0042,"lastBolusTime":1703681471121,"time":"2023-12-27T19:01:12.513Z"}},{"iob":0.07,"basaliob":0.069,"bolussnooze":0,"activity":0.001,"lastBolusTime":1703681471121,"time":"2023-12-27T19:06:12.513Z","iobWithZeroTemp":{"iob":-0.56,"basaliob":-0.561,"bolussnooze":0,"activity":-0.0044,"lastBolusTime":1703681471121,"time":"2023-12-27T19:06:12.513Z"}},{"iob":0.065,"basaliob":0.064,"bolussnooze":0,"activity":0.001,"lastBolusTime":1703681471121,"time":"2023-12-27T19:11:12.513Z","iobWithZeroTemp":{"iob":-0.571,"basaliob":-0.572,"bolussnooze":0,"activity":-0.0045,"lastBolusTime":1703681471121,"time":"2023-12-27T19:11:12.513Z"}},{"iob":0.06,"basaliob":0.059,"bolussnooze":0,"activity":9.0E-4,"lastBolusTime":1703681471121,"time":"2023-12-27T19:16:12.513Z","iobWithZeroTemp":{"iob":-0.581,"basaliob":-0.582,"bolussnooze":0,"activity":-0.0047,"lastBolusTime":1703681471121,"time":"2023-12-27T19:16:12.513Z"}},{"iob":0.056,"basaliob":0.055,"bolussnooze":0,"activity":8.0E-4,"lastBolusTime":1703681471121,"time":"2023-12-27T19:21:12.513Z","iobWithZeroTemp":{"iob":-0.591,"basaliob":-0.592,"bolussnooze":0,"activity":-0.0049,"lastBolusTime":1703681471121,"time":"2023-12-27T19:21:12.513Z"}},{"iob":0.05,"basaliob":0.05,"bolussnooze":0,"activity":8.0E-4,"lastBolusTime":1703681471121,"time":"2023-12-27T19:26:12.513Z","iobWithZeroTemp":{"iob":-0.601,"basaliob":-0.601,"bolussnooze":0,"activity":-0.005,"lastBolusTime":1703681471121,"time":"2023-12-27T19:26:12.513Z"}},{"iob":0.047,"basaliob":0.047,"bolussnooze":0,"activity":7.0E-4,"lastBolusTime":1703681471121,"time":"2023-12-27T19:31:12.513Z","iobWithZeroTemp":{"iob":-0.609,"basaliob":-0.609,"bolussnooze":0,"activity":-0.0051,"lastBolusTime":1703681471121,"time":"2023-12-27T19:31:12.513Z"}},{"iob":0.043,"basaliob":0.043,"bolussnooze":0,"activity":7.0E-4,"lastBolusTime":1703681471121,"time":"2023-12-27T19:36:12.513Z","iobWithZeroTemp":{"iob":-0.617,"basaliob":-0.617,"bolussnooze":0,"activity":-0.0052,"lastBolusTime":1703681471121,"time":"2023-12-27T19:36:12.513Z"}},{"iob":0.04,"basaliob":0.04,"bolussnooze":0,"activity":6.0E-4,"lastBolusTime":1703681471121,"time":"2023-12-27T19:41:12.513Z","iobWithZeroTemp":{"iob":-0.624,"basaliob":-0.624,"bolussnooze":0,"activity":-0.0053,"lastBolusTime":1703681471121,"time":"2023-12-27T19:41:12.513Z"}},{"iob":0.037,"basaliob":0.037,"bolussnooze":0,"activity":6.0E-4,"lastBolusTime":1703681471121,"time":"2023-12-27T19:46:12.513Z","iobWithZeroTemp":{"iob":-0.63,"basaliob":-0.63,"bolussnooze":0,"activity":-0.0054,"lastBolusTime":1703681471121,"time":"2023-12-27T19:46:12.513Z"}},{"iob":0.034,"basaliob":0.034,"bolussnooze":0,"activity":6.0E-4,"lastBolusTime":1703681471121,"time":"2023-12-27T19:51:12.513Z","iobWithZeroTemp":{"iob":-0.636,"basaliob":-0.636,"bolussnooze":0,"activity":-0.0055,"lastBolusTime":1703681471121,"time":"2023-12-27T19:51:12.513Z"}},{"iob":0.031,"basaliob":0.031,"bolussnooze":0,"activity":5.0E-4,"lastBolusTime":1703681471121,"time":"2023-12-27T19:56:12.513Z","iobWithZeroTemp":{"iob":-0.642,"basaliob":-0.642,"bolussnooze":0,"activity":-0.0056,"lastBolusTime":1703681471121,"time":"2023-12-27T19:56:12.513Z"}},{"iob":0.029,"basaliob":0.029,"bolussnooze":0,"activity":5.0E-4,"lastBolusTime":1703681471121,"time":"2023-12-27T20:01:12.513Z","iobWithZeroTemp":{"iob":-0.647,"basaliob":-0.647,"bolussnooze":0,"activity":-0.0056,"lastBolusTime":1703681471121,"time":"2023-12-27T20:01:12.513Z"}},{"iob":0.026,"basaliob":0.026,"bolussnooze":0,"activity":4.0E-4,"lastBolusTime":1703681471121,"time":"2023-12-27T20:06:12.513Z","iobWithZeroTemp":{"iob":-0.661,"basaliob":-0.661,"bolussnooze":0,"activity":-0.0058,"lastBolusTime":1703681471121,"time":"2023-12-27T20:06:12.513Z"}},{"iob":0.024,"basaliob":0.024,"bolussnooze":0,"activity":4.0E-4,"lastBolusTime":1703681471121,"time":"2023-12-27T20:11:12.513Z","iobWithZeroTemp":{"iob":-0.673,"basaliob":-0.673,"bolussnooze":0,"activity":-0.0059,"lastBolusTime":1703681471121,"time":"2023-12-27T20:11:12.513Z"}},{"iob":0.022,"basaliob":0.022,"bolussnooze":0,"activity":4.0E-4,"lastBolusTime":1703681471121,"time":"2023-12-27T20:16:12.513Z","iobWithZeroTemp":{"iob":-0.686,"basaliob":-0.686,"bolussnooze":0,"activity":-0.0059,"lastBolusTime":1703681471121,"time":"2023-12-27T20:16:12.513Z"}}],"profile":{"max_iob":4,"type":"current","max_daily_basal":0.5,"max_basal":1.5,"min_bg":100.8,"max_bg":100.8,"target_bg":100.8,"carb_ratio":20,"sens":117,"max_daily_safety_multiplier":3,"current_basal_safety_multiplier":4,"lgsThreshold":65,"high_temptarget_raises_sensitivity":false,"low_temptarget_lowers_sensitivity":false,"sensitivity_raises_target":true,"resistance_lowers_target":true,"adv_target_adjustments":false,"exercise_mode":false,"half_basal_exercise_target":160,"maxCOB":120,"skip_neutral_temps":false,"remainingCarbsCap":90,"enableUAM":true,"A52_risk_enable":false,"SMBInterval":3,"enableSMB_with_COB":true,"enableSMB_with_temptarget":true,"allowSMB_with_high_temptarget":false,"enableSMB_always":false,"enableSMB_after_carbs":false,"maxSMBBasalMinutes":75,"maxUAMSMBBasalMinutes":75,"bolus_increment":0.05,"carbsReqThreshold":10,"current_basal":0.4,"temptargetSet":false,"autosens_max":1.2,"autosens_min":0.7,"out_units":"mmol\/L","variable_sens":116.3,"insulinDivisor":65,"TDD":12.418154761904763},"autosens_data":{"ratio":1},"meal_data":{"carbs":15,"mealCOB":0,"slopeFromMaxDeviation":-3.136333333333333,"slopeFromMinDeviation":0.6055714285714285,"lastBolusTime":1703681471121,"lastCarbTime":1703680178793},"microBolusAllowed":true,"currentTime":1703694074240,"flatBGsDetected":false,"tdd1D":15.216666666666669,"tdd7D":11.563690476190475,"tddLast24H":9.549999999999995,"tddLast4H":1.525,"tddLast8to4H":2.2750000000000004},"output":{"temp":"absolute","bg":161,"tick":"+4","eventualBG":134,"targetBG":100.8,"insulinReq":0.23,"deliverAt":"2023-12-27T16:21:14.240Z","sensitivityRatio":1,"variable_sens":116.3,"predBGs":{"IOB":[161,164,166,168,170,171,171,171,171,170,169,168,166,164,163,161,159,158,156,155,154,152,151,150,148,147,146,145,144,144,143,142,141,141,140,139,139,138,138,137,137,136,136,136,135,135,135,134],"ZT":[161,160,159,158,157,155,154,153,151,150,149,148,147,147,147,146,146,146,147,147],"UAM":[161,161,160,159,158,156,154,153,151,149,147,145,143,142,140,138,136,135,133,131,130,128,127,125,124,123,122,121,120,119,118,117,116,115,115,114,113,113,112,112,111,111,110,110,109,109,109,108]},"reason":"COB: 0, Dev: 1.3, BGI: 0.0, ISF: 6.5, CR: 20, Target: 5.6, minPredBG 7.1, minGuardBG 6.0, IOBpredBG 7.4, UAMpredBG 6.0; Eventual BG 7.4 >= 5.6, temp 1.50 >~ req 0.86U\/hr. ","COB":0,"IOB":0.436,"timestamp":"2023-12-27T16:21:14.274Z"}}