{"algorithm":"OpenAPSSMBDynamicISFPlugin","input":{"glucoseStatus":{"glucose":176,"noise":0,"delta":0.67,"short_avgdelta":0.67,"long_avgdelta":0.12,"date":1703796322827},"currenttemp":{"temp":"absolute","duration":5,"rate":0.8,"minutesrunning":25},"iob_data":[{"iob":0.761,"basaliob":0.761,"bolussnooze":0,"activity":0.0063,"lastBolusTime":0,"time":"2023-12-28T20:46:14.242Z","iobWithZeroTemp":{"iob":0.761,"basaliob":0.761,"bolussnooze":0,"activity":0.0063,"lastBolusTime":0,"time":"2023-12-28T20:46:14.242Z"}},{"iob":0.729,"basaliob":0.729,"bolussnooze":0,"activity":0.0064,"lastBolusTime":0,"time":"2023-12-28T20:51:14.242Z","iobWithZeroTemp":{"iob":0.696,"basaliob":0.696,"bolussnooze":0,"activity":0.0064,"lastBolusTime":0,"time":"2023-12-28T20:51:14.242Z"}},{"iob":0.697,"basaliob":0.697,"bolussnooze":0,"activity":0.0065,"lastBolusTime":0,"time":"2023-12-28T20:56:14.242Z","iobWithZeroTemp":{"iob":0.622,"basaliob":0.622,"bolussnooze":0,"activity":0.0064,"lastBolusTime":0,"time":"2023-12-28T20:56:14.242Z"}},{"iob":0.664,"basaliob":0.664,"bolussnooze":0,"activity":0.0065,"lastBolusTime":0,"time":"2023-12-28T21:01:14.242Z","iobWithZeroTemp":{"iob":0.548,"basaliob":0.548,"bolussnooze":0,"activity":0.0063,"lastBolusTime":0,"time":"2023-12-28T21:01:14.242Z"}},{"iob":0.632,"basaliob":0.632,"bolussnooze":0,"activity":0.0064,"lastBolusTime":0,"time":"2023-12-28T21:06:14.242Z","iobWithZeroTemp":{"iob":0.476,"basaliob":0.476,"bolussnooze":0,"activity":0.006,"lastBolusTime":0,"time":"2023-12-28T21:06:14.242Z"}},{"iob":0.6,"basaliob":0.6,"bolussnooze":0,"activity":0.0063,"lastBolusTime":0,"time":"2023-12-28T21:11:14.242Z","iobWithZeroTemp":{"iob":0.405,"basaliob":0.405,"bolussnooze":0,"activity":0.0057,"lastBolusTime":0,"time":"2023-12-28T21:11:14.242Z"}},{"iob":0.569,"basaliob":0.569,"bolussnooze":0,"activity":0.0062,"lastBolusTime":0,"time":"2023-12-28T21:16:14.242Z","iobWithZeroTemp":{"iob":0.336,"basaliob":0.336,"bolussnooze":0,"activity":0.0054,"lastBolusTime":0,"time":"2023-12-28T21:16:14.242Z"}},{"iob":0.538,"basaliob":0.538,"bolussnooze":0,"activity":0.006,"lastBolusTime":0,"time":"2023-12-28T21:21:14.242Z","iobWithZeroTemp":{"iob":0.268,"basaliob":0.268,"bolussnooze":0,"activity":0.0049,"lastBolusTime":0,"time":"2023-12-28T21:21:14.242Z"}},{"iob":0.509,"basaliob":0.509,"bolussnooze":0,"activity":0.0059,"lastBolusTime":0,"time":"2023-12-28T21:26:14.242Z","iobWithZeroTemp":{"iob":0.204,"basaliob":0.204,"bolussnooze":0,"activity":0.0045,"lastBolusTime":0,"time":"2023-12-28T21:26:14.242Z"}},{"iob":0.48,"basaliob":0.48,"bolussnooze":0,"activity":0.0057,"lastBolusTime":0,"time":"2023-12-28T21:31:14.242Z","iobWithZeroTemp":{"iob":0.141,"basaliob":0.141,"bolussnooze":0,"activity":0.0041,"lastBolusTime":0,"time":"2023-12-28T21:31:14.242Z"}},{"iob":0.452,"basaliob":0.452,"bolussnooze":0,"activity":0.0055,"lastBolusTime":0,"time":"2023-12-28T21:36:14.242Z","iobWithZeroTemp":{"iob":0.08,"basaliob":0.08,"bolussnooze":0,"activity":0.0036,"lastBolusTime":0,"time":"2023-12-28T21:36:14.242Z"}},{"iob":0.425,"basaliob":0.425,"bolussnooze":0,"activity":0.0052,"lastBolusTime":0,"time":"2023-12-28T21:41:14.242Z","iobWithZeroTemp":{"iob":0.021,"basaliob":0.021,"bolussnooze":0,"activity":0.003,"lastBolusTime":0,"time":"2023-12-28T21:41:14.242Z"}},{"iob":0.4,"basaliob":0.4,"bolussnooze":0,"activity":0.005,"lastBolusTime":0,"time":"2023-12-28T21:46:14.242Z","iobWithZeroTemp":{"iob":-0.034,"basaliob":-0.034,"bolussnooze":0,"activity":0.0025,"lastBolusTime":0,"time":"2023-12-28T21:46:14.242Z"}},{"iob":0.375,"basaliob":0.375,"bolussnooze":0,"activity":0.0048,"lastBolusTime":0,"time":"2023-12-28T21:51:14.242Z","iobWithZeroTemp":{"iob":-0.087,"basaliob":-0.087,"bolussnooze":0,"activity":0.002,"lastBolusTime":0,"time":"2023-12-28T21:51:14.242Z"}},{"iob":0.352,"basaliob":0.352,"bolussnooze":0,"activity":0.0046,"lastBolusTime":0,"time":"2023-12-28T21:56:14.242Z","iobWithZeroTemp":{"iob":-0.137,"basaliob":-0.137,"bolussnooze":0,"activity":0.0015,"lastBolusTime":0,"time":"2023-12-28T21:56:14.242Z"}},{"iob":0.329,"basaliob":0.329,"bolussnooze":0,"activity":0.0044,"lastBolusTime":0,"time":"2023-12-28T22:01:14.242Z","iobWithZeroTemp":{"iob":-0.186,"basaliob":-0.186,"bolussnooze":0,"activity":0.0011,"lastBolusTime":0,"time":"2023-12-28T22:01:14.242Z"}},{"iob":0.308,"basaliob":0.308,"bolussnooze":0,"activity":0.0041,"lastBolusTime":0,"time":"2023-12-28T22:06:14.242Z","iobWithZeroTemp":{"iob":-0.231,"basaliob":-0.231,"bolussnooze":0,"activity":5.0E-4,"lastBolusTime":0,"time":"2023-12-28T22:06:14.242Z"}},{"iob":0.288,"basaliob":0.288,"bolussnooze":0,"activity":0.0039,"lastBolusTime":0,"time":"2023-12-28T22:11:14.242Z","iobWithZeroTemp":{"iob":-0.274,"basaliob":-0.274,"bolussnooze":0,"activity":0,"lastBolusTime":0,"time":"2023-12-28T22:11:14.242Z"}},{"iob":0.269,"basaliob":0.269,"bolussnooze":0,"activity":0.0037,"lastBolusTime":0,"time":"2023-12-28T22:16:14.242Z","iobWithZeroTemp":{"iob":-0.315,"basaliob":-0.315,"bolussnooze":0,"activity":-4.0E-4,"lastBolusTime":0,"time":"2023-12-28T22:16:14.242Z"}},{"iob":0.251,"basaliob":0.251,"bolussnooze":0,"activity":0.0035,"lastBolusTime":0,"time":"2023-12-28T22:21:14.242Z","iobWithZeroTemp":{"iob":-0.354,"basaliob":-0.354,"bolussnooze":0,"activity":-9.0E-4,"lastBolusTime":0,"time":"2023-12-28T22:21:14.242Z"}},{"iob":0.234,"basaliob":0.234,"bolussnooze":0,"activity":0.0033,"lastBolusTime":0,"time":"2023-12-28T22:26:14.242Z","iobWithZeroTemp":{"iob":-0.39,"basaliob":-0.39,"bolussnooze":0,"activity":-0.0013,"lastBolusTime":0,"time":"2023-12-28T22:26:14.242Z"}},{"iob":0.218,"basaliob":0.218,"bolussnooze":0,"activity":0.0031,"lastBolusTime":0,"time":"2023-12-28T22:31:14.242Z","iobWithZeroTemp":{"iob":-0.424,"basaliob":-0.424,"bolussnooze":0,"activity":-0.0017,"lastBolusTime":0,"time":"2023-12-28T22:31:14.242Z"}},{"iob":0.203,"basaliob":0.203,"bolussnooze":0,"activity":0.0029,"lastBolusTime":0,"time":"2023-12-28T22:36:14.242Z","iobWithZeroTemp":{"iob":-0.456,"basaliob":-0.456,"bolussnooze":0,"activity":-0.0021,"lastBolusTime":0,"time":"2023-12-28T22:36:14.242Z"}},{"iob":0.188,"basaliob":0.188,"bolussnooze":0,"activity":0.0028,"lastBolusTime":0,"time":"2023-12-28T22:41:14.242Z","iobWithZeroTemp":{"iob":-0.487,"basaliob":-0.487,"bolussnooze":0,"activity":-0.0024,"lastBolusTime":0,"time":"2023-12-28T22:41:14.242Z"}},{"iob":0.175,"basaliob":0.175,"bolussnooze":0,"activity":0.0026,"lastBolusTime":0,"time":"2023-12-28T22:46:14.242Z","iobWithZeroTemp":{"iob":-0.515,"basaliob":-0.515,"bolussnooze":0,"activity":-0.0028,"lastBolusTime":0,"time":"2023-12-28T22:46:14.242Z"}},{"iob":0.162,"basaliob":0.162,"bolussnooze":0,"activity":0.0024,"lastBolusTime":0,"time":"2023-12-28T22:51:14.242Z","iobWithZeroTemp":{"iob":-0.542,"basaliob":-0.542,"bolussnooze":0,"activity":-0.0032,"lastBolusTime":0,"time":"2023-12-28T22:51:14.242Z"}},{"iob":0.151,"basaliob":0.151,"bolussnooze":0,"activity":0.0023,"lastBolusTime":0,"time":"2023-12-28T22:56:14.242Z","iobWithZeroTemp":{"iob":-0.566,"basaliob":-0.566,"bolussnooze":0,"activity":-0.0035,"lastBolusTime":0,"time":"2023-12-28T22:56:14.242Z"}},{"iob":0.14,"basaliob":0.14,"bolussnooze":0,"activity":0.0021,"lastBolusTime":0,"time":"2023-12-28T23:01:14.242Z","iobWithZeroTemp":{"iob":-0.59,"basaliob":-0.59,"bolussnooze":0,"activity":-0.0039,"lastBolusTime":0,"time":"2023-12-28T23:01:14.242Z"}},{"iob":0.129,"basaliob":0.129,"bolussnooze":0,"activity":0.002,"lastBolusTime":0,"time":"2023-12-28T23:06:14.242Z","iobWithZeroTemp":{"iob":-0.591,"basaliob":-0.591,"bolussnooze":0,"activity":-0.0041,"lastBolusTime":0,"time":"2023-12-28T23:06:14.242Z"}},{"iob":0.12,"basaliob":0.12,"bolussnooze":0,"activity":0.0019,"lastBolusTime":0,"time":"2023-12-28T23:11:14.242Z","iobWithZeroTemp":{"iob":-0.59,"basaliob":-0.59,"bolussnooze":0,"activity":-0.0043,"lastBolusTime":0,"time":"2023-12-28T23:11:14.242Z"}},{"iob":0.111,"basaliob":0.111,"bolussnooze":0,"activity":0.0017,"lastBolusTime":0,"time":"2023-12-28T23:16:14.242Z","iobWithZeroTemp":{"iob":-0.589,"basaliob":-0.589,"bolussnooze":0,"activity":-0.0046,"lastBolusTime":0,"time":"2023-12-28T23:16:14.242Z"}},{"iob":0.102,"basaliob":0.102,"bolussnooze":0,"activity":0.0016,"lastBolusTime":0,"time":"2023-12-28T23:21:14.242Z","iobWithZeroTemp":{"iob":-0.588,"basaliob":-0.588,"bolussnooze":0,"activity":-0.0047,"lastBolusTime":0,"time":"2023-12-28T23:21:14.242Z"}},{"iob":0.094,"basaliob":0.094,"bolussnooze":0,"activity":0.0015,"lastBolusTime":0,"time":"2023-12-28T23:26:14.242Z","iobWithZeroTemp":{"iob":-0.585,"basaliob":-0.585,"bolussnooze":0,"activity":-0.0049,"lastBolusTime":0,"time":"2023-12-28T23:26:14.242Z"}},{"iob":0.087,"basaliob":0.087,"bolussnooze":0,"activity":0.0014,"lastBolusTime":0,"time":"2023-12-28T23:31:14.242Z","iobWithZeroTemp":{"iob":-0.581,"basaliob":-0.581,"bolussnooze":0,"activity":-0.005,"lastBolusTime":0,"time":"2023-12-28T23:31:14.242Z"}},{"iob":0.08,"basaliob":0.08,"bolussnooze":0,"activity":0.0013,"lastBolusTime":0,"time":"2023-12-28T23:36:14.242Z","iobWithZeroTemp":{"iob":-0.577,"basaliob":-0.577,"bolussnooze":0,"activity":-0.005,"lastBolusTime":0,"time":"2023-12-28T23:36:14.242Z"}},{"iob":0.074,"basaliob":0.074,"bolussnooze":0,"activity":0.0012,"lastBolusTime":0,"time":"2023-12-28T23:41:14.242Z","iobWithZeroTemp":{"iob":-0.573,"basaliob":-0.573,"bolussnooze":0,"activity":-0.0051,"lastBolusTime":0,"time":"2023-12-28T23:41:14.242Z"}},{"iob":0.068,"basaliob":0.068,"bolussnooze":0,"activity":0.0011,"lastBolusTime":0,"time":"2023-12-28T23:46:14.242Z","iobWithZeroTemp":{"iob":-0.568,"basaliob":-0.568,"bolussnooze":0,"activity":-0.0052,"lastBolusTime":0,"time":"2023-12-28T23:46:14.242Z"}},{"iob":0.063,"basaliob":0.063,"bolussnooze":0,"activity":0.001,"lastBolusTime":0,"time":"2023-12-28T23:51:14.242Z","iobWithZeroTemp":{"iob":-0.563,"basaliob":-0.563,"bolussnooze":0,"activity":-0.0052,"lastBolusTime":0,"time":"2023-12-28T23:51:14.242Z"}},{"iob":0.058,"basaliob":0.058,"bolussnooze":0,"activity":0.001,"lastBolusTime":0,"time":"2023-12-28T23:56:14.242Z","iobWithZeroTemp":{"iob":-0.558,"basaliob":-0.558,"bolussnooze":0,"activity":-0.0052,"lastBolusTime":0,"time":"2023-12-28T23:56:14.242Z"}},{"iob":0.053,"basaliob":0.053,"bolussnooze":0,"activity":9.0E-4,"lastBolusTime":0,"time":"2023-12-29T00:01:14.242Z","iobWithZeroTemp":{"iob":-0.553,"basaliob":-0.553,"bolussnooze":0,"activity":-0.0052,"lastBolusTime":0,"time":"2023-12-29T00:01:14.242Z"}},{"iob":0.049,"basaliob":0.049,"bolussnooze":0,"activity":8.0E-4,"lastBolusTime":0,"time":"2023-12-29T00:06:14.242Z","iobWithZeroTemp":{"iob":-0.548,"basaliob":-0.548,"bolussnooze":0,"activity":-0.0052,"lastBolusTime":0,"time":"2023-12-29T00:06:14.242Z"}},{"iob":0.045,"basaliob":0.045,"bolussnooze":0,"activity":8.0E-4,"lastBolusTime":0,"time":"2023-12-29T00:11:14.242Z","iobWithZeroTemp":{"iob":-0.542,"basaliob":-0.542,"bolussnooze":0,"activity":-0.0052,"lastBolusTime":0,"time":"2023-12-29T00:11:14.242Z"}},{"iob":0.041,"basaliob":0.041,"bolussnooze":0,"activity":7.0E-4,"lastBolusTime":0,"time":"2023-12-29T00:16:14.242Z","iobWithZeroTemp":{"iob":-0.538,"basaliob":-0.538,"bolussnooze":0,"activity":-0.0052,"lastBolusTime":0,"time":"2023-12-29T00:16:14.242Z"}},{"iob":0.038,"basaliob":0.038,"bolussnooze":0,"activity":7.0E-4,"lastBolusTime":0,"time":"2023-12-29T00:21:14.242Z","iobWithZeroTemp":{"iob":-0.532,"basaliob":-0.532,"bolussnooze":0,"activity":-0.0051,"lastBolusTime":0,"time":"2023-12-29T00:21:14.242Z"}},{"iob":0.034,"basaliob":0.034,"bolussnooze":0,"activity":6.0E-4,"lastBolusTime":0,"time":"2023-12-29T00:26:14.242Z","iobWithZeroTemp":{"iob":-0.528,"basaliob":-0.528,"bolussnooze":0,"activity":-0.0051,"lastBolusTime":0,"time":"2023-12-29T00:26:14.242Z"}},{"iob":0.031,"basaliob":0.031,"bolussnooze":0,"activity":6.0E-4,"lastBolusTime":0,"time":"2023-12-29T00:31:14.242Z","iobWithZeroTemp":{"iob":-0.524,"basaliob":-0.524,"bolussnooze":0,"activity":-0.0051,"lastBolusTime":0,"time":"2023-12-29T00:31:14.242Z"}},{"iob":0.029,"basaliob":0.029,"bolussnooze":0,"activity":5.0E-4,"lastBolusTime":0,"time":"2023-12-29T00:36:14.242Z","iobWithZeroTemp":{"iob":-0.518,"basaliob":-0.518,"bolussnooze":0,"activity":-0.0051,"lastBolusTime":0,"time":"2023-12-29T00:36:14.242Z"}},{"iob":0.026,"basaliob":0.026,"bolussnooze":0,"activity":5.0E-4,"lastBolusTime":0,"time":"2023-12-29T00:41:14.242Z","iobWithZeroTemp":{"iob":-0.515,"basaliob":-0.515,"bolussnooze":0,"activity":-0.005,"lastBolusTime":0,"time":"2023-12-29T00:41:14.242Z"}}],"profile":{"max_iob":4,"type":"current","max_daily_basal":0.5,"max_basal":1.5,"min_bg":90,"max_bg":90,"target_bg":90,"carb_ratio":20,"sens":117,"max_daily_safety_multiplier":3,"current_basal_safety_multiplier":4,"lgsThreshold":65,"high_temptarget_raises_sensitivity":false,"low_temptarget_lowers_sensitivity":false,"sensitivity_raises_target":true,"resistance_lowers_target":true,"adv_target_adjustments":false,"exercise_mode":false,"half_basal_exercise_target":160,"maxCOB":120,"skip_neutral_temps":false,"remainingCarbsCap":90,"enableUAM":true,"A52_risk_enable":false,"SMBInterval":3,"enableSMB_with_COB":true,"enableSMB_with_temptarget":true,"allowSMB_with_high_temptarget":false,"enableSMB_always":false,"enableSMB_after_carbs":false,"maxSMBBasalMinutes":75,"maxUAMSMBBasalMinutes":75,"bolus_increment":0.05,"carbsReqThreshold":10,"current_basal":0.5,"temptargetSet":false,"autosens_max":1.2,"autosens_min":0.7,"out_units":"mmol\/L","variable_sens":107.8,"insulinDivisor":65,"TDD":12.73684761904762},"autosens_data":{"ratio":1},"meal_data":{"carbs":0,"mealCOB":0,"slopeFromMaxDeviation":-0.7911000000000001,"slopeFromMinDeviation":0.26533333333333325,"lastBolusTime":1703754675154,"lastCarbTime":0},"microBolusAllowed":true,"currentTime":1703796375667,"flatBGsDetected":false,"tdd1D":11.195833333333328,"tdd7D":12.08690476190476,"tddLast24H":13.099999999999987,"tddLast4H":2.6250000000000018,"tddLast8to4H":2.179166666666667},"output":{"temp":"absolute","bg":176,"tick":"+1","eventualBG":118,"targetBG":90,"insulinReq":0.2,"deliverAt":"2023-12-28T20:46:15.667Z","sensitivityRatio":1,"variable_sens":107.8,"predBGs":{"IOB":[176,176,176,176,175,174,173,171,169,167,164,162,159,156,153,150,148,145,143,141,139,137,135,133,131,129,128,126,125,124,122,121,120,119,118,117,116,116,115,114,114,113,113,112,112,111,111,110],"ZT":[176,173,169,166,162,159,155,152,149,147,144,142,140,139,138,137,136,136,136,136,136],"UAM":[176,176,175,173,171,167,164,160,157,153,150,147,144,141,138,135,132,130,127,125,122,120,118,116,114,112,111,109,107,106,105,103,102,101,100,99,98,97,96,96,95,94,94,93,93,92,92,91]},"reason":"COB: 0, Dev: 1.3, BGI: -0.2, ISF: 6.0, CR: 20, Target: 5.0, minPredBG 6.3, minGuardBG 5.1, IOBpredBG 6.1, UAMpredBG 5.1; Eventual BG 6.6 >= 5.0, temp 0.80 < 0.9U\/hr. ","COB":0,"IOB":0.761,"duration":30,"rate":0.9,"timestamp":"2023-12-28T20:46:15.701Z"}}