{"algorithm":"OpenAPSSMBDynamicISFPlugin","input":{"glucoseStatus":{"glucose":115,"noise":0,"delta":0.33,"short_avgdelta":-0.13,"long_avgdelta":-0.5,"date":1703721319352},"currenttemp":{"temp":"absolute","duration":20,"rate":0.15,"minutesrunning":10},"iob_data":[{"iob":0.148,"basaliob":-0.136,"bolussnooze":0,"activity":0.0024,"lastBolusTime":1703720173636,"time":"2023-12-27T23:56:12.383Z","iobWithZeroTemp":{"iob":0.148,"basaliob":-0.136,"bolussnooze":0,"activity":0.0024,"lastBolusTime":1703720173636,"time":"2023-12-27T23:56:12.383Z"}},{"iob":0.137,"basaliob":-0.129,"bolussnooze":0,"activity":0.0023,"lastBolusTime":1703720173636,"time":"2023-12-28T00:01:12.383Z","iobWithZeroTemp":{"iob":0.12,"basaliob":-0.146,"bolussnooze":0,"activity":0.0023,"lastBolusTime":1703720173636,"time":"2023-12-28T00:01:12.383Z"}},{"iob":0.126,"basaliob":-0.123,"bolussnooze":0,"activity":0.0021,"lastBolusTime":1703720173636,"time":"2023-12-28T00:06:12.383Z","iobWithZeroTemp":{"iob":0.089,"basaliob":-0.16,"bolussnooze":0,"activity":0.002,"lastBolusTime":1703720173636,"time":"2023-12-28T00:06:12.383Z"}},{"iob":0.116,"basaliob":-0.116,"bolussnooze":0,"activity":0.0019,"lastBolusTime":1703720173636,"time":"2023-12-28T00:11:12.383Z","iobWithZeroTemp":{"iob":0.058,"basaliob":-0.174,"bolussnooze":0,"activity":0.0018,"lastBolusTime":1703720173636,"time":"2023-12-28T00:11:12.383Z"}},{"iob":0.107,"basaliob":-0.11,"bolussnooze":0,"activity":0.0018,"lastBolusTime":1703720173636,"time":"2023-12-28T00:16:12.383Z","iobWithZeroTemp":{"iob":0.029,"basaliob":-0.188,"bolussnooze":0,"activity":0.0016,"lastBolusTime":1703720173636,"time":"2023-12-28T00:16:12.383Z"}},{"iob":0.098,"basaliob":-0.104,"bolussnooze":0,"activity":0.0017,"lastBolusTime":1703720173636,"time":"2023-12-28T00:21:12.383Z","iobWithZeroTemp":{"iob":0.001,"basaliob":-0.201,"bolussnooze":0,"activity":0.0014,"lastBolusTime":1703720173636,"time":"2023-12-28T00:21:12.383Z"}},{"iob":0.09,"basaliob":-0.098,"bolussnooze":0,"activity":0.0015,"lastBolusTime":1703720173636,"time":"2023-12-28T00:26:12.383Z","iobWithZeroTemp":{"iob":-0.026,"basaliob":-0.214,"bolussnooze":0,"activity":0.0011,"lastBolusTime":1703720173636,"time":"2023-12-28T00:26:12.383Z"}},{"iob":0.082,"basaliob":-0.093,"bolussnooze":0,"activity":0.0014,"lastBolusTime":1703720173636,"time":"2023-12-28T00:31:12.383Z","iobWithZeroTemp":{"iob":-0.053,"basaliob":-0.228,"bolussnooze":0,"activity":9.0E-4,"lastBolusTime":1703720173636,"time":"2023-12-28T00:31:12.383Z"}},{"iob":0.076,"basaliob":-0.087,"bolussnooze":0,"activity":0.0013,"lastBolusTime":1703720173636,"time":"2023-12-28T00:36:12.383Z","iobWithZeroTemp":{"iob":-0.077,"basaliob":-0.24,"bolussnooze":0,"activity":6.0E-4,"lastBolusTime":1703720173636,"time":"2023-12-28T00:36:12.383Z"}},{"iob":0.069,"basaliob":-0.082,"bolussnooze":0,"activity":0.0012,"lastBolusTime":1703720173636,"time":"2023-12-28T00:41:12.383Z","iobWithZeroTemp":{"iob":-0.101,"basaliob":-0.252,"bolussnooze":0,"activity":4.0E-4,"lastBolusTime":1703720173636,"time":"2023-12-28T00:41:12.383Z"}},{"iob":0.063,"basaliob":-0.077,"bolussnooze":0,"activity":0.0011,"lastBolusTime":1703720173636,"time":"2023-12-28T00:46:12.383Z","iobWithZeroTemp":{"iob":-0.123,"basaliob":-0.263,"bolussnooze":0,"activity":1.0E-4,"lastBolusTime":1703720173636,"time":"2023-12-28T00:46:12.383Z"}},{"iob":0.058,"basaliob":-0.072,"bolussnooze":0,"activity":0.0011,"lastBolusTime":1703720173636,"time":"2023-12-28T00:51:12.383Z","iobWithZeroTemp":{"iob":-0.144,"basaliob":-0.274,"bolussnooze":0,"activity":0,"lastBolusTime":1703720173636,"time":"2023-12-28T00:51:12.383Z"}},{"iob":0.053,"basaliob":-0.068,"bolussnooze":0,"activity":9.0E-4,"lastBolusTime":1703720173636,"time":"2023-12-28T00:56:12.383Z","iobWithZeroTemp":{"iob":-0.164,"basaliob":-0.285,"bolussnooze":0,"activity":-3.0E-4,"lastBolusTime":1703720173636,"time":"2023-12-28T00:56:12.383Z"}},{"iob":0.049,"basaliob":-0.063,"bolussnooze":0,"activity":9.0E-4,"lastBolusTime":1703720173636,"time":"2023-12-28T01:01:12.383Z","iobWithZeroTemp":{"iob":-0.182,"basaliob":-0.294,"bolussnooze":0,"activity":-5.0E-4,"lastBolusTime":1703720173636,"time":"2023-12-28T01:01:12.383Z"}},{"iob":0.044,"basaliob":-0.059,"bolussnooze":0,"activity":8.0E-4,"lastBolusTime":1703720173636,"time":"2023-12-28T01:06:12.383Z","iobWithZeroTemp":{"iob":-0.201,"basaliob":-0.304,"bolussnooze":0,"activity":-7.0E-4,"lastBolusTime":1703720173636,"time":"2023-12-28T01:06:12.383Z"}},{"iob":0.041,"basaliob":-0.055,"bolussnooze":0,"activity":7.0E-4,"lastBolusTime":1703720173636,"time":"2023-12-28T01:11:12.383Z","iobWithZeroTemp":{"iob":-0.216,"basaliob":-0.312,"bolussnooze":0,"activity":-0.001,"lastBolusTime":1703720173636,"time":"2023-12-28T01:11:12.383Z"}},{"iob":0.036,"basaliob":-0.052,"bolussnooze":0,"activity":7.0E-4,"lastBolusTime":1703720173636,"time":"2023-12-28T01:16:12.383Z","iobWithZeroTemp":{"iob":-0.234,"basaliob":-0.322,"bolussnooze":0,"activity":-0.0011,"lastBolusTime":1703720173636,"time":"2023-12-28T01:16:12.383Z"}},{"iob":0.033,"basaliob":-0.048,"bolussnooze":0,"activity":6.0E-4,"lastBolusTime":1703720173636,"time":"2023-12-28T01:21:12.383Z","iobWithZeroTemp":{"iob":-0.248,"basaliob":-0.329,"bolussnooze":0,"activity":-0.0013,"lastBolusTime":1703720173636,"time":"2023-12-28T01:21:12.383Z"}},{"iob":0.03,"basaliob":-0.045,"bolussnooze":0,"activity":6.0E-4,"lastBolusTime":1703720173636,"time":"2023-12-28T01:26:12.383Z","iobWithZeroTemp":{"iob":-0.262,"basaliob":-0.337,"bolussnooze":0,"activity":-0.0015,"lastBolusTime":1703720173636,"time":"2023-12-28T01:26:12.383Z"}},{"iob":0.027,"basaliob":-0.042,"bolussnooze":0,"activity":5.0E-4,"lastBolusTime":1703720173636,"time":"2023-12-28T01:31:12.383Z","iobWithZeroTemp":{"iob":-0.275,"basaliob":-0.344,"bolussnooze":0,"activity":-0.0017,"lastBolusTime":1703720173636,"time":"2023-12-28T01:31:12.383Z"}},{"iob":0.025,"basaliob":-0.039,"bolussnooze":0,"activity":5.0E-4,"lastBolusTime":1703720173636,"time":"2023-12-28T01:36:12.383Z","iobWithZeroTemp":{"iob":-0.287,"basaliob":-0.351,"bolussnooze":0,"activity":-0.0018,"lastBolusTime":1703720173636,"time":"2023-12-28T01:36:12.383Z"}},{"iob":0.023,"basaliob":-0.036,"bolussnooze":0,"activity":5.0E-4,"lastBolusTime":1703720173636,"time":"2023-12-28T01:41:12.383Z","iobWithZeroTemp":{"iob":-0.298,"basaliob":-0.357,"bolussnooze":0,"activity":-0.0019,"lastBolusTime":1703720173636,"time":"2023-12-28T01:41:12.383Z"}},{"iob":0.021,"basaliob":-0.033,"bolussnooze":0,"activity":4.0E-4,"lastBolusTime":1703720173636,"time":"2023-12-28T01:46:12.383Z","iobWithZeroTemp":{"iob":-0.309,"basaliob":-0.363,"bolussnooze":0,"activity":-0.0021,"lastBolusTime":1703720173636,"time":"2023-12-28T01:46:12.383Z"}},{"iob":0.019,"basaliob":-0.031,"bolussnooze":0,"activity":3.0E-4,"lastBolusTime":1703720173636,"time":"2023-12-28T01:51:12.383Z","iobWithZeroTemp":{"iob":-0.319,"basaliob":-0.369,"bolussnooze":0,"activity":-0.0023,"lastBolusTime":1703720173636,"time":"2023-12-28T01:51:12.383Z"}},{"iob":0.017,"basaliob":-0.029,"bolussnooze":0,"activity":4.0E-4,"lastBolusTime":1703720173636,"time":"2023-12-28T01:56:12.383Z","iobWithZeroTemp":{"iob":-0.328,"basaliob":-0.374,"bolussnooze":0,"activity":-0.0023,"lastBolusTime":1703720173636,"time":"2023-12-28T01:56:12.383Z"}},{"iob":0.015,"basaliob":-0.027,"bolussnooze":0,"activity":3.0E-4,"lastBolusTime":1703720173636,"time":"2023-12-28T02:01:12.383Z","iobWithZeroTemp":{"iob":-0.337,"basaliob":-0.379,"bolussnooze":0,"activity":-0.0025,"lastBolusTime":1703720173636,"time":"2023-12-28T02:01:12.383Z"}},{"iob":0.013,"basaliob":-0.025,"bolussnooze":0,"activity":3.0E-4,"lastBolusTime":1703720173636,"time":"2023-12-28T02:06:12.383Z","iobWithZeroTemp":{"iob":-0.346,"basaliob":-0.384,"bolussnooze":0,"activity":-0.0026,"lastBolusTime":1703720173636,"time":"2023-12-28T02:06:12.383Z"}},{"iob":0.012,"basaliob":-0.023,"bolussnooze":0,"activity":2.0E-4,"lastBolusTime":1703720173636,"time":"2023-12-28T02:11:12.383Z","iobWithZeroTemp":{"iob":-0.353,"basaliob":-0.388,"bolussnooze":0,"activity":-0.0028,"lastBolusTime":1703720173636,"time":"2023-12-28T02:11:12.383Z"}},{"iob":0.011,"basaliob":-0.021,"bolussnooze":0,"activity":3.0E-4,"lastBolusTime":1703720173636,"time":"2023-12-28T02:16:12.383Z","iobWithZeroTemp":{"iob":-0.36,"basaliob":-0.392,"bolussnooze":0,"activity":-0.0028,"lastBolusTime":1703720173636,"time":"2023-12-28T02:16:12.383Z"}},{"iob":0.009,"basaliob":-0.02,"bolussnooze":0,"activity":2.0E-4,"lastBolusTime":1703720173636,"time":"2023-12-28T02:21:12.383Z","iobWithZeroTemp":{"iob":-0.367,"basaliob":-0.396,"bolussnooze":0,"activity":-0.0029,"lastBolusTime":1703720173636,"time":"2023-12-28T02:21:12.383Z"}},{"iob":0.009,"basaliob":-0.018,"bolussnooze":0,"activity":2.0E-4,"lastBolusTime":1703720173636,"time":"2023-12-28T02:26:12.383Z","iobWithZeroTemp":{"iob":-0.372,"basaliob":-0.399,"bolussnooze":0,"activity":-0.003,"lastBolusTime":1703720173636,"time":"2023-12-28T02:26:12.383Z"}},{"iob":0.008,"basaliob":-0.017,"bolussnooze":0,"activity":1.0E-4,"lastBolusTime":1703720173636,"time":"2023-12-28T02:31:12.383Z","iobWithZeroTemp":{"iob":-0.377,"basaliob":-0.402,"bolussnooze":0,"activity":-0.0032,"lastBolusTime":1703720173636,"time":"2023-12-28T02:31:12.383Z"}},{"iob":0.007,"basaliob":-0.015,"bolussnooze":0,"activity":1.0E-4,"lastBolusTime":1703720173636,"time":"2023-12-28T02:36:12.383Z","iobWithZeroTemp":{"iob":-0.383,"basaliob":-0.405,"bolussnooze":0,"activity":-0.0032,"lastBolusTime":1703720173636,"time":"2023-12-28T02:36:12.383Z"}},{"iob":0.006,"basaliob":-0.014,"bolussnooze":0,"activity":2.0E-4,"lastBolusTime":1703720173636,"time":"2023-12-28T02:41:12.383Z","iobWithZeroTemp":{"iob":-0.388,"basaliob":-0.408,"bolussnooze":0,"activity":-0.0032,"lastBolusTime":1703720173636,"time":"2023-12-28T02:41:12.383Z"}},{"iob":0.006,"basaliob":-0.013,"bolussnooze":0,"activity":1.0E-4,"lastBolusTime":1703720173636,"time":"2023-12-28T02:46:12.383Z","iobWithZeroTemp":{"iob":-0.391,"basaliob":-0.41,"bolussnooze":0,"activity":-0.0034,"lastBolusTime":1703720173636,"time":"2023-12-28T02:46:12.383Z"}},{"iob":0.005,"basaliob":-0.012,"bolussnooze":0,"activity":1.0E-4,"lastBolusTime":1703720173636,"time":"2023-12-28T02:51:12.383Z","iobWithZeroTemp":{"iob":-0.396,"basaliob":-0.413,"bolussnooze":0,"activity":-0.0034,"lastBolusTime":1703720173636,"time":"2023-12-28T02:51:12.383Z"}},{"iob":0.004,"basaliob":-0.011,"bolussnooze":0,"activity":1.0E-4,"lastBolusTime":1703720173636,"time":"2023-12-28T02:56:12.383Z","iobWithZeroTemp":{"iob":-0.4,"basaliob":-0.415,"bolussnooze":0,"activity":-0.0035,"lastBolusTime":1703720173636,"time":"2023-12-28T02:56:12.383Z"}},{"iob":0.004,"basaliob":-0.01,"bolussnooze":0,"activity":1.0E-4,"lastBolusTime":1703720173636,"time":"2023-12-28T03:01:12.383Z","iobWithZeroTemp":{"iob":-0.403,"basaliob":-0.417,"bolussnooze":0,"activity":-0.0035,"lastBolusTime":1703720173636,"time":"2023-12-28T03:01:12.383Z"}},{"iob":0.004,"basaliob":-0.009,"bolussnooze":0,"activity":0,"lastBolusTime":1703720173636,"time":"2023-12-28T03:06:12.383Z","iobWithZeroTemp":{"iob":-0.406,"basaliob":-0.419,"bolussnooze":0,"activity":-0.0036,"lastBolusTime":1703720173636,"time":"2023-12-28T03:06:12.383Z"}},{"iob":0.003,"basaliob":-0.009,"bolussnooze":0,"activity":1.0E-4,"lastBolusTime":1703720173636,"time":"2023-12-28T03:11:12.383Z","iobWithZeroTemp":{"iob":-0.409,"basaliob":-0.421,"bolussnooze":0,"activity":-0.0036,"lastBolusTime":1703720173636,"time":"2023-12-28T03:11:12.383Z"}},{"iob":0.002,"basaliob":-0.008,"bolussnooze":0,"activity":1.0E-4,"lastBolusTime":1703720173636,"time":"2023-12-28T03:16:12.383Z","iobWithZeroTemp":{"iob":-0.413,"basaliob":-0.423,"bolussnooze":0,"activity":-0.0036,"lastBolusTime":1703720173636,"time":"2023-12-28T03:16:12.383Z"}},{"iob":0.002,"basaliob":-0.007,"bolussnooze":0,"activity":1.0E-4,"lastBolusTime":1703720173636,"time":"2023-12-28T03:21:12.383Z","iobWithZeroTemp":{"iob":-0.415,"basaliob":-0.424,"bolussnooze":0,"activity":-0.0037,"lastBolusTime":1703720173636,"time":"2023-12-28T03:21:12.383Z"}},{"iob":0.002,"basaliob":-0.007,"bolussnooze":0,"activity":1.0E-4,"lastBolusTime":1703720173636,"time":"2023-12-28T03:26:12.383Z","iobWithZeroTemp":{"iob":-0.417,"basaliob":-0.426,"bolussnooze":0,"activity":-0.0037,"lastBolusTime":1703720173636,"time":"2023-12-28T03:26:12.383Z"}},{"iob":0.002,"basaliob":-0.006,"bolussnooze":0,"activity":1.0E-4,"lastBolusTime":1703720173636,"time":"2023-12-28T03:31:12.383Z","iobWithZeroTemp":{"iob":-0.419,"basaliob":-0.427,"bolussnooze":0,"activity":-0.0037,"lastBolusTime":1703720173636,"time":"2023-12-28T03:31:12.383Z"}},{"iob":0.002,"basaliob":-0.005,"bolussnooze":0,"activity":0,"lastBolusTime":1703720173636,"time":"2023-12-28T03:36:12.383Z","iobWithZeroTemp":{"iob":-0.42,"basaliob":-0.427,"bolussnooze":0,"activity":-0.0038,"lastBolusTime":1703720173636,"time":"2023-12-28T03:36:12.383Z"}},{"iob":0.001,"basaliob":-0.005,"bolussnooze":0,"activity":0,"lastBolusTime":1703720173636,"time":"2023-12-28T03:41:12.383Z","iobWithZeroTemp":{"iob":-0.423,"basaliob":-0.429,"bolussnooze":0,"activity":-0.0039,"lastBolusTime":1703720173636,"time":"2023-12-28T03:41:12.383Z"}},{"iob":0.001,"basaliob":-0.005,"bolussnooze":0,"activity":0,"lastBolusTime":1703720173636,"time":"2023-12-28T03:46:12.383Z","iobWithZeroTemp":{"iob":-0.424,"basaliob":-0.43,"bolussnooze":0,"activity":-0.0039,"lastBolusTime":1703720173636,"time":"2023-12-28T03:46:12.383Z"}},{"iob":0.001,"basaliob":-0.004,"bolussnooze":0,"activity":0,"lastBolusTime":1703720173636,"time":"2023-12-28T03:51:12.383Z","iobWithZeroTemp":{"iob":-0.426,"basaliob":-0.431,"bolussnooze":0,"activity":-0.0039,"lastBolusTime":1703720173636,"time":"2023-12-28T03:51:12.383Z"}}],"profile":{"max_iob":4,"type":"current","max_daily_basal":0.5,"max_basal":1,"min_bg":95.4,"max_bg":95.4,"target_bg":95.4,"carb_ratio":25,"sens":142.20000000000002,"max_daily_safety_multiplier":3,"current_basal_safety_multiplier":4,"lgsThreshold":65,"high_temptarget_raises_sensitivity":false,"low_temptarget_lowers_sensitivity":false,"sensitivity_raises_target":true,"resistance_lowers_target":true,"adv_target_adjustments":false,"exercise_mode":false,"half_basal_exercise_target":160,"maxCOB":120,"skip_neutral_temps":false,"remainingCarbsCap":90,"enableUAM":true,"A52_risk_enable":false,"SMBInterval":3,"enableSMB_with_COB":true,"enableSMB_with_temptarget":true,"allowSMB_with_high_temptarget":false,"enableSMB_always":false,"enableSMB_after_carbs":false,"maxSMBBasalMinutes":75,"maxUAMSMBBasalMinutes":75,"bolus_increment":0.05,"carbsReqThreshold":10,"current_basal":0.25,"temptargetSet":true,"autosens_max":1.2,"autosens_min":0.7,"out_units":"mmol\/L","variable_sens":127.6,"insulinDivisor":65,"TDD":13.848947619047618},"autosens_data":{"ratio":1},"meal_data":{"carbs":0,"mealCOB":0,"slopeFromMaxDeviation":-0.26666666666666666,"slopeFromMinDeviation":0.19837500000000002,"lastBolusTime":1703720173636,"lastCarbTime":0},"microBolusAllowed":true,"currentTime":1703721373904,"flatBGsDetected":false,"tdd1D":11.195833333333328,"tdd7D":12.08690476190476,"tddLast24H":11.16249999999999,"tddLast4H":3.354166666666667,"tddLast8to4H":2.35},"output":{"temp":"absolute","bg":115,"tick":"+0","eventualBG":104,"targetBG":95.4,"insulinReq":0.06,"deliverAt":"2023-12-27T23:56:13.904Z","sensitivityRatio":1,"variable_sens":127.6,"predBGs":{"IOB":[115,115,114,114,114,114,113,113,112,112,111,111,110,109,109,108,108,107,107,107,106,106,106,105,105,105,105,104,104,104,104,104,104,104,103],"ZT":[115,113,112,111,110,108,108,107,106,106,106,105,105,106,106,106],"UAM":[115,115,114,113,112,111,110,109,108,107,107,106,105,104,104,103,103,102,102,102,101,101,100,100,100,100,99,99,99,99,99,99,99,99,98]},"reason":"COB: 0, Dev: 0.4, BGI: -0.1, ISF: 7.1, CR: 25, Target: 5.3, minPredBG 5.7, minGuardBG 5.4, IOBpredBG 5.7, UAMpredBG 5.4; Eventual BG 5.8 >= 5.3,  insulinReq 0.06. temp 0.15 < 0.37U\/hr. ","COB":0,"IOB":0.148,"duration":30,"rate":0.37,"timestamp":"2023-12-27T23:56:13.925Z"}}