{"algorithm":"OpenAPSSMBDynamicISFPlugin","input":{"glucoseStatus":{"glucose":175,"noise":0,"delta":-0.67,"short_avgdelta":-0.5,"long_avgdelta":0.43,"date":1703795422569},"currenttemp":{"temp":"absolute","duration":20,"rate":0.8,"minutesrunning":10},"iob_data":[{"iob":0.777,"basaliob":0.777,"bolussnooze":0,"activity":0.0057,"lastBolusTime":0,"time":"2023-12-28T20:31:14.274Z","iobWithZeroTemp":{"iob":0.777,"basaliob":0.777,"bolussnooze":0,"activity":0.0057,"lastBolusTime":0,"time":"2023-12-28T20:31:14.274Z"}},{"iob":0.748,"basaliob":0.748,"bolussnooze":0,"activity":0.0059,"lastBolusTime":0,"time":"2023-12-28T20:36:14.274Z","iobWithZeroTemp":{"iob":0.715,"basaliob":0.715,"bolussnooze":0,"activity":0.0059,"lastBolusTime":0,"time":"2023-12-28T20:36:14.274Z"}},{"iob":0.717,"basaliob":0.717,"bolussnooze":0,"activity":0.0061,"lastBolusTime":0,"time":"2023-12-28T20:41:14.274Z","iobWithZeroTemp":{"iob":0.642,"basaliob":0.642,"bolussnooze":0,"activity":0.006,"lastBolusTime":0,"time":"2023-12-28T20:41:14.274Z"}},{"iob":0.687,"basaliob":0.687,"bolussnooze":0,"activity":0.0062,"lastBolusTime":0,"time":"2023-12-28T20:46:14.274Z","iobWithZeroTemp":{"iob":0.571,"basaliob":0.571,"bolussnooze":0,"activity":0.006,"lastBolusTime":0,"time":"2023-12-28T20:46:14.274Z"}},{"iob":0.656,"basaliob":0.656,"bolussnooze":0,"activity":0.0062,"lastBolusTime":0,"time":"2023-12-28T20:51:14.274Z","iobWithZeroTemp":{"iob":0.5,"basaliob":0.5,"bolussnooze":0,"activity":0.0058,"lastBolusTime":0,"time":"2023-12-28T20:51:14.274Z"}},{"iob":0.625,"basaliob":0.625,"bolussnooze":0,"activity":0.0062,"lastBolusTime":0,"time":"2023-12-28T20:56:14.274Z","iobWithZeroTemp":{"iob":0.43,"basaliob":0.43,"bolussnooze":0,"activity":0.0056,"lastBolusTime":0,"time":"2023-12-28T20:56:14.274Z"}},{"iob":0.594,"basaliob":0.594,"bolussnooze":0,"activity":0.0061,"lastBolusTime":0,"time":"2023-12-28T21:01:14.274Z","iobWithZeroTemp":{"iob":0.361,"basaliob":0.361,"bolussnooze":0,"activity":0.0053,"lastBolusTime":0,"time":"2023-12-28T21:01:14.274Z"}},{"iob":0.564,"basaliob":0.564,"bolussnooze":0,"activity":0.006,"lastBolusTime":0,"time":"2023-12-28T21:06:14.274Z","iobWithZeroTemp":{"iob":0.294,"basaliob":0.294,"bolussnooze":0,"activity":0.0049,"lastBolusTime":0,"time":"2023-12-28T21:06:14.274Z"}},{"iob":0.534,"basaliob":0.534,"bolussnooze":0,"activity":0.0059,"lastBolusTime":0,"time":"2023-12-28T21:11:14.274Z","iobWithZeroTemp":{"iob":0.229,"basaliob":0.229,"bolussnooze":0,"activity":0.0045,"lastBolusTime":0,"time":"2023-12-28T21:11:14.274Z"}},{"iob":0.505,"basaliob":0.505,"bolussnooze":0,"activity":0.0057,"lastBolusTime":0,"time":"2023-12-28T21:16:14.274Z","iobWithZeroTemp":{"iob":0.166,"basaliob":0.166,"bolussnooze":0,"activity":0.0041,"lastBolusTime":0,"time":"2023-12-28T21:16:14.274Z"}},{"iob":0.477,"basaliob":0.477,"bolussnooze":0,"activity":0.0055,"lastBolusTime":0,"time":"2023-12-28T21:21:14.274Z","iobWithZeroTemp":{"iob":0.105,"basaliob":0.105,"bolussnooze":0,"activity":0.0036,"lastBolusTime":0,"time":"2023-12-28T21:21:14.274Z"}},{"iob":0.45,"basaliob":0.45,"bolussnooze":0,"activity":0.0053,"lastBolusTime":0,"time":"2023-12-28T21:26:14.274Z","iobWithZeroTemp":{"iob":0.046,"basaliob":0.046,"bolussnooze":0,"activity":0.0031,"lastBolusTime":0,"time":"2023-12-28T21:26:14.274Z"}},{"iob":0.424,"basaliob":0.424,"bolussnooze":0,"activity":0.0051,"lastBolusTime":0,"time":"2023-12-28T21:31:14.274Z","iobWithZeroTemp":{"iob":-0.01,"basaliob":-0.01,"bolussnooze":0,"activity":0.0026,"lastBolusTime":0,"time":"2023-12-28T21:31:14.274Z"}},{"iob":0.399,"basaliob":0.399,"bolussnooze":0,"activity":0.0049,"lastBolusTime":0,"time":"2023-12-28T21:36:14.274Z","iobWithZeroTemp":{"iob":-0.063,"basaliob":-0.063,"bolussnooze":0,"activity":0.0021,"lastBolusTime":0,"time":"2023-12-28T21:36:14.274Z"}},{"iob":0.375,"basaliob":0.375,"bolussnooze":0,"activity":0.0047,"lastBolusTime":0,"time":"2023-12-28T21:41:14.274Z","iobWithZeroTemp":{"iob":-0.114,"basaliob":-0.114,"bolussnooze":0,"activity":0.0016,"lastBolusTime":0,"time":"2023-12-28T21:41:14.274Z"}},{"iob":0.351,"basaliob":0.351,"bolussnooze":0,"activity":0.0045,"lastBolusTime":0,"time":"2023-12-28T21:46:14.274Z","iobWithZeroTemp":{"iob":-0.164,"basaliob":-0.164,"bolussnooze":0,"activity":0.0012,"lastBolusTime":0,"time":"2023-12-28T21:46:14.274Z"}},{"iob":0.329,"basaliob":0.329,"bolussnooze":0,"activity":0.0043,"lastBolusTime":0,"time":"2023-12-28T21:51:14.274Z","iobWithZeroTemp":{"iob":-0.21,"basaliob":-0.21,"bolussnooze":0,"activity":7.0E-4,"lastBolusTime":0,"time":"2023-12-28T21:51:14.274Z"}},{"iob":0.308,"basaliob":0.308,"bolussnooze":0,"activity":0.0041,"lastBolusTime":0,"time":"2023-12-28T21:56:14.274Z","iobWithZeroTemp":{"iob":-0.254,"basaliob":-0.254,"bolussnooze":0,"activity":2.0E-4,"lastBolusTime":0,"time":"2023-12-28T21:56:14.274Z"}},{"iob":0.288,"basaliob":0.288,"bolussnooze":0,"activity":0.0039,"lastBolusTime":0,"time":"2023-12-28T22:01:14.274Z","iobWithZeroTemp":{"iob":-0.296,"basaliob":-0.296,"bolussnooze":0,"activity":-2.0E-4,"lastBolusTime":0,"time":"2023-12-28T22:01:14.274Z"}},{"iob":0.269,"basaliob":0.269,"bolussnooze":0,"activity":0.0037,"lastBolusTime":0,"time":"2023-12-28T22:06:14.274Z","iobWithZeroTemp":{"iob":-0.336,"basaliob":-0.336,"bolussnooze":0,"activity":-7.0E-4,"lastBolusTime":0,"time":"2023-12-28T22:06:14.274Z"}},{"iob":0.252,"basaliob":0.252,"bolussnooze":0,"activity":0.0035,"lastBolusTime":0,"time":"2023-12-28T22:11:14.274Z","iobWithZeroTemp":{"iob":-0.372,"basaliob":-0.372,"bolussnooze":0,"activity":-0.0011,"lastBolusTime":0,"time":"2023-12-28T22:11:14.274Z"}},{"iob":0.235,"basaliob":0.235,"bolussnooze":0,"activity":0.0033,"lastBolusTime":0,"time":"2023-12-28T22:16:14.274Z","iobWithZeroTemp":{"iob":-0.407,"basaliob":-0.407,"bolussnooze":0,"activity":-0.0015,"lastBolusTime":0,"time":"2023-12-28T22:16:14.274Z"}},{"iob":0.219,"basaliob":0.219,"bolussnooze":0,"activity":0.0031,"lastBolusTime":0,"time":"2023-12-28T22:21:14.274Z","iobWithZeroTemp":{"iob":-0.44,"basaliob":-0.44,"bolussnooze":0,"activity":-0.0019,"lastBolusTime":0,"time":"2023-12-28T22:21:14.274Z"}},{"iob":0.204,"basaliob":0.204,"bolussnooze":0,"activity":0.0029,"lastBolusTime":0,"time":"2023-12-28T22:26:14.274Z","iobWithZeroTemp":{"iob":-0.471,"basaliob":-0.471,"bolussnooze":0,"activity":-0.0023,"lastBolusTime":0,"time":"2023-12-28T22:26:14.274Z"}},{"iob":0.189,"basaliob":0.189,"bolussnooze":0,"activity":0.0028,"lastBolusTime":0,"time":"2023-12-28T22:31:14.274Z","iobWithZeroTemp":{"iob":-0.501,"basaliob":-0.501,"bolussnooze":0,"activity":-0.0026,"lastBolusTime":0,"time":"2023-12-28T22:31:14.274Z"}},{"iob":0.176,"basaliob":0.176,"bolussnooze":0,"activity":0.0026,"lastBolusTime":0,"time":"2023-12-28T22:36:14.274Z","iobWithZeroTemp":{"iob":-0.528,"basaliob":-0.528,"bolussnooze":0,"activity":-0.003,"lastBolusTime":0,"time":"2023-12-28T22:36:14.274Z"}},{"iob":0.163,"basaliob":0.163,"bolussnooze":0,"activity":0.0024,"lastBolusTime":0,"time":"2023-12-28T22:41:14.274Z","iobWithZeroTemp":{"iob":-0.554,"basaliob":-0.554,"bolussnooze":0,"activity":-0.0034,"lastBolusTime":0,"time":"2023-12-28T22:41:14.274Z"}},{"iob":0.152,"basaliob":0.152,"bolussnooze":0,"activity":0.0023,"lastBolusTime":0,"time":"2023-12-28T22:46:14.274Z","iobWithZeroTemp":{"iob":-0.578,"basaliob":-0.578,"bolussnooze":0,"activity":-0.0037,"lastBolusTime":0,"time":"2023-12-28T22:46:14.274Z"}},{"iob":0.141,"basaliob":0.141,"bolussnooze":0,"activity":0.0021,"lastBolusTime":0,"time":"2023-12-28T22:51:14.274Z","iobWithZeroTemp":{"iob":-0.6,"basaliob":-0.6,"bolussnooze":0,"activity":-0.004,"lastBolusTime":0,"time":"2023-12-28T22:51:14.274Z"}},{"iob":0.13,"basaliob":0.13,"bolussnooze":0,"activity":0.002,"lastBolusTime":0,"time":"2023-12-28T22:56:14.274Z","iobWithZeroTemp":{"iob":-0.622,"basaliob":-0.622,"bolussnooze":0,"activity":-0.0043,"lastBolusTime":0,"time":"2023-12-28T22:56:14.274Z"}},{"iob":0.121,"basaliob":0.121,"bolussnooze":0,"activity":0.0019,"lastBolusTime":0,"time":"2023-12-28T23:01:14.274Z","iobWithZeroTemp":{"iob":-0.641,"basaliob":-0.641,"bolussnooze":0,"activity":-0.0045,"lastBolusTime":0,"time":"2023-12-28T23:01:14.274Z"}},{"iob":0.112,"basaliob":0.112,"bolussnooze":0,"activity":0.0017,"lastBolusTime":0,"time":"2023-12-28T23:06:14.274Z","iobWithZeroTemp":{"iob":-0.638,"basaliob":-0.638,"bolussnooze":0,"activity":-0.0048,"lastBolusTime":0,"time":"2023-12-28T23:06:14.274Z"}},{"iob":0.103,"basaliob":0.103,"bolussnooze":0,"activity":0.0016,"lastBolusTime":0,"time":"2023-12-28T23:11:14.274Z","iobWithZeroTemp":{"iob":-0.635,"basaliob":-0.635,"bolussnooze":0,"activity":-0.005,"lastBolusTime":0,"time":"2023-12-28T23:11:14.274Z"}},{"iob":0.095,"basaliob":0.095,"bolussnooze":0,"activity":0.0015,"lastBolusTime":0,"time":"2023-12-28T23:16:14.274Z","iobWithZeroTemp":{"iob":-0.631,"basaliob":-0.631,"bolussnooze":0,"activity":-0.0052,"lastBolusTime":0,"time":"2023-12-28T23:16:14.274Z"}},{"iob":0.088,"basaliob":0.088,"bolussnooze":0,"activity":0.0014,"lastBolusTime":0,"time":"2023-12-28T23:21:14.274Z","iobWithZeroTemp":{"iob":-0.626,"basaliob":-0.626,"bolussnooze":0,"activity":-0.0053,"lastBolusTime":0,"time":"2023-12-28T23:21:14.274Z"}},{"iob":0.081,"basaliob":0.081,"bolussnooze":0,"activity":0.0013,"lastBolusTime":0,"time":"2023-12-28T23:26:14.274Z","iobWithZeroTemp":{"iob":-0.62,"basaliob":-0.62,"bolussnooze":0,"activity":-0.0054,"lastBolusTime":0,"time":"2023-12-28T23:26:14.274Z"}},{"iob":0.075,"basaliob":0.075,"bolussnooze":0,"activity":0.0012,"lastBolusTime":0,"time":"2023-12-28T23:31:14.274Z","iobWithZeroTemp":{"iob":-0.614,"basaliob":-0.614,"bolussnooze":0,"activity":-0.0055,"lastBolusTime":0,"time":"2023-12-28T23:31:14.274Z"}},{"iob":0.069,"basaliob":0.069,"bolussnooze":0,"activity":0.0011,"lastBolusTime":0,"time":"2023-12-28T23:36:14.274Z","iobWithZeroTemp":{"iob":-0.607,"basaliob":-0.607,"bolussnooze":0,"activity":-0.0055,"lastBolusTime":0,"time":"2023-12-28T23:36:14.274Z"}},{"iob":0.064,"basaliob":0.064,"bolussnooze":0,"activity":0.0011,"lastBolusTime":0,"time":"2023-12-28T23:41:14.274Z","iobWithZeroTemp":{"iob":-0.6,"basaliob":-0.6,"bolussnooze":0,"activity":-0.0055,"lastBolusTime":0,"time":"2023-12-28T23:41:14.274Z"}},{"iob":0.058,"basaliob":0.058,"bolussnooze":0,"activity":0.001,"lastBolusTime":0,"time":"2023-12-28T23:46:14.274Z","iobWithZeroTemp":{"iob":-0.594,"basaliob":-0.594,"bolussnooze":0,"activity":-0.0055,"lastBolusTime":0,"time":"2023-12-28T23:46:14.274Z"}},{"iob":0.054,"basaliob":0.054,"bolussnooze":0,"activity":9.0E-4,"lastBolusTime":0,"time":"2023-12-28T23:51:14.274Z","iobWithZeroTemp":{"iob":-0.587,"basaliob":-0.587,"bolussnooze":0,"activity":-0.0056,"lastBolusTime":0,"time":"2023-12-28T23:51:14.274Z"}},{"iob":0.049,"basaliob":0.049,"bolussnooze":0,"activity":8.0E-4,"lastBolusTime":0,"time":"2023-12-28T23:56:14.274Z","iobWithZeroTemp":{"iob":-0.581,"basaliob":-0.581,"bolussnooze":0,"activity":-0.0056,"lastBolusTime":0,"time":"2023-12-28T23:56:14.274Z"}},{"iob":0.045,"basaliob":0.045,"bolussnooze":0,"activity":8.0E-4,"lastBolusTime":0,"time":"2023-12-29T00:01:14.274Z","iobWithZeroTemp":{"iob":-0.574,"basaliob":-0.574,"bolussnooze":0,"activity":-0.0055,"lastBolusTime":0,"time":"2023-12-29T00:01:14.274Z"}},{"iob":0.042,"basaliob":0.042,"bolussnooze":0,"activity":7.0E-4,"lastBolusTime":0,"time":"2023-12-29T00:06:14.274Z","iobWithZeroTemp":{"iob":-0.566,"basaliob":-0.566,"bolussnooze":0,"activity":-0.0055,"lastBolusTime":0,"time":"2023-12-29T00:06:14.274Z"}},{"iob":0.038,"basaliob":0.038,"bolussnooze":0,"activity":7.0E-4,"lastBolusTime":0,"time":"2023-12-29T00:11:14.274Z","iobWithZeroTemp":{"iob":-0.56,"basaliob":-0.56,"bolussnooze":0,"activity":-0.0054,"lastBolusTime":0,"time":"2023-12-29T00:11:14.274Z"}},{"iob":0.035,"basaliob":0.035,"bolussnooze":0,"activity":6.0E-4,"lastBolusTime":0,"time":"2023-12-29T00:16:14.274Z","iobWithZeroTemp":{"iob":-0.554,"basaliob":-0.554,"bolussnooze":0,"activity":-0.0055,"lastBolusTime":0,"time":"2023-12-29T00:16:14.274Z"}},{"iob":0.032,"basaliob":0.032,"bolussnooze":0,"activity":6.0E-4,"lastBolusTime":0,"time":"2023-12-29T00:21:14.274Z","iobWithZeroTemp":{"iob":-0.548,"basaliob":-0.548,"bolussnooze":0,"activity":-0.0054,"lastBolusTime":0,"time":"2023-12-29T00:21:14.274Z"}},{"iob":0.029,"basaliob":0.029,"bolussnooze":0,"activity":5.0E-4,"lastBolusTime":0,"time":"2023-12-29T00:26:14.274Z","iobWithZeroTemp":{"iob":-0.542,"basaliob":-0.542,"bolussnooze":0,"activity":-0.0054,"lastBolusTime":0,"time":"2023-12-29T00:26:14.274Z"}}],"profile":{"max_iob":4,"type":"current","max_daily_basal":0.5,"max_basal":1.5,"min_bg":90,"max_bg":90,"target_bg":90,"carb_ratio":20,"sens":117,"max_daily_safety_multiplier":3,"current_basal_safety_multiplier":4,"lgsThreshold":65,"high_temptarget_raises_sensitivity":false,"low_temptarget_lowers_sensitivity":false,"sensitivity_raises_target":true,"resistance_lowers_target":true,"adv_target_adjustments":false,"exercise_mode":false,"half_basal_exercise_target":160,"maxCOB":120,"skip_neutral_temps":false,"remainingCarbsCap":90,"enableUAM":true,"A52_risk_enable":false,"SMBInterval":3,"enableSMB_with_COB":true,"enableSMB_with_temptarget":true,"allowSMB_with_high_temptarget":false,"enableSMB_always":false,"enableSMB_after_carbs":false,"maxSMBBasalMinutes":75,"maxUAMSMBBasalMinutes":75,"bolus_increment":0.05,"carbsReqThreshold":10,"current_basal":0.5,"temptargetSet":false,"autosens_max":1.2,"autosens_min":0.7,"out_units":"mmol\/L","variable_sens":108.1,"insulinDivisor":65,"TDD":12.74509761904762},"autosens_data":{"ratio":1},"meal_data":{"carbs":0,"mealCOB":0,"slopeFromMaxDeviation":-1.259714285714286,"slopeFromMinDeviation":0.2648181818181818,"lastBolusTime":1703754675154,"lastCarbTime":0},"microBolusAllowed":true,"currentTime":1703795475779,"flatBGsDetected":false,"tdd1D":11.195833333333328,"tdd7D":12.08690476190476,"tddLast24H":13.93333333333332,"tddLast4H":2.7291666666666674,"tddLast8to4H":1.9500000000000006},"output":{"temp":"absolute","bg":175,"tick":-1,"eventualBG":105,"targetBG":90,"insulinReq":0.12,"deliverAt":"2023-12-28T20:31:15.779Z","sensitivityRatio":1,"variable_sens":108.1,"predBGs":{"IOB":[175,174,173,171,170,168,165,163,160,158,155,152,149,146,143,140,137,134,132,129,127,125,122,120,118,117,115,113,111,110,109,107,106,105,104,103,102,101,100,99,98,98,97,96,96,95,95,94],"ZT":[175,172,169,165,162,159,156,153,150,147,145,142,140,139,138,137,136,135,135,135,136,137,137],"UAM":[175,173,170,166,163,160,156,153,149,145,142,139,135,132,129,126,123,120,118,115,112,110,107,105,103,101,99,97,95,94,92,91,89,88,87,86,85,84,83,82,81,80,79,79,78,77,77,76]},"reason":"COB: 0, Dev: 0.8, BGI: -0.2, ISF: 6.0, CR: 20, Target: 5.0, minPredBG 5.9, minGuardBG 4.2, IOBpredBG 5.2, UAMpredBG 4.2; Eventual BG 5.8 >= 5.0, temp 0.80 >~ req 0.74U\/hr. ","COB":0,"IOB":0.777,"timestamp":"2023-12-28T20:31:15.815Z"}}