{"algorithm":"OpenAPSSMBDynamicISFPlugin","input":{"glucoseStatus":{"glucose":113,"noise":0,"delta":-1.33,"short_avgdelta":-1.17,"long_avgdelta":0.23,"date":1703640920281},"currenttemp":{"temp":"absolute","duration":0,"rate":0},"iob_data":[{"iob":0.119,"basaliob":0.119,"bolussnooze":0,"activity":8.0E-4,"lastBolusTime":0,"time":"2023-12-27T01:36:11.516Z","iobWithZeroTemp":{"iob":0.119,"basaliob":0.119,"bolussnooze":0,"activity":8.0E-4,"lastBolusTime":0,"time":"2023-12-27T01:36:11.516Z"}},{"iob":0.115,"basaliob":0.115,"bolussnooze":0,"activity":8.0E-4,"lastBolusTime":0,"time":"2023-12-27T01:41:11.516Z","iobWithZeroTemp":{"iob":0.098,"basaliob":0.098,"bolussnooze":0,"activity":8.0E-4,"lastBolusTime":0,"time":"2023-12-27T01:41:11.516Z"}},{"iob":0.111,"basaliob":0.111,"bolussnooze":0,"activity":9.0E-4,"lastBolusTime":0,"time":"2023-12-27T01:46:11.516Z","iobWithZeroTemp":{"iob":0.074,"basaliob":0.074,"bolussnooze":0,"activity":8.0E-4,"lastBolusTime":0,"time":"2023-12-27T01:46:11.516Z"}},{"iob":0.106,"basaliob":0.106,"bolussnooze":0,"activity":9.0E-4,"lastBolusTime":0,"time":"2023-12-27T01:51:11.516Z","iobWithZeroTemp":{"iob":0.048,"basaliob":0.048,"bolussnooze":0,"activity":8.0E-4,"lastBolusTime":0,"time":"2023-12-27T01:51:11.516Z"}},{"iob":0.102,"basaliob":0.102,"bolussnooze":0,"activity":9.0E-4,"lastBolusTime":0,"time":"2023-12-27T01:56:11.516Z","iobWithZeroTemp":{"iob":0.024,"basaliob":0.024,"bolussnooze":0,"activity":7.0E-4,"lastBolusTime":0,"time":"2023-12-27T01:56:11.516Z"}},{"iob":0.097,"basaliob":0.097,"bolussnooze":0,"activity":9.0E-4,"lastBolusTime":0,"time":"2023-12-27T02:01:11.516Z","iobWithZeroTemp":{"iob":0,"basaliob":0,"bolussnooze":0,"activity":6.0E-4,"lastBolusTime":0,"time":"2023-12-27T02:01:11.516Z"}},{"iob":0.093,"basaliob":0.093,"bolussnooze":0,"activity":9.0E-4,"lastBolusTime":0,"time":"2023-12-27T02:06:11.516Z","iobWithZeroTemp":{"iob":-0.023,"basaliob":-0.023,"bolussnooze":0,"activity":5.0E-4,"lastBolusTime":0,"time":"2023-12-27T02:06:11.516Z"}},{"iob":0.088,"basaliob":0.088,"bolussnooze":0,"activity":9.0E-4,"lastBolusTime":0,"time":"2023-12-27T02:11:11.516Z","iobWithZeroTemp":{"iob":-0.047,"basaliob":-0.047,"bolussnooze":0,"activity":4.0E-4,"lastBolusTime":0,"time":"2023-12-27T02:11:11.516Z"}},{"iob":0.084,"basaliob":0.084,"bolussnooze":0,"activity":9.0E-4,"lastBolusTime":0,"time":"2023-12-27T02:16:11.516Z","iobWithZeroTemp":{"iob":-0.069,"basaliob":-0.069,"bolussnooze":0,"activity":2.0E-4,"lastBolusTime":0,"time":"2023-12-27T02:16:11.516Z"}},{"iob":0.079,"basaliob":0.079,"bolussnooze":0,"activity":9.0E-4,"lastBolusTime":0,"time":"2023-12-27T02:21:11.516Z","iobWithZeroTemp":{"iob":-0.091,"basaliob":-0.091,"bolussnooze":0,"activity":1.0E-4,"lastBolusTime":0,"time":"2023-12-27T02:21:11.516Z"}},{"iob":0.075,"basaliob":0.075,"bolussnooze":0,"activity":8.0E-4,"lastBolusTime":0,"time":"2023-12-27T02:26:11.516Z","iobWithZeroTemp":{"iob":-0.111,"basaliob":-0.111,"bolussnooze":0,"activity":-2.0E-4,"lastBolusTime":0,"time":"2023-12-27T02:26:11.516Z"}},{"iob":0.071,"basaliob":0.071,"bolussnooze":0,"activity":8.0E-4,"lastBolusTime":0,"time":"2023-12-27T02:31:11.516Z","iobWithZeroTemp":{"iob":-0.131,"basaliob":-0.131,"bolussnooze":0,"activity":-3.0E-4,"lastBolusTime":0,"time":"2023-12-27T02:31:11.516Z"}},{"iob":0.067,"basaliob":0.067,"bolussnooze":0,"activity":8.0E-4,"lastBolusTime":0,"time":"2023-12-27T02:36:11.516Z","iobWithZeroTemp":{"iob":-0.15,"basaliob":-0.15,"bolussnooze":0,"activity":-4.0E-4,"lastBolusTime":0,"time":"2023-12-27T02:36:11.516Z"}},{"iob":0.063,"basaliob":0.063,"bolussnooze":0,"activity":8.0E-4,"lastBolusTime":0,"time":"2023-12-27T02:41:11.516Z","iobWithZeroTemp":{"iob":-0.168,"basaliob":-0.168,"bolussnooze":0,"activity":-6.0E-4,"lastBolusTime":0,"time":"2023-12-27T02:41:11.516Z"}},{"iob":0.059,"basaliob":0.059,"bolussnooze":0,"activity":7.0E-4,"lastBolusTime":0,"time":"2023-12-27T02:46:11.516Z","iobWithZeroTemp":{"iob":-0.186,"basaliob":-0.186,"bolussnooze":0,"activity":-8.0E-4,"lastBolusTime":0,"time":"2023-12-27T02:46:11.516Z"}},{"iob":0.055,"basaliob":0.055,"bolussnooze":0,"activity":7.0E-4,"lastBolusTime":0,"time":"2023-12-27T02:51:11.516Z","iobWithZeroTemp":{"iob":-0.202,"basaliob":-0.202,"bolussnooze":0,"activity":-0.001,"lastBolusTime":0,"time":"2023-12-27T02:51:11.516Z"}},{"iob":0.052,"basaliob":0.052,"bolussnooze":0,"activity":7.0E-4,"lastBolusTime":0,"time":"2023-12-27T02:56:11.516Z","iobWithZeroTemp":{"iob":-0.218,"basaliob":-0.218,"bolussnooze":0,"activity":-0.0011,"lastBolusTime":0,"time":"2023-12-27T02:56:11.516Z"}},{"iob":0.049,"basaliob":0.049,"bolussnooze":0,"activity":6.0E-4,"lastBolusTime":0,"time":"2023-12-27T03:01:11.516Z","iobWithZeroTemp":{"iob":-0.232,"basaliob":-0.232,"bolussnooze":0,"activity":-0.0013,"lastBolusTime":0,"time":"2023-12-27T03:01:11.516Z"}},{"iob":0.046,"basaliob":0.046,"bolussnooze":0,"activity":6.0E-4,"lastBolusTime":0,"time":"2023-12-27T03:06:11.516Z","iobWithZeroTemp":{"iob":-0.246,"basaliob":-0.246,"bolussnooze":0,"activity":-0.0015,"lastBolusTime":0,"time":"2023-12-27T03:06:11.516Z"}},{"iob":0.043,"basaliob":0.043,"bolussnooze":0,"activity":6.0E-4,"lastBolusTime":0,"time":"2023-12-27T03:11:11.516Z","iobWithZeroTemp":{"iob":-0.259,"basaliob":-0.259,"bolussnooze":0,"activity":-0.0016,"lastBolusTime":0,"time":"2023-12-27T03:11:11.516Z"}},{"iob":0.04,"basaliob":0.04,"bolussnooze":0,"activity":5.0E-4,"lastBolusTime":0,"time":"2023-12-27T03:16:11.516Z","iobWithZeroTemp":{"iob":-0.272,"basaliob":-0.272,"bolussnooze":0,"activity":-0.0018,"lastBolusTime":0,"time":"2023-12-27T03:16:11.516Z"}},{"iob":0.037,"basaliob":0.037,"bolussnooze":0,"activity":5.0E-4,"lastBolusTime":0,"time":"2023-12-27T03:21:11.516Z","iobWithZeroTemp":{"iob":-0.284,"basaliob":-0.284,"bolussnooze":0,"activity":-0.0019,"lastBolusTime":0,"time":"2023-12-27T03:21:11.516Z"}},{"iob":0.035,"basaliob":0.035,"bolussnooze":0,"activity":5.0E-4,"lastBolusTime":0,"time":"2023-12-27T03:26:11.516Z","iobWithZeroTemp":{"iob":-0.295,"basaliob":-0.295,"bolussnooze":0,"activity":-0.002,"lastBolusTime":0,"time":"2023-12-27T03:26:11.516Z"}},{"iob":0.032,"basaliob":0.032,"bolussnooze":0,"activity":5.0E-4,"lastBolusTime":0,"time":"2023-12-27T03:31:11.516Z","iobWithZeroTemp":{"iob":-0.306,"basaliob":-0.306,"bolussnooze":0,"activity":-0.0021,"lastBolusTime":0,"time":"2023-12-27T03:31:11.516Z"}},{"iob":0.03,"basaliob":0.03,"bolussnooze":0,"activity":4.0E-4,"lastBolusTime":0,"time":"2023-12-27T03:36:11.516Z","iobWithZeroTemp":{"iob":-0.315,"basaliob":-0.315,"bolussnooze":0,"activity":-0.0023,"lastBolusTime":0,"time":"2023-12-27T03:36:11.516Z"}},{"iob":0.028,"basaliob":0.028,"bolussnooze":0,"activity":4.0E-4,"lastBolusTime":0,"time":"2023-12-27T03:41:11.516Z","iobWithZeroTemp":{"iob":-0.324,"basaliob":-0.324,"bolussnooze":0,"activity":-0.0024,"lastBolusTime":0,"time":"2023-12-27T03:41:11.516Z"}},{"iob":0.026,"basaliob":0.026,"bolussnooze":0,"activity":4.0E-4,"lastBolusTime":0,"time":"2023-12-27T03:46:11.516Z","iobWithZeroTemp":{"iob":-0.333,"basaliob":-0.333,"bolussnooze":0,"activity":-0.0025,"lastBolusTime":0,"time":"2023-12-27T03:46:11.516Z"}},{"iob":0.024,"basaliob":0.024,"bolussnooze":0,"activity":4.0E-4,"lastBolusTime":0,"time":"2023-12-27T03:51:11.516Z","iobWithZeroTemp":{"iob":-0.341,"basaliob":-0.341,"bolussnooze":0,"activity":-0.0026,"lastBolusTime":0,"time":"2023-12-27T03:51:11.516Z"}},{"iob":0.022,"basaliob":0.022,"bolussnooze":0,"activity":3.0E-4,"lastBolusTime":0,"time":"2023-12-27T03:56:11.516Z","iobWithZeroTemp":{"iob":-0.348,"basaliob":-0.348,"bolussnooze":0,"activity":-0.0028,"lastBolusTime":0,"time":"2023-12-27T03:56:11.516Z"}},{"iob":0.021,"basaliob":0.021,"bolussnooze":0,"activity":3.0E-4,"lastBolusTime":0,"time":"2023-12-27T04:01:11.516Z","iobWithZeroTemp":{"iob":-0.355,"basaliob":-0.355,"bolussnooze":0,"activity":-0.0028,"lastBolusTime":0,"time":"2023-12-27T04:01:11.516Z"}},{"iob":0.019,"basaliob":0.019,"bolussnooze":0,"activity":3.0E-4,"lastBolusTime":0,"time":"2023-12-27T04:06:11.516Z","iobWithZeroTemp":{"iob":-0.362,"basaliob":-0.362,"bolussnooze":0,"activity":-0.0029,"lastBolusTime":0,"time":"2023-12-27T04:06:11.516Z"}},{"iob":0.018,"basaliob":0.018,"bolussnooze":0,"activity":3.0E-4,"lastBolusTime":0,"time":"2023-12-27T04:11:11.516Z","iobWithZeroTemp":{"iob":-0.367,"basaliob":-0.367,"bolussnooze":0,"activity":-0.003,"lastBolusTime":0,"time":"2023-12-27T04:11:11.516Z"}},{"iob":0.016,"basaliob":0.016,"bolussnooze":0,"activity":3.0E-4,"lastBolusTime":0,"time":"2023-12-27T04:16:11.516Z","iobWithZeroTemp":{"iob":-0.374,"basaliob":-0.374,"bolussnooze":0,"activity":-0.003,"lastBolusTime":0,"time":"2023-12-27T04:16:11.516Z"}},{"iob":0.015,"basaliob":0.015,"bolussnooze":0,"activity":2.0E-4,"lastBolusTime":0,"time":"2023-12-27T04:21:11.516Z","iobWithZeroTemp":{"iob":-0.379,"basaliob":-0.379,"bolussnooze":0,"activity":-0.0032,"lastBolusTime":0,"time":"2023-12-27T04:21:11.516Z"}},{"iob":0.014,"basaliob":0.014,"bolussnooze":0,"activity":2.0E-4,"lastBolusTime":0,"time":"2023-12-27T04:26:11.516Z","iobWithZeroTemp":{"iob":-0.383,"basaliob":-0.383,"bolussnooze":0,"activity":-0.0033,"lastBolusTime":0,"time":"2023-12-27T04:26:11.516Z"}},{"iob":0.013,"basaliob":0.013,"bolussnooze":0,"activity":2.0E-4,"lastBolusTime":0,"time":"2023-12-27T04:31:11.516Z","iobWithZeroTemp":{"iob":-0.388,"basaliob":-0.388,"bolussnooze":0,"activity":-0.0033,"lastBolusTime":0,"time":"2023-12-27T04:31:11.516Z"}},{"iob":0.012,"basaliob":0.012,"bolussnooze":0,"activity":2.0E-4,"lastBolusTime":0,"time":"2023-12-27T04:36:11.516Z","iobWithZeroTemp":{"iob":-0.392,"basaliob":-0.392,"bolussnooze":0,"activity":-0.0034,"lastBolusTime":0,"time":"2023-12-27T04:36:11.516Z"}},{"iob":0.011,"basaliob":0.011,"bolussnooze":0,"activity":2.0E-4,"lastBolusTime":0,"time":"2023-12-27T04:41:11.516Z","iobWithZeroTemp":{"iob":-0.396,"basaliob":-0.396,"bolussnooze":0,"activity":-0.0034,"lastBolusTime":0,"time":"2023-12-27T04:41:11.516Z"}},{"iob":0.01,"basaliob":0.01,"bolussnooze":0,"activity":2.0E-4,"lastBolusTime":0,"time":"2023-12-27T04:46:11.516Z","iobWithZeroTemp":{"iob":-0.4,"basaliob":-0.4,"bolussnooze":0,"activity":-0.0034,"lastBolusTime":0,"time":"2023-12-27T04:46:11.516Z"}},{"iob":0.009,"basaliob":0.009,"bolussnooze":0,"activity":2.0E-4,"lastBolusTime":0,"time":"2023-12-27T04:51:11.516Z","iobWithZeroTemp":{"iob":-0.403,"basaliob":-0.403,"bolussnooze":0,"activity":-0.0035,"lastBolusTime":0,"time":"2023-12-27T04:51:11.516Z"}},{"iob":0.009,"basaliob":0.009,"bolussnooze":0,"activity":1.0E-4,"lastBolusTime":0,"time":"2023-12-27T04:56:11.516Z","iobWithZeroTemp":{"iob":-0.406,"basaliob":-0.406,"bolussnooze":0,"activity":-0.0036,"lastBolusTime":0,"time":"2023-12-27T04:56:11.516Z"}},{"iob":0.008,"basaliob":0.008,"bolussnooze":0,"activity":1.0E-4,"lastBolusTime":0,"time":"2023-12-27T05:01:11.516Z","iobWithZeroTemp":{"iob":-0.409,"basaliob":-0.409,"bolussnooze":0,"activity":-0.0037,"lastBolusTime":0,"time":"2023-12-27T05:01:11.516Z"}},{"iob":0.007,"basaliob":0.007,"bolussnooze":0,"activity":1.0E-4,"lastBolusTime":0,"time":"2023-12-27T05:06:11.516Z","iobWithZeroTemp":{"iob":-0.416,"basaliob":-0.416,"bolussnooze":0,"activity":-0.0037,"lastBolusTime":0,"time":"2023-12-27T05:06:11.516Z"}},{"iob":0.007,"basaliob":0.007,"bolussnooze":0,"activity":1.0E-4,"lastBolusTime":0,"time":"2023-12-27T05:11:11.516Z","iobWithZeroTemp":{"iob":-0.422,"basaliob":-0.422,"bolussnooze":0,"activity":-0.0037,"lastBolusTime":0,"time":"2023-12-27T05:11:11.516Z"}},{"iob":0.006,"basaliob":0.006,"bolussnooze":0,"activity":1.0E-4,"lastBolusTime":0,"time":"2023-12-27T05:16:11.516Z","iobWithZeroTemp":{"iob":-0.429,"basaliob":-0.429,"bolussnooze":0,"activity":-0.0038,"lastBolusTime":0,"time":"2023-12-27T05:16:11.516Z"}},{"iob":0.006,"basaliob":0.006,"bolussnooze":0,"activity":1.0E-4,"lastBolusTime":0,"time":"2023-12-27T05:21:11.516Z","iobWithZeroTemp":{"iob":-0.434,"basaliob":-0.434,"bolussnooze":0,"activity":-0.0038,"lastBolusTime":0,"time":"2023-12-27T05:21:11.516Z"}},{"iob":0.005,"basaliob":0.005,"bolussnooze":0,"activity":1.0E-4,"lastBolusTime":0,"time":"2023-12-27T05:26:11.516Z","iobWithZeroTemp":{"iob":-0.441,"basaliob":-0.441,"bolussnooze":0,"activity":-0.0039,"lastBolusTime":0,"time":"2023-12-27T05:26:11.516Z"}},{"iob":0.005,"basaliob":0.005,"bolussnooze":0,"activity":1.0E-4,"lastBolusTime":0,"time":"2023-12-27T05:31:11.516Z","iobWithZeroTemp":{"iob":-0.446,"basaliob":-0.446,"bolussnooze":0,"activity":-0.0039,"lastBolusTime":0,"time":"2023-12-27T05:31:11.516Z"}}],"profile":{"max_iob":4,"type":"current","max_daily_basal":0.5,"max_basal":1,"min_bg":99,"max_bg":99,"target_bg":99,"carb_ratio":25,"sens":142.20000000000002,"max_daily_safety_multiplier":3,"current_basal_safety_multiplier":4,"lgsThreshold":65,"high_temptarget_raises_sensitivity":false,"low_temptarget_lowers_sensitivity":false,"sensitivity_raises_target":true,"resistance_lowers_target":true,"adv_target_adjustments":false,"exercise_mode":false,"half_basal_exercise_target":160,"maxCOB":120,"skip_neutral_temps":false,"remainingCarbsCap":90,"enableUAM":true,"A52_risk_enable":false,"SMBInterval":3,"enableSMB_with_COB":true,"enableSMB_with_temptarget":true,"allowSMB_with_high_temptarget":false,"enableSMB_always":false,"enableSMB_after_carbs":false,"maxSMBBasalMinutes":75,"maxUAMSMBBasalMinutes":75,"bolus_increment":0.05,"carbsReqThreshold":10,"current_basal":0.25,"temptargetSet":false,"autosens_max":1.2,"autosens_min":0.7,"out_units":"mmol\/L","variable_sens":146.7,"insulinDivisor":65,"TDD":12.181379761904761},"autosens_data":{"ratio":1},"meal_data":{"carbs":0,"mealCOB":0,"slopeFromMaxDeviation":-0.4787142857142857,"slopeFromMinDeviation":0,"lastBolusTime":1703594420788,"lastCarbTime":0},"microBolusAllowed":true,"currentTime":1703640972726,"flatBGsDetected":false,"tdd1D":15.216666666666669,"tdd7D":11.563690476190475,"tddLast24H":13.791666666666668,"tddLast4H":1.4666666666666661,"tddLast8to4H":2.0124999999999997},"output":{"temp":"absolute","bg":113,"tick":-1,"eventualBG":101,"targetBG":99,"insulinReq":0,"deliverAt":"2023-12-27T01:36:12.726Z","sensitivityRatio":1,"variable_sens":146.7,"predBGs":{"IOB":[113,112,111,109,108,107,106,105,104,103,103,102,101,101,100,99,99,98,98,97,97,96,96,96,95,95,95,94,94,94,93,93,93,93,92,92,92,92,92,92,91],"ZT":[113,112,112,111,111,110,110,109,109,109,109,109,109,109,110,110]},"reason":"COB: 0, Dev: 0.3, BGI: 0.0, ISF: 8.1, CR: 25, Target: 5.5, minPredBG 5.6, minGuardBG 5.1, IOBpredBG 5.1; Eventual BG 5.6 > 5.5 but Min. Delta -1.33 < Exp. Delta 0.0; setting current basal of 0.25 as temp. . Setting neutral temp basal of 0.25U\/hr","COB":0,"IOB":0.119,"duration":30,"rate":0.25,"timestamp":"2023-12-27T01:36:12.776Z"}}