{"algorithm":"OpenAPSSMBDynamicISFPlugin","input":{"glucoseStatus":{"glucose":127,"noise":0,"delta":-7,"short_avgdelta":-7.3,"long_avgdelta":-6.77,"date":1703761221970},"currenttemp":{"temp":"absolute","duration":115,"rate":0,"minutesrunning":5},"iob_data":[{"iob":0.341,"basaliob":0.173,"bolussnooze":0,"activity":0.0051,"lastBolusTime":1703754675154,"time":"2023-12-28T11:01:11.837Z","iobWithZeroTemp":{"iob":0.341,"basaliob":0.173,"bolussnooze":0,"activity":0.0051,"lastBolusTime":1703754675154,"time":"2023-12-28T11:01:11.837Z"}},{"iob":0.317,"basaliob":0.161,"bolussnooze":0,"activity":0.0047,"lastBolusTime":1703754675154,"time":"2023-12-28T11:06:11.837Z","iobWithZeroTemp":{"iob":0.297,"basaliob":0.141,"bolussnooze":0,"activity":0.0047,"lastBolusTime":1703754675154,"time":"2023-12-28T11:06:11.837Z"}},{"iob":0.293,"basaliob":0.149,"bolussnooze":0,"activity":0.0044,"lastBolusTime":1703754675154,"time":"2023-12-28T11:11:11.837Z","iobWithZeroTemp":{"iob":0.248,"basaliob":0.104,"bolussnooze":0,"activity":0.0043,"lastBolusTime":1703754675154,"time":"2023-12-28T11:11:11.837Z"}},{"iob":0.273,"basaliob":0.139,"bolussnooze":0,"activity":0.0042,"lastBolusTime":1703754675154,"time":"2023-12-28T11:16:11.837Z","iobWithZeroTemp":{"iob":0.204,"basaliob":0.07,"bolussnooze":0,"activity":0.0041,"lastBolusTime":1703754675154,"time":"2023-12-28T11:16:11.837Z"}},{"iob":0.252,"basaliob":0.129,"bolussnooze":0,"activity":0.0039,"lastBolusTime":1703754675154,"time":"2023-12-28T11:21:11.837Z","iobWithZeroTemp":{"iob":0.159,"basaliob":0.036,"bolussnooze":0,"activity":0.0037,"lastBolusTime":1703754675154,"time":"2023-12-28T11:21:11.837Z"}},{"iob":0.234,"basaliob":0.12,"bolussnooze":0,"activity":0.0036,"lastBolusTime":1703754675154,"time":"2023-12-28T11:26:11.837Z","iobWithZeroTemp":{"iob":0.117,"basaliob":0.003,"bolussnooze":0,"activity":0.0032,"lastBolusTime":1703754675154,"time":"2023-12-28T11:26:11.837Z"}},{"iob":0.216,"basaliob":0.111,"bolussnooze":0,"activity":0.0034,"lastBolusTime":1703754675154,"time":"2023-12-28T11:31:11.837Z","iobWithZeroTemp":{"iob":0.076,"basaliob":-0.029,"bolussnooze":0,"activity":0.0029,"lastBolusTime":1703754675154,"time":"2023-12-28T11:31:11.837Z"}},{"iob":0.2,"basaliob":0.103,"bolussnooze":0,"activity":0.0032,"lastBolusTime":1703754675154,"time":"2023-12-28T11:36:11.837Z","iobWithZeroTemp":{"iob":0.038,"basaliob":-0.059,"bolussnooze":0,"activity":0.0025,"lastBolusTime":1703754675154,"time":"2023-12-28T11:36:11.837Z"}},{"iob":0.184,"basaliob":0.095,"bolussnooze":0,"activity":0.003,"lastBolusTime":1703754675154,"time":"2023-12-28T11:41:11.837Z","iobWithZeroTemp":{"iob":0.001,"basaliob":-0.088,"bolussnooze":0,"activity":0.0022,"lastBolusTime":1703754675154,"time":"2023-12-28T11:41:11.837Z"}},{"iob":0.17,"basaliob":0.088,"bolussnooze":0,"activity":0.0028,"lastBolusTime":1703754675154,"time":"2023-12-28T11:46:11.837Z","iobWithZeroTemp":{"iob":-0.034,"basaliob":-0.116,"bolussnooze":0,"activity":0.0018,"lastBolusTime":1703754675154,"time":"2023-12-28T11:46:11.837Z"}},{"iob":0.157,"basaliob":0.081,"bolussnooze":0,"activity":0.0026,"lastBolusTime":1703754675154,"time":"2023-12-28T11:51:11.837Z","iobWithZeroTemp":{"iob":-0.066,"basaliob":-0.142,"bolussnooze":0,"activity":0.0014,"lastBolusTime":1703754675154,"time":"2023-12-28T11:51:11.837Z"}},{"iob":0.145,"basaliob":0.075,"bolussnooze":0,"activity":0.0024,"lastBolusTime":1703754675154,"time":"2023-12-28T11:56:11.837Z","iobWithZeroTemp":{"iob":-0.097,"basaliob":-0.167,"bolussnooze":0,"activity":0.0011,"lastBolusTime":1703754675154,"time":"2023-12-28T11:56:11.837Z"}},{"iob":0.133,"basaliob":0.069,"bolussnooze":0,"activity":0.0022,"lastBolusTime":1703754675154,"time":"2023-12-28T12:01:11.837Z","iobWithZeroTemp":{"iob":-0.127,"basaliob":-0.191,"bolussnooze":0,"activity":7.0E-4,"lastBolusTime":1703754675154,"time":"2023-12-28T12:01:11.837Z"}},{"iob":0.123,"basaliob":0.064,"bolussnooze":0,"activity":0.002,"lastBolusTime":1703754675154,"time":"2023-12-28T12:06:11.837Z","iobWithZeroTemp":{"iob":-0.154,"basaliob":-0.213,"bolussnooze":0,"activity":3.0E-4,"lastBolusTime":1703754675154,"time":"2023-12-28T12:06:11.837Z"}},{"iob":0.113,"basaliob":0.059,"bolussnooze":0,"activity":0.0019,"lastBolusTime":1703754675154,"time":"2023-12-28T12:11:11.837Z","iobWithZeroTemp":{"iob":-0.181,"basaliob":-0.235,"bolussnooze":0,"activity":1.0E-4,"lastBolusTime":1703754675154,"time":"2023-12-28T12:11:11.837Z"}},{"iob":0.103,"basaliob":0.054,"bolussnooze":0,"activity":0.0018,"lastBolusTime":1703754675154,"time":"2023-12-28T12:16:11.837Z","iobWithZeroTemp":{"iob":-0.206,"basaliob":-0.255,"bolussnooze":0,"activity":-2.0E-4,"lastBolusTime":1703754675154,"time":"2023-12-28T12:16:11.837Z"}},{"iob":0.095,"basaliob":0.05,"bolussnooze":0,"activity":0.0016,"lastBolusTime":1703754675154,"time":"2023-12-28T12:21:11.837Z","iobWithZeroTemp":{"iob":-0.229,"basaliob":-0.274,"bolussnooze":0,"activity":-6.0E-4,"lastBolusTime":1703754675154,"time":"2023-12-28T12:21:11.837Z"}},{"iob":0.087,"basaliob":0.046,"bolussnooze":0,"activity":0.0015,"lastBolusTime":1703754675154,"time":"2023-12-28T12:26:11.837Z","iobWithZeroTemp":{"iob":-0.25,"basaliob":-0.291,"bolussnooze":0,"activity":-8.0E-4,"lastBolusTime":1703754675154,"time":"2023-12-28T12:26:11.837Z"}},{"iob":0.08,"basaliob":0.042,"bolussnooze":0,"activity":0.0014,"lastBolusTime":1703754675154,"time":"2023-12-28T12:31:11.837Z","iobWithZeroTemp":{"iob":-0.27,"basaliob":-0.308,"bolussnooze":0,"activity":-0.0011,"lastBolusTime":1703754675154,"time":"2023-12-28T12:31:11.837Z"}},{"iob":0.074,"basaliob":0.039,"bolussnooze":0,"activity":0.0013,"lastBolusTime":1703754675154,"time":"2023-12-28T12:36:11.837Z","iobWithZeroTemp":{"iob":-0.289,"basaliob":-0.324,"bolussnooze":0,"activity":-0.0013,"lastBolusTime":1703754675154,"time":"2023-12-28T12:36:11.837Z"}},{"iob":0.068,"basaliob":0.036,"bolussnooze":0,"activity":0.0012,"lastBolusTime":1703754675154,"time":"2023-12-28T12:41:11.837Z","iobWithZeroTemp":{"iob":-0.306,"basaliob":-0.338,"bolussnooze":0,"activity":-0.0016,"lastBolusTime":1703754675154,"time":"2023-12-28T12:41:11.837Z"}},{"iob":0.062,"basaliob":0.033,"bolussnooze":0,"activity":0.0011,"lastBolusTime":1703754675154,"time":"2023-12-28T12:46:11.837Z","iobWithZeroTemp":{"iob":-0.323,"basaliob":-0.352,"bolussnooze":0,"activity":-0.0018,"lastBolusTime":1703754675154,"time":"2023-12-28T12:46:11.837Z"}},{"iob":0.056,"basaliob":0.03,"bolussnooze":0,"activity":0.001,"lastBolusTime":1703754675154,"time":"2023-12-28T12:51:11.837Z","iobWithZeroTemp":{"iob":-0.339,"basaliob":-0.365,"bolussnooze":0,"activity":-0.002,"lastBolusTime":1703754675154,"time":"2023-12-28T12:51:11.837Z"}},{"iob":0.052,"basaliob":0.028,"bolussnooze":0,"activity":9.0E-4,"lastBolusTime":1703754675154,"time":"2023-12-28T12:56:11.837Z","iobWithZeroTemp":{"iob":-0.353,"basaliob":-0.377,"bolussnooze":0,"activity":-0.0022,"lastBolusTime":1703754675154,"time":"2023-12-28T12:56:11.837Z"}},{"iob":0.047,"basaliob":0.025,"bolussnooze":0,"activity":8.0E-4,"lastBolusTime":1703754675154,"time":"2023-12-28T13:01:11.837Z","iobWithZeroTemp":{"iob":-0.367,"basaliob":-0.389,"bolussnooze":0,"activity":-0.0025,"lastBolusTime":1703754675154,"time":"2023-12-28T13:01:11.837Z"}},{"iob":0.043,"basaliob":0.023,"bolussnooze":0,"activity":8.0E-4,"lastBolusTime":1703754675154,"time":"2023-12-28T13:06:11.837Z","iobWithZeroTemp":{"iob":-0.38,"basaliob":-0.4,"bolussnooze":0,"activity":-0.0026,"lastBolusTime":1703754675154,"time":"2023-12-28T13:06:11.837Z"}},{"iob":0.039,"basaliob":0.021,"bolussnooze":0,"activity":7.0E-4,"lastBolusTime":1703754675154,"time":"2023-12-28T13:11:11.837Z","iobWithZeroTemp":{"iob":-0.391,"basaliob":-0.409,"bolussnooze":0,"activity":-0.0028,"lastBolusTime":1703754675154,"time":"2023-12-28T13:11:11.837Z"}},{"iob":0.036,"basaliob":0.02,"bolussnooze":0,"activity":6.0E-4,"lastBolusTime":1703754675154,"time":"2023-12-28T13:16:11.837Z","iobWithZeroTemp":{"iob":-0.402,"basaliob":-0.418,"bolussnooze":0,"activity":-0.003,"lastBolusTime":1703754675154,"time":"2023-12-28T13:16:11.837Z"}},{"iob":0.033,"basaliob":0.018,"bolussnooze":0,"activity":6.0E-4,"lastBolusTime":1703754675154,"time":"2023-12-28T13:21:11.837Z","iobWithZeroTemp":{"iob":-0.412,"basaliob":-0.427,"bolussnooze":0,"activity":-0.0031,"lastBolusTime":1703754675154,"time":"2023-12-28T13:21:11.837Z"}},{"iob":0.03,"basaliob":0.016,"bolussnooze":0,"activity":6.0E-4,"lastBolusTime":1703754675154,"time":"2023-12-28T13:26:11.837Z","iobWithZeroTemp":{"iob":-0.421,"basaliob":-0.435,"bolussnooze":0,"activity":-0.0032,"lastBolusTime":1703754675154,"time":"2023-12-28T13:26:11.837Z"}},{"iob":0.027,"basaliob":0.015,"bolussnooze":0,"activity":5.0E-4,"lastBolusTime":1703754675154,"time":"2023-12-28T13:31:11.837Z","iobWithZeroTemp":{"iob":-0.43,"basaliob":-0.442,"bolussnooze":0,"activity":-0.0034,"lastBolusTime":1703754675154,"time":"2023-12-28T13:31:11.837Z"}},{"iob":0.025,"basaliob":0.014,"bolussnooze":0,"activity":5.0E-4,"lastBolusTime":1703754675154,"time":"2023-12-28T13:36:11.837Z","iobWithZeroTemp":{"iob":-0.438,"basaliob":-0.449,"bolussnooze":0,"activity":-0.0034,"lastBolusTime":1703754675154,"time":"2023-12-28T13:36:11.837Z"}},{"iob":0.022,"basaliob":0.012,"bolussnooze":0,"activity":4.0E-4,"lastBolusTime":1703754675154,"time":"2023-12-28T13:41:11.837Z","iobWithZeroTemp":{"iob":-0.446,"basaliob":-0.456,"bolussnooze":0,"activity":-0.0036,"lastBolusTime":1703754675154,"time":"2023-12-28T13:41:11.837Z"}},{"iob":0.02,"basaliob":0.011,"bolussnooze":0,"activity":4.0E-4,"lastBolusTime":1703754675154,"time":"2023-12-28T13:46:11.837Z","iobWithZeroTemp":{"iob":-0.453,"basaliob":-0.462,"bolussnooze":0,"activity":-0.0037,"lastBolusTime":1703754675154,"time":"2023-12-28T13:46:11.837Z"}},{"iob":0.018,"basaliob":0.01,"bolussnooze":0,"activity":4.0E-4,"lastBolusTime":1703754675154,"time":"2023-12-28T13:51:11.837Z","iobWithZeroTemp":{"iob":-0.459,"basaliob":-0.467,"bolussnooze":0,"activity":-0.0037,"lastBolusTime":1703754675154,"time":"2023-12-28T13:51:11.837Z"}},{"iob":0.016,"basaliob":0.009,"bolussnooze":0,"activity":4.0E-4,"lastBolusTime":1703754675154,"time":"2023-12-28T13:56:11.837Z","iobWithZeroTemp":{"iob":-0.465,"basaliob":-0.472,"bolussnooze":0,"activity":-0.0038,"lastBolusTime":1703754675154,"time":"2023-12-28T13:56:11.837Z"}},{"iob":0.015,"basaliob":0.008,"bolussnooze":0,"activity":3.0E-4,"lastBolusTime":1703754675154,"time":"2023-12-28T14:01:11.837Z","iobWithZeroTemp":{"iob":-0.47,"basaliob":-0.477,"bolussnooze":0,"activity":-0.004,"lastBolusTime":1703754675154,"time":"2023-12-28T14:01:11.837Z"}},{"iob":0.014,"basaliob":0.008,"bolussnooze":0,"activity":3.0E-4,"lastBolusTime":1703754675154,"time":"2023-12-28T14:06:11.837Z","iobWithZeroTemp":{"iob":-0.475,"basaliob":-0.481,"bolussnooze":0,"activity":-0.004,"lastBolusTime":1703754675154,"time":"2023-12-28T14:06:11.837Z"}},{"iob":0.012,"basaliob":0.007,"bolussnooze":0,"activity":2.0E-4,"lastBolusTime":1703754675154,"time":"2023-12-28T14:11:11.837Z","iobWithZeroTemp":{"iob":-0.48,"basaliob":-0.485,"bolussnooze":0,"activity":-0.0042,"lastBolusTime":1703754675154,"time":"2023-12-28T14:11:11.837Z"}},{"iob":0.011,"basaliob":0.006,"bolussnooze":0,"activity":2.0E-4,"lastBolusTime":1703754675154,"time":"2023-12-28T14:16:11.837Z","iobWithZeroTemp":{"iob":-0.484,"basaliob":-0.489,"bolussnooze":0,"activity":-0.0042,"lastBolusTime":1703754675154,"time":"2023-12-28T14:16:11.837Z"}},{"iob":0.01,"basaliob":0.006,"bolussnooze":0,"activity":2.0E-4,"lastBolusTime":1703754675154,"time":"2023-12-28T14:21:11.837Z","iobWithZeroTemp":{"iob":-0.488,"basaliob":-0.492,"bolussnooze":0,"activity":-0.0043,"lastBolusTime":1703754675154,"time":"2023-12-28T14:21:11.837Z"}},{"iob":0.009,"basaliob":0.005,"bolussnooze":0,"activity":2.0E-4,"lastBolusTime":1703754675154,"time":"2023-12-28T14:26:11.837Z","iobWithZeroTemp":{"iob":-0.491,"basaliob":-0.495,"bolussnooze":0,"activity":-0.0043,"lastBolusTime":1703754675154,"time":"2023-12-28T14:26:11.837Z"}},{"iob":0.008,"basaliob":0.005,"bolussnooze":0,"activity":2.0E-4,"lastBolusTime":1703754675154,"time":"2023-12-28T14:31:11.837Z","iobWithZeroTemp":{"iob":-0.495,"basaliob":-0.498,"bolussnooze":0,"activity":-0.0043,"lastBolusTime":1703754675154,"time":"2023-12-28T14:31:11.837Z"}},{"iob":0.007,"basaliob":0.004,"bolussnooze":0,"activity":2.0E-4,"lastBolusTime":1703754675154,"time":"2023-12-28T14:36:11.837Z","iobWithZeroTemp":{"iob":-0.498,"basaliob":-0.501,"bolussnooze":0,"activity":-0.0044,"lastBolusTime":1703754675154,"time":"2023-12-28T14:36:11.837Z"}},{"iob":0.007,"basaliob":0.004,"bolussnooze":0,"activity":2.0E-4,"lastBolusTime":1703754675154,"time":"2023-12-28T14:41:11.837Z","iobWithZeroTemp":{"iob":-0.5,"basaliob":-0.503,"bolussnooze":0,"activity":-0.0044,"lastBolusTime":1703754675154,"time":"2023-12-28T14:41:11.837Z"}},{"iob":0.005,"basaliob":0.003,"bolussnooze":0,"activity":2.0E-4,"lastBolusTime":1703754675154,"time":"2023-12-28T14:46:11.837Z","iobWithZeroTemp":{"iob":-0.504,"basaliob":-0.506,"bolussnooze":0,"activity":-0.0044,"lastBolusTime":1703754675154,"time":"2023-12-28T14:46:11.837Z"}},{"iob":0.005,"basaliob":0.003,"bolussnooze":0,"activity":2.0E-4,"lastBolusTime":1703754675154,"time":"2023-12-28T14:51:11.837Z","iobWithZeroTemp":{"iob":-0.506,"basaliob":-0.508,"bolussnooze":0,"activity":-0.0045,"lastBolusTime":1703754675154,"time":"2023-12-28T14:51:11.837Z"}},{"iob":0.005,"basaliob":0.003,"bolussnooze":0,"activity":1.0E-4,"lastBolusTime":1703754675154,"time":"2023-12-28T14:56:11.837Z","iobWithZeroTemp":{"iob":-0.507,"basaliob":-0.509,"bolussnooze":0,"activity":-0.0046,"lastBolusTime":1703754675154,"time":"2023-12-28T14:56:11.837Z"}}],"profile":{"max_iob":4,"type":"current","max_daily_basal":0.5,"max_basal":1.2,"min_bg":100.8,"max_bg":100.8,"target_bg":100.8,"carb_ratio":30,"sens":126,"max_daily_safety_multiplier":3,"current_basal_safety_multiplier":4,"lgsThreshold":65,"high_temptarget_raises_sensitivity":false,"low_temptarget_lowers_sensitivity":false,"sensitivity_raises_target":true,"resistance_lowers_target":true,"adv_target_adjustments":false,"exercise_mode":false,"half_basal_exercise_target":160,"maxCOB":120,"skip_neutral_temps":false,"remainingCarbsCap":90,"enableUAM":true,"A52_risk_enable":false,"SMBInterval":3,"enableSMB_with_COB":true,"enableSMB_with_temptarget":true,"allowSMB_with_high_temptarget":false,"enableSMB_always":false,"enableSMB_after_carbs":false,"maxSMBBasalMinutes":75,"maxUAMSMBBasalMinutes":75,"bolus_increment":0.05,"carbsReqThreshold":10,"current_basal":0.3,"temptargetSet":false,"autosens_max":1.2,"autosens_min":0.7,"out_units":"mmol\/L","variable_sens":129.6,"insulinDivisor":65,"TDD":12.825947619047618},"autosens_data":{"ratio":1},"meal_data":{"carbs":0,"mealCOB":0,"slopeFromMaxDeviation":-1.0242727272727272,"slopeFromMinDeviation":0,"lastBolusTime":1703754675154,"lastCarbTime":0},"microBolusAllowed":true,"currentTime":1703761273299,"flatBGsDetected":false,"tdd1D":11.195833333333328,"tdd7D":12.08690476190476,"tddLast24H":12.991666666666667,"tddLast4H":2.8874999999999997,"tddLast8to4H":1.7166666666666668},"output":{"temp":"absolute","bg":127,"tick":-7,"eventualBG":62,"targetBG":100.8,"insulinReq":0,"deliverAt":"2023-12-28T11:01:13.299Z","sensitivityRatio":1,"variable_sens":129.6,"predBGs":{"IOB":[127,120,114,107,102,97,92,87,83,80,77,74,72,70,68,66,64,63,61,60,58,57,56,55,53,53,52,51,50,49,49,48,47,47,46,46,45,45,44,44,44,44,43,43,43,42],"ZT":[127,124,121,118,115,112,110,108,106,105,103,102,102,101,101,101,101,101]},"reason":"COB: 0, Dev: -1.2, BGI: -0.2, ISF: 7.2, CR: 30, Target: 5.6, minPredBG 4.0, minGuardBG 2.3, IOBpredBG 2.3; minGuardBG 2.3<3.9 115m left and 0 ~ req 0U\/hr: no temp required","COB":0,"IOB":0.341,"timestamp":"2023-12-28T11:01:13.324Z"}}