{"algorithm":"OpenAPSSMBDynamicISFPlugin","input":{"glucoseStatus":{"glucose":144,"noise":0,"delta":0,"short_avgdelta":0,"long_avgdelta":-5.73,"date":1703769022277},"currenttemp":{"temp":"absolute","duration":85,"rate":0,"minutesrunning":5},"iob_data":[{"iob":0.375,"basaliob":0.357,"bolussnooze":0,"activity":0.0044,"lastBolusTime":1703754675154,"time":"2023-12-28T13:11:13.394Z","iobWithZeroTemp":{"iob":0.375,"basaliob":0.357,"bolussnooze":0,"activity":0.0044,"lastBolusTime":1703754675154,"time":"2023-12-28T13:11:13.394Z"}},{"iob":0.352,"basaliob":0.336,"bolussnooze":0,"activity":0.0043,"lastBolusTime":1703754675154,"time":"2023-12-28T13:16:13.394Z","iobWithZeroTemp":{"iob":0.332,"basaliob":0.316,"bolussnooze":0,"activity":0.0043,"lastBolusTime":1703754675154,"time":"2023-12-28T13:16:13.394Z"}},{"iob":0.332,"basaliob":0.317,"bolussnooze":0,"activity":0.0041,"lastBolusTime":1703754675154,"time":"2023-12-28T13:21:13.394Z","iobWithZeroTemp":{"iob":0.287,"basaliob":0.272,"bolussnooze":0,"activity":0.004,"lastBolusTime":1703754675154,"time":"2023-12-28T13:21:13.394Z"}},{"iob":0.312,"basaliob":0.298,"bolussnooze":0,"activity":0.004,"lastBolusTime":1703754675154,"time":"2023-12-28T13:26:13.394Z","iobWithZeroTemp":{"iob":0.243,"basaliob":0.229,"bolussnooze":0,"activity":0.0039,"lastBolusTime":1703754675154,"time":"2023-12-28T13:26:13.394Z"}},{"iob":0.292,"basaliob":0.28,"bolussnooze":0,"activity":0.0037,"lastBolusTime":1703754675154,"time":"2023-12-28T13:31:13.394Z","iobWithZeroTemp":{"iob":0.199,"basaliob":0.187,"bolussnooze":0,"activity":0.0035,"lastBolusTime":1703754675154,"time":"2023-12-28T13:31:13.394Z"}},{"iob":0.274,"basaliob":0.263,"bolussnooze":0,"activity":0.0036,"lastBolusTime":1703754675154,"time":"2023-12-28T13:36:13.394Z","iobWithZeroTemp":{"iob":0.157,"basaliob":0.146,"bolussnooze":0,"activity":0.0032,"lastBolusTime":1703754675154,"time":"2023-12-28T13:36:13.394Z"}},{"iob":0.256,"basaliob":0.246,"bolussnooze":0,"activity":0.0034,"lastBolusTime":1703754675154,"time":"2023-12-28T13:41:13.394Z","iobWithZeroTemp":{"iob":0.116,"basaliob":0.106,"bolussnooze":0,"activity":0.0029,"lastBolusTime":1703754675154,"time":"2023-12-28T13:41:13.394Z"}},{"iob":0.24,"basaliob":0.231,"bolussnooze":0,"activity":0.0033,"lastBolusTime":1703754675154,"time":"2023-12-28T13:46:13.394Z","iobWithZeroTemp":{"iob":0.078,"basaliob":0.069,"bolussnooze":0,"activity":0.0026,"lastBolusTime":1703754675154,"time":"2023-12-28T13:46:13.394Z"}},{"iob":0.224,"basaliob":0.216,"bolussnooze":0,"activity":0.0031,"lastBolusTime":1703754675154,"time":"2023-12-28T13:51:13.394Z","iobWithZeroTemp":{"iob":0.041,"basaliob":0.033,"bolussnooze":0,"activity":0.0023,"lastBolusTime":1703754675154,"time":"2023-12-28T13:51:13.394Z"}},{"iob":0.209,"basaliob":0.202,"bolussnooze":0,"activity":0.0029,"lastBolusTime":1703754675154,"time":"2023-12-28T13:56:13.394Z","iobWithZeroTemp":{"iob":0.005,"basaliob":-0.002,"bolussnooze":0,"activity":0.0019,"lastBolusTime":1703754675154,"time":"2023-12-28T13:56:13.394Z"}},{"iob":0.195,"basaliob":0.188,"bolussnooze":0,"activity":0.0027,"lastBolusTime":1703754675154,"time":"2023-12-28T14:01:13.394Z","iobWithZeroTemp":{"iob":-0.028,"basaliob":-0.035,"bolussnooze":0,"activity":0.0015,"lastBolusTime":1703754675154,"time":"2023-12-28T14:01:13.394Z"}},{"iob":0.182,"basaliob":0.176,"bolussnooze":0,"activity":0.0026,"lastBolusTime":1703754675154,"time":"2023-12-28T14:06:13.394Z","iobWithZeroTemp":{"iob":-0.06,"basaliob":-0.066,"bolussnooze":0,"activity":0.0013,"lastBolusTime":1703754675154,"time":"2023-12-28T14:06:13.394Z"}},{"iob":0.169,"basaliob":0.164,"bolussnooze":0,"activity":0.0024,"lastBolusTime":1703754675154,"time":"2023-12-28T14:11:13.394Z","iobWithZeroTemp":{"iob":-0.091,"basaliob":-0.096,"bolussnooze":0,"activity":9.0E-4,"lastBolusTime":1703754675154,"time":"2023-12-28T14:11:13.394Z"}},{"iob":0.157,"basaliob":0.152,"bolussnooze":0,"activity":0.0023,"lastBolusTime":1703754675154,"time":"2023-12-28T14:16:13.394Z","iobWithZeroTemp":{"iob":-0.12,"basaliob":-0.125,"bolussnooze":0,"activity":6.0E-4,"lastBolusTime":1703754675154,"time":"2023-12-28T14:16:13.394Z"}},{"iob":0.146,"basaliob":0.142,"bolussnooze":0,"activity":0.0022,"lastBolusTime":1703754675154,"time":"2023-12-28T14:21:13.394Z","iobWithZeroTemp":{"iob":-0.148,"basaliob":-0.152,"bolussnooze":0,"activity":4.0E-4,"lastBolusTime":1703754675154,"time":"2023-12-28T14:21:13.394Z"}},{"iob":0.136,"basaliob":0.132,"bolussnooze":0,"activity":0.002,"lastBolusTime":1703754675154,"time":"2023-12-28T14:26:13.394Z","iobWithZeroTemp":{"iob":-0.173,"basaliob":-0.177,"bolussnooze":0,"activity":0,"lastBolusTime":1703754675154,"time":"2023-12-28T14:26:13.394Z"}},{"iob":0.126,"basaliob":0.123,"bolussnooze":0,"activity":0.0019,"lastBolusTime":1703754675154,"time":"2023-12-28T14:31:13.394Z","iobWithZeroTemp":{"iob":-0.198,"basaliob":-0.201,"bolussnooze":0,"activity":-3.0E-4,"lastBolusTime":1703754675154,"time":"2023-12-28T14:31:13.394Z"}},{"iob":0.117,"basaliob":0.114,"bolussnooze":0,"activity":0.0018,"lastBolusTime":1703754675154,"time":"2023-12-28T14:36:13.394Z","iobWithZeroTemp":{"iob":-0.22,"basaliob":-0.223,"bolussnooze":0,"activity":-5.0E-4,"lastBolusTime":1703754675154,"time":"2023-12-28T14:36:13.394Z"}},{"iob":0.108,"basaliob":0.105,"bolussnooze":0,"activity":0.0017,"lastBolusTime":1703754675154,"time":"2023-12-28T14:41:13.394Z","iobWithZeroTemp":{"iob":-0.242,"basaliob":-0.245,"bolussnooze":0,"activity":-8.0E-4,"lastBolusTime":1703754675154,"time":"2023-12-28T14:41:13.394Z"}},{"iob":0.1,"basaliob":0.098,"bolussnooze":0,"activity":0.0016,"lastBolusTime":1703754675154,"time":"2023-12-28T14:46:13.394Z","iobWithZeroTemp":{"iob":-0.263,"basaliob":-0.265,"bolussnooze":0,"activity":-0.001,"lastBolusTime":1703754675154,"time":"2023-12-28T14:46:13.394Z"}},{"iob":0.093,"basaliob":0.091,"bolussnooze":0,"activity":0.0015,"lastBolusTime":1703754675154,"time":"2023-12-28T14:51:13.394Z","iobWithZeroTemp":{"iob":-0.281,"basaliob":-0.283,"bolussnooze":0,"activity":-0.0013,"lastBolusTime":1703754675154,"time":"2023-12-28T14:51:13.394Z"}},{"iob":0.086,"basaliob":0.084,"bolussnooze":0,"activity":0.0013,"lastBolusTime":1703754675154,"time":"2023-12-28T14:56:13.394Z","iobWithZeroTemp":{"iob":-0.299,"basaliob":-0.301,"bolussnooze":0,"activity":-0.0016,"lastBolusTime":1703754675154,"time":"2023-12-28T14:56:13.394Z"}},{"iob":0.079,"basaliob":0.077,"bolussnooze":0,"activity":0.0012,"lastBolusTime":1703754675154,"time":"2023-12-28T15:01:13.394Z","iobWithZeroTemp":{"iob":-0.316,"basaliob":-0.318,"bolussnooze":0,"activity":-0.0018,"lastBolusTime":1703754675154,"time":"2023-12-28T15:01:13.394Z"}},{"iob":0.073,"basaliob":0.072,"bolussnooze":0,"activity":0.0011,"lastBolusTime":1703754675154,"time":"2023-12-28T15:06:13.394Z","iobWithZeroTemp":{"iob":-0.332,"basaliob":-0.333,"bolussnooze":0,"activity":-0.002,"lastBolusTime":1703754675154,"time":"2023-12-28T15:06:13.394Z"}},{"iob":0.067,"basaliob":0.066,"bolussnooze":0,"activity":0.0011,"lastBolusTime":1703754675154,"time":"2023-12-28T15:11:13.394Z","iobWithZeroTemp":{"iob":-0.347,"basaliob":-0.348,"bolussnooze":0,"activity":-0.0022,"lastBolusTime":1703754675154,"time":"2023-12-28T15:11:13.394Z"}},{"iob":0.062,"basaliob":0.061,"bolussnooze":0,"activity":0.001,"lastBolusTime":1703754675154,"time":"2023-12-28T15:16:13.394Z","iobWithZeroTemp":{"iob":-0.361,"basaliob":-0.362,"bolussnooze":0,"activity":-0.0024,"lastBolusTime":1703754675154,"time":"2023-12-28T15:16:13.394Z"}},{"iob":0.057,"basaliob":0.056,"bolussnooze":0,"activity":9.0E-4,"lastBolusTime":1703754675154,"time":"2023-12-28T15:21:13.394Z","iobWithZeroTemp":{"iob":-0.373,"basaliob":-0.374,"bolussnooze":0,"activity":-0.0026,"lastBolusTime":1703754675154,"time":"2023-12-28T15:21:13.394Z"}},{"iob":0.053,"basaliob":0.052,"bolussnooze":0,"activity":9.0E-4,"lastBolusTime":1703754675154,"time":"2023-12-28T15:26:13.394Z","iobWithZeroTemp":{"iob":-0.385,"basaliob":-0.386,"bolussnooze":0,"activity":-0.0027,"lastBolusTime":1703754675154,"time":"2023-12-28T15:26:13.394Z"}},{"iob":0.049,"basaliob":0.048,"bolussnooze":0,"activity":8.0E-4,"lastBolusTime":1703754675154,"time":"2023-12-28T15:31:13.394Z","iobWithZeroTemp":{"iob":-0.396,"basaliob":-0.397,"bolussnooze":0,"activity":-0.0029,"lastBolusTime":1703754675154,"time":"2023-12-28T15:31:13.394Z"}},{"iob":0.045,"basaliob":0.044,"bolussnooze":0,"activity":7.0E-4,"lastBolusTime":1703754675154,"time":"2023-12-28T15:36:13.394Z","iobWithZeroTemp":{"iob":-0.406,"basaliob":-0.407,"bolussnooze":0,"activity":-0.0031,"lastBolusTime":1703754675154,"time":"2023-12-28T15:36:13.394Z"}},{"iob":0.041,"basaliob":0.04,"bolussnooze":0,"activity":7.0E-4,"lastBolusTime":1703754675154,"time":"2023-12-28T15:41:13.394Z","iobWithZeroTemp":{"iob":-0.416,"basaliob":-0.417,"bolussnooze":0,"activity":-0.0032,"lastBolusTime":1703754675154,"time":"2023-12-28T15:41:13.394Z"}},{"iob":0.037,"basaliob":0.037,"bolussnooze":0,"activity":6.0E-4,"lastBolusTime":1703754675154,"time":"2023-12-28T15:46:13.394Z","iobWithZeroTemp":{"iob":-0.426,"basaliob":-0.426,"bolussnooze":0,"activity":-0.0033,"lastBolusTime":1703754675154,"time":"2023-12-28T15:46:13.394Z"}},{"iob":0.034,"basaliob":0.034,"bolussnooze":0,"activity":6.0E-4,"lastBolusTime":1703754675154,"time":"2023-12-28T15:51:13.394Z","iobWithZeroTemp":{"iob":-0.434,"basaliob":-0.434,"bolussnooze":0,"activity":-0.0034,"lastBolusTime":1703754675154,"time":"2023-12-28T15:51:13.394Z"}},{"iob":0.031,"basaliob":0.031,"bolussnooze":0,"activity":5.0E-4,"lastBolusTime":1703754675154,"time":"2023-12-28T15:56:13.394Z","iobWithZeroTemp":{"iob":-0.442,"basaliob":-0.442,"bolussnooze":0,"activity":-0.0036,"lastBolusTime":1703754675154,"time":"2023-12-28T15:56:13.394Z"}},{"iob":0.029,"basaliob":0.029,"bolussnooze":0,"activity":5.0E-4,"lastBolusTime":1703754675154,"time":"2023-12-28T16:01:13.394Z","iobWithZeroTemp":{"iob":-0.448,"basaliob":-0.448,"bolussnooze":0,"activity":-0.0036,"lastBolusTime":1703754675154,"time":"2023-12-28T16:01:13.394Z"}},{"iob":0.026,"basaliob":0.026,"bolussnooze":0,"activity":5.0E-4,"lastBolusTime":1703754675154,"time":"2023-12-28T16:06:13.394Z","iobWithZeroTemp":{"iob":-0.463,"basaliob":-0.463,"bolussnooze":0,"activity":-0.0037,"lastBolusTime":1703754675154,"time":"2023-12-28T16:06:13.394Z"}},{"iob":0.024,"basaliob":0.024,"bolussnooze":0,"activity":4.0E-4,"lastBolusTime":1703754675154,"time":"2023-12-28T16:11:13.394Z","iobWithZeroTemp":{"iob":-0.477,"basaliob":-0.477,"bolussnooze":0,"activity":-0.0039,"lastBolusTime":1703754675154,"time":"2023-12-28T16:11:13.394Z"}},{"iob":0.022,"basaliob":0.022,"bolussnooze":0,"activity":4.0E-4,"lastBolusTime":1703754675154,"time":"2023-12-28T16:16:13.394Z","iobWithZeroTemp":{"iob":-0.491,"basaliob":-0.491,"bolussnooze":0,"activity":-0.004,"lastBolusTime":1703754675154,"time":"2023-12-28T16:16:13.394Z"}},{"iob":0.02,"basaliob":0.02,"bolussnooze":0,"activity":4.0E-4,"lastBolusTime":1703754675154,"time":"2023-12-28T16:21:13.394Z","iobWithZeroTemp":{"iob":-0.504,"basaliob":-0.504,"bolussnooze":0,"activity":-0.0041,"lastBolusTime":1703754675154,"time":"2023-12-28T16:21:13.394Z"}},{"iob":0.018,"basaliob":0.018,"bolussnooze":0,"activity":3.0E-4,"lastBolusTime":1703754675154,"time":"2023-12-28T16:26:13.394Z","iobWithZeroTemp":{"iob":-0.517,"basaliob":-0.517,"bolussnooze":0,"activity":-0.0042,"lastBolusTime":1703754675154,"time":"2023-12-28T16:26:13.394Z"}},{"iob":0.017,"basaliob":0.017,"bolussnooze":0,"activity":3.0E-4,"lastBolusTime":1703754675154,"time":"2023-12-28T16:31:13.394Z","iobWithZeroTemp":{"iob":-0.529,"basaliob":-0.529,"bolussnooze":0,"activity":-0.0043,"lastBolusTime":1703754675154,"time":"2023-12-28T16:31:13.394Z"}},{"iob":0.015,"basaliob":0.015,"bolussnooze":0,"activity":3.0E-4,"lastBolusTime":1703754675154,"time":"2023-12-28T16:36:13.394Z","iobWithZeroTemp":{"iob":-0.54,"basaliob":-0.54,"bolussnooze":0,"activity":-0.0044,"lastBolusTime":1703754675154,"time":"2023-12-28T16:36:13.394Z"}},{"iob":0.014,"basaliob":0.014,"bolussnooze":0,"activity":3.0E-4,"lastBolusTime":1703754675154,"time":"2023-12-28T16:41:13.394Z","iobWithZeroTemp":{"iob":-0.551,"basaliob":-0.551,"bolussnooze":0,"activity":-0.0045,"lastBolusTime":1703754675154,"time":"2023-12-28T16:41:13.394Z"}},{"iob":0.013,"basaliob":0.013,"bolussnooze":0,"activity":2.0E-4,"lastBolusTime":1703754675154,"time":"2023-12-28T16:46:13.394Z","iobWithZeroTemp":{"iob":-0.561,"basaliob":-0.561,"bolussnooze":0,"activity":-0.0047,"lastBolusTime":1703754675154,"time":"2023-12-28T16:46:13.394Z"}},{"iob":0.012,"basaliob":0.012,"bolussnooze":0,"activity":2.0E-4,"lastBolusTime":1703754675154,"time":"2023-12-28T16:51:13.394Z","iobWithZeroTemp":{"iob":-0.57,"basaliob":-0.57,"bolussnooze":0,"activity":-0.0048,"lastBolusTime":1703754675154,"time":"2023-12-28T16:51:13.394Z"}},{"iob":0.011,"basaliob":0.011,"bolussnooze":0,"activity":2.0E-4,"lastBolusTime":1703754675154,"time":"2023-12-28T16:56:13.394Z","iobWithZeroTemp":{"iob":-0.579,"basaliob":-0.579,"bolussnooze":0,"activity":-0.0049,"lastBolusTime":1703754675154,"time":"2023-12-28T16:56:13.394Z"}},{"iob":0.01,"basaliob":0.01,"bolussnooze":0,"activity":2.0E-4,"lastBolusTime":1703754675154,"time":"2023-12-28T17:01:13.394Z","iobWithZeroTemp":{"iob":-0.588,"basaliob":-0.588,"bolussnooze":0,"activity":-0.005,"lastBolusTime":1703754675154,"time":"2023-12-28T17:01:13.394Z"}},{"iob":0.009,"basaliob":0.009,"bolussnooze":0,"activity":2.0E-4,"lastBolusTime":1703754675154,"time":"2023-12-28T17:06:13.394Z","iobWithZeroTemp":{"iob":-0.596,"basaliob":-0.596,"bolussnooze":0,"activity":-0.0051,"lastBolusTime":1703754675154,"time":"2023-12-28T17:06:13.394Z"}}],"profile":{"max_iob":4,"type":"current","max_daily_basal":0.5,"max_basal":1.2,"min_bg":100.8,"max_bg":100.8,"target_bg":100.8,"carb_ratio":30,"sens":126,"max_daily_safety_multiplier":3,"current_basal_safety_multiplier":4,"lgsThreshold":65,"high_temptarget_raises_sensitivity":false,"low_temptarget_lowers_sensitivity":false,"sensitivity_raises_target":true,"resistance_lowers_target":true,"adv_target_adjustments":false,"exercise_mode":false,"half_basal_exercise_target":160,"maxCOB":120,"skip_neutral_temps":false,"remainingCarbsCap":90,"enableUAM":true,"A52_risk_enable":false,"SMBInterval":3,"enableSMB_with_COB":true,"enableSMB_with_temptarget":true,"allowSMB_with_high_temptarget":false,"enableSMB_always":false,"enableSMB_after_carbs":false,"maxSMBBasalMinutes":75,"maxUAMSMBBasalMinutes":75,"bolus_increment":0.05,"carbsReqThreshold":10,"current_basal":0.3,"temptargetSet":false,"autosens_max":1.2,"autosens_min":0.7,"out_units":"mmol\/L","variable_sens":126.2,"insulinDivisor":65,"TDD":12.212147619047617},"autosens_data":{"ratio":1},"meal_data":{"carbs":0,"mealCOB":0,"slopeFromMaxDeviation":-0.7450909090909091,"slopeFromMinDeviation":0.24400000000000005,"lastBolusTime":1703754675154,"lastCarbTime":0},"microBolusAllowed":true,"currentTime":1703769074899,"flatBGsDetected":false,"tdd1D":11.195833333333328,"tdd7D":12.08690476190476,"tddLast24H":13.170833333333334,"tddLast4H":2.2625000000000006,"tddLast8to4H":2.1416666666666666},"output":{"temp":"absolute","bg":144,"tick":"+0","eventualBG":114,"targetBG":100.8,"insulinReq":0.06,"deliverAt":"2023-12-28T13:11:14.899Z","sensitivityRatio":1,"variable_sens":126.2,"predBGs":{"IOB":[144,144,143,143,142,142,141,140,138,137,136,134,132,131,129,128,126,125,124,123,122,121,120,119,118,117,117,116,115,115,114,114,113,113,112,112,112,111,111,111,111,110,110,110,110,110,109],"ZT":[144,141,138,136,133,131,129,127,125,124,122,121,120,120,119,119,119,119,120,120],"UAM":[144,143,142,140,137,135,132,130,128,126,124,122,120,119,117,115,114,113,111,110,109,108,107,106,105,104,103,103,102,101,101,100,100,99,99,98,98,98,97,97,97,97,96,96,96,96,96,95]},"reason":"COB: 0, Dev: 0.9, BGI: -0.2, ISF: 7.0, CR: 30, Target: 5.6, minPredBG 6.1, minGuardBG 5.3, IOBpredBG 6.1, UAMpredBG 5.3; Eventual BG 6.3 >= 5.6, temp 0.00 < 0.42U\/hr. ","COB":0,"IOB":0.375,"duration":30,"rate":0.42,"timestamp":"2023-12-28T13:11:14.925Z"}}