{"algorithm":"OpenAPSSMBDynamicISFPlugin","input":{"glucoseStatus":{"glucose":188,"noise":0,"delta":-3,"short_avgdelta":-1.69,"long_avgdelta":2.23,"date":1703713500000},"currenttemp":{"temp":"absolute","duration":115,"rate":0,"minutesrunning":5},"iob_data":[{"iob":1.429,"basaliob":0.321,"bolussnooze":0,"activity":0.0116,"lastBolusTime":1703712673748,"time":"2023-12-27T21:46:10.569Z","iobWithZeroTemp":{"iob":1.429,"basaliob":0.321,"bolussnooze":0,"activity":0.0116,"lastBolusTime":1703712673748,"time":"2023-12-27T21:46:10.569Z"}},{"iob":1.37,"basaliob":0.302,"bolussnooze":0,"activity":0.0118,"lastBolusTime":1703712673748,"time":"2023-12-27T21:51:10.569Z","iobWithZeroTemp":{"iob":1.337,"basaliob":0.269,"bolussnooze":0,"activity":0.0118,"lastBolusTime":1703712673748,"time":"2023-12-27T21:51:10.569Z"}},{"iob":1.31,"basaliob":0.284,"bolussnooze":0,"activity":0.012,"lastBolusTime":1703712673748,"time":"2023-12-27T21:56:10.569Z","iobWithZeroTemp":{"iob":1.235,"basaliob":0.209,"bolussnooze":0,"activity":0.0119,"lastBolusTime":1703712673748,"time":"2023-12-27T21:56:10.569Z"}},{"iob":1.25,"basaliob":0.267,"bolussnooze":0,"activity":0.0121,"lastBolusTime":1703712673748,"time":"2023-12-27T22:01:10.569Z","iobWithZeroTemp":{"iob":1.134,"basaliob":0.151,"bolussnooze":0,"activity":0.0119,"lastBolusTime":1703712673748,"time":"2023-12-27T22:01:10.569Z"}},{"iob":1.191,"basaliob":0.251,"bolussnooze":0,"activity":0.0119,"lastBolusTime":1703712673748,"time":"2023-12-27T22:06:10.569Z","iobWithZeroTemp":{"iob":1.035,"basaliob":0.095,"bolussnooze":0,"activity":0.0115,"lastBolusTime":1703712673748,"time":"2023-12-27T22:06:10.569Z"}},{"iob":1.131,"basaliob":0.235,"bolussnooze":0,"activity":0.0118,"lastBolusTime":1703712673748,"time":"2023-12-27T22:11:10.569Z","iobWithZeroTemp":{"iob":0.936,"basaliob":0.04,"bolussnooze":0,"activity":0.0112,"lastBolusTime":1703712673748,"time":"2023-12-27T22:11:10.569Z"}},{"iob":1.073,"basaliob":0.22,"bolussnooze":0,"activity":0.0115,"lastBolusTime":1703712673748,"time":"2023-12-27T22:16:10.569Z","iobWithZeroTemp":{"iob":0.84,"basaliob":-0.013,"bolussnooze":0,"activity":0.0107,"lastBolusTime":1703712673748,"time":"2023-12-27T22:16:10.569Z"}},{"iob":1.016,"basaliob":0.206,"bolussnooze":0,"activity":0.0113,"lastBolusTime":1703712673748,"time":"2023-12-27T22:21:10.569Z","iobWithZeroTemp":{"iob":0.746,"basaliob":-0.064,"bolussnooze":0,"activity":0.0102,"lastBolusTime":1703712673748,"time":"2023-12-27T22:21:10.569Z"}},{"iob":0.96,"basaliob":0.192,"bolussnooze":0,"activity":0.0109,"lastBolusTime":1703712673748,"time":"2023-12-27T22:26:10.569Z","iobWithZeroTemp":{"iob":0.655,"basaliob":-0.113,"bolussnooze":0,"activity":0.0095,"lastBolusTime":1703712673748,"time":"2023-12-27T22:26:10.569Z"}},{"iob":0.906,"basaliob":0.179,"bolussnooze":0,"activity":0.0106,"lastBolusTime":1703712673748,"time":"2023-12-27T22:31:10.569Z","iobWithZeroTemp":{"iob":0.567,"basaliob":-0.16,"bolussnooze":0,"activity":0.009,"lastBolusTime":1703712673748,"time":"2023-12-27T22:31:10.569Z"}},{"iob":0.854,"basaliob":0.167,"bolussnooze":0,"activity":0.0102,"lastBolusTime":1703712673748,"time":"2023-12-27T22:36:10.569Z","iobWithZeroTemp":{"iob":0.482,"basaliob":-0.205,"bolussnooze":0,"activity":0.0083,"lastBolusTime":1703712673748,"time":"2023-12-27T22:36:10.569Z"}},{"iob":0.804,"basaliob":0.156,"bolussnooze":0,"activity":0.0098,"lastBolusTime":1703712673748,"time":"2023-12-27T22:41:10.569Z","iobWithZeroTemp":{"iob":0.4,"basaliob":-0.248,"bolussnooze":0,"activity":0.0076,"lastBolusTime":1703712673748,"time":"2023-12-27T22:41:10.569Z"}},{"iob":0.756,"basaliob":0.145,"bolussnooze":0,"activity":0.0094,"lastBolusTime":1703712673748,"time":"2023-12-27T22:46:10.569Z","iobWithZeroTemp":{"iob":0.322,"basaliob":-0.289,"bolussnooze":0,"activity":0.0069,"lastBolusTime":1703712673748,"time":"2023-12-27T22:46:10.569Z"}},{"iob":0.71,"basaliob":0.135,"bolussnooze":0,"activity":0.0091,"lastBolusTime":1703712673748,"time":"2023-12-27T22:51:10.569Z","iobWithZeroTemp":{"iob":0.248,"basaliob":-0.327,"bolussnooze":0,"activity":0.0063,"lastBolusTime":1703712673748,"time":"2023-12-27T22:51:10.569Z"}},{"iob":0.666,"basaliob":0.126,"bolussnooze":0,"activity":0.0086,"lastBolusTime":1703712673748,"time":"2023-12-27T22:56:10.569Z","iobWithZeroTemp":{"iob":0.177,"basaliob":-0.363,"bolussnooze":0,"activity":0.0055,"lastBolusTime":1703712673748,"time":"2023-12-27T22:56:10.569Z"}},{"iob":0.624,"basaliob":0.117,"bolussnooze":0,"activity":0.0082,"lastBolusTime":1703712673748,"time":"2023-12-27T23:01:10.569Z","iobWithZeroTemp":{"iob":0.109,"basaliob":-0.398,"bolussnooze":0,"activity":0.0049,"lastBolusTime":1703712673748,"time":"2023-12-27T23:01:10.569Z"}},{"iob":0.584,"basaliob":0.108,"bolussnooze":0,"activity":0.0078,"lastBolusTime":1703712673748,"time":"2023-12-27T23:06:10.569Z","iobWithZeroTemp":{"iob":0.065,"basaliob":-0.411,"bolussnooze":0,"activity":0.0042,"lastBolusTime":1703712673748,"time":"2023-12-27T23:06:10.569Z"}},{"iob":0.545,"basaliob":0.1,"bolussnooze":0,"activity":0.0074,"lastBolusTime":1703712673748,"time":"2023-12-27T23:11:10.569Z","iobWithZeroTemp":{"iob":0.024,"basaliob":-0.421,"bolussnooze":0,"activity":0.0036,"lastBolusTime":1703712673748,"time":"2023-12-27T23:11:10.569Z"}},{"iob":0.51,"basaliob":0.093,"bolussnooze":0,"activity":0.007,"lastBolusTime":1703712673748,"time":"2023-12-27T23:16:10.569Z","iobWithZeroTemp":{"iob":-0.013,"basaliob":-0.43,"bolussnooze":0,"activity":0.003,"lastBolusTime":1703712673748,"time":"2023-12-27T23:16:10.569Z"}},{"iob":0.476,"basaliob":0.086,"bolussnooze":0,"activity":0.0066,"lastBolusTime":1703712673748,"time":"2023-12-27T23:21:10.569Z","iobWithZeroTemp":{"iob":-0.048,"basaliob":-0.438,"bolussnooze":0,"activity":0.0025,"lastBolusTime":1703712673748,"time":"2023-12-27T23:21:10.569Z"}},{"iob":0.444,"basaliob":0.08,"bolussnooze":0,"activity":0.0062,"lastBolusTime":1703712673748,"time":"2023-12-27T23:26:10.569Z","iobWithZeroTemp":{"iob":-0.08,"basaliob":-0.444,"bolussnooze":0,"activity":0.0019,"lastBolusTime":1703712673748,"time":"2023-12-27T23:26:10.569Z"}},{"iob":0.414,"basaliob":0.074,"bolussnooze":0,"activity":0.0059,"lastBolusTime":1703712673748,"time":"2023-12-27T23:31:10.569Z","iobWithZeroTemp":{"iob":-0.109,"basaliob":-0.449,"bolussnooze":0,"activity":0.0015,"lastBolusTime":1703712673748,"time":"2023-12-27T23:31:10.569Z"}},{"iob":0.384,"basaliob":0.068,"bolussnooze":0,"activity":0.0056,"lastBolusTime":1703712673748,"time":"2023-12-27T23:36:10.569Z","iobWithZeroTemp":{"iob":-0.138,"basaliob":-0.454,"bolussnooze":0,"activity":0.0011,"lastBolusTime":1703712673748,"time":"2023-12-27T23:36:10.569Z"}},{"iob":0.358,"basaliob":0.063,"bolussnooze":0,"activity":0.0052,"lastBolusTime":1703712673748,"time":"2023-12-27T23:41:10.569Z","iobWithZeroTemp":{"iob":-0.162,"basaliob":-0.457,"bolussnooze":0,"activity":7.0E-4,"lastBolusTime":1703712673748,"time":"2023-12-27T23:41:10.569Z"}},{"iob":0.332,"basaliob":0.058,"bolussnooze":0,"activity":0.0049,"lastBolusTime":1703712673748,"time":"2023-12-27T23:46:10.569Z","iobWithZeroTemp":{"iob":-0.186,"basaliob":-0.46,"bolussnooze":0,"activity":3.0E-4,"lastBolusTime":1703712673748,"time":"2023-12-27T23:46:10.569Z"}},{"iob":0.308,"basaliob":0.053,"bolussnooze":0,"activity":0.0046,"lastBolusTime":1703712673748,"time":"2023-12-27T23:51:10.569Z","iobWithZeroTemp":{"iob":-0.208,"basaliob":-0.463,"bolussnooze":0,"activity":0,"lastBolusTime":1703712673748,"time":"2023-12-27T23:51:10.569Z"}},{"iob":0.286,"basaliob":0.049,"bolussnooze":0,"activity":0.0043,"lastBolusTime":1703712673748,"time":"2023-12-27T23:56:10.569Z","iobWithZeroTemp":{"iob":-0.228,"basaliob":-0.465,"bolussnooze":0,"activity":-4.0E-4,"lastBolusTime":1703712673748,"time":"2023-12-27T23:56:10.569Z"}},{"iob":0.265,"basaliob":0.045,"bolussnooze":0,"activity":0.0041,"lastBolusTime":1703712673748,"time":"2023-12-28T00:01:10.569Z","iobWithZeroTemp":{"iob":-0.246,"basaliob":-0.466,"bolussnooze":0,"activity":-6.0E-4,"lastBolusTime":1703712673748,"time":"2023-12-28T00:01:10.569Z"}},{"iob":0.246,"basaliob":0.042,"bolussnooze":0,"activity":0.0038,"lastBolusTime":1703712673748,"time":"2023-12-28T00:06:10.569Z","iobWithZeroTemp":{"iob":-0.262,"basaliob":-0.466,"bolussnooze":0,"activity":-9.0E-4,"lastBolusTime":1703712673748,"time":"2023-12-28T00:06:10.569Z"}},{"iob":0.227,"basaliob":0.038,"bolussnooze":0,"activity":0.0035,"lastBolusTime":1703712673748,"time":"2023-12-28T00:11:10.569Z","iobWithZeroTemp":{"iob":-0.279,"basaliob":-0.468,"bolussnooze":0,"activity":-0.0012,"lastBolusTime":1703712673748,"time":"2023-12-28T00:11:10.569Z"}},{"iob":0.21,"basaliob":0.035,"bolussnooze":0,"activity":0.0033,"lastBolusTime":1703712673748,"time":"2023-12-28T00:16:10.569Z","iobWithZeroTemp":{"iob":-0.293,"basaliob":-0.468,"bolussnooze":0,"activity":-0.0014,"lastBolusTime":1703712673748,"time":"2023-12-28T00:16:10.569Z"}},{"iob":0.194,"basaliob":0.032,"bolussnooze":0,"activity":0.0031,"lastBolusTime":1703712673748,"time":"2023-12-28T00:21:10.569Z","iobWithZeroTemp":{"iob":-0.306,"basaliob":-0.468,"bolussnooze":0,"activity":-0.0016,"lastBolusTime":1703712673748,"time":"2023-12-28T00:21:10.569Z"}},{"iob":0.18,"basaliob":0.03,"bolussnooze":0,"activity":0.0029,"lastBolusTime":1703712673748,"time":"2023-12-28T00:26:10.569Z","iobWithZeroTemp":{"iob":-0.317,"basaliob":-0.467,"bolussnooze":0,"activity":-0.0018,"lastBolusTime":1703712673748,"time":"2023-12-28T00:26:10.569Z"}},{"iob":0.166,"basaliob":0.027,"bolussnooze":0,"activity":0.0027,"lastBolusTime":1703712673748,"time":"2023-12-28T00:31:10.569Z","iobWithZeroTemp":{"iob":-0.328,"basaliob":-0.467,"bolussnooze":0,"activity":-0.002,"lastBolusTime":1703712673748,"time":"2023-12-28T00:31:10.569Z"}},{"iob":0.153,"basaliob":0.025,"bolussnooze":0,"activity":0.0024,"lastBolusTime":1703712673748,"time":"2023-12-28T00:36:10.569Z","iobWithZeroTemp":{"iob":-0.339,"basaliob":-0.467,"bolussnooze":0,"activity":-0.0023,"lastBolusTime":1703712673748,"time":"2023-12-28T00:36:10.569Z"}},{"iob":0.141,"basaliob":0.023,"bolussnooze":0,"activity":0.0023,"lastBolusTime":1703712673748,"time":"2023-12-28T00:41:10.569Z","iobWithZeroTemp":{"iob":-0.348,"basaliob":-0.466,"bolussnooze":0,"activity":-0.0024,"lastBolusTime":1703712673748,"time":"2023-12-28T00:41:10.569Z"}},{"iob":0.13,"basaliob":0.021,"bolussnooze":0,"activity":0.0022,"lastBolusTime":1703712673748,"time":"2023-12-28T00:46:10.569Z","iobWithZeroTemp":{"iob":-0.356,"basaliob":-0.465,"bolussnooze":0,"activity":-0.0025,"lastBolusTime":1703712673748,"time":"2023-12-28T00:46:10.569Z"}},{"iob":0.119,"basaliob":0.019,"bolussnooze":0,"activity":0.0019,"lastBolusTime":1703712673748,"time":"2023-12-28T00:51:10.569Z","iobWithZeroTemp":{"iob":-0.365,"basaliob":-0.465,"bolussnooze":0,"activity":-0.0028,"lastBolusTime":1703712673748,"time":"2023-12-28T00:51:10.569Z"}},{"iob":0.11,"basaliob":0.017,"bolussnooze":0,"activity":0.0018,"lastBolusTime":1703712673748,"time":"2023-12-28T00:56:10.569Z","iobWithZeroTemp":{"iob":-0.371,"basaliob":-0.464,"bolussnooze":0,"activity":-0.0029,"lastBolusTime":1703712673748,"time":"2023-12-28T00:56:10.569Z"}},{"iob":0.101,"basaliob":0.016,"bolussnooze":0,"activity":0.0017,"lastBolusTime":1703712673748,"time":"2023-12-28T01:01:10.569Z","iobWithZeroTemp":{"iob":-0.378,"basaliob":-0.463,"bolussnooze":0,"activity":-0.0029,"lastBolusTime":1703712673748,"time":"2023-12-28T01:01:10.569Z"}},{"iob":0.092,"basaliob":0.014,"bolussnooze":0,"activity":0.0016,"lastBolusTime":1703712673748,"time":"2023-12-28T01:06:10.569Z","iobWithZeroTemp":{"iob":-0.385,"basaliob":-0.463,"bolussnooze":0,"activity":-0.003,"lastBolusTime":1703712673748,"time":"2023-12-28T01:06:10.569Z"}},{"iob":0.085,"basaliob":0.013,"bolussnooze":0,"activity":0.0014,"lastBolusTime":1703712673748,"time":"2023-12-28T01:11:10.569Z","iobWithZeroTemp":{"iob":-0.39,"basaliob":-0.462,"bolussnooze":0,"activity":-0.0032,"lastBolusTime":1703712673748,"time":"2023-12-28T01:11:10.569Z"}},{"iob":0.078,"basaliob":0.012,"bolussnooze":0,"activity":0.0013,"lastBolusTime":1703712673748,"time":"2023-12-28T01:16:10.569Z","iobWithZeroTemp":{"iob":-0.395,"basaliob":-0.461,"bolussnooze":0,"activity":-0.0033,"lastBolusTime":1703712673748,"time":"2023-12-28T01:16:10.569Z"}},{"iob":0.072,"basaliob":0.011,"bolussnooze":0,"activity":0.0012,"lastBolusTime":1703712673748,"time":"2023-12-28T01:21:10.569Z","iobWithZeroTemp":{"iob":-0.399,"basaliob":-0.46,"bolussnooze":0,"activity":-0.0034,"lastBolusTime":1703712673748,"time":"2023-12-28T01:21:10.569Z"}},{"iob":0.066,"basaliob":0.01,"bolussnooze":0,"activity":0.0012,"lastBolusTime":1703712673748,"time":"2023-12-28T01:26:10.569Z","iobWithZeroTemp":{"iob":-0.403,"basaliob":-0.459,"bolussnooze":0,"activity":-0.0033,"lastBolusTime":1703712673748,"time":"2023-12-28T01:26:10.569Z"}},{"iob":0.06,"basaliob":0.009,"bolussnooze":0,"activity":0.0011,"lastBolusTime":1703712673748,"time":"2023-12-28T01:31:10.569Z","iobWithZeroTemp":{"iob":-0.407,"basaliob":-0.458,"bolussnooze":0,"activity":-0.0034,"lastBolusTime":1703712673748,"time":"2023-12-28T01:31:10.569Z"}},{"iob":0.055,"basaliob":0.008,"bolussnooze":0,"activity":0.001,"lastBolusTime":1703712673748,"time":"2023-12-28T01:36:10.569Z","iobWithZeroTemp":{"iob":-0.41,"basaliob":-0.457,"bolussnooze":0,"activity":-0.0035,"lastBolusTime":1703712673748,"time":"2023-12-28T01:36:10.569Z"}},{"iob":0.05,"basaliob":0.007,"bolussnooze":0,"activity":9.0E-4,"lastBolusTime":1703712673748,"time":"2023-12-28T01:41:10.569Z","iobWithZeroTemp":{"iob":-0.414,"basaliob":-0.457,"bolussnooze":0,"activity":-0.0036,"lastBolusTime":1703712673748,"time":"2023-12-28T01:41:10.569Z"}}],"profile":{"max_iob":4,"type":"current","max_daily_basal":0.5,"max_basal":1.5,"min_bg":95.4,"max_bg":95.4,"target_bg":95.4,"carb_ratio":20,"sens":117,"max_daily_safety_multiplier":3,"current_basal_safety_multiplier":4,"lgsThreshold":65,"high_temptarget_raises_sensitivity":false,"low_temptarget_lowers_sensitivity":false,"sensitivity_raises_target":true,"resistance_lowers_target":true,"adv_target_adjustments":false,"exercise_mode":false,"half_basal_exercise_target":160,"maxCOB":120,"skip_neutral_temps":false,"remainingCarbsCap":90,"enableUAM":true,"A52_risk_enable":false,"SMBInterval":3,"enableSMB_with_COB":true,"enableSMB_with_temptarget":true,"allowSMB_with_high_temptarget":false,"enableSMB_always":false,"enableSMB_after_carbs":false,"maxSMBBasalMinutes":75,"maxUAMSMBBasalMinutes":75,"bolus_increment":0.05,"carbsReqThreshold":10,"current_basal":0.5,"temptargetSet":true,"autosens_max":1.2,"autosens_min":0.7,"out_units":"mmol\/L","variable_sens":83.8,"insulinDivisor":65,"TDD":15.805604761904764},"autosens_data":{"ratio":1},"meal_data":{"carbs":0,"mealCOB":0,"slopeFromMaxDeviation":-2.7044999999999995,"slopeFromMinDeviation":0.8254285714285714,"lastBolusTime":1703712673748,"lastCarbTime":0},"microBolusAllowed":true,"currentTime":1703713572195,"flatBGsDetected":false,"tdd1D":15.216666666666669,"tdd7D":11.563690476190475,"tddLast24H":11.549999999999988,"tddLast4H":4.245833333333334,"tddLast8to4H":1.6291666666666669},"output":{"temp":"absolute","bg":188,"tick":-3,"eventualBG":79,"targetBG":95.4,"insulinReq":0,"deliverAt":"2023-12-27T21:46:12.195Z","sensitivityRatio":1,"variable_sens":83.8,"predBGs":{"IOB":[188,185,181,178,174,170,165,161,157,152,147,142,138,133,128,124,119,115,111,107,103,99,96,92,89,86,83,80,77,74,71,69,66,64,62,60,58,56,54,52,51,49,48,46,45,44,43,41],"ZT":[188,183,178,173,168,163,158,153,148,143,139,135,131,127,124,121,118,116,114,112,111,110,109,108,108,108,108,108,108,109,110,110],"UAM":[188,183,178,173,168,162,157,152,146,141,136,131,126,121,116,111,106,102,97,93,88,84,80,76,73,69,65,62,58,55,52,48,45,42,39]},"reason":"COB: 0, Dev: 0.6, BGI: -0.3, ISF: 4.7, CR: 20, Target: 5.3, minPredBG 4.1, minGuardBG 0.7, IOBpredBG 2.3, UAMpredBG 2.2; minGuardBG 0.7<3.8 115m left and 0 ~ req 0U\/hr: no temp required","COB":0,"IOB":1.429,"timestamp":"2023-12-27T21:46:12.227Z"}}