{"algorithm":"OpenAPSSMBDynamicISFPlugin","input":{"glucoseStatus":{"glucose":73,"noise":0,"delta":-3,"short_avgdelta":-4.43,"long_avgdelta":-5.24,"date":1703726119324},"currenttemp":{"temp":"absolute","duration":95,"rate":0,"minutesrunning":25},"iob_data":[{"iob":0.059,"basaliob":-0.259,"bolussnooze":0,"activity":0.0019,"lastBolusTime":1703722874900,"time":"2023-12-28T01:16:11.535Z","iobWithZeroTemp":{"iob":0.059,"basaliob":-0.259,"bolussnooze":0,"activity":0.0019,"lastBolusTime":1703722874900,"time":"2023-12-28T01:16:11.535Z"}},{"iob":0.05,"basaliob":-0.25,"bolussnooze":0,"activity":0.0017,"lastBolusTime":1703722874900,"time":"2023-12-28T01:21:11.535Z","iobWithZeroTemp":{"iob":0.033,"basaliob":-0.267,"bolussnooze":0,"activity":0.0017,"lastBolusTime":1703722874900,"time":"2023-12-28T01:21:11.535Z"}},{"iob":0.042,"basaliob":-0.24,"bolussnooze":0,"activity":0.0015,"lastBolusTime":1703722874900,"time":"2023-12-28T01:26:11.535Z","iobWithZeroTemp":{"iob":0.005,"basaliob":-0.277,"bolussnooze":0,"activity":0.0014,"lastBolusTime":1703722874900,"time":"2023-12-28T01:26:11.535Z"}},{"iob":0.035,"basaliob":-0.23,"bolussnooze":0,"activity":0.0013,"lastBolusTime":1703722874900,"time":"2023-12-28T01:31:11.535Z","iobWithZeroTemp":{"iob":-0.023,"basaliob":-0.288,"bolussnooze":0,"activity":0.0012,"lastBolusTime":1703722874900,"time":"2023-12-28T01:31:11.535Z"}},{"iob":0.03,"basaliob":-0.219,"bolussnooze":0,"activity":0.0012,"lastBolusTime":1703722874900,"time":"2023-12-28T01:36:11.535Z","iobWithZeroTemp":{"iob":-0.048,"basaliob":-0.297,"bolussnooze":0,"activity":0.001,"lastBolusTime":1703722874900,"time":"2023-12-28T01:36:11.535Z"}},{"iob":0.024,"basaliob":-0.209,"bolussnooze":0,"activity":0.001,"lastBolusTime":1703722874900,"time":"2023-12-28T01:41:11.535Z","iobWithZeroTemp":{"iob":-0.073,"basaliob":-0.306,"bolussnooze":0,"activity":7.0E-4,"lastBolusTime":1703722874900,"time":"2023-12-28T01:41:11.535Z"}},{"iob":0.019,"basaliob":-0.199,"bolussnooze":0,"activity":9.0E-4,"lastBolusTime":1703722874900,"time":"2023-12-28T01:46:11.535Z","iobWithZeroTemp":{"iob":-0.097,"basaliob":-0.315,"bolussnooze":0,"activity":5.0E-4,"lastBolusTime":1703722874900,"time":"2023-12-28T01:46:11.535Z"}},{"iob":0.015,"basaliob":-0.189,"bolussnooze":0,"activity":7.0E-4,"lastBolusTime":1703722874900,"time":"2023-12-28T01:51:11.535Z","iobWithZeroTemp":{"iob":-0.12,"basaliob":-0.324,"bolussnooze":0,"activity":2.0E-4,"lastBolusTime":1703722874900,"time":"2023-12-28T01:51:11.535Z"}},{"iob":0.012,"basaliob":-0.179,"bolussnooze":0,"activity":6.0E-4,"lastBolusTime":1703722874900,"time":"2023-12-28T01:56:11.535Z","iobWithZeroTemp":{"iob":-0.141,"basaliob":-0.332,"bolussnooze":0,"activity":-1.0E-4,"lastBolusTime":1703722874900,"time":"2023-12-28T01:56:11.535Z"}},{"iob":0.009,"basaliob":-0.169,"bolussnooze":0,"activity":6.0E-4,"lastBolusTime":1703722874900,"time":"2023-12-28T02:01:11.535Z","iobWithZeroTemp":{"iob":-0.161,"basaliob":-0.339,"bolussnooze":0,"activity":-2.0E-4,"lastBolusTime":1703722874900,"time":"2023-12-28T02:01:11.535Z"}},{"iob":0.006,"basaliob":-0.16,"bolussnooze":0,"activity":5.0E-4,"lastBolusTime":1703722874900,"time":"2023-12-28T02:06:11.535Z","iobWithZeroTemp":{"iob":-0.18,"basaliob":-0.346,"bolussnooze":0,"activity":-5.0E-4,"lastBolusTime":1703722874900,"time":"2023-12-28T02:06:11.535Z"}},{"iob":0.004,"basaliob":-0.151,"bolussnooze":0,"activity":4.0E-4,"lastBolusTime":1703722874900,"time":"2023-12-28T02:11:11.535Z","iobWithZeroTemp":{"iob":-0.198,"basaliob":-0.353,"bolussnooze":0,"activity":-7.0E-4,"lastBolusTime":1703722874900,"time":"2023-12-28T02:11:11.535Z"}},{"iob":0.002,"basaliob":-0.142,"bolussnooze":0,"activity":4.0E-4,"lastBolusTime":1703722874900,"time":"2023-12-28T02:16:11.535Z","iobWithZeroTemp":{"iob":-0.215,"basaliob":-0.359,"bolussnooze":0,"activity":-8.0E-4,"lastBolusTime":1703722874900,"time":"2023-12-28T02:16:11.535Z"}},{"iob":0,"basaliob":-0.134,"bolussnooze":0,"activity":3.0E-4,"lastBolusTime":1703722874900,"time":"2023-12-28T02:21:11.535Z","iobWithZeroTemp":{"iob":-0.231,"basaliob":-0.365,"bolussnooze":0,"activity":-0.0011,"lastBolusTime":1703722874900,"time":"2023-12-28T02:21:11.535Z"}},{"iob":-0.001,"basaliob":-0.126,"bolussnooze":0,"activity":2.0E-4,"lastBolusTime":1703722874900,"time":"2023-12-28T02:26:11.535Z","iobWithZeroTemp":{"iob":-0.246,"basaliob":-0.371,"bolussnooze":0,"activity":-0.0013,"lastBolusTime":1703722874900,"time":"2023-12-28T02:26:11.535Z"}},{"iob":-0.002,"basaliob":-0.118,"bolussnooze":0,"activity":2.0E-4,"lastBolusTime":1703722874900,"time":"2023-12-28T02:31:11.535Z","iobWithZeroTemp":{"iob":-0.259,"basaliob":-0.375,"bolussnooze":0,"activity":-0.0015,"lastBolusTime":1703722874900,"time":"2023-12-28T02:31:11.535Z"}},{"iob":-0.004,"basaliob":-0.111,"bolussnooze":0,"activity":2.0E-4,"lastBolusTime":1703722874900,"time":"2023-12-28T02:36:11.535Z","iobWithZeroTemp":{"iob":-0.274,"basaliob":-0.381,"bolussnooze":0,"activity":-0.0016,"lastBolusTime":1703722874900,"time":"2023-12-28T02:36:11.535Z"}},{"iob":-0.004,"basaliob":-0.104,"bolussnooze":0,"activity":1.0E-4,"lastBolusTime":1703722874900,"time":"2023-12-28T02:41:11.535Z","iobWithZeroTemp":{"iob":-0.285,"basaliob":-0.385,"bolussnooze":0,"activity":-0.0018,"lastBolusTime":1703722874900,"time":"2023-12-28T02:41:11.535Z"}},{"iob":-0.005,"basaliob":-0.097,"bolussnooze":0,"activity":1.0E-4,"lastBolusTime":1703722874900,"time":"2023-12-28T02:46:11.535Z","iobWithZeroTemp":{"iob":-0.297,"basaliob":-0.389,"bolussnooze":0,"activity":-0.002,"lastBolusTime":1703722874900,"time":"2023-12-28T02:46:11.535Z"}},{"iob":-0.006,"basaliob":-0.091,"bolussnooze":0,"activity":1.0E-4,"lastBolusTime":1703722874900,"time":"2023-12-28T02:51:11.535Z","iobWithZeroTemp":{"iob":-0.308,"basaliob":-0.393,"bolussnooze":0,"activity":-0.0021,"lastBolusTime":1703722874900,"time":"2023-12-28T02:51:11.535Z"}},{"iob":-0.006,"basaliob":-0.085,"bolussnooze":0,"activity":0,"lastBolusTime":1703722874900,"time":"2023-12-28T02:56:11.535Z","iobWithZeroTemp":{"iob":-0.318,"basaliob":-0.397,"bolussnooze":0,"activity":-0.0023,"lastBolusTime":1703722874900,"time":"2023-12-28T02:56:11.535Z"}},{"iob":-0.006,"basaliob":-0.079,"bolussnooze":0,"activity":1.0E-4,"lastBolusTime":1703722874900,"time":"2023-12-28T03:01:11.535Z","iobWithZeroTemp":{"iob":-0.327,"basaliob":-0.4,"bolussnooze":0,"activity":-0.0023,"lastBolusTime":1703722874900,"time":"2023-12-28T03:01:11.535Z"}},{"iob":-0.006,"basaliob":-0.073,"bolussnooze":0,"activity":1.0E-4,"lastBolusTime":1703722874900,"time":"2023-12-28T03:06:11.535Z","iobWithZeroTemp":{"iob":-0.336,"basaliob":-0.403,"bolussnooze":0,"activity":-0.0024,"lastBolusTime":1703722874900,"time":"2023-12-28T03:06:11.535Z"}},{"iob":-0.006,"basaliob":-0.068,"bolussnooze":0,"activity":0,"lastBolusTime":1703722874900,"time":"2023-12-28T03:11:11.535Z","iobWithZeroTemp":{"iob":-0.344,"basaliob":-0.406,"bolussnooze":0,"activity":-0.0026,"lastBolusTime":1703722874900,"time":"2023-12-28T03:11:11.535Z"}},{"iob":-0.007,"basaliob":-0.064,"bolussnooze":0,"activity":0,"lastBolusTime":1703722874900,"time":"2023-12-28T03:16:11.535Z","iobWithZeroTemp":{"iob":-0.352,"basaliob":-0.409,"bolussnooze":0,"activity":-0.0027,"lastBolusTime":1703722874900,"time":"2023-12-28T03:16:11.535Z"}},{"iob":-0.006,"basaliob":-0.059,"bolussnooze":0,"activity":0,"lastBolusTime":1703722874900,"time":"2023-12-28T03:21:11.535Z","iobWithZeroTemp":{"iob":-0.358,"basaliob":-0.411,"bolussnooze":0,"activity":-0.0028,"lastBolusTime":1703722874900,"time":"2023-12-28T03:21:11.535Z"}},{"iob":-0.006,"basaliob":-0.055,"bolussnooze":0,"activity":0,"lastBolusTime":1703722874900,"time":"2023-12-28T03:26:11.535Z","iobWithZeroTemp":{"iob":-0.365,"basaliob":-0.414,"bolussnooze":0,"activity":-0.0029,"lastBolusTime":1703722874900,"time":"2023-12-28T03:26:11.535Z"}},{"iob":-0.006,"basaliob":-0.051,"bolussnooze":0,"activity":-1.0E-4,"lastBolusTime":1703722874900,"time":"2023-12-28T03:31:11.535Z","iobWithZeroTemp":{"iob":-0.371,"basaliob":-0.416,"bolussnooze":0,"activity":-0.0031,"lastBolusTime":1703722874900,"time":"2023-12-28T03:31:11.535Z"}},{"iob":-0.006,"basaliob":-0.047,"bolussnooze":0,"activity":0,"lastBolusTime":1703722874900,"time":"2023-12-28T03:36:11.535Z","iobWithZeroTemp":{"iob":-0.377,"basaliob":-0.418,"bolussnooze":0,"activity":-0.0031,"lastBolusTime":1703722874900,"time":"2023-12-28T03:36:11.535Z"}},{"iob":-0.006,"basaliob":-0.044,"bolussnooze":0,"activity":-1.0E-4,"lastBolusTime":1703722874900,"time":"2023-12-28T03:41:11.535Z","iobWithZeroTemp":{"iob":-0.382,"basaliob":-0.42,"bolussnooze":0,"activity":-0.0032,"lastBolusTime":1703722874900,"time":"2023-12-28T03:41:11.535Z"}},{"iob":-0.006,"basaliob":-0.041,"bolussnooze":0,"activity":0,"lastBolusTime":1703722874900,"time":"2023-12-28T03:46:11.535Z","iobWithZeroTemp":{"iob":-0.387,"basaliob":-0.422,"bolussnooze":0,"activity":-0.0032,"lastBolusTime":1703722874900,"time":"2023-12-28T03:46:11.535Z"}},{"iob":-0.006,"basaliob":-0.038,"bolussnooze":0,"activity":0,"lastBolusTime":1703722874900,"time":"2023-12-28T03:51:11.535Z","iobWithZeroTemp":{"iob":-0.391,"basaliob":-0.423,"bolussnooze":0,"activity":-0.0033,"lastBolusTime":1703722874900,"time":"2023-12-28T03:51:11.535Z"}},{"iob":-0.006,"basaliob":-0.035,"bolussnooze":0,"activity":0,"lastBolusTime":1703722874900,"time":"2023-12-28T03:56:11.535Z","iobWithZeroTemp":{"iob":-0.396,"basaliob":-0.425,"bolussnooze":0,"activity":-0.0033,"lastBolusTime":1703722874900,"time":"2023-12-28T03:56:11.535Z"}},{"iob":-0.005,"basaliob":-0.032,"bolussnooze":0,"activity":0,"lastBolusTime":1703722874900,"time":"2023-12-28T04:01:11.535Z","iobWithZeroTemp":{"iob":-0.399,"basaliob":-0.426,"bolussnooze":0,"activity":-0.0034,"lastBolusTime":1703722874900,"time":"2023-12-28T04:01:11.535Z"}},{"iob":-0.005,"basaliob":-0.03,"bolussnooze":0,"activity":-1.0E-4,"lastBolusTime":1703722874900,"time":"2023-12-28T04:06:11.535Z","iobWithZeroTemp":{"iob":-0.402,"basaliob":-0.427,"bolussnooze":0,"activity":-0.0036,"lastBolusTime":1703722874900,"time":"2023-12-28T04:06:11.535Z"}},{"iob":-0.004,"basaliob":-0.027,"bolussnooze":0,"activity":0,"lastBolusTime":1703722874900,"time":"2023-12-28T04:11:11.535Z","iobWithZeroTemp":{"iob":-0.405,"basaliob":-0.428,"bolussnooze":0,"activity":-0.0035,"lastBolusTime":1703722874900,"time":"2023-12-28T04:11:11.535Z"}},{"iob":-0.004,"basaliob":-0.025,"bolussnooze":0,"activity":0,"lastBolusTime":1703722874900,"time":"2023-12-28T04:16:11.535Z","iobWithZeroTemp":{"iob":-0.408,"basaliob":-0.429,"bolussnooze":0,"activity":-0.0036,"lastBolusTime":1703722874900,"time":"2023-12-28T04:16:11.535Z"}},{"iob":-0.004,"basaliob":-0.023,"bolussnooze":0,"activity":-1.0E-4,"lastBolusTime":1703722874900,"time":"2023-12-28T04:21:11.535Z","iobWithZeroTemp":{"iob":-0.411,"basaliob":-0.43,"bolussnooze":0,"activity":-0.0037,"lastBolusTime":1703722874900,"time":"2023-12-28T04:21:11.535Z"}},{"iob":-0.004,"basaliob":-0.021,"bolussnooze":0,"activity":-1.0E-4,"lastBolusTime":1703722874900,"time":"2023-12-28T04:26:11.535Z","iobWithZeroTemp":{"iob":-0.414,"basaliob":-0.431,"bolussnooze":0,"activity":-0.0037,"lastBolusTime":1703722874900,"time":"2023-12-28T04:26:11.535Z"}},{"iob":-0.004,"basaliob":-0.02,"bolussnooze":0,"activity":0,"lastBolusTime":1703722874900,"time":"2023-12-28T04:31:11.535Z","iobWithZeroTemp":{"iob":-0.416,"basaliob":-0.432,"bolussnooze":0,"activity":-0.0037,"lastBolusTime":1703722874900,"time":"2023-12-28T04:31:11.535Z"}},{"iob":-0.004,"basaliob":-0.018,"bolussnooze":0,"activity":0,"lastBolusTime":1703722874900,"time":"2023-12-28T04:36:11.535Z","iobWithZeroTemp":{"iob":-0.419,"basaliob":-0.433,"bolussnooze":0,"activity":-0.0037,"lastBolusTime":1703722874900,"time":"2023-12-28T04:36:11.535Z"}},{"iob":-0.004,"basaliob":-0.017,"bolussnooze":0,"activity":-1.0E-4,"lastBolusTime":1703722874900,"time":"2023-12-28T04:41:11.535Z","iobWithZeroTemp":{"iob":-0.421,"basaliob":-0.434,"bolussnooze":0,"activity":-0.0039,"lastBolusTime":1703722874900,"time":"2023-12-28T04:41:11.535Z"}},{"iob":-0.003,"basaliob":-0.015,"bolussnooze":0,"activity":-1.0E-4,"lastBolusTime":1703722874900,"time":"2023-12-28T04:46:11.535Z","iobWithZeroTemp":{"iob":-0.422,"basaliob":-0.434,"bolussnooze":0,"activity":-0.0039,"lastBolusTime":1703722874900,"time":"2023-12-28T04:46:11.535Z"}},{"iob":-0.003,"basaliob":-0.014,"bolussnooze":0,"activity":0,"lastBolusTime":1703722874900,"time":"2023-12-28T04:51:11.535Z","iobWithZeroTemp":{"iob":-0.424,"basaliob":-0.435,"bolussnooze":0,"activity":-0.0038,"lastBolusTime":1703722874900,"time":"2023-12-28T04:51:11.535Z"}},{"iob":-0.003,"basaliob":-0.013,"bolussnooze":0,"activity":0,"lastBolusTime":1703722874900,"time":"2023-12-28T04:56:11.535Z","iobWithZeroTemp":{"iob":-0.425,"basaliob":-0.435,"bolussnooze":0,"activity":-0.0038,"lastBolusTime":1703722874900,"time":"2023-12-28T04:56:11.535Z"}},{"iob":-0.003,"basaliob":-0.012,"bolussnooze":0,"activity":0,"lastBolusTime":1703722874900,"time":"2023-12-28T05:01:11.535Z","iobWithZeroTemp":{"iob":-0.427,"basaliob":-0.436,"bolussnooze":0,"activity":-0.0039,"lastBolusTime":1703722874900,"time":"2023-12-28T05:01:11.535Z"}},{"iob":-0.003,"basaliob":-0.011,"bolussnooze":0,"activity":0,"lastBolusTime":1703722874900,"time":"2023-12-28T05:06:11.535Z","iobWithZeroTemp":{"iob":-0.433,"basaliob":-0.441,"bolussnooze":0,"activity":-0.0039,"lastBolusTime":1703722874900,"time":"2023-12-28T05:06:11.535Z"}},{"iob":-0.003,"basaliob":-0.01,"bolussnooze":0,"activity":-1.0E-4,"lastBolusTime":1703722874900,"time":"2023-12-28T05:11:11.535Z","iobWithZeroTemp":{"iob":-0.438,"basaliob":-0.445,"bolussnooze":0,"activity":-0.004,"lastBolusTime":1703722874900,"time":"2023-12-28T05:11:11.535Z"}}],"profile":{"max_iob":4,"type":"current","max_daily_basal":0.5,"max_basal":1,"min_bg":95.4,"max_bg":95.4,"target_bg":95.4,"carb_ratio":25,"sens":142.20000000000002,"max_daily_safety_multiplier":3,"current_basal_safety_multiplier":4,"lgsThreshold":65,"high_temptarget_raises_sensitivity":false,"low_temptarget_lowers_sensitivity":false,"sensitivity_raises_target":true,"resistance_lowers_target":true,"adv_target_adjustments":false,"exercise_mode":false,"half_basal_exercise_target":160,"maxCOB":120,"skip_neutral_temps":false,"remainingCarbsCap":90,"enableUAM":true,"A52_risk_enable":false,"SMBInterval":3,"enableSMB_with_COB":true,"enableSMB_with_temptarget":true,"allowSMB_with_high_temptarget":false,"enableSMB_always":false,"enableSMB_after_carbs":false,"maxSMBBasalMinutes":75,"maxUAMSMBBasalMinutes":75,"bolus_increment":0.05,"carbsReqThreshold":10,"current_basal":0.25,"temptargetSet":true,"autosens_max":1.2,"autosens_min":0.7,"out_units":"mmol\/L","variable_sens":192.3,"insulinDivisor":65,"TDD":12.434072619047615},"autosens_data":{"ratio":1},"meal_data":{"carbs":0,"mealCOB":0,"slopeFromMaxDeviation":-0.6981818181818182,"slopeFromMinDeviation":0.1200000000000001,"lastBolusTime":1703722874900,"lastCarbTime":0},"microBolusAllowed":true,"currentTime":1703726173148,"flatBGsDetected":false,"tdd1D":11.195833333333328,"tdd7D":12.08690476190476,"tddLast24H":11.279166666666658,"tddLast4H":1.945833333333333,"tddLast8to4H":3.254166666666667},"output":{"temp":"absolute","bg":73,"tick":-3,"eventualBG":42,"targetBG":95.4,"insulinReq":0,"deliverAt":"2023-12-28T01:16:13.148Z","sensitivityRatio":1,"variable_sens":192.3,"predBGs":{"IOB":[73,69,65,61,58,55,53,51,49,48,46,45,45,44,44,44,43,43,43,43,43,43,43,42,42,42,42,42,43],"ZT":[73,71,70,68,67,66,65,65,64,65,65,65,66,67,68,69,71,72,74,76,78,80,82,84,87,89,91,94]},"reason":"COB: 0, Dev: -1.1, BGI: -0.1, ISF: 10.7, CR: 25, Target: 5.3, minPredBG 2.9, minGuardBG 2.3, IOBpredBG 2.4; minGuardBG 2.3<3.8 95m left and 0 ~ req 0U\/hr: no temp required","COB":0,"IOB":0.059,"timestamp":"2023-12-28T01:16:13.170Z"}}