{"algorithm":"OpenAPSSMBDynamicISFPlugin","input":{"glucoseStatus":{"glucose":102,"noise":0,"delta":-4.67,"short_avgdelta":-4.37,"long_avgdelta":0.45,"date":1703682600000},"currenttemp":{"temp":"absolute","duration":85,"rate":0,"minutesrunning":5},"iob_data":[{"iob":0.226,"basaliob":0.007,"bolussnooze":0.0543,"activity":0.003,"lastBolusTime":1703681471121,"time":"2023-12-27T13:11:11.082Z","iobWithZeroTemp":{"iob":0.226,"basaliob":0.007,"bolussnooze":0.0543,"activity":0.003,"lastBolusTime":1703681471121,"time":"2023-12-27T13:11:11.082Z"}},{"iob":0.211,"basaliob":0,"bolussnooze":0.0483,"activity":0.0029,"lastBolusTime":1703681471121,"time":"2023-12-27T13:16:11.082Z","iobWithZeroTemp":{"iob":0.191,"basaliob":-0.02,"bolussnooze":0.0483,"activity":0.0029,"lastBolusTime":1703681471121,"time":"2023-12-27T13:16:11.082Z"}},{"iob":0.197,"basaliob":-0.006,"bolussnooze":0.0427,"activity":0.0027,"lastBolusTime":1703681471121,"time":"2023-12-27T13:21:11.082Z","iobWithZeroTemp":{"iob":0.152,"basaliob":-0.051,"bolussnooze":0.0427,"activity":0.0026,"lastBolusTime":1703681471121,"time":"2023-12-27T13:21:11.082Z"}},{"iob":0.184,"basaliob":-0.011,"bolussnooze":0.0376,"activity":0.0026,"lastBolusTime":1703681471121,"time":"2023-12-27T13:26:11.082Z","iobWithZeroTemp":{"iob":0.115,"basaliob":-0.08,"bolussnooze":0.0376,"activity":0.0025,"lastBolusTime":1703681471121,"time":"2023-12-27T13:26:11.082Z"}},{"iob":0.171,"basaliob":-0.015,"bolussnooze":0.033,"activity":0.0024,"lastBolusTime":1703681471121,"time":"2023-12-27T13:31:11.082Z","iobWithZeroTemp":{"iob":0.078,"basaliob":-0.108,"bolussnooze":0.033,"activity":0.0022,"lastBolusTime":1703681471121,"time":"2023-12-27T13:31:11.082Z"}},{"iob":0.16,"basaliob":-0.018,"bolussnooze":0.0288,"activity":0.0023,"lastBolusTime":1703681471121,"time":"2023-12-27T13:36:11.082Z","iobWithZeroTemp":{"iob":0.043,"basaliob":-0.135,"bolussnooze":0.0288,"activity":0.0019,"lastBolusTime":1703681471121,"time":"2023-12-27T13:36:11.082Z"}},{"iob":0.148,"basaliob":-0.021,"bolussnooze":0.0251,"activity":0.0022,"lastBolusTime":1703681471121,"time":"2023-12-27T13:41:11.082Z","iobWithZeroTemp":{"iob":0.008,"basaliob":-0.161,"bolussnooze":0.0251,"activity":0.0017,"lastBolusTime":1703681471121,"time":"2023-12-27T13:41:11.082Z"}},{"iob":0.138,"basaliob":-0.023,"bolussnooze":0.0217,"activity":0.0021,"lastBolusTime":1703681471121,"time":"2023-12-27T13:46:11.082Z","iobWithZeroTemp":{"iob":-0.024,"basaliob":-0.185,"bolussnooze":0.0217,"activity":0.0014,"lastBolusTime":1703681471121,"time":"2023-12-27T13:46:11.082Z"}},{"iob":0.129,"basaliob":-0.024,"bolussnooze":0.0188,"activity":0.0019,"lastBolusTime":1703681471121,"time":"2023-12-27T13:51:11.082Z","iobWithZeroTemp":{"iob":-0.054,"basaliob":-0.207,"bolussnooze":0.0188,"activity":0.0011,"lastBolusTime":1703681471121,"time":"2023-12-27T13:51:11.082Z"}},{"iob":0.119,"basaliob":-0.026,"bolussnooze":0.0162,"activity":0.0018,"lastBolusTime":1703681471121,"time":"2023-12-27T13:56:11.082Z","iobWithZeroTemp":{"iob":-0.085,"basaliob":-0.23,"bolussnooze":0.0162,"activity":8.0E-4,"lastBolusTime":1703681471121,"time":"2023-12-27T13:56:11.082Z"}},{"iob":0.111,"basaliob":-0.026,"bolussnooze":0.0139,"activity":0.0017,"lastBolusTime":1703681471121,"time":"2023-12-27T14:01:11.082Z","iobWithZeroTemp":{"iob":-0.112,"basaliob":-0.249,"bolussnooze":0.0139,"activity":5.0E-4,"lastBolusTime":1703681471121,"time":"2023-12-27T14:01:11.082Z"}},{"iob":0.102,"basaliob":-0.027,"bolussnooze":0.0119,"activity":0.0016,"lastBolusTime":1703681471121,"time":"2023-12-27T14:06:11.082Z","iobWithZeroTemp":{"iob":-0.14,"basaliob":-0.269,"bolussnooze":0.0119,"activity":3.0E-4,"lastBolusTime":1703681471121,"time":"2023-12-27T14:06:11.082Z"}},{"iob":0.095,"basaliob":-0.027,"bolussnooze":0.0102,"activity":0.0015,"lastBolusTime":1703681471121,"time":"2023-12-27T14:11:11.082Z","iobWithZeroTemp":{"iob":-0.165,"basaliob":-0.287,"bolussnooze":0.0102,"activity":0,"lastBolusTime":1703681471121,"time":"2023-12-27T14:11:11.082Z"}},{"iob":0.088,"basaliob":-0.027,"bolussnooze":0.0086,"activity":0.0014,"lastBolusTime":1703681471121,"time":"2023-12-27T14:16:11.082Z","iobWithZeroTemp":{"iob":-0.189,"basaliob":-0.304,"bolussnooze":0.0086,"activity":-3.0E-4,"lastBolusTime":1703681471121,"time":"2023-12-27T14:16:11.082Z"}},{"iob":0.081,"basaliob":-0.027,"bolussnooze":0.0073,"activity":0.0012,"lastBolusTime":1703681471121,"time":"2023-12-27T14:21:11.082Z","iobWithZeroTemp":{"iob":-0.213,"basaliob":-0.321,"bolussnooze":0.0073,"activity":-6.0E-4,"lastBolusTime":1703681471121,"time":"2023-12-27T14:21:11.082Z"}},{"iob":0.075,"basaliob":-0.026,"bolussnooze":0.0062,"activity":0.0012,"lastBolusTime":1703681471121,"time":"2023-12-27T14:26:11.082Z","iobWithZeroTemp":{"iob":-0.234,"basaliob":-0.335,"bolussnooze":0.0062,"activity":-8.0E-4,"lastBolusTime":1703681471121,"time":"2023-12-27T14:26:11.082Z"}},{"iob":0.069,"basaliob":-0.026,"bolussnooze":0.0052,"activity":0.0011,"lastBolusTime":1703681471121,"time":"2023-12-27T14:31:11.082Z","iobWithZeroTemp":{"iob":-0.255,"basaliob":-0.35,"bolussnooze":0.0052,"activity":-0.0011,"lastBolusTime":1703681471121,"time":"2023-12-27T14:31:11.082Z"}},{"iob":0.064,"basaliob":-0.025,"bolussnooze":0.0044,"activity":0.0011,"lastBolusTime":1703681471121,"time":"2023-12-27T14:36:11.082Z","iobWithZeroTemp":{"iob":-0.273,"basaliob":-0.362,"bolussnooze":0.0044,"activity":-0.0012,"lastBolusTime":1703681471121,"time":"2023-12-27T14:36:11.082Z"}},{"iob":0.059,"basaliob":-0.024,"bolussnooze":0.0037,"activity":0.001,"lastBolusTime":1703681471121,"time":"2023-12-27T14:41:11.082Z","iobWithZeroTemp":{"iob":-0.291,"basaliob":-0.374,"bolussnooze":0.0037,"activity":-0.0015,"lastBolusTime":1703681471121,"time":"2023-12-27T14:41:11.082Z"}},{"iob":0.054,"basaliob":-0.024,"bolussnooze":0.0031,"activity":9.0E-4,"lastBolusTime":1703681471121,"time":"2023-12-27T14:46:11.082Z","iobWithZeroTemp":{"iob":-0.309,"basaliob":-0.387,"bolussnooze":0.0031,"activity":-0.0017,"lastBolusTime":1703681471121,"time":"2023-12-27T14:46:11.082Z"}},{"iob":0.05,"basaliob":-0.023,"bolussnooze":0.0026,"activity":8.0E-4,"lastBolusTime":1703681471121,"time":"2023-12-27T14:51:11.082Z","iobWithZeroTemp":{"iob":-0.324,"basaliob":-0.397,"bolussnooze":0.0026,"activity":-0.002,"lastBolusTime":1703681471121,"time":"2023-12-27T14:51:11.082Z"}},{"iob":0.046,"basaliob":-0.022,"bolussnooze":0.0022,"activity":7.0E-4,"lastBolusTime":1703681471121,"time":"2023-12-27T14:56:11.082Z","iobWithZeroTemp":{"iob":-0.339,"basaliob":-0.407,"bolussnooze":0.0022,"activity":-0.0022,"lastBolusTime":1703681471121,"time":"2023-12-27T14:56:11.082Z"}},{"iob":0.042,"basaliob":-0.021,"bolussnooze":0.0018,"activity":7.0E-4,"lastBolusTime":1703681471121,"time":"2023-12-27T15:01:11.082Z","iobWithZeroTemp":{"iob":-0.353,"basaliob":-0.416,"bolussnooze":0.0018,"activity":-0.0023,"lastBolusTime":1703681471121,"time":"2023-12-27T15:01:11.082Z"}},{"iob":0.039,"basaliob":-0.02,"bolussnooze":0.0015,"activity":6.0E-4,"lastBolusTime":1703681471121,"time":"2023-12-27T15:06:11.082Z","iobWithZeroTemp":{"iob":-0.366,"basaliob":-0.425,"bolussnooze":0.0015,"activity":-0.0025,"lastBolusTime":1703681471121,"time":"2023-12-27T15:06:11.082Z"}},{"iob":0.036,"basaliob":-0.019,"bolussnooze":0.0012,"activity":6.0E-4,"lastBolusTime":1703681471121,"time":"2023-12-27T15:11:11.082Z","iobWithZeroTemp":{"iob":-0.378,"basaliob":-0.433,"bolussnooze":0.0012,"activity":-0.0027,"lastBolusTime":1703681471121,"time":"2023-12-27T15:11:11.082Z"}},{"iob":0.033,"basaliob":-0.018,"bolussnooze":0.001,"activity":5.0E-4,"lastBolusTime":1703681471121,"time":"2023-12-27T15:16:11.082Z","iobWithZeroTemp":{"iob":-0.39,"basaliob":-0.441,"bolussnooze":0.001,"activity":-0.0029,"lastBolusTime":1703681471121,"time":"2023-12-27T15:16:11.082Z"}},{"iob":0.03,"basaliob":-0.018,"bolussnooze":8.0E-4,"activity":5.0E-4,"lastBolusTime":1703681471121,"time":"2023-12-27T15:21:11.082Z","iobWithZeroTemp":{"iob":-0.4,"basaliob":-0.448,"bolussnooze":8.0E-4,"activity":-0.003,"lastBolusTime":1703681471121,"time":"2023-12-27T15:21:11.082Z"}},{"iob":0.027,"basaliob":-0.017,"bolussnooze":7.0E-4,"activity":5.0E-4,"lastBolusTime":1703681471121,"time":"2023-12-27T15:26:11.082Z","iobWithZeroTemp":{"iob":-0.411,"basaliob":-0.455,"bolussnooze":7.0E-4,"activity":-0.0031,"lastBolusTime":1703681471121,"time":"2023-12-27T15:26:11.082Z"}},{"iob":0.025,"basaliob":-0.016,"bolussnooze":5.0E-4,"activity":4.0E-4,"lastBolusTime":1703681471121,"time":"2023-12-27T15:31:11.082Z","iobWithZeroTemp":{"iob":-0.42,"basaliob":-0.461,"bolussnooze":5.0E-4,"activity":-0.0033,"lastBolusTime":1703681471121,"time":"2023-12-27T15:31:11.082Z"}},{"iob":0.023,"basaliob":-0.015,"bolussnooze":4.0E-4,"activity":4.0E-4,"lastBolusTime":1703681471121,"time":"2023-12-27T15:36:11.082Z","iobWithZeroTemp":{"iob":-0.428,"basaliob":-0.466,"bolussnooze":4.0E-4,"activity":-0.0034,"lastBolusTime":1703681471121,"time":"2023-12-27T15:36:11.082Z"}},{"iob":0.021,"basaliob":-0.014,"bolussnooze":3.0E-4,"activity":3.0E-4,"lastBolusTime":1703681471121,"time":"2023-12-27T15:41:11.082Z","iobWithZeroTemp":{"iob":-0.436,"basaliob":-0.471,"bolussnooze":3.0E-4,"activity":-0.0036,"lastBolusTime":1703681471121,"time":"2023-12-27T15:41:11.082Z"}},{"iob":0.02,"basaliob":-0.013,"bolussnooze":3.0E-4,"activity":3.0E-4,"lastBolusTime":1703681471121,"time":"2023-12-27T15:46:11.082Z","iobWithZeroTemp":{"iob":-0.443,"basaliob":-0.476,"bolussnooze":3.0E-4,"activity":-0.0036,"lastBolusTime":1703681471121,"time":"2023-12-27T15:46:11.082Z"}},{"iob":0.017,"basaliob":-0.013,"bolussnooze":2.0E-4,"activity":4.0E-4,"lastBolusTime":1703681471121,"time":"2023-12-27T15:51:11.082Z","iobWithZeroTemp":{"iob":-0.451,"basaliob":-0.481,"bolussnooze":2.0E-4,"activity":-0.0036,"lastBolusTime":1703681471121,"time":"2023-12-27T15:51:11.082Z"}},{"iob":0.016,"basaliob":-0.012,"bolussnooze":2.0E-4,"activity":3.0E-4,"lastBolusTime":1703681471121,"time":"2023-12-27T15:56:11.082Z","iobWithZeroTemp":{"iob":-0.457,"basaliob":-0.485,"bolussnooze":2.0E-4,"activity":-0.0038,"lastBolusTime":1703681471121,"time":"2023-12-27T15:56:11.082Z"}},{"iob":0.015,"basaliob":-0.011,"bolussnooze":1.0E-4,"activity":3.0E-4,"lastBolusTime":1703681471121,"time":"2023-12-27T16:01:11.082Z","iobWithZeroTemp":{"iob":-0.462,"basaliob":-0.488,"bolussnooze":1.0E-4,"activity":-0.0038,"lastBolusTime":1703681471121,"time":"2023-12-27T16:01:11.082Z"}},{"iob":0.013,"basaliob":-0.011,"bolussnooze":1.0E-4,"activity":3.0E-4,"lastBolusTime":1703681471121,"time":"2023-12-27T16:06:11.082Z","iobWithZeroTemp":{"iob":-0.476,"basaliob":-0.5,"bolussnooze":1.0E-4,"activity":-0.0039,"lastBolusTime":1703681471121,"time":"2023-12-27T16:06:11.082Z"}},{"iob":0.012,"basaliob":-0.01,"bolussnooze":1.0E-4,"activity":3.0E-4,"lastBolusTime":1703681471121,"time":"2023-12-27T16:11:11.082Z","iobWithZeroTemp":{"iob":-0.489,"basaliob":-0.511,"bolussnooze":1.0E-4,"activity":-0.004,"lastBolusTime":1703681471121,"time":"2023-12-27T16:11:11.082Z"}},{"iob":0.011,"basaliob":-0.009,"bolussnooze":0,"activity":2.0E-4,"lastBolusTime":1703681471121,"time":"2023-12-27T16:16:11.082Z","iobWithZeroTemp":{"iob":-0.502,"basaliob":-0.522,"bolussnooze":0,"activity":-0.0042,"lastBolusTime":1703681471121,"time":"2023-12-27T16:16:11.082Z"}},{"iob":0.01,"basaliob":-0.009,"bolussnooze":0,"activity":2.0E-4,"lastBolusTime":1703681471121,"time":"2023-12-27T16:21:11.082Z","iobWithZeroTemp":{"iob":-0.514,"basaliob":-0.533,"bolussnooze":0,"activity":-0.0043,"lastBolusTime":1703681471121,"time":"2023-12-27T16:21:11.082Z"}},{"iob":0.009,"basaliob":-0.008,"bolussnooze":0,"activity":2.0E-4,"lastBolusTime":1703681471121,"time":"2023-12-27T16:26:11.082Z","iobWithZeroTemp":{"iob":-0.526,"basaliob":-0.543,"bolussnooze":0,"activity":-0.0043,"lastBolusTime":1703681471121,"time":"2023-12-27T16:26:11.082Z"}},{"iob":0.008,"basaliob":-0.008,"bolussnooze":0,"activity":2.0E-4,"lastBolusTime":1703681471121,"time":"2023-12-27T16:31:11.082Z","iobWithZeroTemp":{"iob":-0.538,"basaliob":-0.554,"bolussnooze":0,"activity":-0.0044,"lastBolusTime":1703681471121,"time":"2023-12-27T16:31:11.082Z"}},{"iob":0.008,"basaliob":-0.007,"bolussnooze":0,"activity":1.0E-4,"lastBolusTime":1703681471121,"time":"2023-12-27T16:36:11.082Z","iobWithZeroTemp":{"iob":-0.547,"basaliob":-0.562,"bolussnooze":0,"activity":-0.0046,"lastBolusTime":1703681471121,"time":"2023-12-27T16:36:11.082Z"}},{"iob":0.006,"basaliob":-0.007,"bolussnooze":0,"activity":1.0E-4,"lastBolusTime":1703681471121,"time":"2023-12-27T16:41:11.082Z","iobWithZeroTemp":{"iob":-0.559,"basaliob":-0.572,"bolussnooze":0,"activity":-0.0047,"lastBolusTime":1703681471121,"time":"2023-12-27T16:41:11.082Z"}},{"iob":0.006,"basaliob":-0.006,"bolussnooze":0,"activity":1.0E-4,"lastBolusTime":1703681471121,"time":"2023-12-27T16:46:11.082Z","iobWithZeroTemp":{"iob":-0.568,"basaliob":-0.58,"bolussnooze":0,"activity":-0.0048,"lastBolusTime":1703681471121,"time":"2023-12-27T16:46:11.082Z"}},{"iob":0.005,"basaliob":-0.006,"bolussnooze":0,"activity":1.0E-4,"lastBolusTime":1703681471121,"time":"2023-12-27T16:51:11.082Z","iobWithZeroTemp":{"iob":-0.577,"basaliob":-0.588,"bolussnooze":0,"activity":-0.0049,"lastBolusTime":1703681471121,"time":"2023-12-27T16:51:11.082Z"}},{"iob":0.005,"basaliob":-0.005,"bolussnooze":0,"activity":1.0E-4,"lastBolusTime":1703681471121,"time":"2023-12-27T16:56:11.082Z","iobWithZeroTemp":{"iob":-0.585,"basaliob":-0.595,"bolussnooze":0,"activity":-0.005,"lastBolusTime":1703681471121,"time":"2023-12-27T16:56:11.082Z"}},{"iob":0.004,"basaliob":-0.005,"bolussnooze":0,"activity":1.0E-4,"lastBolusTime":1703681471121,"time":"2023-12-27T17:01:11.082Z","iobWithZeroTemp":{"iob":-0.594,"basaliob":-0.603,"bolussnooze":0,"activity":-0.0051,"lastBolusTime":1703681471121,"time":"2023-12-27T17:01:11.082Z"}},{"iob":0.004,"basaliob":-0.005,"bolussnooze":0,"activity":1.0E-4,"lastBolusTime":1703681471121,"time":"2023-12-27T17:06:11.082Z","iobWithZeroTemp":{"iob":-0.601,"basaliob":-0.61,"bolussnooze":0,"activity":-0.0052,"lastBolusTime":1703681471121,"time":"2023-12-27T17:06:11.082Z"}}],"profile":{"max_iob":4,"type":"current","max_daily_basal":0.5,"max_basal":1.2,"min_bg":100.8,"max_bg":100.8,"target_bg":100.8,"carb_ratio":30,"sens":126,"max_daily_safety_multiplier":3,"current_basal_safety_multiplier":4,"lgsThreshold":65,"high_temptarget_raises_sensitivity":false,"low_temptarget_lowers_sensitivity":false,"sensitivity_raises_target":true,"resistance_lowers_target":true,"adv_target_adjustments":false,"exercise_mode":false,"half_basal_exercise_target":160,"maxCOB":120,"skip_neutral_temps":false,"remainingCarbsCap":90,"enableUAM":true,"A52_risk_enable":false,"SMBInterval":3,"enableSMB_with_COB":true,"enableSMB_with_temptarget":true,"allowSMB_with_high_temptarget":false,"enableSMB_always":false,"enableSMB_after_carbs":false,"maxSMBBasalMinutes":75,"maxUAMSMBBasalMinutes":75,"bolus_increment":0.05,"carbsReqThreshold":10,"current_basal":0.3,"temptargetSet":false,"autosens_max":1.2,"autosens_min":0.7,"out_units":"mmol\/L","variable_sens":151,"insulinDivisor":65,"TDD":12.634304761904762},"autosens_data":{"ratio":1},"meal_data":{"carbs":15,"mealCOB":0.9308730158730183,"slopeFromMaxDeviation":-2.0976666666666666,"slopeFromMinDeviation":0.11336363636363637,"lastBolusTime":1703681471121,"lastCarbTime":1703680178793},"microBolusAllowed":true,"currentTime":1703682672787,"flatBGsDetected":false,"tdd1D":15.216666666666669,"tdd7D":11.563690476190475,"tddLast24H":9.891666666666653,"tddLast4H":2.1291666666666664,"tddLast8to4H":1.2291666666666665},"output":{"temp":"absolute","bg":102,"tick":-5,"eventualBG":84,"targetBG":100.8,"insulinReq":0,"deliverAt":"2023-12-27T13:11:12.787Z","sensitivityRatio":1,"variable_sens":151,"predBGs":{"IOB":[102,98,93,89,86,82,79,76,73,71,69,67,65,64,62,61,60,58,57,56,55,54,53,53,52,51,50,50,49,49,48,48,47,47,46,46,46,45,45,45,44,44,44,44,44,44,44,43],"ZT":[102,100,98,96,94,92,90,89,88,87,86,86,85,85,86,86,87,88,89,90,91,93,95,97,99],"COB":[102,98,93,90,86,83,80,77,75,73,71,70,69,68,67,66,65,65,64,63,63,62,62,62,61,61,61,61,60,60,60,60,60,60,60,60,59],"UAM":[102,98,93,89,86,82,79,76,73,71,69,67,65,64,62,61,60,58,57,56,55,54,53,53,52,51,50,50,49,49,48,48,47,47,46,46,46,45,45,45,44,44,44,44,44,44,44,43]},"reason":"COB: 0.9, Dev: 0.9, BGI: -0.1, ISF: 8.4, CR: 30, Target: 5.6, minPredBG 3.3, minGuardBG 2.4, IOBpredBG 2.4, COBpredBG 3.3, UAMpredBG 2.4; minGuardBG 2.4<3.9 85m left and 0 ~ req 0U\/hr: no temp required","COB":0.9308730158730183,"IOB":0.226,"timestamp":"2023-12-27T13:11:12.828Z"}}