{"algorithm":"OpenAPSSMBDynamicISFPlugin","input":{"glucoseStatus":{"glucose":180,"noise":0,"delta":4,"short_avgdelta":4,"long_avgdelta":2.25,"date":1703757322510},"currenttemp":{"temp":"absolute","duration":25,"rate":1.05,"minutesrunning":5},"iob_data":[{"iob":0.594,"basaliob":0.172,"bolussnooze":0,"activity":0.0056,"lastBolusTime":1703754675154,"time":"2023-12-28T09:56:17.945Z","iobWithZeroTemp":{"iob":0.594,"basaliob":0.172,"bolussnooze":0,"activity":0.0056,"lastBolusTime":1703754675154,"time":"2023-12-28T09:56:17.945Z"}},{"iob":0.567,"basaliob":0.171,"bolussnooze":0,"activity":0.0056,"lastBolusTime":1703754675154,"time":"2023-12-28T10:01:17.945Z","iobWithZeroTemp":{"iob":0.547,"basaliob":0.151,"bolussnooze":0,"activity":0.0056,"lastBolusTime":1703754675154,"time":"2023-12-28T10:01:17.945Z"}},{"iob":0.538,"basaliob":0.168,"bolussnooze":0,"activity":0.0055,"lastBolusTime":1703754675154,"time":"2023-12-28T10:06:17.945Z","iobWithZeroTemp":{"iob":0.493,"basaliob":0.123,"bolussnooze":0,"activity":0.0054,"lastBolusTime":1703754675154,"time":"2023-12-28T10:06:17.945Z"}},{"iob":0.511,"basaliob":0.165,"bolussnooze":0,"activity":0.0054,"lastBolusTime":1703754675154,"time":"2023-12-28T10:11:17.945Z","iobWithZeroTemp":{"iob":0.442,"basaliob":0.096,"bolussnooze":0,"activity":0.0053,"lastBolusTime":1703754675154,"time":"2023-12-28T10:11:17.945Z"}},{"iob":0.484,"basaliob":0.161,"bolussnooze":0,"activity":0.0053,"lastBolusTime":1703754675154,"time":"2023-12-28T10:16:17.945Z","iobWithZeroTemp":{"iob":0.391,"basaliob":0.068,"bolussnooze":0,"activity":0.0051,"lastBolusTime":1703754675154,"time":"2023-12-28T10:16:17.945Z"}},{"iob":0.459,"basaliob":0.157,"bolussnooze":0,"activity":0.0052,"lastBolusTime":1703754675154,"time":"2023-12-28T10:21:17.945Z","iobWithZeroTemp":{"iob":0.342,"basaliob":0.04,"bolussnooze":0,"activity":0.0048,"lastBolusTime":1703754675154,"time":"2023-12-28T10:21:17.945Z"}},{"iob":0.433,"basaliob":0.152,"bolussnooze":0,"activity":0.005,"lastBolusTime":1703754675154,"time":"2023-12-28T10:26:17.945Z","iobWithZeroTemp":{"iob":0.293,"basaliob":0.012,"bolussnooze":0,"activity":0.0045,"lastBolusTime":1703754675154,"time":"2023-12-28T10:26:17.945Z"}},{"iob":0.408,"basaliob":0.146,"bolussnooze":0,"activity":0.0048,"lastBolusTime":1703754675154,"time":"2023-12-28T10:31:17.945Z","iobWithZeroTemp":{"iob":0.246,"basaliob":-0.016,"bolussnooze":0,"activity":0.0041,"lastBolusTime":1703754675154,"time":"2023-12-28T10:31:17.945Z"}},{"iob":0.385,"basaliob":0.141,"bolussnooze":0,"activity":0.0046,"lastBolusTime":1703754675154,"time":"2023-12-28T10:36:17.945Z","iobWithZeroTemp":{"iob":0.202,"basaliob":-0.042,"bolussnooze":0,"activity":0.0038,"lastBolusTime":1703754675154,"time":"2023-12-28T10:36:17.945Z"}},{"iob":0.362,"basaliob":0.135,"bolussnooze":0,"activity":0.0045,"lastBolusTime":1703754675154,"time":"2023-12-28T10:41:17.945Z","iobWithZeroTemp":{"iob":0.158,"basaliob":-0.069,"bolussnooze":0,"activity":0.0035,"lastBolusTime":1703754675154,"time":"2023-12-28T10:41:17.945Z"}},{"iob":0.34,"basaliob":0.129,"bolussnooze":0,"activity":0.0043,"lastBolusTime":1703754675154,"time":"2023-12-28T10:46:17.945Z","iobWithZeroTemp":{"iob":0.117,"basaliob":-0.094,"bolussnooze":0,"activity":0.0031,"lastBolusTime":1703754675154,"time":"2023-12-28T10:46:17.945Z"}},{"iob":0.319,"basaliob":0.123,"bolussnooze":0,"activity":0.0041,"lastBolusTime":1703754675154,"time":"2023-12-28T10:51:17.945Z","iobWithZeroTemp":{"iob":0.077,"basaliob":-0.119,"bolussnooze":0,"activity":0.0028,"lastBolusTime":1703754675154,"time":"2023-12-28T10:51:17.945Z"}},{"iob":0.298,"basaliob":0.117,"bolussnooze":0,"activity":0.0039,"lastBolusTime":1703754675154,"time":"2023-12-28T10:56:17.945Z","iobWithZeroTemp":{"iob":0.038,"basaliob":-0.143,"bolussnooze":0,"activity":0.0024,"lastBolusTime":1703754675154,"time":"2023-12-28T10:56:17.945Z"}},{"iob":0.28,"basaliob":0.112,"bolussnooze":0,"activity":0.0038,"lastBolusTime":1703754675154,"time":"2023-12-28T11:01:17.945Z","iobWithZeroTemp":{"iob":0.003,"basaliob":-0.165,"bolussnooze":0,"activity":0.0021,"lastBolusTime":1703754675154,"time":"2023-12-28T11:01:17.945Z"}},{"iob":0.262,"basaliob":0.106,"bolussnooze":0,"activity":0.0035,"lastBolusTime":1703754675154,"time":"2023-12-28T11:06:17.945Z","iobWithZeroTemp":{"iob":-0.032,"basaliob":-0.188,"bolussnooze":0,"activity":0.0017,"lastBolusTime":1703754675154,"time":"2023-12-28T11:06:17.945Z"}},{"iob":0.244,"basaliob":0.1,"bolussnooze":0,"activity":0.0033,"lastBolusTime":1703754675154,"time":"2023-12-28T11:11:17.945Z","iobWithZeroTemp":{"iob":-0.065,"basaliob":-0.209,"bolussnooze":0,"activity":0.0013,"lastBolusTime":1703754675154,"time":"2023-12-28T11:11:17.945Z"}},{"iob":0.228,"basaliob":0.095,"bolussnooze":0,"activity":0.0032,"lastBolusTime":1703754675154,"time":"2023-12-28T11:16:17.945Z","iobWithZeroTemp":{"iob":-0.096,"basaliob":-0.229,"bolussnooze":0,"activity":0.001,"lastBolusTime":1703754675154,"time":"2023-12-28T11:16:17.945Z"}},{"iob":0.212,"basaliob":0.089,"bolussnooze":0,"activity":0.003,"lastBolusTime":1703754675154,"time":"2023-12-28T11:21:17.945Z","iobWithZeroTemp":{"iob":-0.125,"basaliob":-0.248,"bolussnooze":0,"activity":7.0E-4,"lastBolusTime":1703754675154,"time":"2023-12-28T11:21:17.945Z"}},{"iob":0.198,"basaliob":0.084,"bolussnooze":0,"activity":0.0028,"lastBolusTime":1703754675154,"time":"2023-12-28T11:26:17.945Z","iobWithZeroTemp":{"iob":-0.152,"basaliob":-0.266,"bolussnooze":0,"activity":3.0E-4,"lastBolusTime":1703754675154,"time":"2023-12-28T11:26:17.945Z"}},{"iob":0.184,"basaliob":0.079,"bolussnooze":0,"activity":0.0027,"lastBolusTime":1703754675154,"time":"2023-12-28T11:31:17.945Z","iobWithZeroTemp":{"iob":-0.179,"basaliob":-0.284,"bolussnooze":0,"activity":1.0E-4,"lastBolusTime":1703754675154,"time":"2023-12-28T11:31:17.945Z"}},{"iob":0.172,"basaliob":0.075,"bolussnooze":0,"activity":0.0025,"lastBolusTime":1703754675154,"time":"2023-12-28T11:36:17.945Z","iobWithZeroTemp":{"iob":-0.202,"basaliob":-0.299,"bolussnooze":0,"activity":-3.0E-4,"lastBolusTime":1703754675154,"time":"2023-12-28T11:36:17.945Z"}},{"iob":0.159,"basaliob":0.07,"bolussnooze":0,"activity":0.0024,"lastBolusTime":1703754675154,"time":"2023-12-28T11:41:17.945Z","iobWithZeroTemp":{"iob":-0.226,"basaliob":-0.315,"bolussnooze":0,"activity":-5.0E-4,"lastBolusTime":1703754675154,"time":"2023-12-28T11:41:17.945Z"}},{"iob":0.148,"basaliob":0.066,"bolussnooze":0,"activity":0.0022,"lastBolusTime":1703754675154,"time":"2023-12-28T11:46:17.945Z","iobWithZeroTemp":{"iob":-0.247,"basaliob":-0.329,"bolussnooze":0,"activity":-8.0E-4,"lastBolusTime":1703754675154,"time":"2023-12-28T11:46:17.945Z"}},{"iob":0.138,"basaliob":0.062,"bolussnooze":0,"activity":0.0021,"lastBolusTime":1703754675154,"time":"2023-12-28T11:51:17.945Z","iobWithZeroTemp":{"iob":-0.267,"basaliob":-0.343,"bolussnooze":0,"activity":-0.001,"lastBolusTime":1703754675154,"time":"2023-12-28T11:51:17.945Z"}},{"iob":0.128,"basaliob":0.058,"bolussnooze":0,"activity":0.002,"lastBolusTime":1703754675154,"time":"2023-12-28T11:56:17.945Z","iobWithZeroTemp":{"iob":-0.286,"basaliob":-0.356,"bolussnooze":0,"activity":-0.0013,"lastBolusTime":1703754675154,"time":"2023-12-28T11:56:17.945Z"}},{"iob":0.118,"basaliob":0.054,"bolussnooze":0,"activity":0.0018,"lastBolusTime":1703754675154,"time":"2023-12-28T12:01:17.945Z","iobWithZeroTemp":{"iob":-0.305,"basaliob":-0.369,"bolussnooze":0,"activity":-0.0016,"lastBolusTime":1703754675154,"time":"2023-12-28T12:01:17.945Z"}},{"iob":0.11,"basaliob":0.051,"bolussnooze":0,"activity":0.0017,"lastBolusTime":1703754675154,"time":"2023-12-28T12:06:17.945Z","iobWithZeroTemp":{"iob":-0.32,"basaliob":-0.379,"bolussnooze":0,"activity":-0.0018,"lastBolusTime":1703754675154,"time":"2023-12-28T12:06:17.945Z"}},{"iob":0.101,"basaliob":0.047,"bolussnooze":0,"activity":0.0016,"lastBolusTime":1703754675154,"time":"2023-12-28T12:11:17.945Z","iobWithZeroTemp":{"iob":-0.337,"basaliob":-0.391,"bolussnooze":0,"activity":-0.002,"lastBolusTime":1703754675154,"time":"2023-12-28T12:11:17.945Z"}},{"iob":0.093,"basaliob":0.044,"bolussnooze":0,"activity":0.0015,"lastBolusTime":1703754675154,"time":"2023-12-28T12:16:17.945Z","iobWithZeroTemp":{"iob":-0.352,"basaliob":-0.401,"bolussnooze":0,"activity":-0.0022,"lastBolusTime":1703754675154,"time":"2023-12-28T12:16:17.945Z"}},{"iob":0.086,"basaliob":0.041,"bolussnooze":0,"activity":0.0014,"lastBolusTime":1703754675154,"time":"2023-12-28T12:21:17.945Z","iobWithZeroTemp":{"iob":-0.365,"basaliob":-0.41,"bolussnooze":0,"activity":-0.0024,"lastBolusTime":1703754675154,"time":"2023-12-28T12:21:17.945Z"}},{"iob":0.079,"basaliob":0.038,"bolussnooze":0,"activity":0.0012,"lastBolusTime":1703754675154,"time":"2023-12-28T12:26:17.945Z","iobWithZeroTemp":{"iob":-0.378,"basaliob":-0.419,"bolussnooze":0,"activity":-0.0027,"lastBolusTime":1703754675154,"time":"2023-12-28T12:26:17.945Z"}},{"iob":0.074,"basaliob":0.036,"bolussnooze":0,"activity":0.0012,"lastBolusTime":1703754675154,"time":"2023-12-28T12:31:17.945Z","iobWithZeroTemp":{"iob":-0.389,"basaliob":-0.427,"bolussnooze":0,"activity":-0.0027,"lastBolusTime":1703754675154,"time":"2023-12-28T12:31:17.945Z"}},{"iob":0.068,"basaliob":0.033,"bolussnooze":0,"activity":0.0011,"lastBolusTime":1703754675154,"time":"2023-12-28T12:36:17.945Z","iobWithZeroTemp":{"iob":-0.4,"basaliob":-0.435,"bolussnooze":0,"activity":-0.0029,"lastBolusTime":1703754675154,"time":"2023-12-28T12:36:17.945Z"}},{"iob":0.063,"basaliob":0.031,"bolussnooze":0,"activity":0.0011,"lastBolusTime":1703754675154,"time":"2023-12-28T12:41:17.945Z","iobWithZeroTemp":{"iob":-0.41,"basaliob":-0.442,"bolussnooze":0,"activity":-0.003,"lastBolusTime":1703754675154,"time":"2023-12-28T12:41:17.945Z"}},{"iob":0.057,"basaliob":0.028,"bolussnooze":0,"activity":9.0E-4,"lastBolusTime":1703754675154,"time":"2023-12-28T12:46:17.945Z","iobWithZeroTemp":{"iob":-0.42,"basaliob":-0.449,"bolussnooze":0,"activity":-0.0032,"lastBolusTime":1703754675154,"time":"2023-12-28T12:46:17.945Z"}},{"iob":0.052,"basaliob":0.026,"bolussnooze":0,"activity":9.0E-4,"lastBolusTime":1703754675154,"time":"2023-12-28T12:51:17.945Z","iobWithZeroTemp":{"iob":-0.429,"basaliob":-0.455,"bolussnooze":0,"activity":-0.0033,"lastBolusTime":1703754675154,"time":"2023-12-28T12:51:17.945Z"}},{"iob":0.048,"basaliob":0.024,"bolussnooze":0,"activity":8.0E-4,"lastBolusTime":1703754675154,"time":"2023-12-28T12:56:17.945Z","iobWithZeroTemp":{"iob":-0.437,"basaliob":-0.461,"bolussnooze":0,"activity":-0.0035,"lastBolusTime":1703754675154,"time":"2023-12-28T12:56:17.945Z"}},{"iob":0.045,"basaliob":0.023,"bolussnooze":0,"activity":7.0E-4,"lastBolusTime":1703754675154,"time":"2023-12-28T13:01:17.945Z","iobWithZeroTemp":{"iob":-0.444,"basaliob":-0.466,"bolussnooze":0,"activity":-0.0036,"lastBolusTime":1703754675154,"time":"2023-12-28T13:01:17.945Z"}},{"iob":0.041,"basaliob":0.021,"bolussnooze":0,"activity":7.0E-4,"lastBolusTime":1703754675154,"time":"2023-12-28T13:06:17.945Z","iobWithZeroTemp":{"iob":-0.451,"basaliob":-0.471,"bolussnooze":0,"activity":-0.0037,"lastBolusTime":1703754675154,"time":"2023-12-28T13:06:17.945Z"}},{"iob":0.037,"basaliob":0.019,"bolussnooze":0,"activity":6.0E-4,"lastBolusTime":1703754675154,"time":"2023-12-28T13:11:17.945Z","iobWithZeroTemp":{"iob":-0.458,"basaliob":-0.476,"bolussnooze":0,"activity":-0.0038,"lastBolusTime":1703754675154,"time":"2023-12-28T13:11:17.945Z"}},{"iob":0.034,"basaliob":0.018,"bolussnooze":0,"activity":6.0E-4,"lastBolusTime":1703754675154,"time":"2023-12-28T13:16:17.945Z","iobWithZeroTemp":{"iob":-0.464,"basaliob":-0.48,"bolussnooze":0,"activity":-0.0039,"lastBolusTime":1703754675154,"time":"2023-12-28T13:16:17.945Z"}},{"iob":0.032,"basaliob":0.017,"bolussnooze":0,"activity":6.0E-4,"lastBolusTime":1703754675154,"time":"2023-12-28T13:21:17.945Z","iobWithZeroTemp":{"iob":-0.468,"basaliob":-0.483,"bolussnooze":0,"activity":-0.0039,"lastBolusTime":1703754675154,"time":"2023-12-28T13:21:17.945Z"}},{"iob":0.028,"basaliob":0.015,"bolussnooze":0,"activity":5.0E-4,"lastBolusTime":1703754675154,"time":"2023-12-28T13:26:17.945Z","iobWithZeroTemp":{"iob":-0.475,"basaliob":-0.488,"bolussnooze":0,"activity":-0.004,"lastBolusTime":1703754675154,"time":"2023-12-28T13:26:17.945Z"}},{"iob":0.026,"basaliob":0.014,"bolussnooze":0,"activity":4.0E-4,"lastBolusTime":1703754675154,"time":"2023-12-28T13:31:17.945Z","iobWithZeroTemp":{"iob":-0.479,"basaliob":-0.491,"bolussnooze":0,"activity":-0.0042,"lastBolusTime":1703754675154,"time":"2023-12-28T13:31:17.945Z"}},{"iob":0.024,"basaliob":0.013,"bolussnooze":0,"activity":4.0E-4,"lastBolusTime":1703754675154,"time":"2023-12-28T13:36:17.945Z","iobWithZeroTemp":{"iob":-0.483,"basaliob":-0.494,"bolussnooze":0,"activity":-0.0042,"lastBolusTime":1703754675154,"time":"2023-12-28T13:36:17.945Z"}},{"iob":0.022,"basaliob":0.012,"bolussnooze":0,"activity":4.0E-4,"lastBolusTime":1703754675154,"time":"2023-12-28T13:41:17.945Z","iobWithZeroTemp":{"iob":-0.487,"basaliob":-0.497,"bolussnooze":0,"activity":-0.0042,"lastBolusTime":1703754675154,"time":"2023-12-28T13:41:17.945Z"}},{"iob":0.02,"basaliob":0.011,"bolussnooze":0,"activity":4.0E-4,"lastBolusTime":1703754675154,"time":"2023-12-28T13:46:17.945Z","iobWithZeroTemp":{"iob":-0.491,"basaliob":-0.5,"bolussnooze":0,"activity":-0.0043,"lastBolusTime":1703754675154,"time":"2023-12-28T13:46:17.945Z"}},{"iob":0.018,"basaliob":0.01,"bolussnooze":0,"activity":4.0E-4,"lastBolusTime":1703754675154,"time":"2023-12-28T13:51:17.945Z","iobWithZeroTemp":{"iob":-0.494,"basaliob":-0.502,"bolussnooze":0,"activity":-0.0043,"lastBolusTime":1703754675154,"time":"2023-12-28T13:51:17.945Z"}}],"profile":{"max_iob":4,"type":"current","max_daily_basal":0.5,"max_basal":1.2,"min_bg":100.8,"max_bg":100.8,"target_bg":100.8,"carb_ratio":30,"sens":126,"max_daily_safety_multiplier":3,"current_basal_safety_multiplier":4,"lgsThreshold":65,"high_temptarget_raises_sensitivity":false,"low_temptarget_lowers_sensitivity":false,"sensitivity_raises_target":true,"resistance_lowers_target":true,"adv_target_adjustments":false,"exercise_mode":false,"half_basal_exercise_target":160,"maxCOB":120,"skip_neutral_temps":false,"remainingCarbsCap":90,"enableUAM":true,"A52_risk_enable":false,"SMBInterval":3,"enableSMB_with_COB":true,"enableSMB_with_temptarget":true,"allowSMB_with_high_temptarget":false,"enableSMB_always":false,"enableSMB_after_carbs":false,"maxSMBBasalMinutes":75,"maxUAMSMBBasalMinutes":75,"bolus_increment":0.05,"carbsReqThreshold":10,"current_basal":0.3,"temptargetSet":false,"autosens_max":1.2,"autosens_min":0.7,"out_units":"mmol\/L","variable_sens":107.5,"insulinDivisor":65,"TDD":12.622997619047618},"autosens_data":{"ratio":1},"meal_data":{"carbs":0,"mealCOB":0,"slopeFromMaxDeviation":-0.6570000000000003,"slopeFromMinDeviation":0.445090909090909,"lastBolusTime":1703754675154,"lastCarbTime":0},"microBolusAllowed":true,"currentTime":1703757379465,"flatBGsDetected":false,"tdd1D":11.195833333333328,"tdd7D":12.08690476190476,"tddLast24H":13.3125,"tddLast4H":2.6500000000000004,"tddLast8to4H":1.9291666666666667},"output":{"temp":"absolute","bg":180,"tick":"+4","eventualBG":158,"targetBG":100.8,"insulinReq":0.48,"deliverAt":"2023-12-28T09:56:19.465Z","sensitivityRatio":1,"variable_sens":107.5,"predBGs":{"IOB":[180,183,186,189,190,192,193,193,193,192,191,189,187,185,183,181,179,178,176,175,173,172,170,169,168,167,166,165,164,163,162,162,161,160,160,159,159,158,158,157,157,157,156,156,156,156,155],"ZT":[180,177,174,171,168,165,163,160,158,155,153,152,150,148,147,146,145,145,144,144,144,144,145,145,146,146],"UAM":[180,183,186,188,190,191,191,191,190,189,187,184,182,180,178,176,174,173,171,169,168,167,165,164,163,162,161,160,159,158,157,156,156,155,154,154,153,153,152,152,152,151,151,151,150]},"reason":"COB: 0, Dev: 2.3, BGI: -0.2, ISF: 6.0, CR: 30, Target: 5.6, minPredBG 8.4, minGuardBG 8.3, IOBpredBG 8.6, UAMpredBG 8.3; Eventual BG 8.8 >= 5.6, adj. req. rate: 1.26 to maxSafeBasal: 1.2, temp 1.05 < 1.2U\/hr.  25m left and 1.05 ~ req 1.2U\/hr: no temp required","COB":0,"IOB":0.594,"timestamp":"2023-12-28T09:56:19.500Z"}}