{"algorithm":"OpenAPSSMBDynamicISFPlugin","input":{"glucoseStatus":{"glucose":131,"noise":0,"delta":11,"short_avgdelta":7.94,"long_avgdelta":2.05,"date":1703671520476},"currenttemp":{"temp":"absolute","duration":25,"rate":0.4,"minutesrunning":5},"iob_data":[{"iob":0.132,"basaliob":0.132,"bolussnooze":0,"activity":0.0014,"lastBolusTime":0,"time":"2023-12-27T10:06:11.996Z","iobWithZeroTemp":{"iob":0.132,"basaliob":0.132,"bolussnooze":0,"activity":0.0014,"lastBolusTime":0,"time":"2023-12-27T10:06:11.996Z"}},{"iob":0.125,"basaliob":0.125,"bolussnooze":0,"activity":0.0013,"lastBolusTime":0,"time":"2023-12-27T10:11:11.996Z","iobWithZeroTemp":{"iob":0.105,"basaliob":0.105,"bolussnooze":0,"activity":0.0013,"lastBolusTime":0,"time":"2023-12-27T10:11:11.996Z"}},{"iob":0.119,"basaliob":0.119,"bolussnooze":0,"activity":0.0013,"lastBolusTime":0,"time":"2023-12-27T10:16:11.996Z","iobWithZeroTemp":{"iob":0.074,"basaliob":0.074,"bolussnooze":0,"activity":0.0012,"lastBolusTime":0,"time":"2023-12-27T10:16:11.996Z"}},{"iob":0.112,"basaliob":0.112,"bolussnooze":0,"activity":0.0013,"lastBolusTime":0,"time":"2023-12-27T10:21:11.996Z","iobWithZeroTemp":{"iob":0.043,"basaliob":0.043,"bolussnooze":0,"activity":0.0012,"lastBolusTime":0,"time":"2023-12-27T10:21:11.996Z"}},{"iob":0.106,"basaliob":0.106,"bolussnooze":0,"activity":0.0012,"lastBolusTime":0,"time":"2023-12-27T10:26:11.996Z","iobWithZeroTemp":{"iob":0.013,"basaliob":0.013,"bolussnooze":0,"activity":0.001,"lastBolusTime":0,"time":"2023-12-27T10:26:11.996Z"}},{"iob":0.1,"basaliob":0.1,"bolussnooze":0,"activity":0.0012,"lastBolusTime":0,"time":"2023-12-27T10:31:11.996Z","iobWithZeroTemp":{"iob":-0.017,"basaliob":-0.017,"bolussnooze":0,"activity":8.0E-4,"lastBolusTime":0,"time":"2023-12-27T10:31:11.996Z"}},{"iob":0.094,"basaliob":0.094,"bolussnooze":0,"activity":0.0011,"lastBolusTime":0,"time":"2023-12-27T10:36:11.996Z","iobWithZeroTemp":{"iob":-0.046,"basaliob":-0.046,"bolussnooze":0,"activity":6.0E-4,"lastBolusTime":0,"time":"2023-12-27T10:36:11.996Z"}},{"iob":0.089,"basaliob":0.089,"bolussnooze":0,"activity":0.0011,"lastBolusTime":0,"time":"2023-12-27T10:41:11.996Z","iobWithZeroTemp":{"iob":-0.073,"basaliob":-0.073,"bolussnooze":0,"activity":4.0E-4,"lastBolusTime":0,"time":"2023-12-27T10:41:11.996Z"}},{"iob":0.083,"basaliob":0.083,"bolussnooze":0,"activity":0.0011,"lastBolusTime":0,"time":"2023-12-27T10:46:11.996Z","iobWithZeroTemp":{"iob":-0.1,"basaliob":-0.1,"bolussnooze":0,"activity":3.0E-4,"lastBolusTime":0,"time":"2023-12-27T10:46:11.996Z"}},{"iob":0.078,"basaliob":0.078,"bolussnooze":0,"activity":0.001,"lastBolusTime":0,"time":"2023-12-27T10:51:11.996Z","iobWithZeroTemp":{"iob":-0.126,"basaliob":-0.126,"bolussnooze":0,"activity":0,"lastBolusTime":0,"time":"2023-12-27T10:51:11.996Z"}},{"iob":0.073,"basaliob":0.073,"bolussnooze":0,"activity":0.001,"lastBolusTime":0,"time":"2023-12-27T10:56:11.996Z","iobWithZeroTemp":{"iob":-0.15,"basaliob":-0.15,"bolussnooze":0,"activity":-2.0E-4,"lastBolusTime":0,"time":"2023-12-27T10:56:11.996Z"}},{"iob":0.069,"basaliob":0.069,"bolussnooze":0,"activity":9.0E-4,"lastBolusTime":0,"time":"2023-12-27T11:01:11.996Z","iobWithZeroTemp":{"iob":-0.173,"basaliob":-0.173,"bolussnooze":0,"activity":-4.0E-4,"lastBolusTime":0,"time":"2023-12-27T11:01:11.996Z"}},{"iob":0.064,"basaliob":0.064,"bolussnooze":0,"activity":9.0E-4,"lastBolusTime":0,"time":"2023-12-27T11:06:11.996Z","iobWithZeroTemp":{"iob":-0.196,"basaliob":-0.196,"bolussnooze":0,"activity":-6.0E-4,"lastBolusTime":0,"time":"2023-12-27T11:06:11.996Z"}},{"iob":0.06,"basaliob":0.06,"bolussnooze":0,"activity":8.0E-4,"lastBolusTime":0,"time":"2023-12-27T11:11:11.996Z","iobWithZeroTemp":{"iob":-0.217,"basaliob":-0.217,"bolussnooze":0,"activity":-9.0E-4,"lastBolusTime":0,"time":"2023-12-27T11:11:11.996Z"}},{"iob":0.056,"basaliob":0.056,"bolussnooze":0,"activity":8.0E-4,"lastBolusTime":0,"time":"2023-12-27T11:16:11.996Z","iobWithZeroTemp":{"iob":-0.238,"basaliob":-0.238,"bolussnooze":0,"activity":-0.001,"lastBolusTime":0,"time":"2023-12-27T11:16:11.996Z"}},{"iob":0.052,"basaliob":0.052,"bolussnooze":0,"activity":7.0E-4,"lastBolusTime":0,"time":"2023-12-27T11:21:11.996Z","iobWithZeroTemp":{"iob":-0.257,"basaliob":-0.257,"bolussnooze":0,"activity":-0.0013,"lastBolusTime":0,"time":"2023-12-27T11:21:11.996Z"}},{"iob":0.049,"basaliob":0.049,"bolussnooze":0,"activity":7.0E-4,"lastBolusTime":0,"time":"2023-12-27T11:26:11.996Z","iobWithZeroTemp":{"iob":-0.275,"basaliob":-0.275,"bolussnooze":0,"activity":-0.0015,"lastBolusTime":0,"time":"2023-12-27T11:26:11.996Z"}},{"iob":0.045,"basaliob":0.045,"bolussnooze":0,"activity":6.0E-4,"lastBolusTime":0,"time":"2023-12-27T11:31:11.996Z","iobWithZeroTemp":{"iob":-0.292,"basaliob":-0.292,"bolussnooze":0,"activity":-0.0017,"lastBolusTime":0,"time":"2023-12-27T11:31:11.996Z"}},{"iob":0.042,"basaliob":0.042,"bolussnooze":0,"activity":6.0E-4,"lastBolusTime":0,"time":"2023-12-27T11:36:11.996Z","iobWithZeroTemp":{"iob":-0.308,"basaliob":-0.308,"bolussnooze":0,"activity":-0.0019,"lastBolusTime":0,"time":"2023-12-27T11:36:11.996Z"}},{"iob":0.039,"basaliob":0.039,"bolussnooze":0,"activity":6.0E-4,"lastBolusTime":0,"time":"2023-12-27T11:41:11.996Z","iobWithZeroTemp":{"iob":-0.324,"basaliob":-0.324,"bolussnooze":0,"activity":-0.002,"lastBolusTime":0,"time":"2023-12-27T11:41:11.996Z"}},{"iob":0.036,"basaliob":0.036,"bolussnooze":0,"activity":5.0E-4,"lastBolusTime":0,"time":"2023-12-27T11:46:11.996Z","iobWithZeroTemp":{"iob":-0.338,"basaliob":-0.338,"bolussnooze":0,"activity":-0.0023,"lastBolusTime":0,"time":"2023-12-27T11:46:11.996Z"}},{"iob":0.034,"basaliob":0.034,"bolussnooze":0,"activity":5.0E-4,"lastBolusTime":0,"time":"2023-12-27T11:51:11.996Z","iobWithZeroTemp":{"iob":-0.351,"basaliob":-0.351,"bolussnooze":0,"activity":-0.0024,"lastBolusTime":0,"time":"2023-12-27T11:51:11.996Z"}},{"iob":0.031,"basaliob":0.031,"bolussnooze":0,"activity":5.0E-4,"lastBolusTime":0,"time":"2023-12-27T11:56:11.996Z","iobWithZeroTemp":{"iob":-0.364,"basaliob":-0.364,"bolussnooze":0,"activity":-0.0025,"lastBolusTime":0,"time":"2023-12-27T11:56:11.996Z"}},{"iob":0.029,"basaliob":0.029,"bolussnooze":0,"activity":4.0E-4,"lastBolusTime":0,"time":"2023-12-27T12:01:11.996Z","iobWithZeroTemp":{"iob":-0.376,"basaliob":-0.376,"bolussnooze":0,"activity":-0.0027,"lastBolusTime":0,"time":"2023-12-27T12:01:11.996Z"}},{"iob":0.027,"basaliob":0.027,"bolussnooze":0,"activity":4.0E-4,"lastBolusTime":0,"time":"2023-12-27T12:06:11.996Z","iobWithZeroTemp":{"iob":-0.387,"basaliob":-0.387,"bolussnooze":0,"activity":-0.0029,"lastBolusTime":0,"time":"2023-12-27T12:06:11.996Z"}},{"iob":0.025,"basaliob":0.025,"bolussnooze":0,"activity":4.0E-4,"lastBolusTime":0,"time":"2023-12-27T12:11:11.996Z","iobWithZeroTemp":{"iob":-0.397,"basaliob":-0.397,"bolussnooze":0,"activity":-0.003,"lastBolusTime":0,"time":"2023-12-27T12:11:11.996Z"}},{"iob":0.023,"basaliob":0.023,"bolussnooze":0,"activity":4.0E-4,"lastBolusTime":0,"time":"2023-12-27T12:16:11.996Z","iobWithZeroTemp":{"iob":-0.407,"basaliob":-0.407,"bolussnooze":0,"activity":-0.0031,"lastBolusTime":0,"time":"2023-12-27T12:16:11.996Z"}},{"iob":0.021,"basaliob":0.021,"bolussnooze":0,"activity":3.0E-4,"lastBolusTime":0,"time":"2023-12-27T12:21:11.996Z","iobWithZeroTemp":{"iob":-0.417,"basaliob":-0.417,"bolussnooze":0,"activity":-0.0033,"lastBolusTime":0,"time":"2023-12-27T12:21:11.996Z"}},{"iob":0.02,"basaliob":0.02,"bolussnooze":0,"activity":3.0E-4,"lastBolusTime":0,"time":"2023-12-27T12:26:11.996Z","iobWithZeroTemp":{"iob":-0.425,"basaliob":-0.425,"bolussnooze":0,"activity":-0.0034,"lastBolusTime":0,"time":"2023-12-27T12:26:11.996Z"}},{"iob":0.018,"basaliob":0.018,"bolussnooze":0,"activity":3.0E-4,"lastBolusTime":0,"time":"2023-12-27T12:31:11.996Z","iobWithZeroTemp":{"iob":-0.433,"basaliob":-0.433,"bolussnooze":0,"activity":-0.0035,"lastBolusTime":0,"time":"2023-12-27T12:31:11.996Z"}},{"iob":0.017,"basaliob":0.017,"bolussnooze":0,"activity":3.0E-4,"lastBolusTime":0,"time":"2023-12-27T12:36:11.996Z","iobWithZeroTemp":{"iob":-0.44,"basaliob":-0.44,"bolussnooze":0,"activity":-0.0036,"lastBolusTime":0,"time":"2023-12-27T12:36:11.996Z"}},{"iob":0.015,"basaliob":0.015,"bolussnooze":0,"activity":3.0E-4,"lastBolusTime":0,"time":"2023-12-27T12:41:11.996Z","iobWithZeroTemp":{"iob":-0.448,"basaliob":-0.448,"bolussnooze":0,"activity":-0.0036,"lastBolusTime":0,"time":"2023-12-27T12:41:11.996Z"}},{"iob":0.014,"basaliob":0.014,"bolussnooze":0,"activity":2.0E-4,"lastBolusTime":0,"time":"2023-12-27T12:46:11.996Z","iobWithZeroTemp":{"iob":-0.454,"basaliob":-0.454,"bolussnooze":0,"activity":-0.0038,"lastBolusTime":0,"time":"2023-12-27T12:46:11.996Z"}},{"iob":0.013,"basaliob":0.013,"bolussnooze":0,"activity":2.0E-4,"lastBolusTime":0,"time":"2023-12-27T12:51:11.996Z","iobWithZeroTemp":{"iob":-0.46,"basaliob":-0.46,"bolussnooze":0,"activity":-0.0039,"lastBolusTime":0,"time":"2023-12-27T12:51:11.996Z"}},{"iob":0.012,"basaliob":0.012,"bolussnooze":0,"activity":2.0E-4,"lastBolusTime":0,"time":"2023-12-27T12:56:11.996Z","iobWithZeroTemp":{"iob":-0.465,"basaliob":-0.465,"bolussnooze":0,"activity":-0.0039,"lastBolusTime":0,"time":"2023-12-27T12:56:11.996Z"}},{"iob":0.011,"basaliob":0.011,"bolussnooze":0,"activity":2.0E-4,"lastBolusTime":0,"time":"2023-12-27T13:01:11.996Z","iobWithZeroTemp":{"iob":-0.47,"basaliob":-0.47,"bolussnooze":0,"activity":-0.004,"lastBolusTime":0,"time":"2023-12-27T13:01:11.996Z"}},{"iob":0.01,"basaliob":0.01,"bolussnooze":0,"activity":2.0E-4,"lastBolusTime":0,"time":"2023-12-27T13:06:11.996Z","iobWithZeroTemp":{"iob":-0.475,"basaliob":-0.475,"bolussnooze":0,"activity":-0.0041,"lastBolusTime":0,"time":"2023-12-27T13:06:11.996Z"}},{"iob":0.009,"basaliob":0.009,"bolussnooze":0,"activity":2.0E-4,"lastBolusTime":0,"time":"2023-12-27T13:11:11.996Z","iobWithZeroTemp":{"iob":-0.48,"basaliob":-0.48,"bolussnooze":0,"activity":-0.0041,"lastBolusTime":0,"time":"2023-12-27T13:11:11.996Z"}},{"iob":0.009,"basaliob":0.009,"bolussnooze":0,"activity":1.0E-4,"lastBolusTime":0,"time":"2023-12-27T13:16:11.996Z","iobWithZeroTemp":{"iob":-0.483,"basaliob":-0.483,"bolussnooze":0,"activity":-0.0043,"lastBolusTime":0,"time":"2023-12-27T13:16:11.996Z"}},{"iob":0.008,"basaliob":0.008,"bolussnooze":0,"activity":1.0E-4,"lastBolusTime":0,"time":"2023-12-27T13:21:11.996Z","iobWithZeroTemp":{"iob":-0.487,"basaliob":-0.487,"bolussnooze":0,"activity":-0.0043,"lastBolusTime":0,"time":"2023-12-27T13:21:11.996Z"}},{"iob":0.007,"basaliob":0.007,"bolussnooze":0,"activity":1.0E-4,"lastBolusTime":0,"time":"2023-12-27T13:26:11.996Z","iobWithZeroTemp":{"iob":-0.491,"basaliob":-0.491,"bolussnooze":0,"activity":-0.0044,"lastBolusTime":0,"time":"2023-12-27T13:26:11.996Z"}},{"iob":0.007,"basaliob":0.007,"bolussnooze":0,"activity":1.0E-4,"lastBolusTime":0,"time":"2023-12-27T13:31:11.996Z","iobWithZeroTemp":{"iob":-0.493,"basaliob":-0.493,"bolussnooze":0,"activity":-0.0044,"lastBolusTime":0,"time":"2023-12-27T13:31:11.996Z"}},{"iob":0.006,"basaliob":0.006,"bolussnooze":0,"activity":1.0E-4,"lastBolusTime":0,"time":"2023-12-27T13:36:11.996Z","iobWithZeroTemp":{"iob":-0.497,"basaliob":-0.497,"bolussnooze":0,"activity":-0.0044,"lastBolusTime":0,"time":"2023-12-27T13:36:11.996Z"}},{"iob":0.005,"basaliob":0.005,"bolussnooze":0,"activity":1.0E-4,"lastBolusTime":0,"time":"2023-12-27T13:41:11.996Z","iobWithZeroTemp":{"iob":-0.5,"basaliob":-0.5,"bolussnooze":0,"activity":-0.0045,"lastBolusTime":0,"time":"2023-12-27T13:41:11.996Z"}},{"iob":0.005,"basaliob":0.005,"bolussnooze":0,"activity":1.0E-4,"lastBolusTime":0,"time":"2023-12-27T13:46:11.996Z","iobWithZeroTemp":{"iob":-0.502,"basaliob":-0.502,"bolussnooze":0,"activity":-0.0045,"lastBolusTime":0,"time":"2023-12-27T13:46:11.996Z"}},{"iob":0.005,"basaliob":0.005,"bolussnooze":0,"activity":1.0E-4,"lastBolusTime":0,"time":"2023-12-27T13:51:11.996Z","iobWithZeroTemp":{"iob":-0.504,"basaliob":-0.504,"bolussnooze":0,"activity":-0.0045,"lastBolusTime":0,"time":"2023-12-27T13:51:11.996Z"}},{"iob":0.004,"basaliob":0.004,"bolussnooze":0,"activity":1.0E-4,"lastBolusTime":0,"time":"2023-12-27T13:56:11.996Z","iobWithZeroTemp":{"iob":-0.507,"basaliob":-0.507,"bolussnooze":0,"activity":-0.0046,"lastBolusTime":0,"time":"2023-12-27T13:56:11.996Z"}},{"iob":0.004,"basaliob":0.004,"bolussnooze":0,"activity":1.0E-4,"lastBolusTime":0,"time":"2023-12-27T14:01:11.996Z","iobWithZeroTemp":{"iob":-0.508,"basaliob":-0.508,"bolussnooze":0,"activity":-0.0046,"lastBolusTime":0,"time":"2023-12-27T14:01:11.996Z"}}],"profile":{"max_iob":4,"type":"current","max_daily_basal":0.5,"max_basal":1.2,"min_bg":100.8,"max_bg":100.8,"target_bg":100.8,"carb_ratio":30,"sens":126,"max_daily_safety_multiplier":3,"current_basal_safety_multiplier":4,"lgsThreshold":65,"high_temptarget_raises_sensitivity":false,"low_temptarget_lowers_sensitivity":false,"sensitivity_raises_target":true,"resistance_lowers_target":true,"adv_target_adjustments":false,"exercise_mode":false,"half_basal_exercise_target":160,"maxCOB":120,"skip_neutral_temps":false,"remainingCarbsCap":90,"enableUAM":true,"A52_risk_enable":false,"SMBInterval":3,"enableSMB_with_COB":true,"enableSMB_with_temptarget":true,"allowSMB_with_high_temptarget":false,"enableSMB_always":false,"enableSMB_after_carbs":false,"maxSMBBasalMinutes":75,"maxUAMSMBBasalMinutes":75,"bolus_increment":0.05,"carbsReqThreshold":10,"current_basal":0.3,"temptargetSet":false,"autosens_max":1.2,"autosens_min":0.7,"out_units":"mmol\/L","variable_sens":142.6,"insulinDivisor":65,"TDD":11.437229761904764},"autosens_data":{"ratio":1},"meal_data":{"carbs":0,"mealCOB":0,"slopeFromMaxDeviation":0,"slopeFromMinDeviation":0.8367272727272728,"lastBolusTime":1703594420788,"lastCarbTime":0},"microBolusAllowed":true,"currentTime":1703671573614,"flatBGsDetected":false,"tdd1D":15.216666666666669,"tdd7D":11.563690476190475,"tddLast24H":9.545833333333325,"tddLast4H":1.3583333333333334,"tddLast8to4H":1.0125},"output":{"temp":"absolute","bg":131,"tick":"+11","eventualBG":253,"targetBG":100.8,"insulinReq":0.74,"deliverAt":"2023-12-27T10:06:13.614Z","sensitivityRatio":1,"variable_sens":142.6,"predBGs":{"IOB":[131,138,145,150,156,160,164,167,169,171,171,172,171,170,170,169,169,169,168,168,167,167,167,167,166,166,166,166,165,165,165,165,165,164,164,164,164,164,164,164,164,164,164,164,164,163],"ZT":[131,130,129,128,127,127,126,126,125,125,125,125,126,126,127,127],"UAM":[131,139,146,153,160,167,173,180,186,191,197,202,207,212,217,221,225,229,232,235,238,241,244,246,248,250,251,252,253,254,254,254,254,254,254,254,254,253]},"reason":"COB: 0, Dev: 3.0, BGI: -0.1, ISF: 7.9, CR: 30, Target: 5.6, minPredBG 11.5, minGuardBG 7.7, IOBpredBG 9.1, UAMpredBG 14.1; Eventual BG 14.1 >= 5.6, adj. req. rate: 1.78 to maxSafeBasal: 1.2, temp 0.40 < 1.2U\/hr. ","COB":0,"IOB":0.132,"duration":30,"rate":1.2,"timestamp":"2023-12-27T10:06:13.653Z"}}