{"algorithm":"OpenAPSSMBDynamicISFPlugin","input":{"glucoseStatus":{"glucose":78,"noise":0,"delta":-7.33,"short_avgdelta":-4.41,"long_avgdelta":0.26,"date":1703729419752},"currenttemp":{"temp":"absolute","duration":0,"rate":0},"iob_data":[{"iob":0.002,"basaliob":-0.202,"bolussnooze":0,"activity":0,"lastBolusTime":1703728874075,"time":"2023-12-28T02:11:12.330Z","iobWithZeroTemp":{"iob":0.002,"basaliob":-0.202,"bolussnooze":0,"activity":0,"lastBolusTime":1703728874075,"time":"2023-12-28T02:11:12.330Z"}},{"iob":0.003,"basaliob":-0.19,"bolussnooze":0,"activity":1.0E-4,"lastBolusTime":1703728874075,"time":"2023-12-28T02:16:12.330Z","iobWithZeroTemp":{"iob":-0.014,"basaliob":-0.207,"bolussnooze":0,"activity":1.0E-4,"lastBolusTime":1703728874075,"time":"2023-12-28T02:16:12.330Z"}},{"iob":0.002,"basaliob":-0.179,"bolussnooze":0,"activity":0,"lastBolusTime":1703728874075,"time":"2023-12-28T02:21:12.330Z","iobWithZeroTemp":{"iob":-0.035,"basaliob":-0.216,"bolussnooze":0,"activity":-1.0E-4,"lastBolusTime":1703728874075,"time":"2023-12-28T02:21:12.330Z"}},{"iob":0.002,"basaliob":-0.169,"bolussnooze":0,"activity":0,"lastBolusTime":1703728874075,"time":"2023-12-28T02:26:12.330Z","iobWithZeroTemp":{"iob":-0.056,"basaliob":-0.227,"bolussnooze":0,"activity":-1.0E-4,"lastBolusTime":1703728874075,"time":"2023-12-28T02:26:12.330Z"}},{"iob":0.001,"basaliob":-0.159,"bolussnooze":0,"activity":0,"lastBolusTime":1703728874075,"time":"2023-12-28T02:31:12.330Z","iobWithZeroTemp":{"iob":-0.077,"basaliob":-0.237,"bolussnooze":0,"activity":-2.0E-4,"lastBolusTime":1703728874075,"time":"2023-12-28T02:31:12.330Z"}},{"iob":0.001,"basaliob":-0.149,"bolussnooze":0,"activity":0,"lastBolusTime":1703728874075,"time":"2023-12-28T02:36:12.330Z","iobWithZeroTemp":{"iob":-0.096,"basaliob":-0.246,"bolussnooze":0,"activity":-3.0E-4,"lastBolusTime":1703728874075,"time":"2023-12-28T02:36:12.330Z"}},{"iob":0.001,"basaliob":-0.14,"bolussnooze":0,"activity":0,"lastBolusTime":1703728874075,"time":"2023-12-28T02:41:12.330Z","iobWithZeroTemp":{"iob":-0.115,"basaliob":-0.256,"bolussnooze":0,"activity":-4.0E-4,"lastBolusTime":1703728874075,"time":"2023-12-28T02:41:12.330Z"}},{"iob":0.001,"basaliob":-0.131,"bolussnooze":0,"activity":1.0E-4,"lastBolusTime":1703728874075,"time":"2023-12-28T02:46:12.330Z","iobWithZeroTemp":{"iob":-0.134,"basaliob":-0.266,"bolussnooze":0,"activity":-4.0E-4,"lastBolusTime":1703728874075,"time":"2023-12-28T02:46:12.330Z"}},{"iob":0.001,"basaliob":-0.123,"bolussnooze":0,"activity":1.0E-4,"lastBolusTime":1703728874075,"time":"2023-12-28T02:51:12.330Z","iobWithZeroTemp":{"iob":-0.152,"basaliob":-0.276,"bolussnooze":0,"activity":-6.0E-4,"lastBolusTime":1703728874075,"time":"2023-12-28T02:51:12.330Z"}},{"iob":0,"basaliob":-0.115,"bolussnooze":0,"activity":0,"lastBolusTime":1703728874075,"time":"2023-12-28T02:56:12.330Z","iobWithZeroTemp":{"iob":-0.17,"basaliob":-0.285,"bolussnooze":0,"activity":-8.0E-4,"lastBolusTime":1703728874075,"time":"2023-12-28T02:56:12.330Z"}},{"iob":0.001,"basaliob":-0.107,"bolussnooze":0,"activity":0,"lastBolusTime":1703728874075,"time":"2023-12-28T03:01:12.330Z","iobWithZeroTemp":{"iob":-0.185,"basaliob":-0.293,"bolussnooze":0,"activity":-0.001,"lastBolusTime":1703728874075,"time":"2023-12-28T03:01:12.330Z"}},{"iob":0,"basaliob":-0.1,"bolussnooze":0,"activity":0,"lastBolusTime":1703728874075,"time":"2023-12-28T03:06:12.330Z","iobWithZeroTemp":{"iob":-0.202,"basaliob":-0.302,"bolussnooze":0,"activity":-0.0011,"lastBolusTime":1703728874075,"time":"2023-12-28T03:06:12.330Z"}},{"iob":0.001,"basaliob":-0.093,"bolussnooze":0,"activity":0,"lastBolusTime":1703728874075,"time":"2023-12-28T03:11:12.330Z","iobWithZeroTemp":{"iob":-0.216,"basaliob":-0.31,"bolussnooze":0,"activity":-0.0012,"lastBolusTime":1703728874075,"time":"2023-12-28T03:11:12.330Z"}},{"iob":0,"basaliob":-0.087,"bolussnooze":0,"activity":1.0E-4,"lastBolusTime":1703728874075,"time":"2023-12-28T03:16:12.330Z","iobWithZeroTemp":{"iob":-0.231,"basaliob":-0.318,"bolussnooze":0,"activity":-0.0013,"lastBolusTime":1703728874075,"time":"2023-12-28T03:16:12.330Z"}},{"iob":0,"basaliob":-0.081,"bolussnooze":0,"activity":0,"lastBolusTime":1703728874075,"time":"2023-12-28T03:21:12.330Z","iobWithZeroTemp":{"iob":-0.245,"basaliob":-0.326,"bolussnooze":0,"activity":-0.0015,"lastBolusTime":1703728874075,"time":"2023-12-28T03:21:12.330Z"}},{"iob":0,"basaliob":-0.075,"bolussnooze":0,"activity":0,"lastBolusTime":1703728874075,"time":"2023-12-28T03:26:12.330Z","iobWithZeroTemp":{"iob":-0.257,"basaliob":-0.332,"bolussnooze":0,"activity":-0.0017,"lastBolusTime":1703728874075,"time":"2023-12-28T03:26:12.330Z"}},{"iob":0,"basaliob":-0.07,"bolussnooze":0,"activity":0,"lastBolusTime":1703728874075,"time":"2023-12-28T03:31:12.330Z","iobWithZeroTemp":{"iob":-0.27,"basaliob":-0.34,"bolussnooze":0,"activity":-0.0018,"lastBolusTime":1703728874075,"time":"2023-12-28T03:31:12.330Z"}},{"iob":0,"basaliob":-0.065,"bolussnooze":0,"activity":0,"lastBolusTime":1703728874075,"time":"2023-12-28T03:36:12.330Z","iobWithZeroTemp":{"iob":-0.281,"basaliob":-0.346,"bolussnooze":0,"activity":-0.0019,"lastBolusTime":1703728874075,"time":"2023-12-28T03:36:12.330Z"}},{"iob":0,"basaliob":-0.06,"bolussnooze":0,"activity":0,"lastBolusTime":1703728874075,"time":"2023-12-28T03:41:12.330Z","iobWithZeroTemp":{"iob":-0.292,"basaliob":-0.352,"bolussnooze":0,"activity":-0.0021,"lastBolusTime":1703728874075,"time":"2023-12-28T03:41:12.330Z"}},{"iob":0,"basaliob":-0.056,"bolussnooze":0,"activity":1.0E-4,"lastBolusTime":1703728874075,"time":"2023-12-28T03:46:12.330Z","iobWithZeroTemp":{"iob":-0.302,"basaliob":-0.358,"bolussnooze":0,"activity":-0.0021,"lastBolusTime":1703728874075,"time":"2023-12-28T03:46:12.330Z"}},{"iob":0.001,"basaliob":-0.051,"bolussnooze":0,"activity":0,"lastBolusTime":1703728874075,"time":"2023-12-28T03:51:12.330Z","iobWithZeroTemp":{"iob":-0.311,"basaliob":-0.363,"bolussnooze":0,"activity":-0.0023,"lastBolusTime":1703728874075,"time":"2023-12-28T03:51:12.330Z"}},{"iob":0,"basaliob":-0.048,"bolussnooze":0,"activity":0,"lastBolusTime":1703728874075,"time":"2023-12-28T03:56:12.330Z","iobWithZeroTemp":{"iob":-0.321,"basaliob":-0.369,"bolussnooze":0,"activity":-0.0024,"lastBolusTime":1703728874075,"time":"2023-12-28T03:56:12.330Z"}},{"iob":0,"basaliob":-0.044,"bolussnooze":0,"activity":0,"lastBolusTime":1703728874075,"time":"2023-12-28T04:01:12.330Z","iobWithZeroTemp":{"iob":-0.33,"basaliob":-0.374,"bolussnooze":0,"activity":-0.0025,"lastBolusTime":1703728874075,"time":"2023-12-28T04:01:12.330Z"}},{"iob":0,"basaliob":-0.041,"bolussnooze":0,"activity":1.0E-4,"lastBolusTime":1703728874075,"time":"2023-12-28T04:06:12.330Z","iobWithZeroTemp":{"iob":-0.338,"basaliob":-0.379,"bolussnooze":0,"activity":-0.0025,"lastBolusTime":1703728874075,"time":"2023-12-28T04:06:12.330Z"}},{"iob":0,"basaliob":-0.038,"bolussnooze":0,"activity":0,"lastBolusTime":1703728874075,"time":"2023-12-28T04:11:12.330Z","iobWithZeroTemp":{"iob":-0.345,"basaliob":-0.383,"bolussnooze":0,"activity":-0.0027,"lastBolusTime":1703728874075,"time":"2023-12-28T04:11:12.330Z"}},{"iob":0,"basaliob":-0.035,"bolussnooze":0,"activity":0,"lastBolusTime":1703728874075,"time":"2023-12-28T04:16:12.330Z","iobWithZeroTemp":{"iob":-0.352,"basaliob":-0.387,"bolussnooze":0,"activity":-0.0028,"lastBolusTime":1703728874075,"time":"2023-12-28T04:16:12.330Z"}},{"iob":0,"basaliob":-0.032,"bolussnooze":0,"activity":0,"lastBolusTime":1703728874075,"time":"2023-12-28T04:21:12.330Z","iobWithZeroTemp":{"iob":-0.359,"basaliob":-0.391,"bolussnooze":0,"activity":-0.0029,"lastBolusTime":1703728874075,"time":"2023-12-28T04:21:12.330Z"}},{"iob":-0.001,"basaliob":-0.03,"bolussnooze":0,"activity":0,"lastBolusTime":1703728874075,"time":"2023-12-28T04:26:12.330Z","iobWithZeroTemp":{"iob":-0.366,"basaliob":-0.395,"bolussnooze":0,"activity":-0.003,"lastBolusTime":1703728874075,"time":"2023-12-28T04:26:12.330Z"}},{"iob":0,"basaliob":-0.027,"bolussnooze":0,"activity":0,"lastBolusTime":1703728874075,"time":"2023-12-28T04:31:12.330Z","iobWithZeroTemp":{"iob":-0.371,"basaliob":-0.398,"bolussnooze":0,"activity":-0.0031,"lastBolusTime":1703728874075,"time":"2023-12-28T04:31:12.330Z"}},{"iob":0,"basaliob":-0.025,"bolussnooze":0,"activity":0,"lastBolusTime":1703728874075,"time":"2023-12-28T04:36:12.330Z","iobWithZeroTemp":{"iob":-0.376,"basaliob":-0.401,"bolussnooze":0,"activity":-0.0031,"lastBolusTime":1703728874075,"time":"2023-12-28T04:36:12.330Z"}},{"iob":0,"basaliob":-0.023,"bolussnooze":0,"activity":0,"lastBolusTime":1703728874075,"time":"2023-12-28T04:41:12.330Z","iobWithZeroTemp":{"iob":-0.381,"basaliob":-0.404,"bolussnooze":0,"activity":-0.0032,"lastBolusTime":1703728874075,"time":"2023-12-28T04:41:12.330Z"}},{"iob":0,"basaliob":-0.021,"bolussnooze":0,"activity":0,"lastBolusTime":1703728874075,"time":"2023-12-28T04:46:12.330Z","iobWithZeroTemp":{"iob":-0.385,"basaliob":-0.406,"bolussnooze":0,"activity":-0.0033,"lastBolusTime":1703728874075,"time":"2023-12-28T04:46:12.330Z"}},{"iob":0,"basaliob":-0.019,"bolussnooze":0,"activity":0,"lastBolusTime":1703728874075,"time":"2023-12-28T04:51:12.330Z","iobWithZeroTemp":{"iob":-0.39,"basaliob":-0.409,"bolussnooze":0,"activity":-0.0033,"lastBolusTime":1703728874075,"time":"2023-12-28T04:51:12.330Z"}},{"iob":0,"basaliob":-0.018,"bolussnooze":0,"activity":0,"lastBolusTime":1703728874075,"time":"2023-12-28T04:56:12.330Z","iobWithZeroTemp":{"iob":-0.394,"basaliob":-0.412,"bolussnooze":0,"activity":-0.0034,"lastBolusTime":1703728874075,"time":"2023-12-28T04:56:12.330Z"}},{"iob":0,"basaliob":-0.016,"bolussnooze":0,"activity":0,"lastBolusTime":1703728874075,"time":"2023-12-28T05:01:12.330Z","iobWithZeroTemp":{"iob":-0.397,"basaliob":-0.413,"bolussnooze":0,"activity":-0.0035,"lastBolusTime":1703728874075,"time":"2023-12-28T05:01:12.330Z"}},{"iob":0,"basaliob":-0.015,"bolussnooze":0,"activity":0,"lastBolusTime":1703728874075,"time":"2023-12-28T05:06:12.330Z","iobWithZeroTemp":{"iob":-0.405,"basaliob":-0.42,"bolussnooze":0,"activity":-0.0035,"lastBolusTime":1703728874075,"time":"2023-12-28T05:06:12.330Z"}},{"iob":0,"basaliob":-0.014,"bolussnooze":0,"activity":0,"lastBolusTime":1703728874075,"time":"2023-12-28T05:11:12.330Z","iobWithZeroTemp":{"iob":-0.412,"basaliob":-0.426,"bolussnooze":0,"activity":-0.0036,"lastBolusTime":1703728874075,"time":"2023-12-28T05:11:12.330Z"}},{"iob":0,"basaliob":-0.012,"bolussnooze":0,"activity":0,"lastBolusTime":1703728874075,"time":"2023-12-28T05:16:12.330Z","iobWithZeroTemp":{"iob":-0.419,"basaliob":-0.431,"bolussnooze":0,"activity":-0.0036,"lastBolusTime":1703728874075,"time":"2023-12-28T05:16:12.330Z"}},{"iob":0,"basaliob":-0.011,"bolussnooze":0,"activity":0,"lastBolusTime":1703728874075,"time":"2023-12-28T05:21:12.330Z","iobWithZeroTemp":{"iob":-0.426,"basaliob":-0.437,"bolussnooze":0,"activity":-0.0037,"lastBolusTime":1703728874075,"time":"2023-12-28T05:21:12.330Z"}},{"iob":0,"basaliob":-0.01,"bolussnooze":0,"activity":0,"lastBolusTime":1703728874075,"time":"2023-12-28T05:26:12.330Z","iobWithZeroTemp":{"iob":-0.433,"basaliob":-0.443,"bolussnooze":0,"activity":-0.0037,"lastBolusTime":1703728874075,"time":"2023-12-28T05:26:12.330Z"}},{"iob":-0.001,"basaliob":-0.01,"bolussnooze":0,"activity":0,"lastBolusTime":1703728874075,"time":"2023-12-28T05:31:12.330Z","iobWithZeroTemp":{"iob":-0.44,"basaliob":-0.449,"bolussnooze":0,"activity":-0.0038,"lastBolusTime":1703728874075,"time":"2023-12-28T05:31:12.330Z"}},{"iob":0,"basaliob":-0.009,"bolussnooze":0,"activity":0,"lastBolusTime":1703728874075,"time":"2023-12-28T05:36:12.330Z","iobWithZeroTemp":{"iob":-0.444,"basaliob":-0.453,"bolussnooze":0,"activity":-0.0039,"lastBolusTime":1703728874075,"time":"2023-12-28T05:36:12.330Z"}},{"iob":0,"basaliob":-0.008,"bolussnooze":0,"activity":0,"lastBolusTime":1703728874075,"time":"2023-12-28T05:41:12.330Z","iobWithZeroTemp":{"iob":-0.45,"basaliob":-0.458,"bolussnooze":0,"activity":-0.0039,"lastBolusTime":1703728874075,"time":"2023-12-28T05:41:12.330Z"}},{"iob":0,"basaliob":-0.007,"bolussnooze":0,"activity":0,"lastBolusTime":1703728874075,"time":"2023-12-28T05:46:12.330Z","iobWithZeroTemp":{"iob":-0.455,"basaliob":-0.462,"bolussnooze":0,"activity":-0.004,"lastBolusTime":1703728874075,"time":"2023-12-28T05:46:12.330Z"}},{"iob":0,"basaliob":-0.007,"bolussnooze":0,"activity":0,"lastBolusTime":1703728874075,"time":"2023-12-28T05:51:12.330Z","iobWithZeroTemp":{"iob":-0.46,"basaliob":-0.467,"bolussnooze":0,"activity":-0.004,"lastBolusTime":1703728874075,"time":"2023-12-28T05:51:12.330Z"}},{"iob":0,"basaliob":-0.006,"bolussnooze":0,"activity":0,"lastBolusTime":1703728874075,"time":"2023-12-28T05:56:12.330Z","iobWithZeroTemp":{"iob":-0.465,"basaliob":-0.471,"bolussnooze":0,"activity":-0.0041,"lastBolusTime":1703728874075,"time":"2023-12-28T05:56:12.330Z"}},{"iob":0,"basaliob":-0.005,"bolussnooze":0,"activity":0,"lastBolusTime":1703728874075,"time":"2023-12-28T06:01:12.330Z","iobWithZeroTemp":{"iob":-0.469,"basaliob":-0.474,"bolussnooze":0,"activity":-0.0041,"lastBolusTime":1703728874075,"time":"2023-12-28T06:01:12.330Z"}},{"iob":0,"basaliob":-0.005,"bolussnooze":0,"activity":0,"lastBolusTime":1703728874075,"time":"2023-12-28T06:06:12.330Z","iobWithZeroTemp":{"iob":-0.473,"basaliob":-0.478,"bolussnooze":0,"activity":-0.0042,"lastBolusTime":1703728874075,"time":"2023-12-28T06:06:12.330Z"}}],"profile":{"max_iob":4,"type":"current","max_daily_basal":0.5,"max_basal":1,"min_bg":95.4,"max_bg":95.4,"target_bg":95.4,"carb_ratio":25,"sens":142.20000000000002,"max_daily_safety_multiplier":3,"current_basal_safety_multiplier":4,"lgsThreshold":65,"high_temptarget_raises_sensitivity":false,"low_temptarget_lowers_sensitivity":false,"sensitivity_raises_target":true,"resistance_lowers_target":true,"adv_target_adjustments":false,"exercise_mode":false,"half_basal_exercise_target":160,"maxCOB":120,"skip_neutral_temps":false,"remainingCarbsCap":90,"enableUAM":true,"A52_risk_enable":false,"SMBInterval":3,"enableSMB_with_COB":true,"enableSMB_with_temptarget":true,"allowSMB_with_high_temptarget":false,"enableSMB_always":false,"enableSMB_after_carbs":false,"maxSMBBasalMinutes":75,"maxUAMSMBBasalMinutes":75,"bolus_increment":0.05,"carbsReqThreshold":10,"current_basal":0.25,"temptargetSet":true,"autosens_max":1.2,"autosens_min":0.7,"out_units":"mmol\/L","variable_sens":196.1,"insulinDivisor":65,"TDD":11.639597619047617},"autosens_data":{"ratio":1},"meal_data":{"carbs":0,"mealCOB":0,"slopeFromMaxDeviation":-2.4245,"slopeFromMinDeviation":0.28118181818181814,"lastBolusTime":1703728874075,"lastCarbTime":0},"microBolusAllowed":true,"currentTime":1703729473796,"flatBGsDetected":false,"tdd1D":11.195833333333328,"tdd7D":12.08690476190476,"tddLast24H":11.208333333333329,"tddLast4H":1.1458333333333333,"tddLast8to4H":3.7833333333333328},"output":{"temp":"absolute","bg":78,"tick":-7,"eventualBG":80,"targetBG":95.4,"insulinReq":0,"deliverAt":"2023-12-28T02:11:13.796Z","sensitivityRatio":1,"variable_sens":196.1,"predBGs":{"IOB":[78,71,65,60,55,51,47,44,41,39,39,39,39],"ZT":[78,78,78,78,78,78,79,79,79,80,81,82,83,84,85,86,88,90,91,93,95]},"reason":"COB: 0, Dev: 0.1, BGI: 0.0, ISF: 10.9, CR: 25, Target: 5.3, minPredBG 2.8, minGuardBG 2.1, IOBpredBG 2.2; minGuardBG 2.1<3.8","COB":0,"IOB":0.002,"duration":60,"rate":0,"timestamp":"2023-12-28T02:11:13.834Z"}}