{"algorithm":"OpenAPSSMBDynamicISFPlugin","input":{"glucoseStatus":{"glucose":113,"noise":0,"delta":0,"short_avgdelta":0,"long_avgdelta":-4.88,"date":1703762421980},"currenttemp":{"temp":"absolute","duration":0,"rate":0},"iob_data":[{"iob":0.203,"basaliob":0.08,"bolussnooze":0,"activity":0.0037,"lastBolusTime":1703754675154,"time":"2023-12-28T11:21:13.858Z","iobWithZeroTemp":{"iob":0.203,"basaliob":0.08,"bolussnooze":0,"activity":0.0037,"lastBolusTime":1703754675154,"time":"2023-12-28T11:21:13.858Z"}},{"iob":0.186,"basaliob":0.072,"bolussnooze":0,"activity":0.0034,"lastBolusTime":1703754675154,"time":"2023-12-28T11:26:13.858Z","iobWithZeroTemp":{"iob":0.166,"basaliob":0.052,"bolussnooze":0,"activity":0.0034,"lastBolusTime":1703754675154,"time":"2023-12-28T11:26:13.858Z"}},{"iob":0.17,"basaliob":0.065,"bolussnooze":0,"activity":0.0031,"lastBolusTime":1703754675154,"time":"2023-12-28T11:31:13.858Z","iobWithZeroTemp":{"iob":0.125,"basaliob":0.02,"bolussnooze":0,"activity":0.003,"lastBolusTime":1703754675154,"time":"2023-12-28T11:31:13.858Z"}},{"iob":0.155,"basaliob":0.058,"bolussnooze":0,"activity":0.0029,"lastBolusTime":1703754675154,"time":"2023-12-28T11:36:13.858Z","iobWithZeroTemp":{"iob":0.086,"basaliob":-0.011,"bolussnooze":0,"activity":0.0028,"lastBolusTime":1703754675154,"time":"2023-12-28T11:36:13.858Z"}},{"iob":0.141,"basaliob":0.052,"bolussnooze":0,"activity":0.0027,"lastBolusTime":1703754675154,"time":"2023-12-28T11:41:13.858Z","iobWithZeroTemp":{"iob":0.048,"basaliob":-0.041,"bolussnooze":0,"activity":0.0025,"lastBolusTime":1703754675154,"time":"2023-12-28T11:41:13.858Z"}},{"iob":0.128,"basaliob":0.046,"bolussnooze":0,"activity":0.0024,"lastBolusTime":1703754675154,"time":"2023-12-28T11:46:13.858Z","iobWithZeroTemp":{"iob":0.011,"basaliob":-0.071,"bolussnooze":0,"activity":0.002,"lastBolusTime":1703754675154,"time":"2023-12-28T11:46:13.858Z"}},{"iob":0.117,"basaliob":0.041,"bolussnooze":0,"activity":0.0022,"lastBolusTime":1703754675154,"time":"2023-12-28T11:51:13.858Z","iobWithZeroTemp":{"iob":-0.023,"basaliob":-0.099,"bolussnooze":0,"activity":0.0017,"lastBolusTime":1703754675154,"time":"2023-12-28T11:51:13.858Z"}},{"iob":0.107,"basaliob":0.037,"bolussnooze":0,"activity":0.002,"lastBolusTime":1703754675154,"time":"2023-12-28T11:56:13.858Z","iobWithZeroTemp":{"iob":-0.055,"basaliob":-0.125,"bolussnooze":0,"activity":0.0013,"lastBolusTime":1703754675154,"time":"2023-12-28T11:56:13.858Z"}},{"iob":0.097,"basaliob":0.033,"bolussnooze":0,"activity":0.0019,"lastBolusTime":1703754675154,"time":"2023-12-28T12:01:13.858Z","iobWithZeroTemp":{"iob":-0.086,"basaliob":-0.15,"bolussnooze":0,"activity":0.0011,"lastBolusTime":1703754675154,"time":"2023-12-28T12:01:13.858Z"}},{"iob":0.088,"basaliob":0.029,"bolussnooze":0,"activity":0.0017,"lastBolusTime":1703754675154,"time":"2023-12-28T12:06:13.858Z","iobWithZeroTemp":{"iob":-0.116,"basaliob":-0.175,"bolussnooze":0,"activity":7.0E-4,"lastBolusTime":1703754675154,"time":"2023-12-28T12:06:13.858Z"}},{"iob":0.08,"basaliob":0.026,"bolussnooze":0,"activity":0.0015,"lastBolusTime":1703754675154,"time":"2023-12-28T12:11:13.858Z","iobWithZeroTemp":{"iob":-0.143,"basaliob":-0.197,"bolussnooze":0,"activity":3.0E-4,"lastBolusTime":1703754675154,"time":"2023-12-28T12:11:13.858Z"}},{"iob":0.072,"basaliob":0.023,"bolussnooze":0,"activity":0.0015,"lastBolusTime":1703754675154,"time":"2023-12-28T12:16:13.858Z","iobWithZeroTemp":{"iob":-0.17,"basaliob":-0.219,"bolussnooze":0,"activity":2.0E-4,"lastBolusTime":1703754675154,"time":"2023-12-28T12:16:13.858Z"}},{"iob":0.065,"basaliob":0.02,"bolussnooze":0,"activity":0.0013,"lastBolusTime":1703754675154,"time":"2023-12-28T12:21:13.858Z","iobWithZeroTemp":{"iob":-0.195,"basaliob":-0.24,"bolussnooze":0,"activity":-2.0E-4,"lastBolusTime":1703754675154,"time":"2023-12-28T12:21:13.858Z"}},{"iob":0.059,"basaliob":0.018,"bolussnooze":0,"activity":0.0011,"lastBolusTime":1703754675154,"time":"2023-12-28T12:26:13.858Z","iobWithZeroTemp":{"iob":-0.218,"basaliob":-0.259,"bolussnooze":0,"activity":-6.0E-4,"lastBolusTime":1703754675154,"time":"2023-12-28T12:26:13.858Z"}},{"iob":0.054,"basaliob":0.016,"bolussnooze":0,"activity":0.0011,"lastBolusTime":1703754675154,"time":"2023-12-28T12:31:13.858Z","iobWithZeroTemp":{"iob":-0.24,"basaliob":-0.278,"bolussnooze":0,"activity":-7.0E-4,"lastBolusTime":1703754675154,"time":"2023-12-28T12:31:13.858Z"}},{"iob":0.049,"basaliob":0.014,"bolussnooze":0,"activity":0.001,"lastBolusTime":1703754675154,"time":"2023-12-28T12:36:13.858Z","iobWithZeroTemp":{"iob":-0.26,"basaliob":-0.295,"bolussnooze":0,"activity":-0.001,"lastBolusTime":1703754675154,"time":"2023-12-28T12:36:13.858Z"}},{"iob":0.044,"basaliob":0.012,"bolussnooze":0,"activity":9.0E-4,"lastBolusTime":1703754675154,"time":"2023-12-28T12:41:13.858Z","iobWithZeroTemp":{"iob":-0.28,"basaliob":-0.312,"bolussnooze":0,"activity":-0.0013,"lastBolusTime":1703754675154,"time":"2023-12-28T12:41:13.858Z"}},{"iob":0.04,"basaliob":0.011,"bolussnooze":0,"activity":8.0E-4,"lastBolusTime":1703754675154,"time":"2023-12-28T12:46:13.858Z","iobWithZeroTemp":{"iob":-0.297,"basaliob":-0.326,"bolussnooze":0,"activity":-0.0015,"lastBolusTime":1703754675154,"time":"2023-12-28T12:46:13.858Z"}},{"iob":0.035,"basaliob":0.009,"bolussnooze":0,"activity":8.0E-4,"lastBolusTime":1703754675154,"time":"2023-12-28T12:51:13.858Z","iobWithZeroTemp":{"iob":-0.315,"basaliob":-0.341,"bolussnooze":0,"activity":-0.0017,"lastBolusTime":1703754675154,"time":"2023-12-28T12:51:13.858Z"}},{"iob":0.032,"basaliob":0.008,"bolussnooze":0,"activity":6.0E-4,"lastBolusTime":1703754675154,"time":"2023-12-28T12:56:13.858Z","iobWithZeroTemp":{"iob":-0.331,"basaliob":-0.355,"bolussnooze":0,"activity":-0.002,"lastBolusTime":1703754675154,"time":"2023-12-28T12:56:13.858Z"}},{"iob":0.029,"basaliob":0.007,"bolussnooze":0,"activity":6.0E-4,"lastBolusTime":1703754675154,"time":"2023-12-28T13:01:13.858Z","iobWithZeroTemp":{"iob":-0.345,"basaliob":-0.367,"bolussnooze":0,"activity":-0.0022,"lastBolusTime":1703754675154,"time":"2023-12-28T13:01:13.858Z"}},{"iob":0.026,"basaliob":0.006,"bolussnooze":0,"activity":6.0E-4,"lastBolusTime":1703754675154,"time":"2023-12-28T13:06:13.858Z","iobWithZeroTemp":{"iob":-0.359,"basaliob":-0.379,"bolussnooze":0,"activity":-0.0023,"lastBolusTime":1703754675154,"time":"2023-12-28T13:06:13.858Z"}},{"iob":0.023,"basaliob":0.005,"bolussnooze":0,"activity":5.0E-4,"lastBolusTime":1703754675154,"time":"2023-12-28T13:11:13.858Z","iobWithZeroTemp":{"iob":-0.372,"basaliob":-0.39,"bolussnooze":0,"activity":-0.0025,"lastBolusTime":1703754675154,"time":"2023-12-28T13:11:13.858Z"}},{"iob":0.02,"basaliob":0.004,"bolussnooze":0,"activity":4.0E-4,"lastBolusTime":1703754675154,"time":"2023-12-28T13:16:13.858Z","iobWithZeroTemp":{"iob":-0.385,"basaliob":-0.401,"bolussnooze":0,"activity":-0.0027,"lastBolusTime":1703754675154,"time":"2023-12-28T13:16:13.858Z"}},{"iob":0.019,"basaliob":0.004,"bolussnooze":0,"activity":4.0E-4,"lastBolusTime":1703754675154,"time":"2023-12-28T13:21:13.858Z","iobWithZeroTemp":{"iob":-0.395,"basaliob":-0.41,"bolussnooze":0,"activity":-0.0029,"lastBolusTime":1703754675154,"time":"2023-12-28T13:21:13.858Z"}},{"iob":0.017,"basaliob":0.003,"bolussnooze":0,"activity":4.0E-4,"lastBolusTime":1703754675154,"time":"2023-12-28T13:26:13.858Z","iobWithZeroTemp":{"iob":-0.406,"basaliob":-0.42,"bolussnooze":0,"activity":-0.003,"lastBolusTime":1703754675154,"time":"2023-12-28T13:26:13.858Z"}},{"iob":0.015,"basaliob":0.003,"bolussnooze":0,"activity":3.0E-4,"lastBolusTime":1703754675154,"time":"2023-12-28T13:31:13.858Z","iobWithZeroTemp":{"iob":-0.415,"basaliob":-0.427,"bolussnooze":0,"activity":-0.0032,"lastBolusTime":1703754675154,"time":"2023-12-28T13:31:13.858Z"}},{"iob":0.013,"basaliob":0.002,"bolussnooze":0,"activity":3.0E-4,"lastBolusTime":1703754675154,"time":"2023-12-28T13:36:13.858Z","iobWithZeroTemp":{"iob":-0.425,"basaliob":-0.436,"bolussnooze":0,"activity":-0.0033,"lastBolusTime":1703754675154,"time":"2023-12-28T13:36:13.858Z"}},{"iob":0.012,"basaliob":0.002,"bolussnooze":0,"activity":3.0E-4,"lastBolusTime":1703754675154,"time":"2023-12-28T13:41:13.858Z","iobWithZeroTemp":{"iob":-0.433,"basaliob":-0.443,"bolussnooze":0,"activity":-0.0034,"lastBolusTime":1703754675154,"time":"2023-12-28T13:41:13.858Z"}},{"iob":0.01,"basaliob":0.001,"bolussnooze":0,"activity":3.0E-4,"lastBolusTime":1703754675154,"time":"2023-12-28T13:46:13.858Z","iobWithZeroTemp":{"iob":-0.441,"basaliob":-0.45,"bolussnooze":0,"activity":-0.0035,"lastBolusTime":1703754675154,"time":"2023-12-28T13:46:13.858Z"}},{"iob":0.009,"basaliob":0.001,"bolussnooze":0,"activity":3.0E-4,"lastBolusTime":1703754675154,"time":"2023-12-28T13:51:13.858Z","iobWithZeroTemp":{"iob":-0.448,"basaliob":-0.456,"bolussnooze":0,"activity":-0.0036,"lastBolusTime":1703754675154,"time":"2023-12-28T13:51:13.858Z"}},{"iob":0.008,"basaliob":0.001,"bolussnooze":0,"activity":3.0E-4,"lastBolusTime":1703754675154,"time":"2023-12-28T13:56:13.858Z","iobWithZeroTemp":{"iob":-0.455,"basaliob":-0.462,"bolussnooze":0,"activity":-0.0036,"lastBolusTime":1703754675154,"time":"2023-12-28T13:56:13.858Z"}},{"iob":0.008,"basaliob":0.001,"bolussnooze":0,"activity":1.0E-4,"lastBolusTime":1703754675154,"time":"2023-12-28T14:01:13.858Z","iobWithZeroTemp":{"iob":-0.46,"basaliob":-0.467,"bolussnooze":0,"activity":-0.0039,"lastBolusTime":1703754675154,"time":"2023-12-28T14:01:13.858Z"}},{"iob":0.006,"basaliob":0,"bolussnooze":0,"activity":1.0E-4,"lastBolusTime":1703754675154,"time":"2023-12-28T14:06:13.858Z","iobWithZeroTemp":{"iob":-0.467,"basaliob":-0.473,"bolussnooze":0,"activity":-0.004,"lastBolusTime":1703754675154,"time":"2023-12-28T14:06:13.858Z"}},{"iob":0.005,"basaliob":0,"bolussnooze":0,"activity":1.0E-4,"lastBolusTime":1703754675154,"time":"2023-12-28T14:11:13.858Z","iobWithZeroTemp":{"iob":-0.472,"basaliob":-0.477,"bolussnooze":0,"activity":-0.004,"lastBolusTime":1703754675154,"time":"2023-12-28T14:11:13.858Z"}},{"iob":0.005,"basaliob":0,"bolussnooze":0,"activity":1.0E-4,"lastBolusTime":1703754675154,"time":"2023-12-28T14:16:13.858Z","iobWithZeroTemp":{"iob":-0.476,"basaliob":-0.481,"bolussnooze":0,"activity":-0.0041,"lastBolusTime":1703754675154,"time":"2023-12-28T14:16:13.858Z"}},{"iob":0.004,"basaliob":0,"bolussnooze":0,"activity":1.0E-4,"lastBolusTime":1703754675154,"time":"2023-12-28T14:21:13.858Z","iobWithZeroTemp":{"iob":-0.481,"basaliob":-0.485,"bolussnooze":0,"activity":-0.0042,"lastBolusTime":1703754675154,"time":"2023-12-28T14:21:13.858Z"}},{"iob":0.004,"basaliob":0,"bolussnooze":0,"activity":1.0E-4,"lastBolusTime":1703754675154,"time":"2023-12-28T14:26:13.858Z","iobWithZeroTemp":{"iob":-0.485,"basaliob":-0.489,"bolussnooze":0,"activity":-0.0042,"lastBolusTime":1703754675154,"time":"2023-12-28T14:26:13.858Z"}},{"iob":0.003,"basaliob":0,"bolussnooze":0,"activity":1.0E-4,"lastBolusTime":1703754675154,"time":"2023-12-28T14:31:13.858Z","iobWithZeroTemp":{"iob":-0.489,"basaliob":-0.492,"bolussnooze":0,"activity":-0.0043,"lastBolusTime":1703754675154,"time":"2023-12-28T14:31:13.858Z"}},{"iob":0.003,"basaliob":0,"bolussnooze":0,"activity":1.0E-4,"lastBolusTime":1703754675154,"time":"2023-12-28T14:36:13.858Z","iobWithZeroTemp":{"iob":-0.492,"basaliob":-0.495,"bolussnooze":0,"activity":-0.0043,"lastBolusTime":1703754675154,"time":"2023-12-28T14:36:13.858Z"}},{"iob":0.003,"basaliob":0,"bolussnooze":0,"activity":1.0E-4,"lastBolusTime":1703754675154,"time":"2023-12-28T14:41:13.858Z","iobWithZeroTemp":{"iob":-0.495,"basaliob":-0.498,"bolussnooze":0,"activity":-0.0044,"lastBolusTime":1703754675154,"time":"2023-12-28T14:41:13.858Z"}},{"iob":0.001,"basaliob":-0.001,"bolussnooze":0,"activity":1.0E-4,"lastBolusTime":1703754675154,"time":"2023-12-28T14:46:13.858Z","iobWithZeroTemp":{"iob":-0.499,"basaliob":-0.501,"bolussnooze":0,"activity":-0.0044,"lastBolusTime":1703754675154,"time":"2023-12-28T14:46:13.858Z"}},{"iob":0.001,"basaliob":-0.001,"bolussnooze":0,"activity":1.0E-4,"lastBolusTime":1703754675154,"time":"2023-12-28T14:51:13.858Z","iobWithZeroTemp":{"iob":-0.502,"basaliob":-0.504,"bolussnooze":0,"activity":-0.0044,"lastBolusTime":1703754675154,"time":"2023-12-28T14:51:13.858Z"}},{"iob":0.001,"basaliob":-0.001,"bolussnooze":0,"activity":0,"lastBolusTime":1703754675154,"time":"2023-12-28T14:56:13.858Z","iobWithZeroTemp":{"iob":-0.504,"basaliob":-0.506,"bolussnooze":0,"activity":-0.0046,"lastBolusTime":1703754675154,"time":"2023-12-28T14:56:13.858Z"}},{"iob":0.001,"basaliob":-0.001,"bolussnooze":0,"activity":0,"lastBolusTime":1703754675154,"time":"2023-12-28T15:01:13.858Z","iobWithZeroTemp":{"iob":-0.506,"basaliob":-0.508,"bolussnooze":0,"activity":-0.0046,"lastBolusTime":1703754675154,"time":"2023-12-28T15:01:13.858Z"}},{"iob":0,"basaliob":-0.001,"bolussnooze":0,"activity":0,"lastBolusTime":1703754675154,"time":"2023-12-28T15:06:13.858Z","iobWithZeroTemp":{"iob":-0.509,"basaliob":-0.51,"bolussnooze":0,"activity":-0.0046,"lastBolusTime":1703754675154,"time":"2023-12-28T15:06:13.858Z"}},{"iob":0,"basaliob":-0.001,"bolussnooze":0,"activity":0,"lastBolusTime":1703754675154,"time":"2023-12-28T15:11:13.858Z","iobWithZeroTemp":{"iob":-0.511,"basaliob":-0.512,"bolussnooze":0,"activity":-0.0047,"lastBolusTime":1703754675154,"time":"2023-12-28T15:11:13.858Z"}},{"iob":0,"basaliob":-0.001,"bolussnooze":0,"activity":0,"lastBolusTime":1703754675154,"time":"2023-12-28T15:16:13.858Z","iobWithZeroTemp":{"iob":-0.512,"basaliob":-0.513,"bolussnooze":0,"activity":-0.0047,"lastBolusTime":1703754675154,"time":"2023-12-28T15:16:13.858Z"}}],"profile":{"max_iob":4,"type":"current","max_daily_basal":0.5,"max_basal":1.2,"min_bg":100.8,"max_bg":100.8,"target_bg":100.8,"carb_ratio":30,"sens":126,"max_daily_safety_multiplier":3,"current_basal_safety_multiplier":4,"lgsThreshold":65,"high_temptarget_raises_sensitivity":false,"low_temptarget_lowers_sensitivity":false,"sensitivity_raises_target":true,"resistance_lowers_target":true,"adv_target_adjustments":false,"exercise_mode":false,"half_basal_exercise_target":160,"maxCOB":120,"skip_neutral_temps":false,"remainingCarbsCap":90,"enableUAM":true,"A52_risk_enable":false,"SMBInterval":3,"enableSMB_with_COB":true,"enableSMB_with_temptarget":true,"allowSMB_with_high_temptarget":false,"enableSMB_always":false,"enableSMB_after_carbs":false,"maxSMBBasalMinutes":75,"maxUAMSMBBasalMinutes":75,"bolus_increment":0.05,"carbsReqThreshold":10,"current_basal":0.3,"temptargetSet":false,"autosens_max":1.2,"autosens_min":0.7,"out_units":"mmol\/L","variable_sens":143.5,"insulinDivisor":65,"TDD":12.451397619047617},"autosens_data":{"ratio":1},"meal_data":{"carbs":0,"mealCOB":0,"slopeFromMaxDeviation":0,"slopeFromMinDeviation":1.00175,"lastBolusTime":1703754675154,"lastCarbTime":0},"microBolusAllowed":true,"currentTime":1703762475365,"flatBGsDetected":false,"tdd1D":11.195833333333328,"tdd7D":12.08690476190476,"tddLast24H":12.645833333333336,"tddLast4H":2.420833333333333,"tddLast8to4H":2.175},"output":{"temp":"absolute","bg":113,"tick":"+0","eventualBG":100,"targetBG":100.8,"insulinReq":0,"deliverAt":"2023-12-28T11:21:15.365Z","sensitivityRatio":1,"variable_sens":143.5,"predBGs":{"IOB":[113,113,113,112,112,112,111,111,110,110,109,108,107,106,105,104,104,103,102,102,101,101,100,100,100,99,99,99,98,98,98,98,97],"ZT":[113,110,108,106,104,102,100,99,98,97,96,96,96,96,97,97,98,99,100],"UAM":[113,113,112,112,111,110,109,108,106,105,104,103,101,100,100,99,98,97,97,96,95,95,94,94,94,93,93,93,93,92,92,92,92,92,91]},"reason":"COB: 0, Dev: 0.9, BGI: -0.1, ISF: 8.0, CR: 30, Target: 5.6, minPredBG 5.3, minGuardBG 5.1, IOBpredBG 5.4, UAMpredBG 5.1; Eventual BG 5.6 < 5.6, setting 0.28U\/hr. ","COB":0,"IOB":0.203,"duration":30,"rate":0.27999999999999997,"timestamp":"2023-12-28T11:21:15.404Z"}}