{"algorithm":"OpenAPSSMBDynamicISFPlugin","input":{"glucoseStatus":{"glucose":64,"noise":0,"delta":-3,"short_avgdelta":-4.61,"long_avgdelta":-10.16,"date":1703679300000},"currenttemp":{"temp":"absolute","duration":105,"rate":0,"minutesrunning":15},"iob_data":[{"iob":0.313,"basaliob":0.313,"bolussnooze":0,"activity":0.0049,"lastBolusTime":0,"time":"2023-12-27T12:16:10.494Z","iobWithZeroTemp":{"iob":0.313,"basaliob":0.313,"bolussnooze":0,"activity":0.0049,"lastBolusTime":0,"time":"2023-12-27T12:16:10.494Z"}},{"iob":0.289,"basaliob":0.289,"bolussnooze":0,"activity":0.0046,"lastBolusTime":0,"time":"2023-12-27T12:21:10.494Z","iobWithZeroTemp":{"iob":0.269,"basaliob":0.269,"bolussnooze":0,"activity":0.0046,"lastBolusTime":0,"time":"2023-12-27T12:21:10.494Z"}},{"iob":0.267,"basaliob":0.267,"bolussnooze":0,"activity":0.0043,"lastBolusTime":0,"time":"2023-12-27T12:26:10.494Z","iobWithZeroTemp":{"iob":0.222,"basaliob":0.222,"bolussnooze":0,"activity":0.0042,"lastBolusTime":0,"time":"2023-12-27T12:26:10.494Z"}},{"iob":0.246,"basaliob":0.246,"bolussnooze":0,"activity":0.004,"lastBolusTime":0,"time":"2023-12-27T12:31:10.494Z","iobWithZeroTemp":{"iob":0.177,"basaliob":0.177,"bolussnooze":0,"activity":0.0039,"lastBolusTime":0,"time":"2023-12-27T12:31:10.494Z"}},{"iob":0.227,"basaliob":0.227,"bolussnooze":0,"activity":0.0037,"lastBolusTime":0,"time":"2023-12-27T12:36:10.494Z","iobWithZeroTemp":{"iob":0.134,"basaliob":0.134,"bolussnooze":0,"activity":0.0035,"lastBolusTime":0,"time":"2023-12-27T12:36:10.494Z"}},{"iob":0.209,"basaliob":0.209,"bolussnooze":0,"activity":0.0034,"lastBolusTime":0,"time":"2023-12-27T12:41:10.494Z","iobWithZeroTemp":{"iob":0.092,"basaliob":0.092,"bolussnooze":0,"activity":0.003,"lastBolusTime":0,"time":"2023-12-27T12:41:10.494Z"}},{"iob":0.193,"basaliob":0.193,"bolussnooze":0,"activity":0.0032,"lastBolusTime":0,"time":"2023-12-27T12:46:10.494Z","iobWithZeroTemp":{"iob":0.053,"basaliob":0.053,"bolussnooze":0,"activity":0.0027,"lastBolusTime":0,"time":"2023-12-27T12:46:10.494Z"}},{"iob":0.177,"basaliob":0.177,"bolussnooze":0,"activity":0.0029,"lastBolusTime":0,"time":"2023-12-27T12:51:10.494Z","iobWithZeroTemp":{"iob":0.015,"basaliob":0.015,"bolussnooze":0,"activity":0.0022,"lastBolusTime":0,"time":"2023-12-27T12:51:10.494Z"}},{"iob":0.163,"basaliob":0.163,"bolussnooze":0,"activity":0.0027,"lastBolusTime":0,"time":"2023-12-27T12:56:10.494Z","iobWithZeroTemp":{"iob":-0.02,"basaliob":-0.02,"bolussnooze":0,"activity":0.0019,"lastBolusTime":0,"time":"2023-12-27T12:56:10.494Z"}},{"iob":0.15,"basaliob":0.15,"bolussnooze":0,"activity":0.0025,"lastBolusTime":0,"time":"2023-12-27T13:01:10.494Z","iobWithZeroTemp":{"iob":-0.054,"basaliob":-0.054,"bolussnooze":0,"activity":0.0015,"lastBolusTime":0,"time":"2023-12-27T13:01:10.494Z"}},{"iob":0.138,"basaliob":0.138,"bolussnooze":0,"activity":0.0023,"lastBolusTime":0,"time":"2023-12-27T13:06:10.494Z","iobWithZeroTemp":{"iob":-0.085,"basaliob":-0.085,"bolussnooze":0,"activity":0.0011,"lastBolusTime":0,"time":"2023-12-27T13:06:10.494Z"}},{"iob":0.127,"basaliob":0.127,"bolussnooze":0,"activity":0.0022,"lastBolusTime":0,"time":"2023-12-27T13:11:10.494Z","iobWithZeroTemp":{"iob":-0.115,"basaliob":-0.115,"bolussnooze":0,"activity":9.0E-4,"lastBolusTime":0,"time":"2023-12-27T13:11:10.494Z"}},{"iob":0.116,"basaliob":0.116,"bolussnooze":0,"activity":0.002,"lastBolusTime":0,"time":"2023-12-27T13:16:10.494Z","iobWithZeroTemp":{"iob":-0.144,"basaliob":-0.144,"bolussnooze":0,"activity":5.0E-4,"lastBolusTime":0,"time":"2023-12-27T13:16:10.494Z"}},{"iob":0.107,"basaliob":0.107,"bolussnooze":0,"activity":0.0018,"lastBolusTime":0,"time":"2023-12-27T13:21:10.494Z","iobWithZeroTemp":{"iob":-0.17,"basaliob":-0.17,"bolussnooze":0,"activity":1.0E-4,"lastBolusTime":0,"time":"2023-12-27T13:21:10.494Z"}},{"iob":0.098,"basaliob":0.098,"bolussnooze":0,"activity":0.0017,"lastBolusTime":0,"time":"2023-12-27T13:26:10.494Z","iobWithZeroTemp":{"iob":-0.196,"basaliob":-0.196,"bolussnooze":0,"activity":-1.0E-4,"lastBolusTime":0,"time":"2023-12-27T13:26:10.494Z"}},{"iob":0.09,"basaliob":0.09,"bolussnooze":0,"activity":0.0016,"lastBolusTime":0,"time":"2023-12-27T13:31:10.494Z","iobWithZeroTemp":{"iob":-0.219,"basaliob":-0.219,"bolussnooze":0,"activity":-4.0E-4,"lastBolusTime":0,"time":"2023-12-27T13:31:10.494Z"}},{"iob":0.082,"basaliob":0.082,"bolussnooze":0,"activity":0.0015,"lastBolusTime":0,"time":"2023-12-27T13:36:10.494Z","iobWithZeroTemp":{"iob":-0.242,"basaliob":-0.242,"bolussnooze":0,"activity":-7.0E-4,"lastBolusTime":0,"time":"2023-12-27T13:36:10.494Z"}},{"iob":0.075,"basaliob":0.075,"bolussnooze":0,"activity":0.0013,"lastBolusTime":0,"time":"2023-12-27T13:41:10.494Z","iobWithZeroTemp":{"iob":-0.262,"basaliob":-0.262,"bolussnooze":0,"activity":-0.001,"lastBolusTime":0,"time":"2023-12-27T13:41:10.494Z"}},{"iob":0.069,"basaliob":0.069,"bolussnooze":0,"activity":0.0012,"lastBolusTime":0,"time":"2023-12-27T13:46:10.494Z","iobWithZeroTemp":{"iob":-0.281,"basaliob":-0.281,"bolussnooze":0,"activity":-0.0013,"lastBolusTime":0,"time":"2023-12-27T13:46:10.494Z"}},{"iob":0.063,"basaliob":0.063,"bolussnooze":0,"activity":0.0011,"lastBolusTime":0,"time":"2023-12-27T13:51:10.494Z","iobWithZeroTemp":{"iob":-0.3,"basaliob":-0.3,"bolussnooze":0,"activity":-0.0015,"lastBolusTime":0,"time":"2023-12-27T13:51:10.494Z"}},{"iob":0.057,"basaliob":0.057,"bolussnooze":0,"activity":0.001,"lastBolusTime":0,"time":"2023-12-27T13:56:10.494Z","iobWithZeroTemp":{"iob":-0.317,"basaliob":-0.317,"bolussnooze":0,"activity":-0.0018,"lastBolusTime":0,"time":"2023-12-27T13:56:10.494Z"}},{"iob":0.052,"basaliob":0.052,"bolussnooze":0,"activity":0.001,"lastBolusTime":0,"time":"2023-12-27T14:01:10.494Z","iobWithZeroTemp":{"iob":-0.333,"basaliob":-0.333,"bolussnooze":0,"activity":-0.0019,"lastBolusTime":0,"time":"2023-12-27T14:01:10.494Z"}},{"iob":0.048,"basaliob":0.048,"bolussnooze":0,"activity":9.0E-4,"lastBolusTime":0,"time":"2023-12-27T14:06:10.494Z","iobWithZeroTemp":{"iob":-0.347,"basaliob":-0.347,"bolussnooze":0,"activity":-0.0021,"lastBolusTime":0,"time":"2023-12-27T14:06:10.494Z"}},{"iob":0.043,"basaliob":0.043,"bolussnooze":0,"activity":8.0E-4,"lastBolusTime":0,"time":"2023-12-27T14:11:10.494Z","iobWithZeroTemp":{"iob":-0.362,"basaliob":-0.362,"bolussnooze":0,"activity":-0.0023,"lastBolusTime":0,"time":"2023-12-27T14:11:10.494Z"}},{"iob":0.04,"basaliob":0.04,"bolussnooze":0,"activity":7.0E-4,"lastBolusTime":0,"time":"2023-12-27T14:16:10.494Z","iobWithZeroTemp":{"iob":-0.374,"basaliob":-0.374,"bolussnooze":0,"activity":-0.0026,"lastBolusTime":0,"time":"2023-12-27T14:16:10.494Z"}},{"iob":0.036,"basaliob":0.036,"bolussnooze":0,"activity":7.0E-4,"lastBolusTime":0,"time":"2023-12-27T14:21:10.494Z","iobWithZeroTemp":{"iob":-0.386,"basaliob":-0.386,"bolussnooze":0,"activity":-0.0027,"lastBolusTime":0,"time":"2023-12-27T14:21:10.494Z"}},{"iob":0.033,"basaliob":0.033,"bolussnooze":0,"activity":6.0E-4,"lastBolusTime":0,"time":"2023-12-27T14:26:10.494Z","iobWithZeroTemp":{"iob":-0.397,"basaliob":-0.397,"bolussnooze":0,"activity":-0.0029,"lastBolusTime":0,"time":"2023-12-27T14:26:10.494Z"}},{"iob":0.03,"basaliob":0.03,"bolussnooze":0,"activity":6.0E-4,"lastBolusTime":0,"time":"2023-12-27T14:31:10.494Z","iobWithZeroTemp":{"iob":-0.408,"basaliob":-0.408,"bolussnooze":0,"activity":-0.003,"lastBolusTime":0,"time":"2023-12-27T14:31:10.494Z"}},{"iob":0.027,"basaliob":0.027,"bolussnooze":0,"activity":5.0E-4,"lastBolusTime":0,"time":"2023-12-27T14:36:10.494Z","iobWithZeroTemp":{"iob":-0.418,"basaliob":-0.418,"bolussnooze":0,"activity":-0.0032,"lastBolusTime":0,"time":"2023-12-27T14:36:10.494Z"}},{"iob":0.024,"basaliob":0.024,"bolussnooze":0,"activity":5.0E-4,"lastBolusTime":0,"time":"2023-12-27T14:41:10.494Z","iobWithZeroTemp":{"iob":-0.427,"basaliob":-0.427,"bolussnooze":0,"activity":-0.0033,"lastBolusTime":0,"time":"2023-12-27T14:41:10.494Z"}},{"iob":0.022,"basaliob":0.022,"bolussnooze":0,"activity":4.0E-4,"lastBolusTime":0,"time":"2023-12-27T14:46:10.494Z","iobWithZeroTemp":{"iob":-0.435,"basaliob":-0.435,"bolussnooze":0,"activity":-0.0035,"lastBolusTime":0,"time":"2023-12-27T14:46:10.494Z"}},{"iob":0.02,"basaliob":0.02,"bolussnooze":0,"activity":4.0E-4,"lastBolusTime":0,"time":"2023-12-27T14:51:10.494Z","iobWithZeroTemp":{"iob":-0.443,"basaliob":-0.443,"bolussnooze":0,"activity":-0.0035,"lastBolusTime":0,"time":"2023-12-27T14:51:10.494Z"}},{"iob":0.018,"basaliob":0.018,"bolussnooze":0,"activity":4.0E-4,"lastBolusTime":0,"time":"2023-12-27T14:56:10.494Z","iobWithZeroTemp":{"iob":-0.45,"basaliob":-0.45,"bolussnooze":0,"activity":-0.0036,"lastBolusTime":0,"time":"2023-12-27T14:56:10.494Z"}},{"iob":0.016,"basaliob":0.016,"bolussnooze":0,"activity":3.0E-4,"lastBolusTime":0,"time":"2023-12-27T15:01:10.494Z","iobWithZeroTemp":{"iob":-0.456,"basaliob":-0.456,"bolussnooze":0,"activity":-0.0038,"lastBolusTime":0,"time":"2023-12-27T15:01:10.494Z"}},{"iob":0.015,"basaliob":0.015,"bolussnooze":0,"activity":3.0E-4,"lastBolusTime":0,"time":"2023-12-27T15:06:10.494Z","iobWithZeroTemp":{"iob":-0.462,"basaliob":-0.462,"bolussnooze":0,"activity":-0.0038,"lastBolusTime":0,"time":"2023-12-27T15:06:10.494Z"}},{"iob":0.013,"basaliob":0.013,"bolussnooze":0,"activity":3.0E-4,"lastBolusTime":0,"time":"2023-12-27T15:11:10.494Z","iobWithZeroTemp":{"iob":-0.468,"basaliob":-0.468,"bolussnooze":0,"activity":-0.0039,"lastBolusTime":0,"time":"2023-12-27T15:11:10.494Z"}},{"iob":0.012,"basaliob":0.012,"bolussnooze":0,"activity":3.0E-4,"lastBolusTime":0,"time":"2023-12-27T15:16:10.494Z","iobWithZeroTemp":{"iob":-0.473,"basaliob":-0.473,"bolussnooze":0,"activity":-0.004,"lastBolusTime":0,"time":"2023-12-27T15:16:10.494Z"}},{"iob":0.011,"basaliob":0.011,"bolussnooze":0,"activity":2.0E-4,"lastBolusTime":0,"time":"2023-12-27T15:21:10.494Z","iobWithZeroTemp":{"iob":-0.477,"basaliob":-0.477,"bolussnooze":0,"activity":-0.0041,"lastBolusTime":0,"time":"2023-12-27T15:21:10.494Z"}},{"iob":0.01,"basaliob":0.01,"bolussnooze":0,"activity":2.0E-4,"lastBolusTime":0,"time":"2023-12-27T15:26:10.494Z","iobWithZeroTemp":{"iob":-0.482,"basaliob":-0.482,"bolussnooze":0,"activity":-0.0042,"lastBolusTime":0,"time":"2023-12-27T15:26:10.494Z"}},{"iob":0.009,"basaliob":0.009,"bolussnooze":0,"activity":2.0E-4,"lastBolusTime":0,"time":"2023-12-27T15:31:10.494Z","iobWithZeroTemp":{"iob":-0.486,"basaliob":-0.486,"bolussnooze":0,"activity":-0.0042,"lastBolusTime":0,"time":"2023-12-27T15:31:10.494Z"}},{"iob":0.008,"basaliob":0.008,"bolussnooze":0,"activity":2.0E-4,"lastBolusTime":0,"time":"2023-12-27T15:36:10.494Z","iobWithZeroTemp":{"iob":-0.49,"basaliob":-0.49,"bolussnooze":0,"activity":-0.0043,"lastBolusTime":0,"time":"2023-12-27T15:36:10.494Z"}},{"iob":0.007,"basaliob":0.007,"bolussnooze":0,"activity":2.0E-4,"lastBolusTime":0,"time":"2023-12-27T15:41:10.494Z","iobWithZeroTemp":{"iob":-0.493,"basaliob":-0.493,"bolussnooze":0,"activity":-0.0043,"lastBolusTime":0,"time":"2023-12-27T15:41:10.494Z"}},{"iob":0.006,"basaliob":0.006,"bolussnooze":0,"activity":1.0E-4,"lastBolusTime":0,"time":"2023-12-27T15:46:10.494Z","iobWithZeroTemp":{"iob":-0.497,"basaliob":-0.497,"bolussnooze":0,"activity":-0.0044,"lastBolusTime":0,"time":"2023-12-27T15:46:10.494Z"}},{"iob":0.005,"basaliob":0.005,"bolussnooze":0,"activity":1.0E-4,"lastBolusTime":0,"time":"2023-12-27T15:51:10.494Z","iobWithZeroTemp":{"iob":-0.5,"basaliob":-0.5,"bolussnooze":0,"activity":-0.0045,"lastBolusTime":0,"time":"2023-12-27T15:51:10.494Z"}},{"iob":0.005,"basaliob":0.005,"bolussnooze":0,"activity":1.0E-4,"lastBolusTime":0,"time":"2023-12-27T15:56:10.494Z","iobWithZeroTemp":{"iob":-0.502,"basaliob":-0.502,"bolussnooze":0,"activity":-0.0045,"lastBolusTime":0,"time":"2023-12-27T15:56:10.494Z"}},{"iob":0.004,"basaliob":0.004,"bolussnooze":0,"activity":1.0E-4,"lastBolusTime":0,"time":"2023-12-27T16:01:10.494Z","iobWithZeroTemp":{"iob":-0.505,"basaliob":-0.505,"bolussnooze":0,"activity":-0.0045,"lastBolusTime":0,"time":"2023-12-27T16:01:10.494Z"}},{"iob":0.004,"basaliob":0.004,"bolussnooze":0,"activity":1.0E-4,"lastBolusTime":0,"time":"2023-12-27T16:06:10.494Z","iobWithZeroTemp":{"iob":-0.515,"basaliob":-0.515,"bolussnooze":0,"activity":-0.0046,"lastBolusTime":0,"time":"2023-12-27T16:06:10.494Z"}},{"iob":0.003,"basaliob":0.003,"bolussnooze":0,"activity":1.0E-4,"lastBolusTime":0,"time":"2023-12-27T16:11:10.494Z","iobWithZeroTemp":{"iob":-0.526,"basaliob":-0.526,"bolussnooze":0,"activity":-0.0046,"lastBolusTime":0,"time":"2023-12-27T16:11:10.494Z"}}],"profile":{"max_iob":4,"type":"current","max_daily_basal":0.5,"max_basal":1.2,"min_bg":100.8,"max_bg":100.8,"target_bg":100.8,"carb_ratio":30,"sens":126,"max_daily_safety_multiplier":3,"current_basal_safety_multiplier":4,"lgsThreshold":65,"high_temptarget_raises_sensitivity":false,"low_temptarget_lowers_sensitivity":false,"sensitivity_raises_target":true,"resistance_lowers_target":true,"adv_target_adjustments":false,"exercise_mode":false,"half_basal_exercise_target":160,"maxCOB":120,"skip_neutral_temps":false,"remainingCarbsCap":90,"enableUAM":true,"A52_risk_enable":false,"SMBInterval":3,"enableSMB_with_COB":true,"enableSMB_with_temptarget":true,"allowSMB_with_high_temptarget":false,"enableSMB_always":false,"enableSMB_after_carbs":false,"maxSMBBasalMinutes":75,"maxUAMSMBBasalMinutes":75,"bolus_increment":0.05,"carbsReqThreshold":10,"current_basal":0.3,"temptargetSet":false,"autosens_max":1.2,"autosens_min":0.7,"out_units":"mmol\/L","variable_sens":206.5,"insulinDivisor":65,"TDD":12.716804761904763},"autosens_data":{"ratio":1},"meal_data":{"carbs":0,"mealCOB":0,"slopeFromMaxDeviation":-0.6188181818181817,"slopeFromMinDeviation":2.1917999999999997,"lastBolusTime":1703594420788,"lastCarbTime":0},"microBolusAllowed":true,"currentTime":1703679371088,"flatBGsDetected":false,"tdd1D":15.216666666666669,"tdd7D":11.563690476190475,"tddLast24H":9.654166666666656,"tddLast4H":2.308333333333334,"tddLast8to4H":0.95},"output":{"temp":"absolute","bg":64,"tick":-3,"eventualBG":39,"targetBG":100.8,"insulinReq":0,"deliverAt":"2023-12-27T12:16:11.088Z","sensitivityRatio":1,"variable_sens":206.5,"predBGs":{"IOB":[64,59,55,50,45,40,39,39,39,39,39,39,39],"ZT":[64,59,54,49,44,39,39,39,39,39,39,39,39,39,39,39,39,39,39,39,39,39,39,39,39,42,46,50,53,57,61,65,68,72,75,79,82,86,89,93,96,99],"UAM":[64,59,54,49,44,39,39,39,39,39,39,39,39]},"reason":"COB: 0, Dev: 0.2, BGI: -0.3, ISF: 11.5, CR: 30, Target: 5.6, minPredBG 1.0, minGuardBG -1.4, IOBpredBG 2.2, UAMpredBG 2.2; 14 add'l carbs req w\/in 0m; minGuardBG -1.4<3.9","COB":0,"IOB":0.313,"carbsReq":14,"carbsReqWithin":0,"duration":120,"rate":0,"timestamp":"2023-12-27T12:16:11.104Z"}}