{"algorithm":"OpenAPSSMBDynamicISFPlugin","input":{"glucoseStatus":{"glucose":182,"noise":0,"delta":12.33,"short_avgdelta":9.91,"long_avgdelta":4.73,"date":1703709300000},"currenttemp":{"temp":"absolute","duration":25,"rate":1.25,"minutesrunning":5},"iob_data":[{"iob":0.645,"basaliob":0.645,"bolussnooze":0,"activity":0.0045,"lastBolusTime":1703681471121,"time":"2023-12-27T20:36:12.030Z","iobWithZeroTemp":{"iob":0.645,"basaliob":0.645,"bolussnooze":0,"activity":0.0045,"lastBolusTime":1703681471121,"time":"2023-12-27T20:36:12.030Z"}},{"iob":0.622,"basaliob":0.622,"bolussnooze":0,"activity":0.0047,"lastBolusTime":1703681471121,"time":"2023-12-27T20:41:12.030Z","iobWithZeroTemp":{"iob":0.589,"basaliob":0.589,"bolussnooze":0,"activity":0.0047,"lastBolusTime":1703681471121,"time":"2023-12-27T20:41:12.030Z"}},{"iob":0.598,"basaliob":0.598,"bolussnooze":0,"activity":0.0049,"lastBolusTime":1703681471121,"time":"2023-12-27T20:46:12.030Z","iobWithZeroTemp":{"iob":0.523,"basaliob":0.523,"bolussnooze":0,"activity":0.0048,"lastBolusTime":1703681471121,"time":"2023-12-27T20:46:12.030Z"}},{"iob":0.573,"basaliob":0.573,"bolussnooze":0,"activity":0.005,"lastBolusTime":1703681471121,"time":"2023-12-27T20:51:12.030Z","iobWithZeroTemp":{"iob":0.457,"basaliob":0.457,"bolussnooze":0,"activity":0.0048,"lastBolusTime":1703681471121,"time":"2023-12-27T20:51:12.030Z"}},{"iob":0.548,"basaliob":0.548,"bolussnooze":0,"activity":0.005,"lastBolusTime":1703681471121,"time":"2023-12-27T20:56:12.030Z","iobWithZeroTemp":{"iob":0.392,"basaliob":0.392,"bolussnooze":0,"activity":0.0046,"lastBolusTime":1703681471121,"time":"2023-12-27T20:56:12.030Z"}},{"iob":0.523,"basaliob":0.523,"bolussnooze":0,"activity":0.005,"lastBolusTime":1703681471121,"time":"2023-12-27T21:01:12.030Z","iobWithZeroTemp":{"iob":0.328,"basaliob":0.328,"bolussnooze":0,"activity":0.0044,"lastBolusTime":1703681471121,"time":"2023-12-27T21:01:12.030Z"}},{"iob":0.498,"basaliob":0.498,"bolussnooze":0,"activity":0.005,"lastBolusTime":1703681471121,"time":"2023-12-27T21:06:12.030Z","iobWithZeroTemp":{"iob":0.265,"basaliob":0.265,"bolussnooze":0,"activity":0.0042,"lastBolusTime":1703681471121,"time":"2023-12-27T21:06:12.030Z"}},{"iob":0.473,"basaliob":0.473,"bolussnooze":0,"activity":0.0049,"lastBolusTime":1703681471121,"time":"2023-12-27T21:11:12.030Z","iobWithZeroTemp":{"iob":0.203,"basaliob":0.203,"bolussnooze":0,"activity":0.0038,"lastBolusTime":1703681471121,"time":"2023-12-27T21:11:12.030Z"}},{"iob":0.448,"basaliob":0.448,"bolussnooze":0,"activity":0.0048,"lastBolusTime":1703681471121,"time":"2023-12-27T21:16:12.030Z","iobWithZeroTemp":{"iob":0.143,"basaliob":0.143,"bolussnooze":0,"activity":0.0034,"lastBolusTime":1703681471121,"time":"2023-12-27T21:16:12.030Z"}},{"iob":0.424,"basaliob":0.424,"bolussnooze":0,"activity":0.0047,"lastBolusTime":1703681471121,"time":"2023-12-27T21:21:12.030Z","iobWithZeroTemp":{"iob":0.085,"basaliob":0.085,"bolussnooze":0,"activity":0.0031,"lastBolusTime":1703681471121,"time":"2023-12-27T21:21:12.030Z"}},{"iob":0.401,"basaliob":0.401,"bolussnooze":0,"activity":0.0046,"lastBolusTime":1703681471121,"time":"2023-12-27T21:26:12.030Z","iobWithZeroTemp":{"iob":0.029,"basaliob":0.029,"bolussnooze":0,"activity":0.0027,"lastBolusTime":1703681471121,"time":"2023-12-27T21:26:12.030Z"}},{"iob":0.379,"basaliob":0.379,"bolussnooze":0,"activity":0.0044,"lastBolusTime":1703681471121,"time":"2023-12-27T21:31:12.030Z","iobWithZeroTemp":{"iob":-0.025,"basaliob":-0.025,"bolussnooze":0,"activity":0.0022,"lastBolusTime":1703681471121,"time":"2023-12-27T21:31:12.030Z"}},{"iob":0.357,"basaliob":0.357,"bolussnooze":0,"activity":0.0043,"lastBolusTime":1703681471121,"time":"2023-12-27T21:36:12.030Z","iobWithZeroTemp":{"iob":-0.077,"basaliob":-0.077,"bolussnooze":0,"activity":0.0018,"lastBolusTime":1703681471121,"time":"2023-12-27T21:36:12.030Z"}},{"iob":0.336,"basaliob":0.336,"bolussnooze":0,"activity":0.0041,"lastBolusTime":1703681471121,"time":"2023-12-27T21:41:12.030Z","iobWithZeroTemp":{"iob":-0.126,"basaliob":-0.126,"bolussnooze":0,"activity":0.0013,"lastBolusTime":1703681471121,"time":"2023-12-27T21:41:12.030Z"}},{"iob":0.316,"basaliob":0.316,"bolussnooze":0,"activity":0.0039,"lastBolusTime":1703681471121,"time":"2023-12-27T21:46:12.030Z","iobWithZeroTemp":{"iob":-0.173,"basaliob":-0.173,"bolussnooze":0,"activity":8.0E-4,"lastBolusTime":1703681471121,"time":"2023-12-27T21:46:12.030Z"}},{"iob":0.296,"basaliob":0.296,"bolussnooze":0,"activity":0.0038,"lastBolusTime":0,"time":"2023-12-27T21:51:12.030Z","iobWithZeroTemp":{"iob":-0.219,"basaliob":-0.219,"bolussnooze":0,"activity":5.0E-4,"lastBolusTime":0,"time":"2023-12-27T21:51:12.030Z"}},{"iob":0.278,"basaliob":0.278,"bolussnooze":0,"activity":0.0036,"lastBolusTime":0,"time":"2023-12-27T21:56:12.030Z","iobWithZeroTemp":{"iob":-0.261,"basaliob":-0.261,"bolussnooze":0,"activity":0,"lastBolusTime":0,"time":"2023-12-27T21:56:12.030Z"}},{"iob":0.26,"basaliob":0.26,"bolussnooze":0,"activity":0.0034,"lastBolusTime":0,"time":"2023-12-27T22:01:12.030Z","iobWithZeroTemp":{"iob":-0.302,"basaliob":-0.302,"bolussnooze":0,"activity":-5.0E-4,"lastBolusTime":0,"time":"2023-12-27T22:01:12.030Z"}},{"iob":0.244,"basaliob":0.244,"bolussnooze":0,"activity":0.0033,"lastBolusTime":0,"time":"2023-12-27T22:06:12.030Z","iobWithZeroTemp":{"iob":-0.34,"basaliob":-0.34,"bolussnooze":0,"activity":-8.0E-4,"lastBolusTime":0,"time":"2023-12-27T22:06:12.030Z"}},{"iob":0.228,"basaliob":0.228,"bolussnooze":0,"activity":0.0031,"lastBolusTime":0,"time":"2023-12-27T22:11:12.030Z","iobWithZeroTemp":{"iob":-0.377,"basaliob":-0.377,"bolussnooze":0,"activity":-0.0013,"lastBolusTime":0,"time":"2023-12-27T22:11:12.030Z"}},{"iob":0.213,"basaliob":0.213,"bolussnooze":0,"activity":0.0029,"lastBolusTime":0,"time":"2023-12-27T22:16:12.030Z","iobWithZeroTemp":{"iob":-0.411,"basaliob":-0.411,"bolussnooze":0,"activity":-0.0017,"lastBolusTime":0,"time":"2023-12-27T22:16:12.030Z"}},{"iob":0.198,"basaliob":0.198,"bolussnooze":0,"activity":0.0028,"lastBolusTime":0,"time":"2023-12-27T22:21:12.030Z","iobWithZeroTemp":{"iob":-0.444,"basaliob":-0.444,"bolussnooze":0,"activity":-0.002,"lastBolusTime":0,"time":"2023-12-27T22:21:12.030Z"}},{"iob":0.185,"basaliob":0.185,"bolussnooze":0,"activity":0.0026,"lastBolusTime":0,"time":"2023-12-27T22:26:12.030Z","iobWithZeroTemp":{"iob":-0.474,"basaliob":-0.474,"bolussnooze":0,"activity":-0.0024,"lastBolusTime":0,"time":"2023-12-27T22:26:12.030Z"}},{"iob":0.172,"basaliob":0.172,"bolussnooze":0,"activity":0.0025,"lastBolusTime":0,"time":"2023-12-27T22:31:12.030Z","iobWithZeroTemp":{"iob":-0.503,"basaliob":-0.503,"bolussnooze":0,"activity":-0.0027,"lastBolusTime":0,"time":"2023-12-27T22:31:12.030Z"}},{"iob":0.16,"basaliob":0.16,"bolussnooze":0,"activity":0.0023,"lastBolusTime":0,"time":"2023-12-27T22:36:12.030Z","iobWithZeroTemp":{"iob":-0.53,"basaliob":-0.53,"bolussnooze":0,"activity":-0.0031,"lastBolusTime":0,"time":"2023-12-27T22:36:12.030Z"}},{"iob":0.149,"basaliob":0.149,"bolussnooze":0,"activity":0.0022,"lastBolusTime":0,"time":"2023-12-27T22:41:12.030Z","iobWithZeroTemp":{"iob":-0.555,"basaliob":-0.555,"bolussnooze":0,"activity":-0.0034,"lastBolusTime":0,"time":"2023-12-27T22:41:12.030Z"}},{"iob":0.139,"basaliob":0.139,"bolussnooze":0,"activity":0.002,"lastBolusTime":0,"time":"2023-12-27T22:46:12.030Z","iobWithZeroTemp":{"iob":-0.578,"basaliob":-0.578,"bolussnooze":0,"activity":-0.0038,"lastBolusTime":0,"time":"2023-12-27T22:46:12.030Z"}},{"iob":0.129,"basaliob":0.129,"bolussnooze":0,"activity":0.0019,"lastBolusTime":0,"time":"2023-12-27T22:51:12.030Z","iobWithZeroTemp":{"iob":-0.601,"basaliob":-0.601,"bolussnooze":0,"activity":-0.0041,"lastBolusTime":0,"time":"2023-12-27T22:51:12.030Z"}},{"iob":0.119,"basaliob":0.119,"bolussnooze":0,"activity":0.0018,"lastBolusTime":0,"time":"2023-12-27T22:56:12.030Z","iobWithZeroTemp":{"iob":-0.622,"basaliob":-0.622,"bolussnooze":0,"activity":-0.0043,"lastBolusTime":0,"time":"2023-12-27T22:56:12.030Z"}},{"iob":0.111,"basaliob":0.111,"bolussnooze":0,"activity":0.0017,"lastBolusTime":0,"time":"2023-12-27T23:01:12.030Z","iobWithZeroTemp":{"iob":-0.641,"basaliob":-0.641,"bolussnooze":0,"activity":-0.0046,"lastBolusTime":0,"time":"2023-12-27T23:01:12.030Z"}},{"iob":0.102,"basaliob":0.102,"bolussnooze":0,"activity":0.0016,"lastBolusTime":0,"time":"2023-12-27T23:06:12.030Z","iobWithZeroTemp":{"iob":-0.639,"basaliob":-0.639,"bolussnooze":0,"activity":-0.0048,"lastBolusTime":0,"time":"2023-12-27T23:06:12.030Z"}},{"iob":0.095,"basaliob":0.095,"bolussnooze":0,"activity":0.0015,"lastBolusTime":0,"time":"2023-12-27T23:11:12.030Z","iobWithZeroTemp":{"iob":-0.635,"basaliob":-0.635,"bolussnooze":0,"activity":-0.005,"lastBolusTime":0,"time":"2023-12-27T23:11:12.030Z"}},{"iob":0.088,"basaliob":0.088,"bolussnooze":0,"activity":0.0014,"lastBolusTime":0,"time":"2023-12-27T23:16:12.030Z","iobWithZeroTemp":{"iob":-0.63,"basaliob":-0.63,"bolussnooze":0,"activity":-0.0051,"lastBolusTime":0,"time":"2023-12-27T23:16:12.030Z"}},{"iob":0.081,"basaliob":0.081,"bolussnooze":0,"activity":0.0013,"lastBolusTime":0,"time":"2023-12-27T23:21:12.030Z","iobWithZeroTemp":{"iob":-0.625,"basaliob":-0.625,"bolussnooze":0,"activity":-0.0053,"lastBolusTime":0,"time":"2023-12-27T23:21:12.030Z"}},{"iob":0.075,"basaliob":0.075,"bolussnooze":0,"activity":0.0012,"lastBolusTime":0,"time":"2023-12-27T23:26:12.030Z","iobWithZeroTemp":{"iob":-0.619,"basaliob":-0.619,"bolussnooze":0,"activity":-0.0054,"lastBolusTime":0,"time":"2023-12-27T23:26:12.030Z"}},{"iob":0.069,"basaliob":0.069,"bolussnooze":0,"activity":0.0011,"lastBolusTime":0,"time":"2023-12-27T23:31:12.030Z","iobWithZeroTemp":{"iob":-0.613,"basaliob":-0.613,"bolussnooze":0,"activity":-0.0055,"lastBolusTime":0,"time":"2023-12-27T23:31:12.030Z"}},{"iob":0.064,"basaliob":0.064,"bolussnooze":0,"activity":0.001,"lastBolusTime":0,"time":"2023-12-27T23:36:12.030Z","iobWithZeroTemp":{"iob":-0.606,"basaliob":-0.606,"bolussnooze":0,"activity":-0.0055,"lastBolusTime":0,"time":"2023-12-27T23:36:12.030Z"}},{"iob":0.059,"basaliob":0.059,"bolussnooze":0,"activity":0.001,"lastBolusTime":0,"time":"2023-12-27T23:41:12.030Z","iobWithZeroTemp":{"iob":-0.6,"basaliob":-0.6,"bolussnooze":0,"activity":-0.0055,"lastBolusTime":0,"time":"2023-12-27T23:41:12.030Z"}},{"iob":0.054,"basaliob":0.054,"bolussnooze":0,"activity":9.0E-4,"lastBolusTime":0,"time":"2023-12-27T23:46:12.030Z","iobWithZeroTemp":{"iob":-0.593,"basaliob":-0.593,"bolussnooze":0,"activity":-0.0055,"lastBolusTime":0,"time":"2023-12-27T23:46:12.030Z"}},{"iob":0.05,"basaliob":0.05,"bolussnooze":0,"activity":8.0E-4,"lastBolusTime":0,"time":"2023-12-27T23:51:12.030Z","iobWithZeroTemp":{"iob":-0.586,"basaliob":-0.586,"bolussnooze":0,"activity":-0.0056,"lastBolusTime":0,"time":"2023-12-27T23:51:12.030Z"}},{"iob":0.046,"basaliob":0.046,"bolussnooze":0,"activity":8.0E-4,"lastBolusTime":0,"time":"2023-12-27T23:56:12.030Z","iobWithZeroTemp":{"iob":-0.579,"basaliob":-0.579,"bolussnooze":0,"activity":-0.0055,"lastBolusTime":0,"time":"2023-12-27T23:56:12.030Z"}},{"iob":0.042,"basaliob":0.042,"bolussnooze":0,"activity":7.0E-4,"lastBolusTime":0,"time":"2023-12-28T00:01:12.030Z","iobWithZeroTemp":{"iob":-0.573,"basaliob":-0.573,"bolussnooze":0,"activity":-0.0055,"lastBolusTime":0,"time":"2023-12-28T00:01:12.030Z"}},{"iob":0.039,"basaliob":0.039,"bolussnooze":0,"activity":7.0E-4,"lastBolusTime":0,"time":"2023-12-28T00:06:12.030Z","iobWithZeroTemp":{"iob":-0.566,"basaliob":-0.566,"bolussnooze":0,"activity":-0.0055,"lastBolusTime":0,"time":"2023-12-28T00:06:12.030Z"}},{"iob":0.035,"basaliob":0.035,"bolussnooze":0,"activity":6.0E-4,"lastBolusTime":0,"time":"2023-12-28T00:11:12.030Z","iobWithZeroTemp":{"iob":-0.56,"basaliob":-0.56,"bolussnooze":0,"activity":-0.0055,"lastBolusTime":0,"time":"2023-12-28T00:11:12.030Z"}},{"iob":0.033,"basaliob":0.033,"bolussnooze":0,"activity":6.0E-4,"lastBolusTime":0,"time":"2023-12-28T00:16:12.030Z","iobWithZeroTemp":{"iob":-0.553,"basaliob":-0.553,"bolussnooze":0,"activity":-0.0054,"lastBolusTime":0,"time":"2023-12-28T00:16:12.030Z"}},{"iob":0.03,"basaliob":0.03,"bolussnooze":0,"activity":5.0E-4,"lastBolusTime":0,"time":"2023-12-28T00:21:12.030Z","iobWithZeroTemp":{"iob":-0.547,"basaliob":-0.547,"bolussnooze":0,"activity":-0.0054,"lastBolusTime":0,"time":"2023-12-28T00:21:12.030Z"}},{"iob":0.027,"basaliob":0.027,"bolussnooze":0,"activity":5.0E-4,"lastBolusTime":0,"time":"2023-12-28T00:26:12.030Z","iobWithZeroTemp":{"iob":-0.541,"basaliob":-0.541,"bolussnooze":0,"activity":-0.0053,"lastBolusTime":0,"time":"2023-12-28T00:26:12.030Z"}},{"iob":0.025,"basaliob":0.025,"bolussnooze":0,"activity":4.0E-4,"lastBolusTime":0,"time":"2023-12-28T00:31:12.030Z","iobWithZeroTemp":{"iob":-0.535,"basaliob":-0.535,"bolussnooze":0,"activity":-0.0054,"lastBolusTime":0,"time":"2023-12-28T00:31:12.030Z"}}],"profile":{"max_iob":4,"type":"current","max_daily_basal":0.5,"max_basal":1.5,"min_bg":90,"max_bg":90,"target_bg":90,"carb_ratio":20,"sens":117,"max_daily_safety_multiplier":3,"current_basal_safety_multiplier":4,"lgsThreshold":65,"high_temptarget_raises_sensitivity":false,"low_temptarget_lowers_sensitivity":false,"sensitivity_raises_target":true,"resistance_lowers_target":true,"adv_target_adjustments":false,"exercise_mode":false,"half_basal_exercise_target":160,"maxCOB":120,"skip_neutral_temps":false,"remainingCarbsCap":90,"enableUAM":true,"A52_risk_enable":false,"SMBInterval":3,"enableSMB_with_COB":true,"enableSMB_with_temptarget":true,"allowSMB_with_high_temptarget":false,"enableSMB_always":false,"enableSMB_after_carbs":false,"maxSMBBasalMinutes":75,"maxUAMSMBBasalMinutes":75,"bolus_increment":0.05,"carbsReqThreshold":10,"current_basal":0.5,"temptargetSet":false,"autosens_max":1.2,"autosens_min":0.7,"out_units":"mmol\/L","variable_sens":102,"insulinDivisor":65,"TDD":13.222529761904763},"autosens_data":{"ratio":1},"meal_data":{"carbs":0,"mealCOB":0,"slopeFromMaxDeviation":-0.30912499999999987,"slopeFromMinDeviation":2.3979999999999997,"lastBolusTime":1703681471121,"lastCarbTime":0},"microBolusAllowed":true,"currentTime":1703709373674,"flatBGsDetected":false,"tdd1D":15.216666666666669,"tdd7D":11.563690476190475,"tddLast24H":10.574999999999996,"tddLast4H":2.3375000000000004,"tddLast8to4H":1.7333333333333334},"output":{"temp":"absolute","bg":182,"tick":"+12","eventualBG":211,"targetBG":90,"insulinReq":1.08,"deliverAt":"2023-12-27T20:36:13.674Z","sensitivityRatio":1,"variable_sens":102,"predBGs":{"IOB":[182,191,199,206,211,216,220,223,224,225,225,224,222,220,218,216,215,213,211,210,208,207,206,204,203,202,201,200,199,198,197,197,196,195,195,194,194,193,193,192,192,191,191,191,190,190,190,189],"ZT":[182,180,177,175,172,170,168,165,163,161,160,158,157,156,155,155,155,155,155,155],"UAM":[182,191,199,207,213,219,224,229,232,235,237,239,239,239,238,237,235,234,232,231,229,228,227,225,224,223,222,221,220,220,219,218,217,217,216,216,215,215,214,214,213,213,213,212,212,212,211]},"reason":"COB: 0, Dev: 4.1, BGI: -0.1, ISF: 5.7, CR: 20, Target: 5.0, minPredBG 11.1, minGuardBG 10.6, IOBpredBG 10.5, UAMpredBG 11.7; Eventual BG 11.7 >= 5.0, adj. req. rate: 2.66 to maxSafeBasal: 1.5, temp 1.25 < 1.5U\/hr.  25m left and 1.25 ~ req 1.5U\/hr: no temp required","COB":0,"IOB":0.645,"timestamp":"2023-12-27T20:36:13.711Z"}}