{"algorithm":"OpenAPSSMBDynamicISFPlugin","input":{"glucoseStatus":{"glucose":182,"noise":0,"delta":12.33,"short_avgdelta":9.91,"long_avgdelta":4.73,"date":1703709300000},"currenttemp":{"temp":"absolute","duration":24,"rate":1.25,"minutesrunning":6},"iob_data":[{"iob":0.655,"basaliob":0.655,"bolussnooze":0,"activity":0.0045,"lastBolusTime":1703681471121,"time":"2023-12-27T20:36:49.931Z","iobWithZeroTemp":{"iob":0.655,"basaliob":0.655,"bolussnooze":0,"activity":0.0045,"lastBolusTime":1703681471121,"time":"2023-12-27T20:36:49.931Z"}},{"iob":0.631,"basaliob":0.631,"bolussnooze":0,"activity":0.0048,"lastBolusTime":1703681471121,"time":"2023-12-27T20:41:49.931Z","iobWithZeroTemp":{"iob":0.598,"basaliob":0.598,"bolussnooze":0,"activity":0.0048,"lastBolusTime":1703681471121,"time":"2023-12-27T20:41:49.931Z"}},{"iob":0.607,"basaliob":0.607,"bolussnooze":0,"activity":0.0049,"lastBolusTime":1703681471121,"time":"2023-12-27T20:46:49.931Z","iobWithZeroTemp":{"iob":0.532,"basaliob":0.532,"bolussnooze":0,"activity":0.0048,"lastBolusTime":1703681471121,"time":"2023-12-27T20:46:49.931Z"}},{"iob":0.582,"basaliob":0.582,"bolussnooze":0,"activity":0.0051,"lastBolusTime":1703681471121,"time":"2023-12-27T20:51:49.931Z","iobWithZeroTemp":{"iob":0.466,"basaliob":0.466,"bolussnooze":0,"activity":0.0049,"lastBolusTime":1703681471121,"time":"2023-12-27T20:51:49.931Z"}},{"iob":0.557,"basaliob":0.557,"bolussnooze":0,"activity":0.0051,"lastBolusTime":1703681471121,"time":"2023-12-27T20:56:49.931Z","iobWithZeroTemp":{"iob":0.401,"basaliob":0.401,"bolussnooze":0,"activity":0.0047,"lastBolusTime":1703681471121,"time":"2023-12-27T20:56:49.931Z"}},{"iob":0.531,"basaliob":0.531,"bolussnooze":0,"activity":0.0051,"lastBolusTime":1703681471121,"time":"2023-12-27T21:01:49.931Z","iobWithZeroTemp":{"iob":0.336,"basaliob":0.336,"bolussnooze":0,"activity":0.0045,"lastBolusTime":1703681471121,"time":"2023-12-27T21:01:49.931Z"}},{"iob":0.506,"basaliob":0.506,"bolussnooze":0,"activity":0.0051,"lastBolusTime":1703681471121,"time":"2023-12-27T21:06:49.931Z","iobWithZeroTemp":{"iob":0.273,"basaliob":0.273,"bolussnooze":0,"activity":0.0043,"lastBolusTime":1703681471121,"time":"2023-12-27T21:06:49.931Z"}},{"iob":0.48,"basaliob":0.48,"bolussnooze":0,"activity":0.005,"lastBolusTime":1703681471121,"time":"2023-12-27T21:11:49.931Z","iobWithZeroTemp":{"iob":0.21,"basaliob":0.21,"bolussnooze":0,"activity":0.0039,"lastBolusTime":1703681471121,"time":"2023-12-27T21:11:49.931Z"}},{"iob":0.456,"basaliob":0.456,"bolussnooze":0,"activity":0.0049,"lastBolusTime":1703681471121,"time":"2023-12-27T21:16:49.931Z","iobWithZeroTemp":{"iob":0.151,"basaliob":0.151,"bolussnooze":0,"activity":0.0035,"lastBolusTime":1703681471121,"time":"2023-12-27T21:16:49.931Z"}},{"iob":0.431,"basaliob":0.431,"bolussnooze":0,"activity":0.0048,"lastBolusTime":1703681471121,"time":"2023-12-27T21:21:49.931Z","iobWithZeroTemp":{"iob":0.092,"basaliob":0.092,"bolussnooze":0,"activity":0.0032,"lastBolusTime":1703681471121,"time":"2023-12-27T21:21:49.931Z"}},{"iob":0.408,"basaliob":0.408,"bolussnooze":0,"activity":0.0047,"lastBolusTime":1703681471121,"time":"2023-12-27T21:26:49.931Z","iobWithZeroTemp":{"iob":0.036,"basaliob":0.036,"bolussnooze":0,"activity":0.0028,"lastBolusTime":1703681471121,"time":"2023-12-27T21:26:49.931Z"}},{"iob":0.385,"basaliob":0.385,"bolussnooze":0,"activity":0.0045,"lastBolusTime":1703681471121,"time":"2023-12-27T21:31:49.931Z","iobWithZeroTemp":{"iob":-0.019,"basaliob":-0.019,"bolussnooze":0,"activity":0.0023,"lastBolusTime":1703681471121,"time":"2023-12-27T21:31:49.931Z"}},{"iob":0.363,"basaliob":0.363,"bolussnooze":0,"activity":0.0043,"lastBolusTime":1703681471121,"time":"2023-12-27T21:36:49.931Z","iobWithZeroTemp":{"iob":-0.071,"basaliob":-0.071,"bolussnooze":0,"activity":0.0018,"lastBolusTime":1703681471121,"time":"2023-12-27T21:36:49.931Z"}},{"iob":0.341,"basaliob":0.341,"bolussnooze":0,"activity":0.0042,"lastBolusTime":1703681471121,"time":"2023-12-27T21:41:49.931Z","iobWithZeroTemp":{"iob":-0.121,"basaliob":-0.121,"bolussnooze":0,"activity":0.0014,"lastBolusTime":1703681471121,"time":"2023-12-27T21:41:49.931Z"}},{"iob":0.321,"basaliob":0.321,"bolussnooze":0,"activity":0.004,"lastBolusTime":1703681471121,"time":"2023-12-27T21:46:49.931Z","iobWithZeroTemp":{"iob":-0.168,"basaliob":-0.168,"bolussnooze":0,"activity":9.0E-4,"lastBolusTime":1703681471121,"time":"2023-12-27T21:46:49.931Z"}},{"iob":0.301,"basaliob":0.301,"bolussnooze":0,"activity":0.0038,"lastBolusTime":0,"time":"2023-12-27T21:51:49.931Z","iobWithZeroTemp":{"iob":-0.214,"basaliob":-0.214,"bolussnooze":0,"activity":5.0E-4,"lastBolusTime":0,"time":"2023-12-27T21:51:49.931Z"}},{"iob":0.283,"basaliob":0.283,"bolussnooze":0,"activity":0.0037,"lastBolusTime":0,"time":"2023-12-27T21:56:49.931Z","iobWithZeroTemp":{"iob":-0.256,"basaliob":-0.256,"bolussnooze":0,"activity":1.0E-4,"lastBolusTime":0,"time":"2023-12-27T21:56:49.931Z"}},{"iob":0.265,"basaliob":0.265,"bolussnooze":0,"activity":0.0035,"lastBolusTime":0,"time":"2023-12-27T22:01:49.931Z","iobWithZeroTemp":{"iob":-0.297,"basaliob":-0.297,"bolussnooze":0,"activity":-4.0E-4,"lastBolusTime":0,"time":"2023-12-27T22:01:49.931Z"}},{"iob":0.248,"basaliob":0.248,"bolussnooze":0,"activity":0.0033,"lastBolusTime":0,"time":"2023-12-27T22:06:49.931Z","iobWithZeroTemp":{"iob":-0.336,"basaliob":-0.336,"bolussnooze":0,"activity":-8.0E-4,"lastBolusTime":0,"time":"2023-12-27T22:06:49.931Z"}},{"iob":0.232,"basaliob":0.232,"bolussnooze":0,"activity":0.0031,"lastBolusTime":0,"time":"2023-12-27T22:11:49.931Z","iobWithZeroTemp":{"iob":-0.373,"basaliob":-0.373,"bolussnooze":0,"activity":-0.0013,"lastBolusTime":0,"time":"2023-12-27T22:11:49.931Z"}},{"iob":0.216,"basaliob":0.216,"bolussnooze":0,"activity":0.003,"lastBolusTime":0,"time":"2023-12-27T22:16:49.931Z","iobWithZeroTemp":{"iob":-0.408,"basaliob":-0.408,"bolussnooze":0,"activity":-0.0016,"lastBolusTime":0,"time":"2023-12-27T22:16:49.931Z"}},{"iob":0.202,"basaliob":0.202,"bolussnooze":0,"activity":0.0028,"lastBolusTime":0,"time":"2023-12-27T22:21:49.931Z","iobWithZeroTemp":{"iob":-0.44,"basaliob":-0.44,"bolussnooze":0,"activity":-0.002,"lastBolusTime":0,"time":"2023-12-27T22:21:49.931Z"}},{"iob":0.188,"basaliob":0.188,"bolussnooze":0,"activity":0.0027,"lastBolusTime":0,"time":"2023-12-27T22:26:49.931Z","iobWithZeroTemp":{"iob":-0.471,"basaliob":-0.471,"bolussnooze":0,"activity":-0.0023,"lastBolusTime":0,"time":"2023-12-27T22:26:49.931Z"}},{"iob":0.175,"basaliob":0.175,"bolussnooze":0,"activity":0.0025,"lastBolusTime":0,"time":"2023-12-27T22:31:49.931Z","iobWithZeroTemp":{"iob":-0.5,"basaliob":-0.5,"bolussnooze":0,"activity":-0.0027,"lastBolusTime":0,"time":"2023-12-27T22:31:49.931Z"}},{"iob":0.163,"basaliob":0.163,"bolussnooze":0,"activity":0.0024,"lastBolusTime":0,"time":"2023-12-27T22:36:49.931Z","iobWithZeroTemp":{"iob":-0.527,"basaliob":-0.527,"bolussnooze":0,"activity":-0.003,"lastBolusTime":0,"time":"2023-12-27T22:36:49.931Z"}},{"iob":0.152,"basaliob":0.152,"bolussnooze":0,"activity":0.0022,"lastBolusTime":0,"time":"2023-12-27T22:41:49.931Z","iobWithZeroTemp":{"iob":-0.552,"basaliob":-0.552,"bolussnooze":0,"activity":-0.0034,"lastBolusTime":0,"time":"2023-12-27T22:41:49.931Z"}},{"iob":0.141,"basaliob":0.141,"bolussnooze":0,"activity":0.0021,"lastBolusTime":0,"time":"2023-12-27T22:46:49.931Z","iobWithZeroTemp":{"iob":-0.576,"basaliob":-0.576,"bolussnooze":0,"activity":-0.0037,"lastBolusTime":0,"time":"2023-12-27T22:46:49.931Z"}},{"iob":0.131,"basaliob":0.131,"bolussnooze":0,"activity":0.002,"lastBolusTime":0,"time":"2023-12-27T22:51:49.931Z","iobWithZeroTemp":{"iob":-0.599,"basaliob":-0.599,"bolussnooze":0,"activity":-0.004,"lastBolusTime":0,"time":"2023-12-27T22:51:49.931Z"}},{"iob":0.121,"basaliob":0.121,"bolussnooze":0,"activity":0.0018,"lastBolusTime":0,"time":"2023-12-27T22:56:49.931Z","iobWithZeroTemp":{"iob":-0.62,"basaliob":-0.62,"bolussnooze":0,"activity":-0.0043,"lastBolusTime":0,"time":"2023-12-27T22:56:49.931Z"}},{"iob":0.113,"basaliob":0.113,"bolussnooze":0,"activity":0.0017,"lastBolusTime":0,"time":"2023-12-27T23:01:49.931Z","iobWithZeroTemp":{"iob":-0.639,"basaliob":-0.639,"bolussnooze":0,"activity":-0.0046,"lastBolusTime":0,"time":"2023-12-27T23:01:49.931Z"}},{"iob":0.104,"basaliob":0.104,"bolussnooze":0,"activity":0.0016,"lastBolusTime":0,"time":"2023-12-27T23:06:49.931Z","iobWithZeroTemp":{"iob":-0.637,"basaliob":-0.637,"bolussnooze":0,"activity":-0.0048,"lastBolusTime":0,"time":"2023-12-27T23:06:49.931Z"}},{"iob":0.097,"basaliob":0.097,"bolussnooze":0,"activity":0.0015,"lastBolusTime":0,"time":"2023-12-27T23:11:49.931Z","iobWithZeroTemp":{"iob":-0.633,"basaliob":-0.633,"bolussnooze":0,"activity":-0.005,"lastBolusTime":0,"time":"2023-12-27T23:11:49.931Z"}},{"iob":0.089,"basaliob":0.089,"bolussnooze":0,"activity":0.0014,"lastBolusTime":0,"time":"2023-12-27T23:16:49.931Z","iobWithZeroTemp":{"iob":-0.629,"basaliob":-0.629,"bolussnooze":0,"activity":-0.0051,"lastBolusTime":0,"time":"2023-12-27T23:16:49.931Z"}},{"iob":0.083,"basaliob":0.083,"bolussnooze":0,"activity":0.0013,"lastBolusTime":0,"time":"2023-12-27T23:21:49.931Z","iobWithZeroTemp":{"iob":-0.623,"basaliob":-0.623,"bolussnooze":0,"activity":-0.0053,"lastBolusTime":0,"time":"2023-12-27T23:21:49.931Z"}},{"iob":0.076,"basaliob":0.076,"bolussnooze":0,"activity":0.0012,"lastBolusTime":0,"time":"2023-12-27T23:26:49.931Z","iobWithZeroTemp":{"iob":-0.618,"basaliob":-0.618,"bolussnooze":0,"activity":-0.0054,"lastBolusTime":0,"time":"2023-12-27T23:26:49.931Z"}},{"iob":0.07,"basaliob":0.07,"bolussnooze":0,"activity":0.0011,"lastBolusTime":0,"time":"2023-12-27T23:31:49.931Z","iobWithZeroTemp":{"iob":-0.612,"basaliob":-0.612,"bolussnooze":0,"activity":-0.0055,"lastBolusTime":0,"time":"2023-12-27T23:31:49.931Z"}},{"iob":0.065,"basaliob":0.065,"bolussnooze":0,"activity":0.0011,"lastBolusTime":0,"time":"2023-12-27T23:36:49.931Z","iobWithZeroTemp":{"iob":-0.605,"basaliob":-0.605,"bolussnooze":0,"activity":-0.0054,"lastBolusTime":0,"time":"2023-12-27T23:36:49.931Z"}},{"iob":0.06,"basaliob":0.06,"bolussnooze":0,"activity":0.001,"lastBolusTime":0,"time":"2023-12-27T23:41:49.931Z","iobWithZeroTemp":{"iob":-0.599,"basaliob":-0.599,"bolussnooze":0,"activity":-0.0055,"lastBolusTime":0,"time":"2023-12-27T23:41:49.931Z"}},{"iob":0.055,"basaliob":0.055,"bolussnooze":0,"activity":9.0E-4,"lastBolusTime":0,"time":"2023-12-27T23:46:49.931Z","iobWithZeroTemp":{"iob":-0.592,"basaliob":-0.592,"bolussnooze":0,"activity":-0.0055,"lastBolusTime":0,"time":"2023-12-27T23:46:49.931Z"}},{"iob":0.051,"basaliob":0.051,"bolussnooze":0,"activity":8.0E-4,"lastBolusTime":0,"time":"2023-12-27T23:51:49.931Z","iobWithZeroTemp":{"iob":-0.585,"basaliob":-0.585,"bolussnooze":0,"activity":-0.0056,"lastBolusTime":0,"time":"2023-12-27T23:51:49.931Z"}},{"iob":0.047,"basaliob":0.047,"bolussnooze":0,"activity":8.0E-4,"lastBolusTime":0,"time":"2023-12-27T23:56:49.931Z","iobWithZeroTemp":{"iob":-0.578,"basaliob":-0.578,"bolussnooze":0,"activity":-0.0055,"lastBolusTime":0,"time":"2023-12-27T23:56:49.931Z"}},{"iob":0.043,"basaliob":0.043,"bolussnooze":0,"activity":7.0E-4,"lastBolusTime":0,"time":"2023-12-28T00:01:49.931Z","iobWithZeroTemp":{"iob":-0.572,"basaliob":-0.572,"bolussnooze":0,"activity":-0.0055,"lastBolusTime":0,"time":"2023-12-28T00:01:49.931Z"}},{"iob":0.039,"basaliob":0.039,"bolussnooze":0,"activity":7.0E-4,"lastBolusTime":0,"time":"2023-12-28T00:06:49.931Z","iobWithZeroTemp":{"iob":-0.566,"basaliob":-0.566,"bolussnooze":0,"activity":-0.0055,"lastBolusTime":0,"time":"2023-12-28T00:06:49.931Z"}},{"iob":0.036,"basaliob":0.036,"bolussnooze":0,"activity":6.0E-4,"lastBolusTime":0,"time":"2023-12-28T00:11:49.931Z","iobWithZeroTemp":{"iob":-0.559,"basaliob":-0.559,"bolussnooze":0,"activity":-0.0055,"lastBolusTime":0,"time":"2023-12-28T00:11:49.931Z"}},{"iob":0.033,"basaliob":0.033,"bolussnooze":0,"activity":6.0E-4,"lastBolusTime":0,"time":"2023-12-28T00:16:49.931Z","iobWithZeroTemp":{"iob":-0.553,"basaliob":-0.553,"bolussnooze":0,"activity":-0.0054,"lastBolusTime":0,"time":"2023-12-28T00:16:49.931Z"}},{"iob":0.03,"basaliob":0.03,"bolussnooze":0,"activity":5.0E-4,"lastBolusTime":0,"time":"2023-12-28T00:21:49.931Z","iobWithZeroTemp":{"iob":-0.547,"basaliob":-0.547,"bolussnooze":0,"activity":-0.0054,"lastBolusTime":0,"time":"2023-12-28T00:21:49.931Z"}},{"iob":0.028,"basaliob":0.028,"bolussnooze":0,"activity":5.0E-4,"lastBolusTime":0,"time":"2023-12-28T00:26:49.931Z","iobWithZeroTemp":{"iob":-0.54,"basaliob":-0.54,"bolussnooze":0,"activity":-0.0053,"lastBolusTime":0,"time":"2023-12-28T00:26:49.931Z"}},{"iob":0.025,"basaliob":0.025,"bolussnooze":0,"activity":5.0E-4,"lastBolusTime":0,"time":"2023-12-28T00:31:49.931Z","iobWithZeroTemp":{"iob":-0.535,"basaliob":-0.535,"bolussnooze":0,"activity":-0.0053,"lastBolusTime":0,"time":"2023-12-28T00:31:49.931Z"}}],"profile":{"max_iob":4,"type":"current","max_daily_basal":0.5,"max_basal":1.5,"min_bg":95.4,"max_bg":95.4,"target_bg":95.4,"carb_ratio":20,"sens":117,"max_daily_safety_multiplier":3,"current_basal_safety_multiplier":4,"lgsThreshold":65,"high_temptarget_raises_sensitivity":false,"low_temptarget_lowers_sensitivity":false,"sensitivity_raises_target":true,"resistance_lowers_target":true,"adv_target_adjustments":false,"exercise_mode":false,"half_basal_exercise_target":160,"maxCOB":120,"skip_neutral_temps":false,"remainingCarbsCap":90,"enableUAM":true,"A52_risk_enable":false,"SMBInterval":3,"enableSMB_with_COB":true,"enableSMB_with_temptarget":true,"allowSMB_with_high_temptarget":false,"enableSMB_always":false,"enableSMB_after_carbs":false,"maxSMBBasalMinutes":75,"maxUAMSMBBasalMinutes":75,"bolus_increment":0.05,"carbsReqThreshold":10,"current_basal":0.5,"temptargetSet":true,"autosens_max":1.2,"autosens_min":0.7,"out_units":"mmol\/L","variable_sens":102.2,"insulinDivisor":65,"TDD":13.192829761904765},"autosens_data":{"ratio":1},"meal_data":{"carbs":0,"mealCOB":0,"slopeFromMaxDeviation":-0.30912499999999987,"slopeFromMinDeviation":2.3979999999999997,"lastBolusTime":1703681471121,"lastCarbTime":0},"microBolusAllowed":true,"currentTime":1703709410961,"flatBGsDetected":false,"tdd1D":15.216666666666669,"tdd7D":11.563690476190475,"tddLast24H":10.574999999999996,"tddLast4H":2.3375000000000004,"tddLast8to4H":1.6833333333333333},"output":{"temp":"absolute","bg":182,"tick":"+12","eventualBG":210,"targetBG":95.4,"insulinReq":1.01,"deliverAt":"2023-12-27T20:36:50.961Z","sensitivityRatio":1,"variable_sens":102.2,"predBGs":{"IOB":[182,191,199,205,211,216,220,222,224,225,225,224,221,220,218,216,214,212,211,209,208,206,205,203,202,201,200,199,198,197,196,196,195,194,194,193,192,192,191,191,190,190,190,189,189,189,189,188],"ZT":[182,180,177,175,172,170,167,165,163,161,159,158,156,155,155,154,154,154,154,154],"UAM":[182,191,199,207,213,219,224,228,232,235,237,238,239,239,238,236,235,233,231,230,228,227,226,225,223,222,221,220,219,219,218,217,216,216,215,215,214,214,213,213,212,212,212,211,211,211,210]},"reason":"COB: 0, Dev: 4.1, BGI: -0.1, ISF: 5.7, CR: 20, Target: 5.3, minPredBG 11.1, minGuardBG 10.6, IOBpredBG 10.4, UAMpredBG 11.7; Eventual BG 11.7 >= 5.3,  insulinReq 1.01. Microbolusing 0.5U. adj. req. rate: 2.52 to maxSafeBasal: 1.5, temp 1.25 < 1.5U\/hr.  24m left and 1.25 ~ req 1.5U\/hr: no temp required","COB":0,"IOB":0.655,"units":0.5,"timestamp":"2023-12-27T20:36:50.982Z"}}