{"algorithm":"OpenAPSSMBDynamicISFPlugin","input":{"glucoseStatus":{"glucose":140,"noise":0,"delta":-1,"short_avgdelta":1.11,"long_avgdelta":6.46,"date":1703790324047},"currenttemp":{"temp":"absolute","duration":10,"rate":1.5,"minutesrunning":20},"iob_data":[{"iob":0.397,"basaliob":0.397,"bolussnooze":0,"activity":0.0015,"lastBolusTime":0,"time":"2023-12-28T19:06:14.441Z","iobWithZeroTemp":{"iob":0.397,"basaliob":0.397,"bolussnooze":0,"activity":0.0015,"lastBolusTime":0,"time":"2023-12-28T19:06:14.441Z"}},{"iob":0.389,"basaliob":0.389,"bolussnooze":0,"activity":0.0019,"lastBolusTime":0,"time":"2023-12-28T19:11:14.441Z","iobWithZeroTemp":{"iob":0.362,"basaliob":0.362,"bolussnooze":0,"activity":0.0019,"lastBolusTime":0,"time":"2023-12-28T19:11:14.441Z"}},{"iob":0.379,"basaliob":0.379,"bolussnooze":0,"activity":0.0022,"lastBolusTime":0,"time":"2023-12-28T19:16:14.441Z","iobWithZeroTemp":{"iob":0.319,"basaliob":0.319,"bolussnooze":0,"activity":0.0021,"lastBolusTime":0,"time":"2023-12-28T19:16:14.441Z"}},{"iob":0.367,"basaliob":0.367,"bolussnooze":0,"activity":0.0024,"lastBolusTime":0,"time":"2023-12-28T19:21:14.441Z","iobWithZeroTemp":{"iob":0.275,"basaliob":0.275,"bolussnooze":0,"activity":0.0022,"lastBolusTime":0,"time":"2023-12-28T19:21:14.441Z"}},{"iob":0.355,"basaliob":0.355,"bolussnooze":0,"activity":0.0026,"lastBolusTime":0,"time":"2023-12-28T19:26:14.441Z","iobWithZeroTemp":{"iob":0.23,"basaliob":0.23,"bolussnooze":0,"activity":0.0023,"lastBolusTime":0,"time":"2023-12-28T19:26:14.441Z"}},{"iob":0.342,"basaliob":0.342,"bolussnooze":0,"activity":0.0027,"lastBolusTime":0,"time":"2023-12-28T19:31:14.441Z","iobWithZeroTemp":{"iob":0.186,"basaliob":0.186,"bolussnooze":0,"activity":0.0022,"lastBolusTime":0,"time":"2023-12-28T19:31:14.441Z"}},{"iob":0.328,"basaliob":0.328,"bolussnooze":0,"activity":0.0028,"lastBolusTime":0,"time":"2023-12-28T19:36:14.441Z","iobWithZeroTemp":{"iob":0.142,"basaliob":0.142,"bolussnooze":0,"activity":0.0021,"lastBolusTime":0,"time":"2023-12-28T19:36:14.441Z"}},{"iob":0.314,"basaliob":0.314,"bolussnooze":0,"activity":0.0028,"lastBolusTime":0,"time":"2023-12-28T19:41:14.441Z","iobWithZeroTemp":{"iob":0.098,"basaliob":0.098,"bolussnooze":0,"activity":0.0019,"lastBolusTime":0,"time":"2023-12-28T19:41:14.441Z"}},{"iob":0.3,"basaliob":0.3,"bolussnooze":0,"activity":0.0028,"lastBolusTime":0,"time":"2023-12-28T19:46:14.441Z","iobWithZeroTemp":{"iob":0.056,"basaliob":0.056,"bolussnooze":0,"activity":0.0017,"lastBolusTime":0,"time":"2023-12-28T19:46:14.441Z"}},{"iob":0.286,"basaliob":0.286,"bolussnooze":0,"activity":0.0028,"lastBolusTime":0,"time":"2023-12-28T19:51:14.441Z","iobWithZeroTemp":{"iob":0.014,"basaliob":0.014,"bolussnooze":0,"activity":0.0015,"lastBolusTime":0,"time":"2023-12-28T19:51:14.441Z"}},{"iob":0.272,"basaliob":0.272,"bolussnooze":0,"activity":0.0028,"lastBolusTime":0,"time":"2023-12-28T19:56:14.441Z","iobWithZeroTemp":{"iob":-0.026,"basaliob":-0.026,"bolussnooze":0,"activity":0.0013,"lastBolusTime":0,"time":"2023-12-28T19:56:14.441Z"}},{"iob":0.258,"basaliob":0.258,"bolussnooze":0,"activity":0.0027,"lastBolusTime":0,"time":"2023-12-28T20:01:14.441Z","iobWithZeroTemp":{"iob":-0.065,"basaliob":-0.065,"bolussnooze":0,"activity":9.0E-4,"lastBolusTime":0,"time":"2023-12-28T20:01:14.441Z"}},{"iob":0.245,"basaliob":0.245,"bolussnooze":0,"activity":0.0027,"lastBolusTime":0,"time":"2023-12-28T20:06:14.441Z","iobWithZeroTemp":{"iob":-0.11,"basaliob":-0.11,"bolussnooze":0,"activity":7.0E-4,"lastBolusTime":0,"time":"2023-12-28T20:06:14.441Z"}},{"iob":0.232,"basaliob":0.232,"bolussnooze":0,"activity":0.0026,"lastBolusTime":0,"time":"2023-12-28T20:11:14.441Z","iobWithZeroTemp":{"iob":-0.154,"basaliob":-0.154,"bolussnooze":0,"activity":4.0E-4,"lastBolusTime":0,"time":"2023-12-28T20:11:14.441Z"}},{"iob":0.219,"basaliob":0.219,"bolussnooze":0,"activity":0.0025,"lastBolusTime":0,"time":"2023-12-28T20:16:14.441Z","iobWithZeroTemp":{"iob":-0.197,"basaliob":-0.197,"bolussnooze":0,"activity":0,"lastBolusTime":0,"time":"2023-12-28T20:16:14.441Z"}},{"iob":0.206,"basaliob":0.206,"bolussnooze":0,"activity":0.0024,"lastBolusTime":0,"time":"2023-12-28T20:21:14.441Z","iobWithZeroTemp":{"iob":-0.238,"basaliob":-0.238,"bolussnooze":0,"activity":-3.0E-4,"lastBolusTime":0,"time":"2023-12-28T20:21:14.441Z"}},{"iob":0.194,"basaliob":0.194,"bolussnooze":0,"activity":0.0024,"lastBolusTime":0,"time":"2023-12-28T20:26:14.441Z","iobWithZeroTemp":{"iob":-0.277,"basaliob":-0.277,"bolussnooze":0,"activity":-6.0E-4,"lastBolusTime":0,"time":"2023-12-28T20:26:14.441Z"}},{"iob":0.183,"basaliob":0.183,"bolussnooze":0,"activity":0.0023,"lastBolusTime":0,"time":"2023-12-28T20:31:14.441Z","iobWithZeroTemp":{"iob":-0.314,"basaliob":-0.314,"bolussnooze":0,"activity":-0.001,"lastBolusTime":0,"time":"2023-12-28T20:31:14.441Z"}},{"iob":0.172,"basaliob":0.172,"bolussnooze":0,"activity":0.0022,"lastBolusTime":0,"time":"2023-12-28T20:36:14.441Z","iobWithZeroTemp":{"iob":-0.35,"basaliob":-0.35,"bolussnooze":0,"activity":-0.0013,"lastBolusTime":0,"time":"2023-12-28T20:36:14.441Z"}},{"iob":0.161,"basaliob":0.161,"bolussnooze":0,"activity":0.0021,"lastBolusTime":0,"time":"2023-12-28T20:41:14.441Z","iobWithZeroTemp":{"iob":-0.385,"basaliob":-0.385,"bolussnooze":0,"activity":-0.0017,"lastBolusTime":0,"time":"2023-12-28T20:41:14.441Z"}},{"iob":0.151,"basaliob":0.151,"bolussnooze":0,"activity":0.002,"lastBolusTime":0,"time":"2023-12-28T20:46:14.441Z","iobWithZeroTemp":{"iob":-0.417,"basaliob":-0.417,"bolussnooze":0,"activity":-0.002,"lastBolusTime":0,"time":"2023-12-28T20:46:14.441Z"}},{"iob":0.141,"basaliob":0.141,"bolussnooze":0,"activity":0.0019,"lastBolusTime":0,"time":"2023-12-28T20:51:14.441Z","iobWithZeroTemp":{"iob":-0.448,"basaliob":-0.448,"bolussnooze":0,"activity":-0.0023,"lastBolusTime":0,"time":"2023-12-28T20:51:14.441Z"}},{"iob":0.132,"basaliob":0.132,"bolussnooze":0,"activity":0.0018,"lastBolusTime":0,"time":"2023-12-28T20:56:14.441Z","iobWithZeroTemp":{"iob":-0.477,"basaliob":-0.477,"bolussnooze":0,"activity":-0.0027,"lastBolusTime":0,"time":"2023-12-28T20:56:14.441Z"}},{"iob":0.124,"basaliob":0.124,"bolussnooze":0,"activity":0.0017,"lastBolusTime":0,"time":"2023-12-28T21:01:14.441Z","iobWithZeroTemp":{"iob":-0.503,"basaliob":-0.503,"bolussnooze":0,"activity":-0.003,"lastBolusTime":0,"time":"2023-12-28T21:01:14.441Z"}},{"iob":0.115,"basaliob":0.115,"bolussnooze":0,"activity":0.0016,"lastBolusTime":0,"time":"2023-12-28T21:06:14.441Z","iobWithZeroTemp":{"iob":-0.53,"basaliob":-0.53,"bolussnooze":0,"activity":-0.0033,"lastBolusTime":0,"time":"2023-12-28T21:06:14.441Z"}},{"iob":0.108,"basaliob":0.108,"bolussnooze":0,"activity":0.0015,"lastBolusTime":0,"time":"2023-12-28T21:11:14.441Z","iobWithZeroTemp":{"iob":-0.554,"basaliob":-0.554,"bolussnooze":0,"activity":-0.0036,"lastBolusTime":0,"time":"2023-12-28T21:11:14.441Z"}},{"iob":0.1,"basaliob":0.1,"bolussnooze":0,"activity":0.0014,"lastBolusTime":0,"time":"2023-12-28T21:16:14.441Z","iobWithZeroTemp":{"iob":-0.577,"basaliob":-0.577,"bolussnooze":0,"activity":-0.0039,"lastBolusTime":0,"time":"2023-12-28T21:16:14.441Z"}},{"iob":0.093,"basaliob":0.093,"bolussnooze":0,"activity":0.0013,"lastBolusTime":0,"time":"2023-12-28T21:21:14.441Z","iobWithZeroTemp":{"iob":-0.599,"basaliob":-0.599,"bolussnooze":0,"activity":-0.0042,"lastBolusTime":0,"time":"2023-12-28T21:21:14.441Z"}},{"iob":0.087,"basaliob":0.087,"bolussnooze":0,"activity":0.0013,"lastBolusTime":0,"time":"2023-12-28T21:26:14.441Z","iobWithZeroTemp":{"iob":-0.619,"basaliob":-0.619,"bolussnooze":0,"activity":-0.0044,"lastBolusTime":0,"time":"2023-12-28T21:26:14.441Z"}},{"iob":0.081,"basaliob":0.081,"bolussnooze":0,"activity":0.0012,"lastBolusTime":0,"time":"2023-12-28T21:31:14.441Z","iobWithZeroTemp":{"iob":-0.637,"basaliob":-0.637,"bolussnooze":0,"activity":-0.0046,"lastBolusTime":0,"time":"2023-12-28T21:31:14.441Z"}},{"iob":0.075,"basaliob":0.075,"bolussnooze":0,"activity":0.0011,"lastBolusTime":0,"time":"2023-12-28T21:36:14.441Z","iobWithZeroTemp":{"iob":-0.656,"basaliob":-0.656,"bolussnooze":0,"activity":-0.0049,"lastBolusTime":0,"time":"2023-12-28T21:36:14.441Z"}},{"iob":0.07,"basaliob":0.07,"bolussnooze":0,"activity":0.001,"lastBolusTime":0,"time":"2023-12-28T21:41:14.441Z","iobWithZeroTemp":{"iob":-0.672,"basaliob":-0.672,"bolussnooze":0,"activity":-0.0052,"lastBolusTime":0,"time":"2023-12-28T21:41:14.441Z"}},{"iob":0.064,"basaliob":0.064,"bolussnooze":0,"activity":0.001,"lastBolusTime":0,"time":"2023-12-28T21:46:14.441Z","iobWithZeroTemp":{"iob":-0.688,"basaliob":-0.688,"bolussnooze":0,"activity":-0.0053,"lastBolusTime":0,"time":"2023-12-28T21:46:14.441Z"}},{"iob":0.06,"basaliob":0.06,"bolussnooze":0,"activity":9.0E-4,"lastBolusTime":0,"time":"2023-12-28T21:51:14.441Z","iobWithZeroTemp":{"iob":-0.702,"basaliob":-0.702,"bolussnooze":0,"activity":-0.0055,"lastBolusTime":0,"time":"2023-12-28T21:51:14.441Z"}},{"iob":0.055,"basaliob":0.055,"bolussnooze":0,"activity":9.0E-4,"lastBolusTime":0,"time":"2023-12-28T21:56:14.441Z","iobWithZeroTemp":{"iob":-0.716,"basaliob":-0.716,"bolussnooze":0,"activity":-0.0057,"lastBolusTime":0,"time":"2023-12-28T21:56:14.441Z"}},{"iob":0.051,"basaliob":0.051,"bolussnooze":0,"activity":8.0E-4,"lastBolusTime":0,"time":"2023-12-28T22:01:14.441Z","iobWithZeroTemp":{"iob":-0.729,"basaliob":-0.729,"bolussnooze":0,"activity":-0.0059,"lastBolusTime":0,"time":"2023-12-28T22:01:14.441Z"}},{"iob":0.047,"basaliob":0.047,"bolussnooze":0,"activity":7.0E-4,"lastBolusTime":0,"time":"2023-12-28T22:06:14.441Z","iobWithZeroTemp":{"iob":-0.741,"basaliob":-0.741,"bolussnooze":0,"activity":-0.0061,"lastBolusTime":0,"time":"2023-12-28T22:06:14.441Z"}},{"iob":0.044,"basaliob":0.044,"bolussnooze":0,"activity":7.0E-4,"lastBolusTime":0,"time":"2023-12-28T22:11:14.441Z","iobWithZeroTemp":{"iob":-0.751,"basaliob":-0.751,"bolussnooze":0,"activity":-0.0062,"lastBolusTime":0,"time":"2023-12-28T22:11:14.441Z"}},{"iob":0.04,"basaliob":0.04,"bolussnooze":0,"activity":6.0E-4,"lastBolusTime":0,"time":"2023-12-28T22:16:14.441Z","iobWithZeroTemp":{"iob":-0.762,"basaliob":-0.762,"bolussnooze":0,"activity":-0.0064,"lastBolusTime":0,"time":"2023-12-28T22:16:14.441Z"}},{"iob":0.037,"basaliob":0.037,"bolussnooze":0,"activity":6.0E-4,"lastBolusTime":0,"time":"2023-12-28T22:21:14.441Z","iobWithZeroTemp":{"iob":-0.771,"basaliob":-0.771,"bolussnooze":0,"activity":-0.0065,"lastBolusTime":0,"time":"2023-12-28T22:21:14.441Z"}},{"iob":0.034,"basaliob":0.034,"bolussnooze":0,"activity":6.0E-4,"lastBolusTime":0,"time":"2023-12-28T22:26:14.441Z","iobWithZeroTemp":{"iob":-0.78,"basaliob":-0.78,"bolussnooze":0,"activity":-0.0066,"lastBolusTime":0,"time":"2023-12-28T22:26:14.441Z"}},{"iob":0.032,"basaliob":0.032,"bolussnooze":0,"activity":5.0E-4,"lastBolusTime":0,"time":"2023-12-28T22:31:14.441Z","iobWithZeroTemp":{"iob":-0.787,"basaliob":-0.787,"bolussnooze":0,"activity":-0.0068,"lastBolusTime":0,"time":"2023-12-28T22:31:14.441Z"}},{"iob":0.029,"basaliob":0.029,"bolussnooze":0,"activity":5.0E-4,"lastBolusTime":0,"time":"2023-12-28T22:36:14.441Z","iobWithZeroTemp":{"iob":-0.796,"basaliob":-0.796,"bolussnooze":0,"activity":-0.0069,"lastBolusTime":0,"time":"2023-12-28T22:36:14.441Z"}},{"iob":0.027,"basaliob":0.027,"bolussnooze":0,"activity":4.0E-4,"lastBolusTime":0,"time":"2023-12-28T22:41:14.441Z","iobWithZeroTemp":{"iob":-0.802,"basaliob":-0.802,"bolussnooze":0,"activity":-0.007,"lastBolusTime":0,"time":"2023-12-28T22:41:14.441Z"}},{"iob":0.025,"basaliob":0.025,"bolussnooze":0,"activity":4.0E-4,"lastBolusTime":0,"time":"2023-12-28T22:46:14.441Z","iobWithZeroTemp":{"iob":-0.808,"basaliob":-0.808,"bolussnooze":0,"activity":-0.0071,"lastBolusTime":0,"time":"2023-12-28T22:46:14.441Z"}},{"iob":0.023,"basaliob":0.023,"bolussnooze":0,"activity":4.0E-4,"lastBolusTime":0,"time":"2023-12-28T22:51:14.441Z","iobWithZeroTemp":{"iob":-0.814,"basaliob":-0.814,"bolussnooze":0,"activity":-0.0072,"lastBolusTime":0,"time":"2023-12-28T22:51:14.441Z"}},{"iob":0.021,"basaliob":0.021,"bolussnooze":0,"activity":4.0E-4,"lastBolusTime":0,"time":"2023-12-28T22:56:14.441Z","iobWithZeroTemp":{"iob":-0.82,"basaliob":-0.82,"bolussnooze":0,"activity":-0.0072,"lastBolusTime":0,"time":"2023-12-28T22:56:14.441Z"}},{"iob":0.019,"basaliob":0.019,"bolussnooze":0,"activity":3.0E-4,"lastBolusTime":0,"time":"2023-12-28T23:01:14.441Z","iobWithZeroTemp":{"iob":-0.826,"basaliob":-0.826,"bolussnooze":0,"activity":-0.0074,"lastBolusTime":0,"time":"2023-12-28T23:01:14.441Z"}}],"profile":{"max_iob":4,"type":"current","max_daily_basal":0.5,"max_basal":1.5,"min_bg":90,"max_bg":90,"target_bg":90,"carb_ratio":20,"sens":117,"max_daily_safety_multiplier":3,"current_basal_safety_multiplier":4,"lgsThreshold":65,"high_temptarget_raises_sensitivity":false,"low_temptarget_lowers_sensitivity":false,"sensitivity_raises_target":true,"resistance_lowers_target":true,"adv_target_adjustments":false,"exercise_mode":false,"half_basal_exercise_target":160,"maxCOB":120,"skip_neutral_temps":false,"remainingCarbsCap":90,"enableUAM":true,"A52_risk_enable":false,"SMBInterval":3,"enableSMB_with_COB":true,"enableSMB_with_temptarget":true,"allowSMB_with_high_temptarget":false,"enableSMB_always":false,"enableSMB_after_carbs":false,"maxSMBBasalMinutes":75,"maxUAMSMBBasalMinutes":75,"bolus_increment":0.05,"carbsReqThreshold":10,"current_basal":0.4,"temptargetSet":false,"autosens_max":1.2,"autosens_min":0.7,"out_units":"mmol\/L","variable_sens":128.1,"insulinDivisor":65,"TDD":12.237722619047618},"autosens_data":{"ratio":1},"meal_data":{"carbs":0,"mealCOB":0,"slopeFromMaxDeviation":-3.6579999999999995,"slopeFromMinDeviation":0.6326363636363637,"lastBolusTime":1703754675154,"lastCarbTime":0},"microBolusAllowed":true,"currentTime":1703790375851,"flatBGsDetected":false,"tdd1D":11.195833333333328,"tdd7D":12.08690476190476,"tddLast24H":13.808333333333334,"tddLast4H":2.3791666666666673,"tddLast8to4H":1.9125000000000003},"output":{"temp":"absolute","bg":140,"tick":-1,"eventualBG":89,"targetBG":90,"insulinReq":0,"deliverAt":"2023-12-28T19:06:15.851Z","sensitivityRatio":1,"variable_sens":128.1,"predBGs":{"IOB":[140,139,138,136,135,133,131,130,128,126,124,122,120,118,116,114,113,111,109,108,106,105,103,102,100,99,98,97,96,95,94,93,92,91,90,90,89,88,88,87,87,86,86,85,85,85,84],"ZT":[140,139,138,136,135,134,132,131,129,128,127,126,126,125,125,125,125,126,126]},"reason":"COB: 0, Dev: 0.0, BGI: -0.1, ISF: 7.1, CR: 20, Target: 5.0, minPredBG 5.8, minGuardBG 4.7, IOBpredBG 4.7; Eventual BG 4.9 < 5.0, setting 0.38U\/hr. ","COB":0,"IOB":0.397,"duration":30,"rate":0.38,"timestamp":"2023-12-28T19:06:15.873Z"}}