{"algorithm":"OpenAPSSMBDynamicISFPlugin","input":{"glucoseStatus":{"glucose":154,"noise":0,"delta":-0.67,"short_avgdelta":1.76,"long_avgdelta":6.99,"date":1703693700000},"currenttemp":{"temp":"absolute","duration":15,"rate":1.5,"minutesrunning":15},"iob_data":[{"iob":0.349,"basaliob":0.329,"bolussnooze":0,"activity":8.0E-4,"lastBolusTime":1703681471121,"time":"2023-12-27T16:16:12.625Z","iobWithZeroTemp":{"iob":0.349,"basaliob":0.329,"bolussnooze":0,"activity":8.0E-4,"lastBolusTime":1703681471121,"time":"2023-12-27T16:16:12.625Z"}},{"iob":0.345,"basaliob":0.326,"bolussnooze":0,"activity":0.0012,"lastBolusTime":1703681471121,"time":"2023-12-27T16:21:12.625Z","iobWithZeroTemp":{"iob":0.318,"basaliob":0.299,"bolussnooze":0,"activity":0.0012,"lastBolusTime":1703681471121,"time":"2023-12-27T16:21:12.625Z"}},{"iob":0.337,"basaliob":0.32,"bolussnooze":0,"activity":0.0016,"lastBolusTime":1703681471121,"time":"2023-12-27T16:26:12.625Z","iobWithZeroTemp":{"iob":0.277,"basaliob":0.26,"bolussnooze":0,"activity":0.0015,"lastBolusTime":1703681471121,"time":"2023-12-27T16:26:12.625Z"}},{"iob":0.329,"basaliob":0.313,"bolussnooze":0,"activity":0.0018,"lastBolusTime":1703681471121,"time":"2023-12-27T16:31:12.625Z","iobWithZeroTemp":{"iob":0.237,"basaliob":0.221,"bolussnooze":0,"activity":0.0016,"lastBolusTime":1703681471121,"time":"2023-12-27T16:31:12.625Z"}},{"iob":0.32,"basaliob":0.305,"bolussnooze":0,"activity":0.002,"lastBolusTime":1703681471121,"time":"2023-12-27T16:36:12.625Z","iobWithZeroTemp":{"iob":0.195,"basaliob":0.18,"bolussnooze":0,"activity":0.0017,"lastBolusTime":1703681471121,"time":"2023-12-27T16:36:12.625Z"}},{"iob":0.309,"basaliob":0.296,"bolussnooze":0,"activity":0.0021,"lastBolusTime":1703681471121,"time":"2023-12-27T16:41:12.625Z","iobWithZeroTemp":{"iob":0.153,"basaliob":0.14,"bolussnooze":0,"activity":0.0016,"lastBolusTime":1703681471121,"time":"2023-12-27T16:41:12.625Z"}},{"iob":0.298,"basaliob":0.286,"bolussnooze":0,"activity":0.0023,"lastBolusTime":1703681471121,"time":"2023-12-27T16:46:12.625Z","iobWithZeroTemp":{"iob":0.112,"basaliob":0.1,"bolussnooze":0,"activity":0.0016,"lastBolusTime":1703681471121,"time":"2023-12-27T16:46:12.625Z"}},{"iob":0.286,"basaliob":0.275,"bolussnooze":0,"activity":0.0024,"lastBolusTime":1703681471121,"time":"2023-12-27T16:51:12.625Z","iobWithZeroTemp":{"iob":0.07,"basaliob":0.059,"bolussnooze":0,"activity":0.0015,"lastBolusTime":1703681471121,"time":"2023-12-27T16:51:12.625Z"}},{"iob":0.274,"basaliob":0.264,"bolussnooze":0,"activity":0.0024,"lastBolusTime":1703681471121,"time":"2023-12-27T16:56:12.625Z","iobWithZeroTemp":{"iob":0.03,"basaliob":0.02,"bolussnooze":0,"activity":0.0013,"lastBolusTime":1703681471121,"time":"2023-12-27T16:56:12.625Z"}},{"iob":0.262,"basaliob":0.253,"bolussnooze":0,"activity":0.0025,"lastBolusTime":1703681471121,"time":"2023-12-27T17:01:12.625Z","iobWithZeroTemp":{"iob":-0.01,"basaliob":-0.019,"bolussnooze":0,"activity":0.0012,"lastBolusTime":1703681471121,"time":"2023-12-27T17:01:12.625Z"}},{"iob":0.251,"basaliob":0.242,"bolussnooze":0,"activity":0.0025,"lastBolusTime":1703681471121,"time":"2023-12-27T17:06:12.625Z","iobWithZeroTemp":{"iob":-0.047,"basaliob":-0.056,"bolussnooze":0,"activity":0.001,"lastBolusTime":1703681471121,"time":"2023-12-27T17:06:12.625Z"}},{"iob":0.238,"basaliob":0.23,"bolussnooze":0,"activity":0.0024,"lastBolusTime":1703681471121,"time":"2023-12-27T17:11:12.625Z","iobWithZeroTemp":{"iob":-0.085,"basaliob":-0.093,"bolussnooze":0,"activity":6.0E-4,"lastBolusTime":1703681471121,"time":"2023-12-27T17:11:12.625Z"}},{"iob":0.226,"basaliob":0.219,"bolussnooze":0,"activity":0.0023,"lastBolusTime":1703681471121,"time":"2023-12-27T17:16:12.625Z","iobWithZeroTemp":{"iob":-0.121,"basaliob":-0.128,"bolussnooze":0,"activity":3.0E-4,"lastBolusTime":1703681471121,"time":"2023-12-27T17:16:12.625Z"}},{"iob":0.215,"basaliob":0.208,"bolussnooze":0,"activity":0.0023,"lastBolusTime":1703681471121,"time":"2023-12-27T17:21:12.625Z","iobWithZeroTemp":{"iob":-0.155,"basaliob":-0.162,"bolussnooze":0,"activity":1.0E-4,"lastBolusTime":1703681471121,"time":"2023-12-27T17:21:12.625Z"}},{"iob":0.203,"basaliob":0.197,"bolussnooze":0,"activity":0.0022,"lastBolusTime":1703681471121,"time":"2023-12-27T17:26:12.625Z","iobWithZeroTemp":{"iob":-0.188,"basaliob":-0.194,"bolussnooze":0,"activity":-2.0E-4,"lastBolusTime":1703681471121,"time":"2023-12-27T17:26:12.625Z"}},{"iob":0.192,"basaliob":0.187,"bolussnooze":0,"activity":0.0022,"lastBolusTime":1703681471121,"time":"2023-12-27T17:31:12.625Z","iobWithZeroTemp":{"iob":-0.22,"basaliob":-0.225,"bolussnooze":0,"activity":-5.0E-4,"lastBolusTime":1703681471121,"time":"2023-12-27T17:31:12.625Z"}},{"iob":0.181,"basaliob":0.176,"bolussnooze":0,"activity":0.0021,"lastBolusTime":1703681471121,"time":"2023-12-27T17:36:12.625Z","iobWithZeroTemp":{"iob":-0.25,"basaliob":-0.255,"bolussnooze":0,"activity":-8.0E-4,"lastBolusTime":1703681471121,"time":"2023-12-27T17:36:12.625Z"}},{"iob":0.171,"basaliob":0.166,"bolussnooze":0,"activity":0.0021,"lastBolusTime":1703681471121,"time":"2023-12-27T17:41:12.625Z","iobWithZeroTemp":{"iob":-0.279,"basaliob":-0.284,"bolussnooze":0,"activity":-0.001,"lastBolusTime":1703681471121,"time":"2023-12-27T17:41:12.625Z"}},{"iob":0.161,"basaliob":0.157,"bolussnooze":0,"activity":0.002,"lastBolusTime":1703681471121,"time":"2023-12-27T17:46:12.625Z","iobWithZeroTemp":{"iob":-0.306,"basaliob":-0.31,"bolussnooze":0,"activity":-0.0013,"lastBolusTime":1703681471121,"time":"2023-12-27T17:46:12.625Z"}},{"iob":0.151,"basaliob":0.147,"bolussnooze":0,"activity":0.0019,"lastBolusTime":1703681471121,"time":"2023-12-27T17:51:12.625Z","iobWithZeroTemp":{"iob":-0.333,"basaliob":-0.337,"bolussnooze":0,"activity":-0.0016,"lastBolusTime":1703681471121,"time":"2023-12-27T17:51:12.625Z"}},{"iob":0.142,"basaliob":0.139,"bolussnooze":0,"activity":0.0018,"lastBolusTime":1703681471121,"time":"2023-12-27T17:56:12.625Z","iobWithZeroTemp":{"iob":-0.357,"basaliob":-0.36,"bolussnooze":0,"activity":-0.0019,"lastBolusTime":1703681471121,"time":"2023-12-27T17:56:12.625Z"}},{"iob":0.133,"basaliob":0.13,"bolussnooze":0,"activity":0.0018,"lastBolusTime":1703681471121,"time":"2023-12-27T18:01:12.625Z","iobWithZeroTemp":{"iob":-0.381,"basaliob":-0.384,"bolussnooze":0,"activity":-0.0021,"lastBolusTime":1703681471121,"time":"2023-12-27T18:01:12.625Z"}},{"iob":0.125,"basaliob":0.122,"bolussnooze":0,"activity":0.0017,"lastBolusTime":1703681471121,"time":"2023-12-27T18:06:12.625Z","iobWithZeroTemp":{"iob":-0.402,"basaliob":-0.405,"bolussnooze":0,"activity":-0.0023,"lastBolusTime":1703681471121,"time":"2023-12-27T18:06:12.625Z"}},{"iob":0.117,"basaliob":0.114,"bolussnooze":0,"activity":0.0016,"lastBolusTime":1703681471121,"time":"2023-12-27T18:11:12.625Z","iobWithZeroTemp":{"iob":-0.423,"basaliob":-0.426,"bolussnooze":0,"activity":-0.0026,"lastBolusTime":1703681471121,"time":"2023-12-27T18:11:12.625Z"}},{"iob":0.109,"basaliob":0.107,"bolussnooze":0,"activity":0.0014,"lastBolusTime":1703681471121,"time":"2023-12-27T18:16:12.625Z","iobWithZeroTemp":{"iob":-0.443,"basaliob":-0.445,"bolussnooze":0,"activity":-0.0029,"lastBolusTime":1703681471121,"time":"2023-12-27T18:16:12.625Z"}},{"iob":0.102,"basaliob":0.1,"bolussnooze":0,"activity":0.0014,"lastBolusTime":1703681471121,"time":"2023-12-27T18:21:12.625Z","iobWithZeroTemp":{"iob":-0.461,"basaliob":-0.463,"bolussnooze":0,"activity":-0.0031,"lastBolusTime":1703681471121,"time":"2023-12-27T18:21:12.625Z"}},{"iob":0.095,"basaliob":0.093,"bolussnooze":0,"activity":0.0013,"lastBolusTime":1703681471121,"time":"2023-12-27T18:26:12.625Z","iobWithZeroTemp":{"iob":-0.479,"basaliob":-0.481,"bolussnooze":0,"activity":-0.0033,"lastBolusTime":1703681471121,"time":"2023-12-27T18:26:12.625Z"}},{"iob":0.089,"basaliob":0.087,"bolussnooze":0,"activity":0.0012,"lastBolusTime":1703681471121,"time":"2023-12-27T18:31:12.625Z","iobWithZeroTemp":{"iob":-0.495,"basaliob":-0.497,"bolussnooze":0,"activity":-0.0036,"lastBolusTime":1703681471121,"time":"2023-12-27T18:31:12.625Z"}},{"iob":0.083,"basaliob":0.081,"bolussnooze":0,"activity":0.0011,"lastBolusTime":1703681471121,"time":"2023-12-27T18:36:12.625Z","iobWithZeroTemp":{"iob":-0.51,"basaliob":-0.512,"bolussnooze":0,"activity":-0.0038,"lastBolusTime":1703681471121,"time":"2023-12-27T18:36:12.625Z"}},{"iob":0.077,"basaliob":0.076,"bolussnooze":0,"activity":0.0011,"lastBolusTime":1703681471121,"time":"2023-12-27T18:41:12.625Z","iobWithZeroTemp":{"iob":-0.524,"basaliob":-0.525,"bolussnooze":0,"activity":-0.0039,"lastBolusTime":1703681471121,"time":"2023-12-27T18:41:12.625Z"}},{"iob":0.071,"basaliob":0.07,"bolussnooze":0,"activity":0.001,"lastBolusTime":1703681471121,"time":"2023-12-27T18:46:12.625Z","iobWithZeroTemp":{"iob":-0.538,"basaliob":-0.539,"bolussnooze":0,"activity":-0.0041,"lastBolusTime":1703681471121,"time":"2023-12-27T18:46:12.625Z"}},{"iob":0.066,"basaliob":0.065,"bolussnooze":0,"activity":0.001,"lastBolusTime":1703681471121,"time":"2023-12-27T18:51:12.625Z","iobWithZeroTemp":{"iob":-0.551,"basaliob":-0.552,"bolussnooze":0,"activity":-0.0042,"lastBolusTime":1703681471121,"time":"2023-12-27T18:51:12.625Z"}},{"iob":0.062,"basaliob":0.061,"bolussnooze":0,"activity":9.0E-4,"lastBolusTime":1703681471121,"time":"2023-12-27T18:56:12.625Z","iobWithZeroTemp":{"iob":-0.562,"basaliob":-0.563,"bolussnooze":0,"activity":-0.0044,"lastBolusTime":1703681471121,"time":"2023-12-27T18:56:12.625Z"}},{"iob":0.057,"basaliob":0.056,"bolussnooze":0,"activity":8.0E-4,"lastBolusTime":1703681471121,"time":"2023-12-27T19:01:12.625Z","iobWithZeroTemp":{"iob":-0.573,"basaliob":-0.574,"bolussnooze":0,"activity":-0.0046,"lastBolusTime":1703681471121,"time":"2023-12-27T19:01:12.625Z"}},{"iob":0.053,"basaliob":0.052,"bolussnooze":0,"activity":8.0E-4,"lastBolusTime":1703681471121,"time":"2023-12-27T19:06:12.625Z","iobWithZeroTemp":{"iob":-0.583,"basaliob":-0.584,"bolussnooze":0,"activity":-0.0047,"lastBolusTime":1703681471121,"time":"2023-12-27T19:06:12.625Z"}},{"iob":0.05,"basaliob":0.049,"bolussnooze":0,"activity":7.0E-4,"lastBolusTime":1703681471121,"time":"2023-12-27T19:11:12.625Z","iobWithZeroTemp":{"iob":-0.591,"basaliob":-0.592,"bolussnooze":0,"activity":-0.0049,"lastBolusTime":1703681471121,"time":"2023-12-27T19:11:12.625Z"}},{"iob":0.046,"basaliob":0.045,"bolussnooze":0,"activity":7.0E-4,"lastBolusTime":1703681471121,"time":"2023-12-27T19:16:12.625Z","iobWithZeroTemp":{"iob":-0.601,"basaliob":-0.602,"bolussnooze":0,"activity":-0.005,"lastBolusTime":1703681471121,"time":"2023-12-27T19:16:12.625Z"}},{"iob":0.043,"basaliob":0.042,"bolussnooze":0,"activity":6.0E-4,"lastBolusTime":1703681471121,"time":"2023-12-27T19:21:12.625Z","iobWithZeroTemp":{"iob":-0.608,"basaliob":-0.609,"bolussnooze":0,"activity":-0.0052,"lastBolusTime":1703681471121,"time":"2023-12-27T19:21:12.625Z"}},{"iob":0.039,"basaliob":0.039,"bolussnooze":0,"activity":6.0E-4,"lastBolusTime":1703681471121,"time":"2023-12-27T19:26:12.625Z","iobWithZeroTemp":{"iob":-0.617,"basaliob":-0.617,"bolussnooze":0,"activity":-0.0052,"lastBolusTime":1703681471121,"time":"2023-12-27T19:26:12.625Z"}},{"iob":0.036,"basaliob":0.036,"bolussnooze":0,"activity":6.0E-4,"lastBolusTime":1703681471121,"time":"2023-12-27T19:31:12.625Z","iobWithZeroTemp":{"iob":-0.624,"basaliob":-0.624,"bolussnooze":0,"activity":-0.0053,"lastBolusTime":1703681471121,"time":"2023-12-27T19:31:12.625Z"}},{"iob":0.033,"basaliob":0.033,"bolussnooze":0,"activity":5.0E-4,"lastBolusTime":1703681471121,"time":"2023-12-27T19:36:12.625Z","iobWithZeroTemp":{"iob":-0.631,"basaliob":-0.631,"bolussnooze":0,"activity":-0.0054,"lastBolusTime":1703681471121,"time":"2023-12-27T19:36:12.625Z"}},{"iob":0.03,"basaliob":0.03,"bolussnooze":0,"activity":5.0E-4,"lastBolusTime":1703681471121,"time":"2023-12-27T19:41:12.625Z","iobWithZeroTemp":{"iob":-0.637,"basaliob":-0.637,"bolussnooze":0,"activity":-0.0055,"lastBolusTime":1703681471121,"time":"2023-12-27T19:41:12.625Z"}},{"iob":0.028,"basaliob":0.028,"bolussnooze":0,"activity":5.0E-4,"lastBolusTime":1703681471121,"time":"2023-12-27T19:46:12.625Z","iobWithZeroTemp":{"iob":-0.642,"basaliob":-0.642,"bolussnooze":0,"activity":-0.0056,"lastBolusTime":1703681471121,"time":"2023-12-27T19:46:12.625Z"}},{"iob":0.026,"basaliob":0.026,"bolussnooze":0,"activity":4.0E-4,"lastBolusTime":1703681471121,"time":"2023-12-27T19:51:12.625Z","iobWithZeroTemp":{"iob":-0.647,"basaliob":-0.647,"bolussnooze":0,"activity":-0.0057,"lastBolusTime":1703681471121,"time":"2023-12-27T19:51:12.625Z"}},{"iob":0.024,"basaliob":0.024,"bolussnooze":0,"activity":4.0E-4,"lastBolusTime":1703681471121,"time":"2023-12-27T19:56:12.625Z","iobWithZeroTemp":{"iob":-0.652,"basaliob":-0.652,"bolussnooze":0,"activity":-0.0057,"lastBolusTime":1703681471121,"time":"2023-12-27T19:56:12.625Z"}},{"iob":0.022,"basaliob":0.022,"bolussnooze":0,"activity":4.0E-4,"lastBolusTime":1703681471121,"time":"2023-12-27T20:01:12.625Z","iobWithZeroTemp":{"iob":-0.656,"basaliob":-0.656,"bolussnooze":0,"activity":-0.0058,"lastBolusTime":1703681471121,"time":"2023-12-27T20:01:12.625Z"}},{"iob":0.02,"basaliob":0.02,"bolussnooze":0,"activity":3.0E-4,"lastBolusTime":1703681471121,"time":"2023-12-27T20:06:12.625Z","iobWithZeroTemp":{"iob":-0.669,"basaliob":-0.669,"bolussnooze":0,"activity":-0.0059,"lastBolusTime":1703681471121,"time":"2023-12-27T20:06:12.625Z"}},{"iob":0.019,"basaliob":0.019,"bolussnooze":0,"activity":3.0E-4,"lastBolusTime":1703681471121,"time":"2023-12-27T20:11:12.625Z","iobWithZeroTemp":{"iob":-0.68,"basaliob":-0.68,"bolussnooze":0,"activity":-0.006,"lastBolusTime":1703681471121,"time":"2023-12-27T20:11:12.625Z"}}],"profile":{"max_iob":4,"type":"current","max_daily_basal":0.5,"max_basal":1.5,"min_bg":100.8,"max_bg":100.8,"target_bg":100.8,"carb_ratio":20,"sens":117,"max_daily_safety_multiplier":3,"current_basal_safety_multiplier":4,"lgsThreshold":65,"high_temptarget_raises_sensitivity":false,"low_temptarget_lowers_sensitivity":false,"sensitivity_raises_target":true,"resistance_lowers_target":true,"adv_target_adjustments":false,"exercise_mode":false,"half_basal_exercise_target":160,"maxCOB":120,"skip_neutral_temps":false,"remainingCarbsCap":90,"enableUAM":true,"A52_risk_enable":false,"SMBInterval":3,"enableSMB_with_COB":true,"enableSMB_with_temptarget":true,"allowSMB_with_high_temptarget":false,"enableSMB_always":false,"enableSMB_after_carbs":false,"maxSMBBasalMinutes":75,"maxUAMSMBBasalMinutes":75,"bolus_increment":0.05,"carbsReqThreshold":10,"current_basal":0.4,"temptargetSet":false,"autosens_max":1.2,"autosens_min":0.7,"out_units":"mmol\/L","variable_sens":120.8,"insulinDivisor":65,"TDD":12.264704761904763},"autosens_data":{"ratio":1},"meal_data":{"carbs":15,"mealCOB":0,"slopeFromMaxDeviation":-4.0175,"slopeFromMinDeviation":0.9355000000000001,"lastBolusTime":1703681471121,"lastCarbTime":1703680178793},"microBolusAllowed":true,"currentTime":1703693774499,"flatBGsDetected":false,"tdd1D":15.216666666666669,"tdd7D":11.563690476190475,"tddLast24H":9.437499999999996,"tddLast4H":1.4,"tddLast8to4H":2.308333333333334},"output":{"temp":"absolute","bg":154,"tick":-1,"eventualBG":125,"targetBG":100.8,"insulinReq":0.18,"deliverAt":"2023-12-27T16:16:14.499Z","sensitivityRatio":1,"variable_sens":120.8,"predBGs":{"IOB":[154,153,152,151,150,149,147,146,144,143,141,139,138,136,135,134,132,131,129,128,127,125,124,123,122,121,120,119,118,117,117,116,115,115,114,113,113,112,112,112,111,111,110,110,110,109],"ZT":[154,154,153,152,151,150,149,148,147,146,145,145,144,144,144,144,145,145]},"reason":"COB: 0, Dev: 0.7, BGI: 0.0, ISF: 6.7, CR: 20, Target: 5.6, minPredBG 7.1, minGuardBG 6.1, IOBpredBG 6.1; Eventual BG 6.9 >= 5.6, temp 1.50 >~ req 0.76U\/hr. ","COB":0,"IOB":0.349,"timestamp":"2023-12-27T16:16:14.531Z"}}