{"algorithm":"OpenAPSSMBDynamicISFPlugin","input":{"glucoseStatus":{"glucose":108,"noise":0,"delta":1.33,"short_avgdelta":1.5,"long_avgdelta":4.48,"date":1703732719565},"currenttemp":{"temp":"absolute","duration":20,"rate":0.1,"minutesrunning":10},"iob_data":[{"iob":0.156,"basaliob":-0.134,"bolussnooze":0,"activity":6.0E-4,"lastBolusTime":1703731574428,"time":"2023-12-28T03:06:13.346Z","iobWithZeroTemp":{"iob":0.156,"basaliob":-0.134,"bolussnooze":0,"activity":6.0E-4,"lastBolusTime":1703731574428,"time":"2023-12-28T03:06:13.346Z"}},{"iob":0.152,"basaliob":-0.126,"bolussnooze":0,"activity":7.0E-4,"lastBolusTime":1703731574428,"time":"2023-12-28T03:11:13.346Z","iobWithZeroTemp":{"iob":0.135,"basaliob":-0.143,"bolussnooze":0,"activity":7.0E-4,"lastBolusTime":1703731574428,"time":"2023-12-28T03:11:13.346Z"}},{"iob":0.149,"basaliob":-0.117,"bolussnooze":0,"activity":8.0E-4,"lastBolusTime":1703731574428,"time":"2023-12-28T03:16:13.346Z","iobWithZeroTemp":{"iob":0.112,"basaliob":-0.154,"bolussnooze":0,"activity":7.0E-4,"lastBolusTime":1703731574428,"time":"2023-12-28T03:16:13.346Z"}},{"iob":0.144,"basaliob":-0.11,"bolussnooze":0,"activity":9.0E-4,"lastBolusTime":1703731574428,"time":"2023-12-28T03:21:13.346Z","iobWithZeroTemp":{"iob":0.086,"basaliob":-0.168,"bolussnooze":0,"activity":8.0E-4,"lastBolusTime":1703731574428,"time":"2023-12-28T03:21:13.346Z"}},{"iob":0.139,"basaliob":-0.102,"bolussnooze":0,"activity":0.001,"lastBolusTime":1703731574428,"time":"2023-12-28T03:26:13.346Z","iobWithZeroTemp":{"iob":0.061,"basaliob":-0.18,"bolussnooze":0,"activity":8.0E-4,"lastBolusTime":1703731574428,"time":"2023-12-28T03:26:13.346Z"}},{"iob":0.134,"basaliob":-0.095,"bolussnooze":0,"activity":0.0011,"lastBolusTime":1703731574428,"time":"2023-12-28T03:31:13.346Z","iobWithZeroTemp":{"iob":0.037,"basaliob":-0.192,"bolussnooze":0,"activity":8.0E-4,"lastBolusTime":1703731574428,"time":"2023-12-28T03:31:13.346Z"}},{"iob":0.129,"basaliob":-0.089,"bolussnooze":0,"activity":0.001,"lastBolusTime":1703731574428,"time":"2023-12-28T03:36:13.346Z","iobWithZeroTemp":{"iob":0.013,"basaliob":-0.205,"bolussnooze":0,"activity":6.0E-4,"lastBolusTime":1703731574428,"time":"2023-12-28T03:36:13.346Z"}},{"iob":0.123,"basaliob":-0.083,"bolussnooze":0,"activity":0.0011,"lastBolusTime":1703731574428,"time":"2023-12-28T03:41:13.346Z","iobWithZeroTemp":{"iob":-0.012,"basaliob":-0.218,"bolussnooze":0,"activity":6.0E-4,"lastBolusTime":1703731574428,"time":"2023-12-28T03:41:13.346Z"}},{"iob":0.118,"basaliob":-0.077,"bolussnooze":0,"activity":0.0011,"lastBolusTime":1703731574428,"time":"2023-12-28T03:46:13.346Z","iobWithZeroTemp":{"iob":-0.035,"basaliob":-0.23,"bolussnooze":0,"activity":4.0E-4,"lastBolusTime":1703731574428,"time":"2023-12-28T03:46:13.346Z"}},{"iob":0.112,"basaliob":-0.072,"bolussnooze":0,"activity":0.0011,"lastBolusTime":1703731574428,"time":"2023-12-28T03:51:13.346Z","iobWithZeroTemp":{"iob":-0.058,"basaliob":-0.242,"bolussnooze":0,"activity":3.0E-4,"lastBolusTime":1703731574428,"time":"2023-12-28T03:51:13.346Z"}},{"iob":0.107,"basaliob":-0.066,"bolussnooze":0,"activity":0.0011,"lastBolusTime":1703731574428,"time":"2023-12-28T03:56:13.346Z","iobWithZeroTemp":{"iob":-0.079,"basaliob":-0.252,"bolussnooze":0,"activity":1.0E-4,"lastBolusTime":1703731574428,"time":"2023-12-28T03:56:13.346Z"}},{"iob":0.101,"basaliob":-0.062,"bolussnooze":0,"activity":0.0011,"lastBolusTime":1703731574428,"time":"2023-12-28T04:01:13.346Z","iobWithZeroTemp":{"iob":-0.101,"basaliob":-0.264,"bolussnooze":0,"activity":0,"lastBolusTime":1703731574428,"time":"2023-12-28T04:01:13.346Z"}},{"iob":0.096,"basaliob":-0.057,"bolussnooze":0,"activity":0.001,"lastBolusTime":1703731574428,"time":"2023-12-28T04:06:13.346Z","iobWithZeroTemp":{"iob":-0.121,"basaliob":-0.274,"bolussnooze":0,"activity":-2.0E-4,"lastBolusTime":1703731574428,"time":"2023-12-28T04:06:13.346Z"}},{"iob":0.091,"basaliob":-0.053,"bolussnooze":0,"activity":0.001,"lastBolusTime":1703731574428,"time":"2023-12-28T04:11:13.346Z","iobWithZeroTemp":{"iob":-0.14,"basaliob":-0.284,"bolussnooze":0,"activity":-4.0E-4,"lastBolusTime":1703731574428,"time":"2023-12-28T04:11:13.346Z"}},{"iob":0.086,"basaliob":-0.049,"bolussnooze":0,"activity":9.0E-4,"lastBolusTime":1703731574428,"time":"2023-12-28T04:16:13.346Z","iobWithZeroTemp":{"iob":-0.159,"basaliob":-0.294,"bolussnooze":0,"activity":-6.0E-4,"lastBolusTime":1703731574428,"time":"2023-12-28T04:16:13.346Z"}},{"iob":0.081,"basaliob":-0.045,"bolussnooze":0,"activity":0.001,"lastBolusTime":1703731574428,"time":"2023-12-28T04:21:13.346Z","iobWithZeroTemp":{"iob":-0.176,"basaliob":-0.302,"bolussnooze":0,"activity":-7.0E-4,"lastBolusTime":1703731574428,"time":"2023-12-28T04:21:13.346Z"}},{"iob":0.076,"basaliob":-0.042,"bolussnooze":0,"activity":9.0E-4,"lastBolusTime":1703731574428,"time":"2023-12-28T04:26:13.346Z","iobWithZeroTemp":{"iob":-0.194,"basaliob":-0.312,"bolussnooze":0,"activity":-9.0E-4,"lastBolusTime":1703731574428,"time":"2023-12-28T04:26:13.346Z"}},{"iob":0.071,"basaliob":-0.039,"bolussnooze":0,"activity":9.0E-4,"lastBolusTime":1703731574428,"time":"2023-12-28T04:31:13.346Z","iobWithZeroTemp":{"iob":-0.21,"basaliob":-0.32,"bolussnooze":0,"activity":-0.001,"lastBolusTime":1703731574428,"time":"2023-12-28T04:31:13.346Z"}},{"iob":0.067,"basaliob":-0.036,"bolussnooze":0,"activity":8.0E-4,"lastBolusTime":1703731574428,"time":"2023-12-28T04:36:13.346Z","iobWithZeroTemp":{"iob":-0.225,"basaliob":-0.328,"bolussnooze":0,"activity":-0.0013,"lastBolusTime":1703731574428,"time":"2023-12-28T04:36:13.346Z"}},{"iob":0.063,"basaliob":-0.033,"bolussnooze":0,"activity":8.0E-4,"lastBolusTime":1703731574428,"time":"2023-12-28T04:41:13.346Z","iobWithZeroTemp":{"iob":-0.239,"basaliob":-0.335,"bolussnooze":0,"activity":-0.0014,"lastBolusTime":1703731574428,"time":"2023-12-28T04:41:13.346Z"}},{"iob":0.06,"basaliob":-0.03,"bolussnooze":0,"activity":8.0E-4,"lastBolusTime":1703731574428,"time":"2023-12-28T04:46:13.346Z","iobWithZeroTemp":{"iob":-0.252,"basaliob":-0.342,"bolussnooze":0,"activity":-0.0015,"lastBolusTime":1703731574428,"time":"2023-12-28T04:46:13.346Z"}},{"iob":0.056,"basaliob":-0.028,"bolussnooze":0,"activity":7.0E-4,"lastBolusTime":1703731574428,"time":"2023-12-28T04:51:13.346Z","iobWithZeroTemp":{"iob":-0.265,"basaliob":-0.349,"bolussnooze":0,"activity":-0.0017,"lastBolusTime":1703731574428,"time":"2023-12-28T04:51:13.346Z"}},{"iob":0.052,"basaliob":-0.026,"bolussnooze":0,"activity":7.0E-4,"lastBolusTime":1703731574428,"time":"2023-12-28T04:56:13.346Z","iobWithZeroTemp":{"iob":-0.278,"basaliob":-0.356,"bolussnooze":0,"activity":-0.0018,"lastBolusTime":1703731574428,"time":"2023-12-28T04:56:13.346Z"}},{"iob":0.048,"basaliob":-0.024,"bolussnooze":0,"activity":7.0E-4,"lastBolusTime":1703731574428,"time":"2023-12-28T05:01:13.346Z","iobWithZeroTemp":{"iob":-0.29,"basaliob":-0.362,"bolussnooze":0,"activity":-0.0019,"lastBolusTime":1703731574428,"time":"2023-12-28T05:01:13.346Z"}},{"iob":0.045,"basaliob":-0.022,"bolussnooze":0,"activity":6.0E-4,"lastBolusTime":1703731574428,"time":"2023-12-28T05:06:13.346Z","iobWithZeroTemp":{"iob":-0.304,"basaliob":-0.371,"bolussnooze":0,"activity":-0.0021,"lastBolusTime":1703731574428,"time":"2023-12-28T05:06:13.346Z"}},{"iob":0.042,"basaliob":-0.02,"bolussnooze":0,"activity":6.0E-4,"lastBolusTime":1703731574428,"time":"2023-12-28T05:11:13.346Z","iobWithZeroTemp":{"iob":-0.318,"basaliob":-0.38,"bolussnooze":0,"activity":-0.0022,"lastBolusTime":1703731574428,"time":"2023-12-28T05:11:13.346Z"}},{"iob":0.04,"basaliob":-0.018,"bolussnooze":0,"activity":6.0E-4,"lastBolusTime":1703731574428,"time":"2023-12-28T05:16:13.346Z","iobWithZeroTemp":{"iob":-0.331,"basaliob":-0.389,"bolussnooze":0,"activity":-0.0023,"lastBolusTime":1703731574428,"time":"2023-12-28T05:16:13.346Z"}},{"iob":0.037,"basaliob":-0.017,"bolussnooze":0,"activity":5.0E-4,"lastBolusTime":1703731574428,"time":"2023-12-28T05:21:13.346Z","iobWithZeroTemp":{"iob":-0.344,"basaliob":-0.398,"bolussnooze":0,"activity":-0.0025,"lastBolusTime":1703731574428,"time":"2023-12-28T05:21:13.346Z"}},{"iob":0.035,"basaliob":-0.015,"bolussnooze":0,"activity":5.0E-4,"lastBolusTime":1703731574428,"time":"2023-12-28T05:26:13.346Z","iobWithZeroTemp":{"iob":-0.356,"basaliob":-0.406,"bolussnooze":0,"activity":-0.0026,"lastBolusTime":1703731574428,"time":"2023-12-28T05:26:13.346Z"}},{"iob":0.032,"basaliob":-0.014,"bolussnooze":0,"activity":4.0E-4,"lastBolusTime":1703731574428,"time":"2023-12-28T05:31:13.346Z","iobWithZeroTemp":{"iob":-0.368,"basaliob":-0.414,"bolussnooze":0,"activity":-0.0028,"lastBolusTime":1703731574428,"time":"2023-12-28T05:31:13.346Z"}},{"iob":0.029,"basaliob":-0.013,"bolussnooze":0,"activity":5.0E-4,"lastBolusTime":1703731574428,"time":"2023-12-28T05:36:13.346Z","iobWithZeroTemp":{"iob":-0.379,"basaliob":-0.421,"bolussnooze":0,"activity":-0.0028,"lastBolusTime":1703731574428,"time":"2023-12-28T05:36:13.346Z"}},{"iob":0.027,"basaliob":-0.012,"bolussnooze":0,"activity":4.0E-4,"lastBolusTime":1703731574428,"time":"2023-12-28T05:41:13.346Z","iobWithZeroTemp":{"iob":-0.389,"basaliob":-0.428,"bolussnooze":0,"activity":-0.003,"lastBolusTime":1703731574428,"time":"2023-12-28T05:41:13.346Z"}},{"iob":0.025,"basaliob":-0.011,"bolussnooze":0,"activity":4.0E-4,"lastBolusTime":1703731574428,"time":"2023-12-28T05:46:13.346Z","iobWithZeroTemp":{"iob":-0.399,"basaliob":-0.435,"bolussnooze":0,"activity":-0.0031,"lastBolusTime":1703731574428,"time":"2023-12-28T05:46:13.346Z"}},{"iob":0.023,"basaliob":-0.01,"bolussnooze":0,"activity":3.0E-4,"lastBolusTime":1703731574428,"time":"2023-12-28T05:51:13.346Z","iobWithZeroTemp":{"iob":-0.408,"basaliob":-0.441,"bolussnooze":0,"activity":-0.0033,"lastBolusTime":1703731574428,"time":"2023-12-28T05:51:13.346Z"}},{"iob":0.022,"basaliob":-0.009,"bolussnooze":0,"activity":3.0E-4,"lastBolusTime":1703731574428,"time":"2023-12-28T05:56:13.346Z","iobWithZeroTemp":{"iob":-0.416,"basaliob":-0.447,"bolussnooze":0,"activity":-0.0034,"lastBolusTime":1703731574428,"time":"2023-12-28T05:56:13.346Z"}},{"iob":0.02,"basaliob":-0.008,"bolussnooze":0,"activity":3.0E-4,"lastBolusTime":1703731574428,"time":"2023-12-28T06:01:13.346Z","iobWithZeroTemp":{"iob":-0.425,"basaliob":-0.453,"bolussnooze":0,"activity":-0.0035,"lastBolusTime":1703731574428,"time":"2023-12-28T06:01:13.346Z"}},{"iob":0.019,"basaliob":-0.007,"bolussnooze":0,"activity":3.0E-4,"lastBolusTime":1703731574428,"time":"2023-12-28T06:06:13.346Z","iobWithZeroTemp":{"iob":-0.432,"basaliob":-0.458,"bolussnooze":0,"activity":-0.0035,"lastBolusTime":1703731574428,"time":"2023-12-28T06:06:13.346Z"}},{"iob":0.017,"basaliob":-0.007,"bolussnooze":0,"activity":3.0E-4,"lastBolusTime":1703731574428,"time":"2023-12-28T06:11:13.346Z","iobWithZeroTemp":{"iob":-0.439,"basaliob":-0.463,"bolussnooze":0,"activity":-0.0036,"lastBolusTime":1703731574428,"time":"2023-12-28T06:11:13.346Z"}},{"iob":0.016,"basaliob":-0.006,"bolussnooze":0,"activity":3.0E-4,"lastBolusTime":1703731574428,"time":"2023-12-28T06:16:13.346Z","iobWithZeroTemp":{"iob":-0.446,"basaliob":-0.468,"bolussnooze":0,"activity":-0.0037,"lastBolusTime":1703731574428,"time":"2023-12-28T06:16:13.346Z"}},{"iob":0.014,"basaliob":-0.006,"bolussnooze":0,"activity":2.0E-4,"lastBolusTime":1703731574428,"time":"2023-12-28T06:21:13.346Z","iobWithZeroTemp":{"iob":-0.453,"basaliob":-0.473,"bolussnooze":0,"activity":-0.0038,"lastBolusTime":1703731574428,"time":"2023-12-28T06:21:13.346Z"}},{"iob":0.014,"basaliob":-0.005,"bolussnooze":0,"activity":2.0E-4,"lastBolusTime":1703731574428,"time":"2023-12-28T06:26:13.346Z","iobWithZeroTemp":{"iob":-0.457,"basaliob":-0.476,"bolussnooze":0,"activity":-0.0039,"lastBolusTime":1703731574428,"time":"2023-12-28T06:26:13.346Z"}},{"iob":0.012,"basaliob":-0.005,"bolussnooze":0,"activity":2.0E-4,"lastBolusTime":1703731574428,"time":"2023-12-28T06:31:13.346Z","iobWithZeroTemp":{"iob":-0.464,"basaliob":-0.481,"bolussnooze":0,"activity":-0.004,"lastBolusTime":1703731574428,"time":"2023-12-28T06:31:13.346Z"}},{"iob":0.012,"basaliob":-0.004,"bolussnooze":0,"activity":2.0E-4,"lastBolusTime":1703731574428,"time":"2023-12-28T06:36:13.346Z","iobWithZeroTemp":{"iob":-0.468,"basaliob":-0.484,"bolussnooze":0,"activity":-0.004,"lastBolusTime":1703731574428,"time":"2023-12-28T06:36:13.346Z"}},{"iob":0.01,"basaliob":-0.004,"bolussnooze":0,"activity":2.0E-4,"lastBolusTime":1703731574428,"time":"2023-12-28T06:41:13.346Z","iobWithZeroTemp":{"iob":-0.473,"basaliob":-0.487,"bolussnooze":0,"activity":-0.0041,"lastBolusTime":1703731574428,"time":"2023-12-28T06:41:13.346Z"}},{"iob":0.01,"basaliob":-0.003,"bolussnooze":0,"activity":1.0E-4,"lastBolusTime":1703731574428,"time":"2023-12-28T06:46:13.346Z","iobWithZeroTemp":{"iob":-0.477,"basaliob":-0.49,"bolussnooze":0,"activity":-0.0042,"lastBolusTime":1703731574428,"time":"2023-12-28T06:46:13.346Z"}},{"iob":0.009,"basaliob":-0.003,"bolussnooze":0,"activity":1.0E-4,"lastBolusTime":1703731574428,"time":"2023-12-28T06:51:13.346Z","iobWithZeroTemp":{"iob":-0.481,"basaliob":-0.493,"bolussnooze":0,"activity":-0.0043,"lastBolusTime":1703731574428,"time":"2023-12-28T06:51:13.346Z"}},{"iob":0.008,"basaliob":-0.003,"bolussnooze":0,"activity":1.0E-4,"lastBolusTime":1703731574428,"time":"2023-12-28T06:56:13.346Z","iobWithZeroTemp":{"iob":-0.485,"basaliob":-0.496,"bolussnooze":0,"activity":-0.0043,"lastBolusTime":1703731574428,"time":"2023-12-28T06:56:13.346Z"}},{"iob":0.008,"basaliob":-0.002,"bolussnooze":0,"activity":1.0E-4,"lastBolusTime":1703731574428,"time":"2023-12-28T07:01:13.346Z","iobWithZeroTemp":{"iob":-0.488,"basaliob":-0.498,"bolussnooze":0,"activity":-0.0044,"lastBolusTime":1703731574428,"time":"2023-12-28T07:01:13.346Z"}}],"profile":{"max_iob":4,"type":"current","max_daily_basal":0.5,"max_basal":1,"min_bg":95.4,"max_bg":95.4,"target_bg":95.4,"carb_ratio":25,"sens":142.20000000000002,"max_daily_safety_multiplier":3,"current_basal_safety_multiplier":4,"lgsThreshold":65,"high_temptarget_raises_sensitivity":false,"low_temptarget_lowers_sensitivity":false,"sensitivity_raises_target":true,"resistance_lowers_target":true,"adv_target_adjustments":false,"exercise_mode":false,"half_basal_exercise_target":160,"maxCOB":120,"skip_neutral_temps":false,"remainingCarbsCap":90,"enableUAM":true,"A52_risk_enable":false,"SMBInterval":3,"enableSMB_with_COB":true,"enableSMB_with_temptarget":true,"allowSMB_with_high_temptarget":false,"enableSMB_always":false,"enableSMB_after_carbs":false,"maxSMBBasalMinutes":75,"maxUAMSMBBasalMinutes":75,"bolus_increment":0.05,"carbsReqThreshold":10,"current_basal":0.25,"temptargetSet":true,"autosens_max":1.2,"autosens_min":0.7,"out_units":"mmol\/L","variable_sens":156.9,"insulinDivisor":65,"TDD":11.720447619047617},"autosens_data":{"ratio":1},"meal_data":{"carbs":0,"mealCOB":0,"slopeFromMaxDeviation":-2.1835,"slopeFromMinDeviation":0.9485555555555554,"lastBolusTime":1703731574428,"lastCarbTime":0},"microBolusAllowed":true,"currentTime":1703732774951,"flatBGsDetected":false,"tdd1D":11.195833333333328,"tdd7D":12.08690476190476,"tddLast24H":11.44583333333333,"tddLast4H":1.2541666666666669,"tddLast8to4H":3.6666666666666665},"output":{"temp":"absolute","bg":108,"tick":"+1","eventualBG":95,"targetBG":95.4,"insulinReq":0,"deliverAt":"2023-12-28T03:06:14.951Z","sensitivityRatio":1,"variable_sens":156.9,"predBGs":{"IOB":[108,109,110,111,111,112,112,112,111,111,111,110,109,108,107,107,106,105,104,104,103,103,102,101,101,100,100,99,99,99,98,98,97,97,97,97,96,96,96,96,95,95,95,95,95,95,95,94],"ZT":[108,108,107,106,106,105,105,104,104,103,103,103,103,103,103,104,104],"UAM":[108,108,107,106,106,105,104,103,102,101,100,100,99,98,97,96,95,95,94,93,92,92,91,91,90,89,89,88,88,87,87,87,86,86,86,85,85,85,85,84,84,84,84,84,83]},"reason":"COB: 0, Dev: 0.6, BGI: 0.0, ISF: 8.7, CR: 25, Target: 5.3, minPredBG 5.2, minGuardBG 4.6, IOBpredBG 5.2, UAMpredBG 4.6; Eventual BG 5.3 < 5.3, temp 0.1 ~< req 0.25U\/hr. ","COB":0,"IOB":0.156,"timestamp":"2023-12-28T03:06:14.986Z"}}