{"algorithm":"OpenAPSSMBDynamicISFPlugin","input":{"glucoseStatus":{"glucose":155,"noise":0,"delta":-6.33,"short_avgdelta":-6.5,"long_avgdelta":-5.14,"date":1703768422129},"currenttemp":{"temp":"absolute","duration":20,"rate":0.2,"minutesrunning":10},"iob_data":[{"iob":0.471,"basaliob":0.449,"bolussnooze":0,"activity":0.0047,"lastBolusTime":1703754675154,"time":"2023-12-28T13:01:13.523Z","iobWithZeroTemp":{"iob":0.471,"basaliob":0.449,"bolussnooze":0,"activity":0.0047,"lastBolusTime":1703754675154,"time":"2023-12-28T13:01:13.523Z"}},{"iob":0.447,"basaliob":0.427,"bolussnooze":0,"activity":0.0046,"lastBolusTime":1703754675154,"time":"2023-12-28T13:06:13.523Z","iobWithZeroTemp":{"iob":0.427,"basaliob":0.407,"bolussnooze":0,"activity":0.0046,"lastBolusTime":1703754675154,"time":"2023-12-28T13:06:13.523Z"}},{"iob":0.424,"basaliob":0.406,"bolussnooze":0,"activity":0.0045,"lastBolusTime":1703754675154,"time":"2023-12-28T13:11:13.523Z","iobWithZeroTemp":{"iob":0.379,"basaliob":0.361,"bolussnooze":0,"activity":0.0044,"lastBolusTime":1703754675154,"time":"2023-12-28T13:11:13.523Z"}},{"iob":0.402,"basaliob":0.386,"bolussnooze":0,"activity":0.0044,"lastBolusTime":1703754675154,"time":"2023-12-28T13:16:13.523Z","iobWithZeroTemp":{"iob":0.333,"basaliob":0.317,"bolussnooze":0,"activity":0.0043,"lastBolusTime":1703754675154,"time":"2023-12-28T13:16:13.523Z"}},{"iob":0.38,"basaliob":0.365,"bolussnooze":0,"activity":0.0043,"lastBolusTime":1703754675154,"time":"2023-12-28T13:21:13.523Z","iobWithZeroTemp":{"iob":0.287,"basaliob":0.272,"bolussnooze":0,"activity":0.0041,"lastBolusTime":1703754675154,"time":"2023-12-28T13:21:13.523Z"}},{"iob":0.359,"basaliob":0.345,"bolussnooze":0,"activity":0.0042,"lastBolusTime":1703754675154,"time":"2023-12-28T13:26:13.523Z","iobWithZeroTemp":{"iob":0.242,"basaliob":0.228,"bolussnooze":0,"activity":0.0038,"lastBolusTime":1703754675154,"time":"2023-12-28T13:26:13.523Z"}},{"iob":0.338,"basaliob":0.326,"bolussnooze":0,"activity":0.004,"lastBolusTime":1703754675154,"time":"2023-12-28T13:31:13.523Z","iobWithZeroTemp":{"iob":0.198,"basaliob":0.186,"bolussnooze":0,"activity":0.0035,"lastBolusTime":1703754675154,"time":"2023-12-28T13:31:13.523Z"}},{"iob":0.318,"basaliob":0.307,"bolussnooze":0,"activity":0.0039,"lastBolusTime":1703754675154,"time":"2023-12-28T13:36:13.523Z","iobWithZeroTemp":{"iob":0.156,"basaliob":0.145,"bolussnooze":0,"activity":0.0032,"lastBolusTime":1703754675154,"time":"2023-12-28T13:36:13.523Z"}},{"iob":0.299,"basaliob":0.289,"bolussnooze":0,"activity":0.0037,"lastBolusTime":1703754675154,"time":"2023-12-28T13:41:13.523Z","iobWithZeroTemp":{"iob":0.116,"basaliob":0.106,"bolussnooze":0,"activity":0.0029,"lastBolusTime":1703754675154,"time":"2023-12-28T13:41:13.523Z"}},{"iob":0.281,"basaliob":0.272,"bolussnooze":0,"activity":0.0036,"lastBolusTime":1703754675154,"time":"2023-12-28T13:46:13.523Z","iobWithZeroTemp":{"iob":0.077,"basaliob":0.068,"bolussnooze":0,"activity":0.0026,"lastBolusTime":1703754675154,"time":"2023-12-28T13:46:13.523Z"}},{"iob":0.264,"basaliob":0.256,"bolussnooze":0,"activity":0.0034,"lastBolusTime":1703754675154,"time":"2023-12-28T13:51:13.523Z","iobWithZeroTemp":{"iob":0.041,"basaliob":0.033,"bolussnooze":0,"activity":0.0022,"lastBolusTime":1703754675154,"time":"2023-12-28T13:51:13.523Z"}},{"iob":0.247,"basaliob":0.24,"bolussnooze":0,"activity":0.0033,"lastBolusTime":1703754675154,"time":"2023-12-28T13:56:13.523Z","iobWithZeroTemp":{"iob":0.005,"basaliob":-0.002,"bolussnooze":0,"activity":0.002,"lastBolusTime":1703754675154,"time":"2023-12-28T13:56:13.523Z"}},{"iob":0.232,"basaliob":0.225,"bolussnooze":0,"activity":0.003,"lastBolusTime":1703754675154,"time":"2023-12-28T14:01:13.523Z","iobWithZeroTemp":{"iob":-0.028,"basaliob":-0.035,"bolussnooze":0,"activity":0.0015,"lastBolusTime":1703754675154,"time":"2023-12-28T14:01:13.523Z"}},{"iob":0.216,"basaliob":0.21,"bolussnooze":0,"activity":0.0029,"lastBolusTime":1703754675154,"time":"2023-12-28T14:06:13.523Z","iobWithZeroTemp":{"iob":-0.061,"basaliob":-0.067,"bolussnooze":0,"activity":0.0012,"lastBolusTime":1703754675154,"time":"2023-12-28T14:06:13.523Z"}},{"iob":0.202,"basaliob":0.197,"bolussnooze":0,"activity":0.0028,"lastBolusTime":1703754675154,"time":"2023-12-28T14:11:13.523Z","iobWithZeroTemp":{"iob":-0.092,"basaliob":-0.097,"bolussnooze":0,"activity":0.001,"lastBolusTime":1703754675154,"time":"2023-12-28T14:11:13.523Z"}},{"iob":0.189,"basaliob":0.184,"bolussnooze":0,"activity":0.0026,"lastBolusTime":1703754675154,"time":"2023-12-28T14:16:13.523Z","iobWithZeroTemp":{"iob":-0.12,"basaliob":-0.125,"bolussnooze":0,"activity":6.0E-4,"lastBolusTime":1703754675154,"time":"2023-12-28T14:16:13.523Z"}},{"iob":0.176,"basaliob":0.172,"bolussnooze":0,"activity":0.0025,"lastBolusTime":1703754675154,"time":"2023-12-28T14:21:13.523Z","iobWithZeroTemp":{"iob":-0.148,"basaliob":-0.152,"bolussnooze":0,"activity":3.0E-4,"lastBolusTime":1703754675154,"time":"2023-12-28T14:21:13.523Z"}},{"iob":0.164,"basaliob":0.16,"bolussnooze":0,"activity":0.0024,"lastBolusTime":1703754675154,"time":"2023-12-28T14:26:13.523Z","iobWithZeroTemp":{"iob":-0.173,"basaliob":-0.177,"bolussnooze":0,"activity":1.0E-4,"lastBolusTime":1703754675154,"time":"2023-12-28T14:26:13.523Z"}},{"iob":0.152,"basaliob":0.149,"bolussnooze":0,"activity":0.0022,"lastBolusTime":1703754675154,"time":"2023-12-28T14:31:13.523Z","iobWithZeroTemp":{"iob":-0.198,"basaliob":-0.201,"bolussnooze":0,"activity":-3.0E-4,"lastBolusTime":1703754675154,"time":"2023-12-28T14:31:13.523Z"}},{"iob":0.142,"basaliob":0.139,"bolussnooze":0,"activity":0.0021,"lastBolusTime":1703754675154,"time":"2023-12-28T14:36:13.523Z","iobWithZeroTemp":{"iob":-0.221,"basaliob":-0.224,"bolussnooze":0,"activity":-5.0E-4,"lastBolusTime":1703754675154,"time":"2023-12-28T14:36:13.523Z"}},{"iob":0.132,"basaliob":0.129,"bolussnooze":0,"activity":0.002,"lastBolusTime":1703754675154,"time":"2023-12-28T14:41:13.523Z","iobWithZeroTemp":{"iob":-0.242,"basaliob":-0.245,"bolussnooze":0,"activity":-8.0E-4,"lastBolusTime":1703754675154,"time":"2023-12-28T14:41:13.523Z"}},{"iob":0.122,"basaliob":0.12,"bolussnooze":0,"activity":0.0019,"lastBolusTime":1703754675154,"time":"2023-12-28T14:46:13.523Z","iobWithZeroTemp":{"iob":-0.263,"basaliob":-0.265,"bolussnooze":0,"activity":-0.001,"lastBolusTime":1703754675154,"time":"2023-12-28T14:46:13.523Z"}},{"iob":0.113,"basaliob":0.111,"bolussnooze":0,"activity":0.0018,"lastBolusTime":1703754675154,"time":"2023-12-28T14:51:13.523Z","iobWithZeroTemp":{"iob":-0.282,"basaliob":-0.284,"bolussnooze":0,"activity":-0.0012,"lastBolusTime":1703754675154,"time":"2023-12-28T14:51:13.523Z"}},{"iob":0.105,"basaliob":0.103,"bolussnooze":0,"activity":0.0016,"lastBolusTime":1703754675154,"time":"2023-12-28T14:56:13.523Z","iobWithZeroTemp":{"iob":-0.3,"basaliob":-0.302,"bolussnooze":0,"activity":-0.0015,"lastBolusTime":1703754675154,"time":"2023-12-28T14:56:13.523Z"}},{"iob":0.098,"basaliob":0.096,"bolussnooze":0,"activity":0.0015,"lastBolusTime":1703754675154,"time":"2023-12-28T15:01:13.523Z","iobWithZeroTemp":{"iob":-0.316,"basaliob":-0.318,"bolussnooze":0,"activity":-0.0018,"lastBolusTime":1703754675154,"time":"2023-12-28T15:01:13.523Z"}},{"iob":0.09,"basaliob":0.089,"bolussnooze":0,"activity":0.0014,"lastBolusTime":1703754675154,"time":"2023-12-28T15:06:13.523Z","iobWithZeroTemp":{"iob":-0.333,"basaliob":-0.334,"bolussnooze":0,"activity":-0.002,"lastBolusTime":1703754675154,"time":"2023-12-28T15:06:13.523Z"}},{"iob":0.083,"basaliob":0.082,"bolussnooze":0,"activity":0.0013,"lastBolusTime":1703754675154,"time":"2023-12-28T15:11:13.523Z","iobWithZeroTemp":{"iob":-0.347,"basaliob":-0.348,"bolussnooze":0,"activity":-0.0022,"lastBolusTime":1703754675154,"time":"2023-12-28T15:11:13.523Z"}},{"iob":0.077,"basaliob":0.076,"bolussnooze":0,"activity":0.0012,"lastBolusTime":1703754675154,"time":"2023-12-28T15:16:13.523Z","iobWithZeroTemp":{"iob":-0.361,"basaliob":-0.362,"bolussnooze":0,"activity":-0.0024,"lastBolusTime":1703754675154,"time":"2023-12-28T15:16:13.523Z"}},{"iob":0.071,"basaliob":0.07,"bolussnooze":0,"activity":0.0011,"lastBolusTime":1703754675154,"time":"2023-12-28T15:21:13.523Z","iobWithZeroTemp":{"iob":-0.374,"basaliob":-0.375,"bolussnooze":0,"activity":-0.0026,"lastBolusTime":1703754675154,"time":"2023-12-28T15:21:13.523Z"}},{"iob":0.066,"basaliob":0.065,"bolussnooze":0,"activity":0.001,"lastBolusTime":1703754675154,"time":"2023-12-28T15:26:13.523Z","iobWithZeroTemp":{"iob":-0.385,"basaliob":-0.386,"bolussnooze":0,"activity":-0.0028,"lastBolusTime":1703754675154,"time":"2023-12-28T15:26:13.523Z"}},{"iob":0.061,"basaliob":0.06,"bolussnooze":0,"activity":0.001,"lastBolusTime":1703754675154,"time":"2023-12-28T15:31:13.523Z","iobWithZeroTemp":{"iob":-0.396,"basaliob":-0.397,"bolussnooze":0,"activity":-0.0029,"lastBolusTime":1703754675154,"time":"2023-12-28T15:31:13.523Z"}},{"iob":0.056,"basaliob":0.055,"bolussnooze":0,"activity":9.0E-4,"lastBolusTime":1703754675154,"time":"2023-12-28T15:36:13.523Z","iobWithZeroTemp":{"iob":-0.407,"basaliob":-0.408,"bolussnooze":0,"activity":-0.003,"lastBolusTime":1703754675154,"time":"2023-12-28T15:36:13.523Z"}},{"iob":0.052,"basaliob":0.051,"bolussnooze":0,"activity":8.0E-4,"lastBolusTime":1703754675154,"time":"2023-12-28T15:41:13.523Z","iobWithZeroTemp":{"iob":-0.416,"basaliob":-0.417,"bolussnooze":0,"activity":-0.0032,"lastBolusTime":1703754675154,"time":"2023-12-28T15:41:13.523Z"}},{"iob":0.047,"basaliob":0.047,"bolussnooze":0,"activity":8.0E-4,"lastBolusTime":1703754675154,"time":"2023-12-28T15:46:13.523Z","iobWithZeroTemp":{"iob":-0.426,"basaliob":-0.426,"bolussnooze":0,"activity":-0.0033,"lastBolusTime":1703754675154,"time":"2023-12-28T15:46:13.523Z"}},{"iob":0.043,"basaliob":0.043,"bolussnooze":0,"activity":7.0E-4,"lastBolusTime":1703754675154,"time":"2023-12-28T15:51:13.523Z","iobWithZeroTemp":{"iob":-0.434,"basaliob":-0.434,"bolussnooze":0,"activity":-0.0034,"lastBolusTime":1703754675154,"time":"2023-12-28T15:51:13.523Z"}},{"iob":0.04,"basaliob":0.04,"bolussnooze":0,"activity":7.0E-4,"lastBolusTime":1703754675154,"time":"2023-12-28T15:56:13.523Z","iobWithZeroTemp":{"iob":-0.441,"basaliob":-0.441,"bolussnooze":0,"activity":-0.0035,"lastBolusTime":1703754675154,"time":"2023-12-28T15:56:13.523Z"}},{"iob":0.037,"basaliob":0.037,"bolussnooze":0,"activity":6.0E-4,"lastBolusTime":1703754675154,"time":"2023-12-28T16:01:13.523Z","iobWithZeroTemp":{"iob":-0.448,"basaliob":-0.448,"bolussnooze":0,"activity":-0.0037,"lastBolusTime":1703754675154,"time":"2023-12-28T16:01:13.523Z"}},{"iob":0.034,"basaliob":0.034,"bolussnooze":0,"activity":6.0E-4,"lastBolusTime":1703754675154,"time":"2023-12-28T16:06:13.523Z","iobWithZeroTemp":{"iob":-0.463,"basaliob":-0.463,"bolussnooze":0,"activity":-0.0037,"lastBolusTime":1703754675154,"time":"2023-12-28T16:06:13.523Z"}},{"iob":0.031,"basaliob":0.031,"bolussnooze":0,"activity":5.0E-4,"lastBolusTime":1703754675154,"time":"2023-12-28T16:11:13.523Z","iobWithZeroTemp":{"iob":-0.477,"basaliob":-0.477,"bolussnooze":0,"activity":-0.0039,"lastBolusTime":1703754675154,"time":"2023-12-28T16:11:13.523Z"}},{"iob":0.028,"basaliob":0.028,"bolussnooze":0,"activity":5.0E-4,"lastBolusTime":1703754675154,"time":"2023-12-28T16:16:13.523Z","iobWithZeroTemp":{"iob":-0.491,"basaliob":-0.491,"bolussnooze":0,"activity":-0.004,"lastBolusTime":1703754675154,"time":"2023-12-28T16:16:13.523Z"}},{"iob":0.026,"basaliob":0.026,"bolussnooze":0,"activity":5.0E-4,"lastBolusTime":1703754675154,"time":"2023-12-28T16:21:13.523Z","iobWithZeroTemp":{"iob":-0.504,"basaliob":-0.504,"bolussnooze":0,"activity":-0.004,"lastBolusTime":1703754675154,"time":"2023-12-28T16:21:13.523Z"}},{"iob":0.024,"basaliob":0.024,"bolussnooze":0,"activity":4.0E-4,"lastBolusTime":1703754675154,"time":"2023-12-28T16:26:13.523Z","iobWithZeroTemp":{"iob":-0.517,"basaliob":-0.517,"bolussnooze":0,"activity":-0.0042,"lastBolusTime":1703754675154,"time":"2023-12-28T16:26:13.523Z"}},{"iob":0.022,"basaliob":0.022,"bolussnooze":0,"activity":4.0E-4,"lastBolusTime":1703754675154,"time":"2023-12-28T16:31:13.523Z","iobWithZeroTemp":{"iob":-0.529,"basaliob":-0.529,"bolussnooze":0,"activity":-0.0043,"lastBolusTime":1703754675154,"time":"2023-12-28T16:31:13.523Z"}},{"iob":0.02,"basaliob":0.02,"bolussnooze":0,"activity":4.0E-4,"lastBolusTime":1703754675154,"time":"2023-12-28T16:36:13.523Z","iobWithZeroTemp":{"iob":-0.54,"basaliob":-0.54,"bolussnooze":0,"activity":-0.0044,"lastBolusTime":1703754675154,"time":"2023-12-28T16:36:13.523Z"}},{"iob":0.018,"basaliob":0.018,"bolussnooze":0,"activity":3.0E-4,"lastBolusTime":1703754675154,"time":"2023-12-28T16:41:13.523Z","iobWithZeroTemp":{"iob":-0.551,"basaliob":-0.551,"bolussnooze":0,"activity":-0.0046,"lastBolusTime":1703754675154,"time":"2023-12-28T16:41:13.523Z"}},{"iob":0.017,"basaliob":0.017,"bolussnooze":0,"activity":3.0E-4,"lastBolusTime":1703754675154,"time":"2023-12-28T16:46:13.523Z","iobWithZeroTemp":{"iob":-0.561,"basaliob":-0.561,"bolussnooze":0,"activity":-0.0047,"lastBolusTime":1703754675154,"time":"2023-12-28T16:46:13.523Z"}},{"iob":0.015,"basaliob":0.015,"bolussnooze":0,"activity":3.0E-4,"lastBolusTime":1703754675154,"time":"2023-12-28T16:51:13.523Z","iobWithZeroTemp":{"iob":-0.571,"basaliob":-0.571,"bolussnooze":0,"activity":-0.0048,"lastBolusTime":1703754675154,"time":"2023-12-28T16:51:13.523Z"}},{"iob":0.014,"basaliob":0.014,"bolussnooze":0,"activity":3.0E-4,"lastBolusTime":1703754675154,"time":"2023-12-28T16:56:13.523Z","iobWithZeroTemp":{"iob":-0.58,"basaliob":-0.58,"bolussnooze":0,"activity":-0.0048,"lastBolusTime":1703754675154,"time":"2023-12-28T16:56:13.523Z"}}],"profile":{"max_iob":4,"type":"current","max_daily_basal":0.5,"max_basal":1.2,"min_bg":100.8,"max_bg":100.8,"target_bg":100.8,"carb_ratio":30,"sens":126,"max_daily_safety_multiplier":3,"current_basal_safety_multiplier":4,"lgsThreshold":65,"high_temptarget_raises_sensitivity":false,"low_temptarget_lowers_sensitivity":false,"sensitivity_raises_target":true,"resistance_lowers_target":true,"adv_target_adjustments":false,"exercise_mode":false,"half_basal_exercise_target":160,"maxCOB":120,"skip_neutral_temps":false,"remainingCarbsCap":90,"enableUAM":true,"A52_risk_enable":false,"SMBInterval":3,"enableSMB_with_COB":true,"enableSMB_with_temptarget":true,"allowSMB_with_high_temptarget":false,"enableSMB_always":false,"enableSMB_after_carbs":false,"maxSMBBasalMinutes":75,"maxUAMSMBBasalMinutes":75,"bolus_increment":0.05,"carbsReqThreshold":10,"current_basal":0.3,"temptargetSet":false,"autosens_max":1.2,"autosens_min":0.7,"out_units":"mmol\/L","variable_sens":120.9,"insulinDivisor":65,"TDD":12.215447619047616},"autosens_data":{"ratio":1},"meal_data":{"carbs":0,"mealCOB":0,"slopeFromMaxDeviation":-1.754181818181818,"slopeFromMinDeviation":0.1716666666666667,"lastBolusTime":1703754675154,"lastCarbTime":0},"microBolusAllowed":true,"currentTime":1703768474872,"flatBGsDetected":false,"tdd1D":11.195833333333328,"tdd7D":12.08690476190476,"tddLast24H":13.166666666666668,"tddLast4H":2.2791666666666672,"tddLast8to4H":2.1083333333333334},"output":{"temp":"absolute","bg":155,"tick":-6,"eventualBG":84,"targetBG":100.8,"insulinReq":0,"deliverAt":"2023-12-28T13:01:14.872Z","sensitivityRatio":1,"variable_sens":120.9,"predBGs":{"IOB":[155,149,143,137,132,127,122,118,114,110,107,104,101,99,97,95,92,90,88,86,85,83,81,79,78,77,75,74,73,72,71,70,69,68,67,67,66,65,65,64,63,63,62,62,62,61],"ZT":[155,152,149,147,144,141,139,137,135,133,131,130,128,127,126,126,125,125,125,125,126,126]},"reason":"COB: 0, Dev: -0.8, BGI: -0.2, ISF: 6.7, CR: 30, Target: 5.6, minPredBG 5.2, minGuardBG 3.3, IOBpredBG 3.4; minGuardBG 3.3<3.9","COB":0,"IOB":0.471,"duration":60,"rate":0,"timestamp":"2023-12-28T13:01:14.893Z"}}