{"algorithm":"OpenAPSSMBDynamicISFPlugin","input":{"glucoseStatus":{"glucose":182,"noise":0,"delta":12.33,"short_avgdelta":11.5,"long_avgdelta":3.2,"date":1703751021712},"currenttemp":{"temp":"absolute","duration":25,"rate":0.6,"minutesrunning":5},"iob_data":[{"iob":0.803,"basaliob":-0.066,"bolussnooze":0,"activity":0.0067,"lastBolusTime":1703750774725,"time":"2023-12-28T08:11:13.072Z","iobWithZeroTemp":{"iob":0.803,"basaliob":-0.066,"bolussnooze":0,"activity":0.0067,"lastBolusTime":1703750774725,"time":"2023-12-28T08:11:13.072Z"}},{"iob":0.769,"basaliob":-0.06,"bolussnooze":0,"activity":0.0069,"lastBolusTime":1703750774725,"time":"2023-12-28T08:16:13.072Z","iobWithZeroTemp":{"iob":0.749,"basaliob":-0.08,"bolussnooze":0,"activity":0.0069,"lastBolusTime":1703750774725,"time":"2023-12-28T08:16:13.072Z"}},{"iob":0.734,"basaliob":-0.056,"bolussnooze":0,"activity":0.0069,"lastBolusTime":1703750774725,"time":"2023-12-28T08:21:13.072Z","iobWithZeroTemp":{"iob":0.689,"basaliob":-0.101,"bolussnooze":0,"activity":0.0068,"lastBolusTime":1703750774725,"time":"2023-12-28T08:21:13.072Z"}},{"iob":0.7,"basaliob":-0.051,"bolussnooze":0,"activity":0.0068,"lastBolusTime":1703750774725,"time":"2023-12-28T08:26:13.072Z","iobWithZeroTemp":{"iob":0.631,"basaliob":-0.12,"bolussnooze":0,"activity":0.0067,"lastBolusTime":1703750774725,"time":"2023-12-28T08:26:13.072Z"}},{"iob":0.666,"basaliob":-0.047,"bolussnooze":0,"activity":0.0068,"lastBolusTime":1703750774725,"time":"2023-12-28T08:31:13.072Z","iobWithZeroTemp":{"iob":0.573,"basaliob":-0.14,"bolussnooze":0,"activity":0.0066,"lastBolusTime":1703750774725,"time":"2023-12-28T08:31:13.072Z"}},{"iob":0.632,"basaliob":-0.043,"bolussnooze":0,"activity":0.0067,"lastBolusTime":1703750774725,"time":"2023-12-28T08:36:13.072Z","iobWithZeroTemp":{"iob":0.515,"basaliob":-0.16,"bolussnooze":0,"activity":0.0063,"lastBolusTime":1703750774725,"time":"2023-12-28T08:36:13.072Z"}},{"iob":0.599,"basaliob":-0.039,"bolussnooze":0,"activity":0.0065,"lastBolusTime":1703750774725,"time":"2023-12-28T08:41:13.072Z","iobWithZeroTemp":{"iob":0.459,"basaliob":-0.179,"bolussnooze":0,"activity":0.006,"lastBolusTime":1703750774725,"time":"2023-12-28T08:41:13.072Z"}},{"iob":0.567,"basaliob":-0.036,"bolussnooze":0,"activity":0.0064,"lastBolusTime":1703750774725,"time":"2023-12-28T08:46:13.072Z","iobWithZeroTemp":{"iob":0.405,"basaliob":-0.198,"bolussnooze":0,"activity":0.0057,"lastBolusTime":1703750774725,"time":"2023-12-28T08:46:13.072Z"}},{"iob":0.535,"basaliob":-0.033,"bolussnooze":0,"activity":0.0062,"lastBolusTime":1703750774725,"time":"2023-12-28T08:51:13.072Z","iobWithZeroTemp":{"iob":0.352,"basaliob":-0.216,"bolussnooze":0,"activity":0.0054,"lastBolusTime":1703750774725,"time":"2023-12-28T08:51:13.072Z"}},{"iob":0.505,"basaliob":-0.03,"bolussnooze":0,"activity":0.006,"lastBolusTime":1703750774725,"time":"2023-12-28T08:56:13.072Z","iobWithZeroTemp":{"iob":0.301,"basaliob":-0.234,"bolussnooze":0,"activity":0.005,"lastBolusTime":1703750774725,"time":"2023-12-28T08:56:13.072Z"}},{"iob":0.475,"basaliob":-0.028,"bolussnooze":0,"activity":0.0057,"lastBolusTime":1703750774725,"time":"2023-12-28T09:01:13.072Z","iobWithZeroTemp":{"iob":0.252,"basaliob":-0.251,"bolussnooze":0,"activity":0.0045,"lastBolusTime":1703750774725,"time":"2023-12-28T09:01:13.072Z"}},{"iob":0.448,"basaliob":-0.025,"bolussnooze":0,"activity":0.0055,"lastBolusTime":1703750774725,"time":"2023-12-28T09:06:13.072Z","iobWithZeroTemp":{"iob":0.206,"basaliob":-0.267,"bolussnooze":0,"activity":0.0042,"lastBolusTime":1703750774725,"time":"2023-12-28T09:06:13.072Z"}},{"iob":0.42,"basaliob":-0.023,"bolussnooze":0,"activity":0.0053,"lastBolusTime":1703750774725,"time":"2023-12-28T09:11:13.072Z","iobWithZeroTemp":{"iob":0.16,"basaliob":-0.283,"bolussnooze":0,"activity":0.0038,"lastBolusTime":1703750774725,"time":"2023-12-28T09:11:13.072Z"}},{"iob":0.395,"basaliob":-0.021,"bolussnooze":0,"activity":0.005,"lastBolusTime":1703750774725,"time":"2023-12-28T09:16:13.072Z","iobWithZeroTemp":{"iob":0.118,"basaliob":-0.298,"bolussnooze":0,"activity":0.0033,"lastBolusTime":1703750774725,"time":"2023-12-28T09:16:13.072Z"}},{"iob":0.37,"basaliob":-0.019,"bolussnooze":0,"activity":0.0048,"lastBolusTime":1703750774725,"time":"2023-12-28T09:21:13.072Z","iobWithZeroTemp":{"iob":0.076,"basaliob":-0.313,"bolussnooze":0,"activity":0.003,"lastBolusTime":1703750774725,"time":"2023-12-28T09:21:13.072Z"}},{"iob":0.347,"basaliob":-0.017,"bolussnooze":0,"activity":0.0046,"lastBolusTime":1703750774725,"time":"2023-12-28T09:26:13.072Z","iobWithZeroTemp":{"iob":0.038,"basaliob":-0.326,"bolussnooze":0,"activity":0.0026,"lastBolusTime":1703750774725,"time":"2023-12-28T09:26:13.072Z"}},{"iob":0.324,"basaliob":-0.016,"bolussnooze":0,"activity":0.0044,"lastBolusTime":1703750774725,"time":"2023-12-28T09:31:13.072Z","iobWithZeroTemp":{"iob":0,"basaliob":-0.34,"bolussnooze":0,"activity":0.0022,"lastBolusTime":1703750774725,"time":"2023-12-28T09:31:13.072Z"}},{"iob":0.303,"basaliob":-0.014,"bolussnooze":0,"activity":0.0041,"lastBolusTime":1703750774725,"time":"2023-12-28T09:36:13.072Z","iobWithZeroTemp":{"iob":-0.034,"basaliob":-0.351,"bolussnooze":0,"activity":0.0018,"lastBolusTime":1703750774725,"time":"2023-12-28T09:36:13.072Z"}},{"iob":0.283,"basaliob":-0.013,"bolussnooze":0,"activity":0.0039,"lastBolusTime":1703750774725,"time":"2023-12-28T09:41:13.072Z","iobWithZeroTemp":{"iob":-0.067,"basaliob":-0.363,"bolussnooze":0,"activity":0.0014,"lastBolusTime":1703750774725,"time":"2023-12-28T09:41:13.072Z"}},{"iob":0.264,"basaliob":-0.012,"bolussnooze":0,"activity":0.0037,"lastBolusTime":1703750774725,"time":"2023-12-28T09:46:13.072Z","iobWithZeroTemp":{"iob":-0.099,"basaliob":-0.375,"bolussnooze":0,"activity":0.0011,"lastBolusTime":1703750774725,"time":"2023-12-28T09:46:13.072Z"}},{"iob":0.246,"basaliob":-0.011,"bolussnooze":0,"activity":0.0035,"lastBolusTime":1703750774725,"time":"2023-12-28T09:51:13.072Z","iobWithZeroTemp":{"iob":-0.128,"basaliob":-0.385,"bolussnooze":0,"activity":7.0E-4,"lastBolusTime":1703750774725,"time":"2023-12-28T09:51:13.072Z"}},{"iob":0.229,"basaliob":-0.01,"bolussnooze":0,"activity":0.0033,"lastBolusTime":1703750774725,"time":"2023-12-28T09:56:13.072Z","iobWithZeroTemp":{"iob":-0.156,"basaliob":-0.395,"bolussnooze":0,"activity":4.0E-4,"lastBolusTime":1703750774725,"time":"2023-12-28T09:56:13.072Z"}},{"iob":0.213,"basaliob":-0.009,"bolussnooze":0,"activity":0.0031,"lastBolusTime":1703750774725,"time":"2023-12-28T10:01:13.072Z","iobWithZeroTemp":{"iob":-0.182,"basaliob":-0.404,"bolussnooze":0,"activity":1.0E-4,"lastBolusTime":1703750774725,"time":"2023-12-28T10:01:13.072Z"}},{"iob":0.198,"basaliob":-0.008,"bolussnooze":0,"activity":0.0029,"lastBolusTime":1703750774725,"time":"2023-12-28T10:06:13.072Z","iobWithZeroTemp":{"iob":-0.207,"basaliob":-0.413,"bolussnooze":0,"activity":-2.0E-4,"lastBolusTime":1703750774725,"time":"2023-12-28T10:06:13.072Z"}},{"iob":0.184,"basaliob":-0.007,"bolussnooze":0,"activity":0.0028,"lastBolusTime":1703750774725,"time":"2023-12-28T10:11:13.072Z","iobWithZeroTemp":{"iob":-0.23,"basaliob":-0.421,"bolussnooze":0,"activity":-5.0E-4,"lastBolusTime":1703750774725,"time":"2023-12-28T10:11:13.072Z"}},{"iob":0.17,"basaliob":-0.007,"bolussnooze":0,"activity":0.0026,"lastBolusTime":1703750774725,"time":"2023-12-28T10:16:13.072Z","iobWithZeroTemp":{"iob":-0.253,"basaliob":-0.43,"bolussnooze":0,"activity":-8.0E-4,"lastBolusTime":1703750774725,"time":"2023-12-28T10:16:13.072Z"}},{"iob":0.158,"basaliob":-0.006,"bolussnooze":0,"activity":0.0024,"lastBolusTime":1703750774725,"time":"2023-12-28T10:21:13.072Z","iobWithZeroTemp":{"iob":-0.272,"basaliob":-0.436,"bolussnooze":0,"activity":-0.0011,"lastBolusTime":1703750774725,"time":"2023-12-28T10:21:13.072Z"}},{"iob":0.147,"basaliob":-0.005,"bolussnooze":0,"activity":0.0023,"lastBolusTime":1703750774725,"time":"2023-12-28T10:26:13.072Z","iobWithZeroTemp":{"iob":-0.291,"basaliob":-0.443,"bolussnooze":0,"activity":-0.0013,"lastBolusTime":1703750774725,"time":"2023-12-28T10:26:13.072Z"}},{"iob":0.136,"basaliob":-0.005,"bolussnooze":0,"activity":0.0021,"lastBolusTime":1703750774725,"time":"2023-12-28T10:31:13.072Z","iobWithZeroTemp":{"iob":-0.309,"basaliob":-0.45,"bolussnooze":0,"activity":-0.0016,"lastBolusTime":1703750774725,"time":"2023-12-28T10:31:13.072Z"}},{"iob":0.126,"basaliob":-0.004,"bolussnooze":0,"activity":0.002,"lastBolusTime":1703750774725,"time":"2023-12-28T10:36:13.072Z","iobWithZeroTemp":{"iob":-0.325,"basaliob":-0.455,"bolussnooze":0,"activity":-0.0018,"lastBolusTime":1703750774725,"time":"2023-12-28T10:36:13.072Z"}},{"iob":0.116,"basaliob":-0.004,"bolussnooze":0,"activity":0.0018,"lastBolusTime":1703750774725,"time":"2023-12-28T10:41:13.072Z","iobWithZeroTemp":{"iob":-0.341,"basaliob":-0.461,"bolussnooze":0,"activity":-0.0021,"lastBolusTime":1703750774725,"time":"2023-12-28T10:41:13.072Z"}},{"iob":0.108,"basaliob":-0.003,"bolussnooze":0,"activity":0.0017,"lastBolusTime":1703750774725,"time":"2023-12-28T10:46:13.072Z","iobWithZeroTemp":{"iob":-0.355,"basaliob":-0.466,"bolussnooze":0,"activity":-0.0022,"lastBolusTime":1703750774725,"time":"2023-12-28T10:46:13.072Z"}},{"iob":0.099,"basaliob":-0.003,"bolussnooze":0,"activity":0.0016,"lastBolusTime":1703750774725,"time":"2023-12-28T10:51:13.072Z","iobWithZeroTemp":{"iob":-0.369,"basaliob":-0.471,"bolussnooze":0,"activity":-0.0024,"lastBolusTime":1703750774725,"time":"2023-12-28T10:51:13.072Z"}},{"iob":0.091,"basaliob":-0.003,"bolussnooze":0,"activity":0.0014,"lastBolusTime":1703750774725,"time":"2023-12-28T10:56:13.072Z","iobWithZeroTemp":{"iob":-0.382,"basaliob":-0.476,"bolussnooze":0,"activity":-0.0027,"lastBolusTime":1703750774725,"time":"2023-12-28T10:56:13.072Z"}},{"iob":0.085,"basaliob":-0.002,"bolussnooze":0,"activity":0.0013,"lastBolusTime":1703750774725,"time":"2023-12-28T11:01:13.072Z","iobWithZeroTemp":{"iob":-0.392,"basaliob":-0.479,"bolussnooze":0,"activity":-0.0028,"lastBolusTime":1703750774725,"time":"2023-12-28T11:01:13.072Z"}},{"iob":0.078,"basaliob":-0.002,"bolussnooze":0,"activity":0.0012,"lastBolusTime":1703750774725,"time":"2023-12-28T11:06:13.072Z","iobWithZeroTemp":{"iob":-0.403,"basaliob":-0.483,"bolussnooze":0,"activity":-0.003,"lastBolusTime":1703750774725,"time":"2023-12-28T11:06:13.072Z"}},{"iob":0.072,"basaliob":-0.002,"bolussnooze":0,"activity":0.0012,"lastBolusTime":1703750774725,"time":"2023-12-28T11:11:13.072Z","iobWithZeroTemp":{"iob":-0.413,"basaliob":-0.487,"bolussnooze":0,"activity":-0.0031,"lastBolusTime":1703750774725,"time":"2023-12-28T11:11:13.072Z"}},{"iob":0.066,"basaliob":-0.002,"bolussnooze":0,"activity":0.0011,"lastBolusTime":1703750774725,"time":"2023-12-28T11:16:13.072Z","iobWithZeroTemp":{"iob":-0.423,"basaliob":-0.491,"bolussnooze":0,"activity":-0.0032,"lastBolusTime":1703750774725,"time":"2023-12-28T11:16:13.072Z"}},{"iob":0.061,"basaliob":-0.001,"bolussnooze":0,"activity":0.0011,"lastBolusTime":1703750774725,"time":"2023-12-28T11:21:13.072Z","iobWithZeroTemp":{"iob":-0.431,"basaliob":-0.493,"bolussnooze":0,"activity":-0.0033,"lastBolusTime":1703750774725,"time":"2023-12-28T11:21:13.072Z"}},{"iob":0.056,"basaliob":-0.001,"bolussnooze":0,"activity":0.001,"lastBolusTime":1703750774725,"time":"2023-12-28T11:26:13.072Z","iobWithZeroTemp":{"iob":-0.439,"basaliob":-0.496,"bolussnooze":0,"activity":-0.0034,"lastBolusTime":1703750774725,"time":"2023-12-28T11:26:13.072Z"}},{"iob":0.051,"basaliob":-0.001,"bolussnooze":0,"activity":9.0E-4,"lastBolusTime":1703750774725,"time":"2023-12-28T11:31:13.072Z","iobWithZeroTemp":{"iob":-0.447,"basaliob":-0.499,"bolussnooze":0,"activity":-0.0036,"lastBolusTime":1703750774725,"time":"2023-12-28T11:31:13.072Z"}},{"iob":0.047,"basaliob":-0.001,"bolussnooze":0,"activity":8.0E-4,"lastBolusTime":1703750774725,"time":"2023-12-28T11:36:13.072Z","iobWithZeroTemp":{"iob":-0.453,"basaliob":-0.501,"bolussnooze":0,"activity":-0.0037,"lastBolusTime":1703750774725,"time":"2023-12-28T11:36:13.072Z"}},{"iob":0.043,"basaliob":-0.001,"bolussnooze":0,"activity":8.0E-4,"lastBolusTime":1703750774725,"time":"2023-12-28T11:41:13.072Z","iobWithZeroTemp":{"iob":-0.46,"basaliob":-0.504,"bolussnooze":0,"activity":-0.0037,"lastBolusTime":1703750774725,"time":"2023-12-28T11:41:13.072Z"}},{"iob":0.039,"basaliob":-0.001,"bolussnooze":0,"activity":7.0E-4,"lastBolusTime":1703750774725,"time":"2023-12-28T11:46:13.072Z","iobWithZeroTemp":{"iob":-0.466,"basaliob":-0.506,"bolussnooze":0,"activity":-0.0039,"lastBolusTime":1703750774725,"time":"2023-12-28T11:46:13.072Z"}},{"iob":0.036,"basaliob":-0.001,"bolussnooze":0,"activity":7.0E-4,"lastBolusTime":1703750774725,"time":"2023-12-28T11:51:13.072Z","iobWithZeroTemp":{"iob":-0.471,"basaliob":-0.508,"bolussnooze":0,"activity":-0.0039,"lastBolusTime":1703750774725,"time":"2023-12-28T11:51:13.072Z"}},{"iob":0.033,"basaliob":-0.001,"bolussnooze":0,"activity":6.0E-4,"lastBolusTime":1703750774725,"time":"2023-12-28T11:56:13.072Z","iobWithZeroTemp":{"iob":-0.476,"basaliob":-0.51,"bolussnooze":0,"activity":-0.004,"lastBolusTime":1703750774725,"time":"2023-12-28T11:56:13.072Z"}},{"iob":0.031,"basaliob":0,"bolussnooze":0,"activity":6.0E-4,"lastBolusTime":1703750774725,"time":"2023-12-28T12:01:13.072Z","iobWithZeroTemp":{"iob":-0.48,"basaliob":-0.511,"bolussnooze":0,"activity":-0.0041,"lastBolusTime":1703750774725,"time":"2023-12-28T12:01:13.072Z"}},{"iob":0.028,"basaliob":0,"bolussnooze":0,"activity":5.0E-4,"lastBolusTime":1703750774725,"time":"2023-12-28T12:06:13.072Z","iobWithZeroTemp":{"iob":-0.484,"basaliob":-0.512,"bolussnooze":0,"activity":-0.0042,"lastBolusTime":1703750774725,"time":"2023-12-28T12:06:13.072Z"}}],"profile":{"max_iob":4,"type":"current","max_daily_basal":0.5,"max_basal":1.2,"min_bg":95.4,"max_bg":95.4,"target_bg":95.4,"carb_ratio":30,"sens":126,"max_daily_safety_multiplier":3,"current_basal_safety_multiplier":4,"lgsThreshold":65,"high_temptarget_raises_sensitivity":false,"low_temptarget_lowers_sensitivity":false,"sensitivity_raises_target":true,"resistance_lowers_target":true,"adv_target_adjustments":false,"exercise_mode":false,"half_basal_exercise_target":160,"maxCOB":120,"skip_neutral_temps":false,"remainingCarbsCap":90,"enableUAM":true,"A52_risk_enable":false,"SMBInterval":3,"enableSMB_with_COB":true,"enableSMB_with_temptarget":true,"allowSMB_with_high_temptarget":false,"enableSMB_always":false,"enableSMB_after_carbs":false,"maxSMBBasalMinutes":75,"maxUAMSMBBasalMinutes":75,"bolus_increment":0.05,"carbsReqThreshold":10,"current_basal":0.3,"temptargetSet":true,"autosens_max":1.2,"autosens_min":0.7,"out_units":"mmol\/L","variable_sens":113.2,"insulinDivisor":65,"TDD":11.913497619047618},"autosens_data":{"ratio":1},"meal_data":{"carbs":0,"mealCOB":0,"slopeFromMaxDeviation":-0.4212222222222223,"slopeFromMinDeviation":4.089,"lastBolusTime":1703750774725,"lastCarbTime":0},"microBolusAllowed":true,"currentTime":1703751074647,"flatBGsDetected":false,"tdd1D":11.195833333333328,"tdd7D":12.08690476190476,"tddLast24H":13.204166666666667,"tddLast4H":2.291666666666667,"tddLast8to4H":1.5708333333333337},"output":{"temp":"absolute","bg":182,"tick":"+12","eventualBG":183,"targetBG":95.4,"insulinReq":0.57,"deliverAt":"2023-12-28T08:11:14.647Z","sensitivityRatio":1,"variable_sens":113.2,"predBGs":{"IOB":[182,187,191,194,197,198,199,200,200,199,197,195,192,189,186,183,181,178,176,174,171,169,167,166,164,162,161,159,158,156,155,154,153,152,151,150,150,149,148,147,147,146,146,145,145,144],"ZT":[182,178,174,170,166,162,159,155,151,148,145,142,139,137,135,133,131,129,128,127,126,126,125,125,126,126,126],"UAM":[182,192,201,208,215,220,223,226,227,227,226,223,220,217,215,212,210,208,206,203,202,200,198,196,195,193,192,190,189,188,187,186,185,184,183,182,182,181,180,180,179,179,178,178,177,177,177,176]},"reason":"COB: 0, Dev: 5.1, BGI: -0.2, ISF: 6.3, CR: 30, Target: 5.3, minPredBG 8.9, minGuardBG 9.8, IOBpredBG 8.0, UAMpredBG 9.8; Eventual BG 10.2 >= 5.3,  insulinReq 0.57. Microbolusing 0.25U. adj. req. rate: 1.44 to maxSafeBasal: 1.2, temp 0.60 < 1.2U\/hr. ","COB":0,"IOB":0.803,"units":0.25,"duration":30,"rate":1.2,"timestamp":"2023-12-28T08:11:14.670Z"}}