{"algorithm":"OpenAPSSMBDynamicISFPlugin","input":{"glucoseStatus":{"glucose":190,"noise":0,"delta":3.67,"short_avgdelta":6.5,"long_avgdelta":10.92,"date":1703673000000},"currenttemp":{"temp":"absolute","duration":5,"rate":1.2,"minutesrunning":25},"iob_data":[{"iob":0.465,"basaliob":0.465,"bolussnooze":0,"activity":0.0024,"lastBolusTime":0,"time":"2023-12-27T10:31:12.014Z","iobWithZeroTemp":{"iob":0.465,"basaliob":0.465,"bolussnooze":0,"activity":0.0024,"lastBolusTime":0,"time":"2023-12-27T10:31:12.014Z"}},{"iob":0.452,"basaliob":0.452,"bolussnooze":0,"activity":0.0027,"lastBolusTime":0,"time":"2023-12-27T10:36:12.014Z","iobWithZeroTemp":{"iob":0.432,"basaliob":0.432,"bolussnooze":0,"activity":0.0027,"lastBolusTime":0,"time":"2023-12-27T10:36:12.014Z"}},{"iob":0.438,"basaliob":0.438,"bolussnooze":0,"activity":0.0029,"lastBolusTime":0,"time":"2023-12-27T10:41:12.014Z","iobWithZeroTemp":{"iob":0.393,"basaliob":0.393,"bolussnooze":0,"activity":0.0028,"lastBolusTime":0,"time":"2023-12-27T10:41:12.014Z"}},{"iob":0.423,"basaliob":0.423,"bolussnooze":0,"activity":0.0031,"lastBolusTime":0,"time":"2023-12-27T10:46:12.014Z","iobWithZeroTemp":{"iob":0.354,"basaliob":0.354,"bolussnooze":0,"activity":0.003,"lastBolusTime":0,"time":"2023-12-27T10:46:12.014Z"}},{"iob":0.407,"basaliob":0.407,"bolussnooze":0,"activity":0.0032,"lastBolusTime":0,"time":"2023-12-27T10:51:12.014Z","iobWithZeroTemp":{"iob":0.314,"basaliob":0.314,"bolussnooze":0,"activity":0.003,"lastBolusTime":0,"time":"2023-12-27T10:51:12.014Z"}},{"iob":0.39,"basaliob":0.39,"bolussnooze":0,"activity":0.0033,"lastBolusTime":0,"time":"2023-12-27T10:56:12.014Z","iobWithZeroTemp":{"iob":0.273,"basaliob":0.273,"bolussnooze":0,"activity":0.0029,"lastBolusTime":0,"time":"2023-12-27T10:56:12.014Z"}},{"iob":0.374,"basaliob":0.374,"bolussnooze":0,"activity":0.0034,"lastBolusTime":0,"time":"2023-12-27T11:01:12.014Z","iobWithZeroTemp":{"iob":0.234,"basaliob":0.234,"bolussnooze":0,"activity":0.0029,"lastBolusTime":0,"time":"2023-12-27T11:01:12.014Z"}},{"iob":0.357,"basaliob":0.357,"bolussnooze":0,"activity":0.0034,"lastBolusTime":0,"time":"2023-12-27T11:06:12.014Z","iobWithZeroTemp":{"iob":0.195,"basaliob":0.195,"bolussnooze":0,"activity":0.0027,"lastBolusTime":0,"time":"2023-12-27T11:06:12.014Z"}},{"iob":0.34,"basaliob":0.34,"bolussnooze":0,"activity":0.0034,"lastBolusTime":0,"time":"2023-12-27T11:11:12.014Z","iobWithZeroTemp":{"iob":0.157,"basaliob":0.157,"bolussnooze":0,"activity":0.0026,"lastBolusTime":0,"time":"2023-12-27T11:11:12.014Z"}},{"iob":0.323,"basaliob":0.323,"bolussnooze":0,"activity":0.0033,"lastBolusTime":0,"time":"2023-12-27T11:16:12.014Z","iobWithZeroTemp":{"iob":0.119,"basaliob":0.119,"bolussnooze":0,"activity":0.0023,"lastBolusTime":0,"time":"2023-12-27T11:16:12.014Z"}},{"iob":0.307,"basaliob":0.307,"bolussnooze":0,"activity":0.0033,"lastBolusTime":0,"time":"2023-12-27T11:21:12.014Z","iobWithZeroTemp":{"iob":0.084,"basaliob":0.084,"bolussnooze":0,"activity":0.0021,"lastBolusTime":0,"time":"2023-12-27T11:21:12.014Z"}},{"iob":0.29,"basaliob":0.29,"bolussnooze":0,"activity":0.0032,"lastBolusTime":0,"time":"2023-12-27T11:26:12.014Z","iobWithZeroTemp":{"iob":0.048,"basaliob":0.048,"bolussnooze":0,"activity":0.0019,"lastBolusTime":0,"time":"2023-12-27T11:26:12.014Z"}},{"iob":0.275,"basaliob":0.275,"bolussnooze":0,"activity":0.0031,"lastBolusTime":0,"time":"2023-12-27T11:31:12.014Z","iobWithZeroTemp":{"iob":0.015,"basaliob":0.015,"bolussnooze":0,"activity":0.0016,"lastBolusTime":0,"time":"2023-12-27T11:31:12.014Z"}},{"iob":0.259,"basaliob":0.259,"bolussnooze":0,"activity":0.003,"lastBolusTime":0,"time":"2023-12-27T11:36:12.014Z","iobWithZeroTemp":{"iob":-0.018,"basaliob":-0.018,"bolussnooze":0,"activity":0.0013,"lastBolusTime":0,"time":"2023-12-27T11:36:12.014Z"}},{"iob":0.245,"basaliob":0.245,"bolussnooze":0,"activity":0.0029,"lastBolusTime":0,"time":"2023-12-27T11:41:12.014Z","iobWithZeroTemp":{"iob":-0.049,"basaliob":-0.049,"bolussnooze":0,"activity":0.0011,"lastBolusTime":0,"time":"2023-12-27T11:41:12.014Z"}},{"iob":0.23,"basaliob":0.23,"bolussnooze":0,"activity":0.0028,"lastBolusTime":0,"time":"2023-12-27T11:46:12.014Z","iobWithZeroTemp":{"iob":-0.079,"basaliob":-0.079,"bolussnooze":0,"activity":8.0E-4,"lastBolusTime":0,"time":"2023-12-27T11:46:12.014Z"}},{"iob":0.217,"basaliob":0.217,"bolussnooze":0,"activity":0.0027,"lastBolusTime":0,"time":"2023-12-27T11:51:12.014Z","iobWithZeroTemp":{"iob":-0.107,"basaliob":-0.107,"bolussnooze":0,"activity":5.0E-4,"lastBolusTime":0,"time":"2023-12-27T11:51:12.014Z"}},{"iob":0.203,"basaliob":0.203,"bolussnooze":0,"activity":0.0026,"lastBolusTime":0,"time":"2023-12-27T11:56:12.014Z","iobWithZeroTemp":{"iob":-0.134,"basaliob":-0.134,"bolussnooze":0,"activity":3.0E-4,"lastBolusTime":0,"time":"2023-12-27T11:56:12.014Z"}},{"iob":0.191,"basaliob":0.191,"bolussnooze":0,"activity":0.0025,"lastBolusTime":0,"time":"2023-12-27T12:01:12.014Z","iobWithZeroTemp":{"iob":-0.159,"basaliob":-0.159,"bolussnooze":0,"activity":0,"lastBolusTime":0,"time":"2023-12-27T12:01:12.014Z"}},{"iob":0.179,"basaliob":0.179,"bolussnooze":0,"activity":0.0023,"lastBolusTime":0,"time":"2023-12-27T12:06:12.014Z","iobWithZeroTemp":{"iob":-0.184,"basaliob":-0.184,"bolussnooze":0,"activity":-3.0E-4,"lastBolusTime":0,"time":"2023-12-27T12:06:12.014Z"}},{"iob":0.168,"basaliob":0.168,"bolussnooze":0,"activity":0.0022,"lastBolusTime":0,"time":"2023-12-27T12:11:12.014Z","iobWithZeroTemp":{"iob":-0.206,"basaliob":-0.206,"bolussnooze":0,"activity":-6.0E-4,"lastBolusTime":0,"time":"2023-12-27T12:11:12.014Z"}},{"iob":0.157,"basaliob":0.157,"bolussnooze":0,"activity":0.0021,"lastBolusTime":0,"time":"2023-12-27T12:16:12.014Z","iobWithZeroTemp":{"iob":-0.228,"basaliob":-0.228,"bolussnooze":0,"activity":-8.0E-4,"lastBolusTime":0,"time":"2023-12-27T12:16:12.014Z"}},{"iob":0.146,"basaliob":0.146,"bolussnooze":0,"activity":0.002,"lastBolusTime":0,"time":"2023-12-27T12:21:12.014Z","iobWithZeroTemp":{"iob":-0.249,"basaliob":-0.249,"bolussnooze":0,"activity":-0.001,"lastBolusTime":0,"time":"2023-12-27T12:21:12.014Z"}},{"iob":0.137,"basaliob":0.137,"bolussnooze":0,"activity":0.0019,"lastBolusTime":0,"time":"2023-12-27T12:26:12.014Z","iobWithZeroTemp":{"iob":-0.268,"basaliob":-0.268,"bolussnooze":0,"activity":-0.0012,"lastBolusTime":0,"time":"2023-12-27T12:26:12.014Z"}},{"iob":0.127,"basaliob":0.127,"bolussnooze":0,"activity":0.0018,"lastBolusTime":0,"time":"2023-12-27T12:31:12.014Z","iobWithZeroTemp":{"iob":-0.287,"basaliob":-0.287,"bolussnooze":0,"activity":-0.0015,"lastBolusTime":0,"time":"2023-12-27T12:31:12.014Z"}},{"iob":0.119,"basaliob":0.119,"bolussnooze":0,"activity":0.0017,"lastBolusTime":0,"time":"2023-12-27T12:36:12.014Z","iobWithZeroTemp":{"iob":-0.303,"basaliob":-0.303,"bolussnooze":0,"activity":-0.0017,"lastBolusTime":0,"time":"2023-12-27T12:36:12.014Z"}},{"iob":0.111,"basaliob":0.111,"bolussnooze":0,"activity":0.0016,"lastBolusTime":0,"time":"2023-12-27T12:41:12.014Z","iobWithZeroTemp":{"iob":-0.319,"basaliob":-0.319,"bolussnooze":0,"activity":-0.0019,"lastBolusTime":0,"time":"2023-12-27T12:41:12.014Z"}},{"iob":0.103,"basaliob":0.103,"bolussnooze":0,"activity":0.0015,"lastBolusTime":0,"time":"2023-12-27T12:46:12.014Z","iobWithZeroTemp":{"iob":-0.335,"basaliob":-0.335,"bolussnooze":0,"activity":-0.0021,"lastBolusTime":0,"time":"2023-12-27T12:46:12.014Z"}},{"iob":0.096,"basaliob":0.096,"bolussnooze":0,"activity":0.0014,"lastBolusTime":0,"time":"2023-12-27T12:51:12.014Z","iobWithZeroTemp":{"iob":-0.349,"basaliob":-0.349,"bolussnooze":0,"activity":-0.0023,"lastBolusTime":0,"time":"2023-12-27T12:51:12.014Z"}},{"iob":0.089,"basaliob":0.089,"bolussnooze":0,"activity":0.0013,"lastBolusTime":0,"time":"2023-12-27T12:56:12.014Z","iobWithZeroTemp":{"iob":-0.362,"basaliob":-0.362,"bolussnooze":0,"activity":-0.0025,"lastBolusTime":0,"time":"2023-12-27T12:56:12.014Z"}},{"iob":0.082,"basaliob":0.082,"bolussnooze":0,"activity":0.0012,"lastBolusTime":0,"time":"2023-12-27T13:01:12.014Z","iobWithZeroTemp":{"iob":-0.375,"basaliob":-0.375,"bolussnooze":0,"activity":-0.0027,"lastBolusTime":0,"time":"2023-12-27T13:01:12.014Z"}},{"iob":0.076,"basaliob":0.076,"bolussnooze":0,"activity":0.0012,"lastBolusTime":0,"time":"2023-12-27T13:06:12.014Z","iobWithZeroTemp":{"iob":-0.387,"basaliob":-0.387,"bolussnooze":0,"activity":-0.0027,"lastBolusTime":0,"time":"2023-12-27T13:06:12.014Z"}},{"iob":0.071,"basaliob":0.071,"bolussnooze":0,"activity":0.0011,"lastBolusTime":0,"time":"2023-12-27T13:11:12.014Z","iobWithZeroTemp":{"iob":-0.397,"basaliob":-0.397,"bolussnooze":0,"activity":-0.0029,"lastBolusTime":0,"time":"2023-12-27T13:11:12.014Z"}},{"iob":0.066,"basaliob":0.066,"bolussnooze":0,"activity":0.001,"lastBolusTime":0,"time":"2023-12-27T13:16:12.014Z","iobWithZeroTemp":{"iob":-0.406,"basaliob":-0.406,"bolussnooze":0,"activity":-0.0031,"lastBolusTime":0,"time":"2023-12-27T13:16:12.014Z"}},{"iob":0.061,"basaliob":0.061,"bolussnooze":0,"activity":9.0E-4,"lastBolusTime":0,"time":"2023-12-27T13:21:12.014Z","iobWithZeroTemp":{"iob":-0.416,"basaliob":-0.416,"bolussnooze":0,"activity":-0.0032,"lastBolusTime":0,"time":"2023-12-27T13:21:12.014Z"}},{"iob":0.056,"basaliob":0.056,"bolussnooze":0,"activity":9.0E-4,"lastBolusTime":0,"time":"2023-12-27T13:26:12.014Z","iobWithZeroTemp":{"iob":-0.425,"basaliob":-0.425,"bolussnooze":0,"activity":-0.0033,"lastBolusTime":0,"time":"2023-12-27T13:26:12.014Z"}},{"iob":0.052,"basaliob":0.052,"bolussnooze":0,"activity":8.0E-4,"lastBolusTime":0,"time":"2023-12-27T13:31:12.014Z","iobWithZeroTemp":{"iob":-0.433,"basaliob":-0.433,"bolussnooze":0,"activity":-0.0035,"lastBolusTime":0,"time":"2023-12-27T13:31:12.014Z"}},{"iob":0.048,"basaliob":0.048,"bolussnooze":0,"activity":8.0E-4,"lastBolusTime":0,"time":"2023-12-27T13:36:12.014Z","iobWithZeroTemp":{"iob":-0.44,"basaliob":-0.44,"bolussnooze":0,"activity":-0.0035,"lastBolusTime":0,"time":"2023-12-27T13:36:12.014Z"}},{"iob":0.044,"basaliob":0.044,"bolussnooze":0,"activity":7.0E-4,"lastBolusTime":0,"time":"2023-12-27T13:41:12.014Z","iobWithZeroTemp":{"iob":-0.448,"basaliob":-0.448,"bolussnooze":0,"activity":-0.0037,"lastBolusTime":0,"time":"2023-12-27T13:41:12.014Z"}},{"iob":0.041,"basaliob":0.041,"bolussnooze":0,"activity":7.0E-4,"lastBolusTime":0,"time":"2023-12-27T13:46:12.014Z","iobWithZeroTemp":{"iob":-0.454,"basaliob":-0.454,"bolussnooze":0,"activity":-0.0037,"lastBolusTime":0,"time":"2023-12-27T13:46:12.014Z"}},{"iob":0.037,"basaliob":0.037,"bolussnooze":0,"activity":6.0E-4,"lastBolusTime":0,"time":"2023-12-27T13:51:12.014Z","iobWithZeroTemp":{"iob":-0.461,"basaliob":-0.461,"bolussnooze":0,"activity":-0.0039,"lastBolusTime":0,"time":"2023-12-27T13:51:12.014Z"}},{"iob":0.035,"basaliob":0.035,"bolussnooze":0,"activity":6.0E-4,"lastBolusTime":0,"time":"2023-12-27T13:56:12.014Z","iobWithZeroTemp":{"iob":-0.465,"basaliob":-0.465,"bolussnooze":0,"activity":-0.0039,"lastBolusTime":0,"time":"2023-12-27T13:56:12.014Z"}},{"iob":0.032,"basaliob":0.032,"bolussnooze":0,"activity":5.0E-4,"lastBolusTime":0,"time":"2023-12-27T14:01:12.014Z","iobWithZeroTemp":{"iob":-0.471,"basaliob":-0.471,"bolussnooze":0,"activity":-0.004,"lastBolusTime":0,"time":"2023-12-27T14:01:12.014Z"}},{"iob":0.029,"basaliob":0.029,"bolussnooze":0,"activity":5.0E-4,"lastBolusTime":0,"time":"2023-12-27T14:06:12.014Z","iobWithZeroTemp":{"iob":-0.476,"basaliob":-0.476,"bolussnooze":0,"activity":-0.0041,"lastBolusTime":0,"time":"2023-12-27T14:06:12.014Z"}},{"iob":0.027,"basaliob":0.027,"bolussnooze":0,"activity":5.0E-4,"lastBolusTime":0,"time":"2023-12-27T14:11:12.014Z","iobWithZeroTemp":{"iob":-0.48,"basaliob":-0.48,"bolussnooze":0,"activity":-0.0041,"lastBolusTime":0,"time":"2023-12-27T14:11:12.014Z"}},{"iob":0.025,"basaliob":0.025,"bolussnooze":0,"activity":4.0E-4,"lastBolusTime":0,"time":"2023-12-27T14:16:12.014Z","iobWithZeroTemp":{"iob":-0.484,"basaliob":-0.484,"bolussnooze":0,"activity":-0.0042,"lastBolusTime":0,"time":"2023-12-27T14:16:12.014Z"}},{"iob":0.023,"basaliob":0.023,"bolussnooze":0,"activity":4.0E-4,"lastBolusTime":0,"time":"2023-12-27T14:21:12.014Z","iobWithZeroTemp":{"iob":-0.488,"basaliob":-0.488,"bolussnooze":0,"activity":-0.0043,"lastBolusTime":0,"time":"2023-12-27T14:21:12.014Z"}},{"iob":0.021,"basaliob":0.021,"bolussnooze":0,"activity":4.0E-4,"lastBolusTime":0,"time":"2023-12-27T14:26:12.014Z","iobWithZeroTemp":{"iob":-0.491,"basaliob":-0.491,"bolussnooze":0,"activity":-0.0043,"lastBolusTime":0,"time":"2023-12-27T14:26:12.014Z"}}],"profile":{"max_iob":4,"type":"current","max_daily_basal":0.5,"max_basal":1.2,"min_bg":100.8,"max_bg":100.8,"target_bg":100.8,"carb_ratio":30,"sens":126,"max_daily_safety_multiplier":3,"current_basal_safety_multiplier":4,"lgsThreshold":65,"high_temptarget_raises_sensitivity":false,"low_temptarget_lowers_sensitivity":false,"sensitivity_raises_target":true,"resistance_lowers_target":true,"adv_target_adjustments":false,"exercise_mode":false,"half_basal_exercise_target":160,"maxCOB":120,"skip_neutral_temps":false,"remainingCarbsCap":90,"enableUAM":true,"A52_risk_enable":false,"SMBInterval":3,"enableSMB_with_COB":true,"enableSMB_with_temptarget":true,"allowSMB_with_high_temptarget":false,"enableSMB_always":false,"enableSMB_after_carbs":false,"maxSMBBasalMinutes":75,"maxUAMSMBBasalMinutes":75,"bolus_increment":0.05,"carbsReqThreshold":10,"current_basal":0.3,"temptargetSet":false,"autosens_max":1.2,"autosens_min":0.7,"out_units":"mmol\/L","variable_sens":112,"insulinDivisor":65,"TDD":11.755679761904762},"autosens_data":{"ratio":1},"meal_data":{"carbs":0,"mealCOB":0,"slopeFromMaxDeviation":0,"slopeFromMinDeviation":1.6524285714285714,"lastBolusTime":1703594420788,"lastCarbTime":0},"microBolusAllowed":true,"currentTime":1703673073462,"flatBGsDetected":false,"tdd1D":15.216666666666669,"tdd7D":11.563690476190475,"tddLast24H":9.979166666666657,"tddLast4H":1.4916666666666671,"tddLast8to4H":1.2374999999999998},"output":{"temp":"absolute","bg":190,"tick":"+4","eventualBG":168,"targetBG":100.8,"insulinReq":0.59,"deliverAt":"2023-12-27T10:31:13.462Z","sensitivityRatio":1,"variable_sens":112,"predBGs":{"IOB":[190,193,196,198,200,201,202,202,202,201,200,199,197,195,194,192,190,189,187,186,185,184,182,181,180,179,178,177,176,175,175,174,173,173,172,171,171,170,170,170,169,169,168,168,168,168,167],"ZT":[190,189,187,186,184,182,180,179,177,176,174,173,172,171,170,170,169,169,169,169,169,169,170,170],"UAM":[190,193,196,197,198,199,199,198,197,195,193,191,190,188,186,184,183,181,180,178,177,176,175,173,172,171,170,169,168,168,167,166,165,165,164,163,163,162,162,161,161,161,160,160,160,159]},"reason":"COB: 0, Dev: 1.7, BGI: -0.1, ISF: 6.2, CR: 30, Target: 5.6, minPredBG 9.3, minGuardBG 8.8, IOBpredBG 9.3, UAMpredBG 8.8; Eventual BG 9.3 >= 5.6, adj. req. rate: 1.48 to maxSafeBasal: 1.2, temp 1.20 < 1.2U\/hr. ","COB":0,"IOB":0.465,"duration":30,"rate":1.2,"timestamp":"2023-12-27T10:31:13.486Z"}}