{"algorithm":"OpenAPSSMBDynamicISFPlugin","input":{"glucoseStatus":{"glucose":108,"noise":0,"delta":3.67,"short_avgdelta":3.67,"long_avgdelta":2.97,"date":1703634320132},"currenttemp":{"temp":"absolute","duration":25,"rate":1,"minutesrunning":5},"iob_data":[{"iob":0.05,"basaliob":0.05,"bolussnooze":0,"activity":6.0E-4,"lastBolusTime":0,"time":"2023-12-26T23:46:10.790Z","iobWithZeroTemp":{"iob":0.05,"basaliob":0.05,"bolussnooze":0,"activity":6.0E-4,"lastBolusTime":0,"time":"2023-12-26T23:46:10.790Z"}},{"iob":0.047,"basaliob":0.047,"bolussnooze":0,"activity":6.0E-4,"lastBolusTime":0,"time":"2023-12-26T23:51:10.790Z","iobWithZeroTemp":{"iob":0.03,"basaliob":0.03,"bolussnooze":0,"activity":6.0E-4,"lastBolusTime":0,"time":"2023-12-26T23:51:10.790Z"}},{"iob":0.044,"basaliob":0.044,"bolussnooze":0,"activity":6.0E-4,"lastBolusTime":0,"time":"2023-12-26T23:56:10.790Z","iobWithZeroTemp":{"iob":0.007,"basaliob":0.007,"bolussnooze":0,"activity":5.0E-4,"lastBolusTime":0,"time":"2023-12-26T23:56:10.790Z"}},{"iob":0.041,"basaliob":0.041,"bolussnooze":0,"activity":5.0E-4,"lastBolusTime":0,"time":"2023-12-27T00:01:10.790Z","iobWithZeroTemp":{"iob":-0.017,"basaliob":-0.017,"bolussnooze":0,"activity":4.0E-4,"lastBolusTime":0,"time":"2023-12-27T00:01:10.790Z"}},{"iob":0.039,"basaliob":0.039,"bolussnooze":0,"activity":5.0E-4,"lastBolusTime":0,"time":"2023-12-27T00:06:10.790Z","iobWithZeroTemp":{"iob":-0.039,"basaliob":-0.039,"bolussnooze":0,"activity":3.0E-4,"lastBolusTime":0,"time":"2023-12-27T00:06:10.790Z"}},{"iob":0.036,"basaliob":0.036,"bolussnooze":0,"activity":5.0E-4,"lastBolusTime":0,"time":"2023-12-27T00:11:10.790Z","iobWithZeroTemp":{"iob":-0.061,"basaliob":-0.061,"bolussnooze":0,"activity":2.0E-4,"lastBolusTime":0,"time":"2023-12-27T00:11:10.790Z"}},{"iob":0.034,"basaliob":0.034,"bolussnooze":0,"activity":5.0E-4,"lastBolusTime":0,"time":"2023-12-27T00:16:10.790Z","iobWithZeroTemp":{"iob":-0.082,"basaliob":-0.082,"bolussnooze":0,"activity":1.0E-4,"lastBolusTime":0,"time":"2023-12-27T00:16:10.790Z"}},{"iob":0.031,"basaliob":0.031,"bolussnooze":0,"activity":4.0E-4,"lastBolusTime":0,"time":"2023-12-27T00:21:10.790Z","iobWithZeroTemp":{"iob":-0.104,"basaliob":-0.104,"bolussnooze":0,"activity":-1.0E-4,"lastBolusTime":0,"time":"2023-12-27T00:21:10.790Z"}},{"iob":0.029,"basaliob":0.029,"bolussnooze":0,"activity":4.0E-4,"lastBolusTime":0,"time":"2023-12-27T00:26:10.790Z","iobWithZeroTemp":{"iob":-0.124,"basaliob":-0.124,"bolussnooze":0,"activity":-3.0E-4,"lastBolusTime":0,"time":"2023-12-27T00:26:10.790Z"}},{"iob":0.027,"basaliob":0.027,"bolussnooze":0,"activity":4.0E-4,"lastBolusTime":0,"time":"2023-12-27T00:31:10.790Z","iobWithZeroTemp":{"iob":-0.143,"basaliob":-0.143,"bolussnooze":0,"activity":-4.0E-4,"lastBolusTime":0,"time":"2023-12-27T00:31:10.790Z"}},{"iob":0.025,"basaliob":0.025,"bolussnooze":0,"activity":4.0E-4,"lastBolusTime":0,"time":"2023-12-27T00:36:10.790Z","iobWithZeroTemp":{"iob":-0.161,"basaliob":-0.161,"bolussnooze":0,"activity":-6.0E-4,"lastBolusTime":0,"time":"2023-12-27T00:36:10.790Z"}},{"iob":0.023,"basaliob":0.023,"bolussnooze":0,"activity":4.0E-4,"lastBolusTime":0,"time":"2023-12-27T00:41:10.790Z","iobWithZeroTemp":{"iob":-0.179,"basaliob":-0.179,"bolussnooze":0,"activity":-7.0E-4,"lastBolusTime":0,"time":"2023-12-27T00:41:10.790Z"}},{"iob":0.022,"basaliob":0.022,"bolussnooze":0,"activity":3.0E-4,"lastBolusTime":0,"time":"2023-12-27T00:46:10.790Z","iobWithZeroTemp":{"iob":-0.195,"basaliob":-0.195,"bolussnooze":0,"activity":-9.0E-4,"lastBolusTime":0,"time":"2023-12-27T00:46:10.790Z"}},{"iob":0.02,"basaliob":0.02,"bolussnooze":0,"activity":3.0E-4,"lastBolusTime":0,"time":"2023-12-27T00:51:10.790Z","iobWithZeroTemp":{"iob":-0.211,"basaliob":-0.211,"bolussnooze":0,"activity":-0.0011,"lastBolusTime":0,"time":"2023-12-27T00:51:10.790Z"}},{"iob":0.019,"basaliob":0.019,"bolussnooze":0,"activity":3.0E-4,"lastBolusTime":0,"time":"2023-12-27T00:56:10.790Z","iobWithZeroTemp":{"iob":-0.226,"basaliob":-0.226,"bolussnooze":0,"activity":-0.0012,"lastBolusTime":0,"time":"2023-12-27T00:56:10.790Z"}},{"iob":0.017,"basaliob":0.017,"bolussnooze":0,"activity":3.0E-4,"lastBolusTime":0,"time":"2023-12-27T01:01:10.790Z","iobWithZeroTemp":{"iob":-0.24,"basaliob":-0.24,"bolussnooze":0,"activity":-0.0014,"lastBolusTime":0,"time":"2023-12-27T01:01:10.790Z"}},{"iob":0.016,"basaliob":0.016,"bolussnooze":0,"activity":3.0E-4,"lastBolusTime":0,"time":"2023-12-27T01:06:10.790Z","iobWithZeroTemp":{"iob":-0.254,"basaliob":-0.254,"bolussnooze":0,"activity":-0.0015,"lastBolusTime":0,"time":"2023-12-27T01:06:10.790Z"}},{"iob":0.015,"basaliob":0.015,"bolussnooze":0,"activity":2.0E-4,"lastBolusTime":0,"time":"2023-12-27T01:11:10.790Z","iobWithZeroTemp":{"iob":-0.266,"basaliob":-0.266,"bolussnooze":0,"activity":-0.0017,"lastBolusTime":0,"time":"2023-12-27T01:11:10.790Z"}},{"iob":0.013,"basaliob":0.013,"bolussnooze":0,"activity":2.0E-4,"lastBolusTime":0,"time":"2023-12-27T01:16:10.790Z","iobWithZeroTemp":{"iob":-0.279,"basaliob":-0.279,"bolussnooze":0,"activity":-0.0019,"lastBolusTime":0,"time":"2023-12-27T01:16:10.790Z"}},{"iob":0.012,"basaliob":0.012,"bolussnooze":0,"activity":2.0E-4,"lastBolusTime":0,"time":"2023-12-27T01:21:10.790Z","iobWithZeroTemp":{"iob":-0.29,"basaliob":-0.29,"bolussnooze":0,"activity":-0.002,"lastBolusTime":0,"time":"2023-12-27T01:21:10.790Z"}},{"iob":0.011,"basaliob":0.011,"bolussnooze":0,"activity":2.0E-4,"lastBolusTime":0,"time":"2023-12-27T01:26:10.790Z","iobWithZeroTemp":{"iob":-0.301,"basaliob":-0.301,"bolussnooze":0,"activity":-0.0021,"lastBolusTime":0,"time":"2023-12-27T01:26:10.790Z"}},{"iob":0.011,"basaliob":0.011,"bolussnooze":0,"activity":2.0E-4,"lastBolusTime":0,"time":"2023-12-27T01:31:10.790Z","iobWithZeroTemp":{"iob":-0.31,"basaliob":-0.31,"bolussnooze":0,"activity":-0.0022,"lastBolusTime":0,"time":"2023-12-27T01:31:10.790Z"}},{"iob":0.01,"basaliob":0.01,"bolussnooze":0,"activity":2.0E-4,"lastBolusTime":0,"time":"2023-12-27T01:36:10.790Z","iobWithZeroTemp":{"iob":-0.32,"basaliob":-0.32,"bolussnooze":0,"activity":-0.0023,"lastBolusTime":0,"time":"2023-12-27T01:36:10.790Z"}},{"iob":0.009,"basaliob":0.009,"bolussnooze":0,"activity":2.0E-4,"lastBolusTime":0,"time":"2023-12-27T01:41:10.790Z","iobWithZeroTemp":{"iob":-0.329,"basaliob":-0.329,"bolussnooze":0,"activity":-0.0024,"lastBolusTime":0,"time":"2023-12-27T01:41:10.790Z"}},{"iob":0.008,"basaliob":0.008,"bolussnooze":0,"activity":1.0E-4,"lastBolusTime":0,"time":"2023-12-27T01:46:10.790Z","iobWithZeroTemp":{"iob":-0.337,"basaliob":-0.337,"bolussnooze":0,"activity":-0.0026,"lastBolusTime":0,"time":"2023-12-27T01:46:10.790Z"}},{"iob":0.007,"basaliob":0.007,"bolussnooze":0,"activity":1.0E-4,"lastBolusTime":0,"time":"2023-12-27T01:51:10.790Z","iobWithZeroTemp":{"iob":-0.345,"basaliob":-0.345,"bolussnooze":0,"activity":-0.0027,"lastBolusTime":0,"time":"2023-12-27T01:51:10.790Z"}},{"iob":0.007,"basaliob":0.007,"bolussnooze":0,"activity":1.0E-4,"lastBolusTime":0,"time":"2023-12-27T01:56:10.790Z","iobWithZeroTemp":{"iob":-0.352,"basaliob":-0.352,"bolussnooze":0,"activity":-0.0028,"lastBolusTime":0,"time":"2023-12-27T01:56:10.790Z"}},{"iob":0.006,"basaliob":0.006,"bolussnooze":0,"activity":1.0E-4,"lastBolusTime":0,"time":"2023-12-27T02:01:10.790Z","iobWithZeroTemp":{"iob":-0.359,"basaliob":-0.359,"bolussnooze":0,"activity":-0.0029,"lastBolusTime":0,"time":"2023-12-27T02:01:10.790Z"}},{"iob":0.006,"basaliob":0.006,"bolussnooze":0,"activity":1.0E-4,"lastBolusTime":0,"time":"2023-12-27T02:06:10.790Z","iobWithZeroTemp":{"iob":-0.365,"basaliob":-0.365,"bolussnooze":0,"activity":-0.003,"lastBolusTime":0,"time":"2023-12-27T02:06:10.790Z"}},{"iob":0.005,"basaliob":0.005,"bolussnooze":0,"activity":1.0E-4,"lastBolusTime":0,"time":"2023-12-27T02:11:10.790Z","iobWithZeroTemp":{"iob":-0.371,"basaliob":-0.371,"bolussnooze":0,"activity":-0.003,"lastBolusTime":0,"time":"2023-12-27T02:11:10.790Z"}},{"iob":0.005,"basaliob":0.005,"bolussnooze":0,"activity":1.0E-4,"lastBolusTime":0,"time":"2023-12-27T02:16:10.790Z","iobWithZeroTemp":{"iob":-0.376,"basaliob":-0.376,"bolussnooze":0,"activity":-0.0031,"lastBolusTime":0,"time":"2023-12-27T02:16:10.790Z"}},{"iob":0.004,"basaliob":0.004,"bolussnooze":0,"activity":1.0E-4,"lastBolusTime":0,"time":"2023-12-27T02:21:10.790Z","iobWithZeroTemp":{"iob":-0.381,"basaliob":-0.381,"bolussnooze":0,"activity":-0.0032,"lastBolusTime":0,"time":"2023-12-27T02:21:10.790Z"}},{"iob":0.004,"basaliob":0.004,"bolussnooze":0,"activity":1.0E-4,"lastBolusTime":0,"time":"2023-12-27T02:26:10.790Z","iobWithZeroTemp":{"iob":-0.386,"basaliob":-0.386,"bolussnooze":0,"activity":-0.0032,"lastBolusTime":0,"time":"2023-12-27T02:26:10.790Z"}},{"iob":0.004,"basaliob":0.004,"bolussnooze":0,"activity":1.0E-4,"lastBolusTime":0,"time":"2023-12-27T02:31:10.790Z","iobWithZeroTemp":{"iob":-0.39,"basaliob":-0.39,"bolussnooze":0,"activity":-0.0033,"lastBolusTime":0,"time":"2023-12-27T02:31:10.790Z"}},{"iob":0.003,"basaliob":0.003,"bolussnooze":0,"activity":1.0E-4,"lastBolusTime":0,"time":"2023-12-27T02:36:10.790Z","iobWithZeroTemp":{"iob":-0.394,"basaliob":-0.394,"bolussnooze":0,"activity":-0.0034,"lastBolusTime":0,"time":"2023-12-27T02:36:10.790Z"}},{"iob":0.003,"basaliob":0.003,"bolussnooze":0,"activity":1.0E-4,"lastBolusTime":0,"time":"2023-12-27T02:41:10.790Z","iobWithZeroTemp":{"iob":-0.398,"basaliob":-0.398,"bolussnooze":0,"activity":-0.0034,"lastBolusTime":0,"time":"2023-12-27T02:41:10.790Z"}},{"iob":0.003,"basaliob":0.003,"bolussnooze":0,"activity":1.0E-4,"lastBolusTime":0,"time":"2023-12-27T02:46:10.790Z","iobWithZeroTemp":{"iob":-0.401,"basaliob":-0.401,"bolussnooze":0,"activity":-0.0035,"lastBolusTime":0,"time":"2023-12-27T02:46:10.790Z"}},{"iob":0.002,"basaliob":0.002,"bolussnooze":0,"activity":0,"lastBolusTime":0,"time":"2023-12-27T02:51:10.790Z","iobWithZeroTemp":{"iob":-0.405,"basaliob":-0.405,"bolussnooze":0,"activity":-0.0036,"lastBolusTime":0,"time":"2023-12-27T02:51:10.790Z"}},{"iob":0.002,"basaliob":0.002,"bolussnooze":0,"activity":0,"lastBolusTime":0,"time":"2023-12-27T02:56:10.790Z","iobWithZeroTemp":{"iob":-0.408,"basaliob":-0.408,"bolussnooze":0,"activity":-0.0036,"lastBolusTime":0,"time":"2023-12-27T02:56:10.790Z"}},{"iob":0.002,"basaliob":0.002,"bolussnooze":0,"activity":0,"lastBolusTime":0,"time":"2023-12-27T03:01:10.790Z","iobWithZeroTemp":{"iob":-0.41,"basaliob":-0.41,"bolussnooze":0,"activity":-0.0037,"lastBolusTime":0,"time":"2023-12-27T03:01:10.790Z"}},{"iob":0.002,"basaliob":0.002,"bolussnooze":0,"activity":0,"lastBolusTime":0,"time":"2023-12-27T03:06:10.790Z","iobWithZeroTemp":{"iob":-0.413,"basaliob":-0.413,"bolussnooze":0,"activity":-0.0037,"lastBolusTime":0,"time":"2023-12-27T03:06:10.790Z"}},{"iob":0.002,"basaliob":0.002,"bolussnooze":0,"activity":0,"lastBolusTime":0,"time":"2023-12-27T03:11:10.790Z","iobWithZeroTemp":{"iob":-0.415,"basaliob":-0.415,"bolussnooze":0,"activity":-0.0038,"lastBolusTime":0,"time":"2023-12-27T03:11:10.790Z"}},{"iob":0.001,"basaliob":0.001,"bolussnooze":0,"activity":0,"lastBolusTime":0,"time":"2023-12-27T03:16:10.790Z","iobWithZeroTemp":{"iob":-0.418,"basaliob":-0.418,"bolussnooze":0,"activity":-0.0038,"lastBolusTime":0,"time":"2023-12-27T03:16:10.790Z"}},{"iob":0.001,"basaliob":0.001,"bolussnooze":0,"activity":0,"lastBolusTime":0,"time":"2023-12-27T03:21:10.790Z","iobWithZeroTemp":{"iob":-0.42,"basaliob":-0.42,"bolussnooze":0,"activity":-0.0038,"lastBolusTime":0,"time":"2023-12-27T03:21:10.790Z"}},{"iob":0.001,"basaliob":0.001,"bolussnooze":0,"activity":0,"lastBolusTime":0,"time":"2023-12-27T03:26:10.790Z","iobWithZeroTemp":{"iob":-0.421,"basaliob":-0.421,"bolussnooze":0,"activity":-0.0038,"lastBolusTime":0,"time":"2023-12-27T03:26:10.790Z"}},{"iob":0.001,"basaliob":0.001,"bolussnooze":0,"activity":0,"lastBolusTime":0,"time":"2023-12-27T03:31:10.790Z","iobWithZeroTemp":{"iob":-0.423,"basaliob":-0.423,"bolussnooze":0,"activity":-0.0039,"lastBolusTime":0,"time":"2023-12-27T03:31:10.790Z"}},{"iob":0.001,"basaliob":0.001,"bolussnooze":0,"activity":0,"lastBolusTime":0,"time":"2023-12-27T03:36:10.790Z","iobWithZeroTemp":{"iob":-0.424,"basaliob":-0.424,"bolussnooze":0,"activity":-0.0039,"lastBolusTime":0,"time":"2023-12-27T03:36:10.790Z"}},{"iob":0.001,"basaliob":0.001,"bolussnooze":0,"activity":0,"lastBolusTime":0,"time":"2023-12-27T03:41:10.790Z","iobWithZeroTemp":{"iob":-0.426,"basaliob":-0.426,"bolussnooze":0,"activity":-0.0039,"lastBolusTime":0,"time":"2023-12-27T03:41:10.790Z"}}],"profile":{"max_iob":4,"type":"current","max_daily_basal":0.5,"max_basal":1,"min_bg":99,"max_bg":99,"target_bg":99,"carb_ratio":25,"sens":142.20000000000002,"max_daily_safety_multiplier":3,"current_basal_safety_multiplier":4,"lgsThreshold":65,"high_temptarget_raises_sensitivity":false,"low_temptarget_lowers_sensitivity":false,"sensitivity_raises_target":true,"resistance_lowers_target":true,"adv_target_adjustments":false,"exercise_mode":false,"half_basal_exercise_target":160,"maxCOB":120,"skip_neutral_temps":false,"remainingCarbsCap":90,"enableUAM":true,"A52_risk_enable":false,"SMBInterval":3,"enableSMB_with_COB":true,"enableSMB_with_temptarget":true,"allowSMB_with_high_temptarget":false,"enableSMB_always":false,"enableSMB_after_carbs":false,"maxSMBBasalMinutes":75,"maxUAMSMBBasalMinutes":75,"bolus_increment":0.05,"carbsReqThreshold":10,"current_basal":0.25,"temptargetSet":false,"autosens_max":1.2,"autosens_min":0.7,"out_units":"mmol\/L","variable_sens":141.1,"insulinDivisor":65,"TDD":13.030304761904763},"autosens_data":{"ratio":1},"meal_data":{"carbs":0,"mealCOB":0,"slopeFromMaxDeviation":0,"slopeFromMinDeviation":1.1651428571428568,"lastBolusTime":1703594420788,"lastCarbTime":0},"microBolusAllowed":true,"currentTime":1703634372048,"flatBGsDetected":false,"tdd1D":15.216666666666669,"tdd7D":11.563690476190475,"tddLast24H":15.212500000000002,"tddLast4H":2.3041666666666676,"tddLast8to4H":1.4875000000000005},"output":{"temp":"absolute","bg":108,"tick":"+4","eventualBG":126,"targetBG":99,"insulinReq":0.16,"deliverAt":"2023-12-26T23:46:12.048Z","sensitivityRatio":1,"variable_sens":141.1,"predBGs":{"IOB":[108,111,114,117,119,121,123,125,126,126,127,127,127,126,126,126,126,126,126,125,125,125,125,125,125,125,125,125,125,125,124],"ZT":[108,108,107,107,107,106,106,106,106,106,107,107,108,108],"UAM":[108,111,114,117,119,121,122,123,124,124,124,124,124,123,123,123,123,123,123,122,122,122,122,122,122,122,122,122,122,121]},"reason":"COB: 0, Dev: 1.4, BGI: 0.0, ISF: 7.8, CR: 25, Target: 5.5, minPredBG 6.8, minGuardBG 6.2, IOBpredBG 6.9, UAMpredBG 6.7; Eventual BG 7.0 >= 5.5, temp 1.00 >~ req 0.57U\/hr. ","COB":0,"IOB":0.05,"timestamp":"2023-12-26T23:46:12.070Z"}}