{"algorithm":"OpenAPSSMBDynamicISFPlugin","input":{"glucoseStatus":{"glucose":126,"noise":0,"delta":-24.67,"short_avgdelta":-18.78,"long_avgdelta":-2.23,"date":1703701500000},"currenttemp":{"temp":"absolute","duration":20,"rate":0.9,"minutesrunning":10},"iob_data":[{"iob":0.509,"basaliob":0.507,"bolussnooze":0,"activity":0.0028,"lastBolusTime":1703681471121,"time":"2023-12-27T18:26:12.676Z","iobWithZeroTemp":{"iob":0.509,"basaliob":0.507,"bolussnooze":0,"activity":0.0028,"lastBolusTime":1703681471121,"time":"2023-12-27T18:26:12.676Z"}},{"iob":0.494,"basaliob":0.492,"bolussnooze":0,"activity":0.0031,"lastBolusTime":1703681471121,"time":"2023-12-27T18:31:12.676Z","iobWithZeroTemp":{"iob":0.467,"basaliob":0.465,"bolussnooze":0,"activity":0.0031,"lastBolusTime":1703681471121,"time":"2023-12-27T18:31:12.676Z"}},{"iob":0.478,"basaliob":0.476,"bolussnooze":0,"activity":0.0034,"lastBolusTime":1703681471121,"time":"2023-12-27T18:36:12.676Z","iobWithZeroTemp":{"iob":0.418,"basaliob":0.416,"bolussnooze":0,"activity":0.0033,"lastBolusTime":1703681471121,"time":"2023-12-27T18:36:12.676Z"}},{"iob":0.459,"basaliob":0.458,"bolussnooze":0,"activity":0.0035,"lastBolusTime":1703681471121,"time":"2023-12-27T18:41:12.676Z","iobWithZeroTemp":{"iob":0.367,"basaliob":0.366,"bolussnooze":0,"activity":0.0033,"lastBolusTime":1703681471121,"time":"2023-12-27T18:41:12.676Z"}},{"iob":0.441,"basaliob":0.44,"bolussnooze":0,"activity":0.0037,"lastBolusTime":1703681471121,"time":"2023-12-27T18:46:12.676Z","iobWithZeroTemp":{"iob":0.316,"basaliob":0.315,"bolussnooze":0,"activity":0.0034,"lastBolusTime":1703681471121,"time":"2023-12-27T18:46:12.676Z"}},{"iob":0.423,"basaliob":0.422,"bolussnooze":0,"activity":0.0037,"lastBolusTime":1703681471121,"time":"2023-12-27T18:51:12.676Z","iobWithZeroTemp":{"iob":0.267,"basaliob":0.266,"bolussnooze":0,"activity":0.0032,"lastBolusTime":1703681471121,"time":"2023-12-27T18:51:12.676Z"}},{"iob":0.404,"basaliob":0.403,"bolussnooze":0,"activity":0.0038,"lastBolusTime":1703681471121,"time":"2023-12-27T18:56:12.676Z","iobWithZeroTemp":{"iob":0.218,"basaliob":0.217,"bolussnooze":0,"activity":0.0031,"lastBolusTime":1703681471121,"time":"2023-12-27T18:56:12.676Z"}},{"iob":0.385,"basaliob":0.384,"bolussnooze":0,"activity":0.0037,"lastBolusTime":1703681471121,"time":"2023-12-27T19:01:12.676Z","iobWithZeroTemp":{"iob":0.169,"basaliob":0.168,"bolussnooze":0,"activity":0.0028,"lastBolusTime":1703681471121,"time":"2023-12-27T19:01:12.676Z"}},{"iob":0.367,"basaliob":0.366,"bolussnooze":0,"activity":0.0037,"lastBolusTime":1703681471121,"time":"2023-12-27T19:06:12.676Z","iobWithZeroTemp":{"iob":0.123,"basaliob":0.122,"bolussnooze":0,"activity":0.0026,"lastBolusTime":1703681471121,"time":"2023-12-27T19:06:12.676Z"}},{"iob":0.348,"basaliob":0.347,"bolussnooze":0,"activity":0.0037,"lastBolusTime":1703681471121,"time":"2023-12-27T19:11:12.676Z","iobWithZeroTemp":{"iob":0.076,"basaliob":0.075,"bolussnooze":0,"activity":0.0024,"lastBolusTime":1703681471121,"time":"2023-12-27T19:11:12.676Z"}},{"iob":0.33,"basaliob":0.329,"bolussnooze":0,"activity":0.0036,"lastBolusTime":1703681471121,"time":"2023-12-27T19:16:12.676Z","iobWithZeroTemp":{"iob":0.032,"basaliob":0.031,"bolussnooze":0,"activity":0.0021,"lastBolusTime":1703681471121,"time":"2023-12-27T19:16:12.676Z"}},{"iob":0.313,"basaliob":0.312,"bolussnooze":0,"activity":0.0035,"lastBolusTime":1703681471121,"time":"2023-12-27T19:21:12.676Z","iobWithZeroTemp":{"iob":-0.01,"basaliob":-0.011,"bolussnooze":0,"activity":0.0017,"lastBolusTime":1703681471121,"time":"2023-12-27T19:21:12.676Z"}},{"iob":0.294,"basaliob":0.294,"bolussnooze":0,"activity":0.0034,"lastBolusTime":1703681471121,"time":"2023-12-27T19:26:12.676Z","iobWithZeroTemp":{"iob":-0.053,"basaliob":-0.053,"bolussnooze":0,"activity":0.0014,"lastBolusTime":1703681471121,"time":"2023-12-27T19:26:12.676Z"}},{"iob":0.278,"basaliob":0.278,"bolussnooze":0,"activity":0.0033,"lastBolusTime":1703681471121,"time":"2023-12-27T19:31:12.676Z","iobWithZeroTemp":{"iob":-0.092,"basaliob":-0.092,"bolussnooze":0,"activity":0.0011,"lastBolusTime":1703681471121,"time":"2023-12-27T19:31:12.676Z"}},{"iob":0.262,"basaliob":0.262,"bolussnooze":0,"activity":0.0032,"lastBolusTime":1703681471121,"time":"2023-12-27T19:36:12.676Z","iobWithZeroTemp":{"iob":-0.129,"basaliob":-0.129,"bolussnooze":0,"activity":8.0E-4,"lastBolusTime":1703681471121,"time":"2023-12-27T19:36:12.676Z"}},{"iob":0.246,"basaliob":0.246,"bolussnooze":0,"activity":0.003,"lastBolusTime":1703681471121,"time":"2023-12-27T19:41:12.676Z","iobWithZeroTemp":{"iob":-0.166,"basaliob":-0.166,"bolussnooze":0,"activity":3.0E-4,"lastBolusTime":1703681471121,"time":"2023-12-27T19:41:12.676Z"}},{"iob":0.231,"basaliob":0.231,"bolussnooze":0,"activity":0.0029,"lastBolusTime":1703681471121,"time":"2023-12-27T19:46:12.676Z","iobWithZeroTemp":{"iob":-0.2,"basaliob":-0.2,"bolussnooze":0,"activity":0,"lastBolusTime":1703681471121,"time":"2023-12-27T19:46:12.676Z"}},{"iob":0.217,"basaliob":0.217,"bolussnooze":0,"activity":0.0028,"lastBolusTime":1703681471121,"time":"2023-12-27T19:51:12.676Z","iobWithZeroTemp":{"iob":-0.233,"basaliob":-0.233,"bolussnooze":0,"activity":-3.0E-4,"lastBolusTime":1703681471121,"time":"2023-12-27T19:51:12.676Z"}},{"iob":0.204,"basaliob":0.204,"bolussnooze":0,"activity":0.0026,"lastBolusTime":1703681471121,"time":"2023-12-27T19:56:12.676Z","iobWithZeroTemp":{"iob":-0.263,"basaliob":-0.263,"bolussnooze":0,"activity":-7.0E-4,"lastBolusTime":1703681471121,"time":"2023-12-27T19:56:12.676Z"}},{"iob":0.191,"basaliob":0.191,"bolussnooze":0,"activity":0.0025,"lastBolusTime":1703681471121,"time":"2023-12-27T20:01:12.676Z","iobWithZeroTemp":{"iob":-0.293,"basaliob":-0.293,"bolussnooze":0,"activity":-0.001,"lastBolusTime":1703681471121,"time":"2023-12-27T20:01:12.676Z"}},{"iob":0.178,"basaliob":0.178,"bolussnooze":0,"activity":0.0024,"lastBolusTime":1703681471121,"time":"2023-12-27T20:06:12.676Z","iobWithZeroTemp":{"iob":-0.329,"basaliob":-0.329,"bolussnooze":0,"activity":-0.0013,"lastBolusTime":1703681471121,"time":"2023-12-27T20:06:12.676Z"}},{"iob":0.167,"basaliob":0.167,"bolussnooze":0,"activity":0.0023,"lastBolusTime":1703681471121,"time":"2023-12-27T20:11:12.676Z","iobWithZeroTemp":{"iob":-0.363,"basaliob":-0.363,"bolussnooze":0,"activity":-0.0016,"lastBolusTime":1703681471121,"time":"2023-12-27T20:11:12.676Z"}},{"iob":0.156,"basaliob":0.156,"bolussnooze":0,"activity":0.0021,"lastBolusTime":1703681471121,"time":"2023-12-27T20:16:12.676Z","iobWithZeroTemp":{"iob":-0.396,"basaliob":-0.396,"bolussnooze":0,"activity":-0.002,"lastBolusTime":1703681471121,"time":"2023-12-27T20:16:12.676Z"}},{"iob":0.145,"basaliob":0.145,"bolussnooze":0,"activity":0.002,"lastBolusTime":1703681471121,"time":"2023-12-27T20:21:12.676Z","iobWithZeroTemp":{"iob":-0.428,"basaliob":-0.428,"bolussnooze":0,"activity":-0.0023,"lastBolusTime":1703681471121,"time":"2023-12-27T20:21:12.676Z"}},{"iob":0.135,"basaliob":0.135,"bolussnooze":0,"activity":0.0019,"lastBolusTime":1703681471121,"time":"2023-12-27T20:26:12.676Z","iobWithZeroTemp":{"iob":-0.457,"basaliob":-0.457,"bolussnooze":0,"activity":-0.0026,"lastBolusTime":1703681471121,"time":"2023-12-27T20:26:12.676Z"}},{"iob":0.126,"basaliob":0.126,"bolussnooze":0,"activity":0.0018,"lastBolusTime":1703681471121,"time":"2023-12-27T20:31:12.676Z","iobWithZeroTemp":{"iob":-0.485,"basaliob":-0.485,"bolussnooze":0,"activity":-0.0029,"lastBolusTime":1703681471121,"time":"2023-12-27T20:31:12.676Z"}},{"iob":0.117,"basaliob":0.117,"bolussnooze":0,"activity":0.0017,"lastBolusTime":1703681471121,"time":"2023-12-27T20:36:12.676Z","iobWithZeroTemp":{"iob":-0.512,"basaliob":-0.512,"bolussnooze":0,"activity":-0.0032,"lastBolusTime":1703681471121,"time":"2023-12-27T20:36:12.676Z"}},{"iob":0.109,"basaliob":0.109,"bolussnooze":0,"activity":0.0016,"lastBolusTime":1703681471121,"time":"2023-12-27T20:41:12.676Z","iobWithZeroTemp":{"iob":-0.537,"basaliob":-0.537,"bolussnooze":0,"activity":-0.0035,"lastBolusTime":1703681471121,"time":"2023-12-27T20:41:12.676Z"}},{"iob":0.101,"basaliob":0.101,"bolussnooze":0,"activity":0.0015,"lastBolusTime":1703681471121,"time":"2023-12-27T20:46:12.676Z","iobWithZeroTemp":{"iob":-0.561,"basaliob":-0.561,"bolussnooze":0,"activity":-0.0037,"lastBolusTime":1703681471121,"time":"2023-12-27T20:46:12.676Z"}},{"iob":0.094,"basaliob":0.094,"bolussnooze":0,"activity":0.0014,"lastBolusTime":1703681471121,"time":"2023-12-27T20:51:12.676Z","iobWithZeroTemp":{"iob":-0.583,"basaliob":-0.583,"bolussnooze":0,"activity":-0.004,"lastBolusTime":1703681471121,"time":"2023-12-27T20:51:12.676Z"}},{"iob":0.087,"basaliob":0.087,"bolussnooze":0,"activity":0.0013,"lastBolusTime":1703681471121,"time":"2023-12-27T20:56:12.676Z","iobWithZeroTemp":{"iob":-0.604,"basaliob":-0.604,"bolussnooze":0,"activity":-0.0043,"lastBolusTime":1703681471121,"time":"2023-12-27T20:56:12.676Z"}},{"iob":0.081,"basaliob":0.081,"bolussnooze":0,"activity":0.0012,"lastBolusTime":1703681471121,"time":"2023-12-27T21:01:12.676Z","iobWithZeroTemp":{"iob":-0.623,"basaliob":-0.623,"bolussnooze":0,"activity":-0.0045,"lastBolusTime":1703681471121,"time":"2023-12-27T21:01:12.676Z"}},{"iob":0.075,"basaliob":0.075,"bolussnooze":0,"activity":0.0012,"lastBolusTime":1703681471121,"time":"2023-12-27T21:06:12.676Z","iobWithZeroTemp":{"iob":-0.642,"basaliob":-0.642,"bolussnooze":0,"activity":-0.0047,"lastBolusTime":1703681471121,"time":"2023-12-27T21:06:12.676Z"}},{"iob":0.069,"basaliob":0.069,"bolussnooze":0,"activity":0.0011,"lastBolusTime":1703681471121,"time":"2023-12-27T21:11:12.676Z","iobWithZeroTemp":{"iob":-0.659,"basaliob":-0.659,"bolussnooze":0,"activity":-0.005,"lastBolusTime":1703681471121,"time":"2023-12-27T21:11:12.676Z"}},{"iob":0.064,"basaliob":0.064,"bolussnooze":0,"activity":0.001,"lastBolusTime":1703681471121,"time":"2023-12-27T21:16:12.676Z","iobWithZeroTemp":{"iob":-0.676,"basaliob":-0.676,"bolussnooze":0,"activity":-0.0052,"lastBolusTime":1703681471121,"time":"2023-12-27T21:16:12.676Z"}},{"iob":0.059,"basaliob":0.059,"bolussnooze":0,"activity":9.0E-4,"lastBolusTime":1703681471121,"time":"2023-12-27T21:21:12.676Z","iobWithZeroTemp":{"iob":-0.691,"basaliob":-0.691,"bolussnooze":0,"activity":-0.0054,"lastBolusTime":1703681471121,"time":"2023-12-27T21:21:12.676Z"}},{"iob":0.055,"basaliob":0.055,"bolussnooze":0,"activity":9.0E-4,"lastBolusTime":1703681471121,"time":"2023-12-27T21:26:12.676Z","iobWithZeroTemp":{"iob":-0.705,"basaliob":-0.705,"bolussnooze":0,"activity":-0.0056,"lastBolusTime":1703681471121,"time":"2023-12-27T21:26:12.676Z"}},{"iob":0.05,"basaliob":0.05,"bolussnooze":0,"activity":8.0E-4,"lastBolusTime":1703681471121,"time":"2023-12-27T21:31:12.676Z","iobWithZeroTemp":{"iob":-0.719,"basaliob":-0.719,"bolussnooze":0,"activity":-0.0058,"lastBolusTime":1703681471121,"time":"2023-12-27T21:31:12.676Z"}},{"iob":0.046,"basaliob":0.046,"bolussnooze":0,"activity":8.0E-4,"lastBolusTime":1703681471121,"time":"2023-12-27T21:36:12.676Z","iobWithZeroTemp":{"iob":-0.731,"basaliob":-0.731,"bolussnooze":0,"activity":-0.0059,"lastBolusTime":1703681471121,"time":"2023-12-27T21:36:12.676Z"}},{"iob":0.043,"basaliob":0.043,"bolussnooze":0,"activity":7.0E-4,"lastBolusTime":1703681471121,"time":"2023-12-27T21:41:12.676Z","iobWithZeroTemp":{"iob":-0.742,"basaliob":-0.742,"bolussnooze":0,"activity":-0.0061,"lastBolusTime":1703681471121,"time":"2023-12-27T21:41:12.676Z"}},{"iob":0.039,"basaliob":0.039,"bolussnooze":0,"activity":7.0E-4,"lastBolusTime":1703681471121,"time":"2023-12-27T21:46:12.676Z","iobWithZeroTemp":{"iob":-0.753,"basaliob":-0.753,"bolussnooze":0,"activity":-0.0062,"lastBolusTime":1703681471121,"time":"2023-12-27T21:46:12.676Z"}},{"iob":0.036,"basaliob":0.036,"bolussnooze":0,"activity":6.0E-4,"lastBolusTime":0,"time":"2023-12-27T21:51:12.676Z","iobWithZeroTemp":{"iob":-0.763,"basaliob":-0.763,"bolussnooze":0,"activity":-0.0064,"lastBolusTime":0,"time":"2023-12-27T21:51:12.676Z"}},{"iob":0.033,"basaliob":0.033,"bolussnooze":0,"activity":6.0E-4,"lastBolusTime":0,"time":"2023-12-27T21:56:12.676Z","iobWithZeroTemp":{"iob":-0.773,"basaliob":-0.773,"bolussnooze":0,"activity":-0.0065,"lastBolusTime":0,"time":"2023-12-27T21:56:12.676Z"}},{"iob":0.031,"basaliob":0.031,"bolussnooze":0,"activity":5.0E-4,"lastBolusTime":0,"time":"2023-12-27T22:01:12.676Z","iobWithZeroTemp":{"iob":-0.78,"basaliob":-0.78,"bolussnooze":0,"activity":-0.0067,"lastBolusTime":0,"time":"2023-12-27T22:01:12.676Z"}},{"iob":0.028,"basaliob":0.028,"bolussnooze":0,"activity":5.0E-4,"lastBolusTime":0,"time":"2023-12-27T22:06:12.676Z","iobWithZeroTemp":{"iob":-0.789,"basaliob":-0.789,"bolussnooze":0,"activity":-0.0068,"lastBolusTime":0,"time":"2023-12-27T22:06:12.676Z"}},{"iob":0.026,"basaliob":0.026,"bolussnooze":0,"activity":4.0E-4,"lastBolusTime":0,"time":"2023-12-27T22:11:12.676Z","iobWithZeroTemp":{"iob":-0.796,"basaliob":-0.796,"bolussnooze":0,"activity":-0.0069,"lastBolusTime":0,"time":"2023-12-27T22:11:12.676Z"}},{"iob":0.024,"basaliob":0.024,"bolussnooze":0,"activity":4.0E-4,"lastBolusTime":0,"time":"2023-12-27T22:16:12.676Z","iobWithZeroTemp":{"iob":-0.803,"basaliob":-0.803,"bolussnooze":0,"activity":-0.007,"lastBolusTime":0,"time":"2023-12-27T22:16:12.676Z"}},{"iob":0.022,"basaliob":0.022,"bolussnooze":0,"activity":4.0E-4,"lastBolusTime":0,"time":"2023-12-27T22:21:12.676Z","iobWithZeroTemp":{"iob":-0.809,"basaliob":-0.809,"bolussnooze":0,"activity":-0.0071,"lastBolusTime":0,"time":"2023-12-27T22:21:12.676Z"}}],"profile":{"max_iob":4,"type":"current","max_daily_basal":0.5,"max_basal":1.5,"min_bg":90,"max_bg":90,"target_bg":90,"carb_ratio":20,"sens":117,"max_daily_safety_multiplier":3,"current_basal_safety_multiplier":4,"lgsThreshold":65,"high_temptarget_raises_sensitivity":false,"low_temptarget_lowers_sensitivity":false,"sensitivity_raises_target":true,"resistance_lowers_target":true,"adv_target_adjustments":false,"exercise_mode":false,"half_basal_exercise_target":160,"maxCOB":120,"skip_neutral_temps":false,"remainingCarbsCap":90,"enableUAM":true,"A52_risk_enable":false,"SMBInterval":3,"enableSMB_with_COB":true,"enableSMB_with_temptarget":true,"allowSMB_with_high_temptarget":false,"enableSMB_always":false,"enableSMB_after_carbs":false,"maxSMBBasalMinutes":75,"maxUAMSMBBasalMinutes":75,"bolus_increment":0.05,"carbsReqThreshold":10,"current_basal":0.4,"temptargetSet":false,"autosens_max":1.2,"autosens_min":0.7,"out_units":"mmol\/L","variable_sens":128.5,"insulinDivisor":65,"TDD":12.994829761904764},"autosens_data":{"ratio":1},"meal_data":{"carbs":15,"mealCOB":0,"slopeFromMaxDeviation":-6.1855,"slopeFromMinDeviation":0,"lastBolusTime":1703681471121,"lastCarbTime":1703680178793},"microBolusAllowed":true,"currentTime":1703701574303,"flatBGsDetected":false,"tdd1D":15.216666666666669,"tdd7D":11.563690476190475,"tddLast24H":10.083333333333336,"tddLast4H":2.1750000000000007,"tddLast8to4H":1.7291666666666665},"output":{"temp":"absolute","bg":126,"tick":-25,"eventualBG":58,"targetBG":90,"insulinReq":0,"deliverAt":"2023-12-27T18:26:14.303Z","sensitivityRatio":1,"variable_sens":128.5,"predBGs":{"IOB":[126,103,82,62,43,39,39,39,39,39,39,39,39],"ZT":[126,124,122,120,118,116,113,111,109,108,106,104,103,102,101,101,100,100,101,101]},"reason":"COB: 0, Dev: -0.2, BGI: -0.1, ISF: 7.1, CR: 20, Target: 5.0, minPredBG 3.9, minGuardBG -7.6, IOBpredBG 2.2; minGuardBG -7.6<3.6","COB":0,"IOB":0.509,"duration":120,"rate":0,"timestamp":"2023-12-27T18:26:14.339Z"}}