{"algorithm":"OpenAPSSMBDynamicISFPlugin","input":{"glucoseStatus":{"glucose":171,"noise":0,"delta":0.33,"short_avgdelta":-0.59,"long_avgdelta":-2.55,"date":1703712000000},"currenttemp":{"temp":"absolute","duration":100,"rate":0,"minutesrunning":20},"iob_data":[{"iob":0.901,"basaliob":0.288,"bolussnooze":0,"activity":0.0096,"lastBolusTime":1703709973149,"time":"2023-12-27T21:21:10.921Z","iobWithZeroTemp":{"iob":0.901,"basaliob":0.288,"bolussnooze":0,"activity":0.0096,"lastBolusTime":1703709973149,"time":"2023-12-27T21:21:10.921Z"}},{"iob":0.854,"basaliob":0.266,"bolussnooze":0,"activity":0.0094,"lastBolusTime":1703709973149,"time":"2023-12-27T21:26:10.921Z","iobWithZeroTemp":{"iob":0.821,"basaliob":0.233,"bolussnooze":0,"activity":0.0094,"lastBolusTime":1703709973149,"time":"2023-12-27T21:26:10.921Z"}},{"iob":0.809,"basaliob":0.246,"bolussnooze":0,"activity":0.0091,"lastBolusTime":1703709973149,"time":"2023-12-27T21:31:10.921Z","iobWithZeroTemp":{"iob":0.734,"basaliob":0.171,"bolussnooze":0,"activity":0.009,"lastBolusTime":1703709973149,"time":"2023-12-27T21:31:10.921Z"}},{"iob":0.764,"basaliob":0.227,"bolussnooze":0,"activity":0.0088,"lastBolusTime":1703709973149,"time":"2023-12-27T21:36:10.921Z","iobWithZeroTemp":{"iob":0.648,"basaliob":0.111,"bolussnooze":0,"activity":0.0086,"lastBolusTime":1703709973149,"time":"2023-12-27T21:36:10.921Z"}},{"iob":0.721,"basaliob":0.209,"bolussnooze":0,"activity":0.0085,"lastBolusTime":1703709973149,"time":"2023-12-27T21:41:10.921Z","iobWithZeroTemp":{"iob":0.565,"basaliob":0.053,"bolussnooze":0,"activity":0.0081,"lastBolusTime":1703709973149,"time":"2023-12-27T21:41:10.921Z"}},{"iob":0.679,"basaliob":0.193,"bolussnooze":0,"activity":0.0082,"lastBolusTime":1703709973149,"time":"2023-12-27T21:46:10.921Z","iobWithZeroTemp":{"iob":0.484,"basaliob":-0.002,"bolussnooze":0,"activity":0.0076,"lastBolusTime":1703709973149,"time":"2023-12-27T21:46:10.921Z"}},{"iob":0.638,"basaliob":0.177,"bolussnooze":0,"activity":0.0078,"lastBolusTime":1703709973149,"time":"2023-12-27T21:51:10.921Z","iobWithZeroTemp":{"iob":0.405,"basaliob":-0.056,"bolussnooze":0,"activity":0.007,"lastBolusTime":1703709973149,"time":"2023-12-27T21:51:10.921Z"}},{"iob":0.6,"basaliob":0.163,"bolussnooze":0,"activity":0.0075,"lastBolusTime":1703709973149,"time":"2023-12-27T21:56:10.921Z","iobWithZeroTemp":{"iob":0.33,"basaliob":-0.107,"bolussnooze":0,"activity":0.0064,"lastBolusTime":1703709973149,"time":"2023-12-27T21:56:10.921Z"}},{"iob":0.563,"basaliob":0.15,"bolussnooze":0,"activity":0.0072,"lastBolusTime":1703709973149,"time":"2023-12-27T22:01:10.921Z","iobWithZeroTemp":{"iob":0.258,"basaliob":-0.155,"bolussnooze":0,"activity":0.0058,"lastBolusTime":1703709973149,"time":"2023-12-27T22:01:10.921Z"}},{"iob":0.528,"basaliob":0.138,"bolussnooze":0,"activity":0.0068,"lastBolusTime":1703709973149,"time":"2023-12-27T22:06:10.921Z","iobWithZeroTemp":{"iob":0.189,"basaliob":-0.201,"bolussnooze":0,"activity":0.0052,"lastBolusTime":1703709973149,"time":"2023-12-27T22:06:10.921Z"}},{"iob":0.495,"basaliob":0.127,"bolussnooze":0,"activity":0.0066,"lastBolusTime":1703709973149,"time":"2023-12-27T22:11:10.921Z","iobWithZeroTemp":{"iob":0.123,"basaliob":-0.245,"bolussnooze":0,"activity":0.0047,"lastBolusTime":1703709973149,"time":"2023-12-27T22:11:10.921Z"}},{"iob":0.462,"basaliob":0.116,"bolussnooze":0,"activity":0.0062,"lastBolusTime":1703709973149,"time":"2023-12-27T22:16:10.921Z","iobWithZeroTemp":{"iob":0.058,"basaliob":-0.288,"bolussnooze":0,"activity":0.004,"lastBolusTime":1703709973149,"time":"2023-12-27T22:16:10.921Z"}},{"iob":0.433,"basaliob":0.107,"bolussnooze":0,"activity":0.0058,"lastBolusTime":1703709973149,"time":"2023-12-27T22:21:10.921Z","iobWithZeroTemp":{"iob":-0.001,"basaliob":-0.327,"bolussnooze":0,"activity":0.0033,"lastBolusTime":1703709973149,"time":"2023-12-27T22:21:10.921Z"}},{"iob":0.404,"basaliob":0.098,"bolussnooze":0,"activity":0.0056,"lastBolusTime":1703709973149,"time":"2023-12-27T22:26:10.921Z","iobWithZeroTemp":{"iob":-0.058,"basaliob":-0.364,"bolussnooze":0,"activity":0.0028,"lastBolusTime":1703709973149,"time":"2023-12-27T22:26:10.921Z"}},{"iob":0.377,"basaliob":0.09,"bolussnooze":0,"activity":0.0053,"lastBolusTime":1703709973149,"time":"2023-12-27T22:31:10.921Z","iobWithZeroTemp":{"iob":-0.112,"basaliob":-0.399,"bolussnooze":0,"activity":0.0022,"lastBolusTime":1703709973149,"time":"2023-12-27T22:31:10.921Z"}},{"iob":0.351,"basaliob":0.082,"bolussnooze":0,"activity":0.0049,"lastBolusTime":1703709973149,"time":"2023-12-27T22:36:10.921Z","iobWithZeroTemp":{"iob":-0.164,"basaliob":-0.433,"bolussnooze":0,"activity":0.0016,"lastBolusTime":1703709973149,"time":"2023-12-27T22:36:10.921Z"}},{"iob":0.327,"basaliob":0.075,"bolussnooze":0,"activity":0.0046,"lastBolusTime":1703709973149,"time":"2023-12-27T22:41:10.921Z","iobWithZeroTemp":{"iob":-0.212,"basaliob":-0.464,"bolussnooze":0,"activity":0.001,"lastBolusTime":1703709973149,"time":"2023-12-27T22:41:10.921Z"}},{"iob":0.304,"basaliob":0.069,"bolussnooze":0,"activity":0.0044,"lastBolusTime":1703709973149,"time":"2023-12-27T22:46:10.921Z","iobWithZeroTemp":{"iob":-0.258,"basaliob":-0.493,"bolussnooze":0,"activity":5.0E-4,"lastBolusTime":1703709973149,"time":"2023-12-27T22:46:10.921Z"}},{"iob":0.283,"basaliob":0.063,"bolussnooze":0,"activity":0.0041,"lastBolusTime":1703709973149,"time":"2023-12-27T22:51:10.921Z","iobWithZeroTemp":{"iob":-0.301,"basaliob":-0.521,"bolussnooze":0,"activity":0,"lastBolusTime":1703709973149,"time":"2023-12-27T22:51:10.921Z"}},{"iob":0.263,"basaliob":0.058,"bolussnooze":0,"activity":0.0038,"lastBolusTime":1703709973149,"time":"2023-12-27T22:56:10.921Z","iobWithZeroTemp":{"iob":-0.342,"basaliob":-0.547,"bolussnooze":0,"activity":-6.0E-4,"lastBolusTime":1703709973149,"time":"2023-12-27T22:56:10.921Z"}},{"iob":0.244,"basaliob":0.053,"bolussnooze":0,"activity":0.0037,"lastBolusTime":1703709973149,"time":"2023-12-27T23:01:10.921Z","iobWithZeroTemp":{"iob":-0.38,"basaliob":-0.571,"bolussnooze":0,"activity":-9.0E-4,"lastBolusTime":1703709973149,"time":"2023-12-27T23:01:10.921Z"}},{"iob":0.226,"basaliob":0.048,"bolussnooze":0,"activity":0.0034,"lastBolusTime":1703709973149,"time":"2023-12-27T23:06:10.921Z","iobWithZeroTemp":{"iob":-0.395,"basaliob":-0.573,"bolussnooze":0,"activity":-0.0014,"lastBolusTime":1703709973149,"time":"2023-12-27T23:06:10.921Z"}},{"iob":0.21,"basaliob":0.044,"bolussnooze":0,"activity":0.0032,"lastBolusTime":1703709973149,"time":"2023-12-27T23:11:10.921Z","iobWithZeroTemp":{"iob":-0.408,"basaliob":-0.574,"bolussnooze":0,"activity":-0.0018,"lastBolusTime":1703709973149,"time":"2023-12-27T23:11:10.921Z"}},{"iob":0.194,"basaliob":0.04,"bolussnooze":0,"activity":0.0029,"lastBolusTime":1703709973149,"time":"2023-12-27T23:16:10.921Z","iobWithZeroTemp":{"iob":-0.42,"basaliob":-0.574,"bolussnooze":0,"activity":-0.0022,"lastBolusTime":1703709973149,"time":"2023-12-27T23:16:10.921Z"}},{"iob":0.179,"basaliob":0.036,"bolussnooze":0,"activity":0.0028,"lastBolusTime":1703709973149,"time":"2023-12-27T23:21:10.921Z","iobWithZeroTemp":{"iob":-0.43,"basaliob":-0.573,"bolussnooze":0,"activity":-0.0024,"lastBolusTime":1703709973149,"time":"2023-12-27T23:21:10.921Z"}},{"iob":0.166,"basaliob":0.033,"bolussnooze":0,"activity":0.0026,"lastBolusTime":1703709973149,"time":"2023-12-27T23:26:10.921Z","iobWithZeroTemp":{"iob":-0.438,"basaliob":-0.571,"bolussnooze":0,"activity":-0.0027,"lastBolusTime":1703709973149,"time":"2023-12-27T23:26:10.921Z"}},{"iob":0.154,"basaliob":0.03,"bolussnooze":0,"activity":0.0025,"lastBolusTime":1703709973149,"time":"2023-12-27T23:31:10.921Z","iobWithZeroTemp":{"iob":-0.444,"basaliob":-0.568,"bolussnooze":0,"activity":-0.0029,"lastBolusTime":1703709973149,"time":"2023-12-27T23:31:10.921Z"}},{"iob":0.142,"basaliob":0.027,"bolussnooze":0,"activity":0.0022,"lastBolusTime":1703709973149,"time":"2023-12-27T23:36:10.921Z","iobWithZeroTemp":{"iob":-0.45,"basaliob":-0.565,"bolussnooze":0,"activity":-0.0032,"lastBolusTime":1703709973149,"time":"2023-12-27T23:36:10.921Z"}},{"iob":0.131,"basaliob":0.025,"bolussnooze":0,"activity":0.0021,"lastBolusTime":1703709973149,"time":"2023-12-27T23:41:10.921Z","iobWithZeroTemp":{"iob":-0.455,"basaliob":-0.561,"bolussnooze":0,"activity":-0.0033,"lastBolusTime":1703709973149,"time":"2023-12-27T23:41:10.921Z"}},{"iob":0.12,"basaliob":0.022,"bolussnooze":0,"activity":0.0019,"lastBolusTime":1703709973149,"time":"2023-12-27T23:46:10.921Z","iobWithZeroTemp":{"iob":-0.46,"basaliob":-0.558,"bolussnooze":0,"activity":-0.0035,"lastBolusTime":1703709973149,"time":"2023-12-27T23:46:10.921Z"}},{"iob":0.111,"basaliob":0.02,"bolussnooze":0,"activity":0.0018,"lastBolusTime":1703709973149,"time":"2023-12-27T23:51:10.921Z","iobWithZeroTemp":{"iob":-0.462,"basaliob":-0.553,"bolussnooze":0,"activity":-0.0036,"lastBolusTime":1703709973149,"time":"2023-12-27T23:51:10.921Z"}},{"iob":0.102,"basaliob":0.018,"bolussnooze":0,"activity":0.0017,"lastBolusTime":1703709973149,"time":"2023-12-27T23:56:10.921Z","iobWithZeroTemp":{"iob":-0.465,"basaliob":-0.549,"bolussnooze":0,"activity":-0.0037,"lastBolusTime":1703709973149,"time":"2023-12-27T23:56:10.921Z"}},{"iob":0.095,"basaliob":0.017,"bolussnooze":0,"activity":0.0015,"lastBolusTime":1703709973149,"time":"2023-12-28T00:01:10.921Z","iobWithZeroTemp":{"iob":-0.466,"basaliob":-0.544,"bolussnooze":0,"activity":-0.0039,"lastBolusTime":1703709973149,"time":"2023-12-28T00:01:10.921Z"}},{"iob":0.087,"basaliob":0.015,"bolussnooze":0,"activity":0.0015,"lastBolusTime":1703709973149,"time":"2023-12-28T00:06:10.921Z","iobWithZeroTemp":{"iob":-0.468,"basaliob":-0.54,"bolussnooze":0,"activity":-0.0039,"lastBolusTime":1703709973149,"time":"2023-12-28T00:06:10.921Z"}},{"iob":0.08,"basaliob":0.014,"bolussnooze":0,"activity":0.0014,"lastBolusTime":1703709973149,"time":"2023-12-28T00:11:10.921Z","iobWithZeroTemp":{"iob":-0.469,"basaliob":-0.535,"bolussnooze":0,"activity":-0.004,"lastBolusTime":1703709973149,"time":"2023-12-28T00:11:10.921Z"}},{"iob":0.073,"basaliob":0.012,"bolussnooze":0,"activity":0.0013,"lastBolusTime":1703709973149,"time":"2023-12-28T00:16:10.921Z","iobWithZeroTemp":{"iob":-0.47,"basaliob":-0.531,"bolussnooze":0,"activity":-0.004,"lastBolusTime":1703709973149,"time":"2023-12-28T00:16:10.921Z"}},{"iob":0.067,"basaliob":0.011,"bolussnooze":0,"activity":0.0011,"lastBolusTime":1703709973149,"time":"2023-12-28T00:21:10.921Z","iobWithZeroTemp":{"iob":-0.47,"basaliob":-0.526,"bolussnooze":0,"activity":-0.0042,"lastBolusTime":1703709973149,"time":"2023-12-28T00:21:10.921Z"}},{"iob":0.062,"basaliob":0.01,"bolussnooze":0,"activity":0.0011,"lastBolusTime":1703709973149,"time":"2023-12-28T00:26:10.921Z","iobWithZeroTemp":{"iob":-0.47,"basaliob":-0.522,"bolussnooze":0,"activity":-0.0042,"lastBolusTime":1703709973149,"time":"2023-12-28T00:26:10.921Z"}},{"iob":0.057,"basaliob":0.009,"bolussnooze":0,"activity":0.001,"lastBolusTime":1703709973149,"time":"2023-12-28T00:31:10.921Z","iobWithZeroTemp":{"iob":-0.469,"basaliob":-0.517,"bolussnooze":0,"activity":-0.0042,"lastBolusTime":1703709973149,"time":"2023-12-28T00:31:10.921Z"}},{"iob":0.052,"basaliob":0.008,"bolussnooze":0,"activity":9.0E-4,"lastBolusTime":1703709973149,"time":"2023-12-28T00:36:10.921Z","iobWithZeroTemp":{"iob":-0.469,"basaliob":-0.513,"bolussnooze":0,"activity":-0.0043,"lastBolusTime":1703709973149,"time":"2023-12-28T00:36:10.921Z"}},{"iob":0.047,"basaliob":0.007,"bolussnooze":0,"activity":9.0E-4,"lastBolusTime":1703709973149,"time":"2023-12-28T00:41:10.921Z","iobWithZeroTemp":{"iob":-0.47,"basaliob":-0.51,"bolussnooze":0,"activity":-0.0042,"lastBolusTime":1703709973149,"time":"2023-12-28T00:41:10.921Z"}},{"iob":0.043,"basaliob":0.006,"bolussnooze":0,"activity":7.0E-4,"lastBolusTime":1703709973149,"time":"2023-12-28T00:46:10.921Z","iobWithZeroTemp":{"iob":-0.469,"basaliob":-0.506,"bolussnooze":0,"activity":-0.0044,"lastBolusTime":1703709973149,"time":"2023-12-28T00:46:10.921Z"}},{"iob":0.04,"basaliob":0.006,"bolussnooze":0,"activity":7.0E-4,"lastBolusTime":1703709973149,"time":"2023-12-28T00:51:10.921Z","iobWithZeroTemp":{"iob":-0.467,"basaliob":-0.501,"bolussnooze":0,"activity":-0.0043,"lastBolusTime":1703709973149,"time":"2023-12-28T00:51:10.921Z"}},{"iob":0.036,"basaliob":0.005,"bolussnooze":0,"activity":6.0E-4,"lastBolusTime":1703709973149,"time":"2023-12-28T00:56:10.921Z","iobWithZeroTemp":{"iob":-0.467,"basaliob":-0.498,"bolussnooze":0,"activity":-0.0044,"lastBolusTime":1703709973149,"time":"2023-12-28T00:56:10.921Z"}},{"iob":0.032,"basaliob":0.004,"bolussnooze":0,"activity":6.0E-4,"lastBolusTime":1703709973149,"time":"2023-12-28T01:01:10.921Z","iobWithZeroTemp":{"iob":-0.467,"basaliob":-0.495,"bolussnooze":0,"activity":-0.0044,"lastBolusTime":1703709973149,"time":"2023-12-28T01:01:10.921Z"}},{"iob":0.03,"basaliob":0.004,"bolussnooze":0,"activity":6.0E-4,"lastBolusTime":1703709973149,"time":"2023-12-28T01:06:10.921Z","iobWithZeroTemp":{"iob":-0.465,"basaliob":-0.491,"bolussnooze":0,"activity":-0.0043,"lastBolusTime":1703709973149,"time":"2023-12-28T01:06:10.921Z"}},{"iob":0.027,"basaliob":0.003,"bolussnooze":0,"activity":5.0E-4,"lastBolusTime":1703709973149,"time":"2023-12-28T01:11:10.921Z","iobWithZeroTemp":{"iob":-0.465,"basaliob":-0.489,"bolussnooze":0,"activity":-0.0044,"lastBolusTime":1703709973149,"time":"2023-12-28T01:11:10.921Z"}},{"iob":0.025,"basaliob":0.003,"bolussnooze":0,"activity":5.0E-4,"lastBolusTime":1703709973149,"time":"2023-12-28T01:16:10.921Z","iobWithZeroTemp":{"iob":-0.463,"basaliob":-0.485,"bolussnooze":0,"activity":-0.0043,"lastBolusTime":1703709973149,"time":"2023-12-28T01:16:10.921Z"}}],"profile":{"max_iob":4,"type":"current","max_daily_basal":0.5,"max_basal":1.5,"min_bg":95.4,"max_bg":95.4,"target_bg":95.4,"carb_ratio":20,"sens":117,"max_daily_safety_multiplier":3,"current_basal_safety_multiplier":4,"lgsThreshold":65,"high_temptarget_raises_sensitivity":false,"low_temptarget_lowers_sensitivity":false,"sensitivity_raises_target":true,"resistance_lowers_target":true,"adv_target_adjustments":false,"exercise_mode":false,"half_basal_exercise_target":160,"maxCOB":120,"skip_neutral_temps":false,"remainingCarbsCap":90,"enableUAM":true,"A52_risk_enable":false,"SMBInterval":3,"enableSMB_with_COB":true,"enableSMB_with_temptarget":true,"allowSMB_with_high_temptarget":false,"enableSMB_always":false,"enableSMB_after_carbs":false,"maxSMBBasalMinutes":75,"maxUAMSMBBasalMinutes":75,"bolus_increment":0.05,"carbsReqThreshold":10,"current_basal":0.5,"temptargetSet":true,"autosens_max":1.2,"autosens_min":0.7,"out_units":"mmol\/L","variable_sens":96.7,"insulinDivisor":65,"TDD":14.431154761904764},"autosens_data":{"ratio":1},"meal_data":{"carbs":0,"mealCOB":0,"slopeFromMaxDeviation":-0.8450000000000001,"slopeFromMinDeviation":1.113,"lastBolusTime":1703709973149,"lastCarbTime":0},"microBolusAllowed":true,"currentTime":1703712072594,"flatBGsDetected":false,"tdd1D":15.216666666666669,"tdd7D":11.563690476190475,"tddLast24H":10.82083333333332,"tddLast4H":3.254166666666667,"tddLast8to4H":1.6291666666666669},"output":{"temp":"absolute","bg":171,"tick":"+0","eventualBG":108,"targetBG":95.4,"insulinReq":0.01,"deliverAt":"2023-12-27T21:21:12.594Z","sensitivityRatio":1,"variable_sens":96.7,"predBGs":{"IOB":[171,170,169,168,166,164,162,160,158,155,152,149,146,143,140,137,134,132,129,127,125,123,121,119,117,115,114,112,111,109,108,107,106,105,104,103,102,102,101,100,100,99,98,98,98,97,97,96],"ZT":[171,166,162,157,153,149,145,141,138,134,131,129,127,125,123,122,121,120,120,120,120],"UAM":[171,170,167,165,161,157,152,148,145,141,137,133,130,127,123,120,117,115,112,109,107,105,102,100,98,96,95,93,91,90,88,87,86,85,84,83,82,81,80,79,78,78,77,77,76,76,75]},"reason":"COB: 0, Dev: 1.3, BGI: -0.3, ISF: 5.4, CR: 20, Target: 5.3, minPredBG 5.4, minGuardBG 4.1, IOBpredBG 5.3, UAMpredBG 4.2; Eventual BG 6.0 >= 5.3,  insulinReq 0.01. temp 0.00 < 0.52U\/hr. ","COB":0,"IOB":0.901,"duration":30,"rate":0.52,"timestamp":"2023-12-27T21:21:12.633Z"}}