{"algorithm":"OpenAPSSMBDynamicISFPlugin","input":{"glucoseStatus":{"glucose":145,"noise":0,"delta":-8,"short_avgdelta":-6.31,"long_avgdelta":-2.15,"date":1703695500000},"currenttemp":{"temp":"absolute","duration":20,"rate":0.5,"minutesrunning":10},"iob_data":[{"iob":0.507,"basaliob":0.495,"bolussnooze":0,"activity":0.0034,"lastBolusTime":1703681471121,"time":"2023-12-27T16:46:12.424Z","iobWithZeroTemp":{"iob":0.507,"basaliob":0.495,"bolussnooze":0,"activity":0.0034,"lastBolusTime":1703681471121,"time":"2023-12-27T16:46:12.424Z"}},{"iob":0.49,"basaliob":0.479,"bolussnooze":0,"activity":0.0036,"lastBolusTime":1703681471121,"time":"2023-12-27T16:51:12.424Z","iobWithZeroTemp":{"iob":0.463,"basaliob":0.452,"bolussnooze":0,"activity":0.0036,"lastBolusTime":1703681471121,"time":"2023-12-27T16:51:12.424Z"}},{"iob":0.471,"basaliob":0.461,"bolussnooze":0,"activity":0.0038,"lastBolusTime":1703681471121,"time":"2023-12-27T16:56:12.424Z","iobWithZeroTemp":{"iob":0.411,"basaliob":0.401,"bolussnooze":0,"activity":0.0037,"lastBolusTime":1703681471121,"time":"2023-12-27T16:56:12.424Z"}},{"iob":0.452,"basaliob":0.443,"bolussnooze":0,"activity":0.0039,"lastBolusTime":1703681471121,"time":"2023-12-27T17:01:12.424Z","iobWithZeroTemp":{"iob":0.36,"basaliob":0.351,"bolussnooze":0,"activity":0.0037,"lastBolusTime":1703681471121,"time":"2023-12-27T17:01:12.424Z"}},{"iob":0.433,"basaliob":0.424,"bolussnooze":0,"activity":0.0039,"lastBolusTime":1703681471121,"time":"2023-12-27T17:06:12.424Z","iobWithZeroTemp":{"iob":0.308,"basaliob":0.299,"bolussnooze":0,"activity":0.0036,"lastBolusTime":1703681471121,"time":"2023-12-27T17:06:12.424Z"}},{"iob":0.414,"basaliob":0.406,"bolussnooze":0,"activity":0.0039,"lastBolusTime":1703681471121,"time":"2023-12-27T17:11:12.424Z","iobWithZeroTemp":{"iob":0.258,"basaliob":0.25,"bolussnooze":0,"activity":0.0034,"lastBolusTime":1703681471121,"time":"2023-12-27T17:11:12.424Z"}},{"iob":0.394,"basaliob":0.387,"bolussnooze":0,"activity":0.0039,"lastBolusTime":1703681471121,"time":"2023-12-27T17:16:12.424Z","iobWithZeroTemp":{"iob":0.208,"basaliob":0.201,"bolussnooze":0,"activity":0.0032,"lastBolusTime":1703681471121,"time":"2023-12-27T17:16:12.424Z"}},{"iob":0.375,"basaliob":0.368,"bolussnooze":0,"activity":0.0038,"lastBolusTime":1703681471121,"time":"2023-12-27T17:21:12.424Z","iobWithZeroTemp":{"iob":0.159,"basaliob":0.152,"bolussnooze":0,"activity":0.0029,"lastBolusTime":1703681471121,"time":"2023-12-27T17:21:12.424Z"}},{"iob":0.355,"basaliob":0.349,"bolussnooze":0,"activity":0.0038,"lastBolusTime":1703681471121,"time":"2023-12-27T17:26:12.424Z","iobWithZeroTemp":{"iob":0.111,"basaliob":0.105,"bolussnooze":0,"activity":0.0027,"lastBolusTime":1703681471121,"time":"2023-12-27T17:26:12.424Z"}},{"iob":0.336,"basaliob":0.331,"bolussnooze":0,"activity":0.0037,"lastBolusTime":1703681471121,"time":"2023-12-27T17:31:12.424Z","iobWithZeroTemp":{"iob":0.064,"basaliob":0.059,"bolussnooze":0,"activity":0.0024,"lastBolusTime":1703681471121,"time":"2023-12-27T17:31:12.424Z"}},{"iob":0.319,"basaliob":0.314,"bolussnooze":0,"activity":0.0036,"lastBolusTime":1703681471121,"time":"2023-12-27T17:36:12.424Z","iobWithZeroTemp":{"iob":0.021,"basaliob":0.016,"bolussnooze":0,"activity":0.0021,"lastBolusTime":1703681471121,"time":"2023-12-27T17:36:12.424Z"}},{"iob":0.301,"basaliob":0.296,"bolussnooze":0,"activity":0.0035,"lastBolusTime":1703681471121,"time":"2023-12-27T17:41:12.424Z","iobWithZeroTemp":{"iob":-0.022,"basaliob":-0.027,"bolussnooze":0,"activity":0.0017,"lastBolusTime":1703681471121,"time":"2023-12-27T17:41:12.424Z"}},{"iob":0.284,"basaliob":0.28,"bolussnooze":0,"activity":0.0034,"lastBolusTime":1703681471121,"time":"2023-12-27T17:46:12.424Z","iobWithZeroTemp":{"iob":-0.063,"basaliob":-0.067,"bolussnooze":0,"activity":0.0014,"lastBolusTime":1703681471121,"time":"2023-12-27T17:46:12.424Z"}},{"iob":0.267,"basaliob":0.263,"bolussnooze":0,"activity":0.0033,"lastBolusTime":1703681471121,"time":"2023-12-27T17:51:12.424Z","iobWithZeroTemp":{"iob":-0.103,"basaliob":-0.107,"bolussnooze":0,"activity":0.0011,"lastBolusTime":1703681471121,"time":"2023-12-27T17:51:12.424Z"}},{"iob":0.251,"basaliob":0.248,"bolussnooze":0,"activity":0.0031,"lastBolusTime":1703681471121,"time":"2023-12-27T17:56:12.424Z","iobWithZeroTemp":{"iob":-0.14,"basaliob":-0.143,"bolussnooze":0,"activity":7.0E-4,"lastBolusTime":1703681471121,"time":"2023-12-27T17:56:12.424Z"}},{"iob":0.236,"basaliob":0.233,"bolussnooze":0,"activity":0.003,"lastBolusTime":1703681471121,"time":"2023-12-27T18:01:12.424Z","iobWithZeroTemp":{"iob":-0.176,"basaliob":-0.179,"bolussnooze":0,"activity":3.0E-4,"lastBolusTime":1703681471121,"time":"2023-12-27T18:01:12.424Z"}},{"iob":0.222,"basaliob":0.219,"bolussnooze":0,"activity":0.0029,"lastBolusTime":1703681471121,"time":"2023-12-27T18:06:12.424Z","iobWithZeroTemp":{"iob":-0.209,"basaliob":-0.212,"bolussnooze":0,"activity":0,"lastBolusTime":1703681471121,"time":"2023-12-27T18:06:12.424Z"}},{"iob":0.208,"basaliob":0.205,"bolussnooze":0,"activity":0.0028,"lastBolusTime":1703681471121,"time":"2023-12-27T18:11:12.424Z","iobWithZeroTemp":{"iob":-0.242,"basaliob":-0.245,"bolussnooze":0,"activity":-3.0E-4,"lastBolusTime":1703681471121,"time":"2023-12-27T18:11:12.424Z"}},{"iob":0.194,"basaliob":0.192,"bolussnooze":0,"activity":0.0025,"lastBolusTime":1703681471121,"time":"2023-12-27T18:16:12.424Z","iobWithZeroTemp":{"iob":-0.273,"basaliob":-0.275,"bolussnooze":0,"activity":-8.0E-4,"lastBolusTime":1703681471121,"time":"2023-12-27T18:16:12.424Z"}},{"iob":0.182,"basaliob":0.18,"bolussnooze":0,"activity":0.0024,"lastBolusTime":1703681471121,"time":"2023-12-27T18:21:12.424Z","iobWithZeroTemp":{"iob":-0.302,"basaliob":-0.304,"bolussnooze":0,"activity":-0.0011,"lastBolusTime":1703681471121,"time":"2023-12-27T18:21:12.424Z"}},{"iob":0.17,"basaliob":0.168,"bolussnooze":0,"activity":0.0023,"lastBolusTime":1703681471121,"time":"2023-12-27T18:26:12.424Z","iobWithZeroTemp":{"iob":-0.329,"basaliob":-0.331,"bolussnooze":0,"activity":-0.0014,"lastBolusTime":1703681471121,"time":"2023-12-27T18:26:12.424Z"}},{"iob":0.159,"basaliob":0.157,"bolussnooze":0,"activity":0.0022,"lastBolusTime":1703681471121,"time":"2023-12-27T18:31:12.424Z","iobWithZeroTemp":{"iob":-0.355,"basaliob":-0.357,"bolussnooze":0,"activity":-0.0017,"lastBolusTime":1703681471121,"time":"2023-12-27T18:31:12.424Z"}},{"iob":0.149,"basaliob":0.147,"bolussnooze":0,"activity":0.002,"lastBolusTime":1703681471121,"time":"2023-12-27T18:36:12.424Z","iobWithZeroTemp":{"iob":-0.378,"basaliob":-0.38,"bolussnooze":0,"activity":-0.002,"lastBolusTime":1703681471121,"time":"2023-12-27T18:36:12.424Z"}},{"iob":0.138,"basaliob":0.137,"bolussnooze":0,"activity":0.0019,"lastBolusTime":1703681471121,"time":"2023-12-27T18:41:12.424Z","iobWithZeroTemp":{"iob":-0.402,"basaliob":-0.403,"bolussnooze":0,"activity":-0.0023,"lastBolusTime":1703681471121,"time":"2023-12-27T18:41:12.424Z"}},{"iob":0.128,"basaliob":0.127,"bolussnooze":0,"activity":0.0018,"lastBolusTime":1703681471121,"time":"2023-12-27T18:46:12.424Z","iobWithZeroTemp":{"iob":-0.424,"basaliob":-0.425,"bolussnooze":0,"activity":-0.0025,"lastBolusTime":1703681471121,"time":"2023-12-27T18:46:12.424Z"}},{"iob":0.119,"basaliob":0.118,"bolussnooze":0,"activity":0.0017,"lastBolusTime":1703681471121,"time":"2023-12-27T18:51:12.424Z","iobWithZeroTemp":{"iob":-0.444,"basaliob":-0.445,"bolussnooze":0,"activity":-0.0028,"lastBolusTime":1703681471121,"time":"2023-12-27T18:51:12.424Z"}},{"iob":0.111,"basaliob":0.11,"bolussnooze":0,"activity":0.0016,"lastBolusTime":1703681471121,"time":"2023-12-27T18:56:12.424Z","iobWithZeroTemp":{"iob":-0.463,"basaliob":-0.464,"bolussnooze":0,"activity":-0.003,"lastBolusTime":1703681471121,"time":"2023-12-27T18:56:12.424Z"}},{"iob":0.103,"basaliob":0.102,"bolussnooze":0,"activity":0.0015,"lastBolusTime":1703681471121,"time":"2023-12-27T19:01:12.424Z","iobWithZeroTemp":{"iob":-0.481,"basaliob":-0.482,"bolussnooze":0,"activity":-0.0033,"lastBolusTime":1703681471121,"time":"2023-12-27T19:01:12.424Z"}},{"iob":0.096,"basaliob":0.095,"bolussnooze":0,"activity":0.0014,"lastBolusTime":1703681471121,"time":"2023-12-27T19:06:12.424Z","iobWithZeroTemp":{"iob":-0.497,"basaliob":-0.498,"bolussnooze":0,"activity":-0.0035,"lastBolusTime":1703681471121,"time":"2023-12-27T19:06:12.424Z"}},{"iob":0.089,"basaliob":0.088,"bolussnooze":0,"activity":0.0013,"lastBolusTime":1703681471121,"time":"2023-12-27T19:11:12.424Z","iobWithZeroTemp":{"iob":-0.512,"basaliob":-0.513,"bolussnooze":0,"activity":-0.0037,"lastBolusTime":1703681471121,"time":"2023-12-27T19:11:12.424Z"}},{"iob":0.083,"basaliob":0.082,"bolussnooze":0,"activity":0.0012,"lastBolusTime":1703681471121,"time":"2023-12-27T19:16:12.424Z","iobWithZeroTemp":{"iob":-0.526,"basaliob":-0.527,"bolussnooze":0,"activity":-0.0039,"lastBolusTime":1703681471121,"time":"2023-12-27T19:16:12.424Z"}},{"iob":0.077,"basaliob":0.076,"bolussnooze":0,"activity":0.0012,"lastBolusTime":1703681471121,"time":"2023-12-27T19:21:12.424Z","iobWithZeroTemp":{"iob":-0.54,"basaliob":-0.541,"bolussnooze":0,"activity":-0.004,"lastBolusTime":1703681471121,"time":"2023-12-27T19:21:12.424Z"}},{"iob":0.07,"basaliob":0.07,"bolussnooze":0,"activity":0.0011,"lastBolusTime":1703681471121,"time":"2023-12-27T19:26:12.424Z","iobWithZeroTemp":{"iob":-0.554,"basaliob":-0.554,"bolussnooze":0,"activity":-0.0042,"lastBolusTime":1703681471121,"time":"2023-12-27T19:26:12.424Z"}},{"iob":0.065,"basaliob":0.065,"bolussnooze":0,"activity":0.001,"lastBolusTime":1703681471121,"time":"2023-12-27T19:31:12.424Z","iobWithZeroTemp":{"iob":-0.565,"basaliob":-0.565,"bolussnooze":0,"activity":-0.0044,"lastBolusTime":1703681471121,"time":"2023-12-27T19:31:12.424Z"}},{"iob":0.06,"basaliob":0.06,"bolussnooze":0,"activity":9.0E-4,"lastBolusTime":1703681471121,"time":"2023-12-27T19:36:12.424Z","iobWithZeroTemp":{"iob":-0.576,"basaliob":-0.576,"bolussnooze":0,"activity":-0.0046,"lastBolusTime":1703681471121,"time":"2023-12-27T19:36:12.424Z"}},{"iob":0.055,"basaliob":0.055,"bolussnooze":0,"activity":9.0E-4,"lastBolusTime":1703681471121,"time":"2023-12-27T19:41:12.424Z","iobWithZeroTemp":{"iob":-0.586,"basaliob":-0.586,"bolussnooze":0,"activity":-0.0047,"lastBolusTime":1703681471121,"time":"2023-12-27T19:41:12.424Z"}},{"iob":0.051,"basaliob":0.051,"bolussnooze":0,"activity":8.0E-4,"lastBolusTime":1703681471121,"time":"2023-12-27T19:46:12.424Z","iobWithZeroTemp":{"iob":-0.596,"basaliob":-0.596,"bolussnooze":0,"activity":-0.0049,"lastBolusTime":1703681471121,"time":"2023-12-27T19:46:12.424Z"}},{"iob":0.047,"basaliob":0.047,"bolussnooze":0,"activity":8.0E-4,"lastBolusTime":1703681471121,"time":"2023-12-27T19:51:12.424Z","iobWithZeroTemp":{"iob":-0.604,"basaliob":-0.604,"bolussnooze":0,"activity":-0.005,"lastBolusTime":1703681471121,"time":"2023-12-27T19:51:12.424Z"}},{"iob":0.044,"basaliob":0.044,"bolussnooze":0,"activity":7.0E-4,"lastBolusTime":1703681471121,"time":"2023-12-27T19:56:12.424Z","iobWithZeroTemp":{"iob":-0.612,"basaliob":-0.612,"bolussnooze":0,"activity":-0.0051,"lastBolusTime":1703681471121,"time":"2023-12-27T19:56:12.424Z"}},{"iob":0.04,"basaliob":0.04,"bolussnooze":0,"activity":7.0E-4,"lastBolusTime":1703681471121,"time":"2023-12-27T20:01:12.424Z","iobWithZeroTemp":{"iob":-0.62,"basaliob":-0.62,"bolussnooze":0,"activity":-0.0052,"lastBolusTime":1703681471121,"time":"2023-12-27T20:01:12.424Z"}},{"iob":0.037,"basaliob":0.037,"bolussnooze":0,"activity":6.0E-4,"lastBolusTime":1703681471121,"time":"2023-12-27T20:06:12.424Z","iobWithZeroTemp":{"iob":-0.635,"basaliob":-0.635,"bolussnooze":0,"activity":-0.0054,"lastBolusTime":1703681471121,"time":"2023-12-27T20:06:12.424Z"}},{"iob":0.034,"basaliob":0.034,"bolussnooze":0,"activity":6.0E-4,"lastBolusTime":1703681471121,"time":"2023-12-27T20:11:12.424Z","iobWithZeroTemp":{"iob":-0.65,"basaliob":-0.65,"bolussnooze":0,"activity":-0.0054,"lastBolusTime":1703681471121,"time":"2023-12-27T20:11:12.424Z"}},{"iob":0.031,"basaliob":0.031,"bolussnooze":0,"activity":5.0E-4,"lastBolusTime":1703681471121,"time":"2023-12-27T20:16:12.424Z","iobWithZeroTemp":{"iob":-0.664,"basaliob":-0.664,"bolussnooze":0,"activity":-0.0056,"lastBolusTime":1703681471121,"time":"2023-12-27T20:16:12.424Z"}},{"iob":0.029,"basaliob":0.029,"bolussnooze":0,"activity":5.0E-4,"lastBolusTime":1703681471121,"time":"2023-12-27T20:21:12.424Z","iobWithZeroTemp":{"iob":-0.677,"basaliob":-0.677,"bolussnooze":0,"activity":-0.0057,"lastBolusTime":1703681471121,"time":"2023-12-27T20:21:12.424Z"}},{"iob":0.026,"basaliob":0.026,"bolussnooze":0,"activity":5.0E-4,"lastBolusTime":1703681471121,"time":"2023-12-27T20:26:12.424Z","iobWithZeroTemp":{"iob":-0.69,"basaliob":-0.69,"bolussnooze":0,"activity":-0.0058,"lastBolusTime":1703681471121,"time":"2023-12-27T20:26:12.424Z"}},{"iob":0.024,"basaliob":0.024,"bolussnooze":0,"activity":4.0E-4,"lastBolusTime":1703681471121,"time":"2023-12-27T20:31:12.424Z","iobWithZeroTemp":{"iob":-0.702,"basaliob":-0.702,"bolussnooze":0,"activity":-0.006,"lastBolusTime":1703681471121,"time":"2023-12-27T20:31:12.424Z"}},{"iob":0.022,"basaliob":0.022,"bolussnooze":0,"activity":4.0E-4,"lastBolusTime":1703681471121,"time":"2023-12-27T20:36:12.424Z","iobWithZeroTemp":{"iob":-0.714,"basaliob":-0.714,"bolussnooze":0,"activity":-0.0061,"lastBolusTime":1703681471121,"time":"2023-12-27T20:36:12.424Z"}},{"iob":0.02,"basaliob":0.02,"bolussnooze":0,"activity":4.0E-4,"lastBolusTime":1703681471121,"time":"2023-12-27T20:41:12.424Z","iobWithZeroTemp":{"iob":-0.725,"basaliob":-0.725,"bolussnooze":0,"activity":-0.0061,"lastBolusTime":1703681471121,"time":"2023-12-27T20:41:12.424Z"}}],"profile":{"max_iob":4,"type":"current","max_daily_basal":0.5,"max_basal":1.5,"min_bg":100.8,"max_bg":100.8,"target_bg":100.8,"carb_ratio":20,"sens":117,"max_daily_safety_multiplier":3,"current_basal_safety_multiplier":4,"lgsThreshold":65,"high_temptarget_raises_sensitivity":false,"low_temptarget_lowers_sensitivity":false,"sensitivity_raises_target":true,"resistance_lowers_target":true,"adv_target_adjustments":false,"exercise_mode":false,"half_basal_exercise_target":160,"maxCOB":120,"skip_neutral_temps":false,"remainingCarbsCap":90,"enableUAM":true,"A52_risk_enable":false,"SMBInterval":3,"enableSMB_with_COB":true,"enableSMB_with_temptarget":true,"allowSMB_with_high_temptarget":false,"enableSMB_always":false,"enableSMB_after_carbs":false,"maxSMBBasalMinutes":75,"maxUAMSMBBasalMinutes":75,"bolus_increment":0.05,"carbsReqThreshold":10,"current_basal":0.4,"temptargetSet":false,"autosens_max":1.2,"autosens_min":0.7,"out_units":"mmol\/L","variable_sens":122.6,"insulinDivisor":65,"TDD":12.522104761904764},"autosens_data":{"ratio":1},"meal_data":{"carbs":15,"mealCOB":0,"slopeFromMaxDeviation":-1.812857142857143,"slopeFromMinDeviation":0.04672727272727273,"lastBolusTime":1703681471121,"lastCarbTime":1703680178793},"microBolusAllowed":true,"currentTime":1703695574394,"flatBGsDetected":false,"tdd1D":15.216666666666669,"tdd7D":11.563690476190475,"tddLast24H":9.837499999999997,"tddLast4H":1.6625000000000003,"tddLast8to4H":2.129166666666667},"output":{"temp":"absolute","bg":145,"tick":-8,"eventualBG":83,"targetBG":100.8,"insulinReq":0,"deliverAt":"2023-12-27T16:46:14.394Z","sensitivityRatio":1,"variable_sens":122.6,"predBGs":{"IOB":[145,138,130,123,117,111,105,100,95,90,86,83,79,76,73,70,67,65,62,59,56,54,51,48,46,44,41,39],"ZT":[145,143,141,138,136,134,132,129,128,126,124,123,122,121,120,119,119,119,119]},"reason":"COB: 0, Dev: 0.0, BGI: -0.1, ISF: 6.8, CR: 20, Target: 5.6, minPredBG 4.4, minGuardBG 0.7, IOBpredBG 2.2; minGuardBG 0.7<3.9","COB":0,"IOB":0.507,"duration":120,"rate":0,"timestamp":"2023-12-27T16:46:14.420Z"}}