{"algorithm":"OpenAPSSMBDynamicISFPlugin","input":{"glucoseStatus":{"glucose":140,"noise":0,"delta":0,"short_avgdelta":0,"long_avgdelta":-6.24,"date":1703808022852},"currenttemp":{"temp":"absolute","duration":105,"rate":0,"minutesrunning":15},"iob_data":[{"iob":0.573,"basaliob":0.573,"bolussnooze":0,"activity":0.007,"lastBolusTime":0,"time":"2023-12-29T00:01:12.553Z","iobWithZeroTemp":{"iob":0.573,"basaliob":0.573,"bolussnooze":0,"activity":0.007,"lastBolusTime":0,"time":"2023-12-29T00:01:12.553Z"}},{"iob":0.539,"basaliob":0.539,"bolussnooze":0,"activity":0.0067,"lastBolusTime":0,"time":"2023-12-29T00:06:12.553Z","iobWithZeroTemp":{"iob":0.522,"basaliob":0.522,"bolussnooze":0,"activity":0.0067,"lastBolusTime":0,"time":"2023-12-29T00:06:12.553Z"}},{"iob":0.506,"basaliob":0.506,"bolussnooze":0,"activity":0.0064,"lastBolusTime":0,"time":"2023-12-29T00:11:12.553Z","iobWithZeroTemp":{"iob":0.469,"basaliob":0.469,"bolussnooze":0,"activity":0.0063,"lastBolusTime":0,"time":"2023-12-29T00:11:12.553Z"}},{"iob":0.474,"basaliob":0.474,"bolussnooze":0,"activity":0.0061,"lastBolusTime":0,"time":"2023-12-29T00:16:12.553Z","iobWithZeroTemp":{"iob":0.416,"basaliob":0.416,"bolussnooze":0,"activity":0.006,"lastBolusTime":0,"time":"2023-12-29T00:16:12.553Z"}},{"iob":0.444,"basaliob":0.444,"bolussnooze":0,"activity":0.0058,"lastBolusTime":0,"time":"2023-12-29T00:21:12.553Z","iobWithZeroTemp":{"iob":0.366,"basaliob":0.366,"bolussnooze":0,"activity":0.0056,"lastBolusTime":0,"time":"2023-12-29T00:21:12.553Z"}},{"iob":0.416,"basaliob":0.416,"bolussnooze":0,"activity":0.0056,"lastBolusTime":0,"time":"2023-12-29T00:26:12.553Z","iobWithZeroTemp":{"iob":0.319,"basaliob":0.319,"bolussnooze":0,"activity":0.0053,"lastBolusTime":0,"time":"2023-12-29T00:26:12.553Z"}},{"iob":0.389,"basaliob":0.389,"bolussnooze":0,"activity":0.0053,"lastBolusTime":0,"time":"2023-12-29T00:31:12.553Z","iobWithZeroTemp":{"iob":0.273,"basaliob":0.273,"bolussnooze":0,"activity":0.0049,"lastBolusTime":0,"time":"2023-12-29T00:31:12.553Z"}},{"iob":0.363,"basaliob":0.363,"bolussnooze":0,"activity":0.005,"lastBolusTime":0,"time":"2023-12-29T00:36:12.553Z","iobWithZeroTemp":{"iob":0.228,"basaliob":0.228,"bolussnooze":0,"activity":0.0045,"lastBolusTime":0,"time":"2023-12-29T00:36:12.553Z"}},{"iob":0.339,"basaliob":0.339,"bolussnooze":0,"activity":0.0047,"lastBolusTime":0,"time":"2023-12-29T00:41:12.553Z","iobWithZeroTemp":{"iob":0.186,"basaliob":0.186,"bolussnooze":0,"activity":0.004,"lastBolusTime":0,"time":"2023-12-29T00:41:12.553Z"}},{"iob":0.316,"basaliob":0.316,"bolussnooze":0,"activity":0.0045,"lastBolusTime":0,"time":"2023-12-29T00:46:12.553Z","iobWithZeroTemp":{"iob":0.146,"basaliob":0.146,"bolussnooze":0,"activity":0.0037,"lastBolusTime":0,"time":"2023-12-29T00:46:12.553Z"}},{"iob":0.294,"basaliob":0.294,"bolussnooze":0,"activity":0.0042,"lastBolusTime":0,"time":"2023-12-29T00:51:12.553Z","iobWithZeroTemp":{"iob":0.108,"basaliob":0.108,"bolussnooze":0,"activity":0.0032,"lastBolusTime":0,"time":"2023-12-29T00:51:12.553Z"}},{"iob":0.274,"basaliob":0.274,"bolussnooze":0,"activity":0.004,"lastBolusTime":0,"time":"2023-12-29T00:56:12.553Z","iobWithZeroTemp":{"iob":0.072,"basaliob":0.072,"bolussnooze":0,"activity":0.0029,"lastBolusTime":0,"time":"2023-12-29T00:56:12.553Z"}},{"iob":0.255,"basaliob":0.255,"bolussnooze":0,"activity":0.0037,"lastBolusTime":0,"time":"2023-12-29T01:01:12.553Z","iobWithZeroTemp":{"iob":0.038,"basaliob":0.038,"bolussnooze":0,"activity":0.0025,"lastBolusTime":0,"time":"2023-12-29T01:01:12.553Z"}},{"iob":0.237,"basaliob":0.237,"bolussnooze":0,"activity":0.0035,"lastBolusTime":0,"time":"2023-12-29T01:06:12.553Z","iobWithZeroTemp":{"iob":0.006,"basaliob":0.006,"bolussnooze":0,"activity":0.0021,"lastBolusTime":0,"time":"2023-12-29T01:06:12.553Z"}},{"iob":0.22,"basaliob":0.22,"bolussnooze":0,"activity":0.0033,"lastBolusTime":0,"time":"2023-12-29T01:11:12.553Z","iobWithZeroTemp":{"iob":-0.025,"basaliob":-0.025,"bolussnooze":0,"activity":0.0018,"lastBolusTime":0,"time":"2023-12-29T01:11:12.553Z"}},{"iob":0.204,"basaliob":0.204,"bolussnooze":0,"activity":0.0031,"lastBolusTime":0,"time":"2023-12-29T01:16:12.553Z","iobWithZeroTemp":{"iob":-0.053,"basaliob":-0.053,"bolussnooze":0,"activity":0.0014,"lastBolusTime":0,"time":"2023-12-29T01:16:12.553Z"}},{"iob":0.189,"basaliob":0.189,"bolussnooze":0,"activity":0.0029,"lastBolusTime":0,"time":"2023-12-29T01:21:12.553Z","iobWithZeroTemp":{"iob":-0.081,"basaliob":-0.081,"bolussnooze":0,"activity":0.0011,"lastBolusTime":0,"time":"2023-12-29T01:21:12.553Z"}},{"iob":0.175,"basaliob":0.175,"bolussnooze":0,"activity":0.0027,"lastBolusTime":0,"time":"2023-12-29T01:26:12.553Z","iobWithZeroTemp":{"iob":-0.106,"basaliob":-0.106,"bolussnooze":0,"activity":8.0E-4,"lastBolusTime":0,"time":"2023-12-29T01:26:12.553Z"}},{"iob":0.162,"basaliob":0.162,"bolussnooze":0,"activity":0.0025,"lastBolusTime":0,"time":"2023-12-29T01:31:12.553Z","iobWithZeroTemp":{"iob":-0.13,"basaliob":-0.13,"bolussnooze":0,"activity":4.0E-4,"lastBolusTime":0,"time":"2023-12-29T01:31:12.553Z"}},{"iob":0.15,"basaliob":0.15,"bolussnooze":0,"activity":0.0023,"lastBolusTime":0,"time":"2023-12-29T01:36:12.553Z","iobWithZeroTemp":{"iob":-0.152,"basaliob":-0.152,"bolussnooze":0,"activity":1.0E-4,"lastBolusTime":0,"time":"2023-12-29T01:36:12.553Z"}},{"iob":0.138,"basaliob":0.138,"bolussnooze":0,"activity":0.0022,"lastBolusTime":0,"time":"2023-12-29T01:41:12.553Z","iobWithZeroTemp":{"iob":-0.174,"basaliob":-0.174,"bolussnooze":0,"activity":-1.0E-4,"lastBolusTime":0,"time":"2023-12-29T01:41:12.553Z"}},{"iob":0.128,"basaliob":0.128,"bolussnooze":0,"activity":0.002,"lastBolusTime":0,"time":"2023-12-29T01:46:12.553Z","iobWithZeroTemp":{"iob":-0.193,"basaliob":-0.193,"bolussnooze":0,"activity":-4.0E-4,"lastBolusTime":0,"time":"2023-12-29T01:46:12.553Z"}},{"iob":0.118,"basaliob":0.118,"bolussnooze":0,"activity":0.0019,"lastBolusTime":0,"time":"2023-12-29T01:51:12.553Z","iobWithZeroTemp":{"iob":-0.212,"basaliob":-0.212,"bolussnooze":0,"activity":-6.0E-4,"lastBolusTime":0,"time":"2023-12-29T01:51:12.553Z"}},{"iob":0.109,"basaliob":0.109,"bolussnooze":0,"activity":0.0018,"lastBolusTime":0,"time":"2023-12-29T01:56:12.553Z","iobWithZeroTemp":{"iob":-0.229,"basaliob":-0.229,"bolussnooze":0,"activity":-8.0E-4,"lastBolusTime":0,"time":"2023-12-29T01:56:12.553Z"}},{"iob":0.1,"basaliob":0.1,"bolussnooze":0,"activity":0.0016,"lastBolusTime":0,"time":"2023-12-29T02:01:12.553Z","iobWithZeroTemp":{"iob":-0.245,"basaliob":-0.245,"bolussnooze":0,"activity":-0.0011,"lastBolusTime":0,"time":"2023-12-29T02:01:12.553Z"}},{"iob":0.092,"basaliob":0.092,"bolussnooze":0,"activity":0.0015,"lastBolusTime":0,"time":"2023-12-29T02:06:12.553Z","iobWithZeroTemp":{"iob":-0.26,"basaliob":-0.26,"bolussnooze":0,"activity":-0.0013,"lastBolusTime":0,"time":"2023-12-29T02:06:12.553Z"}},{"iob":0.085,"basaliob":0.085,"bolussnooze":0,"activity":0.0014,"lastBolusTime":0,"time":"2023-12-29T02:11:12.553Z","iobWithZeroTemp":{"iob":-0.274,"basaliob":-0.274,"bolussnooze":0,"activity":-0.0015,"lastBolusTime":0,"time":"2023-12-29T02:11:12.553Z"}},{"iob":0.078,"basaliob":0.078,"bolussnooze":0,"activity":0.0013,"lastBolusTime":0,"time":"2023-12-29T02:16:12.553Z","iobWithZeroTemp":{"iob":-0.287,"basaliob":-0.287,"bolussnooze":0,"activity":-0.0017,"lastBolusTime":0,"time":"2023-12-29T02:16:12.553Z"}},{"iob":0.072,"basaliob":0.072,"bolussnooze":0,"activity":0.0012,"lastBolusTime":0,"time":"2023-12-29T02:21:12.553Z","iobWithZeroTemp":{"iob":-0.299,"basaliob":-0.299,"bolussnooze":0,"activity":-0.0019,"lastBolusTime":0,"time":"2023-12-29T02:21:12.553Z"}},{"iob":0.066,"basaliob":0.066,"bolussnooze":0,"activity":0.0011,"lastBolusTime":0,"time":"2023-12-29T02:26:12.553Z","iobWithZeroTemp":{"iob":-0.31,"basaliob":-0.31,"bolussnooze":0,"activity":-0.002,"lastBolusTime":0,"time":"2023-12-29T02:26:12.553Z"}},{"iob":0.061,"basaliob":0.061,"bolussnooze":0,"activity":0.001,"lastBolusTime":0,"time":"2023-12-29T02:31:12.553Z","iobWithZeroTemp":{"iob":-0.32,"basaliob":-0.32,"bolussnooze":0,"activity":-0.0022,"lastBolusTime":0,"time":"2023-12-29T02:31:12.553Z"}},{"iob":0.055,"basaliob":0.055,"bolussnooze":0,"activity":0.001,"lastBolusTime":0,"time":"2023-12-29T02:36:12.553Z","iobWithZeroTemp":{"iob":-0.33,"basaliob":-0.33,"bolussnooze":0,"activity":-0.0023,"lastBolusTime":0,"time":"2023-12-29T02:36:12.553Z"}},{"iob":0.051,"basaliob":0.051,"bolussnooze":0,"activity":9.0E-4,"lastBolusTime":0,"time":"2023-12-29T02:41:12.553Z","iobWithZeroTemp":{"iob":-0.339,"basaliob":-0.339,"bolussnooze":0,"activity":-0.0024,"lastBolusTime":0,"time":"2023-12-29T02:41:12.553Z"}},{"iob":0.047,"basaliob":0.047,"bolussnooze":0,"activity":8.0E-4,"lastBolusTime":0,"time":"2023-12-29T02:46:12.553Z","iobWithZeroTemp":{"iob":-0.347,"basaliob":-0.347,"bolussnooze":0,"activity":-0.0026,"lastBolusTime":0,"time":"2023-12-29T02:46:12.553Z"}},{"iob":0.043,"basaliob":0.043,"bolussnooze":0,"activity":8.0E-4,"lastBolusTime":0,"time":"2023-12-29T02:51:12.553Z","iobWithZeroTemp":{"iob":-0.354,"basaliob":-0.354,"bolussnooze":0,"activity":-0.0027,"lastBolusTime":0,"time":"2023-12-29T02:51:12.553Z"}},{"iob":0.039,"basaliob":0.039,"bolussnooze":0,"activity":7.0E-4,"lastBolusTime":0,"time":"2023-12-29T02:56:12.553Z","iobWithZeroTemp":{"iob":-0.362,"basaliob":-0.362,"bolussnooze":0,"activity":-0.0028,"lastBolusTime":0,"time":"2023-12-29T02:56:12.553Z"}},{"iob":0.036,"basaliob":0.036,"bolussnooze":0,"activity":6.0E-4,"lastBolusTime":0,"time":"2023-12-29T03:01:12.553Z","iobWithZeroTemp":{"iob":-0.368,"basaliob":-0.368,"bolussnooze":0,"activity":-0.003,"lastBolusTime":0,"time":"2023-12-29T03:01:12.553Z"}},{"iob":0.032,"basaliob":0.032,"bolussnooze":0,"activity":6.0E-4,"lastBolusTime":0,"time":"2023-12-29T03:06:12.553Z","iobWithZeroTemp":{"iob":-0.375,"basaliob":-0.375,"bolussnooze":0,"activity":-0.003,"lastBolusTime":0,"time":"2023-12-29T03:06:12.553Z"}},{"iob":0.03,"basaliob":0.03,"bolussnooze":0,"activity":5.0E-4,"lastBolusTime":0,"time":"2023-12-29T03:11:12.553Z","iobWithZeroTemp":{"iob":-0.38,"basaliob":-0.38,"bolussnooze":0,"activity":-0.0031,"lastBolusTime":0,"time":"2023-12-29T03:11:12.553Z"}},{"iob":0.027,"basaliob":0.027,"bolussnooze":0,"activity":5.0E-4,"lastBolusTime":0,"time":"2023-12-29T03:16:12.553Z","iobWithZeroTemp":{"iob":-0.385,"basaliob":-0.385,"bolussnooze":0,"activity":-0.0032,"lastBolusTime":0,"time":"2023-12-29T03:16:12.553Z"}},{"iob":0.025,"basaliob":0.025,"bolussnooze":0,"activity":5.0E-4,"lastBolusTime":0,"time":"2023-12-29T03:21:12.553Z","iobWithZeroTemp":{"iob":-0.39,"basaliob":-0.39,"bolussnooze":0,"activity":-0.0032,"lastBolusTime":0,"time":"2023-12-29T03:21:12.553Z"}},{"iob":0.022,"basaliob":0.022,"bolussnooze":0,"activity":4.0E-4,"lastBolusTime":0,"time":"2023-12-29T03:26:12.553Z","iobWithZeroTemp":{"iob":-0.395,"basaliob":-0.395,"bolussnooze":0,"activity":-0.0034,"lastBolusTime":0,"time":"2023-12-29T03:26:12.553Z"}},{"iob":0.02,"basaliob":0.02,"bolussnooze":0,"activity":4.0E-4,"lastBolusTime":0,"time":"2023-12-29T03:31:12.553Z","iobWithZeroTemp":{"iob":-0.399,"basaliob":-0.399,"bolussnooze":0,"activity":-0.0034,"lastBolusTime":0,"time":"2023-12-29T03:31:12.553Z"}},{"iob":0.018,"basaliob":0.018,"bolussnooze":0,"activity":4.0E-4,"lastBolusTime":0,"time":"2023-12-29T03:36:12.553Z","iobWithZeroTemp":{"iob":-0.403,"basaliob":-0.403,"bolussnooze":0,"activity":-0.0034,"lastBolusTime":0,"time":"2023-12-29T03:36:12.553Z"}},{"iob":0.017,"basaliob":0.017,"bolussnooze":0,"activity":3.0E-4,"lastBolusTime":0,"time":"2023-12-29T03:41:12.553Z","iobWithZeroTemp":{"iob":-0.405,"basaliob":-0.405,"bolussnooze":0,"activity":-0.0035,"lastBolusTime":0,"time":"2023-12-29T03:41:12.553Z"}},{"iob":0.015,"basaliob":0.015,"bolussnooze":0,"activity":3.0E-4,"lastBolusTime":0,"time":"2023-12-29T03:46:12.553Z","iobWithZeroTemp":{"iob":-0.409,"basaliob":-0.409,"bolussnooze":0,"activity":-0.0036,"lastBolusTime":0,"time":"2023-12-29T03:46:12.553Z"}},{"iob":0.014,"basaliob":0.014,"bolussnooze":0,"activity":3.0E-4,"lastBolusTime":0,"time":"2023-12-29T03:51:12.553Z","iobWithZeroTemp":{"iob":-0.411,"basaliob":-0.411,"bolussnooze":0,"activity":-0.0036,"lastBolusTime":0,"time":"2023-12-29T03:51:12.553Z"}},{"iob":0.012,"basaliob":0.012,"bolussnooze":0,"activity":3.0E-4,"lastBolusTime":0,"time":"2023-12-29T03:56:12.553Z","iobWithZeroTemp":{"iob":-0.415,"basaliob":-0.415,"bolussnooze":0,"activity":-0.0036,"lastBolusTime":0,"time":"2023-12-29T03:56:12.553Z"}}],"profile":{"max_iob":4,"type":"current","max_daily_basal":0.5,"max_basal":1,"min_bg":99,"max_bg":99,"target_bg":99,"carb_ratio":25,"sens":142.20000000000002,"max_daily_safety_multiplier":3,"current_basal_safety_multiplier":4,"lgsThreshold":65,"high_temptarget_raises_sensitivity":false,"low_temptarget_lowers_sensitivity":false,"sensitivity_raises_target":true,"resistance_lowers_target":true,"adv_target_adjustments":false,"exercise_mode":false,"half_basal_exercise_target":160,"maxCOB":120,"skip_neutral_temps":false,"remainingCarbsCap":90,"enableUAM":true,"A52_risk_enable":false,"SMBInterval":3,"enableSMB_with_COB":true,"enableSMB_with_temptarget":true,"allowSMB_with_high_temptarget":false,"enableSMB_always":false,"enableSMB_after_carbs":false,"maxSMBBasalMinutes":75,"maxUAMSMBBasalMinutes":75,"bolus_increment":0.05,"carbsReqThreshold":10,"current_basal":0.25,"temptargetSet":false,"autosens_max":1.2,"autosens_min":0.7,"out_units":"mmol\/L","variable_sens":103.8,"insulinDivisor":65,"TDD":15.090678571428572},"autosens_data":{"ratio":1},"meal_data":{"carbs":0,"mealCOB":0,"slopeFromMaxDeviation":-1.067909090909091,"slopeFromMinDeviation":0.5640000000000001,"lastBolusTime":1703754675154,"lastCarbTime":0},"microBolusAllowed":true,"currentTime":1703808073979,"flatBGsDetected":false,"tdd1D":13.720833333333326,"tdd7D":12.419642857142856,"tddLast24H":14.108333333333325,"tddLast4H":3.5333333333333345,"tddLast8to4H":2.4291666666666667},"output":{"temp":"absolute","bg":140,"tick":"+0","eventualBG":103,"targetBG":99,"insulinReq":0,"deliverAt":"2023-12-29T00:01:13.979Z","sensitivityRatio":1,"variable_sens":103.8,"predBGs":{"IOB":[140,140,139,139,138,137,136,134,133,131,129,127,125,123,121,119,118,116,114,113,112,110,109,108,107,106,105,104,103,102,102,101,100,100,99,99,98,98,98,97,97,97,96,96,96,96,96,95],"ZT":[140,136,133,129,126,123,120,117,115,112,110,108,107,105,104,103,102,101,100,100,100,100,100,101,101],"UAM":[140,139,137,134,131,127,124,121,119,116,113,111,108,106,104,102,100,98,96,95,93,92,90,89,88,87,86,85,84,83,82,81,81,80,79,79,78,78,77,77,77,76,76,76,75]},"reason":"COB: 0, Dev: 1.2, BGI: -0.2, ISF: 5.8, CR: 25, Target: 5.5, minPredBG 5.3, minGuardBG 4.1, IOBpredBG 5.3, UAMpredBG 4.2; 5.7-5.3 in range: no temp required; setting current basal of 0.25 as temp. . Setting neutral temp basal of 0.25U\/hr","COB":0,"IOB":0.573,"duration":30,"rate":0.25,"timestamp":"2023-12-29T00:01:14.001Z"}}