{"algorithm":"OpenAPSSMBDynamicISFPlugin","input":{"glucoseStatus":{"glucose":168,"noise":0,"delta":-5.67,"short_avgdelta":-4.61,"long_avgdelta":0.43,"date":1703751921711},"currenttemp":{"temp":"absolute","duration":115,"rate":0,"minutesrunning":5},"iob_data":[{"iob":0.965,"basaliob":-0.028,"bolussnooze":0,"activity":0.008,"lastBolusTime":1703751074887,"time":"2023-12-28T08:26:11.972Z","iobWithZeroTemp":{"iob":0.965,"basaliob":-0.028,"bolussnooze":0,"activity":0.008,"lastBolusTime":1703751074887,"time":"2023-12-28T08:26:11.972Z"}},{"iob":0.925,"basaliob":-0.024,"bolussnooze":0,"activity":0.0082,"lastBolusTime":1703751074887,"time":"2023-12-28T08:31:11.972Z","iobWithZeroTemp":{"iob":0.905,"basaliob":-0.044,"bolussnooze":0,"activity":0.0082,"lastBolusTime":1703751074887,"time":"2023-12-28T08:31:11.972Z"}},{"iob":0.885,"basaliob":-0.021,"bolussnooze":0,"activity":0.0082,"lastBolusTime":1703751074887,"time":"2023-12-28T08:36:11.972Z","iobWithZeroTemp":{"iob":0.84,"basaliob":-0.066,"bolussnooze":0,"activity":0.0081,"lastBolusTime":1703751074887,"time":"2023-12-28T08:36:11.972Z"}},{"iob":0.843,"basaliob":-0.019,"bolussnooze":0,"activity":0.0082,"lastBolusTime":1703751074887,"time":"2023-12-28T08:41:11.972Z","iobWithZeroTemp":{"iob":0.774,"basaliob":-0.088,"bolussnooze":0,"activity":0.0081,"lastBolusTime":1703751074887,"time":"2023-12-28T08:41:11.972Z"}},{"iob":0.803,"basaliob":-0.016,"bolussnooze":0,"activity":0.0082,"lastBolusTime":1703751074887,"time":"2023-12-28T08:46:11.972Z","iobWithZeroTemp":{"iob":0.71,"basaliob":-0.109,"bolussnooze":0,"activity":0.008,"lastBolusTime":1703751074887,"time":"2023-12-28T08:46:11.972Z"}},{"iob":0.762,"basaliob":-0.014,"bolussnooze":0,"activity":0.008,"lastBolusTime":1703751074887,"time":"2023-12-28T08:51:11.972Z","iobWithZeroTemp":{"iob":0.645,"basaliob":-0.131,"bolussnooze":0,"activity":0.0076,"lastBolusTime":1703751074887,"time":"2023-12-28T08:51:11.972Z"}},{"iob":0.723,"basaliob":-0.012,"bolussnooze":0,"activity":0.0078,"lastBolusTime":1703751074887,"time":"2023-12-28T08:56:11.972Z","iobWithZeroTemp":{"iob":0.583,"basaliob":-0.152,"bolussnooze":0,"activity":0.0073,"lastBolusTime":1703751074887,"time":"2023-12-28T08:56:11.972Z"}},{"iob":0.683,"basaliob":-0.011,"bolussnooze":0,"activity":0.0077,"lastBolusTime":1703751074887,"time":"2023-12-28T09:01:11.972Z","iobWithZeroTemp":{"iob":0.521,"basaliob":-0.173,"bolussnooze":0,"activity":0.007,"lastBolusTime":1703751074887,"time":"2023-12-28T09:01:11.972Z"}},{"iob":0.646,"basaliob":-0.009,"bolussnooze":0,"activity":0.0074,"lastBolusTime":1703751074887,"time":"2023-12-28T09:06:11.972Z","iobWithZeroTemp":{"iob":0.463,"basaliob":-0.192,"bolussnooze":0,"activity":0.0066,"lastBolusTime":1703751074887,"time":"2023-12-28T09:06:11.972Z"}},{"iob":0.609,"basaliob":-0.008,"bolussnooze":0,"activity":0.0072,"lastBolusTime":1703751074887,"time":"2023-12-28T09:11:11.972Z","iobWithZeroTemp":{"iob":0.405,"basaliob":-0.212,"bolussnooze":0,"activity":0.0062,"lastBolusTime":1703751074887,"time":"2023-12-28T09:11:11.972Z"}},{"iob":0.574,"basaliob":-0.007,"bolussnooze":0,"activity":0.0069,"lastBolusTime":1703751074887,"time":"2023-12-28T09:16:11.972Z","iobWithZeroTemp":{"iob":0.351,"basaliob":-0.23,"bolussnooze":0,"activity":0.0057,"lastBolusTime":1703751074887,"time":"2023-12-28T09:16:11.972Z"}},{"iob":0.54,"basaliob":-0.006,"bolussnooze":0,"activity":0.0066,"lastBolusTime":1703751074887,"time":"2023-12-28T09:21:11.972Z","iobWithZeroTemp":{"iob":0.298,"basaliob":-0.248,"bolussnooze":0,"activity":0.0053,"lastBolusTime":1703751074887,"time":"2023-12-28T09:21:11.972Z"}},{"iob":0.508,"basaliob":-0.005,"bolussnooze":0,"activity":0.0063,"lastBolusTime":1703751074887,"time":"2023-12-28T09:26:11.972Z","iobWithZeroTemp":{"iob":0.248,"basaliob":-0.265,"bolussnooze":0,"activity":0.0048,"lastBolusTime":1703751074887,"time":"2023-12-28T09:26:11.972Z"}},{"iob":0.477,"basaliob":-0.004,"bolussnooze":0,"activity":0.006,"lastBolusTime":1703751074887,"time":"2023-12-28T09:31:11.972Z","iobWithZeroTemp":{"iob":0.2,"basaliob":-0.281,"bolussnooze":0,"activity":0.0043,"lastBolusTime":1703751074887,"time":"2023-12-28T09:31:11.972Z"}},{"iob":0.447,"basaliob":-0.003,"bolussnooze":0,"activity":0.0058,"lastBolusTime":1703751074887,"time":"2023-12-28T09:36:11.972Z","iobWithZeroTemp":{"iob":0.153,"basaliob":-0.297,"bolussnooze":0,"activity":0.004,"lastBolusTime":1703751074887,"time":"2023-12-28T09:36:11.972Z"}},{"iob":0.418,"basaliob":-0.003,"bolussnooze":0,"activity":0.0055,"lastBolusTime":1703751074887,"time":"2023-12-28T09:41:11.972Z","iobWithZeroTemp":{"iob":0.109,"basaliob":-0.312,"bolussnooze":0,"activity":0.0035,"lastBolusTime":1703751074887,"time":"2023-12-28T09:41:11.972Z"}},{"iob":0.392,"basaliob":-0.002,"bolussnooze":0,"activity":0.0053,"lastBolusTime":1703751074887,"time":"2023-12-28T09:46:11.972Z","iobWithZeroTemp":{"iob":0.068,"basaliob":-0.326,"bolussnooze":0,"activity":0.0031,"lastBolusTime":1703751074887,"time":"2023-12-28T09:46:11.972Z"}},{"iob":0.366,"basaliob":-0.002,"bolussnooze":0,"activity":0.005,"lastBolusTime":1703751074887,"time":"2023-12-28T09:51:11.972Z","iobWithZeroTemp":{"iob":0.029,"basaliob":-0.339,"bolussnooze":0,"activity":0.0027,"lastBolusTime":1703751074887,"time":"2023-12-28T09:51:11.972Z"}},{"iob":0.342,"basaliob":-0.001,"bolussnooze":0,"activity":0.0047,"lastBolusTime":1703751074887,"time":"2023-12-28T09:56:11.972Z","iobWithZeroTemp":{"iob":-0.008,"basaliob":-0.351,"bolussnooze":0,"activity":0.0022,"lastBolusTime":1703751074887,"time":"2023-12-28T09:56:11.972Z"}},{"iob":0.319,"basaliob":-0.001,"bolussnooze":0,"activity":0.0044,"lastBolusTime":1703751074887,"time":"2023-12-28T10:01:11.972Z","iobWithZeroTemp":{"iob":-0.044,"basaliob":-0.364,"bolussnooze":0,"activity":0.0018,"lastBolusTime":1703751074887,"time":"2023-12-28T10:01:11.972Z"}},{"iob":0.298,"basaliob":0,"bolussnooze":0,"activity":0.0042,"lastBolusTime":1703751074887,"time":"2023-12-28T10:06:11.972Z","iobWithZeroTemp":{"iob":-0.076,"basaliob":-0.374,"bolussnooze":0,"activity":0.0014,"lastBolusTime":1703751074887,"time":"2023-12-28T10:06:11.972Z"}},{"iob":0.277,"basaliob":0,"bolussnooze":0,"activity":0.004,"lastBolusTime":1703751074887,"time":"2023-12-28T10:11:11.972Z","iobWithZeroTemp":{"iob":-0.108,"basaliob":-0.385,"bolussnooze":0,"activity":0.0011,"lastBolusTime":1703751074887,"time":"2023-12-28T10:11:11.972Z"}},{"iob":0.258,"basaliob":0,"bolussnooze":0,"activity":0.0038,"lastBolusTime":1703751074887,"time":"2023-12-28T10:16:11.972Z","iobWithZeroTemp":{"iob":-0.137,"basaliob":-0.395,"bolussnooze":0,"activity":8.0E-4,"lastBolusTime":1703751074887,"time":"2023-12-28T10:16:11.972Z"}},{"iob":0.239,"basaliob":0,"bolussnooze":0,"activity":0.0035,"lastBolusTime":1703751074887,"time":"2023-12-28T10:21:11.972Z","iobWithZeroTemp":{"iob":-0.166,"basaliob":-0.405,"bolussnooze":0,"activity":4.0E-4,"lastBolusTime":1703751074887,"time":"2023-12-28T10:21:11.972Z"}},{"iob":0.222,"basaliob":0,"bolussnooze":0,"activity":0.0033,"lastBolusTime":1703751074887,"time":"2023-12-28T10:26:11.972Z","iobWithZeroTemp":{"iob":-0.192,"basaliob":-0.414,"bolussnooze":0,"activity":0,"lastBolusTime":1703751074887,"time":"2023-12-28T10:26:11.972Z"}},{"iob":0.207,"basaliob":0.001,"bolussnooze":0,"activity":0.0031,"lastBolusTime":1703751074887,"time":"2023-12-28T10:31:11.972Z","iobWithZeroTemp":{"iob":-0.216,"basaliob":-0.422,"bolussnooze":0,"activity":-3.0E-4,"lastBolusTime":1703751074887,"time":"2023-12-28T10:31:11.972Z"}},{"iob":0.192,"basaliob":0.001,"bolussnooze":0,"activity":0.0029,"lastBolusTime":1703751074887,"time":"2023-12-28T10:36:11.972Z","iobWithZeroTemp":{"iob":-0.238,"basaliob":-0.429,"bolussnooze":0,"activity":-6.0E-4,"lastBolusTime":1703751074887,"time":"2023-12-28T10:36:11.972Z"}},{"iob":0.178,"basaliob":0.001,"bolussnooze":0,"activity":0.0027,"lastBolusTime":1703751074887,"time":"2023-12-28T10:41:11.972Z","iobWithZeroTemp":{"iob":-0.26,"basaliob":-0.437,"bolussnooze":0,"activity":-9.0E-4,"lastBolusTime":1703751074887,"time":"2023-12-28T10:41:11.972Z"}},{"iob":0.165,"basaliob":0.001,"bolussnooze":0,"activity":0.0025,"lastBolusTime":1703751074887,"time":"2023-12-28T10:46:11.972Z","iobWithZeroTemp":{"iob":-0.28,"basaliob":-0.444,"bolussnooze":0,"activity":-0.0012,"lastBolusTime":1703751074887,"time":"2023-12-28T10:46:11.972Z"}},{"iob":0.152,"basaliob":0.001,"bolussnooze":0,"activity":0.0024,"lastBolusTime":1703751074887,"time":"2023-12-28T10:51:11.972Z","iobWithZeroTemp":{"iob":-0.299,"basaliob":-0.45,"bolussnooze":0,"activity":-0.0014,"lastBolusTime":1703751074887,"time":"2023-12-28T10:51:11.972Z"}},{"iob":0.141,"basaliob":0.001,"bolussnooze":0,"activity":0.0022,"lastBolusTime":1703751074887,"time":"2023-12-28T10:56:11.972Z","iobWithZeroTemp":{"iob":-0.316,"basaliob":-0.456,"bolussnooze":0,"activity":-0.0017,"lastBolusTime":1703751074887,"time":"2023-12-28T10:56:11.972Z"}},{"iob":0.13,"basaliob":0.001,"bolussnooze":0,"activity":0.0021,"lastBolusTime":1703751074887,"time":"2023-12-28T11:01:11.972Z","iobWithZeroTemp":{"iob":-0.333,"basaliob":-0.462,"bolussnooze":0,"activity":-0.0018,"lastBolusTime":1703751074887,"time":"2023-12-28T11:01:11.972Z"}},{"iob":0.12,"basaliob":0.001,"bolussnooze":0,"activity":0.0019,"lastBolusTime":1703751074887,"time":"2023-12-28T11:06:11.972Z","iobWithZeroTemp":{"iob":-0.348,"basaliob":-0.467,"bolussnooze":0,"activity":-0.0021,"lastBolusTime":1703751074887,"time":"2023-12-28T11:06:11.972Z"}},{"iob":0.111,"basaliob":0.001,"bolussnooze":0,"activity":0.0018,"lastBolusTime":1703751074887,"time":"2023-12-28T11:11:11.972Z","iobWithZeroTemp":{"iob":-0.362,"basaliob":-0.472,"bolussnooze":0,"activity":-0.0023,"lastBolusTime":1703751074887,"time":"2023-12-28T11:11:11.972Z"}},{"iob":0.102,"basaliob":0.001,"bolussnooze":0,"activity":0.0017,"lastBolusTime":1703751074887,"time":"2023-12-28T11:16:11.972Z","iobWithZeroTemp":{"iob":-0.375,"basaliob":-0.476,"bolussnooze":0,"activity":-0.0024,"lastBolusTime":1703751074887,"time":"2023-12-28T11:16:11.972Z"}},{"iob":0.094,"basaliob":0.001,"bolussnooze":0,"activity":0.0015,"lastBolusTime":1703751074887,"time":"2023-12-28T11:21:11.972Z","iobWithZeroTemp":{"iob":-0.387,"basaliob":-0.48,"bolussnooze":0,"activity":-0.0027,"lastBolusTime":1703751074887,"time":"2023-12-28T11:21:11.972Z"}},{"iob":0.087,"basaliob":0.001,"bolussnooze":0,"activity":0.0014,"lastBolusTime":1703751074887,"time":"2023-12-28T11:26:11.972Z","iobWithZeroTemp":{"iob":-0.398,"basaliob":-0.484,"bolussnooze":0,"activity":-0.0029,"lastBolusTime":1703751074887,"time":"2023-12-28T11:26:11.972Z"}},{"iob":0.08,"basaliob":0.001,"bolussnooze":0,"activity":0.0013,"lastBolusTime":1703751074887,"time":"2023-12-28T11:31:11.972Z","iobWithZeroTemp":{"iob":-0.409,"basaliob":-0.488,"bolussnooze":0,"activity":-0.003,"lastBolusTime":1703751074887,"time":"2023-12-28T11:31:11.972Z"}},{"iob":0.074,"basaliob":0.001,"bolussnooze":0,"activity":0.0012,"lastBolusTime":1703751074887,"time":"2023-12-28T11:36:11.972Z","iobWithZeroTemp":{"iob":-0.418,"basaliob":-0.491,"bolussnooze":0,"activity":-0.0032,"lastBolusTime":1703751074887,"time":"2023-12-28T11:36:11.972Z"}},{"iob":0.068,"basaliob":0.001,"bolussnooze":0,"activity":0.0011,"lastBolusTime":1703751074887,"time":"2023-12-28T11:41:11.972Z","iobWithZeroTemp":{"iob":-0.427,"basaliob":-0.494,"bolussnooze":0,"activity":-0.0033,"lastBolusTime":1703751074887,"time":"2023-12-28T11:41:11.972Z"}},{"iob":0.062,"basaliob":0.001,"bolussnooze":0,"activity":0.0011,"lastBolusTime":1703751074887,"time":"2023-12-28T11:46:11.972Z","iobWithZeroTemp":{"iob":-0.436,"basaliob":-0.497,"bolussnooze":0,"activity":-0.0034,"lastBolusTime":1703751074887,"time":"2023-12-28T11:46:11.972Z"}},{"iob":0.057,"basaliob":0.001,"bolussnooze":0,"activity":0.001,"lastBolusTime":1703751074887,"time":"2023-12-28T11:51:11.972Z","iobWithZeroTemp":{"iob":-0.443,"basaliob":-0.499,"bolussnooze":0,"activity":-0.0035,"lastBolusTime":1703751074887,"time":"2023-12-28T11:51:11.972Z"}},{"iob":0.052,"basaliob":0.001,"bolussnooze":0,"activity":9.0E-4,"lastBolusTime":1703751074887,"time":"2023-12-28T11:56:11.972Z","iobWithZeroTemp":{"iob":-0.451,"basaliob":-0.502,"bolussnooze":0,"activity":-0.0036,"lastBolusTime":1703751074887,"time":"2023-12-28T11:56:11.972Z"}},{"iob":0.048,"basaliob":0.001,"bolussnooze":0,"activity":8.0E-4,"lastBolusTime":1703751074887,"time":"2023-12-28T12:01:11.972Z","iobWithZeroTemp":{"iob":-0.457,"basaliob":-0.504,"bolussnooze":0,"activity":-0.0038,"lastBolusTime":1703751074887,"time":"2023-12-28T12:01:11.972Z"}},{"iob":0.044,"basaliob":0.001,"bolussnooze":0,"activity":8.0E-4,"lastBolusTime":1703751074887,"time":"2023-12-28T12:06:11.972Z","iobWithZeroTemp":{"iob":-0.463,"basaliob":-0.506,"bolussnooze":0,"activity":-0.0038,"lastBolusTime":1703751074887,"time":"2023-12-28T12:06:11.972Z"}},{"iob":0.04,"basaliob":0.001,"bolussnooze":0,"activity":7.0E-4,"lastBolusTime":1703751074887,"time":"2023-12-28T12:11:11.972Z","iobWithZeroTemp":{"iob":-0.469,"basaliob":-0.508,"bolussnooze":0,"activity":-0.0039,"lastBolusTime":1703751074887,"time":"2023-12-28T12:11:11.972Z"}},{"iob":0.037,"basaliob":0.001,"bolussnooze":0,"activity":7.0E-4,"lastBolusTime":1703751074887,"time":"2023-12-28T12:16:11.972Z","iobWithZeroTemp":{"iob":-0.474,"basaliob":-0.51,"bolussnooze":0,"activity":-0.004,"lastBolusTime":1703751074887,"time":"2023-12-28T12:16:11.972Z"}},{"iob":0.034,"basaliob":0.001,"bolussnooze":0,"activity":6.0E-4,"lastBolusTime":1703751074887,"time":"2023-12-28T12:21:11.972Z","iobWithZeroTemp":{"iob":-0.478,"basaliob":-0.511,"bolussnooze":0,"activity":-0.0041,"lastBolusTime":1703751074887,"time":"2023-12-28T12:21:11.972Z"}}],"profile":{"max_iob":4,"type":"current","max_daily_basal":0.5,"max_basal":1.2,"min_bg":95.4,"max_bg":95.4,"target_bg":95.4,"carb_ratio":30,"sens":126,"max_daily_safety_multiplier":3,"current_basal_safety_multiplier":4,"lgsThreshold":65,"high_temptarget_raises_sensitivity":false,"low_temptarget_lowers_sensitivity":false,"sensitivity_raises_target":true,"resistance_lowers_target":true,"adv_target_adjustments":false,"exercise_mode":false,"half_basal_exercise_target":160,"maxCOB":120,"skip_neutral_temps":false,"remainingCarbsCap":90,"enableUAM":true,"A52_risk_enable":false,"SMBInterval":3,"enableSMB_with_COB":true,"enableSMB_with_temptarget":true,"allowSMB_with_high_temptarget":false,"enableSMB_always":false,"enableSMB_after_carbs":false,"maxSMBBasalMinutes":75,"maxUAMSMBBasalMinutes":75,"bolus_increment":0.05,"carbsReqThreshold":10,"current_basal":0.3,"temptargetSet":true,"autosens_max":1.2,"autosens_min":0.7,"out_units":"mmol\/L","variable_sens":118.6,"insulinDivisor":65,"TDD":11.884622619047619},"autosens_data":{"ratio":1},"meal_data":{"carbs":0,"mealCOB":0,"slopeFromMaxDeviation":-1.2075454545454547,"slopeFromMinDeviation":0.3291666666666667,"lastBolusTime":1703751074887,"lastCarbTime":0},"microBolusAllowed":true,"currentTime":1703751973519,"flatBGsDetected":false,"tdd1D":11.195833333333328,"tdd7D":12.08690476190476,"tddLast24H":13.504166666666666,"tddLast4H":2.1083333333333334,"tddLast8to4H":1.9500000000000004},"output":{"temp":"absolute","bg":168,"tick":-6,"eventualBG":55,"targetBG":95.4,"insulinReq":0,"deliverAt":"2023-12-28T08:26:13.519Z","sensitivityRatio":1,"variable_sens":118.6,"predBGs":{"IOB":[168,162,157,151,145,139,134,128,122,117,111,106,101,96,91,86,81,76,71,66,61,57,52,47,42,39],"ZT":[168,163,158,153,148,143,138,133,129,124,120,116,112,108,105,101,99,96,94,92,90,89,88,88,87,87,87,88,89,90,91,93,94]},"reason":"COB: 0, Dev: 0.1, BGI: -0.3, ISF: 6.6, CR: 30, Target: 5.3, minPredBG 2.6, minGuardBG -1.2, IOBpredBG 2.2; minGuardBG -1.2<3.8 115m left and 0 ~ req 0U\/hr: no temp required","COB":0,"IOB":0.965,"timestamp":"2023-12-28T08:26:13.548Z"}}