{"algorithm":"OpenAPSSMBDynamicISFPlugin","input":{"glucoseStatus":{"glucose":112,"noise":0,"delta":-0.67,"short_avgdelta":-0.67,"long_avgdelta":-0.5,"date":1703642120169},"currenttemp":{"temp":"absolute","duration":0,"rate":0},"iob_data":[{"iob":0.102,"basaliob":0.102,"bolussnooze":0,"activity":9.0E-4,"lastBolusTime":0,"time":"2023-12-27T01:56:12.278Z","iobWithZeroTemp":{"iob":0.102,"basaliob":0.102,"bolussnooze":0,"activity":9.0E-4,"lastBolusTime":0,"time":"2023-12-27T01:56:12.278Z"}},{"iob":0.097,"basaliob":0.097,"bolussnooze":0,"activity":9.0E-4,"lastBolusTime":0,"time":"2023-12-27T02:01:12.278Z","iobWithZeroTemp":{"iob":0.08,"basaliob":0.08,"bolussnooze":0,"activity":9.0E-4,"lastBolusTime":0,"time":"2023-12-27T02:01:12.278Z"}},{"iob":0.093,"basaliob":0.093,"bolussnooze":0,"activity":9.0E-4,"lastBolusTime":0,"time":"2023-12-27T02:06:12.278Z","iobWithZeroTemp":{"iob":0.056,"basaliob":0.056,"bolussnooze":0,"activity":8.0E-4,"lastBolusTime":0,"time":"2023-12-27T02:06:12.278Z"}},{"iob":0.088,"basaliob":0.088,"bolussnooze":0,"activity":9.0E-4,"lastBolusTime":0,"time":"2023-12-27T02:11:12.278Z","iobWithZeroTemp":{"iob":0.03,"basaliob":0.03,"bolussnooze":0,"activity":8.0E-4,"lastBolusTime":0,"time":"2023-12-27T02:11:12.278Z"}},{"iob":0.084,"basaliob":0.084,"bolussnooze":0,"activity":9.0E-4,"lastBolusTime":0,"time":"2023-12-27T02:16:12.278Z","iobWithZeroTemp":{"iob":0.006,"basaliob":0.006,"bolussnooze":0,"activity":7.0E-4,"lastBolusTime":0,"time":"2023-12-27T02:16:12.278Z"}},{"iob":0.079,"basaliob":0.079,"bolussnooze":0,"activity":9.0E-4,"lastBolusTime":0,"time":"2023-12-27T02:21:12.278Z","iobWithZeroTemp":{"iob":-0.018,"basaliob":-0.018,"bolussnooze":0,"activity":6.0E-4,"lastBolusTime":0,"time":"2023-12-27T02:21:12.278Z"}},{"iob":0.075,"basaliob":0.075,"bolussnooze":0,"activity":8.0E-4,"lastBolusTime":0,"time":"2023-12-27T02:26:12.278Z","iobWithZeroTemp":{"iob":-0.041,"basaliob":-0.041,"bolussnooze":0,"activity":4.0E-4,"lastBolusTime":0,"time":"2023-12-27T02:26:12.278Z"}},{"iob":0.071,"basaliob":0.071,"bolussnooze":0,"activity":8.0E-4,"lastBolusTime":0,"time":"2023-12-27T02:31:12.278Z","iobWithZeroTemp":{"iob":-0.064,"basaliob":-0.064,"bolussnooze":0,"activity":3.0E-4,"lastBolusTime":0,"time":"2023-12-27T02:31:12.278Z"}},{"iob":0.067,"basaliob":0.067,"bolussnooze":0,"activity":8.0E-4,"lastBolusTime":0,"time":"2023-12-27T02:36:12.278Z","iobWithZeroTemp":{"iob":-0.086,"basaliob":-0.086,"bolussnooze":0,"activity":1.0E-4,"lastBolusTime":0,"time":"2023-12-27T02:36:12.278Z"}},{"iob":0.063,"basaliob":0.063,"bolussnooze":0,"activity":8.0E-4,"lastBolusTime":0,"time":"2023-12-27T02:41:12.278Z","iobWithZeroTemp":{"iob":-0.107,"basaliob":-0.107,"bolussnooze":0,"activity":0,"lastBolusTime":0,"time":"2023-12-27T02:41:12.278Z"}},{"iob":0.059,"basaliob":0.059,"bolussnooze":0,"activity":7.0E-4,"lastBolusTime":0,"time":"2023-12-27T02:46:12.278Z","iobWithZeroTemp":{"iob":-0.127,"basaliob":-0.127,"bolussnooze":0,"activity":-3.0E-4,"lastBolusTime":0,"time":"2023-12-27T02:46:12.278Z"}},{"iob":0.055,"basaliob":0.055,"bolussnooze":0,"activity":7.0E-4,"lastBolusTime":0,"time":"2023-12-27T02:51:12.278Z","iobWithZeroTemp":{"iob":-0.147,"basaliob":-0.147,"bolussnooze":0,"activity":-4.0E-4,"lastBolusTime":0,"time":"2023-12-27T02:51:12.278Z"}},{"iob":0.052,"basaliob":0.052,"bolussnooze":0,"activity":7.0E-4,"lastBolusTime":0,"time":"2023-12-27T02:56:12.278Z","iobWithZeroTemp":{"iob":-0.165,"basaliob":-0.165,"bolussnooze":0,"activity":-5.0E-4,"lastBolusTime":0,"time":"2023-12-27T02:56:12.278Z"}},{"iob":0.049,"basaliob":0.049,"bolussnooze":0,"activity":6.0E-4,"lastBolusTime":0,"time":"2023-12-27T03:01:12.278Z","iobWithZeroTemp":{"iob":-0.182,"basaliob":-0.182,"bolussnooze":0,"activity":-8.0E-4,"lastBolusTime":0,"time":"2023-12-27T03:01:12.278Z"}},{"iob":0.046,"basaliob":0.046,"bolussnooze":0,"activity":6.0E-4,"lastBolusTime":0,"time":"2023-12-27T03:06:12.278Z","iobWithZeroTemp":{"iob":-0.199,"basaliob":-0.199,"bolussnooze":0,"activity":-9.0E-4,"lastBolusTime":0,"time":"2023-12-27T03:06:12.278Z"}},{"iob":0.043,"basaliob":0.043,"bolussnooze":0,"activity":6.0E-4,"lastBolusTime":0,"time":"2023-12-27T03:11:12.278Z","iobWithZeroTemp":{"iob":-0.214,"basaliob":-0.214,"bolussnooze":0,"activity":-0.0011,"lastBolusTime":0,"time":"2023-12-27T03:11:12.278Z"}},{"iob":0.04,"basaliob":0.04,"bolussnooze":0,"activity":5.0E-4,"lastBolusTime":0,"time":"2023-12-27T03:16:12.278Z","iobWithZeroTemp":{"iob":-0.23,"basaliob":-0.23,"bolussnooze":0,"activity":-0.0013,"lastBolusTime":0,"time":"2023-12-27T03:16:12.278Z"}},{"iob":0.037,"basaliob":0.037,"bolussnooze":0,"activity":5.0E-4,"lastBolusTime":0,"time":"2023-12-27T03:21:12.278Z","iobWithZeroTemp":{"iob":-0.244,"basaliob":-0.244,"bolussnooze":0,"activity":-0.0014,"lastBolusTime":0,"time":"2023-12-27T03:21:12.278Z"}},{"iob":0.035,"basaliob":0.035,"bolussnooze":0,"activity":5.0E-4,"lastBolusTime":0,"time":"2023-12-27T03:26:12.278Z","iobWithZeroTemp":{"iob":-0.257,"basaliob":-0.257,"bolussnooze":0,"activity":-0.0016,"lastBolusTime":0,"time":"2023-12-27T03:26:12.278Z"}},{"iob":0.032,"basaliob":0.032,"bolussnooze":0,"activity":5.0E-4,"lastBolusTime":0,"time":"2023-12-27T03:31:12.278Z","iobWithZeroTemp":{"iob":-0.27,"basaliob":-0.27,"bolussnooze":0,"activity":-0.0017,"lastBolusTime":0,"time":"2023-12-27T03:31:12.278Z"}},{"iob":0.03,"basaliob":0.03,"bolussnooze":0,"activity":4.0E-4,"lastBolusTime":0,"time":"2023-12-27T03:36:12.278Z","iobWithZeroTemp":{"iob":-0.282,"basaliob":-0.282,"bolussnooze":0,"activity":-0.0019,"lastBolusTime":0,"time":"2023-12-27T03:36:12.278Z"}},{"iob":0.028,"basaliob":0.028,"bolussnooze":0,"activity":4.0E-4,"lastBolusTime":0,"time":"2023-12-27T03:41:12.278Z","iobWithZeroTemp":{"iob":-0.293,"basaliob":-0.293,"bolussnooze":0,"activity":-0.002,"lastBolusTime":0,"time":"2023-12-27T03:41:12.278Z"}},{"iob":0.026,"basaliob":0.026,"bolussnooze":0,"activity":4.0E-4,"lastBolusTime":0,"time":"2023-12-27T03:46:12.278Z","iobWithZeroTemp":{"iob":-0.304,"basaliob":-0.304,"bolussnooze":0,"activity":-0.0021,"lastBolusTime":0,"time":"2023-12-27T03:46:12.278Z"}},{"iob":0.024,"basaliob":0.024,"bolussnooze":0,"activity":4.0E-4,"lastBolusTime":0,"time":"2023-12-27T03:51:12.278Z","iobWithZeroTemp":{"iob":-0.314,"basaliob":-0.314,"bolussnooze":0,"activity":-0.0022,"lastBolusTime":0,"time":"2023-12-27T03:51:12.278Z"}},{"iob":0.022,"basaliob":0.022,"bolussnooze":0,"activity":3.0E-4,"lastBolusTime":0,"time":"2023-12-27T03:56:12.278Z","iobWithZeroTemp":{"iob":-0.323,"basaliob":-0.323,"bolussnooze":0,"activity":-0.0024,"lastBolusTime":0,"time":"2023-12-27T03:56:12.278Z"}},{"iob":0.021,"basaliob":0.021,"bolussnooze":0,"activity":3.0E-4,"lastBolusTime":0,"time":"2023-12-27T04:01:12.278Z","iobWithZeroTemp":{"iob":-0.331,"basaliob":-0.331,"bolussnooze":0,"activity":-0.0025,"lastBolusTime":0,"time":"2023-12-27T04:01:12.278Z"}},{"iob":0.019,"basaliob":0.019,"bolussnooze":0,"activity":3.0E-4,"lastBolusTime":0,"time":"2023-12-27T04:06:12.278Z","iobWithZeroTemp":{"iob":-0.34,"basaliob":-0.34,"bolussnooze":0,"activity":-0.0026,"lastBolusTime":0,"time":"2023-12-27T04:06:12.278Z"}},{"iob":0.018,"basaliob":0.018,"bolussnooze":0,"activity":3.0E-4,"lastBolusTime":0,"time":"2023-12-27T04:11:12.278Z","iobWithZeroTemp":{"iob":-0.347,"basaliob":-0.347,"bolussnooze":0,"activity":-0.0027,"lastBolusTime":0,"time":"2023-12-27T04:11:12.278Z"}},{"iob":0.016,"basaliob":0.016,"bolussnooze":0,"activity":3.0E-4,"lastBolusTime":0,"time":"2023-12-27T04:16:12.278Z","iobWithZeroTemp":{"iob":-0.354,"basaliob":-0.354,"bolussnooze":0,"activity":-0.0028,"lastBolusTime":0,"time":"2023-12-27T04:16:12.278Z"}},{"iob":0.015,"basaliob":0.015,"bolussnooze":0,"activity":2.0E-4,"lastBolusTime":0,"time":"2023-12-27T04:21:12.278Z","iobWithZeroTemp":{"iob":-0.361,"basaliob":-0.361,"bolussnooze":0,"activity":-0.0029,"lastBolusTime":0,"time":"2023-12-27T04:21:12.278Z"}},{"iob":0.014,"basaliob":0.014,"bolussnooze":0,"activity":2.0E-4,"lastBolusTime":0,"time":"2023-12-27T04:26:12.278Z","iobWithZeroTemp":{"iob":-0.367,"basaliob":-0.367,"bolussnooze":0,"activity":-0.003,"lastBolusTime":0,"time":"2023-12-27T04:26:12.278Z"}},{"iob":0.013,"basaliob":0.013,"bolussnooze":0,"activity":2.0E-4,"lastBolusTime":0,"time":"2023-12-27T04:31:12.278Z","iobWithZeroTemp":{"iob":-0.372,"basaliob":-0.372,"bolussnooze":0,"activity":-0.0031,"lastBolusTime":0,"time":"2023-12-27T04:31:12.278Z"}},{"iob":0.012,"basaliob":0.012,"bolussnooze":0,"activity":2.0E-4,"lastBolusTime":0,"time":"2023-12-27T04:36:12.278Z","iobWithZeroTemp":{"iob":-0.378,"basaliob":-0.378,"bolussnooze":0,"activity":-0.0031,"lastBolusTime":0,"time":"2023-12-27T04:36:12.278Z"}},{"iob":0.011,"basaliob":0.011,"bolussnooze":0,"activity":2.0E-4,"lastBolusTime":0,"time":"2023-12-27T04:41:12.278Z","iobWithZeroTemp":{"iob":-0.383,"basaliob":-0.383,"bolussnooze":0,"activity":-0.0032,"lastBolusTime":0,"time":"2023-12-27T04:41:12.278Z"}},{"iob":0.01,"basaliob":0.01,"bolussnooze":0,"activity":2.0E-4,"lastBolusTime":0,"time":"2023-12-27T04:46:12.278Z","iobWithZeroTemp":{"iob":-0.387,"basaliob":-0.387,"bolussnooze":0,"activity":-0.0033,"lastBolusTime":0,"time":"2023-12-27T04:46:12.278Z"}},{"iob":0.009,"basaliob":0.009,"bolussnooze":0,"activity":2.0E-4,"lastBolusTime":0,"time":"2023-12-27T04:51:12.278Z","iobWithZeroTemp":{"iob":-0.392,"basaliob":-0.392,"bolussnooze":0,"activity":-0.0033,"lastBolusTime":0,"time":"2023-12-27T04:51:12.278Z"}},{"iob":0.009,"basaliob":0.009,"bolussnooze":0,"activity":1.0E-4,"lastBolusTime":0,"time":"2023-12-27T04:56:12.278Z","iobWithZeroTemp":{"iob":-0.395,"basaliob":-0.395,"bolussnooze":0,"activity":-0.0035,"lastBolusTime":0,"time":"2023-12-27T04:56:12.278Z"}},{"iob":0.008,"basaliob":0.008,"bolussnooze":0,"activity":1.0E-4,"lastBolusTime":0,"time":"2023-12-27T05:01:12.278Z","iobWithZeroTemp":{"iob":-0.399,"basaliob":-0.399,"bolussnooze":0,"activity":-0.0035,"lastBolusTime":0,"time":"2023-12-27T05:01:12.278Z"}},{"iob":0.007,"basaliob":0.007,"bolussnooze":0,"activity":1.0E-4,"lastBolusTime":0,"time":"2023-12-27T05:06:12.278Z","iobWithZeroTemp":{"iob":-0.407,"basaliob":-0.407,"bolussnooze":0,"activity":-0.0035,"lastBolusTime":0,"time":"2023-12-27T05:06:12.278Z"}},{"iob":0.007,"basaliob":0.007,"bolussnooze":0,"activity":1.0E-4,"lastBolusTime":0,"time":"2023-12-27T05:11:12.278Z","iobWithZeroTemp":{"iob":-0.414,"basaliob":-0.414,"bolussnooze":0,"activity":-0.0036,"lastBolusTime":0,"time":"2023-12-27T05:11:12.278Z"}},{"iob":0.006,"basaliob":0.006,"bolussnooze":0,"activity":1.0E-4,"lastBolusTime":0,"time":"2023-12-27T05:16:12.278Z","iobWithZeroTemp":{"iob":-0.421,"basaliob":-0.421,"bolussnooze":0,"activity":-0.0036,"lastBolusTime":0,"time":"2023-12-27T05:16:12.278Z"}},{"iob":0.006,"basaliob":0.006,"bolussnooze":0,"activity":1.0E-4,"lastBolusTime":0,"time":"2023-12-27T05:21:12.278Z","iobWithZeroTemp":{"iob":-0.427,"basaliob":-0.427,"bolussnooze":0,"activity":-0.0037,"lastBolusTime":0,"time":"2023-12-27T05:21:12.278Z"}},{"iob":0.005,"basaliob":0.005,"bolussnooze":0,"activity":1.0E-4,"lastBolusTime":0,"time":"2023-12-27T05:26:12.278Z","iobWithZeroTemp":{"iob":-0.434,"basaliob":-0.434,"bolussnooze":0,"activity":-0.0037,"lastBolusTime":0,"time":"2023-12-27T05:26:12.278Z"}},{"iob":0.005,"basaliob":0.005,"bolussnooze":0,"activity":1.0E-4,"lastBolusTime":0,"time":"2023-12-27T05:31:12.278Z","iobWithZeroTemp":{"iob":-0.44,"basaliob":-0.44,"bolussnooze":0,"activity":-0.0038,"lastBolusTime":0,"time":"2023-12-27T05:31:12.278Z"}},{"iob":0.004,"basaliob":0.004,"bolussnooze":0,"activity":1.0E-4,"lastBolusTime":0,"time":"2023-12-27T05:36:12.278Z","iobWithZeroTemp":{"iob":-0.446,"basaliob":-0.446,"bolussnooze":0,"activity":-0.0039,"lastBolusTime":0,"time":"2023-12-27T05:36:12.278Z"}},{"iob":0.004,"basaliob":0.004,"bolussnooze":0,"activity":1.0E-4,"lastBolusTime":0,"time":"2023-12-27T05:41:12.278Z","iobWithZeroTemp":{"iob":-0.451,"basaliob":-0.451,"bolussnooze":0,"activity":-0.0039,"lastBolusTime":0,"time":"2023-12-27T05:41:12.278Z"}},{"iob":0.004,"basaliob":0.004,"bolussnooze":0,"activity":1.0E-4,"lastBolusTime":0,"time":"2023-12-27T05:46:12.278Z","iobWithZeroTemp":{"iob":-0.456,"basaliob":-0.456,"bolussnooze":0,"activity":-0.004,"lastBolusTime":0,"time":"2023-12-27T05:46:12.278Z"}},{"iob":0.003,"basaliob":0.003,"bolussnooze":0,"activity":1.0E-4,"lastBolusTime":0,"time":"2023-12-27T05:51:12.278Z","iobWithZeroTemp":{"iob":-0.462,"basaliob":-0.462,"bolussnooze":0,"activity":-0.004,"lastBolusTime":0,"time":"2023-12-27T05:51:12.278Z"}}],"profile":{"max_iob":4,"type":"current","max_daily_basal":0.5,"max_basal":1,"min_bg":99,"max_bg":99,"target_bg":99,"carb_ratio":25,"sens":142.20000000000002,"max_daily_safety_multiplier":3,"current_basal_safety_multiplier":4,"lgsThreshold":65,"high_temptarget_raises_sensitivity":false,"low_temptarget_lowers_sensitivity":false,"sensitivity_raises_target":true,"resistance_lowers_target":true,"adv_target_adjustments":false,"exercise_mode":false,"half_basal_exercise_target":160,"maxCOB":120,"skip_neutral_temps":false,"remainingCarbsCap":90,"enableUAM":true,"A52_risk_enable":false,"SMBInterval":3,"enableSMB_with_COB":true,"enableSMB_with_temptarget":true,"allowSMB_with_high_temptarget":false,"enableSMB_always":false,"enableSMB_after_carbs":false,"maxSMBBasalMinutes":75,"maxUAMSMBBasalMinutes":75,"bolus_increment":0.05,"carbsReqThreshold":10,"current_basal":0.25,"temptargetSet":false,"autosens_max":1.2,"autosens_min":0.7,"out_units":"mmol\/L","variable_sens":148.3,"insulinDivisor":65,"TDD":12.118679761904762},"autosens_data":{"ratio":1},"meal_data":{"carbs":0,"mealCOB":0,"slopeFromMaxDeviation":-0.2981818181818182,"slopeFromMinDeviation":0,"lastBolusTime":1703594420788,"lastCarbTime":0},"microBolusAllowed":true,"currentTime":1703642173467,"flatBGsDetected":false,"tdd1D":15.216666666666669,"tdd7D":11.563690476190475,"tddLast24H":13.854166666666668,"tddLast4H":1.3249999999999995,"tddLast8to4H":2.2375},"output":{"temp":"absolute","bg":112,"tick":-1,"eventualBG":97,"targetBG":99,"insulinReq":0,"deliverAt":"2023-12-27T01:56:13.467Z","sensitivityRatio":1,"variable_sens":148.3,"predBGs":{"IOB":[112,111,111,110,109,109,108,107,107,106,106,105,104,104,103,103,102,102,102,101,101,101,100,100,100,99,99,99,99,98,98,98,98,98,98,97,97,97,97,97,97,97,97,97,97,97,97,96],"ZT":[112,111,111,110,109,109,108,108,108,108,108,108,108,109,109]},"reason":"COB: 0, Dev: 0.0, BGI: 0.0, ISF: 8.2, CR: 25, Target: 5.5, minPredBG 5.7, minGuardBG 5.3, IOBpredBG 5.3; Eventual BG 5.4 < 5.5, setting 0.21U\/hr. ","COB":0,"IOB":0.102,"duration":30,"rate":0.21,"timestamp":"2023-12-27T01:56:13.510Z"}}