{"algorithm":"OpenAPSSMBDynamicISFPlugin","input":{"glucoseStatus":{"glucose":107,"noise":0,"delta":-18.33,"short_avgdelta":-18.72,"long_avgdelta":-14.06,"date":1703677800000},"currenttemp":{"temp":"absolute","duration":100,"rate":0,"minutesrunning":20},"iob_data":[{"iob":0.58,"basaliob":0.58,"bolussnooze":0,"activity":0.0063,"lastBolusTime":0,"time":"2023-12-27T11:51:10.581Z","iobWithZeroTemp":{"iob":0.58,"basaliob":0.58,"bolussnooze":0,"activity":0.0063,"lastBolusTime":0,"time":"2023-12-27T11:51:10.581Z"}},{"iob":0.549,"basaliob":0.549,"bolussnooze":0,"activity":0.0061,"lastBolusTime":0,"time":"2023-12-27T11:56:10.581Z","iobWithZeroTemp":{"iob":0.529,"basaliob":0.529,"bolussnooze":0,"activity":0.0061,"lastBolusTime":0,"time":"2023-12-27T11:56:10.581Z"}},{"iob":0.519,"basaliob":0.519,"bolussnooze":0,"activity":0.0059,"lastBolusTime":0,"time":"2023-12-27T12:01:10.581Z","iobWithZeroTemp":{"iob":0.474,"basaliob":0.474,"bolussnooze":0,"activity":0.0058,"lastBolusTime":0,"time":"2023-12-27T12:01:10.581Z"}},{"iob":0.489,"basaliob":0.489,"bolussnooze":0,"activity":0.0057,"lastBolusTime":0,"time":"2023-12-27T12:06:10.581Z","iobWithZeroTemp":{"iob":0.42,"basaliob":0.42,"bolussnooze":0,"activity":0.0056,"lastBolusTime":0,"time":"2023-12-27T12:06:10.581Z"}},{"iob":0.461,"basaliob":0.461,"bolussnooze":0,"activity":0.0055,"lastBolusTime":0,"time":"2023-12-27T12:11:10.581Z","iobWithZeroTemp":{"iob":0.368,"basaliob":0.368,"bolussnooze":0,"activity":0.0053,"lastBolusTime":0,"time":"2023-12-27T12:11:10.581Z"}},{"iob":0.434,"basaliob":0.434,"bolussnooze":0,"activity":0.0053,"lastBolusTime":0,"time":"2023-12-27T12:16:10.581Z","iobWithZeroTemp":{"iob":0.317,"basaliob":0.317,"bolussnooze":0,"activity":0.0049,"lastBolusTime":0,"time":"2023-12-27T12:16:10.581Z"}},{"iob":0.408,"basaliob":0.408,"bolussnooze":0,"activity":0.0051,"lastBolusTime":0,"time":"2023-12-27T12:21:10.581Z","iobWithZeroTemp":{"iob":0.268,"basaliob":0.268,"bolussnooze":0,"activity":0.0046,"lastBolusTime":0,"time":"2023-12-27T12:21:10.581Z"}},{"iob":0.383,"basaliob":0.383,"bolussnooze":0,"activity":0.0049,"lastBolusTime":0,"time":"2023-12-27T12:26:10.581Z","iobWithZeroTemp":{"iob":0.221,"basaliob":0.221,"bolussnooze":0,"activity":0.0042,"lastBolusTime":0,"time":"2023-12-27T12:26:10.581Z"}},{"iob":0.359,"basaliob":0.359,"bolussnooze":0,"activity":0.0047,"lastBolusTime":0,"time":"2023-12-27T12:31:10.581Z","iobWithZeroTemp":{"iob":0.176,"basaliob":0.176,"bolussnooze":0,"activity":0.0039,"lastBolusTime":0,"time":"2023-12-27T12:31:10.581Z"}},{"iob":0.336,"basaliob":0.336,"bolussnooze":0,"activity":0.0044,"lastBolusTime":0,"time":"2023-12-27T12:36:10.581Z","iobWithZeroTemp":{"iob":0.132,"basaliob":0.132,"bolussnooze":0,"activity":0.0034,"lastBolusTime":0,"time":"2023-12-27T12:36:10.581Z"}},{"iob":0.315,"basaliob":0.315,"bolussnooze":0,"activity":0.0042,"lastBolusTime":0,"time":"2023-12-27T12:41:10.581Z","iobWithZeroTemp":{"iob":0.092,"basaliob":0.092,"bolussnooze":0,"activity":0.003,"lastBolusTime":0,"time":"2023-12-27T12:41:10.581Z"}},{"iob":0.294,"basaliob":0.294,"bolussnooze":0,"activity":0.004,"lastBolusTime":0,"time":"2023-12-27T12:46:10.581Z","iobWithZeroTemp":{"iob":0.052,"basaliob":0.052,"bolussnooze":0,"activity":0.0027,"lastBolusTime":0,"time":"2023-12-27T12:46:10.581Z"}},{"iob":0.275,"basaliob":0.275,"bolussnooze":0,"activity":0.0038,"lastBolusTime":0,"time":"2023-12-27T12:51:10.581Z","iobWithZeroTemp":{"iob":0.015,"basaliob":0.015,"bolussnooze":0,"activity":0.0023,"lastBolusTime":0,"time":"2023-12-27T12:51:10.581Z"}},{"iob":0.257,"basaliob":0.257,"bolussnooze":0,"activity":0.0036,"lastBolusTime":0,"time":"2023-12-27T12:56:10.581Z","iobWithZeroTemp":{"iob":-0.02,"basaliob":-0.02,"bolussnooze":0,"activity":0.0019,"lastBolusTime":0,"time":"2023-12-27T12:56:10.581Z"}},{"iob":0.239,"basaliob":0.239,"bolussnooze":0,"activity":0.0034,"lastBolusTime":0,"time":"2023-12-27T13:01:10.581Z","iobWithZeroTemp":{"iob":-0.055,"basaliob":-0.055,"bolussnooze":0,"activity":0.0016,"lastBolusTime":0,"time":"2023-12-27T13:01:10.581Z"}},{"iob":0.223,"basaliob":0.223,"bolussnooze":0,"activity":0.0032,"lastBolusTime":0,"time":"2023-12-27T13:06:10.581Z","iobWithZeroTemp":{"iob":-0.086,"basaliob":-0.086,"bolussnooze":0,"activity":0.0012,"lastBolusTime":0,"time":"2023-12-27T13:06:10.581Z"}},{"iob":0.207,"basaliob":0.207,"bolussnooze":0,"activity":0.003,"lastBolusTime":0,"time":"2023-12-27T13:11:10.581Z","iobWithZeroTemp":{"iob":-0.117,"basaliob":-0.117,"bolussnooze":0,"activity":8.0E-4,"lastBolusTime":0,"time":"2023-12-27T13:11:10.581Z"}},{"iob":0.193,"basaliob":0.193,"bolussnooze":0,"activity":0.0028,"lastBolusTime":0,"time":"2023-12-27T13:16:10.581Z","iobWithZeroTemp":{"iob":-0.144,"basaliob":-0.144,"bolussnooze":0,"activity":5.0E-4,"lastBolusTime":0,"time":"2023-12-27T13:16:10.581Z"}},{"iob":0.179,"basaliob":0.179,"bolussnooze":0,"activity":0.0026,"lastBolusTime":0,"time":"2023-12-27T13:21:10.581Z","iobWithZeroTemp":{"iob":-0.171,"basaliob":-0.171,"bolussnooze":0,"activity":1.0E-4,"lastBolusTime":0,"time":"2023-12-27T13:21:10.581Z"}},{"iob":0.166,"basaliob":0.166,"bolussnooze":0,"activity":0.0025,"lastBolusTime":0,"time":"2023-12-27T13:26:10.581Z","iobWithZeroTemp":{"iob":-0.197,"basaliob":-0.197,"bolussnooze":0,"activity":-1.0E-4,"lastBolusTime":0,"time":"2023-12-27T13:26:10.581Z"}},{"iob":0.154,"basaliob":0.154,"bolussnooze":0,"activity":0.0023,"lastBolusTime":0,"time":"2023-12-27T13:31:10.581Z","iobWithZeroTemp":{"iob":-0.22,"basaliob":-0.22,"bolussnooze":0,"activity":-5.0E-4,"lastBolusTime":0,"time":"2023-12-27T13:31:10.581Z"}},{"iob":0.143,"basaliob":0.143,"bolussnooze":0,"activity":0.0022,"lastBolusTime":0,"time":"2023-12-27T13:36:10.581Z","iobWithZeroTemp":{"iob":-0.242,"basaliob":-0.242,"bolussnooze":0,"activity":-7.0E-4,"lastBolusTime":0,"time":"2023-12-27T13:36:10.581Z"}},{"iob":0.132,"basaliob":0.132,"bolussnooze":0,"activity":0.002,"lastBolusTime":0,"time":"2023-12-27T13:41:10.581Z","iobWithZeroTemp":{"iob":-0.263,"basaliob":-0.263,"bolussnooze":0,"activity":-0.001,"lastBolusTime":0,"time":"2023-12-27T13:41:10.581Z"}},{"iob":0.123,"basaliob":0.123,"bolussnooze":0,"activity":0.0019,"lastBolusTime":0,"time":"2023-12-27T13:46:10.581Z","iobWithZeroTemp":{"iob":-0.282,"basaliob":-0.282,"bolussnooze":0,"activity":-0.0012,"lastBolusTime":0,"time":"2023-12-27T13:46:10.581Z"}},{"iob":0.113,"basaliob":0.113,"bolussnooze":0,"activity":0.0018,"lastBolusTime":0,"time":"2023-12-27T13:51:10.581Z","iobWithZeroTemp":{"iob":-0.301,"basaliob":-0.301,"bolussnooze":0,"activity":-0.0015,"lastBolusTime":0,"time":"2023-12-27T13:51:10.581Z"}},{"iob":0.105,"basaliob":0.105,"bolussnooze":0,"activity":0.0017,"lastBolusTime":0,"time":"2023-12-27T13:56:10.581Z","iobWithZeroTemp":{"iob":-0.317,"basaliob":-0.317,"bolussnooze":0,"activity":-0.0017,"lastBolusTime":0,"time":"2023-12-27T13:56:10.581Z"}},{"iob":0.097,"basaliob":0.097,"bolussnooze":0,"activity":0.0015,"lastBolusTime":0,"time":"2023-12-27T14:01:10.581Z","iobWithZeroTemp":{"iob":-0.333,"basaliob":-0.333,"bolussnooze":0,"activity":-0.002,"lastBolusTime":0,"time":"2023-12-27T14:01:10.581Z"}},{"iob":0.089,"basaliob":0.089,"bolussnooze":0,"activity":0.0014,"lastBolusTime":0,"time":"2023-12-27T14:06:10.581Z","iobWithZeroTemp":{"iob":-0.349,"basaliob":-0.349,"bolussnooze":0,"activity":-0.0022,"lastBolusTime":0,"time":"2023-12-27T14:06:10.581Z"}},{"iob":0.082,"basaliob":0.082,"bolussnooze":0,"activity":0.0013,"lastBolusTime":0,"time":"2023-12-27T14:11:10.581Z","iobWithZeroTemp":{"iob":-0.363,"basaliob":-0.363,"bolussnooze":0,"activity":-0.0024,"lastBolusTime":0,"time":"2023-12-27T14:11:10.581Z"}},{"iob":0.076,"basaliob":0.076,"bolussnooze":0,"activity":0.0012,"lastBolusTime":0,"time":"2023-12-27T14:16:10.581Z","iobWithZeroTemp":{"iob":-0.375,"basaliob":-0.375,"bolussnooze":0,"activity":-0.0026,"lastBolusTime":0,"time":"2023-12-27T14:16:10.581Z"}},{"iob":0.07,"basaliob":0.07,"bolussnooze":0,"activity":0.0012,"lastBolusTime":0,"time":"2023-12-27T14:21:10.581Z","iobWithZeroTemp":{"iob":-0.387,"basaliob":-0.387,"bolussnooze":0,"activity":-0.0027,"lastBolusTime":0,"time":"2023-12-27T14:21:10.581Z"}},{"iob":0.064,"basaliob":0.064,"bolussnooze":0,"activity":0.0011,"lastBolusTime":0,"time":"2023-12-27T14:26:10.581Z","iobWithZeroTemp":{"iob":-0.399,"basaliob":-0.399,"bolussnooze":0,"activity":-0.0028,"lastBolusTime":0,"time":"2023-12-27T14:26:10.581Z"}},{"iob":0.059,"basaliob":0.059,"bolussnooze":0,"activity":0.001,"lastBolusTime":0,"time":"2023-12-27T14:31:10.581Z","iobWithZeroTemp":{"iob":-0.409,"basaliob":-0.409,"bolussnooze":0,"activity":-0.003,"lastBolusTime":0,"time":"2023-12-27T14:31:10.581Z"}},{"iob":0.054,"basaliob":0.054,"bolussnooze":0,"activity":9.0E-4,"lastBolusTime":0,"time":"2023-12-27T14:36:10.581Z","iobWithZeroTemp":{"iob":-0.419,"basaliob":-0.419,"bolussnooze":0,"activity":-0.0032,"lastBolusTime":0,"time":"2023-12-27T14:36:10.581Z"}},{"iob":0.05,"basaliob":0.05,"bolussnooze":0,"activity":9.0E-4,"lastBolusTime":0,"time":"2023-12-27T14:41:10.581Z","iobWithZeroTemp":{"iob":-0.427,"basaliob":-0.427,"bolussnooze":0,"activity":-0.0032,"lastBolusTime":0,"time":"2023-12-27T14:41:10.581Z"}},{"iob":0.046,"basaliob":0.046,"bolussnooze":0,"activity":8.0E-4,"lastBolusTime":0,"time":"2023-12-27T14:46:10.581Z","iobWithZeroTemp":{"iob":-0.435,"basaliob":-0.435,"bolussnooze":0,"activity":-0.0034,"lastBolusTime":0,"time":"2023-12-27T14:46:10.581Z"}},{"iob":0.042,"basaliob":0.042,"bolussnooze":0,"activity":7.0E-4,"lastBolusTime":0,"time":"2023-12-27T14:51:10.581Z","iobWithZeroTemp":{"iob":-0.443,"basaliob":-0.443,"bolussnooze":0,"activity":-0.0036,"lastBolusTime":0,"time":"2023-12-27T14:51:10.581Z"}},{"iob":0.039,"basaliob":0.039,"bolussnooze":0,"activity":7.0E-4,"lastBolusTime":0,"time":"2023-12-27T14:56:10.581Z","iobWithZeroTemp":{"iob":-0.45,"basaliob":-0.45,"bolussnooze":0,"activity":-0.0036,"lastBolusTime":0,"time":"2023-12-27T14:56:10.581Z"}},{"iob":0.035,"basaliob":0.035,"bolussnooze":0,"activity":6.0E-4,"lastBolusTime":0,"time":"2023-12-27T15:01:10.581Z","iobWithZeroTemp":{"iob":-0.457,"basaliob":-0.457,"bolussnooze":0,"activity":-0.0038,"lastBolusTime":0,"time":"2023-12-27T15:01:10.581Z"}},{"iob":0.032,"basaliob":0.032,"bolussnooze":0,"activity":6.0E-4,"lastBolusTime":0,"time":"2023-12-27T15:06:10.581Z","iobWithZeroTemp":{"iob":-0.463,"basaliob":-0.463,"bolussnooze":0,"activity":-0.0038,"lastBolusTime":0,"time":"2023-12-27T15:06:10.581Z"}},{"iob":0.03,"basaliob":0.03,"bolussnooze":0,"activity":5.0E-4,"lastBolusTime":0,"time":"2023-12-27T15:11:10.581Z","iobWithZeroTemp":{"iob":-0.468,"basaliob":-0.468,"bolussnooze":0,"activity":-0.004,"lastBolusTime":0,"time":"2023-12-27T15:11:10.581Z"}},{"iob":0.027,"basaliob":0.027,"bolussnooze":0,"activity":5.0E-4,"lastBolusTime":0,"time":"2023-12-27T15:16:10.581Z","iobWithZeroTemp":{"iob":-0.473,"basaliob":-0.473,"bolussnooze":0,"activity":-0.004,"lastBolusTime":0,"time":"2023-12-27T15:16:10.581Z"}},{"iob":0.025,"basaliob":0.025,"bolussnooze":0,"activity":5.0E-4,"lastBolusTime":0,"time":"2023-12-27T15:21:10.581Z","iobWithZeroTemp":{"iob":-0.478,"basaliob":-0.478,"bolussnooze":0,"activity":-0.004,"lastBolusTime":0,"time":"2023-12-27T15:21:10.581Z"}},{"iob":0.022,"basaliob":0.022,"bolussnooze":0,"activity":4.0E-4,"lastBolusTime":0,"time":"2023-12-27T15:26:10.581Z","iobWithZeroTemp":{"iob":-0.483,"basaliob":-0.483,"bolussnooze":0,"activity":-0.0042,"lastBolusTime":0,"time":"2023-12-27T15:26:10.581Z"}},{"iob":0.02,"basaliob":0.02,"bolussnooze":0,"activity":4.0E-4,"lastBolusTime":0,"time":"2023-12-27T15:31:10.581Z","iobWithZeroTemp":{"iob":-0.487,"basaliob":-0.487,"bolussnooze":0,"activity":-0.0042,"lastBolusTime":0,"time":"2023-12-27T15:31:10.581Z"}},{"iob":0.019,"basaliob":0.019,"bolussnooze":0,"activity":4.0E-4,"lastBolusTime":0,"time":"2023-12-27T15:36:10.581Z","iobWithZeroTemp":{"iob":-0.49,"basaliob":-0.49,"bolussnooze":0,"activity":-0.0042,"lastBolusTime":0,"time":"2023-12-27T15:36:10.581Z"}},{"iob":0.017,"basaliob":0.017,"bolussnooze":0,"activity":3.0E-4,"lastBolusTime":0,"time":"2023-12-27T15:41:10.581Z","iobWithZeroTemp":{"iob":-0.494,"basaliob":-0.494,"bolussnooze":0,"activity":-0.0044,"lastBolusTime":0,"time":"2023-12-27T15:41:10.581Z"}},{"iob":0.015,"basaliob":0.015,"bolussnooze":0,"activity":3.0E-4,"lastBolusTime":0,"time":"2023-12-27T15:46:10.581Z","iobWithZeroTemp":{"iob":-0.497,"basaliob":-0.497,"bolussnooze":0,"activity":-0.0044,"lastBolusTime":0,"time":"2023-12-27T15:46:10.581Z"}}],"profile":{"max_iob":4,"type":"current","max_daily_basal":0.5,"max_basal":1.2,"min_bg":100.8,"max_bg":100.8,"target_bg":100.8,"carb_ratio":30,"sens":126,"max_daily_safety_multiplier":3,"current_basal_safety_multiplier":4,"lgsThreshold":65,"high_temptarget_raises_sensitivity":false,"low_temptarget_lowers_sensitivity":false,"sensitivity_raises_target":true,"resistance_lowers_target":true,"adv_target_adjustments":false,"exercise_mode":false,"half_basal_exercise_target":160,"maxCOB":120,"skip_neutral_temps":false,"remainingCarbsCap":90,"enableUAM":true,"A52_risk_enable":false,"SMBInterval":3,"enableSMB_with_COB":true,"enableSMB_with_temptarget":true,"allowSMB_with_high_temptarget":false,"enableSMB_always":false,"enableSMB_after_carbs":false,"maxSMBBasalMinutes":75,"maxUAMSMBBasalMinutes":75,"bolus_increment":0.05,"carbsReqThreshold":10,"current_basal":0.3,"temptargetSet":false,"autosens_max":1.2,"autosens_min":0.7,"out_units":"mmol\/L","variable_sens":143,"insulinDivisor":65,"TDD":12.936254761904763},"autosens_data":{"ratio":1},"meal_data":{"carbs":0,"mealCOB":0,"slopeFromMaxDeviation":-2.2937777777777777,"slopeFromMinDeviation":0,"lastBolusTime":1703594420788,"lastCarbTime":0},"microBolusAllowed":true,"currentTime":1703677872175,"flatBGsDetected":false,"tdd1D":15.216666666666669,"tdd7D":11.563690476190475,"tddLast24H":9.654166666666656,"tddLast4H":2.4666666666666672,"tddLast8to4H":0.95},"output":{"temp":"absolute","bg":107,"tick":-18,"eventualBG":-33,"targetBG":100.8,"insulinReq":0,"deliverAt":"2023-12-27T11:51:12.175Z","sensitivityRatio":1,"variable_sens":143,"predBGs":{"IOB":[107,89,73,57,41,39,39,39,39,39,39,39,39],"ZT":[107,103,98,94,89,85,81,77,73,70,66,63,61,58,56,54,53,52,51,51,51,52,53,54,55,57,59,61,63,66,68,71,74,76,79,82,85,88,91,94,97,100]},"reason":"COB: 0, Dev: -3.2, BGI: -0.2, ISF: 7.9, CR: 30, Target: 5.6, minPredBG 2.5, minGuardBG -7.1, IOBpredBG 2.2; 39 add'l carbs req w\/in 15m; minGuardBG -7.1<3.9","COB":0,"IOB":0.58,"carbsReq":39,"carbsReqWithin":15,"duration":120,"rate":0,"timestamp":"2023-12-27T11:51:12.197Z"}}