{"algorithm":"OpenAPSSMBDynamicISFPlugin","input":{"glucoseStatus":{"glucose":80,"noise":0,"delta":-7.67,"short_avgdelta":-7.2,"long_avgdelta":-4.27,"date":1703687400000},"currenttemp":{"temp":"absolute","duration":45,"rate":0,"minutesrunning":15},"iob_data":[{"iob":-0.041,"basaliob":-0.136,"bolussnooze":0.0052,"activity":3.0E-4,"lastBolusTime":1703681471121,"time":"2023-12-27T14:31:11.671Z","iobWithZeroTemp":{"iob":-0.041,"basaliob":-0.136,"bolussnooze":0.0052,"activity":3.0E-4,"lastBolusTime":1703681471121,"time":"2023-12-27T14:31:11.671Z"}},{"iob":-0.042,"basaliob":-0.131,"bolussnooze":0.0044,"activity":2.0E-4,"lastBolusTime":1703681471121,"time":"2023-12-27T14:36:11.671Z","iobWithZeroTemp":{"iob":-0.062,"basaliob":-0.151,"bolussnooze":0.0044,"activity":2.0E-4,"lastBolusTime":1703681471121,"time":"2023-12-27T14:36:11.671Z"}},{"iob":-0.043,"basaliob":-0.126,"bolussnooze":0.0037,"activity":1.0E-4,"lastBolusTime":1703681471121,"time":"2023-12-27T14:41:11.671Z","iobWithZeroTemp":{"iob":-0.088,"basaliob":-0.171,"bolussnooze":0.0037,"activity":0,"lastBolusTime":1703681471121,"time":"2023-12-27T14:41:11.671Z"}},{"iob":-0.043,"basaliob":-0.121,"bolussnooze":0.0031,"activity":1.0E-4,"lastBolusTime":1703681471121,"time":"2023-12-27T14:46:11.671Z","iobWithZeroTemp":{"iob":-0.112,"basaliob":-0.19,"bolussnooze":0.0031,"activity":0,"lastBolusTime":1703681471121,"time":"2023-12-27T14:46:11.671Z"}},{"iob":-0.043,"basaliob":-0.116,"bolussnooze":0.0026,"activity":0,"lastBolusTime":1703681471121,"time":"2023-12-27T14:51:11.671Z","iobWithZeroTemp":{"iob":-0.136,"basaliob":-0.209,"bolussnooze":0.0026,"activity":-2.0E-4,"lastBolusTime":1703681471121,"time":"2023-12-27T14:51:11.671Z"}},{"iob":-0.043,"basaliob":-0.111,"bolussnooze":0.0022,"activity":-1.0E-4,"lastBolusTime":1703681471121,"time":"2023-12-27T14:56:11.671Z","iobWithZeroTemp":{"iob":-0.16,"basaliob":-0.228,"bolussnooze":0.0022,"activity":-5.0E-4,"lastBolusTime":1703681471121,"time":"2023-12-27T14:56:11.671Z"}},{"iob":-0.042,"basaliob":-0.105,"bolussnooze":0.0018,"activity":-1.0E-4,"lastBolusTime":1703681471121,"time":"2023-12-27T15:01:11.671Z","iobWithZeroTemp":{"iob":-0.182,"basaliob":-0.245,"bolussnooze":0.0018,"activity":-6.0E-4,"lastBolusTime":1703681471121,"time":"2023-12-27T15:01:11.671Z"}},{"iob":-0.041,"basaliob":-0.1,"bolussnooze":0.0015,"activity":-2.0E-4,"lastBolusTime":1703681471121,"time":"2023-12-27T15:06:11.671Z","iobWithZeroTemp":{"iob":-0.203,"basaliob":-0.262,"bolussnooze":0.0015,"activity":-9.0E-4,"lastBolusTime":1703681471121,"time":"2023-12-27T15:06:11.671Z"}},{"iob":-0.04,"basaliob":-0.095,"bolussnooze":0.0012,"activity":-2.0E-4,"lastBolusTime":1703681471121,"time":"2023-12-27T15:11:11.671Z","iobWithZeroTemp":{"iob":-0.223,"basaliob":-0.278,"bolussnooze":0.0012,"activity":-0.001,"lastBolusTime":1703681471121,"time":"2023-12-27T15:11:11.671Z"}},{"iob":-0.039,"basaliob":-0.09,"bolussnooze":0.001,"activity":-3.0E-4,"lastBolusTime":1703681471121,"time":"2023-12-27T15:16:11.671Z","iobWithZeroTemp":{"iob":-0.243,"basaliob":-0.294,"bolussnooze":0.001,"activity":-0.0013,"lastBolusTime":1703681471121,"time":"2023-12-27T15:16:11.671Z"}},{"iob":-0.037,"basaliob":-0.085,"bolussnooze":8.0E-4,"activity":-3.0E-4,"lastBolusTime":1703681471121,"time":"2023-12-27T15:21:11.671Z","iobWithZeroTemp":{"iob":-0.26,"basaliob":-0.308,"bolussnooze":8.0E-4,"activity":-0.0015,"lastBolusTime":1703681471121,"time":"2023-12-27T15:21:11.671Z"}},{"iob":-0.037,"basaliob":-0.081,"bolussnooze":7.0E-4,"activity":-2.0E-4,"lastBolusTime":1703681471121,"time":"2023-12-27T15:26:11.671Z","iobWithZeroTemp":{"iob":-0.279,"basaliob":-0.323,"bolussnooze":7.0E-4,"activity":-0.0015,"lastBolusTime":1703681471121,"time":"2023-12-27T15:26:11.671Z"}},{"iob":-0.035,"basaliob":-0.076,"bolussnooze":5.0E-4,"activity":-3.0E-4,"lastBolusTime":1703681471121,"time":"2023-12-27T15:31:11.671Z","iobWithZeroTemp":{"iob":-0.295,"basaliob":-0.336,"bolussnooze":5.0E-4,"activity":-0.0018,"lastBolusTime":1703681471121,"time":"2023-12-27T15:31:11.671Z"}},{"iob":-0.034,"basaliob":-0.072,"bolussnooze":4.0E-4,"activity":-3.0E-4,"lastBolusTime":1703681471121,"time":"2023-12-27T15:36:11.671Z","iobWithZeroTemp":{"iob":-0.311,"basaliob":-0.349,"bolussnooze":4.0E-4,"activity":-0.002,"lastBolusTime":1703681471121,"time":"2023-12-27T15:36:11.671Z"}},{"iob":-0.032,"basaliob":-0.067,"bolussnooze":3.0E-4,"activity":-3.0E-4,"lastBolusTime":1703681471121,"time":"2023-12-27T15:41:11.671Z","iobWithZeroTemp":{"iob":-0.326,"basaliob":-0.361,"bolussnooze":3.0E-4,"activity":-0.0021,"lastBolusTime":1703681471121,"time":"2023-12-27T15:41:11.671Z"}},{"iob":-0.03,"basaliob":-0.063,"bolussnooze":3.0E-4,"activity":-3.0E-4,"lastBolusTime":1703681471121,"time":"2023-12-27T15:46:11.671Z","iobWithZeroTemp":{"iob":-0.339,"basaliob":-0.372,"bolussnooze":3.0E-4,"activity":-0.0023,"lastBolusTime":1703681471121,"time":"2023-12-27T15:46:11.671Z"}},{"iob":-0.029,"basaliob":-0.059,"bolussnooze":2.0E-4,"activity":-3.0E-4,"lastBolusTime":1703681471121,"time":"2023-12-27T15:51:11.671Z","iobWithZeroTemp":{"iob":-0.353,"basaliob":-0.383,"bolussnooze":2.0E-4,"activity":-0.0025,"lastBolusTime":1703681471121,"time":"2023-12-27T15:51:11.671Z"}},{"iob":-0.028,"basaliob":-0.056,"bolussnooze":2.0E-4,"activity":-3.0E-4,"lastBolusTime":1703681471121,"time":"2023-12-27T15:56:11.671Z","iobWithZeroTemp":{"iob":-0.365,"basaliob":-0.393,"bolussnooze":2.0E-4,"activity":-0.0026,"lastBolusTime":1703681471121,"time":"2023-12-27T15:56:11.671Z"}},{"iob":-0.026,"basaliob":-0.052,"bolussnooze":1.0E-4,"activity":-3.0E-4,"lastBolusTime":1703681471121,"time":"2023-12-27T16:01:11.671Z","iobWithZeroTemp":{"iob":-0.376,"basaliob":-0.402,"bolussnooze":1.0E-4,"activity":-0.0028,"lastBolusTime":1703681471121,"time":"2023-12-27T16:01:11.671Z"}},{"iob":-0.025,"basaliob":-0.049,"bolussnooze":1.0E-4,"activity":-3.0E-4,"lastBolusTime":1703681471121,"time":"2023-12-27T16:06:11.671Z","iobWithZeroTemp":{"iob":-0.396,"basaliob":-0.42,"bolussnooze":1.0E-4,"activity":-0.0029,"lastBolusTime":1703681471121,"time":"2023-12-27T16:06:11.671Z"}},{"iob":-0.024,"basaliob":-0.046,"bolussnooze":1.0E-4,"activity":-2.0E-4,"lastBolusTime":1703681471121,"time":"2023-12-27T16:11:11.671Z","iobWithZeroTemp":{"iob":-0.415,"basaliob":-0.437,"bolussnooze":1.0E-4,"activity":-0.003,"lastBolusTime":1703681471121,"time":"2023-12-27T16:11:11.671Z"}},{"iob":-0.023,"basaliob":-0.043,"bolussnooze":0,"activity":-3.0E-4,"lastBolusTime":1703681471121,"time":"2023-12-27T16:16:11.671Z","iobWithZeroTemp":{"iob":-0.433,"basaliob":-0.453,"bolussnooze":0,"activity":-0.0032,"lastBolusTime":1703681471121,"time":"2023-12-27T16:16:11.671Z"}},{"iob":-0.021,"basaliob":-0.04,"bolussnooze":0,"activity":-3.0E-4,"lastBolusTime":1703681471121,"time":"2023-12-27T16:21:11.671Z","iobWithZeroTemp":{"iob":-0.449,"basaliob":-0.468,"bolussnooze":0,"activity":-0.0034,"lastBolusTime":1703681471121,"time":"2023-12-27T16:21:11.671Z"}},{"iob":-0.02,"basaliob":-0.037,"bolussnooze":0,"activity":-2.0E-4,"lastBolusTime":1703681471121,"time":"2023-12-27T16:26:11.671Z","iobWithZeroTemp":{"iob":-0.465,"basaliob":-0.482,"bolussnooze":0,"activity":-0.0035,"lastBolusTime":1703681471121,"time":"2023-12-27T16:26:11.671Z"}},{"iob":-0.019,"basaliob":-0.035,"bolussnooze":0,"activity":-2.0E-4,"lastBolusTime":1703681471121,"time":"2023-12-27T16:31:11.671Z","iobWithZeroTemp":{"iob":-0.481,"basaliob":-0.497,"bolussnooze":0,"activity":-0.0036,"lastBolusTime":1703681471121,"time":"2023-12-27T16:31:11.671Z"}},{"iob":-0.017,"basaliob":-0.032,"bolussnooze":0,"activity":-3.0E-4,"lastBolusTime":1703681471121,"time":"2023-12-27T16:36:11.671Z","iobWithZeroTemp":{"iob":-0.494,"basaliob":-0.509,"bolussnooze":0,"activity":-0.0039,"lastBolusTime":1703681471121,"time":"2023-12-27T16:36:11.671Z"}},{"iob":-0.017,"basaliob":-0.03,"bolussnooze":0,"activity":-2.0E-4,"lastBolusTime":1703681471121,"time":"2023-12-27T16:41:11.671Z","iobWithZeroTemp":{"iob":-0.509,"basaliob":-0.522,"bolussnooze":0,"activity":-0.004,"lastBolusTime":1703681471121,"time":"2023-12-27T16:41:11.671Z"}},{"iob":-0.016,"basaliob":-0.028,"bolussnooze":0,"activity":-2.0E-4,"lastBolusTime":1703681471121,"time":"2023-12-27T16:46:11.671Z","iobWithZeroTemp":{"iob":-0.523,"basaliob":-0.535,"bolussnooze":0,"activity":-0.0041,"lastBolusTime":1703681471121,"time":"2023-12-27T16:46:11.671Z"}},{"iob":-0.015,"basaliob":-0.026,"bolussnooze":0,"activity":-2.0E-4,"lastBolusTime":1703681471121,"time":"2023-12-27T16:51:11.671Z","iobWithZeroTemp":{"iob":-0.535,"basaliob":-0.546,"bolussnooze":0,"activity":-0.0043,"lastBolusTime":1703681471121,"time":"2023-12-27T16:51:11.671Z"}},{"iob":-0.014,"basaliob":-0.024,"bolussnooze":0,"activity":-2.0E-4,"lastBolusTime":1703681471121,"time":"2023-12-27T16:56:11.671Z","iobWithZeroTemp":{"iob":-0.546,"basaliob":-0.556,"bolussnooze":0,"activity":-0.0044,"lastBolusTime":1703681471121,"time":"2023-12-27T16:56:11.671Z"}},{"iob":-0.013,"basaliob":-0.022,"bolussnooze":0,"activity":-1.0E-4,"lastBolusTime":1703681471121,"time":"2023-12-27T17:01:11.671Z","iobWithZeroTemp":{"iob":-0.557,"basaliob":-0.566,"bolussnooze":0,"activity":-0.0045,"lastBolusTime":1703681471121,"time":"2023-12-27T17:01:11.671Z"}},{"iob":-0.012,"basaliob":-0.021,"bolussnooze":0,"activity":-1.0E-4,"lastBolusTime":1703681471121,"time":"2023-12-27T17:06:11.671Z","iobWithZeroTemp":{"iob":-0.568,"basaliob":-0.577,"bolussnooze":0,"activity":-0.0046,"lastBolusTime":1703681471121,"time":"2023-12-27T17:06:11.671Z"}},{"iob":-0.011,"basaliob":-0.019,"bolussnooze":0,"activity":-2.0E-4,"lastBolusTime":1703681471121,"time":"2023-12-27T17:11:11.671Z","iobWithZeroTemp":{"iob":-0.577,"basaliob":-0.585,"bolussnooze":0,"activity":-0.0048,"lastBolusTime":1703681471121,"time":"2023-12-27T17:11:11.671Z"}},{"iob":-0.011,"basaliob":-0.018,"bolussnooze":0,"activity":-2.0E-4,"lastBolusTime":1703681471121,"time":"2023-12-27T17:16:11.671Z","iobWithZeroTemp":{"iob":-0.587,"basaliob":-0.594,"bolussnooze":0,"activity":-0.0049,"lastBolusTime":1703681471121,"time":"2023-12-27T17:16:11.671Z"}},{"iob":-0.009,"basaliob":-0.016,"bolussnooze":0,"activity":-2.0E-4,"lastBolusTime":1703681471121,"time":"2023-12-27T17:21:11.671Z","iobWithZeroTemp":{"iob":-0.594,"basaliob":-0.601,"bolussnooze":0,"activity":-0.0051,"lastBolusTime":1703681471121,"time":"2023-12-27T17:21:11.671Z"}},{"iob":-0.009,"basaliob":-0.015,"bolussnooze":0,"activity":-1.0E-4,"lastBolusTime":1703681471121,"time":"2023-12-27T17:26:11.671Z","iobWithZeroTemp":{"iob":-0.603,"basaliob":-0.609,"bolussnooze":0,"activity":-0.0051,"lastBolusTime":1703681471121,"time":"2023-12-27T17:26:11.671Z"}},{"iob":-0.009,"basaliob":-0.014,"bolussnooze":0,"activity":-1.0E-4,"lastBolusTime":1703681471121,"time":"2023-12-27T17:31:11.671Z","iobWithZeroTemp":{"iob":-0.611,"basaliob":-0.616,"bolussnooze":0,"activity":-0.0052,"lastBolusTime":1703681471121,"time":"2023-12-27T17:31:11.671Z"}},{"iob":-0.008,"basaliob":-0.013,"bolussnooze":0,"activity":-1.0E-4,"lastBolusTime":1703681471121,"time":"2023-12-27T17:36:11.671Z","iobWithZeroTemp":{"iob":-0.618,"basaliob":-0.623,"bolussnooze":0,"activity":-0.0053,"lastBolusTime":1703681471121,"time":"2023-12-27T17:36:11.671Z"}},{"iob":-0.007,"basaliob":-0.012,"bolussnooze":0,"activity":-1.0E-4,"lastBolusTime":1703681471121,"time":"2023-12-27T17:41:11.671Z","iobWithZeroTemp":{"iob":-0.624,"basaliob":-0.629,"bolussnooze":0,"activity":-0.0054,"lastBolusTime":1703681471121,"time":"2023-12-27T17:41:11.671Z"}},{"iob":-0.007,"basaliob":-0.011,"bolussnooze":0,"activity":-1.0E-4,"lastBolusTime":1703681471121,"time":"2023-12-27T17:46:11.671Z","iobWithZeroTemp":{"iob":-0.631,"basaliob":-0.635,"bolussnooze":0,"activity":-0.0055,"lastBolusTime":1703681471121,"time":"2023-12-27T17:46:11.671Z"}},{"iob":-0.006,"basaliob":-0.01,"bolussnooze":0,"activity":-1.0E-4,"lastBolusTime":1703681471121,"time":"2023-12-27T17:51:11.671Z","iobWithZeroTemp":{"iob":-0.636,"basaliob":-0.64,"bolussnooze":0,"activity":-0.0056,"lastBolusTime":1703681471121,"time":"2023-12-27T17:51:11.671Z"}},{"iob":-0.006,"basaliob":-0.009,"bolussnooze":0,"activity":-1.0E-4,"lastBolusTime":1703681471121,"time":"2023-12-27T17:56:11.671Z","iobWithZeroTemp":{"iob":-0.642,"basaliob":-0.645,"bolussnooze":0,"activity":-0.0057,"lastBolusTime":1703681471121,"time":"2023-12-27T17:56:11.671Z"}},{"iob":-0.005,"basaliob":-0.008,"bolussnooze":0,"activity":0,"lastBolusTime":1703681471121,"time":"2023-12-27T18:01:11.671Z","iobWithZeroTemp":{"iob":-0.646,"basaliob":-0.649,"bolussnooze":0,"activity":-0.0056,"lastBolusTime":1703681471121,"time":"2023-12-27T18:01:11.671Z"}},{"iob":-0.005,"basaliob":-0.008,"bolussnooze":0,"activity":0,"lastBolusTime":1703681471121,"time":"2023-12-27T18:06:11.671Z","iobWithZeroTemp":{"iob":-0.651,"basaliob":-0.654,"bolussnooze":0,"activity":-0.0057,"lastBolusTime":1703681471121,"time":"2023-12-27T18:06:11.671Z"}},{"iob":-0.004,"basaliob":-0.007,"bolussnooze":0,"activity":0,"lastBolusTime":1703681471121,"time":"2023-12-27T18:11:11.671Z","iobWithZeroTemp":{"iob":-0.655,"basaliob":-0.658,"bolussnooze":0,"activity":-0.0058,"lastBolusTime":1703681471121,"time":"2023-12-27T18:11:11.671Z"}},{"iob":-0.005,"basaliob":-0.007,"bolussnooze":0,"activity":-1.0E-4,"lastBolusTime":1703681471121,"time":"2023-12-27T18:16:11.671Z","iobWithZeroTemp":{"iob":-0.66,"basaliob":-0.662,"bolussnooze":0,"activity":-0.0059,"lastBolusTime":1703681471121,"time":"2023-12-27T18:16:11.671Z"}},{"iob":-0.004,"basaliob":-0.006,"bolussnooze":0,"activity":-1.0E-4,"lastBolusTime":1703681471121,"time":"2023-12-27T18:21:11.671Z","iobWithZeroTemp":{"iob":-0.663,"basaliob":-0.665,"bolussnooze":0,"activity":-0.006,"lastBolusTime":1703681471121,"time":"2023-12-27T18:21:11.671Z"}},{"iob":-0.003,"basaliob":-0.005,"bolussnooze":0,"activity":-1.0E-4,"lastBolusTime":1703681471121,"time":"2023-12-27T18:26:11.671Z","iobWithZeroTemp":{"iob":-0.666,"basaliob":-0.668,"bolussnooze":0,"activity":-0.0061,"lastBolusTime":1703681471121,"time":"2023-12-27T18:26:11.671Z"}}],"profile":{"max_iob":4,"type":"current","max_daily_basal":0.5,"max_basal":1.2,"min_bg":100.8,"max_bg":100.8,"target_bg":100.8,"carb_ratio":30,"sens":126,"max_daily_safety_multiplier":3,"current_basal_safety_multiplier":4,"lgsThreshold":65,"high_temptarget_raises_sensitivity":false,"low_temptarget_lowers_sensitivity":false,"sensitivity_raises_target":true,"resistance_lowers_target":true,"adv_target_adjustments":false,"exercise_mode":false,"half_basal_exercise_target":160,"maxCOB":120,"skip_neutral_temps":false,"remainingCarbsCap":90,"enableUAM":true,"A52_risk_enable":false,"SMBInterval":3,"enableSMB_with_COB":true,"enableSMB_with_temptarget":true,"allowSMB_with_high_temptarget":false,"enableSMB_always":false,"enableSMB_after_carbs":false,"maxSMBBasalMinutes":75,"maxUAMSMBBasalMinutes":75,"bolus_increment":0.05,"carbsReqThreshold":10,"current_basal":0.3,"temptargetSet":false,"autosens_max":1.2,"autosens_min":0.7,"out_units":"mmol\/L","variable_sens":185.4,"insulinDivisor":65,"TDD":12.097229761904764},"autosens_data":{"ratio":1},"meal_data":{"carbs":15,"mealCOB":0,"slopeFromMaxDeviation":-3.079,"slopeFromMinDeviation":0,"lastBolusTime":1703681471121,"lastCarbTime":1703680178793},"microBolusAllowed":true,"currentTime":1703687473344,"flatBGsDetected":false,"tdd1D":15.216666666666669,"tdd7D":11.563690476190475,"tddLast24H":9.37499999999999,"tddLast4H":1.6291666666666667,"tddLast8to4H":1.4916666666666671},"output":{"temp":"absolute","bg":80,"tick":-8,"eventualBG":64,"targetBG":100.8,"insulinReq":0,"deliverAt":"2023-12-27T14:31:13.344Z","sensitivityRatio":1,"variable_sens":185.4,"predBGs":{"IOB":[80,73,67,61,56,52,48,45,43,41,40,40,41,41,42,42,42,43,43,44,44,45,45,45,46,46,46,47,47,47,47,48,48,48,48,49,49,49,49,49,49,49,49,49,49,49,50],"ZT":[80,80,80,80,80,80,80,81,82,82,84,85,86,88,90,91,93,95,98,100]},"reason":"COB: 0, Dev: -1.3, BGI: 0.0, ISF: 10.3, CR: 30, Target: 5.6, minPredBG 3.0, minGuardBG 2.2, IOBpredBG 2.8; minGuardBG 2.2<3.9","COB":0,"IOB":-0.041,"duration":60,"rate":0,"timestamp":"2023-12-27T14:31:13.365Z"}}