{"algorithm":"OpenAPSSMBDynamicISFPlugin","input":{"glucoseStatus":{"glucose":72,"noise":0,"delta":-4.33,"short_avgdelta":-3.56,"long_avgdelta":-2.33,"date":1703662220460},"currenttemp":{"temp":"absolute","duration":25,"rate":0,"minutesrunning":5},"iob_data":[{"iob":-0.175,"basaliob":-0.175,"bolussnooze":0,"activity":-6.0E-4,"lastBolusTime":0,"time":"2023-12-27T07:31:11.469Z","iobWithZeroTemp":{"iob":-0.175,"basaliob":-0.175,"bolussnooze":0,"activity":-6.0E-4,"lastBolusTime":0,"time":"2023-12-27T07:31:11.469Z"}},{"iob":-0.172,"basaliob":-0.172,"bolussnooze":0,"activity":-7.0E-4,"lastBolusTime":0,"time":"2023-12-27T07:36:11.469Z","iobWithZeroTemp":{"iob":-0.192,"basaliob":-0.192,"bolussnooze":0,"activity":-7.0E-4,"lastBolusTime":0,"time":"2023-12-27T07:36:11.469Z"}},{"iob":-0.168,"basaliob":-0.168,"bolussnooze":0,"activity":-9.0E-4,"lastBolusTime":0,"time":"2023-12-27T07:41:11.469Z","iobWithZeroTemp":{"iob":-0.213,"basaliob":-0.213,"bolussnooze":0,"activity":-0.001,"lastBolusTime":0,"time":"2023-12-27T07:41:11.469Z"}},{"iob":-0.163,"basaliob":-0.163,"bolussnooze":0,"activity":-0.001,"lastBolusTime":0,"time":"2023-12-27T07:46:11.469Z","iobWithZeroTemp":{"iob":-0.232,"basaliob":-0.232,"bolussnooze":0,"activity":-0.0011,"lastBolusTime":0,"time":"2023-12-27T07:46:11.469Z"}},{"iob":-0.158,"basaliob":-0.158,"bolussnooze":0,"activity":-0.0011,"lastBolusTime":0,"time":"2023-12-27T07:51:11.469Z","iobWithZeroTemp":{"iob":-0.251,"basaliob":-0.251,"bolussnooze":0,"activity":-0.0013,"lastBolusTime":0,"time":"2023-12-27T07:51:11.469Z"}},{"iob":-0.153,"basaliob":-0.153,"bolussnooze":0,"activity":-0.0011,"lastBolusTime":0,"time":"2023-12-27T07:56:11.469Z","iobWithZeroTemp":{"iob":-0.27,"basaliob":-0.27,"bolussnooze":0,"activity":-0.0015,"lastBolusTime":0,"time":"2023-12-27T07:56:11.469Z"}},{"iob":-0.147,"basaliob":-0.147,"bolussnooze":0,"activity":-0.0012,"lastBolusTime":0,"time":"2023-12-27T08:01:11.469Z","iobWithZeroTemp":{"iob":-0.287,"basaliob":-0.287,"bolussnooze":0,"activity":-0.0017,"lastBolusTime":0,"time":"2023-12-27T08:01:11.469Z"}},{"iob":-0.141,"basaliob":-0.141,"bolussnooze":0,"activity":-0.0012,"lastBolusTime":0,"time":"2023-12-27T08:06:11.469Z","iobWithZeroTemp":{"iob":-0.303,"basaliob":-0.303,"bolussnooze":0,"activity":-0.0019,"lastBolusTime":0,"time":"2023-12-27T08:06:11.469Z"}},{"iob":-0.135,"basaliob":-0.135,"bolussnooze":0,"activity":-0.0012,"lastBolusTime":0,"time":"2023-12-27T08:11:11.469Z","iobWithZeroTemp":{"iob":-0.318,"basaliob":-0.318,"bolussnooze":0,"activity":-0.002,"lastBolusTime":0,"time":"2023-12-27T08:11:11.469Z"}},{"iob":-0.128,"basaliob":-0.128,"bolussnooze":0,"activity":-0.0012,"lastBolusTime":0,"time":"2023-12-27T08:16:11.469Z","iobWithZeroTemp":{"iob":-0.332,"basaliob":-0.332,"bolussnooze":0,"activity":-0.0022,"lastBolusTime":0,"time":"2023-12-27T08:16:11.469Z"}},{"iob":-0.122,"basaliob":-0.122,"bolussnooze":0,"activity":-0.0012,"lastBolusTime":0,"time":"2023-12-27T08:21:11.469Z","iobWithZeroTemp":{"iob":-0.345,"basaliob":-0.345,"bolussnooze":0,"activity":-0.0024,"lastBolusTime":0,"time":"2023-12-27T08:21:11.469Z"}},{"iob":-0.116,"basaliob":-0.116,"bolussnooze":0,"activity":-0.0012,"lastBolusTime":0,"time":"2023-12-27T08:26:11.469Z","iobWithZeroTemp":{"iob":-0.358,"basaliob":-0.358,"bolussnooze":0,"activity":-0.0025,"lastBolusTime":0,"time":"2023-12-27T08:26:11.469Z"}},{"iob":-0.11,"basaliob":-0.11,"bolussnooze":0,"activity":-0.0012,"lastBolusTime":0,"time":"2023-12-27T08:31:11.469Z","iobWithZeroTemp":{"iob":-0.37,"basaliob":-0.37,"bolussnooze":0,"activity":-0.0027,"lastBolusTime":0,"time":"2023-12-27T08:31:11.469Z"}},{"iob":-0.105,"basaliob":-0.105,"bolussnooze":0,"activity":-0.0012,"lastBolusTime":0,"time":"2023-12-27T08:36:11.469Z","iobWithZeroTemp":{"iob":-0.382,"basaliob":-0.382,"bolussnooze":0,"activity":-0.0029,"lastBolusTime":0,"time":"2023-12-27T08:36:11.469Z"}},{"iob":-0.099,"basaliob":-0.099,"bolussnooze":0,"activity":-0.0011,"lastBolusTime":0,"time":"2023-12-27T08:41:11.469Z","iobWithZeroTemp":{"iob":-0.393,"basaliob":-0.393,"bolussnooze":0,"activity":-0.0029,"lastBolusTime":0,"time":"2023-12-27T08:41:11.469Z"}},{"iob":-0.093,"basaliob":-0.093,"bolussnooze":0,"activity":-0.0011,"lastBolusTime":0,"time":"2023-12-27T08:46:11.469Z","iobWithZeroTemp":{"iob":-0.402,"basaliob":-0.402,"bolussnooze":0,"activity":-0.0031,"lastBolusTime":0,"time":"2023-12-27T08:46:11.469Z"}},{"iob":-0.088,"basaliob":-0.088,"bolussnooze":0,"activity":-0.001,"lastBolusTime":0,"time":"2023-12-27T08:51:11.469Z","iobWithZeroTemp":{"iob":-0.412,"basaliob":-0.412,"bolussnooze":0,"activity":-0.0032,"lastBolusTime":0,"time":"2023-12-27T08:51:11.469Z"}},{"iob":-0.083,"basaliob":-0.083,"bolussnooze":0,"activity":-0.001,"lastBolusTime":0,"time":"2023-12-27T08:56:11.469Z","iobWithZeroTemp":{"iob":-0.42,"basaliob":-0.42,"bolussnooze":0,"activity":-0.0033,"lastBolusTime":0,"time":"2023-12-27T08:56:11.469Z"}},{"iob":-0.078,"basaliob":-0.078,"bolussnooze":0,"activity":-0.001,"lastBolusTime":0,"time":"2023-12-27T09:01:11.469Z","iobWithZeroTemp":{"iob":-0.428,"basaliob":-0.428,"bolussnooze":0,"activity":-0.0035,"lastBolusTime":0,"time":"2023-12-27T09:01:11.469Z"}},{"iob":-0.073,"basaliob":-0.073,"bolussnooze":0,"activity":-9.0E-4,"lastBolusTime":0,"time":"2023-12-27T09:06:11.469Z","iobWithZeroTemp":{"iob":-0.436,"basaliob":-0.436,"bolussnooze":0,"activity":-0.0035,"lastBolusTime":0,"time":"2023-12-27T09:06:11.469Z"}},{"iob":-0.069,"basaliob":-0.069,"bolussnooze":0,"activity":-9.0E-4,"lastBolusTime":0,"time":"2023-12-27T09:11:11.469Z","iobWithZeroTemp":{"iob":-0.443,"basaliob":-0.443,"bolussnooze":0,"activity":-0.0037,"lastBolusTime":0,"time":"2023-12-27T09:11:11.469Z"}},{"iob":-0.064,"basaliob":-0.064,"bolussnooze":0,"activity":-8.0E-4,"lastBolusTime":0,"time":"2023-12-27T09:16:11.469Z","iobWithZeroTemp":{"iob":-0.449,"basaliob":-0.449,"bolussnooze":0,"activity":-0.0037,"lastBolusTime":0,"time":"2023-12-27T09:16:11.469Z"}},{"iob":-0.06,"basaliob":-0.06,"bolussnooze":0,"activity":-8.0E-4,"lastBolusTime":0,"time":"2023-12-27T09:21:11.469Z","iobWithZeroTemp":{"iob":-0.455,"basaliob":-0.455,"bolussnooze":0,"activity":-0.0038,"lastBolusTime":0,"time":"2023-12-27T09:21:11.469Z"}},{"iob":-0.056,"basaliob":-0.056,"bolussnooze":0,"activity":-8.0E-4,"lastBolusTime":0,"time":"2023-12-27T09:26:11.469Z","iobWithZeroTemp":{"iob":-0.461,"basaliob":-0.461,"bolussnooze":0,"activity":-0.0039,"lastBolusTime":0,"time":"2023-12-27T09:26:11.469Z"}},{"iob":-0.053,"basaliob":-0.053,"bolussnooze":0,"activity":-7.0E-4,"lastBolusTime":0,"time":"2023-12-27T09:31:11.469Z","iobWithZeroTemp":{"iob":-0.467,"basaliob":-0.467,"bolussnooze":0,"activity":-0.004,"lastBolusTime":0,"time":"2023-12-27T09:31:11.469Z"}},{"iob":-0.049,"basaliob":-0.049,"bolussnooze":0,"activity":-7.0E-4,"lastBolusTime":0,"time":"2023-12-27T09:36:11.469Z","iobWithZeroTemp":{"iob":-0.471,"basaliob":-0.471,"bolussnooze":0,"activity":-0.0041,"lastBolusTime":0,"time":"2023-12-27T09:36:11.469Z"}},{"iob":-0.046,"basaliob":-0.046,"bolussnooze":0,"activity":-6.0E-4,"lastBolusTime":0,"time":"2023-12-27T09:41:11.469Z","iobWithZeroTemp":{"iob":-0.476,"basaliob":-0.476,"bolussnooze":0,"activity":-0.0041,"lastBolusTime":0,"time":"2023-12-27T09:41:11.469Z"}},{"iob":-0.043,"basaliob":-0.043,"bolussnooze":0,"activity":-6.0E-4,"lastBolusTime":0,"time":"2023-12-27T09:46:11.469Z","iobWithZeroTemp":{"iob":-0.481,"basaliob":-0.481,"bolussnooze":0,"activity":-0.0042,"lastBolusTime":0,"time":"2023-12-27T09:46:11.469Z"}},{"iob":-0.04,"basaliob":-0.04,"bolussnooze":0,"activity":-6.0E-4,"lastBolusTime":0,"time":"2023-12-27T09:51:11.469Z","iobWithZeroTemp":{"iob":-0.485,"basaliob":-0.485,"bolussnooze":0,"activity":-0.0043,"lastBolusTime":0,"time":"2023-12-27T09:51:11.469Z"}},{"iob":-0.037,"basaliob":-0.037,"bolussnooze":0,"activity":-5.0E-4,"lastBolusTime":0,"time":"2023-12-27T09:56:11.469Z","iobWithZeroTemp":{"iob":-0.488,"basaliob":-0.488,"bolussnooze":0,"activity":-0.0043,"lastBolusTime":0,"time":"2023-12-27T09:56:11.469Z"}},{"iob":-0.034,"basaliob":-0.034,"bolussnooze":0,"activity":-5.0E-4,"lastBolusTime":0,"time":"2023-12-27T10:01:11.469Z","iobWithZeroTemp":{"iob":-0.491,"basaliob":-0.491,"bolussnooze":0,"activity":-0.0044,"lastBolusTime":0,"time":"2023-12-27T10:01:11.469Z"}},{"iob":-0.032,"basaliob":-0.032,"bolussnooze":0,"activity":-5.0E-4,"lastBolusTime":0,"time":"2023-12-27T10:06:11.469Z","iobWithZeroTemp":{"iob":-0.495,"basaliob":-0.495,"bolussnooze":0,"activity":-0.0044,"lastBolusTime":0,"time":"2023-12-27T10:06:11.469Z"}},{"iob":-0.03,"basaliob":-0.03,"bolussnooze":0,"activity":-4.0E-4,"lastBolusTime":0,"time":"2023-12-27T10:11:11.469Z","iobWithZeroTemp":{"iob":-0.498,"basaliob":-0.498,"bolussnooze":0,"activity":-0.0044,"lastBolusTime":0,"time":"2023-12-27T10:11:11.469Z"}},{"iob":-0.027,"basaliob":-0.027,"bolussnooze":0,"activity":-4.0E-4,"lastBolusTime":0,"time":"2023-12-27T10:16:11.469Z","iobWithZeroTemp":{"iob":-0.499,"basaliob":-0.499,"bolussnooze":0,"activity":-0.0045,"lastBolusTime":0,"time":"2023-12-27T10:16:11.469Z"}},{"iob":-0.025,"basaliob":-0.025,"bolussnooze":0,"activity":-4.0E-4,"lastBolusTime":0,"time":"2023-12-27T10:21:11.469Z","iobWithZeroTemp":{"iob":-0.502,"basaliob":-0.502,"bolussnooze":0,"activity":-0.0045,"lastBolusTime":0,"time":"2023-12-27T10:21:11.469Z"}},{"iob":-0.024,"basaliob":-0.024,"bolussnooze":0,"activity":-4.0E-4,"lastBolusTime":0,"time":"2023-12-27T10:26:11.469Z","iobWithZeroTemp":{"iob":-0.505,"basaliob":-0.505,"bolussnooze":0,"activity":-0.0046,"lastBolusTime":0,"time":"2023-12-27T10:26:11.469Z"}},{"iob":-0.022,"basaliob":-0.022,"bolussnooze":0,"activity":-3.0E-4,"lastBolusTime":0,"time":"2023-12-27T10:31:11.469Z","iobWithZeroTemp":{"iob":-0.507,"basaliob":-0.507,"bolussnooze":0,"activity":-0.0046,"lastBolusTime":0,"time":"2023-12-27T10:31:11.469Z"}},{"iob":-0.02,"basaliob":-0.02,"bolussnooze":0,"activity":-3.0E-4,"lastBolusTime":0,"time":"2023-12-27T10:36:11.469Z","iobWithZeroTemp":{"iob":-0.508,"basaliob":-0.508,"bolussnooze":0,"activity":-0.0046,"lastBolusTime":0,"time":"2023-12-27T10:36:11.469Z"}},{"iob":-0.019,"basaliob":-0.019,"bolussnooze":0,"activity":-3.0E-4,"lastBolusTime":0,"time":"2023-12-27T10:41:11.469Z","iobWithZeroTemp":{"iob":-0.511,"basaliob":-0.511,"bolussnooze":0,"activity":-0.0047,"lastBolusTime":0,"time":"2023-12-27T10:41:11.469Z"}},{"iob":-0.017,"basaliob":-0.017,"bolussnooze":0,"activity":-3.0E-4,"lastBolusTime":0,"time":"2023-12-27T10:46:11.469Z","iobWithZeroTemp":{"iob":-0.512,"basaliob":-0.512,"bolussnooze":0,"activity":-0.0047,"lastBolusTime":0,"time":"2023-12-27T10:46:11.469Z"}},{"iob":-0.016,"basaliob":-0.016,"bolussnooze":0,"activity":-3.0E-4,"lastBolusTime":0,"time":"2023-12-27T10:51:11.469Z","iobWithZeroTemp":{"iob":-0.514,"basaliob":-0.514,"bolussnooze":0,"activity":-0.0048,"lastBolusTime":0,"time":"2023-12-27T10:51:11.469Z"}},{"iob":-0.015,"basaliob":-0.015,"bolussnooze":0,"activity":-2.0E-4,"lastBolusTime":0,"time":"2023-12-27T10:56:11.469Z","iobWithZeroTemp":{"iob":-0.515,"basaliob":-0.515,"bolussnooze":0,"activity":-0.0047,"lastBolusTime":0,"time":"2023-12-27T10:56:11.469Z"}},{"iob":-0.013,"basaliob":-0.013,"bolussnooze":0,"activity":-2.0E-4,"lastBolusTime":0,"time":"2023-12-27T11:01:11.469Z","iobWithZeroTemp":{"iob":-0.516,"basaliob":-0.516,"bolussnooze":0,"activity":-0.0047,"lastBolusTime":0,"time":"2023-12-27T11:01:11.469Z"}},{"iob":-0.012,"basaliob":-0.012,"bolussnooze":0,"activity":-2.0E-4,"lastBolusTime":0,"time":"2023-12-27T11:06:11.469Z","iobWithZeroTemp":{"iob":-0.517,"basaliob":-0.517,"bolussnooze":0,"activity":-0.0048,"lastBolusTime":0,"time":"2023-12-27T11:06:11.469Z"}},{"iob":-0.011,"basaliob":-0.011,"bolussnooze":0,"activity":-2.0E-4,"lastBolusTime":0,"time":"2023-12-27T11:11:11.469Z","iobWithZeroTemp":{"iob":-0.518,"basaliob":-0.518,"bolussnooze":0,"activity":-0.0048,"lastBolusTime":0,"time":"2023-12-27T11:11:11.469Z"}},{"iob":-0.011,"basaliob":-0.011,"bolussnooze":0,"activity":-2.0E-4,"lastBolusTime":0,"time":"2023-12-27T11:16:11.469Z","iobWithZeroTemp":{"iob":-0.52,"basaliob":-0.52,"bolussnooze":0,"activity":-0.0048,"lastBolusTime":0,"time":"2023-12-27T11:16:11.469Z"}},{"iob":-0.01,"basaliob":-0.01,"bolussnooze":0,"activity":-2.0E-4,"lastBolusTime":0,"time":"2023-12-27T11:21:11.469Z","iobWithZeroTemp":{"iob":-0.521,"basaliob":-0.521,"bolussnooze":0,"activity":-0.0049,"lastBolusTime":0,"time":"2023-12-27T11:21:11.469Z"}},{"iob":-0.009,"basaliob":-0.009,"bolussnooze":0,"activity":-2.0E-4,"lastBolusTime":0,"time":"2023-12-27T11:26:11.469Z","iobWithZeroTemp":{"iob":-0.521,"basaliob":-0.521,"bolussnooze":0,"activity":-0.0049,"lastBolusTime":0,"time":"2023-12-27T11:26:11.469Z"}}],"profile":{"max_iob":4,"type":"current","max_daily_basal":0.5,"max_basal":1.2,"min_bg":100.8,"max_bg":100.8,"target_bg":100.8,"carb_ratio":30,"sens":126,"max_daily_safety_multiplier":3,"current_basal_safety_multiplier":4,"lgsThreshold":65,"high_temptarget_raises_sensitivity":false,"low_temptarget_lowers_sensitivity":false,"sensitivity_raises_target":true,"resistance_lowers_target":true,"adv_target_adjustments":false,"exercise_mode":false,"half_basal_exercise_target":160,"maxCOB":120,"skip_neutral_temps":false,"remainingCarbsCap":90,"enableUAM":true,"A52_risk_enable":false,"SMBInterval":3,"enableSMB_with_COB":true,"enableSMB_with_temptarget":true,"allowSMB_with_high_temptarget":false,"enableSMB_always":false,"enableSMB_after_carbs":false,"maxSMBBasalMinutes":75,"maxUAMSMBBasalMinutes":75,"bolus_increment":0.05,"carbsReqThreshold":10,"current_basal":0.3,"temptargetSet":false,"autosens_max":1.2,"autosens_min":0.7,"out_units":"mmol\/L","variable_sens":217.6,"insulinDivisor":65,"TDD":11.093204761904762},"autosens_data":{"ratio":1},"meal_data":{"carbs":0,"mealCOB":0,"slopeFromMaxDeviation":0,"slopeFromMinDeviation":0.07263636363636364,"lastBolusTime":1703594420788,"lastCarbTime":0},"microBolusAllowed":true,"currentTime":1703662272845,"flatBGsDetected":false,"tdd1D":15.216666666666669,"tdd7D":11.563690476190475,"tddLast24H":10.47916666666666,"tddLast4H":1.0583333333333331,"tddLast8to4H":1.1333333333333337},"output":{"temp":"absolute","bg":72,"tick":-4,"eventualBG":92,"targetBG":100.8,"insulinReq":0,"deliverAt":"2023-12-27T07:31:12.845Z","sensitivityRatio":1,"variable_sens":217.6,"predBGs":{"IOB":[72,68,65,62,60,58,57,57,57,57,58,59,60,62,63,64,66,67,68,69,70,71,72,73,74,75,75,76,77,77,78,78,79,79,80,80,80,81,81,81,82,82,82,82,82,83],"ZT":[72,73,73,74,76,77,79,80,82,84,86,89,91,94,96,99]},"reason":"COB: 0, Dev: -1.0, BGI: 0.0, ISF: 12.1, CR: 30, Target: 5.6, minPredBG 3.8, minGuardBG 3.2, IOBpredBG 4.6; minGuardBG 3.2<3.9 25m left and 0 ~ req 0U\/hr: no temp required","COB":0,"IOB":-0.175,"timestamp":"2023-12-27T07:31:12.881Z"}}