{"algorithm":"OpenAPSSMBDynamicISFPlugin","input":{"glucoseStatus":{"glucose":201,"noise":0,"delta":-5.67,"short_avgdelta":-3.59,"long_avgdelta":4.65,"date":1703766022240},"currenttemp":{"temp":"absolute","duration":15,"rate":1.2,"minutesrunning":15},"iob_data":[{"iob":0.613,"basaliob":0.568,"bolussnooze":0,"activity":0.0037,"lastBolusTime":1703754675154,"time":"2023-12-28T12:21:13.706Z","iobWithZeroTemp":{"iob":0.613,"basaliob":0.568,"bolussnooze":0,"activity":0.0037,"lastBolusTime":1703754675154,"time":"2023-12-28T12:21:13.706Z"}},{"iob":0.593,"basaliob":0.552,"bolussnooze":0,"activity":0.004,"lastBolusTime":1703754675154,"time":"2023-12-28T12:26:13.706Z","iobWithZeroTemp":{"iob":0.573,"basaliob":0.532,"bolussnooze":0,"activity":0.004,"lastBolusTime":1703754675154,"time":"2023-12-28T12:26:13.706Z"}},{"iob":0.573,"basaliob":0.535,"bolussnooze":0,"activity":0.0043,"lastBolusTime":1703754675154,"time":"2023-12-28T12:31:13.706Z","iobWithZeroTemp":{"iob":0.528,"basaliob":0.49,"bolussnooze":0,"activity":0.0042,"lastBolusTime":1703754675154,"time":"2023-12-28T12:31:13.706Z"}},{"iob":0.552,"basaliob":0.517,"bolussnooze":0,"activity":0.0044,"lastBolusTime":1703754675154,"time":"2023-12-28T12:36:13.706Z","iobWithZeroTemp":{"iob":0.483,"basaliob":0.448,"bolussnooze":0,"activity":0.0043,"lastBolusTime":1703754675154,"time":"2023-12-28T12:36:13.706Z"}},{"iob":0.529,"basaliob":0.497,"bolussnooze":0,"activity":0.0046,"lastBolusTime":1703754675154,"time":"2023-12-28T12:41:13.706Z","iobWithZeroTemp":{"iob":0.436,"basaliob":0.404,"bolussnooze":0,"activity":0.0044,"lastBolusTime":1703754675154,"time":"2023-12-28T12:41:13.706Z"}},{"iob":0.506,"basaliob":0.477,"bolussnooze":0,"activity":0.0046,"lastBolusTime":1703754675154,"time":"2023-12-28T12:46:13.706Z","iobWithZeroTemp":{"iob":0.389,"basaliob":0.36,"bolussnooze":0,"activity":0.0042,"lastBolusTime":1703754675154,"time":"2023-12-28T12:46:13.706Z"}},{"iob":0.483,"basaliob":0.457,"bolussnooze":0,"activity":0.0046,"lastBolusTime":1703754675154,"time":"2023-12-28T12:51:13.706Z","iobWithZeroTemp":{"iob":0.343,"basaliob":0.317,"bolussnooze":0,"activity":0.0041,"lastBolusTime":1703754675154,"time":"2023-12-28T12:51:13.706Z"}},{"iob":0.46,"basaliob":0.436,"bolussnooze":0,"activity":0.0045,"lastBolusTime":1703754675154,"time":"2023-12-28T12:56:13.706Z","iobWithZeroTemp":{"iob":0.298,"basaliob":0.274,"bolussnooze":0,"activity":0.0038,"lastBolusTime":1703754675154,"time":"2023-12-28T12:56:13.706Z"}},{"iob":0.437,"basaliob":0.415,"bolussnooze":0,"activity":0.0045,"lastBolusTime":1703754675154,"time":"2023-12-28T13:01:13.706Z","iobWithZeroTemp":{"iob":0.254,"basaliob":0.232,"bolussnooze":0,"activity":0.0037,"lastBolusTime":1703754675154,"time":"2023-12-28T13:01:13.706Z"}},{"iob":0.415,"basaliob":0.395,"bolussnooze":0,"activity":0.0045,"lastBolusTime":1703754675154,"time":"2023-12-28T13:06:13.706Z","iobWithZeroTemp":{"iob":0.211,"basaliob":0.191,"bolussnooze":0,"activity":0.0035,"lastBolusTime":1703754675154,"time":"2023-12-28T13:06:13.706Z"}},{"iob":0.393,"basaliob":0.375,"bolussnooze":0,"activity":0.0043,"lastBolusTime":1703754675154,"time":"2023-12-28T13:11:13.706Z","iobWithZeroTemp":{"iob":0.17,"basaliob":0.152,"bolussnooze":0,"activity":0.0031,"lastBolusTime":1703754675154,"time":"2023-12-28T13:11:13.706Z"}},{"iob":0.371,"basaliob":0.355,"bolussnooze":0,"activity":0.0042,"lastBolusTime":1703754675154,"time":"2023-12-28T13:16:13.706Z","iobWithZeroTemp":{"iob":0.129,"basaliob":0.113,"bolussnooze":0,"activity":0.0029,"lastBolusTime":1703754675154,"time":"2023-12-28T13:16:13.706Z"}},{"iob":0.351,"basaliob":0.336,"bolussnooze":0,"activity":0.0041,"lastBolusTime":1703754675154,"time":"2023-12-28T13:21:13.706Z","iobWithZeroTemp":{"iob":0.091,"basaliob":0.076,"bolussnooze":0,"activity":0.0026,"lastBolusTime":1703754675154,"time":"2023-12-28T13:21:13.706Z"}},{"iob":0.331,"basaliob":0.317,"bolussnooze":0,"activity":0.004,"lastBolusTime":1703754675154,"time":"2023-12-28T13:26:13.706Z","iobWithZeroTemp":{"iob":0.054,"basaliob":0.04,"bolussnooze":0,"activity":0.0023,"lastBolusTime":1703754675154,"time":"2023-12-28T13:26:13.706Z"}},{"iob":0.311,"basaliob":0.299,"bolussnooze":0,"activity":0.0038,"lastBolusTime":1703754675154,"time":"2023-12-28T13:31:13.706Z","iobWithZeroTemp":{"iob":0.017,"basaliob":0.005,"bolussnooze":0,"activity":0.002,"lastBolusTime":1703754675154,"time":"2023-12-28T13:31:13.706Z"}},{"iob":0.292,"basaliob":0.281,"bolussnooze":0,"activity":0.0036,"lastBolusTime":1703754675154,"time":"2023-12-28T13:36:13.706Z","iobWithZeroTemp":{"iob":-0.017,"basaliob":-0.028,"bolussnooze":0,"activity":0.0016,"lastBolusTime":1703754675154,"time":"2023-12-28T13:36:13.706Z"}},{"iob":0.275,"basaliob":0.265,"bolussnooze":0,"activity":0.0035,"lastBolusTime":1703754675154,"time":"2023-12-28T13:41:13.706Z","iobWithZeroTemp":{"iob":-0.049,"basaliob":-0.059,"bolussnooze":0,"activity":0.0013,"lastBolusTime":1703754675154,"time":"2023-12-28T13:41:13.706Z"}},{"iob":0.258,"basaliob":0.249,"bolussnooze":0,"activity":0.0033,"lastBolusTime":1703754675154,"time":"2023-12-28T13:46:13.706Z","iobWithZeroTemp":{"iob":-0.079,"basaliob":-0.088,"bolussnooze":0,"activity":0.001,"lastBolusTime":1703754675154,"time":"2023-12-28T13:46:13.706Z"}},{"iob":0.241,"basaliob":0.233,"bolussnooze":0,"activity":0.0032,"lastBolusTime":1703754675154,"time":"2023-12-28T13:51:13.706Z","iobWithZeroTemp":{"iob":-0.109,"basaliob":-0.117,"bolussnooze":0,"activity":7.0E-4,"lastBolusTime":1703754675154,"time":"2023-12-28T13:51:13.706Z"}},{"iob":0.226,"basaliob":0.219,"bolussnooze":0,"activity":0.0031,"lastBolusTime":1703754675154,"time":"2023-12-28T13:56:13.706Z","iobWithZeroTemp":{"iob":-0.137,"basaliob":-0.144,"bolussnooze":0,"activity":5.0E-4,"lastBolusTime":1703754675154,"time":"2023-12-28T13:56:13.706Z"}},{"iob":0.212,"basaliob":0.205,"bolussnooze":0,"activity":0.0028,"lastBolusTime":1703754675154,"time":"2023-12-28T14:01:13.706Z","iobWithZeroTemp":{"iob":-0.162,"basaliob":-0.169,"bolussnooze":0,"activity":0,"lastBolusTime":1703754675154,"time":"2023-12-28T14:01:13.706Z"}},{"iob":0.197,"basaliob":0.191,"bolussnooze":0,"activity":0.0027,"lastBolusTime":1703754675154,"time":"2023-12-28T14:06:13.706Z","iobWithZeroTemp":{"iob":-0.188,"basaliob":-0.194,"bolussnooze":0,"activity":-2.0E-4,"lastBolusTime":1703754675154,"time":"2023-12-28T14:06:13.706Z"}},{"iob":0.184,"basaliob":0.179,"bolussnooze":0,"activity":0.0025,"lastBolusTime":1703754675154,"time":"2023-12-28T14:11:13.706Z","iobWithZeroTemp":{"iob":-0.211,"basaliob":-0.216,"bolussnooze":0,"activity":-5.0E-4,"lastBolusTime":1703754675154,"time":"2023-12-28T14:11:13.706Z"}},{"iob":0.172,"basaliob":0.167,"bolussnooze":0,"activity":0.0024,"lastBolusTime":1703754675154,"time":"2023-12-28T14:16:13.706Z","iobWithZeroTemp":{"iob":-0.233,"basaliob":-0.238,"bolussnooze":0,"activity":-7.0E-4,"lastBolusTime":1703754675154,"time":"2023-12-28T14:16:13.706Z"}},{"iob":0.16,"basaliob":0.156,"bolussnooze":0,"activity":0.0023,"lastBolusTime":1703754675154,"time":"2023-12-28T14:21:13.706Z","iobWithZeroTemp":{"iob":-0.254,"basaliob":-0.258,"bolussnooze":0,"activity":-0.001,"lastBolusTime":1703754675154,"time":"2023-12-28T14:21:13.706Z"}},{"iob":0.149,"basaliob":0.145,"bolussnooze":0,"activity":0.0022,"lastBolusTime":1703754675154,"time":"2023-12-28T14:26:13.706Z","iobWithZeroTemp":{"iob":-0.274,"basaliob":-0.278,"bolussnooze":0,"activity":-0.0012,"lastBolusTime":1703754675154,"time":"2023-12-28T14:26:13.706Z"}},{"iob":0.138,"basaliob":0.135,"bolussnooze":0,"activity":0.002,"lastBolusTime":1703754675154,"time":"2023-12-28T14:31:13.706Z","iobWithZeroTemp":{"iob":-0.292,"basaliob":-0.295,"bolussnooze":0,"activity":-0.0015,"lastBolusTime":1703754675154,"time":"2023-12-28T14:31:13.706Z"}},{"iob":0.129,"basaliob":0.126,"bolussnooze":0,"activity":0.0019,"lastBolusTime":1703754675154,"time":"2023-12-28T14:36:13.706Z","iobWithZeroTemp":{"iob":-0.309,"basaliob":-0.312,"bolussnooze":0,"activity":-0.0017,"lastBolusTime":1703754675154,"time":"2023-12-28T14:36:13.706Z"}},{"iob":0.12,"basaliob":0.117,"bolussnooze":0,"activity":0.0018,"lastBolusTime":1703754675154,"time":"2023-12-28T14:41:13.706Z","iobWithZeroTemp":{"iob":-0.325,"basaliob":-0.328,"bolussnooze":0,"activity":-0.0019,"lastBolusTime":1703754675154,"time":"2023-12-28T14:41:13.706Z"}},{"iob":0.11,"basaliob":0.108,"bolussnooze":0,"activity":0.0017,"lastBolusTime":1703754675154,"time":"2023-12-28T14:46:13.706Z","iobWithZeroTemp":{"iob":-0.341,"basaliob":-0.343,"bolussnooze":0,"activity":-0.0021,"lastBolusTime":1703754675154,"time":"2023-12-28T14:46:13.706Z"}},{"iob":0.103,"basaliob":0.101,"bolussnooze":0,"activity":0.0016,"lastBolusTime":1703754675154,"time":"2023-12-28T14:51:13.706Z","iobWithZeroTemp":{"iob":-0.354,"basaliob":-0.356,"bolussnooze":0,"activity":-0.0023,"lastBolusTime":1703754675154,"time":"2023-12-28T14:51:13.706Z"}},{"iob":0.095,"basaliob":0.093,"bolussnooze":0,"activity":0.0014,"lastBolusTime":1703754675154,"time":"2023-12-28T14:56:13.706Z","iobWithZeroTemp":{"iob":-0.368,"basaliob":-0.37,"bolussnooze":0,"activity":-0.0025,"lastBolusTime":1703754675154,"time":"2023-12-28T14:56:13.706Z"}},{"iob":0.088,"basaliob":0.086,"bolussnooze":0,"activity":0.0013,"lastBolusTime":1703754675154,"time":"2023-12-28T15:01:13.706Z","iobWithZeroTemp":{"iob":-0.38,"basaliob":-0.382,"bolussnooze":0,"activity":-0.0027,"lastBolusTime":1703754675154,"time":"2023-12-28T15:01:13.706Z"}},{"iob":0.081,"basaliob":0.08,"bolussnooze":0,"activity":0.0012,"lastBolusTime":1703754675154,"time":"2023-12-28T15:06:13.706Z","iobWithZeroTemp":{"iob":-0.392,"basaliob":-0.393,"bolussnooze":0,"activity":-0.0029,"lastBolusTime":1703754675154,"time":"2023-12-28T15:06:13.706Z"}},{"iob":0.075,"basaliob":0.074,"bolussnooze":0,"activity":0.0012,"lastBolusTime":1703754675154,"time":"2023-12-28T15:11:13.706Z","iobWithZeroTemp":{"iob":-0.402,"basaliob":-0.403,"bolussnooze":0,"activity":-0.0029,"lastBolusTime":1703754675154,"time":"2023-12-28T15:11:13.706Z"}},{"iob":0.069,"basaliob":0.068,"bolussnooze":0,"activity":0.0011,"lastBolusTime":1703754675154,"time":"2023-12-28T15:16:13.706Z","iobWithZeroTemp":{"iob":-0.412,"basaliob":-0.413,"bolussnooze":0,"activity":-0.0031,"lastBolusTime":1703754675154,"time":"2023-12-28T15:16:13.706Z"}},{"iob":0.064,"basaliob":0.063,"bolussnooze":0,"activity":0.001,"lastBolusTime":1703754675154,"time":"2023-12-28T15:21:13.706Z","iobWithZeroTemp":{"iob":-0.421,"basaliob":-0.422,"bolussnooze":0,"activity":-0.0033,"lastBolusTime":1703754675154,"time":"2023-12-28T15:21:13.706Z"}},{"iob":0.059,"basaliob":0.058,"bolussnooze":0,"activity":9.0E-4,"lastBolusTime":1703754675154,"time":"2023-12-28T15:26:13.706Z","iobWithZeroTemp":{"iob":-0.43,"basaliob":-0.431,"bolussnooze":0,"activity":-0.0034,"lastBolusTime":1703754675154,"time":"2023-12-28T15:26:13.706Z"}},{"iob":0.055,"basaliob":0.054,"bolussnooze":0,"activity":9.0E-4,"lastBolusTime":1703754675154,"time":"2023-12-28T15:31:13.706Z","iobWithZeroTemp":{"iob":-0.437,"basaliob":-0.438,"bolussnooze":0,"activity":-0.0035,"lastBolusTime":1703754675154,"time":"2023-12-28T15:31:13.706Z"}},{"iob":0.051,"basaliob":0.05,"bolussnooze":0,"activity":8.0E-4,"lastBolusTime":1703754675154,"time":"2023-12-28T15:36:13.706Z","iobWithZeroTemp":{"iob":-0.444,"basaliob":-0.445,"bolussnooze":0,"activity":-0.0036,"lastBolusTime":1703754675154,"time":"2023-12-28T15:36:13.706Z"}},{"iob":0.047,"basaliob":0.046,"bolussnooze":0,"activity":8.0E-4,"lastBolusTime":1703754675154,"time":"2023-12-28T15:41:13.706Z","iobWithZeroTemp":{"iob":-0.451,"basaliob":-0.452,"bolussnooze":0,"activity":-0.0037,"lastBolusTime":1703754675154,"time":"2023-12-28T15:41:13.706Z"}},{"iob":0.042,"basaliob":0.042,"bolussnooze":0,"activity":7.0E-4,"lastBolusTime":1703754675154,"time":"2023-12-28T15:46:13.706Z","iobWithZeroTemp":{"iob":-0.458,"basaliob":-0.458,"bolussnooze":0,"activity":-0.0038,"lastBolusTime":1703754675154,"time":"2023-12-28T15:46:13.706Z"}},{"iob":0.039,"basaliob":0.039,"bolussnooze":0,"activity":6.0E-4,"lastBolusTime":1703754675154,"time":"2023-12-28T15:51:13.706Z","iobWithZeroTemp":{"iob":-0.464,"basaliob":-0.464,"bolussnooze":0,"activity":-0.0039,"lastBolusTime":1703754675154,"time":"2023-12-28T15:51:13.706Z"}},{"iob":0.036,"basaliob":0.036,"bolussnooze":0,"activity":6.0E-4,"lastBolusTime":1703754675154,"time":"2023-12-28T15:56:13.706Z","iobWithZeroTemp":{"iob":-0.469,"basaliob":-0.469,"bolussnooze":0,"activity":-0.004,"lastBolusTime":1703754675154,"time":"2023-12-28T15:56:13.706Z"}},{"iob":0.033,"basaliob":0.033,"bolussnooze":0,"activity":6.0E-4,"lastBolusTime":1703754675154,"time":"2023-12-28T16:01:13.706Z","iobWithZeroTemp":{"iob":-0.474,"basaliob":-0.474,"bolussnooze":0,"activity":-0.004,"lastBolusTime":1703754675154,"time":"2023-12-28T16:01:13.706Z"}},{"iob":0.03,"basaliob":0.03,"bolussnooze":0,"activity":5.0E-4,"lastBolusTime":1703754675154,"time":"2023-12-28T16:06:13.706Z","iobWithZeroTemp":{"iob":-0.487,"basaliob":-0.487,"bolussnooze":0,"activity":-0.0041,"lastBolusTime":1703754675154,"time":"2023-12-28T16:06:13.706Z"}},{"iob":0.028,"basaliob":0.028,"bolussnooze":0,"activity":5.0E-4,"lastBolusTime":1703754675154,"time":"2023-12-28T16:11:13.706Z","iobWithZeroTemp":{"iob":-0.499,"basaliob":-0.499,"bolussnooze":0,"activity":-0.0042,"lastBolusTime":1703754675154,"time":"2023-12-28T16:11:13.706Z"}},{"iob":0.025,"basaliob":0.025,"bolussnooze":0,"activity":4.0E-4,"lastBolusTime":1703754675154,"time":"2023-12-28T16:16:13.706Z","iobWithZeroTemp":{"iob":-0.512,"basaliob":-0.512,"bolussnooze":0,"activity":-0.0043,"lastBolusTime":1703754675154,"time":"2023-12-28T16:16:13.706Z"}}],"profile":{"max_iob":4,"type":"current","max_daily_basal":0.5,"max_basal":1.2,"min_bg":100.8,"max_bg":100.8,"target_bg":100.8,"carb_ratio":30,"sens":126,"max_daily_safety_multiplier":3,"current_basal_safety_multiplier":4,"lgsThreshold":65,"high_temptarget_raises_sensitivity":false,"low_temptarget_lowers_sensitivity":false,"sensitivity_raises_target":true,"resistance_lowers_target":true,"adv_target_adjustments":false,"exercise_mode":false,"half_basal_exercise_target":160,"maxCOB":120,"skip_neutral_temps":false,"remainingCarbsCap":90,"enableUAM":true,"A52_risk_enable":false,"SMBInterval":3,"enableSMB_with_COB":true,"enableSMB_with_temptarget":true,"allowSMB_with_high_temptarget":false,"enableSMB_always":false,"enableSMB_after_carbs":false,"maxSMBBasalMinutes":75,"maxUAMSMBBasalMinutes":75,"bolus_increment":0.05,"carbsReqThreshold":10,"current_basal":0.3,"temptargetSet":false,"autosens_max":1.2,"autosens_min":0.7,"out_units":"mmol\/L","variable_sens":108,"insulinDivisor":65,"TDD":11.826047619047618},"autosens_data":{"ratio":1},"meal_data":{"carbs":0,"mealCOB":0,"slopeFromMaxDeviation":-3.8362000000000003,"slopeFromMinDeviation":0.2292727272727273,"lastBolusTime":1703754675154,"lastCarbTime":0},"microBolusAllowed":true,"currentTime":1703766075126,"flatBGsDetected":false,"tdd1D":11.195833333333328,"tdd7D":12.08690476190476,"tddLast24H":13.225,"tddLast4H":1.9625000000000004,"tddLast8to4H":2.191666666666667},"output":{"temp":"absolute","bg":201,"tick":-6,"eventualBG":175,"targetBG":100.8,"insulinReq":0,"deliverAt":"2023-12-28T12:21:15.126Z","sensitivityRatio":1,"variable_sens":108,"predBGs":{"IOB":[201,196,190,185,180,175,171,167,163,159,156,153,150,147,145,142,140,138,136,133,131,129,127,126,124,122,121,119,118,117,115,114,113,112,111,110,109,109,108,107,107,106,105,105,105,104,104,103],"ZT":[201,199,197,195,192,190,187,185,183,181,179,177,175,174,173,171,170,170,169,169,168,168,168,169,169,170,171,171]},"reason":"COB: 0, Dev: 2.2, BGI: -0.1, ISF: 6.0, CR: 30, Target: 5.6, minPredBG 7.6, minGuardBG 5.7, IOBpredBG 5.7; Eventual BG 9.7 > 5.6 but Min. Delta -5.67 < Exp. Delta -0.3; setting current basal of 0.3 as temp. . Setting neutral temp basal of 0.3U\/hr","COB":0,"IOB":0.613,"duration":30,"rate":0.3,"timestamp":"2023-12-28T12:21:15.150Z"}}