{"algorithm":"OpenAPSSMBDynamicISFPlugin","input":{"glucoseStatus":{"glucose":180,"noise":0,"delta":-5.33,"short_avgdelta":-4.37,"long_avgdelta":2.63,"date":1703673900000},"currenttemp":{"temp":"absolute","duration":0,"rate":0},"iob_data":[{"iob":0.57,"basaliob":0.57,"bolussnooze":0,"activity":0.0035,"lastBolusTime":0,"time":"2023-12-27T10:46:11.685Z","iobWithZeroTemp":{"iob":0.57,"basaliob":0.57,"bolussnooze":0,"activity":0.0035,"lastBolusTime":0,"time":"2023-12-27T10:46:11.685Z"}},{"iob":0.552,"basaliob":0.552,"bolussnooze":0,"activity":0.0038,"lastBolusTime":0,"time":"2023-12-27T10:51:11.685Z","iobWithZeroTemp":{"iob":0.532,"basaliob":0.532,"bolussnooze":0,"activity":0.0038,"lastBolusTime":0,"time":"2023-12-27T10:51:11.685Z"}},{"iob":0.532,"basaliob":0.532,"bolussnooze":0,"activity":0.004,"lastBolusTime":0,"time":"2023-12-27T10:56:11.685Z","iobWithZeroTemp":{"iob":0.487,"basaliob":0.487,"bolussnooze":0,"activity":0.0039,"lastBolusTime":0,"time":"2023-12-27T10:56:11.685Z"}},{"iob":0.512,"basaliob":0.512,"bolussnooze":0,"activity":0.0042,"lastBolusTime":0,"time":"2023-12-27T11:01:11.685Z","iobWithZeroTemp":{"iob":0.443,"basaliob":0.443,"bolussnooze":0,"activity":0.0041,"lastBolusTime":0,"time":"2023-12-27T11:01:11.685Z"}},{"iob":0.491,"basaliob":0.491,"bolussnooze":0,"activity":0.0043,"lastBolusTime":0,"time":"2023-12-27T11:06:11.685Z","iobWithZeroTemp":{"iob":0.398,"basaliob":0.398,"bolussnooze":0,"activity":0.0041,"lastBolusTime":0,"time":"2023-12-27T11:06:11.685Z"}},{"iob":0.469,"basaliob":0.469,"bolussnooze":0,"activity":0.0043,"lastBolusTime":0,"time":"2023-12-27T11:11:11.685Z","iobWithZeroTemp":{"iob":0.352,"basaliob":0.352,"bolussnooze":0,"activity":0.0039,"lastBolusTime":0,"time":"2023-12-27T11:11:11.685Z"}},{"iob":0.448,"basaliob":0.448,"bolussnooze":0,"activity":0.0043,"lastBolusTime":0,"time":"2023-12-27T11:16:11.685Z","iobWithZeroTemp":{"iob":0.308,"basaliob":0.308,"bolussnooze":0,"activity":0.0038,"lastBolusTime":0,"time":"2023-12-27T11:16:11.685Z"}},{"iob":0.426,"basaliob":0.426,"bolussnooze":0,"activity":0.0043,"lastBolusTime":0,"time":"2023-12-27T11:21:11.685Z","iobWithZeroTemp":{"iob":0.264,"basaliob":0.264,"bolussnooze":0,"activity":0.0036,"lastBolusTime":0,"time":"2023-12-27T11:21:11.685Z"}},{"iob":0.405,"basaliob":0.405,"bolussnooze":0,"activity":0.0042,"lastBolusTime":0,"time":"2023-12-27T11:26:11.685Z","iobWithZeroTemp":{"iob":0.222,"basaliob":0.222,"bolussnooze":0,"activity":0.0034,"lastBolusTime":0,"time":"2023-12-27T11:26:11.685Z"}},{"iob":0.384,"basaliob":0.384,"bolussnooze":0,"activity":0.0041,"lastBolusTime":0,"time":"2023-12-27T11:31:11.685Z","iobWithZeroTemp":{"iob":0.18,"basaliob":0.18,"bolussnooze":0,"activity":0.0031,"lastBolusTime":0,"time":"2023-12-27T11:31:11.685Z"}},{"iob":0.364,"basaliob":0.364,"bolussnooze":0,"activity":0.004,"lastBolusTime":0,"time":"2023-12-27T11:36:11.685Z","iobWithZeroTemp":{"iob":0.141,"basaliob":0.141,"bolussnooze":0,"activity":0.0028,"lastBolusTime":0,"time":"2023-12-27T11:36:11.685Z"}},{"iob":0.344,"basaliob":0.344,"bolussnooze":0,"activity":0.0039,"lastBolusTime":0,"time":"2023-12-27T11:41:11.685Z","iobWithZeroTemp":{"iob":0.102,"basaliob":0.102,"bolussnooze":0,"activity":0.0026,"lastBolusTime":0,"time":"2023-12-27T11:41:11.685Z"}},{"iob":0.324,"basaliob":0.324,"bolussnooze":0,"activity":0.0038,"lastBolusTime":0,"time":"2023-12-27T11:46:11.685Z","iobWithZeroTemp":{"iob":0.064,"basaliob":0.064,"bolussnooze":0,"activity":0.0023,"lastBolusTime":0,"time":"2023-12-27T11:46:11.685Z"}},{"iob":0.306,"basaliob":0.306,"bolussnooze":0,"activity":0.0037,"lastBolusTime":0,"time":"2023-12-27T11:51:11.685Z","iobWithZeroTemp":{"iob":0.029,"basaliob":0.029,"bolussnooze":0,"activity":0.002,"lastBolusTime":0,"time":"2023-12-27T11:51:11.685Z"}},{"iob":0.288,"basaliob":0.288,"bolussnooze":0,"activity":0.0035,"lastBolusTime":0,"time":"2023-12-27T11:56:11.685Z","iobWithZeroTemp":{"iob":-0.006,"basaliob":-0.006,"bolussnooze":0,"activity":0.0017,"lastBolusTime":0,"time":"2023-12-27T11:56:11.685Z"}},{"iob":0.271,"basaliob":0.271,"bolussnooze":0,"activity":0.0034,"lastBolusTime":0,"time":"2023-12-27T12:01:11.685Z","iobWithZeroTemp":{"iob":-0.038,"basaliob":-0.038,"bolussnooze":0,"activity":0.0014,"lastBolusTime":0,"time":"2023-12-27T12:01:11.685Z"}},{"iob":0.254,"basaliob":0.254,"bolussnooze":0,"activity":0.0032,"lastBolusTime":0,"time":"2023-12-27T12:06:11.685Z","iobWithZeroTemp":{"iob":-0.07,"basaliob":-0.07,"bolussnooze":0,"activity":0.001,"lastBolusTime":0,"time":"2023-12-27T12:06:11.685Z"}},{"iob":0.238,"basaliob":0.238,"bolussnooze":0,"activity":0.0031,"lastBolusTime":0,"time":"2023-12-27T12:11:11.685Z","iobWithZeroTemp":{"iob":-0.099,"basaliob":-0.099,"bolussnooze":0,"activity":8.0E-4,"lastBolusTime":0,"time":"2023-12-27T12:11:11.685Z"}},{"iob":0.223,"basaliob":0.223,"bolussnooze":0,"activity":0.0029,"lastBolusTime":0,"time":"2023-12-27T12:16:11.685Z","iobWithZeroTemp":{"iob":-0.127,"basaliob":-0.127,"bolussnooze":0,"activity":4.0E-4,"lastBolusTime":0,"time":"2023-12-27T12:16:11.685Z"}},{"iob":0.209,"basaliob":0.209,"bolussnooze":0,"activity":0.0028,"lastBolusTime":0,"time":"2023-12-27T12:21:11.685Z","iobWithZeroTemp":{"iob":-0.154,"basaliob":-0.154,"bolussnooze":0,"activity":2.0E-4,"lastBolusTime":0,"time":"2023-12-27T12:21:11.685Z"}},{"iob":0.195,"basaliob":0.195,"bolussnooze":0,"activity":0.0026,"lastBolusTime":0,"time":"2023-12-27T12:26:11.685Z","iobWithZeroTemp":{"iob":-0.179,"basaliob":-0.179,"bolussnooze":0,"activity":-2.0E-4,"lastBolusTime":0,"time":"2023-12-27T12:26:11.685Z"}},{"iob":0.183,"basaliob":0.183,"bolussnooze":0,"activity":0.0025,"lastBolusTime":0,"time":"2023-12-27T12:31:11.685Z","iobWithZeroTemp":{"iob":-0.202,"basaliob":-0.202,"bolussnooze":0,"activity":-4.0E-4,"lastBolusTime":0,"time":"2023-12-27T12:31:11.685Z"}},{"iob":0.17,"basaliob":0.17,"bolussnooze":0,"activity":0.0024,"lastBolusTime":0,"time":"2023-12-27T12:36:11.685Z","iobWithZeroTemp":{"iob":-0.225,"basaliob":-0.225,"bolussnooze":0,"activity":-6.0E-4,"lastBolusTime":0,"time":"2023-12-27T12:36:11.685Z"}},{"iob":0.159,"basaliob":0.159,"bolussnooze":0,"activity":0.0022,"lastBolusTime":0,"time":"2023-12-27T12:41:11.685Z","iobWithZeroTemp":{"iob":-0.246,"basaliob":-0.246,"bolussnooze":0,"activity":-9.0E-4,"lastBolusTime":0,"time":"2023-12-27T12:41:11.685Z"}},{"iob":0.148,"basaliob":0.148,"bolussnooze":0,"activity":0.0021,"lastBolusTime":0,"time":"2023-12-27T12:46:11.685Z","iobWithZeroTemp":{"iob":-0.266,"basaliob":-0.266,"bolussnooze":0,"activity":-0.0012,"lastBolusTime":0,"time":"2023-12-27T12:46:11.685Z"}},{"iob":0.138,"basaliob":0.138,"bolussnooze":0,"activity":0.002,"lastBolusTime":0,"time":"2023-12-27T12:51:11.685Z","iobWithZeroTemp":{"iob":-0.284,"basaliob":-0.284,"bolussnooze":0,"activity":-0.0014,"lastBolusTime":0,"time":"2023-12-27T12:51:11.685Z"}},{"iob":0.128,"basaliob":0.128,"bolussnooze":0,"activity":0.0019,"lastBolusTime":0,"time":"2023-12-27T12:56:11.685Z","iobWithZeroTemp":{"iob":-0.302,"basaliob":-0.302,"bolussnooze":0,"activity":-0.0016,"lastBolusTime":0,"time":"2023-12-27T12:56:11.685Z"}},{"iob":0.119,"basaliob":0.119,"bolussnooze":0,"activity":0.0018,"lastBolusTime":0,"time":"2023-12-27T13:01:11.685Z","iobWithZeroTemp":{"iob":-0.319,"basaliob":-0.319,"bolussnooze":0,"activity":-0.0018,"lastBolusTime":0,"time":"2023-12-27T13:01:11.685Z"}},{"iob":0.111,"basaliob":0.111,"bolussnooze":0,"activity":0.0016,"lastBolusTime":0,"time":"2023-12-27T13:06:11.685Z","iobWithZeroTemp":{"iob":-0.334,"basaliob":-0.334,"bolussnooze":0,"activity":-0.0021,"lastBolusTime":0,"time":"2023-12-27T13:06:11.685Z"}},{"iob":0.103,"basaliob":0.103,"bolussnooze":0,"activity":0.0015,"lastBolusTime":0,"time":"2023-12-27T13:11:11.685Z","iobWithZeroTemp":{"iob":-0.348,"basaliob":-0.348,"bolussnooze":0,"activity":-0.0023,"lastBolusTime":0,"time":"2023-12-27T13:11:11.685Z"}},{"iob":0.095,"basaliob":0.095,"bolussnooze":0,"activity":0.0014,"lastBolusTime":0,"time":"2023-12-27T13:16:11.685Z","iobWithZeroTemp":{"iob":-0.362,"basaliob":-0.362,"bolussnooze":0,"activity":-0.0025,"lastBolusTime":0,"time":"2023-12-27T13:16:11.685Z"}},{"iob":0.088,"basaliob":0.088,"bolussnooze":0,"activity":0.0014,"lastBolusTime":0,"time":"2023-12-27T13:21:11.685Z","iobWithZeroTemp":{"iob":-0.375,"basaliob":-0.375,"bolussnooze":0,"activity":-0.0025,"lastBolusTime":0,"time":"2023-12-27T13:21:11.685Z"}},{"iob":0.082,"basaliob":0.082,"bolussnooze":0,"activity":0.0013,"lastBolusTime":0,"time":"2023-12-27T13:26:11.685Z","iobWithZeroTemp":{"iob":-0.386,"basaliob":-0.386,"bolussnooze":0,"activity":-0.0027,"lastBolusTime":0,"time":"2023-12-27T13:26:11.685Z"}},{"iob":0.075,"basaliob":0.075,"bolussnooze":0,"activity":0.0012,"lastBolusTime":0,"time":"2023-12-27T13:31:11.685Z","iobWithZeroTemp":{"iob":-0.398,"basaliob":-0.398,"bolussnooze":0,"activity":-0.0029,"lastBolusTime":0,"time":"2023-12-27T13:31:11.685Z"}},{"iob":0.07,"basaliob":0.07,"bolussnooze":0,"activity":0.0011,"lastBolusTime":0,"time":"2023-12-27T13:36:11.685Z","iobWithZeroTemp":{"iob":-0.407,"basaliob":-0.407,"bolussnooze":0,"activity":-0.003,"lastBolusTime":0,"time":"2023-12-27T13:36:11.685Z"}},{"iob":0.064,"basaliob":0.064,"bolussnooze":0,"activity":0.001,"lastBolusTime":0,"time":"2023-12-27T13:41:11.685Z","iobWithZeroTemp":{"iob":-0.417,"basaliob":-0.417,"bolussnooze":0,"activity":-0.0032,"lastBolusTime":0,"time":"2023-12-27T13:41:11.685Z"}},{"iob":0.059,"basaliob":0.059,"bolussnooze":0,"activity":0.001,"lastBolusTime":0,"time":"2023-12-27T13:46:11.685Z","iobWithZeroTemp":{"iob":-0.426,"basaliob":-0.426,"bolussnooze":0,"activity":-0.0033,"lastBolusTime":0,"time":"2023-12-27T13:46:11.685Z"}},{"iob":0.055,"basaliob":0.055,"bolussnooze":0,"activity":9.0E-4,"lastBolusTime":0,"time":"2023-12-27T13:51:11.685Z","iobWithZeroTemp":{"iob":-0.434,"basaliob":-0.434,"bolussnooze":0,"activity":-0.0034,"lastBolusTime":0,"time":"2023-12-27T13:51:11.685Z"}},{"iob":0.051,"basaliob":0.051,"bolussnooze":0,"activity":8.0E-4,"lastBolusTime":0,"time":"2023-12-27T13:56:11.685Z","iobWithZeroTemp":{"iob":-0.441,"basaliob":-0.441,"bolussnooze":0,"activity":-0.0036,"lastBolusTime":0,"time":"2023-12-27T13:56:11.685Z"}},{"iob":0.047,"basaliob":0.047,"bolussnooze":0,"activity":8.0E-4,"lastBolusTime":0,"time":"2023-12-27T14:01:11.685Z","iobWithZeroTemp":{"iob":-0.448,"basaliob":-0.448,"bolussnooze":0,"activity":-0.0036,"lastBolusTime":0,"time":"2023-12-27T14:01:11.685Z"}},{"iob":0.043,"basaliob":0.043,"bolussnooze":0,"activity":7.0E-4,"lastBolusTime":0,"time":"2023-12-27T14:06:11.685Z","iobWithZeroTemp":{"iob":-0.455,"basaliob":-0.455,"bolussnooze":0,"activity":-0.0038,"lastBolusTime":0,"time":"2023-12-27T14:06:11.685Z"}},{"iob":0.039,"basaliob":0.039,"bolussnooze":0,"activity":7.0E-4,"lastBolusTime":0,"time":"2023-12-27T14:11:11.685Z","iobWithZeroTemp":{"iob":-0.461,"basaliob":-0.461,"bolussnooze":0,"activity":-0.0038,"lastBolusTime":0,"time":"2023-12-27T14:11:11.685Z"}},{"iob":0.036,"basaliob":0.036,"bolussnooze":0,"activity":6.0E-4,"lastBolusTime":0,"time":"2023-12-27T14:16:11.685Z","iobWithZeroTemp":{"iob":-0.467,"basaliob":-0.467,"bolussnooze":0,"activity":-0.0039,"lastBolusTime":0,"time":"2023-12-27T14:16:11.685Z"}},{"iob":0.033,"basaliob":0.033,"bolussnooze":0,"activity":6.0E-4,"lastBolusTime":0,"time":"2023-12-27T14:21:11.685Z","iobWithZeroTemp":{"iob":-0.472,"basaliob":-0.472,"bolussnooze":0,"activity":-0.004,"lastBolusTime":0,"time":"2023-12-27T14:21:11.685Z"}},{"iob":0.031,"basaliob":0.031,"bolussnooze":0,"activity":5.0E-4,"lastBolusTime":0,"time":"2023-12-27T14:26:11.685Z","iobWithZeroTemp":{"iob":-0.476,"basaliob":-0.476,"bolussnooze":0,"activity":-0.0041,"lastBolusTime":0,"time":"2023-12-27T14:26:11.685Z"}},{"iob":0.028,"basaliob":0.028,"bolussnooze":0,"activity":5.0E-4,"lastBolusTime":0,"time":"2023-12-27T14:31:11.685Z","iobWithZeroTemp":{"iob":-0.481,"basaliob":-0.481,"bolussnooze":0,"activity":-0.0041,"lastBolusTime":0,"time":"2023-12-27T14:31:11.685Z"}},{"iob":0.026,"basaliob":0.026,"bolussnooze":0,"activity":4.0E-4,"lastBolusTime":0,"time":"2023-12-27T14:36:11.685Z","iobWithZeroTemp":{"iob":-0.485,"basaliob":-0.485,"bolussnooze":0,"activity":-0.0043,"lastBolusTime":0,"time":"2023-12-27T14:36:11.685Z"}},{"iob":0.024,"basaliob":0.024,"bolussnooze":0,"activity":4.0E-4,"lastBolusTime":0,"time":"2023-12-27T14:41:11.685Z","iobWithZeroTemp":{"iob":-0.488,"basaliob":-0.488,"bolussnooze":0,"activity":-0.0043,"lastBolusTime":0,"time":"2023-12-27T14:41:11.685Z"}}],"profile":{"max_iob":4,"type":"current","max_daily_basal":0.5,"max_basal":1.2,"min_bg":100.8,"max_bg":100.8,"target_bg":100.8,"carb_ratio":30,"sens":126,"max_daily_safety_multiplier":3,"current_basal_safety_multiplier":4,"lgsThreshold":65,"high_temptarget_raises_sensitivity":false,"low_temptarget_lowers_sensitivity":false,"sensitivity_raises_target":true,"resistance_lowers_target":true,"adv_target_adjustments":false,"exercise_mode":false,"half_basal_exercise_target":160,"maxCOB":120,"skip_neutral_temps":false,"remainingCarbsCap":90,"enableUAM":true,"A52_risk_enable":false,"SMBInterval":3,"enableSMB_with_COB":true,"enableSMB_with_temptarget":true,"allowSMB_with_high_temptarget":false,"enableSMB_always":false,"enableSMB_after_carbs":false,"maxSMBBasalMinutes":75,"maxUAMSMBBasalMinutes":75,"bolus_increment":0.05,"carbsReqThreshold":10,"current_basal":0.3,"temptargetSet":false,"autosens_max":1.2,"autosens_min":0.7,"out_units":"mmol\/L","variable_sens":111.6,"insulinDivisor":65,"TDD":12.151679761904763},"autosens_data":{"ratio":1},"meal_data":{"carbs":0,"mealCOB":0,"slopeFromMaxDeviation":-3.5508,"slopeFromMinDeviation":0,"lastBolusTime":1703594420788,"lastCarbTime":0},"microBolusAllowed":true,"currentTime":1703673973202,"flatBGsDetected":false,"tdd1D":15.216666666666669,"tdd7D":11.563690476190475,"tddLast24H":10.179166666666656,"tddLast4H":1.7666666666666673,"tddLast8to4H":1.2624999999999997},"output":{"temp":"absolute","bg":180,"tick":-5,"eventualBG":143,"targetBG":100.8,"insulinReq":0,"deliverAt":"2023-12-27T10:46:13.202Z","sensitivityRatio":1,"variable_sens":111.6,"predBGs":{"IOB":[180,175,170,165,160,156,152,147,144,140,137,134,131,129,126,124,122,119,117,115,113,111,109,107,106,104,103,101,100,98,97,96,95,94,93,92,91,90,90,89,88,88,87,86,86,85],"ZT":[180,178,176,174,171,169,167,165,162,160,159,157,155,154,153,152,151,150,150,149,149,149,150,150,151,151]},"reason":"COB: 0, Dev: 1.5, BGI: -0.1, ISF: 6.2, CR: 30, Target: 5.6, minPredBG 6.5, minGuardBG 4.7, IOBpredBG 4.7; Eventual BG 7.9 > 5.6 but Min. Delta -5.33 < Exp. Delta -0.2; setting current basal of 0.3 as temp. . Setting neutral temp basal of 0.3U\/hr","COB":0,"IOB":0.57,"duration":30,"rate":0.3,"timestamp":"2023-12-27T10:46:13.247Z"}}