{"algorithm":"OpenAPSSMBDynamicISFPlugin","input":{"glucoseStatus":{"glucose":148,"noise":0,"delta":0,"short_avgdelta":-0.04,"long_avgdelta":-0.41,"date":1703628620280},"currenttemp":{"temp":"absolute","duration":15,"rate":0.7,"minutesrunning":15},"iob_data":[{"iob":0.423,"basaliob":0.423,"bolussnooze":0,"activity":0.0038,"lastBolusTime":0,"time":"2023-12-26T22:11:10.957Z","iobWithZeroTemp":{"iob":0.423,"basaliob":0.423,"bolussnooze":0,"activity":0.0038,"lastBolusTime":0,"time":"2023-12-26T22:11:10.957Z"}},{"iob":0.403,"basaliob":0.403,"bolussnooze":0,"activity":0.0038,"lastBolusTime":0,"time":"2023-12-26T22:16:10.957Z","iobWithZeroTemp":{"iob":0.37,"basaliob":0.37,"bolussnooze":0,"activity":0.0038,"lastBolusTime":0,"time":"2023-12-26T22:16:10.957Z"}},{"iob":0.384,"basaliob":0.384,"bolussnooze":0,"activity":0.0038,"lastBolusTime":0,"time":"2023-12-26T22:21:10.957Z","iobWithZeroTemp":{"iob":0.309,"basaliob":0.309,"bolussnooze":0,"activity":0.0037,"lastBolusTime":0,"time":"2023-12-26T22:21:10.957Z"}},{"iob":0.365,"basaliob":0.365,"bolussnooze":0,"activity":0.0038,"lastBolusTime":0,"time":"2023-12-26T22:26:10.957Z","iobWithZeroTemp":{"iob":0.249,"basaliob":0.249,"bolussnooze":0,"activity":0.0036,"lastBolusTime":0,"time":"2023-12-26T22:26:10.957Z"}},{"iob":0.347,"basaliob":0.347,"bolussnooze":0,"activity":0.0037,"lastBolusTime":0,"time":"2023-12-26T22:31:10.957Z","iobWithZeroTemp":{"iob":0.191,"basaliob":0.191,"bolussnooze":0,"activity":0.0033,"lastBolusTime":0,"time":"2023-12-26T22:31:10.957Z"}},{"iob":0.329,"basaliob":0.329,"bolussnooze":0,"activity":0.0036,"lastBolusTime":0,"time":"2023-12-26T22:36:10.957Z","iobWithZeroTemp":{"iob":0.134,"basaliob":0.134,"bolussnooze":0,"activity":0.003,"lastBolusTime":0,"time":"2023-12-26T22:36:10.957Z"}},{"iob":0.311,"basaliob":0.311,"bolussnooze":0,"activity":0.0035,"lastBolusTime":0,"time":"2023-12-26T22:41:10.957Z","iobWithZeroTemp":{"iob":0.078,"basaliob":0.078,"bolussnooze":0,"activity":0.0027,"lastBolusTime":0,"time":"2023-12-26T22:41:10.957Z"}},{"iob":0.293,"basaliob":0.293,"bolussnooze":0,"activity":0.0034,"lastBolusTime":0,"time":"2023-12-26T22:46:10.957Z","iobWithZeroTemp":{"iob":0.023,"basaliob":0.023,"bolussnooze":0,"activity":0.0023,"lastBolusTime":0,"time":"2023-12-26T22:46:10.957Z"}},{"iob":0.277,"basaliob":0.277,"bolussnooze":0,"activity":0.0033,"lastBolusTime":0,"time":"2023-12-26T22:51:10.957Z","iobWithZeroTemp":{"iob":-0.028,"basaliob":-0.028,"bolussnooze":0,"activity":0.0019,"lastBolusTime":0,"time":"2023-12-26T22:51:10.957Z"}},{"iob":0.261,"basaliob":0.261,"bolussnooze":0,"activity":0.0032,"lastBolusTime":0,"time":"2023-12-26T22:56:10.957Z","iobWithZeroTemp":{"iob":-0.078,"basaliob":-0.078,"bolussnooze":0,"activity":0.0016,"lastBolusTime":0,"time":"2023-12-26T22:56:10.957Z"}},{"iob":0.245,"basaliob":0.245,"bolussnooze":0,"activity":0.003,"lastBolusTime":0,"time":"2023-12-26T23:01:10.957Z","iobWithZeroTemp":{"iob":-0.127,"basaliob":-0.127,"bolussnooze":0,"activity":0.0011,"lastBolusTime":0,"time":"2023-12-26T23:01:10.957Z"}},{"iob":0.23,"basaliob":0.23,"bolussnooze":0,"activity":0.0029,"lastBolusTime":0,"time":"2023-12-26T23:06:10.957Z","iobWithZeroTemp":{"iob":-0.153,"basaliob":-0.153,"bolussnooze":0,"activity":7.0E-4,"lastBolusTime":0,"time":"2023-12-26T23:06:10.957Z"}},{"iob":0.216,"basaliob":0.216,"bolussnooze":0,"activity":0.0028,"lastBolusTime":0,"time":"2023-12-26T23:11:10.957Z","iobWithZeroTemp":{"iob":-0.177,"basaliob":-0.177,"bolussnooze":0,"activity":4.0E-4,"lastBolusTime":0,"time":"2023-12-26T23:11:10.957Z"}},{"iob":0.203,"basaliob":0.203,"bolussnooze":0,"activity":0.0026,"lastBolusTime":0,"time":"2023-12-26T23:16:10.957Z","iobWithZeroTemp":{"iob":-0.198,"basaliob":-0.198,"bolussnooze":0,"activity":0,"lastBolusTime":0,"time":"2023-12-26T23:16:10.957Z"}},{"iob":0.19,"basaliob":0.19,"bolussnooze":0,"activity":0.0025,"lastBolusTime":0,"time":"2023-12-26T23:21:10.957Z","iobWithZeroTemp":{"iob":-0.219,"basaliob":-0.219,"bolussnooze":0,"activity":-3.0E-4,"lastBolusTime":0,"time":"2023-12-26T23:21:10.957Z"}},{"iob":0.177,"basaliob":0.177,"bolussnooze":0,"activity":0.0024,"lastBolusTime":0,"time":"2023-12-26T23:26:10.957Z","iobWithZeroTemp":{"iob":-0.238,"basaliob":-0.238,"bolussnooze":0,"activity":-6.0E-4,"lastBolusTime":0,"time":"2023-12-26T23:26:10.957Z"}},{"iob":0.166,"basaliob":0.166,"bolussnooze":0,"activity":0.0023,"lastBolusTime":0,"time":"2023-12-26T23:31:10.957Z","iobWithZeroTemp":{"iob":-0.255,"basaliob":-0.255,"bolussnooze":0,"activity":-9.0E-4,"lastBolusTime":0,"time":"2023-12-26T23:31:10.957Z"}},{"iob":0.155,"basaliob":0.155,"bolussnooze":0,"activity":0.0021,"lastBolusTime":0,"time":"2023-12-26T23:36:10.957Z","iobWithZeroTemp":{"iob":-0.27,"basaliob":-0.27,"bolussnooze":0,"activity":-0.0012,"lastBolusTime":0,"time":"2023-12-26T23:36:10.957Z"}},{"iob":0.144,"basaliob":0.144,"bolussnooze":0,"activity":0.002,"lastBolusTime":0,"time":"2023-12-26T23:41:10.957Z","iobWithZeroTemp":{"iob":-0.286,"basaliob":-0.286,"bolussnooze":0,"activity":-0.0014,"lastBolusTime":0,"time":"2023-12-26T23:41:10.957Z"}},{"iob":0.134,"basaliob":0.134,"bolussnooze":0,"activity":0.0019,"lastBolusTime":0,"time":"2023-12-26T23:46:10.957Z","iobWithZeroTemp":{"iob":-0.299,"basaliob":-0.299,"bolussnooze":0,"activity":-0.0016,"lastBolusTime":0,"time":"2023-12-26T23:46:10.957Z"}},{"iob":0.125,"basaliob":0.125,"bolussnooze":0,"activity":0.0018,"lastBolusTime":0,"time":"2023-12-26T23:51:10.957Z","iobWithZeroTemp":{"iob":-0.311,"basaliob":-0.311,"bolussnooze":0,"activity":-0.0018,"lastBolusTime":0,"time":"2023-12-26T23:51:10.957Z"}},{"iob":0.116,"basaliob":0.116,"bolussnooze":0,"activity":0.0017,"lastBolusTime":0,"time":"2023-12-26T23:56:10.957Z","iobWithZeroTemp":{"iob":-0.323,"basaliob":-0.323,"bolussnooze":0,"activity":-0.002,"lastBolusTime":0,"time":"2023-12-26T23:56:10.957Z"}},{"iob":0.108,"basaliob":0.108,"bolussnooze":0,"activity":0.0016,"lastBolusTime":0,"time":"2023-12-27T00:01:10.957Z","iobWithZeroTemp":{"iob":-0.333,"basaliob":-0.333,"bolussnooze":0,"activity":-0.0022,"lastBolusTime":0,"time":"2023-12-27T00:01:10.957Z"}},{"iob":0.101,"basaliob":0.101,"bolussnooze":0,"activity":0.0015,"lastBolusTime":0,"time":"2023-12-27T00:06:10.957Z","iobWithZeroTemp":{"iob":-0.342,"basaliob":-0.342,"bolussnooze":0,"activity":-0.0023,"lastBolusTime":0,"time":"2023-12-27T00:06:10.957Z"}},{"iob":0.093,"basaliob":0.093,"bolussnooze":0,"activity":0.0014,"lastBolusTime":0,"time":"2023-12-27T00:11:10.957Z","iobWithZeroTemp":{"iob":-0.351,"basaliob":-0.351,"bolussnooze":0,"activity":-0.0025,"lastBolusTime":0,"time":"2023-12-27T00:11:10.957Z"}},{"iob":0.087,"basaliob":0.087,"bolussnooze":0,"activity":0.0013,"lastBolusTime":0,"time":"2023-12-27T00:16:10.957Z","iobWithZeroTemp":{"iob":-0.359,"basaliob":-0.359,"bolussnooze":0,"activity":-0.0026,"lastBolusTime":0,"time":"2023-12-27T00:16:10.957Z"}},{"iob":0.08,"basaliob":0.08,"bolussnooze":0,"activity":0.0012,"lastBolusTime":0,"time":"2023-12-27T00:21:10.957Z","iobWithZeroTemp":{"iob":-0.367,"basaliob":-0.367,"bolussnooze":0,"activity":-0.0028,"lastBolusTime":0,"time":"2023-12-27T00:21:10.957Z"}},{"iob":0.074,"basaliob":0.074,"bolussnooze":0,"activity":0.0011,"lastBolusTime":0,"time":"2023-12-27T00:26:10.957Z","iobWithZeroTemp":{"iob":-0.374,"basaliob":-0.374,"bolussnooze":0,"activity":-0.0029,"lastBolusTime":0,"time":"2023-12-27T00:26:10.957Z"}},{"iob":0.069,"basaliob":0.069,"bolussnooze":0,"activity":0.0011,"lastBolusTime":0,"time":"2023-12-27T00:31:10.957Z","iobWithZeroTemp":{"iob":-0.379,"basaliob":-0.379,"bolussnooze":0,"activity":-0.003,"lastBolusTime":0,"time":"2023-12-27T00:31:10.957Z"}},{"iob":0.064,"basaliob":0.064,"bolussnooze":0,"activity":0.001,"lastBolusTime":0,"time":"2023-12-27T00:36:10.957Z","iobWithZeroTemp":{"iob":-0.385,"basaliob":-0.385,"bolussnooze":0,"activity":-0.0031,"lastBolusTime":0,"time":"2023-12-27T00:36:10.957Z"}},{"iob":0.059,"basaliob":0.059,"bolussnooze":0,"activity":9.0E-4,"lastBolusTime":0,"time":"2023-12-27T00:41:10.957Z","iobWithZeroTemp":{"iob":-0.39,"basaliob":-0.39,"bolussnooze":0,"activity":-0.0032,"lastBolusTime":0,"time":"2023-12-27T00:41:10.957Z"}},{"iob":0.054,"basaliob":0.054,"bolussnooze":0,"activity":9.0E-4,"lastBolusTime":0,"time":"2023-12-27T00:46:10.957Z","iobWithZeroTemp":{"iob":-0.395,"basaliob":-0.395,"bolussnooze":0,"activity":-0.0032,"lastBolusTime":0,"time":"2023-12-27T00:46:10.957Z"}},{"iob":0.05,"basaliob":0.05,"bolussnooze":0,"activity":8.0E-4,"lastBolusTime":0,"time":"2023-12-27T00:51:10.957Z","iobWithZeroTemp":{"iob":-0.399,"basaliob":-0.399,"bolussnooze":0,"activity":-0.0034,"lastBolusTime":0,"time":"2023-12-27T00:51:10.957Z"}},{"iob":0.046,"basaliob":0.046,"bolussnooze":0,"activity":8.0E-4,"lastBolusTime":0,"time":"2023-12-27T00:56:10.957Z","iobWithZeroTemp":{"iob":-0.403,"basaliob":-0.403,"bolussnooze":0,"activity":-0.0034,"lastBolusTime":0,"time":"2023-12-27T00:56:10.957Z"}},{"iob":0.042,"basaliob":0.042,"bolussnooze":0,"activity":7.0E-4,"lastBolusTime":0,"time":"2023-12-27T01:01:10.957Z","iobWithZeroTemp":{"iob":-0.407,"basaliob":-0.407,"bolussnooze":0,"activity":-0.0035,"lastBolusTime":0,"time":"2023-12-27T01:01:10.957Z"}},{"iob":0.039,"basaliob":0.039,"bolussnooze":0,"activity":6.0E-4,"lastBolusTime":0,"time":"2023-12-27T01:06:10.957Z","iobWithZeroTemp":{"iob":-0.41,"basaliob":-0.41,"bolussnooze":0,"activity":-0.0036,"lastBolusTime":0,"time":"2023-12-27T01:06:10.957Z"}},{"iob":0.036,"basaliob":0.036,"bolussnooze":0,"activity":6.0E-4,"lastBolusTime":0,"time":"2023-12-27T01:11:10.957Z","iobWithZeroTemp":{"iob":-0.413,"basaliob":-0.413,"bolussnooze":0,"activity":-0.0036,"lastBolusTime":0,"time":"2023-12-27T01:11:10.957Z"}},{"iob":0.033,"basaliob":0.033,"bolussnooze":0,"activity":6.0E-4,"lastBolusTime":0,"time":"2023-12-27T01:16:10.957Z","iobWithZeroTemp":{"iob":-0.416,"basaliob":-0.416,"bolussnooze":0,"activity":-0.0036,"lastBolusTime":0,"time":"2023-12-27T01:16:10.957Z"}},{"iob":0.03,"basaliob":0.03,"bolussnooze":0,"activity":5.0E-4,"lastBolusTime":0,"time":"2023-12-27T01:21:10.957Z","iobWithZeroTemp":{"iob":-0.419,"basaliob":-0.419,"bolussnooze":0,"activity":-0.0037,"lastBolusTime":0,"time":"2023-12-27T01:21:10.957Z"}},{"iob":0.028,"basaliob":0.028,"bolussnooze":0,"activity":5.0E-4,"lastBolusTime":0,"time":"2023-12-27T01:26:10.957Z","iobWithZeroTemp":{"iob":-0.421,"basaliob":-0.421,"bolussnooze":0,"activity":-0.0037,"lastBolusTime":0,"time":"2023-12-27T01:26:10.957Z"}},{"iob":0.026,"basaliob":0.026,"bolussnooze":0,"activity":4.0E-4,"lastBolusTime":0,"time":"2023-12-27T01:31:10.957Z","iobWithZeroTemp":{"iob":-0.422,"basaliob":-0.422,"bolussnooze":0,"activity":-0.0038,"lastBolusTime":0,"time":"2023-12-27T01:31:10.957Z"}},{"iob":0.023,"basaliob":0.023,"bolussnooze":0,"activity":4.0E-4,"lastBolusTime":0,"time":"2023-12-27T01:36:10.957Z","iobWithZeroTemp":{"iob":-0.425,"basaliob":-0.425,"bolussnooze":0,"activity":-0.0038,"lastBolusTime":0,"time":"2023-12-27T01:36:10.957Z"}},{"iob":0.022,"basaliob":0.022,"bolussnooze":0,"activity":4.0E-4,"lastBolusTime":0,"time":"2023-12-27T01:41:10.957Z","iobWithZeroTemp":{"iob":-0.426,"basaliob":-0.426,"bolussnooze":0,"activity":-0.0038,"lastBolusTime":0,"time":"2023-12-27T01:41:10.957Z"}},{"iob":0.02,"basaliob":0.02,"bolussnooze":0,"activity":3.0E-4,"lastBolusTime":0,"time":"2023-12-27T01:46:10.957Z","iobWithZeroTemp":{"iob":-0.428,"basaliob":-0.428,"bolussnooze":0,"activity":-0.0039,"lastBolusTime":0,"time":"2023-12-27T01:46:10.957Z"}},{"iob":0.018,"basaliob":0.018,"bolussnooze":0,"activity":3.0E-4,"lastBolusTime":0,"time":"2023-12-27T01:51:10.957Z","iobWithZeroTemp":{"iob":-0.429,"basaliob":-0.429,"bolussnooze":0,"activity":-0.0039,"lastBolusTime":0,"time":"2023-12-27T01:51:10.957Z"}},{"iob":0.016,"basaliob":0.016,"bolussnooze":0,"activity":3.0E-4,"lastBolusTime":0,"time":"2023-12-27T01:56:10.957Z","iobWithZeroTemp":{"iob":-0.431,"basaliob":-0.431,"bolussnooze":0,"activity":-0.0039,"lastBolusTime":0,"time":"2023-12-27T01:56:10.957Z"}},{"iob":0.015,"basaliob":0.015,"bolussnooze":0,"activity":3.0E-4,"lastBolusTime":0,"time":"2023-12-27T02:01:10.957Z","iobWithZeroTemp":{"iob":-0.432,"basaliob":-0.432,"bolussnooze":0,"activity":-0.0039,"lastBolusTime":0,"time":"2023-12-27T02:01:10.957Z"}},{"iob":0.014,"basaliob":0.014,"bolussnooze":0,"activity":3.0E-4,"lastBolusTime":0,"time":"2023-12-27T02:06:10.957Z","iobWithZeroTemp":{"iob":-0.432,"basaliob":-0.432,"bolussnooze":0,"activity":-0.0039,"lastBolusTime":0,"time":"2023-12-27T02:06:10.957Z"}}],"profile":{"max_iob":4,"type":"current","max_daily_basal":0.5,"max_basal":1.5,"min_bg":90,"max_bg":90,"target_bg":90,"carb_ratio":20,"sens":117,"max_daily_safety_multiplier":3,"current_basal_safety_multiplier":4,"lgsThreshold":65,"high_temptarget_raises_sensitivity":false,"low_temptarget_lowers_sensitivity":false,"sensitivity_raises_target":true,"resistance_lowers_target":true,"adv_target_adjustments":false,"exercise_mode":false,"half_basal_exercise_target":160,"maxCOB":120,"skip_neutral_temps":false,"remainingCarbsCap":90,"enableUAM":true,"A52_risk_enable":false,"SMBInterval":3,"enableSMB_with_COB":true,"enableSMB_with_temptarget":true,"allowSMB_with_high_temptarget":false,"enableSMB_always":false,"enableSMB_after_carbs":false,"maxSMBBasalMinutes":75,"maxUAMSMBBasalMinutes":75,"bolus_increment":0.05,"carbsReqThreshold":10,"current_basal":0.5,"temptargetSet":false,"autosens_max":1.2,"autosens_min":0.7,"out_units":"mmol\/L","variable_sens":133.5,"insulinDivisor":65,"TDD":11.357799999999997},"autosens_data":{"ratio":1},"meal_data":{"carbs":0,"mealCOB":0,"slopeFromMaxDeviation":-0.13127272727272726,"slopeFromMinDeviation":0.41800000000000004,"lastBolusTime":1703594420788,"lastCarbTime":0},"microBolusAllowed":true,"currentTime":1703628672447,"flatBGsDetected":false,"tdd1D":11.525,"tdd7D":10.149999999999997,"tddLast24H":15.829166666666666,"tddLast4H":2.3624999999999994,"tddLast8to4H":1.3958333333333335},"output":{"temp":"absolute","bg":148,"tick":"+0","eventualBG":110,"targetBG":90,"insulinReq":0.14,"deliverAt":"2023-12-26T22:11:12.447Z","sensitivityRatio":1,"variable_sens":133.5,"predBGs":{"IOB":[148,148,147,147,146,145,144,142,141,139,137,135,133,131,129,128,126,124,123,121,120,118,117,116,115,114,113,112,111,110,109,108,108,107,106,106,105,105,104,104,103,103,103,102,102,102,102,101],"ZT":[148,145,143,140,138,136,133,132,130,129,127,127,126,126,126,126,126],"UAM":[148,148,148,147,146,146,145,144,143,142,141,140,139,138,136,135,134,132,130,129,128,126,125,124,123,122,121,120,119,118,117,117,116,115,115,114,114,113,113,112,112,112,111,111,111,111,110]},"reason":"COB: 0, Dev: 0.8, BGI: -0.1, ISF: 7.4, CR: 20, Target: 5.0, minPredBG 6.6, minGuardBG 6.1, IOBpredBG 5.6, UAMpredBG 6.1; Eventual BG 6.1 >= 5.0, temp 0.70 < 0.78U\/hr. ","COB":0,"IOB":0.423,"duration":30,"rate":0.78,"timestamp":"2023-12-26T22:11:12.473Z"}}