{"algorithm":"OpenAPSSMBDynamicISFPlugin","input":{"glucoseStatus":{"glucose":149,"noise":0,"delta":-3.11,"short_avgdelta":-3.11,"long_avgdelta":1.72,"date":1703778622431},"currenttemp":{"temp":"absolute","duration":55,"rate":0,"minutesrunning":5},"iob_data":[{"iob":0.422,"basaliob":0.422,"bolussnooze":0,"activity":0.003,"lastBolusTime":1703754675154,"time":"2023-12-28T15:51:12.946Z","iobWithZeroTemp":{"iob":0.422,"basaliob":0.422,"bolussnooze":0,"activity":0.003,"lastBolusTime":1703754675154,"time":"2023-12-28T15:51:12.946Z"}},{"iob":0.407,"basaliob":0.407,"bolussnooze":0,"activity":0.0032,"lastBolusTime":1703754675154,"time":"2023-12-28T15:56:12.946Z","iobWithZeroTemp":{"iob":0.387,"basaliob":0.387,"bolussnooze":0,"activity":0.0032,"lastBolusTime":1703754675154,"time":"2023-12-28T15:56:12.946Z"}},{"iob":0.391,"basaliob":0.391,"bolussnooze":0,"activity":0.0033,"lastBolusTime":1703754675154,"time":"2023-12-28T16:01:12.946Z","iobWithZeroTemp":{"iob":0.346,"basaliob":0.346,"bolussnooze":0,"activity":0.0032,"lastBolusTime":1703754675154,"time":"2023-12-28T16:01:12.946Z"}},{"iob":0.374,"basaliob":0.374,"bolussnooze":0,"activity":0.0033,"lastBolusTime":1703754675154,"time":"2023-12-28T16:06:12.946Z","iobWithZeroTemp":{"iob":0.297,"basaliob":0.297,"bolussnooze":0,"activity":0.0032,"lastBolusTime":1703754675154,"time":"2023-12-28T16:06:12.946Z"}},{"iob":0.358,"basaliob":0.358,"bolussnooze":0,"activity":0.0033,"lastBolusTime":1703754675154,"time":"2023-12-28T16:11:12.946Z","iobWithZeroTemp":{"iob":0.249,"basaliob":0.249,"bolussnooze":0,"activity":0.003,"lastBolusTime":1703754675154,"time":"2023-12-28T16:11:12.946Z"}},{"iob":0.341,"basaliob":0.341,"bolussnooze":0,"activity":0.0033,"lastBolusTime":1703754675154,"time":"2023-12-28T16:16:12.946Z","iobWithZeroTemp":{"iob":0.2,"basaliob":0.2,"bolussnooze":0,"activity":0.0029,"lastBolusTime":1703754675154,"time":"2023-12-28T16:16:12.946Z"}},{"iob":0.324,"basaliob":0.324,"bolussnooze":0,"activity":0.0033,"lastBolusTime":1703754675154,"time":"2023-12-28T16:21:12.946Z","iobWithZeroTemp":{"iob":0.153,"basaliob":0.153,"bolussnooze":0,"activity":0.0027,"lastBolusTime":1703754675154,"time":"2023-12-28T16:21:12.946Z"}},{"iob":0.308,"basaliob":0.308,"bolussnooze":0,"activity":0.0033,"lastBolusTime":1703754675154,"time":"2023-12-28T16:26:12.946Z","iobWithZeroTemp":{"iob":0.107,"basaliob":0.107,"bolussnooze":0,"activity":0.0025,"lastBolusTime":1703754675154,"time":"2023-12-28T16:26:12.946Z"}},{"iob":0.292,"basaliob":0.292,"bolussnooze":0,"activity":0.0032,"lastBolusTime":1703754675154,"time":"2023-12-28T16:31:12.946Z","iobWithZeroTemp":{"iob":0.062,"basaliob":0.062,"bolussnooze":0,"activity":0.0022,"lastBolusTime":1703754675154,"time":"2023-12-28T16:31:12.946Z"}},{"iob":0.276,"basaliob":0.276,"bolussnooze":0,"activity":0.0031,"lastBolusTime":1703754675154,"time":"2023-12-28T16:36:12.946Z","iobWithZeroTemp":{"iob":0.018,"basaliob":0.018,"bolussnooze":0,"activity":0.0019,"lastBolusTime":1703754675154,"time":"2023-12-28T16:36:12.946Z"}},{"iob":0.261,"basaliob":0.261,"bolussnooze":0,"activity":0.003,"lastBolusTime":1703754675154,"time":"2023-12-28T16:41:12.946Z","iobWithZeroTemp":{"iob":-0.024,"basaliob":-0.024,"bolussnooze":0,"activity":0.0016,"lastBolusTime":1703754675154,"time":"2023-12-28T16:41:12.946Z"}},{"iob":0.246,"basaliob":0.246,"bolussnooze":0,"activity":0.0029,"lastBolusTime":1703754675154,"time":"2023-12-28T16:46:12.946Z","iobWithZeroTemp":{"iob":-0.064,"basaliob":-0.064,"bolussnooze":0,"activity":0.0012,"lastBolusTime":1703754675154,"time":"2023-12-28T16:46:12.946Z"}},{"iob":0.232,"basaliob":0.232,"bolussnooze":0,"activity":0.0028,"lastBolusTime":1703754675154,"time":"2023-12-28T16:51:12.946Z","iobWithZeroTemp":{"iob":-0.103,"basaliob":-0.103,"bolussnooze":0,"activity":9.0E-4,"lastBolusTime":1703754675154,"time":"2023-12-28T16:51:12.946Z"}},{"iob":0.218,"basaliob":0.218,"bolussnooze":0,"activity":0.0027,"lastBolusTime":1703754675154,"time":"2023-12-28T16:56:12.946Z","iobWithZeroTemp":{"iob":-0.14,"basaliob":-0.14,"bolussnooze":0,"activity":6.0E-4,"lastBolusTime":1703754675154,"time":"2023-12-28T16:56:12.946Z"}},{"iob":0.205,"basaliob":0.205,"bolussnooze":0,"activity":0.0026,"lastBolusTime":1703754675154,"time":"2023-12-28T17:01:12.946Z","iobWithZeroTemp":{"iob":-0.175,"basaliob":-0.175,"bolussnooze":0,"activity":3.0E-4,"lastBolusTime":1703754675154,"time":"2023-12-28T17:01:12.946Z"}},{"iob":0.192,"basaliob":0.192,"bolussnooze":0,"activity":0.0025,"lastBolusTime":1703754675154,"time":"2023-12-28T17:06:12.946Z","iobWithZeroTemp":{"iob":-0.21,"basaliob":-0.21,"bolussnooze":0,"activity":-1.0E-4,"lastBolusTime":1703754675154,"time":"2023-12-28T17:06:12.946Z"}},{"iob":0.18,"basaliob":0.18,"bolussnooze":0,"activity":0.0024,"lastBolusTime":1703754675154,"time":"2023-12-28T17:11:12.946Z","iobWithZeroTemp":{"iob":-0.242,"basaliob":-0.242,"bolussnooze":0,"activity":-4.0E-4,"lastBolusTime":1703754675154,"time":"2023-12-28T17:11:12.946Z"}},{"iob":0.169,"basaliob":0.169,"bolussnooze":0,"activity":0.0022,"lastBolusTime":1703754675154,"time":"2023-12-28T17:16:12.946Z","iobWithZeroTemp":{"iob":-0.272,"basaliob":-0.272,"bolussnooze":0,"activity":-8.0E-4,"lastBolusTime":1703754675154,"time":"2023-12-28T17:16:12.946Z"}},{"iob":0.158,"basaliob":0.158,"bolussnooze":0,"activity":0.0021,"lastBolusTime":1703754675154,"time":"2023-12-28T17:21:12.946Z","iobWithZeroTemp":{"iob":-0.3,"basaliob":-0.3,"bolussnooze":0,"activity":-0.0011,"lastBolusTime":1703754675154,"time":"2023-12-28T17:21:12.946Z"}},{"iob":0.147,"basaliob":0.147,"bolussnooze":0,"activity":0.002,"lastBolusTime":1703754675154,"time":"2023-12-28T17:26:12.946Z","iobWithZeroTemp":{"iob":-0.328,"basaliob":-0.328,"bolussnooze":0,"activity":-0.0014,"lastBolusTime":1703754675154,"time":"2023-12-28T17:26:12.946Z"}},{"iob":0.138,"basaliob":0.138,"bolussnooze":0,"activity":0.0019,"lastBolusTime":1703754675154,"time":"2023-12-28T17:31:12.946Z","iobWithZeroTemp":{"iob":-0.353,"basaliob":-0.353,"bolussnooze":0,"activity":-0.0017,"lastBolusTime":1703754675154,"time":"2023-12-28T17:31:12.946Z"}},{"iob":0.128,"basaliob":0.128,"bolussnooze":0,"activity":0.0018,"lastBolusTime":1703754675154,"time":"2023-12-28T17:36:12.946Z","iobWithZeroTemp":{"iob":-0.378,"basaliob":-0.378,"bolussnooze":0,"activity":-0.002,"lastBolusTime":1703754675154,"time":"2023-12-28T17:36:12.946Z"}},{"iob":0.12,"basaliob":0.12,"bolussnooze":0,"activity":0.0017,"lastBolusTime":1703754675154,"time":"2023-12-28T17:41:12.946Z","iobWithZeroTemp":{"iob":-0.4,"basaliob":-0.4,"bolussnooze":0,"activity":-0.0022,"lastBolusTime":1703754675154,"time":"2023-12-28T17:41:12.946Z"}},{"iob":0.111,"basaliob":0.111,"bolussnooze":0,"activity":0.0016,"lastBolusTime":1703754675154,"time":"2023-12-28T17:46:12.946Z","iobWithZeroTemp":{"iob":-0.423,"basaliob":-0.423,"bolussnooze":0,"activity":-0.0025,"lastBolusTime":1703754675154,"time":"2023-12-28T17:46:12.946Z"}},{"iob":0.104,"basaliob":0.104,"bolussnooze":0,"activity":0.0015,"lastBolusTime":1703754675154,"time":"2023-12-28T17:51:12.946Z","iobWithZeroTemp":{"iob":-0.442,"basaliob":-0.442,"bolussnooze":0,"activity":-0.0028,"lastBolusTime":1703754675154,"time":"2023-12-28T17:51:12.946Z"}},{"iob":0.096,"basaliob":0.096,"bolussnooze":0,"activity":0.0014,"lastBolusTime":1703754675154,"time":"2023-12-28T17:56:12.946Z","iobWithZeroTemp":{"iob":-0.462,"basaliob":-0.462,"bolussnooze":0,"activity":-0.003,"lastBolusTime":1703754675154,"time":"2023-12-28T17:56:12.946Z"}},{"iob":0.089,"basaliob":0.089,"bolussnooze":0,"activity":0.0013,"lastBolusTime":1703754675154,"time":"2023-12-28T18:01:12.946Z","iobWithZeroTemp":{"iob":-0.479,"basaliob":-0.479,"bolussnooze":0,"activity":-0.0033,"lastBolusTime":1703754675154,"time":"2023-12-28T18:01:12.946Z"}},{"iob":0.083,"basaliob":0.083,"bolussnooze":0,"activity":0.0012,"lastBolusTime":1703754675154,"time":"2023-12-28T18:06:12.946Z","iobWithZeroTemp":{"iob":-0.496,"basaliob":-0.496,"bolussnooze":0,"activity":-0.0035,"lastBolusTime":1703754675154,"time":"2023-12-28T18:06:12.946Z"}},{"iob":0.077,"basaliob":0.077,"bolussnooze":0,"activity":0.0012,"lastBolusTime":1703754675154,"time":"2023-12-28T18:11:12.946Z","iobWithZeroTemp":{"iob":-0.511,"basaliob":-0.511,"bolussnooze":0,"activity":-0.0036,"lastBolusTime":1703754675154,"time":"2023-12-28T18:11:12.946Z"}},{"iob":0.071,"basaliob":0.071,"bolussnooze":0,"activity":0.0011,"lastBolusTime":0,"time":"2023-12-28T18:16:12.946Z","iobWithZeroTemp":{"iob":-0.526,"basaliob":-0.526,"bolussnooze":0,"activity":-0.0039,"lastBolusTime":0,"time":"2023-12-28T18:16:12.946Z"}},{"iob":0.066,"basaliob":0.066,"bolussnooze":0,"activity":0.001,"lastBolusTime":0,"time":"2023-12-28T18:21:12.946Z","iobWithZeroTemp":{"iob":-0.539,"basaliob":-0.539,"bolussnooze":0,"activity":-0.0041,"lastBolusTime":0,"time":"2023-12-28T18:21:12.946Z"}},{"iob":0.061,"basaliob":0.061,"bolussnooze":0,"activity":0.001,"lastBolusTime":0,"time":"2023-12-28T18:26:12.946Z","iobWithZeroTemp":{"iob":-0.552,"basaliob":-0.552,"bolussnooze":0,"activity":-0.0042,"lastBolusTime":0,"time":"2023-12-28T18:26:12.946Z"}},{"iob":0.057,"basaliob":0.057,"bolussnooze":0,"activity":9.0E-4,"lastBolusTime":0,"time":"2023-12-28T18:31:12.946Z","iobWithZeroTemp":{"iob":-0.563,"basaliob":-0.563,"bolussnooze":0,"activity":-0.0044,"lastBolusTime":0,"time":"2023-12-28T18:31:12.946Z"}},{"iob":0.052,"basaliob":0.052,"bolussnooze":0,"activity":8.0E-4,"lastBolusTime":0,"time":"2023-12-28T18:36:12.946Z","iobWithZeroTemp":{"iob":-0.575,"basaliob":-0.575,"bolussnooze":0,"activity":-0.0046,"lastBolusTime":0,"time":"2023-12-28T18:36:12.946Z"}},{"iob":0.048,"basaliob":0.048,"bolussnooze":0,"activity":8.0E-4,"lastBolusTime":0,"time":"2023-12-28T18:41:12.946Z","iobWithZeroTemp":{"iob":-0.585,"basaliob":-0.585,"bolussnooze":0,"activity":-0.0047,"lastBolusTime":0,"time":"2023-12-28T18:41:12.946Z"}},{"iob":0.044,"basaliob":0.044,"bolussnooze":0,"activity":7.0E-4,"lastBolusTime":0,"time":"2023-12-28T18:46:12.946Z","iobWithZeroTemp":{"iob":-0.595,"basaliob":-0.595,"bolussnooze":0,"activity":-0.0049,"lastBolusTime":0,"time":"2023-12-28T18:46:12.946Z"}},{"iob":0.041,"basaliob":0.041,"bolussnooze":0,"activity":7.0E-4,"lastBolusTime":0,"time":"2023-12-28T18:51:12.946Z","iobWithZeroTemp":{"iob":-0.603,"basaliob":-0.603,"bolussnooze":0,"activity":-0.0049,"lastBolusTime":0,"time":"2023-12-28T18:51:12.946Z"}},{"iob":0.038,"basaliob":0.038,"bolussnooze":0,"activity":6.0E-4,"lastBolusTime":0,"time":"2023-12-28T18:56:12.946Z","iobWithZeroTemp":{"iob":-0.611,"basaliob":-0.611,"bolussnooze":0,"activity":-0.0051,"lastBolusTime":0,"time":"2023-12-28T18:56:12.946Z"}},{"iob":0.035,"basaliob":0.035,"bolussnooze":0,"activity":6.0E-4,"lastBolusTime":0,"time":"2023-12-28T19:01:12.946Z","iobWithZeroTemp":{"iob":-0.618,"basaliob":-0.618,"bolussnooze":0,"activity":-0.0052,"lastBolusTime":0,"time":"2023-12-28T19:01:12.946Z"}},{"iob":0.032,"basaliob":0.032,"bolussnooze":0,"activity":5.0E-4,"lastBolusTime":0,"time":"2023-12-28T19:06:12.946Z","iobWithZeroTemp":{"iob":-0.626,"basaliob":-0.626,"bolussnooze":0,"activity":-0.0054,"lastBolusTime":0,"time":"2023-12-28T19:06:12.946Z"}},{"iob":0.029,"basaliob":0.029,"bolussnooze":0,"activity":5.0E-4,"lastBolusTime":0,"time":"2023-12-28T19:11:12.946Z","iobWithZeroTemp":{"iob":-0.633,"basaliob":-0.633,"bolussnooze":0,"activity":-0.0054,"lastBolusTime":0,"time":"2023-12-28T19:11:12.946Z"}},{"iob":0.027,"basaliob":0.027,"bolussnooze":0,"activity":5.0E-4,"lastBolusTime":0,"time":"2023-12-28T19:16:12.946Z","iobWithZeroTemp":{"iob":-0.638,"basaliob":-0.638,"bolussnooze":0,"activity":-0.0055,"lastBolusTime":0,"time":"2023-12-28T19:16:12.946Z"}},{"iob":0.025,"basaliob":0.025,"bolussnooze":0,"activity":4.0E-4,"lastBolusTime":0,"time":"2023-12-28T19:21:12.946Z","iobWithZeroTemp":{"iob":-0.644,"basaliob":-0.644,"bolussnooze":0,"activity":-0.0056,"lastBolusTime":0,"time":"2023-12-28T19:21:12.946Z"}},{"iob":0.023,"basaliob":0.023,"bolussnooze":0,"activity":4.0E-4,"lastBolusTime":0,"time":"2023-12-28T19:26:12.946Z","iobWithZeroTemp":{"iob":-0.649,"basaliob":-0.649,"bolussnooze":0,"activity":-0.0057,"lastBolusTime":0,"time":"2023-12-28T19:26:12.946Z"}},{"iob":0.021,"basaliob":0.021,"bolussnooze":0,"activity":4.0E-4,"lastBolusTime":0,"time":"2023-12-28T19:31:12.946Z","iobWithZeroTemp":{"iob":-0.654,"basaliob":-0.654,"bolussnooze":0,"activity":-0.0057,"lastBolusTime":0,"time":"2023-12-28T19:31:12.946Z"}},{"iob":0.019,"basaliob":0.019,"bolussnooze":0,"activity":3.0E-4,"lastBolusTime":0,"time":"2023-12-28T19:36:12.946Z","iobWithZeroTemp":{"iob":-0.658,"basaliob":-0.658,"bolussnooze":0,"activity":-0.0059,"lastBolusTime":0,"time":"2023-12-28T19:36:12.946Z"}},{"iob":0.017,"basaliob":0.017,"bolussnooze":0,"activity":3.0E-4,"lastBolusTime":0,"time":"2023-12-28T19:41:12.946Z","iobWithZeroTemp":{"iob":-0.663,"basaliob":-0.663,"bolussnooze":0,"activity":-0.0059,"lastBolusTime":0,"time":"2023-12-28T19:41:12.946Z"}},{"iob":0.016,"basaliob":0.016,"bolussnooze":0,"activity":3.0E-4,"lastBolusTime":0,"time":"2023-12-28T19:46:12.946Z","iobWithZeroTemp":{"iob":-0.666,"basaliob":-0.666,"bolussnooze":0,"activity":-0.0059,"lastBolusTime":0,"time":"2023-12-28T19:46:12.946Z"}}],"profile":{"max_iob":4,"type":"current","max_daily_basal":0.5,"max_basal":1.2,"min_bg":100.8,"max_bg":100.8,"target_bg":100.8,"carb_ratio":20,"sens":126,"max_daily_safety_multiplier":3,"current_basal_safety_multiplier":4,"lgsThreshold":65,"high_temptarget_raises_sensitivity":false,"low_temptarget_lowers_sensitivity":false,"sensitivity_raises_target":true,"resistance_lowers_target":true,"adv_target_adjustments":false,"exercise_mode":false,"half_basal_exercise_target":160,"maxCOB":120,"skip_neutral_temps":false,"remainingCarbsCap":90,"enableUAM":true,"A52_risk_enable":false,"SMBInterval":3,"enableSMB_with_COB":true,"enableSMB_with_temptarget":true,"allowSMB_with_high_temptarget":false,"enableSMB_always":false,"enableSMB_after_carbs":false,"maxSMBBasalMinutes":75,"maxUAMSMBBasalMinutes":75,"bolus_increment":0.05,"carbsReqThreshold":10,"current_basal":0.3,"temptargetSet":false,"autosens_max":1.2,"autosens_min":0.7,"out_units":"mmol\/L","variable_sens":125.8,"insulinDivisor":65,"TDD":12.01084761904762},"autosens_data":{"ratio":1},"meal_data":{"carbs":0,"mealCOB":0,"slopeFromMaxDeviation":-3.8338333333333328,"slopeFromMinDeviation":1.104,"lastBolusTime":1703754675154,"lastCarbTime":0},"microBolusAllowed":true,"currentTime":1703778674319,"flatBGsDetected":false,"tdd1D":11.195833333333328,"tdd7D":12.08690476190476,"tddLast24H":13.862499999999994,"tddLast4H":2.2583333333333346,"tddLast8to4H":1.8124999999999998},"output":{"temp":"absolute","bg":149,"tick":-3,"eventualBG":118,"targetBG":100.8,"insulinReq":0,"deliverAt":"2023-12-28T15:51:14.319Z","sensitivityRatio":1,"variable_sens":125.8,"predBGs":{"IOB":[149,146,143,140,137,134,131,129,126,123,121,119,117,115,113,111,109,107,105,104,102,101,99,98,96,95,94,93,92,91,90,89,88,87,87,86,85,85,84,84,83,83,82,82,82,81],"ZT":[149,147,145,143,141,139,137,135,134,132,131,130,129,128,128,128,128,128,129,129]},"reason":"COB: 0, Dev: 1.2, BGI: -0.1, ISF: 7.0, CR: 20, Target: 5.6, minPredBG 5.8, minGuardBG 4.4, IOBpredBG 4.5; Eventual BG 6.6 > 5.6 but Min. Delta -3.11 < Exp. Delta -0.1; setting current basal of 0.3 as temp. . Setting neutral temp basal of 0.3U\/hr","COB":0,"IOB":0.422,"duration":30,"rate":0.3,"timestamp":"2023-12-28T15:51:14.340Z"}}