{"algorithm":"OpenAPSSMBDynamicISFPlugin","input":{"glucoseStatus":{"glucose":76,"noise":0,"delta":-2.33,"short_avgdelta":-2.17,"long_avgdelta":-3.89,"date":1703688300000},"currenttemp":{"temp":"absolute","duration":30,"rate":0,"minutesrunning":30},"iob_data":[{"iob":-0.117,"basaliob":-0.195,"bolussnooze":0.0031,"activity":-1.0E-4,"lastBolusTime":1703681471121,"time":"2023-12-27T14:46:11.892Z","iobWithZeroTemp":{"iob":-0.117,"basaliob":-0.195,"bolussnooze":0.0031,"activity":-1.0E-4,"lastBolusTime":1703681471121,"time":"2023-12-27T14:46:11.892Z"}},{"iob":-0.116,"basaliob":-0.189,"bolussnooze":0.0026,"activity":-3.0E-4,"lastBolusTime":1703681471121,"time":"2023-12-27T14:51:11.892Z","iobWithZeroTemp":{"iob":-0.136,"basaliob":-0.209,"bolussnooze":0.0026,"activity":-3.0E-4,"lastBolusTime":1703681471121,"time":"2023-12-27T14:51:11.892Z"}},{"iob":-0.114,"basaliob":-0.182,"bolussnooze":0.0022,"activity":-5.0E-4,"lastBolusTime":1703681471121,"time":"2023-12-27T14:56:11.892Z","iobWithZeroTemp":{"iob":-0.159,"basaliob":-0.227,"bolussnooze":0.0022,"activity":-6.0E-4,"lastBolusTime":1703681471121,"time":"2023-12-27T14:56:11.892Z"}},{"iob":-0.112,"basaliob":-0.175,"bolussnooze":0.0018,"activity":-5.0E-4,"lastBolusTime":1703681471121,"time":"2023-12-27T15:01:11.892Z","iobWithZeroTemp":{"iob":-0.181,"basaliob":-0.244,"bolussnooze":0.0018,"activity":-6.0E-4,"lastBolusTime":1703681471121,"time":"2023-12-27T15:01:11.892Z"}},{"iob":-0.109,"basaliob":-0.168,"bolussnooze":0.0015,"activity":-6.0E-4,"lastBolusTime":1703681471121,"time":"2023-12-27T15:06:11.892Z","iobWithZeroTemp":{"iob":-0.202,"basaliob":-0.261,"bolussnooze":0.0015,"activity":-8.0E-4,"lastBolusTime":1703681471121,"time":"2023-12-27T15:06:11.892Z"}},{"iob":-0.106,"basaliob":-0.161,"bolussnooze":0.0012,"activity":-7.0E-4,"lastBolusTime":1703681471121,"time":"2023-12-27T15:11:11.892Z","iobWithZeroTemp":{"iob":-0.223,"basaliob":-0.278,"bolussnooze":0.0012,"activity":-0.0011,"lastBolusTime":1703681471121,"time":"2023-12-27T15:11:11.892Z"}},{"iob":-0.103,"basaliob":-0.154,"bolussnooze":0.001,"activity":-8.0E-4,"lastBolusTime":1703681471121,"time":"2023-12-27T15:16:11.892Z","iobWithZeroTemp":{"iob":-0.243,"basaliob":-0.294,"bolussnooze":0.001,"activity":-0.0013,"lastBolusTime":1703681471121,"time":"2023-12-27T15:16:11.892Z"}},{"iob":-0.098,"basaliob":-0.146,"bolussnooze":8.0E-4,"activity":-8.0E-4,"lastBolusTime":1703681471121,"time":"2023-12-27T15:21:11.892Z","iobWithZeroTemp":{"iob":-0.26,"basaliob":-0.308,"bolussnooze":8.0E-4,"activity":-0.0015,"lastBolusTime":1703681471121,"time":"2023-12-27T15:21:11.892Z"}},{"iob":-0.095,"basaliob":-0.139,"bolussnooze":7.0E-4,"activity":-7.0E-4,"lastBolusTime":1703681471121,"time":"2023-12-27T15:26:11.892Z","iobWithZeroTemp":{"iob":-0.278,"basaliob":-0.322,"bolussnooze":7.0E-4,"activity":-0.0015,"lastBolusTime":1703681471121,"time":"2023-12-27T15:26:11.892Z"}},{"iob":-0.091,"basaliob":-0.132,"bolussnooze":5.0E-4,"activity":-8.0E-4,"lastBolusTime":1703681471121,"time":"2023-12-27T15:31:11.892Z","iobWithZeroTemp":{"iob":-0.295,"basaliob":-0.336,"bolussnooze":5.0E-4,"activity":-0.0018,"lastBolusTime":1703681471121,"time":"2023-12-27T15:31:11.892Z"}},{"iob":-0.087,"basaliob":-0.125,"bolussnooze":4.0E-4,"activity":-8.0E-4,"lastBolusTime":1703681471121,"time":"2023-12-27T15:36:11.892Z","iobWithZeroTemp":{"iob":-0.31,"basaliob":-0.348,"bolussnooze":4.0E-4,"activity":-0.002,"lastBolusTime":1703681471121,"time":"2023-12-27T15:36:11.892Z"}},{"iob":-0.083,"basaliob":-0.118,"bolussnooze":3.0E-4,"activity":-8.0E-4,"lastBolusTime":1703681471121,"time":"2023-12-27T15:41:11.892Z","iobWithZeroTemp":{"iob":-0.325,"basaliob":-0.36,"bolussnooze":3.0E-4,"activity":-0.0021,"lastBolusTime":1703681471121,"time":"2023-12-27T15:41:11.892Z"}},{"iob":-0.079,"basaliob":-0.112,"bolussnooze":3.0E-4,"activity":-8.0E-4,"lastBolusTime":1703681471121,"time":"2023-12-27T15:46:11.892Z","iobWithZeroTemp":{"iob":-0.339,"basaliob":-0.372,"bolussnooze":3.0E-4,"activity":-0.0023,"lastBolusTime":1703681471121,"time":"2023-12-27T15:46:11.892Z"}},{"iob":-0.075,"basaliob":-0.105,"bolussnooze":2.0E-4,"activity":-8.0E-4,"lastBolusTime":1703681471121,"time":"2023-12-27T15:51:11.892Z","iobWithZeroTemp":{"iob":-0.352,"basaliob":-0.382,"bolussnooze":2.0E-4,"activity":-0.0025,"lastBolusTime":1703681471121,"time":"2023-12-27T15:51:11.892Z"}},{"iob":-0.071,"basaliob":-0.099,"bolussnooze":2.0E-4,"activity":-8.0E-4,"lastBolusTime":1703681471121,"time":"2023-12-27T15:56:11.892Z","iobWithZeroTemp":{"iob":-0.365,"basaliob":-0.393,"bolussnooze":2.0E-4,"activity":-0.0026,"lastBolusTime":1703681471121,"time":"2023-12-27T15:56:11.892Z"}},{"iob":-0.067,"basaliob":-0.093,"bolussnooze":1.0E-4,"activity":-8.0E-4,"lastBolusTime":1703681471121,"time":"2023-12-27T16:01:11.892Z","iobWithZeroTemp":{"iob":-0.376,"basaliob":-0.402,"bolussnooze":1.0E-4,"activity":-0.0028,"lastBolusTime":1703681471121,"time":"2023-12-27T16:01:11.892Z"}},{"iob":-0.064,"basaliob":-0.088,"bolussnooze":1.0E-4,"activity":-7.0E-4,"lastBolusTime":1703681471121,"time":"2023-12-27T16:06:11.892Z","iobWithZeroTemp":{"iob":-0.396,"basaliob":-0.42,"bolussnooze":1.0E-4,"activity":-0.0029,"lastBolusTime":1703681471121,"time":"2023-12-27T16:06:11.892Z"}},{"iob":-0.06,"basaliob":-0.082,"bolussnooze":1.0E-4,"activity":-7.0E-4,"lastBolusTime":1703681471121,"time":"2023-12-27T16:11:11.892Z","iobWithZeroTemp":{"iob":-0.414,"basaliob":-0.436,"bolussnooze":1.0E-4,"activity":-0.003,"lastBolusTime":1703681471121,"time":"2023-12-27T16:11:11.892Z"}},{"iob":-0.057,"basaliob":-0.077,"bolussnooze":0,"activity":-7.0E-4,"lastBolusTime":1703681471121,"time":"2023-12-27T16:16:11.892Z","iobWithZeroTemp":{"iob":-0.432,"basaliob":-0.452,"bolussnooze":0,"activity":-0.0032,"lastBolusTime":1703681471121,"time":"2023-12-27T16:16:11.892Z"}},{"iob":-0.053,"basaliob":-0.072,"bolussnooze":0,"activity":-7.0E-4,"lastBolusTime":1703681471121,"time":"2023-12-27T16:21:11.892Z","iobWithZeroTemp":{"iob":-0.448,"basaliob":-0.467,"bolussnooze":0,"activity":-0.0034,"lastBolusTime":1703681471121,"time":"2023-12-27T16:21:11.892Z"}},{"iob":-0.05,"basaliob":-0.067,"bolussnooze":0,"activity":-6.0E-4,"lastBolusTime":1703681471121,"time":"2023-12-27T16:26:11.892Z","iobWithZeroTemp":{"iob":-0.464,"basaliob":-0.481,"bolussnooze":0,"activity":-0.0035,"lastBolusTime":1703681471121,"time":"2023-12-27T16:26:11.892Z"}},{"iob":-0.047,"basaliob":-0.063,"bolussnooze":0,"activity":-6.0E-4,"lastBolusTime":1703681471121,"time":"2023-12-27T16:31:11.892Z","iobWithZeroTemp":{"iob":-0.48,"basaliob":-0.496,"bolussnooze":0,"activity":-0.0037,"lastBolusTime":1703681471121,"time":"2023-12-27T16:31:11.892Z"}},{"iob":-0.044,"basaliob":-0.059,"bolussnooze":0,"activity":-6.0E-4,"lastBolusTime":1703681471121,"time":"2023-12-27T16:36:11.892Z","iobWithZeroTemp":{"iob":-0.494,"basaliob":-0.509,"bolussnooze":0,"activity":-0.0038,"lastBolusTime":1703681471121,"time":"2023-12-27T16:36:11.892Z"}},{"iob":-0.042,"basaliob":-0.055,"bolussnooze":0,"activity":-6.0E-4,"lastBolusTime":1703681471121,"time":"2023-12-27T16:41:11.892Z","iobWithZeroTemp":{"iob":-0.509,"basaliob":-0.522,"bolussnooze":0,"activity":-0.004,"lastBolusTime":1703681471121,"time":"2023-12-27T16:41:11.892Z"}},{"iob":-0.039,"basaliob":-0.051,"bolussnooze":0,"activity":-5.0E-4,"lastBolusTime":1703681471121,"time":"2023-12-27T16:46:11.892Z","iobWithZeroTemp":{"iob":-0.522,"basaliob":-0.534,"bolussnooze":0,"activity":-0.0041,"lastBolusTime":1703681471121,"time":"2023-12-27T16:46:11.892Z"}},{"iob":-0.037,"basaliob":-0.048,"bolussnooze":0,"activity":-5.0E-4,"lastBolusTime":1703681471121,"time":"2023-12-27T16:51:11.892Z","iobWithZeroTemp":{"iob":-0.535,"basaliob":-0.546,"bolussnooze":0,"activity":-0.0043,"lastBolusTime":1703681471121,"time":"2023-12-27T16:51:11.892Z"}},{"iob":-0.034,"basaliob":-0.044,"bolussnooze":0,"activity":-4.0E-4,"lastBolusTime":1703681471121,"time":"2023-12-27T16:56:11.892Z","iobWithZeroTemp":{"iob":-0.546,"basaliob":-0.556,"bolussnooze":0,"activity":-0.0043,"lastBolusTime":1703681471121,"time":"2023-12-27T16:56:11.892Z"}},{"iob":-0.032,"basaliob":-0.041,"bolussnooze":0,"activity":-4.0E-4,"lastBolusTime":1703681471121,"time":"2023-12-27T17:01:11.892Z","iobWithZeroTemp":{"iob":-0.557,"basaliob":-0.566,"bolussnooze":0,"activity":-0.0045,"lastBolusTime":1703681471121,"time":"2023-12-27T17:01:11.892Z"}},{"iob":-0.029,"basaliob":-0.038,"bolussnooze":0,"activity":-4.0E-4,"lastBolusTime":1703681471121,"time":"2023-12-27T17:06:11.892Z","iobWithZeroTemp":{"iob":-0.567,"basaliob":-0.576,"bolussnooze":0,"activity":-0.0046,"lastBolusTime":1703681471121,"time":"2023-12-27T17:06:11.892Z"}},{"iob":-0.028,"basaliob":-0.036,"bolussnooze":0,"activity":-4.0E-4,"lastBolusTime":1703681471121,"time":"2023-12-27T17:11:11.892Z","iobWithZeroTemp":{"iob":-0.577,"basaliob":-0.585,"bolussnooze":0,"activity":-0.0048,"lastBolusTime":1703681471121,"time":"2023-12-27T17:11:11.892Z"}},{"iob":-0.026,"basaliob":-0.033,"bolussnooze":0,"activity":-4.0E-4,"lastBolusTime":1703681471121,"time":"2023-12-27T17:16:11.892Z","iobWithZeroTemp":{"iob":-0.586,"basaliob":-0.593,"bolussnooze":0,"activity":-0.0049,"lastBolusTime":1703681471121,"time":"2023-12-27T17:16:11.892Z"}},{"iob":-0.024,"basaliob":-0.031,"bolussnooze":0,"activity":-4.0E-4,"lastBolusTime":1703681471121,"time":"2023-12-27T17:21:11.892Z","iobWithZeroTemp":{"iob":-0.595,"basaliob":-0.602,"bolussnooze":0,"activity":-0.0051,"lastBolusTime":1703681471121,"time":"2023-12-27T17:21:11.892Z"}},{"iob":-0.022,"basaliob":-0.028,"bolussnooze":0,"activity":-3.0E-4,"lastBolusTime":1703681471121,"time":"2023-12-27T17:26:11.892Z","iobWithZeroTemp":{"iob":-0.603,"basaliob":-0.609,"bolussnooze":0,"activity":-0.0051,"lastBolusTime":1703681471121,"time":"2023-12-27T17:26:11.892Z"}},{"iob":-0.021,"basaliob":-0.026,"bolussnooze":0,"activity":-3.0E-4,"lastBolusTime":1703681471121,"time":"2023-12-27T17:31:11.892Z","iobWithZeroTemp":{"iob":-0.611,"basaliob":-0.616,"bolussnooze":0,"activity":-0.0052,"lastBolusTime":1703681471121,"time":"2023-12-27T17:31:11.892Z"}},{"iob":-0.019,"basaliob":-0.024,"bolussnooze":0,"activity":-3.0E-4,"lastBolusTime":1703681471121,"time":"2023-12-27T17:36:11.892Z","iobWithZeroTemp":{"iob":-0.617,"basaliob":-0.622,"bolussnooze":0,"activity":-0.0053,"lastBolusTime":1703681471121,"time":"2023-12-27T17:36:11.892Z"}},{"iob":-0.017,"basaliob":-0.022,"bolussnooze":0,"activity":-3.0E-4,"lastBolusTime":1703681471121,"time":"2023-12-27T17:41:11.892Z","iobWithZeroTemp":{"iob":-0.623,"basaliob":-0.628,"bolussnooze":0,"activity":-0.0054,"lastBolusTime":1703681471121,"time":"2023-12-27T17:41:11.892Z"}},{"iob":-0.017,"basaliob":-0.021,"bolussnooze":0,"activity":-2.0E-4,"lastBolusTime":1703681471121,"time":"2023-12-27T17:46:11.892Z","iobWithZeroTemp":{"iob":-0.631,"basaliob":-0.635,"bolussnooze":0,"activity":-0.0054,"lastBolusTime":1703681471121,"time":"2023-12-27T17:46:11.892Z"}},{"iob":-0.015,"basaliob":-0.019,"bolussnooze":0,"activity":-2.0E-4,"lastBolusTime":1703681471121,"time":"2023-12-27T17:51:11.892Z","iobWithZeroTemp":{"iob":-0.636,"basaliob":-0.64,"bolussnooze":0,"activity":-0.0055,"lastBolusTime":1703681471121,"time":"2023-12-27T17:51:11.892Z"}},{"iob":-0.015,"basaliob":-0.018,"bolussnooze":0,"activity":-2.0E-4,"lastBolusTime":1703681471121,"time":"2023-12-27T17:56:11.892Z","iobWithZeroTemp":{"iob":-0.642,"basaliob":-0.645,"bolussnooze":0,"activity":-0.0056,"lastBolusTime":1703681471121,"time":"2023-12-27T17:56:11.892Z"}},{"iob":-0.013,"basaliob":-0.016,"bolussnooze":0,"activity":-2.0E-4,"lastBolusTime":1703681471121,"time":"2023-12-27T18:01:11.892Z","iobWithZeroTemp":{"iob":-0.646,"basaliob":-0.649,"bolussnooze":0,"activity":-0.0057,"lastBolusTime":1703681471121,"time":"2023-12-27T18:01:11.892Z"}},{"iob":-0.012,"basaliob":-0.015,"bolussnooze":0,"activity":-1.0E-4,"lastBolusTime":1703681471121,"time":"2023-12-27T18:06:11.892Z","iobWithZeroTemp":{"iob":-0.651,"basaliob":-0.654,"bolussnooze":0,"activity":-0.0057,"lastBolusTime":1703681471121,"time":"2023-12-27T18:06:11.892Z"}},{"iob":-0.011,"basaliob":-0.014,"bolussnooze":0,"activity":-1.0E-4,"lastBolusTime":1703681471121,"time":"2023-12-27T18:11:11.892Z","iobWithZeroTemp":{"iob":-0.655,"basaliob":-0.658,"bolussnooze":0,"activity":-0.0058,"lastBolusTime":1703681471121,"time":"2023-12-27T18:11:11.892Z"}},{"iob":-0.011,"basaliob":-0.013,"bolussnooze":0,"activity":-2.0E-4,"lastBolusTime":1703681471121,"time":"2023-12-27T18:16:11.892Z","iobWithZeroTemp":{"iob":-0.66,"basaliob":-0.662,"bolussnooze":0,"activity":-0.0059,"lastBolusTime":1703681471121,"time":"2023-12-27T18:16:11.892Z"}},{"iob":-0.01,"basaliob":-0.012,"bolussnooze":0,"activity":-2.0E-4,"lastBolusTime":1703681471121,"time":"2023-12-27T18:21:11.892Z","iobWithZeroTemp":{"iob":-0.663,"basaliob":-0.665,"bolussnooze":0,"activity":-0.006,"lastBolusTime":1703681471121,"time":"2023-12-27T18:21:11.892Z"}},{"iob":-0.009,"basaliob":-0.011,"bolussnooze":0,"activity":-2.0E-4,"lastBolusTime":1703681471121,"time":"2023-12-27T18:26:11.892Z","iobWithZeroTemp":{"iob":-0.666,"basaliob":-0.668,"bolussnooze":0,"activity":-0.0061,"lastBolusTime":1703681471121,"time":"2023-12-27T18:26:11.892Z"}},{"iob":-0.008,"basaliob":-0.01,"bolussnooze":0,"activity":-2.0E-4,"lastBolusTime":1703681471121,"time":"2023-12-27T18:31:11.892Z","iobWithZeroTemp":{"iob":-0.669,"basaliob":-0.671,"bolussnooze":0,"activity":-0.0061,"lastBolusTime":1703681471121,"time":"2023-12-27T18:31:11.892Z"}},{"iob":-0.007,"basaliob":-0.009,"bolussnooze":0,"activity":-2.0E-4,"lastBolusTime":1703681471121,"time":"2023-12-27T18:36:11.892Z","iobWithZeroTemp":{"iob":-0.672,"basaliob":-0.674,"bolussnooze":0,"activity":-0.0062,"lastBolusTime":1703681471121,"time":"2023-12-27T18:36:11.892Z"}},{"iob":-0.007,"basaliob":-0.008,"bolussnooze":0,"activity":-1.0E-4,"lastBolusTime":1703681471121,"time":"2023-12-27T18:41:11.892Z","iobWithZeroTemp":{"iob":-0.675,"basaliob":-0.676,"bolussnooze":0,"activity":-0.0061,"lastBolusTime":1703681471121,"time":"2023-12-27T18:41:11.892Z"}}],"profile":{"max_iob":4,"type":"current","max_daily_basal":0.5,"max_basal":1.2,"min_bg":100.8,"max_bg":100.8,"target_bg":100.8,"carb_ratio":30,"sens":126,"max_daily_safety_multiplier":3,"current_basal_safety_multiplier":4,"lgsThreshold":65,"high_temptarget_raises_sensitivity":false,"low_temptarget_lowers_sensitivity":false,"sensitivity_raises_target":true,"resistance_lowers_target":true,"adv_target_adjustments":false,"exercise_mode":false,"half_basal_exercise_target":160,"maxCOB":120,"skip_neutral_temps":false,"remainingCarbsCap":90,"enableUAM":true,"A52_risk_enable":false,"SMBInterval":3,"enableSMB_with_COB":true,"enableSMB_with_temptarget":true,"allowSMB_with_high_temptarget":false,"enableSMB_always":false,"enableSMB_after_carbs":false,"maxSMBBasalMinutes":75,"maxUAMSMBBasalMinutes":75,"bolus_increment":0.05,"carbsReqThreshold":10,"current_basal":0.3,"temptargetSet":false,"autosens_max":1.2,"autosens_min":0.7,"out_units":"mmol\/L","variable_sens":196.2,"insulinDivisor":65,"TDD":11.844779761904762},"autosens_data":{"ratio":1},"meal_data":{"carbs":15,"mealCOB":0,"slopeFromMaxDeviation":-1.5867777777777778,"slopeFromMinDeviation":1.3976666666666668,"lastBolusTime":1703681471121,"lastCarbTime":1703680178793},"microBolusAllowed":true,"currentTime":1703688373615,"flatBGsDetected":false,"tdd1D":15.216666666666669,"tdd7D":11.563690476190475,"tddLast24H":9.195833333333324,"tddLast4H":1.3291666666666668,"tddLast8to4H":1.7666666666666673},"output":{"temp":"absolute","bg":76,"tick":-2,"eventualBG":75,"targetBG":100.8,"insulinReq":0,"deliverAt":"2023-12-27T14:46:13.615Z","sensitivityRatio":1,"variable_sens":196.2,"predBGs":{"IOB":[76,74,72,71,70,69,69,68,68,69,69,70,71,71,72,73,74,74,75,76,77,77,78,78,79,79,80,80,81,81,81,82,82,82,83,83,83,83,84,84,84,84,84,84,85],"ZT":[76,76,76,77,78,78,79,81,82,83,85,87,89,91,93,95,98,100]},"reason":"COB: 0, Dev: -1.3, BGI: 0.0, ISF: 10.9, CR: 30, Target: 5.6, minPredBG 4.1, minGuardBG 3.8, IOBpredBG 4.7; minGuardBG 3.8<3.9 30m left and 0 ~ req 0U\/hr: no temp required","COB":0,"IOB":-0.117,"timestamp":"2023-12-27T14:46:13.637Z"}}