{"algorithm":"OpenAPSSMBDynamicISFPlugin","input":{"glucoseStatus":{"glucose":134,"noise":0,"delta":0,"short_avgdelta":1.33,"long_avgdelta":2.62,"date":1703736319972},"currenttemp":{"temp":"absolute","duration":0,"rate":0},"iob_data":[{"iob":0.591,"basaliob":0.01,"bolussnooze":0,"activity":0.0029,"lastBolusTime":1703735774430,"time":"2023-12-28T04:06:13.342Z","iobWithZeroTemp":{"iob":0.591,"basaliob":0.01,"bolussnooze":0,"activity":0.0029,"lastBolusTime":1703735774430,"time":"2023-12-28T04:06:13.342Z"}},{"iob":0.576,"basaliob":0.014,"bolussnooze":0,"activity":0.0033,"lastBolusTime":1703735774430,"time":"2023-12-28T04:11:13.342Z","iobWithZeroTemp":{"iob":0.559,"basaliob":-0.003,"bolussnooze":0,"activity":0.0033,"lastBolusTime":1703735774430,"time":"2023-12-28T04:11:13.342Z"}},{"iob":0.559,"basaliob":0.017,"bolussnooze":0,"activity":0.0037,"lastBolusTime":1703735774430,"time":"2023-12-28T04:16:13.342Z","iobWithZeroTemp":{"iob":0.522,"basaliob":-0.02,"bolussnooze":0,"activity":0.0036,"lastBolusTime":1703735774430,"time":"2023-12-28T04:16:13.342Z"}},{"iob":0.54,"basaliob":0.019,"bolussnooze":0,"activity":0.0039,"lastBolusTime":1703735774430,"time":"2023-12-28T04:21:13.342Z","iobWithZeroTemp":{"iob":0.482,"basaliob":-0.039,"bolussnooze":0,"activity":0.0038,"lastBolusTime":1703735774430,"time":"2023-12-28T04:21:13.342Z"}},{"iob":0.519,"basaliob":0.02,"bolussnooze":0,"activity":0.0041,"lastBolusTime":1703735774430,"time":"2023-12-28T04:26:13.342Z","iobWithZeroTemp":{"iob":0.441,"basaliob":-0.058,"bolussnooze":0,"activity":0.0039,"lastBolusTime":1703735774430,"time":"2023-12-28T04:26:13.342Z"}},{"iob":0.499,"basaliob":0.022,"bolussnooze":0,"activity":0.0042,"lastBolusTime":1703735774430,"time":"2023-12-28T04:31:13.342Z","iobWithZeroTemp":{"iob":0.402,"basaliob":-0.075,"bolussnooze":0,"activity":0.0039,"lastBolusTime":1703735774430,"time":"2023-12-28T04:31:13.342Z"}},{"iob":0.478,"basaliob":0.023,"bolussnooze":0,"activity":0.0043,"lastBolusTime":1703735774430,"time":"2023-12-28T04:36:13.342Z","iobWithZeroTemp":{"iob":0.362,"basaliob":-0.093,"bolussnooze":0,"activity":0.0039,"lastBolusTime":1703735774430,"time":"2023-12-28T04:36:13.342Z"}},{"iob":0.456,"basaliob":0.023,"bolussnooze":0,"activity":0.0043,"lastBolusTime":1703735774430,"time":"2023-12-28T04:41:13.342Z","iobWithZeroTemp":{"iob":0.321,"basaliob":-0.112,"bolussnooze":0,"activity":0.0038,"lastBolusTime":1703735774430,"time":"2023-12-28T04:41:13.342Z"}},{"iob":0.435,"basaliob":0.024,"bolussnooze":0,"activity":0.0043,"lastBolusTime":1703735774430,"time":"2023-12-28T04:46:13.342Z","iobWithZeroTemp":{"iob":0.282,"basaliob":-0.129,"bolussnooze":0,"activity":0.0036,"lastBolusTime":1703735774430,"time":"2023-12-28T04:46:13.342Z"}},{"iob":0.414,"basaliob":0.024,"bolussnooze":0,"activity":0.0042,"lastBolusTime":1703735774430,"time":"2023-12-28T04:51:13.342Z","iobWithZeroTemp":{"iob":0.244,"basaliob":-0.146,"bolussnooze":0,"activity":0.0034,"lastBolusTime":1703735774430,"time":"2023-12-28T04:51:13.342Z"}},{"iob":0.393,"basaliob":0.024,"bolussnooze":0,"activity":0.0041,"lastBolusTime":1703735774430,"time":"2023-12-28T04:56:13.342Z","iobWithZeroTemp":{"iob":0.207,"basaliob":-0.162,"bolussnooze":0,"activity":0.0031,"lastBolusTime":1703735774430,"time":"2023-12-28T04:56:13.342Z"}},{"iob":0.372,"basaliob":0.023,"bolussnooze":0,"activity":0.0041,"lastBolusTime":1703735774430,"time":"2023-12-28T05:01:13.342Z","iobWithZeroTemp":{"iob":0.17,"basaliob":-0.179,"bolussnooze":0,"activity":0.003,"lastBolusTime":1703735774430,"time":"2023-12-28T05:01:13.342Z"}},{"iob":0.352,"basaliob":0.023,"bolussnooze":0,"activity":0.004,"lastBolusTime":1703735774430,"time":"2023-12-28T05:06:13.342Z","iobWithZeroTemp":{"iob":0.131,"basaliob":-0.198,"bolussnooze":0,"activity":0.0028,"lastBolusTime":1703735774430,"time":"2023-12-28T05:06:13.342Z"}},{"iob":0.332,"basaliob":0.022,"bolussnooze":0,"activity":0.0038,"lastBolusTime":1703735774430,"time":"2023-12-28T05:11:13.342Z","iobWithZeroTemp":{"iob":0.093,"basaliob":-0.217,"bolussnooze":0,"activity":0.0024,"lastBolusTime":1703735774430,"time":"2023-12-28T05:11:13.342Z"}},{"iob":0.314,"basaliob":0.022,"bolussnooze":0,"activity":0.0037,"lastBolusTime":1703735774430,"time":"2023-12-28T05:16:13.342Z","iobWithZeroTemp":{"iob":0.057,"basaliob":-0.235,"bolussnooze":0,"activity":0.0021,"lastBolusTime":1703735774430,"time":"2023-12-28T05:16:13.342Z"}},{"iob":0.295,"basaliob":0.021,"bolussnooze":0,"activity":0.0035,"lastBolusTime":1703735774430,"time":"2023-12-28T05:21:13.342Z","iobWithZeroTemp":{"iob":0.021,"basaliob":-0.253,"bolussnooze":0,"activity":0.0018,"lastBolusTime":1703735774430,"time":"2023-12-28T05:21:13.342Z"}},{"iob":0.277,"basaliob":0.02,"bolussnooze":0,"activity":0.0034,"lastBolusTime":1703735774430,"time":"2023-12-28T05:26:13.342Z","iobWithZeroTemp":{"iob":-0.013,"basaliob":-0.27,"bolussnooze":0,"activity":0.0015,"lastBolusTime":1703735774430,"time":"2023-12-28T05:26:13.342Z"}},{"iob":0.261,"basaliob":0.02,"bolussnooze":0,"activity":0.0033,"lastBolusTime":1703735774430,"time":"2023-12-28T05:31:13.342Z","iobWithZeroTemp":{"iob":-0.044,"basaliob":-0.285,"bolussnooze":0,"activity":0.0013,"lastBolusTime":1703735774430,"time":"2023-12-28T05:31:13.342Z"}},{"iob":0.245,"basaliob":0.019,"bolussnooze":0,"activity":0.0032,"lastBolusTime":1703735774430,"time":"2023-12-28T05:36:13.342Z","iobWithZeroTemp":{"iob":-0.074,"basaliob":-0.3,"bolussnooze":0,"activity":0.001,"lastBolusTime":1703735774430,"time":"2023-12-28T05:36:13.342Z"}},{"iob":0.23,"basaliob":0.018,"bolussnooze":0,"activity":0.003,"lastBolusTime":1703735774430,"time":"2023-12-28T05:41:13.342Z","iobWithZeroTemp":{"iob":-0.103,"basaliob":-0.315,"bolussnooze":0,"activity":7.0E-4,"lastBolusTime":1703735774430,"time":"2023-12-28T05:41:13.342Z"}},{"iob":0.215,"basaliob":0.017,"bolussnooze":0,"activity":0.0029,"lastBolusTime":1703735774430,"time":"2023-12-28T05:46:13.342Z","iobWithZeroTemp":{"iob":-0.131,"basaliob":-0.329,"bolussnooze":0,"activity":4.0E-4,"lastBolusTime":1703735774430,"time":"2023-12-28T05:46:13.342Z"}},{"iob":0.202,"basaliob":0.017,"bolussnooze":0,"activity":0.0027,"lastBolusTime":1703735774430,"time":"2023-12-28T05:51:13.342Z","iobWithZeroTemp":{"iob":-0.157,"basaliob":-0.342,"bolussnooze":0,"activity":1.0E-4,"lastBolusTime":1703735774430,"time":"2023-12-28T05:51:13.342Z"}},{"iob":0.188,"basaliob":0.016,"bolussnooze":0,"activity":0.0026,"lastBolusTime":1703735774430,"time":"2023-12-28T05:56:13.342Z","iobWithZeroTemp":{"iob":-0.182,"basaliob":-0.354,"bolussnooze":0,"activity":-1.0E-4,"lastBolusTime":1703735774430,"time":"2023-12-28T05:56:13.342Z"}},{"iob":0.176,"basaliob":0.015,"bolussnooze":0,"activity":0.0025,"lastBolusTime":1703735774430,"time":"2023-12-28T06:01:13.342Z","iobWithZeroTemp":{"iob":-0.205,"basaliob":-0.366,"bolussnooze":0,"activity":-4.0E-4,"lastBolusTime":1703735774430,"time":"2023-12-28T06:01:13.342Z"}},{"iob":0.164,"basaliob":0.014,"bolussnooze":0,"activity":0.0023,"lastBolusTime":1703735774430,"time":"2023-12-28T06:06:13.342Z","iobWithZeroTemp":{"iob":-0.228,"basaliob":-0.378,"bolussnooze":0,"activity":-7.0E-4,"lastBolusTime":1703735774430,"time":"2023-12-28T06:06:13.342Z"}},{"iob":0.153,"basaliob":0.014,"bolussnooze":0,"activity":0.0021,"lastBolusTime":1703735774430,"time":"2023-12-28T06:11:13.342Z","iobWithZeroTemp":{"iob":-0.248,"basaliob":-0.387,"bolussnooze":0,"activity":-0.001,"lastBolusTime":1703735774430,"time":"2023-12-28T06:11:13.342Z"}},{"iob":0.142,"basaliob":0.013,"bolussnooze":0,"activity":0.002,"lastBolusTime":1703735774430,"time":"2023-12-28T06:16:13.342Z","iobWithZeroTemp":{"iob":-0.268,"basaliob":-0.397,"bolussnooze":0,"activity":-0.0012,"lastBolusTime":1703735774430,"time":"2023-12-28T06:16:13.342Z"}},{"iob":0.132,"basaliob":0.012,"bolussnooze":0,"activity":0.0019,"lastBolusTime":1703735774430,"time":"2023-12-28T06:21:13.342Z","iobWithZeroTemp":{"iob":-0.287,"basaliob":-0.407,"bolussnooze":0,"activity":-0.0014,"lastBolusTime":1703735774430,"time":"2023-12-28T06:21:13.342Z"}},{"iob":0.123,"basaliob":0.011,"bolussnooze":0,"activity":0.0018,"lastBolusTime":1703735774430,"time":"2023-12-28T06:26:13.342Z","iobWithZeroTemp":{"iob":-0.304,"basaliob":-0.416,"bolussnooze":0,"activity":-0.0017,"lastBolusTime":1703735774430,"time":"2023-12-28T06:26:13.342Z"}},{"iob":0.115,"basaliob":0.011,"bolussnooze":0,"activity":0.0017,"lastBolusTime":1703735774430,"time":"2023-12-28T06:31:13.342Z","iobWithZeroTemp":{"iob":-0.319,"basaliob":-0.423,"bolussnooze":0,"activity":-0.0019,"lastBolusTime":1703735774430,"time":"2023-12-28T06:31:13.342Z"}},{"iob":0.106,"basaliob":0.01,"bolussnooze":0,"activity":0.0016,"lastBolusTime":1703735774430,"time":"2023-12-28T06:36:13.342Z","iobWithZeroTemp":{"iob":-0.335,"basaliob":-0.431,"bolussnooze":0,"activity":-0.002,"lastBolusTime":1703735774430,"time":"2023-12-28T06:36:13.342Z"}},{"iob":0.099,"basaliob":0.01,"bolussnooze":0,"activity":0.0015,"lastBolusTime":1703735774430,"time":"2023-12-28T06:41:13.342Z","iobWithZeroTemp":{"iob":-0.349,"basaliob":-0.438,"bolussnooze":0,"activity":-0.0022,"lastBolusTime":1703735774430,"time":"2023-12-28T06:41:13.342Z"}},{"iob":0.091,"basaliob":0.009,"bolussnooze":0,"activity":0.0014,"lastBolusTime":1703735774430,"time":"2023-12-28T06:46:13.342Z","iobWithZeroTemp":{"iob":-0.363,"basaliob":-0.445,"bolussnooze":0,"activity":-0.0024,"lastBolusTime":1703735774430,"time":"2023-12-28T06:46:13.342Z"}},{"iob":0.084,"basaliob":0.008,"bolussnooze":0,"activity":0.0013,"lastBolusTime":1703735774430,"time":"2023-12-28T06:51:13.342Z","iobWithZeroTemp":{"iob":-0.376,"basaliob":-0.452,"bolussnooze":0,"activity":-0.0026,"lastBolusTime":1703735774430,"time":"2023-12-28T06:51:13.342Z"}},{"iob":0.078,"basaliob":0.008,"bolussnooze":0,"activity":0.0012,"lastBolusTime":1703735774430,"time":"2023-12-28T06:56:13.342Z","iobWithZeroTemp":{"iob":-0.387,"basaliob":-0.457,"bolussnooze":0,"activity":-0.0028,"lastBolusTime":1703735774430,"time":"2023-12-28T06:56:13.342Z"}},{"iob":0.072,"basaliob":0.007,"bolussnooze":0,"activity":0.0011,"lastBolusTime":1703735774430,"time":"2023-12-28T07:01:13.342Z","iobWithZeroTemp":{"iob":-0.398,"basaliob":-0.463,"bolussnooze":0,"activity":-0.0029,"lastBolusTime":1703735774430,"time":"2023-12-28T07:01:13.342Z"}},{"iob":0.067,"basaliob":0.007,"bolussnooze":0,"activity":0.0011,"lastBolusTime":1703735774430,"time":"2023-12-28T07:06:13.342Z","iobWithZeroTemp":{"iob":-0.408,"basaliob":-0.468,"bolussnooze":0,"activity":-0.003,"lastBolusTime":1703735774430,"time":"2023-12-28T07:06:13.342Z"}},{"iob":0.061,"basaliob":0.006,"bolussnooze":0,"activity":0.001,"lastBolusTime":1703735774430,"time":"2023-12-28T07:11:13.342Z","iobWithZeroTemp":{"iob":-0.418,"basaliob":-0.473,"bolussnooze":0,"activity":-0.0032,"lastBolusTime":1703735774430,"time":"2023-12-28T07:11:13.342Z"}},{"iob":0.057,"basaliob":0.006,"bolussnooze":0,"activity":9.0E-4,"lastBolusTime":1703735774430,"time":"2023-12-28T07:16:13.342Z","iobWithZeroTemp":{"iob":-0.426,"basaliob":-0.477,"bolussnooze":0,"activity":-0.0033,"lastBolusTime":1703735774430,"time":"2023-12-28T07:16:13.342Z"}},{"iob":0.053,"basaliob":0.006,"bolussnooze":0,"activity":9.0E-4,"lastBolusTime":1703735774430,"time":"2023-12-28T07:21:13.342Z","iobWithZeroTemp":{"iob":-0.434,"basaliob":-0.481,"bolussnooze":0,"activity":-0.0034,"lastBolusTime":1703735774430,"time":"2023-12-28T07:21:13.342Z"}},{"iob":0.048,"basaliob":0.005,"bolussnooze":0,"activity":8.0E-4,"lastBolusTime":1703735774430,"time":"2023-12-28T07:26:13.342Z","iobWithZeroTemp":{"iob":-0.442,"basaliob":-0.485,"bolussnooze":0,"activity":-0.0035,"lastBolusTime":1703735774430,"time":"2023-12-28T07:26:13.342Z"}},{"iob":0.045,"basaliob":0.005,"bolussnooze":0,"activity":8.0E-4,"lastBolusTime":1703735774430,"time":"2023-12-28T07:31:13.342Z","iobWithZeroTemp":{"iob":-0.448,"basaliob":-0.488,"bolussnooze":0,"activity":-0.0036,"lastBolusTime":1703735774430,"time":"2023-12-28T07:31:13.342Z"}},{"iob":0.042,"basaliob":0.005,"bolussnooze":0,"activity":7.0E-4,"lastBolusTime":1703735774430,"time":"2023-12-28T07:36:13.342Z","iobWithZeroTemp":{"iob":-0.454,"basaliob":-0.491,"bolussnooze":0,"activity":-0.0037,"lastBolusTime":1703735774430,"time":"2023-12-28T07:36:13.342Z"}},{"iob":0.038,"basaliob":0.004,"bolussnooze":0,"activity":7.0E-4,"lastBolusTime":1703735774430,"time":"2023-12-28T07:41:13.342Z","iobWithZeroTemp":{"iob":-0.461,"basaliob":-0.495,"bolussnooze":0,"activity":-0.0038,"lastBolusTime":1703735774430,"time":"2023-12-28T07:41:13.342Z"}},{"iob":0.035,"basaliob":0.004,"bolussnooze":0,"activity":6.0E-4,"lastBolusTime":1703735774430,"time":"2023-12-28T07:46:13.342Z","iobWithZeroTemp":{"iob":-0.466,"basaliob":-0.497,"bolussnooze":0,"activity":-0.0039,"lastBolusTime":1703735774430,"time":"2023-12-28T07:46:13.342Z"}},{"iob":0.032,"basaliob":0.004,"bolussnooze":0,"activity":6.0E-4,"lastBolusTime":1703735774430,"time":"2023-12-28T07:51:13.342Z","iobWithZeroTemp":{"iob":-0.472,"basaliob":-0.5,"bolussnooze":0,"activity":-0.004,"lastBolusTime":1703735774430,"time":"2023-12-28T07:51:13.342Z"}},{"iob":0.029,"basaliob":0.003,"bolussnooze":0,"activity":6.0E-4,"lastBolusTime":1703735774430,"time":"2023-12-28T07:56:13.342Z","iobWithZeroTemp":{"iob":-0.477,"basaliob":-0.503,"bolussnooze":0,"activity":-0.004,"lastBolusTime":1703735774430,"time":"2023-12-28T07:56:13.342Z"}},{"iob":0.027,"basaliob":0.003,"bolussnooze":0,"activity":4.0E-4,"lastBolusTime":1703735774430,"time":"2023-12-28T08:01:13.342Z","iobWithZeroTemp":{"iob":-0.481,"basaliob":-0.505,"bolussnooze":0,"activity":-0.0042,"lastBolusTime":1703735774430,"time":"2023-12-28T08:01:13.342Z"}}],"profile":{"max_iob":4,"type":"current","max_daily_basal":0.5,"max_basal":1,"min_bg":95.4,"max_bg":95.4,"target_bg":95.4,"carb_ratio":25,"sens":142.20000000000002,"max_daily_safety_multiplier":3,"current_basal_safety_multiplier":4,"lgsThreshold":65,"high_temptarget_raises_sensitivity":false,"low_temptarget_lowers_sensitivity":false,"sensitivity_raises_target":true,"resistance_lowers_target":true,"adv_target_adjustments":false,"exercise_mode":false,"half_basal_exercise_target":160,"maxCOB":120,"skip_neutral_temps":false,"remainingCarbsCap":90,"enableUAM":true,"A52_risk_enable":false,"SMBInterval":3,"enableSMB_with_COB":true,"enableSMB_with_temptarget":true,"allowSMB_with_high_temptarget":false,"enableSMB_always":false,"enableSMB_after_carbs":false,"maxSMBBasalMinutes":75,"maxUAMSMBBasalMinutes":75,"bolus_increment":0.05,"carbsReqThreshold":10,"current_basal":0.25,"temptargetSet":true,"autosens_max":1.2,"autosens_min":0.7,"out_units":"mmol\/L","variable_sens":134.2,"insulinDivisor":65,"TDD":11.991047619047617},"autosens_data":{"ratio":1},"meal_data":{"carbs":0,"mealCOB":0,"slopeFromMaxDeviation":-1.4939999999999998,"slopeFromMinDeviation":0.3422,"lastBolusTime":1703735774430,"lastCarbTime":0},"microBolusAllowed":true,"currentTime":1703736374944,"flatBGsDetected":false,"tdd1D":11.195833333333328,"tdd7D":12.08690476190476,"tddLast24H":11.874999999999998,"tddLast4H":1.6083333333333336,"tddLast8to4H":3.2958333333333334},"output":{"temp":"absolute","bg":134,"tick":"+0","eventualBG":67,"targetBG":95.4,"insulinReq":0,"deliverAt":"2023-12-28T04:06:14.944Z","sensitivityRatio":1,"variable_sens":134.2,"predBGs":{"IOB":[134,134,133,132,131,129,128,125,123,121,118,115,112,109,106,103,100,98,95,92,90,87,85,83,80,78,76,74,72,71,69,67,66,64,63,61,60,59,58,57,56,55,54,53,52,51,50,49],"ZT":[134,132,130,127,125,122,119,116,114,111,108,106,104,102,100,98,96,95,94,93,93,92,92,92,93,93,94,95],"UAM":[134,133,130,128,125,122,119,116,113,110,107,103,100,97,94,91,88,85,82,79,76,73,71,68,65,63,60,58,56,54,52,50,48,46,44,42,40,39]},"reason":"COB: 0, Dev: 0.7, BGI: -0.1, ISF: 7.5, CR: 25, Target: 5.3, minPredBG 2.7, minGuardBG 1.4, IOBpredBG 2.7, UAMpredBG 2.2; minGuardBG 1.4<3.8","COB":0,"IOB":0.591,"duration":120,"rate":0,"timestamp":"2023-12-28T04:06:14.994Z"}}