{"algorithm":"OpenAPSSMBDynamicISFPlugin","input":{"glucoseStatus":{"glucose":151,"noise":0,"delta":1.67,"short_avgdelta":2.98,"long_avgdelta":3.59,"date":1703737520582},"currenttemp":{"temp":"absolute","duration":25,"rate":0,"minutesrunning":5},"iob_data":[{"iob":1.015,"basaliob":0.021,"bolussnooze":0,"activity":0.0052,"lastBolusTime":1703737274661,"time":"2023-12-28T04:26:12.947Z","iobWithZeroTemp":{"iob":1.015,"basaliob":0.021,"bolussnooze":0,"activity":0.0052,"lastBolusTime":1703737274661,"time":"2023-12-28T04:26:12.947Z"}},{"iob":0.988,"basaliob":0.023,"bolussnooze":0,"activity":0.0059,"lastBolusTime":1703737274661,"time":"2023-12-28T04:31:12.947Z","iobWithZeroTemp":{"iob":0.971,"basaliob":0.006,"bolussnooze":0,"activity":0.0059,"lastBolusTime":1703737274661,"time":"2023-12-28T04:31:12.947Z"}},{"iob":0.958,"basaliob":0.024,"bolussnooze":0,"activity":0.0064,"lastBolusTime":1703737274661,"time":"2023-12-28T04:36:12.947Z","iobWithZeroTemp":{"iob":0.921,"basaliob":-0.013,"bolussnooze":0,"activity":0.0063,"lastBolusTime":1703737274661,"time":"2023-12-28T04:36:12.947Z"}},{"iob":0.924,"basaliob":0.024,"bolussnooze":0,"activity":0.0068,"lastBolusTime":1703737274661,"time":"2023-12-28T04:41:12.947Z","iobWithZeroTemp":{"iob":0.866,"basaliob":-0.034,"bolussnooze":0,"activity":0.0067,"lastBolusTime":1703737274661,"time":"2023-12-28T04:41:12.947Z"}},{"iob":0.89,"basaliob":0.025,"bolussnooze":0,"activity":0.007,"lastBolusTime":1703737274661,"time":"2023-12-28T04:46:12.947Z","iobWithZeroTemp":{"iob":0.812,"basaliob":-0.053,"bolussnooze":0,"activity":0.0068,"lastBolusTime":1703737274661,"time":"2023-12-28T04:46:12.947Z"}},{"iob":0.854,"basaliob":0.025,"bolussnooze":0,"activity":0.0073,"lastBolusTime":1703737274661,"time":"2023-12-28T04:51:12.947Z","iobWithZeroTemp":{"iob":0.757,"basaliob":-0.072,"bolussnooze":0,"activity":0.007,"lastBolusTime":1703737274661,"time":"2023-12-28T04:51:12.947Z"}},{"iob":0.817,"basaliob":0.025,"bolussnooze":0,"activity":0.0073,"lastBolusTime":1703737274661,"time":"2023-12-28T04:56:12.947Z","iobWithZeroTemp":{"iob":0.701,"basaliob":-0.091,"bolussnooze":0,"activity":0.0069,"lastBolusTime":1703737274661,"time":"2023-12-28T04:56:12.947Z"}},{"iob":0.781,"basaliob":0.025,"bolussnooze":0,"activity":0.0074,"lastBolusTime":1703737274661,"time":"2023-12-28T05:01:12.947Z","iobWithZeroTemp":{"iob":0.646,"basaliob":-0.11,"bolussnooze":0,"activity":0.0069,"lastBolusTime":1703737274661,"time":"2023-12-28T05:01:12.947Z"}},{"iob":0.743,"basaliob":0.024,"bolussnooze":0,"activity":0.0074,"lastBolusTime":1703737274661,"time":"2023-12-28T05:06:12.947Z","iobWithZeroTemp":{"iob":0.586,"basaliob":-0.133,"bolussnooze":0,"activity":0.0067,"lastBolusTime":1703737274661,"time":"2023-12-28T05:06:12.947Z"}},{"iob":0.707,"basaliob":0.024,"bolussnooze":0,"activity":0.0073,"lastBolusTime":1703737274661,"time":"2023-12-28T05:11:12.947Z","iobWithZeroTemp":{"iob":0.529,"basaliob":-0.154,"bolussnooze":0,"activity":0.0065,"lastBolusTime":1703737274661,"time":"2023-12-28T05:11:12.947Z"}},{"iob":0.671,"basaliob":0.023,"bolussnooze":0,"activity":0.0071,"lastBolusTime":1703737274661,"time":"2023-12-28T05:16:12.947Z","iobWithZeroTemp":{"iob":0.473,"basaliob":-0.175,"bolussnooze":0,"activity":0.0061,"lastBolusTime":1703737274661,"time":"2023-12-28T05:16:12.947Z"}},{"iob":0.636,"basaliob":0.023,"bolussnooze":0,"activity":0.0069,"lastBolusTime":1703737274661,"time":"2023-12-28T05:21:12.947Z","iobWithZeroTemp":{"iob":0.418,"basaliob":-0.195,"bolussnooze":0,"activity":0.0058,"lastBolusTime":1703737274661,"time":"2023-12-28T05:21:12.947Z"}},{"iob":0.602,"basaliob":0.022,"bolussnooze":0,"activity":0.0068,"lastBolusTime":1703737274661,"time":"2023-12-28T05:26:12.947Z","iobWithZeroTemp":{"iob":0.365,"basaliob":-0.215,"bolussnooze":0,"activity":0.0055,"lastBolusTime":1703737274661,"time":"2023-12-28T05:26:12.947Z"}},{"iob":0.568,"basaliob":0.021,"bolussnooze":0,"activity":0.0066,"lastBolusTime":1703737274661,"time":"2023-12-28T05:31:12.947Z","iobWithZeroTemp":{"iob":0.313,"basaliob":-0.234,"bolussnooze":0,"activity":0.0051,"lastBolusTime":1703737274661,"time":"2023-12-28T05:31:12.947Z"}},{"iob":0.535,"basaliob":0.02,"bolussnooze":0,"activity":0.0064,"lastBolusTime":1703737274661,"time":"2023-12-28T05:36:12.947Z","iobWithZeroTemp":{"iob":0.263,"basaliob":-0.252,"bolussnooze":0,"activity":0.0048,"lastBolusTime":1703737274661,"time":"2023-12-28T05:36:12.947Z"}},{"iob":0.504,"basaliob":0.019,"bolussnooze":0,"activity":0.0062,"lastBolusTime":1703737274661,"time":"2023-12-28T05:41:12.947Z","iobWithZeroTemp":{"iob":0.216,"basaliob":-0.269,"bolussnooze":0,"activity":0.0044,"lastBolusTime":1703737274661,"time":"2023-12-28T05:41:12.947Z"}},{"iob":0.475,"basaliob":0.019,"bolussnooze":0,"activity":0.0059,"lastBolusTime":1703737274661,"time":"2023-12-28T05:46:12.947Z","iobWithZeroTemp":{"iob":0.171,"basaliob":-0.285,"bolussnooze":0,"activity":0.0039,"lastBolusTime":1703737274661,"time":"2023-12-28T05:46:12.947Z"}},{"iob":0.446,"basaliob":0.018,"bolussnooze":0,"activity":0.0057,"lastBolusTime":1703737274661,"time":"2023-12-28T05:51:12.947Z","iobWithZeroTemp":{"iob":0.127,"basaliob":-0.301,"bolussnooze":0,"activity":0.0036,"lastBolusTime":1703737274661,"time":"2023-12-28T05:51:12.947Z"}},{"iob":0.418,"basaliob":0.017,"bolussnooze":0,"activity":0.0054,"lastBolusTime":1703737274661,"time":"2023-12-28T05:56:12.947Z","iobWithZeroTemp":{"iob":0.085,"basaliob":-0.316,"bolussnooze":0,"activity":0.0031,"lastBolusTime":1703737274661,"time":"2023-12-28T05:56:12.947Z"}},{"iob":0.392,"basaliob":0.016,"bolussnooze":0,"activity":0.0052,"lastBolusTime":1703737274661,"time":"2023-12-28T06:01:12.947Z","iobWithZeroTemp":{"iob":0.046,"basaliob":-0.33,"bolussnooze":0,"activity":0.0028,"lastBolusTime":1703737274661,"time":"2023-12-28T06:01:12.947Z"}},{"iob":0.367,"basaliob":0.015,"bolussnooze":0,"activity":0.0049,"lastBolusTime":1703737274661,"time":"2023-12-28T06:06:12.947Z","iobWithZeroTemp":{"iob":0.009,"basaliob":-0.343,"bolussnooze":0,"activity":0.0023,"lastBolusTime":1703737274661,"time":"2023-12-28T06:06:12.947Z"}},{"iob":0.343,"basaliob":0.014,"bolussnooze":0,"activity":0.0047,"lastBolusTime":1703737274661,"time":"2023-12-28T06:11:12.947Z","iobWithZeroTemp":{"iob":-0.027,"basaliob":-0.356,"bolussnooze":0,"activity":0.002,"lastBolusTime":1703737274661,"time":"2023-12-28T06:11:12.947Z"}},{"iob":0.321,"basaliob":0.014,"bolussnooze":0,"activity":0.0044,"lastBolusTime":1703737274661,"time":"2023-12-28T06:16:12.947Z","iobWithZeroTemp":{"iob":-0.06,"basaliob":-0.367,"bolussnooze":0,"activity":0.0015,"lastBolusTime":1703737274661,"time":"2023-12-28T06:16:12.947Z"}},{"iob":0.3,"basaliob":0.013,"bolussnooze":0,"activity":0.0041,"lastBolusTime":1703737274661,"time":"2023-12-28T06:21:12.947Z","iobWithZeroTemp":{"iob":-0.092,"basaliob":-0.379,"bolussnooze":0,"activity":0.0011,"lastBolusTime":1703737274661,"time":"2023-12-28T06:21:12.947Z"}},{"iob":0.279,"basaliob":0.012,"bolussnooze":0,"activity":0.0039,"lastBolusTime":1703737274661,"time":"2023-12-28T06:26:12.947Z","iobWithZeroTemp":{"iob":-0.122,"basaliob":-0.389,"bolussnooze":0,"activity":8.0E-4,"lastBolusTime":1703737274661,"time":"2023-12-28T06:26:12.947Z"}},{"iob":0.261,"basaliob":0.012,"bolussnooze":0,"activity":0.0037,"lastBolusTime":1703737274661,"time":"2023-12-28T06:31:12.947Z","iobWithZeroTemp":{"iob":-0.15,"basaliob":-0.399,"bolussnooze":0,"activity":5.0E-4,"lastBolusTime":1703737274661,"time":"2023-12-28T06:31:12.947Z"}},{"iob":0.243,"basaliob":0.011,"bolussnooze":0,"activity":0.0034,"lastBolusTime":1703737274661,"time":"2023-12-28T06:36:12.947Z","iobWithZeroTemp":{"iob":-0.176,"basaliob":-0.408,"bolussnooze":0,"activity":1.0E-4,"lastBolusTime":1703737274661,"time":"2023-12-28T06:36:12.947Z"}},{"iob":0.225,"basaliob":0.01,"bolussnooze":0,"activity":0.0032,"lastBolusTime":1703737274661,"time":"2023-12-28T06:41:12.947Z","iobWithZeroTemp":{"iob":-0.202,"basaliob":-0.417,"bolussnooze":0,"activity":-2.0E-4,"lastBolusTime":1703737274661,"time":"2023-12-28T06:41:12.947Z"}},{"iob":0.21,"basaliob":0.01,"bolussnooze":0,"activity":0.0031,"lastBolusTime":1703737274661,"time":"2023-12-28T06:46:12.947Z","iobWithZeroTemp":{"iob":-0.225,"basaliob":-0.425,"bolussnooze":0,"activity":-4.0E-4,"lastBolusTime":1703737274661,"time":"2023-12-28T06:46:12.947Z"}},{"iob":0.195,"basaliob":0.009,"bolussnooze":0,"activity":0.0029,"lastBolusTime":1703737274661,"time":"2023-12-28T06:51:12.947Z","iobWithZeroTemp":{"iob":-0.247,"basaliob":-0.433,"bolussnooze":0,"activity":-7.0E-4,"lastBolusTime":1703737274661,"time":"2023-12-28T06:51:12.947Z"}},{"iob":0.18,"basaliob":0.008,"bolussnooze":0,"activity":0.0027,"lastBolusTime":1703737274661,"time":"2023-12-28T06:56:12.947Z","iobWithZeroTemp":{"iob":-0.268,"basaliob":-0.44,"bolussnooze":0,"activity":-0.001,"lastBolusTime":1703737274661,"time":"2023-12-28T06:56:12.947Z"}},{"iob":0.168,"basaliob":0.008,"bolussnooze":0,"activity":0.0025,"lastBolusTime":1703737274661,"time":"2023-12-28T07:01:12.947Z","iobWithZeroTemp":{"iob":-0.287,"basaliob":-0.447,"bolussnooze":0,"activity":-0.0013,"lastBolusTime":1703737274661,"time":"2023-12-28T07:01:12.947Z"}},{"iob":0.155,"basaliob":0.007,"bolussnooze":0,"activity":0.0024,"lastBolusTime":1703737274661,"time":"2023-12-28T07:06:12.947Z","iobWithZeroTemp":{"iob":-0.305,"basaliob":-0.453,"bolussnooze":0,"activity":-0.0015,"lastBolusTime":1703737274661,"time":"2023-12-28T07:06:12.947Z"}},{"iob":0.144,"basaliob":0.007,"bolussnooze":0,"activity":0.0022,"lastBolusTime":1703737274661,"time":"2023-12-28T07:11:12.947Z","iobWithZeroTemp":{"iob":-0.322,"basaliob":-0.459,"bolussnooze":0,"activity":-0.0018,"lastBolusTime":1703737274661,"time":"2023-12-28T07:11:12.947Z"}},{"iob":0.133,"basaliob":0.006,"bolussnooze":0,"activity":0.0021,"lastBolusTime":1703737274661,"time":"2023-12-28T07:16:12.947Z","iobWithZeroTemp":{"iob":-0.337,"basaliob":-0.464,"bolussnooze":0,"activity":-0.0019,"lastBolusTime":1703737274661,"time":"2023-12-28T07:16:12.947Z"}},{"iob":0.123,"basaliob":0.006,"bolussnooze":0,"activity":0.002,"lastBolusTime":1703737274661,"time":"2023-12-28T07:21:12.947Z","iobWithZeroTemp":{"iob":-0.352,"basaliob":-0.469,"bolussnooze":0,"activity":-0.0021,"lastBolusTime":1703737274661,"time":"2023-12-28T07:21:12.947Z"}},{"iob":0.114,"basaliob":0.006,"bolussnooze":0,"activity":0.0018,"lastBolusTime":1703737274661,"time":"2023-12-28T07:26:12.947Z","iobWithZeroTemp":{"iob":-0.365,"basaliob":-0.473,"bolussnooze":0,"activity":-0.0024,"lastBolusTime":1703737274661,"time":"2023-12-28T07:26:12.947Z"}},{"iob":0.105,"basaliob":0.005,"bolussnooze":0,"activity":0.0017,"lastBolusTime":1703737274661,"time":"2023-12-28T07:31:12.947Z","iobWithZeroTemp":{"iob":-0.378,"basaliob":-0.478,"bolussnooze":0,"activity":-0.0025,"lastBolusTime":1703737274661,"time":"2023-12-28T07:31:12.947Z"}},{"iob":0.097,"basaliob":0.005,"bolussnooze":0,"activity":0.0016,"lastBolusTime":1703737274661,"time":"2023-12-28T07:36:12.947Z","iobWithZeroTemp":{"iob":-0.39,"basaliob":-0.482,"bolussnooze":0,"activity":-0.0027,"lastBolusTime":1703737274661,"time":"2023-12-28T07:36:12.947Z"}},{"iob":0.089,"basaliob":0.004,"bolussnooze":0,"activity":0.0015,"lastBolusTime":1703737274661,"time":"2023-12-28T07:41:12.947Z","iobWithZeroTemp":{"iob":-0.401,"basaliob":-0.486,"bolussnooze":0,"activity":-0.0028,"lastBolusTime":1703737274661,"time":"2023-12-28T07:41:12.947Z"}},{"iob":0.082,"basaliob":0.004,"bolussnooze":0,"activity":0.0014,"lastBolusTime":1703737274661,"time":"2023-12-28T07:46:12.947Z","iobWithZeroTemp":{"iob":-0.412,"basaliob":-0.49,"bolussnooze":0,"activity":-0.003,"lastBolusTime":1703737274661,"time":"2023-12-28T07:46:12.947Z"}},{"iob":0.076,"basaliob":0.004,"bolussnooze":0,"activity":0.0013,"lastBolusTime":1703737274661,"time":"2023-12-28T07:51:12.947Z","iobWithZeroTemp":{"iob":-0.42,"basaliob":-0.492,"bolussnooze":0,"activity":-0.0031,"lastBolusTime":1703737274661,"time":"2023-12-28T07:51:12.947Z"}},{"iob":0.07,"basaliob":0.004,"bolussnooze":0,"activity":0.0012,"lastBolusTime":1703737274661,"time":"2023-12-28T07:56:12.947Z","iobWithZeroTemp":{"iob":-0.429,"basaliob":-0.495,"bolussnooze":0,"activity":-0.0033,"lastBolusTime":1703737274661,"time":"2023-12-28T07:56:12.947Z"}},{"iob":0.064,"basaliob":0.003,"bolussnooze":0,"activity":0.0011,"lastBolusTime":1703737274661,"time":"2023-12-28T08:01:12.947Z","iobWithZeroTemp":{"iob":-0.438,"basaliob":-0.499,"bolussnooze":0,"activity":-0.0034,"lastBolusTime":1703737274661,"time":"2023-12-28T08:01:12.947Z"}},{"iob":0.059,"basaliob":0.003,"bolussnooze":0,"activity":0.001,"lastBolusTime":1703737274661,"time":"2023-12-28T08:06:12.947Z","iobWithZeroTemp":{"iob":-0.445,"basaliob":-0.501,"bolussnooze":0,"activity":-0.0036,"lastBolusTime":1703737274661,"time":"2023-12-28T08:06:12.947Z"}},{"iob":0.054,"basaliob":0.003,"bolussnooze":0,"activity":9.0E-4,"lastBolusTime":1703737274661,"time":"2023-12-28T08:11:12.947Z","iobWithZeroTemp":{"iob":-0.452,"basaliob":-0.503,"bolussnooze":0,"activity":-0.0037,"lastBolusTime":1703737274661,"time":"2023-12-28T08:11:12.947Z"}},{"iob":0.05,"basaliob":0.003,"bolussnooze":0,"activity":8.0E-4,"lastBolusTime":1703737274661,"time":"2023-12-28T08:16:12.947Z","iobWithZeroTemp":{"iob":-0.458,"basaliob":-0.505,"bolussnooze":0,"activity":-0.0038,"lastBolusTime":1703737274661,"time":"2023-12-28T08:16:12.947Z"}},{"iob":0.045,"basaliob":0.002,"bolussnooze":0,"activity":8.0E-4,"lastBolusTime":1703737274661,"time":"2023-12-28T08:21:12.947Z","iobWithZeroTemp":{"iob":-0.465,"basaliob":-0.508,"bolussnooze":0,"activity":-0.0039,"lastBolusTime":1703737274661,"time":"2023-12-28T08:21:12.947Z"}}],"profile":{"max_iob":4,"type":"current","max_daily_basal":0.5,"max_basal":1,"min_bg":95.4,"max_bg":95.4,"target_bg":95.4,"carb_ratio":25,"sens":142.20000000000002,"max_daily_safety_multiplier":3,"current_basal_safety_multiplier":4,"lgsThreshold":65,"high_temptarget_raises_sensitivity":false,"low_temptarget_lowers_sensitivity":false,"sensitivity_raises_target":true,"resistance_lowers_target":true,"adv_target_adjustments":false,"exercise_mode":false,"half_basal_exercise_target":160,"maxCOB":120,"skip_neutral_temps":false,"remainingCarbsCap":90,"enableUAM":true,"A52_risk_enable":false,"SMBInterval":3,"enableSMB_with_COB":true,"enableSMB_with_temptarget":true,"allowSMB_with_high_temptarget":false,"enableSMB_always":false,"enableSMB_after_carbs":false,"maxSMBBasalMinutes":75,"maxUAMSMBBasalMinutes":75,"bolus_increment":0.05,"carbsReqThreshold":10,"current_basal":0.25,"temptargetSet":true,"autosens_max":1.2,"autosens_min":0.7,"out_units":"mmol\/L","variable_sens":120.9,"insulinDivisor":65,"TDD":12.397772619047617},"autosens_data":{"ratio":1},"meal_data":{"carbs":0,"mealCOB":0,"slopeFromMaxDeviation":-0.1379999999999999,"slopeFromMinDeviation":0.6532499999999999,"lastBolusTime":1703737274661,"lastCarbTime":0},"microBolusAllowed":true,"currentTime":1703737574667,"flatBGsDetected":false,"tdd1D":11.195833333333328,"tdd7D":12.08690476190476,"tddLast24H":12.3375,"tddLast4H":1.9500000000000004,"tddLast8to4H":3.1833333333333327},"output":{"temp":"absolute","bg":151,"tick":"+2","eventualBG":67,"targetBG":95.4,"insulinReq":0,"deliverAt":"2023-12-28T04:26:14.667Z","sensitivityRatio":1,"variable_sens":120.9,"predBGs":{"IOB":[151,152,153,152,152,150,148,146,143,139,135,131,127,122,118,113,109,104,100,96,92,88,84,80,76,72,69,65,62,59,55,52,49,46,43,40,39],"ZT":[151,148,144,140,136,132,127,123,118,113,108,104,99,95,91,87,83,80,77,74,71,69,67,65,64,63,63,63,63,63,64,65,66,68,70,72,74,76,78,81,83,86,89,91,94],"UAM":[151,152,153,154,153,153,152,151,150,148,146,144,142,140,137,135,132,129,127,124,120,117,114,111,108,105,102,100,97,95,92,90,88,86,84,82,80,79,77,76,74,73,72,71,70,69,68,67]},"reason":"COB: 0, Dev: 1.6, BGI: -0.2, ISF: 6.7, CR: 25, Target: 5.3, minPredBG 3.5, minGuardBG 3.7, IOBpredBG 2.2, UAMpredBG 3.7; minGuardBG 3.7<3.8","COB":0,"IOB":1.015,"duration":60,"rate":0,"timestamp":"2023-12-28T04:26:14.704Z"}}