{"algorithm":"OpenAPSSMBDynamicISFPlugin","input":{"glucoseStatus":{"glucose":107,"noise":0,"delta":9.67,"short_avgdelta":8.46,"long_avgdelta":5.11,"date":1703665520698},"currenttemp":{"temp":"absolute","duration":25,"rate":0.7,"minutesrunning":5},"iob_data":[{"iob":-0.094,"basaliob":-0.094,"bolussnooze":0,"activity":-0.0015,"lastBolusTime":0,"time":"2023-12-27T08:26:11.563Z","iobWithZeroTemp":{"iob":-0.094,"basaliob":-0.094,"bolussnooze":0,"activity":-0.0015,"lastBolusTime":0,"time":"2023-12-27T08:26:11.563Z"}},{"iob":-0.087,"basaliob":-0.087,"bolussnooze":0,"activity":-0.0014,"lastBolusTime":0,"time":"2023-12-27T08:31:11.563Z","iobWithZeroTemp":{"iob":-0.107,"basaliob":-0.107,"bolussnooze":0,"activity":-0.0014,"lastBolusTime":0,"time":"2023-12-27T08:31:11.563Z"}},{"iob":-0.081,"basaliob":-0.081,"bolussnooze":0,"activity":-0.0013,"lastBolusTime":0,"time":"2023-12-27T08:36:11.563Z","iobWithZeroTemp":{"iob":-0.126,"basaliob":-0.126,"bolussnooze":0,"activity":-0.0014,"lastBolusTime":0,"time":"2023-12-27T08:36:11.563Z"}},{"iob":-0.075,"basaliob":-0.075,"bolussnooze":0,"activity":-0.0012,"lastBolusTime":0,"time":"2023-12-27T08:41:11.563Z","iobWithZeroTemp":{"iob":-0.144,"basaliob":-0.144,"bolussnooze":0,"activity":-0.0013,"lastBolusTime":0,"time":"2023-12-27T08:41:11.563Z"}},{"iob":-0.069,"basaliob":-0.069,"bolussnooze":0,"activity":-0.0011,"lastBolusTime":0,"time":"2023-12-27T08:46:11.563Z","iobWithZeroTemp":{"iob":-0.162,"basaliob":-0.162,"bolussnooze":0,"activity":-0.0013,"lastBolusTime":0,"time":"2023-12-27T08:46:11.563Z"}},{"iob":-0.064,"basaliob":-0.064,"bolussnooze":0,"activity":-0.001,"lastBolusTime":0,"time":"2023-12-27T08:51:11.563Z","iobWithZeroTemp":{"iob":-0.181,"basaliob":-0.181,"bolussnooze":0,"activity":-0.0014,"lastBolusTime":0,"time":"2023-12-27T08:51:11.563Z"}},{"iob":-0.059,"basaliob":-0.059,"bolussnooze":0,"activity":-9.0E-4,"lastBolusTime":0,"time":"2023-12-27T08:56:11.563Z","iobWithZeroTemp":{"iob":-0.199,"basaliob":-0.199,"bolussnooze":0,"activity":-0.0014,"lastBolusTime":0,"time":"2023-12-27T08:56:11.563Z"}},{"iob":-0.054,"basaliob":-0.054,"bolussnooze":0,"activity":-9.0E-4,"lastBolusTime":0,"time":"2023-12-27T09:01:11.563Z","iobWithZeroTemp":{"iob":-0.216,"basaliob":-0.216,"bolussnooze":0,"activity":-0.0016,"lastBolusTime":0,"time":"2023-12-27T09:01:11.563Z"}},{"iob":-0.05,"basaliob":-0.05,"bolussnooze":0,"activity":-8.0E-4,"lastBolusTime":0,"time":"2023-12-27T09:06:11.563Z","iobWithZeroTemp":{"iob":-0.233,"basaliob":-0.233,"bolussnooze":0,"activity":-0.0016,"lastBolusTime":0,"time":"2023-12-27T09:06:11.563Z"}},{"iob":-0.046,"basaliob":-0.046,"bolussnooze":0,"activity":-8.0E-4,"lastBolusTime":0,"time":"2023-12-27T09:11:11.563Z","iobWithZeroTemp":{"iob":-0.25,"basaliob":-0.25,"bolussnooze":0,"activity":-0.0018,"lastBolusTime":0,"time":"2023-12-27T09:11:11.563Z"}},{"iob":-0.042,"basaliob":-0.042,"bolussnooze":0,"activity":-7.0E-4,"lastBolusTime":0,"time":"2023-12-27T09:16:11.563Z","iobWithZeroTemp":{"iob":-0.265,"basaliob":-0.265,"bolussnooze":0,"activity":-0.0019,"lastBolusTime":0,"time":"2023-12-27T09:16:11.563Z"}},{"iob":-0.039,"basaliob":-0.039,"bolussnooze":0,"activity":-7.0E-4,"lastBolusTime":0,"time":"2023-12-27T09:21:11.563Z","iobWithZeroTemp":{"iob":-0.281,"basaliob":-0.281,"bolussnooze":0,"activity":-0.002,"lastBolusTime":0,"time":"2023-12-27T09:21:11.563Z"}},{"iob":-0.036,"basaliob":-0.036,"bolussnooze":0,"activity":-6.0E-4,"lastBolusTime":0,"time":"2023-12-27T09:26:11.563Z","iobWithZeroTemp":{"iob":-0.296,"basaliob":-0.296,"bolussnooze":0,"activity":-0.0021,"lastBolusTime":0,"time":"2023-12-27T09:26:11.563Z"}},{"iob":-0.033,"basaliob":-0.033,"bolussnooze":0,"activity":-6.0E-4,"lastBolusTime":0,"time":"2023-12-27T09:31:11.563Z","iobWithZeroTemp":{"iob":-0.31,"basaliob":-0.31,"bolussnooze":0,"activity":-0.0023,"lastBolusTime":0,"time":"2023-12-27T09:31:11.563Z"}},{"iob":-0.03,"basaliob":-0.03,"bolussnooze":0,"activity":-5.0E-4,"lastBolusTime":0,"time":"2023-12-27T09:36:11.563Z","iobWithZeroTemp":{"iob":-0.324,"basaliob":-0.324,"bolussnooze":0,"activity":-0.0023,"lastBolusTime":0,"time":"2023-12-27T09:36:11.563Z"}},{"iob":-0.028,"basaliob":-0.028,"bolussnooze":0,"activity":-5.0E-4,"lastBolusTime":0,"time":"2023-12-27T09:41:11.563Z","iobWithZeroTemp":{"iob":-0.337,"basaliob":-0.337,"bolussnooze":0,"activity":-0.0025,"lastBolusTime":0,"time":"2023-12-27T09:41:11.563Z"}},{"iob":-0.026,"basaliob":-0.026,"bolussnooze":0,"activity":-4.0E-4,"lastBolusTime":0,"time":"2023-12-27T09:46:11.563Z","iobWithZeroTemp":{"iob":-0.35,"basaliob":-0.35,"bolussnooze":0,"activity":-0.0026,"lastBolusTime":0,"time":"2023-12-27T09:46:11.563Z"}},{"iob":-0.023,"basaliob":-0.023,"bolussnooze":0,"activity":-4.0E-4,"lastBolusTime":0,"time":"2023-12-27T09:51:11.563Z","iobWithZeroTemp":{"iob":-0.36,"basaliob":-0.36,"bolussnooze":0,"activity":-0.0027,"lastBolusTime":0,"time":"2023-12-27T09:51:11.563Z"}},{"iob":-0.021,"basaliob":-0.021,"bolussnooze":0,"activity":-4.0E-4,"lastBolusTime":0,"time":"2023-12-27T09:56:11.563Z","iobWithZeroTemp":{"iob":-0.371,"basaliob":-0.371,"bolussnooze":0,"activity":-0.0029,"lastBolusTime":0,"time":"2023-12-27T09:56:11.563Z"}},{"iob":-0.02,"basaliob":-0.02,"bolussnooze":0,"activity":-3.0E-4,"lastBolusTime":0,"time":"2023-12-27T10:01:11.563Z","iobWithZeroTemp":{"iob":-0.383,"basaliob":-0.383,"bolussnooze":0,"activity":-0.0029,"lastBolusTime":0,"time":"2023-12-27T10:01:11.563Z"}},{"iob":-0.018,"basaliob":-0.018,"bolussnooze":0,"activity":-3.0E-4,"lastBolusTime":0,"time":"2023-12-27T10:06:11.563Z","iobWithZeroTemp":{"iob":-0.392,"basaliob":-0.392,"bolussnooze":0,"activity":-0.0031,"lastBolusTime":0,"time":"2023-12-27T10:06:11.563Z"}},{"iob":-0.016,"basaliob":-0.016,"bolussnooze":0,"activity":-3.0E-4,"lastBolusTime":0,"time":"2023-12-27T10:11:11.563Z","iobWithZeroTemp":{"iob":-0.401,"basaliob":-0.401,"bolussnooze":0,"activity":-0.0032,"lastBolusTime":0,"time":"2023-12-27T10:11:11.563Z"}},{"iob":-0.015,"basaliob":-0.015,"bolussnooze":0,"activity":-3.0E-4,"lastBolusTime":0,"time":"2023-12-27T10:16:11.563Z","iobWithZeroTemp":{"iob":-0.41,"basaliob":-0.41,"bolussnooze":0,"activity":-0.0033,"lastBolusTime":0,"time":"2023-12-27T10:16:11.563Z"}},{"iob":-0.014,"basaliob":-0.014,"bolussnooze":0,"activity":-2.0E-4,"lastBolusTime":0,"time":"2023-12-27T10:21:11.563Z","iobWithZeroTemp":{"iob":-0.419,"basaliob":-0.419,"bolussnooze":0,"activity":-0.0033,"lastBolusTime":0,"time":"2023-12-27T10:21:11.563Z"}},{"iob":-0.013,"basaliob":-0.013,"bolussnooze":0,"activity":-2.0E-4,"lastBolusTime":0,"time":"2023-12-27T10:26:11.563Z","iobWithZeroTemp":{"iob":-0.427,"basaliob":-0.427,"bolussnooze":0,"activity":-0.0035,"lastBolusTime":0,"time":"2023-12-27T10:26:11.563Z"}},{"iob":-0.011,"basaliob":-0.011,"bolussnooze":0,"activity":-2.0E-4,"lastBolusTime":0,"time":"2023-12-27T10:31:11.563Z","iobWithZeroTemp":{"iob":-0.433,"basaliob":-0.433,"bolussnooze":0,"activity":-0.0036,"lastBolusTime":0,"time":"2023-12-27T10:31:11.563Z"}},{"iob":-0.01,"basaliob":-0.01,"bolussnooze":0,"activity":-2.0E-4,"lastBolusTime":0,"time":"2023-12-27T10:36:11.563Z","iobWithZeroTemp":{"iob":-0.44,"basaliob":-0.44,"bolussnooze":0,"activity":-0.0037,"lastBolusTime":0,"time":"2023-12-27T10:36:11.563Z"}},{"iob":-0.01,"basaliob":-0.01,"bolussnooze":0,"activity":-2.0E-4,"lastBolusTime":0,"time":"2023-12-27T10:41:11.563Z","iobWithZeroTemp":{"iob":-0.448,"basaliob":-0.448,"bolussnooze":0,"activity":-0.0038,"lastBolusTime":0,"time":"2023-12-27T10:41:11.563Z"}},{"iob":-0.009,"basaliob":-0.009,"bolussnooze":0,"activity":-2.0E-4,"lastBolusTime":0,"time":"2023-12-27T10:46:11.563Z","iobWithZeroTemp":{"iob":-0.454,"basaliob":-0.454,"bolussnooze":0,"activity":-0.0039,"lastBolusTime":0,"time":"2023-12-27T10:46:11.563Z"}},{"iob":-0.008,"basaliob":-0.008,"bolussnooze":0,"activity":-1.0E-4,"lastBolusTime":0,"time":"2023-12-27T10:51:11.563Z","iobWithZeroTemp":{"iob":-0.459,"basaliob":-0.459,"bolussnooze":0,"activity":-0.0039,"lastBolusTime":0,"time":"2023-12-27T10:51:11.563Z"}},{"iob":-0.007,"basaliob":-0.007,"bolussnooze":0,"activity":-1.0E-4,"lastBolusTime":0,"time":"2023-12-27T10:56:11.563Z","iobWithZeroTemp":{"iob":-0.464,"basaliob":-0.464,"bolussnooze":0,"activity":-0.004,"lastBolusTime":0,"time":"2023-12-27T10:56:11.563Z"}},{"iob":-0.006,"basaliob":-0.006,"bolussnooze":0,"activity":-1.0E-4,"lastBolusTime":0,"time":"2023-12-27T11:01:11.563Z","iobWithZeroTemp":{"iob":-0.469,"basaliob":-0.469,"bolussnooze":0,"activity":-0.004,"lastBolusTime":0,"time":"2023-12-27T11:01:11.563Z"}},{"iob":-0.006,"basaliob":-0.006,"bolussnooze":0,"activity":-1.0E-4,"lastBolusTime":0,"time":"2023-12-27T11:06:11.563Z","iobWithZeroTemp":{"iob":-0.474,"basaliob":-0.474,"bolussnooze":0,"activity":-0.0041,"lastBolusTime":0,"time":"2023-12-27T11:06:11.563Z"}},{"iob":-0.005,"basaliob":-0.005,"bolussnooze":0,"activity":-1.0E-4,"lastBolusTime":0,"time":"2023-12-27T11:11:11.563Z","iobWithZeroTemp":{"iob":-0.477,"basaliob":-0.477,"bolussnooze":0,"activity":-0.0042,"lastBolusTime":0,"time":"2023-12-27T11:11:11.563Z"}},{"iob":-0.005,"basaliob":-0.005,"bolussnooze":0,"activity":-1.0E-4,"lastBolusTime":0,"time":"2023-12-27T11:16:11.563Z","iobWithZeroTemp":{"iob":-0.482,"basaliob":-0.482,"bolussnooze":0,"activity":-0.0042,"lastBolusTime":0,"time":"2023-12-27T11:16:11.563Z"}},{"iob":-0.004,"basaliob":-0.004,"bolussnooze":0,"activity":-1.0E-4,"lastBolusTime":0,"time":"2023-12-27T11:21:11.563Z","iobWithZeroTemp":{"iob":-0.485,"basaliob":-0.485,"bolussnooze":0,"activity":-0.0043,"lastBolusTime":0,"time":"2023-12-27T11:21:11.563Z"}},{"iob":-0.004,"basaliob":-0.004,"bolussnooze":0,"activity":-1.0E-4,"lastBolusTime":0,"time":"2023-12-27T11:26:11.563Z","iobWithZeroTemp":{"iob":-0.489,"basaliob":-0.489,"bolussnooze":0,"activity":-0.0044,"lastBolusTime":0,"time":"2023-12-27T11:26:11.563Z"}},{"iob":-0.004,"basaliob":-0.004,"bolussnooze":0,"activity":-1.0E-4,"lastBolusTime":0,"time":"2023-12-27T11:31:11.563Z","iobWithZeroTemp":{"iob":-0.492,"basaliob":-0.492,"bolussnooze":0,"activity":-0.0044,"lastBolusTime":0,"time":"2023-12-27T11:31:11.563Z"}},{"iob":-0.003,"basaliob":-0.003,"bolussnooze":0,"activity":-1.0E-4,"lastBolusTime":0,"time":"2023-12-27T11:36:11.563Z","iobWithZeroTemp":{"iob":-0.495,"basaliob":-0.495,"bolussnooze":0,"activity":-0.0045,"lastBolusTime":0,"time":"2023-12-27T11:36:11.563Z"}},{"iob":-0.003,"basaliob":-0.003,"bolussnooze":0,"activity":-1.0E-4,"lastBolusTime":0,"time":"2023-12-27T11:41:11.563Z","iobWithZeroTemp":{"iob":-0.498,"basaliob":-0.498,"bolussnooze":0,"activity":-0.0045,"lastBolusTime":0,"time":"2023-12-27T11:41:11.563Z"}},{"iob":-0.003,"basaliob":-0.003,"bolussnooze":0,"activity":-1.0E-4,"lastBolusTime":0,"time":"2023-12-27T11:46:11.563Z","iobWithZeroTemp":{"iob":-0.501,"basaliob":-0.501,"bolussnooze":0,"activity":-0.0046,"lastBolusTime":0,"time":"2023-12-27T11:46:11.563Z"}},{"iob":-0.002,"basaliob":-0.002,"bolussnooze":0,"activity":-1.0E-4,"lastBolusTime":0,"time":"2023-12-27T11:51:11.563Z","iobWithZeroTemp":{"iob":-0.502,"basaliob":-0.502,"bolussnooze":0,"activity":-0.0046,"lastBolusTime":0,"time":"2023-12-27T11:51:11.563Z"}},{"iob":-0.002,"basaliob":-0.002,"bolussnooze":0,"activity":0,"lastBolusTime":0,"time":"2023-12-27T11:56:11.563Z","iobWithZeroTemp":{"iob":-0.505,"basaliob":-0.505,"bolussnooze":0,"activity":-0.0045,"lastBolusTime":0,"time":"2023-12-27T11:56:11.563Z"}},{"iob":-0.002,"basaliob":-0.002,"bolussnooze":0,"activity":0,"lastBolusTime":0,"time":"2023-12-27T12:01:11.563Z","iobWithZeroTemp":{"iob":-0.507,"basaliob":-0.507,"bolussnooze":0,"activity":-0.0046,"lastBolusTime":0,"time":"2023-12-27T12:01:11.563Z"}},{"iob":-0.002,"basaliob":-0.002,"bolussnooze":0,"activity":0,"lastBolusTime":0,"time":"2023-12-27T12:06:11.563Z","iobWithZeroTemp":{"iob":-0.509,"basaliob":-0.509,"bolussnooze":0,"activity":-0.0046,"lastBolusTime":0,"time":"2023-12-27T12:06:11.563Z"}},{"iob":-0.001,"basaliob":-0.001,"bolussnooze":0,"activity":0,"lastBolusTime":0,"time":"2023-12-27T12:11:11.563Z","iobWithZeroTemp":{"iob":-0.51,"basaliob":-0.51,"bolussnooze":0,"activity":-0.0046,"lastBolusTime":0,"time":"2023-12-27T12:11:11.563Z"}},{"iob":-0.001,"basaliob":-0.001,"bolussnooze":0,"activity":0,"lastBolusTime":0,"time":"2023-12-27T12:16:11.563Z","iobWithZeroTemp":{"iob":-0.512,"basaliob":-0.512,"bolussnooze":0,"activity":-0.0047,"lastBolusTime":0,"time":"2023-12-27T12:16:11.563Z"}},{"iob":-0.001,"basaliob":-0.001,"bolussnooze":0,"activity":0,"lastBolusTime":0,"time":"2023-12-27T12:21:11.563Z","iobWithZeroTemp":{"iob":-0.513,"basaliob":-0.513,"bolussnooze":0,"activity":-0.0047,"lastBolusTime":0,"time":"2023-12-27T12:21:11.563Z"}}],"profile":{"max_iob":4,"type":"current","max_daily_basal":0.5,"max_basal":1.2,"min_bg":100.8,"max_bg":100.8,"target_bg":100.8,"carb_ratio":30,"sens":126,"max_daily_safety_multiplier":3,"current_basal_safety_multiplier":4,"lgsThreshold":65,"high_temptarget_raises_sensitivity":false,"low_temptarget_lowers_sensitivity":false,"sensitivity_raises_target":true,"resistance_lowers_target":true,"adv_target_adjustments":false,"exercise_mode":false,"half_basal_exercise_target":160,"maxCOB":120,"skip_neutral_temps":false,"remainingCarbsCap":90,"enableUAM":true,"A52_risk_enable":false,"SMBInterval":3,"enableSMB_with_COB":true,"enableSMB_with_temptarget":true,"allowSMB_with_high_temptarget":false,"enableSMB_always":false,"enableSMB_after_carbs":false,"maxSMBBasalMinutes":75,"maxUAMSMBBasalMinutes":75,"bolus_increment":0.05,"carbsReqThreshold":10,"current_basal":0.3,"temptargetSet":false,"autosens_max":1.2,"autosens_min":0.7,"out_units":"mmol\/L","variable_sens":169.2,"insulinDivisor":65,"TDD":10.933979761904762},"autosens_data":{"ratio":1},"meal_data":{"carbs":0,"mealCOB":0,"slopeFromMaxDeviation":0,"slopeFromMinDeviation":1.0114,"lastBolusTime":1703594420788,"lastCarbTime":0},"microBolusAllowed":true,"currentTime":1703665572960,"flatBGsDetected":false,"tdd1D":15.216666666666669,"tdd7D":11.563690476190475,"tddLast24H":10.62916666666666,"tddLast4H":0.9416666666666667,"tddLast8to4H":1.1375000000000002},"output":{"temp":"absolute","bg":107,"tick":"+10","eventualBG":194,"targetBG":100.8,"insulinReq":0.44,"deliverAt":"2023-12-27T08:26:12.960Z","sensitivityRatio":1,"variable_sens":169.2,"predBGs":{"IOB":[107,115,122,128,134,139,143,147,150,152,154,155,156,156,157,157,157,158,158,158,158,158,159,159,159,159,159,159,159,160,160,160,160,160,160,160,160,160,160,160,160,160,161],"ZT":[107,108,109,111,112,113,114],"UAM":[107,115,123,130,137,143,149,154,160,164,169,173,176,179,182,185,187,188,190,191,192,192,192,192,192,192,193,193,193,193,193,193,193,193,193,193,193,193,193,194]},"reason":"COB: 0, Dev: 2.4, BGI: 0.1, ISF: 9.4, CR: 30, Target: 5.6, minPredBG 9.8, minGuardBG 6.4, IOBpredBG 8.9, UAMpredBG 10.8; Eventual BG 10.8 >= 5.6, temp 0.70 < 1.18U\/hr. ","COB":0,"IOB":-0.094,"duration":30,"rate":1.18,"timestamp":"2023-12-27T08:26:12.998Z"}}