{"algorithm":"OpenAPSSMBDynamicISFPlugin","input":{"glucoseStatus":{"glucose":114,"noise":0,"delta":-8.67,"short_avgdelta":-7.75,"long_avgdelta":1,"date":1703667320492},"currenttemp":{"temp":"absolute","duration":0,"rate":0},"iob_data":[{"iob":0.216,"basaliob":0.216,"bolussnooze":0,"activity":4.0E-4,"lastBolusTime":0,"time":"2023-12-27T08:56:11.773Z","iobWithZeroTemp":{"iob":0.216,"basaliob":0.216,"bolussnooze":0,"activity":4.0E-4,"lastBolusTime":0,"time":"2023-12-27T08:56:11.773Z"}},{"iob":0.214,"basaliob":0.214,"bolussnooze":0,"activity":7.0E-4,"lastBolusTime":0,"time":"2023-12-27T09:01:11.773Z","iobWithZeroTemp":{"iob":0.194,"basaliob":0.194,"bolussnooze":0,"activity":7.0E-4,"lastBolusTime":0,"time":"2023-12-27T09:01:11.773Z"}},{"iob":0.21,"basaliob":0.21,"bolussnooze":0,"activity":9.0E-4,"lastBolusTime":0,"time":"2023-12-27T09:06:11.773Z","iobWithZeroTemp":{"iob":0.165,"basaliob":0.165,"bolussnooze":0,"activity":8.0E-4,"lastBolusTime":0,"time":"2023-12-27T09:06:11.773Z"}},{"iob":0.205,"basaliob":0.205,"bolussnooze":0,"activity":0.0011,"lastBolusTime":0,"time":"2023-12-27T09:11:11.773Z","iobWithZeroTemp":{"iob":0.136,"basaliob":0.136,"bolussnooze":0,"activity":0.001,"lastBolusTime":0,"time":"2023-12-27T09:11:11.773Z"}},{"iob":0.199,"basaliob":0.199,"bolussnooze":0,"activity":0.0012,"lastBolusTime":0,"time":"2023-12-27T09:16:11.773Z","iobWithZeroTemp":{"iob":0.106,"basaliob":0.106,"bolussnooze":0,"activity":0.001,"lastBolusTime":0,"time":"2023-12-27T09:16:11.773Z"}},{"iob":0.193,"basaliob":0.193,"bolussnooze":0,"activity":0.0013,"lastBolusTime":0,"time":"2023-12-27T09:21:11.773Z","iobWithZeroTemp":{"iob":0.076,"basaliob":0.076,"bolussnooze":0,"activity":9.0E-4,"lastBolusTime":0,"time":"2023-12-27T09:21:11.773Z"}},{"iob":0.186,"basaliob":0.186,"bolussnooze":0,"activity":0.0014,"lastBolusTime":0,"time":"2023-12-27T09:26:11.773Z","iobWithZeroTemp":{"iob":0.046,"basaliob":0.046,"bolussnooze":0,"activity":9.0E-4,"lastBolusTime":0,"time":"2023-12-27T09:26:11.773Z"}},{"iob":0.179,"basaliob":0.179,"bolussnooze":0,"activity":0.0014,"lastBolusTime":0,"time":"2023-12-27T09:31:11.773Z","iobWithZeroTemp":{"iob":0.017,"basaliob":0.017,"bolussnooze":0,"activity":7.0E-4,"lastBolusTime":0,"time":"2023-12-27T09:31:11.773Z"}},{"iob":0.172,"basaliob":0.172,"bolussnooze":0,"activity":0.0015,"lastBolusTime":0,"time":"2023-12-27T09:36:11.773Z","iobWithZeroTemp":{"iob":-0.011,"basaliob":-0.011,"bolussnooze":0,"activity":7.0E-4,"lastBolusTime":0,"time":"2023-12-27T09:36:11.773Z"}},{"iob":0.164,"basaliob":0.164,"bolussnooze":0,"activity":0.0015,"lastBolusTime":0,"time":"2023-12-27T09:41:11.773Z","iobWithZeroTemp":{"iob":-0.04,"basaliob":-0.04,"bolussnooze":0,"activity":5.0E-4,"lastBolusTime":0,"time":"2023-12-27T09:41:11.773Z"}},{"iob":0.157,"basaliob":0.157,"bolussnooze":0,"activity":0.0015,"lastBolusTime":0,"time":"2023-12-27T09:46:11.773Z","iobWithZeroTemp":{"iob":-0.066,"basaliob":-0.066,"bolussnooze":0,"activity":3.0E-4,"lastBolusTime":0,"time":"2023-12-27T09:46:11.773Z"}},{"iob":0.149,"basaliob":0.149,"bolussnooze":0,"activity":0.0015,"lastBolusTime":0,"time":"2023-12-27T09:51:11.773Z","iobWithZeroTemp":{"iob":-0.093,"basaliob":-0.093,"bolussnooze":0,"activity":2.0E-4,"lastBolusTime":0,"time":"2023-12-27T09:51:11.773Z"}},{"iob":0.142,"basaliob":0.142,"bolussnooze":0,"activity":0.0015,"lastBolusTime":0,"time":"2023-12-27T09:56:11.773Z","iobWithZeroTemp":{"iob":-0.118,"basaliob":-0.118,"bolussnooze":0,"activity":0,"lastBolusTime":0,"time":"2023-12-27T09:56:11.773Z"}},{"iob":0.135,"basaliob":0.135,"bolussnooze":0,"activity":0.0014,"lastBolusTime":0,"time":"2023-12-27T10:01:11.773Z","iobWithZeroTemp":{"iob":-0.142,"basaliob":-0.142,"bolussnooze":0,"activity":-3.0E-4,"lastBolusTime":0,"time":"2023-12-27T10:01:11.773Z"}},{"iob":0.128,"basaliob":0.128,"bolussnooze":0,"activity":0.0014,"lastBolusTime":0,"time":"2023-12-27T10:06:11.773Z","iobWithZeroTemp":{"iob":-0.166,"basaliob":-0.166,"bolussnooze":0,"activity":-4.0E-4,"lastBolusTime":0,"time":"2023-12-27T10:06:11.773Z"}},{"iob":0.121,"basaliob":0.121,"bolussnooze":0,"activity":0.0014,"lastBolusTime":0,"time":"2023-12-27T10:11:11.773Z","iobWithZeroTemp":{"iob":-0.188,"basaliob":-0.188,"bolussnooze":0,"activity":-6.0E-4,"lastBolusTime":0,"time":"2023-12-27T10:11:11.773Z"}},{"iob":0.114,"basaliob":0.114,"bolussnooze":0,"activity":0.0013,"lastBolusTime":0,"time":"2023-12-27T10:16:11.773Z","iobWithZeroTemp":{"iob":-0.21,"basaliob":-0.21,"bolussnooze":0,"activity":-9.0E-4,"lastBolusTime":0,"time":"2023-12-27T10:16:11.773Z"}},{"iob":0.108,"basaliob":0.108,"bolussnooze":0,"activity":0.0013,"lastBolusTime":0,"time":"2023-12-27T10:21:11.773Z","iobWithZeroTemp":{"iob":-0.229,"basaliob":-0.229,"bolussnooze":0,"activity":-0.001,"lastBolusTime":0,"time":"2023-12-27T10:21:11.773Z"}},{"iob":0.101,"basaliob":0.101,"bolussnooze":0,"activity":0.0012,"lastBolusTime":0,"time":"2023-12-27T10:26:11.773Z","iobWithZeroTemp":{"iob":-0.249,"basaliob":-0.249,"bolussnooze":0,"activity":-0.0013,"lastBolusTime":0,"time":"2023-12-27T10:26:11.773Z"}},{"iob":0.095,"basaliob":0.095,"bolussnooze":0,"activity":0.0012,"lastBolusTime":0,"time":"2023-12-27T10:31:11.773Z","iobWithZeroTemp":{"iob":-0.268,"basaliob":-0.268,"bolussnooze":0,"activity":-0.0014,"lastBolusTime":0,"time":"2023-12-27T10:31:11.773Z"}},{"iob":0.09,"basaliob":0.09,"bolussnooze":0,"activity":0.0011,"lastBolusTime":0,"time":"2023-12-27T10:36:11.773Z","iobWithZeroTemp":{"iob":-0.284,"basaliob":-0.284,"bolussnooze":0,"activity":-0.0017,"lastBolusTime":0,"time":"2023-12-27T10:36:11.773Z"}},{"iob":0.084,"basaliob":0.084,"bolussnooze":0,"activity":0.0011,"lastBolusTime":0,"time":"2023-12-27T10:41:11.773Z","iobWithZeroTemp":{"iob":-0.301,"basaliob":-0.301,"bolussnooze":0,"activity":-0.0018,"lastBolusTime":0,"time":"2023-12-27T10:41:11.773Z"}},{"iob":0.079,"basaliob":0.079,"bolussnooze":0,"activity":0.001,"lastBolusTime":0,"time":"2023-12-27T10:46:11.773Z","iobWithZeroTemp":{"iob":-0.316,"basaliob":-0.316,"bolussnooze":0,"activity":-0.002,"lastBolusTime":0,"time":"2023-12-27T10:46:11.773Z"}},{"iob":0.074,"basaliob":0.074,"bolussnooze":0,"activity":0.001,"lastBolusTime":0,"time":"2023-12-27T10:51:11.773Z","iobWithZeroTemp":{"iob":-0.331,"basaliob":-0.331,"bolussnooze":0,"activity":-0.0021,"lastBolusTime":0,"time":"2023-12-27T10:51:11.773Z"}},{"iob":0.069,"basaliob":0.069,"bolussnooze":0,"activity":9.0E-4,"lastBolusTime":0,"time":"2023-12-27T10:56:11.773Z","iobWithZeroTemp":{"iob":-0.345,"basaliob":-0.345,"bolussnooze":0,"activity":-0.0024,"lastBolusTime":0,"time":"2023-12-27T10:56:11.773Z"}},{"iob":0.064,"basaliob":0.064,"bolussnooze":0,"activity":9.0E-4,"lastBolusTime":0,"time":"2023-12-27T11:01:11.773Z","iobWithZeroTemp":{"iob":-0.358,"basaliob":-0.358,"bolussnooze":0,"activity":-0.0025,"lastBolusTime":0,"time":"2023-12-27T11:01:11.773Z"}},{"iob":0.06,"basaliob":0.06,"bolussnooze":0,"activity":8.0E-4,"lastBolusTime":0,"time":"2023-12-27T11:06:11.773Z","iobWithZeroTemp":{"iob":-0.37,"basaliob":-0.37,"bolussnooze":0,"activity":-0.0027,"lastBolusTime":0,"time":"2023-12-27T11:06:11.773Z"}},{"iob":0.056,"basaliob":0.056,"bolussnooze":0,"activity":8.0E-4,"lastBolusTime":0,"time":"2023-12-27T11:11:11.773Z","iobWithZeroTemp":{"iob":-0.382,"basaliob":-0.382,"bolussnooze":0,"activity":-0.0028,"lastBolusTime":0,"time":"2023-12-27T11:11:11.773Z"}},{"iob":0.052,"basaliob":0.052,"bolussnooze":0,"activity":7.0E-4,"lastBolusTime":0,"time":"2023-12-27T11:16:11.773Z","iobWithZeroTemp":{"iob":-0.393,"basaliob":-0.393,"bolussnooze":0,"activity":-0.003,"lastBolusTime":0,"time":"2023-12-27T11:16:11.773Z"}},{"iob":0.049,"basaliob":0.049,"bolussnooze":0,"activity":7.0E-4,"lastBolusTime":0,"time":"2023-12-27T11:21:11.773Z","iobWithZeroTemp":{"iob":-0.402,"basaliob":-0.402,"bolussnooze":0,"activity":-0.0031,"lastBolusTime":0,"time":"2023-12-27T11:21:11.773Z"}},{"iob":0.045,"basaliob":0.045,"bolussnooze":0,"activity":7.0E-4,"lastBolusTime":0,"time":"2023-12-27T11:26:11.773Z","iobWithZeroTemp":{"iob":-0.412,"basaliob":-0.412,"bolussnooze":0,"activity":-0.0032,"lastBolusTime":0,"time":"2023-12-27T11:26:11.773Z"}},{"iob":0.042,"basaliob":0.042,"bolussnooze":0,"activity":6.0E-4,"lastBolusTime":0,"time":"2023-12-27T11:31:11.773Z","iobWithZeroTemp":{"iob":-0.421,"basaliob":-0.421,"bolussnooze":0,"activity":-0.0033,"lastBolusTime":0,"time":"2023-12-27T11:31:11.773Z"}},{"iob":0.039,"basaliob":0.039,"bolussnooze":0,"activity":6.0E-4,"lastBolusTime":0,"time":"2023-12-27T11:36:11.773Z","iobWithZeroTemp":{"iob":-0.429,"basaliob":-0.429,"bolussnooze":0,"activity":-0.0034,"lastBolusTime":0,"time":"2023-12-27T11:36:11.773Z"}},{"iob":0.036,"basaliob":0.036,"bolussnooze":0,"activity":5.0E-4,"lastBolusTime":0,"time":"2023-12-27T11:41:11.773Z","iobWithZeroTemp":{"iob":-0.437,"basaliob":-0.437,"bolussnooze":0,"activity":-0.0036,"lastBolusTime":0,"time":"2023-12-27T11:41:11.773Z"}},{"iob":0.034,"basaliob":0.034,"bolussnooze":0,"activity":5.0E-4,"lastBolusTime":0,"time":"2023-12-27T11:46:11.773Z","iobWithZeroTemp":{"iob":-0.443,"basaliob":-0.443,"bolussnooze":0,"activity":-0.0036,"lastBolusTime":0,"time":"2023-12-27T11:46:11.773Z"}},{"iob":0.031,"basaliob":0.031,"bolussnooze":0,"activity":5.0E-4,"lastBolusTime":0,"time":"2023-12-27T11:51:11.773Z","iobWithZeroTemp":{"iob":-0.45,"basaliob":-0.45,"bolussnooze":0,"activity":-0.0037,"lastBolusTime":0,"time":"2023-12-27T11:51:11.773Z"}},{"iob":0.029,"basaliob":0.029,"bolussnooze":0,"activity":4.0E-4,"lastBolusTime":0,"time":"2023-12-27T11:56:11.773Z","iobWithZeroTemp":{"iob":-0.456,"basaliob":-0.456,"bolussnooze":0,"activity":-0.0039,"lastBolusTime":0,"time":"2023-12-27T11:56:11.773Z"}},{"iob":0.027,"basaliob":0.027,"bolussnooze":0,"activity":4.0E-4,"lastBolusTime":0,"time":"2023-12-27T12:01:11.773Z","iobWithZeroTemp":{"iob":-0.461,"basaliob":-0.461,"bolussnooze":0,"activity":-0.0039,"lastBolusTime":0,"time":"2023-12-27T12:01:11.773Z"}},{"iob":0.025,"basaliob":0.025,"bolussnooze":0,"activity":4.0E-4,"lastBolusTime":0,"time":"2023-12-27T12:06:11.773Z","iobWithZeroTemp":{"iob":-0.467,"basaliob":-0.467,"bolussnooze":0,"activity":-0.004,"lastBolusTime":0,"time":"2023-12-27T12:06:11.773Z"}},{"iob":0.023,"basaliob":0.023,"bolussnooze":0,"activity":4.0E-4,"lastBolusTime":0,"time":"2023-12-27T12:11:11.773Z","iobWithZeroTemp":{"iob":-0.472,"basaliob":-0.472,"bolussnooze":0,"activity":-0.004,"lastBolusTime":0,"time":"2023-12-27T12:11:11.773Z"}},{"iob":0.021,"basaliob":0.021,"bolussnooze":0,"activity":3.0E-4,"lastBolusTime":0,"time":"2023-12-27T12:16:11.773Z","iobWithZeroTemp":{"iob":-0.477,"basaliob":-0.477,"bolussnooze":0,"activity":-0.0042,"lastBolusTime":0,"time":"2023-12-27T12:16:11.773Z"}},{"iob":0.02,"basaliob":0.02,"bolussnooze":0,"activity":3.0E-4,"lastBolusTime":0,"time":"2023-12-27T12:21:11.773Z","iobWithZeroTemp":{"iob":-0.48,"basaliob":-0.48,"bolussnooze":0,"activity":-0.0042,"lastBolusTime":0,"time":"2023-12-27T12:21:11.773Z"}},{"iob":0.018,"basaliob":0.018,"bolussnooze":0,"activity":3.0E-4,"lastBolusTime":0,"time":"2023-12-27T12:26:11.773Z","iobWithZeroTemp":{"iob":-0.485,"basaliob":-0.485,"bolussnooze":0,"activity":-0.0042,"lastBolusTime":0,"time":"2023-12-27T12:26:11.773Z"}},{"iob":0.017,"basaliob":0.017,"bolussnooze":0,"activity":3.0E-4,"lastBolusTime":0,"time":"2023-12-27T12:31:11.773Z","iobWithZeroTemp":{"iob":-0.488,"basaliob":-0.488,"bolussnooze":0,"activity":-0.0043,"lastBolusTime":0,"time":"2023-12-27T12:31:11.773Z"}},{"iob":0.015,"basaliob":0.015,"bolussnooze":0,"activity":3.0E-4,"lastBolusTime":0,"time":"2023-12-27T12:36:11.773Z","iobWithZeroTemp":{"iob":-0.492,"basaliob":-0.492,"bolussnooze":0,"activity":-0.0043,"lastBolusTime":0,"time":"2023-12-27T12:36:11.773Z"}},{"iob":0.014,"basaliob":0.014,"bolussnooze":0,"activity":2.0E-4,"lastBolusTime":0,"time":"2023-12-27T12:41:11.773Z","iobWithZeroTemp":{"iob":-0.495,"basaliob":-0.495,"bolussnooze":0,"activity":-0.0044,"lastBolusTime":0,"time":"2023-12-27T12:41:11.773Z"}},{"iob":0.013,"basaliob":0.013,"bolussnooze":0,"activity":2.0E-4,"lastBolusTime":0,"time":"2023-12-27T12:46:11.773Z","iobWithZeroTemp":{"iob":-0.498,"basaliob":-0.498,"bolussnooze":0,"activity":-0.0045,"lastBolusTime":0,"time":"2023-12-27T12:46:11.773Z"}},{"iob":0.012,"basaliob":0.012,"bolussnooze":0,"activity":2.0E-4,"lastBolusTime":0,"time":"2023-12-27T12:51:11.773Z","iobWithZeroTemp":{"iob":-0.5,"basaliob":-0.5,"bolussnooze":0,"activity":-0.0045,"lastBolusTime":0,"time":"2023-12-27T12:51:11.773Z"}}],"profile":{"max_iob":4,"type":"current","max_daily_basal":0.5,"max_basal":1.2,"min_bg":100.8,"max_bg":100.8,"target_bg":100.8,"carb_ratio":30,"sens":126,"max_daily_safety_multiplier":3,"current_basal_safety_multiplier":4,"lgsThreshold":65,"high_temptarget_raises_sensitivity":false,"low_temptarget_lowers_sensitivity":false,"sensitivity_raises_target":true,"resistance_lowers_target":true,"adv_target_adjustments":false,"exercise_mode":false,"half_basal_exercise_target":160,"maxCOB":120,"skip_neutral_temps":false,"remainingCarbsCap":90,"enableUAM":true,"A52_risk_enable":false,"SMBInterval":3,"enableSMB_with_COB":true,"enableSMB_with_temptarget":true,"allowSMB_with_high_temptarget":false,"enableSMB_always":false,"enableSMB_after_carbs":false,"maxSMBBasalMinutes":75,"maxUAMSMBBasalMinutes":75,"bolus_increment":0.05,"carbsReqThreshold":10,"current_basal":0.3,"temptargetSet":false,"autosens_max":1.2,"autosens_min":0.7,"out_units":"mmol\/L","variable_sens":155.9,"insulinDivisor":65,"TDD":11.395979761904762},"autosens_data":{"ratio":1},"meal_data":{"carbs":0,"mealCOB":0,"slopeFromMaxDeviation":-3.125,"slopeFromMinDeviation":0,"lastBolusTime":1703594420788,"lastCarbTime":0},"microBolusAllowed":true,"currentTime":1703667373284,"flatBGsDetected":false,"tdd1D":15.216666666666669,"tdd7D":11.563690476190475,"tddLast24H":11.00416666666666,"tddLast4H":1.225,"tddLast8to4H":1.2541666666666669},"output":{"temp":"absolute","bg":114,"tick":-9,"eventualBG":88,"targetBG":100.8,"insulinReq":0,"deliverAt":"2023-12-27T08:56:13.284Z","sensitivityRatio":1,"variable_sens":155.9,"predBGs":{"IOB":[114,106,98,91,85,79,73,68,64,60,57,54,52,50,48,46,44,42,40,39],"ZT":[114,114,113,113,112,111,110,110,109,108,108,108,108,108,108,108,109,109]},"reason":"COB: 0, Dev: 0.4, BGI: 0.0, ISF: 8.7, CR: 30, Target: 5.6, minPredBG 4.1, minGuardBG 0.5, IOBpredBG 2.2; minGuardBG 0.5<3.9","COB":0,"IOB":0.216,"duration":120,"rate":0,"timestamp":"2023-12-27T08:56:13.338Z"}}