{"algorithm":"OpenAPSSMBDynamicISFPlugin","input":{"glucoseStatus":{"glucose":172,"noise":0,"delta":-3.67,"short_avgdelta":-3.67,"long_avgdelta":-2.37,"date":1703806522797},"currenttemp":{"temp":"absolute","duration":20,"rate":0.55,"minutesrunning":10},"iob_data":[{"iob":0.822,"basaliob":0.822,"bolussnooze":0,"activity":0.0077,"lastBolusTime":0,"time":"2023-12-28T23:36:13.793Z","iobWithZeroTemp":{"iob":0.822,"basaliob":0.822,"bolussnooze":0,"activity":0.0077,"lastBolusTime":0,"time":"2023-12-28T23:36:13.793Z"}},{"iob":0.784,"basaliob":0.784,"bolussnooze":0,"activity":0.0077,"lastBolusTime":0,"time":"2023-12-28T23:41:13.793Z","iobWithZeroTemp":{"iob":0.767,"basaliob":0.767,"bolussnooze":0,"activity":0.0077,"lastBolusTime":0,"time":"2023-12-28T23:41:13.793Z"}},{"iob":0.746,"basaliob":0.746,"bolussnooze":0,"activity":0.0076,"lastBolusTime":0,"time":"2023-12-28T23:46:13.793Z","iobWithZeroTemp":{"iob":0.709,"basaliob":0.709,"bolussnooze":0,"activity":0.0075,"lastBolusTime":0,"time":"2023-12-28T23:46:13.793Z"}},{"iob":0.708,"basaliob":0.708,"bolussnooze":0,"activity":0.0075,"lastBolusTime":0,"time":"2023-12-28T23:51:13.793Z","iobWithZeroTemp":{"iob":0.65,"basaliob":0.65,"bolussnooze":0,"activity":0.0074,"lastBolusTime":0,"time":"2023-12-28T23:51:13.793Z"}},{"iob":0.671,"basaliob":0.671,"bolussnooze":0,"activity":0.0073,"lastBolusTime":0,"time":"2023-12-28T23:56:13.793Z","iobWithZeroTemp":{"iob":0.593,"basaliob":0.593,"bolussnooze":0,"activity":0.0071,"lastBolusTime":0,"time":"2023-12-28T23:56:13.793Z"}},{"iob":0.635,"basaliob":0.635,"bolussnooze":0,"activity":0.0071,"lastBolusTime":0,"time":"2023-12-29T00:01:13.793Z","iobWithZeroTemp":{"iob":0.538,"basaliob":0.538,"bolussnooze":0,"activity":0.0068,"lastBolusTime":0,"time":"2023-12-29T00:01:13.793Z"}},{"iob":0.599,"basaliob":0.599,"bolussnooze":0,"activity":0.0069,"lastBolusTime":0,"time":"2023-12-29T00:06:13.793Z","iobWithZeroTemp":{"iob":0.483,"basaliob":0.483,"bolussnooze":0,"activity":0.0065,"lastBolusTime":0,"time":"2023-12-29T00:06:13.793Z"}},{"iob":0.565,"basaliob":0.565,"bolussnooze":0,"activity":0.0067,"lastBolusTime":0,"time":"2023-12-29T00:11:13.793Z","iobWithZeroTemp":{"iob":0.43,"basaliob":0.43,"bolussnooze":0,"activity":0.0062,"lastBolusTime":0,"time":"2023-12-29T00:11:13.793Z"}},{"iob":0.532,"basaliob":0.532,"bolussnooze":0,"activity":0.0064,"lastBolusTime":0,"time":"2023-12-29T00:16:13.793Z","iobWithZeroTemp":{"iob":0.379,"basaliob":0.379,"bolussnooze":0,"activity":0.0057,"lastBolusTime":0,"time":"2023-12-29T00:16:13.793Z"}},{"iob":0.501,"basaliob":0.501,"bolussnooze":0,"activity":0.0062,"lastBolusTime":0,"time":"2023-12-29T00:21:13.793Z","iobWithZeroTemp":{"iob":0.331,"basaliob":0.331,"bolussnooze":0,"activity":0.0054,"lastBolusTime":0,"time":"2023-12-29T00:21:13.793Z"}},{"iob":0.471,"basaliob":0.471,"bolussnooze":0,"activity":0.0059,"lastBolusTime":0,"time":"2023-12-29T00:26:13.793Z","iobWithZeroTemp":{"iob":0.285,"basaliob":0.285,"bolussnooze":0,"activity":0.0049,"lastBolusTime":0,"time":"2023-12-29T00:26:13.793Z"}},{"iob":0.442,"basaliob":0.442,"bolussnooze":0,"activity":0.0057,"lastBolusTime":0,"time":"2023-12-29T00:31:13.793Z","iobWithZeroTemp":{"iob":0.24,"basaliob":0.24,"bolussnooze":0,"activity":0.0046,"lastBolusTime":0,"time":"2023-12-29T00:31:13.793Z"}},{"iob":0.414,"basaliob":0.414,"bolussnooze":0,"activity":0.0054,"lastBolusTime":0,"time":"2023-12-29T00:36:13.793Z","iobWithZeroTemp":{"iob":0.197,"basaliob":0.197,"bolussnooze":0,"activity":0.0042,"lastBolusTime":0,"time":"2023-12-29T00:36:13.793Z"}},{"iob":0.387,"basaliob":0.387,"bolussnooze":0,"activity":0.0051,"lastBolusTime":0,"time":"2023-12-29T00:41:13.793Z","iobWithZeroTemp":{"iob":0.156,"basaliob":0.156,"bolussnooze":0,"activity":0.0037,"lastBolusTime":0,"time":"2023-12-29T00:41:13.793Z"}},{"iob":0.362,"basaliob":0.362,"bolussnooze":0,"activity":0.0049,"lastBolusTime":0,"time":"2023-12-29T00:46:13.793Z","iobWithZeroTemp":{"iob":0.117,"basaliob":0.117,"bolussnooze":0,"activity":0.0034,"lastBolusTime":0,"time":"2023-12-29T00:46:13.793Z"}},{"iob":0.339,"basaliob":0.339,"bolussnooze":0,"activity":0.0046,"lastBolusTime":0,"time":"2023-12-29T00:51:13.793Z","iobWithZeroTemp":{"iob":0.082,"basaliob":0.082,"bolussnooze":0,"activity":0.0029,"lastBolusTime":0,"time":"2023-12-29T00:51:13.793Z"}},{"iob":0.316,"basaliob":0.316,"bolussnooze":0,"activity":0.0044,"lastBolusTime":0,"time":"2023-12-29T00:56:13.793Z","iobWithZeroTemp":{"iob":0.046,"basaliob":0.046,"bolussnooze":0,"activity":0.0026,"lastBolusTime":0,"time":"2023-12-29T00:56:13.793Z"}},{"iob":0.295,"basaliob":0.295,"bolussnooze":0,"activity":0.0041,"lastBolusTime":0,"time":"2023-12-29T01:01:13.793Z","iobWithZeroTemp":{"iob":0.014,"basaliob":0.014,"bolussnooze":0,"activity":0.0022,"lastBolusTime":0,"time":"2023-12-29T01:01:13.793Z"}},{"iob":0.275,"basaliob":0.275,"bolussnooze":0,"activity":0.0039,"lastBolusTime":0,"time":"2023-12-29T01:06:13.793Z","iobWithZeroTemp":{"iob":-0.017,"basaliob":-0.017,"bolussnooze":0,"activity":0.0018,"lastBolusTime":0,"time":"2023-12-29T01:06:13.793Z"}},{"iob":0.256,"basaliob":0.256,"bolussnooze":0,"activity":0.0037,"lastBolusTime":0,"time":"2023-12-29T01:11:13.793Z","iobWithZeroTemp":{"iob":-0.046,"basaliob":-0.046,"bolussnooze":0,"activity":0.0015,"lastBolusTime":0,"time":"2023-12-29T01:11:13.793Z"}},{"iob":0.238,"basaliob":0.238,"bolussnooze":0,"activity":0.0035,"lastBolusTime":0,"time":"2023-12-29T01:16:13.793Z","iobWithZeroTemp":{"iob":-0.074,"basaliob":-0.074,"bolussnooze":0,"activity":0.0012,"lastBolusTime":0,"time":"2023-12-29T01:16:13.793Z"}},{"iob":0.221,"basaliob":0.221,"bolussnooze":0,"activity":0.0033,"lastBolusTime":0,"time":"2023-12-29T01:21:13.793Z","iobWithZeroTemp":{"iob":-0.1,"basaliob":-0.1,"bolussnooze":0,"activity":9.0E-4,"lastBolusTime":0,"time":"2023-12-29T01:21:13.793Z"}},{"iob":0.205,"basaliob":0.205,"bolussnooze":0,"activity":0.0031,"lastBolusTime":0,"time":"2023-12-29T01:26:13.793Z","iobWithZeroTemp":{"iob":-0.125,"basaliob":-0.125,"bolussnooze":0,"activity":6.0E-4,"lastBolusTime":0,"time":"2023-12-29T01:26:13.793Z"}},{"iob":0.19,"basaliob":0.19,"bolussnooze":0,"activity":0.0029,"lastBolusTime":0,"time":"2023-12-29T01:31:13.793Z","iobWithZeroTemp":{"iob":-0.148,"basaliob":-0.148,"bolussnooze":0,"activity":3.0E-4,"lastBolusTime":0,"time":"2023-12-29T01:31:13.793Z"}},{"iob":0.177,"basaliob":0.177,"bolussnooze":0,"activity":0.0027,"lastBolusTime":0,"time":"2023-12-29T01:36:13.793Z","iobWithZeroTemp":{"iob":-0.168,"basaliob":-0.168,"bolussnooze":0,"activity":0,"lastBolusTime":0,"time":"2023-12-29T01:36:13.793Z"}},{"iob":0.164,"basaliob":0.164,"bolussnooze":0,"activity":0.0025,"lastBolusTime":0,"time":"2023-12-29T01:41:13.793Z","iobWithZeroTemp":{"iob":-0.188,"basaliob":-0.188,"bolussnooze":0,"activity":-3.0E-4,"lastBolusTime":0,"time":"2023-12-29T01:41:13.793Z"}},{"iob":0.151,"basaliob":0.151,"bolussnooze":0,"activity":0.0023,"lastBolusTime":0,"time":"2023-12-29T01:46:13.793Z","iobWithZeroTemp":{"iob":-0.208,"basaliob":-0.208,"bolussnooze":0,"activity":-6.0E-4,"lastBolusTime":0,"time":"2023-12-29T01:46:13.793Z"}},{"iob":0.14,"basaliob":0.14,"bolussnooze":0,"activity":0.0022,"lastBolusTime":0,"time":"2023-12-29T01:51:13.793Z","iobWithZeroTemp":{"iob":-0.225,"basaliob":-0.225,"bolussnooze":0,"activity":-8.0E-4,"lastBolusTime":0,"time":"2023-12-29T01:51:13.793Z"}},{"iob":0.13,"basaliob":0.13,"bolussnooze":0,"activity":0.002,"lastBolusTime":0,"time":"2023-12-29T01:56:13.793Z","iobWithZeroTemp":{"iob":-0.241,"basaliob":-0.241,"bolussnooze":0,"activity":-0.0011,"lastBolusTime":0,"time":"2023-12-29T01:56:13.793Z"}},{"iob":0.12,"basaliob":0.12,"bolussnooze":0,"activity":0.0019,"lastBolusTime":0,"time":"2023-12-29T02:01:13.793Z","iobWithZeroTemp":{"iob":-0.256,"basaliob":-0.256,"bolussnooze":0,"activity":-0.0012,"lastBolusTime":0,"time":"2023-12-29T02:01:13.793Z"}},{"iob":0.11,"basaliob":0.11,"bolussnooze":0,"activity":0.0018,"lastBolusTime":0,"time":"2023-12-29T02:06:13.793Z","iobWithZeroTemp":{"iob":-0.271,"basaliob":-0.271,"bolussnooze":0,"activity":-0.0014,"lastBolusTime":0,"time":"2023-12-29T02:06:13.793Z"}},{"iob":0.102,"basaliob":0.102,"bolussnooze":0,"activity":0.0017,"lastBolusTime":0,"time":"2023-12-29T02:11:13.793Z","iobWithZeroTemp":{"iob":-0.283,"basaliob":-0.283,"bolussnooze":0,"activity":-0.0016,"lastBolusTime":0,"time":"2023-12-29T02:11:13.793Z"}},{"iob":0.094,"basaliob":0.094,"bolussnooze":0,"activity":0.0015,"lastBolusTime":0,"time":"2023-12-29T02:16:13.793Z","iobWithZeroTemp":{"iob":-0.296,"basaliob":-0.296,"bolussnooze":0,"activity":-0.0018,"lastBolusTime":0,"time":"2023-12-29T02:16:13.793Z"}},{"iob":0.087,"basaliob":0.087,"bolussnooze":0,"activity":0.0014,"lastBolusTime":0,"time":"2023-12-29T02:21:13.793Z","iobWithZeroTemp":{"iob":-0.307,"basaliob":-0.307,"bolussnooze":0,"activity":-0.002,"lastBolusTime":0,"time":"2023-12-29T02:21:13.793Z"}},{"iob":0.08,"basaliob":0.08,"bolussnooze":0,"activity":0.0013,"lastBolusTime":0,"time":"2023-12-29T02:26:13.793Z","iobWithZeroTemp":{"iob":-0.317,"basaliob":-0.317,"bolussnooze":0,"activity":-0.0022,"lastBolusTime":0,"time":"2023-12-29T02:26:13.793Z"}},{"iob":0.073,"basaliob":0.073,"bolussnooze":0,"activity":0.0012,"lastBolusTime":0,"time":"2023-12-29T02:31:13.793Z","iobWithZeroTemp":{"iob":-0.328,"basaliob":-0.328,"bolussnooze":0,"activity":-0.0023,"lastBolusTime":0,"time":"2023-12-29T02:31:13.793Z"}},{"iob":0.067,"basaliob":0.067,"bolussnooze":0,"activity":0.0011,"lastBolusTime":0,"time":"2023-12-29T02:36:13.793Z","iobWithZeroTemp":{"iob":-0.337,"basaliob":-0.337,"bolussnooze":0,"activity":-0.0025,"lastBolusTime":0,"time":"2023-12-29T02:36:13.793Z"}},{"iob":0.062,"basaliob":0.062,"bolussnooze":0,"activity":0.0011,"lastBolusTime":0,"time":"2023-12-29T02:41:13.793Z","iobWithZeroTemp":{"iob":-0.345,"basaliob":-0.345,"bolussnooze":0,"activity":-0.0025,"lastBolusTime":0,"time":"2023-12-29T02:41:13.793Z"}},{"iob":0.057,"basaliob":0.057,"bolussnooze":0,"activity":0.001,"lastBolusTime":0,"time":"2023-12-29T02:46:13.793Z","iobWithZeroTemp":{"iob":-0.353,"basaliob":-0.353,"bolussnooze":0,"activity":-0.0026,"lastBolusTime":0,"time":"2023-12-29T02:46:13.793Z"}},{"iob":0.052,"basaliob":0.052,"bolussnooze":0,"activity":9.0E-4,"lastBolusTime":0,"time":"2023-12-29T02:51:13.793Z","iobWithZeroTemp":{"iob":-0.36,"basaliob":-0.36,"bolussnooze":0,"activity":-0.0028,"lastBolusTime":0,"time":"2023-12-29T02:51:13.793Z"}},{"iob":0.048,"basaliob":0.048,"bolussnooze":0,"activity":8.0E-4,"lastBolusTime":0,"time":"2023-12-29T02:56:13.793Z","iobWithZeroTemp":{"iob":-0.367,"basaliob":-0.367,"bolussnooze":0,"activity":-0.0029,"lastBolusTime":0,"time":"2023-12-29T02:56:13.793Z"}},{"iob":0.044,"basaliob":0.044,"bolussnooze":0,"activity":8.0E-4,"lastBolusTime":0,"time":"2023-12-29T03:01:13.793Z","iobWithZeroTemp":{"iob":-0.373,"basaliob":-0.373,"bolussnooze":0,"activity":-0.003,"lastBolusTime":0,"time":"2023-12-29T03:01:13.793Z"}},{"iob":0.04,"basaliob":0.04,"bolussnooze":0,"activity":7.0E-4,"lastBolusTime":0,"time":"2023-12-29T03:06:13.793Z","iobWithZeroTemp":{"iob":-0.379,"basaliob":-0.379,"bolussnooze":0,"activity":-0.0031,"lastBolusTime":0,"time":"2023-12-29T03:06:13.793Z"}},{"iob":0.037,"basaliob":0.037,"bolussnooze":0,"activity":7.0E-4,"lastBolusTime":0,"time":"2023-12-29T03:11:13.793Z","iobWithZeroTemp":{"iob":-0.384,"basaliob":-0.384,"bolussnooze":0,"activity":-0.0031,"lastBolusTime":0,"time":"2023-12-29T03:11:13.793Z"}},{"iob":0.033,"basaliob":0.033,"bolussnooze":0,"activity":6.0E-4,"lastBolusTime":0,"time":"2023-12-29T03:16:13.793Z","iobWithZeroTemp":{"iob":-0.389,"basaliob":-0.389,"bolussnooze":0,"activity":-0.0032,"lastBolusTime":0,"time":"2023-12-29T03:16:13.793Z"}},{"iob":0.03,"basaliob":0.03,"bolussnooze":0,"activity":6.0E-4,"lastBolusTime":0,"time":"2023-12-29T03:21:13.793Z","iobWithZeroTemp":{"iob":-0.394,"basaliob":-0.394,"bolussnooze":0,"activity":-0.0033,"lastBolusTime":0,"time":"2023-12-29T03:21:13.793Z"}},{"iob":0.028,"basaliob":0.028,"bolussnooze":0,"activity":5.0E-4,"lastBolusTime":0,"time":"2023-12-29T03:26:13.793Z","iobWithZeroTemp":{"iob":-0.397,"basaliob":-0.397,"bolussnooze":0,"activity":-0.0034,"lastBolusTime":0,"time":"2023-12-29T03:26:13.793Z"}},{"iob":0.025,"basaliob":0.025,"bolussnooze":0,"activity":5.0E-4,"lastBolusTime":0,"time":"2023-12-29T03:31:13.793Z","iobWithZeroTemp":{"iob":-0.402,"basaliob":-0.402,"bolussnooze":0,"activity":-0.0034,"lastBolusTime":0,"time":"2023-12-29T03:31:13.793Z"}}],"profile":{"max_iob":4,"type":"current","max_daily_basal":0.5,"max_basal":1,"min_bg":99,"max_bg":99,"target_bg":99,"carb_ratio":25,"sens":142.20000000000002,"max_daily_safety_multiplier":3,"current_basal_safety_multiplier":4,"lgsThreshold":65,"high_temptarget_raises_sensitivity":false,"low_temptarget_lowers_sensitivity":false,"sensitivity_raises_target":true,"resistance_lowers_target":true,"adv_target_adjustments":false,"exercise_mode":false,"half_basal_exercise_target":160,"maxCOB":120,"skip_neutral_temps":false,"remainingCarbsCap":90,"enableUAM":true,"A52_risk_enable":false,"SMBInterval":3,"enableSMB_with_COB":true,"enableSMB_with_temptarget":true,"allowSMB_with_high_temptarget":false,"enableSMB_always":false,"enableSMB_after_carbs":false,"maxSMBBasalMinutes":75,"maxUAMSMBBasalMinutes":75,"bolus_increment":0.05,"carbsReqThreshold":10,"current_basal":0.25,"temptargetSet":false,"autosens_max":1.2,"autosens_min":0.7,"out_units":"mmol\/L","variable_sens":90.3,"insulinDivisor":65,"TDD":15.403353571428571},"autosens_data":{"ratio":1},"meal_data":{"carbs":0,"mealCOB":0,"slopeFromMaxDeviation":-1.0212500000000002,"slopeFromMinDeviation":0.6773333333333333,"lastBolusTime":1703754675154,"lastCarbTime":0},"microBolusAllowed":true,"currentTime":1703806575240,"flatBGsDetected":false,"tdd1D":13.720833333333326,"tdd7D":12.419642857142856,"tddLast24H":14.154166666666658,"tddLast4H":3.750000000000001,"tddLast8to4H":2.4500000000000006},"output":{"temp":"absolute","bg":172,"tick":-4,"eventualBG":105,"targetBG":99,"insulinReq":0.02,"deliverAt":"2023-12-28T23:36:15.240Z","sensitivityRatio":1,"variable_sens":90.3,"predBGs":{"IOB":[172,168,165,161,157,154,150,147,143,140,137,134,131,128,125,123,120,118,115,113,111,109,107,105,103,102,100,99,97,96,95,94,92,92,91,90,89,88,87,87,86,86,85,84,84,84,83],"ZT":[172,169,165,162,158,155,151,148,145,142,140,137,135,133,131,129,127,126,125,124,123,122,122,121,121,121,121,122,122,123,123]},"reason":"COB: 0, Dev: 0.4, BGI: -0.2, ISF: 5.0, CR: 25, Target: 5.5, minPredBG 5.7, minGuardBG 4.6, IOBpredBG 4.6; Eventual BG 5.8 >= 5.5, 20m@0.55 > 2 * insulinReq. Setting temp basal of 0.29U\/hr. ","COB":0,"IOB":0.822,"duration":30,"rate":0.29,"timestamp":"2023-12-28T23:36:15.266Z"}}