{"algorithm":"OpenAPSSMBDynamicISFPlugin","input":{"glucoseStatus":{"glucose":160,"noise":0,"delta":-2.67,"short_avgdelta":-1.67,"long_avgdelta":5.79,"date":1703701200000},"currenttemp":{"temp":"absolute","duration":25,"rate":0.9,"minutesrunning":5},"iob_data":[{"iob":0.481,"basaliob":0.479,"bolussnooze":0,"activity":0.0025,"lastBolusTime":1703681471121,"time":"2023-12-27T18:21:11.950Z","iobWithZeroTemp":{"iob":0.481,"basaliob":0.479,"bolussnooze":0,"activity":0.0025,"lastBolusTime":1703681471121,"time":"2023-12-27T18:21:11.950Z"}},{"iob":0.468,"basaliob":0.466,"bolussnooze":0,"activity":0.0028,"lastBolusTime":1703681471121,"time":"2023-12-27T18:26:11.950Z","iobWithZeroTemp":{"iob":0.441,"basaliob":0.439,"bolussnooze":0,"activity":0.0028,"lastBolusTime":1703681471121,"time":"2023-12-27T18:26:11.950Z"}},{"iob":0.453,"basaliob":0.451,"bolussnooze":0,"activity":0.0031,"lastBolusTime":1703681471121,"time":"2023-12-27T18:31:11.950Z","iobWithZeroTemp":{"iob":0.393,"basaliob":0.391,"bolussnooze":0,"activity":0.003,"lastBolusTime":1703681471121,"time":"2023-12-27T18:31:11.950Z"}},{"iob":0.437,"basaliob":0.435,"bolussnooze":0,"activity":0.0032,"lastBolusTime":1703681471121,"time":"2023-12-27T18:36:11.950Z","iobWithZeroTemp":{"iob":0.345,"basaliob":0.343,"bolussnooze":0,"activity":0.003,"lastBolusTime":1703681471121,"time":"2023-12-27T18:36:11.950Z"}},{"iob":0.42,"basaliob":0.419,"bolussnooze":0,"activity":0.0034,"lastBolusTime":1703681471121,"time":"2023-12-27T18:41:11.950Z","iobWithZeroTemp":{"iob":0.295,"basaliob":0.294,"bolussnooze":0,"activity":0.0031,"lastBolusTime":1703681471121,"time":"2023-12-27T18:41:11.950Z"}},{"iob":0.403,"basaliob":0.402,"bolussnooze":0,"activity":0.0034,"lastBolusTime":1703681471121,"time":"2023-12-27T18:46:11.950Z","iobWithZeroTemp":{"iob":0.247,"basaliob":0.246,"bolussnooze":0,"activity":0.0029,"lastBolusTime":1703681471121,"time":"2023-12-27T18:46:11.950Z"}},{"iob":0.385,"basaliob":0.384,"bolussnooze":0,"activity":0.0035,"lastBolusTime":1703681471121,"time":"2023-12-27T18:51:11.950Z","iobWithZeroTemp":{"iob":0.199,"basaliob":0.198,"bolussnooze":0,"activity":0.0028,"lastBolusTime":1703681471121,"time":"2023-12-27T18:51:11.950Z"}},{"iob":0.368,"basaliob":0.367,"bolussnooze":0,"activity":0.0035,"lastBolusTime":1703681471121,"time":"2023-12-27T18:56:11.950Z","iobWithZeroTemp":{"iob":0.152,"basaliob":0.151,"bolussnooze":0,"activity":0.0026,"lastBolusTime":1703681471121,"time":"2023-12-27T18:56:11.950Z"}},{"iob":0.35,"basaliob":0.349,"bolussnooze":0,"activity":0.0035,"lastBolusTime":1703681471121,"time":"2023-12-27T19:01:11.950Z","iobWithZeroTemp":{"iob":0.106,"basaliob":0.105,"bolussnooze":0,"activity":0.0024,"lastBolusTime":1703681471121,"time":"2023-12-27T19:01:11.950Z"}},{"iob":0.333,"basaliob":0.332,"bolussnooze":0,"activity":0.0034,"lastBolusTime":1703681471121,"time":"2023-12-27T19:06:11.950Z","iobWithZeroTemp":{"iob":0.061,"basaliob":0.06,"bolussnooze":0,"activity":0.0021,"lastBolusTime":1703681471121,"time":"2023-12-27T19:06:11.950Z"}},{"iob":0.316,"basaliob":0.315,"bolussnooze":0,"activity":0.0034,"lastBolusTime":1703681471121,"time":"2023-12-27T19:11:11.950Z","iobWithZeroTemp":{"iob":0.018,"basaliob":0.017,"bolussnooze":0,"activity":0.0019,"lastBolusTime":1703681471121,"time":"2023-12-27T19:11:11.950Z"}},{"iob":0.299,"basaliob":0.298,"bolussnooze":0,"activity":0.0033,"lastBolusTime":1703681471121,"time":"2023-12-27T19:16:11.950Z","iobWithZeroTemp":{"iob":-0.024,"basaliob":-0.025,"bolussnooze":0,"activity":0.0015,"lastBolusTime":1703681471121,"time":"2023-12-27T19:16:11.950Z"}},{"iob":0.283,"basaliob":0.282,"bolussnooze":0,"activity":0.0032,"lastBolusTime":1703681471121,"time":"2023-12-27T19:21:11.950Z","iobWithZeroTemp":{"iob":-0.064,"basaliob":-0.065,"bolussnooze":0,"activity":0.0012,"lastBolusTime":1703681471121,"time":"2023-12-27T19:21:11.950Z"}},{"iob":0.266,"basaliob":0.266,"bolussnooze":0,"activity":0.0031,"lastBolusTime":1703681471121,"time":"2023-12-27T19:26:11.950Z","iobWithZeroTemp":{"iob":-0.104,"basaliob":-0.104,"bolussnooze":0,"activity":9.0E-4,"lastBolusTime":1703681471121,"time":"2023-12-27T19:26:11.950Z"}},{"iob":0.251,"basaliob":0.251,"bolussnooze":0,"activity":0.003,"lastBolusTime":1703681471121,"time":"2023-12-27T19:31:11.950Z","iobWithZeroTemp":{"iob":-0.14,"basaliob":-0.14,"bolussnooze":0,"activity":6.0E-4,"lastBolusTime":1703681471121,"time":"2023-12-27T19:31:11.950Z"}},{"iob":0.236,"basaliob":0.236,"bolussnooze":0,"activity":0.0029,"lastBolusTime":1703681471121,"time":"2023-12-27T19:36:11.950Z","iobWithZeroTemp":{"iob":-0.176,"basaliob":-0.176,"bolussnooze":0,"activity":2.0E-4,"lastBolusTime":1703681471121,"time":"2023-12-27T19:36:11.950Z"}},{"iob":0.222,"basaliob":0.222,"bolussnooze":0,"activity":0.0028,"lastBolusTime":1703681471121,"time":"2023-12-27T19:41:11.950Z","iobWithZeroTemp":{"iob":-0.209,"basaliob":-0.209,"bolussnooze":0,"activity":-1.0E-4,"lastBolusTime":1703681471121,"time":"2023-12-27T19:41:11.950Z"}},{"iob":0.209,"basaliob":0.209,"bolussnooze":0,"activity":0.0026,"lastBolusTime":1703681471121,"time":"2023-12-27T19:46:11.950Z","iobWithZeroTemp":{"iob":-0.241,"basaliob":-0.241,"bolussnooze":0,"activity":-5.0E-4,"lastBolusTime":1703681471121,"time":"2023-12-27T19:46:11.950Z"}},{"iob":0.196,"basaliob":0.196,"bolussnooze":0,"activity":0.0025,"lastBolusTime":1703681471121,"time":"2023-12-27T19:51:11.950Z","iobWithZeroTemp":{"iob":-0.271,"basaliob":-0.271,"bolussnooze":0,"activity":-8.0E-4,"lastBolusTime":1703681471121,"time":"2023-12-27T19:51:11.950Z"}},{"iob":0.183,"basaliob":0.183,"bolussnooze":0,"activity":0.0024,"lastBolusTime":1703681471121,"time":"2023-12-27T19:56:11.950Z","iobWithZeroTemp":{"iob":-0.301,"basaliob":-0.301,"bolussnooze":0,"activity":-0.0011,"lastBolusTime":1703681471121,"time":"2023-12-27T19:56:11.950Z"}},{"iob":0.172,"basaliob":0.172,"bolussnooze":0,"activity":0.0023,"lastBolusTime":1703681471121,"time":"2023-12-27T20:01:11.950Z","iobWithZeroTemp":{"iob":-0.327,"basaliob":-0.327,"bolussnooze":0,"activity":-0.0014,"lastBolusTime":1703681471121,"time":"2023-12-27T20:01:11.950Z"}},{"iob":0.161,"basaliob":0.161,"bolussnooze":0,"activity":0.0022,"lastBolusTime":1703681471121,"time":"2023-12-27T20:06:11.950Z","iobWithZeroTemp":{"iob":-0.361,"basaliob":-0.361,"bolussnooze":0,"activity":-0.0017,"lastBolusTime":1703681471121,"time":"2023-12-27T20:06:11.950Z"}},{"iob":0.15,"basaliob":0.15,"bolussnooze":0,"activity":0.0021,"lastBolusTime":1703681471121,"time":"2023-12-27T20:11:11.950Z","iobWithZeroTemp":{"iob":-0.394,"basaliob":-0.394,"bolussnooze":0,"activity":-0.002,"lastBolusTime":1703681471121,"time":"2023-12-27T20:11:11.950Z"}},{"iob":0.14,"basaliob":0.14,"bolussnooze":0,"activity":0.0019,"lastBolusTime":1703681471121,"time":"2023-12-27T20:16:11.950Z","iobWithZeroTemp":{"iob":-0.425,"basaliob":-0.425,"bolussnooze":0,"activity":-0.0023,"lastBolusTime":1703681471121,"time":"2023-12-27T20:16:11.950Z"}},{"iob":0.13,"basaliob":0.13,"bolussnooze":0,"activity":0.0018,"lastBolusTime":1703681471121,"time":"2023-12-27T20:21:11.950Z","iobWithZeroTemp":{"iob":-0.455,"basaliob":-0.455,"bolussnooze":0,"activity":-0.0026,"lastBolusTime":1703681471121,"time":"2023-12-27T20:21:11.950Z"}},{"iob":0.122,"basaliob":0.122,"bolussnooze":0,"activity":0.0017,"lastBolusTime":1703681471121,"time":"2023-12-27T20:26:11.950Z","iobWithZeroTemp":{"iob":-0.482,"basaliob":-0.482,"bolussnooze":0,"activity":-0.0029,"lastBolusTime":1703681471121,"time":"2023-12-27T20:26:11.950Z"}},{"iob":0.113,"basaliob":0.113,"bolussnooze":0,"activity":0.0016,"lastBolusTime":1703681471121,"time":"2023-12-27T20:31:11.950Z","iobWithZeroTemp":{"iob":-0.509,"basaliob":-0.509,"bolussnooze":0,"activity":-0.0032,"lastBolusTime":1703681471121,"time":"2023-12-27T20:31:11.950Z"}},{"iob":0.105,"basaliob":0.105,"bolussnooze":0,"activity":0.0015,"lastBolusTime":1703681471121,"time":"2023-12-27T20:36:11.950Z","iobWithZeroTemp":{"iob":-0.534,"basaliob":-0.534,"bolussnooze":0,"activity":-0.0035,"lastBolusTime":1703681471121,"time":"2023-12-27T20:36:11.950Z"}},{"iob":0.098,"basaliob":0.098,"bolussnooze":0,"activity":0.0014,"lastBolusTime":1703681471121,"time":"2023-12-27T20:41:11.950Z","iobWithZeroTemp":{"iob":-0.557,"basaliob":-0.557,"bolussnooze":0,"activity":-0.0038,"lastBolusTime":1703681471121,"time":"2023-12-27T20:41:11.950Z"}},{"iob":0.091,"basaliob":0.091,"bolussnooze":0,"activity":0.0014,"lastBolusTime":1703681471121,"time":"2023-12-27T20:46:11.950Z","iobWithZeroTemp":{"iob":-0.579,"basaliob":-0.579,"bolussnooze":0,"activity":-0.004,"lastBolusTime":1703681471121,"time":"2023-12-27T20:46:11.950Z"}},{"iob":0.084,"basaliob":0.084,"bolussnooze":0,"activity":0.0013,"lastBolusTime":1703681471121,"time":"2023-12-27T20:51:11.950Z","iobWithZeroTemp":{"iob":-0.601,"basaliob":-0.601,"bolussnooze":0,"activity":-0.0042,"lastBolusTime":1703681471121,"time":"2023-12-27T20:51:11.950Z"}},{"iob":0.078,"basaliob":0.078,"bolussnooze":0,"activity":0.0012,"lastBolusTime":1703681471121,"time":"2023-12-27T20:56:11.950Z","iobWithZeroTemp":{"iob":-0.62,"basaliob":-0.62,"bolussnooze":0,"activity":-0.0045,"lastBolusTime":1703681471121,"time":"2023-12-27T20:56:11.950Z"}},{"iob":0.072,"basaliob":0.072,"bolussnooze":0,"activity":0.0011,"lastBolusTime":1703681471121,"time":"2023-12-27T21:01:11.950Z","iobWithZeroTemp":{"iob":-0.639,"basaliob":-0.639,"bolussnooze":0,"activity":-0.0047,"lastBolusTime":1703681471121,"time":"2023-12-27T21:01:11.950Z"}},{"iob":0.067,"basaliob":0.067,"bolussnooze":0,"activity":0.001,"lastBolusTime":1703681471121,"time":"2023-12-27T21:06:11.950Z","iobWithZeroTemp":{"iob":-0.656,"basaliob":-0.656,"bolussnooze":0,"activity":-0.005,"lastBolusTime":1703681471121,"time":"2023-12-27T21:06:11.950Z"}},{"iob":0.062,"basaliob":0.062,"bolussnooze":0,"activity":0.001,"lastBolusTime":1703681471121,"time":"2023-12-27T21:11:11.950Z","iobWithZeroTemp":{"iob":-0.672,"basaliob":-0.672,"bolussnooze":0,"activity":-0.0051,"lastBolusTime":1703681471121,"time":"2023-12-27T21:11:11.950Z"}},{"iob":0.057,"basaliob":0.057,"bolussnooze":0,"activity":9.0E-4,"lastBolusTime":1703681471121,"time":"2023-12-27T21:16:11.950Z","iobWithZeroTemp":{"iob":-0.688,"basaliob":-0.688,"bolussnooze":0,"activity":-0.0054,"lastBolusTime":1703681471121,"time":"2023-12-27T21:16:11.950Z"}},{"iob":0.053,"basaliob":0.053,"bolussnooze":0,"activity":8.0E-4,"lastBolusTime":1703681471121,"time":"2023-12-27T21:21:11.950Z","iobWithZeroTemp":{"iob":-0.702,"basaliob":-0.702,"bolussnooze":0,"activity":-0.0056,"lastBolusTime":1703681471121,"time":"2023-12-27T21:21:11.950Z"}},{"iob":0.049,"basaliob":0.049,"bolussnooze":0,"activity":8.0E-4,"lastBolusTime":1703681471121,"time":"2023-12-27T21:26:11.950Z","iobWithZeroTemp":{"iob":-0.715,"basaliob":-0.715,"bolussnooze":0,"activity":-0.0057,"lastBolusTime":1703681471121,"time":"2023-12-27T21:26:11.950Z"}},{"iob":0.045,"basaliob":0.045,"bolussnooze":0,"activity":7.0E-4,"lastBolusTime":1703681471121,"time":"2023-12-27T21:31:11.950Z","iobWithZeroTemp":{"iob":-0.728,"basaliob":-0.728,"bolussnooze":0,"activity":-0.006,"lastBolusTime":1703681471121,"time":"2023-12-27T21:31:11.950Z"}},{"iob":0.042,"basaliob":0.042,"bolussnooze":0,"activity":7.0E-4,"lastBolusTime":1703681471121,"time":"2023-12-27T21:36:11.950Z","iobWithZeroTemp":{"iob":-0.739,"basaliob":-0.739,"bolussnooze":0,"activity":-0.0061,"lastBolusTime":1703681471121,"time":"2023-12-27T21:36:11.950Z"}},{"iob":0.038,"basaliob":0.038,"bolussnooze":0,"activity":6.0E-4,"lastBolusTime":1703681471121,"time":"2023-12-27T21:41:11.950Z","iobWithZeroTemp":{"iob":-0.751,"basaliob":-0.751,"bolussnooze":0,"activity":-0.0063,"lastBolusTime":1703681471121,"time":"2023-12-27T21:41:11.950Z"}},{"iob":0.035,"basaliob":0.035,"bolussnooze":0,"activity":6.0E-4,"lastBolusTime":1703681471121,"time":"2023-12-27T21:46:11.950Z","iobWithZeroTemp":{"iob":-0.761,"basaliob":-0.761,"bolussnooze":0,"activity":-0.0064,"lastBolusTime":1703681471121,"time":"2023-12-27T21:46:11.950Z"}},{"iob":0.032,"basaliob":0.032,"bolussnooze":0,"activity":5.0E-4,"lastBolusTime":0,"time":"2023-12-27T21:51:11.950Z","iobWithZeroTemp":{"iob":-0.77,"basaliob":-0.77,"bolussnooze":0,"activity":-0.0066,"lastBolusTime":0,"time":"2023-12-27T21:51:11.950Z"}},{"iob":0.03,"basaliob":0.03,"bolussnooze":0,"activity":5.0E-4,"lastBolusTime":0,"time":"2023-12-27T21:56:11.950Z","iobWithZeroTemp":{"iob":-0.779,"basaliob":-0.779,"bolussnooze":0,"activity":-0.0067,"lastBolusTime":0,"time":"2023-12-27T21:56:11.950Z"}},{"iob":0.027,"basaliob":0.027,"bolussnooze":0,"activity":5.0E-4,"lastBolusTime":0,"time":"2023-12-27T22:01:11.950Z","iobWithZeroTemp":{"iob":-0.787,"basaliob":-0.787,"bolussnooze":0,"activity":-0.0067,"lastBolusTime":0,"time":"2023-12-27T22:01:11.950Z"}},{"iob":0.025,"basaliob":0.025,"bolussnooze":0,"activity":4.0E-4,"lastBolusTime":0,"time":"2023-12-27T22:06:11.950Z","iobWithZeroTemp":{"iob":-0.795,"basaliob":-0.795,"bolussnooze":0,"activity":-0.0069,"lastBolusTime":0,"time":"2023-12-27T22:06:11.950Z"}},{"iob":0.023,"basaliob":0.023,"bolussnooze":0,"activity":4.0E-4,"lastBolusTime":0,"time":"2023-12-27T22:11:11.950Z","iobWithZeroTemp":{"iob":-0.801,"basaliob":-0.801,"bolussnooze":0,"activity":-0.007,"lastBolusTime":0,"time":"2023-12-27T22:11:11.950Z"}},{"iob":0.021,"basaliob":0.021,"bolussnooze":0,"activity":4.0E-4,"lastBolusTime":0,"time":"2023-12-27T22:16:11.950Z","iobWithZeroTemp":{"iob":-0.808,"basaliob":-0.808,"bolussnooze":0,"activity":-0.0071,"lastBolusTime":0,"time":"2023-12-27T22:16:11.950Z"}}],"profile":{"max_iob":4,"type":"current","max_daily_basal":0.5,"max_basal":1.5,"min_bg":90,"max_bg":90,"target_bg":90,"carb_ratio":20,"sens":117,"max_daily_safety_multiplier":3,"current_basal_safety_multiplier":4,"lgsThreshold":65,"high_temptarget_raises_sensitivity":false,"low_temptarget_lowers_sensitivity":false,"sensitivity_raises_target":true,"resistance_lowers_target":true,"adv_target_adjustments":false,"exercise_mode":false,"half_basal_exercise_target":160,"maxCOB":120,"skip_neutral_temps":false,"remainingCarbsCap":90,"enableUAM":true,"A52_risk_enable":false,"SMBInterval":3,"enableSMB_with_COB":true,"enableSMB_with_temptarget":true,"allowSMB_with_high_temptarget":false,"enableSMB_always":false,"enableSMB_after_carbs":false,"maxSMBBasalMinutes":75,"maxUAMSMBBasalMinutes":75,"bolus_increment":0.05,"carbsReqThreshold":10,"current_basal":0.4,"temptargetSet":false,"autosens_max":1.2,"autosens_min":0.7,"out_units":"mmol\/L","variable_sens":111.9,"insulinDivisor":65,"TDD":12.950279761904763},"autosens_data":{"ratio":1},"meal_data":{"carbs":15,"mealCOB":0,"slopeFromMaxDeviation":-3.658666666666667,"slopeFromMinDeviation":0.7989,"lastBolusTime":1703681471121,"lastCarbTime":1703680178793},"microBolusAllowed":true,"currentTime":1703701273480,"flatBGsDetected":false,"tdd1D":15.216666666666669,"tdd7D":11.563690476190475,"tddLast24H":10.070833333333336,"tddLast4H":2.1000000000000005,"tddLast8to4H":1.8291666666666666},"output":{"temp":"absolute","bg":160,"tick":-3,"eventualBG":149,"targetBG":90,"insulinReq":0.21,"deliverAt":"2023-12-27T18:21:13.480Z","sensitivityRatio":1,"variable_sens":111.9,"predBGs":{"IOB":[160,157,155,152,149,147,144,141,139,136,134,132,130,128,126,124,122,120,118,117,115,113,112,110,109,108,107,105,104,103,102,101,101,100,99,98,98,97,96,96,95,95,94,94,94,93,93,92],"ZT":[160,159,157,155,154,152,150,149,147,146,144,143,142,142,141,141,141,141,141,141]},"reason":"COB: 0, Dev: 2.4, BGI: -0.1, ISF: 6.2, CR: 20, Target: 5.0, minPredBG 6.5, minGuardBG 5.1, IOBpredBG 5.1; Eventual BG 8.3 >= 5.0, temp 0.90 >~ req 0.82U\/hr. ","COB":0,"IOB":0.481,"timestamp":"2023-12-27T18:21:13.500Z"}}