{"algorithm":"OpenAPSSMBDynamicISFPlugin","input":{"glucoseStatus":{"glucose":97,"noise":0,"delta":-0.33,"short_avgdelta":-0.83,"long_avgdelta":-1.56,"date":1703637020181},"currenttemp":{"temp":"absolute","duration":25,"rate":0,"minutesrunning":5},"iob_data":[{"iob":0.018,"basaliob":0.018,"bolussnooze":0,"activity":6.0E-4,"lastBolusTime":0,"time":"2023-12-27T00:31:10.741Z","iobWithZeroTemp":{"iob":0.018,"basaliob":0.018,"bolussnooze":0,"activity":6.0E-4,"lastBolusTime":0,"time":"2023-12-27T00:31:10.741Z"}},{"iob":0.015,"basaliob":0.015,"bolussnooze":0,"activity":5.0E-4,"lastBolusTime":0,"time":"2023-12-27T00:36:10.741Z","iobWithZeroTemp":{"iob":-0.002,"basaliob":-0.002,"bolussnooze":0,"activity":5.0E-4,"lastBolusTime":0,"time":"2023-12-27T00:36:10.741Z"}},{"iob":0.012,"basaliob":0.012,"bolussnooze":0,"activity":5.0E-4,"lastBolusTime":0,"time":"2023-12-27T00:41:10.741Z","iobWithZeroTemp":{"iob":-0.025,"basaliob":-0.025,"bolussnooze":0,"activity":4.0E-4,"lastBolusTime":0,"time":"2023-12-27T00:41:10.741Z"}},{"iob":0.01,"basaliob":0.01,"bolussnooze":0,"activity":4.0E-4,"lastBolusTime":0,"time":"2023-12-27T00:46:10.741Z","iobWithZeroTemp":{"iob":-0.048,"basaliob":-0.048,"bolussnooze":0,"activity":3.0E-4,"lastBolusTime":0,"time":"2023-12-27T00:46:10.741Z"}},{"iob":0.008,"basaliob":0.008,"bolussnooze":0,"activity":4.0E-4,"lastBolusTime":0,"time":"2023-12-27T00:51:10.741Z","iobWithZeroTemp":{"iob":-0.07,"basaliob":-0.07,"bolussnooze":0,"activity":2.0E-4,"lastBolusTime":0,"time":"2023-12-27T00:51:10.741Z"}},{"iob":0.007,"basaliob":0.007,"bolussnooze":0,"activity":3.0E-4,"lastBolusTime":0,"time":"2023-12-27T00:56:10.741Z","iobWithZeroTemp":{"iob":-0.09,"basaliob":-0.09,"bolussnooze":0,"activity":0,"lastBolusTime":0,"time":"2023-12-27T00:56:10.741Z"}},{"iob":0.005,"basaliob":0.005,"bolussnooze":0,"activity":3.0E-4,"lastBolusTime":0,"time":"2023-12-27T01:01:10.741Z","iobWithZeroTemp":{"iob":-0.111,"basaliob":-0.111,"bolussnooze":0,"activity":-1.0E-4,"lastBolusTime":0,"time":"2023-12-27T01:01:10.741Z"}},{"iob":0.004,"basaliob":0.004,"bolussnooze":0,"activity":2.0E-4,"lastBolusTime":0,"time":"2023-12-27T01:06:10.741Z","iobWithZeroTemp":{"iob":-0.131,"basaliob":-0.131,"bolussnooze":0,"activity":-3.0E-4,"lastBolusTime":0,"time":"2023-12-27T01:06:10.741Z"}},{"iob":0.003,"basaliob":0.003,"bolussnooze":0,"activity":2.0E-4,"lastBolusTime":0,"time":"2023-12-27T01:11:10.741Z","iobWithZeroTemp":{"iob":-0.15,"basaliob":-0.15,"bolussnooze":0,"activity":-5.0E-4,"lastBolusTime":0,"time":"2023-12-27T01:11:10.741Z"}},{"iob":0.002,"basaliob":0.002,"bolussnooze":0,"activity":2.0E-4,"lastBolusTime":0,"time":"2023-12-27T01:16:10.741Z","iobWithZeroTemp":{"iob":-0.168,"basaliob":-0.168,"bolussnooze":0,"activity":-6.0E-4,"lastBolusTime":0,"time":"2023-12-27T01:16:10.741Z"}},{"iob":0.001,"basaliob":0.001,"bolussnooze":0,"activity":2.0E-4,"lastBolusTime":0,"time":"2023-12-27T01:21:10.741Z","iobWithZeroTemp":{"iob":-0.185,"basaliob":-0.185,"bolussnooze":0,"activity":-8.0E-4,"lastBolusTime":0,"time":"2023-12-27T01:21:10.741Z"}},{"iob":0,"basaliob":0,"bolussnooze":0,"activity":1.0E-4,"lastBolusTime":0,"time":"2023-12-27T01:26:10.741Z","iobWithZeroTemp":{"iob":-0.202,"basaliob":-0.202,"bolussnooze":0,"activity":-0.001,"lastBolusTime":0,"time":"2023-12-27T01:26:10.741Z"}},{"iob":0,"basaliob":0,"bolussnooze":0,"activity":1.0E-4,"lastBolusTime":0,"time":"2023-12-27T01:31:10.741Z","iobWithZeroTemp":{"iob":-0.217,"basaliob":-0.217,"bolussnooze":0,"activity":-0.0011,"lastBolusTime":0,"time":"2023-12-27T01:31:10.741Z"}},{"iob":-0.001,"basaliob":-0.001,"bolussnooze":0,"activity":1.0E-4,"lastBolusTime":0,"time":"2023-12-27T01:36:10.741Z","iobWithZeroTemp":{"iob":-0.232,"basaliob":-0.232,"bolussnooze":0,"activity":-0.0013,"lastBolusTime":0,"time":"2023-12-27T01:36:10.741Z"}},{"iob":-0.001,"basaliob":-0.001,"bolussnooze":0,"activity":1.0E-4,"lastBolusTime":0,"time":"2023-12-27T01:41:10.741Z","iobWithZeroTemp":{"iob":-0.246,"basaliob":-0.246,"bolussnooze":0,"activity":-0.0014,"lastBolusTime":0,"time":"2023-12-27T01:41:10.741Z"}},{"iob":-0.002,"basaliob":-0.002,"bolussnooze":0,"activity":1.0E-4,"lastBolusTime":0,"time":"2023-12-27T01:46:10.741Z","iobWithZeroTemp":{"iob":-0.259,"basaliob":-0.259,"bolussnooze":0,"activity":-0.0016,"lastBolusTime":0,"time":"2023-12-27T01:46:10.741Z"}},{"iob":-0.002,"basaliob":-0.002,"bolussnooze":0,"activity":0,"lastBolusTime":0,"time":"2023-12-27T01:51:10.741Z","iobWithZeroTemp":{"iob":-0.272,"basaliob":-0.272,"bolussnooze":0,"activity":-0.0018,"lastBolusTime":0,"time":"2023-12-27T01:51:10.741Z"}},{"iob":-0.002,"basaliob":-0.002,"bolussnooze":0,"activity":0,"lastBolusTime":0,"time":"2023-12-27T01:56:10.741Z","iobWithZeroTemp":{"iob":-0.283,"basaliob":-0.283,"bolussnooze":0,"activity":-0.0019,"lastBolusTime":0,"time":"2023-12-27T01:56:10.741Z"}},{"iob":-0.002,"basaliob":-0.002,"bolussnooze":0,"activity":0,"lastBolusTime":0,"time":"2023-12-27T02:01:10.741Z","iobWithZeroTemp":{"iob":-0.294,"basaliob":-0.294,"bolussnooze":0,"activity":-0.0021,"lastBolusTime":0,"time":"2023-12-27T02:01:10.741Z"}},{"iob":-0.002,"basaliob":-0.002,"bolussnooze":0,"activity":0,"lastBolusTime":0,"time":"2023-12-27T02:06:10.741Z","iobWithZeroTemp":{"iob":-0.304,"basaliob":-0.304,"bolussnooze":0,"activity":-0.0022,"lastBolusTime":0,"time":"2023-12-27T02:06:10.741Z"}},{"iob":-0.002,"basaliob":-0.002,"bolussnooze":0,"activity":0,"lastBolusTime":0,"time":"2023-12-27T02:11:10.741Z","iobWithZeroTemp":{"iob":-0.314,"basaliob":-0.314,"bolussnooze":0,"activity":-0.0023,"lastBolusTime":0,"time":"2023-12-27T02:11:10.741Z"}},{"iob":-0.003,"basaliob":-0.003,"bolussnooze":0,"activity":0,"lastBolusTime":0,"time":"2023-12-27T02:16:10.741Z","iobWithZeroTemp":{"iob":-0.324,"basaliob":-0.324,"bolussnooze":0,"activity":-0.0024,"lastBolusTime":0,"time":"2023-12-27T02:16:10.741Z"}},{"iob":-0.003,"basaliob":-0.003,"bolussnooze":0,"activity":0,"lastBolusTime":0,"time":"2023-12-27T02:21:10.741Z","iobWithZeroTemp":{"iob":-0.333,"basaliob":-0.333,"bolussnooze":0,"activity":-0.0025,"lastBolusTime":0,"time":"2023-12-27T02:21:10.741Z"}},{"iob":-0.003,"basaliob":-0.003,"bolussnooze":0,"activity":0,"lastBolusTime":0,"time":"2023-12-27T02:26:10.741Z","iobWithZeroTemp":{"iob":-0.341,"basaliob":-0.341,"bolussnooze":0,"activity":-0.0026,"lastBolusTime":0,"time":"2023-12-27T02:26:10.741Z"}},{"iob":-0.003,"basaliob":-0.003,"bolussnooze":0,"activity":0,"lastBolusTime":0,"time":"2023-12-27T02:31:10.741Z","iobWithZeroTemp":{"iob":-0.348,"basaliob":-0.348,"bolussnooze":0,"activity":-0.0027,"lastBolusTime":0,"time":"2023-12-27T02:31:10.741Z"}},{"iob":-0.003,"basaliob":-0.003,"bolussnooze":0,"activity":0,"lastBolusTime":0,"time":"2023-12-27T02:36:10.741Z","iobWithZeroTemp":{"iob":-0.355,"basaliob":-0.355,"bolussnooze":0,"activity":-0.0028,"lastBolusTime":0,"time":"2023-12-27T02:36:10.741Z"}},{"iob":-0.003,"basaliob":-0.003,"bolussnooze":0,"activity":0,"lastBolusTime":0,"time":"2023-12-27T02:41:10.741Z","iobWithZeroTemp":{"iob":-0.362,"basaliob":-0.362,"bolussnooze":0,"activity":-0.0029,"lastBolusTime":0,"time":"2023-12-27T02:41:10.741Z"}},{"iob":-0.002,"basaliob":-0.002,"bolussnooze":0,"activity":0,"lastBolusTime":0,"time":"2023-12-27T02:46:10.741Z","iobWithZeroTemp":{"iob":-0.367,"basaliob":-0.367,"bolussnooze":0,"activity":-0.003,"lastBolusTime":0,"time":"2023-12-27T02:46:10.741Z"}},{"iob":-0.002,"basaliob":-0.002,"bolussnooze":0,"activity":0,"lastBolusTime":0,"time":"2023-12-27T02:51:10.741Z","iobWithZeroTemp":{"iob":-0.372,"basaliob":-0.372,"bolussnooze":0,"activity":-0.0031,"lastBolusTime":0,"time":"2023-12-27T02:51:10.741Z"}},{"iob":-0.002,"basaliob":-0.002,"bolussnooze":0,"activity":0,"lastBolusTime":0,"time":"2023-12-27T02:56:10.741Z","iobWithZeroTemp":{"iob":-0.378,"basaliob":-0.378,"bolussnooze":0,"activity":-0.0031,"lastBolusTime":0,"time":"2023-12-27T02:56:10.741Z"}},{"iob":-0.002,"basaliob":-0.002,"bolussnooze":0,"activity":0,"lastBolusTime":0,"time":"2023-12-27T03:01:10.741Z","iobWithZeroTemp":{"iob":-0.383,"basaliob":-0.383,"bolussnooze":0,"activity":-0.0032,"lastBolusTime":0,"time":"2023-12-27T03:01:10.741Z"}},{"iob":-0.002,"basaliob":-0.002,"bolussnooze":0,"activity":0,"lastBolusTime":0,"time":"2023-12-27T03:06:10.741Z","iobWithZeroTemp":{"iob":-0.387,"basaliob":-0.387,"bolussnooze":0,"activity":-0.0033,"lastBolusTime":0,"time":"2023-12-27T03:06:10.741Z"}},{"iob":-0.002,"basaliob":-0.002,"bolussnooze":0,"activity":0,"lastBolusTime":0,"time":"2023-12-27T03:11:10.741Z","iobWithZeroTemp":{"iob":-0.392,"basaliob":-0.392,"bolussnooze":0,"activity":-0.0033,"lastBolusTime":0,"time":"2023-12-27T03:11:10.741Z"}},{"iob":-0.002,"basaliob":-0.002,"bolussnooze":0,"activity":0,"lastBolusTime":0,"time":"2023-12-27T03:16:10.741Z","iobWithZeroTemp":{"iob":-0.396,"basaliob":-0.396,"bolussnooze":0,"activity":-0.0034,"lastBolusTime":0,"time":"2023-12-27T03:16:10.741Z"}},{"iob":-0.002,"basaliob":-0.002,"bolussnooze":0,"activity":0,"lastBolusTime":0,"time":"2023-12-27T03:21:10.741Z","iobWithZeroTemp":{"iob":-0.399,"basaliob":-0.399,"bolussnooze":0,"activity":-0.0035,"lastBolusTime":0,"time":"2023-12-27T03:21:10.741Z"}},{"iob":-0.002,"basaliob":-0.002,"bolussnooze":0,"activity":0,"lastBolusTime":0,"time":"2023-12-27T03:26:10.741Z","iobWithZeroTemp":{"iob":-0.403,"basaliob":-0.403,"bolussnooze":0,"activity":-0.0035,"lastBolusTime":0,"time":"2023-12-27T03:26:10.741Z"}},{"iob":-0.002,"basaliob":-0.002,"bolussnooze":0,"activity":0,"lastBolusTime":0,"time":"2023-12-27T03:31:10.741Z","iobWithZeroTemp":{"iob":-0.406,"basaliob":-0.406,"bolussnooze":0,"activity":-0.0036,"lastBolusTime":0,"time":"2023-12-27T03:31:10.741Z"}},{"iob":-0.002,"basaliob":-0.002,"bolussnooze":0,"activity":0,"lastBolusTime":0,"time":"2023-12-27T03:36:10.741Z","iobWithZeroTemp":{"iob":-0.409,"basaliob":-0.409,"bolussnooze":0,"activity":-0.0036,"lastBolusTime":0,"time":"2023-12-27T03:36:10.741Z"}},{"iob":-0.002,"basaliob":-0.002,"bolussnooze":0,"activity":0,"lastBolusTime":0,"time":"2023-12-27T03:41:10.741Z","iobWithZeroTemp":{"iob":-0.412,"basaliob":-0.412,"bolussnooze":0,"activity":-0.0036,"lastBolusTime":0,"time":"2023-12-27T03:41:10.741Z"}},{"iob":-0.002,"basaliob":-0.002,"bolussnooze":0,"activity":0,"lastBolusTime":0,"time":"2023-12-27T03:46:10.741Z","iobWithZeroTemp":{"iob":-0.414,"basaliob":-0.414,"bolussnooze":0,"activity":-0.0037,"lastBolusTime":0,"time":"2023-12-27T03:46:10.741Z"}},{"iob":-0.001,"basaliob":-0.001,"bolussnooze":0,"activity":0,"lastBolusTime":0,"time":"2023-12-27T03:51:10.741Z","iobWithZeroTemp":{"iob":-0.416,"basaliob":-0.416,"bolussnooze":0,"activity":-0.0037,"lastBolusTime":0,"time":"2023-12-27T03:51:10.741Z"}},{"iob":-0.001,"basaliob":-0.001,"bolussnooze":0,"activity":0,"lastBolusTime":0,"time":"2023-12-27T03:56:10.741Z","iobWithZeroTemp":{"iob":-0.418,"basaliob":-0.418,"bolussnooze":0,"activity":-0.0038,"lastBolusTime":0,"time":"2023-12-27T03:56:10.741Z"}},{"iob":-0.001,"basaliob":-0.001,"bolussnooze":0,"activity":0,"lastBolusTime":0,"time":"2023-12-27T04:01:10.741Z","iobWithZeroTemp":{"iob":-0.42,"basaliob":-0.42,"bolussnooze":0,"activity":-0.0038,"lastBolusTime":0,"time":"2023-12-27T04:01:10.741Z"}},{"iob":-0.001,"basaliob":-0.001,"bolussnooze":0,"activity":0,"lastBolusTime":0,"time":"2023-12-27T04:06:10.741Z","iobWithZeroTemp":{"iob":-0.422,"basaliob":-0.422,"bolussnooze":0,"activity":-0.0038,"lastBolusTime":0,"time":"2023-12-27T04:06:10.741Z"}},{"iob":-0.001,"basaliob":-0.001,"bolussnooze":0,"activity":0,"lastBolusTime":0,"time":"2023-12-27T04:11:10.741Z","iobWithZeroTemp":{"iob":-0.423,"basaliob":-0.423,"bolussnooze":0,"activity":-0.0038,"lastBolusTime":0,"time":"2023-12-27T04:11:10.741Z"}},{"iob":-0.001,"basaliob":-0.001,"bolussnooze":0,"activity":0,"lastBolusTime":0,"time":"2023-12-27T04:16:10.741Z","iobWithZeroTemp":{"iob":-0.425,"basaliob":-0.425,"bolussnooze":0,"activity":-0.0039,"lastBolusTime":0,"time":"2023-12-27T04:16:10.741Z"}},{"iob":-0.001,"basaliob":-0.001,"bolussnooze":0,"activity":0,"lastBolusTime":0,"time":"2023-12-27T04:21:10.741Z","iobWithZeroTemp":{"iob":-0.426,"basaliob":-0.426,"bolussnooze":0,"activity":-0.0039,"lastBolusTime":0,"time":"2023-12-27T04:21:10.741Z"}},{"iob":-0.001,"basaliob":-0.001,"bolussnooze":0,"activity":0,"lastBolusTime":0,"time":"2023-12-27T04:26:10.741Z","iobWithZeroTemp":{"iob":-0.428,"basaliob":-0.428,"bolussnooze":0,"activity":-0.0039,"lastBolusTime":0,"time":"2023-12-27T04:26:10.741Z"}}],"profile":{"max_iob":4,"type":"current","max_daily_basal":0.5,"max_basal":1,"min_bg":99,"max_bg":99,"target_bg":99,"carb_ratio":25,"sens":142.20000000000002,"max_daily_safety_multiplier":3,"current_basal_safety_multiplier":4,"lgsThreshold":65,"high_temptarget_raises_sensitivity":false,"low_temptarget_lowers_sensitivity":false,"sensitivity_raises_target":true,"resistance_lowers_target":true,"adv_target_adjustments":false,"exercise_mode":false,"half_basal_exercise_target":160,"maxCOB":120,"skip_neutral_temps":false,"remainingCarbsCap":90,"enableUAM":true,"A52_risk_enable":false,"SMBInterval":3,"enableSMB_with_COB":true,"enableSMB_with_temptarget":true,"allowSMB_with_high_temptarget":false,"enableSMB_always":false,"enableSMB_after_carbs":false,"maxSMBBasalMinutes":75,"maxUAMSMBBasalMinutes":75,"bolus_increment":0.05,"carbsReqThreshold":10,"current_basal":0.25,"temptargetSet":false,"autosens_max":1.2,"autosens_min":0.7,"out_units":"mmol\/L","variable_sens":153.7,"insulinDivisor":65,"TDD":12.826529761904766},"autosens_data":{"ratio":1},"meal_data":{"carbs":0,"mealCOB":0,"slopeFromMaxDeviation":-0.6296666666666667,"slopeFromMinDeviation":0.35300000000000004,"lastBolusTime":1703594420788,"lastCarbTime":0},"microBolusAllowed":true,"currentTime":1703637071982,"flatBGsDetected":false,"tdd1D":15.216666666666669,"tdd7D":11.563690476190475,"tddLast24H":14.883333333333335,"tddLast4H":2.1375000000000015,"tddLast8to4H":1.5333333333333332},"output":{"temp":"absolute","bg":97,"tick":"+0","eventualBG":87,"targetBG":99,"insulinReq":0,"deliverAt":"2023-12-27T00:31:11.982Z","sensitivityRatio":1,"variable_sens":153.7,"predBGs":{"IOB":[97,96,95,95,94,94,93,93,93,92,92,92,92,92,92,92,91],"ZT":[97,97,96,96,96,95,95,96,96,96,97,97,98,99]},"reason":"COB: 0, Dev: -0.4, BGI: 0.0, ISF: 8.5, CR: 25, Target: 5.5, minPredBG 5.1, minGuardBG 5.1, IOBpredBG 5.1; Eventual BG 4.8 < 5.5 25m left and 0 ~ req 0U\/hr: no temp required","COB":0,"IOB":0.018,"timestamp":"2023-12-27T00:31:12.004Z"}}