{"algorithm":"OpenAPSSMBDynamicISFPlugin","input":{"glucoseStatus":{"glucose":162,"noise":0,"delta":7.67,"short_avgdelta":6.89,"long_avgdelta":2.01,"date":1703780122220},"currenttemp":{"temp":"absolute","duration":25,"rate":1.1,"minutesrunning":5},"iob_data":[{"iob":0.392,"basaliob":0.392,"bolussnooze":0,"activity":0.0033,"lastBolusTime":1703754675154,"time":"2023-12-28T16:16:13.874Z","iobWithZeroTemp":{"iob":0.392,"basaliob":0.392,"bolussnooze":0,"activity":0.0033,"lastBolusTime":1703754675154,"time":"2023-12-28T16:16:13.874Z"}},{"iob":0.375,"basaliob":0.375,"bolussnooze":0,"activity":0.0034,"lastBolusTime":1703754675154,"time":"2023-12-28T16:21:13.874Z","iobWithZeroTemp":{"iob":0.348,"basaliob":0.348,"bolussnooze":0,"activity":0.0034,"lastBolusTime":1703754675154,"time":"2023-12-28T16:21:13.874Z"}},{"iob":0.358,"basaliob":0.358,"bolussnooze":0,"activity":0.0034,"lastBolusTime":1703754675154,"time":"2023-12-28T16:26:13.874Z","iobWithZeroTemp":{"iob":0.298,"basaliob":0.298,"bolussnooze":0,"activity":0.0033,"lastBolusTime":1703754675154,"time":"2023-12-28T16:26:13.874Z"}},{"iob":0.341,"basaliob":0.341,"bolussnooze":0,"activity":0.0034,"lastBolusTime":1703754675154,"time":"2023-12-28T16:31:13.874Z","iobWithZeroTemp":{"iob":0.249,"basaliob":0.249,"bolussnooze":0,"activity":0.0032,"lastBolusTime":1703754675154,"time":"2023-12-28T16:31:13.874Z"}},{"iob":0.325,"basaliob":0.325,"bolussnooze":0,"activity":0.0033,"lastBolusTime":1703754675154,"time":"2023-12-28T16:36:13.874Z","iobWithZeroTemp":{"iob":0.2,"basaliob":0.2,"bolussnooze":0,"activity":0.003,"lastBolusTime":1703754675154,"time":"2023-12-28T16:36:13.874Z"}},{"iob":0.308,"basaliob":0.308,"bolussnooze":0,"activity":0.0033,"lastBolusTime":1703754675154,"time":"2023-12-28T16:41:13.874Z","iobWithZeroTemp":{"iob":0.152,"basaliob":0.152,"bolussnooze":0,"activity":0.0028,"lastBolusTime":1703754675154,"time":"2023-12-28T16:41:13.874Z"}},{"iob":0.292,"basaliob":0.292,"bolussnooze":0,"activity":0.0032,"lastBolusTime":1703754675154,"time":"2023-12-28T16:46:13.874Z","iobWithZeroTemp":{"iob":0.106,"basaliob":0.106,"bolussnooze":0,"activity":0.0025,"lastBolusTime":1703754675154,"time":"2023-12-28T16:46:13.874Z"}},{"iob":0.276,"basaliob":0.276,"bolussnooze":0,"activity":0.0031,"lastBolusTime":1703754675154,"time":"2023-12-28T16:51:13.874Z","iobWithZeroTemp":{"iob":0.06,"basaliob":0.06,"bolussnooze":0,"activity":0.0022,"lastBolusTime":1703754675154,"time":"2023-12-28T16:51:13.874Z"}},{"iob":0.261,"basaliob":0.261,"bolussnooze":0,"activity":0.003,"lastBolusTime":1703754675154,"time":"2023-12-28T16:56:13.874Z","iobWithZeroTemp":{"iob":0.017,"basaliob":0.017,"bolussnooze":0,"activity":0.0019,"lastBolusTime":1703754675154,"time":"2023-12-28T16:56:13.874Z"}},{"iob":0.246,"basaliob":0.246,"bolussnooze":0,"activity":0.0029,"lastBolusTime":1703754675154,"time":"2023-12-28T17:01:13.874Z","iobWithZeroTemp":{"iob":-0.026,"basaliob":-0.026,"bolussnooze":0,"activity":0.0016,"lastBolusTime":1703754675154,"time":"2023-12-28T17:01:13.874Z"}},{"iob":0.232,"basaliob":0.232,"bolussnooze":0,"activity":0.0028,"lastBolusTime":1703754675154,"time":"2023-12-28T17:06:13.874Z","iobWithZeroTemp":{"iob":-0.066,"basaliob":-0.066,"bolussnooze":0,"activity":0.0013,"lastBolusTime":1703754675154,"time":"2023-12-28T17:06:13.874Z"}},{"iob":0.218,"basaliob":0.218,"bolussnooze":0,"activity":0.0027,"lastBolusTime":1703754675154,"time":"2023-12-28T17:11:13.874Z","iobWithZeroTemp":{"iob":-0.105,"basaliob":-0.105,"bolussnooze":0,"activity":9.0E-4,"lastBolusTime":1703754675154,"time":"2023-12-28T17:11:13.874Z"}},{"iob":0.205,"basaliob":0.205,"bolussnooze":0,"activity":0.0026,"lastBolusTime":1703754675154,"time":"2023-12-28T17:16:13.874Z","iobWithZeroTemp":{"iob":-0.142,"basaliob":-0.142,"bolussnooze":0,"activity":6.0E-4,"lastBolusTime":1703754675154,"time":"2023-12-28T17:16:13.874Z"}},{"iob":0.192,"basaliob":0.192,"bolussnooze":0,"activity":0.0025,"lastBolusTime":1703754675154,"time":"2023-12-28T17:21:13.874Z","iobWithZeroTemp":{"iob":-0.178,"basaliob":-0.178,"bolussnooze":0,"activity":3.0E-4,"lastBolusTime":1703754675154,"time":"2023-12-28T17:21:13.874Z"}},{"iob":0.18,"basaliob":0.18,"bolussnooze":0,"activity":0.0024,"lastBolusTime":1703754675154,"time":"2023-12-28T17:26:13.874Z","iobWithZeroTemp":{"iob":-0.211,"basaliob":-0.211,"bolussnooze":0,"activity":0,"lastBolusTime":1703754675154,"time":"2023-12-28T17:26:13.874Z"}},{"iob":0.168,"basaliob":0.168,"bolussnooze":0,"activity":0.0022,"lastBolusTime":1703754675154,"time":"2023-12-28T17:31:13.874Z","iobWithZeroTemp":{"iob":-0.244,"basaliob":-0.244,"bolussnooze":0,"activity":-5.0E-4,"lastBolusTime":1703754675154,"time":"2023-12-28T17:31:13.874Z"}},{"iob":0.157,"basaliob":0.157,"bolussnooze":0,"activity":0.0021,"lastBolusTime":1703754675154,"time":"2023-12-28T17:36:13.874Z","iobWithZeroTemp":{"iob":-0.274,"basaliob":-0.274,"bolussnooze":0,"activity":-8.0E-4,"lastBolusTime":1703754675154,"time":"2023-12-28T17:36:13.874Z"}},{"iob":0.147,"basaliob":0.147,"bolussnooze":0,"activity":0.002,"lastBolusTime":1703754675154,"time":"2023-12-28T17:41:13.874Z","iobWithZeroTemp":{"iob":-0.303,"basaliob":-0.303,"bolussnooze":0,"activity":-0.0011,"lastBolusTime":1703754675154,"time":"2023-12-28T17:41:13.874Z"}},{"iob":0.137,"basaliob":0.137,"bolussnooze":0,"activity":0.0019,"lastBolusTime":1703754675154,"time":"2023-12-28T17:46:13.874Z","iobWithZeroTemp":{"iob":-0.33,"basaliob":-0.33,"bolussnooze":0,"activity":-0.0014,"lastBolusTime":1703754675154,"time":"2023-12-28T17:46:13.874Z"}},{"iob":0.128,"basaliob":0.128,"bolussnooze":0,"activity":0.0018,"lastBolusTime":1703754675154,"time":"2023-12-28T17:51:13.874Z","iobWithZeroTemp":{"iob":-0.356,"basaliob":-0.356,"bolussnooze":0,"activity":-0.0017,"lastBolusTime":1703754675154,"time":"2023-12-28T17:51:13.874Z"}},{"iob":0.119,"basaliob":0.119,"bolussnooze":0,"activity":0.0017,"lastBolusTime":1703754675154,"time":"2023-12-28T17:56:13.874Z","iobWithZeroTemp":{"iob":-0.38,"basaliob":-0.38,"bolussnooze":0,"activity":-0.002,"lastBolusTime":1703754675154,"time":"2023-12-28T17:56:13.874Z"}},{"iob":0.111,"basaliob":0.111,"bolussnooze":0,"activity":0.0016,"lastBolusTime":1703754675154,"time":"2023-12-28T18:01:13.874Z","iobWithZeroTemp":{"iob":-0.403,"basaliob":-0.403,"bolussnooze":0,"activity":-0.0023,"lastBolusTime":1703754675154,"time":"2023-12-28T18:01:13.874Z"}},{"iob":0.103,"basaliob":0.103,"bolussnooze":0,"activity":0.0015,"lastBolusTime":1703754675154,"time":"2023-12-28T18:06:13.874Z","iobWithZeroTemp":{"iob":-0.424,"basaliob":-0.424,"bolussnooze":0,"activity":-0.0025,"lastBolusTime":1703754675154,"time":"2023-12-28T18:06:13.874Z"}},{"iob":0.096,"basaliob":0.096,"bolussnooze":0,"activity":0.0014,"lastBolusTime":1703754675154,"time":"2023-12-28T18:11:13.874Z","iobWithZeroTemp":{"iob":-0.444,"basaliob":-0.444,"bolussnooze":0,"activity":-0.0028,"lastBolusTime":1703754675154,"time":"2023-12-28T18:11:13.874Z"}},{"iob":0.089,"basaliob":0.089,"bolussnooze":0,"activity":0.0013,"lastBolusTime":0,"time":"2023-12-28T18:16:13.874Z","iobWithZeroTemp":{"iob":-0.463,"basaliob":-0.463,"bolussnooze":0,"activity":-0.003,"lastBolusTime":0,"time":"2023-12-28T18:16:13.874Z"}},{"iob":0.083,"basaliob":0.083,"bolussnooze":0,"activity":0.0012,"lastBolusTime":0,"time":"2023-12-28T18:21:13.874Z","iobWithZeroTemp":{"iob":-0.48,"basaliob":-0.48,"bolussnooze":0,"activity":-0.0033,"lastBolusTime":0,"time":"2023-12-28T18:21:13.874Z"}},{"iob":0.077,"basaliob":0.077,"bolussnooze":0,"activity":0.0012,"lastBolusTime":0,"time":"2023-12-28T18:26:13.874Z","iobWithZeroTemp":{"iob":-0.497,"basaliob":-0.497,"bolussnooze":0,"activity":-0.0034,"lastBolusTime":0,"time":"2023-12-28T18:26:13.874Z"}},{"iob":0.071,"basaliob":0.071,"bolussnooze":0,"activity":0.0011,"lastBolusTime":0,"time":"2023-12-28T18:31:13.874Z","iobWithZeroTemp":{"iob":-0.513,"basaliob":-0.513,"bolussnooze":0,"activity":-0.0037,"lastBolusTime":0,"time":"2023-12-28T18:31:13.874Z"}},{"iob":0.066,"basaliob":0.066,"bolussnooze":0,"activity":0.001,"lastBolusTime":0,"time":"2023-12-28T18:36:13.874Z","iobWithZeroTemp":{"iob":-0.527,"basaliob":-0.527,"bolussnooze":0,"activity":-0.0039,"lastBolusTime":0,"time":"2023-12-28T18:36:13.874Z"}},{"iob":0.061,"basaliob":0.061,"bolussnooze":0,"activity":0.001,"lastBolusTime":0,"time":"2023-12-28T18:41:13.874Z","iobWithZeroTemp":{"iob":-0.54,"basaliob":-0.54,"bolussnooze":0,"activity":-0.004,"lastBolusTime":0,"time":"2023-12-28T18:41:13.874Z"}},{"iob":0.056,"basaliob":0.056,"bolussnooze":0,"activity":9.0E-4,"lastBolusTime":0,"time":"2023-12-28T18:46:13.874Z","iobWithZeroTemp":{"iob":-0.553,"basaliob":-0.553,"bolussnooze":0,"activity":-0.0042,"lastBolusTime":0,"time":"2023-12-28T18:46:13.874Z"}},{"iob":0.052,"basaliob":0.052,"bolussnooze":0,"activity":8.0E-4,"lastBolusTime":0,"time":"2023-12-28T18:51:13.874Z","iobWithZeroTemp":{"iob":-0.565,"basaliob":-0.565,"bolussnooze":0,"activity":-0.0044,"lastBolusTime":0,"time":"2023-12-28T18:51:13.874Z"}},{"iob":0.048,"basaliob":0.048,"bolussnooze":0,"activity":8.0E-4,"lastBolusTime":0,"time":"2023-12-28T18:56:13.874Z","iobWithZeroTemp":{"iob":-0.576,"basaliob":-0.576,"bolussnooze":0,"activity":-0.0045,"lastBolusTime":0,"time":"2023-12-28T18:56:13.874Z"}},{"iob":0.044,"basaliob":0.044,"bolussnooze":0,"activity":7.0E-4,"lastBolusTime":0,"time":"2023-12-28T19:01:13.874Z","iobWithZeroTemp":{"iob":-0.586,"basaliob":-0.586,"bolussnooze":0,"activity":-0.0047,"lastBolusTime":0,"time":"2023-12-28T19:01:13.874Z"}},{"iob":0.041,"basaliob":0.041,"bolussnooze":0,"activity":7.0E-4,"lastBolusTime":0,"time":"2023-12-28T19:06:13.874Z","iobWithZeroTemp":{"iob":-0.595,"basaliob":-0.595,"bolussnooze":0,"activity":-0.0048,"lastBolusTime":0,"time":"2023-12-28T19:06:13.874Z"}},{"iob":0.038,"basaliob":0.038,"bolussnooze":0,"activity":6.0E-4,"lastBolusTime":0,"time":"2023-12-28T19:11:13.874Z","iobWithZeroTemp":{"iob":-0.603,"basaliob":-0.603,"bolussnooze":0,"activity":-0.005,"lastBolusTime":0,"time":"2023-12-28T19:11:13.874Z"}},{"iob":0.035,"basaliob":0.035,"bolussnooze":0,"activity":6.0E-4,"lastBolusTime":0,"time":"2023-12-28T19:16:13.874Z","iobWithZeroTemp":{"iob":-0.612,"basaliob":-0.612,"bolussnooze":0,"activity":-0.0051,"lastBolusTime":0,"time":"2023-12-28T19:16:13.874Z"}},{"iob":0.032,"basaliob":0.032,"bolussnooze":0,"activity":5.0E-4,"lastBolusTime":0,"time":"2023-12-28T19:21:13.874Z","iobWithZeroTemp":{"iob":-0.619,"basaliob":-0.619,"bolussnooze":0,"activity":-0.0053,"lastBolusTime":0,"time":"2023-12-28T19:21:13.874Z"}},{"iob":0.029,"basaliob":0.029,"bolussnooze":0,"activity":5.0E-4,"lastBolusTime":0,"time":"2023-12-28T19:26:13.874Z","iobWithZeroTemp":{"iob":-0.627,"basaliob":-0.627,"bolussnooze":0,"activity":-0.0053,"lastBolusTime":0,"time":"2023-12-28T19:26:13.874Z"}},{"iob":0.027,"basaliob":0.027,"bolussnooze":0,"activity":5.0E-4,"lastBolusTime":0,"time":"2023-12-28T19:31:13.874Z","iobWithZeroTemp":{"iob":-0.633,"basaliob":-0.633,"bolussnooze":0,"activity":-0.0054,"lastBolusTime":0,"time":"2023-12-28T19:31:13.874Z"}},{"iob":0.025,"basaliob":0.025,"bolussnooze":0,"activity":4.0E-4,"lastBolusTime":0,"time":"2023-12-28T19:36:13.874Z","iobWithZeroTemp":{"iob":-0.639,"basaliob":-0.639,"bolussnooze":0,"activity":-0.0055,"lastBolusTime":0,"time":"2023-12-28T19:36:13.874Z"}},{"iob":0.023,"basaliob":0.023,"bolussnooze":0,"activity":4.0E-4,"lastBolusTime":0,"time":"2023-12-28T19:41:13.874Z","iobWithZeroTemp":{"iob":-0.644,"basaliob":-0.644,"bolussnooze":0,"activity":-0.0056,"lastBolusTime":0,"time":"2023-12-28T19:41:13.874Z"}},{"iob":0.021,"basaliob":0.021,"bolussnooze":0,"activity":4.0E-4,"lastBolusTime":0,"time":"2023-12-28T19:46:13.874Z","iobWithZeroTemp":{"iob":-0.649,"basaliob":-0.649,"bolussnooze":0,"activity":-0.0057,"lastBolusTime":0,"time":"2023-12-28T19:46:13.874Z"}},{"iob":0.019,"basaliob":0.019,"bolussnooze":0,"activity":3.0E-4,"lastBolusTime":0,"time":"2023-12-28T19:51:13.874Z","iobWithZeroTemp":{"iob":-0.654,"basaliob":-0.654,"bolussnooze":0,"activity":-0.0058,"lastBolusTime":0,"time":"2023-12-28T19:51:13.874Z"}},{"iob":0.017,"basaliob":0.017,"bolussnooze":0,"activity":3.0E-4,"lastBolusTime":0,"time":"2023-12-28T19:56:13.874Z","iobWithZeroTemp":{"iob":-0.659,"basaliob":-0.659,"bolussnooze":0,"activity":-0.0058,"lastBolusTime":0,"time":"2023-12-28T19:56:13.874Z"}},{"iob":0.016,"basaliob":0.016,"bolussnooze":0,"activity":3.0E-4,"lastBolusTime":0,"time":"2023-12-28T20:01:13.874Z","iobWithZeroTemp":{"iob":-0.662,"basaliob":-0.662,"bolussnooze":0,"activity":-0.0059,"lastBolusTime":0,"time":"2023-12-28T20:01:13.874Z"}},{"iob":0.015,"basaliob":0.015,"bolussnooze":0,"activity":3.0E-4,"lastBolusTime":0,"time":"2023-12-28T20:06:13.874Z","iobWithZeroTemp":{"iob":-0.674,"basaliob":-0.674,"bolussnooze":0,"activity":-0.0059,"lastBolusTime":0,"time":"2023-12-28T20:06:13.874Z"}},{"iob":0.013,"basaliob":0.013,"bolussnooze":0,"activity":2.0E-4,"lastBolusTime":0,"time":"2023-12-28T20:11:13.874Z","iobWithZeroTemp":{"iob":-0.686,"basaliob":-0.686,"bolussnooze":0,"activity":-0.0061,"lastBolusTime":0,"time":"2023-12-28T20:11:13.874Z"}}],"profile":{"max_iob":4,"type":"current","max_daily_basal":0.5,"max_basal":1.5,"min_bg":100.8,"max_bg":100.8,"target_bg":100.8,"carb_ratio":20,"sens":117,"max_daily_safety_multiplier":3,"current_basal_safety_multiplier":4,"lgsThreshold":65,"high_temptarget_raises_sensitivity":false,"low_temptarget_lowers_sensitivity":false,"sensitivity_raises_target":true,"resistance_lowers_target":true,"adv_target_adjustments":false,"exercise_mode":false,"half_basal_exercise_target":160,"maxCOB":120,"skip_neutral_temps":false,"remainingCarbsCap":90,"enableUAM":true,"A52_risk_enable":false,"SMBInterval":3,"enableSMB_with_COB":true,"enableSMB_with_temptarget":true,"allowSMB_with_high_temptarget":false,"enableSMB_always":false,"enableSMB_after_carbs":false,"maxSMBBasalMinutes":75,"maxUAMSMBBasalMinutes":75,"bolus_increment":0.05,"carbsReqThreshold":10,"current_basal":0.4,"temptargetSet":false,"autosens_max":1.2,"autosens_min":0.7,"out_units":"mmol\/L","variable_sens":124.5,"insulinDivisor":65,"TDD":11.557097619047617},"autosens_data":{"ratio":1},"meal_data":{"carbs":0,"mealCOB":0,"slopeFromMaxDeviation":-1.2591818181818182,"slopeFromMinDeviation":1.9193999999999998,"lastBolusTime":1703754675154,"lastCarbTime":0},"microBolusAllowed":true,"currentTime":1703780175338,"flatBGsDetected":false,"tdd1D":11.195833333333328,"tdd7D":12.08690476190476,"tddLast24H":13.591666666666661,"tddLast4H":1.8666666666666674,"tddLast8to4H":1.9625000000000001},"output":{"temp":"absolute","bg":162,"tick":"+8","eventualBG":167,"targetBG":100.8,"insulinReq":0.42,"deliverAt":"2023-12-28T16:16:15.338Z","sensitivityRatio":1,"variable_sens":124.5,"predBGs":{"IOB":[162,168,173,178,182,185,188,190,191,191,191,190,189,187,186,185,183,182,181,180,179,178,177,176,175,174,174,173,172,172,171,170,170,169,169,169,168,168,168,167,167,167,166],"ZT":[162,160,158,156,154,152,150,148,147,146,145,144,143,143,143,143,143,143],"UAM":[162,168,172,175,177,177,177,175,173,171,170,168,166,165,163,162,160,159,158,156,155,154,153,152,151,151,150,149,148,148,147,146,146,145,145,144,144,144,143,143,143,142,142,142,142,141]},"reason":"COB: 0, Dev: 3.0, BGI: -0.1, ISF: 6.9, CR: 20, Target: 5.6, minPredBG 8.5, minGuardBG 7.8, IOBpredBG 9.2, UAMpredBG 7.8; Eventual BG 9.3 >= 5.6, temp 1.10 < 1.24U\/hr.  25m left and 1.1 ~ req 1.24U\/hr: no temp required","COB":0,"IOB":0.392,"timestamp":"2023-12-28T16:16:15.377Z"}}