{"algorithm":"OpenAPSSMBDynamicISFPlugin","input":{"glucoseStatus":{"glucose":94,"noise":0,"delta":-7.33,"short_avgdelta":-5.98,"long_avgdelta":-1.5,"date":1703746222560},"currenttemp":{"temp":"absolute","duration":20,"rate":0.1,"minutesrunning":10},"iob_data":[{"iob":0.04,"basaliob":-0.298,"bolussnooze":0,"activity":0.0013,"lastBolusTime":1703743575078,"time":"2023-12-28T06:51:12.652Z","iobWithZeroTemp":{"iob":0.04,"basaliob":-0.298,"bolussnooze":0,"activity":0.0013,"lastBolusTime":1703743575078,"time":"2023-12-28T06:51:12.652Z"}},{"iob":0.034,"basaliob":-0.284,"bolussnooze":0,"activity":0.0012,"lastBolusTime":1703743575078,"time":"2023-12-28T06:56:12.652Z","iobWithZeroTemp":{"iob":0.014,"basaliob":-0.304,"bolussnooze":0,"activity":0.0012,"lastBolusTime":1703743575078,"time":"2023-12-28T06:56:12.652Z"}},{"iob":0.029,"basaliob":-0.27,"bolussnooze":0,"activity":0.001,"lastBolusTime":1703743575078,"time":"2023-12-28T07:01:12.652Z","iobWithZeroTemp":{"iob":-0.016,"basaliob":-0.315,"bolussnooze":0,"activity":9.0E-4,"lastBolusTime":1703743575078,"time":"2023-12-28T07:01:12.652Z"}},{"iob":0.023,"basaliob":-0.257,"bolussnooze":0,"activity":9.0E-4,"lastBolusTime":1703743575078,"time":"2023-12-28T07:06:12.652Z","iobWithZeroTemp":{"iob":-0.046,"basaliob":-0.326,"bolussnooze":0,"activity":8.0E-4,"lastBolusTime":1703743575078,"time":"2023-12-28T07:06:12.652Z"}},{"iob":0.019,"basaliob":-0.243,"bolussnooze":0,"activity":8.0E-4,"lastBolusTime":1703743575078,"time":"2023-12-28T07:11:12.652Z","iobWithZeroTemp":{"iob":-0.074,"basaliob":-0.336,"bolussnooze":0,"activity":6.0E-4,"lastBolusTime":1703743575078,"time":"2023-12-28T07:11:12.652Z"}},{"iob":0.016,"basaliob":-0.23,"bolussnooze":0,"activity":7.0E-4,"lastBolusTime":1703743575078,"time":"2023-12-28T07:16:12.652Z","iobWithZeroTemp":{"iob":-0.101,"basaliob":-0.347,"bolussnooze":0,"activity":3.0E-4,"lastBolusTime":1703743575078,"time":"2023-12-28T07:16:12.652Z"}},{"iob":0.013,"basaliob":-0.217,"bolussnooze":0,"activity":6.0E-4,"lastBolusTime":1703743575078,"time":"2023-12-28T07:21:12.652Z","iobWithZeroTemp":{"iob":-0.127,"basaliob":-0.357,"bolussnooze":0,"activity":1.0E-4,"lastBolusTime":1703743575078,"time":"2023-12-28T07:21:12.652Z"}},{"iob":0.009,"basaliob":-0.205,"bolussnooze":0,"activity":6.0E-4,"lastBolusTime":1703743575078,"time":"2023-12-28T07:26:12.652Z","iobWithZeroTemp":{"iob":-0.153,"basaliob":-0.367,"bolussnooze":0,"activity":-1.0E-4,"lastBolusTime":1703743575078,"time":"2023-12-28T07:26:12.652Z"}},{"iob":0.007,"basaliob":-0.193,"bolussnooze":0,"activity":5.0E-4,"lastBolusTime":1703743575078,"time":"2023-12-28T07:31:12.652Z","iobWithZeroTemp":{"iob":-0.176,"basaliob":-0.376,"bolussnooze":0,"activity":-3.0E-4,"lastBolusTime":1703743575078,"time":"2023-12-28T07:31:12.652Z"}},{"iob":0.005,"basaliob":-0.182,"bolussnooze":0,"activity":4.0E-4,"lastBolusTime":1703743575078,"time":"2023-12-28T07:36:12.652Z","iobWithZeroTemp":{"iob":-0.199,"basaliob":-0.386,"bolussnooze":0,"activity":-6.0E-4,"lastBolusTime":1703743575078,"time":"2023-12-28T07:36:12.652Z"}},{"iob":0.003,"basaliob":-0.171,"bolussnooze":0,"activity":4.0E-4,"lastBolusTime":1703743575078,"time":"2023-12-28T07:41:12.652Z","iobWithZeroTemp":{"iob":-0.22,"basaliob":-0.394,"bolussnooze":0,"activity":-8.0E-4,"lastBolusTime":1703743575078,"time":"2023-12-28T07:41:12.652Z"}},{"iob":0.002,"basaliob":-0.16,"bolussnooze":0,"activity":2.0E-4,"lastBolusTime":1703743575078,"time":"2023-12-28T07:46:12.652Z","iobWithZeroTemp":{"iob":-0.24,"basaliob":-0.402,"bolussnooze":0,"activity":-0.0011,"lastBolusTime":1703743575078,"time":"2023-12-28T07:46:12.652Z"}},{"iob":0,"basaliob":-0.15,"bolussnooze":0,"activity":2.0E-4,"lastBolusTime":1703743575078,"time":"2023-12-28T07:51:12.652Z","iobWithZeroTemp":{"iob":-0.26,"basaliob":-0.41,"bolussnooze":0,"activity":-0.0013,"lastBolusTime":1703743575078,"time":"2023-12-28T07:51:12.652Z"}},{"iob":-0.001,"basaliob":-0.141,"bolussnooze":0,"activity":2.0E-4,"lastBolusTime":1703743575078,"time":"2023-12-28T07:56:12.652Z","iobWithZeroTemp":{"iob":-0.278,"basaliob":-0.418,"bolussnooze":0,"activity":-0.0015,"lastBolusTime":1703743575078,"time":"2023-12-28T07:56:12.652Z"}},{"iob":-0.002,"basaliob":-0.132,"bolussnooze":0,"activity":1.0E-4,"lastBolusTime":1703743575078,"time":"2023-12-28T08:01:12.652Z","iobWithZeroTemp":{"iob":-0.296,"basaliob":-0.426,"bolussnooze":0,"activity":-0.0017,"lastBolusTime":1703743575078,"time":"2023-12-28T08:01:12.652Z"}},{"iob":-0.003,"basaliob":-0.123,"bolussnooze":0,"activity":1.0E-4,"lastBolusTime":1703743575078,"time":"2023-12-28T08:06:12.652Z","iobWithZeroTemp":{"iob":-0.312,"basaliob":-0.432,"bolussnooze":0,"activity":-0.0019,"lastBolusTime":1703743575078,"time":"2023-12-28T08:06:12.652Z"}},{"iob":-0.004,"basaliob":-0.115,"bolussnooze":0,"activity":1.0E-4,"lastBolusTime":1703743575078,"time":"2023-12-28T08:11:12.652Z","iobWithZeroTemp":{"iob":-0.328,"basaliob":-0.439,"bolussnooze":0,"activity":-0.0021,"lastBolusTime":1703743575078,"time":"2023-12-28T08:11:12.652Z"}},{"iob":-0.004,"basaliob":-0.107,"bolussnooze":0,"activity":1.0E-4,"lastBolusTime":1703743575078,"time":"2023-12-28T08:16:12.652Z","iobWithZeroTemp":{"iob":-0.341,"basaliob":-0.444,"bolussnooze":0,"activity":-0.0022,"lastBolusTime":1703743575078,"time":"2023-12-28T08:16:12.652Z"}},{"iob":-0.005,"basaliob":-0.1,"bolussnooze":0,"activity":1.0E-4,"lastBolusTime":1703743575078,"time":"2023-12-28T08:21:12.652Z","iobWithZeroTemp":{"iob":-0.355,"basaliob":-0.45,"bolussnooze":0,"activity":-0.0024,"lastBolusTime":1703743575078,"time":"2023-12-28T08:21:12.652Z"}},{"iob":-0.005,"basaliob":-0.093,"bolussnooze":0,"activity":1.0E-4,"lastBolusTime":1703743575078,"time":"2023-12-28T08:26:12.652Z","iobWithZeroTemp":{"iob":-0.368,"basaliob":-0.456,"bolussnooze":0,"activity":-0.0025,"lastBolusTime":1703743575078,"time":"2023-12-28T08:26:12.652Z"}},{"iob":-0.004,"basaliob":-0.086,"bolussnooze":0,"activity":0,"lastBolusTime":1703743575078,"time":"2023-12-28T08:31:12.652Z","iobWithZeroTemp":{"iob":-0.378,"basaliob":-0.46,"bolussnooze":0,"activity":-0.0028,"lastBolusTime":1703743575078,"time":"2023-12-28T08:31:12.652Z"}},{"iob":-0.005,"basaliob":-0.08,"bolussnooze":0,"activity":0,"lastBolusTime":1703743575078,"time":"2023-12-28T08:36:12.652Z","iobWithZeroTemp":{"iob":-0.39,"basaliob":-0.465,"bolussnooze":0,"activity":-0.0029,"lastBolusTime":1703743575078,"time":"2023-12-28T08:36:12.652Z"}},{"iob":-0.006,"basaliob":-0.075,"bolussnooze":0,"activity":0,"lastBolusTime":1703743575078,"time":"2023-12-28T08:41:12.652Z","iobWithZeroTemp":{"iob":-0.401,"basaliob":-0.47,"bolussnooze":0,"activity":-0.003,"lastBolusTime":1703743575078,"time":"2023-12-28T08:41:12.652Z"}},{"iob":-0.005,"basaliob":-0.069,"bolussnooze":0,"activity":0,"lastBolusTime":1703743575078,"time":"2023-12-28T08:46:12.652Z","iobWithZeroTemp":{"iob":-0.41,"basaliob":-0.474,"bolussnooze":0,"activity":-0.0031,"lastBolusTime":1703743575078,"time":"2023-12-28T08:46:12.652Z"}},{"iob":-0.005,"basaliob":-0.064,"bolussnooze":0,"activity":0,"lastBolusTime":1703743575078,"time":"2023-12-28T08:51:12.652Z","iobWithZeroTemp":{"iob":-0.419,"basaliob":-0.478,"bolussnooze":0,"activity":-0.0033,"lastBolusTime":1703743575078,"time":"2023-12-28T08:51:12.652Z"}},{"iob":-0.006,"basaliob":-0.06,"bolussnooze":0,"activity":0,"lastBolusTime":1703743575078,"time":"2023-12-28T08:56:12.652Z","iobWithZeroTemp":{"iob":-0.429,"basaliob":-0.483,"bolussnooze":0,"activity":-0.0034,"lastBolusTime":1703743575078,"time":"2023-12-28T08:56:12.652Z"}},{"iob":-0.005,"basaliob":-0.055,"bolussnooze":0,"activity":-1.0E-4,"lastBolusTime":1703743575078,"time":"2023-12-28T09:01:12.652Z","iobWithZeroTemp":{"iob":-0.435,"basaliob":-0.485,"bolussnooze":0,"activity":-0.0036,"lastBolusTime":1703743575078,"time":"2023-12-28T09:01:12.652Z"}},{"iob":-0.005,"basaliob":-0.051,"bolussnooze":0,"activity":0,"lastBolusTime":1703743575078,"time":"2023-12-28T09:06:12.652Z","iobWithZeroTemp":{"iob":-0.443,"basaliob":-0.489,"bolussnooze":0,"activity":-0.0036,"lastBolusTime":1703743575078,"time":"2023-12-28T09:06:12.652Z"}},{"iob":-0.005,"basaliob":-0.047,"bolussnooze":0,"activity":0,"lastBolusTime":1703743575078,"time":"2023-12-28T09:11:12.652Z","iobWithZeroTemp":{"iob":-0.45,"basaliob":-0.492,"bolussnooze":0,"activity":-0.0037,"lastBolusTime":1703743575078,"time":"2023-12-28T09:11:12.652Z"}},{"iob":-0.005,"basaliob":-0.044,"bolussnooze":0,"activity":0,"lastBolusTime":1703743575078,"time":"2023-12-28T09:16:12.652Z","iobWithZeroTemp":{"iob":-0.456,"basaliob":-0.495,"bolussnooze":0,"activity":-0.0038,"lastBolusTime":1703743575078,"time":"2023-12-28T09:16:12.652Z"}},{"iob":-0.004,"basaliob":-0.04,"bolussnooze":0,"activity":0,"lastBolusTime":1703743575078,"time":"2023-12-28T09:21:12.652Z","iobWithZeroTemp":{"iob":-0.461,"basaliob":-0.497,"bolussnooze":0,"activity":-0.0039,"lastBolusTime":1703743575078,"time":"2023-12-28T09:21:12.652Z"}},{"iob":-0.004,"basaliob":-0.037,"bolussnooze":0,"activity":0,"lastBolusTime":1703743575078,"time":"2023-12-28T09:26:12.652Z","iobWithZeroTemp":{"iob":-0.467,"basaliob":-0.5,"bolussnooze":0,"activity":-0.0039,"lastBolusTime":1703743575078,"time":"2023-12-28T09:26:12.652Z"}},{"iob":-0.004,"basaliob":-0.034,"bolussnooze":0,"activity":-1.0E-4,"lastBolusTime":1703743575078,"time":"2023-12-28T09:31:12.652Z","iobWithZeroTemp":{"iob":-0.472,"basaliob":-0.502,"bolussnooze":0,"activity":-0.0041,"lastBolusTime":1703743575078,"time":"2023-12-28T09:31:12.652Z"}},{"iob":-0.005,"basaliob":-0.032,"bolussnooze":0,"activity":0,"lastBolusTime":1703743575078,"time":"2023-12-28T09:36:12.652Z","iobWithZeroTemp":{"iob":-0.478,"basaliob":-0.505,"bolussnooze":0,"activity":-0.0041,"lastBolusTime":1703743575078,"time":"2023-12-28T09:36:12.652Z"}},{"iob":-0.004,"basaliob":-0.029,"bolussnooze":0,"activity":-1.0E-4,"lastBolusTime":1703743575078,"time":"2023-12-28T09:41:12.652Z","iobWithZeroTemp":{"iob":-0.481,"basaliob":-0.506,"bolussnooze":0,"activity":-0.0042,"lastBolusTime":1703743575078,"time":"2023-12-28T09:41:12.652Z"}},{"iob":-0.004,"basaliob":-0.027,"bolussnooze":0,"activity":0,"lastBolusTime":1703743575078,"time":"2023-12-28T09:46:12.652Z","iobWithZeroTemp":{"iob":-0.485,"basaliob":-0.508,"bolussnooze":0,"activity":-0.0042,"lastBolusTime":1703743575078,"time":"2023-12-28T09:46:12.652Z"}},{"iob":-0.004,"basaliob":-0.025,"bolussnooze":0,"activity":0,"lastBolusTime":1703743575078,"time":"2023-12-28T09:51:12.652Z","iobWithZeroTemp":{"iob":-0.489,"basaliob":-0.51,"bolussnooze":0,"activity":-0.0043,"lastBolusTime":1703743575078,"time":"2023-12-28T09:51:12.652Z"}},{"iob":-0.004,"basaliob":-0.023,"bolussnooze":0,"activity":0,"lastBolusTime":1703743575078,"time":"2023-12-28T09:56:12.652Z","iobWithZeroTemp":{"iob":-0.493,"basaliob":-0.512,"bolussnooze":0,"activity":-0.0043,"lastBolusTime":1703743575078,"time":"2023-12-28T09:56:12.652Z"}},{"iob":-0.004,"basaliob":-0.021,"bolussnooze":0,"activity":-1.0E-4,"lastBolusTime":1703743575078,"time":"2023-12-28T10:01:12.652Z","iobWithZeroTemp":{"iob":-0.496,"basaliob":-0.513,"bolussnooze":0,"activity":-0.0045,"lastBolusTime":1703743575078,"time":"2023-12-28T10:01:12.652Z"}},{"iob":-0.003,"basaliob":-0.019,"bolussnooze":0,"activity":0,"lastBolusTime":1703743575078,"time":"2023-12-28T10:06:12.652Z","iobWithZeroTemp":{"iob":-0.498,"basaliob":-0.514,"bolussnooze":0,"activity":-0.0044,"lastBolusTime":1703743575078,"time":"2023-12-28T10:06:12.652Z"}},{"iob":-0.003,"basaliob":-0.017,"bolussnooze":0,"activity":0,"lastBolusTime":1703743575078,"time":"2023-12-28T10:11:12.652Z","iobWithZeroTemp":{"iob":-0.501,"basaliob":-0.515,"bolussnooze":0,"activity":-0.0045,"lastBolusTime":1703743575078,"time":"2023-12-28T10:11:12.652Z"}},{"iob":-0.003,"basaliob":-0.016,"bolussnooze":0,"activity":0,"lastBolusTime":1703743575078,"time":"2023-12-28T10:16:12.652Z","iobWithZeroTemp":{"iob":-0.503,"basaliob":-0.516,"bolussnooze":0,"activity":-0.0045,"lastBolusTime":1703743575078,"time":"2023-12-28T10:16:12.652Z"}},{"iob":-0.003,"basaliob":-0.015,"bolussnooze":0,"activity":-1.0E-4,"lastBolusTime":1703743575078,"time":"2023-12-28T10:21:12.652Z","iobWithZeroTemp":{"iob":-0.506,"basaliob":-0.518,"bolussnooze":0,"activity":-0.0046,"lastBolusTime":1703743575078,"time":"2023-12-28T10:21:12.652Z"}},{"iob":-0.002,"basaliob":-0.013,"bolussnooze":0,"activity":0,"lastBolusTime":1703743575078,"time":"2023-12-28T10:26:12.652Z","iobWithZeroTemp":{"iob":-0.507,"basaliob":-0.518,"bolussnooze":0,"activity":-0.0046,"lastBolusTime":1703743575078,"time":"2023-12-28T10:26:12.652Z"}},{"iob":-0.002,"basaliob":-0.012,"bolussnooze":0,"activity":0,"lastBolusTime":1703743575078,"time":"2023-12-28T10:31:12.652Z","iobWithZeroTemp":{"iob":-0.509,"basaliob":-0.519,"bolussnooze":0,"activity":-0.0046,"lastBolusTime":1703743575078,"time":"2023-12-28T10:31:12.652Z"}},{"iob":-0.002,"basaliob":-0.011,"bolussnooze":0,"activity":0,"lastBolusTime":1703743575078,"time":"2023-12-28T10:36:12.652Z","iobWithZeroTemp":{"iob":-0.511,"basaliob":-0.52,"bolussnooze":0,"activity":-0.0046,"lastBolusTime":1703743575078,"time":"2023-12-28T10:36:12.652Z"}},{"iob":-0.002,"basaliob":-0.01,"bolussnooze":0,"activity":0,"lastBolusTime":1703743575078,"time":"2023-12-28T10:41:12.652Z","iobWithZeroTemp":{"iob":-0.513,"basaliob":-0.521,"bolussnooze":0,"activity":-0.0047,"lastBolusTime":1703743575078,"time":"2023-12-28T10:41:12.652Z"}},{"iob":-0.002,"basaliob":-0.009,"bolussnooze":0,"activity":-1.0E-4,"lastBolusTime":1703743575078,"time":"2023-12-28T10:46:12.652Z","iobWithZeroTemp":{"iob":-0.514,"basaliob":-0.521,"bolussnooze":0,"activity":-0.0048,"lastBolusTime":1703743575078,"time":"2023-12-28T10:46:12.652Z"}}],"profile":{"max_iob":4,"type":"current","max_daily_basal":0.5,"max_basal":1.2,"min_bg":95.4,"max_bg":95.4,"target_bg":95.4,"carb_ratio":25,"sens":126,"max_daily_safety_multiplier":3,"current_basal_safety_multiplier":4,"lgsThreshold":65,"high_temptarget_raises_sensitivity":false,"low_temptarget_lowers_sensitivity":false,"sensitivity_raises_target":true,"resistance_lowers_target":true,"adv_target_adjustments":false,"exercise_mode":false,"half_basal_exercise_target":160,"maxCOB":120,"skip_neutral_temps":false,"remainingCarbsCap":90,"enableUAM":true,"A52_risk_enable":false,"SMBInterval":3,"enableSMB_with_COB":true,"enableSMB_with_temptarget":true,"allowSMB_with_high_temptarget":false,"enableSMB_always":false,"enableSMB_after_carbs":false,"maxSMBBasalMinutes":75,"maxUAMSMBBasalMinutes":75,"bolus_increment":0.05,"carbsReqThreshold":10,"current_basal":0.3,"temptargetSet":true,"autosens_max":1.2,"autosens_min":0.7,"out_units":"mmol\/L","variable_sens":181.8,"insulinDivisor":65,"TDD":11.071172619047617},"autosens_data":{"ratio":1},"meal_data":{"carbs":0,"mealCOB":0,"slopeFromMaxDeviation":-1.0785555555555555,"slopeFromMinDeviation":0,"lastBolusTime":1703743575078,"lastCarbTime":0},"microBolusAllowed":true,"currentTime":1703746274146,"flatBGsDetected":false,"tdd1D":11.195833333333328,"tdd7D":12.08690476190476,"tddLast24H":11.966666666666672,"tddLast4H":1.8125,"tddLast8to4H":1.2708333333333335},"output":{"temp":"absolute","bg":94,"tick":-7,"eventualBG":85,"targetBG":95.4,"insulinReq":0,"deliverAt":"2023-12-28T06:51:14.146Z","sensitivityRatio":1,"variable_sens":181.8,"predBGs":{"IOB":[94,87,81,75,70,66,62,59,56,54,52,51,51,51,50],"ZT":[94,93,92,91,90,90,89,89,89,90,90,91,92,93,94]},"reason":"COB: 0, Dev: -0.1, BGI: -0.1, ISF: 10.1, CR: 25, Target: 5.3, minPredBG 3.1, minGuardBG 2.8, IOBpredBG 2.8; minGuardBG 2.8<3.8","COB":0,"IOB":0.04,"duration":60,"rate":0,"timestamp":"2023-12-28T06:51:14.183Z"}}