{"algorithm":"OpenAPSSMBDynamicISFPlugin","input":{"glucoseStatus":{"glucose":73,"noise":0,"delta":6.67,"short_avgdelta":4.56,"long_avgdelta":-1.18,"date":1703730919512},"currenttemp":{"temp":"absolute","duration":35,"rate":0,"minutesrunning":25},"iob_data":[{"iob":-0.1,"basaliob":-0.25,"bolussnooze":0,"activity":-3.0E-4,"lastBolusTime":1703728874075,"time":"2023-12-28T02:36:12.962Z","iobWithZeroTemp":{"iob":-0.1,"basaliob":-0.25,"bolussnooze":0,"activity":-3.0E-4,"lastBolusTime":1703728874075,"time":"2023-12-28T02:36:12.962Z"}},{"iob":-0.098,"basaliob":-0.239,"bolussnooze":0,"activity":-4.0E-4,"lastBolusTime":1703728874075,"time":"2023-12-28T02:41:12.962Z","iobWithZeroTemp":{"iob":-0.115,"basaliob":-0.256,"bolussnooze":0,"activity":-4.0E-4,"lastBolusTime":1703728874075,"time":"2023-12-28T02:41:12.962Z"}},{"iob":-0.096,"basaliob":-0.228,"bolussnooze":0,"activity":-4.0E-4,"lastBolusTime":1703728874075,"time":"2023-12-28T02:46:12.962Z","iobWithZeroTemp":{"iob":-0.133,"basaliob":-0.265,"bolussnooze":0,"activity":-5.0E-4,"lastBolusTime":1703728874075,"time":"2023-12-28T02:46:12.962Z"}},{"iob":-0.093,"basaliob":-0.217,"bolussnooze":0,"activity":-5.0E-4,"lastBolusTime":1703728874075,"time":"2023-12-28T02:51:12.962Z","iobWithZeroTemp":{"iob":-0.151,"basaliob":-0.275,"bolussnooze":0,"activity":-6.0E-4,"lastBolusTime":1703728874075,"time":"2023-12-28T02:51:12.962Z"}},{"iob":-0.091,"basaliob":-0.206,"bolussnooze":0,"activity":-6.0E-4,"lastBolusTime":1703728874075,"time":"2023-12-28T02:56:12.962Z","iobWithZeroTemp":{"iob":-0.169,"basaliob":-0.284,"bolussnooze":0,"activity":-8.0E-4,"lastBolusTime":1703728874075,"time":"2023-12-28T02:56:12.962Z"}},{"iob":-0.087,"basaliob":-0.195,"bolussnooze":0,"activity":-6.0E-4,"lastBolusTime":1703728874075,"time":"2023-12-28T03:01:12.962Z","iobWithZeroTemp":{"iob":-0.184,"basaliob":-0.292,"bolussnooze":0,"activity":-9.0E-4,"lastBolusTime":1703728874075,"time":"2023-12-28T03:01:12.962Z"}},{"iob":-0.085,"basaliob":-0.185,"bolussnooze":0,"activity":-7.0E-4,"lastBolusTime":1703728874075,"time":"2023-12-28T03:06:12.962Z","iobWithZeroTemp":{"iob":-0.201,"basaliob":-0.301,"bolussnooze":0,"activity":-0.0011,"lastBolusTime":1703728874075,"time":"2023-12-28T03:06:12.962Z"}},{"iob":-0.08,"basaliob":-0.174,"bolussnooze":0,"activity":-7.0E-4,"lastBolusTime":1703728874075,"time":"2023-12-28T03:11:12.962Z","iobWithZeroTemp":{"iob":-0.215,"basaliob":-0.309,"bolussnooze":0,"activity":-0.0012,"lastBolusTime":1703728874075,"time":"2023-12-28T03:11:12.962Z"}},{"iob":-0.077,"basaliob":-0.164,"bolussnooze":0,"activity":-6.0E-4,"lastBolusTime":1703728874075,"time":"2023-12-28T03:16:12.962Z","iobWithZeroTemp":{"iob":-0.23,"basaliob":-0.317,"bolussnooze":0,"activity":-0.0013,"lastBolusTime":1703728874075,"time":"2023-12-28T03:16:12.962Z"}},{"iob":-0.074,"basaliob":-0.155,"bolussnooze":0,"activity":-7.0E-4,"lastBolusTime":1703728874075,"time":"2023-12-28T03:21:12.962Z","iobWithZeroTemp":{"iob":-0.244,"basaliob":-0.325,"bolussnooze":0,"activity":-0.0015,"lastBolusTime":1703728874075,"time":"2023-12-28T03:21:12.962Z"}},{"iob":-0.071,"basaliob":-0.146,"bolussnooze":0,"activity":-7.0E-4,"lastBolusTime":1703728874075,"time":"2023-12-28T03:26:12.962Z","iobWithZeroTemp":{"iob":-0.257,"basaliob":-0.332,"bolussnooze":0,"activity":-0.0017,"lastBolusTime":1703728874075,"time":"2023-12-28T03:26:12.962Z"}},{"iob":-0.067,"basaliob":-0.137,"bolussnooze":0,"activity":-7.0E-4,"lastBolusTime":1703728874075,"time":"2023-12-28T03:31:12.962Z","iobWithZeroTemp":{"iob":-0.269,"basaliob":-0.339,"bolussnooze":0,"activity":-0.0018,"lastBolusTime":1703728874075,"time":"2023-12-28T03:31:12.962Z"}},{"iob":-0.063,"basaliob":-0.128,"bolussnooze":0,"activity":-6.0E-4,"lastBolusTime":1703728874075,"time":"2023-12-28T03:36:12.962Z","iobWithZeroTemp":{"iob":-0.28,"basaliob":-0.345,"bolussnooze":0,"activity":-0.0018,"lastBolusTime":1703728874075,"time":"2023-12-28T03:36:12.962Z"}},{"iob":-0.06,"basaliob":-0.12,"bolussnooze":0,"activity":-7.0E-4,"lastBolusTime":1703728874075,"time":"2023-12-28T03:41:12.962Z","iobWithZeroTemp":{"iob":-0.291,"basaliob":-0.351,"bolussnooze":0,"activity":-0.0021,"lastBolusTime":1703728874075,"time":"2023-12-28T03:41:12.962Z"}},{"iob":-0.057,"basaliob":-0.113,"bolussnooze":0,"activity":-6.0E-4,"lastBolusTime":1703728874075,"time":"2023-12-28T03:46:12.962Z","iobWithZeroTemp":{"iob":-0.302,"basaliob":-0.358,"bolussnooze":0,"activity":-0.0021,"lastBolusTime":1703728874075,"time":"2023-12-28T03:46:12.962Z"}},{"iob":-0.053,"basaliob":-0.105,"bolussnooze":0,"activity":-6.0E-4,"lastBolusTime":1703728874075,"time":"2023-12-28T03:51:12.962Z","iobWithZeroTemp":{"iob":-0.31,"basaliob":-0.362,"bolussnooze":0,"activity":-0.0023,"lastBolusTime":1703728874075,"time":"2023-12-28T03:51:12.962Z"}},{"iob":-0.05,"basaliob":-0.098,"bolussnooze":0,"activity":-6.0E-4,"lastBolusTime":1703728874075,"time":"2023-12-28T03:56:12.962Z","iobWithZeroTemp":{"iob":-0.32,"basaliob":-0.368,"bolussnooze":0,"activity":-0.0024,"lastBolusTime":1703728874075,"time":"2023-12-28T03:56:12.962Z"}},{"iob":-0.048,"basaliob":-0.092,"bolussnooze":0,"activity":-6.0E-4,"lastBolusTime":1703728874075,"time":"2023-12-28T04:01:12.962Z","iobWithZeroTemp":{"iob":-0.329,"basaliob":-0.373,"bolussnooze":0,"activity":-0.0025,"lastBolusTime":1703728874075,"time":"2023-12-28T04:01:12.962Z"}},{"iob":-0.045,"basaliob":-0.086,"bolussnooze":0,"activity":-5.0E-4,"lastBolusTime":1703728874075,"time":"2023-12-28T04:06:12.962Z","iobWithZeroTemp":{"iob":-0.337,"basaliob":-0.378,"bolussnooze":0,"activity":-0.0026,"lastBolusTime":1703728874075,"time":"2023-12-28T04:06:12.962Z"}},{"iob":-0.042,"basaliob":-0.08,"bolussnooze":0,"activity":-5.0E-4,"lastBolusTime":1703728874075,"time":"2023-12-28T04:11:12.962Z","iobWithZeroTemp":{"iob":-0.344,"basaliob":-0.382,"bolussnooze":0,"activity":-0.0027,"lastBolusTime":1703728874075,"time":"2023-12-28T04:11:12.962Z"}},{"iob":-0.039,"basaliob":-0.074,"bolussnooze":0,"activity":-5.0E-4,"lastBolusTime":1703728874075,"time":"2023-12-28T04:16:12.962Z","iobWithZeroTemp":{"iob":-0.351,"basaliob":-0.386,"bolussnooze":0,"activity":-0.0028,"lastBolusTime":1703728874075,"time":"2023-12-28T04:16:12.962Z"}},{"iob":-0.037,"basaliob":-0.069,"bolussnooze":0,"activity":-5.0E-4,"lastBolusTime":1703728874075,"time":"2023-12-28T04:21:12.962Z","iobWithZeroTemp":{"iob":-0.358,"basaliob":-0.39,"bolussnooze":0,"activity":-0.0029,"lastBolusTime":1703728874075,"time":"2023-12-28T04:21:12.962Z"}},{"iob":-0.035,"basaliob":-0.064,"bolussnooze":0,"activity":-4.0E-4,"lastBolusTime":1703728874075,"time":"2023-12-28T04:26:12.962Z","iobWithZeroTemp":{"iob":-0.365,"basaliob":-0.394,"bolussnooze":0,"activity":-0.0029,"lastBolusTime":1703728874075,"time":"2023-12-28T04:26:12.962Z"}},{"iob":-0.033,"basaliob":-0.06,"bolussnooze":0,"activity":-4.0E-4,"lastBolusTime":1703728874075,"time":"2023-12-28T04:31:12.962Z","iobWithZeroTemp":{"iob":-0.371,"basaliob":-0.398,"bolussnooze":0,"activity":-0.003,"lastBolusTime":1703728874075,"time":"2023-12-28T04:31:12.962Z"}},{"iob":-0.03,"basaliob":-0.055,"bolussnooze":0,"activity":-4.0E-4,"lastBolusTime":1703728874075,"time":"2023-12-28T04:36:12.962Z","iobWithZeroTemp":{"iob":-0.375,"basaliob":-0.4,"bolussnooze":0,"activity":-0.0031,"lastBolusTime":1703728874075,"time":"2023-12-28T04:36:12.962Z"}},{"iob":-0.028,"basaliob":-0.051,"bolussnooze":0,"activity":-4.0E-4,"lastBolusTime":1703728874075,"time":"2023-12-28T04:41:12.962Z","iobWithZeroTemp":{"iob":-0.38,"basaliob":-0.403,"bolussnooze":0,"activity":-0.0032,"lastBolusTime":1703728874075,"time":"2023-12-28T04:41:12.962Z"}},{"iob":-0.027,"basaliob":-0.048,"bolussnooze":0,"activity":-3.0E-4,"lastBolusTime":1703728874075,"time":"2023-12-28T04:46:12.962Z","iobWithZeroTemp":{"iob":-0.386,"basaliob":-0.407,"bolussnooze":0,"activity":-0.0032,"lastBolusTime":1703728874075,"time":"2023-12-28T04:46:12.962Z"}},{"iob":-0.025,"basaliob":-0.044,"bolussnooze":0,"activity":-4.0E-4,"lastBolusTime":1703728874075,"time":"2023-12-28T04:51:12.962Z","iobWithZeroTemp":{"iob":-0.39,"basaliob":-0.409,"bolussnooze":0,"activity":-0.0034,"lastBolusTime":1703728874075,"time":"2023-12-28T04:51:12.962Z"}},{"iob":-0.023,"basaliob":-0.041,"bolussnooze":0,"activity":-3.0E-4,"lastBolusTime":1703728874075,"time":"2023-12-28T04:56:12.962Z","iobWithZeroTemp":{"iob":-0.394,"basaliob":-0.412,"bolussnooze":0,"activity":-0.0034,"lastBolusTime":1703728874075,"time":"2023-12-28T04:56:12.962Z"}},{"iob":-0.022,"basaliob":-0.038,"bolussnooze":0,"activity":-3.0E-4,"lastBolusTime":1703728874075,"time":"2023-12-28T05:01:12.962Z","iobWithZeroTemp":{"iob":-0.398,"basaliob":-0.414,"bolussnooze":0,"activity":-0.0034,"lastBolusTime":1703728874075,"time":"2023-12-28T05:01:12.962Z"}},{"iob":-0.02,"basaliob":-0.035,"bolussnooze":0,"activity":-3.0E-4,"lastBolusTime":1703728874075,"time":"2023-12-28T05:06:12.962Z","iobWithZeroTemp":{"iob":-0.405,"basaliob":-0.42,"bolussnooze":0,"activity":-0.0035,"lastBolusTime":1703728874075,"time":"2023-12-28T05:06:12.962Z"}},{"iob":-0.018,"basaliob":-0.032,"bolussnooze":0,"activity":-3.0E-4,"lastBolusTime":1703728874075,"time":"2023-12-28T05:11:12.962Z","iobWithZeroTemp":{"iob":-0.412,"basaliob":-0.426,"bolussnooze":0,"activity":-0.0036,"lastBolusTime":1703728874075,"time":"2023-12-28T05:11:12.962Z"}},{"iob":-0.018,"basaliob":-0.03,"bolussnooze":0,"activity":-3.0E-4,"lastBolusTime":1703728874075,"time":"2023-12-28T05:16:12.962Z","iobWithZeroTemp":{"iob":-0.42,"basaliob":-0.432,"bolussnooze":0,"activity":-0.0037,"lastBolusTime":1703728874075,"time":"2023-12-28T05:16:12.962Z"}},{"iob":-0.016,"basaliob":-0.027,"bolussnooze":0,"activity":-2.0E-4,"lastBolusTime":1703728874075,"time":"2023-12-28T05:21:12.962Z","iobWithZeroTemp":{"iob":-0.426,"basaliob":-0.437,"bolussnooze":0,"activity":-0.0036,"lastBolusTime":1703728874075,"time":"2023-12-28T05:21:12.962Z"}},{"iob":-0.015,"basaliob":-0.025,"bolussnooze":0,"activity":-2.0E-4,"lastBolusTime":1703728874075,"time":"2023-12-28T05:26:12.962Z","iobWithZeroTemp":{"iob":-0.433,"basaliob":-0.443,"bolussnooze":0,"activity":-0.0037,"lastBolusTime":1703728874075,"time":"2023-12-28T05:26:12.962Z"}},{"iob":-0.014,"basaliob":-0.023,"bolussnooze":0,"activity":-2.0E-4,"lastBolusTime":1703728874075,"time":"2023-12-28T05:31:12.962Z","iobWithZeroTemp":{"iob":-0.439,"basaliob":-0.448,"bolussnooze":0,"activity":-0.0038,"lastBolusTime":1703728874075,"time":"2023-12-28T05:31:12.962Z"}},{"iob":-0.012,"basaliob":-0.021,"bolussnooze":0,"activity":-2.0E-4,"lastBolusTime":1703728874075,"time":"2023-12-28T05:36:12.962Z","iobWithZeroTemp":{"iob":-0.444,"basaliob":-0.453,"bolussnooze":0,"activity":-0.0039,"lastBolusTime":1703728874075,"time":"2023-12-28T05:36:12.962Z"}},{"iob":-0.012,"basaliob":-0.02,"bolussnooze":0,"activity":-2.0E-4,"lastBolusTime":1703728874075,"time":"2023-12-28T05:41:12.962Z","iobWithZeroTemp":{"iob":-0.45,"basaliob":-0.458,"bolussnooze":0,"activity":-0.0039,"lastBolusTime":1703728874075,"time":"2023-12-28T05:41:12.962Z"}},{"iob":-0.011,"basaliob":-0.018,"bolussnooze":0,"activity":-2.0E-4,"lastBolusTime":1703728874075,"time":"2023-12-28T05:46:12.962Z","iobWithZeroTemp":{"iob":-0.455,"basaliob":-0.462,"bolussnooze":0,"activity":-0.004,"lastBolusTime":1703728874075,"time":"2023-12-28T05:46:12.962Z"}},{"iob":-0.009,"basaliob":-0.016,"bolussnooze":0,"activity":-2.0E-4,"lastBolusTime":1703728874075,"time":"2023-12-28T05:51:12.962Z","iobWithZeroTemp":{"iob":-0.459,"basaliob":-0.466,"bolussnooze":0,"activity":-0.0041,"lastBolusTime":1703728874075,"time":"2023-12-28T05:51:12.962Z"}},{"iob":-0.009,"basaliob":-0.015,"bolussnooze":0,"activity":-2.0E-4,"lastBolusTime":1703728874075,"time":"2023-12-28T05:56:12.962Z","iobWithZeroTemp":{"iob":-0.465,"basaliob":-0.471,"bolussnooze":0,"activity":-0.0041,"lastBolusTime":1703728874075,"time":"2023-12-28T05:56:12.962Z"}},{"iob":-0.009,"basaliob":-0.014,"bolussnooze":0,"activity":-1.0E-4,"lastBolusTime":1703728874075,"time":"2023-12-28T06:01:12.962Z","iobWithZeroTemp":{"iob":-0.47,"basaliob":-0.475,"bolussnooze":0,"activity":-0.0041,"lastBolusTime":1703728874075,"time":"2023-12-28T06:01:12.962Z"}},{"iob":-0.008,"basaliob":-0.013,"bolussnooze":0,"activity":-1.0E-4,"lastBolusTime":1703728874075,"time":"2023-12-28T06:06:12.962Z","iobWithZeroTemp":{"iob":-0.473,"basaliob":-0.478,"bolussnooze":0,"activity":-0.0042,"lastBolusTime":1703728874075,"time":"2023-12-28T06:06:12.962Z"}},{"iob":-0.008,"basaliob":-0.012,"bolussnooze":0,"activity":-1.0E-4,"lastBolusTime":1703728874075,"time":"2023-12-28T06:11:12.962Z","iobWithZeroTemp":{"iob":-0.478,"basaliob":-0.482,"bolussnooze":0,"activity":-0.0042,"lastBolusTime":1703728874075,"time":"2023-12-28T06:11:12.962Z"}},{"iob":-0.007,"basaliob":-0.011,"bolussnooze":0,"activity":-1.0E-4,"lastBolusTime":1703728874075,"time":"2023-12-28T06:16:12.962Z","iobWithZeroTemp":{"iob":-0.481,"basaliob":-0.485,"bolussnooze":0,"activity":-0.0043,"lastBolusTime":1703728874075,"time":"2023-12-28T06:16:12.962Z"}},{"iob":-0.006,"basaliob":-0.01,"bolussnooze":0,"activity":-1.0E-4,"lastBolusTime":1703728874075,"time":"2023-12-28T06:21:12.962Z","iobWithZeroTemp":{"iob":-0.484,"basaliob":-0.488,"bolussnooze":0,"activity":-0.0043,"lastBolusTime":1703728874075,"time":"2023-12-28T06:21:12.962Z"}},{"iob":-0.006,"basaliob":-0.009,"bolussnooze":0,"activity":-1.0E-4,"lastBolusTime":1703728874075,"time":"2023-12-28T06:26:12.962Z","iobWithZeroTemp":{"iob":-0.488,"basaliob":-0.491,"bolussnooze":0,"activity":-0.0044,"lastBolusTime":1703728874075,"time":"2023-12-28T06:26:12.962Z"}},{"iob":-0.005,"basaliob":-0.008,"bolussnooze":0,"activity":0,"lastBolusTime":1703728874075,"time":"2023-12-28T06:31:12.962Z","iobWithZeroTemp":{"iob":-0.49,"basaliob":-0.493,"bolussnooze":0,"activity":-0.0043,"lastBolusTime":1703728874075,"time":"2023-12-28T06:31:12.962Z"}}],"profile":{"max_iob":4,"type":"current","max_daily_basal":0.5,"max_basal":1,"min_bg":95.4,"max_bg":95.4,"target_bg":95.4,"carb_ratio":25,"sens":142.20000000000002,"max_daily_safety_multiplier":3,"current_basal_safety_multiplier":4,"lgsThreshold":65,"high_temptarget_raises_sensitivity":false,"low_temptarget_lowers_sensitivity":false,"sensitivity_raises_target":true,"resistance_lowers_target":true,"adv_target_adjustments":false,"exercise_mode":false,"half_basal_exercise_target":160,"maxCOB":120,"skip_neutral_temps":false,"remainingCarbsCap":90,"enableUAM":true,"A52_risk_enable":false,"SMBInterval":3,"enableSMB_with_COB":true,"enableSMB_with_temptarget":true,"allowSMB_with_high_temptarget":false,"enableSMB_always":false,"enableSMB_after_carbs":false,"maxSMBBasalMinutes":75,"maxUAMSMBBasalMinutes":75,"bolus_increment":0.05,"carbsReqThreshold":10,"current_basal":0.25,"temptargetSet":true,"autosens_max":1.2,"autosens_min":0.7,"out_units":"mmol\/L","variable_sens":209.8,"insulinDivisor":65,"TDD":11.397872619047618},"autosens_data":{"ratio":1},"meal_data":{"carbs":0,"mealCOB":0,"slopeFromMaxDeviation":-0.16757142857142857,"slopeFromMinDeviation":2.8546666666666667,"lastBolusTime":1703728874075,"lastCarbTime":0},"microBolusAllowed":true,"currentTime":1703730974592,"flatBGsDetected":false,"tdd1D":11.195833333333328,"tdd7D":12.08690476190476,"tddLast24H":11.158333333333328,"tddLast4H":1.125,"tddLast8to4H":3.4250000000000003},"output":{"temp":"absolute","bg":73,"tick":"+7","eventualBG":120,"targetBG":95.4,"insulinReq":0.05,"deliverAt":"2023-12-28T02:36:14.592Z","sensitivityRatio":1,"variable_sens":209.8,"predBGs":{"IOB":[73,77,81,85,88,91,94,96,98,100,101,102,103,103,104,104,105,105,106,106,107,107,107,108,108,108,109,109,109,110,110,110,110,111,111,111,111,111,111,111,112],"ZT":[73,73,74,74,75,76,77,78,79,80,82,83,85,87,89,91,93,95],"UAM":[73,77,79,81,82,83,83,84,85,85,86,87,87,88,89,89,90,90,91,91,92,92,93,93,93,94,94,94,95,95,95,95,96,96,96,96,96,97,97,97,97,97,97,97,98]},"reason":"COB: 0, Dev: 1.4, BGI: 0.0, ISF: 11.7, CR: 25, Target: 5.3, minPredBG 5.8, minGuardBG 4.3, IOBpredBG 6.2, UAMpredBG 5.4; Eventual BG 6.7 >= 5.3,  insulinReq 0.05. temp 0.00 < 0.35U\/hr. ","COB":0,"IOB":-0.1,"duration":30,"rate":0.35,"timestamp":"2023-12-28T02:36:14.617Z"}}