{"algorithm":"OpenAPSSMBDynamicISFPlugin","input":{"glucoseStatus":{"glucose":155,"noise":0,"delta":8.67,"short_avgdelta":9.67,"long_avgdelta":9.78,"date":1703707200000},"currenttemp":{"temp":"absolute","duration":15,"rate":1.5,"minutesrunning":15},"iob_data":[{"iob":0.425,"basaliob":0.425,"bolussnooze":0,"activity":0.002,"lastBolusTime":1703681471121,"time":"2023-12-27T20:01:11.597Z","iobWithZeroTemp":{"iob":0.425,"basaliob":0.425,"bolussnooze":0,"activity":0.002,"lastBolusTime":1703681471121,"time":"2023-12-27T20:01:11.597Z"}},{"iob":0.414,"basaliob":0.414,"bolussnooze":0,"activity":0.0023,"lastBolusTime":1703681471121,"time":"2023-12-27T20:06:11.597Z","iobWithZeroTemp":{"iob":0.381,"basaliob":0.381,"bolussnooze":0,"activity":0.0023,"lastBolusTime":1703681471121,"time":"2023-12-27T20:06:11.597Z"}},{"iob":0.401,"basaliob":0.401,"bolussnooze":0,"activity":0.0026,"lastBolusTime":1703681471121,"time":"2023-12-27T20:11:11.597Z","iobWithZeroTemp":{"iob":0.326,"basaliob":0.326,"bolussnooze":0,"activity":0.0025,"lastBolusTime":1703681471121,"time":"2023-12-27T20:11:11.597Z"}},{"iob":0.388,"basaliob":0.388,"bolussnooze":0,"activity":0.0028,"lastBolusTime":1703681471121,"time":"2023-12-27T20:16:11.597Z","iobWithZeroTemp":{"iob":0.272,"basaliob":0.272,"bolussnooze":0,"activity":0.0026,"lastBolusTime":1703681471121,"time":"2023-12-27T20:16:11.597Z"}},{"iob":0.374,"basaliob":0.374,"bolussnooze":0,"activity":0.0029,"lastBolusTime":1703681471121,"time":"2023-12-27T20:21:11.597Z","iobWithZeroTemp":{"iob":0.218,"basaliob":0.218,"bolussnooze":0,"activity":0.0025,"lastBolusTime":1703681471121,"time":"2023-12-27T20:21:11.597Z"}},{"iob":0.359,"basaliob":0.359,"bolussnooze":0,"activity":0.003,"lastBolusTime":1703681471121,"time":"2023-12-27T20:26:11.597Z","iobWithZeroTemp":{"iob":0.164,"basaliob":0.164,"bolussnooze":0,"activity":0.0024,"lastBolusTime":1703681471121,"time":"2023-12-27T20:26:11.597Z"}},{"iob":0.344,"basaliob":0.344,"bolussnooze":0,"activity":0.003,"lastBolusTime":1703681471121,"time":"2023-12-27T20:31:11.597Z","iobWithZeroTemp":{"iob":0.111,"basaliob":0.111,"bolussnooze":0,"activity":0.0022,"lastBolusTime":1703681471121,"time":"2023-12-27T20:31:11.597Z"}},{"iob":0.329,"basaliob":0.329,"bolussnooze":0,"activity":0.0031,"lastBolusTime":1703681471121,"time":"2023-12-27T20:36:11.597Z","iobWithZeroTemp":{"iob":0.059,"basaliob":0.059,"bolussnooze":0,"activity":0.002,"lastBolusTime":1703681471121,"time":"2023-12-27T20:36:11.597Z"}},{"iob":0.313,"basaliob":0.313,"bolussnooze":0,"activity":0.0031,"lastBolusTime":1703681471121,"time":"2023-12-27T20:41:11.597Z","iobWithZeroTemp":{"iob":0.008,"basaliob":0.008,"bolussnooze":0,"activity":0.0017,"lastBolusTime":1703681471121,"time":"2023-12-27T20:41:11.597Z"}},{"iob":0.298,"basaliob":0.298,"bolussnooze":0,"activity":0.003,"lastBolusTime":1703681471121,"time":"2023-12-27T20:46:11.597Z","iobWithZeroTemp":{"iob":-0.041,"basaliob":-0.041,"bolussnooze":0,"activity":0.0014,"lastBolusTime":1703681471121,"time":"2023-12-27T20:46:11.597Z"}},{"iob":0.283,"basaliob":0.283,"bolussnooze":0,"activity":0.003,"lastBolusTime":1703681471121,"time":"2023-12-27T20:51:11.597Z","iobWithZeroTemp":{"iob":-0.089,"basaliob":-0.089,"bolussnooze":0,"activity":0.0011,"lastBolusTime":1703681471121,"time":"2023-12-27T20:51:11.597Z"}},{"iob":0.268,"basaliob":0.268,"bolussnooze":0,"activity":0.0029,"lastBolusTime":1703681471121,"time":"2023-12-27T20:56:11.597Z","iobWithZeroTemp":{"iob":-0.136,"basaliob":-0.136,"bolussnooze":0,"activity":7.0E-4,"lastBolusTime":1703681471121,"time":"2023-12-27T20:56:11.597Z"}},{"iob":0.254,"basaliob":0.254,"bolussnooze":0,"activity":0.0028,"lastBolusTime":1703681471121,"time":"2023-12-27T21:01:11.597Z","iobWithZeroTemp":{"iob":-0.18,"basaliob":-0.18,"bolussnooze":0,"activity":3.0E-4,"lastBolusTime":1703681471121,"time":"2023-12-27T21:01:11.597Z"}},{"iob":0.24,"basaliob":0.24,"bolussnooze":0,"activity":0.0028,"lastBolusTime":1703681471121,"time":"2023-12-27T21:06:11.597Z","iobWithZeroTemp":{"iob":-0.222,"basaliob":-0.222,"bolussnooze":0,"activity":0,"lastBolusTime":1703681471121,"time":"2023-12-27T21:06:11.597Z"}},{"iob":0.226,"basaliob":0.226,"bolussnooze":0,"activity":0.0027,"lastBolusTime":1703681471121,"time":"2023-12-27T21:11:11.597Z","iobWithZeroTemp":{"iob":-0.263,"basaliob":-0.263,"bolussnooze":0,"activity":-4.0E-4,"lastBolusTime":1703681471121,"time":"2023-12-27T21:11:11.597Z"}},{"iob":0.213,"basaliob":0.213,"bolussnooze":0,"activity":0.0026,"lastBolusTime":1703681471121,"time":"2023-12-27T21:16:11.597Z","iobWithZeroTemp":{"iob":-0.302,"basaliob":-0.302,"bolussnooze":0,"activity":-7.0E-4,"lastBolusTime":1703681471121,"time":"2023-12-27T21:16:11.597Z"}},{"iob":0.2,"basaliob":0.2,"bolussnooze":0,"activity":0.0025,"lastBolusTime":1703681471121,"time":"2023-12-27T21:21:11.597Z","iobWithZeroTemp":{"iob":-0.339,"basaliob":-0.339,"bolussnooze":0,"activity":-0.0011,"lastBolusTime":1703681471121,"time":"2023-12-27T21:21:11.597Z"}},{"iob":0.188,"basaliob":0.188,"bolussnooze":0,"activity":0.0024,"lastBolusTime":1703681471121,"time":"2023-12-27T21:26:11.597Z","iobWithZeroTemp":{"iob":-0.374,"basaliob":-0.374,"bolussnooze":0,"activity":-0.0015,"lastBolusTime":1703681471121,"time":"2023-12-27T21:26:11.597Z"}},{"iob":0.177,"basaliob":0.177,"bolussnooze":0,"activity":0.0023,"lastBolusTime":1703681471121,"time":"2023-12-27T21:31:11.597Z","iobWithZeroTemp":{"iob":-0.407,"basaliob":-0.407,"bolussnooze":0,"activity":-0.0018,"lastBolusTime":1703681471121,"time":"2023-12-27T21:31:11.597Z"}},{"iob":0.166,"basaliob":0.166,"bolussnooze":0,"activity":0.0022,"lastBolusTime":1703681471121,"time":"2023-12-27T21:36:11.597Z","iobWithZeroTemp":{"iob":-0.439,"basaliob":-0.439,"bolussnooze":0,"activity":-0.0022,"lastBolusTime":1703681471121,"time":"2023-12-27T21:36:11.597Z"}},{"iob":0.155,"basaliob":0.155,"bolussnooze":0,"activity":0.0021,"lastBolusTime":1703681471121,"time":"2023-12-27T21:41:11.597Z","iobWithZeroTemp":{"iob":-0.469,"basaliob":-0.469,"bolussnooze":0,"activity":-0.0025,"lastBolusTime":1703681471121,"time":"2023-12-27T21:41:11.597Z"}},{"iob":0.145,"basaliob":0.145,"bolussnooze":0,"activity":0.002,"lastBolusTime":1703681471121,"time":"2023-12-27T21:46:11.597Z","iobWithZeroTemp":{"iob":-0.497,"basaliob":-0.497,"bolussnooze":0,"activity":-0.0028,"lastBolusTime":1703681471121,"time":"2023-12-27T21:46:11.597Z"}},{"iob":0.136,"basaliob":0.136,"bolussnooze":0,"activity":0.0018,"lastBolusTime":0,"time":"2023-12-27T21:51:11.597Z","iobWithZeroTemp":{"iob":-0.523,"basaliob":-0.523,"bolussnooze":0,"activity":-0.0032,"lastBolusTime":0,"time":"2023-12-27T21:51:11.597Z"}},{"iob":0.127,"basaliob":0.127,"bolussnooze":0,"activity":0.0018,"lastBolusTime":0,"time":"2023-12-27T21:56:11.597Z","iobWithZeroTemp":{"iob":-0.548,"basaliob":-0.548,"bolussnooze":0,"activity":-0.0034,"lastBolusTime":0,"time":"2023-12-27T21:56:11.597Z"}},{"iob":0.118,"basaliob":0.118,"bolussnooze":0,"activity":0.0017,"lastBolusTime":0,"time":"2023-12-27T22:01:11.597Z","iobWithZeroTemp":{"iob":-0.572,"basaliob":-0.572,"bolussnooze":0,"activity":-0.0037,"lastBolusTime":0,"time":"2023-12-27T22:01:11.597Z"}},{"iob":0.11,"basaliob":0.11,"bolussnooze":0,"activity":0.0016,"lastBolusTime":0,"time":"2023-12-27T22:06:11.597Z","iobWithZeroTemp":{"iob":-0.594,"basaliob":-0.594,"bolussnooze":0,"activity":-0.004,"lastBolusTime":0,"time":"2023-12-27T22:06:11.597Z"}},{"iob":0.102,"basaliob":0.102,"bolussnooze":0,"activity":0.0015,"lastBolusTime":0,"time":"2023-12-27T22:11:11.597Z","iobWithZeroTemp":{"iob":-0.615,"basaliob":-0.615,"bolussnooze":0,"activity":-0.0043,"lastBolusTime":0,"time":"2023-12-27T22:11:11.597Z"}},{"iob":0.095,"basaliob":0.095,"bolussnooze":0,"activity":0.0014,"lastBolusTime":0,"time":"2023-12-27T22:16:11.597Z","iobWithZeroTemp":{"iob":-0.635,"basaliob":-0.635,"bolussnooze":0,"activity":-0.0046,"lastBolusTime":0,"time":"2023-12-27T22:16:11.597Z"}},{"iob":0.089,"basaliob":0.089,"bolussnooze":0,"activity":0.0013,"lastBolusTime":0,"time":"2023-12-27T22:21:11.597Z","iobWithZeroTemp":{"iob":-0.652,"basaliob":-0.652,"bolussnooze":0,"activity":-0.0048,"lastBolusTime":0,"time":"2023-12-27T22:21:11.597Z"}},{"iob":0.082,"basaliob":0.082,"bolussnooze":0,"activity":0.0012,"lastBolusTime":0,"time":"2023-12-27T22:26:11.597Z","iobWithZeroTemp":{"iob":-0.67,"basaliob":-0.67,"bolussnooze":0,"activity":-0.0051,"lastBolusTime":0,"time":"2023-12-27T22:26:11.597Z"}},{"iob":0.076,"basaliob":0.076,"bolussnooze":0,"activity":0.0011,"lastBolusTime":0,"time":"2023-12-27T22:31:11.597Z","iobWithZeroTemp":{"iob":-0.686,"basaliob":-0.686,"bolussnooze":0,"activity":-0.0053,"lastBolusTime":0,"time":"2023-12-27T22:31:11.597Z"}},{"iob":0.071,"basaliob":0.071,"bolussnooze":0,"activity":0.0011,"lastBolusTime":0,"time":"2023-12-27T22:36:11.597Z","iobWithZeroTemp":{"iob":-0.7,"basaliob":-0.7,"bolussnooze":0,"activity":-0.0055,"lastBolusTime":0,"time":"2023-12-27T22:36:11.597Z"}},{"iob":0.066,"basaliob":0.066,"bolussnooze":0,"activity":0.001,"lastBolusTime":0,"time":"2023-12-27T22:41:11.597Z","iobWithZeroTemp":{"iob":-0.713,"basaliob":-0.713,"bolussnooze":0,"activity":-0.0057,"lastBolusTime":0,"time":"2023-12-27T22:41:11.597Z"}},{"iob":0.061,"basaliob":0.061,"bolussnooze":0,"activity":9.0E-4,"lastBolusTime":0,"time":"2023-12-27T22:46:11.597Z","iobWithZeroTemp":{"iob":-0.727,"basaliob":-0.727,"bolussnooze":0,"activity":-0.0059,"lastBolusTime":0,"time":"2023-12-27T22:46:11.597Z"}},{"iob":0.056,"basaliob":0.056,"bolussnooze":0,"activity":9.0E-4,"lastBolusTime":0,"time":"2023-12-27T22:51:11.597Z","iobWithZeroTemp":{"iob":-0.739,"basaliob":-0.739,"bolussnooze":0,"activity":-0.006,"lastBolusTime":0,"time":"2023-12-27T22:51:11.597Z"}},{"iob":0.052,"basaliob":0.052,"bolussnooze":0,"activity":8.0E-4,"lastBolusTime":0,"time":"2023-12-27T22:56:11.597Z","iobWithZeroTemp":{"iob":-0.75,"basaliob":-0.75,"bolussnooze":0,"activity":-0.0062,"lastBolusTime":0,"time":"2023-12-27T22:56:11.597Z"}},{"iob":0.048,"basaliob":0.048,"bolussnooze":0,"activity":8.0E-4,"lastBolusTime":0,"time":"2023-12-27T23:01:11.597Z","iobWithZeroTemp":{"iob":-0.76,"basaliob":-0.76,"bolussnooze":0,"activity":-0.0063,"lastBolusTime":0,"time":"2023-12-27T23:01:11.597Z"}},{"iob":0.044,"basaliob":0.044,"bolussnooze":0,"activity":7.0E-4,"lastBolusTime":0,"time":"2023-12-27T23:06:11.597Z","iobWithZeroTemp":{"iob":-0.749,"basaliob":-0.749,"bolussnooze":0,"activity":-0.0065,"lastBolusTime":0,"time":"2023-12-27T23:06:11.597Z"}},{"iob":0.041,"basaliob":0.041,"bolussnooze":0,"activity":7.0E-4,"lastBolusTime":0,"time":"2023-12-27T23:11:11.597Z","iobWithZeroTemp":{"iob":-0.737,"basaliob":-0.737,"bolussnooze":0,"activity":-0.0065,"lastBolusTime":0,"time":"2023-12-27T23:11:11.597Z"}},{"iob":0.038,"basaliob":0.038,"bolussnooze":0,"activity":6.0E-4,"lastBolusTime":0,"time":"2023-12-27T23:16:11.597Z","iobWithZeroTemp":{"iob":-0.725,"basaliob":-0.725,"bolussnooze":0,"activity":-0.0066,"lastBolusTime":0,"time":"2023-12-27T23:16:11.597Z"}},{"iob":0.035,"basaliob":0.035,"bolussnooze":0,"activity":6.0E-4,"lastBolusTime":0,"time":"2023-12-27T23:21:11.597Z","iobWithZeroTemp":{"iob":-0.713,"basaliob":-0.713,"bolussnooze":0,"activity":-0.0066,"lastBolusTime":0,"time":"2023-12-27T23:21:11.597Z"}},{"iob":0.032,"basaliob":0.032,"bolussnooze":0,"activity":5.0E-4,"lastBolusTime":0,"time":"2023-12-27T23:26:11.597Z","iobWithZeroTemp":{"iob":-0.701,"basaliob":-0.701,"bolussnooze":0,"activity":-0.0067,"lastBolusTime":0,"time":"2023-12-27T23:26:11.597Z"}},{"iob":0.029,"basaliob":0.029,"bolussnooze":0,"activity":5.0E-4,"lastBolusTime":0,"time":"2023-12-27T23:31:11.597Z","iobWithZeroTemp":{"iob":-0.689,"basaliob":-0.689,"bolussnooze":0,"activity":-0.0066,"lastBolusTime":0,"time":"2023-12-27T23:31:11.597Z"}},{"iob":0.027,"basaliob":0.027,"bolussnooze":0,"activity":5.0E-4,"lastBolusTime":0,"time":"2023-12-27T23:36:11.597Z","iobWithZeroTemp":{"iob":-0.677,"basaliob":-0.677,"bolussnooze":0,"activity":-0.0066,"lastBolusTime":0,"time":"2023-12-27T23:36:11.597Z"}},{"iob":0.025,"basaliob":0.025,"bolussnooze":0,"activity":4.0E-4,"lastBolusTime":0,"time":"2023-12-27T23:41:11.597Z","iobWithZeroTemp":{"iob":-0.664,"basaliob":-0.664,"bolussnooze":0,"activity":-0.0066,"lastBolusTime":0,"time":"2023-12-27T23:41:11.597Z"}},{"iob":0.023,"basaliob":0.023,"bolussnooze":0,"activity":4.0E-4,"lastBolusTime":0,"time":"2023-12-27T23:46:11.597Z","iobWithZeroTemp":{"iob":-0.653,"basaliob":-0.653,"bolussnooze":0,"activity":-0.0065,"lastBolusTime":0,"time":"2023-12-27T23:46:11.597Z"}},{"iob":0.021,"basaliob":0.021,"bolussnooze":0,"activity":4.0E-4,"lastBolusTime":0,"time":"2023-12-27T23:51:11.597Z","iobWithZeroTemp":{"iob":-0.641,"basaliob":-0.641,"bolussnooze":0,"activity":-0.0064,"lastBolusTime":0,"time":"2023-12-27T23:51:11.597Z"}},{"iob":0.019,"basaliob":0.019,"bolussnooze":0,"activity":3.0E-4,"lastBolusTime":0,"time":"2023-12-27T23:56:11.597Z","iobWithZeroTemp":{"iob":-0.63,"basaliob":-0.63,"bolussnooze":0,"activity":-0.0064,"lastBolusTime":0,"time":"2023-12-27T23:56:11.597Z"}}],"profile":{"max_iob":4,"type":"current","max_daily_basal":0.5,"max_basal":1.5,"min_bg":90,"max_bg":90,"target_bg":90,"carb_ratio":20,"sens":117,"max_daily_safety_multiplier":3,"current_basal_safety_multiplier":4,"lgsThreshold":65,"high_temptarget_raises_sensitivity":false,"low_temptarget_lowers_sensitivity":false,"sensitivity_raises_target":true,"resistance_lowers_target":true,"adv_target_adjustments":false,"exercise_mode":false,"half_basal_exercise_target":160,"maxCOB":120,"skip_neutral_temps":false,"remainingCarbsCap":90,"enableUAM":true,"A52_risk_enable":false,"SMBInterval":3,"enableSMB_with_COB":true,"enableSMB_with_temptarget":true,"allowSMB_with_high_temptarget":false,"enableSMB_always":false,"enableSMB_after_carbs":false,"maxSMBBasalMinutes":75,"maxUAMSMBBasalMinutes":75,"bolus_increment":0.05,"carbsReqThreshold":10,"current_basal":0.5,"temptargetSet":false,"autosens_max":1.2,"autosens_min":0.7,"out_units":"mmol\/L","variable_sens":113.8,"insulinDivisor":65,"TDD":12.97502976190476},"autosens_data":{"ratio":1},"meal_data":{"carbs":0,"mealCOB":0,"slopeFromMaxDeviation":-1.379999999999999,"slopeFromMinDeviation":1.3668181818181817,"lastBolusTime":1703681471121,"lastCarbTime":0},"microBolusAllowed":true,"currentTime":1703707273125,"flatBGsDetected":false,"tdd1D":15.216666666666669,"tdd7D":11.563690476190475,"tddLast24H":10.404166666666663,"tddLast4H":2.4374999999999996,"tddLast8to4H":1.0833333333333335},"output":{"temp":"absolute","bg":155,"tick":"+9","eventualBG":166,"targetBG":90,"insulinReq":0.54,"deliverAt":"2023-12-27T20:01:13.125Z","sensitivityRatio":1,"variable_sens":113.8,"predBGs":{"IOB":[155,163,170,176,181,185,188,191,193,193,194,193,191,190,189,187,186,185,183,182,181,180,179,178,177,176,175,174,174,173,172,172,171,171,170,170,169,169,168,168,168,167,167,167,167,166],"ZT":[155,154,153,151,150,148,147,145,144,143,142,142,141,141,141,141,142,143,143],"UAM":[155,162,168,172,175,176,176,175,173,172,170,168,167,165,164,162,161,159,158,157,156,154,153,152,151,150,149,148,148,147,146,145,145,144,144,143,143,142,142,141,141,141,140,140,140,139]},"reason":"COB: 0, Dev: 3.3, BGI: -0.1, ISF: 6.3, CR: 20, Target: 5.0, minPredBG 8.4, minGuardBG 7.7, IOBpredBG 9.2, UAMpredBG 7.7; Eventual BG 9.2 >= 5.0, adj. req. rate: 1.58 to maxSafeBasal: 1.5, temp 1.50 >~ req 1.5U\/hr. ","COB":0,"IOB":0.425,"timestamp":"2023-12-27T20:01:13.161Z"}}