{"algorithm":"OpenAPSSMBDynamicISFPlugin","input":{"glucoseStatus":{"glucose":112,"noise":0,"delta":3,"short_avgdelta":2.2,"long_avgdelta":1.23,"date":1703733920196},"currenttemp":{"temp":"absolute","duration":20,"rate":0.05,"minutesrunning":10},"iob_data":[{"iob":0.081,"basaliob":-0.16,"bolussnooze":0,"activity":8.0E-4,"lastBolusTime":1703731574428,"time":"2023-12-28T03:26:12.678Z","iobWithZeroTemp":{"iob":0.081,"basaliob":-0.16,"bolussnooze":0,"activity":8.0E-4,"lastBolusTime":1703731574428,"time":"2023-12-28T03:26:12.678Z"}},{"iob":0.077,"basaliob":-0.152,"bolussnooze":0,"activity":8.0E-4,"lastBolusTime":1703731574428,"time":"2023-12-28T03:31:12.678Z","iobWithZeroTemp":{"iob":0.06,"basaliob":-0.169,"bolussnooze":0,"activity":8.0E-4,"lastBolusTime":1703731574428,"time":"2023-12-28T03:31:12.678Z"}},{"iob":0.074,"basaliob":-0.144,"bolussnooze":0,"activity":8.0E-4,"lastBolusTime":1703731574428,"time":"2023-12-28T03:36:12.678Z","iobWithZeroTemp":{"iob":0.037,"basaliob":-0.181,"bolussnooze":0,"activity":7.0E-4,"lastBolusTime":1703731574428,"time":"2023-12-28T03:36:12.678Z"}},{"iob":0.069,"basaliob":-0.137,"bolussnooze":0,"activity":8.0E-4,"lastBolusTime":1703731574428,"time":"2023-12-28T03:41:12.678Z","iobWithZeroTemp":{"iob":0.011,"basaliob":-0.195,"bolussnooze":0,"activity":7.0E-4,"lastBolusTime":1703731574428,"time":"2023-12-28T03:41:12.678Z"}},{"iob":0.066,"basaliob":-0.129,"bolussnooze":0,"activity":7.0E-4,"lastBolusTime":1703731574428,"time":"2023-12-28T03:46:12.678Z","iobWithZeroTemp":{"iob":-0.012,"basaliob":-0.207,"bolussnooze":0,"activity":5.0E-4,"lastBolusTime":1703731574428,"time":"2023-12-28T03:46:12.678Z"}},{"iob":0.062,"basaliob":-0.122,"bolussnooze":0,"activity":8.0E-4,"lastBolusTime":1703731574428,"time":"2023-12-28T03:51:12.678Z","iobWithZeroTemp":{"iob":-0.035,"basaliob":-0.219,"bolussnooze":0,"activity":5.0E-4,"lastBolusTime":1703731574428,"time":"2023-12-28T03:51:12.678Z"}},{"iob":0.058,"basaliob":-0.115,"bolussnooze":0,"activity":7.0E-4,"lastBolusTime":1703731574428,"time":"2023-12-28T03:56:12.678Z","iobWithZeroTemp":{"iob":-0.058,"basaliob":-0.231,"bolussnooze":0,"activity":3.0E-4,"lastBolusTime":1703731574428,"time":"2023-12-28T03:56:12.678Z"}},{"iob":0.055,"basaliob":-0.108,"bolussnooze":0,"activity":7.0E-4,"lastBolusTime":1703731574428,"time":"2023-12-28T04:01:12.678Z","iobWithZeroTemp":{"iob":-0.08,"basaliob":-0.243,"bolussnooze":0,"activity":2.0E-4,"lastBolusTime":1703731574428,"time":"2023-12-28T04:01:12.678Z"}},{"iob":0.051,"basaliob":-0.102,"bolussnooze":0,"activity":6.0E-4,"lastBolusTime":1703731574428,"time":"2023-12-28T04:06:12.678Z","iobWithZeroTemp":{"iob":-0.102,"basaliob":-0.255,"bolussnooze":0,"activity":-1.0E-4,"lastBolusTime":1703731574428,"time":"2023-12-28T04:06:12.678Z"}},{"iob":0.048,"basaliob":-0.096,"bolussnooze":0,"activity":6.0E-4,"lastBolusTime":1703731574428,"time":"2023-12-28T04:11:12.678Z","iobWithZeroTemp":{"iob":-0.122,"basaliob":-0.266,"bolussnooze":0,"activity":-2.0E-4,"lastBolusTime":1703731574428,"time":"2023-12-28T04:11:12.678Z"}},{"iob":0.045,"basaliob":-0.09,"bolussnooze":0,"activity":5.0E-4,"lastBolusTime":1703731574428,"time":"2023-12-28T04:16:12.678Z","iobWithZeroTemp":{"iob":-0.141,"basaliob":-0.276,"bolussnooze":0,"activity":-5.0E-4,"lastBolusTime":1703731574428,"time":"2023-12-28T04:16:12.678Z"}},{"iob":0.042,"basaliob":-0.084,"bolussnooze":0,"activity":6.0E-4,"lastBolusTime":1703731574428,"time":"2023-12-28T04:21:12.678Z","iobWithZeroTemp":{"iob":-0.16,"basaliob":-0.286,"bolussnooze":0,"activity":-5.0E-4,"lastBolusTime":1703731574428,"time":"2023-12-28T04:21:12.678Z"}},{"iob":0.039,"basaliob":-0.079,"bolussnooze":0,"activity":5.0E-4,"lastBolusTime":1703731574428,"time":"2023-12-28T04:26:12.678Z","iobWithZeroTemp":{"iob":-0.178,"basaliob":-0.296,"bolussnooze":0,"activity":-7.0E-4,"lastBolusTime":1703731574428,"time":"2023-12-28T04:26:12.678Z"}},{"iob":0.036,"basaliob":-0.074,"bolussnooze":0,"activity":5.0E-4,"lastBolusTime":1703731574428,"time":"2023-12-28T04:31:12.678Z","iobWithZeroTemp":{"iob":-0.195,"basaliob":-0.305,"bolussnooze":0,"activity":-9.0E-4,"lastBolusTime":1703731574428,"time":"2023-12-28T04:31:12.678Z"}},{"iob":0.034,"basaliob":-0.069,"bolussnooze":0,"activity":5.0E-4,"lastBolusTime":1703731574428,"time":"2023-12-28T04:36:12.678Z","iobWithZeroTemp":{"iob":-0.211,"basaliob":-0.314,"bolussnooze":0,"activity":-0.001,"lastBolusTime":1703731574428,"time":"2023-12-28T04:36:12.678Z"}},{"iob":0.032,"basaliob":-0.064,"bolussnooze":0,"activity":4.0E-4,"lastBolusTime":1703731574428,"time":"2023-12-28T04:41:12.678Z","iobWithZeroTemp":{"iob":-0.225,"basaliob":-0.321,"bolussnooze":0,"activity":-0.0013,"lastBolusTime":1703731574428,"time":"2023-12-28T04:41:12.678Z"}},{"iob":0.03,"basaliob":-0.06,"bolussnooze":0,"activity":5.0E-4,"lastBolusTime":1703731574428,"time":"2023-12-28T04:46:12.678Z","iobWithZeroTemp":{"iob":-0.24,"basaliob":-0.33,"bolussnooze":0,"activity":-0.0013,"lastBolusTime":1703731574428,"time":"2023-12-28T04:46:12.678Z"}},{"iob":0.028,"basaliob":-0.056,"bolussnooze":0,"activity":4.0E-4,"lastBolusTime":1703731574428,"time":"2023-12-28T04:51:12.678Z","iobWithZeroTemp":{"iob":-0.253,"basaliob":-0.337,"bolussnooze":0,"activity":-0.0015,"lastBolusTime":1703731574428,"time":"2023-12-28T04:51:12.678Z"}},{"iob":0.026,"basaliob":-0.052,"bolussnooze":0,"activity":3.0E-4,"lastBolusTime":1703731574428,"time":"2023-12-28T04:56:12.678Z","iobWithZeroTemp":{"iob":-0.266,"basaliob":-0.344,"bolussnooze":0,"activity":-0.0018,"lastBolusTime":1703731574428,"time":"2023-12-28T04:56:12.678Z"}},{"iob":0.024,"basaliob":-0.048,"bolussnooze":0,"activity":4.0E-4,"lastBolusTime":1703731574428,"time":"2023-12-28T05:01:12.678Z","iobWithZeroTemp":{"iob":-0.278,"basaliob":-0.35,"bolussnooze":0,"activity":-0.0018,"lastBolusTime":1703731574428,"time":"2023-12-28T05:01:12.678Z"}},{"iob":0.022,"basaliob":-0.045,"bolussnooze":0,"activity":3.0E-4,"lastBolusTime":1703731574428,"time":"2023-12-28T05:06:12.678Z","iobWithZeroTemp":{"iob":-0.294,"basaliob":-0.361,"bolussnooze":0,"activity":-0.002,"lastBolusTime":1703731574428,"time":"2023-12-28T05:06:12.678Z"}},{"iob":0.02,"basaliob":-0.042,"bolussnooze":0,"activity":3.0E-4,"lastBolusTime":1703731574428,"time":"2023-12-28T05:11:12.678Z","iobWithZeroTemp":{"iob":-0.309,"basaliob":-0.371,"bolussnooze":0,"activity":-0.0021,"lastBolusTime":1703731574428,"time":"2023-12-28T05:11:12.678Z"}},{"iob":0.019,"basaliob":-0.039,"bolussnooze":0,"activity":3.0E-4,"lastBolusTime":1703731574428,"time":"2023-12-28T05:16:12.678Z","iobWithZeroTemp":{"iob":-0.323,"basaliob":-0.381,"bolussnooze":0,"activity":-0.0022,"lastBolusTime":1703731574428,"time":"2023-12-28T05:16:12.678Z"}},{"iob":0.018,"basaliob":-0.036,"bolussnooze":0,"activity":3.0E-4,"lastBolusTime":1703731574428,"time":"2023-12-28T05:21:12.678Z","iobWithZeroTemp":{"iob":-0.336,"basaliob":-0.39,"bolussnooze":0,"activity":-0.0024,"lastBolusTime":1703731574428,"time":"2023-12-28T05:21:12.678Z"}},{"iob":0.017,"basaliob":-0.033,"bolussnooze":0,"activity":3.0E-4,"lastBolusTime":1703731574428,"time":"2023-12-28T05:26:12.678Z","iobWithZeroTemp":{"iob":-0.348,"basaliob":-0.398,"bolussnooze":0,"activity":-0.0025,"lastBolusTime":1703731574428,"time":"2023-12-28T05:26:12.678Z"}},{"iob":0.015,"basaliob":-0.031,"bolussnooze":0,"activity":2.0E-4,"lastBolusTime":1703731574428,"time":"2023-12-28T05:31:12.678Z","iobWithZeroTemp":{"iob":-0.361,"basaliob":-0.407,"bolussnooze":0,"activity":-0.0027,"lastBolusTime":1703731574428,"time":"2023-12-28T05:31:12.678Z"}},{"iob":0.015,"basaliob":-0.028,"bolussnooze":0,"activity":3.0E-4,"lastBolusTime":1703731574428,"time":"2023-12-28T05:36:12.678Z","iobWithZeroTemp":{"iob":-0.371,"basaliob":-0.414,"bolussnooze":0,"activity":-0.0027,"lastBolusTime":1703731574428,"time":"2023-12-28T05:36:12.678Z"}},{"iob":0.013,"basaliob":-0.026,"bolussnooze":0,"activity":2.0E-4,"lastBolusTime":1703731574428,"time":"2023-12-28T05:41:12.678Z","iobWithZeroTemp":{"iob":-0.383,"basaliob":-0.422,"bolussnooze":0,"activity":-0.0029,"lastBolusTime":1703731574428,"time":"2023-12-28T05:41:12.678Z"}},{"iob":0.012,"basaliob":-0.024,"bolussnooze":0,"activity":2.0E-4,"lastBolusTime":1703731574428,"time":"2023-12-28T05:46:12.678Z","iobWithZeroTemp":{"iob":-0.393,"basaliob":-0.429,"bolussnooze":0,"activity":-0.003,"lastBolusTime":1703731574428,"time":"2023-12-28T05:46:12.678Z"}},{"iob":0.011,"basaliob":-0.022,"bolussnooze":0,"activity":1.0E-4,"lastBolusTime":1703731574428,"time":"2023-12-28T05:51:12.678Z","iobWithZeroTemp":{"iob":-0.402,"basaliob":-0.435,"bolussnooze":0,"activity":-0.0032,"lastBolusTime":1703731574428,"time":"2023-12-28T05:51:12.678Z"}},{"iob":0.01,"basaliob":-0.021,"bolussnooze":0,"activity":2.0E-4,"lastBolusTime":1703731574428,"time":"2023-12-28T05:56:12.678Z","iobWithZeroTemp":{"iob":-0.412,"basaliob":-0.443,"bolussnooze":0,"activity":-0.0032,"lastBolusTime":1703731574428,"time":"2023-12-28T05:56:12.678Z"}},{"iob":0.009,"basaliob":-0.019,"bolussnooze":0,"activity":2.0E-4,"lastBolusTime":1703731574428,"time":"2023-12-28T06:01:12.678Z","iobWithZeroTemp":{"iob":-0.42,"basaliob":-0.448,"bolussnooze":0,"activity":-0.0033,"lastBolusTime":1703731574428,"time":"2023-12-28T06:01:12.678Z"}},{"iob":0.009,"basaliob":-0.017,"bolussnooze":0,"activity":1.0E-4,"lastBolusTime":1703731574428,"time":"2023-12-28T06:06:12.678Z","iobWithZeroTemp":{"iob":-0.427,"basaliob":-0.453,"bolussnooze":0,"activity":-0.0035,"lastBolusTime":1703731574428,"time":"2023-12-28T06:06:12.678Z"}},{"iob":0.008,"basaliob":-0.016,"bolussnooze":0,"activity":1.0E-4,"lastBolusTime":1703731574428,"time":"2023-12-28T06:11:12.678Z","iobWithZeroTemp":{"iob":-0.435,"basaliob":-0.459,"bolussnooze":0,"activity":-0.0036,"lastBolusTime":1703731574428,"time":"2023-12-28T06:11:12.678Z"}},{"iob":0.007,"basaliob":-0.015,"bolussnooze":0,"activity":2.0E-4,"lastBolusTime":1703731574428,"time":"2023-12-28T06:16:12.678Z","iobWithZeroTemp":{"iob":-0.442,"basaliob":-0.464,"bolussnooze":0,"activity":-0.0036,"lastBolusTime":1703731574428,"time":"2023-12-28T06:16:12.678Z"}},{"iob":0.006,"basaliob":-0.014,"bolussnooze":0,"activity":1.0E-4,"lastBolusTime":1703731574428,"time":"2023-12-28T06:21:12.678Z","iobWithZeroTemp":{"iob":-0.449,"basaliob":-0.469,"bolussnooze":0,"activity":-0.0038,"lastBolusTime":1703731574428,"time":"2023-12-28T06:21:12.678Z"}},{"iob":0.007,"basaliob":-0.012,"bolussnooze":0,"activity":1.0E-4,"lastBolusTime":1703731574428,"time":"2023-12-28T06:26:12.678Z","iobWithZeroTemp":{"iob":-0.454,"basaliob":-0.473,"bolussnooze":0,"activity":-0.0038,"lastBolusTime":1703731574428,"time":"2023-12-28T06:26:12.678Z"}},{"iob":0.006,"basaliob":-0.011,"bolussnooze":0,"activity":1.0E-4,"lastBolusTime":1703731574428,"time":"2023-12-28T06:31:12.678Z","iobWithZeroTemp":{"iob":-0.46,"basaliob":-0.477,"bolussnooze":0,"activity":-0.0039,"lastBolusTime":1703731574428,"time":"2023-12-28T06:31:12.678Z"}},{"iob":0.006,"basaliob":-0.01,"bolussnooze":0,"activity":1.0E-4,"lastBolusTime":1703731574428,"time":"2023-12-28T06:36:12.678Z","iobWithZeroTemp":{"iob":-0.464,"basaliob":-0.48,"bolussnooze":0,"activity":-0.004,"lastBolusTime":1703731574428,"time":"2023-12-28T06:36:12.678Z"}},{"iob":0.004,"basaliob":-0.01,"bolussnooze":0,"activity":1.0E-4,"lastBolusTime":1703731574428,"time":"2023-12-28T06:41:12.678Z","iobWithZeroTemp":{"iob":-0.471,"basaliob":-0.485,"bolussnooze":0,"activity":-0.004,"lastBolusTime":1703731574428,"time":"2023-12-28T06:41:12.678Z"}},{"iob":0.004,"basaliob":-0.009,"bolussnooze":0,"activity":0,"lastBolusTime":1703731574428,"time":"2023-12-28T06:46:12.678Z","iobWithZeroTemp":{"iob":-0.475,"basaliob":-0.488,"bolussnooze":0,"activity":-0.0042,"lastBolusTime":1703731574428,"time":"2023-12-28T06:46:12.678Z"}},{"iob":0.004,"basaliob":-0.008,"bolussnooze":0,"activity":1.0E-4,"lastBolusTime":1703731574428,"time":"2023-12-28T06:51:12.678Z","iobWithZeroTemp":{"iob":-0.479,"basaliob":-0.491,"bolussnooze":0,"activity":-0.0042,"lastBolusTime":1703731574428,"time":"2023-12-28T06:51:12.678Z"}},{"iob":0.004,"basaliob":-0.007,"bolussnooze":0,"activity":1.0E-4,"lastBolusTime":1703731574428,"time":"2023-12-28T06:56:12.678Z","iobWithZeroTemp":{"iob":-0.483,"basaliob":-0.494,"bolussnooze":0,"activity":-0.0042,"lastBolusTime":1703731574428,"time":"2023-12-28T06:56:12.678Z"}},{"iob":0.003,"basaliob":-0.007,"bolussnooze":0,"activity":1.0E-4,"lastBolusTime":1703731574428,"time":"2023-12-28T07:01:12.678Z","iobWithZeroTemp":{"iob":-0.487,"basaliob":-0.497,"bolussnooze":0,"activity":-0.0043,"lastBolusTime":1703731574428,"time":"2023-12-28T07:01:12.678Z"}},{"iob":0.003,"basaliob":-0.006,"bolussnooze":0,"activity":1.0E-4,"lastBolusTime":1703731574428,"time":"2023-12-28T07:06:12.678Z","iobWithZeroTemp":{"iob":-0.49,"basaliob":-0.499,"bolussnooze":0,"activity":-0.0043,"lastBolusTime":1703731574428,"time":"2023-12-28T07:06:12.678Z"}},{"iob":0.002,"basaliob":-0.006,"bolussnooze":0,"activity":1.0E-4,"lastBolusTime":1703731574428,"time":"2023-12-28T07:11:12.678Z","iobWithZeroTemp":{"iob":-0.494,"basaliob":-0.502,"bolussnooze":0,"activity":-0.0043,"lastBolusTime":1703731574428,"time":"2023-12-28T07:11:12.678Z"}},{"iob":0.003,"basaliob":-0.005,"bolussnooze":0,"activity":0,"lastBolusTime":1703731574428,"time":"2023-12-28T07:16:12.678Z","iobWithZeroTemp":{"iob":-0.496,"basaliob":-0.504,"bolussnooze":0,"activity":-0.0045,"lastBolusTime":1703731574428,"time":"2023-12-28T07:16:12.678Z"}},{"iob":0.002,"basaliob":-0.005,"bolussnooze":0,"activity":0,"lastBolusTime":1703731574428,"time":"2023-12-28T07:21:12.678Z","iobWithZeroTemp":{"iob":-0.499,"basaliob":-0.506,"bolussnooze":0,"activity":-0.0045,"lastBolusTime":1703731574428,"time":"2023-12-28T07:21:12.678Z"}}],"profile":{"max_iob":4,"type":"current","max_daily_basal":0.5,"max_basal":1,"min_bg":95.4,"max_bg":95.4,"target_bg":95.4,"carb_ratio":25,"sens":142.20000000000002,"max_daily_safety_multiplier":3,"current_basal_safety_multiplier":4,"lgsThreshold":65,"high_temptarget_raises_sensitivity":false,"low_temptarget_lowers_sensitivity":false,"sensitivity_raises_target":true,"resistance_lowers_target":true,"adv_target_adjustments":false,"exercise_mode":false,"half_basal_exercise_target":160,"maxCOB":120,"skip_neutral_temps":false,"remainingCarbsCap":90,"enableUAM":true,"A52_risk_enable":false,"SMBInterval":3,"enableSMB_with_COB":true,"enableSMB_with_temptarget":true,"allowSMB_with_high_temptarget":false,"enableSMB_always":false,"enableSMB_after_carbs":false,"maxSMBBasalMinutes":75,"maxUAMSMBBasalMinutes":75,"bolus_increment":0.05,"carbsReqThreshold":10,"current_basal":0.25,"temptargetSet":true,"autosens_max":1.2,"autosens_min":0.7,"out_units":"mmol\/L","variable_sens":153,"insulinDivisor":65,"TDD":11.741072619047618},"autosens_data":{"ratio":1},"meal_data":{"carbs":0,"mealCOB":0,"slopeFromMaxDeviation":-1.10175,"slopeFromMinDeviation":0.3373636363636363,"lastBolusTime":1703731574428,"lastCarbTime":0},"microBolusAllowed":true,"currentTime":1703733974348,"flatBGsDetected":false,"tdd1D":11.195833333333328,"tdd7D":12.08690476190476,"tddLast24H":11.354166666666663,"tddLast4H":1.2583333333333333,"tddLast8to4H":3.691666666666667},"output":{"temp":"absolute","bg":112,"tick":"+3","eventualBG":117,"targetBG":95.4,"insulinReq":0.09,"deliverAt":"2023-12-28T03:26:14.348Z","sensitivityRatio":1,"variable_sens":153,"predBGs":{"IOB":[112,114,116,117,118,120,120,121,121,122,122,122,121,121,120,120,120,119,119,119,119,118,118,118,118,118,117,117,117,117,117,117,116,116,116,116,116,116,116,116,116,116,116,116,116,116,115],"ZT":[112,111,111,110,110,109,109,109,109,109,109,109,110,110],"UAM":[112,113,113,112,112,111,111,110,110,109,109,108,108,107,107,107,106,106,106,105,105,105,105,104,104,104,104,103,103,103,103,103,103,103,103,102]},"reason":"COB: 0, Dev: 0.9, BGI: 0.0, ISF: 8.5, CR: 25, Target: 5.3, minPredBG 6.1, minGuardBG 5.7, IOBpredBG 6.4, UAMpredBG 5.7; Eventual BG 6.5 >= 5.3,  insulinReq 0.09. temp 0.05 < 0.43U\/hr. ","COB":0,"IOB":0.081,"duration":30,"rate":0.43,"timestamp":"2023-12-28T03:26:14.387Z"}}