{"algorithm":"OpenAPSSMBDynamicISFPlugin","input":{"glucoseStatus":{"glucose":88,"noise":0,"delta":-7,"short_avgdelta":-6.57,"long_avgdelta":-3.7,"date":1703683200000},"currenttemp":{"temp":"absolute","duration":75,"rate":0,"minutesrunning":15},"iob_data":[{"iob":0.147,"basaliob":-0.056,"bolussnooze":0.0427,"activity":0.0026,"lastBolusTime":1703681471121,"time":"2023-12-27T13:21:11.001Z","iobWithZeroTemp":{"iob":0.147,"basaliob":-0.056,"bolussnooze":0.0427,"activity":0.0026,"lastBolusTime":1703681471121,"time":"2023-12-27T13:21:11.001Z"}},{"iob":0.135,"basaliob":-0.06,"bolussnooze":0.0376,"activity":0.0024,"lastBolusTime":1703681471121,"time":"2023-12-27T13:26:11.001Z","iobWithZeroTemp":{"iob":0.115,"basaliob":-0.08,"bolussnooze":0.0376,"activity":0.0024,"lastBolusTime":1703681471121,"time":"2023-12-27T13:26:11.001Z"}},{"iob":0.123,"basaliob":-0.063,"bolussnooze":0.033,"activity":0.0022,"lastBolusTime":1703681471121,"time":"2023-12-27T13:31:11.001Z","iobWithZeroTemp":{"iob":0.078,"basaliob":-0.108,"bolussnooze":0.033,"activity":0.0021,"lastBolusTime":1703681471121,"time":"2023-12-27T13:31:11.001Z"}},{"iob":0.112,"basaliob":-0.066,"bolussnooze":0.0288,"activity":0.002,"lastBolusTime":1703681471121,"time":"2023-12-27T13:36:11.001Z","iobWithZeroTemp":{"iob":0.043,"basaliob":-0.135,"bolussnooze":0.0288,"activity":0.0019,"lastBolusTime":1703681471121,"time":"2023-12-27T13:36:11.001Z"}},{"iob":0.102,"basaliob":-0.067,"bolussnooze":0.0251,"activity":0.0019,"lastBolusTime":1703681471121,"time":"2023-12-27T13:41:11.001Z","iobWithZeroTemp":{"iob":0.009,"basaliob":-0.16,"bolussnooze":0.0251,"activity":0.0017,"lastBolusTime":1703681471121,"time":"2023-12-27T13:41:11.001Z"}},{"iob":0.093,"basaliob":-0.068,"bolussnooze":0.0217,"activity":0.0018,"lastBolusTime":1703681471121,"time":"2023-12-27T13:46:11.001Z","iobWithZeroTemp":{"iob":-0.024,"basaliob":-0.185,"bolussnooze":0.0217,"activity":0.0014,"lastBolusTime":1703681471121,"time":"2023-12-27T13:46:11.001Z"}},{"iob":0.085,"basaliob":-0.068,"bolussnooze":0.0188,"activity":0.0015,"lastBolusTime":1703681471121,"time":"2023-12-27T13:51:11.001Z","iobWithZeroTemp":{"iob":-0.055,"basaliob":-0.208,"bolussnooze":0.0188,"activity":0.001,"lastBolusTime":1703681471121,"time":"2023-12-27T13:51:11.001Z"}},{"iob":0.078,"basaliob":-0.067,"bolussnooze":0.0162,"activity":0.0015,"lastBolusTime":1703681471121,"time":"2023-12-27T13:56:11.001Z","iobWithZeroTemp":{"iob":-0.084,"basaliob":-0.229,"bolussnooze":0.0162,"activity":8.0E-4,"lastBolusTime":1703681471121,"time":"2023-12-27T13:56:11.001Z"}},{"iob":0.071,"basaliob":-0.066,"bolussnooze":0.0139,"activity":0.0014,"lastBolusTime":1703681471121,"time":"2023-12-27T14:01:11.001Z","iobWithZeroTemp":{"iob":-0.112,"basaliob":-0.249,"bolussnooze":0.0139,"activity":6.0E-4,"lastBolusTime":1703681471121,"time":"2023-12-27T14:01:11.001Z"}},{"iob":0.064,"basaliob":-0.065,"bolussnooze":0.0119,"activity":0.0012,"lastBolusTime":1703681471121,"time":"2023-12-27T14:06:11.001Z","iobWithZeroTemp":{"iob":-0.14,"basaliob":-0.269,"bolussnooze":0.0119,"activity":2.0E-4,"lastBolusTime":1703681471121,"time":"2023-12-27T14:06:11.001Z"}},{"iob":0.059,"basaliob":-0.063,"bolussnooze":0.0102,"activity":0.0012,"lastBolusTime":1703681471121,"time":"2023-12-27T14:11:11.001Z","iobWithZeroTemp":{"iob":-0.164,"basaliob":-0.286,"bolussnooze":0.0102,"activity":0,"lastBolusTime":1703681471121,"time":"2023-12-27T14:11:11.001Z"}},{"iob":0.053,"basaliob":-0.062,"bolussnooze":0.0086,"activity":0.001,"lastBolusTime":1703681471121,"time":"2023-12-27T14:16:11.001Z","iobWithZeroTemp":{"iob":-0.189,"basaliob":-0.304,"bolussnooze":0.0086,"activity":-3.0E-4,"lastBolusTime":1703681471121,"time":"2023-12-27T14:16:11.001Z"}},{"iob":0.048,"basaliob":-0.06,"bolussnooze":0.0073,"activity":9.0E-4,"lastBolusTime":1703681471121,"time":"2023-12-27T14:21:11.001Z","iobWithZeroTemp":{"iob":-0.212,"basaliob":-0.32,"bolussnooze":0.0073,"activity":-6.0E-4,"lastBolusTime":1703681471121,"time":"2023-12-27T14:21:11.001Z"}},{"iob":0.043,"basaliob":-0.058,"bolussnooze":0.0062,"activity":9.0E-4,"lastBolusTime":1703681471121,"time":"2023-12-27T14:26:11.001Z","iobWithZeroTemp":{"iob":-0.234,"basaliob":-0.335,"bolussnooze":0.0062,"activity":-8.0E-4,"lastBolusTime":1703681471121,"time":"2023-12-27T14:26:11.001Z"}},{"iob":0.04,"basaliob":-0.055,"bolussnooze":0.0052,"activity":8.0E-4,"lastBolusTime":1703681471121,"time":"2023-12-27T14:31:11.001Z","iobWithZeroTemp":{"iob":-0.254,"basaliob":-0.349,"bolussnooze":0.0052,"activity":-0.001,"lastBolusTime":1703681471121,"time":"2023-12-27T14:31:11.001Z"}},{"iob":0.036,"basaliob":-0.053,"bolussnooze":0.0044,"activity":7.0E-4,"lastBolusTime":1703681471121,"time":"2023-12-27T14:36:11.001Z","iobWithZeroTemp":{"iob":-0.273,"basaliob":-0.362,"bolussnooze":0.0044,"activity":-0.0013,"lastBolusTime":1703681471121,"time":"2023-12-27T14:36:11.001Z"}},{"iob":0.032,"basaliob":-0.051,"bolussnooze":0.0037,"activity":6.0E-4,"lastBolusTime":1703681471121,"time":"2023-12-27T14:41:11.001Z","iobWithZeroTemp":{"iob":-0.292,"basaliob":-0.375,"bolussnooze":0.0037,"activity":-0.0016,"lastBolusTime":1703681471121,"time":"2023-12-27T14:41:11.001Z"}},{"iob":0.029,"basaliob":-0.049,"bolussnooze":0.0031,"activity":6.0E-4,"lastBolusTime":1703681471121,"time":"2023-12-27T14:46:11.001Z","iobWithZeroTemp":{"iob":-0.308,"basaliob":-0.386,"bolussnooze":0.0031,"activity":-0.0017,"lastBolusTime":1703681471121,"time":"2023-12-27T14:46:11.001Z"}},{"iob":0.027,"basaliob":-0.046,"bolussnooze":0.0026,"activity":5.0E-4,"lastBolusTime":1703681471121,"time":"2023-12-27T14:51:11.001Z","iobWithZeroTemp":{"iob":-0.323,"basaliob":-0.396,"bolussnooze":0.0026,"activity":-0.002,"lastBolusTime":1703681471121,"time":"2023-12-27T14:51:11.001Z"}},{"iob":0.024,"basaliob":-0.044,"bolussnooze":0.0022,"activity":5.0E-4,"lastBolusTime":1703681471121,"time":"2023-12-27T14:56:11.001Z","iobWithZeroTemp":{"iob":-0.339,"basaliob":-0.407,"bolussnooze":0.0022,"activity":-0.0021,"lastBolusTime":1703681471121,"time":"2023-12-27T14:56:11.001Z"}},{"iob":0.021,"basaliob":-0.042,"bolussnooze":0.0018,"activity":5.0E-4,"lastBolusTime":1703681471121,"time":"2023-12-27T15:01:11.001Z","iobWithZeroTemp":{"iob":-0.353,"basaliob":-0.416,"bolussnooze":0.0018,"activity":-0.0023,"lastBolusTime":1703681471121,"time":"2023-12-27T15:01:11.001Z"}},{"iob":0.019,"basaliob":-0.04,"bolussnooze":0.0015,"activity":4.0E-4,"lastBolusTime":1703681471121,"time":"2023-12-27T15:06:11.001Z","iobWithZeroTemp":{"iob":-0.366,"basaliob":-0.425,"bolussnooze":0.0015,"activity":-0.0025,"lastBolusTime":1703681471121,"time":"2023-12-27T15:06:11.001Z"}},{"iob":0.017,"basaliob":-0.038,"bolussnooze":0.0012,"activity":4.0E-4,"lastBolusTime":1703681471121,"time":"2023-12-27T15:11:11.001Z","iobWithZeroTemp":{"iob":-0.378,"basaliob":-0.433,"bolussnooze":0.0012,"activity":-0.0026,"lastBolusTime":1703681471121,"time":"2023-12-27T15:11:11.001Z"}},{"iob":0.015,"basaliob":-0.036,"bolussnooze":0.001,"activity":3.0E-4,"lastBolusTime":1703681471121,"time":"2023-12-27T15:16:11.001Z","iobWithZeroTemp":{"iob":-0.39,"basaliob":-0.441,"bolussnooze":0.001,"activity":-0.0028,"lastBolusTime":1703681471121,"time":"2023-12-27T15:16:11.001Z"}},{"iob":0.014,"basaliob":-0.034,"bolussnooze":8.0E-4,"activity":3.0E-4,"lastBolusTime":1703681471121,"time":"2023-12-27T15:21:11.001Z","iobWithZeroTemp":{"iob":-0.4,"basaliob":-0.448,"bolussnooze":8.0E-4,"activity":-0.003,"lastBolusTime":1703681471121,"time":"2023-12-27T15:21:11.001Z"}},{"iob":0.012,"basaliob":-0.032,"bolussnooze":7.0E-4,"activity":3.0E-4,"lastBolusTime":1703681471121,"time":"2023-12-27T15:26:11.001Z","iobWithZeroTemp":{"iob":-0.41,"basaliob":-0.454,"bolussnooze":7.0E-4,"activity":-0.0031,"lastBolusTime":1703681471121,"time":"2023-12-27T15:26:11.001Z"}},{"iob":0.011,"basaliob":-0.03,"bolussnooze":5.0E-4,"activity":2.0E-4,"lastBolusTime":1703681471121,"time":"2023-12-27T15:31:11.001Z","iobWithZeroTemp":{"iob":-0.419,"basaliob":-0.46,"bolussnooze":5.0E-4,"activity":-0.0033,"lastBolusTime":1703681471121,"time":"2023-12-27T15:31:11.001Z"}},{"iob":0.01,"basaliob":-0.028,"bolussnooze":4.0E-4,"activity":3.0E-4,"lastBolusTime":1703681471121,"time":"2023-12-27T15:36:11.001Z","iobWithZeroTemp":{"iob":-0.428,"basaliob":-0.466,"bolussnooze":4.0E-4,"activity":-0.0033,"lastBolusTime":1703681471121,"time":"2023-12-27T15:36:11.001Z"}},{"iob":0.009,"basaliob":-0.026,"bolussnooze":3.0E-4,"activity":2.0E-4,"lastBolusTime":1703681471121,"time":"2023-12-27T15:41:11.001Z","iobWithZeroTemp":{"iob":-0.436,"basaliob":-0.471,"bolussnooze":3.0E-4,"activity":-0.0035,"lastBolusTime":1703681471121,"time":"2023-12-27T15:41:11.001Z"}},{"iob":0.008,"basaliob":-0.025,"bolussnooze":3.0E-4,"activity":2.0E-4,"lastBolusTime":1703681471121,"time":"2023-12-27T15:46:11.001Z","iobWithZeroTemp":{"iob":-0.443,"basaliob":-0.476,"bolussnooze":3.0E-4,"activity":-0.0036,"lastBolusTime":1703681471121,"time":"2023-12-27T15:46:11.001Z"}},{"iob":0.007,"basaliob":-0.023,"bolussnooze":2.0E-4,"activity":2.0E-4,"lastBolusTime":1703681471121,"time":"2023-12-27T15:51:11.001Z","iobWithZeroTemp":{"iob":-0.45,"basaliob":-0.48,"bolussnooze":2.0E-4,"activity":-0.0037,"lastBolusTime":1703681471121,"time":"2023-12-27T15:51:11.001Z"}},{"iob":0.006,"basaliob":-0.022,"bolussnooze":2.0E-4,"activity":1.0E-4,"lastBolusTime":1703681471121,"time":"2023-12-27T15:56:11.001Z","iobWithZeroTemp":{"iob":-0.457,"basaliob":-0.485,"bolussnooze":2.0E-4,"activity":-0.0038,"lastBolusTime":1703681471121,"time":"2023-12-27T15:56:11.001Z"}},{"iob":0.006,"basaliob":-0.02,"bolussnooze":1.0E-4,"activity":1.0E-4,"lastBolusTime":1703681471121,"time":"2023-12-27T16:01:11.001Z","iobWithZeroTemp":{"iob":-0.462,"basaliob":-0.488,"bolussnooze":1.0E-4,"activity":-0.0039,"lastBolusTime":1703681471121,"time":"2023-12-27T16:01:11.001Z"}},{"iob":0.005,"basaliob":-0.019,"bolussnooze":1.0E-4,"activity":1.0E-4,"lastBolusTime":1703681471121,"time":"2023-12-27T16:06:11.001Z","iobWithZeroTemp":{"iob":-0.476,"basaliob":-0.5,"bolussnooze":1.0E-4,"activity":-0.004,"lastBolusTime":1703681471121,"time":"2023-12-27T16:06:11.001Z"}},{"iob":0.004,"basaliob":-0.018,"bolussnooze":1.0E-4,"activity":2.0E-4,"lastBolusTime":1703681471121,"time":"2023-12-27T16:11:11.001Z","iobWithZeroTemp":{"iob":-0.489,"basaliob":-0.511,"bolussnooze":1.0E-4,"activity":-0.004,"lastBolusTime":1703681471121,"time":"2023-12-27T16:11:11.001Z"}},{"iob":0.003,"basaliob":-0.017,"bolussnooze":0,"activity":1.0E-4,"lastBolusTime":1703681471121,"time":"2023-12-27T16:16:11.001Z","iobWithZeroTemp":{"iob":-0.503,"basaliob":-0.523,"bolussnooze":0,"activity":-0.0042,"lastBolusTime":1703681471121,"time":"2023-12-27T16:16:11.001Z"}},{"iob":0.004,"basaliob":-0.015,"bolussnooze":0,"activity":1.0E-4,"lastBolusTime":1703681471121,"time":"2023-12-27T16:21:11.001Z","iobWithZeroTemp":{"iob":-0.513,"basaliob":-0.532,"bolussnooze":0,"activity":-0.0043,"lastBolusTime":1703681471121,"time":"2023-12-27T16:21:11.001Z"}},{"iob":0.003,"basaliob":-0.014,"bolussnooze":0,"activity":1.0E-4,"lastBolusTime":1703681471121,"time":"2023-12-27T16:26:11.001Z","iobWithZeroTemp":{"iob":-0.526,"basaliob":-0.543,"bolussnooze":0,"activity":-0.0043,"lastBolusTime":1703681471121,"time":"2023-12-27T16:26:11.001Z"}},{"iob":0.003,"basaliob":-0.013,"bolussnooze":0,"activity":1.0E-4,"lastBolusTime":1703681471121,"time":"2023-12-27T16:31:11.001Z","iobWithZeroTemp":{"iob":-0.537,"basaliob":-0.553,"bolussnooze":0,"activity":-0.0044,"lastBolusTime":1703681471121,"time":"2023-12-27T16:31:11.001Z"}},{"iob":0.003,"basaliob":-0.012,"bolussnooze":0,"activity":0,"lastBolusTime":1703681471121,"time":"2023-12-27T16:36:11.001Z","iobWithZeroTemp":{"iob":-0.547,"basaliob":-0.562,"bolussnooze":0,"activity":-0.0046,"lastBolusTime":1703681471121,"time":"2023-12-27T16:36:11.001Z"}},{"iob":0.001,"basaliob":-0.012,"bolussnooze":0,"activity":0,"lastBolusTime":1703681471121,"time":"2023-12-27T16:41:11.001Z","iobWithZeroTemp":{"iob":-0.559,"basaliob":-0.572,"bolussnooze":0,"activity":-0.0047,"lastBolusTime":1703681471121,"time":"2023-12-27T16:41:11.001Z"}},{"iob":0.001,"basaliob":-0.011,"bolussnooze":0,"activity":0,"lastBolusTime":1703681471121,"time":"2023-12-27T16:46:11.001Z","iobWithZeroTemp":{"iob":-0.568,"basaliob":-0.58,"bolussnooze":0,"activity":-0.0048,"lastBolusTime":1703681471121,"time":"2023-12-27T16:46:11.001Z"}},{"iob":0.001,"basaliob":-0.01,"bolussnooze":0,"activity":1.0E-4,"lastBolusTime":1703681471121,"time":"2023-12-27T16:51:11.001Z","iobWithZeroTemp":{"iob":-0.577,"basaliob":-0.588,"bolussnooze":0,"activity":-0.0048,"lastBolusTime":1703681471121,"time":"2023-12-27T16:51:11.001Z"}},{"iob":0.001,"basaliob":-0.009,"bolussnooze":0,"activity":1.0E-4,"lastBolusTime":1703681471121,"time":"2023-12-27T16:56:11.001Z","iobWithZeroTemp":{"iob":-0.586,"basaliob":-0.596,"bolussnooze":0,"activity":-0.0049,"lastBolusTime":1703681471121,"time":"2023-12-27T16:56:11.001Z"}},{"iob":0,"basaliob":-0.009,"bolussnooze":0,"activity":1.0E-4,"lastBolusTime":1703681471121,"time":"2023-12-27T17:01:11.001Z","iobWithZeroTemp":{"iob":-0.595,"basaliob":-0.604,"bolussnooze":0,"activity":-0.005,"lastBolusTime":1703681471121,"time":"2023-12-27T17:01:11.001Z"}},{"iob":0.001,"basaliob":-0.008,"bolussnooze":0,"activity":1.0E-4,"lastBolusTime":1703681471121,"time":"2023-12-27T17:06:11.001Z","iobWithZeroTemp":{"iob":-0.601,"basaliob":-0.61,"bolussnooze":0,"activity":-0.0051,"lastBolusTime":1703681471121,"time":"2023-12-27T17:06:11.001Z"}},{"iob":0.001,"basaliob":-0.007,"bolussnooze":0,"activity":0,"lastBolusTime":1703681471121,"time":"2023-12-27T17:11:11.001Z","iobWithZeroTemp":{"iob":-0.608,"basaliob":-0.616,"bolussnooze":0,"activity":-0.0053,"lastBolusTime":1703681471121,"time":"2023-12-27T17:11:11.001Z"}},{"iob":0,"basaliob":-0.007,"bolussnooze":0,"activity":0,"lastBolusTime":1703681471121,"time":"2023-12-27T17:16:11.001Z","iobWithZeroTemp":{"iob":-0.616,"basaliob":-0.623,"bolussnooze":0,"activity":-0.0054,"lastBolusTime":1703681471121,"time":"2023-12-27T17:16:11.001Z"}}],"profile":{"max_iob":4,"type":"current","max_daily_basal":0.5,"max_basal":1.2,"min_bg":100.8,"max_bg":100.8,"target_bg":100.8,"carb_ratio":30,"sens":126,"max_daily_safety_multiplier":3,"current_basal_safety_multiplier":4,"lgsThreshold":65,"high_temptarget_raises_sensitivity":false,"low_temptarget_lowers_sensitivity":false,"sensitivity_raises_target":true,"resistance_lowers_target":true,"adv_target_adjustments":false,"exercise_mode":false,"half_basal_exercise_target":160,"maxCOB":120,"skip_neutral_temps":false,"remainingCarbsCap":90,"enableUAM":true,"A52_risk_enable":false,"SMBInterval":3,"enableSMB_with_COB":true,"enableSMB_with_temptarget":true,"allowSMB_with_high_temptarget":false,"enableSMB_always":false,"enableSMB_after_carbs":false,"maxSMBBasalMinutes":75,"maxUAMSMBBasalMinutes":75,"bolus_increment":0.05,"carbsReqThreshold":10,"current_basal":0.3,"temptargetSet":false,"autosens_max":1.2,"autosens_min":0.7,"out_units":"mmol\/L","variable_sens":166.5,"insulinDivisor":65,"TDD":12.631829761904761},"autosens_data":{"ratio":1},"meal_data":{"carbs":15,"mealCOB":0,"slopeFromMaxDeviation":-1.91025,"slopeFromMinDeviation":0,"lastBolusTime":1703681471121,"lastCarbTime":1703680178793},"microBolusAllowed":true,"currentTime":1703683272672,"flatBGsDetected":false,"tdd1D":15.216666666666669,"tdd7D":11.563690476190475,"tddLast24H":9.691666666666656,"tddLast4H":2.1291666666666664,"tddLast8to4H":1.2249999999999999},"output":{"temp":"absolute","bg":88,"tick":-7,"eventualBG":55,"targetBG":100.8,"insulinReq":0,"deliverAt":"2023-12-27T13:21:12.672Z","sensitivityRatio":1,"variable_sens":166.5,"predBGs":{"IOB":[88,81,75,70,65,60,55,52,48,45,43,41,39],"ZT":[88,86,84,82,80,79,78,77,76,75,75,75,75,76,77,78,79,80,82,84,85,87,89,92,94,96,99]},"reason":"COB: 0, Dev: -0.5, BGI: -0.1, ISF: 9.3, CR: 30, Target: 5.6, minPredBG 3.0, minGuardBG 1.3, IOBpredBG 2.2; minGuardBG 1.3<3.9","COB":0,"IOB":0.147,"duration":90,"rate":0,"timestamp":"2023-12-27T13:21:12.709Z"}}