{"algorithm":"OpenAPSSMBDynamicISFPlugin","input":{"glucoseStatus":{"glucose":121,"noise":0,"delta":-2.89,"short_avgdelta":-2.89,"long_avgdelta":-4.04,"date":1704142374000},"currenttemp":{"temp":"absolute","duration":50,"rate":0,"minutesrunning":10},"iob_data":[{"iob":0.192,"basaliob":-0.389,"bolussnooze":0.0442,"activity":0.0061,"lastBolusTime":1704141482451,"time":"2024-01-01T20:53:19.508Z","iobWithZeroTemp":{"iob":0.192,"basaliob":-0.389,"bolussnooze":0.0442,"activity":0.0061,"lastBolusTime":1704141482451,"time":"2024-01-01T20:53:19.508Z"}},{"iob":0.163,"basaliob":-0.37,"bolussnooze":0.0337,"activity":0.0054,"lastBolusTime":1704141482451,"time":"2024-01-01T20:58:19.508Z","iobWithZeroTemp":{"iob":0.14,"basaliob":-0.393,"bolussnooze":0.0337,"activity":0.0054,"lastBolusTime":1704141482451,"time":"2024-01-01T20:58:19.508Z"}},{"iob":0.138,"basaliob":-0.35,"bolussnooze":0.0254,"activity":0.0047,"lastBolusTime":1704141482451,"time":"2024-01-01T21:03:19.508Z","iobWithZeroTemp":{"iob":0.09,"basaliob":-0.398,"bolussnooze":0.0254,"activity":0.0046,"lastBolusTime":1704141482451,"time":"2024-01-01T21:03:19.508Z"}},{"iob":0.116,"basaliob":-0.33,"bolussnooze":0.0188,"activity":0.0041,"lastBolusTime":1704141482451,"time":"2024-01-01T21:08:19.508Z","iobWithZeroTemp":{"iob":0.043,"basaliob":-0.403,"bolussnooze":0.0188,"activity":0.0039,"lastBolusTime":1704141482451,"time":"2024-01-01T21:08:19.508Z"}},{"iob":0.097,"basaliob":-0.31,"bolussnooze":0.0137,"activity":0.0035,"lastBolusTime":1704141482451,"time":"2024-01-01T21:13:19.508Z","iobWithZeroTemp":{"iob":0.001,"basaliob":-0.406,"bolussnooze":0.0137,"activity":0.0031,"lastBolusTime":1704141482451,"time":"2024-01-01T21:13:19.508Z"}},{"iob":0.081,"basaliob":-0.29,"bolussnooze":0.0097,"activity":0.0031,"lastBolusTime":1704141482451,"time":"2024-01-01T21:18:19.508Z","iobWithZeroTemp":{"iob":-0.038,"basaliob":-0.409,"bolussnooze":0.0097,"activity":0.0025,"lastBolusTime":1704141482451,"time":"2024-01-01T21:18:19.508Z"}},{"iob":0.067,"basaliob":-0.271,"bolussnooze":0.0067,"activity":0.0026,"lastBolusTime":1704141482451,"time":"2024-01-01T21:23:19.508Z","iobWithZeroTemp":{"iob":-0.074,"basaliob":-0.412,"bolussnooze":0.0067,"activity":0.0019,"lastBolusTime":1704141482451,"time":"2024-01-01T21:23:19.508Z"}},{"iob":0.054,"basaliob":-0.253,"bolussnooze":0.0045,"activity":0.0024,"lastBolusTime":1704141482451,"time":"2024-01-01T21:28:19.508Z","iobWithZeroTemp":{"iob":-0.108,"basaliob":-0.415,"bolussnooze":0.0045,"activity":0.0015,"lastBolusTime":1704141482451,"time":"2024-01-01T21:28:19.508Z"}},{"iob":0.043,"basaliob":-0.235,"bolussnooze":0.0029,"activity":0.002,"lastBolusTime":1704141482451,"time":"2024-01-01T21:33:19.508Z","iobWithZeroTemp":{"iob":-0.138,"basaliob":-0.416,"bolussnooze":0.0029,"activity":8.0E-4,"lastBolusTime":1704141482451,"time":"2024-01-01T21:33:19.508Z"}},{"iob":0.034,"basaliob":-0.218,"bolussnooze":0.0017,"activity":0.0017,"lastBolusTime":1704141482451,"time":"2024-01-01T21:38:19.508Z","iobWithZeroTemp":{"iob":-0.166,"basaliob":-0.418,"bolussnooze":0.0017,"activity":3.0E-4,"lastBolusTime":1704141482451,"time":"2024-01-01T21:38:19.508Z"}},{"iob":0.026,"basaliob":-0.202,"bolussnooze":0.001,"activity":0.0014,"lastBolusTime":1704141482451,"time":"2024-01-01T21:43:19.508Z","iobWithZeroTemp":{"iob":-0.192,"basaliob":-0.42,"bolussnooze":0.001,"activity":-2.0E-4,"lastBolusTime":1704141482451,"time":"2024-01-01T21:43:19.508Z"}},{"iob":0.019,"basaliob":-0.186,"bolussnooze":5.0E-4,"activity":0.0013,"lastBolusTime":1704141482451,"time":"2024-01-01T21:48:19.508Z","iobWithZeroTemp":{"iob":-0.215,"basaliob":-0.42,"bolussnooze":5.0E-4,"activity":-5.0E-4,"lastBolusTime":1704141482451,"time":"2024-01-01T21:48:19.508Z"}},{"iob":0.013,"basaliob":-0.172,"bolussnooze":2.0E-4,"activity":0.0011,"lastBolusTime":1704141482451,"time":"2024-01-01T21:53:19.508Z","iobWithZeroTemp":{"iob":-0.237,"basaliob":-0.422,"bolussnooze":2.0E-4,"activity":-9.0E-4,"lastBolusTime":1704141482451,"time":"2024-01-01T21:53:19.508Z"}},{"iob":0.009,"basaliob":-0.158,"bolussnooze":1.0E-4,"activity":9.0E-4,"lastBolusTime":1704141482451,"time":"2024-01-01T21:58:19.508Z","iobWithZeroTemp":{"iob":-0.255,"basaliob":-0.422,"bolussnooze":1.0E-4,"activity":-0.0013,"lastBolusTime":1704141482451,"time":"2024-01-01T21:58:19.508Z"}},{"iob":0.005,"basaliob":-0.145,"bolussnooze":0,"activity":7.0E-4,"lastBolusTime":1704141482451,"time":"2024-01-01T22:03:19.508Z","iobWithZeroTemp":{"iob":-0.269,"basaliob":-0.419,"bolussnooze":0,"activity":-0.0017,"lastBolusTime":1704141482451,"time":"2024-01-01T22:03:19.508Z"}},{"iob":0.001,"basaliob":-0.133,"bolussnooze":0,"activity":7.0E-4,"lastBolusTime":1704141482451,"time":"2024-01-01T22:08:19.508Z","iobWithZeroTemp":{"iob":-0.281,"basaliob":-0.415,"bolussnooze":0,"activity":-0.0019,"lastBolusTime":1704141482451,"time":"2024-01-01T22:08:19.508Z"}},{"iob":-0.001,"basaliob":-0.121,"bolussnooze":0,"activity":5.0E-4,"lastBolusTime":1704141482451,"time":"2024-01-01T22:13:19.508Z","iobWithZeroTemp":{"iob":-0.291,"basaliob":-0.411,"bolussnooze":0,"activity":-0.0022,"lastBolusTime":1704141482451,"time":"2024-01-01T22:13:19.508Z"}},{"iob":-0.004,"basaliob":-0.111,"bolussnooze":0,"activity":4.0E-4,"lastBolusTime":1704141482451,"time":"2024-01-01T22:18:19.508Z","iobWithZeroTemp":{"iob":-0.301,"basaliob":-0.408,"bolussnooze":0,"activity":-0.0025,"lastBolusTime":1704141482451,"time":"2024-01-01T22:18:19.508Z"}},{"iob":-0.006,"basaliob":-0.101,"bolussnooze":0,"activity":3.0E-4,"lastBolusTime":1704141482451,"time":"2024-01-01T22:23:19.508Z","iobWithZeroTemp":{"iob":-0.309,"basaliob":-0.404,"bolussnooze":0,"activity":-0.0027,"lastBolusTime":1704141482451,"time":"2024-01-01T22:23:19.508Z"}},{"iob":-0.007,"basaliob":-0.092,"bolussnooze":0,"activity":3.0E-4,"lastBolusTime":1704141482451,"time":"2024-01-01T22:28:19.508Z","iobWithZeroTemp":{"iob":-0.316,"basaliob":-0.401,"bolussnooze":0,"activity":-0.0028,"lastBolusTime":1704141482451,"time":"2024-01-01T22:28:19.508Z"}},{"iob":-0.009,"basaliob":-0.084,"bolussnooze":0,"activity":2.0E-4,"lastBolusTime":1704141482451,"time":"2024-01-01T22:33:19.508Z","iobWithZeroTemp":{"iob":-0.323,"basaliob":-0.398,"bolussnooze":0,"activity":-0.003,"lastBolusTime":1704141482451,"time":"2024-01-01T22:33:19.508Z"}},{"iob":-0.009,"basaliob":-0.076,"bolussnooze":0,"activity":1.0E-4,"lastBolusTime":1704141482451,"time":"2024-01-01T22:38:19.508Z","iobWithZeroTemp":{"iob":-0.327,"basaliob":-0.394,"bolussnooze":0,"activity":-0.0032,"lastBolusTime":1704141482451,"time":"2024-01-01T22:38:19.508Z"}},{"iob":-0.01,"basaliob":-0.069,"bolussnooze":0,"activity":1.0E-4,"lastBolusTime":1704141482451,"time":"2024-01-01T22:43:19.508Z","iobWithZeroTemp":{"iob":-0.332,"basaliob":-0.391,"bolussnooze":0,"activity":-0.0033,"lastBolusTime":1704141482451,"time":"2024-01-01T22:43:19.508Z"}},{"iob":-0.01,"basaliob":-0.062,"bolussnooze":0,"activity":0,"lastBolusTime":1704141482451,"time":"2024-01-01T22:48:19.508Z","iobWithZeroTemp":{"iob":-0.336,"basaliob":-0.388,"bolussnooze":0,"activity":-0.0035,"lastBolusTime":1704141482451,"time":"2024-01-01T22:48:19.508Z"}},{"iob":-0.01,"basaliob":-0.056,"bolussnooze":0,"activity":0,"lastBolusTime":1704141482451,"time":"2024-01-01T22:53:19.508Z","iobWithZeroTemp":{"iob":-0.339,"basaliob":-0.385,"bolussnooze":0,"activity":-0.0036,"lastBolusTime":1704141482451,"time":"2024-01-01T22:53:19.508Z"}},{"iob":-0.011,"basaliob":-0.051,"bolussnooze":0,"activity":0,"lastBolusTime":1704141482451,"time":"2024-01-01T22:58:19.508Z","iobWithZeroTemp":{"iob":-0.343,"basaliob":-0.383,"bolussnooze":0,"activity":-0.0036,"lastBolusTime":1704141482451,"time":"2024-01-01T22:58:19.508Z"}},{"iob":-0.011,"basaliob":-0.046,"bolussnooze":0,"activity":0,"lastBolusTime":1704141482451,"time":"2024-01-01T23:03:19.508Z","iobWithZeroTemp":{"iob":-0.345,"basaliob":-0.38,"bolussnooze":0,"activity":-0.0037,"lastBolusTime":1704141482451,"time":"2024-01-01T23:03:19.508Z"}},{"iob":-0.01,"basaliob":-0.041,"bolussnooze":0,"activity":-1.0E-4,"lastBolusTime":1704141482451,"time":"2024-01-01T23:08:19.508Z","iobWithZeroTemp":{"iob":-0.346,"basaliob":-0.377,"bolussnooze":0,"activity":-0.0039,"lastBolusTime":1704141482451,"time":"2024-01-01T23:08:19.508Z"}},{"iob":-0.01,"basaliob":-0.037,"bolussnooze":0,"activity":0,"lastBolusTime":1704141482451,"time":"2024-01-01T23:13:19.508Z","iobWithZeroTemp":{"iob":-0.348,"basaliob":-0.375,"bolussnooze":0,"activity":-0.0038,"lastBolusTime":1704141482451,"time":"2024-01-01T23:13:19.508Z"}},{"iob":-0.01,"basaliob":-0.033,"bolussnooze":0,"activity":0,"lastBolusTime":1704141482451,"time":"2024-01-01T23:18:19.508Z","iobWithZeroTemp":{"iob":-0.35,"basaliob":-0.373,"bolussnooze":0,"activity":-0.0038,"lastBolusTime":1704141482451,"time":"2024-01-01T23:18:19.508Z"}},{"iob":-0.01,"basaliob":-0.03,"bolussnooze":0,"activity":-1.0E-4,"lastBolusTime":1704141482451,"time":"2024-01-01T23:23:19.508Z","iobWithZeroTemp":{"iob":-0.352,"basaliob":-0.372,"bolussnooze":0,"activity":-0.004,"lastBolusTime":1704141482451,"time":"2024-01-01T23:23:19.508Z"}},{"iob":-0.009,"basaliob":-0.026,"bolussnooze":0,"activity":-1.0E-4,"lastBolusTime":1704141482451,"time":"2024-01-01T23:28:19.508Z","iobWithZeroTemp":{"iob":-0.352,"basaliob":-0.369,"bolussnooze":0,"activity":-0.004,"lastBolusTime":1704141482451,"time":"2024-01-01T23:28:19.508Z"}},{"iob":-0.008,"basaliob":-0.023,"bolussnooze":0,"activity":0,"lastBolusTime":1704141482451,"time":"2024-01-01T23:33:19.508Z","iobWithZeroTemp":{"iob":-0.352,"basaliob":-0.367,"bolussnooze":0,"activity":-0.0039,"lastBolusTime":1704141482451,"time":"2024-01-01T23:33:19.508Z"}},{"iob":-0.009,"basaliob":-0.021,"bolussnooze":0,"activity":-1.0E-4,"lastBolusTime":1704141482451,"time":"2024-01-01T23:38:19.508Z","iobWithZeroTemp":{"iob":-0.354,"basaliob":-0.366,"bolussnooze":0,"activity":-0.0041,"lastBolusTime":1704141482451,"time":"2024-01-01T23:38:19.508Z"}},{"iob":-0.008,"basaliob":-0.019,"bolussnooze":0,"activity":0,"lastBolusTime":1704141482451,"time":"2024-01-01T23:43:19.508Z","iobWithZeroTemp":{"iob":-0.354,"basaliob":-0.365,"bolussnooze":0,"activity":-0.004,"lastBolusTime":1704141482451,"time":"2024-01-01T23:43:19.508Z"}},{"iob":-0.007,"basaliob":-0.016,"bolussnooze":0,"activity":-1.0E-4,"lastBolusTime":1704141482451,"time":"2024-01-01T23:48:19.508Z","iobWithZeroTemp":{"iob":-0.354,"basaliob":-0.363,"bolussnooze":0,"activity":-0.0041,"lastBolusTime":1704141482451,"time":"2024-01-01T23:48:19.508Z"}},{"iob":-0.007,"basaliob":-0.014,"bolussnooze":0,"activity":-1.0E-4,"lastBolusTime":1704141482451,"time":"2024-01-01T23:53:19.508Z","iobWithZeroTemp":{"iob":-0.355,"basaliob":-0.362,"bolussnooze":0,"activity":-0.0041,"lastBolusTime":1704141482451,"time":"2024-01-01T23:53:19.508Z"}},{"iob":-0.007,"basaliob":-0.013,"bolussnooze":0,"activity":-1.0E-4,"lastBolusTime":1704141482451,"time":"2024-01-01T23:58:19.508Z","iobWithZeroTemp":{"iob":-0.355,"basaliob":-0.361,"bolussnooze":0,"activity":-0.0042,"lastBolusTime":1704141482451,"time":"2024-01-01T23:58:19.508Z"}},{"iob":-0.006,"basaliob":-0.011,"bolussnooze":0,"activity":-1.0E-4,"lastBolusTime":1704141482451,"time":"2024-01-02T00:03:19.508Z","iobWithZeroTemp":{"iob":-0.351,"basaliob":-0.356,"bolussnooze":0,"activity":-0.0042,"lastBolusTime":1704141482451,"time":"2024-01-02T00:03:19.508Z"}},{"iob":-0.006,"basaliob":-0.01,"bolussnooze":0,"activity":-1.0E-4,"lastBolusTime":1704141482451,"time":"2024-01-02T00:08:19.508Z","iobWithZeroTemp":{"iob":-0.347,"basaliob":-0.351,"bolussnooze":0,"activity":-0.0042,"lastBolusTime":1704141482451,"time":"2024-01-02T00:08:19.508Z"}},{"iob":-0.006,"basaliob":-0.009,"bolussnooze":0,"activity":-1.0E-4,"lastBolusTime":1704141482451,"time":"2024-01-02T00:13:19.508Z","iobWithZeroTemp":{"iob":-0.343,"basaliob":-0.346,"bolussnooze":0,"activity":-0.0042,"lastBolusTime":1704141482451,"time":"2024-01-02T00:13:19.508Z"}},{"iob":-0.004,"basaliob":-0.007,"bolussnooze":0,"activity":-1.0E-4,"lastBolusTime":1704141482451,"time":"2024-01-02T00:18:19.508Z","iobWithZeroTemp":{"iob":-0.338,"basaliob":-0.341,"bolussnooze":0,"activity":-0.0041,"lastBolusTime":1704141482451,"time":"2024-01-02T00:18:19.508Z"}},{"iob":-0.005,"basaliob":-0.007,"bolussnooze":0,"activity":-1.0E-4,"lastBolusTime":1704141482451,"time":"2024-01-02T00:23:19.508Z","iobWithZeroTemp":{"iob":-0.335,"basaliob":-0.337,"bolussnooze":0,"activity":-0.0041,"lastBolusTime":1704141482451,"time":"2024-01-02T00:23:19.508Z"}},{"iob":-0.004,"basaliob":-0.006,"bolussnooze":0,"activity":-1.0E-4,"lastBolusTime":1704141482451,"time":"2024-01-02T00:28:19.508Z","iobWithZeroTemp":{"iob":-0.331,"basaliob":-0.333,"bolussnooze":0,"activity":-0.0041,"lastBolusTime":1704141482451,"time":"2024-01-02T00:28:19.508Z"}},{"iob":-0.004,"basaliob":-0.005,"bolussnooze":0,"activity":0,"lastBolusTime":1704141482451,"time":"2024-01-02T00:33:19.508Z","iobWithZeroTemp":{"iob":-0.327,"basaliob":-0.328,"bolussnooze":0,"activity":-0.004,"lastBolusTime":1704141482451,"time":"2024-01-02T00:33:19.508Z"}},{"iob":-0.003,"basaliob":-0.004,"bolussnooze":0,"activity":0,"lastBolusTime":1704141482451,"time":"2024-01-02T00:38:19.508Z","iobWithZeroTemp":{"iob":-0.323,"basaliob":-0.324,"bolussnooze":0,"activity":-0.0039,"lastBolusTime":1704141482451,"time":"2024-01-02T00:38:19.508Z"}},{"iob":-0.003,"basaliob":-0.004,"bolussnooze":0,"activity":-1.0E-4,"lastBolusTime":1704141482451,"time":"2024-01-02T00:43:19.508Z","iobWithZeroTemp":{"iob":-0.32,"basaliob":-0.321,"bolussnooze":0,"activity":-0.004,"lastBolusTime":1704141482451,"time":"2024-01-02T00:43:19.508Z"}},{"iob":-0.002,"basaliob":-0.003,"bolussnooze":0,"activity":-1.0E-4,"lastBolusTime":1704141482451,"time":"2024-01-02T00:48:19.508Z","iobWithZeroTemp":{"iob":-0.317,"basaliob":-0.318,"bolussnooze":0,"activity":-0.004,"lastBolusTime":1704141482451,"time":"2024-01-02T00:48:19.508Z"}}],"profile":{"max_iob":10,"type":"current","max_daily_basal":0.35,"max_basal":1.05,"min_bg":90,"max_bg":90,"target_bg":90,"carb_ratio":8.8,"sens":120,"max_daily_safety_multiplier":3,"current_basal_safety_multiplier":4,"lgsThreshold":95,"high_temptarget_raises_sensitivity":true,"low_temptarget_lowers_sensitivity":true,"sensitivity_raises_target":true,"resistance_lowers_target":true,"adv_target_adjustments":false,"exercise_mode":false,"half_basal_exercise_target":160,"maxCOB":120,"skip_neutral_temps":false,"remainingCarbsCap":90,"enableUAM":true,"A52_risk_enable":false,"SMBInterval":6,"enableSMB_with_COB":true,"enableSMB_with_temptarget":false,"allowSMB_with_high_temptarget":false,"enableSMB_always":false,"enableSMB_after_carbs":true,"maxSMBBasalMinutes":45,"maxUAMSMBBasalMinutes":40,"bolus_increment":0.05,"carbsReqThreshold":2,"current_basal":0.35,"temptargetSet":true,"autosens_max":1.3,"autosens_min":0.7,"variable_sens":156.1,"insulinDivisor":75,"TDD":12.005257904761905},"autosens_data":{"ratio":0.6884796393961932},"meal_data":{"carbs":10,"mealCOB":0,"slopeFromMaxDeviation":-1.278181818181818,"slopeFromMinDeviation":1.46,"lastBolusTime":1704141482451,"lastCarbTime":1704135232393},"microBolusAllowed":true,"currentTime":1704142401171,"flatBGsDetected":false,"tdd1D":14.612499999999995,"tdd7D":16.776095238095234,"tddLast24H":11.55,"tddLast4H":2.4916666666666667,"tddLast8to4H":1.7291666666666667},"output":{"temp":"absolute","bg":121,"tick":-3,"eventualBG":102,"targetBG":90,"insulinReq":0,"deliverAt":"2024-01-01T20:53:21.171Z","sensitivityRatio":1.2,"variable_sens":156.1,"predBGs":{"IOB":[121,118,115,113,111,109,107,106,105,103,102,101,100,99,98,98,97,97,96,96,96,95,95,95,95,95,95,95,95,95,95,95,96,96,96,96,96,96,96,96,96,96,96,96,96,96,96,97],"ZT":[121,116,112,108,105,102,100,98,97,96,96,96,97,97],"UAM":[121,117,113,109,105,102,100,97,95,93,92,90,89,88,87,87,86,85,85,85,84,84,84,84,84,84,84,84,84,84,84,84,84,84,84,84,85]},"reason":"COB: 0, Dev: 11, BGI: -5, ISF: 156, CR: 8.8, Target: 90, minPredBG 90, minGuardBG 84, IOBpredBG 97, UAMpredBG 85; minGuardBG 84<95 50m left and 0 ~ req 0U\/hr: no temp required","COB":0,"IOB":0.192,"timestamp":"2024-01-01T20:53:21.202Z"}}