{"algorithm":"OpenAPSSMBDynamicISFPlugin","input":{"glucoseStatus":{"glucose":116,"noise":0,"delta":4.78,"short_avgdelta":4.78,"long_avgdelta":3.67,"date":1704080271000},"currenttemp":{"temp":"absolute","duration":25,"rate":0.7,"minutesrunning":5},"iob_data":[{"iob":0.028,"basaliob":0.002,"bolussnooze":0,"activity":-4.0E-4,"lastBolusTime":1704071612530,"time":"2024-01-01T03:38:13.122Z","iobWithZeroTemp":{"iob":0.028,"basaliob":0.002,"bolussnooze":0,"activity":-4.0E-4,"lastBolusTime":1704071612530,"time":"2024-01-01T03:38:13.122Z"}},{"iob":0.029,"basaliob":0.006,"bolussnooze":0,"activity":-3.0E-4,"lastBolusTime":1704071612530,"time":"2024-01-01T03:43:13.122Z","iobWithZeroTemp":{"iob":0.009,"basaliob":-0.014,"bolussnooze":0,"activity":-3.0E-4,"lastBolusTime":1704071612530,"time":"2024-01-01T03:43:13.122Z"}},{"iob":0.031,"basaliob":0.01,"bolussnooze":0,"activity":-1.0E-4,"lastBolusTime":1704071612530,"time":"2024-01-01T03:48:13.122Z","iobWithZeroTemp":{"iob":-0.014,"basaliob":-0.035,"bolussnooze":0,"activity":-2.0E-4,"lastBolusTime":1704071612530,"time":"2024-01-01T03:48:13.122Z"}},{"iob":0.031,"basaliob":0.012,"bolussnooze":0,"activity":-1.0E-4,"lastBolusTime":1704071612530,"time":"2024-01-01T03:53:13.122Z","iobWithZeroTemp":{"iob":-0.038,"basaliob":-0.057,"bolussnooze":0,"activity":-3.0E-4,"lastBolusTime":1704071612530,"time":"2024-01-01T03:53:13.122Z"}},{"iob":0.031,"basaliob":0.014,"bolussnooze":0,"activity":0,"lastBolusTime":1704071612530,"time":"2024-01-01T03:58:13.122Z","iobWithZeroTemp":{"iob":-0.062,"basaliob":-0.079,"bolussnooze":0,"activity":-4.0E-4,"lastBolusTime":1704071612530,"time":"2024-01-01T03:58:13.122Z"}},{"iob":0.031,"basaliob":0.016,"bolussnooze":0,"activity":1.0E-4,"lastBolusTime":1704071612530,"time":"2024-01-01T04:03:13.122Z","iobWithZeroTemp":{"iob":-0.084,"basaliob":-0.099,"bolussnooze":0,"activity":-4.0E-4,"lastBolusTime":1704071612530,"time":"2024-01-01T04:03:13.122Z"}},{"iob":0.031,"basaliob":0.017,"bolussnooze":0,"activity":1.0E-4,"lastBolusTime":1704071612530,"time":"2024-01-01T04:08:13.122Z","iobWithZeroTemp":{"iob":-0.106,"basaliob":-0.12,"bolussnooze":0,"activity":-6.0E-4,"lastBolusTime":1704071612530,"time":"2024-01-01T04:08:13.122Z"}},{"iob":0.029,"basaliob":0.017,"bolussnooze":0,"activity":2.0E-4,"lastBolusTime":1704071612530,"time":"2024-01-01T04:13:13.122Z","iobWithZeroTemp":{"iob":-0.129,"basaliob":-0.141,"bolussnooze":0,"activity":-7.0E-4,"lastBolusTime":1704071612530,"time":"2024-01-01T04:13:13.122Z"}},{"iob":0.029,"basaliob":0.018,"bolussnooze":0,"activity":2.0E-4,"lastBolusTime":1704071612530,"time":"2024-01-01T04:18:13.122Z","iobWithZeroTemp":{"iob":-0.149,"basaliob":-0.16,"bolussnooze":0,"activity":-9.0E-4,"lastBolusTime":1704071612530,"time":"2024-01-01T04:18:13.122Z"}},{"iob":0.028,"basaliob":0.018,"bolussnooze":0,"activity":2.0E-4,"lastBolusTime":1704071612530,"time":"2024-01-01T04:23:13.122Z","iobWithZeroTemp":{"iob":-0.169,"basaliob":-0.179,"bolussnooze":0,"activity":-0.0011,"lastBolusTime":1704071612530,"time":"2024-01-01T04:23:13.122Z"}},{"iob":0.027,"basaliob":0.018,"bolussnooze":0,"activity":2.0E-4,"lastBolusTime":1704071612530,"time":"2024-01-01T04:28:13.122Z","iobWithZeroTemp":{"iob":-0.188,"basaliob":-0.197,"bolussnooze":0,"activity":-0.0014,"lastBolusTime":1704071612530,"time":"2024-01-01T04:28:13.122Z"}},{"iob":0.025,"basaliob":0.017,"bolussnooze":0,"activity":3.0E-4,"lastBolusTime":1704071612530,"time":"2024-01-01T04:33:13.122Z","iobWithZeroTemp":{"iob":-0.207,"basaliob":-0.215,"bolussnooze":0,"activity":-0.0015,"lastBolusTime":1704071612530,"time":"2024-01-01T04:33:13.122Z"}},{"iob":0.024,"basaliob":0.017,"bolussnooze":0,"activity":3.0E-4,"lastBolusTime":1704071612530,"time":"2024-01-01T04:38:13.122Z","iobWithZeroTemp":{"iob":-0.223,"basaliob":-0.23,"bolussnooze":0,"activity":-0.0017,"lastBolusTime":1704071612530,"time":"2024-01-01T04:38:13.122Z"}},{"iob":0.022,"basaliob":0.016,"bolussnooze":0,"activity":2.0E-4,"lastBolusTime":1704071612530,"time":"2024-01-01T04:43:13.122Z","iobWithZeroTemp":{"iob":-0.24,"basaliob":-0.246,"bolussnooze":0,"activity":-0.002,"lastBolusTime":1704071612530,"time":"2024-01-01T04:43:13.122Z"}},{"iob":0.021,"basaliob":0.016,"bolussnooze":0,"activity":2.0E-4,"lastBolusTime":1704071612530,"time":"2024-01-01T04:48:13.122Z","iobWithZeroTemp":{"iob":-0.255,"basaliob":-0.26,"bolussnooze":0,"activity":-0.0022,"lastBolusTime":1704071612530,"time":"2024-01-01T04:48:13.122Z"}},{"iob":0.02,"basaliob":0.015,"bolussnooze":0,"activity":2.0E-4,"lastBolusTime":1704071612530,"time":"2024-01-01T04:53:13.122Z","iobWithZeroTemp":{"iob":-0.268,"basaliob":-0.273,"bolussnooze":0,"activity":-0.0024,"lastBolusTime":1704071612530,"time":"2024-01-01T04:53:13.122Z"}},{"iob":0.018,"basaliob":0.014,"bolussnooze":0,"activity":2.0E-4,"lastBolusTime":1704071612530,"time":"2024-01-01T04:58:13.122Z","iobWithZeroTemp":{"iob":-0.282,"basaliob":-0.286,"bolussnooze":0,"activity":-0.0025,"lastBolusTime":1704071612530,"time":"2024-01-01T04:58:13.122Z"}},{"iob":0.018,"basaliob":0.014,"bolussnooze":0,"activity":3.0E-4,"lastBolusTime":1704071612530,"time":"2024-01-01T05:03:13.122Z","iobWithZeroTemp":{"iob":-0.293,"basaliob":-0.297,"bolussnooze":0,"activity":-0.0026,"lastBolusTime":1704071612530,"time":"2024-01-01T05:03:13.122Z"}},{"iob":0.016,"basaliob":0.013,"bolussnooze":0,"activity":3.0E-4,"lastBolusTime":1704071612530,"time":"2024-01-01T05:08:13.122Z","iobWithZeroTemp":{"iob":-0.305,"basaliob":-0.308,"bolussnooze":0,"activity":-0.0028,"lastBolusTime":1704071612530,"time":"2024-01-01T05:08:13.122Z"}},{"iob":0.015,"basaliob":0.012,"bolussnooze":0,"activity":2.0E-4,"lastBolusTime":1704071612530,"time":"2024-01-01T05:13:13.122Z","iobWithZeroTemp":{"iob":-0.315,"basaliob":-0.318,"bolussnooze":0,"activity":-0.003,"lastBolusTime":1704071612530,"time":"2024-01-01T05:13:13.122Z"}},{"iob":0.013,"basaliob":0.011,"bolussnooze":0,"activity":2.0E-4,"lastBolusTime":1704071612530,"time":"2024-01-01T05:18:13.122Z","iobWithZeroTemp":{"iob":-0.326,"basaliob":-0.328,"bolussnooze":0,"activity":-0.0032,"lastBolusTime":1704071612530,"time":"2024-01-01T05:18:13.122Z"}},{"iob":0.013,"basaliob":0.011,"bolussnooze":0,"activity":2.0E-4,"lastBolusTime":1704071612530,"time":"2024-01-01T05:23:13.122Z","iobWithZeroTemp":{"iob":-0.334,"basaliob":-0.336,"bolussnooze":0,"activity":-0.0033,"lastBolusTime":1704071612530,"time":"2024-01-01T05:23:13.122Z"}},{"iob":0.012,"basaliob":0.01,"bolussnooze":0,"activity":2.0E-4,"lastBolusTime":1704071612530,"time":"2024-01-01T05:28:13.122Z","iobWithZeroTemp":{"iob":-0.342,"basaliob":-0.344,"bolussnooze":0,"activity":-0.0034,"lastBolusTime":1704071612530,"time":"2024-01-01T05:28:13.122Z"}},{"iob":0.01,"basaliob":0.009,"bolussnooze":0,"activity":1.0E-4,"lastBolusTime":1704071612530,"time":"2024-01-01T05:33:13.122Z","iobWithZeroTemp":{"iob":-0.351,"basaliob":-0.352,"bolussnooze":0,"activity":-0.0036,"lastBolusTime":1704071612530,"time":"2024-01-01T05:33:13.122Z"}},{"iob":0.01,"basaliob":0.009,"bolussnooze":0,"activity":1.0E-4,"lastBolusTime":1704071612530,"time":"2024-01-01T05:38:13.122Z","iobWithZeroTemp":{"iob":-0.357,"basaliob":-0.358,"bolussnooze":0,"activity":-0.0038,"lastBolusTime":1704071612530,"time":"2024-01-01T05:38:13.122Z"}},{"iob":0.009,"basaliob":0.008,"bolussnooze":0,"activity":1.0E-4,"lastBolusTime":1704071612530,"time":"2024-01-01T05:43:13.122Z","iobWithZeroTemp":{"iob":-0.363,"basaliob":-0.364,"bolussnooze":0,"activity":-0.0039,"lastBolusTime":1704071612530,"time":"2024-01-01T05:43:13.122Z"}},{"iob":0.008,"basaliob":0.007,"bolussnooze":0,"activity":1.0E-4,"lastBolusTime":1704071612530,"time":"2024-01-01T05:48:13.122Z","iobWithZeroTemp":{"iob":-0.369,"basaliob":-0.37,"bolussnooze":0,"activity":-0.0039,"lastBolusTime":1704071612530,"time":"2024-01-01T05:48:13.122Z"}},{"iob":0.008,"basaliob":0.007,"bolussnooze":0,"activity":1.0E-4,"lastBolusTime":1704071612530,"time":"2024-01-01T05:53:13.122Z","iobWithZeroTemp":{"iob":-0.374,"basaliob":-0.375,"bolussnooze":0,"activity":-0.004,"lastBolusTime":1704071612530,"time":"2024-01-01T05:53:13.122Z"}},{"iob":0.007,"basaliob":0.006,"bolussnooze":0,"activity":1.0E-4,"lastBolusTime":1704071612530,"time":"2024-01-01T05:58:13.122Z","iobWithZeroTemp":{"iob":-0.379,"basaliob":-0.38,"bolussnooze":0,"activity":-0.0041,"lastBolusTime":1704071612530,"time":"2024-01-01T05:58:13.122Z"}},{"iob":0.006,"basaliob":0.006,"bolussnooze":0,"activity":1.0E-4,"lastBolusTime":1704071612530,"time":"2024-01-01T06:03:13.122Z","iobWithZeroTemp":{"iob":-0.384,"basaliob":-0.384,"bolussnooze":0,"activity":-0.0042,"lastBolusTime":1704071612530,"time":"2024-01-01T06:03:13.122Z"}},{"iob":0.005,"basaliob":0.005,"bolussnooze":0,"activity":1.0E-4,"lastBolusTime":1704071612530,"time":"2024-01-01T06:08:13.122Z","iobWithZeroTemp":{"iob":-0.388,"basaliob":-0.388,"bolussnooze":0,"activity":-0.0043,"lastBolusTime":1704071612530,"time":"2024-01-01T06:08:13.122Z"}},{"iob":0.005,"basaliob":0.005,"bolussnooze":0,"activity":1.0E-4,"lastBolusTime":1704071612530,"time":"2024-01-01T06:13:13.122Z","iobWithZeroTemp":{"iob":-0.391,"basaliob":-0.391,"bolussnooze":0,"activity":-0.0043,"lastBolusTime":1704071612530,"time":"2024-01-01T06:13:13.122Z"}},{"iob":0.004,"basaliob":0.004,"bolussnooze":0,"activity":1.0E-4,"lastBolusTime":1704071612530,"time":"2024-01-01T06:18:13.122Z","iobWithZeroTemp":{"iob":-0.395,"basaliob":-0.395,"bolussnooze":0,"activity":-0.0044,"lastBolusTime":1704071612530,"time":"2024-01-01T06:18:13.122Z"}},{"iob":0.004,"basaliob":0.004,"bolussnooze":0,"activity":1.0E-4,"lastBolusTime":1704071612530,"time":"2024-01-01T06:23:13.122Z","iobWithZeroTemp":{"iob":-0.397,"basaliob":-0.397,"bolussnooze":0,"activity":-0.0044,"lastBolusTime":1704071612530,"time":"2024-01-01T06:23:13.122Z"}},{"iob":0.004,"basaliob":0.004,"bolussnooze":0,"activity":1.0E-4,"lastBolusTime":1704071612530,"time":"2024-01-01T06:28:13.122Z","iobWithZeroTemp":{"iob":-0.4,"basaliob":-0.4,"bolussnooze":0,"activity":-0.0045,"lastBolusTime":1704071612530,"time":"2024-01-01T06:28:13.122Z"}},{"iob":0.003,"basaliob":0.003,"bolussnooze":0,"activity":1.0E-4,"lastBolusTime":1704071612530,"time":"2024-01-01T06:33:13.122Z","iobWithZeroTemp":{"iob":-0.403,"basaliob":-0.403,"bolussnooze":0,"activity":-0.0045,"lastBolusTime":1704071612530,"time":"2024-01-01T06:33:13.122Z"}},{"iob":0.003,"basaliob":0.003,"bolussnooze":0,"activity":1.0E-4,"lastBolusTime":1704071612530,"time":"2024-01-01T06:38:13.122Z","iobWithZeroTemp":{"iob":-0.404,"basaliob":-0.404,"bolussnooze":0,"activity":-0.0046,"lastBolusTime":1704071612530,"time":"2024-01-01T06:38:13.122Z"}},{"iob":0.003,"basaliob":0.003,"bolussnooze":0,"activity":1.0E-4,"lastBolusTime":1704071612530,"time":"2024-01-01T06:43:13.122Z","iobWithZeroTemp":{"iob":-0.406,"basaliob":-0.406,"bolussnooze":0,"activity":-0.0046,"lastBolusTime":1704071612530,"time":"2024-01-01T06:43:13.122Z"}},{"iob":0.003,"basaliob":0.003,"bolussnooze":0,"activity":0,"lastBolusTime":1704071612530,"time":"2024-01-01T06:48:13.122Z","iobWithZeroTemp":{"iob":-0.408,"basaliob":-0.408,"bolussnooze":0,"activity":-0.0047,"lastBolusTime":1704071612530,"time":"2024-01-01T06:48:13.122Z"}},{"iob":0.002,"basaliob":0.002,"bolussnooze":0,"activity":0,"lastBolusTime":1704071612530,"time":"2024-01-01T06:53:13.122Z","iobWithZeroTemp":{"iob":-0.41,"basaliob":-0.41,"bolussnooze":0,"activity":-0.0048,"lastBolusTime":1704071612530,"time":"2024-01-01T06:53:13.122Z"}},{"iob":0.002,"basaliob":0.002,"bolussnooze":0,"activity":0,"lastBolusTime":1704071612530,"time":"2024-01-01T06:58:13.122Z","iobWithZeroTemp":{"iob":-0.411,"basaliob":-0.411,"bolussnooze":0,"activity":-0.0048,"lastBolusTime":1704071612530,"time":"2024-01-01T06:58:13.122Z"}},{"iob":0.002,"basaliob":0.002,"bolussnooze":0,"activity":0,"lastBolusTime":1704071612530,"time":"2024-01-01T07:03:13.122Z","iobWithZeroTemp":{"iob":-0.412,"basaliob":-0.412,"bolussnooze":0,"activity":-0.0048,"lastBolusTime":1704071612530,"time":"2024-01-01T07:03:13.122Z"}},{"iob":0.002,"basaliob":0.002,"bolussnooze":0,"activity":0,"lastBolusTime":1704071612530,"time":"2024-01-01T07:08:13.122Z","iobWithZeroTemp":{"iob":-0.413,"basaliob":-0.413,"bolussnooze":0,"activity":-0.0048,"lastBolusTime":1704071612530,"time":"2024-01-01T07:08:13.122Z"}},{"iob":0.002,"basaliob":0.002,"bolussnooze":0,"activity":0,"lastBolusTime":1704071612530,"time":"2024-01-01T07:13:13.122Z","iobWithZeroTemp":{"iob":-0.414,"basaliob":-0.414,"bolussnooze":0,"activity":-0.0049,"lastBolusTime":1704071612530,"time":"2024-01-01T07:13:13.122Z"}},{"iob":0.001,"basaliob":0.001,"bolussnooze":0,"activity":0,"lastBolusTime":0,"time":"2024-01-01T07:18:13.122Z","iobWithZeroTemp":{"iob":-0.415,"basaliob":-0.415,"bolussnooze":0,"activity":-0.0049,"lastBolusTime":0,"time":"2024-01-01T07:18:13.122Z"}},{"iob":0.001,"basaliob":0.001,"bolussnooze":0,"activity":0,"lastBolusTime":0,"time":"2024-01-01T07:23:13.122Z","iobWithZeroTemp":{"iob":-0.416,"basaliob":-0.416,"bolussnooze":0,"activity":-0.0049,"lastBolusTime":0,"time":"2024-01-01T07:23:13.122Z"}},{"iob":0.001,"basaliob":0.001,"bolussnooze":0,"activity":0,"lastBolusTime":0,"time":"2024-01-01T07:28:13.122Z","iobWithZeroTemp":{"iob":-0.417,"basaliob":-0.417,"bolussnooze":0,"activity":-0.0049,"lastBolusTime":0,"time":"2024-01-01T07:28:13.122Z"}},{"iob":0.001,"basaliob":0.001,"bolussnooze":0,"activity":0,"lastBolusTime":0,"time":"2024-01-01T07:33:13.122Z","iobWithZeroTemp":{"iob":-0.417,"basaliob":-0.417,"bolussnooze":0,"activity":-0.0049,"lastBolusTime":0,"time":"2024-01-01T07:33:13.122Z"}}],"profile":{"max_iob":10,"type":"current","max_daily_basal":0.35,"max_basal":1.05,"min_bg":95,"max_bg":95,"target_bg":95,"carb_ratio":8.8,"sens":120,"max_daily_safety_multiplier":3,"current_basal_safety_multiplier":4,"lgsThreshold":95,"high_temptarget_raises_sensitivity":true,"low_temptarget_lowers_sensitivity":true,"sensitivity_raises_target":true,"resistance_lowers_target":true,"adv_target_adjustments":false,"exercise_mode":false,"half_basal_exercise_target":160,"maxCOB":120,"skip_neutral_temps":false,"remainingCarbsCap":90,"enableUAM":true,"A52_risk_enable":false,"SMBInterval":6,"enableSMB_with_COB":true,"enableSMB_with_temptarget":true,"allowSMB_with_high_temptarget":false,"enableSMB_always":false,"enableSMB_after_carbs":true,"maxSMBBasalMinutes":30,"maxUAMSMBBasalMinutes":45,"bolus_increment":0.05,"carbsReqThreshold":2,"current_basal":0.3,"temptargetSet":false,"autosens_max":1.3,"autosens_min":0.7,"variable_sens":183.8,"insulinDivisor":75,"TDD":10.474057904761905},"autosens_data":{"ratio":0.8777370294466617},"meal_data":{"carbs":0,"mealCOB":0,"slopeFromMaxDeviation":0,"slopeFromMinDeviation":0.46909090909090906,"lastBolusTime":1704071612530,"lastCarbTime":0},"microBolusAllowed":true,"currentTime":1704080295533,"flatBGsDetected":false,"tdd1D":14.612499999999995,"tdd7D":16.776095238095234,"tddLast24H":14.724999999999996,"tddLast4H":0.925,"tddLast8to4H":2.1624999999999996},"output":{"temp":"absolute","bg":116,"tick":"+5","eventualBG":172,"targetBG":100,"insulinReq":0.3,"deliverAt":"2024-01-01T03:38:15.533Z","sensitivityRatio":0.8777370294466617,"variable_sens":183.8,"predBGs":{"IOB":[116,120,124,128,131,133,135,137,138,139,140,140,140,140,140,139,139,139,139,139,138,138,138,138,138,138,138,138,138,137],"ZT":[116,116,117,117,117,117,118,118],"UAM":[116,121,125,129,133,136,140,143,146,149,152,154,156,159,161,162,164,166,167,168,169,170,171,172,172,173,173,173,173,173,173,173,173,173,173,173,173,173,172]},"reason":"COB: 0, Dev: 26, BGI: 0, ISF: 184, CR: 8.8, Target: 100, minPredBG 155, minGuardBG 121, IOBpredBG 137, UAMpredBG 172; Eventual BG 172 >= 100, temp 0.70 < 0.86U\/hr. ","COB":0,"IOB":0.028,"duration":30,"rate":0.8633211088339985,"timestamp":"2024-01-01T03:38:15.562Z"}}