{"algorithm":"OpenAPSSMBDynamicISFPlugin","input":{"glucoseStatus":{"glucose":93,"noise":0,"delta":1.5,"short_avgdelta":1.5,"long_avgdelta":1.36,"date":1704078471000},"currenttemp":{"temp":"absolute","duration":25,"rate":0,"minutesrunning":5},"iob_data":[{"iob":-0.114,"basaliob":-0.162,"bolussnooze":0,"activity":-3.0E-4,"lastBolusTime":1704071612530,"time":"2024-01-01T03:08:13.569Z","iobWithZeroTemp":{"iob":-0.114,"basaliob":-0.162,"bolussnooze":0,"activity":-3.0E-4,"lastBolusTime":1704071612530,"time":"2024-01-01T03:08:13.569Z"}},{"iob":-0.113,"basaliob":-0.156,"bolussnooze":0,"activity":-4.0E-4,"lastBolusTime":1704071612530,"time":"2024-01-01T03:13:13.569Z","iobWithZeroTemp":{"iob":-0.133,"basaliob":-0.176,"bolussnooze":0,"activity":-4.0E-4,"lastBolusTime":1704071612530,"time":"2024-01-01T03:13:13.569Z"}},{"iob":-0.11,"basaliob":-0.149,"bolussnooze":0,"activity":-6.0E-4,"lastBolusTime":1704071612530,"time":"2024-01-01T03:18:13.569Z","iobWithZeroTemp":{"iob":-0.155,"basaliob":-0.194,"bolussnooze":0,"activity":-7.0E-4,"lastBolusTime":1704071612530,"time":"2024-01-01T03:18:13.569Z"}},{"iob":-0.105,"basaliob":-0.141,"bolussnooze":0,"activity":-8.0E-4,"lastBolusTime":1704071612530,"time":"2024-01-01T03:23:13.569Z","iobWithZeroTemp":{"iob":-0.174,"basaliob":-0.21,"bolussnooze":0,"activity":-0.001,"lastBolusTime":1704071612530,"time":"2024-01-01T03:23:13.569Z"}},{"iob":-0.102,"basaliob":-0.134,"bolussnooze":0,"activity":-8.0E-4,"lastBolusTime":1704071612530,"time":"2024-01-01T03:28:13.569Z","iobWithZeroTemp":{"iob":-0.195,"basaliob":-0.227,"bolussnooze":0,"activity":-0.0012,"lastBolusTime":1704071612530,"time":"2024-01-01T03:28:13.569Z"}},{"iob":-0.097,"basaliob":-0.126,"bolussnooze":0,"activity":-9.0E-4,"lastBolusTime":1704071612530,"time":"2024-01-01T03:33:13.569Z","iobWithZeroTemp":{"iob":-0.212,"basaliob":-0.241,"bolussnooze":0,"activity":-0.0014,"lastBolusTime":1704071612530,"time":"2024-01-01T03:33:13.569Z"}},{"iob":-0.093,"basaliob":-0.119,"bolussnooze":0,"activity":-9.0E-4,"lastBolusTime":1704071612530,"time":"2024-01-01T03:38:13.569Z","iobWithZeroTemp":{"iob":-0.23,"basaliob":-0.256,"bolussnooze":0,"activity":-0.0016,"lastBolusTime":1704071612530,"time":"2024-01-01T03:38:13.569Z"}},{"iob":-0.088,"basaliob":-0.111,"bolussnooze":0,"activity":-0.001,"lastBolusTime":1704071612530,"time":"2024-01-01T03:43:13.569Z","iobWithZeroTemp":{"iob":-0.246,"basaliob":-0.269,"bolussnooze":0,"activity":-0.0019,"lastBolusTime":1704071612530,"time":"2024-01-01T03:43:13.569Z"}},{"iob":-0.083,"basaliob":-0.104,"bolussnooze":0,"activity":-9.0E-4,"lastBolusTime":1704071612530,"time":"2024-01-01T03:48:13.569Z","iobWithZeroTemp":{"iob":-0.261,"basaliob":-0.282,"bolussnooze":0,"activity":-0.002,"lastBolusTime":1704071612530,"time":"2024-01-01T03:48:13.569Z"}},{"iob":-0.078,"basaliob":-0.097,"bolussnooze":0,"activity":-0.001,"lastBolusTime":1704071612530,"time":"2024-01-01T03:53:13.569Z","iobWithZeroTemp":{"iob":-0.275,"basaliob":-0.294,"bolussnooze":0,"activity":-0.0023,"lastBolusTime":1704071612530,"time":"2024-01-01T03:53:13.569Z"}},{"iob":-0.073,"basaliob":-0.09,"bolussnooze":0,"activity":-9.0E-4,"lastBolusTime":1704071612530,"time":"2024-01-01T03:58:13.569Z","iobWithZeroTemp":{"iob":-0.288,"basaliob":-0.305,"bolussnooze":0,"activity":-0.0025,"lastBolusTime":1704071612530,"time":"2024-01-01T03:58:13.569Z"}},{"iob":-0.069,"basaliob":-0.084,"bolussnooze":0,"activity":-0.001,"lastBolusTime":1704071612530,"time":"2024-01-01T04:03:13.569Z","iobWithZeroTemp":{"iob":-0.301,"basaliob":-0.316,"bolussnooze":0,"activity":-0.0028,"lastBolusTime":1704071612530,"time":"2024-01-01T04:03:13.569Z"}},{"iob":-0.064,"basaliob":-0.078,"bolussnooze":0,"activity":-9.0E-4,"lastBolusTime":1704071612530,"time":"2024-01-01T04:08:13.569Z","iobWithZeroTemp":{"iob":-0.311,"basaliob":-0.325,"bolussnooze":0,"activity":-0.0029,"lastBolusTime":1704071612530,"time":"2024-01-01T04:08:13.569Z"}},{"iob":-0.06,"basaliob":-0.072,"bolussnooze":0,"activity":-8.0E-4,"lastBolusTime":1704071612530,"time":"2024-01-01T04:13:13.569Z","iobWithZeroTemp":{"iob":-0.322,"basaliob":-0.334,"bolussnooze":0,"activity":-0.003,"lastBolusTime":1704071612530,"time":"2024-01-01T04:13:13.569Z"}},{"iob":-0.055,"basaliob":-0.066,"bolussnooze":0,"activity":-9.0E-4,"lastBolusTime":1704071612530,"time":"2024-01-01T04:18:13.569Z","iobWithZeroTemp":{"iob":-0.331,"basaliob":-0.342,"bolussnooze":0,"activity":-0.0033,"lastBolusTime":1704071612530,"time":"2024-01-01T04:18:13.569Z"}},{"iob":-0.051,"basaliob":-0.061,"bolussnooze":0,"activity":-8.0E-4,"lastBolusTime":1704071612530,"time":"2024-01-01T04:23:13.569Z","iobWithZeroTemp":{"iob":-0.339,"basaliob":-0.349,"bolussnooze":0,"activity":-0.0034,"lastBolusTime":1704071612530,"time":"2024-01-01T04:23:13.569Z"}},{"iob":-0.047,"basaliob":-0.056,"bolussnooze":0,"activity":-8.0E-4,"lastBolusTime":1704071612530,"time":"2024-01-01T04:28:13.569Z","iobWithZeroTemp":{"iob":-0.347,"basaliob":-0.356,"bolussnooze":0,"activity":-0.0035,"lastBolusTime":1704071612530,"time":"2024-01-01T04:28:13.569Z"}},{"iob":-0.043,"basaliob":-0.051,"bolussnooze":0,"activity":-7.0E-4,"lastBolusTime":1704071612530,"time":"2024-01-01T04:33:13.569Z","iobWithZeroTemp":{"iob":-0.354,"basaliob":-0.362,"bolussnooze":0,"activity":-0.0036,"lastBolusTime":1704071612530,"time":"2024-01-01T04:33:13.569Z"}},{"iob":-0.04,"basaliob":-0.047,"bolussnooze":0,"activity":-6.0E-4,"lastBolusTime":1704071612530,"time":"2024-01-01T04:38:13.569Z","iobWithZeroTemp":{"iob":-0.361,"basaliob":-0.368,"bolussnooze":0,"activity":-0.0037,"lastBolusTime":1704071612530,"time":"2024-01-01T04:38:13.569Z"}},{"iob":-0.037,"basaliob":-0.043,"bolussnooze":0,"activity":-7.0E-4,"lastBolusTime":1704071612530,"time":"2024-01-01T04:43:13.569Z","iobWithZeroTemp":{"iob":-0.367,"basaliob":-0.373,"bolussnooze":0,"activity":-0.0039,"lastBolusTime":1704071612530,"time":"2024-01-01T04:43:13.569Z"}},{"iob":-0.034,"basaliob":-0.039,"bolussnooze":0,"activity":-6.0E-4,"lastBolusTime":1704071612530,"time":"2024-01-01T04:48:13.569Z","iobWithZeroTemp":{"iob":-0.373,"basaliob":-0.378,"bolussnooze":0,"activity":-0.004,"lastBolusTime":1704071612530,"time":"2024-01-01T04:48:13.569Z"}},{"iob":-0.031,"basaliob":-0.036,"bolussnooze":0,"activity":-6.0E-4,"lastBolusTime":1704071612530,"time":"2024-01-01T04:53:13.569Z","iobWithZeroTemp":{"iob":-0.378,"basaliob":-0.383,"bolussnooze":0,"activity":-0.0041,"lastBolusTime":1704071612530,"time":"2024-01-01T04:53:13.569Z"}},{"iob":-0.029,"basaliob":-0.033,"bolussnooze":0,"activity":-5.0E-4,"lastBolusTime":1704071612530,"time":"2024-01-01T04:58:13.569Z","iobWithZeroTemp":{"iob":-0.383,"basaliob":-0.387,"bolussnooze":0,"activity":-0.0041,"lastBolusTime":1704071612530,"time":"2024-01-01T04:58:13.569Z"}},{"iob":-0.027,"basaliob":-0.03,"bolussnooze":0,"activity":-5.0E-4,"lastBolusTime":1704071612530,"time":"2024-01-01T05:03:13.569Z","iobWithZeroTemp":{"iob":-0.388,"basaliob":-0.391,"bolussnooze":0,"activity":-0.0042,"lastBolusTime":1704071612530,"time":"2024-01-01T05:03:13.569Z"}},{"iob":-0.024,"basaliob":-0.027,"bolussnooze":0,"activity":-4.0E-4,"lastBolusTime":1704071612530,"time":"2024-01-01T05:08:13.569Z","iobWithZeroTemp":{"iob":-0.391,"basaliob":-0.394,"bolussnooze":0,"activity":-0.0043,"lastBolusTime":1704071612530,"time":"2024-01-01T05:08:13.569Z"}},{"iob":-0.021,"basaliob":-0.024,"bolussnooze":0,"activity":-4.0E-4,"lastBolusTime":1704071612530,"time":"2024-01-01T05:13:13.569Z","iobWithZeroTemp":{"iob":-0.393,"basaliob":-0.396,"bolussnooze":0,"activity":-0.0044,"lastBolusTime":1704071612530,"time":"2024-01-01T05:13:13.569Z"}},{"iob":-0.02,"basaliob":-0.022,"bolussnooze":0,"activity":-3.0E-4,"lastBolusTime":1704071612530,"time":"2024-01-01T05:18:13.569Z","iobWithZeroTemp":{"iob":-0.397,"basaliob":-0.399,"bolussnooze":0,"activity":-0.0043,"lastBolusTime":1704071612530,"time":"2024-01-01T05:18:13.569Z"}},{"iob":-0.018,"basaliob":-0.02,"bolussnooze":0,"activity":-3.0E-4,"lastBolusTime":1704071612530,"time":"2024-01-01T05:23:13.569Z","iobWithZeroTemp":{"iob":-0.4,"basaliob":-0.402,"bolussnooze":0,"activity":-0.0044,"lastBolusTime":1704071612530,"time":"2024-01-01T05:23:13.569Z"}},{"iob":-0.016,"basaliob":-0.018,"bolussnooze":0,"activity":-3.0E-4,"lastBolusTime":1704071612530,"time":"2024-01-01T05:28:13.569Z","iobWithZeroTemp":{"iob":-0.402,"basaliob":-0.404,"bolussnooze":0,"activity":-0.0045,"lastBolusTime":1704071612530,"time":"2024-01-01T05:28:13.569Z"}},{"iob":-0.015,"basaliob":-0.016,"bolussnooze":0,"activity":-3.0E-4,"lastBolusTime":1704071612530,"time":"2024-01-01T05:33:13.569Z","iobWithZeroTemp":{"iob":-0.405,"basaliob":-0.406,"bolussnooze":0,"activity":-0.0046,"lastBolusTime":1704071612530,"time":"2024-01-01T05:33:13.569Z"}},{"iob":-0.014,"basaliob":-0.015,"bolussnooze":0,"activity":-3.0E-4,"lastBolusTime":1704071612530,"time":"2024-01-01T05:38:13.569Z","iobWithZeroTemp":{"iob":-0.407,"basaliob":-0.408,"bolussnooze":0,"activity":-0.0047,"lastBolusTime":1704071612530,"time":"2024-01-01T05:38:13.569Z"}},{"iob":-0.012,"basaliob":-0.013,"bolussnooze":0,"activity":-3.0E-4,"lastBolusTime":1704071612530,"time":"2024-01-01T05:43:13.569Z","iobWithZeroTemp":{"iob":-0.408,"basaliob":-0.409,"bolussnooze":0,"activity":-0.0047,"lastBolusTime":1704071612530,"time":"2024-01-01T05:43:13.569Z"}},{"iob":-0.011,"basaliob":-0.012,"bolussnooze":0,"activity":-3.0E-4,"lastBolusTime":1704071612530,"time":"2024-01-01T05:48:13.569Z","iobWithZeroTemp":{"iob":-0.41,"basaliob":-0.411,"bolussnooze":0,"activity":-0.0048,"lastBolusTime":1704071612530,"time":"2024-01-01T05:48:13.569Z"}},{"iob":-0.009,"basaliob":-0.01,"bolussnooze":0,"activity":-2.0E-4,"lastBolusTime":1704071612530,"time":"2024-01-01T05:53:13.569Z","iobWithZeroTemp":{"iob":-0.41,"basaliob":-0.411,"bolussnooze":0,"activity":-0.0047,"lastBolusTime":1704071612530,"time":"2024-01-01T05:53:13.569Z"}},{"iob":-0.008,"basaliob":-0.009,"bolussnooze":0,"activity":-2.0E-4,"lastBolusTime":1704071612530,"time":"2024-01-01T05:58:13.569Z","iobWithZeroTemp":{"iob":-0.412,"basaliob":-0.413,"bolussnooze":0,"activity":-0.0048,"lastBolusTime":1704071612530,"time":"2024-01-01T05:58:13.569Z"}},{"iob":-0.008,"basaliob":-0.008,"bolussnooze":0,"activity":-2.0E-4,"lastBolusTime":1704071612530,"time":"2024-01-01T06:03:13.569Z","iobWithZeroTemp":{"iob":-0.414,"basaliob":-0.414,"bolussnooze":0,"activity":-0.0048,"lastBolusTime":1704071612530,"time":"2024-01-01T06:03:13.569Z"}},{"iob":-0.007,"basaliob":-0.007,"bolussnooze":0,"activity":-2.0E-4,"lastBolusTime":1704071612530,"time":"2024-01-01T06:08:13.569Z","iobWithZeroTemp":{"iob":-0.414,"basaliob":-0.414,"bolussnooze":0,"activity":-0.0049,"lastBolusTime":1704071612530,"time":"2024-01-01T06:08:13.569Z"}},{"iob":-0.007,"basaliob":-0.007,"bolussnooze":0,"activity":-2.0E-4,"lastBolusTime":1704071612530,"time":"2024-01-01T06:13:13.569Z","iobWithZeroTemp":{"iob":-0.416,"basaliob":-0.416,"bolussnooze":0,"activity":-0.0049,"lastBolusTime":1704071612530,"time":"2024-01-01T06:13:13.569Z"}},{"iob":-0.006,"basaliob":-0.006,"bolussnooze":0,"activity":-1.0E-4,"lastBolusTime":1704071612530,"time":"2024-01-01T06:18:13.569Z","iobWithZeroTemp":{"iob":-0.417,"basaliob":-0.417,"bolussnooze":0,"activity":-0.0048,"lastBolusTime":1704071612530,"time":"2024-01-01T06:18:13.569Z"}},{"iob":-0.005,"basaliob":-0.005,"bolussnooze":0,"activity":-1.0E-4,"lastBolusTime":1704071612530,"time":"2024-01-01T06:23:13.569Z","iobWithZeroTemp":{"iob":-0.417,"basaliob":-0.417,"bolussnooze":0,"activity":-0.0049,"lastBolusTime":1704071612530,"time":"2024-01-01T06:23:13.569Z"}},{"iob":-0.005,"basaliob":-0.005,"bolussnooze":0,"activity":-1.0E-4,"lastBolusTime":1704071612530,"time":"2024-01-01T06:28:13.569Z","iobWithZeroTemp":{"iob":-0.418,"basaliob":-0.418,"bolussnooze":0,"activity":-0.0049,"lastBolusTime":1704071612530,"time":"2024-01-01T06:28:13.569Z"}},{"iob":-0.004,"basaliob":-0.004,"bolussnooze":0,"activity":-1.0E-4,"lastBolusTime":1704071612530,"time":"2024-01-01T06:33:13.569Z","iobWithZeroTemp":{"iob":-0.418,"basaliob":-0.418,"bolussnooze":0,"activity":-0.0049,"lastBolusTime":1704071612530,"time":"2024-01-01T06:33:13.569Z"}},{"iob":-0.003,"basaliob":-0.003,"bolussnooze":0,"activity":-1.0E-4,"lastBolusTime":1704071612530,"time":"2024-01-01T06:38:13.569Z","iobWithZeroTemp":{"iob":-0.418,"basaliob":-0.418,"bolussnooze":0,"activity":-0.0049,"lastBolusTime":1704071612530,"time":"2024-01-01T06:38:13.569Z"}},{"iob":-0.003,"basaliob":-0.003,"bolussnooze":0,"activity":-1.0E-4,"lastBolusTime":1704071612530,"time":"2024-01-01T06:43:13.569Z","iobWithZeroTemp":{"iob":-0.419,"basaliob":-0.419,"bolussnooze":0,"activity":-0.005,"lastBolusTime":1704071612530,"time":"2024-01-01T06:43:13.569Z"}},{"iob":-0.003,"basaliob":-0.003,"bolussnooze":0,"activity":-1.0E-4,"lastBolusTime":1704071612530,"time":"2024-01-01T06:48:13.569Z","iobWithZeroTemp":{"iob":-0.419,"basaliob":-0.419,"bolussnooze":0,"activity":-0.005,"lastBolusTime":1704071612530,"time":"2024-01-01T06:48:13.569Z"}},{"iob":-0.002,"basaliob":-0.002,"bolussnooze":0,"activity":-1.0E-4,"lastBolusTime":1704071612530,"time":"2024-01-01T06:53:13.569Z","iobWithZeroTemp":{"iob":-0.419,"basaliob":-0.419,"bolussnooze":0,"activity":-0.005,"lastBolusTime":1704071612530,"time":"2024-01-01T06:53:13.569Z"}},{"iob":-0.002,"basaliob":-0.002,"bolussnooze":0,"activity":-1.0E-4,"lastBolusTime":1704071612530,"time":"2024-01-01T06:58:13.569Z","iobWithZeroTemp":{"iob":-0.42,"basaliob":-0.42,"bolussnooze":0,"activity":-0.005,"lastBolusTime":1704071612530,"time":"2024-01-01T06:58:13.569Z"}},{"iob":-0.002,"basaliob":-0.002,"bolussnooze":0,"activity":-1.0E-4,"lastBolusTime":1704071612530,"time":"2024-01-01T07:03:13.569Z","iobWithZeroTemp":{"iob":-0.42,"basaliob":-0.42,"bolussnooze":0,"activity":-0.005,"lastBolusTime":1704071612530,"time":"2024-01-01T07:03:13.569Z"}}],"profile":{"max_iob":10,"type":"current","max_daily_basal":0.35,"max_basal":1.05,"min_bg":95,"max_bg":95,"target_bg":95,"carb_ratio":8.8,"sens":120,"max_daily_safety_multiplier":3,"current_basal_safety_multiplier":4,"lgsThreshold":95,"high_temptarget_raises_sensitivity":true,"low_temptarget_lowers_sensitivity":true,"sensitivity_raises_target":true,"resistance_lowers_target":true,"adv_target_adjustments":false,"exercise_mode":false,"half_basal_exercise_target":160,"maxCOB":120,"skip_neutral_temps":false,"remainingCarbsCap":90,"enableUAM":true,"A52_risk_enable":false,"SMBInterval":6,"enableSMB_with_COB":true,"enableSMB_with_temptarget":true,"allowSMB_with_high_temptarget":false,"enableSMB_always":false,"enableSMB_after_carbs":true,"maxSMBBasalMinutes":30,"maxUAMSMBBasalMinutes":45,"bolus_increment":0.05,"carbsReqThreshold":2,"current_basal":0.3,"temptargetSet":false,"autosens_max":1.3,"autosens_min":0.7,"variable_sens":203,"insulinDivisor":75,"TDD":10.994137904761903},"autosens_data":{"ratio":0.8678022583154035},"meal_data":{"carbs":0,"mealCOB":0,"slopeFromMaxDeviation":-0.453,"slopeFromMinDeviation":0.6733333333333333,"lastBolusTime":1704071612530,"lastCarbTime":0},"microBolusAllowed":true,"currentTime":1704078495990,"flatBGsDetected":false,"tdd1D":14.612499999999995,"tdd7D":16.776095238095234,"tddLast24H":14.55833333333333,"tddLast4H":0.7083333333333333,"tddLast8to4H":3.7625},"output":{"temp":"absolute","bg":93,"tick":"+2","eventualBG":123,"targetBG":100,"insulinReq":0.06,"deliverAt":"2024-01-01T03:08:15.990Z","sensitivityRatio":0.8678022583154035,"variable_sens":203,"predBGs":{"IOB":[93,94,96,97,99,100,102,103,105,106,107,108,109,109,110,111,112,112,113,114,114,115,115,116,116,117,117,117,117,118,118,118,118,119,119,119,119,119,120],"ZT":[93,93,94,94,95,97,98,100],"UAM":[93,94,95,95,96,97,98,99,100,101,102,102,103,104,105,106,106,107,108,108,109,110,110,111,111,111,112,112,112,113,113,113,113,114,114,114,114,114,115]},"reason":"COB: 0, Dev: 7, BGI: 0, ISF: 203, CR: 8.8, Target: 100, minPredBG 113, minGuardBG 94, IOBpredBG 120, UAMpredBG 115; IOB -0.114 < -0.1 and minDelta 2 > expectedDelta -1; Eventual BG 123 >= 100, temp 0.00 < 0.38U\/hr. ","COB":0,"IOB":-0.114,"duration":30,"rate":0.380340677494621,"timestamp":"2024-01-01T03:08:16.019Z"}}