{"algorithm":"OpenAPSSMBDynamicISFPlugin","input":{"glucoseStatus":{"glucose":108,"noise":0,"delta":3.39,"short_avgdelta":3.39,"long_avgdelta":4.05,"date":1704201474000},"currenttemp":{"temp":"absolute","duration":25,"rate":0.6,"minutesrunning":5},"iob_data":[{"iob":0.136,"basaliob":-0.246,"bolussnooze":0.0129,"activity":0.002,"lastBolusTime":1704201212000,"time":"2024-01-02T13:18:20.269Z","iobWithZeroTemp":{"iob":0.136,"basaliob":-0.246,"bolussnooze":0.0129,"activity":0.002,"lastBolusTime":1704201212000,"time":"2024-01-02T13:18:20.269Z"}},{"iob":0.126,"basaliob":-0.228,"bolussnooze":0.0093,"activity":0.0019,"lastBolusTime":1704201212000,"time":"2024-01-02T13:23:20.269Z","iobWithZeroTemp":{"iob":0.103,"basaliob":-0.251,"bolussnooze":0.0093,"activity":0.0019,"lastBolusTime":1704201212000,"time":"2024-01-02T13:23:20.269Z"}},{"iob":0.117,"basaliob":-0.21,"bolussnooze":0.0066,"activity":0.0018,"lastBolusTime":1704201212000,"time":"2024-01-02T13:28:20.269Z","iobWithZeroTemp":{"iob":0.065,"basaliob":-0.262,"bolussnooze":0.0066,"activity":0.0017,"lastBolusTime":1704201212000,"time":"2024-01-02T13:28:20.269Z"}},{"iob":0.107,"basaliob":-0.194,"bolussnooze":0.0045,"activity":0.0018,"lastBolusTime":1704201212000,"time":"2024-01-02T13:33:20.269Z","iobWithZeroTemp":{"iob":0.026,"basaliob":-0.275,"bolussnooze":0.0045,"activity":0.0016,"lastBolusTime":1704201212000,"time":"2024-01-02T13:33:20.269Z"}},{"iob":0.099,"basaliob":-0.178,"bolussnooze":0.003,"activity":0.0017,"lastBolusTime":1704201212000,"time":"2024-01-02T13:38:20.269Z","iobWithZeroTemp":{"iob":-0.009,"basaliob":-0.286,"bolussnooze":0.003,"activity":0.0013,"lastBolusTime":1704201212000,"time":"2024-01-02T13:38:20.269Z"}},{"iob":0.091,"basaliob":-0.163,"bolussnooze":0.0019,"activity":0.0016,"lastBolusTime":1704201212000,"time":"2024-01-02T13:43:20.269Z","iobWithZeroTemp":{"iob":-0.044,"basaliob":-0.298,"bolussnooze":0.0019,"activity":0.001,"lastBolusTime":1704201212000,"time":"2024-01-02T13:43:20.269Z"}},{"iob":0.083,"basaliob":-0.15,"bolussnooze":0.0011,"activity":0.0015,"lastBolusTime":1704201212000,"time":"2024-01-02T13:48:20.269Z","iobWithZeroTemp":{"iob":-0.077,"basaliob":-0.31,"bolussnooze":0.0011,"activity":7.0E-4,"lastBolusTime":1704201212000,"time":"2024-01-02T13:48:20.269Z"}},{"iob":0.076,"basaliob":-0.137,"bolussnooze":5.0E-4,"activity":0.0013,"lastBolusTime":1704201212000,"time":"2024-01-02T13:53:20.269Z","iobWithZeroTemp":{"iob":-0.109,"basaliob":-0.322,"bolussnooze":5.0E-4,"activity":2.0E-4,"lastBolusTime":1704201212000,"time":"2024-01-02T13:53:20.269Z"}},{"iob":0.07,"basaliob":-0.125,"bolussnooze":2.0E-4,"activity":0.0013,"lastBolusTime":1704201212000,"time":"2024-01-02T13:58:20.269Z","iobWithZeroTemp":{"iob":-0.138,"basaliob":-0.333,"bolussnooze":2.0E-4,"activity":0,"lastBolusTime":1704201212000,"time":"2024-01-02T13:58:20.269Z"}},{"iob":0.064,"basaliob":-0.114,"bolussnooze":1.0E-4,"activity":0.0012,"lastBolusTime":1704201212000,"time":"2024-01-02T14:03:20.269Z","iobWithZeroTemp":{"iob":-0.146,"basaliob":-0.324,"bolussnooze":1.0E-4,"activity":-3.0E-4,"lastBolusTime":1704201212000,"time":"2024-01-02T14:03:20.269Z"}},{"iob":0.058,"basaliob":-0.104,"bolussnooze":0,"activity":0.0011,"lastBolusTime":1704201212000,"time":"2024-01-02T14:08:20.269Z","iobWithZeroTemp":{"iob":-0.152,"basaliob":-0.314,"bolussnooze":0,"activity":-6.0E-4,"lastBolusTime":1704201212000,"time":"2024-01-02T14:08:20.269Z"}},{"iob":0.053,"basaliob":-0.094,"bolussnooze":0,"activity":0.001,"lastBolusTime":1704201212000,"time":"2024-01-02T14:13:20.269Z","iobWithZeroTemp":{"iob":-0.157,"basaliob":-0.304,"bolussnooze":0,"activity":-9.0E-4,"lastBolusTime":1704201212000,"time":"2024-01-02T14:13:20.269Z"}},{"iob":0.047,"basaliob":-0.086,"bolussnooze":0,"activity":9.0E-4,"lastBolusTime":1704201212000,"time":"2024-01-02T14:18:20.269Z","iobWithZeroTemp":{"iob":-0.162,"basaliob":-0.295,"bolussnooze":0,"activity":-0.0011,"lastBolusTime":1704201212000,"time":"2024-01-02T14:18:20.269Z"}},{"iob":0.043,"basaliob":-0.078,"bolussnooze":0,"activity":9.0E-4,"lastBolusTime":1704201212000,"time":"2024-01-02T14:23:20.269Z","iobWithZeroTemp":{"iob":-0.164,"basaliob":-0.285,"bolussnooze":0,"activity":-0.0012,"lastBolusTime":1704201212000,"time":"2024-01-02T14:23:20.269Z"}},{"iob":0.039,"basaliob":-0.07,"bolussnooze":0,"activity":8.0E-4,"lastBolusTime":1704201212000,"time":"2024-01-02T14:28:20.269Z","iobWithZeroTemp":{"iob":-0.166,"basaliob":-0.275,"bolussnooze":0,"activity":-0.0013,"lastBolusTime":1704201212000,"time":"2024-01-02T14:28:20.269Z"}},{"iob":0.035,"basaliob":-0.063,"bolussnooze":0,"activity":7.0E-4,"lastBolusTime":1704201212000,"time":"2024-01-02T14:33:20.269Z","iobWithZeroTemp":{"iob":-0.168,"basaliob":-0.266,"bolussnooze":0,"activity":-0.0015,"lastBolusTime":1704201212000,"time":"2024-01-02T14:33:20.269Z"}},{"iob":0.032,"basaliob":-0.057,"bolussnooze":0,"activity":7.0E-4,"lastBolusTime":1704201212000,"time":"2024-01-02T14:38:20.269Z","iobWithZeroTemp":{"iob":-0.168,"basaliob":-0.257,"bolussnooze":0,"activity":-0.0015,"lastBolusTime":1704201212000,"time":"2024-01-02T14:38:20.269Z"}},{"iob":0.029,"basaliob":-0.051,"bolussnooze":0,"activity":6.0E-4,"lastBolusTime":1704201212000,"time":"2024-01-02T14:43:20.269Z","iobWithZeroTemp":{"iob":-0.168,"basaliob":-0.248,"bolussnooze":0,"activity":-0.0017,"lastBolusTime":1704201212000,"time":"2024-01-02T14:43:20.269Z"}},{"iob":0.026,"basaliob":-0.046,"bolussnooze":0,"activity":6.0E-4,"lastBolusTime":1704201212000,"time":"2024-01-02T14:48:20.269Z","iobWithZeroTemp":{"iob":-0.168,"basaliob":-0.24,"bolussnooze":0,"activity":-0.0017,"lastBolusTime":1704201212000,"time":"2024-01-02T14:48:20.269Z"}},{"iob":0.023,"basaliob":-0.041,"bolussnooze":0,"activity":5.0E-4,"lastBolusTime":1704201212000,"time":"2024-01-02T14:53:20.269Z","iobWithZeroTemp":{"iob":-0.168,"basaliob":-0.232,"bolussnooze":0,"activity":-0.0018,"lastBolusTime":1704201212000,"time":"2024-01-02T14:53:20.269Z"}},{"iob":0.02,"basaliob":-0.037,"bolussnooze":0,"activity":5.0E-4,"lastBolusTime":1704201212000,"time":"2024-01-02T14:58:20.269Z","iobWithZeroTemp":{"iob":-0.168,"basaliob":-0.225,"bolussnooze":0,"activity":-0.0018,"lastBolusTime":1704201212000,"time":"2024-01-02T14:58:20.269Z"}},{"iob":0.018,"basaliob":-0.033,"bolussnooze":0,"activity":5.0E-4,"lastBolusTime":1704201212000,"time":"2024-01-02T15:03:20.269Z","iobWithZeroTemp":{"iob":-0.167,"basaliob":-0.218,"bolussnooze":0,"activity":-0.0018,"lastBolusTime":1704201212000,"time":"2024-01-02T15:03:20.269Z"}},{"iob":0.016,"basaliob":-0.03,"bolussnooze":0,"activity":4.0E-4,"lastBolusTime":1704201212000,"time":"2024-01-02T15:08:20.269Z","iobWithZeroTemp":{"iob":-0.167,"basaliob":-0.213,"bolussnooze":0,"activity":-0.0018,"lastBolusTime":1704201212000,"time":"2024-01-02T15:08:20.269Z"}},{"iob":0.015,"basaliob":-0.026,"bolussnooze":0,"activity":4.0E-4,"lastBolusTime":1704201212000,"time":"2024-01-02T15:13:20.269Z","iobWithZeroTemp":{"iob":-0.165,"basaliob":-0.206,"bolussnooze":0,"activity":-0.0018,"lastBolusTime":1704201212000,"time":"2024-01-02T15:13:20.269Z"}},{"iob":0.012,"basaliob":-0.024,"bolussnooze":0,"activity":3.0E-4,"lastBolusTime":1704201212000,"time":"2024-01-02T15:18:20.269Z","iobWithZeroTemp":{"iob":-0.165,"basaliob":-0.201,"bolussnooze":0,"activity":-0.0019,"lastBolusTime":1704201212000,"time":"2024-01-02T15:18:20.269Z"}},{"iob":0.011,"basaliob":-0.021,"bolussnooze":0,"activity":3.0E-4,"lastBolusTime":1704201212000,"time":"2024-01-02T15:23:20.269Z","iobWithZeroTemp":{"iob":-0.163,"basaliob":-0.195,"bolussnooze":0,"activity":-0.0019,"lastBolusTime":1704201212000,"time":"2024-01-02T15:23:20.269Z"}},{"iob":0.009,"basaliob":-0.019,"bolussnooze":0,"activity":3.0E-4,"lastBolusTime":1704201212000,"time":"2024-01-02T15:28:20.269Z","iobWithZeroTemp":{"iob":-0.163,"basaliob":-0.191,"bolussnooze":0,"activity":-0.0019,"lastBolusTime":1704201212000,"time":"2024-01-02T15:28:20.269Z"}},{"iob":0.009,"basaliob":-0.016,"bolussnooze":0,"activity":2.0E-4,"lastBolusTime":1704201212000,"time":"2024-01-02T15:33:20.269Z","iobWithZeroTemp":{"iob":-0.161,"basaliob":-0.186,"bolussnooze":0,"activity":-0.0019,"lastBolusTime":1704201212000,"time":"2024-01-02T15:33:20.269Z"}},{"iob":0.007,"basaliob":-0.015,"bolussnooze":0,"activity":2.0E-4,"lastBolusTime":1704201212000,"time":"2024-01-02T15:38:20.269Z","iobWithZeroTemp":{"iob":-0.16,"basaliob":-0.182,"bolussnooze":0,"activity":-0.0019,"lastBolusTime":1704201212000,"time":"2024-01-02T15:38:20.269Z"}},{"iob":0.006,"basaliob":-0.013,"bolussnooze":0,"activity":2.0E-4,"lastBolusTime":1704201212000,"time":"2024-01-02T15:43:20.269Z","iobWithZeroTemp":{"iob":-0.159,"basaliob":-0.178,"bolussnooze":0,"activity":-0.0019,"lastBolusTime":1704201212000,"time":"2024-01-02T15:43:20.269Z"}},{"iob":0.006,"basaliob":-0.011,"bolussnooze":0,"activity":2.0E-4,"lastBolusTime":1704201212000,"time":"2024-01-02T15:48:20.269Z","iobWithZeroTemp":{"iob":-0.157,"basaliob":-0.174,"bolussnooze":0,"activity":-0.0019,"lastBolusTime":1704201212000,"time":"2024-01-02T15:48:20.269Z"}},{"iob":0.005,"basaliob":-0.01,"bolussnooze":0,"activity":1.0E-4,"lastBolusTime":1704201212000,"time":"2024-01-02T15:53:20.269Z","iobWithZeroTemp":{"iob":-0.156,"basaliob":-0.171,"bolussnooze":0,"activity":-0.0019,"lastBolusTime":1704201212000,"time":"2024-01-02T15:53:20.269Z"}},{"iob":0.004,"basaliob":-0.009,"bolussnooze":0,"activity":2.0E-4,"lastBolusTime":1704201212000,"time":"2024-01-02T15:58:20.269Z","iobWithZeroTemp":{"iob":-0.156,"basaliob":-0.169,"bolussnooze":0,"activity":-0.0018,"lastBolusTime":1704201212000,"time":"2024-01-02T15:58:20.269Z"}},{"iob":0.003,"basaliob":-0.008,"bolussnooze":0,"activity":1.0E-4,"lastBolusTime":1704201212000,"time":"2024-01-02T16:03:20.269Z","iobWithZeroTemp":{"iob":-0.155,"basaliob":-0.166,"bolussnooze":0,"activity":-0.0019,"lastBolusTime":1704201212000,"time":"2024-01-02T16:03:20.269Z"}},{"iob":0.003,"basaliob":-0.007,"bolussnooze":0,"activity":1.0E-4,"lastBolusTime":1704201212000,"time":"2024-01-02T16:08:20.269Z","iobWithZeroTemp":{"iob":-0.153,"basaliob":-0.163,"bolussnooze":0,"activity":-0.0019,"lastBolusTime":1704201212000,"time":"2024-01-02T16:08:20.269Z"}},{"iob":0.002,"basaliob":-0.006,"bolussnooze":0,"activity":0,"lastBolusTime":1704201212000,"time":"2024-01-02T16:13:20.269Z","iobWithZeroTemp":{"iob":-0.153,"basaliob":-0.161,"bolussnooze":0,"activity":-0.0019,"lastBolusTime":1704201212000,"time":"2024-01-02T16:13:20.269Z"}},{"iob":0.002,"basaliob":-0.005,"bolussnooze":0,"activity":1.0E-4,"lastBolusTime":1704201212000,"time":"2024-01-02T16:18:20.269Z","iobWithZeroTemp":{"iob":-0.152,"basaliob":-0.159,"bolussnooze":0,"activity":-0.0018,"lastBolusTime":1704201212000,"time":"2024-01-02T16:18:20.269Z"}},{"iob":0.002,"basaliob":-0.004,"bolussnooze":0,"activity":1.0E-4,"lastBolusTime":1704201212000,"time":"2024-01-02T16:23:20.269Z","iobWithZeroTemp":{"iob":-0.15,"basaliob":-0.156,"bolussnooze":0,"activity":-0.0018,"lastBolusTime":1704201212000,"time":"2024-01-02T16:23:20.269Z"}},{"iob":0.001,"basaliob":-0.004,"bolussnooze":0,"activity":1.0E-4,"lastBolusTime":1704201212000,"time":"2024-01-02T16:28:20.269Z","iobWithZeroTemp":{"iob":-0.15,"basaliob":-0.155,"bolussnooze":0,"activity":-0.0018,"lastBolusTime":1704201212000,"time":"2024-01-02T16:28:20.269Z"}},{"iob":0.002,"basaliob":-0.003,"bolussnooze":0,"activity":0,"lastBolusTime":1704201212000,"time":"2024-01-02T16:33:20.269Z","iobWithZeroTemp":{"iob":-0.148,"basaliob":-0.153,"bolussnooze":0,"activity":-0.0019,"lastBolusTime":1704201212000,"time":"2024-01-02T16:33:20.269Z"}},{"iob":0.001,"basaliob":-0.003,"bolussnooze":0,"activity":0,"lastBolusTime":1704201212000,"time":"2024-01-02T16:38:20.269Z","iobWithZeroTemp":{"iob":-0.148,"basaliob":-0.152,"bolussnooze":0,"activity":-0.0019,"lastBolusTime":1704201212000,"time":"2024-01-02T16:38:20.269Z"}},{"iob":0.001,"basaliob":-0.002,"bolussnooze":0,"activity":0,"lastBolusTime":1704201212000,"time":"2024-01-02T16:43:20.269Z","iobWithZeroTemp":{"iob":-0.147,"basaliob":-0.15,"bolussnooze":0,"activity":-0.0018,"lastBolusTime":1704201212000,"time":"2024-01-02T16:43:20.269Z"}},{"iob":0.001,"basaliob":-0.002,"bolussnooze":0,"activity":0,"lastBolusTime":1704201212000,"time":"2024-01-02T16:48:20.269Z","iobWithZeroTemp":{"iob":-0.147,"basaliob":-0.15,"bolussnooze":0,"activity":-0.0018,"lastBolusTime":1704201212000,"time":"2024-01-02T16:48:20.269Z"}},{"iob":0,"basaliob":-0.002,"bolussnooze":0,"activity":0,"lastBolusTime":1704201212000,"time":"2024-01-02T16:53:20.269Z","iobWithZeroTemp":{"iob":-0.147,"basaliob":-0.149,"bolussnooze":0,"activity":-0.0018,"lastBolusTime":1704201212000,"time":"2024-01-02T16:53:20.269Z"}},{"iob":0.001,"basaliob":-0.001,"bolussnooze":0,"activity":1.0E-4,"lastBolusTime":1704201212000,"time":"2024-01-02T16:58:20.269Z","iobWithZeroTemp":{"iob":-0.145,"basaliob":-0.147,"bolussnooze":0,"activity":-0.0017,"lastBolusTime":1704201212000,"time":"2024-01-02T16:58:20.269Z"}},{"iob":0.001,"basaliob":-0.001,"bolussnooze":0,"activity":1.0E-4,"lastBolusTime":1704201212000,"time":"2024-01-02T17:03:20.269Z","iobWithZeroTemp":{"iob":-0.145,"basaliob":-0.147,"bolussnooze":0,"activity":-0.0017,"lastBolusTime":1704201212000,"time":"2024-01-02T17:03:20.269Z"}},{"iob":0.001,"basaliob":-0.001,"bolussnooze":0,"activity":0,"lastBolusTime":1704201212000,"time":"2024-01-02T17:08:20.269Z","iobWithZeroTemp":{"iob":-0.144,"basaliob":-0.146,"bolussnooze":0,"activity":-0.0018,"lastBolusTime":1704201212000,"time":"2024-01-02T17:08:20.269Z"}},{"iob":0,"basaliob":-0.001,"bolussnooze":0,"activity":0,"lastBolusTime":1704201212000,"time":"2024-01-02T17:13:20.269Z","iobWithZeroTemp":{"iob":-0.144,"basaliob":-0.145,"bolussnooze":0,"activity":-0.0018,"lastBolusTime":1704201212000,"time":"2024-01-02T17:13:20.269Z"}}],"profile":{"max_iob":10,"type":"current","max_daily_basal":0.35,"max_basal":1.05,"min_bg":90,"max_bg":90,"target_bg":90,"carb_ratio":8.8,"sens":120,"max_daily_safety_multiplier":3,"current_basal_safety_multiplier":4,"lgsThreshold":95,"high_temptarget_raises_sensitivity":true,"low_temptarget_lowers_sensitivity":true,"sensitivity_raises_target":true,"resistance_lowers_target":true,"adv_target_adjustments":false,"exercise_mode":false,"half_basal_exercise_target":160,"maxCOB":120,"skip_neutral_temps":false,"remainingCarbsCap":90,"enableUAM":true,"A52_risk_enable":false,"SMBInterval":6,"enableSMB_with_COB":true,"enableSMB_with_temptarget":true,"allowSMB_with_high_temptarget":false,"enableSMB_always":false,"enableSMB_after_carbs":true,"maxSMBBasalMinutes":45,"maxUAMSMBBasalMinutes":40,"bolus_increment":0.05,"carbsReqThreshold":2,"current_basal":0.35,"temptargetSet":false,"autosens_max":1.3,"autosens_min":0.7,"variable_sens":195.2,"insulinDivisor":75,"TDD":10.337597714285716},"autosens_data":{"ratio":0.7261421595548192},"meal_data":{"carbs":10,"mealCOB":0,"slopeFromMaxDeviation":-0.49333333333333346,"slopeFromMinDeviation":0.43044444444444446,"lastBolusTime":1704201212000,"lastCarbTime":1704193730225},"microBolusAllowed":true,"currentTime":1704201501731,"flatBGsDetected":false,"tdd1D":10.2375,"tdd7D":15.997785714285714,"tddLast24H":11.616666666666664,"tddLast4H":1.7666666666666668,"tddLast8to4H":2.7875},"output":{"temp":"absolute","bg":108,"tick":"+3","eventualBG":113,"targetBG":101,"insulinReq":0.02,"deliverAt":"2024-01-02T13:18:21.731Z","sensitivityRatio":0.7261421595548192,"variable_sens":195.2,"predBGs":{"IOB":[108,111,114,116,118,119,120,121,122,122,122,121,120,119,119,118,117,117,116,115,115,115,114,114,113,113,113,112,112,112,112,112,112,111],"ZT":[108,106,104,102,101,100,98,98,98,98,98,98,99,101],"UAM":[108,111,113,115,117,118,119,120,120,120,119,118,117,116,115,115,114,113,113,112,112,111,111,110,110,110,109,109,109,109,109,108,108,108,108,108,108,108,108,108,108,108,108,108,108,107]},"reason":"COB: 0, Dev: 32, BGI: -2, ISF: 195, CR: 8.8, Target: 101, minPredBG 105, minGuardBG 107, IOBpredBG 111, UAMpredBG 107; Eventual BG 113 >= 101,  insulinReq 0.02. Waiting 1m 12s to microbolus again. 25m@0.60 > 2 * insulinReq. Setting temp basal of 0.29U\/hr. ","COB":0,"IOB":0.136,"duration":30,"rate":0.2941497558441867,"timestamp":"2024-01-02T13:18:21.756Z"}}