{"algorithm":"OpenAPSSMBDynamicISFPlugin","input":{"glucoseStatus":{"glucose":106,"noise":0,"delta":-1.83,"short_avgdelta":-1.83,"long_avgdelta":-1.5,"date":1704238075000},"currenttemp":{"temp":"absolute","duration":25,"rate":0,"minutesrunning":5},"iob_data":[{"iob":0.028,"basaliob":-0.03,"bolussnooze":0,"activity":7.0E-4,"lastBolusTime":1704234205897,"time":"2024-01-02T23:28:20.914Z","iobWithZeroTemp":{"iob":0.028,"basaliob":-0.03,"bolussnooze":0,"activity":7.0E-4,"lastBolusTime":1704234205897,"time":"2024-01-02T23:28:20.914Z"}},{"iob":0.024,"basaliob":-0.028,"bolussnooze":0,"activity":7.0E-4,"lastBolusTime":1704234205897,"time":"2024-01-02T23:33:20.914Z","iobWithZeroTemp":{"iob":0.007,"basaliob":-0.045,"bolussnooze":0,"activity":7.0E-4,"lastBolusTime":1704234205897,"time":"2024-01-02T23:33:20.914Z"}},{"iob":0.021,"basaliob":-0.026,"bolussnooze":0,"activity":6.0E-4,"lastBolusTime":1704234205897,"time":"2024-01-02T23:38:20.914Z","iobWithZeroTemp":{"iob":-0.016,"basaliob":-0.063,"bolussnooze":0,"activity":5.0E-4,"lastBolusTime":1704234205897,"time":"2024-01-02T23:38:20.914Z"}},{"iob":0.018,"basaliob":-0.024,"bolussnooze":0,"activity":5.0E-4,"lastBolusTime":1704234205897,"time":"2024-01-02T23:43:20.914Z","iobWithZeroTemp":{"iob":-0.04,"basaliob":-0.082,"bolussnooze":0,"activity":3.0E-4,"lastBolusTime":1704234205897,"time":"2024-01-02T23:43:20.914Z"}},{"iob":0.015,"basaliob":-0.022,"bolussnooze":0,"activity":4.0E-4,"lastBolusTime":1704234205897,"time":"2024-01-02T23:48:20.914Z","iobWithZeroTemp":{"iob":-0.062,"basaliob":-0.099,"bolussnooze":0,"activity":1.0E-4,"lastBolusTime":1704234205897,"time":"2024-01-02T23:48:20.914Z"}},{"iob":0.013,"basaliob":-0.02,"bolussnooze":0,"activity":4.0E-4,"lastBolusTime":1704234205897,"time":"2024-01-02T23:53:20.914Z","iobWithZeroTemp":{"iob":-0.083,"basaliob":-0.116,"bolussnooze":0,"activity":0,"lastBolusTime":1704234205897,"time":"2024-01-02T23:53:20.914Z"}},{"iob":0.012,"basaliob":-0.018,"bolussnooze":0,"activity":4.0E-4,"lastBolusTime":1704234205897,"time":"2024-01-02T23:58:20.914Z","iobWithZeroTemp":{"iob":-0.102,"basaliob":-0.132,"bolussnooze":0,"activity":-2.0E-4,"lastBolusTime":1704234205897,"time":"2024-01-02T23:58:20.914Z"}},{"iob":0.01,"basaliob":-0.017,"bolussnooze":0,"activity":3.0E-4,"lastBolusTime":1704234205897,"time":"2024-01-03T00:03:20.914Z","iobWithZeroTemp":{"iob":-0.122,"basaliob":-0.149,"bolussnooze":0,"activity":-5.0E-4,"lastBolusTime":1704234205897,"time":"2024-01-03T00:03:20.914Z"}},{"iob":0.009,"basaliob":-0.015,"bolussnooze":0,"activity":3.0E-4,"lastBolusTime":1704234205897,"time":"2024-01-03T00:08:20.914Z","iobWithZeroTemp":{"iob":-0.14,"basaliob":-0.164,"bolussnooze":0,"activity":-6.0E-4,"lastBolusTime":1704234205897,"time":"2024-01-03T00:08:20.914Z"}},{"iob":0.007,"basaliob":-0.014,"bolussnooze":0,"activity":2.0E-4,"lastBolusTime":1704234205897,"time":"2024-01-03T00:13:20.914Z","iobWithZeroTemp":{"iob":-0.157,"basaliob":-0.178,"bolussnooze":0,"activity":-9.0E-4,"lastBolusTime":1704234205897,"time":"2024-01-03T00:13:20.914Z"}},{"iob":0.006,"basaliob":-0.012,"bolussnooze":0,"activity":3.0E-4,"lastBolusTime":1704234205897,"time":"2024-01-03T00:18:20.914Z","iobWithZeroTemp":{"iob":-0.173,"basaliob":-0.191,"bolussnooze":0,"activity":-0.001,"lastBolusTime":1704234205897,"time":"2024-01-03T00:18:20.914Z"}},{"iob":0.005,"basaliob":-0.011,"bolussnooze":0,"activity":2.0E-4,"lastBolusTime":1704234205897,"time":"2024-01-03T00:23:20.914Z","iobWithZeroTemp":{"iob":-0.188,"basaliob":-0.204,"bolussnooze":0,"activity":-0.0013,"lastBolusTime":1704234205897,"time":"2024-01-03T00:23:20.914Z"}},{"iob":0.004,"basaliob":-0.01,"bolussnooze":0,"activity":2.0E-4,"lastBolusTime":1704234205897,"time":"2024-01-03T00:28:20.914Z","iobWithZeroTemp":{"iob":-0.202,"basaliob":-0.216,"bolussnooze":0,"activity":-0.0014,"lastBolusTime":1704234205897,"time":"2024-01-03T00:28:20.914Z"}},{"iob":0.004,"basaliob":-0.009,"bolussnooze":0,"activity":1.0E-4,"lastBolusTime":1704234205897,"time":"2024-01-03T00:33:20.914Z","iobWithZeroTemp":{"iob":-0.214,"basaliob":-0.227,"bolussnooze":0,"activity":-0.0017,"lastBolusTime":1704234205897,"time":"2024-01-03T00:33:20.914Z"}},{"iob":0.003,"basaliob":-0.008,"bolussnooze":0,"activity":1.0E-4,"lastBolusTime":1704234205897,"time":"2024-01-03T00:38:20.914Z","iobWithZeroTemp":{"iob":-0.227,"basaliob":-0.238,"bolussnooze":0,"activity":-0.0019,"lastBolusTime":1704234205897,"time":"2024-01-03T00:38:20.914Z"}},{"iob":0.003,"basaliob":-0.007,"bolussnooze":0,"activity":1.0E-4,"lastBolusTime":1704234205897,"time":"2024-01-03T00:43:20.914Z","iobWithZeroTemp":{"iob":-0.237,"basaliob":-0.247,"bolussnooze":0,"activity":-0.002,"lastBolusTime":1704234205897,"time":"2024-01-03T00:43:20.914Z"}},{"iob":0.002,"basaliob":-0.007,"bolussnooze":0,"activity":1.0E-4,"lastBolusTime":1704234205897,"time":"2024-01-03T00:48:20.914Z","iobWithZeroTemp":{"iob":-0.248,"basaliob":-0.257,"bolussnooze":0,"activity":-0.0022,"lastBolusTime":1704234205897,"time":"2024-01-03T00:48:20.914Z"}},{"iob":0.002,"basaliob":-0.006,"bolussnooze":0,"activity":1.0E-4,"lastBolusTime":1704234205897,"time":"2024-01-03T00:53:20.914Z","iobWithZeroTemp":{"iob":-0.257,"basaliob":-0.265,"bolussnooze":0,"activity":-0.0023,"lastBolusTime":1704234205897,"time":"2024-01-03T00:53:20.914Z"}},{"iob":0.002,"basaliob":-0.005,"bolussnooze":0,"activity":1.0E-4,"lastBolusTime":1704234205897,"time":"2024-01-03T00:58:20.914Z","iobWithZeroTemp":{"iob":-0.266,"basaliob":-0.273,"bolussnooze":0,"activity":-0.0025,"lastBolusTime":1704234205897,"time":"2024-01-03T00:58:20.914Z"}},{"iob":0.001,"basaliob":-0.005,"bolussnooze":0,"activity":0,"lastBolusTime":1704234205897,"time":"2024-01-03T01:03:20.914Z","iobWithZeroTemp":{"iob":-0.27,"basaliob":-0.276,"bolussnooze":0,"activity":-0.0027,"lastBolusTime":1704234205897,"time":"2024-01-03T01:03:20.914Z"}},{"iob":0.001,"basaliob":-0.004,"bolussnooze":0,"activity":0,"lastBolusTime":1704234205897,"time":"2024-01-03T01:08:20.914Z","iobWithZeroTemp":{"iob":-0.273,"basaliob":-0.278,"bolussnooze":0,"activity":-0.0028,"lastBolusTime":1704234205897,"time":"2024-01-03T01:08:20.914Z"}},{"iob":0.001,"basaliob":-0.004,"bolussnooze":0,"activity":0,"lastBolusTime":1704234205897,"time":"2024-01-03T01:13:20.914Z","iobWithZeroTemp":{"iob":-0.276,"basaliob":-0.281,"bolussnooze":0,"activity":-0.0029,"lastBolusTime":1704234205897,"time":"2024-01-03T01:13:20.914Z"}},{"iob":0.001,"basaliob":-0.003,"bolussnooze":0,"activity":0,"lastBolusTime":1704234205897,"time":"2024-01-03T01:18:20.914Z","iobWithZeroTemp":{"iob":-0.278,"basaliob":-0.282,"bolussnooze":0,"activity":-0.003,"lastBolusTime":1704234205897,"time":"2024-01-03T01:18:20.914Z"}},{"iob":0.001,"basaliob":-0.003,"bolussnooze":0,"activity":0,"lastBolusTime":1704234205897,"time":"2024-01-03T01:23:20.914Z","iobWithZeroTemp":{"iob":-0.28,"basaliob":-0.284,"bolussnooze":0,"activity":-0.003,"lastBolusTime":1704234205897,"time":"2024-01-03T01:23:20.914Z"}},{"iob":0,"basaliob":-0.003,"bolussnooze":0,"activity":0,"lastBolusTime":1704234205897,"time":"2024-01-03T01:28:20.914Z","iobWithZeroTemp":{"iob":-0.282,"basaliob":-0.285,"bolussnooze":0,"activity":-0.0031,"lastBolusTime":1704234205897,"time":"2024-01-03T01:28:20.914Z"}},{"iob":0.001,"basaliob":-0.002,"bolussnooze":0,"activity":0,"lastBolusTime":1704234205897,"time":"2024-01-03T01:33:20.914Z","iobWithZeroTemp":{"iob":-0.282,"basaliob":-0.285,"bolussnooze":0,"activity":-0.0031,"lastBolusTime":1704234205897,"time":"2024-01-03T01:33:20.914Z"}},{"iob":0.001,"basaliob":-0.002,"bolussnooze":0,"activity":1.0E-4,"lastBolusTime":1704234205897,"time":"2024-01-03T01:38:20.914Z","iobWithZeroTemp":{"iob":-0.283,"basaliob":-0.286,"bolussnooze":0,"activity":-0.0031,"lastBolusTime":1704234205897,"time":"2024-01-03T01:38:20.914Z"}},{"iob":0,"basaliob":-0.002,"bolussnooze":0,"activity":1.0E-4,"lastBolusTime":1704234205897,"time":"2024-01-03T01:43:20.914Z","iobWithZeroTemp":{"iob":-0.285,"basaliob":-0.287,"bolussnooze":0,"activity":-0.0031,"lastBolusTime":1704234205897,"time":"2024-01-03T01:43:20.914Z"}},{"iob":0,"basaliob":-0.002,"bolussnooze":0,"activity":1.0E-4,"lastBolusTime":1704234205897,"time":"2024-01-03T01:48:20.914Z","iobWithZeroTemp":{"iob":-0.285,"basaliob":-0.287,"bolussnooze":0,"activity":-0.0031,"lastBolusTime":1704234205897,"time":"2024-01-03T01:48:20.914Z"}},{"iob":0.001,"basaliob":-0.001,"bolussnooze":0,"activity":0,"lastBolusTime":1704234205897,"time":"2024-01-03T01:53:20.914Z","iobWithZeroTemp":{"iob":-0.285,"basaliob":-0.287,"bolussnooze":0,"activity":-0.0033,"lastBolusTime":1704234205897,"time":"2024-01-03T01:53:20.914Z"}},{"iob":0.001,"basaliob":-0.001,"bolussnooze":0,"activity":0,"lastBolusTime":1704234205897,"time":"2024-01-03T01:58:20.914Z","iobWithZeroTemp":{"iob":-0.285,"basaliob":-0.287,"bolussnooze":0,"activity":-0.0033,"lastBolusTime":1704234205897,"time":"2024-01-03T01:58:20.914Z"}},{"iob":0,"basaliob":-0.001,"bolussnooze":0,"activity":0,"lastBolusTime":1704234205897,"time":"2024-01-03T02:03:20.914Z","iobWithZeroTemp":{"iob":-0.286,"basaliob":-0.287,"bolussnooze":0,"activity":-0.0033,"lastBolusTime":1704234205897,"time":"2024-01-03T02:03:20.914Z"}},{"iob":0,"basaliob":-0.001,"bolussnooze":0,"activity":0,"lastBolusTime":1704234205897,"time":"2024-01-03T02:08:20.914Z","iobWithZeroTemp":{"iob":-0.286,"basaliob":-0.287,"bolussnooze":0,"activity":-0.0033,"lastBolusTime":1704234205897,"time":"2024-01-03T02:08:20.914Z"}},{"iob":0,"basaliob":-0.001,"bolussnooze":0,"activity":0,"lastBolusTime":1704234205897,"time":"2024-01-03T02:13:20.914Z","iobWithZeroTemp":{"iob":-0.286,"basaliob":-0.287,"bolussnooze":0,"activity":-0.0033,"lastBolusTime":1704234205897,"time":"2024-01-03T02:13:20.914Z"}},{"iob":0,"basaliob":-0.001,"bolussnooze":0,"activity":0,"lastBolusTime":1704234205897,"time":"2024-01-03T02:18:20.914Z","iobWithZeroTemp":{"iob":-0.286,"basaliob":-0.287,"bolussnooze":0,"activity":-0.0034,"lastBolusTime":1704234205897,"time":"2024-01-03T02:18:20.914Z"}},{"iob":0,"basaliob":-0.001,"bolussnooze":0,"activity":0,"lastBolusTime":1704234205897,"time":"2024-01-03T02:23:20.914Z","iobWithZeroTemp":{"iob":-0.286,"basaliob":-0.287,"bolussnooze":0,"activity":-0.0034,"lastBolusTime":1704234205897,"time":"2024-01-03T02:23:20.914Z"}},{"iob":0,"basaliob":-0.001,"bolussnooze":0,"activity":0,"lastBolusTime":1704234205897,"time":"2024-01-03T02:28:20.914Z","iobWithZeroTemp":{"iob":-0.286,"basaliob":-0.287,"bolussnooze":0,"activity":-0.0034,"lastBolusTime":1704234205897,"time":"2024-01-03T02:28:20.914Z"}},{"iob":0,"basaliob":-0.001,"bolussnooze":0,"activity":0,"lastBolusTime":1704234205897,"time":"2024-01-03T02:33:20.914Z","iobWithZeroTemp":{"iob":-0.286,"basaliob":-0.287,"bolussnooze":0,"activity":-0.0034,"lastBolusTime":1704234205897,"time":"2024-01-03T02:33:20.914Z"}},{"iob":-0.001,"basaliob":-0.001,"bolussnooze":0,"activity":0,"lastBolusTime":1704234205897,"time":"2024-01-03T02:38:20.914Z","iobWithZeroTemp":{"iob":-0.286,"basaliob":-0.286,"bolussnooze":0,"activity":-0.0034,"lastBolusTime":1704234205897,"time":"2024-01-03T02:38:20.914Z"}},{"iob":-0.001,"basaliob":-0.001,"bolussnooze":0,"activity":0,"lastBolusTime":1704234205897,"time":"2024-01-03T02:43:20.914Z","iobWithZeroTemp":{"iob":-0.286,"basaliob":-0.286,"bolussnooze":0,"activity":-0.0034,"lastBolusTime":1704234205897,"time":"2024-01-03T02:43:20.914Z"}},{"iob":0,"basaliob":0,"bolussnooze":0,"activity":0,"lastBolusTime":1704234205897,"time":"2024-01-03T02:48:20.914Z","iobWithZeroTemp":{"iob":-0.285,"basaliob":-0.285,"bolussnooze":0,"activity":-0.0034,"lastBolusTime":1704234205897,"time":"2024-01-03T02:48:20.914Z"}},{"iob":0,"basaliob":0,"bolussnooze":0,"activity":0,"lastBolusTime":1704234205897,"time":"2024-01-03T02:53:20.914Z","iobWithZeroTemp":{"iob":-0.285,"basaliob":-0.285,"bolussnooze":0,"activity":-0.0034,"lastBolusTime":1704234205897,"time":"2024-01-03T02:53:20.914Z"}},{"iob":0,"basaliob":0,"bolussnooze":0,"activity":0,"lastBolusTime":1704234205897,"time":"2024-01-03T02:58:20.914Z","iobWithZeroTemp":{"iob":-0.285,"basaliob":-0.285,"bolussnooze":0,"activity":-0.0034,"lastBolusTime":1704234205897,"time":"2024-01-03T02:58:20.914Z"}},{"iob":0,"basaliob":0,"bolussnooze":0,"activity":0,"lastBolusTime":1704234205897,"time":"2024-01-03T03:03:20.914Z","iobWithZeroTemp":{"iob":-0.293,"basaliob":-0.293,"bolussnooze":0,"activity":-0.0034,"lastBolusTime":1704234205897,"time":"2024-01-03T03:03:20.914Z"}},{"iob":0,"basaliob":0,"bolussnooze":0,"activity":0,"lastBolusTime":1704234205897,"time":"2024-01-03T03:08:20.914Z","iobWithZeroTemp":{"iob":-0.301,"basaliob":-0.301,"bolussnooze":0,"activity":-0.0034,"lastBolusTime":1704234205897,"time":"2024-01-03T03:08:20.914Z"}},{"iob":0,"basaliob":0,"bolussnooze":0,"activity":0,"lastBolusTime":1704234205897,"time":"2024-01-03T03:13:20.914Z","iobWithZeroTemp":{"iob":-0.308,"basaliob":-0.308,"bolussnooze":0,"activity":-0.0035,"lastBolusTime":1704234205897,"time":"2024-01-03T03:13:20.914Z"}},{"iob":0,"basaliob":0,"bolussnooze":0,"activity":0,"lastBolusTime":1704234205897,"time":"2024-01-03T03:18:20.914Z","iobWithZeroTemp":{"iob":-0.316,"basaliob":-0.316,"bolussnooze":0,"activity":-0.0035,"lastBolusTime":1704234205897,"time":"2024-01-03T03:18:20.914Z"}},{"iob":0,"basaliob":0,"bolussnooze":0,"activity":0,"lastBolusTime":1704234205897,"time":"2024-01-03T03:23:20.914Z","iobWithZeroTemp":{"iob":-0.323,"basaliob":-0.323,"bolussnooze":0,"activity":-0.0036,"lastBolusTime":1704234205897,"time":"2024-01-03T03:23:20.914Z"}}],"profile":{"max_iob":10,"type":"current","max_daily_basal":0.35,"max_basal":1,"min_bg":95,"max_bg":95,"target_bg":95,"carb_ratio":8.8,"sens":120,"max_daily_safety_multiplier":3,"current_basal_safety_multiplier":4,"lgsThreshold":95,"high_temptarget_raises_sensitivity":true,"low_temptarget_lowers_sensitivity":true,"sensitivity_raises_target":true,"resistance_lowers_target":true,"adv_target_adjustments":false,"exercise_mode":false,"half_basal_exercise_target":160,"maxCOB":120,"skip_neutral_temps":false,"remainingCarbsCap":90,"enableUAM":true,"A52_risk_enable":false,"SMBInterval":6,"enableSMB_with_COB":true,"enableSMB_with_temptarget":true,"allowSMB_with_high_temptarget":false,"enableSMB_always":false,"enableSMB_after_carbs":true,"maxSMBBasalMinutes":45,"maxUAMSMBBasalMinutes":40,"bolus_increment":0.05,"carbsReqThreshold":2,"current_basal":0.25,"temptargetSet":false,"autosens_max":1.3,"autosens_min":0.7,"variable_sens":184.8,"insulinDivisor":75,"TDD":11.057529523809524},"autosens_data":{"ratio":0.9217374018487229},"meal_data":{"carbs":18,"mealCOB":0,"slopeFromMaxDeviation":-0.20222222222222225,"slopeFromMinDeviation":0,"lastBolusTime":1704234205897,"lastCarbTime":1704222941339},"microBolusAllowed":true,"currentTime":1704238102770,"flatBGsDetected":false,"tdd1D":14.054166666666665,"tdd7D":14.971726190476188,"tddLast24H":13.799999999999999,"tddLast4H":0.7625000000000002,"tddLast8to4H":5.1125},"output":{"temp":"absolute","bg":106,"tick":-2,"eventualBG":96,"targetBG":98,"insulinReq":0,"deliverAt":"2024-01-02T23:28:22.770Z","sensitivityRatio":0.9217374018487229,"variable_sens":184.8,"predBGs":{"IOB":[106,104,103,101,100,99,98,97,96,96,95,95,95,94],"ZT":[106,105,105,104,104,104,104,104,105,105]},"reason":"COB: 0, Dev: -5, BGI: -1, ISF: 185, CR: 8.8, Target: 98, minPredBG 99, minGuardBG 94, IOBpredBG 94; minGuardBG 94<95 25m left and 0 ~ req 0U\/hr: no temp required","COB":0,"IOB":0.028,"timestamp":"2024-01-02T23:28:22.797Z"}}