{"algorithm":"OpenAPSSMBDynamicISFPlugin","input":{"glucoseStatus":{"glucose":59,"noise":0,"delta":-1,"short_avgdelta":-1,"long_avgdelta":-0.3,"date":1704218275000},"currenttemp":{"temp":"absolute","duration":110,"rate":0,"minutesrunning":10},"iob_data":[{"iob":0.933,"basaliob":-0.123,"bolussnooze":0.2618,"activity":0.0155,"lastBolusTime":1704214581404,"time":"2024-01-02T17:58:18.869Z","iobWithZeroTemp":{"iob":0.933,"basaliob":-0.123,"bolussnooze":0.2618,"activity":0.0155,"lastBolusTime":1704214581404,"time":"2024-01-02T17:58:18.869Z"}},{"iob":0.858,"basaliob":-0.116,"bolussnooze":0.2153,"activity":0.0146,"lastBolusTime":1704214581404,"time":"2024-01-02T18:03:18.869Z","iobWithZeroTemp":{"iob":0.851,"basaliob":-0.123,"bolussnooze":0.2153,"activity":0.0146,"lastBolusTime":1704214581404,"time":"2024-01-02T18:03:18.869Z"}},{"iob":0.787,"basaliob":-0.11,"bolussnooze":0.176,"activity":0.0136,"lastBolusTime":1704214581404,"time":"2024-01-02T18:08:18.869Z","iobWithZeroTemp":{"iob":0.772,"basaliob":-0.125,"bolussnooze":0.176,"activity":0.0136,"lastBolusTime":1704214581404,"time":"2024-01-02T18:08:18.869Z"}},{"iob":0.722,"basaliob":-0.103,"bolussnooze":0.143,"activity":0.0127,"lastBolusTime":1704214581404,"time":"2024-01-02T18:13:18.869Z","iobWithZeroTemp":{"iob":0.699,"basaliob":-0.126,"bolussnooze":0.143,"activity":0.0126,"lastBolusTime":1704214581404,"time":"2024-01-02T18:13:18.869Z"}},{"iob":0.661,"basaliob":-0.096,"bolussnooze":0.1155,"activity":0.0119,"lastBolusTime":1704214581404,"time":"2024-01-02T18:18:18.869Z","iobWithZeroTemp":{"iob":0.63,"basaliob":-0.127,"bolussnooze":0.1155,"activity":0.0118,"lastBolusTime":1704214581404,"time":"2024-01-02T18:18:18.869Z"}},{"iob":0.603,"basaliob":-0.09,"bolussnooze":0.0927,"activity":0.0111,"lastBolusTime":1704214581404,"time":"2024-01-02T18:23:18.869Z","iobWithZeroTemp":{"iob":0.565,"basaliob":-0.128,"bolussnooze":0.0927,"activity":0.0109,"lastBolusTime":1704214581404,"time":"2024-01-02T18:23:18.869Z"}},{"iob":0.55,"basaliob":-0.084,"bolussnooze":0.074,"activity":0.0103,"lastBolusTime":1704214581404,"time":"2024-01-02T18:28:18.869Z","iobWithZeroTemp":{"iob":0.504,"basaliob":-0.13,"bolussnooze":0.074,"activity":0.0101,"lastBolusTime":1704214581404,"time":"2024-01-02T18:28:18.869Z"}},{"iob":0.501,"basaliob":-0.078,"bolussnooze":0.0586,"activity":0.0094,"lastBolusTime":1704214581404,"time":"2024-01-02T18:33:18.869Z","iobWithZeroTemp":{"iob":0.448,"basaliob":-0.131,"bolussnooze":0.0586,"activity":0.0091,"lastBolusTime":1704214581404,"time":"2024-01-02T18:33:18.869Z"}},{"iob":0.455,"basaliob":-0.072,"bolussnooze":0.0461,"activity":0.0088,"lastBolusTime":1704214581404,"time":"2024-01-02T18:38:18.869Z","iobWithZeroTemp":{"iob":0.396,"basaliob":-0.131,"bolussnooze":0.0461,"activity":0.0084,"lastBolusTime":1704214581404,"time":"2024-01-02T18:38:18.869Z"}},{"iob":0.413,"basaliob":-0.067,"bolussnooze":0.036,"activity":0.008,"lastBolusTime":1704214581404,"time":"2024-01-02T18:43:18.869Z","iobWithZeroTemp":{"iob":0.347,"basaliob":-0.133,"bolussnooze":0.036,"activity":0.0076,"lastBolusTime":1704214581404,"time":"2024-01-02T18:43:18.869Z"}},{"iob":0.374,"basaliob":-0.062,"bolussnooze":0.0279,"activity":0.0074,"lastBolusTime":1704214581404,"time":"2024-01-02T18:48:18.869Z","iobWithZeroTemp":{"iob":0.302,"basaliob":-0.134,"bolussnooze":0.0279,"activity":0.0069,"lastBolusTime":1704214581404,"time":"2024-01-02T18:48:18.869Z"}},{"iob":0.338,"basaliob":-0.057,"bolussnooze":0.0213,"activity":0.0069,"lastBolusTime":1704214581404,"time":"2024-01-02T18:53:18.869Z","iobWithZeroTemp":{"iob":0.261,"basaliob":-0.134,"bolussnooze":0.0213,"activity":0.0063,"lastBolusTime":1704214581404,"time":"2024-01-02T18:53:18.869Z"}},{"iob":0.306,"basaliob":-0.052,"bolussnooze":0.0161,"activity":0.0063,"lastBolusTime":1704214581404,"time":"2024-01-02T18:58:18.869Z","iobWithZeroTemp":{"iob":0.224,"basaliob":-0.134,"bolussnooze":0.0161,"activity":0.0056,"lastBolusTime":1704214581404,"time":"2024-01-02T18:58:18.869Z"}},{"iob":0.276,"basaliob":-0.048,"bolussnooze":0.012,"activity":0.0058,"lastBolusTime":1704214581404,"time":"2024-01-02T19:03:18.869Z","iobWithZeroTemp":{"iob":0.168,"basaliob":-0.156,"bolussnooze":0.012,"activity":0.0051,"lastBolusTime":1704214581404,"time":"2024-01-02T19:03:18.869Z"}},{"iob":0.248,"basaliob":-0.044,"bolussnooze":0.0088,"activity":0.0052,"lastBolusTime":1704214581404,"time":"2024-01-02T19:08:18.869Z","iobWithZeroTemp":{"iob":0.115,"basaliob":-0.177,"bolussnooze":0.0088,"activity":0.0043,"lastBolusTime":1704214581404,"time":"2024-01-02T19:08:18.869Z"}},{"iob":0.223,"basaliob":-0.04,"bolussnooze":0.0063,"activity":0.0048,"lastBolusTime":1704214581404,"time":"2024-01-02T19:13:18.869Z","iobWithZeroTemp":{"iob":0.066,"basaliob":-0.197,"bolussnooze":0.0063,"activity":0.0038,"lastBolusTime":1704214581404,"time":"2024-01-02T19:13:18.869Z"}},{"iob":0.2,"basaliob":-0.037,"bolussnooze":0.0044,"activity":0.0043,"lastBolusTime":1704214581404,"time":"2024-01-02T19:18:18.869Z","iobWithZeroTemp":{"iob":0.02,"basaliob":-0.217,"bolussnooze":0.0044,"activity":0.0031,"lastBolusTime":1704214581404,"time":"2024-01-02T19:18:18.869Z"}},{"iob":0.179,"basaliob":-0.034,"bolussnooze":0.0029,"activity":0.004,"lastBolusTime":1704214581404,"time":"2024-01-02T19:23:18.869Z","iobWithZeroTemp":{"iob":-0.024,"basaliob":-0.237,"bolussnooze":0.0029,"activity":0.0026,"lastBolusTime":1704214581404,"time":"2024-01-02T19:23:18.869Z"}},{"iob":0.16,"basaliob":-0.031,"bolussnooze":0.0019,"activity":0.0036,"lastBolusTime":1704214581404,"time":"2024-01-02T19:28:18.869Z","iobWithZeroTemp":{"iob":-0.064,"basaliob":-0.255,"bolussnooze":0.0019,"activity":0.002,"lastBolusTime":1704214581404,"time":"2024-01-02T19:28:18.869Z"}},{"iob":0.143,"basaliob":-0.028,"bolussnooze":0.0011,"activity":0.0033,"lastBolusTime":1704214581404,"time":"2024-01-02T19:33:18.869Z","iobWithZeroTemp":{"iob":-0.101,"basaliob":-0.272,"bolussnooze":0.0011,"activity":0.0014,"lastBolusTime":1704214581404,"time":"2024-01-02T19:33:18.869Z"}},{"iob":0.128,"basaliob":-0.025,"bolussnooze":6.0E-4,"activity":0.003,"lastBolusTime":1704214581404,"time":"2024-01-02T19:38:18.869Z","iobWithZeroTemp":{"iob":-0.135,"basaliob":-0.288,"bolussnooze":6.0E-4,"activity":9.0E-4,"lastBolusTime":1704214581404,"time":"2024-01-02T19:38:18.869Z"}},{"iob":0.113,"basaliob":-0.023,"bolussnooze":3.0E-4,"activity":0.0026,"lastBolusTime":1704214581404,"time":"2024-01-02T19:43:18.869Z","iobWithZeroTemp":{"iob":-0.169,"basaliob":-0.305,"bolussnooze":3.0E-4,"activity":3.0E-4,"lastBolusTime":1704214581404,"time":"2024-01-02T19:43:18.869Z"}},{"iob":0.1,"basaliob":-0.021,"bolussnooze":1.0E-4,"activity":0.0024,"lastBolusTime":1704214581404,"time":"2024-01-02T19:48:18.869Z","iobWithZeroTemp":{"iob":-0.199,"basaliob":-0.32,"bolussnooze":1.0E-4,"activity":-1.0E-4,"lastBolusTime":1704214581404,"time":"2024-01-02T19:48:18.869Z"}},{"iob":0.089,"basaliob":-0.019,"bolussnooze":0,"activity":0.0022,"lastBolusTime":1704214581404,"time":"2024-01-02T19:53:18.869Z","iobWithZeroTemp":{"iob":-0.226,"basaliob":-0.334,"bolussnooze":0,"activity":-5.0E-4,"lastBolusTime":1704214581404,"time":"2024-01-02T19:53:18.869Z"}},{"iob":0.078,"basaliob":-0.017,"bolussnooze":0,"activity":0.0019,"lastBolusTime":1704214581404,"time":"2024-01-02T19:58:18.869Z","iobWithZeroTemp":{"iob":-0.252,"basaliob":-0.347,"bolussnooze":0,"activity":-0.001,"lastBolusTime":1704214581404,"time":"2024-01-02T19:58:18.869Z"}},{"iob":0.069,"basaliob":-0.015,"bolussnooze":0,"activity":0.0018,"lastBolusTime":1704214581404,"time":"2024-01-02T20:03:18.869Z","iobWithZeroTemp":{"iob":-0.275,"basaliob":-0.359,"bolussnooze":0,"activity":-0.0013,"lastBolusTime":1704214581404,"time":"2024-01-02T20:03:18.869Z"}},{"iob":0.061,"basaliob":-0.014,"bolussnooze":0,"activity":0.0016,"lastBolusTime":1704214581404,"time":"2024-01-02T20:08:18.869Z","iobWithZeroTemp":{"iob":-0.295,"basaliob":-0.37,"bolussnooze":0,"activity":-0.0017,"lastBolusTime":1704214581404,"time":"2024-01-02T20:08:18.869Z"}},{"iob":0.054,"basaliob":-0.012,"bolussnooze":0,"activity":0.0014,"lastBolusTime":1704214581404,"time":"2024-01-02T20:13:18.869Z","iobWithZeroTemp":{"iob":-0.314,"basaliob":-0.38,"bolussnooze":0,"activity":-0.0021,"lastBolusTime":1704214581404,"time":"2024-01-02T20:13:18.869Z"}},{"iob":0.047,"basaliob":-0.011,"bolussnooze":0,"activity":0.0013,"lastBolusTime":1704214581404,"time":"2024-01-02T20:18:18.869Z","iobWithZeroTemp":{"iob":-0.333,"basaliob":-0.391,"bolussnooze":0,"activity":-0.0024,"lastBolusTime":1704214581404,"time":"2024-01-02T20:18:18.869Z"}},{"iob":0.041,"basaliob":-0.01,"bolussnooze":0,"activity":0.0011,"lastBolusTime":1704214581404,"time":"2024-01-02T20:23:18.869Z","iobWithZeroTemp":{"iob":-0.349,"basaliob":-0.4,"bolussnooze":0,"activity":-0.0028,"lastBolusTime":1704214581404,"time":"2024-01-02T20:23:18.869Z"}},{"iob":0.035,"basaliob":-0.009,"bolussnooze":0,"activity":0.001,"lastBolusTime":1704214581404,"time":"2024-01-02T20:28:18.869Z","iobWithZeroTemp":{"iob":-0.364,"basaliob":-0.408,"bolussnooze":0,"activity":-0.003,"lastBolusTime":1704214581404,"time":"2024-01-02T20:28:18.869Z"}},{"iob":0.031,"basaliob":-0.008,"bolussnooze":0,"activity":9.0E-4,"lastBolusTime":1704214581404,"time":"2024-01-02T20:33:18.869Z","iobWithZeroTemp":{"iob":-0.377,"basaliob":-0.416,"bolussnooze":0,"activity":-0.0033,"lastBolusTime":1704214581404,"time":"2024-01-02T20:33:18.869Z"}},{"iob":0.027,"basaliob":-0.007,"bolussnooze":0,"activity":8.0E-4,"lastBolusTime":1704214581404,"time":"2024-01-02T20:38:18.869Z","iobWithZeroTemp":{"iob":-0.389,"basaliob":-0.423,"bolussnooze":0,"activity":-0.0035,"lastBolusTime":1704214581404,"time":"2024-01-02T20:38:18.869Z"}},{"iob":0.023,"basaliob":-0.006,"bolussnooze":0,"activity":7.0E-4,"lastBolusTime":1704214581404,"time":"2024-01-02T20:43:18.869Z","iobWithZeroTemp":{"iob":-0.4,"basaliob":-0.429,"bolussnooze":0,"activity":-0.0037,"lastBolusTime":1704214581404,"time":"2024-01-02T20:43:18.869Z"}},{"iob":0.02,"basaliob":-0.005,"bolussnooze":0,"activity":6.0E-4,"lastBolusTime":1704214581404,"time":"2024-01-02T20:48:18.869Z","iobWithZeroTemp":{"iob":-0.41,"basaliob":-0.435,"bolussnooze":0,"activity":-0.004,"lastBolusTime":1704214581404,"time":"2024-01-02T20:48:18.869Z"}},{"iob":0.017,"basaliob":-0.005,"bolussnooze":0,"activity":6.0E-4,"lastBolusTime":1704214581404,"time":"2024-01-02T20:53:18.869Z","iobWithZeroTemp":{"iob":-0.419,"basaliob":-0.441,"bolussnooze":0,"activity":-0.0041,"lastBolusTime":1704214581404,"time":"2024-01-02T20:53:18.869Z"}},{"iob":0.015,"basaliob":-0.004,"bolussnooze":0,"activity":5.0E-4,"lastBolusTime":1704214581404,"time":"2024-01-02T20:58:18.869Z","iobWithZeroTemp":{"iob":-0.427,"basaliob":-0.446,"bolussnooze":0,"activity":-0.0043,"lastBolusTime":1704214581404,"time":"2024-01-02T20:58:18.869Z"}},{"iob":0.012,"basaliob":-0.004,"bolussnooze":0,"activity":4.0E-4,"lastBolusTime":1704214581404,"time":"2024-01-02T21:03:18.869Z","iobWithZeroTemp":{"iob":-0.431,"basaliob":-0.447,"bolussnooze":0,"activity":-0.0045,"lastBolusTime":1704214581404,"time":"2024-01-02T21:03:18.869Z"}},{"iob":0.01,"basaliob":-0.003,"bolussnooze":0,"activity":3.0E-4,"lastBolusTime":1704214581404,"time":"2024-01-02T21:08:18.869Z","iobWithZeroTemp":{"iob":-0.433,"basaliob":-0.446,"bolussnooze":0,"activity":-0.0046,"lastBolusTime":1704214581404,"time":"2024-01-02T21:08:18.869Z"}},{"iob":0.008,"basaliob":-0.003,"bolussnooze":0,"activity":3.0E-4,"lastBolusTime":1704214581404,"time":"2024-01-02T21:13:18.869Z","iobWithZeroTemp":{"iob":-0.435,"basaliob":-0.446,"bolussnooze":0,"activity":-0.0047,"lastBolusTime":1704214581404,"time":"2024-01-02T21:13:18.869Z"}},{"iob":0.007,"basaliob":-0.003,"bolussnooze":0,"activity":2.0E-4,"lastBolusTime":1704214581404,"time":"2024-01-02T21:18:18.869Z","iobWithZeroTemp":{"iob":-0.436,"basaliob":-0.446,"bolussnooze":0,"activity":-0.0048,"lastBolusTime":1704214581404,"time":"2024-01-02T21:18:18.869Z"}},{"iob":0.006,"basaliob":-0.002,"bolussnooze":0,"activity":2.0E-4,"lastBolusTime":1704214581404,"time":"2024-01-02T21:23:18.869Z","iobWithZeroTemp":{"iob":-0.437,"basaliob":-0.445,"bolussnooze":0,"activity":-0.0049,"lastBolusTime":1704214581404,"time":"2024-01-02T21:23:18.869Z"}},{"iob":0.005,"basaliob":-0.002,"bolussnooze":0,"activity":1.0E-4,"lastBolusTime":1704214581404,"time":"2024-01-02T21:28:18.869Z","iobWithZeroTemp":{"iob":-0.437,"basaliob":-0.444,"bolussnooze":0,"activity":-0.005,"lastBolusTime":1704214581404,"time":"2024-01-02T21:28:18.869Z"}},{"iob":0.004,"basaliob":-0.002,"bolussnooze":0,"activity":2.0E-4,"lastBolusTime":1704214581404,"time":"2024-01-02T21:33:18.869Z","iobWithZeroTemp":{"iob":-0.438,"basaliob":-0.444,"bolussnooze":0,"activity":-0.0049,"lastBolusTime":1704214581404,"time":"2024-01-02T21:33:18.869Z"}},{"iob":0.004,"basaliob":-0.001,"bolussnooze":0,"activity":2.0E-4,"lastBolusTime":1704214581404,"time":"2024-01-02T21:38:18.869Z","iobWithZeroTemp":{"iob":-0.437,"basaliob":-0.442,"bolussnooze":0,"activity":-0.005,"lastBolusTime":1704214581404,"time":"2024-01-02T21:38:18.869Z"}},{"iob":0.003,"basaliob":-0.001,"bolussnooze":0,"activity":2.0E-4,"lastBolusTime":1704214581404,"time":"2024-01-02T21:43:18.869Z","iobWithZeroTemp":{"iob":-0.437,"basaliob":-0.441,"bolussnooze":0,"activity":-0.005,"lastBolusTime":1704214581404,"time":"2024-01-02T21:43:18.869Z"}},{"iob":0.002,"basaliob":-0.001,"bolussnooze":0,"activity":1.0E-4,"lastBolusTime":1704214581404,"time":"2024-01-02T21:48:18.869Z","iobWithZeroTemp":{"iob":-0.437,"basaliob":-0.44,"bolussnooze":0,"activity":-0.0051,"lastBolusTime":1704214581404,"time":"2024-01-02T21:48:18.869Z"}},{"iob":0.002,"basaliob":-0.001,"bolussnooze":0,"activity":1.0E-4,"lastBolusTime":1704214581404,"time":"2024-01-02T21:53:18.869Z","iobWithZeroTemp":{"iob":-0.436,"basaliob":-0.439,"bolussnooze":0,"activity":-0.0051,"lastBolusTime":1704214581404,"time":"2024-01-02T21:53:18.869Z"}}],"profile":{"max_iob":10,"type":"current","max_daily_basal":0.35,"max_basal":0.4,"min_bg":130,"max_bg":130,"target_bg":130,"carb_ratio":8.8,"sens":120,"max_daily_safety_multiplier":3,"current_basal_safety_multiplier":4,"lgsThreshold":95,"high_temptarget_raises_sensitivity":true,"low_temptarget_lowers_sensitivity":true,"sensitivity_raises_target":true,"resistance_lowers_target":true,"adv_target_adjustments":false,"exercise_mode":false,"half_basal_exercise_target":160,"maxCOB":120,"skip_neutral_temps":false,"remainingCarbsCap":90,"enableUAM":true,"A52_risk_enable":false,"SMBInterval":6,"enableSMB_with_COB":true,"enableSMB_with_temptarget":true,"allowSMB_with_high_temptarget":false,"enableSMB_always":false,"enableSMB_after_carbs":true,"maxSMBBasalMinutes":45,"maxUAMSMBBasalMinutes":40,"bolus_increment":0.05,"carbsReqThreshold":2,"current_basal":0.1,"temptargetSet":true,"autosens_max":1.3,"autosens_min":0.7,"variable_sens":250,"insulinDivisor":75,"TDD":12.408677714285716},"autosens_data":{"ratio":0.8990827599652926},"meal_data":{"carbs":18,"mealCOB":10.980533333333327,"slopeFromMaxDeviation":-1.206499999999999,"slopeFromMinDeviation":0.5452222222222224,"lastBolusTime":1704214581404,"lastCarbTime":1704214575755},"microBolusAllowed":true,"currentTime":1704218300841,"flatBGsDetected":false,"tdd1D":10.2375,"tdd7D":15.997785714285714,"tddLast24H":14.38333333333333,"tddLast4H":3.754166666666667,"tddLast8to4H":2.5083333333333333},"output":{"temp":"absolute","bg":59,"tick":-1,"eventualBG":119,"targetBG":130,"insulinReq":0,"deliverAt":"2024-01-02T17:58:20.841Z","sensitivityRatio":0.67,"variable_sens":250,"predBGs":{"IOB":[59,56,53,48,42,39,39,39,39,39,39,39,39],"ZT":[59,40,39,39,39,39,39,39,39,39,39,39,39,39,39,39,39,39,39,39,39,39,39,39,39,39,39,39,39,39,39,39,39,39,39,39,39,39,39,39,39,39,39,39,39,39,39,39],"COB":[59,57,57,56,57,58,59,61,63,65,68,71,75,78,82,86,89,93,97,100,104,107,110,113,116,118,120,122,123,124,125,126,125,125,124,123,123,122,121,121,121,120,120,120,120,120,119],"UAM":[59,57,54,51,46,41,39,39,39,39,39,39,39]},"reason":"COB: 11, Dev: 110, BGI: -19, ISF: 250, CR: 8.8, Target: 130, minPredBG 26, minGuardBG -13, IOBpredBG 39, COBpredBG 119, UAMpredBG 39; 3 add'l carbs req w\/in 0m; minGuardBG -13<95","COB":10.980533333333327,"IOB":0.933,"carbsReq":3,"carbsReqWithin":0,"duration":120,"rate":0,"timestamp":"2024-01-02T17:58:20.872Z"}}