{"algorithm":"OpenAPSSMBDynamicISFPlugin","input":{"glucoseStatus":{"glucose":99,"noise":0,"delta":4.22,"short_avgdelta":4.22,"long_avgdelta":5.25,"date":1704193974000},"currenttemp":{"temp":"absolute","duration":117,"rate":0,"minutesrunning":3},"iob_data":[{"iob":1.22,"basaliob":-0.318,"bolussnooze":1.4733,"activity":3.0E-4,"lastBolusTime":1704193732866,"time":"2024-01-02T11:13:19.909Z","iobWithZeroTemp":{"iob":1.22,"basaliob":-0.318,"bolussnooze":1.4733,"activity":3.0E-4,"lastBolusTime":1704193732866,"time":"2024-01-02T11:13:19.909Z"}},{"iob":1.211,"basaliob":-0.299,"bolussnooze":1.3955,"activity":0.003,"lastBolusTime":1704193732866,"time":"2024-01-02T11:18:19.909Z","iobWithZeroTemp":{"iob":1.194,"basaliob":-0.316,"bolussnooze":1.3955,"activity":0.003,"lastBolusTime":1704193732866,"time":"2024-01-02T11:18:19.909Z"}},{"iob":1.191,"basaliob":-0.279,"bolussnooze":1.2876,"activity":0.0052,"lastBolusTime":1704193732866,"time":"2024-01-02T11:23:19.909Z","iobWithZeroTemp":{"iob":1.154,"basaliob":-0.316,"bolussnooze":1.2876,"activity":0.0051,"lastBolusTime":1704193732866,"time":"2024-01-02T11:23:19.909Z"}},{"iob":1.16,"basaliob":-0.26,"bolussnooze":1.1646,"activity":0.0069,"lastBolusTime":1704193732866,"time":"2024-01-02T11:28:19.909Z","iobWithZeroTemp":{"iob":1.102,"basaliob":-0.318,"bolussnooze":1.1646,"activity":0.0067,"lastBolusTime":1704193732866,"time":"2024-01-02T11:28:19.909Z"}},{"iob":1.122,"basaliob":-0.242,"bolussnooze":1.0368,"activity":0.0081,"lastBolusTime":1704193732866,"time":"2024-01-02T11:33:19.909Z","iobWithZeroTemp":{"iob":1.045,"basaliob":-0.319,"bolussnooze":1.0368,"activity":0.0078,"lastBolusTime":1704193732866,"time":"2024-01-02T11:33:19.909Z"}},{"iob":1.08,"basaliob":-0.224,"bolussnooze":0.9111,"activity":0.0091,"lastBolusTime":1704193732866,"time":"2024-01-02T11:38:19.909Z","iobWithZeroTemp":{"iob":0.984,"basaliob":-0.32,"bolussnooze":0.9111,"activity":0.0087,"lastBolusTime":1704193732866,"time":"2024-01-02T11:38:19.909Z"}},{"iob":1.032,"basaliob":-0.208,"bolussnooze":0.7918,"activity":0.0097,"lastBolusTime":1704193732866,"time":"2024-01-02T11:43:19.909Z","iobWithZeroTemp":{"iob":0.918,"basaliob":-0.322,"bolussnooze":0.7918,"activity":0.0091,"lastBolusTime":1704193732866,"time":"2024-01-02T11:43:19.909Z"}},{"iob":0.982,"basaliob":-0.192,"bolussnooze":0.6817,"activity":0.0101,"lastBolusTime":1704193732866,"time":"2024-01-02T11:48:19.909Z","iobWithZeroTemp":{"iob":0.85,"basaliob":-0.324,"bolussnooze":0.6817,"activity":0.0093,"lastBolusTime":1704193732866,"time":"2024-01-02T11:48:19.909Z"}},{"iob":0.931,"basaliob":-0.177,"bolussnooze":0.5819,"activity":0.0104,"lastBolusTime":1704193732866,"time":"2024-01-02T11:53:19.909Z","iobWithZeroTemp":{"iob":0.782,"basaliob":-0.326,"bolussnooze":0.5819,"activity":0.0095,"lastBolusTime":1704193732866,"time":"2024-01-02T11:53:19.909Z"}},{"iob":0.88,"basaliob":-0.162,"bolussnooze":0.4929,"activity":0.0105,"lastBolusTime":1704193732866,"time":"2024-01-02T11:58:19.909Z","iobWithZeroTemp":{"iob":0.716,"basaliob":-0.326,"bolussnooze":0.4929,"activity":0.0094,"lastBolusTime":1704193732866,"time":"2024-01-02T11:58:19.909Z"}},{"iob":0.828,"basaliob":-0.149,"bolussnooze":0.4145,"activity":0.0103,"lastBolusTime":1704193732866,"time":"2024-01-02T12:03:19.909Z","iobWithZeroTemp":{"iob":0.649,"basaliob":-0.328,"bolussnooze":0.4145,"activity":0.009,"lastBolusTime":1704193732866,"time":"2024-01-02T12:03:19.909Z"}},{"iob":0.776,"basaliob":-0.137,"bolussnooze":0.3463,"activity":0.0102,"lastBolusTime":1704193732866,"time":"2024-01-02T12:08:19.909Z","iobWithZeroTemp":{"iob":0.583,"basaliob":-0.33,"bolussnooze":0.3463,"activity":0.0087,"lastBolusTime":1704193732866,"time":"2024-01-02T12:08:19.909Z"}},{"iob":0.726,"basaliob":-0.125,"bolussnooze":0.2874,"activity":0.01,"lastBolusTime":1704193732866,"time":"2024-01-02T12:13:19.909Z","iobWithZeroTemp":{"iob":0.52,"basaliob":-0.331,"bolussnooze":0.2874,"activity":0.0084,"lastBolusTime":1704193732866,"time":"2024-01-02T12:13:19.909Z"}},{"iob":0.677,"basaliob":-0.114,"bolussnooze":0.2371,"activity":0.0096,"lastBolusTime":1704193732866,"time":"2024-01-02T12:18:19.909Z","iobWithZeroTemp":{"iob":0.459,"basaliob":-0.332,"bolussnooze":0.2371,"activity":0.0078,"lastBolusTime":1704193732866,"time":"2024-01-02T12:18:19.909Z"}},{"iob":0.63,"basaliob":-0.104,"bolussnooze":0.1943,"activity":0.0093,"lastBolusTime":1704193732866,"time":"2024-01-02T12:23:19.909Z","iobWithZeroTemp":{"iob":0.4,"basaliob":-0.334,"bolussnooze":0.1943,"activity":0.0073,"lastBolusTime":1704193732866,"time":"2024-01-02T12:23:19.909Z"}},{"iob":0.585,"basaliob":-0.095,"bolussnooze":0.1582,"activity":0.0088,"lastBolusTime":1704193732866,"time":"2024-01-02T12:28:19.909Z","iobWithZeroTemp":{"iob":0.345,"basaliob":-0.335,"bolussnooze":0.1582,"activity":0.0067,"lastBolusTime":1704193732866,"time":"2024-01-02T12:28:19.909Z"}},{"iob":0.542,"basaliob":-0.086,"bolussnooze":0.128,"activity":0.0084,"lastBolusTime":1704193732866,"time":"2024-01-02T12:33:19.909Z","iobWithZeroTemp":{"iob":0.292,"basaliob":-0.336,"bolussnooze":0.128,"activity":0.0061,"lastBolusTime":1704193732866,"time":"2024-01-02T12:33:19.909Z"}},{"iob":0.501,"basaliob":-0.078,"bolussnooze":0.1029,"activity":0.008,"lastBolusTime":1704193732866,"time":"2024-01-02T12:38:19.909Z","iobWithZeroTemp":{"iob":0.242,"basaliob":-0.337,"bolussnooze":0.1029,"activity":0.0056,"lastBolusTime":1704193732866,"time":"2024-01-02T12:38:19.909Z"}},{"iob":0.462,"basaliob":-0.071,"bolussnooze":0.0821,"activity":0.0075,"lastBolusTime":1704193732866,"time":"2024-01-02T12:43:19.909Z","iobWithZeroTemp":{"iob":0.194,"basaliob":-0.339,"bolussnooze":0.0821,"activity":0.0049,"lastBolusTime":1704193732866,"time":"2024-01-02T12:43:19.909Z"}},{"iob":0.426,"basaliob":-0.064,"bolussnooze":0.065,"activity":0.0071,"lastBolusTime":1704193732866,"time":"2024-01-02T12:48:19.909Z","iobWithZeroTemp":{"iob":0.151,"basaliob":-0.339,"bolussnooze":0.065,"activity":0.0044,"lastBolusTime":1704193732866,"time":"2024-01-02T12:48:19.909Z"}},{"iob":0.391,"basaliob":-0.058,"bolussnooze":0.051,"activity":0.0066,"lastBolusTime":1704193732866,"time":"2024-01-02T12:53:19.909Z","iobWithZeroTemp":{"iob":0.109,"basaliob":-0.34,"bolussnooze":0.051,"activity":0.0038,"lastBolusTime":1704193732866,"time":"2024-01-02T12:53:19.909Z"}},{"iob":0.359,"basaliob":-0.052,"bolussnooze":0.0397,"activity":0.0062,"lastBolusTime":1704193732866,"time":"2024-01-02T12:58:19.909Z","iobWithZeroTemp":{"iob":0.07,"basaliob":-0.341,"bolussnooze":0.0397,"activity":0.0033,"lastBolusTime":1704193732866,"time":"2024-01-02T12:58:19.909Z"}},{"iob":0.329,"basaliob":-0.047,"bolussnooze":0.0305,"activity":0.0058,"lastBolusTime":1704193732866,"time":"2024-01-02T13:03:19.909Z","iobWithZeroTemp":{"iob":0.026,"basaliob":-0.35,"bolussnooze":0.0305,"activity":0.0028,"lastBolusTime":1704193732866,"time":"2024-01-02T13:03:19.909Z"}},{"iob":0.301,"basaliob":-0.042,"bolussnooze":0.0232,"activity":0.0054,"lastBolusTime":1704193732866,"time":"2024-01-02T13:08:19.909Z","iobWithZeroTemp":{"iob":-0.016,"basaliob":-0.359,"bolussnooze":0.0232,"activity":0.0022,"lastBolusTime":1704193732866,"time":"2024-01-02T13:08:19.909Z"}},{"iob":0.275,"basaliob":-0.038,"bolussnooze":0.0174,"activity":0.0051,"lastBolusTime":1704193732866,"time":"2024-01-02T13:13:19.909Z","iobWithZeroTemp":{"iob":-0.055,"basaliob":-0.368,"bolussnooze":0.0174,"activity":0.0018,"lastBolusTime":1704193732866,"time":"2024-01-02T13:13:19.909Z"}},{"iob":0.251,"basaliob":-0.034,"bolussnooze":0.0129,"activity":0.0046,"lastBolusTime":1704193732866,"time":"2024-01-02T13:18:19.909Z","iobWithZeroTemp":{"iob":-0.091,"basaliob":-0.376,"bolussnooze":0.0129,"activity":0.0012,"lastBolusTime":1704193732866,"time":"2024-01-02T13:18:19.909Z"}},{"iob":0.228,"basaliob":-0.03,"bolussnooze":0.0093,"activity":0.0043,"lastBolusTime":1704193732866,"time":"2024-01-02T13:23:19.909Z","iobWithZeroTemp":{"iob":-0.126,"basaliob":-0.384,"bolussnooze":0.0093,"activity":7.0E-4,"lastBolusTime":1704193732866,"time":"2024-01-02T13:23:19.909Z"}},{"iob":0.208,"basaliob":-0.027,"bolussnooze":0.0066,"activity":0.004,"lastBolusTime":1704193732866,"time":"2024-01-02T13:28:19.909Z","iobWithZeroTemp":{"iob":-0.157,"basaliob":-0.392,"bolussnooze":0.0066,"activity":3.0E-4,"lastBolusTime":1704193732866,"time":"2024-01-02T13:28:19.909Z"}},{"iob":0.188,"basaliob":-0.024,"bolussnooze":0.0045,"activity":0.0036,"lastBolusTime":1704193732866,"time":"2024-01-02T13:33:19.909Z","iobWithZeroTemp":{"iob":-0.187,"basaliob":-0.399,"bolussnooze":0.0045,"activity":-2.0E-4,"lastBolusTime":1704193732866,"time":"2024-01-02T13:33:19.909Z"}},{"iob":0.171,"basaliob":-0.021,"bolussnooze":0.003,"activity":0.0034,"lastBolusTime":1704193732866,"time":"2024-01-02T13:38:19.909Z","iobWithZeroTemp":{"iob":-0.214,"basaliob":-0.406,"bolussnooze":0.003,"activity":-6.0E-4,"lastBolusTime":1704193732866,"time":"2024-01-02T13:38:19.909Z"}},{"iob":0.155,"basaliob":-0.019,"bolussnooze":0.0019,"activity":0.0031,"lastBolusTime":1704193732866,"time":"2024-01-02T13:43:19.909Z","iobWithZeroTemp":{"iob":-0.239,"basaliob":-0.413,"bolussnooze":0.0019,"activity":-0.001,"lastBolusTime":1704193732866,"time":"2024-01-02T13:43:19.909Z"}},{"iob":0.139,"basaliob":-0.017,"bolussnooze":0.0011,"activity":0.0029,"lastBolusTime":1704193732866,"time":"2024-01-02T13:48:19.909Z","iobWithZeroTemp":{"iob":-0.264,"basaliob":-0.42,"bolussnooze":0.0011,"activity":-0.0013,"lastBolusTime":1704193732866,"time":"2024-01-02T13:48:19.909Z"}},{"iob":0.126,"basaliob":-0.015,"bolussnooze":5.0E-4,"activity":0.0026,"lastBolusTime":1704193732866,"time":"2024-01-02T13:53:19.909Z","iobWithZeroTemp":{"iob":-0.284,"basaliob":-0.425,"bolussnooze":5.0E-4,"activity":-0.0017,"lastBolusTime":1704193732866,"time":"2024-01-02T13:53:19.909Z"}},{"iob":0.114,"basaliob":-0.013,"bolussnooze":2.0E-4,"activity":0.0024,"lastBolusTime":1704193732866,"time":"2024-01-02T13:58:19.909Z","iobWithZeroTemp":{"iob":-0.304,"basaliob":-0.431,"bolussnooze":2.0E-4,"activity":-0.002,"lastBolusTime":1704193732866,"time":"2024-01-02T13:58:19.909Z"}},{"iob":0.101,"basaliob":-0.012,"bolussnooze":1.0E-4,"activity":0.0022,"lastBolusTime":1704193732866,"time":"2024-01-02T14:03:19.909Z","iobWithZeroTemp":{"iob":-0.303,"basaliob":-0.416,"bolussnooze":1.0E-4,"activity":-0.0023,"lastBolusTime":1704193732866,"time":"2024-01-02T14:03:19.909Z"}},{"iob":0.092,"basaliob":-0.01,"bolussnooze":0,"activity":0.002,"lastBolusTime":1704193732866,"time":"2024-01-02T14:08:19.909Z","iobWithZeroTemp":{"iob":-0.297,"basaliob":-0.399,"bolussnooze":0,"activity":-0.0026,"lastBolusTime":1704193732866,"time":"2024-01-02T14:08:19.909Z"}},{"iob":0.082,"basaliob":-0.009,"bolussnooze":0,"activity":0.0019,"lastBolusTime":1704193732866,"time":"2024-01-02T14:13:19.909Z","iobWithZeroTemp":{"iob":-0.293,"basaliob":-0.384,"bolussnooze":0,"activity":-0.0027,"lastBolusTime":1704193732866,"time":"2024-01-02T14:13:19.909Z"}},{"iob":0.073,"basaliob":-0.008,"bolussnooze":0,"activity":0.0017,"lastBolusTime":1704193732866,"time":"2024-01-02T14:18:19.909Z","iobWithZeroTemp":{"iob":-0.288,"basaliob":-0.369,"bolussnooze":0,"activity":-0.0028,"lastBolusTime":1704193732866,"time":"2024-01-02T14:18:19.909Z"}},{"iob":0.065,"basaliob":-0.007,"bolussnooze":0,"activity":0.0015,"lastBolusTime":1704193732866,"time":"2024-01-02T14:23:19.909Z","iobWithZeroTemp":{"iob":-0.282,"basaliob":-0.354,"bolussnooze":0,"activity":-0.003,"lastBolusTime":1704193732866,"time":"2024-01-02T14:23:19.909Z"}},{"iob":0.058,"basaliob":-0.006,"bolussnooze":0,"activity":0.0013,"lastBolusTime":1704193732866,"time":"2024-01-02T14:28:19.909Z","iobWithZeroTemp":{"iob":-0.275,"basaliob":-0.339,"bolussnooze":0,"activity":-0.0031,"lastBolusTime":1704193732866,"time":"2024-01-02T14:28:19.909Z"}},{"iob":0.052,"basaliob":-0.005,"bolussnooze":0,"activity":0.0013,"lastBolusTime":1704193732866,"time":"2024-01-02T14:33:19.909Z","iobWithZeroTemp":{"iob":-0.268,"basaliob":-0.325,"bolussnooze":0,"activity":-0.003,"lastBolusTime":1704193732866,"time":"2024-01-02T14:33:19.909Z"}},{"iob":0.046,"basaliob":-0.004,"bolussnooze":0,"activity":0.0011,"lastBolusTime":1704193732866,"time":"2024-01-02T14:38:19.909Z","iobWithZeroTemp":{"iob":-0.261,"basaliob":-0.311,"bolussnooze":0,"activity":-0.0031,"lastBolusTime":1704193732866,"time":"2024-01-02T14:38:19.909Z"}},{"iob":0.04,"basaliob":-0.004,"bolussnooze":0,"activity":0.001,"lastBolusTime":1704193732866,"time":"2024-01-02T14:43:19.909Z","iobWithZeroTemp":{"iob":-0.255,"basaliob":-0.299,"bolussnooze":0,"activity":-0.0031,"lastBolusTime":1704193732866,"time":"2024-01-02T14:43:19.909Z"}},{"iob":0.036,"basaliob":-0.003,"bolussnooze":0,"activity":9.0E-4,"lastBolusTime":1704193732866,"time":"2024-01-02T14:48:19.909Z","iobWithZeroTemp":{"iob":-0.247,"basaliob":-0.286,"bolussnooze":0,"activity":-0.003,"lastBolusTime":1704193732866,"time":"2024-01-02T14:48:19.909Z"}},{"iob":0.031,"basaliob":-0.003,"bolussnooze":0,"activity":8.0E-4,"lastBolusTime":1704193732866,"time":"2024-01-02T14:53:19.909Z","iobWithZeroTemp":{"iob":-0.241,"basaliob":-0.275,"bolussnooze":0,"activity":-0.003,"lastBolusTime":1704193732866,"time":"2024-01-02T14:53:19.909Z"}},{"iob":0.028,"basaliob":-0.002,"bolussnooze":0,"activity":7.0E-4,"lastBolusTime":1704193732866,"time":"2024-01-02T14:58:19.909Z","iobWithZeroTemp":{"iob":-0.234,"basaliob":-0.264,"bolussnooze":0,"activity":-0.003,"lastBolusTime":1704193732866,"time":"2024-01-02T14:58:19.909Z"}},{"iob":0.024,"basaliob":-0.002,"bolussnooze":0,"activity":6.0E-4,"lastBolusTime":1704193732866,"time":"2024-01-02T15:03:19.909Z","iobWithZeroTemp":{"iob":-0.228,"basaliob":-0.254,"bolussnooze":0,"activity":-0.003,"lastBolusTime":1704193732866,"time":"2024-01-02T15:03:19.909Z"}},{"iob":0.021,"basaliob":-0.002,"bolussnooze":0,"activity":5.0E-4,"lastBolusTime":1704193732866,"time":"2024-01-02T15:08:19.909Z","iobWithZeroTemp":{"iob":-0.222,"basaliob":-0.245,"bolussnooze":0,"activity":-0.003,"lastBolusTime":1704193732866,"time":"2024-01-02T15:08:19.909Z"}}],"profile":{"max_iob":10,"type":"current","max_daily_basal":0.35,"max_basal":1,"min_bg":90,"max_bg":90,"target_bg":90,"carb_ratio":8.8,"sens":120,"max_daily_safety_multiplier":3,"current_basal_safety_multiplier":4,"lgsThreshold":95,"high_temptarget_raises_sensitivity":true,"low_temptarget_lowers_sensitivity":true,"sensitivity_raises_target":true,"resistance_lowers_target":true,"adv_target_adjustments":false,"exercise_mode":false,"half_basal_exercise_target":160,"maxCOB":120,"skip_neutral_temps":false,"remainingCarbsCap":90,"enableUAM":true,"A52_risk_enable":false,"SMBInterval":6,"enableSMB_with_COB":true,"enableSMB_with_temptarget":true,"allowSMB_with_high_temptarget":false,"enableSMB_always":false,"enableSMB_after_carbs":true,"maxSMBBasalMinutes":45,"maxUAMSMBBasalMinutes":40,"bolus_increment":0.05,"carbsReqThreshold":2,"current_basal":0.25,"temptargetSet":false,"autosens_max":1.3,"autosens_min":0.7,"variable_sens":180.1,"insulinDivisor":75,"TDD":11.876057714285714},"autosens_data":{"ratio":0.7636473500052834},"meal_data":{"carbs":25,"mealCOB":10,"slopeFromMaxDeviation":-0.18999999999999992,"slopeFromMinDeviation":1.356666666666667,"lastBolusTime":1704193732866,"lastCarbTime":1704193730225},"microBolusAllowed":true,"currentTime":1704194001605,"flatBGsDetected":false,"tdd1D":10.2375,"tdd7D":15.997785714285714,"tddLast24H":12.216666666666665,"tddLast4H":3.8291666666666666,"tddLast8to4H":1.2125000000000006},"output":{"temp":"absolute","bg":99,"tick":"+4","eventualBG":85,"targetBG":99,"insulinReq":0,"deliverAt":"2024-01-02T11:13:21.605Z","sensitivityRatio":0.7636473500052834,"variable_sens":180.1,"predBGs":{"IOB":[99,103,104,103,100,95,89,81,73,62,50,39,39],"ZT":[99,99,96,91,85,77,68,57,45,39,39,39,39,39,39,39,39,39,39,39,39,39,39,39,39,39,39,39,39,39,39,39,39,39,39,39,39,39,39,39,39,39,39,39,39,39,39,39],"COB":[99,103,105,105,104,101,98,94,90,86,82,77,74,70,67,64,61,59,58,57,56,56,56,57,58,60,61,63,64,66,68,70,71,73,74,76,77,79,80,81,82,83,84,84,85],"UAM":[99,103,104,102,99,94,87,79,69,58,44,39,39]},"reason":"COB: 10, Dev: 27, BGI: 0, ISF: 180, CR: 8.8, Target: 99, minPredBG -120, minGuardBG -132, IOBpredBG 39, COBpredBG 85, UAMpredBG 39; 6 add'l carbs req w\/in 35m; minGuardBG -132<95 117m left and 0 ~ req 0U\/hr: no temp required","COB":10,"IOB":1.22,"carbsReq":6,"carbsReqWithin":35,"timestamp":"2024-01-02T11:13:21.634Z"}}