{"algorithm":"OpenAPSSMBDynamicISFPlugin","input":{"glucoseStatus":{"glucose":79,"noise":0,"delta":-7.28,"short_avgdelta":-7.28,"long_avgdelta":-6.03,"date":1704215574000},"currenttemp":{"temp":"absolute","duration":95,"rate":0,"minutesrunning":25},"iob_data":[{"iob":1.846,"basaliob":-0.098,"bolussnooze":1.0917,"activity":0.0201,"lastBolusTime":1704214581404,"time":"2024-01-02T17:13:30.971Z","iobWithZeroTemp":{"iob":1.846,"basaliob":-0.098,"bolussnooze":1.0917,"activity":0.0201,"lastBolusTime":1704214581404,"time":"2024-01-02T17:13:30.971Z"}},{"iob":1.745,"basaliob":-0.093,"bolussnooze":0.9665,"activity":0.0203,"lastBolusTime":1704214581404,"time":"2024-01-02T17:18:30.971Z","iobWithZeroTemp":{"iob":1.738,"basaliob":-0.1,"bolussnooze":0.9665,"activity":0.0203,"lastBolusTime":1704214581404,"time":"2024-01-02T17:18:30.971Z"}},{"iob":1.644,"basaliob":-0.088,"bolussnooze":0.8452,"activity":0.0203,"lastBolusTime":1704214581404,"time":"2024-01-02T17:23:30.971Z","iobWithZeroTemp":{"iob":1.629,"basaliob":-0.103,"bolussnooze":0.8452,"activity":0.0203,"lastBolusTime":1704214581404,"time":"2024-01-02T17:23:30.971Z"}},{"iob":1.543,"basaliob":-0.083,"bolussnooze":0.7314,"activity":0.02,"lastBolusTime":1704214581404,"time":"2024-01-02T17:28:30.971Z","iobWithZeroTemp":{"iob":1.52,"basaliob":-0.106,"bolussnooze":0.7314,"activity":0.0199,"lastBolusTime":1704214581404,"time":"2024-01-02T17:28:30.971Z"}},{"iob":1.444,"basaliob":-0.078,"bolussnooze":0.6271,"activity":0.0196,"lastBolusTime":1704214581404,"time":"2024-01-02T17:33:30.971Z","iobWithZeroTemp":{"iob":1.413,"basaliob":-0.109,"bolussnooze":0.6271,"activity":0.0195,"lastBolusTime":1704214581404,"time":"2024-01-02T17:33:30.971Z"}},{"iob":1.347,"basaliob":-0.074,"bolussnooze":0.5332,"activity":0.019,"lastBolusTime":1704214581404,"time":"2024-01-02T17:38:30.971Z","iobWithZeroTemp":{"iob":1.309,"basaliob":-0.112,"bolussnooze":0.5332,"activity":0.0188,"lastBolusTime":1704214581404,"time":"2024-01-02T17:38:30.971Z"}},{"iob":1.254,"basaliob":-0.069,"bolussnooze":0.45,"activity":0.0183,"lastBolusTime":1704214581404,"time":"2024-01-02T17:43:30.971Z","iobWithZeroTemp":{"iob":1.208,"basaliob":-0.115,"bolussnooze":0.45,"activity":0.0181,"lastBolusTime":1704214581404,"time":"2024-01-02T17:43:30.971Z"}},{"iob":1.164,"basaliob":-0.064,"bolussnooze":0.3771,"activity":0.0176,"lastBolusTime":1704214581404,"time":"2024-01-02T17:48:30.971Z","iobWithZeroTemp":{"iob":1.111,"basaliob":-0.117,"bolussnooze":0.3771,"activity":0.0173,"lastBolusTime":1704214581404,"time":"2024-01-02T17:48:30.971Z"}},{"iob":1.078,"basaliob":-0.06,"bolussnooze":0.3139,"activity":0.0167,"lastBolusTime":1704214581404,"time":"2024-01-02T17:53:30.971Z","iobWithZeroTemp":{"iob":1.019,"basaliob":-0.119,"bolussnooze":0.3139,"activity":0.0163,"lastBolusTime":1704214581404,"time":"2024-01-02T17:53:30.971Z"}},{"iob":0.998,"basaliob":-0.055,"bolussnooze":0.2597,"activity":0.0159,"lastBolusTime":1704214581404,"time":"2024-01-02T17:58:30.971Z","iobWithZeroTemp":{"iob":0.932,"basaliob":-0.121,"bolussnooze":0.2597,"activity":0.0155,"lastBolusTime":1704214581404,"time":"2024-01-02T17:58:30.971Z"}},{"iob":0.92,"basaliob":-0.051,"bolussnooze":0.2136,"activity":0.015,"lastBolusTime":1704214581404,"time":"2024-01-02T18:03:30.971Z","iobWithZeroTemp":{"iob":0.848,"basaliob":-0.123,"bolussnooze":0.2136,"activity":0.0145,"lastBolusTime":1704214581404,"time":"2024-01-02T18:03:30.971Z"}},{"iob":0.846,"basaliob":-0.048,"bolussnooze":0.1745,"activity":0.0141,"lastBolusTime":1704214581404,"time":"2024-01-02T18:08:30.971Z","iobWithZeroTemp":{"iob":0.769,"basaliob":-0.125,"bolussnooze":0.1745,"activity":0.0135,"lastBolusTime":1704214581404,"time":"2024-01-02T18:08:30.971Z"}},{"iob":0.778,"basaliob":-0.044,"bolussnooze":0.1418,"activity":0.0133,"lastBolusTime":1704214581404,"time":"2024-01-02T18:13:30.971Z","iobWithZeroTemp":{"iob":0.696,"basaliob":-0.126,"bolussnooze":0.1418,"activity":0.0126,"lastBolusTime":1704214581404,"time":"2024-01-02T18:13:30.971Z"}},{"iob":0.714,"basaliob":-0.04,"bolussnooze":0.1145,"activity":0.0124,"lastBolusTime":1704214581404,"time":"2024-01-02T18:18:30.971Z","iobWithZeroTemp":{"iob":0.627,"basaliob":-0.127,"bolussnooze":0.1145,"activity":0.0117,"lastBolusTime":1704214581404,"time":"2024-01-02T18:18:30.971Z"}},{"iob":0.654,"basaliob":-0.037,"bolussnooze":0.0919,"activity":0.0117,"lastBolusTime":1704214581404,"time":"2024-01-02T18:23:30.971Z","iobWithZeroTemp":{"iob":0.562,"basaliob":-0.129,"bolussnooze":0.0919,"activity":0.0109,"lastBolusTime":1704214581404,"time":"2024-01-02T18:23:30.971Z"}},{"iob":0.598,"basaliob":-0.034,"bolussnooze":0.0733,"activity":0.0108,"lastBolusTime":1704214581404,"time":"2024-01-02T18:28:30.971Z","iobWithZeroTemp":{"iob":0.502,"basaliob":-0.13,"bolussnooze":0.0733,"activity":0.0099,"lastBolusTime":1704214581404,"time":"2024-01-02T18:28:30.971Z"}},{"iob":0.546,"basaliob":-0.031,"bolussnooze":0.0581,"activity":0.01,"lastBolusTime":1704214581404,"time":"2024-01-02T18:33:30.971Z","iobWithZeroTemp":{"iob":0.446,"basaliob":-0.131,"bolussnooze":0.0581,"activity":0.0091,"lastBolusTime":1704214581404,"time":"2024-01-02T18:33:30.971Z"}},{"iob":0.496,"basaliob":-0.029,"bolussnooze":0.0457,"activity":0.0093,"lastBolusTime":1704214581404,"time":"2024-01-02T18:38:30.971Z","iobWithZeroTemp":{"iob":0.392,"basaliob":-0.133,"bolussnooze":0.0457,"activity":0.0083,"lastBolusTime":1704214581404,"time":"2024-01-02T18:38:30.971Z"}},{"iob":0.452,"basaliob":-0.026,"bolussnooze":0.0357,"activity":0.0086,"lastBolusTime":1704214581404,"time":"2024-01-02T18:43:30.971Z","iobWithZeroTemp":{"iob":0.345,"basaliob":-0.133,"bolussnooze":0.0357,"activity":0.0076,"lastBolusTime":1704214581404,"time":"2024-01-02T18:43:30.971Z"}},{"iob":0.41,"basaliob":-0.024,"bolussnooze":0.0276,"activity":0.008,"lastBolusTime":1704214581404,"time":"2024-01-02T18:48:30.971Z","iobWithZeroTemp":{"iob":0.3,"basaliob":-0.134,"bolussnooze":0.0276,"activity":0.0069,"lastBolusTime":1704214581404,"time":"2024-01-02T18:48:30.971Z"}},{"iob":0.372,"basaliob":-0.022,"bolussnooze":0.0211,"activity":0.0074,"lastBolusTime":1704214581404,"time":"2024-01-02T18:53:30.971Z","iobWithZeroTemp":{"iob":0.259,"basaliob":-0.135,"bolussnooze":0.0211,"activity":0.0063,"lastBolusTime":1704214581404,"time":"2024-01-02T18:53:30.971Z"}},{"iob":0.337,"basaliob":-0.02,"bolussnooze":0.0159,"activity":0.0067,"lastBolusTime":1704214581404,"time":"2024-01-02T18:58:30.971Z","iobWithZeroTemp":{"iob":0.221,"basaliob":-0.136,"bolussnooze":0.0159,"activity":0.0055,"lastBolusTime":1704214581404,"time":"2024-01-02T18:58:30.971Z"}},{"iob":0.304,"basaliob":-0.018,"bolussnooze":0.0119,"activity":0.0062,"lastBolusTime":1704214581404,"time":"2024-01-02T19:03:30.971Z","iobWithZeroTemp":{"iob":0.165,"basaliob":-0.157,"bolussnooze":0.0119,"activity":0.005,"lastBolusTime":1704214581404,"time":"2024-01-02T19:03:30.971Z"}},{"iob":0.275,"basaliob":-0.016,"bolussnooze":0.0087,"activity":0.0057,"lastBolusTime":1704214581404,"time":"2024-01-02T19:08:30.971Z","iobWithZeroTemp":{"iob":0.114,"basaliob":-0.177,"bolussnooze":0.0087,"activity":0.0044,"lastBolusTime":1704214581404,"time":"2024-01-02T19:08:30.971Z"}},{"iob":0.247,"basaliob":-0.015,"bolussnooze":0.0062,"activity":0.0052,"lastBolusTime":1704214581404,"time":"2024-01-02T19:13:30.971Z","iobWithZeroTemp":{"iob":0.064,"basaliob":-0.198,"bolussnooze":0.0062,"activity":0.0037,"lastBolusTime":1704214581404,"time":"2024-01-02T19:13:30.971Z"}},{"iob":0.223,"basaliob":-0.013,"bolussnooze":0.0043,"activity":0.0047,"lastBolusTime":1704214581404,"time":"2024-01-02T19:18:30.971Z","iobWithZeroTemp":{"iob":0.018,"basaliob":-0.218,"bolussnooze":0.0043,"activity":0.0031,"lastBolusTime":1704214581404,"time":"2024-01-02T19:18:30.971Z"}},{"iob":0.2,"basaliob":-0.012,"bolussnooze":0.0029,"activity":0.0044,"lastBolusTime":1704214581404,"time":"2024-01-02T19:23:30.971Z","iobWithZeroTemp":{"iob":-0.025,"basaliob":-0.237,"bolussnooze":0.0029,"activity":0.0026,"lastBolusTime":1704214581404,"time":"2024-01-02T19:23:30.971Z"}},{"iob":0.179,"basaliob":-0.011,"bolussnooze":0.0019,"activity":0.004,"lastBolusTime":1704214581404,"time":"2024-01-02T19:28:30.971Z","iobWithZeroTemp":{"iob":-0.066,"basaliob":-0.256,"bolussnooze":0.0019,"activity":0.002,"lastBolusTime":1704214581404,"time":"2024-01-02T19:28:30.971Z"}},{"iob":0.16,"basaliob":-0.01,"bolussnooze":0.0011,"activity":0.0036,"lastBolusTime":1704214581404,"time":"2024-01-02T19:33:30.971Z","iobWithZeroTemp":{"iob":-0.103,"basaliob":-0.273,"bolussnooze":0.0011,"activity":0.0014,"lastBolusTime":1704214581404,"time":"2024-01-02T19:33:30.971Z"}},{"iob":0.143,"basaliob":-0.009,"bolussnooze":6.0E-4,"activity":0.0032,"lastBolusTime":1704214581404,"time":"2024-01-02T19:38:30.971Z","iobWithZeroTemp":{"iob":-0.138,"basaliob":-0.29,"bolussnooze":6.0E-4,"activity":8.0E-4,"lastBolusTime":1704214581404,"time":"2024-01-02T19:38:30.971Z"}},{"iob":0.128,"basaliob":-0.008,"bolussnooze":3.0E-4,"activity":0.0029,"lastBolusTime":1704214581404,"time":"2024-01-02T19:43:30.971Z","iobWithZeroTemp":{"iob":-0.169,"basaliob":-0.305,"bolussnooze":3.0E-4,"activity":3.0E-4,"lastBolusTime":1704214581404,"time":"2024-01-02T19:43:30.971Z"}},{"iob":0.114,"basaliob":-0.007,"bolussnooze":1.0E-4,"activity":0.0026,"lastBolusTime":1704214581404,"time":"2024-01-02T19:48:30.971Z","iobWithZeroTemp":{"iob":-0.199,"basaliob":-0.32,"bolussnooze":1.0E-4,"activity":-2.0E-4,"lastBolusTime":1704214581404,"time":"2024-01-02T19:48:30.971Z"}},{"iob":0.101,"basaliob":-0.006,"bolussnooze":0,"activity":0.0025,"lastBolusTime":1704214581404,"time":"2024-01-02T19:53:30.971Z","iobWithZeroTemp":{"iob":-0.227,"basaliob":-0.334,"bolussnooze":0,"activity":-5.0E-4,"lastBolusTime":1704214581404,"time":"2024-01-02T19:53:30.971Z"}},{"iob":0.09,"basaliob":-0.005,"bolussnooze":0,"activity":0.0022,"lastBolusTime":1704214581404,"time":"2024-01-02T19:58:30.971Z","iobWithZeroTemp":{"iob":-0.252,"basaliob":-0.347,"bolussnooze":0,"activity":-0.001,"lastBolusTime":1704214581404,"time":"2024-01-02T19:58:30.971Z"}},{"iob":0.079,"basaliob":-0.005,"bolussnooze":0,"activity":0.002,"lastBolusTime":1704214581404,"time":"2024-01-02T20:03:30.971Z","iobWithZeroTemp":{"iob":-0.275,"basaliob":-0.359,"bolussnooze":0,"activity":-0.0014,"lastBolusTime":1704214581404,"time":"2024-01-02T20:03:30.971Z"}},{"iob":0.07,"basaliob":-0.004,"bolussnooze":0,"activity":0.0018,"lastBolusTime":1704214581404,"time":"2024-01-02T20:08:30.971Z","iobWithZeroTemp":{"iob":-0.296,"basaliob":-0.37,"bolussnooze":0,"activity":-0.0017,"lastBolusTime":1704214581404,"time":"2024-01-02T20:08:30.971Z"}},{"iob":0.061,"basaliob":-0.004,"bolussnooze":0,"activity":0.0016,"lastBolusTime":1704214581404,"time":"2024-01-02T20:13:30.971Z","iobWithZeroTemp":{"iob":-0.316,"basaliob":-0.381,"bolussnooze":0,"activity":-0.0021,"lastBolusTime":1704214581404,"time":"2024-01-02T20:13:30.971Z"}},{"iob":0.054,"basaliob":-0.003,"bolussnooze":0,"activity":0.0014,"lastBolusTime":1704214581404,"time":"2024-01-02T20:18:30.971Z","iobWithZeroTemp":{"iob":-0.334,"basaliob":-0.391,"bolussnooze":0,"activity":-0.0025,"lastBolusTime":1704214581404,"time":"2024-01-02T20:18:30.971Z"}},{"iob":0.047,"basaliob":-0.003,"bolussnooze":0,"activity":0.0012,"lastBolusTime":1704214581404,"time":"2024-01-02T20:23:30.971Z","iobWithZeroTemp":{"iob":-0.35,"basaliob":-0.4,"bolussnooze":0,"activity":-0.0028,"lastBolusTime":1704214581404,"time":"2024-01-02T20:23:30.971Z"}},{"iob":0.041,"basaliob":-0.003,"bolussnooze":0,"activity":0.0011,"lastBolusTime":1704214581404,"time":"2024-01-02T20:28:30.971Z","iobWithZeroTemp":{"iob":-0.365,"basaliob":-0.409,"bolussnooze":0,"activity":-0.0031,"lastBolusTime":1704214581404,"time":"2024-01-02T20:28:30.971Z"}},{"iob":0.036,"basaliob":-0.002,"bolussnooze":0,"activity":0.001,"lastBolusTime":1704214581404,"time":"2024-01-02T20:33:30.971Z","iobWithZeroTemp":{"iob":-0.378,"basaliob":-0.416,"bolussnooze":0,"activity":-0.0033,"lastBolusTime":1704214581404,"time":"2024-01-02T20:33:30.971Z"}},{"iob":0.031,"basaliob":-0.002,"bolussnooze":0,"activity":8.0E-4,"lastBolusTime":1704214581404,"time":"2024-01-02T20:38:30.971Z","iobWithZeroTemp":{"iob":-0.39,"basaliob":-0.423,"bolussnooze":0,"activity":-0.0036,"lastBolusTime":1704214581404,"time":"2024-01-02T20:38:30.971Z"}},{"iob":0.027,"basaliob":-0.002,"bolussnooze":0,"activity":8.0E-4,"lastBolusTime":1704214581404,"time":"2024-01-02T20:43:30.971Z","iobWithZeroTemp":{"iob":-0.401,"basaliob":-0.43,"bolussnooze":0,"activity":-0.0037,"lastBolusTime":1704214581404,"time":"2024-01-02T20:43:30.971Z"}},{"iob":0.023,"basaliob":-0.002,"bolussnooze":0,"activity":7.0E-4,"lastBolusTime":1704214581404,"time":"2024-01-02T20:48:30.971Z","iobWithZeroTemp":{"iob":-0.411,"basaliob":-0.436,"bolussnooze":0,"activity":-0.0039,"lastBolusTime":1704214581404,"time":"2024-01-02T20:48:30.971Z"}},{"iob":0.02,"basaliob":-0.001,"bolussnooze":0,"activity":7.0E-4,"lastBolusTime":1704214581404,"time":"2024-01-02T20:53:30.971Z","iobWithZeroTemp":{"iob":-0.42,"basaliob":-0.441,"bolussnooze":0,"activity":-0.0041,"lastBolusTime":1704214581404,"time":"2024-01-02T20:53:30.971Z"}},{"iob":0.017,"basaliob":-0.001,"bolussnooze":0,"activity":6.0E-4,"lastBolusTime":1704214581404,"time":"2024-01-02T20:58:30.971Z","iobWithZeroTemp":{"iob":-0.428,"basaliob":-0.446,"bolussnooze":0,"activity":-0.0042,"lastBolusTime":1704214581404,"time":"2024-01-02T20:58:30.971Z"}},{"iob":0.015,"basaliob":-0.001,"bolussnooze":0,"activity":5.0E-4,"lastBolusTime":1704214581404,"time":"2024-01-02T21:03:30.971Z","iobWithZeroTemp":{"iob":-0.431,"basaliob":-0.447,"bolussnooze":0,"activity":-0.0044,"lastBolusTime":1704214581404,"time":"2024-01-02T21:03:30.971Z"}},{"iob":0.012,"basaliob":-0.001,"bolussnooze":0,"activity":4.0E-4,"lastBolusTime":1704214581404,"time":"2024-01-02T21:08:30.971Z","iobWithZeroTemp":{"iob":-0.434,"basaliob":-0.447,"bolussnooze":0,"activity":-0.0046,"lastBolusTime":1704214581404,"time":"2024-01-02T21:08:30.971Z"}}],"profile":{"max_iob":10,"type":"current","max_daily_basal":0.35,"max_basal":0.4,"min_bg":130,"max_bg":130,"target_bg":130,"carb_ratio":8.8,"sens":120,"max_daily_safety_multiplier":3,"current_basal_safety_multiplier":4,"lgsThreshold":95,"high_temptarget_raises_sensitivity":true,"low_temptarget_lowers_sensitivity":true,"sensitivity_raises_target":true,"resistance_lowers_target":true,"adv_target_adjustments":false,"exercise_mode":false,"half_basal_exercise_target":160,"maxCOB":120,"skip_neutral_temps":false,"remainingCarbsCap":90,"enableUAM":true,"A52_risk_enable":false,"SMBInterval":6,"enableSMB_with_COB":true,"enableSMB_with_temptarget":true,"allowSMB_with_high_temptarget":false,"enableSMB_always":false,"enableSMB_after_carbs":true,"maxSMBBasalMinutes":45,"maxUAMSMBBasalMinutes":40,"bolus_increment":0.05,"carbsReqThreshold":2,"current_basal":0.1,"temptargetSet":true,"autosens_max":1.3,"autosens_min":0.7,"variable_sens":193.4,"insulinDivisor":75,"TDD":12.936677714285716},"autosens_data":{"ratio":0.8993432126767541},"meal_data":{"carbs":18,"mealCOB":16.895599999999998,"slopeFromMaxDeviation":-0.562,"slopeFromMinDeviation":0.634,"lastBolusTime":1704214581404,"lastCarbTime":1704214575755},"microBolusAllowed":true,"currentTime":1704215612068,"flatBGsDetected":false,"tdd1D":10.2375,"tdd7D":15.997785714285714,"tddLast24H":14.387499999999996,"tddLast4H":4.5874999999999995,"tddLast8to4H":1.675},"output":{"temp":"absolute","bg":79,"tick":-7,"eventualBG":66,"targetBG":130,"insulinReq":0,"deliverAt":"2024-01-02T17:13:32.068Z","sensitivityRatio":0.67,"variable_sens":193.4,"predBGs":{"IOB":[79,71,60,45,39,39,39,39,39,39,39,39,39],"ZT":[79,60,39,39,39,39,39,39,39,39,39,39,39,39,39,39,39,39,39,39,39,39,39,39,39,39,39,39,39,39,39,39,39,39,39,39,39,39,39,39,39,39,39,39,39,39,39,39],"COB":[79,72,64,56,48,40,39,39,39,39,39,39,39,39,39,39,39,39,39,39,39,39,39,39,39,39,39,39,39,39,39,39,39,39,39,39,39,39,42,45,48,51,54,57,59,62,64,66],"UAM":[79,71,61,48,39,39,39,39,39,39,39,39,39]},"reason":"COB: 16.9, Dev: 73, BGI: -19, ISF: 193, CR: 8.8, Target: 130, minPredBG 39, minGuardBG -32, IOBpredBG 39, COBpredBG 66, UAMpredBG 39; 5 add'l carbs req w\/in 0m; minGuardBG -32<95","COB":16.895599999999998,"IOB":1.846,"carbsReq":5,"carbsReqWithin":0,"duration":120,"rate":0,"timestamp":"2024-01-02T17:13:32.100Z"}}