{"algorithm":"OpenAPSSMBDynamicISFPlugin","input":{"glucoseStatus":{"glucose":155,"noise":0,"delta":4.78,"short_avgdelta":4.78,"long_avgdelta":4.59,"date":1704161873000},"currenttemp":{"temp":"absolute","duration":16,"rate":0.75,"minutesrunning":14},"iob_data":[{"iob":0.223,"basaliob":0.214,"bolussnooze":0,"activity":0.0017,"lastBolusTime":1704151111516,"time":"2024-01-02T02:18:20.409Z","iobWithZeroTemp":{"iob":0.223,"basaliob":0.214,"bolussnooze":0,"activity":0.0017,"lastBolusTime":1704151111516,"time":"2024-01-02T02:18:20.409Z"}},{"iob":0.214,"basaliob":0.206,"bolussnooze":0,"activity":0.0019,"lastBolusTime":1704151111516,"time":"2024-01-02T02:23:20.409Z","iobWithZeroTemp":{"iob":0.201,"basaliob":0.193,"bolussnooze":0,"activity":0.0019,"lastBolusTime":1704151111516,"time":"2024-01-02T02:23:20.409Z"}},{"iob":0.204,"basaliob":0.197,"bolussnooze":0,"activity":0.002,"lastBolusTime":1704151111516,"time":"2024-01-02T02:28:20.409Z","iobWithZeroTemp":{"iob":0.174,"basaliob":0.167,"bolussnooze":0,"activity":0.0019,"lastBolusTime":1704151111516,"time":"2024-01-02T02:28:20.409Z"}},{"iob":0.195,"basaliob":0.188,"bolussnooze":0,"activity":0.0021,"lastBolusTime":1704151111516,"time":"2024-01-02T02:33:20.409Z","iobWithZeroTemp":{"iob":0.149,"basaliob":0.142,"bolussnooze":0,"activity":0.002,"lastBolusTime":1704151111516,"time":"2024-01-02T02:33:20.409Z"}},{"iob":0.184,"basaliob":0.178,"bolussnooze":0,"activity":0.0021,"lastBolusTime":1704151111516,"time":"2024-01-02T02:38:20.409Z","iobWithZeroTemp":{"iob":0.122,"basaliob":0.116,"bolussnooze":0,"activity":0.0019,"lastBolusTime":1704151111516,"time":"2024-01-02T02:38:20.409Z"}},{"iob":0.173,"basaliob":0.168,"bolussnooze":0,"activity":0.0021,"lastBolusTime":1704151111516,"time":"2024-01-02T02:43:20.409Z","iobWithZeroTemp":{"iob":0.096,"basaliob":0.091,"bolussnooze":0,"activity":0.0018,"lastBolusTime":1704151111516,"time":"2024-01-02T02:43:20.409Z"}},{"iob":0.162,"basaliob":0.158,"bolussnooze":0,"activity":0.0021,"lastBolusTime":1704151111516,"time":"2024-01-02T02:48:20.409Z","iobWithZeroTemp":{"iob":0.07,"basaliob":0.066,"bolussnooze":0,"activity":0.0016,"lastBolusTime":1704151111516,"time":"2024-01-02T02:48:20.409Z"}},{"iob":0.153,"basaliob":0.149,"bolussnooze":0,"activity":0.002,"lastBolusTime":1704151111516,"time":"2024-01-02T02:53:20.409Z","iobWithZeroTemp":{"iob":0.047,"basaliob":0.043,"bolussnooze":0,"activity":0.0014,"lastBolusTime":1704151111516,"time":"2024-01-02T02:53:20.409Z"}},{"iob":0.142,"basaliob":0.139,"bolussnooze":0,"activity":0.002,"lastBolusTime":1704151111516,"time":"2024-01-02T02:58:20.409Z","iobWithZeroTemp":{"iob":0.023,"basaliob":0.02,"bolussnooze":0,"activity":0.0013,"lastBolusTime":1704151111516,"time":"2024-01-02T02:58:20.409Z"}},{"iob":0.133,"basaliob":0.13,"bolussnooze":0,"activity":0.0019,"lastBolusTime":1704151111516,"time":"2024-01-02T03:03:20.409Z","iobWithZeroTemp":{"iob":-0.007,"basaliob":-0.01,"bolussnooze":0,"activity":0.001,"lastBolusTime":1704151111516,"time":"2024-01-02T03:03:20.409Z"}},{"iob":0.124,"basaliob":0.121,"bolussnooze":0,"activity":0.0019,"lastBolusTime":1704151111516,"time":"2024-01-02T03:08:20.409Z","iobWithZeroTemp":{"iob":-0.035,"basaliob":-0.038,"bolussnooze":0,"activity":8.0E-4,"lastBolusTime":1704151111516,"time":"2024-01-02T03:08:20.409Z"}},{"iob":0.114,"basaliob":0.112,"bolussnooze":0,"activity":0.0018,"lastBolusTime":1704151111516,"time":"2024-01-02T03:13:20.409Z","iobWithZeroTemp":{"iob":-0.065,"basaliob":-0.067,"bolussnooze":0,"activity":5.0E-4,"lastBolusTime":1704151111516,"time":"2024-01-02T03:13:20.409Z"}},{"iob":0.106,"basaliob":0.104,"bolussnooze":0,"activity":0.0017,"lastBolusTime":1704151111516,"time":"2024-01-02T03:18:20.409Z","iobWithZeroTemp":{"iob":-0.091,"basaliob":-0.093,"bolussnooze":0,"activity":3.0E-4,"lastBolusTime":1704151111516,"time":"2024-01-02T03:18:20.409Z"}},{"iob":0.098,"basaliob":0.096,"bolussnooze":0,"activity":0.0016,"lastBolusTime":1704151111516,"time":"2024-01-02T03:23:20.409Z","iobWithZeroTemp":{"iob":-0.116,"basaliob":-0.118,"bolussnooze":0,"activity":0,"lastBolusTime":1704151111516,"time":"2024-01-02T03:23:20.409Z"}},{"iob":0.09,"basaliob":0.089,"bolussnooze":0,"activity":0.0014,"lastBolusTime":1704151111516,"time":"2024-01-02T03:28:20.409Z","iobWithZeroTemp":{"iob":-0.14,"basaliob":-0.141,"bolussnooze":0,"activity":-4.0E-4,"lastBolusTime":1704151111516,"time":"2024-01-02T03:28:20.409Z"}},{"iob":0.082,"basaliob":0.081,"bolussnooze":0,"activity":0.0014,"lastBolusTime":1704151111516,"time":"2024-01-02T03:33:20.409Z","iobWithZeroTemp":{"iob":-0.164,"basaliob":-0.165,"bolussnooze":0,"activity":-6.0E-4,"lastBolusTime":1704151111516,"time":"2024-01-02T03:33:20.409Z"}},{"iob":0.076,"basaliob":0.075,"bolussnooze":0,"activity":0.0013,"lastBolusTime":1704151111516,"time":"2024-01-02T03:38:20.409Z","iobWithZeroTemp":{"iob":-0.184,"basaliob":-0.185,"bolussnooze":0,"activity":-9.0E-4,"lastBolusTime":1704151111516,"time":"2024-01-02T03:38:20.409Z"}},{"iob":0.07,"basaliob":0.069,"bolussnooze":0,"activity":0.0012,"lastBolusTime":1704151111516,"time":"2024-01-02T03:43:20.409Z","iobWithZeroTemp":{"iob":-0.204,"basaliob":-0.205,"bolussnooze":0,"activity":-0.0012,"lastBolusTime":1704151111516,"time":"2024-01-02T03:43:20.409Z"}},{"iob":0.064,"basaliob":0.063,"bolussnooze":0,"activity":0.0011,"lastBolusTime":1704151111516,"time":"2024-01-02T03:48:20.409Z","iobWithZeroTemp":{"iob":-0.222,"basaliob":-0.223,"bolussnooze":0,"activity":-0.0015,"lastBolusTime":1704151111516,"time":"2024-01-02T03:48:20.409Z"}},{"iob":0.058,"basaliob":0.057,"bolussnooze":0,"activity":0.001,"lastBolusTime":1704151111516,"time":"2024-01-02T03:53:20.409Z","iobWithZeroTemp":{"iob":-0.24,"basaliob":-0.241,"bolussnooze":0,"activity":-0.0017,"lastBolusTime":1704151111516,"time":"2024-01-02T03:53:20.409Z"}},{"iob":0.053,"basaliob":0.052,"bolussnooze":0,"activity":0.001,"lastBolusTime":1704151111516,"time":"2024-01-02T03:58:20.409Z","iobWithZeroTemp":{"iob":-0.256,"basaliob":-0.257,"bolussnooze":0,"activity":-0.0019,"lastBolusTime":1704151111516,"time":"2024-01-02T03:58:20.409Z"}},{"iob":0.048,"basaliob":0.048,"bolussnooze":0,"activity":9.0E-4,"lastBolusTime":1704151111516,"time":"2024-01-02T04:03:20.409Z","iobWithZeroTemp":{"iob":-0.271,"basaliob":-0.271,"bolussnooze":0,"activity":-0.0022,"lastBolusTime":1704151111516,"time":"2024-01-02T04:03:20.409Z"}},{"iob":0.044,"basaliob":0.044,"bolussnooze":0,"activity":8.0E-4,"lastBolusTime":1704151111516,"time":"2024-01-02T04:08:20.409Z","iobWithZeroTemp":{"iob":-0.284,"basaliob":-0.284,"bolussnooze":0,"activity":-0.0024,"lastBolusTime":1704151111516,"time":"2024-01-02T04:08:20.409Z"}},{"iob":0.04,"basaliob":0.04,"bolussnooze":0,"activity":8.0E-4,"lastBolusTime":1704151111516,"time":"2024-01-02T04:13:20.409Z","iobWithZeroTemp":{"iob":-0.297,"basaliob":-0.297,"bolussnooze":0,"activity":-0.0025,"lastBolusTime":1704151111516,"time":"2024-01-02T04:13:20.409Z"}},{"iob":0.036,"basaliob":0.036,"bolussnooze":0,"activity":7.0E-4,"lastBolusTime":1704151111516,"time":"2024-01-02T04:18:20.409Z","iobWithZeroTemp":{"iob":-0.309,"basaliob":-0.309,"bolussnooze":0,"activity":-0.0028,"lastBolusTime":1704151111516,"time":"2024-01-02T04:18:20.409Z"}},{"iob":0.032,"basaliob":0.032,"bolussnooze":0,"activity":7.0E-4,"lastBolusTime":1704151111516,"time":"2024-01-02T04:23:20.409Z","iobWithZeroTemp":{"iob":-0.32,"basaliob":-0.32,"bolussnooze":0,"activity":-0.0029,"lastBolusTime":1704151111516,"time":"2024-01-02T04:23:20.409Z"}},{"iob":0.029,"basaliob":0.029,"bolussnooze":0,"activity":6.0E-4,"lastBolusTime":1704151111516,"time":"2024-01-02T04:28:20.409Z","iobWithZeroTemp":{"iob":-0.33,"basaliob":-0.33,"bolussnooze":0,"activity":-0.0031,"lastBolusTime":1704151111516,"time":"2024-01-02T04:28:20.409Z"}},{"iob":0.026,"basaliob":0.026,"bolussnooze":0,"activity":5.0E-4,"lastBolusTime":1704151111516,"time":"2024-01-02T04:33:20.409Z","iobWithZeroTemp":{"iob":-0.339,"basaliob":-0.339,"bolussnooze":0,"activity":-0.0033,"lastBolusTime":1704151111516,"time":"2024-01-02T04:33:20.409Z"}},{"iob":0.024,"basaliob":0.024,"bolussnooze":0,"activity":5.0E-4,"lastBolusTime":1704151111516,"time":"2024-01-02T04:38:20.409Z","iobWithZeroTemp":{"iob":-0.346,"basaliob":-0.346,"bolussnooze":0,"activity":-0.0034,"lastBolusTime":1704151111516,"time":"2024-01-02T04:38:20.409Z"}},{"iob":0.021,"basaliob":0.021,"bolussnooze":0,"activity":5.0E-4,"lastBolusTime":1704151111516,"time":"2024-01-02T04:43:20.409Z","iobWithZeroTemp":{"iob":-0.355,"basaliob":-0.355,"bolussnooze":0,"activity":-0.0035,"lastBolusTime":1704151111516,"time":"2024-01-02T04:43:20.409Z"}},{"iob":0.019,"basaliob":0.019,"bolussnooze":0,"activity":4.0E-4,"lastBolusTime":1704151111516,"time":"2024-01-02T04:48:20.409Z","iobWithZeroTemp":{"iob":-0.361,"basaliob":-0.361,"bolussnooze":0,"activity":-0.0037,"lastBolusTime":1704151111516,"time":"2024-01-02T04:48:20.409Z"}},{"iob":0.017,"basaliob":0.017,"bolussnooze":0,"activity":4.0E-4,"lastBolusTime":1704151111516,"time":"2024-01-02T04:53:20.409Z","iobWithZeroTemp":{"iob":-0.367,"basaliob":-0.367,"bolussnooze":0,"activity":-0.0038,"lastBolusTime":1704151111516,"time":"2024-01-02T04:53:20.409Z"}},{"iob":0.015,"basaliob":0.015,"bolussnooze":0,"activity":3.0E-4,"lastBolusTime":1704151111516,"time":"2024-01-02T04:58:20.409Z","iobWithZeroTemp":{"iob":-0.373,"basaliob":-0.373,"bolussnooze":0,"activity":-0.004,"lastBolusTime":1704151111516,"time":"2024-01-02T04:58:20.409Z"}},{"iob":0.014,"basaliob":0.014,"bolussnooze":0,"activity":3.0E-4,"lastBolusTime":1704151111516,"time":"2024-01-02T05:03:20.409Z","iobWithZeroTemp":{"iob":-0.378,"basaliob":-0.378,"bolussnooze":0,"activity":-0.004,"lastBolusTime":1704151111516,"time":"2024-01-02T05:03:20.409Z"}},{"iob":0.012,"basaliob":0.012,"bolussnooze":0,"activity":3.0E-4,"lastBolusTime":1704151111516,"time":"2024-01-02T05:08:20.409Z","iobWithZeroTemp":{"iob":-0.383,"basaliob":-0.383,"bolussnooze":0,"activity":-0.0041,"lastBolusTime":1704151111516,"time":"2024-01-02T05:08:20.409Z"}},{"iob":0.011,"basaliob":0.011,"bolussnooze":0,"activity":3.0E-4,"lastBolusTime":1704151111516,"time":"2024-01-02T05:13:20.409Z","iobWithZeroTemp":{"iob":-0.387,"basaliob":-0.387,"bolussnooze":0,"activity":-0.0042,"lastBolusTime":1704151111516,"time":"2024-01-02T05:13:20.409Z"}},{"iob":0.01,"basaliob":0.01,"bolussnooze":0,"activity":2.0E-4,"lastBolusTime":1704151111516,"time":"2024-01-02T05:18:20.409Z","iobWithZeroTemp":{"iob":-0.39,"basaliob":-0.39,"bolussnooze":0,"activity":-0.0043,"lastBolusTime":1704151111516,"time":"2024-01-02T05:18:20.409Z"}},{"iob":0.009,"basaliob":0.009,"bolussnooze":0,"activity":2.0E-4,"lastBolusTime":0,"time":"2024-01-02T05:23:20.409Z","iobWithZeroTemp":{"iob":-0.394,"basaliob":-0.394,"bolussnooze":0,"activity":-0.0044,"lastBolusTime":0,"time":"2024-01-02T05:23:20.409Z"}},{"iob":0.008,"basaliob":0.008,"bolussnooze":0,"activity":2.0E-4,"lastBolusTime":0,"time":"2024-01-02T05:28:20.409Z","iobWithZeroTemp":{"iob":-0.397,"basaliob":-0.397,"bolussnooze":0,"activity":-0.0044,"lastBolusTime":0,"time":"2024-01-02T05:28:20.409Z"}},{"iob":0.007,"basaliob":0.007,"bolussnooze":0,"activity":2.0E-4,"lastBolusTime":0,"time":"2024-01-02T05:33:20.409Z","iobWithZeroTemp":{"iob":-0.4,"basaliob":-0.4,"bolussnooze":0,"activity":-0.0044,"lastBolusTime":0,"time":"2024-01-02T05:33:20.409Z"}},{"iob":0.006,"basaliob":0.006,"bolussnooze":0,"activity":2.0E-4,"lastBolusTime":0,"time":"2024-01-02T05:38:20.409Z","iobWithZeroTemp":{"iob":-0.402,"basaliob":-0.402,"bolussnooze":0,"activity":-0.0045,"lastBolusTime":0,"time":"2024-01-02T05:38:20.409Z"}},{"iob":0.005,"basaliob":0.005,"bolussnooze":0,"activity":1.0E-4,"lastBolusTime":0,"time":"2024-01-02T05:43:20.409Z","iobWithZeroTemp":{"iob":-0.405,"basaliob":-0.405,"bolussnooze":0,"activity":-0.0046,"lastBolusTime":0,"time":"2024-01-02T05:43:20.409Z"}},{"iob":0.004,"basaliob":0.004,"bolussnooze":0,"activity":1.0E-4,"lastBolusTime":0,"time":"2024-01-02T05:48:20.409Z","iobWithZeroTemp":{"iob":-0.407,"basaliob":-0.407,"bolussnooze":0,"activity":-0.0046,"lastBolusTime":0,"time":"2024-01-02T05:48:20.409Z"}},{"iob":0.004,"basaliob":0.004,"bolussnooze":0,"activity":1.0E-4,"lastBolusTime":0,"time":"2024-01-02T05:53:20.409Z","iobWithZeroTemp":{"iob":-0.408,"basaliob":-0.408,"bolussnooze":0,"activity":-0.0047,"lastBolusTime":0,"time":"2024-01-02T05:53:20.409Z"}},{"iob":0.003,"basaliob":0.003,"bolussnooze":0,"activity":1.0E-4,"lastBolusTime":0,"time":"2024-01-02T05:58:20.409Z","iobWithZeroTemp":{"iob":-0.41,"basaliob":-0.41,"bolussnooze":0,"activity":-0.0047,"lastBolusTime":0,"time":"2024-01-02T05:58:20.409Z"}},{"iob":0.003,"basaliob":0.003,"bolussnooze":0,"activity":1.0E-4,"lastBolusTime":0,"time":"2024-01-02T06:03:20.409Z","iobWithZeroTemp":{"iob":-0.411,"basaliob":-0.411,"bolussnooze":0,"activity":-0.0047,"lastBolusTime":0,"time":"2024-01-02T06:03:20.409Z"}},{"iob":0.003,"basaliob":0.003,"bolussnooze":0,"activity":1.0E-4,"lastBolusTime":0,"time":"2024-01-02T06:08:20.409Z","iobWithZeroTemp":{"iob":-0.412,"basaliob":-0.412,"bolussnooze":0,"activity":-0.0047,"lastBolusTime":0,"time":"2024-01-02T06:08:20.409Z"}},{"iob":0.002,"basaliob":0.002,"bolussnooze":0,"activity":1.0E-4,"lastBolusTime":0,"time":"2024-01-02T06:13:20.409Z","iobWithZeroTemp":{"iob":-0.414,"basaliob":-0.414,"bolussnooze":0,"activity":-0.0048,"lastBolusTime":0,"time":"2024-01-02T06:13:20.409Z"}}],"profile":{"max_iob":10,"type":"current","max_daily_basal":0.35,"max_basal":0.8,"min_bg":90,"max_bg":90,"target_bg":90,"carb_ratio":8.8,"sens":120,"max_daily_safety_multiplier":3,"current_basal_safety_multiplier":4,"lgsThreshold":95,"high_temptarget_raises_sensitivity":true,"low_temptarget_lowers_sensitivity":true,"sensitivity_raises_target":true,"resistance_lowers_target":true,"adv_target_adjustments":false,"exercise_mode":false,"half_basal_exercise_target":160,"maxCOB":120,"skip_neutral_temps":false,"remainingCarbsCap":90,"enableUAM":true,"A52_risk_enable":false,"SMBInterval":6,"enableSMB_with_COB":true,"enableSMB_with_temptarget":false,"allowSMB_with_high_temptarget":false,"enableSMB_always":false,"enableSMB_after_carbs":true,"maxSMBBasalMinutes":45,"maxUAMSMBBasalMinutes":40,"bolus_increment":0.05,"carbsReqThreshold":2,"current_basal":0.2,"temptargetSet":true,"autosens_max":1.3,"autosens_min":0.7,"variable_sens":164.9,"insulinDivisor":75,"TDD":9.738977714285715},"autosens_data":{"ratio":0.6651962250728152},"meal_data":{"carbs":0,"mealCOB":0,"slopeFromMaxDeviation":-0.274,"slopeFromMinDeviation":0.9036363636363637,"lastBolusTime":1704151111516,"lastCarbTime":0},"microBolusAllowed":true,"currentTime":1704161902201,"flatBGsDetected":false,"tdd1D":10.2375,"tdd7D":15.997785714285714,"tddLast24H":10.641666666666667,"tddLast4H":1.1,"tddLast8to4H":3.0833333333333335},"output":{"temp":"absolute","bg":155,"tick":"+5","eventualBG":182,"targetBG":90,"insulinReq":0.47,"deliverAt":"2024-01-02T02:18:22.201Z","sensitivityRatio":1.2,"variable_sens":164.9,"predBGs":{"IOB":[155,159,163,166,168,170,172,173,173,173,173,172,171,169,168,167,166,165,164,163,162,161,161,160,159,159,158,158,157,157,156,156,156,156,155,155,155,155,154,154,154,154,154,154,154,154,154,153],"ZT":[155,154,152,150,149,147,146,144,143,142,141,140,140,140,140,140,141,141],"UAM":[155,160,164,167,171,174,176,179,181,183,185,186,188,189,190,190,191,191,191,190,190,189,189,188,187,187,186,186,186,185,185,184,184,184,184,183,183,183,183,183,183,183,182]},"reason":"COB: 0, Dev: 37, BGI: -1, ISF: 165, CR: 8.8, Target: 90, minPredBG 168, minGuardBG 160, IOBpredBG 153, UAMpredBG 182; Eventual BG 182 >= 90, adj. req. rate: 1.18 to maxSafeBasal: 0.8, temp 0.75 < 0.8U\/hr. ","COB":0,"IOB":0.223,"duration":30,"rate":0.8,"timestamp":"2024-01-02T02:18:22.222Z"}}