{"algorithm":"OpenAPSSMBDynamicISFPlugin","input":{"glucoseStatus":{"glucose":71,"noise":0,"delta":2.39,"short_avgdelta":2.39,"long_avgdelta":-0.96,"date":1704230875000},"currenttemp":{"temp":"absolute","duration":80,"rate":0,"minutesrunning":40},"iob_data":[{"iob":0.021,"basaliob":-0.43,"bolussnooze":0.013,"activity":0.0034,"lastBolusTime":1704227602777,"time":"2024-01-02T21:28:20.064Z","iobWithZeroTemp":{"iob":0.021,"basaliob":-0.43,"bolussnooze":0.013,"activity":0.0034,"lastBolusTime":1704227602777,"time":"2024-01-02T21:28:20.064Z"}},{"iob":0.006,"basaliob":-0.405,"bolussnooze":0.0093,"activity":0.0028,"lastBolusTime":1704227602777,"time":"2024-01-02T21:33:20.064Z","iobWithZeroTemp":{"iob":-0.014,"basaliob":-0.425,"bolussnooze":0.0093,"activity":0.0028,"lastBolusTime":1704227602777,"time":"2024-01-02T21:33:20.064Z"}},{"iob":-0.007,"basaliob":-0.381,"bolussnooze":0.0064,"activity":0.0023,"lastBolusTime":1704227602777,"time":"2024-01-02T21:38:20.064Z","iobWithZeroTemp":{"iob":-0.052,"basaliob":-0.426,"bolussnooze":0.0064,"activity":0.0022,"lastBolusTime":1704227602777,"time":"2024-01-02T21:38:20.064Z"}},{"iob":-0.018,"basaliob":-0.357,"bolussnooze":0.0043,"activity":0.0018,"lastBolusTime":1704227602777,"time":"2024-01-02T21:43:20.064Z","iobWithZeroTemp":{"iob":-0.087,"basaliob":-0.426,"bolussnooze":0.0043,"activity":0.0016,"lastBolusTime":1704227602777,"time":"2024-01-02T21:43:20.064Z"}},{"iob":-0.025,"basaliob":-0.333,"bolussnooze":0.0027,"activity":0.0015,"lastBolusTime":1704227602777,"time":"2024-01-02T21:48:20.064Z","iobWithZeroTemp":{"iob":-0.118,"basaliob":-0.426,"bolussnooze":0.0027,"activity":0.0011,"lastBolusTime":1704227602777,"time":"2024-01-02T21:48:20.064Z"}},{"iob":-0.031,"basaliob":-0.31,"bolussnooze":0.0016,"activity":0.0011,"lastBolusTime":1704227602777,"time":"2024-01-02T21:53:20.064Z","iobWithZeroTemp":{"iob":-0.146,"basaliob":-0.425,"bolussnooze":0.0016,"activity":6.0E-4,"lastBolusTime":1704227602777,"time":"2024-01-02T21:53:20.064Z"}},{"iob":-0.037,"basaliob":-0.289,"bolussnooze":9.0E-4,"activity":8.0E-4,"lastBolusTime":1704227602777,"time":"2024-01-02T21:58:20.064Z","iobWithZeroTemp":{"iob":-0.174,"basaliob":-0.426,"bolussnooze":9.0E-4,"activity":1.0E-4,"lastBolusTime":1704227602777,"time":"2024-01-02T21:58:20.064Z"}},{"iob":-0.041,"basaliob":-0.268,"bolussnooze":4.0E-4,"activity":6.0E-4,"lastBolusTime":1704227602777,"time":"2024-01-02T22:03:20.064Z","iobWithZeroTemp":{"iob":-0.195,"basaliob":-0.422,"bolussnooze":4.0E-4,"activity":-3.0E-4,"lastBolusTime":1704227602777,"time":"2024-01-02T22:03:20.064Z"}},{"iob":-0.043,"basaliob":-0.248,"bolussnooze":1.0E-4,"activity":4.0E-4,"lastBolusTime":1704227602777,"time":"2024-01-02T22:08:20.064Z","iobWithZeroTemp":{"iob":-0.213,"basaliob":-0.418,"bolussnooze":1.0E-4,"activity":-7.0E-4,"lastBolusTime":1704227602777,"time":"2024-01-02T22:08:20.064Z"}},{"iob":-0.045,"basaliob":-0.229,"bolussnooze":0,"activity":2.0E-4,"lastBolusTime":1704227602777,"time":"2024-01-02T22:13:20.064Z","iobWithZeroTemp":{"iob":-0.23,"basaliob":-0.414,"bolussnooze":0,"activity":-0.0011,"lastBolusTime":1704227602777,"time":"2024-01-02T22:13:20.064Z"}},{"iob":-0.045,"basaliob":-0.211,"bolussnooze":0,"activity":1.0E-4,"lastBolusTime":1704227602777,"time":"2024-01-02T22:18:20.064Z","iobWithZeroTemp":{"iob":-0.244,"basaliob":-0.41,"bolussnooze":0,"activity":-0.0014,"lastBolusTime":1704227602777,"time":"2024-01-02T22:18:20.064Z"}},{"iob":-0.045,"basaliob":-0.194,"bolussnooze":0,"activity":0,"lastBolusTime":1704227602777,"time":"2024-01-02T22:23:20.064Z","iobWithZeroTemp":{"iob":-0.257,"basaliob":-0.406,"bolussnooze":0,"activity":-0.0017,"lastBolusTime":1704227602777,"time":"2024-01-02T22:23:20.064Z"}},{"iob":-0.045,"basaliob":-0.178,"bolussnooze":0,"activity":-1.0E-4,"lastBolusTime":1704227602777,"time":"2024-01-02T22:28:20.064Z","iobWithZeroTemp":{"iob":-0.269,"basaliob":-0.402,"bolussnooze":0,"activity":-0.0019,"lastBolusTime":1704227602777,"time":"2024-01-02T22:28:20.064Z"}},{"iob":-0.044,"basaliob":-0.163,"bolussnooze":0,"activity":-2.0E-4,"lastBolusTime":1704227602777,"time":"2024-01-02T22:33:20.064Z","iobWithZeroTemp":{"iob":-0.279,"basaliob":-0.398,"bolussnooze":0,"activity":-0.0022,"lastBolusTime":1704227602777,"time":"2024-01-02T22:33:20.064Z"}},{"iob":-0.043,"basaliob":-0.149,"bolussnooze":0,"activity":-3.0E-4,"lastBolusTime":1704227602777,"time":"2024-01-02T22:38:20.064Z","iobWithZeroTemp":{"iob":-0.289,"basaliob":-0.395,"bolussnooze":0,"activity":-0.0025,"lastBolusTime":1704227602777,"time":"2024-01-02T22:38:20.064Z"}},{"iob":-0.042,"basaliob":-0.136,"bolussnooze":0,"activity":-3.0E-4,"lastBolusTime":1704227602777,"time":"2024-01-02T22:43:20.064Z","iobWithZeroTemp":{"iob":-0.297,"basaliob":-0.391,"bolussnooze":0,"activity":-0.0026,"lastBolusTime":1704227602777,"time":"2024-01-02T22:43:20.064Z"}},{"iob":-0.04,"basaliob":-0.124,"bolussnooze":0,"activity":-3.0E-4,"lastBolusTime":1704227602777,"time":"2024-01-02T22:48:20.064Z","iobWithZeroTemp":{"iob":-0.304,"basaliob":-0.388,"bolussnooze":0,"activity":-0.0028,"lastBolusTime":1704227602777,"time":"2024-01-02T22:48:20.064Z"}},{"iob":-0.039,"basaliob":-0.113,"bolussnooze":0,"activity":-3.0E-4,"lastBolusTime":1704227602777,"time":"2024-01-02T22:53:20.064Z","iobWithZeroTemp":{"iob":-0.311,"basaliob":-0.385,"bolussnooze":0,"activity":-0.0029,"lastBolusTime":1704227602777,"time":"2024-01-02T22:53:20.064Z"}},{"iob":-0.037,"basaliob":-0.103,"bolussnooze":0,"activity":-4.0E-4,"lastBolusTime":1704227602777,"time":"2024-01-02T22:58:20.064Z","iobWithZeroTemp":{"iob":-0.317,"basaliob":-0.383,"bolussnooze":0,"activity":-0.0031,"lastBolusTime":1704227602777,"time":"2024-01-02T22:58:20.064Z"}},{"iob":-0.035,"basaliob":-0.093,"bolussnooze":0,"activity":-3.0E-4,"lastBolusTime":1704227602777,"time":"2024-01-02T23:03:20.064Z","iobWithZeroTemp":{"iob":-0.322,"basaliob":-0.38,"bolussnooze":0,"activity":-0.0032,"lastBolusTime":1704227602777,"time":"2024-01-02T23:03:20.064Z"}},{"iob":-0.033,"basaliob":-0.084,"bolussnooze":0,"activity":-4.0E-4,"lastBolusTime":1704227602777,"time":"2024-01-02T23:08:20.064Z","iobWithZeroTemp":{"iob":-0.326,"basaliob":-0.377,"bolussnooze":0,"activity":-0.0034,"lastBolusTime":1704227602777,"time":"2024-01-02T23:08:20.064Z"}},{"iob":-0.031,"basaliob":-0.076,"bolussnooze":0,"activity":-3.0E-4,"lastBolusTime":1704227602777,"time":"2024-01-02T23:13:20.064Z","iobWithZeroTemp":{"iob":-0.33,"basaliob":-0.375,"bolussnooze":0,"activity":-0.0034,"lastBolusTime":1704227602777,"time":"2024-01-02T23:13:20.064Z"}},{"iob":-0.029,"basaliob":-0.069,"bolussnooze":0,"activity":-3.0E-4,"lastBolusTime":1704227602777,"time":"2024-01-02T23:18:20.064Z","iobWithZeroTemp":{"iob":-0.333,"basaliob":-0.373,"bolussnooze":0,"activity":-0.0035,"lastBolusTime":1704227602777,"time":"2024-01-02T23:18:20.064Z"}},{"iob":-0.027,"basaliob":-0.062,"bolussnooze":0,"activity":-4.0E-4,"lastBolusTime":1704227602777,"time":"2024-01-02T23:23:20.064Z","iobWithZeroTemp":{"iob":-0.336,"basaliob":-0.371,"bolussnooze":0,"activity":-0.0037,"lastBolusTime":1704227602777,"time":"2024-01-02T23:23:20.064Z"}},{"iob":-0.026,"basaliob":-0.056,"bolussnooze":0,"activity":-4.0E-4,"lastBolusTime":1704227602777,"time":"2024-01-02T23:28:20.064Z","iobWithZeroTemp":{"iob":-0.339,"basaliob":-0.369,"bolussnooze":0,"activity":-0.0037,"lastBolusTime":1704227602777,"time":"2024-01-02T23:28:20.064Z"}},{"iob":-0.024,"basaliob":-0.05,"bolussnooze":0,"activity":-4.0E-4,"lastBolusTime":1704227602777,"time":"2024-01-02T23:33:20.064Z","iobWithZeroTemp":{"iob":-0.341,"basaliob":-0.367,"bolussnooze":0,"activity":-0.0038,"lastBolusTime":1704227602777,"time":"2024-01-02T23:33:20.064Z"}},{"iob":-0.022,"basaliob":-0.045,"bolussnooze":0,"activity":-3.0E-4,"lastBolusTime":1704227602777,"time":"2024-01-02T23:38:20.064Z","iobWithZeroTemp":{"iob":-0.343,"basaliob":-0.366,"bolussnooze":0,"activity":-0.0038,"lastBolusTime":1704227602777,"time":"2024-01-02T23:38:20.064Z"}},{"iob":-0.02,"basaliob":-0.04,"bolussnooze":0,"activity":-3.0E-4,"lastBolusTime":1704227602777,"time":"2024-01-02T23:43:20.064Z","iobWithZeroTemp":{"iob":-0.344,"basaliob":-0.364,"bolussnooze":0,"activity":-0.0038,"lastBolusTime":1704227602777,"time":"2024-01-02T23:43:20.064Z"}},{"iob":-0.019,"basaliob":-0.036,"bolussnooze":0,"activity":-3.0E-4,"lastBolusTime":1704227602777,"time":"2024-01-02T23:48:20.064Z","iobWithZeroTemp":{"iob":-0.346,"basaliob":-0.363,"bolussnooze":0,"activity":-0.0039,"lastBolusTime":1704227602777,"time":"2024-01-02T23:48:20.064Z"}},{"iob":-0.018,"basaliob":-0.032,"bolussnooze":0,"activity":-2.0E-4,"lastBolusTime":1704227602777,"time":"2024-01-02T23:53:20.064Z","iobWithZeroTemp":{"iob":-0.348,"basaliob":-0.362,"bolussnooze":0,"activity":-0.0039,"lastBolusTime":1704227602777,"time":"2024-01-02T23:53:20.064Z"}},{"iob":-0.017,"basaliob":-0.029,"bolussnooze":0,"activity":-3.0E-4,"lastBolusTime":1704227602777,"time":"2024-01-02T23:58:20.064Z","iobWithZeroTemp":{"iob":-0.349,"basaliob":-0.361,"bolussnooze":0,"activity":-0.004,"lastBolusTime":1704227602777,"time":"2024-01-02T23:58:20.064Z"}},{"iob":-0.016,"basaliob":-0.026,"bolussnooze":0,"activity":-2.0E-4,"lastBolusTime":1704227602777,"time":"2024-01-03T00:03:20.064Z","iobWithZeroTemp":{"iob":-0.35,"basaliob":-0.36,"bolussnooze":0,"activity":-0.004,"lastBolusTime":1704227602777,"time":"2024-01-03T00:03:20.064Z"}},{"iob":-0.014,"basaliob":-0.023,"bolussnooze":0,"activity":-2.0E-4,"lastBolusTime":1704227602777,"time":"2024-01-03T00:08:20.064Z","iobWithZeroTemp":{"iob":-0.35,"basaliob":-0.359,"bolussnooze":0,"activity":-0.004,"lastBolusTime":1704227602777,"time":"2024-01-03T00:08:20.064Z"}},{"iob":-0.013,"basaliob":-0.02,"bolussnooze":0,"activity":-2.0E-4,"lastBolusTime":1704227602777,"time":"2024-01-03T00:13:20.064Z","iobWithZeroTemp":{"iob":-0.351,"basaliob":-0.358,"bolussnooze":0,"activity":-0.004,"lastBolusTime":1704227602777,"time":"2024-01-03T00:13:20.064Z"}},{"iob":-0.012,"basaliob":-0.018,"bolussnooze":0,"activity":-2.0E-4,"lastBolusTime":1704227602777,"time":"2024-01-03T00:18:20.064Z","iobWithZeroTemp":{"iob":-0.351,"basaliob":-0.357,"bolussnooze":0,"activity":-0.0041,"lastBolusTime":1704227602777,"time":"2024-01-03T00:18:20.064Z"}},{"iob":-0.011,"basaliob":-0.016,"bolussnooze":0,"activity":-2.0E-4,"lastBolusTime":1704227602777,"time":"2024-01-03T00:23:20.064Z","iobWithZeroTemp":{"iob":-0.352,"basaliob":-0.357,"bolussnooze":0,"activity":-0.0041,"lastBolusTime":1704227602777,"time":"2024-01-03T00:23:20.064Z"}},{"iob":-0.01,"basaliob":-0.014,"bolussnooze":0,"activity":-2.0E-4,"lastBolusTime":1704227602777,"time":"2024-01-03T00:28:20.064Z","iobWithZeroTemp":{"iob":-0.352,"basaliob":-0.356,"bolussnooze":0,"activity":-0.0041,"lastBolusTime":1704227602777,"time":"2024-01-03T00:28:20.064Z"}},{"iob":-0.009,"basaliob":-0.012,"bolussnooze":0,"activity":-2.0E-4,"lastBolusTime":1704227602777,"time":"2024-01-03T00:33:20.064Z","iobWithZeroTemp":{"iob":-0.352,"basaliob":-0.355,"bolussnooze":0,"activity":-0.0042,"lastBolusTime":1704227602777,"time":"2024-01-03T00:33:20.064Z"}},{"iob":-0.008,"basaliob":-0.011,"bolussnooze":0,"activity":-2.0E-4,"lastBolusTime":1704227602777,"time":"2024-01-03T00:38:20.064Z","iobWithZeroTemp":{"iob":-0.352,"basaliob":-0.355,"bolussnooze":0,"activity":-0.0042,"lastBolusTime":1704227602777,"time":"2024-01-03T00:38:20.064Z"}},{"iob":-0.007,"basaliob":-0.009,"bolussnooze":0,"activity":-2.0E-4,"lastBolusTime":1704227602777,"time":"2024-01-03T00:43:20.064Z","iobWithZeroTemp":{"iob":-0.352,"basaliob":-0.354,"bolussnooze":0,"activity":-0.0042,"lastBolusTime":1704227602777,"time":"2024-01-03T00:43:20.064Z"}},{"iob":-0.006,"basaliob":-0.008,"bolussnooze":0,"activity":-1.0E-4,"lastBolusTime":1704227602777,"time":"2024-01-03T00:48:20.064Z","iobWithZeroTemp":{"iob":-0.352,"basaliob":-0.354,"bolussnooze":0,"activity":-0.0041,"lastBolusTime":1704227602777,"time":"2024-01-03T00:48:20.064Z"}},{"iob":-0.006,"basaliob":-0.007,"bolussnooze":0,"activity":-1.0E-4,"lastBolusTime":1704227602777,"time":"2024-01-03T00:53:20.064Z","iobWithZeroTemp":{"iob":-0.352,"basaliob":-0.353,"bolussnooze":0,"activity":-0.0041,"lastBolusTime":1704227602777,"time":"2024-01-03T00:53:20.064Z"}},{"iob":-0.005,"basaliob":-0.006,"bolussnooze":0,"activity":-1.0E-4,"lastBolusTime":1704227602777,"time":"2024-01-03T00:58:20.064Z","iobWithZeroTemp":{"iob":-0.352,"basaliob":-0.353,"bolussnooze":0,"activity":-0.0042,"lastBolusTime":1704227602777,"time":"2024-01-03T00:58:20.064Z"}},{"iob":-0.004,"basaliob":-0.005,"bolussnooze":0,"activity":-2.0E-4,"lastBolusTime":1704227602777,"time":"2024-01-03T01:03:20.064Z","iobWithZeroTemp":{"iob":-0.347,"basaliob":-0.348,"bolussnooze":0,"activity":-0.0043,"lastBolusTime":1704227602777,"time":"2024-01-03T01:03:20.064Z"}},{"iob":-0.003,"basaliob":-0.004,"bolussnooze":0,"activity":-1.0E-4,"lastBolusTime":1704227602777,"time":"2024-01-03T01:08:20.064Z","iobWithZeroTemp":{"iob":-0.343,"basaliob":-0.344,"bolussnooze":0,"activity":-0.0042,"lastBolusTime":1704227602777,"time":"2024-01-03T01:08:20.064Z"}},{"iob":-0.004,"basaliob":-0.004,"bolussnooze":0,"activity":-1.0E-4,"lastBolusTime":1704227602777,"time":"2024-01-03T01:13:20.064Z","iobWithZeroTemp":{"iob":-0.34,"basaliob":-0.34,"bolussnooze":0,"activity":-0.0042,"lastBolusTime":1704227602777,"time":"2024-01-03T01:13:20.064Z"}},{"iob":-0.003,"basaliob":-0.003,"bolussnooze":0,"activity":-1.0E-4,"lastBolusTime":1704227602777,"time":"2024-01-03T01:18:20.064Z","iobWithZeroTemp":{"iob":-0.336,"basaliob":-0.336,"bolussnooze":0,"activity":-0.0041,"lastBolusTime":1704227602777,"time":"2024-01-03T01:18:20.064Z"}},{"iob":-0.003,"basaliob":-0.003,"bolussnooze":0,"activity":-1.0E-4,"lastBolusTime":1704227602777,"time":"2024-01-03T01:23:20.064Z","iobWithZeroTemp":{"iob":-0.332,"basaliob":-0.332,"bolussnooze":0,"activity":-0.0041,"lastBolusTime":1704227602777,"time":"2024-01-03T01:23:20.064Z"}}],"profile":{"max_iob":0,"type":"current","max_daily_basal":0.35,"max_basal":1.05,"min_bg":135,"max_bg":135,"target_bg":135,"carb_ratio":8.8,"sens":120,"max_daily_safety_multiplier":3,"current_basal_safety_multiplier":4,"lgsThreshold":95,"high_temptarget_raises_sensitivity":true,"low_temptarget_lowers_sensitivity":true,"sensitivity_raises_target":true,"resistance_lowers_target":true,"adv_target_adjustments":false,"exercise_mode":false,"half_basal_exercise_target":160,"maxCOB":120,"skip_neutral_temps":false,"remainingCarbsCap":90,"enableUAM":true,"A52_risk_enable":false,"SMBInterval":6,"enableSMB_with_COB":true,"enableSMB_with_temptarget":true,"allowSMB_with_high_temptarget":false,"enableSMB_always":false,"enableSMB_after_carbs":true,"maxSMBBasalMinutes":45,"maxUAMSMBBasalMinutes":40,"bolus_increment":0.05,"carbsReqThreshold":2,"current_basal":0.3,"temptargetSet":true,"autosens_max":1.3,"autosens_min":0.7,"variable_sens":233.1,"insulinDivisor":75,"TDD":11.594237714285715},"autosens_data":{"ratio":0.8693911508586754},"meal_data":{"carbs":36,"mealCOB":4.526799999999999,"slopeFromMaxDeviation":-0.2927272727272728,"slopeFromMinDeviation":1.4135,"lastBolusTime":1704227602777,"lastCarbTime":1704222941339},"microBolusAllowed":true,"currentTime":1704230901821,"flatBGsDetected":false,"tdd1D":10.2375,"tdd7D":15.997785714285714,"tddLast24H":13.908333333333331,"tddLast4H":2.2874999999999996,"tddLast8to4H":4.216666666666667},"output":{"temp":"absolute","bg":71,"tick":"+2","eventualBG":180,"targetBG":135,"insulinReq":0,"deliverAt":"2024-01-02T21:28:21.821Z","sensitivityRatio":0.63,"variable_sens":233.1,"predBGs":{"IOB":[71,73,75,77,80,82,84,86,87,88,89,90,90,90,90,90,90,91,91,91,92,92,92,93,93,93,94,94,94,95,95,95,95,96,96,96,96,96,97,97,97,97,97,97,97,97,98],"ZT":[71,67,64,61,59,57,56,56,57,58,59,61,63,66,68,71,74,78,81,84,87,91,94,97,101,104,108,111,114,117,121,124,127,130,133],"COB":[71,73,76,79,83,87,91,95,99,104,108,113,117,121,126,130,134,138,141,145,148,152,154,157,160,163,165,167,169,171,173,174,175,176,177,178,178,178,179,179,179,179,179,179,180],"UAM":[71,73,75,78,80,83,85,87,89,91,93,94,95,95,95,95,96,96,96,97,97,97,98,98,98,99,99,99,100,100,100,100,100,101,101,101,101,101,102,102,102,102,102,102,102,102,103]},"reason":"COB: 4.5, Dev: 38, BGI: -4, ISF: 233, CR: 8.8, Target: 135, minPredBG 112, minGuardBG 73, IOBpredBG 98, COBpredBG 180, UAMpredBG 103; minGuardBG 73<95 80m left and 0 ~ req 0U\/hr: no temp required","COB":4.526799999999999,"IOB":0.021,"timestamp":"2024-01-02T21:28:21.852Z"}}