{"algorithm":"OpenAPSSMBDynamicISFPlugin","input":{"glucoseStatus":{"glucose":69,"noise":0,"delta":-8.61,"short_avgdelta":-8.61,"long_avgdelta":-6.87,"date":1704215874000},"currenttemp":{"temp":"absolute","duration":90,"rate":0,"minutesrunning":30},"iob_data":[{"iob":1.74,"basaliob":-0.102,"bolussnooze":0.9712,"activity":0.0203,"lastBolusTime":1704214581404,"time":"2024-01-02T17:18:19.601Z","iobWithZeroTemp":{"iob":1.74,"basaliob":-0.102,"bolussnooze":0.9712,"activity":0.0203,"lastBolusTime":1704214581404,"time":"2024-01-02T17:18:19.601Z"}},{"iob":1.639,"basaliob":-0.097,"bolussnooze":0.8497,"activity":0.0203,"lastBolusTime":1704214581404,"time":"2024-01-02T17:23:19.601Z","iobWithZeroTemp":{"iob":1.632,"basaliob":-0.104,"bolussnooze":0.8497,"activity":0.0203,"lastBolusTime":1704214581404,"time":"2024-01-02T17:23:19.601Z"}},{"iob":1.538,"basaliob":-0.092,"bolussnooze":0.7355,"activity":0.02,"lastBolusTime":1704214581404,"time":"2024-01-02T17:28:19.601Z","iobWithZeroTemp":{"iob":1.523,"basaliob":-0.107,"bolussnooze":0.7355,"activity":0.02,"lastBolusTime":1704214581404,"time":"2024-01-02T17:28:19.601Z"}},{"iob":1.44,"basaliob":-0.086,"bolussnooze":0.6308,"activity":0.0196,"lastBolusTime":1704214581404,"time":"2024-01-02T17:33:19.601Z","iobWithZeroTemp":{"iob":1.417,"basaliob":-0.109,"bolussnooze":0.6308,"activity":0.0195,"lastBolusTime":1704214581404,"time":"2024-01-02T17:33:19.601Z"}},{"iob":1.344,"basaliob":-0.081,"bolussnooze":0.5365,"activity":0.019,"lastBolusTime":1704214581404,"time":"2024-01-02T17:38:19.601Z","iobWithZeroTemp":{"iob":1.313,"basaliob":-0.112,"bolussnooze":0.5365,"activity":0.0189,"lastBolusTime":1704214581404,"time":"2024-01-02T17:38:19.601Z"}},{"iob":1.25,"basaliob":-0.076,"bolussnooze":0.4529,"activity":0.0183,"lastBolusTime":1704214581404,"time":"2024-01-02T17:43:19.601Z","iobWithZeroTemp":{"iob":1.212,"basaliob":-0.114,"bolussnooze":0.4529,"activity":0.0181,"lastBolusTime":1704214581404,"time":"2024-01-02T17:43:19.601Z"}},{"iob":1.161,"basaliob":-0.071,"bolussnooze":0.3797,"activity":0.0175,"lastBolusTime":1704214581404,"time":"2024-01-02T17:48:19.601Z","iobWithZeroTemp":{"iob":1.115,"basaliob":-0.117,"bolussnooze":0.3797,"activity":0.0173,"lastBolusTime":1704214581404,"time":"2024-01-02T17:48:19.601Z"}},{"iob":1.075,"basaliob":-0.067,"bolussnooze":0.3162,"activity":0.0167,"lastBolusTime":1704214581404,"time":"2024-01-02T17:53:19.601Z","iobWithZeroTemp":{"iob":1.022,"basaliob":-0.12,"bolussnooze":0.3162,"activity":0.0164,"lastBolusTime":1704214581404,"time":"2024-01-02T17:53:19.601Z"}},{"iob":0.994,"basaliob":-0.062,"bolussnooze":0.2616,"activity":0.0159,"lastBolusTime":1704214581404,"time":"2024-01-02T17:58:19.601Z","iobWithZeroTemp":{"iob":0.935,"basaliob":-0.121,"bolussnooze":0.2616,"activity":0.0155,"lastBolusTime":1704214581404,"time":"2024-01-02T17:58:19.601Z"}},{"iob":0.917,"basaliob":-0.057,"bolussnooze":0.2152,"activity":0.015,"lastBolusTime":1704214581404,"time":"2024-01-02T18:03:19.601Z","iobWithZeroTemp":{"iob":0.851,"basaliob":-0.123,"bolussnooze":0.2152,"activity":0.0146,"lastBolusTime":1704214581404,"time":"2024-01-02T18:03:19.601Z"}},{"iob":0.844,"basaliob":-0.053,"bolussnooze":0.1759,"activity":0.0141,"lastBolusTime":1704214581404,"time":"2024-01-02T18:08:19.601Z","iobWithZeroTemp":{"iob":0.772,"basaliob":-0.125,"bolussnooze":0.1759,"activity":0.0136,"lastBolusTime":1704214581404,"time":"2024-01-02T18:08:19.601Z"}},{"iob":0.776,"basaliob":-0.049,"bolussnooze":0.1429,"activity":0.0132,"lastBolusTime":1704214581404,"time":"2024-01-02T18:13:19.601Z","iobWithZeroTemp":{"iob":0.699,"basaliob":-0.126,"bolussnooze":0.1429,"activity":0.0126,"lastBolusTime":1704214581404,"time":"2024-01-02T18:13:19.601Z"}},{"iob":0.712,"basaliob":-0.045,"bolussnooze":0.1154,"activity":0.0125,"lastBolusTime":1704214581404,"time":"2024-01-02T18:18:19.601Z","iobWithZeroTemp":{"iob":0.63,"basaliob":-0.127,"bolussnooze":0.1154,"activity":0.0118,"lastBolusTime":1704214581404,"time":"2024-01-02T18:18:19.601Z"}},{"iob":0.651,"basaliob":-0.042,"bolussnooze":0.0927,"activity":0.0116,"lastBolusTime":1704214581404,"time":"2024-01-02T18:23:19.601Z","iobWithZeroTemp":{"iob":0.564,"basaliob":-0.129,"bolussnooze":0.0927,"activity":0.0109,"lastBolusTime":1704214581404,"time":"2024-01-02T18:23:19.601Z"}},{"iob":0.596,"basaliob":-0.038,"bolussnooze":0.0739,"activity":0.0108,"lastBolusTime":1704214581404,"time":"2024-01-02T18:28:19.601Z","iobWithZeroTemp":{"iob":0.504,"basaliob":-0.13,"bolussnooze":0.0739,"activity":0.01,"lastBolusTime":1704214581404,"time":"2024-01-02T18:28:19.601Z"}},{"iob":0.544,"basaliob":-0.035,"bolussnooze":0.0586,"activity":0.01,"lastBolusTime":1704214581404,"time":"2024-01-02T18:33:19.601Z","iobWithZeroTemp":{"iob":0.448,"basaliob":-0.131,"bolussnooze":0.0586,"activity":0.0091,"lastBolusTime":1704214581404,"time":"2024-01-02T18:33:19.601Z"}},{"iob":0.495,"basaliob":-0.032,"bolussnooze":0.0461,"activity":0.0093,"lastBolusTime":1704214581404,"time":"2024-01-02T18:38:19.601Z","iobWithZeroTemp":{"iob":0.395,"basaliob":-0.132,"bolussnooze":0.0461,"activity":0.0084,"lastBolusTime":1704214581404,"time":"2024-01-02T18:38:19.601Z"}},{"iob":0.451,"basaliob":-0.029,"bolussnooze":0.036,"activity":0.0086,"lastBolusTime":1704214581404,"time":"2024-01-02T18:43:19.601Z","iobWithZeroTemp":{"iob":0.347,"basaliob":-0.133,"bolussnooze":0.036,"activity":0.0076,"lastBolusTime":1704214581404,"time":"2024-01-02T18:43:19.601Z"}},{"iob":0.409,"basaliob":-0.027,"bolussnooze":0.0279,"activity":0.0079,"lastBolusTime":1704214581404,"time":"2024-01-02T18:48:19.601Z","iobWithZeroTemp":{"iob":0.302,"basaliob":-0.134,"bolussnooze":0.0279,"activity":0.0069,"lastBolusTime":1704214581404,"time":"2024-01-02T18:48:19.601Z"}},{"iob":0.371,"basaliob":-0.024,"bolussnooze":0.0213,"activity":0.0073,"lastBolusTime":1704214581404,"time":"2024-01-02T18:53:19.601Z","iobWithZeroTemp":{"iob":0.261,"basaliob":-0.134,"bolussnooze":0.0213,"activity":0.0062,"lastBolusTime":1704214581404,"time":"2024-01-02T18:53:19.601Z"}},{"iob":0.336,"basaliob":-0.022,"bolussnooze":0.0161,"activity":0.0068,"lastBolusTime":1704214581404,"time":"2024-01-02T18:58:19.601Z","iobWithZeroTemp":{"iob":0.223,"basaliob":-0.135,"bolussnooze":0.0161,"activity":0.0057,"lastBolusTime":1704214581404,"time":"2024-01-02T18:58:19.601Z"}},{"iob":0.304,"basaliob":-0.02,"bolussnooze":0.012,"activity":0.0062,"lastBolusTime":1704214581404,"time":"2024-01-02T19:03:19.601Z","iobWithZeroTemp":{"iob":0.168,"basaliob":-0.156,"bolussnooze":0.012,"activity":0.005,"lastBolusTime":1704214581404,"time":"2024-01-02T19:03:19.601Z"}},{"iob":0.274,"basaliob":-0.018,"bolussnooze":0.0088,"activity":0.0056,"lastBolusTime":1704214581404,"time":"2024-01-02T19:08:19.601Z","iobWithZeroTemp":{"iob":0.115,"basaliob":-0.177,"bolussnooze":0.0088,"activity":0.0043,"lastBolusTime":1704214581404,"time":"2024-01-02T19:08:19.601Z"}},{"iob":0.246,"basaliob":-0.017,"bolussnooze":0.0063,"activity":0.0052,"lastBolusTime":1704214581404,"time":"2024-01-02T19:13:19.601Z","iobWithZeroTemp":{"iob":0.065,"basaliob":-0.198,"bolussnooze":0.0063,"activity":0.0038,"lastBolusTime":1704214581404,"time":"2024-01-02T19:13:19.601Z"}},{"iob":0.222,"basaliob":-0.015,"bolussnooze":0.0044,"activity":0.0047,"lastBolusTime":1704214581404,"time":"2024-01-02T19:18:19.601Z","iobWithZeroTemp":{"iob":0.019,"basaliob":-0.218,"bolussnooze":0.0044,"activity":0.0031,"lastBolusTime":1704214581404,"time":"2024-01-02T19:18:19.601Z"}},{"iob":0.199,"basaliob":-0.014,"bolussnooze":0.0029,"activity":0.0043,"lastBolusTime":1704214581404,"time":"2024-01-02T19:23:19.601Z","iobWithZeroTemp":{"iob":-0.024,"basaliob":-0.237,"bolussnooze":0.0029,"activity":0.0025,"lastBolusTime":1704214581404,"time":"2024-01-02T19:23:19.601Z"}},{"iob":0.179,"basaliob":-0.012,"bolussnooze":0.0019,"activity":0.0039,"lastBolusTime":1704214581404,"time":"2024-01-02T19:28:19.601Z","iobWithZeroTemp":{"iob":-0.064,"basaliob":-0.255,"bolussnooze":0.0019,"activity":0.0019,"lastBolusTime":1704214581404,"time":"2024-01-02T19:28:19.601Z"}},{"iob":0.16,"basaliob":-0.011,"bolussnooze":0.0011,"activity":0.0036,"lastBolusTime":1704214581404,"time":"2024-01-02T19:33:19.601Z","iobWithZeroTemp":{"iob":-0.102,"basaliob":-0.273,"bolussnooze":0.0011,"activity":0.0014,"lastBolusTime":1704214581404,"time":"2024-01-02T19:33:19.601Z"}},{"iob":0.143,"basaliob":-0.01,"bolussnooze":6.0E-4,"activity":0.0033,"lastBolusTime":1704214581404,"time":"2024-01-02T19:38:19.601Z","iobWithZeroTemp":{"iob":-0.136,"basaliob":-0.289,"bolussnooze":6.0E-4,"activity":9.0E-4,"lastBolusTime":1704214581404,"time":"2024-01-02T19:38:19.601Z"}},{"iob":0.127,"basaliob":-0.009,"bolussnooze":3.0E-4,"activity":0.0029,"lastBolusTime":1704214581404,"time":"2024-01-02T19:43:19.601Z","iobWithZeroTemp":{"iob":-0.169,"basaliob":-0.305,"bolussnooze":3.0E-4,"activity":3.0E-4,"lastBolusTime":1704214581404,"time":"2024-01-02T19:43:19.601Z"}},{"iob":0.113,"basaliob":-0.008,"bolussnooze":1.0E-4,"activity":0.0026,"lastBolusTime":1704214581404,"time":"2024-01-02T19:48:19.601Z","iobWithZeroTemp":{"iob":-0.199,"basaliob":-0.32,"bolussnooze":1.0E-4,"activity":-2.0E-4,"lastBolusTime":1704214581404,"time":"2024-01-02T19:48:19.601Z"}},{"iob":0.101,"basaliob":-0.007,"bolussnooze":0,"activity":0.0024,"lastBolusTime":1704214581404,"time":"2024-01-02T19:53:19.601Z","iobWithZeroTemp":{"iob":-0.226,"basaliob":-0.334,"bolussnooze":0,"activity":-6.0E-4,"lastBolusTime":1704214581404,"time":"2024-01-02T19:53:19.601Z"}},{"iob":0.089,"basaliob":-0.006,"bolussnooze":0,"activity":0.0022,"lastBolusTime":1704214581404,"time":"2024-01-02T19:58:19.601Z","iobWithZeroTemp":{"iob":-0.252,"basaliob":-0.347,"bolussnooze":0,"activity":-0.001,"lastBolusTime":1704214581404,"time":"2024-01-02T19:58:19.601Z"}},{"iob":0.078,"basaliob":-0.006,"bolussnooze":0,"activity":0.002,"lastBolusTime":1704214581404,"time":"2024-01-02T20:03:19.601Z","iobWithZeroTemp":{"iob":-0.276,"basaliob":-0.36,"bolussnooze":0,"activity":-0.0013,"lastBolusTime":1704214581404,"time":"2024-01-02T20:03:19.601Z"}},{"iob":0.07,"basaliob":-0.005,"bolussnooze":0,"activity":0.0018,"lastBolusTime":1704214581404,"time":"2024-01-02T20:08:19.601Z","iobWithZeroTemp":{"iob":-0.296,"basaliob":-0.371,"bolussnooze":0,"activity":-0.0017,"lastBolusTime":1704214581404,"time":"2024-01-02T20:08:19.601Z"}},{"iob":0.062,"basaliob":-0.004,"bolussnooze":0,"activity":0.0016,"lastBolusTime":1704214581404,"time":"2024-01-02T20:13:19.601Z","iobWithZeroTemp":{"iob":-0.315,"basaliob":-0.381,"bolussnooze":0,"activity":-0.0021,"lastBolusTime":1704214581404,"time":"2024-01-02T20:13:19.601Z"}},{"iob":0.054,"basaliob":-0.004,"bolussnooze":0,"activity":0.0014,"lastBolusTime":1704214581404,"time":"2024-01-02T20:18:19.601Z","iobWithZeroTemp":{"iob":-0.333,"basaliob":-0.391,"bolussnooze":0,"activity":-0.0024,"lastBolusTime":1704214581404,"time":"2024-01-02T20:18:19.601Z"}},{"iob":0.048,"basaliob":-0.003,"bolussnooze":0,"activity":0.0012,"lastBolusTime":1704214581404,"time":"2024-01-02T20:23:19.601Z","iobWithZeroTemp":{"iob":-0.348,"basaliob":-0.399,"bolussnooze":0,"activity":-0.0028,"lastBolusTime":1704214581404,"time":"2024-01-02T20:23:19.601Z"}},{"iob":0.041,"basaliob":-0.003,"bolussnooze":0,"activity":0.0011,"lastBolusTime":1704214581404,"time":"2024-01-02T20:28:19.601Z","iobWithZeroTemp":{"iob":-0.364,"basaliob":-0.408,"bolussnooze":0,"activity":-0.003,"lastBolusTime":1704214581404,"time":"2024-01-02T20:28:19.601Z"}},{"iob":0.036,"basaliob":-0.003,"bolussnooze":0,"activity":0.001,"lastBolusTime":1704214581404,"time":"2024-01-02T20:33:19.601Z","iobWithZeroTemp":{"iob":-0.377,"basaliob":-0.416,"bolussnooze":0,"activity":-0.0033,"lastBolusTime":1704214581404,"time":"2024-01-02T20:33:19.601Z"}},{"iob":0.031,"basaliob":-0.002,"bolussnooze":0,"activity":8.0E-4,"lastBolusTime":1704214581404,"time":"2024-01-02T20:38:19.601Z","iobWithZeroTemp":{"iob":-0.39,"basaliob":-0.423,"bolussnooze":0,"activity":-0.0036,"lastBolusTime":1704214581404,"time":"2024-01-02T20:38:19.601Z"}},{"iob":0.027,"basaliob":-0.002,"bolussnooze":0,"activity":7.0E-4,"lastBolusTime":1704214581404,"time":"2024-01-02T20:43:19.601Z","iobWithZeroTemp":{"iob":-0.401,"basaliob":-0.43,"bolussnooze":0,"activity":-0.0038,"lastBolusTime":1704214581404,"time":"2024-01-02T20:43:19.601Z"}},{"iob":0.023,"basaliob":-0.002,"bolussnooze":0,"activity":7.0E-4,"lastBolusTime":1704214581404,"time":"2024-01-02T20:48:19.601Z","iobWithZeroTemp":{"iob":-0.411,"basaliob":-0.436,"bolussnooze":0,"activity":-0.0039,"lastBolusTime":1704214581404,"time":"2024-01-02T20:48:19.601Z"}},{"iob":0.02,"basaliob":-0.002,"bolussnooze":0,"activity":7.0E-4,"lastBolusTime":1704214581404,"time":"2024-01-02T20:53:19.601Z","iobWithZeroTemp":{"iob":-0.42,"basaliob":-0.442,"bolussnooze":0,"activity":-0.004,"lastBolusTime":1704214581404,"time":"2024-01-02T20:53:19.601Z"}},{"iob":0.018,"basaliob":-0.001,"bolussnooze":0,"activity":6.0E-4,"lastBolusTime":1704214581404,"time":"2024-01-02T20:58:19.601Z","iobWithZeroTemp":{"iob":-0.427,"basaliob":-0.446,"bolussnooze":0,"activity":-0.0042,"lastBolusTime":1704214581404,"time":"2024-01-02T20:58:19.601Z"}},{"iob":0.015,"basaliob":-0.001,"bolussnooze":0,"activity":5.0E-4,"lastBolusTime":1704214581404,"time":"2024-01-02T21:03:19.601Z","iobWithZeroTemp":{"iob":-0.43,"basaliob":-0.446,"bolussnooze":0,"activity":-0.0044,"lastBolusTime":1704214581404,"time":"2024-01-02T21:03:19.601Z"}},{"iob":0.012,"basaliob":-0.001,"bolussnooze":0,"activity":4.0E-4,"lastBolusTime":1704214581404,"time":"2024-01-02T21:08:19.601Z","iobWithZeroTemp":{"iob":-0.434,"basaliob":-0.447,"bolussnooze":0,"activity":-0.0046,"lastBolusTime":1704214581404,"time":"2024-01-02T21:08:19.601Z"}},{"iob":0.01,"basaliob":-0.001,"bolussnooze":0,"activity":4.0E-4,"lastBolusTime":1704214581404,"time":"2024-01-02T21:13:19.601Z","iobWithZeroTemp":{"iob":-0.436,"basaliob":-0.447,"bolussnooze":0,"activity":-0.0047,"lastBolusTime":1704214581404,"time":"2024-01-02T21:13:19.601Z"}}],"profile":{"max_iob":10,"type":"current","max_daily_basal":0.35,"max_basal":0.4,"min_bg":130,"max_bg":130,"target_bg":130,"carb_ratio":8.8,"sens":120,"max_daily_safety_multiplier":3,"current_basal_safety_multiplier":4,"lgsThreshold":95,"high_temptarget_raises_sensitivity":true,"low_temptarget_lowers_sensitivity":true,"sensitivity_raises_target":true,"resistance_lowers_target":true,"adv_target_adjustments":false,"exercise_mode":false,"half_basal_exercise_target":160,"maxCOB":120,"skip_neutral_temps":false,"remainingCarbsCap":90,"enableUAM":true,"A52_risk_enable":false,"SMBInterval":6,"enableSMB_with_COB":true,"enableSMB_with_temptarget":true,"allowSMB_with_high_temptarget":false,"enableSMB_always":false,"enableSMB_after_carbs":true,"maxSMBBasalMinutes":45,"maxUAMSMBBasalMinutes":40,"bolus_increment":0.05,"carbsReqThreshold":2,"current_basal":0.1,"temptargetSet":true,"autosens_max":1.3,"autosens_min":0.7,"variable_sens":214.3,"insulinDivisor":75,"TDD":12.878597714285716},"autosens_data":{"ratio":0.8993432126767541},"meal_data":{"carbs":18,"mealCOB":16.53333333333333,"slopeFromMaxDeviation":-0.6415000000000002,"slopeFromMinDeviation":0.4988181818181818,"lastBolusTime":1704214581404,"lastCarbTime":1704214575755},"microBolusAllowed":true,"currentTime":1704215900084,"flatBGsDetected":false,"tdd1D":10.2375,"tdd7D":15.997785714285714,"tddLast24H":14.387499999999996,"tddLast4H":4.495833333333334,"tddLast8to4H":1.7666666666666668},"output":{"temp":"absolute","bg":69,"tick":-9,"eventualBG":66,"targetBG":130,"insulinReq":0,"deliverAt":"2024-01-02T17:18:20.084Z","sensitivityRatio":0.67,"variable_sens":214.3,"predBGs":{"IOB":[69,59,46,39,39,39,39,39,39,39,39,39,39],"ZT":[69,47,39,39,39,39,39,39,39,39,39,39,39,39,39,39,39,39,39,39,39,39,39,39,39,39,39,39,39,39,39,39,39,39,39,39,39,39,39,39,39,39,39,39,39,39,39,39],"COB":[69,60,51,42,39,39,39,39,39,39,39,39,39,39,39,39,39,39,39,39,39,39,39,39,39,39,39,39,39,39,39,39,39,39,39,39,39,39,39,41,45,48,52,55,58,60,63,66],"UAM":[69,60,47,39,39,39,39,39,39,39,39,39,39]},"reason":"COB: 16.5, Dev: 79, BGI: -22, ISF: 214, CR: 8.8, Target: 130, minPredBG 32, minGuardBG -51, IOBpredBG 39, COBpredBG 66, UAMpredBG 39; 4 add'l carbs req w\/in 0m; minGuardBG -51<95","COB":16.53333333333333,"IOB":1.74,"carbsReq":4,"carbsReqWithin":0,"duration":120,"rate":0,"timestamp":"2024-01-02T17:18:20.091Z"}}