{"algorithm":"OpenAPSSMBDynamicISFPlugin","input":{"glucoseStatus":{"glucose":102,"noise":0,"delta":-4.83,"short_avgdelta":-4.83,"long_avgdelta":-1.64,"date":1704225174000},"currenttemp":{"temp":"absolute","duration":115,"rate":0,"minutesrunning":5},"iob_data":[{"iob":1.435,"basaliob":-0.266,"bolussnooze":0.8902,"activity":0.0173,"lastBolusTime":1704222944580,"time":"2024-01-02T19:53:19.157Z","iobWithZeroTemp":{"iob":1.435,"basaliob":-0.266,"bolussnooze":0.8902,"activity":0.0173,"lastBolusTime":1704222944580,"time":"2024-01-02T19:53:19.157Z"}},{"iob":1.348,"basaliob":-0.254,"bolussnooze":0.7622,"activity":0.0172,"lastBolusTime":1704222944580,"time":"2024-01-02T19:58:19.157Z","iobWithZeroTemp":{"iob":1.325,"basaliob":-0.277,"bolussnooze":0.7622,"activity":0.0172,"lastBolusTime":1704222944580,"time":"2024-01-02T19:58:19.157Z"}},{"iob":1.263,"basaliob":-0.241,"bolussnooze":0.6475,"activity":0.0168,"lastBolusTime":1704222944580,"time":"2024-01-02T20:03:19.157Z","iobWithZeroTemp":{"iob":1.211,"basaliob":-0.293,"bolussnooze":0.6475,"activity":0.0167,"lastBolusTime":1704222944580,"time":"2024-01-02T20:03:19.157Z"}},{"iob":1.18,"basaliob":-0.228,"bolussnooze":0.546,"activity":0.0164,"lastBolusTime":1704222944580,"time":"2024-01-02T20:08:19.157Z","iobWithZeroTemp":{"iob":1.099,"basaliob":-0.309,"bolussnooze":0.546,"activity":0.0162,"lastBolusTime":1704222944580,"time":"2024-01-02T20:08:19.157Z"}},{"iob":1.099,"basaliob":-0.215,"bolussnooze":0.4572,"activity":0.0158,"lastBolusTime":1704222944580,"time":"2024-01-02T20:13:19.157Z","iobWithZeroTemp":{"iob":0.991,"basaliob":-0.323,"bolussnooze":0.4572,"activity":0.0154,"lastBolusTime":1704222944580,"time":"2024-01-02T20:13:19.157Z"}},{"iob":1.022,"basaliob":-0.202,"bolussnooze":0.3804,"activity":0.0152,"lastBolusTime":1704222944580,"time":"2024-01-02T20:18:19.157Z","iobWithZeroTemp":{"iob":0.887,"basaliob":-0.337,"bolussnooze":0.3804,"activity":0.0146,"lastBolusTime":1704222944580,"time":"2024-01-02T20:18:19.157Z"}},{"iob":0.948,"basaliob":-0.189,"bolussnooze":0.3145,"activity":0.0145,"lastBolusTime":1704222944580,"time":"2024-01-02T20:23:19.157Z","iobWithZeroTemp":{"iob":0.788,"basaliob":-0.349,"bolussnooze":0.3145,"activity":0.0137,"lastBolusTime":1704222944580,"time":"2024-01-02T20:23:19.157Z"}},{"iob":0.877,"basaliob":-0.176,"bolussnooze":0.2584,"activity":0.0138,"lastBolusTime":1704222944580,"time":"2024-01-02T20:28:19.157Z","iobWithZeroTemp":{"iob":0.692,"basaliob":-0.361,"bolussnooze":0.2584,"activity":0.0127,"lastBolusTime":1704222944580,"time":"2024-01-02T20:28:19.157Z"}},{"iob":0.81,"basaliob":-0.164,"bolussnooze":0.2109,"activity":0.013,"lastBolusTime":1704222944580,"time":"2024-01-02T20:33:19.157Z","iobWithZeroTemp":{"iob":0.602,"basaliob":-0.372,"bolussnooze":0.2109,"activity":0.0117,"lastBolusTime":1704222944580,"time":"2024-01-02T20:33:19.157Z"}},{"iob":0.747,"basaliob":-0.152,"bolussnooze":0.1711,"activity":0.0123,"lastBolusTime":1704222944580,"time":"2024-01-02T20:38:19.157Z","iobWithZeroTemp":{"iob":0.517,"basaliob":-0.382,"bolussnooze":0.1711,"activity":0.0107,"lastBolusTime":1704222944580,"time":"2024-01-02T20:38:19.157Z"}},{"iob":0.687,"basaliob":-0.141,"bolussnooze":0.1378,"activity":0.0116,"lastBolusTime":1704222944580,"time":"2024-01-02T20:43:19.157Z","iobWithZeroTemp":{"iob":0.436,"basaliob":-0.392,"bolussnooze":0.1378,"activity":0.0098,"lastBolusTime":1704222944580,"time":"2024-01-02T20:43:19.157Z"}},{"iob":0.631,"basaliob":-0.13,"bolussnooze":0.1103,"activity":0.0108,"lastBolusTime":1704222944580,"time":"2024-01-02T20:48:19.157Z","iobWithZeroTemp":{"iob":0.361,"basaliob":-0.4,"bolussnooze":0.1103,"activity":0.0087,"lastBolusTime":1704222944580,"time":"2024-01-02T20:48:19.157Z"}},{"iob":0.579,"basaliob":-0.12,"bolussnooze":0.0876,"activity":0.0101,"lastBolusTime":1704222944580,"time":"2024-01-02T20:53:19.157Z","iobWithZeroTemp":{"iob":0.29,"basaliob":-0.409,"bolussnooze":0.0876,"activity":0.0078,"lastBolusTime":1704222944580,"time":"2024-01-02T20:53:19.157Z"}},{"iob":0.529,"basaliob":-0.111,"bolussnooze":0.069,"activity":0.0095,"lastBolusTime":1704222944580,"time":"2024-01-02T20:58:19.157Z","iobWithZeroTemp":{"iob":0.223,"basaliob":-0.417,"bolussnooze":0.069,"activity":0.007,"lastBolusTime":1704222944580,"time":"2024-01-02T20:58:19.157Z"}},{"iob":0.484,"basaliob":-0.102,"bolussnooze":0.0538,"activity":0.0088,"lastBolusTime":1704222944580,"time":"2024-01-02T21:03:19.157Z","iobWithZeroTemp":{"iob":0.167,"basaliob":-0.419,"bolussnooze":0.0538,"activity":0.006,"lastBolusTime":1704222944580,"time":"2024-01-02T21:03:19.157Z"}},{"iob":0.441,"basaliob":-0.094,"bolussnooze":0.0416,"activity":0.0082,"lastBolusTime":1704222944580,"time":"2024-01-02T21:08:19.157Z","iobWithZeroTemp":{"iob":0.113,"basaliob":-0.422,"bolussnooze":0.0416,"activity":0.0052,"lastBolusTime":1704222944580,"time":"2024-01-02T21:08:19.157Z"}},{"iob":0.402,"basaliob":-0.086,"bolussnooze":0.0318,"activity":0.0076,"lastBolusTime":1704222944580,"time":"2024-01-02T21:13:19.157Z","iobWithZeroTemp":{"iob":0.064,"basaliob":-0.424,"bolussnooze":0.0318,"activity":0.0044,"lastBolusTime":1704222944580,"time":"2024-01-02T21:13:19.157Z"}},{"iob":0.366,"basaliob":-0.078,"bolussnooze":0.024,"activity":0.007,"lastBolusTime":1704222944580,"time":"2024-01-02T21:18:19.157Z","iobWithZeroTemp":{"iob":0.019,"basaliob":-0.425,"bolussnooze":0.024,"activity":0.0037,"lastBolusTime":1704222944580,"time":"2024-01-02T21:18:19.157Z"}},{"iob":0.332,"basaliob":-0.072,"bolussnooze":0.0178,"activity":0.0065,"lastBolusTime":1704222944580,"time":"2024-01-02T21:23:19.157Z","iobWithZeroTemp":{"iob":-0.023,"basaliob":-0.427,"bolussnooze":0.0178,"activity":0.003,"lastBolusTime":1704222944580,"time":"2024-01-02T21:23:19.157Z"}},{"iob":0.301,"basaliob":-0.065,"bolussnooze":0.013,"activity":0.006,"lastBolusTime":1704222944580,"time":"2024-01-02T21:28:19.157Z","iobWithZeroTemp":{"iob":-0.061,"basaliob":-0.427,"bolussnooze":0.013,"activity":0.0024,"lastBolusTime":1704222944580,"time":"2024-01-02T21:28:19.157Z"}},{"iob":0.273,"basaliob":-0.059,"bolussnooze":0.0093,"activity":0.0055,"lastBolusTime":1704222944580,"time":"2024-01-02T21:33:19.157Z","iobWithZeroTemp":{"iob":-0.096,"basaliob":-0.428,"bolussnooze":0.0093,"activity":0.0017,"lastBolusTime":1704222944580,"time":"2024-01-02T21:33:19.157Z"}},{"iob":0.246,"basaliob":-0.054,"bolussnooze":0.0064,"activity":0.005,"lastBolusTime":1704222944580,"time":"2024-01-02T21:38:19.157Z","iobWithZeroTemp":{"iob":-0.129,"basaliob":-0.429,"bolussnooze":0.0064,"activity":0.0011,"lastBolusTime":1704222944580,"time":"2024-01-02T21:38:19.157Z"}},{"iob":0.222,"basaliob":-0.049,"bolussnooze":0.0043,"activity":0.0045,"lastBolusTime":1704222944580,"time":"2024-01-02T21:43:19.157Z","iobWithZeroTemp":{"iob":-0.158,"basaliob":-0.429,"bolussnooze":0.0043,"activity":5.0E-4,"lastBolusTime":1704222944580,"time":"2024-01-02T21:43:19.157Z"}},{"iob":0.201,"basaliob":-0.044,"bolussnooze":0.0028,"activity":0.0042,"lastBolusTime":1704222944580,"time":"2024-01-02T21:48:19.157Z","iobWithZeroTemp":{"iob":-0.184,"basaliob":-0.429,"bolussnooze":0.0028,"activity":1.0E-4,"lastBolusTime":1704222944580,"time":"2024-01-02T21:48:19.157Z"}},{"iob":0.181,"basaliob":-0.04,"bolussnooze":0.0016,"activity":0.0038,"lastBolusTime":1704222944580,"time":"2024-01-02T21:53:19.157Z","iobWithZeroTemp":{"iob":-0.208,"basaliob":-0.429,"bolussnooze":0.0016,"activity":-4.0E-4,"lastBolusTime":1704222944580,"time":"2024-01-02T21:53:19.157Z"}},{"iob":0.162,"basaliob":-0.036,"bolussnooze":9.0E-4,"activity":0.0035,"lastBolusTime":1704222944580,"time":"2024-01-02T21:58:19.157Z","iobWithZeroTemp":{"iob":-0.231,"basaliob":-0.429,"bolussnooze":9.0E-4,"activity":-8.0E-4,"lastBolusTime":1704222944580,"time":"2024-01-02T21:58:19.157Z"}},{"iob":0.145,"basaliob":-0.033,"bolussnooze":4.0E-4,"activity":0.0032,"lastBolusTime":1704222944580,"time":"2024-01-02T22:03:19.157Z","iobWithZeroTemp":{"iob":-0.247,"basaliob":-0.425,"bolussnooze":4.0E-4,"activity":-0.0012,"lastBolusTime":1704222944580,"time":"2024-01-02T22:03:19.157Z"}},{"iob":0.131,"basaliob":-0.029,"bolussnooze":1.0E-4,"activity":0.0029,"lastBolusTime":1704222944580,"time":"2024-01-02T22:08:19.157Z","iobWithZeroTemp":{"iob":-0.26,"basaliob":-0.42,"bolussnooze":1.0E-4,"activity":-0.0015,"lastBolusTime":1704222944580,"time":"2024-01-02T22:08:19.157Z"}},{"iob":0.117,"basaliob":-0.026,"bolussnooze":0,"activity":0.0026,"lastBolusTime":1704222944580,"time":"2024-01-02T22:13:19.157Z","iobWithZeroTemp":{"iob":-0.273,"basaliob":-0.416,"bolussnooze":0,"activity":-0.0018,"lastBolusTime":1704222944580,"time":"2024-01-02T22:13:19.157Z"}},{"iob":0.104,"basaliob":-0.024,"bolussnooze":0,"activity":0.0024,"lastBolusTime":1704222944580,"time":"2024-01-02T22:18:19.157Z","iobWithZeroTemp":{"iob":-0.284,"basaliob":-0.412,"bolussnooze":0,"activity":-0.0021,"lastBolusTime":1704222944580,"time":"2024-01-02T22:18:19.157Z"}},{"iob":0.093,"basaliob":-0.021,"bolussnooze":0,"activity":0.0021,"lastBolusTime":1704222944580,"time":"2024-01-02T22:23:19.157Z","iobWithZeroTemp":{"iob":-0.294,"basaliob":-0.408,"bolussnooze":0,"activity":-0.0024,"lastBolusTime":1704222944580,"time":"2024-01-02T22:23:19.157Z"}},{"iob":0.082,"basaliob":-0.019,"bolussnooze":0,"activity":0.002,"lastBolusTime":1704222944580,"time":"2024-01-02T22:28:19.157Z","iobWithZeroTemp":{"iob":-0.303,"basaliob":-0.404,"bolussnooze":0,"activity":-0.0025,"lastBolusTime":1704222944580,"time":"2024-01-02T22:28:19.157Z"}},{"iob":0.073,"basaliob":-0.017,"bolussnooze":0,"activity":0.0017,"lastBolusTime":1704222944580,"time":"2024-01-02T22:33:19.157Z","iobWithZeroTemp":{"iob":-0.31,"basaliob":-0.4,"bolussnooze":0,"activity":-0.0028,"lastBolusTime":1704222944580,"time":"2024-01-02T22:33:19.157Z"}},{"iob":0.065,"basaliob":-0.015,"bolussnooze":0,"activity":0.0015,"lastBolusTime":1704222944580,"time":"2024-01-02T22:38:19.157Z","iobWithZeroTemp":{"iob":-0.316,"basaliob":-0.396,"bolussnooze":0,"activity":-0.003,"lastBolusTime":1704222944580,"time":"2024-01-02T22:38:19.157Z"}},{"iob":0.058,"basaliob":-0.013,"bolussnooze":0,"activity":0.0014,"lastBolusTime":1704222944580,"time":"2024-01-02T22:43:19.157Z","iobWithZeroTemp":{"iob":-0.322,"basaliob":-0.393,"bolussnooze":0,"activity":-0.0031,"lastBolusTime":1704222944580,"time":"2024-01-02T22:43:19.157Z"}},{"iob":0.05,"basaliob":-0.012,"bolussnooze":0,"activity":0.0013,"lastBolusTime":1704222944580,"time":"2024-01-02T22:48:19.157Z","iobWithZeroTemp":{"iob":-0.328,"basaliob":-0.39,"bolussnooze":0,"activity":-0.0032,"lastBolusTime":1704222944580,"time":"2024-01-02T22:48:19.157Z"}},{"iob":0.044,"basaliob":-0.011,"bolussnooze":0,"activity":0.0011,"lastBolusTime":1704222944580,"time":"2024-01-02T22:53:19.157Z","iobWithZeroTemp":{"iob":-0.332,"basaliob":-0.387,"bolussnooze":0,"activity":-0.0034,"lastBolusTime":1704222944580,"time":"2024-01-02T22:53:19.157Z"}},{"iob":0.039,"basaliob":-0.009,"bolussnooze":0,"activity":0.0011,"lastBolusTime":1704222944580,"time":"2024-01-02T22:58:19.157Z","iobWithZeroTemp":{"iob":-0.336,"basaliob":-0.384,"bolussnooze":0,"activity":-0.0034,"lastBolusTime":1704222944580,"time":"2024-01-02T22:58:19.157Z"}},{"iob":0.034,"basaliob":-0.008,"bolussnooze":0,"activity":9.0E-4,"lastBolusTime":1704222944580,"time":"2024-01-02T23:03:19.157Z","iobWithZeroTemp":{"iob":-0.339,"basaliob":-0.381,"bolussnooze":0,"activity":-0.0036,"lastBolusTime":1704222944580,"time":"2024-01-02T23:03:19.157Z"}},{"iob":0.03,"basaliob":-0.007,"bolussnooze":0,"activity":8.0E-4,"lastBolusTime":1704222944580,"time":"2024-01-02T23:08:19.157Z","iobWithZeroTemp":{"iob":-0.341,"basaliob":-0.378,"bolussnooze":0,"activity":-0.0037,"lastBolusTime":1704222944580,"time":"2024-01-02T23:08:19.157Z"}},{"iob":0.026,"basaliob":-0.006,"bolussnooze":0,"activity":7.0E-4,"lastBolusTime":1704222944580,"time":"2024-01-02T23:13:19.157Z","iobWithZeroTemp":{"iob":-0.344,"basaliob":-0.376,"bolussnooze":0,"activity":-0.0038,"lastBolusTime":1704222944580,"time":"2024-01-02T23:13:19.157Z"}},{"iob":0.022,"basaliob":-0.006,"bolussnooze":0,"activity":7.0E-4,"lastBolusTime":1704222944580,"time":"2024-01-02T23:18:19.157Z","iobWithZeroTemp":{"iob":-0.346,"basaliob":-0.374,"bolussnooze":0,"activity":-0.0038,"lastBolusTime":1704222944580,"time":"2024-01-02T23:18:19.157Z"}},{"iob":0.019,"basaliob":-0.005,"bolussnooze":0,"activity":6.0E-4,"lastBolusTime":1704222944580,"time":"2024-01-02T23:23:19.157Z","iobWithZeroTemp":{"iob":-0.348,"basaliob":-0.372,"bolussnooze":0,"activity":-0.0038,"lastBolusTime":1704222944580,"time":"2024-01-02T23:23:19.157Z"}},{"iob":0.017,"basaliob":-0.004,"bolussnooze":0,"activity":5.0E-4,"lastBolusTime":1704222944580,"time":"2024-01-02T23:28:19.157Z","iobWithZeroTemp":{"iob":-0.349,"basaliob":-0.37,"bolussnooze":0,"activity":-0.0039,"lastBolusTime":1704222944580,"time":"2024-01-02T23:28:19.157Z"}},{"iob":0.014,"basaliob":-0.004,"bolussnooze":0,"activity":5.0E-4,"lastBolusTime":1704222944580,"time":"2024-01-02T23:33:19.157Z","iobWithZeroTemp":{"iob":-0.35,"basaliob":-0.368,"bolussnooze":0,"activity":-0.0039,"lastBolusTime":1704222944580,"time":"2024-01-02T23:33:19.157Z"}},{"iob":0.012,"basaliob":-0.003,"bolussnooze":0,"activity":4.0E-4,"lastBolusTime":1704222944580,"time":"2024-01-02T23:38:19.157Z","iobWithZeroTemp":{"iob":-0.351,"basaliob":-0.366,"bolussnooze":0,"activity":-0.004,"lastBolusTime":1704222944580,"time":"2024-01-02T23:38:19.157Z"}},{"iob":0.01,"basaliob":-0.003,"bolussnooze":0,"activity":3.0E-4,"lastBolusTime":1704222944580,"time":"2024-01-02T23:43:19.157Z","iobWithZeroTemp":{"iob":-0.352,"basaliob":-0.365,"bolussnooze":0,"activity":-0.0041,"lastBolusTime":1704222944580,"time":"2024-01-02T23:43:19.157Z"}},{"iob":0.009,"basaliob":-0.002,"bolussnooze":0,"activity":3.0E-4,"lastBolusTime":1704222944580,"time":"2024-01-02T23:48:19.157Z","iobWithZeroTemp":{"iob":-0.352,"basaliob":-0.363,"bolussnooze":0,"activity":-0.0041,"lastBolusTime":1704222944580,"time":"2024-01-02T23:48:19.157Z"}}],"profile":{"max_iob":10,"type":"current","max_daily_basal":0.35,"max_basal":1.05,"min_bg":90,"max_bg":90,"target_bg":90,"carb_ratio":8.8,"sens":120,"max_daily_safety_multiplier":3,"current_basal_safety_multiplier":4,"lgsThreshold":95,"high_temptarget_raises_sensitivity":true,"low_temptarget_lowers_sensitivity":true,"sensitivity_raises_target":true,"resistance_lowers_target":true,"adv_target_adjustments":false,"exercise_mode":false,"half_basal_exercise_target":160,"maxCOB":120,"skip_neutral_temps":false,"remainingCarbsCap":90,"enableUAM":true,"A52_risk_enable":false,"SMBInterval":6,"enableSMB_with_COB":true,"enableSMB_with_temptarget":true,"allowSMB_with_high_temptarget":false,"enableSMB_always":false,"enableSMB_after_carbs":true,"maxSMBBasalMinutes":45,"maxUAMSMBBasalMinutes":40,"bolus_increment":0.05,"carbsReqThreshold":2,"current_basal":0.35,"temptargetSet":false,"autosens_max":1.3,"autosens_min":0.7,"variable_sens":168.9,"insulinDivisor":75,"TDD":12.408017714285716},"autosens_data":{"ratio":0.8803301647400608},"meal_data":{"carbs":36,"mealCOB":13.62306666666666,"slopeFromMaxDeviation":-1.6905999999999999,"slopeFromMinDeviation":0.22245454545454543,"lastBolusTime":1704222944580,"lastCarbTime":1704222941339},"microBolusAllowed":true,"currentTime":1704225199868,"flatBGsDetected":false,"tdd1D":10.2375,"tdd7D":15.997785714285714,"tddLast24H":14.083333333333332,"tddLast4H":3.3375,"tddLast8to4H":3.479166666666667},"output":{"temp":"absolute","bg":102,"tick":-5,"eventualBG":108,"targetBG":94,"insulinReq":0,"deliverAt":"2024-01-02T19:53:19.868Z","sensitivityRatio":0.8803301647400608,"variable_sens":168.9,"predBGs":{"IOB":[102,96,89,81,72,60,46,39,39,39,39,39,39],"ZT":[102,87,71,53,39,39,39,39,39,39,39,39,39,39,39,39,39,39,39,39,39,39,39,39,39,39,39,39,39,39,39,39,39,39,39,39,39,39,39,39,39,39,39,39,39,39,39,39],"COB":[102,97,92,87,82,78,74,70,67,64,61,59,58,57,56,56,56,56,57,57,59,60,61,63,65,67,69,72,74,76,78,81,83,85,88,90,92,94,96,98,99,101,103,104,105,106,107,108],"UAM":[102,96,87,76,62,44,39,39,39,39,39,39,39]},"reason":"COB: 13.6, Dev: 59, BGI: -15, ISF: 169, CR: 8.8, Target: 94, minPredBG -157, minGuardBG -176, IOBpredBG 39, COBpredBG 108, UAMpredBG 39; 9 add'l carbs req w\/in 10m; minGuardBG -176<95 115m left and 0 ~ req 0U\/hr: no temp required","COB":13.62306666666666,"IOB":1.435,"carbsReq":9,"carbsReqWithin":10,"timestamp":"2024-01-02T19:53:19.888Z"}}