{"algorithm":"OpenAPSSMBDynamicISFPlugin","input":{"glucoseStatus":{"glucose":97,"noise":0,"delta":-1.11,"short_avgdelta":-1.11,"long_avgdelta":-1.08,"date":1704095271000},"currenttemp":{"temp":"absolute","duration":15,"rate":0,"minutesrunning":15},"iob_data":[{"iob":-0.096,"basaliob":-0.096,"bolussnooze":0,"activity":-9.0E-4,"lastBolusTime":0,"time":"2024-01-01T07:48:16.461Z","iobWithZeroTemp":{"iob":-0.096,"basaliob":-0.096,"bolussnooze":0,"activity":-9.0E-4,"lastBolusTime":0,"time":"2024-01-01T07:48:16.461Z"}},{"iob":-0.091,"basaliob":-0.091,"bolussnooze":0,"activity":-9.0E-4,"lastBolusTime":0,"time":"2024-01-01T07:53:16.461Z","iobWithZeroTemp":{"iob":-0.111,"basaliob":-0.111,"bolussnooze":0,"activity":-9.0E-4,"lastBolusTime":0,"time":"2024-01-01T07:53:16.461Z"}},{"iob":-0.086,"basaliob":-0.086,"bolussnooze":0,"activity":-0.001,"lastBolusTime":0,"time":"2024-01-01T07:58:16.461Z","iobWithZeroTemp":{"iob":-0.131,"basaliob":-0.131,"bolussnooze":0,"activity":-0.0011,"lastBolusTime":0,"time":"2024-01-01T07:58:16.461Z"}},{"iob":-0.082,"basaliob":-0.082,"bolussnooze":0,"activity":-0.001,"lastBolusTime":0,"time":"2024-01-01T08:03:16.461Z","iobWithZeroTemp":{"iob":-0.151,"basaliob":-0.151,"bolussnooze":0,"activity":-0.0012,"lastBolusTime":0,"time":"2024-01-01T08:03:16.461Z"}},{"iob":-0.077,"basaliob":-0.077,"bolussnooze":0,"activity":-0.001,"lastBolusTime":0,"time":"2024-01-01T08:08:16.461Z","iobWithZeroTemp":{"iob":-0.17,"basaliob":-0.17,"bolussnooze":0,"activity":-0.0014,"lastBolusTime":0,"time":"2024-01-01T08:08:16.461Z"}},{"iob":-0.072,"basaliob":-0.072,"bolussnooze":0,"activity":-9.0E-4,"lastBolusTime":0,"time":"2024-01-01T08:13:16.461Z","iobWithZeroTemp":{"iob":-0.187,"basaliob":-0.187,"bolussnooze":0,"activity":-0.0014,"lastBolusTime":0,"time":"2024-01-01T08:13:16.461Z"}},{"iob":-0.067,"basaliob":-0.067,"bolussnooze":0,"activity":-9.0E-4,"lastBolusTime":0,"time":"2024-01-01T08:18:16.461Z","iobWithZeroTemp":{"iob":-0.204,"basaliob":-0.204,"bolussnooze":0,"activity":-0.0016,"lastBolusTime":0,"time":"2024-01-01T08:18:16.461Z"}},{"iob":-0.063,"basaliob":-0.063,"bolussnooze":0,"activity":-9.0E-4,"lastBolusTime":0,"time":"2024-01-01T08:23:16.461Z","iobWithZeroTemp":{"iob":-0.221,"basaliob":-0.221,"bolussnooze":0,"activity":-0.0018,"lastBolusTime":0,"time":"2024-01-01T08:23:16.461Z"}},{"iob":-0.058,"basaliob":-0.058,"bolussnooze":0,"activity":-9.0E-4,"lastBolusTime":0,"time":"2024-01-01T08:28:16.461Z","iobWithZeroTemp":{"iob":-0.236,"basaliob":-0.236,"bolussnooze":0,"activity":-0.002,"lastBolusTime":0,"time":"2024-01-01T08:28:16.461Z"}},{"iob":-0.054,"basaliob":-0.054,"bolussnooze":0,"activity":-8.0E-4,"lastBolusTime":0,"time":"2024-01-01T08:33:16.461Z","iobWithZeroTemp":{"iob":-0.251,"basaliob":-0.251,"bolussnooze":0,"activity":-0.0021,"lastBolusTime":0,"time":"2024-01-01T08:33:16.461Z"}},{"iob":-0.05,"basaliob":-0.05,"bolussnooze":0,"activity":-8.0E-4,"lastBolusTime":0,"time":"2024-01-01T08:38:16.461Z","iobWithZeroTemp":{"iob":-0.265,"basaliob":-0.265,"bolussnooze":0,"activity":-0.0024,"lastBolusTime":0,"time":"2024-01-01T08:38:16.461Z"}},{"iob":-0.046,"basaliob":-0.046,"bolussnooze":0,"activity":-7.0E-4,"lastBolusTime":0,"time":"2024-01-01T08:43:16.461Z","iobWithZeroTemp":{"iob":-0.278,"basaliob":-0.278,"bolussnooze":0,"activity":-0.0025,"lastBolusTime":0,"time":"2024-01-01T08:43:16.461Z"}},{"iob":-0.043,"basaliob":-0.043,"bolussnooze":0,"activity":-7.0E-4,"lastBolusTime":0,"time":"2024-01-01T08:48:16.461Z","iobWithZeroTemp":{"iob":-0.29,"basaliob":-0.29,"bolussnooze":0,"activity":-0.0027,"lastBolusTime":0,"time":"2024-01-01T08:48:16.461Z"}},{"iob":-0.039,"basaliob":-0.039,"bolussnooze":0,"activity":-7.0E-4,"lastBolusTime":0,"time":"2024-01-01T08:53:16.461Z","iobWithZeroTemp":{"iob":-0.301,"basaliob":-0.301,"bolussnooze":0,"activity":-0.0029,"lastBolusTime":0,"time":"2024-01-01T08:53:16.461Z"}},{"iob":-0.036,"basaliob":-0.036,"bolussnooze":0,"activity":-6.0E-4,"lastBolusTime":0,"time":"2024-01-01T08:58:16.461Z","iobWithZeroTemp":{"iob":-0.312,"basaliob":-0.312,"bolussnooze":0,"activity":-0.003,"lastBolusTime":0,"time":"2024-01-01T08:58:16.461Z"}},{"iob":-0.033,"basaliob":-0.033,"bolussnooze":0,"activity":-6.0E-4,"lastBolusTime":0,"time":"2024-01-01T09:03:16.461Z","iobWithZeroTemp":{"iob":-0.317,"basaliob":-0.317,"bolussnooze":0,"activity":-0.0031,"lastBolusTime":0,"time":"2024-01-01T09:03:16.461Z"}},{"iob":-0.03,"basaliob":-0.03,"bolussnooze":0,"activity":-5.0E-4,"lastBolusTime":0,"time":"2024-01-01T09:08:16.461Z","iobWithZeroTemp":{"iob":-0.322,"basaliob":-0.322,"bolussnooze":0,"activity":-0.0032,"lastBolusTime":0,"time":"2024-01-01T09:08:16.461Z"}},{"iob":-0.028,"basaliob":-0.028,"bolussnooze":0,"activity":-5.0E-4,"lastBolusTime":0,"time":"2024-01-01T09:13:16.461Z","iobWithZeroTemp":{"iob":-0.327,"basaliob":-0.327,"bolussnooze":0,"activity":-0.0034,"lastBolusTime":0,"time":"2024-01-01T09:13:16.461Z"}},{"iob":-0.025,"basaliob":-0.025,"bolussnooze":0,"activity":-5.0E-4,"lastBolusTime":0,"time":"2024-01-01T09:18:16.461Z","iobWithZeroTemp":{"iob":-0.33,"basaliob":-0.33,"bolussnooze":0,"activity":-0.0035,"lastBolusTime":0,"time":"2024-01-01T09:18:16.461Z"}},{"iob":-0.023,"basaliob":-0.023,"bolussnooze":0,"activity":-4.0E-4,"lastBolusTime":0,"time":"2024-01-01T09:23:16.461Z","iobWithZeroTemp":{"iob":-0.334,"basaliob":-0.334,"bolussnooze":0,"activity":-0.0035,"lastBolusTime":0,"time":"2024-01-01T09:23:16.461Z"}},{"iob":-0.021,"basaliob":-0.021,"bolussnooze":0,"activity":-4.0E-4,"lastBolusTime":0,"time":"2024-01-01T09:28:16.461Z","iobWithZeroTemp":{"iob":-0.337,"basaliob":-0.337,"bolussnooze":0,"activity":-0.0036,"lastBolusTime":0,"time":"2024-01-01T09:28:16.461Z"}},{"iob":-0.019,"basaliob":-0.019,"bolussnooze":0,"activity":-4.0E-4,"lastBolusTime":0,"time":"2024-01-01T09:33:16.461Z","iobWithZeroTemp":{"iob":-0.339,"basaliob":-0.339,"bolussnooze":0,"activity":-0.0037,"lastBolusTime":0,"time":"2024-01-01T09:33:16.461Z"}},{"iob":-0.017,"basaliob":-0.017,"bolussnooze":0,"activity":-3.0E-4,"lastBolusTime":0,"time":"2024-01-01T09:38:16.461Z","iobWithZeroTemp":{"iob":-0.341,"basaliob":-0.341,"bolussnooze":0,"activity":-0.0037,"lastBolusTime":0,"time":"2024-01-01T09:38:16.461Z"}},{"iob":-0.015,"basaliob":-0.015,"bolussnooze":0,"activity":-3.0E-4,"lastBolusTime":0,"time":"2024-01-01T09:43:16.461Z","iobWithZeroTemp":{"iob":-0.342,"basaliob":-0.342,"bolussnooze":0,"activity":-0.0038,"lastBolusTime":0,"time":"2024-01-01T09:43:16.461Z"}},{"iob":-0.014,"basaliob":-0.014,"bolussnooze":0,"activity":-3.0E-4,"lastBolusTime":0,"time":"2024-01-01T09:48:16.461Z","iobWithZeroTemp":{"iob":-0.345,"basaliob":-0.345,"bolussnooze":0,"activity":-0.0039,"lastBolusTime":0,"time":"2024-01-01T09:48:16.461Z"}},{"iob":-0.013,"basaliob":-0.013,"bolussnooze":0,"activity":-3.0E-4,"lastBolusTime":0,"time":"2024-01-01T09:53:16.461Z","iobWithZeroTemp":{"iob":-0.346,"basaliob":-0.346,"bolussnooze":0,"activity":-0.004,"lastBolusTime":0,"time":"2024-01-01T09:53:16.461Z"}},{"iob":-0.011,"basaliob":-0.011,"bolussnooze":0,"activity":-2.0E-4,"lastBolusTime":0,"time":"2024-01-01T09:58:16.461Z","iobWithZeroTemp":{"iob":-0.347,"basaliob":-0.347,"bolussnooze":0,"activity":-0.0039,"lastBolusTime":0,"time":"2024-01-01T09:58:16.461Z"}},{"iob":-0.01,"basaliob":-0.01,"bolussnooze":0,"activity":-2.0E-4,"lastBolusTime":0,"time":"2024-01-01T10:03:16.461Z","iobWithZeroTemp":{"iob":-0.344,"basaliob":-0.344,"bolussnooze":0,"activity":-0.004,"lastBolusTime":0,"time":"2024-01-01T10:03:16.461Z"}},{"iob":-0.009,"basaliob":-0.009,"bolussnooze":0,"activity":-2.0E-4,"lastBolusTime":0,"time":"2024-01-01T10:08:16.461Z","iobWithZeroTemp":{"iob":-0.341,"basaliob":-0.341,"bolussnooze":0,"activity":-0.004,"lastBolusTime":0,"time":"2024-01-01T10:08:16.461Z"}},{"iob":-0.008,"basaliob":-0.008,"bolussnooze":0,"activity":-2.0E-4,"lastBolusTime":0,"time":"2024-01-01T10:13:16.461Z","iobWithZeroTemp":{"iob":-0.337,"basaliob":-0.337,"bolussnooze":0,"activity":-0.004,"lastBolusTime":0,"time":"2024-01-01T10:13:16.461Z"}},{"iob":-0.007,"basaliob":-0.007,"bolussnooze":0,"activity":-2.0E-4,"lastBolusTime":0,"time":"2024-01-01T10:18:16.461Z","iobWithZeroTemp":{"iob":-0.334,"basaliob":-0.334,"bolussnooze":0,"activity":-0.004,"lastBolusTime":0,"time":"2024-01-01T10:18:16.461Z"}},{"iob":-0.006,"basaliob":-0.006,"bolussnooze":0,"activity":-1.0E-4,"lastBolusTime":0,"time":"2024-01-01T10:23:16.461Z","iobWithZeroTemp":{"iob":-0.33,"basaliob":-0.33,"bolussnooze":0,"activity":-0.0039,"lastBolusTime":0,"time":"2024-01-01T10:23:16.461Z"}},{"iob":-0.006,"basaliob":-0.006,"bolussnooze":0,"activity":-1.0E-4,"lastBolusTime":0,"time":"2024-01-01T10:28:16.461Z","iobWithZeroTemp":{"iob":-0.328,"basaliob":-0.328,"bolussnooze":0,"activity":-0.0039,"lastBolusTime":0,"time":"2024-01-01T10:28:16.461Z"}},{"iob":-0.005,"basaliob":-0.005,"bolussnooze":0,"activity":-1.0E-4,"lastBolusTime":0,"time":"2024-01-01T10:33:16.461Z","iobWithZeroTemp":{"iob":-0.324,"basaliob":-0.324,"bolussnooze":0,"activity":-0.0039,"lastBolusTime":0,"time":"2024-01-01T10:33:16.461Z"}},{"iob":-0.005,"basaliob":-0.005,"bolussnooze":0,"activity":-1.0E-4,"lastBolusTime":0,"time":"2024-01-01T10:38:16.461Z","iobWithZeroTemp":{"iob":-0.322,"basaliob":-0.322,"bolussnooze":0,"activity":-0.0039,"lastBolusTime":0,"time":"2024-01-01T10:38:16.461Z"}},{"iob":-0.004,"basaliob":-0.004,"bolussnooze":0,"activity":-1.0E-4,"lastBolusTime":0,"time":"2024-01-01T10:43:16.461Z","iobWithZeroTemp":{"iob":-0.318,"basaliob":-0.318,"bolussnooze":0,"activity":-0.0039,"lastBolusTime":0,"time":"2024-01-01T10:43:16.461Z"}},{"iob":-0.004,"basaliob":-0.004,"bolussnooze":0,"activity":-1.0E-4,"lastBolusTime":0,"time":"2024-01-01T10:48:16.461Z","iobWithZeroTemp":{"iob":-0.316,"basaliob":-0.316,"bolussnooze":0,"activity":-0.0039,"lastBolusTime":0,"time":"2024-01-01T10:48:16.461Z"}},{"iob":-0.003,"basaliob":-0.003,"bolussnooze":0,"activity":-1.0E-4,"lastBolusTime":0,"time":"2024-01-01T10:53:16.461Z","iobWithZeroTemp":{"iob":-0.313,"basaliob":-0.313,"bolussnooze":0,"activity":-0.0039,"lastBolusTime":0,"time":"2024-01-01T10:53:16.461Z"}},{"iob":-0.003,"basaliob":-0.003,"bolussnooze":0,"activity":-1.0E-4,"lastBolusTime":0,"time":"2024-01-01T10:58:16.461Z","iobWithZeroTemp":{"iob":-0.311,"basaliob":-0.311,"bolussnooze":0,"activity":-0.0039,"lastBolusTime":0,"time":"2024-01-01T10:58:16.461Z"}},{"iob":-0.002,"basaliob":-0.002,"bolussnooze":0,"activity":-1.0E-4,"lastBolusTime":0,"time":"2024-01-01T11:03:16.461Z","iobWithZeroTemp":{"iob":-0.312,"basaliob":-0.312,"bolussnooze":0,"activity":-0.0038,"lastBolusTime":0,"time":"2024-01-01T11:03:16.461Z"}},{"iob":-0.002,"basaliob":-0.002,"bolussnooze":0,"activity":-1.0E-4,"lastBolusTime":0,"time":"2024-01-01T11:08:16.461Z","iobWithZeroTemp":{"iob":-0.314,"basaliob":-0.314,"bolussnooze":0,"activity":-0.0038,"lastBolusTime":0,"time":"2024-01-01T11:08:16.461Z"}},{"iob":-0.002,"basaliob":-0.002,"bolussnooze":0,"activity":-1.0E-4,"lastBolusTime":0,"time":"2024-01-01T11:13:16.461Z","iobWithZeroTemp":{"iob":-0.316,"basaliob":-0.316,"bolussnooze":0,"activity":-0.0038,"lastBolusTime":0,"time":"2024-01-01T11:13:16.461Z"}},{"iob":-0.002,"basaliob":-0.002,"bolussnooze":0,"activity":0,"lastBolusTime":0,"time":"2024-01-01T11:18:16.461Z","iobWithZeroTemp":{"iob":-0.318,"basaliob":-0.318,"bolussnooze":0,"activity":-0.0037,"lastBolusTime":0,"time":"2024-01-01T11:18:16.461Z"}},{"iob":-0.001,"basaliob":-0.001,"bolussnooze":0,"activity":0,"lastBolusTime":0,"time":"2024-01-01T11:23:16.461Z","iobWithZeroTemp":{"iob":-0.32,"basaliob":-0.32,"bolussnooze":0,"activity":-0.0037,"lastBolusTime":0,"time":"2024-01-01T11:23:16.461Z"}},{"iob":-0.001,"basaliob":-0.001,"bolussnooze":0,"activity":0,"lastBolusTime":0,"time":"2024-01-01T11:28:16.461Z","iobWithZeroTemp":{"iob":-0.322,"basaliob":-0.322,"bolussnooze":0,"activity":-0.0038,"lastBolusTime":0,"time":"2024-01-01T11:28:16.461Z"}},{"iob":-0.001,"basaliob":-0.001,"bolussnooze":0,"activity":0,"lastBolusTime":0,"time":"2024-01-01T11:33:16.461Z","iobWithZeroTemp":{"iob":-0.324,"basaliob":-0.324,"bolussnooze":0,"activity":-0.0038,"lastBolusTime":0,"time":"2024-01-01T11:33:16.461Z"}},{"iob":-0.001,"basaliob":-0.001,"bolussnooze":0,"activity":0,"lastBolusTime":0,"time":"2024-01-01T11:38:16.461Z","iobWithZeroTemp":{"iob":-0.326,"basaliob":-0.326,"bolussnooze":0,"activity":-0.0038,"lastBolusTime":0,"time":"2024-01-01T11:38:16.461Z"}},{"iob":-0.001,"basaliob":-0.001,"bolussnooze":0,"activity":0,"lastBolusTime":0,"time":"2024-01-01T11:43:16.461Z","iobWithZeroTemp":{"iob":-0.327,"basaliob":-0.327,"bolussnooze":0,"activity":-0.0038,"lastBolusTime":0,"time":"2024-01-01T11:43:16.461Z"}}],"profile":{"max_iob":10,"type":"current","max_daily_basal":0.35,"max_basal":1.05,"min_bg":90,"max_bg":90,"target_bg":90,"carb_ratio":8.8,"sens":110,"max_daily_safety_multiplier":3,"current_basal_safety_multiplier":4,"lgsThreshold":95,"high_temptarget_raises_sensitivity":true,"low_temptarget_lowers_sensitivity":true,"sensitivity_raises_target":true,"resistance_lowers_target":true,"adv_target_adjustments":false,"exercise_mode":false,"half_basal_exercise_target":160,"maxCOB":120,"skip_neutral_temps":false,"remainingCarbsCap":90,"enableUAM":true,"A52_risk_enable":false,"SMBInterval":6,"enableSMB_with_COB":true,"enableSMB_with_temptarget":true,"allowSMB_with_high_temptarget":false,"enableSMB_always":false,"enableSMB_after_carbs":true,"maxSMBBasalMinutes":30,"maxUAMSMBBasalMinutes":45,"bolus_increment":0.05,"carbsReqThreshold":2,"current_basal":0.3,"temptargetSet":false,"autosens_max":1.3,"autosens_min":0.7,"variable_sens":216.7,"insulinDivisor":75,"TDD":10.007437904761904},"autosens_data":{"ratio":0.8593577028538341},"meal_data":{"carbs":0,"mealCOB":0,"slopeFromMaxDeviation":-0.47657142857142865,"slopeFromMinDeviation":0.1669999999999999,"lastBolusTime":1704071612530,"lastCarbTime":0},"microBolusAllowed":true,"currentTime":1704095298443,"flatBGsDetected":false,"tdd1D":14.612499999999995,"tdd7D":16.776095238095234,"tddLast24H":14.416666666666664,"tddLast4H":0.9791666666666666,"tddLast8to4H":1.0541666666666667},"output":{"temp":"absolute","bg":97,"tick":-1,"eventualBG":106,"targetBG":95,"insulinReq":0,"deliverAt":"2024-01-01T07:48:18.443Z","sensitivityRatio":0.8593577028538341,"variable_sens":216.7,"predBGs":{"IOB":[97,96,95,95,95,94,94,94,95,95,96,96,97,98,99,99,100,100,101,102,102,102,103,103,103,104,104,104,104,105,105,105,105,105,105,106],"ZT":[97,98,99,100,101,103,104]},"reason":"COB: 0, Dev: -12, BGI: 1, ISF: 217, CR: 8.8, Target: 95, minPredBG 101, minGuardBG 94, IOBpredBG 106; minGuardBG 94<95","COB":0,"IOB":-0.096,"duration":30,"rate":0,"timestamp":"2024-01-01T07:48:18.474Z"}}