{"algorithm":"OpenAPSSMBDynamicISFPlugin","input":{"glucoseStatus":{"glucose":122,"noise":0,"delta":6.56,"short_avgdelta":6.56,"long_avgdelta":5.79,"date":1704151074000},"currenttemp":{"temp":"absolute","duration":25,"rate":1,"minutesrunning":5},"iob_data":[{"iob":0.088,"basaliob":-0.098,"bolussnooze":0,"activity":-1.0E-4,"lastBolusTime":1704150510802,"time":"2024-01-01T23:18:20.520Z","iobWithZeroTemp":{"iob":0.088,"basaliob":-0.098,"bolussnooze":0,"activity":-1.0E-4,"lastBolusTime":1704150510802,"time":"2024-01-01T23:18:20.520Z"}},{"iob":0.088,"basaliob":-0.087,"bolussnooze":0,"activity":2.0E-4,"lastBolusTime":1704150510802,"time":"2024-01-01T23:23:20.520Z","iobWithZeroTemp":{"iob":0.071,"basaliob":-0.104,"bolussnooze":0,"activity":2.0E-4,"lastBolusTime":1704150510802,"time":"2024-01-01T23:23:20.520Z"}},{"iob":0.087,"basaliob":-0.077,"bolussnooze":0,"activity":4.0E-4,"lastBolusTime":1704150510802,"time":"2024-01-01T23:28:20.520Z","iobWithZeroTemp":{"iob":0.05,"basaliob":-0.114,"bolussnooze":0,"activity":3.0E-4,"lastBolusTime":1704150510802,"time":"2024-01-01T23:28:20.520Z"}},{"iob":0.084,"basaliob":-0.069,"bolussnooze":0,"activity":4.0E-4,"lastBolusTime":1704150510802,"time":"2024-01-01T23:33:20.520Z","iobWithZeroTemp":{"iob":0.026,"basaliob":-0.127,"bolussnooze":0,"activity":2.0E-4,"lastBolusTime":1704150510802,"time":"2024-01-01T23:33:20.520Z"}},{"iob":0.082,"basaliob":-0.061,"bolussnooze":0,"activity":6.0E-4,"lastBolusTime":1704150510802,"time":"2024-01-01T23:38:20.520Z","iobWithZeroTemp":{"iob":0.005,"basaliob":-0.138,"bolussnooze":0,"activity":3.0E-4,"lastBolusTime":1704150510802,"time":"2024-01-01T23:38:20.520Z"}},{"iob":0.079,"basaliob":-0.054,"bolussnooze":0,"activity":7.0E-4,"lastBolusTime":1704150510802,"time":"2024-01-01T23:43:20.520Z","iobWithZeroTemp":{"iob":-0.017,"basaliob":-0.15,"bolussnooze":0,"activity":3.0E-4,"lastBolusTime":1704150510802,"time":"2024-01-01T23:43:20.520Z"}},{"iob":0.075,"basaliob":-0.048,"bolussnooze":0,"activity":7.0E-4,"lastBolusTime":1704150510802,"time":"2024-01-01T23:48:20.520Z","iobWithZeroTemp":{"iob":-0.039,"basaliob":-0.162,"bolussnooze":0,"activity":1.0E-4,"lastBolusTime":1704150510802,"time":"2024-01-01T23:48:20.520Z"}},{"iob":0.072,"basaliob":-0.042,"bolussnooze":0,"activity":7.0E-4,"lastBolusTime":1704150510802,"time":"2024-01-01T23:53:20.520Z","iobWithZeroTemp":{"iob":-0.06,"basaliob":-0.174,"bolussnooze":0,"activity":-1.0E-4,"lastBolusTime":1704150510802,"time":"2024-01-01T23:53:20.520Z"}},{"iob":0.068,"basaliob":-0.037,"bolussnooze":0,"activity":7.0E-4,"lastBolusTime":1704150510802,"time":"2024-01-01T23:58:20.520Z","iobWithZeroTemp":{"iob":-0.081,"basaliob":-0.186,"bolussnooze":0,"activity":-2.0E-4,"lastBolusTime":1704150510802,"time":"2024-01-01T23:58:20.520Z"}},{"iob":0.065,"basaliob":-0.032,"bolussnooze":0,"activity":7.0E-4,"lastBolusTime":1704150510802,"time":"2024-01-02T00:03:20.520Z","iobWithZeroTemp":{"iob":-0.095,"basaliob":-0.192,"bolussnooze":0,"activity":-4.0E-4,"lastBolusTime":1704150510802,"time":"2024-01-02T00:03:20.520Z"}},{"iob":0.061,"basaliob":-0.028,"bolussnooze":0,"activity":7.0E-4,"lastBolusTime":1704150510802,"time":"2024-01-02T00:08:20.520Z","iobWithZeroTemp":{"iob":-0.11,"basaliob":-0.199,"bolussnooze":0,"activity":-6.0E-4,"lastBolusTime":1704150510802,"time":"2024-01-02T00:08:20.520Z"}},{"iob":0.057,"basaliob":-0.025,"bolussnooze":0,"activity":7.0E-4,"lastBolusTime":1704150510802,"time":"2024-01-02T00:13:20.520Z","iobWithZeroTemp":{"iob":-0.124,"basaliob":-0.206,"bolussnooze":0,"activity":-7.0E-4,"lastBolusTime":1704150510802,"time":"2024-01-02T00:13:20.520Z"}},{"iob":0.053,"basaliob":-0.022,"bolussnooze":0,"activity":7.0E-4,"lastBolusTime":1704150510802,"time":"2024-01-02T00:18:20.520Z","iobWithZeroTemp":{"iob":-0.137,"basaliob":-0.212,"bolussnooze":0,"activity":-9.0E-4,"lastBolusTime":1704150510802,"time":"2024-01-02T00:18:20.520Z"}},{"iob":0.05,"basaliob":-0.019,"bolussnooze":0,"activity":7.0E-4,"lastBolusTime":1704150510802,"time":"2024-01-02T00:23:20.520Z","iobWithZeroTemp":{"iob":-0.149,"basaliob":-0.218,"bolussnooze":0,"activity":-0.001,"lastBolusTime":1704150510802,"time":"2024-01-02T00:23:20.520Z"}},{"iob":0.047,"basaliob":-0.016,"bolussnooze":0,"activity":6.0E-4,"lastBolusTime":1704150510802,"time":"2024-01-02T00:28:20.520Z","iobWithZeroTemp":{"iob":-0.159,"basaliob":-0.222,"bolussnooze":0,"activity":-0.0012,"lastBolusTime":1704150510802,"time":"2024-01-02T00:28:20.520Z"}},{"iob":0.043,"basaliob":-0.014,"bolussnooze":0,"activity":7.0E-4,"lastBolusTime":1704150510802,"time":"2024-01-02T00:33:20.520Z","iobWithZeroTemp":{"iob":-0.171,"basaliob":-0.228,"bolussnooze":0,"activity":-0.0013,"lastBolusTime":1704150510802,"time":"2024-01-02T00:33:20.520Z"}},{"iob":0.04,"basaliob":-0.012,"bolussnooze":0,"activity":6.0E-4,"lastBolusTime":1704150510802,"time":"2024-01-02T00:38:20.520Z","iobWithZeroTemp":{"iob":-0.18,"basaliob":-0.232,"bolussnooze":0,"activity":-0.0015,"lastBolusTime":1704150510802,"time":"2024-01-02T00:38:20.520Z"}},{"iob":0.038,"basaliob":-0.01,"bolussnooze":0,"activity":6.0E-4,"lastBolusTime":1704150510802,"time":"2024-01-02T00:43:20.520Z","iobWithZeroTemp":{"iob":-0.188,"basaliob":-0.236,"bolussnooze":0,"activity":-0.0016,"lastBolusTime":1704150510802,"time":"2024-01-02T00:43:20.520Z"}},{"iob":0.034,"basaliob":-0.009,"bolussnooze":0,"activity":5.0E-4,"lastBolusTime":1704150510802,"time":"2024-01-02T00:48:20.520Z","iobWithZeroTemp":{"iob":-0.198,"basaliob":-0.241,"bolussnooze":0,"activity":-0.0018,"lastBolusTime":1704150510802,"time":"2024-01-02T00:48:20.520Z"}},{"iob":0.032,"basaliob":-0.007,"bolussnooze":0,"activity":5.0E-4,"lastBolusTime":1704150510802,"time":"2024-01-02T00:53:20.520Z","iobWithZeroTemp":{"iob":-0.205,"basaliob":-0.244,"bolussnooze":0,"activity":-0.0019,"lastBolusTime":1704150510802,"time":"2024-01-02T00:53:20.520Z"}},{"iob":0.03,"basaliob":-0.006,"bolussnooze":0,"activity":5.0E-4,"lastBolusTime":1704150510802,"time":"2024-01-02T00:58:20.520Z","iobWithZeroTemp":{"iob":-0.211,"basaliob":-0.247,"bolussnooze":0,"activity":-0.002,"lastBolusTime":1704150510802,"time":"2024-01-02T00:58:20.520Z"}},{"iob":0.027,"basaliob":-0.005,"bolussnooze":0,"activity":4.0E-4,"lastBolusTime":1704150510802,"time":"2024-01-02T01:03:20.520Z","iobWithZeroTemp":{"iob":-0.214,"basaliob":-0.246,"bolussnooze":0,"activity":-0.0021,"lastBolusTime":1704150510802,"time":"2024-01-02T01:03:20.520Z"}},{"iob":0.025,"basaliob":-0.004,"bolussnooze":0,"activity":4.0E-4,"lastBolusTime":1704150510802,"time":"2024-01-02T01:08:20.520Z","iobWithZeroTemp":{"iob":-0.216,"basaliob":-0.245,"bolussnooze":0,"activity":-0.0022,"lastBolusTime":1704150510802,"time":"2024-01-02T01:08:20.520Z"}},{"iob":0.022,"basaliob":-0.004,"bolussnooze":0,"activity":4.0E-4,"lastBolusTime":1704150510802,"time":"2024-01-02T01:13:20.520Z","iobWithZeroTemp":{"iob":-0.218,"basaliob":-0.244,"bolussnooze":0,"activity":-0.0023,"lastBolusTime":1704150510802,"time":"2024-01-02T01:13:20.520Z"}},{"iob":0.021,"basaliob":-0.003,"bolussnooze":0,"activity":4.0E-4,"lastBolusTime":1704150510802,"time":"2024-01-02T01:18:20.520Z","iobWithZeroTemp":{"iob":-0.218,"basaliob":-0.242,"bolussnooze":0,"activity":-0.0023,"lastBolusTime":1704150510802,"time":"2024-01-02T01:18:20.520Z"}},{"iob":0.02,"basaliob":-0.002,"bolussnooze":0,"activity":4.0E-4,"lastBolusTime":1704150510802,"time":"2024-01-02T01:23:20.520Z","iobWithZeroTemp":{"iob":-0.218,"basaliob":-0.24,"bolussnooze":0,"activity":-0.0023,"lastBolusTime":1704150510802,"time":"2024-01-02T01:23:20.520Z"}},{"iob":0.017,"basaliob":-0.002,"bolussnooze":0,"activity":3.0E-4,"lastBolusTime":1704150510802,"time":"2024-01-02T01:28:20.520Z","iobWithZeroTemp":{"iob":-0.22,"basaliob":-0.239,"bolussnooze":0,"activity":-0.0024,"lastBolusTime":1704150510802,"time":"2024-01-02T01:28:20.520Z"}},{"iob":0.016,"basaliob":-0.001,"bolussnooze":0,"activity":3.0E-4,"lastBolusTime":1704150510802,"time":"2024-01-02T01:33:20.520Z","iobWithZeroTemp":{"iob":-0.22,"basaliob":-0.237,"bolussnooze":0,"activity":-0.0024,"lastBolusTime":1704150510802,"time":"2024-01-02T01:33:20.520Z"}},{"iob":0.015,"basaliob":-0.001,"bolussnooze":0,"activity":2.0E-4,"lastBolusTime":1704150510802,"time":"2024-01-02T01:38:20.520Z","iobWithZeroTemp":{"iob":-0.22,"basaliob":-0.236,"bolussnooze":0,"activity":-0.0026,"lastBolusTime":1704150510802,"time":"2024-01-02T01:38:20.520Z"}},{"iob":0.013,"basaliob":-0.001,"bolussnooze":0,"activity":2.0E-4,"lastBolusTime":1704150510802,"time":"2024-01-02T01:43:20.520Z","iobWithZeroTemp":{"iob":-0.221,"basaliob":-0.235,"bolussnooze":0,"activity":-0.0026,"lastBolusTime":1704150510802,"time":"2024-01-02T01:43:20.520Z"}},{"iob":0.011,"basaliob":-0.001,"bolussnooze":0,"activity":3.0E-4,"lastBolusTime":1704150510802,"time":"2024-01-02T01:48:20.520Z","iobWithZeroTemp":{"iob":-0.221,"basaliob":-0.233,"bolussnooze":0,"activity":-0.0025,"lastBolusTime":1704150510802,"time":"2024-01-02T01:48:20.520Z"}},{"iob":0.011,"basaliob":0,"bolussnooze":0,"activity":3.0E-4,"lastBolusTime":1704150510802,"time":"2024-01-02T01:53:20.520Z","iobWithZeroTemp":{"iob":-0.22,"basaliob":-0.231,"bolussnooze":0,"activity":-0.0025,"lastBolusTime":1704150510802,"time":"2024-01-02T01:53:20.520Z"}},{"iob":0.01,"basaliob":0,"bolussnooze":0,"activity":2.0E-4,"lastBolusTime":1704150510802,"time":"2024-01-02T01:58:20.520Z","iobWithZeroTemp":{"iob":-0.22,"basaliob":-0.23,"bolussnooze":0,"activity":-0.0026,"lastBolusTime":1704150510802,"time":"2024-01-02T01:58:20.520Z"}},{"iob":0.009,"basaliob":0,"bolussnooze":0,"activity":2.0E-4,"lastBolusTime":1704150510802,"time":"2024-01-02T02:03:20.520Z","iobWithZeroTemp":{"iob":-0.224,"basaliob":-0.233,"bolussnooze":0,"activity":-0.0026,"lastBolusTime":1704150510802,"time":"2024-01-02T02:03:20.520Z"}},{"iob":0.008,"basaliob":0,"bolussnooze":0,"activity":2.0E-4,"lastBolusTime":1704150510802,"time":"2024-01-02T02:08:20.520Z","iobWithZeroTemp":{"iob":-0.227,"basaliob":-0.235,"bolussnooze":0,"activity":-0.0026,"lastBolusTime":1704150510802,"time":"2024-01-02T02:08:20.520Z"}},{"iob":0.007,"basaliob":0,"bolussnooze":0,"activity":2.0E-4,"lastBolusTime":1704150510802,"time":"2024-01-02T02:13:20.520Z","iobWithZeroTemp":{"iob":-0.231,"basaliob":-0.238,"bolussnooze":0,"activity":-0.0026,"lastBolusTime":1704150510802,"time":"2024-01-02T02:13:20.520Z"}},{"iob":0.006,"basaliob":0,"bolussnooze":0,"activity":2.0E-4,"lastBolusTime":1704150510802,"time":"2024-01-02T02:18:20.520Z","iobWithZeroTemp":{"iob":-0.235,"basaliob":-0.241,"bolussnooze":0,"activity":-0.0026,"lastBolusTime":1704150510802,"time":"2024-01-02T02:18:20.520Z"}},{"iob":0.005,"basaliob":0,"bolussnooze":0,"activity":1.0E-4,"lastBolusTime":1704150510802,"time":"2024-01-02T02:23:20.520Z","iobWithZeroTemp":{"iob":-0.239,"basaliob":-0.244,"bolussnooze":0,"activity":-0.0027,"lastBolusTime":1704150510802,"time":"2024-01-02T02:23:20.520Z"}},{"iob":0.005,"basaliob":0,"bolussnooze":0,"activity":1.0E-4,"lastBolusTime":1704150510802,"time":"2024-01-02T02:28:20.520Z","iobWithZeroTemp":{"iob":-0.241,"basaliob":-0.246,"bolussnooze":0,"activity":-0.0027,"lastBolusTime":1704150510802,"time":"2024-01-02T02:28:20.520Z"}},{"iob":0.004,"basaliob":0,"bolussnooze":0,"activity":1.0E-4,"lastBolusTime":1704150510802,"time":"2024-01-02T02:33:20.520Z","iobWithZeroTemp":{"iob":-0.245,"basaliob":-0.249,"bolussnooze":0,"activity":-0.0027,"lastBolusTime":1704150510802,"time":"2024-01-02T02:33:20.520Z"}},{"iob":0.004,"basaliob":0,"bolussnooze":0,"activity":1.0E-4,"lastBolusTime":1704150510802,"time":"2024-01-02T02:38:20.520Z","iobWithZeroTemp":{"iob":-0.247,"basaliob":-0.251,"bolussnooze":0,"activity":-0.0028,"lastBolusTime":1704150510802,"time":"2024-01-02T02:38:20.520Z"}},{"iob":0.003,"basaliob":0,"bolussnooze":0,"activity":1.0E-4,"lastBolusTime":1704150510802,"time":"2024-01-02T02:43:20.520Z","iobWithZeroTemp":{"iob":-0.25,"basaliob":-0.253,"bolussnooze":0,"activity":-0.0028,"lastBolusTime":1704150510802,"time":"2024-01-02T02:43:20.520Z"}},{"iob":0.003,"basaliob":0,"bolussnooze":0,"activity":1.0E-4,"lastBolusTime":1704150510802,"time":"2024-01-02T02:48:20.520Z","iobWithZeroTemp":{"iob":-0.253,"basaliob":-0.256,"bolussnooze":0,"activity":-0.0028,"lastBolusTime":1704150510802,"time":"2024-01-02T02:48:20.520Z"}},{"iob":0.002,"basaliob":0,"bolussnooze":0,"activity":1.0E-4,"lastBolusTime":1704150510802,"time":"2024-01-02T02:53:20.520Z","iobWithZeroTemp":{"iob":-0.256,"basaliob":-0.258,"bolussnooze":0,"activity":-0.0028,"lastBolusTime":1704150510802,"time":"2024-01-02T02:53:20.520Z"}},{"iob":0.002,"basaliob":0,"bolussnooze":0,"activity":1.0E-4,"lastBolusTime":1704150510802,"time":"2024-01-02T02:58:20.520Z","iobWithZeroTemp":{"iob":-0.257,"basaliob":-0.259,"bolussnooze":0,"activity":-0.0029,"lastBolusTime":1704150510802,"time":"2024-01-02T02:58:20.520Z"}},{"iob":0.002,"basaliob":0,"bolussnooze":0,"activity":1.0E-4,"lastBolusTime":1704150510802,"time":"2024-01-02T03:03:20.520Z","iobWithZeroTemp":{"iob":-0.267,"basaliob":-0.269,"bolussnooze":0,"activity":-0.0029,"lastBolusTime":1704150510802,"time":"2024-01-02T03:03:20.520Z"}},{"iob":0.002,"basaliob":0,"bolussnooze":0,"activity":0,"lastBolusTime":1704150510802,"time":"2024-01-02T03:08:20.520Z","iobWithZeroTemp":{"iob":-0.277,"basaliob":-0.279,"bolussnooze":0,"activity":-0.0031,"lastBolusTime":1704150510802,"time":"2024-01-02T03:08:20.520Z"}},{"iob":0.001,"basaliob":0,"bolussnooze":0,"activity":0,"lastBolusTime":1704150510802,"time":"2024-01-02T03:13:20.520Z","iobWithZeroTemp":{"iob":-0.288,"basaliob":-0.289,"bolussnooze":0,"activity":-0.0031,"lastBolusTime":1704150510802,"time":"2024-01-02T03:13:20.520Z"}}],"profile":{"max_iob":10,"type":"current","max_daily_basal":0.35,"max_basal":1,"min_bg":95,"max_bg":95,"target_bg":95,"carb_ratio":8.8,"sens":120,"max_daily_safety_multiplier":3,"current_basal_safety_multiplier":4,"lgsThreshold":95,"high_temptarget_raises_sensitivity":true,"low_temptarget_lowers_sensitivity":true,"sensitivity_raises_target":true,"resistance_lowers_target":true,"adv_target_adjustments":false,"exercise_mode":false,"half_basal_exercise_target":160,"maxCOB":120,"skip_neutral_temps":false,"remainingCarbsCap":90,"enableUAM":true,"A52_risk_enable":false,"SMBInterval":6,"enableSMB_with_COB":true,"enableSMB_with_temptarget":false,"allowSMB_with_high_temptarget":false,"enableSMB_always":false,"enableSMB_after_carbs":true,"maxSMBBasalMinutes":45,"maxUAMSMBBasalMinutes":40,"bolus_increment":0.05,"carbsReqThreshold":2,"current_basal":0.25,"temptargetSet":false,"autosens_max":1.3,"autosens_min":0.7,"variable_sens":199.1,"insulinDivisor":75,"TDD":9.361457714285715},"autosens_data":{"ratio":0.651131778653891},"meal_data":{"carbs":10,"mealCOB":0,"slopeFromMaxDeviation":-0.605999999999999,"slopeFromMinDeviation":0.9297272727272726,"lastBolusTime":1704150510802,"lastCarbTime":1704135232393},"microBolusAllowed":true,"currentTime":1704151102351,"flatBGsDetected":false,"tdd1D":10.2375,"tdd7D":15.997785714285714,"tddLast24H":10.416666666666666,"tddLast4H":0.8791666666666667,"tddLast8to4H":2.8041666666666667},"output":{"temp":"absolute","bg":122,"tick":"+7","eventualBG":143,"targetBG":114,"insulinReq":0.12,"deliverAt":"2024-01-01T23:18:22.351Z","sensitivityRatio":0.651131778653891,"variable_sens":199.1,"predBGs":{"IOB":[122,128,133,138,142,145,148,150,151,152,153,153,152,151,151,150,150,149,149,148,148,147,147,147,146,146,146,145,145,145,145,144,144,144,144,144,143,143,143,143,143,143,143,143,143,143,142],"ZT":[122,122,122,122,121,121,121,121,121,121,121],"UAM":[122,128,133,137,141,144,146,148,149,149,149,148,148,147,146,146,145,145,144,144,143,143,143,142,142,141,141,141,141,140,140,140,140,139,139,139,139,139,139,139,138]},"reason":"COB: 0, Dev: 39, BGI: 0, ISF: 199, CR: 8.8, Target: 114, minPredBG 138, minGuardBG 128, IOBpredBG 142, UAMpredBG 138; Eventual BG 143 >= 114,  insulinReq 0.12. Microbolusing 0.05U. 25m@1.00 > 2 * insulinReq. Setting temp basal of 0.4U\/hr. ","COB":0,"IOB":0.088,"units":0.05,"duration":30,"rate":0.40278294466347275,"timestamp":"2024-01-01T23:18:22.382Z"}}