{"algorithm":"OpenAPSSMBDynamicISFPlugin","input":{"glucoseStatus":{"glucose":100,"noise":0,"delta":2.28,"short_avgdelta":2.28,"long_avgdelta":1.08,"date":1704133072000},"currenttemp":{"temp":"absolute","duration":0,"rate":0},"iob_data":[{"iob":-0.024,"basaliob":-0.06,"bolussnooze":0,"activity":0,"lastBolusTime":1704125002184,"time":"2024-01-01T18:18:19.357Z","iobWithZeroTemp":{"iob":-0.024,"basaliob":-0.06,"bolussnooze":0,"activity":0,"lastBolusTime":1704125002184,"time":"2024-01-01T18:18:19.357Z"}},{"iob":-0.023,"basaliob":-0.056,"bolussnooze":0,"activity":0,"lastBolusTime":1704125002184,"time":"2024-01-01T18:23:19.357Z","iobWithZeroTemp":{"iob":-0.03,"basaliob":-0.063,"bolussnooze":0,"activity":0,"lastBolusTime":1704125002184,"time":"2024-01-01T18:23:19.357Z"}},{"iob":-0.023,"basaliob":-0.052,"bolussnooze":0,"activity":0,"lastBolusTime":1704125002184,"time":"2024-01-01T18:28:19.357Z","iobWithZeroTemp":{"iob":-0.038,"basaliob":-0.067,"bolussnooze":0,"activity":0,"lastBolusTime":1704125002184,"time":"2024-01-01T18:28:19.357Z"}},{"iob":-0.022,"basaliob":-0.048,"bolussnooze":0,"activity":-1.0E-4,"lastBolusTime":1704125002184,"time":"2024-01-01T18:33:19.357Z","iobWithZeroTemp":{"iob":-0.045,"basaliob":-0.071,"bolussnooze":0,"activity":-2.0E-4,"lastBolusTime":1704125002184,"time":"2024-01-01T18:33:19.357Z"}},{"iob":-0.022,"basaliob":-0.045,"bolussnooze":0,"activity":-2.0E-4,"lastBolusTime":1704125002184,"time":"2024-01-01T18:38:19.357Z","iobWithZeroTemp":{"iob":-0.053,"basaliob":-0.076,"bolussnooze":0,"activity":-3.0E-4,"lastBolusTime":1704125002184,"time":"2024-01-01T18:38:19.357Z"}},{"iob":-0.021,"basaliob":-0.042,"bolussnooze":0,"activity":-1.0E-4,"lastBolusTime":1704125002184,"time":"2024-01-01T18:43:19.357Z","iobWithZeroTemp":{"iob":-0.059,"basaliob":-0.08,"bolussnooze":0,"activity":-3.0E-4,"lastBolusTime":1704125002184,"time":"2024-01-01T18:43:19.357Z"}},{"iob":-0.021,"basaliob":-0.039,"bolussnooze":0,"activity":-2.0E-4,"lastBolusTime":1704125002184,"time":"2024-01-01T18:48:19.357Z","iobWithZeroTemp":{"iob":-0.067,"basaliob":-0.085,"bolussnooze":0,"activity":-4.0E-4,"lastBolusTime":1704125002184,"time":"2024-01-01T18:48:19.357Z"}},{"iob":-0.02,"basaliob":-0.036,"bolussnooze":0,"activity":-2.0E-4,"lastBolusTime":1704125002184,"time":"2024-01-01T18:53:19.357Z","iobWithZeroTemp":{"iob":-0.073,"basaliob":-0.089,"bolussnooze":0,"activity":-5.0E-4,"lastBolusTime":1704125002184,"time":"2024-01-01T18:53:19.357Z"}},{"iob":-0.019,"basaliob":-0.033,"bolussnooze":0,"activity":-1.0E-4,"lastBolusTime":1704125002184,"time":"2024-01-01T18:58:19.357Z","iobWithZeroTemp":{"iob":-0.078,"basaliob":-0.092,"bolussnooze":0,"activity":-5.0E-4,"lastBolusTime":1704125002184,"time":"2024-01-01T18:58:19.357Z"}},{"iob":-0.017,"basaliob":-0.03,"bolussnooze":0,"activity":-2.0E-4,"lastBolusTime":1704125002184,"time":"2024-01-01T19:03:19.357Z","iobWithZeroTemp":{"iob":-0.103,"basaliob":-0.116,"bolussnooze":0,"activity":-7.0E-4,"lastBolusTime":1704125002184,"time":"2024-01-01T19:03:19.357Z"}},{"iob":-0.017,"basaliob":-0.028,"bolussnooze":0,"activity":-2.0E-4,"lastBolusTime":1704125002184,"time":"2024-01-01T19:08:19.357Z","iobWithZeroTemp":{"iob":-0.129,"basaliob":-0.14,"bolussnooze":0,"activity":-8.0E-4,"lastBolusTime":1704125002184,"time":"2024-01-01T19:08:19.357Z"}},{"iob":-0.015,"basaliob":-0.025,"bolussnooze":0,"activity":-1.0E-4,"lastBolusTime":1704125002184,"time":"2024-01-01T19:13:19.357Z","iobWithZeroTemp":{"iob":-0.153,"basaliob":-0.163,"bolussnooze":0,"activity":-9.0E-4,"lastBolusTime":1704125002184,"time":"2024-01-01T19:13:19.357Z"}},{"iob":-0.014,"basaliob":-0.023,"bolussnooze":0,"activity":-2.0E-4,"lastBolusTime":1704125002184,"time":"2024-01-01T19:18:19.357Z","iobWithZeroTemp":{"iob":-0.176,"basaliob":-0.185,"bolussnooze":0,"activity":-0.0012,"lastBolusTime":1704125002184,"time":"2024-01-01T19:18:19.357Z"}},{"iob":-0.013,"basaliob":-0.021,"bolussnooze":0,"activity":-2.0E-4,"lastBolusTime":1704125002184,"time":"2024-01-01T19:23:19.357Z","iobWithZeroTemp":{"iob":-0.199,"basaliob":-0.207,"bolussnooze":0,"activity":-0.0014,"lastBolusTime":1704125002184,"time":"2024-01-01T19:23:19.357Z"}},{"iob":-0.012,"basaliob":-0.019,"bolussnooze":0,"activity":-2.0E-4,"lastBolusTime":1704125002184,"time":"2024-01-01T19:28:19.357Z","iobWithZeroTemp":{"iob":-0.22,"basaliob":-0.227,"bolussnooze":0,"activity":-0.0016,"lastBolusTime":1704125002184,"time":"2024-01-01T19:28:19.357Z"}},{"iob":-0.012,"basaliob":-0.018,"bolussnooze":0,"activity":-1.0E-4,"lastBolusTime":1704125002184,"time":"2024-01-01T19:33:19.357Z","iobWithZeroTemp":{"iob":-0.242,"basaliob":-0.248,"bolussnooze":0,"activity":-0.0017,"lastBolusTime":1704125002184,"time":"2024-01-01T19:33:19.357Z"}},{"iob":-0.011,"basaliob":-0.016,"bolussnooze":0,"activity":-2.0E-4,"lastBolusTime":1704125002184,"time":"2024-01-01T19:38:19.357Z","iobWithZeroTemp":{"iob":-0.261,"basaliob":-0.266,"bolussnooze":0,"activity":-0.0021,"lastBolusTime":1704125002184,"time":"2024-01-01T19:38:19.357Z"}},{"iob":-0.01,"basaliob":-0.015,"bolussnooze":0,"activity":-2.0E-4,"lastBolusTime":1704125002184,"time":"2024-01-01T19:43:19.357Z","iobWithZeroTemp":{"iob":-0.279,"basaliob":-0.284,"bolussnooze":0,"activity":-0.0023,"lastBolusTime":1704125002184,"time":"2024-01-01T19:43:19.357Z"}},{"iob":-0.009,"basaliob":-0.013,"bolussnooze":0,"activity":-2.0E-4,"lastBolusTime":1704125002184,"time":"2024-01-01T19:48:19.357Z","iobWithZeroTemp":{"iob":-0.296,"basaliob":-0.3,"bolussnooze":0,"activity":-0.0025,"lastBolusTime":1704125002184,"time":"2024-01-01T19:48:19.357Z"}},{"iob":-0.009,"basaliob":-0.012,"bolussnooze":0,"activity":-1.0E-4,"lastBolusTime":1704125002184,"time":"2024-01-01T19:53:19.357Z","iobWithZeroTemp":{"iob":-0.313,"basaliob":-0.316,"bolussnooze":0,"activity":-0.0027,"lastBolusTime":1704125002184,"time":"2024-01-01T19:53:19.357Z"}},{"iob":-0.008,"basaliob":-0.011,"bolussnooze":0,"activity":-1.0E-4,"lastBolusTime":1704125002184,"time":"2024-01-01T19:58:19.357Z","iobWithZeroTemp":{"iob":-0.328,"basaliob":-0.331,"bolussnooze":0,"activity":-0.0029,"lastBolusTime":1704125002184,"time":"2024-01-01T19:58:19.357Z"}},{"iob":-0.007,"basaliob":-0.01,"bolussnooze":0,"activity":-1.0E-4,"lastBolusTime":1704125002184,"time":"2024-01-01T20:03:19.357Z","iobWithZeroTemp":{"iob":-0.342,"basaliob":-0.345,"bolussnooze":0,"activity":-0.0031,"lastBolusTime":1704125002184,"time":"2024-01-01T20:03:19.357Z"}},{"iob":-0.007,"basaliob":-0.009,"bolussnooze":0,"activity":-1.0E-4,"lastBolusTime":1704125002184,"time":"2024-01-01T20:08:19.357Z","iobWithZeroTemp":{"iob":-0.356,"basaliob":-0.358,"bolussnooze":0,"activity":-0.0033,"lastBolusTime":1704125002184,"time":"2024-01-01T20:08:19.357Z"}},{"iob":-0.006,"basaliob":-0.008,"bolussnooze":0,"activity":-1.0E-4,"lastBolusTime":1704125002184,"time":"2024-01-01T20:13:19.357Z","iobWithZeroTemp":{"iob":-0.367,"basaliob":-0.369,"bolussnooze":0,"activity":-0.0035,"lastBolusTime":1704125002184,"time":"2024-01-01T20:13:19.357Z"}},{"iob":-0.005,"basaliob":-0.007,"bolussnooze":0,"activity":-1.0E-4,"lastBolusTime":1704125002184,"time":"2024-01-01T20:18:19.357Z","iobWithZeroTemp":{"iob":-0.378,"basaliob":-0.38,"bolussnooze":0,"activity":-0.0037,"lastBolusTime":1704125002184,"time":"2024-01-01T20:18:19.357Z"}},{"iob":-0.005,"basaliob":-0.006,"bolussnooze":0,"activity":-1.0E-4,"lastBolusTime":1704125002184,"time":"2024-01-01T20:23:19.357Z","iobWithZeroTemp":{"iob":-0.389,"basaliob":-0.39,"bolussnooze":0,"activity":-0.0038,"lastBolusTime":1704125002184,"time":"2024-01-01T20:23:19.357Z"}},{"iob":-0.005,"basaliob":-0.006,"bolussnooze":0,"activity":-1.0E-4,"lastBolusTime":1704125002184,"time":"2024-01-01T20:28:19.357Z","iobWithZeroTemp":{"iob":-0.399,"basaliob":-0.4,"bolussnooze":0,"activity":-0.004,"lastBolusTime":1704125002184,"time":"2024-01-01T20:28:19.357Z"}},{"iob":-0.004,"basaliob":-0.005,"bolussnooze":0,"activity":-1.0E-4,"lastBolusTime":1704125002184,"time":"2024-01-01T20:33:19.357Z","iobWithZeroTemp":{"iob":-0.407,"basaliob":-0.408,"bolussnooze":0,"activity":-0.0042,"lastBolusTime":1704125002184,"time":"2024-01-01T20:33:19.357Z"}},{"iob":-0.004,"basaliob":-0.005,"bolussnooze":0,"activity":-1.0E-4,"lastBolusTime":1704125002184,"time":"2024-01-01T20:38:19.357Z","iobWithZeroTemp":{"iob":-0.416,"basaliob":-0.417,"bolussnooze":0,"activity":-0.0043,"lastBolusTime":1704125002184,"time":"2024-01-01T20:38:19.357Z"}},{"iob":-0.003,"basaliob":-0.004,"bolussnooze":0,"activity":-1.0E-4,"lastBolusTime":1704125002184,"time":"2024-01-01T20:43:19.357Z","iobWithZeroTemp":{"iob":-0.422,"basaliob":-0.423,"bolussnooze":0,"activity":-0.0044,"lastBolusTime":1704125002184,"time":"2024-01-01T20:43:19.357Z"}},{"iob":-0.003,"basaliob":-0.004,"bolussnooze":0,"activity":-1.0E-4,"lastBolusTime":1704125002184,"time":"2024-01-01T20:48:19.357Z","iobWithZeroTemp":{"iob":-0.429,"basaliob":-0.43,"bolussnooze":0,"activity":-0.0046,"lastBolusTime":1704125002184,"time":"2024-01-01T20:48:19.357Z"}},{"iob":-0.003,"basaliob":-0.003,"bolussnooze":0,"activity":-1.0E-4,"lastBolusTime":1704125002184,"time":"2024-01-01T20:53:19.357Z","iobWithZeroTemp":{"iob":-0.436,"basaliob":-0.436,"bolussnooze":0,"activity":-0.0047,"lastBolusTime":1704125002184,"time":"2024-01-01T20:53:19.357Z"}},{"iob":-0.003,"basaliob":-0.003,"bolussnooze":0,"activity":-1.0E-4,"lastBolusTime":1704125002184,"time":"2024-01-01T20:58:19.357Z","iobWithZeroTemp":{"iob":-0.442,"basaliob":-0.442,"bolussnooze":0,"activity":-0.0048,"lastBolusTime":1704125002184,"time":"2024-01-01T20:58:19.357Z"}},{"iob":-0.002,"basaliob":-0.002,"bolussnooze":0,"activity":-1.0E-4,"lastBolusTime":1704125002184,"time":"2024-01-01T21:03:19.357Z","iobWithZeroTemp":{"iob":-0.442,"basaliob":-0.442,"bolussnooze":0,"activity":-0.0049,"lastBolusTime":1704125002184,"time":"2024-01-01T21:03:19.357Z"}},{"iob":-0.002,"basaliob":-0.002,"bolussnooze":0,"activity":-1.0E-4,"lastBolusTime":1704125002184,"time":"2024-01-01T21:08:19.357Z","iobWithZeroTemp":{"iob":-0.443,"basaliob":-0.443,"bolussnooze":0,"activity":-0.005,"lastBolusTime":1704125002184,"time":"2024-01-01T21:08:19.357Z"}},{"iob":-0.002,"basaliob":-0.002,"bolussnooze":0,"activity":0,"lastBolusTime":1704125002184,"time":"2024-01-01T21:13:19.357Z","iobWithZeroTemp":{"iob":-0.443,"basaliob":-0.443,"bolussnooze":0,"activity":-0.0049,"lastBolusTime":1704125002184,"time":"2024-01-01T21:13:19.357Z"}},{"iob":-0.002,"basaliob":-0.002,"bolussnooze":0,"activity":0,"lastBolusTime":1704125002184,"time":"2024-01-01T21:18:19.357Z","iobWithZeroTemp":{"iob":-0.443,"basaliob":-0.443,"bolussnooze":0,"activity":-0.005,"lastBolusTime":1704125002184,"time":"2024-01-01T21:18:19.357Z"}},{"iob":-0.001,"basaliob":-0.001,"bolussnooze":0,"activity":0,"lastBolusTime":1704125002184,"time":"2024-01-01T21:23:19.357Z","iobWithZeroTemp":{"iob":-0.442,"basaliob":-0.442,"bolussnooze":0,"activity":-0.005,"lastBolusTime":1704125002184,"time":"2024-01-01T21:23:19.357Z"}},{"iob":-0.001,"basaliob":-0.001,"bolussnooze":0,"activity":0,"lastBolusTime":1704125002184,"time":"2024-01-01T21:28:19.357Z","iobWithZeroTemp":{"iob":-0.442,"basaliob":-0.442,"bolussnooze":0,"activity":-0.0051,"lastBolusTime":1704125002184,"time":"2024-01-01T21:28:19.357Z"}},{"iob":-0.001,"basaliob":-0.001,"bolussnooze":0,"activity":0,"lastBolusTime":1704125002184,"time":"2024-01-01T21:33:19.357Z","iobWithZeroTemp":{"iob":-0.442,"basaliob":-0.442,"bolussnooze":0,"activity":-0.0051,"lastBolusTime":1704125002184,"time":"2024-01-01T21:33:19.357Z"}},{"iob":-0.001,"basaliob":-0.001,"bolussnooze":0,"activity":0,"lastBolusTime":1704125002184,"time":"2024-01-01T21:38:19.357Z","iobWithZeroTemp":{"iob":-0.441,"basaliob":-0.441,"bolussnooze":0,"activity":-0.0051,"lastBolusTime":1704125002184,"time":"2024-01-01T21:38:19.357Z"}},{"iob":-0.001,"basaliob":-0.001,"bolussnooze":0,"activity":0,"lastBolusTime":1704125002184,"time":"2024-01-01T21:43:19.357Z","iobWithZeroTemp":{"iob":-0.44,"basaliob":-0.44,"bolussnooze":0,"activity":-0.0052,"lastBolusTime":1704125002184,"time":"2024-01-01T21:43:19.357Z"}},{"iob":-0.001,"basaliob":-0.001,"bolussnooze":0,"activity":0,"lastBolusTime":1704125002184,"time":"2024-01-01T21:48:19.357Z","iobWithZeroTemp":{"iob":-0.439,"basaliob":-0.439,"bolussnooze":0,"activity":-0.0052,"lastBolusTime":1704125002184,"time":"2024-01-01T21:48:19.357Z"}},{"iob":-0.001,"basaliob":-0.001,"bolussnooze":0,"activity":0,"lastBolusTime":1704125002184,"time":"2024-01-01T21:53:19.357Z","iobWithZeroTemp":{"iob":-0.439,"basaliob":-0.439,"bolussnooze":0,"activity":-0.0052,"lastBolusTime":1704125002184,"time":"2024-01-01T21:53:19.357Z"}},{"iob":-0.001,"basaliob":-0.001,"bolussnooze":0,"activity":0,"lastBolusTime":1704125002184,"time":"2024-01-01T21:58:19.357Z","iobWithZeroTemp":{"iob":-0.438,"basaliob":-0.438,"bolussnooze":0,"activity":-0.0052,"lastBolusTime":1704125002184,"time":"2024-01-01T21:58:19.357Z"}},{"iob":0,"basaliob":0,"bolussnooze":0,"activity":0,"lastBolusTime":1704125002184,"time":"2024-01-01T22:03:19.357Z","iobWithZeroTemp":{"iob":-0.432,"basaliob":-0.432,"bolussnooze":0,"activity":-0.0052,"lastBolusTime":1704125002184,"time":"2024-01-01T22:03:19.357Z"}},{"iob":0,"basaliob":0,"bolussnooze":0,"activity":0,"lastBolusTime":0,"time":"2024-01-01T22:08:19.357Z","iobWithZeroTemp":{"iob":-0.427,"basaliob":-0.427,"bolussnooze":0,"activity":-0.0052,"lastBolusTime":0,"time":"2024-01-01T22:08:19.357Z"}},{"iob":0,"basaliob":0,"bolussnooze":0,"activity":0,"lastBolusTime":0,"time":"2024-01-01T22:13:19.357Z","iobWithZeroTemp":{"iob":-0.422,"basaliob":-0.422,"bolussnooze":0,"activity":-0.0051,"lastBolusTime":0,"time":"2024-01-01T22:13:19.357Z"}}],"profile":{"max_iob":10,"type":"current","max_daily_basal":0.35,"max_basal":0.4,"min_bg":90,"max_bg":90,"target_bg":90,"carb_ratio":8.8,"sens":120,"max_daily_safety_multiplier":3,"current_basal_safety_multiplier":4,"lgsThreshold":95,"high_temptarget_raises_sensitivity":true,"low_temptarget_lowers_sensitivity":true,"sensitivity_raises_target":true,"resistance_lowers_target":true,"adv_target_adjustments":false,"exercise_mode":false,"half_basal_exercise_target":160,"maxCOB":120,"skip_neutral_temps":false,"remainingCarbsCap":90,"enableUAM":true,"A52_risk_enable":false,"SMBInterval":6,"enableSMB_with_COB":true,"enableSMB_with_temptarget":false,"allowSMB_with_high_temptarget":false,"enableSMB_always":false,"enableSMB_after_carbs":true,"maxSMBBasalMinutes":30,"maxUAMSMBBasalMinutes":40,"bolus_increment":0.05,"carbsReqThreshold":2,"current_basal":0.1,"temptargetSet":false,"autosens_max":1.3,"autosens_min":0.7,"variable_sens":214.6,"insulinDivisor":75,"TDD":9.901177904761903},"autosens_data":{"ratio":0.6499824012625677},"meal_data":{"carbs":0,"mealCOB":0,"slopeFromMaxDeviation":-0.31739999999999996,"slopeFromMinDeviation":0.48550000000000004,"lastBolusTime":1704125002184,"lastCarbTime":0},"microBolusAllowed":true,"currentTime":1704133101186,"flatBGsDetected":false,"tdd1D":14.612499999999995,"tdd7D":16.776095238095234,"tddLast24H":10.904166666666667,"tddLast4H":0.4083333333333333,"tddLast8to4H":2.1625},"output":{"temp":"absolute","bg":100,"tick":"+2","eventualBG":119,"targetBG":106,"insulinReq":0.04,"deliverAt":"2024-01-01T18:18:21.186Z","sensitivityRatio":0.6499824012625677,"variable_sens":214.6,"predBGs":{"IOB":[100,102,104,106,107,109,110,111,112,113,114,114,114,114,114,115,115,115,115,115,115,116,116,116,116,116,116,116,116,116,116,117],"ZT":[100,100,100,100,100,101,101,101,102,102,103,104,105,106],"UAM":[100,102,104,105,106,107,107,108,108,108,108,108,109,109,109,109,109,109,110,110,110,110,110,110,110,110,111]},"reason":"COB: 0, Dev: 14, BGI: 0, ISF: 215, CR: 8.8, Target: 106, minPredBG 114, minGuardBG 102, IOBpredBG 117, UAMpredBG 111; Eventual BG 119 >= 106, no temp, setting 0.14U\/hr. ","COB":0,"IOB":-0.024,"duration":30,"rate":0.14499824012625678,"timestamp":"2024-01-01T18:18:21.266Z"}}