{"algorithm":"OpenAPSSMBDynamicISFPlugin","input":{"glucoseStatus":{"glucose":62,"noise":0,"delta":2.5,"short_avgdelta":2.5,"long_avgdelta":0.44,"date":1704109972000},"currenttemp":{"temp":"absolute","duration":90,"rate":0,"minutesrunning":30},"iob_data":[{"iob":0.005,"basaliob":-0.307,"bolussnooze":0.0068,"activity":0.0029,"lastBolusTime":1704101411056,"time":"2024-01-01T11:53:18.392Z","iobWithZeroTemp":{"iob":0.005,"basaliob":-0.307,"bolussnooze":0.0068,"activity":0.0029,"lastBolusTime":1704101411056,"time":"2024-01-01T11:53:18.392Z"}},{"iob":-0.008,"basaliob":-0.29,"bolussnooze":0.0046,"activity":0.0024,"lastBolusTime":1704101411056,"time":"2024-01-01T11:58:18.392Z","iobWithZeroTemp":{"iob":-0.025,"basaliob":-0.307,"bolussnooze":0.0046,"activity":0.0024,"lastBolusTime":1704101411056,"time":"2024-01-01T11:58:18.392Z"}},{"iob":-0.019,"basaliob":-0.274,"bolussnooze":0.0029,"activity":0.0019,"lastBolusTime":1704101411056,"time":"2024-01-01T12:03:18.392Z","iobWithZeroTemp":{"iob":-0.056,"basaliob":-0.311,"bolussnooze":0.0029,"activity":0.0018,"lastBolusTime":1704101411056,"time":"2024-01-01T12:03:18.392Z"}},{"iob":-0.027,"basaliob":-0.257,"bolussnooze":0.0017,"activity":0.0015,"lastBolusTime":1704101411056,"time":"2024-01-01T12:08:18.392Z","iobWithZeroTemp":{"iob":-0.085,"basaliob":-0.315,"bolussnooze":0.0017,"activity":0.0013,"lastBolusTime":1704101411056,"time":"2024-01-01T12:08:18.392Z"}},{"iob":-0.034,"basaliob":-0.241,"bolussnooze":9.0E-4,"activity":0.0012,"lastBolusTime":1704101411056,"time":"2024-01-01T12:13:18.392Z","iobWithZeroTemp":{"iob":-0.111,"basaliob":-0.318,"bolussnooze":9.0E-4,"activity":9.0E-4,"lastBolusTime":1704101411056,"time":"2024-01-01T12:13:18.392Z"}},{"iob":-0.039,"basaliob":-0.225,"bolussnooze":4.0E-4,"activity":9.0E-4,"lastBolusTime":1704101411056,"time":"2024-01-01T12:18:18.392Z","iobWithZeroTemp":{"iob":-0.135,"basaliob":-0.321,"bolussnooze":4.0E-4,"activity":5.0E-4,"lastBolusTime":1704101411056,"time":"2024-01-01T12:18:18.392Z"}},{"iob":-0.042,"basaliob":-0.209,"bolussnooze":1.0E-4,"activity":6.0E-4,"lastBolusTime":1704101411056,"time":"2024-01-01T12:23:18.392Z","iobWithZeroTemp":{"iob":-0.156,"basaliob":-0.323,"bolussnooze":1.0E-4,"activity":0,"lastBolusTime":1704101411056,"time":"2024-01-01T12:23:18.392Z"}},{"iob":-0.045,"basaliob":-0.195,"bolussnooze":0,"activity":4.0E-4,"lastBolusTime":1704101411056,"time":"2024-01-01T12:28:18.392Z","iobWithZeroTemp":{"iob":-0.177,"basaliob":-0.327,"bolussnooze":0,"activity":-4.0E-4,"lastBolusTime":1704101411056,"time":"2024-01-01T12:28:18.392Z"}},{"iob":-0.046,"basaliob":-0.18,"bolussnooze":0,"activity":2.0E-4,"lastBolusTime":1704101411056,"time":"2024-01-01T12:33:18.392Z","iobWithZeroTemp":{"iob":-0.195,"basaliob":-0.329,"bolussnooze":0,"activity":-7.0E-4,"lastBolusTime":1704101411056,"time":"2024-01-01T12:33:18.392Z"}},{"iob":-0.047,"basaliob":-0.167,"bolussnooze":0,"activity":1.0E-4,"lastBolusTime":1704101411056,"time":"2024-01-01T12:38:18.392Z","iobWithZeroTemp":{"iob":-0.211,"basaliob":-0.331,"bolussnooze":0,"activity":-0.001,"lastBolusTime":1704101411056,"time":"2024-01-01T12:38:18.392Z"}},{"iob":-0.047,"basaliob":-0.154,"bolussnooze":0,"activity":0,"lastBolusTime":1704101411056,"time":"2024-01-01T12:43:18.392Z","iobWithZeroTemp":{"iob":-0.226,"basaliob":-0.333,"bolussnooze":0,"activity":-0.0013,"lastBolusTime":1704101411056,"time":"2024-01-01T12:43:18.392Z"}},{"iob":-0.047,"basaliob":-0.142,"bolussnooze":0,"activity":-2.0E-4,"lastBolusTime":1704101411056,"time":"2024-01-01T12:48:18.392Z","iobWithZeroTemp":{"iob":-0.24,"basaliob":-0.335,"bolussnooze":0,"activity":-0.0017,"lastBolusTime":1704101411056,"time":"2024-01-01T12:48:18.392Z"}},{"iob":-0.046,"basaliob":-0.13,"bolussnooze":0,"activity":-2.0E-4,"lastBolusTime":1704101411056,"time":"2024-01-01T12:53:18.392Z","iobWithZeroTemp":{"iob":-0.252,"basaliob":-0.336,"bolussnooze":0,"activity":-0.0018,"lastBolusTime":1704101411056,"time":"2024-01-01T12:53:18.392Z"}},{"iob":-0.046,"basaliob":-0.12,"bolussnooze":0,"activity":-3.0E-4,"lastBolusTime":1704101411056,"time":"2024-01-01T12:58:18.392Z","iobWithZeroTemp":{"iob":-0.264,"basaliob":-0.338,"bolussnooze":0,"activity":-0.0021,"lastBolusTime":1704101411056,"time":"2024-01-01T12:58:18.392Z"}},{"iob":-0.044,"basaliob":-0.11,"bolussnooze":0,"activity":-3.0E-4,"lastBolusTime":1704101411056,"time":"2024-01-01T13:03:18.392Z","iobWithZeroTemp":{"iob":-0.282,"basaliob":-0.348,"bolussnooze":0,"activity":-0.0023,"lastBolusTime":1704101411056,"time":"2024-01-01T13:03:18.392Z"}},{"iob":-0.042,"basaliob":-0.1,"bolussnooze":0,"activity":-3.0E-4,"lastBolusTime":1704101411056,"time":"2024-01-01T13:08:18.392Z","iobWithZeroTemp":{"iob":-0.299,"basaliob":-0.357,"bolussnooze":0,"activity":-0.0025,"lastBolusTime":1704101411056,"time":"2024-01-01T13:08:18.392Z"}},{"iob":-0.041,"basaliob":-0.092,"bolussnooze":0,"activity":-4.0E-4,"lastBolusTime":1704101411056,"time":"2024-01-01T13:13:18.392Z","iobWithZeroTemp":{"iob":-0.315,"basaliob":-0.366,"bolussnooze":0,"activity":-0.0028,"lastBolusTime":1704101411056,"time":"2024-01-01T13:13:18.392Z"}},{"iob":-0.039,"basaliob":-0.084,"bolussnooze":0,"activity":-4.0E-4,"lastBolusTime":1704101411056,"time":"2024-01-01T13:18:18.392Z","iobWithZeroTemp":{"iob":-0.33,"basaliob":-0.375,"bolussnooze":0,"activity":-0.0029,"lastBolusTime":1704101411056,"time":"2024-01-01T13:18:18.392Z"}},{"iob":-0.037,"basaliob":-0.076,"bolussnooze":0,"activity":-3.0E-4,"lastBolusTime":1704101411056,"time":"2024-01-01T13:23:18.392Z","iobWithZeroTemp":{"iob":-0.344,"basaliob":-0.383,"bolussnooze":0,"activity":-0.003,"lastBolusTime":1704101411056,"time":"2024-01-01T13:23:18.392Z"}},{"iob":-0.035,"basaliob":-0.069,"bolussnooze":0,"activity":-4.0E-4,"lastBolusTime":1704101411056,"time":"2024-01-01T13:28:18.392Z","iobWithZeroTemp":{"iob":-0.357,"basaliob":-0.391,"bolussnooze":0,"activity":-0.0033,"lastBolusTime":1704101411056,"time":"2024-01-01T13:28:18.392Z"}},{"iob":-0.034,"basaliob":-0.063,"bolussnooze":0,"activity":-4.0E-4,"lastBolusTime":1704101411056,"time":"2024-01-01T13:33:18.392Z","iobWithZeroTemp":{"iob":-0.37,"basaliob":-0.399,"bolussnooze":0,"activity":-0.0035,"lastBolusTime":1704101411056,"time":"2024-01-01T13:33:18.392Z"}},{"iob":-0.032,"basaliob":-0.057,"bolussnooze":0,"activity":-4.0E-4,"lastBolusTime":1704101411056,"time":"2024-01-01T13:38:18.392Z","iobWithZeroTemp":{"iob":-0.381,"basaliob":-0.406,"bolussnooze":0,"activity":-0.0037,"lastBolusTime":1704101411056,"time":"2024-01-01T13:38:18.392Z"}},{"iob":-0.029,"basaliob":-0.051,"bolussnooze":0,"activity":-3.0E-4,"lastBolusTime":1704101411056,"time":"2024-01-01T13:43:18.392Z","iobWithZeroTemp":{"iob":-0.39,"basaliob":-0.412,"bolussnooze":0,"activity":-0.0038,"lastBolusTime":1704101411056,"time":"2024-01-01T13:43:18.392Z"}},{"iob":-0.027,"basaliob":-0.046,"bolussnooze":0,"activity":-4.0E-4,"lastBolusTime":1704101411056,"time":"2024-01-01T13:48:18.392Z","iobWithZeroTemp":{"iob":-0.4,"basaliob":-0.419,"bolussnooze":0,"activity":-0.004,"lastBolusTime":1704101411056,"time":"2024-01-01T13:48:18.392Z"}},{"iob":-0.026,"basaliob":-0.042,"bolussnooze":0,"activity":-4.0E-4,"lastBolusTime":1704101411056,"time":"2024-01-01T13:53:18.392Z","iobWithZeroTemp":{"iob":-0.409,"basaliob":-0.425,"bolussnooze":0,"activity":-0.0042,"lastBolusTime":1704101411056,"time":"2024-01-01T13:53:18.392Z"}},{"iob":-0.024,"basaliob":-0.038,"bolussnooze":0,"activity":-3.0E-4,"lastBolusTime":1704101411056,"time":"2024-01-01T13:58:18.392Z","iobWithZeroTemp":{"iob":-0.417,"basaliob":-0.431,"bolussnooze":0,"activity":-0.0043,"lastBolusTime":1704101411056,"time":"2024-01-01T13:58:18.392Z"}},{"iob":-0.022,"basaliob":-0.034,"bolussnooze":0,"activity":-3.0E-4,"lastBolusTime":1704101411056,"time":"2024-01-01T14:03:18.392Z","iobWithZeroTemp":{"iob":-0.403,"basaliob":-0.415,"bolussnooze":0,"activity":-0.0044,"lastBolusTime":1704101411056,"time":"2024-01-01T14:03:18.392Z"}},{"iob":-0.02,"basaliob":-0.03,"bolussnooze":0,"activity":-4.0E-4,"lastBolusTime":1704101411056,"time":"2024-01-01T14:08:18.392Z","iobWithZeroTemp":{"iob":-0.389,"basaliob":-0.399,"bolussnooze":0,"activity":-0.0045,"lastBolusTime":1704101411056,"time":"2024-01-01T14:08:18.392Z"}},{"iob":-0.019,"basaliob":-0.027,"bolussnooze":0,"activity":-3.0E-4,"lastBolusTime":1704101411056,"time":"2024-01-01T14:13:18.392Z","iobWithZeroTemp":{"iob":-0.376,"basaliob":-0.384,"bolussnooze":0,"activity":-0.0045,"lastBolusTime":1704101411056,"time":"2024-01-01T14:13:18.392Z"}},{"iob":-0.017,"basaliob":-0.024,"bolussnooze":0,"activity":-2.0E-4,"lastBolusTime":1704101411056,"time":"2024-01-01T14:18:18.392Z","iobWithZeroTemp":{"iob":-0.362,"basaliob":-0.369,"bolussnooze":0,"activity":-0.0044,"lastBolusTime":1704101411056,"time":"2024-01-01T14:18:18.392Z"}},{"iob":-0.017,"basaliob":-0.022,"bolussnooze":0,"activity":-3.0E-4,"lastBolusTime":1704101411056,"time":"2024-01-01T14:23:18.392Z","iobWithZeroTemp":{"iob":-0.349,"basaliob":-0.354,"bolussnooze":0,"activity":-0.0044,"lastBolusTime":1704101411056,"time":"2024-01-01T14:23:18.392Z"}},{"iob":-0.015,"basaliob":-0.019,"bolussnooze":0,"activity":-3.0E-4,"lastBolusTime":1704101411056,"time":"2024-01-01T14:28:18.392Z","iobWithZeroTemp":{"iob":-0.335,"basaliob":-0.339,"bolussnooze":0,"activity":-0.0044,"lastBolusTime":1704101411056,"time":"2024-01-01T14:28:18.392Z"}},{"iob":-0.013,"basaliob":-0.017,"bolussnooze":0,"activity":-2.0E-4,"lastBolusTime":1704101411056,"time":"2024-01-01T14:33:18.392Z","iobWithZeroTemp":{"iob":-0.321,"basaliob":-0.325,"bolussnooze":0,"activity":-0.0042,"lastBolusTime":1704101411056,"time":"2024-01-01T14:33:18.392Z"}},{"iob":-0.012,"basaliob":-0.015,"bolussnooze":0,"activity":-3.0E-4,"lastBolusTime":1704101411056,"time":"2024-01-01T14:38:18.392Z","iobWithZeroTemp":{"iob":-0.309,"basaliob":-0.312,"bolussnooze":0,"activity":-0.0042,"lastBolusTime":1704101411056,"time":"2024-01-01T14:38:18.392Z"}},{"iob":-0.012,"basaliob":-0.014,"bolussnooze":0,"activity":-2.0E-4,"lastBolusTime":1704101411056,"time":"2024-01-01T14:43:18.392Z","iobWithZeroTemp":{"iob":-0.298,"basaliob":-0.3,"bolussnooze":0,"activity":-0.004,"lastBolusTime":1704101411056,"time":"2024-01-01T14:43:18.392Z"}},{"iob":-0.01,"basaliob":-0.012,"bolussnooze":0,"activity":-2.0E-4,"lastBolusTime":1704101411056,"time":"2024-01-01T14:48:18.392Z","iobWithZeroTemp":{"iob":-0.285,"basaliob":-0.287,"bolussnooze":0,"activity":-0.0039,"lastBolusTime":1704101411056,"time":"2024-01-01T14:48:18.392Z"}},{"iob":-0.01,"basaliob":-0.011,"bolussnooze":0,"activity":-2.0E-4,"lastBolusTime":1704101411056,"time":"2024-01-01T14:53:18.392Z","iobWithZeroTemp":{"iob":-0.275,"basaliob":-0.276,"bolussnooze":0,"activity":-0.0038,"lastBolusTime":1704101411056,"time":"2024-01-01T14:53:18.392Z"}},{"iob":-0.008,"basaliob":-0.009,"bolussnooze":0,"activity":-1.0E-4,"lastBolusTime":1704101411056,"time":"2024-01-01T14:58:18.392Z","iobWithZeroTemp":{"iob":-0.263,"basaliob":-0.264,"bolussnooze":0,"activity":-0.0036,"lastBolusTime":1704101411056,"time":"2024-01-01T14:58:18.392Z"}},{"iob":-0.007,"basaliob":-0.008,"bolussnooze":0,"activity":-2.0E-4,"lastBolusTime":1704101411056,"time":"2024-01-01T15:03:18.392Z","iobWithZeroTemp":{"iob":-0.253,"basaliob":-0.254,"bolussnooze":0,"activity":-0.0036,"lastBolusTime":1704101411056,"time":"2024-01-01T15:03:18.392Z"}},{"iob":-0.007,"basaliob":-0.007,"bolussnooze":0,"activity":-2.0E-4,"lastBolusTime":1704101411056,"time":"2024-01-01T15:08:18.392Z","iobWithZeroTemp":{"iob":-0.245,"basaliob":-0.245,"bolussnooze":0,"activity":-0.0035,"lastBolusTime":1704101411056,"time":"2024-01-01T15:08:18.392Z"}},{"iob":-0.006,"basaliob":-0.006,"bolussnooze":0,"activity":-2.0E-4,"lastBolusTime":1704101411056,"time":"2024-01-01T15:13:18.392Z","iobWithZeroTemp":{"iob":-0.236,"basaliob":-0.236,"bolussnooze":0,"activity":-0.0034,"lastBolusTime":1704101411056,"time":"2024-01-01T15:13:18.392Z"}},{"iob":-0.005,"basaliob":-0.005,"bolussnooze":0,"activity":-2.0E-4,"lastBolusTime":1704101411056,"time":"2024-01-01T15:18:18.392Z","iobWithZeroTemp":{"iob":-0.227,"basaliob":-0.227,"bolussnooze":0,"activity":-0.0033,"lastBolusTime":1704101411056,"time":"2024-01-01T15:18:18.392Z"}},{"iob":-0.005,"basaliob":-0.005,"bolussnooze":0,"activity":-1.0E-4,"lastBolusTime":1704101411056,"time":"2024-01-01T15:23:18.392Z","iobWithZeroTemp":{"iob":-0.22,"basaliob":-0.22,"bolussnooze":0,"activity":-0.0031,"lastBolusTime":1704101411056,"time":"2024-01-01T15:23:18.392Z"}},{"iob":-0.004,"basaliob":-0.004,"bolussnooze":0,"activity":-1.0E-4,"lastBolusTime":1704101411056,"time":"2024-01-01T15:28:18.392Z","iobWithZeroTemp":{"iob":-0.213,"basaliob":-0.213,"bolussnooze":0,"activity":-0.003,"lastBolusTime":1704101411056,"time":"2024-01-01T15:28:18.392Z"}},{"iob":-0.003,"basaliob":-0.003,"bolussnooze":0,"activity":-1.0E-4,"lastBolusTime":0,"time":"2024-01-01T15:33:18.392Z","iobWithZeroTemp":{"iob":-0.206,"basaliob":-0.206,"bolussnooze":0,"activity":-0.0029,"lastBolusTime":0,"time":"2024-01-01T15:33:18.392Z"}},{"iob":-0.003,"basaliob":-0.003,"bolussnooze":0,"activity":-1.0E-4,"lastBolusTime":0,"time":"2024-01-01T15:38:18.392Z","iobWithZeroTemp":{"iob":-0.2,"basaliob":-0.2,"bolussnooze":0,"activity":-0.0029,"lastBolusTime":0,"time":"2024-01-01T15:38:18.392Z"}},{"iob":-0.003,"basaliob":-0.003,"bolussnooze":0,"activity":-1.0E-4,"lastBolusTime":0,"time":"2024-01-01T15:43:18.392Z","iobWithZeroTemp":{"iob":-0.195,"basaliob":-0.195,"bolussnooze":0,"activity":-0.0028,"lastBolusTime":0,"time":"2024-01-01T15:43:18.392Z"}},{"iob":-0.002,"basaliob":-0.002,"bolussnooze":0,"activity":-1.0E-4,"lastBolusTime":0,"time":"2024-01-01T15:48:18.392Z","iobWithZeroTemp":{"iob":-0.189,"basaliob":-0.189,"bolussnooze":0,"activity":-0.0027,"lastBolusTime":0,"time":"2024-01-01T15:48:18.392Z"}}],"profile":{"max_iob":0,"type":"current","max_daily_basal":0.35,"max_basal":1,"min_bg":135,"max_bg":135,"target_bg":135,"carb_ratio":8.8,"sens":120,"max_daily_safety_multiplier":3,"current_basal_safety_multiplier":4,"lgsThreshold":95,"high_temptarget_raises_sensitivity":true,"low_temptarget_lowers_sensitivity":true,"sensitivity_raises_target":true,"resistance_lowers_target":true,"adv_target_adjustments":false,"exercise_mode":false,"half_basal_exercise_target":160,"maxCOB":120,"skip_neutral_temps":false,"remainingCarbsCap":90,"enableUAM":true,"A52_risk_enable":false,"SMBInterval":6,"enableSMB_with_COB":false,"enableSMB_with_temptarget":false,"allowSMB_with_high_temptarget":false,"enableSMB_always":false,"enableSMB_after_carbs":false,"maxSMBBasalMinutes":30,"maxUAMSMBBasalMinutes":40,"bolus_increment":0.05,"carbsReqThreshold":2,"current_basal":0.25,"temptargetSet":true,"autosens_max":1.3,"autosens_min":0.7,"variable_sens":255.4,"insulinDivisor":75,"TDD":11.699677904761906},"autosens_data":{"ratio":0.6636427115680475},"meal_data":{"carbs":23,"mealCOB":9.099866666666664,"slopeFromMaxDeviation":-0.10385714285714279,"slopeFromMinDeviation":0.6632500000000001,"lastBolusTime":1704101411056,"lastCarbTime":1704108949000},"microBolusAllowed":false,"currentTime":1704110000441,"flatBGsDetected":false,"tdd1D":14.612499999999995,"tdd7D":16.776095238095234,"tddLast24H":11.133333333333331,"tddLast4H":2.5375,"tddLast8to4H":0.9791666666666666},"output":{"temp":"absolute","bg":62,"tick":"+3","eventualBG":300,"targetBG":135,"insulinReq":0,"deliverAt":"2024-01-01T11:53:20.441Z","sensitivityRatio":0.63,"variable_sens":255.4,"predBGs":{"IOB":[62,64,66,69,71,73,75,77,79,80,81,81,82,82,82,83,83,83,84,84,84,85,85,85,86,86,87,87,87,88,88,88,88,89,89,89,89,89,90,90,90,90,90,90,91],"ZT":[62,58,55,53,51,49,49,49,49,50,52,54,56,59,61,64,67,71,74,78,81,85,89,92,96,100,104,108,112,116,119,123,126,129,133],"COB":[62,64,68,71,75,80,85,90,96,101,107,113,119,125,131,138,144,150,156,162,168,175,181,187,193,199,205,211,217,222,228,234,239,245,250,255,260,264,269,273,277,281,285,288,292,295,298,300],"UAM":[62,64,67,70,74,78,82,86,90,94,98,101,105,109,112,115,118,121,123,126,128,130,131,133,134,135,136,136,136,137,137,137,137,137,138,138,138,138,138,138,138,139]},"reason":"COB: 9.1, Dev: 37, BGI: -4, ISF: 255, CR: 8.8, Target: 135, minPredBG 156, minGuardBG 64, IOBpredBG 91, COBpredBG 300, UAMpredBG 139; minGuardBG 64<95 90m left and 0 ~ req 0U\/hr: no temp required","COB":9.099866666666664,"IOB":0.005,"timestamp":"2024-01-01T11:53:20.467Z"}}