{"algorithm":"OpenAPSSMBDynamicISFPlugin","input":{"glucoseStatus":{"glucose":148,"noise":0,"delta":7.33,"short_avgdelta":7.33,"long_avgdelta":3.94,"date":1704161273000},"currenttemp":{"temp":"absolute","duration":26,"rate":0.75,"minutesrunning":4},"iob_data":[{"iob":0.147,"basaliob":0.135,"bolussnooze":0,"activity":0.0015,"lastBolusTime":1704151111516,"time":"2024-01-02T02:08:21.353Z","iobWithZeroTemp":{"iob":0.147,"basaliob":0.135,"bolussnooze":0,"activity":0.0015,"lastBolusTime":1704151111516,"time":"2024-01-02T02:08:21.353Z"}},{"iob":0.14,"basaliob":0.129,"bolussnooze":0,"activity":0.0016,"lastBolusTime":1704151111516,"time":"2024-01-02T02:13:21.353Z","iobWithZeroTemp":{"iob":0.127,"basaliob":0.116,"bolussnooze":0,"activity":0.0016,"lastBolusTime":1704151111516,"time":"2024-01-02T02:13:21.353Z"}},{"iob":0.132,"basaliob":0.123,"bolussnooze":0,"activity":0.0015,"lastBolusTime":1704151111516,"time":"2024-01-02T02:18:21.353Z","iobWithZeroTemp":{"iob":0.102,"basaliob":0.093,"bolussnooze":0,"activity":0.0014,"lastBolusTime":1704151111516,"time":"2024-01-02T02:18:21.353Z"}},{"iob":0.124,"basaliob":0.116,"bolussnooze":0,"activity":0.0015,"lastBolusTime":1704151111516,"time":"2024-01-02T02:23:21.353Z","iobWithZeroTemp":{"iob":0.078,"basaliob":0.07,"bolussnooze":0,"activity":0.0014,"lastBolusTime":1704151111516,"time":"2024-01-02T02:23:21.353Z"}},{"iob":0.117,"basaliob":0.11,"bolussnooze":0,"activity":0.0015,"lastBolusTime":1704151111516,"time":"2024-01-02T02:28:21.353Z","iobWithZeroTemp":{"iob":0.055,"basaliob":0.048,"bolussnooze":0,"activity":0.0013,"lastBolusTime":1704151111516,"time":"2024-01-02T02:28:21.353Z"}},{"iob":0.11,"basaliob":0.103,"bolussnooze":0,"activity":0.0015,"lastBolusTime":1704151111516,"time":"2024-01-02T02:33:21.353Z","iobWithZeroTemp":{"iob":0.033,"basaliob":0.026,"bolussnooze":0,"activity":0.0012,"lastBolusTime":1704151111516,"time":"2024-01-02T02:33:21.353Z"}},{"iob":0.102,"basaliob":0.096,"bolussnooze":0,"activity":0.0014,"lastBolusTime":1704151111516,"time":"2024-01-02T02:38:21.353Z","iobWithZeroTemp":{"iob":0.01,"basaliob":0.004,"bolussnooze":0,"activity":9.0E-4,"lastBolusTime":1704151111516,"time":"2024-01-02T02:38:21.353Z"}},{"iob":0.095,"basaliob":0.09,"bolussnooze":0,"activity":0.0013,"lastBolusTime":1704151111516,"time":"2024-01-02T02:43:21.353Z","iobWithZeroTemp":{"iob":-0.011,"basaliob":-0.016,"bolussnooze":0,"activity":7.0E-4,"lastBolusTime":1704151111516,"time":"2024-01-02T02:43:21.353Z"}},{"iob":0.088,"basaliob":0.084,"bolussnooze":0,"activity":0.0013,"lastBolusTime":1704151111516,"time":"2024-01-02T02:48:21.353Z","iobWithZeroTemp":{"iob":-0.031,"basaliob":-0.035,"bolussnooze":0,"activity":6.0E-4,"lastBolusTime":1704151111516,"time":"2024-01-02T02:48:21.353Z"}},{"iob":0.082,"basaliob":0.078,"bolussnooze":0,"activity":0.0013,"lastBolusTime":1704151111516,"time":"2024-01-02T02:53:21.353Z","iobWithZeroTemp":{"iob":-0.049,"basaliob":-0.053,"bolussnooze":0,"activity":4.0E-4,"lastBolusTime":1704151111516,"time":"2024-01-02T02:53:21.353Z"}},{"iob":0.075,"basaliob":0.072,"bolussnooze":0,"activity":0.0012,"lastBolusTime":1704151111516,"time":"2024-01-02T02:58:21.353Z","iobWithZeroTemp":{"iob":-0.068,"basaliob":-0.071,"bolussnooze":0,"activity":2.0E-4,"lastBolusTime":1704151111516,"time":"2024-01-02T02:58:21.353Z"}},{"iob":0.07,"basaliob":0.067,"bolussnooze":0,"activity":0.0012,"lastBolusTime":1704151111516,"time":"2024-01-02T03:03:21.353Z","iobWithZeroTemp":{"iob":-0.093,"basaliob":-0.096,"bolussnooze":0,"activity":0,"lastBolusTime":1704151111516,"time":"2024-01-02T03:03:21.353Z"}},{"iob":0.065,"basaliob":0.062,"bolussnooze":0,"activity":0.0011,"lastBolusTime":1704151111516,"time":"2024-01-02T03:08:21.353Z","iobWithZeroTemp":{"iob":-0.116,"basaliob":-0.119,"bolussnooze":0,"activity":-2.0E-4,"lastBolusTime":1704151111516,"time":"2024-01-02T03:08:21.353Z"}},{"iob":0.059,"basaliob":0.057,"bolussnooze":0,"activity":0.001,"lastBolusTime":1704151111516,"time":"2024-01-02T03:13:21.353Z","iobWithZeroTemp":{"iob":-0.14,"basaliob":-0.142,"bolussnooze":0,"activity":-5.0E-4,"lastBolusTime":1704151111516,"time":"2024-01-02T03:13:21.353Z"}},{"iob":0.054,"basaliob":0.052,"bolussnooze":0,"activity":0.001,"lastBolusTime":1704151111516,"time":"2024-01-02T03:18:21.353Z","iobWithZeroTemp":{"iob":-0.162,"basaliob":-0.164,"bolussnooze":0,"activity":-7.0E-4,"lastBolusTime":1704151111516,"time":"2024-01-02T03:18:21.353Z"}},{"iob":0.05,"basaliob":0.048,"bolussnooze":0,"activity":9.0E-4,"lastBolusTime":1704151111516,"time":"2024-01-02T03:23:21.353Z","iobWithZeroTemp":{"iob":-0.182,"basaliob":-0.184,"bolussnooze":0,"activity":-0.001,"lastBolusTime":1704151111516,"time":"2024-01-02T03:23:21.353Z"}},{"iob":0.045,"basaliob":0.044,"bolussnooze":0,"activity":8.0E-4,"lastBolusTime":1704151111516,"time":"2024-01-02T03:28:21.353Z","iobWithZeroTemp":{"iob":-0.202,"basaliob":-0.203,"bolussnooze":0,"activity":-0.0013,"lastBolusTime":1704151111516,"time":"2024-01-02T03:28:21.353Z"}},{"iob":0.041,"basaliob":0.04,"bolussnooze":0,"activity":7.0E-4,"lastBolusTime":1704151111516,"time":"2024-01-02T03:33:21.353Z","iobWithZeroTemp":{"iob":-0.22,"basaliob":-0.221,"bolussnooze":0,"activity":-0.0015,"lastBolusTime":1704151111516,"time":"2024-01-02T03:33:21.353Z"}},{"iob":0.038,"basaliob":0.037,"bolussnooze":0,"activity":7.0E-4,"lastBolusTime":1704151111516,"time":"2024-01-02T03:38:21.353Z","iobWithZeroTemp":{"iob":-0.236,"basaliob":-0.237,"bolussnooze":0,"activity":-0.0017,"lastBolusTime":1704151111516,"time":"2024-01-02T03:38:21.353Z"}},{"iob":0.035,"basaliob":0.034,"bolussnooze":0,"activity":6.0E-4,"lastBolusTime":1704151111516,"time":"2024-01-02T03:43:21.353Z","iobWithZeroTemp":{"iob":-0.252,"basaliob":-0.253,"bolussnooze":0,"activity":-0.002,"lastBolusTime":1704151111516,"time":"2024-01-02T03:43:21.353Z"}},{"iob":0.032,"basaliob":0.031,"bolussnooze":0,"activity":6.0E-4,"lastBolusTime":1704151111516,"time":"2024-01-02T03:48:21.353Z","iobWithZeroTemp":{"iob":-0.266,"basaliob":-0.267,"bolussnooze":0,"activity":-0.0022,"lastBolusTime":1704151111516,"time":"2024-01-02T03:48:21.353Z"}},{"iob":0.029,"basaliob":0.028,"bolussnooze":0,"activity":5.0E-4,"lastBolusTime":1704151111516,"time":"2024-01-02T03:53:21.353Z","iobWithZeroTemp":{"iob":-0.28,"basaliob":-0.281,"bolussnooze":0,"activity":-0.0024,"lastBolusTime":1704151111516,"time":"2024-01-02T03:53:21.353Z"}},{"iob":0.026,"basaliob":0.025,"bolussnooze":0,"activity":5.0E-4,"lastBolusTime":1704151111516,"time":"2024-01-02T03:58:21.353Z","iobWithZeroTemp":{"iob":-0.293,"basaliob":-0.294,"bolussnooze":0,"activity":-0.0026,"lastBolusTime":1704151111516,"time":"2024-01-02T03:58:21.353Z"}},{"iob":0.023,"basaliob":0.023,"bolussnooze":0,"activity":5.0E-4,"lastBolusTime":1704151111516,"time":"2024-01-02T04:03:21.353Z","iobWithZeroTemp":{"iob":-0.305,"basaliob":-0.305,"bolussnooze":0,"activity":-0.0027,"lastBolusTime":1704151111516,"time":"2024-01-02T04:03:21.353Z"}},{"iob":0.021,"basaliob":0.021,"bolussnooze":0,"activity":4.0E-4,"lastBolusTime":1704151111516,"time":"2024-01-02T04:08:21.353Z","iobWithZeroTemp":{"iob":-0.316,"basaliob":-0.316,"bolussnooze":0,"activity":-0.003,"lastBolusTime":1704151111516,"time":"2024-01-02T04:08:21.353Z"}},{"iob":0.019,"basaliob":0.019,"bolussnooze":0,"activity":4.0E-4,"lastBolusTime":1704151111516,"time":"2024-01-02T04:13:21.353Z","iobWithZeroTemp":{"iob":-0.326,"basaliob":-0.326,"bolussnooze":0,"activity":-0.0031,"lastBolusTime":1704151111516,"time":"2024-01-02T04:13:21.353Z"}},{"iob":0.017,"basaliob":0.017,"bolussnooze":0,"activity":4.0E-4,"lastBolusTime":1704151111516,"time":"2024-01-02T04:18:21.353Z","iobWithZeroTemp":{"iob":-0.335,"basaliob":-0.335,"bolussnooze":0,"activity":-0.0032,"lastBolusTime":1704151111516,"time":"2024-01-02T04:18:21.353Z"}},{"iob":0.015,"basaliob":0.015,"bolussnooze":0,"activity":3.0E-4,"lastBolusTime":1704151111516,"time":"2024-01-02T04:23:21.353Z","iobWithZeroTemp":{"iob":-0.343,"basaliob":-0.343,"bolussnooze":0,"activity":-0.0034,"lastBolusTime":1704151111516,"time":"2024-01-02T04:23:21.353Z"}},{"iob":0.014,"basaliob":0.014,"bolussnooze":0,"activity":3.0E-4,"lastBolusTime":1704151111516,"time":"2024-01-02T04:28:21.353Z","iobWithZeroTemp":{"iob":-0.351,"basaliob":-0.351,"bolussnooze":0,"activity":-0.0035,"lastBolusTime":1704151111516,"time":"2024-01-02T04:28:21.353Z"}},{"iob":0.012,"basaliob":0.012,"bolussnooze":0,"activity":3.0E-4,"lastBolusTime":1704151111516,"time":"2024-01-02T04:33:21.353Z","iobWithZeroTemp":{"iob":-0.358,"basaliob":-0.358,"bolussnooze":0,"activity":-0.0036,"lastBolusTime":1704151111516,"time":"2024-01-02T04:33:21.353Z"}},{"iob":0.011,"basaliob":0.011,"bolussnooze":0,"activity":2.0E-4,"lastBolusTime":1704151111516,"time":"2024-01-02T04:38:21.353Z","iobWithZeroTemp":{"iob":-0.364,"basaliob":-0.364,"bolussnooze":0,"activity":-0.0038,"lastBolusTime":1704151111516,"time":"2024-01-02T04:38:21.353Z"}},{"iob":0.01,"basaliob":0.01,"bolussnooze":0,"activity":2.0E-4,"lastBolusTime":1704151111516,"time":"2024-01-02T04:43:21.353Z","iobWithZeroTemp":{"iob":-0.37,"basaliob":-0.37,"bolussnooze":0,"activity":-0.0039,"lastBolusTime":1704151111516,"time":"2024-01-02T04:43:21.353Z"}},{"iob":0.009,"basaliob":0.009,"bolussnooze":0,"activity":2.0E-4,"lastBolusTime":1704151111516,"time":"2024-01-02T04:48:21.353Z","iobWithZeroTemp":{"iob":-0.375,"basaliob":-0.375,"bolussnooze":0,"activity":-0.004,"lastBolusTime":1704151111516,"time":"2024-01-02T04:48:21.353Z"}},{"iob":0.008,"basaliob":0.008,"bolussnooze":0,"activity":2.0E-4,"lastBolusTime":1704151111516,"time":"2024-01-02T04:53:21.353Z","iobWithZeroTemp":{"iob":-0.38,"basaliob":-0.38,"bolussnooze":0,"activity":-0.0041,"lastBolusTime":1704151111516,"time":"2024-01-02T04:53:21.353Z"}},{"iob":0.007,"basaliob":0.007,"bolussnooze":0,"activity":2.0E-4,"lastBolusTime":1704151111516,"time":"2024-01-02T04:58:21.353Z","iobWithZeroTemp":{"iob":-0.384,"basaliob":-0.384,"bolussnooze":0,"activity":-0.0041,"lastBolusTime":1704151111516,"time":"2024-01-02T04:58:21.353Z"}},{"iob":0.006,"basaliob":0.006,"bolussnooze":0,"activity":1.0E-4,"lastBolusTime":1704151111516,"time":"2024-01-02T05:03:21.353Z","iobWithZeroTemp":{"iob":-0.389,"basaliob":-0.389,"bolussnooze":0,"activity":-0.0043,"lastBolusTime":1704151111516,"time":"2024-01-02T05:03:21.353Z"}},{"iob":0.005,"basaliob":0.005,"bolussnooze":0,"activity":1.0E-4,"lastBolusTime":1704151111516,"time":"2024-01-02T05:08:21.353Z","iobWithZeroTemp":{"iob":-0.392,"basaliob":-0.392,"bolussnooze":0,"activity":-0.0044,"lastBolusTime":1704151111516,"time":"2024-01-02T05:08:21.353Z"}},{"iob":0.005,"basaliob":0.005,"bolussnooze":0,"activity":1.0E-4,"lastBolusTime":1704151111516,"time":"2024-01-02T05:13:21.353Z","iobWithZeroTemp":{"iob":-0.395,"basaliob":-0.395,"bolussnooze":0,"activity":-0.0044,"lastBolusTime":1704151111516,"time":"2024-01-02T05:13:21.353Z"}},{"iob":0.004,"basaliob":0.004,"bolussnooze":0,"activity":1.0E-4,"lastBolusTime":1704151111516,"time":"2024-01-02T05:18:21.353Z","iobWithZeroTemp":{"iob":-0.398,"basaliob":-0.398,"bolussnooze":0,"activity":-0.0045,"lastBolusTime":1704151111516,"time":"2024-01-02T05:18:21.353Z"}},{"iob":0.004,"basaliob":0.004,"bolussnooze":0,"activity":1.0E-4,"lastBolusTime":0,"time":"2024-01-02T05:23:21.353Z","iobWithZeroTemp":{"iob":-0.401,"basaliob":-0.401,"bolussnooze":0,"activity":-0.0045,"lastBolusTime":0,"time":"2024-01-02T05:23:21.353Z"}},{"iob":0.003,"basaliob":0.003,"bolussnooze":0,"activity":1.0E-4,"lastBolusTime":0,"time":"2024-01-02T05:28:21.353Z","iobWithZeroTemp":{"iob":-0.403,"basaliob":-0.403,"bolussnooze":0,"activity":-0.0045,"lastBolusTime":0,"time":"2024-01-02T05:28:21.353Z"}},{"iob":0.003,"basaliob":0.003,"bolussnooze":0,"activity":1.0E-4,"lastBolusTime":0,"time":"2024-01-02T05:33:21.353Z","iobWithZeroTemp":{"iob":-0.405,"basaliob":-0.405,"bolussnooze":0,"activity":-0.0046,"lastBolusTime":0,"time":"2024-01-02T05:33:21.353Z"}},{"iob":0.002,"basaliob":0.002,"bolussnooze":0,"activity":1.0E-4,"lastBolusTime":0,"time":"2024-01-02T05:38:21.353Z","iobWithZeroTemp":{"iob":-0.408,"basaliob":-0.408,"bolussnooze":0,"activity":-0.0046,"lastBolusTime":0,"time":"2024-01-02T05:38:21.353Z"}},{"iob":0.002,"basaliob":0.002,"bolussnooze":0,"activity":1.0E-4,"lastBolusTime":0,"time":"2024-01-02T05:43:21.353Z","iobWithZeroTemp":{"iob":-0.409,"basaliob":-0.409,"bolussnooze":0,"activity":-0.0046,"lastBolusTime":0,"time":"2024-01-02T05:43:21.353Z"}},{"iob":0.002,"basaliob":0.002,"bolussnooze":0,"activity":1.0E-4,"lastBolusTime":0,"time":"2024-01-02T05:48:21.353Z","iobWithZeroTemp":{"iob":-0.41,"basaliob":-0.41,"bolussnooze":0,"activity":-0.0047,"lastBolusTime":0,"time":"2024-01-02T05:48:21.353Z"}},{"iob":0.002,"basaliob":0.002,"bolussnooze":0,"activity":0,"lastBolusTime":0,"time":"2024-01-02T05:53:21.353Z","iobWithZeroTemp":{"iob":-0.411,"basaliob":-0.411,"bolussnooze":0,"activity":-0.0048,"lastBolusTime":0,"time":"2024-01-02T05:53:21.353Z"}},{"iob":0.001,"basaliob":0.001,"bolussnooze":0,"activity":0,"lastBolusTime":0,"time":"2024-01-02T05:58:21.353Z","iobWithZeroTemp":{"iob":-0.413,"basaliob":-0.413,"bolussnooze":0,"activity":-0.0048,"lastBolusTime":0,"time":"2024-01-02T05:58:21.353Z"}},{"iob":0.001,"basaliob":0.001,"bolussnooze":0,"activity":0,"lastBolusTime":0,"time":"2024-01-02T06:03:21.353Z","iobWithZeroTemp":{"iob":-0.414,"basaliob":-0.414,"bolussnooze":0,"activity":-0.0048,"lastBolusTime":0,"time":"2024-01-02T06:03:21.353Z"}}],"profile":{"max_iob":10,"type":"current","max_daily_basal":0.35,"max_basal":0.8,"min_bg":90,"max_bg":90,"target_bg":90,"carb_ratio":8.8,"sens":120,"max_daily_safety_multiplier":3,"current_basal_safety_multiplier":4,"lgsThreshold":95,"high_temptarget_raises_sensitivity":true,"low_temptarget_lowers_sensitivity":true,"sensitivity_raises_target":true,"resistance_lowers_target":true,"adv_target_adjustments":false,"exercise_mode":false,"half_basal_exercise_target":160,"maxCOB":120,"skip_neutral_temps":false,"remainingCarbsCap":90,"enableUAM":true,"A52_risk_enable":false,"SMBInterval":6,"enableSMB_with_COB":true,"enableSMB_with_temptarget":false,"allowSMB_with_high_temptarget":false,"enableSMB_always":false,"enableSMB_after_carbs":true,"maxSMBBasalMinutes":45,"maxUAMSMBBasalMinutes":40,"bolus_increment":0.05,"carbsReqThreshold":2,"current_basal":0.2,"temptargetSet":true,"autosens_max":1.3,"autosens_min":0.7,"variable_sens":172.1,"insulinDivisor":75,"TDD":9.600377714285715},"autosens_data":{"ratio":0.6573826437289685},"meal_data":{"carbs":0,"mealCOB":0,"slopeFromMaxDeviation":0,"slopeFromMinDeviation":1.1652222222222222,"lastBolusTime":1704151111516,"lastCarbTime":0},"microBolusAllowed":true,"currentTime":1704161303171,"flatBGsDetected":false,"tdd1D":10.2375,"tdd7D":15.997785714285714,"tddLast24H":10.516666666666667,"tddLast4H":0.975,"tddLast8to4H":3.0833333333333335},"output":{"temp":"absolute","bg":148,"tick":"+7","eventualBG":217,"targetBG":90,"insulinReq":0.6,"deliverAt":"2024-01-02T02:08:23.171Z","sensitivityRatio":1.2,"variable_sens":172.1,"predBGs":{"IOB":[148,155,160,166,170,174,177,180,181,183,183,183,182,181,180,180,179,178,178,177,177,176,176,176,175,175,175,174,174,174,174,173,173,173,173,173,173,173,172],"ZT":[148,147,145,144,143,142,141,140,139,139,138,138,138,138,139,139],"UAM":[148,155,161,168,173,179,184,189,193,197,201,205,208,211,213,215,217,218,219,220,220,220,220,220,219,219,219,219,218,218,218,218,218,218,217]},"reason":"COB: 0, Dev: 52, BGI: -1, ISF: 172, CR: 8.8, Target: 90, minPredBG 194, minGuardBG 155, IOBpredBG 172, UAMpredBG 217; Eventual BG 217 >= 90, adj. req. rate: 1.44 to maxSafeBasal: 0.8, temp 0.75 < 0.8U\/hr.  26m left and 0.75 ~ req 0.8U\/hr: no temp required","COB":0,"IOB":0.147,"timestamp":"2024-01-02T02:08:23.203Z"}}