{"algorithm":"OpenAPSSMBDynamicISFPlugin","input":{"glucoseStatus":{"glucose":80,"noise":0,"delta":7.61,"short_avgdelta":7.61,"long_avgdelta":4.01,"date":1704110872000},"currenttemp":{"temp":"absolute","duration":29,"rate":0.35,"minutesrunning":1},"iob_data":[{"iob":-0.088,"basaliob":-0.315,"bolussnooze":0.0016,"activity":0.0012,"lastBolusTime":1704101411056,"time":"2024-01-01T12:08:54.636Z","iobWithZeroTemp":{"iob":-0.088,"basaliob":-0.315,"bolussnooze":0.0016,"activity":0.0012,"lastBolusTime":1704101411056,"time":"2024-01-01T12:08:54.636Z"}},{"iob":-0.092,"basaliob":-0.297,"bolussnooze":8.0E-4,"activity":8.0E-4,"lastBolusTime":1704101411056,"time":"2024-01-01T12:13:54.636Z","iobWithZeroTemp":{"iob":-0.109,"basaliob":-0.314,"bolussnooze":8.0E-4,"activity":8.0E-4,"lastBolusTime":1704101411056,"time":"2024-01-01T12:13:54.636Z"}},{"iob":-0.096,"basaliob":-0.28,"bolussnooze":4.0E-4,"activity":5.0E-4,"lastBolusTime":1704101411056,"time":"2024-01-01T12:18:54.636Z","iobWithZeroTemp":{"iob":-0.133,"basaliob":-0.317,"bolussnooze":4.0E-4,"activity":4.0E-4,"lastBolusTime":1704101411056,"time":"2024-01-01T12:18:54.636Z"}},{"iob":-0.097,"basaliob":-0.262,"bolussnooze":1.0E-4,"activity":2.0E-4,"lastBolusTime":1704101411056,"time":"2024-01-01T12:23:54.636Z","iobWithZeroTemp":{"iob":-0.155,"basaliob":-0.32,"bolussnooze":1.0E-4,"activity":0,"lastBolusTime":1704101411056,"time":"2024-01-01T12:23:54.636Z"}},{"iob":-0.097,"basaliob":-0.245,"bolussnooze":0,"activity":-1.0E-4,"lastBolusTime":1704101411056,"time":"2024-01-01T12:28:54.636Z","iobWithZeroTemp":{"iob":-0.174,"basaliob":-0.322,"bolussnooze":0,"activity":-4.0E-4,"lastBolusTime":1704101411056,"time":"2024-01-01T12:28:54.636Z"}},{"iob":-0.097,"basaliob":-0.229,"bolussnooze":0,"activity":-3.0E-4,"lastBolusTime":1704101411056,"time":"2024-01-01T12:33:54.636Z","iobWithZeroTemp":{"iob":-0.193,"basaliob":-0.325,"bolussnooze":0,"activity":-7.0E-4,"lastBolusTime":1704101411056,"time":"2024-01-01T12:33:54.636Z"}},{"iob":-0.095,"basaliob":-0.213,"bolussnooze":0,"activity":-4.0E-4,"lastBolusTime":1704101411056,"time":"2024-01-01T12:38:54.636Z","iobWithZeroTemp":{"iob":-0.209,"basaliob":-0.327,"bolussnooze":0,"activity":-0.001,"lastBolusTime":1704101411056,"time":"2024-01-01T12:38:54.636Z"}},{"iob":-0.093,"basaliob":-0.198,"bolussnooze":0,"activity":-5.0E-4,"lastBolusTime":1704101411056,"time":"2024-01-01T12:43:54.636Z","iobWithZeroTemp":{"iob":-0.225,"basaliob":-0.33,"bolussnooze":0,"activity":-0.0013,"lastBolusTime":1704101411056,"time":"2024-01-01T12:43:54.636Z"}},{"iob":-0.09,"basaliob":-0.183,"bolussnooze":0,"activity":-7.0E-4,"lastBolusTime":1704101411056,"time":"2024-01-01T12:48:54.636Z","iobWithZeroTemp":{"iob":-0.239,"basaliob":-0.332,"bolussnooze":0,"activity":-0.0016,"lastBolusTime":1704101411056,"time":"2024-01-01T12:48:54.636Z"}},{"iob":-0.086,"basaliob":-0.169,"bolussnooze":0,"activity":-7.0E-4,"lastBolusTime":1704101411056,"time":"2024-01-01T12:53:54.636Z","iobWithZeroTemp":{"iob":-0.25,"basaliob":-0.333,"bolussnooze":0,"activity":-0.0018,"lastBolusTime":1704101411056,"time":"2024-01-01T12:53:54.636Z"}},{"iob":-0.083,"basaliob":-0.156,"bolussnooze":0,"activity":-8.0E-4,"lastBolusTime":1704101411056,"time":"2024-01-01T12:58:54.636Z","iobWithZeroTemp":{"iob":-0.262,"basaliob":-0.335,"bolussnooze":0,"activity":-0.0021,"lastBolusTime":1704101411056,"time":"2024-01-01T12:58:54.636Z"}},{"iob":-0.078,"basaliob":-0.143,"bolussnooze":0,"activity":-8.0E-4,"lastBolusTime":1704101411056,"time":"2024-01-01T13:03:54.636Z","iobWithZeroTemp":{"iob":-0.279,"basaliob":-0.344,"bolussnooze":0,"activity":-0.0023,"lastBolusTime":1704101411056,"time":"2024-01-01T13:03:54.636Z"}},{"iob":-0.075,"basaliob":-0.132,"bolussnooze":0,"activity":-8.0E-4,"lastBolusTime":1704101411056,"time":"2024-01-01T13:08:54.636Z","iobWithZeroTemp":{"iob":-0.297,"basaliob":-0.354,"bolussnooze":0,"activity":-0.0025,"lastBolusTime":1704101411056,"time":"2024-01-01T13:08:54.636Z"}},{"iob":-0.071,"basaliob":-0.121,"bolussnooze":0,"activity":-8.0E-4,"lastBolusTime":1704101411056,"time":"2024-01-01T13:13:54.636Z","iobWithZeroTemp":{"iob":-0.314,"basaliob":-0.364,"bolussnooze":0,"activity":-0.0027,"lastBolusTime":1704101411056,"time":"2024-01-01T13:13:54.636Z"}},{"iob":-0.067,"basaliob":-0.111,"bolussnooze":0,"activity":-8.0E-4,"lastBolusTime":1704101411056,"time":"2024-01-01T13:18:54.636Z","iobWithZeroTemp":{"iob":-0.329,"basaliob":-0.373,"bolussnooze":0,"activity":-0.0029,"lastBolusTime":1704101411056,"time":"2024-01-01T13:18:54.636Z"}},{"iob":-0.063,"basaliob":-0.101,"bolussnooze":0,"activity":-8.0E-4,"lastBolusTime":1704101411056,"time":"2024-01-01T13:23:54.636Z","iobWithZeroTemp":{"iob":-0.343,"basaliob":-0.381,"bolussnooze":0,"activity":-0.0031,"lastBolusTime":1704101411056,"time":"2024-01-01T13:23:54.636Z"}},{"iob":-0.059,"basaliob":-0.092,"bolussnooze":0,"activity":-8.0E-4,"lastBolusTime":1704101411056,"time":"2024-01-01T13:28:54.636Z","iobWithZeroTemp":{"iob":-0.356,"basaliob":-0.389,"bolussnooze":0,"activity":-0.0033,"lastBolusTime":1704101411056,"time":"2024-01-01T13:28:54.636Z"}},{"iob":-0.055,"basaliob":-0.084,"bolussnooze":0,"activity":-8.0E-4,"lastBolusTime":1704101411056,"time":"2024-01-01T13:33:54.636Z","iobWithZeroTemp":{"iob":-0.368,"basaliob":-0.397,"bolussnooze":0,"activity":-0.0035,"lastBolusTime":1704101411056,"time":"2024-01-01T13:33:54.636Z"}},{"iob":-0.051,"basaliob":-0.076,"bolussnooze":0,"activity":-8.0E-4,"lastBolusTime":1704101411056,"time":"2024-01-01T13:38:54.636Z","iobWithZeroTemp":{"iob":-0.379,"basaliob":-0.404,"bolussnooze":0,"activity":-0.0037,"lastBolusTime":1704101411056,"time":"2024-01-01T13:38:54.636Z"}},{"iob":-0.047,"basaliob":-0.069,"bolussnooze":0,"activity":-6.0E-4,"lastBolusTime":1704101411056,"time":"2024-01-01T13:43:54.636Z","iobWithZeroTemp":{"iob":-0.389,"basaliob":-0.411,"bolussnooze":0,"activity":-0.0037,"lastBolusTime":1704101411056,"time":"2024-01-01T13:43:54.636Z"}},{"iob":-0.045,"basaliob":-0.063,"bolussnooze":0,"activity":-6.0E-4,"lastBolusTime":1704101411056,"time":"2024-01-01T13:48:54.636Z","iobWithZeroTemp":{"iob":-0.4,"basaliob":-0.418,"bolussnooze":0,"activity":-0.0039,"lastBolusTime":1704101411056,"time":"2024-01-01T13:48:54.636Z"}},{"iob":-0.041,"basaliob":-0.057,"bolussnooze":0,"activity":-6.0E-4,"lastBolusTime":1704101411056,"time":"2024-01-01T13:53:54.636Z","iobWithZeroTemp":{"iob":-0.408,"basaliob":-0.424,"bolussnooze":0,"activity":-0.0041,"lastBolusTime":1704101411056,"time":"2024-01-01T13:53:54.636Z"}},{"iob":-0.038,"basaliob":-0.051,"bolussnooze":0,"activity":-6.0E-4,"lastBolusTime":1704101411056,"time":"2024-01-01T13:58:54.636Z","iobWithZeroTemp":{"iob":-0.416,"basaliob":-0.429,"bolussnooze":0,"activity":-0.0043,"lastBolusTime":1704101411056,"time":"2024-01-01T13:58:54.636Z"}},{"iob":-0.035,"basaliob":-0.046,"bolussnooze":0,"activity":-6.0E-4,"lastBolusTime":1704101411056,"time":"2024-01-01T14:03:54.636Z","iobWithZeroTemp":{"iob":-0.403,"basaliob":-0.414,"bolussnooze":0,"activity":-0.0044,"lastBolusTime":1704101411056,"time":"2024-01-01T14:03:54.636Z"}},{"iob":-0.033,"basaliob":-0.042,"bolussnooze":0,"activity":-6.0E-4,"lastBolusTime":1704101411056,"time":"2024-01-01T14:08:54.636Z","iobWithZeroTemp":{"iob":-0.39,"basaliob":-0.399,"bolussnooze":0,"activity":-0.0045,"lastBolusTime":1704101411056,"time":"2024-01-01T14:08:54.636Z"}},{"iob":-0.03,"basaliob":-0.038,"bolussnooze":0,"activity":-5.0E-4,"lastBolusTime":1704101411056,"time":"2024-01-01T14:13:54.636Z","iobWithZeroTemp":{"iob":-0.376,"basaliob":-0.384,"bolussnooze":0,"activity":-0.0045,"lastBolusTime":1704101411056,"time":"2024-01-01T14:13:54.636Z"}},{"iob":-0.028,"basaliob":-0.034,"bolussnooze":0,"activity":-4.0E-4,"lastBolusTime":1704101411056,"time":"2024-01-01T14:18:54.636Z","iobWithZeroTemp":{"iob":-0.362,"basaliob":-0.368,"bolussnooze":0,"activity":-0.0044,"lastBolusTime":1704101411056,"time":"2024-01-01T14:18:54.636Z"}},{"iob":-0.025,"basaliob":-0.03,"bolussnooze":0,"activity":-5.0E-4,"lastBolusTime":1704101411056,"time":"2024-01-01T14:23:54.636Z","iobWithZeroTemp":{"iob":-0.348,"basaliob":-0.353,"bolussnooze":0,"activity":-0.0045,"lastBolusTime":1704101411056,"time":"2024-01-01T14:23:54.636Z"}},{"iob":-0.023,"basaliob":-0.027,"bolussnooze":0,"activity":-4.0E-4,"lastBolusTime":1704101411056,"time":"2024-01-01T14:28:54.636Z","iobWithZeroTemp":{"iob":-0.335,"basaliob":-0.339,"bolussnooze":0,"activity":-0.0043,"lastBolusTime":1704101411056,"time":"2024-01-01T14:28:54.636Z"}},{"iob":-0.021,"basaliob":-0.024,"bolussnooze":0,"activity":-4.0E-4,"lastBolusTime":1704101411056,"time":"2024-01-01T14:33:54.636Z","iobWithZeroTemp":{"iob":-0.322,"basaliob":-0.325,"bolussnooze":0,"activity":-0.0043,"lastBolusTime":1704101411056,"time":"2024-01-01T14:33:54.636Z"}},{"iob":-0.019,"basaliob":-0.022,"bolussnooze":0,"activity":-4.0E-4,"lastBolusTime":1704101411056,"time":"2024-01-01T14:38:54.636Z","iobWithZeroTemp":{"iob":-0.309,"basaliob":-0.312,"bolussnooze":0,"activity":-0.0042,"lastBolusTime":1704101411056,"time":"2024-01-01T14:38:54.636Z"}},{"iob":-0.017,"basaliob":-0.019,"bolussnooze":0,"activity":-4.0E-4,"lastBolusTime":1704101411056,"time":"2024-01-01T14:43:54.636Z","iobWithZeroTemp":{"iob":-0.296,"basaliob":-0.298,"bolussnooze":0,"activity":-0.0041,"lastBolusTime":1704101411056,"time":"2024-01-01T14:43:54.636Z"}},{"iob":-0.015,"basaliob":-0.017,"bolussnooze":0,"activity":-3.0E-4,"lastBolusTime":1704101411056,"time":"2024-01-01T14:48:54.636Z","iobWithZeroTemp":{"iob":-0.284,"basaliob":-0.286,"bolussnooze":0,"activity":-0.0039,"lastBolusTime":1704101411056,"time":"2024-01-01T14:48:54.636Z"}},{"iob":-0.014,"basaliob":-0.015,"bolussnooze":0,"activity":-3.0E-4,"lastBolusTime":1704101411056,"time":"2024-01-01T14:53:54.636Z","iobWithZeroTemp":{"iob":-0.274,"basaliob":-0.275,"bolussnooze":0,"activity":-0.0038,"lastBolusTime":1704101411056,"time":"2024-01-01T14:53:54.636Z"}},{"iob":-0.012,"basaliob":-0.013,"bolussnooze":0,"activity":-2.0E-4,"lastBolusTime":1704101411056,"time":"2024-01-01T14:58:54.636Z","iobWithZeroTemp":{"iob":-0.263,"basaliob":-0.264,"bolussnooze":0,"activity":-0.0036,"lastBolusTime":1704101411056,"time":"2024-01-01T14:58:54.636Z"}},{"iob":-0.011,"basaliob":-0.012,"bolussnooze":0,"activity":-3.0E-4,"lastBolusTime":1704101411056,"time":"2024-01-01T15:03:54.636Z","iobWithZeroTemp":{"iob":-0.253,"basaliob":-0.254,"bolussnooze":0,"activity":-0.0036,"lastBolusTime":1704101411056,"time":"2024-01-01T15:03:54.636Z"}},{"iob":-0.01,"basaliob":-0.01,"bolussnooze":0,"activity":-3.0E-4,"lastBolusTime":1704101411056,"time":"2024-01-01T15:08:54.636Z","iobWithZeroTemp":{"iob":-0.244,"basaliob":-0.244,"bolussnooze":0,"activity":-0.0035,"lastBolusTime":1704101411056,"time":"2024-01-01T15:08:54.636Z"}},{"iob":-0.009,"basaliob":-0.009,"bolussnooze":0,"activity":-2.0E-4,"lastBolusTime":1704101411056,"time":"2024-01-01T15:13:54.636Z","iobWithZeroTemp":{"iob":-0.236,"basaliob":-0.236,"bolussnooze":0,"activity":-0.0033,"lastBolusTime":1704101411056,"time":"2024-01-01T15:13:54.636Z"}},{"iob":-0.008,"basaliob":-0.008,"bolussnooze":0,"activity":-2.0E-4,"lastBolusTime":1704101411056,"time":"2024-01-01T15:18:54.636Z","iobWithZeroTemp":{"iob":-0.228,"basaliob":-0.228,"bolussnooze":0,"activity":-0.0033,"lastBolusTime":1704101411056,"time":"2024-01-01T15:18:54.636Z"}},{"iob":-0.007,"basaliob":-0.007,"bolussnooze":0,"activity":-2.0E-4,"lastBolusTime":1704101411056,"time":"2024-01-01T15:23:54.636Z","iobWithZeroTemp":{"iob":-0.22,"basaliob":-0.22,"bolussnooze":0,"activity":-0.0032,"lastBolusTime":1704101411056,"time":"2024-01-01T15:23:54.636Z"}},{"iob":-0.006,"basaliob":-0.006,"bolussnooze":0,"activity":-2.0E-4,"lastBolusTime":1704101411056,"time":"2024-01-01T15:28:54.636Z","iobWithZeroTemp":{"iob":-0.213,"basaliob":-0.213,"bolussnooze":0,"activity":-0.0031,"lastBolusTime":1704101411056,"time":"2024-01-01T15:28:54.636Z"}},{"iob":-0.005,"basaliob":-0.005,"bolussnooze":0,"activity":-2.0E-4,"lastBolusTime":0,"time":"2024-01-01T15:33:54.636Z","iobWithZeroTemp":{"iob":-0.206,"basaliob":-0.206,"bolussnooze":0,"activity":-0.003,"lastBolusTime":0,"time":"2024-01-01T15:33:54.636Z"}},{"iob":-0.005,"basaliob":-0.005,"bolussnooze":0,"activity":-1.0E-4,"lastBolusTime":0,"time":"2024-01-01T15:38:54.636Z","iobWithZeroTemp":{"iob":-0.201,"basaliob":-0.201,"bolussnooze":0,"activity":-0.0028,"lastBolusTime":0,"time":"2024-01-01T15:38:54.636Z"}},{"iob":-0.004,"basaliob":-0.004,"bolussnooze":0,"activity":-1.0E-4,"lastBolusTime":0,"time":"2024-01-01T15:43:54.636Z","iobWithZeroTemp":{"iob":-0.195,"basaliob":-0.195,"bolussnooze":0,"activity":-0.0027,"lastBolusTime":0,"time":"2024-01-01T15:43:54.636Z"}},{"iob":-0.003,"basaliob":-0.003,"bolussnooze":0,"activity":-1.0E-4,"lastBolusTime":0,"time":"2024-01-01T15:48:54.636Z","iobWithZeroTemp":{"iob":-0.189,"basaliob":-0.189,"bolussnooze":0,"activity":-0.0027,"lastBolusTime":0,"time":"2024-01-01T15:48:54.636Z"}},{"iob":-0.003,"basaliob":-0.003,"bolussnooze":0,"activity":-1.0E-4,"lastBolusTime":0,"time":"2024-01-01T15:53:54.636Z","iobWithZeroTemp":{"iob":-0.185,"basaliob":-0.185,"bolussnooze":0,"activity":-0.0026,"lastBolusTime":0,"time":"2024-01-01T15:53:54.636Z"}},{"iob":-0.002,"basaliob":-0.002,"bolussnooze":0,"activity":-1.0E-4,"lastBolusTime":0,"time":"2024-01-01T15:58:54.636Z","iobWithZeroTemp":{"iob":-0.18,"basaliob":-0.18,"bolussnooze":0,"activity":-0.0025,"lastBolusTime":0,"time":"2024-01-01T15:58:54.636Z"}},{"iob":-0.002,"basaliob":-0.002,"bolussnooze":0,"activity":-1.0E-4,"lastBolusTime":0,"time":"2024-01-01T16:03:54.636Z","iobWithZeroTemp":{"iob":-0.176,"basaliob":-0.176,"bolussnooze":0,"activity":-0.0025,"lastBolusTime":0,"time":"2024-01-01T16:03:54.636Z"}}],"profile":{"max_iob":0,"type":"current","max_daily_basal":0.35,"max_basal":1,"min_bg":90,"max_bg":90,"target_bg":90,"carb_ratio":8.8,"sens":120,"max_daily_safety_multiplier":3,"current_basal_safety_multiplier":4,"lgsThreshold":95,"high_temptarget_raises_sensitivity":true,"low_temptarget_lowers_sensitivity":true,"sensitivity_raises_target":true,"resistance_lowers_target":true,"adv_target_adjustments":false,"exercise_mode":false,"half_basal_exercise_target":160,"maxCOB":120,"skip_neutral_temps":false,"remainingCarbsCap":90,"enableUAM":true,"A52_risk_enable":false,"SMBInterval":6,"enableSMB_with_COB":false,"enableSMB_with_temptarget":false,"allowSMB_with_high_temptarget":false,"enableSMB_always":false,"enableSMB_after_carbs":false,"maxSMBBasalMinutes":30,"maxUAMSMBBasalMinutes":40,"bolus_increment":0.05,"carbsReqThreshold":2,"current_basal":0.25,"temptargetSet":false,"autosens_max":1.3,"autosens_min":0.7,"variable_sens":212.5,"insulinDivisor":75,"TDD":11.667997904761904},"autosens_data":{"ratio":0.6591720645589814},"meal_data":{"carbs":23,"mealCOB":7.46013333333333,"slopeFromMaxDeviation":0,"slopeFromMinDeviation":0.8608571428571431,"lastBolusTime":1704101411056,"lastCarbTime":1704108949000},"microBolusAllowed":false,"currentTime":1704110935273,"flatBGsDetected":false,"tdd1D":14.612499999999995,"tdd7D":16.776095238095234,"tddLast24H":11.058333333333332,"tddLast4H":2.5375,"tddLast8to4H":0.9125},"output":{"temp":"absolute","bg":80,"tick":"+8","eventualBG":274,"targetBG":106,"insulinReq":0.088,"deliverAt":"2024-01-01T12:08:55.273Z","sensitivityRatio":0.6591720645589814,"variable_sens":212.5,"predBGs":{"IOB":[80,87,93,100,105,111,115,119,123,126,128,129,130,130,131,131,132,133,133,134,134,135,135,136,136,137,137,137,138,138,138,139,139,139,139,139,140,140,140,140,140,140,141],"ZT":[80,79,78,77,77,78,79,80,81,83,85,87,89,92,94,97,100,103,106],"COB":[80,87,95,103,111,118,126,134,142,149,157,164,171,178,185,191,198,204,209,215,220,225,230,234,239,243,246,250,253,256,259,261,263,265,267,269,270,271,272,272,273,273,273,273,273,273,273,274],"UAM":[80,87,95,102,110,118,125,132,139,146,153,159,165,171,176,181,186,190,195,199,202,205,208,211,213,215,217,218,220,220,221,221,221,222,222,222,222,222,222,222,223]},"reason":"COB: 7.5, Dev: 53, BGI: -1, ISF: 213, CR: 8.8, Target: 106, minPredBG 209, minGuardBG 87, IOBpredBG 141, COBpredBG 274, UAMpredBG 223; IOB -0.088 < -0.08 and minDelta 8 > expectedDelta -3; Eventual BG 274 >= 106, max_iob 0, temp 0.35 >~ req 0.34U\/hr. ","COB":7.46013333333333,"IOB":-0.088,"timestamp":"2024-01-01T12:08:55.282Z"}}