{"algorithm":"OpenAPSSMBDynamicISFPlugin","input":{"glucoseStatus":{"glucose":134,"noise":0,"delta":1.72,"short_avgdelta":1.72,"long_avgdelta":1.13,"date":1704115973000},"currenttemp":{"temp":"absolute","duration":25,"rate":1.05,"minutesrunning":5},"iob_data":[{"iob":0.574,"basaliob":0.063,"bolussnooze":0,"activity":0.0042,"lastBolusTime":1704115705277,"time":"2024-01-01T13:33:19.757Z","iobWithZeroTemp":{"iob":0.574,"basaliob":0.063,"bolussnooze":0,"activity":0.0042,"lastBolusTime":1704115705277,"time":"2024-01-01T13:33:19.757Z"}},{"iob":0.551,"basaliob":0.064,"bolussnooze":0,"activity":0.0047,"lastBolusTime":1704115705277,"time":"2024-01-01T13:38:19.757Z","iobWithZeroTemp":{"iob":0.528,"basaliob":0.041,"bolussnooze":0,"activity":0.0047,"lastBolusTime":1704115705277,"time":"2024-01-01T13:38:19.757Z"}},{"iob":0.527,"basaliob":0.064,"bolussnooze":0,"activity":0.0051,"lastBolusTime":1704115705277,"time":"2024-01-01T13:43:19.757Z","iobWithZeroTemp":{"iob":0.475,"basaliob":0.012,"bolussnooze":0,"activity":0.005,"lastBolusTime":1704115705277,"time":"2024-01-01T13:43:19.757Z"}},{"iob":0.501,"basaliob":0.063,"bolussnooze":0,"activity":0.0052,"lastBolusTime":1704115705277,"time":"2024-01-01T13:48:19.757Z","iobWithZeroTemp":{"iob":0.42,"basaliob":-0.018,"bolussnooze":0,"activity":0.005,"lastBolusTime":1704115705277,"time":"2024-01-01T13:48:19.757Z"}},{"iob":0.475,"basaliob":0.062,"bolussnooze":0,"activity":0.0053,"lastBolusTime":1704115705277,"time":"2024-01-01T13:53:19.757Z","iobWithZeroTemp":{"iob":0.367,"basaliob":-0.046,"bolussnooze":0,"activity":0.0049,"lastBolusTime":1704115705277,"time":"2024-01-01T13:53:19.757Z"}},{"iob":0.448,"basaliob":0.06,"bolussnooze":0,"activity":0.0054,"lastBolusTime":1704115705277,"time":"2024-01-01T13:58:19.757Z","iobWithZeroTemp":{"iob":0.313,"basaliob":-0.075,"bolussnooze":0,"activity":0.0048,"lastBolusTime":1704115705277,"time":"2024-01-01T13:58:19.757Z"}},{"iob":0.421,"basaliob":0.058,"bolussnooze":0,"activity":0.0053,"lastBolusTime":1704115705277,"time":"2024-01-01T14:03:19.757Z","iobWithZeroTemp":{"iob":0.281,"basaliob":-0.082,"bolussnooze":0,"activity":0.0045,"lastBolusTime":1704115705277,"time":"2024-01-01T14:03:19.757Z"}},{"iob":0.395,"basaliob":0.056,"bolussnooze":0,"activity":0.0052,"lastBolusTime":1704115705277,"time":"2024-01-01T14:08:19.757Z","iobWithZeroTemp":{"iob":0.25,"basaliob":-0.089,"bolussnooze":0,"activity":0.0042,"lastBolusTime":1704115705277,"time":"2024-01-01T14:08:19.757Z"}},{"iob":0.369,"basaliob":0.053,"bolussnooze":0,"activity":0.0051,"lastBolusTime":1704115705277,"time":"2024-01-01T14:13:19.757Z","iobWithZeroTemp":{"iob":0.221,"basaliob":-0.095,"bolussnooze":0,"activity":0.004,"lastBolusTime":1704115705277,"time":"2024-01-01T14:13:19.757Z"}},{"iob":0.344,"basaliob":0.051,"bolussnooze":0,"activity":0.0049,"lastBolusTime":1704115705277,"time":"2024-01-01T14:18:19.757Z","iobWithZeroTemp":{"iob":0.193,"basaliob":-0.1,"bolussnooze":0,"activity":0.0036,"lastBolusTime":1704115705277,"time":"2024-01-01T14:18:19.757Z"}},{"iob":0.32,"basaliob":0.048,"bolussnooze":0,"activity":0.0047,"lastBolusTime":1704115705277,"time":"2024-01-01T14:23:19.757Z","iobWithZeroTemp":{"iob":0.167,"basaliob":-0.105,"bolussnooze":0,"activity":0.0033,"lastBolusTime":1704115705277,"time":"2024-01-01T14:23:19.757Z"}},{"iob":0.296,"basaliob":0.045,"bolussnooze":0,"activity":0.0045,"lastBolusTime":1704115705277,"time":"2024-01-01T14:28:19.757Z","iobWithZeroTemp":{"iob":0.142,"basaliob":-0.109,"bolussnooze":0,"activity":0.0031,"lastBolusTime":1704115705277,"time":"2024-01-01T14:28:19.757Z"}},{"iob":0.275,"basaliob":0.043,"bolussnooze":0,"activity":0.0043,"lastBolusTime":1704115705277,"time":"2024-01-01T14:33:19.757Z","iobWithZeroTemp":{"iob":0.12,"basaliob":-0.112,"bolussnooze":0,"activity":0.0028,"lastBolusTime":1704115705277,"time":"2024-01-01T14:33:19.757Z"}},{"iob":0.254,"basaliob":0.04,"bolussnooze":0,"activity":0.004,"lastBolusTime":1704115705277,"time":"2024-01-01T14:38:19.757Z","iobWithZeroTemp":{"iob":0.098,"basaliob":-0.116,"bolussnooze":0,"activity":0.0024,"lastBolusTime":1704115705277,"time":"2024-01-01T14:38:19.757Z"}},{"iob":0.234,"basaliob":0.037,"bolussnooze":0,"activity":0.0038,"lastBolusTime":1704115705277,"time":"2024-01-01T14:43:19.757Z","iobWithZeroTemp":{"iob":0.078,"basaliob":-0.119,"bolussnooze":0,"activity":0.0022,"lastBolusTime":1704115705277,"time":"2024-01-01T14:43:19.757Z"}},{"iob":0.215,"basaliob":0.035,"bolussnooze":0,"activity":0.0036,"lastBolusTime":1704115705277,"time":"2024-01-01T14:48:19.757Z","iobWithZeroTemp":{"iob":0.059,"basaliob":-0.121,"bolussnooze":0,"activity":0.0019,"lastBolusTime":1704115705277,"time":"2024-01-01T14:48:19.757Z"}},{"iob":0.197,"basaliob":0.032,"bolussnooze":0,"activity":0.0034,"lastBolusTime":1704115705277,"time":"2024-01-01T14:53:19.757Z","iobWithZeroTemp":{"iob":0.041,"basaliob":-0.124,"bolussnooze":0,"activity":0.0017,"lastBolusTime":1704115705277,"time":"2024-01-01T14:53:19.757Z"}},{"iob":0.181,"basaliob":0.03,"bolussnooze":0,"activity":0.0032,"lastBolusTime":1704115705277,"time":"2024-01-01T14:58:19.757Z","iobWithZeroTemp":{"iob":0.025,"basaliob":-0.126,"bolussnooze":0,"activity":0.0015,"lastBolusTime":1704115705277,"time":"2024-01-01T14:58:19.757Z"}},{"iob":0.166,"basaliob":0.028,"bolussnooze":0,"activity":0.0029,"lastBolusTime":1704115705277,"time":"2024-01-01T15:03:19.757Z","iobWithZeroTemp":{"iob":0.01,"basaliob":-0.128,"bolussnooze":0,"activity":0.0011,"lastBolusTime":1704115705277,"time":"2024-01-01T15:03:19.757Z"}},{"iob":0.152,"basaliob":0.026,"bolussnooze":0,"activity":0.0027,"lastBolusTime":1704115705277,"time":"2024-01-01T15:08:19.757Z","iobWithZeroTemp":{"iob":-0.003,"basaliob":-0.129,"bolussnooze":0,"activity":9.0E-4,"lastBolusTime":1704115705277,"time":"2024-01-01T15:08:19.757Z"}},{"iob":0.139,"basaliob":0.024,"bolussnooze":0,"activity":0.0026,"lastBolusTime":1704115705277,"time":"2024-01-01T15:13:19.757Z","iobWithZeroTemp":{"iob":-0.016,"basaliob":-0.131,"bolussnooze":0,"activity":8.0E-4,"lastBolusTime":1704115705277,"time":"2024-01-01T15:13:19.757Z"}},{"iob":0.127,"basaliob":0.022,"bolussnooze":0,"activity":0.0024,"lastBolusTime":1704115705277,"time":"2024-01-01T15:18:19.757Z","iobWithZeroTemp":{"iob":-0.027,"basaliob":-0.132,"bolussnooze":0,"activity":6.0E-4,"lastBolusTime":1704115705277,"time":"2024-01-01T15:18:19.757Z"}},{"iob":0.115,"basaliob":0.02,"bolussnooze":0,"activity":0.0021,"lastBolusTime":1704115705277,"time":"2024-01-01T15:23:19.757Z","iobWithZeroTemp":{"iob":-0.038,"basaliob":-0.133,"bolussnooze":0,"activity":3.0E-4,"lastBolusTime":1704115705277,"time":"2024-01-01T15:23:19.757Z"}},{"iob":0.104,"basaliob":0.018,"bolussnooze":0,"activity":0.002,"lastBolusTime":1704115705277,"time":"2024-01-01T15:28:19.757Z","iobWithZeroTemp":{"iob":-0.049,"basaliob":-0.135,"bolussnooze":0,"activity":2.0E-4,"lastBolusTime":1704115705277,"time":"2024-01-01T15:28:19.757Z"}},{"iob":0.095,"basaliob":0.017,"bolussnooze":0,"activity":0.0019,"lastBolusTime":1704115705277,"time":"2024-01-01T15:33:19.757Z","iobWithZeroTemp":{"iob":-0.057,"basaliob":-0.135,"bolussnooze":0,"activity":1.0E-4,"lastBolusTime":1704115705277,"time":"2024-01-01T15:33:19.757Z"}},{"iob":0.086,"basaliob":0.015,"bolussnooze":0,"activity":0.0017,"lastBolusTime":1704115705277,"time":"2024-01-01T15:38:19.757Z","iobWithZeroTemp":{"iob":-0.065,"basaliob":-0.136,"bolussnooze":0,"activity":-1.0E-4,"lastBolusTime":1704115705277,"time":"2024-01-01T15:38:19.757Z"}},{"iob":0.078,"basaliob":0.014,"bolussnooze":0,"activity":0.0016,"lastBolusTime":1704115705277,"time":"2024-01-01T15:43:19.757Z","iobWithZeroTemp":{"iob":-0.073,"basaliob":-0.137,"bolussnooze":0,"activity":-2.0E-4,"lastBolusTime":1704115705277,"time":"2024-01-01T15:43:19.757Z"}},{"iob":0.071,"basaliob":0.013,"bolussnooze":0,"activity":0.0014,"lastBolusTime":1704115705277,"time":"2024-01-01T15:48:19.757Z","iobWithZeroTemp":{"iob":-0.079,"basaliob":-0.137,"bolussnooze":0,"activity":-4.0E-4,"lastBolusTime":1704115705277,"time":"2024-01-01T15:48:19.757Z"}},{"iob":0.064,"basaliob":0.012,"bolussnooze":0,"activity":0.0013,"lastBolusTime":1704115705277,"time":"2024-01-01T15:53:19.757Z","iobWithZeroTemp":{"iob":-0.085,"basaliob":-0.137,"bolussnooze":0,"activity":-5.0E-4,"lastBolusTime":1704115705277,"time":"2024-01-01T15:53:19.757Z"}},{"iob":0.058,"basaliob":0.011,"bolussnooze":0,"activity":0.0012,"lastBolusTime":1704115705277,"time":"2024-01-01T15:58:19.757Z","iobWithZeroTemp":{"iob":-0.091,"basaliob":-0.138,"bolussnooze":0,"activity":-6.0E-4,"lastBolusTime":1704115705277,"time":"2024-01-01T15:58:19.757Z"}},{"iob":0.052,"basaliob":0.01,"bolussnooze":0,"activity":0.0011,"lastBolusTime":1704115705277,"time":"2024-01-01T16:03:19.757Z","iobWithZeroTemp":{"iob":-0.096,"basaliob":-0.138,"bolussnooze":0,"activity":-7.0E-4,"lastBolusTime":1704115705277,"time":"2024-01-01T16:03:19.757Z"}},{"iob":0.046,"basaliob":0.009,"bolussnooze":0,"activity":0.001,"lastBolusTime":1704115705277,"time":"2024-01-01T16:08:19.757Z","iobWithZeroTemp":{"iob":-0.102,"basaliob":-0.139,"bolussnooze":0,"activity":-8.0E-4,"lastBolusTime":1704115705277,"time":"2024-01-01T16:08:19.757Z"}},{"iob":0.041,"basaliob":0.008,"bolussnooze":0,"activity":0.001,"lastBolusTime":1704115705277,"time":"2024-01-01T16:13:19.757Z","iobWithZeroTemp":{"iob":-0.106,"basaliob":-0.139,"bolussnooze":0,"activity":-8.0E-4,"lastBolusTime":1704115705277,"time":"2024-01-01T16:13:19.757Z"}},{"iob":0.037,"basaliob":0.007,"bolussnooze":0,"activity":8.0E-4,"lastBolusTime":1704115705277,"time":"2024-01-01T16:18:19.757Z","iobWithZeroTemp":{"iob":-0.11,"basaliob":-0.14,"bolussnooze":0,"activity":-0.001,"lastBolusTime":1704115705277,"time":"2024-01-01T16:18:19.757Z"}},{"iob":0.033,"basaliob":0.006,"bolussnooze":0,"activity":7.0E-4,"lastBolusTime":1704115705277,"time":"2024-01-01T16:23:19.757Z","iobWithZeroTemp":{"iob":-0.113,"basaliob":-0.14,"bolussnooze":0,"activity":-0.0011,"lastBolusTime":1704115705277,"time":"2024-01-01T16:23:19.757Z"}},{"iob":0.03,"basaliob":0.006,"bolussnooze":0,"activity":7.0E-4,"lastBolusTime":1704115705277,"time":"2024-01-01T16:28:19.757Z","iobWithZeroTemp":{"iob":-0.116,"basaliob":-0.14,"bolussnooze":0,"activity":-0.0011,"lastBolusTime":1704115705277,"time":"2024-01-01T16:28:19.757Z"}},{"iob":0.026,"basaliob":0.005,"bolussnooze":0,"activity":6.0E-4,"lastBolusTime":1704115705277,"time":"2024-01-01T16:33:19.757Z","iobWithZeroTemp":{"iob":-0.119,"basaliob":-0.14,"bolussnooze":0,"activity":-0.0012,"lastBolusTime":1704115705277,"time":"2024-01-01T16:33:19.757Z"}},{"iob":0.024,"basaliob":0.005,"bolussnooze":0,"activity":6.0E-4,"lastBolusTime":1704115705277,"time":"2024-01-01T16:38:19.757Z","iobWithZeroTemp":{"iob":-0.121,"basaliob":-0.14,"bolussnooze":0,"activity":-0.0011,"lastBolusTime":1704115705277,"time":"2024-01-01T16:38:19.757Z"}},{"iob":0.02,"basaliob":0.004,"bolussnooze":0,"activity":5.0E-4,"lastBolusTime":1704115705277,"time":"2024-01-01T16:43:19.757Z","iobWithZeroTemp":{"iob":-0.124,"basaliob":-0.14,"bolussnooze":0,"activity":-0.0012,"lastBolusTime":1704115705277,"time":"2024-01-01T16:43:19.757Z"}},{"iob":0.018,"basaliob":0.004,"bolussnooze":0,"activity":5.0E-4,"lastBolusTime":1704115705277,"time":"2024-01-01T16:48:19.757Z","iobWithZeroTemp":{"iob":-0.126,"basaliob":-0.14,"bolussnooze":0,"activity":-0.0012,"lastBolusTime":1704115705277,"time":"2024-01-01T16:48:19.757Z"}},{"iob":0.016,"basaliob":0.003,"bolussnooze":0,"activity":4.0E-4,"lastBolusTime":1704115705277,"time":"2024-01-01T16:53:19.757Z","iobWithZeroTemp":{"iob":-0.128,"basaliob":-0.141,"bolussnooze":0,"activity":-0.0013,"lastBolusTime":1704115705277,"time":"2024-01-01T16:53:19.757Z"}},{"iob":0.014,"basaliob":0.003,"bolussnooze":0,"activity":4.0E-4,"lastBolusTime":1704115705277,"time":"2024-01-01T16:58:19.757Z","iobWithZeroTemp":{"iob":-0.129,"basaliob":-0.14,"bolussnooze":0,"activity":-0.0013,"lastBolusTime":1704115705277,"time":"2024-01-01T16:58:19.757Z"}},{"iob":0.012,"basaliob":0.002,"bolussnooze":0,"activity":4.0E-4,"lastBolusTime":1704115705277,"time":"2024-01-01T17:03:19.757Z","iobWithZeroTemp":{"iob":-0.131,"basaliob":-0.141,"bolussnooze":0,"activity":-0.0013,"lastBolusTime":1704115705277,"time":"2024-01-01T17:03:19.757Z"}},{"iob":0.01,"basaliob":0.002,"bolussnooze":0,"activity":3.0E-4,"lastBolusTime":1704115705277,"time":"2024-01-01T17:08:19.757Z","iobWithZeroTemp":{"iob":-0.133,"basaliob":-0.141,"bolussnooze":0,"activity":-0.0014,"lastBolusTime":1704115705277,"time":"2024-01-01T17:08:19.757Z"}},{"iob":0.009,"basaliob":0.002,"bolussnooze":0,"activity":3.0E-4,"lastBolusTime":1704115705277,"time":"2024-01-01T17:13:19.757Z","iobWithZeroTemp":{"iob":-0.134,"basaliob":-0.141,"bolussnooze":0,"activity":-0.0014,"lastBolusTime":1704115705277,"time":"2024-01-01T17:13:19.757Z"}},{"iob":0.008,"basaliob":0.002,"bolussnooze":0,"activity":2.0E-4,"lastBolusTime":1704115705277,"time":"2024-01-01T17:18:19.757Z","iobWithZeroTemp":{"iob":-0.134,"basaliob":-0.14,"bolussnooze":0,"activity":-0.0015,"lastBolusTime":1704115705277,"time":"2024-01-01T17:18:19.757Z"}},{"iob":0.007,"basaliob":0.001,"bolussnooze":0,"activity":2.0E-4,"lastBolusTime":1704115705277,"time":"2024-01-01T17:23:19.757Z","iobWithZeroTemp":{"iob":-0.135,"basaliob":-0.141,"bolussnooze":0,"activity":-0.0015,"lastBolusTime":1704115705277,"time":"2024-01-01T17:23:19.757Z"}},{"iob":0.006,"basaliob":0.001,"bolussnooze":0,"activity":1.0E-4,"lastBolusTime":1704115705277,"time":"2024-01-01T17:28:19.757Z","iobWithZeroTemp":{"iob":-0.136,"basaliob":-0.141,"bolussnooze":0,"activity":-0.0016,"lastBolusTime":1704115705277,"time":"2024-01-01T17:28:19.757Z"}}],"profile":{"max_iob":10,"type":"current","max_daily_basal":0.35,"max_basal":1.05,"min_bg":75,"max_bg":75,"target_bg":75,"carb_ratio":8.8,"sens":120,"max_daily_safety_multiplier":3,"current_basal_safety_multiplier":4,"lgsThreshold":95,"high_temptarget_raises_sensitivity":true,"low_temptarget_lowers_sensitivity":true,"sensitivity_raises_target":true,"resistance_lowers_target":true,"adv_target_adjustments":false,"exercise_mode":false,"half_basal_exercise_target":160,"maxCOB":120,"skip_neutral_temps":false,"remainingCarbsCap":90,"enableUAM":true,"A52_risk_enable":false,"SMBInterval":6,"enableSMB_with_COB":false,"enableSMB_with_temptarget":false,"allowSMB_with_high_temptarget":false,"enableSMB_always":false,"enableSMB_after_carbs":true,"maxSMBBasalMinutes":30,"maxUAMSMBBasalMinutes":40,"bolus_increment":0.05,"carbsReqThreshold":2,"current_basal":0.35,"temptargetSet":true,"autosens_max":1.3,"autosens_min":0.7,"variable_sens":155.8,"insulinDivisor":75,"TDD":11.275297904761903},"autosens_data":{"ratio":0.7076040738238654},"meal_data":{"carbs":23,"mealCOB":0,"slopeFromMaxDeviation":-0.21027272727272725,"slopeFromMinDeviation":1.3334285714285712,"lastBolusTime":1704115705277,"lastCarbTime":1704108949000},"microBolusAllowed":true,"currentTime":1704116001262,"flatBGsDetected":false,"tdd1D":14.612499999999995,"tdd7D":16.776095238095234,"tddLast24H":11.870833333333335,"tddLast4H":1.3208333333333333,"tddLast8to4H":2.925},"output":{"temp":"absolute","bg":134,"tick":"+2","eventualBG":75,"targetBG":75,"insulinReq":0,"deliverAt":"2024-01-01T13:33:21.262Z","sensitivityRatio":1.3,"variable_sens":155.8,"predBGs":{"IOB":[134,135,136,136,135,134,132,130,128,125,122,118,114,111,107,104,100,97,94,91,88,86,83,81,79,77,75,73,71,70,68,67,66,64,63,62,62,61,60,59,59,58,57,57,56,56,56,55],"ZT":[134,131,127,123,119,115,111,107,103,99,96,93,89,87,84,82,80,78,76,75,74,73,72,72,72,72,72,72,72,73,74,75,75],"UAM":[134,135,136,135,135,133,131,129,127,123,120,116,112,109,105,102,98,95,92,89,86,83,81,79,76,74,72,70,69,67,66,64,63,62,60,60,59,58,57,56,55,55,54,54,53,53,53,52]},"reason":"COB: 0, Dev: 30, BGI: -3, ISF: 156, CR: 8.8, Target: 75, minPredBG 62, minGuardBG 52, IOBpredBG 55, UAMpredBG 52; minGuardBG 52<95","COB":0,"IOB":0.574,"duration":30,"rate":0,"timestamp":"2024-01-01T13:33:21.294Z"}}