{"algorithm":"OpenAPSSMBDynamicISFPlugin","input":{"glucoseStatus":{"glucose":124,"noise":0,"delta":1.94,"short_avgdelta":1.94,"long_avgdelta":2.09,"date":1704155280000},"currenttemp":{"temp":"absolute","duration":0,"rate":0},"iob_data":[{"iob":0.035,"basaliob":-0.054,"bolussnooze":0,"activity":3.0E-4,"lastBolusTime":1704151111516,"time":"2024-01-02T00:28:21.028Z","iobWithZeroTemp":{"iob":0.035,"basaliob":-0.054,"bolussnooze":0,"activity":3.0E-4,"lastBolusTime":1704151111516,"time":"2024-01-02T00:28:21.028Z"}},{"iob":0.034,"basaliob":-0.048,"bolussnooze":0,"activity":3.0E-4,"lastBolusTime":1704151111516,"time":"2024-01-02T00:33:21.028Z","iobWithZeroTemp":{"iob":0.021,"basaliob":-0.061,"bolussnooze":0,"activity":3.0E-4,"lastBolusTime":1704151111516,"time":"2024-01-02T00:33:21.028Z"}},{"iob":0.032,"basaliob":-0.043,"bolussnooze":0,"activity":3.0E-4,"lastBolusTime":1704151111516,"time":"2024-01-02T00:38:21.028Z","iobWithZeroTemp":{"iob":0.002,"basaliob":-0.073,"bolussnooze":0,"activity":2.0E-4,"lastBolusTime":1704151111516,"time":"2024-01-02T00:38:21.028Z"}},{"iob":0.029,"basaliob":-0.039,"bolussnooze":0,"activity":3.0E-4,"lastBolusTime":1704151111516,"time":"2024-01-02T00:43:21.028Z","iobWithZeroTemp":{"iob":-0.017,"basaliob":-0.085,"bolussnooze":0,"activity":2.0E-4,"lastBolusTime":1704151111516,"time":"2024-01-02T00:43:21.028Z"}},{"iob":0.028,"basaliob":-0.034,"bolussnooze":0,"activity":3.0E-4,"lastBolusTime":1704151111516,"time":"2024-01-02T00:48:21.028Z","iobWithZeroTemp":{"iob":-0.034,"basaliob":-0.096,"bolussnooze":0,"activity":1.0E-4,"lastBolusTime":1704151111516,"time":"2024-01-02T00:48:21.028Z"}},{"iob":0.026,"basaliob":-0.031,"bolussnooze":0,"activity":4.0E-4,"lastBolusTime":1704151111516,"time":"2024-01-02T00:53:21.028Z","iobWithZeroTemp":{"iob":-0.051,"basaliob":-0.108,"bolussnooze":0,"activity":1.0E-4,"lastBolusTime":1704151111516,"time":"2024-01-02T00:53:21.028Z"}},{"iob":0.025,"basaliob":-0.027,"bolussnooze":0,"activity":4.0E-4,"lastBolusTime":1704151111516,"time":"2024-01-02T00:58:21.028Z","iobWithZeroTemp":{"iob":-0.067,"basaliob":-0.119,"bolussnooze":0,"activity":-1.0E-4,"lastBolusTime":1704151111516,"time":"2024-01-02T00:58:21.028Z"}},{"iob":0.023,"basaliob":-0.024,"bolussnooze":0,"activity":3.0E-4,"lastBolusTime":1704151111516,"time":"2024-01-02T01:03:21.028Z","iobWithZeroTemp":{"iob":-0.079,"basaliob":-0.126,"bolussnooze":0,"activity":-3.0E-4,"lastBolusTime":1704151111516,"time":"2024-01-02T01:03:21.028Z"}},{"iob":0.022,"basaliob":-0.021,"bolussnooze":0,"activity":3.0E-4,"lastBolusTime":1704151111516,"time":"2024-01-02T01:08:21.028Z","iobWithZeroTemp":{"iob":-0.089,"basaliob":-0.132,"bolussnooze":0,"activity":-4.0E-4,"lastBolusTime":1704151111516,"time":"2024-01-02T01:08:21.028Z"}},{"iob":0.02,"basaliob":-0.019,"bolussnooze":0,"activity":3.0E-4,"lastBolusTime":1704151111516,"time":"2024-01-02T01:13:21.028Z","iobWithZeroTemp":{"iob":-0.099,"basaliob":-0.138,"bolussnooze":0,"activity":-6.0E-4,"lastBolusTime":1704151111516,"time":"2024-01-02T01:13:21.028Z"}},{"iob":0.018,"basaliob":-0.017,"bolussnooze":0,"activity":3.0E-4,"lastBolusTime":1704151111516,"time":"2024-01-02T01:18:21.028Z","iobWithZeroTemp":{"iob":-0.109,"basaliob":-0.144,"bolussnooze":0,"activity":-7.0E-4,"lastBolusTime":1704151111516,"time":"2024-01-02T01:18:21.028Z"}},{"iob":0.017,"basaliob":-0.015,"bolussnooze":0,"activity":2.0E-4,"lastBolusTime":1704151111516,"time":"2024-01-02T01:23:21.028Z","iobWithZeroTemp":{"iob":-0.118,"basaliob":-0.15,"bolussnooze":0,"activity":-9.0E-4,"lastBolusTime":1704151111516,"time":"2024-01-02T01:23:21.028Z"}},{"iob":0.016,"basaliob":-0.013,"bolussnooze":0,"activity":3.0E-4,"lastBolusTime":1704151111516,"time":"2024-01-02T01:28:21.028Z","iobWithZeroTemp":{"iob":-0.126,"basaliob":-0.155,"bolussnooze":0,"activity":-9.0E-4,"lastBolusTime":1704151111516,"time":"2024-01-02T01:28:21.028Z"}},{"iob":0.015,"basaliob":-0.011,"bolussnooze":0,"activity":2.0E-4,"lastBolusTime":1704151111516,"time":"2024-01-02T01:33:21.028Z","iobWithZeroTemp":{"iob":-0.133,"basaliob":-0.159,"bolussnooze":0,"activity":-0.0011,"lastBolusTime":1704151111516,"time":"2024-01-02T01:33:21.028Z"}},{"iob":0.013,"basaliob":-0.01,"bolussnooze":0,"activity":2.0E-4,"lastBolusTime":1704151111516,"time":"2024-01-02T01:38:21.028Z","iobWithZeroTemp":{"iob":-0.141,"basaliob":-0.164,"bolussnooze":0,"activity":-0.0012,"lastBolusTime":1704151111516,"time":"2024-01-02T01:38:21.028Z"}},{"iob":0.012,"basaliob":-0.009,"bolussnooze":0,"activity":3.0E-4,"lastBolusTime":1704151111516,"time":"2024-01-02T01:43:21.028Z","iobWithZeroTemp":{"iob":-0.147,"basaliob":-0.168,"bolussnooze":0,"activity":-0.0012,"lastBolusTime":1704151111516,"time":"2024-01-02T01:43:21.028Z"}},{"iob":0.012,"basaliob":-0.007,"bolussnooze":0,"activity":2.0E-4,"lastBolusTime":1704151111516,"time":"2024-01-02T01:48:21.028Z","iobWithZeroTemp":{"iob":-0.152,"basaliob":-0.171,"bolussnooze":0,"activity":-0.0014,"lastBolusTime":1704151111516,"time":"2024-01-02T01:48:21.028Z"}},{"iob":0.011,"basaliob":-0.006,"bolussnooze":0,"activity":2.0E-4,"lastBolusTime":1704151111516,"time":"2024-01-02T01:53:21.028Z","iobWithZeroTemp":{"iob":-0.158,"basaliob":-0.175,"bolussnooze":0,"activity":-0.0014,"lastBolusTime":1704151111516,"time":"2024-01-02T01:53:21.028Z"}},{"iob":0.009,"basaliob":-0.006,"bolussnooze":0,"activity":1.0E-4,"lastBolusTime":1704151111516,"time":"2024-01-02T01:58:21.028Z","iobWithZeroTemp":{"iob":-0.164,"basaliob":-0.179,"bolussnooze":0,"activity":-0.0016,"lastBolusTime":1704151111516,"time":"2024-01-02T01:58:21.028Z"}},{"iob":0.008,"basaliob":-0.005,"bolussnooze":0,"activity":2.0E-4,"lastBolusTime":1704151111516,"time":"2024-01-02T02:03:21.028Z","iobWithZeroTemp":{"iob":-0.173,"basaliob":-0.186,"bolussnooze":0,"activity":-0.0016,"lastBolusTime":1704151111516,"time":"2024-01-02T02:03:21.028Z"}},{"iob":0.008,"basaliob":-0.004,"bolussnooze":0,"activity":2.0E-4,"lastBolusTime":1704151111516,"time":"2024-01-02T02:08:21.028Z","iobWithZeroTemp":{"iob":-0.18,"basaliob":-0.192,"bolussnooze":0,"activity":-0.0017,"lastBolusTime":1704151111516,"time":"2024-01-02T02:08:21.028Z"}},{"iob":0.007,"basaliob":-0.004,"bolussnooze":0,"activity":2.0E-4,"lastBolusTime":1704151111516,"time":"2024-01-02T02:13:21.028Z","iobWithZeroTemp":{"iob":-0.188,"basaliob":-0.199,"bolussnooze":0,"activity":-0.0017,"lastBolusTime":1704151111516,"time":"2024-01-02T02:13:21.028Z"}},{"iob":0.006,"basaliob":-0.003,"bolussnooze":0,"activity":1.0E-4,"lastBolusTime":1704151111516,"time":"2024-01-02T02:18:21.028Z","iobWithZeroTemp":{"iob":-0.196,"basaliob":-0.205,"bolussnooze":0,"activity":-0.0019,"lastBolusTime":1704151111516,"time":"2024-01-02T02:18:21.028Z"}},{"iob":0.005,"basaliob":-0.003,"bolussnooze":0,"activity":1.0E-4,"lastBolusTime":1704151111516,"time":"2024-01-02T02:23:21.028Z","iobWithZeroTemp":{"iob":-0.203,"basaliob":-0.211,"bolussnooze":0,"activity":-0.002,"lastBolusTime":1704151111516,"time":"2024-01-02T02:23:21.028Z"}},{"iob":0.005,"basaliob":-0.002,"bolussnooze":0,"activity":1.0E-4,"lastBolusTime":1704151111516,"time":"2024-01-02T02:28:21.028Z","iobWithZeroTemp":{"iob":-0.209,"basaliob":-0.216,"bolussnooze":0,"activity":-0.0021,"lastBolusTime":1704151111516,"time":"2024-01-02T02:28:21.028Z"}},{"iob":0.005,"basaliob":-0.002,"bolussnooze":0,"activity":1.0E-4,"lastBolusTime":1704151111516,"time":"2024-01-02T02:33:21.028Z","iobWithZeroTemp":{"iob":-0.215,"basaliob":-0.222,"bolussnooze":0,"activity":-0.0022,"lastBolusTime":1704151111516,"time":"2024-01-02T02:33:21.028Z"}},{"iob":0.005,"basaliob":-0.001,"bolussnooze":0,"activity":0,"lastBolusTime":1704151111516,"time":"2024-01-02T02:38:21.028Z","iobWithZeroTemp":{"iob":-0.22,"basaliob":-0.226,"bolussnooze":0,"activity":-0.0023,"lastBolusTime":1704151111516,"time":"2024-01-02T02:38:21.028Z"}},{"iob":0.004,"basaliob":-0.001,"bolussnooze":0,"activity":1.0E-4,"lastBolusTime":1704151111516,"time":"2024-01-02T02:43:21.028Z","iobWithZeroTemp":{"iob":-0.226,"basaliob":-0.231,"bolussnooze":0,"activity":-0.0023,"lastBolusTime":1704151111516,"time":"2024-01-02T02:43:21.028Z"}},{"iob":0.003,"basaliob":-0.001,"bolussnooze":0,"activity":1.0E-4,"lastBolusTime":1704151111516,"time":"2024-01-02T02:48:21.028Z","iobWithZeroTemp":{"iob":-0.231,"basaliob":-0.235,"bolussnooze":0,"activity":-0.0024,"lastBolusTime":1704151111516,"time":"2024-01-02T02:48:21.028Z"}},{"iob":0.003,"basaliob":-0.001,"bolussnooze":0,"activity":1.0E-4,"lastBolusTime":1704151111516,"time":"2024-01-02T02:53:21.028Z","iobWithZeroTemp":{"iob":-0.236,"basaliob":-0.24,"bolussnooze":0,"activity":-0.0024,"lastBolusTime":1704151111516,"time":"2024-01-02T02:53:21.028Z"}},{"iob":0.002,"basaliob":-0.001,"bolussnooze":0,"activity":1.0E-4,"lastBolusTime":1704151111516,"time":"2024-01-02T02:58:21.028Z","iobWithZeroTemp":{"iob":-0.24,"basaliob":-0.243,"bolussnooze":0,"activity":-0.0025,"lastBolusTime":1704151111516,"time":"2024-01-02T02:58:21.028Z"}},{"iob":0.003,"basaliob":0,"bolussnooze":0,"activity":1.0E-4,"lastBolusTime":1704151111516,"time":"2024-01-02T03:03:21.028Z","iobWithZeroTemp":{"iob":-0.251,"basaliob":-0.254,"bolussnooze":0,"activity":-0.0026,"lastBolusTime":1704151111516,"time":"2024-01-02T03:03:21.028Z"}},{"iob":0.003,"basaliob":0,"bolussnooze":0,"activity":1.0E-4,"lastBolusTime":1704151111516,"time":"2024-01-02T03:08:21.028Z","iobWithZeroTemp":{"iob":-0.263,"basaliob":-0.266,"bolussnooze":0,"activity":-0.0026,"lastBolusTime":1704151111516,"time":"2024-01-02T03:08:21.028Z"}},{"iob":0.002,"basaliob":0,"bolussnooze":0,"activity":1.0E-4,"lastBolusTime":1704151111516,"time":"2024-01-02T03:13:21.028Z","iobWithZeroTemp":{"iob":-0.275,"basaliob":-0.277,"bolussnooze":0,"activity":-0.0027,"lastBolusTime":1704151111516,"time":"2024-01-02T03:13:21.028Z"}},{"iob":0.002,"basaliob":0,"bolussnooze":0,"activity":1.0E-4,"lastBolusTime":1704151111516,"time":"2024-01-02T03:18:21.028Z","iobWithZeroTemp":{"iob":-0.285,"basaliob":-0.287,"bolussnooze":0,"activity":-0.0028,"lastBolusTime":1704151111516,"time":"2024-01-02T03:18:21.028Z"}},{"iob":0.002,"basaliob":0,"bolussnooze":0,"activity":1.0E-4,"lastBolusTime":1704151111516,"time":"2024-01-02T03:23:21.028Z","iobWithZeroTemp":{"iob":-0.295,"basaliob":-0.297,"bolussnooze":0,"activity":-0.0029,"lastBolusTime":1704151111516,"time":"2024-01-02T03:23:21.028Z"}},{"iob":0.001,"basaliob":0,"bolussnooze":0,"activity":0,"lastBolusTime":1704151111516,"time":"2024-01-02T03:28:21.028Z","iobWithZeroTemp":{"iob":-0.306,"basaliob":-0.307,"bolussnooze":0,"activity":-0.0031,"lastBolusTime":1704151111516,"time":"2024-01-02T03:28:21.028Z"}},{"iob":0.001,"basaliob":0,"bolussnooze":0,"activity":0,"lastBolusTime":1704151111516,"time":"2024-01-02T03:33:21.028Z","iobWithZeroTemp":{"iob":-0.315,"basaliob":-0.316,"bolussnooze":0,"activity":-0.0032,"lastBolusTime":1704151111516,"time":"2024-01-02T03:33:21.028Z"}},{"iob":0.001,"basaliob":0,"bolussnooze":0,"activity":0,"lastBolusTime":1704151111516,"time":"2024-01-02T03:38:21.028Z","iobWithZeroTemp":{"iob":-0.323,"basaliob":-0.324,"bolussnooze":0,"activity":-0.0034,"lastBolusTime":1704151111516,"time":"2024-01-02T03:38:21.028Z"}},{"iob":0.001,"basaliob":0,"bolussnooze":0,"activity":0,"lastBolusTime":1704151111516,"time":"2024-01-02T03:43:21.028Z","iobWithZeroTemp":{"iob":-0.331,"basaliob":-0.332,"bolussnooze":0,"activity":-0.0035,"lastBolusTime":1704151111516,"time":"2024-01-02T03:43:21.028Z"}},{"iob":0.001,"basaliob":0,"bolussnooze":0,"activity":0,"lastBolusTime":1704151111516,"time":"2024-01-02T03:48:21.028Z","iobWithZeroTemp":{"iob":-0.339,"basaliob":-0.34,"bolussnooze":0,"activity":-0.0036,"lastBolusTime":1704151111516,"time":"2024-01-02T03:48:21.028Z"}},{"iob":0.001,"basaliob":0,"bolussnooze":0,"activity":0,"lastBolusTime":1704151111516,"time":"2024-01-02T03:53:21.028Z","iobWithZeroTemp":{"iob":-0.346,"basaliob":-0.347,"bolussnooze":0,"activity":-0.0037,"lastBolusTime":1704151111516,"time":"2024-01-02T03:53:21.028Z"}},{"iob":0.001,"basaliob":0,"bolussnooze":0,"activity":0,"lastBolusTime":1704151111516,"time":"2024-01-02T03:58:21.028Z","iobWithZeroTemp":{"iob":-0.352,"basaliob":-0.353,"bolussnooze":0,"activity":-0.0038,"lastBolusTime":1704151111516,"time":"2024-01-02T03:58:21.028Z"}},{"iob":0,"basaliob":0,"bolussnooze":0,"activity":0,"lastBolusTime":1704151111516,"time":"2024-01-02T04:03:21.028Z","iobWithZeroTemp":{"iob":-0.359,"basaliob":-0.359,"bolussnooze":0,"activity":-0.0038,"lastBolusTime":1704151111516,"time":"2024-01-02T04:03:21.028Z"}},{"iob":0,"basaliob":0,"bolussnooze":0,"activity":0,"lastBolusTime":1704151111516,"time":"2024-01-02T04:08:21.028Z","iobWithZeroTemp":{"iob":-0.365,"basaliob":-0.365,"bolussnooze":0,"activity":-0.0039,"lastBolusTime":1704151111516,"time":"2024-01-02T04:08:21.028Z"}},{"iob":0,"basaliob":0,"bolussnooze":0,"activity":0,"lastBolusTime":1704151111516,"time":"2024-01-02T04:13:21.028Z","iobWithZeroTemp":{"iob":-0.37,"basaliob":-0.37,"bolussnooze":0,"activity":-0.004,"lastBolusTime":1704151111516,"time":"2024-01-02T04:13:21.028Z"}},{"iob":0,"basaliob":0,"bolussnooze":0,"activity":0,"lastBolusTime":1704151111516,"time":"2024-01-02T04:18:21.028Z","iobWithZeroTemp":{"iob":-0.374,"basaliob":-0.374,"bolussnooze":0,"activity":-0.0041,"lastBolusTime":1704151111516,"time":"2024-01-02T04:18:21.028Z"}},{"iob":0,"basaliob":0,"bolussnooze":0,"activity":0,"lastBolusTime":1704151111516,"time":"2024-01-02T04:23:21.028Z","iobWithZeroTemp":{"iob":-0.379,"basaliob":-0.379,"bolussnooze":0,"activity":-0.0042,"lastBolusTime":1704151111516,"time":"2024-01-02T04:23:21.028Z"}}],"profile":{"max_iob":10,"type":"current","max_daily_basal":0.35,"max_basal":0.8,"min_bg":95,"max_bg":95,"target_bg":95,"carb_ratio":8.8,"sens":120,"max_daily_safety_multiplier":3,"current_basal_safety_multiplier":4,"lgsThreshold":95,"high_temptarget_raises_sensitivity":true,"low_temptarget_lowers_sensitivity":true,"sensitivity_raises_target":true,"resistance_lowers_target":true,"adv_target_adjustments":false,"exercise_mode":false,"half_basal_exercise_target":160,"maxCOB":120,"skip_neutral_temps":false,"remainingCarbsCap":90,"enableUAM":true,"A52_risk_enable":false,"SMBInterval":6,"enableSMB_with_COB":true,"enableSMB_with_temptarget":false,"allowSMB_with_high_temptarget":false,"enableSMB_always":false,"enableSMB_after_carbs":true,"maxSMBBasalMinutes":45,"maxUAMSMBBasalMinutes":40,"bolus_increment":0.05,"carbsReqThreshold":2,"current_basal":0.2,"temptargetSet":false,"autosens_max":1.3,"autosens_min":0.7,"variable_sens":193,"insulinDivisor":75,"TDD":9.555497714285714},"autosens_data":{"ratio":0.6706657320135077},"meal_data":{"carbs":0,"mealCOB":0,"slopeFromMaxDeviation":-0.90175,"slopeFromMinDeviation":0.8699999999999999,"lastBolusTime":1704151111516,"lastCarbTime":0},"microBolusAllowed":true,"currentTime":1704155302762,"flatBGsDetected":false,"tdd1D":10.2375,"tdd7D":15.997785714285714,"tddLast24H":10.729166666666664,"tddLast4H":1.1916666666666667,"tddLast8to4H":2.4833333333333334},"output":{"temp":"absolute","bg":124,"tick":"+2","eventualBG":130,"targetBG":112,"insulinReq":0.06,"deliverAt":"2024-01-02T00:28:22.762Z","sensitivityRatio":0.6706657320135077,"variable_sens":193,"predBGs":{"IOB":[124,126,127,129,130,131,132,132,133,133,133,133,133,132,132,132,132,132,131,131,131,131,131,131,130,130,130,130,130,130,130,130,130,130,130,130,129],"ZT":[124,124,123,123,123,123,123,123,123,124,124],"UAM":[124,125,125,125,125,124,124,123,123,123,123,122,122,122,122,121,121,121,121,121,120,120,120,120,120,120,120,120,120,119]},"reason":"COB: 0, Dev: 13, BGI: 0, ISF: 193, CR: 8.8, Target: 112, minPredBG 124, minGuardBG 119, IOBpredBG 129, UAMpredBG 119; Eventual BG 130 >= 112, no temp, setting 0.25U\/hr. ","COB":0,"IOB":0.035,"duration":30,"rate":0.25413314640270157,"timestamp":"2024-01-02T00:28:22.845Z"}}