{"algorithm":"OpenAPSSMBDynamicISFPlugin","input":{"glucoseStatus":{"glucose":150,"noise":0,"delta":-1.28,"short_avgdelta":-1.28,"long_avgdelta":0.38,"date":1704139373000},"currenttemp":{"temp":"absolute","duration":116,"rate":0,"minutesrunning":4},"iob_data":[{"iob":0.877,"basaliob":-0.253,"bolussnooze":0.349,"activity":0.0146,"lastBolusTime":1704136117361,"time":"2024-01-01T20:07:31.469Z","iobWithZeroTemp":{"iob":0.877,"basaliob":-0.253,"bolussnooze":0.349,"activity":0.0146,"lastBolusTime":1704136117361,"time":"2024-01-01T20:07:31.469Z"}},{"iob":0.807,"basaliob":-0.243,"bolussnooze":0.2867,"activity":0.0137,"lastBolusTime":1704136117361,"time":"2024-01-01T20:12:31.469Z","iobWithZeroTemp":{"iob":0.784,"basaliob":-0.266,"bolussnooze":0.2867,"activity":0.0137,"lastBolusTime":1704136117361,"time":"2024-01-01T20:12:31.469Z"}},{"iob":0.741,"basaliob":-0.232,"bolussnooze":0.234,"activity":0.0128,"lastBolusTime":1704136117361,"time":"2024-01-01T20:17:31.469Z","iobWithZeroTemp":{"iob":0.689,"basaliob":-0.284,"bolussnooze":0.234,"activity":0.0127,"lastBolusTime":1704136117361,"time":"2024-01-01T20:17:31.469Z"}},{"iob":0.679,"basaliob":-0.221,"bolussnooze":0.1898,"activity":0.0119,"lastBolusTime":1704136117361,"time":"2024-01-01T20:22:31.469Z","iobWithZeroTemp":{"iob":0.598,"basaliob":-0.302,"bolussnooze":0.1898,"activity":0.0117,"lastBolusTime":1704136117361,"time":"2024-01-01T20:22:31.469Z"}},{"iob":0.62,"basaliob":-0.21,"bolussnooze":0.1529,"activity":0.0112,"lastBolusTime":1704136117361,"time":"2024-01-01T20:27:31.469Z","iobWithZeroTemp":{"iob":0.512,"basaliob":-0.318,"bolussnooze":0.1529,"activity":0.0108,"lastBolusTime":1704136117361,"time":"2024-01-01T20:27:31.469Z"}},{"iob":0.567,"basaliob":-0.198,"bolussnooze":0.1223,"activity":0.0104,"lastBolusTime":1704136117361,"time":"2024-01-01T20:32:31.469Z","iobWithZeroTemp":{"iob":0.432,"basaliob":-0.333,"bolussnooze":0.1223,"activity":0.0098,"lastBolusTime":1704136117361,"time":"2024-01-01T20:32:31.469Z"}},{"iob":0.517,"basaliob":-0.186,"bolussnooze":0.0971,"activity":0.0096,"lastBolusTime":1704136117361,"time":"2024-01-01T20:37:31.469Z","iobWithZeroTemp":{"iob":0.357,"basaliob":-0.346,"bolussnooze":0.0971,"activity":0.0088,"lastBolusTime":1704136117361,"time":"2024-01-01T20:37:31.469Z"}},{"iob":0.471,"basaliob":-0.175,"bolussnooze":0.0765,"activity":0.0089,"lastBolusTime":1704136117361,"time":"2024-01-01T20:42:31.469Z","iobWithZeroTemp":{"iob":0.286,"basaliob":-0.36,"bolussnooze":0.0765,"activity":0.0078,"lastBolusTime":1704136117361,"time":"2024-01-01T20:42:31.469Z"}},{"iob":0.429,"basaliob":-0.163,"bolussnooze":0.0597,"activity":0.0082,"lastBolusTime":1704136117361,"time":"2024-01-01T20:47:31.469Z","iobWithZeroTemp":{"iob":0.221,"basaliob":-0.371,"bolussnooze":0.0597,"activity":0.0069,"lastBolusTime":1704136117361,"time":"2024-01-01T20:47:31.469Z"}},{"iob":0.389,"basaliob":-0.152,"bolussnooze":0.0461,"activity":0.0075,"lastBolusTime":1704136117361,"time":"2024-01-01T20:52:31.469Z","iobWithZeroTemp":{"iob":0.159,"basaliob":-0.382,"bolussnooze":0.0461,"activity":0.0059,"lastBolusTime":1704136117361,"time":"2024-01-01T20:52:31.469Z"}},{"iob":0.352,"basaliob":-0.142,"bolussnooze":0.0352,"activity":0.007,"lastBolusTime":1704136117361,"time":"2024-01-01T20:57:31.469Z","iobWithZeroTemp":{"iob":0.101,"basaliob":-0.393,"bolussnooze":0.0352,"activity":0.0052,"lastBolusTime":1704136117361,"time":"2024-01-01T20:57:31.469Z"}},{"iob":0.319,"basaliob":-0.132,"bolussnooze":0.0266,"activity":0.0064,"lastBolusTime":1704136117361,"time":"2024-01-01T21:02:31.469Z","iobWithZeroTemp":{"iob":0.053,"basaliob":-0.398,"bolussnooze":0.0266,"activity":0.0043,"lastBolusTime":1704136117361,"time":"2024-01-01T21:02:31.469Z"}},{"iob":0.288,"basaliob":-0.122,"bolussnooze":0.0197,"activity":0.0059,"lastBolusTime":1704136117361,"time":"2024-01-01T21:07:31.469Z","iobWithZeroTemp":{"iob":0.008,"basaliob":-0.402,"bolussnooze":0.0197,"activity":0.0036,"lastBolusTime":1704136117361,"time":"2024-01-01T21:07:31.469Z"}},{"iob":0.26,"basaliob":-0.113,"bolussnooze":0.0144,"activity":0.0054,"lastBolusTime":1704136117361,"time":"2024-01-01T21:12:31.469Z","iobWithZeroTemp":{"iob":-0.034,"basaliob":-0.407,"bolussnooze":0.0144,"activity":0.0029,"lastBolusTime":1704136117361,"time":"2024-01-01T21:12:31.469Z"}},{"iob":0.234,"basaliob":-0.104,"bolussnooze":0.0103,"activity":0.0049,"lastBolusTime":1704136117361,"time":"2024-01-01T21:17:31.469Z","iobWithZeroTemp":{"iob":-0.072,"basaliob":-0.41,"bolussnooze":0.0103,"activity":0.0022,"lastBolusTime":1704136117361,"time":"2024-01-01T21:17:31.469Z"}},{"iob":0.211,"basaliob":-0.096,"bolussnooze":0.0072,"activity":0.0045,"lastBolusTime":1704136117361,"time":"2024-01-01T21:22:31.469Z","iobWithZeroTemp":{"iob":-0.106,"basaliob":-0.413,"bolussnooze":0.0072,"activity":0.0016,"lastBolusTime":1704136117361,"time":"2024-01-01T21:22:31.469Z"}},{"iob":0.189,"basaliob":-0.088,"bolussnooze":0.0048,"activity":0.0041,"lastBolusTime":1704136117361,"time":"2024-01-01T21:27:31.469Z","iobWithZeroTemp":{"iob":-0.138,"basaliob":-0.415,"bolussnooze":0.0048,"activity":0.001,"lastBolusTime":1704136117361,"time":"2024-01-01T21:27:31.469Z"}},{"iob":0.169,"basaliob":-0.081,"bolussnooze":0.0031,"activity":0.0037,"lastBolusTime":1704136117361,"time":"2024-01-01T21:32:31.469Z","iobWithZeroTemp":{"iob":-0.167,"basaliob":-0.417,"bolussnooze":0.0031,"activity":5.0E-4,"lastBolusTime":1704136117361,"time":"2024-01-01T21:32:31.469Z"}},{"iob":0.152,"basaliob":-0.074,"bolussnooze":0.0019,"activity":0.0034,"lastBolusTime":1704136117361,"time":"2024-01-01T21:37:31.469Z","iobWithZeroTemp":{"iob":-0.193,"basaliob":-0.419,"bolussnooze":0.0019,"activity":0,"lastBolusTime":1704136117361,"time":"2024-01-01T21:37:31.469Z"}},{"iob":0.135,"basaliob":-0.068,"bolussnooze":0.0011,"activity":0.0031,"lastBolusTime":1704136117361,"time":"2024-01-01T21:42:31.469Z","iobWithZeroTemp":{"iob":-0.217,"basaliob":-0.42,"bolussnooze":0.0011,"activity":-4.0E-4,"lastBolusTime":1704136117361,"time":"2024-01-01T21:42:31.469Z"}},{"iob":0.121,"basaliob":-0.062,"bolussnooze":5.0E-4,"activity":0.0028,"lastBolusTime":1704136117361,"time":"2024-01-01T21:47:31.469Z","iobWithZeroTemp":{"iob":-0.238,"basaliob":-0.421,"bolussnooze":5.0E-4,"activity":-9.0E-4,"lastBolusTime":1704136117361,"time":"2024-01-01T21:47:31.469Z"}},{"iob":0.108,"basaliob":-0.056,"bolussnooze":2.0E-4,"activity":0.0025,"lastBolusTime":1704136117361,"time":"2024-01-01T21:52:31.469Z","iobWithZeroTemp":{"iob":-0.258,"basaliob":-0.422,"bolussnooze":2.0E-4,"activity":-0.0013,"lastBolusTime":1704136117361,"time":"2024-01-01T21:52:31.469Z"}},{"iob":0.096,"basaliob":-0.051,"bolussnooze":1.0E-4,"activity":0.0023,"lastBolusTime":1704136117361,"time":"2024-01-01T21:57:31.469Z","iobWithZeroTemp":{"iob":-0.276,"basaliob":-0.423,"bolussnooze":1.0E-4,"activity":-0.0016,"lastBolusTime":1704136117361,"time":"2024-01-01T21:57:31.469Z"}},{"iob":0.085,"basaliob":-0.046,"bolussnooze":0,"activity":0.0021,"lastBolusTime":1704136117361,"time":"2024-01-01T22:02:31.469Z","iobWithZeroTemp":{"iob":-0.288,"basaliob":-0.419,"bolussnooze":0,"activity":-0.0019,"lastBolusTime":1704136117361,"time":"2024-01-01T22:02:31.469Z"}},{"iob":0.075,"basaliob":-0.042,"bolussnooze":0,"activity":0.0019,"lastBolusTime":1704136117361,"time":"2024-01-01T22:07:31.469Z","iobWithZeroTemp":{"iob":-0.298,"basaliob":-0.415,"bolussnooze":0,"activity":-0.0022,"lastBolusTime":1704136117361,"time":"2024-01-01T22:07:31.469Z"}},{"iob":0.066,"basaliob":-0.038,"bolussnooze":0,"activity":0.0016,"lastBolusTime":1704136117361,"time":"2024-01-01T22:12:31.469Z","iobWithZeroTemp":{"iob":-0.308,"basaliob":-0.412,"bolussnooze":0,"activity":-0.0025,"lastBolusTime":1704136117361,"time":"2024-01-01T22:12:31.469Z"}},{"iob":0.059,"basaliob":-0.034,"bolussnooze":0,"activity":0.0015,"lastBolusTime":1704136117361,"time":"2024-01-01T22:17:31.469Z","iobWithZeroTemp":{"iob":-0.315,"basaliob":-0.408,"bolussnooze":0,"activity":-0.0027,"lastBolusTime":1704136117361,"time":"2024-01-01T22:17:31.469Z"}},{"iob":0.051,"basaliob":-0.031,"bolussnooze":0,"activity":0.0014,"lastBolusTime":1704136117361,"time":"2024-01-01T22:22:31.469Z","iobWithZeroTemp":{"iob":-0.323,"basaliob":-0.405,"bolussnooze":0,"activity":-0.0028,"lastBolusTime":1704136117361,"time":"2024-01-01T22:22:31.469Z"}},{"iob":0.045,"basaliob":-0.028,"bolussnooze":0,"activity":0.0012,"lastBolusTime":1704136117361,"time":"2024-01-01T22:27:31.469Z","iobWithZeroTemp":{"iob":-0.328,"basaliob":-0.401,"bolussnooze":0,"activity":-0.0031,"lastBolusTime":1704136117361,"time":"2024-01-01T22:27:31.469Z"}},{"iob":0.039,"basaliob":-0.025,"bolussnooze":0,"activity":0.0011,"lastBolusTime":1704136117361,"time":"2024-01-01T22:32:31.469Z","iobWithZeroTemp":{"iob":-0.334,"basaliob":-0.398,"bolussnooze":0,"activity":-0.0032,"lastBolusTime":1704136117361,"time":"2024-01-01T22:32:31.469Z"}},{"iob":0.034,"basaliob":-0.023,"bolussnooze":0,"activity":0.001,"lastBolusTime":1704136117361,"time":"2024-01-01T22:37:31.469Z","iobWithZeroTemp":{"iob":-0.338,"basaliob":-0.395,"bolussnooze":0,"activity":-0.0033,"lastBolusTime":1704136117361,"time":"2024-01-01T22:37:31.469Z"}},{"iob":0.03,"basaliob":-0.02,"bolussnooze":0,"activity":9.0E-4,"lastBolusTime":1704136117361,"time":"2024-01-01T22:42:31.469Z","iobWithZeroTemp":{"iob":-0.341,"basaliob":-0.391,"bolussnooze":0,"activity":-0.0034,"lastBolusTime":1704136117361,"time":"2024-01-01T22:42:31.469Z"}},{"iob":0.026,"basaliob":-0.018,"bolussnooze":0,"activity":8.0E-4,"lastBolusTime":1704136117361,"time":"2024-01-01T22:47:31.469Z","iobWithZeroTemp":{"iob":-0.344,"basaliob":-0.388,"bolussnooze":0,"activity":-0.0036,"lastBolusTime":1704136117361,"time":"2024-01-01T22:47:31.469Z"}},{"iob":0.022,"basaliob":-0.016,"bolussnooze":0,"activity":6.0E-4,"lastBolusTime":1704136117361,"time":"2024-01-01T22:52:31.469Z","iobWithZeroTemp":{"iob":-0.347,"basaliob":-0.385,"bolussnooze":0,"activity":-0.0038,"lastBolusTime":1704136117361,"time":"2024-01-01T22:52:31.469Z"}},{"iob":0.018,"basaliob":-0.015,"bolussnooze":0,"activity":6.0E-4,"lastBolusTime":1704136117361,"time":"2024-01-01T22:57:31.469Z","iobWithZeroTemp":{"iob":-0.35,"basaliob":-0.383,"bolussnooze":0,"activity":-0.0038,"lastBolusTime":1704136117361,"time":"2024-01-01T22:57:31.469Z"}},{"iob":0.016,"basaliob":-0.013,"bolussnooze":0,"activity":5.0E-4,"lastBolusTime":1704136117361,"time":"2024-01-01T23:02:31.469Z","iobWithZeroTemp":{"iob":-0.351,"basaliob":-0.38,"bolussnooze":0,"activity":-0.0039,"lastBolusTime":1704136117361,"time":"2024-01-01T23:02:31.469Z"}},{"iob":0.014,"basaliob":-0.011,"bolussnooze":0,"activity":4.0E-4,"lastBolusTime":1704136117361,"time":"2024-01-01T23:07:31.469Z","iobWithZeroTemp":{"iob":-0.352,"basaliob":-0.377,"bolussnooze":0,"activity":-0.004,"lastBolusTime":1704136117361,"time":"2024-01-01T23:07:31.469Z"}},{"iob":0.011,"basaliob":-0.01,"bolussnooze":0,"activity":5.0E-4,"lastBolusTime":1704136117361,"time":"2024-01-01T23:12:31.469Z","iobWithZeroTemp":{"iob":-0.354,"basaliob":-0.375,"bolussnooze":0,"activity":-0.0039,"lastBolusTime":1704136117361,"time":"2024-01-01T23:12:31.469Z"}},{"iob":0.009,"basaliob":-0.009,"bolussnooze":0,"activity":4.0E-4,"lastBolusTime":1704136117361,"time":"2024-01-01T23:17:31.469Z","iobWithZeroTemp":{"iob":-0.355,"basaliob":-0.373,"bolussnooze":0,"activity":-0.004,"lastBolusTime":1704136117361,"time":"2024-01-01T23:17:31.469Z"}},{"iob":0.008,"basaliob":-0.008,"bolussnooze":0,"activity":3.0E-4,"lastBolusTime":1704136117361,"time":"2024-01-01T23:22:31.469Z","iobWithZeroTemp":{"iob":-0.355,"basaliob":-0.371,"bolussnooze":0,"activity":-0.0041,"lastBolusTime":1704136117361,"time":"2024-01-01T23:22:31.469Z"}},{"iob":0.006,"basaliob":-0.007,"bolussnooze":0,"activity":2.0E-4,"lastBolusTime":1704136117361,"time":"2024-01-01T23:27:31.469Z","iobWithZeroTemp":{"iob":-0.357,"basaliob":-0.37,"bolussnooze":0,"activity":-0.0041,"lastBolusTime":1704136117361,"time":"2024-01-01T23:27:31.469Z"}},{"iob":0.005,"basaliob":-0.006,"bolussnooze":0,"activity":2.0E-4,"lastBolusTime":1704136117361,"time":"2024-01-01T23:32:31.469Z","iobWithZeroTemp":{"iob":-0.357,"basaliob":-0.368,"bolussnooze":0,"activity":-0.0041,"lastBolusTime":1704136117361,"time":"2024-01-01T23:32:31.469Z"}},{"iob":0.004,"basaliob":-0.005,"bolussnooze":0,"activity":2.0E-4,"lastBolusTime":1704136117361,"time":"2024-01-01T23:37:31.469Z","iobWithZeroTemp":{"iob":-0.357,"basaliob":-0.366,"bolussnooze":0,"activity":-0.0041,"lastBolusTime":1704136117361,"time":"2024-01-01T23:37:31.469Z"}},{"iob":0.003,"basaliob":-0.005,"bolussnooze":0,"activity":2.0E-4,"lastBolusTime":1704136117361,"time":"2024-01-01T23:42:31.469Z","iobWithZeroTemp":{"iob":-0.357,"basaliob":-0.365,"bolussnooze":0,"activity":-0.0041,"lastBolusTime":1704136117361,"time":"2024-01-01T23:42:31.469Z"}},{"iob":0.002,"basaliob":-0.004,"bolussnooze":0,"activity":2.0E-4,"lastBolusTime":1704136117361,"time":"2024-01-01T23:47:31.469Z","iobWithZeroTemp":{"iob":-0.357,"basaliob":-0.363,"bolussnooze":0,"activity":-0.0041,"lastBolusTime":1704136117361,"time":"2024-01-01T23:47:31.469Z"}},{"iob":0.001,"basaliob":-0.004,"bolussnooze":0,"activity":1.0E-4,"lastBolusTime":1704136117361,"time":"2024-01-01T23:52:31.469Z","iobWithZeroTemp":{"iob":-0.358,"basaliob":-0.363,"bolussnooze":0,"activity":-0.0042,"lastBolusTime":1704136117361,"time":"2024-01-01T23:52:31.469Z"}},{"iob":0.001,"basaliob":-0.003,"bolussnooze":0,"activity":1.0E-4,"lastBolusTime":1704136117361,"time":"2024-01-01T23:57:31.469Z","iobWithZeroTemp":{"iob":-0.357,"basaliob":-0.361,"bolussnooze":0,"activity":-0.0042,"lastBolusTime":1704136117361,"time":"2024-01-01T23:57:31.469Z"}},{"iob":0,"basaliob":-0.003,"bolussnooze":0,"activity":1.0E-4,"lastBolusTime":1704136117361,"time":"2024-01-02T00:02:31.469Z","iobWithZeroTemp":{"iob":-0.353,"basaliob":-0.356,"bolussnooze":0,"activity":-0.0042,"lastBolusTime":1704136117361,"time":"2024-01-02T00:02:31.469Z"}}],"profile":{"max_iob":10,"type":"current","max_daily_basal":0.35,"max_basal":1.05,"min_bg":90,"max_bg":90,"target_bg":90,"carb_ratio":8.8,"sens":120,"max_daily_safety_multiplier":3,"current_basal_safety_multiplier":4,"lgsThreshold":95,"high_temptarget_raises_sensitivity":true,"low_temptarget_lowers_sensitivity":true,"sensitivity_raises_target":true,"resistance_lowers_target":true,"adv_target_adjustments":false,"exercise_mode":false,"half_basal_exercise_target":160,"maxCOB":120,"skip_neutral_temps":false,"remainingCarbsCap":90,"enableUAM":true,"A52_risk_enable":false,"SMBInterval":6,"enableSMB_with_COB":true,"enableSMB_with_temptarget":false,"allowSMB_with_high_temptarget":false,"enableSMB_always":false,"enableSMB_after_carbs":true,"maxSMBBasalMinutes":45,"maxUAMSMBBasalMinutes":40,"bolus_increment":0.05,"carbsReqThreshold":2,"current_basal":0.35,"temptargetSet":true,"autosens_max":1.3,"autosens_min":0.7,"variable_sens":132.4,"insulinDivisor":75,"TDD":12.375517904761905},"autosens_data":{"ratio":0.6854992080568157},"meal_data":{"carbs":10,"mealCOB":0.6852000000000003,"slopeFromMaxDeviation":-2.253,"slopeFromMinDeviation":1.4566666666666666,"lastBolusTime":1704136117361,"lastCarbTime":1704135232393},"microBolusAllowed":true,"currentTime":1704139652564,"flatBGsDetected":false,"tdd1D":14.612499999999995,"tdd7D":16.776095238095234,"tddLast24H":11.5,"tddLast4H":2.5166666666666666,"tddLast8to4H":2.45},"output":{"temp":"absolute","bg":150,"tick":-1,"eventualBG":84,"targetBG":90,"insulinReq":0,"deliverAt":"2024-01-01T20:07:32.564Z","sensitivityRatio":1.2,"variable_sens":132.4,"predBGs":{"IOB":[150,148,146,144,141,138,135,132,128,125,120,116,111,106,102,97,93,90,86,83,80,77,75,72,70,68,66,64,63,61,60,59,58,57,56,55,54,54,53,53,52,52,52,51],"ZT":[150,140,131,122,113,104,96,88,81,74,68,62,57,52,48,45,43,41,40,40,41,43,45,47,50,53,56,60,63,67,71,74,78,82,85,89],"COB":[150,145,138,129,121,114,107,101,95,89,85,80,76,72,68,65,62,59,57,55,52,51,49,47,46,45,44,43,42,41,40,40,39],"UAM":[150,146,141,134,126,117,109,102,94,87,80,72,66,59,52,45,39]},"reason":"COB: 0.7, Dev: 50, BGI: -10, ISF: 132, CR: 8.8, Target: 90, minPredBG 40, minGuardBG -26, IOBpredBG 51, COBpredBG 39, UAMpredBG 39; 6 add'l carbs req w\/in 45m; minGuardBG -26<95 116m left and 0 ~ req 0U\/hr: no temp required","COB":0.6852000000000003,"IOB":0.877,"carbsReq":6,"carbsReqWithin":45,"timestamp":"2024-01-01T20:07:32.595Z"}}