{"algorithm":"OpenAPSSMBDynamicISFPlugin","input":{"glucoseStatus":{"glucose":152,"noise":0,"delta":10.33,"short_avgdelta":10.33,"long_avgdelta":7.73,"date":1704135472000},"currenttemp":{"temp":"absolute","duration":117,"rate":0,"minutesrunning":3},"iob_data":[{"iob":1.622,"basaliob":0.064,"bolussnooze":1.5242,"activity":0.0034,"lastBolusTime":1704135234723,"time":"2024-01-01T18:58:12.164Z","iobWithZeroTemp":{"iob":1.622,"basaliob":0.064,"bolussnooze":1.5242,"activity":0.0034,"lastBolusTime":1704135234723,"time":"2024-01-01T18:58:12.164Z"}},{"iob":1.596,"basaliob":0.063,"bolussnooze":1.4452,"activity":0.0064,"lastBolusTime":1704135234723,"time":"2024-01-01T19:03:12.164Z","iobWithZeroTemp":{"iob":1.573,"basaliob":0.04,"bolussnooze":1.4452,"activity":0.0064,"lastBolusTime":1704135234723,"time":"2024-01-01T19:03:12.164Z"}},{"iob":1.558,"basaliob":0.063,"bolussnooze":1.3344,"activity":0.0088,"lastBolusTime":1704135234723,"time":"2024-01-01T19:08:12.164Z","iobWithZeroTemp":{"iob":1.506,"basaliob":0.011,"bolussnooze":1.3344,"activity":0.0087,"lastBolusTime":1704135234723,"time":"2024-01-01T19:08:12.164Z"}},{"iob":1.509,"basaliob":0.061,"bolussnooze":1.2076,"activity":0.0106,"lastBolusTime":1704135234723,"time":"2024-01-01T19:13:12.164Z","iobWithZeroTemp":{"iob":1.428,"basaliob":-0.02,"bolussnooze":1.2076,"activity":0.0104,"lastBolusTime":1704135234723,"time":"2024-01-01T19:13:12.164Z"}},{"iob":1.452,"basaliob":0.059,"bolussnooze":1.0755,"activity":0.0119,"lastBolusTime":1704135234723,"time":"2024-01-01T19:18:12.164Z","iobWithZeroTemp":{"iob":1.344,"basaliob":-0.049,"bolussnooze":1.0755,"activity":0.0115,"lastBolusTime":1704135234723,"time":"2024-01-01T19:18:12.164Z"}},{"iob":1.391,"basaliob":0.057,"bolussnooze":0.9455,"activity":0.0129,"lastBolusTime":1704135234723,"time":"2024-01-01T19:23:12.164Z","iobWithZeroTemp":{"iob":1.256,"basaliob":-0.078,"bolussnooze":0.9455,"activity":0.0123,"lastBolusTime":1704135234723,"time":"2024-01-01T19:23:12.164Z"}},{"iob":1.325,"basaliob":0.055,"bolussnooze":0.822,"activity":0.0135,"lastBolusTime":1704135234723,"time":"2024-01-01T19:28:12.164Z","iobWithZeroTemp":{"iob":1.165,"basaliob":-0.105,"bolussnooze":0.822,"activity":0.0127,"lastBolusTime":1704135234723,"time":"2024-01-01T19:28:12.164Z"}},{"iob":1.256,"basaliob":0.052,"bolussnooze":0.7079,"activity":0.0138,"lastBolusTime":1704135234723,"time":"2024-01-01T19:33:12.164Z","iobWithZeroTemp":{"iob":1.071,"basaliob":-0.133,"bolussnooze":0.7079,"activity":0.0127,"lastBolusTime":1704135234723,"time":"2024-01-01T19:33:12.164Z"}},{"iob":1.188,"basaliob":0.05,"bolussnooze":0.6044,"activity":0.0139,"lastBolusTime":1704135234723,"time":"2024-01-01T19:38:12.164Z","iobWithZeroTemp":{"iob":0.98,"basaliob":-0.158,"bolussnooze":0.6044,"activity":0.0126,"lastBolusTime":1704135234723,"time":"2024-01-01T19:38:12.164Z"}},{"iob":1.118,"basaliob":0.047,"bolussnooze":0.5121,"activity":0.0138,"lastBolusTime":1704135234723,"time":"2024-01-01T19:43:12.164Z","iobWithZeroTemp":{"iob":0.888,"basaliob":-0.183,"bolussnooze":0.5121,"activity":0.0122,"lastBolusTime":1704135234723,"time":"2024-01-01T19:43:12.164Z"}},{"iob":1.049,"basaliob":0.044,"bolussnooze":0.4308,"activity":0.0136,"lastBolusTime":1704135234723,"time":"2024-01-01T19:48:12.164Z","iobWithZeroTemp":{"iob":0.798,"basaliob":-0.207,"bolussnooze":0.4308,"activity":0.0118,"lastBolusTime":1704135234723,"time":"2024-01-01T19:48:12.164Z"}},{"iob":0.982,"basaliob":0.042,"bolussnooze":0.3599,"activity":0.0133,"lastBolusTime":1704135234723,"time":"2024-01-01T19:53:12.164Z","iobWithZeroTemp":{"iob":0.712,"basaliob":-0.228,"bolussnooze":0.3599,"activity":0.0112,"lastBolusTime":1704135234723,"time":"2024-01-01T19:53:12.164Z"}},{"iob":0.916,"basaliob":0.039,"bolussnooze":0.2988,"activity":0.0129,"lastBolusTime":1704135234723,"time":"2024-01-01T19:58:12.164Z","iobWithZeroTemp":{"iob":0.627,"basaliob":-0.25,"bolussnooze":0.2988,"activity":0.0106,"lastBolusTime":1704135234723,"time":"2024-01-01T19:58:12.164Z"}},{"iob":0.852,"basaliob":0.036,"bolussnooze":0.2465,"activity":0.0124,"lastBolusTime":1704135234723,"time":"2024-01-01T20:03:12.164Z","iobWithZeroTemp":{"iob":0.546,"basaliob":-0.27,"bolussnooze":0.2465,"activity":0.0099,"lastBolusTime":1704135234723,"time":"2024-01-01T20:03:12.164Z"}},{"iob":0.792,"basaliob":0.034,"bolussnooze":0.2021,"activity":0.0119,"lastBolusTime":1704135234723,"time":"2024-01-01T20:08:12.164Z","iobWithZeroTemp":{"iob":0.47,"basaliob":-0.288,"bolussnooze":0.2021,"activity":0.0091,"lastBolusTime":1704135234723,"time":"2024-01-01T20:08:12.164Z"}},{"iob":0.733,"basaliob":0.031,"bolussnooze":0.1646,"activity":0.0114,"lastBolusTime":1704135234723,"time":"2024-01-01T20:13:12.164Z","iobWithZeroTemp":{"iob":0.397,"basaliob":-0.305,"bolussnooze":0.1646,"activity":0.0084,"lastBolusTime":1704135234723,"time":"2024-01-01T20:13:12.164Z"}},{"iob":0.678,"basaliob":0.029,"bolussnooze":0.1332,"activity":0.0107,"lastBolusTime":1704135234723,"time":"2024-01-01T20:18:12.164Z","iobWithZeroTemp":{"iob":0.328,"basaliob":-0.321,"bolussnooze":0.1332,"activity":0.0075,"lastBolusTime":1704135234723,"time":"2024-01-01T20:18:12.164Z"}},{"iob":0.626,"basaliob":0.027,"bolussnooze":0.1071,"activity":0.0102,"lastBolusTime":1704135234723,"time":"2024-01-01T20:23:12.164Z","iobWithZeroTemp":{"iob":0.263,"basaliob":-0.336,"bolussnooze":0.1071,"activity":0.0068,"lastBolusTime":1704135234723,"time":"2024-01-01T20:23:12.164Z"}},{"iob":0.577,"basaliob":0.025,"bolussnooze":0.0854,"activity":0.0096,"lastBolusTime":1704135234723,"time":"2024-01-01T20:28:12.164Z","iobWithZeroTemp":{"iob":0.202,"basaliob":-0.35,"bolussnooze":0.0854,"activity":0.006,"lastBolusTime":1704135234723,"time":"2024-01-01T20:28:12.164Z"}},{"iob":0.53,"basaliob":0.023,"bolussnooze":0.0677,"activity":0.009,"lastBolusTime":1704135234723,"time":"2024-01-01T20:33:12.164Z","iobWithZeroTemp":{"iob":0.145,"basaliob":-0.362,"bolussnooze":0.0677,"activity":0.0052,"lastBolusTime":1704135234723,"time":"2024-01-01T20:33:12.164Z"}},{"iob":0.486,"basaliob":0.021,"bolussnooze":0.0531,"activity":0.0085,"lastBolusTime":1704135234723,"time":"2024-01-01T20:38:12.164Z","iobWithZeroTemp":{"iob":0.091,"basaliob":-0.374,"bolussnooze":0.0531,"activity":0.0046,"lastBolusTime":1704135234723,"time":"2024-01-01T20:38:12.164Z"}},{"iob":0.445,"basaliob":0.019,"bolussnooze":0.0413,"activity":0.0078,"lastBolusTime":1704135234723,"time":"2024-01-01T20:43:12.164Z","iobWithZeroTemp":{"iob":0.04,"basaliob":-0.386,"bolussnooze":0.0413,"activity":0.0037,"lastBolusTime":1704135234723,"time":"2024-01-01T20:43:12.164Z"}},{"iob":0.408,"basaliob":0.018,"bolussnooze":0.0318,"activity":0.0073,"lastBolusTime":1704135234723,"time":"2024-01-01T20:48:12.164Z","iobWithZeroTemp":{"iob":-0.005,"basaliob":-0.395,"bolussnooze":0.0318,"activity":0.0031,"lastBolusTime":1704135234723,"time":"2024-01-01T20:48:12.164Z"}},{"iob":0.372,"basaliob":0.016,"bolussnooze":0.0242,"activity":0.0068,"lastBolusTime":1704135234723,"time":"2024-01-01T20:53:12.164Z","iobWithZeroTemp":{"iob":-0.049,"basaliob":-0.405,"bolussnooze":0.0242,"activity":0.0024,"lastBolusTime":1704135234723,"time":"2024-01-01T20:53:12.164Z"}},{"iob":0.339,"basaliob":0.015,"bolussnooze":0.0182,"activity":0.0064,"lastBolusTime":1704135234723,"time":"2024-01-01T20:58:12.164Z","iobWithZeroTemp":{"iob":-0.089,"basaliob":-0.413,"bolussnooze":0.0182,"activity":0.0019,"lastBolusTime":1704135234723,"time":"2024-01-01T20:58:12.164Z"}},{"iob":0.309,"basaliob":0.014,"bolussnooze":0.0134,"activity":0.0059,"lastBolusTime":1704135234723,"time":"2024-01-01T21:03:12.164Z","iobWithZeroTemp":{"iob":-0.121,"basaliob":-0.416,"bolussnooze":0.0134,"activity":0.0013,"lastBolusTime":1704135234723,"time":"2024-01-01T21:03:12.164Z"}},{"iob":0.28,"basaliob":0.012,"bolussnooze":0.0097,"activity":0.0054,"lastBolusTime":1704135234723,"time":"2024-01-01T21:08:12.164Z","iobWithZeroTemp":{"iob":-0.152,"basaliob":-0.42,"bolussnooze":0.0097,"activity":7.0E-4,"lastBolusTime":1704135234723,"time":"2024-01-01T21:08:12.164Z"}},{"iob":0.254,"basaliob":0.011,"bolussnooze":0.0069,"activity":0.005,"lastBolusTime":1704135234723,"time":"2024-01-01T21:13:12.164Z","iobWithZeroTemp":{"iob":-0.179,"basaliob":-0.422,"bolussnooze":0.0069,"activity":2.0E-4,"lastBolusTime":1704135234723,"time":"2024-01-01T21:13:12.164Z"}},{"iob":0.23,"basaliob":0.01,"bolussnooze":0.0047,"activity":0.0046,"lastBolusTime":1704135234723,"time":"2024-01-01T21:18:12.164Z","iobWithZeroTemp":{"iob":-0.204,"basaliob":-0.424,"bolussnooze":0.0047,"activity":-3.0E-4,"lastBolusTime":1704135234723,"time":"2024-01-01T21:18:12.164Z"}},{"iob":0.208,"basaliob":0.009,"bolussnooze":0.0031,"activity":0.0042,"lastBolusTime":1704135234723,"time":"2024-01-01T21:23:12.164Z","iobWithZeroTemp":{"iob":-0.227,"basaliob":-0.426,"bolussnooze":0.0031,"activity":-7.0E-4,"lastBolusTime":1704135234723,"time":"2024-01-01T21:23:12.164Z"}},{"iob":0.188,"basaliob":0.008,"bolussnooze":0.0019,"activity":0.0039,"lastBolusTime":1704135234723,"time":"2024-01-01T21:28:12.164Z","iobWithZeroTemp":{"iob":-0.247,"basaliob":-0.427,"bolussnooze":0.0019,"activity":-0.0011,"lastBolusTime":1704135234723,"time":"2024-01-01T21:28:12.164Z"}},{"iob":0.17,"basaliob":0.008,"bolussnooze":0.0011,"activity":0.0036,"lastBolusTime":1704135234723,"time":"2024-01-01T21:33:12.164Z","iobWithZeroTemp":{"iob":-0.265,"basaliob":-0.427,"bolussnooze":0.0011,"activity":-0.0014,"lastBolusTime":1704135234723,"time":"2024-01-01T21:33:12.164Z"}},{"iob":0.153,"basaliob":0.007,"bolussnooze":6.0E-4,"activity":0.0032,"lastBolusTime":1704135234723,"time":"2024-01-01T21:38:12.164Z","iobWithZeroTemp":{"iob":-0.282,"basaliob":-0.428,"bolussnooze":6.0E-4,"activity":-0.0018,"lastBolusTime":1704135234723,"time":"2024-01-01T21:38:12.164Z"}},{"iob":0.137,"basaliob":0.006,"bolussnooze":2.0E-4,"activity":0.0029,"lastBolusTime":1704135234723,"time":"2024-01-01T21:43:12.164Z","iobWithZeroTemp":{"iob":-0.298,"basaliob":-0.429,"bolussnooze":2.0E-4,"activity":-0.0022,"lastBolusTime":1704135234723,"time":"2024-01-01T21:43:12.164Z"}},{"iob":0.124,"basaliob":0.006,"bolussnooze":1.0E-4,"activity":0.0027,"lastBolusTime":1704135234723,"time":"2024-01-01T21:48:12.164Z","iobWithZeroTemp":{"iob":-0.311,"basaliob":-0.429,"bolussnooze":1.0E-4,"activity":-0.0024,"lastBolusTime":1704135234723,"time":"2024-01-01T21:48:12.164Z"}},{"iob":0.11,"basaliob":0.005,"bolussnooze":0,"activity":0.0024,"lastBolusTime":1704135234723,"time":"2024-01-01T21:53:12.164Z","iobWithZeroTemp":{"iob":-0.324,"basaliob":-0.429,"bolussnooze":0,"activity":-0.0027,"lastBolusTime":1704135234723,"time":"2024-01-01T21:53:12.164Z"}},{"iob":0.098,"basaliob":0.004,"bolussnooze":0,"activity":0.0022,"lastBolusTime":1704135234723,"time":"2024-01-01T21:58:12.164Z","iobWithZeroTemp":{"iob":-0.336,"basaliob":-0.43,"bolussnooze":0,"activity":-0.0029,"lastBolusTime":1704135234723,"time":"2024-01-01T21:58:12.164Z"}},{"iob":0.088,"basaliob":0.004,"bolussnooze":0,"activity":0.002,"lastBolusTime":1704135234723,"time":"2024-01-01T22:03:12.164Z","iobWithZeroTemp":{"iob":-0.341,"basaliob":-0.425,"bolussnooze":0,"activity":-0.0031,"lastBolusTime":1704135234723,"time":"2024-01-01T22:03:12.164Z"}},{"iob":0.079,"basaliob":0.004,"bolussnooze":0,"activity":0.0019,"lastBolusTime":1704135234723,"time":"2024-01-01T22:08:12.164Z","iobWithZeroTemp":{"iob":-0.345,"basaliob":-0.42,"bolussnooze":0,"activity":-0.0032,"lastBolusTime":1704135234723,"time":"2024-01-01T22:08:12.164Z"}},{"iob":0.07,"basaliob":0.003,"bolussnooze":0,"activity":0.0017,"lastBolusTime":1704135234723,"time":"2024-01-01T22:13:12.164Z","iobWithZeroTemp":{"iob":-0.35,"basaliob":-0.417,"bolussnooze":0,"activity":-0.0034,"lastBolusTime":1704135234723,"time":"2024-01-01T22:13:12.164Z"}},{"iob":0.062,"basaliob":0.003,"bolussnooze":0,"activity":0.0015,"lastBolusTime":1704135234723,"time":"2024-01-01T22:18:12.164Z","iobWithZeroTemp":{"iob":-0.353,"basaliob":-0.412,"bolussnooze":0,"activity":-0.0036,"lastBolusTime":1704135234723,"time":"2024-01-01T22:18:12.164Z"}},{"iob":0.054,"basaliob":0.002,"bolussnooze":0,"activity":0.0014,"lastBolusTime":1704135234723,"time":"2024-01-01T22:23:12.164Z","iobWithZeroTemp":{"iob":-0.357,"basaliob":-0.409,"bolussnooze":0,"activity":-0.0036,"lastBolusTime":1704135234723,"time":"2024-01-01T22:23:12.164Z"}},{"iob":0.048,"basaliob":0.002,"bolussnooze":0,"activity":0.0013,"lastBolusTime":1704135234723,"time":"2024-01-01T22:28:12.164Z","iobWithZeroTemp":{"iob":-0.359,"basaliob":-0.405,"bolussnooze":0,"activity":-0.0037,"lastBolusTime":1704135234723,"time":"2024-01-01T22:28:12.164Z"}},{"iob":0.043,"basaliob":0.002,"bolussnooze":0,"activity":0.001,"lastBolusTime":1704135234723,"time":"2024-01-01T22:33:12.164Z","iobWithZeroTemp":{"iob":-0.36,"basaliob":-0.401,"bolussnooze":0,"activity":-0.004,"lastBolusTime":1704135234723,"time":"2024-01-01T22:33:12.164Z"}},{"iob":0.038,"basaliob":0.002,"bolussnooze":0,"activity":9.0E-4,"lastBolusTime":1704135234723,"time":"2024-01-01T22:38:12.164Z","iobWithZeroTemp":{"iob":-0.361,"basaliob":-0.397,"bolussnooze":0,"activity":-0.004,"lastBolusTime":1704135234723,"time":"2024-01-01T22:38:12.164Z"}},{"iob":0.032,"basaliob":0.001,"bolussnooze":0,"activity":8.0E-4,"lastBolusTime":1704135234723,"time":"2024-01-01T22:43:12.164Z","iobWithZeroTemp":{"iob":-0.363,"basaliob":-0.394,"bolussnooze":0,"activity":-0.0041,"lastBolusTime":1704135234723,"time":"2024-01-01T22:43:12.164Z"}},{"iob":0.028,"basaliob":0.001,"bolussnooze":0,"activity":7.0E-4,"lastBolusTime":1704135234723,"time":"2024-01-01T22:48:12.164Z","iobWithZeroTemp":{"iob":-0.364,"basaliob":-0.391,"bolussnooze":0,"activity":-0.0041,"lastBolusTime":1704135234723,"time":"2024-01-01T22:48:12.164Z"}},{"iob":0.025,"basaliob":0.001,"bolussnooze":0,"activity":7.0E-4,"lastBolusTime":1704135234723,"time":"2024-01-01T22:53:12.164Z","iobWithZeroTemp":{"iob":-0.363,"basaliob":-0.387,"bolussnooze":0,"activity":-0.0041,"lastBolusTime":1704135234723,"time":"2024-01-01T22:53:12.164Z"}}],"profile":{"max_iob":10,"type":"current","max_daily_basal":0.35,"max_basal":0.4,"min_bg":75,"max_bg":75,"target_bg":75,"carb_ratio":8.8,"sens":120,"max_daily_safety_multiplier":3,"current_basal_safety_multiplier":4,"lgsThreshold":95,"high_temptarget_raises_sensitivity":true,"low_temptarget_lowers_sensitivity":true,"sensitivity_raises_target":true,"resistance_lowers_target":true,"adv_target_adjustments":false,"exercise_mode":false,"half_basal_exercise_target":160,"maxCOB":120,"skip_neutral_temps":false,"remainingCarbsCap":90,"enableUAM":true,"A52_risk_enable":false,"SMBInterval":6,"enableSMB_with_COB":true,"enableSMB_with_temptarget":false,"allowSMB_with_high_temptarget":false,"enableSMB_always":false,"enableSMB_after_carbs":true,"maxSMBBasalMinutes":45,"maxUAMSMBBasalMinutes":40,"bolus_increment":0.05,"carbsReqThreshold":2,"current_basal":0.1,"temptargetSet":true,"autosens_max":1.3,"autosens_min":0.7,"variable_sens":137.7,"insulinDivisor":75,"TDD":11.799997904761904},"autosens_data":{"ratio":0.7520621746362456},"meal_data":{"carbs":10,"mealCOB":10,"slopeFromMaxDeviation":0,"slopeFromMinDeviation":1.2133333333333332,"lastBolusTime":1704135234723,"lastCarbTime":1704135232393},"microBolusAllowed":true,"currentTime":1704135492963,"flatBGsDetected":false,"tdd1D":14.612499999999995,"tdd7D":16.776095238095234,"tddLast24H":12.616666666666665,"tddLast4H":2.1208333333333336,"tddLast8to4H":2.1625},"output":{"temp":"absolute","bg":152,"tick":"+10","eventualBG":146,"targetBG":75,"insulinReq":0,"deliverAt":"2024-01-01T18:58:12.963Z","sensitivityRatio":1.3,"variable_sens":137.7,"predBGs":{"IOB":[152,161,168,171,173,173,171,168,163,157,150,141,132,122,112,102,92,82,72,61,49,39],"ZT":[152,150,145,139,131,123,113,103,91,79,66,52,39,39,39,39,39,39,39,39,39,39,39,39,39,39,39,39,39,39,39,39,39,39,39,39,39,39,39,39,39,39,39,39,39,39,39,39],"COB":[152,162,169,174,178,179,180,180,179,178,176,173,171,168,165,161,158,155,151,147,144,140,136,131,127,123,119,115,111,108,105,103,100,98,96,94,92,91,90,88,87,86,85,84,84,83,82],"UAM":[152,162,170,175,180,183,185,187,188,189,189,189,189,188,188,187,187,186,185,184,183,182,181,180,179,178,176,175,173,171,169,167,164,162,160,158,157,155,154,153,151,150,149,149,148,147,147,146]},"reason":"COB: 10, Dev: 76, BGI: -2, ISF: 138, CR: 8.8, Target: 75, minPredBG 81, minGuardBG 81, IOBpredBG 39, COBpredBG 82, UAMpredBG 146; minGuardBG 81<95 117m left and 0 ~ req 0U\/hr: no temp required","COB":10,"IOB":1.622,"timestamp":"2024-01-01T18:58:12.977Z"}}