{"algorithm":"OpenAPSSMBDynamicISFPlugin","input":{"glucoseStatus":{"glucose":80,"noise":0,"delta":7.61,"short_avgdelta":7.61,"long_avgdelta":4.01,"date":1704110872000},"currenttemp":{"temp":"absolute","duration":75,"rate":0,"minutesrunning":45},"iob_data":[{"iob":-0.088,"basaliob":-0.319,"bolussnooze":0.0017,"activity":0.0013,"lastBolusTime":1704101411056,"time":"2024-01-01T12:08:12.698Z","iobWithZeroTemp":{"iob":-0.088,"basaliob":-0.319,"bolussnooze":0.0017,"activity":0.0013,"lastBolusTime":1704101411056,"time":"2024-01-01T12:08:12.698Z"}},{"iob":-0.093,"basaliob":-0.301,"bolussnooze":9.0E-4,"activity":9.0E-4,"lastBolusTime":1704101411056,"time":"2024-01-01T12:13:12.698Z","iobWithZeroTemp":{"iob":-0.11,"basaliob":-0.318,"bolussnooze":9.0E-4,"activity":9.0E-4,"lastBolusTime":1704101411056,"time":"2024-01-01T12:13:12.698Z"}},{"iob":-0.097,"basaliob":-0.284,"bolussnooze":4.0E-4,"activity":5.0E-4,"lastBolusTime":1704101411056,"time":"2024-01-01T12:18:12.698Z","iobWithZeroTemp":{"iob":-0.134,"basaliob":-0.321,"bolussnooze":4.0E-4,"activity":4.0E-4,"lastBolusTime":1704101411056,"time":"2024-01-01T12:18:12.698Z"}},{"iob":-0.098,"basaliob":-0.266,"bolussnooze":1.0E-4,"activity":2.0E-4,"lastBolusTime":1704101411056,"time":"2024-01-01T12:23:12.698Z","iobWithZeroTemp":{"iob":-0.156,"basaliob":-0.324,"bolussnooze":1.0E-4,"activity":0,"lastBolusTime":1704101411056,"time":"2024-01-01T12:23:12.698Z"}},{"iob":-0.099,"basaliob":-0.249,"bolussnooze":0,"activity":-1.0E-4,"lastBolusTime":1704101411056,"time":"2024-01-01T12:28:12.698Z","iobWithZeroTemp":{"iob":-0.176,"basaliob":-0.326,"bolussnooze":0,"activity":-4.0E-4,"lastBolusTime":1704101411056,"time":"2024-01-01T12:28:12.698Z"}},{"iob":-0.099,"basaliob":-0.233,"bolussnooze":0,"activity":-3.0E-4,"lastBolusTime":1704101411056,"time":"2024-01-01T12:33:12.698Z","iobWithZeroTemp":{"iob":-0.195,"basaliob":-0.329,"bolussnooze":0,"activity":-7.0E-4,"lastBolusTime":1704101411056,"time":"2024-01-01T12:33:12.698Z"}},{"iob":-0.096,"basaliob":-0.216,"bolussnooze":0,"activity":-5.0E-4,"lastBolusTime":1704101411056,"time":"2024-01-01T12:38:12.698Z","iobWithZeroTemp":{"iob":-0.21,"basaliob":-0.33,"bolussnooze":0,"activity":-0.0011,"lastBolusTime":1704101411056,"time":"2024-01-01T12:38:12.698Z"}},{"iob":-0.094,"basaliob":-0.201,"bolussnooze":0,"activity":-5.0E-4,"lastBolusTime":1704101411056,"time":"2024-01-01T12:43:12.698Z","iobWithZeroTemp":{"iob":-0.226,"basaliob":-0.333,"bolussnooze":0,"activity":-0.0013,"lastBolusTime":1704101411056,"time":"2024-01-01T12:43:12.698Z"}},{"iob":-0.091,"basaliob":-0.186,"bolussnooze":0,"activity":-7.0E-4,"lastBolusTime":1704101411056,"time":"2024-01-01T12:48:12.698Z","iobWithZeroTemp":{"iob":-0.24,"basaliob":-0.335,"bolussnooze":0,"activity":-0.0016,"lastBolusTime":1704101411056,"time":"2024-01-01T12:48:12.698Z"}},{"iob":-0.088,"basaliob":-0.172,"bolussnooze":0,"activity":-7.0E-4,"lastBolusTime":1704101411056,"time":"2024-01-01T12:53:12.698Z","iobWithZeroTemp":{"iob":-0.252,"basaliob":-0.336,"bolussnooze":0,"activity":-0.0018,"lastBolusTime":1704101411056,"time":"2024-01-01T12:53:12.698Z"}},{"iob":-0.084,"basaliob":-0.159,"bolussnooze":0,"activity":-8.0E-4,"lastBolusTime":1704101411056,"time":"2024-01-01T12:58:12.698Z","iobWithZeroTemp":{"iob":-0.263,"basaliob":-0.338,"bolussnooze":0,"activity":-0.0021,"lastBolusTime":1704101411056,"time":"2024-01-01T12:58:12.698Z"}},{"iob":-0.08,"basaliob":-0.146,"bolussnooze":0,"activity":-7.0E-4,"lastBolusTime":1704101411056,"time":"2024-01-01T13:03:12.698Z","iobWithZeroTemp":{"iob":-0.281,"basaliob":-0.347,"bolussnooze":0,"activity":-0.0022,"lastBolusTime":1704101411056,"time":"2024-01-01T13:03:12.698Z"}},{"iob":-0.076,"basaliob":-0.134,"bolussnooze":0,"activity":-8.0E-4,"lastBolusTime":1704101411056,"time":"2024-01-01T13:08:12.698Z","iobWithZeroTemp":{"iob":-0.298,"basaliob":-0.356,"bolussnooze":0,"activity":-0.0025,"lastBolusTime":1704101411056,"time":"2024-01-01T13:08:12.698Z"}},{"iob":-0.072,"basaliob":-0.123,"bolussnooze":0,"activity":-8.0E-4,"lastBolusTime":1704101411056,"time":"2024-01-01T13:13:12.698Z","iobWithZeroTemp":{"iob":-0.315,"basaliob":-0.366,"bolussnooze":0,"activity":-0.0027,"lastBolusTime":1704101411056,"time":"2024-01-01T13:13:12.698Z"}},{"iob":-0.068,"basaliob":-0.113,"bolussnooze":0,"activity":-8.0E-4,"lastBolusTime":1704101411056,"time":"2024-01-01T13:18:12.698Z","iobWithZeroTemp":{"iob":-0.33,"basaliob":-0.375,"bolussnooze":0,"activity":-0.0029,"lastBolusTime":1704101411056,"time":"2024-01-01T13:18:12.698Z"}},{"iob":-0.064,"basaliob":-0.103,"bolussnooze":0,"activity":-8.0E-4,"lastBolusTime":1704101411056,"time":"2024-01-01T13:23:12.698Z","iobWithZeroTemp":{"iob":-0.344,"basaliob":-0.383,"bolussnooze":0,"activity":-0.0031,"lastBolusTime":1704101411056,"time":"2024-01-01T13:23:12.698Z"}},{"iob":-0.06,"basaliob":-0.094,"bolussnooze":0,"activity":-7.0E-4,"lastBolusTime":1704101411056,"time":"2024-01-01T13:28:12.698Z","iobWithZeroTemp":{"iob":-0.357,"basaliob":-0.391,"bolussnooze":0,"activity":-0.0032,"lastBolusTime":1704101411056,"time":"2024-01-01T13:28:12.698Z"}},{"iob":-0.056,"basaliob":-0.086,"bolussnooze":0,"activity":-8.0E-4,"lastBolusTime":1704101411056,"time":"2024-01-01T13:33:12.698Z","iobWithZeroTemp":{"iob":-0.369,"basaliob":-0.399,"bolussnooze":0,"activity":-0.0035,"lastBolusTime":1704101411056,"time":"2024-01-01T13:33:12.698Z"}},{"iob":-0.052,"basaliob":-0.078,"bolussnooze":0,"activity":-7.0E-4,"lastBolusTime":1704101411056,"time":"2024-01-01T13:38:12.698Z","iobWithZeroTemp":{"iob":-0.38,"basaliob":-0.406,"bolussnooze":0,"activity":-0.0036,"lastBolusTime":1704101411056,"time":"2024-01-01T13:38:12.698Z"}},{"iob":-0.049,"basaliob":-0.071,"bolussnooze":0,"activity":-7.0E-4,"lastBolusTime":1704101411056,"time":"2024-01-01T13:43:12.698Z","iobWithZeroTemp":{"iob":-0.391,"basaliob":-0.413,"bolussnooze":0,"activity":-0.0038,"lastBolusTime":1704101411056,"time":"2024-01-01T13:43:12.698Z"}},{"iob":-0.045,"basaliob":-0.064,"bolussnooze":0,"activity":-7.0E-4,"lastBolusTime":1704101411056,"time":"2024-01-01T13:48:12.698Z","iobWithZeroTemp":{"iob":-0.4,"basaliob":-0.419,"bolussnooze":0,"activity":-0.004,"lastBolusTime":1704101411056,"time":"2024-01-01T13:48:12.698Z"}},{"iob":-0.042,"basaliob":-0.058,"bolussnooze":0,"activity":-7.0E-4,"lastBolusTime":1704101411056,"time":"2024-01-01T13:53:12.698Z","iobWithZeroTemp":{"iob":-0.409,"basaliob":-0.425,"bolussnooze":0,"activity":-0.0042,"lastBolusTime":1704101411056,"time":"2024-01-01T13:53:12.698Z"}},{"iob":-0.039,"basaliob":-0.053,"bolussnooze":0,"activity":-6.0E-4,"lastBolusTime":1704101411056,"time":"2024-01-01T13:58:12.698Z","iobWithZeroTemp":{"iob":-0.417,"basaliob":-0.431,"bolussnooze":0,"activity":-0.0043,"lastBolusTime":1704101411056,"time":"2024-01-01T13:58:12.698Z"}},{"iob":-0.036,"basaliob":-0.048,"bolussnooze":0,"activity":-6.0E-4,"lastBolusTime":1704101411056,"time":"2024-01-01T14:03:12.698Z","iobWithZeroTemp":{"iob":-0.404,"basaliob":-0.416,"bolussnooze":0,"activity":-0.0044,"lastBolusTime":1704101411056,"time":"2024-01-01T14:03:12.698Z"}},{"iob":-0.033,"basaliob":-0.043,"bolussnooze":0,"activity":-6.0E-4,"lastBolusTime":1704101411056,"time":"2024-01-01T14:08:12.698Z","iobWithZeroTemp":{"iob":-0.39,"basaliob":-0.4,"bolussnooze":0,"activity":-0.0045,"lastBolusTime":1704101411056,"time":"2024-01-01T14:08:12.698Z"}},{"iob":-0.031,"basaliob":-0.039,"bolussnooze":0,"activity":-5.0E-4,"lastBolusTime":1704101411056,"time":"2024-01-01T14:13:12.698Z","iobWithZeroTemp":{"iob":-0.377,"basaliob":-0.385,"bolussnooze":0,"activity":-0.0045,"lastBolusTime":1704101411056,"time":"2024-01-01T14:13:12.698Z"}},{"iob":-0.028,"basaliob":-0.035,"bolussnooze":0,"activity":-4.0E-4,"lastBolusTime":1704101411056,"time":"2024-01-01T14:18:12.698Z","iobWithZeroTemp":{"iob":-0.362,"basaliob":-0.369,"bolussnooze":0,"activity":-0.0044,"lastBolusTime":1704101411056,"time":"2024-01-01T14:18:12.698Z"}},{"iob":-0.026,"basaliob":-0.031,"bolussnooze":0,"activity":-5.0E-4,"lastBolusTime":1704101411056,"time":"2024-01-01T14:23:12.698Z","iobWithZeroTemp":{"iob":-0.349,"basaliob":-0.354,"bolussnooze":0,"activity":-0.0045,"lastBolusTime":1704101411056,"time":"2024-01-01T14:23:12.698Z"}},{"iob":-0.024,"basaliob":-0.028,"bolussnooze":0,"activity":-4.0E-4,"lastBolusTime":1704101411056,"time":"2024-01-01T14:28:12.698Z","iobWithZeroTemp":{"iob":-0.336,"basaliob":-0.34,"bolussnooze":0,"activity":-0.0043,"lastBolusTime":1704101411056,"time":"2024-01-01T14:28:12.698Z"}},{"iob":-0.021,"basaliob":-0.025,"bolussnooze":0,"activity":-4.0E-4,"lastBolusTime":1704101411056,"time":"2024-01-01T14:33:12.698Z","iobWithZeroTemp":{"iob":-0.322,"basaliob":-0.326,"bolussnooze":0,"activity":-0.0043,"lastBolusTime":1704101411056,"time":"2024-01-01T14:33:12.698Z"}},{"iob":-0.019,"basaliob":-0.022,"bolussnooze":0,"activity":-4.0E-4,"lastBolusTime":1704101411056,"time":"2024-01-01T14:38:12.698Z","iobWithZeroTemp":{"iob":-0.309,"basaliob":-0.312,"bolussnooze":0,"activity":-0.0042,"lastBolusTime":1704101411056,"time":"2024-01-01T14:38:12.698Z"}},{"iob":-0.018,"basaliob":-0.02,"bolussnooze":0,"activity":-4.0E-4,"lastBolusTime":1704101411056,"time":"2024-01-01T14:43:12.698Z","iobWithZeroTemp":{"iob":-0.297,"basaliob":-0.299,"bolussnooze":0,"activity":-0.0041,"lastBolusTime":1704101411056,"time":"2024-01-01T14:43:12.698Z"}},{"iob":-0.016,"basaliob":-0.018,"bolussnooze":0,"activity":-3.0E-4,"lastBolusTime":1704101411056,"time":"2024-01-01T14:48:12.698Z","iobWithZeroTemp":{"iob":-0.286,"basaliob":-0.288,"bolussnooze":0,"activity":-0.0039,"lastBolusTime":1704101411056,"time":"2024-01-01T14:48:12.698Z"}},{"iob":-0.015,"basaliob":-0.016,"bolussnooze":0,"activity":-3.0E-4,"lastBolusTime":1704101411056,"time":"2024-01-01T14:53:12.698Z","iobWithZeroTemp":{"iob":-0.275,"basaliob":-0.276,"bolussnooze":0,"activity":-0.0038,"lastBolusTime":1704101411056,"time":"2024-01-01T14:53:12.698Z"}},{"iob":-0.013,"basaliob":-0.014,"bolussnooze":0,"activity":-2.0E-4,"lastBolusTime":1704101411056,"time":"2024-01-01T14:58:12.698Z","iobWithZeroTemp":{"iob":-0.264,"basaliob":-0.265,"bolussnooze":0,"activity":-0.0036,"lastBolusTime":1704101411056,"time":"2024-01-01T14:58:12.698Z"}},{"iob":-0.011,"basaliob":-0.012,"bolussnooze":0,"activity":-3.0E-4,"lastBolusTime":1704101411056,"time":"2024-01-01T15:03:12.698Z","iobWithZeroTemp":{"iob":-0.253,"basaliob":-0.254,"bolussnooze":0,"activity":-0.0036,"lastBolusTime":1704101411056,"time":"2024-01-01T15:03:12.698Z"}},{"iob":-0.011,"basaliob":-0.011,"bolussnooze":0,"activity":-3.0E-4,"lastBolusTime":1704101411056,"time":"2024-01-01T15:08:12.698Z","iobWithZeroTemp":{"iob":-0.245,"basaliob":-0.245,"bolussnooze":0,"activity":-0.0035,"lastBolusTime":1704101411056,"time":"2024-01-01T15:08:12.698Z"}},{"iob":-0.009,"basaliob":-0.009,"bolussnooze":0,"activity":-2.0E-4,"lastBolusTime":1704101411056,"time":"2024-01-01T15:13:12.698Z","iobWithZeroTemp":{"iob":-0.236,"basaliob":-0.236,"bolussnooze":0,"activity":-0.0033,"lastBolusTime":1704101411056,"time":"2024-01-01T15:13:12.698Z"}},{"iob":-0.008,"basaliob":-0.008,"bolussnooze":0,"activity":-2.0E-4,"lastBolusTime":1704101411056,"time":"2024-01-01T15:18:12.698Z","iobWithZeroTemp":{"iob":-0.228,"basaliob":-0.228,"bolussnooze":0,"activity":-0.0033,"lastBolusTime":1704101411056,"time":"2024-01-01T15:18:12.698Z"}},{"iob":-0.007,"basaliob":-0.007,"bolussnooze":0,"activity":-2.0E-4,"lastBolusTime":1704101411056,"time":"2024-01-01T15:23:12.698Z","iobWithZeroTemp":{"iob":-0.22,"basaliob":-0.22,"bolussnooze":0,"activity":-0.0032,"lastBolusTime":1704101411056,"time":"2024-01-01T15:23:12.698Z"}},{"iob":-0.006,"basaliob":-0.006,"bolussnooze":0,"activity":-2.0E-4,"lastBolusTime":1704101411056,"time":"2024-01-01T15:28:12.698Z","iobWithZeroTemp":{"iob":-0.213,"basaliob":-0.213,"bolussnooze":0,"activity":-0.0031,"lastBolusTime":1704101411056,"time":"2024-01-01T15:28:12.698Z"}},{"iob":-0.005,"basaliob":-0.005,"bolussnooze":0,"activity":-2.0E-4,"lastBolusTime":0,"time":"2024-01-01T15:33:12.698Z","iobWithZeroTemp":{"iob":-0.206,"basaliob":-0.206,"bolussnooze":0,"activity":-0.003,"lastBolusTime":0,"time":"2024-01-01T15:33:12.698Z"}},{"iob":-0.005,"basaliob":-0.005,"bolussnooze":0,"activity":-1.0E-4,"lastBolusTime":0,"time":"2024-01-01T15:38:12.698Z","iobWithZeroTemp":{"iob":-0.201,"basaliob":-0.201,"bolussnooze":0,"activity":-0.0028,"lastBolusTime":0,"time":"2024-01-01T15:38:12.698Z"}},{"iob":-0.004,"basaliob":-0.004,"bolussnooze":0,"activity":-1.0E-4,"lastBolusTime":0,"time":"2024-01-01T15:43:12.698Z","iobWithZeroTemp":{"iob":-0.195,"basaliob":-0.195,"bolussnooze":0,"activity":-0.0027,"lastBolusTime":0,"time":"2024-01-01T15:43:12.698Z"}},{"iob":-0.004,"basaliob":-0.004,"bolussnooze":0,"activity":-1.0E-4,"lastBolusTime":0,"time":"2024-01-01T15:48:12.698Z","iobWithZeroTemp":{"iob":-0.19,"basaliob":-0.19,"bolussnooze":0,"activity":-0.0027,"lastBolusTime":0,"time":"2024-01-01T15:48:12.698Z"}},{"iob":-0.003,"basaliob":-0.003,"bolussnooze":0,"activity":-1.0E-4,"lastBolusTime":0,"time":"2024-01-01T15:53:12.698Z","iobWithZeroTemp":{"iob":-0.185,"basaliob":-0.185,"bolussnooze":0,"activity":-0.0026,"lastBolusTime":0,"time":"2024-01-01T15:53:12.698Z"}},{"iob":-0.003,"basaliob":-0.003,"bolussnooze":0,"activity":-1.0E-4,"lastBolusTime":0,"time":"2024-01-01T15:58:12.698Z","iobWithZeroTemp":{"iob":-0.181,"basaliob":-0.181,"bolussnooze":0,"activity":-0.0025,"lastBolusTime":0,"time":"2024-01-01T15:58:12.698Z"}},{"iob":-0.002,"basaliob":-0.002,"bolussnooze":0,"activity":-1.0E-4,"lastBolusTime":0,"time":"2024-01-01T16:03:12.698Z","iobWithZeroTemp":{"iob":-0.176,"basaliob":-0.176,"bolussnooze":0,"activity":-0.0025,"lastBolusTime":0,"time":"2024-01-01T16:03:12.698Z"}}],"profile":{"max_iob":0,"type":"current","max_daily_basal":0.35,"max_basal":1,"min_bg":130,"max_bg":130,"target_bg":130,"carb_ratio":8.8,"sens":120,"max_daily_safety_multiplier":3,"current_basal_safety_multiplier":4,"lgsThreshold":95,"high_temptarget_raises_sensitivity":true,"low_temptarget_lowers_sensitivity":true,"sensitivity_raises_target":true,"resistance_lowers_target":true,"adv_target_adjustments":false,"exercise_mode":false,"half_basal_exercise_target":160,"maxCOB":120,"skip_neutral_temps":false,"remainingCarbsCap":90,"enableUAM":true,"A52_risk_enable":false,"SMBInterval":6,"enableSMB_with_COB":false,"enableSMB_with_temptarget":false,"allowSMB_with_high_temptarget":false,"enableSMB_always":false,"enableSMB_after_carbs":false,"maxSMBBasalMinutes":30,"maxUAMSMBBasalMinutes":40,"bolus_increment":0.05,"carbsReqThreshold":2,"current_basal":0.25,"temptargetSet":true,"autosens_max":1.3,"autosens_min":0.7,"variable_sens":212.5,"insulinDivisor":75,"TDD":11.667997904761904},"autosens_data":{"ratio":0.6591720645589814},"meal_data":{"carbs":23,"mealCOB":0,"slopeFromMaxDeviation":0,"slopeFromMinDeviation":999,"lastBolusTime":1704101411056,"lastCarbTime":1704108949000},"microBolusAllowed":false,"currentTime":1704110894020,"flatBGsDetected":false,"tdd1D":14.612499999999995,"tdd7D":16.776095238095234,"tddLast24H":11.058333333333332,"tddLast4H":2.5375,"tddLast8to4H":0.9125},"output":{"temp":"absolute","bg":80,"tick":"+8","eventualBG":153,"targetBG":130,"insulinReq":0,"deliverAt":"2024-01-01T12:08:14.020Z","sensitivityRatio":0.67,"variable_sens":212.5,"predBGs":{"IOB":[80,87,93,100,106,111,116,120,123,126,128,129,130,131,131,132,132,133,134,134,135,135,136,136,137,137,137,138,138,138,139,139,139,139,140,140,140,140,140,141],"ZT":[80,79,78,77,77,78,78,80,81,83,85,87,89,91,94,97,100,103,106,109,112,115,119,122,126,129],"UAM":[80,79,78,77,77,77,77,78,78,79,80,81,82,82,83,84,85,86,86,87,88,88,89,90,90,91,91,92,92,93,93,93,94,94,94,95,95,95,95,95,96,96,96,96,96,96,96,97]},"reason":"COB: 0, Dev: 54, BGI: -1, ISF: 213, CR: 8.8, Target: 130, minPredBG 80, minGuardBG 77, IOBpredBG 141, UAMpredBG 97; IOB -0.088 < -0.08 and minDelta 8 > expectedDelta -2; 153-80 in range: no temp required; setting current basal of 0.17 as temp. ","COB":0,"IOB":-0.088,"duration":30,"rate":0.1675,"timestamp":"2024-01-01T12:08:14.047Z"}}