{"algorithm":"OpenAPSSMBDynamicISFPlugin","input":{"glucoseStatus":{"glucose":95,"noise":0,"delta":1.5,"short_avgdelta":1.5,"long_avgdelta":-2.01,"date":1704075471000},"currenttemp":{"temp":"absolute","duration":100,"rate":0,"minutesrunning":20},"iob_data":[{"iob":0.094,"basaliob":-0.024,"bolussnooze":0,"activity":0.0024,"lastBolusTime":1704071612530,"time":"2024-01-01T02:18:09.730Z","iobWithZeroTemp":{"iob":0.094,"basaliob":-0.024,"bolussnooze":0,"activity":0.0024,"lastBolusTime":1704071612530,"time":"2024-01-01T02:18:09.730Z"}},{"iob":0.083,"basaliob":-0.026,"bolussnooze":0,"activity":0.0021,"lastBolusTime":1704071612530,"time":"2024-01-01T02:23:09.730Z","iobWithZeroTemp":{"iob":0.07,"basaliob":-0.039,"bolussnooze":0,"activity":0.0021,"lastBolusTime":1704071612530,"time":"2024-01-01T02:23:09.730Z"}},{"iob":0.073,"basaliob":-0.027,"bolussnooze":0,"activity":0.0019,"lastBolusTime":1704071612530,"time":"2024-01-01T02:28:09.730Z","iobWithZeroTemp":{"iob":0.043,"basaliob":-0.057,"bolussnooze":0,"activity":0.0018,"lastBolusTime":1704071612530,"time":"2024-01-01T02:28:09.730Z"}},{"iob":0.064,"basaliob":-0.028,"bolussnooze":0,"activity":0.0017,"lastBolusTime":1704071612530,"time":"2024-01-01T02:33:09.730Z","iobWithZeroTemp":{"iob":0.018,"basaliob":-0.074,"bolussnooze":0,"activity":0.0016,"lastBolusTime":1704071612530,"time":"2024-01-01T02:33:09.730Z"}},{"iob":0.056,"basaliob":-0.028,"bolussnooze":0,"activity":0.0015,"lastBolusTime":1704071612530,"time":"2024-01-01T02:38:09.730Z","iobWithZeroTemp":{"iob":-0.006,"basaliob":-0.09,"bolussnooze":0,"activity":0.0013,"lastBolusTime":1704071612530,"time":"2024-01-01T02:38:09.730Z"}},{"iob":0.049,"basaliob":-0.028,"bolussnooze":0,"activity":0.0014,"lastBolusTime":1704071612530,"time":"2024-01-01T02:43:09.730Z","iobWithZeroTemp":{"iob":-0.028,"basaliob":-0.105,"bolussnooze":0,"activity":0.0011,"lastBolusTime":1704071612530,"time":"2024-01-01T02:43:09.730Z"}},{"iob":0.042,"basaliob":-0.028,"bolussnooze":0,"activity":0.0012,"lastBolusTime":1704071612530,"time":"2024-01-01T02:48:09.730Z","iobWithZeroTemp":{"iob":-0.05,"basaliob":-0.12,"bolussnooze":0,"activity":7.0E-4,"lastBolusTime":1704071612530,"time":"2024-01-01T02:48:09.730Z"}},{"iob":0.037,"basaliob":-0.027,"bolussnooze":0,"activity":0.0011,"lastBolusTime":1704071612530,"time":"2024-01-01T02:53:09.730Z","iobWithZeroTemp":{"iob":-0.069,"basaliob":-0.133,"bolussnooze":0,"activity":5.0E-4,"lastBolusTime":1704071612530,"time":"2024-01-01T02:53:09.730Z"}},{"iob":0.032,"basaliob":-0.026,"bolussnooze":0,"activity":9.0E-4,"lastBolusTime":1704071612530,"time":"2024-01-01T02:58:09.730Z","iobWithZeroTemp":{"iob":-0.087,"basaliob":-0.145,"bolussnooze":0,"activity":2.0E-4,"lastBolusTime":1704071612530,"time":"2024-01-01T02:58:09.730Z"}},{"iob":0.028,"basaliob":-0.025,"bolussnooze":0,"activity":8.0E-4,"lastBolusTime":1704071612530,"time":"2024-01-01T03:03:09.730Z","iobWithZeroTemp":{"iob":-0.112,"basaliob":-0.165,"bolussnooze":0,"activity":-1.0E-4,"lastBolusTime":1704071612530,"time":"2024-01-01T03:03:09.730Z"}},{"iob":0.024,"basaliob":-0.024,"bolussnooze":0,"activity":7.0E-4,"lastBolusTime":1704071612530,"time":"2024-01-01T03:08:09.730Z","iobWithZeroTemp":{"iob":-0.135,"basaliob":-0.183,"bolussnooze":0,"activity":-4.0E-4,"lastBolusTime":1704071612530,"time":"2024-01-01T03:08:09.730Z"}},{"iob":0.021,"basaliob":-0.023,"bolussnooze":0,"activity":7.0E-4,"lastBolusTime":1704071612530,"time":"2024-01-01T03:13:09.730Z","iobWithZeroTemp":{"iob":-0.158,"basaliob":-0.202,"bolussnooze":0,"activity":-6.0E-4,"lastBolusTime":1704071612530,"time":"2024-01-01T03:13:09.730Z"}},{"iob":0.017,"basaliob":-0.022,"bolussnooze":0,"activity":6.0E-4,"lastBolusTime":1704071612530,"time":"2024-01-01T03:18:09.730Z","iobWithZeroTemp":{"iob":-0.18,"basaliob":-0.219,"bolussnooze":0,"activity":-8.0E-4,"lastBolusTime":1704071612530,"time":"2024-01-01T03:18:09.730Z"}},{"iob":0.015,"basaliob":-0.021,"bolussnooze":0,"activity":5.0E-4,"lastBolusTime":1704071612530,"time":"2024-01-01T03:23:09.730Z","iobWithZeroTemp":{"iob":-0.199,"basaliob":-0.235,"bolussnooze":0,"activity":-0.0011,"lastBolusTime":1704071612530,"time":"2024-01-01T03:23:09.730Z"}},{"iob":0.012,"basaliob":-0.02,"bolussnooze":0,"activity":5.0E-4,"lastBolusTime":1704071612530,"time":"2024-01-01T03:28:09.730Z","iobWithZeroTemp":{"iob":-0.218,"basaliob":-0.25,"bolussnooze":0,"activity":-0.0013,"lastBolusTime":1704071612530,"time":"2024-01-01T03:28:09.730Z"}},{"iob":0.011,"basaliob":-0.018,"bolussnooze":0,"activity":4.0E-4,"lastBolusTime":1704071612530,"time":"2024-01-01T03:33:09.730Z","iobWithZeroTemp":{"iob":-0.235,"basaliob":-0.264,"bolussnooze":0,"activity":-0.0016,"lastBolusTime":1704071612530,"time":"2024-01-01T03:33:09.730Z"}},{"iob":0.009,"basaliob":-0.017,"bolussnooze":0,"activity":4.0E-4,"lastBolusTime":1704071612530,"time":"2024-01-01T03:38:09.730Z","iobWithZeroTemp":{"iob":-0.251,"basaliob":-0.277,"bolussnooze":0,"activity":-0.0018,"lastBolusTime":1704071612530,"time":"2024-01-01T03:38:09.730Z"}},{"iob":0.007,"basaliob":-0.016,"bolussnooze":0,"activity":3.0E-4,"lastBolusTime":1704071612530,"time":"2024-01-01T03:43:09.730Z","iobWithZeroTemp":{"iob":-0.267,"basaliob":-0.29,"bolussnooze":0,"activity":-0.0021,"lastBolusTime":1704071612530,"time":"2024-01-01T03:43:09.730Z"}},{"iob":0.006,"basaliob":-0.015,"bolussnooze":0,"activity":3.0E-4,"lastBolusTime":1704071612530,"time":"2024-01-01T03:48:09.730Z","iobWithZeroTemp":{"iob":-0.28,"basaliob":-0.301,"bolussnooze":0,"activity":-0.0023,"lastBolusTime":1704071612530,"time":"2024-01-01T03:48:09.730Z"}},{"iob":0.005,"basaliob":-0.014,"bolussnooze":0,"activity":2.0E-4,"lastBolusTime":1704071612530,"time":"2024-01-01T03:53:09.730Z","iobWithZeroTemp":{"iob":-0.293,"basaliob":-0.312,"bolussnooze":0,"activity":-0.0025,"lastBolusTime":1704071612530,"time":"2024-01-01T03:53:09.730Z"}},{"iob":0.004,"basaliob":-0.013,"bolussnooze":0,"activity":2.0E-4,"lastBolusTime":1704071612530,"time":"2024-01-01T03:58:09.730Z","iobWithZeroTemp":{"iob":-0.305,"basaliob":-0.322,"bolussnooze":0,"activity":-0.0027,"lastBolusTime":1704071612530,"time":"2024-01-01T03:58:09.730Z"}},{"iob":0.003,"basaliob":-0.012,"bolussnooze":0,"activity":1.0E-4,"lastBolusTime":1704071612530,"time":"2024-01-01T04:03:09.730Z","iobWithZeroTemp":{"iob":-0.316,"basaliob":-0.331,"bolussnooze":0,"activity":-0.003,"lastBolusTime":1704071612530,"time":"2024-01-01T04:03:09.730Z"}},{"iob":0.003,"basaliob":-0.011,"bolussnooze":0,"activity":1.0E-4,"lastBolusTime":1704071612530,"time":"2024-01-01T04:08:09.730Z","iobWithZeroTemp":{"iob":-0.325,"basaliob":-0.339,"bolussnooze":0,"activity":-0.0031,"lastBolusTime":1704071612530,"time":"2024-01-01T04:08:09.730Z"}},{"iob":0.002,"basaliob":-0.01,"bolussnooze":0,"activity":1.0E-4,"lastBolusTime":1704071612530,"time":"2024-01-01T04:13:09.730Z","iobWithZeroTemp":{"iob":-0.335,"basaliob":-0.347,"bolussnooze":0,"activity":-0.0032,"lastBolusTime":1704071612530,"time":"2024-01-01T04:13:09.730Z"}},{"iob":0.002,"basaliob":-0.009,"bolussnooze":0,"activity":0,"lastBolusTime":1704071612530,"time":"2024-01-01T04:18:09.730Z","iobWithZeroTemp":{"iob":-0.343,"basaliob":-0.354,"bolussnooze":0,"activity":-0.0035,"lastBolusTime":1704071612530,"time":"2024-01-01T04:18:09.730Z"}},{"iob":0.001,"basaliob":-0.009,"bolussnooze":0,"activity":1.0E-4,"lastBolusTime":1704071612530,"time":"2024-01-01T04:23:09.730Z","iobWithZeroTemp":{"iob":-0.351,"basaliob":-0.361,"bolussnooze":0,"activity":-0.0035,"lastBolusTime":1704071612530,"time":"2024-01-01T04:23:09.730Z"}},{"iob":0.001,"basaliob":-0.008,"bolussnooze":0,"activity":1.0E-4,"lastBolusTime":1704071612530,"time":"2024-01-01T04:28:09.730Z","iobWithZeroTemp":{"iob":-0.358,"basaliob":-0.367,"bolussnooze":0,"activity":-0.0036,"lastBolusTime":1704071612530,"time":"2024-01-01T04:28:09.730Z"}},{"iob":0.001,"basaliob":-0.007,"bolussnooze":0,"activity":1.0E-4,"lastBolusTime":1704071612530,"time":"2024-01-01T04:33:09.730Z","iobWithZeroTemp":{"iob":-0.364,"basaliob":-0.372,"bolussnooze":0,"activity":-0.0037,"lastBolusTime":1704071612530,"time":"2024-01-01T04:33:09.730Z"}},{"iob":0,"basaliob":-0.007,"bolussnooze":0,"activity":1.0E-4,"lastBolusTime":1704071612530,"time":"2024-01-01T04:38:09.730Z","iobWithZeroTemp":{"iob":-0.37,"basaliob":-0.377,"bolussnooze":0,"activity":-0.0038,"lastBolusTime":1704071612530,"time":"2024-01-01T04:38:09.730Z"}},{"iob":0,"basaliob":-0.006,"bolussnooze":0,"activity":0,"lastBolusTime":1704071612530,"time":"2024-01-01T04:43:09.730Z","iobWithZeroTemp":{"iob":-0.376,"basaliob":-0.382,"bolussnooze":0,"activity":-0.004,"lastBolusTime":1704071612530,"time":"2024-01-01T04:43:09.730Z"}},{"iob":-0.001,"basaliob":-0.006,"bolussnooze":0,"activity":0,"lastBolusTime":1704071612530,"time":"2024-01-01T04:48:09.730Z","iobWithZeroTemp":{"iob":-0.381,"basaliob":-0.386,"bolussnooze":0,"activity":-0.0041,"lastBolusTime":1704071612530,"time":"2024-01-01T04:48:09.730Z"}},{"iob":0,"basaliob":-0.005,"bolussnooze":0,"activity":0,"lastBolusTime":1704071612530,"time":"2024-01-01T04:53:09.730Z","iobWithZeroTemp":{"iob":-0.384,"basaliob":-0.389,"bolussnooze":0,"activity":-0.0042,"lastBolusTime":1704071612530,"time":"2024-01-01T04:53:09.730Z"}},{"iob":-0.001,"basaliob":-0.005,"bolussnooze":0,"activity":0,"lastBolusTime":1704071612530,"time":"2024-01-01T04:58:09.730Z","iobWithZeroTemp":{"iob":-0.389,"basaliob":-0.393,"bolussnooze":0,"activity":-0.0043,"lastBolusTime":1704071612530,"time":"2024-01-01T04:58:09.730Z"}},{"iob":0,"basaliob":-0.004,"bolussnooze":0,"activity":0,"lastBolusTime":1704071612530,"time":"2024-01-01T05:03:09.730Z","iobWithZeroTemp":{"iob":-0.392,"basaliob":-0.396,"bolussnooze":0,"activity":-0.0043,"lastBolusTime":1704071612530,"time":"2024-01-01T05:03:09.730Z"}},{"iob":-0.001,"basaliob":-0.004,"bolussnooze":0,"activity":0,"lastBolusTime":1704071612530,"time":"2024-01-01T05:08:09.730Z","iobWithZeroTemp":{"iob":-0.396,"basaliob":-0.399,"bolussnooze":0,"activity":-0.0044,"lastBolusTime":1704071612530,"time":"2024-01-01T05:08:09.730Z"}},{"iob":-0.001,"basaliob":-0.004,"bolussnooze":0,"activity":0,"lastBolusTime":1704071612530,"time":"2024-01-01T05:13:09.730Z","iobWithZeroTemp":{"iob":-0.399,"basaliob":-0.402,"bolussnooze":0,"activity":-0.0045,"lastBolusTime":1704071612530,"time":"2024-01-01T05:13:09.730Z"}},{"iob":-0.001,"basaliob":-0.003,"bolussnooze":0,"activity":0,"lastBolusTime":1704071612530,"time":"2024-01-01T05:18:09.730Z","iobWithZeroTemp":{"iob":-0.401,"basaliob":-0.403,"bolussnooze":0,"activity":-0.0045,"lastBolusTime":1704071612530,"time":"2024-01-01T05:18:09.730Z"}},{"iob":-0.001,"basaliob":-0.003,"bolussnooze":0,"activity":0,"lastBolusTime":1704071612530,"time":"2024-01-01T05:23:09.730Z","iobWithZeroTemp":{"iob":-0.404,"basaliob":-0.406,"bolussnooze":0,"activity":-0.0046,"lastBolusTime":1704071612530,"time":"2024-01-01T05:23:09.730Z"}},{"iob":-0.001,"basaliob":-0.003,"bolussnooze":0,"activity":0,"lastBolusTime":1704071612530,"time":"2024-01-01T05:28:09.730Z","iobWithZeroTemp":{"iob":-0.406,"basaliob":-0.408,"bolussnooze":0,"activity":-0.0046,"lastBolusTime":1704071612530,"time":"2024-01-01T05:28:09.730Z"}},{"iob":-0.001,"basaliob":-0.002,"bolussnooze":0,"activity":0,"lastBolusTime":1704071612530,"time":"2024-01-01T05:33:09.730Z","iobWithZeroTemp":{"iob":-0.408,"basaliob":-0.409,"bolussnooze":0,"activity":-0.0046,"lastBolusTime":1704071612530,"time":"2024-01-01T05:33:09.730Z"}},{"iob":-0.001,"basaliob":-0.002,"bolussnooze":0,"activity":0,"lastBolusTime":1704071612530,"time":"2024-01-01T05:38:09.730Z","iobWithZeroTemp":{"iob":-0.409,"basaliob":-0.41,"bolussnooze":0,"activity":-0.0047,"lastBolusTime":1704071612530,"time":"2024-01-01T05:38:09.730Z"}},{"iob":-0.001,"basaliob":-0.002,"bolussnooze":0,"activity":0,"lastBolusTime":1704071612530,"time":"2024-01-01T05:43:09.730Z","iobWithZeroTemp":{"iob":-0.411,"basaliob":-0.412,"bolussnooze":0,"activity":-0.0047,"lastBolusTime":1704071612530,"time":"2024-01-01T05:43:09.730Z"}},{"iob":-0.001,"basaliob":-0.002,"bolussnooze":0,"activity":0,"lastBolusTime":1704071612530,"time":"2024-01-01T05:48:09.730Z","iobWithZeroTemp":{"iob":-0.412,"basaliob":-0.413,"bolussnooze":0,"activity":-0.0047,"lastBolusTime":1704071612530,"time":"2024-01-01T05:48:09.730Z"}},{"iob":-0.001,"basaliob":-0.002,"bolussnooze":0,"activity":0,"lastBolusTime":1704071612530,"time":"2024-01-01T05:53:09.730Z","iobWithZeroTemp":{"iob":-0.413,"basaliob":-0.414,"bolussnooze":0,"activity":-0.0048,"lastBolusTime":1704071612530,"time":"2024-01-01T05:53:09.730Z"}},{"iob":0,"basaliob":-0.001,"bolussnooze":0,"activity":0,"lastBolusTime":1704071612530,"time":"2024-01-01T05:58:09.730Z","iobWithZeroTemp":{"iob":-0.413,"basaliob":-0.414,"bolussnooze":0,"activity":-0.0048,"lastBolusTime":1704071612530,"time":"2024-01-01T05:58:09.730Z"}},{"iob":-0.001,"basaliob":-0.001,"bolussnooze":0,"activity":0,"lastBolusTime":1704071612530,"time":"2024-01-01T06:03:09.730Z","iobWithZeroTemp":{"iob":-0.415,"basaliob":-0.415,"bolussnooze":0,"activity":-0.0048,"lastBolusTime":1704071612530,"time":"2024-01-01T06:03:09.730Z"}},{"iob":-0.001,"basaliob":-0.001,"bolussnooze":0,"activity":0,"lastBolusTime":1704071612530,"time":"2024-01-01T06:08:09.730Z","iobWithZeroTemp":{"iob":-0.416,"basaliob":-0.416,"bolussnooze":0,"activity":-0.0048,"lastBolusTime":1704071612530,"time":"2024-01-01T06:08:09.730Z"}},{"iob":-0.001,"basaliob":-0.001,"bolussnooze":0,"activity":0,"lastBolusTime":1704071612530,"time":"2024-01-01T06:13:09.730Z","iobWithZeroTemp":{"iob":-0.417,"basaliob":-0.417,"bolussnooze":0,"activity":-0.0049,"lastBolusTime":1704071612530,"time":"2024-01-01T06:13:09.730Z"}}],"profile":{"max_iob":10,"type":"current","max_daily_basal":0.35,"max_basal":0.8,"min_bg":130,"max_bg":130,"target_bg":130,"carb_ratio":8.8,"sens":120,"max_daily_safety_multiplier":3,"current_basal_safety_multiplier":4,"lgsThreshold":95,"high_temptarget_raises_sensitivity":true,"low_temptarget_lowers_sensitivity":true,"sensitivity_raises_target":true,"resistance_lowers_target":true,"adv_target_adjustments":false,"exercise_mode":false,"half_basal_exercise_target":160,"maxCOB":120,"skip_neutral_temps":false,"remainingCarbsCap":90,"enableUAM":true,"A52_risk_enable":false,"SMBInterval":6,"enableSMB_with_COB":true,"enableSMB_with_temptarget":true,"allowSMB_with_high_temptarget":false,"enableSMB_always":false,"enableSMB_after_carbs":true,"maxSMBBasalMinutes":30,"maxUAMSMBBasalMinutes":45,"bolus_increment":0.05,"carbsReqThreshold":2,"current_basal":0.2,"temptargetSet":true,"autosens_max":1.3,"autosens_min":0.7,"variable_sens":199.6,"insulinDivisor":75,"TDD":11.019217904761906},"autosens_data":{"ratio":0.8663120426457147},"meal_data":{"carbs":0,"mealCOB":0,"slopeFromMaxDeviation":0,"slopeFromMinDeviation":1.0814444444444444,"lastBolusTime":1704071612530,"lastCarbTime":0},"microBolusAllowed":true,"currentTime":1704075492869,"flatBGsDetected":false,"tdd1D":14.612499999999995,"tdd7D":16.776095238095234,"tddLast24H":14.53333333333333,"tddLast4H":0.7666666666666666,"tddLast8to4H":3.6791666666666667},"output":{"temp":"absolute","bg":95,"tick":"+2","eventualBG":99,"targetBG":130,"insulinReq":0,"deliverAt":"2024-01-01T02:18:12.869Z","sensitivityRatio":0.67,"variable_sens":199.6,"predBGs":{"IOB":[95,96,97,98,99,100,101,101,101,102,101,101,100,100,99,99,99,98,98,98,97,97,97,97,97,97,97,97,97,96],"ZT":[95,93,90,89,87,86,84,84,83,83,83,83,84,85,86,87,89,91,93,96,98,101,104,106,109,113,116,119,122,125,129],"UAM":[95,96,97,98,99,100,100,100,100,100,100,99,98,98,97,97,96,96,95,95,95,95,95,95,94]},"reason":"COB: 0, Dev: 23, BGI: -2, ISF: 200, CR: 8.8, Target: 130, minPredBG 95, minGuardBG 94, IOBpredBG 96, UAMpredBG 94; minGuardBG 94<95 100m left and 0 ~ req 0U\/hr: no temp required","COB":0,"IOB":0.094,"timestamp":"2024-01-01T02:18:12.883Z"}}