{"algorithm":"OpenAPSSMBDynamicISFPlugin","input":{"glucoseStatus":{"glucose":95,"noise":0,"delta":1.39,"short_avgdelta":1.39,"long_avgdelta":1.71,"date":1704078771000},"currenttemp":{"temp":"absolute","duration":25,"rate":0.4,"minutesrunning":5},"iob_data":[{"iob":-0.104,"basaliob":-0.147,"bolussnooze":0,"activity":-4.0E-4,"lastBolusTime":1704071612530,"time":"2024-01-01T03:13:14.577Z","iobWithZeroTemp":{"iob":-0.104,"basaliob":-0.147,"bolussnooze":0,"activity":-4.0E-4,"lastBolusTime":1704071612530,"time":"2024-01-01T03:13:14.577Z"}},{"iob":-0.102,"basaliob":-0.141,"bolussnooze":0,"activity":-6.0E-4,"lastBolusTime":1704071612530,"time":"2024-01-01T03:18:14.577Z","iobWithZeroTemp":{"iob":-0.122,"basaliob":-0.161,"bolussnooze":0,"activity":-6.0E-4,"lastBolusTime":1704071612530,"time":"2024-01-01T03:18:14.577Z"}},{"iob":-0.097,"basaliob":-0.133,"bolussnooze":0,"activity":-7.0E-4,"lastBolusTime":1704071612530,"time":"2024-01-01T03:23:14.577Z","iobWithZeroTemp":{"iob":-0.142,"basaliob":-0.178,"bolussnooze":0,"activity":-8.0E-4,"lastBolusTime":1704071612530,"time":"2024-01-01T03:23:14.577Z"}},{"iob":-0.094,"basaliob":-0.126,"bolussnooze":0,"activity":-8.0E-4,"lastBolusTime":1704071612530,"time":"2024-01-01T03:28:14.577Z","iobWithZeroTemp":{"iob":-0.163,"basaliob":-0.195,"bolussnooze":0,"activity":-0.001,"lastBolusTime":1704071612530,"time":"2024-01-01T03:28:14.577Z"}},{"iob":-0.09,"basaliob":-0.119,"bolussnooze":0,"activity":-9.0E-4,"lastBolusTime":1704071612530,"time":"2024-01-01T03:33:14.577Z","iobWithZeroTemp":{"iob":-0.183,"basaliob":-0.212,"bolussnooze":0,"activity":-0.0013,"lastBolusTime":1704071612530,"time":"2024-01-01T03:33:14.577Z"}},{"iob":-0.086,"basaliob":-0.112,"bolussnooze":0,"activity":-8.0E-4,"lastBolusTime":1704071612530,"time":"2024-01-01T03:38:14.577Z","iobWithZeroTemp":{"iob":-0.201,"basaliob":-0.227,"bolussnooze":0,"activity":-0.0013,"lastBolusTime":1704071612530,"time":"2024-01-01T03:38:14.577Z"}},{"iob":-0.082,"basaliob":-0.105,"bolussnooze":0,"activity":-9.0E-4,"lastBolusTime":1704071612530,"time":"2024-01-01T03:43:14.577Z","iobWithZeroTemp":{"iob":-0.219,"basaliob":-0.242,"bolussnooze":0,"activity":-0.0016,"lastBolusTime":1704071612530,"time":"2024-01-01T03:43:14.577Z"}},{"iob":-0.077,"basaliob":-0.098,"bolussnooze":0,"activity":-9.0E-4,"lastBolusTime":1704071612530,"time":"2024-01-01T03:48:14.577Z","iobWithZeroTemp":{"iob":-0.235,"basaliob":-0.256,"bolussnooze":0,"activity":-0.0018,"lastBolusTime":1704071612530,"time":"2024-01-01T03:48:14.577Z"}},{"iob":-0.072,"basaliob":-0.091,"bolussnooze":0,"activity":-9.0E-4,"lastBolusTime":1704071612530,"time":"2024-01-01T03:53:14.577Z","iobWithZeroTemp":{"iob":-0.25,"basaliob":-0.269,"bolussnooze":0,"activity":-0.002,"lastBolusTime":1704071612530,"time":"2024-01-01T03:53:14.577Z"}},{"iob":-0.067,"basaliob":-0.084,"bolussnooze":0,"activity":-9.0E-4,"lastBolusTime":1704071612530,"time":"2024-01-01T03:58:14.577Z","iobWithZeroTemp":{"iob":-0.264,"basaliob":-0.281,"bolussnooze":0,"activity":-0.0022,"lastBolusTime":1704071612530,"time":"2024-01-01T03:58:14.577Z"}},{"iob":-0.063,"basaliob":-0.078,"bolussnooze":0,"activity":-9.0E-4,"lastBolusTime":1704071612530,"time":"2024-01-01T04:03:14.577Z","iobWithZeroTemp":{"iob":-0.278,"basaliob":-0.293,"bolussnooze":0,"activity":-0.0025,"lastBolusTime":1704071612530,"time":"2024-01-01T04:03:14.577Z"}},{"iob":-0.058,"basaliob":-0.072,"bolussnooze":0,"activity":-8.0E-4,"lastBolusTime":1704071612530,"time":"2024-01-01T04:08:14.577Z","iobWithZeroTemp":{"iob":-0.29,"basaliob":-0.304,"bolussnooze":0,"activity":-0.0026,"lastBolusTime":1704071612530,"time":"2024-01-01T04:08:14.577Z"}},{"iob":-0.055,"basaliob":-0.067,"bolussnooze":0,"activity":-8.0E-4,"lastBolusTime":1704071612530,"time":"2024-01-01T04:13:14.577Z","iobWithZeroTemp":{"iob":-0.302,"basaliob":-0.314,"bolussnooze":0,"activity":-0.0028,"lastBolusTime":1704071612530,"time":"2024-01-01T04:13:14.577Z"}},{"iob":-0.051,"basaliob":-0.062,"bolussnooze":0,"activity":-8.0E-4,"lastBolusTime":1704071612530,"time":"2024-01-01T04:18:14.577Z","iobWithZeroTemp":{"iob":-0.313,"basaliob":-0.324,"bolussnooze":0,"activity":-0.003,"lastBolusTime":1704071612530,"time":"2024-01-01T04:18:14.577Z"}},{"iob":-0.047,"basaliob":-0.057,"bolussnooze":0,"activity":-8.0E-4,"lastBolusTime":1704071612530,"time":"2024-01-01T04:23:14.577Z","iobWithZeroTemp":{"iob":-0.323,"basaliob":-0.333,"bolussnooze":0,"activity":-0.0032,"lastBolusTime":1704071612530,"time":"2024-01-01T04:23:14.577Z"}},{"iob":-0.043,"basaliob":-0.052,"bolussnooze":0,"activity":-7.0E-4,"lastBolusTime":1704071612530,"time":"2024-01-01T04:28:14.577Z","iobWithZeroTemp":{"iob":-0.331,"basaliob":-0.34,"bolussnooze":0,"activity":-0.0033,"lastBolusTime":1704071612530,"time":"2024-01-01T04:28:14.577Z"}},{"iob":-0.04,"basaliob":-0.048,"bolussnooze":0,"activity":-6.0E-4,"lastBolusTime":1704071612530,"time":"2024-01-01T04:33:14.577Z","iobWithZeroTemp":{"iob":-0.34,"basaliob":-0.348,"bolussnooze":0,"activity":-0.0033,"lastBolusTime":1704071612530,"time":"2024-01-01T04:33:14.577Z"}},{"iob":-0.037,"basaliob":-0.044,"bolussnooze":0,"activity":-6.0E-4,"lastBolusTime":1704071612530,"time":"2024-01-01T04:38:14.577Z","iobWithZeroTemp":{"iob":-0.348,"basaliob":-0.355,"bolussnooze":0,"activity":-0.0035,"lastBolusTime":1704071612530,"time":"2024-01-01T04:38:14.577Z"}},{"iob":-0.034,"basaliob":-0.04,"bolussnooze":0,"activity":-6.0E-4,"lastBolusTime":1704071612530,"time":"2024-01-01T04:43:14.577Z","iobWithZeroTemp":{"iob":-0.355,"basaliob":-0.361,"bolussnooze":0,"activity":-0.0037,"lastBolusTime":1704071612530,"time":"2024-01-01T04:43:14.577Z"}},{"iob":-0.031,"basaliob":-0.036,"bolussnooze":0,"activity":-6.0E-4,"lastBolusTime":1704071612530,"time":"2024-01-01T04:48:14.577Z","iobWithZeroTemp":{"iob":-0.361,"basaliob":-0.366,"bolussnooze":0,"activity":-0.0038,"lastBolusTime":1704071612530,"time":"2024-01-01T04:48:14.577Z"}},{"iob":-0.028,"basaliob":-0.033,"bolussnooze":0,"activity":-5.0E-4,"lastBolusTime":1704071612530,"time":"2024-01-01T04:53:14.577Z","iobWithZeroTemp":{"iob":-0.367,"basaliob":-0.372,"bolussnooze":0,"activity":-0.0039,"lastBolusTime":1704071612530,"time":"2024-01-01T04:53:14.577Z"}},{"iob":-0.026,"basaliob":-0.03,"bolussnooze":0,"activity":-5.0E-4,"lastBolusTime":1704071612530,"time":"2024-01-01T04:58:14.577Z","iobWithZeroTemp":{"iob":-0.373,"basaliob":-0.377,"bolussnooze":0,"activity":-0.004,"lastBolusTime":1704071612530,"time":"2024-01-01T04:58:14.577Z"}},{"iob":-0.024,"basaliob":-0.027,"bolussnooze":0,"activity":-4.0E-4,"lastBolusTime":1704071612530,"time":"2024-01-01T05:03:14.577Z","iobWithZeroTemp":{"iob":-0.378,"basaliob":-0.381,"bolussnooze":0,"activity":-0.004,"lastBolusTime":1704071612530,"time":"2024-01-01T05:03:14.577Z"}},{"iob":-0.022,"basaliob":-0.025,"bolussnooze":0,"activity":-4.0E-4,"lastBolusTime":1704071612530,"time":"2024-01-01T05:08:14.577Z","iobWithZeroTemp":{"iob":-0.383,"basaliob":-0.386,"bolussnooze":0,"activity":-0.0041,"lastBolusTime":1704071612530,"time":"2024-01-01T05:08:14.577Z"}},{"iob":-0.02,"basaliob":-0.023,"bolussnooze":0,"activity":-3.0E-4,"lastBolusTime":1704071612530,"time":"2024-01-01T05:13:14.577Z","iobWithZeroTemp":{"iob":-0.387,"basaliob":-0.39,"bolussnooze":0,"activity":-0.0042,"lastBolusTime":1704071612530,"time":"2024-01-01T05:13:14.577Z"}},{"iob":-0.018,"basaliob":-0.02,"bolussnooze":0,"activity":-3.0E-4,"lastBolusTime":1704071612530,"time":"2024-01-01T05:18:14.577Z","iobWithZeroTemp":{"iob":-0.39,"basaliob":-0.392,"bolussnooze":0,"activity":-0.0043,"lastBolusTime":1704071612530,"time":"2024-01-01T05:18:14.577Z"}},{"iob":-0.016,"basaliob":-0.018,"bolussnooze":0,"activity":-3.0E-4,"lastBolusTime":1704071612530,"time":"2024-01-01T05:23:14.577Z","iobWithZeroTemp":{"iob":-0.393,"basaliob":-0.395,"bolussnooze":0,"activity":-0.0043,"lastBolusTime":1704071612530,"time":"2024-01-01T05:23:14.577Z"}},{"iob":-0.015,"basaliob":-0.017,"bolussnooze":0,"activity":-2.0E-4,"lastBolusTime":1704071612530,"time":"2024-01-01T05:28:14.577Z","iobWithZeroTemp":{"iob":-0.397,"basaliob":-0.399,"bolussnooze":0,"activity":-0.0043,"lastBolusTime":1704071612530,"time":"2024-01-01T05:28:14.577Z"}},{"iob":-0.014,"basaliob":-0.015,"bolussnooze":0,"activity":-3.0E-4,"lastBolusTime":1704071612530,"time":"2024-01-01T05:33:14.577Z","iobWithZeroTemp":{"iob":-0.4,"basaliob":-0.401,"bolussnooze":0,"activity":-0.0045,"lastBolusTime":1704071612530,"time":"2024-01-01T05:33:14.577Z"}},{"iob":-0.012,"basaliob":-0.013,"bolussnooze":0,"activity":-3.0E-4,"lastBolusTime":1704071612530,"time":"2024-01-01T05:38:14.577Z","iobWithZeroTemp":{"iob":-0.402,"basaliob":-0.403,"bolussnooze":0,"activity":-0.0046,"lastBolusTime":1704071612530,"time":"2024-01-01T05:38:14.577Z"}},{"iob":-0.011,"basaliob":-0.012,"bolussnooze":0,"activity":-3.0E-4,"lastBolusTime":1704071612530,"time":"2024-01-01T05:43:14.577Z","iobWithZeroTemp":{"iob":-0.404,"basaliob":-0.405,"bolussnooze":0,"activity":-0.0047,"lastBolusTime":1704071612530,"time":"2024-01-01T05:43:14.577Z"}},{"iob":-0.01,"basaliob":-0.011,"bolussnooze":0,"activity":-2.0E-4,"lastBolusTime":1704071612530,"time":"2024-01-01T05:48:14.577Z","iobWithZeroTemp":{"iob":-0.406,"basaliob":-0.407,"bolussnooze":0,"activity":-0.0046,"lastBolusTime":1704071612530,"time":"2024-01-01T05:48:14.577Z"}},{"iob":-0.009,"basaliob":-0.01,"bolussnooze":0,"activity":-2.0E-4,"lastBolusTime":1704071612530,"time":"2024-01-01T05:53:14.577Z","iobWithZeroTemp":{"iob":-0.408,"basaliob":-0.409,"bolussnooze":0,"activity":-0.0047,"lastBolusTime":1704071612530,"time":"2024-01-01T05:53:14.577Z"}},{"iob":-0.008,"basaliob":-0.009,"bolussnooze":0,"activity":-2.0E-4,"lastBolusTime":1704071612530,"time":"2024-01-01T05:58:14.577Z","iobWithZeroTemp":{"iob":-0.409,"basaliob":-0.41,"bolussnooze":0,"activity":-0.0047,"lastBolusTime":1704071612530,"time":"2024-01-01T05:58:14.577Z"}},{"iob":-0.008,"basaliob":-0.008,"bolussnooze":0,"activity":-2.0E-4,"lastBolusTime":1704071612530,"time":"2024-01-01T06:03:14.577Z","iobWithZeroTemp":{"iob":-0.412,"basaliob":-0.412,"bolussnooze":0,"activity":-0.0048,"lastBolusTime":1704071612530,"time":"2024-01-01T06:03:14.577Z"}},{"iob":-0.007,"basaliob":-0.007,"bolussnooze":0,"activity":-2.0E-4,"lastBolusTime":1704071612530,"time":"2024-01-01T06:08:14.577Z","iobWithZeroTemp":{"iob":-0.413,"basaliob":-0.413,"bolussnooze":0,"activity":-0.0048,"lastBolusTime":1704071612530,"time":"2024-01-01T06:08:14.577Z"}},{"iob":-0.006,"basaliob":-0.006,"bolussnooze":0,"activity":-1.0E-4,"lastBolusTime":1704071612530,"time":"2024-01-01T06:13:14.577Z","iobWithZeroTemp":{"iob":-0.413,"basaliob":-0.413,"bolussnooze":0,"activity":-0.0048,"lastBolusTime":1704071612530,"time":"2024-01-01T06:13:14.577Z"}},{"iob":-0.005,"basaliob":-0.005,"bolussnooze":0,"activity":-1.0E-4,"lastBolusTime":1704071612530,"time":"2024-01-01T06:18:14.577Z","iobWithZeroTemp":{"iob":-0.414,"basaliob":-0.414,"bolussnooze":0,"activity":-0.0048,"lastBolusTime":1704071612530,"time":"2024-01-01T06:18:14.577Z"}},{"iob":-0.005,"basaliob":-0.005,"bolussnooze":0,"activity":-1.0E-4,"lastBolusTime":1704071612530,"time":"2024-01-01T06:23:14.577Z","iobWithZeroTemp":{"iob":-0.416,"basaliob":-0.416,"bolussnooze":0,"activity":-0.0048,"lastBolusTime":1704071612530,"time":"2024-01-01T06:23:14.577Z"}},{"iob":-0.004,"basaliob":-0.004,"bolussnooze":0,"activity":-1.0E-4,"lastBolusTime":1704071612530,"time":"2024-01-01T06:28:14.577Z","iobWithZeroTemp":{"iob":-0.416,"basaliob":-0.416,"bolussnooze":0,"activity":-0.0049,"lastBolusTime":1704071612530,"time":"2024-01-01T06:28:14.577Z"}},{"iob":-0.004,"basaliob":-0.004,"bolussnooze":0,"activity":-1.0E-4,"lastBolusTime":1704071612530,"time":"2024-01-01T06:33:14.577Z","iobWithZeroTemp":{"iob":-0.417,"basaliob":-0.417,"bolussnooze":0,"activity":-0.0049,"lastBolusTime":1704071612530,"time":"2024-01-01T06:33:14.577Z"}},{"iob":-0.003,"basaliob":-0.003,"bolussnooze":0,"activity":-1.0E-4,"lastBolusTime":1704071612530,"time":"2024-01-01T06:38:14.577Z","iobWithZeroTemp":{"iob":-0.417,"basaliob":-0.417,"bolussnooze":0,"activity":-0.0049,"lastBolusTime":1704071612530,"time":"2024-01-01T06:38:14.577Z"}},{"iob":-0.003,"basaliob":-0.003,"bolussnooze":0,"activity":-1.0E-4,"lastBolusTime":1704071612530,"time":"2024-01-01T06:43:14.577Z","iobWithZeroTemp":{"iob":-0.418,"basaliob":-0.418,"bolussnooze":0,"activity":-0.0049,"lastBolusTime":1704071612530,"time":"2024-01-01T06:43:14.577Z"}},{"iob":-0.002,"basaliob":-0.002,"bolussnooze":0,"activity":-1.0E-4,"lastBolusTime":1704071612530,"time":"2024-01-01T06:48:14.577Z","iobWithZeroTemp":{"iob":-0.418,"basaliob":-0.418,"bolussnooze":0,"activity":-0.005,"lastBolusTime":1704071612530,"time":"2024-01-01T06:48:14.577Z"}},{"iob":-0.002,"basaliob":-0.002,"bolussnooze":0,"activity":-1.0E-4,"lastBolusTime":1704071612530,"time":"2024-01-01T06:53:14.577Z","iobWithZeroTemp":{"iob":-0.418,"basaliob":-0.418,"bolussnooze":0,"activity":-0.005,"lastBolusTime":1704071612530,"time":"2024-01-01T06:53:14.577Z"}},{"iob":-0.002,"basaliob":-0.002,"bolussnooze":0,"activity":-1.0E-4,"lastBolusTime":1704071612530,"time":"2024-01-01T06:58:14.577Z","iobWithZeroTemp":{"iob":-0.419,"basaliob":-0.419,"bolussnooze":0,"activity":-0.005,"lastBolusTime":1704071612530,"time":"2024-01-01T06:58:14.577Z"}},{"iob":-0.001,"basaliob":-0.001,"bolussnooze":0,"activity":0,"lastBolusTime":1704071612530,"time":"2024-01-01T07:03:14.577Z","iobWithZeroTemp":{"iob":-0.419,"basaliob":-0.419,"bolussnooze":0,"activity":-0.0049,"lastBolusTime":1704071612530,"time":"2024-01-01T07:03:14.577Z"}},{"iob":-0.001,"basaliob":-0.001,"bolussnooze":0,"activity":0,"lastBolusTime":1704071612530,"time":"2024-01-01T07:08:14.577Z","iobWithZeroTemp":{"iob":-0.419,"basaliob":-0.419,"bolussnooze":0,"activity":-0.0049,"lastBolusTime":1704071612530,"time":"2024-01-01T07:08:14.577Z"}}],"profile":{"max_iob":10,"type":"current","max_daily_basal":0.35,"max_basal":1.05,"min_bg":95,"max_bg":95,"target_bg":95,"carb_ratio":8.8,"sens":120,"max_daily_safety_multiplier":3,"current_basal_safety_multiplier":4,"lgsThreshold":95,"high_temptarget_raises_sensitivity":true,"low_temptarget_lowers_sensitivity":true,"sensitivity_raises_target":true,"resistance_lowers_target":true,"adv_target_adjustments":false,"exercise_mode":false,"half_basal_exercise_target":160,"maxCOB":120,"skip_neutral_temps":false,"remainingCarbsCap":90,"enableUAM":true,"A52_risk_enable":false,"SMBInterval":6,"enableSMB_with_COB":true,"enableSMB_with_temptarget":true,"allowSMB_with_high_temptarget":false,"enableSMB_always":false,"enableSMB_after_carbs":true,"maxSMBBasalMinutes":30,"maxUAMSMBBasalMinutes":45,"bolus_increment":0.05,"carbsReqThreshold":2,"current_basal":0.3,"temptargetSet":false,"autosens_max":1.3,"autosens_min":0.7,"variable_sens":200.1,"insulinDivisor":75,"TDD":10.994137904761903},"autosens_data":{"ratio":0.8678022583154035},"meal_data":{"carbs":0,"mealCOB":0,"slopeFromMaxDeviation":-0.423,"slopeFromMinDeviation":0.521,"lastBolusTime":1704071612530,"lastCarbTime":0},"microBolusAllowed":true,"currentTime":1704078796636,"flatBGsDetected":false,"tdd1D":14.612499999999995,"tdd7D":16.776095238095234,"tddLast24H":14.55833333333333,"tddLast4H":0.7083333333333333,"tddLast8to4H":3.7625},"output":{"temp":"absolute","bg":95,"tick":"+1","eventualBG":122,"targetBG":100,"insulinReq":0.06,"deliverAt":"2024-01-01T03:13:16.636Z","sensitivityRatio":0.8678022583154035,"variable_sens":200.1,"predBGs":{"IOB":[95,96,98,99,101,102,103,105,106,107,108,109,110,110,111,112,112,113,113,114,114,115,115,116,116,116,117,117,117,117,117,118,118,118,118,118,119,119,119,119,119,119,119,119,119,119,120],"ZT":[95,95,96,97,98,99,100],"UAM":[95,96,97,97,98,99,100,101,102,102,103,104,105,106,106,107,108,108,109,109,110,110,111,111,112,112,112,112,113,113,113,113,114,114,114,114,114,114,115]},"reason":"COB: 0, Dev: 6, BGI: 0, ISF: 200, CR: 8.8, Target: 100, minPredBG 113, minGuardBG 96, IOBpredBG 120, UAMpredBG 115; Eventual BG 122 >= 100, temp 0.40 >~ req 0.38U\/hr. ","COB":0,"IOB":-0.104,"timestamp":"2024-01-01T03:13:16.667Z"}}