{"algorithm":"OpenAPSSMBDynamicISFPlugin","input":{"glucoseStatus":{"glucose":99,"noise":0,"delta":8.39,"short_avgdelta":8.39,"long_avgdelta":5.45,"date":1704193674000},"currenttemp":{"temp":"absolute","duration":20,"rate":0.15,"minutesrunning":10},"iob_data":[{"iob":-0.271,"basaliob":-0.323,"bolussnooze":0,"activity":-0.0028,"lastBolusTime":1704180554311,"time":"2024-01-02T11:08:16.483Z","iobWithZeroTemp":{"iob":-0.271,"basaliob":-0.323,"bolussnooze":0,"activity":-0.0028,"lastBolusTime":1704180554311,"time":"2024-01-02T11:08:16.483Z"}},{"iob":-0.257,"basaliob":-0.303,"bolussnooze":0,"activity":-0.0028,"lastBolusTime":1704180554311,"time":"2024-01-02T11:13:16.483Z","iobWithZeroTemp":{"iob":-0.274,"basaliob":-0.32,"bolussnooze":0,"activity":-0.0028,"lastBolusTime":1704180554311,"time":"2024-01-02T11:13:16.483Z"}},{"iob":-0.243,"basaliob":-0.283,"bolussnooze":0,"activity":-0.0028,"lastBolusTime":1704180554311,"time":"2024-01-02T11:18:16.483Z","iobWithZeroTemp":{"iob":-0.28,"basaliob":-0.32,"bolussnooze":0,"activity":-0.0029,"lastBolusTime":1704180554311,"time":"2024-01-02T11:18:16.483Z"}},{"iob":-0.229,"basaliob":-0.264,"bolussnooze":0,"activity":-0.0028,"lastBolusTime":1704180554311,"time":"2024-01-02T11:23:16.483Z","iobWithZeroTemp":{"iob":-0.287,"basaliob":-0.322,"bolussnooze":0,"activity":-0.003,"lastBolusTime":1704180554311,"time":"2024-01-02T11:23:16.483Z"}},{"iob":-0.215,"basaliob":-0.245,"bolussnooze":0,"activity":-0.0027,"lastBolusTime":1704180554311,"time":"2024-01-02T11:28:16.483Z","iobWithZeroTemp":{"iob":-0.292,"basaliob":-0.322,"bolussnooze":0,"activity":-0.003,"lastBolusTime":1704180554311,"time":"2024-01-02T11:28:16.483Z"}},{"iob":-0.202,"basaliob":-0.228,"bolussnooze":0,"activity":-0.0027,"lastBolusTime":1704180554311,"time":"2024-01-02T11:33:16.483Z","iobWithZeroTemp":{"iob":-0.298,"basaliob":-0.324,"bolussnooze":0,"activity":-0.0031,"lastBolusTime":1704180554311,"time":"2024-01-02T11:33:16.483Z"}},{"iob":-0.188,"basaliob":-0.211,"bolussnooze":0,"activity":-0.0026,"lastBolusTime":1704180554311,"time":"2024-01-02T11:38:16.483Z","iobWithZeroTemp":{"iob":-0.302,"basaliob":-0.325,"bolussnooze":0,"activity":-0.0032,"lastBolusTime":1704180554311,"time":"2024-01-02T11:38:16.483Z"}},{"iob":-0.175,"basaliob":-0.195,"bolussnooze":0,"activity":-0.0025,"lastBolusTime":1704180554311,"time":"2024-01-02T11:43:16.483Z","iobWithZeroTemp":{"iob":-0.307,"basaliob":-0.327,"bolussnooze":0,"activity":-0.0033,"lastBolusTime":1704180554311,"time":"2024-01-02T11:43:16.483Z"}},{"iob":-0.162,"basaliob":-0.179,"bolussnooze":0,"activity":-0.0025,"lastBolusTime":1704180554311,"time":"2024-01-02T11:48:16.483Z","iobWithZeroTemp":{"iob":-0.311,"basaliob":-0.328,"bolussnooze":0,"activity":-0.0034,"lastBolusTime":1704180554311,"time":"2024-01-02T11:48:16.483Z"}},{"iob":-0.151,"basaliob":-0.165,"bolussnooze":0,"activity":-0.0023,"lastBolusTime":1704180554311,"time":"2024-01-02T11:53:16.483Z","iobWithZeroTemp":{"iob":-0.315,"basaliob":-0.329,"bolussnooze":0,"activity":-0.0034,"lastBolusTime":1704180554311,"time":"2024-01-02T11:53:16.483Z"}},{"iob":-0.139,"basaliob":-0.151,"bolussnooze":0,"activity":-0.0022,"lastBolusTime":1704180554311,"time":"2024-01-02T11:58:16.483Z","iobWithZeroTemp":{"iob":-0.318,"basaliob":-0.33,"bolussnooze":0,"activity":-0.0035,"lastBolusTime":1704180554311,"time":"2024-01-02T11:58:16.483Z"}},{"iob":-0.129,"basaliob":-0.139,"bolussnooze":0,"activity":-0.002,"lastBolusTime":1704180554311,"time":"2024-01-02T12:03:16.483Z","iobWithZeroTemp":{"iob":-0.322,"basaliob":-0.332,"bolussnooze":0,"activity":-0.0035,"lastBolusTime":1704180554311,"time":"2024-01-02T12:03:16.483Z"}},{"iob":-0.118,"basaliob":-0.127,"bolussnooze":0,"activity":-0.002,"lastBolusTime":1704180554311,"time":"2024-01-02T12:08:16.483Z","iobWithZeroTemp":{"iob":-0.324,"basaliob":-0.333,"bolussnooze":0,"activity":-0.0036,"lastBolusTime":1704180554311,"time":"2024-01-02T12:08:16.483Z"}},{"iob":-0.109,"basaliob":-0.116,"bolussnooze":0,"activity":-0.0018,"lastBolusTime":1704180554311,"time":"2024-01-02T12:13:16.483Z","iobWithZeroTemp":{"iob":-0.327,"basaliob":-0.334,"bolussnooze":0,"activity":-0.0036,"lastBolusTime":1704180554311,"time":"2024-01-02T12:13:16.483Z"}},{"iob":-0.1,"basaliob":-0.106,"bolussnooze":0,"activity":-0.0018,"lastBolusTime":1704180554311,"time":"2024-01-02T12:18:16.483Z","iobWithZeroTemp":{"iob":-0.33,"basaliob":-0.336,"bolussnooze":0,"activity":-0.0038,"lastBolusTime":1704180554311,"time":"2024-01-02T12:18:16.483Z"}},{"iob":-0.091,"basaliob":-0.096,"bolussnooze":0,"activity":-0.0016,"lastBolusTime":1704180554311,"time":"2024-01-02T12:23:16.483Z","iobWithZeroTemp":{"iob":-0.331,"basaliob":-0.336,"bolussnooze":0,"activity":-0.0037,"lastBolusTime":1704180554311,"time":"2024-01-02T12:23:16.483Z"}},{"iob":-0.083,"basaliob":-0.087,"bolussnooze":0,"activity":-0.0015,"lastBolusTime":1704180554311,"time":"2024-01-02T12:28:16.483Z","iobWithZeroTemp":{"iob":-0.333,"basaliob":-0.337,"bolussnooze":0,"activity":-0.0038,"lastBolusTime":1704180554311,"time":"2024-01-02T12:28:16.483Z"}},{"iob":-0.076,"basaliob":-0.079,"bolussnooze":0,"activity":-0.0015,"lastBolusTime":1704180554311,"time":"2024-01-02T12:33:16.483Z","iobWithZeroTemp":{"iob":-0.335,"basaliob":-0.338,"bolussnooze":0,"activity":-0.0039,"lastBolusTime":1704180554311,"time":"2024-01-02T12:33:16.483Z"}},{"iob":-0.07,"basaliob":-0.072,"bolussnooze":0,"activity":-0.0013,"lastBolusTime":1704180554311,"time":"2024-01-02T12:38:16.483Z","iobWithZeroTemp":{"iob":-0.338,"basaliob":-0.34,"bolussnooze":0,"activity":-0.0039,"lastBolusTime":1704180554311,"time":"2024-01-02T12:38:16.483Z"}},{"iob":-0.063,"basaliob":-0.065,"bolussnooze":0,"activity":-0.0012,"lastBolusTime":1704180554311,"time":"2024-01-02T12:43:16.483Z","iobWithZeroTemp":{"iob":-0.338,"basaliob":-0.34,"bolussnooze":0,"activity":-0.0039,"lastBolusTime":1704180554311,"time":"2024-01-02T12:43:16.483Z"}},{"iob":-0.058,"basaliob":-0.059,"bolussnooze":0,"activity":-0.0011,"lastBolusTime":1704180554311,"time":"2024-01-02T12:48:16.483Z","iobWithZeroTemp":{"iob":-0.34,"basaliob":-0.341,"bolussnooze":0,"activity":-0.0039,"lastBolusTime":1704180554311,"time":"2024-01-02T12:48:16.483Z"}},{"iob":-0.052,"basaliob":-0.053,"bolussnooze":0,"activity":-0.001,"lastBolusTime":1704180554311,"time":"2024-01-02T12:53:16.483Z","iobWithZeroTemp":{"iob":-0.341,"basaliob":-0.342,"bolussnooze":0,"activity":-0.0039,"lastBolusTime":1704180554311,"time":"2024-01-02T12:53:16.483Z"}},{"iob":-0.047,"basaliob":-0.048,"bolussnooze":0,"activity":-9.0E-4,"lastBolusTime":1704180554311,"time":"2024-01-02T12:58:16.483Z","iobWithZeroTemp":{"iob":-0.342,"basaliob":-0.343,"bolussnooze":0,"activity":-0.0039,"lastBolusTime":1704180554311,"time":"2024-01-02T12:58:16.483Z"}},{"iob":-0.043,"basaliob":-0.043,"bolussnooze":0,"activity":-9.0E-4,"lastBolusTime":1704180554311,"time":"2024-01-02T13:03:16.483Z","iobWithZeroTemp":{"iob":-0.352,"basaliob":-0.352,"bolussnooze":0,"activity":-0.004,"lastBolusTime":1704180554311,"time":"2024-01-02T13:03:16.483Z"}},{"iob":-0.038,"basaliob":-0.038,"bolussnooze":0,"activity":-8.0E-4,"lastBolusTime":1704180554311,"time":"2024-01-02T13:08:16.483Z","iobWithZeroTemp":{"iob":-0.36,"basaliob":-0.36,"bolussnooze":0,"activity":-0.004,"lastBolusTime":1704180554311,"time":"2024-01-02T13:08:16.483Z"}},{"iob":-0.034,"basaliob":-0.034,"bolussnooze":0,"activity":-8.0E-4,"lastBolusTime":1704180554311,"time":"2024-01-02T13:13:16.483Z","iobWithZeroTemp":{"iob":-0.369,"basaliob":-0.369,"bolussnooze":0,"activity":-0.0042,"lastBolusTime":1704180554311,"time":"2024-01-02T13:13:16.483Z"}},{"iob":-0.031,"basaliob":-0.031,"bolussnooze":0,"activity":-7.0E-4,"lastBolusTime":1704180554311,"time":"2024-01-02T13:18:16.483Z","iobWithZeroTemp":{"iob":-0.378,"basaliob":-0.378,"bolussnooze":0,"activity":-0.0042,"lastBolusTime":1704180554311,"time":"2024-01-02T13:18:16.483Z"}},{"iob":-0.027,"basaliob":-0.027,"bolussnooze":0,"activity":-6.0E-4,"lastBolusTime":1704180554311,"time":"2024-01-02T13:23:16.483Z","iobWithZeroTemp":{"iob":-0.385,"basaliob":-0.385,"bolussnooze":0,"activity":-0.0042,"lastBolusTime":1704180554311,"time":"2024-01-02T13:23:16.483Z"}},{"iob":-0.024,"basaliob":-0.024,"bolussnooze":0,"activity":-6.0E-4,"lastBolusTime":1704180554311,"time":"2024-01-02T13:28:16.483Z","iobWithZeroTemp":{"iob":-0.392,"basaliob":-0.392,"bolussnooze":0,"activity":-0.0044,"lastBolusTime":1704180554311,"time":"2024-01-02T13:28:16.483Z"}},{"iob":-0.022,"basaliob":-0.022,"bolussnooze":0,"activity":-5.0E-4,"lastBolusTime":0,"time":"2024-01-02T13:33:16.483Z","iobWithZeroTemp":{"iob":-0.401,"basaliob":-0.401,"bolussnooze":0,"activity":-0.0044,"lastBolusTime":0,"time":"2024-01-02T13:33:16.483Z"}},{"iob":-0.019,"basaliob":-0.019,"bolussnooze":0,"activity":-5.0E-4,"lastBolusTime":0,"time":"2024-01-02T13:38:16.483Z","iobWithZeroTemp":{"iob":-0.407,"basaliob":-0.407,"bolussnooze":0,"activity":-0.0045,"lastBolusTime":0,"time":"2024-01-02T13:38:16.483Z"}},{"iob":-0.017,"basaliob":-0.017,"bolussnooze":0,"activity":-4.0E-4,"lastBolusTime":0,"time":"2024-01-02T13:43:16.483Z","iobWithZeroTemp":{"iob":-0.414,"basaliob":-0.414,"bolussnooze":0,"activity":-0.0045,"lastBolusTime":0,"time":"2024-01-02T13:43:16.483Z"}},{"iob":-0.015,"basaliob":-0.015,"bolussnooze":0,"activity":-4.0E-4,"lastBolusTime":0,"time":"2024-01-02T13:48:16.483Z","iobWithZeroTemp":{"iob":-0.42,"basaliob":-0.42,"bolussnooze":0,"activity":-0.0047,"lastBolusTime":0,"time":"2024-01-02T13:48:16.483Z"}},{"iob":-0.013,"basaliob":-0.013,"bolussnooze":0,"activity":-3.0E-4,"lastBolusTime":0,"time":"2024-01-02T13:53:16.483Z","iobWithZeroTemp":{"iob":-0.425,"basaliob":-0.425,"bolussnooze":0,"activity":-0.0047,"lastBolusTime":0,"time":"2024-01-02T13:53:16.483Z"}},{"iob":-0.012,"basaliob":-0.012,"bolussnooze":0,"activity":-3.0E-4,"lastBolusTime":0,"time":"2024-01-02T13:58:16.483Z","iobWithZeroTemp":{"iob":-0.431,"basaliob":-0.431,"bolussnooze":0,"activity":-0.0048,"lastBolusTime":0,"time":"2024-01-02T13:58:16.483Z"}},{"iob":-0.01,"basaliob":-0.01,"bolussnooze":0,"activity":-3.0E-4,"lastBolusTime":0,"time":"2024-01-02T14:03:16.483Z","iobWithZeroTemp":{"iob":-0.415,"basaliob":-0.415,"bolussnooze":0,"activity":-0.0049,"lastBolusTime":0,"time":"2024-01-02T14:03:16.483Z"}},{"iob":-0.009,"basaliob":-0.009,"bolussnooze":0,"activity":-2.0E-4,"lastBolusTime":0,"time":"2024-01-02T14:08:16.483Z","iobWithZeroTemp":{"iob":-0.4,"basaliob":-0.4,"bolussnooze":0,"activity":-0.0048,"lastBolusTime":0,"time":"2024-01-02T14:08:16.483Z"}},{"iob":-0.008,"basaliob":-0.008,"bolussnooze":0,"activity":-2.0E-4,"lastBolusTime":0,"time":"2024-01-02T14:13:16.483Z","iobWithZeroTemp":{"iob":-0.384,"basaliob":-0.384,"bolussnooze":0,"activity":-0.0048,"lastBolusTime":0,"time":"2024-01-02T14:13:16.483Z"}},{"iob":-0.007,"basaliob":-0.007,"bolussnooze":0,"activity":-2.0E-4,"lastBolusTime":0,"time":"2024-01-02T14:18:16.483Z","iobWithZeroTemp":{"iob":-0.369,"basaliob":-0.369,"bolussnooze":0,"activity":-0.0047,"lastBolusTime":0,"time":"2024-01-02T14:18:16.483Z"}},{"iob":-0.006,"basaliob":-0.006,"bolussnooze":0,"activity":-2.0E-4,"lastBolusTime":0,"time":"2024-01-02T14:23:16.483Z","iobWithZeroTemp":{"iob":-0.354,"basaliob":-0.354,"bolussnooze":0,"activity":-0.0047,"lastBolusTime":0,"time":"2024-01-02T14:23:16.483Z"}},{"iob":-0.005,"basaliob":-0.005,"bolussnooze":0,"activity":-1.0E-4,"lastBolusTime":0,"time":"2024-01-02T14:28:16.483Z","iobWithZeroTemp":{"iob":-0.339,"basaliob":-0.339,"bolussnooze":0,"activity":-0.0045,"lastBolusTime":0,"time":"2024-01-02T14:28:16.483Z"}},{"iob":-0.004,"basaliob":-0.004,"bolussnooze":0,"activity":-1.0E-4,"lastBolusTime":0,"time":"2024-01-02T14:33:16.483Z","iobWithZeroTemp":{"iob":-0.325,"basaliob":-0.325,"bolussnooze":0,"activity":-0.0044,"lastBolusTime":0,"time":"2024-01-02T14:33:16.483Z"}},{"iob":-0.004,"basaliob":-0.004,"bolussnooze":0,"activity":-1.0E-4,"lastBolusTime":0,"time":"2024-01-02T14:38:16.483Z","iobWithZeroTemp":{"iob":-0.312,"basaliob":-0.312,"bolussnooze":0,"activity":-0.0043,"lastBolusTime":0,"time":"2024-01-02T14:38:16.483Z"}},{"iob":-0.003,"basaliob":-0.003,"bolussnooze":0,"activity":-1.0E-4,"lastBolusTime":0,"time":"2024-01-02T14:43:16.483Z","iobWithZeroTemp":{"iob":-0.299,"basaliob":-0.299,"bolussnooze":0,"activity":-0.0042,"lastBolusTime":0,"time":"2024-01-02T14:43:16.483Z"}},{"iob":-0.003,"basaliob":-0.003,"bolussnooze":0,"activity":-1.0E-4,"lastBolusTime":0,"time":"2024-01-02T14:48:16.483Z","iobWithZeroTemp":{"iob":-0.287,"basaliob":-0.287,"bolussnooze":0,"activity":-0.0041,"lastBolusTime":0,"time":"2024-01-02T14:48:16.483Z"}},{"iob":-0.002,"basaliob":-0.002,"bolussnooze":0,"activity":-1.0E-4,"lastBolusTime":0,"time":"2024-01-02T14:53:16.483Z","iobWithZeroTemp":{"iob":-0.275,"basaliob":-0.275,"bolussnooze":0,"activity":-0.0039,"lastBolusTime":0,"time":"2024-01-02T14:53:16.483Z"}},{"iob":-0.002,"basaliob":-0.002,"bolussnooze":0,"activity":-1.0E-4,"lastBolusTime":0,"time":"2024-01-02T14:58:16.483Z","iobWithZeroTemp":{"iob":-0.264,"basaliob":-0.264,"bolussnooze":0,"activity":-0.0038,"lastBolusTime":0,"time":"2024-01-02T14:58:16.483Z"}},{"iob":-0.002,"basaliob":-0.002,"bolussnooze":0,"activity":-1.0E-4,"lastBolusTime":0,"time":"2024-01-02T15:03:16.483Z","iobWithZeroTemp":{"iob":-0.255,"basaliob":-0.255,"bolussnooze":0,"activity":-0.0037,"lastBolusTime":0,"time":"2024-01-02T15:03:16.483Z"}}],"profile":{"max_iob":10,"type":"current","max_daily_basal":0.35,"max_basal":1,"min_bg":130,"max_bg":130,"target_bg":130,"carb_ratio":8.8,"sens":120,"max_daily_safety_multiplier":3,"current_basal_safety_multiplier":4,"lgsThreshold":95,"high_temptarget_raises_sensitivity":true,"low_temptarget_lowers_sensitivity":true,"sensitivity_raises_target":true,"resistance_lowers_target":true,"adv_target_adjustments":false,"exercise_mode":false,"half_basal_exercise_target":160,"maxCOB":120,"skip_neutral_temps":false,"remainingCarbsCap":90,"enableUAM":true,"A52_risk_enable":false,"SMBInterval":6,"enableSMB_with_COB":true,"enableSMB_with_temptarget":true,"allowSMB_with_high_temptarget":false,"enableSMB_always":false,"enableSMB_after_carbs":true,"maxSMBBasalMinutes":45,"maxUAMSMBBasalMinutes":40,"bolus_increment":0.05,"carbsReqThreshold":2,"current_basal":0.25,"temptargetSet":true,"autosens_max":1.3,"autosens_min":0.7,"variable_sens":208.4,"insulinDivisor":75,"TDD":10.261037714285715},"autosens_data":{"ratio":0.6691030157447383},"meal_data":{"carbs":15,"mealCOB":0,"slopeFromMaxDeviation":0,"slopeFromMinDeviation":1.88,"lastBolusTime":1704180554311,"lastCarbTime":1704180550076},"microBolusAllowed":true,"currentTime":1704193697078,"flatBGsDetected":false,"tdd1D":10.2375,"tdd7D":15.997785714285714,"tddLast24H":10.704166666666664,"tddLast4H":2.3708333333333336,"tddLast8to4H":1.2166666666666668},"output":{"temp":"absolute","bg":99,"tick":"+8","eventualBG":188,"targetBG":130,"insulinReq":0,"deliverAt":"2024-01-02T11:08:17.078Z","sensitivityRatio":0.67,"variable_sens":208.4,"predBGs":{"IOB":[99,107,114,121,127,133,138,142,146,150,153,155,156,158,159,161,162,163,164,165,166,167,168,168,169,170,170,171,171,172,172,172,173,173,173,173,173,174,174,174,174,174,174,174,174,174,175],"ZT":[99,102,105,108,111,114,117,119,123,126,129],"UAM":[99,107,114,120,126,130,135,138,140,143,144,146,148,149,151,152,154,155,156,157,158,159,160,160,161,161,162,163,163,164,164,164,165,165,165,165,166,166,166,166,166,166,166,166,167]},"reason":"COB: 0, Dev: 33, BGI: 3, ISF: 208, CR: 8.8, Target: 130, minPredBG 130, minGuardBG 107, IOBpredBG 175, UAMpredBG 167; Eventual BG 188 >= 130, temp 0.15 < 0.17U\/hr. ","COB":0,"IOB":-0.271,"duration":30,"rate":0.1675,"timestamp":"2024-01-02T11:08:17.091Z"}}