{"algorithm":"OpenAPSSMBDynamicISFPlugin","input":{"glucoseStatus":{"glucose":105,"noise":0,"delta":16.78,"short_avgdelta":16.78,"long_avgdelta":8.27,"date":1704111172000},"currenttemp":{"temp":"absolute","duration":25,"rate":0.35,"minutesrunning":5},"iob_data":[{"iob":-0.086,"basaliob":-0.293,"bolussnooze":9.0E-4,"activity":9.0E-4,"lastBolusTime":1704101411056,"time":"2024-01-01T12:13:19.799Z","iobWithZeroTemp":{"iob":-0.086,"basaliob":-0.293,"bolussnooze":9.0E-4,"activity":9.0E-4,"lastBolusTime":1704101411056,"time":"2024-01-01T12:13:19.799Z"}},{"iob":-0.089,"basaliob":-0.275,"bolussnooze":4.0E-4,"activity":5.0E-4,"lastBolusTime":1704101411056,"time":"2024-01-01T12:18:19.799Z","iobWithZeroTemp":{"iob":-0.106,"basaliob":-0.292,"bolussnooze":4.0E-4,"activity":5.0E-4,"lastBolusTime":1704101411056,"time":"2024-01-01T12:18:19.799Z"}},{"iob":-0.091,"basaliob":-0.258,"bolussnooze":1.0E-4,"activity":2.0E-4,"lastBolusTime":1704101411056,"time":"2024-01-01T12:23:19.799Z","iobWithZeroTemp":{"iob":-0.128,"basaliob":-0.295,"bolussnooze":1.0E-4,"activity":1.0E-4,"lastBolusTime":1704101411056,"time":"2024-01-01T12:23:19.799Z"}},{"iob":-0.091,"basaliob":-0.241,"bolussnooze":0,"activity":0,"lastBolusTime":1704101411056,"time":"2024-01-01T12:28:19.799Z","iobWithZeroTemp":{"iob":-0.149,"basaliob":-0.299,"bolussnooze":0,"activity":-2.0E-4,"lastBolusTime":1704101411056,"time":"2024-01-01T12:28:19.799Z"}},{"iob":-0.091,"basaliob":-0.225,"bolussnooze":0,"activity":-2.0E-4,"lastBolusTime":1704101411056,"time":"2024-01-01T12:33:19.799Z","iobWithZeroTemp":{"iob":-0.168,"basaliob":-0.302,"bolussnooze":0,"activity":-5.0E-4,"lastBolusTime":1704101411056,"time":"2024-01-01T12:33:19.799Z"}},{"iob":-0.09,"basaliob":-0.209,"bolussnooze":0,"activity":-4.0E-4,"lastBolusTime":1704101411056,"time":"2024-01-01T12:38:19.799Z","iobWithZeroTemp":{"iob":-0.186,"basaliob":-0.305,"bolussnooze":0,"activity":-8.0E-4,"lastBolusTime":1704101411056,"time":"2024-01-01T12:38:19.799Z"}},{"iob":-0.088,"basaliob":-0.194,"bolussnooze":0,"activity":-5.0E-4,"lastBolusTime":1704101411056,"time":"2024-01-01T12:43:19.799Z","iobWithZeroTemp":{"iob":-0.202,"basaliob":-0.308,"bolussnooze":0,"activity":-0.0011,"lastBolusTime":1704101411056,"time":"2024-01-01T12:43:19.799Z"}},{"iob":-0.084,"basaliob":-0.179,"bolussnooze":0,"activity":-6.0E-4,"lastBolusTime":1704101411056,"time":"2024-01-01T12:48:19.799Z","iobWithZeroTemp":{"iob":-0.216,"basaliob":-0.311,"bolussnooze":0,"activity":-0.0014,"lastBolusTime":1704101411056,"time":"2024-01-01T12:48:19.799Z"}},{"iob":-0.082,"basaliob":-0.166,"bolussnooze":0,"activity":-7.0E-4,"lastBolusTime":1704101411056,"time":"2024-01-01T12:53:19.799Z","iobWithZeroTemp":{"iob":-0.231,"basaliob":-0.315,"bolussnooze":0,"activity":-0.0016,"lastBolusTime":1704101411056,"time":"2024-01-01T12:53:19.799Z"}},{"iob":-0.079,"basaliob":-0.153,"bolussnooze":0,"activity":-7.0E-4,"lastBolusTime":1704101411056,"time":"2024-01-01T12:58:19.799Z","iobWithZeroTemp":{"iob":-0.243,"basaliob":-0.317,"bolussnooze":0,"activity":-0.0018,"lastBolusTime":1704101411056,"time":"2024-01-01T12:58:19.799Z"}},{"iob":-0.074,"basaliob":-0.14,"bolussnooze":0,"activity":-8.0E-4,"lastBolusTime":1704101411056,"time":"2024-01-01T13:03:19.799Z","iobWithZeroTemp":{"iob":-0.261,"basaliob":-0.327,"bolussnooze":0,"activity":-0.0021,"lastBolusTime":1704101411056,"time":"2024-01-01T13:03:19.799Z"}},{"iob":-0.071,"basaliob":-0.129,"bolussnooze":0,"activity":-7.0E-4,"lastBolusTime":1704101411056,"time":"2024-01-01T13:08:19.799Z","iobWithZeroTemp":{"iob":-0.28,"basaliob":-0.338,"bolussnooze":0,"activity":-0.0022,"lastBolusTime":1704101411056,"time":"2024-01-01T13:08:19.799Z"}},{"iob":-0.067,"basaliob":-0.118,"bolussnooze":0,"activity":-8.0E-4,"lastBolusTime":1704101411056,"time":"2024-01-01T13:13:19.799Z","iobWithZeroTemp":{"iob":-0.297,"basaliob":-0.348,"bolussnooze":0,"activity":-0.0025,"lastBolusTime":1704101411056,"time":"2024-01-01T13:13:19.799Z"}},{"iob":-0.063,"basaliob":-0.108,"bolussnooze":0,"activity":-7.0E-4,"lastBolusTime":1704101411056,"time":"2024-01-01T13:18:19.799Z","iobWithZeroTemp":{"iob":-0.313,"basaliob":-0.358,"bolussnooze":0,"activity":-0.0026,"lastBolusTime":1704101411056,"time":"2024-01-01T13:18:19.799Z"}},{"iob":-0.06,"basaliob":-0.099,"bolussnooze":0,"activity":-7.0E-4,"lastBolusTime":1704101411056,"time":"2024-01-01T13:23:19.799Z","iobWithZeroTemp":{"iob":-0.329,"basaliob":-0.368,"bolussnooze":0,"activity":-0.0029,"lastBolusTime":1704101411056,"time":"2024-01-01T13:23:19.799Z"}},{"iob":-0.056,"basaliob":-0.09,"bolussnooze":0,"activity":-8.0E-4,"lastBolusTime":1704101411056,"time":"2024-01-01T13:28:19.799Z","iobWithZeroTemp":{"iob":-0.343,"basaliob":-0.377,"bolussnooze":0,"activity":-0.0032,"lastBolusTime":1704101411056,"time":"2024-01-01T13:28:19.799Z"}},{"iob":-0.053,"basaliob":-0.082,"bolussnooze":0,"activity":-7.0E-4,"lastBolusTime":1704101411056,"time":"2024-01-01T13:33:19.799Z","iobWithZeroTemp":{"iob":-0.357,"basaliob":-0.386,"bolussnooze":0,"activity":-0.0033,"lastBolusTime":1704101411056,"time":"2024-01-01T13:33:19.799Z"}},{"iob":-0.05,"basaliob":-0.075,"bolussnooze":0,"activity":-7.0E-4,"lastBolusTime":1704101411056,"time":"2024-01-01T13:38:19.799Z","iobWithZeroTemp":{"iob":-0.369,"basaliob":-0.394,"bolussnooze":0,"activity":-0.0035,"lastBolusTime":1704101411056,"time":"2024-01-01T13:38:19.799Z"}},{"iob":-0.046,"basaliob":-0.068,"bolussnooze":0,"activity":-6.0E-4,"lastBolusTime":1704101411056,"time":"2024-01-01T13:43:19.799Z","iobWithZeroTemp":{"iob":-0.38,"basaliob":-0.402,"bolussnooze":0,"activity":-0.0036,"lastBolusTime":1704101411056,"time":"2024-01-01T13:43:19.799Z"}},{"iob":-0.042,"basaliob":-0.061,"bolussnooze":0,"activity":-6.0E-4,"lastBolusTime":1704101411056,"time":"2024-01-01T13:48:19.799Z","iobWithZeroTemp":{"iob":-0.39,"basaliob":-0.409,"bolussnooze":0,"activity":-0.0038,"lastBolusTime":1704101411056,"time":"2024-01-01T13:48:19.799Z"}},{"iob":-0.04,"basaliob":-0.056,"bolussnooze":0,"activity":-6.0E-4,"lastBolusTime":1704101411056,"time":"2024-01-01T13:53:19.799Z","iobWithZeroTemp":{"iob":-0.4,"basaliob":-0.416,"bolussnooze":0,"activity":-0.004,"lastBolusTime":1704101411056,"time":"2024-01-01T13:53:19.799Z"}},{"iob":-0.036,"basaliob":-0.05,"bolussnooze":0,"activity":-5.0E-4,"lastBolusTime":1704101411056,"time":"2024-01-01T13:58:19.799Z","iobWithZeroTemp":{"iob":-0.408,"basaliob":-0.422,"bolussnooze":0,"activity":-0.0041,"lastBolusTime":1704101411056,"time":"2024-01-01T13:58:19.799Z"}},{"iob":-0.033,"basaliob":-0.045,"bolussnooze":0,"activity":-5.0E-4,"lastBolusTime":1704101411056,"time":"2024-01-01T14:03:19.799Z","iobWithZeroTemp":{"iob":-0.395,"basaliob":-0.407,"bolussnooze":0,"activity":-0.0042,"lastBolusTime":1704101411056,"time":"2024-01-01T14:03:19.799Z"}},{"iob":-0.031,"basaliob":-0.041,"bolussnooze":0,"activity":-6.0E-4,"lastBolusTime":1704101411056,"time":"2024-01-01T14:08:19.799Z","iobWithZeroTemp":{"iob":-0.383,"basaliob":-0.393,"bolussnooze":0,"activity":-0.0044,"lastBolusTime":1704101411056,"time":"2024-01-01T14:08:19.799Z"}},{"iob":-0.029,"basaliob":-0.037,"bolussnooze":0,"activity":-5.0E-4,"lastBolusTime":1704101411056,"time":"2024-01-01T14:13:19.799Z","iobWithZeroTemp":{"iob":-0.37,"basaliob":-0.378,"bolussnooze":0,"activity":-0.0044,"lastBolusTime":1704101411056,"time":"2024-01-01T14:13:19.799Z"}},{"iob":-0.026,"basaliob":-0.033,"bolussnooze":0,"activity":-4.0E-4,"lastBolusTime":1704101411056,"time":"2024-01-01T14:18:19.799Z","iobWithZeroTemp":{"iob":-0.356,"basaliob":-0.363,"bolussnooze":0,"activity":-0.0043,"lastBolusTime":1704101411056,"time":"2024-01-01T14:18:19.799Z"}},{"iob":-0.025,"basaliob":-0.03,"bolussnooze":0,"activity":-5.0E-4,"lastBolusTime":1704101411056,"time":"2024-01-01T14:23:19.799Z","iobWithZeroTemp":{"iob":-0.344,"basaliob":-0.349,"bolussnooze":0,"activity":-0.0044,"lastBolusTime":1704101411056,"time":"2024-01-01T14:23:19.799Z"}},{"iob":-0.022,"basaliob":-0.026,"bolussnooze":0,"activity":-4.0E-4,"lastBolusTime":1704101411056,"time":"2024-01-01T14:28:19.799Z","iobWithZeroTemp":{"iob":-0.33,"basaliob":-0.334,"bolussnooze":0,"activity":-0.0042,"lastBolusTime":1704101411056,"time":"2024-01-01T14:28:19.799Z"}},{"iob":-0.02,"basaliob":-0.024,"bolussnooze":0,"activity":-3.0E-4,"lastBolusTime":1704101411056,"time":"2024-01-01T14:33:19.799Z","iobWithZeroTemp":{"iob":-0.317,"basaliob":-0.321,"bolussnooze":0,"activity":-0.0041,"lastBolusTime":1704101411056,"time":"2024-01-01T14:33:19.799Z"}},{"iob":-0.018,"basaliob":-0.021,"bolussnooze":0,"activity":-4.0E-4,"lastBolusTime":1704101411056,"time":"2024-01-01T14:38:19.799Z","iobWithZeroTemp":{"iob":-0.305,"basaliob":-0.308,"bolussnooze":0,"activity":-0.0041,"lastBolusTime":1704101411056,"time":"2024-01-01T14:38:19.799Z"}},{"iob":-0.017,"basaliob":-0.019,"bolussnooze":0,"activity":-3.0E-4,"lastBolusTime":1704101411056,"time":"2024-01-01T14:43:19.799Z","iobWithZeroTemp":{"iob":-0.294,"basaliob":-0.296,"bolussnooze":0,"activity":-0.004,"lastBolusTime":1704101411056,"time":"2024-01-01T14:43:19.799Z"}},{"iob":-0.015,"basaliob":-0.017,"bolussnooze":0,"activity":-3.0E-4,"lastBolusTime":1704101411056,"time":"2024-01-01T14:48:19.799Z","iobWithZeroTemp":{"iob":-0.282,"basaliob":-0.284,"bolussnooze":0,"activity":-0.0039,"lastBolusTime":1704101411056,"time":"2024-01-01T14:48:19.799Z"}},{"iob":-0.014,"basaliob":-0.015,"bolussnooze":0,"activity":-3.0E-4,"lastBolusTime":1704101411056,"time":"2024-01-01T14:53:19.799Z","iobWithZeroTemp":{"iob":-0.272,"basaliob":-0.273,"bolussnooze":0,"activity":-0.0038,"lastBolusTime":1704101411056,"time":"2024-01-01T14:53:19.799Z"}},{"iob":-0.012,"basaliob":-0.013,"bolussnooze":0,"activity":-2.0E-4,"lastBolusTime":1704101411056,"time":"2024-01-01T14:58:19.799Z","iobWithZeroTemp":{"iob":-0.261,"basaliob":-0.262,"bolussnooze":0,"activity":-0.0036,"lastBolusTime":1704101411056,"time":"2024-01-01T14:58:19.799Z"}},{"iob":-0.01,"basaliob":-0.011,"bolussnooze":0,"activity":-3.0E-4,"lastBolusTime":1704101411056,"time":"2024-01-01T15:03:19.799Z","iobWithZeroTemp":{"iob":-0.251,"basaliob":-0.252,"bolussnooze":0,"activity":-0.0036,"lastBolusTime":1704101411056,"time":"2024-01-01T15:03:19.799Z"}},{"iob":-0.01,"basaliob":-0.01,"bolussnooze":0,"activity":-3.0E-4,"lastBolusTime":1704101411056,"time":"2024-01-01T15:08:19.799Z","iobWithZeroTemp":{"iob":-0.243,"basaliob":-0.243,"bolussnooze":0,"activity":-0.0035,"lastBolusTime":1704101411056,"time":"2024-01-01T15:08:19.799Z"}},{"iob":-0.009,"basaliob":-0.009,"bolussnooze":0,"activity":-2.0E-4,"lastBolusTime":1704101411056,"time":"2024-01-01T15:13:19.799Z","iobWithZeroTemp":{"iob":-0.234,"basaliob":-0.234,"bolussnooze":0,"activity":-0.0033,"lastBolusTime":1704101411056,"time":"2024-01-01T15:13:19.799Z"}},{"iob":-0.008,"basaliob":-0.008,"bolussnooze":0,"activity":-2.0E-4,"lastBolusTime":1704101411056,"time":"2024-01-01T15:18:19.799Z","iobWithZeroTemp":{"iob":-0.226,"basaliob":-0.226,"bolussnooze":0,"activity":-0.0032,"lastBolusTime":1704101411056,"time":"2024-01-01T15:18:19.799Z"}},{"iob":-0.007,"basaliob":-0.007,"bolussnooze":0,"activity":-2.0E-4,"lastBolusTime":1704101411056,"time":"2024-01-01T15:23:19.799Z","iobWithZeroTemp":{"iob":-0.219,"basaliob":-0.219,"bolussnooze":0,"activity":-0.0031,"lastBolusTime":1704101411056,"time":"2024-01-01T15:23:19.799Z"}},{"iob":-0.006,"basaliob":-0.006,"bolussnooze":0,"activity":-2.0E-4,"lastBolusTime":1704101411056,"time":"2024-01-01T15:28:19.799Z","iobWithZeroTemp":{"iob":-0.212,"basaliob":-0.212,"bolussnooze":0,"activity":-0.0031,"lastBolusTime":1704101411056,"time":"2024-01-01T15:28:19.799Z"}},{"iob":-0.005,"basaliob":-0.005,"bolussnooze":0,"activity":-1.0E-4,"lastBolusTime":0,"time":"2024-01-01T15:33:19.799Z","iobWithZeroTemp":{"iob":-0.205,"basaliob":-0.205,"bolussnooze":0,"activity":-0.0029,"lastBolusTime":0,"time":"2024-01-01T15:33:19.799Z"}},{"iob":-0.004,"basaliob":-0.004,"bolussnooze":0,"activity":-1.0E-4,"lastBolusTime":0,"time":"2024-01-01T15:38:19.799Z","iobWithZeroTemp":{"iob":-0.199,"basaliob":-0.199,"bolussnooze":0,"activity":-0.0028,"lastBolusTime":0,"time":"2024-01-01T15:38:19.799Z"}},{"iob":-0.004,"basaliob":-0.004,"bolussnooze":0,"activity":-1.0E-4,"lastBolusTime":0,"time":"2024-01-01T15:43:19.799Z","iobWithZeroTemp":{"iob":-0.194,"basaliob":-0.194,"bolussnooze":0,"activity":-0.0027,"lastBolusTime":0,"time":"2024-01-01T15:43:19.799Z"}},{"iob":-0.003,"basaliob":-0.003,"bolussnooze":0,"activity":-1.0E-4,"lastBolusTime":0,"time":"2024-01-01T15:48:19.799Z","iobWithZeroTemp":{"iob":-0.188,"basaliob":-0.188,"bolussnooze":0,"activity":-0.0026,"lastBolusTime":0,"time":"2024-01-01T15:48:19.799Z"}},{"iob":-0.003,"basaliob":-0.003,"bolussnooze":0,"activity":-1.0E-4,"lastBolusTime":0,"time":"2024-01-01T15:53:19.799Z","iobWithZeroTemp":{"iob":-0.184,"basaliob":-0.184,"bolussnooze":0,"activity":-0.0026,"lastBolusTime":0,"time":"2024-01-01T15:53:19.799Z"}},{"iob":-0.002,"basaliob":-0.002,"bolussnooze":0,"activity":-1.0E-4,"lastBolusTime":0,"time":"2024-01-01T15:58:19.799Z","iobWithZeroTemp":{"iob":-0.179,"basaliob":-0.179,"bolussnooze":0,"activity":-0.0025,"lastBolusTime":0,"time":"2024-01-01T15:58:19.799Z"}},{"iob":-0.002,"basaliob":-0.002,"bolussnooze":0,"activity":-1.0E-4,"lastBolusTime":0,"time":"2024-01-01T16:03:19.799Z","iobWithZeroTemp":{"iob":-0.176,"basaliob":-0.176,"bolussnooze":0,"activity":-0.0024,"lastBolusTime":0,"time":"2024-01-01T16:03:19.799Z"}},{"iob":-0.002,"basaliob":-0.002,"bolussnooze":0,"activity":-1.0E-4,"lastBolusTime":0,"time":"2024-01-01T16:08:19.799Z","iobWithZeroTemp":{"iob":-0.173,"basaliob":-0.173,"bolussnooze":0,"activity":-0.0024,"lastBolusTime":0,"time":"2024-01-01T16:08:19.799Z"}}],"profile":{"max_iob":10,"type":"current","max_daily_basal":0.35,"max_basal":1,"min_bg":90,"max_bg":90,"target_bg":90,"carb_ratio":8.8,"sens":120,"max_daily_safety_multiplier":3,"current_basal_safety_multiplier":4,"lgsThreshold":95,"high_temptarget_raises_sensitivity":true,"low_temptarget_lowers_sensitivity":true,"sensitivity_raises_target":true,"resistance_lowers_target":true,"adv_target_adjustments":false,"exercise_mode":false,"half_basal_exercise_target":160,"maxCOB":120,"skip_neutral_temps":false,"remainingCarbsCap":90,"enableUAM":true,"A52_risk_enable":false,"SMBInterval":6,"enableSMB_with_COB":false,"enableSMB_with_temptarget":false,"allowSMB_with_high_temptarget":false,"enableSMB_always":false,"enableSMB_after_carbs":true,"maxSMBBasalMinutes":30,"maxUAMSMBBasalMinutes":40,"bolus_increment":0.05,"carbsReqThreshold":2,"current_basal":0.25,"temptargetSet":false,"autosens_max":1.3,"autosens_min":0.7,"variable_sens":176.5,"insulinDivisor":75,"TDD":11.648197904761904},"autosens_data":{"ratio":0.6576818488892926},"meal_data":{"carbs":23,"mealCOB":5.587199999999997,"slopeFromMaxDeviation":0,"slopeFromMinDeviation":1.5982500000000002,"lastBolusTime":1704101411056,"lastCarbTime":1704108949000},"microBolusAllowed":true,"currentTime":1704111201716,"flatBGsDetected":false,"tdd1D":14.612499999999995,"tdd7D":16.776095238095234,"tddLast24H":11.033333333333331,"tddLast4H":2.5375,"tddLast8to4H":0.8708333333333333},"output":{"temp":"absolute","bg":105,"tick":"+17","eventualBG":394,"targetBG":106,"insulinReq":0.66,"deliverAt":"2024-01-01T12:13:21.716Z","sensitivityRatio":0.6576818488892926,"variable_sens":176.5,"predBGs":{"IOB":[105,120,135,148,159,170,179,187,193,198,201,203,203,204,204,205,205,205,206,206,207,207,207,207,208,208,208,209,209,209,209,209,210,210,210,210,210,210,210,211],"ZT":[105,104,104,104,104,104,105,106],"COB":[105,120,135,148,160,171,181,189,196,202,206,209,211,212,212,213,214,214,215,215,216,217,217,217,218,218,219,219,220,220,220,220,221,221,221,221,222,222,222,222,222,222,223],"UAM":[105,121,137,153,169,184,198,213,226,239,252,264,276,287,297,307,317,326,334,342,349,356,362,367,372,377,381,384,387,389,391,392,393,393,393,393,393,393,393,393,394]},"reason":"COB: 5.6, Dev: 105, BGI: -1, ISF: 177, CR: 8.8, Target: 106, minPredBG 223, minGuardBG 121, IOBpredBG 211, COBpredBG 223, UAMpredBG 394; Eventual BG 394 >= 106,  insulinReq 0.66; maxBolus 0.1. Microbolusing 0.1U. adj. req. rate: 1.48 to maxSafeBasal: 1, temp 0.35 < 1U\/hr. ","COB":5.587199999999997,"IOB":-0.086,"units":0.1,"duration":30,"rate":1,"timestamp":"2024-01-01T12:13:21.747Z"}}