{"algorithm":"OpenAPSSMBDynamicISFPlugin","input":{"glucoseStatus":{"glucose":92,"noise":0,"delta":1.89,"short_avgdelta":1.89,"long_avgdelta":0.49,"date":1704149874000},"currenttemp":{"temp":"absolute","duration":25,"rate":0.15,"minutesrunning":5},"iob_data":[{"iob":-0.093,"basaliob":-0.225,"bolussnooze":0,"activity":1.0E-4,"lastBolusTime":1704145399020,"time":"2024-01-01T22:58:19.702Z","iobWithZeroTemp":{"iob":-0.093,"basaliob":-0.225,"bolussnooze":0,"activity":1.0E-4,"lastBolusTime":1704145399020,"time":"2024-01-01T22:58:19.702Z"}},{"iob":-0.093,"basaliob":-0.213,"bolussnooze":0,"activity":-1.0E-4,"lastBolusTime":1704145399020,"time":"2024-01-01T23:03:19.702Z","iobWithZeroTemp":{"iob":-0.11,"basaliob":-0.23,"bolussnooze":0,"activity":-1.0E-4,"lastBolusTime":1704145399020,"time":"2024-01-01T23:03:19.702Z"}},{"iob":-0.093,"basaliob":-0.201,"bolussnooze":0,"activity":-2.0E-4,"lastBolusTime":1704145399020,"time":"2024-01-01T23:08:19.702Z","iobWithZeroTemp":{"iob":-0.13,"basaliob":-0.238,"bolussnooze":0,"activity":-3.0E-4,"lastBolusTime":1704145399020,"time":"2024-01-01T23:08:19.702Z"}},{"iob":-0.091,"basaliob":-0.189,"bolussnooze":0,"activity":-4.0E-4,"lastBolusTime":1704145399020,"time":"2024-01-01T23:13:19.702Z","iobWithZeroTemp":{"iob":-0.149,"basaliob":-0.247,"bolussnooze":0,"activity":-6.0E-4,"lastBolusTime":1704145399020,"time":"2024-01-01T23:13:19.702Z"}},{"iob":-0.089,"basaliob":-0.177,"bolussnooze":0,"activity":-6.0E-4,"lastBolusTime":1704145399020,"time":"2024-01-01T23:18:19.702Z","iobWithZeroTemp":{"iob":-0.166,"basaliob":-0.254,"bolussnooze":0,"activity":-9.0E-4,"lastBolusTime":1704145399020,"time":"2024-01-01T23:18:19.702Z"}},{"iob":-0.086,"basaliob":-0.166,"bolussnooze":0,"activity":-6.0E-4,"lastBolusTime":1704145399020,"time":"2024-01-01T23:23:19.702Z","iobWithZeroTemp":{"iob":-0.182,"basaliob":-0.262,"bolussnooze":0,"activity":-0.001,"lastBolusTime":1704145399020,"time":"2024-01-01T23:23:19.702Z"}},{"iob":-0.082,"basaliob":-0.154,"bolussnooze":0,"activity":-7.0E-4,"lastBolusTime":1704145399020,"time":"2024-01-01T23:28:19.702Z","iobWithZeroTemp":{"iob":-0.196,"basaliob":-0.268,"bolussnooze":0,"activity":-0.0013,"lastBolusTime":1704145399020,"time":"2024-01-01T23:28:19.702Z"}},{"iob":-0.078,"basaliob":-0.143,"bolussnooze":0,"activity":-7.0E-4,"lastBolusTime":1704145399020,"time":"2024-01-01T23:33:19.702Z","iobWithZeroTemp":{"iob":-0.21,"basaliob":-0.275,"bolussnooze":0,"activity":-0.0015,"lastBolusTime":1704145399020,"time":"2024-01-01T23:33:19.702Z"}},{"iob":-0.075,"basaliob":-0.133,"bolussnooze":0,"activity":-7.0E-4,"lastBolusTime":1704145399020,"time":"2024-01-01T23:38:19.702Z","iobWithZeroTemp":{"iob":-0.224,"basaliob":-0.282,"bolussnooze":0,"activity":-0.0016,"lastBolusTime":1704145399020,"time":"2024-01-01T23:38:19.702Z"}},{"iob":-0.071,"basaliob":-0.123,"bolussnooze":0,"activity":-8.0E-4,"lastBolusTime":1704145399020,"time":"2024-01-01T23:43:19.702Z","iobWithZeroTemp":{"iob":-0.235,"basaliob":-0.287,"bolussnooze":0,"activity":-0.0019,"lastBolusTime":1704145399020,"time":"2024-01-01T23:43:19.702Z"}},{"iob":-0.068,"basaliob":-0.114,"bolussnooze":0,"activity":-8.0E-4,"lastBolusTime":1704145399020,"time":"2024-01-01T23:48:19.702Z","iobWithZeroTemp":{"iob":-0.247,"basaliob":-0.293,"bolussnooze":0,"activity":-0.0021,"lastBolusTime":1704145399020,"time":"2024-01-01T23:48:19.702Z"}},{"iob":-0.064,"basaliob":-0.105,"bolussnooze":0,"activity":-8.0E-4,"lastBolusTime":1704145399020,"time":"2024-01-01T23:53:19.702Z","iobWithZeroTemp":{"iob":-0.257,"basaliob":-0.298,"bolussnooze":0,"activity":-0.0023,"lastBolusTime":1704145399020,"time":"2024-01-01T23:53:19.702Z"}},{"iob":-0.059,"basaliob":-0.096,"bolussnooze":0,"activity":-7.0E-4,"lastBolusTime":1704145399020,"time":"2024-01-01T23:58:19.702Z","iobWithZeroTemp":{"iob":-0.265,"basaliob":-0.302,"bolussnooze":0,"activity":-0.0023,"lastBolusTime":1704145399020,"time":"2024-01-01T23:58:19.702Z"}},{"iob":-0.055,"basaliob":-0.088,"bolussnooze":0,"activity":-7.0E-4,"lastBolusTime":1704145399020,"time":"2024-01-02T00:03:19.702Z","iobWithZeroTemp":{"iob":-0.269,"basaliob":-0.302,"bolussnooze":0,"activity":-0.0025,"lastBolusTime":1704145399020,"time":"2024-01-02T00:03:19.702Z"}},{"iob":-0.052,"basaliob":-0.081,"bolussnooze":0,"activity":-7.0E-4,"lastBolusTime":1704145399020,"time":"2024-01-02T00:08:19.702Z","iobWithZeroTemp":{"iob":-0.274,"basaliob":-0.303,"bolussnooze":0,"activity":-0.0027,"lastBolusTime":1704145399020,"time":"2024-01-02T00:08:19.702Z"}},{"iob":-0.048,"basaliob":-0.074,"bolussnooze":0,"activity":-7.0E-4,"lastBolusTime":1704145399020,"time":"2024-01-02T00:13:19.702Z","iobWithZeroTemp":{"iob":-0.276,"basaliob":-0.302,"bolussnooze":0,"activity":-0.0028,"lastBolusTime":1704145399020,"time":"2024-01-02T00:13:19.702Z"}},{"iob":-0.045,"basaliob":-0.068,"bolussnooze":0,"activity":-6.0E-4,"lastBolusTime":1704145399020,"time":"2024-01-02T00:18:19.702Z","iobWithZeroTemp":{"iob":-0.279,"basaliob":-0.302,"bolussnooze":0,"activity":-0.0028,"lastBolusTime":1704145399020,"time":"2024-01-02T00:18:19.702Z"}},{"iob":-0.042,"basaliob":-0.062,"bolussnooze":0,"activity":-7.0E-4,"lastBolusTime":1704145399020,"time":"2024-01-02T00:23:19.702Z","iobWithZeroTemp":{"iob":-0.281,"basaliob":-0.301,"bolussnooze":0,"activity":-0.003,"lastBolusTime":1704145399020,"time":"2024-01-02T00:23:19.702Z"}},{"iob":-0.038,"basaliob":-0.056,"bolussnooze":0,"activity":-7.0E-4,"lastBolusTime":1704145399020,"time":"2024-01-02T00:28:19.702Z","iobWithZeroTemp":{"iob":-0.282,"basaliob":-0.3,"bolussnooze":0,"activity":-0.0031,"lastBolusTime":1704145399020,"time":"2024-01-02T00:28:19.702Z"}},{"iob":-0.035,"basaliob":-0.051,"bolussnooze":0,"activity":-6.0E-4,"lastBolusTime":1704145399020,"time":"2024-01-02T00:33:19.702Z","iobWithZeroTemp":{"iob":-0.284,"basaliob":-0.3,"bolussnooze":0,"activity":-0.0031,"lastBolusTime":1704145399020,"time":"2024-01-02T00:33:19.702Z"}},{"iob":-0.032,"basaliob":-0.046,"bolussnooze":0,"activity":-5.0E-4,"lastBolusTime":1704145399020,"time":"2024-01-02T00:38:19.702Z","iobWithZeroTemp":{"iob":-0.284,"basaliob":-0.298,"bolussnooze":0,"activity":-0.0031,"lastBolusTime":1704145399020,"time":"2024-01-02T00:38:19.702Z"}},{"iob":-0.03,"basaliob":-0.042,"bolussnooze":0,"activity":-5.0E-4,"lastBolusTime":1704145399020,"time":"2024-01-02T00:43:19.702Z","iobWithZeroTemp":{"iob":-0.286,"basaliob":-0.298,"bolussnooze":0,"activity":-0.0032,"lastBolusTime":1704145399020,"time":"2024-01-02T00:43:19.702Z"}},{"iob":-0.027,"basaliob":-0.038,"bolussnooze":0,"activity":-5.0E-4,"lastBolusTime":1704145399020,"time":"2024-01-02T00:48:19.702Z","iobWithZeroTemp":{"iob":-0.286,"basaliob":-0.297,"bolussnooze":0,"activity":-0.0033,"lastBolusTime":1704145399020,"time":"2024-01-02T00:48:19.702Z"}},{"iob":-0.024,"basaliob":-0.034,"bolussnooze":0,"activity":-5.0E-4,"lastBolusTime":1704145399020,"time":"2024-01-02T00:53:19.702Z","iobWithZeroTemp":{"iob":-0.286,"basaliob":-0.296,"bolussnooze":0,"activity":-0.0033,"lastBolusTime":1704145399020,"time":"2024-01-02T00:53:19.702Z"}},{"iob":-0.022,"basaliob":-0.031,"bolussnooze":0,"activity":-4.0E-4,"lastBolusTime":1704145399020,"time":"2024-01-02T00:58:19.702Z","iobWithZeroTemp":{"iob":-0.286,"basaliob":-0.295,"bolussnooze":0,"activity":-0.0033,"lastBolusTime":1704145399020,"time":"2024-01-02T00:58:19.702Z"}},{"iob":-0.02,"basaliob":-0.028,"bolussnooze":0,"activity":-4.0E-4,"lastBolusTime":1704145399020,"time":"2024-01-02T01:03:19.702Z","iobWithZeroTemp":{"iob":-0.282,"basaliob":-0.29,"bolussnooze":0,"activity":-0.0033,"lastBolusTime":1704145399020,"time":"2024-01-02T01:03:19.702Z"}},{"iob":-0.018,"basaliob":-0.025,"bolussnooze":0,"activity":-3.0E-4,"lastBolusTime":1704145399020,"time":"2024-01-02T01:08:19.702Z","iobWithZeroTemp":{"iob":-0.278,"basaliob":-0.285,"bolussnooze":0,"activity":-0.0033,"lastBolusTime":1704145399020,"time":"2024-01-02T01:08:19.702Z"}},{"iob":-0.016,"basaliob":-0.022,"bolussnooze":0,"activity":-3.0E-4,"lastBolusTime":1704145399020,"time":"2024-01-02T01:13:19.702Z","iobWithZeroTemp":{"iob":-0.274,"basaliob":-0.28,"bolussnooze":0,"activity":-0.0033,"lastBolusTime":1704145399020,"time":"2024-01-02T01:13:19.702Z"}},{"iob":-0.015,"basaliob":-0.02,"bolussnooze":0,"activity":-3.0E-4,"lastBolusTime":1704145399020,"time":"2024-01-02T01:18:19.702Z","iobWithZeroTemp":{"iob":-0.27,"basaliob":-0.275,"bolussnooze":0,"activity":-0.0033,"lastBolusTime":1704145399020,"time":"2024-01-02T01:18:19.702Z"}},{"iob":-0.014,"basaliob":-0.018,"bolussnooze":0,"activity":-3.0E-4,"lastBolusTime":1704145399020,"time":"2024-01-02T01:23:19.702Z","iobWithZeroTemp":{"iob":-0.267,"basaliob":-0.271,"bolussnooze":0,"activity":-0.0033,"lastBolusTime":1704145399020,"time":"2024-01-02T01:23:19.702Z"}},{"iob":-0.012,"basaliob":-0.016,"bolussnooze":0,"activity":-3.0E-4,"lastBolusTime":1704145399020,"time":"2024-01-02T01:28:19.702Z","iobWithZeroTemp":{"iob":-0.262,"basaliob":-0.266,"bolussnooze":0,"activity":-0.0033,"lastBolusTime":1704145399020,"time":"2024-01-02T01:28:19.702Z"}},{"iob":-0.011,"basaliob":-0.014,"bolussnooze":0,"activity":-2.0E-4,"lastBolusTime":1704145399020,"time":"2024-01-02T01:33:19.702Z","iobWithZeroTemp":{"iob":-0.259,"basaliob":-0.262,"bolussnooze":0,"activity":-0.0032,"lastBolusTime":1704145399020,"time":"2024-01-02T01:33:19.702Z"}},{"iob":-0.01,"basaliob":-0.013,"bolussnooze":0,"activity":-2.0E-4,"lastBolusTime":1704145399020,"time":"2024-01-02T01:38:19.702Z","iobWithZeroTemp":{"iob":-0.256,"basaliob":-0.259,"bolussnooze":0,"activity":-0.0032,"lastBolusTime":1704145399020,"time":"2024-01-02T01:38:19.702Z"}},{"iob":-0.009,"basaliob":-0.011,"bolussnooze":0,"activity":-2.0E-4,"lastBolusTime":1704145399020,"time":"2024-01-02T01:43:19.702Z","iobWithZeroTemp":{"iob":-0.252,"basaliob":-0.254,"bolussnooze":0,"activity":-0.0032,"lastBolusTime":1704145399020,"time":"2024-01-02T01:43:19.702Z"}},{"iob":-0.008,"basaliob":-0.01,"bolussnooze":0,"activity":-1.0E-4,"lastBolusTime":1704145399020,"time":"2024-01-02T01:48:19.702Z","iobWithZeroTemp":{"iob":-0.249,"basaliob":-0.251,"bolussnooze":0,"activity":-0.003,"lastBolusTime":1704145399020,"time":"2024-01-02T01:48:19.702Z"}},{"iob":-0.007,"basaliob":-0.009,"bolussnooze":0,"activity":-1.0E-4,"lastBolusTime":1704145399020,"time":"2024-01-02T01:53:19.702Z","iobWithZeroTemp":{"iob":-0.246,"basaliob":-0.248,"bolussnooze":0,"activity":-0.003,"lastBolusTime":1704145399020,"time":"2024-01-02T01:53:19.702Z"}},{"iob":-0.006,"basaliob":-0.008,"bolussnooze":0,"activity":-1.0E-4,"lastBolusTime":1704145399020,"time":"2024-01-02T01:58:19.702Z","iobWithZeroTemp":{"iob":-0.243,"basaliob":-0.245,"bolussnooze":0,"activity":-0.003,"lastBolusTime":1704145399020,"time":"2024-01-02T01:58:19.702Z"}},{"iob":-0.006,"basaliob":-0.007,"bolussnooze":0,"activity":-2.0E-4,"lastBolusTime":1704145399020,"time":"2024-01-02T02:03:19.702Z","iobWithZeroTemp":{"iob":-0.245,"basaliob":-0.246,"bolussnooze":0,"activity":-0.0031,"lastBolusTime":1704145399020,"time":"2024-01-02T02:03:19.702Z"}},{"iob":-0.005,"basaliob":-0.006,"bolussnooze":0,"activity":-2.0E-4,"lastBolusTime":1704145399020,"time":"2024-01-02T02:08:19.702Z","iobWithZeroTemp":{"iob":-0.246,"basaliob":-0.247,"bolussnooze":0,"activity":-0.0031,"lastBolusTime":1704145399020,"time":"2024-01-02T02:08:19.702Z"}},{"iob":-0.004,"basaliob":-0.005,"bolussnooze":0,"activity":-1.0E-4,"lastBolusTime":1704145399020,"time":"2024-01-02T02:13:19.702Z","iobWithZeroTemp":{"iob":-0.247,"basaliob":-0.248,"bolussnooze":0,"activity":-0.003,"lastBolusTime":1704145399020,"time":"2024-01-02T02:13:19.702Z"}},{"iob":-0.004,"basaliob":-0.005,"bolussnooze":0,"activity":-1.0E-4,"lastBolusTime":1704145399020,"time":"2024-01-02T02:18:19.702Z","iobWithZeroTemp":{"iob":-0.25,"basaliob":-0.251,"bolussnooze":0,"activity":-0.003,"lastBolusTime":1704145399020,"time":"2024-01-02T02:18:19.702Z"}},{"iob":-0.003,"basaliob":-0.004,"bolussnooze":0,"activity":-1.0E-4,"lastBolusTime":1704145399020,"time":"2024-01-02T02:23:19.702Z","iobWithZeroTemp":{"iob":-0.251,"basaliob":-0.252,"bolussnooze":0,"activity":-0.003,"lastBolusTime":1704145399020,"time":"2024-01-02T02:23:19.702Z"}},{"iob":-0.003,"basaliob":-0.004,"bolussnooze":0,"activity":-1.0E-4,"lastBolusTime":1704145399020,"time":"2024-01-02T02:28:19.702Z","iobWithZeroTemp":{"iob":-0.253,"basaliob":-0.254,"bolussnooze":0,"activity":-0.003,"lastBolusTime":1704145399020,"time":"2024-01-02T02:28:19.702Z"}},{"iob":-0.003,"basaliob":-0.003,"bolussnooze":0,"activity":-1.0E-4,"lastBolusTime":1704145399020,"time":"2024-01-02T02:33:19.702Z","iobWithZeroTemp":{"iob":-0.255,"basaliob":-0.255,"bolussnooze":0,"activity":-0.003,"lastBolusTime":1704145399020,"time":"2024-01-02T02:33:19.702Z"}},{"iob":-0.003,"basaliob":-0.003,"bolussnooze":0,"activity":-1.0E-4,"lastBolusTime":1704145399020,"time":"2024-01-02T02:38:19.702Z","iobWithZeroTemp":{"iob":-0.257,"basaliob":-0.257,"bolussnooze":0,"activity":-0.003,"lastBolusTime":1704145399020,"time":"2024-01-02T02:38:19.702Z"}},{"iob":-0.002,"basaliob":-0.002,"bolussnooze":0,"activity":-1.0E-4,"lastBolusTime":1704145399020,"time":"2024-01-02T02:43:19.702Z","iobWithZeroTemp":{"iob":-0.258,"basaliob":-0.258,"bolussnooze":0,"activity":-0.0031,"lastBolusTime":1704145399020,"time":"2024-01-02T02:43:19.702Z"}},{"iob":-0.002,"basaliob":-0.002,"bolussnooze":0,"activity":-1.0E-4,"lastBolusTime":1704145399020,"time":"2024-01-02T02:48:19.702Z","iobWithZeroTemp":{"iob":-0.26,"basaliob":-0.26,"bolussnooze":0,"activity":-0.0031,"lastBolusTime":1704145399020,"time":"2024-01-02T02:48:19.702Z"}},{"iob":-0.002,"basaliob":-0.002,"bolussnooze":0,"activity":-1.0E-4,"lastBolusTime":1704145399020,"time":"2024-01-02T02:53:19.702Z","iobWithZeroTemp":{"iob":-0.262,"basaliob":-0.262,"bolussnooze":0,"activity":-0.0031,"lastBolusTime":1704145399020,"time":"2024-01-02T02:53:19.702Z"}}],"profile":{"max_iob":10,"type":"current","max_daily_basal":0.35,"max_basal":1,"min_bg":90,"max_bg":90,"target_bg":90,"carb_ratio":8.8,"sens":120,"max_daily_safety_multiplier":3,"current_basal_safety_multiplier":4,"lgsThreshold":95,"high_temptarget_raises_sensitivity":true,"low_temptarget_lowers_sensitivity":true,"sensitivity_raises_target":true,"resistance_lowers_target":true,"adv_target_adjustments":false,"exercise_mode":false,"half_basal_exercise_target":160,"maxCOB":120,"skip_neutral_temps":false,"remainingCarbsCap":90,"enableUAM":true,"A52_risk_enable":false,"SMBInterval":6,"enableSMB_with_COB":true,"enableSMB_with_temptarget":false,"allowSMB_with_high_temptarget":false,"enableSMB_always":false,"enableSMB_after_carbs":true,"maxSMBBasalMinutes":45,"maxUAMSMBBasalMinutes":40,"bolus_increment":0.05,"carbsReqThreshold":2,"current_basal":0.25,"temptargetSet":false,"autosens_max":1.3,"autosens_min":0.7,"variable_sens":205.4,"insulinDivisor":75,"TDD":10.948597904761904},"autosens_data":{"ratio":0.6094982089026905},"meal_data":{"carbs":10,"mealCOB":0,"slopeFromMaxDeviation":0,"slopeFromMinDeviation":0.6594,"lastBolusTime":1704145399020,"lastCarbTime":1704135232393},"microBolusAllowed":true,"currentTime":1704149901521,"flatBGsDetected":false,"tdd1D":14.612499999999995,"tdd7D":16.776095238095234,"tddLast24H":10.225,"tddLast4H":1.3708333333333331,"tddLast8to4H":2.1208333333333336},"output":{"temp":"absolute","bg":92,"tick":"+2","eventualBG":123,"targetBG":109,"insulinReq":0,"deliverAt":"2024-01-01T22:58:21.521Z","sensitivityRatio":0.6094982089026905,"variable_sens":205.4,"predBGs":{"IOB":[92,94,96,97,99,101,102,104,105,106,107,108,109,110,110,111,112,112,113,113,114,114,115,115,116,116,116,117,117,117,117,118,118,118,118,118,118,118,119],"ZT":[92,92,92,92,93,94,95,96,98,99,101,103,105,107],"UAM":[92,94,95,97,98,100,101,102,103,104,105,105,106,107,107,108,109,109,110,111,111,112,112,112,113,113,114,114,114,114,115,115,115,115,116,116,116,116,116,116,116,116,116,116,117]},"reason":"COB: 0, Dev: 12, BGI: 0, ISF: 205, CR: 8.8, Target: 109, minPredBG 99, minGuardBG 94, IOBpredBG 119, UAMpredBG 117; IOB -0.093 < -0.08 and minDelta 2 > expectedDelta -1; 123-99 in range: no temp required; setting current basal of 0.15 as temp.  25m left and 0.15 ~ req 0.15237455222567262U\/hr: no temp required","COB":0,"IOB":-0.093,"timestamp":"2024-01-01T22:58:21.549Z"}}