{"algorithm":"OpenAPSSMBDynamicISFPlugin","input":{"glucoseStatus":{"glucose":64,"noise":0,"delta":1,"short_avgdelta":1,"long_avgdelta":2.8,"date":1704276477000},"currenttemp":{"temp":"absolute","duration":25,"rate":0.15,"minutesrunning":5},"iob_data":[{"iob":-0.122,"basaliob":-0.377,"bolussnooze":0.0075,"activity":6.0E-4,"lastBolusTime":1704268197141,"time":"2024-01-03T10:08:24.538Z","iobWithZeroTemp":{"iob":-0.122,"basaliob":-0.377,"bolussnooze":0.0075,"activity":6.0E-4,"lastBolusTime":1704268197141,"time":"2024-01-03T10:08:24.538Z"}},{"iob":-0.124,"basaliob":-0.355,"bolussnooze":0.0052,"activity":2.0E-4,"lastBolusTime":1704268197141,"time":"2024-01-03T10:13:24.538Z","iobWithZeroTemp":{"iob":-0.141,"basaliob":-0.372,"bolussnooze":0.0052,"activity":2.0E-4,"lastBolusTime":1704268197141,"time":"2024-01-03T10:13:24.538Z"}},{"iob":-0.124,"basaliob":-0.333,"bolussnooze":0.0035,"activity":-1.0E-4,"lastBolusTime":1704268197141,"time":"2024-01-03T10:18:24.538Z","iobWithZeroTemp":{"iob":-0.161,"basaliob":-0.37,"bolussnooze":0.0035,"activity":-2.0E-4,"lastBolusTime":1704268197141,"time":"2024-01-03T10:18:24.538Z"}},{"iob":-0.123,"basaliob":-0.312,"bolussnooze":0.0022,"activity":-3.0E-4,"lastBolusTime":1704268197141,"time":"2024-01-03T10:23:24.538Z","iobWithZeroTemp":{"iob":-0.181,"basaliob":-0.37,"bolussnooze":0.0022,"activity":-5.0E-4,"lastBolusTime":1704268197141,"time":"2024-01-03T10:23:24.538Z"}},{"iob":-0.121,"basaliob":-0.291,"bolussnooze":0.0013,"activity":-6.0E-4,"lastBolusTime":1704268197141,"time":"2024-01-03T10:28:24.538Z","iobWithZeroTemp":{"iob":-0.198,"basaliob":-0.368,"bolussnooze":0.0013,"activity":-9.0E-4,"lastBolusTime":1704268197141,"time":"2024-01-03T10:28:24.538Z"}},{"iob":-0.118,"basaliob":-0.271,"bolussnooze":7.0E-4,"activity":-7.0E-4,"lastBolusTime":1704268197141,"time":"2024-01-03T10:33:24.538Z","iobWithZeroTemp":{"iob":-0.214,"basaliob":-0.367,"bolussnooze":7.0E-4,"activity":-0.0011,"lastBolusTime":1704268197141,"time":"2024-01-03T10:33:24.538Z"}},{"iob":-0.114,"basaliob":-0.252,"bolussnooze":3.0E-4,"activity":-8.0E-4,"lastBolusTime":1704268197141,"time":"2024-01-03T10:38:24.538Z","iobWithZeroTemp":{"iob":-0.228,"basaliob":-0.366,"bolussnooze":3.0E-4,"activity":-0.0014,"lastBolusTime":1704268197141,"time":"2024-01-03T10:38:24.538Z"}},{"iob":-0.109,"basaliob":-0.233,"bolussnooze":1.0E-4,"activity":-9.0E-4,"lastBolusTime":1704268197141,"time":"2024-01-03T10:43:24.538Z","iobWithZeroTemp":{"iob":-0.241,"basaliob":-0.365,"bolussnooze":1.0E-4,"activity":-0.0017,"lastBolusTime":1704268197141,"time":"2024-01-03T10:43:24.538Z"}},{"iob":-0.104,"basaliob":-0.215,"bolussnooze":0,"activity":-9.0E-4,"lastBolusTime":1704268197141,"time":"2024-01-03T10:48:24.538Z","iobWithZeroTemp":{"iob":-0.253,"basaliob":-0.364,"bolussnooze":0,"activity":-0.0018,"lastBolusTime":1704268197141,"time":"2024-01-03T10:48:24.538Z"}},{"iob":-0.1,"basaliob":-0.199,"bolussnooze":0,"activity":-0.001,"lastBolusTime":1704268197141,"time":"2024-01-03T10:53:24.538Z","iobWithZeroTemp":{"iob":-0.264,"basaliob":-0.363,"bolussnooze":0,"activity":-0.0021,"lastBolusTime":1704268197141,"time":"2024-01-03T10:53:24.538Z"}},{"iob":-0.095,"basaliob":-0.183,"bolussnooze":0,"activity":-0.0011,"lastBolusTime":1704268197141,"time":"2024-01-03T10:58:24.538Z","iobWithZeroTemp":{"iob":-0.274,"basaliob":-0.362,"bolussnooze":0,"activity":-0.0024,"lastBolusTime":1704268197141,"time":"2024-01-03T10:58:24.538Z"}},{"iob":-0.089,"basaliob":-0.168,"bolussnooze":0,"activity":-0.0011,"lastBolusTime":1704268197141,"time":"2024-01-03T11:03:24.538Z","iobWithZeroTemp":{"iob":-0.282,"basaliob":-0.361,"bolussnooze":0,"activity":-0.0026,"lastBolusTime":1704268197141,"time":"2024-01-03T11:03:24.538Z"}},{"iob":-0.084,"basaliob":-0.154,"bolussnooze":0,"activity":-0.001,"lastBolusTime":1704268197141,"time":"2024-01-03T11:08:24.538Z","iobWithZeroTemp":{"iob":-0.29,"basaliob":-0.36,"bolussnooze":0,"activity":-0.0026,"lastBolusTime":1704268197141,"time":"2024-01-03T11:08:24.538Z"}},{"iob":-0.079,"basaliob":-0.141,"bolussnooze":0,"activity":-0.001,"lastBolusTime":1704268197141,"time":"2024-01-03T11:13:24.538Z","iobWithZeroTemp":{"iob":-0.297,"basaliob":-0.359,"bolussnooze":0,"activity":-0.0028,"lastBolusTime":1704268197141,"time":"2024-01-03T11:13:24.538Z"}},{"iob":-0.074,"basaliob":-0.129,"bolussnooze":0,"activity":-9.0E-4,"lastBolusTime":1704268197141,"time":"2024-01-03T11:18:24.538Z","iobWithZeroTemp":{"iob":-0.304,"basaliob":-0.359,"bolussnooze":0,"activity":-0.0029,"lastBolusTime":1704268197141,"time":"2024-01-03T11:18:24.538Z"}},{"iob":-0.069,"basaliob":-0.118,"bolussnooze":0,"activity":-0.001,"lastBolusTime":1704268197141,"time":"2024-01-03T11:23:24.538Z","iobWithZeroTemp":{"iob":-0.309,"basaliob":-0.358,"bolussnooze":0,"activity":-0.0031,"lastBolusTime":1704268197141,"time":"2024-01-03T11:23:24.538Z"}},{"iob":-0.065,"basaliob":-0.108,"bolussnooze":0,"activity":-9.0E-4,"lastBolusTime":1704268197141,"time":"2024-01-03T11:28:24.538Z","iobWithZeroTemp":{"iob":-0.315,"basaliob":-0.358,"bolussnooze":0,"activity":-0.0032,"lastBolusTime":1704268197141,"time":"2024-01-03T11:28:24.538Z"}},{"iob":-0.06,"basaliob":-0.098,"bolussnooze":0,"activity":-9.0E-4,"lastBolusTime":1704268197141,"time":"2024-01-03T11:33:24.538Z","iobWithZeroTemp":{"iob":-0.319,"basaliob":-0.357,"bolussnooze":0,"activity":-0.0033,"lastBolusTime":1704268197141,"time":"2024-01-03T11:33:24.538Z"}},{"iob":-0.056,"basaliob":-0.089,"bolussnooze":0,"activity":-8.0E-4,"lastBolusTime":1704268197141,"time":"2024-01-03T11:38:24.538Z","iobWithZeroTemp":{"iob":-0.324,"basaliob":-0.357,"bolussnooze":0,"activity":-0.0034,"lastBolusTime":1704268197141,"time":"2024-01-03T11:38:24.538Z"}},{"iob":-0.052,"basaliob":-0.081,"bolussnooze":0,"activity":-8.0E-4,"lastBolusTime":1704268197141,"time":"2024-01-03T11:43:24.538Z","iobWithZeroTemp":{"iob":-0.327,"basaliob":-0.356,"bolussnooze":0,"activity":-0.0035,"lastBolusTime":1704268197141,"time":"2024-01-03T11:43:24.538Z"}},{"iob":-0.048,"basaliob":-0.073,"bolussnooze":0,"activity":-8.0E-4,"lastBolusTime":1704268197141,"time":"2024-01-03T11:48:24.538Z","iobWithZeroTemp":{"iob":-0.33,"basaliob":-0.355,"bolussnooze":0,"activity":-0.0036,"lastBolusTime":1704268197141,"time":"2024-01-03T11:48:24.538Z"}},{"iob":-0.044,"basaliob":-0.066,"bolussnooze":0,"activity":-7.0E-4,"lastBolusTime":1704268197141,"time":"2024-01-03T11:53:24.538Z","iobWithZeroTemp":{"iob":-0.333,"basaliob":-0.355,"bolussnooze":0,"activity":-0.0036,"lastBolusTime":1704268197141,"time":"2024-01-03T11:53:24.538Z"}},{"iob":-0.041,"basaliob":-0.06,"bolussnooze":0,"activity":-6.0E-4,"lastBolusTime":1704268197141,"time":"2024-01-03T11:58:24.538Z","iobWithZeroTemp":{"iob":-0.336,"basaliob":-0.355,"bolussnooze":0,"activity":-0.0036,"lastBolusTime":1704268197141,"time":"2024-01-03T11:58:24.538Z"}},{"iob":-0.038,"basaliob":-0.054,"bolussnooze":0,"activity":-6.0E-4,"lastBolusTime":1704268197141,"time":"2024-01-03T12:03:24.538Z","iobWithZeroTemp":{"iob":-0.339,"basaliob":-0.355,"bolussnooze":0,"activity":-0.0037,"lastBolusTime":1704268197141,"time":"2024-01-03T12:03:24.538Z"}},{"iob":-0.034,"basaliob":-0.048,"bolussnooze":0,"activity":-6.0E-4,"lastBolusTime":1704268197141,"time":"2024-01-03T12:08:24.538Z","iobWithZeroTemp":{"iob":-0.34,"basaliob":-0.354,"bolussnooze":0,"activity":-0.0038,"lastBolusTime":1704268197141,"time":"2024-01-03T12:08:24.538Z"}},{"iob":-0.031,"basaliob":-0.043,"bolussnooze":0,"activity":-5.0E-4,"lastBolusTime":1704268197141,"time":"2024-01-03T12:13:24.538Z","iobWithZeroTemp":{"iob":-0.341,"basaliob":-0.353,"bolussnooze":0,"activity":-0.0038,"lastBolusTime":1704268197141,"time":"2024-01-03T12:13:24.538Z"}},{"iob":-0.029,"basaliob":-0.039,"bolussnooze":0,"activity":-6.0E-4,"lastBolusTime":1704268197141,"time":"2024-01-03T12:18:24.538Z","iobWithZeroTemp":{"iob":-0.343,"basaliob":-0.353,"bolussnooze":0,"activity":-0.004,"lastBolusTime":1704268197141,"time":"2024-01-03T12:18:24.538Z"}},{"iob":-0.026,"basaliob":-0.035,"bolussnooze":0,"activity":-5.0E-4,"lastBolusTime":1704268197141,"time":"2024-01-03T12:23:24.538Z","iobWithZeroTemp":{"iob":-0.344,"basaliob":-0.353,"bolussnooze":0,"activity":-0.0039,"lastBolusTime":1704268197141,"time":"2024-01-03T12:23:24.538Z"}},{"iob":-0.024,"basaliob":-0.031,"bolussnooze":0,"activity":-4.0E-4,"lastBolusTime":1704268197141,"time":"2024-01-03T12:28:24.538Z","iobWithZeroTemp":{"iob":-0.346,"basaliob":-0.353,"bolussnooze":0,"activity":-0.0039,"lastBolusTime":1704268197141,"time":"2024-01-03T12:28:24.538Z"}},{"iob":-0.022,"basaliob":-0.028,"bolussnooze":0,"activity":-4.0E-4,"lastBolusTime":1704268197141,"time":"2024-01-03T12:33:24.538Z","iobWithZeroTemp":{"iob":-0.347,"basaliob":-0.353,"bolussnooze":0,"activity":-0.004,"lastBolusTime":1704268197141,"time":"2024-01-03T12:33:24.538Z"}},{"iob":-0.02,"basaliob":-0.025,"bolussnooze":0,"activity":-4.0E-4,"lastBolusTime":1704268197141,"time":"2024-01-03T12:38:24.538Z","iobWithZeroTemp":{"iob":-0.348,"basaliob":-0.353,"bolussnooze":0,"activity":-0.004,"lastBolusTime":1704268197141,"time":"2024-01-03T12:38:24.538Z"}},{"iob":-0.018,"basaliob":-0.022,"bolussnooze":0,"activity":-3.0E-4,"lastBolusTime":1704268197141,"time":"2024-01-03T12:43:24.538Z","iobWithZeroTemp":{"iob":-0.348,"basaliob":-0.352,"bolussnooze":0,"activity":-0.004,"lastBolusTime":1704268197141,"time":"2024-01-03T12:43:24.538Z"}},{"iob":-0.016,"basaliob":-0.019,"bolussnooze":0,"activity":-4.0E-4,"lastBolusTime":1704268197141,"time":"2024-01-03T12:48:24.538Z","iobWithZeroTemp":{"iob":-0.348,"basaliob":-0.351,"bolussnooze":0,"activity":-0.0041,"lastBolusTime":1704268197141,"time":"2024-01-03T12:48:24.538Z"}},{"iob":-0.014,"basaliob":-0.017,"bolussnooze":0,"activity":-3.0E-4,"lastBolusTime":1704268197141,"time":"2024-01-03T12:53:24.538Z","iobWithZeroTemp":{"iob":-0.348,"basaliob":-0.351,"bolussnooze":0,"activity":-0.0041,"lastBolusTime":1704268197141,"time":"2024-01-03T12:53:24.538Z"}},{"iob":-0.013,"basaliob":-0.015,"bolussnooze":0,"activity":-3.0E-4,"lastBolusTime":1704268197141,"time":"2024-01-03T12:58:24.538Z","iobWithZeroTemp":{"iob":-0.349,"basaliob":-0.351,"bolussnooze":0,"activity":-0.0041,"lastBolusTime":1704268197141,"time":"2024-01-03T12:58:24.538Z"}},{"iob":-0.011,"basaliob":-0.013,"bolussnooze":0,"activity":-2.0E-4,"lastBolusTime":1704268197141,"time":"2024-01-03T13:03:24.538Z","iobWithZeroTemp":{"iob":-0.357,"basaliob":-0.359,"bolussnooze":0,"activity":-0.0041,"lastBolusTime":1704268197141,"time":"2024-01-03T13:03:24.538Z"}},{"iob":-0.011,"basaliob":-0.012,"bolussnooze":0,"activity":-2.0E-4,"lastBolusTime":1704268197141,"time":"2024-01-03T13:08:24.538Z","iobWithZeroTemp":{"iob":-0.367,"basaliob":-0.368,"bolussnooze":0,"activity":-0.0041,"lastBolusTime":1704268197141,"time":"2024-01-03T13:08:24.538Z"}},{"iob":-0.009,"basaliob":-0.01,"bolussnooze":0,"activity":-2.0E-4,"lastBolusTime":1704268197141,"time":"2024-01-03T13:13:24.538Z","iobWithZeroTemp":{"iob":-0.374,"basaliob":-0.375,"bolussnooze":0,"activity":-0.0042,"lastBolusTime":1704268197141,"time":"2024-01-03T13:13:24.538Z"}},{"iob":-0.008,"basaliob":-0.009,"bolussnooze":0,"activity":-2.0E-4,"lastBolusTime":1704268197141,"time":"2024-01-03T13:18:24.538Z","iobWithZeroTemp":{"iob":-0.382,"basaliob":-0.383,"bolussnooze":0,"activity":-0.0043,"lastBolusTime":1704268197141,"time":"2024-01-03T13:18:24.538Z"}},{"iob":-0.008,"basaliob":-0.008,"bolussnooze":0,"activity":-2.0E-4,"lastBolusTime":1704268197141,"time":"2024-01-03T13:23:24.538Z","iobWithZeroTemp":{"iob":-0.391,"basaliob":-0.391,"bolussnooze":0,"activity":-0.0044,"lastBolusTime":1704268197141,"time":"2024-01-03T13:23:24.538Z"}},{"iob":-0.007,"basaliob":-0.007,"bolussnooze":0,"activity":-2.0E-4,"lastBolusTime":1704268197141,"time":"2024-01-03T13:28:24.538Z","iobWithZeroTemp":{"iob":-0.398,"basaliob":-0.398,"bolussnooze":0,"activity":-0.0044,"lastBolusTime":1704268197141,"time":"2024-01-03T13:28:24.538Z"}},{"iob":-0.006,"basaliob":-0.006,"bolussnooze":0,"activity":-2.0E-4,"lastBolusTime":1704268197141,"time":"2024-01-03T13:33:24.538Z","iobWithZeroTemp":{"iob":-0.405,"basaliob":-0.405,"bolussnooze":0,"activity":-0.0045,"lastBolusTime":1704268197141,"time":"2024-01-03T13:33:24.538Z"}},{"iob":-0.005,"basaliob":-0.005,"bolussnooze":0,"activity":-1.0E-4,"lastBolusTime":1704268197141,"time":"2024-01-03T13:38:24.538Z","iobWithZeroTemp":{"iob":-0.411,"basaliob":-0.411,"bolussnooze":0,"activity":-0.0045,"lastBolusTime":1704268197141,"time":"2024-01-03T13:38:24.538Z"}},{"iob":-0.004,"basaliob":-0.004,"bolussnooze":0,"activity":-1.0E-4,"lastBolusTime":1704268197141,"time":"2024-01-03T13:43:24.538Z","iobWithZeroTemp":{"iob":-0.417,"basaliob":-0.417,"bolussnooze":0,"activity":-0.0046,"lastBolusTime":1704268197141,"time":"2024-01-03T13:43:24.538Z"}},{"iob":-0.004,"basaliob":-0.004,"bolussnooze":0,"activity":-1.0E-4,"lastBolusTime":1704268197141,"time":"2024-01-03T13:48:24.538Z","iobWithZeroTemp":{"iob":-0.424,"basaliob":-0.424,"bolussnooze":0,"activity":-0.0047,"lastBolusTime":1704268197141,"time":"2024-01-03T13:48:24.538Z"}},{"iob":-0.003,"basaliob":-0.003,"bolussnooze":0,"activity":-1.0E-4,"lastBolusTime":0,"time":"2024-01-03T13:53:24.538Z","iobWithZeroTemp":{"iob":-0.429,"basaliob":-0.429,"bolussnooze":0,"activity":-0.0048,"lastBolusTime":0,"time":"2024-01-03T13:53:24.538Z"}},{"iob":-0.003,"basaliob":-0.003,"bolussnooze":0,"activity":-1.0E-4,"lastBolusTime":0,"time":"2024-01-03T13:58:24.538Z","iobWithZeroTemp":{"iob":-0.434,"basaliob":-0.434,"bolussnooze":0,"activity":-0.0049,"lastBolusTime":0,"time":"2024-01-03T13:58:24.538Z"}},{"iob":-0.002,"basaliob":-0.002,"bolussnooze":0,"activity":-1.0E-4,"lastBolusTime":0,"time":"2024-01-03T14:03:24.538Z","iobWithZeroTemp":{"iob":-0.418,"basaliob":-0.418,"bolussnooze":0,"activity":-0.0049,"lastBolusTime":0,"time":"2024-01-03T14:03:24.538Z"}}],"profile":{"max_iob":0,"type":"current","max_daily_basal":0.35,"max_basal":1,"min_bg":130,"max_bg":130,"target_bg":130,"carb_ratio":8.8,"sens":120,"max_daily_safety_multiplier":3,"current_basal_safety_multiplier":4,"lgsThreshold":95,"high_temptarget_raises_sensitivity":true,"low_temptarget_lowers_sensitivity":true,"sensitivity_raises_target":true,"resistance_lowers_target":true,"adv_target_adjustments":false,"exercise_mode":false,"half_basal_exercise_target":160,"maxCOB":120,"skip_neutral_temps":false,"remainingCarbsCap":90,"enableUAM":true,"A52_risk_enable":false,"SMBInterval":6,"enableSMB_with_COB":true,"enableSMB_with_temptarget":true,"allowSMB_with_high_temptarget":false,"enableSMB_always":false,"enableSMB_after_carbs":true,"maxSMBBasalMinutes":45,"maxUAMSMBBasalMinutes":40,"bolus_increment":0.05,"carbsReqThreshold":2,"current_basal":0.25,"temptargetSet":true,"autosens_max":1.3,"autosens_min":0.7,"variable_sens":275.1,"insulinDivisor":75,"TDD":10.604109523809525},"autosens_data":{"ratio":0.8376900904482657},"meal_data":{"carbs":13,"mealCOB":0.3573333333333362,"slopeFromMaxDeviation":-1.4665000000000004,"slopeFromMinDeviation":0.5988181818181817,"lastBolusTime":1704268197141,"lastCarbTime":1704268190191},"microBolusAllowed":true,"currentTime":1704276506121,"flatBGsDetected":false,"tdd1D":14.054166666666665,"tdd7D":14.971726190476188,"tddLast24H":12.541666666666666,"tddLast4H":2.3000000000000003,"tddLast8to4H":0.5708333333333334},"output":{"temp":"absolute","bg":64,"tick":"+1","eventualBG":109,"targetBG":130,"insulinReq":0,"deliverAt":"2024-01-03T10:08:26.121Z","sensitivityRatio":0.67,"variable_sens":275.1,"predBGs":{"IOB":[64,65,66,68,69,71,73,75,76,78,79,81,82,83,84,85,86,87,88,89,90,91,92,92,93,94,94,95,95,96,96,97,97,97,98,98,98,98,98,99,99,99,99,99,99,100],"ZT":[64,63,63,63,64,65,67,68,71,73,76,79,82,85,88,91,94,98,101,104,108,111,115,118,121,125,128],"COB":[64,65,66,68,69,71,73,75,77,78,80,82,83,85,86,87,89,90,91,92,94,95,96,96,97,98,99,100,100,101,101,102,102,103,103,104,104,104,105,105,105,105,106],"UAM":[64,64,63,63,64,65,66,67,68,69,70,72,73,74,76,77,78,79,80,81,82,83,84,84,85,86,86,87,87,88,88,89,89,90,90,90,90,91,91,91,91,91,92]},"reason":"COB: 0.4, Dev: 11, BGI: -1, ISF: 275, CR: 8.8, Target: 130, minPredBG 91, minGuardBG 63, IOBpredBG 100, COBpredBG 106, UAMpredBG 92; IOB -0.122 < -0.08 and minDelta 1 > expectedDelta 0; Eventual BG 109 < 130, but Min. Delta 1.00 > Exp. Delta 0; setting current basal of 0.17 as temp.  25m left and 0.15 ~ req 0.1675U\/hr: no temp required","COB":0.3573333333333362,"IOB":-0.122,"timestamp":"2024-01-03T10:08:26.152Z"}}