{"algorithm":"OpenAPSSMBDynamicISFPlugin","input":{"glucoseStatus":{"glucose":113,"noise":0,"delta":3,"short_avgdelta":3,"long_avgdelta":-0.48,"date":1704175374000},"currenttemp":{"temp":"absolute","duration":25,"rate":0.4,"minutesrunning":5},"iob_data":[{"iob":-0.072,"basaliob":-0.072,"bolussnooze":0,"activity":-3.0E-4,"lastBolusTime":0,"time":"2024-01-02T06:03:20.684Z","iobWithZeroTemp":{"iob":-0.072,"basaliob":-0.072,"bolussnooze":0,"activity":-3.0E-4,"lastBolusTime":0,"time":"2024-01-02T06:03:20.684Z"}},{"iob":-0.07,"basaliob":-0.07,"bolussnooze":0,"activity":-4.0E-4,"lastBolusTime":0,"time":"2024-01-02T06:08:20.684Z","iobWithZeroTemp":{"iob":-0.09,"basaliob":-0.09,"bolussnooze":0,"activity":-4.0E-4,"lastBolusTime":0,"time":"2024-01-02T06:08:20.684Z"}},{"iob":-0.068,"basaliob":-0.068,"bolussnooze":0,"activity":-5.0E-4,"lastBolusTime":0,"time":"2024-01-02T06:13:20.684Z","iobWithZeroTemp":{"iob":-0.113,"basaliob":-0.113,"bolussnooze":0,"activity":-6.0E-4,"lastBolusTime":0,"time":"2024-01-02T06:13:20.684Z"}},{"iob":-0.065,"basaliob":-0.065,"bolussnooze":0,"activity":-6.0E-4,"lastBolusTime":0,"time":"2024-01-02T06:18:20.684Z","iobWithZeroTemp":{"iob":-0.134,"basaliob":-0.134,"bolussnooze":0,"activity":-8.0E-4,"lastBolusTime":0,"time":"2024-01-02T06:18:20.684Z"}},{"iob":-0.063,"basaliob":-0.063,"bolussnooze":0,"activity":-6.0E-4,"lastBolusTime":0,"time":"2024-01-02T06:23:20.684Z","iobWithZeroTemp":{"iob":-0.156,"basaliob":-0.156,"bolussnooze":0,"activity":-0.001,"lastBolusTime":0,"time":"2024-01-02T06:23:20.684Z"}},{"iob":-0.06,"basaliob":-0.06,"bolussnooze":0,"activity":-6.0E-4,"lastBolusTime":0,"time":"2024-01-02T06:28:20.684Z","iobWithZeroTemp":{"iob":-0.175,"basaliob":-0.175,"bolussnooze":0,"activity":-0.0011,"lastBolusTime":0,"time":"2024-01-02T06:28:20.684Z"}},{"iob":-0.056,"basaliob":-0.056,"bolussnooze":0,"activity":-6.0E-4,"lastBolusTime":0,"time":"2024-01-02T06:33:20.684Z","iobWithZeroTemp":{"iob":-0.193,"basaliob":-0.193,"bolussnooze":0,"activity":-0.0013,"lastBolusTime":0,"time":"2024-01-02T06:33:20.684Z"}},{"iob":-0.053,"basaliob":-0.053,"bolussnooze":0,"activity":-6.0E-4,"lastBolusTime":0,"time":"2024-01-02T06:38:20.684Z","iobWithZeroTemp":{"iob":-0.211,"basaliob":-0.211,"bolussnooze":0,"activity":-0.0015,"lastBolusTime":0,"time":"2024-01-02T06:38:20.684Z"}},{"iob":-0.05,"basaliob":-0.05,"bolussnooze":0,"activity":-6.0E-4,"lastBolusTime":0,"time":"2024-01-02T06:43:20.684Z","iobWithZeroTemp":{"iob":-0.228,"basaliob":-0.228,"bolussnooze":0,"activity":-0.0017,"lastBolusTime":0,"time":"2024-01-02T06:43:20.684Z"}},{"iob":-0.047,"basaliob":-0.047,"bolussnooze":0,"activity":-6.0E-4,"lastBolusTime":0,"time":"2024-01-02T06:48:20.684Z","iobWithZeroTemp":{"iob":-0.244,"basaliob":-0.244,"bolussnooze":0,"activity":-0.0019,"lastBolusTime":0,"time":"2024-01-02T06:48:20.684Z"}},{"iob":-0.044,"basaliob":-0.044,"bolussnooze":0,"activity":-6.0E-4,"lastBolusTime":0,"time":"2024-01-02T06:53:20.684Z","iobWithZeroTemp":{"iob":-0.259,"basaliob":-0.259,"bolussnooze":0,"activity":-0.0022,"lastBolusTime":0,"time":"2024-01-02T06:53:20.684Z"}},{"iob":-0.041,"basaliob":-0.041,"bolussnooze":0,"activity":-6.0E-4,"lastBolusTime":0,"time":"2024-01-02T06:58:20.684Z","iobWithZeroTemp":{"iob":-0.273,"basaliob":-0.273,"bolussnooze":0,"activity":-0.0024,"lastBolusTime":0,"time":"2024-01-02T06:58:20.684Z"}},{"iob":-0.038,"basaliob":-0.038,"bolussnooze":0,"activity":-6.0E-4,"lastBolusTime":0,"time":"2024-01-02T07:03:20.684Z","iobWithZeroTemp":{"iob":-0.285,"basaliob":-0.285,"bolussnooze":0,"activity":-0.0026,"lastBolusTime":0,"time":"2024-01-02T07:03:20.684Z"}},{"iob":-0.035,"basaliob":-0.035,"bolussnooze":0,"activity":-5.0E-4,"lastBolusTime":0,"time":"2024-01-02T07:08:20.684Z","iobWithZeroTemp":{"iob":-0.297,"basaliob":-0.297,"bolussnooze":0,"activity":-0.0027,"lastBolusTime":0,"time":"2024-01-02T07:08:20.684Z"}},{"iob":-0.033,"basaliob":-0.033,"bolussnooze":0,"activity":-5.0E-4,"lastBolusTime":0,"time":"2024-01-02T07:13:20.684Z","iobWithZeroTemp":{"iob":-0.309,"basaliob":-0.309,"bolussnooze":0,"activity":-0.0029,"lastBolusTime":0,"time":"2024-01-02T07:13:20.684Z"}},{"iob":-0.03,"basaliob":-0.03,"bolussnooze":0,"activity":-5.0E-4,"lastBolusTime":0,"time":"2024-01-02T07:18:20.684Z","iobWithZeroTemp":{"iob":-0.318,"basaliob":-0.318,"bolussnooze":0,"activity":-0.0031,"lastBolusTime":0,"time":"2024-01-02T07:18:20.684Z"}},{"iob":-0.028,"basaliob":-0.028,"bolussnooze":0,"activity":-5.0E-4,"lastBolusTime":0,"time":"2024-01-02T07:23:20.684Z","iobWithZeroTemp":{"iob":-0.328,"basaliob":-0.328,"bolussnooze":0,"activity":-0.0032,"lastBolusTime":0,"time":"2024-01-02T07:23:20.684Z"}},{"iob":-0.026,"basaliob":-0.026,"bolussnooze":0,"activity":-4.0E-4,"lastBolusTime":0,"time":"2024-01-02T07:28:20.684Z","iobWithZeroTemp":{"iob":-0.337,"basaliob":-0.337,"bolussnooze":0,"activity":-0.0033,"lastBolusTime":0,"time":"2024-01-02T07:28:20.684Z"}},{"iob":-0.024,"basaliob":-0.024,"bolussnooze":0,"activity":-4.0E-4,"lastBolusTime":0,"time":"2024-01-02T07:33:20.684Z","iobWithZeroTemp":{"iob":-0.345,"basaliob":-0.345,"bolussnooze":0,"activity":-0.0035,"lastBolusTime":0,"time":"2024-01-02T07:33:20.684Z"}},{"iob":-0.022,"basaliob":-0.022,"bolussnooze":0,"activity":-4.0E-4,"lastBolusTime":0,"time":"2024-01-02T07:38:20.684Z","iobWithZeroTemp":{"iob":-0.352,"basaliob":-0.352,"bolussnooze":0,"activity":-0.0036,"lastBolusTime":0,"time":"2024-01-02T07:38:20.684Z"}},{"iob":-0.02,"basaliob":-0.02,"bolussnooze":0,"activity":-4.0E-4,"lastBolusTime":0,"time":"2024-01-02T07:43:20.684Z","iobWithZeroTemp":{"iob":-0.359,"basaliob":-0.359,"bolussnooze":0,"activity":-0.0038,"lastBolusTime":0,"time":"2024-01-02T07:43:20.684Z"}},{"iob":-0.018,"basaliob":-0.018,"bolussnooze":0,"activity":-3.0E-4,"lastBolusTime":0,"time":"2024-01-02T07:48:20.684Z","iobWithZeroTemp":{"iob":-0.365,"basaliob":-0.365,"bolussnooze":0,"activity":-0.0038,"lastBolusTime":0,"time":"2024-01-02T07:48:20.684Z"}},{"iob":-0.017,"basaliob":-0.017,"bolussnooze":0,"activity":-3.0E-4,"lastBolusTime":0,"time":"2024-01-02T07:53:20.684Z","iobWithZeroTemp":{"iob":-0.371,"basaliob":-0.371,"bolussnooze":0,"activity":-0.0039,"lastBolusTime":0,"time":"2024-01-02T07:53:20.684Z"}},{"iob":-0.015,"basaliob":-0.015,"bolussnooze":0,"activity":-3.0E-4,"lastBolusTime":0,"time":"2024-01-02T07:58:20.684Z","iobWithZeroTemp":{"iob":-0.376,"basaliob":-0.376,"bolussnooze":0,"activity":-0.004,"lastBolusTime":0,"time":"2024-01-02T07:58:20.684Z"}},{"iob":-0.014,"basaliob":-0.014,"bolussnooze":0,"activity":-3.0E-4,"lastBolusTime":0,"time":"2024-01-02T08:03:20.684Z","iobWithZeroTemp":{"iob":-0.381,"basaliob":-0.381,"bolussnooze":0,"activity":-0.0042,"lastBolusTime":0,"time":"2024-01-02T08:03:20.684Z"}},{"iob":-0.012,"basaliob":-0.012,"bolussnooze":0,"activity":-2.0E-4,"lastBolusTime":0,"time":"2024-01-02T08:08:20.684Z","iobWithZeroTemp":{"iob":-0.384,"basaliob":-0.384,"bolussnooze":0,"activity":-0.0042,"lastBolusTime":0,"time":"2024-01-02T08:08:20.684Z"}},{"iob":-0.011,"basaliob":-0.011,"bolussnooze":0,"activity":-2.0E-4,"lastBolusTime":0,"time":"2024-01-02T08:13:20.684Z","iobWithZeroTemp":{"iob":-0.388,"basaliob":-0.388,"bolussnooze":0,"activity":-0.0042,"lastBolusTime":0,"time":"2024-01-02T08:13:20.684Z"}},{"iob":-0.01,"basaliob":-0.01,"bolussnooze":0,"activity":-2.0E-4,"lastBolusTime":0,"time":"2024-01-02T08:18:20.684Z","iobWithZeroTemp":{"iob":-0.392,"basaliob":-0.392,"bolussnooze":0,"activity":-0.0043,"lastBolusTime":0,"time":"2024-01-02T08:18:20.684Z"}},{"iob":-0.009,"basaliob":-0.009,"bolussnooze":0,"activity":-2.0E-4,"lastBolusTime":0,"time":"2024-01-02T08:23:20.684Z","iobWithZeroTemp":{"iob":-0.395,"basaliob":-0.395,"bolussnooze":0,"activity":-0.0044,"lastBolusTime":0,"time":"2024-01-02T08:23:20.684Z"}},{"iob":-0.008,"basaliob":-0.008,"bolussnooze":0,"activity":-2.0E-4,"lastBolusTime":0,"time":"2024-01-02T08:28:20.684Z","iobWithZeroTemp":{"iob":-0.398,"basaliob":-0.398,"bolussnooze":0,"activity":-0.0045,"lastBolusTime":0,"time":"2024-01-02T08:28:20.684Z"}},{"iob":-0.007,"basaliob":-0.007,"bolussnooze":0,"activity":-2.0E-4,"lastBolusTime":0,"time":"2024-01-02T08:33:20.684Z","iobWithZeroTemp":{"iob":-0.4,"basaliob":-0.4,"bolussnooze":0,"activity":-0.0046,"lastBolusTime":0,"time":"2024-01-02T08:33:20.684Z"}},{"iob":-0.007,"basaliob":-0.007,"bolussnooze":0,"activity":-1.0E-4,"lastBolusTime":0,"time":"2024-01-02T08:38:20.684Z","iobWithZeroTemp":{"iob":-0.403,"basaliob":-0.403,"bolussnooze":0,"activity":-0.0045,"lastBolusTime":0,"time":"2024-01-02T08:38:20.684Z"}},{"iob":-0.006,"basaliob":-0.006,"bolussnooze":0,"activity":-1.0E-4,"lastBolusTime":0,"time":"2024-01-02T08:43:20.684Z","iobWithZeroTemp":{"iob":-0.405,"basaliob":-0.405,"bolussnooze":0,"activity":-0.0046,"lastBolusTime":0,"time":"2024-01-02T08:43:20.684Z"}},{"iob":-0.005,"basaliob":-0.005,"bolussnooze":0,"activity":-1.0E-4,"lastBolusTime":0,"time":"2024-01-02T08:48:20.684Z","iobWithZeroTemp":{"iob":-0.406,"basaliob":-0.406,"bolussnooze":0,"activity":-0.0046,"lastBolusTime":0,"time":"2024-01-02T08:48:20.684Z"}},{"iob":-0.005,"basaliob":-0.005,"bolussnooze":0,"activity":-1.0E-4,"lastBolusTime":0,"time":"2024-01-02T08:53:20.684Z","iobWithZeroTemp":{"iob":-0.409,"basaliob":-0.409,"bolussnooze":0,"activity":-0.0047,"lastBolusTime":0,"time":"2024-01-02T08:53:20.684Z"}},{"iob":-0.004,"basaliob":-0.004,"bolussnooze":0,"activity":-1.0E-4,"lastBolusTime":0,"time":"2024-01-02T08:58:20.684Z","iobWithZeroTemp":{"iob":-0.41,"basaliob":-0.41,"bolussnooze":0,"activity":-0.0047,"lastBolusTime":0,"time":"2024-01-02T08:58:20.684Z"}},{"iob":-0.004,"basaliob":-0.004,"bolussnooze":0,"activity":-1.0E-4,"lastBolusTime":0,"time":"2024-01-02T09:03:20.684Z","iobWithZeroTemp":{"iob":-0.411,"basaliob":-0.411,"bolussnooze":0,"activity":-0.0048,"lastBolusTime":0,"time":"2024-01-02T09:03:20.684Z"}},{"iob":-0.003,"basaliob":-0.003,"bolussnooze":0,"activity":-1.0E-4,"lastBolusTime":0,"time":"2024-01-02T09:08:20.684Z","iobWithZeroTemp":{"iob":-0.412,"basaliob":-0.412,"bolussnooze":0,"activity":-0.0048,"lastBolusTime":0,"time":"2024-01-02T09:08:20.684Z"}},{"iob":-0.003,"basaliob":-0.003,"bolussnooze":0,"activity":-1.0E-4,"lastBolusTime":0,"time":"2024-01-02T09:13:20.684Z","iobWithZeroTemp":{"iob":-0.414,"basaliob":-0.414,"bolussnooze":0,"activity":-0.0048,"lastBolusTime":0,"time":"2024-01-02T09:13:20.684Z"}},{"iob":-0.003,"basaliob":-0.003,"bolussnooze":0,"activity":-1.0E-4,"lastBolusTime":0,"time":"2024-01-02T09:18:20.684Z","iobWithZeroTemp":{"iob":-0.415,"basaliob":-0.415,"bolussnooze":0,"activity":-0.0049,"lastBolusTime":0,"time":"2024-01-02T09:18:20.684Z"}},{"iob":-0.002,"basaliob":-0.002,"bolussnooze":0,"activity":-1.0E-4,"lastBolusTime":0,"time":"2024-01-02T09:23:20.684Z","iobWithZeroTemp":{"iob":-0.415,"basaliob":-0.415,"bolussnooze":0,"activity":-0.0049,"lastBolusTime":0,"time":"2024-01-02T09:23:20.684Z"}},{"iob":-0.002,"basaliob":-0.002,"bolussnooze":0,"activity":-1.0E-4,"lastBolusTime":0,"time":"2024-01-02T09:28:20.684Z","iobWithZeroTemp":{"iob":-0.416,"basaliob":-0.416,"bolussnooze":0,"activity":-0.0049,"lastBolusTime":0,"time":"2024-01-02T09:28:20.684Z"}},{"iob":-0.002,"basaliob":-0.002,"bolussnooze":0,"activity":0,"lastBolusTime":0,"time":"2024-01-02T09:33:20.684Z","iobWithZeroTemp":{"iob":-0.417,"basaliob":-0.417,"bolussnooze":0,"activity":-0.0048,"lastBolusTime":0,"time":"2024-01-02T09:33:20.684Z"}},{"iob":-0.001,"basaliob":-0.001,"bolussnooze":0,"activity":0,"lastBolusTime":0,"time":"2024-01-02T09:38:20.684Z","iobWithZeroTemp":{"iob":-0.417,"basaliob":-0.417,"bolussnooze":0,"activity":-0.0049,"lastBolusTime":0,"time":"2024-01-02T09:38:20.684Z"}},{"iob":-0.001,"basaliob":-0.001,"bolussnooze":0,"activity":0,"lastBolusTime":0,"time":"2024-01-02T09:43:20.684Z","iobWithZeroTemp":{"iob":-0.417,"basaliob":-0.417,"bolussnooze":0,"activity":-0.0049,"lastBolusTime":0,"time":"2024-01-02T09:43:20.684Z"}},{"iob":-0.001,"basaliob":-0.001,"bolussnooze":0,"activity":0,"lastBolusTime":0,"time":"2024-01-02T09:48:20.684Z","iobWithZeroTemp":{"iob":-0.418,"basaliob":-0.418,"bolussnooze":0,"activity":-0.0049,"lastBolusTime":0,"time":"2024-01-02T09:48:20.684Z"}},{"iob":-0.001,"basaliob":-0.001,"bolussnooze":0,"activity":0,"lastBolusTime":0,"time":"2024-01-02T09:53:20.684Z","iobWithZeroTemp":{"iob":-0.419,"basaliob":-0.419,"bolussnooze":0,"activity":-0.0049,"lastBolusTime":0,"time":"2024-01-02T09:53:20.684Z"}},{"iob":-0.001,"basaliob":-0.001,"bolussnooze":0,"activity":0,"lastBolusTime":0,"time":"2024-01-02T09:58:20.684Z","iobWithZeroTemp":{"iob":-0.419,"basaliob":-0.419,"bolussnooze":0,"activity":-0.0049,"lastBolusTime":0,"time":"2024-01-02T09:58:20.684Z"}}],"profile":{"max_iob":10,"type":"current","max_daily_basal":0.35,"max_basal":1.05,"min_bg":95,"max_bg":95,"target_bg":95,"carb_ratio":8.8,"sens":120,"max_daily_safety_multiplier":3,"current_basal_safety_multiplier":4,"lgsThreshold":95,"high_temptarget_raises_sensitivity":true,"low_temptarget_lowers_sensitivity":true,"sensitivity_raises_target":true,"resistance_lowers_target":true,"adv_target_adjustments":false,"exercise_mode":false,"half_basal_exercise_target":160,"maxCOB":120,"skip_neutral_temps":false,"remainingCarbsCap":90,"enableUAM":true,"A52_risk_enable":false,"SMBInterval":6,"enableSMB_with_COB":true,"enableSMB_with_temptarget":true,"allowSMB_with_high_temptarget":false,"enableSMB_always":false,"enableSMB_after_carbs":true,"maxSMBBasalMinutes":45,"maxUAMSMBBasalMinutes":40,"bolus_increment":0.05,"carbsReqThreshold":2,"current_basal":0.3,"temptargetSet":false,"autosens_max":1.3,"autosens_min":0.7,"variable_sens":216.3,"insulinDivisor":75,"TDD":9.053897714285716},"autosens_data":{"ratio":0.6810838404719703},"meal_data":{"carbs":0,"mealCOB":0,"slopeFromMaxDeviation":0,"slopeFromMinDeviation":1.6976666666666664,"lastBolusTime":1704151111516,"lastCarbTime":0},"microBolusAllowed":true,"currentTime":1704175402371,"flatBGsDetected":false,"tdd1D":10.2375,"tdd7D":15.997785714285714,"tddLast24H":10.895833333333337,"tddLast4H":1.3999999999999997,"tddLast8to4H":0.9416666666666667},"output":{"temp":"absolute","bg":113,"tick":"+3","eventualBG":145,"targetBG":111,"insulinReq":0.12,"deliverAt":"2024-01-02T06:03:22.371Z","sensitivityRatio":0.6810838404719703,"variable_sens":216.3,"predBGs":{"IOB":[113,116,118,121,123,126,128,129,131,132,133,134,135,135,136,136,137,137,137,138,138,139,139,139,139,140,140,140,140,140,141,141,141,141,141,141,141,141,141,142],"ZT":[113,113,114,114,115,116,118],"UAM":[113,115,117,119,120,121,121,122,123,123,124,124,125,126,126,127,127,128,128,128,129,129,129,130,130,130,131,131,131,131,131,132,132,132,132,132,132,132,132,132,132,133]},"reason":"COB: 0, Dev: 16, BGI: 0, ISF: 216, CR: 8.8, Target: 111, minPredBG 137, minGuardBG 115, IOBpredBG 142, UAMpredBG 133; Eventual BG 145 >= 111, temp 0.40 < 0.44U\/hr.  25m left and 0.4 ~ req 0.4443251521415911U\/hr: no temp required","COB":0,"IOB":-0.072,"timestamp":"2024-01-02T06:03:22.398Z"}}