{"algorithm":"OpenAPSSMBDynamicISFPlugin","input":{"glucoseStatus":{"glucose":59,"noise":0,"delta":1.5,"short_avgdelta":1.5,"long_avgdelta":-0.38,"date":1704109672000},"currenttemp":{"temp":"absolute","duration":95,"rate":0,"minutesrunning":25},"iob_data":[{"iob":0.043,"basaliob":-0.302,"bolussnooze":0.0099,"activity":0.0035,"lastBolusTime":1704101411056,"time":"2024-01-01T11:48:17.680Z","iobWithZeroTemp":{"iob":0.043,"basaliob":-0.302,"bolussnooze":0.0099,"activity":0.0035,"lastBolusTime":1704101411056,"time":"2024-01-01T11:48:17.680Z"}},{"iob":0.026,"basaliob":-0.286,"bolussnooze":0.0068,"activity":0.0029,"lastBolusTime":1704101411056,"time":"2024-01-01T11:53:17.680Z","iobWithZeroTemp":{"iob":0.009,"basaliob":-0.303,"bolussnooze":0.0068,"activity":0.0029,"lastBolusTime":1704101411056,"time":"2024-01-01T11:53:17.680Z"}},{"iob":0.013,"basaliob":-0.27,"bolussnooze":0.0046,"activity":0.0024,"lastBolusTime":1704101411056,"time":"2024-01-01T11:58:17.680Z","iobWithZeroTemp":{"iob":-0.024,"basaliob":-0.307,"bolussnooze":0.0046,"activity":0.0023,"lastBolusTime":1704101411056,"time":"2024-01-01T11:58:17.680Z"}},{"iob":0.001,"basaliob":-0.254,"bolussnooze":0.0029,"activity":0.002,"lastBolusTime":1704101411056,"time":"2024-01-01T12:03:17.680Z","iobWithZeroTemp":{"iob":-0.057,"basaliob":-0.312,"bolussnooze":0.0029,"activity":0.0018,"lastBolusTime":1704101411056,"time":"2024-01-01T12:03:17.680Z"}},{"iob":-0.007,"basaliob":-0.237,"bolussnooze":0.0017,"activity":0.0016,"lastBolusTime":1704101411056,"time":"2024-01-01T12:08:17.680Z","iobWithZeroTemp":{"iob":-0.084,"basaliob":-0.314,"bolussnooze":0.0017,"activity":0.0013,"lastBolusTime":1704101411056,"time":"2024-01-01T12:08:17.680Z"}},{"iob":-0.015,"basaliob":-0.222,"bolussnooze":9.0E-4,"activity":0.0013,"lastBolusTime":1704101411056,"time":"2024-01-01T12:13:17.680Z","iobWithZeroTemp":{"iob":-0.111,"basaliob":-0.318,"bolussnooze":9.0E-4,"activity":9.0E-4,"lastBolusTime":1704101411056,"time":"2024-01-01T12:13:17.680Z"}},{"iob":-0.021,"basaliob":-0.207,"bolussnooze":4.0E-4,"activity":0.001,"lastBolusTime":1704101411056,"time":"2024-01-01T12:18:17.680Z","iobWithZeroTemp":{"iob":-0.135,"basaliob":-0.321,"bolussnooze":4.0E-4,"activity":4.0E-4,"lastBolusTime":1704101411056,"time":"2024-01-01T12:18:17.680Z"}},{"iob":-0.025,"basaliob":-0.192,"bolussnooze":1.0E-4,"activity":7.0E-4,"lastBolusTime":1704101411056,"time":"2024-01-01T12:23:17.680Z","iobWithZeroTemp":{"iob":-0.157,"basaliob":-0.324,"bolussnooze":1.0E-4,"activity":-1.0E-4,"lastBolusTime":1704101411056,"time":"2024-01-01T12:23:17.680Z"}},{"iob":-0.028,"basaliob":-0.178,"bolussnooze":0,"activity":6.0E-4,"lastBolusTime":1704101411056,"time":"2024-01-01T12:28:17.680Z","iobWithZeroTemp":{"iob":-0.177,"basaliob":-0.327,"bolussnooze":0,"activity":-3.0E-4,"lastBolusTime":1704101411056,"time":"2024-01-01T12:28:17.680Z"}},{"iob":-0.031,"basaliob":-0.165,"bolussnooze":0,"activity":4.0E-4,"lastBolusTime":1704101411056,"time":"2024-01-01T12:33:17.680Z","iobWithZeroTemp":{"iob":-0.195,"basaliob":-0.329,"bolussnooze":0,"activity":-7.0E-4,"lastBolusTime":1704101411056,"time":"2024-01-01T12:33:17.680Z"}},{"iob":-0.032,"basaliob":-0.152,"bolussnooze":0,"activity":2.0E-4,"lastBolusTime":1704101411056,"time":"2024-01-01T12:38:17.680Z","iobWithZeroTemp":{"iob":-0.211,"basaliob":-0.331,"bolussnooze":0,"activity":-0.0011,"lastBolusTime":1704101411056,"time":"2024-01-01T12:38:17.680Z"}},{"iob":-0.033,"basaliob":-0.14,"bolussnooze":0,"activity":2.0E-4,"lastBolusTime":1704101411056,"time":"2024-01-01T12:43:17.680Z","iobWithZeroTemp":{"iob":-0.226,"basaliob":-0.333,"bolussnooze":0,"activity":-0.0013,"lastBolusTime":1704101411056,"time":"2024-01-01T12:43:17.680Z"}},{"iob":-0.034,"basaliob":-0.129,"bolussnooze":0,"activity":0,"lastBolusTime":1704101411056,"time":"2024-01-01T12:48:17.680Z","iobWithZeroTemp":{"iob":-0.24,"basaliob":-0.335,"bolussnooze":0,"activity":-0.0016,"lastBolusTime":1704101411056,"time":"2024-01-01T12:48:17.680Z"}},{"iob":-0.034,"basaliob":-0.118,"bolussnooze":0,"activity":0,"lastBolusTime":1704101411056,"time":"2024-01-01T12:53:17.680Z","iobWithZeroTemp":{"iob":-0.252,"basaliob":-0.336,"bolussnooze":0,"activity":-0.0018,"lastBolusTime":1704101411056,"time":"2024-01-01T12:53:17.680Z"}},{"iob":-0.035,"basaliob":-0.109,"bolussnooze":0,"activity":-1.0E-4,"lastBolusTime":1704101411056,"time":"2024-01-01T12:58:17.680Z","iobWithZeroTemp":{"iob":-0.265,"basaliob":-0.339,"bolussnooze":0,"activity":-0.0021,"lastBolusTime":1704101411056,"time":"2024-01-01T12:58:17.680Z"}},{"iob":-0.033,"basaliob":-0.099,"bolussnooze":0,"activity":-2.0E-4,"lastBolusTime":1704101411056,"time":"2024-01-01T13:03:17.680Z","iobWithZeroTemp":{"iob":-0.281,"basaliob":-0.347,"bolussnooze":0,"activity":-0.0023,"lastBolusTime":1704101411056,"time":"2024-01-01T13:03:17.680Z"}},{"iob":-0.033,"basaliob":-0.091,"bolussnooze":0,"activity":-2.0E-4,"lastBolusTime":1704101411056,"time":"2024-01-01T13:08:17.680Z","iobWithZeroTemp":{"iob":-0.299,"basaliob":-0.357,"bolussnooze":0,"activity":-0.0025,"lastBolusTime":1704101411056,"time":"2024-01-01T13:08:17.680Z"}},{"iob":-0.032,"basaliob":-0.083,"bolussnooze":0,"activity":-2.0E-4,"lastBolusTime":1704101411056,"time":"2024-01-01T13:13:17.680Z","iobWithZeroTemp":{"iob":-0.316,"basaliob":-0.367,"bolussnooze":0,"activity":-0.0027,"lastBolusTime":1704101411056,"time":"2024-01-01T13:13:17.680Z"}},{"iob":-0.03,"basaliob":-0.075,"bolussnooze":0,"activity":-2.0E-4,"lastBolusTime":1704101411056,"time":"2024-01-01T13:18:17.680Z","iobWithZeroTemp":{"iob":-0.33,"basaliob":-0.375,"bolussnooze":0,"activity":-0.0029,"lastBolusTime":1704101411056,"time":"2024-01-01T13:18:17.680Z"}},{"iob":-0.029,"basaliob":-0.068,"bolussnooze":0,"activity":-2.0E-4,"lastBolusTime":1704101411056,"time":"2024-01-01T13:23:17.680Z","iobWithZeroTemp":{"iob":-0.344,"basaliob":-0.383,"bolussnooze":0,"activity":-0.0031,"lastBolusTime":1704101411056,"time":"2024-01-01T13:23:17.680Z"}},{"iob":-0.028,"basaliob":-0.062,"bolussnooze":0,"activity":-3.0E-4,"lastBolusTime":1704101411056,"time":"2024-01-01T13:28:17.680Z","iobWithZeroTemp":{"iob":-0.357,"basaliob":-0.391,"bolussnooze":0,"activity":-0.0033,"lastBolusTime":1704101411056,"time":"2024-01-01T13:28:17.680Z"}},{"iob":-0.027,"basaliob":-0.056,"bolussnooze":0,"activity":-3.0E-4,"lastBolusTime":1704101411056,"time":"2024-01-01T13:33:17.680Z","iobWithZeroTemp":{"iob":-0.37,"basaliob":-0.399,"bolussnooze":0,"activity":-0.0035,"lastBolusTime":1704101411056,"time":"2024-01-01T13:33:17.680Z"}},{"iob":-0.025,"basaliob":-0.051,"bolussnooze":0,"activity":-3.0E-4,"lastBolusTime":1704101411056,"time":"2024-01-01T13:38:17.680Z","iobWithZeroTemp":{"iob":-0.38,"basaliob":-0.406,"bolussnooze":0,"activity":-0.0037,"lastBolusTime":1704101411056,"time":"2024-01-01T13:38:17.680Z"}},{"iob":-0.024,"basaliob":-0.046,"bolussnooze":0,"activity":-2.0E-4,"lastBolusTime":1704101411056,"time":"2024-01-01T13:43:17.680Z","iobWithZeroTemp":{"iob":-0.391,"basaliob":-0.413,"bolussnooze":0,"activity":-0.0038,"lastBolusTime":1704101411056,"time":"2024-01-01T13:43:17.680Z"}},{"iob":-0.023,"basaliob":-0.042,"bolussnooze":0,"activity":-3.0E-4,"lastBolusTime":1704101411056,"time":"2024-01-01T13:48:17.680Z","iobWithZeroTemp":{"iob":-0.401,"basaliob":-0.42,"bolussnooze":0,"activity":-0.004,"lastBolusTime":1704101411056,"time":"2024-01-01T13:48:17.680Z"}},{"iob":-0.021,"basaliob":-0.037,"bolussnooze":0,"activity":-3.0E-4,"lastBolusTime":1704101411056,"time":"2024-01-01T13:53:17.680Z","iobWithZeroTemp":{"iob":-0.409,"basaliob":-0.425,"bolussnooze":0,"activity":-0.0042,"lastBolusTime":1704101411056,"time":"2024-01-01T13:53:17.680Z"}},{"iob":-0.02,"basaliob":-0.034,"bolussnooze":0,"activity":-2.0E-4,"lastBolusTime":1704101411056,"time":"2024-01-01T13:58:17.680Z","iobWithZeroTemp":{"iob":-0.417,"basaliob":-0.431,"bolussnooze":0,"activity":-0.0042,"lastBolusTime":1704101411056,"time":"2024-01-01T13:58:17.680Z"}},{"iob":-0.018,"basaliob":-0.03,"bolussnooze":0,"activity":-3.0E-4,"lastBolusTime":1704101411056,"time":"2024-01-01T14:03:17.680Z","iobWithZeroTemp":{"iob":-0.403,"basaliob":-0.415,"bolussnooze":0,"activity":-0.0045,"lastBolusTime":1704101411056,"time":"2024-01-01T14:03:17.680Z"}},{"iob":-0.017,"basaliob":-0.027,"bolussnooze":0,"activity":-3.0E-4,"lastBolusTime":1704101411056,"time":"2024-01-01T14:08:17.680Z","iobWithZeroTemp":{"iob":-0.39,"basaliob":-0.4,"bolussnooze":0,"activity":-0.0045,"lastBolusTime":1704101411056,"time":"2024-01-01T14:08:17.680Z"}},{"iob":-0.016,"basaliob":-0.024,"bolussnooze":0,"activity":-2.0E-4,"lastBolusTime":1704101411056,"time":"2024-01-01T14:13:17.680Z","iobWithZeroTemp":{"iob":-0.376,"basaliob":-0.384,"bolussnooze":0,"activity":-0.0044,"lastBolusTime":1704101411056,"time":"2024-01-01T14:13:17.680Z"}},{"iob":-0.015,"basaliob":-0.022,"bolussnooze":0,"activity":-2.0E-4,"lastBolusTime":1704101411056,"time":"2024-01-01T14:18:17.680Z","iobWithZeroTemp":{"iob":-0.362,"basaliob":-0.369,"bolussnooze":0,"activity":-0.0044,"lastBolusTime":1704101411056,"time":"2024-01-01T14:18:17.680Z"}},{"iob":-0.014,"basaliob":-0.019,"bolussnooze":0,"activity":-2.0E-4,"lastBolusTime":1704101411056,"time":"2024-01-01T14:23:17.680Z","iobWithZeroTemp":{"iob":-0.349,"basaliob":-0.354,"bolussnooze":0,"activity":-0.0044,"lastBolusTime":1704101411056,"time":"2024-01-01T14:23:17.680Z"}},{"iob":-0.013,"basaliob":-0.017,"bolussnooze":0,"activity":-2.0E-4,"lastBolusTime":1704101411056,"time":"2024-01-01T14:28:17.680Z","iobWithZeroTemp":{"iob":-0.335,"basaliob":-0.339,"bolussnooze":0,"activity":-0.0043,"lastBolusTime":1704101411056,"time":"2024-01-01T14:28:17.680Z"}},{"iob":-0.011,"basaliob":-0.015,"bolussnooze":0,"activity":-2.0E-4,"lastBolusTime":1704101411056,"time":"2024-01-01T14:33:17.680Z","iobWithZeroTemp":{"iob":-0.321,"basaliob":-0.325,"bolussnooze":0,"activity":-0.0043,"lastBolusTime":1704101411056,"time":"2024-01-01T14:33:17.680Z"}},{"iob":-0.01,"basaliob":-0.013,"bolussnooze":0,"activity":-2.0E-4,"lastBolusTime":1704101411056,"time":"2024-01-01T14:38:17.680Z","iobWithZeroTemp":{"iob":-0.309,"basaliob":-0.312,"bolussnooze":0,"activity":-0.0042,"lastBolusTime":1704101411056,"time":"2024-01-01T14:38:17.680Z"}},{"iob":-0.01,"basaliob":-0.012,"bolussnooze":0,"activity":-2.0E-4,"lastBolusTime":1704101411056,"time":"2024-01-01T14:43:17.680Z","iobWithZeroTemp":{"iob":-0.297,"basaliob":-0.299,"bolussnooze":0,"activity":-0.0041,"lastBolusTime":1704101411056,"time":"2024-01-01T14:43:17.680Z"}},{"iob":-0.009,"basaliob":-0.011,"bolussnooze":0,"activity":-2.0E-4,"lastBolusTime":1704101411056,"time":"2024-01-01T14:48:17.680Z","iobWithZeroTemp":{"iob":-0.286,"basaliob":-0.288,"bolussnooze":0,"activity":-0.004,"lastBolusTime":1704101411056,"time":"2024-01-01T14:48:17.680Z"}},{"iob":-0.008,"basaliob":-0.009,"bolussnooze":0,"activity":-1.0E-4,"lastBolusTime":1704101411056,"time":"2024-01-01T14:53:17.680Z","iobWithZeroTemp":{"iob":-0.274,"basaliob":-0.275,"bolussnooze":0,"activity":-0.0038,"lastBolusTime":1704101411056,"time":"2024-01-01T14:53:17.680Z"}},{"iob":-0.007,"basaliob":-0.008,"bolussnooze":0,"activity":-1.0E-4,"lastBolusTime":1704101411056,"time":"2024-01-01T14:58:17.680Z","iobWithZeroTemp":{"iob":-0.264,"basaliob":-0.265,"bolussnooze":0,"activity":-0.0037,"lastBolusTime":1704101411056,"time":"2024-01-01T14:58:17.680Z"}},{"iob":-0.006,"basaliob":-0.007,"bolussnooze":0,"activity":-2.0E-4,"lastBolusTime":1704101411056,"time":"2024-01-01T15:03:17.680Z","iobWithZeroTemp":{"iob":-0.253,"basaliob":-0.254,"bolussnooze":0,"activity":-0.0037,"lastBolusTime":1704101411056,"time":"2024-01-01T15:03:17.680Z"}},{"iob":-0.006,"basaliob":-0.006,"bolussnooze":0,"activity":-2.0E-4,"lastBolusTime":1704101411056,"time":"2024-01-01T15:08:17.680Z","iobWithZeroTemp":{"iob":-0.245,"basaliob":-0.245,"bolussnooze":0,"activity":-0.0035,"lastBolusTime":1704101411056,"time":"2024-01-01T15:08:17.680Z"}},{"iob":-0.005,"basaliob":-0.005,"bolussnooze":0,"activity":-2.0E-4,"lastBolusTime":1704101411056,"time":"2024-01-01T15:13:17.680Z","iobWithZeroTemp":{"iob":-0.236,"basaliob":-0.236,"bolussnooze":0,"activity":-0.0034,"lastBolusTime":1704101411056,"time":"2024-01-01T15:13:17.680Z"}},{"iob":-0.005,"basaliob":-0.005,"bolussnooze":0,"activity":-1.0E-4,"lastBolusTime":1704101411056,"time":"2024-01-01T15:18:17.680Z","iobWithZeroTemp":{"iob":-0.228,"basaliob":-0.228,"bolussnooze":0,"activity":-0.0032,"lastBolusTime":1704101411056,"time":"2024-01-01T15:18:17.680Z"}},{"iob":-0.004,"basaliob":-0.004,"bolussnooze":0,"activity":-1.0E-4,"lastBolusTime":1704101411056,"time":"2024-01-01T15:23:17.680Z","iobWithZeroTemp":{"iob":-0.22,"basaliob":-0.22,"bolussnooze":0,"activity":-0.0031,"lastBolusTime":1704101411056,"time":"2024-01-01T15:23:17.680Z"}},{"iob":-0.003,"basaliob":-0.003,"bolussnooze":0,"activity":-1.0E-4,"lastBolusTime":1704101411056,"time":"2024-01-01T15:28:17.680Z","iobWithZeroTemp":{"iob":-0.213,"basaliob":-0.213,"bolussnooze":0,"activity":-0.003,"lastBolusTime":1704101411056,"time":"2024-01-01T15:28:17.680Z"}},{"iob":-0.003,"basaliob":-0.003,"bolussnooze":0,"activity":-1.0E-4,"lastBolusTime":0,"time":"2024-01-01T15:33:17.680Z","iobWithZeroTemp":{"iob":-0.206,"basaliob":-0.206,"bolussnooze":0,"activity":-0.0029,"lastBolusTime":0,"time":"2024-01-01T15:33:17.680Z"}},{"iob":-0.003,"basaliob":-0.003,"bolussnooze":0,"activity":-1.0E-4,"lastBolusTime":0,"time":"2024-01-01T15:38:17.680Z","iobWithZeroTemp":{"iob":-0.201,"basaliob":-0.201,"bolussnooze":0,"activity":-0.0029,"lastBolusTime":0,"time":"2024-01-01T15:38:17.680Z"}},{"iob":-0.002,"basaliob":-0.002,"bolussnooze":0,"activity":-1.0E-4,"lastBolusTime":0,"time":"2024-01-01T15:43:17.680Z","iobWithZeroTemp":{"iob":-0.194,"basaliob":-0.194,"bolussnooze":0,"activity":-0.0028,"lastBolusTime":0,"time":"2024-01-01T15:43:17.680Z"}}],"profile":{"max_iob":0,"type":"current","max_daily_basal":0.35,"max_basal":1,"min_bg":135,"max_bg":135,"target_bg":135,"carb_ratio":8.8,"sens":120,"max_daily_safety_multiplier":3,"current_basal_safety_multiplier":4,"lgsThreshold":95,"high_temptarget_raises_sensitivity":true,"low_temptarget_lowers_sensitivity":true,"sensitivity_raises_target":true,"resistance_lowers_target":true,"adv_target_adjustments":false,"exercise_mode":false,"half_basal_exercise_target":160,"maxCOB":120,"skip_neutral_temps":false,"remainingCarbsCap":90,"enableUAM":true,"A52_risk_enable":false,"SMBInterval":6,"enableSMB_with_COB":false,"enableSMB_with_temptarget":false,"allowSMB_with_high_temptarget":false,"enableSMB_always":false,"enableSMB_after_carbs":false,"maxSMBBasalMinutes":30,"maxUAMSMBBasalMinutes":40,"bolus_increment":0.05,"carbsReqThreshold":2,"current_basal":0.25,"temptargetSet":true,"autosens_max":1.3,"autosens_min":0.7,"variable_sens":265.1,"insulinDivisor":75,"TDD":11.699677904761906},"autosens_data":{"ratio":0.6651329272377363},"meal_data":{"carbs":23,"mealCOB":9.46653333333333,"slopeFromMaxDeviation":-0.21783333333333324,"slopeFromMinDeviation":0.2472727272727273,"lastBolusTime":1704101411056,"lastCarbTime":1704108949000},"microBolusAllowed":false,"currentTime":1704109699738,"flatBGsDetected":false,"tdd1D":14.612499999999995,"tdd7D":16.776095238095234,"tddLast24H":11.158333333333331,"tddLast4H":2.5375,"tddLast8to4H":0.9791666666666666},"output":{"temp":"absolute","bg":59,"tick":"+2","eventualBG":308,"targetBG":135,"insulinReq":0,"deliverAt":"2024-01-01T11:48:19.738Z","sensitivityRatio":0.63,"variable_sens":265.1,"predBGs":{"IOB":[59,60,61,63,64,66,67,69,70,71,71,71,71,71,71,71,72,72,72,72,73,73,73,74,74,74,74,75,75,75,76,76,76,76,76,77,77,77,77,77,78,78,78,78,78,78,78,79],"ZT":[59,54,50,47,44,42,40,40,40,40,41,43,46,48,51,54,57,61,64,68,72,75,79,83,87,91,95,99,103,107,111,115,118,122,125,129,132,135],"COB":[59,60,63,66,69,73,78,82,88,93,99,104,110,117,123,129,135,142,148,155,161,168,175,181,188,194,201,208,214,221,227,234,240,246,252,258,263,268,273,278,282,287,291,295,299,302,305,308],"UAM":[59,60,62,65,67,70,74,77,81,84,88,91,94,98,101,103,106,109,111,113,115,117,118,120,121,121,122,122,123,123,123,123,123,123,124,124,124,124,124,124,124,125]},"reason":"COB: 9.5, Dev: 37, BGI: -5, ISF: 265, CR: 8.8, Target: 135, minPredBG 148, minGuardBG 60, IOBpredBG 79, COBpredBG 308, UAMpredBG 125; minGuardBG 60<95 95m left and 0 ~ req 0U\/hr: no temp required","COB":9.46653333333333,"IOB":0.043,"timestamp":"2024-01-01T11:48:19.764Z"}}