{"algorithm":"OpenAPSSMBDynamicISFPlugin","input":{"glucoseStatus":{"glucose":150,"noise":0,"delta":4,"short_avgdelta":4,"long_avgdelta":7.4,"date":1704102172000},"currenttemp":{"temp":"absolute","duration":20,"rate":0,"minutesrunning":10},"iob_data":[{"iob":2.047,"basaliob":-0.024,"bolussnooze":1.8022,"activity":0.0096,"lastBolusTime":1704101411056,"time":"2024-01-01T09:43:17.330Z","iobWithZeroTemp":{"iob":2.047,"basaliob":-0.024,"bolussnooze":1.8022,"activity":0.0096,"lastBolusTime":1704101411056,"time":"2024-01-01T09:43:17.330Z"}},{"iob":1.991,"basaliob":-0.019,"bolussnooze":1.638,"activity":0.0123,"lastBolusTime":1704101411056,"time":"2024-01-01T09:48:17.330Z","iobWithZeroTemp":{"iob":1.971,"basaliob":-0.039,"bolussnooze":1.638,"activity":0.0123,"lastBolusTime":1704101411056,"time":"2024-01-01T09:48:17.330Z"}},{"iob":1.924,"basaliob":-0.014,"bolussnooze":1.464,"activity":0.0144,"lastBolusTime":1704101411056,"time":"2024-01-01T09:53:17.330Z","iobWithZeroTemp":{"iob":1.879,"basaliob":-0.059,"bolussnooze":1.464,"activity":0.0143,"lastBolusTime":1704101411056,"time":"2024-01-01T09:53:17.330Z"}},{"iob":1.849,"basaliob":-0.009,"bolussnooze":1.2907,"activity":0.0159,"lastBolusTime":1704101411056,"time":"2024-01-01T09:58:17.330Z","iobWithZeroTemp":{"iob":1.78,"basaliob":-0.078,"bolussnooze":1.2907,"activity":0.0157,"lastBolusTime":1704101411056,"time":"2024-01-01T09:58:17.330Z"}},{"iob":1.766,"basaliob":-0.006,"bolussnooze":1.1249,"activity":0.017,"lastBolusTime":1704101411056,"time":"2024-01-01T10:03:17.330Z","iobWithZeroTemp":{"iob":1.677,"basaliob":-0.095,"bolussnooze":1.1249,"activity":0.0167,"lastBolusTime":1704101411056,"time":"2024-01-01T10:03:17.330Z"}},{"iob":1.679,"basaliob":-0.003,"bolussnooze":0.9708,"activity":0.0176,"lastBolusTime":1704101411056,"time":"2024-01-01T10:08:17.330Z","iobWithZeroTemp":{"iob":1.571,"basaliob":-0.111,"bolussnooze":0.9708,"activity":0.0171,"lastBolusTime":1704101411056,"time":"2024-01-01T10:08:17.330Z"}},{"iob":1.59,"basaliob":-0.001,"bolussnooze":0.8305,"activity":0.0179,"lastBolusTime":1704101411056,"time":"2024-01-01T10:13:17.330Z","iobWithZeroTemp":{"iob":1.465,"basaliob":-0.126,"bolussnooze":0.8305,"activity":0.0172,"lastBolusTime":1704101411056,"time":"2024-01-01T10:13:17.330Z"}},{"iob":1.5,"basaliob":0.001,"bolussnooze":0.7049,"activity":0.0179,"lastBolusTime":1704101411056,"time":"2024-01-01T10:18:17.330Z","iobWithZeroTemp":{"iob":1.357,"basaliob":-0.142,"bolussnooze":0.7049,"activity":0.017,"lastBolusTime":1704101411056,"time":"2024-01-01T10:18:17.330Z"}},{"iob":1.411,"basaliob":0.003,"bolussnooze":0.594,"activity":0.0178,"lastBolusTime":1704101411056,"time":"2024-01-01T10:23:17.330Z","iobWithZeroTemp":{"iob":1.252,"basaliob":-0.156,"bolussnooze":0.594,"activity":0.0168,"lastBolusTime":1704101411056,"time":"2024-01-01T10:23:17.330Z"}},{"iob":1.323,"basaliob":0.004,"bolussnooze":0.4971,"activity":0.0175,"lastBolusTime":1704101411056,"time":"2024-01-01T10:28:17.330Z","iobWithZeroTemp":{"iob":1.149,"basaliob":-0.17,"bolussnooze":0.4971,"activity":0.0163,"lastBolusTime":1704101411056,"time":"2024-01-01T10:28:17.330Z"}},{"iob":1.236,"basaliob":0.005,"bolussnooze":0.4133,"activity":0.017,"lastBolusTime":1704101411056,"time":"2024-01-01T10:33:17.330Z","iobWithZeroTemp":{"iob":1.048,"basaliob":-0.183,"bolussnooze":0.4133,"activity":0.0156,"lastBolusTime":1704101411056,"time":"2024-01-01T10:33:17.330Z"}},{"iob":1.153,"basaliob":0.006,"bolussnooze":0.3414,"activity":0.0165,"lastBolusTime":1704101411056,"time":"2024-01-01T10:38:17.330Z","iobWithZeroTemp":{"iob":0.951,"basaliob":-0.196,"bolussnooze":0.3414,"activity":0.0149,"lastBolusTime":1704101411056,"time":"2024-01-01T10:38:17.330Z"}},{"iob":1.072,"basaliob":0.006,"bolussnooze":0.2803,"activity":0.0158,"lastBolusTime":1704101411056,"time":"2024-01-01T10:43:17.330Z","iobWithZeroTemp":{"iob":0.858,"basaliob":-0.208,"bolussnooze":0.2803,"activity":0.0141,"lastBolusTime":1704101411056,"time":"2024-01-01T10:43:17.330Z"}},{"iob":0.995,"basaliob":0.007,"bolussnooze":0.2287,"activity":0.0151,"lastBolusTime":1704101411056,"time":"2024-01-01T10:48:17.330Z","iobWithZeroTemp":{"iob":0.769,"basaliob":-0.219,"bolussnooze":0.2287,"activity":0.0132,"lastBolusTime":1704101411056,"time":"2024-01-01T10:48:17.330Z"}},{"iob":0.921,"basaliob":0.007,"bolussnooze":0.1854,"activity":0.0144,"lastBolusTime":1704101411056,"time":"2024-01-01T10:53:17.330Z","iobWithZeroTemp":{"iob":0.684,"basaliob":-0.23,"bolussnooze":0.1854,"activity":0.0123,"lastBolusTime":1704101411056,"time":"2024-01-01T10:53:17.330Z"}},{"iob":0.851,"basaliob":0.007,"bolussnooze":0.1492,"activity":0.0136,"lastBolusTime":1704101411056,"time":"2024-01-01T10:58:17.330Z","iobWithZeroTemp":{"iob":0.604,"basaliob":-0.24,"bolussnooze":0.1492,"activity":0.0114,"lastBolusTime":1704101411056,"time":"2024-01-01T10:58:17.330Z"}},{"iob":0.785,"basaliob":0.007,"bolussnooze":0.1193,"activity":0.0129,"lastBolusTime":1704101411056,"time":"2024-01-01T11:03:17.330Z","iobWithZeroTemp":{"iob":0.529,"basaliob":-0.249,"bolussnooze":0.1193,"activity":0.0105,"lastBolusTime":1704101411056,"time":"2024-01-01T11:03:17.330Z"}},{"iob":0.722,"basaliob":0.007,"bolussnooze":0.0946,"activity":0.0121,"lastBolusTime":1704101411056,"time":"2024-01-01T11:08:17.330Z","iobWithZeroTemp":{"iob":0.457,"basaliob":-0.258,"bolussnooze":0.0946,"activity":0.0096,"lastBolusTime":1704101411056,"time":"2024-01-01T11:08:17.330Z"}},{"iob":0.664,"basaliob":0.007,"bolussnooze":0.0745,"activity":0.0113,"lastBolusTime":1704101411056,"time":"2024-01-01T11:13:17.330Z","iobWithZeroTemp":{"iob":0.391,"basaliob":-0.266,"bolussnooze":0.0745,"activity":0.0087,"lastBolusTime":1704101411056,"time":"2024-01-01T11:13:17.330Z"}},{"iob":0.609,"basaliob":0.007,"bolussnooze":0.0581,"activity":0.0106,"lastBolusTime":1704101411056,"time":"2024-01-01T11:18:17.330Z","iobWithZeroTemp":{"iob":0.329,"basaliob":-0.273,"bolussnooze":0.0581,"activity":0.0078,"lastBolusTime":1704101411056,"time":"2024-01-01T11:18:17.330Z"}},{"iob":0.558,"basaliob":0.007,"bolussnooze":0.0448,"activity":0.0099,"lastBolusTime":1704101411056,"time":"2024-01-01T11:23:17.330Z","iobWithZeroTemp":{"iob":0.271,"basaliob":-0.28,"bolussnooze":0.0448,"activity":0.007,"lastBolusTime":1704101411056,"time":"2024-01-01T11:23:17.330Z"}},{"iob":0.509,"basaliob":0.006,"bolussnooze":0.0342,"activity":0.0092,"lastBolusTime":1704101411056,"time":"2024-01-01T11:28:17.330Z","iobWithZeroTemp":{"iob":0.216,"basaliob":-0.287,"bolussnooze":0.0342,"activity":0.0062,"lastBolusTime":1704101411056,"time":"2024-01-01T11:28:17.330Z"}},{"iob":0.465,"basaliob":0.006,"bolussnooze":0.0258,"activity":0.0086,"lastBolusTime":1704101411056,"time":"2024-01-01T11:33:17.330Z","iobWithZeroTemp":{"iob":0.166,"basaliob":-0.293,"bolussnooze":0.0258,"activity":0.0055,"lastBolusTime":1704101411056,"time":"2024-01-01T11:33:17.330Z"}},{"iob":0.424,"basaliob":0.006,"bolussnooze":0.0191,"activity":0.008,"lastBolusTime":1704101411056,"time":"2024-01-01T11:38:17.330Z","iobWithZeroTemp":{"iob":0.12,"basaliob":-0.298,"bolussnooze":0.0191,"activity":0.0048,"lastBolusTime":1704101411056,"time":"2024-01-01T11:38:17.330Z"}},{"iob":0.386,"basaliob":0.006,"bolussnooze":0.0139,"activity":0.0074,"lastBolusTime":1704101411056,"time":"2024-01-01T11:43:17.330Z","iobWithZeroTemp":{"iob":0.077,"basaliob":-0.303,"bolussnooze":0.0139,"activity":0.0041,"lastBolusTime":1704101411056,"time":"2024-01-01T11:43:17.330Z"}},{"iob":0.35,"basaliob":0.005,"bolussnooze":0.0099,"activity":0.0068,"lastBolusTime":1704101411056,"time":"2024-01-01T11:48:17.330Z","iobWithZeroTemp":{"iob":0.037,"basaliob":-0.308,"bolussnooze":0.0099,"activity":0.0035,"lastBolusTime":1704101411056,"time":"2024-01-01T11:48:17.330Z"}},{"iob":0.317,"basaliob":0.005,"bolussnooze":0.0068,"activity":0.0063,"lastBolusTime":1704101411056,"time":"2024-01-01T11:53:17.330Z","iobWithZeroTemp":{"iob":0,"basaliob":-0.312,"bolussnooze":0.0068,"activity":0.0029,"lastBolusTime":1704101411056,"time":"2024-01-01T11:53:17.330Z"}},{"iob":0.288,"basaliob":0.005,"bolussnooze":0.0046,"activity":0.0058,"lastBolusTime":1704101411056,"time":"2024-01-01T11:58:17.330Z","iobWithZeroTemp":{"iob":-0.033,"basaliob":-0.316,"bolussnooze":0.0046,"activity":0.0023,"lastBolusTime":1704101411056,"time":"2024-01-01T11:58:17.330Z"}},{"iob":0.259,"basaliob":0.004,"bolussnooze":0.0029,"activity":0.0053,"lastBolusTime":1704101411056,"time":"2024-01-01T12:03:17.330Z","iobWithZeroTemp":{"iob":-0.065,"basaliob":-0.32,"bolussnooze":0.0029,"activity":0.0017,"lastBolusTime":1704101411056,"time":"2024-01-01T12:03:17.330Z"}},{"iob":0.234,"basaliob":0.004,"bolussnooze":0.0017,"activity":0.0049,"lastBolusTime":1704101411056,"time":"2024-01-01T12:08:17.330Z","iobWithZeroTemp":{"iob":-0.093,"basaliob":-0.323,"bolussnooze":0.0017,"activity":0.0013,"lastBolusTime":1704101411056,"time":"2024-01-01T12:08:17.330Z"}},{"iob":0.211,"basaliob":0.004,"bolussnooze":9.0E-4,"activity":0.0045,"lastBolusTime":1704101411056,"time":"2024-01-01T12:13:17.330Z","iobWithZeroTemp":{"iob":-0.118,"basaliob":-0.325,"bolussnooze":9.0E-4,"activity":8.0E-4,"lastBolusTime":1704101411056,"time":"2024-01-01T12:13:17.330Z"}},{"iob":0.19,"basaliob":0.004,"bolussnooze":4.0E-4,"activity":0.0041,"lastBolusTime":1704101411056,"time":"2024-01-01T12:18:17.330Z","iobWithZeroTemp":{"iob":-0.142,"basaliob":-0.328,"bolussnooze":4.0E-4,"activity":4.0E-4,"lastBolusTime":1704101411056,"time":"2024-01-01T12:18:17.330Z"}},{"iob":0.17,"basaliob":0.003,"bolussnooze":1.0E-4,"activity":0.0037,"lastBolusTime":1704101411056,"time":"2024-01-01T12:23:17.330Z","iobWithZeroTemp":{"iob":-0.164,"basaliob":-0.331,"bolussnooze":1.0E-4,"activity":-1.0E-4,"lastBolusTime":1704101411056,"time":"2024-01-01T12:23:17.330Z"}},{"iob":0.153,"basaliob":0.003,"bolussnooze":0,"activity":0.0033,"lastBolusTime":1704101411056,"time":"2024-01-01T12:28:17.330Z","iobWithZeroTemp":{"iob":-0.183,"basaliob":-0.333,"bolussnooze":0,"activity":-5.0E-4,"lastBolusTime":1704101411056,"time":"2024-01-01T12:28:17.330Z"}},{"iob":0.137,"basaliob":0.003,"bolussnooze":0,"activity":0.003,"lastBolusTime":1704101411056,"time":"2024-01-01T12:33:17.330Z","iobWithZeroTemp":{"iob":-0.201,"basaliob":-0.335,"bolussnooze":0,"activity":-8.0E-4,"lastBolusTime":1704101411056,"time":"2024-01-01T12:33:17.330Z"}},{"iob":0.123,"basaliob":0.003,"bolussnooze":0,"activity":0.0027,"lastBolusTime":1704101411056,"time":"2024-01-01T12:38:17.330Z","iobWithZeroTemp":{"iob":-0.216,"basaliob":-0.336,"bolussnooze":0,"activity":-0.0012,"lastBolusTime":1704101411056,"time":"2024-01-01T12:38:17.330Z"}},{"iob":0.109,"basaliob":0.002,"bolussnooze":0,"activity":0.0025,"lastBolusTime":1704101411056,"time":"2024-01-01T12:43:17.330Z","iobWithZeroTemp":{"iob":-0.232,"basaliob":-0.339,"bolussnooze":0,"activity":-0.0014,"lastBolusTime":1704101411056,"time":"2024-01-01T12:43:17.330Z"}},{"iob":0.097,"basaliob":0.002,"bolussnooze":0,"activity":0.0022,"lastBolusTime":1704101411056,"time":"2024-01-01T12:48:17.330Z","iobWithZeroTemp":{"iob":-0.245,"basaliob":-0.34,"bolussnooze":0,"activity":-0.0017,"lastBolusTime":1704101411056,"time":"2024-01-01T12:48:17.330Z"}},{"iob":0.086,"basaliob":0.002,"bolussnooze":0,"activity":0.002,"lastBolusTime":1704101411056,"time":"2024-01-01T12:53:17.330Z","iobWithZeroTemp":{"iob":-0.257,"basaliob":-0.341,"bolussnooze":0,"activity":-0.002,"lastBolusTime":1704101411056,"time":"2024-01-01T12:53:17.330Z"}},{"iob":0.076,"basaliob":0.002,"bolussnooze":0,"activity":0.0018,"lastBolusTime":1704101411056,"time":"2024-01-01T12:58:17.330Z","iobWithZeroTemp":{"iob":-0.268,"basaliob":-0.342,"bolussnooze":0,"activity":-0.0022,"lastBolusTime":1704101411056,"time":"2024-01-01T12:58:17.330Z"}},{"iob":0.068,"basaliob":0.002,"bolussnooze":0,"activity":0.0016,"lastBolusTime":1704101411056,"time":"2024-01-01T13:03:17.330Z","iobWithZeroTemp":{"iob":-0.285,"basaliob":-0.351,"bolussnooze":0,"activity":-0.0024,"lastBolusTime":1704101411056,"time":"2024-01-01T13:03:17.330Z"}},{"iob":0.06,"basaliob":0.002,"bolussnooze":0,"activity":0.0015,"lastBolusTime":1704101411056,"time":"2024-01-01T13:08:17.330Z","iobWithZeroTemp":{"iob":-0.302,"basaliob":-0.36,"bolussnooze":0,"activity":-0.0026,"lastBolusTime":1704101411056,"time":"2024-01-01T13:08:17.330Z"}},{"iob":0.052,"basaliob":0.001,"bolussnooze":0,"activity":0.0013,"lastBolusTime":1704101411056,"time":"2024-01-01T13:13:17.330Z","iobWithZeroTemp":{"iob":-0.319,"basaliob":-0.37,"bolussnooze":0,"activity":-0.0028,"lastBolusTime":1704101411056,"time":"2024-01-01T13:13:17.330Z"}},{"iob":0.046,"basaliob":0.001,"bolussnooze":0,"activity":0.0012,"lastBolusTime":1704101411056,"time":"2024-01-01T13:18:17.330Z","iobWithZeroTemp":{"iob":-0.333,"basaliob":-0.378,"bolussnooze":0,"activity":-0.003,"lastBolusTime":1704101411056,"time":"2024-01-01T13:18:17.330Z"}},{"iob":0.04,"basaliob":0.001,"bolussnooze":0,"activity":0.0011,"lastBolusTime":1704101411056,"time":"2024-01-01T13:23:17.330Z","iobWithZeroTemp":{"iob":-0.347,"basaliob":-0.386,"bolussnooze":0,"activity":-0.0032,"lastBolusTime":1704101411056,"time":"2024-01-01T13:23:17.330Z"}},{"iob":0.035,"basaliob":0.001,"bolussnooze":0,"activity":9.0E-4,"lastBolusTime":1704101411056,"time":"2024-01-01T13:28:17.330Z","iobWithZeroTemp":{"iob":-0.36,"basaliob":-0.394,"bolussnooze":0,"activity":-0.0034,"lastBolusTime":1704101411056,"time":"2024-01-01T13:28:17.330Z"}},{"iob":0.03,"basaliob":0.001,"bolussnooze":0,"activity":8.0E-4,"lastBolusTime":1704101411056,"time":"2024-01-01T13:33:17.330Z","iobWithZeroTemp":{"iob":-0.372,"basaliob":-0.401,"bolussnooze":0,"activity":-0.0036,"lastBolusTime":1704101411056,"time":"2024-01-01T13:33:17.330Z"}},{"iob":0.027,"basaliob":0.001,"bolussnooze":0,"activity":7.0E-4,"lastBolusTime":1704101411056,"time":"2024-01-01T13:38:17.330Z","iobWithZeroTemp":{"iob":-0.382,"basaliob":-0.408,"bolussnooze":0,"activity":-0.0038,"lastBolusTime":1704101411056,"time":"2024-01-01T13:38:17.330Z"}}],"profile":{"max_iob":10,"type":"current","max_daily_basal":0.35,"max_basal":1.05,"min_bg":90,"max_bg":90,"target_bg":90,"carb_ratio":8.8,"sens":110,"max_daily_safety_multiplier":3,"current_basal_safety_multiplier":4,"lgsThreshold":95,"high_temptarget_raises_sensitivity":true,"low_temptarget_lowers_sensitivity":true,"sensitivity_raises_target":true,"resistance_lowers_target":true,"adv_target_adjustments":false,"exercise_mode":false,"half_basal_exercise_target":160,"maxCOB":120,"skip_neutral_temps":false,"remainingCarbsCap":90,"enableUAM":true,"A52_risk_enable":false,"SMBInterval":6,"enableSMB_with_COB":true,"enableSMB_with_temptarget":true,"allowSMB_with_high_temptarget":false,"enableSMB_always":false,"enableSMB_after_carbs":true,"maxSMBBasalMinutes":30,"maxUAMSMBBasalMinutes":45,"bolus_increment":0.05,"carbsReqThreshold":2,"current_basal":0.3,"temptargetSet":true,"autosens_max":1.3,"autosens_min":0.7,"variable_sens":134.8,"insulinDivisor":75,"TDD":12.158377904761904},"autosens_data":{"ratio":0.8248343731727119},"meal_data":{"carbs":15,"mealCOB":13.691199999999998,"slopeFromMaxDeviation":-0.6869999999999993,"slopeFromMinDeviation":1.144125,"lastBolusTime":1704101411056,"lastCarbTime":1704101401602},"microBolusAllowed":true,"currentTime":1704102198792,"flatBGsDetected":false,"tdd1D":14.612499999999995,"tdd7D":16.776095238095234,"tddLast24H":13.8375,"tddLast4H":2.9833333333333334,"tddLast8to4H":0.9041666666666669},"output":{"temp":"absolute","bg":150,"tick":"+4","eventualBG":80,"targetBG":90,"insulinReq":0,"deliverAt":"2024-01-01T09:43:18.792Z","sensitivityRatio":1.2,"variable_sens":134.8,"predBGs":{"IOB":[150,153,154,152,148,143,136,128,118,106,94,79,62,42,39],"ZT":[150,144,135,125,113,99,84,68,48,39,39,39,39,39,39,39,39,39,39,39,39,39,39,39,39,39,39,39,39,39,39,39,39,39,39,39,39,39,39,39,39,39,39,39,39,39,39,39],"COB":[150,154,156,156,155,153,150,147,144,141,138,135,132,129,127,125,123,121,120,119,117,116,115,114,112,111,110,108,107,105,103,102,99,97,95,93,91,89,88,87,85,84,83,82,82,81,80],"UAM":[150,153,154,153,150,146,140,133,125,116,106,95,82,68,51,39]},"reason":"COB: 13.7, Dev: 63, BGI: -6, ISF: 135, CR: 8.8, Target: 90, minPredBG 49, minGuardBG 48, IOBpredBG 39, COBpredBG 80, UAMpredBG 39; minGuardBG 48<95","COB":13.691199999999998,"IOB":2.047,"duration":60,"rate":0,"timestamp":"2024-01-01T09:43:18.804Z"}}