{"algorithm":"OpenAPSSMBDynamicISFPlugin","input":{"glucoseStatus":{"glucose":103,"noise":0,"delta":6.56,"short_avgdelta":6.56,"long_avgdelta":4.26,"date":1704223075000},"currenttemp":{"temp":"absolute","duration":25,"rate":1.05,"minutesrunning":5},"iob_data":[{"iob":2.135,"basaliob":-0.132,"bolussnooze":1.843,"activity":0.0063,"lastBolusTime":1704222944580,"time":"2024-01-02T19:18:17.434Z","iobWithZeroTemp":{"iob":2.135,"basaliob":-0.132,"bolussnooze":1.843,"activity":0.0063,"lastBolusTime":1704222944580,"time":"2024-01-02T19:18:17.434Z"}},{"iob":2.095,"basaliob":-0.123,"bolussnooze":1.7662,"activity":0.0099,"lastBolusTime":1704222944580,"time":"2024-01-02T19:23:17.434Z","iobWithZeroTemp":{"iob":2.072,"basaliob":-0.146,"bolussnooze":1.7662,"activity":0.0099,"lastBolusTime":1704222944580,"time":"2024-01-02T19:23:17.434Z"}},{"iob":2.038,"basaliob":-0.114,"bolussnooze":1.6437,"activity":0.0127,"lastBolusTime":1704222944580,"time":"2024-01-02T19:28:17.434Z","iobWithZeroTemp":{"iob":1.986,"basaliob":-0.166,"bolussnooze":1.6437,"activity":0.0126,"lastBolusTime":1704222944580,"time":"2024-01-02T19:28:17.434Z"}},{"iob":1.968,"basaliob":-0.106,"bolussnooze":1.4965,"activity":0.0149,"lastBolusTime":1704222944580,"time":"2024-01-02T19:33:17.434Z","iobWithZeroTemp":{"iob":1.887,"basaliob":-0.187,"bolussnooze":1.4965,"activity":0.0147,"lastBolusTime":1704222944580,"time":"2024-01-02T19:33:17.434Z"}},{"iob":1.89,"basaliob":-0.098,"bolussnooze":1.3394,"activity":0.0165,"lastBolusTime":1704222944580,"time":"2024-01-02T19:38:17.434Z","iobWithZeroTemp":{"iob":1.782,"basaliob":-0.206,"bolussnooze":1.3394,"activity":0.0161,"lastBolusTime":1704222944580,"time":"2024-01-02T19:38:17.434Z"}},{"iob":1.805,"basaliob":-0.09,"bolussnooze":1.1822,"activity":0.0174,"lastBolusTime":1704222944580,"time":"2024-01-02T19:43:17.434Z","iobWithZeroTemp":{"iob":1.67,"basaliob":-0.225,"bolussnooze":1.1822,"activity":0.0168,"lastBolusTime":1704222944580,"time":"2024-01-02T19:43:17.434Z"}},{"iob":1.716,"basaliob":-0.083,"bolussnooze":1.0315,"activity":0.0181,"lastBolusTime":1704222944580,"time":"2024-01-02T19:48:17.434Z","iobWithZeroTemp":{"iob":1.556,"basaliob":-0.243,"bolussnooze":1.0315,"activity":0.0173,"lastBolusTime":1704222944580,"time":"2024-01-02T19:48:17.434Z"}},{"iob":1.624,"basaliob":-0.077,"bolussnooze":0.891,"activity":0.0184,"lastBolusTime":1704222944580,"time":"2024-01-02T19:53:17.434Z","iobWithZeroTemp":{"iob":1.439,"basaliob":-0.262,"bolussnooze":0.891,"activity":0.0173,"lastBolusTime":1704222944580,"time":"2024-01-02T19:53:17.434Z"}},{"iob":1.532,"basaliob":-0.07,"bolussnooze":0.7629,"activity":0.0185,"lastBolusTime":1704222944580,"time":"2024-01-02T19:58:17.434Z","iobWithZeroTemp":{"iob":1.324,"basaliob":-0.278,"bolussnooze":0.7629,"activity":0.0172,"lastBolusTime":1704222944580,"time":"2024-01-02T19:58:17.434Z"}},{"iob":1.44,"basaliob":-0.065,"bolussnooze":0.6481,"activity":0.0183,"lastBolusTime":1704222944580,"time":"2024-01-02T20:03:17.434Z","iobWithZeroTemp":{"iob":1.21,"basaliob":-0.295,"bolussnooze":0.6481,"activity":0.0167,"lastBolusTime":1704222944580,"time":"2024-01-02T20:03:17.434Z"}},{"iob":1.349,"basaliob":-0.059,"bolussnooze":0.5465,"activity":0.0179,"lastBolusTime":1704222944580,"time":"2024-01-02T20:08:17.434Z","iobWithZeroTemp":{"iob":1.098,"basaliob":-0.31,"bolussnooze":0.5465,"activity":0.0161,"lastBolusTime":1704222944580,"time":"2024-01-02T20:08:17.434Z"}},{"iob":1.261,"basaliob":-0.054,"bolussnooze":0.4577,"activity":0.0174,"lastBolusTime":1704222944580,"time":"2024-01-02T20:13:17.434Z","iobWithZeroTemp":{"iob":0.991,"basaliob":-0.324,"bolussnooze":0.4577,"activity":0.0153,"lastBolusTime":1704222944580,"time":"2024-01-02T20:13:17.434Z"}},{"iob":1.175,"basaliob":-0.049,"bolussnooze":0.3808,"activity":0.0169,"lastBolusTime":1704222944580,"time":"2024-01-02T20:18:17.434Z","iobWithZeroTemp":{"iob":0.886,"basaliob":-0.338,"bolussnooze":0.3808,"activity":0.0146,"lastBolusTime":1704222944580,"time":"2024-01-02T20:18:17.434Z"}},{"iob":1.092,"basaliob":-0.045,"bolussnooze":0.3148,"activity":0.0162,"lastBolusTime":1704222944580,"time":"2024-01-02T20:23:17.434Z","iobWithZeroTemp":{"iob":0.786,"basaliob":-0.351,"bolussnooze":0.3148,"activity":0.0137,"lastBolusTime":1704222944580,"time":"2024-01-02T20:23:17.434Z"}},{"iob":1.013,"basaliob":-0.041,"bolussnooze":0.2587,"activity":0.0155,"lastBolusTime":1704222944580,"time":"2024-01-02T20:28:17.434Z","iobWithZeroTemp":{"iob":0.691,"basaliob":-0.363,"bolussnooze":0.2587,"activity":0.0127,"lastBolusTime":1704222944580,"time":"2024-01-02T20:28:17.434Z"}},{"iob":0.937,"basaliob":-0.037,"bolussnooze":0.2112,"activity":0.0147,"lastBolusTime":1704222944580,"time":"2024-01-02T20:33:17.434Z","iobWithZeroTemp":{"iob":0.601,"basaliob":-0.373,"bolussnooze":0.2112,"activity":0.0117,"lastBolusTime":1704222944580,"time":"2024-01-02T20:33:17.434Z"}},{"iob":0.865,"basaliob":-0.034,"bolussnooze":0.1713,"activity":0.0139,"lastBolusTime":1704222944580,"time":"2024-01-02T20:38:17.434Z","iobWithZeroTemp":{"iob":0.515,"basaliob":-0.384,"bolussnooze":0.1713,"activity":0.0107,"lastBolusTime":1704222944580,"time":"2024-01-02T20:38:17.434Z"}},{"iob":0.798,"basaliob":-0.03,"bolussnooze":0.138,"activity":0.0132,"lastBolusTime":1704222944580,"time":"2024-01-02T20:43:17.434Z","iobWithZeroTemp":{"iob":0.435,"basaliob":-0.393,"bolussnooze":0.138,"activity":0.0098,"lastBolusTime":1704222944580,"time":"2024-01-02T20:43:17.434Z"}},{"iob":0.734,"basaliob":-0.028,"bolussnooze":0.1104,"activity":0.0123,"lastBolusTime":1704222944580,"time":"2024-01-02T20:48:17.434Z","iobWithZeroTemp":{"iob":0.359,"basaliob":-0.403,"bolussnooze":0.1104,"activity":0.0087,"lastBolusTime":1704222944580,"time":"2024-01-02T20:48:17.434Z"}},{"iob":0.674,"basaliob":-0.025,"bolussnooze":0.0877,"activity":0.0116,"lastBolusTime":1704222944580,"time":"2024-01-02T20:53:17.434Z","iobWithZeroTemp":{"iob":0.289,"basaliob":-0.41,"bolussnooze":0.0877,"activity":0.0078,"lastBolusTime":1704222944580,"time":"2024-01-02T20:53:17.434Z"}},{"iob":0.619,"basaliob":-0.022,"bolussnooze":0.0691,"activity":0.0108,"lastBolusTime":1704222944580,"time":"2024-01-02T20:58:17.434Z","iobWithZeroTemp":{"iob":0.224,"basaliob":-0.417,"bolussnooze":0.0691,"activity":0.0069,"lastBolusTime":1704222944580,"time":"2024-01-02T20:58:17.434Z"}},{"iob":0.566,"basaliob":-0.02,"bolussnooze":0.0539,"activity":0.0101,"lastBolusTime":1704222944580,"time":"2024-01-02T21:03:17.434Z","iobWithZeroTemp":{"iob":0.165,"basaliob":-0.421,"bolussnooze":0.0539,"activity":0.006,"lastBolusTime":1704222944580,"time":"2024-01-02T21:03:17.434Z"}},{"iob":0.517,"basaliob":-0.018,"bolussnooze":0.0417,"activity":0.0094,"lastBolusTime":1704222944580,"time":"2024-01-02T21:08:17.434Z","iobWithZeroTemp":{"iob":0.112,"basaliob":-0.423,"bolussnooze":0.0417,"activity":0.0052,"lastBolusTime":1704222944580,"time":"2024-01-02T21:08:17.434Z"}},{"iob":0.472,"basaliob":-0.016,"bolussnooze":0.0318,"activity":0.0087,"lastBolusTime":1704222944580,"time":"2024-01-02T21:13:17.434Z","iobWithZeroTemp":{"iob":0.063,"basaliob":-0.425,"bolussnooze":0.0318,"activity":0.0044,"lastBolusTime":1704222944580,"time":"2024-01-02T21:13:17.434Z"}},{"iob":0.43,"basaliob":-0.014,"bolussnooze":0.024,"activity":0.0081,"lastBolusTime":1704222944580,"time":"2024-01-02T21:18:17.434Z","iobWithZeroTemp":{"iob":0.018,"basaliob":-0.426,"bolussnooze":0.024,"activity":0.0037,"lastBolusTime":1704222944580,"time":"2024-01-02T21:18:17.434Z"}},{"iob":0.391,"basaliob":-0.013,"bolussnooze":0.0178,"activity":0.0075,"lastBolusTime":1704222944580,"time":"2024-01-02T21:23:17.434Z","iobWithZeroTemp":{"iob":-0.023,"basaliob":-0.427,"bolussnooze":0.0178,"activity":0.003,"lastBolusTime":1704222944580,"time":"2024-01-02T21:23:17.434Z"}},{"iob":0.354,"basaliob":-0.012,"bolussnooze":0.013,"activity":0.0069,"lastBolusTime":1704222944580,"time":"2024-01-02T21:28:17.434Z","iobWithZeroTemp":{"iob":-0.063,"basaliob":-0.429,"bolussnooze":0.013,"activity":0.0023,"lastBolusTime":1704222944580,"time":"2024-01-02T21:28:17.434Z"}},{"iob":0.322,"basaliob":-0.01,"bolussnooze":0.0093,"activity":0.0064,"lastBolusTime":1704222944580,"time":"2024-01-02T21:33:17.434Z","iobWithZeroTemp":{"iob":-0.096,"basaliob":-0.428,"bolussnooze":0.0093,"activity":0.0017,"lastBolusTime":1704222944580,"time":"2024-01-02T21:33:17.434Z"}},{"iob":0.292,"basaliob":-0.009,"bolussnooze":0.0064,"activity":0.0059,"lastBolusTime":1704222944580,"time":"2024-01-02T21:38:17.434Z","iobWithZeroTemp":{"iob":-0.128,"basaliob":-0.429,"bolussnooze":0.0064,"activity":0.0012,"lastBolusTime":1704222944580,"time":"2024-01-02T21:38:17.434Z"}},{"iob":0.264,"basaliob":-0.008,"bolussnooze":0.0043,"activity":0.0053,"lastBolusTime":1704222944580,"time":"2024-01-02T21:43:17.434Z","iobWithZeroTemp":{"iob":-0.157,"basaliob":-0.429,"bolussnooze":0.0043,"activity":5.0E-4,"lastBolusTime":1704222944580,"time":"2024-01-02T21:43:17.434Z"}},{"iob":0.238,"basaliob":-0.007,"bolussnooze":0.0028,"activity":0.0049,"lastBolusTime":1704222944580,"time":"2024-01-02T21:48:17.434Z","iobWithZeroTemp":{"iob":-0.184,"basaliob":-0.429,"bolussnooze":0.0028,"activity":1.0E-4,"lastBolusTime":1704222944580,"time":"2024-01-02T21:48:17.434Z"}},{"iob":0.215,"basaliob":-0.006,"bolussnooze":0.0016,"activity":0.0044,"lastBolusTime":1704222944580,"time":"2024-01-02T21:53:17.434Z","iobWithZeroTemp":{"iob":-0.208,"basaliob":-0.429,"bolussnooze":0.0016,"activity":-5.0E-4,"lastBolusTime":1704222944580,"time":"2024-01-02T21:53:17.434Z"}},{"iob":0.192,"basaliob":-0.006,"bolussnooze":9.0E-4,"activity":0.0041,"lastBolusTime":1704222944580,"time":"2024-01-02T21:58:17.434Z","iobWithZeroTemp":{"iob":-0.232,"basaliob":-0.43,"bolussnooze":9.0E-4,"activity":-8.0E-4,"lastBolusTime":1704222944580,"time":"2024-01-02T21:58:17.434Z"}},{"iob":0.173,"basaliob":-0.005,"bolussnooze":4.0E-4,"activity":0.0038,"lastBolusTime":1704222944580,"time":"2024-01-02T22:03:17.434Z","iobWithZeroTemp":{"iob":-0.247,"basaliob":-0.425,"bolussnooze":4.0E-4,"activity":-0.0011,"lastBolusTime":1704222944580,"time":"2024-01-02T22:03:17.434Z"}},{"iob":0.156,"basaliob":-0.004,"bolussnooze":1.0E-4,"activity":0.0034,"lastBolusTime":1704222944580,"time":"2024-01-02T22:08:17.434Z","iobWithZeroTemp":{"iob":-0.26,"basaliob":-0.42,"bolussnooze":1.0E-4,"activity":-0.0015,"lastBolusTime":1704222944580,"time":"2024-01-02T22:08:17.434Z"}},{"iob":0.139,"basaliob":-0.004,"bolussnooze":0,"activity":0.0031,"lastBolusTime":1704222944580,"time":"2024-01-02T22:13:17.434Z","iobWithZeroTemp":{"iob":-0.274,"basaliob":-0.417,"bolussnooze":0,"activity":-0.0018,"lastBolusTime":1704222944580,"time":"2024-01-02T22:13:17.434Z"}},{"iob":0.125,"basaliob":-0.003,"bolussnooze":0,"activity":0.0028,"lastBolusTime":1704222944580,"time":"2024-01-02T22:18:17.434Z","iobWithZeroTemp":{"iob":-0.284,"basaliob":-0.412,"bolussnooze":0,"activity":-0.0021,"lastBolusTime":1704222944580,"time":"2024-01-02T22:18:17.434Z"}},{"iob":0.111,"basaliob":-0.003,"bolussnooze":0,"activity":0.0025,"lastBolusTime":1704222944580,"time":"2024-01-02T22:23:17.434Z","iobWithZeroTemp":{"iob":-0.294,"basaliob":-0.408,"bolussnooze":0,"activity":-0.0024,"lastBolusTime":1704222944580,"time":"2024-01-02T22:23:17.434Z"}},{"iob":0.099,"basaliob":-0.002,"bolussnooze":0,"activity":0.0023,"lastBolusTime":1704222944580,"time":"2024-01-02T22:28:17.434Z","iobWithZeroTemp":{"iob":-0.303,"basaliob":-0.404,"bolussnooze":0,"activity":-0.0026,"lastBolusTime":1704222944580,"time":"2024-01-02T22:28:17.434Z"}},{"iob":0.088,"basaliob":-0.002,"bolussnooze":0,"activity":0.002,"lastBolusTime":1704222944580,"time":"2024-01-02T22:33:17.434Z","iobWithZeroTemp":{"iob":-0.31,"basaliob":-0.4,"bolussnooze":0,"activity":-0.0029,"lastBolusTime":1704222944580,"time":"2024-01-02T22:33:17.434Z"}},{"iob":0.078,"basaliob":-0.002,"bolussnooze":0,"activity":0.0018,"lastBolusTime":1704222944580,"time":"2024-01-02T22:38:17.434Z","iobWithZeroTemp":{"iob":-0.317,"basaliob":-0.397,"bolussnooze":0,"activity":-0.003,"lastBolusTime":1704222944580,"time":"2024-01-02T22:38:17.434Z"}},{"iob":0.069,"basaliob":-0.002,"bolussnooze":0,"activity":0.0017,"lastBolusTime":1704222944580,"time":"2024-01-02T22:43:17.434Z","iobWithZeroTemp":{"iob":-0.323,"basaliob":-0.394,"bolussnooze":0,"activity":-0.0031,"lastBolusTime":1704222944580,"time":"2024-01-02T22:43:17.434Z"}},{"iob":0.061,"basaliob":-0.001,"bolussnooze":0,"activity":0.0016,"lastBolusTime":1704222944580,"time":"2024-01-02T22:48:17.434Z","iobWithZeroTemp":{"iob":-0.328,"basaliob":-0.39,"bolussnooze":0,"activity":-0.0032,"lastBolusTime":1704222944580,"time":"2024-01-02T22:48:17.434Z"}},{"iob":0.054,"basaliob":-0.001,"bolussnooze":0,"activity":0.0014,"lastBolusTime":1704222944580,"time":"2024-01-02T22:53:17.434Z","iobWithZeroTemp":{"iob":-0.332,"basaliob":-0.387,"bolussnooze":0,"activity":-0.0033,"lastBolusTime":1704222944580,"time":"2024-01-02T22:53:17.434Z"}},{"iob":0.047,"basaliob":-0.001,"bolussnooze":0,"activity":0.0013,"lastBolusTime":1704222944580,"time":"2024-01-02T22:58:17.434Z","iobWithZeroTemp":{"iob":-0.336,"basaliob":-0.384,"bolussnooze":0,"activity":-0.0034,"lastBolusTime":1704222944580,"time":"2024-01-02T22:58:17.434Z"}},{"iob":0.041,"basaliob":-0.001,"bolussnooze":0,"activity":0.0011,"lastBolusTime":1704222944580,"time":"2024-01-02T23:03:17.434Z","iobWithZeroTemp":{"iob":-0.339,"basaliob":-0.381,"bolussnooze":0,"activity":-0.0036,"lastBolusTime":1704222944580,"time":"2024-01-02T23:03:17.434Z"}},{"iob":0.036,"basaliob":-0.001,"bolussnooze":0,"activity":0.001,"lastBolusTime":1704222944580,"time":"2024-01-02T23:08:17.434Z","iobWithZeroTemp":{"iob":-0.342,"basaliob":-0.379,"bolussnooze":0,"activity":-0.0036,"lastBolusTime":1704222944580,"time":"2024-01-02T23:08:17.434Z"}},{"iob":0.031,"basaliob":-0.001,"bolussnooze":0,"activity":9.0E-4,"lastBolusTime":1704222944580,"time":"2024-01-02T23:13:17.434Z","iobWithZeroTemp":{"iob":-0.345,"basaliob":-0.377,"bolussnooze":0,"activity":-0.0037,"lastBolusTime":1704222944580,"time":"2024-01-02T23:13:17.434Z"}}],"profile":{"max_iob":10,"type":"current","max_daily_basal":0.35,"max_basal":1.05,"min_bg":75,"max_bg":75,"target_bg":75,"carb_ratio":8.8,"sens":120,"max_daily_safety_multiplier":3,"current_basal_safety_multiplier":4,"lgsThreshold":95,"high_temptarget_raises_sensitivity":true,"low_temptarget_lowers_sensitivity":true,"sensitivity_raises_target":true,"resistance_lowers_target":true,"adv_target_adjustments":false,"exercise_mode":false,"half_basal_exercise_target":160,"maxCOB":120,"skip_neutral_temps":false,"remainingCarbsCap":90,"enableUAM":true,"A52_risk_enable":false,"SMBInterval":6,"enableSMB_with_COB":true,"enableSMB_with_temptarget":true,"allowSMB_with_high_temptarget":false,"enableSMB_always":false,"enableSMB_after_carbs":true,"maxSMBBasalMinutes":45,"maxUAMSMBBasalMinutes":40,"bolus_increment":0.05,"carbsReqThreshold":2,"current_basal":0.35,"temptargetSet":true,"autosens_max":1.3,"autosens_min":0.7,"variable_sens":150.3,"insulinDivisor":75,"TDD":13.858037714285715},"autosens_data":{"ratio":0.8748606577993681},"meal_data":{"carbs":36,"mealCOB":18.24453333333333,"slopeFromMaxDeviation":-0.4187272727272727,"slopeFromMinDeviation":1.759,"lastBolusTime":1704222944580,"lastCarbTime":1704222941339},"microBolusAllowed":true,"currentTime":1704223098433,"flatBGsDetected":false,"tdd1D":10.2375,"tdd7D":15.997785714285714,"tddLast24H":13.995833333333332,"tddLast4H":5.691666666666666,"tddLast8to4H":1.0375},"output":{"temp":"absolute","bg":103,"tick":"+7","eventualBG":91,"targetBG":75,"insulinReq":0,"deliverAt":"2024-01-02T19:18:18.433Z","sensitivityRatio":1.3,"variable_sens":150.3,"predBGs":{"IOB":[103,109,111,110,107,102,94,84,72,57,39,39,39],"ZT":[103,98,91,80,67,51,39,39,39,39,39,39,39,39,39,39,39,39,39,39,39,39,39,39,39,39,39,39,39,39,39,39,39,39,39,39,39,39,39,39,39,39,39,39,39,39,39,39],"COB":[103,110,114,117,119,119,119,119,119,120,120,122,124,127,131,134,137,140,142,144,145,145,145,145,143,142,139,136,132,128,124,120,117,113,111,108,106,104,102,100,98,97,96,95,94,93,92,91],"UAM":[103,109,112,112,111,107,102,96,88,79,68,54,39]},"reason":"COB: 18.2, Dev: 68, BGI: -5, ISF: 150, CR: 8.8, Target: 75, minPredBG -111, minGuardBG -111, IOBpredBG 39, COBpredBG 91, UAMpredBG 39; minGuardBG -111<95","COB":18.24453333333333,"IOB":2.135,"duration":120,"rate":0,"timestamp":"2024-01-02T19:18:18.443Z"}}