{"algorithm":"OpenAPSSMBDynamicISFPlugin","input":{"glucoseStatus":{"glucose":87,"noise":0,"delta":-9,"short_avgdelta":-9,"long_avgdelta":-3.71,"date":1704272276000},"currenttemp":{"temp":"absolute","duration":110,"rate":0,"minutesrunning":10},"iob_data":[{"iob":0.541,"basaliob":-0.309,"bolussnooze":0.2632,"activity":0.0096,"lastBolusTime":1704268197141,"time":"2024-01-03T08:58:22.754Z","iobWithZeroTemp":{"iob":0.541,"basaliob":-0.309,"bolussnooze":0.2632,"activity":0.0096,"lastBolusTime":1704268197141,"time":"2024-01-03T08:58:22.754Z"}},{"iob":0.495,"basaliob":-0.295,"bolussnooze":0.216,"activity":0.0089,"lastBolusTime":1704268197141,"time":"2024-01-03T09:03:22.754Z","iobWithZeroTemp":{"iob":0.475,"basaliob":-0.315,"bolussnooze":0.216,"activity":0.0089,"lastBolusTime":1704268197141,"time":"2024-01-03T09:03:22.754Z"}},{"iob":0.452,"basaliob":-0.28,"bolussnooze":0.1761,"activity":0.0083,"lastBolusTime":1704268197141,"time":"2024-01-03T09:08:22.754Z","iobWithZeroTemp":{"iob":0.407,"basaliob":-0.325,"bolussnooze":0.1761,"activity":0.0082,"lastBolusTime":1704268197141,"time":"2024-01-03T09:08:22.754Z"}},{"iob":0.413,"basaliob":-0.265,"bolussnooze":0.1427,"activity":0.0077,"lastBolusTime":1704268197141,"time":"2024-01-03T09:13:22.754Z","iobWithZeroTemp":{"iob":0.344,"basaliob":-0.334,"bolussnooze":0.1427,"activity":0.0075,"lastBolusTime":1704268197141,"time":"2024-01-03T09:13:22.754Z"}},{"iob":0.375,"basaliob":-0.25,"bolussnooze":0.1148,"activity":0.0071,"lastBolusTime":1704268197141,"time":"2024-01-03T09:18:22.754Z","iobWithZeroTemp":{"iob":0.282,"basaliob":-0.343,"bolussnooze":0.1148,"activity":0.0067,"lastBolusTime":1704268197141,"time":"2024-01-03T09:18:22.754Z"}},{"iob":0.341,"basaliob":-0.235,"bolussnooze":0.0918,"activity":0.0065,"lastBolusTime":1704268197141,"time":"2024-01-03T09:23:22.754Z","iobWithZeroTemp":{"iob":0.226,"basaliob":-0.35,"bolussnooze":0.0918,"activity":0.006,"lastBolusTime":1704268197141,"time":"2024-01-03T09:23:22.754Z"}},{"iob":0.31,"basaliob":-0.22,"bolussnooze":0.0728,"activity":0.0061,"lastBolusTime":1704268197141,"time":"2024-01-03T09:28:22.754Z","iobWithZeroTemp":{"iob":0.173,"basaliob":-0.357,"bolussnooze":0.0728,"activity":0.0054,"lastBolusTime":1704268197141,"time":"2024-01-03T09:28:22.754Z"}},{"iob":0.282,"basaliob":-0.205,"bolussnooze":0.0572,"activity":0.0055,"lastBolusTime":1704268197141,"time":"2024-01-03T09:33:22.754Z","iobWithZeroTemp":{"iob":0.124,"basaliob":-0.363,"bolussnooze":0.0572,"activity":0.0046,"lastBolusTime":1704268197141,"time":"2024-01-03T09:33:22.754Z"}},{"iob":0.255,"basaliob":-0.191,"bolussnooze":0.0446,"activity":0.0051,"lastBolusTime":1704268197141,"time":"2024-01-03T09:38:22.754Z","iobWithZeroTemp":{"iob":0.077,"basaliob":-0.369,"bolussnooze":0.0446,"activity":0.004,"lastBolusTime":1704268197141,"time":"2024-01-03T09:38:22.754Z"}},{"iob":0.23,"basaliob":-0.178,"bolussnooze":0.0344,"activity":0.0047,"lastBolusTime":1704268197141,"time":"2024-01-03T09:43:22.754Z","iobWithZeroTemp":{"iob":0.033,"basaliob":-0.375,"bolussnooze":0.0344,"activity":0.0034,"lastBolusTime":1704268197141,"time":"2024-01-03T09:43:22.754Z"}},{"iob":0.208,"basaliob":-0.165,"bolussnooze":0.0262,"activity":0.0043,"lastBolusTime":1704268197141,"time":"2024-01-03T09:48:22.754Z","iobWithZeroTemp":{"iob":-0.007,"basaliob":-0.38,"bolussnooze":0.0262,"activity":0.0027,"lastBolusTime":1704268197141,"time":"2024-01-03T09:48:22.754Z"}},{"iob":0.187,"basaliob":-0.153,"bolussnooze":0.0197,"activity":0.0039,"lastBolusTime":1704268197141,"time":"2024-01-03T09:53:22.754Z","iobWithZeroTemp":{"iob":-0.045,"basaliob":-0.385,"bolussnooze":0.0197,"activity":0.0021,"lastBolusTime":1704268197141,"time":"2024-01-03T09:53:22.754Z"}},{"iob":0.168,"basaliob":-0.141,"bolussnooze":0.0146,"activity":0.0036,"lastBolusTime":1704268197141,"time":"2024-01-03T09:58:22.754Z","iobWithZeroTemp":{"iob":-0.079,"basaliob":-0.388,"bolussnooze":0.0146,"activity":0.0016,"lastBolusTime":1704268197141,"time":"2024-01-03T09:58:22.754Z"}},{"iob":0.151,"basaliob":-0.13,"bolussnooze":0.0106,"activity":0.0033,"lastBolusTime":1704268197141,"time":"2024-01-03T10:03:22.754Z","iobWithZeroTemp":{"iob":-0.107,"basaliob":-0.388,"bolussnooze":0.0106,"activity":0.0011,"lastBolusTime":1704268197141,"time":"2024-01-03T10:03:22.754Z"}},{"iob":0.136,"basaliob":-0.119,"bolussnooze":0.0075,"activity":0.003,"lastBolusTime":1704268197141,"time":"2024-01-03T10:08:22.754Z","iobWithZeroTemp":{"iob":-0.131,"basaliob":-0.386,"bolussnooze":0.0075,"activity":7.0E-4,"lastBolusTime":1704268197141,"time":"2024-01-03T10:08:22.754Z"}},{"iob":0.121,"basaliob":-0.11,"bolussnooze":0.0052,"activity":0.0027,"lastBolusTime":1704268197141,"time":"2024-01-03T10:13:22.754Z","iobWithZeroTemp":{"iob":-0.155,"basaliob":-0.386,"bolussnooze":0.0052,"activity":2.0E-4,"lastBolusTime":1704268197141,"time":"2024-01-03T10:13:22.754Z"}},{"iob":0.108,"basaliob":-0.101,"bolussnooze":0.0035,"activity":0.0024,"lastBolusTime":1704268197141,"time":"2024-01-03T10:18:22.754Z","iobWithZeroTemp":{"iob":-0.176,"basaliob":-0.385,"bolussnooze":0.0035,"activity":-3.0E-4,"lastBolusTime":1704268197141,"time":"2024-01-03T10:18:22.754Z"}},{"iob":0.097,"basaliob":-0.092,"bolussnooze":0.0022,"activity":0.0023,"lastBolusTime":1704268197141,"time":"2024-01-03T10:23:22.754Z","iobWithZeroTemp":{"iob":-0.194,"basaliob":-0.383,"bolussnooze":0.0022,"activity":-5.0E-4,"lastBolusTime":1704268197141,"time":"2024-01-03T10:23:22.754Z"}},{"iob":0.086,"basaliob":-0.084,"bolussnooze":0.0013,"activity":0.002,"lastBolusTime":1704268197141,"time":"2024-01-03T10:28:22.754Z","iobWithZeroTemp":{"iob":-0.212,"basaliob":-0.382,"bolussnooze":0.0013,"activity":-9.0E-4,"lastBolusTime":1704268197141,"time":"2024-01-03T10:28:22.754Z"}},{"iob":0.076,"basaliob":-0.077,"bolussnooze":7.0E-4,"activity":0.0018,"lastBolusTime":1704268197141,"time":"2024-01-03T10:33:22.754Z","iobWithZeroTemp":{"iob":-0.228,"basaliob":-0.381,"bolussnooze":7.0E-4,"activity":-0.0013,"lastBolusTime":1704268197141,"time":"2024-01-03T10:33:22.754Z"}},{"iob":0.068,"basaliob":-0.07,"bolussnooze":3.0E-4,"activity":0.0017,"lastBolusTime":1704268197141,"time":"2024-01-03T10:38:22.754Z","iobWithZeroTemp":{"iob":-0.241,"basaliob":-0.379,"bolussnooze":3.0E-4,"activity":-0.0015,"lastBolusTime":1704268197141,"time":"2024-01-03T10:38:22.754Z"}},{"iob":0.061,"basaliob":-0.063,"bolussnooze":1.0E-4,"activity":0.0015,"lastBolusTime":1704268197141,"time":"2024-01-03T10:43:22.754Z","iobWithZeroTemp":{"iob":-0.253,"basaliob":-0.377,"bolussnooze":1.0E-4,"activity":-0.0018,"lastBolusTime":1704268197141,"time":"2024-01-03T10:43:22.754Z"}},{"iob":0.053,"basaliob":-0.058,"bolussnooze":0,"activity":0.0014,"lastBolusTime":1704268197141,"time":"2024-01-03T10:48:22.754Z","iobWithZeroTemp":{"iob":-0.265,"basaliob":-0.376,"bolussnooze":0,"activity":-0.002,"lastBolusTime":1704268197141,"time":"2024-01-03T10:48:22.754Z"}},{"iob":0.047,"basaliob":-0.052,"bolussnooze":0,"activity":0.0012,"lastBolusTime":1704268197141,"time":"2024-01-03T10:53:22.754Z","iobWithZeroTemp":{"iob":-0.275,"basaliob":-0.374,"bolussnooze":0,"activity":-0.0022,"lastBolusTime":1704268197141,"time":"2024-01-03T10:53:22.754Z"}},{"iob":0.042,"basaliob":-0.047,"bolussnooze":0,"activity":0.001,"lastBolusTime":1704268197141,"time":"2024-01-03T10:58:22.754Z","iobWithZeroTemp":{"iob":-0.283,"basaliob":-0.372,"bolussnooze":0,"activity":-0.0025,"lastBolusTime":1704268197141,"time":"2024-01-03T10:58:22.754Z"}},{"iob":0.036,"basaliob":-0.043,"bolussnooze":0,"activity":9.0E-4,"lastBolusTime":1704268197141,"time":"2024-01-03T11:03:22.754Z","iobWithZeroTemp":{"iob":-0.292,"basaliob":-0.371,"bolussnooze":0,"activity":-0.0027,"lastBolusTime":1704268197141,"time":"2024-01-03T11:03:22.754Z"}},{"iob":0.031,"basaliob":-0.039,"bolussnooze":0,"activity":9.0E-4,"lastBolusTime":1704268197141,"time":"2024-01-03T11:08:22.754Z","iobWithZeroTemp":{"iob":-0.3,"basaliob":-0.37,"bolussnooze":0,"activity":-0.0027,"lastBolusTime":1704268197141,"time":"2024-01-03T11:08:22.754Z"}},{"iob":0.027,"basaliob":-0.035,"bolussnooze":0,"activity":8.0E-4,"lastBolusTime":1704268197141,"time":"2024-01-03T11:13:22.754Z","iobWithZeroTemp":{"iob":-0.307,"basaliob":-0.369,"bolussnooze":0,"activity":-0.0029,"lastBolusTime":1704268197141,"time":"2024-01-03T11:13:22.754Z"}},{"iob":0.024,"basaliob":-0.031,"bolussnooze":0,"activity":7.0E-4,"lastBolusTime":1704268197141,"time":"2024-01-03T11:18:22.754Z","iobWithZeroTemp":{"iob":-0.312,"basaliob":-0.367,"bolussnooze":0,"activity":-0.0031,"lastBolusTime":1704268197141,"time":"2024-01-03T11:18:22.754Z"}},{"iob":0.021,"basaliob":-0.028,"bolussnooze":0,"activity":6.0E-4,"lastBolusTime":1704268197141,"time":"2024-01-03T11:23:22.754Z","iobWithZeroTemp":{"iob":-0.317,"basaliob":-0.366,"bolussnooze":0,"activity":-0.0032,"lastBolusTime":1704268197141,"time":"2024-01-03T11:23:22.754Z"}},{"iob":0.018,"basaliob":-0.025,"bolussnooze":0,"activity":5.0E-4,"lastBolusTime":1704268197141,"time":"2024-01-03T11:28:22.754Z","iobWithZeroTemp":{"iob":-0.321,"basaliob":-0.364,"bolussnooze":0,"activity":-0.0033,"lastBolusTime":1704268197141,"time":"2024-01-03T11:28:22.754Z"}},{"iob":0.016,"basaliob":-0.022,"bolussnooze":0,"activity":5.0E-4,"lastBolusTime":1704268197141,"time":"2024-01-03T11:33:22.754Z","iobWithZeroTemp":{"iob":-0.325,"basaliob":-0.363,"bolussnooze":0,"activity":-0.0034,"lastBolusTime":1704268197141,"time":"2024-01-03T11:33:22.754Z"}},{"iob":0.013,"basaliob":-0.02,"bolussnooze":0,"activity":4.0E-4,"lastBolusTime":1704268197141,"time":"2024-01-03T11:38:22.754Z","iobWithZeroTemp":{"iob":-0.329,"basaliob":-0.362,"bolussnooze":0,"activity":-0.0035,"lastBolusTime":1704268197141,"time":"2024-01-03T11:38:22.754Z"}},{"iob":0.011,"basaliob":-0.018,"bolussnooze":0,"activity":4.0E-4,"lastBolusTime":1704268197141,"time":"2024-01-03T11:43:22.754Z","iobWithZeroTemp":{"iob":-0.333,"basaliob":-0.362,"bolussnooze":0,"activity":-0.0035,"lastBolusTime":1704268197141,"time":"2024-01-03T11:43:22.754Z"}},{"iob":0.009,"basaliob":-0.016,"bolussnooze":0,"activity":3.0E-4,"lastBolusTime":1704268197141,"time":"2024-01-03T11:48:22.754Z","iobWithZeroTemp":{"iob":-0.336,"basaliob":-0.361,"bolussnooze":0,"activity":-0.0037,"lastBolusTime":1704268197141,"time":"2024-01-03T11:48:22.754Z"}},{"iob":0.008,"basaliob":-0.014,"bolussnooze":0,"activity":3.0E-4,"lastBolusTime":1704268197141,"time":"2024-01-03T11:53:22.754Z","iobWithZeroTemp":{"iob":-0.337,"basaliob":-0.359,"bolussnooze":0,"activity":-0.0037,"lastBolusTime":1704268197141,"time":"2024-01-03T11:53:22.754Z"}},{"iob":0.006,"basaliob":-0.013,"bolussnooze":0,"activity":3.0E-4,"lastBolusTime":1704268197141,"time":"2024-01-03T11:58:22.754Z","iobWithZeroTemp":{"iob":-0.34,"basaliob":-0.359,"bolussnooze":0,"activity":-0.0037,"lastBolusTime":1704268197141,"time":"2024-01-03T11:58:22.754Z"}},{"iob":0.005,"basaliob":-0.011,"bolussnooze":0,"activity":2.0E-4,"lastBolusTime":1704268197141,"time":"2024-01-03T12:03:22.754Z","iobWithZeroTemp":{"iob":-0.342,"basaliob":-0.358,"bolussnooze":0,"activity":-0.0038,"lastBolusTime":1704268197141,"time":"2024-01-03T12:03:22.754Z"}},{"iob":0.004,"basaliob":-0.01,"bolussnooze":0,"activity":2.0E-4,"lastBolusTime":1704268197141,"time":"2024-01-03T12:08:22.754Z","iobWithZeroTemp":{"iob":-0.344,"basaliob":-0.358,"bolussnooze":0,"activity":-0.0039,"lastBolusTime":1704268197141,"time":"2024-01-03T12:08:22.754Z"}},{"iob":0.003,"basaliob":-0.009,"bolussnooze":0,"activity":2.0E-4,"lastBolusTime":1704268197141,"time":"2024-01-03T12:13:22.754Z","iobWithZeroTemp":{"iob":-0.345,"basaliob":-0.357,"bolussnooze":0,"activity":-0.0039,"lastBolusTime":1704268197141,"time":"2024-01-03T12:13:22.754Z"}},{"iob":0.002,"basaliob":-0.008,"bolussnooze":0,"activity":1.0E-4,"lastBolusTime":1704268197141,"time":"2024-01-03T12:18:22.754Z","iobWithZeroTemp":{"iob":-0.347,"basaliob":-0.357,"bolussnooze":0,"activity":-0.004,"lastBolusTime":1704268197141,"time":"2024-01-03T12:18:22.754Z"}},{"iob":0.002,"basaliob":-0.007,"bolussnooze":0,"activity":1.0E-4,"lastBolusTime":1704268197141,"time":"2024-01-03T12:23:22.754Z","iobWithZeroTemp":{"iob":-0.347,"basaliob":-0.356,"bolussnooze":0,"activity":-0.004,"lastBolusTime":1704268197141,"time":"2024-01-03T12:23:22.754Z"}},{"iob":0.001,"basaliob":-0.006,"bolussnooze":0,"activity":1.0E-4,"lastBolusTime":1704268197141,"time":"2024-01-03T12:28:22.754Z","iobWithZeroTemp":{"iob":-0.348,"basaliob":-0.355,"bolussnooze":0,"activity":-0.004,"lastBolusTime":1704268197141,"time":"2024-01-03T12:28:22.754Z"}},{"iob":0.001,"basaliob":-0.005,"bolussnooze":0,"activity":1.0E-4,"lastBolusTime":1704268197141,"time":"2024-01-03T12:33:22.754Z","iobWithZeroTemp":{"iob":-0.349,"basaliob":-0.355,"bolussnooze":0,"activity":-0.004,"lastBolusTime":1704268197141,"time":"2024-01-03T12:33:22.754Z"}},{"iob":0.001,"basaliob":-0.004,"bolussnooze":0,"activity":1.0E-4,"lastBolusTime":1704268197141,"time":"2024-01-03T12:38:22.754Z","iobWithZeroTemp":{"iob":-0.349,"basaliob":-0.354,"bolussnooze":0,"activity":-0.004,"lastBolusTime":1704268197141,"time":"2024-01-03T12:38:22.754Z"}},{"iob":0,"basaliob":-0.004,"bolussnooze":0,"activity":1.0E-4,"lastBolusTime":1704268197141,"time":"2024-01-03T12:43:22.754Z","iobWithZeroTemp":{"iob":-0.35,"basaliob":-0.354,"bolussnooze":0,"activity":-0.004,"lastBolusTime":1704268197141,"time":"2024-01-03T12:43:22.754Z"}},{"iob":0,"basaliob":-0.003,"bolussnooze":0,"activity":0,"lastBolusTime":1704268197141,"time":"2024-01-03T12:48:22.754Z","iobWithZeroTemp":{"iob":-0.35,"basaliob":-0.353,"bolussnooze":0,"activity":-0.0041,"lastBolusTime":1704268197141,"time":"2024-01-03T12:48:22.754Z"}},{"iob":0,"basaliob":-0.003,"bolussnooze":0,"activity":0,"lastBolusTime":1704268197141,"time":"2024-01-03T12:53:22.754Z","iobWithZeroTemp":{"iob":-0.35,"basaliob":-0.353,"bolussnooze":0,"activity":-0.0041,"lastBolusTime":1704268197141,"time":"2024-01-03T12:53:22.754Z"}}],"profile":{"max_iob":10,"type":"current","max_daily_basal":0.35,"max_basal":1.05,"min_bg":90,"max_bg":90,"target_bg":90,"carb_ratio":8.8,"sens":120,"max_daily_safety_multiplier":3,"current_basal_safety_multiplier":4,"lgsThreshold":95,"high_temptarget_raises_sensitivity":true,"low_temptarget_lowers_sensitivity":true,"sensitivity_raises_target":true,"resistance_lowers_target":true,"adv_target_adjustments":false,"exercise_mode":false,"half_basal_exercise_target":160,"maxCOB":120,"skip_neutral_temps":false,"remainingCarbsCap":90,"enableUAM":true,"A52_risk_enable":false,"SMBInterval":6,"enableSMB_with_COB":true,"enableSMB_with_temptarget":true,"allowSMB_with_high_temptarget":false,"enableSMB_always":false,"enableSMB_after_carbs":true,"maxSMBBasalMinutes":45,"maxUAMSMBBasalMinutes":40,"bolus_increment":0.05,"carbsReqThreshold":2,"current_basal":0.35,"temptargetSet":false,"autosens_max":1.3,"autosens_min":0.7,"variable_sens":214.3,"insulinDivisor":75,"TDD":10.905729523809525},"autosens_data":{"ratio":0.8399165092933109},"meal_data":{"carbs":13,"mealCOB":5.877866666666668,"slopeFromMaxDeviation":-3.5650000000000004,"slopeFromMinDeviation":0,"lastBolusTime":1704268197141,"lastCarbTime":1704268190191},"microBolusAllowed":true,"currentTime":1704272304265,"flatBGsDetected":false,"tdd1D":14.054166666666665,"tdd7D":14.971726190476188,"tddLast24H":12.575,"tddLast4H":2.404166666666667,"tddLast8to4H":0.9625000000000005},"output":{"temp":"absolute","bg":87,"tick":-9,"eventualBG":92,"targetBG":96,"insulinReq":0,"deliverAt":"2024-01-03T08:58:24.265Z","sensitivityRatio":0.8399165092933109,"variable_sens":214.3,"predBGs":{"IOB":[87,78,69,59,49,39,39,39,39,39,39,39,39],"ZT":[87,77,66,56,44,39,39,39,39,39,39,39,39,39,39,39,39,39,39,39,39,39,39,39,39,39,39,39,39,39,39,39,39,44,51,57,62,67,72,77,81,86,90,94],"COB":[87,78,70,63,56,50,45,40,39,39,39,39,39,39,39,39,39,39,39,39,39,39,39,39,39,39,39,39,40,43,46,49,53,56,59,62,65,68,71,74,76,79,81,84,86,88,90,92],"UAM":[87,77,66,55,44,39,39,39,39,39,39,39,39]},"reason":"COB: 5.9, Dev: 8, BGI: -10, ISF: 214, CR: 8.8, Target: 96, minPredBG -18, minGuardBG -50, IOBpredBG 39, COBpredBG 92, UAMpredBG 39; 3 add'l carbs req w\/in 0m; minGuardBG -50<95","COB":5.877866666666668,"IOB":0.541,"carbsReq":3,"carbsReqWithin":0,"duration":120,"rate":0,"timestamp":"2024-01-03T08:58:24.297Z"}}