{"algorithm":"OpenAPSSMBDynamicISFPlugin","input":{"glucoseStatus":{"glucose":107,"noise":0,"delta":0.5,"short_avgdelta":0.5,"long_avgdelta":-1.09,"date":1704226074000},"currenttemp":{"temp":"absolute","duration":100,"rate":0,"minutesrunning":20},"iob_data":[{"iob":1.144,"basaliob":-0.314,"bolussnooze":0.5467,"activity":0.0162,"lastBolusTime":1704225801544,"time":"2024-01-02T20:08:16.999Z","iobWithZeroTemp":{"iob":1.144,"basaliob":-0.314,"bolussnooze":0.5467,"activity":0.0162,"lastBolusTime":1704225801544,"time":"2024-01-02T20:08:16.999Z"}},{"iob":1.065,"basaliob":-0.299,"bolussnooze":0.4578,"activity":0.0157,"lastBolusTime":1704225801544,"time":"2024-01-02T20:13:16.999Z","iobWithZeroTemp":{"iob":1.042,"basaliob":-0.322,"bolussnooze":0.4578,"activity":0.0157,"lastBolusTime":1704225801544,"time":"2024-01-02T20:13:16.999Z"}},{"iob":0.988,"basaliob":-0.284,"bolussnooze":0.3809,"activity":0.015,"lastBolusTime":1704225801544,"time":"2024-01-02T20:18:16.999Z","iobWithZeroTemp":{"iob":0.936,"basaliob":-0.336,"bolussnooze":0.3809,"activity":0.0149,"lastBolusTime":1704225801544,"time":"2024-01-02T20:18:16.999Z"}},{"iob":0.915,"basaliob":-0.268,"bolussnooze":0.3149,"activity":0.0142,"lastBolusTime":1704225801544,"time":"2024-01-02T20:23:16.999Z","iobWithZeroTemp":{"iob":0.834,"basaliob":-0.349,"bolussnooze":0.3149,"activity":0.014,"lastBolusTime":1704225801544,"time":"2024-01-02T20:23:16.999Z"}},{"iob":0.846,"basaliob":-0.252,"bolussnooze":0.2587,"activity":0.0135,"lastBolusTime":1704225801544,"time":"2024-01-02T20:28:16.999Z","iobWithZeroTemp":{"iob":0.738,"basaliob":-0.36,"bolussnooze":0.2587,"activity":0.0131,"lastBolusTime":1704225801544,"time":"2024-01-02T20:28:16.999Z"}},{"iob":0.78,"basaliob":-0.237,"bolussnooze":0.2112,"activity":0.0127,"lastBolusTime":1704225801544,"time":"2024-01-02T20:33:16.999Z","iobWithZeroTemp":{"iob":0.645,"basaliob":-0.372,"bolussnooze":0.2112,"activity":0.0121,"lastBolusTime":1704225801544,"time":"2024-01-02T20:33:16.999Z"}},{"iob":0.719,"basaliob":-0.221,"bolussnooze":0.1713,"activity":0.012,"lastBolusTime":1704225801544,"time":"2024-01-02T20:38:16.999Z","iobWithZeroTemp":{"iob":0.559,"basaliob":-0.381,"bolussnooze":0.1713,"activity":0.0112,"lastBolusTime":1704225801544,"time":"2024-01-02T20:38:16.999Z"}},{"iob":0.66,"basaliob":-0.207,"bolussnooze":0.1381,"activity":0.0113,"lastBolusTime":1704225801544,"time":"2024-01-02T20:43:16.999Z","iobWithZeroTemp":{"iob":0.475,"basaliob":-0.392,"bolussnooze":0.1381,"activity":0.0102,"lastBolusTime":1704225801544,"time":"2024-01-02T20:43:16.999Z"}},{"iob":0.606,"basaliob":-0.192,"bolussnooze":0.1105,"activity":0.0106,"lastBolusTime":1704225801544,"time":"2024-01-02T20:48:16.999Z","iobWithZeroTemp":{"iob":0.398,"basaliob":-0.4,"bolussnooze":0.1105,"activity":0.0093,"lastBolusTime":1704225801544,"time":"2024-01-02T20:48:16.999Z"}},{"iob":0.555,"basaliob":-0.178,"bolussnooze":0.0877,"activity":0.0098,"lastBolusTime":1704225801544,"time":"2024-01-02T20:53:16.999Z","iobWithZeroTemp":{"iob":0.325,"basaliob":-0.408,"bolussnooze":0.0877,"activity":0.0082,"lastBolusTime":1704225801544,"time":"2024-01-02T20:53:16.999Z"}},{"iob":0.508,"basaliob":-0.165,"bolussnooze":0.0691,"activity":0.0091,"lastBolusTime":1704225801544,"time":"2024-01-02T20:58:16.999Z","iobWithZeroTemp":{"iob":0.257,"basaliob":-0.416,"bolussnooze":0.0691,"activity":0.0073,"lastBolusTime":1704225801544,"time":"2024-01-02T20:58:16.999Z"}},{"iob":0.463,"basaliob":-0.153,"bolussnooze":0.0539,"activity":0.0085,"lastBolusTime":1704225801544,"time":"2024-01-02T21:03:16.999Z","iobWithZeroTemp":{"iob":0.197,"basaliob":-0.419,"bolussnooze":0.0539,"activity":0.0064,"lastBolusTime":1704225801544,"time":"2024-01-02T21:03:16.999Z"}},{"iob":0.422,"basaliob":-0.141,"bolussnooze":0.0417,"activity":0.0079,"lastBolusTime":1704225801544,"time":"2024-01-02T21:08:16.999Z","iobWithZeroTemp":{"iob":0.142,"basaliob":-0.421,"bolussnooze":0.0417,"activity":0.0056,"lastBolusTime":1704225801544,"time":"2024-01-02T21:08:16.999Z"}},{"iob":0.384,"basaliob":-0.13,"bolussnooze":0.0319,"activity":0.0073,"lastBolusTime":1704225801544,"time":"2024-01-02T21:13:16.999Z","iobWithZeroTemp":{"iob":0.09,"basaliob":-0.424,"bolussnooze":0.0319,"activity":0.0048,"lastBolusTime":1704225801544,"time":"2024-01-02T21:13:16.999Z"}},{"iob":0.349,"basaliob":-0.119,"bolussnooze":0.024,"activity":0.0068,"lastBolusTime":1704225801544,"time":"2024-01-02T21:18:16.999Z","iobWithZeroTemp":{"iob":0.043,"basaliob":-0.425,"bolussnooze":0.024,"activity":0.0041,"lastBolusTime":1704225801544,"time":"2024-01-02T21:18:16.999Z"}},{"iob":0.317,"basaliob":-0.109,"bolussnooze":0.0178,"activity":0.0062,"lastBolusTime":1704225801544,"time":"2024-01-02T21:23:16.999Z","iobWithZeroTemp":{"iob":0,"basaliob":-0.426,"bolussnooze":0.0178,"activity":0.0033,"lastBolusTime":1704225801544,"time":"2024-01-02T21:23:16.999Z"}},{"iob":0.287,"basaliob":-0.1,"bolussnooze":0.013,"activity":0.0057,"lastBolusTime":1704225801544,"time":"2024-01-02T21:28:16.999Z","iobWithZeroTemp":{"iob":-0.04,"basaliob":-0.427,"bolussnooze":0.013,"activity":0.0026,"lastBolusTime":1704225801544,"time":"2024-01-02T21:28:16.999Z"}},{"iob":0.259,"basaliob":-0.092,"bolussnooze":0.0093,"activity":0.0052,"lastBolusTime":1704225801544,"time":"2024-01-02T21:33:16.999Z","iobWithZeroTemp":{"iob":-0.077,"basaliob":-0.428,"bolussnooze":0.0093,"activity":0.002,"lastBolusTime":1704225801544,"time":"2024-01-02T21:33:16.999Z"}},{"iob":0.234,"basaliob":-0.084,"bolussnooze":0.0065,"activity":0.0048,"lastBolusTime":1704225801544,"time":"2024-01-02T21:38:16.999Z","iobWithZeroTemp":{"iob":-0.111,"basaliob":-0.429,"bolussnooze":0.0065,"activity":0.0014,"lastBolusTime":1704225801544,"time":"2024-01-02T21:38:16.999Z"}},{"iob":0.212,"basaliob":-0.076,"bolussnooze":0.0043,"activity":0.0044,"lastBolusTime":1704225801544,"time":"2024-01-02T21:43:16.999Z","iobWithZeroTemp":{"iob":-0.14,"basaliob":-0.428,"bolussnooze":0.0043,"activity":9.0E-4,"lastBolusTime":1704225801544,"time":"2024-01-02T21:43:16.999Z"}},{"iob":0.191,"basaliob":-0.069,"bolussnooze":0.0028,"activity":0.004,"lastBolusTime":1704225801544,"time":"2024-01-02T21:48:16.999Z","iobWithZeroTemp":{"iob":-0.168,"basaliob":-0.428,"bolussnooze":0.0028,"activity":3.0E-4,"lastBolusTime":1704225801544,"time":"2024-01-02T21:48:16.999Z"}},{"iob":0.171,"basaliob":-0.063,"bolussnooze":0.0016,"activity":0.0037,"lastBolusTime":1704225801544,"time":"2024-01-02T21:53:16.999Z","iobWithZeroTemp":{"iob":-0.195,"basaliob":-0.429,"bolussnooze":0.0016,"activity":-1.0E-4,"lastBolusTime":1704225801544,"time":"2024-01-02T21:53:16.999Z"}},{"iob":0.154,"basaliob":-0.057,"bolussnooze":9.0E-4,"activity":0.0034,"lastBolusTime":1704225801544,"time":"2024-01-02T21:58:16.999Z","iobWithZeroTemp":{"iob":-0.218,"basaliob":-0.429,"bolussnooze":9.0E-4,"activity":-5.0E-4,"lastBolusTime":1704225801544,"time":"2024-01-02T21:58:16.999Z"}},{"iob":0.138,"basaliob":-0.052,"bolussnooze":4.0E-4,"activity":0.0031,"lastBolusTime":1704225801544,"time":"2024-01-02T22:03:16.999Z","iobWithZeroTemp":{"iob":-0.235,"basaliob":-0.425,"bolussnooze":4.0E-4,"activity":-9.0E-4,"lastBolusTime":1704225801544,"time":"2024-01-02T22:03:16.999Z"}},{"iob":0.123,"basaliob":-0.047,"bolussnooze":1.0E-4,"activity":0.0028,"lastBolusTime":1704225801544,"time":"2024-01-02T22:08:16.999Z","iobWithZeroTemp":{"iob":-0.25,"basaliob":-0.42,"bolussnooze":1.0E-4,"activity":-0.0013,"lastBolusTime":1704225801544,"time":"2024-01-02T22:08:16.999Z"}},{"iob":0.11,"basaliob":-0.042,"bolussnooze":0,"activity":0.0025,"lastBolusTime":1704225801544,"time":"2024-01-02T22:13:16.999Z","iobWithZeroTemp":{"iob":-0.264,"basaliob":-0.416,"bolussnooze":0,"activity":-0.0016,"lastBolusTime":1704225801544,"time":"2024-01-02T22:13:16.999Z"}},{"iob":0.098,"basaliob":-0.038,"bolussnooze":0,"activity":0.0023,"lastBolusTime":1704225801544,"time":"2024-01-02T22:18:16.999Z","iobWithZeroTemp":{"iob":-0.276,"basaliob":-0.412,"bolussnooze":0,"activity":-0.0019,"lastBolusTime":1704225801544,"time":"2024-01-02T22:18:16.999Z"}},{"iob":0.088,"basaliob":-0.034,"bolussnooze":0,"activity":0.0021,"lastBolusTime":1704225801544,"time":"2024-01-02T22:23:16.999Z","iobWithZeroTemp":{"iob":-0.286,"basaliob":-0.408,"bolussnooze":0,"activity":-0.0021,"lastBolusTime":1704225801544,"time":"2024-01-02T22:23:16.999Z"}},{"iob":0.077,"basaliob":-0.031,"bolussnooze":0,"activity":0.0018,"lastBolusTime":1704225801544,"time":"2024-01-02T22:28:16.999Z","iobWithZeroTemp":{"iob":-0.296,"basaliob":-0.404,"bolussnooze":0,"activity":-0.0025,"lastBolusTime":1704225801544,"time":"2024-01-02T22:28:16.999Z"}},{"iob":0.068,"basaliob":-0.028,"bolussnooze":0,"activity":0.0017,"lastBolusTime":1704225801544,"time":"2024-01-02T22:33:16.999Z","iobWithZeroTemp":{"iob":-0.304,"basaliob":-0.4,"bolussnooze":0,"activity":-0.0026,"lastBolusTime":1704225801544,"time":"2024-01-02T22:33:16.999Z"}},{"iob":0.061,"basaliob":-0.025,"bolussnooze":0,"activity":0.0016,"lastBolusTime":1704225801544,"time":"2024-01-02T22:38:16.999Z","iobWithZeroTemp":{"iob":-0.311,"basaliob":-0.397,"bolussnooze":0,"activity":-0.0027,"lastBolusTime":1704225801544,"time":"2024-01-02T22:38:16.999Z"}},{"iob":0.054,"basaliob":-0.022,"bolussnooze":0,"activity":0.0014,"lastBolusTime":1704225801544,"time":"2024-01-02T22:43:16.999Z","iobWithZeroTemp":{"iob":-0.317,"basaliob":-0.393,"bolussnooze":0,"activity":-0.0029,"lastBolusTime":1704225801544,"time":"2024-01-02T22:43:16.999Z"}},{"iob":0.047,"basaliob":-0.02,"bolussnooze":0,"activity":0.0012,"lastBolusTime":1704225801544,"time":"2024-01-02T22:48:16.999Z","iobWithZeroTemp":{"iob":-0.323,"basaliob":-0.39,"bolussnooze":0,"activity":-0.0032,"lastBolusTime":1704225801544,"time":"2024-01-02T22:48:16.999Z"}},{"iob":0.042,"basaliob":-0.017,"bolussnooze":0,"activity":0.0011,"lastBolusTime":1704225801544,"time":"2024-01-02T22:53:16.999Z","iobWithZeroTemp":{"iob":-0.327,"basaliob":-0.386,"bolussnooze":0,"activity":-0.0033,"lastBolusTime":1704225801544,"time":"2024-01-02T22:53:16.999Z"}},{"iob":0.036,"basaliob":-0.016,"bolussnooze":0,"activity":9.0E-4,"lastBolusTime":1704225801544,"time":"2024-01-02T22:58:16.999Z","iobWithZeroTemp":{"iob":-0.332,"basaliob":-0.384,"bolussnooze":0,"activity":-0.0035,"lastBolusTime":1704225801544,"time":"2024-01-02T22:58:16.999Z"}},{"iob":0.032,"basaliob":-0.014,"bolussnooze":0,"activity":9.0E-4,"lastBolusTime":1704225801544,"time":"2024-01-02T23:03:16.999Z","iobWithZeroTemp":{"iob":-0.335,"basaliob":-0.381,"bolussnooze":0,"activity":-0.0035,"lastBolusTime":1704225801544,"time":"2024-01-02T23:03:16.999Z"}},{"iob":0.028,"basaliob":-0.012,"bolussnooze":0,"activity":8.0E-4,"lastBolusTime":1704225801544,"time":"2024-01-02T23:08:16.999Z","iobWithZeroTemp":{"iob":-0.338,"basaliob":-0.378,"bolussnooze":0,"activity":-0.0036,"lastBolusTime":1704225801544,"time":"2024-01-02T23:08:16.999Z"}},{"iob":0.024,"basaliob":-0.011,"bolussnooze":0,"activity":7.0E-4,"lastBolusTime":1704225801544,"time":"2024-01-02T23:13:16.999Z","iobWithZeroTemp":{"iob":-0.341,"basaliob":-0.376,"bolussnooze":0,"activity":-0.0037,"lastBolusTime":1704225801544,"time":"2024-01-02T23:13:16.999Z"}},{"iob":0.021,"basaliob":-0.009,"bolussnooze":0,"activity":7.0E-4,"lastBolusTime":1704225801544,"time":"2024-01-02T23:18:16.999Z","iobWithZeroTemp":{"iob":-0.343,"basaliob":-0.373,"bolussnooze":0,"activity":-0.0037,"lastBolusTime":1704225801544,"time":"2024-01-02T23:18:16.999Z"}},{"iob":0.018,"basaliob":-0.008,"bolussnooze":0,"activity":6.0E-4,"lastBolusTime":1704225801544,"time":"2024-01-02T23:23:16.999Z","iobWithZeroTemp":{"iob":-0.345,"basaliob":-0.371,"bolussnooze":0,"activity":-0.0038,"lastBolusTime":1704225801544,"time":"2024-01-02T23:23:16.999Z"}},{"iob":0.016,"basaliob":-0.007,"bolussnooze":0,"activity":5.0E-4,"lastBolusTime":1704225801544,"time":"2024-01-02T23:28:16.999Z","iobWithZeroTemp":{"iob":-0.347,"basaliob":-0.37,"bolussnooze":0,"activity":-0.0038,"lastBolusTime":1704225801544,"time":"2024-01-02T23:28:16.999Z"}},{"iob":0.014,"basaliob":-0.006,"bolussnooze":0,"activity":4.0E-4,"lastBolusTime":1704225801544,"time":"2024-01-02T23:33:16.999Z","iobWithZeroTemp":{"iob":-0.348,"basaliob":-0.368,"bolussnooze":0,"activity":-0.0039,"lastBolusTime":1704225801544,"time":"2024-01-02T23:33:16.999Z"}},{"iob":0.011,"basaliob":-0.006,"bolussnooze":0,"activity":3.0E-4,"lastBolusTime":1704225801544,"time":"2024-01-02T23:38:16.999Z","iobWithZeroTemp":{"iob":-0.35,"basaliob":-0.367,"bolussnooze":0,"activity":-0.004,"lastBolusTime":1704225801544,"time":"2024-01-02T23:38:16.999Z"}},{"iob":0.009,"basaliob":-0.005,"bolussnooze":0,"activity":4.0E-4,"lastBolusTime":1704225801544,"time":"2024-01-02T23:43:16.999Z","iobWithZeroTemp":{"iob":-0.351,"basaliob":-0.365,"bolussnooze":0,"activity":-0.0039,"lastBolusTime":1704225801544,"time":"2024-01-02T23:43:16.999Z"}},{"iob":0.008,"basaliob":-0.004,"bolussnooze":0,"activity":3.0E-4,"lastBolusTime":1704225801544,"time":"2024-01-02T23:48:16.999Z","iobWithZeroTemp":{"iob":-0.351,"basaliob":-0.363,"bolussnooze":0,"activity":-0.004,"lastBolusTime":1704225801544,"time":"2024-01-02T23:48:16.999Z"}},{"iob":0.006,"basaliob":-0.004,"bolussnooze":0,"activity":3.0E-4,"lastBolusTime":1704225801544,"time":"2024-01-02T23:53:16.999Z","iobWithZeroTemp":{"iob":-0.353,"basaliob":-0.363,"bolussnooze":0,"activity":-0.004,"lastBolusTime":1704225801544,"time":"2024-01-02T23:53:16.999Z"}},{"iob":0.006,"basaliob":-0.003,"bolussnooze":0,"activity":2.0E-4,"lastBolusTime":1704225801544,"time":"2024-01-02T23:58:16.999Z","iobWithZeroTemp":{"iob":-0.352,"basaliob":-0.361,"bolussnooze":0,"activity":-0.0041,"lastBolusTime":1704225801544,"time":"2024-01-02T23:58:16.999Z"}},{"iob":0.004,"basaliob":-0.003,"bolussnooze":0,"activity":2.0E-4,"lastBolusTime":1704225801544,"time":"2024-01-03T00:03:16.999Z","iobWithZeroTemp":{"iob":-0.353,"basaliob":-0.36,"bolussnooze":0,"activity":-0.0041,"lastBolusTime":1704225801544,"time":"2024-01-03T00:03:16.999Z"}}],"profile":{"max_iob":10,"type":"current","max_daily_basal":0.35,"max_basal":1.05,"min_bg":90,"max_bg":90,"target_bg":90,"carb_ratio":8.8,"sens":120,"max_daily_safety_multiplier":3,"current_basal_safety_multiplier":4,"lgsThreshold":95,"high_temptarget_raises_sensitivity":true,"low_temptarget_lowers_sensitivity":true,"sensitivity_raises_target":true,"resistance_lowers_target":true,"adv_target_adjustments":false,"exercise_mode":false,"half_basal_exercise_target":160,"maxCOB":120,"skip_neutral_temps":false,"remainingCarbsCap":90,"enableUAM":true,"A52_risk_enable":false,"SMBInterval":6,"enableSMB_with_COB":true,"enableSMB_with_temptarget":true,"allowSMB_with_high_temptarget":false,"enableSMB_always":false,"enableSMB_after_carbs":true,"maxSMBBasalMinutes":45,"maxUAMSMBBasalMinutes":40,"bolus_increment":0.05,"carbsReqThreshold":2,"current_basal":0.35,"temptargetSet":false,"autosens_max":1.3,"autosens_min":0.7,"variable_sens":162.9,"insulinDivisor":75,"TDD":12.463457714285717},"autosens_data":{"ratio":0.8834555972775995},"meal_data":{"carbs":36,"mealCOB":11.051999999999994,"slopeFromMaxDeviation":-0.3891249999999999,"slopeFromMinDeviation":1.16825,"lastBolusTime":1704225801544,"lastCarbTime":1704222941339},"microBolusAllowed":true,"currentTime":1704226097823,"flatBGsDetected":false,"tdd1D":10.2375,"tdd7D":15.997785714285714,"tddLast24H":14.133333333333333,"tddLast4H":3.3874999999999997,"tddLast8to4H":3.479166666666667},"output":{"temp":"absolute","bg":107,"tick":"+1","eventualBG":162,"targetBG":94,"insulinReq":0.11,"deliverAt":"2024-01-02T20:08:17.823Z","sensitivityRatio":0.8834555972775995,"variable_sens":162.9,"predBGs":{"IOB":[107,106,105,103,100,97,92,87,81,74,66,57,46,39],"ZT":[107,94,80,65,49,39,39,39,39,39,39,39,39,39,39,39,39,39,39,39,39,39,39,39,39,39,39,39,39,39,39,39,39,39,39,39,39,39,39,39,39,39,39,39,39,39,39,39],"COB":[107,107,107,107,107,108,108,109,110,111,112,113,115,116,117,119,120,121,122,123,124,125,126,126,126,126,126,125,125,123,122,121,120,119,118,117,116,116,115,115,114,114,113,113,113,112],"UAM":[107,107,107,108,108,109,110,112,113,115,117,120,122,125,128,131,134,137,140,143,146,149,151,154,156,158,160,162,163,165,166,166,167,167,166,166,165,165,164,164,164,163,163,163,163,162]},"reason":"COB: 11.1, Dev: 82, BGI: -13, ISF: 163, CR: 8.8, Target: 94, minPredBG 112, minGuardBG 107, IOBpredBG 39, COBpredBG 112, UAMpredBG 162; Eventual BG 162 >= 94,  insulinReq 0.11; setting 60m low temp of 0U\/h. Waiting 1m 6s to microbolus again. ","COB":11.051999999999994,"IOB":1.144,"rate":0,"duration":60,"timestamp":"2024-01-02T20:08:17.836Z"}}