{"algorithm":"OpenAPSSMBDynamicISFPlugin","input":{"glucoseStatus":{"glucose":83,"noise":0,"delta":-4.89,"short_avgdelta":-4.89,"long_avgdelta":-2.18,"date":1704076372000},"currenttemp":{"temp":"absolute","duration":83,"rate":0,"minutesrunning":37},"iob_data":[{"iob":0.004,"basaliob":-0.084,"bolussnooze":0,"activity":0.0014,"lastBolusTime":1704071612530,"time":"2024-01-01T02:35:41.402Z","iobWithZeroTemp":{"iob":0.004,"basaliob":-0.084,"bolussnooze":0,"activity":0.0014,"lastBolusTime":1704071612530,"time":"2024-01-01T02:35:41.402Z"}},{"iob":-0.002,"basaliob":-0.082,"bolussnooze":0,"activity":0.0011,"lastBolusTime":1704071612530,"time":"2024-01-01T02:40:41.402Z","iobWithZeroTemp":{"iob":-0.015,"basaliob":-0.095,"bolussnooze":0,"activity":0.0011,"lastBolusTime":1704071612530,"time":"2024-01-01T02:40:41.402Z"}},{"iob":-0.008,"basaliob":-0.081,"bolussnooze":0,"activity":9.0E-4,"lastBolusTime":1704071612530,"time":"2024-01-01T02:45:41.402Z","iobWithZeroTemp":{"iob":-0.038,"basaliob":-0.111,"bolussnooze":0,"activity":8.0E-4,"lastBolusTime":1704071612530,"time":"2024-01-01T02:45:41.402Z"}},{"iob":-0.011,"basaliob":-0.078,"bolussnooze":0,"activity":7.0E-4,"lastBolusTime":1704071612530,"time":"2024-01-01T02:50:41.402Z","iobWithZeroTemp":{"iob":-0.057,"basaliob":-0.124,"bolussnooze":0,"activity":6.0E-4,"lastBolusTime":1704071612530,"time":"2024-01-01T02:50:41.402Z"}},{"iob":-0.014,"basaliob":-0.075,"bolussnooze":0,"activity":6.0E-4,"lastBolusTime":1704071612530,"time":"2024-01-01T02:55:41.402Z","iobWithZeroTemp":{"iob":-0.076,"basaliob":-0.137,"bolussnooze":0,"activity":4.0E-4,"lastBolusTime":1704071612530,"time":"2024-01-01T02:55:41.402Z"}},{"iob":-0.016,"basaliob":-0.072,"bolussnooze":0,"activity":4.0E-4,"lastBolusTime":1704071612530,"time":"2024-01-01T03:00:41.402Z","iobWithZeroTemp":{"iob":-0.093,"basaliob":-0.149,"bolussnooze":0,"activity":1.0E-4,"lastBolusTime":1704071612530,"time":"2024-01-01T03:00:41.402Z"}},{"iob":-0.019,"basaliob":-0.069,"bolussnooze":0,"activity":3.0E-4,"lastBolusTime":1704071612530,"time":"2024-01-01T03:05:41.402Z","iobWithZeroTemp":{"iob":-0.119,"basaliob":-0.169,"bolussnooze":0,"activity":-2.0E-4,"lastBolusTime":1704071612530,"time":"2024-01-01T03:05:41.402Z"}},{"iob":-0.019,"basaliob":-0.065,"bolussnooze":0,"activity":2.0E-4,"lastBolusTime":1704071612530,"time":"2024-01-01T03:10:41.402Z","iobWithZeroTemp":{"iob":-0.141,"basaliob":-0.187,"bolussnooze":0,"activity":-4.0E-4,"lastBolusTime":1704071612530,"time":"2024-01-01T03:10:41.402Z"}},{"iob":-0.021,"basaliob":-0.062,"bolussnooze":0,"activity":1.0E-4,"lastBolusTime":1704071612530,"time":"2024-01-01T03:15:41.402Z","iobWithZeroTemp":{"iob":-0.164,"basaliob":-0.205,"bolussnooze":0,"activity":-7.0E-4,"lastBolusTime":1704071612530,"time":"2024-01-01T03:15:41.402Z"}},{"iob":-0.021,"basaliob":-0.058,"bolussnooze":0,"activity":1.0E-4,"lastBolusTime":1704071612530,"time":"2024-01-01T03:20:41.402Z","iobWithZeroTemp":{"iob":-0.184,"basaliob":-0.221,"bolussnooze":0,"activity":-9.0E-4,"lastBolusTime":1704071612530,"time":"2024-01-01T03:20:41.402Z"}},{"iob":-0.021,"basaliob":-0.055,"bolussnooze":0,"activity":0,"lastBolusTime":1704071612530,"time":"2024-01-01T03:25:41.402Z","iobWithZeroTemp":{"iob":-0.204,"basaliob":-0.238,"bolussnooze":0,"activity":-0.0012,"lastBolusTime":1704071612530,"time":"2024-01-01T03:25:41.402Z"}},{"iob":-0.02,"basaliob":-0.051,"bolussnooze":0,"activity":-1.0E-4,"lastBolusTime":1704071612530,"time":"2024-01-01T03:30:41.402Z","iobWithZeroTemp":{"iob":-0.221,"basaliob":-0.252,"bolussnooze":0,"activity":-0.0015,"lastBolusTime":1704071612530,"time":"2024-01-01T03:30:41.402Z"}},{"iob":-0.021,"basaliob":-0.048,"bolussnooze":0,"activity":-1.0E-4,"lastBolusTime":1704071612530,"time":"2024-01-01T03:35:41.402Z","iobWithZeroTemp":{"iob":-0.239,"basaliob":-0.266,"bolussnooze":0,"activity":-0.0017,"lastBolusTime":1704071612530,"time":"2024-01-01T03:35:41.402Z"}},{"iob":-0.02,"basaliob":-0.045,"bolussnooze":0,"activity":-1.0E-4,"lastBolusTime":1704071612530,"time":"2024-01-01T03:40:41.402Z","iobWithZeroTemp":{"iob":-0.255,"basaliob":-0.28,"bolussnooze":0,"activity":-0.0019,"lastBolusTime":1704071612530,"time":"2024-01-01T03:40:41.402Z"}},{"iob":-0.019,"basaliob":-0.041,"bolussnooze":0,"activity":-1.0E-4,"lastBolusTime":1704071612530,"time":"2024-01-01T03:45:41.402Z","iobWithZeroTemp":{"iob":-0.269,"basaliob":-0.291,"bolussnooze":0,"activity":-0.0021,"lastBolusTime":1704071612530,"time":"2024-01-01T03:45:41.402Z"}},{"iob":-0.018,"basaliob":-0.038,"bolussnooze":0,"activity":-2.0E-4,"lastBolusTime":1704071612530,"time":"2024-01-01T03:50:41.402Z","iobWithZeroTemp":{"iob":-0.282,"basaliob":-0.302,"bolussnooze":0,"activity":-0.0024,"lastBolusTime":1704071612530,"time":"2024-01-01T03:50:41.402Z"}},{"iob":-0.018,"basaliob":-0.036,"bolussnooze":0,"activity":-2.0E-4,"lastBolusTime":1704071612530,"time":"2024-01-01T03:55:41.402Z","iobWithZeroTemp":{"iob":-0.296,"basaliob":-0.314,"bolussnooze":0,"activity":-0.0026,"lastBolusTime":1704071612530,"time":"2024-01-01T03:55:41.402Z"}},{"iob":-0.017,"basaliob":-0.033,"bolussnooze":0,"activity":-1.0E-4,"lastBolusTime":1704071612530,"time":"2024-01-01T04:00:41.402Z","iobWithZeroTemp":{"iob":-0.307,"basaliob":-0.323,"bolussnooze":0,"activity":-0.0027,"lastBolusTime":1704071612530,"time":"2024-01-01T04:00:41.402Z"}},{"iob":-0.016,"basaliob":-0.03,"bolussnooze":0,"activity":-2.0E-4,"lastBolusTime":1704071612530,"time":"2024-01-01T04:05:41.402Z","iobWithZeroTemp":{"iob":-0.318,"basaliob":-0.332,"bolussnooze":0,"activity":-0.003,"lastBolusTime":1704071612530,"time":"2024-01-01T04:05:41.402Z"}},{"iob":-0.015,"basaliob":-0.028,"bolussnooze":0,"activity":-2.0E-4,"lastBolusTime":1704071612530,"time":"2024-01-01T04:10:41.402Z","iobWithZeroTemp":{"iob":-0.327,"basaliob":-0.34,"bolussnooze":0,"activity":-0.0031,"lastBolusTime":1704071612530,"time":"2024-01-01T04:10:41.402Z"}},{"iob":-0.015,"basaliob":-0.026,"bolussnooze":0,"activity":-1.0E-4,"lastBolusTime":1704071612530,"time":"2024-01-01T04:15:41.402Z","iobWithZeroTemp":{"iob":-0.337,"basaliob":-0.348,"bolussnooze":0,"activity":-0.0032,"lastBolusTime":1704071612530,"time":"2024-01-01T04:15:41.402Z"}},{"iob":-0.013,"basaliob":-0.023,"bolussnooze":0,"activity":-2.0E-4,"lastBolusTime":1704071612530,"time":"2024-01-01T04:20:41.402Z","iobWithZeroTemp":{"iob":-0.344,"basaliob":-0.354,"bolussnooze":0,"activity":-0.0034,"lastBolusTime":1704071612530,"time":"2024-01-01T04:20:41.402Z"}},{"iob":-0.012,"basaliob":-0.021,"bolussnooze":0,"activity":-2.0E-4,"lastBolusTime":1704071612530,"time":"2024-01-01T04:25:41.402Z","iobWithZeroTemp":{"iob":-0.352,"basaliob":-0.361,"bolussnooze":0,"activity":-0.0036,"lastBolusTime":1704071612530,"time":"2024-01-01T04:25:41.402Z"}},{"iob":-0.012,"basaliob":-0.02,"bolussnooze":0,"activity":-2.0E-4,"lastBolusTime":1704071612530,"time":"2024-01-01T04:30:41.402Z","iobWithZeroTemp":{"iob":-0.36,"basaliob":-0.368,"bolussnooze":0,"activity":-0.0037,"lastBolusTime":1704071612530,"time":"2024-01-01T04:30:41.402Z"}},{"iob":-0.011,"basaliob":-0.018,"bolussnooze":0,"activity":-1.0E-4,"lastBolusTime":1704071612530,"time":"2024-01-01T04:35:41.402Z","iobWithZeroTemp":{"iob":-0.366,"basaliob":-0.373,"bolussnooze":0,"activity":-0.0037,"lastBolusTime":1704071612530,"time":"2024-01-01T04:35:41.402Z"}},{"iob":-0.01,"basaliob":-0.016,"bolussnooze":0,"activity":-1.0E-4,"lastBolusTime":1704071612530,"time":"2024-01-01T04:40:41.402Z","iobWithZeroTemp":{"iob":-0.371,"basaliob":-0.377,"bolussnooze":0,"activity":-0.0039,"lastBolusTime":1704071612530,"time":"2024-01-01T04:40:41.402Z"}},{"iob":-0.009,"basaliob":-0.015,"bolussnooze":0,"activity":-2.0E-4,"lastBolusTime":1704071612530,"time":"2024-01-01T04:45:41.402Z","iobWithZeroTemp":{"iob":-0.376,"basaliob":-0.382,"bolussnooze":0,"activity":-0.0041,"lastBolusTime":1704071612530,"time":"2024-01-01T04:45:41.402Z"}},{"iob":-0.009,"basaliob":-0.014,"bolussnooze":0,"activity":-2.0E-4,"lastBolusTime":1704071612530,"time":"2024-01-01T04:50:41.402Z","iobWithZeroTemp":{"iob":-0.382,"basaliob":-0.387,"bolussnooze":0,"activity":-0.0042,"lastBolusTime":1704071612530,"time":"2024-01-01T04:50:41.402Z"}},{"iob":-0.008,"basaliob":-0.012,"bolussnooze":0,"activity":-1.0E-4,"lastBolusTime":1704071612530,"time":"2024-01-01T04:55:41.402Z","iobWithZeroTemp":{"iob":-0.386,"basaliob":-0.39,"bolussnooze":0,"activity":-0.0042,"lastBolusTime":1704071612530,"time":"2024-01-01T04:55:41.402Z"}},{"iob":-0.007,"basaliob":-0.011,"bolussnooze":0,"activity":-1.0E-4,"lastBolusTime":1704071612530,"time":"2024-01-01T05:00:41.402Z","iobWithZeroTemp":{"iob":-0.389,"basaliob":-0.393,"bolussnooze":0,"activity":-0.0042,"lastBolusTime":1704071612530,"time":"2024-01-01T05:00:41.402Z"}},{"iob":-0.007,"basaliob":-0.01,"bolussnooze":0,"activity":-1.0E-4,"lastBolusTime":1704071612530,"time":"2024-01-01T05:05:41.402Z","iobWithZeroTemp":{"iob":-0.393,"basaliob":-0.396,"bolussnooze":0,"activity":-0.0043,"lastBolusTime":1704071612530,"time":"2024-01-01T05:05:41.402Z"}},{"iob":-0.006,"basaliob":-0.009,"bolussnooze":0,"activity":-1.0E-4,"lastBolusTime":1704071612530,"time":"2024-01-01T05:10:41.402Z","iobWithZeroTemp":{"iob":-0.396,"basaliob":-0.399,"bolussnooze":0,"activity":-0.0044,"lastBolusTime":1704071612530,"time":"2024-01-01T05:10:41.402Z"}},{"iob":-0.006,"basaliob":-0.008,"bolussnooze":0,"activity":-1.0E-4,"lastBolusTime":1704071612530,"time":"2024-01-01T05:15:41.402Z","iobWithZeroTemp":{"iob":-0.399,"basaliob":-0.401,"bolussnooze":0,"activity":-0.0045,"lastBolusTime":1704071612530,"time":"2024-01-01T05:15:41.402Z"}},{"iob":-0.005,"basaliob":-0.007,"bolussnooze":0,"activity":-1.0E-4,"lastBolusTime":1704071612530,"time":"2024-01-01T05:20:41.402Z","iobWithZeroTemp":{"iob":-0.401,"basaliob":-0.403,"bolussnooze":0,"activity":-0.0045,"lastBolusTime":1704071612530,"time":"2024-01-01T05:20:41.402Z"}},{"iob":-0.005,"basaliob":-0.007,"bolussnooze":0,"activity":0,"lastBolusTime":1704071612530,"time":"2024-01-01T05:25:41.402Z","iobWithZeroTemp":{"iob":-0.404,"basaliob":-0.406,"bolussnooze":0,"activity":-0.0045,"lastBolusTime":1704071612530,"time":"2024-01-01T05:25:41.402Z"}},{"iob":-0.004,"basaliob":-0.006,"bolussnooze":0,"activity":-1.0E-4,"lastBolusTime":1704071612530,"time":"2024-01-01T05:30:41.402Z","iobWithZeroTemp":{"iob":-0.405,"basaliob":-0.407,"bolussnooze":0,"activity":-0.0046,"lastBolusTime":1704071612530,"time":"2024-01-01T05:30:41.402Z"}},{"iob":-0.004,"basaliob":-0.005,"bolussnooze":0,"activity":-1.0E-4,"lastBolusTime":1704071612530,"time":"2024-01-01T05:35:41.402Z","iobWithZeroTemp":{"iob":-0.408,"basaliob":-0.409,"bolussnooze":0,"activity":-0.0047,"lastBolusTime":1704071612530,"time":"2024-01-01T05:35:41.402Z"}},{"iob":-0.004,"basaliob":-0.005,"bolussnooze":0,"activity":-1.0E-4,"lastBolusTime":1704071612530,"time":"2024-01-01T05:40:41.402Z","iobWithZeroTemp":{"iob":-0.41,"basaliob":-0.411,"bolussnooze":0,"activity":-0.0047,"lastBolusTime":1704071612530,"time":"2024-01-01T05:40:41.402Z"}},{"iob":-0.003,"basaliob":-0.004,"bolussnooze":0,"activity":-1.0E-4,"lastBolusTime":1704071612530,"time":"2024-01-01T05:45:41.402Z","iobWithZeroTemp":{"iob":-0.411,"basaliob":-0.412,"bolussnooze":0,"activity":-0.0048,"lastBolusTime":1704071612530,"time":"2024-01-01T05:45:41.402Z"}},{"iob":-0.003,"basaliob":-0.004,"bolussnooze":0,"activity":-1.0E-4,"lastBolusTime":1704071612530,"time":"2024-01-01T05:50:41.402Z","iobWithZeroTemp":{"iob":-0.412,"basaliob":-0.413,"bolussnooze":0,"activity":-0.0048,"lastBolusTime":1704071612530,"time":"2024-01-01T05:50:41.402Z"}},{"iob":-0.002,"basaliob":-0.003,"bolussnooze":0,"activity":-1.0E-4,"lastBolusTime":1704071612530,"time":"2024-01-01T05:55:41.402Z","iobWithZeroTemp":{"iob":-0.413,"basaliob":-0.414,"bolussnooze":0,"activity":-0.0048,"lastBolusTime":1704071612530,"time":"2024-01-01T05:55:41.402Z"}},{"iob":-0.002,"basaliob":-0.003,"bolussnooze":0,"activity":-1.0E-4,"lastBolusTime":1704071612530,"time":"2024-01-01T06:00:41.402Z","iobWithZeroTemp":{"iob":-0.414,"basaliob":-0.415,"bolussnooze":0,"activity":-0.0049,"lastBolusTime":1704071612530,"time":"2024-01-01T06:00:41.402Z"}},{"iob":-0.003,"basaliob":-0.003,"bolussnooze":0,"activity":-1.0E-4,"lastBolusTime":1704071612530,"time":"2024-01-01T06:05:41.402Z","iobWithZeroTemp":{"iob":-0.416,"basaliob":-0.416,"bolussnooze":0,"activity":-0.0049,"lastBolusTime":1704071612530,"time":"2024-01-01T06:05:41.402Z"}},{"iob":-0.002,"basaliob":-0.002,"bolussnooze":0,"activity":-1.0E-4,"lastBolusTime":1704071612530,"time":"2024-01-01T06:10:41.402Z","iobWithZeroTemp":{"iob":-0.416,"basaliob":-0.416,"bolussnooze":0,"activity":-0.0049,"lastBolusTime":1704071612530,"time":"2024-01-01T06:10:41.402Z"}},{"iob":-0.002,"basaliob":-0.002,"bolussnooze":0,"activity":-1.0E-4,"lastBolusTime":1704071612530,"time":"2024-01-01T06:15:41.402Z","iobWithZeroTemp":{"iob":-0.417,"basaliob":-0.417,"bolussnooze":0,"activity":-0.0049,"lastBolusTime":1704071612530,"time":"2024-01-01T06:15:41.402Z"}},{"iob":-0.002,"basaliob":-0.002,"bolussnooze":0,"activity":0,"lastBolusTime":1704071612530,"time":"2024-01-01T06:20:41.402Z","iobWithZeroTemp":{"iob":-0.418,"basaliob":-0.418,"bolussnooze":0,"activity":-0.0049,"lastBolusTime":1704071612530,"time":"2024-01-01T06:20:41.402Z"}},{"iob":-0.002,"basaliob":-0.002,"bolussnooze":0,"activity":0,"lastBolusTime":1704071612530,"time":"2024-01-01T06:25:41.402Z","iobWithZeroTemp":{"iob":-0.418,"basaliob":-0.418,"bolussnooze":0,"activity":-0.0049,"lastBolusTime":1704071612530,"time":"2024-01-01T06:25:41.402Z"}},{"iob":-0.001,"basaliob":-0.001,"bolussnooze":0,"activity":0,"lastBolusTime":1704071612530,"time":"2024-01-01T06:30:41.402Z","iobWithZeroTemp":{"iob":-0.418,"basaliob":-0.418,"bolussnooze":0,"activity":-0.0049,"lastBolusTime":1704071612530,"time":"2024-01-01T06:30:41.402Z"}}],"profile":{"max_iob":10,"type":"current","max_daily_basal":0.35,"max_basal":0.8,"min_bg":130,"max_bg":130,"target_bg":130,"carb_ratio":8.8,"sens":120,"max_daily_safety_multiplier":3,"current_basal_safety_multiplier":4,"lgsThreshold":95,"high_temptarget_raises_sensitivity":true,"low_temptarget_lowers_sensitivity":true,"sensitivity_raises_target":true,"resistance_lowers_target":true,"adv_target_adjustments":false,"exercise_mode":false,"half_basal_exercise_target":160,"maxCOB":120,"skip_neutral_temps":false,"remainingCarbsCap":90,"enableUAM":true,"A52_risk_enable":false,"SMBInterval":6,"enableSMB_with_COB":true,"enableSMB_with_temptarget":true,"allowSMB_with_high_temptarget":false,"enableSMB_always":false,"enableSMB_after_carbs":true,"maxSMBBasalMinutes":30,"maxUAMSMBBasalMinutes":45,"bolus_increment":0.05,"carbsReqThreshold":2,"current_basal":0.2,"temptargetSet":true,"autosens_max":1.3,"autosens_min":0.7,"variable_sens":220.3,"insulinDivisor":75,"TDD":10.966417904761904},"autosens_data":{"ratio":0.8663120426457147},"meal_data":{"carbs":0,"mealCOB":0,"slopeFromMaxDeviation":-2.4835000000000003,"slopeFromMinDeviation":0.3509090909090909,"lastBolusTime":1704071612530,"lastCarbTime":0},"microBolusAllowed":true,"currentTime":1704076542505,"flatBGsDetected":false,"tdd1D":14.612499999999995,"tdd7D":16.776095238095234,"tddLast24H":14.53333333333333,"tddLast4H":0.6833333333333333,"tddLast8to4H":3.7625},"output":{"temp":"absolute","bg":83,"tick":-5,"eventualBG":78,"targetBG":130,"insulinReq":0,"deliverAt":"2024-01-01T02:35:42.505Z","sensitivityRatio":0.67,"variable_sens":220.3,"predBGs":{"IOB":[83,78,74,71,68,65,63,61,60,59,58,58,58,58,58,58,59,59,59,59,60,60,60,60,61,61,61,61,62,62,62,62,62,62,62,62,62,63,63,63,63,63,63,63,64],"ZT":[83,81,80,79,79,78,78,78,79,80,81,82,84,85,88,90,92,95,98,101,104,107,110,113,116,120,123,126,130]},"reason":"COB: 0, Dev: -4, BGI: -2, ISF: 220, CR: 8.8, Target: 130, minPredBG 68, minGuardBG 58, IOBpredBG 64; minGuardBG 58<95 83m left and 0 ~ req 0U\/hr: no temp required","COB":0,"IOB":0.004,"timestamp":"2024-01-01T02:35:42.538Z"}}