{"algorithm":"OpenAPSSMBDynamicISFPlugin","input":{"glucoseStatus":{"glucose":88,"noise":0,"delta":-2.83,"short_avgdelta":-2.83,"long_avgdelta":-0.4,"date":1704131273000},"currenttemp":{"temp":"absolute","duration":105,"rate":0,"minutesrunning":15},"iob_data":[{"iob":-0.015,"basaliob":-0.083,"bolussnooze":0,"activity":7.0E-4,"lastBolusTime":1704125002184,"time":"2024-01-01T17:48:16.824Z","iobWithZeroTemp":{"iob":-0.015,"basaliob":-0.083,"bolussnooze":0,"activity":7.0E-4,"lastBolusTime":1704125002184,"time":"2024-01-01T17:48:16.824Z"}},{"iob":-0.017,"basaliob":-0.079,"bolussnooze":0,"activity":5.0E-4,"lastBolusTime":1704125002184,"time":"2024-01-01T17:53:16.824Z","iobWithZeroTemp":{"iob":-0.024,"basaliob":-0.086,"bolussnooze":0,"activity":5.0E-4,"lastBolusTime":1704125002184,"time":"2024-01-01T17:53:16.824Z"}},{"iob":-0.019,"basaliob":-0.075,"bolussnooze":0,"activity":3.0E-4,"lastBolusTime":1704125002184,"time":"2024-01-01T17:58:16.824Z","iobWithZeroTemp":{"iob":-0.034,"basaliob":-0.09,"bolussnooze":0,"activity":3.0E-4,"lastBolusTime":1704125002184,"time":"2024-01-01T17:58:16.824Z"}},{"iob":-0.021,"basaliob":-0.071,"bolussnooze":0,"activity":2.0E-4,"lastBolusTime":1704125002184,"time":"2024-01-01T18:03:16.824Z","iobWithZeroTemp":{"iob":-0.044,"basaliob":-0.094,"bolussnooze":0,"activity":1.0E-4,"lastBolusTime":1704125002184,"time":"2024-01-01T18:03:16.824Z"}},{"iob":-0.022,"basaliob":-0.067,"bolussnooze":0,"activity":2.0E-4,"lastBolusTime":1704125002184,"time":"2024-01-01T18:08:16.824Z","iobWithZeroTemp":{"iob":-0.053,"basaliob":-0.098,"bolussnooze":0,"activity":1.0E-4,"lastBolusTime":1704125002184,"time":"2024-01-01T18:08:16.824Z"}},{"iob":-0.022,"basaliob":-0.063,"bolussnooze":0,"activity":1.0E-4,"lastBolusTime":1704125002184,"time":"2024-01-01T18:13:16.824Z","iobWithZeroTemp":{"iob":-0.06,"basaliob":-0.101,"bolussnooze":0,"activity":-1.0E-4,"lastBolusTime":1704125002184,"time":"2024-01-01T18:13:16.824Z"}},{"iob":-0.023,"basaliob":-0.059,"bolussnooze":0,"activity":0,"lastBolusTime":1704125002184,"time":"2024-01-01T18:18:16.824Z","iobWithZeroTemp":{"iob":-0.069,"basaliob":-0.105,"bolussnooze":0,"activity":-2.0E-4,"lastBolusTime":1704125002184,"time":"2024-01-01T18:18:16.824Z"}},{"iob":-0.022,"basaliob":-0.055,"bolussnooze":0,"activity":-1.0E-4,"lastBolusTime":1704125002184,"time":"2024-01-01T18:23:16.824Z","iobWithZeroTemp":{"iob":-0.075,"basaliob":-0.108,"bolussnooze":0,"activity":-4.0E-4,"lastBolusTime":1704125002184,"time":"2024-01-01T18:23:16.824Z"}},{"iob":-0.023,"basaliob":-0.052,"bolussnooze":0,"activity":0,"lastBolusTime":1704125002184,"time":"2024-01-01T18:28:16.824Z","iobWithZeroTemp":{"iob":-0.082,"basaliob":-0.111,"bolussnooze":0,"activity":-4.0E-4,"lastBolusTime":1704125002184,"time":"2024-01-01T18:28:16.824Z"}},{"iob":-0.022,"basaliob":-0.048,"bolussnooze":0,"activity":-1.0E-4,"lastBolusTime":1704125002184,"time":"2024-01-01T18:33:16.824Z","iobWithZeroTemp":{"iob":-0.088,"basaliob":-0.114,"bolussnooze":0,"activity":-5.0E-4,"lastBolusTime":1704125002184,"time":"2024-01-01T18:33:16.824Z"}},{"iob":-0.021,"basaliob":-0.044,"bolussnooze":0,"activity":-2.0E-4,"lastBolusTime":1704125002184,"time":"2024-01-01T18:38:16.824Z","iobWithZeroTemp":{"iob":-0.093,"basaliob":-0.116,"bolussnooze":0,"activity":-7.0E-4,"lastBolusTime":1704125002184,"time":"2024-01-01T18:38:16.824Z"}},{"iob":-0.02,"basaliob":-0.041,"bolussnooze":0,"activity":-1.0E-4,"lastBolusTime":1704125002184,"time":"2024-01-01T18:43:16.824Z","iobWithZeroTemp":{"iob":-0.097,"basaliob":-0.118,"bolussnooze":0,"activity":-7.0E-4,"lastBolusTime":1704125002184,"time":"2024-01-01T18:43:16.824Z"}},{"iob":-0.02,"basaliob":-0.038,"bolussnooze":0,"activity":-2.0E-4,"lastBolusTime":1704125002184,"time":"2024-01-01T18:48:16.824Z","iobWithZeroTemp":{"iob":-0.102,"basaliob":-0.12,"bolussnooze":0,"activity":-9.0E-4,"lastBolusTime":1704125002184,"time":"2024-01-01T18:48:16.824Z"}},{"iob":-0.019,"basaliob":-0.035,"bolussnooze":0,"activity":-2.0E-4,"lastBolusTime":1704125002184,"time":"2024-01-01T18:53:16.824Z","iobWithZeroTemp":{"iob":-0.106,"basaliob":-0.122,"bolussnooze":0,"activity":-9.0E-4,"lastBolusTime":1704125002184,"time":"2024-01-01T18:53:16.824Z"}},{"iob":-0.018,"basaliob":-0.032,"bolussnooze":0,"activity":-1.0E-4,"lastBolusTime":1704125002184,"time":"2024-01-01T18:58:16.824Z","iobWithZeroTemp":{"iob":-0.11,"basaliob":-0.124,"bolussnooze":0,"activity":-9.0E-4,"lastBolusTime":1704125002184,"time":"2024-01-01T18:58:16.824Z"}},{"iob":-0.017,"basaliob":-0.03,"bolussnooze":0,"activity":-2.0E-4,"lastBolusTime":1704125002184,"time":"2024-01-01T19:03:16.824Z","iobWithZeroTemp":{"iob":-0.134,"basaliob":-0.147,"bolussnooze":0,"activity":-0.0011,"lastBolusTime":1704125002184,"time":"2024-01-01T19:03:16.824Z"}},{"iob":-0.016,"basaliob":-0.027,"bolussnooze":0,"activity":-2.0E-4,"lastBolusTime":1704125002184,"time":"2024-01-01T19:08:16.824Z","iobWithZeroTemp":{"iob":-0.157,"basaliob":-0.168,"bolussnooze":0,"activity":-0.0012,"lastBolusTime":1704125002184,"time":"2024-01-01T19:08:16.824Z"}},{"iob":-0.015,"basaliob":-0.025,"bolussnooze":0,"activity":-1.0E-4,"lastBolusTime":1704125002184,"time":"2024-01-01T19:13:16.824Z","iobWithZeroTemp":{"iob":-0.179,"basaliob":-0.189,"bolussnooze":0,"activity":-0.0013,"lastBolusTime":1704125002184,"time":"2024-01-01T19:13:16.824Z"}},{"iob":-0.014,"basaliob":-0.023,"bolussnooze":0,"activity":-2.0E-4,"lastBolusTime":1704125002184,"time":"2024-01-01T19:18:16.824Z","iobWithZeroTemp":{"iob":-0.201,"basaliob":-0.21,"bolussnooze":0,"activity":-0.0015,"lastBolusTime":1704125002184,"time":"2024-01-01T19:18:16.824Z"}},{"iob":-0.013,"basaliob":-0.021,"bolussnooze":0,"activity":-2.0E-4,"lastBolusTime":1704125002184,"time":"2024-01-01T19:23:16.824Z","iobWithZeroTemp":{"iob":-0.222,"basaliob":-0.23,"bolussnooze":0,"activity":-0.0017,"lastBolusTime":1704125002184,"time":"2024-01-01T19:23:16.824Z"}},{"iob":-0.012,"basaliob":-0.019,"bolussnooze":0,"activity":-2.0E-4,"lastBolusTime":1704125002184,"time":"2024-01-01T19:28:16.824Z","iobWithZeroTemp":{"iob":-0.242,"basaliob":-0.249,"bolussnooze":0,"activity":-0.0019,"lastBolusTime":1704125002184,"time":"2024-01-01T19:28:16.824Z"}},{"iob":-0.011,"basaliob":-0.017,"bolussnooze":0,"activity":-1.0E-4,"lastBolusTime":1704125002184,"time":"2024-01-01T19:33:16.824Z","iobWithZeroTemp":{"iob":-0.261,"basaliob":-0.267,"bolussnooze":0,"activity":-0.0021,"lastBolusTime":1704125002184,"time":"2024-01-01T19:33:16.824Z"}},{"iob":-0.01,"basaliob":-0.015,"bolussnooze":0,"activity":-2.0E-4,"lastBolusTime":1704125002184,"time":"2024-01-01T19:38:16.824Z","iobWithZeroTemp":{"iob":-0.279,"basaliob":-0.284,"bolussnooze":0,"activity":-0.0024,"lastBolusTime":1704125002184,"time":"2024-01-01T19:38:16.824Z"}},{"iob":-0.009,"basaliob":-0.014,"bolussnooze":0,"activity":-2.0E-4,"lastBolusTime":1704125002184,"time":"2024-01-01T19:43:16.824Z","iobWithZeroTemp":{"iob":-0.295,"basaliob":-0.3,"bolussnooze":0,"activity":-0.0026,"lastBolusTime":1704125002184,"time":"2024-01-01T19:43:16.824Z"}},{"iob":-0.009,"basaliob":-0.013,"bolussnooze":0,"activity":-2.0E-4,"lastBolusTime":1704125002184,"time":"2024-01-01T19:48:16.824Z","iobWithZeroTemp":{"iob":-0.312,"basaliob":-0.316,"bolussnooze":0,"activity":-0.0028,"lastBolusTime":1704125002184,"time":"2024-01-01T19:48:16.824Z"}},{"iob":-0.008,"basaliob":-0.011,"bolussnooze":0,"activity":-1.0E-4,"lastBolusTime":1704125002184,"time":"2024-01-01T19:53:16.824Z","iobWithZeroTemp":{"iob":-0.327,"basaliob":-0.33,"bolussnooze":0,"activity":-0.0029,"lastBolusTime":1704125002184,"time":"2024-01-01T19:53:16.824Z"}},{"iob":-0.007,"basaliob":-0.01,"bolussnooze":0,"activity":-1.0E-4,"lastBolusTime":1704125002184,"time":"2024-01-01T19:58:16.824Z","iobWithZeroTemp":{"iob":-0.34,"basaliob":-0.343,"bolussnooze":0,"activity":-0.0031,"lastBolusTime":1704125002184,"time":"2024-01-01T19:58:16.824Z"}},{"iob":-0.006,"basaliob":-0.009,"bolussnooze":0,"activity":-1.0E-4,"lastBolusTime":1704125002184,"time":"2024-01-01T20:03:16.824Z","iobWithZeroTemp":{"iob":-0.353,"basaliob":-0.356,"bolussnooze":0,"activity":-0.0033,"lastBolusTime":1704125002184,"time":"2024-01-01T20:03:16.824Z"}},{"iob":-0.006,"basaliob":-0.008,"bolussnooze":0,"activity":-1.0E-4,"lastBolusTime":1704125002184,"time":"2024-01-01T20:08:16.824Z","iobWithZeroTemp":{"iob":-0.365,"basaliob":-0.367,"bolussnooze":0,"activity":-0.0035,"lastBolusTime":1704125002184,"time":"2024-01-01T20:08:16.824Z"}},{"iob":-0.006,"basaliob":-0.008,"bolussnooze":0,"activity":-1.0E-4,"lastBolusTime":1704125002184,"time":"2024-01-01T20:13:16.824Z","iobWithZeroTemp":{"iob":-0.377,"basaliob":-0.379,"bolussnooze":0,"activity":-0.0037,"lastBolusTime":1704125002184,"time":"2024-01-01T20:13:16.824Z"}},{"iob":-0.005,"basaliob":-0.007,"bolussnooze":0,"activity":0,"lastBolusTime":1704125002184,"time":"2024-01-01T20:18:16.824Z","iobWithZeroTemp":{"iob":-0.387,"basaliob":-0.389,"bolussnooze":0,"activity":-0.0037,"lastBolusTime":1704125002184,"time":"2024-01-01T20:18:16.824Z"}},{"iob":-0.005,"basaliob":-0.006,"bolussnooze":0,"activity":-1.0E-4,"lastBolusTime":1704125002184,"time":"2024-01-01T20:23:16.824Z","iobWithZeroTemp":{"iob":-0.397,"basaliob":-0.398,"bolussnooze":0,"activity":-0.004,"lastBolusTime":1704125002184,"time":"2024-01-01T20:23:16.824Z"}},{"iob":-0.004,"basaliob":-0.005,"bolussnooze":0,"activity":-1.0E-4,"lastBolusTime":1704125002184,"time":"2024-01-01T20:28:16.824Z","iobWithZeroTemp":{"iob":-0.405,"basaliob":-0.406,"bolussnooze":0,"activity":-0.0042,"lastBolusTime":1704125002184,"time":"2024-01-01T20:28:16.824Z"}},{"iob":-0.004,"basaliob":-0.005,"bolussnooze":0,"activity":-1.0E-4,"lastBolusTime":1704125002184,"time":"2024-01-01T20:33:16.824Z","iobWithZeroTemp":{"iob":-0.414,"basaliob":-0.415,"bolussnooze":0,"activity":-0.0043,"lastBolusTime":1704125002184,"time":"2024-01-01T20:33:16.824Z"}},{"iob":-0.003,"basaliob":-0.004,"bolussnooze":0,"activity":-1.0E-4,"lastBolusTime":1704125002184,"time":"2024-01-01T20:38:16.824Z","iobWithZeroTemp":{"iob":-0.421,"basaliob":-0.422,"bolussnooze":0,"activity":-0.0044,"lastBolusTime":1704125002184,"time":"2024-01-01T20:38:16.824Z"}},{"iob":-0.003,"basaliob":-0.004,"bolussnooze":0,"activity":-1.0E-4,"lastBolusTime":1704125002184,"time":"2024-01-01T20:43:16.824Z","iobWithZeroTemp":{"iob":-0.428,"basaliob":-0.429,"bolussnooze":0,"activity":-0.0046,"lastBolusTime":1704125002184,"time":"2024-01-01T20:43:16.824Z"}},{"iob":-0.002,"basaliob":-0.003,"bolussnooze":0,"activity":-1.0E-4,"lastBolusTime":1704125002184,"time":"2024-01-01T20:48:16.824Z","iobWithZeroTemp":{"iob":-0.433,"basaliob":-0.434,"bolussnooze":0,"activity":-0.0047,"lastBolusTime":1704125002184,"time":"2024-01-01T20:48:16.824Z"}},{"iob":-0.003,"basaliob":-0.003,"bolussnooze":0,"activity":-1.0E-4,"lastBolusTime":1704125002184,"time":"2024-01-01T20:53:16.824Z","iobWithZeroTemp":{"iob":-0.44,"basaliob":-0.44,"bolussnooze":0,"activity":-0.0048,"lastBolusTime":1704125002184,"time":"2024-01-01T20:53:16.824Z"}},{"iob":-0.003,"basaliob":-0.003,"bolussnooze":0,"activity":-1.0E-4,"lastBolusTime":1704125002184,"time":"2024-01-01T20:58:16.824Z","iobWithZeroTemp":{"iob":-0.446,"basaliob":-0.446,"bolussnooze":0,"activity":-0.0049,"lastBolusTime":1704125002184,"time":"2024-01-01T20:58:16.824Z"}},{"iob":-0.002,"basaliob":-0.002,"bolussnooze":0,"activity":-1.0E-4,"lastBolusTime":1704125002184,"time":"2024-01-01T21:03:16.824Z","iobWithZeroTemp":{"iob":-0.446,"basaliob":-0.446,"bolussnooze":0,"activity":-0.005,"lastBolusTime":1704125002184,"time":"2024-01-01T21:03:16.824Z"}},{"iob":-0.002,"basaliob":-0.002,"bolussnooze":0,"activity":-1.0E-4,"lastBolusTime":1704125002184,"time":"2024-01-01T21:08:16.824Z","iobWithZeroTemp":{"iob":-0.446,"basaliob":-0.446,"bolussnooze":0,"activity":-0.0051,"lastBolusTime":1704125002184,"time":"2024-01-01T21:08:16.824Z"}},{"iob":-0.002,"basaliob":-0.002,"bolussnooze":0,"activity":0,"lastBolusTime":1704125002184,"time":"2024-01-01T21:13:16.824Z","iobWithZeroTemp":{"iob":-0.446,"basaliob":-0.446,"bolussnooze":0,"activity":-0.005,"lastBolusTime":1704125002184,"time":"2024-01-01T21:13:16.824Z"}},{"iob":-0.002,"basaliob":-0.002,"bolussnooze":0,"activity":0,"lastBolusTime":1704125002184,"time":"2024-01-01T21:18:16.824Z","iobWithZeroTemp":{"iob":-0.446,"basaliob":-0.446,"bolussnooze":0,"activity":-0.0051,"lastBolusTime":1704125002184,"time":"2024-01-01T21:18:16.824Z"}},{"iob":-0.001,"basaliob":-0.001,"bolussnooze":0,"activity":0,"lastBolusTime":1704125002184,"time":"2024-01-01T21:23:16.824Z","iobWithZeroTemp":{"iob":-0.445,"basaliob":-0.445,"bolussnooze":0,"activity":-0.0051,"lastBolusTime":1704125002184,"time":"2024-01-01T21:23:16.824Z"}},{"iob":-0.001,"basaliob":-0.001,"bolussnooze":0,"activity":0,"lastBolusTime":1704125002184,"time":"2024-01-01T21:28:16.824Z","iobWithZeroTemp":{"iob":-0.444,"basaliob":-0.444,"bolussnooze":0,"activity":-0.0051,"lastBolusTime":1704125002184,"time":"2024-01-01T21:28:16.824Z"}},{"iob":-0.001,"basaliob":-0.001,"bolussnooze":0,"activity":0,"lastBolusTime":1704125002184,"time":"2024-01-01T21:33:16.824Z","iobWithZeroTemp":{"iob":-0.443,"basaliob":-0.443,"bolussnooze":0,"activity":-0.0052,"lastBolusTime":1704125002184,"time":"2024-01-01T21:33:16.824Z"}},{"iob":-0.001,"basaliob":-0.001,"bolussnooze":0,"activity":0,"lastBolusTime":1704125002184,"time":"2024-01-01T21:38:16.824Z","iobWithZeroTemp":{"iob":-0.443,"basaliob":-0.443,"bolussnooze":0,"activity":-0.0052,"lastBolusTime":1704125002184,"time":"2024-01-01T21:38:16.824Z"}},{"iob":-0.001,"basaliob":-0.001,"bolussnooze":0,"activity":0,"lastBolusTime":1704125002184,"time":"2024-01-01T21:43:16.824Z","iobWithZeroTemp":{"iob":-0.442,"basaliob":-0.442,"bolussnooze":0,"activity":-0.0052,"lastBolusTime":1704125002184,"time":"2024-01-01T21:43:16.824Z"}}],"profile":{"max_iob":10,"type":"current","max_daily_basal":0.35,"max_basal":0.4,"min_bg":90,"max_bg":90,"target_bg":90,"carb_ratio":8.8,"sens":120,"max_daily_safety_multiplier":3,"current_basal_safety_multiplier":4,"lgsThreshold":95,"high_temptarget_raises_sensitivity":true,"low_temptarget_lowers_sensitivity":true,"sensitivity_raises_target":true,"resistance_lowers_target":true,"adv_target_adjustments":false,"exercise_mode":false,"half_basal_exercise_target":160,"maxCOB":120,"skip_neutral_temps":false,"remainingCarbsCap":90,"enableUAM":true,"A52_risk_enable":false,"SMBInterval":6,"enableSMB_with_COB":true,"enableSMB_with_temptarget":false,"allowSMB_with_high_temptarget":false,"enableSMB_always":false,"enableSMB_after_carbs":true,"maxSMBBasalMinutes":30,"maxUAMSMBBasalMinutes":40,"bolus_increment":0.05,"carbsReqThreshold":2,"current_basal":0.1,"temptargetSet":false,"autosens_max":1.3,"autosens_min":0.7,"variable_sens":224,"insulinDivisor":75,"TDD":10.353937904761905},"autosens_data":{"ratio":0.6474987084797531},"meal_data":{"carbs":0,"mealCOB":0,"slopeFromMaxDeviation":-1.77175,"slopeFromMinDeviation":0.40522222222222226,"lastBolusTime":1704125002184,"lastCarbTime":0},"microBolusAllowed":true,"currentTime":1704131298619,"flatBGsDetected":false,"tdd1D":14.612499999999995,"tdd7D":16.776095238095234,"tddLast24H":10.8625,"tddLast4H":1.1541666666666666,"tddLast8to4H":1.375},"output":{"temp":"absolute","bg":88,"tick":-3,"eventualBG":93,"targetBG":106,"insulinReq":0,"deliverAt":"2024-01-01T17:48:18.619Z","sensitivityRatio":0.6474987084797531,"variable_sens":224,"predBGs":{"IOB":[88,85,83,81,80,78,77,76,76,75,75,75,75,76,76,76,76,76,77,77,77,77,77,78,78,78,78,78,79,79,79,79,79,79,79,79,79,79,80],"ZT":[88,87,87,86,86,86,86,86,87,87,88,89,89,90,91,92,94,95,96,98,100,102,104,106]},"reason":"COB: 0, Dev: 2, BGI: -1, ISF: 224, CR: 8.8, Target: 106, minPredBG 81, minGuardBG 75, IOBpredBG 80; minGuardBG 75<95 105m left and 0 ~ req 0U\/hr: no temp required","COB":0,"IOB":-0.015,"timestamp":"2024-01-01T17:48:18.650Z"}}