{"algorithm":"OpenAPSSMBDynamicISFPlugin","input":{"glucoseStatus":{"glucose":103,"noise":0,"delta":-0.5,"short_avgdelta":-0.5,"long_avgdelta":0.99,"date":1704094072000},"currenttemp":{"temp":"absolute","duration":5,"rate":0.45,"minutesrunning":25},"iob_data":[{"iob":-0.04,"basaliob":-0.04,"bolussnooze":0,"activity":-0.0011,"lastBolusTime":0,"time":"2024-01-01T07:28:16.753Z","iobWithZeroTemp":{"iob":-0.04,"basaliob":-0.04,"bolussnooze":0,"activity":-0.0011,"lastBolusTime":0,"time":"2024-01-01T07:28:16.753Z"}},{"iob":-0.034,"basaliob":-0.034,"bolussnooze":0,"activity":-0.001,"lastBolusTime":0,"time":"2024-01-01T07:33:16.753Z","iobWithZeroTemp":{"iob":-0.054,"basaliob":-0.054,"bolussnooze":0,"activity":-0.001,"lastBolusTime":0,"time":"2024-01-01T07:33:16.753Z"}},{"iob":-0.03,"basaliob":-0.03,"bolussnooze":0,"activity":-9.0E-4,"lastBolusTime":0,"time":"2024-01-01T07:38:16.753Z","iobWithZeroTemp":{"iob":-0.075,"basaliob":-0.075,"bolussnooze":0,"activity":-0.001,"lastBolusTime":0,"time":"2024-01-01T07:38:16.753Z"}},{"iob":-0.026,"basaliob":-0.026,"bolussnooze":0,"activity":-8.0E-4,"lastBolusTime":0,"time":"2024-01-01T07:43:16.753Z","iobWithZeroTemp":{"iob":-0.095,"basaliob":-0.095,"bolussnooze":0,"activity":-0.001,"lastBolusTime":0,"time":"2024-01-01T07:43:16.753Z"}},{"iob":-0.022,"basaliob":-0.022,"bolussnooze":0,"activity":-7.0E-4,"lastBolusTime":0,"time":"2024-01-01T07:48:16.753Z","iobWithZeroTemp":{"iob":-0.115,"basaliob":-0.115,"bolussnooze":0,"activity":-0.0011,"lastBolusTime":0,"time":"2024-01-01T07:48:16.753Z"}},{"iob":-0.019,"basaliob":-0.019,"bolussnooze":0,"activity":-6.0E-4,"lastBolusTime":0,"time":"2024-01-01T07:53:16.753Z","iobWithZeroTemp":{"iob":-0.134,"basaliob":-0.134,"bolussnooze":0,"activity":-0.0011,"lastBolusTime":0,"time":"2024-01-01T07:53:16.753Z"}},{"iob":-0.016,"basaliob":-0.016,"bolussnooze":0,"activity":-5.0E-4,"lastBolusTime":0,"time":"2024-01-01T07:58:16.753Z","iobWithZeroTemp":{"iob":-0.153,"basaliob":-0.153,"bolussnooze":0,"activity":-0.0012,"lastBolusTime":0,"time":"2024-01-01T07:58:16.753Z"}},{"iob":-0.014,"basaliob":-0.014,"bolussnooze":0,"activity":-4.0E-4,"lastBolusTime":0,"time":"2024-01-01T08:03:16.753Z","iobWithZeroTemp":{"iob":-0.172,"basaliob":-0.172,"bolussnooze":0,"activity":-0.0013,"lastBolusTime":0,"time":"2024-01-01T08:03:16.753Z"}},{"iob":-0.012,"basaliob":-0.012,"bolussnooze":0,"activity":-4.0E-4,"lastBolusTime":0,"time":"2024-01-01T08:08:16.753Z","iobWithZeroTemp":{"iob":-0.19,"basaliob":-0.19,"bolussnooze":0,"activity":-0.0015,"lastBolusTime":0,"time":"2024-01-01T08:08:16.753Z"}},{"iob":-0.01,"basaliob":-0.01,"bolussnooze":0,"activity":-3.0E-4,"lastBolusTime":0,"time":"2024-01-01T08:13:16.753Z","iobWithZeroTemp":{"iob":-0.207,"basaliob":-0.207,"bolussnooze":0,"activity":-0.0016,"lastBolusTime":0,"time":"2024-01-01T08:13:16.753Z"}},{"iob":-0.008,"basaliob":-0.008,"bolussnooze":0,"activity":-3.0E-4,"lastBolusTime":0,"time":"2024-01-01T08:18:16.753Z","iobWithZeroTemp":{"iob":-0.223,"basaliob":-0.223,"bolussnooze":0,"activity":-0.0019,"lastBolusTime":0,"time":"2024-01-01T08:18:16.753Z"}},{"iob":-0.007,"basaliob":-0.007,"bolussnooze":0,"activity":-3.0E-4,"lastBolusTime":0,"time":"2024-01-01T08:23:16.753Z","iobWithZeroTemp":{"iob":-0.239,"basaliob":-0.239,"bolussnooze":0,"activity":-0.0021,"lastBolusTime":0,"time":"2024-01-01T08:23:16.753Z"}},{"iob":-0.006,"basaliob":-0.006,"bolussnooze":0,"activity":-2.0E-4,"lastBolusTime":0,"time":"2024-01-01T08:28:16.753Z","iobWithZeroTemp":{"iob":-0.253,"basaliob":-0.253,"bolussnooze":0,"activity":-0.0022,"lastBolusTime":0,"time":"2024-01-01T08:28:16.753Z"}},{"iob":-0.004,"basaliob":-0.004,"bolussnooze":0,"activity":-2.0E-4,"lastBolusTime":0,"time":"2024-01-01T08:33:16.753Z","iobWithZeroTemp":{"iob":-0.266,"basaliob":-0.266,"bolussnooze":0,"activity":-0.0024,"lastBolusTime":0,"time":"2024-01-01T08:33:16.753Z"}},{"iob":-0.004,"basaliob":-0.004,"bolussnooze":0,"activity":-2.0E-4,"lastBolusTime":0,"time":"2024-01-01T08:38:16.753Z","iobWithZeroTemp":{"iob":-0.28,"basaliob":-0.28,"bolussnooze":0,"activity":-0.0026,"lastBolusTime":0,"time":"2024-01-01T08:38:16.753Z"}},{"iob":-0.003,"basaliob":-0.003,"bolussnooze":0,"activity":-1.0E-4,"lastBolusTime":0,"time":"2024-01-01T08:43:16.753Z","iobWithZeroTemp":{"iob":-0.291,"basaliob":-0.291,"bolussnooze":0,"activity":-0.0027,"lastBolusTime":0,"time":"2024-01-01T08:43:16.753Z"}},{"iob":-0.002,"basaliob":-0.002,"bolussnooze":0,"activity":-1.0E-4,"lastBolusTime":0,"time":"2024-01-01T08:48:16.753Z","iobWithZeroTemp":{"iob":-0.302,"basaliob":-0.302,"bolussnooze":0,"activity":-0.0028,"lastBolusTime":0,"time":"2024-01-01T08:48:16.753Z"}},{"iob":-0.002,"basaliob":-0.002,"bolussnooze":0,"activity":-1.0E-4,"lastBolusTime":0,"time":"2024-01-01T08:53:16.753Z","iobWithZeroTemp":{"iob":-0.313,"basaliob":-0.313,"bolussnooze":0,"activity":-0.003,"lastBolusTime":0,"time":"2024-01-01T08:53:16.753Z"}},{"iob":-0.001,"basaliob":-0.001,"bolussnooze":0,"activity":-1.0E-4,"lastBolusTime":0,"time":"2024-01-01T08:58:16.753Z","iobWithZeroTemp":{"iob":-0.322,"basaliob":-0.322,"bolussnooze":0,"activity":-0.0032,"lastBolusTime":0,"time":"2024-01-01T08:58:16.753Z"}},{"iob":-0.001,"basaliob":-0.001,"bolussnooze":0,"activity":-1.0E-4,"lastBolusTime":0,"time":"2024-01-01T09:03:16.753Z","iobWithZeroTemp":{"iob":-0.327,"basaliob":-0.327,"bolussnooze":0,"activity":-0.0033,"lastBolusTime":0,"time":"2024-01-01T09:03:16.753Z"}},{"iob":0,"basaliob":0,"bolussnooze":0,"activity":-1.0E-4,"lastBolusTime":0,"time":"2024-01-01T09:08:16.753Z","iobWithZeroTemp":{"iob":-0.331,"basaliob":-0.331,"bolussnooze":0,"activity":-0.0034,"lastBolusTime":0,"time":"2024-01-01T09:08:16.753Z"}},{"iob":0,"basaliob":0,"bolussnooze":0,"activity":-1.0E-4,"lastBolusTime":0,"time":"2024-01-01T09:13:16.753Z","iobWithZeroTemp":{"iob":-0.335,"basaliob":-0.335,"bolussnooze":0,"activity":-0.0036,"lastBolusTime":0,"time":"2024-01-01T09:13:16.753Z"}},{"iob":0,"basaliob":0,"bolussnooze":0,"activity":0,"lastBolusTime":0,"time":"2024-01-01T09:18:16.753Z","iobWithZeroTemp":{"iob":-0.338,"basaliob":-0.338,"bolussnooze":0,"activity":-0.0036,"lastBolusTime":0,"time":"2024-01-01T09:18:16.753Z"}},{"iob":0,"basaliob":0,"bolussnooze":0,"activity":0,"lastBolusTime":0,"time":"2024-01-01T09:23:16.753Z","iobWithZeroTemp":{"iob":-0.341,"basaliob":-0.341,"bolussnooze":0,"activity":-0.0036,"lastBolusTime":0,"time":"2024-01-01T09:23:16.753Z"}},{"iob":0.001,"basaliob":0.001,"bolussnooze":0,"activity":0,"lastBolusTime":0,"time":"2024-01-01T09:28:16.753Z","iobWithZeroTemp":{"iob":-0.342,"basaliob":-0.342,"bolussnooze":0,"activity":-0.0037,"lastBolusTime":0,"time":"2024-01-01T09:28:16.753Z"}},{"iob":0.001,"basaliob":0.001,"bolussnooze":0,"activity":0,"lastBolusTime":0,"time":"2024-01-01T09:33:16.753Z","iobWithZeroTemp":{"iob":-0.344,"basaliob":-0.344,"bolussnooze":0,"activity":-0.0038,"lastBolusTime":0,"time":"2024-01-01T09:33:16.753Z"}},{"iob":0.001,"basaliob":0.001,"bolussnooze":0,"activity":0,"lastBolusTime":0,"time":"2024-01-01T09:38:16.753Z","iobWithZeroTemp":{"iob":-0.346,"basaliob":-0.346,"bolussnooze":0,"activity":-0.0039,"lastBolusTime":0,"time":"2024-01-01T09:38:16.753Z"}},{"iob":0.001,"basaliob":0.001,"bolussnooze":0,"activity":0,"lastBolusTime":0,"time":"2024-01-01T09:43:16.753Z","iobWithZeroTemp":{"iob":-0.347,"basaliob":-0.347,"bolussnooze":0,"activity":-0.0039,"lastBolusTime":0,"time":"2024-01-01T09:43:16.753Z"}},{"iob":0.001,"basaliob":0.001,"bolussnooze":0,"activity":0,"lastBolusTime":0,"time":"2024-01-01T09:48:16.753Z","iobWithZeroTemp":{"iob":-0.349,"basaliob":-0.349,"bolussnooze":0,"activity":-0.004,"lastBolusTime":0,"time":"2024-01-01T09:48:16.753Z"}},{"iob":0.001,"basaliob":0.001,"bolussnooze":0,"activity":0,"lastBolusTime":0,"time":"2024-01-01T09:53:16.753Z","iobWithZeroTemp":{"iob":-0.35,"basaliob":-0.35,"bolussnooze":0,"activity":-0.004,"lastBolusTime":0,"time":"2024-01-01T09:53:16.753Z"}},{"iob":0.001,"basaliob":0.001,"bolussnooze":0,"activity":0,"lastBolusTime":0,"time":"2024-01-01T09:58:16.753Z","iobWithZeroTemp":{"iob":-0.351,"basaliob":-0.351,"bolussnooze":0,"activity":-0.004,"lastBolusTime":0,"time":"2024-01-01T09:58:16.753Z"}},{"iob":0.001,"basaliob":0.001,"bolussnooze":0,"activity":0,"lastBolusTime":0,"time":"2024-01-01T10:03:16.753Z","iobWithZeroTemp":{"iob":-0.347,"basaliob":-0.347,"bolussnooze":0,"activity":-0.004,"lastBolusTime":0,"time":"2024-01-01T10:03:16.753Z"}},{"iob":0.001,"basaliob":0.001,"bolussnooze":0,"activity":0,"lastBolusTime":0,"time":"2024-01-01T10:08:16.753Z","iobWithZeroTemp":{"iob":-0.343,"basaliob":-0.343,"bolussnooze":0,"activity":-0.0041,"lastBolusTime":0,"time":"2024-01-01T10:08:16.753Z"}},{"iob":0.001,"basaliob":0.001,"bolussnooze":0,"activity":0,"lastBolusTime":0,"time":"2024-01-01T10:13:16.753Z","iobWithZeroTemp":{"iob":-0.34,"basaliob":-0.34,"bolussnooze":0,"activity":-0.0041,"lastBolusTime":0,"time":"2024-01-01T10:13:16.753Z"}},{"iob":0.001,"basaliob":0.001,"bolussnooze":0,"activity":0,"lastBolusTime":0,"time":"2024-01-01T10:18:16.753Z","iobWithZeroTemp":{"iob":-0.336,"basaliob":-0.336,"bolussnooze":0,"activity":-0.0041,"lastBolusTime":0,"time":"2024-01-01T10:18:16.753Z"}},{"iob":0.001,"basaliob":0.001,"bolussnooze":0,"activity":0,"lastBolusTime":0,"time":"2024-01-01T10:23:16.753Z","iobWithZeroTemp":{"iob":-0.333,"basaliob":-0.333,"bolussnooze":0,"activity":-0.004,"lastBolusTime":0,"time":"2024-01-01T10:23:16.753Z"}},{"iob":0.001,"basaliob":0.001,"bolussnooze":0,"activity":0,"lastBolusTime":0,"time":"2024-01-01T10:28:16.753Z","iobWithZeroTemp":{"iob":-0.329,"basaliob":-0.329,"bolussnooze":0,"activity":-0.004,"lastBolusTime":0,"time":"2024-01-01T10:28:16.753Z"}},{"iob":0.001,"basaliob":0.001,"bolussnooze":0,"activity":0,"lastBolusTime":0,"time":"2024-01-01T10:33:16.753Z","iobWithZeroTemp":{"iob":-0.326,"basaliob":-0.326,"bolussnooze":0,"activity":-0.004,"lastBolusTime":0,"time":"2024-01-01T10:33:16.753Z"}},{"iob":0.001,"basaliob":0.001,"bolussnooze":0,"activity":0,"lastBolusTime":0,"time":"2024-01-01T10:38:16.753Z","iobWithZeroTemp":{"iob":-0.323,"basaliob":-0.323,"bolussnooze":0,"activity":-0.004,"lastBolusTime":0,"time":"2024-01-01T10:38:16.753Z"}},{"iob":0.001,"basaliob":0.001,"bolussnooze":0,"activity":0,"lastBolusTime":0,"time":"2024-01-01T10:43:16.753Z","iobWithZeroTemp":{"iob":-0.32,"basaliob":-0.32,"bolussnooze":0,"activity":-0.0039,"lastBolusTime":0,"time":"2024-01-01T10:43:16.753Z"}},{"iob":0.001,"basaliob":0.001,"bolussnooze":0,"activity":0,"lastBolusTime":0,"time":"2024-01-01T10:48:16.753Z","iobWithZeroTemp":{"iob":-0.317,"basaliob":-0.317,"bolussnooze":0,"activity":-0.0039,"lastBolusTime":0,"time":"2024-01-01T10:48:16.753Z"}},{"iob":0.001,"basaliob":0.001,"bolussnooze":0,"activity":0,"lastBolusTime":0,"time":"2024-01-01T10:53:16.753Z","iobWithZeroTemp":{"iob":-0.314,"basaliob":-0.314,"bolussnooze":0,"activity":-0.0039,"lastBolusTime":0,"time":"2024-01-01T10:53:16.753Z"}},{"iob":0.001,"basaliob":0.001,"bolussnooze":0,"activity":0,"lastBolusTime":0,"time":"2024-01-01T10:58:16.753Z","iobWithZeroTemp":{"iob":-0.311,"basaliob":-0.311,"bolussnooze":0,"activity":-0.0039,"lastBolusTime":0,"time":"2024-01-01T10:58:16.753Z"}},{"iob":0.001,"basaliob":0.001,"bolussnooze":0,"activity":0,"lastBolusTime":0,"time":"2024-01-01T11:03:16.753Z","iobWithZeroTemp":{"iob":-0.313,"basaliob":-0.313,"bolussnooze":0,"activity":-0.0038,"lastBolusTime":0,"time":"2024-01-01T11:03:16.753Z"}},{"iob":0.001,"basaliob":0.001,"bolussnooze":0,"activity":0,"lastBolusTime":0,"time":"2024-01-01T11:08:16.753Z","iobWithZeroTemp":{"iob":-0.314,"basaliob":-0.314,"bolussnooze":0,"activity":-0.0038,"lastBolusTime":0,"time":"2024-01-01T11:08:16.753Z"}},{"iob":0.001,"basaliob":0.001,"bolussnooze":0,"activity":0,"lastBolusTime":0,"time":"2024-01-01T11:13:16.753Z","iobWithZeroTemp":{"iob":-0.316,"basaliob":-0.316,"bolussnooze":0,"activity":-0.0038,"lastBolusTime":0,"time":"2024-01-01T11:13:16.753Z"}},{"iob":0,"basaliob":0,"bolussnooze":0,"activity":0,"lastBolusTime":0,"time":"2024-01-01T11:18:16.753Z","iobWithZeroTemp":{"iob":-0.319,"basaliob":-0.319,"bolussnooze":0,"activity":-0.0038,"lastBolusTime":0,"time":"2024-01-01T11:18:16.753Z"}},{"iob":0,"basaliob":0,"bolussnooze":0,"activity":0,"lastBolusTime":0,"time":"2024-01-01T11:23:16.753Z","iobWithZeroTemp":{"iob":-0.321,"basaliob":-0.321,"bolussnooze":0,"activity":-0.0038,"lastBolusTime":0,"time":"2024-01-01T11:23:16.753Z"}}],"profile":{"max_iob":10,"type":"current","max_daily_basal":0.35,"max_basal":1.05,"min_bg":90,"max_bg":90,"target_bg":90,"carb_ratio":8.8,"sens":110,"max_daily_safety_multiplier":3,"current_basal_safety_multiplier":4,"lgsThreshold":95,"high_temptarget_raises_sensitivity":true,"low_temptarget_lowers_sensitivity":true,"sensitivity_raises_target":true,"resistance_lowers_target":true,"adv_target_adjustments":false,"exercise_mode":false,"half_basal_exercise_target":160,"maxCOB":120,"skip_neutral_temps":false,"remainingCarbsCap":90,"enableUAM":true,"A52_risk_enable":false,"SMBInterval":6,"enableSMB_with_COB":true,"enableSMB_with_temptarget":true,"allowSMB_with_high_temptarget":false,"enableSMB_always":false,"enableSMB_after_carbs":true,"maxSMBBasalMinutes":30,"maxUAMSMBBasalMinutes":45,"bolus_increment":0.05,"carbsReqThreshold":2,"current_basal":0.3,"temptargetSet":false,"autosens_max":1.3,"autosens_min":0.7,"variable_sens":206.5,"insulinDivisor":75,"TDD":10.083337904761905},"autosens_data":{"ratio":0.8573707486275823},"meal_data":{"carbs":0,"mealCOB":0,"slopeFromMaxDeviation":-0.7043333333333334,"slopeFromMinDeviation":0,"lastBolusTime":1704071612530,"lastCarbTime":0},"microBolusAllowed":true,"currentTime":1704094099017,"flatBGsDetected":false,"tdd1D":14.612499999999995,"tdd7D":16.776095238095234,"tddLast24H":14.38333333333333,"tddLast4H":1.145833333333334,"tddLast8to4H":0.825},"output":{"temp":"absolute","bg":103,"tick":0,"eventualBG":110,"targetBG":95,"insulinReq":0,"deliverAt":"2024-01-01T07:28:19.017Z","sensitivityRatio":0.8573707486275823,"variable_sens":206.5,"predBGs":{"IOB":[103,103,102,102,102,102,101,101,101,101,101,101,102,102,102,102,103],"ZT":[103,104,105,106,107,108,109]},"reason":"COB: 0, Dev: -1, BGI: 1, ISF: 207, CR: 8.8, Target: 95, minPredBG 103, minGuardBG 101, IOBpredBG 103; Eventual BG 110 > 95 but Min. Delta -0.50 < Exp. Delta 1; setting current basal of 0.26 as temp. ","COB":0,"IOB":-0.04,"duration":30,"rate":0.25721122458827467,"timestamp":"2024-01-01T07:28:19.044Z"}}