{"algorithm":"OpenAPSSMBDynamicISFPlugin","input":{"glucoseStatus":{"glucose":131,"noise":0,"delta":2.78,"short_avgdelta":2.78,"long_avgdelta":1.18,"date":1704145374000},"currenttemp":{"temp":"absolute","duration":25,"rate":1,"minutesrunning":5},"iob_data":[{"iob":0.193,"basaliob":-0.157,"bolussnooze":0.001,"activity":0.0026,"lastBolusTime":1704144799308,"time":"2024-01-01T21:43:14.861Z","iobWithZeroTemp":{"iob":0.193,"basaliob":-0.157,"bolussnooze":0.001,"activity":0.0026,"lastBolusTime":1704144799308,"time":"2024-01-01T21:43:14.861Z"}},{"iob":0.18,"basaliob":-0.142,"bolussnooze":5.0E-4,"activity":0.0026,"lastBolusTime":1704144799308,"time":"2024-01-01T21:48:14.861Z","iobWithZeroTemp":{"iob":0.16,"basaliob":-0.162,"bolussnooze":5.0E-4,"activity":0.0026,"lastBolusTime":1704144799308,"time":"2024-01-01T21:48:14.861Z"}},{"iob":0.167,"basaliob":-0.129,"bolussnooze":2.0E-4,"activity":0.0025,"lastBolusTime":1704144799308,"time":"2024-01-01T21:53:14.861Z","iobWithZeroTemp":{"iob":0.122,"basaliob":-0.174,"bolussnooze":2.0E-4,"activity":0.0024,"lastBolusTime":1704144799308,"time":"2024-01-01T21:53:14.861Z"}},{"iob":0.155,"basaliob":-0.116,"bolussnooze":1.0E-4,"activity":0.0023,"lastBolusTime":1704144799308,"time":"2024-01-01T21:58:14.861Z","iobWithZeroTemp":{"iob":0.086,"basaliob":-0.185,"bolussnooze":1.0E-4,"activity":0.0021,"lastBolusTime":1704144799308,"time":"2024-01-01T21:58:14.861Z"}},{"iob":0.143,"basaliob":-0.105,"bolussnooze":0,"activity":0.0022,"lastBolusTime":1704144799308,"time":"2024-01-01T22:03:14.861Z","iobWithZeroTemp":{"iob":0.054,"basaliob":-0.194,"bolussnooze":0,"activity":0.0019,"lastBolusTime":1704144799308,"time":"2024-01-01T22:03:14.861Z"}},{"iob":0.133,"basaliob":-0.094,"bolussnooze":0,"activity":0.0021,"lastBolusTime":1704144799308,"time":"2024-01-01T22:08:14.861Z","iobWithZeroTemp":{"iob":0.025,"basaliob":-0.202,"bolussnooze":0,"activity":0.0016,"lastBolusTime":1704144799308,"time":"2024-01-01T22:08:14.861Z"}},{"iob":0.122,"basaliob":-0.085,"bolussnooze":0,"activity":0.002,"lastBolusTime":1704144799308,"time":"2024-01-01T22:13:14.861Z","iobWithZeroTemp":{"iob":-0.003,"basaliob":-0.21,"bolussnooze":0,"activity":0.0013,"lastBolusTime":1704144799308,"time":"2024-01-01T22:13:14.861Z"}},{"iob":0.112,"basaliob":-0.076,"bolussnooze":0,"activity":0.002,"lastBolusTime":1704144799308,"time":"2024-01-01T22:18:14.861Z","iobWithZeroTemp":{"iob":-0.031,"basaliob":-0.219,"bolussnooze":0,"activity":0.0011,"lastBolusTime":1704144799308,"time":"2024-01-01T22:18:14.861Z"}},{"iob":0.103,"basaliob":-0.068,"bolussnooze":0,"activity":0.0018,"lastBolusTime":1704144799308,"time":"2024-01-01T22:23:14.861Z","iobWithZeroTemp":{"iob":-0.056,"basaliob":-0.227,"bolussnooze":0,"activity":8.0E-4,"lastBolusTime":1704144799308,"time":"2024-01-01T22:23:14.861Z"}},{"iob":0.094,"basaliob":-0.061,"bolussnooze":0,"activity":0.0016,"lastBolusTime":1704144799308,"time":"2024-01-01T22:28:14.861Z","iobWithZeroTemp":{"iob":-0.08,"basaliob":-0.235,"bolussnooze":0,"activity":4.0E-4,"lastBolusTime":1704144799308,"time":"2024-01-01T22:28:14.861Z"}},{"iob":0.086,"basaliob":-0.055,"bolussnooze":0,"activity":0.0016,"lastBolusTime":1704144799308,"time":"2024-01-01T22:33:14.861Z","iobWithZeroTemp":{"iob":-0.102,"basaliob":-0.243,"bolussnooze":0,"activity":2.0E-4,"lastBolusTime":1704144799308,"time":"2024-01-01T22:33:14.861Z"}},{"iob":0.078,"basaliob":-0.049,"bolussnooze":0,"activity":0.0015,"lastBolusTime":1704144799308,"time":"2024-01-01T22:38:14.861Z","iobWithZeroTemp":{"iob":-0.124,"basaliob":-0.251,"bolussnooze":0,"activity":-1.0E-4,"lastBolusTime":1704144799308,"time":"2024-01-01T22:38:14.861Z"}},{"iob":0.072,"basaliob":-0.043,"bolussnooze":0,"activity":0.0014,"lastBolusTime":1704144799308,"time":"2024-01-01T22:43:14.861Z","iobWithZeroTemp":{"iob":-0.142,"basaliob":-0.257,"bolussnooze":0,"activity":-3.0E-4,"lastBolusTime":1704144799308,"time":"2024-01-01T22:43:14.861Z"}},{"iob":0.064,"basaliob":-0.039,"bolussnooze":0,"activity":0.0013,"lastBolusTime":1704144799308,"time":"2024-01-01T22:48:14.861Z","iobWithZeroTemp":{"iob":-0.162,"basaliob":-0.265,"bolussnooze":0,"activity":-6.0E-4,"lastBolusTime":1704144799308,"time":"2024-01-01T22:48:14.861Z"}},{"iob":0.059,"basaliob":-0.034,"bolussnooze":0,"activity":0.0012,"lastBolusTime":1704144799308,"time":"2024-01-01T22:53:14.861Z","iobWithZeroTemp":{"iob":-0.178,"basaliob":-0.271,"bolussnooze":0,"activity":-9.0E-4,"lastBolusTime":1704144799308,"time":"2024-01-01T22:53:14.861Z"}},{"iob":0.054,"basaliob":-0.03,"bolussnooze":0,"activity":0.0011,"lastBolusTime":1704144799308,"time":"2024-01-01T22:58:14.861Z","iobWithZeroTemp":{"iob":-0.193,"basaliob":-0.277,"bolussnooze":0,"activity":-0.0011,"lastBolusTime":1704144799308,"time":"2024-01-01T22:58:14.861Z"}},{"iob":0.048,"basaliob":-0.027,"bolussnooze":0,"activity":0.001,"lastBolusTime":1704144799308,"time":"2024-01-01T23:03:14.861Z","iobWithZeroTemp":{"iob":-0.208,"basaliob":-0.283,"bolussnooze":0,"activity":-0.0014,"lastBolusTime":1704144799308,"time":"2024-01-01T23:03:14.861Z"}},{"iob":0.043,"basaliob":-0.024,"bolussnooze":0,"activity":9.0E-4,"lastBolusTime":1704144799308,"time":"2024-01-01T23:08:14.861Z","iobWithZeroTemp":{"iob":-0.222,"basaliob":-0.289,"bolussnooze":0,"activity":-0.0016,"lastBolusTime":1704144799308,"time":"2024-01-01T23:08:14.861Z"}},{"iob":0.039,"basaliob":-0.021,"bolussnooze":0,"activity":9.0E-4,"lastBolusTime":1704144799308,"time":"2024-01-01T23:13:14.861Z","iobWithZeroTemp":{"iob":-0.234,"basaliob":-0.294,"bolussnooze":0,"activity":-0.0017,"lastBolusTime":1704144799308,"time":"2024-01-01T23:13:14.861Z"}},{"iob":0.035,"basaliob":-0.018,"bolussnooze":0,"activity":7.0E-4,"lastBolusTime":1704144799308,"time":"2024-01-01T23:18:14.861Z","iobWithZeroTemp":{"iob":-0.245,"basaliob":-0.298,"bolussnooze":0,"activity":-0.0021,"lastBolusTime":1704144799308,"time":"2024-01-01T23:18:14.861Z"}},{"iob":0.032,"basaliob":-0.016,"bolussnooze":0,"activity":7.0E-4,"lastBolusTime":1704144799308,"time":"2024-01-01T23:23:14.861Z","iobWithZeroTemp":{"iob":-0.255,"basaliob":-0.303,"bolussnooze":0,"activity":-0.0022,"lastBolusTime":1704144799308,"time":"2024-01-01T23:23:14.861Z"}},{"iob":0.028,"basaliob":-0.014,"bolussnooze":0,"activity":6.0E-4,"lastBolusTime":1704144799308,"time":"2024-01-01T23:28:14.861Z","iobWithZeroTemp":{"iob":-0.265,"basaliob":-0.307,"bolussnooze":0,"activity":-0.0024,"lastBolusTime":1704144799308,"time":"2024-01-01T23:28:14.861Z"}},{"iob":0.026,"basaliob":-0.012,"bolussnooze":0,"activity":6.0E-4,"lastBolusTime":1704144799308,"time":"2024-01-01T23:33:14.861Z","iobWithZeroTemp":{"iob":-0.273,"basaliob":-0.311,"bolussnooze":0,"activity":-0.0025,"lastBolusTime":1704144799308,"time":"2024-01-01T23:33:14.861Z"}},{"iob":0.022,"basaliob":-0.011,"bolussnooze":0,"activity":5.0E-4,"lastBolusTime":1704144799308,"time":"2024-01-01T23:38:14.861Z","iobWithZeroTemp":{"iob":-0.282,"basaliob":-0.315,"bolussnooze":0,"activity":-0.0027,"lastBolusTime":1704144799308,"time":"2024-01-01T23:38:14.861Z"}},{"iob":0.02,"basaliob":-0.009,"bolussnooze":0,"activity":4.0E-4,"lastBolusTime":1704144799308,"time":"2024-01-01T23:43:14.861Z","iobWithZeroTemp":{"iob":-0.289,"basaliob":-0.318,"bolussnooze":0,"activity":-0.0029,"lastBolusTime":1704144799308,"time":"2024-01-01T23:43:14.861Z"}},{"iob":0.018,"basaliob":-0.008,"bolussnooze":0,"activity":5.0E-4,"lastBolusTime":1704144799308,"time":"2024-01-01T23:48:14.861Z","iobWithZeroTemp":{"iob":-0.295,"basaliob":-0.321,"bolussnooze":0,"activity":-0.0028,"lastBolusTime":1704144799308,"time":"2024-01-01T23:48:14.861Z"}},{"iob":0.016,"basaliob":-0.007,"bolussnooze":0,"activity":4.0E-4,"lastBolusTime":1704144799308,"time":"2024-01-01T23:53:14.861Z","iobWithZeroTemp":{"iob":-0.301,"basaliob":-0.324,"bolussnooze":0,"activity":-0.003,"lastBolusTime":1704144799308,"time":"2024-01-01T23:53:14.861Z"}},{"iob":0.014,"basaliob":-0.006,"bolussnooze":0,"activity":3.0E-4,"lastBolusTime":1704144799308,"time":"2024-01-01T23:58:14.861Z","iobWithZeroTemp":{"iob":-0.307,"basaliob":-0.327,"bolussnooze":0,"activity":-0.0032,"lastBolusTime":1704144799308,"time":"2024-01-01T23:58:14.861Z"}},{"iob":0.013,"basaliob":-0.005,"bolussnooze":0,"activity":3.0E-4,"lastBolusTime":1704144799308,"time":"2024-01-02T00:03:14.861Z","iobWithZeroTemp":{"iob":-0.307,"basaliob":-0.325,"bolussnooze":0,"activity":-0.0033,"lastBolusTime":1704144799308,"time":"2024-01-02T00:03:14.861Z"}},{"iob":0.011,"basaliob":-0.004,"bolussnooze":0,"activity":3.0E-4,"lastBolusTime":1704144799308,"time":"2024-01-02T00:08:14.861Z","iobWithZeroTemp":{"iob":-0.308,"basaliob":-0.323,"bolussnooze":0,"activity":-0.0033,"lastBolusTime":1704144799308,"time":"2024-01-02T00:08:14.861Z"}},{"iob":0.01,"basaliob":-0.003,"bolussnooze":0,"activity":3.0E-4,"lastBolusTime":1704144799308,"time":"2024-01-02T00:13:14.861Z","iobWithZeroTemp":{"iob":-0.307,"basaliob":-0.32,"bolussnooze":0,"activity":-0.0033,"lastBolusTime":1704144799308,"time":"2024-01-02T00:13:14.861Z"}},{"iob":0.009,"basaliob":-0.003,"bolussnooze":0,"activity":2.0E-4,"lastBolusTime":1704144799308,"time":"2024-01-02T00:18:14.861Z","iobWithZeroTemp":{"iob":-0.307,"basaliob":-0.319,"bolussnooze":0,"activity":-0.0035,"lastBolusTime":1704144799308,"time":"2024-01-02T00:18:14.861Z"}},{"iob":0.008,"basaliob":-0.002,"bolussnooze":0,"activity":2.0E-4,"lastBolusTime":1704144799308,"time":"2024-01-02T00:23:14.861Z","iobWithZeroTemp":{"iob":-0.306,"basaliob":-0.316,"bolussnooze":0,"activity":-0.0035,"lastBolusTime":1704144799308,"time":"2024-01-02T00:23:14.861Z"}},{"iob":0.007,"basaliob":-0.002,"bolussnooze":0,"activity":1.0E-4,"lastBolusTime":1704144799308,"time":"2024-01-02T00:28:14.861Z","iobWithZeroTemp":{"iob":-0.305,"basaliob":-0.314,"bolussnooze":0,"activity":-0.0036,"lastBolusTime":1704144799308,"time":"2024-01-02T00:28:14.861Z"}},{"iob":0.007,"basaliob":-0.001,"bolussnooze":0,"activity":1.0E-4,"lastBolusTime":1704144799308,"time":"2024-01-02T00:33:14.861Z","iobWithZeroTemp":{"iob":-0.304,"basaliob":-0.312,"bolussnooze":0,"activity":-0.0036,"lastBolusTime":1704144799308,"time":"2024-01-02T00:33:14.861Z"}},{"iob":0.006,"basaliob":-0.001,"bolussnooze":0,"activity":1.0E-4,"lastBolusTime":1704144799308,"time":"2024-01-02T00:38:14.861Z","iobWithZeroTemp":{"iob":-0.303,"basaliob":-0.31,"bolussnooze":0,"activity":-0.0036,"lastBolusTime":1704144799308,"time":"2024-01-02T00:38:14.861Z"}},{"iob":0.005,"basaliob":-0.001,"bolussnooze":0,"activity":1.0E-4,"lastBolusTime":1704144799308,"time":"2024-01-02T00:43:14.861Z","iobWithZeroTemp":{"iob":-0.302,"basaliob":-0.308,"bolussnooze":0,"activity":-0.0036,"lastBolusTime":1704144799308,"time":"2024-01-02T00:43:14.861Z"}},{"iob":0.004,"basaliob":-0.001,"bolussnooze":0,"activity":1.0E-4,"lastBolusTime":1704144799308,"time":"2024-01-02T00:48:14.861Z","iobWithZeroTemp":{"iob":-0.302,"basaliob":-0.307,"bolussnooze":0,"activity":-0.0036,"lastBolusTime":1704144799308,"time":"2024-01-02T00:48:14.861Z"}},{"iob":0.004,"basaliob":0,"bolussnooze":0,"activity":1.0E-4,"lastBolusTime":1704144799308,"time":"2024-01-02T00:53:14.861Z","iobWithZeroTemp":{"iob":-0.3,"basaliob":-0.304,"bolussnooze":0,"activity":-0.0036,"lastBolusTime":1704144799308,"time":"2024-01-02T00:53:14.861Z"}},{"iob":0.004,"basaliob":0,"bolussnooze":0,"activity":1.0E-4,"lastBolusTime":1704144799308,"time":"2024-01-02T00:58:14.861Z","iobWithZeroTemp":{"iob":-0.298,"basaliob":-0.302,"bolussnooze":0,"activity":-0.0035,"lastBolusTime":1704144799308,"time":"2024-01-02T00:58:14.861Z"}},{"iob":0.003,"basaliob":0,"bolussnooze":0,"activity":1.0E-4,"lastBolusTime":1704144799308,"time":"2024-01-02T01:03:14.861Z","iobWithZeroTemp":{"iob":-0.294,"basaliob":-0.297,"bolussnooze":0,"activity":-0.0035,"lastBolusTime":1704144799308,"time":"2024-01-02T01:03:14.861Z"}},{"iob":0.003,"basaliob":0,"bolussnooze":0,"activity":1.0E-4,"lastBolusTime":1704144799308,"time":"2024-01-02T01:08:14.861Z","iobWithZeroTemp":{"iob":-0.288,"basaliob":-0.291,"bolussnooze":0,"activity":-0.0035,"lastBolusTime":1704144799308,"time":"2024-01-02T01:08:14.861Z"}},{"iob":0.003,"basaliob":0,"bolussnooze":0,"activity":1.0E-4,"lastBolusTime":1704144799308,"time":"2024-01-02T01:13:14.861Z","iobWithZeroTemp":{"iob":-0.283,"basaliob":-0.286,"bolussnooze":0,"activity":-0.0035,"lastBolusTime":1704144799308,"time":"2024-01-02T01:13:14.861Z"}},{"iob":0.002,"basaliob":0,"bolussnooze":0,"activity":1.0E-4,"lastBolusTime":1704144799308,"time":"2024-01-02T01:18:14.861Z","iobWithZeroTemp":{"iob":-0.278,"basaliob":-0.28,"bolussnooze":0,"activity":-0.0034,"lastBolusTime":1704144799308,"time":"2024-01-02T01:18:14.861Z"}},{"iob":0.002,"basaliob":0,"bolussnooze":0,"activity":1.0E-4,"lastBolusTime":1704144799308,"time":"2024-01-02T01:23:14.861Z","iobWithZeroTemp":{"iob":-0.273,"basaliob":-0.275,"bolussnooze":0,"activity":-0.0034,"lastBolusTime":1704144799308,"time":"2024-01-02T01:23:14.861Z"}},{"iob":0.002,"basaliob":0,"bolussnooze":0,"activity":0,"lastBolusTime":1704144799308,"time":"2024-01-02T01:28:14.861Z","iobWithZeroTemp":{"iob":-0.269,"basaliob":-0.271,"bolussnooze":0,"activity":-0.0034,"lastBolusTime":1704144799308,"time":"2024-01-02T01:28:14.861Z"}},{"iob":0.001,"basaliob":0,"bolussnooze":0,"activity":0,"lastBolusTime":1704144799308,"time":"2024-01-02T01:33:14.861Z","iobWithZeroTemp":{"iob":-0.265,"basaliob":-0.266,"bolussnooze":0,"activity":-0.0034,"lastBolusTime":1704144799308,"time":"2024-01-02T01:33:14.861Z"}},{"iob":0.001,"basaliob":0,"bolussnooze":0,"activity":0,"lastBolusTime":1704144799308,"time":"2024-01-02T01:38:14.861Z","iobWithZeroTemp":{"iob":-0.261,"basaliob":-0.262,"bolussnooze":0,"activity":-0.0033,"lastBolusTime":1704144799308,"time":"2024-01-02T01:38:14.861Z"}}],"profile":{"max_iob":10,"type":"current","max_daily_basal":0.35,"max_basal":1.05,"min_bg":90,"max_bg":90,"target_bg":90,"carb_ratio":8.8,"sens":120,"max_daily_safety_multiplier":3,"current_basal_safety_multiplier":4,"lgsThreshold":95,"high_temptarget_raises_sensitivity":true,"low_temptarget_lowers_sensitivity":true,"sensitivity_raises_target":true,"resistance_lowers_target":true,"adv_target_adjustments":false,"exercise_mode":false,"half_basal_exercise_target":160,"maxCOB":120,"skip_neutral_temps":false,"remainingCarbsCap":90,"enableUAM":true,"A52_risk_enable":false,"SMBInterval":6,"enableSMB_with_COB":true,"enableSMB_with_temptarget":false,"allowSMB_with_high_temptarget":false,"enableSMB_always":false,"enableSMB_after_carbs":true,"maxSMBBasalMinutes":45,"maxUAMSMBBasalMinutes":40,"bolus_increment":0.05,"carbsReqThreshold":2,"current_basal":0.3,"temptargetSet":false,"autosens_max":1.3,"autosens_min":0.7,"variable_sens":146.8,"insulinDivisor":75,"TDD":12.138577904761902},"autosens_data":{"ratio":0.6681133585771137},"meal_data":{"carbs":10,"mealCOB":0,"slopeFromMaxDeviation":-0.005875000000000074,"slopeFromMinDeviation":0.6690909090909091,"lastBolusTime":1704144799308,"lastCarbTime":1704135232393},"microBolusAllowed":true,"currentTime":1704145395515,"flatBGsDetected":false,"tdd1D":14.612499999999995,"tdd7D":16.776095238095234,"tddLast24H":11.208333333333332,"tddLast4H":2.8583333333333334,"tddLast8to4H":1.1541666666666666},"output":{"temp":"absolute","bg":131,"tick":"+3","eventualBG":151,"targetBG":105,"insulinReq":0.24,"deliverAt":"2024-01-01T21:43:15.515Z","sensitivityRatio":0.6681133585771137,"variable_sens":146.8,"predBGs":{"IOB":[131,133,135,137,139,140,141,141,141,141,141,140,139,138,137,136,136,135,134,134,133,133,132,132,131,131,131,130,130,130,130,130,129,129,129,129,129,129,129,129,129,129,129,129,128],"ZT":[131,129,127,125,124,122,121,120,119,119,118,118,118,118],"UAM":[131,134,136,138,140,142,144,146,148,149,150,152,153,153,154,155,155,155,155,155,155,155,154,154,154,153,153,153,152,152,152,152,152,152,152,151]},"reason":"COB: 0, Dev: 28, BGI: -2, ISF: 147, CR: 8.8, Target: 105, minPredBG 140, minGuardBG 134, IOBpredBG 128, UAMpredBG 151; Eventual BG 151 >= 105,  insulinReq 0.24. Microbolusing 0.1U. temp 1.00 >~ req 0.68U\/hr. ","COB":0,"IOB":0.193,"units":0.1,"timestamp":"2024-01-01T21:43:15.521Z"}}