{"algorithm":"OpenAPSSMBDynamicISFPlugin","input":{"glucoseStatus":{"glucose":83,"noise":0,"delta":-1.5,"short_avgdelta":-1.5,"long_avgdelta":-1.73,"date":1704076971000},"currenttemp":{"temp":"absolute","duration":75,"rate":0,"minutesrunning":45},"iob_data":[{"iob":-0.031,"basaliob":-0.108,"bolussnooze":0,"activity":0.001,"lastBolusTime":1704071612530,"time":"2024-01-01T02:43:12.768Z","iobWithZeroTemp":{"iob":-0.031,"basaliob":-0.108,"bolussnooze":0,"activity":0.001,"lastBolusTime":1704071612530,"time":"2024-01-01T02:43:12.768Z"}},{"iob":-0.036,"basaliob":-0.106,"bolussnooze":0,"activity":7.0E-4,"lastBolusTime":1704071612530,"time":"2024-01-01T02:48:12.768Z","iobWithZeroTemp":{"iob":-0.049,"basaliob":-0.119,"bolussnooze":0,"activity":7.0E-4,"lastBolusTime":1704071612530,"time":"2024-01-01T02:48:12.768Z"}},{"iob":-0.038,"basaliob":-0.102,"bolussnooze":0,"activity":5.0E-4,"lastBolusTime":1704071612530,"time":"2024-01-01T02:53:12.768Z","iobWithZeroTemp":{"iob":-0.068,"basaliob":-0.132,"bolussnooze":0,"activity":4.0E-4,"lastBolusTime":1704071612530,"time":"2024-01-01T02:53:12.768Z"}},{"iob":-0.041,"basaliob":-0.099,"bolussnooze":0,"activity":3.0E-4,"lastBolusTime":1704071612530,"time":"2024-01-01T02:58:12.768Z","iobWithZeroTemp":{"iob":-0.087,"basaliob":-0.145,"bolussnooze":0,"activity":2.0E-4,"lastBolusTime":1704071612530,"time":"2024-01-01T02:58:12.768Z"}},{"iob":-0.041,"basaliob":-0.094,"bolussnooze":0,"activity":1.0E-4,"lastBolusTime":1704071612530,"time":"2024-01-01T03:03:12.768Z","iobWithZeroTemp":{"iob":-0.111,"basaliob":-0.164,"bolussnooze":0,"activity":-1.0E-4,"lastBolusTime":1704071612530,"time":"2024-01-01T03:03:12.768Z"}},{"iob":-0.042,"basaliob":-0.09,"bolussnooze":0,"activity":0,"lastBolusTime":1704071612530,"time":"2024-01-01T03:08:12.768Z","iobWithZeroTemp":{"iob":-0.135,"basaliob":-0.183,"bolussnooze":0,"activity":-4.0E-4,"lastBolusTime":1704071612530,"time":"2024-01-01T03:08:12.768Z"}},{"iob":-0.042,"basaliob":-0.085,"bolussnooze":0,"activity":0,"lastBolusTime":1704071612530,"time":"2024-01-01T03:13:12.768Z","iobWithZeroTemp":{"iob":-0.157,"basaliob":-0.2,"bolussnooze":0,"activity":-5.0E-4,"lastBolusTime":1704071612530,"time":"2024-01-01T03:13:12.768Z"}},{"iob":-0.042,"basaliob":-0.081,"bolussnooze":0,"activity":-1.0E-4,"lastBolusTime":1704071612530,"time":"2024-01-01T03:18:12.768Z","iobWithZeroTemp":{"iob":-0.179,"basaliob":-0.218,"bolussnooze":0,"activity":-8.0E-4,"lastBolusTime":1704071612530,"time":"2024-01-01T03:18:12.768Z"}},{"iob":-0.04,"basaliob":-0.076,"bolussnooze":0,"activity":-2.0E-4,"lastBolusTime":1704071612530,"time":"2024-01-01T03:23:12.768Z","iobWithZeroTemp":{"iob":-0.198,"basaliob":-0.234,"bolussnooze":0,"activity":-0.0011,"lastBolusTime":1704071612530,"time":"2024-01-01T03:23:12.768Z"}},{"iob":-0.039,"basaliob":-0.071,"bolussnooze":0,"activity":-2.0E-4,"lastBolusTime":1704071612530,"time":"2024-01-01T03:28:12.768Z","iobWithZeroTemp":{"iob":-0.217,"basaliob":-0.249,"bolussnooze":0,"activity":-0.0013,"lastBolusTime":1704071612530,"time":"2024-01-01T03:28:12.768Z"}},{"iob":-0.038,"basaliob":-0.067,"bolussnooze":0,"activity":-3.0E-4,"lastBolusTime":1704071612530,"time":"2024-01-01T03:33:12.768Z","iobWithZeroTemp":{"iob":-0.234,"basaliob":-0.263,"bolussnooze":0,"activity":-0.0016,"lastBolusTime":1704071612530,"time":"2024-01-01T03:33:12.768Z"}},{"iob":-0.036,"basaliob":-0.062,"bolussnooze":0,"activity":-3.0E-4,"lastBolusTime":1704071612530,"time":"2024-01-01T03:38:12.768Z","iobWithZeroTemp":{"iob":-0.25,"basaliob":-0.276,"bolussnooze":0,"activity":-0.0019,"lastBolusTime":1704071612530,"time":"2024-01-01T03:38:12.768Z"}},{"iob":-0.035,"basaliob":-0.058,"bolussnooze":0,"activity":-3.0E-4,"lastBolusTime":1704071612530,"time":"2024-01-01T03:43:12.768Z","iobWithZeroTemp":{"iob":-0.266,"basaliob":-0.289,"bolussnooze":0,"activity":-0.0021,"lastBolusTime":1704071612530,"time":"2024-01-01T03:43:12.768Z"}},{"iob":-0.033,"basaliob":-0.054,"bolussnooze":0,"activity":-3.0E-4,"lastBolusTime":1704071612530,"time":"2024-01-01T03:48:12.768Z","iobWithZeroTemp":{"iob":-0.28,"basaliob":-0.301,"bolussnooze":0,"activity":-0.0023,"lastBolusTime":1704071612530,"time":"2024-01-01T03:48:12.768Z"}},{"iob":-0.031,"basaliob":-0.05,"bolussnooze":0,"activity":-4.0E-4,"lastBolusTime":1704071612530,"time":"2024-01-01T03:53:12.768Z","iobWithZeroTemp":{"iob":-0.292,"basaliob":-0.311,"bolussnooze":0,"activity":-0.0026,"lastBolusTime":1704071612530,"time":"2024-01-01T03:53:12.768Z"}},{"iob":-0.029,"basaliob":-0.046,"bolussnooze":0,"activity":-3.0E-4,"lastBolusTime":1704071612530,"time":"2024-01-01T03:58:12.768Z","iobWithZeroTemp":{"iob":-0.304,"basaliob":-0.321,"bolussnooze":0,"activity":-0.0027,"lastBolusTime":1704071612530,"time":"2024-01-01T03:58:12.768Z"}},{"iob":-0.028,"basaliob":-0.043,"bolussnooze":0,"activity":-4.0E-4,"lastBolusTime":1704071612530,"time":"2024-01-01T04:03:12.768Z","iobWithZeroTemp":{"iob":-0.316,"basaliob":-0.331,"bolussnooze":0,"activity":-0.0029,"lastBolusTime":1704071612530,"time":"2024-01-01T04:03:12.768Z"}},{"iob":-0.025,"basaliob":-0.039,"bolussnooze":0,"activity":-4.0E-4,"lastBolusTime":1704071612530,"time":"2024-01-01T04:08:12.768Z","iobWithZeroTemp":{"iob":-0.324,"basaliob":-0.338,"bolussnooze":0,"activity":-0.0031,"lastBolusTime":1704071612530,"time":"2024-01-01T04:08:12.768Z"}},{"iob":-0.024,"basaliob":-0.036,"bolussnooze":0,"activity":-3.0E-4,"lastBolusTime":1704071612530,"time":"2024-01-01T04:13:12.768Z","iobWithZeroTemp":{"iob":-0.334,"basaliob":-0.346,"bolussnooze":0,"activity":-0.0032,"lastBolusTime":1704071612530,"time":"2024-01-01T04:13:12.768Z"}},{"iob":-0.022,"basaliob":-0.033,"bolussnooze":0,"activity":-4.0E-4,"lastBolusTime":1704071612530,"time":"2024-01-01T04:18:12.768Z","iobWithZeroTemp":{"iob":-0.342,"basaliob":-0.353,"bolussnooze":0,"activity":-0.0035,"lastBolusTime":1704071612530,"time":"2024-01-01T04:18:12.768Z"}},{"iob":-0.02,"basaliob":-0.03,"bolussnooze":0,"activity":-3.0E-4,"lastBolusTime":1704071612530,"time":"2024-01-01T04:23:12.768Z","iobWithZeroTemp":{"iob":-0.35,"basaliob":-0.36,"bolussnooze":0,"activity":-0.0035,"lastBolusTime":1704071612530,"time":"2024-01-01T04:23:12.768Z"}},{"iob":-0.019,"basaliob":-0.028,"bolussnooze":0,"activity":-3.0E-4,"lastBolusTime":1704071612530,"time":"2024-01-01T04:28:12.768Z","iobWithZeroTemp":{"iob":-0.357,"basaliob":-0.366,"bolussnooze":0,"activity":-0.0037,"lastBolusTime":1704071612530,"time":"2024-01-01T04:28:12.768Z"}},{"iob":-0.018,"basaliob":-0.026,"bolussnooze":0,"activity":-3.0E-4,"lastBolusTime":1704071612530,"time":"2024-01-01T04:33:12.768Z","iobWithZeroTemp":{"iob":-0.364,"basaliob":-0.372,"bolussnooze":0,"activity":-0.0038,"lastBolusTime":1704071612530,"time":"2024-01-01T04:33:12.768Z"}},{"iob":-0.016,"basaliob":-0.023,"bolussnooze":0,"activity":-2.0E-4,"lastBolusTime":1704071612530,"time":"2024-01-01T04:38:12.768Z","iobWithZeroTemp":{"iob":-0.369,"basaliob":-0.376,"bolussnooze":0,"activity":-0.0038,"lastBolusTime":1704071612530,"time":"2024-01-01T04:38:12.768Z"}},{"iob":-0.015,"basaliob":-0.021,"bolussnooze":0,"activity":-3.0E-4,"lastBolusTime":1704071612530,"time":"2024-01-01T04:43:12.768Z","iobWithZeroTemp":{"iob":-0.375,"basaliob":-0.381,"bolussnooze":0,"activity":-0.004,"lastBolusTime":1704071612530,"time":"2024-01-01T04:43:12.768Z"}},{"iob":-0.014,"basaliob":-0.019,"bolussnooze":0,"activity":-3.0E-4,"lastBolusTime":1704071612530,"time":"2024-01-01T04:48:12.768Z","iobWithZeroTemp":{"iob":-0.38,"basaliob":-0.385,"bolussnooze":0,"activity":-0.0041,"lastBolusTime":1704071612530,"time":"2024-01-01T04:48:12.768Z"}},{"iob":-0.013,"basaliob":-0.018,"bolussnooze":0,"activity":-2.0E-4,"lastBolusTime":1704071612530,"time":"2024-01-01T04:53:12.768Z","iobWithZeroTemp":{"iob":-0.385,"basaliob":-0.39,"bolussnooze":0,"activity":-0.0041,"lastBolusTime":1704071612530,"time":"2024-01-01T04:53:12.768Z"}},{"iob":-0.012,"basaliob":-0.016,"bolussnooze":0,"activity":-2.0E-4,"lastBolusTime":1704071612530,"time":"2024-01-01T04:58:12.768Z","iobWithZeroTemp":{"iob":-0.389,"basaliob":-0.393,"bolussnooze":0,"activity":-0.0042,"lastBolusTime":1704071612530,"time":"2024-01-01T04:58:12.768Z"}},{"iob":-0.01,"basaliob":-0.014,"bolussnooze":0,"activity":-2.0E-4,"lastBolusTime":1704071612530,"time":"2024-01-01T05:03:12.768Z","iobWithZeroTemp":{"iob":-0.391,"basaliob":-0.395,"bolussnooze":0,"activity":-0.0043,"lastBolusTime":1704071612530,"time":"2024-01-01T05:03:12.768Z"}},{"iob":-0.01,"basaliob":-0.013,"bolussnooze":0,"activity":-2.0E-4,"lastBolusTime":1704071612530,"time":"2024-01-01T05:08:12.768Z","iobWithZeroTemp":{"iob":-0.396,"basaliob":-0.399,"bolussnooze":0,"activity":-0.0044,"lastBolusTime":1704071612530,"time":"2024-01-01T05:08:12.768Z"}},{"iob":-0.009,"basaliob":-0.012,"bolussnooze":0,"activity":-1.0E-4,"lastBolusTime":1704071612530,"time":"2024-01-01T05:13:12.768Z","iobWithZeroTemp":{"iob":-0.398,"basaliob":-0.401,"bolussnooze":0,"activity":-0.0044,"lastBolusTime":1704071612530,"time":"2024-01-01T05:13:12.768Z"}},{"iob":-0.009,"basaliob":-0.011,"bolussnooze":0,"activity":-1.0E-4,"lastBolusTime":1704071612530,"time":"2024-01-01T05:18:12.768Z","iobWithZeroTemp":{"iob":-0.402,"basaliob":-0.404,"bolussnooze":0,"activity":-0.0045,"lastBolusTime":1704071612530,"time":"2024-01-01T05:18:12.768Z"}},{"iob":-0.008,"basaliob":-0.01,"bolussnooze":0,"activity":-1.0E-4,"lastBolusTime":1704071612530,"time":"2024-01-01T05:23:12.768Z","iobWithZeroTemp":{"iob":-0.404,"basaliob":-0.406,"bolussnooze":0,"activity":-0.0045,"lastBolusTime":1704071612530,"time":"2024-01-01T05:23:12.768Z"}},{"iob":-0.007,"basaliob":-0.009,"bolussnooze":0,"activity":-1.0E-4,"lastBolusTime":1704071612530,"time":"2024-01-01T05:28:12.768Z","iobWithZeroTemp":{"iob":-0.406,"basaliob":-0.408,"bolussnooze":0,"activity":-0.0046,"lastBolusTime":1704071612530,"time":"2024-01-01T05:28:12.768Z"}},{"iob":-0.007,"basaliob":-0.008,"bolussnooze":0,"activity":-2.0E-4,"lastBolusTime":1704071612530,"time":"2024-01-01T05:33:12.768Z","iobWithZeroTemp":{"iob":-0.408,"basaliob":-0.409,"bolussnooze":0,"activity":-0.0047,"lastBolusTime":1704071612530,"time":"2024-01-01T05:33:12.768Z"}},{"iob":-0.006,"basaliob":-0.007,"bolussnooze":0,"activity":-2.0E-4,"lastBolusTime":1704071612530,"time":"2024-01-01T05:38:12.768Z","iobWithZeroTemp":{"iob":-0.409,"basaliob":-0.41,"bolussnooze":0,"activity":-0.0048,"lastBolusTime":1704071612530,"time":"2024-01-01T05:38:12.768Z"}},{"iob":-0.005,"basaliob":-0.006,"bolussnooze":0,"activity":-1.0E-4,"lastBolusTime":1704071612530,"time":"2024-01-01T05:43:12.768Z","iobWithZeroTemp":{"iob":-0.41,"basaliob":-0.411,"bolussnooze":0,"activity":-0.0047,"lastBolusTime":1704071612530,"time":"2024-01-01T05:43:12.768Z"}},{"iob":-0.005,"basaliob":-0.006,"bolussnooze":0,"activity":-1.0E-4,"lastBolusTime":1704071612530,"time":"2024-01-01T05:48:12.768Z","iobWithZeroTemp":{"iob":-0.412,"basaliob":-0.413,"bolussnooze":0,"activity":-0.0048,"lastBolusTime":1704071612530,"time":"2024-01-01T05:48:12.768Z"}},{"iob":-0.004,"basaliob":-0.005,"bolussnooze":0,"activity":-1.0E-4,"lastBolusTime":1704071612530,"time":"2024-01-01T05:53:12.768Z","iobWithZeroTemp":{"iob":-0.413,"basaliob":-0.414,"bolussnooze":0,"activity":-0.0048,"lastBolusTime":1704071612530,"time":"2024-01-01T05:53:12.768Z"}},{"iob":-0.003,"basaliob":-0.004,"bolussnooze":0,"activity":-1.0E-4,"lastBolusTime":1704071612530,"time":"2024-01-01T05:58:12.768Z","iobWithZeroTemp":{"iob":-0.413,"basaliob":-0.414,"bolussnooze":0,"activity":-0.0048,"lastBolusTime":1704071612530,"time":"2024-01-01T05:58:12.768Z"}},{"iob":-0.004,"basaliob":-0.004,"bolussnooze":0,"activity":-1.0E-4,"lastBolusTime":1704071612530,"time":"2024-01-01T06:03:12.768Z","iobWithZeroTemp":{"iob":-0.416,"basaliob":-0.416,"bolussnooze":0,"activity":-0.0049,"lastBolusTime":1704071612530,"time":"2024-01-01T06:03:12.768Z"}},{"iob":-0.003,"basaliob":-0.003,"bolussnooze":0,"activity":-1.0E-4,"lastBolusTime":1704071612530,"time":"2024-01-01T06:08:12.768Z","iobWithZeroTemp":{"iob":-0.416,"basaliob":-0.416,"bolussnooze":0,"activity":-0.0049,"lastBolusTime":1704071612530,"time":"2024-01-01T06:08:12.768Z"}},{"iob":-0.003,"basaliob":-0.003,"bolussnooze":0,"activity":-1.0E-4,"lastBolusTime":1704071612530,"time":"2024-01-01T06:13:12.768Z","iobWithZeroTemp":{"iob":-0.417,"basaliob":-0.417,"bolussnooze":0,"activity":-0.0049,"lastBolusTime":1704071612530,"time":"2024-01-01T06:13:12.768Z"}},{"iob":-0.003,"basaliob":-0.003,"bolussnooze":0,"activity":-1.0E-4,"lastBolusTime":1704071612530,"time":"2024-01-01T06:18:12.768Z","iobWithZeroTemp":{"iob":-0.418,"basaliob":-0.418,"bolussnooze":0,"activity":-0.0049,"lastBolusTime":1704071612530,"time":"2024-01-01T06:18:12.768Z"}},{"iob":-0.002,"basaliob":-0.002,"bolussnooze":0,"activity":-1.0E-4,"lastBolusTime":1704071612530,"time":"2024-01-01T06:23:12.768Z","iobWithZeroTemp":{"iob":-0.418,"basaliob":-0.418,"bolussnooze":0,"activity":-0.005,"lastBolusTime":1704071612530,"time":"2024-01-01T06:23:12.768Z"}},{"iob":-0.002,"basaliob":-0.002,"bolussnooze":0,"activity":-1.0E-4,"lastBolusTime":1704071612530,"time":"2024-01-01T06:28:12.768Z","iobWithZeroTemp":{"iob":-0.418,"basaliob":-0.418,"bolussnooze":0,"activity":-0.005,"lastBolusTime":1704071612530,"time":"2024-01-01T06:28:12.768Z"}},{"iob":-0.002,"basaliob":-0.002,"bolussnooze":0,"activity":-1.0E-4,"lastBolusTime":1704071612530,"time":"2024-01-01T06:33:12.768Z","iobWithZeroTemp":{"iob":-0.419,"basaliob":-0.419,"bolussnooze":0,"activity":-0.005,"lastBolusTime":1704071612530,"time":"2024-01-01T06:33:12.768Z"}},{"iob":-0.002,"basaliob":-0.002,"bolussnooze":0,"activity":0,"lastBolusTime":1704071612530,"time":"2024-01-01T06:38:12.768Z","iobWithZeroTemp":{"iob":-0.419,"basaliob":-0.419,"bolussnooze":0,"activity":-0.0049,"lastBolusTime":1704071612530,"time":"2024-01-01T06:38:12.768Z"}}],"profile":{"max_iob":10,"type":"current","max_daily_basal":0.35,"max_basal":0.8,"min_bg":130,"max_bg":130,"target_bg":130,"carb_ratio":8.8,"sens":120,"max_daily_safety_multiplier":3,"current_basal_safety_multiplier":4,"lgsThreshold":95,"high_temptarget_raises_sensitivity":true,"low_temptarget_lowers_sensitivity":true,"sensitivity_raises_target":true,"resistance_lowers_target":true,"adv_target_adjustments":false,"exercise_mode":false,"half_basal_exercise_target":160,"maxCOB":120,"skip_neutral_temps":false,"remainingCarbsCap":90,"enableUAM":true,"A52_risk_enable":false,"SMBInterval":6,"enableSMB_with_COB":true,"enableSMB_with_temptarget":true,"allowSMB_with_high_temptarget":false,"enableSMB_always":false,"enableSMB_after_carbs":true,"maxSMBBasalMinutes":30,"maxUAMSMBBasalMinutes":45,"bolus_increment":0.05,"carbsReqThreshold":2,"current_basal":0.2,"temptargetSet":true,"autosens_max":1.3,"autosens_min":0.7,"variable_sens":220.3,"insulinDivisor":75,"TDD":10.966417904761904},"autosens_data":{"ratio":0.8663120426457147},"meal_data":{"carbs":0,"mealCOB":0,"slopeFromMaxDeviation":-0.915,"slopeFromMinDeviation":0.376625,"lastBolusTime":1704071612530,"lastCarbTime":0},"microBolusAllowed":true,"currentTime":1704076995154,"flatBGsDetected":false,"tdd1D":14.612499999999995,"tdd7D":16.776095238095234,"tddLast24H":14.53333333333333,"tddLast4H":0.6833333333333333,"tddLast8to4H":3.7625},"output":{"temp":"absolute","bg":83,"tick":-1,"eventualBG":86,"targetBG":130,"insulinReq":0,"deliverAt":"2024-01-01T02:43:15.154Z","sensitivityRatio":0.67,"variable_sens":220.3,"predBGs":{"IOB":[83,82,80,80,79,79,78,78,78,78,79,79,79,80,80,80,81,81,82,82,82,83,83,83,84,84,84,84,85,85,85,85,85,85,85,86,86,86,86,86,86,86,87],"ZT":[83,82,81,81,80,81,81,82,82,84,85,87,89,91,93,96,99,102,105,108,111,114,117,121,124,127]},"reason":"COB: 0, Dev: -4, BGI: -1, ISF: 220, CR: 8.8, Target: 130, minPredBG 82, minGuardBG 78, IOBpredBG 87; minGuardBG 78<95 75m left and 0 ~ req 0U\/hr: no temp required","COB":0,"IOB":-0.031,"timestamp":"2024-01-01T02:43:15.196Z"}}