{"algorithm":"OpenAPSSMBDynamicISFPlugin","input":{"glucoseStatus":{"glucose":54,"noise":0,"delta":-3.11,"short_avgdelta":-3.11,"long_avgdelta":-5.19,"date":1704217074000},"currenttemp":{"temp":"absolute","duration":100,"rate":0,"minutesrunning":20},"iob_data":[{"iob":1.311,"basaliob":-0.114,"bolussnooze":0.5369,"activity":0.0189,"lastBolusTime":1704214581404,"time":"2024-01-02T17:38:18.574Z","iobWithZeroTemp":{"iob":1.311,"basaliob":-0.114,"bolussnooze":0.5369,"activity":0.0189,"lastBolusTime":1704214581404,"time":"2024-01-02T17:38:18.574Z"}},{"iob":1.219,"basaliob":-0.108,"bolussnooze":0.4532,"activity":0.0181,"lastBolusTime":1704214581404,"time":"2024-01-02T17:43:18.574Z","iobWithZeroTemp":{"iob":1.212,"basaliob":-0.115,"bolussnooze":0.4532,"activity":0.0181,"lastBolusTime":1704214581404,"time":"2024-01-02T17:43:18.574Z"}},{"iob":1.13,"basaliob":-0.102,"bolussnooze":0.3799,"activity":0.0173,"lastBolusTime":1704214581404,"time":"2024-01-02T17:48:18.574Z","iobWithZeroTemp":{"iob":1.115,"basaliob":-0.117,"bolussnooze":0.3799,"activity":0.0173,"lastBolusTime":1704214581404,"time":"2024-01-02T17:48:18.574Z"}},{"iob":1.046,"basaliob":-0.096,"bolussnooze":0.3164,"activity":0.0164,"lastBolusTime":1704214581404,"time":"2024-01-02T17:53:18.574Z","iobWithZeroTemp":{"iob":1.023,"basaliob":-0.119,"bolussnooze":0.3164,"activity":0.0163,"lastBolusTime":1704214581404,"time":"2024-01-02T17:53:18.574Z"}},{"iob":0.966,"basaliob":-0.09,"bolussnooze":0.2618,"activity":0.0156,"lastBolusTime":1704214581404,"time":"2024-01-02T17:58:18.574Z","iobWithZeroTemp":{"iob":0.935,"basaliob":-0.121,"bolussnooze":0.2618,"activity":0.0155,"lastBolusTime":1704214581404,"time":"2024-01-02T17:58:18.574Z"}},{"iob":0.89,"basaliob":-0.084,"bolussnooze":0.2153,"activity":0.0148,"lastBolusTime":1704214581404,"time":"2024-01-02T18:03:18.574Z","iobWithZeroTemp":{"iob":0.852,"basaliob":-0.122,"bolussnooze":0.2153,"activity":0.0146,"lastBolusTime":1704214581404,"time":"2024-01-02T18:03:18.574Z"}},{"iob":0.818,"basaliob":-0.079,"bolussnooze":0.176,"activity":0.0138,"lastBolusTime":1704214581404,"time":"2024-01-02T18:08:18.574Z","iobWithZeroTemp":{"iob":0.772,"basaliob":-0.125,"bolussnooze":0.176,"activity":0.0136,"lastBolusTime":1704214581404,"time":"2024-01-02T18:08:18.574Z"}},{"iob":0.752,"basaliob":-0.073,"bolussnooze":0.143,"activity":0.0129,"lastBolusTime":1704214581404,"time":"2024-01-02T18:13:18.574Z","iobWithZeroTemp":{"iob":0.699,"basaliob":-0.126,"bolussnooze":0.143,"activity":0.0126,"lastBolusTime":1704214581404,"time":"2024-01-02T18:13:18.574Z"}},{"iob":0.689,"basaliob":-0.068,"bolussnooze":0.1155,"activity":0.0122,"lastBolusTime":1704214581404,"time":"2024-01-02T18:18:18.574Z","iobWithZeroTemp":{"iob":0.63,"basaliob":-0.127,"bolussnooze":0.1155,"activity":0.0118,"lastBolusTime":1704214581404,"time":"2024-01-02T18:18:18.574Z"}},{"iob":0.63,"basaliob":-0.063,"bolussnooze":0.0927,"activity":0.0113,"lastBolusTime":1704214581404,"time":"2024-01-02T18:23:18.574Z","iobWithZeroTemp":{"iob":0.564,"basaliob":-0.129,"bolussnooze":0.0927,"activity":0.0109,"lastBolusTime":1704214581404,"time":"2024-01-02T18:23:18.574Z"}},{"iob":0.576,"basaliob":-0.058,"bolussnooze":0.074,"activity":0.0106,"lastBolusTime":1704214581404,"time":"2024-01-02T18:28:18.574Z","iobWithZeroTemp":{"iob":0.504,"basaliob":-0.13,"bolussnooze":0.074,"activity":0.0101,"lastBolusTime":1704214581404,"time":"2024-01-02T18:28:18.574Z"}},{"iob":0.525,"basaliob":-0.054,"bolussnooze":0.0586,"activity":0.0097,"lastBolusTime":1704214581404,"time":"2024-01-02T18:33:18.574Z","iobWithZeroTemp":{"iob":0.448,"basaliob":-0.131,"bolussnooze":0.0586,"activity":0.0091,"lastBolusTime":1704214581404,"time":"2024-01-02T18:33:18.574Z"}},{"iob":0.477,"basaliob":-0.05,"bolussnooze":0.0461,"activity":0.0091,"lastBolusTime":1704214581404,"time":"2024-01-02T18:38:18.574Z","iobWithZeroTemp":{"iob":0.395,"basaliob":-0.132,"bolussnooze":0.0461,"activity":0.0084,"lastBolusTime":1704214581404,"time":"2024-01-02T18:38:18.574Z"}},{"iob":0.434,"basaliob":-0.046,"bolussnooze":0.036,"activity":0.0083,"lastBolusTime":1704214581404,"time":"2024-01-02T18:43:18.574Z","iobWithZeroTemp":{"iob":0.347,"basaliob":-0.133,"bolussnooze":0.036,"activity":0.0076,"lastBolusTime":1704214581404,"time":"2024-01-02T18:43:18.574Z"}},{"iob":0.394,"basaliob":-0.042,"bolussnooze":0.0279,"activity":0.0077,"lastBolusTime":1704214581404,"time":"2024-01-02T18:48:18.574Z","iobWithZeroTemp":{"iob":0.302,"basaliob":-0.134,"bolussnooze":0.0279,"activity":0.0069,"lastBolusTime":1704214581404,"time":"2024-01-02T18:48:18.574Z"}},{"iob":0.357,"basaliob":-0.038,"bolussnooze":0.0213,"activity":0.0071,"lastBolusTime":1704214581404,"time":"2024-01-02T18:53:18.574Z","iobWithZeroTemp":{"iob":0.261,"basaliob":-0.134,"bolussnooze":0.0213,"activity":0.0062,"lastBolusTime":1704214581404,"time":"2024-01-02T18:53:18.574Z"}},{"iob":0.323,"basaliob":-0.035,"bolussnooze":0.0161,"activity":0.0066,"lastBolusTime":1704214581404,"time":"2024-01-02T18:58:18.574Z","iobWithZeroTemp":{"iob":0.223,"basaliob":-0.135,"bolussnooze":0.0161,"activity":0.0057,"lastBolusTime":1704214581404,"time":"2024-01-02T18:58:18.574Z"}},{"iob":0.292,"basaliob":-0.032,"bolussnooze":0.012,"activity":0.006,"lastBolusTime":1704214581404,"time":"2024-01-02T19:03:18.574Z","iobWithZeroTemp":{"iob":0.168,"basaliob":-0.156,"bolussnooze":0.012,"activity":0.005,"lastBolusTime":1704214581404,"time":"2024-01-02T19:03:18.574Z"}},{"iob":0.263,"basaliob":-0.029,"bolussnooze":0.0088,"activity":0.0055,"lastBolusTime":1704214581404,"time":"2024-01-02T19:08:18.574Z","iobWithZeroTemp":{"iob":0.115,"basaliob":-0.177,"bolussnooze":0.0088,"activity":0.0044,"lastBolusTime":1704214581404,"time":"2024-01-02T19:08:18.574Z"}},{"iob":0.236,"basaliob":-0.027,"bolussnooze":0.0063,"activity":0.005,"lastBolusTime":1704214581404,"time":"2024-01-02T19:13:18.574Z","iobWithZeroTemp":{"iob":0.065,"basaliob":-0.198,"bolussnooze":0.0063,"activity":0.0037,"lastBolusTime":1704214581404,"time":"2024-01-02T19:13:18.574Z"}},{"iob":0.213,"basaliob":-0.024,"bolussnooze":0.0044,"activity":0.0045,"lastBolusTime":1704214581404,"time":"2024-01-02T19:18:18.574Z","iobWithZeroTemp":{"iob":0.02,"basaliob":-0.217,"bolussnooze":0.0044,"activity":0.0031,"lastBolusTime":1704214581404,"time":"2024-01-02T19:18:18.574Z"}},{"iob":0.191,"basaliob":-0.022,"bolussnooze":0.0029,"activity":0.0042,"lastBolusTime":1704214581404,"time":"2024-01-02T19:23:18.574Z","iobWithZeroTemp":{"iob":-0.024,"basaliob":-0.237,"bolussnooze":0.0029,"activity":0.0026,"lastBolusTime":1704214581404,"time":"2024-01-02T19:23:18.574Z"}},{"iob":0.171,"basaliob":-0.02,"bolussnooze":0.0019,"activity":0.0038,"lastBolusTime":1704214581404,"time":"2024-01-02T19:28:18.574Z","iobWithZeroTemp":{"iob":-0.064,"basaliob":-0.255,"bolussnooze":0.0019,"activity":0.002,"lastBolusTime":1704214581404,"time":"2024-01-02T19:28:18.574Z"}},{"iob":0.153,"basaliob":-0.018,"bolussnooze":0.0011,"activity":0.0034,"lastBolusTime":1704214581404,"time":"2024-01-02T19:33:18.574Z","iobWithZeroTemp":{"iob":-0.102,"basaliob":-0.273,"bolussnooze":0.0011,"activity":0.0014,"lastBolusTime":1704214581404,"time":"2024-01-02T19:33:18.574Z"}},{"iob":0.137,"basaliob":-0.016,"bolussnooze":6.0E-4,"activity":0.0032,"lastBolusTime":1704214581404,"time":"2024-01-02T19:38:18.574Z","iobWithZeroTemp":{"iob":-0.136,"basaliob":-0.289,"bolussnooze":6.0E-4,"activity":0.001,"lastBolusTime":1704214581404,"time":"2024-01-02T19:38:18.574Z"}},{"iob":0.121,"basaliob":-0.015,"bolussnooze":3.0E-4,"activity":0.0028,"lastBolusTime":1704214581404,"time":"2024-01-02T19:43:18.574Z","iobWithZeroTemp":{"iob":-0.169,"basaliob":-0.305,"bolussnooze":3.0E-4,"activity":3.0E-4,"lastBolusTime":1704214581404,"time":"2024-01-02T19:43:18.574Z"}},{"iob":0.108,"basaliob":-0.013,"bolussnooze":1.0E-4,"activity":0.0025,"lastBolusTime":1704214581404,"time":"2024-01-02T19:48:18.574Z","iobWithZeroTemp":{"iob":-0.199,"basaliob":-0.32,"bolussnooze":1.0E-4,"activity":-2.0E-4,"lastBolusTime":1704214581404,"time":"2024-01-02T19:48:18.574Z"}},{"iob":0.096,"basaliob":-0.012,"bolussnooze":0,"activity":0.0023,"lastBolusTime":1704214581404,"time":"2024-01-02T19:53:18.574Z","iobWithZeroTemp":{"iob":-0.226,"basaliob":-0.334,"bolussnooze":0,"activity":-6.0E-4,"lastBolusTime":1704214581404,"time":"2024-01-02T19:53:18.574Z"}},{"iob":0.084,"basaliob":-0.011,"bolussnooze":0,"activity":0.0021,"lastBolusTime":1704214581404,"time":"2024-01-02T19:58:18.574Z","iobWithZeroTemp":{"iob":-0.252,"basaliob":-0.347,"bolussnooze":0,"activity":-0.001,"lastBolusTime":1704214581404,"time":"2024-01-02T19:58:18.574Z"}},{"iob":0.075,"basaliob":-0.009,"bolussnooze":0,"activity":0.0019,"lastBolusTime":1704214581404,"time":"2024-01-02T20:03:18.574Z","iobWithZeroTemp":{"iob":-0.275,"basaliob":-0.359,"bolussnooze":0,"activity":-0.0014,"lastBolusTime":1704214581404,"time":"2024-01-02T20:03:18.574Z"}},{"iob":0.067,"basaliob":-0.008,"bolussnooze":0,"activity":0.0017,"lastBolusTime":1704214581404,"time":"2024-01-02T20:08:18.574Z","iobWithZeroTemp":{"iob":-0.295,"basaliob":-0.37,"bolussnooze":0,"activity":-0.0017,"lastBolusTime":1704214581404,"time":"2024-01-02T20:08:18.574Z"}},{"iob":0.058,"basaliob":-0.008,"bolussnooze":0,"activity":0.0015,"lastBolusTime":1704214581404,"time":"2024-01-02T20:13:18.574Z","iobWithZeroTemp":{"iob":-0.315,"basaliob":-0.381,"bolussnooze":0,"activity":-0.0021,"lastBolusTime":1704214581404,"time":"2024-01-02T20:13:18.574Z"}},{"iob":0.051,"basaliob":-0.007,"bolussnooze":0,"activity":0.0013,"lastBolusTime":1704214581404,"time":"2024-01-02T20:18:18.574Z","iobWithZeroTemp":{"iob":-0.333,"basaliob":-0.391,"bolussnooze":0,"activity":-0.0025,"lastBolusTime":1704214581404,"time":"2024-01-02T20:18:18.574Z"}},{"iob":0.045,"basaliob":-0.006,"bolussnooze":0,"activity":0.0012,"lastBolusTime":1704214581404,"time":"2024-01-02T20:23:18.574Z","iobWithZeroTemp":{"iob":-0.349,"basaliob":-0.4,"bolussnooze":0,"activity":-0.0027,"lastBolusTime":1704214581404,"time":"2024-01-02T20:23:18.574Z"}},{"iob":0.039,"basaliob":-0.005,"bolussnooze":0,"activity":0.0011,"lastBolusTime":1704214581404,"time":"2024-01-02T20:28:18.574Z","iobWithZeroTemp":{"iob":-0.364,"basaliob":-0.408,"bolussnooze":0,"activity":-0.003,"lastBolusTime":1704214581404,"time":"2024-01-02T20:28:18.574Z"}},{"iob":0.034,"basaliob":-0.005,"bolussnooze":0,"activity":0.001,"lastBolusTime":1704214581404,"time":"2024-01-02T20:33:18.574Z","iobWithZeroTemp":{"iob":-0.377,"basaliob":-0.416,"bolussnooze":0,"activity":-0.0032,"lastBolusTime":1704214581404,"time":"2024-01-02T20:33:18.574Z"}},{"iob":0.03,"basaliob":-0.004,"bolussnooze":0,"activity":9.0E-4,"lastBolusTime":1704214581404,"time":"2024-01-02T20:38:18.574Z","iobWithZeroTemp":{"iob":-0.389,"basaliob":-0.423,"bolussnooze":0,"activity":-0.0035,"lastBolusTime":1704214581404,"time":"2024-01-02T20:38:18.574Z"}},{"iob":0.025,"basaliob":-0.004,"bolussnooze":0,"activity":7.0E-4,"lastBolusTime":1704214581404,"time":"2024-01-02T20:43:18.574Z","iobWithZeroTemp":{"iob":-0.401,"basaliob":-0.43,"bolussnooze":0,"activity":-0.0038,"lastBolusTime":1704214581404,"time":"2024-01-02T20:43:18.574Z"}},{"iob":0.022,"basaliob":-0.003,"bolussnooze":0,"activity":6.0E-4,"lastBolusTime":1704214581404,"time":"2024-01-02T20:48:18.574Z","iobWithZeroTemp":{"iob":-0.41,"basaliob":-0.435,"bolussnooze":0,"activity":-0.004,"lastBolusTime":1704214581404,"time":"2024-01-02T20:48:18.574Z"}},{"iob":0.019,"basaliob":-0.003,"bolussnooze":0,"activity":6.0E-4,"lastBolusTime":1704214581404,"time":"2024-01-02T20:53:18.574Z","iobWithZeroTemp":{"iob":-0.419,"basaliob":-0.441,"bolussnooze":0,"activity":-0.0041,"lastBolusTime":1704214581404,"time":"2024-01-02T20:53:18.574Z"}},{"iob":0.017,"basaliob":-0.002,"bolussnooze":0,"activity":5.0E-4,"lastBolusTime":1704214581404,"time":"2024-01-02T20:58:18.574Z","iobWithZeroTemp":{"iob":-0.427,"basaliob":-0.446,"bolussnooze":0,"activity":-0.0043,"lastBolusTime":1704214581404,"time":"2024-01-02T20:58:18.574Z"}},{"iob":0.014,"basaliob":-0.002,"bolussnooze":0,"activity":4.0E-4,"lastBolusTime":1704214581404,"time":"2024-01-02T21:03:18.574Z","iobWithZeroTemp":{"iob":-0.43,"basaliob":-0.446,"bolussnooze":0,"activity":-0.0045,"lastBolusTime":1704214581404,"time":"2024-01-02T21:03:18.574Z"}},{"iob":0.011,"basaliob":-0.002,"bolussnooze":0,"activity":3.0E-4,"lastBolusTime":1704214581404,"time":"2024-01-02T21:08:18.574Z","iobWithZeroTemp":{"iob":-0.434,"basaliob":-0.447,"bolussnooze":0,"activity":-0.0047,"lastBolusTime":1704214581404,"time":"2024-01-02T21:08:18.574Z"}},{"iob":0.009,"basaliob":-0.002,"bolussnooze":0,"activity":4.0E-4,"lastBolusTime":1704214581404,"time":"2024-01-02T21:13:18.574Z","iobWithZeroTemp":{"iob":-0.436,"basaliob":-0.447,"bolussnooze":0,"activity":-0.0046,"lastBolusTime":1704214581404,"time":"2024-01-02T21:13:18.574Z"}},{"iob":0.009,"basaliob":-0.001,"bolussnooze":0,"activity":3.0E-4,"lastBolusTime":1704214581404,"time":"2024-01-02T21:18:18.574Z","iobWithZeroTemp":{"iob":-0.435,"basaliob":-0.445,"bolussnooze":0,"activity":-0.0048,"lastBolusTime":1704214581404,"time":"2024-01-02T21:18:18.574Z"}},{"iob":0.007,"basaliob":-0.001,"bolussnooze":0,"activity":3.0E-4,"lastBolusTime":1704214581404,"time":"2024-01-02T21:23:18.574Z","iobWithZeroTemp":{"iob":-0.437,"basaliob":-0.445,"bolussnooze":0,"activity":-0.0048,"lastBolusTime":1704214581404,"time":"2024-01-02T21:23:18.574Z"}},{"iob":0.006,"basaliob":-0.001,"bolussnooze":0,"activity":2.0E-4,"lastBolusTime":1704214581404,"time":"2024-01-02T21:28:18.574Z","iobWithZeroTemp":{"iob":-0.437,"basaliob":-0.444,"bolussnooze":0,"activity":-0.0049,"lastBolusTime":1704214581404,"time":"2024-01-02T21:28:18.574Z"}},{"iob":0.005,"basaliob":-0.001,"bolussnooze":0,"activity":2.0E-4,"lastBolusTime":1704214581404,"time":"2024-01-02T21:33:18.574Z","iobWithZeroTemp":{"iob":-0.438,"basaliob":-0.444,"bolussnooze":0,"activity":-0.005,"lastBolusTime":1704214581404,"time":"2024-01-02T21:33:18.574Z"}}],"profile":{"max_iob":10,"type":"current","max_daily_basal":0.35,"max_basal":0.4,"min_bg":135,"max_bg":135,"target_bg":135,"carb_ratio":8.8,"sens":120,"max_daily_safety_multiplier":3,"current_basal_safety_multiplier":4,"lgsThreshold":95,"high_temptarget_raises_sensitivity":true,"low_temptarget_lowers_sensitivity":true,"sensitivity_raises_target":true,"resistance_lowers_target":true,"adv_target_adjustments":false,"exercise_mode":false,"half_basal_exercise_target":160,"maxCOB":120,"skip_neutral_temps":false,"remainingCarbsCap":90,"enableUAM":true,"A52_risk_enable":false,"SMBInterval":6,"enableSMB_with_COB":true,"enableSMB_with_temptarget":true,"allowSMB_with_high_temptarget":false,"enableSMB_always":false,"enableSMB_after_carbs":true,"maxSMBBasalMinutes":45,"maxUAMSMBBasalMinutes":40,"bolus_increment":0.05,"carbsReqThreshold":2,"current_basal":0.1,"temptargetSet":true,"autosens_max":1.3,"autosens_min":0.7,"variable_sens":266.3,"insulinDivisor":75,"TDD":12.464117714285715},"autosens_data":{"ratio":0.8990827599652926},"meal_data":{"carbs":18,"mealCOB":14.308399999999995,"slopeFromMaxDeviation":0,"slopeFromMinDeviation":0.5727272727272728,"lastBolusTime":1704214581404,"lastCarbTime":1704214575755},"microBolusAllowed":true,"currentTime":1704217100490,"flatBGsDetected":false,"tdd1D":10.2375,"tdd7D":15.997785714285714,"tddLast24H":14.38333333333333,"tddLast4H":3.841666666666667,"tddLast8to4H":2.4208333333333334},"output":{"temp":"absolute","bg":54,"tick":-3,"eventualBG":116,"targetBG":135,"insulinReq":0,"deliverAt":"2024-01-02T17:38:20.490Z","sensitivityRatio":0.63,"variable_sens":266.3,"predBGs":{"IOB":[54,49,42,39,39,39,39,39,39,39,39,39,39],"ZT":[54,39,39,39,39,39,39,39,39,39,39,39,39,39,39,39,39,39,39,39,39,39,39,39,39,39,39,39,39,39,39,39,39,39,39,39,39,39,39,39,39,39,39,39,39,39,39,39],"COB":[54,50,47,45,43,41,40,40,40,41,43,44,47,49,53,56,60,63,67,71,75,80,84,88,92,96,99,103,106,109,112,114,116,118,119,120,121,121,120,120,119,118,118,117,117,116],"UAM":[54,50,46,40,39,39,39,39,39,39,39,39,39]},"reason":"COB: 14.3, Dev: 132, BGI: -25, ISF: 266, CR: 8.8, Target: 135, minPredBG 67, minGuardBG 30, IOBpredBG 39, COBpredBG 116, UAMpredBG 39; 3 add'l carbs req w\/in 0m; minGuardBG 30<95","COB":14.308399999999995,"IOB":1.311,"carbsReq":3,"carbsReqWithin":0,"duration":120,"rate":0,"timestamp":"2024-01-02T17:38:20.520Z"}}