{"algorithm":"OpenAPSSMBDynamicISFPlugin","input":{"glucoseStatus":{"glucose":117,"noise":0,"delta":-4.61,"short_avgdelta":-4.61,"long_avgdelta":-1.54,"date":1704144174000},"currenttemp":{"temp":"absolute","duration":0,"rate":0},"iob_data":[{"iob":0.174,"basaliob":-0.253,"bolussnooze":0.0067,"activity":0.0037,"lastBolusTime":1704142705423,"time":"2024-01-01T21:23:19.470Z","iobWithZeroTemp":{"iob":0.174,"basaliob":-0.253,"bolussnooze":0.0067,"activity":0.0037,"lastBolusTime":1704142705423,"time":"2024-01-01T21:23:19.470Z"}},{"iob":0.156,"basaliob":-0.236,"bolussnooze":0.0045,"activity":0.0033,"lastBolusTime":1704142705423,"time":"2024-01-01T21:28:19.470Z","iobWithZeroTemp":{"iob":0.136,"basaliob":-0.256,"bolussnooze":0.0045,"activity":0.0033,"lastBolusTime":1704142705423,"time":"2024-01-01T21:28:19.470Z"}},{"iob":0.14,"basaliob":-0.219,"bolussnooze":0.0029,"activity":0.003,"lastBolusTime":1704142705423,"time":"2024-01-01T21:33:19.470Z","iobWithZeroTemp":{"iob":0.095,"basaliob":-0.264,"bolussnooze":0.0029,"activity":0.0029,"lastBolusTime":1704142705423,"time":"2024-01-01T21:33:19.470Z"}},{"iob":0.126,"basaliob":-0.203,"bolussnooze":0.0017,"activity":0.0028,"lastBolusTime":1704142705423,"time":"2024-01-01T21:38:19.470Z","iobWithZeroTemp":{"iob":0.057,"basaliob":-0.272,"bolussnooze":0.0017,"activity":0.0026,"lastBolusTime":1704142705423,"time":"2024-01-01T21:38:19.470Z"}},{"iob":0.112,"basaliob":-0.188,"bolussnooze":0.001,"activity":0.0025,"lastBolusTime":1704142705423,"time":"2024-01-01T21:43:19.470Z","iobWithZeroTemp":{"iob":0.019,"basaliob":-0.281,"bolussnooze":0.001,"activity":0.0021,"lastBolusTime":1704142705423,"time":"2024-01-01T21:43:19.470Z"}},{"iob":0.101,"basaliob":-0.173,"bolussnooze":5.0E-4,"activity":0.0023,"lastBolusTime":1704142705423,"time":"2024-01-01T21:48:19.470Z","iobWithZeroTemp":{"iob":-0.014,"basaliob":-0.288,"bolussnooze":5.0E-4,"activity":0.0018,"lastBolusTime":1704142705423,"time":"2024-01-01T21:48:19.470Z"}},{"iob":0.089,"basaliob":-0.16,"bolussnooze":2.0E-4,"activity":0.002,"lastBolusTime":1704142705423,"time":"2024-01-01T21:53:19.470Z","iobWithZeroTemp":{"iob":-0.048,"basaliob":-0.297,"bolussnooze":2.0E-4,"activity":0.0013,"lastBolusTime":1704142705423,"time":"2024-01-01T21:53:19.470Z"}},{"iob":0.079,"basaliob":-0.147,"bolussnooze":1.0E-4,"activity":0.0019,"lastBolusTime":1704142705423,"time":"2024-01-01T21:58:19.470Z","iobWithZeroTemp":{"iob":-0.079,"basaliob":-0.305,"bolussnooze":1.0E-4,"activity":0.001,"lastBolusTime":1704142705423,"time":"2024-01-01T21:58:19.470Z"}},{"iob":0.07,"basaliob":-0.135,"bolussnooze":0,"activity":0.0017,"lastBolusTime":1704142705423,"time":"2024-01-01T22:03:19.470Z","iobWithZeroTemp":{"iob":-0.104,"basaliob":-0.309,"bolussnooze":0,"activity":6.0E-4,"lastBolusTime":1704142705423,"time":"2024-01-01T22:03:19.470Z"}},{"iob":0.063,"basaliob":-0.123,"bolussnooze":0,"activity":0.0015,"lastBolusTime":1704142705423,"time":"2024-01-01T22:08:19.470Z","iobWithZeroTemp":{"iob":-0.126,"basaliob":-0.312,"bolussnooze":0,"activity":2.0E-4,"lastBolusTime":1704142705423,"time":"2024-01-01T22:08:19.470Z"}},{"iob":0.055,"basaliob":-0.113,"bolussnooze":0,"activity":0.0014,"lastBolusTime":1704142705423,"time":"2024-01-01T22:13:19.470Z","iobWithZeroTemp":{"iob":-0.148,"basaliob":-0.316,"bolussnooze":0,"activity":-1.0E-4,"lastBolusTime":1704142705423,"time":"2024-01-01T22:13:19.470Z"}},{"iob":0.049,"basaliob":-0.103,"bolussnooze":0,"activity":0.0012,"lastBolusTime":1704142705423,"time":"2024-01-01T22:18:19.470Z","iobWithZeroTemp":{"iob":-0.167,"basaliob":-0.319,"bolussnooze":0,"activity":-5.0E-4,"lastBolusTime":1704142705423,"time":"2024-01-01T22:18:19.470Z"}},{"iob":0.043,"basaliob":-0.094,"bolussnooze":0,"activity":0.0011,"lastBolusTime":1704142705423,"time":"2024-01-01T22:23:19.470Z","iobWithZeroTemp":{"iob":-0.185,"basaliob":-0.322,"bolussnooze":0,"activity":-8.0E-4,"lastBolusTime":1704142705423,"time":"2024-01-01T22:23:19.470Z"}},{"iob":0.037,"basaliob":-0.086,"bolussnooze":0,"activity":0.001,"lastBolusTime":1704142705423,"time":"2024-01-01T22:28:19.470Z","iobWithZeroTemp":{"iob":-0.202,"basaliob":-0.325,"bolussnooze":0,"activity":-0.001,"lastBolusTime":1704142705423,"time":"2024-01-01T22:28:19.470Z"}},{"iob":0.033,"basaliob":-0.078,"bolussnooze":0,"activity":9.0E-4,"lastBolusTime":1704142705423,"time":"2024-01-01T22:33:19.470Z","iobWithZeroTemp":{"iob":-0.216,"basaliob":-0.327,"bolussnooze":0,"activity":-0.0013,"lastBolusTime":1704142705423,"time":"2024-01-01T22:33:19.470Z"}},{"iob":0.028,"basaliob":-0.071,"bolussnooze":0,"activity":8.0E-4,"lastBolusTime":1704142705423,"time":"2024-01-01T22:38:19.470Z","iobWithZeroTemp":{"iob":-0.23,"basaliob":-0.329,"bolussnooze":0,"activity":-0.0016,"lastBolusTime":1704142705423,"time":"2024-01-01T22:38:19.470Z"}},{"iob":0.025,"basaliob":-0.064,"bolussnooze":0,"activity":7.0E-4,"lastBolusTime":1704142705423,"time":"2024-01-01T22:43:19.470Z","iobWithZeroTemp":{"iob":-0.242,"basaliob":-0.331,"bolussnooze":0,"activity":-0.0018,"lastBolusTime":1704142705423,"time":"2024-01-01T22:43:19.470Z"}},{"iob":0.021,"basaliob":-0.058,"bolussnooze":0,"activity":6.0E-4,"lastBolusTime":1704142705423,"time":"2024-01-01T22:48:19.470Z","iobWithZeroTemp":{"iob":-0.254,"basaliob":-0.333,"bolussnooze":0,"activity":-0.002,"lastBolusTime":1704142705423,"time":"2024-01-01T22:48:19.470Z"}},{"iob":0.019,"basaliob":-0.052,"bolussnooze":0,"activity":5.0E-4,"lastBolusTime":1704142705423,"time":"2024-01-01T22:53:19.470Z","iobWithZeroTemp":{"iob":-0.263,"basaliob":-0.334,"bolussnooze":0,"activity":-0.0023,"lastBolusTime":1704142705423,"time":"2024-01-01T22:53:19.470Z"}},{"iob":0.016,"basaliob":-0.047,"bolussnooze":0,"activity":5.0E-4,"lastBolusTime":1704142705423,"time":"2024-01-01T22:58:19.470Z","iobWithZeroTemp":{"iob":-0.273,"basaliob":-0.336,"bolussnooze":0,"activity":-0.0024,"lastBolusTime":1704142705423,"time":"2024-01-01T22:58:19.470Z"}},{"iob":0.014,"basaliob":-0.042,"bolussnooze":0,"activity":4.0E-4,"lastBolusTime":1704142705423,"time":"2024-01-01T23:03:19.470Z","iobWithZeroTemp":{"iob":-0.281,"basaliob":-0.337,"bolussnooze":0,"activity":-0.0026,"lastBolusTime":1704142705423,"time":"2024-01-01T23:03:19.470Z"}},{"iob":0.011,"basaliob":-0.038,"bolussnooze":0,"activity":4.0E-4,"lastBolusTime":1704142705423,"time":"2024-01-01T23:08:19.470Z","iobWithZeroTemp":{"iob":-0.29,"basaliob":-0.339,"bolussnooze":0,"activity":-0.0027,"lastBolusTime":1704142705423,"time":"2024-01-01T23:08:19.470Z"}},{"iob":0.01,"basaliob":-0.034,"bolussnooze":0,"activity":4.0E-4,"lastBolusTime":1704142705423,"time":"2024-01-01T23:13:19.470Z","iobWithZeroTemp":{"iob":-0.296,"basaliob":-0.34,"bolussnooze":0,"activity":-0.0028,"lastBolusTime":1704142705423,"time":"2024-01-01T23:13:19.470Z"}},{"iob":0.008,"basaliob":-0.031,"bolussnooze":0,"activity":3.0E-4,"lastBolusTime":1704142705423,"time":"2024-01-01T23:18:19.470Z","iobWithZeroTemp":{"iob":-0.303,"basaliob":-0.342,"bolussnooze":0,"activity":-0.003,"lastBolusTime":1704142705423,"time":"2024-01-01T23:18:19.470Z"}},{"iob":0.007,"basaliob":-0.027,"bolussnooze":0,"activity":3.0E-4,"lastBolusTime":1704142705423,"time":"2024-01-01T23:23:19.470Z","iobWithZeroTemp":{"iob":-0.308,"basaliob":-0.342,"bolussnooze":0,"activity":-0.0031,"lastBolusTime":1704142705423,"time":"2024-01-01T23:23:19.470Z"}},{"iob":0.006,"basaliob":-0.024,"bolussnooze":0,"activity":2.0E-4,"lastBolusTime":1704142705423,"time":"2024-01-01T23:28:19.470Z","iobWithZeroTemp":{"iob":-0.313,"basaliob":-0.343,"bolussnooze":0,"activity":-0.0032,"lastBolusTime":1704142705423,"time":"2024-01-01T23:28:19.470Z"}},{"iob":0.004,"basaliob":-0.022,"bolussnooze":0,"activity":2.0E-4,"lastBolusTime":1704142705423,"time":"2024-01-01T23:33:19.470Z","iobWithZeroTemp":{"iob":-0.318,"basaliob":-0.344,"bolussnooze":0,"activity":-0.0033,"lastBolusTime":1704142705423,"time":"2024-01-01T23:33:19.470Z"}},{"iob":0.004,"basaliob":-0.019,"bolussnooze":0,"activity":1.0E-4,"lastBolusTime":1704142705423,"time":"2024-01-01T23:38:19.470Z","iobWithZeroTemp":{"iob":-0.321,"basaliob":-0.344,"bolussnooze":0,"activity":-0.0035,"lastBolusTime":1704142705423,"time":"2024-01-01T23:38:19.470Z"}},{"iob":0.003,"basaliob":-0.017,"bolussnooze":0,"activity":2.0E-4,"lastBolusTime":1704142705423,"time":"2024-01-01T23:43:19.470Z","iobWithZeroTemp":{"iob":-0.325,"basaliob":-0.345,"bolussnooze":0,"activity":-0.0034,"lastBolusTime":1704142705423,"time":"2024-01-01T23:43:19.470Z"}},{"iob":0.002,"basaliob":-0.015,"bolussnooze":0,"activity":1.0E-4,"lastBolusTime":1704142705423,"time":"2024-01-01T23:48:19.470Z","iobWithZeroTemp":{"iob":-0.329,"basaliob":-0.346,"bolussnooze":0,"activity":-0.0036,"lastBolusTime":1704142705423,"time":"2024-01-01T23:48:19.470Z"}},{"iob":0.002,"basaliob":-0.013,"bolussnooze":0,"activity":1.0E-4,"lastBolusTime":1704142705423,"time":"2024-01-01T23:53:19.470Z","iobWithZeroTemp":{"iob":-0.331,"basaliob":-0.346,"bolussnooze":0,"activity":-0.0036,"lastBolusTime":1704142705423,"time":"2024-01-01T23:53:19.470Z"}},{"iob":0.001,"basaliob":-0.012,"bolussnooze":0,"activity":1.0E-4,"lastBolusTime":1704142705423,"time":"2024-01-01T23:58:19.470Z","iobWithZeroTemp":{"iob":-0.334,"basaliob":-0.347,"bolussnooze":0,"activity":-0.0037,"lastBolusTime":1704142705423,"time":"2024-01-01T23:58:19.470Z"}},{"iob":0.001,"basaliob":-0.01,"bolussnooze":0,"activity":0,"lastBolusTime":1704142705423,"time":"2024-01-02T00:03:19.470Z","iobWithZeroTemp":{"iob":-0.332,"basaliob":-0.343,"bolussnooze":0,"activity":-0.0038,"lastBolusTime":1704142705423,"time":"2024-01-02T00:03:19.470Z"}},{"iob":0.001,"basaliob":-0.009,"bolussnooze":0,"activity":1.0E-4,"lastBolusTime":1704142705423,"time":"2024-01-02T00:08:19.470Z","iobWithZeroTemp":{"iob":-0.329,"basaliob":-0.339,"bolussnooze":0,"activity":-0.0037,"lastBolusTime":1704142705423,"time":"2024-01-02T00:08:19.470Z"}},{"iob":0,"basaliob":-0.008,"bolussnooze":0,"activity":1.0E-4,"lastBolusTime":1704142705423,"time":"2024-01-02T00:13:19.470Z","iobWithZeroTemp":{"iob":-0.328,"basaliob":-0.336,"bolussnooze":0,"activity":-0.0037,"lastBolusTime":1704142705423,"time":"2024-01-02T00:13:19.470Z"}},{"iob":0,"basaliob":-0.007,"bolussnooze":0,"activity":0,"lastBolusTime":1704142705423,"time":"2024-01-02T00:18:19.470Z","iobWithZeroTemp":{"iob":-0.325,"basaliob":-0.332,"bolussnooze":0,"activity":-0.0039,"lastBolusTime":1704142705423,"time":"2024-01-02T00:18:19.470Z"}},{"iob":0,"basaliob":-0.006,"bolussnooze":0,"activity":0,"lastBolusTime":1704142705423,"time":"2024-01-02T00:23:19.470Z","iobWithZeroTemp":{"iob":-0.323,"basaliob":-0.329,"bolussnooze":0,"activity":-0.0039,"lastBolusTime":1704142705423,"time":"2024-01-02T00:23:19.470Z"}},{"iob":0,"basaliob":-0.005,"bolussnooze":0,"activity":0,"lastBolusTime":1704142705423,"time":"2024-01-02T00:28:19.470Z","iobWithZeroTemp":{"iob":-0.32,"basaliob":-0.325,"bolussnooze":0,"activity":-0.0038,"lastBolusTime":1704142705423,"time":"2024-01-02T00:28:19.470Z"}},{"iob":0,"basaliob":-0.004,"bolussnooze":0,"activity":0,"lastBolusTime":1704142705423,"time":"2024-01-02T00:33:19.470Z","iobWithZeroTemp":{"iob":-0.318,"basaliob":-0.322,"bolussnooze":0,"activity":-0.0038,"lastBolusTime":1704142705423,"time":"2024-01-02T00:33:19.470Z"}},{"iob":0,"basaliob":-0.004,"bolussnooze":0,"activity":0,"lastBolusTime":1704142705423,"time":"2024-01-02T00:38:19.470Z","iobWithZeroTemp":{"iob":-0.315,"basaliob":-0.319,"bolussnooze":0,"activity":-0.0038,"lastBolusTime":1704142705423,"time":"2024-01-02T00:38:19.470Z"}},{"iob":0,"basaliob":-0.003,"bolussnooze":0,"activity":0,"lastBolusTime":1704142705423,"time":"2024-01-02T00:43:19.470Z","iobWithZeroTemp":{"iob":-0.313,"basaliob":-0.316,"bolussnooze":0,"activity":-0.0038,"lastBolusTime":1704142705423,"time":"2024-01-02T00:43:19.470Z"}},{"iob":0,"basaliob":-0.003,"bolussnooze":0,"activity":0,"lastBolusTime":1704142705423,"time":"2024-01-02T00:48:19.470Z","iobWithZeroTemp":{"iob":-0.31,"basaliob":-0.313,"bolussnooze":0,"activity":-0.0038,"lastBolusTime":1704142705423,"time":"2024-01-02T00:48:19.470Z"}},{"iob":0,"basaliob":-0.002,"bolussnooze":0,"activity":0,"lastBolusTime":1704142705423,"time":"2024-01-02T00:53:19.470Z","iobWithZeroTemp":{"iob":-0.308,"basaliob":-0.31,"bolussnooze":0,"activity":-0.0038,"lastBolusTime":1704142705423,"time":"2024-01-02T00:53:19.470Z"}},{"iob":0,"basaliob":-0.002,"bolussnooze":0,"activity":0,"lastBolusTime":1704142705423,"time":"2024-01-02T00:58:19.470Z","iobWithZeroTemp":{"iob":-0.306,"basaliob":-0.308,"bolussnooze":0,"activity":-0.0037,"lastBolusTime":1704142705423,"time":"2024-01-02T00:58:19.470Z"}},{"iob":0,"basaliob":-0.002,"bolussnooze":0,"activity":0,"lastBolusTime":1704142705423,"time":"2024-01-02T01:03:19.470Z","iobWithZeroTemp":{"iob":-0.3,"basaliob":-0.302,"bolussnooze":0,"activity":-0.0037,"lastBolusTime":1704142705423,"time":"2024-01-02T01:03:19.470Z"}},{"iob":0,"basaliob":-0.001,"bolussnooze":0,"activity":-1.0E-4,"lastBolusTime":1704142705423,"time":"2024-01-02T01:08:19.470Z","iobWithZeroTemp":{"iob":-0.294,"basaliob":-0.295,"bolussnooze":0,"activity":-0.0038,"lastBolusTime":1704142705423,"time":"2024-01-02T01:08:19.470Z"}},{"iob":0,"basaliob":-0.001,"bolussnooze":0,"activity":0,"lastBolusTime":1704142705423,"time":"2024-01-02T01:13:19.470Z","iobWithZeroTemp":{"iob":-0.288,"basaliob":-0.289,"bolussnooze":0,"activity":-0.0036,"lastBolusTime":1704142705423,"time":"2024-01-02T01:13:19.470Z"}},{"iob":0,"basaliob":-0.001,"bolussnooze":0,"activity":0,"lastBolusTime":1704142705423,"time":"2024-01-02T01:18:19.470Z","iobWithZeroTemp":{"iob":-0.283,"basaliob":-0.284,"bolussnooze":0,"activity":-0.0036,"lastBolusTime":1704142705423,"time":"2024-01-02T01:18:19.470Z"}}],"profile":{"max_iob":10,"type":"current","max_daily_basal":0.35,"max_basal":1.05,"min_bg":90,"max_bg":90,"target_bg":90,"carb_ratio":8.8,"sens":120,"max_daily_safety_multiplier":3,"current_basal_safety_multiplier":4,"lgsThreshold":95,"high_temptarget_raises_sensitivity":true,"low_temptarget_lowers_sensitivity":true,"sensitivity_raises_target":true,"resistance_lowers_target":true,"adv_target_adjustments":false,"exercise_mode":false,"half_basal_exercise_target":160,"maxCOB":120,"skip_neutral_temps":false,"remainingCarbsCap":90,"enableUAM":true,"A52_risk_enable":false,"SMBInterval":6,"enableSMB_with_COB":true,"enableSMB_with_temptarget":false,"allowSMB_with_high_temptarget":false,"enableSMB_always":false,"enableSMB_after_carbs":true,"maxSMBBasalMinutes":45,"maxUAMSMBBasalMinutes":40,"bolus_increment":0.05,"carbsReqThreshold":2,"current_basal":0.3,"temptargetSet":false,"autosens_max":1.3,"autosens_min":0.7,"variable_sens":156.5,"insulinDivisor":75,"TDD":12.234937904761905},"autosens_data":{"ratio":0.6705970513599283},"meal_data":{"carbs":10,"mealCOB":0,"slopeFromMaxDeviation":-0.5884545454545455,"slopeFromMinDeviation":0.19342857142857145,"lastBolusTime":1704142705423,"lastCarbTime":1704135232393},"microBolusAllowed":true,"currentTime":1704144201281,"flatBGsDetected":false,"tdd1D":14.612499999999995,"tdd7D":16.776095238095234,"tddLast24H":11.249999999999998,"tddLast4H":2.7416666666666663,"tddLast8to4H":1.6291666666666667},"output":{"temp":"absolute","bg":117,"tick":-5,"eventualBG":98,"targetBG":105,"insulinReq":0,"deliverAt":"2024-01-01T21:23:21.281Z","sensitivityRatio":0.6705970513599283,"variable_sens":156.5,"predBGs":{"IOB":[117,113,108,105,101,98,95,93,90,88,87,85,84,83,82,81,80,80,79,78,78,78,77,77,76,76,76,76,76,75],"ZT":[117,114,111,109,107,105,104,103,102,101,101,101,102,102,103,104]},"reason":"COB: 0, Dev: 8, BGI: -3, ISF: 157, CR: 8.8, Target: 105, minPredBG 80, minGuardBG 75, IOBpredBG 75; minGuardBG 75<95","COB":0,"IOB":0.174,"duration":30,"rate":0,"timestamp":"2024-01-01T21:23:21.360Z"}}