{"algorithm":"OpenAPSSMBDynamicISFPlugin","input":{"glucoseStatus":{"glucose":54,"noise":0,"delta":-3.5,"short_avgdelta":-3.5,"long_avgdelta":-1.91,"date":1704108771000},"currenttemp":{"temp":"absolute","duration":110,"rate":0,"minutesrunning":10},"iob_data":[{"iob":0.172,"basaliob":-0.286,"bolussnooze":0.0257,"activity":0.0056,"lastBolusTime":1704101411056,"time":"2024-01-01T11:33:19.320Z","iobWithZeroTemp":{"iob":0.172,"basaliob":-0.286,"bolussnooze":0.0257,"activity":0.0056,"lastBolusTime":1704101411056,"time":"2024-01-01T11:33:19.320Z"}},{"iob":0.146,"basaliob":-0.271,"bolussnooze":0.0191,"activity":0.0049,"lastBolusTime":1704101411056,"time":"2024-01-01T11:38:19.320Z","iobWithZeroTemp":{"iob":0.129,"basaliob":-0.288,"bolussnooze":0.0191,"activity":0.0049,"lastBolusTime":1704101411056,"time":"2024-01-01T11:38:19.320Z"}},{"iob":0.123,"basaliob":-0.256,"bolussnooze":0.0139,"activity":0.0043,"lastBolusTime":1704101411056,"time":"2024-01-01T11:43:19.320Z","iobWithZeroTemp":{"iob":0.086,"basaliob":-0.293,"bolussnooze":0.0139,"activity":0.0042,"lastBolusTime":1704101411056,"time":"2024-01-01T11:43:19.320Z"}},{"iob":0.103,"basaliob":-0.241,"bolussnooze":0.0099,"activity":0.0037,"lastBolusTime":1704101411056,"time":"2024-01-01T11:48:19.320Z","iobWithZeroTemp":{"iob":0.045,"basaliob":-0.299,"bolussnooze":0.0099,"activity":0.0035,"lastBolusTime":1704101411056,"time":"2024-01-01T11:48:19.320Z"}},{"iob":0.086,"basaliob":-0.226,"bolussnooze":0.0068,"activity":0.0032,"lastBolusTime":1704101411056,"time":"2024-01-01T11:53:19.320Z","iobWithZeroTemp":{"iob":0.009,"basaliob":-0.303,"bolussnooze":0.0068,"activity":0.0029,"lastBolusTime":1704101411056,"time":"2024-01-01T11:53:19.320Z"}},{"iob":0.071,"basaliob":-0.211,"bolussnooze":0.0046,"activity":0.0028,"lastBolusTime":1704101411056,"time":"2024-01-01T11:58:19.320Z","iobWithZeroTemp":{"iob":-0.025,"basaliob":-0.307,"bolussnooze":0.0046,"activity":0.0024,"lastBolusTime":1704101411056,"time":"2024-01-01T11:58:19.320Z"}},{"iob":0.058,"basaliob":-0.197,"bolussnooze":0.0029,"activity":0.0024,"lastBolusTime":1704101411056,"time":"2024-01-01T12:03:19.320Z","iobWithZeroTemp":{"iob":-0.056,"basaliob":-0.311,"bolussnooze":0.0029,"activity":0.0018,"lastBolusTime":1704101411056,"time":"2024-01-01T12:03:19.320Z"}},{"iob":0.047,"basaliob":-0.183,"bolussnooze":0.0017,"activity":0.0021,"lastBolusTime":1704101411056,"time":"2024-01-01T12:08:19.320Z","iobWithZeroTemp":{"iob":-0.085,"basaliob":-0.315,"bolussnooze":0.0017,"activity":0.0013,"lastBolusTime":1704101411056,"time":"2024-01-01T12:08:19.320Z"}},{"iob":0.037,"basaliob":-0.17,"bolussnooze":9.0E-4,"activity":0.0018,"lastBolusTime":1704101411056,"time":"2024-01-01T12:13:19.320Z","iobWithZeroTemp":{"iob":-0.112,"basaliob":-0.319,"bolussnooze":9.0E-4,"activity":9.0E-4,"lastBolusTime":1704101411056,"time":"2024-01-01T12:13:19.320Z"}},{"iob":0.029,"basaliob":-0.157,"bolussnooze":4.0E-4,"activity":0.0015,"lastBolusTime":1704101411056,"time":"2024-01-01T12:18:19.320Z","iobWithZeroTemp":{"iob":-0.135,"basaliob":-0.321,"bolussnooze":4.0E-4,"activity":4.0E-4,"lastBolusTime":1704101411056,"time":"2024-01-01T12:18:19.320Z"}},{"iob":0.022,"basaliob":-0.145,"bolussnooze":1.0E-4,"activity":0.0013,"lastBolusTime":1704101411056,"time":"2024-01-01T12:23:19.320Z","iobWithZeroTemp":{"iob":-0.157,"basaliob":-0.324,"bolussnooze":1.0E-4,"activity":0,"lastBolusTime":1704101411056,"time":"2024-01-01T12:23:19.320Z"}},{"iob":0.016,"basaliob":-0.134,"bolussnooze":0,"activity":0.0011,"lastBolusTime":1704101411056,"time":"2024-01-01T12:28:19.320Z","iobWithZeroTemp":{"iob":-0.177,"basaliob":-0.327,"bolussnooze":0,"activity":-4.0E-4,"lastBolusTime":1704101411056,"time":"2024-01-01T12:28:19.320Z"}},{"iob":0.011,"basaliob":-0.123,"bolussnooze":0,"activity":9.0E-4,"lastBolusTime":1704101411056,"time":"2024-01-01T12:33:19.320Z","iobWithZeroTemp":{"iob":-0.195,"basaliob":-0.329,"bolussnooze":0,"activity":-7.0E-4,"lastBolusTime":1704101411056,"time":"2024-01-01T12:33:19.320Z"}},{"iob":0.007,"basaliob":-0.113,"bolussnooze":0,"activity":8.0E-4,"lastBolusTime":1704101411056,"time":"2024-01-01T12:38:19.320Z","iobWithZeroTemp":{"iob":-0.211,"basaliob":-0.331,"bolussnooze":0,"activity":-0.001,"lastBolusTime":1704101411056,"time":"2024-01-01T12:38:19.320Z"}},{"iob":0.002,"basaliob":-0.104,"bolussnooze":0,"activity":7.0E-4,"lastBolusTime":1704101411056,"time":"2024-01-01T12:43:19.320Z","iobWithZeroTemp":{"iob":-0.228,"basaliob":-0.334,"bolussnooze":0,"activity":-0.0013,"lastBolusTime":1704101411056,"time":"2024-01-01T12:43:19.320Z"}},{"iob":0,"basaliob":-0.095,"bolussnooze":0,"activity":5.0E-4,"lastBolusTime":1704101411056,"time":"2024-01-01T12:48:19.320Z","iobWithZeroTemp":{"iob":-0.24,"basaliob":-0.335,"bolussnooze":0,"activity":-0.0016,"lastBolusTime":1704101411056,"time":"2024-01-01T12:48:19.320Z"}},{"iob":-0.003,"basaliob":-0.087,"bolussnooze":0,"activity":4.0E-4,"lastBolusTime":1704101411056,"time":"2024-01-01T12:53:19.320Z","iobWithZeroTemp":{"iob":-0.253,"basaliob":-0.337,"bolussnooze":0,"activity":-0.0019,"lastBolusTime":1704101411056,"time":"2024-01-01T12:53:19.320Z"}},{"iob":-0.005,"basaliob":-0.079,"bolussnooze":0,"activity":3.0E-4,"lastBolusTime":1704101411056,"time":"2024-01-01T12:58:19.320Z","iobWithZeroTemp":{"iob":-0.264,"basaliob":-0.338,"bolussnooze":0,"activity":-0.0021,"lastBolusTime":1704101411056,"time":"2024-01-01T12:58:19.320Z"}},{"iob":-0.006,"basaliob":-0.072,"bolussnooze":0,"activity":2.0E-4,"lastBolusTime":1704101411056,"time":"2024-01-01T13:03:19.320Z","iobWithZeroTemp":{"iob":-0.282,"basaliob":-0.348,"bolussnooze":0,"activity":-0.0024,"lastBolusTime":1704101411056,"time":"2024-01-01T13:03:19.320Z"}},{"iob":-0.008,"basaliob":-0.066,"bolussnooze":0,"activity":2.0E-4,"lastBolusTime":1704101411056,"time":"2024-01-01T13:08:19.320Z","iobWithZeroTemp":{"iob":-0.3,"basaliob":-0.358,"bolussnooze":0,"activity":-0.0025,"lastBolusTime":1704101411056,"time":"2024-01-01T13:08:19.320Z"}},{"iob":-0.009,"basaliob":-0.06,"bolussnooze":0,"activity":1.0E-4,"lastBolusTime":1704101411056,"time":"2024-01-01T13:13:19.320Z","iobWithZeroTemp":{"iob":-0.316,"basaliob":-0.367,"bolussnooze":0,"activity":-0.0028,"lastBolusTime":1704101411056,"time":"2024-01-01T13:13:19.320Z"}},{"iob":-0.009,"basaliob":-0.054,"bolussnooze":0,"activity":1.0E-4,"lastBolusTime":1704101411056,"time":"2024-01-01T13:18:19.320Z","iobWithZeroTemp":{"iob":-0.33,"basaliob":-0.375,"bolussnooze":0,"activity":-0.0029,"lastBolusTime":1704101411056,"time":"2024-01-01T13:18:19.320Z"}},{"iob":-0.01,"basaliob":-0.049,"bolussnooze":0,"activity":1.0E-4,"lastBolusTime":1704101411056,"time":"2024-01-01T13:23:19.320Z","iobWithZeroTemp":{"iob":-0.345,"basaliob":-0.384,"bolussnooze":0,"activity":-0.0031,"lastBolusTime":1704101411056,"time":"2024-01-01T13:23:19.320Z"}},{"iob":-0.01,"basaliob":-0.044,"bolussnooze":0,"activity":0,"lastBolusTime":1704101411056,"time":"2024-01-01T13:28:19.320Z","iobWithZeroTemp":{"iob":-0.357,"basaliob":-0.391,"bolussnooze":0,"activity":-0.0034,"lastBolusTime":1704101411056,"time":"2024-01-01T13:28:19.320Z"}},{"iob":-0.011,"basaliob":-0.04,"bolussnooze":0,"activity":0,"lastBolusTime":1704101411056,"time":"2024-01-01T13:33:19.320Z","iobWithZeroTemp":{"iob":-0.37,"basaliob":-0.399,"bolussnooze":0,"activity":-0.0035,"lastBolusTime":1704101411056,"time":"2024-01-01T13:33:19.320Z"}},{"iob":-0.011,"basaliob":-0.036,"bolussnooze":0,"activity":-1.0E-4,"lastBolusTime":1704101411056,"time":"2024-01-01T13:38:19.320Z","iobWithZeroTemp":{"iob":-0.381,"basaliob":-0.406,"bolussnooze":0,"activity":-0.0038,"lastBolusTime":1704101411056,"time":"2024-01-01T13:38:19.320Z"}},{"iob":-0.01,"basaliob":-0.032,"bolussnooze":0,"activity":0,"lastBolusTime":1704101411056,"time":"2024-01-01T13:43:19.320Z","iobWithZeroTemp":{"iob":-0.391,"basaliob":-0.413,"bolussnooze":0,"activity":-0.0038,"lastBolusTime":1704101411056,"time":"2024-01-01T13:43:19.320Z"}},{"iob":-0.01,"basaliob":-0.029,"bolussnooze":0,"activity":0,"lastBolusTime":1704101411056,"time":"2024-01-01T13:48:19.320Z","iobWithZeroTemp":{"iob":-0.4,"basaliob":-0.419,"bolussnooze":0,"activity":-0.004,"lastBolusTime":1704101411056,"time":"2024-01-01T13:48:19.320Z"}},{"iob":-0.01,"basaliob":-0.026,"bolussnooze":0,"activity":-1.0E-4,"lastBolusTime":1704101411056,"time":"2024-01-01T13:53:19.320Z","iobWithZeroTemp":{"iob":-0.409,"basaliob":-0.425,"bolussnooze":0,"activity":-0.0042,"lastBolusTime":1704101411056,"time":"2024-01-01T13:53:19.320Z"}},{"iob":-0.009,"basaliob":-0.023,"bolussnooze":0,"activity":0,"lastBolusTime":1704101411056,"time":"2024-01-01T13:58:19.320Z","iobWithZeroTemp":{"iob":-0.417,"basaliob":-0.431,"bolussnooze":0,"activity":-0.0042,"lastBolusTime":1704101411056,"time":"2024-01-01T13:58:19.320Z"}},{"iob":-0.009,"basaliob":-0.021,"bolussnooze":0,"activity":-1.0E-4,"lastBolusTime":1704101411056,"time":"2024-01-01T14:03:19.320Z","iobWithZeroTemp":{"iob":-0.404,"basaliob":-0.416,"bolussnooze":0,"activity":-0.0044,"lastBolusTime":1704101411056,"time":"2024-01-01T14:03:19.320Z"}},{"iob":-0.009,"basaliob":-0.019,"bolussnooze":0,"activity":-1.0E-4,"lastBolusTime":1704101411056,"time":"2024-01-01T14:08:19.320Z","iobWithZeroTemp":{"iob":-0.39,"basaliob":-0.4,"bolussnooze":0,"activity":-0.0045,"lastBolusTime":1704101411056,"time":"2024-01-01T14:08:19.320Z"}},{"iob":-0.009,"basaliob":-0.017,"bolussnooze":0,"activity":-1.0E-4,"lastBolusTime":1704101411056,"time":"2024-01-01T14:13:19.320Z","iobWithZeroTemp":{"iob":-0.377,"basaliob":-0.385,"bolussnooze":0,"activity":-0.0045,"lastBolusTime":1704101411056,"time":"2024-01-01T14:13:19.320Z"}},{"iob":-0.008,"basaliob":-0.015,"bolussnooze":0,"activity":0,"lastBolusTime":1704101411056,"time":"2024-01-01T14:18:19.320Z","iobWithZeroTemp":{"iob":-0.362,"basaliob":-0.369,"bolussnooze":0,"activity":-0.0044,"lastBolusTime":1704101411056,"time":"2024-01-01T14:18:19.320Z"}},{"iob":-0.008,"basaliob":-0.013,"bolussnooze":0,"activity":-1.0E-4,"lastBolusTime":1704101411056,"time":"2024-01-01T14:23:19.320Z","iobWithZeroTemp":{"iob":-0.349,"basaliob":-0.354,"bolussnooze":0,"activity":-0.0044,"lastBolusTime":1704101411056,"time":"2024-01-01T14:23:19.320Z"}},{"iob":-0.008,"basaliob":-0.012,"bolussnooze":0,"activity":-1.0E-4,"lastBolusTime":1704101411056,"time":"2024-01-01T14:28:19.320Z","iobWithZeroTemp":{"iob":-0.336,"basaliob":-0.34,"bolussnooze":0,"activity":-0.0044,"lastBolusTime":1704101411056,"time":"2024-01-01T14:28:19.320Z"}},{"iob":-0.006,"basaliob":-0.01,"bolussnooze":0,"activity":-1.0E-4,"lastBolusTime":1704101411056,"time":"2024-01-01T14:33:19.320Z","iobWithZeroTemp":{"iob":-0.321,"basaliob":-0.325,"bolussnooze":0,"activity":-0.0043,"lastBolusTime":1704101411056,"time":"2024-01-01T14:33:19.320Z"}},{"iob":-0.006,"basaliob":-0.009,"bolussnooze":0,"activity":-1.0E-4,"lastBolusTime":1704101411056,"time":"2024-01-01T14:38:19.320Z","iobWithZeroTemp":{"iob":-0.309,"basaliob":-0.312,"bolussnooze":0,"activity":-0.0042,"lastBolusTime":1704101411056,"time":"2024-01-01T14:38:19.320Z"}},{"iob":-0.006,"basaliob":-0.008,"bolussnooze":0,"activity":-1.0E-4,"lastBolusTime":1704101411056,"time":"2024-01-01T14:43:19.320Z","iobWithZeroTemp":{"iob":-0.297,"basaliob":-0.299,"bolussnooze":0,"activity":-0.0041,"lastBolusTime":1704101411056,"time":"2024-01-01T14:43:19.320Z"}},{"iob":-0.005,"basaliob":-0.007,"bolussnooze":0,"activity":-1.0E-4,"lastBolusTime":1704101411056,"time":"2024-01-01T14:48:19.320Z","iobWithZeroTemp":{"iob":-0.285,"basaliob":-0.287,"bolussnooze":0,"activity":-0.004,"lastBolusTime":1704101411056,"time":"2024-01-01T14:48:19.320Z"}},{"iob":-0.005,"basaliob":-0.006,"bolussnooze":0,"activity":-1.0E-4,"lastBolusTime":1704101411056,"time":"2024-01-01T14:53:19.320Z","iobWithZeroTemp":{"iob":-0.275,"basaliob":-0.276,"bolussnooze":0,"activity":-0.0038,"lastBolusTime":1704101411056,"time":"2024-01-01T14:53:19.320Z"}},{"iob":-0.004,"basaliob":-0.005,"bolussnooze":0,"activity":0,"lastBolusTime":1704101411056,"time":"2024-01-01T14:58:19.320Z","iobWithZeroTemp":{"iob":-0.263,"basaliob":-0.264,"bolussnooze":0,"activity":-0.0036,"lastBolusTime":1704101411056,"time":"2024-01-01T14:58:19.320Z"}},{"iob":-0.004,"basaliob":-0.005,"bolussnooze":0,"activity":-1.0E-4,"lastBolusTime":1704101411056,"time":"2024-01-01T15:03:19.320Z","iobWithZeroTemp":{"iob":-0.254,"basaliob":-0.255,"bolussnooze":0,"activity":-0.0036,"lastBolusTime":1704101411056,"time":"2024-01-01T15:03:19.320Z"}},{"iob":-0.004,"basaliob":-0.004,"bolussnooze":0,"activity":-1.0E-4,"lastBolusTime":1704101411056,"time":"2024-01-01T15:08:19.320Z","iobWithZeroTemp":{"iob":-0.245,"basaliob":-0.245,"bolussnooze":0,"activity":-0.0035,"lastBolusTime":1704101411056,"time":"2024-01-01T15:08:19.320Z"}},{"iob":-0.003,"basaliob":-0.003,"bolussnooze":0,"activity":-1.0E-4,"lastBolusTime":1704101411056,"time":"2024-01-01T15:13:19.320Z","iobWithZeroTemp":{"iob":-0.236,"basaliob":-0.236,"bolussnooze":0,"activity":-0.0034,"lastBolusTime":1704101411056,"time":"2024-01-01T15:13:19.320Z"}},{"iob":-0.003,"basaliob":-0.003,"bolussnooze":0,"activity":-1.0E-4,"lastBolusTime":1704101411056,"time":"2024-01-01T15:18:19.320Z","iobWithZeroTemp":{"iob":-0.228,"basaliob":-0.228,"bolussnooze":0,"activity":-0.0033,"lastBolusTime":1704101411056,"time":"2024-01-01T15:18:19.320Z"}},{"iob":-0.003,"basaliob":-0.003,"bolussnooze":0,"activity":-1.0E-4,"lastBolusTime":1704101411056,"time":"2024-01-01T15:23:19.320Z","iobWithZeroTemp":{"iob":-0.221,"basaliob":-0.221,"bolussnooze":0,"activity":-0.0032,"lastBolusTime":1704101411056,"time":"2024-01-01T15:23:19.320Z"}},{"iob":-0.002,"basaliob":-0.002,"bolussnooze":0,"activity":-1.0E-4,"lastBolusTime":1704101411056,"time":"2024-01-01T15:28:19.320Z","iobWithZeroTemp":{"iob":-0.213,"basaliob":-0.213,"bolussnooze":0,"activity":-0.0031,"lastBolusTime":1704101411056,"time":"2024-01-01T15:28:19.320Z"}}],"profile":{"max_iob":0,"type":"current","max_daily_basal":0.35,"max_basal":1,"min_bg":130,"max_bg":130,"target_bg":130,"carb_ratio":8.8,"sens":120,"max_daily_safety_multiplier":3,"current_basal_safety_multiplier":4,"lgsThreshold":95,"high_temptarget_raises_sensitivity":true,"low_temptarget_lowers_sensitivity":true,"sensitivity_raises_target":true,"resistance_lowers_target":true,"adv_target_adjustments":false,"exercise_mode":false,"half_basal_exercise_target":160,"maxCOB":120,"skip_neutral_temps":false,"remainingCarbsCap":90,"enableUAM":true,"A52_risk_enable":false,"SMBInterval":6,"enableSMB_with_COB":false,"enableSMB_with_temptarget":false,"allowSMB_with_high_temptarget":false,"enableSMB_always":false,"enableSMB_after_carbs":false,"maxSMBBasalMinutes":30,"maxUAMSMBBasalMinutes":40,"bolus_increment":0.05,"carbsReqThreshold":2,"current_basal":0.25,"temptargetSet":true,"autosens_max":1.3,"autosens_min":0.7,"variable_sens":281.3,"insulinDivisor":75,"TDD":11.800657904761904},"autosens_data":{"ratio":0.809683847197543},"meal_data":{"carbs":15,"mealCOB":2.5665333333333322,"slopeFromMaxDeviation":-1.349,"slopeFromMinDeviation":0.8083636363636362,"lastBolusTime":1704101411056,"lastCarbTime":1704101401602},"microBolusAllowed":false,"currentTime":1704108801201,"flatBGsDetected":false,"tdd1D":14.612499999999995,"tdd7D":16.776095238095234,"tddLast24H":13.58333333333333,"tddLast4H":2.5625,"tddLast8to4H":1.1333333333333337},"output":{"temp":"absolute","bg":54,"tick":-3,"eventualBG":81,"targetBG":130,"insulinReq":0,"deliverAt":"2024-01-01T11:33:21.201Z","sensitivityRatio":0.67,"variable_sens":281.3,"predBGs":{"IOB":[54,50,47,43,40,39,39,39,39,39,39,39,39],"ZT":[54,46,39,39,39,39,39,39,39,39,39,39,39,39,39,39,39,39,39,39,39,39,42,48,53,58,63,68,72,77,82,86,91,95,99,103,107,111,114,118,121,124,127,129],"COB":[54,50,48,46,44,44,43,44,44,45,46,47,49,50,52,54,55,57,59,61,63,65,66,68,69,71,72,73,75,76,77,77,78,79,79,80,80,80,80,80,81],"UAM":[54,49,43,39,39,39,39,39,39,39,39,39,39]},"reason":"COB: 2.6, Dev: 26, BGI: -8, ISF: 281, CR: 8.8, Target: 130, minPredBG 10, minGuardBG 2, IOBpredBG 39, COBpredBG 81, UAMpredBG 39; 3 add'l carbs req w\/in 0m; minGuardBG 2<95","COB":2.5665333333333322,"IOB":0.172,"carbsReq":3,"carbsReqWithin":0,"duration":120,"rate":0,"timestamp":"2024-01-01T11:33:21.230Z"}}