{"algorithm":"OpenAPSSMBDynamicISFPlugin","input":{"glucoseStatus":{"glucose":112,"noise":0,"delta":-3.28,"short_avgdelta":-3.28,"long_avgdelta":2.25,"date":1704224575000},"currenttemp":{"temp":"absolute","duration":95,"rate":0,"minutesrunning":25},"iob_data":[{"iob":1.665,"basaliob":-0.23,"bolussnooze":1.1807,"activity":0.0168,"lastBolusTime":1704222944580,"time":"2024-01-02T19:43:20.318Z","iobWithZeroTemp":{"iob":1.665,"basaliob":-0.23,"bolussnooze":1.1807,"activity":0.0168,"lastBolusTime":1704222944580,"time":"2024-01-02T19:43:20.318Z"}},{"iob":1.578,"basaliob":-0.22,"bolussnooze":1.0301,"activity":0.0173,"lastBolusTime":1704222944580,"time":"2024-01-02T19:48:20.318Z","iobWithZeroTemp":{"iob":1.555,"basaliob":-0.243,"bolussnooze":1.0301,"activity":0.0173,"lastBolusTime":1704222944580,"time":"2024-01-02T19:48:20.318Z"}},{"iob":1.492,"basaliob":-0.208,"bolussnooze":0.8897,"activity":0.0174,"lastBolusTime":1704222944580,"time":"2024-01-02T19:53:20.318Z","iobWithZeroTemp":{"iob":1.44,"basaliob":-0.26,"bolussnooze":0.8897,"activity":0.0173,"lastBolusTime":1704222944580,"time":"2024-01-02T19:53:20.318Z"}},{"iob":1.404,"basaliob":-0.197,"bolussnooze":0.7618,"activity":0.0174,"lastBolusTime":1704222944580,"time":"2024-01-02T19:58:20.318Z","iobWithZeroTemp":{"iob":1.323,"basaliob":-0.278,"bolussnooze":0.7618,"activity":0.0172,"lastBolusTime":1704222944580,"time":"2024-01-02T19:58:20.318Z"}},{"iob":1.319,"basaliob":-0.185,"bolussnooze":0.6471,"activity":0.0171,"lastBolusTime":1704222944580,"time":"2024-01-02T20:03:20.318Z","iobWithZeroTemp":{"iob":1.211,"basaliob":-0.293,"bolussnooze":0.6471,"activity":0.0167,"lastBolusTime":1704222944580,"time":"2024-01-02T20:03:20.318Z"}},{"iob":1.233,"basaliob":-0.174,"bolussnooze":0.5456,"activity":0.0167,"lastBolusTime":1704222944580,"time":"2024-01-02T20:08:20.318Z","iobWithZeroTemp":{"iob":1.098,"basaliob":-0.309,"bolussnooze":0.5456,"activity":0.0161,"lastBolusTime":1704222944580,"time":"2024-01-02T20:08:20.318Z"}},{"iob":1.151,"basaliob":-0.163,"bolussnooze":0.4569,"activity":0.0162,"lastBolusTime":1704222944580,"time":"2024-01-02T20:13:20.318Z","iobWithZeroTemp":{"iob":0.991,"basaliob":-0.323,"bolussnooze":0.4569,"activity":0.0154,"lastBolusTime":1704222944580,"time":"2024-01-02T20:13:20.318Z"}},{"iob":1.071,"basaliob":-0.152,"bolussnooze":0.3801,"activity":0.0157,"lastBolusTime":1704222944580,"time":"2024-01-02T20:18:20.318Z","iobWithZeroTemp":{"iob":0.886,"basaliob":-0.337,"bolussnooze":0.3801,"activity":0.0146,"lastBolusTime":1704222944580,"time":"2024-01-02T20:18:20.318Z"}},{"iob":0.995,"basaliob":-0.141,"bolussnooze":0.3143,"activity":0.0149,"lastBolusTime":1704222944580,"time":"2024-01-02T20:23:20.318Z","iobWithZeroTemp":{"iob":0.787,"basaliob":-0.349,"bolussnooze":0.3143,"activity":0.0136,"lastBolusTime":1704222944580,"time":"2024-01-02T20:23:20.318Z"}},{"iob":0.922,"basaliob":-0.131,"bolussnooze":0.2582,"activity":0.0143,"lastBolusTime":1704222944580,"time":"2024-01-02T20:28:20.318Z","iobWithZeroTemp":{"iob":0.692,"basaliob":-0.361,"bolussnooze":0.2582,"activity":0.0127,"lastBolusTime":1704222944580,"time":"2024-01-02T20:28:20.318Z"}},{"iob":0.852,"basaliob":-0.122,"bolussnooze":0.2107,"activity":0.0135,"lastBolusTime":1704222944580,"time":"2024-01-02T20:33:20.318Z","iobWithZeroTemp":{"iob":0.601,"basaliob":-0.373,"bolussnooze":0.2107,"activity":0.0117,"lastBolusTime":1704222944580,"time":"2024-01-02T20:33:20.318Z"}},{"iob":0.787,"basaliob":-0.112,"bolussnooze":0.1709,"activity":0.0128,"lastBolusTime":1704222944580,"time":"2024-01-02T20:38:20.318Z","iobWithZeroTemp":{"iob":0.517,"basaliob":-0.382,"bolussnooze":0.1709,"activity":0.0107,"lastBolusTime":1704222944580,"time":"2024-01-02T20:38:20.318Z"}},{"iob":0.724,"basaliob":-0.104,"bolussnooze":0.1377,"activity":0.0121,"lastBolusTime":1704222944580,"time":"2024-01-02T20:43:20.318Z","iobWithZeroTemp":{"iob":0.435,"basaliob":-0.393,"bolussnooze":0.1377,"activity":0.0098,"lastBolusTime":1704222944580,"time":"2024-01-02T20:43:20.318Z"}},{"iob":0.666,"basaliob":-0.095,"bolussnooze":0.1102,"activity":0.0113,"lastBolusTime":1704222944580,"time":"2024-01-02T20:48:20.318Z","iobWithZeroTemp":{"iob":0.36,"basaliob":-0.401,"bolussnooze":0.1102,"activity":0.0088,"lastBolusTime":1704222944580,"time":"2024-01-02T20:48:20.318Z"}},{"iob":0.61,"basaliob":-0.088,"bolussnooze":0.0875,"activity":0.0106,"lastBolusTime":1704222944580,"time":"2024-01-02T20:53:20.318Z","iobWithZeroTemp":{"iob":0.288,"basaliob":-0.41,"bolussnooze":0.0875,"activity":0.0078,"lastBolusTime":1704222944580,"time":"2024-01-02T20:53:20.318Z"}},{"iob":0.56,"basaliob":-0.08,"bolussnooze":0.0689,"activity":0.0099,"lastBolusTime":1704222944580,"time":"2024-01-02T20:58:20.318Z","iobWithZeroTemp":{"iob":0.224,"basaliob":-0.416,"bolussnooze":0.0689,"activity":0.0069,"lastBolusTime":1704222944580,"time":"2024-01-02T20:58:20.318Z"}},{"iob":0.511,"basaliob":-0.074,"bolussnooze":0.0538,"activity":0.0092,"lastBolusTime":1704222944580,"time":"2024-01-02T21:03:20.318Z","iobWithZeroTemp":{"iob":0.165,"basaliob":-0.42,"bolussnooze":0.0538,"activity":0.006,"lastBolusTime":1704222944580,"time":"2024-01-02T21:03:20.318Z"}},{"iob":0.468,"basaliob":-0.067,"bolussnooze":0.0416,"activity":0.0086,"lastBolusTime":1704222944580,"time":"2024-01-02T21:08:20.318Z","iobWithZeroTemp":{"iob":0.113,"basaliob":-0.422,"bolussnooze":0.0416,"activity":0.0052,"lastBolusTime":1704222944580,"time":"2024-01-02T21:08:20.318Z"}},{"iob":0.426,"basaliob":-0.061,"bolussnooze":0.0318,"activity":0.008,"lastBolusTime":1704222944580,"time":"2024-01-02T21:13:20.318Z","iobWithZeroTemp":{"iob":0.064,"basaliob":-0.423,"bolussnooze":0.0318,"activity":0.0045,"lastBolusTime":1704222944580,"time":"2024-01-02T21:13:20.318Z"}},{"iob":0.388,"basaliob":-0.056,"bolussnooze":0.0239,"activity":0.0073,"lastBolusTime":1704222944580,"time":"2024-01-02T21:18:20.318Z","iobWithZeroTemp":{"iob":0.019,"basaliob":-0.425,"bolussnooze":0.0239,"activity":0.0036,"lastBolusTime":1704222944580,"time":"2024-01-02T21:18:20.318Z"}},{"iob":0.352,"basaliob":-0.051,"bolussnooze":0.0178,"activity":0.0068,"lastBolusTime":1704222944580,"time":"2024-01-02T21:23:20.318Z","iobWithZeroTemp":{"iob":-0.024,"basaliob":-0.427,"bolussnooze":0.0178,"activity":0.003,"lastBolusTime":1704222944580,"time":"2024-01-02T21:23:20.318Z"}},{"iob":0.32,"basaliob":-0.046,"bolussnooze":0.013,"activity":0.0063,"lastBolusTime":1704222944580,"time":"2024-01-02T21:28:20.318Z","iobWithZeroTemp":{"iob":-0.061,"basaliob":-0.427,"bolussnooze":0.013,"activity":0.0023,"lastBolusTime":1704222944580,"time":"2024-01-02T21:28:20.318Z"}},{"iob":0.29,"basaliob":-0.042,"bolussnooze":0.0093,"activity":0.0058,"lastBolusTime":1704222944580,"time":"2024-01-02T21:33:20.318Z","iobWithZeroTemp":{"iob":-0.096,"basaliob":-0.428,"bolussnooze":0.0093,"activity":0.0017,"lastBolusTime":1704222944580,"time":"2024-01-02T21:33:20.318Z"}},{"iob":0.262,"basaliob":-0.038,"bolussnooze":0.0064,"activity":0.0052,"lastBolusTime":1704222944580,"time":"2024-01-02T21:38:20.318Z","iobWithZeroTemp":{"iob":-0.129,"basaliob":-0.429,"bolussnooze":0.0064,"activity":0.001,"lastBolusTime":1704222944580,"time":"2024-01-02T21:38:20.318Z"}},{"iob":0.237,"basaliob":-0.034,"bolussnooze":0.0043,"activity":0.0048,"lastBolusTime":1704222944580,"time":"2024-01-02T21:43:20.318Z","iobWithZeroTemp":{"iob":-0.158,"basaliob":-0.429,"bolussnooze":0.0043,"activity":5.0E-4,"lastBolusTime":1704222944580,"time":"2024-01-02T21:43:20.318Z"}},{"iob":0.214,"basaliob":-0.031,"bolussnooze":0.0027,"activity":0.0045,"lastBolusTime":1704222944580,"time":"2024-01-02T21:48:20.318Z","iobWithZeroTemp":{"iob":-0.184,"basaliob":-0.429,"bolussnooze":0.0027,"activity":2.0E-4,"lastBolusTime":1704222944580,"time":"2024-01-02T21:48:20.318Z"}},{"iob":0.192,"basaliob":-0.028,"bolussnooze":0.0016,"activity":0.004,"lastBolusTime":1704222944580,"time":"2024-01-02T21:53:20.318Z","iobWithZeroTemp":{"iob":-0.209,"basaliob":-0.429,"bolussnooze":0.0016,"activity":-4.0E-4,"lastBolusTime":1704222944580,"time":"2024-01-02T21:53:20.318Z"}},{"iob":0.173,"basaliob":-0.025,"bolussnooze":9.0E-4,"activity":0.0037,"lastBolusTime":1704222944580,"time":"2024-01-02T21:58:20.318Z","iobWithZeroTemp":{"iob":-0.231,"basaliob":-0.429,"bolussnooze":9.0E-4,"activity":-8.0E-4,"lastBolusTime":1704222944580,"time":"2024-01-02T21:58:20.318Z"}},{"iob":0.155,"basaliob":-0.023,"bolussnooze":4.0E-4,"activity":0.0034,"lastBolusTime":1704222944580,"time":"2024-01-02T22:03:20.318Z","iobWithZeroTemp":{"iob":-0.247,"basaliob":-0.425,"bolussnooze":4.0E-4,"activity":-0.0011,"lastBolusTime":1704222944580,"time":"2024-01-02T22:03:20.318Z"}},{"iob":0.14,"basaliob":-0.02,"bolussnooze":1.0E-4,"activity":0.0031,"lastBolusTime":1704222944580,"time":"2024-01-02T22:08:20.318Z","iobWithZeroTemp":{"iob":-0.26,"basaliob":-0.42,"bolussnooze":1.0E-4,"activity":-0.0015,"lastBolusTime":1704222944580,"time":"2024-01-02T22:08:20.318Z"}},{"iob":0.125,"basaliob":-0.018,"bolussnooze":0,"activity":0.0028,"lastBolusTime":1704222944580,"time":"2024-01-02T22:13:20.318Z","iobWithZeroTemp":{"iob":-0.273,"basaliob":-0.416,"bolussnooze":0,"activity":-0.0018,"lastBolusTime":1704222944580,"time":"2024-01-02T22:13:20.318Z"}},{"iob":0.112,"basaliob":-0.016,"bolussnooze":0,"activity":0.0025,"lastBolusTime":1704222944580,"time":"2024-01-02T22:18:20.318Z","iobWithZeroTemp":{"iob":-0.284,"basaliob":-0.412,"bolussnooze":0,"activity":-0.0021,"lastBolusTime":1704222944580,"time":"2024-01-02T22:18:20.318Z"}},{"iob":0.1,"basaliob":-0.014,"bolussnooze":0,"activity":0.0023,"lastBolusTime":1704222944580,"time":"2024-01-02T22:23:20.318Z","iobWithZeroTemp":{"iob":-0.294,"basaliob":-0.408,"bolussnooze":0,"activity":-0.0023,"lastBolusTime":1704222944580,"time":"2024-01-02T22:23:20.318Z"}},{"iob":0.088,"basaliob":-0.013,"bolussnooze":0,"activity":0.0021,"lastBolusTime":1704222944580,"time":"2024-01-02T22:28:20.318Z","iobWithZeroTemp":{"iob":-0.303,"basaliob":-0.404,"bolussnooze":0,"activity":-0.0025,"lastBolusTime":1704222944580,"time":"2024-01-02T22:28:20.318Z"}},{"iob":0.079,"basaliob":-0.011,"bolussnooze":0,"activity":0.0018,"lastBolusTime":1704222944580,"time":"2024-01-02T22:33:20.318Z","iobWithZeroTemp":{"iob":-0.31,"basaliob":-0.4,"bolussnooze":0,"activity":-0.0028,"lastBolusTime":1704222944580,"time":"2024-01-02T22:33:20.318Z"}},{"iob":0.07,"basaliob":-0.01,"bolussnooze":0,"activity":0.0017,"lastBolusTime":1704222944580,"time":"2024-01-02T22:38:20.318Z","iobWithZeroTemp":{"iob":-0.316,"basaliob":-0.396,"bolussnooze":0,"activity":-0.0029,"lastBolusTime":1704222944580,"time":"2024-01-02T22:38:20.318Z"}},{"iob":0.061,"basaliob":-0.009,"bolussnooze":0,"activity":0.0015,"lastBolusTime":1704222944580,"time":"2024-01-02T22:43:20.318Z","iobWithZeroTemp":{"iob":-0.323,"basaliob":-0.393,"bolussnooze":0,"activity":-0.0031,"lastBolusTime":1704222944580,"time":"2024-01-02T22:43:20.318Z"}},{"iob":0.054,"basaliob":-0.008,"bolussnooze":0,"activity":0.0014,"lastBolusTime":1704222944580,"time":"2024-01-02T22:48:20.318Z","iobWithZeroTemp":{"iob":-0.328,"basaliob":-0.39,"bolussnooze":0,"activity":-0.0032,"lastBolusTime":1704222944580,"time":"2024-01-02T22:48:20.318Z"}},{"iob":0.048,"basaliob":-0.007,"bolussnooze":0,"activity":0.0012,"lastBolusTime":1704222944580,"time":"2024-01-02T22:53:20.318Z","iobWithZeroTemp":{"iob":-0.332,"basaliob":-0.387,"bolussnooze":0,"activity":-0.0034,"lastBolusTime":1704222944580,"time":"2024-01-02T22:53:20.318Z"}},{"iob":0.042,"basaliob":-0.006,"bolussnooze":0,"activity":0.0011,"lastBolusTime":1704222944580,"time":"2024-01-02T22:58:20.318Z","iobWithZeroTemp":{"iob":-0.336,"basaliob":-0.384,"bolussnooze":0,"activity":-0.0035,"lastBolusTime":1704222944580,"time":"2024-01-02T22:58:20.318Z"}},{"iob":0.037,"basaliob":-0.005,"bolussnooze":0,"activity":0.001,"lastBolusTime":1704222944580,"time":"2024-01-02T23:03:20.318Z","iobWithZeroTemp":{"iob":-0.339,"basaliob":-0.381,"bolussnooze":0,"activity":-0.0036,"lastBolusTime":1704222944580,"time":"2024-01-02T23:03:20.318Z"}},{"iob":0.032,"basaliob":-0.005,"bolussnooze":0,"activity":9.0E-4,"lastBolusTime":1704222944580,"time":"2024-01-02T23:08:20.318Z","iobWithZeroTemp":{"iob":-0.342,"basaliob":-0.379,"bolussnooze":0,"activity":-0.0036,"lastBolusTime":1704222944580,"time":"2024-01-02T23:08:20.318Z"}},{"iob":0.028,"basaliob":-0.004,"bolussnooze":0,"activity":8.0E-4,"lastBolusTime":1704222944580,"time":"2024-01-02T23:13:20.318Z","iobWithZeroTemp":{"iob":-0.344,"basaliob":-0.376,"bolussnooze":0,"activity":-0.0037,"lastBolusTime":1704222944580,"time":"2024-01-02T23:13:20.318Z"}},{"iob":0.024,"basaliob":-0.004,"bolussnooze":0,"activity":7.0E-4,"lastBolusTime":1704222944580,"time":"2024-01-02T23:18:20.318Z","iobWithZeroTemp":{"iob":-0.346,"basaliob":-0.374,"bolussnooze":0,"activity":-0.0038,"lastBolusTime":1704222944580,"time":"2024-01-02T23:18:20.318Z"}},{"iob":0.021,"basaliob":-0.003,"bolussnooze":0,"activity":6.0E-4,"lastBolusTime":1704222944580,"time":"2024-01-02T23:23:20.318Z","iobWithZeroTemp":{"iob":-0.348,"basaliob":-0.372,"bolussnooze":0,"activity":-0.0039,"lastBolusTime":1704222944580,"time":"2024-01-02T23:23:20.318Z"}},{"iob":0.018,"basaliob":-0.003,"bolussnooze":0,"activity":5.0E-4,"lastBolusTime":1704222944580,"time":"2024-01-02T23:28:20.318Z","iobWithZeroTemp":{"iob":-0.349,"basaliob":-0.37,"bolussnooze":0,"activity":-0.004,"lastBolusTime":1704222944580,"time":"2024-01-02T23:28:20.318Z"}},{"iob":0.016,"basaliob":-0.002,"bolussnooze":0,"activity":5.0E-4,"lastBolusTime":1704222944580,"time":"2024-01-02T23:33:20.318Z","iobWithZeroTemp":{"iob":-0.35,"basaliob":-0.368,"bolussnooze":0,"activity":-0.0039,"lastBolusTime":1704222944580,"time":"2024-01-02T23:33:20.318Z"}},{"iob":0.013,"basaliob":-0.002,"bolussnooze":0,"activity":4.0E-4,"lastBolusTime":1704222944580,"time":"2024-01-02T23:38:20.318Z","iobWithZeroTemp":{"iob":-0.352,"basaliob":-0.367,"bolussnooze":0,"activity":-0.004,"lastBolusTime":1704222944580,"time":"2024-01-02T23:38:20.318Z"}}],"profile":{"max_iob":10,"type":"current","max_daily_basal":0.35,"max_basal":1.05,"min_bg":90,"max_bg":90,"target_bg":90,"carb_ratio":8.8,"sens":120,"max_daily_safety_multiplier":3,"current_basal_safety_multiplier":4,"lgsThreshold":95,"high_temptarget_raises_sensitivity":true,"low_temptarget_lowers_sensitivity":true,"sensitivity_raises_target":true,"resistance_lowers_target":true,"adv_target_adjustments":false,"exercise_mode":false,"half_basal_exercise_target":160,"maxCOB":120,"skip_neutral_temps":false,"remainingCarbsCap":90,"enableUAM":true,"A52_risk_enable":false,"SMBInterval":6,"enableSMB_with_COB":true,"enableSMB_with_temptarget":true,"allowSMB_with_high_temptarget":false,"enableSMB_always":false,"enableSMB_after_carbs":true,"maxSMBBasalMinutes":45,"maxUAMSMBBasalMinutes":40,"bolus_increment":0.05,"carbsReqThreshold":2,"current_basal":0.35,"temptargetSet":false,"autosens_max":1.3,"autosens_min":0.7,"variable_sens":151.2,"insulinDivisor":75,"TDD":13.031057714285717},"autosens_data":{"ratio":0.8803301647400608},"meal_data":{"carbs":36,"mealCOB":14.530933333333328,"slopeFromMaxDeviation":-1.6953333333333334,"slopeFromMinDeviation":0.8212727272727273,"lastBolusTime":1704222944580,"lastCarbTime":1704222941339},"microBolusAllowed":true,"currentTime":1704224602059,"flatBGsDetected":false,"tdd1D":10.2375,"tdd7D":15.997785714285714,"tddLast24H":14.083333333333332,"tddLast4H":4.320833333333334,"tddLast8to4H":2.4958333333333336},"output":{"temp":"absolute","bg":112,"tick":-3,"eventualBG":101,"targetBG":94,"insulinReq":0,"deliverAt":"2024-01-02T19:43:22.059Z","sensitivityRatio":0.8803301647400608,"variable_sens":151.2,"predBGs":{"IOB":[112,108,102,95,87,77,66,52,39,39,39,39,39],"ZT":[112,99,85,69,51,39,39,39,39,39,39,39,39,39,39,39,39,39,39,39,39,39,39,39,39,39,39,39,39,39,39,39,39,39,39,39,39,39,39,39,39,39,39,39,39,39,39,39],"COB":[112,109,105,100,96,92,87,83,80,76,73,71,69,67,65,64,64,63,63,64,64,65,66,68,69,71,73,75,77,78,80,82,84,86,88,90,91,93,94,96,97,98,99,100,100,101],"UAM":[112,107,100,90,77,61,42,39,39,39,39,39,39]},"reason":"COB: 14.5, Dev: 57, BGI: -13, ISF: 151, CR: 8.8, Target: 94, minPredBG -165, minGuardBG -181, IOBpredBG 39, COBpredBG 101, UAMpredBG 39; 9 add'l carbs req w\/in 25m; minGuardBG -181<95","COB":14.530933333333328,"IOB":1.665,"carbsReq":9,"carbsReqWithin":25,"duration":120,"rate":0,"timestamp":"2024-01-02T19:43:22.092Z"}}