{"algorithm":"OpenAPSSMBDynamicISFPlugin","input":{"glucoseStatus":{"glucose":143,"noise":0,"delta":-0.5,"short_avgdelta":-0.5,"long_avgdelta":-4.32,"date":1704138172000},"currenttemp":{"temp":"absolute","duration":100,"rate":0,"minutesrunning":20},"iob_data":[{"iob":1.414,"basaliob":-0.142,"bolussnooze":0.8249,"activity":0.0177,"lastBolusTime":1704136117361,"time":"2024-01-01T19:43:18.433Z","iobWithZeroTemp":{"iob":1.414,"basaliob":-0.142,"bolussnooze":0.8249,"activity":0.0177,"lastBolusTime":1704136117361,"time":"2024-01-01T19:43:18.433Z"}},{"iob":1.327,"basaliob":-0.138,"bolussnooze":0.6999,"activity":0.0174,"lastBolusTime":1704136117361,"time":"2024-01-01T19:48:18.433Z","iobWithZeroTemp":{"iob":1.304,"basaliob":-0.161,"bolussnooze":0.6999,"activity":0.0174,"lastBolusTime":1704136117361,"time":"2024-01-01T19:48:18.433Z"}},{"iob":1.241,"basaliob":-0.134,"bolussnooze":0.5895,"activity":0.0169,"lastBolusTime":1704136117361,"time":"2024-01-01T19:53:18.433Z","iobWithZeroTemp":{"iob":1.189,"basaliob":-0.186,"bolussnooze":0.5895,"activity":0.0168,"lastBolusTime":1704136117361,"time":"2024-01-01T19:53:18.433Z"}},{"iob":1.157,"basaliob":-0.129,"bolussnooze":0.4932,"activity":0.0164,"lastBolusTime":1704136117361,"time":"2024-01-01T19:58:18.433Z","iobWithZeroTemp":{"iob":1.076,"basaliob":-0.21,"bolussnooze":0.4932,"activity":0.0162,"lastBolusTime":1704136117361,"time":"2024-01-01T19:58:18.433Z"}},{"iob":1.077,"basaliob":-0.123,"bolussnooze":0.4099,"activity":0.0157,"lastBolusTime":1704136117361,"time":"2024-01-01T20:03:18.433Z","iobWithZeroTemp":{"iob":0.969,"basaliob":-0.231,"bolussnooze":0.4099,"activity":0.0153,"lastBolusTime":1704136117361,"time":"2024-01-01T20:03:18.433Z"}},{"iob":1,"basaliob":-0.117,"bolussnooze":0.3385,"activity":0.0151,"lastBolusTime":1704136117361,"time":"2024-01-01T20:08:18.433Z","iobWithZeroTemp":{"iob":0.865,"basaliob":-0.252,"bolussnooze":0.3385,"activity":0.0145,"lastBolusTime":1704136117361,"time":"2024-01-01T20:08:18.433Z"}},{"iob":0.926,"basaliob":-0.111,"bolussnooze":0.2778,"activity":0.0144,"lastBolusTime":1704136117361,"time":"2024-01-01T20:13:18.433Z","iobWithZeroTemp":{"iob":0.766,"basaliob":-0.271,"bolussnooze":0.2778,"activity":0.0136,"lastBolusTime":1704136117361,"time":"2024-01-01T20:13:18.433Z"}},{"iob":0.856,"basaliob":-0.105,"bolussnooze":0.2266,"activity":0.0137,"lastBolusTime":1704136117361,"time":"2024-01-01T20:18:18.433Z","iobWithZeroTemp":{"iob":0.671,"basaliob":-0.29,"bolussnooze":0.2266,"activity":0.0126,"lastBolusTime":1704136117361,"time":"2024-01-01T20:18:18.433Z"}},{"iob":0.79,"basaliob":-0.099,"bolussnooze":0.1836,"activity":0.0129,"lastBolusTime":1704136117361,"time":"2024-01-01T20:23:18.433Z","iobWithZeroTemp":{"iob":0.582,"basaliob":-0.307,"bolussnooze":0.1836,"activity":0.0116,"lastBolusTime":1704136117361,"time":"2024-01-01T20:23:18.433Z"}},{"iob":0.727,"basaliob":-0.093,"bolussnooze":0.1477,"activity":0.0122,"lastBolusTime":1704136117361,"time":"2024-01-01T20:28:18.433Z","iobWithZeroTemp":{"iob":0.497,"basaliob":-0.323,"bolussnooze":0.1477,"activity":0.0106,"lastBolusTime":1704136117361,"time":"2024-01-01T20:28:18.433Z"}},{"iob":0.668,"basaliob":-0.087,"bolussnooze":0.118,"activity":0.0114,"lastBolusTime":1704136117361,"time":"2024-01-01T20:33:18.433Z","iobWithZeroTemp":{"iob":0.417,"basaliob":-0.338,"bolussnooze":0.118,"activity":0.0096,"lastBolusTime":1704136117361,"time":"2024-01-01T20:33:18.433Z"}},{"iob":0.613,"basaliob":-0.081,"bolussnooze":0.0936,"activity":0.0107,"lastBolusTime":1704136117361,"time":"2024-01-01T20:38:18.433Z","iobWithZeroTemp":{"iob":0.343,"basaliob":-0.351,"bolussnooze":0.0936,"activity":0.0086,"lastBolusTime":1704136117361,"time":"2024-01-01T20:38:18.433Z"}},{"iob":0.562,"basaliob":-0.075,"bolussnooze":0.0736,"activity":0.01,"lastBolusTime":1704136117361,"time":"2024-01-01T20:43:18.433Z","iobWithZeroTemp":{"iob":0.273,"basaliob":-0.364,"bolussnooze":0.0736,"activity":0.0077,"lastBolusTime":1704136117361,"time":"2024-01-01T20:43:18.433Z"}},{"iob":0.513,"basaliob":-0.07,"bolussnooze":0.0574,"activity":0.0092,"lastBolusTime":1704136117361,"time":"2024-01-01T20:48:18.433Z","iobWithZeroTemp":{"iob":0.207,"basaliob":-0.376,"bolussnooze":0.0574,"activity":0.0067,"lastBolusTime":1704136117361,"time":"2024-01-01T20:48:18.433Z"}},{"iob":0.469,"basaliob":-0.065,"bolussnooze":0.0442,"activity":0.0086,"lastBolusTime":1704136117361,"time":"2024-01-01T20:53:18.433Z","iobWithZeroTemp":{"iob":0.147,"basaliob":-0.387,"bolussnooze":0.0442,"activity":0.0058,"lastBolusTime":1704136117361,"time":"2024-01-01T20:53:18.433Z"}},{"iob":0.427,"basaliob":-0.06,"bolussnooze":0.0337,"activity":0.0079,"lastBolusTime":1704136117361,"time":"2024-01-01T20:58:18.433Z","iobWithZeroTemp":{"iob":0.091,"basaliob":-0.396,"bolussnooze":0.0337,"activity":0.0049,"lastBolusTime":1704136117361,"time":"2024-01-01T20:58:18.433Z"}},{"iob":0.389,"basaliob":-0.055,"bolussnooze":0.0254,"activity":0.0074,"lastBolusTime":1704136117361,"time":"2024-01-01T21:03:18.433Z","iobWithZeroTemp":{"iob":0.043,"basaliob":-0.401,"bolussnooze":0.0254,"activity":0.0042,"lastBolusTime":1704136117361,"time":"2024-01-01T21:03:18.433Z"}},{"iob":0.353,"basaliob":-0.051,"bolussnooze":0.0188,"activity":0.0069,"lastBolusTime":1704136117361,"time":"2024-01-01T21:08:18.433Z","iobWithZeroTemp":{"iob":-0.002,"basaliob":-0.406,"bolussnooze":0.0188,"activity":0.0035,"lastBolusTime":1704136117361,"time":"2024-01-01T21:08:18.433Z"}},{"iob":0.32,"basaliob":-0.047,"bolussnooze":0.0137,"activity":0.0063,"lastBolusTime":1704136117361,"time":"2024-01-01T21:13:18.433Z","iobWithZeroTemp":{"iob":-0.042,"basaliob":-0.409,"bolussnooze":0.0137,"activity":0.0028,"lastBolusTime":1704136117361,"time":"2024-01-01T21:13:18.433Z"}},{"iob":0.29,"basaliob":-0.043,"bolussnooze":0.0097,"activity":0.0058,"lastBolusTime":1704136117361,"time":"2024-01-01T21:18:18.433Z","iobWithZeroTemp":{"iob":-0.079,"basaliob":-0.412,"bolussnooze":0.0097,"activity":0.0021,"lastBolusTime":1704136117361,"time":"2024-01-01T21:18:18.433Z"}},{"iob":0.263,"basaliob":-0.039,"bolussnooze":0.0068,"activity":0.0053,"lastBolusTime":1704136117361,"time":"2024-01-01T21:23:18.433Z","iobWithZeroTemp":{"iob":-0.113,"basaliob":-0.415,"bolussnooze":0.0068,"activity":0.0015,"lastBolusTime":1704136117361,"time":"2024-01-01T21:23:18.433Z"}},{"iob":0.237,"basaliob":-0.036,"bolussnooze":0.0045,"activity":0.0049,"lastBolusTime":1704136117361,"time":"2024-01-01T21:28:18.433Z","iobWithZeroTemp":{"iob":-0.144,"basaliob":-0.417,"bolussnooze":0.0045,"activity":9.0E-4,"lastBolusTime":1704136117361,"time":"2024-01-01T21:28:18.433Z"}},{"iob":0.213,"basaliob":-0.033,"bolussnooze":0.0029,"activity":0.0045,"lastBolusTime":1704136117361,"time":"2024-01-01T21:33:18.433Z","iobWithZeroTemp":{"iob":-0.173,"basaliob":-0.419,"bolussnooze":0.0029,"activity":4.0E-4,"lastBolusTime":1704136117361,"time":"2024-01-01T21:33:18.433Z"}},{"iob":0.192,"basaliob":-0.03,"bolussnooze":0.0017,"activity":0.004,"lastBolusTime":1704136117361,"time":"2024-01-01T21:38:18.433Z","iobWithZeroTemp":{"iob":-0.199,"basaliob":-0.421,"bolussnooze":0.0017,"activity":-2.0E-4,"lastBolusTime":1704136117361,"time":"2024-01-01T21:38:18.433Z"}},{"iob":0.173,"basaliob":-0.027,"bolussnooze":0.001,"activity":0.0037,"lastBolusTime":1704136117361,"time":"2024-01-01T21:43:18.433Z","iobWithZeroTemp":{"iob":-0.222,"basaliob":-0.422,"bolussnooze":0.001,"activity":-6.0E-4,"lastBolusTime":1704136117361,"time":"2024-01-01T21:43:18.433Z"}},{"iob":0.155,"basaliob":-0.025,"bolussnooze":5.0E-4,"activity":0.0034,"lastBolusTime":1704136117361,"time":"2024-01-01T21:48:18.433Z","iobWithZeroTemp":{"iob":-0.243,"basaliob":-0.423,"bolussnooze":5.0E-4,"activity":-9.0E-4,"lastBolusTime":1704136117361,"time":"2024-01-01T21:48:18.433Z"}},{"iob":0.139,"basaliob":-0.022,"bolussnooze":2.0E-4,"activity":0.0031,"lastBolusTime":1704136117361,"time":"2024-01-01T21:53:18.433Z","iobWithZeroTemp":{"iob":-0.262,"basaliob":-0.423,"bolussnooze":2.0E-4,"activity":-0.0013,"lastBolusTime":1704136117361,"time":"2024-01-01T21:53:18.433Z"}},{"iob":0.124,"basaliob":-0.02,"bolussnooze":1.0E-4,"activity":0.0028,"lastBolusTime":1704136117361,"time":"2024-01-01T21:58:18.433Z","iobWithZeroTemp":{"iob":-0.28,"basaliob":-0.424,"bolussnooze":1.0E-4,"activity":-0.0017,"lastBolusTime":1704136117361,"time":"2024-01-01T21:58:18.433Z"}},{"iob":0.111,"basaliob":-0.018,"bolussnooze":0,"activity":0.0025,"lastBolusTime":1704136117361,"time":"2024-01-01T22:03:18.433Z","iobWithZeroTemp":{"iob":-0.291,"basaliob":-0.42,"bolussnooze":0,"activity":-0.002,"lastBolusTime":1704136117361,"time":"2024-01-01T22:03:18.433Z"}},{"iob":0.099,"basaliob":-0.016,"bolussnooze":0,"activity":0.0023,"lastBolusTime":1704136117361,"time":"2024-01-01T22:08:18.433Z","iobWithZeroTemp":{"iob":-0.301,"basaliob":-0.416,"bolussnooze":0,"activity":-0.0023,"lastBolusTime":1704136117361,"time":"2024-01-01T22:08:18.433Z"}},{"iob":0.088,"basaliob":-0.015,"bolussnooze":0,"activity":0.0021,"lastBolusTime":1704136117361,"time":"2024-01-01T22:13:18.433Z","iobWithZeroTemp":{"iob":-0.31,"basaliob":-0.413,"bolussnooze":0,"activity":-0.0025,"lastBolusTime":1704136117361,"time":"2024-01-01T22:13:18.433Z"}},{"iob":0.078,"basaliob":-0.013,"bolussnooze":0,"activity":0.0019,"lastBolusTime":1704136117361,"time":"2024-01-01T22:18:18.433Z","iobWithZeroTemp":{"iob":-0.318,"basaliob":-0.409,"bolussnooze":0,"activity":-0.0027,"lastBolusTime":1704136117361,"time":"2024-01-01T22:18:18.433Z"}},{"iob":0.069,"basaliob":-0.012,"bolussnooze":0,"activity":0.0017,"lastBolusTime":1704136117361,"time":"2024-01-01T22:23:18.433Z","iobWithZeroTemp":{"iob":-0.325,"basaliob":-0.406,"bolussnooze":0,"activity":-0.0029,"lastBolusTime":1704136117361,"time":"2024-01-01T22:23:18.433Z"}},{"iob":0.06,"basaliob":-0.011,"bolussnooze":0,"activity":0.0016,"lastBolusTime":1704136117361,"time":"2024-01-01T22:28:18.433Z","iobWithZeroTemp":{"iob":-0.331,"basaliob":-0.402,"bolussnooze":0,"activity":-0.003,"lastBolusTime":1704136117361,"time":"2024-01-01T22:28:18.433Z"}},{"iob":0.053,"basaliob":-0.01,"bolussnooze":0,"activity":0.0014,"lastBolusTime":1704136117361,"time":"2024-01-01T22:33:18.433Z","iobWithZeroTemp":{"iob":-0.336,"basaliob":-0.399,"bolussnooze":0,"activity":-0.0032,"lastBolusTime":1704136117361,"time":"2024-01-01T22:33:18.433Z"}},{"iob":0.047,"basaliob":-0.009,"bolussnooze":0,"activity":0.0012,"lastBolusTime":1704136117361,"time":"2024-01-01T22:38:18.433Z","iobWithZeroTemp":{"iob":-0.339,"basaliob":-0.395,"bolussnooze":0,"activity":-0.0034,"lastBolusTime":1704136117361,"time":"2024-01-01T22:38:18.433Z"}},{"iob":0.041,"basaliob":-0.008,"bolussnooze":0,"activity":0.0011,"lastBolusTime":1704136117361,"time":"2024-01-01T22:43:18.433Z","iobWithZeroTemp":{"iob":-0.343,"basaliob":-0.392,"bolussnooze":0,"activity":-0.0035,"lastBolusTime":1704136117361,"time":"2024-01-01T22:43:18.433Z"}},{"iob":0.036,"basaliob":-0.007,"bolussnooze":0,"activity":9.0E-4,"lastBolusTime":1704136117361,"time":"2024-01-01T22:48:18.433Z","iobWithZeroTemp":{"iob":-0.346,"basaliob":-0.389,"bolussnooze":0,"activity":-0.0037,"lastBolusTime":1704136117361,"time":"2024-01-01T22:48:18.433Z"}},{"iob":0.031,"basaliob":-0.006,"bolussnooze":0,"activity":9.0E-4,"lastBolusTime":1704136117361,"time":"2024-01-01T22:53:18.433Z","iobWithZeroTemp":{"iob":-0.349,"basaliob":-0.386,"bolussnooze":0,"activity":-0.0037,"lastBolusTime":1704136117361,"time":"2024-01-01T22:53:18.433Z"}},{"iob":0.027,"basaliob":-0.005,"bolussnooze":0,"activity":8.0E-4,"lastBolusTime":1704136117361,"time":"2024-01-01T22:58:18.433Z","iobWithZeroTemp":{"iob":-0.351,"basaliob":-0.383,"bolussnooze":0,"activity":-0.0038,"lastBolusTime":1704136117361,"time":"2024-01-01T22:58:18.433Z"}},{"iob":0.023,"basaliob":-0.005,"bolussnooze":0,"activity":7.0E-4,"lastBolusTime":1704136117361,"time":"2024-01-01T23:03:18.433Z","iobWithZeroTemp":{"iob":-0.353,"basaliob":-0.381,"bolussnooze":0,"activity":-0.0039,"lastBolusTime":1704136117361,"time":"2024-01-01T23:03:18.433Z"}},{"iob":0.02,"basaliob":-0.004,"bolussnooze":0,"activity":6.0E-4,"lastBolusTime":1704136117361,"time":"2024-01-01T23:08:18.433Z","iobWithZeroTemp":{"iob":-0.354,"basaliob":-0.378,"bolussnooze":0,"activity":-0.0039,"lastBolusTime":1704136117361,"time":"2024-01-01T23:08:18.433Z"}},{"iob":0.017,"basaliob":-0.004,"bolussnooze":0,"activity":5.0E-4,"lastBolusTime":1704136117361,"time":"2024-01-01T23:13:18.433Z","iobWithZeroTemp":{"iob":-0.355,"basaliob":-0.376,"bolussnooze":0,"activity":-0.004,"lastBolusTime":1704136117361,"time":"2024-01-01T23:13:18.433Z"}},{"iob":0.015,"basaliob":-0.003,"bolussnooze":0,"activity":5.0E-4,"lastBolusTime":1704136117361,"time":"2024-01-01T23:18:18.433Z","iobWithZeroTemp":{"iob":-0.355,"basaliob":-0.373,"bolussnooze":0,"activity":-0.004,"lastBolusTime":1704136117361,"time":"2024-01-01T23:18:18.433Z"}},{"iob":0.012,"basaliob":-0.003,"bolussnooze":0,"activity":4.0E-4,"lastBolusTime":1704136117361,"time":"2024-01-01T23:23:18.433Z","iobWithZeroTemp":{"iob":-0.357,"basaliob":-0.372,"bolussnooze":0,"activity":-0.0041,"lastBolusTime":1704136117361,"time":"2024-01-01T23:23:18.433Z"}},{"iob":0.01,"basaliob":-0.003,"bolussnooze":0,"activity":3.0E-4,"lastBolusTime":1704136117361,"time":"2024-01-01T23:28:18.433Z","iobWithZeroTemp":{"iob":-0.357,"basaliob":-0.37,"bolussnooze":0,"activity":-0.0042,"lastBolusTime":1704136117361,"time":"2024-01-01T23:28:18.433Z"}},{"iob":0.009,"basaliob":-0.002,"bolussnooze":0,"activity":3.0E-4,"lastBolusTime":1704136117361,"time":"2024-01-01T23:33:18.433Z","iobWithZeroTemp":{"iob":-0.357,"basaliob":-0.368,"bolussnooze":0,"activity":-0.0041,"lastBolusTime":1704136117361,"time":"2024-01-01T23:33:18.433Z"}},{"iob":0.007,"basaliob":-0.002,"bolussnooze":0,"activity":2.0E-4,"lastBolusTime":1704136117361,"time":"2024-01-01T23:38:18.433Z","iobWithZeroTemp":{"iob":-0.358,"basaliob":-0.367,"bolussnooze":0,"activity":-0.0042,"lastBolusTime":1704136117361,"time":"2024-01-01T23:38:18.433Z"}}],"profile":{"max_iob":10,"type":"current","max_daily_basal":0.35,"max_basal":1.05,"min_bg":75,"max_bg":75,"target_bg":75,"carb_ratio":8.8,"sens":120,"max_daily_safety_multiplier":3,"current_basal_safety_multiplier":4,"lgsThreshold":95,"high_temptarget_raises_sensitivity":true,"low_temptarget_lowers_sensitivity":true,"sensitivity_raises_target":true,"resistance_lowers_target":true,"adv_target_adjustments":false,"exercise_mode":false,"half_basal_exercise_target":160,"maxCOB":120,"skip_neutral_temps":false,"remainingCarbsCap":90,"enableUAM":true,"A52_risk_enable":false,"SMBInterval":6,"enableSMB_with_COB":true,"enableSMB_with_temptarget":false,"allowSMB_with_high_temptarget":false,"enableSMB_always":false,"enableSMB_after_carbs":true,"maxSMBBasalMinutes":45,"maxUAMSMBBasalMinutes":40,"bolus_increment":0.05,"carbsReqThreshold":2,"current_basal":0.35,"temptargetSet":true,"autosens_max":1.3,"autosens_min":0.7,"variable_sens":134.3,"insulinDivisor":75,"TDD":12.557677904761906},"autosens_data":{"ratio":0.6974209334143255},"meal_data":{"carbs":10,"mealCOB":4.093733333333334,"slopeFromMaxDeviation":-1.1678333333333335,"slopeFromMinDeviation":2.7265,"lastBolusTime":1704136117361,"lastCarbTime":1704135232393},"microBolusAllowed":true,"currentTime":1704138200187,"flatBGsDetected":false,"tdd1D":14.612499999999995,"tdd7D":16.776095238095234,"tddLast24H":11.7,"tddLast4H":2.8041666666666667,"tddLast8to4H":2.1625},"output":{"temp":"absolute","bg":143,"tick":0,"eventualBG":39,"targetBG":75,"insulinReq":0,"deliverAt":"2024-01-01T19:43:20.187Z","sensitivityRatio":1.3,"variable_sens":134.3,"predBGs":{"IOB":[143,142,139,136,133,128,123,117,110,103,95,86,76,66,55,44,39],"ZT":[143,131,119,106,93,79,65,49,39,39,39,39,39,39,39,39,39,39,39,39,39,39,39,39,39,39,39,39,39,39,39,39,39,39,39,39,39,39,39,39,39,39,39,39,39,39,39,39],"COB":[143,141,139,136,132,128,123,117,111,105,97,90,83,76,70,64,59,54,49,45,41,39],"UAM":[143,141,139,135,130,125,118,110,101,91,81,69,58,45,39]},"reason":"COB: 4.1, Dev: 68, BGI: -12, ISF: 134, CR: 8.8, Target: 75, minPredBG -77, minGuardBG -77, IOBpredBG 39, COBpredBG 39, UAMpredBG 39; minGuardBG -77<95","COB":4.093733333333334,"IOB":1.414,"duration":120,"rate":0,"timestamp":"2024-01-01T19:43:20.218Z"}}