{"algorithm":"OpenAPSSMBDynamicISFPlugin","input":{"glucoseStatus":{"glucose":86,"noise":0,"delta":1.72,"short_avgdelta":1.72,"long_avgdelta":2.29,"date":1704099472000},"currenttemp":{"temp":"absolute","duration":0,"rate":0},"iob_data":[{"iob":-0.273,"basaliob":-0.273,"bolussnooze":0,"activity":-0.0029,"lastBolusTime":0,"time":"2024-01-01T08:58:16.337Z","iobWithZeroTemp":{"iob":-0.273,"basaliob":-0.273,"bolussnooze":0,"activity":-0.0029,"lastBolusTime":0,"time":"2024-01-01T08:58:16.337Z"}},{"iob":-0.259,"basaliob":-0.259,"bolussnooze":0,"activity":-0.003,"lastBolusTime":0,"time":"2024-01-01T09:03:16.337Z","iobWithZeroTemp":{"iob":-0.276,"basaliob":-0.276,"bolussnooze":0,"activity":-0.003,"lastBolusTime":0,"time":"2024-01-01T09:03:16.337Z"}},{"iob":-0.244,"basaliob":-0.244,"bolussnooze":0,"activity":-0.003,"lastBolusTime":0,"time":"2024-01-01T09:08:16.337Z","iobWithZeroTemp":{"iob":-0.281,"basaliob":-0.281,"bolussnooze":0,"activity":-0.0031,"lastBolusTime":0,"time":"2024-01-01T09:08:16.337Z"}},{"iob":-0.229,"basaliob":-0.229,"bolussnooze":0,"activity":-0.0029,"lastBolusTime":0,"time":"2024-01-01T09:13:16.337Z","iobWithZeroTemp":{"iob":-0.287,"basaliob":-0.287,"bolussnooze":0,"activity":-0.0031,"lastBolusTime":0,"time":"2024-01-01T09:13:16.337Z"}},{"iob":-0.214,"basaliob":-0.214,"bolussnooze":0,"activity":-0.0029,"lastBolusTime":0,"time":"2024-01-01T09:18:16.337Z","iobWithZeroTemp":{"iob":-0.291,"basaliob":-0.291,"bolussnooze":0,"activity":-0.0032,"lastBolusTime":0,"time":"2024-01-01T09:18:16.337Z"}},{"iob":-0.2,"basaliob":-0.2,"bolussnooze":0,"activity":-0.0028,"lastBolusTime":0,"time":"2024-01-01T09:23:16.337Z","iobWithZeroTemp":{"iob":-0.296,"basaliob":-0.296,"bolussnooze":0,"activity":-0.0032,"lastBolusTime":0,"time":"2024-01-01T09:23:16.337Z"}},{"iob":-0.186,"basaliob":-0.186,"bolussnooze":0,"activity":-0.0027,"lastBolusTime":0,"time":"2024-01-01T09:28:16.337Z","iobWithZeroTemp":{"iob":-0.3,"basaliob":-0.3,"bolussnooze":0,"activity":-0.0033,"lastBolusTime":0,"time":"2024-01-01T09:28:16.337Z"}},{"iob":-0.173,"basaliob":-0.173,"bolussnooze":0,"activity":-0.0026,"lastBolusTime":0,"time":"2024-01-01T09:33:16.337Z","iobWithZeroTemp":{"iob":-0.305,"basaliob":-0.305,"bolussnooze":0,"activity":-0.0034,"lastBolusTime":0,"time":"2024-01-01T09:33:16.337Z"}},{"iob":-0.161,"basaliob":-0.161,"bolussnooze":0,"activity":-0.0025,"lastBolusTime":0,"time":"2024-01-01T09:38:16.337Z","iobWithZeroTemp":{"iob":-0.31,"basaliob":-0.31,"bolussnooze":0,"activity":-0.0034,"lastBolusTime":0,"time":"2024-01-01T09:38:16.337Z"}},{"iob":-0.148,"basaliob":-0.148,"bolussnooze":0,"activity":-0.0023,"lastBolusTime":0,"time":"2024-01-01T09:43:16.337Z","iobWithZeroTemp":{"iob":-0.312,"basaliob":-0.312,"bolussnooze":0,"activity":-0.0034,"lastBolusTime":0,"time":"2024-01-01T09:43:16.337Z"}},{"iob":-0.137,"basaliob":-0.137,"bolussnooze":0,"activity":-0.0022,"lastBolusTime":0,"time":"2024-01-01T09:48:16.337Z","iobWithZeroTemp":{"iob":-0.316,"basaliob":-0.316,"bolussnooze":0,"activity":-0.0035,"lastBolusTime":0,"time":"2024-01-01T09:48:16.337Z"}},{"iob":-0.126,"basaliob":-0.126,"bolussnooze":0,"activity":-0.0021,"lastBolusTime":0,"time":"2024-01-01T09:53:16.337Z","iobWithZeroTemp":{"iob":-0.319,"basaliob":-0.319,"bolussnooze":0,"activity":-0.0036,"lastBolusTime":0,"time":"2024-01-01T09:53:16.337Z"}},{"iob":-0.116,"basaliob":-0.116,"bolussnooze":0,"activity":-0.002,"lastBolusTime":0,"time":"2024-01-01T09:58:16.337Z","iobWithZeroTemp":{"iob":-0.322,"basaliob":-0.322,"bolussnooze":0,"activity":-0.0036,"lastBolusTime":0,"time":"2024-01-01T09:58:16.337Z"}},{"iob":-0.107,"basaliob":-0.107,"bolussnooze":0,"activity":-0.0018,"lastBolusTime":0,"time":"2024-01-01T10:03:16.337Z","iobWithZeroTemp":{"iob":-0.321,"basaliob":-0.321,"bolussnooze":0,"activity":-0.0036,"lastBolusTime":0,"time":"2024-01-01T10:03:16.337Z"}},{"iob":-0.098,"basaliob":-0.098,"bolussnooze":0,"activity":-0.0017,"lastBolusTime":0,"time":"2024-01-01T10:08:16.337Z","iobWithZeroTemp":{"iob":-0.32,"basaliob":-0.32,"bolussnooze":0,"activity":-0.0037,"lastBolusTime":0,"time":"2024-01-01T10:08:16.337Z"}},{"iob":-0.089,"basaliob":-0.089,"bolussnooze":0,"activity":-0.0016,"lastBolusTime":0,"time":"2024-01-01T10:13:16.337Z","iobWithZeroTemp":{"iob":-0.317,"basaliob":-0.317,"bolussnooze":0,"activity":-0.0037,"lastBolusTime":0,"time":"2024-01-01T10:13:16.337Z"}},{"iob":-0.082,"basaliob":-0.082,"bolussnooze":0,"activity":-0.0015,"lastBolusTime":0,"time":"2024-01-01T10:18:16.337Z","iobWithZeroTemp":{"iob":-0.316,"basaliob":-0.316,"bolussnooze":0,"activity":-0.0037,"lastBolusTime":0,"time":"2024-01-01T10:18:16.337Z"}},{"iob":-0.074,"basaliob":-0.074,"bolussnooze":0,"activity":-0.0014,"lastBolusTime":0,"time":"2024-01-01T10:23:16.337Z","iobWithZeroTemp":{"iob":-0.313,"basaliob":-0.313,"bolussnooze":0,"activity":-0.0037,"lastBolusTime":0,"time":"2024-01-01T10:23:16.337Z"}},{"iob":-0.068,"basaliob":-0.068,"bolussnooze":0,"activity":-0.0013,"lastBolusTime":0,"time":"2024-01-01T10:28:16.337Z","iobWithZeroTemp":{"iob":-0.312,"basaliob":-0.312,"bolussnooze":0,"activity":-0.0037,"lastBolusTime":0,"time":"2024-01-01T10:28:16.337Z"}},{"iob":-0.061,"basaliob":-0.061,"bolussnooze":0,"activity":-0.0012,"lastBolusTime":0,"time":"2024-01-01T10:33:16.337Z","iobWithZeroTemp":{"iob":-0.31,"basaliob":-0.31,"bolussnooze":0,"activity":-0.0037,"lastBolusTime":0,"time":"2024-01-01T10:33:16.337Z"}},{"iob":-0.056,"basaliob":-0.056,"bolussnooze":0,"activity":-0.0011,"lastBolusTime":0,"time":"2024-01-01T10:38:16.337Z","iobWithZeroTemp":{"iob":-0.308,"basaliob":-0.308,"bolussnooze":0,"activity":-0.0037,"lastBolusTime":0,"time":"2024-01-01T10:38:16.337Z"}},{"iob":-0.051,"basaliob":-0.051,"bolussnooze":0,"activity":-0.001,"lastBolusTime":0,"time":"2024-01-01T10:43:16.337Z","iobWithZeroTemp":{"iob":-0.307,"basaliob":-0.307,"bolussnooze":0,"activity":-0.0037,"lastBolusTime":0,"time":"2024-01-01T10:43:16.337Z"}},{"iob":-0.046,"basaliob":-0.046,"bolussnooze":0,"activity":-9.0E-4,"lastBolusTime":0,"time":"2024-01-01T10:48:16.337Z","iobWithZeroTemp":{"iob":-0.305,"basaliob":-0.305,"bolussnooze":0,"activity":-0.0037,"lastBolusTime":0,"time":"2024-01-01T10:48:16.337Z"}},{"iob":-0.041,"basaliob":-0.041,"bolussnooze":0,"activity":-8.0E-4,"lastBolusTime":0,"time":"2024-01-01T10:53:16.337Z","iobWithZeroTemp":{"iob":-0.303,"basaliob":-0.303,"bolussnooze":0,"activity":-0.0036,"lastBolusTime":0,"time":"2024-01-01T10:53:16.337Z"}},{"iob":-0.037,"basaliob":-0.037,"bolussnooze":0,"activity":-8.0E-4,"lastBolusTime":0,"time":"2024-01-01T10:58:16.337Z","iobWithZeroTemp":{"iob":-0.301,"basaliob":-0.301,"bolussnooze":0,"activity":-0.0037,"lastBolusTime":0,"time":"2024-01-01T10:58:16.337Z"}},{"iob":-0.034,"basaliob":-0.034,"bolussnooze":0,"activity":-7.0E-4,"lastBolusTime":0,"time":"2024-01-01T11:03:16.337Z","iobWithZeroTemp":{"iob":-0.304,"basaliob":-0.304,"bolussnooze":0,"activity":-0.0036,"lastBolusTime":0,"time":"2024-01-01T11:03:16.337Z"}},{"iob":-0.03,"basaliob":-0.03,"bolussnooze":0,"activity":-6.0E-4,"lastBolusTime":0,"time":"2024-01-01T11:08:16.337Z","iobWithZeroTemp":{"iob":-0.306,"basaliob":-0.306,"bolussnooze":0,"activity":-0.0036,"lastBolusTime":0,"time":"2024-01-01T11:08:16.337Z"}},{"iob":-0.027,"basaliob":-0.027,"bolussnooze":0,"activity":-6.0E-4,"lastBolusTime":0,"time":"2024-01-01T11:13:16.337Z","iobWithZeroTemp":{"iob":-0.309,"basaliob":-0.309,"bolussnooze":0,"activity":-0.0037,"lastBolusTime":0,"time":"2024-01-01T11:13:16.337Z"}},{"iob":-0.024,"basaliob":-0.024,"bolussnooze":0,"activity":-5.0E-4,"lastBolusTime":0,"time":"2024-01-01T11:18:16.337Z","iobWithZeroTemp":{"iob":-0.311,"basaliob":-0.311,"bolussnooze":0,"activity":-0.0036,"lastBolusTime":0,"time":"2024-01-01T11:18:16.337Z"}},{"iob":-0.022,"basaliob":-0.022,"bolussnooze":0,"activity":-5.0E-4,"lastBolusTime":0,"time":"2024-01-01T11:23:16.337Z","iobWithZeroTemp":{"iob":-0.315,"basaliob":-0.315,"bolussnooze":0,"activity":-0.0037,"lastBolusTime":0,"time":"2024-01-01T11:23:16.337Z"}},{"iob":-0.019,"basaliob":-0.019,"bolussnooze":0,"activity":-4.0E-4,"lastBolusTime":0,"time":"2024-01-01T11:28:16.337Z","iobWithZeroTemp":{"iob":-0.316,"basaliob":-0.316,"bolussnooze":0,"activity":-0.0036,"lastBolusTime":0,"time":"2024-01-01T11:28:16.337Z"}},{"iob":-0.017,"basaliob":-0.017,"bolussnooze":0,"activity":-4.0E-4,"lastBolusTime":0,"time":"2024-01-01T11:33:16.337Z","iobWithZeroTemp":{"iob":-0.319,"basaliob":-0.319,"bolussnooze":0,"activity":-0.0037,"lastBolusTime":0,"time":"2024-01-01T11:33:16.337Z"}},{"iob":-0.015,"basaliob":-0.015,"bolussnooze":0,"activity":-4.0E-4,"lastBolusTime":0,"time":"2024-01-01T11:38:16.337Z","iobWithZeroTemp":{"iob":-0.321,"basaliob":-0.321,"bolussnooze":0,"activity":-0.0038,"lastBolusTime":0,"time":"2024-01-01T11:38:16.337Z"}},{"iob":-0.014,"basaliob":-0.014,"bolussnooze":0,"activity":-3.0E-4,"lastBolusTime":0,"time":"2024-01-01T11:43:16.337Z","iobWithZeroTemp":{"iob":-0.324,"basaliob":-0.324,"bolussnooze":0,"activity":-0.0037,"lastBolusTime":0,"time":"2024-01-01T11:43:16.337Z"}},{"iob":-0.012,"basaliob":-0.012,"bolussnooze":0,"activity":-3.0E-4,"lastBolusTime":0,"time":"2024-01-01T11:48:16.337Z","iobWithZeroTemp":{"iob":-0.325,"basaliob":-0.325,"bolussnooze":0,"activity":-0.0038,"lastBolusTime":0,"time":"2024-01-01T11:48:16.337Z"}},{"iob":-0.011,"basaliob":-0.011,"bolussnooze":0,"activity":-3.0E-4,"lastBolusTime":0,"time":"2024-01-01T11:53:16.337Z","iobWithZeroTemp":{"iob":-0.328,"basaliob":-0.328,"bolussnooze":0,"activity":-0.0038,"lastBolusTime":0,"time":"2024-01-01T11:53:16.337Z"}},{"iob":-0.009,"basaliob":-0.009,"bolussnooze":0,"activity":-2.0E-4,"lastBolusTime":0,"time":"2024-01-01T11:58:16.337Z","iobWithZeroTemp":{"iob":-0.329,"basaliob":-0.329,"bolussnooze":0,"activity":-0.0038,"lastBolusTime":0,"time":"2024-01-01T11:58:16.337Z"}},{"iob":-0.008,"basaliob":-0.008,"bolussnooze":0,"activity":-2.0E-4,"lastBolusTime":0,"time":"2024-01-01T12:03:16.337Z","iobWithZeroTemp":{"iob":-0.331,"basaliob":-0.331,"bolussnooze":0,"activity":-0.0038,"lastBolusTime":0,"time":"2024-01-01T12:03:16.337Z"}},{"iob":-0.007,"basaliob":-0.007,"bolussnooze":0,"activity":-2.0E-4,"lastBolusTime":0,"time":"2024-01-01T12:08:16.337Z","iobWithZeroTemp":{"iob":-0.332,"basaliob":-0.332,"bolussnooze":0,"activity":-0.0039,"lastBolusTime":0,"time":"2024-01-01T12:08:16.337Z"}},{"iob":-0.006,"basaliob":-0.006,"bolussnooze":0,"activity":-2.0E-4,"lastBolusTime":0,"time":"2024-01-01T12:13:16.337Z","iobWithZeroTemp":{"iob":-0.334,"basaliob":-0.334,"bolussnooze":0,"activity":-0.0039,"lastBolusTime":0,"time":"2024-01-01T12:13:16.337Z"}},{"iob":-0.006,"basaliob":-0.006,"bolussnooze":0,"activity":-2.0E-4,"lastBolusTime":0,"time":"2024-01-01T12:18:16.337Z","iobWithZeroTemp":{"iob":-0.336,"basaliob":-0.336,"bolussnooze":0,"activity":-0.0039,"lastBolusTime":0,"time":"2024-01-01T12:18:16.337Z"}},{"iob":-0.005,"basaliob":-0.005,"bolussnooze":0,"activity":-1.0E-4,"lastBolusTime":0,"time":"2024-01-01T12:23:16.337Z","iobWithZeroTemp":{"iob":-0.337,"basaliob":-0.337,"bolussnooze":0,"activity":-0.0039,"lastBolusTime":0,"time":"2024-01-01T12:23:16.337Z"}},{"iob":-0.004,"basaliob":-0.004,"bolussnooze":0,"activity":-1.0E-4,"lastBolusTime":0,"time":"2024-01-01T12:28:16.337Z","iobWithZeroTemp":{"iob":-0.338,"basaliob":-0.338,"bolussnooze":0,"activity":-0.0039,"lastBolusTime":0,"time":"2024-01-01T12:28:16.337Z"}},{"iob":-0.004,"basaliob":-0.004,"bolussnooze":0,"activity":-1.0E-4,"lastBolusTime":0,"time":"2024-01-01T12:33:16.337Z","iobWithZeroTemp":{"iob":-0.34,"basaliob":-0.34,"bolussnooze":0,"activity":-0.0039,"lastBolusTime":0,"time":"2024-01-01T12:33:16.337Z"}},{"iob":-0.003,"basaliob":-0.003,"bolussnooze":0,"activity":-1.0E-4,"lastBolusTime":0,"time":"2024-01-01T12:38:16.337Z","iobWithZeroTemp":{"iob":-0.34,"basaliob":-0.34,"bolussnooze":0,"activity":-0.004,"lastBolusTime":0,"time":"2024-01-01T12:38:16.337Z"}},{"iob":-0.003,"basaliob":-0.003,"bolussnooze":0,"activity":-1.0E-4,"lastBolusTime":0,"time":"2024-01-01T12:43:16.337Z","iobWithZeroTemp":{"iob":-0.342,"basaliob":-0.342,"bolussnooze":0,"activity":-0.004,"lastBolusTime":0,"time":"2024-01-01T12:43:16.337Z"}},{"iob":-0.002,"basaliob":-0.002,"bolussnooze":0,"activity":-1.0E-4,"lastBolusTime":0,"time":"2024-01-01T12:48:16.337Z","iobWithZeroTemp":{"iob":-0.342,"basaliob":-0.342,"bolussnooze":0,"activity":-0.004,"lastBolusTime":0,"time":"2024-01-01T12:48:16.337Z"}},{"iob":-0.002,"basaliob":-0.002,"bolussnooze":0,"activity":-1.0E-4,"lastBolusTime":0,"time":"2024-01-01T12:53:16.337Z","iobWithZeroTemp":{"iob":-0.343,"basaliob":-0.343,"bolussnooze":0,"activity":-0.004,"lastBolusTime":0,"time":"2024-01-01T12:53:16.337Z"}}],"profile":{"max_iob":10,"type":"current","max_daily_basal":0.35,"max_basal":1.05,"min_bg":130,"max_bg":130,"target_bg":130,"carb_ratio":8.8,"sens":110,"max_daily_safety_multiplier":3,"current_basal_safety_multiplier":4,"lgsThreshold":95,"high_temptarget_raises_sensitivity":true,"low_temptarget_lowers_sensitivity":true,"sensitivity_raises_target":true,"resistance_lowers_target":true,"adv_target_adjustments":false,"exercise_mode":false,"half_basal_exercise_target":160,"maxCOB":120,"skip_neutral_temps":false,"remainingCarbsCap":90,"enableUAM":true,"A52_risk_enable":false,"SMBInterval":6,"enableSMB_with_COB":true,"enableSMB_with_temptarget":true,"allowSMB_with_high_temptarget":false,"enableSMB_always":false,"enableSMB_after_carbs":true,"maxSMBBasalMinutes":30,"maxUAMSMBBasalMinutes":45,"bolus_increment":0.05,"carbsReqThreshold":2,"current_basal":0.3,"temptargetSet":true,"autosens_max":1.3,"autosens_min":0.7,"variable_sens":240.9,"insulinDivisor":75,"TDD":9.783037904761905},"autosens_data":{"ratio":0.6954339791880738},"meal_data":{"carbs":0,"mealCOB":0,"slopeFromMaxDeviation":-0.388,"slopeFromMinDeviation":0.712,"lastBolusTime":1704071612530,"lastCarbTime":0},"microBolusAllowed":true,"currentTime":1704099498549,"flatBGsDetected":false,"tdd1D":14.612499999999995,"tdd7D":16.776095238095234,"tddLast24H":11.666666666666664,"tddLast4H":0.7250000000000001,"tddLast8to4H":1.175},"output":{"temp":"absolute","bg":86,"tick":"+2","eventualBG":145,"targetBG":130,"insulinReq":0,"deliverAt":"2024-01-01T08:58:18.549Z","sensitivityRatio":0.67,"variable_sens":240.9,"predBGs":{"IOB":[86,88,90,92,94,96,99,101,103,105,107,109,112,114,115,117,119,120,122,123,124,125,126,127,127,128,129,129,130,130,131,131,132,132,132,132,133,133,133,133,133,134],"ZT":[86,89,93,97,100,103,107,110,114,117,120,124,127]},"reason":"COB: 0, Dev: -7, BGI: 3, ISF: 241, CR: 8.8, Target: 130, minPredBG 122, minGuardBG 88, IOBpredBG 134; minGuardBG 88<95","COB":0,"IOB":-0.273,"duration":30,"rate":0,"timestamp":"2024-01-01T08:58:18.623Z"}}