{"algorithm":"OpenAPSSMBDynamicISFPlugin","input":{"glucoseStatus":{"glucose":75,"noise":0,"delta":-3.83,"short_avgdelta":-3.83,"long_avgdelta":-4.04,"date":1704229074000},"currenttemp":{"temp":"absolute","duration":110,"rate":0,"minutesrunning":10},"iob_data":[{"iob":0.34,"basaliob":-0.42,"bolussnooze":0.0688,"activity":0.0081,"lastBolusTime":1704227602777,"time":"2024-01-02T20:58:22.373Z","iobWithZeroTemp":{"iob":0.34,"basaliob":-0.42,"bolussnooze":0.0688,"activity":0.0081,"lastBolusTime":1704227602777,"time":"2024-01-02T20:58:22.373Z"}},{"iob":0.302,"basaliob":-0.398,"bolussnooze":0.0537,"activity":0.0072,"lastBolusTime":1704227602777,"time":"2024-01-02T21:03:22.373Z","iobWithZeroTemp":{"iob":0.282,"basaliob":-0.418,"bolussnooze":0.0537,"activity":0.0072,"lastBolusTime":1704227602777,"time":"2024-01-02T21:03:22.373Z"}},{"iob":0.268,"basaliob":-0.375,"bolussnooze":0.0415,"activity":0.0065,"lastBolusTime":1704227602777,"time":"2024-01-02T21:08:22.373Z","iobWithZeroTemp":{"iob":0.223,"basaliob":-0.42,"bolussnooze":0.0415,"activity":0.0064,"lastBolusTime":1704227602777,"time":"2024-01-02T21:08:22.373Z"}},{"iob":0.237,"basaliob":-0.353,"bolussnooze":0.0317,"activity":0.0058,"lastBolusTime":1704227602777,"time":"2024-01-02T21:13:22.373Z","iobWithZeroTemp":{"iob":0.168,"basaliob":-0.422,"bolussnooze":0.0317,"activity":0.0056,"lastBolusTime":1704227602777,"time":"2024-01-02T21:13:22.373Z"}},{"iob":0.21,"basaliob":-0.33,"bolussnooze":0.0239,"activity":0.0052,"lastBolusTime":1704227602777,"time":"2024-01-02T21:18:22.373Z","iobWithZeroTemp":{"iob":0.117,"basaliob":-0.423,"bolussnooze":0.0239,"activity":0.0048,"lastBolusTime":1704227602777,"time":"2024-01-02T21:18:22.373Z"}},{"iob":0.185,"basaliob":-0.309,"bolussnooze":0.0178,"activity":0.0046,"lastBolusTime":1704227602777,"time":"2024-01-02T21:23:22.373Z","iobWithZeroTemp":{"iob":0.07,"basaliob":-0.424,"bolussnooze":0.0178,"activity":0.0041,"lastBolusTime":1704227602777,"time":"2024-01-02T21:23:22.373Z"}},{"iob":0.163,"basaliob":-0.288,"bolussnooze":0.0129,"activity":0.0042,"lastBolusTime":1704227602777,"time":"2024-01-02T21:28:22.373Z","iobWithZeroTemp":{"iob":0.026,"basaliob":-0.425,"bolussnooze":0.0129,"activity":0.0035,"lastBolusTime":1704227602777,"time":"2024-01-02T21:28:22.373Z"}},{"iob":0.143,"basaliob":-0.267,"bolussnooze":0.0092,"activity":0.0037,"lastBolusTime":1704227602777,"time":"2024-01-02T21:33:22.373Z","iobWithZeroTemp":{"iob":-0.015,"basaliob":-0.425,"bolussnooze":0.0092,"activity":0.0028,"lastBolusTime":1704227602777,"time":"2024-01-02T21:33:22.373Z"}},{"iob":0.125,"basaliob":-0.248,"bolussnooze":0.0064,"activity":0.0033,"lastBolusTime":1704227602777,"time":"2024-01-02T21:38:22.373Z","iobWithZeroTemp":{"iob":-0.053,"basaliob":-0.426,"bolussnooze":0.0064,"activity":0.0022,"lastBolusTime":1704227602777,"time":"2024-01-02T21:38:22.373Z"}},{"iob":0.109,"basaliob":-0.23,"bolussnooze":0.0043,"activity":0.003,"lastBolusTime":1704227602777,"time":"2024-01-02T21:43:22.373Z","iobWithZeroTemp":{"iob":-0.088,"basaliob":-0.427,"bolussnooze":0.0043,"activity":0.0017,"lastBolusTime":1704227602777,"time":"2024-01-02T21:43:22.373Z"}},{"iob":0.096,"basaliob":-0.212,"bolussnooze":0.0027,"activity":0.0027,"lastBolusTime":1704227602777,"time":"2024-01-02T21:48:22.373Z","iobWithZeroTemp":{"iob":-0.119,"basaliob":-0.427,"bolussnooze":0.0027,"activity":0.0011,"lastBolusTime":1704227602777,"time":"2024-01-02T21:48:22.373Z"}},{"iob":0.084,"basaliob":-0.195,"bolussnooze":0.0016,"activity":0.0024,"lastBolusTime":1704227602777,"time":"2024-01-02T21:53:22.373Z","iobWithZeroTemp":{"iob":-0.148,"basaliob":-0.427,"bolussnooze":0.0016,"activity":6.0E-4,"lastBolusTime":1704227602777,"time":"2024-01-02T21:53:22.373Z"}},{"iob":0.072,"basaliob":-0.18,"bolussnooze":9.0E-4,"activity":0.0021,"lastBolusTime":1704227602777,"time":"2024-01-02T21:58:22.373Z","iobWithZeroTemp":{"iob":-0.175,"basaliob":-0.427,"bolussnooze":9.0E-4,"activity":1.0E-4,"lastBolusTime":1704227602777,"time":"2024-01-02T21:58:22.373Z"}},{"iob":0.062,"basaliob":-0.165,"bolussnooze":4.0E-4,"activity":0.0019,"lastBolusTime":1704227602777,"time":"2024-01-02T22:03:22.373Z","iobWithZeroTemp":{"iob":-0.196,"basaliob":-0.423,"bolussnooze":4.0E-4,"activity":-3.0E-4,"lastBolusTime":1704227602777,"time":"2024-01-02T22:03:22.373Z"}},{"iob":0.054,"basaliob":-0.151,"bolussnooze":1.0E-4,"activity":0.0016,"lastBolusTime":1704227602777,"time":"2024-01-02T22:08:22.373Z","iobWithZeroTemp":{"iob":-0.213,"basaliob":-0.418,"bolussnooze":1.0E-4,"activity":-7.0E-4,"lastBolusTime":1704227602777,"time":"2024-01-02T22:08:22.373Z"}},{"iob":0.046,"basaliob":-0.138,"bolussnooze":0,"activity":0.0014,"lastBolusTime":1704227602777,"time":"2024-01-02T22:13:22.373Z","iobWithZeroTemp":{"iob":-0.23,"basaliob":-0.414,"bolussnooze":0,"activity":-0.0011,"lastBolusTime":1704227602777,"time":"2024-01-02T22:13:22.373Z"}},{"iob":0.04,"basaliob":-0.126,"bolussnooze":0,"activity":0.0013,"lastBolusTime":1704227602777,"time":"2024-01-02T22:18:22.373Z","iobWithZeroTemp":{"iob":-0.244,"basaliob":-0.41,"bolussnooze":0,"activity":-0.0014,"lastBolusTime":1704227602777,"time":"2024-01-02T22:18:22.373Z"}},{"iob":0.033,"basaliob":-0.115,"bolussnooze":0,"activity":0.0012,"lastBolusTime":1704227602777,"time":"2024-01-02T22:23:22.373Z","iobWithZeroTemp":{"iob":-0.258,"basaliob":-0.406,"bolussnooze":0,"activity":-0.0016,"lastBolusTime":1704227602777,"time":"2024-01-02T22:23:22.373Z"}},{"iob":0.028,"basaliob":-0.105,"bolussnooze":0,"activity":0.001,"lastBolusTime":1704227602777,"time":"2024-01-02T22:28:22.373Z","iobWithZeroTemp":{"iob":-0.27,"basaliob":-0.403,"bolussnooze":0,"activity":-0.0019,"lastBolusTime":1704227602777,"time":"2024-01-02T22:28:22.373Z"}},{"iob":0.024,"basaliob":-0.095,"bolussnooze":0,"activity":9.0E-4,"lastBolusTime":1704227602777,"time":"2024-01-02T22:33:22.373Z","iobWithZeroTemp":{"iob":-0.28,"basaliob":-0.399,"bolussnooze":0,"activity":-0.0022,"lastBolusTime":1704227602777,"time":"2024-01-02T22:33:22.373Z"}},{"iob":0.019,"basaliob":-0.087,"bolussnooze":0,"activity":7.0E-4,"lastBolusTime":1704227602777,"time":"2024-01-02T22:38:22.373Z","iobWithZeroTemp":{"iob":-0.29,"basaliob":-0.396,"bolussnooze":0,"activity":-0.0025,"lastBolusTime":1704227602777,"time":"2024-01-02T22:38:22.373Z"}},{"iob":0.016,"basaliob":-0.078,"bolussnooze":0,"activity":6.0E-4,"lastBolusTime":1704227602777,"time":"2024-01-02T22:43:22.373Z","iobWithZeroTemp":{"iob":-0.298,"basaliob":-0.392,"bolussnooze":0,"activity":-0.0027,"lastBolusTime":1704227602777,"time":"2024-01-02T22:43:22.373Z"}},{"iob":0.013,"basaliob":-0.071,"bolussnooze":0,"activity":6.0E-4,"lastBolusTime":1704227602777,"time":"2024-01-02T22:48:22.373Z","iobWithZeroTemp":{"iob":-0.305,"basaliob":-0.389,"bolussnooze":0,"activity":-0.0028,"lastBolusTime":1704227602777,"time":"2024-01-02T22:48:22.373Z"}},{"iob":0.01,"basaliob":-0.064,"bolussnooze":0,"activity":5.0E-4,"lastBolusTime":1704227602777,"time":"2024-01-02T22:53:22.373Z","iobWithZeroTemp":{"iob":-0.312,"basaliob":-0.386,"bolussnooze":0,"activity":-0.0029,"lastBolusTime":1704227602777,"time":"2024-01-02T22:53:22.373Z"}},{"iob":0.008,"basaliob":-0.058,"bolussnooze":0,"activity":4.0E-4,"lastBolusTime":1704227602777,"time":"2024-01-02T22:58:22.373Z","iobWithZeroTemp":{"iob":-0.317,"basaliob":-0.383,"bolussnooze":0,"activity":-0.0031,"lastBolusTime":1704227602777,"time":"2024-01-02T22:58:22.373Z"}},{"iob":0.006,"basaliob":-0.052,"bolussnooze":0,"activity":4.0E-4,"lastBolusTime":1704227602777,"time":"2024-01-02T23:03:22.373Z","iobWithZeroTemp":{"iob":-0.322,"basaliob":-0.38,"bolussnooze":0,"activity":-0.0032,"lastBolusTime":1704227602777,"time":"2024-01-02T23:03:22.373Z"}},{"iob":0.004,"basaliob":-0.047,"bolussnooze":0,"activity":3.0E-4,"lastBolusTime":1704227602777,"time":"2024-01-02T23:08:22.373Z","iobWithZeroTemp":{"iob":-0.327,"basaliob":-0.378,"bolussnooze":0,"activity":-0.0033,"lastBolusTime":1704227602777,"time":"2024-01-02T23:08:22.373Z"}},{"iob":0.003,"basaliob":-0.042,"bolussnooze":0,"activity":3.0E-4,"lastBolusTime":1704227602777,"time":"2024-01-02T23:13:22.373Z","iobWithZeroTemp":{"iob":-0.331,"basaliob":-0.376,"bolussnooze":0,"activity":-0.0034,"lastBolusTime":1704227602777,"time":"2024-01-02T23:13:22.373Z"}},{"iob":0.002,"basaliob":-0.038,"bolussnooze":0,"activity":3.0E-4,"lastBolusTime":1704227602777,"time":"2024-01-02T23:18:22.373Z","iobWithZeroTemp":{"iob":-0.334,"basaliob":-0.374,"bolussnooze":0,"activity":-0.0035,"lastBolusTime":1704227602777,"time":"2024-01-02T23:18:22.373Z"}},{"iob":0.001,"basaliob":-0.034,"bolussnooze":0,"activity":1.0E-4,"lastBolusTime":1704227602777,"time":"2024-01-02T23:23:22.373Z","iobWithZeroTemp":{"iob":-0.337,"basaliob":-0.372,"bolussnooze":0,"activity":-0.0037,"lastBolusTime":1704227602777,"time":"2024-01-02T23:23:22.373Z"}},{"iob":0,"basaliob":-0.03,"bolussnooze":0,"activity":1.0E-4,"lastBolusTime":1704227602777,"time":"2024-01-02T23:28:22.373Z","iobWithZeroTemp":{"iob":-0.339,"basaliob":-0.369,"bolussnooze":0,"activity":-0.0037,"lastBolusTime":1704227602777,"time":"2024-01-02T23:28:22.373Z"}},{"iob":-0.001,"basaliob":-0.027,"bolussnooze":0,"activity":1.0E-4,"lastBolusTime":1704227602777,"time":"2024-01-02T23:33:22.373Z","iobWithZeroTemp":{"iob":-0.342,"basaliob":-0.368,"bolussnooze":0,"activity":-0.0038,"lastBolusTime":1704227602777,"time":"2024-01-02T23:33:22.373Z"}},{"iob":-0.001,"basaliob":-0.024,"bolussnooze":0,"activity":1.0E-4,"lastBolusTime":1704227602777,"time":"2024-01-02T23:38:22.373Z","iobWithZeroTemp":{"iob":-0.343,"basaliob":-0.366,"bolussnooze":0,"activity":-0.0038,"lastBolusTime":1704227602777,"time":"2024-01-02T23:38:22.373Z"}},{"iob":-0.001,"basaliob":-0.021,"bolussnooze":0,"activity":1.0E-4,"lastBolusTime":1704227602777,"time":"2024-01-02T23:43:22.373Z","iobWithZeroTemp":{"iob":-0.344,"basaliob":-0.364,"bolussnooze":0,"activity":-0.0038,"lastBolusTime":1704227602777,"time":"2024-01-02T23:43:22.373Z"}},{"iob":-0.002,"basaliob":-0.019,"bolussnooze":0,"activity":0,"lastBolusTime":1704227602777,"time":"2024-01-02T23:48:22.373Z","iobWithZeroTemp":{"iob":-0.347,"basaliob":-0.364,"bolussnooze":0,"activity":-0.004,"lastBolusTime":1704227602777,"time":"2024-01-02T23:48:22.373Z"}},{"iob":-0.003,"basaliob":-0.017,"bolussnooze":0,"activity":1.0E-4,"lastBolusTime":1704227602777,"time":"2024-01-02T23:53:22.373Z","iobWithZeroTemp":{"iob":-0.348,"basaliob":-0.362,"bolussnooze":0,"activity":-0.0039,"lastBolusTime":1704227602777,"time":"2024-01-02T23:53:22.373Z"}},{"iob":-0.003,"basaliob":-0.015,"bolussnooze":0,"activity":0,"lastBolusTime":1704227602777,"time":"2024-01-02T23:58:22.373Z","iobWithZeroTemp":{"iob":-0.349,"basaliob":-0.361,"bolussnooze":0,"activity":-0.004,"lastBolusTime":1704227602777,"time":"2024-01-02T23:58:22.373Z"}},{"iob":-0.003,"basaliob":-0.013,"bolussnooze":0,"activity":0,"lastBolusTime":1704227602777,"time":"2024-01-03T00:03:22.373Z","iobWithZeroTemp":{"iob":-0.35,"basaliob":-0.36,"bolussnooze":0,"activity":-0.004,"lastBolusTime":1704227602777,"time":"2024-01-03T00:03:22.373Z"}},{"iob":-0.002,"basaliob":-0.011,"bolussnooze":0,"activity":0,"lastBolusTime":1704227602777,"time":"2024-01-03T00:08:22.373Z","iobWithZeroTemp":{"iob":-0.35,"basaliob":-0.359,"bolussnooze":0,"activity":-0.0041,"lastBolusTime":1704227602777,"time":"2024-01-03T00:08:22.373Z"}},{"iob":-0.003,"basaliob":-0.01,"bolussnooze":0,"activity":0,"lastBolusTime":1704227602777,"time":"2024-01-03T00:13:22.373Z","iobWithZeroTemp":{"iob":-0.351,"basaliob":-0.358,"bolussnooze":0,"activity":-0.0041,"lastBolusTime":1704227602777,"time":"2024-01-03T00:13:22.373Z"}},{"iob":-0.003,"basaliob":-0.009,"bolussnooze":0,"activity":0,"lastBolusTime":1704227602777,"time":"2024-01-03T00:18:22.373Z","iobWithZeroTemp":{"iob":-0.352,"basaliob":-0.358,"bolussnooze":0,"activity":-0.0041,"lastBolusTime":1704227602777,"time":"2024-01-03T00:18:22.373Z"}},{"iob":-0.003,"basaliob":-0.008,"bolussnooze":0,"activity":0,"lastBolusTime":1704227602777,"time":"2024-01-03T00:23:22.373Z","iobWithZeroTemp":{"iob":-0.352,"basaliob":-0.357,"bolussnooze":0,"activity":-0.0041,"lastBolusTime":1704227602777,"time":"2024-01-03T00:23:22.373Z"}},{"iob":-0.003,"basaliob":-0.007,"bolussnooze":0,"activity":0,"lastBolusTime":1704227602777,"time":"2024-01-03T00:28:22.373Z","iobWithZeroTemp":{"iob":-0.352,"basaliob":-0.356,"bolussnooze":0,"activity":-0.0041,"lastBolusTime":1704227602777,"time":"2024-01-03T00:28:22.373Z"}},{"iob":-0.003,"basaliob":-0.006,"bolussnooze":0,"activity":-1.0E-4,"lastBolusTime":1704227602777,"time":"2024-01-03T00:33:22.373Z","iobWithZeroTemp":{"iob":-0.353,"basaliob":-0.356,"bolussnooze":0,"activity":-0.0042,"lastBolusTime":1704227602777,"time":"2024-01-03T00:33:22.373Z"}},{"iob":-0.002,"basaliob":-0.005,"bolussnooze":0,"activity":0,"lastBolusTime":1704227602777,"time":"2024-01-03T00:38:22.373Z","iobWithZeroTemp":{"iob":-0.352,"basaliob":-0.355,"bolussnooze":0,"activity":-0.0041,"lastBolusTime":1704227602777,"time":"2024-01-03T00:38:22.373Z"}},{"iob":-0.002,"basaliob":-0.004,"bolussnooze":0,"activity":0,"lastBolusTime":1704227602777,"time":"2024-01-03T00:43:22.373Z","iobWithZeroTemp":{"iob":-0.352,"basaliob":-0.354,"bolussnooze":0,"activity":-0.0041,"lastBolusTime":1704227602777,"time":"2024-01-03T00:43:22.373Z"}},{"iob":-0.002,"basaliob":-0.004,"bolussnooze":0,"activity":0,"lastBolusTime":1704227602777,"time":"2024-01-03T00:48:22.373Z","iobWithZeroTemp":{"iob":-0.352,"basaliob":-0.354,"bolussnooze":0,"activity":-0.0041,"lastBolusTime":1704227602777,"time":"2024-01-03T00:48:22.373Z"}},{"iob":-0.002,"basaliob":-0.003,"bolussnooze":0,"activity":0,"lastBolusTime":1704227602777,"time":"2024-01-03T00:53:22.373Z","iobWithZeroTemp":{"iob":-0.352,"basaliob":-0.353,"bolussnooze":0,"activity":-0.0041,"lastBolusTime":1704227602777,"time":"2024-01-03T00:53:22.373Z"}}],"profile":{"max_iob":10,"type":"current","max_daily_basal":0.35,"max_basal":1.05,"min_bg":130,"max_bg":130,"target_bg":130,"carb_ratio":8.8,"sens":120,"max_daily_safety_multiplier":3,"current_basal_safety_multiplier":4,"lgsThreshold":95,"high_temptarget_raises_sensitivity":true,"low_temptarget_lowers_sensitivity":true,"sensitivity_raises_target":true,"resistance_lowers_target":true,"adv_target_adjustments":false,"exercise_mode":false,"half_basal_exercise_target":160,"maxCOB":120,"skip_neutral_temps":false,"remainingCarbsCap":90,"enableUAM":true,"A52_risk_enable":false,"SMBInterval":6,"enableSMB_with_COB":true,"enableSMB_with_temptarget":true,"allowSMB_with_high_temptarget":false,"enableSMB_always":false,"enableSMB_after_carbs":true,"maxSMBBasalMinutes":45,"maxUAMSMBBasalMinutes":40,"bolus_increment":0.05,"carbsReqThreshold":2,"current_basal":0.35,"temptargetSet":true,"autosens_max":1.3,"autosens_min":0.7,"variable_sens":219.8,"insulinDivisor":75,"TDD":11.814017714285715},"autosens_data":{"ratio":0.886581029815138},"meal_data":{"carbs":36,"mealCOB":6.807466666666663,"slopeFromMaxDeviation":-0.9860000000000002,"slopeFromMinDeviation":0.18650000000000003,"lastBolusTime":1704227602777,"lastCarbTime":1704222941339},"microBolusAllowed":true,"currentTime":1704229104148,"flatBGsDetected":false,"tdd1D":10.2375,"tdd7D":15.997785714285714,"tddLast24H":14.18333333333333,"tddLast4H":2.2874999999999996,"tddLast8to4H":4.679166666666666},"output":{"temp":"absolute","bg":75,"tick":-4,"eventualBG":149,"targetBG":130,"insulinReq":0,"deliverAt":"2024-01-02T20:58:24.148Z","sensitivityRatio":0.67,"variable_sens":219.8,"predBGs":{"IOB":[75,71,67,63,59,55,51,47,43,39,39,39,39],"ZT":[75,66,57,49,40,39,39,39,39,39,39,39,39,39,39,39,39,39,39,39,39,39,39,39,39,45,50,55,60,64,69,73,77,81,85,89,93,97,101,104,108,111,115,118,122,125,128],"COB":[75,71,68,66,64,63,63,63,63,64,65,66,68,70,72,74,76,79,81,83,86,89,92,94,97,100,102,105,108,110,113,116,118,121,123,125,128,130,132,134,136,138,140,142,144,145,147,149],"UAM":[75,70,65,59,53,46,39,39,39,39,39,39,39]},"reason":"COB: 6.8, Dev: 30, BGI: -9, ISF: 220, CR: 8.8, Target: 130, minPredBG 7, minGuardBG -9, IOBpredBG 39, COBpredBG 149, UAMpredBG 39; 4 add'l carbs req w\/in 0m; minGuardBG -9<95","COB":6.807466666666663,"IOB":0.34,"carbsReq":4,"carbsReqWithin":0,"duration":120,"rate":0,"timestamp":"2024-01-02T20:58:24.177Z"}}