{"algorithm":"OpenAPSSMBDynamicISFPlugin","input":{"glucoseStatus":{"glucose":95,"noise":0,"delta":-5.17,"short_avgdelta":-5.17,"long_avgdelta":-1.79,"date":1704089271000},"currenttemp":{"temp":"absolute","duration":25,"rate":0,"minutesrunning":5},"iob_data":[{"iob":-0.037,"basaliob":-0.037,"bolussnooze":0,"activity":-2.0E-4,"lastBolusTime":1704071612530,"time":"2024-01-01T06:08:15.387Z","iobWithZeroTemp":{"iob":-0.037,"basaliob":-0.037,"bolussnooze":0,"activity":-2.0E-4,"lastBolusTime":1704071612530,"time":"2024-01-01T06:08:15.387Z"}},{"iob":-0.036,"basaliob":-0.036,"bolussnooze":0,"activity":-2.0E-4,"lastBolusTime":1704071612530,"time":"2024-01-01T06:13:15.387Z","iobWithZeroTemp":{"iob":-0.056,"basaliob":-0.056,"bolussnooze":0,"activity":-2.0E-4,"lastBolusTime":1704071612530,"time":"2024-01-01T06:13:15.387Z"}},{"iob":-0.035,"basaliob":-0.035,"bolussnooze":0,"activity":-3.0E-4,"lastBolusTime":1704071612530,"time":"2024-01-01T06:18:15.387Z","iobWithZeroTemp":{"iob":-0.08,"basaliob":-0.08,"bolussnooze":0,"activity":-4.0E-4,"lastBolusTime":1704071612530,"time":"2024-01-01T06:18:15.387Z"}},{"iob":-0.033,"basaliob":-0.033,"bolussnooze":0,"activity":-3.0E-4,"lastBolusTime":1704071612530,"time":"2024-01-01T06:23:15.387Z","iobWithZeroTemp":{"iob":-0.102,"basaliob":-0.102,"bolussnooze":0,"activity":-5.0E-4,"lastBolusTime":1704071612530,"time":"2024-01-01T06:23:15.387Z"}},{"iob":-0.032,"basaliob":-0.032,"bolussnooze":0,"activity":-3.0E-4,"lastBolusTime":1704071612530,"time":"2024-01-01T06:28:15.387Z","iobWithZeroTemp":{"iob":-0.125,"basaliob":-0.125,"bolussnooze":0,"activity":-7.0E-4,"lastBolusTime":1704071612530,"time":"2024-01-01T06:28:15.387Z"}},{"iob":-0.03,"basaliob":-0.03,"bolussnooze":0,"activity":-3.0E-4,"lastBolusTime":1704071612530,"time":"2024-01-01T06:33:15.387Z","iobWithZeroTemp":{"iob":-0.145,"basaliob":-0.145,"bolussnooze":0,"activity":-8.0E-4,"lastBolusTime":1704071612530,"time":"2024-01-01T06:33:15.387Z"}},{"iob":-0.029,"basaliob":-0.029,"bolussnooze":0,"activity":-3.0E-4,"lastBolusTime":1704071612530,"time":"2024-01-01T06:38:15.387Z","iobWithZeroTemp":{"iob":-0.166,"basaliob":-0.166,"bolussnooze":0,"activity":-0.001,"lastBolusTime":1704071612530,"time":"2024-01-01T06:38:15.387Z"}},{"iob":-0.027,"basaliob":-0.027,"bolussnooze":0,"activity":-3.0E-4,"lastBolusTime":1704071612530,"time":"2024-01-01T06:43:15.387Z","iobWithZeroTemp":{"iob":-0.185,"basaliob":-0.185,"bolussnooze":0,"activity":-0.0012,"lastBolusTime":1704071612530,"time":"2024-01-01T06:43:15.387Z"}},{"iob":-0.025,"basaliob":-0.025,"bolussnooze":0,"activity":-3.0E-4,"lastBolusTime":1704071612530,"time":"2024-01-01T06:48:15.387Z","iobWithZeroTemp":{"iob":-0.203,"basaliob":-0.203,"bolussnooze":0,"activity":-0.0014,"lastBolusTime":1704071612530,"time":"2024-01-01T06:48:15.387Z"}},{"iob":-0.024,"basaliob":-0.024,"bolussnooze":0,"activity":-3.0E-4,"lastBolusTime":1704071612530,"time":"2024-01-01T06:53:15.387Z","iobWithZeroTemp":{"iob":-0.221,"basaliob":-0.221,"bolussnooze":0,"activity":-0.0016,"lastBolusTime":1704071612530,"time":"2024-01-01T06:53:15.387Z"}},{"iob":-0.022,"basaliob":-0.022,"bolussnooze":0,"activity":-3.0E-4,"lastBolusTime":1704071612530,"time":"2024-01-01T06:58:15.387Z","iobWithZeroTemp":{"iob":-0.237,"basaliob":-0.237,"bolussnooze":0,"activity":-0.0019,"lastBolusTime":1704071612530,"time":"2024-01-01T06:58:15.387Z"}},{"iob":-0.021,"basaliob":-0.021,"bolussnooze":0,"activity":-3.0E-4,"lastBolusTime":1704071612530,"time":"2024-01-01T07:03:15.387Z","iobWithZeroTemp":{"iob":-0.253,"basaliob":-0.253,"bolussnooze":0,"activity":-0.0021,"lastBolusTime":1704071612530,"time":"2024-01-01T07:03:15.387Z"}},{"iob":-0.019,"basaliob":-0.019,"bolussnooze":0,"activity":-3.0E-4,"lastBolusTime":1704071612530,"time":"2024-01-01T07:08:15.387Z","iobWithZeroTemp":{"iob":-0.266,"basaliob":-0.266,"bolussnooze":0,"activity":-0.0023,"lastBolusTime":1704071612530,"time":"2024-01-01T07:08:15.387Z"}},{"iob":-0.018,"basaliob":-0.018,"bolussnooze":0,"activity":-3.0E-4,"lastBolusTime":1704071612530,"time":"2024-01-01T07:13:15.387Z","iobWithZeroTemp":{"iob":-0.28,"basaliob":-0.28,"bolussnooze":0,"activity":-0.0025,"lastBolusTime":1704071612530,"time":"2024-01-01T07:13:15.387Z"}},{"iob":-0.016,"basaliob":-0.016,"bolussnooze":0,"activity":-3.0E-4,"lastBolusTime":0,"time":"2024-01-01T07:18:15.387Z","iobWithZeroTemp":{"iob":-0.292,"basaliob":-0.292,"bolussnooze":0,"activity":-0.0027,"lastBolusTime":0,"time":"2024-01-01T07:18:15.387Z"}},{"iob":-0.015,"basaliob":-0.015,"bolussnooze":0,"activity":-2.0E-4,"lastBolusTime":0,"time":"2024-01-01T07:23:15.387Z","iobWithZeroTemp":{"iob":-0.303,"basaliob":-0.303,"bolussnooze":0,"activity":-0.0028,"lastBolusTime":0,"time":"2024-01-01T07:23:15.387Z"}},{"iob":-0.014,"basaliob":-0.014,"bolussnooze":0,"activity":-2.0E-4,"lastBolusTime":0,"time":"2024-01-01T07:28:15.387Z","iobWithZeroTemp":{"iob":-0.314,"basaliob":-0.314,"bolussnooze":0,"activity":-0.0029,"lastBolusTime":0,"time":"2024-01-01T07:28:15.387Z"}},{"iob":-0.013,"basaliob":-0.013,"bolussnooze":0,"activity":-2.0E-4,"lastBolusTime":0,"time":"2024-01-01T07:33:15.387Z","iobWithZeroTemp":{"iob":-0.324,"basaliob":-0.324,"bolussnooze":0,"activity":-0.0031,"lastBolusTime":0,"time":"2024-01-01T07:33:15.387Z"}},{"iob":-0.012,"basaliob":-0.012,"bolussnooze":0,"activity":-2.0E-4,"lastBolusTime":0,"time":"2024-01-01T07:38:15.387Z","iobWithZeroTemp":{"iob":-0.333,"basaliob":-0.333,"bolussnooze":0,"activity":-0.0033,"lastBolusTime":0,"time":"2024-01-01T07:38:15.387Z"}},{"iob":-0.011,"basaliob":-0.011,"bolussnooze":0,"activity":-2.0E-4,"lastBolusTime":0,"time":"2024-01-01T07:43:15.387Z","iobWithZeroTemp":{"iob":-0.341,"basaliob":-0.341,"bolussnooze":0,"activity":-0.0034,"lastBolusTime":0,"time":"2024-01-01T07:43:15.387Z"}},{"iob":-0.01,"basaliob":-0.01,"bolussnooze":0,"activity":-2.0E-4,"lastBolusTime":0,"time":"2024-01-01T07:48:15.387Z","iobWithZeroTemp":{"iob":-0.349,"basaliob":-0.349,"bolussnooze":0,"activity":-0.0036,"lastBolusTime":0,"time":"2024-01-01T07:48:15.387Z"}},{"iob":-0.009,"basaliob":-0.009,"bolussnooze":0,"activity":-2.0E-4,"lastBolusTime":0,"time":"2024-01-01T07:53:15.387Z","iobWithZeroTemp":{"iob":-0.356,"basaliob":-0.356,"bolussnooze":0,"activity":-0.0037,"lastBolusTime":0,"time":"2024-01-01T07:53:15.387Z"}},{"iob":-0.008,"basaliob":-0.008,"bolussnooze":0,"activity":-2.0E-4,"lastBolusTime":0,"time":"2024-01-01T07:58:15.387Z","iobWithZeroTemp":{"iob":-0.362,"basaliob":-0.362,"bolussnooze":0,"activity":-0.0038,"lastBolusTime":0,"time":"2024-01-01T07:58:15.387Z"}},{"iob":-0.008,"basaliob":-0.008,"bolussnooze":0,"activity":-1.0E-4,"lastBolusTime":0,"time":"2024-01-01T08:03:15.387Z","iobWithZeroTemp":{"iob":-0.369,"basaliob":-0.369,"bolussnooze":0,"activity":-0.0038,"lastBolusTime":0,"time":"2024-01-01T08:03:15.387Z"}},{"iob":-0.007,"basaliob":-0.007,"bolussnooze":0,"activity":-1.0E-4,"lastBolusTime":0,"time":"2024-01-01T08:08:15.387Z","iobWithZeroTemp":{"iob":-0.374,"basaliob":-0.374,"bolussnooze":0,"activity":-0.004,"lastBolusTime":0,"time":"2024-01-01T08:08:15.387Z"}},{"iob":-0.006,"basaliob":-0.006,"bolussnooze":0,"activity":-1.0E-4,"lastBolusTime":0,"time":"2024-01-01T08:13:15.387Z","iobWithZeroTemp":{"iob":-0.378,"basaliob":-0.378,"bolussnooze":0,"activity":-0.0041,"lastBolusTime":0,"time":"2024-01-01T08:13:15.387Z"}},{"iob":-0.006,"basaliob":-0.006,"bolussnooze":0,"activity":-1.0E-4,"lastBolusTime":0,"time":"2024-01-01T08:18:15.387Z","iobWithZeroTemp":{"iob":-0.383,"basaliob":-0.383,"bolussnooze":0,"activity":-0.0041,"lastBolusTime":0,"time":"2024-01-01T08:18:15.387Z"}},{"iob":-0.005,"basaliob":-0.005,"bolussnooze":0,"activity":-1.0E-4,"lastBolusTime":0,"time":"2024-01-01T08:23:15.387Z","iobWithZeroTemp":{"iob":-0.387,"basaliob":-0.387,"bolussnooze":0,"activity":-0.0042,"lastBolusTime":0,"time":"2024-01-01T08:23:15.387Z"}},{"iob":-0.005,"basaliob":-0.005,"bolussnooze":0,"activity":-1.0E-4,"lastBolusTime":0,"time":"2024-01-01T08:28:15.387Z","iobWithZeroTemp":{"iob":-0.391,"basaliob":-0.391,"bolussnooze":0,"activity":-0.0043,"lastBolusTime":0,"time":"2024-01-01T08:28:15.387Z"}},{"iob":-0.004,"basaliob":-0.004,"bolussnooze":0,"activity":-1.0E-4,"lastBolusTime":0,"time":"2024-01-01T08:33:15.387Z","iobWithZeroTemp":{"iob":-0.394,"basaliob":-0.394,"bolussnooze":0,"activity":-0.0044,"lastBolusTime":0,"time":"2024-01-01T08:33:15.387Z"}},{"iob":-0.004,"basaliob":-0.004,"bolussnooze":0,"activity":-1.0E-4,"lastBolusTime":0,"time":"2024-01-01T08:38:15.387Z","iobWithZeroTemp":{"iob":-0.397,"basaliob":-0.397,"bolussnooze":0,"activity":-0.0045,"lastBolusTime":0,"time":"2024-01-01T08:38:15.387Z"}},{"iob":-0.003,"basaliob":-0.003,"bolussnooze":0,"activity":-1.0E-4,"lastBolusTime":0,"time":"2024-01-01T08:43:15.387Z","iobWithZeroTemp":{"iob":-0.399,"basaliob":-0.399,"bolussnooze":0,"activity":-0.0045,"lastBolusTime":0,"time":"2024-01-01T08:43:15.387Z"}},{"iob":-0.003,"basaliob":-0.003,"bolussnooze":0,"activity":-1.0E-4,"lastBolusTime":0,"time":"2024-01-01T08:48:15.387Z","iobWithZeroTemp":{"iob":-0.402,"basaliob":-0.402,"bolussnooze":0,"activity":-0.0046,"lastBolusTime":0,"time":"2024-01-01T08:48:15.387Z"}},{"iob":-0.003,"basaliob":-0.003,"bolussnooze":0,"activity":-1.0E-4,"lastBolusTime":0,"time":"2024-01-01T08:53:15.387Z","iobWithZeroTemp":{"iob":-0.404,"basaliob":-0.404,"bolussnooze":0,"activity":-0.0046,"lastBolusTime":0,"time":"2024-01-01T08:53:15.387Z"}},{"iob":-0.002,"basaliob":-0.002,"bolussnooze":0,"activity":-1.0E-4,"lastBolusTime":0,"time":"2024-01-01T08:58:15.387Z","iobWithZeroTemp":{"iob":-0.406,"basaliob":-0.406,"bolussnooze":0,"activity":-0.0047,"lastBolusTime":0,"time":"2024-01-01T08:58:15.387Z"}},{"iob":-0.002,"basaliob":-0.002,"bolussnooze":0,"activity":-1.0E-4,"lastBolusTime":0,"time":"2024-01-01T09:03:15.387Z","iobWithZeroTemp":{"iob":-0.404,"basaliob":-0.404,"bolussnooze":0,"activity":-0.0047,"lastBolusTime":0,"time":"2024-01-01T09:03:15.387Z"}},{"iob":-0.002,"basaliob":-0.002,"bolussnooze":0,"activity":0,"lastBolusTime":0,"time":"2024-01-01T09:08:15.387Z","iobWithZeroTemp":{"iob":-0.401,"basaliob":-0.401,"bolussnooze":0,"activity":-0.0046,"lastBolusTime":0,"time":"2024-01-01T09:08:15.387Z"}},{"iob":-0.002,"basaliob":-0.002,"bolussnooze":0,"activity":0,"lastBolusTime":0,"time":"2024-01-01T09:13:15.387Z","iobWithZeroTemp":{"iob":-0.399,"basaliob":-0.399,"bolussnooze":0,"activity":-0.0047,"lastBolusTime":0,"time":"2024-01-01T09:13:15.387Z"}},{"iob":-0.002,"basaliob":-0.002,"bolussnooze":0,"activity":0,"lastBolusTime":0,"time":"2024-01-01T09:18:15.387Z","iobWithZeroTemp":{"iob":-0.396,"basaliob":-0.396,"bolussnooze":0,"activity":-0.0047,"lastBolusTime":0,"time":"2024-01-01T09:18:15.387Z"}},{"iob":-0.001,"basaliob":-0.001,"bolussnooze":0,"activity":0,"lastBolusTime":0,"time":"2024-01-01T09:23:15.387Z","iobWithZeroTemp":{"iob":-0.393,"basaliob":-0.393,"bolussnooze":0,"activity":-0.0047,"lastBolusTime":0,"time":"2024-01-01T09:23:15.387Z"}},{"iob":-0.001,"basaliob":-0.001,"bolussnooze":0,"activity":0,"lastBolusTime":0,"time":"2024-01-01T09:28:15.387Z","iobWithZeroTemp":{"iob":-0.39,"basaliob":-0.39,"bolussnooze":0,"activity":-0.0047,"lastBolusTime":0,"time":"2024-01-01T09:28:15.387Z"}},{"iob":-0.001,"basaliob":-0.001,"bolussnooze":0,"activity":0,"lastBolusTime":0,"time":"2024-01-01T09:33:15.387Z","iobWithZeroTemp":{"iob":-0.388,"basaliob":-0.388,"bolussnooze":0,"activity":-0.0047,"lastBolusTime":0,"time":"2024-01-01T09:33:15.387Z"}},{"iob":-0.001,"basaliob":-0.001,"bolussnooze":0,"activity":0,"lastBolusTime":0,"time":"2024-01-01T09:38:15.387Z","iobWithZeroTemp":{"iob":-0.386,"basaliob":-0.386,"bolussnooze":0,"activity":-0.0046,"lastBolusTime":0,"time":"2024-01-01T09:38:15.387Z"}},{"iob":-0.001,"basaliob":-0.001,"bolussnooze":0,"activity":0,"lastBolusTime":0,"time":"2024-01-01T09:43:15.387Z","iobWithZeroTemp":{"iob":-0.383,"basaliob":-0.383,"bolussnooze":0,"activity":-0.0046,"lastBolusTime":0,"time":"2024-01-01T09:43:15.387Z"}},{"iob":-0.001,"basaliob":-0.001,"bolussnooze":0,"activity":0,"lastBolusTime":0,"time":"2024-01-01T09:48:15.387Z","iobWithZeroTemp":{"iob":-0.381,"basaliob":-0.381,"bolussnooze":0,"activity":-0.0046,"lastBolusTime":0,"time":"2024-01-01T09:48:15.387Z"}},{"iob":-0.001,"basaliob":-0.001,"bolussnooze":0,"activity":0,"lastBolusTime":0,"time":"2024-01-01T09:53:15.387Z","iobWithZeroTemp":{"iob":-0.379,"basaliob":-0.379,"bolussnooze":0,"activity":-0.0046,"lastBolusTime":0,"time":"2024-01-01T09:53:15.387Z"}},{"iob":-0.001,"basaliob":-0.001,"bolussnooze":0,"activity":0,"lastBolusTime":0,"time":"2024-01-01T09:58:15.387Z","iobWithZeroTemp":{"iob":-0.377,"basaliob":-0.377,"bolussnooze":0,"activity":-0.0046,"lastBolusTime":0,"time":"2024-01-01T09:58:15.387Z"}},{"iob":0,"basaliob":0,"bolussnooze":0,"activity":0,"lastBolusTime":0,"time":"2024-01-01T10:03:15.387Z","iobWithZeroTemp":{"iob":-0.37,"basaliob":-0.37,"bolussnooze":0,"activity":-0.0045,"lastBolusTime":0,"time":"2024-01-01T10:03:15.387Z"}}],"profile":{"max_iob":10,"type":"current","max_daily_basal":0.35,"max_basal":1.05,"min_bg":95,"max_bg":95,"target_bg":95,"carb_ratio":8.8,"sens":110,"max_daily_safety_multiplier":3,"current_basal_safety_multiplier":4,"lgsThreshold":95,"high_temptarget_raises_sensitivity":true,"low_temptarget_lowers_sensitivity":true,"sensitivity_raises_target":true,"resistance_lowers_target":true,"adv_target_adjustments":false,"exercise_mode":false,"half_basal_exercise_target":160,"maxCOB":120,"skip_neutral_temps":false,"remainingCarbsCap":90,"enableUAM":true,"A52_risk_enable":false,"SMBInterval":6,"enableSMB_with_COB":true,"enableSMB_with_temptarget":true,"allowSMB_with_high_temptarget":false,"enableSMB_always":false,"enableSMB_after_carbs":true,"maxSMBBasalMinutes":30,"maxUAMSMBBasalMinutes":45,"bolus_increment":0.05,"carbsReqThreshold":2,"current_basal":0.3,"temptargetSet":false,"autosens_max":1.3,"autosens_min":0.7,"variable_sens":213.6,"insulinDivisor":75,"TDD":10.295857904761903},"autosens_data":{"ratio":0.8409783762610064},"meal_data":{"carbs":0,"mealCOB":0,"slopeFromMaxDeviation":-0.5857272727272728,"slopeFromMinDeviation":0,"lastBolusTime":1704071612530,"lastCarbTime":0},"microBolusAllowed":true,"currentTime":1704089297625,"flatBGsDetected":false,"tdd1D":14.612499999999995,"tdd7D":16.776095238095234,"tddLast24H":14.10833333333333,"tddLast4H":1.0125000000000002,"tddLast8to4H":1.5833333333333333},"output":{"temp":"absolute","bg":95,"tick":-5,"eventualBG":91,"targetBG":102,"insulinReq":0,"deliverAt":"2024-01-01T06:08:17.625Z","sensitivityRatio":0.8409783762610064,"variable_sens":213.6,"predBGs":{"IOB":[95,90,86,82,79,76,74,72,71,70,69,69,70,70,70,71,71,71,72,72,72,72,73,73,73,73,73,73,73,74],"ZT":[95,95,95,96,96,97,98,99,100,102]},"reason":"COB: 0, Dev: -12, BGI: 0, ISF: 214, CR: 8.8, Target: 102, minPredBG 83, minGuardBG 69, IOBpredBG 74; minGuardBG 69<95 25m left and 0 ~ req 0U\/hr: no temp required","COB":0,"IOB":-0.037,"timestamp":"2024-01-01T06:08:17.656Z"}}