{"algorithm":"OpenAPSSMBDynamicISFPlugin","input":{"glucoseStatus":{"glucose":125,"noise":0,"delta":-1.11,"short_avgdelta":-1.11,"long_avgdelta":-2.4,"date":1704169373000},"currenttemp":{"temp":"absolute","duration":0,"rate":0},"iob_data":[{"iob":0.054,"basaliob":0.054,"bolussnooze":0,"activity":0.002,"lastBolusTime":1704151111516,"time":"2024-01-02T04:23:19.939Z","iobWithZeroTemp":{"iob":0.054,"basaliob":0.054,"bolussnooze":0,"activity":0.002,"lastBolusTime":1704151111516,"time":"2024-01-02T04:23:19.939Z"}},{"iob":0.045,"basaliob":0.045,"bolussnooze":0,"activity":0.0017,"lastBolusTime":1704151111516,"time":"2024-01-02T04:28:19.939Z","iobWithZeroTemp":{"iob":0.025,"basaliob":0.025,"bolussnooze":0,"activity":0.0017,"lastBolusTime":1704151111516,"time":"2024-01-02T04:28:19.939Z"}},{"iob":0.037,"basaliob":0.037,"bolussnooze":0,"activity":0.0015,"lastBolusTime":1704151111516,"time":"2024-01-02T04:33:19.939Z","iobWithZeroTemp":{"iob":-0.008,"basaliob":-0.008,"bolussnooze":0,"activity":0.0014,"lastBolusTime":1704151111516,"time":"2024-01-02T04:33:19.939Z"}},{"iob":0.03,"basaliob":0.03,"bolussnooze":0,"activity":0.0013,"lastBolusTime":1704151111516,"time":"2024-01-02T04:38:19.939Z","iobWithZeroTemp":{"iob":-0.039,"basaliob":-0.039,"bolussnooze":0,"activity":0.0011,"lastBolusTime":1704151111516,"time":"2024-01-02T04:38:19.939Z"}},{"iob":0.024,"basaliob":0.024,"bolussnooze":0,"activity":0.0011,"lastBolusTime":1704151111516,"time":"2024-01-02T04:43:19.939Z","iobWithZeroTemp":{"iob":-0.069,"basaliob":-0.069,"bolussnooze":0,"activity":7.0E-4,"lastBolusTime":1704151111516,"time":"2024-01-02T04:43:19.939Z"}},{"iob":0.019,"basaliob":0.019,"bolussnooze":0,"activity":9.0E-4,"lastBolusTime":1704151111516,"time":"2024-01-02T04:48:19.939Z","iobWithZeroTemp":{"iob":-0.096,"basaliob":-0.096,"bolussnooze":0,"activity":4.0E-4,"lastBolusTime":1704151111516,"time":"2024-01-02T04:48:19.939Z"}},{"iob":0.015,"basaliob":0.015,"bolussnooze":0,"activity":8.0E-4,"lastBolusTime":1704151111516,"time":"2024-01-02T04:53:19.939Z","iobWithZeroTemp":{"iob":-0.122,"basaliob":-0.122,"bolussnooze":0,"activity":1.0E-4,"lastBolusTime":1704151111516,"time":"2024-01-02T04:53:19.939Z"}},{"iob":0.011,"basaliob":0.011,"bolussnooze":0,"activity":7.0E-4,"lastBolusTime":1704151111516,"time":"2024-01-02T04:58:19.939Z","iobWithZeroTemp":{"iob":-0.147,"basaliob":-0.147,"bolussnooze":0,"activity":-2.0E-4,"lastBolusTime":1704151111516,"time":"2024-01-02T04:58:19.939Z"}},{"iob":0.008,"basaliob":0.008,"bolussnooze":0,"activity":6.0E-4,"lastBolusTime":1704151111516,"time":"2024-01-02T05:03:19.939Z","iobWithZeroTemp":{"iob":-0.17,"basaliob":-0.17,"bolussnooze":0,"activity":-5.0E-4,"lastBolusTime":1704151111516,"time":"2024-01-02T05:03:19.939Z"}},{"iob":0.005,"basaliob":0.005,"bolussnooze":0,"activity":5.0E-4,"lastBolusTime":1704151111516,"time":"2024-01-02T05:08:19.939Z","iobWithZeroTemp":{"iob":-0.192,"basaliob":-0.192,"bolussnooze":0,"activity":-8.0E-4,"lastBolusTime":1704151111516,"time":"2024-01-02T05:08:19.939Z"}},{"iob":0.003,"basaliob":0.003,"bolussnooze":0,"activity":4.0E-4,"lastBolusTime":1704151111516,"time":"2024-01-02T05:13:19.939Z","iobWithZeroTemp":{"iob":-0.212,"basaliob":-0.212,"bolussnooze":0,"activity":-0.0012,"lastBolusTime":1704151111516,"time":"2024-01-02T05:13:19.939Z"}},{"iob":0.001,"basaliob":0.001,"bolussnooze":0,"activity":3.0E-4,"lastBolusTime":1704151111516,"time":"2024-01-02T05:18:19.939Z","iobWithZeroTemp":{"iob":-0.231,"basaliob":-0.231,"bolussnooze":0,"activity":-0.0015,"lastBolusTime":1704151111516,"time":"2024-01-02T05:18:19.939Z"}},{"iob":0,"basaliob":0,"bolussnooze":0,"activity":3.0E-4,"lastBolusTime":0,"time":"2024-01-02T05:23:19.939Z","iobWithZeroTemp":{"iob":-0.247,"basaliob":-0.247,"bolussnooze":0,"activity":-0.0017,"lastBolusTime":0,"time":"2024-01-02T05:23:19.939Z"}},{"iob":-0.002,"basaliob":-0.002,"bolussnooze":0,"activity":2.0E-4,"lastBolusTime":0,"time":"2024-01-02T05:28:19.939Z","iobWithZeroTemp":{"iob":-0.264,"basaliob":-0.264,"bolussnooze":0,"activity":-0.002,"lastBolusTime":0,"time":"2024-01-02T05:28:19.939Z"}},{"iob":-0.003,"basaliob":-0.003,"bolussnooze":0,"activity":2.0E-4,"lastBolusTime":0,"time":"2024-01-02T05:33:19.939Z","iobWithZeroTemp":{"iob":-0.279,"basaliob":-0.279,"bolussnooze":0,"activity":-0.0022,"lastBolusTime":0,"time":"2024-01-02T05:33:19.939Z"}},{"iob":-0.003,"basaliob":-0.003,"bolussnooze":0,"activity":1.0E-4,"lastBolusTime":0,"time":"2024-01-02T05:38:19.939Z","iobWithZeroTemp":{"iob":-0.291,"basaliob":-0.291,"bolussnooze":0,"activity":-0.0025,"lastBolusTime":0,"time":"2024-01-02T05:38:19.939Z"}},{"iob":-0.004,"basaliob":-0.004,"bolussnooze":0,"activity":1.0E-4,"lastBolusTime":0,"time":"2024-01-02T05:43:19.939Z","iobWithZeroTemp":{"iob":-0.304,"basaliob":-0.304,"bolussnooze":0,"activity":-0.0026,"lastBolusTime":0,"time":"2024-01-02T05:43:19.939Z"}},{"iob":-0.004,"basaliob":-0.004,"bolussnooze":0,"activity":1.0E-4,"lastBolusTime":0,"time":"2024-01-02T05:48:19.939Z","iobWithZeroTemp":{"iob":-0.315,"basaliob":-0.315,"bolussnooze":0,"activity":-0.0028,"lastBolusTime":0,"time":"2024-01-02T05:48:19.939Z"}},{"iob":-0.005,"basaliob":-0.005,"bolussnooze":0,"activity":1.0E-4,"lastBolusTime":0,"time":"2024-01-02T05:53:19.939Z","iobWithZeroTemp":{"iob":-0.326,"basaliob":-0.326,"bolussnooze":0,"activity":-0.003,"lastBolusTime":0,"time":"2024-01-02T05:53:19.939Z"}},{"iob":-0.005,"basaliob":-0.005,"bolussnooze":0,"activity":0,"lastBolusTime":0,"time":"2024-01-02T05:58:19.939Z","iobWithZeroTemp":{"iob":-0.335,"basaliob":-0.335,"bolussnooze":0,"activity":-0.0032,"lastBolusTime":0,"time":"2024-01-02T05:58:19.939Z"}},{"iob":-0.005,"basaliob":-0.005,"bolussnooze":0,"activity":0,"lastBolusTime":0,"time":"2024-01-02T06:03:19.939Z","iobWithZeroTemp":{"iob":-0.344,"basaliob":-0.344,"bolussnooze":0,"activity":-0.0034,"lastBolusTime":0,"time":"2024-01-02T06:03:19.939Z"}},{"iob":-0.005,"basaliob":-0.005,"bolussnooze":0,"activity":0,"lastBolusTime":0,"time":"2024-01-02T06:08:19.939Z","iobWithZeroTemp":{"iob":-0.352,"basaliob":-0.352,"bolussnooze":0,"activity":-0.0035,"lastBolusTime":0,"time":"2024-01-02T06:08:19.939Z"}},{"iob":-0.005,"basaliob":-0.005,"bolussnooze":0,"activity":0,"lastBolusTime":0,"time":"2024-01-02T06:13:19.939Z","iobWithZeroTemp":{"iob":-0.359,"basaliob":-0.359,"bolussnooze":0,"activity":-0.0036,"lastBolusTime":0,"time":"2024-01-02T06:13:19.939Z"}},{"iob":-0.005,"basaliob":-0.005,"bolussnooze":0,"activity":0,"lastBolusTime":0,"time":"2024-01-02T06:18:19.939Z","iobWithZeroTemp":{"iob":-0.366,"basaliob":-0.366,"bolussnooze":0,"activity":-0.0037,"lastBolusTime":0,"time":"2024-01-02T06:18:19.939Z"}},{"iob":-0.005,"basaliob":-0.005,"bolussnooze":0,"activity":0,"lastBolusTime":0,"time":"2024-01-02T06:23:19.939Z","iobWithZeroTemp":{"iob":-0.372,"basaliob":-0.372,"bolussnooze":0,"activity":-0.0039,"lastBolusTime":0,"time":"2024-01-02T06:23:19.939Z"}},{"iob":-0.005,"basaliob":-0.005,"bolussnooze":0,"activity":0,"lastBolusTime":0,"time":"2024-01-02T06:28:19.939Z","iobWithZeroTemp":{"iob":-0.377,"basaliob":-0.377,"bolussnooze":0,"activity":-0.004,"lastBolusTime":0,"time":"2024-01-02T06:28:19.939Z"}},{"iob":-0.005,"basaliob":-0.005,"bolussnooze":0,"activity":0,"lastBolusTime":0,"time":"2024-01-02T06:33:19.939Z","iobWithZeroTemp":{"iob":-0.382,"basaliob":-0.382,"bolussnooze":0,"activity":-0.004,"lastBolusTime":0,"time":"2024-01-02T06:33:19.939Z"}},{"iob":-0.005,"basaliob":-0.005,"bolussnooze":0,"activity":0,"lastBolusTime":0,"time":"2024-01-02T06:38:19.939Z","iobWithZeroTemp":{"iob":-0.387,"basaliob":-0.387,"bolussnooze":0,"activity":-0.0041,"lastBolusTime":0,"time":"2024-01-02T06:38:19.939Z"}},{"iob":-0.004,"basaliob":-0.004,"bolussnooze":0,"activity":0,"lastBolusTime":0,"time":"2024-01-02T06:43:19.939Z","iobWithZeroTemp":{"iob":-0.39,"basaliob":-0.39,"bolussnooze":0,"activity":-0.0042,"lastBolusTime":0,"time":"2024-01-02T06:43:19.939Z"}},{"iob":-0.004,"basaliob":-0.004,"bolussnooze":0,"activity":0,"lastBolusTime":0,"time":"2024-01-02T06:48:19.939Z","iobWithZeroTemp":{"iob":-0.394,"basaliob":-0.394,"bolussnooze":0,"activity":-0.0043,"lastBolusTime":0,"time":"2024-01-02T06:48:19.939Z"}},{"iob":-0.004,"basaliob":-0.004,"bolussnooze":0,"activity":0,"lastBolusTime":0,"time":"2024-01-02T06:53:19.939Z","iobWithZeroTemp":{"iob":-0.397,"basaliob":-0.397,"bolussnooze":0,"activity":-0.0044,"lastBolusTime":0,"time":"2024-01-02T06:53:19.939Z"}},{"iob":-0.004,"basaliob":-0.004,"bolussnooze":0,"activity":0,"lastBolusTime":0,"time":"2024-01-02T06:58:19.939Z","iobWithZeroTemp":{"iob":-0.4,"basaliob":-0.4,"bolussnooze":0,"activity":-0.0044,"lastBolusTime":0,"time":"2024-01-02T06:58:19.939Z"}},{"iob":-0.003,"basaliob":-0.003,"bolussnooze":0,"activity":0,"lastBolusTime":0,"time":"2024-01-02T07:03:19.939Z","iobWithZeroTemp":{"iob":-0.402,"basaliob":-0.402,"bolussnooze":0,"activity":-0.0045,"lastBolusTime":0,"time":"2024-01-02T07:03:19.939Z"}},{"iob":-0.003,"basaliob":-0.003,"bolussnooze":0,"activity":0,"lastBolusTime":0,"time":"2024-01-02T07:08:19.939Z","iobWithZeroTemp":{"iob":-0.404,"basaliob":-0.404,"bolussnooze":0,"activity":-0.0045,"lastBolusTime":0,"time":"2024-01-02T07:08:19.939Z"}},{"iob":-0.003,"basaliob":-0.003,"bolussnooze":0,"activity":0,"lastBolusTime":0,"time":"2024-01-02T07:13:19.939Z","iobWithZeroTemp":{"iob":-0.407,"basaliob":-0.407,"bolussnooze":0,"activity":-0.0046,"lastBolusTime":0,"time":"2024-01-02T07:13:19.939Z"}},{"iob":-0.003,"basaliob":-0.003,"bolussnooze":0,"activity":0,"lastBolusTime":0,"time":"2024-01-02T07:18:19.939Z","iobWithZeroTemp":{"iob":-0.409,"basaliob":-0.409,"bolussnooze":0,"activity":-0.0046,"lastBolusTime":0,"time":"2024-01-02T07:18:19.939Z"}},{"iob":-0.003,"basaliob":-0.003,"bolussnooze":0,"activity":0,"lastBolusTime":0,"time":"2024-01-02T07:23:19.939Z","iobWithZeroTemp":{"iob":-0.41,"basaliob":-0.41,"bolussnooze":0,"activity":-0.0047,"lastBolusTime":0,"time":"2024-01-02T07:23:19.939Z"}},{"iob":-0.002,"basaliob":-0.002,"bolussnooze":0,"activity":0,"lastBolusTime":0,"time":"2024-01-02T07:28:19.939Z","iobWithZeroTemp":{"iob":-0.411,"basaliob":-0.411,"bolussnooze":0,"activity":-0.0047,"lastBolusTime":0,"time":"2024-01-02T07:28:19.939Z"}},{"iob":-0.002,"basaliob":-0.002,"bolussnooze":0,"activity":0,"lastBolusTime":0,"time":"2024-01-02T07:33:19.939Z","iobWithZeroTemp":{"iob":-0.413,"basaliob":-0.413,"bolussnooze":0,"activity":-0.0047,"lastBolusTime":0,"time":"2024-01-02T07:33:19.939Z"}},{"iob":-0.002,"basaliob":-0.002,"bolussnooze":0,"activity":0,"lastBolusTime":0,"time":"2024-01-02T07:38:19.939Z","iobWithZeroTemp":{"iob":-0.414,"basaliob":-0.414,"bolussnooze":0,"activity":-0.0048,"lastBolusTime":0,"time":"2024-01-02T07:38:19.939Z"}},{"iob":-0.002,"basaliob":-0.002,"bolussnooze":0,"activity":0,"lastBolusTime":0,"time":"2024-01-02T07:43:19.939Z","iobWithZeroTemp":{"iob":-0.415,"basaliob":-0.415,"bolussnooze":0,"activity":-0.0048,"lastBolusTime":0,"time":"2024-01-02T07:43:19.939Z"}},{"iob":-0.002,"basaliob":-0.002,"bolussnooze":0,"activity":0,"lastBolusTime":0,"time":"2024-01-02T07:48:19.939Z","iobWithZeroTemp":{"iob":-0.416,"basaliob":-0.416,"bolussnooze":0,"activity":-0.0048,"lastBolusTime":0,"time":"2024-01-02T07:48:19.939Z"}},{"iob":-0.002,"basaliob":-0.002,"bolussnooze":0,"activity":0,"lastBolusTime":0,"time":"2024-01-02T07:53:19.939Z","iobWithZeroTemp":{"iob":-0.417,"basaliob":-0.417,"bolussnooze":0,"activity":-0.0048,"lastBolusTime":0,"time":"2024-01-02T07:53:19.939Z"}},{"iob":-0.001,"basaliob":-0.001,"bolussnooze":0,"activity":0,"lastBolusTime":0,"time":"2024-01-02T07:58:19.939Z","iobWithZeroTemp":{"iob":-0.417,"basaliob":-0.417,"bolussnooze":0,"activity":-0.0049,"lastBolusTime":0,"time":"2024-01-02T07:58:19.939Z"}},{"iob":-0.001,"basaliob":-0.001,"bolussnooze":0,"activity":0,"lastBolusTime":0,"time":"2024-01-02T08:03:19.939Z","iobWithZeroTemp":{"iob":-0.417,"basaliob":-0.417,"bolussnooze":0,"activity":-0.0049,"lastBolusTime":0,"time":"2024-01-02T08:03:19.939Z"}},{"iob":-0.001,"basaliob":-0.001,"bolussnooze":0,"activity":0,"lastBolusTime":0,"time":"2024-01-02T08:08:19.939Z","iobWithZeroTemp":{"iob":-0.418,"basaliob":-0.418,"bolussnooze":0,"activity":-0.0049,"lastBolusTime":0,"time":"2024-01-02T08:08:19.939Z"}},{"iob":-0.001,"basaliob":-0.001,"bolussnooze":0,"activity":0,"lastBolusTime":0,"time":"2024-01-02T08:13:19.939Z","iobWithZeroTemp":{"iob":-0.419,"basaliob":-0.419,"bolussnooze":0,"activity":-0.0049,"lastBolusTime":0,"time":"2024-01-02T08:13:19.939Z"}},{"iob":-0.001,"basaliob":-0.001,"bolussnooze":0,"activity":0,"lastBolusTime":0,"time":"2024-01-02T08:18:19.939Z","iobWithZeroTemp":{"iob":-0.419,"basaliob":-0.419,"bolussnooze":0,"activity":-0.0049,"lastBolusTime":0,"time":"2024-01-02T08:18:19.939Z"}}],"profile":{"max_iob":10,"type":"current","max_daily_basal":0.35,"max_basal":1.05,"min_bg":95,"max_bg":95,"target_bg":95,"carb_ratio":8.8,"sens":120,"max_daily_safety_multiplier":3,"current_basal_safety_multiplier":4,"lgsThreshold":95,"high_temptarget_raises_sensitivity":true,"low_temptarget_lowers_sensitivity":true,"sensitivity_raises_target":true,"resistance_lowers_target":true,"adv_target_adjustments":false,"exercise_mode":false,"half_basal_exercise_target":160,"maxCOB":120,"skip_neutral_temps":false,"remainingCarbsCap":90,"enableUAM":true,"A52_risk_enable":false,"SMBInterval":6,"enableSMB_with_COB":true,"enableSMB_with_temptarget":false,"allowSMB_with_high_temptarget":false,"enableSMB_always":false,"enableSMB_after_carbs":true,"maxSMBBasalMinutes":45,"maxUAMSMBBasalMinutes":40,"bolus_increment":0.05,"carbsReqThreshold":2,"current_basal":0.3,"temptargetSet":false,"autosens_max":1.3,"autosens_min":0.7,"variable_sens":199.7,"insulinDivisor":75,"TDD":9.189857714285715},"autosens_data":{"ratio":0.6818651986063549},"meal_data":{"carbs":0,"mealCOB":0,"slopeFromMaxDeviation":-0.37390909090909086,"slopeFromMinDeviation":0.7534000000000001,"lastBolusTime":1704151111516,"lastCarbTime":0},"microBolusAllowed":true,"currentTime":1704169401686,"flatBGsDetected":false,"tdd1D":10.2375,"tdd7D":15.997785714285714,"tddLast24H":10.908333333333335,"tddLast4H":1.4208333333333332,"tddLast8to4H":1.1791666666666667},"output":{"temp":"absolute","bg":125,"tick":-1,"eventualBG":119,"targetBG":111,"insulinReq":0.03,"deliverAt":"2024-01-02T04:23:21.686Z","sensitivityRatio":0.6818651986063549,"variable_sens":199.7,"predBGs":{"IOB":[125,124,123,122,121,121,120,120,119,119,119,118,118,118,117],"ZT":[125,123,121,120,119,118,118,118,118,118],"UAM":[125,124,122,120,119,118,117,116,116,115,114,114,114,113,113,113,113,113,113,112]},"reason":"COB: 0, Dev: 5, BGI: -2, ISF: 200, CR: 8.8, Target: 111, minPredBG 117, minGuardBG 112, IOBpredBG 117, UAMpredBG 112; Eventual BG 119 >= 111, no temp, setting 0.26U\/hr. ","COB":0,"IOB":0.054,"duration":30,"rate":0.26455955958190647,"timestamp":"2024-01-02T04:23:21.766Z"}}