{"algorithm":"OpenAPSSMBDynamicISFPlugin","input":{"glucoseStatus":{"glucose":135,"noise":0,"delta":-9.39,"short_avgdelta":-9.39,"long_avgdelta":-3.24,"date":1704184674000},"currenttemp":{"temp":"absolute","duration":100,"rate":0,"minutesrunning":20},"iob_data":[{"iob":0.816,"basaliob":-0.228,"bolussnooze":0.2815,"activity":0.0138,"lastBolusTime":1704180554311,"time":"2024-01-02T08:38:14.005Z","iobWithZeroTemp":{"iob":0.816,"basaliob":-0.228,"bolussnooze":0.2815,"activity":0.0138,"lastBolusTime":1704180554311,"time":"2024-01-02T08:38:14.005Z"}},{"iob":0.748,"basaliob":-0.221,"bolussnooze":0.2309,"activity":0.013,"lastBolusTime":1704180554311,"time":"2024-01-02T08:43:14.005Z","iobWithZeroTemp":{"iob":0.725,"basaliob":-0.244,"bolussnooze":0.2309,"activity":0.013,"lastBolusTime":1704180554311,"time":"2024-01-02T08:43:14.005Z"}},{"iob":0.686,"basaliob":-0.212,"bolussnooze":0.1881,"activity":0.0121,"lastBolusTime":1704180554311,"time":"2024-01-02T08:48:14.005Z","iobWithZeroTemp":{"iob":0.634,"basaliob":-0.264,"bolussnooze":0.1881,"activity":0.012,"lastBolusTime":1704180554311,"time":"2024-01-02T08:48:14.005Z"}},{"iob":0.627,"basaliob":-0.203,"bolussnooze":0.1523,"activity":0.0113,"lastBolusTime":1704180554311,"time":"2024-01-02T08:53:14.005Z","iobWithZeroTemp":{"iob":0.546,"basaliob":-0.284,"bolussnooze":0.1523,"activity":0.0111,"lastBolusTime":1704180554311,"time":"2024-01-02T08:53:14.005Z"}},{"iob":0.573,"basaliob":-0.193,"bolussnooze":0.1225,"activity":0.0105,"lastBolusTime":1704180554311,"time":"2024-01-02T08:58:14.005Z","iobWithZeroTemp":{"iob":0.465,"basaliob":-0.301,"bolussnooze":0.1225,"activity":0.0101,"lastBolusTime":1704180554311,"time":"2024-01-02T08:58:14.005Z"}},{"iob":0.522,"basaliob":-0.183,"bolussnooze":0.0978,"activity":0.0097,"lastBolusTime":1704180554311,"time":"2024-01-02T09:03:14.005Z","iobWithZeroTemp":{"iob":0.391,"basaliob":-0.314,"bolussnooze":0.0978,"activity":0.0091,"lastBolusTime":1704180554311,"time":"2024-01-02T09:03:14.005Z"}},{"iob":0.476,"basaliob":-0.172,"bolussnooze":0.0775,"activity":0.0089,"lastBolusTime":1704180554311,"time":"2024-01-02T09:08:14.005Z","iobWithZeroTemp":{"iob":0.324,"basaliob":-0.324,"bolussnooze":0.0775,"activity":0.0081,"lastBolusTime":1704180554311,"time":"2024-01-02T09:08:14.005Z"}},{"iob":0.433,"basaliob":-0.162,"bolussnooze":0.0609,"activity":0.0083,"lastBolusTime":1704180554311,"time":"2024-01-02T09:13:14.005Z","iobWithZeroTemp":{"iob":0.26,"basaliob":-0.335,"bolussnooze":0.0609,"activity":0.0073,"lastBolusTime":1704180554311,"time":"2024-01-02T09:13:14.005Z"}},{"iob":0.393,"basaliob":-0.152,"bolussnooze":0.0474,"activity":0.0076,"lastBolusTime":1704180554311,"time":"2024-01-02T09:18:14.005Z","iobWithZeroTemp":{"iob":0.201,"basaliob":-0.344,"bolussnooze":0.0474,"activity":0.0063,"lastBolusTime":1704180554311,"time":"2024-01-02T09:18:14.005Z"}},{"iob":0.357,"basaliob":-0.142,"bolussnooze":0.0365,"activity":0.0071,"lastBolusTime":1704180554311,"time":"2024-01-02T09:23:14.005Z","iobWithZeroTemp":{"iob":0.147,"basaliob":-0.352,"bolussnooze":0.0365,"activity":0.0056,"lastBolusTime":1704180554311,"time":"2024-01-02T09:23:14.005Z"}},{"iob":0.322,"basaliob":-0.133,"bolussnooze":0.0278,"activity":0.0065,"lastBolusTime":1704180554311,"time":"2024-01-02T09:28:14.005Z","iobWithZeroTemp":{"iob":0.094,"basaliob":-0.361,"bolussnooze":0.0278,"activity":0.0048,"lastBolusTime":1704180554311,"time":"2024-01-02T09:28:14.005Z"}},{"iob":0.292,"basaliob":-0.123,"bolussnooze":0.0209,"activity":0.006,"lastBolusTime":1704180554311,"time":"2024-01-02T09:33:14.005Z","iobWithZeroTemp":{"iob":0.048,"basaliob":-0.367,"bolussnooze":0.0209,"activity":0.0041,"lastBolusTime":1704180554311,"time":"2024-01-02T09:33:14.005Z"}},{"iob":0.263,"basaliob":-0.115,"bolussnooze":0.0154,"activity":0.0055,"lastBolusTime":1704180554311,"time":"2024-01-02T09:38:14.005Z","iobWithZeroTemp":{"iob":0.004,"basaliob":-0.374,"bolussnooze":0.0154,"activity":0.0034,"lastBolusTime":1704180554311,"time":"2024-01-02T09:38:14.005Z"}},{"iob":0.237,"basaliob":-0.106,"bolussnooze":0.0112,"activity":0.0049,"lastBolusTime":1704180554311,"time":"2024-01-02T09:43:14.005Z","iobWithZeroTemp":{"iob":-0.036,"basaliob":-0.379,"bolussnooze":0.0112,"activity":0.0026,"lastBolusTime":1704180554311,"time":"2024-01-02T09:43:14.005Z"}},{"iob":0.213,"basaliob":-0.098,"bolussnooze":0.0079,"activity":0.0045,"lastBolusTime":1704180554311,"time":"2024-01-02T09:48:14.005Z","iobWithZeroTemp":{"iob":-0.073,"basaliob":-0.384,"bolussnooze":0.0079,"activity":0.002,"lastBolusTime":1704180554311,"time":"2024-01-02T09:48:14.005Z"}},{"iob":0.192,"basaliob":-0.09,"bolussnooze":0.0055,"activity":0.0041,"lastBolusTime":1704180554311,"time":"2024-01-02T09:53:14.005Z","iobWithZeroTemp":{"iob":-0.106,"basaliob":-0.388,"bolussnooze":0.0055,"activity":0.0014,"lastBolusTime":1704180554311,"time":"2024-01-02T09:53:14.005Z"}},{"iob":0.172,"basaliob":-0.083,"bolussnooze":0.0036,"activity":0.0038,"lastBolusTime":1704180554311,"time":"2024-01-02T09:58:14.005Z","iobWithZeroTemp":{"iob":-0.137,"basaliob":-0.392,"bolussnooze":0.0036,"activity":9.0E-4,"lastBolusTime":1704180554311,"time":"2024-01-02T09:58:14.005Z"}},{"iob":0.153,"basaliob":-0.077,"bolussnooze":0.0023,"activity":0.0034,"lastBolusTime":1704180554311,"time":"2024-01-02T10:03:14.005Z","iobWithZeroTemp":{"iob":-0.162,"basaliob":-0.392,"bolussnooze":0.0023,"activity":4.0E-4,"lastBolusTime":1704180554311,"time":"2024-01-02T10:03:14.005Z"}},{"iob":0.138,"basaliob":-0.07,"bolussnooze":0.0013,"activity":0.0031,"lastBolusTime":1704180554311,"time":"2024-01-02T10:08:14.005Z","iobWithZeroTemp":{"iob":-0.182,"basaliob":-0.39,"bolussnooze":0.0013,"activity":-1.0E-4,"lastBolusTime":1704180554311,"time":"2024-01-02T10:08:14.005Z"}},{"iob":0.123,"basaliob":-0.064,"bolussnooze":7.0E-4,"activity":0.0029,"lastBolusTime":1704180554311,"time":"2024-01-02T10:13:14.005Z","iobWithZeroTemp":{"iob":-0.202,"basaliob":-0.389,"bolussnooze":7.0E-4,"activity":-4.0E-4,"lastBolusTime":1704180554311,"time":"2024-01-02T10:13:14.005Z"}},{"iob":0.109,"basaliob":-0.059,"bolussnooze":3.0E-4,"activity":0.0025,"lastBolusTime":1704180554311,"time":"2024-01-02T10:18:14.005Z","iobWithZeroTemp":{"iob":-0.22,"basaliob":-0.388,"bolussnooze":3.0E-4,"activity":-9.0E-4,"lastBolusTime":1704180554311,"time":"2024-01-02T10:18:14.005Z"}},{"iob":0.097,"basaliob":-0.054,"bolussnooze":1.0E-4,"activity":0.0023,"lastBolusTime":1704180554311,"time":"2024-01-02T10:23:14.005Z","iobWithZeroTemp":{"iob":-0.236,"basaliob":-0.387,"bolussnooze":1.0E-4,"activity":-0.0012,"lastBolusTime":1704180554311,"time":"2024-01-02T10:23:14.005Z"}},{"iob":0.086,"basaliob":-0.049,"bolussnooze":0,"activity":0.0021,"lastBolusTime":1704180554311,"time":"2024-01-02T10:28:14.005Z","iobWithZeroTemp":{"iob":-0.25,"basaliob":-0.385,"bolussnooze":0,"activity":-0.0015,"lastBolusTime":1704180554311,"time":"2024-01-02T10:28:14.005Z"}},{"iob":0.076,"basaliob":-0.045,"bolussnooze":0,"activity":0.0019,"lastBolusTime":1704180554311,"time":"2024-01-02T10:33:14.005Z","iobWithZeroTemp":{"iob":-0.263,"basaliob":-0.384,"bolussnooze":0,"activity":-0.0018,"lastBolusTime":1704180554311,"time":"2024-01-02T10:33:14.005Z"}},{"iob":0.068,"basaliob":-0.04,"bolussnooze":0,"activity":0.0017,"lastBolusTime":1704180554311,"time":"2024-01-02T10:38:14.005Z","iobWithZeroTemp":{"iob":-0.273,"basaliob":-0.381,"bolussnooze":0,"activity":-0.002,"lastBolusTime":1704180554311,"time":"2024-01-02T10:38:14.005Z"}},{"iob":0.059,"basaliob":-0.037,"bolussnooze":0,"activity":0.0015,"lastBolusTime":1704180554311,"time":"2024-01-02T10:43:14.005Z","iobWithZeroTemp":{"iob":-0.284,"basaliob":-0.38,"bolussnooze":0,"activity":-0.0023,"lastBolusTime":1704180554311,"time":"2024-01-02T10:43:14.005Z"}},{"iob":0.052,"basaliob":-0.033,"bolussnooze":0,"activity":0.0013,"lastBolusTime":1704180554311,"time":"2024-01-02T10:48:14.005Z","iobWithZeroTemp":{"iob":-0.293,"basaliob":-0.378,"bolussnooze":0,"activity":-0.0026,"lastBolusTime":1704180554311,"time":"2024-01-02T10:48:14.005Z"}},{"iob":0.045,"basaliob":-0.03,"bolussnooze":0,"activity":0.0012,"lastBolusTime":1704180554311,"time":"2024-01-02T10:53:14.005Z","iobWithZeroTemp":{"iob":-0.301,"basaliob":-0.376,"bolussnooze":0,"activity":-0.0027,"lastBolusTime":1704180554311,"time":"2024-01-02T10:53:14.005Z"}},{"iob":0.04,"basaliob":-0.027,"bolussnooze":0,"activity":0.001,"lastBolusTime":1704180554311,"time":"2024-01-02T10:58:14.005Z","iobWithZeroTemp":{"iob":-0.308,"basaliob":-0.375,"bolussnooze":0,"activity":-0.0029,"lastBolusTime":1704180554311,"time":"2024-01-02T10:58:14.005Z"}},{"iob":0.035,"basaliob":-0.024,"bolussnooze":0,"activity":0.001,"lastBolusTime":1704180554311,"time":"2024-01-02T11:03:14.005Z","iobWithZeroTemp":{"iob":-0.314,"basaliob":-0.373,"bolussnooze":0,"activity":-0.003,"lastBolusTime":1704180554311,"time":"2024-01-02T11:03:14.005Z"}},{"iob":0.03,"basaliob":-0.022,"bolussnooze":0,"activity":8.0E-4,"lastBolusTime":1704180554311,"time":"2024-01-02T11:08:14.005Z","iobWithZeroTemp":{"iob":-0.319,"basaliob":-0.371,"bolussnooze":0,"activity":-0.0032,"lastBolusTime":1704180554311,"time":"2024-01-02T11:08:14.005Z"}},{"iob":0.026,"basaliob":-0.02,"bolussnooze":0,"activity":8.0E-4,"lastBolusTime":1704180554311,"time":"2024-01-02T11:13:14.005Z","iobWithZeroTemp":{"iob":-0.324,"basaliob":-0.37,"bolussnooze":0,"activity":-0.0032,"lastBolusTime":1704180554311,"time":"2024-01-02T11:13:14.005Z"}},{"iob":0.022,"basaliob":-0.018,"bolussnooze":0,"activity":7.0E-4,"lastBolusTime":1704180554311,"time":"2024-01-02T11:18:14.005Z","iobWithZeroTemp":{"iob":-0.329,"basaliob":-0.369,"bolussnooze":0,"activity":-0.0034,"lastBolusTime":1704180554311,"time":"2024-01-02T11:18:14.005Z"}},{"iob":0.019,"basaliob":-0.016,"bolussnooze":0,"activity":6.0E-4,"lastBolusTime":1704180554311,"time":"2024-01-02T11:23:14.005Z","iobWithZeroTemp":{"iob":-0.332,"basaliob":-0.367,"bolussnooze":0,"activity":-0.0035,"lastBolusTime":1704180554311,"time":"2024-01-02T11:23:14.005Z"}},{"iob":0.016,"basaliob":-0.014,"bolussnooze":0,"activity":6.0E-4,"lastBolusTime":1704180554311,"time":"2024-01-02T11:28:14.005Z","iobWithZeroTemp":{"iob":-0.336,"basaliob":-0.366,"bolussnooze":0,"activity":-0.0035,"lastBolusTime":1704180554311,"time":"2024-01-02T11:28:14.005Z"}},{"iob":0.013,"basaliob":-0.013,"bolussnooze":0,"activity":5.0E-4,"lastBolusTime":1704180554311,"time":"2024-01-02T11:33:14.005Z","iobWithZeroTemp":{"iob":-0.339,"basaliob":-0.365,"bolussnooze":0,"activity":-0.0036,"lastBolusTime":1704180554311,"time":"2024-01-02T11:33:14.005Z"}},{"iob":0.012,"basaliob":-0.011,"bolussnooze":0,"activity":4.0E-4,"lastBolusTime":1704180554311,"time":"2024-01-02T11:38:14.005Z","iobWithZeroTemp":{"iob":-0.34,"basaliob":-0.363,"bolussnooze":0,"activity":-0.0037,"lastBolusTime":1704180554311,"time":"2024-01-02T11:38:14.005Z"}},{"iob":0.01,"basaliob":-0.01,"bolussnooze":0,"activity":4.0E-4,"lastBolusTime":1704180554311,"time":"2024-01-02T11:43:14.005Z","iobWithZeroTemp":{"iob":-0.342,"basaliob":-0.362,"bolussnooze":0,"activity":-0.0037,"lastBolusTime":1704180554311,"time":"2024-01-02T11:43:14.005Z"}},{"iob":0.008,"basaliob":-0.009,"bolussnooze":0,"activity":3.0E-4,"lastBolusTime":1704180554311,"time":"2024-01-02T11:48:14.005Z","iobWithZeroTemp":{"iob":-0.345,"basaliob":-0.362,"bolussnooze":0,"activity":-0.0038,"lastBolusTime":1704180554311,"time":"2024-01-02T11:48:14.005Z"}},{"iob":0.006,"basaliob":-0.008,"bolussnooze":0,"activity":3.0E-4,"lastBolusTime":1704180554311,"time":"2024-01-02T11:53:14.005Z","iobWithZeroTemp":{"iob":-0.347,"basaliob":-0.361,"bolussnooze":0,"activity":-0.0039,"lastBolusTime":1704180554311,"time":"2024-01-02T11:53:14.005Z"}},{"iob":0.005,"basaliob":-0.007,"bolussnooze":0,"activity":2.0E-4,"lastBolusTime":1704180554311,"time":"2024-01-02T11:58:14.005Z","iobWithZeroTemp":{"iob":-0.348,"basaliob":-0.36,"bolussnooze":0,"activity":-0.004,"lastBolusTime":1704180554311,"time":"2024-01-02T11:58:14.005Z"}},{"iob":0.004,"basaliob":-0.006,"bolussnooze":0,"activity":2.0E-4,"lastBolusTime":1704180554311,"time":"2024-01-02T12:03:14.005Z","iobWithZeroTemp":{"iob":-0.349,"basaliob":-0.359,"bolussnooze":0,"activity":-0.004,"lastBolusTime":1704180554311,"time":"2024-01-02T12:03:14.005Z"}},{"iob":0.004,"basaliob":-0.005,"bolussnooze":0,"activity":2.0E-4,"lastBolusTime":1704180554311,"time":"2024-01-02T12:08:14.005Z","iobWithZeroTemp":{"iob":-0.349,"basaliob":-0.358,"bolussnooze":0,"activity":-0.004,"lastBolusTime":1704180554311,"time":"2024-01-02T12:08:14.005Z"}},{"iob":0.002,"basaliob":-0.005,"bolussnooze":0,"activity":2.0E-4,"lastBolusTime":1704180554311,"time":"2024-01-02T12:13:14.005Z","iobWithZeroTemp":{"iob":-0.351,"basaliob":-0.358,"bolussnooze":0,"activity":-0.004,"lastBolusTime":1704180554311,"time":"2024-01-02T12:13:14.005Z"}},{"iob":0.002,"basaliob":-0.004,"bolussnooze":0,"activity":1.0E-4,"lastBolusTime":1704180554311,"time":"2024-01-02T12:18:14.005Z","iobWithZeroTemp":{"iob":-0.351,"basaliob":-0.357,"bolussnooze":0,"activity":-0.0041,"lastBolusTime":1704180554311,"time":"2024-01-02T12:18:14.005Z"}},{"iob":0.001,"basaliob":-0.004,"bolussnooze":0,"activity":1.0E-4,"lastBolusTime":1704180554311,"time":"2024-01-02T12:23:14.005Z","iobWithZeroTemp":{"iob":-0.352,"basaliob":-0.357,"bolussnooze":0,"activity":-0.0041,"lastBolusTime":1704180554311,"time":"2024-01-02T12:23:14.005Z"}},{"iob":0.001,"basaliob":-0.003,"bolussnooze":0,"activity":1.0E-4,"lastBolusTime":1704180554311,"time":"2024-01-02T12:28:14.005Z","iobWithZeroTemp":{"iob":-0.351,"basaliob":-0.355,"bolussnooze":0,"activity":-0.0041,"lastBolusTime":1704180554311,"time":"2024-01-02T12:28:14.005Z"}},{"iob":0,"basaliob":-0.003,"bolussnooze":0,"activity":0,"lastBolusTime":1704180554311,"time":"2024-01-02T12:33:14.005Z","iobWithZeroTemp":{"iob":-0.352,"basaliob":-0.355,"bolussnooze":0,"activity":-0.0042,"lastBolusTime":1704180554311,"time":"2024-01-02T12:33:14.005Z"}}],"profile":{"max_iob":10,"type":"current","max_daily_basal":0.35,"max_basal":1.05,"min_bg":90,"max_bg":90,"target_bg":90,"carb_ratio":8.8,"sens":120,"max_daily_safety_multiplier":3,"current_basal_safety_multiplier":4,"lgsThreshold":95,"high_temptarget_raises_sensitivity":true,"low_temptarget_lowers_sensitivity":true,"sensitivity_raises_target":true,"resistance_lowers_target":true,"adv_target_adjustments":false,"exercise_mode":false,"half_basal_exercise_target":160,"maxCOB":120,"skip_neutral_temps":false,"remainingCarbsCap":90,"enableUAM":true,"A52_risk_enable":false,"SMBInterval":6,"enableSMB_with_COB":true,"enableSMB_with_temptarget":true,"allowSMB_with_high_temptarget":false,"enableSMB_always":false,"enableSMB_after_carbs":true,"maxSMBBasalMinutes":45,"maxUAMSMBBasalMinutes":40,"bolus_increment":0.05,"carbsReqThreshold":2,"current_basal":0.35,"temptargetSet":true,"autosens_max":1.3,"autosens_min":0.7,"variable_sens":158,"insulinDivisor":75,"TDD":11.063597714285715},"autosens_data":{"ratio":0.8240723790643645},"meal_data":{"carbs":15,"mealCOB":4.879999999999998,"slopeFromMaxDeviation":-4.196000000000001,"slopeFromMinDeviation":0,"lastBolusTime":1704180554311,"lastCarbTime":1704180550076},"microBolusAllowed":true,"currentTime":1704184694561,"flatBGsDetected":false,"tdd1D":10.2375,"tdd7D":15.997785714285714,"tddLast24H":13.183333333333332,"tddLast4H":2.9875000000000003,"tddLast8to4H":1.4666666666666663},"output":{"temp":"absolute","bg":135,"tick":-9,"eventualBG":87,"targetBG":90,"insulinReq":0,"deliverAt":"2024-01-02T08:38:14.561Z","sensitivityRatio":1.2,"variable_sens":158,"predBGs":{"IOB":[135,125,116,107,97,88,78,69,59,49,39,39,39],"ZT":[135,124,113,103,92,82,72,62,52,43,39,39,39,39,39,39,39,39,39,39,39,39,39,39,39,39,39,39,39,39,39,42,48,54,59,64,69,73,78,82,86,90],"COB":[135,126,117,109,102,95,89,84,80,75,72,69,66,64,62,61,60,59,59,59,59,60,60,61,63,64,65,67,68,70,71,73,74,75,77,78,79,80,81,82,83,84,85,85,86,86,87],"UAM":[135,124,113,103,92,81,70,60,48,39,39,39,39]},"reason":"COB: 4.9, Dev: 9, BGI: -11, ISF: 158, CR: 8.8, Target: 90, minPredBG -6, minGuardBG -55, IOBpredBG 39, COBpredBG 87, UAMpredBG 39; 6 add'l carbs req w\/in 30m; minGuardBG -55<95","COB":4.879999999999998,"IOB":0.816,"carbsReq":6,"carbsReqWithin":30,"duration":120,"rate":0,"timestamp":"2024-01-02T08:38:14.575Z"}}