{"algorithm":"OpenAPSSMBDynamicISFPlugin","input":{"glucoseStatus":{"glucose":77,"noise":0,"delta":-3.89,"short_avgdelta":-3.89,"long_avgdelta":-1.03,"date":1704221275000},"currenttemp":{"temp":"absolute","duration":90,"rate":0,"minutesrunning":30},"iob_data":[{"iob":0.347,"basaliob":-0.135,"bolussnooze":0.0278,"activity":0.0073,"lastBolusTime":1704220103599,"time":"2024-01-02T18:48:19.989Z","iobWithZeroTemp":{"iob":0.347,"basaliob":-0.135,"bolussnooze":0.0278,"activity":0.0073,"lastBolusTime":1704220103599,"time":"2024-01-02T18:48:19.989Z"}},{"iob":0.313,"basaliob":-0.127,"bolussnooze":0.0213,"activity":0.0066,"lastBolusTime":1704220103599,"time":"2024-01-02T18:53:19.989Z","iobWithZeroTemp":{"iob":0.306,"basaliob":-0.134,"bolussnooze":0.0213,"activity":0.0066,"lastBolusTime":1704220103599,"time":"2024-01-02T18:53:19.989Z"}},{"iob":0.281,"basaliob":-0.119,"bolussnooze":0.0161,"activity":0.0061,"lastBolusTime":1704220103599,"time":"2024-01-02T18:58:19.989Z","iobWithZeroTemp":{"iob":0.266,"basaliob":-0.134,"bolussnooze":0.0161,"activity":0.0061,"lastBolusTime":1704220103599,"time":"2024-01-02T18:58:19.989Z"}},{"iob":0.252,"basaliob":-0.112,"bolussnooze":0.012,"activity":0.0055,"lastBolusTime":1704220103599,"time":"2024-01-02T19:03:19.989Z","iobWithZeroTemp":{"iob":0.21,"basaliob":-0.154,"bolussnooze":0.012,"activity":0.0054,"lastBolusTime":1704220103599,"time":"2024-01-02T19:03:19.989Z"}},{"iob":0.225,"basaliob":-0.105,"bolussnooze":0.0088,"activity":0.005,"lastBolusTime":1704220103599,"time":"2024-01-02T19:08:19.989Z","iobWithZeroTemp":{"iob":0.155,"basaliob":-0.175,"bolussnooze":0.0088,"activity":0.0048,"lastBolusTime":1704220103599,"time":"2024-01-02T19:08:19.989Z"}},{"iob":0.202,"basaliob":-0.097,"bolussnooze":0.0063,"activity":0.0045,"lastBolusTime":1704220103599,"time":"2024-01-02T19:13:19.989Z","iobWithZeroTemp":{"iob":0.104,"basaliob":-0.195,"bolussnooze":0.0063,"activity":0.0041,"lastBolusTime":1704220103599,"time":"2024-01-02T19:13:19.989Z"}},{"iob":0.18,"basaliob":-0.091,"bolussnooze":0.0044,"activity":0.0042,"lastBolusTime":1704220103599,"time":"2024-01-02T19:18:19.989Z","iobWithZeroTemp":{"iob":0.056,"basaliob":-0.215,"bolussnooze":0.0044,"activity":0.0037,"lastBolusTime":1704220103599,"time":"2024-01-02T19:18:19.989Z"}},{"iob":0.161,"basaliob":-0.084,"bolussnooze":0.0029,"activity":0.0037,"lastBolusTime":1704220103599,"time":"2024-01-02T19:23:19.989Z","iobWithZeroTemp":{"iob":0.011,"basaliob":-0.234,"bolussnooze":0.0029,"activity":0.0029,"lastBolusTime":1704220103599,"time":"2024-01-02T19:23:19.989Z"}},{"iob":0.143,"basaliob":-0.078,"bolussnooze":0.0019,"activity":0.0034,"lastBolusTime":1704220103599,"time":"2024-01-02T19:28:19.989Z","iobWithZeroTemp":{"iob":-0.032,"basaliob":-0.253,"bolussnooze":0.0019,"activity":0.0024,"lastBolusTime":1704220103599,"time":"2024-01-02T19:28:19.989Z"}},{"iob":0.127,"basaliob":-0.072,"bolussnooze":0.0011,"activity":0.003,"lastBolusTime":1704220103599,"time":"2024-01-02T19:33:19.989Z","iobWithZeroTemp":{"iob":-0.071,"basaliob":-0.27,"bolussnooze":0.0011,"activity":0.0018,"lastBolusTime":1704220103599,"time":"2024-01-02T19:33:19.989Z"}},{"iob":0.113,"basaliob":-0.066,"bolussnooze":6.0E-4,"activity":0.0027,"lastBolusTime":1704220103599,"time":"2024-01-02T19:38:19.989Z","iobWithZeroTemp":{"iob":-0.108,"basaliob":-0.287,"bolussnooze":6.0E-4,"activity":0.0012,"lastBolusTime":1704220103599,"time":"2024-01-02T19:38:19.989Z"}},{"iob":0.099,"basaliob":-0.061,"bolussnooze":3.0E-4,"activity":0.0025,"lastBolusTime":1704220103599,"time":"2024-01-02T19:43:19.989Z","iobWithZeroTemp":{"iob":-0.143,"basaliob":-0.303,"bolussnooze":3.0E-4,"activity":8.0E-4,"lastBolusTime":1704220103599,"time":"2024-01-02T19:43:19.989Z"}},{"iob":0.088,"basaliob":-0.056,"bolussnooze":1.0E-4,"activity":0.0022,"lastBolusTime":1704220103599,"time":"2024-01-02T19:48:19.989Z","iobWithZeroTemp":{"iob":-0.174,"basaliob":-0.318,"bolussnooze":1.0E-4,"activity":2.0E-4,"lastBolusTime":1704220103599,"time":"2024-01-02T19:48:19.989Z"}},{"iob":0.077,"basaliob":-0.051,"bolussnooze":0,"activity":0.002,"lastBolusTime":1704220103599,"time":"2024-01-02T19:53:19.989Z","iobWithZeroTemp":{"iob":-0.204,"basaliob":-0.332,"bolussnooze":0,"activity":-2.0E-4,"lastBolusTime":1704220103599,"time":"2024-01-02T19:53:19.989Z"}},{"iob":0.068,"basaliob":-0.047,"bolussnooze":0,"activity":0.0018,"lastBolusTime":1704220103599,"time":"2024-01-02T19:58:19.989Z","iobWithZeroTemp":{"iob":-0.23,"basaliob":-0.345,"bolussnooze":0,"activity":-6.0E-4,"lastBolusTime":1704220103599,"time":"2024-01-02T19:58:19.989Z"}},{"iob":0.059,"basaliob":-0.043,"bolussnooze":0,"activity":0.0016,"lastBolusTime":1704220103599,"time":"2024-01-02T20:03:19.989Z","iobWithZeroTemp":{"iob":-0.256,"basaliob":-0.358,"bolussnooze":0,"activity":-0.0011,"lastBolusTime":1704220103599,"time":"2024-01-02T20:03:19.989Z"}},{"iob":0.052,"basaliob":-0.039,"bolussnooze":0,"activity":0.0014,"lastBolusTime":1704220103599,"time":"2024-01-02T20:08:19.989Z","iobWithZeroTemp":{"iob":-0.278,"basaliob":-0.369,"bolussnooze":0,"activity":-0.0015,"lastBolusTime":1704220103599,"time":"2024-01-02T20:08:19.989Z"}},{"iob":0.045,"basaliob":-0.035,"bolussnooze":0,"activity":0.0012,"lastBolusTime":1704220103599,"time":"2024-01-02T20:13:19.989Z","iobWithZeroTemp":{"iob":-0.299,"basaliob":-0.379,"bolussnooze":0,"activity":-0.0019,"lastBolusTime":1704220103599,"time":"2024-01-02T20:13:19.989Z"}},{"iob":0.039,"basaliob":-0.032,"bolussnooze":0,"activity":0.0011,"lastBolusTime":1704220103599,"time":"2024-01-02T20:18:19.989Z","iobWithZeroTemp":{"iob":-0.318,"basaliob":-0.389,"bolussnooze":0,"activity":-0.0022,"lastBolusTime":1704220103599,"time":"2024-01-02T20:18:19.989Z"}},{"iob":0.034,"basaliob":-0.029,"bolussnooze":0,"activity":0.001,"lastBolusTime":1704220103599,"time":"2024-01-02T20:23:19.989Z","iobWithZeroTemp":{"iob":-0.336,"basaliob":-0.399,"bolussnooze":0,"activity":-0.0025,"lastBolusTime":1704220103599,"time":"2024-01-02T20:23:19.989Z"}},{"iob":0.029,"basaliob":-0.027,"bolussnooze":0,"activity":9.0E-4,"lastBolusTime":1704220103599,"time":"2024-01-02T20:28:19.989Z","iobWithZeroTemp":{"iob":-0.352,"basaliob":-0.408,"bolussnooze":0,"activity":-0.0028,"lastBolusTime":1704220103599,"time":"2024-01-02T20:28:19.989Z"}},{"iob":0.025,"basaliob":-0.024,"bolussnooze":0,"activity":8.0E-4,"lastBolusTime":1704220103599,"time":"2024-01-02T20:33:19.989Z","iobWithZeroTemp":{"iob":-0.366,"basaliob":-0.415,"bolussnooze":0,"activity":-0.0031,"lastBolusTime":1704220103599,"time":"2024-01-02T20:33:19.989Z"}},{"iob":0.021,"basaliob":-0.022,"bolussnooze":0,"activity":7.0E-4,"lastBolusTime":1704220103599,"time":"2024-01-02T20:38:19.989Z","iobWithZeroTemp":{"iob":-0.38,"basaliob":-0.423,"bolussnooze":0,"activity":-0.0033,"lastBolusTime":1704220103599,"time":"2024-01-02T20:38:19.989Z"}},{"iob":0.018,"basaliob":-0.02,"bolussnooze":0,"activity":6.0E-4,"lastBolusTime":1704220103599,"time":"2024-01-02T20:43:19.989Z","iobWithZeroTemp":{"iob":-0.391,"basaliob":-0.429,"bolussnooze":0,"activity":-0.0036,"lastBolusTime":1704220103599,"time":"2024-01-02T20:43:19.989Z"}},{"iob":0.015,"basaliob":-0.018,"bolussnooze":0,"activity":5.0E-4,"lastBolusTime":1704220103599,"time":"2024-01-02T20:48:19.989Z","iobWithZeroTemp":{"iob":-0.402,"basaliob":-0.435,"bolussnooze":0,"activity":-0.0038,"lastBolusTime":1704220103599,"time":"2024-01-02T20:48:19.989Z"}},{"iob":0.013,"basaliob":-0.016,"bolussnooze":0,"activity":5.0E-4,"lastBolusTime":1704220103599,"time":"2024-01-02T20:53:19.989Z","iobWithZeroTemp":{"iob":-0.412,"basaliob":-0.441,"bolussnooze":0,"activity":-0.0039,"lastBolusTime":1704220103599,"time":"2024-01-02T20:53:19.989Z"}},{"iob":0.011,"basaliob":-0.014,"bolussnooze":0,"activity":4.0E-4,"lastBolusTime":1704220103599,"time":"2024-01-02T20:58:19.989Z","iobWithZeroTemp":{"iob":-0.42,"basaliob":-0.445,"bolussnooze":0,"activity":-0.0042,"lastBolusTime":1704220103599,"time":"2024-01-02T20:58:19.989Z"}},{"iob":0.009,"basaliob":-0.013,"bolussnooze":0,"activity":3.0E-4,"lastBolusTime":1704220103599,"time":"2024-01-02T21:03:19.989Z","iobWithZeroTemp":{"iob":-0.424,"basaliob":-0.446,"bolussnooze":0,"activity":-0.0044,"lastBolusTime":1704220103599,"time":"2024-01-02T21:03:19.989Z"}},{"iob":0.008,"basaliob":-0.011,"bolussnooze":0,"activity":2.0E-4,"lastBolusTime":1704220103599,"time":"2024-01-02T21:08:19.989Z","iobWithZeroTemp":{"iob":-0.427,"basaliob":-0.446,"bolussnooze":0,"activity":-0.0046,"lastBolusTime":1704220103599,"time":"2024-01-02T21:08:19.989Z"}},{"iob":0.006,"basaliob":-0.01,"bolussnooze":0,"activity":3.0E-4,"lastBolusTime":1704220103599,"time":"2024-01-02T21:13:19.989Z","iobWithZeroTemp":{"iob":-0.43,"basaliob":-0.446,"bolussnooze":0,"activity":-0.0045,"lastBolusTime":1704220103599,"time":"2024-01-02T21:13:19.989Z"}},{"iob":0.005,"basaliob":-0.009,"bolussnooze":0,"activity":2.0E-4,"lastBolusTime":1704220103599,"time":"2024-01-02T21:18:19.989Z","iobWithZeroTemp":{"iob":-0.432,"basaliob":-0.446,"bolussnooze":0,"activity":-0.0047,"lastBolusTime":1704220103599,"time":"2024-01-02T21:18:19.989Z"}},{"iob":0.004,"basaliob":-0.008,"bolussnooze":0,"activity":2.0E-4,"lastBolusTime":1704220103599,"time":"2024-01-02T21:23:19.989Z","iobWithZeroTemp":{"iob":-0.433,"basaliob":-0.445,"bolussnooze":0,"activity":-0.0048,"lastBolusTime":1704220103599,"time":"2024-01-02T21:23:19.989Z"}},{"iob":0.003,"basaliob":-0.007,"bolussnooze":0,"activity":1.0E-4,"lastBolusTime":1704220103599,"time":"2024-01-02T21:28:19.989Z","iobWithZeroTemp":{"iob":-0.434,"basaliob":-0.444,"bolussnooze":0,"activity":-0.0049,"lastBolusTime":1704220103599,"time":"2024-01-02T21:28:19.989Z"}},{"iob":0.003,"basaliob":-0.006,"bolussnooze":0,"activity":1.0E-4,"lastBolusTime":1704220103599,"time":"2024-01-02T21:33:19.989Z","iobWithZeroTemp":{"iob":-0.434,"basaliob":-0.443,"bolussnooze":0,"activity":-0.0049,"lastBolusTime":1704220103599,"time":"2024-01-02T21:33:19.989Z"}},{"iob":0.001,"basaliob":-0.006,"bolussnooze":0,"activity":1.0E-4,"lastBolusTime":1704220103599,"time":"2024-01-02T21:38:19.989Z","iobWithZeroTemp":{"iob":-0.436,"basaliob":-0.443,"bolussnooze":0,"activity":-0.005,"lastBolusTime":1704220103599,"time":"2024-01-02T21:38:19.989Z"}},{"iob":0.001,"basaliob":-0.005,"bolussnooze":0,"activity":1.0E-4,"lastBolusTime":1704220103599,"time":"2024-01-02T21:43:19.989Z","iobWithZeroTemp":{"iob":-0.435,"basaliob":-0.441,"bolussnooze":0,"activity":-0.005,"lastBolusTime":1704220103599,"time":"2024-01-02T21:43:19.989Z"}},{"iob":0.001,"basaliob":-0.004,"bolussnooze":0,"activity":1.0E-4,"lastBolusTime":1704220103599,"time":"2024-01-02T21:48:19.989Z","iobWithZeroTemp":{"iob":-0.435,"basaliob":-0.44,"bolussnooze":0,"activity":-0.005,"lastBolusTime":1704220103599,"time":"2024-01-02T21:48:19.989Z"}},{"iob":0,"basaliob":-0.004,"bolussnooze":0,"activity":1.0E-4,"lastBolusTime":1704220103599,"time":"2024-01-02T21:53:19.989Z","iobWithZeroTemp":{"iob":-0.435,"basaliob":-0.439,"bolussnooze":0,"activity":-0.005,"lastBolusTime":1704220103599,"time":"2024-01-02T21:53:19.989Z"}},{"iob":0.001,"basaliob":-0.003,"bolussnooze":0,"activity":0,"lastBolusTime":1704220103599,"time":"2024-01-02T21:58:19.989Z","iobWithZeroTemp":{"iob":-0.434,"basaliob":-0.438,"bolussnooze":0,"activity":-0.0051,"lastBolusTime":1704220103599,"time":"2024-01-02T21:58:19.989Z"}},{"iob":0,"basaliob":-0.003,"bolussnooze":0,"activity":0,"lastBolusTime":1704220103599,"time":"2024-01-02T22:03:19.989Z","iobWithZeroTemp":{"iob":-0.43,"basaliob":-0.433,"bolussnooze":0,"activity":-0.0051,"lastBolusTime":1704220103599,"time":"2024-01-02T22:03:19.989Z"}},{"iob":0,"basaliob":-0.003,"bolussnooze":0,"activity":0,"lastBolusTime":1704220103599,"time":"2024-01-02T22:08:19.989Z","iobWithZeroTemp":{"iob":-0.425,"basaliob":-0.428,"bolussnooze":0,"activity":-0.0051,"lastBolusTime":1704220103599,"time":"2024-01-02T22:08:19.989Z"}},{"iob":0,"basaliob":-0.002,"bolussnooze":0,"activity":0,"lastBolusTime":1704220103599,"time":"2024-01-02T22:13:19.989Z","iobWithZeroTemp":{"iob":-0.421,"basaliob":-0.423,"bolussnooze":0,"activity":-0.0051,"lastBolusTime":1704220103599,"time":"2024-01-02T22:13:19.989Z"}},{"iob":0,"basaliob":-0.002,"bolussnooze":0,"activity":0,"lastBolusTime":1704220103599,"time":"2024-01-02T22:18:19.989Z","iobWithZeroTemp":{"iob":-0.416,"basaliob":-0.418,"bolussnooze":0,"activity":-0.0051,"lastBolusTime":1704220103599,"time":"2024-01-02T22:18:19.989Z"}},{"iob":-0.001,"basaliob":-0.002,"bolussnooze":0,"activity":1.0E-4,"lastBolusTime":1704220103599,"time":"2024-01-02T22:23:19.989Z","iobWithZeroTemp":{"iob":-0.413,"basaliob":-0.414,"bolussnooze":0,"activity":-0.0049,"lastBolusTime":1704220103599,"time":"2024-01-02T22:23:19.989Z"}},{"iob":0,"basaliob":-0.001,"bolussnooze":0,"activity":0,"lastBolusTime":1704220103599,"time":"2024-01-02T22:28:19.989Z","iobWithZeroTemp":{"iob":-0.407,"basaliob":-0.408,"bolussnooze":0,"activity":-0.005,"lastBolusTime":1704220103599,"time":"2024-01-02T22:28:19.989Z"}},{"iob":0,"basaliob":-0.001,"bolussnooze":0,"activity":0,"lastBolusTime":1704220103599,"time":"2024-01-02T22:33:19.989Z","iobWithZeroTemp":{"iob":-0.403,"basaliob":-0.404,"bolussnooze":0,"activity":-0.005,"lastBolusTime":1704220103599,"time":"2024-01-02T22:33:19.989Z"}},{"iob":0,"basaliob":-0.001,"bolussnooze":0,"activity":0,"lastBolusTime":1704220103599,"time":"2024-01-02T22:38:19.989Z","iobWithZeroTemp":{"iob":-0.399,"basaliob":-0.4,"bolussnooze":0,"activity":-0.0049,"lastBolusTime":1704220103599,"time":"2024-01-02T22:38:19.989Z"}},{"iob":0,"basaliob":-0.001,"bolussnooze":0,"activity":0,"lastBolusTime":1704220103599,"time":"2024-01-02T22:43:19.989Z","iobWithZeroTemp":{"iob":-0.396,"basaliob":-0.397,"bolussnooze":0,"activity":-0.0049,"lastBolusTime":1704220103599,"time":"2024-01-02T22:43:19.989Z"}}],"profile":{"max_iob":10,"type":"current","max_daily_basal":0.35,"max_basal":0.4,"min_bg":75,"max_bg":75,"target_bg":75,"carb_ratio":8.8,"sens":120,"max_daily_safety_multiplier":3,"current_basal_safety_multiplier":4,"lgsThreshold":95,"high_temptarget_raises_sensitivity":true,"low_temptarget_lowers_sensitivity":true,"sensitivity_raises_target":true,"resistance_lowers_target":true,"adv_target_adjustments":false,"exercise_mode":false,"half_basal_exercise_target":160,"maxCOB":120,"skip_neutral_temps":false,"remainingCarbsCap":90,"enableUAM":true,"A52_risk_enable":false,"SMBInterval":6,"enableSMB_with_COB":true,"enableSMB_with_temptarget":true,"allowSMB_with_high_temptarget":false,"enableSMB_always":false,"enableSMB_after_carbs":true,"maxSMBBasalMinutes":45,"maxUAMSMBBasalMinutes":40,"bolus_increment":0.05,"carbsReqThreshold":2,"current_basal":0.1,"temptargetSet":true,"autosens_max":1.3,"autosens_min":0.7,"variable_sens":204.9,"insulinDivisor":75,"TDD":12.437057714285716},"autosens_data":{"ratio":0.8936132530246},"meal_data":{"carbs":18,"mealCOB":3.708799999999995,"slopeFromMaxDeviation":-3.032,"slopeFromMinDeviation":0,"lastBolusTime":1704220103599,"lastCarbTime":1704214575755},"microBolusAllowed":true,"currentTime":1704221301712,"flatBGsDetected":false,"tdd1D":10.2375,"tdd7D":15.997785714285714,"tddLast24H":14.29583333333333,"tddLast4H":3.795833333333334,"tddLast8to4H":2.470833333333333},"output":{"temp":"absolute","bg":77,"tick":-4,"eventualBG":87,"targetBG":75,"insulinReq":0,"deliverAt":"2024-01-02T18:48:21.712Z","sensitivityRatio":1.3,"variable_sens":204.9,"predBGs":{"IOB":[77,73,69,65,61,57,53,49,44,40,39,39,39],"ZT":[77,70,62,55,48,41,39,39,39,39,39,39,39,39,39,39,39,39,39,39,39,39,39,45,50,56,61,66,71],"COB":[77,73,70,67,65,63,61,60,59,59,58,58,59,59,59,60,61,62,63,64,65,66,67,68,69,71,72,73,74,75,76,77,78,79,80,81,82,83,83,84,85,85,86,86,86,87],"UAM":[77,70,63,56,48,41,39,39,39,39,39,39,39]},"reason":"COB: 3.7, Dev: 22, BGI: -7, ISF: 205, CR: 8.8, Target: 75, minPredBG 11, minGuardBG -13, IOBpredBG 39, COBpredBG 87, UAMpredBG 39; 5 add'l carbs req w\/in 0m; minGuardBG -13<95","COB":3.708799999999995,"IOB":0.347,"carbsReq":5,"carbsReqWithin":0,"duration":120,"rate":0,"timestamp":"2024-01-02T18:48:21.742Z"}}