{"algorithm":"OpenAPSSMBDynamicISFPlugin","input":{"glucoseStatus":{"glucose":104,"noise":0,"delta":6.5,"short_avgdelta":6.5,"long_avgdelta":6.3,"date":1704280677000},"currenttemp":{"temp":"absolute","duration":25,"rate":0.4,"minutesrunning":5},"iob_data":[{"iob":-0.124,"basaliob":-0.229,"bolussnooze":0,"activity":-0.0021,"lastBolusTime":1704280413170,"time":"2024-01-03T11:18:24.294Z","iobWithZeroTemp":{"iob":-0.124,"basaliob":-0.229,"bolussnooze":0,"activity":-0.0021,"lastBolusTime":1704280413170,"time":"2024-01-03T11:18:24.294Z"}},{"iob":-0.114,"basaliob":-0.212,"bolussnooze":0,"activity":-0.002,"lastBolusTime":1704280413170,"time":"2024-01-03T11:23:24.294Z","iobWithZeroTemp":{"iob":-0.131,"basaliob":-0.229,"bolussnooze":0,"activity":-0.002,"lastBolusTime":1704280413170,"time":"2024-01-03T11:23:24.294Z"}},{"iob":-0.104,"basaliob":-0.195,"bolussnooze":0,"activity":-0.0018,"lastBolusTime":1704280413170,"time":"2024-01-03T11:28:24.294Z","iobWithZeroTemp":{"iob":-0.141,"basaliob":-0.232,"bolussnooze":0,"activity":-0.0019,"lastBolusTime":1704280413170,"time":"2024-01-03T11:28:24.294Z"}},{"iob":-0.096,"basaliob":-0.18,"bolussnooze":0,"activity":-0.0017,"lastBolusTime":1704280413170,"time":"2024-01-03T11:33:24.294Z","iobWithZeroTemp":{"iob":-0.154,"basaliob":-0.238,"bolussnooze":0,"activity":-0.0019,"lastBolusTime":1704280413170,"time":"2024-01-03T11:33:24.294Z"}},{"iob":-0.088,"basaliob":-0.165,"bolussnooze":0,"activity":-0.0016,"lastBolusTime":1704280413170,"time":"2024-01-03T11:38:24.294Z","iobWithZeroTemp":{"iob":-0.165,"basaliob":-0.242,"bolussnooze":0,"activity":-0.0019,"lastBolusTime":1704280413170,"time":"2024-01-03T11:38:24.294Z"}},{"iob":-0.08,"basaliob":-0.151,"bolussnooze":0,"activity":-0.0015,"lastBolusTime":1704280413170,"time":"2024-01-03T11:43:24.294Z","iobWithZeroTemp":{"iob":-0.176,"basaliob":-0.247,"bolussnooze":0,"activity":-0.0019,"lastBolusTime":1704280413170,"time":"2024-01-03T11:43:24.294Z"}},{"iob":-0.072,"basaliob":-0.138,"bolussnooze":0,"activity":-0.0014,"lastBolusTime":1704280413170,"time":"2024-01-03T11:48:24.294Z","iobWithZeroTemp":{"iob":-0.186,"basaliob":-0.252,"bolussnooze":0,"activity":-0.002,"lastBolusTime":1704280413170,"time":"2024-01-03T11:48:24.294Z"}},{"iob":-0.066,"basaliob":-0.126,"bolussnooze":0,"activity":-0.0013,"lastBolusTime":1704280413170,"time":"2024-01-03T11:53:24.294Z","iobWithZeroTemp":{"iob":-0.198,"basaliob":-0.258,"bolussnooze":0,"activity":-0.0021,"lastBolusTime":1704280413170,"time":"2024-01-03T11:53:24.294Z"}},{"iob":-0.06,"basaliob":-0.115,"bolussnooze":0,"activity":-0.0011,"lastBolusTime":1704280413170,"time":"2024-01-03T11:58:24.294Z","iobWithZeroTemp":{"iob":-0.209,"basaliob":-0.264,"bolussnooze":0,"activity":-0.002,"lastBolusTime":1704280413170,"time":"2024-01-03T11:58:24.294Z"}},{"iob":-0.055,"basaliob":-0.105,"bolussnooze":0,"activity":-0.0011,"lastBolusTime":1704280413170,"time":"2024-01-03T12:03:24.294Z","iobWithZeroTemp":{"iob":-0.219,"basaliob":-0.269,"bolussnooze":0,"activity":-0.0022,"lastBolusTime":1704280413170,"time":"2024-01-03T12:03:24.294Z"}},{"iob":-0.049,"basaliob":-0.095,"bolussnooze":0,"activity":-9.0E-4,"lastBolusTime":1704280413170,"time":"2024-01-03T12:08:24.294Z","iobWithZeroTemp":{"iob":-0.228,"basaliob":-0.274,"bolussnooze":0,"activity":-0.0022,"lastBolusTime":1704280413170,"time":"2024-01-03T12:08:24.294Z"}},{"iob":-0.045,"basaliob":-0.087,"bolussnooze":0,"activity":-9.0E-4,"lastBolusTime":1704280413170,"time":"2024-01-03T12:13:24.294Z","iobWithZeroTemp":{"iob":-0.238,"basaliob":-0.28,"bolussnooze":0,"activity":-0.0024,"lastBolusTime":1704280413170,"time":"2024-01-03T12:13:24.294Z"}},{"iob":-0.04,"basaliob":-0.078,"bolussnooze":0,"activity":-9.0E-4,"lastBolusTime":1704280413170,"time":"2024-01-03T12:18:24.294Z","iobWithZeroTemp":{"iob":-0.246,"basaliob":-0.284,"bolussnooze":0,"activity":-0.0025,"lastBolusTime":1704280413170,"time":"2024-01-03T12:18:24.294Z"}},{"iob":-0.036,"basaliob":-0.071,"bolussnooze":0,"activity":-7.0E-4,"lastBolusTime":1704280413170,"time":"2024-01-03T12:23:24.294Z","iobWithZeroTemp":{"iob":-0.254,"basaliob":-0.289,"bolussnooze":0,"activity":-0.0025,"lastBolusTime":1704280413170,"time":"2024-01-03T12:23:24.294Z"}},{"iob":-0.033,"basaliob":-0.064,"bolussnooze":0,"activity":-7.0E-4,"lastBolusTime":1704280413170,"time":"2024-01-03T12:28:24.294Z","iobWithZeroTemp":{"iob":-0.263,"basaliob":-0.294,"bolussnooze":0,"activity":-0.0027,"lastBolusTime":1704280413170,"time":"2024-01-03T12:28:24.294Z"}},{"iob":-0.03,"basaliob":-0.058,"bolussnooze":0,"activity":-6.0E-4,"lastBolusTime":1704280413170,"time":"2024-01-03T12:33:24.294Z","iobWithZeroTemp":{"iob":-0.27,"basaliob":-0.298,"bolussnooze":0,"activity":-0.0027,"lastBolusTime":1704280413170,"time":"2024-01-03T12:33:24.294Z"}},{"iob":-0.026,"basaliob":-0.052,"bolussnooze":0,"activity":-6.0E-4,"lastBolusTime":1704280413170,"time":"2024-01-03T12:38:24.294Z","iobWithZeroTemp":{"iob":-0.276,"basaliob":-0.302,"bolussnooze":0,"activity":-0.0029,"lastBolusTime":1704280413170,"time":"2024-01-03T12:38:24.294Z"}},{"iob":-0.024,"basaliob":-0.047,"bolussnooze":0,"activity":-5.0E-4,"lastBolusTime":1704280413170,"time":"2024-01-03T12:43:24.294Z","iobWithZeroTemp":{"iob":-0.283,"basaliob":-0.306,"bolussnooze":0,"activity":-0.0029,"lastBolusTime":1704280413170,"time":"2024-01-03T12:43:24.294Z"}},{"iob":-0.021,"basaliob":-0.042,"bolussnooze":0,"activity":-5.0E-4,"lastBolusTime":1704280413170,"time":"2024-01-03T12:48:24.294Z","iobWithZeroTemp":{"iob":-0.289,"basaliob":-0.31,"bolussnooze":0,"activity":-0.0031,"lastBolusTime":1704280413170,"time":"2024-01-03T12:48:24.294Z"}},{"iob":-0.019,"basaliob":-0.038,"bolussnooze":0,"activity":-4.0E-4,"lastBolusTime":1704280413170,"time":"2024-01-03T12:53:24.294Z","iobWithZeroTemp":{"iob":-0.294,"basaliob":-0.313,"bolussnooze":0,"activity":-0.0031,"lastBolusTime":1704280413170,"time":"2024-01-03T12:53:24.294Z"}},{"iob":-0.017,"basaliob":-0.034,"bolussnooze":0,"activity":-4.0E-4,"lastBolusTime":1704280413170,"time":"2024-01-03T12:58:24.294Z","iobWithZeroTemp":{"iob":-0.299,"basaliob":-0.316,"bolussnooze":0,"activity":-0.0032,"lastBolusTime":1704280413170,"time":"2024-01-03T12:58:24.294Z"}},{"iob":-0.015,"basaliob":-0.03,"bolussnooze":0,"activity":-4.0E-4,"lastBolusTime":1704280413170,"time":"2024-01-03T13:03:24.294Z","iobWithZeroTemp":{"iob":-0.312,"basaliob":-0.327,"bolussnooze":0,"activity":-0.0033,"lastBolusTime":1704280413170,"time":"2024-01-03T13:03:24.294Z"}},{"iob":-0.013,"basaliob":-0.027,"bolussnooze":0,"activity":-3.0E-4,"lastBolusTime":1704280413170,"time":"2024-01-03T13:08:24.294Z","iobWithZeroTemp":{"iob":-0.324,"basaliob":-0.338,"bolussnooze":0,"activity":-0.0034,"lastBolusTime":1704280413170,"time":"2024-01-03T13:08:24.294Z"}},{"iob":-0.012,"basaliob":-0.024,"bolussnooze":0,"activity":-3.0E-4,"lastBolusTime":1704280413170,"time":"2024-01-03T13:13:24.294Z","iobWithZeroTemp":{"iob":-0.337,"basaliob":-0.349,"bolussnooze":0,"activity":-0.0035,"lastBolusTime":1704280413170,"time":"2024-01-03T13:13:24.294Z"}},{"iob":-0.01,"basaliob":-0.021,"bolussnooze":0,"activity":-3.0E-4,"lastBolusTime":1704280413170,"time":"2024-01-03T13:18:24.294Z","iobWithZeroTemp":{"iob":-0.348,"basaliob":-0.359,"bolussnooze":0,"activity":-0.0036,"lastBolusTime":1704280413170,"time":"2024-01-03T13:18:24.294Z"}},{"iob":-0.009,"basaliob":-0.019,"bolussnooze":0,"activity":-3.0E-4,"lastBolusTime":1704280413170,"time":"2024-01-03T13:23:24.294Z","iobWithZeroTemp":{"iob":-0.359,"basaliob":-0.369,"bolussnooze":0,"activity":-0.0038,"lastBolusTime":1704280413170,"time":"2024-01-03T13:23:24.294Z"}},{"iob":-0.007,"basaliob":-0.016,"bolussnooze":0,"activity":-2.0E-4,"lastBolusTime":1704280413170,"time":"2024-01-03T13:28:24.294Z","iobWithZeroTemp":{"iob":-0.368,"basaliob":-0.377,"bolussnooze":0,"activity":-0.0038,"lastBolusTime":1704280413170,"time":"2024-01-03T13:28:24.294Z"}},{"iob":-0.007,"basaliob":-0.015,"bolussnooze":0,"activity":-2.0E-4,"lastBolusTime":1704280413170,"time":"2024-01-03T13:33:24.294Z","iobWithZeroTemp":{"iob":-0.379,"basaliob":-0.387,"bolussnooze":0,"activity":-0.004,"lastBolusTime":1704280413170,"time":"2024-01-03T13:33:24.294Z"}},{"iob":-0.006,"basaliob":-0.013,"bolussnooze":0,"activity":-1.0E-4,"lastBolusTime":1704280413170,"time":"2024-01-03T13:38:24.294Z","iobWithZeroTemp":{"iob":-0.388,"basaliob":-0.395,"bolussnooze":0,"activity":-0.004,"lastBolusTime":1704280413170,"time":"2024-01-03T13:38:24.294Z"}},{"iob":-0.005,"basaliob":-0.011,"bolussnooze":0,"activity":-2.0E-4,"lastBolusTime":1704280413170,"time":"2024-01-03T13:43:24.294Z","iobWithZeroTemp":{"iob":-0.396,"basaliob":-0.402,"bolussnooze":0,"activity":-0.0042,"lastBolusTime":1704280413170,"time":"2024-01-03T13:43:24.294Z"}},{"iob":-0.004,"basaliob":-0.01,"bolussnooze":0,"activity":-2.0E-4,"lastBolusTime":1704280413170,"time":"2024-01-03T13:48:24.294Z","iobWithZeroTemp":{"iob":-0.404,"basaliob":-0.41,"bolussnooze":0,"activity":-0.0044,"lastBolusTime":1704280413170,"time":"2024-01-03T13:48:24.294Z"}},{"iob":-0.004,"basaliob":-0.009,"bolussnooze":0,"activity":-1.0E-4,"lastBolusTime":1704280413170,"time":"2024-01-03T13:53:24.294Z","iobWithZeroTemp":{"iob":-0.412,"basaliob":-0.417,"bolussnooze":0,"activity":-0.0044,"lastBolusTime":1704280413170,"time":"2024-01-03T13:53:24.294Z"}},{"iob":-0.002,"basaliob":-0.007,"bolussnooze":0,"activity":-1.0E-4,"lastBolusTime":1704280413170,"time":"2024-01-03T13:58:24.294Z","iobWithZeroTemp":{"iob":-0.417,"basaliob":-0.422,"bolussnooze":0,"activity":-0.0045,"lastBolusTime":1704280413170,"time":"2024-01-03T13:58:24.294Z"}},{"iob":-0.002,"basaliob":-0.006,"bolussnooze":0,"activity":-1.0E-4,"lastBolusTime":1704280413170,"time":"2024-01-03T14:03:24.294Z","iobWithZeroTemp":{"iob":-0.404,"basaliob":-0.408,"bolussnooze":0,"activity":-0.0046,"lastBolusTime":1704280413170,"time":"2024-01-03T14:03:24.294Z"}},{"iob":-0.002,"basaliob":-0.006,"bolussnooze":0,"activity":-1.0E-4,"lastBolusTime":1704280413170,"time":"2024-01-03T14:08:24.294Z","iobWithZeroTemp":{"iob":-0.39,"basaliob":-0.394,"bolussnooze":0,"activity":-0.0046,"lastBolusTime":1704280413170,"time":"2024-01-03T14:08:24.294Z"}},{"iob":-0.002,"basaliob":-0.005,"bolussnooze":0,"activity":0,"lastBolusTime":1704280413170,"time":"2024-01-03T14:13:24.294Z","iobWithZeroTemp":{"iob":-0.375,"basaliob":-0.378,"bolussnooze":0,"activity":-0.0045,"lastBolusTime":1704280413170,"time":"2024-01-03T14:13:24.294Z"}},{"iob":-0.001,"basaliob":-0.004,"bolussnooze":0,"activity":0,"lastBolusTime":1704280413170,"time":"2024-01-03T14:18:24.294Z","iobWithZeroTemp":{"iob":-0.36,"basaliob":-0.363,"bolussnooze":0,"activity":-0.0045,"lastBolusTime":1704280413170,"time":"2024-01-03T14:18:24.294Z"}},{"iob":-0.001,"basaliob":-0.004,"bolussnooze":0,"activity":0,"lastBolusTime":1704280413170,"time":"2024-01-03T14:23:24.294Z","iobWithZeroTemp":{"iob":-0.347,"basaliob":-0.35,"bolussnooze":0,"activity":-0.0044,"lastBolusTime":1704280413170,"time":"2024-01-03T14:23:24.294Z"}},{"iob":-0.001,"basaliob":-0.003,"bolussnooze":0,"activity":0,"lastBolusTime":1704280413170,"time":"2024-01-03T14:28:24.294Z","iobWithZeroTemp":{"iob":-0.333,"basaliob":-0.335,"bolussnooze":0,"activity":-0.0043,"lastBolusTime":1704280413170,"time":"2024-01-03T14:28:24.294Z"}},{"iob":-0.001,"basaliob":-0.003,"bolussnooze":0,"activity":0,"lastBolusTime":1704280413170,"time":"2024-01-03T14:33:24.294Z","iobWithZeroTemp":{"iob":-0.32,"basaliob":-0.322,"bolussnooze":0,"activity":-0.0043,"lastBolusTime":1704280413170,"time":"2024-01-03T14:33:24.294Z"}},{"iob":0,"basaliob":-0.002,"bolussnooze":0,"activity":-1.0E-4,"lastBolusTime":1704280413170,"time":"2024-01-03T14:38:24.294Z","iobWithZeroTemp":{"iob":-0.306,"basaliob":-0.308,"bolussnooze":0,"activity":-0.0042,"lastBolusTime":1704280413170,"time":"2024-01-03T14:38:24.294Z"}},{"iob":0,"basaliob":-0.002,"bolussnooze":0,"activity":-1.0E-4,"lastBolusTime":1704280413170,"time":"2024-01-03T14:43:24.294Z","iobWithZeroTemp":{"iob":-0.294,"basaliob":-0.296,"bolussnooze":0,"activity":-0.0041,"lastBolusTime":1704280413170,"time":"2024-01-03T14:43:24.294Z"}},{"iob":-0.001,"basaliob":-0.002,"bolussnooze":0,"activity":-1.0E-4,"lastBolusTime":1704280413170,"time":"2024-01-03T14:48:24.294Z","iobWithZeroTemp":{"iob":-0.284,"basaliob":-0.285,"bolussnooze":0,"activity":-0.004,"lastBolusTime":1704280413170,"time":"2024-01-03T14:48:24.294Z"}},{"iob":0,"basaliob":-0.001,"bolussnooze":0,"activity":0,"lastBolusTime":1704280413170,"time":"2024-01-03T14:53:24.294Z","iobWithZeroTemp":{"iob":-0.272,"basaliob":-0.273,"bolussnooze":0,"activity":-0.0038,"lastBolusTime":1704280413170,"time":"2024-01-03T14:53:24.294Z"}},{"iob":0,"basaliob":-0.001,"bolussnooze":0,"activity":0,"lastBolusTime":1704280413170,"time":"2024-01-03T14:58:24.294Z","iobWithZeroTemp":{"iob":-0.261,"basaliob":-0.262,"bolussnooze":0,"activity":-0.0037,"lastBolusTime":1704280413170,"time":"2024-01-03T14:58:24.294Z"}},{"iob":0,"basaliob":-0.001,"bolussnooze":0,"activity":0,"lastBolusTime":1704280413170,"time":"2024-01-03T15:03:24.294Z","iobWithZeroTemp":{"iob":-0.252,"basaliob":-0.253,"bolussnooze":0,"activity":-0.0036,"lastBolusTime":1704280413170,"time":"2024-01-03T15:03:24.294Z"}},{"iob":0,"basaliob":-0.001,"bolussnooze":0,"activity":0,"lastBolusTime":1704280413170,"time":"2024-01-03T15:08:24.294Z","iobWithZeroTemp":{"iob":-0.243,"basaliob":-0.244,"bolussnooze":0,"activity":-0.0034,"lastBolusTime":1704280413170,"time":"2024-01-03T15:08:24.294Z"}},{"iob":0,"basaliob":-0.001,"bolussnooze":0,"activity":0,"lastBolusTime":1704280413170,"time":"2024-01-03T15:13:24.294Z","iobWithZeroTemp":{"iob":-0.234,"basaliob":-0.235,"bolussnooze":0,"activity":-0.0033,"lastBolusTime":1704280413170,"time":"2024-01-03T15:13:24.294Z"}}],"profile":{"max_iob":0,"type":"current","max_daily_basal":0.35,"max_basal":1,"min_bg":90,"max_bg":90,"target_bg":90,"carb_ratio":8.8,"sens":120,"max_daily_safety_multiplier":3,"current_basal_safety_multiplier":4,"lgsThreshold":95,"high_temptarget_raises_sensitivity":true,"low_temptarget_lowers_sensitivity":true,"sensitivity_raises_target":true,"resistance_lowers_target":true,"adv_target_adjustments":false,"exercise_mode":false,"half_basal_exercise_target":160,"maxCOB":120,"skip_neutral_temps":false,"remainingCarbsCap":90,"enableUAM":true,"A52_risk_enable":false,"SMBInterval":6,"enableSMB_with_COB":true,"enableSMB_with_temptarget":true,"allowSMB_with_high_temptarget":false,"enableSMB_always":false,"enableSMB_after_carbs":true,"maxSMBBasalMinutes":45,"maxUAMSMBBasalMinutes":40,"bolus_increment":0.05,"carbsReqThreshold":2,"current_basal":0.25,"temptargetSet":false,"autosens_max":1.3,"autosens_min":0.7,"variable_sens":199,"insulinDivisor":75,"TDD":10.396869523809526},"autosens_data":{"ratio":0.7458503130901502},"meal_data":{"carbs":13,"mealCOB":0,"slopeFromMaxDeviation":-1.3332500000000003,"slopeFromMinDeviation":0.9733636363636364,"lastBolusTime":1704280413170,"lastCarbTime":1704268190191},"microBolusAllowed":true,"currentTime":1704280705870,"flatBGsDetected":false,"tdd1D":14.054166666666665,"tdd7D":14.971726190476188,"tddLast24H":11.166666666666666,"tddLast4H":1.8541666666666667,"tddLast8to4H":1.1749999999999998},"output":{"temp":"absolute","bg":104,"tick":"+7","eventualBG":155,"targetBG":100,"insulinReq":0.124,"deliverAt":"2024-01-03T11:18:25.870Z","sensitivityRatio":0.7458503130901502,"variable_sens":199,"predBGs":{"IOB":[104,110,116,121,125,129,133,136,138,140,142,143,144,144,145,146,146,146,147,147,148,148,148,148,149,149,149,149,150],"ZT":[104,106,108,110,112,114,115],"UAM":[104,109,113,115,117,118,119,121,122,123,124,125,125,126,127,127,128,128,129,129,130,130,130,131,131,131,131,132,132,132,132,132,132,132,132,132,132,132,132,132,132,133]},"reason":"COB: 0, Dev: 26, BGI: 2, ISF: 199, CR: 8.8, Target: 100, minPredBG 125, minGuardBG 109, IOBpredBG 150, UAMpredBG 133; Eventual BG 155 >= 100, max_iob 0,  insulinReq 0.124. Waiting 1m 6s to microbolus again. temp 0.40 < 0.43U\/hr.  25m left and 0.4 ~ req 0.43446257827253754U\/hr: no temp required","COB":0,"IOB":-0.124,"timestamp":"2024-01-03T11:18:25.899Z"}}