{"algorithm":"OpenAPSSMBDynamicISFPlugin","input":{"glucoseStatus":{"glucose":85,"noise":0,"delta":-3.72,"short_avgdelta":-3.72,"long_avgdelta":-5.87,"date":1704129172000},"currenttemp":{"temp":"absolute","duration":120,"rate":0,"minutesrunning":0},"iob_data":[{"iob":0.083,"basaliob":-0.048,"bolussnooze":0,"activity":0.002,"lastBolusTime":1704125002184,"time":"2024-01-01T17:13:37.306Z","iobWithZeroTemp":{"iob":0.083,"basaliob":-0.048,"bolussnooze":0,"activity":0.002,"lastBolusTime":1704125002184,"time":"2024-01-01T17:13:37.306Z"}},{"iob":0.074,"basaliob":-0.046,"bolussnooze":0,"activity":0.0018,"lastBolusTime":1704125002184,"time":"2024-01-01T17:18:37.306Z","iobWithZeroTemp":{"iob":0.067,"basaliob":-0.053,"bolussnooze":0,"activity":0.0018,"lastBolusTime":1704125002184,"time":"2024-01-01T17:18:37.306Z"}},{"iob":0.065,"basaliob":-0.044,"bolussnooze":0,"activity":0.0016,"lastBolusTime":1704125002184,"time":"2024-01-01T17:23:37.306Z","iobWithZeroTemp":{"iob":0.05,"basaliob":-0.059,"bolussnooze":0,"activity":0.0016,"lastBolusTime":1704125002184,"time":"2024-01-01T17:23:37.306Z"}},{"iob":0.059,"basaliob":-0.041,"bolussnooze":0,"activity":0.0015,"lastBolusTime":1704125002184,"time":"2024-01-01T17:28:37.306Z","iobWithZeroTemp":{"iob":0.036,"basaliob":-0.064,"bolussnooze":0,"activity":0.0014,"lastBolusTime":1704125002184,"time":"2024-01-01T17:28:37.306Z"}},{"iob":0.052,"basaliob":-0.039,"bolussnooze":0,"activity":0.0013,"lastBolusTime":1704125002184,"time":"2024-01-01T17:33:37.306Z","iobWithZeroTemp":{"iob":0.021,"basaliob":-0.07,"bolussnooze":0,"activity":0.0012,"lastBolusTime":1704125002184,"time":"2024-01-01T17:33:37.306Z"}},{"iob":0.045,"basaliob":-0.037,"bolussnooze":0,"activity":0.0012,"lastBolusTime":1704125002184,"time":"2024-01-01T17:38:37.306Z","iobWithZeroTemp":{"iob":0.007,"basaliob":-0.075,"bolussnooze":0,"activity":0.001,"lastBolusTime":1704125002184,"time":"2024-01-01T17:38:37.306Z"}},{"iob":0.04,"basaliob":-0.035,"bolussnooze":0,"activity":0.0011,"lastBolusTime":1704125002184,"time":"2024-01-01T17:43:37.306Z","iobWithZeroTemp":{"iob":-0.006,"basaliob":-0.081,"bolussnooze":0,"activity":9.0E-4,"lastBolusTime":1704125002184,"time":"2024-01-01T17:43:37.306Z"}},{"iob":0.035,"basaliob":-0.033,"bolussnooze":0,"activity":0.001,"lastBolusTime":1704125002184,"time":"2024-01-01T17:48:37.306Z","iobWithZeroTemp":{"iob":-0.018,"basaliob":-0.086,"bolussnooze":0,"activity":7.0E-4,"lastBolusTime":1704125002184,"time":"2024-01-01T17:48:37.306Z"}},{"iob":0.03,"basaliob":-0.031,"bolussnooze":0,"activity":8.0E-4,"lastBolusTime":1704125002184,"time":"2024-01-01T17:53:37.306Z","iobWithZeroTemp":{"iob":-0.029,"basaliob":-0.09,"bolussnooze":0,"activity":4.0E-4,"lastBolusTime":1704125002184,"time":"2024-01-01T17:53:37.306Z"}},{"iob":0.027,"basaliob":-0.028,"bolussnooze":0,"activity":7.0E-4,"lastBolusTime":1704125002184,"time":"2024-01-01T17:58:37.306Z","iobWithZeroTemp":{"iob":-0.039,"basaliob":-0.094,"bolussnooze":0,"activity":3.0E-4,"lastBolusTime":1704125002184,"time":"2024-01-01T17:58:37.306Z"}},{"iob":0.024,"basaliob":-0.026,"bolussnooze":0,"activity":6.0E-4,"lastBolusTime":1704125002184,"time":"2024-01-01T18:03:37.306Z","iobWithZeroTemp":{"iob":-0.048,"basaliob":-0.098,"bolussnooze":0,"activity":1.0E-4,"lastBolusTime":1704125002184,"time":"2024-01-01T18:03:37.306Z"}},{"iob":0.02,"basaliob":-0.025,"bolussnooze":0,"activity":6.0E-4,"lastBolusTime":1704125002184,"time":"2024-01-01T18:08:37.306Z","iobWithZeroTemp":{"iob":-0.057,"basaliob":-0.102,"bolussnooze":0,"activity":0,"lastBolusTime":1704125002184,"time":"2024-01-01T18:08:37.306Z"}},{"iob":0.017,"basaliob":-0.023,"bolussnooze":0,"activity":5.0E-4,"lastBolusTime":1704125002184,"time":"2024-01-01T18:13:37.306Z","iobWithZeroTemp":{"iob":-0.065,"basaliob":-0.105,"bolussnooze":0,"activity":-2.0E-4,"lastBolusTime":1704125002184,"time":"2024-01-01T18:13:37.306Z"}},{"iob":0.015,"basaliob":-0.021,"bolussnooze":0,"activity":5.0E-4,"lastBolusTime":1704125002184,"time":"2024-01-01T18:18:37.306Z","iobWithZeroTemp":{"iob":-0.072,"basaliob":-0.108,"bolussnooze":0,"activity":-2.0E-4,"lastBolusTime":1704125002184,"time":"2024-01-01T18:18:37.306Z"}},{"iob":0.013,"basaliob":-0.019,"bolussnooze":0,"activity":4.0E-4,"lastBolusTime":1704125002184,"time":"2024-01-01T18:23:37.306Z","iobWithZeroTemp":{"iob":-0.079,"basaliob":-0.111,"bolussnooze":0,"activity":-4.0E-4,"lastBolusTime":1704125002184,"time":"2024-01-01T18:23:37.306Z"}},{"iob":0.011,"basaliob":-0.018,"bolussnooze":0,"activity":3.0E-4,"lastBolusTime":1704125002184,"time":"2024-01-01T18:28:37.306Z","iobWithZeroTemp":{"iob":-0.085,"basaliob":-0.114,"bolussnooze":0,"activity":-6.0E-4,"lastBolusTime":1704125002184,"time":"2024-01-01T18:28:37.306Z"}},{"iob":0.01,"basaliob":-0.016,"bolussnooze":0,"activity":3.0E-4,"lastBolusTime":1704125002184,"time":"2024-01-01T18:33:37.306Z","iobWithZeroTemp":{"iob":-0.09,"basaliob":-0.116,"bolussnooze":0,"activity":-6.0E-4,"lastBolusTime":1704125002184,"time":"2024-01-01T18:33:37.306Z"}},{"iob":0.008,"basaliob":-0.015,"bolussnooze":0,"activity":2.0E-4,"lastBolusTime":1704125002184,"time":"2024-01-01T18:38:37.306Z","iobWithZeroTemp":{"iob":-0.096,"basaliob":-0.119,"bolussnooze":0,"activity":-8.0E-4,"lastBolusTime":1704125002184,"time":"2024-01-01T18:38:37.306Z"}},{"iob":0.006,"basaliob":-0.014,"bolussnooze":0,"activity":3.0E-4,"lastBolusTime":1704125002184,"time":"2024-01-01T18:43:37.306Z","iobWithZeroTemp":{"iob":-0.101,"basaliob":-0.121,"bolussnooze":0,"activity":-7.0E-4,"lastBolusTime":1704125002184,"time":"2024-01-01T18:43:37.306Z"}},{"iob":0.006,"basaliob":-0.012,"bolussnooze":0,"activity":2.0E-4,"lastBolusTime":1704125002184,"time":"2024-01-01T18:48:37.306Z","iobWithZeroTemp":{"iob":-0.104,"basaliob":-0.122,"bolussnooze":0,"activity":-9.0E-4,"lastBolusTime":1704125002184,"time":"2024-01-01T18:48:37.306Z"}},{"iob":0.005,"basaliob":-0.011,"bolussnooze":0,"activity":2.0E-4,"lastBolusTime":1704125002184,"time":"2024-01-01T18:53:37.306Z","iobWithZeroTemp":{"iob":-0.108,"basaliob":-0.124,"bolussnooze":0,"activity":-9.0E-4,"lastBolusTime":1704125002184,"time":"2024-01-01T18:53:37.306Z"}},{"iob":0.004,"basaliob":-0.01,"bolussnooze":0,"activity":1.0E-4,"lastBolusTime":1704125002184,"time":"2024-01-01T18:58:37.306Z","iobWithZeroTemp":{"iob":-0.112,"basaliob":-0.126,"bolussnooze":0,"activity":-0.0011,"lastBolusTime":1704125002184,"time":"2024-01-01T18:58:37.306Z"}},{"iob":0.004,"basaliob":-0.009,"bolussnooze":0,"activity":1.0E-4,"lastBolusTime":1704125002184,"time":"2024-01-01T19:03:37.306Z","iobWithZeroTemp":{"iob":-0.135,"basaliob":-0.148,"bolussnooze":0,"activity":-0.0011,"lastBolusTime":1704125002184,"time":"2024-01-01T19:03:37.306Z"}},{"iob":0.002,"basaliob":-0.009,"bolussnooze":0,"activity":1.0E-4,"lastBolusTime":1704125002184,"time":"2024-01-01T19:08:37.306Z","iobWithZeroTemp":{"iob":-0.159,"basaliob":-0.17,"bolussnooze":0,"activity":-0.0012,"lastBolusTime":1704125002184,"time":"2024-01-01T19:08:37.306Z"}},{"iob":0.002,"basaliob":-0.008,"bolussnooze":0,"activity":0,"lastBolusTime":1704125002184,"time":"2024-01-01T19:13:37.306Z","iobWithZeroTemp":{"iob":-0.181,"basaliob":-0.191,"bolussnooze":0,"activity":-0.0015,"lastBolusTime":1704125002184,"time":"2024-01-01T19:13:37.306Z"}},{"iob":0.002,"basaliob":-0.007,"bolussnooze":0,"activity":1.0E-4,"lastBolusTime":1704125002184,"time":"2024-01-01T19:18:37.306Z","iobWithZeroTemp":{"iob":-0.203,"basaliob":-0.212,"bolussnooze":0,"activity":-0.0015,"lastBolusTime":1704125002184,"time":"2024-01-01T19:18:37.306Z"}},{"iob":0.002,"basaliob":-0.006,"bolussnooze":0,"activity":1.0E-4,"lastBolusTime":1704125002184,"time":"2024-01-01T19:23:37.306Z","iobWithZeroTemp":{"iob":-0.223,"basaliob":-0.231,"bolussnooze":0,"activity":-0.0017,"lastBolusTime":1704125002184,"time":"2024-01-01T19:23:37.306Z"}},{"iob":0.001,"basaliob":-0.006,"bolussnooze":0,"activity":1.0E-4,"lastBolusTime":1704125002184,"time":"2024-01-01T19:28:37.306Z","iobWithZeroTemp":{"iob":-0.244,"basaliob":-0.251,"bolussnooze":0,"activity":-0.0019,"lastBolusTime":1704125002184,"time":"2024-01-01T19:28:37.306Z"}},{"iob":0.001,"basaliob":-0.005,"bolussnooze":0,"activity":1.0E-4,"lastBolusTime":1704125002184,"time":"2024-01-01T19:33:37.306Z","iobWithZeroTemp":{"iob":-0.262,"basaliob":-0.268,"bolussnooze":0,"activity":-0.0021,"lastBolusTime":1704125002184,"time":"2024-01-01T19:33:37.306Z"}},{"iob":0,"basaliob":-0.005,"bolussnooze":0,"activity":0,"lastBolusTime":1704125002184,"time":"2024-01-01T19:38:37.306Z","iobWithZeroTemp":{"iob":-0.281,"basaliob":-0.286,"bolussnooze":0,"activity":-0.0024,"lastBolusTime":1704125002184,"time":"2024-01-01T19:38:37.306Z"}},{"iob":0.001,"basaliob":-0.004,"bolussnooze":0,"activity":0,"lastBolusTime":1704125002184,"time":"2024-01-01T19:43:37.306Z","iobWithZeroTemp":{"iob":-0.296,"basaliob":-0.301,"bolussnooze":0,"activity":-0.0026,"lastBolusTime":1704125002184,"time":"2024-01-01T19:43:37.306Z"}},{"iob":0,"basaliob":-0.004,"bolussnooze":0,"activity":0,"lastBolusTime":1704125002184,"time":"2024-01-01T19:48:37.306Z","iobWithZeroTemp":{"iob":-0.313,"basaliob":-0.317,"bolussnooze":0,"activity":-0.0028,"lastBolusTime":1704125002184,"time":"2024-01-01T19:48:37.306Z"}},{"iob":0,"basaliob":-0.003,"bolussnooze":0,"activity":0,"lastBolusTime":1704125002184,"time":"2024-01-01T19:53:37.306Z","iobWithZeroTemp":{"iob":-0.328,"basaliob":-0.331,"bolussnooze":0,"activity":-0.003,"lastBolusTime":1704125002184,"time":"2024-01-01T19:53:37.306Z"}},{"iob":0,"basaliob":-0.003,"bolussnooze":0,"activity":0,"lastBolusTime":1704125002184,"time":"2024-01-01T19:58:37.306Z","iobWithZeroTemp":{"iob":-0.342,"basaliob":-0.345,"bolussnooze":0,"activity":-0.0032,"lastBolusTime":1704125002184,"time":"2024-01-01T19:58:37.306Z"}},{"iob":0,"basaliob":-0.003,"bolussnooze":0,"activity":0,"lastBolusTime":1704125002184,"time":"2024-01-01T20:03:37.306Z","iobWithZeroTemp":{"iob":-0.354,"basaliob":-0.357,"bolussnooze":0,"activity":-0.0034,"lastBolusTime":1704125002184,"time":"2024-01-01T20:03:37.306Z"}},{"iob":0,"basaliob":-0.002,"bolussnooze":0,"activity":0,"lastBolusTime":1704125002184,"time":"2024-01-01T20:08:37.306Z","iobWithZeroTemp":{"iob":-0.366,"basaliob":-0.368,"bolussnooze":0,"activity":-0.0035,"lastBolusTime":1704125002184,"time":"2024-01-01T20:08:37.306Z"}},{"iob":0,"basaliob":-0.002,"bolussnooze":0,"activity":1.0E-4,"lastBolusTime":1704125002184,"time":"2024-01-01T20:13:37.306Z","iobWithZeroTemp":{"iob":-0.377,"basaliob":-0.379,"bolussnooze":0,"activity":-0.0036,"lastBolusTime":1704125002184,"time":"2024-01-01T20:13:37.306Z"}},{"iob":0,"basaliob":-0.002,"bolussnooze":0,"activity":1.0E-4,"lastBolusTime":1704125002184,"time":"2024-01-01T20:18:37.306Z","iobWithZeroTemp":{"iob":-0.388,"basaliob":-0.39,"bolussnooze":0,"activity":-0.0038,"lastBolusTime":1704125002184,"time":"2024-01-01T20:18:37.306Z"}},{"iob":-0.001,"basaliob":-0.002,"bolussnooze":0,"activity":0,"lastBolusTime":1704125002184,"time":"2024-01-01T20:23:37.306Z","iobWithZeroTemp":{"iob":-0.398,"basaliob":-0.399,"bolussnooze":0,"activity":-0.004,"lastBolusTime":1704125002184,"time":"2024-01-01T20:23:37.306Z"}},{"iob":0,"basaliob":-0.001,"bolussnooze":0,"activity":0,"lastBolusTime":1704125002184,"time":"2024-01-01T20:28:37.306Z","iobWithZeroTemp":{"iob":-0.406,"basaliob":-0.407,"bolussnooze":0,"activity":-0.0042,"lastBolusTime":1704125002184,"time":"2024-01-01T20:28:37.306Z"}},{"iob":0,"basaliob":-0.001,"bolussnooze":0,"activity":0,"lastBolusTime":1704125002184,"time":"2024-01-01T20:33:37.306Z","iobWithZeroTemp":{"iob":-0.414,"basaliob":-0.415,"bolussnooze":0,"activity":-0.0043,"lastBolusTime":1704125002184,"time":"2024-01-01T20:33:37.306Z"}},{"iob":0,"basaliob":-0.001,"bolussnooze":0,"activity":0,"lastBolusTime":1704125002184,"time":"2024-01-01T20:38:37.306Z","iobWithZeroTemp":{"iob":-0.421,"basaliob":-0.422,"bolussnooze":0,"activity":-0.0044,"lastBolusTime":1704125002184,"time":"2024-01-01T20:38:37.306Z"}},{"iob":0,"basaliob":-0.001,"bolussnooze":0,"activity":0,"lastBolusTime":1704125002184,"time":"2024-01-01T20:43:37.306Z","iobWithZeroTemp":{"iob":-0.428,"basaliob":-0.429,"bolussnooze":0,"activity":-0.0045,"lastBolusTime":1704125002184,"time":"2024-01-01T20:43:37.306Z"}},{"iob":0,"basaliob":-0.001,"bolussnooze":0,"activity":0,"lastBolusTime":1704125002184,"time":"2024-01-01T20:48:37.306Z","iobWithZeroTemp":{"iob":-0.434,"basaliob":-0.435,"bolussnooze":0,"activity":-0.0046,"lastBolusTime":1704125002184,"time":"2024-01-01T20:48:37.306Z"}},{"iob":-0.001,"basaliob":-0.001,"bolussnooze":0,"activity":0,"lastBolusTime":1704125002184,"time":"2024-01-01T20:53:37.306Z","iobWithZeroTemp":{"iob":-0.441,"basaliob":-0.441,"bolussnooze":0,"activity":-0.0048,"lastBolusTime":1704125002184,"time":"2024-01-01T20:53:37.306Z"}},{"iob":-0.001,"basaliob":-0.001,"bolussnooze":0,"activity":0,"lastBolusTime":1704125002184,"time":"2024-01-01T20:58:37.306Z","iobWithZeroTemp":{"iob":-0.446,"basaliob":-0.446,"bolussnooze":0,"activity":-0.0048,"lastBolusTime":1704125002184,"time":"2024-01-01T20:58:37.306Z"}},{"iob":-0.001,"basaliob":-0.001,"bolussnooze":0,"activity":0,"lastBolusTime":1704125002184,"time":"2024-01-01T21:03:37.306Z","iobWithZeroTemp":{"iob":-0.447,"basaliob":-0.447,"bolussnooze":0,"activity":-0.0049,"lastBolusTime":1704125002184,"time":"2024-01-01T21:03:37.306Z"}},{"iob":-0.001,"basaliob":-0.001,"bolussnooze":0,"activity":0,"lastBolusTime":1704125002184,"time":"2024-01-01T21:08:37.306Z","iobWithZeroTemp":{"iob":-0.447,"basaliob":-0.447,"bolussnooze":0,"activity":-0.005,"lastBolusTime":1704125002184,"time":"2024-01-01T21:08:37.306Z"}}],"profile":{"max_iob":10,"type":"current","max_daily_basal":0.35,"max_basal":0.4,"min_bg":130,"max_bg":130,"target_bg":130,"carb_ratio":8.8,"sens":120,"max_daily_safety_multiplier":3,"current_basal_safety_multiplier":4,"lgsThreshold":95,"high_temptarget_raises_sensitivity":true,"low_temptarget_lowers_sensitivity":true,"sensitivity_raises_target":true,"resistance_lowers_target":true,"adv_target_adjustments":false,"exercise_mode":false,"half_basal_exercise_target":160,"maxCOB":120,"skip_neutral_temps":false,"remainingCarbsCap":90,"enableUAM":true,"A52_risk_enable":false,"SMBInterval":6,"enableSMB_with_COB":true,"enableSMB_with_temptarget":false,"allowSMB_with_high_temptarget":false,"enableSMB_always":false,"enableSMB_after_carbs":true,"maxSMBBasalMinutes":30,"maxUAMSMBBasalMinutes":40,"bolus_increment":0.05,"carbsReqThreshold":2,"current_basal":0.1,"temptargetSet":true,"autosens_max":1.3,"autosens_min":0.7,"variable_sens":199.9,"insulinDivisor":75,"TDD":11.884477904761903},"autosens_data":{"ratio":0.6472503392014717},"meal_data":{"carbs":0,"mealCOB":0,"slopeFromMaxDeviation":-0.6467272727272727,"slopeFromMinDeviation":1.3800000000000001,"lastBolusTime":1704125002184,"lastCarbTime":0},"microBolusAllowed":true,"currentTime":1704129218397,"flatBGsDetected":false,"tdd1D":14.612499999999995,"tdd7D":16.776095238095234,"tddLast24H":10.858333333333334,"tddLast4H":1.7291666666666667,"tddLast8to4H":3.254166666666667},"output":{"temp":"absolute","bg":85,"tick":-4,"eventualBG":45,"targetBG":130,"insulinReq":0,"deliverAt":"2024-01-01T17:13:38.397Z","sensitivityRatio":0.67,"variable_sens":199.9,"predBGs":{"IOB":[85,81,78,75,72,70,68,66,64,63,61,61,60,59,58,58,58,57,57,56,56,56,56,56,55],"ZT":[85,83,81,80,78,77,76,75,74,74,73,73,73,73,74,74,75,75,76,77,78,79,80,81,82,84,85,87,89,91,93,96,98,101,104,107,110,113,116,119,123,126,129]},"reason":"COB: 0, Dev: -23, BGI: -2, ISF: 200, CR: 8.8, Target: 130, minPredBG 64, minGuardBG 55, IOBpredBG 55; minGuardBG 55<95 120m left and 0 ~ req 0U\/hr: no temp required","COB":0,"IOB":0.083,"timestamp":"2024-01-01T17:13:38.413Z"}}