{"algorithm":"OpenAPSSMBDynamicISFPlugin","input":{"glucoseStatus":{"glucose":148,"noise":0,"delta":3.44,"short_avgdelta":3.44,"long_avgdelta":-2.99,"date":1704138473000},"currenttemp":{"temp":"absolute","duration":95,"rate":0,"minutesrunning":25},"iob_data":[{"iob":1.297,"basaliob":-0.168,"bolussnooze":0.7001,"activity":0.0173,"lastBolusTime":1704136117361,"time":"2024-01-01T19:48:17.912Z","iobWithZeroTemp":{"iob":1.297,"basaliob":-0.168,"bolussnooze":0.7001,"activity":0.0173,"lastBolusTime":1704136117361,"time":"2024-01-01T19:48:17.912Z"}},{"iob":1.212,"basaliob":-0.163,"bolussnooze":0.5897,"activity":0.0168,"lastBolusTime":1704136117361,"time":"2024-01-01T19:53:17.912Z","iobWithZeroTemp":{"iob":1.189,"basaliob":-0.186,"bolussnooze":0.5897,"activity":0.0168,"lastBolusTime":1704136117361,"time":"2024-01-01T19:53:17.912Z"}},{"iob":1.13,"basaliob":-0.157,"bolussnooze":0.4934,"activity":0.0163,"lastBolusTime":1704136117361,"time":"2024-01-01T19:58:17.912Z","iobWithZeroTemp":{"iob":1.078,"basaliob":-0.209,"bolussnooze":0.4934,"activity":0.0162,"lastBolusTime":1704136117361,"time":"2024-01-01T19:58:17.912Z"}},{"iob":1.05,"basaliob":-0.151,"bolussnooze":0.4101,"activity":0.0156,"lastBolusTime":1704136117361,"time":"2024-01-01T20:03:17.912Z","iobWithZeroTemp":{"iob":0.969,"basaliob":-0.232,"bolussnooze":0.4101,"activity":0.0154,"lastBolusTime":1704136117361,"time":"2024-01-01T20:03:17.912Z"}},{"iob":0.973,"basaliob":-0.144,"bolussnooze":0.3387,"activity":0.0149,"lastBolusTime":1704136117361,"time":"2024-01-01T20:08:17.912Z","iobWithZeroTemp":{"iob":0.865,"basaliob":-0.252,"bolussnooze":0.3387,"activity":0.0145,"lastBolusTime":1704136117361,"time":"2024-01-01T20:08:17.912Z"}},{"iob":0.902,"basaliob":-0.136,"bolussnooze":0.2779,"activity":0.0141,"lastBolusTime":1704136117361,"time":"2024-01-01T20:13:17.912Z","iobWithZeroTemp":{"iob":0.767,"basaliob":-0.271,"bolussnooze":0.2779,"activity":0.0135,"lastBolusTime":1704136117361,"time":"2024-01-01T20:13:17.912Z"}},{"iob":0.832,"basaliob":-0.129,"bolussnooze":0.2266,"activity":0.0134,"lastBolusTime":1704136117361,"time":"2024-01-01T20:18:17.912Z","iobWithZeroTemp":{"iob":0.672,"basaliob":-0.289,"bolussnooze":0.2266,"activity":0.0126,"lastBolusTime":1704136117361,"time":"2024-01-01T20:18:17.912Z"}},{"iob":0.767,"basaliob":-0.122,"bolussnooze":0.1836,"activity":0.0126,"lastBolusTime":1704136117361,"time":"2024-01-01T20:23:17.912Z","iobWithZeroTemp":{"iob":0.582,"basaliob":-0.307,"bolussnooze":0.1836,"activity":0.0115,"lastBolusTime":1704136117361,"time":"2024-01-01T20:23:17.912Z"}},{"iob":0.706,"basaliob":-0.114,"bolussnooze":0.1478,"activity":0.0119,"lastBolusTime":1704136117361,"time":"2024-01-01T20:28:17.912Z","iobWithZeroTemp":{"iob":0.498,"basaliob":-0.322,"bolussnooze":0.1478,"activity":0.0106,"lastBolusTime":1704136117361,"time":"2024-01-01T20:28:17.912Z"}},{"iob":0.648,"basaliob":-0.107,"bolussnooze":0.1181,"activity":0.0112,"lastBolusTime":1704136117361,"time":"2024-01-01T20:33:17.912Z","iobWithZeroTemp":{"iob":0.418,"basaliob":-0.337,"bolussnooze":0.1181,"activity":0.0096,"lastBolusTime":1704136117361,"time":"2024-01-01T20:33:17.912Z"}},{"iob":0.594,"basaliob":-0.1,"bolussnooze":0.0936,"activity":0.0104,"lastBolusTime":1704136117361,"time":"2024-01-01T20:38:17.912Z","iobWithZeroTemp":{"iob":0.343,"basaliob":-0.351,"bolussnooze":0.0936,"activity":0.0086,"lastBolusTime":1704136117361,"time":"2024-01-01T20:38:17.912Z"}},{"iob":0.544,"basaliob":-0.093,"bolussnooze":0.0736,"activity":0.0098,"lastBolusTime":1704136117361,"time":"2024-01-01T20:43:17.912Z","iobWithZeroTemp":{"iob":0.274,"basaliob":-0.363,"bolussnooze":0.0736,"activity":0.0077,"lastBolusTime":1704136117361,"time":"2024-01-01T20:43:17.912Z"}},{"iob":0.497,"basaliob":-0.087,"bolussnooze":0.0574,"activity":0.009,"lastBolusTime":1704136117361,"time":"2024-01-01T20:48:17.912Z","iobWithZeroTemp":{"iob":0.208,"basaliob":-0.376,"bolussnooze":0.0574,"activity":0.0067,"lastBolusTime":1704136117361,"time":"2024-01-01T20:48:17.912Z"}},{"iob":0.454,"basaliob":-0.08,"bolussnooze":0.0443,"activity":0.0084,"lastBolusTime":1704136117361,"time":"2024-01-01T20:53:17.912Z","iobWithZeroTemp":{"iob":0.148,"basaliob":-0.386,"bolussnooze":0.0443,"activity":0.0059,"lastBolusTime":1704136117361,"time":"2024-01-01T20:53:17.912Z"}},{"iob":0.413,"basaliob":-0.074,"bolussnooze":0.0338,"activity":0.0077,"lastBolusTime":1704136117361,"time":"2024-01-01T20:58:17.912Z","iobWithZeroTemp":{"iob":0.091,"basaliob":-0.396,"bolussnooze":0.0338,"activity":0.0049,"lastBolusTime":1704136117361,"time":"2024-01-01T20:58:17.912Z"}},{"iob":0.375,"basaliob":-0.069,"bolussnooze":0.0254,"activity":0.0072,"lastBolusTime":1704136117361,"time":"2024-01-01T21:03:17.912Z","iobWithZeroTemp":{"iob":0.043,"basaliob":-0.401,"bolussnooze":0.0254,"activity":0.0042,"lastBolusTime":1704136117361,"time":"2024-01-01T21:03:17.912Z"}},{"iob":0.341,"basaliob":-0.063,"bolussnooze":0.0188,"activity":0.0067,"lastBolusTime":1704136117361,"time":"2024-01-01T21:08:17.912Z","iobWithZeroTemp":{"iob":-0.001,"basaliob":-0.405,"bolussnooze":0.0188,"activity":0.0035,"lastBolusTime":1704136117361,"time":"2024-01-01T21:08:17.912Z"}},{"iob":0.309,"basaliob":-0.058,"bolussnooze":0.0137,"activity":0.0061,"lastBolusTime":1704136117361,"time":"2024-01-01T21:13:17.912Z","iobWithZeroTemp":{"iob":-0.042,"basaliob":-0.409,"bolussnooze":0.0137,"activity":0.0027,"lastBolusTime":1704136117361,"time":"2024-01-01T21:13:17.912Z"}},{"iob":0.28,"basaliob":-0.053,"bolussnooze":0.0098,"activity":0.0056,"lastBolusTime":1704136117361,"time":"2024-01-01T21:18:17.912Z","iobWithZeroTemp":{"iob":-0.079,"basaliob":-0.412,"bolussnooze":0.0098,"activity":0.0021,"lastBolusTime":1704136117361,"time":"2024-01-01T21:18:17.912Z"}},{"iob":0.253,"basaliob":-0.049,"bolussnooze":0.0068,"activity":0.0051,"lastBolusTime":1704136117361,"time":"2024-01-01T21:23:17.912Z","iobWithZeroTemp":{"iob":-0.113,"basaliob":-0.415,"bolussnooze":0.0068,"activity":0.0014,"lastBolusTime":1704136117361,"time":"2024-01-01T21:23:17.912Z"}},{"iob":0.228,"basaliob":-0.045,"bolussnooze":0.0045,"activity":0.0047,"lastBolusTime":1704136117361,"time":"2024-01-01T21:28:17.912Z","iobWithZeroTemp":{"iob":-0.144,"basaliob":-0.417,"bolussnooze":0.0045,"activity":9.0E-4,"lastBolusTime":1704136117361,"time":"2024-01-01T21:28:17.912Z"}},{"iob":0.205,"basaliob":-0.041,"bolussnooze":0.0029,"activity":0.0044,"lastBolusTime":1704136117361,"time":"2024-01-01T21:33:17.912Z","iobWithZeroTemp":{"iob":-0.173,"basaliob":-0.419,"bolussnooze":0.0029,"activity":5.0E-4,"lastBolusTime":1704136117361,"time":"2024-01-01T21:33:17.912Z"}},{"iob":0.185,"basaliob":-0.037,"bolussnooze":0.0017,"activity":0.0039,"lastBolusTime":1704136117361,"time":"2024-01-01T21:38:17.912Z","iobWithZeroTemp":{"iob":-0.198,"basaliob":-0.42,"bolussnooze":0.0017,"activity":-1.0E-4,"lastBolusTime":1704136117361,"time":"2024-01-01T21:38:17.912Z"}},{"iob":0.166,"basaliob":-0.034,"bolussnooze":0.001,"activity":0.0036,"lastBolusTime":1704136117361,"time":"2024-01-01T21:43:17.912Z","iobWithZeroTemp":{"iob":-0.222,"basaliob":-0.422,"bolussnooze":0.001,"activity":-5.0E-4,"lastBolusTime":1704136117361,"time":"2024-01-01T21:43:17.912Z"}},{"iob":0.149,"basaliob":-0.031,"bolussnooze":5.0E-4,"activity":0.0033,"lastBolusTime":1704136117361,"time":"2024-01-01T21:48:17.912Z","iobWithZeroTemp":{"iob":-0.243,"basaliob":-0.423,"bolussnooze":5.0E-4,"activity":-9.0E-4,"lastBolusTime":1704136117361,"time":"2024-01-01T21:48:17.912Z"}},{"iob":0.133,"basaliob":-0.028,"bolussnooze":2.0E-4,"activity":0.003,"lastBolusTime":1704136117361,"time":"2024-01-01T21:53:17.912Z","iobWithZeroTemp":{"iob":-0.262,"basaliob":-0.423,"bolussnooze":2.0E-4,"activity":-0.0013,"lastBolusTime":1704136117361,"time":"2024-01-01T21:53:17.912Z"}},{"iob":0.119,"basaliob":-0.025,"bolussnooze":1.0E-4,"activity":0.0027,"lastBolusTime":1704136117361,"time":"2024-01-01T21:58:17.912Z","iobWithZeroTemp":{"iob":-0.28,"basaliob":-0.424,"bolussnooze":1.0E-4,"activity":-0.0017,"lastBolusTime":1704136117361,"time":"2024-01-01T21:58:17.912Z"}},{"iob":0.106,"basaliob":-0.023,"bolussnooze":0,"activity":0.0024,"lastBolusTime":1704136117361,"time":"2024-01-01T22:03:17.912Z","iobWithZeroTemp":{"iob":-0.291,"basaliob":-0.42,"bolussnooze":0,"activity":-0.0021,"lastBolusTime":1704136117361,"time":"2024-01-01T22:03:17.912Z"}},{"iob":0.094,"basaliob":-0.021,"bolussnooze":0,"activity":0.0022,"lastBolusTime":1704136117361,"time":"2024-01-01T22:08:17.912Z","iobWithZeroTemp":{"iob":-0.302,"basaliob":-0.417,"bolussnooze":0,"activity":-0.0023,"lastBolusTime":1704136117361,"time":"2024-01-01T22:08:17.912Z"}},{"iob":0.084,"basaliob":-0.019,"bolussnooze":0,"activity":0.002,"lastBolusTime":1704136117361,"time":"2024-01-01T22:13:17.912Z","iobWithZeroTemp":{"iob":-0.31,"basaliob":-0.413,"bolussnooze":0,"activity":-0.0025,"lastBolusTime":1704136117361,"time":"2024-01-01T22:13:17.912Z"}},{"iob":0.074,"basaliob":-0.017,"bolussnooze":0,"activity":0.0018,"lastBolusTime":1704136117361,"time":"2024-01-01T22:18:17.912Z","iobWithZeroTemp":{"iob":-0.318,"basaliob":-0.409,"bolussnooze":0,"activity":-0.0028,"lastBolusTime":1704136117361,"time":"2024-01-01T22:18:17.912Z"}},{"iob":0.066,"basaliob":-0.015,"bolussnooze":0,"activity":0.0017,"lastBolusTime":1704136117361,"time":"2024-01-01T22:23:17.912Z","iobWithZeroTemp":{"iob":-0.324,"basaliob":-0.405,"bolussnooze":0,"activity":-0.0029,"lastBolusTime":1704136117361,"time":"2024-01-01T22:23:17.912Z"}},{"iob":0.058,"basaliob":-0.014,"bolussnooze":0,"activity":0.0015,"lastBolusTime":1704136117361,"time":"2024-01-01T22:28:17.912Z","iobWithZeroTemp":{"iob":-0.33,"basaliob":-0.402,"bolussnooze":0,"activity":-0.0031,"lastBolusTime":1704136117361,"time":"2024-01-01T22:28:17.912Z"}},{"iob":0.051,"basaliob":-0.012,"bolussnooze":0,"activity":0.0013,"lastBolusTime":1704136117361,"time":"2024-01-01T22:33:17.912Z","iobWithZeroTemp":{"iob":-0.335,"basaliob":-0.398,"bolussnooze":0,"activity":-0.0033,"lastBolusTime":1704136117361,"time":"2024-01-01T22:33:17.912Z"}},{"iob":0.045,"basaliob":-0.011,"bolussnooze":0,"activity":0.0012,"lastBolusTime":1704136117361,"time":"2024-01-01T22:38:17.912Z","iobWithZeroTemp":{"iob":-0.339,"basaliob":-0.395,"bolussnooze":0,"activity":-0.0034,"lastBolusTime":1704136117361,"time":"2024-01-01T22:38:17.912Z"}},{"iob":0.039,"basaliob":-0.01,"bolussnooze":0,"activity":0.0011,"lastBolusTime":1704136117361,"time":"2024-01-01T22:43:17.912Z","iobWithZeroTemp":{"iob":-0.343,"basaliob":-0.392,"bolussnooze":0,"activity":-0.0035,"lastBolusTime":1704136117361,"time":"2024-01-01T22:43:17.912Z"}},{"iob":0.034,"basaliob":-0.009,"bolussnooze":0,"activity":9.0E-4,"lastBolusTime":1704136117361,"time":"2024-01-01T22:48:17.912Z","iobWithZeroTemp":{"iob":-0.346,"basaliob":-0.389,"bolussnooze":0,"activity":-0.0037,"lastBolusTime":1704136117361,"time":"2024-01-01T22:48:17.912Z"}},{"iob":0.029,"basaliob":-0.008,"bolussnooze":0,"activity":8.0E-4,"lastBolusTime":1704136117361,"time":"2024-01-01T22:53:17.912Z","iobWithZeroTemp":{"iob":-0.349,"basaliob":-0.386,"bolussnooze":0,"activity":-0.0038,"lastBolusTime":1704136117361,"time":"2024-01-01T22:53:17.912Z"}},{"iob":0.026,"basaliob":-0.007,"bolussnooze":0,"activity":7.0E-4,"lastBolusTime":1704136117361,"time":"2024-01-01T22:58:17.912Z","iobWithZeroTemp":{"iob":-0.35,"basaliob":-0.383,"bolussnooze":0,"activity":-0.0038,"lastBolusTime":1704136117361,"time":"2024-01-01T22:58:17.912Z"}},{"iob":0.022,"basaliob":-0.006,"bolussnooze":0,"activity":7.0E-4,"lastBolusTime":1704136117361,"time":"2024-01-01T23:03:17.912Z","iobWithZeroTemp":{"iob":-0.352,"basaliob":-0.38,"bolussnooze":0,"activity":-0.0038,"lastBolusTime":1704136117361,"time":"2024-01-01T23:03:17.912Z"}},{"iob":0.019,"basaliob":-0.005,"bolussnooze":0,"activity":6.0E-4,"lastBolusTime":1704136117361,"time":"2024-01-01T23:08:17.912Z","iobWithZeroTemp":{"iob":-0.354,"basaliob":-0.378,"bolussnooze":0,"activity":-0.0039,"lastBolusTime":1704136117361,"time":"2024-01-01T23:08:17.912Z"}},{"iob":0.016,"basaliob":-0.005,"bolussnooze":0,"activity":5.0E-4,"lastBolusTime":1704136117361,"time":"2024-01-01T23:13:17.912Z","iobWithZeroTemp":{"iob":-0.355,"basaliob":-0.376,"bolussnooze":0,"activity":-0.004,"lastBolusTime":1704136117361,"time":"2024-01-01T23:13:17.912Z"}},{"iob":0.014,"basaliob":-0.004,"bolussnooze":0,"activity":5.0E-4,"lastBolusTime":1704136117361,"time":"2024-01-01T23:18:17.912Z","iobWithZeroTemp":{"iob":-0.355,"basaliob":-0.373,"bolussnooze":0,"activity":-0.004,"lastBolusTime":1704136117361,"time":"2024-01-01T23:18:17.912Z"}},{"iob":0.011,"basaliob":-0.004,"bolussnooze":0,"activity":4.0E-4,"lastBolusTime":1704136117361,"time":"2024-01-01T23:23:17.912Z","iobWithZeroTemp":{"iob":-0.357,"basaliob":-0.372,"bolussnooze":0,"activity":-0.0041,"lastBolusTime":1704136117361,"time":"2024-01-01T23:23:17.912Z"}},{"iob":0.01,"basaliob":-0.003,"bolussnooze":0,"activity":3.0E-4,"lastBolusTime":1704136117361,"time":"2024-01-01T23:28:17.912Z","iobWithZeroTemp":{"iob":-0.357,"basaliob":-0.37,"bolussnooze":0,"activity":-0.0041,"lastBolusTime":1704136117361,"time":"2024-01-01T23:28:17.912Z"}},{"iob":0.008,"basaliob":-0.003,"bolussnooze":0,"activity":3.0E-4,"lastBolusTime":1704136117361,"time":"2024-01-01T23:33:17.912Z","iobWithZeroTemp":{"iob":-0.357,"basaliob":-0.368,"bolussnooze":0,"activity":-0.0041,"lastBolusTime":1704136117361,"time":"2024-01-01T23:33:17.912Z"}},{"iob":0.007,"basaliob":-0.002,"bolussnooze":0,"activity":2.0E-4,"lastBolusTime":1704136117361,"time":"2024-01-01T23:38:17.912Z","iobWithZeroTemp":{"iob":-0.357,"basaliob":-0.366,"bolussnooze":0,"activity":-0.0042,"lastBolusTime":1704136117361,"time":"2024-01-01T23:38:17.912Z"}},{"iob":0.006,"basaliob":-0.002,"bolussnooze":0,"activity":2.0E-4,"lastBolusTime":1704136117361,"time":"2024-01-01T23:43:17.912Z","iobWithZeroTemp":{"iob":-0.357,"basaliob":-0.365,"bolussnooze":0,"activity":-0.0042,"lastBolusTime":1704136117361,"time":"2024-01-01T23:43:17.912Z"}}],"profile":{"max_iob":10,"type":"current","max_daily_basal":0.35,"max_basal":1.05,"min_bg":75,"max_bg":75,"target_bg":75,"carb_ratio":8.8,"sens":120,"max_daily_safety_multiplier":3,"current_basal_safety_multiplier":4,"lgsThreshold":95,"high_temptarget_raises_sensitivity":true,"low_temptarget_lowers_sensitivity":true,"sensitivity_raises_target":true,"resistance_lowers_target":true,"adv_target_adjustments":false,"exercise_mode":false,"half_basal_exercise_target":160,"maxCOB":120,"skip_neutral_temps":false,"remainingCarbsCap":90,"enableUAM":true,"A52_risk_enable":false,"SMBInterval":6,"enableSMB_with_COB":true,"enableSMB_with_temptarget":false,"allowSMB_with_high_temptarget":false,"enableSMB_always":false,"enableSMB_after_carbs":true,"maxSMBBasalMinutes":45,"maxUAMSMBBasalMinutes":40,"bolus_increment":0.05,"carbsReqThreshold":2,"current_basal":0.35,"temptargetSet":true,"autosens_max":1.3,"autosens_min":0.7,"variable_sens":131.6,"insulinDivisor":75,"TDD":12.555037904761903},"autosens_data":{"ratio":0.6974209334143255},"meal_data":{"carbs":10,"mealCOB":2.961466666666667,"slopeFromMaxDeviation":-0.264857142857143,"slopeFromMinDeviation":3.535333333333334,"lastBolusTime":1704136117361,"lastCarbTime":1704135232393},"microBolusAllowed":true,"currentTime":1704138499690,"flatBGsDetected":false,"tdd1D":14.612499999999995,"tdd7D":16.776095238095234,"tddLast24H":11.7,"tddLast4H":2.8,"tddLast8to4H":2.166666666666667},"output":{"temp":"absolute","bg":148,"tick":"+3","eventualBG":66,"targetBG":75,"insulinReq":0,"deliverAt":"2024-01-01T19:48:19.690Z","sensitivityRatio":1.3,"variable_sens":131.6,"predBGs":{"IOB":[148,150,152,152,152,151,149,146,143,139,134,128,120,114,107,101,95,89,83,78,73,68,63,59,54,50,45,41,39],"ZT":[148,137,125,113,101,89,77,64,50,39,39,39,39,39,39,39,39,39,39,39,39,39,39,39,39,39,39,39,39,39,39,39,39,39,39,39,39,39,39,39,39,39,39,39,40,47,53,59],"COB":[148,149,148,144,139,132,122,114,105,97,90,83,77,71,65,60,56,51,47,43,40,39],"UAM":[148,150,152,152,152,152,150,148,145,141,137,131,125,119,112,106,100,95,89,84,79,75,70,66,62,58,54,51,47,44,41,39]},"reason":"COB: 3, Dev: 89, BGI: -11, ISF: 132, CR: 8.8, Target: 75, minPredBG 14, minGuardBG 14, IOBpredBG 39, COBpredBG 39, UAMpredBG 39; minGuardBG 14<95 95m left and 0 ~ req 0U\/hr: no temp required","COB":2.961466666666667,"IOB":1.297,"timestamp":"2024-01-01T19:48:19.722Z"}}