{"algorithm":"OpenAPSSMBDynamicISFPlugin","input":{"glucoseStatus":{"glucose":95,"noise":0,"delta":-5.28,"short_avgdelta":-5.28,"long_avgdelta":-3.71,"date":1704084172000},"currenttemp":{"temp":"absolute","duration":50,"rate":0,"minutesrunning":10},"iob_data":[{"iob":0.026,"basaliob":0.02,"bolussnooze":0,"activity":6.0E-4,"lastBolusTime":1704071612530,"time":"2024-01-01T04:43:13.920Z","iobWithZeroTemp":{"iob":0.026,"basaliob":0.02,"bolussnooze":0,"activity":6.0E-4,"lastBolusTime":1704071612530,"time":"2024-01-01T04:43:13.920Z"}},{"iob":0.022,"basaliob":0.017,"bolussnooze":0,"activity":6.0E-4,"lastBolusTime":1704071612530,"time":"2024-01-01T04:48:13.920Z","iobWithZeroTemp":{"iob":0.002,"basaliob":-0.003,"bolussnooze":0,"activity":6.0E-4,"lastBolusTime":1704071612530,"time":"2024-01-01T04:48:13.920Z"}},{"iob":0.02,"basaliob":0.015,"bolussnooze":0,"activity":5.0E-4,"lastBolusTime":1704071612530,"time":"2024-01-01T04:53:13.920Z","iobWithZeroTemp":{"iob":-0.025,"basaliob":-0.03,"bolussnooze":0,"activity":4.0E-4,"lastBolusTime":1704071612530,"time":"2024-01-01T04:53:13.920Z"}},{"iob":0.017,"basaliob":0.013,"bolussnooze":0,"activity":5.0E-4,"lastBolusTime":1704071612530,"time":"2024-01-01T04:58:13.920Z","iobWithZeroTemp":{"iob":-0.052,"basaliob":-0.056,"bolussnooze":0,"activity":3.0E-4,"lastBolusTime":1704071612530,"time":"2024-01-01T04:58:13.920Z"}},{"iob":0.014,"basaliob":0.011,"bolussnooze":0,"activity":4.0E-4,"lastBolusTime":1704071612530,"time":"2024-01-01T05:03:13.920Z","iobWithZeroTemp":{"iob":-0.079,"basaliob":-0.082,"bolussnooze":0,"activity":0,"lastBolusTime":1704071612530,"time":"2024-01-01T05:03:13.920Z"}},{"iob":0.013,"basaliob":0.01,"bolussnooze":0,"activity":4.0E-4,"lastBolusTime":1704071612530,"time":"2024-01-01T05:08:13.920Z","iobWithZeroTemp":{"iob":-0.102,"basaliob":-0.105,"bolussnooze":0,"activity":-1.0E-4,"lastBolusTime":1704071612530,"time":"2024-01-01T05:08:13.920Z"}},{"iob":0.012,"basaliob":0.009,"bolussnooze":0,"activity":3.0E-4,"lastBolusTime":1704071612530,"time":"2024-01-01T05:13:13.920Z","iobWithZeroTemp":{"iob":-0.125,"basaliob":-0.128,"bolussnooze":0,"activity":-4.0E-4,"lastBolusTime":1704071612530,"time":"2024-01-01T05:13:13.920Z"}},{"iob":0.009,"basaliob":0.007,"bolussnooze":0,"activity":3.0E-4,"lastBolusTime":1704071612530,"time":"2024-01-01T05:18:13.920Z","iobWithZeroTemp":{"iob":-0.149,"basaliob":-0.151,"bolussnooze":0,"activity":-6.0E-4,"lastBolusTime":1704071612530,"time":"2024-01-01T05:18:13.920Z"}},{"iob":0.008,"basaliob":0.006,"bolussnooze":0,"activity":3.0E-4,"lastBolusTime":1704071612530,"time":"2024-01-01T05:23:13.920Z","iobWithZeroTemp":{"iob":-0.17,"basaliob":-0.172,"bolussnooze":0,"activity":-8.0E-4,"lastBolusTime":1704071612530,"time":"2024-01-01T05:23:13.920Z"}},{"iob":0.008,"basaliob":0.006,"bolussnooze":0,"activity":3.0E-4,"lastBolusTime":1704071612530,"time":"2024-01-01T05:28:13.920Z","iobWithZeroTemp":{"iob":-0.189,"basaliob":-0.191,"bolussnooze":0,"activity":-0.001,"lastBolusTime":1704071612530,"time":"2024-01-01T05:28:13.920Z"}},{"iob":0.006,"basaliob":0.005,"bolussnooze":0,"activity":1.0E-4,"lastBolusTime":1704071612530,"time":"2024-01-01T05:33:13.920Z","iobWithZeroTemp":{"iob":-0.209,"basaliob":-0.21,"bolussnooze":0,"activity":-0.0015,"lastBolusTime":1704071612530,"time":"2024-01-01T05:33:13.920Z"}},{"iob":0.005,"basaliob":0.004,"bolussnooze":0,"activity":1.0E-4,"lastBolusTime":1704071612530,"time":"2024-01-01T05:38:13.920Z","iobWithZeroTemp":{"iob":-0.227,"basaliob":-0.228,"bolussnooze":0,"activity":-0.0017,"lastBolusTime":1704071612530,"time":"2024-01-01T05:38:13.920Z"}},{"iob":0.004,"basaliob":0.003,"bolussnooze":0,"activity":1.0E-4,"lastBolusTime":1704071612530,"time":"2024-01-01T05:43:13.920Z","iobWithZeroTemp":{"iob":-0.243,"basaliob":-0.244,"bolussnooze":0,"activity":-0.0019,"lastBolusTime":1704071612530,"time":"2024-01-01T05:43:13.920Z"}},{"iob":0.004,"basaliob":0.003,"bolussnooze":0,"activity":1.0E-4,"lastBolusTime":1704071612530,"time":"2024-01-01T05:48:13.920Z","iobWithZeroTemp":{"iob":-0.258,"basaliob":-0.259,"bolussnooze":0,"activity":-0.0021,"lastBolusTime":1704071612530,"time":"2024-01-01T05:48:13.920Z"}},{"iob":0.003,"basaliob":0.002,"bolussnooze":0,"activity":1.0E-4,"lastBolusTime":1704071612530,"time":"2024-01-01T05:53:13.920Z","iobWithZeroTemp":{"iob":-0.273,"basaliob":-0.274,"bolussnooze":0,"activity":-0.0023,"lastBolusTime":1704071612530,"time":"2024-01-01T05:53:13.920Z"}},{"iob":0.003,"basaliob":0.002,"bolussnooze":0,"activity":1.0E-4,"lastBolusTime":1704071612530,"time":"2024-01-01T05:58:13.920Z","iobWithZeroTemp":{"iob":-0.285,"basaliob":-0.286,"bolussnooze":0,"activity":-0.0025,"lastBolusTime":1704071612530,"time":"2024-01-01T05:58:13.920Z"}},{"iob":0.002,"basaliob":0.002,"bolussnooze":0,"activity":1.0E-4,"lastBolusTime":1704071612530,"time":"2024-01-01T06:03:13.920Z","iobWithZeroTemp":{"iob":-0.298,"basaliob":-0.298,"bolussnooze":0,"activity":-0.0026,"lastBolusTime":1704071612530,"time":"2024-01-01T06:03:13.920Z"}},{"iob":0.001,"basaliob":0.001,"bolussnooze":0,"activity":1.0E-4,"lastBolusTime":1704071612530,"time":"2024-01-01T06:08:13.920Z","iobWithZeroTemp":{"iob":-0.31,"basaliob":-0.31,"bolussnooze":0,"activity":-0.0028,"lastBolusTime":1704071612530,"time":"2024-01-01T06:08:13.920Z"}},{"iob":0.001,"basaliob":0.001,"bolussnooze":0,"activity":0,"lastBolusTime":1704071612530,"time":"2024-01-01T06:13:13.920Z","iobWithZeroTemp":{"iob":-0.32,"basaliob":-0.32,"bolussnooze":0,"activity":-0.0031,"lastBolusTime":1704071612530,"time":"2024-01-01T06:13:13.920Z"}},{"iob":0.001,"basaliob":0.001,"bolussnooze":0,"activity":0,"lastBolusTime":1704071612530,"time":"2024-01-01T06:18:13.920Z","iobWithZeroTemp":{"iob":-0.329,"basaliob":-0.329,"bolussnooze":0,"activity":-0.0032,"lastBolusTime":1704071612530,"time":"2024-01-01T06:18:13.920Z"}},{"iob":0.001,"basaliob":0.001,"bolussnooze":0,"activity":0,"lastBolusTime":1704071612530,"time":"2024-01-01T06:23:13.920Z","iobWithZeroTemp":{"iob":-0.338,"basaliob":-0.338,"bolussnooze":0,"activity":-0.0034,"lastBolusTime":1704071612530,"time":"2024-01-01T06:23:13.920Z"}},{"iob":0.001,"basaliob":0.001,"bolussnooze":0,"activity":0,"lastBolusTime":1704071612530,"time":"2024-01-01T06:28:13.920Z","iobWithZeroTemp":{"iob":-0.346,"basaliob":-0.346,"bolussnooze":0,"activity":-0.0035,"lastBolusTime":1704071612530,"time":"2024-01-01T06:28:13.920Z"}},{"iob":0,"basaliob":0,"bolussnooze":0,"activity":0,"lastBolusTime":1704071612530,"time":"2024-01-01T06:33:13.920Z","iobWithZeroTemp":{"iob":-0.354,"basaliob":-0.354,"bolussnooze":0,"activity":-0.0036,"lastBolusTime":1704071612530,"time":"2024-01-01T06:33:13.920Z"}},{"iob":0,"basaliob":0,"bolussnooze":0,"activity":0,"lastBolusTime":1704071612530,"time":"2024-01-01T06:38:13.920Z","iobWithZeroTemp":{"iob":-0.361,"basaliob":-0.361,"bolussnooze":0,"activity":-0.0037,"lastBolusTime":1704071612530,"time":"2024-01-01T06:38:13.920Z"}},{"iob":0,"basaliob":0,"bolussnooze":0,"activity":0,"lastBolusTime":1704071612530,"time":"2024-01-01T06:43:13.920Z","iobWithZeroTemp":{"iob":-0.367,"basaliob":-0.367,"bolussnooze":0,"activity":-0.0039,"lastBolusTime":1704071612530,"time":"2024-01-01T06:43:13.920Z"}},{"iob":0,"basaliob":0,"bolussnooze":0,"activity":0,"lastBolusTime":1704071612530,"time":"2024-01-01T06:48:13.920Z","iobWithZeroTemp":{"iob":-0.372,"basaliob":-0.372,"bolussnooze":0,"activity":-0.004,"lastBolusTime":1704071612530,"time":"2024-01-01T06:48:13.920Z"}},{"iob":0,"basaliob":0,"bolussnooze":0,"activity":0,"lastBolusTime":1704071612530,"time":"2024-01-01T06:53:13.920Z","iobWithZeroTemp":{"iob":-0.377,"basaliob":-0.377,"bolussnooze":0,"activity":-0.004,"lastBolusTime":1704071612530,"time":"2024-01-01T06:53:13.920Z"}},{"iob":0,"basaliob":0,"bolussnooze":0,"activity":0,"lastBolusTime":1704071612530,"time":"2024-01-01T06:58:13.920Z","iobWithZeroTemp":{"iob":-0.382,"basaliob":-0.382,"bolussnooze":0,"activity":-0.0041,"lastBolusTime":1704071612530,"time":"2024-01-01T06:58:13.920Z"}},{"iob":0,"basaliob":0,"bolussnooze":0,"activity":0,"lastBolusTime":1704071612530,"time":"2024-01-01T07:03:13.920Z","iobWithZeroTemp":{"iob":-0.386,"basaliob":-0.386,"bolussnooze":0,"activity":-0.0042,"lastBolusTime":1704071612530,"time":"2024-01-01T07:03:13.920Z"}},{"iob":0,"basaliob":0,"bolussnooze":0,"activity":0,"lastBolusTime":1704071612530,"time":"2024-01-01T07:08:13.920Z","iobWithZeroTemp":{"iob":-0.39,"basaliob":-0.39,"bolussnooze":0,"activity":-0.0043,"lastBolusTime":1704071612530,"time":"2024-01-01T07:08:13.920Z"}},{"iob":0,"basaliob":0,"bolussnooze":0,"activity":0,"lastBolusTime":1704071612530,"time":"2024-01-01T07:13:13.920Z","iobWithZeroTemp":{"iob":-0.393,"basaliob":-0.393,"bolussnooze":0,"activity":-0.0044,"lastBolusTime":1704071612530,"time":"2024-01-01T07:13:13.920Z"}},{"iob":0,"basaliob":0,"bolussnooze":0,"activity":0,"lastBolusTime":0,"time":"2024-01-01T07:18:13.920Z","iobWithZeroTemp":{"iob":-0.396,"basaliob":-0.396,"bolussnooze":0,"activity":-0.0044,"lastBolusTime":0,"time":"2024-01-01T07:18:13.920Z"}},{"iob":0,"basaliob":0,"bolussnooze":0,"activity":0,"lastBolusTime":0,"time":"2024-01-01T07:23:13.920Z","iobWithZeroTemp":{"iob":-0.399,"basaliob":-0.399,"bolussnooze":0,"activity":-0.0045,"lastBolusTime":0,"time":"2024-01-01T07:23:13.920Z"}},{"iob":0,"basaliob":0,"bolussnooze":0,"activity":0,"lastBolusTime":0,"time":"2024-01-01T07:28:13.920Z","iobWithZeroTemp":{"iob":-0.401,"basaliob":-0.401,"bolussnooze":0,"activity":-0.0045,"lastBolusTime":0,"time":"2024-01-01T07:28:13.920Z"}},{"iob":0,"basaliob":0,"bolussnooze":0,"activity":0,"lastBolusTime":0,"time":"2024-01-01T07:33:13.920Z","iobWithZeroTemp":{"iob":-0.404,"basaliob":-0.404,"bolussnooze":0,"activity":-0.0046,"lastBolusTime":0,"time":"2024-01-01T07:33:13.920Z"}},{"iob":0,"basaliob":0,"bolussnooze":0,"activity":0,"lastBolusTime":0,"time":"2024-01-01T07:38:13.920Z","iobWithZeroTemp":{"iob":-0.406,"basaliob":-0.406,"bolussnooze":0,"activity":-0.0046,"lastBolusTime":0,"time":"2024-01-01T07:38:13.920Z"}},{"iob":0,"basaliob":0,"bolussnooze":0,"activity":0,"lastBolusTime":0,"time":"2024-01-01T07:43:13.920Z","iobWithZeroTemp":{"iob":-0.407,"basaliob":-0.407,"bolussnooze":0,"activity":-0.0047,"lastBolusTime":0,"time":"2024-01-01T07:43:13.920Z"}},{"iob":0,"basaliob":0,"bolussnooze":0,"activity":0,"lastBolusTime":0,"time":"2024-01-01T07:48:13.920Z","iobWithZeroTemp":{"iob":-0.409,"basaliob":-0.409,"bolussnooze":0,"activity":-0.0047,"lastBolusTime":0,"time":"2024-01-01T07:48:13.920Z"}},{"iob":0,"basaliob":0,"bolussnooze":0,"activity":0,"lastBolusTime":0,"time":"2024-01-01T07:53:13.920Z","iobWithZeroTemp":{"iob":-0.411,"basaliob":-0.411,"bolussnooze":0,"activity":-0.0047,"lastBolusTime":0,"time":"2024-01-01T07:53:13.920Z"}},{"iob":0,"basaliob":0,"bolussnooze":0,"activity":0,"lastBolusTime":0,"time":"2024-01-01T07:58:13.920Z","iobWithZeroTemp":{"iob":-0.412,"basaliob":-0.412,"bolussnooze":0,"activity":-0.0048,"lastBolusTime":0,"time":"2024-01-01T07:58:13.920Z"}},{"iob":0,"basaliob":0,"bolussnooze":0,"activity":0,"lastBolusTime":0,"time":"2024-01-01T08:03:13.920Z","iobWithZeroTemp":{"iob":-0.413,"basaliob":-0.413,"bolussnooze":0,"activity":-0.0048,"lastBolusTime":0,"time":"2024-01-01T08:03:13.920Z"}},{"iob":0,"basaliob":0,"bolussnooze":0,"activity":0,"lastBolusTime":0,"time":"2024-01-01T08:08:13.920Z","iobWithZeroTemp":{"iob":-0.414,"basaliob":-0.414,"bolussnooze":0,"activity":-0.0048,"lastBolusTime":0,"time":"2024-01-01T08:08:13.920Z"}},{"iob":0,"basaliob":0,"bolussnooze":0,"activity":0,"lastBolusTime":0,"time":"2024-01-01T08:13:13.920Z","iobWithZeroTemp":{"iob":-0.415,"basaliob":-0.415,"bolussnooze":0,"activity":-0.0048,"lastBolusTime":0,"time":"2024-01-01T08:13:13.920Z"}},{"iob":0,"basaliob":0,"bolussnooze":0,"activity":0,"lastBolusTime":0,"time":"2024-01-01T08:18:13.920Z","iobWithZeroTemp":{"iob":-0.416,"basaliob":-0.416,"bolussnooze":0,"activity":-0.0049,"lastBolusTime":0,"time":"2024-01-01T08:18:13.920Z"}},{"iob":0,"basaliob":0,"bolussnooze":0,"activity":0,"lastBolusTime":0,"time":"2024-01-01T08:23:13.920Z","iobWithZeroTemp":{"iob":-0.416,"basaliob":-0.416,"bolussnooze":0,"activity":-0.0049,"lastBolusTime":0,"time":"2024-01-01T08:23:13.920Z"}},{"iob":0,"basaliob":0,"bolussnooze":0,"activity":0,"lastBolusTime":0,"time":"2024-01-01T08:28:13.920Z","iobWithZeroTemp":{"iob":-0.417,"basaliob":-0.417,"bolussnooze":0,"activity":-0.0049,"lastBolusTime":0,"time":"2024-01-01T08:28:13.920Z"}},{"iob":0,"basaliob":0,"bolussnooze":0,"activity":0,"lastBolusTime":0,"time":"2024-01-01T08:33:13.920Z","iobWithZeroTemp":{"iob":-0.418,"basaliob":-0.418,"bolussnooze":0,"activity":-0.0049,"lastBolusTime":0,"time":"2024-01-01T08:33:13.920Z"}},{"iob":0,"basaliob":0,"bolussnooze":0,"activity":0,"lastBolusTime":0,"time":"2024-01-01T08:38:13.920Z","iobWithZeroTemp":{"iob":-0.418,"basaliob":-0.418,"bolussnooze":0,"activity":-0.0049,"lastBolusTime":0,"time":"2024-01-01T08:38:13.920Z"}}],"profile":{"max_iob":10,"type":"current","max_daily_basal":0.35,"max_basal":1.05,"min_bg":95,"max_bg":95,"target_bg":95,"carb_ratio":8.8,"sens":120,"max_daily_safety_multiplier":3,"current_basal_safety_multiplier":4,"lgsThreshold":95,"high_temptarget_raises_sensitivity":true,"low_temptarget_lowers_sensitivity":true,"sensitivity_raises_target":true,"resistance_lowers_target":true,"adv_target_adjustments":false,"exercise_mode":false,"half_basal_exercise_target":160,"maxCOB":120,"skip_neutral_temps":false,"remainingCarbsCap":90,"enableUAM":true,"A52_risk_enable":false,"SMBInterval":6,"enableSMB_with_COB":true,"enableSMB_with_temptarget":true,"allowSMB_with_high_temptarget":false,"enableSMB_always":false,"enableSMB_after_carbs":true,"maxSMBBasalMinutes":30,"maxUAMSMBBasalMinutes":45,"bolus_increment":0.05,"carbsReqThreshold":2,"current_basal":0.3,"temptargetSet":false,"autosens_max":1.3,"autosens_min":0.7,"variable_sens":204.2,"insulinDivisor":75,"TDD":10.769737904761906},"autosens_data":{"ratio":0.8188735104939568},"meal_data":{"carbs":0,"mealCOB":0,"slopeFromMaxDeviation":-1.17075,"slopeFromMinDeviation":0.2140000000000004,"lastBolusTime":1704071612530,"lastCarbTime":0},"microBolusAllowed":true,"currentTime":1704084196330,"flatBGsDetected":false,"tdd1D":14.612499999999995,"tdd7D":16.776095238095234,"tddLast24H":13.737499999999997,"tddLast4H":1.2416666666666665,"tddLast8to4H":2.0458333333333334},"output":{"temp":"absolute","bg":95,"tick":-5,"eventualBG":71,"targetBG":103,"insulinReq":0,"deliverAt":"2024-01-01T04:43:16.330Z","sensitivityRatio":0.8188735104939568,"variable_sens":204.2,"predBGs":{"IOB":[95,90,86,81,78,75,72,69,67,66,65,64,64,64,64,64,63],"ZT":[95,94,94,93,93,93,93,94,94,95,96,98,99,101,103]},"reason":"COB: 0, Dev: -19, BGI: -1, ISF: 204, CR: 8.8, Target: 103, minPredBG 78, minGuardBG 63, IOBpredBG 63; minGuardBG 63<95 50m left and 0 ~ req 0U\/hr: no temp required","COB":0,"IOB":0.026,"timestamp":"2024-01-01T04:43:16.362Z"}}