{"algorithm":"OpenAPSSMBDynamicISFPlugin","input":{"glucoseStatus":{"glucose":107,"noise":0,"delta":0.5,"short_avgdelta":0.5,"long_avgdelta":-1.32,"date":1704225475000},"currenttemp":{"temp":"absolute","duration":110,"rate":0,"minutesrunning":10},"iob_data":[{"iob":1.319,"basaliob":-0.283,"bolussnooze":0.7621,"activity":0.0171,"lastBolusTime":1704222944580,"time":"2024-01-02T19:58:19.420Z","iobWithZeroTemp":{"iob":1.319,"basaliob":-0.283,"bolussnooze":0.7621,"activity":0.0171,"lastBolusTime":1704222944580,"time":"2024-01-02T19:58:19.420Z"}},{"iob":1.234,"basaliob":-0.27,"bolussnooze":0.6474,"activity":0.0167,"lastBolusTime":1704222944580,"time":"2024-01-02T20:03:19.420Z","iobWithZeroTemp":{"iob":1.211,"basaliob":-0.293,"bolussnooze":0.6474,"activity":0.0167,"lastBolusTime":1704222944580,"time":"2024-01-02T20:03:19.420Z"}},{"iob":1.152,"basaliob":-0.256,"bolussnooze":0.5459,"activity":0.0162,"lastBolusTime":1704222944580,"time":"2024-01-02T20:08:19.420Z","iobWithZeroTemp":{"iob":1.1,"basaliob":-0.308,"bolussnooze":0.5459,"activity":0.0161,"lastBolusTime":1704222944580,"time":"2024-01-02T20:08:19.420Z"}},{"iob":1.072,"basaliob":-0.242,"bolussnooze":0.4572,"activity":0.0156,"lastBolusTime":1704222944580,"time":"2024-01-02T20:13:19.420Z","iobWithZeroTemp":{"iob":0.991,"basaliob":-0.323,"bolussnooze":0.4572,"activity":0.0154,"lastBolusTime":1704222944580,"time":"2024-01-02T20:13:19.420Z"}},{"iob":0.996,"basaliob":-0.228,"bolussnooze":0.3804,"activity":0.015,"lastBolusTime":1704222944580,"time":"2024-01-02T20:18:19.420Z","iobWithZeroTemp":{"iob":0.888,"basaliob":-0.336,"bolussnooze":0.3804,"activity":0.0146,"lastBolusTime":1704222944580,"time":"2024-01-02T20:18:19.420Z"}},{"iob":0.922,"basaliob":-0.214,"bolussnooze":0.3144,"activity":0.0142,"lastBolusTime":1704222944580,"time":"2024-01-02T20:23:19.420Z","iobWithZeroTemp":{"iob":0.787,"basaliob":-0.349,"bolussnooze":0.3144,"activity":0.0136,"lastBolusTime":1704222944580,"time":"2024-01-02T20:23:19.420Z"}},{"iob":0.853,"basaliob":-0.2,"bolussnooze":0.2583,"activity":0.0136,"lastBolusTime":1704222944580,"time":"2024-01-02T20:28:19.420Z","iobWithZeroTemp":{"iob":0.693,"basaliob":-0.36,"bolussnooze":0.2583,"activity":0.0128,"lastBolusTime":1704222944580,"time":"2024-01-02T20:28:19.420Z"}},{"iob":0.787,"basaliob":-0.187,"bolussnooze":0.2109,"activity":0.0128,"lastBolusTime":1704222944580,"time":"2024-01-02T20:33:19.420Z","iobWithZeroTemp":{"iob":0.602,"basaliob":-0.372,"bolussnooze":0.2109,"activity":0.0117,"lastBolusTime":1704222944580,"time":"2024-01-02T20:33:19.420Z"}},{"iob":0.725,"basaliob":-0.174,"bolussnooze":0.171,"activity":0.0121,"lastBolusTime":1704222944580,"time":"2024-01-02T20:38:19.420Z","iobWithZeroTemp":{"iob":0.517,"basaliob":-0.382,"bolussnooze":0.171,"activity":0.0108,"lastBolusTime":1704222944580,"time":"2024-01-02T20:38:19.420Z"}},{"iob":0.666,"basaliob":-0.162,"bolussnooze":0.1378,"activity":0.0114,"lastBolusTime":1704222944580,"time":"2024-01-02T20:43:19.420Z","iobWithZeroTemp":{"iob":0.436,"basaliob":-0.392,"bolussnooze":0.1378,"activity":0.0098,"lastBolusTime":1704222944580,"time":"2024-01-02T20:43:19.420Z"}},{"iob":0.611,"basaliob":-0.15,"bolussnooze":0.1103,"activity":0.0106,"lastBolusTime":1704222944580,"time":"2024-01-02T20:48:19.420Z","iobWithZeroTemp":{"iob":0.36,"basaliob":-0.401,"bolussnooze":0.1103,"activity":0.0088,"lastBolusTime":1704222944580,"time":"2024-01-02T20:48:19.420Z"}},{"iob":0.561,"basaliob":-0.138,"bolussnooze":0.0875,"activity":0.0099,"lastBolusTime":1704222944580,"time":"2024-01-02T20:53:19.420Z","iobWithZeroTemp":{"iob":0.291,"basaliob":-0.408,"bolussnooze":0.0875,"activity":0.0078,"lastBolusTime":1704222944580,"time":"2024-01-02T20:53:19.420Z"}},{"iob":0.512,"basaliob":-0.128,"bolussnooze":0.0689,"activity":0.0092,"lastBolusTime":1704222944580,"time":"2024-01-02T20:58:19.420Z","iobWithZeroTemp":{"iob":0.223,"basaliob":-0.417,"bolussnooze":0.0689,"activity":0.0069,"lastBolusTime":1704222944580,"time":"2024-01-02T20:58:19.420Z"}},{"iob":0.468,"basaliob":-0.118,"bolussnooze":0.0538,"activity":0.0085,"lastBolusTime":1704222944580,"time":"2024-01-02T21:03:19.420Z","iobWithZeroTemp":{"iob":0.166,"basaliob":-0.42,"bolussnooze":0.0538,"activity":0.006,"lastBolusTime":1704222944580,"time":"2024-01-02T21:03:19.420Z"}},{"iob":0.427,"basaliob":-0.108,"bolussnooze":0.0416,"activity":0.008,"lastBolusTime":1704222944580,"time":"2024-01-02T21:08:19.420Z","iobWithZeroTemp":{"iob":0.114,"basaliob":-0.421,"bolussnooze":0.0416,"activity":0.0053,"lastBolusTime":1704222944580,"time":"2024-01-02T21:08:19.420Z"}},{"iob":0.389,"basaliob":-0.099,"bolussnooze":0.0318,"activity":0.0074,"lastBolusTime":1704222944580,"time":"2024-01-02T21:13:19.420Z","iobWithZeroTemp":{"iob":0.065,"basaliob":-0.423,"bolussnooze":0.0318,"activity":0.0045,"lastBolusTime":1704222944580,"time":"2024-01-02T21:13:19.420Z"}},{"iob":0.353,"basaliob":-0.091,"bolussnooze":0.024,"activity":0.0068,"lastBolusTime":1704222944580,"time":"2024-01-02T21:18:19.420Z","iobWithZeroTemp":{"iob":0.019,"basaliob":-0.425,"bolussnooze":0.024,"activity":0.0037,"lastBolusTime":1704222944580,"time":"2024-01-02T21:18:19.420Z"}},{"iob":0.321,"basaliob":-0.083,"bolussnooze":0.0178,"activity":0.0063,"lastBolusTime":1704222944580,"time":"2024-01-02T21:23:19.420Z","iobWithZeroTemp":{"iob":-0.022,"basaliob":-0.426,"bolussnooze":0.0178,"activity":0.003,"lastBolusTime":1704222944580,"time":"2024-01-02T21:23:19.420Z"}},{"iob":0.29,"basaliob":-0.076,"bolussnooze":0.013,"activity":0.0058,"lastBolusTime":1704222944580,"time":"2024-01-02T21:28:19.420Z","iobWithZeroTemp":{"iob":-0.061,"basaliob":-0.427,"bolussnooze":0.013,"activity":0.0023,"lastBolusTime":1704222944580,"time":"2024-01-02T21:28:19.420Z"}},{"iob":0.263,"basaliob":-0.069,"bolussnooze":0.0093,"activity":0.0053,"lastBolusTime":1704222944580,"time":"2024-01-02T21:33:19.420Z","iobWithZeroTemp":{"iob":-0.096,"basaliob":-0.428,"bolussnooze":0.0093,"activity":0.0017,"lastBolusTime":1704222944580,"time":"2024-01-02T21:33:19.420Z"}},{"iob":0.237,"basaliob":-0.063,"bolussnooze":0.0064,"activity":0.0048,"lastBolusTime":1704222944580,"time":"2024-01-02T21:38:19.420Z","iobWithZeroTemp":{"iob":-0.128,"basaliob":-0.428,"bolussnooze":0.0064,"activity":0.0011,"lastBolusTime":1704222944580,"time":"2024-01-02T21:38:19.420Z"}},{"iob":0.214,"basaliob":-0.057,"bolussnooze":0.0043,"activity":0.0044,"lastBolusTime":1704222944580,"time":"2024-01-02T21:43:19.420Z","iobWithZeroTemp":{"iob":-0.157,"basaliob":-0.428,"bolussnooze":0.0043,"activity":5.0E-4,"lastBolusTime":1704222944580,"time":"2024-01-02T21:43:19.420Z"}},{"iob":0.193,"basaliob":-0.052,"bolussnooze":0.0028,"activity":0.0041,"lastBolusTime":1704222944580,"time":"2024-01-02T21:48:19.420Z","iobWithZeroTemp":{"iob":-0.184,"basaliob":-0.429,"bolussnooze":0.0028,"activity":1.0E-4,"lastBolusTime":1704222944580,"time":"2024-01-02T21:48:19.420Z"}},{"iob":0.174,"basaliob":-0.047,"bolussnooze":0.0016,"activity":0.0037,"lastBolusTime":1704222944580,"time":"2024-01-02T21:53:19.420Z","iobWithZeroTemp":{"iob":-0.208,"basaliob":-0.429,"bolussnooze":0.0016,"activity":-4.0E-4,"lastBolusTime":1704222944580,"time":"2024-01-02T21:53:19.420Z"}},{"iob":0.156,"basaliob":-0.042,"bolussnooze":9.0E-4,"activity":0.0033,"lastBolusTime":1704222944580,"time":"2024-01-02T21:58:19.420Z","iobWithZeroTemp":{"iob":-0.23,"basaliob":-0.428,"bolussnooze":9.0E-4,"activity":-9.0E-4,"lastBolusTime":1704222944580,"time":"2024-01-02T21:58:19.420Z"}},{"iob":0.14,"basaliob":-0.038,"bolussnooze":4.0E-4,"activity":0.0031,"lastBolusTime":1704222944580,"time":"2024-01-02T22:03:19.420Z","iobWithZeroTemp":{"iob":-0.246,"basaliob":-0.424,"bolussnooze":4.0E-4,"activity":-0.0011,"lastBolusTime":1704222944580,"time":"2024-01-02T22:03:19.420Z"}},{"iob":0.125,"basaliob":-0.035,"bolussnooze":1.0E-4,"activity":0.0028,"lastBolusTime":1704222944580,"time":"2024-01-02T22:08:19.420Z","iobWithZeroTemp":{"iob":-0.261,"basaliob":-0.421,"bolussnooze":1.0E-4,"activity":-0.0015,"lastBolusTime":1704222944580,"time":"2024-01-02T22:08:19.420Z"}},{"iob":0.112,"basaliob":-0.031,"bolussnooze":0,"activity":0.0025,"lastBolusTime":1704222944580,"time":"2024-01-02T22:13:19.420Z","iobWithZeroTemp":{"iob":-0.273,"basaliob":-0.416,"bolussnooze":0,"activity":-0.0019,"lastBolusTime":1704222944580,"time":"2024-01-02T22:13:19.420Z"}},{"iob":0.1,"basaliob":-0.028,"bolussnooze":0,"activity":0.0023,"lastBolusTime":1704222944580,"time":"2024-01-02T22:18:19.420Z","iobWithZeroTemp":{"iob":-0.284,"basaliob":-0.412,"bolussnooze":0,"activity":-0.0021,"lastBolusTime":1704222944580,"time":"2024-01-02T22:18:19.420Z"}},{"iob":0.089,"basaliob":-0.025,"bolussnooze":0,"activity":0.0021,"lastBolusTime":1704222944580,"time":"2024-01-02T22:23:19.420Z","iobWithZeroTemp":{"iob":-0.294,"basaliob":-0.408,"bolussnooze":0,"activity":-0.0023,"lastBolusTime":1704222944580,"time":"2024-01-02T22:23:19.420Z"}},{"iob":0.079,"basaliob":-0.022,"bolussnooze":0,"activity":0.0019,"lastBolusTime":1704222944580,"time":"2024-01-02T22:28:19.420Z","iobWithZeroTemp":{"iob":-0.302,"basaliob":-0.403,"bolussnooze":0,"activity":-0.0025,"lastBolusTime":1704222944580,"time":"2024-01-02T22:28:19.420Z"}},{"iob":0.07,"basaliob":-0.02,"bolussnooze":0,"activity":0.0016,"lastBolusTime":1704222944580,"time":"2024-01-02T22:33:19.420Z","iobWithZeroTemp":{"iob":-0.31,"basaliob":-0.4,"bolussnooze":0,"activity":-0.0029,"lastBolusTime":1704222944580,"time":"2024-01-02T22:33:19.420Z"}},{"iob":0.062,"basaliob":-0.018,"bolussnooze":0,"activity":0.0015,"lastBolusTime":1704222944580,"time":"2024-01-02T22:38:19.420Z","iobWithZeroTemp":{"iob":-0.317,"basaliob":-0.397,"bolussnooze":0,"activity":-0.003,"lastBolusTime":1704222944580,"time":"2024-01-02T22:38:19.420Z"}},{"iob":0.055,"basaliob":-0.016,"bolussnooze":0,"activity":0.0013,"lastBolusTime":1704222944580,"time":"2024-01-02T22:43:19.420Z","iobWithZeroTemp":{"iob":-0.322,"basaliob":-0.393,"bolussnooze":0,"activity":-0.0032,"lastBolusTime":1704222944580,"time":"2024-01-02T22:43:19.420Z"}},{"iob":0.048,"basaliob":-0.014,"bolussnooze":0,"activity":0.0013,"lastBolusTime":1704222944580,"time":"2024-01-02T22:48:19.420Z","iobWithZeroTemp":{"iob":-0.328,"basaliob":-0.39,"bolussnooze":0,"activity":-0.0032,"lastBolusTime":1704222944580,"time":"2024-01-02T22:48:19.420Z"}},{"iob":0.042,"basaliob":-0.013,"bolussnooze":0,"activity":0.0011,"lastBolusTime":1704222944580,"time":"2024-01-02T22:53:19.420Z","iobWithZeroTemp":{"iob":-0.332,"basaliob":-0.387,"bolussnooze":0,"activity":-0.0034,"lastBolusTime":1704222944580,"time":"2024-01-02T22:53:19.420Z"}},{"iob":0.037,"basaliob":-0.011,"bolussnooze":0,"activity":0.001,"lastBolusTime":1704222944580,"time":"2024-01-02T22:58:19.420Z","iobWithZeroTemp":{"iob":-0.336,"basaliob":-0.384,"bolussnooze":0,"activity":-0.0035,"lastBolusTime":1704222944580,"time":"2024-01-02T22:58:19.420Z"}},{"iob":0.032,"basaliob":-0.01,"bolussnooze":0,"activity":9.0E-4,"lastBolusTime":1704222944580,"time":"2024-01-02T23:03:19.420Z","iobWithZeroTemp":{"iob":-0.339,"basaliob":-0.381,"bolussnooze":0,"activity":-0.0036,"lastBolusTime":1704222944580,"time":"2024-01-02T23:03:19.420Z"}},{"iob":0.028,"basaliob":-0.009,"bolussnooze":0,"activity":8.0E-4,"lastBolusTime":1704222944580,"time":"2024-01-02T23:08:19.420Z","iobWithZeroTemp":{"iob":-0.342,"basaliob":-0.379,"bolussnooze":0,"activity":-0.0036,"lastBolusTime":1704222944580,"time":"2024-01-02T23:08:19.420Z"}},{"iob":0.024,"basaliob":-0.008,"bolussnooze":0,"activity":7.0E-4,"lastBolusTime":1704222944580,"time":"2024-01-02T23:13:19.420Z","iobWithZeroTemp":{"iob":-0.344,"basaliob":-0.376,"bolussnooze":0,"activity":-0.0037,"lastBolusTime":1704222944580,"time":"2024-01-02T23:13:19.420Z"}},{"iob":0.021,"basaliob":-0.007,"bolussnooze":0,"activity":6.0E-4,"lastBolusTime":1704222944580,"time":"2024-01-02T23:18:19.420Z","iobWithZeroTemp":{"iob":-0.346,"basaliob":-0.374,"bolussnooze":0,"activity":-0.0038,"lastBolusTime":1704222944580,"time":"2024-01-02T23:18:19.420Z"}},{"iob":0.018,"basaliob":-0.006,"bolussnooze":0,"activity":5.0E-4,"lastBolusTime":1704222944580,"time":"2024-01-02T23:23:19.420Z","iobWithZeroTemp":{"iob":-0.348,"basaliob":-0.372,"bolussnooze":0,"activity":-0.0039,"lastBolusTime":1704222944580,"time":"2024-01-02T23:23:19.420Z"}},{"iob":0.016,"basaliob":-0.005,"bolussnooze":0,"activity":5.0E-4,"lastBolusTime":1704222944580,"time":"2024-01-02T23:28:19.420Z","iobWithZeroTemp":{"iob":-0.349,"basaliob":-0.37,"bolussnooze":0,"activity":-0.0039,"lastBolusTime":1704222944580,"time":"2024-01-02T23:28:19.420Z"}},{"iob":0.014,"basaliob":-0.004,"bolussnooze":0,"activity":5.0E-4,"lastBolusTime":1704222944580,"time":"2024-01-02T23:33:19.420Z","iobWithZeroTemp":{"iob":-0.35,"basaliob":-0.368,"bolussnooze":0,"activity":-0.0039,"lastBolusTime":1704222944580,"time":"2024-01-02T23:33:19.420Z"}},{"iob":0.011,"basaliob":-0.004,"bolussnooze":0,"activity":4.0E-4,"lastBolusTime":1704222944580,"time":"2024-01-02T23:38:19.420Z","iobWithZeroTemp":{"iob":-0.352,"basaliob":-0.367,"bolussnooze":0,"activity":-0.004,"lastBolusTime":1704222944580,"time":"2024-01-02T23:38:19.420Z"}},{"iob":0.01,"basaliob":-0.003,"bolussnooze":0,"activity":3.0E-4,"lastBolusTime":1704222944580,"time":"2024-01-02T23:43:19.420Z","iobWithZeroTemp":{"iob":-0.352,"basaliob":-0.365,"bolussnooze":0,"activity":-0.0041,"lastBolusTime":1704222944580,"time":"2024-01-02T23:43:19.420Z"}},{"iob":0.008,"basaliob":-0.003,"bolussnooze":0,"activity":3.0E-4,"lastBolusTime":1704222944580,"time":"2024-01-02T23:48:19.420Z","iobWithZeroTemp":{"iob":-0.353,"basaliob":-0.364,"bolussnooze":0,"activity":-0.004,"lastBolusTime":1704222944580,"time":"2024-01-02T23:48:19.420Z"}},{"iob":0.007,"basaliob":-0.002,"bolussnooze":0,"activity":2.0E-4,"lastBolusTime":1704222944580,"time":"2024-01-02T23:53:19.420Z","iobWithZeroTemp":{"iob":-0.353,"basaliob":-0.362,"bolussnooze":0,"activity":-0.0041,"lastBolusTime":1704222944580,"time":"2024-01-02T23:53:19.420Z"}}],"profile":{"max_iob":10,"type":"current","max_daily_basal":0.35,"max_basal":1.05,"min_bg":90,"max_bg":90,"target_bg":90,"carb_ratio":8.8,"sens":120,"max_daily_safety_multiplier":3,"current_basal_safety_multiplier":4,"lgsThreshold":95,"high_temptarget_raises_sensitivity":true,"low_temptarget_lowers_sensitivity":true,"sensitivity_raises_target":true,"resistance_lowers_target":true,"adv_target_adjustments":false,"exercise_mode":false,"half_basal_exercise_target":160,"maxCOB":120,"skip_neutral_temps":false,"remainingCarbsCap":90,"enableUAM":true,"A52_risk_enable":false,"SMBInterval":6,"enableSMB_with_COB":true,"enableSMB_with_temptarget":true,"allowSMB_with_high_temptarget":false,"enableSMB_always":false,"enableSMB_after_carbs":true,"maxSMBBasalMinutes":45,"maxUAMSMBBasalMinutes":40,"bolus_increment":0.05,"carbsReqThreshold":2,"current_basal":0.35,"temptargetSet":false,"autosens_max":1.3,"autosens_min":0.7,"variable_sens":163.6,"insulinDivisor":75,"TDD":12.408017714285716},"autosens_data":{"ratio":0.8803301647400608},"meal_data":{"carbs":36,"mealCOB":12.503999999999992,"slopeFromMaxDeviation":-0.9288333333333333,"slopeFromMinDeviation":0.27454545454545454,"lastBolusTime":1704222944580,"lastCarbTime":1704222941339},"microBolusAllowed":true,"currentTime":1704225501165,"flatBGsDetected":false,"tdd1D":10.2375,"tdd7D":15.997785714285714,"tddLast24H":14.083333333333332,"tddLast4H":3.3375,"tddLast8to4H":3.479166666666667},"output":{"temp":"absolute","bg":107,"tick":"+1","eventualBG":111,"targetBG":94,"insulinReq":0,"deliverAt":"2024-01-02T19:58:21.165Z","sensitivityRatio":0.8803301647400608,"variable_sens":163.6,"predBGs":{"IOB":[107,106,105,102,99,94,89,82,74,65,54,42,39],"ZT":[107,93,78,62,43,39,39,39,39,39,39,39,39,39,39,39,39,39,39,39,39,39,39,39,39,39,39,39,39,39,39,39,39,39,39,39,39,39,39,39,39,39,39,39,39,39,39,39],"COB":[107,107,107,107,107,107,107,107,108,108,109,110,111,112,113,114,115,117,118,119,120,121,122,123,123,124,124,124,124,123,123,122,120,119,118,117,116,115,114,114,113,113,112,112,112,111],"UAM":[107,107,106,104,102,99,95,91,87,82,75,69,61,52,42,39]},"reason":"COB: 12.5, Dev: 87, BGI: -14, ISF: 164, CR: 8.8, Target: 94, minPredBG -33, minGuardBG -34, IOBpredBG 39, COBpredBG 111, UAMpredBG 39; minGuardBG -34<95","COB":12.503999999999992,"IOB":1.319,"duration":120,"rate":0,"timestamp":"2024-01-02T19:58:21.194Z"}}