{"algorithm":"OpenAPSSMBDynamicISFPlugin","input":{"glucoseStatus":{"glucose":95,"noise":0,"delta":-11.89,"short_avgdelta":-11.89,"long_avgdelta":-1.54,"date":1704151973000},"currenttemp":{"temp":"absolute","duration":55,"rate":0,"minutesrunning":5},"iob_data":[{"iob":0.103,"basaliob":-0.098,"bolussnooze":0,"activity":7.0E-4,"lastBolusTime":1704151111516,"time":"2024-01-01T23:33:19.501Z","iobWithZeroTemp":{"iob":0.103,"basaliob":-0.098,"bolussnooze":0,"activity":7.0E-4,"lastBolusTime":1704151111516,"time":"2024-01-01T23:33:19.501Z"}},{"iob":0.099,"basaliob":-0.09,"bolussnooze":0,"activity":8.0E-4,"lastBolusTime":1704151111516,"time":"2024-01-01T23:38:19.501Z","iobWithZeroTemp":{"iob":0.082,"basaliob":-0.107,"bolussnooze":0,"activity":8.0E-4,"lastBolusTime":1704151111516,"time":"2024-01-01T23:38:19.501Z"}},{"iob":0.095,"basaliob":-0.082,"bolussnooze":0,"activity":8.0E-4,"lastBolusTime":1704151111516,"time":"2024-01-01T23:43:19.501Z","iobWithZeroTemp":{"iob":0.058,"basaliob":-0.119,"bolussnooze":0,"activity":7.0E-4,"lastBolusTime":1704151111516,"time":"2024-01-01T23:43:19.501Z"}},{"iob":0.091,"basaliob":-0.075,"bolussnooze":0,"activity":9.0E-4,"lastBolusTime":1704151111516,"time":"2024-01-01T23:48:19.501Z","iobWithZeroTemp":{"iob":0.033,"basaliob":-0.133,"bolussnooze":0,"activity":7.0E-4,"lastBolusTime":1704151111516,"time":"2024-01-01T23:48:19.501Z"}},{"iob":0.086,"basaliob":-0.069,"bolussnooze":0,"activity":9.0E-4,"lastBolusTime":1704151111516,"time":"2024-01-01T23:53:19.501Z","iobWithZeroTemp":{"iob":0.009,"basaliob":-0.146,"bolussnooze":0,"activity":6.0E-4,"lastBolusTime":1704151111516,"time":"2024-01-01T23:53:19.501Z"}},{"iob":0.082,"basaliob":-0.062,"bolussnooze":0,"activity":9.0E-4,"lastBolusTime":1704151111516,"time":"2024-01-01T23:58:19.501Z","iobWithZeroTemp":{"iob":-0.014,"basaliob":-0.158,"bolussnooze":0,"activity":5.0E-4,"lastBolusTime":1704151111516,"time":"2024-01-01T23:58:19.501Z"}},{"iob":0.076,"basaliob":-0.057,"bolussnooze":0,"activity":9.0E-4,"lastBolusTime":1704151111516,"time":"2024-01-02T00:03:19.501Z","iobWithZeroTemp":{"iob":-0.034,"basaliob":-0.167,"bolussnooze":0,"activity":3.0E-4,"lastBolusTime":1704151111516,"time":"2024-01-02T00:03:19.501Z"}},{"iob":0.071,"basaliob":-0.052,"bolussnooze":0,"activity":9.0E-4,"lastBolusTime":1704151111516,"time":"2024-01-02T00:08:19.501Z","iobWithZeroTemp":{"iob":-0.053,"basaliob":-0.176,"bolussnooze":0,"activity":2.0E-4,"lastBolusTime":1704151111516,"time":"2024-01-02T00:08:19.501Z"}},{"iob":0.067,"basaliob":-0.047,"bolussnooze":0,"activity":9.0E-4,"lastBolusTime":1704151111516,"time":"2024-01-02T00:13:19.501Z","iobWithZeroTemp":{"iob":-0.07,"basaliob":-0.184,"bolussnooze":0,"activity":0,"lastBolusTime":1704151111516,"time":"2024-01-02T00:13:19.501Z"}},{"iob":0.063,"basaliob":-0.042,"bolussnooze":0,"activity":8.0E-4,"lastBolusTime":1704151111516,"time":"2024-01-02T00:18:19.501Z","iobWithZeroTemp":{"iob":-0.085,"basaliob":-0.19,"bolussnooze":0,"activity":-3.0E-4,"lastBolusTime":1704151111516,"time":"2024-01-02T00:18:19.501Z"}},{"iob":0.059,"basaliob":-0.038,"bolussnooze":0,"activity":8.0E-4,"lastBolusTime":1704151111516,"time":"2024-01-02T00:23:19.501Z","iobWithZeroTemp":{"iob":-0.1,"basaliob":-0.197,"bolussnooze":0,"activity":-4.0E-4,"lastBolusTime":1704151111516,"time":"2024-01-02T00:23:19.501Z"}},{"iob":0.055,"basaliob":-0.034,"bolussnooze":0,"activity":8.0E-4,"lastBolusTime":1704151111516,"time":"2024-01-02T00:28:19.501Z","iobWithZeroTemp":{"iob":-0.115,"basaliob":-0.204,"bolussnooze":0,"activity":-5.0E-4,"lastBolusTime":1704151111516,"time":"2024-01-02T00:28:19.501Z"}},{"iob":0.051,"basaliob":-0.031,"bolussnooze":0,"activity":7.0E-4,"lastBolusTime":1704151111516,"time":"2024-01-02T00:33:19.501Z","iobWithZeroTemp":{"iob":-0.128,"basaliob":-0.21,"bolussnooze":0,"activity":-8.0E-4,"lastBolusTime":1704151111516,"time":"2024-01-02T00:33:19.501Z"}},{"iob":0.047,"basaliob":-0.028,"bolussnooze":0,"activity":7.0E-4,"lastBolusTime":1704151111516,"time":"2024-01-02T00:38:19.501Z","iobWithZeroTemp":{"iob":-0.141,"basaliob":-0.216,"bolussnooze":0,"activity":-9.0E-4,"lastBolusTime":1704151111516,"time":"2024-01-02T00:38:19.501Z"}},{"iob":0.043,"basaliob":-0.025,"bolussnooze":0,"activity":7.0E-4,"lastBolusTime":1704151111516,"time":"2024-01-02T00:43:19.501Z","iobWithZeroTemp":{"iob":-0.154,"basaliob":-0.222,"bolussnooze":0,"activity":-0.001,"lastBolusTime":1704151111516,"time":"2024-01-02T00:43:19.501Z"}},{"iob":0.04,"basaliob":-0.022,"bolussnooze":0,"activity":6.0E-4,"lastBolusTime":1704151111516,"time":"2024-01-02T00:48:19.501Z","iobWithZeroTemp":{"iob":-0.164,"basaliob":-0.226,"bolussnooze":0,"activity":-0.0013,"lastBolusTime":1704151111516,"time":"2024-01-02T00:48:19.501Z"}},{"iob":0.037,"basaliob":-0.02,"bolussnooze":0,"activity":7.0E-4,"lastBolusTime":1704151111516,"time":"2024-01-02T00:53:19.501Z","iobWithZeroTemp":{"iob":-0.174,"basaliob":-0.231,"bolussnooze":0,"activity":-0.0013,"lastBolusTime":1704151111516,"time":"2024-01-02T00:53:19.501Z"}},{"iob":0.034,"basaliob":-0.018,"bolussnooze":0,"activity":6.0E-4,"lastBolusTime":1704151111516,"time":"2024-01-02T00:58:19.501Z","iobWithZeroTemp":{"iob":-0.184,"basaliob":-0.236,"bolussnooze":0,"activity":-0.0015,"lastBolusTime":1704151111516,"time":"2024-01-02T00:58:19.501Z"}},{"iob":0.031,"basaliob":-0.016,"bolussnooze":0,"activity":5.0E-4,"lastBolusTime":1704151111516,"time":"2024-01-02T01:03:19.501Z","iobWithZeroTemp":{"iob":-0.189,"basaliob":-0.236,"bolussnooze":0,"activity":-0.0017,"lastBolusTime":1704151111516,"time":"2024-01-02T01:03:19.501Z"}},{"iob":0.029,"basaliob":-0.014,"bolussnooze":0,"activity":5.0E-4,"lastBolusTime":1704151111516,"time":"2024-01-02T01:08:19.501Z","iobWithZeroTemp":{"iob":-0.192,"basaliob":-0.235,"bolussnooze":0,"activity":-0.0018,"lastBolusTime":1704151111516,"time":"2024-01-02T01:08:19.501Z"}},{"iob":0.026,"basaliob":-0.013,"bolussnooze":0,"activity":5.0E-4,"lastBolusTime":1704151111516,"time":"2024-01-02T01:13:19.501Z","iobWithZeroTemp":{"iob":-0.196,"basaliob":-0.235,"bolussnooze":0,"activity":-0.0018,"lastBolusTime":1704151111516,"time":"2024-01-02T01:13:19.501Z"}},{"iob":0.024,"basaliob":-0.011,"bolussnooze":0,"activity":4.0E-4,"lastBolusTime":1704151111516,"time":"2024-01-02T01:18:19.501Z","iobWithZeroTemp":{"iob":-0.199,"basaliob":-0.234,"bolussnooze":0,"activity":-0.002,"lastBolusTime":1704151111516,"time":"2024-01-02T01:18:19.501Z"}},{"iob":0.022,"basaliob":-0.01,"bolussnooze":0,"activity":4.0E-4,"lastBolusTime":1704151111516,"time":"2024-01-02T01:23:19.501Z","iobWithZeroTemp":{"iob":-0.201,"basaliob":-0.233,"bolussnooze":0,"activity":-0.002,"lastBolusTime":1704151111516,"time":"2024-01-02T01:23:19.501Z"}},{"iob":0.02,"basaliob":-0.009,"bolussnooze":0,"activity":4.0E-4,"lastBolusTime":1704151111516,"time":"2024-01-02T01:28:19.501Z","iobWithZeroTemp":{"iob":-0.204,"basaliob":-0.233,"bolussnooze":0,"activity":-0.0021,"lastBolusTime":1704151111516,"time":"2024-01-02T01:28:19.501Z"}},{"iob":0.018,"basaliob":-0.008,"bolussnooze":0,"activity":3.0E-4,"lastBolusTime":1704151111516,"time":"2024-01-02T01:33:19.501Z","iobWithZeroTemp":{"iob":-0.206,"basaliob":-0.232,"bolussnooze":0,"activity":-0.0022,"lastBolusTime":1704151111516,"time":"2024-01-02T01:33:19.501Z"}},{"iob":0.016,"basaliob":-0.007,"bolussnooze":0,"activity":3.0E-4,"lastBolusTime":1704151111516,"time":"2024-01-02T01:38:19.501Z","iobWithZeroTemp":{"iob":-0.207,"basaliob":-0.23,"bolussnooze":0,"activity":-0.0022,"lastBolusTime":1704151111516,"time":"2024-01-02T01:38:19.501Z"}},{"iob":0.015,"basaliob":-0.006,"bolussnooze":0,"activity":3.0E-4,"lastBolusTime":1704151111516,"time":"2024-01-02T01:43:19.501Z","iobWithZeroTemp":{"iob":-0.208,"basaliob":-0.229,"bolussnooze":0,"activity":-0.0023,"lastBolusTime":1704151111516,"time":"2024-01-02T01:43:19.501Z"}},{"iob":0.014,"basaliob":-0.005,"bolussnooze":0,"activity":3.0E-4,"lastBolusTime":1704151111516,"time":"2024-01-02T01:48:19.501Z","iobWithZeroTemp":{"iob":-0.209,"basaliob":-0.228,"bolussnooze":0,"activity":-0.0023,"lastBolusTime":1704151111516,"time":"2024-01-02T01:48:19.501Z"}},{"iob":0.012,"basaliob":-0.005,"bolussnooze":0,"activity":3.0E-4,"lastBolusTime":1704151111516,"time":"2024-01-02T01:53:19.501Z","iobWithZeroTemp":{"iob":-0.211,"basaliob":-0.228,"bolussnooze":0,"activity":-0.0023,"lastBolusTime":1704151111516,"time":"2024-01-02T01:53:19.501Z"}},{"iob":0.011,"basaliob":-0.004,"bolussnooze":0,"activity":2.0E-4,"lastBolusTime":1704151111516,"time":"2024-01-02T01:58:19.501Z","iobWithZeroTemp":{"iob":-0.211,"basaliob":-0.226,"bolussnooze":0,"activity":-0.0024,"lastBolusTime":1704151111516,"time":"2024-01-02T01:58:19.501Z"}},{"iob":0.009,"basaliob":-0.004,"bolussnooze":0,"activity":2.0E-4,"lastBolusTime":1704151111516,"time":"2024-01-02T02:03:19.501Z","iobWithZeroTemp":{"iob":-0.217,"basaliob":-0.23,"bolussnooze":0,"activity":-0.0024,"lastBolusTime":1704151111516,"time":"2024-01-02T02:03:19.501Z"}},{"iob":0.009,"basaliob":-0.003,"bolussnooze":0,"activity":2.0E-4,"lastBolusTime":1704151111516,"time":"2024-01-02T02:08:19.501Z","iobWithZeroTemp":{"iob":-0.22,"basaliob":-0.232,"bolussnooze":0,"activity":-0.0024,"lastBolusTime":1704151111516,"time":"2024-01-02T02:08:19.501Z"}},{"iob":0.008,"basaliob":-0.003,"bolussnooze":0,"activity":2.0E-4,"lastBolusTime":1704151111516,"time":"2024-01-02T02:13:19.501Z","iobWithZeroTemp":{"iob":-0.225,"basaliob":-0.236,"bolussnooze":0,"activity":-0.0025,"lastBolusTime":1704151111516,"time":"2024-01-02T02:13:19.501Z"}},{"iob":0.007,"basaliob":-0.002,"bolussnooze":0,"activity":1.0E-4,"lastBolusTime":1704151111516,"time":"2024-01-02T02:18:19.501Z","iobWithZeroTemp":{"iob":-0.229,"basaliob":-0.238,"bolussnooze":0,"activity":-0.0026,"lastBolusTime":1704151111516,"time":"2024-01-02T02:18:19.501Z"}},{"iob":0.006,"basaliob":-0.002,"bolussnooze":0,"activity":1.0E-4,"lastBolusTime":1704151111516,"time":"2024-01-02T02:23:19.501Z","iobWithZeroTemp":{"iob":-0.233,"basaliob":-0.241,"bolussnooze":0,"activity":-0.0026,"lastBolusTime":1704151111516,"time":"2024-01-02T02:23:19.501Z"}},{"iob":0.005,"basaliob":-0.002,"bolussnooze":0,"activity":1.0E-4,"lastBolusTime":1704151111516,"time":"2024-01-02T02:28:19.501Z","iobWithZeroTemp":{"iob":-0.237,"basaliob":-0.244,"bolussnooze":0,"activity":-0.0026,"lastBolusTime":1704151111516,"time":"2024-01-02T02:28:19.501Z"}},{"iob":0.006,"basaliob":-0.001,"bolussnooze":0,"activity":2.0E-4,"lastBolusTime":1704151111516,"time":"2024-01-02T02:33:19.501Z","iobWithZeroTemp":{"iob":-0.239,"basaliob":-0.246,"bolussnooze":0,"activity":-0.0026,"lastBolusTime":1704151111516,"time":"2024-01-02T02:33:19.501Z"}},{"iob":0.005,"basaliob":-0.001,"bolussnooze":0,"activity":1.0E-4,"lastBolusTime":1704151111516,"time":"2024-01-02T02:38:19.501Z","iobWithZeroTemp":{"iob":-0.243,"basaliob":-0.249,"bolussnooze":0,"activity":-0.0027,"lastBolusTime":1704151111516,"time":"2024-01-02T02:38:19.501Z"}},{"iob":0.004,"basaliob":-0.001,"bolussnooze":0,"activity":1.0E-4,"lastBolusTime":1704151111516,"time":"2024-01-02T02:43:19.501Z","iobWithZeroTemp":{"iob":-0.247,"basaliob":-0.252,"bolussnooze":0,"activity":-0.0027,"lastBolusTime":1704151111516,"time":"2024-01-02T02:43:19.501Z"}},{"iob":0.003,"basaliob":-0.001,"bolussnooze":0,"activity":1.0E-4,"lastBolusTime":1704151111516,"time":"2024-01-02T02:48:19.501Z","iobWithZeroTemp":{"iob":-0.25,"basaliob":-0.254,"bolussnooze":0,"activity":-0.0028,"lastBolusTime":1704151111516,"time":"2024-01-02T02:48:19.501Z"}},{"iob":0.003,"basaliob":-0.001,"bolussnooze":0,"activity":1.0E-4,"lastBolusTime":1704151111516,"time":"2024-01-02T02:53:19.501Z","iobWithZeroTemp":{"iob":-0.252,"basaliob":-0.256,"bolussnooze":0,"activity":-0.0028,"lastBolusTime":1704151111516,"time":"2024-01-02T02:53:19.501Z"}},{"iob":0.002,"basaliob":-0.001,"bolussnooze":0,"activity":1.0E-4,"lastBolusTime":1704151111516,"time":"2024-01-02T02:58:19.501Z","iobWithZeroTemp":{"iob":-0.255,"basaliob":-0.258,"bolussnooze":0,"activity":-0.0028,"lastBolusTime":1704151111516,"time":"2024-01-02T02:58:19.501Z"}},{"iob":0.002,"basaliob":-0.001,"bolussnooze":0,"activity":1.0E-4,"lastBolusTime":1704151111516,"time":"2024-01-02T03:03:19.501Z","iobWithZeroTemp":{"iob":-0.266,"basaliob":-0.269,"bolussnooze":0,"activity":-0.0029,"lastBolusTime":1704151111516,"time":"2024-01-02T03:03:19.501Z"}},{"iob":0.003,"basaliob":0,"bolussnooze":0,"activity":1.0E-4,"lastBolusTime":1704151111516,"time":"2024-01-02T03:08:19.501Z","iobWithZeroTemp":{"iob":-0.275,"basaliob":-0.278,"bolussnooze":0,"activity":-0.0029,"lastBolusTime":1704151111516,"time":"2024-01-02T03:08:19.501Z"}},{"iob":0.002,"basaliob":0,"bolussnooze":0,"activity":1.0E-4,"lastBolusTime":1704151111516,"time":"2024-01-02T03:13:19.501Z","iobWithZeroTemp":{"iob":-0.285,"basaliob":-0.287,"bolussnooze":0,"activity":-0.003,"lastBolusTime":1704151111516,"time":"2024-01-02T03:13:19.501Z"}},{"iob":0.002,"basaliob":0,"bolussnooze":0,"activity":1.0E-4,"lastBolusTime":1704151111516,"time":"2024-01-02T03:18:19.501Z","iobWithZeroTemp":{"iob":-0.295,"basaliob":-0.297,"bolussnooze":0,"activity":-0.0031,"lastBolusTime":1704151111516,"time":"2024-01-02T03:18:19.501Z"}},{"iob":0.002,"basaliob":0,"bolussnooze":0,"activity":1.0E-4,"lastBolusTime":1704151111516,"time":"2024-01-02T03:23:19.501Z","iobWithZeroTemp":{"iob":-0.304,"basaliob":-0.306,"bolussnooze":0,"activity":-0.0031,"lastBolusTime":1704151111516,"time":"2024-01-02T03:23:19.501Z"}},{"iob":0.001,"basaliob":0,"bolussnooze":0,"activity":0,"lastBolusTime":1704151111516,"time":"2024-01-02T03:28:19.501Z","iobWithZeroTemp":{"iob":-0.313,"basaliob":-0.314,"bolussnooze":0,"activity":-0.0033,"lastBolusTime":1704151111516,"time":"2024-01-02T03:28:19.501Z"}}],"profile":{"max_iob":10,"type":"current","max_daily_basal":0.35,"max_basal":1,"min_bg":95,"max_bg":95,"target_bg":95,"carb_ratio":8.8,"sens":120,"max_daily_safety_multiplier":3,"current_basal_safety_multiplier":4,"lgsThreshold":95,"high_temptarget_raises_sensitivity":true,"low_temptarget_lowers_sensitivity":true,"sensitivity_raises_target":true,"resistance_lowers_target":true,"adv_target_adjustments":false,"exercise_mode":false,"half_basal_exercise_target":160,"maxCOB":120,"skip_neutral_temps":false,"remainingCarbsCap":90,"enableUAM":true,"A52_risk_enable":false,"SMBInterval":6,"enableSMB_with_COB":true,"enableSMB_with_temptarget":false,"allowSMB_with_high_temptarget":false,"enableSMB_always":false,"enableSMB_after_carbs":true,"maxSMBBasalMinutes":45,"maxUAMSMBBasalMinutes":40,"bolus_increment":0.05,"carbsReqThreshold":2,"current_basal":0.25,"temptargetSet":false,"autosens_max":1.3,"autosens_min":0.7,"variable_sens":230.4,"insulinDivisor":75,"TDD":9.546257714285714},"autosens_data":{"ratio":0.6615498871123533},"meal_data":{"carbs":10,"mealCOB":0,"slopeFromMaxDeviation":-4.115,"slopeFromMinDeviation":0,"lastBolusTime":1704151111516,"lastCarbTime":1704135232393},"microBolusAllowed":true,"currentTime":1704152001204,"flatBGsDetected":false,"tdd1D":10.2375,"tdd7D":15.997785714285714,"tddLast24H":10.583333333333332,"tddLast4H":1.0458333333333334,"tddLast8to4H":2.8041666666666667},"output":{"temp":"absolute","bg":95,"tick":-12,"eventualBG":67,"targetBG":113,"insulinReq":0,"deliverAt":"2024-01-01T23:33:21.204Z","sensitivityRatio":0.6615498871123533,"variable_sens":230.4,"predBGs":{"IOB":[95,84,74,64,56,48,40,39,39,39,39,39,39],"ZT":[95,94,93,92,92,91,90,90,90,90,90,91,91,92,93,94,96,97,99,101,103,105,107,109,111]},"reason":"COB: 0, Dev: -4, BGI: -1, ISF: 230, CR: 8.8, Target: 113, minPredBG 65, minGuardBG -9, IOBpredBG 39; minGuardBG -9<95","COB":0,"IOB":0.103,"duration":120,"rate":0,"timestamp":"2024-01-01T23:33:21.236Z"}}