{"algorithm":"OpenAPSSMBDynamicISFPlugin","input":{"glucoseStatus":{"glucose":95,"noise":0,"delta":3.44,"short_avgdelta":3.44,"long_avgdelta":3.15,"date":1704100072000},"currenttemp":{"temp":"absolute","duration":25,"rate":0.45,"minutesrunning":5},"iob_data":[{"iob":-0.248,"basaliob":-0.248,"bolussnooze":0,"activity":-0.003,"lastBolusTime":0,"time":"2024-01-01T09:08:16.129Z","iobWithZeroTemp":{"iob":-0.248,"basaliob":-0.248,"bolussnooze":0,"activity":-0.003,"lastBolusTime":0,"time":"2024-01-01T09:08:16.129Z"}},{"iob":-0.233,"basaliob":-0.233,"bolussnooze":0,"activity":-0.003,"lastBolusTime":0,"time":"2024-01-01T09:13:16.129Z","iobWithZeroTemp":{"iob":-0.25,"basaliob":-0.25,"bolussnooze":0,"activity":-0.003,"lastBolusTime":0,"time":"2024-01-01T09:13:16.129Z"}},{"iob":-0.218,"basaliob":-0.218,"bolussnooze":0,"activity":-0.0029,"lastBolusTime":0,"time":"2024-01-01T09:18:16.129Z","iobWithZeroTemp":{"iob":-0.255,"basaliob":-0.255,"bolussnooze":0,"activity":-0.003,"lastBolusTime":0,"time":"2024-01-01T09:18:16.129Z"}},{"iob":-0.203,"basaliob":-0.203,"bolussnooze":0,"activity":-0.0028,"lastBolusTime":0,"time":"2024-01-01T09:23:16.129Z","iobWithZeroTemp":{"iob":-0.261,"basaliob":-0.261,"bolussnooze":0,"activity":-0.003,"lastBolusTime":0,"time":"2024-01-01T09:23:16.129Z"}},{"iob":-0.189,"basaliob":-0.189,"bolussnooze":0,"activity":-0.0027,"lastBolusTime":0,"time":"2024-01-01T09:28:16.129Z","iobWithZeroTemp":{"iob":-0.266,"basaliob":-0.266,"bolussnooze":0,"activity":-0.003,"lastBolusTime":0,"time":"2024-01-01T09:28:16.129Z"}},{"iob":-0.176,"basaliob":-0.176,"bolussnooze":0,"activity":-0.0026,"lastBolusTime":0,"time":"2024-01-01T09:33:16.129Z","iobWithZeroTemp":{"iob":-0.272,"basaliob":-0.272,"bolussnooze":0,"activity":-0.003,"lastBolusTime":0,"time":"2024-01-01T09:33:16.129Z"}},{"iob":-0.163,"basaliob":-0.163,"bolussnooze":0,"activity":-0.0025,"lastBolusTime":0,"time":"2024-01-01T09:38:16.129Z","iobWithZeroTemp":{"iob":-0.277,"basaliob":-0.277,"bolussnooze":0,"activity":-0.0031,"lastBolusTime":0,"time":"2024-01-01T09:38:16.129Z"}},{"iob":-0.151,"basaliob":-0.151,"bolussnooze":0,"activity":-0.0024,"lastBolusTime":0,"time":"2024-01-01T09:43:16.129Z","iobWithZeroTemp":{"iob":-0.283,"basaliob":-0.283,"bolussnooze":0,"activity":-0.0032,"lastBolusTime":0,"time":"2024-01-01T09:43:16.129Z"}},{"iob":-0.139,"basaliob":-0.139,"bolussnooze":0,"activity":-0.0023,"lastBolusTime":0,"time":"2024-01-01T09:48:16.129Z","iobWithZeroTemp":{"iob":-0.288,"basaliob":-0.288,"bolussnooze":0,"activity":-0.0032,"lastBolusTime":0,"time":"2024-01-01T09:48:16.129Z"}},{"iob":-0.128,"basaliob":-0.128,"bolussnooze":0,"activity":-0.0021,"lastBolusTime":0,"time":"2024-01-01T09:53:16.129Z","iobWithZeroTemp":{"iob":-0.292,"basaliob":-0.292,"bolussnooze":0,"activity":-0.0032,"lastBolusTime":0,"time":"2024-01-01T09:53:16.129Z"}},{"iob":-0.118,"basaliob":-0.118,"bolussnooze":0,"activity":-0.002,"lastBolusTime":0,"time":"2024-01-01T09:58:16.129Z","iobWithZeroTemp":{"iob":-0.297,"basaliob":-0.297,"bolussnooze":0,"activity":-0.0033,"lastBolusTime":0,"time":"2024-01-01T09:58:16.129Z"}},{"iob":-0.108,"basaliob":-0.108,"bolussnooze":0,"activity":-0.0019,"lastBolusTime":0,"time":"2024-01-01T10:03:16.129Z","iobWithZeroTemp":{"iob":-0.297,"basaliob":-0.297,"bolussnooze":0,"activity":-0.0034,"lastBolusTime":0,"time":"2024-01-01T10:03:16.129Z"}},{"iob":-0.099,"basaliob":-0.099,"bolussnooze":0,"activity":-0.0018,"lastBolusTime":0,"time":"2024-01-01T10:08:16.129Z","iobWithZeroTemp":{"iob":-0.297,"basaliob":-0.297,"bolussnooze":0,"activity":-0.0034,"lastBolusTime":0,"time":"2024-01-01T10:08:16.129Z"}},{"iob":-0.091,"basaliob":-0.091,"bolussnooze":0,"activity":-0.0016,"lastBolusTime":0,"time":"2024-01-01T10:13:16.129Z","iobWithZeroTemp":{"iob":-0.297,"basaliob":-0.297,"bolussnooze":0,"activity":-0.0034,"lastBolusTime":0,"time":"2024-01-01T10:13:16.129Z"}},{"iob":-0.083,"basaliob":-0.083,"bolussnooze":0,"activity":-0.0015,"lastBolusTime":0,"time":"2024-01-01T10:18:16.129Z","iobWithZeroTemp":{"iob":-0.297,"basaliob":-0.297,"bolussnooze":0,"activity":-0.0034,"lastBolusTime":0,"time":"2024-01-01T10:18:16.129Z"}},{"iob":-0.076,"basaliob":-0.076,"bolussnooze":0,"activity":-0.0014,"lastBolusTime":0,"time":"2024-01-01T10:23:16.129Z","iobWithZeroTemp":{"iob":-0.297,"basaliob":-0.297,"bolussnooze":0,"activity":-0.0034,"lastBolusTime":0,"time":"2024-01-01T10:23:16.129Z"}},{"iob":-0.069,"basaliob":-0.069,"bolussnooze":0,"activity":-0.0013,"lastBolusTime":0,"time":"2024-01-01T10:28:16.129Z","iobWithZeroTemp":{"iob":-0.296,"basaliob":-0.296,"bolussnooze":0,"activity":-0.0035,"lastBolusTime":0,"time":"2024-01-01T10:28:16.129Z"}},{"iob":-0.062,"basaliob":-0.062,"bolussnooze":0,"activity":-0.0012,"lastBolusTime":0,"time":"2024-01-01T10:33:16.129Z","iobWithZeroTemp":{"iob":-0.294,"basaliob":-0.294,"bolussnooze":0,"activity":-0.0035,"lastBolusTime":0,"time":"2024-01-01T10:33:16.129Z"}},{"iob":-0.057,"basaliob":-0.057,"bolussnooze":0,"activity":-0.0011,"lastBolusTime":0,"time":"2024-01-01T10:38:16.129Z","iobWithZeroTemp":{"iob":-0.295,"basaliob":-0.295,"bolussnooze":0,"activity":-0.0035,"lastBolusTime":0,"time":"2024-01-01T10:38:16.129Z"}},{"iob":-0.051,"basaliob":-0.051,"bolussnooze":0,"activity":-0.001,"lastBolusTime":0,"time":"2024-01-01T10:43:16.129Z","iobWithZeroTemp":{"iob":-0.293,"basaliob":-0.293,"bolussnooze":0,"activity":-0.0035,"lastBolusTime":0,"time":"2024-01-01T10:43:16.129Z"}},{"iob":-0.046,"basaliob":-0.046,"bolussnooze":0,"activity":-9.0E-4,"lastBolusTime":0,"time":"2024-01-01T10:48:16.129Z","iobWithZeroTemp":{"iob":-0.292,"basaliob":-0.292,"bolussnooze":0,"activity":-0.0034,"lastBolusTime":0,"time":"2024-01-01T10:48:16.129Z"}},{"iob":-0.042,"basaliob":-0.042,"bolussnooze":0,"activity":-9.0E-4,"lastBolusTime":0,"time":"2024-01-01T10:53:16.129Z","iobWithZeroTemp":{"iob":-0.292,"basaliob":-0.292,"bolussnooze":0,"activity":-0.0035,"lastBolusTime":0,"time":"2024-01-01T10:53:16.129Z"}},{"iob":-0.038,"basaliob":-0.038,"bolussnooze":0,"activity":-8.0E-4,"lastBolusTime":0,"time":"2024-01-01T10:58:16.129Z","iobWithZeroTemp":{"iob":-0.292,"basaliob":-0.292,"bolussnooze":0,"activity":-0.0035,"lastBolusTime":0,"time":"2024-01-01T10:58:16.129Z"}},{"iob":-0.034,"basaliob":-0.034,"bolussnooze":0,"activity":-7.0E-4,"lastBolusTime":0,"time":"2024-01-01T11:03:16.129Z","iobWithZeroTemp":{"iob":-0.295,"basaliob":-0.295,"bolussnooze":0,"activity":-0.0035,"lastBolusTime":0,"time":"2024-01-01T11:03:16.129Z"}},{"iob":-0.031,"basaliob":-0.031,"bolussnooze":0,"activity":-7.0E-4,"lastBolusTime":0,"time":"2024-01-01T11:08:16.129Z","iobWithZeroTemp":{"iob":-0.299,"basaliob":-0.299,"bolussnooze":0,"activity":-0.0035,"lastBolusTime":0,"time":"2024-01-01T11:08:16.129Z"}},{"iob":-0.027,"basaliob":-0.027,"bolussnooze":0,"activity":-6.0E-4,"lastBolusTime":0,"time":"2024-01-01T11:13:16.129Z","iobWithZeroTemp":{"iob":-0.301,"basaliob":-0.301,"bolussnooze":0,"activity":-0.0035,"lastBolusTime":0,"time":"2024-01-01T11:13:16.129Z"}},{"iob":-0.025,"basaliob":-0.025,"bolussnooze":0,"activity":-5.0E-4,"lastBolusTime":0,"time":"2024-01-01T11:18:16.129Z","iobWithZeroTemp":{"iob":-0.305,"basaliob":-0.305,"bolussnooze":0,"activity":-0.0035,"lastBolusTime":0,"time":"2024-01-01T11:18:16.129Z"}},{"iob":-0.022,"basaliob":-0.022,"bolussnooze":0,"activity":-5.0E-4,"lastBolusTime":0,"time":"2024-01-01T11:23:16.129Z","iobWithZeroTemp":{"iob":-0.308,"basaliob":-0.308,"bolussnooze":0,"activity":-0.0036,"lastBolusTime":0,"time":"2024-01-01T11:23:16.129Z"}},{"iob":-0.02,"basaliob":-0.02,"bolussnooze":0,"activity":-4.0E-4,"lastBolusTime":0,"time":"2024-01-01T11:28:16.129Z","iobWithZeroTemp":{"iob":-0.311,"basaliob":-0.311,"bolussnooze":0,"activity":-0.0035,"lastBolusTime":0,"time":"2024-01-01T11:28:16.129Z"}},{"iob":-0.017,"basaliob":-0.017,"bolussnooze":0,"activity":-4.0E-4,"lastBolusTime":0,"time":"2024-01-01T11:33:16.129Z","iobWithZeroTemp":{"iob":-0.313,"basaliob":-0.313,"bolussnooze":0,"activity":-0.0036,"lastBolusTime":0,"time":"2024-01-01T11:33:16.129Z"}},{"iob":-0.016,"basaliob":-0.016,"bolussnooze":0,"activity":-4.0E-4,"lastBolusTime":0,"time":"2024-01-01T11:38:16.129Z","iobWithZeroTemp":{"iob":-0.317,"basaliob":-0.317,"bolussnooze":0,"activity":-0.0037,"lastBolusTime":0,"time":"2024-01-01T11:38:16.129Z"}},{"iob":-0.014,"basaliob":-0.014,"bolussnooze":0,"activity":-3.0E-4,"lastBolusTime":0,"time":"2024-01-01T11:43:16.129Z","iobWithZeroTemp":{"iob":-0.319,"basaliob":-0.319,"bolussnooze":0,"activity":-0.0036,"lastBolusTime":0,"time":"2024-01-01T11:43:16.129Z"}},{"iob":-0.012,"basaliob":-0.012,"bolussnooze":0,"activity":-3.0E-4,"lastBolusTime":0,"time":"2024-01-01T11:48:16.129Z","iobWithZeroTemp":{"iob":-0.322,"basaliob":-0.322,"bolussnooze":0,"activity":-0.0037,"lastBolusTime":0,"time":"2024-01-01T11:48:16.129Z"}},{"iob":-0.011,"basaliob":-0.011,"bolussnooze":0,"activity":-3.0E-4,"lastBolusTime":0,"time":"2024-01-01T11:53:16.129Z","iobWithZeroTemp":{"iob":-0.324,"basaliob":-0.324,"bolussnooze":0,"activity":-0.0037,"lastBolusTime":0,"time":"2024-01-01T11:53:16.129Z"}},{"iob":-0.01,"basaliob":-0.01,"bolussnooze":0,"activity":-2.0E-4,"lastBolusTime":0,"time":"2024-01-01T11:58:16.129Z","iobWithZeroTemp":{"iob":-0.327,"basaliob":-0.327,"bolussnooze":0,"activity":-0.0037,"lastBolusTime":0,"time":"2024-01-01T11:58:16.129Z"}},{"iob":-0.008,"basaliob":-0.008,"bolussnooze":0,"activity":-2.0E-4,"lastBolusTime":0,"time":"2024-01-01T12:03:16.129Z","iobWithZeroTemp":{"iob":-0.328,"basaliob":-0.328,"bolussnooze":0,"activity":-0.0038,"lastBolusTime":0,"time":"2024-01-01T12:03:16.129Z"}},{"iob":-0.007,"basaliob":-0.007,"bolussnooze":0,"activity":-2.0E-4,"lastBolusTime":0,"time":"2024-01-01T12:08:16.129Z","iobWithZeroTemp":{"iob":-0.33,"basaliob":-0.33,"bolussnooze":0,"activity":-0.0038,"lastBolusTime":0,"time":"2024-01-01T12:08:16.129Z"}},{"iob":-0.006,"basaliob":-0.006,"bolussnooze":0,"activity":-2.0E-4,"lastBolusTime":0,"time":"2024-01-01T12:13:16.129Z","iobWithZeroTemp":{"iob":-0.332,"basaliob":-0.332,"bolussnooze":0,"activity":-0.0039,"lastBolusTime":0,"time":"2024-01-01T12:13:16.129Z"}},{"iob":-0.006,"basaliob":-0.006,"bolussnooze":0,"activity":-2.0E-4,"lastBolusTime":0,"time":"2024-01-01T12:18:16.129Z","iobWithZeroTemp":{"iob":-0.334,"basaliob":-0.334,"bolussnooze":0,"activity":-0.0039,"lastBolusTime":0,"time":"2024-01-01T12:18:16.129Z"}},{"iob":-0.005,"basaliob":-0.005,"bolussnooze":0,"activity":-1.0E-4,"lastBolusTime":0,"time":"2024-01-01T12:23:16.129Z","iobWithZeroTemp":{"iob":-0.335,"basaliob":-0.335,"bolussnooze":0,"activity":-0.0038,"lastBolusTime":0,"time":"2024-01-01T12:23:16.129Z"}},{"iob":-0.004,"basaliob":-0.004,"bolussnooze":0,"activity":-1.0E-4,"lastBolusTime":0,"time":"2024-01-01T12:28:16.129Z","iobWithZeroTemp":{"iob":-0.336,"basaliob":-0.336,"bolussnooze":0,"activity":-0.0039,"lastBolusTime":0,"time":"2024-01-01T12:28:16.129Z"}},{"iob":-0.004,"basaliob":-0.004,"bolussnooze":0,"activity":-1.0E-4,"lastBolusTime":0,"time":"2024-01-01T12:33:16.129Z","iobWithZeroTemp":{"iob":-0.338,"basaliob":-0.338,"bolussnooze":0,"activity":-0.0039,"lastBolusTime":0,"time":"2024-01-01T12:33:16.129Z"}},{"iob":-0.003,"basaliob":-0.003,"bolussnooze":0,"activity":-1.0E-4,"lastBolusTime":0,"time":"2024-01-01T12:38:16.129Z","iobWithZeroTemp":{"iob":-0.339,"basaliob":-0.339,"bolussnooze":0,"activity":-0.0039,"lastBolusTime":0,"time":"2024-01-01T12:38:16.129Z"}},{"iob":-0.003,"basaliob":-0.003,"bolussnooze":0,"activity":-1.0E-4,"lastBolusTime":0,"time":"2024-01-01T12:43:16.129Z","iobWithZeroTemp":{"iob":-0.34,"basaliob":-0.34,"bolussnooze":0,"activity":-0.004,"lastBolusTime":0,"time":"2024-01-01T12:43:16.129Z"}},{"iob":-0.002,"basaliob":-0.002,"bolussnooze":0,"activity":-1.0E-4,"lastBolusTime":0,"time":"2024-01-01T12:48:16.129Z","iobWithZeroTemp":{"iob":-0.341,"basaliob":-0.341,"bolussnooze":0,"activity":-0.004,"lastBolusTime":0,"time":"2024-01-01T12:48:16.129Z"}},{"iob":-0.002,"basaliob":-0.002,"bolussnooze":0,"activity":-1.0E-4,"lastBolusTime":0,"time":"2024-01-01T12:53:16.129Z","iobWithZeroTemp":{"iob":-0.342,"basaliob":-0.342,"bolussnooze":0,"activity":-0.004,"lastBolusTime":0,"time":"2024-01-01T12:53:16.129Z"}},{"iob":-0.002,"basaliob":-0.002,"bolussnooze":0,"activity":-1.0E-4,"lastBolusTime":0,"time":"2024-01-01T12:58:16.129Z","iobWithZeroTemp":{"iob":-0.343,"basaliob":-0.343,"bolussnooze":0,"activity":-0.0041,"lastBolusTime":0,"time":"2024-01-01T12:58:16.129Z"}},{"iob":-0.001,"basaliob":-0.001,"bolussnooze":0,"activity":0,"lastBolusTime":0,"time":"2024-01-01T13:03:16.129Z","iobWithZeroTemp":{"iob":-0.352,"basaliob":-0.352,"bolussnooze":0,"activity":-0.004,"lastBolusTime":0,"time":"2024-01-01T13:03:16.129Z"}}],"profile":{"max_iob":10,"type":"current","max_daily_basal":0.35,"max_basal":1,"min_bg":90,"max_bg":90,"target_bg":90,"carb_ratio":8.8,"sens":110,"max_daily_safety_multiplier":3,"current_basal_safety_multiplier":4,"lgsThreshold":95,"high_temptarget_raises_sensitivity":true,"low_temptarget_lowers_sensitivity":true,"sensitivity_raises_target":true,"resistance_lowers_target":true,"adv_target_adjustments":false,"exercise_mode":false,"half_basal_exercise_target":160,"maxCOB":120,"skip_neutral_temps":false,"remainingCarbsCap":90,"enableUAM":true,"A52_risk_enable":false,"SMBInterval":6,"enableSMB_with_COB":true,"enableSMB_with_temptarget":true,"allowSMB_with_high_temptarget":false,"enableSMB_always":false,"enableSMB_after_carbs":true,"maxSMBBasalMinutes":30,"maxUAMSMBBasalMinutes":45,"bolus_increment":0.05,"carbsReqThreshold":2,"current_basal":0.25,"temptargetSet":false,"autosens_max":1.3,"autosens_min":0.7,"variable_sens":227.5,"insulinDivisor":75,"TDD":9.668197904761904},"autosens_data":{"ratio":0.6760611754821203},"meal_data":{"carbs":0,"mealCOB":0,"slopeFromMaxDeviation":-0.19449999999999998,"slopeFromMinDeviation":0.621909090909091,"lastBolusTime":1704071612530,"lastCarbTime":0},"microBolusAllowed":true,"currentTime":1704100098452,"flatBGsDetected":false,"tdd1D":14.612499999999995,"tdd7D":16.776095238095234,"tddLast24H":11.341666666666665,"tddLast4H":0.7000000000000001,"tddLast8to4H":0.9916666666666667},"output":{"temp":"absolute","bg":95,"tick":"+3","eventualBG":151,"targetBG":104,"insulinReq":0.13,"deliverAt":"2024-01-01T09:08:18.452Z","sensitivityRatio":0.6760611754821203,"variable_sens":227.5,"predBGs":{"IOB":[95,98,102,105,108,111,113,116,118,121,123,125,126,128,130,131,132,133,134,135,136,137,138,139,139,140,140,141,141,142,142,142,143,143,143,143,144,144,144,144,144,144,144,144,144,145],"ZT":[95,98,102,105,108,111,114]},"reason":"COB: 0, Dev: 0, BGI: 3, ISF: 228, CR: 8.8, Target: 104, minPredBG 134, minGuardBG 98, IOBpredBG 145; Eventual BG 151 >= 104, temp 0.45 >~ req 0.43U\/hr. ","COB":0,"IOB":-0.248,"timestamp":"2024-01-01T09:08:18.482Z"}}