{"algorithm":"OpenAPSSMBDynamicISFPlugin","input":{"glucoseStatus":{"glucose":108,"noise":0,"delta":1.56,"short_avgdelta":1.56,"long_avgdelta":-1.28,"date":1704225775000},"currenttemp":{"temp":"absolute","duration":105,"rate":0,"minutesrunning":15},"iob_data":[{"iob":1.205,"basaliob":-0.299,"bolussnooze":0.6477,"activity":0.0167,"lastBolusTime":1704222944580,"time":"2024-01-02T20:03:18.404Z","iobWithZeroTemp":{"iob":1.205,"basaliob":-0.299,"bolussnooze":0.6477,"activity":0.0167,"lastBolusTime":1704222944580,"time":"2024-01-02T20:03:18.404Z"}},{"iob":1.123,"basaliob":-0.285,"bolussnooze":0.5462,"activity":0.0161,"lastBolusTime":1704222944580,"time":"2024-01-02T20:08:18.404Z","iobWithZeroTemp":{"iob":1.1,"basaliob":-0.308,"bolussnooze":0.5462,"activity":0.0161,"lastBolusTime":1704222944580,"time":"2024-01-02T20:08:18.404Z"}},{"iob":1.044,"basaliob":-0.27,"bolussnooze":0.4574,"activity":0.0154,"lastBolusTime":1704222944580,"time":"2024-01-02T20:13:18.404Z","iobWithZeroTemp":{"iob":0.992,"basaliob":-0.322,"bolussnooze":0.4574,"activity":0.0153,"lastBolusTime":1704222944580,"time":"2024-01-02T20:13:18.404Z"}},{"iob":0.969,"basaliob":-0.255,"bolussnooze":0.3806,"activity":0.0148,"lastBolusTime":1704222944580,"time":"2024-01-02T20:18:18.404Z","iobWithZeroTemp":{"iob":0.888,"basaliob":-0.336,"bolussnooze":0.3806,"activity":0.0146,"lastBolusTime":1704222944580,"time":"2024-01-02T20:18:18.404Z"}},{"iob":0.896,"basaliob":-0.241,"bolussnooze":0.3146,"activity":0.014,"lastBolusTime":1704222944580,"time":"2024-01-02T20:23:18.404Z","iobWithZeroTemp":{"iob":0.788,"basaliob":-0.349,"bolussnooze":0.3146,"activity":0.0136,"lastBolusTime":1704222944580,"time":"2024-01-02T20:23:18.404Z"}},{"iob":0.827,"basaliob":-0.226,"bolussnooze":0.2585,"activity":0.0134,"lastBolusTime":1704222944580,"time":"2024-01-02T20:28:18.404Z","iobWithZeroTemp":{"iob":0.692,"basaliob":-0.361,"bolussnooze":0.2585,"activity":0.0128,"lastBolusTime":1704222944580,"time":"2024-01-02T20:28:18.404Z"}},{"iob":0.763,"basaliob":-0.211,"bolussnooze":0.211,"activity":0.0125,"lastBolusTime":1704222944580,"time":"2024-01-02T20:33:18.404Z","iobWithZeroTemp":{"iob":0.603,"basaliob":-0.371,"bolussnooze":0.211,"activity":0.0117,"lastBolusTime":1704222944580,"time":"2024-01-02T20:33:18.404Z"}},{"iob":0.702,"basaliob":-0.197,"bolussnooze":0.1712,"activity":0.0118,"lastBolusTime":1704222944580,"time":"2024-01-02T20:38:18.404Z","iobWithZeroTemp":{"iob":0.517,"basaliob":-0.382,"bolussnooze":0.1712,"activity":0.0107,"lastBolusTime":1704222944580,"time":"2024-01-02T20:38:18.404Z"}},{"iob":0.645,"basaliob":-0.183,"bolussnooze":0.1379,"activity":0.0111,"lastBolusTime":1704222944580,"time":"2024-01-02T20:43:18.404Z","iobWithZeroTemp":{"iob":0.437,"basaliob":-0.391,"bolussnooze":0.1379,"activity":0.0098,"lastBolusTime":1704222944580,"time":"2024-01-02T20:43:18.404Z"}},{"iob":0.591,"basaliob":-0.17,"bolussnooze":0.1103,"activity":0.0103,"lastBolusTime":1704222944580,"time":"2024-01-02T20:48:18.404Z","iobWithZeroTemp":{"iob":0.361,"basaliob":-0.4,"bolussnooze":0.1103,"activity":0.0087,"lastBolusTime":1704222944580,"time":"2024-01-02T20:48:18.404Z"}},{"iob":0.541,"basaliob":-0.158,"bolussnooze":0.0876,"activity":0.0097,"lastBolusTime":1704222944580,"time":"2024-01-02T20:53:18.404Z","iobWithZeroTemp":{"iob":0.29,"basaliob":-0.409,"bolussnooze":0.0876,"activity":0.0079,"lastBolusTime":1704222944580,"time":"2024-01-02T20:53:18.404Z"}},{"iob":0.494,"basaliob":-0.146,"bolussnooze":0.069,"activity":0.009,"lastBolusTime":1704222944580,"time":"2024-01-02T20:58:18.404Z","iobWithZeroTemp":{"iob":0.224,"basaliob":-0.416,"bolussnooze":0.069,"activity":0.0069,"lastBolusTime":1704222944580,"time":"2024-01-02T20:58:18.404Z"}},{"iob":0.451,"basaliob":-0.135,"bolussnooze":0.0539,"activity":0.0083,"lastBolusTime":1704222944580,"time":"2024-01-02T21:03:18.404Z","iobWithZeroTemp":{"iob":0.167,"basaliob":-0.419,"bolussnooze":0.0539,"activity":0.006,"lastBolusTime":1704222944580,"time":"2024-01-02T21:03:18.404Z"}},{"iob":0.411,"basaliob":-0.124,"bolussnooze":0.0416,"activity":0.0077,"lastBolusTime":1704222944580,"time":"2024-01-02T21:08:18.404Z","iobWithZeroTemp":{"iob":0.114,"basaliob":-0.421,"bolussnooze":0.0416,"activity":0.0052,"lastBolusTime":1704222944580,"time":"2024-01-02T21:08:18.404Z"}},{"iob":0.374,"basaliob":-0.114,"bolussnooze":0.0318,"activity":0.0072,"lastBolusTime":1704222944580,"time":"2024-01-02T21:13:18.404Z","iobWithZeroTemp":{"iob":0.065,"basaliob":-0.423,"bolussnooze":0.0318,"activity":0.0045,"lastBolusTime":1704222944580,"time":"2024-01-02T21:13:18.404Z"}},{"iob":0.339,"basaliob":-0.105,"bolussnooze":0.024,"activity":0.0066,"lastBolusTime":1704222944580,"time":"2024-01-02T21:18:18.404Z","iobWithZeroTemp":{"iob":0.019,"basaliob":-0.425,"bolussnooze":0.024,"activity":0.0037,"lastBolusTime":1704222944580,"time":"2024-01-02T21:18:18.404Z"}},{"iob":0.308,"basaliob":-0.096,"bolussnooze":0.0178,"activity":0.0061,"lastBolusTime":1704222944580,"time":"2024-01-02T21:23:18.404Z","iobWithZeroTemp":{"iob":-0.022,"basaliob":-0.426,"bolussnooze":0.0178,"activity":0.003,"lastBolusTime":1704222944580,"time":"2024-01-02T21:23:18.404Z"}},{"iob":0.278,"basaliob":-0.088,"bolussnooze":0.013,"activity":0.0056,"lastBolusTime":1704222944580,"time":"2024-01-02T21:28:18.404Z","iobWithZeroTemp":{"iob":-0.062,"basaliob":-0.428,"bolussnooze":0.013,"activity":0.0023,"lastBolusTime":1704222944580,"time":"2024-01-02T21:28:18.404Z"}},{"iob":0.252,"basaliob":-0.08,"bolussnooze":0.0093,"activity":0.0051,"lastBolusTime":1704222944580,"time":"2024-01-02T21:33:18.404Z","iobWithZeroTemp":{"iob":-0.096,"basaliob":-0.428,"bolussnooze":0.0093,"activity":0.0017,"lastBolusTime":1704222944580,"time":"2024-01-02T21:33:18.404Z"}},{"iob":0.227,"basaliob":-0.073,"bolussnooze":0.0064,"activity":0.0046,"lastBolusTime":1704222944580,"time":"2024-01-02T21:38:18.404Z","iobWithZeroTemp":{"iob":-0.128,"basaliob":-0.428,"bolussnooze":0.0064,"activity":0.001,"lastBolusTime":1704222944580,"time":"2024-01-02T21:38:18.404Z"}},{"iob":0.205,"basaliob":-0.066,"bolussnooze":0.0043,"activity":0.0042,"lastBolusTime":1704222944580,"time":"2024-01-02T21:43:18.404Z","iobWithZeroTemp":{"iob":-0.157,"basaliob":-0.428,"bolussnooze":0.0043,"activity":5.0E-4,"lastBolusTime":1704222944580,"time":"2024-01-02T21:43:18.404Z"}},{"iob":0.185,"basaliob":-0.06,"bolussnooze":0.0028,"activity":0.0039,"lastBolusTime":1704222944580,"time":"2024-01-02T21:48:18.404Z","iobWithZeroTemp":{"iob":-0.184,"basaliob":-0.429,"bolussnooze":0.0028,"activity":1.0E-4,"lastBolusTime":1704222944580,"time":"2024-01-02T21:48:18.404Z"}},{"iob":0.166,"basaliob":-0.055,"bolussnooze":0.0016,"activity":0.0035,"lastBolusTime":1704222944580,"time":"2024-01-02T21:53:18.404Z","iobWithZeroTemp":{"iob":-0.208,"basaliob":-0.429,"bolussnooze":0.0016,"activity":-4.0E-4,"lastBolusTime":1704222944580,"time":"2024-01-02T21:53:18.404Z"}},{"iob":0.149,"basaliob":-0.049,"bolussnooze":9.0E-4,"activity":0.0032,"lastBolusTime":1704222944580,"time":"2024-01-02T21:58:18.404Z","iobWithZeroTemp":{"iob":-0.23,"basaliob":-0.428,"bolussnooze":9.0E-4,"activity":-8.0E-4,"lastBolusTime":1704222944580,"time":"2024-01-02T21:58:18.404Z"}},{"iob":0.133,"basaliob":-0.045,"bolussnooze":4.0E-4,"activity":0.003,"lastBolusTime":1704222944580,"time":"2024-01-02T22:03:18.404Z","iobWithZeroTemp":{"iob":-0.247,"basaliob":-0.425,"bolussnooze":4.0E-4,"activity":-0.0011,"lastBolusTime":1704222944580,"time":"2024-01-02T22:03:18.404Z"}},{"iob":0.12,"basaliob":-0.04,"bolussnooze":1.0E-4,"activity":0.0027,"lastBolusTime":1704222944580,"time":"2024-01-02T22:08:18.404Z","iobWithZeroTemp":{"iob":-0.26,"basaliob":-0.42,"bolussnooze":1.0E-4,"activity":-0.0015,"lastBolusTime":1704222944580,"time":"2024-01-02T22:08:18.404Z"}},{"iob":0.107,"basaliob":-0.036,"bolussnooze":0,"activity":0.0024,"lastBolusTime":1704222944580,"time":"2024-01-02T22:13:18.404Z","iobWithZeroTemp":{"iob":-0.273,"basaliob":-0.416,"bolussnooze":0,"activity":-0.0019,"lastBolusTime":1704222944580,"time":"2024-01-02T22:13:18.404Z"}},{"iob":0.095,"basaliob":-0.033,"bolussnooze":0,"activity":0.0022,"lastBolusTime":1704222944580,"time":"2024-01-02T22:18:18.404Z","iobWithZeroTemp":{"iob":-0.284,"basaliob":-0.412,"bolussnooze":0,"activity":-0.0021,"lastBolusTime":1704222944580,"time":"2024-01-02T22:18:18.404Z"}},{"iob":0.085,"basaliob":-0.029,"bolussnooze":0,"activity":0.002,"lastBolusTime":1704222944580,"time":"2024-01-02T22:23:18.404Z","iobWithZeroTemp":{"iob":-0.293,"basaliob":-0.407,"bolussnooze":0,"activity":-0.0023,"lastBolusTime":1704222944580,"time":"2024-01-02T22:23:18.404Z"}},{"iob":0.075,"basaliob":-0.026,"bolussnooze":0,"activity":0.0018,"lastBolusTime":1704222944580,"time":"2024-01-02T22:28:18.404Z","iobWithZeroTemp":{"iob":-0.302,"basaliob":-0.403,"bolussnooze":0,"activity":-0.0026,"lastBolusTime":1704222944580,"time":"2024-01-02T22:28:18.404Z"}},{"iob":0.066,"basaliob":-0.024,"bolussnooze":0,"activity":0.0016,"lastBolusTime":1704222944580,"time":"2024-01-02T22:33:18.404Z","iobWithZeroTemp":{"iob":-0.31,"basaliob":-0.4,"bolussnooze":0,"activity":-0.0028,"lastBolusTime":1704222944580,"time":"2024-01-02T22:33:18.404Z"}},{"iob":0.059,"basaliob":-0.021,"bolussnooze":0,"activity":0.0014,"lastBolusTime":1704222944580,"time":"2024-01-02T22:38:18.404Z","iobWithZeroTemp":{"iob":-0.316,"basaliob":-0.396,"bolussnooze":0,"activity":-0.003,"lastBolusTime":1704222944580,"time":"2024-01-02T22:38:18.404Z"}},{"iob":0.052,"basaliob":-0.019,"bolussnooze":0,"activity":0.0013,"lastBolusTime":1704222944580,"time":"2024-01-02T22:43:18.404Z","iobWithZeroTemp":{"iob":-0.322,"basaliob":-0.393,"bolussnooze":0,"activity":-0.0031,"lastBolusTime":1704222944580,"time":"2024-01-02T22:43:18.404Z"}},{"iob":0.045,"basaliob":-0.017,"bolussnooze":0,"activity":0.0012,"lastBolusTime":1704222944580,"time":"2024-01-02T22:48:18.404Z","iobWithZeroTemp":{"iob":-0.328,"basaliob":-0.39,"bolussnooze":0,"activity":-0.0032,"lastBolusTime":1704222944580,"time":"2024-01-02T22:48:18.404Z"}},{"iob":0.04,"basaliob":-0.015,"bolussnooze":0,"activity":0.001,"lastBolusTime":1704222944580,"time":"2024-01-02T22:53:18.404Z","iobWithZeroTemp":{"iob":-0.332,"basaliob":-0.387,"bolussnooze":0,"activity":-0.0034,"lastBolusTime":1704222944580,"time":"2024-01-02T22:53:18.404Z"}},{"iob":0.035,"basaliob":-0.013,"bolussnooze":0,"activity":0.001,"lastBolusTime":1704222944580,"time":"2024-01-02T22:58:18.404Z","iobWithZeroTemp":{"iob":-0.336,"basaliob":-0.384,"bolussnooze":0,"activity":-0.0034,"lastBolusTime":1704222944580,"time":"2024-01-02T22:58:18.404Z"}},{"iob":0.03,"basaliob":-0.012,"bolussnooze":0,"activity":8.0E-4,"lastBolusTime":1704222944580,"time":"2024-01-02T23:03:18.404Z","iobWithZeroTemp":{"iob":-0.339,"basaliob":-0.381,"bolussnooze":0,"activity":-0.0036,"lastBolusTime":1704222944580,"time":"2024-01-02T23:03:18.404Z"}},{"iob":0.027,"basaliob":-0.01,"bolussnooze":0,"activity":7.0E-4,"lastBolusTime":1704222944580,"time":"2024-01-02T23:08:18.404Z","iobWithZeroTemp":{"iob":-0.341,"basaliob":-0.378,"bolussnooze":0,"activity":-0.0037,"lastBolusTime":1704222944580,"time":"2024-01-02T23:08:18.404Z"}},{"iob":0.023,"basaliob":-0.009,"bolussnooze":0,"activity":7.0E-4,"lastBolusTime":1704222944580,"time":"2024-01-02T23:13:18.404Z","iobWithZeroTemp":{"iob":-0.344,"basaliob":-0.376,"bolussnooze":0,"activity":-0.0037,"lastBolusTime":1704222944580,"time":"2024-01-02T23:13:18.404Z"}},{"iob":0.02,"basaliob":-0.008,"bolussnooze":0,"activity":6.0E-4,"lastBolusTime":1704222944580,"time":"2024-01-02T23:18:18.404Z","iobWithZeroTemp":{"iob":-0.346,"basaliob":-0.374,"bolussnooze":0,"activity":-0.0038,"lastBolusTime":1704222944580,"time":"2024-01-02T23:18:18.404Z"}},{"iob":0.017,"basaliob":-0.007,"bolussnooze":0,"activity":5.0E-4,"lastBolusTime":1704222944580,"time":"2024-01-02T23:23:18.404Z","iobWithZeroTemp":{"iob":-0.348,"basaliob":-0.372,"bolussnooze":0,"activity":-0.0039,"lastBolusTime":1704222944580,"time":"2024-01-02T23:23:18.404Z"}},{"iob":0.015,"basaliob":-0.006,"bolussnooze":0,"activity":4.0E-4,"lastBolusTime":1704222944580,"time":"2024-01-02T23:28:18.404Z","iobWithZeroTemp":{"iob":-0.349,"basaliob":-0.37,"bolussnooze":0,"activity":-0.004,"lastBolusTime":1704222944580,"time":"2024-01-02T23:28:18.404Z"}},{"iob":0.013,"basaliob":-0.005,"bolussnooze":0,"activity":5.0E-4,"lastBolusTime":1704222944580,"time":"2024-01-02T23:33:18.404Z","iobWithZeroTemp":{"iob":-0.35,"basaliob":-0.368,"bolussnooze":0,"activity":-0.0039,"lastBolusTime":1704222944580,"time":"2024-01-02T23:33:18.404Z"}},{"iob":0.01,"basaliob":-0.005,"bolussnooze":0,"activity":4.0E-4,"lastBolusTime":1704222944580,"time":"2024-01-02T23:38:18.404Z","iobWithZeroTemp":{"iob":-0.352,"basaliob":-0.367,"bolussnooze":0,"activity":-0.004,"lastBolusTime":1704222944580,"time":"2024-01-02T23:38:18.404Z"}},{"iob":0.009,"basaliob":-0.004,"bolussnooze":0,"activity":3.0E-4,"lastBolusTime":1704222944580,"time":"2024-01-02T23:43:18.404Z","iobWithZeroTemp":{"iob":-0.352,"basaliob":-0.365,"bolussnooze":0,"activity":-0.004,"lastBolusTime":1704222944580,"time":"2024-01-02T23:43:18.404Z"}},{"iob":0.008,"basaliob":-0.003,"bolussnooze":0,"activity":3.0E-4,"lastBolusTime":1704222944580,"time":"2024-01-02T23:48:18.404Z","iobWithZeroTemp":{"iob":-0.352,"basaliob":-0.363,"bolussnooze":0,"activity":-0.004,"lastBolusTime":1704222944580,"time":"2024-01-02T23:48:18.404Z"}},{"iob":0.006,"basaliob":-0.003,"bolussnooze":0,"activity":2.0E-4,"lastBolusTime":1704222944580,"time":"2024-01-02T23:53:18.404Z","iobWithZeroTemp":{"iob":-0.353,"basaliob":-0.362,"bolussnooze":0,"activity":-0.0041,"lastBolusTime":1704222944580,"time":"2024-01-02T23:53:18.404Z"}},{"iob":0.005,"basaliob":-0.003,"bolussnooze":0,"activity":2.0E-4,"lastBolusTime":1704222944580,"time":"2024-01-02T23:58:18.404Z","iobWithZeroTemp":{"iob":-0.354,"basaliob":-0.362,"bolussnooze":0,"activity":-0.0041,"lastBolusTime":1704222944580,"time":"2024-01-02T23:58:18.404Z"}}],"profile":{"max_iob":10,"type":"current","max_daily_basal":0.35,"max_basal":1.05,"min_bg":90,"max_bg":90,"target_bg":90,"carb_ratio":8.8,"sens":120,"max_daily_safety_multiplier":3,"current_basal_safety_multiplier":4,"lgsThreshold":95,"high_temptarget_raises_sensitivity":true,"low_temptarget_lowers_sensitivity":true,"sensitivity_raises_target":true,"resistance_lowers_target":true,"adv_target_adjustments":false,"exercise_mode":false,"half_basal_exercise_target":160,"maxCOB":120,"skip_neutral_temps":false,"remainingCarbsCap":90,"enableUAM":true,"A52_risk_enable":false,"SMBInterval":6,"enableSMB_with_COB":true,"enableSMB_with_temptarget":true,"allowSMB_with_high_temptarget":false,"enableSMB_always":false,"enableSMB_after_carbs":true,"maxSMBBasalMinutes":45,"maxUAMSMBBasalMinutes":40,"bolus_increment":0.05,"carbsReqThreshold":2,"current_basal":0.35,"temptargetSet":false,"autosens_max":1.3,"autosens_min":0.7,"variable_sens":162.6,"insulinDivisor":75,"TDD":12.408017714285716},"autosens_data":{"ratio":0.8803301647400608},"meal_data":{"carbs":36,"mealCOB":11.69146666666666,"slopeFromMaxDeviation":-0.44085714285714284,"slopeFromMinDeviation":1.5666666666666669,"lastBolusTime":1704222944580,"lastCarbTime":1704222941339},"microBolusAllowed":true,"currentTime":1704225799777,"flatBGsDetected":false,"tdd1D":10.2375,"tdd7D":15.997785714285714,"tddLast24H":14.083333333333332,"tddLast4H":3.3375,"tddLast8to4H":3.479166666666667},"output":{"temp":"absolute","bg":108,"tick":"+2","eventualBG":132,"targetBG":94,"insulinReq":0.13,"deliverAt":"2024-01-02T20:03:19.777Z","sensitivityRatio":0.8803301647400608,"variable_sens":162.6,"predBGs":{"IOB":[108,108,108,107,104,102,98,93,88,81,73,64,54,43,39],"ZT":[108,94,80,65,48,39,39,39,39,39,39,39,39,39,39,39,39,39,39,39,39,39,39,39,39,39,39,39,39,39,39,39,39,39,39,39,39,39,39,39,39,39,39,39,39,39,39,39],"COB":[108,109,110,111,112,113,114,115,117,118,119,121,122,124,125,126,128,129,130,131,132,132,133,133,133,132,131,130,129,127,126,124,123,122,121,120,119,119,118,118,117,117,116,116,116,115],"UAM":[108,109,110,111,112,114,115,117,119,121,123,125,127,129,131,133,135,137,139,141,142,144,144,145,146,146,145,145,144,142,141,140,139,138,137,136,136,135,135,134,134,133,133,133,133,132]},"reason":"COB: 11.7, Dev: 91, BGI: -14, ISF: 163, CR: 8.8, Target: 94, minPredBG 115, minGuardBG 109, IOBpredBG 39, COBpredBG 115, UAMpredBG 132; Eventual BG 132 >= 94,  insulinReq 0.13; setting 60m low temp of 0U\/h. Microbolusing 0.05U. ","COB":11.69146666666666,"IOB":1.205,"units":0.05,"rate":0,"duration":60,"timestamp":"2024-01-02T20:03:19.808Z"}}