{"algorithm":"OpenAPSSMBDynamicISFPlugin","input":{"glucoseStatus":{"glucose":63,"noise":0,"delta":2,"short_avgdelta":2,"long_avgdelta":0.85,"date":1704110272000},"currenttemp":{"temp":"absolute","duration":85,"rate":0,"minutesrunning":35},"iob_data":[{"iob":-0.028,"basaliob":-0.311,"bolussnooze":0.0046,"activity":0.0023,"lastBolusTime":1704101411056,"time":"2024-01-01T11:58:17.849Z","iobWithZeroTemp":{"iob":-0.028,"basaliob":-0.311,"bolussnooze":0.0046,"activity":0.0023,"lastBolusTime":1704101411056,"time":"2024-01-01T11:58:17.849Z"}},{"iob":-0.039,"basaliob":-0.294,"bolussnooze":0.0029,"activity":0.0018,"lastBolusTime":1704101411056,"time":"2024-01-01T12:03:17.849Z","iobWithZeroTemp":{"iob":-0.056,"basaliob":-0.311,"bolussnooze":0.0029,"activity":0.0018,"lastBolusTime":1704101411056,"time":"2024-01-01T12:03:17.849Z"}},{"iob":-0.047,"basaliob":-0.277,"bolussnooze":0.0017,"activity":0.0014,"lastBolusTime":1704101411056,"time":"2024-01-01T12:08:17.849Z","iobWithZeroTemp":{"iob":-0.084,"basaliob":-0.314,"bolussnooze":0.0017,"activity":0.0013,"lastBolusTime":1704101411056,"time":"2024-01-01T12:08:17.849Z"}},{"iob":-0.053,"basaliob":-0.26,"bolussnooze":9.0E-4,"activity":0.001,"lastBolusTime":1704101411056,"time":"2024-01-01T12:13:17.849Z","iobWithZeroTemp":{"iob":-0.111,"basaliob":-0.318,"bolussnooze":9.0E-4,"activity":8.0E-4,"lastBolusTime":1704101411056,"time":"2024-01-01T12:13:17.849Z"}},{"iob":-0.058,"basaliob":-0.244,"bolussnooze":4.0E-4,"activity":7.0E-4,"lastBolusTime":1704101411056,"time":"2024-01-01T12:18:17.849Z","iobWithZeroTemp":{"iob":-0.135,"basaliob":-0.321,"bolussnooze":4.0E-4,"activity":4.0E-4,"lastBolusTime":1704101411056,"time":"2024-01-01T12:18:17.849Z"}},{"iob":-0.061,"basaliob":-0.228,"bolussnooze":1.0E-4,"activity":4.0E-4,"lastBolusTime":1704101411056,"time":"2024-01-01T12:23:17.849Z","iobWithZeroTemp":{"iob":-0.157,"basaliob":-0.324,"bolussnooze":1.0E-4,"activity":0,"lastBolusTime":1704101411056,"time":"2024-01-01T12:23:17.849Z"}},{"iob":-0.062,"basaliob":-0.212,"bolussnooze":0,"activity":2.0E-4,"lastBolusTime":1704101411056,"time":"2024-01-01T12:28:17.849Z","iobWithZeroTemp":{"iob":-0.176,"basaliob":-0.326,"bolussnooze":0,"activity":-4.0E-4,"lastBolusTime":1704101411056,"time":"2024-01-01T12:28:17.849Z"}},{"iob":-0.063,"basaliob":-0.197,"bolussnooze":0,"activity":1.0E-4,"lastBolusTime":1704101411056,"time":"2024-01-01T12:33:17.849Z","iobWithZeroTemp":{"iob":-0.195,"basaliob":-0.329,"bolussnooze":0,"activity":-7.0E-4,"lastBolusTime":1704101411056,"time":"2024-01-01T12:33:17.849Z"}},{"iob":-0.062,"basaliob":-0.182,"bolussnooze":0,"activity":-1.0E-4,"lastBolusTime":1704101411056,"time":"2024-01-01T12:38:17.849Z","iobWithZeroTemp":{"iob":-0.211,"basaliob":-0.331,"bolussnooze":0,"activity":-0.001,"lastBolusTime":1704101411056,"time":"2024-01-01T12:38:17.849Z"}},{"iob":-0.062,"basaliob":-0.169,"bolussnooze":0,"activity":-2.0E-4,"lastBolusTime":1704101411056,"time":"2024-01-01T12:43:17.849Z","iobWithZeroTemp":{"iob":-0.226,"basaliob":-0.333,"bolussnooze":0,"activity":-0.0013,"lastBolusTime":1704101411056,"time":"2024-01-01T12:43:17.849Z"}},{"iob":-0.061,"basaliob":-0.156,"bolussnooze":0,"activity":-3.0E-4,"lastBolusTime":1704101411056,"time":"2024-01-01T12:48:17.849Z","iobWithZeroTemp":{"iob":-0.24,"basaliob":-0.335,"bolussnooze":0,"activity":-0.0016,"lastBolusTime":1704101411056,"time":"2024-01-01T12:48:17.849Z"}},{"iob":-0.059,"basaliob":-0.143,"bolussnooze":0,"activity":-4.0E-4,"lastBolusTime":1704101411056,"time":"2024-01-01T12:53:17.849Z","iobWithZeroTemp":{"iob":-0.252,"basaliob":-0.336,"bolussnooze":0,"activity":-0.0019,"lastBolusTime":1704101411056,"time":"2024-01-01T12:53:17.849Z"}},{"iob":-0.058,"basaliob":-0.132,"bolussnooze":0,"activity":-4.0E-4,"lastBolusTime":1704101411056,"time":"2024-01-01T12:58:17.849Z","iobWithZeroTemp":{"iob":-0.264,"basaliob":-0.338,"bolussnooze":0,"activity":-0.002,"lastBolusTime":1704101411056,"time":"2024-01-01T12:58:17.849Z"}},{"iob":-0.055,"basaliob":-0.121,"bolussnooze":0,"activity":-5.0E-4,"lastBolusTime":1704101411056,"time":"2024-01-01T13:03:17.849Z","iobWithZeroTemp":{"iob":-0.282,"basaliob":-0.348,"bolussnooze":0,"activity":-0.0023,"lastBolusTime":1704101411056,"time":"2024-01-01T13:03:17.849Z"}},{"iob":-0.053,"basaliob":-0.111,"bolussnooze":0,"activity":-5.0E-4,"lastBolusTime":1704101411056,"time":"2024-01-01T13:08:17.849Z","iobWithZeroTemp":{"iob":-0.299,"basaliob":-0.357,"bolussnooze":0,"activity":-0.0025,"lastBolusTime":1704101411056,"time":"2024-01-01T13:08:17.849Z"}},{"iob":-0.05,"basaliob":-0.101,"bolussnooze":0,"activity":-5.0E-4,"lastBolusTime":1704101411056,"time":"2024-01-01T13:13:17.849Z","iobWithZeroTemp":{"iob":-0.315,"basaliob":-0.366,"bolussnooze":0,"activity":-0.0027,"lastBolusTime":1704101411056,"time":"2024-01-01T13:13:17.849Z"}},{"iob":-0.048,"basaliob":-0.093,"bolussnooze":0,"activity":-5.0E-4,"lastBolusTime":1704101411056,"time":"2024-01-01T13:18:17.849Z","iobWithZeroTemp":{"iob":-0.33,"basaliob":-0.375,"bolussnooze":0,"activity":-0.0029,"lastBolusTime":1704101411056,"time":"2024-01-01T13:18:17.849Z"}},{"iob":-0.045,"basaliob":-0.084,"bolussnooze":0,"activity":-5.0E-4,"lastBolusTime":1704101411056,"time":"2024-01-01T13:23:17.849Z","iobWithZeroTemp":{"iob":-0.344,"basaliob":-0.383,"bolussnooze":0,"activity":-0.0031,"lastBolusTime":1704101411056,"time":"2024-01-01T13:23:17.849Z"}},{"iob":-0.043,"basaliob":-0.077,"bolussnooze":0,"activity":-6.0E-4,"lastBolusTime":1704101411056,"time":"2024-01-01T13:28:17.849Z","iobWithZeroTemp":{"iob":-0.357,"basaliob":-0.391,"bolussnooze":0,"activity":-0.0034,"lastBolusTime":1704101411056,"time":"2024-01-01T13:28:17.849Z"}},{"iob":-0.041,"basaliob":-0.07,"bolussnooze":0,"activity":-5.0E-4,"lastBolusTime":1704101411056,"time":"2024-01-01T13:33:17.849Z","iobWithZeroTemp":{"iob":-0.37,"basaliob":-0.399,"bolussnooze":0,"activity":-0.0035,"lastBolusTime":1704101411056,"time":"2024-01-01T13:33:17.849Z"}},{"iob":-0.037,"basaliob":-0.063,"bolussnooze":0,"activity":-5.0E-4,"lastBolusTime":1704101411056,"time":"2024-01-01T13:38:17.849Z","iobWithZeroTemp":{"iob":-0.38,"basaliob":-0.406,"bolussnooze":0,"activity":-0.0037,"lastBolusTime":1704101411056,"time":"2024-01-01T13:38:17.849Z"}},{"iob":-0.035,"basaliob":-0.057,"bolussnooze":0,"activity":-4.0E-4,"lastBolusTime":1704101411056,"time":"2024-01-01T13:43:17.849Z","iobWithZeroTemp":{"iob":-0.39,"basaliob":-0.412,"bolussnooze":0,"activity":-0.0038,"lastBolusTime":1704101411056,"time":"2024-01-01T13:43:17.849Z"}},{"iob":-0.033,"basaliob":-0.052,"bolussnooze":0,"activity":-4.0E-4,"lastBolusTime":1704101411056,"time":"2024-01-01T13:48:17.849Z","iobWithZeroTemp":{"iob":-0.4,"basaliob":-0.419,"bolussnooze":0,"activity":-0.0039,"lastBolusTime":1704101411056,"time":"2024-01-01T13:48:17.849Z"}},{"iob":-0.031,"basaliob":-0.047,"bolussnooze":0,"activity":-5.0E-4,"lastBolusTime":1704101411056,"time":"2024-01-01T13:53:17.849Z","iobWithZeroTemp":{"iob":-0.409,"basaliob":-0.425,"bolussnooze":0,"activity":-0.0042,"lastBolusTime":1704101411056,"time":"2024-01-01T13:53:17.849Z"}},{"iob":-0.028,"basaliob":-0.042,"bolussnooze":0,"activity":-4.0E-4,"lastBolusTime":1704101411056,"time":"2024-01-01T13:58:17.849Z","iobWithZeroTemp":{"iob":-0.417,"basaliob":-0.431,"bolussnooze":0,"activity":-0.0043,"lastBolusTime":1704101411056,"time":"2024-01-01T13:58:17.849Z"}},{"iob":-0.026,"basaliob":-0.038,"bolussnooze":0,"activity":-4.0E-4,"lastBolusTime":1704101411056,"time":"2024-01-01T14:03:17.849Z","iobWithZeroTemp":{"iob":-0.403,"basaliob":-0.415,"bolussnooze":0,"activity":-0.0044,"lastBolusTime":1704101411056,"time":"2024-01-01T14:03:17.849Z"}},{"iob":-0.024,"basaliob":-0.034,"bolussnooze":0,"activity":-4.0E-4,"lastBolusTime":1704101411056,"time":"2024-01-01T14:08:17.849Z","iobWithZeroTemp":{"iob":-0.39,"basaliob":-0.4,"bolussnooze":0,"activity":-0.0045,"lastBolusTime":1704101411056,"time":"2024-01-01T14:08:17.849Z"}},{"iob":-0.023,"basaliob":-0.031,"bolussnooze":0,"activity":-4.0E-4,"lastBolusTime":1704101411056,"time":"2024-01-01T14:13:17.849Z","iobWithZeroTemp":{"iob":-0.377,"basaliob":-0.385,"bolussnooze":0,"activity":-0.0045,"lastBolusTime":1704101411056,"time":"2024-01-01T14:13:17.849Z"}},{"iob":-0.02,"basaliob":-0.027,"bolussnooze":0,"activity":-3.0E-4,"lastBolusTime":1704101411056,"time":"2024-01-01T14:18:17.849Z","iobWithZeroTemp":{"iob":-0.361,"basaliob":-0.368,"bolussnooze":0,"activity":-0.0044,"lastBolusTime":1704101411056,"time":"2024-01-01T14:18:17.849Z"}},{"iob":-0.02,"basaliob":-0.025,"bolussnooze":0,"activity":-4.0E-4,"lastBolusTime":1704101411056,"time":"2024-01-01T14:23:17.849Z","iobWithZeroTemp":{"iob":-0.349,"basaliob":-0.354,"bolussnooze":0,"activity":-0.0045,"lastBolusTime":1704101411056,"time":"2024-01-01T14:23:17.849Z"}},{"iob":-0.018,"basaliob":-0.022,"bolussnooze":0,"activity":-3.0E-4,"lastBolusTime":1704101411056,"time":"2024-01-01T14:28:17.849Z","iobWithZeroTemp":{"iob":-0.335,"basaliob":-0.339,"bolussnooze":0,"activity":-0.0043,"lastBolusTime":1704101411056,"time":"2024-01-01T14:28:17.849Z"}},{"iob":-0.016,"basaliob":-0.02,"bolussnooze":0,"activity":-3.0E-4,"lastBolusTime":1704101411056,"time":"2024-01-01T14:33:17.849Z","iobWithZeroTemp":{"iob":-0.322,"basaliob":-0.326,"bolussnooze":0,"activity":-0.0043,"lastBolusTime":1704101411056,"time":"2024-01-01T14:33:17.849Z"}},{"iob":-0.014,"basaliob":-0.017,"bolussnooze":0,"activity":-3.0E-4,"lastBolusTime":1704101411056,"time":"2024-01-01T14:38:17.849Z","iobWithZeroTemp":{"iob":-0.309,"basaliob":-0.312,"bolussnooze":0,"activity":-0.0042,"lastBolusTime":1704101411056,"time":"2024-01-01T14:38:17.849Z"}},{"iob":-0.013,"basaliob":-0.015,"bolussnooze":0,"activity":-3.0E-4,"lastBolusTime":1704101411056,"time":"2024-01-01T14:43:17.849Z","iobWithZeroTemp":{"iob":-0.297,"basaliob":-0.299,"bolussnooze":0,"activity":-0.0041,"lastBolusTime":1704101411056,"time":"2024-01-01T14:43:17.849Z"}},{"iob":-0.012,"basaliob":-0.014,"bolussnooze":0,"activity":-2.0E-4,"lastBolusTime":1704101411056,"time":"2024-01-01T14:48:17.849Z","iobWithZeroTemp":{"iob":-0.285,"basaliob":-0.287,"bolussnooze":0,"activity":-0.0039,"lastBolusTime":1704101411056,"time":"2024-01-01T14:48:17.849Z"}},{"iob":-0.011,"basaliob":-0.012,"bolussnooze":0,"activity":-2.0E-4,"lastBolusTime":1704101411056,"time":"2024-01-01T14:53:17.849Z","iobWithZeroTemp":{"iob":-0.275,"basaliob":-0.276,"bolussnooze":0,"activity":-0.0038,"lastBolusTime":1704101411056,"time":"2024-01-01T14:53:17.849Z"}},{"iob":-0.01,"basaliob":-0.011,"bolussnooze":0,"activity":-2.0E-4,"lastBolusTime":1704101411056,"time":"2024-01-01T14:58:17.849Z","iobWithZeroTemp":{"iob":-0.264,"basaliob":-0.265,"bolussnooze":0,"activity":-0.0037,"lastBolusTime":1704101411056,"time":"2024-01-01T14:58:17.849Z"}},{"iob":-0.008,"basaliob":-0.009,"bolussnooze":0,"activity":-2.0E-4,"lastBolusTime":1704101411056,"time":"2024-01-01T15:03:17.849Z","iobWithZeroTemp":{"iob":-0.253,"basaliob":-0.254,"bolussnooze":0,"activity":-0.0036,"lastBolusTime":1704101411056,"time":"2024-01-01T15:03:17.849Z"}},{"iob":-0.008,"basaliob":-0.008,"bolussnooze":0,"activity":-2.0E-4,"lastBolusTime":1704101411056,"time":"2024-01-01T15:08:17.849Z","iobWithZeroTemp":{"iob":-0.245,"basaliob":-0.245,"bolussnooze":0,"activity":-0.0035,"lastBolusTime":1704101411056,"time":"2024-01-01T15:08:17.849Z"}},{"iob":-0.007,"basaliob":-0.007,"bolussnooze":0,"activity":-2.0E-4,"lastBolusTime":1704101411056,"time":"2024-01-01T15:13:17.849Z","iobWithZeroTemp":{"iob":-0.236,"basaliob":-0.236,"bolussnooze":0,"activity":-0.0034,"lastBolusTime":1704101411056,"time":"2024-01-01T15:13:17.849Z"}},{"iob":-0.006,"basaliob":-0.006,"bolussnooze":0,"activity":-2.0E-4,"lastBolusTime":1704101411056,"time":"2024-01-01T15:18:17.849Z","iobWithZeroTemp":{"iob":-0.228,"basaliob":-0.228,"bolussnooze":0,"activity":-0.0033,"lastBolusTime":1704101411056,"time":"2024-01-01T15:18:17.849Z"}},{"iob":-0.005,"basaliob":-0.005,"bolussnooze":0,"activity":-2.0E-4,"lastBolusTime":1704101411056,"time":"2024-01-01T15:23:17.849Z","iobWithZeroTemp":{"iob":-0.22,"basaliob":-0.22,"bolussnooze":0,"activity":-0.0032,"lastBolusTime":1704101411056,"time":"2024-01-01T15:23:17.849Z"}},{"iob":-0.005,"basaliob":-0.005,"bolussnooze":0,"activity":-1.0E-4,"lastBolusTime":1704101411056,"time":"2024-01-01T15:28:17.849Z","iobWithZeroTemp":{"iob":-0.213,"basaliob":-0.213,"bolussnooze":0,"activity":-0.003,"lastBolusTime":1704101411056,"time":"2024-01-01T15:28:17.849Z"}},{"iob":-0.004,"basaliob":-0.004,"bolussnooze":0,"activity":-1.0E-4,"lastBolusTime":0,"time":"2024-01-01T15:33:17.849Z","iobWithZeroTemp":{"iob":-0.206,"basaliob":-0.206,"bolussnooze":0,"activity":-0.0029,"lastBolusTime":0,"time":"2024-01-01T15:33:17.849Z"}},{"iob":-0.003,"basaliob":-0.003,"bolussnooze":0,"activity":-1.0E-4,"lastBolusTime":0,"time":"2024-01-01T15:38:17.849Z","iobWithZeroTemp":{"iob":-0.2,"basaliob":-0.2,"bolussnooze":0,"activity":-0.0028,"lastBolusTime":0,"time":"2024-01-01T15:38:17.849Z"}},{"iob":-0.003,"basaliob":-0.003,"bolussnooze":0,"activity":-1.0E-4,"lastBolusTime":0,"time":"2024-01-01T15:43:17.849Z","iobWithZeroTemp":{"iob":-0.195,"basaliob":-0.195,"bolussnooze":0,"activity":-0.0028,"lastBolusTime":0,"time":"2024-01-01T15:43:17.849Z"}},{"iob":-0.003,"basaliob":-0.003,"bolussnooze":0,"activity":-1.0E-4,"lastBolusTime":0,"time":"2024-01-01T15:48:17.849Z","iobWithZeroTemp":{"iob":-0.19,"basaliob":-0.19,"bolussnooze":0,"activity":-0.0027,"lastBolusTime":0,"time":"2024-01-01T15:48:17.849Z"}},{"iob":-0.002,"basaliob":-0.002,"bolussnooze":0,"activity":-1.0E-4,"lastBolusTime":0,"time":"2024-01-01T15:53:17.849Z","iobWithZeroTemp":{"iob":-0.185,"basaliob":-0.185,"bolussnooze":0,"activity":-0.0026,"lastBolusTime":0,"time":"2024-01-01T15:53:17.849Z"}}],"profile":{"max_iob":0,"type":"current","max_daily_basal":0.35,"max_basal":1,"min_bg":135,"max_bg":135,"target_bg":135,"carb_ratio":8.8,"sens":120,"max_daily_safety_multiplier":3,"current_basal_safety_multiplier":4,"lgsThreshold":95,"high_temptarget_raises_sensitivity":true,"low_temptarget_lowers_sensitivity":true,"sensitivity_raises_target":true,"resistance_lowers_target":true,"adv_target_adjustments":false,"exercise_mode":false,"half_basal_exercise_target":160,"maxCOB":120,"skip_neutral_temps":false,"remainingCarbsCap":90,"enableUAM":true,"A52_risk_enable":false,"SMBInterval":6,"enableSMB_with_COB":false,"enableSMB_with_temptarget":false,"allowSMB_with_high_temptarget":false,"enableSMB_always":false,"enableSMB_after_carbs":false,"maxSMBBasalMinutes":30,"maxUAMSMBBasalMinutes":40,"bolus_increment":0.05,"carbsReqThreshold":2,"current_basal":0.25,"temptargetSet":true,"autosens_max":1.3,"autosens_min":0.7,"variable_sens":252.3,"insulinDivisor":75,"TDD":11.699677904761906},"autosens_data":{"ratio":0.6621524958983588},"meal_data":{"carbs":23,"mealCOB":8.733199999999997,"slopeFromMaxDeviation":-0.12837499999999996,"slopeFromMinDeviation":0.47059999999999996,"lastBolusTime":1704101411056,"lastCarbTime":1704108949000},"microBolusAllowed":false,"currentTime":1704110299900,"flatBGsDetected":false,"tdd1D":14.612499999999995,"tdd7D":16.776095238095234,"tddLast24H":11.10833333333333,"tddLast4H":2.5375,"tddLast8to4H":0.9791666666666666},"output":{"temp":"absolute","bg":63,"tick":"+2","eventualBG":294,"targetBG":135,"insulinReq":0,"deliverAt":"2024-01-01T11:58:19.900Z","sensitivityRatio":0.63,"variable_sens":252.3,"predBGs":{"IOB":[63,65,66,68,70,73,75,76,78,79,80,81,81,82,82,83,83,84,84,85,86,86,86,87,87,88,88,89,89,89,90,90,90,90,91,91,91,91,92,92,92,92,92,92,92,93],"ZT":[63,60,58,56,55,54,54,55,56,57,59,61,64,66,69,72,75,78,82,85,89,92,96,100,103,107,111,115,119,122,126,129,132],"COB":[63,65,68,71,75,79,83,88,93,98,103,109,114,120,126,132,137,143,149,155,161,167,172,178,184,190,196,202,207,213,219,225,231,236,242,247,252,257,261,266,270,274,278,282,285,288,292,294],"UAM":[63,65,67,70,73,76,80,84,87,91,94,98,101,104,107,110,113,116,118,121,123,125,127,128,130,131,132,133,134,135,135,135,136,136,136,136,136,136,137,137,137,137,137,137,137,137,138]},"reason":"COB: 8.7, Dev: 29, BGI: -3, ISF: 252, CR: 8.8, Target: 135, minPredBG 149, minGuardBG 65, IOBpredBG 93, COBpredBG 294, UAMpredBG 138; minGuardBG 65<95 85m left and 0 ~ req 0U\/hr: no temp required","COB":8.733199999999997,"IOB":-0.028,"timestamp":"2024-01-01T11:58:19.934Z"}}