{"algorithm":"OpenAPSSMBDynamicISFPlugin","input":{"glucoseStatus":{"glucose":162,"noise":0,"delta":-14.56,"short_avgdelta":-14.56,"long_avgdelta":-7.96,"date":1704212275000},"currenttemp":{"temp":"absolute","duration":120,"rate":0,"minutesrunning":0},"iob_data":[{"iob":1.774,"basaliob":-0.039,"bolussnooze":0.9463,"activity":0.0207,"lastBolusTime":1704210243092,"time":"2024-01-02T16:18:41.313Z","iobWithZeroTemp":{"iob":1.774,"basaliob":-0.039,"bolussnooze":0.9463,"activity":0.0207,"lastBolusTime":1704210243092,"time":"2024-01-02T16:18:41.313Z"}},{"iob":1.669,"basaliob":-0.038,"bolussnooze":0.8073,"activity":0.0206,"lastBolusTime":1704210243092,"time":"2024-01-02T16:23:41.313Z","iobWithZeroTemp":{"iob":1.662,"basaliob":-0.045,"bolussnooze":0.8073,"activity":0.0206,"lastBolusTime":1704210243092,"time":"2024-01-02T16:23:41.313Z"}},{"iob":1.567,"basaliob":-0.036,"bolussnooze":0.6834,"activity":0.0203,"lastBolusTime":1704210243092,"time":"2024-01-02T16:28:41.313Z","iobWithZeroTemp":{"iob":1.552,"basaliob":-0.051,"bolussnooze":0.6834,"activity":0.0203,"lastBolusTime":1704210243092,"time":"2024-01-02T16:28:41.313Z"}},{"iob":1.467,"basaliob":-0.034,"bolussnooze":0.5744,"activity":0.0198,"lastBolusTime":1704210243092,"time":"2024-01-02T16:33:41.313Z","iobWithZeroTemp":{"iob":1.444,"basaliob":-0.057,"bolussnooze":0.5744,"activity":0.0197,"lastBolusTime":1704210243092,"time":"2024-01-02T16:33:41.313Z"}},{"iob":1.369,"basaliob":-0.032,"bolussnooze":0.4795,"activity":0.0192,"lastBolusTime":1704210243092,"time":"2024-01-02T16:38:41.313Z","iobWithZeroTemp":{"iob":1.338,"basaliob":-0.063,"bolussnooze":0.4795,"activity":0.0191,"lastBolusTime":1704210243092,"time":"2024-01-02T16:38:41.313Z"}},{"iob":1.275,"basaliob":-0.03,"bolussnooze":0.3978,"activity":0.0185,"lastBolusTime":1704210243092,"time":"2024-01-02T16:43:41.313Z","iobWithZeroTemp":{"iob":1.237,"basaliob":-0.068,"bolussnooze":0.3978,"activity":0.0183,"lastBolusTime":1704210243092,"time":"2024-01-02T16:43:41.313Z"}},{"iob":1.184,"basaliob":-0.028,"bolussnooze":0.3279,"activity":0.0177,"lastBolusTime":1704210243092,"time":"2024-01-02T16:48:41.313Z","iobWithZeroTemp":{"iob":1.138,"basaliob":-0.074,"bolussnooze":0.3279,"activity":0.0175,"lastBolusTime":1704210243092,"time":"2024-01-02T16:48:41.313Z"}},{"iob":1.097,"basaliob":-0.026,"bolussnooze":0.2685,"activity":0.0169,"lastBolusTime":1704210243092,"time":"2024-01-02T16:53:41.313Z","iobWithZeroTemp":{"iob":1.044,"basaliob":-0.079,"bolussnooze":0.2685,"activity":0.0166,"lastBolusTime":1704210243092,"time":"2024-01-02T16:53:41.313Z"}},{"iob":1.015,"basaliob":-0.024,"bolussnooze":0.2185,"activity":0.016,"lastBolusTime":1704210243092,"time":"2024-01-02T16:58:41.313Z","iobWithZeroTemp":{"iob":0.956,"basaliob":-0.083,"bolussnooze":0.2185,"activity":0.0156,"lastBolusTime":1704210243092,"time":"2024-01-02T16:58:41.313Z"}},{"iob":0.936,"basaliob":-0.023,"bolussnooze":0.1767,"activity":0.0152,"lastBolusTime":1704210243092,"time":"2024-01-02T17:03:41.313Z","iobWithZeroTemp":{"iob":0.87,"basaliob":-0.089,"bolussnooze":0.1767,"activity":0.0148,"lastBolusTime":1704210243092,"time":"2024-01-02T17:03:41.313Z"}},{"iob":0.863,"basaliob":-0.021,"bolussnooze":0.1419,"activity":0.0144,"lastBolusTime":1704210243092,"time":"2024-01-02T17:08:41.313Z","iobWithZeroTemp":{"iob":0.791,"basaliob":-0.093,"bolussnooze":0.1419,"activity":0.0139,"lastBolusTime":1704210243092,"time":"2024-01-02T17:08:41.313Z"}},{"iob":0.793,"basaliob":-0.019,"bolussnooze":0.1131,"activity":0.0135,"lastBolusTime":1704210243092,"time":"2024-01-02T17:13:41.313Z","iobWithZeroTemp":{"iob":0.716,"basaliob":-0.096,"bolussnooze":0.1131,"activity":0.0129,"lastBolusTime":1704210243092,"time":"2024-01-02T17:13:41.313Z"}},{"iob":0.728,"basaliob":-0.018,"bolussnooze":0.0895,"activity":0.0126,"lastBolusTime":1704210243092,"time":"2024-01-02T17:18:41.313Z","iobWithZeroTemp":{"iob":0.646,"basaliob":-0.1,"bolussnooze":0.0895,"activity":0.0119,"lastBolusTime":1704210243092,"time":"2024-01-02T17:18:41.313Z"}},{"iob":0.666,"basaliob":-0.017,"bolussnooze":0.0702,"activity":0.0118,"lastBolusTime":1704210243092,"time":"2024-01-02T17:23:41.313Z","iobWithZeroTemp":{"iob":0.579,"basaliob":-0.104,"bolussnooze":0.0702,"activity":0.0111,"lastBolusTime":1704210243092,"time":"2024-01-02T17:23:41.313Z"}},{"iob":0.61,"basaliob":-0.015,"bolussnooze":0.0545,"activity":0.0109,"lastBolusTime":1704210243092,"time":"2024-01-02T17:28:41.313Z","iobWithZeroTemp":{"iob":0.518,"basaliob":-0.107,"bolussnooze":0.0545,"activity":0.0101,"lastBolusTime":1704210243092,"time":"2024-01-02T17:28:41.313Z"}},{"iob":0.557,"basaliob":-0.014,"bolussnooze":0.0419,"activity":0.0103,"lastBolusTime":1704210243092,"time":"2024-01-02T17:33:41.313Z","iobWithZeroTemp":{"iob":0.461,"basaliob":-0.11,"bolussnooze":0.0419,"activity":0.0094,"lastBolusTime":1704210243092,"time":"2024-01-02T17:33:41.313Z"}},{"iob":0.508,"basaliob":-0.013,"bolussnooze":0.0319,"activity":0.0095,"lastBolusTime":1704210243092,"time":"2024-01-02T17:38:41.313Z","iobWithZeroTemp":{"iob":0.408,"basaliob":-0.113,"bolussnooze":0.0319,"activity":0.0086,"lastBolusTime":1704210243092,"time":"2024-01-02T17:38:41.313Z"}},{"iob":0.462,"basaliob":-0.012,"bolussnooze":0.0239,"activity":0.0088,"lastBolusTime":1704210243092,"time":"2024-01-02T17:43:41.313Z","iobWithZeroTemp":{"iob":0.358,"basaliob":-0.116,"bolussnooze":0.0239,"activity":0.0078,"lastBolusTime":1704210243092,"time":"2024-01-02T17:43:41.313Z"}},{"iob":0.42,"basaliob":-0.011,"bolussnooze":0.0176,"activity":0.0081,"lastBolusTime":1704210243092,"time":"2024-01-02T17:48:41.313Z","iobWithZeroTemp":{"iob":0.313,"basaliob":-0.118,"bolussnooze":0.0176,"activity":0.0071,"lastBolusTime":1704210243092,"time":"2024-01-02T17:48:41.313Z"}},{"iob":0.381,"basaliob":-0.01,"bolussnooze":0.0127,"activity":0.0075,"lastBolusTime":1704210243092,"time":"2024-01-02T17:53:41.313Z","iobWithZeroTemp":{"iob":0.271,"basaliob":-0.12,"bolussnooze":0.0127,"activity":0.0064,"lastBolusTime":1704210243092,"time":"2024-01-02T17:53:41.313Z"}},{"iob":0.345,"basaliob":-0.009,"bolussnooze":0.009,"activity":0.0068,"lastBolusTime":1704210243092,"time":"2024-01-02T17:58:41.313Z","iobWithZeroTemp":{"iob":0.232,"basaliob":-0.122,"bolussnooze":0.009,"activity":0.0057,"lastBolusTime":1704210243092,"time":"2024-01-02T17:58:41.313Z"}},{"iob":0.312,"basaliob":-0.008,"bolussnooze":0.0062,"activity":0.0063,"lastBolusTime":1704210243092,"time":"2024-01-02T18:03:41.313Z","iobWithZeroTemp":{"iob":0.196,"basaliob":-0.124,"bolussnooze":0.0062,"activity":0.0051,"lastBolusTime":1704210243092,"time":"2024-01-02T18:03:41.313Z"}},{"iob":0.282,"basaliob":-0.007,"bolussnooze":0.0041,"activity":0.0058,"lastBolusTime":1704210243092,"time":"2024-01-02T18:08:41.313Z","iobWithZeroTemp":{"iob":0.164,"basaliob":-0.125,"bolussnooze":0.0041,"activity":0.0046,"lastBolusTime":1704210243092,"time":"2024-01-02T18:08:41.313Z"}},{"iob":0.254,"basaliob":-0.007,"bolussnooze":0.0026,"activity":0.0053,"lastBolusTime":1704210243092,"time":"2024-01-02T18:13:41.313Z","iobWithZeroTemp":{"iob":0.134,"basaliob":-0.127,"bolussnooze":0.0026,"activity":0.0041,"lastBolusTime":1704210243092,"time":"2024-01-02T18:13:41.313Z"}},{"iob":0.229,"basaliob":-0.006,"bolussnooze":0.0015,"activity":0.0049,"lastBolusTime":1704210243092,"time":"2024-01-02T18:18:41.313Z","iobWithZeroTemp":{"iob":0.107,"basaliob":-0.128,"bolussnooze":0.0015,"activity":0.0036,"lastBolusTime":1704210243092,"time":"2024-01-02T18:18:41.313Z"}},{"iob":0.206,"basaliob":-0.005,"bolussnooze":8.0E-4,"activity":0.0044,"lastBolusTime":1704210243092,"time":"2024-01-02T18:23:41.313Z","iobWithZeroTemp":{"iob":0.082,"basaliob":-0.129,"bolussnooze":8.0E-4,"activity":0.0031,"lastBolusTime":1704210243092,"time":"2024-01-02T18:23:41.313Z"}},{"iob":0.185,"basaliob":-0.005,"bolussnooze":4.0E-4,"activity":0.004,"lastBolusTime":1704210243092,"time":"2024-01-02T18:28:41.313Z","iobWithZeroTemp":{"iob":0.059,"basaliob":-0.131,"bolussnooze":4.0E-4,"activity":0.0027,"lastBolusTime":1704210243092,"time":"2024-01-02T18:28:41.313Z"}},{"iob":0.166,"basaliob":-0.004,"bolussnooze":1.0E-4,"activity":0.0037,"lastBolusTime":1704210243092,"time":"2024-01-02T18:33:41.313Z","iobWithZeroTemp":{"iob":0.039,"basaliob":-0.131,"bolussnooze":1.0E-4,"activity":0.0023,"lastBolusTime":1704210243092,"time":"2024-01-02T18:33:41.313Z"}},{"iob":0.148,"basaliob":-0.004,"bolussnooze":0,"activity":0.0033,"lastBolusTime":1704210243092,"time":"2024-01-02T18:38:41.313Z","iobWithZeroTemp":{"iob":0.019,"basaliob":-0.133,"bolussnooze":0,"activity":0.0019,"lastBolusTime":1704210243092,"time":"2024-01-02T18:38:41.313Z"}},{"iob":0.132,"basaliob":-0.004,"bolussnooze":0,"activity":0.003,"lastBolusTime":1704210243092,"time":"2024-01-02T18:43:41.313Z","iobWithZeroTemp":{"iob":0.002,"basaliob":-0.134,"bolussnooze":0,"activity":0.0016,"lastBolusTime":1704210243092,"time":"2024-01-02T18:43:41.313Z"}},{"iob":0.118,"basaliob":-0.003,"bolussnooze":0,"activity":0.0027,"lastBolusTime":1704210243092,"time":"2024-01-02T18:48:41.313Z","iobWithZeroTemp":{"iob":-0.013,"basaliob":-0.134,"bolussnooze":0,"activity":0.0012,"lastBolusTime":1704210243092,"time":"2024-01-02T18:48:41.313Z"}},{"iob":0.104,"basaliob":-0.003,"bolussnooze":0,"activity":0.0024,"lastBolusTime":1704210243092,"time":"2024-01-02T18:53:41.313Z","iobWithZeroTemp":{"iob":-0.028,"basaliob":-0.135,"bolussnooze":0,"activity":9.0E-4,"lastBolusTime":1704210243092,"time":"2024-01-02T18:53:41.313Z"}},{"iob":0.092,"basaliob":-0.003,"bolussnooze":0,"activity":0.0022,"lastBolusTime":1704210243092,"time":"2024-01-02T18:58:41.313Z","iobWithZeroTemp":{"iob":-0.041,"basaliob":-0.136,"bolussnooze":0,"activity":7.0E-4,"lastBolusTime":1704210243092,"time":"2024-01-02T18:58:41.313Z"}},{"iob":0.082,"basaliob":-0.002,"bolussnooze":0,"activity":0.002,"lastBolusTime":1704210243092,"time":"2024-01-02T19:03:41.313Z","iobWithZeroTemp":{"iob":-0.072,"basaliob":-0.156,"bolussnooze":0,"activity":5.0E-4,"lastBolusTime":1704210243092,"time":"2024-01-02T19:03:41.313Z"}},{"iob":0.073,"basaliob":-0.002,"bolussnooze":0,"activity":0.0019,"lastBolusTime":1704210243092,"time":"2024-01-02T19:08:41.313Z","iobWithZeroTemp":{"iob":-0.103,"basaliob":-0.178,"bolussnooze":0,"activity":3.0E-4,"lastBolusTime":1704210243092,"time":"2024-01-02T19:08:41.313Z"}},{"iob":0.064,"basaliob":-0.002,"bolussnooze":0,"activity":0.0017,"lastBolusTime":1704210243092,"time":"2024-01-02T19:13:41.313Z","iobWithZeroTemp":{"iob":-0.132,"basaliob":-0.198,"bolussnooze":0,"activity":0,"lastBolusTime":1704210243092,"time":"2024-01-02T19:13:41.313Z"}},{"iob":0.056,"basaliob":-0.002,"bolussnooze":0,"activity":0.0015,"lastBolusTime":1704210243092,"time":"2024-01-02T19:18:41.313Z","iobWithZeroTemp":{"iob":-0.16,"basaliob":-0.218,"bolussnooze":0,"activity":-4.0E-4,"lastBolusTime":1704210243092,"time":"2024-01-02T19:18:41.313Z"}},{"iob":0.05,"basaliob":-0.001,"bolussnooze":0,"activity":0.0013,"lastBolusTime":1704210243092,"time":"2024-01-02T19:23:41.313Z","iobWithZeroTemp":{"iob":-0.186,"basaliob":-0.237,"bolussnooze":0,"activity":-7.0E-4,"lastBolusTime":1704210243092,"time":"2024-01-02T19:23:41.313Z"}},{"iob":0.043,"basaliob":-0.001,"bolussnooze":0,"activity":0.0012,"lastBolusTime":1704210243092,"time":"2024-01-02T19:28:41.313Z","iobWithZeroTemp":{"iob":-0.211,"basaliob":-0.255,"bolussnooze":0,"activity":-0.001,"lastBolusTime":1704210243092,"time":"2024-01-02T19:28:41.313Z"}},{"iob":0.038,"basaliob":-0.001,"bolussnooze":0,"activity":0.0011,"lastBolusTime":1704210243092,"time":"2024-01-02T19:33:41.313Z","iobWithZeroTemp":{"iob":-0.234,"basaliob":-0.273,"bolussnooze":0,"activity":-0.0013,"lastBolusTime":1704210243092,"time":"2024-01-02T19:33:41.313Z"}},{"iob":0.033,"basaliob":-0.001,"bolussnooze":0,"activity":0.001,"lastBolusTime":1704210243092,"time":"2024-01-02T19:38:41.313Z","iobWithZeroTemp":{"iob":-0.256,"basaliob":-0.29,"bolussnooze":0,"activity":-0.0016,"lastBolusTime":1704210243092,"time":"2024-01-02T19:38:41.313Z"}},{"iob":0.028,"basaliob":-0.001,"bolussnooze":0,"activity":8.0E-4,"lastBolusTime":1704210243092,"time":"2024-01-02T19:43:41.313Z","iobWithZeroTemp":{"iob":-0.277,"basaliob":-0.306,"bolussnooze":0,"activity":-0.0019,"lastBolusTime":1704210243092,"time":"2024-01-02T19:43:41.313Z"}},{"iob":0.024,"basaliob":-0.001,"bolussnooze":0,"activity":8.0E-4,"lastBolusTime":1704210243092,"time":"2024-01-02T19:48:41.313Z","iobWithZeroTemp":{"iob":-0.296,"basaliob":-0.321,"bolussnooze":0,"activity":-0.0021,"lastBolusTime":1704210243092,"time":"2024-01-02T19:48:41.313Z"}},{"iob":0.021,"basaliob":-0.001,"bolussnooze":0,"activity":7.0E-4,"lastBolusTime":1704210243092,"time":"2024-01-02T19:53:41.313Z","iobWithZeroTemp":{"iob":-0.313,"basaliob":-0.335,"bolussnooze":0,"activity":-0.0024,"lastBolusTime":1704210243092,"time":"2024-01-02T19:53:41.313Z"}},{"iob":0.017,"basaliob":-0.001,"bolussnooze":0,"activity":6.0E-4,"lastBolusTime":1704210243092,"time":"2024-01-02T19:58:41.313Z","iobWithZeroTemp":{"iob":-0.33,"basaliob":-0.348,"bolussnooze":0,"activity":-0.0027,"lastBolusTime":1704210243092,"time":"2024-01-02T19:58:41.313Z"}},{"iob":0.015,"basaliob":-0.001,"bolussnooze":0,"activity":5.0E-4,"lastBolusTime":1704210243092,"time":"2024-01-02T20:03:41.313Z","iobWithZeroTemp":{"iob":-0.344,"basaliob":-0.36,"bolussnooze":0,"activity":-0.003,"lastBolusTime":1704210243092,"time":"2024-01-02T20:03:41.313Z"}},{"iob":0.013,"basaliob":0,"bolussnooze":0,"activity":5.0E-4,"lastBolusTime":1704210243092,"time":"2024-01-02T20:08:41.313Z","iobWithZeroTemp":{"iob":-0.357,"basaliob":-0.37,"bolussnooze":0,"activity":-0.0031,"lastBolusTime":1704210243092,"time":"2024-01-02T20:08:41.313Z"}},{"iob":0.011,"basaliob":0,"bolussnooze":0,"activity":4.0E-4,"lastBolusTime":1704210243092,"time":"2024-01-02T20:13:41.313Z","iobWithZeroTemp":{"iob":-0.37,"basaliob":-0.381,"bolussnooze":0,"activity":-0.0034,"lastBolusTime":1704210243092,"time":"2024-01-02T20:13:41.313Z"}}],"profile":{"max_iob":10,"type":"current","max_daily_basal":0.35,"max_basal":0.4,"min_bg":90,"max_bg":90,"target_bg":90,"carb_ratio":8.8,"sens":120,"max_daily_safety_multiplier":3,"current_basal_safety_multiplier":4,"lgsThreshold":95,"high_temptarget_raises_sensitivity":true,"low_temptarget_lowers_sensitivity":true,"sensitivity_raises_target":true,"resistance_lowers_target":true,"adv_target_adjustments":false,"exercise_mode":false,"half_basal_exercise_target":160,"maxCOB":120,"skip_neutral_temps":false,"remainingCarbsCap":90,"enableUAM":true,"A52_risk_enable":false,"SMBInterval":6,"enableSMB_with_COB":true,"enableSMB_with_temptarget":true,"allowSMB_with_high_temptarget":false,"enableSMB_always":false,"enableSMB_after_carbs":true,"maxSMBBasalMinutes":45,"maxUAMSMBBasalMinutes":40,"bolus_increment":0.05,"carbsReqThreshold":2,"current_basal":0.1,"temptargetSet":false,"autosens_max":1.3,"autosens_min":0.7,"variable_sens":134.1,"insulinDivisor":75,"TDD":11.664197714285717},"autosens_data":{"ratio":0.8266769061789798},"meal_data":{"carbs":0,"mealCOB":0,"slopeFromMaxDeviation":-2.6892499999999995,"slopeFromMinDeviation":0,"lastBolusTime":1704210243092,"lastCarbTime":0},"microBolusAllowed":true,"currentTime":1704212321757,"flatBGsDetected":false,"tdd1D":10.2375,"tdd7D":15.997785714285714,"tddLast24H":13.224999999999994,"tddLast4H":3.479166666666667,"tddLast8to4H":1.5833333333333333},"output":{"temp":"absolute","bg":162,"tick":-15,"eventualBG":-40,"targetBG":96,"insulinReq":0,"deliverAt":"2024-01-02T16:18:41.757Z","sensitivityRatio":0.8266769061789798,"variable_sens":134.1,"predBGs":{"IOB":[162,147,132,116,100,82,62,39,39,39,39,39,39],"ZT":[162,148,134,118,102,85,66,45,39,39,39,39,39,39,39,39,39,39,39,39,39,39,39,39,39,39,39,39,39,39,39,39,39,39,39,39,39,39,39,39,39,39,39,39,39,39,39,39]},"reason":"COB: 0, Dev: 36, BGI: -14, ISF: 134, CR: 8.8, Target: 96, minPredBG -292, minGuardBG -379, IOBpredBG 39; 31 add'l carbs req w\/in 25m; minGuardBG -379<95 120m left and 0 ~ req 0U\/hr: no temp required","COB":0,"IOB":1.774,"carbsReq":31,"carbsReqWithin":25,"timestamp":"2024-01-02T16:18:41.768Z"}}