{"algorithm":"OpenAPSSMBDynamicISFPlugin","input":{"glucoseStatus":{"glucose":79,"noise":0,"delta":-13.22,"short_avgdelta":-13.22,"long_avgdelta":-13.25,"date":1704105771000},"currenttemp":{"temp":"absolute","duration":120,"rate":0,"minutesrunning":0},"iob_data":[{"iob":0.863,"basaliob":-0.198,"bolussnooze":0.2771,"activity":0.014,"lastBolusTime":1704101411056,"time":"2024-01-01T10:43:34.602Z","iobWithZeroTemp":{"iob":0.863,"basaliob":-0.198,"bolussnooze":0.2771,"activity":0.014,"lastBolusTime":1704101411056,"time":"2024-01-01T10:43:34.602Z"}},{"iob":0.796,"basaliob":-0.188,"bolussnooze":0.226,"activity":0.0132,"lastBolusTime":1704101411056,"time":"2024-01-01T10:48:34.602Z","iobWithZeroTemp":{"iob":0.779,"basaliob":-0.205,"bolussnooze":0.226,"activity":0.0132,"lastBolusTime":1704101411056,"time":"2024-01-01T10:48:34.602Z"}},{"iob":0.732,"basaliob":-0.178,"bolussnooze":0.1831,"activity":0.0124,"lastBolusTime":1704101411056,"time":"2024-01-01T10:53:34.602Z","iobWithZeroTemp":{"iob":0.695,"basaliob":-0.215,"bolussnooze":0.1831,"activity":0.0123,"lastBolusTime":1704101411056,"time":"2024-01-01T10:53:34.602Z"}},{"iob":0.672,"basaliob":-0.168,"bolussnooze":0.1473,"activity":0.0116,"lastBolusTime":1704101411056,"time":"2024-01-01T10:58:34.602Z","iobWithZeroTemp":{"iob":0.614,"basaliob":-0.226,"bolussnooze":0.1473,"activity":0.0114,"lastBolusTime":1704101411056,"time":"2024-01-01T10:58:34.602Z"}},{"iob":0.616,"basaliob":-0.158,"bolussnooze":0.1177,"activity":0.0108,"lastBolusTime":1704101411056,"time":"2024-01-01T11:03:34.602Z","iobWithZeroTemp":{"iob":0.539,"basaliob":-0.235,"bolussnooze":0.1177,"activity":0.0105,"lastBolusTime":1704101411056,"time":"2024-01-01T11:03:34.602Z"}},{"iob":0.564,"basaliob":-0.148,"bolussnooze":0.0934,"activity":0.0101,"lastBolusTime":1704101411056,"time":"2024-01-01T11:08:34.602Z","iobWithZeroTemp":{"iob":0.468,"basaliob":-0.244,"bolussnooze":0.0934,"activity":0.0097,"lastBolusTime":1704101411056,"time":"2024-01-01T11:08:34.602Z"}},{"iob":0.514,"basaliob":-0.139,"bolussnooze":0.0734,"activity":0.0094,"lastBolusTime":1704101411056,"time":"2024-01-01T11:13:34.602Z","iobWithZeroTemp":{"iob":0.4,"basaliob":-0.253,"bolussnooze":0.0734,"activity":0.0088,"lastBolusTime":1704101411056,"time":"2024-01-01T11:13:34.602Z"}},{"iob":0.47,"basaliob":-0.129,"bolussnooze":0.0572,"activity":0.0088,"lastBolusTime":1704101411056,"time":"2024-01-01T11:18:34.602Z","iobWithZeroTemp":{"iob":0.338,"basaliob":-0.261,"bolussnooze":0.0572,"activity":0.008,"lastBolusTime":1704101411056,"time":"2024-01-01T11:18:34.602Z"}},{"iob":0.428,"basaliob":-0.12,"bolussnooze":0.0442,"activity":0.008,"lastBolusTime":1704101411056,"time":"2024-01-01T11:23:34.602Z","iobWithZeroTemp":{"iob":0.279,"basaliob":-0.269,"bolussnooze":0.0442,"activity":0.0071,"lastBolusTime":1704101411056,"time":"2024-01-01T11:23:34.602Z"}},{"iob":0.388,"basaliob":-0.112,"bolussnooze":0.0337,"activity":0.0074,"lastBolusTime":1704101411056,"time":"2024-01-01T11:28:34.602Z","iobWithZeroTemp":{"iob":0.224,"basaliob":-0.276,"bolussnooze":0.0337,"activity":0.0063,"lastBolusTime":1704101411056,"time":"2024-01-01T11:28:34.602Z"}},{"iob":0.353,"basaliob":-0.103,"bolussnooze":0.0253,"activity":0.0069,"lastBolusTime":1704101411056,"time":"2024-01-01T11:33:34.602Z","iobWithZeroTemp":{"iob":0.174,"basaliob":-0.282,"bolussnooze":0.0253,"activity":0.0056,"lastBolusTime":1704101411056,"time":"2024-01-01T11:33:34.602Z"}},{"iob":0.32,"basaliob":-0.095,"bolussnooze":0.0188,"activity":0.0064,"lastBolusTime":1704101411056,"time":"2024-01-01T11:38:34.602Z","iobWithZeroTemp":{"iob":0.127,"basaliob":-0.288,"bolussnooze":0.0188,"activity":0.0049,"lastBolusTime":1704101411056,"time":"2024-01-01T11:38:34.602Z"}},{"iob":0.29,"basaliob":-0.088,"bolussnooze":0.0136,"activity":0.0059,"lastBolusTime":1704101411056,"time":"2024-01-01T11:43:34.602Z","iobWithZeroTemp":{"iob":0.084,"basaliob":-0.294,"bolussnooze":0.0136,"activity":0.0043,"lastBolusTime":1704101411056,"time":"2024-01-01T11:43:34.602Z"}},{"iob":0.262,"basaliob":-0.081,"bolussnooze":0.0097,"activity":0.0053,"lastBolusTime":1704101411056,"time":"2024-01-01T11:48:34.602Z","iobWithZeroTemp":{"iob":0.044,"basaliob":-0.299,"bolussnooze":0.0097,"activity":0.0035,"lastBolusTime":1704101411056,"time":"2024-01-01T11:48:34.602Z"}},{"iob":0.237,"basaliob":-0.074,"bolussnooze":0.0067,"activity":0.0049,"lastBolusTime":1704101411056,"time":"2024-01-01T11:53:34.602Z","iobWithZeroTemp":{"iob":0.007,"basaliob":-0.304,"bolussnooze":0.0067,"activity":0.0029,"lastBolusTime":1704101411056,"time":"2024-01-01T11:53:34.602Z"}},{"iob":0.213,"basaliob":-0.068,"bolussnooze":0.0045,"activity":0.0045,"lastBolusTime":1704101411056,"time":"2024-01-01T11:58:34.602Z","iobWithZeroTemp":{"iob":-0.027,"basaliob":-0.308,"bolussnooze":0.0045,"activity":0.0024,"lastBolusTime":1704101411056,"time":"2024-01-01T11:58:34.602Z"}},{"iob":0.192,"basaliob":-0.062,"bolussnooze":0.0028,"activity":0.0041,"lastBolusTime":1704101411056,"time":"2024-01-01T12:03:34.602Z","iobWithZeroTemp":{"iob":-0.058,"basaliob":-0.312,"bolussnooze":0.0028,"activity":0.0018,"lastBolusTime":1704101411056,"time":"2024-01-01T12:03:34.602Z"}},{"iob":0.172,"basaliob":-0.057,"bolussnooze":0.0017,"activity":0.0038,"lastBolusTime":1704101411056,"time":"2024-01-01T12:08:34.602Z","iobWithZeroTemp":{"iob":-0.087,"basaliob":-0.316,"bolussnooze":0.0017,"activity":0.0014,"lastBolusTime":1704101411056,"time":"2024-01-01T12:08:34.602Z"}},{"iob":0.154,"basaliob":-0.052,"bolussnooze":9.0E-4,"activity":0.0034,"lastBolusTime":1704101411056,"time":"2024-01-01T12:13:34.602Z","iobWithZeroTemp":{"iob":-0.114,"basaliob":-0.32,"bolussnooze":9.0E-4,"activity":8.0E-4,"lastBolusTime":1704101411056,"time":"2024-01-01T12:13:34.602Z"}},{"iob":0.138,"basaliob":-0.047,"bolussnooze":4.0E-4,"activity":0.0031,"lastBolusTime":1704101411056,"time":"2024-01-01T12:18:34.602Z","iobWithZeroTemp":{"iob":-0.137,"basaliob":-0.322,"bolussnooze":4.0E-4,"activity":4.0E-4,"lastBolusTime":1704101411056,"time":"2024-01-01T12:18:34.602Z"}},{"iob":0.123,"basaliob":-0.043,"bolussnooze":1.0E-4,"activity":0.0028,"lastBolusTime":1704101411056,"time":"2024-01-01T12:23:34.602Z","iobWithZeroTemp":{"iob":-0.159,"basaliob":-0.325,"bolussnooze":1.0E-4,"activity":0,"lastBolusTime":1704101411056,"time":"2024-01-01T12:23:34.602Z"}},{"iob":0.11,"basaliob":-0.039,"bolussnooze":0,"activity":0.0025,"lastBolusTime":1704101411056,"time":"2024-01-01T12:28:34.602Z","iobWithZeroTemp":{"iob":-0.179,"basaliob":-0.328,"bolussnooze":0,"activity":-4.0E-4,"lastBolusTime":1704101411056,"time":"2024-01-01T12:28:34.602Z"}},{"iob":0.097,"basaliob":-0.036,"bolussnooze":0,"activity":0.0023,"lastBolusTime":1704101411056,"time":"2024-01-01T12:33:34.602Z","iobWithZeroTemp":{"iob":-0.198,"basaliob":-0.331,"bolussnooze":0,"activity":-7.0E-4,"lastBolusTime":1704101411056,"time":"2024-01-01T12:33:34.602Z"}},{"iob":0.087,"basaliob":-0.032,"bolussnooze":0,"activity":0.0021,"lastBolusTime":1704101411056,"time":"2024-01-01T12:38:34.602Z","iobWithZeroTemp":{"iob":-0.214,"basaliob":-0.333,"bolussnooze":0,"activity":-0.001,"lastBolusTime":1704101411056,"time":"2024-01-01T12:38:34.602Z"}},{"iob":0.077,"basaliob":-0.029,"bolussnooze":0,"activity":0.0019,"lastBolusTime":1704101411056,"time":"2024-01-01T12:43:34.602Z","iobWithZeroTemp":{"iob":-0.229,"basaliob":-0.335,"bolussnooze":0,"activity":-0.0013,"lastBolusTime":1704101411056,"time":"2024-01-01T12:43:34.602Z"}},{"iob":0.068,"basaliob":-0.026,"bolussnooze":0,"activity":0.0017,"lastBolusTime":1704101411056,"time":"2024-01-01T12:48:34.602Z","iobWithZeroTemp":{"iob":-0.242,"basaliob":-0.336,"bolussnooze":0,"activity":-0.0016,"lastBolusTime":1704101411056,"time":"2024-01-01T12:48:34.602Z"}},{"iob":0.059,"basaliob":-0.024,"bolussnooze":0,"activity":0.0015,"lastBolusTime":1704101411056,"time":"2024-01-01T12:53:34.602Z","iobWithZeroTemp":{"iob":-0.255,"basaliob":-0.338,"bolussnooze":0,"activity":-0.0019,"lastBolusTime":1704101411056,"time":"2024-01-01T12:53:34.602Z"}},{"iob":0.053,"basaliob":-0.021,"bolussnooze":0,"activity":0.0013,"lastBolusTime":1704101411056,"time":"2024-01-01T12:58:34.602Z","iobWithZeroTemp":{"iob":-0.265,"basaliob":-0.339,"bolussnooze":0,"activity":-0.0021,"lastBolusTime":1704101411056,"time":"2024-01-01T12:58:34.602Z"}},{"iob":0.046,"basaliob":-0.019,"bolussnooze":0,"activity":0.0012,"lastBolusTime":1704101411056,"time":"2024-01-01T13:03:34.602Z","iobWithZeroTemp":{"iob":-0.284,"basaliob":-0.349,"bolussnooze":0,"activity":-0.0023,"lastBolusTime":1704101411056,"time":"2024-01-01T13:03:34.602Z"}},{"iob":0.041,"basaliob":-0.017,"bolussnooze":0,"activity":0.0011,"lastBolusTime":1704101411056,"time":"2024-01-01T13:08:34.602Z","iobWithZeroTemp":{"iob":-0.3,"basaliob":-0.358,"bolussnooze":0,"activity":-0.0025,"lastBolusTime":1704101411056,"time":"2024-01-01T13:08:34.602Z"}},{"iob":0.036,"basaliob":-0.015,"bolussnooze":0,"activity":0.001,"lastBolusTime":1704101411056,"time":"2024-01-01T13:13:34.602Z","iobWithZeroTemp":{"iob":-0.316,"basaliob":-0.367,"bolussnooze":0,"activity":-0.0027,"lastBolusTime":1704101411056,"time":"2024-01-01T13:13:34.602Z"}},{"iob":0.03,"basaliob":-0.014,"bolussnooze":0,"activity":9.0E-4,"lastBolusTime":1704101411056,"time":"2024-01-01T13:18:34.602Z","iobWithZeroTemp":{"iob":-0.332,"basaliob":-0.376,"bolussnooze":0,"activity":-0.0029,"lastBolusTime":1704101411056,"time":"2024-01-01T13:18:34.602Z"}},{"iob":0.027,"basaliob":-0.012,"bolussnooze":0,"activity":8.0E-4,"lastBolusTime":1704101411056,"time":"2024-01-01T13:23:34.602Z","iobWithZeroTemp":{"iob":-0.345,"basaliob":-0.384,"bolussnooze":0,"activity":-0.0031,"lastBolusTime":1704101411056,"time":"2024-01-01T13:23:34.602Z"}},{"iob":0.023,"basaliob":-0.011,"bolussnooze":0,"activity":6.0E-4,"lastBolusTime":1704101411056,"time":"2024-01-01T13:28:34.602Z","iobWithZeroTemp":{"iob":-0.358,"basaliob":-0.392,"bolussnooze":0,"activity":-0.0034,"lastBolusTime":1704101411056,"time":"2024-01-01T13:28:34.602Z"}},{"iob":0.019,"basaliob":-0.01,"bolussnooze":0,"activity":6.0E-4,"lastBolusTime":1704101411056,"time":"2024-01-01T13:33:34.602Z","iobWithZeroTemp":{"iob":-0.371,"basaliob":-0.4,"bolussnooze":0,"activity":-0.0035,"lastBolusTime":1704101411056,"time":"2024-01-01T13:33:34.602Z"}},{"iob":0.016,"basaliob":-0.009,"bolussnooze":0,"activity":5.0E-4,"lastBolusTime":1704101411056,"time":"2024-01-01T13:38:34.602Z","iobWithZeroTemp":{"iob":-0.382,"basaliob":-0.407,"bolussnooze":0,"activity":-0.0037,"lastBolusTime":1704101411056,"time":"2024-01-01T13:38:34.602Z"}},{"iob":0.014,"basaliob":-0.008,"bolussnooze":0,"activity":5.0E-4,"lastBolusTime":1704101411056,"time":"2024-01-01T13:43:34.602Z","iobWithZeroTemp":{"iob":-0.392,"basaliob":-0.414,"bolussnooze":0,"activity":-0.0038,"lastBolusTime":1704101411056,"time":"2024-01-01T13:43:34.602Z"}},{"iob":0.012,"basaliob":-0.007,"bolussnooze":0,"activity":4.0E-4,"lastBolusTime":1704101411056,"time":"2024-01-01T13:48:34.602Z","iobWithZeroTemp":{"iob":-0.401,"basaliob":-0.42,"bolussnooze":0,"activity":-0.004,"lastBolusTime":1704101411056,"time":"2024-01-01T13:48:34.602Z"}},{"iob":0.01,"basaliob":-0.006,"bolussnooze":0,"activity":4.0E-4,"lastBolusTime":1704101411056,"time":"2024-01-01T13:53:34.602Z","iobWithZeroTemp":{"iob":-0.41,"basaliob":-0.426,"bolussnooze":0,"activity":-0.0041,"lastBolusTime":1704101411056,"time":"2024-01-01T13:53:34.602Z"}},{"iob":0.009,"basaliob":-0.005,"bolussnooze":0,"activity":4.0E-4,"lastBolusTime":1704101411056,"time":"2024-01-01T13:58:34.602Z","iobWithZeroTemp":{"iob":-0.417,"basaliob":-0.431,"bolussnooze":0,"activity":-0.0042,"lastBolusTime":1704101411056,"time":"2024-01-01T13:58:34.602Z"}},{"iob":0.006,"basaliob":-0.005,"bolussnooze":0,"activity":3.0E-4,"lastBolusTime":1704101411056,"time":"2024-01-01T14:03:34.602Z","iobWithZeroTemp":{"iob":-0.405,"basaliob":-0.416,"bolussnooze":0,"activity":-0.0044,"lastBolusTime":1704101411056,"time":"2024-01-01T14:03:34.602Z"}},{"iob":0.006,"basaliob":-0.004,"bolussnooze":0,"activity":2.0E-4,"lastBolusTime":1704101411056,"time":"2024-01-01T14:08:34.602Z","iobWithZeroTemp":{"iob":-0.39,"basaliob":-0.4,"bolussnooze":0,"activity":-0.0045,"lastBolusTime":1704101411056,"time":"2024-01-01T14:08:34.602Z"}},{"iob":0.004,"basaliob":-0.004,"bolussnooze":0,"activity":2.0E-4,"lastBolusTime":1704101411056,"time":"2024-01-01T14:13:34.602Z","iobWithZeroTemp":{"iob":-0.377,"basaliob":-0.385,"bolussnooze":0,"activity":-0.0045,"lastBolusTime":1704101411056,"time":"2024-01-01T14:13:34.602Z"}},{"iob":0.004,"basaliob":-0.003,"bolussnooze":0,"activity":2.0E-4,"lastBolusTime":1704101411056,"time":"2024-01-01T14:18:34.602Z","iobWithZeroTemp":{"iob":-0.362,"basaliob":-0.369,"bolussnooze":0,"activity":-0.0044,"lastBolusTime":1704101411056,"time":"2024-01-01T14:18:34.602Z"}},{"iob":0.002,"basaliob":-0.003,"bolussnooze":0,"activity":1.0E-4,"lastBolusTime":1704101411056,"time":"2024-01-01T14:23:34.602Z","iobWithZeroTemp":{"iob":-0.35,"basaliob":-0.355,"bolussnooze":0,"activity":-0.0045,"lastBolusTime":1704101411056,"time":"2024-01-01T14:23:34.602Z"}},{"iob":0.002,"basaliob":-0.002,"bolussnooze":0,"activity":1.0E-4,"lastBolusTime":1704101411056,"time":"2024-01-01T14:28:34.602Z","iobWithZeroTemp":{"iob":-0.335,"basaliob":-0.339,"bolussnooze":0,"activity":-0.0044,"lastBolusTime":1704101411056,"time":"2024-01-01T14:28:34.602Z"}},{"iob":0.001,"basaliob":-0.002,"bolussnooze":0,"activity":1.0E-4,"lastBolusTime":1704101411056,"time":"2024-01-01T14:33:34.602Z","iobWithZeroTemp":{"iob":-0.323,"basaliob":-0.326,"bolussnooze":0,"activity":-0.0043,"lastBolusTime":1704101411056,"time":"2024-01-01T14:33:34.602Z"}},{"iob":0.001,"basaliob":-0.002,"bolussnooze":0,"activity":0,"lastBolusTime":1704101411056,"time":"2024-01-01T14:38:34.602Z","iobWithZeroTemp":{"iob":-0.309,"basaliob":-0.312,"bolussnooze":0,"activity":-0.0043,"lastBolusTime":1704101411056,"time":"2024-01-01T14:38:34.602Z"}}],"profile":{"max_iob":0,"type":"current","max_daily_basal":0.35,"max_basal":1,"min_bg":130,"max_bg":130,"target_bg":130,"carb_ratio":8.8,"sens":120,"max_daily_safety_multiplier":3,"current_basal_safety_multiplier":4,"lgsThreshold":95,"high_temptarget_raises_sensitivity":true,"low_temptarget_lowers_sensitivity":true,"sensitivity_raises_target":true,"resistance_lowers_target":true,"adv_target_adjustments":false,"exercise_mode":false,"half_basal_exercise_target":160,"maxCOB":120,"skip_neutral_temps":false,"remainingCarbsCap":90,"enableUAM":true,"A52_risk_enable":false,"SMBInterval":6,"enableSMB_with_COB":true,"enableSMB_with_temptarget":true,"allowSMB_with_high_temptarget":false,"enableSMB_always":false,"enableSMB_after_carbs":true,"maxSMBBasalMinutes":30,"maxUAMSMBBasalMinutes":40,"bolus_increment":0.05,"carbsReqThreshold":2,"current_basal":0.25,"temptargetSet":true,"autosens_max":1.3,"autosens_min":0.7,"variable_sens":206.9,"insulinDivisor":75,"TDD":12.089737904761904},"autosens_data":{"ratio":0.8171349255459868},"meal_data":{"carbs":15,"mealCOB":6.258133333333331,"slopeFromMaxDeviation":-3.0405714285714285,"slopeFromMinDeviation":2.204999999999999,"lastBolusTime":1704101411056,"lastCarbTime":1704101401602},"microBolusAllowed":true,"currentTime":1704105815667,"flatBGsDetected":false,"tdd1D":14.612499999999995,"tdd7D":16.776095238095234,"tddLast24H":13.708333333333332,"tddLast4H":2.875,"tddLast8to4H":1.0125000000000002},"output":{"temp":"absolute","bg":79,"tick":-13,"eventualBG":39,"targetBG":130,"insulinReq":0,"deliverAt":"2024-01-01T10:43:35.667Z","sensitivityRatio":0.67,"variable_sens":206.9,"predBGs":{"IOB":[79,66,51,39,39,39,39,39,39,39,39,39,39],"ZT":[79,65,49,39,39,39,39,39,39,39,39,39,39,39,39,39,39,39,39,39,39,39,39,39,39,39,39,39,39,39,39,39,39,39,39,39,39,39,39,39,39,39,39,39,39,39,39,39],"COB":[79,66,54,42,39,39,39,39,39,39,39,39,39],"UAM":[79,65,49,39,39,39,39,39,39,39,39,39,39]},"reason":"COB: 6.3, Dev: 8, BGI: -14, ISF: 207, CR: 8.8, Target: 130, minPredBG -124, minGuardBG -146, IOBpredBG 39, COBpredBG 39, UAMpredBG 39; 8 add'l carbs req w\/in 0m; minGuardBG -146<95 120m left and 0 ~ req 0U\/hr: no temp required","COB":6.258133333333331,"IOB":0.863,"carbsReq":8,"carbsReqWithin":0,"timestamp":"2024-01-01T10:43:35.699Z"}}