{"algorithm":"OpenAPSSMBDynamicISFPlugin","input":{"glucoseStatus":{"glucose":191,"noise":0,"delta":-7.28,"short_avgdelta":-7.28,"long_avgdelta":2.64,"date":1704284876000},"currenttemp":{"temp":"absolute","duration":110,"rate":0,"minutesrunning":10},"iob_data":[{"iob":2.031,"basaliob":0.118,"bolussnooze":1.3496,"activity":0.0132,"lastBolusTime":1704284282807,"time":"2024-01-03T12:28:22.311Z","iobWithZeroTemp":{"iob":2.031,"basaliob":0.118,"bolussnooze":1.3496,"activity":0.0132,"lastBolusTime":1704284282807,"time":"2024-01-03T12:28:22.311Z"}},{"iob":1.959,"basaliob":0.114,"bolussnooze":1.2226,"activity":0.0152,"lastBolusTime":1704284282807,"time":"2024-01-03T12:33:22.311Z","iobWithZeroTemp":{"iob":1.942,"basaliob":0.097,"bolussnooze":1.2226,"activity":0.0152,"lastBolusTime":1704284282807,"time":"2024-01-03T12:33:22.311Z"}},{"iob":1.879,"basaliob":0.11,"bolussnooze":1.0898,"activity":0.0167,"lastBolusTime":1704284282807,"time":"2024-01-03T12:38:22.311Z","iobWithZeroTemp":{"iob":1.842,"basaliob":0.073,"bolussnooze":1.0898,"activity":0.0166,"lastBolusTime":1704284282807,"time":"2024-01-03T12:38:22.311Z"}},{"iob":1.794,"basaliob":0.106,"bolussnooze":0.9587,"activity":0.0176,"lastBolusTime":1704284282807,"time":"2024-01-03T12:43:22.311Z","iobWithZeroTemp":{"iob":1.736,"basaliob":0.048,"bolussnooze":0.9587,"activity":0.0174,"lastBolusTime":1704284282807,"time":"2024-01-03T12:43:22.311Z"}},{"iob":1.704,"basaliob":0.101,"bolussnooze":0.8339,"activity":0.0182,"lastBolusTime":1704284282807,"time":"2024-01-03T12:48:22.311Z","iobWithZeroTemp":{"iob":1.627,"basaliob":0.024,"bolussnooze":0.8339,"activity":0.0179,"lastBolusTime":1704284282807,"time":"2024-01-03T12:48:22.311Z"}},{"iob":1.612,"basaliob":0.096,"bolussnooze":0.7184,"activity":0.0184,"lastBolusTime":1704284282807,"time":"2024-01-03T12:53:22.311Z","iobWithZeroTemp":{"iob":1.516,"basaliob":0,"bolussnooze":0.7184,"activity":0.018,"lastBolusTime":1704284282807,"time":"2024-01-03T12:53:22.311Z"}},{"iob":1.52,"basaliob":0.091,"bolussnooze":0.6136,"activity":0.0184,"lastBolusTime":1704284282807,"time":"2024-01-03T12:58:22.311Z","iobWithZeroTemp":{"iob":1.406,"basaliob":-0.023,"bolussnooze":0.6136,"activity":0.0178,"lastBolusTime":1704284282807,"time":"2024-01-03T12:58:22.311Z"}},{"iob":1.429,"basaliob":0.086,"bolussnooze":0.52,"activity":0.0182,"lastBolusTime":1704284282807,"time":"2024-01-03T13:03:22.311Z","iobWithZeroTemp":{"iob":1.289,"basaliob":-0.054,"bolussnooze":0.52,"activity":0.0174,"lastBolusTime":1704284282807,"time":"2024-01-03T13:03:22.311Z"}},{"iob":1.338,"basaliob":0.081,"bolussnooze":0.4376,"activity":0.0178,"lastBolusTime":1704284282807,"time":"2024-01-03T13:08:22.311Z","iobWithZeroTemp":{"iob":1.173,"basaliob":-0.084,"bolussnooze":0.4376,"activity":0.0168,"lastBolusTime":1704284282807,"time":"2024-01-03T13:08:22.311Z"}},{"iob":1.25,"basaliob":0.076,"bolussnooze":0.3657,"activity":0.0174,"lastBolusTime":1704284282807,"time":"2024-01-03T13:13:22.311Z","iobWithZeroTemp":{"iob":1.062,"basaliob":-0.112,"bolussnooze":0.3657,"activity":0.0162,"lastBolusTime":1704284282807,"time":"2024-01-03T13:13:22.311Z"}},{"iob":1.165,"basaliob":0.071,"bolussnooze":0.3036,"activity":0.0168,"lastBolusTime":1704284282807,"time":"2024-01-03T13:18:22.311Z","iobWithZeroTemp":{"iob":0.954,"basaliob":-0.14,"bolussnooze":0.3036,"activity":0.0154,"lastBolusTime":1704284282807,"time":"2024-01-03T13:18:22.311Z"}},{"iob":1.083,"basaliob":0.066,"bolussnooze":0.2505,"activity":0.016,"lastBolusTime":1704284282807,"time":"2024-01-03T13:23:22.311Z","iobWithZeroTemp":{"iob":0.851,"basaliob":-0.166,"bolussnooze":0.2505,"activity":0.0143,"lastBolusTime":1704284282807,"time":"2024-01-03T13:23:22.311Z"}},{"iob":1.004,"basaliob":0.061,"bolussnooze":0.2054,"activity":0.0153,"lastBolusTime":1704284282807,"time":"2024-01-03T13:28:22.311Z","iobWithZeroTemp":{"iob":0.751,"basaliob":-0.192,"bolussnooze":0.2054,"activity":0.0134,"lastBolusTime":1704284282807,"time":"2024-01-03T13:28:22.311Z"}},{"iob":0.929,"basaliob":0.057,"bolussnooze":0.1673,"activity":0.0146,"lastBolusTime":1704284282807,"time":"2024-01-03T13:33:22.311Z","iobWithZeroTemp":{"iob":0.657,"basaliob":-0.215,"bolussnooze":0.1673,"activity":0.0125,"lastBolusTime":1704284282807,"time":"2024-01-03T13:33:22.311Z"}},{"iob":0.858,"basaliob":0.053,"bolussnooze":0.1354,"activity":0.0138,"lastBolusTime":1704284282807,"time":"2024-01-03T13:38:22.311Z","iobWithZeroTemp":{"iob":0.568,"basaliob":-0.237,"bolussnooze":0.1354,"activity":0.0114,"lastBolusTime":1704284282807,"time":"2024-01-03T13:38:22.311Z"}},{"iob":0.791,"basaliob":0.049,"bolussnooze":0.1088,"activity":0.0131,"lastBolusTime":1704284282807,"time":"2024-01-03T13:43:22.311Z","iobWithZeroTemp":{"iob":0.485,"basaliob":-0.257,"bolussnooze":0.1088,"activity":0.0105,"lastBolusTime":1704284282807,"time":"2024-01-03T13:43:22.311Z"}},{"iob":0.728,"basaliob":0.045,"bolussnooze":0.0869,"activity":0.0122,"lastBolusTime":1704284282807,"time":"2024-01-03T13:48:22.311Z","iobWithZeroTemp":{"iob":0.406,"basaliob":-0.277,"bolussnooze":0.0869,"activity":0.0094,"lastBolusTime":1704284282807,"time":"2024-01-03T13:48:22.311Z"}},{"iob":0.668,"basaliob":0.041,"bolussnooze":0.0688,"activity":0.0115,"lastBolusTime":1704284282807,"time":"2024-01-03T13:53:22.311Z","iobWithZeroTemp":{"iob":0.331,"basaliob":-0.296,"bolussnooze":0.0688,"activity":0.0085,"lastBolusTime":1704284282807,"time":"2024-01-03T13:53:22.311Z"}},{"iob":0.613,"basaliob":0.038,"bolussnooze":0.054,"activity":0.0108,"lastBolusTime":1704284282807,"time":"2024-01-03T13:58:22.311Z","iobWithZeroTemp":{"iob":0.263,"basaliob":-0.312,"bolussnooze":0.054,"activity":0.0076,"lastBolusTime":1704284282807,"time":"2024-01-03T13:58:22.311Z"}},{"iob":0.561,"basaliob":0.035,"bolussnooze":0.0421,"activity":0.01,"lastBolusTime":1704284282807,"time":"2024-01-03T14:03:22.311Z","iobWithZeroTemp":{"iob":0.219,"basaliob":-0.307,"bolussnooze":0.0421,"activity":0.0066,"lastBolusTime":1704284282807,"time":"2024-01-03T14:03:22.311Z"}},{"iob":0.513,"basaliob":0.032,"bolussnooze":0.0324,"activity":0.0094,"lastBolusTime":1704284282807,"time":"2024-01-03T14:08:22.311Z","iobWithZeroTemp":{"iob":0.179,"basaliob":-0.302,"bolussnooze":0.0324,"activity":0.0059,"lastBolusTime":1704284282807,"time":"2024-01-03T14:08:22.311Z"}},{"iob":0.467,"basaliob":0.029,"bolussnooze":0.0247,"activity":0.0086,"lastBolusTime":1704284282807,"time":"2024-01-03T14:13:22.311Z","iobWithZeroTemp":{"iob":0.143,"basaliob":-0.295,"bolussnooze":0.0247,"activity":0.005,"lastBolusTime":1704284282807,"time":"2024-01-03T14:13:22.311Z"}},{"iob":0.426,"basaliob":0.027,"bolussnooze":0.0185,"activity":0.008,"lastBolusTime":1704284282807,"time":"2024-01-03T14:18:22.311Z","iobWithZeroTemp":{"iob":0.111,"basaliob":-0.288,"bolussnooze":0.0185,"activity":0.0044,"lastBolusTime":1704284282807,"time":"2024-01-03T14:18:22.311Z"}},{"iob":0.387,"basaliob":0.024,"bolussnooze":0.0137,"activity":0.0075,"lastBolusTime":1704284282807,"time":"2024-01-03T14:23:22.311Z","iobWithZeroTemp":{"iob":0.082,"basaliob":-0.281,"bolussnooze":0.0137,"activity":0.0039,"lastBolusTime":1704284282807,"time":"2024-01-03T14:23:22.311Z"}},{"iob":0.351,"basaliob":0.022,"bolussnooze":0.0099,"activity":0.0068,"lastBolusTime":1704284282807,"time":"2024-01-03T14:28:22.311Z","iobWithZeroTemp":{"iob":0.055,"basaliob":-0.274,"bolussnooze":0.0099,"activity":0.0032,"lastBolusTime":1704284282807,"time":"2024-01-03T14:28:22.311Z"}},{"iob":0.319,"basaliob":0.02,"bolussnooze":0.0071,"activity":0.0063,"lastBolusTime":1704284282807,"time":"2024-01-03T14:33:22.311Z","iobWithZeroTemp":{"iob":0.033,"basaliob":-0.266,"bolussnooze":0.0071,"activity":0.0027,"lastBolusTime":1704284282807,"time":"2024-01-03T14:33:22.311Z"}},{"iob":0.288,"basaliob":0.018,"bolussnooze":0.0049,"activity":0.0058,"lastBolusTime":1704284282807,"time":"2024-01-03T14:38:22.311Z","iobWithZeroTemp":{"iob":0.011,"basaliob":-0.259,"bolussnooze":0.0049,"activity":0.0023,"lastBolusTime":1704284282807,"time":"2024-01-03T14:38:22.311Z"}},{"iob":0.26,"basaliob":0.016,"bolussnooze":0.0032,"activity":0.0053,"lastBolusTime":1704284282807,"time":"2024-01-03T14:43:22.311Z","iobWithZeroTemp":{"iob":-0.008,"basaliob":-0.252,"bolussnooze":0.0032,"activity":0.0018,"lastBolusTime":1704284282807,"time":"2024-01-03T14:43:22.311Z"}},{"iob":0.235,"basaliob":0.015,"bolussnooze":0.0021,"activity":0.0049,"lastBolusTime":1704284282807,"time":"2024-01-03T14:48:22.311Z","iobWithZeroTemp":{"iob":-0.024,"basaliob":-0.244,"bolussnooze":0.0021,"activity":0.0015,"lastBolusTime":1704284282807,"time":"2024-01-03T14:48:22.311Z"}},{"iob":0.211,"basaliob":0.013,"bolussnooze":0.0012,"activity":0.0045,"lastBolusTime":1704284282807,"time":"2024-01-03T14:53:22.311Z","iobWithZeroTemp":{"iob":-0.039,"basaliob":-0.237,"bolussnooze":0.0012,"activity":0.0012,"lastBolusTime":1704284282807,"time":"2024-01-03T14:53:22.311Z"}},{"iob":0.19,"basaliob":0.012,"bolussnooze":7.0E-4,"activity":0.0041,"lastBolusTime":1704284282807,"time":"2024-01-03T14:58:22.311Z","iobWithZeroTemp":{"iob":-0.052,"basaliob":-0.23,"bolussnooze":7.0E-4,"activity":8.0E-4,"lastBolusTime":1704284282807,"time":"2024-01-03T14:58:22.311Z"}},{"iob":0.171,"basaliob":0.011,"bolussnooze":3.0E-4,"activity":0.0037,"lastBolusTime":1704284282807,"time":"2024-01-03T15:03:22.311Z","iobWithZeroTemp":{"iob":-0.064,"basaliob":-0.224,"bolussnooze":3.0E-4,"activity":5.0E-4,"lastBolusTime":1704284282807,"time":"2024-01-03T15:03:22.311Z"}},{"iob":0.153,"basaliob":0.01,"bolussnooze":1.0E-4,"activity":0.0034,"lastBolusTime":1704284282807,"time":"2024-01-03T15:08:22.311Z","iobWithZeroTemp":{"iob":-0.074,"basaliob":-0.217,"bolussnooze":1.0E-4,"activity":3.0E-4,"lastBolusTime":1704284282807,"time":"2024-01-03T15:08:22.311Z"}},{"iob":0.137,"basaliob":0.009,"bolussnooze":0,"activity":0.0031,"lastBolusTime":1704284282807,"time":"2024-01-03T15:13:22.311Z","iobWithZeroTemp":{"iob":-0.083,"basaliob":-0.211,"bolussnooze":0,"activity":1.0E-4,"lastBolusTime":1704284282807,"time":"2024-01-03T15:13:22.311Z"}},{"iob":0.123,"basaliob":0.008,"bolussnooze":0,"activity":0.0028,"lastBolusTime":1704284282807,"time":"2024-01-03T15:18:22.311Z","iobWithZeroTemp":{"iob":-0.091,"basaliob":-0.206,"bolussnooze":0,"activity":-1.0E-4,"lastBolusTime":1704284282807,"time":"2024-01-03T15:18:22.311Z"}},{"iob":0.109,"basaliob":0.007,"bolussnooze":0,"activity":0.0026,"lastBolusTime":1704284282807,"time":"2024-01-03T15:23:22.311Z","iobWithZeroTemp":{"iob":-0.099,"basaliob":-0.201,"bolussnooze":0,"activity":-2.0E-4,"lastBolusTime":1704284282807,"time":"2024-01-03T15:23:22.311Z"}},{"iob":0.097,"basaliob":0.006,"bolussnooze":0,"activity":0.0022,"lastBolusTime":1704284282807,"time":"2024-01-03T15:28:22.311Z","iobWithZeroTemp":{"iob":-0.105,"basaliob":-0.196,"bolussnooze":0,"activity":-6.0E-4,"lastBolusTime":1704284282807,"time":"2024-01-03T15:28:22.311Z"}},{"iob":0.086,"basaliob":0.005,"bolussnooze":0,"activity":0.002,"lastBolusTime":1704284282807,"time":"2024-01-03T15:33:22.311Z","iobWithZeroTemp":{"iob":-0.111,"basaliob":-0.192,"bolussnooze":0,"activity":-7.0E-4,"lastBolusTime":1704284282807,"time":"2024-01-03T15:33:22.311Z"}},{"iob":0.076,"basaliob":0.005,"bolussnooze":0,"activity":0.0019,"lastBolusTime":1704284282807,"time":"2024-01-03T15:38:22.311Z","iobWithZeroTemp":{"iob":-0.116,"basaliob":-0.187,"bolussnooze":0,"activity":-7.0E-4,"lastBolusTime":1704284282807,"time":"2024-01-03T15:38:22.311Z"}},{"iob":0.067,"basaliob":0.004,"bolussnooze":0,"activity":0.0017,"lastBolusTime":1704284282807,"time":"2024-01-03T15:43:22.311Z","iobWithZeroTemp":{"iob":-0.12,"basaliob":-0.183,"bolussnooze":0,"activity":-9.0E-4,"lastBolusTime":1704284282807,"time":"2024-01-03T15:43:22.311Z"}},{"iob":0.06,"basaliob":0.004,"bolussnooze":0,"activity":0.0015,"lastBolusTime":1704284282807,"time":"2024-01-03T15:48:22.311Z","iobWithZeroTemp":{"iob":-0.123,"basaliob":-0.179,"bolussnooze":0,"activity":-0.001,"lastBolusTime":1704284282807,"time":"2024-01-03T15:48:22.311Z"}},{"iob":0.052,"basaliob":0.003,"bolussnooze":0,"activity":0.0014,"lastBolusTime":1704284282807,"time":"2024-01-03T15:53:22.311Z","iobWithZeroTemp":{"iob":-0.127,"basaliob":-0.176,"bolussnooze":0,"activity":-0.001,"lastBolusTime":1704284282807,"time":"2024-01-03T15:53:22.311Z"}},{"iob":0.046,"basaliob":0.003,"bolussnooze":0,"activity":0.0012,"lastBolusTime":1704284282807,"time":"2024-01-03T15:58:22.311Z","iobWithZeroTemp":{"iob":-0.13,"basaliob":-0.173,"bolussnooze":0,"activity":-0.0012,"lastBolusTime":1704284282807,"time":"2024-01-03T15:58:22.311Z"}},{"iob":0.039,"basaliob":0.002,"bolussnooze":0,"activity":0.0011,"lastBolusTime":1704284282807,"time":"2024-01-03T16:03:22.311Z","iobWithZeroTemp":{"iob":-0.133,"basaliob":-0.17,"bolussnooze":0,"activity":-0.0012,"lastBolusTime":1704284282807,"time":"2024-01-03T16:03:22.311Z"}},{"iob":0.035,"basaliob":0.002,"bolussnooze":0,"activity":0.001,"lastBolusTime":1704284282807,"time":"2024-01-03T16:08:22.311Z","iobWithZeroTemp":{"iob":-0.134,"basaliob":-0.167,"bolussnooze":0,"activity":-0.0013,"lastBolusTime":1704284282807,"time":"2024-01-03T16:08:22.311Z"}},{"iob":0.03,"basaliob":0.002,"bolussnooze":0,"activity":9.0E-4,"lastBolusTime":1704284282807,"time":"2024-01-03T16:13:22.311Z","iobWithZeroTemp":{"iob":-0.136,"basaliob":-0.164,"bolussnooze":0,"activity":-0.0013,"lastBolusTime":1704284282807,"time":"2024-01-03T16:13:22.311Z"}},{"iob":0.027,"basaliob":0.002,"bolussnooze":0,"activity":8.0E-4,"lastBolusTime":1704284282807,"time":"2024-01-03T16:18:22.311Z","iobWithZeroTemp":{"iob":-0.137,"basaliob":-0.162,"bolussnooze":0,"activity":-0.0014,"lastBolusTime":1704284282807,"time":"2024-01-03T16:18:22.311Z"}},{"iob":0.022,"basaliob":0.001,"bolussnooze":0,"activity":6.0E-4,"lastBolusTime":1704284282807,"time":"2024-01-03T16:23:22.311Z","iobWithZeroTemp":{"iob":-0.139,"basaliob":-0.16,"bolussnooze":0,"activity":-0.0015,"lastBolusTime":1704284282807,"time":"2024-01-03T16:23:22.311Z"}}],"profile":{"max_iob":10,"type":"current","max_daily_basal":0.35,"max_basal":1,"min_bg":90,"max_bg":90,"target_bg":90,"carb_ratio":8.8,"sens":120,"max_daily_safety_multiplier":3,"current_basal_safety_multiplier":4,"lgsThreshold":95,"high_temptarget_raises_sensitivity":true,"low_temptarget_lowers_sensitivity":true,"sensitivity_raises_target":true,"resistance_lowers_target":true,"adv_target_adjustments":false,"exercise_mode":false,"half_basal_exercise_target":160,"maxCOB":120,"skip_neutral_temps":false,"remainingCarbsCap":90,"enableUAM":true,"A52_risk_enable":false,"SMBInterval":6,"enableSMB_with_COB":true,"enableSMB_with_temptarget":true,"allowSMB_with_high_temptarget":false,"enableSMB_always":false,"enableSMB_after_carbs":true,"maxSMBBasalMinutes":45,"maxUAMSMBBasalMinutes":40,"bolus_increment":0.05,"carbsReqThreshold":2,"current_basal":0.25,"temptargetSet":true,"autosens_max":1.3,"autosens_min":0.7,"variable_sens":117.1,"insulinDivisor":75,"TDD":12.145209523809525},"autosens_data":{"ratio":0.9195109830036777},"meal_data":{"carbs":13,"mealCOB":0,"slopeFromMaxDeviation":-5.485000000000001,"slopeFromMinDeviation":0,"lastBolusTime":1704284282807,"lastCarbTime":1704268190191},"microBolusAllowed":true,"currentTime":1704284904056,"flatBGsDetected":false,"tdd1D":14.054166666666665,"tdd7D":14.971726190476188,"tddLast24H":13.766666666666667,"tddLast4H":2.8041666666666663,"tddLast8to4H":2.6375},"output":{"temp":"absolute","bg":191,"tick":-7,"eventualBG":39,"targetBG":90,"insulinReq":0,"deliverAt":"2024-01-03T12:28:24.056Z","sensitivityRatio":1.2,"variable_sens":117.1,"predBGs":{"IOB":[191,184,175,165,154,142,130,117,102,87,71,52,39],"ZT":[191,183,174,164,153,141,128,115,101,87,71,54,39,39,39,39,39,39,39,39,39,39,39,39,39,39,39,39,39,39,39,39,39,39,39,39,39,39,39,39,39,39,39,39,39,39,39,39],"UAM":[191,183,174,164,153,140,128,114,99,84,66,47,39]},"reason":"COB: 0, Dev: 3, BGI: -8, ISF: 117, CR: 8.8, Target: 90, minPredBG -167, minGuardBG -340, IOBpredBG 39, UAMpredBG 39; 31 add'l carbs req w\/in 45m; minGuardBG -340<95","COB":0,"IOB":2.031,"carbsReq":31,"carbsReqWithin":45,"duration":120,"rate":0,"timestamp":"2024-01-03T12:28:24.086Z"}}