{"algorithm":"OpenAPSSMBDynamicISFPlugin","input":{"glucoseStatus":{"glucose":138,"noise":0,"delta":16.06,"short_avgdelta":16.06,"long_avgdelta":13.12,"date":1704111771000},"currenttemp":{"temp":"absolute","duration":20,"rate":1,"minutesrunning":10},"iob_data":[{"iob":0.231,"basaliob":-0.133,"bolussnooze":1.0E-4,"activity":9.0E-4,"lastBolusTime":1704111806467,"time":"2024-01-01T12:23:35.703Z","iobWithZeroTemp":{"iob":0.231,"basaliob":-0.133,"bolussnooze":1.0E-4,"activity":9.0E-4,"lastBolusTime":1704111806467,"time":"2024-01-01T12:23:35.703Z"}},{"iob":0.226,"basaliob":-0.118,"bolussnooze":0,"activity":0.0013,"lastBolusTime":1704111806467,"time":"2024-01-01T12:28:35.703Z","iobWithZeroTemp":{"iob":0.209,"basaliob":-0.135,"bolussnooze":0,"activity":0.0013,"lastBolusTime":1704111806467,"time":"2024-01-01T12:28:35.703Z"}},{"iob":0.218,"basaliob":-0.105,"bolussnooze":0,"activity":0.0016,"lastBolusTime":1704111806467,"time":"2024-01-01T12:33:35.703Z","iobWithZeroTemp":{"iob":0.181,"basaliob":-0.142,"bolussnooze":0,"activity":0.0015,"lastBolusTime":1704111806467,"time":"2024-01-01T12:33:35.703Z"}},{"iob":0.21,"basaliob":-0.093,"bolussnooze":0,"activity":0.0017,"lastBolusTime":1704111806467,"time":"2024-01-01T12:38:35.703Z","iobWithZeroTemp":{"iob":0.152,"basaliob":-0.151,"bolussnooze":0,"activity":0.0015,"lastBolusTime":1704111806467,"time":"2024-01-01T12:38:35.703Z"}},{"iob":0.201,"basaliob":-0.082,"bolussnooze":0,"activity":0.0019,"lastBolusTime":1704111806467,"time":"2024-01-01T12:43:35.703Z","iobWithZeroTemp":{"iob":0.124,"basaliob":-0.159,"bolussnooze":0,"activity":0.0016,"lastBolusTime":1704111806467,"time":"2024-01-01T12:43:35.703Z"}},{"iob":0.192,"basaliob":-0.072,"bolussnooze":0,"activity":0.002,"lastBolusTime":1704111806467,"time":"2024-01-01T12:48:35.703Z","iobWithZeroTemp":{"iob":0.096,"basaliob":-0.168,"bolussnooze":0,"activity":0.0016,"lastBolusTime":1704111806467,"time":"2024-01-01T12:48:35.703Z"}},{"iob":0.181,"basaliob":-0.064,"bolussnooze":0,"activity":0.0021,"lastBolusTime":1704111806467,"time":"2024-01-01T12:53:35.703Z","iobWithZeroTemp":{"iob":0.067,"basaliob":-0.178,"bolussnooze":0,"activity":0.0015,"lastBolusTime":1704111806467,"time":"2024-01-01T12:53:35.703Z"}},{"iob":0.171,"basaliob":-0.056,"bolussnooze":0,"activity":0.002,"lastBolusTime":1704111806467,"time":"2024-01-01T12:58:35.703Z","iobWithZeroTemp":{"iob":0.039,"basaliob":-0.188,"bolussnooze":0,"activity":0.0012,"lastBolusTime":1704111806467,"time":"2024-01-01T12:58:35.703Z"}},{"iob":0.161,"basaliob":-0.049,"bolussnooze":0,"activity":0.002,"lastBolusTime":1704111806467,"time":"2024-01-01T13:03:35.703Z","iobWithZeroTemp":{"iob":0.004,"basaliob":-0.206,"bolussnooze":0,"activity":0.0011,"lastBolusTime":1704111806467,"time":"2024-01-01T13:03:35.703Z"}},{"iob":0.151,"basaliob":-0.043,"bolussnooze":0,"activity":0.002,"lastBolusTime":1704111806467,"time":"2024-01-01T13:08:35.703Z","iobWithZeroTemp":{"iob":-0.029,"basaliob":-0.223,"bolussnooze":0,"activity":8.0E-4,"lastBolusTime":1704111806467,"time":"2024-01-01T13:08:35.703Z"}},{"iob":0.14,"basaliob":-0.038,"bolussnooze":0,"activity":0.002,"lastBolusTime":1704111806467,"time":"2024-01-01T13:13:35.703Z","iobWithZeroTemp":{"iob":-0.063,"basaliob":-0.241,"bolussnooze":0,"activity":6.0E-4,"lastBolusTime":1704111806467,"time":"2024-01-01T13:13:35.703Z"}},{"iob":0.131,"basaliob":-0.033,"bolussnooze":0,"activity":0.0019,"lastBolusTime":1704111806467,"time":"2024-01-01T13:18:35.703Z","iobWithZeroTemp":{"iob":-0.094,"basaliob":-0.258,"bolussnooze":0,"activity":3.0E-4,"lastBolusTime":1704111806467,"time":"2024-01-01T13:18:35.703Z"}},{"iob":0.121,"basaliob":-0.029,"bolussnooze":0,"activity":0.0018,"lastBolusTime":1704111806467,"time":"2024-01-01T13:23:35.703Z","iobWithZeroTemp":{"iob":-0.124,"basaliob":-0.274,"bolussnooze":0,"activity":0,"lastBolusTime":1704111806467,"time":"2024-01-01T13:23:35.703Z"}},{"iob":0.113,"basaliob":-0.025,"bolussnooze":0,"activity":0.0018,"lastBolusTime":1704111806467,"time":"2024-01-01T13:28:35.703Z","iobWithZeroTemp":{"iob":-0.152,"basaliob":-0.29,"bolussnooze":0,"activity":-3.0E-4,"lastBolusTime":1704111806467,"time":"2024-01-01T13:28:35.703Z"}},{"iob":0.105,"basaliob":-0.021,"bolussnooze":0,"activity":0.0017,"lastBolusTime":1704111806467,"time":"2024-01-01T13:33:35.703Z","iobWithZeroTemp":{"iob":-0.178,"basaliob":-0.304,"bolussnooze":0,"activity":-6.0E-4,"lastBolusTime":1704111806467,"time":"2024-01-01T13:33:35.703Z"}},{"iob":0.097,"basaliob":-0.018,"bolussnooze":0,"activity":0.0015,"lastBolusTime":1704111806467,"time":"2024-01-01T13:38:35.703Z","iobWithZeroTemp":{"iob":-0.203,"basaliob":-0.318,"bolussnooze":0,"activity":-0.001,"lastBolusTime":1704111806467,"time":"2024-01-01T13:38:35.703Z"}},{"iob":0.088,"basaliob":-0.016,"bolussnooze":0,"activity":0.0015,"lastBolusTime":1704111806467,"time":"2024-01-01T13:43:35.703Z","iobWithZeroTemp":{"iob":-0.228,"basaliob":-0.332,"bolussnooze":0,"activity":-0.0012,"lastBolusTime":1704111806467,"time":"2024-01-01T13:43:35.703Z"}},{"iob":0.082,"basaliob":-0.013,"bolussnooze":0,"activity":0.0014,"lastBolusTime":1704111806467,"time":"2024-01-01T13:48:35.703Z","iobWithZeroTemp":{"iob":-0.249,"basaliob":-0.344,"bolussnooze":0,"activity":-0.0015,"lastBolusTime":1704111806467,"time":"2024-01-01T13:48:35.703Z"}},{"iob":0.075,"basaliob":-0.011,"bolussnooze":0,"activity":0.0013,"lastBolusTime":1704111806467,"time":"2024-01-01T13:53:35.703Z","iobWithZeroTemp":{"iob":-0.27,"basaliob":-0.356,"bolussnooze":0,"activity":-0.0018,"lastBolusTime":1704111806467,"time":"2024-01-01T13:53:35.703Z"}},{"iob":0.068,"basaliob":-0.01,"bolussnooze":0,"activity":0.0012,"lastBolusTime":1704111806467,"time":"2024-01-01T13:58:35.703Z","iobWithZeroTemp":{"iob":-0.29,"basaliob":-0.368,"bolussnooze":0,"activity":-0.0021,"lastBolusTime":1704111806467,"time":"2024-01-01T13:58:35.703Z"}},{"iob":0.063,"basaliob":-0.008,"bolussnooze":0,"activity":0.0011,"lastBolusTime":1704111806467,"time":"2024-01-01T14:03:35.703Z","iobWithZeroTemp":{"iob":-0.287,"basaliob":-0.358,"bolussnooze":0,"activity":-0.0024,"lastBolusTime":1704111806467,"time":"2024-01-01T14:03:35.703Z"}},{"iob":0.057,"basaliob":-0.007,"bolussnooze":0,"activity":0.001,"lastBolusTime":1704111806467,"time":"2024-01-01T14:08:35.703Z","iobWithZeroTemp":{"iob":-0.283,"basaliob":-0.347,"bolussnooze":0,"activity":-0.0026,"lastBolusTime":1704111806467,"time":"2024-01-01T14:08:35.703Z"}},{"iob":0.053,"basaliob":-0.005,"bolussnooze":0,"activity":0.001,"lastBolusTime":1704111806467,"time":"2024-01-01T14:13:35.703Z","iobWithZeroTemp":{"iob":-0.277,"basaliob":-0.335,"bolussnooze":0,"activity":-0.0027,"lastBolusTime":1704111806467,"time":"2024-01-01T14:13:35.703Z"}},{"iob":0.048,"basaliob":-0.004,"bolussnooze":0,"activity":9.0E-4,"lastBolusTime":1704111806467,"time":"2024-01-01T14:18:35.703Z","iobWithZeroTemp":{"iob":-0.272,"basaliob":-0.324,"bolussnooze":0,"activity":-0.0028,"lastBolusTime":1704111806467,"time":"2024-01-01T14:18:35.703Z"}},{"iob":0.043,"basaliob":-0.004,"bolussnooze":0,"activity":8.0E-4,"lastBolusTime":1704111806467,"time":"2024-01-01T14:23:35.703Z","iobWithZeroTemp":{"iob":-0.267,"basaliob":-0.314,"bolussnooze":0,"activity":-0.0029,"lastBolusTime":1704111806467,"time":"2024-01-01T14:23:35.703Z"}},{"iob":0.039,"basaliob":-0.003,"bolussnooze":0,"activity":8.0E-4,"lastBolusTime":1704111806467,"time":"2024-01-01T14:28:35.703Z","iobWithZeroTemp":{"iob":-0.261,"basaliob":-0.303,"bolussnooze":0,"activity":-0.0029,"lastBolusTime":1704111806467,"time":"2024-01-01T14:28:35.703Z"}},{"iob":0.036,"basaliob":-0.002,"bolussnooze":0,"activity":7.0E-4,"lastBolusTime":1704111806467,"time":"2024-01-01T14:33:35.703Z","iobWithZeroTemp":{"iob":-0.254,"basaliob":-0.292,"bolussnooze":0,"activity":-0.003,"lastBolusTime":1704111806467,"time":"2024-01-01T14:33:35.703Z"}},{"iob":0.032,"basaliob":-0.002,"bolussnooze":0,"activity":6.0E-4,"lastBolusTime":1704111806467,"time":"2024-01-01T14:38:35.703Z","iobWithZeroTemp":{"iob":-0.248,"basaliob":-0.282,"bolussnooze":0,"activity":-0.003,"lastBolusTime":1704111806467,"time":"2024-01-01T14:38:35.703Z"}},{"iob":0.029,"basaliob":-0.001,"bolussnooze":0,"activity":6.0E-4,"lastBolusTime":1704111806467,"time":"2024-01-01T14:43:35.703Z","iobWithZeroTemp":{"iob":-0.242,"basaliob":-0.272,"bolussnooze":0,"activity":-0.0029,"lastBolusTime":1704111806467,"time":"2024-01-01T14:43:35.703Z"}},{"iob":0.026,"basaliob":-0.001,"bolussnooze":0,"activity":5.0E-4,"lastBolusTime":1704111806467,"time":"2024-01-01T14:48:35.703Z","iobWithZeroTemp":{"iob":-0.236,"basaliob":-0.263,"bolussnooze":0,"activity":-0.003,"lastBolusTime":1704111806467,"time":"2024-01-01T14:48:35.703Z"}},{"iob":0.024,"basaliob":0,"bolussnooze":0,"activity":4.0E-4,"lastBolusTime":1704111806467,"time":"2024-01-01T14:53:35.703Z","iobWithZeroTemp":{"iob":-0.229,"basaliob":-0.253,"bolussnooze":0,"activity":-0.003,"lastBolusTime":1704111806467,"time":"2024-01-01T14:53:35.703Z"}},{"iob":0.021,"basaliob":0,"bolussnooze":0,"activity":4.0E-4,"lastBolusTime":1704111806467,"time":"2024-01-01T14:58:35.703Z","iobWithZeroTemp":{"iob":-0.224,"basaliob":-0.245,"bolussnooze":0,"activity":-0.0029,"lastBolusTime":1704111806467,"time":"2024-01-01T14:58:35.703Z"}},{"iob":0.019,"basaliob":0,"bolussnooze":0,"activity":4.0E-4,"lastBolusTime":1704111806467,"time":"2024-01-01T15:03:35.703Z","iobWithZeroTemp":{"iob":-0.218,"basaliob":-0.237,"bolussnooze":0,"activity":-0.0028,"lastBolusTime":1704111806467,"time":"2024-01-01T15:03:35.703Z"}},{"iob":0.017,"basaliob":0,"bolussnooze":0,"activity":4.0E-4,"lastBolusTime":1704111806467,"time":"2024-01-01T15:08:35.703Z","iobWithZeroTemp":{"iob":-0.212,"basaliob":-0.229,"bolussnooze":0,"activity":-0.0027,"lastBolusTime":1704111806467,"time":"2024-01-01T15:08:35.703Z"}},{"iob":0.016,"basaliob":0.001,"bolussnooze":0,"activity":4.0E-4,"lastBolusTime":1704111806467,"time":"2024-01-01T15:13:35.703Z","iobWithZeroTemp":{"iob":-0.206,"basaliob":-0.221,"bolussnooze":0,"activity":-0.0026,"lastBolusTime":1704111806467,"time":"2024-01-01T15:13:35.703Z"}},{"iob":0.015,"basaliob":0.001,"bolussnooze":0,"activity":3.0E-4,"lastBolusTime":1704111806467,"time":"2024-01-01T15:18:35.703Z","iobWithZeroTemp":{"iob":-0.201,"basaliob":-0.215,"bolussnooze":0,"activity":-0.0027,"lastBolusTime":1704111806467,"time":"2024-01-01T15:18:35.703Z"}},{"iob":0.013,"basaliob":0.001,"bolussnooze":0,"activity":3.0E-4,"lastBolusTime":1704111806467,"time":"2024-01-01T15:23:35.703Z","iobWithZeroTemp":{"iob":-0.196,"basaliob":-0.208,"bolussnooze":0,"activity":-0.0026,"lastBolusTime":1704111806467,"time":"2024-01-01T15:23:35.703Z"}},{"iob":0.012,"basaliob":0.001,"bolussnooze":0,"activity":2.0E-4,"lastBolusTime":1704111806467,"time":"2024-01-01T15:28:35.703Z","iobWithZeroTemp":{"iob":-0.192,"basaliob":-0.203,"bolussnooze":0,"activity":-0.0026,"lastBolusTime":1704111806467,"time":"2024-01-01T15:28:35.703Z"}},{"iob":0.011,"basaliob":0.001,"bolussnooze":0,"activity":2.0E-4,"lastBolusTime":1704111806467,"time":"2024-01-01T15:33:35.703Z","iobWithZeroTemp":{"iob":-0.187,"basaliob":-0.197,"bolussnooze":0,"activity":-0.0025,"lastBolusTime":1704111806467,"time":"2024-01-01T15:33:35.703Z"}},{"iob":0.009,"basaliob":0.001,"bolussnooze":0,"activity":2.0E-4,"lastBolusTime":1704111806467,"time":"2024-01-01T15:38:35.703Z","iobWithZeroTemp":{"iob":-0.184,"basaliob":-0.192,"bolussnooze":0,"activity":-0.0024,"lastBolusTime":1704111806467,"time":"2024-01-01T15:38:35.703Z"}},{"iob":0.009,"basaliob":0.001,"bolussnooze":0,"activity":2.0E-4,"lastBolusTime":1704111806467,"time":"2024-01-01T15:43:35.703Z","iobWithZeroTemp":{"iob":-0.179,"basaliob":-0.187,"bolussnooze":0,"activity":-0.0024,"lastBolusTime":1704111806467,"time":"2024-01-01T15:43:35.703Z"}},{"iob":0.008,"basaliob":0.001,"bolussnooze":0,"activity":2.0E-4,"lastBolusTime":1704111806467,"time":"2024-01-01T15:48:35.703Z","iobWithZeroTemp":{"iob":-0.176,"basaliob":-0.183,"bolussnooze":0,"activity":-0.0023,"lastBolusTime":1704111806467,"time":"2024-01-01T15:48:35.703Z"}},{"iob":0.007,"basaliob":0.001,"bolussnooze":0,"activity":1.0E-4,"lastBolusTime":1704111806467,"time":"2024-01-01T15:53:35.703Z","iobWithZeroTemp":{"iob":-0.173,"basaliob":-0.179,"bolussnooze":0,"activity":-0.0023,"lastBolusTime":1704111806467,"time":"2024-01-01T15:53:35.703Z"}},{"iob":0.006,"basaliob":0.001,"bolussnooze":0,"activity":1.0E-4,"lastBolusTime":1704111806467,"time":"2024-01-01T15:58:35.703Z","iobWithZeroTemp":{"iob":-0.17,"basaliob":-0.175,"bolussnooze":0,"activity":-0.0023,"lastBolusTime":1704111806467,"time":"2024-01-01T15:58:35.703Z"}},{"iob":0.006,"basaliob":0.001,"bolussnooze":0,"activity":1.0E-4,"lastBolusTime":1704111806467,"time":"2024-01-01T16:03:35.703Z","iobWithZeroTemp":{"iob":-0.167,"basaliob":-0.172,"bolussnooze":0,"activity":-0.0022,"lastBolusTime":1704111806467,"time":"2024-01-01T16:03:35.703Z"}},{"iob":0.005,"basaliob":0.001,"bolussnooze":0,"activity":1.0E-4,"lastBolusTime":1704111806467,"time":"2024-01-01T16:08:35.703Z","iobWithZeroTemp":{"iob":-0.165,"basaliob":-0.169,"bolussnooze":0,"activity":-0.0022,"lastBolusTime":1704111806467,"time":"2024-01-01T16:08:35.703Z"}},{"iob":0.004,"basaliob":0.001,"bolussnooze":0,"activity":1.0E-4,"lastBolusTime":1704111806467,"time":"2024-01-01T16:13:35.703Z","iobWithZeroTemp":{"iob":-0.163,"basaliob":-0.166,"bolussnooze":0,"activity":-0.0021,"lastBolusTime":1704111806467,"time":"2024-01-01T16:13:35.703Z"}},{"iob":0.004,"basaliob":0.001,"bolussnooze":0,"activity":1.0E-4,"lastBolusTime":1704111806467,"time":"2024-01-01T16:18:35.703Z","iobWithZeroTemp":{"iob":-0.16,"basaliob":-0.163,"bolussnooze":0,"activity":-0.0021,"lastBolusTime":1704111806467,"time":"2024-01-01T16:18:35.703Z"}}],"profile":{"max_iob":10,"type":"current","max_daily_basal":0.35,"max_basal":1,"min_bg":90,"max_bg":90,"target_bg":90,"carb_ratio":8.8,"sens":120,"max_daily_safety_multiplier":3,"current_basal_safety_multiplier":4,"lgsThreshold":95,"high_temptarget_raises_sensitivity":true,"low_temptarget_lowers_sensitivity":true,"sensitivity_raises_target":true,"resistance_lowers_target":true,"adv_target_adjustments":false,"exercise_mode":false,"half_basal_exercise_target":160,"maxCOB":120,"skip_neutral_temps":false,"remainingCarbsCap":90,"enableUAM":true,"A52_risk_enable":false,"SMBInterval":6,"enableSMB_with_COB":false,"enableSMB_with_temptarget":false,"allowSMB_with_high_temptarget":false,"enableSMB_always":false,"enableSMB_after_carbs":true,"maxSMBBasalMinutes":30,"maxUAMSMBBasalMinutes":40,"bolus_increment":0.05,"carbsReqThreshold":2,"current_basal":0.25,"temptargetSet":true,"autosens_max":1.3,"autosens_min":0.7,"variable_sens":144.1,"insulinDivisor":75,"TDD":11.963017904761905},"autosens_data":{"ratio":0.6733291134210244},"meal_data":{"carbs":23,"mealCOB":4.158666666666663,"slopeFromMaxDeviation":0,"slopeFromMinDeviation":1.8955555555555557,"lastBolusTime":1704111806467,"lastCarbTime":1704108949000},"microBolusAllowed":true,"currentTime":1704111816639,"flatBGsDetected":false,"tdd1D":14.612499999999995,"tdd7D":16.776095238095234,"tddLast24H":11.295833333333333,"tddLast4H":2.85,"tddLast8to4H":0.8041666666666667},"output":{"temp":"absolute","bg":138,"tick":"+16","eventualBG":327,"targetBG":90,"insulinReq":1.16,"deliverAt":"2024-01-01T12:23:36.639Z","sensitivityRatio":1.2,"variable_sens":144.1,"predBGs":{"IOB":[138,153,166,177,187,196,203,209,213,216,218,218,217,216,215,214,213,213,212,211,210,210,209,209,208,208,207,207,207,206,206,206,205,205,205,205,205,204],"ZT":[138,137,136,135,134,133,132,131,130,129,128,128,128,128,128,128],"COB":[138,152,164,173,180,185,188,189,188,187,185,184,182,181,180,179,178,176,175,175,174,173,172,171,171,170,170,169,169,168,168,168,167,167,167,166,166,166,166,166,166,165],"UAM":[138,153,168,182,195,207,219,230,241,251,260,269,277,284,291,298,304,309,314,318,321,324,326,328,329,330,330,329,329,329,328,328,328,328,328,328,327]},"reason":"COB: 4.2, Dev: 100, BGI: -1, ISF: 144, CR: 8.8, Target: 90, minPredBG 257, minGuardBG 153, IOBpredBG 204, COBpredBG 165, UAMpredBG 327; Eventual BG 327 >= 90,  insulinReq 1.16; maxBolus 0.1. Waiting 6m 48s to microbolus again. adj. req. rate: 2.62 to maxSafeBasal: 1, temp 1.00 >~ req 1U\/hr. ","COB":4.158666666666663,"IOB":0.231,"timestamp":"2024-01-01T12:23:36.662Z"}}