{"algorithm":"OpenAPSSMBDynamicISFPlugin","input":{"glucoseStatus":{"glucose":92,"noise":0,"delta":0.5,"short_avgdelta":0.5,"long_avgdelta":0.55,"date":1704255176000},"currenttemp":{"temp":"absolute","duration":15,"rate":0,"minutesrunning":15},"iob_data":[{"iob":-0.218,"basaliob":-0.218,"bolussnooze":0,"activity":-0.0021,"lastBolusTime":1704234205897,"time":"2024-01-03T04:13:22.025Z","iobWithZeroTemp":{"iob":-0.218,"basaliob":-0.218,"bolussnooze":0,"activity":-0.0021,"lastBolusTime":1704234205897,"time":"2024-01-03T04:13:22.025Z"}},{"iob":-0.207,"basaliob":-0.207,"bolussnooze":0,"activity":-0.0022,"lastBolusTime":1704234205897,"time":"2024-01-03T04:18:22.025Z","iobWithZeroTemp":{"iob":-0.23,"basaliob":-0.23,"bolussnooze":0,"activity":-0.0022,"lastBolusTime":1704234205897,"time":"2024-01-03T04:18:22.025Z"}},{"iob":-0.197,"basaliob":-0.197,"bolussnooze":0,"activity":-0.0022,"lastBolusTime":1704234205897,"time":"2024-01-03T04:23:22.025Z","iobWithZeroTemp":{"iob":-0.249,"basaliob":-0.249,"bolussnooze":0,"activity":-0.0023,"lastBolusTime":1704234205897,"time":"2024-01-03T04:23:22.025Z"}},{"iob":-0.185,"basaliob":-0.185,"bolussnooze":0,"activity":-0.0022,"lastBolusTime":0,"time":"2024-01-03T04:28:22.025Z","iobWithZeroTemp":{"iob":-0.266,"basaliob":-0.266,"bolussnooze":0,"activity":-0.0024,"lastBolusTime":0,"time":"2024-01-03T04:28:22.025Z"}},{"iob":-0.174,"basaliob":-0.174,"bolussnooze":0,"activity":-0.0022,"lastBolusTime":0,"time":"2024-01-03T04:33:22.025Z","iobWithZeroTemp":{"iob":-0.282,"basaliob":-0.282,"bolussnooze":0,"activity":-0.0026,"lastBolusTime":0,"time":"2024-01-03T04:33:22.025Z"}},{"iob":-0.163,"basaliob":-0.163,"bolussnooze":0,"activity":-0.0022,"lastBolusTime":0,"time":"2024-01-03T04:38:22.025Z","iobWithZeroTemp":{"iob":-0.298,"basaliob":-0.298,"bolussnooze":0,"activity":-0.0028,"lastBolusTime":0,"time":"2024-01-03T04:38:22.025Z"}},{"iob":-0.153,"basaliob":-0.153,"bolussnooze":0,"activity":-0.0021,"lastBolusTime":0,"time":"2024-01-03T04:43:22.025Z","iobWithZeroTemp":{"iob":-0.313,"basaliob":-0.313,"bolussnooze":0,"activity":-0.0029,"lastBolusTime":0,"time":"2024-01-03T04:43:22.025Z"}},{"iob":-0.142,"basaliob":-0.142,"bolussnooze":0,"activity":-0.002,"lastBolusTime":0,"time":"2024-01-03T04:48:22.025Z","iobWithZeroTemp":{"iob":-0.327,"basaliob":-0.327,"bolussnooze":0,"activity":-0.0031,"lastBolusTime":0,"time":"2024-01-03T04:48:22.025Z"}},{"iob":-0.132,"basaliob":-0.132,"bolussnooze":0,"activity":-0.002,"lastBolusTime":0,"time":"2024-01-03T04:53:22.025Z","iobWithZeroTemp":{"iob":-0.34,"basaliob":-0.34,"bolussnooze":0,"activity":-0.0033,"lastBolusTime":0,"time":"2024-01-03T04:53:22.025Z"}},{"iob":-0.123,"basaliob":-0.123,"bolussnooze":0,"activity":-0.0019,"lastBolusTime":0,"time":"2024-01-03T04:58:22.025Z","iobWithZeroTemp":{"iob":-0.353,"basaliob":-0.353,"bolussnooze":0,"activity":-0.0035,"lastBolusTime":0,"time":"2024-01-03T04:58:22.025Z"}},{"iob":-0.114,"basaliob":-0.114,"bolussnooze":0,"activity":-0.0018,"lastBolusTime":0,"time":"2024-01-03T05:03:22.025Z","iobWithZeroTemp":{"iob":-0.361,"basaliob":-0.361,"bolussnooze":0,"activity":-0.0036,"lastBolusTime":0,"time":"2024-01-03T05:03:22.025Z"}},{"iob":-0.105,"basaliob":-0.105,"bolussnooze":0,"activity":-0.0017,"lastBolusTime":0,"time":"2024-01-03T05:08:22.025Z","iobWithZeroTemp":{"iob":-0.367,"basaliob":-0.367,"bolussnooze":0,"activity":-0.0037,"lastBolusTime":0,"time":"2024-01-03T05:08:22.025Z"}},{"iob":-0.097,"basaliob":-0.097,"bolussnooze":0,"activity":-0.0016,"lastBolusTime":0,"time":"2024-01-03T05:13:22.025Z","iobWithZeroTemp":{"iob":-0.373,"basaliob":-0.373,"bolussnooze":0,"activity":-0.0039,"lastBolusTime":0,"time":"2024-01-03T05:13:22.025Z"}},{"iob":-0.089,"basaliob":-0.089,"bolussnooze":0,"activity":-0.0015,"lastBolusTime":0,"time":"2024-01-03T05:18:22.025Z","iobWithZeroTemp":{"iob":-0.379,"basaliob":-0.379,"bolussnooze":0,"activity":-0.004,"lastBolusTime":0,"time":"2024-01-03T05:18:22.025Z"}},{"iob":-0.082,"basaliob":-0.082,"bolussnooze":0,"activity":-0.0014,"lastBolusTime":0,"time":"2024-01-03T05:23:22.025Z","iobWithZeroTemp":{"iob":-0.384,"basaliob":-0.384,"bolussnooze":0,"activity":-0.0041,"lastBolusTime":0,"time":"2024-01-03T05:23:22.025Z"}},{"iob":-0.075,"basaliob":-0.075,"bolussnooze":0,"activity":-0.0013,"lastBolusTime":0,"time":"2024-01-03T05:28:22.025Z","iobWithZeroTemp":{"iob":-0.388,"basaliob":-0.388,"bolussnooze":0,"activity":-0.0042,"lastBolusTime":0,"time":"2024-01-03T05:28:22.025Z"}},{"iob":-0.069,"basaliob":-0.069,"bolussnooze":0,"activity":-0.0012,"lastBolusTime":0,"time":"2024-01-03T05:33:22.025Z","iobWithZeroTemp":{"iob":-0.392,"basaliob":-0.392,"bolussnooze":0,"activity":-0.0042,"lastBolusTime":0,"time":"2024-01-03T05:33:22.025Z"}},{"iob":-0.063,"basaliob":-0.063,"bolussnooze":0,"activity":-0.0011,"lastBolusTime":0,"time":"2024-01-03T05:38:22.025Z","iobWithZeroTemp":{"iob":-0.396,"basaliob":-0.396,"bolussnooze":0,"activity":-0.0043,"lastBolusTime":0,"time":"2024-01-03T05:38:22.025Z"}},{"iob":-0.057,"basaliob":-0.057,"bolussnooze":0,"activity":-0.0011,"lastBolusTime":0,"time":"2024-01-03T05:43:22.025Z","iobWithZeroTemp":{"iob":-0.398,"basaliob":-0.398,"bolussnooze":0,"activity":-0.0045,"lastBolusTime":0,"time":"2024-01-03T05:43:22.025Z"}},{"iob":-0.052,"basaliob":-0.052,"bolussnooze":0,"activity":-0.001,"lastBolusTime":0,"time":"2024-01-03T05:48:22.025Z","iobWithZeroTemp":{"iob":-0.401,"basaliob":-0.401,"bolussnooze":0,"activity":-0.0045,"lastBolusTime":0,"time":"2024-01-03T05:48:22.025Z"}},{"iob":-0.048,"basaliob":-0.048,"bolussnooze":0,"activity":-9.0E-4,"lastBolusTime":0,"time":"2024-01-03T05:53:22.025Z","iobWithZeroTemp":{"iob":-0.405,"basaliob":-0.405,"bolussnooze":0,"activity":-0.0045,"lastBolusTime":0,"time":"2024-01-03T05:53:22.025Z"}},{"iob":-0.043,"basaliob":-0.043,"bolussnooze":0,"activity":-8.0E-4,"lastBolusTime":0,"time":"2024-01-03T05:58:22.025Z","iobWithZeroTemp":{"iob":-0.406,"basaliob":-0.406,"bolussnooze":0,"activity":-0.0045,"lastBolusTime":0,"time":"2024-01-03T05:58:22.025Z"}},{"iob":-0.039,"basaliob":-0.039,"bolussnooze":0,"activity":-8.0E-4,"lastBolusTime":0,"time":"2024-01-03T06:03:22.025Z","iobWithZeroTemp":{"iob":-0.408,"basaliob":-0.408,"bolussnooze":0,"activity":-0.0047,"lastBolusTime":0,"time":"2024-01-03T06:03:22.025Z"}},{"iob":-0.035,"basaliob":-0.035,"bolussnooze":0,"activity":-7.0E-4,"lastBolusTime":0,"time":"2024-01-03T06:08:22.025Z","iobWithZeroTemp":{"iob":-0.41,"basaliob":-0.41,"bolussnooze":0,"activity":-0.0047,"lastBolusTime":0,"time":"2024-01-03T06:08:22.025Z"}},{"iob":-0.032,"basaliob":-0.032,"bolussnooze":0,"activity":-7.0E-4,"lastBolusTime":0,"time":"2024-01-03T06:13:22.025Z","iobWithZeroTemp":{"iob":-0.412,"basaliob":-0.412,"bolussnooze":0,"activity":-0.0048,"lastBolusTime":0,"time":"2024-01-03T06:13:22.025Z"}},{"iob":-0.029,"basaliob":-0.029,"bolussnooze":0,"activity":-6.0E-4,"lastBolusTime":0,"time":"2024-01-03T06:18:22.025Z","iobWithZeroTemp":{"iob":-0.413,"basaliob":-0.413,"bolussnooze":0,"activity":-0.0048,"lastBolusTime":0,"time":"2024-01-03T06:18:22.025Z"}},{"iob":-0.026,"basaliob":-0.026,"bolussnooze":0,"activity":-5.0E-4,"lastBolusTime":0,"time":"2024-01-03T06:23:22.025Z","iobWithZeroTemp":{"iob":-0.414,"basaliob":-0.414,"bolussnooze":0,"activity":-0.0047,"lastBolusTime":0,"time":"2024-01-03T06:23:22.025Z"}},{"iob":-0.023,"basaliob":-0.023,"bolussnooze":0,"activity":-5.0E-4,"lastBolusTime":0,"time":"2024-01-03T06:28:22.025Z","iobWithZeroTemp":{"iob":-0.415,"basaliob":-0.415,"bolussnooze":0,"activity":-0.0048,"lastBolusTime":0,"time":"2024-01-03T06:28:22.025Z"}},{"iob":-0.021,"basaliob":-0.021,"bolussnooze":0,"activity":-5.0E-4,"lastBolusTime":0,"time":"2024-01-03T06:33:22.025Z","iobWithZeroTemp":{"iob":-0.416,"basaliob":-0.416,"bolussnooze":0,"activity":-0.0049,"lastBolusTime":0,"time":"2024-01-03T06:33:22.025Z"}},{"iob":-0.019,"basaliob":-0.019,"bolussnooze":0,"activity":-4.0E-4,"lastBolusTime":0,"time":"2024-01-03T06:38:22.025Z","iobWithZeroTemp":{"iob":-0.417,"basaliob":-0.417,"bolussnooze":0,"activity":-0.0048,"lastBolusTime":0,"time":"2024-01-03T06:38:22.025Z"}},{"iob":-0.017,"basaliob":-0.017,"bolussnooze":0,"activity":-4.0E-4,"lastBolusTime":0,"time":"2024-01-03T06:43:22.025Z","iobWithZeroTemp":{"iob":-0.418,"basaliob":-0.418,"bolussnooze":0,"activity":-0.0049,"lastBolusTime":0,"time":"2024-01-03T06:43:22.025Z"}},{"iob":-0.015,"basaliob":-0.015,"bolussnooze":0,"activity":-3.0E-4,"lastBolusTime":0,"time":"2024-01-03T06:48:22.025Z","iobWithZeroTemp":{"iob":-0.418,"basaliob":-0.418,"bolussnooze":0,"activity":-0.0049,"lastBolusTime":0,"time":"2024-01-03T06:48:22.025Z"}},{"iob":-0.013,"basaliob":-0.013,"bolussnooze":0,"activity":-3.0E-4,"lastBolusTime":0,"time":"2024-01-03T06:53:22.025Z","iobWithZeroTemp":{"iob":-0.418,"basaliob":-0.418,"bolussnooze":0,"activity":-0.0049,"lastBolusTime":0,"time":"2024-01-03T06:53:22.025Z"}},{"iob":-0.012,"basaliob":-0.012,"bolussnooze":0,"activity":-3.0E-4,"lastBolusTime":0,"time":"2024-01-03T06:58:22.025Z","iobWithZeroTemp":{"iob":-0.419,"basaliob":-0.419,"bolussnooze":0,"activity":-0.0049,"lastBolusTime":0,"time":"2024-01-03T06:58:22.025Z"}},{"iob":-0.011,"basaliob":-0.011,"bolussnooze":0,"activity":-3.0E-4,"lastBolusTime":0,"time":"2024-01-03T07:03:22.025Z","iobWithZeroTemp":{"iob":-0.424,"basaliob":-0.424,"bolussnooze":0,"activity":-0.005,"lastBolusTime":0,"time":"2024-01-03T07:03:22.025Z"}},{"iob":-0.009,"basaliob":-0.009,"bolussnooze":0,"activity":-2.0E-4,"lastBolusTime":0,"time":"2024-01-03T07:08:22.025Z","iobWithZeroTemp":{"iob":-0.428,"basaliob":-0.428,"bolussnooze":0,"activity":-0.0049,"lastBolusTime":0,"time":"2024-01-03T07:08:22.025Z"}},{"iob":-0.008,"basaliob":-0.008,"bolussnooze":0,"activity":-2.0E-4,"lastBolusTime":0,"time":"2024-01-03T07:13:22.025Z","iobWithZeroTemp":{"iob":-0.432,"basaliob":-0.432,"bolussnooze":0,"activity":-0.005,"lastBolusTime":0,"time":"2024-01-03T07:13:22.025Z"}},{"iob":-0.007,"basaliob":-0.007,"bolussnooze":0,"activity":-2.0E-4,"lastBolusTime":0,"time":"2024-01-03T07:18:22.025Z","iobWithZeroTemp":{"iob":-0.436,"basaliob":-0.436,"bolussnooze":0,"activity":-0.005,"lastBolusTime":0,"time":"2024-01-03T07:18:22.025Z"}},{"iob":-0.006,"basaliob":-0.006,"bolussnooze":0,"activity":-2.0E-4,"lastBolusTime":0,"time":"2024-01-03T07:23:22.025Z","iobWithZeroTemp":{"iob":-0.44,"basaliob":-0.44,"bolussnooze":0,"activity":-0.0051,"lastBolusTime":0,"time":"2024-01-03T07:23:22.025Z"}},{"iob":-0.006,"basaliob":-0.006,"bolussnooze":0,"activity":-1.0E-4,"lastBolusTime":0,"time":"2024-01-03T07:28:22.025Z","iobWithZeroTemp":{"iob":-0.444,"basaliob":-0.444,"bolussnooze":0,"activity":-0.0051,"lastBolusTime":0,"time":"2024-01-03T07:28:22.025Z"}},{"iob":-0.005,"basaliob":-0.005,"bolussnooze":0,"activity":-1.0E-4,"lastBolusTime":0,"time":"2024-01-03T07:33:22.025Z","iobWithZeroTemp":{"iob":-0.448,"basaliob":-0.448,"bolussnooze":0,"activity":-0.0051,"lastBolusTime":0,"time":"2024-01-03T07:33:22.025Z"}},{"iob":-0.004,"basaliob":-0.004,"bolussnooze":0,"activity":-1.0E-4,"lastBolusTime":0,"time":"2024-01-03T07:38:22.025Z","iobWithZeroTemp":{"iob":-0.451,"basaliob":-0.451,"bolussnooze":0,"activity":-0.0052,"lastBolusTime":0,"time":"2024-01-03T07:38:22.025Z"}},{"iob":-0.004,"basaliob":-0.004,"bolussnooze":0,"activity":-1.0E-4,"lastBolusTime":0,"time":"2024-01-03T07:43:22.025Z","iobWithZeroTemp":{"iob":-0.454,"basaliob":-0.454,"bolussnooze":0,"activity":-0.0052,"lastBolusTime":0,"time":"2024-01-03T07:43:22.025Z"}},{"iob":-0.003,"basaliob":-0.003,"bolussnooze":0,"activity":-1.0E-4,"lastBolusTime":0,"time":"2024-01-03T07:48:22.025Z","iobWithZeroTemp":{"iob":-0.457,"basaliob":-0.457,"bolussnooze":0,"activity":-0.0053,"lastBolusTime":0,"time":"2024-01-03T07:48:22.025Z"}},{"iob":-0.003,"basaliob":-0.003,"bolussnooze":0,"activity":-1.0E-4,"lastBolusTime":0,"time":"2024-01-03T07:53:22.025Z","iobWithZeroTemp":{"iob":-0.46,"basaliob":-0.46,"bolussnooze":0,"activity":-0.0053,"lastBolusTime":0,"time":"2024-01-03T07:53:22.025Z"}},{"iob":-0.002,"basaliob":-0.002,"bolussnooze":0,"activity":-1.0E-4,"lastBolusTime":0,"time":"2024-01-03T07:58:22.025Z","iobWithZeroTemp":{"iob":-0.462,"basaliob":-0.462,"bolussnooze":0,"activity":-0.0054,"lastBolusTime":0,"time":"2024-01-03T07:58:22.025Z"}},{"iob":-0.002,"basaliob":-0.002,"bolussnooze":0,"activity":-1.0E-4,"lastBolusTime":0,"time":"2024-01-03T08:03:22.025Z","iobWithZeroTemp":{"iob":-0.465,"basaliob":-0.465,"bolussnooze":0,"activity":-0.0054,"lastBolusTime":0,"time":"2024-01-03T08:03:22.025Z"}},{"iob":-0.002,"basaliob":-0.002,"bolussnooze":0,"activity":-1.0E-4,"lastBolusTime":0,"time":"2024-01-03T08:08:22.025Z","iobWithZeroTemp":{"iob":-0.468,"basaliob":-0.468,"bolussnooze":0,"activity":-0.0054,"lastBolusTime":0,"time":"2024-01-03T08:08:22.025Z"}}],"profile":{"max_iob":10,"type":"current","max_daily_basal":0.35,"max_basal":1.05,"min_bg":95,"max_bg":95,"target_bg":95,"carb_ratio":8.8,"sens":120,"max_daily_safety_multiplier":3,"current_basal_safety_multiplier":4,"lgsThreshold":95,"high_temptarget_raises_sensitivity":true,"low_temptarget_lowers_sensitivity":true,"sensitivity_raises_target":true,"resistance_lowers_target":true,"adv_target_adjustments":false,"exercise_mode":false,"half_basal_exercise_target":160,"maxCOB":120,"skip_neutral_temps":false,"remainingCarbsCap":90,"enableUAM":true,"A52_risk_enable":false,"SMBInterval":6,"enableSMB_with_COB":true,"enableSMB_with_temptarget":true,"allowSMB_with_high_temptarget":false,"enableSMB_always":false,"enableSMB_after_carbs":true,"maxSMBBasalMinutes":45,"maxUAMSMBBasalMinutes":40,"bolus_increment":0.05,"carbsReqThreshold":2,"current_basal":0.35,"temptargetSet":false,"autosens_max":1.3,"autosens_min":0.7,"variable_sens":253.1,"insulinDivisor":75,"TDD":8.884149523809524},"autosens_data":{"ratio":0.8657986283669618},"meal_data":{"carbs":0,"mealCOB":0,"slopeFromMaxDeviation":-0.5104285714285715,"slopeFromMinDeviation":0.14663636363636368,"lastBolusTime":1704234205897,"lastCarbTime":0},"microBolusAllowed":true,"currentTime":1704255203707,"flatBGsDetected":false,"tdd1D":14.054166666666665,"tdd7D":14.971726190476188,"tddLast24H":12.9625,"tddLast4H":0.6791666666666668,"tddLast8to4H":0.7333333333333335},"output":{"temp":"absolute","bg":92,"tick":"+1","eventualBG":134,"targetBG":100,"insulinReq":0,"deliverAt":"2024-01-03T04:13:23.707Z","sensitivityRatio":0.8657986283669618,"variable_sens":253.1,"predBGs":{"IOB":[92,93,94,95,96,97,99,101,102,104,106,108,110,111,113,115,116,117,119,120,121,122,123,123,124,125,126,126,127,127,127,128,128,129,129,129,129,130,130,130,130,130,130,130,130,131],"ZT":[92,95,97,100,103,106,109]},"reason":"COB: 0, Dev: -13, BGI: 3, ISF: 253, CR: 8.8, Target: 100, minPredBG 119, minGuardBG 93, IOBpredBG 131; minGuardBG 93<95","COB":0,"IOB":-0.218,"duration":30,"rate":0,"timestamp":"2024-01-03T04:13:23.731Z"}}