zip,scope,key,n,min_us,median_us,p95_us,max_us,visible,fast_layer,kind,image_format,pixel_area,drawn_area,rotated,color_filtered,dyn_bound,text_length,parse_ms,apply_ms,res_count,res_bytes,svg_count
# default, 450x450, 30 reps, seconds pref true
default,frame,-,630,71408,75769,89199,137955,,,,,,,,,,0,389,1,39751,0
default,refresh,-,30,35954,37377,71786,110085,,,,,,,,,,0,389,1,39751,0
default,sum_of_views,-,1,73101,73101,73101,73101,,,,,,,,,,0,389,1,39751,0
default,fast_layer,-,1,58073,58073,58073,58073,,,,,,,,,,0,389,1,39751,0
default,view,second_hand,30,-25977,19599,25526,27421,true,true,image,other,0,202500,true,false,false,0,0,389,1,39751,0
default,view,minute_hand,30,7285,17895,21730,21923,true,true,image,other,0,202500,true,false,false,0,0,389,1,39751,0
default,view,hour_hand,30,-1591,17812,21025,36727,true,true,image,other,0,202500,true,false,false,0,0,389,1,39751,0
default,view,chart,30,-59113,13293,28475,45389,true,false,other,other,0,85950,false,false,false,0,0,389,1,39751,0
default,view,cover_plate,30,-1032,3176,11363,19127,true,true,image,other,0,202500,false,false,false,0,0,389,1,39751,0
default,view,iob1,30,-28503,1361,22522,30056,true,false,text,other,0,5402,false,false,false,2,0,389,1,39751,0
default,view,day_name,30,-13445,1142,10589,18139,true,true,text,other,0,2520,false,false,false,3,0,389,1,39751,0
default,view,basalRate,30,-41567,1073,9582,18761,true,false,text,other,0,3672,false,false,false,8,0,389,1,39751,0
default,view,avg_delta,30,-87865,488,7555,12129,true,false,text,other,0,2376,false,false,false,2,0,389,1,39751,0
default,view,delta,30,-47727,415,13288,43322,true,false,text,other,0,2376,false,false,false,2,0,389,1,39751,0
default,view,direction,30,-47437,270,3596,4696,true,true,image,other,0,2025,false,true,false,0,0,389,1,39751,0
default,view,month,30,-6201,95,5814,8958,true,true,text,other,0,2240,false,false,false,4,0,389,1,39751,0
default,view,cob2,30,-22588,-37,29628,46999,true,false,text,other,0,4995,false,false,false,3,0,389,1,39751,0
default,view,iob2,30,-109308,-151,5870,6929,true,false,text,other,0,5402,false,false,false,4,0,389,1,39751,0
default,view,cob1,30,-40893,-222,6365,41185,true,false,text,other,0,4995,false,false,false,2,0,389,1,39751,0
default,view,loop,30,-18398,-323,4632,8091,true,true,text,other,0,3136,false,false,false,2,0,389,1,39751,0
default,view,sgv,30,-15502,-378,3107,3615,true,true,text,other,0,50400,false,false,false,2,0,389,1,39751,0
default,view,uploader_battery,30,-67128,-380,3604,4131,true,false,text,other,0,2412,false,false,false,3,0,389,1,39751,0
default,view,day,30,-4640,-396,7505,17819,true,true,text,other,0,2520,false,false,false,2,0,389,1,39751,0
default,view,bgi,30,-16539,-812,18347,62748,true,false,text,other,0,2412,false,false,false,4,0,389,1,39751,0
default,view,timestamp,30,-11780,-819,2088,4019,true,true,text,other,0,2204,false,false,false,2,0,389,1,39751,0
# steampunk, 450x450, 30 reps, seconds pref true
steampunk,frame,-,480,132189,137289,169042,382240,,,,,,,,,,0,545,14,711737,0
steampunk,refresh,-,30,28786,30397,31629,35249,,,,,,,,,,0,545,14,711737,0
steampunk,sum_of_views,-,1,139991,139991,139991,139991,,,,,,,,,,0,545,14,711737,0
steampunk,fast_layer,-,1,41007,41007,41007,41007,,,,,,,,,,0,545,14,711737,0
steampunk,view,cover_plate,30,-9836,31509,35699,48175,true,true,image,bitmap,160000,202500,false,false,false,0,0,545,14,711737,0
steampunk,view,freetext1,30,19288,31497,37574,74485,true,false,text,bitmap,160000,202500,false,false,true,0,0,545,14,711737,0
steampunk,view,background,30,8053,30401,50196,67549,true,false,background,bitmap,160000,202500,true,false,true,0,0,545,14,711737,0
steampunk,view,freetext3,30,-181,18440,70225,133530,true,false,text,bitmap,76176,96100,true,false,true,0,0,545,14,711737,0
steampunk,view,chart,30,-998,14845,23887,33611,true,false,other,bitmap,23005,29160,false,false,false,0,0,545,14,711737,0
steampunk,view,minute_hand,30,-7717,3577,9060,72327,true,true,image,bitmap,14400,18225,true,false,false,0,0,545,14,711737,0
steampunk,view,hour_hand,30,-113807,3446,7670,8759,true,true,image,bitmap,14400,18225,true,false,false,0,0,545,14,711737,0
steampunk,view,cob2,30,-34483,2049,46333,181190,true,false,text,other,0,5490,true,false,false,2,0,545,14,711737,0
steampunk,view,iob2,30,-9823,1304,21858,54225,true,false,text,other,0,5490,true,false,false,4,0,545,14,711737,0
steampunk,view,loop,30,-5420,1119,13527,46601,true,true,text,other,0,2025,true,false,true,2,0,545,14,711737,0
steampunk,view,sgv,30,-5327,684,47929,113150,true,true,text,other,0,78750,false,false,false,2,0,545,14,711737,0
steampunk,view,timestamp,30,-95150,672,4428,5346,true,true,text,other,0,2025,true,false,false,2,0,545,14,711737,0
steampunk,view,freetext2,30,-78873,554,6765,10333,true,false,text,other,0,96100,true,false,true,0,0,545,14,711737,0
steampunk,view,freetext4,30,-87956,149,36269,71860,true,false,text,other,0,96100,true,false,true,0,0,545,14,711737,0
steampunk,view,basalRate,30,-44330,10,5633,19347,true,false,text,other,0,5832,false,false,false,8,0,545,14,711737,0
steampunk,view,uploader_battery,30,-21799,-265,70083,78185,true,false,text,other,0,2077,false,false,true,3,0,545,14,711737,0
steampunk+seconds,frame,-,510,135825,140575,162794,268739,,,,,,,,,,0,356,15,733995,0
steampunk+seconds,refresh,-,30,27042,28259,29625,34362,,,,,,,,,,0,356,15,733995,0
steampunk+seconds,sum_of_views,-,1,140995,140995,140995,140995,,,,,,,,,,0,356,15,733995,0
steampunk+seconds,fast_layer,-,1,43246,43246,43246,43246,,,,,,,,,,0,356,15,733995,0
steampunk+seconds,view,cover_plate,30,25252,31251,35538,36302,true,true,image,bitmap,160000,202500,false,false,false,0,0,356,15,733995,0
steampunk+seconds,view,freetext1,30,-62271,30248,64724,69154,true,false,text,bitmap,160000,202500,false,false,true,0,0,356,15,733995,0
steampunk+seconds,view,background,30,15744,28979,35714,55882,true,false,background,bitmap,160000,202500,true,false,true,0,0,356,15,733995,0
steampunk+seconds,view,freetext3,30,-24413,20107,53064,81594,true,false,text,bitmap,76176,96100,true,false,true,0,0,356,15,733995,0
steampunk+seconds,view,chart,30,463,13769,18936,49755,true,false,other,bitmap,23005,29160,false,false,false,0,0,356,15,733995,0
steampunk+seconds,view,hour_hand,30,-206,4460,8164,8842,true,true,image,bitmap,14400,18225,true,false,false,0,0,356,15,733995,0
steampunk+seconds,view,minute_hand,30,-1286,4101,8219,9155,true,true,image,bitmap,14400,18225,true,false,false,0,0,356,15,733995,0
steampunk+seconds,view,second_hand,30,-2557,2981,6527,6936,true,true,image,bitmap,14400,18225,true,false,false,0,0,356,15,733995,0
steampunk+seconds,view,iob2,30,-69706,1465,31699,47314,true,false,text,other,0,5490,true,false,false,4,0,356,15,733995,0
steampunk+seconds,view,cob2,30,-14298,1287,29572,36325,true,false,text,other,0,5490,true,false,false,2,0,356,15,733995,0
steampunk+seconds,view,freetext2,30,-75810,1045,28673,53647,true,false,text,other,0,96100,true,false,true,0,0,356,15,733995,0
steampunk+seconds,view,basalRate,30,-5010,456,5074,20953,true,false,text,other,0,5832,false,false,false,8,0,356,15,733995,0
steampunk+seconds,view,timestamp,30,-8009,413,3566,40665,true,true,text,other,0,2025,true,false,false,2,0,356,15,733995,0
steampunk+seconds,view,uploader_battery,30,-135659,308,5302,77646,true,false,text,other,0,2077,false,false,true,3,0,356,15,733995,0
steampunk+seconds,view,sgv,30,-6212,247,4072,5149,true,true,text,other,0,78750,false,false,false,2,0,356,15,733995,0
steampunk+seconds,view,freetext4,30,-11548,85,14135,24517,true,false,text,other,0,96100,true,false,true,0,0,356,15,733995,0
steampunk+seconds,view,loop,30,-4963,-207,9046,41910,true,true,text,other,0,2025,true,false,true,2,0,356,15,733995,0
# aimico, 450x450, 30 reps, seconds pref true
aimico,frame,-,420,16048,17289,38572,105608,,,,,,,,,,0,739,12,396863,11
aimico,refresh,-,30,30781,32349,34447,35834,,,,,,,,,,0,739,12,396863,11
aimico,sum_of_views,-,1,13617,13617,13617,13617,,,,,,,,,,0,739,12,396863,11
aimico,fast_layer,-,1,12565,12565,12565,12565,,,,,,,,,,0,739,12,396863,11
aimico,view,cover_plate,30,5852,8851,36744,55954,true,true,image,picture,0,202500,false,false,false,0,0,739,12,396863,11
aimico,view,direction,30,-47951,2405,8260,11632,true,true,image,picture,0,202500,false,false,false,0,0,739,12,396863,11
aimico,view,background,30,-1597,1073,9710,18256,true,false,background,other,0,202500,false,false,false,0,0,739,12,396863,11
aimico,view,loop,30,-99458,340,35541,54677,true,true,text,other,0,3136,false,false,false,2,0,739,12,396863,11
aimico,view,sgv,30,-695,305,3334,10434,true,true,text,other,0,15120,false,false,false,3,0,739,12,396863,11
aimico,view,month,30,-47618,302,28449,44883,true,true,text,other,0,3840,false,false,false,4,0,739,12,396863,11
aimico,view,time,30,-28512,207,17934,42976,true,true,text,other,0,30150,false,false,false,5,0,739,12,396863,11
aimico,view,day,30,-50580,193,20642,26338,true,true,text,other,0,2520,false,false,false,2,0,739,12,396863,11
aimico,view,cob2,30,-82164,128,1357,5009,true,false,text,other,0,4144,false,false,false,3,0,739,12,396863,11
aimico,view,iob2,30,-14962,57,10885,30627,true,false,text,other,0,4144,false,false,false,5,0,739,12,396863,11
aimico,view,delta,30,-9407,19,2923,33459,true,false,text,other,0,2479,false,false,false,2,0,739,12,396863,11
aimico,view,timestamp,30,-78210,-38,1105,2416,true,true,text,other,0,2204,false,false,false,2,0,739,12,396863,11
aimico,view,basalRate,30,-90247,-63,11427,23748,true,false,text,other,0,4032,false,false,false,8,0,739,12,396863,11
aimico,view,uploader_battery,30,-94194,-162,1128,2701,true,false,text,other,0,2479,false,false,false,3,0,739,12,396863,11
# analog_gwatch, 450x450, 30 reps, seconds pref true
analog_gwatch,frame,-,630,86284,93130,105144,142067,,,,,,,,,,0,396,4,133354,3
analog_gwatch,refresh,-,30,31823,33146,76478,125538,,,,,,,,,,0,396,4,133354,3
analog_gwatch,sum_of_views,-,1,87519,87519,87519,87519,,,,,,,,,,0,396,4,133354,3
analog_gwatch,fast_layer,-,1,71182,71182,71182,71182,,,,,,,,,,0,396,4,133354,3
analog_gwatch,view,second_hand,30,22378,30664,42020,49694,true,true,image,other,0,202500,true,true,false,0,0,396,4,133354,3
analog_gwatch,view,hour_hand,30,5603,20558,26159,37640,true,true,image,other,0,202500,true,false,false,0,0,396,4,133354,3
analog_gwatch,view,minute_hand,30,7141,18353,30287,41003,true,true,image,other,0,202500,true,false,false,0,0,396,4,133354,3
analog_gwatch,view,cover_chart,30,-8691,7351,11456,13401,true,false,image,picture,0,202500,false,false,false,0,0,396,4,133354,3
analog_gwatch,view,chart,30,-31751,5847,16754,27177,true,false,other,other,0,34200,false,false,false,0,0,396,4,133354,3
analog_gwatch,view,background,30,-3431,3047,25147,50311,true,false,background,other,0,202500,false,false,false,0,0,396,4,133354,3
analog_gwatch,view,timestamp,30,-21589,1835,10919,15974,true,true,text,other,0,3136,false,false,false,2,0,396,4,133354,3
analog_gwatch,view,iob1,30,-6747,533,13717,24941,true,false,text,picture,0,729,false,false,true,2,0,396,4,133354,3
analog_gwatch,view,direction,30,-8094,411,7119,20941,true,true,image,other,0,1089,false,true,false,0,0,396,4,133354,3
analog_gwatch,view,iob2,30,-31455,291,12960,23610,true,false,text,other,0,4403,false,false,true,4,0,396,4,133354,3
analog_gwatch,view,reservoir,30,-25444,136,5845,17998,true,false,text,other,0,4403,false,false,true,4,0,396,4,133354,3
analog_gwatch,view,uploader_battery,30,-7336,128,4831,20913,true,false,text,other,0,4403,false,false,false,3,0,396,4,133354,3
analog_gwatch,view,day_name,30,-16054,17,11027,22449,true,true,text,other,0,3402,false,false,true,3,0,396,4,133354,3
analog_gwatch,view,sgv,30,-25214,8,8149,13235,true,true,text,other,0,4214,false,false,false,3,0,396,4,133354,3
analog_gwatch,view,basalRate,30,-37776,-142,1784,25876,true,false,text,other,0,4403,false,false,true,8,0,396,4,133354,3
analog_gwatch,view,tempTarget,30,-8154,-147,17051,26503,true,false,text,other,0,4403,false,false,true,3,0,396,4,133354,3
analog_gwatch,view,cob2,30,-13416,-189,3686,4997,true,false,text,other,0,4403,false,false,true,3,0,396,4,133354,3
analog_gwatch,view,avg_delta,30,-14359,-240,7169,13669,true,false,text,other,0,1782,false,false,false,2,0,396,4,133354,3
analog_gwatch,view,delta,30,-5247,-278,6869,12601,true,false,text,other,0,1782,false,false,false,2,0,396,4,133354,3
analog_gwatch,view,loop,30,-17919,-284,14018,25831,true,true,text,other,0,3136,false,false,false,2,0,396,4,133354,3
analog_gwatch,view,day,30,-17196,-380,13511,17049,true,true,text,other,0,3402,false,false,true,2,0,396,4,133354,3
# analog_v2, 450x450, 30 reps, seconds pref true
analog_v2,frame,-,630,84377,147643,423373,1332030,,,,,,,,,,0,399,4,133354,3
analog_v2,refresh,-,30,34970,36859,55019,72342,,,,,,,,,,0,399,4,133354,3
analog_v2,refresh_cold,-,10,39273,79074,165861,210205,,,,,,,,,,0,399,4,133354,3
analog_v2,sum_of_views,-,1,164579,164579,164579,164579,,,,,,,,,,0,399,4,133354,3
analog_v2,fast_layer,-,1,132788,132788,132788,132788,,,,,,,,,,0,399,4,133354,3
analog_v2,view,background,30,-191975,44103,286312,585068,true,false,background,other,0,202500,false,false,false,0,0,399,4,133354,3
analog_v2,view,second_hand,30,1730,40899,351756,508137,true,true,image,other,0,202500,true,true,false,0,0,399,4,133354,3
analog_v2,view,minute_hand,30,-775502,32120,106088,124858,true,true,image,other,0,202500,true,false,false,0,0,399,4,133354,3
analog_v2,view,hour_hand,30,-55815,28317,197743,274218,true,true,image,other,0,202500,true,false,false,0,0,399,4,133354,3
analog_v2,view,day_name,30,-286845,11970,121659,527704,true,true,text,other,0,3402,false,false,true,3,0,399,4,133354,3
analog_v2,view,cover_chart,30,-131738,10840,90065,97454,true,false,image,picture,0,202500,false,false,false,0,0,399,4,133354,3
analog_v2,view,sgv,30,-255584,10727,134897,219477,true,true,text,other,0,4214,false,false,false,3,0,399,4,133354,3
analog_v2,view,chart,30,-116604,7707,75526,158116,true,false,other,other,0,34200,false,false,false,0,0,399,4,133354,3
analog_v2,view,timestamp,30,-671563,6526,129365,239359,true,true,text,other,0,3136,false,false,false,2,0,399,4,133354,3
analog_v2,view,loop,30,-334789,2625,84838,162688,true,true,text,other,0,3136,false,false,false,2,0,399,4,133354,3
analog_v2,view,cob2,30,-364299,1642,56151,73525,true,false,text,other,0,4403,false,false,true,3,0,399,4,133354,3
analog_v2,view,basalRate,30,-609788,1401,134906,1120551,true,false,text,other,0,4403,false,false,true,8,0,399,4,133354,3
analog_v2,view,reservoir,30,-244252,1257,308455,719797,true,false,text,other,0,4403,false,false,true,4,0,399,4,133354,3
analog_v2,view,day,30,-183481,806,106419,647725,true,true,text,other,0,3402,false,false,true,2,0,399,4,133354,3
analog_v2,view,iob2,30,-115101,198,93949,235593,true,false,text,other,0,4403,false,false,true,4,0,399,4,133354,3
analog_v2,view,uploader_battery,30,-504237,0,131121,346095,true,false,text,other,0,4403,false,false,false,3,0,399,4,133354,3
analog_v2,view,delta,30,-430250,-1010,100874,388179,true,false,text,other,0,1782,false,false,false,2,0,399,4,133354,3
analog_v2,view,direction,30,-652496,-1202,128147,506390,true,true,image,other,0,1089,false,true,false,0,0,399,4,133354,3
analog_v2,view,iob1,30,-100870,-8602,83675,128427,true,false,text,picture,0,729,false,false,true,2,0,399,4,133354,3
analog_v2,view,tempTarget,30,-675052,-12739,20318,30749,true,false,text,other,0,4403,false,false,true,3,0,399,4,133354,3
analog_v2,view,avg_delta,30,-379534,-13006,81825,472379,true,false,text,other,0,1782,false,false,false,2,0,399,4,133354,3
analog_v2,encode,copy_450,30,4721,4874,5916,18182,true,true,copy,copy,202500,202500,false,false,false,810000,0,0,0,810000,0
analog_v2,encode,png_450,30,115937,126129,307182,337394,true,true,png,png,202500,202500,false,false,false,70412,0,0,0,70412,0
analog_v2,encode,webp_lossless_450,30,72426,82705,277198,377924,true,true,webp_lossless,webp_lossless,202500,202500,false,false,false,46680,0,0,0,46680,0
analog_v2,encode,webp_90_450,30,160726,181270,576275,1044242,true,true,webp_90,webp_90,202500,202500,false,false,false,27418,0,0,0,27418,0
analog_v2,encode,copy_240,30,1360,1426,1582,1618,true,true,copy,copy,57600,57600,false,false,false,230400,0,0,0,230400,0
analog_v2,encode,png_240,30,36910,46398,142166,216697,true,true,png,png,57600,57600,false,false,false,28318,0,0,0,28318,0
analog_v2,encode,webp_lossless_240,30,19473,20209,30905,32244,true,true,webp_lossless,webp_lossless,57600,57600,false,false,false,21546,0,0,0,21546,0
analog_v2,encode,webp_90_240,30,52893,53669,78719,95553,true,true,webp_90,webp_90,57600,57600,false,false,false,14314,0,0,0,14314,0
analog_v2,encode,copy_120,30,376,386,484,532,true,true,copy,copy,14400,14400,false,false,false,57600,0,0,0,57600,0
analog_v2,encode,png_120,30,8993,9227,19785,25091,true,true,png,png,14400,14400,false,false,false,6818,0,0,0,6818,0
analog_v2,encode,webp_lossless_120,30,5985,6223,8002,8429,true,true,webp_lossless,webp_lossless,14400,14400,false,false,false,4464,0,0,0,4464,0
analog_v2,encode,webp_90_120,30,13913,14260,83968,127959,true,true,webp_90,webp_90,14400,14400,false,false,false,3602,0,0,0,3602,0
analog_v2,encode,copy_60,30,150,623,11140,27931,true,true,copy,copy,3600,3600,false,false,false,14400,0,0,0,14400,0
analog_v2,encode,png_60,30,3407,5751,82876,183385,true,true,png,png,3600,3600,false,false,false,2367,0,0,0,2367,0
analog_v2,encode,webp_lossless_60,30,2766,3165,25372,64586,true,true,webp_lossless,webp_lossless,3600,3600,false,false,false,1574,0,0,0,1574,0
analog_v2,encode,webp_90_60,30,4351,4468,4682,5287,true,true,webp_90,webp_90,3600,3600,false,false,false,1584,0,0,0,1584,0
# analog_v3, 450x450, 30 reps, seconds pref true
analog_v3,frame,-,630,79109,85092,117456,417923,,,,,,,,,,0,1722,4,133354,3
analog_v3,refresh,-,30,47218,104812,210945,307297,,,,,,,,,,0,1722,4,133354,3
analog_v3,refresh_cold,-,10,36625,80071,1170692,1462906,,,,,,,,,,0,1722,4,133354,3
analog_v3,sum_of_views,-,1,85241,85241,85241,85241,,,,,,,,,,0,1722,4,133354,3
analog_v3,fast_layer,-,1,63277,63277,63277,63277,,,,,,,,,,0,1722,4,133354,3
analog_v3,view,second_hand,30,-63840,26664,30409,36534,true,true,image,other,0,202500,true,true,false,0,0,1722,4,133354,3
analog_v3,view,minute_hand,30,-88332,17413,20767,166788,true,true,image,other,0,202500,true,false,false,0,0,1722,4,133354,3
analog_v3,view,hour_hand,30,-177136,16804,73976,122670,true,true,image,other,0,202500,true,false,false,0,0,1722,4,133354,3
analog_v3,view,chart,30,-232084,10292,12660,16078,true,false,other,other,0,34200,false,false,false,0,0,1722,4,133354,3
analog_v3,view,cover_chart,30,-88535,6885,10770,65777,true,false,image,picture,0,202500,false,false,false,0,0,1722,4,133354,3
analog_v3,view,background,30,-2170,1553,5213,14053,true,false,background,other,0,202500,false,false,false,0,0,1722,4,133354,3
analog_v3,view,direction,30,-14066,1467,15318,31100,true,true,image,other,0,1089,false,true,false,0,0,1722,4,133354,3
analog_v3,view,uploader_battery,30,-41388,925,17979,28572,true,false,text,other,0,4403,false,false,false,3,0,1722,4,133354,3
analog_v3,view,timestamp,30,-30564,766,33639,83845,true,true,text,other,0,3136,false,false,false,2,0,1722,4,133354,3
analog_v3,view,tempTarget,30,-72072,764,65876,333758,true,false,text,other,0,4403,false,false,true,3,0,1722,4,133354,3
analog_v3,view,day,30,-109319,758,35124,75693,true,true,text,other,0,3402,false,false,true,2,0,1722,4,133354,3
analog_v3,view,reservoir,30,-222910,625,61542,74295,true,false,text,other,0,4403,false,false,true,4,0,1722,4,133354,3
analog_v3,view,day_name,30,-33924,534,24052,110544,true,true,text,other,0,3402,false,false,true,3,0,1722,4,133354,3
analog_v3,view,avg_delta,30,-199068,481,40742,50851,true,false,text,other,0,1782,false,false,false,2,0,1722,4,133354,3
analog_v3,view,delta,30,-102442,436,77273,294394,true,false,text,other,0,1782,false,false,false,2,0,1722,4,133354,3
analog_v3,view,iob2,30,-4050,186,57446,116096,true,false,text,other,0,4403,false,false,true,4,0,1722,4,133354,3
analog_v3,view,iob1,30,-4771,158,3871,106969,true,false,text,picture,0,729,false,false,true,2,0,1722,4,133354,3
analog_v3,view,basalRate,30,-18897,69,6878,13196,true,false,text,other,0,4403,false,false,true,8,0,1722,4,133354,3
analog_v3,view,cob2,30,-36508,-410,8199,11544,true,false,text,other,0,4403,false,false,true,2,0,1722,4,133354,3
analog_v3,view,loop,30,-32106,-560,43993,87962,true,true,text,other,0,3136,false,false,false,2,0,1722,4,133354,3
analog_v3,view,sgv,30,-21590,-569,3071,22949,true,true,text,other,0,4214,false,false,false,3,0,1722,4,133354,3
analog_v3,encode,copy_450,5,4813,4874,4905,4909,true,true,copy,copy,202500,202500,false,false,false,810000,0,0,0,810000,0
analog_v3,encode,png_450,5,124297,125777,126048,126104,true,true,png,png,202500,202500,false,false,false,71038,0,0,0,71038,0
analog_v3,encode,webp_lossless_450,5,74576,75212,92598,96888,true,true,webp_lossless,webp_lossless,202500,202500,false,false,false,45886,0,0,0,45886,0
analog_v3,encode,webp_90_450,5,161469,165855,185360,190217,true,true,webp_90,webp_90,202500,202500,false,false,false,27296,0,0,0,27296,0
analog_v3,encode,merge_1_450,5,4098,4181,4309,4334,true,true,merge_1,merge_1,202500,202500,false,false,false,810000,0,0,0,810000,0
analog_v3,encode,merge_2_450,5,5189,5251,5434,5475,true,true,merge_2,merge_2,202500,202500,false,false,false,810000,0,0,0,810000,0
analog_v3,encode,merge_3_450,5,6100,6507,7037,7038,true,true,merge_3,merge_3,202500,202500,false,false,false,810000,0,0,0,810000,0
analog_v3,encode,merge_4_450,5,7110,7445,7746,7767,true,true,merge_4,merge_4,202500,202500,false,false,false,810000,0,0,0,810000,0
analog_v3,encode,merge_6_450,5,9055,9502,9602,9625,true,true,merge_6,merge_6,202500,202500,false,false,false,810000,0,0,0,810000,0
analog_v3,encode,copy_240,5,1407,1426,1546,1548,true,true,copy,copy,57600,57600,false,false,false,230400,0,0,0,230400,0
analog_v3,encode,png_240,5,38673,39768,40472,40602,true,true,png,png,57600,57600,false,false,false,27716,0,0,0,27716,0
analog_v3,encode,webp_lossless_240,5,19510,19924,21469,21834,true,true,webp_lossless,webp_lossless,57600,57600,false,false,false,20126,0,0,0,20126,0
analog_v3,encode,webp_90_240,5,51960,53333,54039,54106,true,true,webp_90,webp_90,57600,57600,false,false,false,13496,0,0,0,13496,0
analog_v3,encode,merge_1_240,5,1386,1573,1732,1732,true,true,merge_1,merge_1,57600,57600,false,false,false,230400,0,0,0,230400,0
analog_v3,encode,merge_2_240,5,1708,1857,1916,1917,true,true,merge_2,merge_2,57600,57600,false,false,false,230400,0,0,0,230400,0
analog_v3,encode,merge_3_240,5,1993,2045,2265,2311,true,true,merge_3,merge_3,57600,57600,false,false,false,230400,0,0,0,230400,0
analog_v3,encode,merge_4_240,5,2562,2646,2796,2826,true,true,merge_4,merge_4,57600,57600,false,false,false,230400,0,0,0,230400,0
analog_v3,encode,merge_6_240,5,2889,3110,3244,3245,true,true,merge_6,merge_6,57600,57600,false,false,false,230400,0,0,0,230400,0
analog_v3,encode,copy_120,5,418,458,464,464,true,true,copy,copy,14400,14400,false,false,false,57600,0,0,0,57600,0
analog_v3,encode,png_120,5,10411,10603,10731,10733,true,true,png,png,14400,14400,false,false,false,6388,0,0,0,6388,0
analog_v3,encode,webp_lossless_120,5,5942,6288,7717,8043,true,true,webp_lossless,webp_lossless,14400,14400,false,false,false,4098,0,0,0,4098,0
analog_v3,encode,webp_90_120,5,13896,14062,14559,14652,true,true,webp_90,webp_90,14400,14400,false,false,false,3432,0,0,0,3432,0
analog_v3,encode,merge_1_120,5,509,540,600,612,true,true,merge_1,merge_1,14400,14400,false,false,false,57600,0,0,0,57600,0
analog_v3,encode,merge_2_120,5,585,604,665,675,true,true,merge_2,merge_2,14400,14400,false,false,false,57600,0,0,0,57600,0
analog_v3,encode,merge_3_120,5,673,707,782,799,true,true,merge_3,merge_3,14400,14400,false,false,false,57600,0,0,0,57600,0
analog_v3,encode,merge_4_120,5,807,834,1039,1052,true,true,merge_4,merge_4,14400,14400,false,false,false,57600,0,0,0,57600,0
analog_v3,encode,merge_6_120,5,953,985,1057,1072,true,true,merge_6,merge_6,14400,14400,false,false,false,57600,0,0,0,57600,0
analog_v3,encode,copy_60,5,159,178,186,188,true,true,copy,copy,3600,3600,false,false,false,14400,0,0,0,14400,0
analog_v3,encode,png_60,5,3495,3548,3688,3700,true,true,png,png,3600,3600,false,false,false,2714,0,0,0,2714,0
analog_v3,encode,webp_lossless_60,5,2866,2922,3084,3118,true,true,webp_lossless,webp_lossless,3600,3600,false,false,false,1682,0,0,0,1682,0
analog_v3,encode,webp_90_60,5,4830,4904,5119,5168,true,true,webp_90,webp_90,3600,3600,false,false,false,1728,0,0,0,1728,0
analog_v3,encode,merge_1_60,5,219,242,460,510,true,true,merge_1,merge_1,3600,3600,false,false,false,14400,0,0,0,14400,0
analog_v3,encode,merge_2_60,5,230,261,427,441,true,true,merge_2,merge_2,3600,3600,false,false,false,14400,0,0,0,14400,0
analog_v3,encode,merge_3_60,5,263,279,335,340,true,true,merge_3,merge_3,3600,3600,false,false,false,14400,0,0,0,14400,0
analog_v3,encode,merge_4_60,5,342,368,463,466,true,true,merge_4,merge_4,3600,3600,false,false,false,14400,0,0,0,14400,0
analog_v3,encode,merge_6_60,5,373,385,396,398,true,true,merge_6,merge_6,3600,3600,false,false,false,14400,0,0,0,14400,0
