{"algorithm":"OpenAPSSMBPlugin","input":{"glucoseStatus":{"glucose":87,"noise":0,"delta":2,"short_avgdelta":-1.37,"long_avgdelta":-1.69,"date":1703574928690},"currenttemp":{"temp":"absolute","duration":115,"rate":0,"minutesrunning":5},"iob_data":[{"iob":0.706,"basaliob":-0.137,"bolussnooze":0,"activity":0.0046,"lastBolusTime":1703574052517,"time":"2023-12-26T07:15:58.465Z","iobWithZeroTemp":{"iob":0.706,"basaliob":-0.137,"bolussnooze":0,"activity":0.0046,"lastBolusTime":1703574052517,"time":"2023-12-26T07:15:58.465Z"}},{"iob":0.683,"basaliob":-0.127,"bolussnooze":0,"activity":0.005,"lastBolusTime":1703574052517,"time":"2023-12-26T07:20:58.465Z","iobWithZeroTemp":{"iob":0.664,"basaliob":-0.146,"bolussnooze":0,"activity":0.005,"lastBolusTime":1703574052517,"time":"2023-12-26T07:20:58.465Z"}},{"iob":0.658,"basaliob":-0.118,"bolussnooze":0,"activity":0.0052,"lastBolusTime":1703574052517,"time":"2023-12-26T07:25:58.465Z","iobWithZeroTemp":{"iob":0.615,"basaliob":-0.161,"bolussnooze":0,"activity":0.0051,"lastBolusTime":1703574052517,"time":"2023-12-26T07:25:58.465Z"}},{"iob":0.631,"basaliob":-0.11,"bolussnooze":0,"activity":0.0054,"lastBolusTime":1703574052517,"time":"2023-12-26T07:30:58.465Z","iobWithZeroTemp":{"iob":0.564,"basaliob":-0.177,"bolussnooze":0,"activity":0.0053,"lastBolusTime":1703574052517,"time":"2023-12-26T07:30:58.465Z"}},{"iob":0.604,"basaliob":-0.102,"bolussnooze":0,"activity":0.0054,"lastBolusTime":1703574052517,"time":"2023-12-26T07:35:58.465Z","iobWithZeroTemp":{"iob":0.514,"basaliob":-0.192,"bolussnooze":0,"activity":0.0052,"lastBolusTime":1703574052517,"time":"2023-12-26T07:35:58.465Z"}},{"iob":0.578,"basaliob":-0.094,"bolussnooze":0,"activity":0.0055,"lastBolusTime":1703574052517,"time":"2023-12-26T07:40:58.465Z","iobWithZeroTemp":{"iob":0.465,"basaliob":-0.207,"bolussnooze":0,"activity":0.0051,"lastBolusTime":1703574052517,"time":"2023-12-26T07:40:58.465Z"}},{"iob":0.549,"basaliob":-0.088,"bolussnooze":0,"activity":0.0055,"lastBolusTime":1703574052517,"time":"2023-12-26T07:45:58.465Z","iobWithZeroTemp":{"iob":0.414,"basaliob":-0.223,"bolussnooze":0,"activity":0.005,"lastBolusTime":1703574052517,"time":"2023-12-26T07:45:58.465Z"}},{"iob":0.523,"basaliob":-0.081,"bolussnooze":0,"activity":0.0053,"lastBolusTime":1703574052517,"time":"2023-12-26T07:50:58.465Z","iobWithZeroTemp":{"iob":0.366,"basaliob":-0.238,"bolussnooze":0,"activity":0.0047,"lastBolusTime":1703574052517,"time":"2023-12-26T07:50:58.465Z"}},{"iob":0.496,"basaliob":-0.075,"bolussnooze":0,"activity":0.0052,"lastBolusTime":1703574052517,"time":"2023-12-26T07:55:58.465Z","iobWithZeroTemp":{"iob":0.319,"basaliob":-0.252,"bolussnooze":0,"activity":0.0044,"lastBolusTime":1703574052517,"time":"2023-12-26T07:55:58.465Z"}},{"iob":0.471,"basaliob":-0.069,"bolussnooze":0,"activity":0.0051,"lastBolusTime":1703574052517,"time":"2023-12-26T08:00:58.465Z","iobWithZeroTemp":{"iob":0.274,"basaliob":-0.266,"bolussnooze":0,"activity":0.0042,"lastBolusTime":1703574052517,"time":"2023-12-26T08:00:58.465Z"}},{"iob":0.445,"basaliob":-0.064,"bolussnooze":0,"activity":0.005,"lastBolusTime":1703574052517,"time":"2023-12-26T08:05:58.465Z","iobWithZeroTemp":{"iob":0.229,"basaliob":-0.28,"bolussnooze":0,"activity":0.0039,"lastBolusTime":1703574052517,"time":"2023-12-26T08:05:58.465Z"}},{"iob":0.42,"basaliob":-0.059,"bolussnooze":0,"activity":0.0049,"lastBolusTime":1703574052517,"time":"2023-12-26T08:10:58.465Z","iobWithZeroTemp":{"iob":0.186,"basaliob":-0.293,"bolussnooze":0,"activity":0.0036,"lastBolusTime":1703574052517,"time":"2023-12-26T08:10:58.465Z"}},{"iob":0.396,"basaliob":-0.055,"bolussnooze":0,"activity":0.0047,"lastBolusTime":1703574052517,"time":"2023-12-26T08:15:58.465Z","iobWithZeroTemp":{"iob":0.144,"basaliob":-0.307,"bolussnooze":0,"activity":0.0033,"lastBolusTime":1703574052517,"time":"2023-12-26T08:15:58.465Z"}},{"iob":0.374,"basaliob":-0.05,"bolussnooze":0,"activity":0.0045,"lastBolusTime":1703574052517,"time":"2023-12-26T08:20:58.465Z","iobWithZeroTemp":{"iob":0.106,"basaliob":-0.318,"bolussnooze":0,"activity":0.0029,"lastBolusTime":1703574052517,"time":"2023-12-26T08:20:58.465Z"}},{"iob":0.351,"basaliob":-0.046,"bolussnooze":0,"activity":0.0043,"lastBolusTime":1703574052517,"time":"2023-12-26T08:25:58.465Z","iobWithZeroTemp":{"iob":0.067,"basaliob":-0.33,"bolussnooze":0,"activity":0.0025,"lastBolusTime":1703574052517,"time":"2023-12-26T08:25:58.465Z"}},{"iob":0.33,"basaliob":-0.043,"bolussnooze":0,"activity":0.0042,"lastBolusTime":1703574052517,"time":"2023-12-26T08:30:58.465Z","iobWithZeroTemp":{"iob":0.031,"basaliob":-0.342,"bolussnooze":0,"activity":0.0023,"lastBolusTime":1703574052517,"time":"2023-12-26T08:30:58.465Z"}},{"iob":0.31,"basaliob":-0.039,"bolussnooze":0,"activity":0.0039,"lastBolusTime":1703574052517,"time":"2023-12-26T08:35:58.465Z","iobWithZeroTemp":{"iob":-0.003,"basaliob":-0.352,"bolussnooze":0,"activity":0.0018,"lastBolusTime":1703574052517,"time":"2023-12-26T08:35:58.465Z"}},{"iob":0.29,"basaliob":-0.036,"bolussnooze":0,"activity":0.0038,"lastBolusTime":1703574052517,"time":"2023-12-26T08:40:58.465Z","iobWithZeroTemp":{"iob":-0.036,"basaliob":-0.362,"bolussnooze":0,"activity":0.0016,"lastBolusTime":1703574052517,"time":"2023-12-26T08:40:58.465Z"}},{"iob":0.272,"basaliob":-0.033,"bolussnooze":0,"activity":0.0036,"lastBolusTime":1703574052517,"time":"2023-12-26T08:45:58.465Z","iobWithZeroTemp":{"iob":-0.067,"basaliob":-0.372,"bolussnooze":0,"activity":0.0012,"lastBolusTime":1703574052517,"time":"2023-12-26T08:45:58.465Z"}},{"iob":0.253,"basaliob":-0.031,"bolussnooze":0,"activity":0.0034,"lastBolusTime":1703574052517,"time":"2023-12-26T08:50:58.465Z","iobWithZeroTemp":{"iob":-0.098,"basaliob":-0.382,"bolussnooze":0,"activity":9.0E-4,"lastBolusTime":1703574052517,"time":"2023-12-26T08:50:58.465Z"}},{"iob":0.237,"basaliob":-0.028,"bolussnooze":0,"activity":0.0032,"lastBolusTime":1703574052517,"time":"2023-12-26T08:55:58.465Z","iobWithZeroTemp":{"iob":-0.125,"basaliob":-0.39,"bolussnooze":0,"activity":5.0E-4,"lastBolusTime":1703574052517,"time":"2023-12-26T08:55:58.465Z"}},{"iob":0.221,"basaliob":-0.026,"bolussnooze":0,"activity":0.0031,"lastBolusTime":1703574052517,"time":"2023-12-26T09:00:58.465Z","iobWithZeroTemp":{"iob":-0.152,"basaliob":-0.399,"bolussnooze":0,"activity":3.0E-4,"lastBolusTime":1703574052517,"time":"2023-12-26T09:00:58.465Z"}},{"iob":0.206,"basaliob":-0.024,"bolussnooze":0,"activity":0.0029,"lastBolusTime":1703574052517,"time":"2023-12-26T09:05:58.465Z","iobWithZeroTemp":{"iob":-0.169,"basaliob":-0.399,"bolussnooze":0,"activity":0,"lastBolusTime":1703574052517,"time":"2023-12-26T09:05:58.465Z"}},{"iob":0.192,"basaliob":-0.022,"bolussnooze":0,"activity":0.0027,"lastBolusTime":1703574052517,"time":"2023-12-26T09:10:58.465Z","iobWithZeroTemp":{"iob":-0.184,"basaliob":-0.398,"bolussnooze":0,"activity":-3.0E-4,"lastBolusTime":1703574052517,"time":"2023-12-26T09:10:58.465Z"}},{"iob":0.179,"basaliob":-0.02,"bolussnooze":0,"activity":0.0025,"lastBolusTime":1703574052517,"time":"2023-12-26T09:15:58.465Z","iobWithZeroTemp":{"iob":-0.198,"basaliob":-0.397,"bolussnooze":0,"activity":-6.0E-4,"lastBolusTime":1703574052517,"time":"2023-12-26T09:15:58.465Z"}},{"iob":0.167,"basaliob":-0.018,"bolussnooze":0,"activity":0.0024,"lastBolusTime":1703574052517,"time":"2023-12-26T09:20:58.465Z","iobWithZeroTemp":{"iob":-0.21,"basaliob":-0.395,"bolussnooze":0,"activity":-8.0E-4,"lastBolusTime":1703574052517,"time":"2023-12-26T09:20:58.465Z"}},{"iob":0.154,"basaliob":-0.017,"bolussnooze":0,"activity":0.0023,"lastBolusTime":1703574052517,"time":"2023-12-26T09:25:58.465Z","iobWithZeroTemp":{"iob":-0.223,"basaliob":-0.394,"bolussnooze":0,"activity":-9.0E-4,"lastBolusTime":1703574052517,"time":"2023-12-26T09:25:58.465Z"}},{"iob":0.144,"basaliob":-0.015,"bolussnooze":0,"activity":0.0021,"lastBolusTime":1703574052517,"time":"2023-12-26T09:30:58.465Z","iobWithZeroTemp":{"iob":-0.233,"basaliob":-0.392,"bolussnooze":0,"activity":-0.0012,"lastBolusTime":1703574052517,"time":"2023-12-26T09:30:58.465Z"}},{"iob":0.133,"basaliob":-0.014,"bolussnooze":0,"activity":0.002,"lastBolusTime":1703574052517,"time":"2023-12-26T09:35:58.465Z","iobWithZeroTemp":{"iob":-0.244,"basaliob":-0.391,"bolussnooze":0,"activity":-0.0013,"lastBolusTime":1703574052517,"time":"2023-12-26T09:35:58.465Z"}},{"iob":0.123,"basaliob":-0.013,"bolussnooze":0,"activity":0.0019,"lastBolusTime":1703574052517,"time":"2023-12-26T09:40:58.465Z","iobWithZeroTemp":{"iob":-0.253,"basaliob":-0.389,"bolussnooze":0,"activity":-0.0015,"lastBolusTime":1703574052517,"time":"2023-12-26T09:40:58.465Z"}},{"iob":0.115,"basaliob":-0.011,"bolussnooze":0,"activity":0.0018,"lastBolusTime":1703574052517,"time":"2023-12-26T09:45:58.465Z","iobWithZeroTemp":{"iob":-0.261,"basaliob":-0.387,"bolussnooze":0,"activity":-0.0016,"lastBolusTime":1703574052517,"time":"2023-12-26T09:45:58.465Z"}},{"iob":0.107,"basaliob":-0.01,"bolussnooze":0,"activity":0.0016,"lastBolusTime":1703574052517,"time":"2023-12-26T09:50:58.465Z","iobWithZeroTemp":{"iob":-0.268,"basaliob":-0.385,"bolussnooze":0,"activity":-0.0018,"lastBolusTime":1703574052517,"time":"2023-12-26T09:50:58.465Z"}},{"iob":0.099,"basaliob":-0.009,"bolussnooze":0,"activity":0.0015,"lastBolusTime":1703574052517,"time":"2023-12-26T09:55:58.465Z","iobWithZeroTemp":{"iob":-0.275,"basaliob":-0.383,"bolussnooze":0,"activity":-0.0019,"lastBolusTime":1703574052517,"time":"2023-12-26T09:55:58.465Z"}},{"iob":0.09,"basaliob":-0.009,"bolussnooze":0,"activity":0.0014,"lastBolusTime":1703574052517,"time":"2023-12-26T10:00:58.465Z","iobWithZeroTemp":{"iob":-0.283,"basaliob":-0.382,"bolussnooze":0,"activity":-0.0021,"lastBolusTime":1703574052517,"time":"2023-12-26T10:00:58.465Z"}},{"iob":0.084,"basaliob":-0.008,"bolussnooze":0,"activity":0.0013,"lastBolusTime":1703574052517,"time":"2023-12-26T10:05:58.465Z","iobWithZeroTemp":{"iob":-0.287,"basaliob":-0.379,"bolussnooze":0,"activity":-0.0022,"lastBolusTime":1703574052517,"time":"2023-12-26T10:05:58.465Z"}},{"iob":0.078,"basaliob":-0.007,"bolussnooze":0,"activity":0.0013,"lastBolusTime":1703574052517,"time":"2023-12-26T10:10:58.465Z","iobWithZeroTemp":{"iob":-0.292,"basaliob":-0.377,"bolussnooze":0,"activity":-0.0022,"lastBolusTime":1703574052517,"time":"2023-12-26T10:10:58.465Z"}},{"iob":0.072,"basaliob":-0.006,"bolussnooze":0,"activity":0.0012,"lastBolusTime":1703574052517,"time":"2023-12-26T10:15:58.465Z","iobWithZeroTemp":{"iob":-0.297,"basaliob":-0.375,"bolussnooze":0,"activity":-0.0023,"lastBolusTime":1703574052517,"time":"2023-12-26T10:15:58.465Z"}},{"iob":0.066,"basaliob":-0.006,"bolussnooze":0,"activity":0.0011,"lastBolusTime":1703574052517,"time":"2023-12-26T10:20:58.465Z","iobWithZeroTemp":{"iob":-0.302,"basaliob":-0.374,"bolussnooze":0,"activity":-0.0024,"lastBolusTime":1703574052517,"time":"2023-12-26T10:20:58.465Z"}},{"iob":0.061,"basaliob":-0.005,"bolussnooze":0,"activity":0.001,"lastBolusTime":1703574052517,"time":"2023-12-26T10:25:58.465Z","iobWithZeroTemp":{"iob":-0.306,"basaliob":-0.372,"bolussnooze":0,"activity":-0.0025,"lastBolusTime":1703574052517,"time":"2023-12-26T10:25:58.465Z"}},{"iob":0.056,"basaliob":-0.005,"bolussnooze":0,"activity":9.0E-4,"lastBolusTime":1703574052517,"time":"2023-12-26T10:30:58.465Z","iobWithZeroTemp":{"iob":-0.309,"basaliob":-0.37,"bolussnooze":0,"activity":-0.0026,"lastBolusTime":1703574052517,"time":"2023-12-26T10:30:58.465Z"}},{"iob":0.052,"basaliob":-0.004,"bolussnooze":0,"activity":9.0E-4,"lastBolusTime":1703574052517,"time":"2023-12-26T10:35:58.465Z","iobWithZeroTemp":{"iob":-0.312,"basaliob":-0.368,"bolussnooze":0,"activity":-0.0026,"lastBolusTime":1703574052517,"time":"2023-12-26T10:35:58.465Z"}},{"iob":0.047,"basaliob":-0.004,"bolussnooze":0,"activity":8.0E-4,"lastBolusTime":1703574052517,"time":"2023-12-26T10:40:58.465Z","iobWithZeroTemp":{"iob":-0.316,"basaliob":-0.367,"bolussnooze":0,"activity":-0.0027,"lastBolusTime":1703574052517,"time":"2023-12-26T10:40:58.465Z"}},{"iob":0.044,"basaliob":-0.003,"bolussnooze":0,"activity":7.0E-4,"lastBolusTime":1703574052517,"time":"2023-12-26T10:45:58.465Z","iobWithZeroTemp":{"iob":-0.318,"basaliob":-0.365,"bolussnooze":0,"activity":-0.0028,"lastBolusTime":1703574052517,"time":"2023-12-26T10:45:58.465Z"}},{"iob":0.04,"basaliob":-0.003,"bolussnooze":0,"activity":7.0E-4,"lastBolusTime":1703574052517,"time":"2023-12-26T10:50:58.465Z","iobWithZeroTemp":{"iob":-0.321,"basaliob":-0.364,"bolussnooze":0,"activity":-0.0027,"lastBolusTime":1703574052517,"time":"2023-12-26T10:50:58.465Z"}},{"iob":0.036,"basaliob":-0.003,"bolussnooze":0,"activity":6.0E-4,"lastBolusTime":1703574052517,"time":"2023-12-26T10:55:58.465Z","iobWithZeroTemp":{"iob":-0.324,"basaliob":-0.363,"bolussnooze":0,"activity":-0.0028,"lastBolusTime":1703574052517,"time":"2023-12-26T10:55:58.465Z"}},{"iob":0.033,"basaliob":-0.003,"bolussnooze":0,"activity":5.0E-4,"lastBolusTime":1703574052517,"time":"2023-12-26T11:00:58.465Z","iobWithZeroTemp":{"iob":-0.325,"basaliob":-0.361,"bolussnooze":0,"activity":-0.0029,"lastBolusTime":1703574052517,"time":"2023-12-26T11:00:58.465Z"}},{"iob":0.031,"basaliob":-0.002,"bolussnooze":0,"activity":6.0E-4,"lastBolusTime":1703574052517,"time":"2023-12-26T11:05:58.465Z","iobWithZeroTemp":{"iob":-0.326,"basaliob":-0.359,"bolussnooze":0,"activity":-0.0028,"lastBolusTime":1703574052517,"time":"2023-12-26T11:05:58.465Z"}},{"iob":0.028,"basaliob":-0.002,"bolussnooze":0,"activity":5.0E-4,"lastBolusTime":1703574052517,"time":"2023-12-26T11:10:58.465Z","iobWithZeroTemp":{"iob":-0.329,"basaliob":-0.359,"bolussnooze":0,"activity":-0.0029,"lastBolusTime":1703574052517,"time":"2023-12-26T11:10:58.465Z"}}],"profile":{"max_iob":10,"type":"current","max_daily_basal":0.35,"max_basal":0.9,"min_bg":130,"max_bg":130,"target_bg":130,"carb_ratio":15,"sens":170,"max_daily_safety_multiplier":3,"current_basal_safety_multiplier":4,"high_temptarget_raises_sensitivity":false,"low_temptarget_lowers_sensitivity":false,"sensitivity_raises_target":true,"resistance_lowers_target":true,"adv_target_adjustments":false,"exercise_mode":false,"half_basal_exercise_target":160,"maxCOB":120,"skip_neutral_temps":false,"remainingCarbsCap":90,"enableUAM":true,"A52_risk_enable":false,"SMBInterval":4,"enableSMB_with_COB":true,"enableSMB_with_temptarget":true,"allowSMB_with_high_temptarget":false,"enableSMB_always":true,"enableSMB_after_carbs":true,"maxSMBBasalMinutes":45,"maxUAMSMBBasalMinutes":120,"bolus_increment":0.05,"carbsReqThreshold":5,"current_basal":0.25,"temptargetSet":true,"autosens_max":1.3},"autosens_data":{"ratio":1.29},"meal_data":{"carbs":0,"mealCOB":0,"slopeFromMaxDeviation":-1.1803333333333335,"slopeFromMinDeviation":0,"lastBolusTime":1703574052517,"lastCarbTime":0},"microBolusAllowed":true,"currentTime":1703574960317,"flatBGsDetected":false},"output":{"temp":"absolute","bg":87,"tick":"+2","eventualBG":39,"targetBG":130,"insulinReq":0,"deliverAt":"2023-12-26T07:16:00.317Z","sensitivityRatio":1.29,"predBGs":{"IOB":[87,86,84,82,79,77,74,71,68,65,62,59,55,52,49,47,44,41,39],"ZT":[87,84,81,77,74,70,67,64,61,58,55,52,50,48,46,44,43,42,41,40,39,39,39,39,39,39,40,40,41,42,43,44,45,46,48,49,51,52,54,56,57,59,61,63,64,66,68,70],"UAM":[87,84,81,78,74,71,67,63,60,56,53,50,47,44,41,39]},"COB":0,"IOB":0.706,"reason":"COB: 0, Dev: 10, BGI: -3, ISF: 132, CR: 15, Target: 130, minPredBG 39, minGuardBG -3, IOBpredBG 39, UAMpredBG 39; 10 add'l carbs req w\/in 10m; minGuardBG -3<85 115m left and 0 ~ req 0U\/hr: no temp required","carbsReq":10,"carbsReqWithin":10,"timestamp":"2023-12-26T07:16:00.347Z"}}