{"algorithm":"OpenAPSSMBPlugin","input":{"glucoseStatus":{"glucose":121,"noise":0,"delta":6,"short_avgdelta":6.02,"long_avgdelta":4.13,"date":1703577328348},"currenttemp":{"temp":"absolute","duration":106,"rate":0,"minutesrunning":14},"iob_data":[{"iob":3.962,"basaliob":-0.335,"bolussnooze":2.8596,"activity":0.0188,"lastBolusTime":1703577047231,"time":"2023-12-26T07:56:02.597Z","iobWithZeroTemp":{"iob":3.962,"basaliob":-0.335,"bolussnooze":2.8596,"activity":0.0188,"lastBolusTime":1703577047231,"time":"2023-12-26T07:56:02.597Z"}},{"iob":3.86,"basaliob":-0.324,"bolussnooze":2.6517,"activity":0.0218,"lastBolusTime":1703577047231,"time":"2023-12-26T08:01:02.597Z","iobWithZeroTemp":{"iob":3.821,"basaliob":-0.363,"bolussnooze":2.6517,"activity":0.0218,"lastBolusTime":1703577047231,"time":"2023-12-26T08:01:02.597Z"}},{"iob":3.746,"basaliob":-0.312,"bolussnooze":2.4314,"activity":0.0241,"lastBolusTime":1703577047231,"time":"2023-12-26T08:06:02.597Z","iobWithZeroTemp":{"iob":3.659,"basaliob":-0.399,"bolussnooze":2.4314,"activity":0.024,"lastBolusTime":1703577047231,"time":"2023-12-26T08:06:02.597Z"}},{"iob":3.62,"basaliob":-0.3,"bolussnooze":2.2088,"activity":0.0258,"lastBolusTime":1703577047231,"time":"2023-12-26T08:11:02.597Z","iobWithZeroTemp":{"iob":3.485,"basaliob":-0.435,"bolussnooze":2.2088,"activity":0.0255,"lastBolusTime":1703577047231,"time":"2023-12-26T08:11:02.597Z"}},{"iob":3.488,"basaliob":-0.287,"bolussnooze":1.9907,"activity":0.027,"lastBolusTime":1703577047231,"time":"2023-12-26T08:16:02.597Z","iobWithZeroTemp":{"iob":3.306,"basaliob":-0.469,"bolussnooze":1.9907,"activity":0.0265,"lastBolusTime":1703577047231,"time":"2023-12-26T08:16:02.597Z"}},{"iob":3.351,"basaliob":-0.274,"bolussnooze":1.7819,"activity":0.0279,"lastBolusTime":1703577047231,"time":"2023-12-26T08:21:02.597Z","iobWithZeroTemp":{"iob":3.123,"basaliob":-0.502,"bolussnooze":1.7819,"activity":0.0272,"lastBolusTime":1703577047231,"time":"2023-12-26T08:21:02.597Z"}},{"iob":3.21,"basaliob":-0.261,"bolussnooze":1.5855,"activity":0.0283,"lastBolusTime":1703577047231,"time":"2023-12-26T08:26:02.597Z","iobWithZeroTemp":{"iob":2.938,"basaliob":-0.533,"bolussnooze":1.5855,"activity":0.0273,"lastBolusTime":1703577047231,"time":"2023-12-26T08:26:02.597Z"}},{"iob":3.068,"basaliob":-0.248,"bolussnooze":1.4033,"activity":0.0286,"lastBolusTime":1703577047231,"time":"2023-12-26T08:31:02.597Z","iobWithZeroTemp":{"iob":2.752,"basaliob":-0.564,"bolussnooze":1.4033,"activity":0.0273,"lastBolusTime":1703577047231,"time":"2023-12-26T08:31:02.597Z"}},{"iob":2.925,"basaliob":-0.236,"bolussnooze":1.236,"activity":0.0285,"lastBolusTime":1703577047231,"time":"2023-12-26T08:36:02.597Z","iobWithZeroTemp":{"iob":2.568,"basaliob":-0.593,"bolussnooze":1.236,"activity":0.0269,"lastBolusTime":1703577047231,"time":"2023-12-26T08:36:02.597Z"}},{"iob":2.783,"basaliob":-0.223,"bolussnooze":1.084,"activity":0.0283,"lastBolusTime":1703577047231,"time":"2023-12-26T08:41:02.597Z","iobWithZeroTemp":{"iob":2.386,"basaliob":-0.62,"bolussnooze":1.084,"activity":0.0264,"lastBolusTime":1703577047231,"time":"2023-12-26T08:41:02.597Z"}},{"iob":2.643,"basaliob":-0.211,"bolussnooze":0.9469,"activity":0.0278,"lastBolusTime":1703577047231,"time":"2023-12-26T08:46:02.597Z","iobWithZeroTemp":{"iob":2.207,"basaliob":-0.647,"bolussnooze":0.9469,"activity":0.0256,"lastBolusTime":1703577047231,"time":"2023-12-26T08:46:02.597Z"}},{"iob":2.505,"basaliob":-0.2,"bolussnooze":0.824,"activity":0.0272,"lastBolusTime":1703577047231,"time":"2023-12-26T08:51:02.597Z","iobWithZeroTemp":{"iob":2.033,"basaliob":-0.672,"bolussnooze":0.824,"activity":0.0246,"lastBolusTime":1703577047231,"time":"2023-12-26T08:51:02.597Z"}},{"iob":2.371,"basaliob":-0.188,"bolussnooze":0.7146,"activity":0.0266,"lastBolusTime":1703577047231,"time":"2023-12-26T08:56:02.597Z","iobWithZeroTemp":{"iob":1.864,"basaliob":-0.695,"bolussnooze":0.7146,"activity":0.0237,"lastBolusTime":1703577047231,"time":"2023-12-26T08:56:02.597Z"}},{"iob":2.24,"basaliob":-0.177,"bolussnooze":0.6177,"activity":0.0258,"lastBolusTime":1703577047231,"time":"2023-12-26T09:01:02.597Z","iobWithZeroTemp":{"iob":1.699,"basaliob":-0.718,"bolussnooze":0.6177,"activity":0.0226,"lastBolusTime":1703577047231,"time":"2023-12-26T09:01:02.597Z"}},{"iob":2.113,"basaliob":-0.167,"bolussnooze":0.5322,"activity":0.0249,"lastBolusTime":1703577047231,"time":"2023-12-26T09:06:02.597Z","iobWithZeroTemp":{"iob":1.557,"basaliob":-0.723,"bolussnooze":0.5322,"activity":0.0213,"lastBolusTime":1703577047231,"time":"2023-12-26T09:06:02.597Z"}},{"iob":1.991,"basaliob":-0.157,"bolussnooze":0.4572,"activity":0.024,"lastBolusTime":1703577047231,"time":"2023-12-26T09:11:02.597Z","iobWithZeroTemp":{"iob":1.42,"basaliob":-0.728,"bolussnooze":0.4572,"activity":0.0202,"lastBolusTime":1703577047231,"time":"2023-12-26T09:11:02.597Z"}},{"iob":1.874,"basaliob":-0.147,"bolussnooze":0.3916,"activity":0.023,"lastBolusTime":1703577047231,"time":"2023-12-26T09:16:02.597Z","iobWithZeroTemp":{"iob":1.291,"basaliob":-0.73,"bolussnooze":0.3916,"activity":0.0189,"lastBolusTime":1703577047231,"time":"2023-12-26T09:16:02.597Z"}},{"iob":1.761,"basaliob":-0.138,"bolussnooze":0.3345,"activity":0.0221,"lastBolusTime":1703577047231,"time":"2023-12-26T09:21:02.597Z","iobWithZeroTemp":{"iob":1.166,"basaliob":-0.733,"bolussnooze":0.3345,"activity":0.0178,"lastBolusTime":1703577047231,"time":"2023-12-26T09:21:02.597Z"}},{"iob":1.653,"basaliob":-0.129,"bolussnooze":0.2849,"activity":0.0211,"lastBolusTime":1703577047231,"time":"2023-12-26T09:26:02.597Z","iobWithZeroTemp":{"iob":1.048,"basaliob":-0.734,"bolussnooze":0.2849,"activity":0.0165,"lastBolusTime":1703577047231,"time":"2023-12-26T09:26:02.597Z"}},{"iob":1.549,"basaliob":-0.121,"bolussnooze":0.242,"activity":0.0202,"lastBolusTime":1703577047231,"time":"2023-12-26T09:31:02.597Z","iobWithZeroTemp":{"iob":0.934,"basaliob":-0.736,"bolussnooze":0.242,"activity":0.0154,"lastBolusTime":1703577047231,"time":"2023-12-26T09:31:02.597Z"}},{"iob":1.451,"basaliob":-0.113,"bolussnooze":0.2049,"activity":0.0192,"lastBolusTime":1703577047231,"time":"2023-12-26T09:36:02.597Z","iobWithZeroTemp":{"iob":0.828,"basaliob":-0.736,"bolussnooze":0.2049,"activity":0.0143,"lastBolusTime":1703577047231,"time":"2023-12-26T09:36:02.597Z"}},{"iob":1.358,"basaliob":-0.105,"bolussnooze":0.1731,"activity":0.0182,"lastBolusTime":1703577047231,"time":"2023-12-26T09:41:02.597Z","iobWithZeroTemp":{"iob":0.727,"basaliob":-0.736,"bolussnooze":0.1731,"activity":0.0131,"lastBolusTime":1703577047231,"time":"2023-12-26T09:41:02.597Z"}},{"iob":1.27,"basaliob":-0.098,"bolussnooze":0.1457,"activity":0.0172,"lastBolusTime":1703577047231,"time":"2023-12-26T09:46:02.597Z","iobWithZeroTemp":{"iob":0.633,"basaliob":-0.735,"bolussnooze":0.1457,"activity":0.012,"lastBolusTime":1703577047231,"time":"2023-12-26T09:46:02.597Z"}},{"iob":1.186,"basaliob":-0.091,"bolussnooze":0.1223,"activity":0.0163,"lastBolusTime":1703577047231,"time":"2023-12-26T09:51:02.597Z","iobWithZeroTemp":{"iob":0.543,"basaliob":-0.734,"bolussnooze":0.1223,"activity":0.0109,"lastBolusTime":1703577047231,"time":"2023-12-26T09:51:02.597Z"}},{"iob":1.106,"basaliob":-0.085,"bolussnooze":0.1024,"activity":0.0155,"lastBolusTime":1703577047231,"time":"2023-12-26T09:56:02.597Z","iobWithZeroTemp":{"iob":0.457,"basaliob":-0.734,"bolussnooze":0.1024,"activity":0.01,"lastBolusTime":1703577047231,"time":"2023-12-26T09:56:02.597Z"}},{"iob":1.031,"basaliob":-0.079,"bolussnooze":0.0854,"activity":0.0145,"lastBolusTime":1703577047231,"time":"2023-12-26T10:01:02.597Z","iobWithZeroTemp":{"iob":0.377,"basaliob":-0.733,"bolussnooze":0.0854,"activity":0.0089,"lastBolusTime":1703577047231,"time":"2023-12-26T10:01:02.597Z"}},{"iob":0.96,"basaliob":-0.074,"bolussnooze":0.0711,"activity":0.0137,"lastBolusTime":1703577047231,"time":"2023-12-26T10:06:02.597Z","iobWithZeroTemp":{"iob":0.302,"basaliob":-0.732,"bolussnooze":0.0711,"activity":0.008,"lastBolusTime":1703577047231,"time":"2023-12-26T10:06:02.597Z"}},{"iob":0.894,"basaliob":-0.068,"bolussnooze":0.0589,"activity":0.0129,"lastBolusTime":1703577047231,"time":"2023-12-26T10:11:02.597Z","iobWithZeroTemp":{"iob":0.232,"basaliob":-0.73,"bolussnooze":0.0589,"activity":0.0071,"lastBolusTime":1703577047231,"time":"2023-12-26T10:11:02.597Z"}},{"iob":0.831,"basaliob":-0.063,"bolussnooze":0.0486,"activity":0.0121,"lastBolusTime":1703577047231,"time":"2023-12-26T10:16:02.597Z","iobWithZeroTemp":{"iob":0.166,"basaliob":-0.728,"bolussnooze":0.0486,"activity":0.0062,"lastBolusTime":1703577047231,"time":"2023-12-26T10:16:02.597Z"}},{"iob":0.772,"basaliob":-0.059,"bolussnooze":0.04,"activity":0.0114,"lastBolusTime":1703577047231,"time":"2023-12-26T10:21:02.597Z","iobWithZeroTemp":{"iob":0.104,"basaliob":-0.727,"bolussnooze":0.04,"activity":0.0055,"lastBolusTime":1703577047231,"time":"2023-12-26T10:21:02.597Z"}},{"iob":0.716,"basaliob":-0.055,"bolussnooze":0.0327,"activity":0.0107,"lastBolusTime":1703577047231,"time":"2023-12-26T10:26:02.597Z","iobWithZeroTemp":{"iob":0.045,"basaliob":-0.726,"bolussnooze":0.0327,"activity":0.0047,"lastBolusTime":1703577047231,"time":"2023-12-26T10:26:02.597Z"}},{"iob":0.665,"basaliob":-0.05,"bolussnooze":0.0267,"activity":0.01,"lastBolusTime":1703577047231,"time":"2023-12-26T10:31:02.597Z","iobWithZeroTemp":{"iob":-0.008,"basaliob":-0.723,"bolussnooze":0.0267,"activity":0.0039,"lastBolusTime":1703577047231,"time":"2023-12-26T10:31:02.597Z"}},{"iob":0.616,"basaliob":-0.047,"bolussnooze":0.0216,"activity":0.0094,"lastBolusTime":1703577047231,"time":"2023-12-26T10:36:02.597Z","iobWithZeroTemp":{"iob":-0.06,"basaliob":-0.723,"bolussnooze":0.0216,"activity":0.0033,"lastBolusTime":1703577047231,"time":"2023-12-26T10:36:02.597Z"}},{"iob":0.571,"basaliob":-0.043,"bolussnooze":0.0174,"activity":0.0088,"lastBolusTime":1703577047231,"time":"2023-12-26T10:41:02.597Z","iobWithZeroTemp":{"iob":-0.107,"basaliob":-0.721,"bolussnooze":0.0174,"activity":0.0026,"lastBolusTime":1703577047231,"time":"2023-12-26T10:41:02.597Z"}},{"iob":0.528,"basaliob":-0.04,"bolussnooze":0.014,"activity":0.0082,"lastBolusTime":1703577047231,"time":"2023-12-26T10:46:02.597Z","iobWithZeroTemp":{"iob":-0.151,"basaliob":-0.719,"bolussnooze":0.014,"activity":0.002,"lastBolusTime":1703577047231,"time":"2023-12-26T10:46:02.597Z"}},{"iob":0.488,"basaliob":-0.037,"bolussnooze":0.0111,"activity":0.0077,"lastBolusTime":1703577047231,"time":"2023-12-26T10:51:02.597Z","iobWithZeroTemp":{"iob":-0.193,"basaliob":-0.718,"bolussnooze":0.0111,"activity":0.0015,"lastBolusTime":1703577047231,"time":"2023-12-26T10:51:02.597Z"}},{"iob":0.451,"basaliob":-0.034,"bolussnooze":0.0088,"activity":0.0072,"lastBolusTime":1703577047231,"time":"2023-12-26T10:56:02.597Z","iobWithZeroTemp":{"iob":-0.231,"basaliob":-0.716,"bolussnooze":0.0088,"activity":9.0E-4,"lastBolusTime":1703577047231,"time":"2023-12-26T10:56:02.597Z"}},{"iob":0.417,"basaliob":-0.031,"bolussnooze":0.0069,"activity":0.0067,"lastBolusTime":1703577047231,"time":"2023-12-26T11:01:02.597Z","iobWithZeroTemp":{"iob":-0.266,"basaliob":-0.714,"bolussnooze":0.0069,"activity":4.0E-4,"lastBolusTime":1703577047231,"time":"2023-12-26T11:01:02.597Z"}},{"iob":0.385,"basaliob":-0.029,"bolussnooze":0.0053,"activity":0.0062,"lastBolusTime":1703577047231,"time":"2023-12-26T11:06:02.597Z","iobWithZeroTemp":{"iob":-0.299,"basaliob":-0.713,"bolussnooze":0.0053,"activity":-1.0E-4,"lastBolusTime":1703577047231,"time":"2023-12-26T11:06:02.597Z"}},{"iob":0.355,"basaliob":-0.027,"bolussnooze":0.0041,"activity":0.0058,"lastBolusTime":1703577047231,"time":"2023-12-26T11:11:02.597Z","iobWithZeroTemp":{"iob":-0.33,"basaliob":-0.712,"bolussnooze":0.0041,"activity":-5.0E-4,"lastBolusTime":1703577047231,"time":"2023-12-26T11:11:02.597Z"}},{"iob":0.328,"basaliob":-0.024,"bolussnooze":0.0031,"activity":0.0054,"lastBolusTime":1703577047231,"time":"2023-12-26T11:16:02.597Z","iobWithZeroTemp":{"iob":-0.358,"basaliob":-0.71,"bolussnooze":0.0031,"activity":-0.001,"lastBolusTime":1703577047231,"time":"2023-12-26T11:16:02.597Z"}},{"iob":0.302,"basaliob":-0.022,"bolussnooze":0.0023,"activity":0.005,"lastBolusTime":1703577047231,"time":"2023-12-26T11:21:02.597Z","iobWithZeroTemp":{"iob":-0.384,"basaliob":-0.708,"bolussnooze":0.0023,"activity":-0.0014,"lastBolusTime":1703577047231,"time":"2023-12-26T11:21:02.597Z"}},{"iob":0.277,"basaliob":-0.021,"bolussnooze":0.0017,"activity":0.0046,"lastBolusTime":1703577047231,"time":"2023-12-26T11:26:02.597Z","iobWithZeroTemp":{"iob":-0.41,"basaliob":-0.708,"bolussnooze":0.0017,"activity":-0.0018,"lastBolusTime":1703577047231,"time":"2023-12-26T11:26:02.597Z"}},{"iob":0.255,"basaliob":-0.019,"bolussnooze":0.0012,"activity":0.0043,"lastBolusTime":1703577047231,"time":"2023-12-26T11:31:02.597Z","iobWithZeroTemp":{"iob":-0.432,"basaliob":-0.706,"bolussnooze":0.0012,"activity":-0.0021,"lastBolusTime":1703577047231,"time":"2023-12-26T11:31:02.597Z"}},{"iob":0.235,"basaliob":-0.017,"bolussnooze":8.0E-4,"activity":0.004,"lastBolusTime":1703577047231,"time":"2023-12-26T11:36:02.597Z","iobWithZeroTemp":{"iob":-0.453,"basaliob":-0.705,"bolussnooze":8.0E-4,"activity":-0.0024,"lastBolusTime":1703577047231,"time":"2023-12-26T11:36:02.597Z"}},{"iob":0.215,"basaliob":-0.016,"bolussnooze":5.0E-4,"activity":0.0037,"lastBolusTime":1703577047231,"time":"2023-12-26T11:41:02.597Z","iobWithZeroTemp":{"iob":-0.473,"basaliob":-0.704,"bolussnooze":5.0E-4,"activity":-0.0027,"lastBolusTime":1703577047231,"time":"2023-12-26T11:41:02.597Z"}},{"iob":0.197,"basaliob":-0.015,"bolussnooze":3.0E-4,"activity":0.0034,"lastBolusTime":1703577047231,"time":"2023-12-26T11:46:02.597Z","iobWithZeroTemp":{"iob":-0.491,"basaliob":-0.703,"bolussnooze":3.0E-4,"activity":-0.0031,"lastBolusTime":1703577047231,"time":"2023-12-26T11:46:02.597Z"}},{"iob":0.181,"basaliob":-0.013,"bolussnooze":2.0E-4,"activity":0.0032,"lastBolusTime":1703577047231,"time":"2023-12-26T11:51:02.597Z","iobWithZeroTemp":{"iob":-0.508,"basaliob":-0.702,"bolussnooze":2.0E-4,"activity":-0.0033,"lastBolusTime":1703577047231,"time":"2023-12-26T11:51:02.597Z"}}],"profile":{"max_iob":10,"type":"current","max_daily_basal":0.7,"max_basal":1.8,"min_bg":100,"max_bg":100,"target_bg":100,"carb_ratio":7.5,"sens":85,"max_daily_safety_multiplier":3,"current_basal_safety_multiplier":4,"high_temptarget_raises_sensitivity":false,"low_temptarget_lowers_sensitivity":false,"sensitivity_raises_target":true,"resistance_lowers_target":true,"adv_target_adjustments":false,"exercise_mode":false,"half_basal_exercise_target":160,"maxCOB":120,"skip_neutral_temps":false,"remainingCarbsCap":90,"enableUAM":true,"A52_risk_enable":false,"SMBInterval":4,"enableSMB_with_COB":true,"enableSMB_with_temptarget":true,"allowSMB_with_high_temptarget":false,"enableSMB_always":true,"enableSMB_after_carbs":true,"maxSMBBasalMinutes":45,"maxUAMSMBBasalMinutes":120,"bolus_increment":0.05,"carbsReqThreshold":5,"current_basal":0.45,"temptargetSet":false,"autosens_max":1.3},"autosens_data":{"ratio":1.3},"meal_data":{"carbs":35,"mealCOB":32.85683823529412,"slopeFromMaxDeviation":0,"slopeFromMinDeviation":1.4003750000000001,"lastBolusTime":1703577047231,"lastCarbTime":1703576391522},"microBolusAllowed":true,"currentTime":1703577364671,"flatBGsDetected":false},"output":{"temp":"absolute","bg":121,"tick":"+6","eventualBG":152,"targetBG":91,"insulinReq":0.8,"deliverAt":"2023-12-26T07:56:04.671Z","sensitivityRatio":1.3,"predBGs":{"IOB":[121,126,129,130,130,128,125,121,116,110,102,94,85,77,68,60,52,45,39],"ZT":[121,115,108,100,92,83,74,65,56,47,39,39,39,39,39,39,39,39,39,39,39,39,39,39,39,39,39,39,39,39,39,39,39,39,39,39,39,39,39,39,39,39,39,39,39,39,39,39],"COB":[121,127,132,136,140,143,146,149,151,154,156,159,162,165,168,171,175,179,182,184,187,189,190,191,192,192,192,191,190,189,187,184,181,178,175,173,170,168,166,163,162,160,158,157,155,154,153,152],"UAM":[121,127,131,134,136,137,137,137,136,134,133,131,128,126,123,120,117,114,110,107,103,99,95,91,87,82,77,73,69,65,61,57,54,51,48,46,43,41,39]},"COB":32.85683823529412,"IOB":3.962,"reason":"COB: 32.9, Dev: 73, BGI: -6, ISF: 65, CR: 7.5, Target: 91, minPredBG 143, minGuardBG 121, IOBpredBG 39, COBpredBG 152, UAMpredBG 39; Eventual BG 152 >= 91,  insulinReq 0.8; maxBolus 0.3; setting 60m low temp of 0U\/h. Microbolusing 0.3U. ","units":0.3,"rate":0,"duration":60,"timestamp":"2023-12-26T07:56:04.691Z"}}