{"algorithm":"OpenAPSSMBPlugin","input":{"glucoseStatus":{"glucose":98,"noise":0,"delta":-0.33,"short_avgdelta":0.04,"long_avgdelta":-1.04,"date":1703571028656},"currenttemp":{"temp":"absolute","duration":20,"rate":0.8,"minutesrunning":10},"iob_data":[{"iob":0.298,"basaliob":-0.318,"bolussnooze":0,"activity":0.0034,"lastBolusTime":1703570781434,"time":"2023-12-26T06:11:00.108Z","iobWithZeroTemp":{"iob":0.298,"basaliob":-0.318,"bolussnooze":0,"activity":0.0034,"lastBolusTime":1703570781434,"time":"2023-12-26T06:11:00.108Z"}},{"iob":0.282,"basaliob":-0.303,"bolussnooze":0,"activity":0.0033,"lastBolusTime":1703570781434,"time":"2023-12-26T06:16:00.108Z","iobWithZeroTemp":{"iob":0.244,"basaliob":-0.341,"bolussnooze":0,"activity":0.0033,"lastBolusTime":1703570781434,"time":"2023-12-26T06:16:00.108Z"}},{"iob":0.266,"basaliob":-0.288,"bolussnooze":0,"activity":0.0031,"lastBolusTime":1703570781434,"time":"2023-12-26T06:21:00.108Z","iobWithZeroTemp":{"iob":0.18,"basaliob":-0.374,"bolussnooze":0,"activity":0.003,"lastBolusTime":1703570781434,"time":"2023-12-26T06:21:00.108Z"}},{"iob":0.251,"basaliob":-0.273,"bolussnooze":0,"activity":0.003,"lastBolusTime":1703570781434,"time":"2023-12-26T06:26:00.108Z","iobWithZeroTemp":{"iob":0.118,"basaliob":-0.406,"bolussnooze":0,"activity":0.0027,"lastBolusTime":1703570781434,"time":"2023-12-26T06:26:00.108Z"}},{"iob":0.235,"basaliob":-0.259,"bolussnooze":0,"activity":0.0029,"lastBolusTime":1703570781434,"time":"2023-12-26T06:31:00.108Z","iobWithZeroTemp":{"iob":0.056,"basaliob":-0.438,"bolussnooze":0,"activity":0.0024,"lastBolusTime":1703570781434,"time":"2023-12-26T06:31:00.108Z"}},{"iob":0.221,"basaliob":-0.245,"bolussnooze":0,"activity":0.0028,"lastBolusTime":1703570781434,"time":"2023-12-26T06:36:00.108Z","iobWithZeroTemp":{"iob":-0.003,"basaliob":-0.469,"bolussnooze":0,"activity":0.0021,"lastBolusTime":1703570781434,"time":"2023-12-26T06:36:00.108Z"}},{"iob":0.208,"basaliob":-0.231,"bolussnooze":0,"activity":0.0027,"lastBolusTime":1703570781434,"time":"2023-12-26T06:41:00.108Z","iobWithZeroTemp":{"iob":-0.06,"basaliob":-0.499,"bolussnooze":0,"activity":0.0017,"lastBolusTime":1703570781434,"time":"2023-12-26T06:41:00.108Z"}},{"iob":0.195,"basaliob":-0.218,"bolussnooze":0,"activity":0.0025,"lastBolusTime":1703570781434,"time":"2023-12-26T06:46:00.108Z","iobWithZeroTemp":{"iob":-0.116,"basaliob":-0.529,"bolussnooze":0,"activity":0.0012,"lastBolusTime":1703570781434,"time":"2023-12-26T06:46:00.108Z"}},{"iob":0.182,"basaliob":-0.205,"bolussnooze":0,"activity":0.0024,"lastBolusTime":1703570781434,"time":"2023-12-26T06:51:00.108Z","iobWithZeroTemp":{"iob":-0.17,"basaliob":-0.557,"bolussnooze":0,"activity":8.0E-4,"lastBolusTime":1703570781434,"time":"2023-12-26T06:51:00.108Z"}},{"iob":0.17,"basaliob":-0.193,"bolussnooze":0,"activity":0.0023,"lastBolusTime":1703570781434,"time":"2023-12-26T06:56:00.108Z","iobWithZeroTemp":{"iob":-0.221,"basaliob":-0.584,"bolussnooze":0,"activity":4.0E-4,"lastBolusTime":1703570781434,"time":"2023-12-26T06:56:00.108Z"}},{"iob":0.159,"basaliob":-0.181,"bolussnooze":0,"activity":0.0022,"lastBolusTime":1703570781434,"time":"2023-12-26T07:01:00.108Z","iobWithZeroTemp":{"iob":-0.27,"basaliob":-0.61,"bolussnooze":0,"activity":0,"lastBolusTime":1703570781434,"time":"2023-12-26T07:01:00.108Z"}},{"iob":0.149,"basaliob":-0.17,"bolussnooze":0,"activity":0.0021,"lastBolusTime":1703570781434,"time":"2023-12-26T07:06:00.108Z","iobWithZeroTemp":{"iob":-0.316,"basaliob":-0.635,"bolussnooze":0,"activity":-4.0E-4,"lastBolusTime":1703570781434,"time":"2023-12-26T07:06:00.108Z"}},{"iob":0.139,"basaliob":-0.159,"bolussnooze":0,"activity":0.0019,"lastBolusTime":1703570781434,"time":"2023-12-26T07:11:00.108Z","iobWithZeroTemp":{"iob":-0.361,"basaliob":-0.659,"bolussnooze":0,"activity":-0.001,"lastBolusTime":1703570781434,"time":"2023-12-26T07:11:00.108Z"}},{"iob":0.129,"basaliob":-0.149,"bolussnooze":0,"activity":0.0018,"lastBolusTime":1703570781434,"time":"2023-12-26T07:16:00.108Z","iobWithZeroTemp":{"iob":-0.403,"basaliob":-0.681,"bolussnooze":0,"activity":-0.0014,"lastBolusTime":1703570781434,"time":"2023-12-26T07:16:00.108Z"}},{"iob":0.121,"basaliob":-0.139,"bolussnooze":0,"activity":0.0017,"lastBolusTime":1703570781434,"time":"2023-12-26T07:21:00.108Z","iobWithZeroTemp":{"iob":-0.443,"basaliob":-0.703,"bolussnooze":0,"activity":-0.0018,"lastBolusTime":1703570781434,"time":"2023-12-26T07:21:00.108Z"}},{"iob":0.112,"basaliob":-0.13,"bolussnooze":0,"activity":0.0016,"lastBolusTime":1703570781434,"time":"2023-12-26T07:26:00.108Z","iobWithZeroTemp":{"iob":-0.481,"basaliob":-0.723,"bolussnooze":0,"activity":-0.0022,"lastBolusTime":1703570781434,"time":"2023-12-26T07:26:00.108Z"}},{"iob":0.104,"basaliob":-0.122,"bolussnooze":0,"activity":0.0015,"lastBolusTime":1703570781434,"time":"2023-12-26T07:31:00.108Z","iobWithZeroTemp":{"iob":-0.517,"basaliob":-0.743,"bolussnooze":0,"activity":-0.0026,"lastBolusTime":1703570781434,"time":"2023-12-26T07:31:00.108Z"}},{"iob":0.097,"basaliob":-0.113,"bolussnooze":0,"activity":0.0014,"lastBolusTime":1703570781434,"time":"2023-12-26T07:36:00.108Z","iobWithZeroTemp":{"iob":-0.551,"basaliob":-0.761,"bolussnooze":0,"activity":-0.003,"lastBolusTime":1703570781434,"time":"2023-12-26T07:36:00.108Z"}},{"iob":0.089,"basaliob":-0.106,"bolussnooze":0,"activity":0.0014,"lastBolusTime":1703570781434,"time":"2023-12-26T07:41:00.108Z","iobWithZeroTemp":{"iob":-0.584,"basaliob":-0.779,"bolussnooze":0,"activity":-0.0033,"lastBolusTime":1703570781434,"time":"2023-12-26T07:41:00.108Z"}},{"iob":0.083,"basaliob":-0.098,"bolussnooze":0,"activity":0.0013,"lastBolusTime":1703570781434,"time":"2023-12-26T07:46:00.108Z","iobWithZeroTemp":{"iob":-0.614,"basaliob":-0.795,"bolussnooze":0,"activity":-0.0037,"lastBolusTime":1703570781434,"time":"2023-12-26T07:46:00.108Z"}},{"iob":0.077,"basaliob":-0.091,"bolussnooze":0,"activity":0.0012,"lastBolusTime":1703570781434,"time":"2023-12-26T07:51:00.108Z","iobWithZeroTemp":{"iob":-0.642,"basaliob":-0.81,"bolussnooze":0,"activity":-0.0041,"lastBolusTime":1703570781434,"time":"2023-12-26T07:51:00.108Z"}},{"iob":0.071,"basaliob":-0.085,"bolussnooze":0,"activity":0.0011,"lastBolusTime":1703570781434,"time":"2023-12-26T07:56:00.108Z","iobWithZeroTemp":{"iob":-0.669,"basaliob":-0.825,"bolussnooze":0,"activity":-0.0044,"lastBolusTime":1703570781434,"time":"2023-12-26T07:56:00.108Z"}},{"iob":0.066,"basaliob":-0.079,"bolussnooze":0,"activity":0.001,"lastBolusTime":1703570781434,"time":"2023-12-26T08:01:00.108Z","iobWithZeroTemp":{"iob":-0.693,"basaliob":-0.838,"bolussnooze":0,"activity":-0.0048,"lastBolusTime":1703570781434,"time":"2023-12-26T08:01:00.108Z"}},{"iob":0.061,"basaliob":-0.073,"bolussnooze":0,"activity":0.001,"lastBolusTime":1703570781434,"time":"2023-12-26T08:06:00.108Z","iobWithZeroTemp":{"iob":-0.717,"basaliob":-0.851,"bolussnooze":0,"activity":-0.005,"lastBolusTime":1703570781434,"time":"2023-12-26T08:06:00.108Z"}},{"iob":0.056,"basaliob":-0.068,"bolussnooze":0,"activity":9.0E-4,"lastBolusTime":1703570781434,"time":"2023-12-26T08:11:00.108Z","iobWithZeroTemp":{"iob":-0.739,"basaliob":-0.863,"bolussnooze":0,"activity":-0.0054,"lastBolusTime":1703570781434,"time":"2023-12-26T08:11:00.108Z"}},{"iob":0.052,"basaliob":-0.063,"bolussnooze":0,"activity":8.0E-4,"lastBolusTime":1703570781434,"time":"2023-12-26T08:16:00.108Z","iobWithZeroTemp":{"iob":-0.759,"basaliob":-0.874,"bolussnooze":0,"activity":-0.0057,"lastBolusTime":1703570781434,"time":"2023-12-26T08:16:00.108Z"}},{"iob":0.048,"basaliob":-0.058,"bolussnooze":0,"activity":8.0E-4,"lastBolusTime":1703570781434,"time":"2023-12-26T08:21:00.108Z","iobWithZeroTemp":{"iob":-0.778,"basaliob":-0.884,"bolussnooze":0,"activity":-0.0059,"lastBolusTime":1703570781434,"time":"2023-12-26T08:21:00.108Z"}},{"iob":0.044,"basaliob":-0.054,"bolussnooze":0,"activity":8.0E-4,"lastBolusTime":1703570781434,"time":"2023-12-26T08:26:00.108Z","iobWithZeroTemp":{"iob":-0.796,"basaliob":-0.894,"bolussnooze":0,"activity":-0.0061,"lastBolusTime":1703570781434,"time":"2023-12-26T08:26:00.108Z"}},{"iob":0.04,"basaliob":-0.05,"bolussnooze":0,"activity":7.0E-4,"lastBolusTime":1703570781434,"time":"2023-12-26T08:31:00.108Z","iobWithZeroTemp":{"iob":-0.814,"basaliob":-0.904,"bolussnooze":0,"activity":-0.0064,"lastBolusTime":1703570781434,"time":"2023-12-26T08:31:00.108Z"}},{"iob":0.037,"basaliob":-0.046,"bolussnooze":0,"activity":7.0E-4,"lastBolusTime":1703570781434,"time":"2023-12-26T08:36:00.108Z","iobWithZeroTemp":{"iob":-0.829,"basaliob":-0.912,"bolussnooze":0,"activity":-0.0065,"lastBolusTime":1703570781434,"time":"2023-12-26T08:36:00.108Z"}},{"iob":0.035,"basaliob":-0.042,"bolussnooze":0,"activity":6.0E-4,"lastBolusTime":1703570781434,"time":"2023-12-26T08:41:00.108Z","iobWithZeroTemp":{"iob":-0.842,"basaliob":-0.919,"bolussnooze":0,"activity":-0.0068,"lastBolusTime":1703570781434,"time":"2023-12-26T08:41:00.108Z"}},{"iob":0.032,"basaliob":-0.039,"bolussnooze":0,"activity":6.0E-4,"lastBolusTime":1703570781434,"time":"2023-12-26T08:46:00.108Z","iobWithZeroTemp":{"iob":-0.856,"basaliob":-0.927,"bolussnooze":0,"activity":-0.0069,"lastBolusTime":1703570781434,"time":"2023-12-26T08:46:00.108Z"}},{"iob":0.029,"basaliob":-0.036,"bolussnooze":0,"activity":5.0E-4,"lastBolusTime":1703570781434,"time":"2023-12-26T08:51:00.108Z","iobWithZeroTemp":{"iob":-0.869,"basaliob":-0.934,"bolussnooze":0,"activity":-0.0072,"lastBolusTime":1703570781434,"time":"2023-12-26T08:51:00.108Z"}},{"iob":0.027,"basaliob":-0.033,"bolussnooze":0,"activity":5.0E-4,"lastBolusTime":1703570781434,"time":"2023-12-26T08:56:00.108Z","iobWithZeroTemp":{"iob":-0.88,"basaliob":-0.94,"bolussnooze":0,"activity":-0.0073,"lastBolusTime":1703570781434,"time":"2023-12-26T08:56:00.108Z"}},{"iob":0.024,"basaliob":-0.031,"bolussnooze":0,"activity":4.0E-4,"lastBolusTime":1703570781434,"time":"2023-12-26T09:01:00.108Z","iobWithZeroTemp":{"iob":-0.892,"basaliob":-0.947,"bolussnooze":0,"activity":-0.0076,"lastBolusTime":1703570781434,"time":"2023-12-26T09:01:00.108Z"}},{"iob":0.023,"basaliob":-0.028,"bolussnooze":0,"activity":4.0E-4,"lastBolusTime":1703570781434,"time":"2023-12-26T09:06:00.108Z","iobWithZeroTemp":{"iob":-0.885,"basaliob":-0.936,"bolussnooze":0,"activity":-0.0077,"lastBolusTime":1703570781434,"time":"2023-12-26T09:06:00.108Z"}},{"iob":0.02,"basaliob":-0.026,"bolussnooze":0,"activity":4.0E-4,"lastBolusTime":1703570781434,"time":"2023-12-26T09:11:00.108Z","iobWithZeroTemp":{"iob":-0.88,"basaliob":-0.926,"bolussnooze":0,"activity":-0.0077,"lastBolusTime":1703570781434,"time":"2023-12-26T09:11:00.108Z"}},{"iob":0.019,"basaliob":-0.024,"bolussnooze":0,"activity":3.0E-4,"lastBolusTime":1703570781434,"time":"2023-12-26T09:16:00.108Z","iobWithZeroTemp":{"iob":-0.872,"basaliob":-0.915,"bolussnooze":0,"activity":-0.0079,"lastBolusTime":1703570781434,"time":"2023-12-26T09:16:00.108Z"}},{"iob":0.017,"basaliob":-0.022,"bolussnooze":0,"activity":3.0E-4,"lastBolusTime":1703570781434,"time":"2023-12-26T09:21:00.108Z","iobWithZeroTemp":{"iob":-0.865,"basaliob":-0.904,"bolussnooze":0,"activity":-0.0079,"lastBolusTime":1703570781434,"time":"2023-12-26T09:21:00.108Z"}},{"iob":0.016,"basaliob":-0.02,"bolussnooze":0,"activity":3.0E-4,"lastBolusTime":1703570781434,"time":"2023-12-26T09:26:00.108Z","iobWithZeroTemp":{"iob":-0.857,"basaliob":-0.893,"bolussnooze":0,"activity":-0.0079,"lastBolusTime":1703570781434,"time":"2023-12-26T09:26:00.108Z"}},{"iob":0.015,"basaliob":-0.018,"bolussnooze":0,"activity":3.0E-4,"lastBolusTime":1703570781434,"time":"2023-12-26T09:31:00.108Z","iobWithZeroTemp":{"iob":-0.849,"basaliob":-0.882,"bolussnooze":0,"activity":-0.0079,"lastBolusTime":1703570781434,"time":"2023-12-26T09:31:00.108Z"}},{"iob":0.013,"basaliob":-0.017,"bolussnooze":0,"activity":2.0E-4,"lastBolusTime":1703570781434,"time":"2023-12-26T09:36:00.108Z","iobWithZeroTemp":{"iob":-0.842,"basaliob":-0.872,"bolussnooze":0,"activity":-0.008,"lastBolusTime":1703570781434,"time":"2023-12-26T09:36:00.108Z"}},{"iob":0.012,"basaliob":-0.015,"bolussnooze":0,"activity":2.0E-4,"lastBolusTime":1703570781434,"time":"2023-12-26T09:41:00.108Z","iobWithZeroTemp":{"iob":-0.834,"basaliob":-0.861,"bolussnooze":0,"activity":-0.008,"lastBolusTime":1703570781434,"time":"2023-12-26T09:41:00.108Z"}},{"iob":0.011,"basaliob":-0.014,"bolussnooze":0,"activity":2.0E-4,"lastBolusTime":1703570781434,"time":"2023-12-26T09:46:00.108Z","iobWithZeroTemp":{"iob":-0.826,"basaliob":-0.851,"bolussnooze":0,"activity":-0.0079,"lastBolusTime":1703570781434,"time":"2023-12-26T09:46:00.108Z"}},{"iob":0.01,"basaliob":-0.013,"bolussnooze":0,"activity":2.0E-4,"lastBolusTime":1703570781434,"time":"2023-12-26T09:51:00.108Z","iobWithZeroTemp":{"iob":-0.819,"basaliob":-0.842,"bolussnooze":0,"activity":-0.0079,"lastBolusTime":1703570781434,"time":"2023-12-26T09:51:00.108Z"}},{"iob":0.009,"basaliob":-0.012,"bolussnooze":0,"activity":2.0E-4,"lastBolusTime":1703570781434,"time":"2023-12-26T09:56:00.108Z","iobWithZeroTemp":{"iob":-0.811,"basaliob":-0.832,"bolussnooze":0,"activity":-0.0078,"lastBolusTime":1703570781434,"time":"2023-12-26T09:56:00.108Z"}},{"iob":0.008,"basaliob":-0.011,"bolussnooze":0,"activity":2.0E-4,"lastBolusTime":1703570781434,"time":"2023-12-26T10:01:00.108Z","iobWithZeroTemp":{"iob":-0.804,"basaliob":-0.823,"bolussnooze":0,"activity":-0.0078,"lastBolusTime":1703570781434,"time":"2023-12-26T10:01:00.108Z"}},{"iob":0.007,"basaliob":-0.01,"bolussnooze":0,"activity":1.0E-4,"lastBolusTime":1703570781434,"time":"2023-12-26T10:06:00.108Z","iobWithZeroTemp":{"iob":-0.797,"basaliob":-0.814,"bolussnooze":0,"activity":-0.0078,"lastBolusTime":1703570781434,"time":"2023-12-26T10:06:00.108Z"}}],"profile":{"max_iob":10,"type":"current","max_daily_basal":0.7,"max_basal":1.8,"min_bg":90,"max_bg":90,"target_bg":90,"carb_ratio":7.5,"sens":85,"max_daily_safety_multiplier":3,"current_basal_safety_multiplier":4,"high_temptarget_raises_sensitivity":false,"low_temptarget_lowers_sensitivity":false,"sensitivity_raises_target":true,"resistance_lowers_target":true,"adv_target_adjustments":false,"exercise_mode":false,"half_basal_exercise_target":160,"maxCOB":120,"skip_neutral_temps":false,"remainingCarbsCap":90,"enableUAM":true,"A52_risk_enable":false,"SMBInterval":4,"enableSMB_with_COB":true,"enableSMB_with_temptarget":true,"allowSMB_with_high_temptarget":false,"enableSMB_always":true,"enableSMB_after_carbs":true,"maxSMBBasalMinutes":45,"maxUAMSMBBasalMinutes":120,"bolus_increment":0.05,"carbsReqThreshold":5,"current_basal":0.45,"temptargetSet":false,"autosens_max":1.3},"autosens_data":{"ratio":1.28},"meal_data":{"carbs":0,"mealCOB":0,"slopeFromMaxDeviation":-0.2700000000000001,"slopeFromMinDeviation":1.3724999999999998,"lastBolusTime":1703570781434,"lastCarbTime":0},"microBolusAllowed":true,"currentTime":1703571062529,"flatBGsDetected":false},"output":{"temp":"absolute","bg":98,"tick":"+0","eventualBG":83,"targetBG":83,"insulinReq":0,"deliverAt":"2023-12-26T06:11:02.529Z","sensitivityRatio":1.28,"predBGs":{"IOB":[98,98,97,97,96,96,95,95,94,94,93,92,92,91,90,90,89,89,88,88,87,87,87,86,86,86,85,85,85,85,84,84,84,84,84,83,83,83,83,83,83,83,83,83,83,83,82],"ZT":[98,97,96,95,94,93,92,92,91,91,91,91,91,91,92,93,93],"UAM":[98,97,96,95,94,93,92,91,90,90,89,88,87,87,86,86,85,85,84,84,83,83,83,82,82,82,81,81,81,81,80,80,80,80,80,79,79,79,79,79,79,79,79,79,79,78]},"COB":0,"IOB":0.298,"reason":"COB: 0, Dev: 5, BGI: -1, ISF: 66, CR: 7.5, Target: 83, minPredBG 85, minGuardBG 78, IOBpredBG 82, UAMpredBG 78; Eventual BG 83 >= 83,  insulinReq 0; setting 30m low temp of 0.12U\/h. ","rate":0.12,"duration":30,"timestamp":"2023-12-26T06:11:02.559Z"}}