{"algorithm":"OpenAPSSMBPlugin","input":{"glucoseStatus":{"glucose":96,"noise":0,"delta":1.33,"short_avgdelta":0.91,"long_avgdelta":0.12,"date":1703573428962},"currenttemp":{"temp":"absolute","duration":25,"rate":0.35,"minutesrunning":5},"iob_data":[{"iob":0.186,"basaliob":-0.251,"bolussnooze":0,"activity":0.0022,"lastBolusTime":1703572560450,"time":"2023-12-26T06:50:45.194Z","iobWithZeroTemp":{"iob":0.186,"basaliob":-0.251,"bolussnooze":0,"activity":0.0022,"lastBolusTime":1703572560450,"time":"2023-12-26T06:50:45.194Z"}},{"iob":0.175,"basaliob":-0.237,"bolussnooze":0,"activity":0.0021,"lastBolusTime":1703572560450,"time":"2023-12-26T06:55:45.194Z","iobWithZeroTemp":{"iob":0.137,"basaliob":-0.275,"bolussnooze":0,"activity":0.0021,"lastBolusTime":1703572560450,"time":"2023-12-26T06:55:45.194Z"}},{"iob":0.165,"basaliob":-0.223,"bolussnooze":0,"activity":0.0021,"lastBolusTime":1703572560450,"time":"2023-12-26T07:00:45.194Z","iobWithZeroTemp":{"iob":0.079,"basaliob":-0.309,"bolussnooze":0,"activity":0.002,"lastBolusTime":1703572560450,"time":"2023-12-26T07:00:45.194Z"}},{"iob":0.154,"basaliob":-0.21,"bolussnooze":0,"activity":0.002,"lastBolusTime":1703572560450,"time":"2023-12-26T07:05:45.194Z","iobWithZeroTemp":{"iob":0.021,"basaliob":-0.343,"bolussnooze":0,"activity":0.0017,"lastBolusTime":1703572560450,"time":"2023-12-26T07:05:45.194Z"}},{"iob":0.145,"basaliob":-0.197,"bolussnooze":0,"activity":0.0019,"lastBolusTime":1703572560450,"time":"2023-12-26T07:10:45.194Z","iobWithZeroTemp":{"iob":-0.034,"basaliob":-0.376,"bolussnooze":0,"activity":0.0014,"lastBolusTime":1703572560450,"time":"2023-12-26T07:10:45.194Z"}},{"iob":0.136,"basaliob":-0.185,"bolussnooze":0,"activity":0.0018,"lastBolusTime":1703572560450,"time":"2023-12-26T07:15:45.194Z","iobWithZeroTemp":{"iob":-0.088,"basaliob":-0.409,"bolussnooze":0,"activity":0.0011,"lastBolusTime":1703572560450,"time":"2023-12-26T07:15:45.194Z"}},{"iob":0.127,"basaliob":-0.174,"bolussnooze":0,"activity":0.0017,"lastBolusTime":1703572560450,"time":"2023-12-26T07:20:45.194Z","iobWithZeroTemp":{"iob":-0.141,"basaliob":-0.442,"bolussnooze":0,"activity":7.0E-4,"lastBolusTime":1703572560450,"time":"2023-12-26T07:20:45.194Z"}},{"iob":0.118,"basaliob":-0.163,"bolussnooze":0,"activity":0.0017,"lastBolusTime":1703572560450,"time":"2023-12-26T07:25:45.194Z","iobWithZeroTemp":{"iob":-0.193,"basaliob":-0.474,"bolussnooze":0,"activity":4.0E-4,"lastBolusTime":1703572560450,"time":"2023-12-26T07:25:45.194Z"}},{"iob":0.111,"basaliob":-0.152,"bolussnooze":0,"activity":0.0016,"lastBolusTime":1703572560450,"time":"2023-12-26T07:30:45.194Z","iobWithZeroTemp":{"iob":-0.241,"basaliob":-0.504,"bolussnooze":0,"activity":0,"lastBolusTime":1703572560450,"time":"2023-12-26T07:30:45.194Z"}},{"iob":0.103,"basaliob":-0.142,"bolussnooze":0,"activity":0.0015,"lastBolusTime":1703572560450,"time":"2023-12-26T07:35:45.194Z","iobWithZeroTemp":{"iob":-0.288,"basaliob":-0.533,"bolussnooze":0,"activity":-4.0E-4,"lastBolusTime":1703572560450,"time":"2023-12-26T07:35:45.194Z"}},{"iob":0.096,"basaliob":-0.133,"bolussnooze":0,"activity":0.0014,"lastBolusTime":1703572560450,"time":"2023-12-26T07:40:45.194Z","iobWithZeroTemp":{"iob":-0.333,"basaliob":-0.562,"bolussnooze":0,"activity":-8.0E-4,"lastBolusTime":1703572560450,"time":"2023-12-26T07:40:45.194Z"}},{"iob":0.089,"basaliob":-0.124,"bolussnooze":0,"activity":0.0013,"lastBolusTime":1703572560450,"time":"2023-12-26T07:45:45.194Z","iobWithZeroTemp":{"iob":-0.376,"basaliob":-0.589,"bolussnooze":0,"activity":-0.0012,"lastBolusTime":1703572560450,"time":"2023-12-26T07:45:45.194Z"}},{"iob":0.084,"basaliob":-0.115,"bolussnooze":0,"activity":0.0012,"lastBolusTime":1703572560450,"time":"2023-12-26T07:50:45.194Z","iobWithZeroTemp":{"iob":-0.416,"basaliob":-0.615,"bolussnooze":0,"activity":-0.0017,"lastBolusTime":1703572560450,"time":"2023-12-26T07:50:45.194Z"}},{"iob":0.078,"basaliob":-0.107,"bolussnooze":0,"activity":0.0012,"lastBolusTime":1703572560450,"time":"2023-12-26T07:55:45.194Z","iobWithZeroTemp":{"iob":-0.454,"basaliob":-0.639,"bolussnooze":0,"activity":-0.002,"lastBolusTime":1703572560450,"time":"2023-12-26T07:55:45.194Z"}},{"iob":0.072,"basaliob":-0.1,"bolussnooze":0,"activity":0.001,"lastBolusTime":1703572560450,"time":"2023-12-26T08:00:45.194Z","iobWithZeroTemp":{"iob":-0.492,"basaliob":-0.664,"bolussnooze":0,"activity":-0.0025,"lastBolusTime":1703572560450,"time":"2023-12-26T08:00:45.194Z"}},{"iob":0.067,"basaliob":-0.093,"bolussnooze":0,"activity":0.001,"lastBolusTime":1703572560450,"time":"2023-12-26T08:05:45.194Z","iobWithZeroTemp":{"iob":-0.526,"basaliob":-0.686,"bolussnooze":0,"activity":-0.0028,"lastBolusTime":1703572560450,"time":"2023-12-26T08:05:45.194Z"}},{"iob":0.062,"basaliob":-0.086,"bolussnooze":0,"activity":9.0E-4,"lastBolusTime":1703572560450,"time":"2023-12-26T08:10:45.194Z","iobWithZeroTemp":{"iob":-0.559,"basaliob":-0.707,"bolussnooze":0,"activity":-0.0032,"lastBolusTime":1703572560450,"time":"2023-12-26T08:10:45.194Z"}},{"iob":0.057,"basaliob":-0.08,"bolussnooze":0,"activity":9.0E-4,"lastBolusTime":1703572560450,"time":"2023-12-26T08:15:45.194Z","iobWithZeroTemp":{"iob":-0.591,"basaliob":-0.728,"bolussnooze":0,"activity":-0.0035,"lastBolusTime":1703572560450,"time":"2023-12-26T08:15:45.194Z"}},{"iob":0.053,"basaliob":-0.074,"bolussnooze":0,"activity":8.0E-4,"lastBolusTime":1703572560450,"time":"2023-12-26T08:20:45.194Z","iobWithZeroTemp":{"iob":-0.62,"basaliob":-0.747,"bolussnooze":0,"activity":-0.0039,"lastBolusTime":1703572560450,"time":"2023-12-26T08:20:45.194Z"}},{"iob":0.049,"basaliob":-0.069,"bolussnooze":0,"activity":7.0E-4,"lastBolusTime":1703572560450,"time":"2023-12-26T08:25:45.194Z","iobWithZeroTemp":{"iob":-0.648,"basaliob":-0.766,"bolussnooze":0,"activity":-0.0043,"lastBolusTime":1703572560450,"time":"2023-12-26T08:25:45.194Z"}},{"iob":0.045,"basaliob":-0.064,"bolussnooze":0,"activity":7.0E-4,"lastBolusTime":1703572560450,"time":"2023-12-26T08:30:45.194Z","iobWithZeroTemp":{"iob":-0.674,"basaliob":-0.783,"bolussnooze":0,"activity":-0.0046,"lastBolusTime":1703572560450,"time":"2023-12-26T08:30:45.194Z"}},{"iob":0.042,"basaliob":-0.059,"bolussnooze":0,"activity":7.0E-4,"lastBolusTime":1703572560450,"time":"2023-12-26T08:35:45.194Z","iobWithZeroTemp":{"iob":-0.698,"basaliob":-0.799,"bolussnooze":0,"activity":-0.0048,"lastBolusTime":1703572560450,"time":"2023-12-26T08:35:45.194Z"}},{"iob":0.038,"basaliob":-0.055,"bolussnooze":0,"activity":6.0E-4,"lastBolusTime":1703572560450,"time":"2023-12-26T08:40:45.194Z","iobWithZeroTemp":{"iob":-0.721,"basaliob":-0.814,"bolussnooze":0,"activity":-0.0052,"lastBolusTime":1703572560450,"time":"2023-12-26T08:40:45.194Z"}},{"iob":0.036,"basaliob":-0.05,"bolussnooze":0,"activity":6.0E-4,"lastBolusTime":1703572560450,"time":"2023-12-26T08:45:45.194Z","iobWithZeroTemp":{"iob":-0.742,"basaliob":-0.828,"bolussnooze":0,"activity":-0.0054,"lastBolusTime":1703572560450,"time":"2023-12-26T08:45:45.194Z"}},{"iob":0.032,"basaliob":-0.047,"bolussnooze":0,"activity":6.0E-4,"lastBolusTime":1703572560450,"time":"2023-12-26T08:50:45.194Z","iobWithZeroTemp":{"iob":-0.763,"basaliob":-0.842,"bolussnooze":0,"activity":-0.0057,"lastBolusTime":1703572560450,"time":"2023-12-26T08:50:45.194Z"}},{"iob":0.03,"basaliob":-0.043,"bolussnooze":0,"activity":5.0E-4,"lastBolusTime":1703572560450,"time":"2023-12-26T08:55:45.194Z","iobWithZeroTemp":{"iob":-0.781,"basaliob":-0.854,"bolussnooze":0,"activity":-0.006,"lastBolusTime":1703572560450,"time":"2023-12-26T08:55:45.194Z"}},{"iob":0.028,"basaliob":-0.04,"bolussnooze":0,"activity":5.0E-4,"lastBolusTime":1703572560450,"time":"2023-12-26T09:00:45.194Z","iobWithZeroTemp":{"iob":-0.798,"basaliob":-0.866,"bolussnooze":0,"activity":-0.0062,"lastBolusTime":1703572560450,"time":"2023-12-26T09:00:45.194Z"}},{"iob":0.026,"basaliob":-0.036,"bolussnooze":0,"activity":4.0E-4,"lastBolusTime":1703572560450,"time":"2023-12-26T09:05:45.194Z","iobWithZeroTemp":{"iob":-0.799,"basaliob":-0.861,"bolussnooze":0,"activity":-0.0065,"lastBolusTime":1703572560450,"time":"2023-12-26T09:05:45.194Z"}},{"iob":0.023,"basaliob":-0.034,"bolussnooze":0,"activity":4.0E-4,"lastBolusTime":1703572560450,"time":"2023-12-26T09:10:45.194Z","iobWithZeroTemp":{"iob":-0.799,"basaliob":-0.856,"bolussnooze":0,"activity":-0.0066,"lastBolusTime":1703572560450,"time":"2023-12-26T09:10:45.194Z"}},{"iob":0.022,"basaliob":-0.031,"bolussnooze":0,"activity":4.0E-4,"lastBolusTime":1703572560450,"time":"2023-12-26T09:15:45.194Z","iobWithZeroTemp":{"iob":-0.797,"basaliob":-0.85,"bolussnooze":0,"activity":-0.0067,"lastBolusTime":1703572560450,"time":"2023-12-26T09:15:45.194Z"}},{"iob":0.02,"basaliob":-0.028,"bolussnooze":0,"activity":3.0E-4,"lastBolusTime":1703572560450,"time":"2023-12-26T09:20:45.194Z","iobWithZeroTemp":{"iob":-0.795,"basaliob":-0.843,"bolussnooze":0,"activity":-0.0069,"lastBolusTime":1703572560450,"time":"2023-12-26T09:20:45.194Z"}},{"iob":0.018,"basaliob":-0.026,"bolussnooze":0,"activity":4.0E-4,"lastBolusTime":1703572560450,"time":"2023-12-26T09:25:45.194Z","iobWithZeroTemp":{"iob":-0.793,"basaliob":-0.837,"bolussnooze":0,"activity":-0.0069,"lastBolusTime":1703572560450,"time":"2023-12-26T09:25:45.194Z"}},{"iob":0.017,"basaliob":-0.024,"bolussnooze":0,"activity":3.0E-4,"lastBolusTime":1703572560450,"time":"2023-12-26T09:30:45.194Z","iobWithZeroTemp":{"iob":-0.789,"basaliob":-0.83,"bolussnooze":0,"activity":-0.0071,"lastBolusTime":1703572560450,"time":"2023-12-26T09:30:45.194Z"}},{"iob":0.015,"basaliob":-0.022,"bolussnooze":0,"activity":3.0E-4,"lastBolusTime":1703572560450,"time":"2023-12-26T09:35:45.194Z","iobWithZeroTemp":{"iob":-0.786,"basaliob":-0.823,"bolussnooze":0,"activity":-0.0071,"lastBolusTime":1703572560450,"time":"2023-12-26T09:35:45.194Z"}},{"iob":0.014,"basaliob":-0.02,"bolussnooze":0,"activity":2.0E-4,"lastBolusTime":1703572560450,"time":"2023-12-26T09:40:45.194Z","iobWithZeroTemp":{"iob":-0.783,"basaliob":-0.817,"bolussnooze":0,"activity":-0.0072,"lastBolusTime":1703572560450,"time":"2023-12-26T09:40:45.194Z"}},{"iob":0.013,"basaliob":-0.018,"bolussnooze":0,"activity":3.0E-4,"lastBolusTime":1703572560450,"time":"2023-12-26T09:45:45.194Z","iobWithZeroTemp":{"iob":-0.779,"basaliob":-0.81,"bolussnooze":0,"activity":-0.0071,"lastBolusTime":1703572560450,"time":"2023-12-26T09:45:45.194Z"}},{"iob":0.012,"basaliob":-0.017,"bolussnooze":0,"activity":2.0E-4,"lastBolusTime":1703572560450,"time":"2023-12-26T09:50:45.194Z","iobWithZeroTemp":{"iob":-0.774,"basaliob":-0.803,"bolussnooze":0,"activity":-0.0072,"lastBolusTime":1703572560450,"time":"2023-12-26T09:50:45.194Z"}},{"iob":0.011,"basaliob":-0.015,"bolussnooze":0,"activity":2.0E-4,"lastBolusTime":1703572560450,"time":"2023-12-26T09:55:45.194Z","iobWithZeroTemp":{"iob":-0.77,"basaliob":-0.796,"bolussnooze":0,"activity":-0.0072,"lastBolusTime":1703572560450,"time":"2023-12-26T09:55:45.194Z"}},{"iob":0.01,"basaliob":-0.014,"bolussnooze":0,"activity":1.0E-4,"lastBolusTime":1703572560450,"time":"2023-12-26T10:00:45.194Z","iobWithZeroTemp":{"iob":-0.766,"basaliob":-0.79,"bolussnooze":0,"activity":-0.0073,"lastBolusTime":1703572560450,"time":"2023-12-26T10:00:45.194Z"}},{"iob":0.009,"basaliob":-0.013,"bolussnooze":0,"activity":2.0E-4,"lastBolusTime":1703572560450,"time":"2023-12-26T10:05:45.194Z","iobWithZeroTemp":{"iob":-0.762,"basaliob":-0.784,"bolussnooze":0,"activity":-0.0072,"lastBolusTime":1703572560450,"time":"2023-12-26T10:05:45.194Z"}},{"iob":0.008,"basaliob":-0.012,"bolussnooze":0,"activity":2.0E-4,"lastBolusTime":1703572560450,"time":"2023-12-26T10:10:45.194Z","iobWithZeroTemp":{"iob":-0.758,"basaliob":-0.778,"bolussnooze":0,"activity":-0.0072,"lastBolusTime":1703572560450,"time":"2023-12-26T10:10:45.194Z"}},{"iob":0.007,"basaliob":-0.011,"bolussnooze":0,"activity":1.0E-4,"lastBolusTime":1703572560450,"time":"2023-12-26T10:15:45.194Z","iobWithZeroTemp":{"iob":-0.755,"basaliob":-0.773,"bolussnooze":0,"activity":-0.0073,"lastBolusTime":1703572560450,"time":"2023-12-26T10:15:45.194Z"}},{"iob":0.006,"basaliob":-0.01,"bolussnooze":0,"activity":1.0E-4,"lastBolusTime":1703572560450,"time":"2023-12-26T10:20:45.194Z","iobWithZeroTemp":{"iob":-0.751,"basaliob":-0.767,"bolussnooze":0,"activity":-0.0072,"lastBolusTime":1703572560450,"time":"2023-12-26T10:20:45.194Z"}},{"iob":0.006,"basaliob":-0.009,"bolussnooze":0,"activity":1.0E-4,"lastBolusTime":1703572560450,"time":"2023-12-26T10:25:45.194Z","iobWithZeroTemp":{"iob":-0.746,"basaliob":-0.761,"bolussnooze":0,"activity":-0.0072,"lastBolusTime":1703572560450,"time":"2023-12-26T10:25:45.194Z"}},{"iob":0.006,"basaliob":-0.008,"bolussnooze":0,"activity":1.0E-4,"lastBolusTime":1703572560450,"time":"2023-12-26T10:30:45.194Z","iobWithZeroTemp":{"iob":-0.742,"basaliob":-0.756,"bolussnooze":0,"activity":-0.0072,"lastBolusTime":1703572560450,"time":"2023-12-26T10:30:45.194Z"}},{"iob":0.005,"basaliob":-0.007,"bolussnooze":0,"activity":1.0E-4,"lastBolusTime":1703572560450,"time":"2023-12-26T10:35:45.194Z","iobWithZeroTemp":{"iob":-0.739,"basaliob":-0.751,"bolussnooze":0,"activity":-0.0071,"lastBolusTime":1703572560450,"time":"2023-12-26T10:35:45.194Z"}},{"iob":0.004,"basaliob":-0.007,"bolussnooze":0,"activity":1.0E-4,"lastBolusTime":1703572560450,"time":"2023-12-26T10:40:45.194Z","iobWithZeroTemp":{"iob":-0.736,"basaliob":-0.747,"bolussnooze":0,"activity":-0.0071,"lastBolusTime":1703572560450,"time":"2023-12-26T10:40:45.194Z"}},{"iob":0.004,"basaliob":-0.006,"bolussnooze":0,"activity":1.0E-4,"lastBolusTime":1703572560450,"time":"2023-12-26T10:45:45.194Z","iobWithZeroTemp":{"iob":-0.732,"basaliob":-0.742,"bolussnooze":0,"activity":-0.0071,"lastBolusTime":1703572560450,"time":"2023-12-26T10:45:45.194Z"}}],"profile":{"max_iob":10,"type":"current","max_daily_basal":0.7,"max_basal":1.8,"min_bg":90,"max_bg":90,"target_bg":90,"carb_ratio":7.5,"sens":85,"max_daily_safety_multiplier":3,"current_basal_safety_multiplier":4,"high_temptarget_raises_sensitivity":false,"low_temptarget_lowers_sensitivity":false,"sensitivity_raises_target":true,"resistance_lowers_target":true,"adv_target_adjustments":false,"exercise_mode":false,"half_basal_exercise_target":160,"maxCOB":120,"skip_neutral_temps":false,"remainingCarbsCap":90,"enableUAM":true,"A52_risk_enable":false,"SMBInterval":4,"enableSMB_with_COB":true,"enableSMB_with_temptarget":true,"allowSMB_with_high_temptarget":false,"enableSMB_always":true,"enableSMB_after_carbs":true,"maxSMBBasalMinutes":45,"maxUAMSMBBasalMinutes":120,"bolus_increment":0.05,"carbsReqThreshold":5,"current_basal":0.45,"temptargetSet":false,"autosens_max":1.3},"autosens_data":{"ratio":1.28},"meal_data":{"carbs":0,"mealCOB":0,"slopeFromMaxDeviation":-0.09242857142857139,"slopeFromMinDeviation":0.26539999999999997,"lastBolusTime":1703572560450,"lastCarbTime":0},"microBolusAllowed":true,"currentTime":1703573447029,"flatBGsDetected":false},"output":{"temp":"absolute","bg":96,"tick":"+1","eventualBG":97,"targetBG":83,"insulinReq":0.18,"deliverAt":"2023-12-26T06:50:47.029Z","sensitivityRatio":1.28,"predBGs":{"IOB":[96,97,97,98,98,99,99,99,99,99,98,98,98,97,97,97,96,96,96,95,95,95,95,95,94,94,94,94,94,94,93,93,93,93,93,93,93,93,93,93,93,92],"ZT":[96,95,95,94,93,93,93,92,92,92,92,93,93,94,94],"UAM":[96,97,98,98,99,99,100,100,100,101,101,101,101,101,101,101,101,101,100,100,100,100,99,99,99,99,99,98,98,98,98,98,98,98,98,98,97]},"COB":0,"IOB":0.186,"reason":"COB: 0, Dev: 10, BGI: -1, ISF: 66, CR: 7.5, Target: 83, minPredBG 95, minGuardBG 97, IOBpredBG 92, UAMpredBG 97; Eventual BG 97 >= 83,  insulinReq 0.18. Microbolusing 0.05U. temp 0.35 < 0.94U\/hr. ","units":0.05,"duration":30,"rate":0.936,"timestamp":"2023-12-26T06:50:47.047Z"}}