{"algorithm":"OpenAPSSMBPlugin","input":{"glucoseStatus":{"glucose":123,"noise":0,"delta":6.33,"short_avgdelta":4.81,"long_avgdelta":0.73,"date":1703579728688},"currenttemp":{"temp":"absolute","duration":106,"rate":0,"minutesrunning":14},"iob_data":[{"iob":3.075,"basaliob":-0.54,"bolussnooze":1.2452,"activity":0.0296,"lastBolusTime":1703579451349,"time":"2023-12-26T08:35:45.466Z","iobWithZeroTemp":{"iob":3.075,"basaliob":-0.54,"bolussnooze":1.2452,"activity":0.0296,"lastBolusTime":1703579451349,"time":"2023-12-26T08:35:45.466Z"}},{"iob":2.928,"basaliob":-0.52,"bolussnooze":1.0923,"activity":0.0294,"lastBolusTime":1703579451349,"time":"2023-12-26T08:40:45.466Z","iobWithZeroTemp":{"iob":2.889,"basaliob":-0.559,"bolussnooze":1.0923,"activity":0.0294,"lastBolusTime":1703579451349,"time":"2023-12-26T08:40:45.466Z"}},{"iob":2.781,"basaliob":-0.5,"bolussnooze":0.9543,"activity":0.029,"lastBolusTime":1703579451349,"time":"2023-12-26T08:45:45.466Z","iobWithZeroTemp":{"iob":2.694,"basaliob":-0.587,"bolussnooze":0.9543,"activity":0.0289,"lastBolusTime":1703579451349,"time":"2023-12-26T08:45:45.466Z"}},{"iob":2.637,"basaliob":-0.479,"bolussnooze":0.8307,"activity":0.0285,"lastBolusTime":1703579451349,"time":"2023-12-26T08:50:45.466Z","iobWithZeroTemp":{"iob":2.502,"basaliob":-0.614,"bolussnooze":0.8307,"activity":0.0282,"lastBolusTime":1703579451349,"time":"2023-12-26T08:50:45.466Z"}},{"iob":2.498,"basaliob":-0.457,"bolussnooze":0.7205,"activity":0.0277,"lastBolusTime":1703579451349,"time":"2023-12-26T08:55:45.466Z","iobWithZeroTemp":{"iob":2.316,"basaliob":-0.639,"bolussnooze":0.7205,"activity":0.0272,"lastBolusTime":1703579451349,"time":"2023-12-26T08:55:45.466Z"}},{"iob":2.361,"basaliob":-0.436,"bolussnooze":0.6229,"activity":0.0269,"lastBolusTime":1703579451349,"time":"2023-12-26T09:00:45.466Z","iobWithZeroTemp":{"iob":2.133,"basaliob":-0.664,"bolussnooze":0.6229,"activity":0.0262,"lastBolusTime":1703579451349,"time":"2023-12-26T09:00:45.466Z"}},{"iob":2.228,"basaliob":-0.415,"bolussnooze":0.5368,"activity":0.0261,"lastBolusTime":1703579451349,"time":"2023-12-26T09:05:45.466Z","iobWithZeroTemp":{"iob":1.971,"basaliob":-0.672,"bolussnooze":0.5368,"activity":0.0251,"lastBolusTime":1703579451349,"time":"2023-12-26T09:05:45.466Z"}},{"iob":2.1,"basaliob":-0.394,"bolussnooze":0.4613,"activity":0.0251,"lastBolusTime":1703579451349,"time":"2023-12-26T09:10:45.466Z","iobWithZeroTemp":{"iob":1.816,"basaliob":-0.678,"bolussnooze":0.4613,"activity":0.0239,"lastBolusTime":1703579451349,"time":"2023-12-26T09:10:45.466Z"}},{"iob":1.977,"basaliob":-0.373,"bolussnooze":0.3952,"activity":0.0241,"lastBolusTime":1703579451349,"time":"2023-12-26T09:15:45.466Z","iobWithZeroTemp":{"iob":1.667,"basaliob":-0.683,"bolussnooze":0.3952,"activity":0.0226,"lastBolusTime":1703579451349,"time":"2023-12-26T09:15:45.466Z"}},{"iob":1.859,"basaliob":-0.353,"bolussnooze":0.3376,"activity":0.0231,"lastBolusTime":1703579451349,"time":"2023-12-26T09:20:45.466Z","iobWithZeroTemp":{"iob":1.524,"basaliob":-0.688,"bolussnooze":0.3376,"activity":0.0214,"lastBolusTime":1703579451349,"time":"2023-12-26T09:20:45.466Z"}},{"iob":1.745,"basaliob":-0.334,"bolussnooze":0.2875,"activity":0.0222,"lastBolusTime":1703579451349,"time":"2023-12-26T09:25:45.466Z","iobWithZeroTemp":{"iob":1.387,"basaliob":-0.692,"bolussnooze":0.2875,"activity":0.0202,"lastBolusTime":1703579451349,"time":"2023-12-26T09:25:45.466Z"}},{"iob":1.636,"basaliob":-0.315,"bolussnooze":0.2442,"activity":0.0212,"lastBolusTime":1703579451349,"time":"2023-12-26T09:30:45.466Z","iobWithZeroTemp":{"iob":1.256,"basaliob":-0.695,"bolussnooze":0.2442,"activity":0.019,"lastBolusTime":1703579451349,"time":"2023-12-26T09:30:45.466Z"}},{"iob":1.533,"basaliob":-0.297,"bolussnooze":0.2069,"activity":0.0201,"lastBolusTime":1703579451349,"time":"2023-12-26T09:35:45.466Z","iobWithZeroTemp":{"iob":1.132,"basaliob":-0.698,"bolussnooze":0.2069,"activity":0.0176,"lastBolusTime":1703579451349,"time":"2023-12-26T09:35:45.466Z"}},{"iob":1.435,"basaliob":-0.279,"bolussnooze":0.1747,"activity":0.0192,"lastBolusTime":1703579451349,"time":"2023-12-26T09:40:45.466Z","iobWithZeroTemp":{"iob":1.014,"basaliob":-0.7,"bolussnooze":0.1747,"activity":0.0165,"lastBolusTime":1703579451349,"time":"2023-12-26T09:40:45.466Z"}},{"iob":1.342,"basaliob":-0.262,"bolussnooze":0.1472,"activity":0.0182,"lastBolusTime":1703579451349,"time":"2023-12-26T09:45:45.466Z","iobWithZeroTemp":{"iob":0.903,"basaliob":-0.701,"bolussnooze":0.1472,"activity":0.0153,"lastBolusTime":1703579451349,"time":"2023-12-26T09:45:45.466Z"}},{"iob":1.253,"basaliob":-0.246,"bolussnooze":0.1236,"activity":0.0172,"lastBolusTime":1703579451349,"time":"2023-12-26T09:50:45.466Z","iobWithZeroTemp":{"iob":0.797,"basaliob":-0.702,"bolussnooze":0.1236,"activity":0.0141,"lastBolusTime":1703579451349,"time":"2023-12-26T09:50:45.466Z"}},{"iob":1.169,"basaliob":-0.231,"bolussnooze":0.1035,"activity":0.0163,"lastBolusTime":1703579451349,"time":"2023-12-26T09:55:45.466Z","iobWithZeroTemp":{"iob":0.696,"basaliob":-0.704,"bolussnooze":0.1035,"activity":0.013,"lastBolusTime":1703579451349,"time":"2023-12-26T09:55:45.466Z"}},{"iob":1.09,"basaliob":-0.216,"bolussnooze":0.0863,"activity":0.0153,"lastBolusTime":1703579451349,"time":"2023-12-26T10:00:45.466Z","iobWithZeroTemp":{"iob":0.602,"basaliob":-0.704,"bolussnooze":0.0863,"activity":0.0118,"lastBolusTime":1703579451349,"time":"2023-12-26T10:00:45.466Z"}},{"iob":1.016,"basaliob":-0.202,"bolussnooze":0.0718,"activity":0.0145,"lastBolusTime":1703579451349,"time":"2023-12-26T10:05:45.466Z","iobWithZeroTemp":{"iob":0.513,"basaliob":-0.705,"bolussnooze":0.0718,"activity":0.0108,"lastBolusTime":1703579451349,"time":"2023-12-26T10:05:45.466Z"}},{"iob":0.945,"basaliob":-0.189,"bolussnooze":0.0595,"activity":0.0136,"lastBolusTime":1703579451349,"time":"2023-12-26T10:10:45.466Z","iobWithZeroTemp":{"iob":0.429,"basaliob":-0.705,"bolussnooze":0.0595,"activity":0.0097,"lastBolusTime":1703579451349,"time":"2023-12-26T10:10:45.466Z"}},{"iob":0.88,"basaliob":-0.176,"bolussnooze":0.0492,"activity":0.0129,"lastBolusTime":1703579451349,"time":"2023-12-26T10:15:45.466Z","iobWithZeroTemp":{"iob":0.351,"basaliob":-0.705,"bolussnooze":0.0492,"activity":0.0088,"lastBolusTime":1703579451349,"time":"2023-12-26T10:15:45.466Z"}},{"iob":0.818,"basaliob":-0.164,"bolussnooze":0.0404,"activity":0.0121,"lastBolusTime":1703579451349,"time":"2023-12-26T10:20:45.466Z","iobWithZeroTemp":{"iob":0.278,"basaliob":-0.704,"bolussnooze":0.0404,"activity":0.0079,"lastBolusTime":1703579451349,"time":"2023-12-26T10:20:45.466Z"}},{"iob":0.759,"basaliob":-0.153,"bolussnooze":0.0331,"activity":0.0113,"lastBolusTime":1703579451349,"time":"2023-12-26T10:25:45.466Z","iobWithZeroTemp":{"iob":0.208,"basaliob":-0.704,"bolussnooze":0.0331,"activity":0.0069,"lastBolusTime":1703579451349,"time":"2023-12-26T10:25:45.466Z"}},{"iob":0.704,"basaliob":-0.143,"bolussnooze":0.027,"activity":0.0106,"lastBolusTime":1703579451349,"time":"2023-12-26T10:30:45.466Z","iobWithZeroTemp":{"iob":0.142,"basaliob":-0.705,"bolussnooze":0.027,"activity":0.0061,"lastBolusTime":1703579451349,"time":"2023-12-26T10:30:45.466Z"}},{"iob":0.652,"basaliob":-0.133,"bolussnooze":0.0219,"activity":0.01,"lastBolusTime":1703579451349,"time":"2023-12-26T10:35:45.466Z","iobWithZeroTemp":{"iob":0.081,"basaliob":-0.704,"bolussnooze":0.0219,"activity":0.0053,"lastBolusTime":1703579451349,"time":"2023-12-26T10:35:45.466Z"}},{"iob":0.605,"basaliob":-0.123,"bolussnooze":0.0177,"activity":0.0093,"lastBolusTime":1703579451349,"time":"2023-12-26T10:40:45.466Z","iobWithZeroTemp":{"iob":0.025,"basaliob":-0.703,"bolussnooze":0.0177,"activity":0.0045,"lastBolusTime":1703579451349,"time":"2023-12-26T10:40:45.466Z"}},{"iob":0.559,"basaliob":-0.115,"bolussnooze":0.0142,"activity":0.0087,"lastBolusTime":1703579451349,"time":"2023-12-26T10:45:45.466Z","iobWithZeroTemp":{"iob":-0.03,"basaliob":-0.704,"bolussnooze":0.0142,"activity":0.0038,"lastBolusTime":1703579451349,"time":"2023-12-26T10:45:45.466Z"}},{"iob":0.518,"basaliob":-0.106,"bolussnooze":0.0113,"activity":0.0081,"lastBolusTime":1703579451349,"time":"2023-12-26T10:50:45.466Z","iobWithZeroTemp":{"iob":-0.078,"basaliob":-0.702,"bolussnooze":0.0113,"activity":0.0031,"lastBolusTime":1703579451349,"time":"2023-12-26T10:50:45.466Z"}},{"iob":0.478,"basaliob":-0.099,"bolussnooze":0.0089,"activity":0.0076,"lastBolusTime":1703579451349,"time":"2023-12-26T10:55:45.466Z","iobWithZeroTemp":{"iob":-0.125,"basaliob":-0.702,"bolussnooze":0.0089,"activity":0.0025,"lastBolusTime":1703579451349,"time":"2023-12-26T10:55:45.466Z"}},{"iob":0.442,"basaliob":-0.092,"bolussnooze":0.007,"activity":0.007,"lastBolusTime":1703579451349,"time":"2023-12-26T11:00:45.466Z","iobWithZeroTemp":{"iob":-0.168,"basaliob":-0.702,"bolussnooze":0.007,"activity":0.0018,"lastBolusTime":1703579451349,"time":"2023-12-26T11:00:45.466Z"}},{"iob":0.408,"basaliob":-0.085,"bolussnooze":0.0054,"activity":0.0066,"lastBolusTime":1703579451349,"time":"2023-12-26T11:05:45.466Z","iobWithZeroTemp":{"iob":-0.208,"basaliob":-0.701,"bolussnooze":0.0054,"activity":0.0013,"lastBolusTime":1703579451349,"time":"2023-12-26T11:05:45.466Z"}},{"iob":0.377,"basaliob":-0.078,"bolussnooze":0.0041,"activity":0.0061,"lastBolusTime":1703579451349,"time":"2023-12-26T11:10:45.466Z","iobWithZeroTemp":{"iob":-0.245,"basaliob":-0.7,"bolussnooze":0.0041,"activity":7.0E-4,"lastBolusTime":1703579451349,"time":"2023-12-26T11:10:45.466Z"}},{"iob":0.347,"basaliob":-0.073,"bolussnooze":0.0031,"activity":0.0057,"lastBolusTime":1703579451349,"time":"2023-12-26T11:15:45.466Z","iobWithZeroTemp":{"iob":-0.28,"basaliob":-0.7,"bolussnooze":0.0031,"activity":2.0E-4,"lastBolusTime":1703579451349,"time":"2023-12-26T11:15:45.466Z"}},{"iob":0.32,"basaliob":-0.067,"bolussnooze":0.0023,"activity":0.0052,"lastBolusTime":1703579451349,"time":"2023-12-26T11:20:45.466Z","iobWithZeroTemp":{"iob":-0.312,"basaliob":-0.699,"bolussnooze":0.0023,"activity":-4.0E-4,"lastBolusTime":1703579451349,"time":"2023-12-26T11:20:45.466Z"}},{"iob":0.294,"basaliob":-0.062,"bolussnooze":0.0017,"activity":0.0049,"lastBolusTime":1703579451349,"time":"2023-12-26T11:25:45.466Z","iobWithZeroTemp":{"iob":-0.343,"basaliob":-0.699,"bolussnooze":0.0017,"activity":-7.0E-4,"lastBolusTime":1703579451349,"time":"2023-12-26T11:25:45.466Z"}},{"iob":0.271,"basaliob":-0.057,"bolussnooze":0.0012,"activity":0.0046,"lastBolusTime":1703579451349,"time":"2023-12-26T11:30:45.466Z","iobWithZeroTemp":{"iob":-0.37,"basaliob":-0.698,"bolussnooze":0.0012,"activity":-0.0011,"lastBolusTime":1703579451349,"time":"2023-12-26T11:30:45.466Z"}},{"iob":0.248,"basaliob":-0.053,"bolussnooze":8.0E-4,"activity":0.0042,"lastBolusTime":1703579451349,"time":"2023-12-26T11:35:45.466Z","iobWithZeroTemp":{"iob":-0.397,"basaliob":-0.698,"bolussnooze":8.0E-4,"activity":-0.0016,"lastBolusTime":1703579451349,"time":"2023-12-26T11:35:45.466Z"}},{"iob":0.228,"basaliob":-0.049,"bolussnooze":5.0E-4,"activity":0.0039,"lastBolusTime":1703579451349,"time":"2023-12-26T11:40:45.466Z","iobWithZeroTemp":{"iob":-0.421,"basaliob":-0.698,"bolussnooze":5.0E-4,"activity":-0.0019,"lastBolusTime":1703579451349,"time":"2023-12-26T11:40:45.466Z"}},{"iob":0.209,"basaliob":-0.045,"bolussnooze":3.0E-4,"activity":0.0037,"lastBolusTime":1703579451349,"time":"2023-12-26T11:45:45.466Z","iobWithZeroTemp":{"iob":-0.443,"basaliob":-0.697,"bolussnooze":3.0E-4,"activity":-0.0022,"lastBolusTime":1703579451349,"time":"2023-12-26T11:45:45.466Z"}},{"iob":0.193,"basaliob":-0.041,"bolussnooze":2.0E-4,"activity":0.0033,"lastBolusTime":1703579451349,"time":"2023-12-26T11:50:45.466Z","iobWithZeroTemp":{"iob":-0.462,"basaliob":-0.696,"bolussnooze":2.0E-4,"activity":-0.0026,"lastBolusTime":1703579451349,"time":"2023-12-26T11:50:45.466Z"}},{"iob":0.176,"basaliob":-0.038,"bolussnooze":1.0E-4,"activity":0.0031,"lastBolusTime":1703579451349,"time":"2023-12-26T11:55:45.466Z","iobWithZeroTemp":{"iob":-0.482,"basaliob":-0.696,"bolussnooze":1.0E-4,"activity":-0.0029,"lastBolusTime":1703579451349,"time":"2023-12-26T11:55:45.466Z"}},{"iob":0.161,"basaliob":-0.035,"bolussnooze":0,"activity":0.0028,"lastBolusTime":1703579451349,"time":"2023-12-26T12:00:45.466Z","iobWithZeroTemp":{"iob":-0.499,"basaliob":-0.695,"bolussnooze":0,"activity":-0.0032,"lastBolusTime":1703579451349,"time":"2023-12-26T12:00:45.466Z"}},{"iob":0.148,"basaliob":-0.032,"bolussnooze":0,"activity":0.0027,"lastBolusTime":1703579451349,"time":"2023-12-26T12:05:45.466Z","iobWithZeroTemp":{"iob":-0.531,"basaliob":-0.711,"bolussnooze":0,"activity":-0.0034,"lastBolusTime":1703579451349,"time":"2023-12-26T12:05:45.466Z"}},{"iob":0.135,"basaliob":-0.029,"bolussnooze":0,"activity":0.0024,"lastBolusTime":1703579451349,"time":"2023-12-26T12:10:45.466Z","iobWithZeroTemp":{"iob":-0.562,"basaliob":-0.726,"bolussnooze":0,"activity":-0.0037,"lastBolusTime":1703579451349,"time":"2023-12-26T12:10:45.466Z"}},{"iob":0.123,"basaliob":-0.027,"bolussnooze":0,"activity":0.0022,"lastBolusTime":1703579451349,"time":"2023-12-26T12:15:45.466Z","iobWithZeroTemp":{"iob":-0.592,"basaliob":-0.742,"bolussnooze":0,"activity":-0.004,"lastBolusTime":1703579451349,"time":"2023-12-26T12:15:45.466Z"}},{"iob":0.112,"basaliob":-0.025,"bolussnooze":0,"activity":0.0021,"lastBolusTime":1703579451349,"time":"2023-12-26T12:20:45.466Z","iobWithZeroTemp":{"iob":-0.62,"basaliob":-0.757,"bolussnooze":0,"activity":-0.0042,"lastBolusTime":1703579451349,"time":"2023-12-26T12:20:45.466Z"}},{"iob":0.102,"basaliob":-0.023,"bolussnooze":0,"activity":0.0019,"lastBolusTime":1703579451349,"time":"2023-12-26T12:25:45.466Z","iobWithZeroTemp":{"iob":-0.647,"basaliob":-0.772,"bolussnooze":0,"activity":-0.0045,"lastBolusTime":1703579451349,"time":"2023-12-26T12:25:45.466Z"}},{"iob":0.093,"basaliob":-0.021,"bolussnooze":0,"activity":0.0017,"lastBolusTime":1703579451349,"time":"2023-12-26T12:30:45.466Z","iobWithZeroTemp":{"iob":-0.672,"basaliob":-0.786,"bolussnooze":0,"activity":-0.0049,"lastBolusTime":1703579451349,"time":"2023-12-26T12:30:45.466Z"}}],"profile":{"max_iob":10,"type":"current","max_daily_basal":0.7,"max_basal":1.8,"min_bg":100,"max_bg":100,"target_bg":100,"carb_ratio":7.5,"sens":85,"max_daily_safety_multiplier":3,"current_basal_safety_multiplier":4,"high_temptarget_raises_sensitivity":false,"low_temptarget_lowers_sensitivity":false,"sensitivity_raises_target":true,"resistance_lowers_target":true,"adv_target_adjustments":false,"exercise_mode":false,"half_basal_exercise_target":160,"maxCOB":120,"skip_neutral_temps":false,"remainingCarbsCap":90,"enableUAM":true,"A52_risk_enable":false,"SMBInterval":4,"enableSMB_with_COB":true,"enableSMB_with_temptarget":true,"allowSMB_with_high_temptarget":false,"enableSMB_always":true,"enableSMB_after_carbs":true,"maxSMBBasalMinutes":45,"maxUAMSMBBasalMinutes":120,"bolus_increment":0.05,"carbsReqThreshold":5,"current_basal":0.45,"temptargetSet":false,"autosens_max":1.3},"autosens_data":{"ratio":1.3},"meal_data":{"carbs":35,"mealCOB":24.328529411764713,"slopeFromMaxDeviation":-0.1061428571428572,"slopeFromMinDeviation":0.8501000000000002,"lastBolusTime":1703579451349,"lastCarbTime":1703576391522},"microBolusAllowed":true,"currentTime":1703579747166,"flatBGsDetected":false},"output":{"temp":"absolute","bg":123,"tick":"+6","eventualBG":177,"targetBG":91,"insulinReq":0.57,"deliverAt":"2023-12-26T08:35:47.166Z","sensitivityRatio":1.3,"predBGs":{"IOB":[123,127,129,130,131,130,129,126,123,119,113,107,100,94,88,82,76,71,66,61,57,52,48,45,41,39],"ZT":[123,113,104,94,85,76,68,59,52,44,39,39,39,39,39,39,39,39,39,39,39,39,39,39,39,39,39,39,39,39,39,39,39,39,39,39,39,39,39,39,39,39,39,39,39,39,39,39],"COB":[123,127,131,135,138,141,144,146,148,151,153,154,156,158,159,160,161,162,162,163,163,163,162,162,161,160,158,156,154,152,150,148,146,144,142,140,139,138,136,135,134,133,132,131,130,130,129,128],"UAM":[123,127,132,135,139,142,146,149,152,155,158,161,163,166,169,171,173,176,178,180,182,184,186,187,189,190,191,191,192,192,193,192,192,191,190,189,188,186,185,184,183,182,181,180,179,179,178,177]},"COB":24.328529411764713,"IOB":3.075,"reason":"COB: 24.3, Dev: 87, BGI: -10, ISF: 65, CR: 7.5, Target: 91, minPredBG 128, minGuardBG 127, IOBpredBG 39, COBpredBG 128, UAMpredBG 177; Eventual BG 177 >= 91,  insulinReq 0.57; setting 60m low temp of 0U\/h. Microbolusing 0.25U. ","units":0.25,"rate":0,"duration":60,"timestamp":"2023-12-26T08:35:47.198Z"}}