{"algorithm":"OpenAPSSMBPlugin","input":{"glucoseStatus":{"glucose":100,"noise":0,"delta":3,"short_avgdelta":2.67,"long_avgdelta":0.93,"date":1703392691000},"currenttemp":{"temp":"absolute","duration":25,"rate":1.67,"minutesrunning":5},"iob_data":[{"iob":-0.164,"basaliob":-0.443,"bolussnooze":0,"activity":-0.0014,"lastBolusTime":1703384655685,"time":"2023-12-24T04:38:42.144Z","iobWithZeroTemp":{"iob":-0.164,"basaliob":-0.443,"bolussnooze":0,"activity":-0.0014,"lastBolusTime":1703384655685,"time":"2023-12-24T04:38:42.144Z"}},{"iob":-0.156,"basaliob":-0.415,"bolussnooze":0,"activity":-0.0015,"lastBolusTime":1703384655685,"time":"2023-12-24T04:43:42.144Z","iobWithZeroTemp":{"iob":-0.234,"basaliob":-0.493,"bolussnooze":0,"activity":-0.0016,"lastBolusTime":1703384655685,"time":"2023-12-24T04:43:42.144Z"}},{"iob":-0.149,"basaliob":-0.389,"bolussnooze":0,"activity":-0.0014,"lastBolusTime":1703384655685,"time":"2023-12-24T04:48:42.144Z","iobWithZeroTemp":{"iob":-0.324,"basaliob":-0.564,"bolussnooze":0,"activity":-0.0016,"lastBolusTime":1703384655685,"time":"2023-12-24T04:48:42.144Z"}},{"iob":-0.142,"basaliob":-0.364,"bolussnooze":0,"activity":-0.0015,"lastBolusTime":1703384655685,"time":"2023-12-24T04:53:42.144Z","iobWithZeroTemp":{"iob":-0.412,"basaliob":-0.634,"bolussnooze":0,"activity":-0.002,"lastBolusTime":1703384655685,"time":"2023-12-24T04:53:42.144Z"}},{"iob":-0.134,"basaliob":-0.34,"bolussnooze":0,"activity":-0.0014,"lastBolusTime":1703384655685,"time":"2023-12-24T04:58:42.144Z","iobWithZeroTemp":{"iob":-0.498,"basaliob":-0.704,"bolussnooze":0,"activity":-0.0024,"lastBolusTime":1703384655685,"time":"2023-12-24T04:58:42.144Z"}},{"iob":-0.128,"basaliob":-0.318,"bolussnooze":0,"activity":-0.0014,"lastBolusTime":1703384655685,"time":"2023-12-24T05:03:42.144Z","iobWithZeroTemp":{"iob":-0.578,"basaliob":-0.768,"bolussnooze":0,"activity":-0.0028,"lastBolusTime":1703384655685,"time":"2023-12-24T05:03:42.144Z"}},{"iob":-0.12,"basaliob":-0.296,"bolussnooze":0,"activity":-0.0013,"lastBolusTime":1703384655685,"time":"2023-12-24T05:08:42.144Z","iobWithZeroTemp":{"iob":-0.654,"basaliob":-0.83,"bolussnooze":0,"activity":-0.0033,"lastBolusTime":1703384655685,"time":"2023-12-24T05:08:42.144Z"}},{"iob":-0.114,"basaliob":-0.276,"bolussnooze":0,"activity":-0.0013,"lastBolusTime":1703384655685,"time":"2023-12-24T05:13:42.144Z","iobWithZeroTemp":{"iob":-0.729,"basaliob":-0.891,"bolussnooze":0,"activity":-0.0038,"lastBolusTime":1703384655685,"time":"2023-12-24T05:13:42.144Z"}},{"iob":-0.107,"basaliob":-0.257,"bolussnooze":0,"activity":-0.0013,"lastBolusTime":1703384655685,"time":"2023-12-24T05:18:42.144Z","iobWithZeroTemp":{"iob":-0.8,"basaliob":-0.95,"bolussnooze":0,"activity":-0.0044,"lastBolusTime":1703384655685,"time":"2023-12-24T05:18:42.144Z"}},{"iob":-0.101,"basaliob":-0.239,"bolussnooze":0,"activity":-0.0013,"lastBolusTime":1703384655685,"time":"2023-12-24T05:23:42.144Z","iobWithZeroTemp":{"iob":-0.869,"basaliob":-1.007,"bolussnooze":0,"activity":-0.005,"lastBolusTime":1703384655685,"time":"2023-12-24T05:23:42.144Z"}},{"iob":-0.096,"basaliob":-0.223,"bolussnooze":0,"activity":-0.0012,"lastBolusTime":1703384655685,"time":"2023-12-24T05:28:42.144Z","iobWithZeroTemp":{"iob":-0.935,"basaliob":-1.062,"bolussnooze":0,"activity":-0.0056,"lastBolusTime":1703384655685,"time":"2023-12-24T05:28:42.144Z"}},{"iob":-0.09,"basaliob":-0.207,"bolussnooze":0,"activity":-0.0012,"lastBolusTime":1703384655685,"time":"2023-12-24T05:33:42.144Z","iobWithZeroTemp":{"iob":-0.998,"basaliob":-1.115,"bolussnooze":0,"activity":-0.0062,"lastBolusTime":1703384655685,"time":"2023-12-24T05:33:42.144Z"}},{"iob":-0.084,"basaliob":-0.192,"bolussnooze":0,"activity":-0.0011,"lastBolusTime":1703384655685,"time":"2023-12-24T05:38:42.144Z","iobWithZeroTemp":{"iob":-1.057,"basaliob":-1.165,"bolussnooze":0,"activity":-0.0067,"lastBolusTime":1703384655685,"time":"2023-12-24T05:38:42.144Z"}},{"iob":-0.079,"basaliob":-0.178,"bolussnooze":0,"activity":-0.001,"lastBolusTime":1703384655685,"time":"2023-12-24T05:43:42.144Z","iobWithZeroTemp":{"iob":-1.114,"basaliob":-1.213,"bolussnooze":0,"activity":-0.0073,"lastBolusTime":1703384655685,"time":"2023-12-24T05:43:42.144Z"}},{"iob":-0.074,"basaliob":-0.165,"bolussnooze":0,"activity":-0.001,"lastBolusTime":1703384655685,"time":"2023-12-24T05:48:42.144Z","iobWithZeroTemp":{"iob":-1.168,"basaliob":-1.259,"bolussnooze":0,"activity":-0.0079,"lastBolusTime":1703384655685,"time":"2023-12-24T05:48:42.144Z"}},{"iob":-0.069,"basaliob":-0.153,"bolussnooze":0,"activity":-0.001,"lastBolusTime":1703384655685,"time":"2023-12-24T05:53:42.144Z","iobWithZeroTemp":{"iob":-1.219,"basaliob":-1.303,"bolussnooze":0,"activity":-0.0085,"lastBolusTime":1703384655685,"time":"2023-12-24T05:53:42.144Z"}},{"iob":-0.064,"basaliob":-0.141,"bolussnooze":0,"activity":-9.0E-4,"lastBolusTime":1703384655685,"time":"2023-12-24T05:58:42.144Z","iobWithZeroTemp":{"iob":-1.267,"basaliob":-1.344,"bolussnooze":0,"activity":-0.009,"lastBolusTime":1703384655685,"time":"2023-12-24T05:58:42.144Z"}},{"iob":-0.06,"basaliob":-0.131,"bolussnooze":0,"activity":-9.0E-4,"lastBolusTime":1703384655685,"time":"2023-12-24T06:03:42.144Z","iobWithZeroTemp":{"iob":-1.305,"basaliob":-1.376,"bolussnooze":0,"activity":-0.0095,"lastBolusTime":1703384655685,"time":"2023-12-24T06:03:42.144Z"}},{"iob":-0.056,"basaliob":-0.121,"bolussnooze":0,"activity":-8.0E-4,"lastBolusTime":1703384655685,"time":"2023-12-24T06:08:42.144Z","iobWithZeroTemp":{"iob":-1.339,"basaliob":-1.404,"bolussnooze":0,"activity":-0.01,"lastBolusTime":1703384655685,"time":"2023-12-24T06:08:42.144Z"}},{"iob":-0.053,"basaliob":-0.112,"bolussnooze":0,"activity":-8.0E-4,"lastBolusTime":1703384655685,"time":"2023-12-24T06:13:42.144Z","iobWithZeroTemp":{"iob":-1.372,"basaliob":-1.431,"bolussnooze":0,"activity":-0.0105,"lastBolusTime":1703384655685,"time":"2023-12-24T06:13:42.144Z"}},{"iob":-0.049,"basaliob":-0.103,"bolussnooze":0,"activity":-7.0E-4,"lastBolusTime":1703384655685,"time":"2023-12-24T06:18:42.144Z","iobWithZeroTemp":{"iob":-1.402,"basaliob":-1.456,"bolussnooze":0,"activity":-0.0109,"lastBolusTime":1703384655685,"time":"2023-12-24T06:18:42.144Z"}},{"iob":-0.045,"basaliob":-0.095,"bolussnooze":0,"activity":-6.0E-4,"lastBolusTime":1703384655685,"time":"2023-12-24T06:23:42.144Z","iobWithZeroTemp":{"iob":-1.429,"basaliob":-1.479,"bolussnooze":0,"activity":-0.0112,"lastBolusTime":1703384655685,"time":"2023-12-24T06:23:42.144Z"}},{"iob":-0.041,"basaliob":-0.087,"bolussnooze":0,"activity":-6.0E-4,"lastBolusTime":1703384655685,"time":"2023-12-24T06:28:42.144Z","iobWithZeroTemp":{"iob":-1.454,"basaliob":-1.5,"bolussnooze":0,"activity":-0.0116,"lastBolusTime":1703384655685,"time":"2023-12-24T06:28:42.144Z"}},{"iob":-0.039,"basaliob":-0.081,"bolussnooze":0,"activity":-5.0E-4,"lastBolusTime":1703384655685,"time":"2023-12-24T06:33:42.144Z","iobWithZeroTemp":{"iob":-1.479,"basaliob":-1.521,"bolussnooze":0,"activity":-0.0119,"lastBolusTime":1703384655685,"time":"2023-12-24T06:33:42.144Z"}},{"iob":-0.036,"basaliob":-0.074,"bolussnooze":0,"activity":-5.0E-4,"lastBolusTime":1703384655685,"time":"2023-12-24T06:38:42.144Z","iobWithZeroTemp":{"iob":-1.502,"basaliob":-1.54,"bolussnooze":0,"activity":-0.0123,"lastBolusTime":1703384655685,"time":"2023-12-24T06:38:42.144Z"}},{"iob":-0.033,"basaliob":-0.068,"bolussnooze":0,"activity":-5.0E-4,"lastBolusTime":1703384655685,"time":"2023-12-24T06:43:42.144Z","iobWithZeroTemp":{"iob":-1.522,"basaliob":-1.557,"bolussnooze":0,"activity":-0.0127,"lastBolusTime":1703384655685,"time":"2023-12-24T06:43:42.144Z"}},{"iob":-0.031,"basaliob":-0.063,"bolussnooze":0,"activity":-5.0E-4,"lastBolusTime":1703384655685,"time":"2023-12-24T06:48:42.144Z","iobWithZeroTemp":{"iob":-1.541,"basaliob":-1.573,"bolussnooze":0,"activity":-0.013,"lastBolusTime":1703384655685,"time":"2023-12-24T06:48:42.144Z"}},{"iob":-0.028,"basaliob":-0.057,"bolussnooze":0,"activity":-5.0E-4,"lastBolusTime":1703384655685,"time":"2023-12-24T06:53:42.144Z","iobWithZeroTemp":{"iob":-1.558,"basaliob":-1.587,"bolussnooze":0,"activity":-0.0133,"lastBolusTime":1703384655685,"time":"2023-12-24T06:53:42.144Z"}},{"iob":-0.027,"basaliob":-0.053,"bolussnooze":0,"activity":-4.0E-4,"lastBolusTime":1703384655685,"time":"2023-12-24T06:58:42.144Z","iobWithZeroTemp":{"iob":-1.576,"basaliob":-1.602,"bolussnooze":0,"activity":-0.0135,"lastBolusTime":1703384655685,"time":"2023-12-24T06:58:42.144Z"}},{"iob":-0.024,"basaliob":-0.048,"bolussnooze":0,"activity":-3.0E-4,"lastBolusTime":1703384655685,"time":"2023-12-24T07:03:42.144Z","iobWithZeroTemp":{"iob":-1.586,"basaliob":-1.61,"bolussnooze":0,"activity":-0.0136,"lastBolusTime":1703384655685,"time":"2023-12-24T07:03:42.144Z"}},{"iob":-0.022,"basaliob":-0.044,"bolussnooze":0,"activity":-4.0E-4,"lastBolusTime":1703384655685,"time":"2023-12-24T07:08:42.144Z","iobWithZeroTemp":{"iob":-1.595,"basaliob":-1.617,"bolussnooze":0,"activity":-0.014,"lastBolusTime":1703384655685,"time":"2023-12-24T07:08:42.144Z"}},{"iob":-0.021,"basaliob":-0.041,"bolussnooze":0,"activity":-3.0E-4,"lastBolusTime":1703384655685,"time":"2023-12-24T07:13:42.144Z","iobWithZeroTemp":{"iob":-1.605,"basaliob":-1.625,"bolussnooze":0,"activity":-0.0141,"lastBolusTime":1703384655685,"time":"2023-12-24T07:13:42.144Z"}},{"iob":-0.019,"basaliob":-0.037,"bolussnooze":0,"activity":-4.0E-4,"lastBolusTime":1703384655685,"time":"2023-12-24T07:18:42.144Z","iobWithZeroTemp":{"iob":-1.612,"basaliob":-1.63,"bolussnooze":0,"activity":-0.0144,"lastBolusTime":1703384655685,"time":"2023-12-24T07:18:42.144Z"}},{"iob":-0.018,"basaliob":-0.034,"bolussnooze":0,"activity":-3.0E-4,"lastBolusTime":1703384655685,"time":"2023-12-24T07:23:42.144Z","iobWithZeroTemp":{"iob":-1.62,"basaliob":-1.636,"bolussnooze":0,"activity":-0.0145,"lastBolusTime":1703384655685,"time":"2023-12-24T07:23:42.144Z"}},{"iob":-0.016,"basaliob":-0.031,"bolussnooze":0,"activity":-3.0E-4,"lastBolusTime":1703384655685,"time":"2023-12-24T07:28:42.144Z","iobWithZeroTemp":{"iob":-1.625,"basaliob":-1.64,"bolussnooze":0,"activity":-0.0146,"lastBolusTime":1703384655685,"time":"2023-12-24T07:28:42.144Z"}},{"iob":-0.015,"basaliob":-0.028,"bolussnooze":0,"activity":-2.0E-4,"lastBolusTime":1703384655685,"time":"2023-12-24T07:33:42.144Z","iobWithZeroTemp":{"iob":-1.631,"basaliob":-1.644,"bolussnooze":0,"activity":-0.0147,"lastBolusTime":1703384655685,"time":"2023-12-24T07:33:42.144Z"}},{"iob":-0.014,"basaliob":-0.026,"bolussnooze":0,"activity":-3.0E-4,"lastBolusTime":1703384655685,"time":"2023-12-24T07:38:42.144Z","iobWithZeroTemp":{"iob":-1.636,"basaliob":-1.648,"bolussnooze":0,"activity":-0.0149,"lastBolusTime":1703384655685,"time":"2023-12-24T07:38:42.144Z"}},{"iob":-0.012,"basaliob":-0.023,"bolussnooze":0,"activity":-2.0E-4,"lastBolusTime":1703384655685,"time":"2023-12-24T07:43:42.144Z","iobWithZeroTemp":{"iob":-1.64,"basaliob":-1.651,"bolussnooze":0,"activity":-0.0149,"lastBolusTime":1703384655685,"time":"2023-12-24T07:43:42.144Z"}},{"iob":-0.011,"basaliob":-0.021,"bolussnooze":0,"activity":-2.0E-4,"lastBolusTime":1703384655685,"time":"2023-12-24T07:48:42.144Z","iobWithZeroTemp":{"iob":-1.644,"basaliob":-1.654,"bolussnooze":0,"activity":-0.015,"lastBolusTime":1703384655685,"time":"2023-12-24T07:48:42.144Z"}},{"iob":-0.01,"basaliob":-0.019,"bolussnooze":0,"activity":-2.0E-4,"lastBolusTime":1703384655685,"time":"2023-12-24T07:53:42.144Z","iobWithZeroTemp":{"iob":-1.647,"basaliob":-1.656,"bolussnooze":0,"activity":-0.0151,"lastBolusTime":1703384655685,"time":"2023-12-24T07:53:42.144Z"}},{"iob":-0.01,"basaliob":-0.018,"bolussnooze":0,"activity":-1.0E-4,"lastBolusTime":1703384655685,"time":"2023-12-24T07:58:42.144Z","iobWithZeroTemp":{"iob":-1.651,"basaliob":-1.659,"bolussnooze":0,"activity":-0.0151,"lastBolusTime":1703384655685,"time":"2023-12-24T07:58:42.144Z"}},{"iob":-0.009,"basaliob":-0.016,"bolussnooze":0,"activity":-1.0E-4,"lastBolusTime":1703384655685,"time":"2023-12-24T08:03:42.144Z","iobWithZeroTemp":{"iob":-1.65,"basaliob":-1.657,"bolussnooze":0,"activity":-0.0152,"lastBolusTime":1703384655685,"time":"2023-12-24T08:03:42.144Z"}},{"iob":-0.008,"basaliob":-0.015,"bolussnooze":0,"activity":-2.0E-4,"lastBolusTime":1703384655685,"time":"2023-12-24T08:08:42.144Z","iobWithZeroTemp":{"iob":-1.648,"basaliob":-1.655,"bolussnooze":0,"activity":-0.0154,"lastBolusTime":1703384655685,"time":"2023-12-24T08:08:42.144Z"}},{"iob":-0.007,"basaliob":-0.013,"bolussnooze":0,"activity":-2.0E-4,"lastBolusTime":1703384655685,"time":"2023-12-24T08:13:42.144Z","iobWithZeroTemp":{"iob":-1.646,"basaliob":-1.652,"bolussnooze":0,"activity":-0.0154,"lastBolusTime":1703384655685,"time":"2023-12-24T08:13:42.144Z"}},{"iob":-0.007,"basaliob":-0.012,"bolussnooze":0,"activity":-1.0E-4,"lastBolusTime":1703384655685,"time":"2023-12-24T08:18:42.144Z","iobWithZeroTemp":{"iob":-1.645,"basaliob":-1.65,"bolussnooze":0,"activity":-0.0154,"lastBolusTime":1703384655685,"time":"2023-12-24T08:18:42.144Z"}},{"iob":-0.006,"basaliob":-0.011,"bolussnooze":0,"activity":-1.0E-4,"lastBolusTime":1703384655685,"time":"2023-12-24T08:23:42.144Z","iobWithZeroTemp":{"iob":-1.642,"basaliob":-1.647,"bolussnooze":0,"activity":-0.0154,"lastBolusTime":1703384655685,"time":"2023-12-24T08:23:42.144Z"}},{"iob":-0.006,"basaliob":-0.01,"bolussnooze":0,"activity":-1.0E-4,"lastBolusTime":1703384655685,"time":"2023-12-24T08:28:42.144Z","iobWithZeroTemp":{"iob":-1.641,"basaliob":-1.645,"bolussnooze":0,"activity":-0.0154,"lastBolusTime":1703384655685,"time":"2023-12-24T08:28:42.144Z"}},{"iob":-0.005,"basaliob":-0.009,"bolussnooze":0,"activity":-1.0E-4,"lastBolusTime":1703384655685,"time":"2023-12-24T08:33:42.144Z","iobWithZeroTemp":{"iob":-1.638,"basaliob":-1.642,"bolussnooze":0,"activity":-0.0154,"lastBolusTime":1703384655685,"time":"2023-12-24T08:33:42.144Z"}}],"profile":{"max_iob":15,"type":"current","max_daily_basal":1.2,"max_basal":3.59,"min_bg":99,"max_bg":99,"target_bg":99,"carb_ratio":4.285714285714286,"sens":30.857142857142854,"max_daily_safety_multiplier":3,"current_basal_safety_multiplier":4,"high_temptarget_raises_sensitivity":false,"low_temptarget_lowers_sensitivity":false,"sensitivity_raises_target":true,"resistance_lowers_target":true,"adv_target_adjustments":false,"exercise_mode":false,"half_basal_exercise_target":160,"maxCOB":120,"skip_neutral_temps":false,"remainingCarbsCap":90,"enableUAM":true,"A52_risk_enable":false,"SMBInterval":3,"enableSMB_with_COB":true,"enableSMB_with_temptarget":true,"allowSMB_with_high_temptarget":false,"enableSMB_always":false,"enableSMB_after_carbs":true,"maxSMBBasalMinutes":80,"maxUAMSMBBasalMinutes":60,"bolus_increment":0.05,"carbsReqThreshold":10,"current_basal":1.17,"temptargetSet":false,"autosens_max":1.2,"out_units":"mmol\/L"},"autosens_data":{"ratio":1},"meal_data":{"carbs":0,"mealCOB":0,"slopeFromMaxDeviation":0,"slopeFromMinDeviation":1.318,"lastBolusTime":1703384655685,"lastCarbTime":0},"microBolusAllowed":true,"currentTime":1703392724507,"flatBGsDetected":false},"output":{"temp":"absolute","bg":100,"tick":"+3","eventualBG":120,"targetBG":99,"insulinReq":0.49,"deliverAt":"2023-12-24T04:38:44.507Z","sensitivityRatio":1,"predBGs":{"IOB":[100,102,105,107,109,110,112,113,114,115,115,116,116,116,116,116,116,116,117,117,117,117,117,117,117,117,117,117,118],"ZT":[100,100,100,101,101,101,102,102,103,104,104],"UAM":[100,102,104,105,106,107,107,107,107,107,108,108,108,108,108,108,109,109,109,109,109,109,109,109,109,110]},"COB":0,"IOB":-0.164,"reason":"COB: 0, Dev: 0.8, BGI: 0.0, ISF: 1.7, CR: 4.29, Target: 5.5, minPredBG 6.3, minGuardBG 5.7, IOBpredBG 6.6, UAMpredBG 6.1; Eventual BG 6.7 >= 5.5, temp 1.67 < 2.15U\/hr. ","duration":30,"rate":2.15,"timestamp":"2023-12-24T04:38:44.667Z"}}