{"algorithm":"OpenAPSSMBPlugin","input":{"glucoseStatus":{"glucose":111,"noise":0,"delta":-1,"short_avgdelta":-0.89,"long_avgdelta":-0.43,"date":1703412791000},"currenttemp":{"temp":"absolute","duration":55,"rate":0,"minutesrunning":5},"iob_data":[{"iob":7.132,"basaliob":-0.414,"bolussnooze":0.0685,"activity":0.0743,"lastBolusTime":1703412535393,"time":"2023-12-24T10:13:41.211Z","iobWithZeroTemp":{"iob":7.132,"basaliob":-0.414,"bolussnooze":0.0685,"activity":0.0743,"lastBolusTime":1703412535393,"time":"2023-12-24T10:13:41.211Z"}},{"iob":6.765,"basaliob":-0.404,"bolussnooze":0.0397,"activity":0.0728,"lastBolusTime":1703412535393,"time":"2023-12-24T10:18:41.211Z","iobWithZeroTemp":{"iob":6.708,"basaliob":-0.461,"bolussnooze":0.0397,"activity":0.0728,"lastBolusTime":1703412535393,"time":"2023-12-24T10:18:41.211Z"}},{"iob":6.405,"basaliob":-0.393,"bolussnooze":0.0221,"activity":0.0711,"lastBolusTime":1703412535393,"time":"2023-12-24T10:23:41.211Z","iobWithZeroTemp":{"iob":6.278,"basaliob":-0.52,"bolussnooze":0.0221,"activity":0.0709,"lastBolusTime":1703412535393,"time":"2023-12-24T10:23:41.211Z"}},{"iob":6.054,"basaliob":-0.381,"bolussnooze":0.0115,"activity":0.0691,"lastBolusTime":1703412535393,"time":"2023-12-24T10:28:41.211Z","iobWithZeroTemp":{"iob":5.858,"basaliob":-0.577,"bolussnooze":0.0115,"activity":0.0687,"lastBolusTime":1703412535393,"time":"2023-12-24T10:28:41.211Z"}},{"iob":5.714,"basaliob":-0.368,"bolussnooze":0.0055,"activity":0.0668,"lastBolusTime":1703412535393,"time":"2023-12-24T10:33:41.211Z","iobWithZeroTemp":{"iob":5.449,"basaliob":-0.633,"bolussnooze":0.0055,"activity":0.0661,"lastBolusTime":1703412535393,"time":"2023-12-24T10:33:41.211Z"}},{"iob":5.386,"basaliob":-0.354,"bolussnooze":0.0022,"activity":0.0645,"lastBolusTime":1703412535393,"time":"2023-12-24T10:38:41.211Z","iobWithZeroTemp":{"iob":5.055,"basaliob":-0.685,"bolussnooze":0.0022,"activity":0.0635,"lastBolusTime":1703412535393,"time":"2023-12-24T10:38:41.211Z"}},{"iob":5.07,"basaliob":-0.34,"bolussnooze":7.0E-4,"activity":0.062,"lastBolusTime":1703412535393,"time":"2023-12-24T10:43:41.211Z","iobWithZeroTemp":{"iob":4.674,"basaliob":-0.736,"bolussnooze":7.0E-4,"activity":0.0606,"lastBolusTime":1703412535393,"time":"2023-12-24T10:43:41.211Z"}},{"iob":4.767,"basaliob":-0.325,"bolussnooze":1.0E-4,"activity":0.0595,"lastBolusTime":1703412535393,"time":"2023-12-24T10:48:41.211Z","iobWithZeroTemp":{"iob":4.309,"basaliob":-0.783,"bolussnooze":1.0E-4,"activity":0.0576,"lastBolusTime":1703412535393,"time":"2023-12-24T10:48:41.211Z"}},{"iob":4.475,"basaliob":-0.311,"bolussnooze":0,"activity":0.0569,"lastBolusTime":1703412535393,"time":"2023-12-24T10:53:41.211Z","iobWithZeroTemp":{"iob":3.956,"basaliob":-0.83,"bolussnooze":0,"activity":0.0546,"lastBolusTime":1703412535393,"time":"2023-12-24T10:53:41.211Z"}},{"iob":4.198,"basaliob":-0.296,"bolussnooze":0,"activity":0.0543,"lastBolusTime":1703412535393,"time":"2023-12-24T10:58:41.211Z","iobWithZeroTemp":{"iob":3.621,"basaliob":-0.873,"bolussnooze":0,"activity":0.0515,"lastBolusTime":1703412535393,"time":"2023-12-24T10:58:41.211Z"}},{"iob":3.934,"basaliob":-0.281,"bolussnooze":0,"activity":0.0517,"lastBolusTime":1703412535393,"time":"2023-12-24T11:03:41.211Z","iobWithZeroTemp":{"iob":3.289,"basaliob":-0.926,"bolussnooze":0,"activity":0.0484,"lastBolusTime":1703412535393,"time":"2023-12-24T11:03:41.211Z"}},{"iob":3.681,"basaliob":-0.267,"bolussnooze":0,"activity":0.0492,"lastBolusTime":1703412535393,"time":"2023-12-24T11:08:41.211Z","iobWithZeroTemp":{"iob":2.971,"basaliob":-0.977,"bolussnooze":0,"activity":0.0454,"lastBolusTime":1703412535393,"time":"2023-12-24T11:08:41.211Z"}},{"iob":3.442,"basaliob":-0.253,"bolussnooze":0,"activity":0.0466,"lastBolusTime":1703412535393,"time":"2023-12-24T11:13:41.211Z","iobWithZeroTemp":{"iob":2.669,"basaliob":-1.026,"bolussnooze":0,"activity":0.0423,"lastBolusTime":1703412535393,"time":"2023-12-24T11:13:41.211Z"}},{"iob":3.216,"basaliob":-0.239,"bolussnooze":0,"activity":0.0441,"lastBolusTime":1703412535393,"time":"2023-12-24T11:18:41.211Z","iobWithZeroTemp":{"iob":2.383,"basaliob":-1.072,"bolussnooze":0,"activity":0.0393,"lastBolusTime":1703412535393,"time":"2023-12-24T11:18:41.211Z"}},{"iob":3.001,"basaliob":-0.226,"bolussnooze":0,"activity":0.0417,"lastBolusTime":1703412535393,"time":"2023-12-24T11:23:41.211Z","iobWithZeroTemp":{"iob":2.11,"basaliob":-1.117,"bolussnooze":0,"activity":0.0363,"lastBolusTime":1703412535393,"time":"2023-12-24T11:23:41.211Z"}},{"iob":2.798,"basaliob":-0.213,"bolussnooze":0,"activity":0.0394,"lastBolusTime":1703412535393,"time":"2023-12-24T11:28:41.211Z","iobWithZeroTemp":{"iob":1.853,"basaliob":-1.158,"bolussnooze":0,"activity":0.0335,"lastBolusTime":1703412535393,"time":"2023-12-24T11:28:41.211Z"}},{"iob":2.606,"basaliob":-0.201,"bolussnooze":0,"activity":0.0372,"lastBolusTime":1703412535393,"time":"2023-12-24T11:33:41.211Z","iobWithZeroTemp":{"iob":1.608,"basaliob":-1.199,"bolussnooze":0,"activity":0.0308,"lastBolusTime":1703412535393,"time":"2023-12-24T11:33:41.211Z"}},{"iob":2.426,"basaliob":-0.189,"bolussnooze":0,"activity":0.035,"lastBolusTime":1703412535393,"time":"2023-12-24T11:38:41.211Z","iobWithZeroTemp":{"iob":1.379,"basaliob":-1.236,"bolussnooze":0,"activity":0.028,"lastBolusTime":1703412535393,"time":"2023-12-24T11:38:41.211Z"}},{"iob":2.257,"basaliob":-0.177,"bolussnooze":0,"activity":0.0329,"lastBolusTime":1703412535393,"time":"2023-12-24T11:43:41.211Z","iobWithZeroTemp":{"iob":1.163,"basaliob":-1.271,"bolussnooze":0,"activity":0.0254,"lastBolusTime":1703412535393,"time":"2023-12-24T11:43:41.211Z"}},{"iob":2.097,"basaliob":-0.166,"bolussnooze":0,"activity":0.031,"lastBolusTime":1703412535393,"time":"2023-12-24T11:48:41.211Z","iobWithZeroTemp":{"iob":0.958,"basaliob":-1.305,"bolussnooze":0,"activity":0.023,"lastBolusTime":1703412535393,"time":"2023-12-24T11:48:41.211Z"}},{"iob":1.947,"basaliob":-0.156,"bolussnooze":0,"activity":0.029,"lastBolusTime":1703412535393,"time":"2023-12-24T11:53:41.211Z","iobWithZeroTemp":{"iob":0.766,"basaliob":-1.337,"bolussnooze":0,"activity":0.0205,"lastBolusTime":1703412535393,"time":"2023-12-24T11:53:41.211Z"}},{"iob":1.807,"basaliob":-0.146,"bolussnooze":0,"activity":0.0272,"lastBolusTime":1703412535393,"time":"2023-12-24T11:58:41.211Z","iobWithZeroTemp":{"iob":0.587,"basaliob":-1.366,"bolussnooze":0,"activity":0.0183,"lastBolusTime":1703412535393,"time":"2023-12-24T11:58:41.211Z"}},{"iob":1.676,"basaliob":-0.136,"bolussnooze":0,"activity":0.0255,"lastBolusTime":1703412535393,"time":"2023-12-24T12:03:41.211Z","iobWithZeroTemp":{"iob":0.414,"basaliob":-1.398,"bolussnooze":0,"activity":0.0161,"lastBolusTime":1703412535393,"time":"2023-12-24T12:03:41.211Z"}},{"iob":1.553,"basaliob":-0.127,"bolussnooze":0,"activity":0.0239,"lastBolusTime":1703412535393,"time":"2023-12-24T12:08:41.211Z","iobWithZeroTemp":{"iob":0.252,"basaliob":-1.428,"bolussnooze":0,"activity":0.0141,"lastBolusTime":1703412535393,"time":"2023-12-24T12:08:41.211Z"}},{"iob":1.437,"basaliob":-0.119,"bolussnooze":0,"activity":0.0223,"lastBolusTime":1703412535393,"time":"2023-12-24T12:13:41.211Z","iobWithZeroTemp":{"iob":0.098,"basaliob":-1.458,"bolussnooze":0,"activity":0.012,"lastBolusTime":1703412535393,"time":"2023-12-24T12:13:41.211Z"}},{"iob":1.329,"basaliob":-0.111,"bolussnooze":0,"activity":0.0207,"lastBolusTime":1703412535393,"time":"2023-12-24T12:18:41.211Z","iobWithZeroTemp":{"iob":-0.045,"basaliob":-1.485,"bolussnooze":0,"activity":0.01,"lastBolusTime":1703412535393,"time":"2023-12-24T12:18:41.211Z"}},{"iob":1.229,"basaliob":-0.103,"bolussnooze":0,"activity":0.0194,"lastBolusTime":1703412535393,"time":"2023-12-24T12:23:41.211Z","iobWithZeroTemp":{"iob":-0.178,"basaliob":-1.51,"bolussnooze":0,"activity":0.0083,"lastBolusTime":1703412535393,"time":"2023-12-24T12:23:41.211Z"}},{"iob":1.136,"basaliob":-0.096,"bolussnooze":0,"activity":0.0181,"lastBolusTime":1703412535393,"time":"2023-12-24T12:28:41.211Z","iobWithZeroTemp":{"iob":-0.302,"basaliob":-1.534,"bolussnooze":0,"activity":0.0066,"lastBolusTime":1703412535393,"time":"2023-12-24T12:28:41.211Z"}},{"iob":1.048,"basaliob":-0.09,"bolussnooze":0,"activity":0.0168,"lastBolusTime":1703412535393,"time":"2023-12-24T12:33:41.211Z","iobWithZeroTemp":{"iob":-0.419,"basaliob":-1.557,"bolussnooze":0,"activity":0.005,"lastBolusTime":1703412535393,"time":"2023-12-24T12:33:41.211Z"}},{"iob":0.967,"basaliob":-0.083,"bolussnooze":0,"activity":0.0157,"lastBolusTime":1703412535393,"time":"2023-12-24T12:38:41.211Z","iobWithZeroTemp":{"iob":-0.528,"basaliob":-1.578,"bolussnooze":0,"activity":0.0035,"lastBolusTime":1703412535393,"time":"2023-12-24T12:38:41.211Z"}},{"iob":0.892,"basaliob":-0.077,"bolussnooze":0,"activity":0.0146,"lastBolusTime":1703412535393,"time":"2023-12-24T12:43:41.211Z","iobWithZeroTemp":{"iob":-0.629,"basaliob":-1.598,"bolussnooze":0,"activity":0.0021,"lastBolusTime":1703412535393,"time":"2023-12-24T12:43:41.211Z"}},{"iob":0.821,"basaliob":-0.072,"bolussnooze":0,"activity":0.0135,"lastBolusTime":1703412535393,"time":"2023-12-24T12:48:41.211Z","iobWithZeroTemp":{"iob":-0.724,"basaliob":-1.617,"bolussnooze":0,"activity":7.0E-4,"lastBolusTime":1703412535393,"time":"2023-12-24T12:48:41.211Z"}},{"iob":0.756,"basaliob":-0.066,"bolussnooze":0,"activity":0.0126,"lastBolusTime":1703412535393,"time":"2023-12-24T12:53:41.211Z","iobWithZeroTemp":{"iob":-0.811,"basaliob":-1.633,"bolussnooze":0,"activity":-5.0E-4,"lastBolusTime":1703412535393,"time":"2023-12-24T12:53:41.211Z"}},{"iob":0.695,"basaliob":-0.062,"bolussnooze":0,"activity":0.0117,"lastBolusTime":1703412535393,"time":"2023-12-24T12:58:41.211Z","iobWithZeroTemp":{"iob":-0.894,"basaliob":-1.651,"bolussnooze":0,"activity":-0.0017,"lastBolusTime":1703412535393,"time":"2023-12-24T12:58:41.211Z"}},{"iob":0.639,"basaliob":-0.057,"bolussnooze":0,"activity":0.0108,"lastBolusTime":1703412535393,"time":"2023-12-24T13:03:41.211Z","iobWithZeroTemp":{"iob":-0.965,"basaliob":-1.661,"bolussnooze":0,"activity":-0.0029,"lastBolusTime":1703412535393,"time":"2023-12-24T13:03:41.211Z"}},{"iob":0.587,"basaliob":-0.053,"bolussnooze":0,"activity":0.01,"lastBolusTime":1703412535393,"time":"2023-12-24T13:08:41.211Z","iobWithZeroTemp":{"iob":-1.031,"basaliob":-1.671,"bolussnooze":0,"activity":-0.0039,"lastBolusTime":1703412535393,"time":"2023-12-24T13:08:41.211Z"}},{"iob":0.539,"basaliob":-0.049,"bolussnooze":0,"activity":0.0092,"lastBolusTime":1703412535393,"time":"2023-12-24T13:13:41.211Z","iobWithZeroTemp":{"iob":-1.092,"basaliob":-1.68,"bolussnooze":0,"activity":-0.005,"lastBolusTime":1703412535393,"time":"2023-12-24T13:13:41.211Z"}},{"iob":0.495,"basaliob":-0.045,"bolussnooze":0,"activity":0.0086,"lastBolusTime":1703412535393,"time":"2023-12-24T13:18:41.211Z","iobWithZeroTemp":{"iob":-1.148,"basaliob":-1.688,"bolussnooze":0,"activity":-0.0058,"lastBolusTime":1703412535393,"time":"2023-12-24T13:18:41.211Z"}},{"iob":0.453,"basaliob":-0.042,"bolussnooze":0,"activity":0.0079,"lastBolusTime":1703412535393,"time":"2023-12-24T13:23:41.211Z","iobWithZeroTemp":{"iob":-1.201,"basaliob":-1.696,"bolussnooze":0,"activity":-0.0067,"lastBolusTime":1703412535393,"time":"2023-12-24T13:23:41.211Z"}},{"iob":0.416,"basaliob":-0.038,"bolussnooze":0,"activity":0.0073,"lastBolusTime":1703412535393,"time":"2023-12-24T13:28:41.211Z","iobWithZeroTemp":{"iob":-1.247,"basaliob":-1.701,"bolussnooze":0,"activity":-0.0074,"lastBolusTime":1703412535393,"time":"2023-12-24T13:28:41.211Z"}},{"iob":0.38,"basaliob":-0.035,"bolussnooze":0,"activity":0.0067,"lastBolusTime":1703412535393,"time":"2023-12-24T13:33:41.211Z","iobWithZeroTemp":{"iob":-1.292,"basaliob":-1.707,"bolussnooze":0,"activity":-0.0082,"lastBolusTime":1703412535393,"time":"2023-12-24T13:33:41.211Z"}},{"iob":0.347,"basaliob":-0.033,"bolussnooze":0,"activity":0.0063,"lastBolusTime":1703412535393,"time":"2023-12-24T13:38:41.211Z","iobWithZeroTemp":{"iob":-1.334,"basaliob":-1.714,"bolussnooze":0,"activity":-0.0088,"lastBolusTime":1703412535393,"time":"2023-12-24T13:38:41.211Z"}},{"iob":0.318,"basaliob":-0.03,"bolussnooze":0,"activity":0.0057,"lastBolusTime":1703412535393,"time":"2023-12-24T13:43:41.211Z","iobWithZeroTemp":{"iob":-1.37,"basaliob":-1.718,"bolussnooze":0,"activity":-0.0095,"lastBolusTime":1703412535393,"time":"2023-12-24T13:43:41.211Z"}},{"iob":0.289,"basaliob":-0.028,"bolussnooze":0,"activity":0.0053,"lastBolusTime":1703412535393,"time":"2023-12-24T13:48:41.211Z","iobWithZeroTemp":{"iob":-1.406,"basaliob":-1.723,"bolussnooze":0,"activity":-0.01,"lastBolusTime":1703412535393,"time":"2023-12-24T13:48:41.211Z"}},{"iob":0.265,"basaliob":-0.025,"bolussnooze":0,"activity":0.0049,"lastBolusTime":1703412535393,"time":"2023-12-24T13:53:41.211Z","iobWithZeroTemp":{"iob":-1.436,"basaliob":-1.726,"bolussnooze":0,"activity":-0.0105,"lastBolusTime":1703412535393,"time":"2023-12-24T13:53:41.211Z"}},{"iob":0.241,"basaliob":-0.023,"bolussnooze":0,"activity":0.0045,"lastBolusTime":1703412535393,"time":"2023-12-24T13:58:41.211Z","iobWithZeroTemp":{"iob":-1.466,"basaliob":-1.73,"bolussnooze":0,"activity":-0.0111,"lastBolusTime":1703412535393,"time":"2023-12-24T13:58:41.211Z"}},{"iob":0.22,"basaliob":-0.021,"bolussnooze":0,"activity":0.0041,"lastBolusTime":1703412535393,"time":"2023-12-24T14:03:41.211Z","iobWithZeroTemp":{"iob":-1.488,"basaliob":-1.729,"bolussnooze":0,"activity":-0.0115,"lastBolusTime":1703412535393,"time":"2023-12-24T14:03:41.211Z"}},{"iob":0.199,"basaliob":-0.02,"bolussnooze":0,"activity":0.0038,"lastBolusTime":1703412535393,"time":"2023-12-24T14:08:41.211Z","iobWithZeroTemp":{"iob":-1.51,"basaliob":-1.729,"bolussnooze":0,"activity":-0.0119,"lastBolusTime":1703412535393,"time":"2023-12-24T14:08:41.211Z"}}],"profile":{"max_iob":15,"type":"current","max_daily_basal":1.2,"max_basal":3.4,"min_bg":99,"max_bg":99,"target_bg":99,"carb_ratio":4.285714285714286,"sens":20.57142857142857,"max_daily_safety_multiplier":3,"current_basal_safety_multiplier":4,"high_temptarget_raises_sensitivity":false,"low_temptarget_lowers_sensitivity":false,"sensitivity_raises_target":true,"resistance_lowers_target":true,"adv_target_adjustments":false,"exercise_mode":false,"half_basal_exercise_target":160,"maxCOB":120,"skip_neutral_temps":false,"remainingCarbsCap":90,"enableUAM":true,"A52_risk_enable":false,"SMBInterval":3,"enableSMB_with_COB":true,"enableSMB_with_temptarget":true,"allowSMB_with_high_temptarget":false,"enableSMB_always":false,"enableSMB_after_carbs":true,"maxSMBBasalMinutes":80,"maxUAMSMBBasalMinutes":60,"bolus_increment":0.05,"carbsReqThreshold":10,"current_basal":0.85,"temptargetSet":false,"autosens_max":1.2,"out_units":"mmol\/L"},"autosens_data":{"ratio":1},"meal_data":{"carbs":50,"mealCOB":32.007857142857155,"slopeFromMaxDeviation":-0.1924999999999999,"slopeFromMinDeviation":0.1999090909090909,"lastBolusTime":1703412535393,"lastCarbTime":1703408345847},"microBolusAllowed":true,"currentTime":1703412823122,"flatBGsDetected":false},"output":{"temp":"absolute","bg":111,"tick":-1,"eventualBG":115,"targetBG":99,"insulinReq":0.15,"deliverAt":"2023-12-24T10:13:43.122Z","sensitivityRatio":1,"predBGs":{"IOB":[111,109,108,105,103,100,96,93,89,85,80,75,70,66,61,57,53,49,45,42,39],"ZT":[111,103,96,89,81,75,68,62,56,50,45,40,39,39,39,39,39,39,39,39,39,39,39,39,39,39,39,39,39,39,39,39,39,39,39,39,39,39,39,39,39,39,39,39,39,39,39,39],"COB":[111,110,109,108,107,106,105,104,104,103,103,103,103,103,103,103,103,104,104,105,105,106,107,107,108,109,109,110,111,112,112,113,114,114,115,115,116,116,116,117,117,117,117,117,116,116,115],"UAM":[111,110,109,107,106,105,104,103,102,101,100,100,99,99,98,98,97,97,96,96,96,96,95,95,95,94,94,94,93,93,92,91,90,90,89,88,87,86,85,84,83,82,82,81,81,80,80,79]},"COB":32.007857142857155,"IOB":7.132,"reason":"COB: 32, Dev: 2.2, BGI: -0.4, ISF: 1.1, CR: 4.29, Target: 5.5, minPredBG 5.7, minGuardBG 5.2, IOBpredBG 2.2, COBpredBG 6.4, UAMpredBG 4.4; Eventual BG 6.4 >= 5.5,  insulinReq 0.15; setting 60m low temp of 0U\/h. Microbolusing 0.05U. ","units":0.05,"rate":0,"duration":60,"timestamp":"2023-12-24T10:13:43.231Z"}}