{"algorithm":"OpenAPSSMBPlugin","input":{"glucoseStatus":{"glucose":111,"noise":0,"delta":-1,"short_avgdelta":-0.78,"long_avgdelta":0.54,"date":1703476693000},"currenttemp":{"temp":"absolute","duration":55,"rate":0.48,"minutesrunning":5},"iob_data":[{"iob":0.5,"basaliob":-0.703,"bolussnooze":0,"activity":0.0049,"lastBolusTime":1703476136521,"time":"2023-12-25T03:58:43.627Z","iobWithZeroTemp":{"iob":0.5,"basaliob":-0.703,"bolussnooze":0,"activity":0.0049,"lastBolusTime":1703476136521,"time":"2023-12-25T03:58:43.627Z"}},{"iob":0.475,"basaliob":-0.67,"bolussnooze":0,"activity":0.0049,"lastBolusTime":1703476136521,"time":"2023-12-25T04:03:43.627Z","iobWithZeroTemp":{"iob":0.397,"basaliob":-0.748,"bolussnooze":0,"activity":0.0048,"lastBolusTime":1703476136521,"time":"2023-12-25T04:03:43.627Z"}},{"iob":0.451,"basaliob":-0.637,"bolussnooze":0,"activity":0.0047,"lastBolusTime":1703476136521,"time":"2023-12-25T04:08:43.627Z","iobWithZeroTemp":{"iob":0.276,"basaliob":-0.812,"bolussnooze":0,"activity":0.0045,"lastBolusTime":1703476136521,"time":"2023-12-25T04:08:43.627Z"}},{"iob":0.428,"basaliob":-0.604,"bolussnooze":0,"activity":0.0047,"lastBolusTime":1703476136521,"time":"2023-12-25T04:13:43.627Z","iobWithZeroTemp":{"iob":0.158,"basaliob":-0.874,"bolussnooze":0,"activity":0.0042,"lastBolusTime":1703476136521,"time":"2023-12-25T04:13:43.627Z"}},{"iob":0.405,"basaliob":-0.572,"bolussnooze":0,"activity":0.0046,"lastBolusTime":1703476136521,"time":"2023-12-25T04:18:43.627Z","iobWithZeroTemp":{"iob":0.041,"basaliob":-0.936,"bolussnooze":0,"activity":0.0036,"lastBolusTime":1703476136521,"time":"2023-12-25T04:18:43.627Z"}},{"iob":0.383,"basaliob":-0.541,"bolussnooze":0,"activity":0.0045,"lastBolusTime":1703476136521,"time":"2023-12-25T04:23:43.627Z","iobWithZeroTemp":{"iob":-0.073,"basaliob":-0.997,"bolussnooze":0,"activity":0.0031,"lastBolusTime":1703476136521,"time":"2023-12-25T04:23:43.627Z"}},{"iob":0.361,"basaliob":-0.511,"bolussnooze":0,"activity":0.0043,"lastBolusTime":1703476136521,"time":"2023-12-25T04:28:43.627Z","iobWithZeroTemp":{"iob":-0.184,"basaliob":-1.056,"bolussnooze":0,"activity":0.0023,"lastBolusTime":1703476136521,"time":"2023-12-25T04:28:43.627Z"}},{"iob":0.339,"basaliob":-0.482,"bolussnooze":0,"activity":0.0042,"lastBolusTime":1703476136521,"time":"2023-12-25T04:33:43.627Z","iobWithZeroTemp":{"iob":-0.292,"basaliob":-1.113,"bolussnooze":0,"activity":0.0016,"lastBolusTime":1703476136521,"time":"2023-12-25T04:33:43.627Z"}},{"iob":0.319,"basaliob":-0.454,"bolussnooze":0,"activity":0.004,"lastBolusTime":1703476136521,"time":"2023-12-25T04:38:43.627Z","iobWithZeroTemp":{"iob":-0.395,"basaliob":-1.168,"bolussnooze":0,"activity":8.0E-4,"lastBolusTime":1703476136521,"time":"2023-12-25T04:38:43.627Z"}},{"iob":0.299,"basaliob":-0.427,"bolussnooze":0,"activity":0.0038,"lastBolusTime":1703476136521,"time":"2023-12-25T04:43:43.627Z","iobWithZeroTemp":{"iob":-0.495,"basaliob":-1.221,"bolussnooze":0,"activity":0,"lastBolusTime":1703476136521,"time":"2023-12-25T04:43:43.627Z"}},{"iob":0.281,"basaliob":-0.401,"bolussnooze":0,"activity":0.0036,"lastBolusTime":1703476136521,"time":"2023-12-25T04:48:43.627Z","iobWithZeroTemp":{"iob":-0.59,"basaliob":-1.272,"bolussnooze":0,"activity":-9.0E-4,"lastBolusTime":1703476136521,"time":"2023-12-25T04:48:43.627Z"}},{"iob":0.263,"basaliob":-0.376,"bolussnooze":0,"activity":0.0035,"lastBolusTime":1703476136521,"time":"2023-12-25T04:53:43.627Z","iobWithZeroTemp":{"iob":-0.682,"basaliob":-1.321,"bolussnooze":0,"activity":-0.0017,"lastBolusTime":1703476136521,"time":"2023-12-25T04:53:43.627Z"}},{"iob":0.247,"basaliob":-0.352,"bolussnooze":0,"activity":0.0033,"lastBolusTime":1703476136521,"time":"2023-12-25T04:58:43.627Z","iobWithZeroTemp":{"iob":-0.768,"basaliob":-1.367,"bolussnooze":0,"activity":-0.0025,"lastBolusTime":1703476136521,"time":"2023-12-25T04:58:43.627Z"}},{"iob":0.23,"basaliob":-0.33,"bolussnooze":0,"activity":0.0031,"lastBolusTime":1703476136521,"time":"2023-12-25T05:03:43.627Z","iobWithZeroTemp":{"iob":-0.846,"basaliob":-1.406,"bolussnooze":0,"activity":-0.0034,"lastBolusTime":1703476136521,"time":"2023-12-25T05:03:43.627Z"}},{"iob":0.216,"basaliob":-0.308,"bolussnooze":0,"activity":0.0029,"lastBolusTime":1703476136521,"time":"2023-12-25T05:08:43.627Z","iobWithZeroTemp":{"iob":-0.918,"basaliob":-1.442,"bolussnooze":0,"activity":-0.0042,"lastBolusTime":1703476136521,"time":"2023-12-25T05:08:43.627Z"}},{"iob":0.201,"basaliob":-0.288,"bolussnooze":0,"activity":0.0029,"lastBolusTime":1703476136521,"time":"2023-12-25T05:13:43.627Z","iobWithZeroTemp":{"iob":-0.988,"basaliob":-1.477,"bolussnooze":0,"activity":-0.0049,"lastBolusTime":1703476136521,"time":"2023-12-25T05:13:43.627Z"}},{"iob":0.187,"basaliob":-0.269,"bolussnooze":0,"activity":0.0027,"lastBolusTime":1703476136521,"time":"2023-12-25T05:18:43.627Z","iobWithZeroTemp":{"iob":-1.053,"basaliob":-1.509,"bolussnooze":0,"activity":-0.0057,"lastBolusTime":1703476136521,"time":"2023-12-25T05:18:43.627Z"}},{"iob":0.174,"basaliob":-0.251,"bolussnooze":0,"activity":0.0025,"lastBolusTime":1703476136521,"time":"2023-12-25T05:23:43.627Z","iobWithZeroTemp":{"iob":-1.115,"basaliob":-1.54,"bolussnooze":0,"activity":-0.0064,"lastBolusTime":1703476136521,"time":"2023-12-25T05:23:43.627Z"}},{"iob":0.163,"basaliob":-0.233,"bolussnooze":0,"activity":0.0024,"lastBolusTime":1703476136521,"time":"2023-12-25T05:28:43.627Z","iobWithZeroTemp":{"iob":-1.172,"basaliob":-1.568,"bolussnooze":0,"activity":-0.0071,"lastBolusTime":1703476136521,"time":"2023-12-25T05:28:43.627Z"}},{"iob":0.151,"basaliob":-0.217,"bolussnooze":0,"activity":0.0022,"lastBolusTime":1703476136521,"time":"2023-12-25T05:33:43.627Z","iobWithZeroTemp":{"iob":-1.227,"basaliob":-1.595,"bolussnooze":0,"activity":-0.0078,"lastBolusTime":1703476136521,"time":"2023-12-25T05:33:43.627Z"}},{"iob":0.14,"basaliob":-0.202,"bolussnooze":0,"activity":0.0021,"lastBolusTime":1703476136521,"time":"2023-12-25T05:38:43.627Z","iobWithZeroTemp":{"iob":-1.278,"basaliob":-1.62,"bolussnooze":0,"activity":-0.0085,"lastBolusTime":1703476136521,"time":"2023-12-25T05:38:43.627Z"}},{"iob":0.13,"basaliob":-0.188,"bolussnooze":0,"activity":0.0019,"lastBolusTime":1703476136521,"time":"2023-12-25T05:43:43.627Z","iobWithZeroTemp":{"iob":-1.326,"basaliob":-1.644,"bolussnooze":0,"activity":-0.0091,"lastBolusTime":1703476136521,"time":"2023-12-25T05:43:43.627Z"}},{"iob":0.121,"basaliob":-0.174,"bolussnooze":0,"activity":0.0018,"lastBolusTime":1703476136521,"time":"2023-12-25T05:48:43.627Z","iobWithZeroTemp":{"iob":-1.371,"basaliob":-1.666,"bolussnooze":0,"activity":-0.0097,"lastBolusTime":1703476136521,"time":"2023-12-25T05:48:43.627Z"}},{"iob":0.112,"basaliob":-0.162,"bolussnooze":0,"activity":0.0017,"lastBolusTime":1703476136521,"time":"2023-12-25T05:53:43.627Z","iobWithZeroTemp":{"iob":-1.413,"basaliob":-1.687,"bolussnooze":0,"activity":-0.0103,"lastBolusTime":1703476136521,"time":"2023-12-25T05:53:43.627Z"}},{"iob":0.104,"basaliob":-0.15,"bolussnooze":0,"activity":0.0016,"lastBolusTime":1703476136521,"time":"2023-12-25T05:58:43.627Z","iobWithZeroTemp":{"iob":-1.452,"basaliob":-1.706,"bolussnooze":0,"activity":-0.0108,"lastBolusTime":1703476136521,"time":"2023-12-25T05:58:43.627Z"}},{"iob":0.096,"basaliob":-0.139,"bolussnooze":0,"activity":0.0015,"lastBolusTime":1703476136521,"time":"2023-12-25T06:03:43.627Z","iobWithZeroTemp":{"iob":-1.48,"basaliob":-1.715,"bolussnooze":0,"activity":-0.0113,"lastBolusTime":1703476136521,"time":"2023-12-25T06:03:43.627Z"}},{"iob":0.088,"basaliob":-0.129,"bolussnooze":0,"activity":0.0014,"lastBolusTime":1703476136521,"time":"2023-12-25T06:08:43.627Z","iobWithZeroTemp":{"iob":-1.507,"basaliob":-1.724,"bolussnooze":0,"activity":-0.0117,"lastBolusTime":1703476136521,"time":"2023-12-25T06:08:43.627Z"}},{"iob":0.082,"basaliob":-0.119,"bolussnooze":0,"activity":0.0013,"lastBolusTime":1703476136521,"time":"2023-12-25T06:13:43.627Z","iobWithZeroTemp":{"iob":-1.53,"basaliob":-1.731,"bolussnooze":0,"activity":-0.0122,"lastBolusTime":1703476136521,"time":"2023-12-25T06:13:43.627Z"}},{"iob":0.076,"basaliob":-0.11,"bolussnooze":0,"activity":0.0012,"lastBolusTime":1703476136521,"time":"2023-12-25T06:18:43.627Z","iobWithZeroTemp":{"iob":-1.551,"basaliob":-1.737,"bolussnooze":0,"activity":-0.0126,"lastBolusTime":1703476136521,"time":"2023-12-25T06:18:43.627Z"}},{"iob":0.07,"basaliob":-0.102,"bolussnooze":0,"activity":0.0011,"lastBolusTime":1703476136521,"time":"2023-12-25T06:23:43.627Z","iobWithZeroTemp":{"iob":-1.571,"basaliob":-1.743,"bolussnooze":0,"activity":-0.0129,"lastBolusTime":1703476136521,"time":"2023-12-25T06:23:43.627Z"}},{"iob":0.064,"basaliob":-0.094,"bolussnooze":0,"activity":0.0011,"lastBolusTime":1703476136521,"time":"2023-12-25T06:28:43.627Z","iobWithZeroTemp":{"iob":-1.589,"basaliob":-1.747,"bolussnooze":0,"activity":-0.0132,"lastBolusTime":1703476136521,"time":"2023-12-25T06:28:43.627Z"}},{"iob":0.06,"basaliob":-0.086,"bolussnooze":0,"activity":0.001,"lastBolusTime":1703476136521,"time":"2023-12-25T06:33:43.627Z","iobWithZeroTemp":{"iob":-1.604,"basaliob":-1.75,"bolussnooze":0,"activity":-0.0135,"lastBolusTime":1703476136521,"time":"2023-12-25T06:33:43.627Z"}},{"iob":0.055,"basaliob":-0.08,"bolussnooze":0,"activity":9.0E-4,"lastBolusTime":1703476136521,"time":"2023-12-25T06:38:43.627Z","iobWithZeroTemp":{"iob":-1.62,"basaliob":-1.755,"bolussnooze":0,"activity":-0.0138,"lastBolusTime":1703476136521,"time":"2023-12-25T06:38:43.627Z"}},{"iob":0.051,"basaliob":-0.073,"bolussnooze":0,"activity":8.0E-4,"lastBolusTime":1703476136521,"time":"2023-12-25T06:43:43.627Z","iobWithZeroTemp":{"iob":-1.633,"basaliob":-1.757,"bolussnooze":0,"activity":-0.0141,"lastBolusTime":1703476136521,"time":"2023-12-25T06:43:43.627Z"}},{"iob":0.046,"basaliob":-0.068,"bolussnooze":0,"activity":8.0E-4,"lastBolusTime":1703476136521,"time":"2023-12-25T06:48:43.627Z","iobWithZeroTemp":{"iob":-1.646,"basaliob":-1.76,"bolussnooze":0,"activity":-0.0143,"lastBolusTime":1703476136521,"time":"2023-12-25T06:48:43.627Z"}},{"iob":0.043,"basaliob":-0.062,"bolussnooze":0,"activity":8.0E-4,"lastBolusTime":1703476136521,"time":"2023-12-25T06:53:43.627Z","iobWithZeroTemp":{"iob":-1.657,"basaliob":-1.762,"bolussnooze":0,"activity":-0.0144,"lastBolusTime":1703476136521,"time":"2023-12-25T06:53:43.627Z"}},{"iob":0.039,"basaliob":-0.057,"bolussnooze":0,"activity":6.0E-4,"lastBolusTime":1703476136521,"time":"2023-12-25T06:58:43.627Z","iobWithZeroTemp":{"iob":-1.667,"basaliob":-1.763,"bolussnooze":0,"activity":-0.0148,"lastBolusTime":1703476136521,"time":"2023-12-25T06:58:43.627Z"}},{"iob":0.037,"basaliob":-0.052,"bolussnooze":0,"activity":6.0E-4,"lastBolusTime":1703476136521,"time":"2023-12-25T07:03:43.627Z","iobWithZeroTemp":{"iob":-1.671,"basaliob":-1.76,"bolussnooze":0,"activity":-0.0149,"lastBolusTime":1703476136521,"time":"2023-12-25T07:03:43.627Z"}},{"iob":0.033,"basaliob":-0.048,"bolussnooze":0,"activity":6.0E-4,"lastBolusTime":1703476136521,"time":"2023-12-25T07:08:43.627Z","iobWithZeroTemp":{"iob":-1.676,"basaliob":-1.757,"bolussnooze":0,"activity":-0.015,"lastBolusTime":1703476136521,"time":"2023-12-25T07:08:43.627Z"}},{"iob":0.031,"basaliob":-0.044,"bolussnooze":0,"activity":5.0E-4,"lastBolusTime":1703476136521,"time":"2023-12-25T07:13:43.627Z","iobWithZeroTemp":{"iob":-1.679,"basaliob":-1.754,"bolussnooze":0,"activity":-0.0152,"lastBolusTime":1703476136521,"time":"2023-12-25T07:13:43.627Z"}},{"iob":0.028,"basaliob":-0.04,"bolussnooze":0,"activity":5.0E-4,"lastBolusTime":1703476136521,"time":"2023-12-25T07:18:43.627Z","iobWithZeroTemp":{"iob":-1.682,"basaliob":-1.75,"bolussnooze":0,"activity":-0.0153,"lastBolusTime":1703476136521,"time":"2023-12-25T07:18:43.627Z"}},{"iob":0.026,"basaliob":-0.037,"bolussnooze":0,"activity":4.0E-4,"lastBolusTime":1703476136521,"time":"2023-12-25T07:23:43.627Z","iobWithZeroTemp":{"iob":-1.684,"basaliob":-1.747,"bolussnooze":0,"activity":-0.0154,"lastBolusTime":1703476136521,"time":"2023-12-25T07:23:43.627Z"}},{"iob":0.023,"basaliob":-0.034,"bolussnooze":0,"activity":4.0E-4,"lastBolusTime":1703476136521,"time":"2023-12-25T07:28:43.627Z","iobWithZeroTemp":{"iob":-1.686,"basaliob":-1.743,"bolussnooze":0,"activity":-0.0155,"lastBolusTime":1703476136521,"time":"2023-12-25T07:28:43.627Z"}},{"iob":0.021,"basaliob":-0.031,"bolussnooze":0,"activity":3.0E-4,"lastBolusTime":1703476136521,"time":"2023-12-25T07:33:43.627Z","iobWithZeroTemp":{"iob":-1.688,"basaliob":-1.74,"bolussnooze":0,"activity":-0.0156,"lastBolusTime":1703476136521,"time":"2023-12-25T07:33:43.627Z"}},{"iob":0.02,"basaliob":-0.028,"bolussnooze":0,"activity":4.0E-4,"lastBolusTime":1703476136521,"time":"2023-12-25T07:38:43.627Z","iobWithZeroTemp":{"iob":-1.688,"basaliob":-1.736,"bolussnooze":0,"activity":-0.0156,"lastBolusTime":1703476136521,"time":"2023-12-25T07:38:43.627Z"}},{"iob":0.018,"basaliob":-0.026,"bolussnooze":0,"activity":3.0E-4,"lastBolusTime":1703476136521,"time":"2023-12-25T07:43:43.627Z","iobWithZeroTemp":{"iob":-1.689,"basaliob":-1.733,"bolussnooze":0,"activity":-0.0157,"lastBolusTime":1703476136521,"time":"2023-12-25T07:43:43.627Z"}},{"iob":0.016,"basaliob":-0.024,"bolussnooze":0,"activity":3.0E-4,"lastBolusTime":1703476136521,"time":"2023-12-25T07:48:43.627Z","iobWithZeroTemp":{"iob":-1.69,"basaliob":-1.73,"bolussnooze":0,"activity":-0.0157,"lastBolusTime":1703476136521,"time":"2023-12-25T07:48:43.627Z"}},{"iob":0.014,"basaliob":-0.022,"bolussnooze":0,"activity":3.0E-4,"lastBolusTime":1703476136521,"time":"2023-12-25T07:53:43.627Z","iobWithZeroTemp":{"iob":-1.69,"basaliob":-1.726,"bolussnooze":0,"activity":-0.0157,"lastBolusTime":1703476136521,"time":"2023-12-25T07:53:43.627Z"}}],"profile":{"max_iob":15,"type":"current","max_daily_basal":1.2,"max_basal":3.59,"min_bg":99,"max_bg":99,"target_bg":99,"carb_ratio":5.7142857142857135,"sens":30.857142857142854,"max_daily_safety_multiplier":3,"current_basal_safety_multiplier":4,"high_temptarget_raises_sensitivity":false,"low_temptarget_lowers_sensitivity":false,"sensitivity_raises_target":true,"resistance_lowers_target":true,"adv_target_adjustments":false,"exercise_mode":false,"half_basal_exercise_target":160,"maxCOB":120,"skip_neutral_temps":false,"remainingCarbsCap":90,"enableUAM":true,"A52_risk_enable":false,"SMBInterval":3,"enableSMB_with_COB":true,"enableSMB_with_temptarget":true,"allowSMB_with_high_temptarget":false,"enableSMB_always":false,"enableSMB_after_carbs":true,"maxSMBBasalMinutes":80,"maxUAMSMBBasalMinutes":60,"bolus_increment":0.05,"carbsReqThreshold":10,"current_basal":1.2,"temptargetSet":false,"autosens_max":1.2,"out_units":"mmol\/L"},"autosens_data":{"ratio":1},"meal_data":{"carbs":6,"mealCOB":0,"slopeFromMaxDeviation":-0.35679999999999995,"slopeFromMinDeviation":0.36449999999999994,"lastBolusTime":1703476136521,"lastCarbTime":1703456187000},"microBolusAllowed":true,"currentTime":1703476725777,"flatBGsDetected":false},"output":{"temp":"absolute","bg":111,"tick":-1,"eventualBG":96,"targetBG":99,"insulinReq":0,"deliverAt":"2023-12-25T03:58:45.777Z","sensitivityRatio":1,"predBGs":{"IOB":[111,110,109,108,107,107,106,105,104,104,103,102,102,101,101,100,100,100,99,99,98,98,98,98,97,97,97,97,96,96,96,96,96,96,95,95,95,95,95,95,95,95,95,95,95,95,95,94],"ZT":[111,110,110,109,108,108,107,107,106,106,106,107,107,107,108,108]},"COB":0,"IOB":0.5,"reason":"COB: 0, Dev: 0.0, BGI: 0.0, ISF: 1.7, CR: 5.71, Target: 5.5, minPredBG 5.6, minGuardBG 5.2, IOBpredBG 5.2; Eventual BG 5.3 < 5.5, 55m@0.48 is a lot less than needed. ","duration":30,"rate":0.82,"timestamp":"2023-12-25T03:58:45.874Z"}}