{"algorithm":"OpenAPSSMBPlugin","input":{"glucoseStatus":{"glucose":122,"noise":0,"delta":0,"short_avgdelta":-0.39,"long_avgdelta":-1.19,"date":1703470693000},"currenttemp":{"temp":"absolute","duration":55,"rate":0,"minutesrunning":5},"iob_data":[{"iob":0.771,"basaliob":-0.683,"bolussnooze":0,"activity":0.0131,"lastBolusTime":1703470433672,"time":"2023-12-25T02:18:43.369Z","iobWithZeroTemp":{"iob":0.771,"basaliob":-0.683,"bolussnooze":0,"activity":0.0131,"lastBolusTime":1703470433672,"time":"2023-12-25T02:18:43.369Z"}},{"iob":0.708,"basaliob":-0.654,"bolussnooze":0,"activity":0.0121,"lastBolusTime":1703470433672,"time":"2023-12-25T02:23:43.369Z","iobWithZeroTemp":{"iob":0.635,"basaliob":-0.727,"bolussnooze":0,"activity":0.0121,"lastBolusTime":1703470433672,"time":"2023-12-25T02:23:43.369Z"}},{"iob":0.65,"basaliob":-0.624,"bolussnooze":0,"activity":0.0112,"lastBolusTime":1703470433672,"time":"2023-12-25T02:28:43.369Z","iobWithZeroTemp":{"iob":0.485,"basaliob":-0.789,"bolussnooze":0,"activity":0.011,"lastBolusTime":1703470433672,"time":"2023-12-25T02:28:43.369Z"}},{"iob":0.596,"basaliob":-0.594,"bolussnooze":0,"activity":0.0104,"lastBolusTime":1703470433672,"time":"2023-12-25T02:33:43.369Z","iobWithZeroTemp":{"iob":0.341,"basaliob":-0.849,"bolussnooze":0,"activity":0.0099,"lastBolusTime":1703470433672,"time":"2023-12-25T02:33:43.369Z"}},{"iob":0.546,"basaliob":-0.565,"bolussnooze":0,"activity":0.0096,"lastBolusTime":1703470433672,"time":"2023-12-25T02:38:43.369Z","iobWithZeroTemp":{"iob":0.203,"basaliob":-0.908,"bolussnooze":0,"activity":0.0087,"lastBolusTime":1703470433672,"time":"2023-12-25T02:38:43.369Z"}},{"iob":0.5,"basaliob":-0.536,"bolussnooze":0,"activity":0.0089,"lastBolusTime":1703470433672,"time":"2023-12-25T02:43:43.369Z","iobWithZeroTemp":{"iob":0.07,"basaliob":-0.966,"bolussnooze":0,"activity":0.0076,"lastBolusTime":1703470433672,"time":"2023-12-25T02:43:43.369Z"}},{"iob":0.458,"basaliob":-0.508,"bolussnooze":0,"activity":0.0081,"lastBolusTime":1703470433672,"time":"2023-12-25T02:48:43.369Z","iobWithZeroTemp":{"iob":-0.055,"basaliob":-1.021,"bolussnooze":0,"activity":0.0062,"lastBolusTime":1703470433672,"time":"2023-12-25T02:48:43.369Z"}},{"iob":0.419,"basaliob":-0.48,"bolussnooze":0,"activity":0.0076,"lastBolusTime":1703470433672,"time":"2023-12-25T02:53:43.369Z","iobWithZeroTemp":{"iob":-0.176,"basaliob":-1.075,"bolussnooze":0,"activity":0.0052,"lastBolusTime":1703470433672,"time":"2023-12-25T02:53:43.369Z"}},{"iob":0.383,"basaliob":-0.453,"bolussnooze":0,"activity":0.0069,"lastBolusTime":1703470433672,"time":"2023-12-25T02:58:43.369Z","iobWithZeroTemp":{"iob":-0.29,"basaliob":-1.126,"bolussnooze":0,"activity":0.0039,"lastBolusTime":1703470433672,"time":"2023-12-25T02:58:43.369Z"}},{"iob":0.35,"basaliob":-0.427,"bolussnooze":0,"activity":0.0064,"lastBolusTime":1703470433672,"time":"2023-12-25T03:03:43.369Z","iobWithZeroTemp":{"iob":-0.406,"basaliob":-1.183,"bolussnooze":0,"activity":0.0028,"lastBolusTime":1703470433672,"time":"2023-12-25T03:03:43.369Z"}},{"iob":0.319,"basaliob":-0.402,"bolussnooze":0,"activity":0.0059,"lastBolusTime":1703470433672,"time":"2023-12-25T03:08:43.369Z","iobWithZeroTemp":{"iob":-0.518,"basaliob":-1.239,"bolussnooze":0,"activity":0.0016,"lastBolusTime":1703470433672,"time":"2023-12-25T03:08:43.369Z"}},{"iob":0.291,"basaliob":-0.378,"bolussnooze":0,"activity":0.0054,"lastBolusTime":1703470433672,"time":"2023-12-25T03:13:43.369Z","iobWithZeroTemp":{"iob":-0.623,"basaliob":-1.292,"bolussnooze":0,"activity":5.0E-4,"lastBolusTime":1703470433672,"time":"2023-12-25T03:13:43.369Z"}},{"iob":0.265,"basaliob":-0.355,"bolussnooze":0,"activity":0.005,"lastBolusTime":1703470433672,"time":"2023-12-25T03:18:43.369Z","iobWithZeroTemp":{"iob":-0.722,"basaliob":-1.342,"bolussnooze":0,"activity":-6.0E-4,"lastBolusTime":1703470433672,"time":"2023-12-25T03:18:43.369Z"}},{"iob":0.242,"basaliob":-0.333,"bolussnooze":0,"activity":0.0045,"lastBolusTime":1703470433672,"time":"2023-12-25T03:23:43.369Z","iobWithZeroTemp":{"iob":-0.816,"basaliob":-1.391,"bolussnooze":0,"activity":-0.0017,"lastBolusTime":1703470433672,"time":"2023-12-25T03:23:43.369Z"}},{"iob":0.22,"basaliob":-0.312,"bolussnooze":0,"activity":0.0042,"lastBolusTime":1703470433672,"time":"2023-12-25T03:28:43.369Z","iobWithZeroTemp":{"iob":-0.905,"basaliob":-1.437,"bolussnooze":0,"activity":-0.0027,"lastBolusTime":1703470433672,"time":"2023-12-25T03:28:43.369Z"}},{"iob":0.2,"basaliob":-0.292,"bolussnooze":0,"activity":0.0038,"lastBolusTime":1703470433672,"time":"2023-12-25T03:33:43.369Z","iobWithZeroTemp":{"iob":-0.989,"basaliob":-1.481,"bolussnooze":0,"activity":-0.0038,"lastBolusTime":1703470433672,"time":"2023-12-25T03:33:43.369Z"}},{"iob":0.182,"basaliob":-0.273,"bolussnooze":0,"activity":0.0035,"lastBolusTime":1703470433672,"time":"2023-12-25T03:38:43.369Z","iobWithZeroTemp":{"iob":-1.067,"basaliob":-1.522,"bolussnooze":0,"activity":-0.0047,"lastBolusTime":1703470433672,"time":"2023-12-25T03:38:43.369Z"}},{"iob":0.165,"basaliob":-0.255,"bolussnooze":0,"activity":0.0032,"lastBolusTime":1703470433672,"time":"2023-12-25T03:43:43.369Z","iobWithZeroTemp":{"iob":-1.142,"basaliob":-1.562,"bolussnooze":0,"activity":-0.0056,"lastBolusTime":1703470433672,"time":"2023-12-25T03:43:43.369Z"}},{"iob":0.15,"basaliob":-0.238,"bolussnooze":0,"activity":0.0029,"lastBolusTime":1703470433672,"time":"2023-12-25T03:48:43.369Z","iobWithZeroTemp":{"iob":-1.211,"basaliob":-1.599,"bolussnooze":0,"activity":-0.0065,"lastBolusTime":1703470433672,"time":"2023-12-25T03:48:43.369Z"}},{"iob":0.135,"basaliob":-0.222,"bolussnooze":0,"activity":0.0027,"lastBolusTime":1703470433672,"time":"2023-12-25T03:53:43.369Z","iobWithZeroTemp":{"iob":-1.277,"basaliob":-1.634,"bolussnooze":0,"activity":-0.0073,"lastBolusTime":1703470433672,"time":"2023-12-25T03:53:43.369Z"}},{"iob":0.122,"basaliob":-0.207,"bolussnooze":0,"activity":0.0024,"lastBolusTime":1703470433672,"time":"2023-12-25T03:58:43.369Z","iobWithZeroTemp":{"iob":-1.339,"basaliob":-1.668,"bolussnooze":0,"activity":-0.0082,"lastBolusTime":1703470433672,"time":"2023-12-25T03:58:43.369Z"}},{"iob":0.11,"basaliob":-0.193,"bolussnooze":0,"activity":0.0022,"lastBolusTime":1703470433672,"time":"2023-12-25T04:03:43.369Z","iobWithZeroTemp":{"iob":-1.394,"basaliob":-1.697,"bolussnooze":0,"activity":-0.009,"lastBolusTime":1703470433672,"time":"2023-12-25T04:03:43.369Z"}},{"iob":0.1,"basaliob":-0.179,"bolussnooze":0,"activity":0.0021,"lastBolusTime":1703470433672,"time":"2023-12-25T04:08:43.369Z","iobWithZeroTemp":{"iob":-1.444,"basaliob":-1.723,"bolussnooze":0,"activity":-0.0096,"lastBolusTime":1703470433672,"time":"2023-12-25T04:08:43.369Z"}},{"iob":0.091,"basaliob":-0.166,"bolussnooze":0,"activity":0.0018,"lastBolusTime":1703470433672,"time":"2023-12-25T04:13:43.369Z","iobWithZeroTemp":{"iob":-1.491,"basaliob":-1.748,"bolussnooze":0,"activity":-0.0104,"lastBolusTime":1703470433672,"time":"2023-12-25T04:13:43.369Z"}},{"iob":0.082,"basaliob":-0.154,"bolussnooze":0,"activity":0.0017,"lastBolusTime":1703470433672,"time":"2023-12-25T04:18:43.369Z","iobWithZeroTemp":{"iob":-1.536,"basaliob":-1.772,"bolussnooze":0,"activity":-0.011,"lastBolusTime":1703470433672,"time":"2023-12-25T04:18:43.369Z"}},{"iob":0.074,"basaliob":-0.143,"bolussnooze":0,"activity":0.0015,"lastBolusTime":1703470433672,"time":"2023-12-25T04:23:43.369Z","iobWithZeroTemp":{"iob":-1.577,"basaliob":-1.794,"bolussnooze":0,"activity":-0.0116,"lastBolusTime":1703470433672,"time":"2023-12-25T04:23:43.369Z"}},{"iob":0.066,"basaliob":-0.133,"bolussnooze":0,"activity":0.0014,"lastBolusTime":1703470433672,"time":"2023-12-25T04:28:43.369Z","iobWithZeroTemp":{"iob":-1.616,"basaliob":-1.815,"bolussnooze":0,"activity":-0.0121,"lastBolusTime":1703470433672,"time":"2023-12-25T04:28:43.369Z"}},{"iob":0.059,"basaliob":-0.123,"bolussnooze":0,"activity":0.0013,"lastBolusTime":1703470433672,"time":"2023-12-25T04:33:43.369Z","iobWithZeroTemp":{"iob":-1.651,"basaliob":-1.833,"bolussnooze":0,"activity":-0.0126,"lastBolusTime":1703470433672,"time":"2023-12-25T04:33:43.369Z"}},{"iob":0.053,"basaliob":-0.114,"bolussnooze":0,"activity":0.0011,"lastBolusTime":1703470433672,"time":"2023-12-25T04:38:43.369Z","iobWithZeroTemp":{"iob":-1.684,"basaliob":-1.851,"bolussnooze":0,"activity":-0.0132,"lastBolusTime":1703470433672,"time":"2023-12-25T04:38:43.369Z"}},{"iob":0.048,"basaliob":-0.105,"bolussnooze":0,"activity":0.001,"lastBolusTime":1703470433672,"time":"2023-12-25T04:43:43.369Z","iobWithZeroTemp":{"iob":-1.714,"basaliob":-1.867,"bolussnooze":0,"activity":-0.0137,"lastBolusTime":1703470433672,"time":"2023-12-25T04:43:43.369Z"}},{"iob":0.043,"basaliob":-0.097,"bolussnooze":0,"activity":0.001,"lastBolusTime":1703470433672,"time":"2023-12-25T04:48:43.369Z","iobWithZeroTemp":{"iob":-1.743,"basaliob":-1.883,"bolussnooze":0,"activity":-0.014,"lastBolusTime":1703470433672,"time":"2023-12-25T04:48:43.369Z"}},{"iob":0.038,"basaliob":-0.09,"bolussnooze":0,"activity":9.0E-4,"lastBolusTime":1703470433672,"time":"2023-12-25T04:53:43.369Z","iobWithZeroTemp":{"iob":-1.769,"basaliob":-1.897,"bolussnooze":0,"activity":-0.0144,"lastBolusTime":1703470433672,"time":"2023-12-25T04:53:43.369Z"}},{"iob":0.034,"basaliob":-0.083,"bolussnooze":0,"activity":8.0E-4,"lastBolusTime":1703470433672,"time":"2023-12-25T04:58:43.369Z","iobWithZeroTemp":{"iob":-1.793,"basaliob":-1.91,"bolussnooze":0,"activity":-0.0148,"lastBolusTime":1703470433672,"time":"2023-12-25T04:58:43.369Z"}},{"iob":0.03,"basaliob":-0.077,"bolussnooze":0,"activity":8.0E-4,"lastBolusTime":1703470433672,"time":"2023-12-25T05:03:43.369Z","iobWithZeroTemp":{"iob":-1.811,"basaliob":-1.918,"bolussnooze":0,"activity":-0.0151,"lastBolusTime":1703470433672,"time":"2023-12-25T05:03:43.369Z"}},{"iob":0.027,"basaliob":-0.071,"bolussnooze":0,"activity":6.0E-4,"lastBolusTime":1703470433672,"time":"2023-12-25T05:08:43.369Z","iobWithZeroTemp":{"iob":-1.825,"basaliob":-1.923,"bolussnooze":0,"activity":-0.0156,"lastBolusTime":1703470433672,"time":"2023-12-25T05:08:43.369Z"}},{"iob":0.024,"basaliob":-0.065,"bolussnooze":0,"activity":6.0E-4,"lastBolusTime":1703470433672,"time":"2023-12-25T05:13:43.369Z","iobWithZeroTemp":{"iob":-1.839,"basaliob":-1.928,"bolussnooze":0,"activity":-0.0158,"lastBolusTime":1703470433672,"time":"2023-12-25T05:13:43.369Z"}},{"iob":0.021,"basaliob":-0.06,"bolussnooze":0,"activity":5.0E-4,"lastBolusTime":1703470433672,"time":"2023-12-25T05:18:43.369Z","iobWithZeroTemp":{"iob":-1.851,"basaliob":-1.932,"bolussnooze":0,"activity":-0.0161,"lastBolusTime":1703470433672,"time":"2023-12-25T05:18:43.369Z"}},{"iob":0.019,"basaliob":-0.055,"bolussnooze":0,"activity":5.0E-4,"lastBolusTime":1703470433672,"time":"2023-12-25T05:23:43.369Z","iobWithZeroTemp":{"iob":-1.862,"basaliob":-1.936,"bolussnooze":0,"activity":-0.0163,"lastBolusTime":1703470433672,"time":"2023-12-25T05:23:43.369Z"}},{"iob":0.016,"basaliob":-0.051,"bolussnooze":0,"activity":4.0E-4,"lastBolusTime":1703470433672,"time":"2023-12-25T05:28:43.369Z","iobWithZeroTemp":{"iob":-1.873,"basaliob":-1.94,"bolussnooze":0,"activity":-0.0165,"lastBolusTime":1703470433672,"time":"2023-12-25T05:28:43.369Z"}},{"iob":0.015,"basaliob":-0.046,"bolussnooze":0,"activity":4.0E-4,"lastBolusTime":1703470433672,"time":"2023-12-25T05:33:43.369Z","iobWithZeroTemp":{"iob":-1.881,"basaliob":-1.942,"bolussnooze":0,"activity":-0.0167,"lastBolusTime":1703470433672,"time":"2023-12-25T05:33:43.369Z"}},{"iob":0.012,"basaliob":-0.043,"bolussnooze":0,"activity":4.0E-4,"lastBolusTime":1703470433672,"time":"2023-12-25T05:38:43.369Z","iobWithZeroTemp":{"iob":-1.89,"basaliob":-1.945,"bolussnooze":0,"activity":-0.0168,"lastBolusTime":1703470433672,"time":"2023-12-25T05:38:43.369Z"}},{"iob":0.011,"basaliob":-0.039,"bolussnooze":0,"activity":3.0E-4,"lastBolusTime":1703470433672,"time":"2023-12-25T05:43:43.369Z","iobWithZeroTemp":{"iob":-1.896,"basaliob":-1.946,"bolussnooze":0,"activity":-0.0171,"lastBolusTime":1703470433672,"time":"2023-12-25T05:43:43.369Z"}},{"iob":0.009,"basaliob":-0.036,"bolussnooze":0,"activity":3.0E-4,"lastBolusTime":1703470433672,"time":"2023-12-25T05:48:43.369Z","iobWithZeroTemp":{"iob":-1.903,"basaliob":-1.948,"bolussnooze":0,"activity":-0.0172,"lastBolusTime":1703470433672,"time":"2023-12-25T05:48:43.369Z"}},{"iob":0.008,"basaliob":-0.033,"bolussnooze":0,"activity":2.0E-4,"lastBolusTime":1703470433672,"time":"2023-12-25T05:53:43.369Z","iobWithZeroTemp":{"iob":-1.908,"basaliob":-1.949,"bolussnooze":0,"activity":-0.0174,"lastBolusTime":1703470433672,"time":"2023-12-25T05:53:43.369Z"}},{"iob":0.007,"basaliob":-0.03,"bolussnooze":0,"activity":2.0E-4,"lastBolusTime":1703470433672,"time":"2023-12-25T05:58:43.369Z","iobWithZeroTemp":{"iob":-1.913,"basaliob":-1.95,"bolussnooze":0,"activity":-0.0175,"lastBolusTime":1703470433672,"time":"2023-12-25T05:58:43.369Z"}},{"iob":0.007,"basaliob":-0.027,"bolussnooze":0,"activity":2.0E-4,"lastBolusTime":1703470433672,"time":"2023-12-25T06:03:43.369Z","iobWithZeroTemp":{"iob":-1.908,"basaliob":-1.942,"bolussnooze":0,"activity":-0.0175,"lastBolusTime":1703470433672,"time":"2023-12-25T06:03:43.369Z"}},{"iob":0.005,"basaliob":-0.025,"bolussnooze":0,"activity":1.0E-4,"lastBolusTime":1703470433672,"time":"2023-12-25T06:08:43.369Z","iobWithZeroTemp":{"iob":-1.904,"basaliob":-1.934,"bolussnooze":0,"activity":-0.0177,"lastBolusTime":1703470433672,"time":"2023-12-25T06:08:43.369Z"}},{"iob":0.004,"basaliob":-0.023,"bolussnooze":0,"activity":2.0E-4,"lastBolusTime":1703470433672,"time":"2023-12-25T06:13:43.369Z","iobWithZeroTemp":{"iob":-1.9,"basaliob":-1.927,"bolussnooze":0,"activity":-0.0176,"lastBolusTime":1703470433672,"time":"2023-12-25T06:13:43.369Z"}}],"profile":{"max_iob":15,"type":"current","max_daily_basal":1.2,"max_basal":3.59,"min_bg":99,"max_bg":99,"target_bg":99,"carb_ratio":5.7142857142857135,"sens":30.857142857142854,"max_daily_safety_multiplier":3,"current_basal_safety_multiplier":4,"high_temptarget_raises_sensitivity":false,"low_temptarget_lowers_sensitivity":false,"sensitivity_raises_target":true,"resistance_lowers_target":true,"adv_target_adjustments":false,"exercise_mode":false,"half_basal_exercise_target":160,"maxCOB":120,"skip_neutral_temps":false,"remainingCarbsCap":90,"enableUAM":true,"A52_risk_enable":false,"SMBInterval":3,"enableSMB_with_COB":true,"enableSMB_with_temptarget":true,"allowSMB_with_high_temptarget":false,"enableSMB_always":false,"enableSMB_after_carbs":true,"maxSMBBasalMinutes":80,"maxUAMSMBBasalMinutes":60,"bolus_increment":0.05,"carbsReqThreshold":10,"current_basal":1.1,"temptargetSet":false,"autosens_max":1.2,"out_units":"mmol\/L"},"autosens_data":{"ratio":1},"meal_data":{"carbs":11,"mealCOB":0,"slopeFromMaxDeviation":-0.11700000000000002,"slopeFromMinDeviation":0.23960000000000004,"lastBolusTime":1703470433672,"lastCarbTime":1703456187000},"microBolusAllowed":true,"currentTime":1703470725780,"flatBGsDetected":false},"output":{"temp":"absolute","bg":122,"tick":"+0","eventualBG":108,"targetBG":99,"insulinReq":0.29,"deliverAt":"2023-12-25T02:18:45.780Z","sensitivityRatio":1,"predBGs":{"IOB":[122,121,121,120,120,119,119,118,117,117,116,115,114,114,113,112,112,111,111,110,110,110,109,109,109,108,108,108,108,107,107,107,107,107,107,107,107,107,106],"ZT":[122,120,118,116,115,114,112,111,111,110,110,109,109,109,110,110,111,111],"UAM":[122,121,121,120,120,119,119,119,118,117,117,116,116,115,114,113,113,112,112,111,111,111,110,110,110,109,109,109,109,109,108,108,108,108,108,108,108,108,108,107]},"COB":0,"IOB":0.771,"reason":"COB: 0, Dev: 0.6, BGI: -0.1, ISF: 1.7, CR: 5.71, Target: 5.5, minPredBG 6.0, minGuardBG 5.9, IOBpredBG 5.9, UAMpredBG 5.9; Eventual BG 6.0 >= 5.5,  insulinReq 0.29. Microbolusing 0.1U. temp 0.00 < 1.68U\/hr. ","units":0.1,"duration":30,"rate":1.6800000000000002,"timestamp":"2023-12-25T02:18:45.867Z"}}