{"algorithm":"OpenAPSSMBPlugin","input":{"glucoseStatus":{"glucose":215,"noise":0,"delta":-2,"short_avgdelta":-1.67,"long_avgdelta":2.33,"date":1703367189000},"currenttemp":{"temp":"absolute","duration":5,"rate":0,"minutesrunning":55},"iob_data":[{"iob":7.975,"basaliob":-1.231,"bolussnooze":0.0101,"activity":0.0711,"lastBolusTime":1703366356569,"time":"2023-12-23T21:33:41.954Z","iobWithZeroTemp":{"iob":7.975,"basaliob":-1.231,"bolussnooze":0.0101,"activity":0.0711,"lastBolusTime":1703366356569,"time":"2023-12-23T21:33:41.954Z"}},{"iob":7.618,"basaliob":-1.176,"bolussnooze":0.0063,"activity":0.0715,"lastBolusTime":1703366356569,"time":"2023-12-23T21:38:41.954Z","iobWithZeroTemp":{"iob":7.558,"basaliob":-1.236,"bolussnooze":0.0063,"activity":0.0715,"lastBolusTime":1703366356569,"time":"2023-12-23T21:38:41.954Z"}},{"iob":7.261,"basaliob":-1.121,"bolussnooze":0.0038,"activity":0.0713,"lastBolusTime":1703366356569,"time":"2023-12-23T21:43:41.954Z","iobWithZeroTemp":{"iob":7.127,"basaliob":-1.255,"bolussnooze":0.0038,"activity":0.0711,"lastBolusTime":1703366356569,"time":"2023-12-23T21:43:41.954Z"}},{"iob":6.905,"basaliob":-1.067,"bolussnooze":0.0022,"activity":0.0706,"lastBolusTime":1703366356569,"time":"2023-12-23T21:48:41.954Z","iobWithZeroTemp":{"iob":6.697,"basaliob":-1.275,"bolussnooze":0.0022,"activity":0.0702,"lastBolusTime":1703366356569,"time":"2023-12-23T21:48:41.954Z"}},{"iob":6.555,"basaliob":-1.013,"bolussnooze":0.0013,"activity":0.0694,"lastBolusTime":1703366356569,"time":"2023-12-23T21:53:41.954Z","iobWithZeroTemp":{"iob":6.275,"basaliob":-1.293,"bolussnooze":0.0013,"activity":0.0687,"lastBolusTime":1703366356569,"time":"2023-12-23T21:53:41.954Z"}},{"iob":6.211,"basaliob":-0.96,"bolussnooze":7.0E-4,"activity":0.0679,"lastBolusTime":1703366356569,"time":"2023-12-23T21:58:41.954Z","iobWithZeroTemp":{"iob":5.86,"basaliob":-1.311,"bolussnooze":7.0E-4,"activity":0.0668,"lastBolusTime":1703366356569,"time":"2023-12-23T21:58:41.954Z"}},{"iob":5.876,"basaliob":-0.908,"bolussnooze":3.0E-4,"activity":0.0662,"lastBolusTime":1703366356569,"time":"2023-12-23T22:03:41.954Z","iobWithZeroTemp":{"iob":5.465,"basaliob":-1.319,"bolussnooze":3.0E-4,"activity":0.0647,"lastBolusTime":1703366356569,"time":"2023-12-23T22:03:41.954Z"}},{"iob":5.55,"basaliob":-0.858,"bolussnooze":1.0E-4,"activity":0.0642,"lastBolusTime":1703366356569,"time":"2023-12-23T22:08:41.954Z","iobWithZeroTemp":{"iob":5.081,"basaliob":-1.327,"bolussnooze":1.0E-4,"activity":0.0623,"lastBolusTime":1703366356569,"time":"2023-12-23T22:08:41.954Z"}},{"iob":5.235,"basaliob":-0.809,"bolussnooze":0,"activity":0.062,"lastBolusTime":1703366356569,"time":"2023-12-23T22:13:41.954Z","iobWithZeroTemp":{"iob":4.71,"basaliob":-1.334,"bolussnooze":0,"activity":0.0596,"lastBolusTime":1703366356569,"time":"2023-12-23T22:13:41.954Z"}},{"iob":4.931,"basaliob":-0.762,"bolussnooze":0,"activity":0.0598,"lastBolusTime":1703366356569,"time":"2023-12-23T22:18:41.954Z","iobWithZeroTemp":{"iob":4.352,"basaliob":-1.341,"bolussnooze":0,"activity":0.0569,"lastBolusTime":1703366356569,"time":"2023-12-23T22:18:41.954Z"}},{"iob":4.638,"basaliob":-0.717,"bolussnooze":0,"activity":0.0573,"lastBolusTime":1703366356569,"time":"2023-12-23T22:23:41.954Z","iobWithZeroTemp":{"iob":4.008,"basaliob":-1.347,"bolussnooze":0,"activity":0.054,"lastBolusTime":1703366356569,"time":"2023-12-23T22:23:41.954Z"}},{"iob":4.356,"basaliob":-0.674,"bolussnooze":0,"activity":0.0549,"lastBolusTime":1703366356569,"time":"2023-12-23T22:28:41.954Z","iobWithZeroTemp":{"iob":3.677,"basaliob":-1.353,"bolussnooze":0,"activity":0.0511,"lastBolusTime":1703366356569,"time":"2023-12-23T22:28:41.954Z"}},{"iob":4.088,"basaliob":-0.632,"bolussnooze":0,"activity":0.0525,"lastBolusTime":1703366356569,"time":"2023-12-23T22:33:41.954Z","iobWithZeroTemp":{"iob":3.362,"basaliob":-1.358,"bolussnooze":0,"activity":0.0482,"lastBolusTime":1703366356569,"time":"2023-12-23T22:33:41.954Z"}},{"iob":3.832,"basaliob":-0.592,"bolussnooze":0,"activity":0.0501,"lastBolusTime":1703366356569,"time":"2023-12-23T22:38:41.954Z","iobWithZeroTemp":{"iob":3.062,"basaliob":-1.362,"bolussnooze":0,"activity":0.0454,"lastBolusTime":1703366356569,"time":"2023-12-23T22:38:41.954Z"}},{"iob":3.587,"basaliob":-0.555,"bolussnooze":0,"activity":0.0476,"lastBolusTime":1703366356569,"time":"2023-12-23T22:43:41.954Z","iobWithZeroTemp":{"iob":2.775,"basaliob":-1.367,"bolussnooze":0,"activity":0.0424,"lastBolusTime":1703366356569,"time":"2023-12-23T22:43:41.954Z"}},{"iob":3.356,"basaliob":-0.519,"bolussnooze":0,"activity":0.0452,"lastBolusTime":1703366356569,"time":"2023-12-23T22:48:41.954Z","iobWithZeroTemp":{"iob":2.504,"basaliob":-1.371,"bolussnooze":0,"activity":0.0396,"lastBolusTime":1703366356569,"time":"2023-12-23T22:48:41.954Z"}},{"iob":3.135,"basaliob":-0.485,"bolussnooze":0,"activity":0.0429,"lastBolusTime":1703366356569,"time":"2023-12-23T22:53:41.954Z","iobWithZeroTemp":{"iob":2.245,"basaliob":-1.375,"bolussnooze":0,"activity":0.0369,"lastBolusTime":1703366356569,"time":"2023-12-23T22:53:41.954Z"}},{"iob":2.928,"basaliob":-0.452,"bolussnooze":0,"activity":0.0405,"lastBolusTime":1703366356569,"time":"2023-12-23T22:58:41.954Z","iobWithZeroTemp":{"iob":2.003,"basaliob":-1.377,"bolussnooze":0,"activity":0.0341,"lastBolusTime":1703366356569,"time":"2023-12-23T22:58:41.954Z"}},{"iob":2.73,"basaliob":-0.422,"bolussnooze":0,"activity":0.0383,"lastBolusTime":1703366356569,"time":"2023-12-23T23:03:41.954Z","iobWithZeroTemp":{"iob":1.771,"basaliob":-1.381,"bolussnooze":0,"activity":0.0315,"lastBolusTime":1703366356569,"time":"2023-12-23T23:03:41.954Z"}},{"iob":2.544,"basaliob":-0.393,"bolussnooze":0,"activity":0.0361,"lastBolusTime":1703366356569,"time":"2023-12-23T23:08:41.954Z","iobWithZeroTemp":{"iob":1.554,"basaliob":-1.383,"bolussnooze":0,"activity":0.0289,"lastBolusTime":1703366356569,"time":"2023-12-23T23:08:41.954Z"}},{"iob":2.369,"basaliob":-0.366,"bolussnooze":0,"activity":0.034,"lastBolusTime":1703366356569,"time":"2023-12-23T23:13:41.954Z","iobWithZeroTemp":{"iob":1.349,"basaliob":-1.386,"bolussnooze":0,"activity":0.0264,"lastBolusTime":1703366356569,"time":"2023-12-23T23:13:41.954Z"}},{"iob":2.204,"basaliob":-0.34,"bolussnooze":0,"activity":0.032,"lastBolusTime":1703366356569,"time":"2023-12-23T23:18:41.954Z","iobWithZeroTemp":{"iob":1.156,"basaliob":-1.388,"bolussnooze":0,"activity":0.0241,"lastBolusTime":1703366356569,"time":"2023-12-23T23:18:41.954Z"}},{"iob":2.048,"basaliob":-0.316,"bolussnooze":0,"activity":0.0301,"lastBolusTime":1703366356569,"time":"2023-12-23T23:23:41.954Z","iobWithZeroTemp":{"iob":0.974,"basaliob":-1.39,"bolussnooze":0,"activity":0.0218,"lastBolusTime":1703366356569,"time":"2023-12-23T23:23:41.954Z"}},{"iob":1.902,"basaliob":-0.294,"bolussnooze":0,"activity":0.0282,"lastBolusTime":1703366356569,"time":"2023-12-23T23:28:41.954Z","iobWithZeroTemp":{"iob":0.804,"basaliob":-1.392,"bolussnooze":0,"activity":0.0196,"lastBolusTime":1703366356569,"time":"2023-12-23T23:28:41.954Z"}},{"iob":1.765,"basaliob":-0.273,"bolussnooze":0,"activity":0.0265,"lastBolusTime":1703366356569,"time":"2023-12-23T23:33:41.954Z","iobWithZeroTemp":{"iob":0.644,"basaliob":-1.394,"bolussnooze":0,"activity":0.0176,"lastBolusTime":1703366356569,"time":"2023-12-23T23:33:41.954Z"}},{"iob":1.636,"basaliob":-0.253,"bolussnooze":0,"activity":0.0249,"lastBolusTime":1703366356569,"time":"2023-12-23T23:38:41.954Z","iobWithZeroTemp":{"iob":0.493,"basaliob":-1.396,"bolussnooze":0,"activity":0.0157,"lastBolusTime":1703366356569,"time":"2023-12-23T23:38:41.954Z"}},{"iob":1.517,"basaliob":-0.234,"bolussnooze":0,"activity":0.0232,"lastBolusTime":1703366356569,"time":"2023-12-23T23:43:41.954Z","iobWithZeroTemp":{"iob":0.354,"basaliob":-1.397,"bolussnooze":0,"activity":0.0137,"lastBolusTime":1703366356569,"time":"2023-12-23T23:43:41.954Z"}},{"iob":1.404,"basaliob":-0.217,"bolussnooze":0,"activity":0.0217,"lastBolusTime":1703366356569,"time":"2023-12-23T23:48:41.954Z","iobWithZeroTemp":{"iob":0.223,"basaliob":-1.398,"bolussnooze":0,"activity":0.012,"lastBolusTime":1703366356569,"time":"2023-12-23T23:48:41.954Z"}},{"iob":1.299,"basaliob":-0.201,"bolussnooze":0,"activity":0.0203,"lastBolusTime":1703366356569,"time":"2023-12-23T23:53:41.954Z","iobWithZeroTemp":{"iob":0.1,"basaliob":-1.4,"bolussnooze":0,"activity":0.0103,"lastBolusTime":1703366356569,"time":"2023-12-23T23:53:41.954Z"}},{"iob":1.202,"basaliob":-0.185,"bolussnooze":0,"activity":0.019,"lastBolusTime":1703366356569,"time":"2023-12-23T23:58:41.954Z","iobWithZeroTemp":{"iob":-0.013,"basaliob":-1.4,"bolussnooze":0,"activity":0.0088,"lastBolusTime":1703366356569,"time":"2023-12-23T23:58:41.954Z"}},{"iob":1.11,"basaliob":-0.171,"bolussnooze":0,"activity":0.0177,"lastBolusTime":1703366356569,"time":"2023-12-24T00:03:41.954Z","iobWithZeroTemp":{"iob":-0.124,"basaliob":-1.405,"bolussnooze":0,"activity":0.0073,"lastBolusTime":1703366356569,"time":"2023-12-24T00:03:41.954Z"}},{"iob":1.025,"basaliob":-0.158,"bolussnooze":0,"activity":0.0165,"lastBolusTime":1703366356569,"time":"2023-12-24T00:08:41.954Z","iobWithZeroTemp":{"iob":-0.227,"basaliob":-1.41,"bolussnooze":0,"activity":0.0059,"lastBolusTime":1703366356569,"time":"2023-12-24T00:08:41.954Z"}},{"iob":0.945,"basaliob":-0.146,"bolussnooze":0,"activity":0.0153,"lastBolusTime":1703366356569,"time":"2023-12-24T00:13:41.954Z","iobWithZeroTemp":{"iob":-0.324,"basaliob":-1.415,"bolussnooze":0,"activity":0.0045,"lastBolusTime":1703366356569,"time":"2023-12-24T00:13:41.954Z"}},{"iob":0.872,"basaliob":-0.134,"bolussnooze":0,"activity":0.0142,"lastBolusTime":1703366356569,"time":"2023-12-24T00:18:41.954Z","iobWithZeroTemp":{"iob":-0.414,"basaliob":-1.42,"bolussnooze":0,"activity":0.0032,"lastBolusTime":1703366356569,"time":"2023-12-24T00:18:41.954Z"}},{"iob":0.803,"basaliob":-0.124,"bolussnooze":0,"activity":0.0133,"lastBolusTime":1703366356569,"time":"2023-12-24T00:23:41.954Z","iobWithZeroTemp":{"iob":-0.498,"basaliob":-1.425,"bolussnooze":0,"activity":0.0021,"lastBolusTime":1703366356569,"time":"2023-12-24T00:23:41.954Z"}},{"iob":0.739,"basaliob":-0.114,"bolussnooze":0,"activity":0.0123,"lastBolusTime":1703366356569,"time":"2023-12-24T00:28:41.954Z","iobWithZeroTemp":{"iob":-0.576,"basaliob":-1.429,"bolussnooze":0,"activity":9.0E-4,"lastBolusTime":1703366356569,"time":"2023-12-24T00:28:41.954Z"}},{"iob":0.68,"basaliob":-0.105,"bolussnooze":0,"activity":0.0114,"lastBolusTime":1703366356569,"time":"2023-12-24T00:33:41.954Z","iobWithZeroTemp":{"iob":-0.648,"basaliob":-1.433,"bolussnooze":0,"activity":-2.0E-4,"lastBolusTime":1703366356569,"time":"2023-12-24T00:33:41.954Z"}},{"iob":0.625,"basaliob":-0.096,"bolussnooze":0,"activity":0.0106,"lastBolusTime":1703366356569,"time":"2023-12-24T00:38:41.954Z","iobWithZeroTemp":{"iob":-0.716,"basaliob":-1.437,"bolussnooze":0,"activity":-0.0012,"lastBolusTime":1703366356569,"time":"2023-12-24T00:38:41.954Z"}},{"iob":0.574,"basaliob":-0.089,"bolussnooze":0,"activity":0.0098,"lastBolusTime":1703366356569,"time":"2023-12-24T00:43:41.954Z","iobWithZeroTemp":{"iob":-0.778,"basaliob":-1.441,"bolussnooze":0,"activity":-0.0021,"lastBolusTime":1703366356569,"time":"2023-12-24T00:43:41.954Z"}},{"iob":0.527,"basaliob":-0.081,"bolussnooze":0,"activity":0.0091,"lastBolusTime":1703366356569,"time":"2023-12-24T00:48:41.954Z","iobWithZeroTemp":{"iob":-0.836,"basaliob":-1.444,"bolussnooze":0,"activity":-0.003,"lastBolusTime":1703366356569,"time":"2023-12-24T00:48:41.954Z"}},{"iob":0.483,"basaliob":-0.075,"bolussnooze":0,"activity":0.0084,"lastBolusTime":1703366356569,"time":"2023-12-24T00:53:41.954Z","iobWithZeroTemp":{"iob":-0.891,"basaliob":-1.449,"bolussnooze":0,"activity":-0.0038,"lastBolusTime":1703366356569,"time":"2023-12-24T00:53:41.954Z"}},{"iob":0.444,"basaliob":-0.068,"bolussnooze":0,"activity":0.0077,"lastBolusTime":1703366356569,"time":"2023-12-24T00:58:41.954Z","iobWithZeroTemp":{"iob":-0.939,"basaliob":-1.451,"bolussnooze":0,"activity":-0.0046,"lastBolusTime":1703366356569,"time":"2023-12-24T00:58:41.954Z"}},{"iob":0.406,"basaliob":-0.063,"bolussnooze":0,"activity":0.0072,"lastBolusTime":1703366356569,"time":"2023-12-24T01:03:41.954Z","iobWithZeroTemp":{"iob":-0.994,"basaliob":-1.463,"bolussnooze":0,"activity":-0.0053,"lastBolusTime":1703366356569,"time":"2023-12-24T01:03:41.954Z"}},{"iob":0.372,"basaliob":-0.057,"bolussnooze":0,"activity":0.0066,"lastBolusTime":1703366356569,"time":"2023-12-24T01:08:41.954Z","iobWithZeroTemp":{"iob":-1.044,"basaliob":-1.473,"bolussnooze":0,"activity":-0.006,"lastBolusTime":1703366356569,"time":"2023-12-24T01:08:41.954Z"}},{"iob":0.34,"basaliob":-0.052,"bolussnooze":0,"activity":0.0061,"lastBolusTime":1703366356569,"time":"2023-12-24T01:13:41.954Z","iobWithZeroTemp":{"iob":-1.091,"basaliob":-1.483,"bolussnooze":0,"activity":-0.0066,"lastBolusTime":1703366356569,"time":"2023-12-24T01:13:41.954Z"}},{"iob":0.311,"basaliob":-0.048,"bolussnooze":0,"activity":0.0056,"lastBolusTime":1703366356569,"time":"2023-12-24T01:18:41.954Z","iobWithZeroTemp":{"iob":-1.135,"basaliob":-1.494,"bolussnooze":0,"activity":-0.0073,"lastBolusTime":1703366356569,"time":"2023-12-24T01:18:41.954Z"}},{"iob":0.283,"basaliob":-0.044,"bolussnooze":0,"activity":0.0052,"lastBolusTime":1703366356569,"time":"2023-12-24T01:23:41.954Z","iobWithZeroTemp":{"iob":-1.177,"basaliob":-1.504,"bolussnooze":0,"activity":-0.0078,"lastBolusTime":1703366356569,"time":"2023-12-24T01:23:41.954Z"}},{"iob":0.259,"basaliob":-0.04,"bolussnooze":0,"activity":0.0048,"lastBolusTime":1703366356569,"time":"2023-12-24T01:28:41.954Z","iobWithZeroTemp":{"iob":-1.214,"basaliob":-1.513,"bolussnooze":0,"activity":-0.0084,"lastBolusTime":1703366356569,"time":"2023-12-24T01:28:41.954Z"}}],"profile":{"max_iob":15,"type":"current","max_daily_basal":1.2,"max_basal":3.59,"min_bg":90,"max_bg":90,"target_bg":90,"carb_ratio":4.761904761904762,"sens":27.428571428571427,"max_daily_safety_multiplier":3,"current_basal_safety_multiplier":4,"high_temptarget_raises_sensitivity":false,"low_temptarget_lowers_sensitivity":false,"sensitivity_raises_target":true,"resistance_lowers_target":true,"adv_target_adjustments":false,"exercise_mode":false,"half_basal_exercise_target":160,"maxCOB":120,"skip_neutral_temps":false,"remainingCarbsCap":90,"enableUAM":true,"A52_risk_enable":false,"SMBInterval":3,"enableSMB_with_COB":true,"enableSMB_with_temptarget":true,"allowSMB_with_high_temptarget":false,"enableSMB_always":false,"enableSMB_after_carbs":true,"maxSMBBasalMinutes":80,"maxUAMSMBBasalMinutes":60,"bolus_increment":0.05,"carbsReqThreshold":10,"current_basal":0.9,"temptargetSet":true,"autosens_max":1.2,"out_units":"mmol\/L"},"autosens_data":{"ratio":1},"meal_data":{"carbs":80,"mealCOB":0,"slopeFromMaxDeviation":-1.7270000000000003,"slopeFromMinDeviation":0.611875,"lastBolusTime":1703366356569,"lastCarbTime":1703363714235},"microBolusAllowed":true,"currentTime":1703367225269,"flatBGsDetected":false},"output":{"temp":"absolute","bg":215,"tick":-2,"eventualBG":42,"targetBG":90,"insulinReq":0,"deliverAt":"2023-12-23T21:33:45.269Z","sensitivityRatio":1,"predBGs":{"IOB":[215,212,209,205,200,195,190,184,178,171,164,157,150,142,136,129,123,117,111,106,101,97,92,88,84,81,77,74,71,68,66,63,61,59,57,55,53,52,50,49,48,47,46,45,44,43,42,41],"ZT":[215,205,195,186,176,167,158,149,140,132,124,117,110,103,97,91,86,81,76,72,68,64,61,58,55,53,51,49,47,46,44,43,43,42,42,41,41,41,41,42,42,43,43,44,45,46,47,48],"UAM":[215,211,206,198,190,180,171,162,153,144,136,128,121,114,107,100,94,88,83,77,72,68,63,59,55,52,48,45,42,39]},"COB":0,"IOB":7.975,"reason":"COB: 0, Dev: 2.6, BGI: -0.5, ISF: 1.5, CR: 4.76, Target: 5.0, minPredBG 2.2, minGuardBG 0.7, IOBpredBG 2.3, UAMpredBG 2.2; minGuardBG 0.7<3.6","duration":120,"rate":0,"timestamp":"2023-12-23T21:33:45.416Z"}}