{"algorithm":"OpenAPSSMBPlugin","input":{"glucoseStatus":{"glucose":157,"noise":0,"delta":-7,"short_avgdelta":-5.39,"long_avgdelta":-1.86,"date":1703430192000},"currenttemp":{"temp":"absolute","duration":55,"rate":0,"minutesrunning":5},"iob_data":[{"iob":4.542,"basaliob":-1.463,"bolussnooze":1.0E-4,"activity":0.0548,"lastBolusTime":1703429631210,"time":"2023-12-24T15:03:40.787Z","iobWithZeroTemp":{"iob":4.542,"basaliob":-1.463,"bolussnooze":1.0E-4,"activity":0.0548,"lastBolusTime":1703429631210,"time":"2023-12-24T15:03:40.787Z"}},{"iob":4.274,"basaliob":-1.396,"bolussnooze":1.0E-4,"activity":0.0527,"lastBolusTime":1703429631210,"time":"2023-12-24T15:08:40.787Z","iobWithZeroTemp":{"iob":4.212,"basaliob":-1.458,"bolussnooze":1.0E-4,"activity":0.0527,"lastBolusTime":1703429631210,"time":"2023-12-24T15:08:40.787Z"}},{"iob":4.015,"basaliob":-1.33,"bolussnooze":0,"activity":0.0505,"lastBolusTime":1703429631210,"time":"2023-12-24T15:13:40.787Z","iobWithZeroTemp":{"iob":3.875,"basaliob":-1.47,"bolussnooze":0,"activity":0.0503,"lastBolusTime":1703429631210,"time":"2023-12-24T15:13:40.787Z"}},{"iob":3.769,"basaliob":-1.263,"bolussnooze":0,"activity":0.0483,"lastBolusTime":1703429631210,"time":"2023-12-24T15:18:40.787Z","iobWithZeroTemp":{"iob":3.553,"basaliob":-1.479,"bolussnooze":0,"activity":0.0479,"lastBolusTime":1703429631210,"time":"2023-12-24T15:18:40.787Z"}},{"iob":3.533,"basaliob":-1.198,"bolussnooze":0,"activity":0.046,"lastBolusTime":1703429631210,"time":"2023-12-24T15:23:40.787Z","iobWithZeroTemp":{"iob":3.242,"basaliob":-1.489,"bolussnooze":0,"activity":0.0452,"lastBolusTime":1703429631210,"time":"2023-12-24T15:23:40.787Z"}},{"iob":3.309,"basaliob":-1.134,"bolussnooze":0,"activity":0.0438,"lastBolusTime":1703429631210,"time":"2023-12-24T15:28:40.787Z","iobWithZeroTemp":{"iob":2.945,"basaliob":-1.498,"bolussnooze":0,"activity":0.0427,"lastBolusTime":1703429631210,"time":"2023-12-24T15:28:40.787Z"}},{"iob":3.096,"basaliob":-1.072,"bolussnooze":0,"activity":0.0416,"lastBolusTime":1703429631210,"time":"2023-12-24T15:33:40.787Z","iobWithZeroTemp":{"iob":2.661,"basaliob":-1.507,"bolussnooze":0,"activity":0.04,"lastBolusTime":1703429631210,"time":"2023-12-24T15:33:40.787Z"}},{"iob":2.893,"basaliob":-1.012,"bolussnooze":0,"activity":0.0394,"lastBolusTime":1703429631210,"time":"2023-12-24T15:38:40.787Z","iobWithZeroTemp":{"iob":2.389,"basaliob":-1.516,"bolussnooze":0,"activity":0.0374,"lastBolusTime":1703429631210,"time":"2023-12-24T15:38:40.787Z"}},{"iob":2.701,"basaliob":-0.954,"bolussnooze":0,"activity":0.0374,"lastBolusTime":1703429631210,"time":"2023-12-24T15:43:40.787Z","iobWithZeroTemp":{"iob":2.13,"basaliob":-1.525,"bolussnooze":0,"activity":0.0349,"lastBolusTime":1703429631210,"time":"2023-12-24T15:43:40.787Z"}},{"iob":2.519,"basaliob":-0.898,"bolussnooze":0,"activity":0.0353,"lastBolusTime":1703429631210,"time":"2023-12-24T15:48:40.787Z","iobWithZeroTemp":{"iob":1.884,"basaliob":-1.533,"bolussnooze":0,"activity":0.0322,"lastBolusTime":1703429631210,"time":"2023-12-24T15:48:40.787Z"}},{"iob":2.348,"basaliob":-0.844,"bolussnooze":0,"activity":0.0333,"lastBolusTime":1703429631210,"time":"2023-12-24T15:53:40.787Z","iobWithZeroTemp":{"iob":1.652,"basaliob":-1.54,"bolussnooze":0,"activity":0.0297,"lastBolusTime":1703429631210,"time":"2023-12-24T15:53:40.787Z"}},{"iob":2.186,"basaliob":-0.792,"bolussnooze":0,"activity":0.0314,"lastBolusTime":1703429631210,"time":"2023-12-24T15:58:40.787Z","iobWithZeroTemp":{"iob":1.431,"basaliob":-1.547,"bolussnooze":0,"activity":0.0273,"lastBolusTime":1703429631210,"time":"2023-12-24T15:58:40.787Z"}},{"iob":2.034,"basaliob":-0.743,"bolussnooze":0,"activity":0.0296,"lastBolusTime":1703429631210,"time":"2023-12-24T16:03:40.787Z","iobWithZeroTemp":{"iob":1.223,"basaliob":-1.554,"bolussnooze":0,"activity":0.0249,"lastBolusTime":1703429631210,"time":"2023-12-24T16:03:40.787Z"}},{"iob":1.89,"basaliob":-0.696,"bolussnooze":0,"activity":0.0277,"lastBolusTime":1703429631210,"time":"2023-12-24T16:08:40.787Z","iobWithZeroTemp":{"iob":1.026,"basaliob":-1.56,"bolussnooze":0,"activity":0.0225,"lastBolusTime":1703429631210,"time":"2023-12-24T16:08:40.787Z"}},{"iob":1.756,"basaliob":-0.651,"bolussnooze":0,"activity":0.0261,"lastBolusTime":1703429631210,"time":"2023-12-24T16:13:40.787Z","iobWithZeroTemp":{"iob":0.841,"basaliob":-1.566,"bolussnooze":0,"activity":0.0204,"lastBolusTime":1703429631210,"time":"2023-12-24T16:13:40.787Z"}},{"iob":1.629,"basaliob":-0.609,"bolussnooze":0,"activity":0.0244,"lastBolusTime":1703429631210,"time":"2023-12-24T16:18:40.787Z","iobWithZeroTemp":{"iob":0.666,"basaliob":-1.572,"bolussnooze":0,"activity":0.0182,"lastBolusTime":1703429631210,"time":"2023-12-24T16:18:40.787Z"}},{"iob":1.512,"basaliob":-0.568,"bolussnooze":0,"activity":0.0229,"lastBolusTime":1703429631210,"time":"2023-12-24T16:23:40.787Z","iobWithZeroTemp":{"iob":0.503,"basaliob":-1.577,"bolussnooze":0,"activity":0.0162,"lastBolusTime":1703429631210,"time":"2023-12-24T16:23:40.787Z"}},{"iob":1.401,"basaliob":-0.53,"bolussnooze":0,"activity":0.0214,"lastBolusTime":1703429631210,"time":"2023-12-24T16:28:40.787Z","iobWithZeroTemp":{"iob":0.349,"basaliob":-1.582,"bolussnooze":0,"activity":0.0142,"lastBolusTime":1703429631210,"time":"2023-12-24T16:28:40.787Z"}},{"iob":1.297,"basaliob":-0.494,"bolussnooze":0,"activity":0.02,"lastBolusTime":1703429631210,"time":"2023-12-24T16:33:40.787Z","iobWithZeroTemp":{"iob":0.205,"basaliob":-1.586,"bolussnooze":0,"activity":0.0123,"lastBolusTime":1703429631210,"time":"2023-12-24T16:33:40.787Z"}},{"iob":1.2,"basaliob":-0.46,"bolussnooze":0,"activity":0.0187,"lastBolusTime":1703429631210,"time":"2023-12-24T16:38:40.787Z","iobWithZeroTemp":{"iob":0.069,"basaliob":-1.591,"bolussnooze":0,"activity":0.0106,"lastBolusTime":1703429631210,"time":"2023-12-24T16:38:40.787Z"}},{"iob":1.11,"basaliob":-0.428,"bolussnooze":0,"activity":0.0175,"lastBolusTime":1703429631210,"time":"2023-12-24T16:43:40.787Z","iobWithZeroTemp":{"iob":-0.057,"basaliob":-1.595,"bolussnooze":0,"activity":0.0089,"lastBolusTime":1703429631210,"time":"2023-12-24T16:43:40.787Z"}},{"iob":1.025,"basaliob":-0.398,"bolussnooze":0,"activity":0.0163,"lastBolusTime":1703429631210,"time":"2023-12-24T16:48:40.787Z","iobWithZeroTemp":{"iob":-0.176,"basaliob":-1.599,"bolussnooze":0,"activity":0.0073,"lastBolusTime":1703429631210,"time":"2023-12-24T16:48:40.787Z"}},{"iob":0.946,"basaliob":-0.37,"bolussnooze":0,"activity":0.0152,"lastBolusTime":1703429631210,"time":"2023-12-24T16:53:40.787Z","iobWithZeroTemp":{"iob":-0.287,"basaliob":-1.603,"bolussnooze":0,"activity":0.0058,"lastBolusTime":1703429631210,"time":"2023-12-24T16:53:40.787Z"}},{"iob":0.874,"basaliob":-0.343,"bolussnooze":0,"activity":0.0142,"lastBolusTime":1703429631210,"time":"2023-12-24T16:58:40.787Z","iobWithZeroTemp":{"iob":-0.389,"basaliob":-1.606,"bolussnooze":0,"activity":0.0044,"lastBolusTime":1703429631210,"time":"2023-12-24T16:58:40.787Z"}},{"iob":0.806,"basaliob":-0.318,"bolussnooze":0,"activity":0.0132,"lastBolusTime":1703429631210,"time":"2023-12-24T17:03:40.787Z","iobWithZeroTemp":{"iob":-0.498,"basaliob":-1.622,"bolussnooze":0,"activity":0.003,"lastBolusTime":1703429631210,"time":"2023-12-24T17:03:40.787Z"}},{"iob":0.742,"basaliob":-0.295,"bolussnooze":0,"activity":0.0122,"lastBolusTime":1703429631210,"time":"2023-12-24T17:08:40.787Z","iobWithZeroTemp":{"iob":-0.602,"basaliob":-1.639,"bolussnooze":0,"activity":0.0016,"lastBolusTime":1703429631210,"time":"2023-12-24T17:08:40.787Z"}},{"iob":0.683,"basaliob":-0.273,"bolussnooze":0,"activity":0.0114,"lastBolusTime":1703429631210,"time":"2023-12-24T17:13:40.787Z","iobWithZeroTemp":{"iob":-0.698,"basaliob":-1.654,"bolussnooze":0,"activity":5.0E-4,"lastBolusTime":1703429631210,"time":"2023-12-24T17:13:40.787Z"}},{"iob":0.628,"basaliob":-0.253,"bolussnooze":0,"activity":0.0106,"lastBolusTime":1703429631210,"time":"2023-12-24T17:18:40.787Z","iobWithZeroTemp":{"iob":-0.789,"basaliob":-1.67,"bolussnooze":0,"activity":-7.0E-4,"lastBolusTime":1703429631210,"time":"2023-12-24T17:18:40.787Z"}},{"iob":0.578,"basaliob":-0.234,"bolussnooze":0,"activity":0.0097,"lastBolusTime":1703429631210,"time":"2023-12-24T17:23:40.787Z","iobWithZeroTemp":{"iob":-0.873,"basaliob":-1.685,"bolussnooze":0,"activity":-0.002,"lastBolusTime":1703429631210,"time":"2023-12-24T17:23:40.787Z"}},{"iob":0.531,"basaliob":-0.216,"bolussnooze":0,"activity":0.0091,"lastBolusTime":1703429631210,"time":"2023-12-24T17:28:40.787Z","iobWithZeroTemp":{"iob":-0.952,"basaliob":-1.699,"bolussnooze":0,"activity":-0.0029,"lastBolusTime":1703429631210,"time":"2023-12-24T17:28:40.787Z"}},{"iob":0.488,"basaliob":-0.199,"bolussnooze":0,"activity":0.0084,"lastBolusTime":1703429631210,"time":"2023-12-24T17:33:40.787Z","iobWithZeroTemp":{"iob":-1.026,"basaliob":-1.713,"bolussnooze":0,"activity":-0.004,"lastBolusTime":1703429631210,"time":"2023-12-24T17:33:40.787Z"}},{"iob":0.447,"basaliob":-0.184,"bolussnooze":0,"activity":0.0077,"lastBolusTime":1703429631210,"time":"2023-12-24T17:38:40.787Z","iobWithZeroTemp":{"iob":-1.095,"basaliob":-1.726,"bolussnooze":0,"activity":-0.005,"lastBolusTime":1703429631210,"time":"2023-12-24T17:38:40.787Z"}},{"iob":0.41,"basaliob":-0.17,"bolussnooze":0,"activity":0.0071,"lastBolusTime":1703429631210,"time":"2023-12-24T17:43:40.787Z","iobWithZeroTemp":{"iob":-1.159,"basaliob":-1.739,"bolussnooze":0,"activity":-0.0059,"lastBolusTime":1703429631210,"time":"2023-12-24T17:43:40.787Z"}},{"iob":0.376,"basaliob":-0.156,"bolussnooze":0,"activity":0.0066,"lastBolusTime":1703429631210,"time":"2023-12-24T17:48:40.787Z","iobWithZeroTemp":{"iob":-1.219,"basaliob":-1.751,"bolussnooze":0,"activity":-0.0067,"lastBolusTime":1703429631210,"time":"2023-12-24T17:48:40.787Z"}},{"iob":0.344,"basaliob":-0.144,"bolussnooze":0,"activity":0.0061,"lastBolusTime":1703429631210,"time":"2023-12-24T17:53:40.787Z","iobWithZeroTemp":{"iob":-1.275,"basaliob":-1.763,"bolussnooze":0,"activity":-0.0075,"lastBolusTime":1703429631210,"time":"2023-12-24T17:53:40.787Z"}},{"iob":0.315,"basaliob":-0.132,"bolussnooze":0,"activity":0.0056,"lastBolusTime":1703429631210,"time":"2023-12-24T17:58:40.787Z","iobWithZeroTemp":{"iob":-1.326,"basaliob":-1.773,"bolussnooze":0,"activity":-0.0083,"lastBolusTime":1703429631210,"time":"2023-12-24T17:58:40.787Z"}},{"iob":0.287,"basaliob":-0.122,"bolussnooze":0,"activity":0.0051,"lastBolusTime":1703429631210,"time":"2023-12-24T18:03:40.787Z","iobWithZeroTemp":{"iob":-1.38,"basaliob":-1.789,"bolussnooze":0,"activity":-0.0091,"lastBolusTime":1703429631210,"time":"2023-12-24T18:03:40.787Z"}},{"iob":0.263,"basaliob":-0.112,"bolussnooze":0,"activity":0.0048,"lastBolusTime":1703429631210,"time":"2023-12-24T18:08:40.787Z","iobWithZeroTemp":{"iob":-1.429,"basaliob":-1.804,"bolussnooze":0,"activity":-0.0097,"lastBolusTime":1703429631210,"time":"2023-12-24T18:08:40.787Z"}},{"iob":0.24,"basaliob":-0.103,"bolussnooze":0,"activity":0.0044,"lastBolusTime":1703429631210,"time":"2023-12-24T18:13:40.787Z","iobWithZeroTemp":{"iob":-1.475,"basaliob":-1.818,"bolussnooze":0,"activity":-0.0103,"lastBolusTime":1703429631210,"time":"2023-12-24T18:13:40.787Z"}},{"iob":0.219,"basaliob":-0.094,"bolussnooze":0,"activity":0.0041,"lastBolusTime":1703429631210,"time":"2023-12-24T18:18:40.787Z","iobWithZeroTemp":{"iob":-1.518,"basaliob":-1.831,"bolussnooze":0,"activity":-0.0109,"lastBolusTime":1703429631210,"time":"2023-12-24T18:18:40.787Z"}},{"iob":0.2,"basaliob":-0.086,"bolussnooze":0,"activity":0.0037,"lastBolusTime":1703429631210,"time":"2023-12-24T18:23:40.787Z","iobWithZeroTemp":{"iob":-1.558,"basaliob":-1.844,"bolussnooze":0,"activity":-0.0115,"lastBolusTime":1703429631210,"time":"2023-12-24T18:23:40.787Z"}},{"iob":0.182,"basaliob":-0.079,"bolussnooze":0,"activity":0.0034,"lastBolusTime":1703429631210,"time":"2023-12-24T18:28:40.787Z","iobWithZeroTemp":{"iob":-1.595,"basaliob":-1.856,"bolussnooze":0,"activity":-0.0121,"lastBolusTime":1703429631210,"time":"2023-12-24T18:28:40.787Z"}},{"iob":0.166,"basaliob":-0.072,"bolussnooze":0,"activity":0.0031,"lastBolusTime":1703429631210,"time":"2023-12-24T18:33:40.787Z","iobWithZeroTemp":{"iob":-1.63,"basaliob":-1.868,"bolussnooze":0,"activity":-0.0126,"lastBolusTime":1703429631210,"time":"2023-12-24T18:33:40.787Z"}},{"iob":0.15,"basaliob":-0.066,"bolussnooze":0,"activity":0.0029,"lastBolusTime":1703429631210,"time":"2023-12-24T18:38:40.787Z","iobWithZeroTemp":{"iob":-1.663,"basaliob":-1.879,"bolussnooze":0,"activity":-0.013,"lastBolusTime":1703429631210,"time":"2023-12-24T18:38:40.787Z"}},{"iob":0.136,"basaliob":-0.061,"bolussnooze":0,"activity":0.0026,"lastBolusTime":1703429631210,"time":"2023-12-24T18:43:40.787Z","iobWithZeroTemp":{"iob":-1.693,"basaliob":-1.89,"bolussnooze":0,"activity":-0.0135,"lastBolusTime":1703429631210,"time":"2023-12-24T18:43:40.787Z"}},{"iob":0.124,"basaliob":-0.055,"bolussnooze":0,"activity":0.0024,"lastBolusTime":1703429631210,"time":"2023-12-24T18:48:40.787Z","iobWithZeroTemp":{"iob":-1.72,"basaliob":-1.899,"bolussnooze":0,"activity":-0.0139,"lastBolusTime":1703429631210,"time":"2023-12-24T18:48:40.787Z"}},{"iob":0.113,"basaliob":-0.05,"bolussnooze":0,"activity":0.0022,"lastBolusTime":1703429631210,"time":"2023-12-24T18:53:40.787Z","iobWithZeroTemp":{"iob":-1.745,"basaliob":-1.908,"bolussnooze":0,"activity":-0.0143,"lastBolusTime":1703429631210,"time":"2023-12-24T18:53:40.787Z"}},{"iob":0.101,"basaliob":-0.046,"bolussnooze":0,"activity":0.002,"lastBolusTime":1703429631210,"time":"2023-12-24T18:58:40.787Z","iobWithZeroTemp":{"iob":-1.77,"basaliob":-1.917,"bolussnooze":0,"activity":-0.0147,"lastBolusTime":1703429631210,"time":"2023-12-24T18:58:40.787Z"}}],"profile":{"max_iob":15,"type":"current","max_daily_basal":1.32,"max_basal":3.74,"min_bg":99,"max_bg":99,"target_bg":99,"carb_ratio":4.761904761904762,"sens":18.7012987012987,"max_daily_safety_multiplier":3,"current_basal_safety_multiplier":4,"high_temptarget_raises_sensitivity":false,"low_temptarget_lowers_sensitivity":false,"sensitivity_raises_target":true,"resistance_lowers_target":true,"adv_target_adjustments":false,"exercise_mode":false,"half_basal_exercise_target":160,"maxCOB":120,"skip_neutral_temps":false,"remainingCarbsCap":90,"enableUAM":true,"A52_risk_enable":false,"SMBInterval":3,"enableSMB_with_COB":true,"enableSMB_with_temptarget":true,"allowSMB_with_high_temptarget":false,"enableSMB_always":false,"enableSMB_after_carbs":true,"maxSMBBasalMinutes":80,"maxUAMSMBBasalMinutes":60,"bolus_increment":0.05,"carbsReqThreshold":10,"current_basal":0.94,"temptargetSet":false,"autosens_max":1.2,"out_units":"mmol\/L"},"autosens_data":{"ratio":1},"meal_data":{"carbs":37,"mealCOB":0,"slopeFromMaxDeviation":-0.6272222222222222,"slopeFromMinDeviation":0.2257499999999999,"lastBolusTime":1703429631210,"lastCarbTime":1703424808954},"microBolusAllowed":true,"currentTime":1703430222660,"flatBGsDetected":false},"output":{"temp":"absolute","bg":157,"tick":-7,"eventualBG":92,"targetBG":99,"insulinReq":0,"deliverAt":"2023-12-24T15:03:42.660Z","sensitivityRatio":1,"predBGs":{"IOB":[157,150,144,137,132,126,121,117,112,108,105,101,98,96,93,91,88,86,84,82,81,79,77,76,75,73,72,71,70,69,68,68,67,66,66,65,65,64,64,63,63,63,62,62,62,61],"ZT":[157,152,147,142,138,134,130,126,122,119,116,113,111,108,106,104,103,101,100,99,98,97,96,96,95,95,95,95,95,95,95,96,96,97,97,98,99,100,101,101]},"COB":0,"IOB":4.542,"reason":"COB: 0, Dev: 1.1, BGI: -0.3, ISF: 1.0, CR: 4.76, Target: 5.5, minPredBG 3.5, minGuardBG 3.4, IOBpredBG 3.4; minGuardBG 3.4<3.9","duration":120,"rate":0,"timestamp":"2023-12-24T15:03:42.720Z"}}