{"algorithm":"OpenAPSSMBPlugin","input":{"glucoseStatus":{"glucose":202,"noise":0,"delta":-2,"short_avgdelta":-2.33,"long_avgdelta":-1.42,"date":1703449693000},"currenttemp":{"temp":"absolute","duration":20,"rate":0,"minutesrunning":40},"iob_data":[{"iob":7.687,"basaliob":-0.411,"bolussnooze":0.0133,"activity":0.0716,"lastBolusTime":1703448542578,"time":"2023-12-24T20:28:42.853Z","iobWithZeroTemp":{"iob":7.687,"basaliob":-0.411,"bolussnooze":0.0133,"activity":0.0716,"lastBolusTime":1703448542578,"time":"2023-12-24T20:28:42.853Z"}},{"iob":7.33,"basaliob":-0.397,"bolussnooze":0.008,"activity":0.0714,"lastBolusTime":1703448542578,"time":"2023-12-24T20:33:42.853Z","iobWithZeroTemp":{"iob":7.264,"basaliob":-0.463,"bolussnooze":0.008,"activity":0.0714,"lastBolusTime":1703448542578,"time":"2023-12-24T20:33:42.853Z"}},{"iob":6.973,"basaliob":-0.383,"bolussnooze":0.0046,"activity":0.0708,"lastBolusTime":1703448542578,"time":"2023-12-24T20:38:42.853Z","iobWithZeroTemp":{"iob":6.824,"basaliob":-0.532,"bolussnooze":0.0046,"activity":0.0706,"lastBolusTime":1703448542578,"time":"2023-12-24T20:38:42.853Z"}},{"iob":6.622,"basaliob":-0.368,"bolussnooze":0.0026,"activity":0.0698,"lastBolusTime":1703448542578,"time":"2023-12-24T20:43:42.853Z","iobWithZeroTemp":{"iob":6.391,"basaliob":-0.599,"bolussnooze":0.0026,"activity":0.0693,"lastBolusTime":1703448542578,"time":"2023-12-24T20:43:42.853Z"}},{"iob":6.277,"basaliob":-0.353,"bolussnooze":0.0013,"activity":0.0683,"lastBolusTime":1703448542578,"time":"2023-12-24T20:48:42.853Z","iobWithZeroTemp":{"iob":5.966,"basaliob":-0.664,"bolussnooze":0.0013,"activity":0.0675,"lastBolusTime":1703448542578,"time":"2023-12-24T20:48:42.853Z"}},{"iob":5.94,"basaliob":-0.337,"bolussnooze":6.0E-4,"activity":0.0666,"lastBolusTime":1703448542578,"time":"2023-12-24T20:53:42.853Z","iobWithZeroTemp":{"iob":5.551,"basaliob":-0.726,"bolussnooze":6.0E-4,"activity":0.0654,"lastBolusTime":1703448542578,"time":"2023-12-24T20:53:42.853Z"}},{"iob":5.611,"basaliob":-0.322,"bolussnooze":3.0E-4,"activity":0.0646,"lastBolusTime":1703448542578,"time":"2023-12-24T20:58:42.853Z","iobWithZeroTemp":{"iob":5.146,"basaliob":-0.787,"bolussnooze":3.0E-4,"activity":0.0629,"lastBolusTime":1703448542578,"time":"2023-12-24T20:58:42.853Z"}},{"iob":5.294,"basaliob":-0.306,"bolussnooze":1.0E-4,"activity":0.0624,"lastBolusTime":1703448542578,"time":"2023-12-24T21:03:42.853Z","iobWithZeroTemp":{"iob":4.764,"basaliob":-0.836,"bolussnooze":1.0E-4,"activity":0.0602,"lastBolusTime":1703448542578,"time":"2023-12-24T21:03:42.853Z"}},{"iob":4.987,"basaliob":-0.291,"bolussnooze":0,"activity":0.0601,"lastBolusTime":1703448542578,"time":"2023-12-24T21:08:42.853Z","iobWithZeroTemp":{"iob":4.394,"basaliob":-0.884,"bolussnooze":0,"activity":0.0574,"lastBolusTime":1703448542578,"time":"2023-12-24T21:08:42.853Z"}},{"iob":4.693,"basaliob":-0.275,"bolussnooze":0,"activity":0.0578,"lastBolusTime":1703448542578,"time":"2023-12-24T21:13:42.853Z","iobWithZeroTemp":{"iob":4.039,"basaliob":-0.929,"bolussnooze":0,"activity":0.0546,"lastBolusTime":1703448542578,"time":"2023-12-24T21:13:42.853Z"}},{"iob":4.409,"basaliob":-0.261,"bolussnooze":0,"activity":0.0554,"lastBolusTime":1703448542578,"time":"2023-12-24T21:18:42.853Z","iobWithZeroTemp":{"iob":3.698,"basaliob":-0.972,"bolussnooze":0,"activity":0.0517,"lastBolusTime":1703448542578,"time":"2023-12-24T21:18:42.853Z"}},{"iob":4.139,"basaliob":-0.246,"bolussnooze":0,"activity":0.053,"lastBolusTime":1703448542578,"time":"2023-12-24T21:23:42.853Z","iobWithZeroTemp":{"iob":3.373,"basaliob":-1.012,"bolussnooze":0,"activity":0.0487,"lastBolusTime":1703448542578,"time":"2023-12-24T21:23:42.853Z"}},{"iob":3.881,"basaliob":-0.232,"bolussnooze":0,"activity":0.0504,"lastBolusTime":1703448542578,"time":"2023-12-24T21:28:42.853Z","iobWithZeroTemp":{"iob":3.062,"basaliob":-1.051,"bolussnooze":0,"activity":0.0456,"lastBolusTime":1703448542578,"time":"2023-12-24T21:28:42.853Z"}},{"iob":3.634,"basaliob":-0.219,"bolussnooze":0,"activity":0.048,"lastBolusTime":1703448542578,"time":"2023-12-24T21:33:42.853Z","iobWithZeroTemp":{"iob":2.765,"basaliob":-1.088,"bolussnooze":0,"activity":0.0427,"lastBolusTime":1703448542578,"time":"2023-12-24T21:33:42.853Z"}},{"iob":3.399,"basaliob":-0.206,"bolussnooze":0,"activity":0.0456,"lastBolusTime":1703448542578,"time":"2023-12-24T21:38:42.853Z","iobWithZeroTemp":{"iob":2.483,"basaliob":-1.122,"bolussnooze":0,"activity":0.0398,"lastBolusTime":1703448542578,"time":"2023-12-24T21:38:42.853Z"}},{"iob":3.178,"basaliob":-0.193,"bolussnooze":0,"activity":0.0433,"lastBolusTime":1703448542578,"time":"2023-12-24T21:43:42.853Z","iobWithZeroTemp":{"iob":2.217,"basaliob":-1.154,"bolussnooze":0,"activity":0.037,"lastBolusTime":1703448542578,"time":"2023-12-24T21:43:42.853Z"}},{"iob":2.967,"basaliob":-0.181,"bolussnooze":0,"activity":0.041,"lastBolusTime":1703448542578,"time":"2023-12-24T21:48:42.853Z","iobWithZeroTemp":{"iob":1.964,"basaliob":-1.184,"bolussnooze":0,"activity":0.0342,"lastBolusTime":1703448542578,"time":"2023-12-24T21:48:42.853Z"}},{"iob":2.768,"basaliob":-0.17,"bolussnooze":0,"activity":0.0387,"lastBolusTime":1703448542578,"time":"2023-12-24T21:53:42.853Z","iobWithZeroTemp":{"iob":1.725,"basaliob":-1.213,"bolussnooze":0,"activity":0.0314,"lastBolusTime":1703448542578,"time":"2023-12-24T21:53:42.853Z"}},{"iob":2.58,"basaliob":-0.159,"bolussnooze":0,"activity":0.0366,"lastBolusTime":1703448542578,"time":"2023-12-24T21:58:42.853Z","iobWithZeroTemp":{"iob":1.5,"basaliob":-1.239,"bolussnooze":0,"activity":0.0289,"lastBolusTime":1703448542578,"time":"2023-12-24T21:58:42.853Z"}},{"iob":2.402,"basaliob":-0.149,"bolussnooze":0,"activity":0.0345,"lastBolusTime":1703448542578,"time":"2023-12-24T22:03:42.853Z","iobWithZeroTemp":{"iob":1.294,"basaliob":-1.257,"bolussnooze":0,"activity":0.0264,"lastBolusTime":1703448542578,"time":"2023-12-24T22:03:42.853Z"}},{"iob":2.235,"basaliob":-0.139,"bolussnooze":0,"activity":0.0324,"lastBolusTime":1703448542578,"time":"2023-12-24T22:08:42.853Z","iobWithZeroTemp":{"iob":1.102,"basaliob":-1.272,"bolussnooze":0,"activity":0.0239,"lastBolusTime":1703448542578,"time":"2023-12-24T22:08:42.853Z"}},{"iob":2.078,"basaliob":-0.129,"bolussnooze":0,"activity":0.0305,"lastBolusTime":1703448542578,"time":"2023-12-24T22:13:42.853Z","iobWithZeroTemp":{"iob":0.922,"basaliob":-1.285,"bolussnooze":0,"activity":0.0216,"lastBolusTime":1703448542578,"time":"2023-12-24T22:13:42.853Z"}},{"iob":1.93,"basaliob":-0.121,"bolussnooze":0,"activity":0.0286,"lastBolusTime":1703448542578,"time":"2023-12-24T22:18:42.853Z","iobWithZeroTemp":{"iob":0.753,"basaliob":-1.298,"bolussnooze":0,"activity":0.0194,"lastBolusTime":1703448542578,"time":"2023-12-24T22:18:42.853Z"}},{"iob":1.792,"basaliob":-0.112,"bolussnooze":0,"activity":0.0268,"lastBolusTime":1703448542578,"time":"2023-12-24T22:23:42.853Z","iobWithZeroTemp":{"iob":0.595,"basaliob":-1.309,"bolussnooze":0,"activity":0.0172,"lastBolusTime":1703448542578,"time":"2023-12-24T22:23:42.853Z"}},{"iob":1.661,"basaliob":-0.105,"bolussnooze":0,"activity":0.0252,"lastBolusTime":1703448542578,"time":"2023-12-24T22:28:42.853Z","iobWithZeroTemp":{"iob":0.446,"basaliob":-1.32,"bolussnooze":0,"activity":0.0153,"lastBolusTime":1703448542578,"time":"2023-12-24T22:28:42.853Z"}},{"iob":1.54,"basaliob":-0.097,"bolussnooze":0,"activity":0.0236,"lastBolusTime":1703448542578,"time":"2023-12-24T22:33:42.853Z","iobWithZeroTemp":{"iob":0.308,"basaliob":-1.329,"bolussnooze":0,"activity":0.0135,"lastBolusTime":1703448542578,"time":"2023-12-24T22:33:42.853Z"}},{"iob":1.427,"basaliob":-0.09,"bolussnooze":0,"activity":0.022,"lastBolusTime":1703448542578,"time":"2023-12-24T22:38:42.853Z","iobWithZeroTemp":{"iob":0.18,"basaliob":-1.337,"bolussnooze":0,"activity":0.0116,"lastBolusTime":1703448542578,"time":"2023-12-24T22:38:42.853Z"}},{"iob":1.32,"basaliob":-0.084,"bolussnooze":0,"activity":0.0205,"lastBolusTime":1703448542578,"time":"2023-12-24T22:43:42.853Z","iobWithZeroTemp":{"iob":0.059,"basaliob":-1.345,"bolussnooze":0,"activity":0.0099,"lastBolusTime":1703448542578,"time":"2023-12-24T22:43:42.853Z"}},{"iob":1.221,"basaliob":-0.078,"bolussnooze":0,"activity":0.0192,"lastBolusTime":1703448542578,"time":"2023-12-24T22:48:42.853Z","iobWithZeroTemp":{"iob":-0.053,"basaliob":-1.352,"bolussnooze":0,"activity":0.0084,"lastBolusTime":1703448542578,"time":"2023-12-24T22:48:42.853Z"}},{"iob":1.128,"basaliob":-0.072,"bolussnooze":0,"activity":0.0179,"lastBolusTime":1703448542578,"time":"2023-12-24T22:53:42.853Z","iobWithZeroTemp":{"iob":-0.158,"basaliob":-1.358,"bolussnooze":0,"activity":0.0069,"lastBolusTime":1703448542578,"time":"2023-12-24T22:53:42.853Z"}},{"iob":1.041,"basaliob":-0.067,"bolussnooze":0,"activity":0.0167,"lastBolusTime":1703448542578,"time":"2023-12-24T22:58:42.853Z","iobWithZeroTemp":{"iob":-0.256,"basaliob":-1.364,"bolussnooze":0,"activity":0.0055,"lastBolusTime":1703448542578,"time":"2023-12-24T22:58:42.853Z"}},{"iob":0.961,"basaliob":-0.062,"bolussnooze":0,"activity":0.0155,"lastBolusTime":1703448542578,"time":"2023-12-24T23:03:42.853Z","iobWithZeroTemp":{"iob":-0.346,"basaliob":-1.369,"bolussnooze":0,"activity":0.0041,"lastBolusTime":1703448542578,"time":"2023-12-24T23:03:42.853Z"}},{"iob":0.887,"basaliob":-0.057,"bolussnooze":0,"activity":0.0144,"lastBolusTime":1703448542578,"time":"2023-12-24T23:08:42.853Z","iobWithZeroTemp":{"iob":-0.43,"basaliob":-1.374,"bolussnooze":0,"activity":0.0028,"lastBolusTime":1703448542578,"time":"2023-12-24T23:08:42.853Z"}},{"iob":0.817,"basaliob":-0.053,"bolussnooze":0,"activity":0.0134,"lastBolusTime":1703448542578,"time":"2023-12-24T23:13:42.853Z","iobWithZeroTemp":{"iob":-0.508,"basaliob":-1.378,"bolussnooze":0,"activity":0.0017,"lastBolusTime":1703448542578,"time":"2023-12-24T23:13:42.853Z"}},{"iob":0.752,"basaliob":-0.049,"bolussnooze":0,"activity":0.0124,"lastBolusTime":1703448542578,"time":"2023-12-24T23:18:42.853Z","iobWithZeroTemp":{"iob":-0.581,"basaliob":-1.382,"bolussnooze":0,"activity":5.0E-4,"lastBolusTime":1703448542578,"time":"2023-12-24T23:18:42.853Z"}},{"iob":0.692,"basaliob":-0.045,"bolussnooze":0,"activity":0.0116,"lastBolusTime":1703448542578,"time":"2023-12-24T23:23:42.853Z","iobWithZeroTemp":{"iob":-0.648,"basaliob":-1.385,"bolussnooze":0,"activity":-4.0E-4,"lastBolusTime":1703448542578,"time":"2023-12-24T23:23:42.853Z"}},{"iob":0.637,"basaliob":-0.041,"bolussnooze":0,"activity":0.0107,"lastBolusTime":1703448542578,"time":"2023-12-24T23:28:42.853Z","iobWithZeroTemp":{"iob":-0.71,"basaliob":-1.388,"bolussnooze":0,"activity":-0.0014,"lastBolusTime":1703448542578,"time":"2023-12-24T23:28:42.853Z"}},{"iob":0.585,"basaliob":-0.038,"bolussnooze":0,"activity":0.01,"lastBolusTime":1703448542578,"time":"2023-12-24T23:33:42.853Z","iobWithZeroTemp":{"iob":-0.768,"basaliob":-1.391,"bolussnooze":0,"activity":-0.0022,"lastBolusTime":1703448542578,"time":"2023-12-24T23:33:42.853Z"}},{"iob":0.537,"basaliob":-0.035,"bolussnooze":0,"activity":0.0092,"lastBolusTime":1703448542578,"time":"2023-12-24T23:38:42.853Z","iobWithZeroTemp":{"iob":-0.821,"basaliob":-1.393,"bolussnooze":0,"activity":-0.0031,"lastBolusTime":1703448542578,"time":"2023-12-24T23:38:42.853Z"}},{"iob":0.493,"basaliob":-0.032,"bolussnooze":0,"activity":0.0086,"lastBolusTime":1703448542578,"time":"2023-12-24T23:43:42.853Z","iobWithZeroTemp":{"iob":-0.87,"basaliob":-1.395,"bolussnooze":0,"activity":-0.0038,"lastBolusTime":1703448542578,"time":"2023-12-24T23:43:42.853Z"}},{"iob":0.452,"basaliob":-0.03,"bolussnooze":0,"activity":0.0079,"lastBolusTime":1703448542578,"time":"2023-12-24T23:48:42.853Z","iobWithZeroTemp":{"iob":-0.916,"basaliob":-1.398,"bolussnooze":0,"activity":-0.0046,"lastBolusTime":1703448542578,"time":"2023-12-24T23:48:42.853Z"}},{"iob":0.414,"basaliob":-0.027,"bolussnooze":0,"activity":0.0072,"lastBolusTime":1703448542578,"time":"2023-12-24T23:53:42.853Z","iobWithZeroTemp":{"iob":-0.958,"basaliob":-1.399,"bolussnooze":0,"activity":-0.0053,"lastBolusTime":1703448542578,"time":"2023-12-24T23:53:42.853Z"}},{"iob":0.379,"basaliob":-0.025,"bolussnooze":0,"activity":0.0067,"lastBolusTime":1703448542578,"time":"2023-12-24T23:58:42.853Z","iobWithZeroTemp":{"iob":-0.997,"basaliob":-1.401,"bolussnooze":0,"activity":-0.0059,"lastBolusTime":1703448542578,"time":"2023-12-24T23:58:42.853Z"}},{"iob":0.347,"basaliob":-0.023,"bolussnooze":0,"activity":0.0062,"lastBolusTime":1703448542578,"time":"2023-12-25T00:03:42.853Z","iobWithZeroTemp":{"iob":-1.036,"basaliob":-1.406,"bolussnooze":0,"activity":-0.0065,"lastBolusTime":1703448542578,"time":"2023-12-25T00:03:42.853Z"}},{"iob":0.317,"basaliob":-0.021,"bolussnooze":0,"activity":0.0057,"lastBolusTime":1703448542578,"time":"2023-12-25T00:08:42.853Z","iobWithZeroTemp":{"iob":-1.073,"basaliob":-1.411,"bolussnooze":0,"activity":-0.0071,"lastBolusTime":1703448542578,"time":"2023-12-25T00:08:42.853Z"}},{"iob":0.29,"basaliob":-0.019,"bolussnooze":0,"activity":0.0053,"lastBolusTime":1703448542578,"time":"2023-12-25T00:13:42.853Z","iobWithZeroTemp":{"iob":-1.107,"basaliob":-1.416,"bolussnooze":0,"activity":-0.0075,"lastBolusTime":1703448542578,"time":"2023-12-25T00:13:42.853Z"}},{"iob":0.264,"basaliob":-0.018,"bolussnooze":0,"activity":0.0049,"lastBolusTime":1703448542578,"time":"2023-12-25T00:18:42.853Z","iobWithZeroTemp":{"iob":-1.14,"basaliob":-1.422,"bolussnooze":0,"activity":-0.008,"lastBolusTime":1703448542578,"time":"2023-12-25T00:18:42.853Z"}},{"iob":0.241,"basaliob":-0.016,"bolussnooze":0,"activity":0.0044,"lastBolusTime":1703448542578,"time":"2023-12-25T00:23:42.853Z","iobWithZeroTemp":{"iob":-1.169,"basaliob":-1.426,"bolussnooze":0,"activity":-0.0086,"lastBolusTime":1703448542578,"time":"2023-12-25T00:23:42.853Z"}}],"profile":{"max_iob":15,"type":"current","max_daily_basal":1.2,"max_basal":3.59,"min_bg":99,"max_bg":99,"target_bg":99,"carb_ratio":4.761904761904762,"sens":24,"max_daily_safety_multiplier":3,"current_basal_safety_multiplier":4,"high_temptarget_raises_sensitivity":false,"low_temptarget_lowers_sensitivity":false,"sensitivity_raises_target":true,"resistance_lowers_target":true,"adv_target_adjustments":false,"exercise_mode":false,"half_basal_exercise_target":160,"maxCOB":120,"skip_neutral_temps":false,"remainingCarbsCap":90,"enableUAM":true,"A52_risk_enable":false,"SMBInterval":3,"enableSMB_with_COB":true,"enableSMB_with_temptarget":true,"allowSMB_with_high_temptarget":false,"enableSMB_always":false,"enableSMB_after_carbs":true,"maxSMBBasalMinutes":80,"maxUAMSMBBasalMinutes":60,"bolus_increment":0.05,"carbsReqThreshold":10,"current_basal":1,"temptargetSet":false,"autosens_max":1.2,"out_units":"mmol\/L"},"autosens_data":{"ratio":1},"meal_data":{"carbs":56,"mealCOB":0,"slopeFromMaxDeviation":-0.8805714285714284,"slopeFromMinDeviation":0,"lastBolusTime":1703448542578,"lastCarbTime":1703445773664},"microBolusAllowed":true,"currentTime":1703449724607,"flatBGsDetected":false},"output":{"temp":"absolute","bg":202,"tick":-2,"eventualBG":56,"targetBG":99,"insulinReq":0,"deliverAt":"2023-12-24T20:28:44.607Z","sensitivityRatio":1,"predBGs":{"IOB":[202,199,196,192,188,183,179,173,168,162,157,150,144,138,132,127,122,117,112,108,103,100,96,92,89,86,83,81,78,76,74,72,70,68,67,65,64,62,61,60,59,58,57,57,56,55,54],"ZT":[202,193,185,176,168,160,152,145,137,130,124,118,112,106,101,96,92,88,84,81,78,75,72,70,68,66,64,63,62,61,60,59,59,58,58,58,58,58,59,59,59,60,61,61,62,63,64,65],"UAM":[202,199,195,190,184,178,171,163,156,149,142,135,129,123,117,112,106,101,97,92,88,84,81,77,74,71,68,66,63,61,59,57,55,53,51,50,49,47,46,45,44,43,42,41,41,40,39]},"COB":0,"IOB":7.687,"reason":"COB: 0, Dev: 2.1, BGI: -0.5, ISF: 1.3, CR: 4.76, Target: 5.5, minPredBG 2.7, minGuardBG 2.1, IOBpredBG 3.0, UAMpredBG 2.2; minGuardBG 2.1<3.9","duration":120,"rate":0,"timestamp":"2023-12-24T20:28:44.715Z"}}