{"algorithm":"OpenAPSSMBPlugin","input":{"glucoseStatus":{"glucose":235,"noise":0,"delta":1,"short_avgdelta":2,"long_avgdelta":4.01,"date":1703343489000},"currenttemp":{"temp":"absolute","duration":5,"rate":0,"minutesrunning":55},"iob_data":[{"iob":11.91,"basaliob":-0.795,"bolussnooze":0.1926,"activity":0.0982,"lastBolusTime":1703343256865,"time":"2023-12-23T14:58:40.650Z","iobWithZeroTemp":{"iob":11.91,"basaliob":-0.795,"bolussnooze":0.1926,"activity":0.0982,"lastBolusTime":1703343256865,"time":"2023-12-23T14:58:40.650Z"}},{"iob":11.413,"basaliob":-0.764,"bolussnooze":0.1199,"activity":0.1001,"lastBolusTime":1703343256865,"time":"2023-12-23T15:03:40.650Z","iobWithZeroTemp":{"iob":11.356,"basaliob":-0.821,"bolussnooze":0.1199,"activity":0.1001,"lastBolusTime":1703343256865,"time":"2023-12-23T15:03:40.650Z"}},{"iob":10.911,"basaliob":-0.731,"bolussnooze":0.0728,"activity":0.1009,"lastBolusTime":1703343256865,"time":"2023-12-23T15:08:40.650Z","iobWithZeroTemp":{"iob":10.784,"basaliob":-0.858,"bolussnooze":0.0728,"activity":0.1007,"lastBolusTime":1703343256865,"time":"2023-12-23T15:08:40.650Z"}},{"iob":10.406,"basaliob":-0.699,"bolussnooze":0.0429,"activity":0.1009,"lastBolusTime":1703343256865,"time":"2023-12-23T15:13:40.650Z","iobWithZeroTemp":{"iob":10.21,"basaliob":-0.895,"bolussnooze":0.0429,"activity":0.1005,"lastBolusTime":1703343256865,"time":"2023-12-23T15:13:40.650Z"}},{"iob":9.904,"basaliob":-0.666,"bolussnooze":0.0244,"activity":0.1,"lastBolusTime":1703343256865,"time":"2023-12-23T15:18:40.650Z","iobWithZeroTemp":{"iob":9.639,"basaliob":-0.931,"bolussnooze":0.0244,"activity":0.0993,"lastBolusTime":1703343256865,"time":"2023-12-23T15:18:40.650Z"}},{"iob":9.406,"basaliob":-0.634,"bolussnooze":0.0131,"activity":0.0985,"lastBolusTime":1703343256865,"time":"2023-12-23T15:23:40.650Z","iobWithZeroTemp":{"iob":9.075,"basaliob":-0.965,"bolussnooze":0.0131,"activity":0.0975,"lastBolusTime":1703343256865,"time":"2023-12-23T15:23:40.650Z"}},{"iob":8.92,"basaliob":-0.601,"bolussnooze":0.0065,"activity":0.0965,"lastBolusTime":1703343256865,"time":"2023-12-23T15:28:40.650Z","iobWithZeroTemp":{"iob":8.524,"basaliob":-0.997,"bolussnooze":0.0065,"activity":0.0951,"lastBolusTime":1703343256865,"time":"2023-12-23T15:28:40.650Z"}},{"iob":8.442,"basaliob":-0.57,"bolussnooze":0.0029,"activity":0.0942,"lastBolusTime":1703343256865,"time":"2023-12-23T15:33:40.650Z","iobWithZeroTemp":{"iob":7.984,"basaliob":-1.028,"bolussnooze":0.0029,"activity":0.0923,"lastBolusTime":1703343256865,"time":"2023-12-23T15:33:40.650Z"}},{"iob":7.979,"basaliob":-0.539,"bolussnooze":0.001,"activity":0.0914,"lastBolusTime":1703343256865,"time":"2023-12-23T15:38:40.650Z","iobWithZeroTemp":{"iob":7.46,"basaliob":-1.058,"bolussnooze":0.001,"activity":0.0891,"lastBolusTime":1703343256865,"time":"2023-12-23T15:38:40.650Z"}},{"iob":7.529,"basaliob":-0.509,"bolussnooze":2.0E-4,"activity":0.0884,"lastBolusTime":1703343256865,"time":"2023-12-23T15:43:40.650Z","iobWithZeroTemp":{"iob":6.952,"basaliob":-1.086,"bolussnooze":2.0E-4,"activity":0.0856,"lastBolusTime":1703343256865,"time":"2023-12-23T15:43:40.650Z"}},{"iob":7.095,"basaliob":-0.48,"bolussnooze":0,"activity":0.0852,"lastBolusTime":1703343256865,"time":"2023-12-23T15:48:40.650Z","iobWithZeroTemp":{"iob":6.462,"basaliob":-1.113,"bolussnooze":0,"activity":0.0819,"lastBolusTime":1703343256865,"time":"2023-12-23T15:48:40.650Z"}},{"iob":6.677,"basaliob":-0.452,"bolussnooze":0,"activity":0.0819,"lastBolusTime":1703343256865,"time":"2023-12-23T15:53:40.650Z","iobWithZeroTemp":{"iob":5.991,"basaliob":-1.138,"bolussnooze":0,"activity":0.0782,"lastBolusTime":1703343256865,"time":"2023-12-23T15:53:40.650Z"}},{"iob":6.276,"basaliob":-0.425,"bolussnooze":0,"activity":0.0785,"lastBolusTime":1703343256865,"time":"2023-12-23T15:58:40.650Z","iobWithZeroTemp":{"iob":5.539,"basaliob":-1.162,"bolussnooze":0,"activity":0.0743,"lastBolusTime":1703343256865,"time":"2023-12-23T15:58:40.650Z"}},{"iob":5.891,"basaliob":-0.4,"bolussnooze":0,"activity":0.075,"lastBolusTime":1703343256865,"time":"2023-12-23T16:03:40.650Z","iobWithZeroTemp":{"iob":5.105,"basaliob":-1.186,"bolussnooze":0,"activity":0.0703,"lastBolusTime":1703343256865,"time":"2023-12-23T16:03:40.650Z"}},{"iob":5.525,"basaliob":-0.375,"bolussnooze":0,"activity":0.0717,"lastBolusTime":1703343256865,"time":"2023-12-23T16:08:40.650Z","iobWithZeroTemp":{"iob":4.693,"basaliob":-1.207,"bolussnooze":0,"activity":0.0665,"lastBolusTime":1703343256865,"time":"2023-12-23T16:08:40.650Z"}},{"iob":5.176,"basaliob":-0.351,"bolussnooze":0,"activity":0.0682,"lastBolusTime":1703343256865,"time":"2023-12-23T16:13:40.650Z","iobWithZeroTemp":{"iob":4.301,"basaliob":-1.226,"bolussnooze":0,"activity":0.0625,"lastBolusTime":1703343256865,"time":"2023-12-23T16:13:40.650Z"}},{"iob":4.843,"basaliob":-0.329,"bolussnooze":0,"activity":0.0648,"lastBolusTime":1703343256865,"time":"2023-12-23T16:18:40.650Z","iobWithZeroTemp":{"iob":3.926,"basaliob":-1.246,"bolussnooze":0,"activity":0.0587,"lastBolusTime":1703343256865,"time":"2023-12-23T16:18:40.650Z"}},{"iob":4.527,"basaliob":-0.308,"bolussnooze":0,"activity":0.0614,"lastBolusTime":1703343256865,"time":"2023-12-23T16:23:40.650Z","iobWithZeroTemp":{"iob":3.571,"basaliob":-1.264,"bolussnooze":0,"activity":0.0548,"lastBolusTime":1703343256865,"time":"2023-12-23T16:23:40.650Z"}},{"iob":4.229,"basaliob":-0.287,"bolussnooze":0,"activity":0.0582,"lastBolusTime":1703343256865,"time":"2023-12-23T16:28:40.650Z","iobWithZeroTemp":{"iob":3.236,"basaliob":-1.28,"bolussnooze":0,"activity":0.0512,"lastBolusTime":1703343256865,"time":"2023-12-23T16:28:40.650Z"}},{"iob":3.945,"basaliob":-0.268,"bolussnooze":0,"activity":0.055,"lastBolusTime":1703343256865,"time":"2023-12-23T16:33:40.650Z","iobWithZeroTemp":{"iob":2.917,"basaliob":-1.296,"bolussnooze":0,"activity":0.0476,"lastBolusTime":1703343256865,"time":"2023-12-23T16:33:40.650Z"}},{"iob":3.678,"basaliob":-0.25,"bolussnooze":0,"activity":0.052,"lastBolusTime":1703343256865,"time":"2023-12-23T16:38:40.650Z","iobWithZeroTemp":{"iob":2.617,"basaliob":-1.311,"bolussnooze":0,"activity":0.0442,"lastBolusTime":1703343256865,"time":"2023-12-23T16:38:40.650Z"}},{"iob":3.426,"basaliob":-0.233,"bolussnooze":0,"activity":0.049,"lastBolusTime":1703343256865,"time":"2023-12-23T16:43:40.650Z","iobWithZeroTemp":{"iob":2.334,"basaliob":-1.325,"bolussnooze":0,"activity":0.0408,"lastBolusTime":1703343256865,"time":"2023-12-23T16:43:40.650Z"}},{"iob":3.188,"basaliob":-0.217,"bolussnooze":0,"activity":0.0461,"lastBolusTime":1703343256865,"time":"2023-12-23T16:48:40.650Z","iobWithZeroTemp":{"iob":2.067,"basaliob":-1.338,"bolussnooze":0,"activity":0.0375,"lastBolusTime":1703343256865,"time":"2023-12-23T16:48:40.650Z"}},{"iob":2.964,"basaliob":-0.202,"bolussnooze":0,"activity":0.0434,"lastBolusTime":1703343256865,"time":"2023-12-23T16:53:40.650Z","iobWithZeroTemp":{"iob":1.816,"basaliob":-1.35,"bolussnooze":0,"activity":0.0345,"lastBolusTime":1703343256865,"time":"2023-12-23T16:53:40.650Z"}},{"iob":2.755,"basaliob":-0.187,"bolussnooze":0,"activity":0.0407,"lastBolusTime":1703343256865,"time":"2023-12-23T16:58:40.650Z","iobWithZeroTemp":{"iob":1.582,"basaliob":-1.36,"bolussnooze":0,"activity":0.0315,"lastBolusTime":1703343256865,"time":"2023-12-23T16:58:40.650Z"}},{"iob":2.557,"basaliob":-0.174,"bolussnooze":0,"activity":0.0382,"lastBolusTime":1703343256865,"time":"2023-12-23T17:03:40.650Z","iobWithZeroTemp":{"iob":1.348,"basaliob":-1.383,"bolussnooze":0,"activity":0.0286,"lastBolusTime":1703343256865,"time":"2023-12-23T17:03:40.650Z"}},{"iob":2.373,"basaliob":-0.161,"bolussnooze":0,"activity":0.0358,"lastBolusTime":1703343256865,"time":"2023-12-23T17:08:40.650Z","iobWithZeroTemp":{"iob":1.129,"basaliob":-1.405,"bolussnooze":0,"activity":0.0259,"lastBolusTime":1703343256865,"time":"2023-12-23T17:08:40.650Z"}},{"iob":2.199,"basaliob":-0.15,"bolussnooze":0,"activity":0.0335,"lastBolusTime":1703343256865,"time":"2023-12-23T17:13:40.650Z","iobWithZeroTemp":{"iob":0.922,"basaliob":-1.427,"bolussnooze":0,"activity":0.0233,"lastBolusTime":1703343256865,"time":"2023-12-23T17:13:40.650Z"}},{"iob":2.037,"basaliob":-0.139,"bolussnooze":0,"activity":0.0314,"lastBolusTime":1703343256865,"time":"2023-12-23T17:18:40.650Z","iobWithZeroTemp":{"iob":0.729,"basaliob":-1.447,"bolussnooze":0,"activity":0.0209,"lastBolusTime":1703343256865,"time":"2023-12-23T17:18:40.650Z"}},{"iob":1.886,"basaliob":-0.128,"bolussnooze":0,"activity":0.0293,"lastBolusTime":1703343256865,"time":"2023-12-23T17:23:40.650Z","iobWithZeroTemp":{"iob":0.549,"basaliob":-1.465,"bolussnooze":0,"activity":0.0184,"lastBolusTime":1703343256865,"time":"2023-12-23T17:23:40.650Z"}},{"iob":1.744,"basaliob":-0.119,"bolussnooze":0,"activity":0.0273,"lastBolusTime":1703343256865,"time":"2023-12-23T17:28:40.650Z","iobWithZeroTemp":{"iob":0.379,"basaliob":-1.484,"bolussnooze":0,"activity":0.0161,"lastBolusTime":1703343256865,"time":"2023-12-23T17:28:40.650Z"}},{"iob":1.612,"basaliob":-0.11,"bolussnooze":0,"activity":0.0255,"lastBolusTime":1703343256865,"time":"2023-12-23T17:33:40.650Z","iobWithZeroTemp":{"iob":0.22,"basaliob":-1.502,"bolussnooze":0,"activity":0.014,"lastBolusTime":1703343256865,"time":"2023-12-23T17:33:40.650Z"}},{"iob":1.49,"basaliob":-0.101,"bolussnooze":0,"activity":0.0238,"lastBolusTime":1703343256865,"time":"2023-12-23T17:38:40.650Z","iobWithZeroTemp":{"iob":0.073,"basaliob":-1.518,"bolussnooze":0,"activity":0.012,"lastBolusTime":1703343256865,"time":"2023-12-23T17:38:40.650Z"}},{"iob":1.375,"basaliob":-0.093,"bolussnooze":0,"activity":0.0221,"lastBolusTime":1703343256865,"time":"2023-12-23T17:43:40.650Z","iobWithZeroTemp":{"iob":-0.065,"basaliob":-1.533,"bolussnooze":0,"activity":0.0101,"lastBolusTime":1703343256865,"time":"2023-12-23T17:43:40.650Z"}},{"iob":1.268,"basaliob":-0.086,"bolussnooze":0,"activity":0.0206,"lastBolusTime":1703343256865,"time":"2023-12-23T17:48:40.650Z","iobWithZeroTemp":{"iob":-0.195,"basaliob":-1.549,"bolussnooze":0,"activity":0.0083,"lastBolusTime":1703343256865,"time":"2023-12-23T17:48:40.650Z"}},{"iob":1.169,"basaliob":-0.079,"bolussnooze":0,"activity":0.0191,"lastBolusTime":1703343256865,"time":"2023-12-23T17:53:40.650Z","iobWithZeroTemp":{"iob":-0.315,"basaliob":-1.563,"bolussnooze":0,"activity":0.0065,"lastBolusTime":1703343256865,"time":"2023-12-23T17:53:40.650Z"}},{"iob":1.077,"basaliob":-0.073,"bolussnooze":0,"activity":0.0178,"lastBolusTime":1703343256865,"time":"2023-12-23T17:58:40.650Z","iobWithZeroTemp":{"iob":-0.426,"basaliob":-1.576,"bolussnooze":0,"activity":0.005,"lastBolusTime":1703343256865,"time":"2023-12-23T17:58:40.650Z"}},{"iob":0.991,"basaliob":-0.067,"bolussnooze":0,"activity":0.0165,"lastBolusTime":1703343256865,"time":"2023-12-23T18:03:40.650Z","iobWithZeroTemp":{"iob":-0.535,"basaliob":-1.593,"bolussnooze":0,"activity":0.0034,"lastBolusTime":1703343256865,"time":"2023-12-23T18:03:40.650Z"}},{"iob":0.911,"basaliob":-0.062,"bolussnooze":0,"activity":0.0153,"lastBolusTime":1703343256865,"time":"2023-12-23T18:08:40.650Z","iobWithZeroTemp":{"iob":-0.637,"basaliob":-1.61,"bolussnooze":0,"activity":0.002,"lastBolusTime":1703343256865,"time":"2023-12-23T18:08:40.650Z"}},{"iob":0.838,"basaliob":-0.057,"bolussnooze":0,"activity":0.0142,"lastBolusTime":1703343256865,"time":"2023-12-23T18:13:40.650Z","iobWithZeroTemp":{"iob":-0.73,"basaliob":-1.625,"bolussnooze":0,"activity":7.0E-4,"lastBolusTime":1703343256865,"time":"2023-12-23T18:13:40.650Z"}},{"iob":0.77,"basaliob":-0.052,"bolussnooze":0,"activity":0.0131,"lastBolusTime":1703343256865,"time":"2023-12-23T18:18:40.650Z","iobWithZeroTemp":{"iob":-0.817,"basaliob":-1.639,"bolussnooze":0,"activity":-7.0E-4,"lastBolusTime":1703343256865,"time":"2023-12-23T18:18:40.650Z"}},{"iob":0.706,"basaliob":-0.048,"bolussnooze":0,"activity":0.0122,"lastBolusTime":1703343256865,"time":"2023-12-23T18:23:40.650Z","iobWithZeroTemp":{"iob":-0.899,"basaliob":-1.653,"bolussnooze":0,"activity":-0.0018,"lastBolusTime":1703343256865,"time":"2023-12-23T18:23:40.650Z"}},{"iob":0.648,"basaliob":-0.044,"bolussnooze":0,"activity":0.0112,"lastBolusTime":1703343256865,"time":"2023-12-23T18:28:40.650Z","iobWithZeroTemp":{"iob":-0.975,"basaliob":-1.667,"bolussnooze":0,"activity":-0.003,"lastBolusTime":1703343256865,"time":"2023-12-23T18:28:40.650Z"}},{"iob":0.594,"basaliob":-0.04,"bolussnooze":0,"activity":0.0104,"lastBolusTime":1703343256865,"time":"2023-12-23T18:33:40.650Z","iobWithZeroTemp":{"iob":-1.045,"basaliob":-1.679,"bolussnooze":0,"activity":-0.004,"lastBolusTime":1703343256865,"time":"2023-12-23T18:33:40.650Z"}},{"iob":0.544,"basaliob":-0.037,"bolussnooze":0,"activity":0.0096,"lastBolusTime":1703343256865,"time":"2023-12-23T18:38:40.650Z","iobWithZeroTemp":{"iob":-1.11,"basaliob":-1.691,"bolussnooze":0,"activity":-0.005,"lastBolusTime":1703343256865,"time":"2023-12-23T18:38:40.650Z"}},{"iob":0.497,"basaliob":-0.034,"bolussnooze":0,"activity":0.0089,"lastBolusTime":1703343256865,"time":"2023-12-23T18:43:40.650Z","iobWithZeroTemp":{"iob":-1.171,"basaliob":-1.702,"bolussnooze":0,"activity":-0.0059,"lastBolusTime":1703343256865,"time":"2023-12-23T18:43:40.650Z"}},{"iob":0.455,"basaliob":-0.031,"bolussnooze":0,"activity":0.0081,"lastBolusTime":1703343256865,"time":"2023-12-23T18:48:40.650Z","iobWithZeroTemp":{"iob":-1.226,"basaliob":-1.712,"bolussnooze":0,"activity":-0.0068,"lastBolusTime":1703343256865,"time":"2023-12-23T18:48:40.650Z"}},{"iob":0.416,"basaliob":-0.028,"bolussnooze":0,"activity":0.0076,"lastBolusTime":1703343256865,"time":"2023-12-23T18:53:40.650Z","iobWithZeroTemp":{"iob":-1.278,"basaliob":-1.722,"bolussnooze":0,"activity":-0.0075,"lastBolusTime":1703343256865,"time":"2023-12-23T18:53:40.650Z"}}],"profile":{"max_iob":15,"type":"current","max_daily_basal":1.2,"max_basal":3.59,"min_bg":99,"max_bg":99,"target_bg":99,"carb_ratio":5.238095238095238,"sens":20.57142857142857,"max_daily_safety_multiplier":3,"current_basal_safety_multiplier":4,"high_temptarget_raises_sensitivity":false,"low_temptarget_lowers_sensitivity":false,"sensitivity_raises_target":true,"resistance_lowers_target":true,"adv_target_adjustments":false,"exercise_mode":false,"half_basal_exercise_target":160,"maxCOB":120,"skip_neutral_temps":false,"remainingCarbsCap":90,"enableUAM":true,"A52_risk_enable":false,"SMBInterval":3,"enableSMB_with_COB":true,"enableSMB_with_temptarget":true,"allowSMB_with_high_temptarget":false,"enableSMB_always":false,"enableSMB_after_carbs":true,"maxSMBBasalMinutes":80,"maxUAMSMBBasalMinutes":60,"bolus_increment":0.05,"carbsReqThreshold":10,"current_basal":0.95,"temptargetSet":false,"autosens_max":1.2,"out_units":"mmol\/L"},"autosens_data":{"ratio":1},"meal_data":{"carbs":100,"mealCOB":21.767830687830674,"slopeFromMaxDeviation":-0.5780000000000012,"slopeFromMinDeviation":0.9923636363636363,"lastBolusTime":1703343256865,"lastCarbTime":1703339824852},"microBolusAllowed":true,"currentTime":1703343523614,"flatBGsDetected":false},"output":{"temp":"absolute","bg":235,"tick":"+1","eventualBG":94,"targetBG":99,"insulinReq":0,"deliverAt":"2023-12-23T14:58:43.614Z","sensitivityRatio":1,"predBGs":{"IOB":[235,234,232,229,225,220,215,209,203,196,188,180,172,164,156,149,142,135,129,123,117,112,107,102,97,93,89,86,82,79,76,73,70,68,66,64,62,60,58,57,55,54,52,51,50,49,48,47],"ZT":[235,225,215,204,194,184,174,164,154,145,136,128,120,112,105,98,92,86,80,75,70,65,61,57,54,50,47,45,42,40,39,39,39,39,39,39,39,39,39,39,39,39,39,39,39,39,39,39],"COB":[235,234,232,230,227,224,220,216,212,207,202,197,192,186,180,174,168,162,156,150,144,139,133,129,124,120,116,112,109,106,103,100,97,95,93,90,88,87,85,83,82,81,79,78,77,76,75,74],"UAM":[235,235,235,234,232,230,228,225,222,218,214,210,206,201,197,192,186,181,175,169,164,158,153,149,144,140,136,132,129,126,123,120,117,115,113,110,108,107,105,103,102,100,99,98,97,96,95,94]},"COB":21.767830687830674,"IOB":11.91,"reason":"COB: 21.8, Dev: 3.7, BGI: -0.6, ISF: 1.1, CR: 5.24, Target: 5.5, minPredBG 4.1, minGuardBG 4.9, IOBpredBG 2.6, COBpredBG 4.1, UAMpredBG 5.2; Eventual BG 5.2 < 5.5, naive_eventualBG < 40. ","duration":30,"rate":0,"timestamp":"2023-12-23T14:58:43.937Z"}}