{"algorithm":"OpenAPSSMBPlugin","input":{"glucoseStatus":{"glucose":96,"noise":0,"delta":0,"short_avgdelta":0,"long_avgdelta":-0.26,"date":1703389391000},"currenttemp":{"temp":"absolute","duration":0,"rate":0},"iob_data":[{"iob":-0.12,"basaliob":-0.724,"bolussnooze":0,"activity":1.0E-4,"lastBolusTime":1703384655685,"time":"2023-12-24T03:43:42.915Z","iobWithZeroTemp":{"iob":-0.12,"basaliob":-0.724,"bolussnooze":0,"activity":1.0E-4,"lastBolusTime":1703384655685,"time":"2023-12-24T03:43:42.915Z"}},{"iob":-0.121,"basaliob":-0.686,"bolussnooze":0,"activity":0,"lastBolusTime":1703384655685,"time":"2023-12-24T03:48:42.915Z","iobWithZeroTemp":{"iob":-0.201,"basaliob":-0.766,"bolussnooze":0,"activity":-1.0E-4,"lastBolusTime":1703384655685,"time":"2023-12-24T03:48:42.915Z"}},{"iob":-0.119,"basaliob":-0.648,"bolussnooze":0,"activity":-2.0E-4,"lastBolusTime":1703384655685,"time":"2023-12-24T03:53:42.915Z","iobWithZeroTemp":{"iob":-0.298,"basaliob":-0.827,"bolussnooze":0,"activity":-4.0E-4,"lastBolusTime":1703384655685,"time":"2023-12-24T03:53:42.915Z"}},{"iob":-0.117,"basaliob":-0.612,"bolussnooze":0,"activity":-4.0E-4,"lastBolusTime":1703384655685,"time":"2023-12-24T03:58:42.915Z","iobWithZeroTemp":{"iob":-0.394,"basaliob":-0.889,"bolussnooze":0,"activity":-0.001,"lastBolusTime":1703384655685,"time":"2023-12-24T03:58:42.915Z"}},{"iob":-0.115,"basaliob":-0.577,"bolussnooze":0,"activity":-5.0E-4,"lastBolusTime":1703384655685,"time":"2023-12-24T04:03:42.915Z","iobWithZeroTemp":{"iob":-0.486,"basaliob":-0.948,"bolussnooze":0,"activity":-0.0015,"lastBolusTime":1703384655685,"time":"2023-12-24T04:03:42.915Z"}},{"iob":-0.113,"basaliob":-0.544,"bolussnooze":0,"activity":-6.0E-4,"lastBolusTime":1703384655685,"time":"2023-12-24T04:08:42.915Z","iobWithZeroTemp":{"iob":-0.576,"basaliob":-1.007,"bolussnooze":0,"activity":-0.0021,"lastBolusTime":1703384655685,"time":"2023-12-24T04:08:42.915Z"}},{"iob":-0.109,"basaliob":-0.511,"bolussnooze":0,"activity":-6.0E-4,"lastBolusTime":1703384655685,"time":"2023-12-24T04:13:42.915Z","iobWithZeroTemp":{"iob":-0.661,"basaliob":-1.063,"bolussnooze":0,"activity":-0.0026,"lastBolusTime":1703384655685,"time":"2023-12-24T04:13:42.915Z"}},{"iob":-0.106,"basaliob":-0.48,"bolussnooze":0,"activity":-7.0E-4,"lastBolusTime":1703384655685,"time":"2023-12-24T04:18:42.915Z","iobWithZeroTemp":{"iob":-0.744,"basaliob":-1.118,"bolussnooze":0,"activity":-0.0033,"lastBolusTime":1703384655685,"time":"2023-12-24T04:18:42.915Z"}},{"iob":-0.103,"basaliob":-0.451,"bolussnooze":0,"activity":-8.0E-4,"lastBolusTime":1703384655685,"time":"2023-12-24T04:23:42.915Z","iobWithZeroTemp":{"iob":-0.824,"basaliob":-1.172,"bolussnooze":0,"activity":-0.004,"lastBolusTime":1703384655685,"time":"2023-12-24T04:23:42.915Z"}},{"iob":-0.099,"basaliob":-0.422,"bolussnooze":0,"activity":-8.0E-4,"lastBolusTime":1703384655685,"time":"2023-12-24T04:28:42.915Z","iobWithZeroTemp":{"iob":-0.9,"basaliob":-1.223,"bolussnooze":0,"activity":-0.0047,"lastBolusTime":1703384655685,"time":"2023-12-24T04:28:42.915Z"}},{"iob":-0.095,"basaliob":-0.395,"bolussnooze":0,"activity":-8.0E-4,"lastBolusTime":1703384655685,"time":"2023-12-24T04:33:42.915Z","iobWithZeroTemp":{"iob":-0.972,"basaliob":-1.272,"bolussnooze":0,"activity":-0.0053,"lastBolusTime":1703384655685,"time":"2023-12-24T04:33:42.915Z"}},{"iob":-0.091,"basaliob":-0.37,"bolussnooze":0,"activity":-8.0E-4,"lastBolusTime":1703384655685,"time":"2023-12-24T04:38:42.915Z","iobWithZeroTemp":{"iob":-1.041,"basaliob":-1.32,"bolussnooze":0,"activity":-0.006,"lastBolusTime":1703384655685,"time":"2023-12-24T04:38:42.915Z"}},{"iob":-0.086,"basaliob":-0.345,"bolussnooze":0,"activity":-8.0E-4,"lastBolusTime":1703384655685,"time":"2023-12-24T04:43:42.915Z","iobWithZeroTemp":{"iob":-1.106,"basaliob":-1.365,"bolussnooze":0,"activity":-0.0067,"lastBolusTime":1703384655685,"time":"2023-12-24T04:43:42.915Z"}},{"iob":-0.082,"basaliob":-0.322,"bolussnooze":0,"activity":-8.0E-4,"lastBolusTime":1703384655685,"time":"2023-12-24T04:48:42.915Z","iobWithZeroTemp":{"iob":-1.169,"basaliob":-1.409,"bolussnooze":0,"activity":-0.0073,"lastBolusTime":1703384655685,"time":"2023-12-24T04:48:42.915Z"}},{"iob":-0.078,"basaliob":-0.3,"bolussnooze":0,"activity":-8.0E-4,"lastBolusTime":1703384655685,"time":"2023-12-24T04:53:42.915Z","iobWithZeroTemp":{"iob":-1.228,"basaliob":-1.45,"bolussnooze":0,"activity":-0.008,"lastBolusTime":1703384655685,"time":"2023-12-24T04:53:42.915Z"}},{"iob":-0.075,"basaliob":-0.28,"bolussnooze":0,"activity":-8.0E-4,"lastBolusTime":1703384655685,"time":"2023-12-24T04:58:42.915Z","iobWithZeroTemp":{"iob":-1.285,"basaliob":-1.49,"bolussnooze":0,"activity":-0.0086,"lastBolusTime":1703384655685,"time":"2023-12-24T04:58:42.915Z"}},{"iob":-0.071,"basaliob":-0.261,"bolussnooze":0,"activity":-8.0E-4,"lastBolusTime":1703384655685,"time":"2023-12-24T05:03:42.915Z","iobWithZeroTemp":{"iob":-1.332,"basaliob":-1.522,"bolussnooze":0,"activity":-0.0093,"lastBolusTime":1703384655685,"time":"2023-12-24T05:03:42.915Z"}},{"iob":-0.066,"basaliob":-0.242,"bolussnooze":0,"activity":-7.0E-4,"lastBolusTime":1703384655685,"time":"2023-12-24T05:08:42.915Z","iobWithZeroTemp":{"iob":-1.375,"basaliob":-1.551,"bolussnooze":0,"activity":-0.0098,"lastBolusTime":1703384655685,"time":"2023-12-24T05:08:42.915Z"}},{"iob":-0.063,"basaliob":-0.225,"bolussnooze":0,"activity":-7.0E-4,"lastBolusTime":1703384655685,"time":"2023-12-24T05:13:42.915Z","iobWithZeroTemp":{"iob":-1.417,"basaliob":-1.579,"bolussnooze":0,"activity":-0.0103,"lastBolusTime":1703384655685,"time":"2023-12-24T05:13:42.915Z"}},{"iob":-0.059,"basaliob":-0.209,"bolussnooze":0,"activity":-7.0E-4,"lastBolusTime":1703384655685,"time":"2023-12-24T05:18:42.915Z","iobWithZeroTemp":{"iob":-1.456,"basaliob":-1.606,"bolussnooze":0,"activity":-0.0109,"lastBolusTime":1703384655685,"time":"2023-12-24T05:18:42.915Z"}},{"iob":-0.056,"basaliob":-0.194,"bolussnooze":0,"activity":-7.0E-4,"lastBolusTime":1703384655685,"time":"2023-12-24T05:23:42.915Z","iobWithZeroTemp":{"iob":-1.493,"basaliob":-1.631,"bolussnooze":0,"activity":-0.0114,"lastBolusTime":1703384655685,"time":"2023-12-24T05:23:42.915Z"}},{"iob":-0.053,"basaliob":-0.18,"bolussnooze":0,"activity":-6.0E-4,"lastBolusTime":1703384655685,"time":"2023-12-24T05:28:42.915Z","iobWithZeroTemp":{"iob":-1.527,"basaliob":-1.654,"bolussnooze":0,"activity":-0.0118,"lastBolusTime":1703384655685,"time":"2023-12-24T05:28:42.915Z"}},{"iob":-0.05,"basaliob":-0.167,"bolussnooze":0,"activity":-7.0E-4,"lastBolusTime":1703384655685,"time":"2023-12-24T05:33:42.915Z","iobWithZeroTemp":{"iob":-1.559,"basaliob":-1.676,"bolussnooze":0,"activity":-0.0124,"lastBolusTime":1703384655685,"time":"2023-12-24T05:33:42.915Z"}},{"iob":-0.046,"basaliob":-0.154,"bolussnooze":0,"activity":-6.0E-4,"lastBolusTime":1703384655685,"time":"2023-12-24T05:38:42.915Z","iobWithZeroTemp":{"iob":-1.587,"basaliob":-1.695,"bolussnooze":0,"activity":-0.0127,"lastBolusTime":1703384655685,"time":"2023-12-24T05:38:42.915Z"}},{"iob":-0.044,"basaliob":-0.143,"bolussnooze":0,"activity":-5.0E-4,"lastBolusTime":1703384655685,"time":"2023-12-24T05:43:42.915Z","iobWithZeroTemp":{"iob":-1.615,"basaliob":-1.714,"bolussnooze":0,"activity":-0.013,"lastBolusTime":1703384655685,"time":"2023-12-24T05:43:42.915Z"}},{"iob":-0.041,"basaliob":-0.132,"bolussnooze":0,"activity":-6.0E-4,"lastBolusTime":1703384655685,"time":"2023-12-24T05:48:42.915Z","iobWithZeroTemp":{"iob":-1.641,"basaliob":-1.732,"bolussnooze":0,"activity":-0.0135,"lastBolusTime":1703384655685,"time":"2023-12-24T05:48:42.915Z"}},{"iob":-0.038,"basaliob":-0.122,"bolussnooze":0,"activity":-5.0E-4,"lastBolusTime":1703384655685,"time":"2023-12-24T05:53:42.915Z","iobWithZeroTemp":{"iob":-1.664,"basaliob":-1.748,"bolussnooze":0,"activity":-0.0138,"lastBolusTime":1703384655685,"time":"2023-12-24T05:53:42.915Z"}},{"iob":-0.035,"basaliob":-0.112,"bolussnooze":0,"activity":-5.0E-4,"lastBolusTime":1703384655685,"time":"2023-12-24T05:58:42.915Z","iobWithZeroTemp":{"iob":-1.686,"basaliob":-1.763,"bolussnooze":0,"activity":-0.0142,"lastBolusTime":1703384655685,"time":"2023-12-24T05:58:42.915Z"}},{"iob":-0.033,"basaliob":-0.104,"bolussnooze":0,"activity":-5.0E-4,"lastBolusTime":1703384655685,"time":"2023-12-24T06:03:42.915Z","iobWithZeroTemp":{"iob":-1.698,"basaliob":-1.769,"bolussnooze":0,"activity":-0.0145,"lastBolusTime":1703384655685,"time":"2023-12-24T06:03:42.915Z"}},{"iob":-0.03,"basaliob":-0.095,"bolussnooze":0,"activity":-5.0E-4,"lastBolusTime":1703384655685,"time":"2023-12-24T06:08:42.915Z","iobWithZeroTemp":{"iob":-1.707,"basaliob":-1.772,"bolussnooze":0,"activity":-0.0148,"lastBolusTime":1703384655685,"time":"2023-12-24T06:08:42.915Z"}},{"iob":-0.029,"basaliob":-0.088,"bolussnooze":0,"activity":-5.0E-4,"lastBolusTime":1703384655685,"time":"2023-12-24T06:13:42.915Z","iobWithZeroTemp":{"iob":-1.718,"basaliob":-1.777,"bolussnooze":0,"activity":-0.015,"lastBolusTime":1703384655685,"time":"2023-12-24T06:13:42.915Z"}},{"iob":-0.027,"basaliob":-0.081,"bolussnooze":0,"activity":-3.0E-4,"lastBolusTime":1703384655685,"time":"2023-12-24T06:18:42.915Z","iobWithZeroTemp":{"iob":-1.725,"basaliob":-1.779,"bolussnooze":0,"activity":-0.0151,"lastBolusTime":1703384655685,"time":"2023-12-24T06:18:42.915Z"}},{"iob":-0.024,"basaliob":-0.074,"bolussnooze":0,"activity":-4.0E-4,"lastBolusTime":1703384655685,"time":"2023-12-24T06:23:42.915Z","iobWithZeroTemp":{"iob":-1.731,"basaliob":-1.781,"bolussnooze":0,"activity":-0.0154,"lastBolusTime":1703384655685,"time":"2023-12-24T06:23:42.915Z"}},{"iob":-0.022,"basaliob":-0.068,"bolussnooze":0,"activity":-4.0E-4,"lastBolusTime":1703384655685,"time":"2023-12-24T06:28:42.915Z","iobWithZeroTemp":{"iob":-1.737,"basaliob":-1.783,"bolussnooze":0,"activity":-0.0156,"lastBolusTime":1703384655685,"time":"2023-12-24T06:28:42.915Z"}},{"iob":-0.021,"basaliob":-0.063,"bolussnooze":0,"activity":-3.0E-4,"lastBolusTime":1703384655685,"time":"2023-12-24T06:33:42.915Z","iobWithZeroTemp":{"iob":-1.743,"basaliob":-1.785,"bolussnooze":0,"activity":-0.0156,"lastBolusTime":1703384655685,"time":"2023-12-24T06:33:42.915Z"}},{"iob":-0.02,"basaliob":-0.058,"bolussnooze":0,"activity":-3.0E-4,"lastBolusTime":1703384655685,"time":"2023-12-24T06:38:42.915Z","iobWithZeroTemp":{"iob":-1.748,"basaliob":-1.786,"bolussnooze":0,"activity":-0.0158,"lastBolusTime":1703384655685,"time":"2023-12-24T06:38:42.915Z"}},{"iob":-0.018,"basaliob":-0.053,"bolussnooze":0,"activity":-3.0E-4,"lastBolusTime":1703384655685,"time":"2023-12-24T06:43:42.915Z","iobWithZeroTemp":{"iob":-1.751,"basaliob":-1.786,"bolussnooze":0,"activity":-0.0159,"lastBolusTime":1703384655685,"time":"2023-12-24T06:43:42.915Z"}},{"iob":-0.016,"basaliob":-0.048,"bolussnooze":0,"activity":-2.0E-4,"lastBolusTime":1703384655685,"time":"2023-12-24T06:48:42.915Z","iobWithZeroTemp":{"iob":-1.754,"basaliob":-1.786,"bolussnooze":0,"activity":-0.016,"lastBolusTime":1703384655685,"time":"2023-12-24T06:48:42.915Z"}},{"iob":-0.015,"basaliob":-0.044,"bolussnooze":0,"activity":-3.0E-4,"lastBolusTime":1703384655685,"time":"2023-12-24T06:53:42.915Z","iobWithZeroTemp":{"iob":-1.757,"basaliob":-1.786,"bolussnooze":0,"activity":-0.0162,"lastBolusTime":1703384655685,"time":"2023-12-24T06:53:42.915Z"}},{"iob":-0.015,"basaliob":-0.041,"bolussnooze":0,"activity":-2.0E-4,"lastBolusTime":1703384655685,"time":"2023-12-24T06:58:42.915Z","iobWithZeroTemp":{"iob":-1.761,"basaliob":-1.787,"bolussnooze":0,"activity":-0.0162,"lastBolusTime":1703384655685,"time":"2023-12-24T06:58:42.915Z"}},{"iob":-0.013,"basaliob":-0.037,"bolussnooze":0,"activity":-2.0E-4,"lastBolusTime":1703384655685,"time":"2023-12-24T07:03:42.915Z","iobWithZeroTemp":{"iob":-1.758,"basaliob":-1.782,"bolussnooze":0,"activity":-0.0163,"lastBolusTime":1703384655685,"time":"2023-12-24T07:03:42.915Z"}},{"iob":-0.012,"basaliob":-0.034,"bolussnooze":0,"activity":-2.0E-4,"lastBolusTime":1703384655685,"time":"2023-12-24T07:08:42.915Z","iobWithZeroTemp":{"iob":-1.755,"basaliob":-1.777,"bolussnooze":0,"activity":-0.0163,"lastBolusTime":1703384655685,"time":"2023-12-24T07:08:42.915Z"}},{"iob":-0.011,"basaliob":-0.031,"bolussnooze":0,"activity":-2.0E-4,"lastBolusTime":1703384655685,"time":"2023-12-24T07:13:42.915Z","iobWithZeroTemp":{"iob":-1.752,"basaliob":-1.772,"bolussnooze":0,"activity":-0.0164,"lastBolusTime":1703384655685,"time":"2023-12-24T07:13:42.915Z"}},{"iob":-0.01,"basaliob":-0.028,"bolussnooze":0,"activity":-2.0E-4,"lastBolusTime":1703384655685,"time":"2023-12-24T07:18:42.915Z","iobWithZeroTemp":{"iob":-1.749,"basaliob":-1.767,"bolussnooze":0,"activity":-0.0164,"lastBolusTime":1703384655685,"time":"2023-12-24T07:18:42.915Z"}},{"iob":-0.01,"basaliob":-0.026,"bolussnooze":0,"activity":-2.0E-4,"lastBolusTime":1703384655685,"time":"2023-12-24T07:23:42.915Z","iobWithZeroTemp":{"iob":-1.746,"basaliob":-1.762,"bolussnooze":0,"activity":-0.0165,"lastBolusTime":1703384655685,"time":"2023-12-24T07:23:42.915Z"}},{"iob":-0.008,"basaliob":-0.023,"bolussnooze":0,"activity":-1.0E-4,"lastBolusTime":1703384655685,"time":"2023-12-24T07:28:42.915Z","iobWithZeroTemp":{"iob":-1.742,"basaliob":-1.757,"bolussnooze":0,"activity":-0.0164,"lastBolusTime":1703384655685,"time":"2023-12-24T07:28:42.915Z"}},{"iob":-0.008,"basaliob":-0.021,"bolussnooze":0,"activity":-1.0E-4,"lastBolusTime":1703384655685,"time":"2023-12-24T07:33:42.915Z","iobWithZeroTemp":{"iob":-1.739,"basaliob":-1.752,"bolussnooze":0,"activity":-0.0164,"lastBolusTime":1703384655685,"time":"2023-12-24T07:33:42.915Z"}},{"iob":-0.007,"basaliob":-0.019,"bolussnooze":0,"activity":-2.0E-4,"lastBolusTime":1703384655685,"time":"2023-12-24T07:38:42.915Z","iobWithZeroTemp":{"iob":-1.736,"basaliob":-1.748,"bolussnooze":0,"activity":-0.0165,"lastBolusTime":1703384655685,"time":"2023-12-24T07:38:42.915Z"}}],"profile":{"max_iob":15,"type":"current","max_daily_basal":1.2,"max_basal":3.59,"min_bg":99,"max_bg":99,"target_bg":99,"carb_ratio":5.7142857142857135,"sens":30.857142857142854,"max_daily_safety_multiplier":3,"current_basal_safety_multiplier":4,"high_temptarget_raises_sensitivity":false,"low_temptarget_lowers_sensitivity":false,"sensitivity_raises_target":true,"resistance_lowers_target":true,"adv_target_adjustments":false,"exercise_mode":false,"half_basal_exercise_target":160,"maxCOB":120,"skip_neutral_temps":false,"remainingCarbsCap":90,"enableUAM":true,"A52_risk_enable":false,"SMBInterval":3,"enableSMB_with_COB":true,"enableSMB_with_temptarget":true,"allowSMB_with_high_temptarget":false,"enableSMB_always":false,"enableSMB_after_carbs":true,"maxSMBBasalMinutes":80,"maxUAMSMBBasalMinutes":60,"bolus_increment":0.05,"carbsReqThreshold":10,"current_basal":1.2,"temptargetSet":false,"autosens_max":1.2,"out_units":"mmol\/L"},"autosens_data":{"ratio":1},"meal_data":{"carbs":0,"mealCOB":0,"slopeFromMaxDeviation":-0.10666666666666666,"slopeFromMinDeviation":0.128,"lastBolusTime":1703384655685,"lastCarbTime":0},"microBolusAllowed":true,"currentTime":1703389425158,"flatBGsDetected":false},"output":{"temp":"absolute","bg":96,"tick":"+0","eventualBG":100,"targetBG":99,"insulinReq":0,"deliverAt":"2023-12-24T03:43:45.158Z","sensitivityRatio":1,"predBGs":{"IOB":[96,96,96,96,96,96,96,96,96,97,97,97,97,97,97,97,97,98,98,98,98,98,98,98,98,98,98,99],"ZT":[96,96,96,96,96,96,97,97,98,98,99]},"COB":0,"IOB":-0.12,"reason":"COB: 0, Dev: 0.0, BGI: 0.0, ISF: 1.7, CR: 5.71, Target: 5.5, minPredBG 5.4, minGuardBG 5.3, IOBpredBG 5.5; 5.6-5.4 in range: no temp required; setting current basal of 1.2 as temp. . Setting neutral temp basal of 1.2U\/hr","duration":30,"rate":1.2,"timestamp":"2023-12-24T03:43:45.332Z"}}