{"algorithm":"OpenAPSSMBPlugin","input":{"glucoseStatus":{"glucose":223,"noise":0,"delta":2,"short_avgdelta":3.22,"long_avgdelta":5.6,"date":1703372290000},"currenttemp":{"temp":"absolute","duration":55,"rate":0,"minutesrunning":5},"iob_data":[{"iob":7.048,"basaliob":-0.178,"bolussnooze":0,"activity":0.0537,"lastBolusTime":1703372056483,"time":"2023-12-23T22:58:40.589Z","iobWithZeroTemp":{"iob":7.048,"basaliob":-0.178,"bolussnooze":0,"activity":0.0537,"lastBolusTime":1703372056483,"time":"2023-12-23T22:58:40.589Z"}},{"iob":6.774,"basaliob":-0.142,"bolussnooze":0,"activity":0.0556,"lastBolusTime":1703372056483,"time":"2023-12-23T23:03:40.589Z","iobWithZeroTemp":{"iob":6.721,"basaliob":-0.195,"bolussnooze":0,"activity":0.0556,"lastBolusTime":1703372056483,"time":"2023-12-23T23:03:40.589Z"}},{"iob":6.493,"basaliob":-0.111,"bolussnooze":0,"activity":0.0567,"lastBolusTime":1703372056483,"time":"2023-12-23T23:08:40.589Z","iobWithZeroTemp":{"iob":6.373,"basaliob":-0.231,"bolussnooze":0,"activity":0.0565,"lastBolusTime":1703372056483,"time":"2023-12-23T23:08:40.589Z"}},{"iob":6.208,"basaliob":-0.084,"bolussnooze":0,"activity":0.0573,"lastBolusTime":1703372056483,"time":"2023-12-23T23:13:40.589Z","iobWithZeroTemp":{"iob":6.023,"basaliob":-0.269,"bolussnooze":0,"activity":0.0569,"lastBolusTime":1703372056483,"time":"2023-12-23T23:13:40.589Z"}},{"iob":5.922,"basaliob":-0.06,"bolussnooze":0,"activity":0.0573,"lastBolusTime":1703372056483,"time":"2023-12-23T23:18:40.589Z","iobWithZeroTemp":{"iob":5.673,"basaliob":-0.309,"bolussnooze":0,"activity":0.0566,"lastBolusTime":1703372056483,"time":"2023-12-23T23:18:40.589Z"}},{"iob":5.636,"basaliob":-0.04,"bolussnooze":0,"activity":0.0568,"lastBolusTime":1703372056483,"time":"2023-12-23T23:23:40.589Z","iobWithZeroTemp":{"iob":5.324,"basaliob":-0.352,"bolussnooze":0,"activity":0.0558,"lastBolusTime":1703372056483,"time":"2023-12-23T23:23:40.589Z"}},{"iob":5.354,"basaliob":-0.023,"bolussnooze":0,"activity":0.0561,"lastBolusTime":1703372056483,"time":"2023-12-23T23:28:40.589Z","iobWithZeroTemp":{"iob":4.981,"basaliob":-0.396,"bolussnooze":0,"activity":0.0548,"lastBolusTime":1703372056483,"time":"2023-12-23T23:28:40.589Z"}},{"iob":5.076,"basaliob":-0.009,"bolussnooze":0,"activity":0.0549,"lastBolusTime":1703372056483,"time":"2023-12-23T23:33:40.589Z","iobWithZeroTemp":{"iob":4.644,"basaliob":-0.441,"bolussnooze":0,"activity":0.0532,"lastBolusTime":1703372056483,"time":"2023-12-23T23:33:40.589Z"}},{"iob":4.804,"basaliob":0.003,"bolussnooze":0,"activity":0.0536,"lastBolusTime":1703372056483,"time":"2023-12-23T23:38:40.589Z","iobWithZeroTemp":{"iob":4.316,"basaliob":-0.485,"bolussnooze":0,"activity":0.0514,"lastBolusTime":1703372056483,"time":"2023-12-23T23:38:40.589Z"}},{"iob":4.541,"basaliob":0.014,"bolussnooze":0,"activity":0.052,"lastBolusTime":1703372056483,"time":"2023-12-23T23:43:40.589Z","iobWithZeroTemp":{"iob":3.998,"basaliob":-0.529,"bolussnooze":0,"activity":0.0494,"lastBolusTime":1703372056483,"time":"2023-12-23T23:43:40.589Z"}},{"iob":4.284,"basaliob":0.022,"bolussnooze":0,"activity":0.0504,"lastBolusTime":1703372056483,"time":"2023-12-23T23:48:40.589Z","iobWithZeroTemp":{"iob":3.688,"basaliob":-0.574,"bolussnooze":0,"activity":0.0473,"lastBolusTime":1703372056483,"time":"2023-12-23T23:48:40.589Z"}},{"iob":4.037,"basaliob":0.029,"bolussnooze":0,"activity":0.0485,"lastBolusTime":1703372056483,"time":"2023-12-23T23:53:40.589Z","iobWithZeroTemp":{"iob":3.391,"basaliob":-0.617,"bolussnooze":0,"activity":0.045,"lastBolusTime":1703372056483,"time":"2023-12-23T23:53:40.589Z"}},{"iob":3.799,"basaliob":0.035,"bolussnooze":0,"activity":0.0467,"lastBolusTime":1703372056483,"time":"2023-12-23T23:58:40.589Z","iobWithZeroTemp":{"iob":3.105,"basaliob":-0.659,"bolussnooze":0,"activity":0.0427,"lastBolusTime":1703372056483,"time":"2023-12-23T23:58:40.589Z"}},{"iob":3.57,"basaliob":0.039,"bolussnooze":0,"activity":0.0448,"lastBolusTime":1703372056483,"time":"2023-12-24T00:03:40.589Z","iobWithZeroTemp":{"iob":2.826,"basaliob":-0.705,"bolussnooze":0,"activity":0.0404,"lastBolusTime":1703372056483,"time":"2023-12-24T00:03:40.589Z"}},{"iob":3.351,"basaliob":0.043,"bolussnooze":0,"activity":0.0428,"lastBolusTime":1703372056483,"time":"2023-12-24T00:08:40.589Z","iobWithZeroTemp":{"iob":2.56,"basaliob":-0.748,"bolussnooze":0,"activity":0.0379,"lastBolusTime":1703372056483,"time":"2023-12-24T00:08:40.589Z"}},{"iob":3.142,"basaliob":0.046,"bolussnooze":0,"activity":0.0409,"lastBolusTime":1703372056483,"time":"2023-12-24T00:13:40.589Z","iobWithZeroTemp":{"iob":2.306,"basaliob":-0.79,"bolussnooze":0,"activity":0.0355,"lastBolusTime":1703372056483,"time":"2023-12-24T00:13:40.589Z"}},{"iob":2.942,"basaliob":0.047,"bolussnooze":0,"activity":0.0389,"lastBolusTime":1703372056483,"time":"2023-12-24T00:18:40.589Z","iobWithZeroTemp":{"iob":2.063,"basaliob":-0.832,"bolussnooze":0,"activity":0.0331,"lastBolusTime":1703372056483,"time":"2023-12-24T00:18:40.589Z"}},{"iob":2.753,"basaliob":0.049,"bolussnooze":0,"activity":0.0369,"lastBolusTime":1703372056483,"time":"2023-12-24T00:23:40.589Z","iobWithZeroTemp":{"iob":1.833,"basaliob":-0.871,"bolussnooze":0,"activity":0.0307,"lastBolusTime":1703372056483,"time":"2023-12-24T00:23:40.589Z"}},{"iob":2.573,"basaliob":0.049,"bolussnooze":0,"activity":0.035,"lastBolusTime":1703372056483,"time":"2023-12-24T00:28:40.589Z","iobWithZeroTemp":{"iob":1.615,"basaliob":-0.909,"bolussnooze":0,"activity":0.0283,"lastBolusTime":1703372056483,"time":"2023-12-24T00:28:40.589Z"}},{"iob":2.403,"basaliob":0.05,"bolussnooze":0,"activity":0.0332,"lastBolusTime":1703372056483,"time":"2023-12-24T00:33:40.589Z","iobWithZeroTemp":{"iob":1.408,"basaliob":-0.945,"bolussnooze":0,"activity":0.0261,"lastBolusTime":1703372056483,"time":"2023-12-24T00:33:40.589Z"}},{"iob":2.241,"basaliob":0.049,"bolussnooze":0,"activity":0.0314,"lastBolusTime":1703372056483,"time":"2023-12-24T00:38:40.589Z","iobWithZeroTemp":{"iob":1.212,"basaliob":-0.98,"bolussnooze":0,"activity":0.0239,"lastBolusTime":1703372056483,"time":"2023-12-24T00:38:40.589Z"}},{"iob":2.089,"basaliob":0.049,"bolussnooze":0,"activity":0.0296,"lastBolusTime":1703372056483,"time":"2023-12-24T00:43:40.589Z","iobWithZeroTemp":{"iob":1.027,"basaliob":-1.013,"bolussnooze":0,"activity":0.0217,"lastBolusTime":1703372056483,"time":"2023-12-24T00:43:40.589Z"}},{"iob":1.945,"basaliob":0.048,"bolussnooze":0,"activity":0.0279,"lastBolusTime":1703372056483,"time":"2023-12-24T00:48:40.589Z","iobWithZeroTemp":{"iob":0.853,"basaliob":-1.044,"bolussnooze":0,"activity":0.0197,"lastBolusTime":1703372056483,"time":"2023-12-24T00:48:40.589Z"}},{"iob":1.809,"basaliob":0.047,"bolussnooze":0,"activity":0.0262,"lastBolusTime":1703372056483,"time":"2023-12-24T00:53:40.589Z","iobWithZeroTemp":{"iob":0.688,"basaliob":-1.074,"bolussnooze":0,"activity":0.0176,"lastBolusTime":1703372056483,"time":"2023-12-24T00:53:40.589Z"}},{"iob":1.682,"basaliob":0.046,"bolussnooze":0,"activity":0.0247,"lastBolusTime":1703372056483,"time":"2023-12-24T00:58:40.589Z","iobWithZeroTemp":{"iob":0.534,"basaliob":-1.102,"bolussnooze":0,"activity":0.0158,"lastBolusTime":1703372056483,"time":"2023-12-24T00:58:40.589Z"}},{"iob":1.563,"basaliob":0.045,"bolussnooze":0,"activity":0.0232,"lastBolusTime":1703372056483,"time":"2023-12-24T01:03:40.589Z","iobWithZeroTemp":{"iob":0.382,"basaliob":-1.136,"bolussnooze":0,"activity":0.0139,"lastBolusTime":1703372056483,"time":"2023-12-24T01:03:40.589Z"}},{"iob":1.45,"basaliob":0.043,"bolussnooze":0,"activity":0.0218,"lastBolusTime":1703372056483,"time":"2023-12-24T01:08:40.589Z","iobWithZeroTemp":{"iob":0.237,"basaliob":-1.17,"bolussnooze":0,"activity":0.0122,"lastBolusTime":1703372056483,"time":"2023-12-24T01:08:40.589Z"}},{"iob":1.345,"basaliob":0.042,"bolussnooze":0,"activity":0.0204,"lastBolusTime":1703372056483,"time":"2023-12-24T01:13:40.589Z","iobWithZeroTemp":{"iob":0.103,"basaliob":-1.2,"bolussnooze":0,"activity":0.0105,"lastBolusTime":1703372056483,"time":"2023-12-24T01:13:40.589Z"}},{"iob":1.246,"basaliob":0.04,"bolussnooze":0,"activity":0.0191,"lastBolusTime":1703372056483,"time":"2023-12-24T01:18:40.589Z","iobWithZeroTemp":{"iob":-0.025,"basaliob":-1.231,"bolussnooze":0,"activity":0.0089,"lastBolusTime":1703372056483,"time":"2023-12-24T01:18:40.589Z"}},{"iob":1.154,"basaliob":0.038,"bolussnooze":0,"activity":0.0178,"lastBolusTime":1703372056483,"time":"2023-12-24T01:23:40.589Z","iobWithZeroTemp":{"iob":-0.143,"basaliob":-1.259,"bolussnooze":0,"activity":0.0072,"lastBolusTime":1703372056483,"time":"2023-12-24T01:23:40.589Z"}},{"iob":1.068,"basaliob":0.037,"bolussnooze":0,"activity":0.0166,"lastBolusTime":1703372056483,"time":"2023-12-24T01:28:40.589Z","iobWithZeroTemp":{"iob":-0.255,"basaliob":-1.286,"bolussnooze":0,"activity":0.0058,"lastBolusTime":1703372056483,"time":"2023-12-24T01:28:40.589Z"}},{"iob":0.987,"basaliob":0.035,"bolussnooze":0,"activity":0.0155,"lastBolusTime":1703372056483,"time":"2023-12-24T01:33:40.589Z","iobWithZeroTemp":{"iob":-0.359,"basaliob":-1.311,"bolussnooze":0,"activity":0.0044,"lastBolusTime":1703372056483,"time":"2023-12-24T01:33:40.589Z"}},{"iob":0.913,"basaliob":0.034,"bolussnooze":0,"activity":0.0145,"lastBolusTime":1703372056483,"time":"2023-12-24T01:38:40.589Z","iobWithZeroTemp":{"iob":-0.456,"basaliob":-1.335,"bolussnooze":0,"activity":0.0031,"lastBolusTime":1703372056483,"time":"2023-12-24T01:38:40.589Z"}},{"iob":0.842,"basaliob":0.032,"bolussnooze":0,"activity":0.0135,"lastBolusTime":1703372056483,"time":"2023-12-24T01:43:40.589Z","iobWithZeroTemp":{"iob":-0.548,"basaliob":-1.358,"bolussnooze":0,"activity":0.0018,"lastBolusTime":1703372056483,"time":"2023-12-24T01:43:40.589Z"}},{"iob":0.777,"basaliob":0.03,"bolussnooze":0,"activity":0.0126,"lastBolusTime":1703372056483,"time":"2023-12-24T01:48:40.589Z","iobWithZeroTemp":{"iob":-0.633,"basaliob":-1.38,"bolussnooze":0,"activity":7.0E-4,"lastBolusTime":1703372056483,"time":"2023-12-24T01:48:40.589Z"}},{"iob":0.717,"basaliob":0.029,"bolussnooze":0,"activity":0.0117,"lastBolusTime":1703372056483,"time":"2023-12-24T01:53:40.589Z","iobWithZeroTemp":{"iob":-0.711,"basaliob":-1.399,"bolussnooze":0,"activity":-5.0E-4,"lastBolusTime":1703372056483,"time":"2023-12-24T01:53:40.589Z"}},{"iob":0.66,"basaliob":0.027,"bolussnooze":0,"activity":0.0109,"lastBolusTime":1703372056483,"time":"2023-12-24T01:58:40.589Z","iobWithZeroTemp":{"iob":-0.786,"basaliob":-1.419,"bolussnooze":0,"activity":-0.0015,"lastBolusTime":1703372056483,"time":"2023-12-24T01:58:40.589Z"}},{"iob":0.608,"basaliob":0.026,"bolussnooze":0,"activity":0.0101,"lastBolusTime":1703372056483,"time":"2023-12-24T02:03:40.589Z","iobWithZeroTemp":{"iob":-0.867,"basaliob":-1.449,"bolussnooze":0,"activity":-0.0025,"lastBolusTime":1703372056483,"time":"2023-12-24T02:03:40.589Z"}},{"iob":0.559,"basaliob":0.024,"bolussnooze":0,"activity":0.0094,"lastBolusTime":1703372056483,"time":"2023-12-24T02:08:40.589Z","iobWithZeroTemp":{"iob":-0.944,"basaliob":-1.479,"bolussnooze":0,"activity":-0.0035,"lastBolusTime":1703372056483,"time":"2023-12-24T02:08:40.589Z"}},{"iob":0.514,"basaliob":0.023,"bolussnooze":0,"activity":0.0087,"lastBolusTime":1703372056483,"time":"2023-12-24T02:13:40.589Z","iobWithZeroTemp":{"iob":-1.016,"basaliob":-1.507,"bolussnooze":0,"activity":-0.0044,"lastBolusTime":1703372056483,"time":"2023-12-24T02:13:40.589Z"}},{"iob":0.473,"basaliob":0.022,"bolussnooze":0,"activity":0.0081,"lastBolusTime":1703372056483,"time":"2023-12-24T02:18:40.589Z","iobWithZeroTemp":{"iob":-1.083,"basaliob":-1.534,"bolussnooze":0,"activity":-0.0052,"lastBolusTime":1703372056483,"time":"2023-12-24T02:18:40.589Z"}},{"iob":0.433,"basaliob":0.02,"bolussnooze":0,"activity":0.0075,"lastBolusTime":1703372056483,"time":"2023-12-24T02:23:40.589Z","iobWithZeroTemp":{"iob":-1.147,"basaliob":-1.56,"bolussnooze":0,"activity":-0.0061,"lastBolusTime":1703372056483,"time":"2023-12-24T02:23:40.589Z"}},{"iob":0.398,"basaliob":0.019,"bolussnooze":0,"activity":0.0068,"lastBolusTime":1703372056483,"time":"2023-12-24T02:28:40.589Z","iobWithZeroTemp":{"iob":-1.206,"basaliob":-1.585,"bolussnooze":0,"activity":-0.007,"lastBolusTime":1703372056483,"time":"2023-12-24T02:28:40.589Z"}},{"iob":0.365,"basaliob":0.018,"bolussnooze":0,"activity":0.0063,"lastBolusTime":1703372056483,"time":"2023-12-24T02:33:40.589Z","iobWithZeroTemp":{"iob":-1.261,"basaliob":-1.608,"bolussnooze":0,"activity":-0.0077,"lastBolusTime":1703372056483,"time":"2023-12-24T02:33:40.589Z"}},{"iob":0.334,"basaliob":0.017,"bolussnooze":0,"activity":0.0059,"lastBolusTime":1703372056483,"time":"2023-12-24T02:38:40.589Z","iobWithZeroTemp":{"iob":-1.313,"basaliob":-1.63,"bolussnooze":0,"activity":-0.0084,"lastBolusTime":1703372056483,"time":"2023-12-24T02:38:40.589Z"}},{"iob":0.306,"basaliob":0.016,"bolussnooze":0,"activity":0.0054,"lastBolusTime":1703372056483,"time":"2023-12-24T02:43:40.589Z","iobWithZeroTemp":{"iob":-1.361,"basaliob":-1.651,"bolussnooze":0,"activity":-0.0091,"lastBolusTime":1703372056483,"time":"2023-12-24T02:43:40.589Z"}},{"iob":0.28,"basaliob":0.015,"bolussnooze":0,"activity":0.005,"lastBolusTime":1703372056483,"time":"2023-12-24T02:48:40.589Z","iobWithZeroTemp":{"iob":-1.406,"basaliob":-1.671,"bolussnooze":0,"activity":-0.0097,"lastBolusTime":1703372056483,"time":"2023-12-24T02:48:40.589Z"}},{"iob":0.256,"basaliob":0.014,"bolussnooze":0,"activity":0.0046,"lastBolusTime":1703372056483,"time":"2023-12-24T02:53:40.589Z","iobWithZeroTemp":{"iob":-1.447,"basaliob":-1.689,"bolussnooze":0,"activity":-0.0103,"lastBolusTime":1703372056483,"time":"2023-12-24T02:53:40.589Z"}}],"profile":{"max_iob":15,"type":"current","max_daily_basal":1.2,"max_basal":3.2,"min_bg":90,"max_bg":90,"target_bg":90,"carb_ratio":4.761904761904762,"sens":29.14285714285714,"max_daily_safety_multiplier":3,"current_basal_safety_multiplier":4,"high_temptarget_raises_sensitivity":false,"low_temptarget_lowers_sensitivity":false,"sensitivity_raises_target":true,"resistance_lowers_target":true,"adv_target_adjustments":false,"exercise_mode":false,"half_basal_exercise_target":160,"maxCOB":120,"skip_neutral_temps":false,"remainingCarbsCap":90,"enableUAM":true,"A52_risk_enable":false,"SMBInterval":3,"enableSMB_with_COB":true,"enableSMB_with_temptarget":true,"allowSMB_with_high_temptarget":false,"enableSMB_always":false,"enableSMB_after_carbs":true,"maxSMBBasalMinutes":80,"maxUAMSMBBasalMinutes":60,"bolus_increment":0.05,"carbsReqThreshold":10,"current_basal":0.8,"temptargetSet":true,"autosens_max":1.2,"out_units":"mmol\/L"},"autosens_data":{"ratio":1},"meal_data":{"carbs":60,"mealCOB":0,"slopeFromMaxDeviation":-1.3460000000000003,"slopeFromMinDeviation":1.6474285714285712,"lastBolusTime":1703372056483,"lastCarbTime":1703363714235},"microBolusAllowed":true,"currentTime":1703372323575,"flatBGsDetected":false},"output":{"temp":"absolute","bg":223,"tick":"+2","eventualBG":77,"targetBG":90,"insulinReq":0,"deliverAt":"2023-12-23T22:58:43.575Z","sensitivityRatio":1,"predBGs":{"IOB":[223,224,224,223,222,219,216,211,207,201,195,189,182,175,169,162,156,151,145,140,135,131,127,123,119,115,112,109,106,103,100,98,96,93,91,90,88,86,85,84,82,81,80,79,78,77,76],"ZT":[223,215,207,199,191,182,174,166,159,151,144,137,130,124,118,113,108,103,98,94,90,87,84,81,78,76,74,72,71,69,68,68,67,66,66,66,66,66,67,67,68,69,70,71,72,73,74,76],"UAM":[223,224,223,220,216,211,204,197,189,181,173,166,159,152,145,139,133,128,122,117,112,108,103,99,96,92,89,85,82,80,77,75,72,70,68,67,65,63,62,60,59,58,57,56,55,54,53]},"COB":0,"IOB":7.048,"reason":"COB: 0, Dev: 3.3, BGI: -0.4, ISF: 1.6, CR: 4.76, Target: 5.0, minPredBG 3.3, minGuardBG 2.9, IOBpredBG 4.2, UAMpredBG 2.9; minGuardBG 2.9<3.6","duration":90,"rate":0,"timestamp":"2023-12-23T22:58:43.754Z"}}