{"algorithm":"OpenAPSSMBPlugin","input":{"glucoseStatus":{"glucose":186,"noise":0,"delta":2,"short_avgdelta":0.39,"long_avgdelta":-3.16,"date":1703370490000},"currenttemp":{"temp":"absolute","duration":27,"rate":2.9000000000000004,"minutesrunning":3},"iob_data":[{"iob":4.093,"basaliob":-1.215,"bolussnooze":0,"activity":0.0496,"lastBolusTime":1703370547520,"time":"2023-12-23T22:32:15.171Z","iobWithZeroTemp":{"iob":4.093,"basaliob":-1.215,"bolussnooze":0,"activity":0.0496,"lastBolusTime":1703370547520,"time":"2023-12-23T22:32:15.171Z"}},{"iob":3.85,"basaliob":-1.153,"bolussnooze":0,"activity":0.0476,"lastBolusTime":1703370547520,"time":"2023-12-23T22:37:15.171Z","iobWithZeroTemp":{"iob":3.797,"basaliob":-1.206,"bolussnooze":0,"activity":0.0476,"lastBolusTime":1703370547520,"time":"2023-12-23T22:37:15.171Z"}},{"iob":3.617,"basaliob":-1.093,"bolussnooze":0,"activity":0.0456,"lastBolusTime":1703370547520,"time":"2023-12-23T22:42:15.171Z","iobWithZeroTemp":{"iob":3.497,"basaliob":-1.213,"bolussnooze":0,"activity":0.0454,"lastBolusTime":1703370547520,"time":"2023-12-23T22:42:15.171Z"}},{"iob":3.394,"basaliob":-1.034,"bolussnooze":0,"activity":0.0436,"lastBolusTime":1703370547520,"time":"2023-12-23T22:47:15.171Z","iobWithZeroTemp":{"iob":3.209,"basaliob":-1.219,"bolussnooze":0,"activity":0.0432,"lastBolusTime":1703370547520,"time":"2023-12-23T22:47:15.171Z"}},{"iob":3.181,"basaliob":-0.977,"bolussnooze":0,"activity":0.0415,"lastBolusTime":1703370547520,"time":"2023-12-23T22:52:15.171Z","iobWithZeroTemp":{"iob":2.932,"basaliob":-1.226,"bolussnooze":0,"activity":0.0408,"lastBolusTime":1703370547520,"time":"2023-12-23T22:52:15.171Z"}},{"iob":2.978,"basaliob":-0.922,"bolussnooze":0,"activity":0.0395,"lastBolusTime":1703370547520,"time":"2023-12-23T22:57:15.171Z","iobWithZeroTemp":{"iob":2.666,"basaliob":-1.234,"bolussnooze":0,"activity":0.0385,"lastBolusTime":1703370547520,"time":"2023-12-23T22:57:15.171Z"}},{"iob":2.786,"basaliob":-0.868,"bolussnooze":0,"activity":0.0376,"lastBolusTime":1703370547520,"time":"2023-12-23T23:02:15.171Z","iobWithZeroTemp":{"iob":2.413,"basaliob":-1.241,"bolussnooze":0,"activity":0.0363,"lastBolusTime":1703370547520,"time":"2023-12-23T23:02:15.171Z"}},{"iob":2.602,"basaliob":-0.817,"bolussnooze":0,"activity":0.0356,"lastBolusTime":1703370547520,"time":"2023-12-23T23:07:15.171Z","iobWithZeroTemp":{"iob":2.17,"basaliob":-1.249,"bolussnooze":0,"activity":0.0339,"lastBolusTime":1703370547520,"time":"2023-12-23T23:07:15.171Z"}},{"iob":2.429,"basaliob":-0.768,"bolussnooze":0,"activity":0.0337,"lastBolusTime":1703370547520,"time":"2023-12-23T23:12:15.171Z","iobWithZeroTemp":{"iob":1.941,"basaliob":-1.256,"bolussnooze":0,"activity":0.0315,"lastBolusTime":1703370547520,"time":"2023-12-23T23:12:15.171Z"}},{"iob":2.266,"basaliob":-0.72,"bolussnooze":0,"activity":0.0319,"lastBolusTime":1703370547520,"time":"2023-12-23T23:17:15.171Z","iobWithZeroTemp":{"iob":1.723,"basaliob":-1.263,"bolussnooze":0,"activity":0.0293,"lastBolusTime":1703370547520,"time":"2023-12-23T23:17:15.171Z"}},{"iob":2.111,"basaliob":-0.675,"bolussnooze":0,"activity":0.03,"lastBolusTime":1703370547520,"time":"2023-12-23T23:22:15.171Z","iobWithZeroTemp":{"iob":1.515,"basaliob":-1.271,"bolussnooze":0,"activity":0.0269,"lastBolusTime":1703370547520,"time":"2023-12-23T23:22:15.171Z"}},{"iob":1.965,"basaliob":-0.632,"bolussnooze":0,"activity":0.0283,"lastBolusTime":1703370547520,"time":"2023-12-23T23:27:15.171Z","iobWithZeroTemp":{"iob":1.319,"basaliob":-1.278,"bolussnooze":0,"activity":0.0248,"lastBolusTime":1703370547520,"time":"2023-12-23T23:27:15.171Z"}},{"iob":1.828,"basaliob":-0.591,"bolussnooze":0,"activity":0.0266,"lastBolusTime":1703370547520,"time":"2023-12-23T23:32:15.171Z","iobWithZeroTemp":{"iob":1.134,"basaliob":-1.285,"bolussnooze":0,"activity":0.0226,"lastBolusTime":1703370547520,"time":"2023-12-23T23:32:15.171Z"}},{"iob":1.698,"basaliob":-0.553,"bolussnooze":0,"activity":0.0251,"lastBolusTime":1703370547520,"time":"2023-12-23T23:37:15.171Z","iobWithZeroTemp":{"iob":0.959,"basaliob":-1.292,"bolussnooze":0,"activity":0.0207,"lastBolusTime":1703370547520,"time":"2023-12-23T23:37:15.171Z"}},{"iob":1.577,"basaliob":-0.516,"bolussnooze":0,"activity":0.0235,"lastBolusTime":1703370547520,"time":"2023-12-23T23:42:15.171Z","iobWithZeroTemp":{"iob":0.794,"basaliob":-1.299,"bolussnooze":0,"activity":0.0186,"lastBolusTime":1703370547520,"time":"2023-12-23T23:42:15.171Z"}},{"iob":1.464,"basaliob":-0.481,"bolussnooze":0,"activity":0.0221,"lastBolusTime":1703370547520,"time":"2023-12-23T23:47:15.171Z","iobWithZeroTemp":{"iob":0.64,"basaliob":-1.305,"bolussnooze":0,"activity":0.0168,"lastBolusTime":1703370547520,"time":"2023-12-23T23:47:15.171Z"}},{"iob":1.356,"basaliob":-0.449,"bolussnooze":0,"activity":0.0206,"lastBolusTime":1703370547520,"time":"2023-12-23T23:52:15.171Z","iobWithZeroTemp":{"iob":0.493,"basaliob":-1.312,"bolussnooze":0,"activity":0.0148,"lastBolusTime":1703370547520,"time":"2023-12-23T23:52:15.171Z"}},{"iob":1.257,"basaliob":-0.418,"bolussnooze":0,"activity":0.0193,"lastBolusTime":1703370547520,"time":"2023-12-23T23:57:15.171Z","iobWithZeroTemp":{"iob":0.357,"basaliob":-1.318,"bolussnooze":0,"activity":0.0131,"lastBolusTime":1703370547520,"time":"2023-12-23T23:57:15.171Z"}},{"iob":1.163,"basaliob":-0.389,"bolussnooze":0,"activity":0.0181,"lastBolusTime":1703370547520,"time":"2023-12-24T00:02:15.171Z","iobWithZeroTemp":{"iob":0.228,"basaliob":-1.324,"bolussnooze":0,"activity":0.0115,"lastBolusTime":1703370547520,"time":"2023-12-24T00:02:15.171Z"}},{"iob":1.076,"basaliob":-0.361,"bolussnooze":0,"activity":0.0169,"lastBolusTime":1703370547520,"time":"2023-12-24T00:07:15.171Z","iobWithZeroTemp":{"iob":0.104,"basaliob":-1.333,"bolussnooze":0,"activity":0.0099,"lastBolusTime":1703370547520,"time":"2023-12-24T00:07:15.171Z"}},{"iob":0.995,"basaliob":-0.335,"bolussnooze":0,"activity":0.0157,"lastBolusTime":1703370547520,"time":"2023-12-24T00:12:15.171Z","iobWithZeroTemp":{"iob":-0.012,"basaliob":-1.342,"bolussnooze":0,"activity":0.0083,"lastBolusTime":1703370547520,"time":"2023-12-24T00:12:15.171Z"}},{"iob":0.919,"basaliob":-0.311,"bolussnooze":0,"activity":0.0146,"lastBolusTime":1703370547520,"time":"2023-12-24T00:17:15.171Z","iobWithZeroTemp":{"iob":-0.121,"basaliob":-1.351,"bolussnooze":0,"activity":0.0069,"lastBolusTime":1703370547520,"time":"2023-12-24T00:17:15.171Z"}},{"iob":0.848,"basaliob":-0.289,"bolussnooze":0,"activity":0.0136,"lastBolusTime":1703370547520,"time":"2023-12-24T00:22:15.171Z","iobWithZeroTemp":{"iob":-0.223,"basaliob":-1.36,"bolussnooze":0,"activity":0.0055,"lastBolusTime":1703370547520,"time":"2023-12-24T00:22:15.171Z"}},{"iob":0.783,"basaliob":-0.267,"bolussnooze":0,"activity":0.0127,"lastBolusTime":1703370547520,"time":"2023-12-24T00:27:15.171Z","iobWithZeroTemp":{"iob":-0.321,"basaliob":-1.371,"bolussnooze":0,"activity":0.0042,"lastBolusTime":1703370547520,"time":"2023-12-24T00:27:15.171Z"}},{"iob":0.721,"basaliob":-0.248,"bolussnooze":0,"activity":0.0118,"lastBolusTime":1703370547520,"time":"2023-12-24T00:32:15.171Z","iobWithZeroTemp":{"iob":-0.411,"basaliob":-1.38,"bolussnooze":0,"activity":0.003,"lastBolusTime":1703370547520,"time":"2023-12-24T00:32:15.171Z"}},{"iob":0.664,"basaliob":-0.229,"bolussnooze":0,"activity":0.011,"lastBolusTime":1703370547520,"time":"2023-12-24T00:37:15.171Z","iobWithZeroTemp":{"iob":-0.494,"basaliob":-1.387,"bolussnooze":0,"activity":0.0019,"lastBolusTime":1703370547520,"time":"2023-12-24T00:37:15.171Z"}},{"iob":0.611,"basaliob":-0.212,"bolussnooze":0,"activity":0.0102,"lastBolusTime":1703370547520,"time":"2023-12-24T00:42:15.171Z","iobWithZeroTemp":{"iob":-0.571,"basaliob":-1.394,"bolussnooze":0,"activity":8.0E-4,"lastBolusTime":1703370547520,"time":"2023-12-24T00:42:15.171Z"}},{"iob":0.562,"basaliob":-0.196,"bolussnooze":0,"activity":0.0095,"lastBolusTime":1703370547520,"time":"2023-12-24T00:47:15.171Z","iobWithZeroTemp":{"iob":-0.643,"basaliob":-1.401,"bolussnooze":0,"activity":-2.0E-4,"lastBolusTime":1703370547520,"time":"2023-12-24T00:47:15.171Z"}},{"iob":0.516,"basaliob":-0.181,"bolussnooze":0,"activity":0.0088,"lastBolusTime":1703370547520,"time":"2023-12-24T00:52:15.171Z","iobWithZeroTemp":{"iob":-0.71,"basaliob":-1.407,"bolussnooze":0,"activity":-0.0012,"lastBolusTime":1703370547520,"time":"2023-12-24T00:52:15.171Z"}},{"iob":0.474,"basaliob":-0.167,"bolussnooze":0,"activity":0.0081,"lastBolusTime":1703370547520,"time":"2023-12-24T00:57:15.171Z","iobWithZeroTemp":{"iob":-0.772,"basaliob":-1.413,"bolussnooze":0,"activity":-0.0022,"lastBolusTime":1703370547520,"time":"2023-12-24T00:57:15.171Z"}},{"iob":0.435,"basaliob":-0.154,"bolussnooze":0,"activity":0.0075,"lastBolusTime":1703370547520,"time":"2023-12-24T01:02:15.171Z","iobWithZeroTemp":{"iob":-0.83,"basaliob":-1.419,"bolussnooze":0,"activity":-0.003,"lastBolusTime":1703370547520,"time":"2023-12-24T01:02:15.171Z"}},{"iob":0.399,"basaliob":-0.142,"bolussnooze":0,"activity":0.007,"lastBolusTime":1703370547520,"time":"2023-12-24T01:07:15.171Z","iobWithZeroTemp":{"iob":-0.892,"basaliob":-1.433,"bolussnooze":0,"activity":-0.0038,"lastBolusTime":1703370547520,"time":"2023-12-24T01:07:15.171Z"}},{"iob":0.366,"basaliob":-0.13,"bolussnooze":0,"activity":0.0064,"lastBolusTime":1703370547520,"time":"2023-12-24T01:12:15.171Z","iobWithZeroTemp":{"iob":-0.949,"basaliob":-1.445,"bolussnooze":0,"activity":-0.0046,"lastBolusTime":1703370547520,"time":"2023-12-24T01:12:15.171Z"}},{"iob":0.335,"basaliob":-0.12,"bolussnooze":0,"activity":0.0059,"lastBolusTime":1703370547520,"time":"2023-12-24T01:17:15.171Z","iobWithZeroTemp":{"iob":-1.003,"basaliob":-1.458,"bolussnooze":0,"activity":-0.0054,"lastBolusTime":1703370547520,"time":"2023-12-24T01:17:15.171Z"}},{"iob":0.307,"basaliob":-0.11,"bolussnooze":0,"activity":0.0054,"lastBolusTime":1703370547520,"time":"2023-12-24T01:22:15.171Z","iobWithZeroTemp":{"iob":-1.052,"basaliob":-1.469,"bolussnooze":0,"activity":-0.0061,"lastBolusTime":1703370547520,"time":"2023-12-24T01:22:15.171Z"}},{"iob":0.281,"basaliob":-0.101,"bolussnooze":0,"activity":0.0051,"lastBolusTime":1703370547520,"time":"2023-12-24T01:27:15.171Z","iobWithZeroTemp":{"iob":-1.099,"basaliob":-1.481,"bolussnooze":0,"activity":-0.0066,"lastBolusTime":1703370547520,"time":"2023-12-24T01:27:15.171Z"}},{"iob":0.256,"basaliob":-0.093,"bolussnooze":0,"activity":0.0046,"lastBolusTime":1703370547520,"time":"2023-12-24T01:32:15.171Z","iobWithZeroTemp":{"iob":-1.143,"basaliob":-1.492,"bolussnooze":0,"activity":-0.0074,"lastBolusTime":1703370547520,"time":"2023-12-24T01:32:15.171Z"}},{"iob":0.234,"basaliob":-0.085,"bolussnooze":0,"activity":0.0043,"lastBolusTime":1703370547520,"time":"2023-12-24T01:37:15.171Z","iobWithZeroTemp":{"iob":-1.184,"basaliob":-1.503,"bolussnooze":0,"activity":-0.0079,"lastBolusTime":1703370547520,"time":"2023-12-24T01:37:15.171Z"}},{"iob":0.214,"basaliob":-0.078,"bolussnooze":0,"activity":0.0039,"lastBolusTime":1703370547520,"time":"2023-12-24T01:42:15.171Z","iobWithZeroTemp":{"iob":-1.221,"basaliob":-1.513,"bolussnooze":0,"activity":-0.0085,"lastBolusTime":1703370547520,"time":"2023-12-24T01:42:15.171Z"}},{"iob":0.194,"basaliob":-0.072,"bolussnooze":0,"activity":0.0036,"lastBolusTime":1703370547520,"time":"2023-12-24T01:47:15.171Z","iobWithZeroTemp":{"iob":-1.263,"basaliob":-1.529,"bolussnooze":0,"activity":-0.0091,"lastBolusTime":1703370547520,"time":"2023-12-24T01:47:15.171Z"}},{"iob":0.177,"basaliob":-0.066,"bolussnooze":0,"activity":0.0033,"lastBolusTime":1703370547520,"time":"2023-12-24T01:52:15.171Z","iobWithZeroTemp":{"iob":-1.295,"basaliob":-1.538,"bolussnooze":0,"activity":-0.0095,"lastBolusTime":1703370547520,"time":"2023-12-24T01:52:15.171Z"}},{"iob":0.161,"basaliob":-0.06,"bolussnooze":0,"activity":0.003,"lastBolusTime":1703370547520,"time":"2023-12-24T01:57:15.171Z","iobWithZeroTemp":{"iob":-1.326,"basaliob":-1.547,"bolussnooze":0,"activity":-0.01,"lastBolusTime":1703370547520,"time":"2023-12-24T01:57:15.171Z"}},{"iob":0.146,"basaliob":-0.055,"bolussnooze":0,"activity":0.0028,"lastBolusTime":1703370547520,"time":"2023-12-24T02:02:15.171Z","iobWithZeroTemp":{"iob":-1.354,"basaliob":-1.555,"bolussnooze":0,"activity":-0.0104,"lastBolusTime":1703370547520,"time":"2023-12-24T02:02:15.171Z"}},{"iob":0.133,"basaliob":-0.05,"bolussnooze":0,"activity":0.0026,"lastBolusTime":1703370547520,"time":"2023-12-24T02:07:15.171Z","iobWithZeroTemp":{"iob":-1.392,"basaliob":-1.575,"bolussnooze":0,"activity":-0.0108,"lastBolusTime":1703370547520,"time":"2023-12-24T02:07:15.171Z"}},{"iob":0.12,"basaliob":-0.046,"bolussnooze":0,"activity":0.0024,"lastBolusTime":1703370547520,"time":"2023-12-24T02:12:15.171Z","iobWithZeroTemp":{"iob":-1.43,"basaliob":-1.596,"bolussnooze":0,"activity":-0.0112,"lastBolusTime":1703370547520,"time":"2023-12-24T02:12:15.171Z"}},{"iob":0.109,"basaliob":-0.042,"bolussnooze":0,"activity":0.0021,"lastBolusTime":1703370547520,"time":"2023-12-24T02:17:15.171Z","iobWithZeroTemp":{"iob":-1.464,"basaliob":-1.615,"bolussnooze":0,"activity":-0.0117,"lastBolusTime":1703370547520,"time":"2023-12-24T02:17:15.171Z"}},{"iob":0.099,"basaliob":-0.038,"bolussnooze":0,"activity":0.002,"lastBolusTime":1703370547520,"time":"2023-12-24T02:22:15.171Z","iobWithZeroTemp":{"iob":-1.497,"basaliob":-1.634,"bolussnooze":0,"activity":-0.012,"lastBolusTime":1703370547520,"time":"2023-12-24T02:22:15.171Z"}},{"iob":0.089,"basaliob":-0.035,"bolussnooze":0,"activity":0.0018,"lastBolusTime":1703370547520,"time":"2023-12-24T02:27:15.171Z","iobWithZeroTemp":{"iob":-1.528,"basaliob":-1.652,"bolussnooze":0,"activity":-0.0124,"lastBolusTime":1703370547520,"time":"2023-12-24T02:27:15.171Z"}}],"profile":{"max_iob":15,"type":"current","max_daily_basal":1.2,"max_basal":3.2,"min_bg":90,"max_bg":90,"target_bg":90,"carb_ratio":4.761904761904762,"sens":29.14285714285714,"max_daily_safety_multiplier":3,"current_basal_safety_multiplier":4,"high_temptarget_raises_sensitivity":false,"low_temptarget_lowers_sensitivity":false,"sensitivity_raises_target":true,"resistance_lowers_target":true,"adv_target_adjustments":false,"exercise_mode":false,"half_basal_exercise_target":160,"maxCOB":120,"skip_neutral_temps":false,"remainingCarbsCap":90,"enableUAM":true,"A52_risk_enable":false,"SMBInterval":3,"enableSMB_with_COB":true,"enableSMB_with_temptarget":true,"allowSMB_with_high_temptarget":false,"enableSMB_always":false,"enableSMB_after_carbs":true,"maxSMBBasalMinutes":80,"maxUAMSMBBasalMinutes":60,"bolus_increment":0.05,"carbsReqThreshold":10,"current_basal":0.8,"temptargetSet":true,"autosens_max":1.2,"out_units":"mmol\/L"},"autosens_data":{"ratio":1},"meal_data":{"carbs":60,"mealCOB":0,"slopeFromMaxDeviation":-0.33463636363636373,"slopeFromMinDeviation":1.7515,"lastBolusTime":1703370547520,"lastCarbTime":1703363714235},"microBolusAllowed":true,"currentTime":1703370736534,"flatBGsDetected":false},"output":{"temp":"absolute","bg":186,"tick":"+2","eventualBG":113,"targetBG":90,"insulinReq":0.69,"deliverAt":"2023-12-23T22:32:16.534Z","sensitivityRatio":1,"predBGs":{"IOB":[186,186,185,184,183,181,179,177,174,171,168,164,160,156,153,149,146,143,140,138,135,133,131,129,127,125,124,122,121,119,118,117,116,115,114,114,113,112,112,111,110,110,110,109,109,108],"ZT":[186,179,172,165,159,153,147,142,137,133,128,124,121,118,115,112,109,107,105,104,102,101,100,99,99,98,98,98,98,98,98,99,99],"UAM":[186,186,185,185,183,182,180,178,176,174,171,168,164,160,157,153,150,147,144,142,139,137,135,133,131,129,128,126,125,123,122,121,120,119,118,118,117,116,115,115,114,114,113,113,113,112]},"COB":0,"IOB":4.093,"reason":"COB: 0, Dev: 2.6, BGI: -0.4, ISF: 1.6, CR: 4.76, Target: 5.0, minPredBG 6.1, minGuardBG 6.2, IOBpredBG 6.0, UAMpredBG 6.2; Eventual BG 6.3 >= 5.0,  insulinReq 0.69; setting 30m low temp of 0.16U\/h. Microbolusing 0.3U. ","units":0.3,"rate":0.16,"duration":30,"timestamp":"2023-12-23T22:32:16.728Z"}}