{"algorithm":"OpenAPSSMBPlugin","input":{"glucoseStatus":{"glucose":101,"noise":0,"delta":1,"short_avgdelta":0.72,"long_avgdelta":1.57,"date":1703496494000},"currenttemp":{"temp":"absolute","duration":40,"rate":0,"minutesrunning":20},"iob_data":[{"iob":9.649,"basaliob":-0.445,"bolussnooze":2.1414,"activity":0.0616,"lastBolusTime":1703496236400,"time":"2023-12-25T09:28:44.768Z","iobWithZeroTemp":{"iob":9.649,"basaliob":-0.445,"bolussnooze":2.1414,"activity":0.0616,"lastBolusTime":1703496236400,"time":"2023-12-25T09:28:44.768Z"}},{"iob":9.329,"basaliob":-0.445,"bolussnooze":1.4848,"activity":0.0661,"lastBolusTime":1703496236400,"time":"2023-12-25T09:33:44.768Z","iobWithZeroTemp":{"iob":9.264,"basaliob":-0.51,"bolussnooze":1.4848,"activity":0.0661,"lastBolusTime":1703496236400,"time":"2023-12-25T09:33:44.768Z"}},{"iob":8.99,"basaliob":-0.441,"bolussnooze":1.0102,"activity":0.0694,"lastBolusTime":1703496236400,"time":"2023-12-25T09:38:44.768Z","iobWithZeroTemp":{"iob":8.845,"basaliob":-0.586,"bolussnooze":1.0102,"activity":0.0692,"lastBolusTime":1703496236400,"time":"2023-12-25T09:38:44.768Z"}},{"iob":8.636,"basaliob":-0.435,"bolussnooze":0.6751,"activity":0.0717,"lastBolusTime":1703496236400,"time":"2023-12-25T09:43:44.768Z","iobWithZeroTemp":{"iob":8.412,"basaliob":-0.659,"bolussnooze":0.6751,"activity":0.0712,"lastBolusTime":1703496236400,"time":"2023-12-25T09:43:44.768Z"}},{"iob":8.275,"basaliob":-0.426,"bolussnooze":0.4433,"activity":0.073,"lastBolusTime":1703496236400,"time":"2023-12-25T09:48:44.768Z","iobWithZeroTemp":{"iob":7.973,"basaliob":-0.728,"bolussnooze":0.4433,"activity":0.0722,"lastBolusTime":1703496236400,"time":"2023-12-25T09:48:44.768Z"}},{"iob":7.908,"basaliob":-0.416,"bolussnooze":0.2858,"activity":0.0734,"lastBolusTime":1703496236400,"time":"2023-12-25T09:53:44.768Z","iobWithZeroTemp":{"iob":7.53,"basaliob":-0.794,"bolussnooze":0.2858,"activity":0.0722,"lastBolusTime":1703496236400,"time":"2023-12-25T09:53:44.768Z"}},{"iob":7.541,"basaliob":-0.404,"bolussnooze":0.1806,"activity":0.0734,"lastBolusTime":1703496236400,"time":"2023-12-25T09:58:44.768Z","iobWithZeroTemp":{"iob":7.09,"basaliob":-0.855,"bolussnooze":0.1806,"activity":0.0718,"lastBolusTime":1703496236400,"time":"2023-12-25T09:58:44.768Z"}},{"iob":7.177,"basaliob":-0.39,"bolussnooze":0.1116,"activity":0.0727,"lastBolusTime":1703496236400,"time":"2023-12-25T10:03:44.768Z","iobWithZeroTemp":{"iob":6.654,"basaliob":-0.913,"bolussnooze":0.1116,"activity":0.0706,"lastBolusTime":1703496236400,"time":"2023-12-25T10:03:44.768Z"}},{"iob":6.816,"basaliob":-0.376,"bolussnooze":0.0671,"activity":0.0715,"lastBolusTime":1703496236400,"time":"2023-12-25T10:08:44.768Z","iobWithZeroTemp":{"iob":6.224,"basaliob":-0.968,"bolussnooze":0.0671,"activity":0.0689,"lastBolusTime":1703496236400,"time":"2023-12-25T10:08:44.768Z"}},{"iob":6.461,"basaliob":-0.362,"bolussnooze":0.0391,"activity":0.07,"lastBolusTime":1703496236400,"time":"2023-12-25T10:13:44.768Z","iobWithZeroTemp":{"iob":5.803,"basaliob":-1.02,"bolussnooze":0.0391,"activity":0.0668,"lastBolusTime":1703496236400,"time":"2023-12-25T10:13:44.768Z"}},{"iob":6.115,"basaliob":-0.347,"bolussnooze":0.0218,"activity":0.0683,"lastBolusTime":1703496236400,"time":"2023-12-25T10:18:44.768Z","iobWithZeroTemp":{"iob":5.394,"basaliob":-1.068,"bolussnooze":0.0218,"activity":0.0646,"lastBolusTime":1703496236400,"time":"2023-12-25T10:18:44.768Z"}},{"iob":5.779,"basaliob":-0.332,"bolussnooze":0.0114,"activity":0.0663,"lastBolusTime":1703496236400,"time":"2023-12-25T10:23:44.768Z","iobWithZeroTemp":{"iob":4.997,"basaliob":-1.114,"bolussnooze":0.0114,"activity":0.062,"lastBolusTime":1703496236400,"time":"2023-12-25T10:23:44.768Z"}},{"iob":5.452,"basaliob":-0.317,"bolussnooze":0.0055,"activity":0.0642,"lastBolusTime":1703496236400,"time":"2023-12-25T10:28:44.768Z","iobWithZeroTemp":{"iob":4.612,"basaliob":-1.157,"bolussnooze":0.0055,"activity":0.0594,"lastBolusTime":1703496236400,"time":"2023-12-25T10:28:44.768Z"}},{"iob":5.138,"basaliob":-0.301,"bolussnooze":0.0023,"activity":0.0618,"lastBolusTime":1703496236400,"time":"2023-12-25T10:33:44.768Z","iobWithZeroTemp":{"iob":4.242,"basaliob":-1.197,"bolussnooze":0.0023,"activity":0.0564,"lastBolusTime":1703496236400,"time":"2023-12-25T10:33:44.768Z"}},{"iob":4.835,"basaliob":-0.286,"bolussnooze":7.0E-4,"activity":0.0594,"lastBolusTime":1703496236400,"time":"2023-12-25T10:38:44.768Z","iobWithZeroTemp":{"iob":3.887,"basaliob":-1.234,"bolussnooze":7.0E-4,"activity":0.0535,"lastBolusTime":1703496236400,"time":"2023-12-25T10:38:44.768Z"}},{"iob":4.544,"basaliob":-0.272,"bolussnooze":1.0E-4,"activity":0.0569,"lastBolusTime":1703496236400,"time":"2023-12-25T10:43:44.768Z","iobWithZeroTemp":{"iob":3.546,"basaliob":-1.27,"bolussnooze":1.0E-4,"activity":0.0504,"lastBolusTime":1703496236400,"time":"2023-12-25T10:43:44.768Z"}},{"iob":4.266,"basaliob":-0.257,"bolussnooze":0,"activity":0.0545,"lastBolusTime":1703496236400,"time":"2023-12-25T10:48:44.768Z","iobWithZeroTemp":{"iob":3.221,"basaliob":-1.302,"bolussnooze":0,"activity":0.0475,"lastBolusTime":1703496236400,"time":"2023-12-25T10:48:44.768Z"}},{"iob":4,"basaliob":-0.243,"bolussnooze":0,"activity":0.0519,"lastBolusTime":1703496236400,"time":"2023-12-25T10:53:44.768Z","iobWithZeroTemp":{"iob":2.91,"basaliob":-1.333,"bolussnooze":0,"activity":0.0444,"lastBolusTime":1703496236400,"time":"2023-12-25T10:53:44.768Z"}},{"iob":3.746,"basaliob":-0.23,"bolussnooze":0,"activity":0.0494,"lastBolusTime":1703496236400,"time":"2023-12-25T10:58:44.768Z","iobWithZeroTemp":{"iob":2.614,"basaliob":-1.362,"bolussnooze":0,"activity":0.0414,"lastBolusTime":1703496236400,"time":"2023-12-25T10:58:44.768Z"}},{"iob":3.505,"basaliob":-0.217,"bolussnooze":0,"activity":0.0469,"lastBolusTime":1703496236400,"time":"2023-12-25T11:03:44.768Z","iobWithZeroTemp":{"iob":2.319,"basaliob":-1.403,"bolussnooze":0,"activity":0.0384,"lastBolusTime":1703496236400,"time":"2023-12-25T11:03:44.768Z"}},{"iob":3.277,"basaliob":-0.204,"bolussnooze":0,"activity":0.0445,"lastBolusTime":1703496236400,"time":"2023-12-25T11:08:44.768Z","iobWithZeroTemp":{"iob":2.04,"basaliob":-1.441,"bolussnooze":0,"activity":0.0356,"lastBolusTime":1703496236400,"time":"2023-12-25T11:08:44.768Z"}},{"iob":3.06,"basaliob":-0.192,"bolussnooze":0,"activity":0.0421,"lastBolusTime":1703496236400,"time":"2023-12-25T11:13:44.768Z","iobWithZeroTemp":{"iob":1.774,"basaliob":-1.478,"bolussnooze":0,"activity":0.0327,"lastBolusTime":1703496236400,"time":"2023-12-25T11:13:44.768Z"}},{"iob":2.856,"basaliob":-0.18,"bolussnooze":0,"activity":0.0398,"lastBolusTime":1703496236400,"time":"2023-12-25T11:18:44.768Z","iobWithZeroTemp":{"iob":1.524,"basaliob":-1.512,"bolussnooze":0,"activity":0.0299,"lastBolusTime":1703496236400,"time":"2023-12-25T11:18:44.768Z"}},{"iob":2.662,"basaliob":-0.169,"bolussnooze":0,"activity":0.0376,"lastBolusTime":1703496236400,"time":"2023-12-25T11:23:44.768Z","iobWithZeroTemp":{"iob":1.286,"basaliob":-1.545,"bolussnooze":0,"activity":0.0272,"lastBolusTime":1703496236400,"time":"2023-12-25T11:23:44.768Z"}},{"iob":2.479,"basaliob":-0.159,"bolussnooze":0,"activity":0.0354,"lastBolusTime":1703496236400,"time":"2023-12-25T11:28:44.768Z","iobWithZeroTemp":{"iob":1.061,"basaliob":-1.577,"bolussnooze":0,"activity":0.0246,"lastBolusTime":1703496236400,"time":"2023-12-25T11:28:44.768Z"}},{"iob":2.308,"basaliob":-0.148,"bolussnooze":0,"activity":0.0333,"lastBolusTime":1703496236400,"time":"2023-12-25T11:33:44.768Z","iobWithZeroTemp":{"iob":0.851,"basaliob":-1.605,"bolussnooze":0,"activity":0.022,"lastBolusTime":1703496236400,"time":"2023-12-25T11:33:44.768Z"}},{"iob":2.145,"basaliob":-0.139,"bolussnooze":0,"activity":0.0313,"lastBolusTime":1703496236400,"time":"2023-12-25T11:38:44.768Z","iobWithZeroTemp":{"iob":0.651,"basaliob":-1.633,"bolussnooze":0,"activity":0.0196,"lastBolusTime":1703496236400,"time":"2023-12-25T11:38:44.768Z"}},{"iob":1.993,"basaliob":-0.13,"bolussnooze":0,"activity":0.0294,"lastBolusTime":1703496236400,"time":"2023-12-25T11:43:44.768Z","iobWithZeroTemp":{"iob":0.463,"basaliob":-1.66,"bolussnooze":0,"activity":0.0173,"lastBolusTime":1703496236400,"time":"2023-12-25T11:43:44.768Z"}},{"iob":1.851,"basaliob":-0.121,"bolussnooze":0,"activity":0.0276,"lastBolusTime":1703496236400,"time":"2023-12-25T11:48:44.768Z","iobWithZeroTemp":{"iob":0.288,"basaliob":-1.684,"bolussnooze":0,"activity":0.0151,"lastBolusTime":1703496236400,"time":"2023-12-25T11:48:44.768Z"}},{"iob":1.717,"basaliob":-0.113,"bolussnooze":0,"activity":0.0259,"lastBolusTime":1703496236400,"time":"2023-12-25T11:53:44.768Z","iobWithZeroTemp":{"iob":0.123,"basaliob":-1.707,"bolussnooze":0,"activity":0.013,"lastBolusTime":1703496236400,"time":"2023-12-25T11:53:44.768Z"}},{"iob":1.592,"basaliob":-0.105,"bolussnooze":0,"activity":0.0242,"lastBolusTime":1703496236400,"time":"2023-12-25T11:58:44.768Z","iobWithZeroTemp":{"iob":-0.031,"basaliob":-1.728,"bolussnooze":0,"activity":0.0109,"lastBolusTime":1703496236400,"time":"2023-12-25T11:58:44.768Z"}},{"iob":1.474,"basaliob":-0.098,"bolussnooze":0,"activity":0.0227,"lastBolusTime":1703496236400,"time":"2023-12-25T12:03:44.768Z","iobWithZeroTemp":{"iob":-0.182,"basaliob":-1.754,"bolussnooze":0,"activity":0.0091,"lastBolusTime":1703496236400,"time":"2023-12-25T12:03:44.768Z"}},{"iob":1.365,"basaliob":-0.091,"bolussnooze":0,"activity":0.0212,"lastBolusTime":1703496236400,"time":"2023-12-25T12:08:44.768Z","iobWithZeroTemp":{"iob":-0.321,"basaliob":-1.777,"bolussnooze":0,"activity":0.0072,"lastBolusTime":1703496236400,"time":"2023-12-25T12:08:44.768Z"}},{"iob":1.262,"basaliob":-0.085,"bolussnooze":0,"activity":0.0198,"lastBolusTime":1703496236400,"time":"2023-12-25T12:13:44.768Z","iobWithZeroTemp":{"iob":-0.453,"basaliob":-1.8,"bolussnooze":0,"activity":0.0055,"lastBolusTime":1703496236400,"time":"2023-12-25T12:13:44.768Z"}},{"iob":1.167,"basaliob":-0.079,"bolussnooze":0,"activity":0.0184,"lastBolusTime":1703496236400,"time":"2023-12-25T12:18:44.768Z","iobWithZeroTemp":{"iob":-0.575,"basaliob":-1.821,"bolussnooze":0,"activity":0.0037,"lastBolusTime":1703496236400,"time":"2023-12-25T12:18:44.768Z"}},{"iob":1.078,"basaliob":-0.073,"bolussnooze":0,"activity":0.0172,"lastBolusTime":1703496236400,"time":"2023-12-25T12:23:44.768Z","iobWithZeroTemp":{"iob":-0.69,"basaliob":-1.841,"bolussnooze":0,"activity":0.0022,"lastBolusTime":1703496236400,"time":"2023-12-25T12:23:44.768Z"}},{"iob":0.995,"basaliob":-0.068,"bolussnooze":0,"activity":0.016,"lastBolusTime":1703496236400,"time":"2023-12-25T12:28:44.768Z","iobWithZeroTemp":{"iob":-0.797,"basaliob":-1.86,"bolussnooze":0,"activity":7.0E-4,"lastBolusTime":1703496236400,"time":"2023-12-25T12:28:44.768Z"}},{"iob":0.917,"basaliob":-0.063,"bolussnooze":0,"activity":0.0149,"lastBolusTime":1703496236400,"time":"2023-12-25T12:33:44.768Z","iobWithZeroTemp":{"iob":-0.898,"basaliob":-1.878,"bolussnooze":0,"activity":-7.0E-4,"lastBolusTime":1703496236400,"time":"2023-12-25T12:33:44.768Z"}},{"iob":0.846,"basaliob":-0.058,"bolussnooze":0,"activity":0.0138,"lastBolusTime":1703496236400,"time":"2023-12-25T12:38:44.768Z","iobWithZeroTemp":{"iob":-0.99,"basaliob":-1.894,"bolussnooze":0,"activity":-0.002,"lastBolusTime":1703496236400,"time":"2023-12-25T12:38:44.768Z"}},{"iob":0.779,"basaliob":-0.054,"bolussnooze":0,"activity":0.0129,"lastBolusTime":1703496236400,"time":"2023-12-25T12:43:44.768Z","iobWithZeroTemp":{"iob":-1.077,"basaliob":-1.91,"bolussnooze":0,"activity":-0.0032,"lastBolusTime":1703496236400,"time":"2023-12-25T12:43:44.768Z"}},{"iob":0.717,"basaliob":-0.05,"bolussnooze":0,"activity":0.0119,"lastBolusTime":1703496236400,"time":"2023-12-25T12:48:44.768Z","iobWithZeroTemp":{"iob":-1.158,"basaliob":-1.925,"bolussnooze":0,"activity":-0.0044,"lastBolusTime":1703496236400,"time":"2023-12-25T12:48:44.768Z"}},{"iob":0.659,"basaliob":-0.046,"bolussnooze":0,"activity":0.0111,"lastBolusTime":1703496236400,"time":"2023-12-25T12:53:44.768Z","iobWithZeroTemp":{"iob":-1.233,"basaliob":-1.938,"bolussnooze":0,"activity":-0.0055,"lastBolusTime":1703496236400,"time":"2023-12-25T12:53:44.768Z"}},{"iob":0.606,"basaliob":-0.043,"bolussnooze":0,"activity":0.0102,"lastBolusTime":1703496236400,"time":"2023-12-25T12:58:44.768Z","iobWithZeroTemp":{"iob":-1.303,"basaliob":-1.952,"bolussnooze":0,"activity":-0.0066,"lastBolusTime":1703496236400,"time":"2023-12-25T12:58:44.768Z"}},{"iob":0.557,"basaliob":-0.039,"bolussnooze":0,"activity":0.0095,"lastBolusTime":1703496236400,"time":"2023-12-25T13:03:44.768Z","iobWithZeroTemp":{"iob":-1.362,"basaliob":-1.958,"bolussnooze":0,"activity":-0.0075,"lastBolusTime":1703496236400,"time":"2023-12-25T13:03:44.768Z"}},{"iob":0.511,"basaliob":-0.036,"bolussnooze":0,"activity":0.0088,"lastBolusTime":1703496236400,"time":"2023-12-25T13:08:44.768Z","iobWithZeroTemp":{"iob":-1.417,"basaliob":-1.964,"bolussnooze":0,"activity":-0.0084,"lastBolusTime":1703496236400,"time":"2023-12-25T13:08:44.768Z"}},{"iob":0.468,"basaliob":-0.034,"bolussnooze":0,"activity":0.0082,"lastBolusTime":1703496236400,"time":"2023-12-25T13:13:44.768Z","iobWithZeroTemp":{"iob":-1.469,"basaliob":-1.971,"bolussnooze":0,"activity":-0.0092,"lastBolusTime":1703496236400,"time":"2023-12-25T13:13:44.768Z"}},{"iob":0.429,"basaliob":-0.031,"bolussnooze":0,"activity":0.0075,"lastBolusTime":1703496236400,"time":"2023-12-25T13:18:44.768Z","iobWithZeroTemp":{"iob":-1.515,"basaliob":-1.975,"bolussnooze":0,"activity":-0.01,"lastBolusTime":1703496236400,"time":"2023-12-25T13:18:44.768Z"}},{"iob":0.393,"basaliob":-0.028,"bolussnooze":0,"activity":0.0069,"lastBolusTime":1703496236400,"time":"2023-12-25T13:23:44.768Z","iobWithZeroTemp":{"iob":-1.558,"basaliob":-1.979,"bolussnooze":0,"activity":-0.0108,"lastBolusTime":1703496236400,"time":"2023-12-25T13:23:44.768Z"}}],"profile":{"max_iob":15,"type":"current","max_daily_basal":1.2,"max_basal":3.4,"min_bg":99,"max_bg":99,"target_bg":99,"carb_ratio":4.285714285714286,"sens":20.57142857142857,"max_daily_safety_multiplier":3,"current_basal_safety_multiplier":4,"high_temptarget_raises_sensitivity":false,"low_temptarget_lowers_sensitivity":false,"sensitivity_raises_target":true,"resistance_lowers_target":true,"adv_target_adjustments":false,"exercise_mode":false,"half_basal_exercise_target":160,"maxCOB":120,"skip_neutral_temps":false,"remainingCarbsCap":90,"enableUAM":true,"A52_risk_enable":false,"SMBInterval":3,"enableSMB_with_COB":true,"enableSMB_with_temptarget":true,"allowSMB_with_high_temptarget":false,"enableSMB_always":false,"enableSMB_after_carbs":true,"maxSMBBasalMinutes":80,"maxUAMSMBBasalMinutes":60,"bolus_increment":0.05,"carbsReqThreshold":10,"current_basal":0.85,"temptargetSet":false,"autosens_max":1.2,"out_units":"mmol\/L"},"autosens_data":{"ratio":1.14},"meal_data":{"carbs":50,"mealCOB":43.62166666666667,"slopeFromMaxDeviation":-0.12550000000000017,"slopeFromMinDeviation":0.8902727272727272,"lastBolusTime":1703496236400,"lastCarbTime":1703494451235},"microBolusAllowed":true,"currentTime":1703496526659,"flatBGsDetected":false},"output":{"temp":"absolute","bg":101,"tick":"+1","eventualBG":112,"targetBG":94,"insulinReq":0.17,"deliverAt":"2023-12-25T09:28:46.659Z","sensitivityRatio":1.14,"predBGs":{"IOB":[101,101,101,99,97,94,90,86,82,77,72,66,60,54,49,44,39],"ZT":[101,95,90,83,77,70,64,57,51,45,39,39,39,39,39,39,39,39,39,39,39,39,39,39,39,39,39,39,39,39,39,39,39,39,39,39,39,39,39,39,39,39,39,39,39,39,39,39],"COB":[101,102,102,102,102,101,101,100,100,99,99,99,99,99,99,99,100,101,102,103,104,106,107,109,110,112,113,114,115,116,117,118,118,119,119,119,119,119,119,118,118,117,116,115,114,113,113,112],"UAM":[101,101,101,100,99,97,95,93,90,87,84,81,78,75,71,68,64,61,57,53,49,45,42,39]},"COB":43.62166666666667,"IOB":9.649,"reason":"COB: 43.6, Dev: 2.1, BGI: -0.3, ISF: 1.0, CR: 4.29, Target: 5.2, minPredBG 5.4, minGuardBG 4.8, IOBpredBG 2.2, COBpredBG 6.2, UAMpredBG 2.2; Eventual BG 6.2 >= 5.2,  insulinReq 0.17; setting 60m low temp of 0U\/h. Microbolusing 0.05U. ","units":0.05,"rate":0,"duration":60,"timestamp":"2023-12-25T09:28:46.736Z"}}