{"algorithm":"OpenAPSSMBPlugin","input":{"glucoseStatus":{"glucose":78,"noise":0,"delta":-3,"short_avgdelta":-3.11,"long_avgdelta":-3.49,"date":1703380089000},"currenttemp":{"temp":"absolute","duration":45,"rate":0,"minutesrunning":75},"iob_data":[{"iob":0.232,"basaliob":-1.175,"bolussnooze":0,"activity":0.012,"lastBolusTime":1703372056483,"time":"2023-12-24T01:08:41.336Z","iobWithZeroTemp":{"iob":0.232,"basaliob":-1.175,"bolussnooze":0,"activity":0.012,"lastBolusTime":1703372056483,"time":"2023-12-24T01:08:41.336Z"}},{"iob":0.175,"basaliob":-1.128,"bolussnooze":0,"activity":0.0105,"lastBolusTime":1703372056483,"time":"2023-12-24T01:13:41.336Z","iobWithZeroTemp":{"iob":0.125,"basaliob":-1.178,"bolussnooze":0,"activity":0.0105,"lastBolusTime":1703372056483,"time":"2023-12-24T01:13:41.336Z"}},{"iob":0.127,"basaliob":-1.079,"bolussnooze":0,"activity":0.009,"lastBolusTime":1703372056483,"time":"2023-12-24T01:18:41.336Z","iobWithZeroTemp":{"iob":0.014,"basaliob":-1.192,"bolussnooze":0,"activity":0.0088,"lastBolusTime":1703372056483,"time":"2023-12-24T01:18:41.336Z"}},{"iob":0.085,"basaliob":-1.03,"bolussnooze":0,"activity":0.0077,"lastBolusTime":1703372056483,"time":"2023-12-24T01:23:41.336Z","iobWithZeroTemp":{"iob":-0.09,"basaliob":-1.205,"bolussnooze":0,"activity":0.0073,"lastBolusTime":1703372056483,"time":"2023-12-24T01:23:41.336Z"}},{"iob":0.049,"basaliob":-0.982,"bolussnooze":0,"activity":0.0066,"lastBolusTime":1703372056483,"time":"2023-12-24T01:28:41.336Z","iobWithZeroTemp":{"iob":-0.186,"basaliob":-1.217,"bolussnooze":0,"activity":0.006,"lastBolusTime":1703372056483,"time":"2023-12-24T01:28:41.336Z"}},{"iob":0.019,"basaliob":-0.933,"bolussnooze":0,"activity":0.0056,"lastBolusTime":1703372056483,"time":"2023-12-24T01:33:41.336Z","iobWithZeroTemp":{"iob":-0.276,"basaliob":-1.228,"bolussnooze":0,"activity":0.0047,"lastBolusTime":1703372056483,"time":"2023-12-24T01:33:41.336Z"}},{"iob":-0.006,"basaliob":-0.885,"bolussnooze":0,"activity":0.0048,"lastBolusTime":1703372056483,"time":"2023-12-24T01:38:41.336Z","iobWithZeroTemp":{"iob":-0.358,"basaliob":-1.237,"bolussnooze":0,"activity":0.0035,"lastBolusTime":1703372056483,"time":"2023-12-24T01:38:41.336Z"}},{"iob":-0.029,"basaliob":-0.839,"bolussnooze":0,"activity":0.004,"lastBolusTime":1703372056483,"time":"2023-12-24T01:43:41.336Z","iobWithZeroTemp":{"iob":-0.437,"basaliob":-1.247,"bolussnooze":0,"activity":0.0023,"lastBolusTime":1703372056483,"time":"2023-12-24T01:43:41.336Z"}},{"iob":-0.046,"basaliob":-0.793,"bolussnooze":0,"activity":0.0033,"lastBolusTime":1703372056483,"time":"2023-12-24T01:48:41.336Z","iobWithZeroTemp":{"iob":-0.508,"basaliob":-1.255,"bolussnooze":0,"activity":0.0012,"lastBolusTime":1703372056483,"time":"2023-12-24T01:48:41.336Z"}},{"iob":-0.061,"basaliob":-0.749,"bolussnooze":0,"activity":0.0027,"lastBolusTime":1703372056483,"time":"2023-12-24T01:53:41.336Z","iobWithZeroTemp":{"iob":-0.574,"basaliob":-1.262,"bolussnooze":0,"activity":2.0E-4,"lastBolusTime":1703372056483,"time":"2023-12-24T01:53:41.336Z"}},{"iob":-0.073,"basaliob":-0.706,"bolussnooze":0,"activity":0.0022,"lastBolusTime":1703372056483,"time":"2023-12-24T01:58:41.336Z","iobWithZeroTemp":{"iob":-0.636,"basaliob":-1.269,"bolussnooze":0,"activity":-7.0E-4,"lastBolusTime":1703372056483,"time":"2023-12-24T01:58:41.336Z"}},{"iob":-0.083,"basaliob":-0.665,"bolussnooze":0,"activity":0.0017,"lastBolusTime":1703372056483,"time":"2023-12-24T02:03:41.336Z","iobWithZeroTemp":{"iob":-0.704,"basaliob":-1.286,"bolussnooze":0,"activity":-0.0016,"lastBolusTime":1703372056483,"time":"2023-12-24T02:03:41.336Z"}},{"iob":-0.09,"basaliob":-0.625,"bolussnooze":0,"activity":0.0013,"lastBolusTime":1703372056483,"time":"2023-12-24T02:08:41.336Z","iobWithZeroTemp":{"iob":-0.766,"basaliob":-1.301,"bolussnooze":0,"activity":-0.0025,"lastBolusTime":1703372056483,"time":"2023-12-24T02:08:41.336Z"}},{"iob":-0.096,"basaliob":-0.587,"bolussnooze":0,"activity":0.001,"lastBolusTime":1703372056483,"time":"2023-12-24T02:13:41.336Z","iobWithZeroTemp":{"iob":-0.825,"basaliob":-1.316,"bolussnooze":0,"activity":-0.0033,"lastBolusTime":1703372056483,"time":"2023-12-24T02:13:41.336Z"}},{"iob":-0.1,"basaliob":-0.551,"bolussnooze":0,"activity":7.0E-4,"lastBolusTime":1703372056483,"time":"2023-12-24T02:18:41.336Z","iobWithZeroTemp":{"iob":-0.88,"basaliob":-1.331,"bolussnooze":0,"activity":-0.004,"lastBolusTime":1703372056483,"time":"2023-12-24T02:18:41.336Z"}},{"iob":-0.103,"basaliob":-0.516,"bolussnooze":0,"activity":4.0E-4,"lastBolusTime":1703372056483,"time":"2023-12-24T02:23:41.336Z","iobWithZeroTemp":{"iob":-0.932,"basaliob":-1.345,"bolussnooze":0,"activity":-0.0048,"lastBolusTime":1703372056483,"time":"2023-12-24T02:23:41.336Z"}},{"iob":-0.104,"basaliob":-0.483,"bolussnooze":0,"activity":2.0E-4,"lastBolusTime":1703372056483,"time":"2023-12-24T02:28:41.336Z","iobWithZeroTemp":{"iob":-0.979,"basaliob":-1.358,"bolussnooze":0,"activity":-0.0055,"lastBolusTime":1703372056483,"time":"2023-12-24T02:28:41.336Z"}},{"iob":-0.105,"basaliob":-0.452,"bolussnooze":0,"activity":0,"lastBolusTime":1703372056483,"time":"2023-12-24T02:33:41.336Z","iobWithZeroTemp":{"iob":-1.024,"basaliob":-1.371,"bolussnooze":0,"activity":-0.0061,"lastBolusTime":1703372056483,"time":"2023-12-24T02:33:41.336Z"}},{"iob":-0.105,"basaliob":-0.422,"bolussnooze":0,"activity":-1.0E-4,"lastBolusTime":1703372056483,"time":"2023-12-24T02:38:41.336Z","iobWithZeroTemp":{"iob":-1.066,"basaliob":-1.383,"bolussnooze":0,"activity":-0.0067,"lastBolusTime":1703372056483,"time":"2023-12-24T02:38:41.336Z"}},{"iob":-0.104,"basaliob":-0.394,"bolussnooze":0,"activity":-3.0E-4,"lastBolusTime":1703372056483,"time":"2023-12-24T02:43:41.336Z","iobWithZeroTemp":{"iob":-1.105,"basaliob":-1.395,"bolussnooze":0,"activity":-0.0073,"lastBolusTime":1703372056483,"time":"2023-12-24T02:43:41.336Z"}},{"iob":-0.102,"basaliob":-0.367,"bolussnooze":0,"activity":-4.0E-4,"lastBolusTime":1703372056483,"time":"2023-12-24T02:48:41.336Z","iobWithZeroTemp":{"iob":-1.14,"basaliob":-1.405,"bolussnooze":0,"activity":-0.0078,"lastBolusTime":1703372056483,"time":"2023-12-24T02:48:41.336Z"}},{"iob":-0.1,"basaliob":-0.342,"bolussnooze":0,"activity":-5.0E-4,"lastBolusTime":1703372056483,"time":"2023-12-24T02:53:41.336Z","iobWithZeroTemp":{"iob":-1.173,"basaliob":-1.415,"bolussnooze":0,"activity":-0.0083,"lastBolusTime":1703372056483,"time":"2023-12-24T02:53:41.336Z"}},{"iob":-0.098,"basaliob":-0.319,"bolussnooze":0,"activity":-5.0E-4,"lastBolusTime":1703372056483,"time":"2023-12-24T02:58:41.336Z","iobWithZeroTemp":{"iob":-1.205,"basaliob":-1.426,"bolussnooze":0,"activity":-0.0087,"lastBolusTime":1703372056483,"time":"2023-12-24T02:58:41.336Z"}},{"iob":-0.095,"basaliob":-0.296,"bolussnooze":0,"activity":-6.0E-4,"lastBolusTime":1703372056483,"time":"2023-12-24T03:03:41.336Z","iobWithZeroTemp":{"iob":-1.239,"basaliob":-1.44,"bolussnooze":0,"activity":-0.0092,"lastBolusTime":1703372056483,"time":"2023-12-24T03:03:41.336Z"}},{"iob":-0.093,"basaliob":-0.276,"bolussnooze":0,"activity":-7.0E-4,"lastBolusTime":1703372056483,"time":"2023-12-24T03:08:41.336Z","iobWithZeroTemp":{"iob":-1.273,"basaliob":-1.456,"bolussnooze":0,"activity":-0.0097,"lastBolusTime":1703372056483,"time":"2023-12-24T03:08:41.336Z"}},{"iob":-0.089,"basaliob":-0.256,"bolussnooze":0,"activity":-6.0E-4,"lastBolusTime":1703372056483,"time":"2023-12-24T03:13:41.336Z","iobWithZeroTemp":{"iob":-1.303,"basaliob":-1.47,"bolussnooze":0,"activity":-0.01,"lastBolusTime":1703372056483,"time":"2023-12-24T03:13:41.336Z"}},{"iob":-0.085,"basaliob":-0.237,"bolussnooze":0,"activity":-7.0E-4,"lastBolusTime":1703372056483,"time":"2023-12-24T03:18:41.336Z","iobWithZeroTemp":{"iob":-1.331,"basaliob":-1.483,"bolussnooze":0,"activity":-0.0104,"lastBolusTime":1703372056483,"time":"2023-12-24T03:18:41.336Z"}},{"iob":-0.082,"basaliob":-0.22,"bolussnooze":0,"activity":-6.0E-4,"lastBolusTime":1703372056483,"time":"2023-12-24T03:23:41.336Z","iobWithZeroTemp":{"iob":-1.359,"basaliob":-1.497,"bolussnooze":0,"activity":-0.0107,"lastBolusTime":1703372056483,"time":"2023-12-24T03:23:41.336Z"}},{"iob":-0.079,"basaliob":-0.204,"bolussnooze":0,"activity":-7.0E-4,"lastBolusTime":1703372056483,"time":"2023-12-24T03:28:41.336Z","iobWithZeroTemp":{"iob":-1.384,"basaliob":-1.509,"bolussnooze":0,"activity":-0.0111,"lastBolusTime":1703372056483,"time":"2023-12-24T03:28:41.336Z"}},{"iob":-0.076,"basaliob":-0.189,"bolussnooze":0,"activity":-7.0E-4,"lastBolusTime":1703372056483,"time":"2023-12-24T03:33:41.336Z","iobWithZeroTemp":{"iob":-1.408,"basaliob":-1.521,"bolussnooze":0,"activity":-0.0115,"lastBolusTime":1703372056483,"time":"2023-12-24T03:33:41.336Z"}},{"iob":-0.072,"basaliob":-0.175,"bolussnooze":0,"activity":-7.0E-4,"lastBolusTime":1703372056483,"time":"2023-12-24T03:38:41.336Z","iobWithZeroTemp":{"iob":-1.43,"basaliob":-1.533,"bolussnooze":0,"activity":-0.0118,"lastBolusTime":1703372056483,"time":"2023-12-24T03:38:41.336Z"}},{"iob":-0.068,"basaliob":-0.161,"bolussnooze":0,"activity":-6.0E-4,"lastBolusTime":1703372056483,"time":"2023-12-24T03:43:41.336Z","iobWithZeroTemp":{"iob":-1.449,"basaliob":-1.542,"bolussnooze":0,"activity":-0.012,"lastBolusTime":1703372056483,"time":"2023-12-24T03:43:41.336Z"}},{"iob":-0.065,"basaliob":-0.149,"bolussnooze":0,"activity":-7.0E-4,"lastBolusTime":1703372056483,"time":"2023-12-24T03:48:41.336Z","iobWithZeroTemp":{"iob":-1.469,"basaliob":-1.553,"bolussnooze":0,"activity":-0.0124,"lastBolusTime":1703372056483,"time":"2023-12-24T03:48:41.336Z"}},{"iob":-0.062,"basaliob":-0.138,"bolussnooze":0,"activity":-6.0E-4,"lastBolusTime":1703372056483,"time":"2023-12-24T03:53:41.336Z","iobWithZeroTemp":{"iob":-1.487,"basaliob":-1.563,"bolussnooze":0,"activity":-0.0125,"lastBolusTime":1703372056483,"time":"2023-12-24T03:53:41.336Z"}},{"iob":-0.059,"basaliob":-0.127,"bolussnooze":0,"activity":-7.0E-4,"lastBolusTime":1703372056483,"time":"2023-12-24T03:58:41.336Z","iobWithZeroTemp":{"iob":-1.503,"basaliob":-1.571,"bolussnooze":0,"activity":-0.0129,"lastBolusTime":1703372056483,"time":"2023-12-24T03:58:41.336Z"}},{"iob":-0.055,"basaliob":-0.117,"bolussnooze":0,"activity":-6.0E-4,"lastBolusTime":1703372056483,"time":"2023-12-24T04:03:41.336Z","iobWithZeroTemp":{"iob":-1.516,"basaliob":-1.578,"bolussnooze":0,"activity":-0.0131,"lastBolusTime":1703372056483,"time":"2023-12-24T04:03:41.336Z"}},{"iob":-0.053,"basaliob":-0.108,"bolussnooze":0,"activity":-6.0E-4,"lastBolusTime":1703372056483,"time":"2023-12-24T04:08:41.336Z","iobWithZeroTemp":{"iob":-1.529,"basaliob":-1.584,"bolussnooze":0,"activity":-0.0133,"lastBolusTime":1703372056483,"time":"2023-12-24T04:08:41.336Z"}},{"iob":-0.049,"basaliob":-0.099,"bolussnooze":0,"activity":-6.0E-4,"lastBolusTime":1703372056483,"time":"2023-12-24T04:13:41.336Z","iobWithZeroTemp":{"iob":-1.539,"basaliob":-1.589,"bolussnooze":0,"activity":-0.0135,"lastBolusTime":1703372056483,"time":"2023-12-24T04:13:41.336Z"}},{"iob":-0.046,"basaliob":-0.091,"bolussnooze":0,"activity":-5.0E-4,"lastBolusTime":1703372056483,"time":"2023-12-24T04:18:41.336Z","iobWithZeroTemp":{"iob":-1.549,"basaliob":-1.594,"bolussnooze":0,"activity":-0.0136,"lastBolusTime":1703372056483,"time":"2023-12-24T04:18:41.336Z"}},{"iob":-0.044,"basaliob":-0.084,"bolussnooze":0,"activity":-5.0E-4,"lastBolusTime":1703372056483,"time":"2023-12-24T04:23:41.336Z","iobWithZeroTemp":{"iob":-1.559,"basaliob":-1.599,"bolussnooze":0,"activity":-0.0138,"lastBolusTime":1703372056483,"time":"2023-12-24T04:23:41.336Z"}},{"iob":-0.041,"basaliob":-0.077,"bolussnooze":0,"activity":-5.0E-4,"lastBolusTime":1703372056483,"time":"2023-12-24T04:28:41.336Z","iobWithZeroTemp":{"iob":-1.567,"basaliob":-1.603,"bolussnooze":0,"activity":-0.014,"lastBolusTime":1703372056483,"time":"2023-12-24T04:28:41.336Z"}},{"iob":-0.039,"basaliob":-0.071,"bolussnooze":0,"activity":-5.0E-4,"lastBolusTime":1703372056483,"time":"2023-12-24T04:33:41.336Z","iobWithZeroTemp":{"iob":-1.576,"basaliob":-1.608,"bolussnooze":0,"activity":-0.0141,"lastBolusTime":1703372056483,"time":"2023-12-24T04:33:41.336Z"}},{"iob":-0.036,"basaliob":-0.065,"bolussnooze":0,"activity":-4.0E-4,"lastBolusTime":1703372056483,"time":"2023-12-24T04:38:41.336Z","iobWithZeroTemp":{"iob":-1.582,"basaliob":-1.611,"bolussnooze":0,"activity":-0.0142,"lastBolusTime":1703372056483,"time":"2023-12-24T04:38:41.336Z"}},{"iob":-0.034,"basaliob":-0.06,"bolussnooze":0,"activity":-4.0E-4,"lastBolusTime":1703372056483,"time":"2023-12-24T04:43:41.336Z","iobWithZeroTemp":{"iob":-1.589,"basaliob":-1.615,"bolussnooze":0,"activity":-0.0143,"lastBolusTime":1703372056483,"time":"2023-12-24T04:43:41.336Z"}},{"iob":-0.032,"basaliob":-0.055,"bolussnooze":0,"activity":-5.0E-4,"lastBolusTime":1703372056483,"time":"2023-12-24T04:48:41.336Z","iobWithZeroTemp":{"iob":-1.595,"basaliob":-1.618,"bolussnooze":0,"activity":-0.0146,"lastBolusTime":1703372056483,"time":"2023-12-24T04:48:41.336Z"}},{"iob":-0.03,"basaliob":-0.05,"bolussnooze":0,"activity":-4.0E-4,"lastBolusTime":1703372056483,"time":"2023-12-24T04:53:41.336Z","iobWithZeroTemp":{"iob":-1.6,"basaliob":-1.62,"bolussnooze":0,"activity":-0.0146,"lastBolusTime":1703372056483,"time":"2023-12-24T04:53:41.336Z"}},{"iob":-0.028,"basaliob":-0.046,"bolussnooze":0,"activity":-4.0E-4,"lastBolusTime":1703372056483,"time":"2023-12-24T04:58:41.336Z","iobWithZeroTemp":{"iob":-1.605,"basaliob":-1.623,"bolussnooze":0,"activity":-0.0147,"lastBolusTime":1703372056483,"time":"2023-12-24T04:58:41.336Z"}},{"iob":-0.026,"basaliob":-0.042,"bolussnooze":0,"activity":-4.0E-4,"lastBolusTime":1703372056483,"time":"2023-12-24T05:03:41.336Z","iobWithZeroTemp":{"iob":-1.605,"basaliob":-1.621,"bolussnooze":0,"activity":-0.0148,"lastBolusTime":1703372056483,"time":"2023-12-24T05:03:41.336Z"}}],"profile":{"max_iob":15,"type":"current","max_daily_basal":0.96,"max_basal":2.88,"min_bg":99,"max_bg":99,"target_bg":99,"carb_ratio":7.142857142857142,"sens":38.57142857142857,"max_daily_safety_multiplier":3,"current_basal_safety_multiplier":4,"high_temptarget_raises_sensitivity":false,"low_temptarget_lowers_sensitivity":false,"sensitivity_raises_target":true,"resistance_lowers_target":true,"adv_target_adjustments":false,"exercise_mode":false,"half_basal_exercise_target":160,"maxCOB":120,"skip_neutral_temps":false,"remainingCarbsCap":90,"enableUAM":true,"A52_risk_enable":false,"SMBInterval":3,"enableSMB_with_COB":true,"enableSMB_with_temptarget":true,"allowSMB_with_high_temptarget":false,"enableSMB_always":false,"enableSMB_after_carbs":true,"maxSMBBasalMinutes":80,"maxUAMSMBBasalMinutes":60,"bolus_increment":0.05,"carbsReqThreshold":10,"current_basal":0.76,"temptargetSet":false,"autosens_max":1.2,"out_units":"mmol\/L"},"autosens_data":{"ratio":1},"meal_data":{"carbs":10,"mealCOB":0,"slopeFromMaxDeviation":-0.09125,"slopeFromMinDeviation":0.584,"lastBolusTime":1703372056483,"lastCarbTime":1703363714235},"microBolusAllowed":true,"currentTime":1703380123670,"flatBGsDetected":false},"output":{"temp":"absolute","bg":78,"tick":-3,"eventualBG":62,"targetBG":99,"insulinReq":0,"deliverAt":"2023-12-24T01:08:43.670Z","sensitivityRatio":1,"predBGs":{"IOB":[78,75,72,70,68,66,65,63,62,62,61,60,60,60,60,59,59,59,59,59,59,60,60,60,60,60,60,60,60,61,61,61,61,61,61,61,61,62],"ZT":[78,76,74,72,71,69,68,68,67,67,67,67,68,68,69,69,70,71,73,74,75,77,78,80,82,84,86,88,90,92,94,96,99]},"COB":0,"IOB":0.232,"reason":"COB: 0, Dev: -0.4, BGI: -0.1, ISF: 2.1, CR: 7.14, Target: 5.5, minPredBG 3.5, minGuardBG 3.3, IOBpredBG 3.4; minGuardBG 3.3<3.9","duration":90,"rate":0,"timestamp":"2023-12-24T01:08:43.836Z"}}