{"algorithm":"OpenAPSSMBPlugin","input":{"glucoseStatus":{"glucose":95,"noise":0,"delta":0,"short_avgdelta":0,"long_avgdelta":-0.18,"date":1703390891000},"currenttemp":{"temp":"absolute","duration":50,"rate":0.9359999999999999,"minutesrunning":10},"iob_data":[{"iob":-0.171,"basaliob":-0.602,"bolussnooze":0,"activity":-8.0E-4,"lastBolusTime":1703384655685,"time":"2023-12-24T04:08:42.712Z","iobWithZeroTemp":{"iob":-0.171,"basaliob":-0.602,"bolussnooze":0,"activity":-8.0E-4,"lastBolusTime":1703384655685,"time":"2023-12-24T04:08:42.712Z"}},{"iob":-0.167,"basaliob":-0.569,"bolussnooze":0,"activity":-9.0E-4,"lastBolusTime":1703384655685,"time":"2023-12-24T04:13:42.712Z","iobWithZeroTemp":{"iob":-0.245,"basaliob":-0.647,"bolussnooze":0,"activity":-0.001,"lastBolusTime":1703384655685,"time":"2023-12-24T04:13:42.712Z"}},{"iob":-0.162,"basaliob":-0.536,"bolussnooze":0,"activity":-9.0E-4,"lastBolusTime":1703384655685,"time":"2023-12-24T04:18:42.712Z","iobWithZeroTemp":{"iob":-0.337,"basaliob":-0.711,"bolussnooze":0,"activity":-0.0011,"lastBolusTime":1703384655685,"time":"2023-12-24T04:18:42.712Z"}},{"iob":-0.157,"basaliob":-0.505,"bolussnooze":0,"activity":-0.0011,"lastBolusTime":1703384655685,"time":"2023-12-24T04:23:42.712Z","iobWithZeroTemp":{"iob":-0.427,"basaliob":-0.775,"bolussnooze":0,"activity":-0.0016,"lastBolusTime":1703384655685,"time":"2023-12-24T04:23:42.712Z"}},{"iob":-0.152,"basaliob":-0.475,"bolussnooze":0,"activity":-0.0012,"lastBolusTime":1703384655685,"time":"2023-12-24T04:28:42.712Z","iobWithZeroTemp":{"iob":-0.516,"basaliob":-0.839,"bolussnooze":0,"activity":-0.0022,"lastBolusTime":1703384655685,"time":"2023-12-24T04:28:42.712Z"}},{"iob":-0.146,"basaliob":-0.446,"bolussnooze":0,"activity":-0.0011,"lastBolusTime":1703384655685,"time":"2023-12-24T04:33:42.712Z","iobWithZeroTemp":{"iob":-0.602,"basaliob":-0.902,"bolussnooze":0,"activity":-0.0025,"lastBolusTime":1703384655685,"time":"2023-12-24T04:33:42.712Z"}},{"iob":-0.14,"basaliob":-0.419,"bolussnooze":0,"activity":-0.0012,"lastBolusTime":1703384655685,"time":"2023-12-24T04:38:42.712Z","iobWithZeroTemp":{"iob":-0.685,"basaliob":-0.964,"bolussnooze":0,"activity":-0.0032,"lastBolusTime":1703384655685,"time":"2023-12-24T04:38:42.712Z"}},{"iob":-0.134,"basaliob":-0.393,"bolussnooze":0,"activity":-0.0012,"lastBolusTime":1703384655685,"time":"2023-12-24T04:43:42.712Z","iobWithZeroTemp":{"iob":-0.765,"basaliob":-1.024,"bolussnooze":0,"activity":-0.0038,"lastBolusTime":1703384655685,"time":"2023-12-24T04:43:42.712Z"}},{"iob":-0.128,"basaliob":-0.368,"bolussnooze":0,"activity":-0.0012,"lastBolusTime":1703384655685,"time":"2023-12-24T04:48:42.712Z","iobWithZeroTemp":{"iob":-0.842,"basaliob":-1.082,"bolussnooze":0,"activity":-0.0044,"lastBolusTime":1703384655685,"time":"2023-12-24T04:48:42.712Z"}},{"iob":-0.122,"basaliob":-0.344,"bolussnooze":0,"activity":-0.0012,"lastBolusTime":1703384655685,"time":"2023-12-24T04:53:42.712Z","iobWithZeroTemp":{"iob":-0.916,"basaliob":-1.138,"bolussnooze":0,"activity":-0.005,"lastBolusTime":1703384655685,"time":"2023-12-24T04:53:42.712Z"}},{"iob":-0.116,"basaliob":-0.321,"bolussnooze":0,"activity":-0.0012,"lastBolusTime":1703384655685,"time":"2023-12-24T04:58:42.712Z","iobWithZeroTemp":{"iob":-0.987,"basaliob":-1.192,"bolussnooze":0,"activity":-0.0057,"lastBolusTime":1703384655685,"time":"2023-12-24T04:58:42.712Z"}},{"iob":-0.11,"basaliob":-0.3,"bolussnooze":0,"activity":-0.0012,"lastBolusTime":1703384655685,"time":"2023-12-24T05:03:42.712Z","iobWithZeroTemp":{"iob":-1.049,"basaliob":-1.239,"bolussnooze":0,"activity":-0.0063,"lastBolusTime":1703384655685,"time":"2023-12-24T05:03:42.712Z"}},{"iob":-0.104,"basaliob":-0.28,"bolussnooze":0,"activity":-0.0011,"lastBolusTime":1703384655685,"time":"2023-12-24T05:08:42.712Z","iobWithZeroTemp":{"iob":-1.108,"basaliob":-1.284,"bolussnooze":0,"activity":-0.0069,"lastBolusTime":1703384655685,"time":"2023-12-24T05:08:42.712Z"}},{"iob":-0.099,"basaliob":-0.261,"bolussnooze":0,"activity":-0.0011,"lastBolusTime":1703384655685,"time":"2023-12-24T05:13:42.712Z","iobWithZeroTemp":{"iob":-1.164,"basaliob":-1.326,"bolussnooze":0,"activity":-0.0076,"lastBolusTime":1703384655685,"time":"2023-12-24T05:13:42.712Z"}},{"iob":-0.093,"basaliob":-0.243,"bolussnooze":0,"activity":-0.0011,"lastBolusTime":1703384655685,"time":"2023-12-24T05:18:42.712Z","iobWithZeroTemp":{"iob":-1.216,"basaliob":-1.366,"bolussnooze":0,"activity":-0.0082,"lastBolusTime":1703384655685,"time":"2023-12-24T05:18:42.712Z"}},{"iob":-0.088,"basaliob":-0.226,"bolussnooze":0,"activity":-0.0011,"lastBolusTime":1703384655685,"time":"2023-12-24T05:23:42.712Z","iobWithZeroTemp":{"iob":-1.266,"basaliob":-1.404,"bolussnooze":0,"activity":-0.0088,"lastBolusTime":1703384655685,"time":"2023-12-24T05:23:42.712Z"}},{"iob":-0.083,"basaliob":-0.21,"bolussnooze":0,"activity":-0.001,"lastBolusTime":1703384655685,"time":"2023-12-24T05:28:42.712Z","iobWithZeroTemp":{"iob":-1.313,"basaliob":-1.44,"bolussnooze":0,"activity":-0.0093,"lastBolusTime":1703384655685,"time":"2023-12-24T05:28:42.712Z"}},{"iob":-0.078,"basaliob":-0.195,"bolussnooze":0,"activity":-0.001,"lastBolusTime":1703384655685,"time":"2023-12-24T05:33:42.712Z","iobWithZeroTemp":{"iob":-1.357,"basaliob":-1.474,"bolussnooze":0,"activity":-0.0099,"lastBolusTime":1703384655685,"time":"2023-12-24T05:33:42.712Z"}},{"iob":-0.073,"basaliob":-0.181,"bolussnooze":0,"activity":-9.0E-4,"lastBolusTime":1703384655685,"time":"2023-12-24T05:38:42.712Z","iobWithZeroTemp":{"iob":-1.398,"basaliob":-1.506,"bolussnooze":0,"activity":-0.0103,"lastBolusTime":1703384655685,"time":"2023-12-24T05:38:42.712Z"}},{"iob":-0.068,"basaliob":-0.167,"bolussnooze":0,"activity":-8.0E-4,"lastBolusTime":1703384655685,"time":"2023-12-24T05:43:42.712Z","iobWithZeroTemp":{"iob":-1.437,"basaliob":-1.536,"bolussnooze":0,"activity":-0.0108,"lastBolusTime":1703384655685,"time":"2023-12-24T05:43:42.712Z"}},{"iob":-0.064,"basaliob":-0.155,"bolussnooze":0,"activity":-9.0E-4,"lastBolusTime":1703384655685,"time":"2023-12-24T05:48:42.712Z","iobWithZeroTemp":{"iob":-1.473,"basaliob":-1.564,"bolussnooze":0,"activity":-0.0114,"lastBolusTime":1703384655685,"time":"2023-12-24T05:48:42.712Z"}},{"iob":-0.06,"basaliob":-0.144,"bolussnooze":0,"activity":-8.0E-4,"lastBolusTime":1703384655685,"time":"2023-12-24T05:53:42.712Z","iobWithZeroTemp":{"iob":-1.508,"basaliob":-1.592,"bolussnooze":0,"activity":-0.0118,"lastBolusTime":1703384655685,"time":"2023-12-24T05:53:42.712Z"}},{"iob":-0.056,"basaliob":-0.133,"bolussnooze":0,"activity":-8.0E-4,"lastBolusTime":1703384655685,"time":"2023-12-24T05:58:42.712Z","iobWithZeroTemp":{"iob":-1.54,"basaliob":-1.617,"bolussnooze":0,"activity":-0.0122,"lastBolusTime":1703384655685,"time":"2023-12-24T05:58:42.712Z"}},{"iob":-0.052,"basaliob":-0.123,"bolussnooze":0,"activity":-7.0E-4,"lastBolusTime":1703384655685,"time":"2023-12-24T06:03:42.712Z","iobWithZeroTemp":{"iob":-1.56,"basaliob":-1.631,"bolussnooze":0,"activity":-0.0126,"lastBolusTime":1703384655685,"time":"2023-12-24T06:03:42.712Z"}},{"iob":-0.048,"basaliob":-0.113,"bolussnooze":0,"activity":-7.0E-4,"lastBolusTime":1703384655685,"time":"2023-12-24T06:08:42.712Z","iobWithZeroTemp":{"iob":-1.579,"basaliob":-1.644,"bolussnooze":0,"activity":-0.013,"lastBolusTime":1703384655685,"time":"2023-12-24T06:08:42.712Z"}},{"iob":-0.046,"basaliob":-0.105,"bolussnooze":0,"activity":-7.0E-4,"lastBolusTime":1703384655685,"time":"2023-12-24T06:13:42.712Z","iobWithZeroTemp":{"iob":-1.598,"basaliob":-1.657,"bolussnooze":0,"activity":-0.0133,"lastBolusTime":1703384655685,"time":"2023-12-24T06:13:42.712Z"}},{"iob":-0.043,"basaliob":-0.097,"bolussnooze":0,"activity":-6.0E-4,"lastBolusTime":1703384655685,"time":"2023-12-24T06:18:42.712Z","iobWithZeroTemp":{"iob":-1.614,"basaliob":-1.668,"bolussnooze":0,"activity":-0.0136,"lastBolusTime":1703384655685,"time":"2023-12-24T06:18:42.712Z"}},{"iob":-0.039,"basaliob":-0.089,"bolussnooze":0,"activity":-6.0E-4,"lastBolusTime":1703384655685,"time":"2023-12-24T06:23:42.712Z","iobWithZeroTemp":{"iob":-1.628,"basaliob":-1.678,"bolussnooze":0,"activity":-0.0139,"lastBolusTime":1703384655685,"time":"2023-12-24T06:23:42.712Z"}},{"iob":-0.036,"basaliob":-0.082,"bolussnooze":0,"activity":-6.0E-4,"lastBolusTime":1703384655685,"time":"2023-12-24T06:28:42.712Z","iobWithZeroTemp":{"iob":-1.641,"basaliob":-1.687,"bolussnooze":0,"activity":-0.0142,"lastBolusTime":1703384655685,"time":"2023-12-24T06:28:42.712Z"}},{"iob":-0.033,"basaliob":-0.075,"bolussnooze":0,"activity":-5.0E-4,"lastBolusTime":1703384655685,"time":"2023-12-24T06:33:42.712Z","iobWithZeroTemp":{"iob":-1.652,"basaliob":-1.694,"bolussnooze":0,"activity":-0.0144,"lastBolusTime":1703384655685,"time":"2023-12-24T06:33:42.712Z"}},{"iob":-0.031,"basaliob":-0.069,"bolussnooze":0,"activity":-5.0E-4,"lastBolusTime":1703384655685,"time":"2023-12-24T06:38:42.712Z","iobWithZeroTemp":{"iob":-1.664,"basaliob":-1.702,"bolussnooze":0,"activity":-0.0146,"lastBolusTime":1703384655685,"time":"2023-12-24T06:38:42.712Z"}},{"iob":-0.029,"basaliob":-0.064,"bolussnooze":0,"activity":-5.0E-4,"lastBolusTime":1703384655685,"time":"2023-12-24T06:43:42.712Z","iobWithZeroTemp":{"iob":-1.674,"basaliob":-1.709,"bolussnooze":0,"activity":-0.0148,"lastBolusTime":1703384655685,"time":"2023-12-24T06:43:42.712Z"}},{"iob":-0.027,"basaliob":-0.059,"bolussnooze":0,"activity":-4.0E-4,"lastBolusTime":1703384655685,"time":"2023-12-24T06:48:42.712Z","iobWithZeroTemp":{"iob":-1.683,"basaliob":-1.715,"bolussnooze":0,"activity":-0.0149,"lastBolusTime":1703384655685,"time":"2023-12-24T06:48:42.712Z"}},{"iob":-0.025,"basaliob":-0.054,"bolussnooze":0,"activity":-4.0E-4,"lastBolusTime":1703384655685,"time":"2023-12-24T06:53:42.712Z","iobWithZeroTemp":{"iob":-1.691,"basaliob":-1.72,"bolussnooze":0,"activity":-0.0151,"lastBolusTime":1703384655685,"time":"2023-12-24T06:53:42.712Z"}},{"iob":-0.023,"basaliob":-0.049,"bolussnooze":0,"activity":-4.0E-4,"lastBolusTime":1703384655685,"time":"2023-12-24T06:58:42.712Z","iobWithZeroTemp":{"iob":-1.698,"basaliob":-1.724,"bolussnooze":0,"activity":-0.0153,"lastBolusTime":1703384655685,"time":"2023-12-24T06:58:42.712Z"}},{"iob":-0.021,"basaliob":-0.045,"bolussnooze":0,"activity":-3.0E-4,"lastBolusTime":1703384655685,"time":"2023-12-24T07:03:42.712Z","iobWithZeroTemp":{"iob":-1.7,"basaliob":-1.724,"bolussnooze":0,"activity":-0.0153,"lastBolusTime":1703384655685,"time":"2023-12-24T07:03:42.712Z"}},{"iob":-0.019,"basaliob":-0.041,"bolussnooze":0,"activity":-3.0E-4,"lastBolusTime":1703384655685,"time":"2023-12-24T07:08:42.712Z","iobWithZeroTemp":{"iob":-1.701,"basaliob":-1.723,"bolussnooze":0,"activity":-0.0155,"lastBolusTime":1703384655685,"time":"2023-12-24T07:08:42.712Z"}},{"iob":-0.018,"basaliob":-0.038,"bolussnooze":0,"activity":-3.0E-4,"lastBolusTime":1703384655685,"time":"2023-12-24T07:13:42.712Z","iobWithZeroTemp":{"iob":-1.703,"basaliob":-1.723,"bolussnooze":0,"activity":-0.0156,"lastBolusTime":1703384655685,"time":"2023-12-24T07:13:42.712Z"}},{"iob":-0.017,"basaliob":-0.035,"bolussnooze":0,"activity":-3.0E-4,"lastBolusTime":1703384655685,"time":"2023-12-24T07:18:42.712Z","iobWithZeroTemp":{"iob":-1.704,"basaliob":-1.722,"bolussnooze":0,"activity":-0.0157,"lastBolusTime":1703384655685,"time":"2023-12-24T07:18:42.712Z"}},{"iob":-0.016,"basaliob":-0.032,"bolussnooze":0,"activity":-3.0E-4,"lastBolusTime":1703384655685,"time":"2023-12-24T07:23:42.712Z","iobWithZeroTemp":{"iob":-1.705,"basaliob":-1.721,"bolussnooze":0,"activity":-0.0158,"lastBolusTime":1703384655685,"time":"2023-12-24T07:23:42.712Z"}},{"iob":-0.014,"basaliob":-0.029,"bolussnooze":0,"activity":-2.0E-4,"lastBolusTime":1703384655685,"time":"2023-12-24T07:28:42.712Z","iobWithZeroTemp":{"iob":-1.704,"basaliob":-1.719,"bolussnooze":0,"activity":-0.0158,"lastBolusTime":1703384655685,"time":"2023-12-24T07:28:42.712Z"}},{"iob":-0.013,"basaliob":-0.026,"bolussnooze":0,"activity":-2.0E-4,"lastBolusTime":1703384655685,"time":"2023-12-24T07:33:42.712Z","iobWithZeroTemp":{"iob":-1.704,"basaliob":-1.717,"bolussnooze":0,"activity":-0.0158,"lastBolusTime":1703384655685,"time":"2023-12-24T07:33:42.712Z"}},{"iob":-0.012,"basaliob":-0.024,"bolussnooze":0,"activity":-2.0E-4,"lastBolusTime":1703384655685,"time":"2023-12-24T07:38:42.712Z","iobWithZeroTemp":{"iob":-1.703,"basaliob":-1.715,"bolussnooze":0,"activity":-0.0159,"lastBolusTime":1703384655685,"time":"2023-12-24T07:38:42.712Z"}},{"iob":-0.011,"basaliob":-0.022,"bolussnooze":0,"activity":-2.0E-4,"lastBolusTime":1703384655685,"time":"2023-12-24T07:43:42.712Z","iobWithZeroTemp":{"iob":-1.702,"basaliob":-1.713,"bolussnooze":0,"activity":-0.0159,"lastBolusTime":1703384655685,"time":"2023-12-24T07:43:42.712Z"}},{"iob":-0.01,"basaliob":-0.02,"bolussnooze":0,"activity":-2.0E-4,"lastBolusTime":1703384655685,"time":"2023-12-24T07:48:42.712Z","iobWithZeroTemp":{"iob":-1.701,"basaliob":-1.711,"bolussnooze":0,"activity":-0.016,"lastBolusTime":1703384655685,"time":"2023-12-24T07:48:42.712Z"}},{"iob":-0.009,"basaliob":-0.018,"bolussnooze":0,"activity":-1.0E-4,"lastBolusTime":1703384655685,"time":"2023-12-24T07:53:42.712Z","iobWithZeroTemp":{"iob":-1.7,"basaliob":-1.709,"bolussnooze":0,"activity":-0.0159,"lastBolusTime":1703384655685,"time":"2023-12-24T07:53:42.712Z"}},{"iob":-0.008,"basaliob":-0.016,"bolussnooze":0,"activity":-1.0E-4,"lastBolusTime":1703384655685,"time":"2023-12-24T07:58:42.712Z","iobWithZeroTemp":{"iob":-1.699,"basaliob":-1.707,"bolussnooze":0,"activity":-0.0159,"lastBolusTime":1703384655685,"time":"2023-12-24T07:58:42.712Z"}},{"iob":-0.008,"basaliob":-0.015,"bolussnooze":0,"activity":-1.0E-4,"lastBolusTime":1703384655685,"time":"2023-12-24T08:03:42.712Z","iobWithZeroTemp":{"iob":-1.695,"basaliob":-1.702,"bolussnooze":0,"activity":-0.016,"lastBolusTime":1703384655685,"time":"2023-12-24T08:03:42.712Z"}}],"profile":{"max_iob":15,"type":"current","max_daily_basal":1.2,"max_basal":3.59,"min_bg":99,"max_bg":99,"target_bg":99,"carb_ratio":4.285714285714286,"sens":30.857142857142854,"max_daily_safety_multiplier":3,"current_basal_safety_multiplier":4,"high_temptarget_raises_sensitivity":false,"low_temptarget_lowers_sensitivity":false,"sensitivity_raises_target":true,"resistance_lowers_target":true,"adv_target_adjustments":false,"exercise_mode":false,"half_basal_exercise_target":160,"maxCOB":120,"skip_neutral_temps":false,"remainingCarbsCap":90,"enableUAM":true,"A52_risk_enable":false,"SMBInterval":3,"enableSMB_with_COB":true,"enableSMB_with_temptarget":true,"allowSMB_with_high_temptarget":false,"enableSMB_always":false,"enableSMB_after_carbs":true,"maxSMBBasalMinutes":80,"maxUAMSMBBasalMinutes":60,"bolus_increment":0.05,"carbsReqThreshold":10,"current_basal":1.17,"temptargetSet":false,"autosens_max":1.2,"out_units":"mmol\/L"},"autosens_data":{"ratio":1},"meal_data":{"carbs":0,"mealCOB":0,"slopeFromMaxDeviation":-0.10625000000000001,"slopeFromMinDeviation":0.016857142857142866,"lastBolusTime":1703384655685,"lastCarbTime":0},"microBolusAllowed":true,"currentTime":1703390924868,"flatBGsDetected":false},"output":{"temp":"absolute","bg":95,"tick":"+0","eventualBG":98,"targetBG":99,"insulinReq":0,"deliverAt":"2023-12-24T04:08:44.868Z","sensitivityRatio":1,"predBGs":{"IOB":[95,95,95,95,95,95,96,96,96,96,96,96,97,97,97,97,97,97,98,98,98,98,98,98,98,98,98,99,99,99,99,99,99,99,99,99,99,99,99,99,99,99,99,100],"ZT":[95,95,95,95,96,96,96,97,98,98,99]},"COB":0,"IOB":-0.171,"reason":"COB: 0, Dev: -0.1, BGI: 0.0, ISF: 1.7, CR: 4.29, Target: 5.5, minPredBG 5.4, minGuardBG 5.3, IOBpredBG 5.6; Eventual BG 5.4 < 5.5, temp 0.9359999999999999 ~< req 1.05U\/hr. ","timestamp":"2023-12-24T04:08:45.016Z"}}