{"algorithm":"OpenAPSSMBPlugin","input":{"glucoseStatus":{"glucose":211,"noise":0,"delta":-4,"short_avgdelta":-2.94,"long_avgdelta":-0.81,"date":1703368089000},"currenttemp":{"temp":"absolute","duration":50,"rate":0,"minutesrunning":10},"iob_data":[{"iob":6.684,"basaliob":-1.29,"bolussnooze":0.0022,"activity":0.0702,"lastBolusTime":1703366356569,"time":"2023-12-23T21:48:40.909Z","iobWithZeroTemp":{"iob":6.684,"basaliob":-1.29,"bolussnooze":0.0022,"activity":0.0702,"lastBolusTime":1703366356569,"time":"2023-12-23T21:48:40.909Z"}},{"iob":6.336,"basaliob":-1.233,"bolussnooze":0.0013,"activity":0.0687,"lastBolusTime":1703366356569,"time":"2023-12-23T21:53:40.909Z","iobWithZeroTemp":{"iob":6.276,"basaliob":-1.293,"bolussnooze":0.0013,"activity":0.0687,"lastBolusTime":1703366356569,"time":"2023-12-23T21:53:40.909Z"}},{"iob":5.998,"basaliob":-1.175,"bolussnooze":7.0E-4,"activity":0.067,"lastBolusTime":1703366356569,"time":"2023-12-23T21:58:40.909Z","iobWithZeroTemp":{"iob":5.864,"basaliob":-1.309,"bolussnooze":7.0E-4,"activity":0.0668,"lastBolusTime":1703366356569,"time":"2023-12-23T21:58:40.909Z"}},{"iob":5.667,"basaliob":-1.119,"bolussnooze":3.0E-4,"activity":0.0651,"lastBolusTime":1703366356569,"time":"2023-12-23T22:03:40.909Z","iobWithZeroTemp":{"iob":5.467,"basaliob":-1.319,"bolussnooze":3.0E-4,"activity":0.0647,"lastBolusTime":1703366356569,"time":"2023-12-23T22:03:40.909Z"}},{"iob":5.347,"basaliob":-1.062,"bolussnooze":1.0E-4,"activity":0.0629,"lastBolusTime":1703366356569,"time":"2023-12-23T22:08:40.909Z","iobWithZeroTemp":{"iob":5.083,"basaliob":-1.326,"bolussnooze":1.0E-4,"activity":0.0622,"lastBolusTime":1703366356569,"time":"2023-12-23T22:08:40.909Z"}},{"iob":5.038,"basaliob":-1.007,"bolussnooze":0,"activity":0.0607,"lastBolusTime":1703366356569,"time":"2023-12-23T22:13:40.909Z","iobWithZeroTemp":{"iob":4.711,"basaliob":-1.334,"bolussnooze":0,"activity":0.0596,"lastBolusTime":1703366356569,"time":"2023-12-23T22:13:40.909Z"}},{"iob":4.741,"basaliob":-0.953,"bolussnooze":0,"activity":0.0583,"lastBolusTime":1703366356569,"time":"2023-12-23T22:18:40.909Z","iobWithZeroTemp":{"iob":4.354,"basaliob":-1.34,"bolussnooze":0,"activity":0.0569,"lastBolusTime":1703366356569,"time":"2023-12-23T22:18:40.909Z"}},{"iob":4.456,"basaliob":-0.9,"bolussnooze":0,"activity":0.0558,"lastBolusTime":1703366356569,"time":"2023-12-23T22:23:40.909Z","iobWithZeroTemp":{"iob":4.01,"basaliob":-1.346,"bolussnooze":0,"activity":0.054,"lastBolusTime":1703366356569,"time":"2023-12-23T22:23:40.909Z"}},{"iob":4.183,"basaliob":-0.849,"bolussnooze":0,"activity":0.0534,"lastBolusTime":1703366356569,"time":"2023-12-23T22:28:40.909Z","iobWithZeroTemp":{"iob":3.68,"basaliob":-1.352,"bolussnooze":0,"activity":0.0511,"lastBolusTime":1703366356569,"time":"2023-12-23T22:28:40.909Z"}},{"iob":3.921,"basaliob":-0.8,"bolussnooze":0,"activity":0.0509,"lastBolusTime":1703366356569,"time":"2023-12-23T22:33:40.909Z","iobWithZeroTemp":{"iob":3.364,"basaliob":-1.357,"bolussnooze":0,"activity":0.0482,"lastBolusTime":1703366356569,"time":"2023-12-23T22:33:40.909Z"}},{"iob":3.672,"basaliob":-0.753,"bolussnooze":0,"activity":0.0485,"lastBolusTime":1703366356569,"time":"2023-12-23T22:38:40.909Z","iobWithZeroTemp":{"iob":3.063,"basaliob":-1.362,"bolussnooze":0,"activity":0.0453,"lastBolusTime":1703366356569,"time":"2023-12-23T22:38:40.909Z"}},{"iob":3.435,"basaliob":-0.708,"bolussnooze":0,"activity":0.0461,"lastBolusTime":1703366356569,"time":"2023-12-23T22:43:40.909Z","iobWithZeroTemp":{"iob":2.777,"basaliob":-1.366,"bolussnooze":0,"activity":0.0425,"lastBolusTime":1703366356569,"time":"2023-12-23T22:43:40.909Z"}},{"iob":3.211,"basaliob":-0.664,"bolussnooze":0,"activity":0.0437,"lastBolusTime":1703366356569,"time":"2023-12-23T22:48:40.909Z","iobWithZeroTemp":{"iob":2.505,"basaliob":-1.37,"bolussnooze":0,"activity":0.0396,"lastBolusTime":1703366356569,"time":"2023-12-23T22:48:40.909Z"}},{"iob":2.998,"basaliob":-0.623,"bolussnooze":0,"activity":0.0414,"lastBolusTime":1703366356569,"time":"2023-12-23T22:53:40.909Z","iobWithZeroTemp":{"iob":2.247,"basaliob":-1.374,"bolussnooze":0,"activity":0.0369,"lastBolusTime":1703366356569,"time":"2023-12-23T22:53:40.909Z"}},{"iob":2.797,"basaliob":-0.583,"bolussnooze":0,"activity":0.0391,"lastBolusTime":1703366356569,"time":"2023-12-23T22:58:40.909Z","iobWithZeroTemp":{"iob":2.003,"basaliob":-1.377,"bolussnooze":0,"activity":0.0341,"lastBolusTime":1703366356569,"time":"2023-12-23T22:58:40.909Z"}},{"iob":2.608,"basaliob":-0.545,"bolussnooze":0,"activity":0.0369,"lastBolusTime":1703366356569,"time":"2023-12-23T23:03:40.909Z","iobWithZeroTemp":{"iob":1.774,"basaliob":-1.379,"bolussnooze":0,"activity":0.0315,"lastBolusTime":1703366356569,"time":"2023-12-23T23:03:40.909Z"}},{"iob":2.428,"basaliob":-0.51,"bolussnooze":0,"activity":0.0348,"lastBolusTime":1703366356569,"time":"2023-12-23T23:08:40.909Z","iobWithZeroTemp":{"iob":1.555,"basaliob":-1.383,"bolussnooze":0,"activity":0.0289,"lastBolusTime":1703366356569,"time":"2023-12-23T23:08:40.909Z"}},{"iob":2.259,"basaliob":-0.476,"bolussnooze":0,"activity":0.0327,"lastBolusTime":1703366356569,"time":"2023-12-23T23:13:40.909Z","iobWithZeroTemp":{"iob":1.35,"basaliob":-1.385,"bolussnooze":0,"activity":0.0264,"lastBolusTime":1703366356569,"time":"2023-12-23T23:13:40.909Z"}},{"iob":2.1,"basaliob":-0.444,"bolussnooze":0,"activity":0.0308,"lastBolusTime":1703366356569,"time":"2023-12-23T23:18:40.909Z","iobWithZeroTemp":{"iob":1.157,"basaliob":-1.387,"bolussnooze":0,"activity":0.0241,"lastBolusTime":1703366356569,"time":"2023-12-23T23:18:40.909Z"}},{"iob":1.951,"basaliob":-0.414,"bolussnooze":0,"activity":0.0289,"lastBolusTime":1703366356569,"time":"2023-12-23T23:23:40.909Z","iobWithZeroTemp":{"iob":0.975,"basaliob":-1.39,"bolussnooze":0,"activity":0.0218,"lastBolusTime":1703366356569,"time":"2023-12-23T23:23:40.909Z"}},{"iob":1.811,"basaliob":-0.385,"bolussnooze":0,"activity":0.0272,"lastBolusTime":1703366356569,"time":"2023-12-23T23:28:40.909Z","iobWithZeroTemp":{"iob":0.805,"basaliob":-1.391,"bolussnooze":0,"activity":0.0198,"lastBolusTime":1703366356569,"time":"2023-12-23T23:28:40.909Z"}},{"iob":1.68,"basaliob":-0.358,"bolussnooze":0,"activity":0.0254,"lastBolusTime":1703366356569,"time":"2023-12-23T23:33:40.909Z","iobWithZeroTemp":{"iob":0.645,"basaliob":-1.393,"bolussnooze":0,"activity":0.0176,"lastBolusTime":1703366356569,"time":"2023-12-23T23:33:40.909Z"}},{"iob":1.557,"basaliob":-0.333,"bolussnooze":0,"activity":0.0238,"lastBolusTime":1703366356569,"time":"2023-12-23T23:38:40.909Z","iobWithZeroTemp":{"iob":0.495,"basaliob":-1.395,"bolussnooze":0,"activity":0.0157,"lastBolusTime":1703366356569,"time":"2023-12-23T23:38:40.909Z"}},{"iob":1.442,"basaliob":-0.309,"bolussnooze":0,"activity":0.0222,"lastBolusTime":1703366356569,"time":"2023-12-23T23:43:40.909Z","iobWithZeroTemp":{"iob":0.355,"basaliob":-1.396,"bolussnooze":0,"activity":0.0137,"lastBolusTime":1703366356569,"time":"2023-12-23T23:43:40.909Z"}},{"iob":1.334,"basaliob":-0.287,"bolussnooze":0,"activity":0.0208,"lastBolusTime":1703366356569,"time":"2023-12-23T23:48:40.909Z","iobWithZeroTemp":{"iob":0.224,"basaliob":-1.397,"bolussnooze":0,"activity":0.012,"lastBolusTime":1703366356569,"time":"2023-12-23T23:48:40.909Z"}},{"iob":1.234,"basaliob":-0.266,"bolussnooze":0,"activity":0.0194,"lastBolusTime":1703366356569,"time":"2023-12-23T23:53:40.909Z","iobWithZeroTemp":{"iob":0.102,"basaliob":-1.398,"bolussnooze":0,"activity":0.0103,"lastBolusTime":1703366356569,"time":"2023-12-23T23:53:40.909Z"}},{"iob":1.14,"basaliob":-0.247,"bolussnooze":0,"activity":0.0181,"lastBolusTime":1703366356569,"time":"2023-12-23T23:58:40.909Z","iobWithZeroTemp":{"iob":-0.013,"basaliob":-1.4,"bolussnooze":0,"activity":0.0087,"lastBolusTime":1703366356569,"time":"2023-12-23T23:58:40.909Z"}},{"iob":1.053,"basaliob":-0.228,"bolussnooze":0,"activity":0.0169,"lastBolusTime":1703366356569,"time":"2023-12-24T00:03:40.909Z","iobWithZeroTemp":{"iob":-0.124,"basaliob":-1.405,"bolussnooze":0,"activity":0.0073,"lastBolusTime":1703366356569,"time":"2023-12-24T00:03:40.909Z"}},{"iob":0.972,"basaliob":-0.211,"bolussnooze":0,"activity":0.0157,"lastBolusTime":1703366356569,"time":"2023-12-24T00:08:40.909Z","iobWithZeroTemp":{"iob":-0.227,"basaliob":-1.41,"bolussnooze":0,"activity":0.0058,"lastBolusTime":1703366356569,"time":"2023-12-24T00:08:40.909Z"}},{"iob":0.896,"basaliob":-0.195,"bolussnooze":0,"activity":0.0146,"lastBolusTime":1703366356569,"time":"2023-12-24T00:13:40.909Z","iobWithZeroTemp":{"iob":-0.323,"basaliob":-1.414,"bolussnooze":0,"activity":0.0045,"lastBolusTime":1703366356569,"time":"2023-12-24T00:13:40.909Z"}},{"iob":0.826,"basaliob":-0.18,"bolussnooze":0,"activity":0.0135,"lastBolusTime":1703366356569,"time":"2023-12-24T00:18:40.909Z","iobWithZeroTemp":{"iob":-0.413,"basaliob":-1.419,"bolussnooze":0,"activity":0.0031,"lastBolusTime":1703366356569,"time":"2023-12-24T00:18:40.909Z"}},{"iob":0.76,"basaliob":-0.167,"bolussnooze":0,"activity":0.0126,"lastBolusTime":1703366356569,"time":"2023-12-24T00:23:40.909Z","iobWithZeroTemp":{"iob":-0.497,"basaliob":-1.424,"bolussnooze":0,"activity":0.002,"lastBolusTime":1703366356569,"time":"2023-12-24T00:23:40.909Z"}},{"iob":0.699,"basaliob":-0.154,"bolussnooze":0,"activity":0.0117,"lastBolusTime":1703366356569,"time":"2023-12-24T00:28:40.909Z","iobWithZeroTemp":{"iob":-0.576,"basaliob":-1.429,"bolussnooze":0,"activity":9.0E-4,"lastBolusTime":1703366356569,"time":"2023-12-24T00:28:40.909Z"}},{"iob":0.643,"basaliob":-0.142,"bolussnooze":0,"activity":0.0109,"lastBolusTime":1703366356569,"time":"2023-12-24T00:33:40.909Z","iobWithZeroTemp":{"iob":-0.648,"basaliob":-1.433,"bolussnooze":0,"activity":-1.0E-4,"lastBolusTime":1703366356569,"time":"2023-12-24T00:33:40.909Z"}},{"iob":0.591,"basaliob":-0.131,"bolussnooze":0,"activity":0.0101,"lastBolusTime":1703366356569,"time":"2023-12-24T00:38:40.909Z","iobWithZeroTemp":{"iob":-0.715,"basaliob":-1.437,"bolussnooze":0,"activity":-0.0011,"lastBolusTime":1703366356569,"time":"2023-12-24T00:38:40.909Z"}},{"iob":0.543,"basaliob":-0.12,"bolussnooze":0,"activity":0.0093,"lastBolusTime":1703366356569,"time":"2023-12-24T00:43:40.909Z","iobWithZeroTemp":{"iob":-0.777,"basaliob":-1.44,"bolussnooze":0,"activity":-0.0021,"lastBolusTime":1703366356569,"time":"2023-12-24T00:43:40.909Z"}},{"iob":0.498,"basaliob":-0.111,"bolussnooze":0,"activity":0.0086,"lastBolusTime":1703366356569,"time":"2023-12-24T00:48:40.909Z","iobWithZeroTemp":{"iob":-0.836,"basaliob":-1.445,"bolussnooze":0,"activity":-0.003,"lastBolusTime":1703366356569,"time":"2023-12-24T00:48:40.909Z"}},{"iob":0.456,"basaliob":-0.102,"bolussnooze":0,"activity":0.008,"lastBolusTime":1703366356569,"time":"2023-12-24T00:53:40.909Z","iobWithZeroTemp":{"iob":-0.89,"basaliob":-1.448,"bolussnooze":0,"activity":-0.0038,"lastBolusTime":1703366356569,"time":"2023-12-24T00:53:40.909Z"}},{"iob":0.419,"basaliob":-0.093,"bolussnooze":0,"activity":0.0073,"lastBolusTime":1703366356569,"time":"2023-12-24T00:58:40.909Z","iobWithZeroTemp":{"iob":-0.939,"basaliob":-1.451,"bolussnooze":0,"activity":-0.0046,"lastBolusTime":1703366356569,"time":"2023-12-24T00:58:40.909Z"}},{"iob":0.383,"basaliob":-0.086,"bolussnooze":0,"activity":0.0068,"lastBolusTime":1703366356569,"time":"2023-12-24T01:03:40.909Z","iobWithZeroTemp":{"iob":-0.993,"basaliob":-1.462,"bolussnooze":0,"activity":-0.0053,"lastBolusTime":1703366356569,"time":"2023-12-24T01:03:40.909Z"}},{"iob":0.35,"basaliob":-0.079,"bolussnooze":0,"activity":0.0062,"lastBolusTime":1703366356569,"time":"2023-12-24T01:08:40.909Z","iobWithZeroTemp":{"iob":-1.044,"basaliob":-1.473,"bolussnooze":0,"activity":-0.0061,"lastBolusTime":1703366356569,"time":"2023-12-24T01:08:40.909Z"}},{"iob":0.32,"basaliob":-0.072,"bolussnooze":0,"activity":0.0057,"lastBolusTime":1703366356569,"time":"2023-12-24T01:13:40.909Z","iobWithZeroTemp":{"iob":-1.091,"basaliob":-1.483,"bolussnooze":0,"activity":-0.0067,"lastBolusTime":1703366356569,"time":"2023-12-24T01:13:40.909Z"}},{"iob":0.293,"basaliob":-0.066,"bolussnooze":0,"activity":0.0053,"lastBolusTime":1703366356569,"time":"2023-12-24T01:18:40.909Z","iobWithZeroTemp":{"iob":-1.134,"basaliob":-1.493,"bolussnooze":0,"activity":-0.0073,"lastBolusTime":1703366356569,"time":"2023-12-24T01:18:40.909Z"}},{"iob":0.268,"basaliob":-0.06,"bolussnooze":0,"activity":0.0049,"lastBolusTime":1703366356569,"time":"2023-12-24T01:23:40.909Z","iobWithZeroTemp":{"iob":-1.175,"basaliob":-1.503,"bolussnooze":0,"activity":-0.0078,"lastBolusTime":1703366356569,"time":"2023-12-24T01:23:40.909Z"}},{"iob":0.244,"basaliob":-0.055,"bolussnooze":0,"activity":0.0045,"lastBolusTime":1703366356569,"time":"2023-12-24T01:28:40.909Z","iobWithZeroTemp":{"iob":-1.213,"basaliob":-1.512,"bolussnooze":0,"activity":-0.0084,"lastBolusTime":1703366356569,"time":"2023-12-24T01:28:40.909Z"}},{"iob":0.221,"basaliob":-0.051,"bolussnooze":0,"activity":0.0042,"lastBolusTime":1703366356569,"time":"2023-12-24T01:33:40.909Z","iobWithZeroTemp":{"iob":-1.25,"basaliob":-1.522,"bolussnooze":0,"activity":-0.0088,"lastBolusTime":1703366356569,"time":"2023-12-24T01:33:40.909Z"}},{"iob":0.202,"basaliob":-0.046,"bolussnooze":0,"activity":0.0038,"lastBolusTime":1703366356569,"time":"2023-12-24T01:38:40.909Z","iobWithZeroTemp":{"iob":-1.283,"basaliob":-1.531,"bolussnooze":0,"activity":-0.0094,"lastBolusTime":1703366356569,"time":"2023-12-24T01:38:40.909Z"}},{"iob":0.184,"basaliob":-0.042,"bolussnooze":0,"activity":0.0035,"lastBolusTime":1703366356569,"time":"2023-12-24T01:43:40.909Z","iobWithZeroTemp":{"iob":-1.313,"basaliob":-1.539,"bolussnooze":0,"activity":-0.0098,"lastBolusTime":1703366356569,"time":"2023-12-24T01:43:40.909Z"}}],"profile":{"max_iob":15,"type":"current","max_daily_basal":1.2,"max_basal":3.59,"min_bg":90,"max_bg":90,"target_bg":90,"carb_ratio":4.761904761904762,"sens":27.428571428571427,"max_daily_safety_multiplier":3,"current_basal_safety_multiplier":4,"high_temptarget_raises_sensitivity":false,"low_temptarget_lowers_sensitivity":false,"sensitivity_raises_target":true,"resistance_lowers_target":true,"adv_target_adjustments":false,"exercise_mode":false,"half_basal_exercise_target":160,"maxCOB":120,"skip_neutral_temps":false,"remainingCarbsCap":90,"enableUAM":true,"A52_risk_enable":false,"SMBInterval":3,"enableSMB_with_COB":true,"enableSMB_with_temptarget":true,"allowSMB_with_high_temptarget":false,"enableSMB_always":false,"enableSMB_after_carbs":true,"maxSMBBasalMinutes":80,"maxUAMSMBBasalMinutes":60,"bolus_increment":0.05,"carbsReqThreshold":10,"current_basal":0.9,"temptargetSet":true,"autosens_max":1.2,"out_units":"mmol\/L"},"autosens_data":{"ratio":1},"meal_data":{"carbs":70,"mealCOB":0,"slopeFromMaxDeviation":-1.1185,"slopeFromMinDeviation":0.3059090909090909,"lastBolusTime":1703366356569,"lastCarbTime":1703363714235},"microBolusAllowed":true,"currentTime":1703368123814,"flatBGsDetected":false},"output":{"temp":"absolute","bg":211,"tick":-4,"eventualBG":62,"targetBG":90,"insulinReq":0,"deliverAt":"2023-12-23T21:48:43.814Z","sensitivityRatio":1,"predBGs":{"IOB":[211,207,202,197,192,186,181,175,169,163,157,151,145,139,133,128,123,118,114,109,105,102,98,95,92,89,86,84,82,79,77,76,74,72,71,69,68,67,66,65,64,63,62,61,61,60,60,59],"ZT":[211,201,192,183,174,165,157,149,142,135,128,122,116,111,106,101,97,93,89,86,83,80,78,76,74,72,71,70,69,68,67,67,67,66,66,67,67,67,68,68,69,70,71,72,73,74,75,77],"UAM":[211,206,200,193,185,176,168,160,153,145,138,132,125,119,114,108,103,98,94,90,86,82,79,75,72,69,67,64,62,60,58,56,54,53,51,50,48,47,46,45,44,43,43,42,41,41,40,39]},"COB":0,"IOB":6.684,"reason":"COB: 0, Dev: 1.9, BGI: -0.5, ISF: 1.5, CR: 4.76, Target: 5.0, minPredBG 2.9, minGuardBG 2.2, IOBpredBG 3.3, UAMpredBG 2.2; minGuardBG 2.2<3.6","duration":120,"rate":0,"timestamp":"2023-12-23T21:48:43.994Z"}}