{"algorithm":"OpenAPSSMBPlugin","input":{"glucoseStatus":{"glucose":169,"noise":0,"delta":-3,"short_avgdelta":-1.61,"long_avgdelta":2.32,"date":1703428092000},"currenttemp":{"temp":"absolute","duration":35,"rate":0,"minutesrunning":25},"iob_data":[{"iob":7.171,"basaliob":-1.326,"bolussnooze":0.0075,"activity":0.0602,"lastBolusTime":1703427549871,"time":"2023-12-24T14:28:43.294Z","iobWithZeroTemp":{"iob":7.171,"basaliob":-1.326,"bolussnooze":0.0075,"activity":0.0602,"lastBolusTime":1703427549871,"time":"2023-12-24T14:28:43.294Z"}},{"iob":6.867,"basaliob":-1.26,"bolussnooze":0.0047,"activity":0.0612,"lastBolusTime":1703427549871,"time":"2023-12-24T14:33:43.294Z","iobWithZeroTemp":{"iob":6.797,"basaliob":-1.33,"bolussnooze":0.0047,"activity":0.0612,"lastBolusTime":1703427549871,"time":"2023-12-24T14:33:43.294Z"}},{"iob":6.56,"basaliob":-1.194,"bolussnooze":0.0029,"activity":0.0615,"lastBolusTime":1703427549871,"time":"2023-12-24T14:38:43.294Z","iobWithZeroTemp":{"iob":6.404,"basaliob":-1.35,"bolussnooze":0.0029,"activity":0.0613,"lastBolusTime":1703427549871,"time":"2023-12-24T14:38:43.294Z"}},{"iob":6.253,"basaliob":-1.13,"bolussnooze":0.0017,"activity":0.0615,"lastBolusTime":1703427549871,"time":"2023-12-24T14:43:43.294Z","iobWithZeroTemp":{"iob":6.011,"basaliob":-1.372,"bolussnooze":0.0017,"activity":0.061,"lastBolusTime":1703427549871,"time":"2023-12-24T14:43:43.294Z"}},{"iob":5.947,"basaliob":-1.068,"bolussnooze":0.001,"activity":0.0608,"lastBolusTime":1703427549871,"time":"2023-12-24T14:48:43.294Z","iobWithZeroTemp":{"iob":5.622,"basaliob":-1.393,"bolussnooze":0.001,"activity":0.06,"lastBolusTime":1703427549871,"time":"2023-12-24T14:48:43.294Z"}},{"iob":5.644,"basaliob":-1.008,"bolussnooze":6.0E-4,"activity":0.0598,"lastBolusTime":1703427549871,"time":"2023-12-24T14:53:43.294Z","iobWithZeroTemp":{"iob":5.237,"basaliob":-1.415,"bolussnooze":6.0E-4,"activity":0.0585,"lastBolusTime":1703427549871,"time":"2023-12-24T14:53:43.294Z"}},{"iob":5.349,"basaliob":-0.949,"bolussnooze":3.0E-4,"activity":0.0586,"lastBolusTime":1703427549871,"time":"2023-12-24T14:58:43.294Z","iobWithZeroTemp":{"iob":4.862,"basaliob":-1.436,"bolussnooze":3.0E-4,"activity":0.0568,"lastBolusTime":1703427549871,"time":"2023-12-24T14:58:43.294Z"}},{"iob":5.06,"basaliob":-0.893,"bolussnooze":1.0E-4,"activity":0.057,"lastBolusTime":1703427549871,"time":"2023-12-24T15:03:43.294Z","iobWithZeroTemp":{"iob":4.505,"basaliob":-1.448,"bolussnooze":1.0E-4,"activity":0.0547,"lastBolusTime":1703427549871,"time":"2023-12-24T15:03:43.294Z"}},{"iob":4.779,"basaliob":-0.839,"bolussnooze":1.0E-4,"activity":0.0553,"lastBolusTime":1703427549871,"time":"2023-12-24T15:08:43.294Z","iobWithZeroTemp":{"iob":4.159,"basaliob":-1.459,"bolussnooze":1.0E-4,"activity":0.0525,"lastBolusTime":1703427549871,"time":"2023-12-24T15:08:43.294Z"}},{"iob":4.507,"basaliob":-0.788,"bolussnooze":0,"activity":0.0534,"lastBolusTime":1703427549871,"time":"2023-12-24T15:13:43.294Z","iobWithZeroTemp":{"iob":3.824,"basaliob":-1.471,"bolussnooze":0,"activity":0.05,"lastBolusTime":1703427549871,"time":"2023-12-24T15:13:43.294Z"}},{"iob":4.245,"basaliob":-0.738,"bolussnooze":0,"activity":0.0515,"lastBolusTime":1703427549871,"time":"2023-12-24T15:18:43.294Z","iobWithZeroTemp":{"iob":3.502,"basaliob":-1.481,"bolussnooze":0,"activity":0.0476,"lastBolusTime":1703427549871,"time":"2023-12-24T15:18:43.294Z"}},{"iob":3.993,"basaliob":-0.691,"bolussnooze":0,"activity":0.0494,"lastBolusTime":1703427549871,"time":"2023-12-24T15:23:43.294Z","iobWithZeroTemp":{"iob":3.193,"basaliob":-1.491,"bolussnooze":0,"activity":0.0449,"lastBolusTime":1703427549871,"time":"2023-12-24T15:23:43.294Z"}},{"iob":3.751,"basaliob":-0.647,"bolussnooze":0,"activity":0.0473,"lastBolusTime":1703427549871,"time":"2023-12-24T15:28:43.294Z","iobWithZeroTemp":{"iob":2.897,"basaliob":-1.501,"bolussnooze":0,"activity":0.0423,"lastBolusTime":1703427549871,"time":"2023-12-24T15:28:43.294Z"}},{"iob":3.52,"basaliob":-0.604,"bolussnooze":0,"activity":0.0453,"lastBolusTime":1703427549871,"time":"2023-12-24T15:33:43.294Z","iobWithZeroTemp":{"iob":2.614,"basaliob":-1.51,"bolussnooze":0,"activity":0.0398,"lastBolusTime":1703427549871,"time":"2023-12-24T15:33:43.294Z"}},{"iob":3.299,"basaliob":-0.564,"bolussnooze":0,"activity":0.0431,"lastBolusTime":1703427549871,"time":"2023-12-24T15:38:43.294Z","iobWithZeroTemp":{"iob":2.344,"basaliob":-1.519,"bolussnooze":0,"activity":0.037,"lastBolusTime":1703427549871,"time":"2023-12-24T15:38:43.294Z"}},{"iob":3.088,"basaliob":-0.526,"bolussnooze":0,"activity":0.041,"lastBolusTime":1703427549871,"time":"2023-12-24T15:43:43.294Z","iobWithZeroTemp":{"iob":2.087,"basaliob":-1.527,"bolussnooze":0,"activity":0.0344,"lastBolusTime":1703427549871,"time":"2023-12-24T15:43:43.294Z"}},{"iob":2.887,"basaliob":-0.491,"bolussnooze":0,"activity":0.0389,"lastBolusTime":1703427549871,"time":"2023-12-24T15:48:43.294Z","iobWithZeroTemp":{"iob":1.842,"basaliob":-1.536,"bolussnooze":0,"activity":0.0318,"lastBolusTime":1703427549871,"time":"2023-12-24T15:48:43.294Z"}},{"iob":2.698,"basaliob":-0.457,"bolussnooze":0,"activity":0.0369,"lastBolusTime":1703427549871,"time":"2023-12-24T15:53:43.294Z","iobWithZeroTemp":{"iob":1.612,"basaliob":-1.543,"bolussnooze":0,"activity":0.0293,"lastBolusTime":1703427549871,"time":"2023-12-24T15:53:43.294Z"}},{"iob":2.518,"basaliob":-0.425,"bolussnooze":0,"activity":0.0349,"lastBolusTime":1703427549871,"time":"2023-12-24T15:58:43.294Z","iobWithZeroTemp":{"iob":1.393,"basaliob":-1.55,"bolussnooze":0,"activity":0.0269,"lastBolusTime":1703427549871,"time":"2023-12-24T15:58:43.294Z"}},{"iob":2.349,"basaliob":-0.395,"bolussnooze":0,"activity":0.033,"lastBolusTime":1703427549871,"time":"2023-12-24T16:03:43.294Z","iobWithZeroTemp":{"iob":1.187,"basaliob":-1.557,"bolussnooze":0,"activity":0.0245,"lastBolusTime":1703427549871,"time":"2023-12-24T16:03:43.294Z"}},{"iob":2.188,"basaliob":-0.367,"bolussnooze":0,"activity":0.0311,"lastBolusTime":1703427549871,"time":"2023-12-24T16:08:43.294Z","iobWithZeroTemp":{"iob":0.992,"basaliob":-1.563,"bolussnooze":0,"activity":0.0222,"lastBolusTime":1703427549871,"time":"2023-12-24T16:08:43.294Z"}},{"iob":2.037,"basaliob":-0.34,"bolussnooze":0,"activity":0.0294,"lastBolusTime":1703427549871,"time":"2023-12-24T16:13:43.294Z","iobWithZeroTemp":{"iob":0.809,"basaliob":-1.568,"bolussnooze":0,"activity":0.0201,"lastBolusTime":1703427549871,"time":"2023-12-24T16:13:43.294Z"}},{"iob":1.894,"basaliob":-0.316,"bolussnooze":0,"activity":0.0276,"lastBolusTime":1703427549871,"time":"2023-12-24T16:18:43.294Z","iobWithZeroTemp":{"iob":0.635,"basaliob":-1.575,"bolussnooze":0,"activity":0.0179,"lastBolusTime":1703427549871,"time":"2023-12-24T16:18:43.294Z"}},{"iob":1.761,"basaliob":-0.292,"bolussnooze":0,"activity":0.0259,"lastBolusTime":1703427549871,"time":"2023-12-24T16:23:43.294Z","iobWithZeroTemp":{"iob":0.474,"basaliob":-1.579,"bolussnooze":0,"activity":0.0158,"lastBolusTime":1703427549871,"time":"2023-12-24T16:23:43.294Z"}},{"iob":1.635,"basaliob":-0.271,"bolussnooze":0,"activity":0.0243,"lastBolusTime":1703427549871,"time":"2023-12-24T16:28:43.294Z","iobWithZeroTemp":{"iob":0.321,"basaliob":-1.585,"bolussnooze":0,"activity":0.0138,"lastBolusTime":1703427549871,"time":"2023-12-24T16:28:43.294Z"}},{"iob":1.518,"basaliob":-0.25,"bolussnooze":0,"activity":0.0228,"lastBolusTime":1703427549871,"time":"2023-12-24T16:33:43.294Z","iobWithZeroTemp":{"iob":0.179,"basaliob":-1.589,"bolussnooze":0,"activity":0.012,"lastBolusTime":1703427549871,"time":"2023-12-24T16:33:43.294Z"}},{"iob":1.406,"basaliob":-0.232,"bolussnooze":0,"activity":0.0213,"lastBolusTime":1703427549871,"time":"2023-12-24T16:38:43.294Z","iobWithZeroTemp":{"iob":0.044,"basaliob":-1.594,"bolussnooze":0,"activity":0.0102,"lastBolusTime":1703427549871,"time":"2023-12-24T16:38:43.294Z"}},{"iob":1.303,"basaliob":-0.214,"bolussnooze":0,"activity":0.02,"lastBolusTime":1703427549871,"time":"2023-12-24T16:43:43.294Z","iobWithZeroTemp":{"iob":-0.08,"basaliob":-1.597,"bolussnooze":0,"activity":0.0086,"lastBolusTime":1703427549871,"time":"2023-12-24T16:43:43.294Z"}},{"iob":1.207,"basaliob":-0.197,"bolussnooze":0,"activity":0.0187,"lastBolusTime":1703427549871,"time":"2023-12-24T16:48:43.294Z","iobWithZeroTemp":{"iob":-0.197,"basaliob":-1.601,"bolussnooze":0,"activity":0.007,"lastBolusTime":1703427549871,"time":"2023-12-24T16:48:43.294Z"}},{"iob":1.116,"basaliob":-0.182,"bolussnooze":0,"activity":0.0174,"lastBolusTime":1703427549871,"time":"2023-12-24T16:53:43.294Z","iobWithZeroTemp":{"iob":-0.306,"basaliob":-1.604,"bolussnooze":0,"activity":0.0054,"lastBolusTime":1703427549871,"time":"2023-12-24T16:53:43.294Z"}},{"iob":1.032,"basaliob":-0.168,"bolussnooze":0,"activity":0.0163,"lastBolusTime":1703427549871,"time":"2023-12-24T16:58:43.294Z","iobWithZeroTemp":{"iob":-0.408,"basaliob":-1.608,"bolussnooze":0,"activity":0.0041,"lastBolusTime":1703427549871,"time":"2023-12-24T16:58:43.294Z"}},{"iob":0.953,"basaliob":-0.155,"bolussnooze":0,"activity":0.0151,"lastBolusTime":1703427549871,"time":"2023-12-24T17:03:43.294Z","iobWithZeroTemp":{"iob":-0.517,"basaliob":-1.625,"bolussnooze":0,"activity":0.0026,"lastBolusTime":1703427549871,"time":"2023-12-24T17:03:43.294Z"}},{"iob":0.88,"basaliob":-0.142,"bolussnooze":0,"activity":0.0141,"lastBolusTime":1703427549871,"time":"2023-12-24T17:08:43.294Z","iobWithZeroTemp":{"iob":-0.618,"basaliob":-1.64,"bolussnooze":0,"activity":0.0014,"lastBolusTime":1703427549871,"time":"2023-12-24T17:08:43.294Z"}},{"iob":0.812,"basaliob":-0.131,"bolussnooze":0,"activity":0.0132,"lastBolusTime":1703427549871,"time":"2023-12-24T17:13:43.294Z","iobWithZeroTemp":{"iob":-0.713,"basaliob":-1.656,"bolussnooze":0,"activity":2.0E-4,"lastBolusTime":1703427549871,"time":"2023-12-24T17:13:43.294Z"}},{"iob":0.749,"basaliob":-0.12,"bolussnooze":0,"activity":0.0123,"lastBolusTime":1703427549871,"time":"2023-12-24T17:18:43.294Z","iobWithZeroTemp":{"iob":-0.802,"basaliob":-1.671,"bolussnooze":0,"activity":-9.0E-4,"lastBolusTime":1703427549871,"time":"2023-12-24T17:18:43.294Z"}},{"iob":0.689,"basaliob":-0.111,"bolussnooze":0,"activity":0.0114,"lastBolusTime":1703427549871,"time":"2023-12-24T17:23:43.294Z","iobWithZeroTemp":{"iob":-0.887,"basaliob":-1.687,"bolussnooze":0,"activity":-0.0021,"lastBolusTime":1703427549871,"time":"2023-12-24T17:23:43.294Z"}},{"iob":0.635,"basaliob":-0.101,"bolussnooze":0,"activity":0.0106,"lastBolusTime":1703427549871,"time":"2023-12-24T17:28:43.294Z","iobWithZeroTemp":{"iob":-0.964,"basaliob":-1.7,"bolussnooze":0,"activity":-0.0031,"lastBolusTime":1703427549871,"time":"2023-12-24T17:28:43.294Z"}},{"iob":0.584,"basaliob":-0.093,"bolussnooze":0,"activity":0.0098,"lastBolusTime":1703427549871,"time":"2023-12-24T17:33:43.294Z","iobWithZeroTemp":{"iob":-1.038,"basaliob":-1.715,"bolussnooze":0,"activity":-0.0042,"lastBolusTime":1703427549871,"time":"2023-12-24T17:33:43.294Z"}},{"iob":0.537,"basaliob":-0.085,"bolussnooze":0,"activity":0.0091,"lastBolusTime":1703427549871,"time":"2023-12-24T17:38:43.294Z","iobWithZeroTemp":{"iob":-1.106,"basaliob":-1.728,"bolussnooze":0,"activity":-0.0051,"lastBolusTime":1703427549871,"time":"2023-12-24T17:38:43.294Z"}},{"iob":0.493,"basaliob":-0.078,"bolussnooze":0,"activity":0.0084,"lastBolusTime":1703427549871,"time":"2023-12-24T17:43:43.294Z","iobWithZeroTemp":{"iob":-1.169,"basaliob":-1.74,"bolussnooze":0,"activity":-0.006,"lastBolusTime":1703427549871,"time":"2023-12-24T17:43:43.294Z"}},{"iob":0.453,"basaliob":-0.071,"bolussnooze":0,"activity":0.0078,"lastBolusTime":1703427549871,"time":"2023-12-24T17:48:43.294Z","iobWithZeroTemp":{"iob":-1.228,"basaliob":-1.752,"bolussnooze":0,"activity":-0.0069,"lastBolusTime":1703427549871,"time":"2023-12-24T17:48:43.294Z"}},{"iob":0.415,"basaliob":-0.065,"bolussnooze":0,"activity":0.0072,"lastBolusTime":1703427549871,"time":"2023-12-24T17:53:43.294Z","iobWithZeroTemp":{"iob":-1.284,"basaliob":-1.764,"bolussnooze":0,"activity":-0.0077,"lastBolusTime":1703427549871,"time":"2023-12-24T17:53:43.294Z"}},{"iob":0.38,"basaliob":-0.06,"bolussnooze":0,"activity":0.0066,"lastBolusTime":1703427549871,"time":"2023-12-24T17:58:43.294Z","iobWithZeroTemp":{"iob":-1.335,"basaliob":-1.775,"bolussnooze":0,"activity":-0.0085,"lastBolusTime":1703427549871,"time":"2023-12-24T17:58:43.294Z"}},{"iob":0.349,"basaliob":-0.054,"bolussnooze":0,"activity":0.0061,"lastBolusTime":1703427549871,"time":"2023-12-24T18:03:43.294Z","iobWithZeroTemp":{"iob":-1.387,"basaliob":-1.79,"bolussnooze":0,"activity":-0.0092,"lastBolusTime":1703427549871,"time":"2023-12-24T18:03:43.294Z"}},{"iob":0.319,"basaliob":-0.05,"bolussnooze":0,"activity":0.0057,"lastBolusTime":1703427549871,"time":"2023-12-24T18:08:43.294Z","iobWithZeroTemp":{"iob":-1.436,"basaliob":-1.805,"bolussnooze":0,"activity":-0.0098,"lastBolusTime":1703427549871,"time":"2023-12-24T18:08:43.294Z"}},{"iob":0.292,"basaliob":-0.045,"bolussnooze":0,"activity":0.0053,"lastBolusTime":1703427549871,"time":"2023-12-24T18:13:43.294Z","iobWithZeroTemp":{"iob":-1.482,"basaliob":-1.819,"bolussnooze":0,"activity":-0.0104,"lastBolusTime":1703427549871,"time":"2023-12-24T18:13:43.294Z"}},{"iob":0.267,"basaliob":-0.041,"bolussnooze":0,"activity":0.0048,"lastBolusTime":1703427549871,"time":"2023-12-24T18:18:43.294Z","iobWithZeroTemp":{"iob":-1.524,"basaliob":-1.832,"bolussnooze":0,"activity":-0.0111,"lastBolusTime":1703427549871,"time":"2023-12-24T18:18:43.294Z"}},{"iob":0.243,"basaliob":-0.038,"bolussnooze":0,"activity":0.0045,"lastBolusTime":1703427549871,"time":"2023-12-24T18:23:43.294Z","iobWithZeroTemp":{"iob":-1.564,"basaliob":-1.845,"bolussnooze":0,"activity":-0.0115,"lastBolusTime":1703427549871,"time":"2023-12-24T18:23:43.294Z"}}],"profile":{"max_iob":15,"type":"current","max_daily_basal":1.32,"max_basal":3.96,"min_bg":99,"max_bg":99,"target_bg":99,"carb_ratio":4.761904761904762,"sens":18.7012987012987,"max_daily_safety_multiplier":3,"current_basal_safety_multiplier":4,"high_temptarget_raises_sensitivity":false,"low_temptarget_lowers_sensitivity":false,"sensitivity_raises_target":true,"resistance_lowers_target":true,"adv_target_adjustments":false,"exercise_mode":false,"half_basal_exercise_target":160,"maxCOB":120,"skip_neutral_temps":false,"remainingCarbsCap":90,"enableUAM":true,"A52_risk_enable":false,"SMBInterval":3,"enableSMB_with_COB":true,"enableSMB_with_temptarget":true,"allowSMB_with_high_temptarget":false,"enableSMB_always":false,"enableSMB_after_carbs":true,"maxSMBBasalMinutes":80,"maxUAMSMBBasalMinutes":60,"bolus_increment":0.05,"carbsReqThreshold":10,"current_basal":1.05,"temptargetSet":false,"autosens_max":1.2,"out_units":"mmol\/L"},"autosens_data":{"ratio":1},"meal_data":{"carbs":87,"mealCOB":0,"slopeFromMaxDeviation":-1.0714999999999995,"slopeFromMinDeviation":0.6046363636363636,"lastBolusTime":1703427549871,"lastCarbTime":1703424808954},"microBolusAllowed":true,"currentTime":1703428125486,"flatBGsDetected":false},"output":{"temp":"absolute","bg":169,"tick":-3,"eventualBG":51,"targetBG":99,"insulinReq":0,"deliverAt":"2023-12-24T14:28:45.486Z","sensitivityRatio":1,"predBGs":{"IOB":[169,166,162,158,154,150,146,142,137,133,128,123,119,114,110,106,102,99,95,92,89,86,83,81,78,76,74,72,70,68,67,65,64,62,61,60,59,58,57,56,55,55,54,53,53,52,52,51],"ZT":[169,163,158,152,146,141,135,130,125,120,115,111,106,103,99,95,92,89,86,84,82,80,78,76,74,73,72,71,70,70,69,69,69,68,68,68,69,69,69,70,70,71,72,73,73,74,75,76],"UAM":[169,165,160,154,148,142,137,131,126,121,116,111,106,102,98,94,90,86,83,80,77,74,71,68,66,64,61,59,58,56,54,53,51,50,49,48,47,46,45,44,43,42,42,41,40,40,39]},"COB":0,"IOB":7.171,"reason":"COB: 0, Dev: 0.9, BGI: -0.3, ISF: 1.0, CR: 4.76, Target: 5.5, minPredBG 3.0, minGuardBG 2.1, IOBpredBG 2.8, UAMpredBG 2.2; minGuardBG 2.1<3.9","duration":120,"rate":0,"timestamp":"2023-12-24T14:28:45.599Z"}}