{"algorithm":"OpenAPSSMBPlugin","input":{"glucoseStatus":{"glucose":150,"noise":0,"delta":-3,"short_avgdelta":-3.89,"long_avgdelta":-5.74,"date":1703424492000},"currenttemp":{"temp":"absolute","duration":110,"rate":0,"minutesrunning":10},"iob_data":[{"iob":5.591,"basaliob":-1.666,"bolussnooze":2.0E-4,"activity":0.0659,"lastBolusTime":1703422149940,"time":"2023-12-24T13:28:40.587Z","iobWithZeroTemp":{"iob":5.591,"basaliob":-1.666,"bolussnooze":2.0E-4,"activity":0.0659,"lastBolusTime":1703422149940,"time":"2023-12-24T13:28:40.587Z"}},{"iob":5.268,"basaliob":-1.591,"bolussnooze":0,"activity":0.0635,"lastBolusTime":1703422149940,"time":"2023-12-24T13:33:40.587Z","iobWithZeroTemp":{"iob":5.195,"basaliob":-1.664,"bolussnooze":0,"activity":0.0635,"lastBolusTime":1703422149940,"time":"2023-12-24T13:33:40.587Z"}},{"iob":4.956,"basaliob":-1.517,"bolussnooze":0,"activity":0.061,"lastBolusTime":1703422149940,"time":"2023-12-24T13:38:40.587Z","iobWithZeroTemp":{"iob":4.792,"basaliob":-1.681,"bolussnooze":0,"activity":0.0608,"lastBolusTime":1703422149940,"time":"2023-12-24T13:38:40.587Z"}},{"iob":4.657,"basaliob":-1.443,"bolussnooze":0,"activity":0.0585,"lastBolusTime":1703422149940,"time":"2023-12-24T13:43:40.587Z","iobWithZeroTemp":{"iob":4.403,"basaliob":-1.697,"bolussnooze":0,"activity":0.058,"lastBolusTime":1703422149940,"time":"2023-12-24T13:43:40.587Z"}},{"iob":4.372,"basaliob":-1.369,"bolussnooze":0,"activity":0.0559,"lastBolusTime":1703422149940,"time":"2023-12-24T13:48:40.587Z","iobWithZeroTemp":{"iob":4.03,"basaliob":-1.711,"bolussnooze":0,"activity":0.055,"lastBolusTime":1703422149940,"time":"2023-12-24T13:48:40.587Z"}},{"iob":4.099,"basaliob":-1.298,"bolussnooze":0,"activity":0.0533,"lastBolusTime":1703422149940,"time":"2023-12-24T13:53:40.587Z","iobWithZeroTemp":{"iob":3.672,"basaliob":-1.725,"bolussnooze":0,"activity":0.052,"lastBolusTime":1703422149940,"time":"2023-12-24T13:53:40.587Z"}},{"iob":3.838,"basaliob":-1.228,"bolussnooze":0,"activity":0.0508,"lastBolusTime":1703422149940,"time":"2023-12-24T13:58:40.587Z","iobWithZeroTemp":{"iob":3.327,"basaliob":-1.739,"bolussnooze":0,"activity":0.049,"lastBolusTime":1703422149940,"time":"2023-12-24T13:58:40.587Z"}},{"iob":3.591,"basaliob":-1.16,"bolussnooze":0,"activity":0.0482,"lastBolusTime":1703422149940,"time":"2023-12-24T14:03:40.587Z","iobWithZeroTemp":{"iob":3.003,"basaliob":-1.748,"bolussnooze":0,"activity":0.0458,"lastBolusTime":1703422149940,"time":"2023-12-24T14:03:40.587Z"}},{"iob":3.356,"basaliob":-1.094,"bolussnooze":0,"activity":0.0457,"lastBolusTime":1703422149940,"time":"2023-12-24T14:08:40.587Z","iobWithZeroTemp":{"iob":2.695,"basaliob":-1.755,"bolussnooze":0,"activity":0.0427,"lastBolusTime":1703422149940,"time":"2023-12-24T14:08:40.587Z"}},{"iob":3.134,"basaliob":-1.03,"bolussnooze":0,"activity":0.0433,"lastBolusTime":1703422149940,"time":"2023-12-24T14:13:40.587Z","iobWithZeroTemp":{"iob":2.402,"basaliob":-1.762,"bolussnooze":0,"activity":0.0397,"lastBolusTime":1703422149940,"time":"2023-12-24T14:13:40.587Z"}},{"iob":2.924,"basaliob":-0.969,"bolussnooze":0,"activity":0.0409,"lastBolusTime":1703422149940,"time":"2023-12-24T14:18:40.587Z","iobWithZeroTemp":{"iob":2.124,"basaliob":-1.769,"bolussnooze":0,"activity":0.0367,"lastBolusTime":1703422149940,"time":"2023-12-24T14:18:40.587Z"}},{"iob":2.725,"basaliob":-0.91,"bolussnooze":0,"activity":0.0386,"lastBolusTime":1703422149940,"time":"2023-12-24T14:23:40.587Z","iobWithZeroTemp":{"iob":1.86,"basaliob":-1.775,"bolussnooze":0,"activity":0.0338,"lastBolusTime":1703422149940,"time":"2023-12-24T14:23:40.587Z"}},{"iob":2.538,"basaliob":-0.854,"bolussnooze":0,"activity":0.0364,"lastBolusTime":1703422149940,"time":"2023-12-24T14:28:40.587Z","iobWithZeroTemp":{"iob":1.611,"basaliob":-1.781,"bolussnooze":0,"activity":0.031,"lastBolusTime":1703422149940,"time":"2023-12-24T14:28:40.587Z"}},{"iob":2.361,"basaliob":-0.801,"bolussnooze":0,"activity":0.0342,"lastBolusTime":1703422149940,"time":"2023-12-24T14:33:40.587Z","iobWithZeroTemp":{"iob":1.375,"basaliob":-1.787,"bolussnooze":0,"activity":0.0282,"lastBolusTime":1703422149940,"time":"2023-12-24T14:33:40.587Z"}},{"iob":2.195,"basaliob":-0.75,"bolussnooze":0,"activity":0.0322,"lastBolusTime":1703422149940,"time":"2023-12-24T14:38:40.587Z","iobWithZeroTemp":{"iob":1.154,"basaliob":-1.791,"bolussnooze":0,"activity":0.0256,"lastBolusTime":1703422149940,"time":"2023-12-24T14:38:40.587Z"}},{"iob":2.039,"basaliob":-0.701,"bolussnooze":0,"activity":0.0303,"lastBolusTime":1703422149940,"time":"2023-12-24T14:43:40.587Z","iobWithZeroTemp":{"iob":0.945,"basaliob":-1.795,"bolussnooze":0,"activity":0.0232,"lastBolusTime":1703422149940,"time":"2023-12-24T14:43:40.587Z"}},{"iob":1.893,"basaliob":-0.655,"bolussnooze":0,"activity":0.0283,"lastBolusTime":1703422149940,"time":"2023-12-24T14:48:40.587Z","iobWithZeroTemp":{"iob":0.749,"basaliob":-1.799,"bolussnooze":0,"activity":0.0206,"lastBolusTime":1703422149940,"time":"2023-12-24T14:48:40.587Z"}},{"iob":1.755,"basaliob":-0.612,"bolussnooze":0,"activity":0.0265,"lastBolusTime":1703422149940,"time":"2023-12-24T14:53:40.587Z","iobWithZeroTemp":{"iob":0.563,"basaliob":-1.804,"bolussnooze":0,"activity":0.0183,"lastBolusTime":1703422149940,"time":"2023-12-24T14:53:40.587Z"}},{"iob":1.626,"basaliob":-0.571,"bolussnooze":0,"activity":0.0249,"lastBolusTime":1703422149940,"time":"2023-12-24T14:58:40.587Z","iobWithZeroTemp":{"iob":0.39,"basaliob":-1.807,"bolussnooze":0,"activity":0.0161,"lastBolusTime":1703422149940,"time":"2023-12-24T14:58:40.587Z"}},{"iob":1.506,"basaliob":-0.532,"bolussnooze":0,"activity":0.0232,"lastBolusTime":1703422149940,"time":"2023-12-24T15:03:40.587Z","iobWithZeroTemp":{"iob":0.237,"basaliob":-1.801,"bolussnooze":0,"activity":0.0139,"lastBolusTime":1703422149940,"time":"2023-12-24T15:03:40.587Z"}},{"iob":1.394,"basaliob":-0.495,"bolussnooze":0,"activity":0.0217,"lastBolusTime":1703422149940,"time":"2023-12-24T15:08:40.587Z","iobWithZeroTemp":{"iob":0.094,"basaliob":-1.795,"bolussnooze":0,"activity":0.012,"lastBolusTime":1703422149940,"time":"2023-12-24T15:08:40.587Z"}},{"iob":1.289,"basaliob":-0.46,"bolussnooze":0,"activity":0.0203,"lastBolusTime":1703422149940,"time":"2023-12-24T15:13:40.587Z","iobWithZeroTemp":{"iob":-0.039,"basaliob":-1.788,"bolussnooze":0,"activity":0.0101,"lastBolusTime":1703422149940,"time":"2023-12-24T15:13:40.587Z"}},{"iob":1.191,"basaliob":-0.428,"bolussnooze":0,"activity":0.0189,"lastBolusTime":1703422149940,"time":"2023-12-24T15:18:40.587Z","iobWithZeroTemp":{"iob":-0.163,"basaliob":-1.782,"bolussnooze":0,"activity":0.0083,"lastBolusTime":1703422149940,"time":"2023-12-24T15:18:40.587Z"}},{"iob":1.1,"basaliob":-0.397,"bolussnooze":0,"activity":0.0176,"lastBolusTime":1703422149940,"time":"2023-12-24T15:23:40.587Z","iobWithZeroTemp":{"iob":-0.279,"basaliob":-1.776,"bolussnooze":0,"activity":0.0067,"lastBolusTime":1703422149940,"time":"2023-12-24T15:23:40.587Z"}},{"iob":1.014,"basaliob":-0.369,"bolussnooze":0,"activity":0.0164,"lastBolusTime":1703422149940,"time":"2023-12-24T15:28:40.587Z","iobWithZeroTemp":{"iob":-0.387,"basaliob":-1.77,"bolussnooze":0,"activity":0.0051,"lastBolusTime":1703422149940,"time":"2023-12-24T15:28:40.587Z"}},{"iob":0.936,"basaliob":-0.342,"bolussnooze":0,"activity":0.0152,"lastBolusTime":1703422149940,"time":"2023-12-24T15:33:40.587Z","iobWithZeroTemp":{"iob":-0.486,"basaliob":-1.764,"bolussnooze":0,"activity":0.0036,"lastBolusTime":1703422149940,"time":"2023-12-24T15:33:40.587Z"}},{"iob":0.862,"basaliob":-0.317,"bolussnooze":0,"activity":0.0141,"lastBolusTime":1703422149940,"time":"2023-12-24T15:38:40.587Z","iobWithZeroTemp":{"iob":-0.579,"basaliob":-1.758,"bolussnooze":0,"activity":0.0022,"lastBolusTime":1703422149940,"time":"2023-12-24T15:38:40.587Z"}},{"iob":0.794,"basaliob":-0.293,"bolussnooze":0,"activity":0.0132,"lastBolusTime":1703422149940,"time":"2023-12-24T15:43:40.587Z","iobWithZeroTemp":{"iob":-0.664,"basaliob":-1.751,"bolussnooze":0,"activity":0.001,"lastBolusTime":1703422149940,"time":"2023-12-24T15:43:40.587Z"}},{"iob":0.731,"basaliob":-0.271,"bolussnooze":0,"activity":0.0123,"lastBolusTime":1703422149940,"time":"2023-12-24T15:48:40.587Z","iobWithZeroTemp":{"iob":-0.743,"basaliob":-1.745,"bolussnooze":0,"activity":-2.0E-4,"lastBolusTime":1703422149940,"time":"2023-12-24T15:48:40.587Z"}},{"iob":0.671,"basaliob":-0.251,"bolussnooze":0,"activity":0.0113,"lastBolusTime":1703422149940,"time":"2023-12-24T15:53:40.587Z","iobWithZeroTemp":{"iob":-0.818,"basaliob":-1.74,"bolussnooze":0,"activity":-0.0014,"lastBolusTime":1703422149940,"time":"2023-12-24T15:53:40.587Z"}},{"iob":0.617,"basaliob":-0.232,"bolussnooze":0,"activity":0.0105,"lastBolusTime":1703422149940,"time":"2023-12-24T15:58:40.587Z","iobWithZeroTemp":{"iob":-0.886,"basaliob":-1.735,"bolussnooze":0,"activity":-0.0025,"lastBolusTime":1703422149940,"time":"2023-12-24T15:58:40.587Z"}},{"iob":0.567,"basaliob":-0.214,"bolussnooze":0,"activity":0.0098,"lastBolusTime":1703422149940,"time":"2023-12-24T16:03:40.587Z","iobWithZeroTemp":{"iob":-0.949,"basaliob":-1.73,"bolussnooze":0,"activity":-0.0034,"lastBolusTime":1703422149940,"time":"2023-12-24T16:03:40.587Z"}},{"iob":0.52,"basaliob":-0.197,"bolussnooze":0,"activity":0.009,"lastBolusTime":1703422149940,"time":"2023-12-24T16:08:40.587Z","iobWithZeroTemp":{"iob":-1.007,"basaliob":-1.724,"bolussnooze":0,"activity":-0.0044,"lastBolusTime":1703422149940,"time":"2023-12-24T16:08:40.587Z"}},{"iob":0.477,"basaliob":-0.182,"bolussnooze":0,"activity":0.0083,"lastBolusTime":1703422149940,"time":"2023-12-24T16:13:40.587Z","iobWithZeroTemp":{"iob":-1.061,"basaliob":-1.72,"bolussnooze":0,"activity":-0.0052,"lastBolusTime":1703422149940,"time":"2023-12-24T16:13:40.587Z"}},{"iob":0.436,"basaliob":-0.168,"bolussnooze":0,"activity":0.0076,"lastBolusTime":1703422149940,"time":"2023-12-24T16:18:40.587Z","iobWithZeroTemp":{"iob":-1.112,"basaliob":-1.716,"bolussnooze":0,"activity":-0.0061,"lastBolusTime":1703422149940,"time":"2023-12-24T16:18:40.587Z"}},{"iob":0.4,"basaliob":-0.154,"bolussnooze":0,"activity":0.0071,"lastBolusTime":1703422149940,"time":"2023-12-24T16:23:40.587Z","iobWithZeroTemp":{"iob":-1.157,"basaliob":-1.711,"bolussnooze":0,"activity":-0.0068,"lastBolusTime":1703422149940,"time":"2023-12-24T16:23:40.587Z"}},{"iob":0.366,"basaliob":-0.142,"bolussnooze":0,"activity":0.0065,"lastBolusTime":1703422149940,"time":"2023-12-24T16:28:40.587Z","iobWithZeroTemp":{"iob":-1.199,"basaliob":-1.707,"bolussnooze":0,"activity":-0.0075,"lastBolusTime":1703422149940,"time":"2023-12-24T16:28:40.587Z"}},{"iob":0.335,"basaliob":-0.13,"bolussnooze":0,"activity":0.006,"lastBolusTime":1703422149940,"time":"2023-12-24T16:33:40.587Z","iobWithZeroTemp":{"iob":-1.238,"basaliob":-1.703,"bolussnooze":0,"activity":-0.0081,"lastBolusTime":1703422149940,"time":"2023-12-24T16:33:40.587Z"}},{"iob":0.305,"basaliob":-0.12,"bolussnooze":0,"activity":0.0056,"lastBolusTime":1703422149940,"time":"2023-12-24T16:38:40.587Z","iobWithZeroTemp":{"iob":-1.275,"basaliob":-1.7,"bolussnooze":0,"activity":-0.0087,"lastBolusTime":1703422149940,"time":"2023-12-24T16:38:40.587Z"}},{"iob":0.279,"basaliob":-0.11,"bolussnooze":0,"activity":0.0051,"lastBolusTime":1703422149940,"time":"2023-12-24T16:43:40.587Z","iobWithZeroTemp":{"iob":-1.307,"basaliob":-1.696,"bolussnooze":0,"activity":-0.0093,"lastBolusTime":1703422149940,"time":"2023-12-24T16:43:40.587Z"}},{"iob":0.254,"basaliob":-0.101,"bolussnooze":0,"activity":0.0047,"lastBolusTime":1703422149940,"time":"2023-12-24T16:48:40.587Z","iobWithZeroTemp":{"iob":-1.338,"basaliob":-1.693,"bolussnooze":0,"activity":-0.0098,"lastBolusTime":1703422149940,"time":"2023-12-24T16:48:40.587Z"}},{"iob":0.232,"basaliob":-0.092,"bolussnooze":0,"activity":0.0043,"lastBolusTime":1703422149940,"time":"2023-12-24T16:53:40.587Z","iobWithZeroTemp":{"iob":-1.365,"basaliob":-1.689,"bolussnooze":0,"activity":-0.0103,"lastBolusTime":1703422149940,"time":"2023-12-24T16:53:40.587Z"}},{"iob":0.21,"basaliob":-0.085,"bolussnooze":0,"activity":0.004,"lastBolusTime":1703422149940,"time":"2023-12-24T16:58:40.587Z","iobWithZeroTemp":{"iob":-1.392,"basaliob":-1.687,"bolussnooze":0,"activity":-0.0107,"lastBolusTime":1703422149940,"time":"2023-12-24T16:58:40.587Z"}},{"iob":0.192,"basaliob":-0.077,"bolussnooze":0,"activity":0.0036,"lastBolusTime":1703422149940,"time":"2023-12-24T17:03:40.587Z","iobWithZeroTemp":{"iob":-1.428,"basaliob":-1.697,"bolussnooze":0,"activity":-0.0112,"lastBolusTime":1703422149940,"time":"2023-12-24T17:03:40.587Z"}},{"iob":0.174,"basaliob":-0.071,"bolussnooze":0,"activity":0.0033,"lastBolusTime":1703422149940,"time":"2023-12-24T17:08:40.587Z","iobWithZeroTemp":{"iob":-1.463,"basaliob":-1.708,"bolussnooze":0,"activity":-0.0116,"lastBolusTime":1703422149940,"time":"2023-12-24T17:08:40.587Z"}},{"iob":0.158,"basaliob":-0.065,"bolussnooze":0,"activity":0.003,"lastBolusTime":1703422149940,"time":"2023-12-24T17:13:40.587Z","iobWithZeroTemp":{"iob":-1.496,"basaliob":-1.719,"bolussnooze":0,"activity":-0.012,"lastBolusTime":1703422149940,"time":"2023-12-24T17:13:40.587Z"}},{"iob":0.144,"basaliob":-0.059,"bolussnooze":0,"activity":0.0028,"lastBolusTime":1703422149940,"time":"2023-12-24T17:18:40.587Z","iobWithZeroTemp":{"iob":-1.527,"basaliob":-1.73,"bolussnooze":0,"activity":-0.0123,"lastBolusTime":1703422149940,"time":"2023-12-24T17:18:40.587Z"}},{"iob":0.13,"basaliob":-0.054,"bolussnooze":0,"activity":0.0026,"lastBolusTime":1703422149940,"time":"2023-12-24T17:23:40.587Z","iobWithZeroTemp":{"iob":-1.556,"basaliob":-1.74,"bolussnooze":0,"activity":-0.0126,"lastBolusTime":1703422149940,"time":"2023-12-24T17:23:40.587Z"}}],"profile":{"max_iob":15,"type":"current","max_daily_basal":1.32,"max_basal":3.96,"min_bg":99,"max_bg":99,"target_bg":99,"carb_ratio":3.896103896103896,"sens":18.7012987012987,"max_daily_safety_multiplier":3,"current_basal_safety_multiplier":4,"high_temptarget_raises_sensitivity":false,"low_temptarget_lowers_sensitivity":false,"sensitivity_raises_target":true,"resistance_lowers_target":true,"adv_target_adjustments":false,"exercise_mode":false,"half_basal_exercise_target":160,"maxCOB":120,"skip_neutral_temps":false,"remainingCarbsCap":90,"enableUAM":true,"A52_risk_enable":false,"SMBInterval":3,"enableSMB_with_COB":true,"enableSMB_with_temptarget":true,"allowSMB_with_high_temptarget":false,"enableSMB_always":false,"enableSMB_after_carbs":true,"maxSMBBasalMinutes":80,"maxUAMSMBBasalMinutes":60,"bolus_increment":0.05,"carbsReqThreshold":10,"current_basal":1.1,"temptargetSet":false,"autosens_max":1.2,"out_units":"mmol\/L"},"autosens_data":{"ratio":1},"meal_data":{"carbs":81,"mealCOB":4.75,"slopeFromMaxDeviation":-1.5701111111111112,"slopeFromMinDeviation":0.49900000000000005,"lastBolusTime":1703422149940,"lastCarbTime":1703423764000},"microBolusAllowed":true,"currentTime":1703424522638,"flatBGsDetected":false},"output":{"temp":"absolute","bg":150,"tick":-3,"eventualBG":67,"targetBG":99,"insulinReq":0,"deliverAt":"2023-12-24T13:28:42.638Z","sensitivityRatio":1,"predBGs":{"IOB":[150,146,142,138,134,130,126,123,119,115,111,108,104,101,98,95,92,89,87,84,82,80,78,76,75,73,72,70,69,68,67,66,65,64,64,63,62,62,61,60,60,60,59,59,58],"ZT":[150,144,138,132,127,122,117,112,108,104,100,97,94,91,88,86,84,82,80,78,77,76,75,74,74,73,73,73,73,73,73,73,73,74,74,75,75,76,77,78,78,79,80,81,82,83,85,86],"COB":[150,146,142,138,135,131,128,125,121,118,116,113,110,107,105,102,100,98,96,93,91,89,87,85,84,82,81,79,78,77,76,75,74,73,73,72,71,71,70,69,69,69,68,68,67],"UAM":[150,145,139,133,127,122,117,113,108,104,100,96,92,89,86,83,80,77,75,72,70,68,66,64,63,61,60,59,57,56,55,54,53,52,52,51,50,50,49,49,48,48,47,47,46]},"COB":4.75,"IOB":5.591,"reason":"COB: 4.8, Dev: 0.8, BGI: -0.3, ISF: 1.0, CR: 3.9, Target: 5.5, minPredBG 3.7, minGuardBG 2.6, IOBpredBG 3.2, COBpredBG 3.7, UAMpredBG 2.6; minGuardBG 2.6<3.9","duration":120,"rate":0,"timestamp":"2023-12-24T13:28:42.756Z"}}