{"algorithm":"OpenAPSSMBPlugin","input":{"glucoseStatus":{"glucose":170,"noise":0,"delta":-9,"short_avgdelta":-8.17,"long_avgdelta":-2.37,"date":1703423292000},"currenttemp":{"temp":"absolute","duration":15,"rate":0,"minutesrunning":45},"iob_data":[{"iob":7.327,"basaliob":-1.607,"bolussnooze":0.0067,"activity":0.0719,"lastBolusTime":1703422149940,"time":"2023-12-24T13:08:42.723Z","iobWithZeroTemp":{"iob":7.327,"basaliob":-1.607,"bolussnooze":0.0067,"activity":0.0719,"lastBolusTime":1703422149940,"time":"2023-12-24T13:08:42.723Z"}},{"iob":6.97,"basaliob":-1.535,"bolussnooze":0.0035,"activity":0.0712,"lastBolusTime":1703422149940,"time":"2023-12-24T13:13:42.723Z","iobWithZeroTemp":{"iob":6.904,"basaliob":-1.601,"bolussnooze":0.0035,"activity":0.0712,"lastBolusTime":1703422149940,"time":"2023-12-24T13:13:42.723Z"}},{"iob":6.616,"basaliob":-1.464,"bolussnooze":0.0017,"activity":0.07,"lastBolusTime":1703422149940,"time":"2023-12-24T13:18:42.723Z","iobWithZeroTemp":{"iob":6.467,"basaliob":-1.613,"bolussnooze":0.0017,"activity":0.0698,"lastBolusTime":1703422149940,"time":"2023-12-24T13:18:42.723Z"}},{"iob":6.27,"basaliob":-1.393,"bolussnooze":7.0E-4,"activity":0.0685,"lastBolusTime":1703422149940,"time":"2023-12-24T13:23:42.723Z","iobWithZeroTemp":{"iob":6.039,"basaliob":-1.624,"bolussnooze":7.0E-4,"activity":0.068,"lastBolusTime":1703422149940,"time":"2023-12-24T13:23:42.723Z"}},{"iob":5.932,"basaliob":-1.322,"bolussnooze":2.0E-4,"activity":0.0668,"lastBolusTime":1703422149940,"time":"2023-12-24T13:28:42.723Z","iobWithZeroTemp":{"iob":5.621,"basaliob":-1.633,"bolussnooze":2.0E-4,"activity":0.066,"lastBolusTime":1703422149940,"time":"2023-12-24T13:28:42.723Z"}},{"iob":5.603,"basaliob":-1.253,"bolussnooze":0,"activity":0.0648,"lastBolusTime":1703422149940,"time":"2023-12-24T13:33:42.723Z","iobWithZeroTemp":{"iob":5.214,"basaliob":-1.642,"bolussnooze":0,"activity":0.0636,"lastBolusTime":1703422149940,"time":"2023-12-24T13:33:42.723Z"}},{"iob":5.284,"basaliob":-1.186,"bolussnooze":0,"activity":0.0626,"lastBolusTime":1703422149940,"time":"2023-12-24T13:38:42.723Z","iobWithZeroTemp":{"iob":4.819,"basaliob":-1.651,"bolussnooze":0,"activity":0.0609,"lastBolusTime":1703422149940,"time":"2023-12-24T13:38:42.723Z"}},{"iob":4.978,"basaliob":-1.12,"bolussnooze":0,"activity":0.0603,"lastBolusTime":1703422149940,"time":"2023-12-24T13:43:42.723Z","iobWithZeroTemp":{"iob":4.44,"basaliob":-1.658,"bolussnooze":0,"activity":0.0581,"lastBolusTime":1703422149940,"time":"2023-12-24T13:43:42.723Z"}},{"iob":4.682,"basaliob":-1.057,"bolussnooze":0,"activity":0.0579,"lastBolusTime":1703422149940,"time":"2023-12-24T13:48:42.723Z","iobWithZeroTemp":{"iob":4.073,"basaliob":-1.666,"bolussnooze":0,"activity":0.0552,"lastBolusTime":1703422149940,"time":"2023-12-24T13:48:42.723Z"}},{"iob":4.398,"basaliob":-0.996,"bolussnooze":0,"activity":0.0555,"lastBolusTime":1703422149940,"time":"2023-12-24T13:53:42.723Z","iobWithZeroTemp":{"iob":3.721,"basaliob":-1.673,"bolussnooze":0,"activity":0.0522,"lastBolusTime":1703422149940,"time":"2023-12-24T13:53:42.723Z"}},{"iob":4.127,"basaliob":-0.937,"bolussnooze":0,"activity":0.0529,"lastBolusTime":1703422149940,"time":"2023-12-24T13:58:42.723Z","iobWithZeroTemp":{"iob":3.384,"basaliob":-1.68,"bolussnooze":0,"activity":0.0491,"lastBolusTime":1703422149940,"time":"2023-12-24T13:58:42.723Z"}},{"iob":3.869,"basaliob":-0.88,"bolussnooze":0,"activity":0.0505,"lastBolusTime":1703422149940,"time":"2023-12-24T14:03:42.723Z","iobWithZeroTemp":{"iob":3.068,"basaliob":-1.681,"bolussnooze":0,"activity":0.0461,"lastBolusTime":1703422149940,"time":"2023-12-24T14:03:42.723Z"}},{"iob":3.622,"basaliob":-0.826,"bolussnooze":0,"activity":0.048,"lastBolusTime":1703422149940,"time":"2023-12-24T14:08:42.723Z","iobWithZeroTemp":{"iob":2.765,"basaliob":-1.683,"bolussnooze":0,"activity":0.043,"lastBolusTime":1703422149940,"time":"2023-12-24T14:08:42.723Z"}},{"iob":3.388,"basaliob":-0.774,"bolussnooze":0,"activity":0.0456,"lastBolusTime":1703422149940,"time":"2023-12-24T14:13:42.723Z","iobWithZeroTemp":{"iob":2.478,"basaliob":-1.684,"bolussnooze":0,"activity":0.0401,"lastBolusTime":1703422149940,"time":"2023-12-24T14:13:42.723Z"}},{"iob":3.166,"basaliob":-0.725,"bolussnooze":0,"activity":0.0433,"lastBolusTime":1703422149940,"time":"2023-12-24T14:18:42.723Z","iobWithZeroTemp":{"iob":2.205,"basaliob":-1.686,"bolussnooze":0,"activity":0.0373,"lastBolusTime":1703422149940,"time":"2023-12-24T14:18:42.723Z"}},{"iob":2.955,"basaliob":-0.678,"bolussnooze":0,"activity":0.041,"lastBolusTime":1703422149940,"time":"2023-12-24T14:23:42.723Z","iobWithZeroTemp":{"iob":1.947,"basaliob":-1.686,"bolussnooze":0,"activity":0.0344,"lastBolusTime":1703422149940,"time":"2023-12-24T14:23:42.723Z"}},{"iob":2.756,"basaliob":-0.634,"bolussnooze":0,"activity":0.0387,"lastBolusTime":1703422149940,"time":"2023-12-24T14:28:42.723Z","iobWithZeroTemp":{"iob":1.703,"basaliob":-1.687,"bolussnooze":0,"activity":0.0316,"lastBolusTime":1703422149940,"time":"2023-12-24T14:28:42.723Z"}},{"iob":2.568,"basaliob":-0.592,"bolussnooze":0,"activity":0.0365,"lastBolusTime":1703422149940,"time":"2023-12-24T14:33:42.723Z","iobWithZeroTemp":{"iob":1.472,"basaliob":-1.688,"bolussnooze":0,"activity":0.0289,"lastBolusTime":1703422149940,"time":"2023-12-24T14:33:42.723Z"}},{"iob":2.391,"basaliob":-0.552,"bolussnooze":0,"activity":0.0344,"lastBolusTime":1703422149940,"time":"2023-12-24T14:38:42.723Z","iobWithZeroTemp":{"iob":1.255,"basaliob":-1.688,"bolussnooze":0,"activity":0.0263,"lastBolusTime":1703422149940,"time":"2023-12-24T14:38:42.723Z"}},{"iob":2.224,"basaliob":-0.515,"bolussnooze":0,"activity":0.0324,"lastBolusTime":1703422149940,"time":"2023-12-24T14:43:42.723Z","iobWithZeroTemp":{"iob":1.05,"basaliob":-1.689,"bolussnooze":0,"activity":0.0239,"lastBolusTime":1703422149940,"time":"2023-12-24T14:43:42.723Z"}},{"iob":2.067,"basaliob":-0.479,"bolussnooze":0,"activity":0.0304,"lastBolusTime":1703422149940,"time":"2023-12-24T14:48:42.723Z","iobWithZeroTemp":{"iob":0.858,"basaliob":-1.688,"bolussnooze":0,"activity":0.0214,"lastBolusTime":1703422149940,"time":"2023-12-24T14:48:42.723Z"}},{"iob":1.919,"basaliob":-0.446,"bolussnooze":0,"activity":0.0285,"lastBolusTime":1703422149940,"time":"2023-12-24T14:53:42.723Z","iobWithZeroTemp":{"iob":0.677,"basaliob":-1.688,"bolussnooze":0,"activity":0.0191,"lastBolusTime":1703422149940,"time":"2023-12-24T14:53:42.723Z"}},{"iob":1.782,"basaliob":-0.414,"bolussnooze":0,"activity":0.0268,"lastBolusTime":1703422149940,"time":"2023-12-24T14:58:42.723Z","iobWithZeroTemp":{"iob":0.508,"basaliob":-1.688,"bolussnooze":0,"activity":0.017,"lastBolusTime":1703422149940,"time":"2023-12-24T14:58:42.723Z"}},{"iob":1.652,"basaliob":-0.385,"bolussnooze":0,"activity":0.0251,"lastBolusTime":1703422149940,"time":"2023-12-24T15:03:42.723Z","iobWithZeroTemp":{"iob":0.357,"basaliob":-1.68,"bolussnooze":0,"activity":0.0149,"lastBolusTime":1703422149940,"time":"2023-12-24T15:03:42.723Z"}},{"iob":1.531,"basaliob":-0.357,"bolussnooze":0,"activity":0.0234,"lastBolusTime":1703422149940,"time":"2023-12-24T15:08:42.723Z","iobWithZeroTemp":{"iob":0.217,"basaliob":-1.671,"bolussnooze":0,"activity":0.0129,"lastBolusTime":1703422149940,"time":"2023-12-24T15:08:42.723Z"}},{"iob":1.417,"basaliob":-0.331,"bolussnooze":0,"activity":0.022,"lastBolusTime":1703422149940,"time":"2023-12-24T15:13:42.723Z","iobWithZeroTemp":{"iob":0.086,"basaliob":-1.662,"bolussnooze":0,"activity":0.0112,"lastBolusTime":1703422149940,"time":"2023-12-24T15:13:42.723Z"}},{"iob":1.311,"basaliob":-0.307,"bolussnooze":0,"activity":0.0205,"lastBolusTime":1703422149940,"time":"2023-12-24T15:18:42.723Z","iobWithZeroTemp":{"iob":-0.036,"basaliob":-1.654,"bolussnooze":0,"activity":0.0094,"lastBolusTime":1703422149940,"time":"2023-12-24T15:18:42.723Z"}},{"iob":1.212,"basaliob":-0.284,"bolussnooze":0,"activity":0.0191,"lastBolusTime":1703422149940,"time":"2023-12-24T15:23:42.723Z","iobWithZeroTemp":{"iob":-0.15,"basaliob":-1.646,"bolussnooze":0,"activity":0.0077,"lastBolusTime":1703422149940,"time":"2023-12-24T15:23:42.723Z"}},{"iob":1.12,"basaliob":-0.263,"bolussnooze":0,"activity":0.0178,"lastBolusTime":1703422149940,"time":"2023-12-24T15:28:42.723Z","iobWithZeroTemp":{"iob":-0.255,"basaliob":-1.638,"bolussnooze":0,"activity":0.0061,"lastBolusTime":1703422149940,"time":"2023-12-24T15:28:42.723Z"}},{"iob":1.034,"basaliob":-0.243,"bolussnooze":0,"activity":0.0166,"lastBolusTime":1703422149940,"time":"2023-12-24T15:33:42.723Z","iobWithZeroTemp":{"iob":-0.353,"basaliob":-1.63,"bolussnooze":0,"activity":0.0047,"lastBolusTime":1703422149940,"time":"2023-12-24T15:33:42.723Z"}},{"iob":0.953,"basaliob":-0.225,"bolussnooze":0,"activity":0.0154,"lastBolusTime":1703422149940,"time":"2023-12-24T15:38:42.723Z","iobWithZeroTemp":{"iob":-0.445,"basaliob":-1.623,"bolussnooze":0,"activity":0.0033,"lastBolusTime":1703422149940,"time":"2023-12-24T15:38:42.723Z"}},{"iob":0.879,"basaliob":-0.207,"bolussnooze":0,"activity":0.0144,"lastBolusTime":1703422149940,"time":"2023-12-24T15:43:42.723Z","iobWithZeroTemp":{"iob":-0.529,"basaliob":-1.615,"bolussnooze":0,"activity":0.0021,"lastBolusTime":1703422149940,"time":"2023-12-24T15:43:42.723Z"}},{"iob":0.81,"basaliob":-0.191,"bolussnooze":0,"activity":0.0133,"lastBolusTime":1703422149940,"time":"2023-12-24T15:48:42.723Z","iobWithZeroTemp":{"iob":-0.607,"basaliob":-1.608,"bolussnooze":0,"activity":9.0E-4,"lastBolusTime":1703422149940,"time":"2023-12-24T15:48:42.723Z"}},{"iob":0.746,"basaliob":-0.176,"bolussnooze":0,"activity":0.0124,"lastBolusTime":1703422149940,"time":"2023-12-24T15:53:42.723Z","iobWithZeroTemp":{"iob":-0.679,"basaliob":-1.601,"bolussnooze":0,"activity":-2.0E-4,"lastBolusTime":1703422149940,"time":"2023-12-24T15:53:42.723Z"}},{"iob":0.685,"basaliob":-0.163,"bolussnooze":0,"activity":0.0115,"lastBolusTime":1703422149940,"time":"2023-12-24T15:58:42.723Z","iobWithZeroTemp":{"iob":-0.748,"basaliob":-1.596,"bolussnooze":0,"activity":-0.0013,"lastBolusTime":1703422149940,"time":"2023-12-24T15:58:42.723Z"}},{"iob":0.63,"basaliob":-0.15,"bolussnooze":0,"activity":0.0106,"lastBolusTime":1703422149940,"time":"2023-12-24T16:03:42.723Z","iobWithZeroTemp":{"iob":-0.81,"basaliob":-1.59,"bolussnooze":0,"activity":-0.0023,"lastBolusTime":1703422149940,"time":"2023-12-24T16:03:42.723Z"}},{"iob":0.579,"basaliob":-0.138,"bolussnooze":0,"activity":0.0099,"lastBolusTime":1703422149940,"time":"2023-12-24T16:08:42.723Z","iobWithZeroTemp":{"iob":-0.867,"basaliob":-1.584,"bolussnooze":0,"activity":-0.0031,"lastBolusTime":1703422149940,"time":"2023-12-24T16:08:42.723Z"}},{"iob":0.531,"basaliob":-0.127,"bolussnooze":0,"activity":0.0092,"lastBolusTime":1703422149940,"time":"2023-12-24T16:13:42.723Z","iobWithZeroTemp":{"iob":-0.92,"basaliob":-1.578,"bolussnooze":0,"activity":-0.0039,"lastBolusTime":1703422149940,"time":"2023-12-24T16:13:42.723Z"}},{"iob":0.488,"basaliob":-0.116,"bolussnooze":0,"activity":0.0084,"lastBolusTime":1703422149940,"time":"2023-12-24T16:18:42.723Z","iobWithZeroTemp":{"iob":-0.968,"basaliob":-1.572,"bolussnooze":0,"activity":-0.0048,"lastBolusTime":1703422149940,"time":"2023-12-24T16:18:42.723Z"}},{"iob":0.447,"basaliob":-0.107,"bolussnooze":0,"activity":0.0079,"lastBolusTime":1703422149940,"time":"2023-12-24T16:23:42.723Z","iobWithZeroTemp":{"iob":-1.014,"basaliob":-1.568,"bolussnooze":0,"activity":-0.0054,"lastBolusTime":1703422149940,"time":"2023-12-24T16:23:42.723Z"}},{"iob":0.409,"basaliob":-0.098,"bolussnooze":0,"activity":0.0072,"lastBolusTime":1703422149940,"time":"2023-12-24T16:28:42.723Z","iobWithZeroTemp":{"iob":-1.056,"basaliob":-1.563,"bolussnooze":0,"activity":-0.0062,"lastBolusTime":1703422149940,"time":"2023-12-24T16:28:42.723Z"}},{"iob":0.374,"basaliob":-0.09,"bolussnooze":0,"activity":0.0066,"lastBolusTime":1703422149940,"time":"2023-12-24T16:33:42.723Z","iobWithZeroTemp":{"iob":-1.095,"basaliob":-1.559,"bolussnooze":0,"activity":-0.0069,"lastBolusTime":1703422149940,"time":"2023-12-24T16:33:42.723Z"}},{"iob":0.343,"basaliob":-0.082,"bolussnooze":0,"activity":0.0062,"lastBolusTime":1703422149940,"time":"2023-12-24T16:38:42.723Z","iobWithZeroTemp":{"iob":-1.129,"basaliob":-1.554,"bolussnooze":0,"activity":-0.0073,"lastBolusTime":1703422149940,"time":"2023-12-24T16:38:42.723Z"}},{"iob":0.313,"basaliob":-0.075,"bolussnooze":0,"activity":0.0057,"lastBolusTime":1703422149940,"time":"2023-12-24T16:43:42.723Z","iobWithZeroTemp":{"iob":-1.162,"basaliob":-1.55,"bolussnooze":0,"activity":-0.0079,"lastBolusTime":1703422149940,"time":"2023-12-24T16:43:42.723Z"}},{"iob":0.286,"basaliob":-0.069,"bolussnooze":0,"activity":0.0053,"lastBolusTime":1703422149940,"time":"2023-12-24T16:48:42.723Z","iobWithZeroTemp":{"iob":-1.192,"basaliob":-1.547,"bolussnooze":0,"activity":-0.0084,"lastBolusTime":1703422149940,"time":"2023-12-24T16:48:42.723Z"}},{"iob":0.261,"basaliob":-0.063,"bolussnooze":0,"activity":0.0048,"lastBolusTime":1703422149940,"time":"2023-12-24T16:53:42.723Z","iobWithZeroTemp":{"iob":-1.219,"basaliob":-1.543,"bolussnooze":0,"activity":-0.0089,"lastBolusTime":1703422149940,"time":"2023-12-24T16:53:42.723Z"}},{"iob":0.238,"basaliob":-0.057,"bolussnooze":0,"activity":0.0045,"lastBolusTime":1703422149940,"time":"2023-12-24T16:58:42.723Z","iobWithZeroTemp":{"iob":-1.245,"basaliob":-1.54,"bolussnooze":0,"activity":-0.0093,"lastBolusTime":1703422149940,"time":"2023-12-24T16:58:42.723Z"}},{"iob":0.217,"basaliob":-0.052,"bolussnooze":0,"activity":0.004,"lastBolusTime":1703422149940,"time":"2023-12-24T17:03:42.723Z","iobWithZeroTemp":{"iob":-1.28,"basaliob":-1.549,"bolussnooze":0,"activity":-0.0098,"lastBolusTime":1703422149940,"time":"2023-12-24T17:03:42.723Z"}}],"profile":{"max_iob":15,"type":"current","max_daily_basal":1.2,"max_basal":3.59,"min_bg":99,"max_bg":99,"target_bg":99,"carb_ratio":4.285714285714286,"sens":20.57142857142857,"max_daily_safety_multiplier":3,"current_basal_safety_multiplier":4,"high_temptarget_raises_sensitivity":false,"low_temptarget_lowers_sensitivity":false,"sensitivity_raises_target":true,"resistance_lowers_target":true,"adv_target_adjustments":false,"exercise_mode":false,"half_basal_exercise_target":160,"maxCOB":120,"skip_neutral_temps":false,"remainingCarbsCap":90,"enableUAM":true,"A52_risk_enable":false,"SMBInterval":3,"enableSMB_with_COB":true,"enableSMB_with_temptarget":true,"allowSMB_with_high_temptarget":false,"enableSMB_always":false,"enableSMB_after_carbs":true,"maxSMBBasalMinutes":80,"maxUAMSMBBasalMinutes":60,"bolus_increment":0.05,"carbsReqThreshold":10,"current_basal":1,"temptargetSet":false,"autosens_max":1.2,"out_units":"mmol\/L"},"autosens_data":{"ratio":1},"meal_data":{"carbs":75,"mealCOB":0,"slopeFromMaxDeviation":-2.2796,"slopeFromMinDeviation":0,"lastBolusTime":1703422149940,"lastCarbTime":1703418436811},"microBolusAllowed":true,"currentTime":1703423324633,"flatBGsDetected":false},"output":{"temp":"absolute","bg":170,"tick":-9,"eventualBG":49,"targetBG":99,"insulinReq":0,"deliverAt":"2023-12-24T13:08:44.633Z","sensitivityRatio":1,"predBGs":{"IOB":[170,161,152,144,136,128,121,114,107,100,94,89,84,79,74,70,65,61,58,54,51,48,45,42,39],"ZT":[170,163,155,148,141,134,128,121,115,110,104,99,95,90,86,82,79,75,72,70,67,65,63,61,60,58,57,56,56,55,54,54,54,54,54,54,54,55,55,55,56,57,57,58,59,60,61,62]},"COB":0,"IOB":7.327,"reason":"COB: 0, Dev: 1.7, BGI: -0.4, ISF: 1.1, CR: 4.29, Target: 5.5, minPredBG 2.6, minGuardBG 0.6, IOBpredBG 2.2; minGuardBG 0.6<3.9","duration":120,"rate":0,"timestamp":"2023-12-24T13:08:44.751Z"}}