{"algorithm":"OpenAPSSMBPlugin","input":{"glucoseStatus":{"glucose":126,"noise":0,"delta":2,"short_avgdelta":2,"long_avgdelta":0.87,"date":1703416691000},"currenttemp":{"temp":"absolute","duration":50,"rate":0,"minutesrunning":10},"iob_data":[{"iob":3.242,"basaliob":-1.083,"bolussnooze":0,"activity":0.0468,"lastBolusTime":1703416429401,"time":"2023-12-24T11:18:41.749Z","iobWithZeroTemp":{"iob":3.242,"basaliob":-1.083,"bolussnooze":0,"activity":0.0468,"lastBolusTime":1703416429401,"time":"2023-12-24T11:18:41.749Z"}},{"iob":3.015,"basaliob":-1.044,"bolussnooze":0,"activity":0.044,"lastBolusTime":1703416429401,"time":"2023-12-24T11:23:41.749Z","iobWithZeroTemp":{"iob":2.949,"basaliob":-1.11,"bolussnooze":0,"activity":0.044,"lastBolusTime":1703416429401,"time":"2023-12-24T11:23:41.749Z"}},{"iob":2.803,"basaliob":-1.003,"bolussnooze":0,"activity":0.0412,"lastBolusTime":1703416429401,"time":"2023-12-24T11:28:41.749Z","iobWithZeroTemp":{"iob":2.654,"basaliob":-1.152,"bolussnooze":0,"activity":0.041,"lastBolusTime":1703416429401,"time":"2023-12-24T11:28:41.749Z"}},{"iob":2.603,"basaliob":-0.961,"bolussnooze":0,"activity":0.0387,"lastBolusTime":1703416429401,"time":"2023-12-24T11:33:41.749Z","iobWithZeroTemp":{"iob":2.372,"basaliob":-1.192,"bolussnooze":0,"activity":0.0382,"lastBolusTime":1703416429401,"time":"2023-12-24T11:33:41.749Z"}},{"iob":2.415,"basaliob":-0.919,"bolussnooze":0,"activity":0.0363,"lastBolusTime":1703416429401,"time":"2023-12-24T11:38:41.749Z","iobWithZeroTemp":{"iob":2.104,"basaliob":-1.23,"bolussnooze":0,"activity":0.0355,"lastBolusTime":1703416429401,"time":"2023-12-24T11:38:41.749Z"}},{"iob":2.24,"basaliob":-0.876,"bolussnooze":0,"activity":0.034,"lastBolusTime":1703416429401,"time":"2023-12-24T11:43:41.749Z","iobWithZeroTemp":{"iob":1.851,"basaliob":-1.265,"bolussnooze":0,"activity":0.0328,"lastBolusTime":1703416429401,"time":"2023-12-24T11:43:41.749Z"}},{"iob":2.075,"basaliob":-0.834,"bolussnooze":0,"activity":0.0318,"lastBolusTime":1703416429401,"time":"2023-12-24T11:48:41.749Z","iobWithZeroTemp":{"iob":1.61,"basaliob":-1.299,"bolussnooze":0,"activity":0.0301,"lastBolusTime":1703416429401,"time":"2023-12-24T11:48:41.749Z"}},{"iob":1.922,"basaliob":-0.792,"bolussnooze":0,"activity":0.0297,"lastBolusTime":1703416429401,"time":"2023-12-24T11:53:41.749Z","iobWithZeroTemp":{"iob":1.384,"basaliob":-1.33,"bolussnooze":0,"activity":0.0275,"lastBolusTime":1703416429401,"time":"2023-12-24T11:53:41.749Z"}},{"iob":1.778,"basaliob":-0.751,"bolussnooze":0,"activity":0.0278,"lastBolusTime":1703416429401,"time":"2023-12-24T11:58:41.749Z","iobWithZeroTemp":{"iob":1.169,"basaliob":-1.36,"bolussnooze":0,"activity":0.0251,"lastBolusTime":1703416429401,"time":"2023-12-24T11:58:41.749Z"}},{"iob":1.644,"basaliob":-0.711,"bolussnooze":0,"activity":0.0259,"lastBolusTime":1703416429401,"time":"2023-12-24T12:03:41.749Z","iobWithZeroTemp":{"iob":0.963,"basaliob":-1.392,"bolussnooze":0,"activity":0.0226,"lastBolusTime":1703416429401,"time":"2023-12-24T12:03:41.749Z"}},{"iob":1.519,"basaliob":-0.672,"bolussnooze":0,"activity":0.0241,"lastBolusTime":1703416429401,"time":"2023-12-24T12:08:41.749Z","iobWithZeroTemp":{"iob":0.768,"basaliob":-1.423,"bolussnooze":0,"activity":0.0203,"lastBolusTime":1703416429401,"time":"2023-12-24T12:08:41.749Z"}},{"iob":1.403,"basaliob":-0.634,"bolussnooze":0,"activity":0.0225,"lastBolusTime":1703416429401,"time":"2023-12-24T12:13:41.749Z","iobWithZeroTemp":{"iob":0.585,"basaliob":-1.452,"bolussnooze":0,"activity":0.0181,"lastBolusTime":1703416429401,"time":"2023-12-24T12:13:41.749Z"}},{"iob":1.295,"basaliob":-0.597,"bolussnooze":0,"activity":0.0209,"lastBolusTime":1703416429401,"time":"2023-12-24T12:18:41.749Z","iobWithZeroTemp":{"iob":0.413,"basaliob":-1.479,"bolussnooze":0,"activity":0.0159,"lastBolusTime":1703416429401,"time":"2023-12-24T12:18:41.749Z"}},{"iob":1.194,"basaliob":-0.562,"bolussnooze":0,"activity":0.0194,"lastBolusTime":1703416429401,"time":"2023-12-24T12:23:41.749Z","iobWithZeroTemp":{"iob":0.251,"basaliob":-1.505,"bolussnooze":0,"activity":0.0138,"lastBolusTime":1703416429401,"time":"2023-12-24T12:23:41.749Z"}},{"iob":1.101,"basaliob":-0.528,"bolussnooze":0,"activity":0.0181,"lastBolusTime":1703416429401,"time":"2023-12-24T12:28:41.749Z","iobWithZeroTemp":{"iob":0.1,"basaliob":-1.529,"bolussnooze":0,"activity":0.0119,"lastBolusTime":1703416429401,"time":"2023-12-24T12:28:41.749Z"}},{"iob":1.013,"basaliob":-0.496,"bolussnooze":0,"activity":0.0168,"lastBolusTime":1703416429401,"time":"2023-12-24T12:33:41.749Z","iobWithZeroTemp":{"iob":-0.043,"basaliob":-1.552,"bolussnooze":0,"activity":0.01,"lastBolusTime":1703416429401,"time":"2023-12-24T12:33:41.749Z"}},{"iob":0.933,"basaliob":-0.465,"bolussnooze":0,"activity":0.0156,"lastBolusTime":1703416429401,"time":"2023-12-24T12:38:41.749Z","iobWithZeroTemp":{"iob":-0.175,"basaliob":-1.573,"bolussnooze":0,"activity":0.0083,"lastBolusTime":1703416429401,"time":"2023-12-24T12:38:41.749Z"}},{"iob":0.858,"basaliob":-0.435,"bolussnooze":0,"activity":0.0145,"lastBolusTime":1703416429401,"time":"2023-12-24T12:43:41.749Z","iobWithZeroTemp":{"iob":-0.3,"basaliob":-1.593,"bolussnooze":0,"activity":0.0066,"lastBolusTime":1703416429401,"time":"2023-12-24T12:43:41.749Z"}},{"iob":0.789,"basaliob":-0.407,"bolussnooze":0,"activity":0.0133,"lastBolusTime":1703416429401,"time":"2023-12-24T12:48:41.749Z","iobWithZeroTemp":{"iob":-0.416,"basaliob":-1.612,"bolussnooze":0,"activity":0.0049,"lastBolusTime":1703416429401,"time":"2023-12-24T12:48:41.749Z"}},{"iob":0.724,"basaliob":-0.381,"bolussnooze":0,"activity":0.0124,"lastBolusTime":1703416429401,"time":"2023-12-24T12:53:41.749Z","iobWithZeroTemp":{"iob":-0.525,"basaliob":-1.63,"bolussnooze":0,"activity":0.0035,"lastBolusTime":1703416429401,"time":"2023-12-24T12:53:41.749Z"}},{"iob":0.664,"basaliob":-0.356,"bolussnooze":0,"activity":0.0115,"lastBolusTime":1703416429401,"time":"2023-12-24T12:58:41.749Z","iobWithZeroTemp":{"iob":-0.627,"basaliob":-1.647,"bolussnooze":0,"activity":0.0021,"lastBolusTime":1703416429401,"time":"2023-12-24T12:58:41.749Z"}},{"iob":0.609,"basaliob":-0.332,"bolussnooze":0,"activity":0.0106,"lastBolusTime":1703416429401,"time":"2023-12-24T13:03:41.749Z","iobWithZeroTemp":{"iob":-0.716,"basaliob":-1.657,"bolussnooze":0,"activity":7.0E-4,"lastBolusTime":1703416429401,"time":"2023-12-24T13:03:41.749Z"}},{"iob":0.559,"basaliob":-0.309,"bolussnooze":0,"activity":0.0098,"lastBolusTime":1703416429401,"time":"2023-12-24T13:08:41.749Z","iobWithZeroTemp":{"iob":-0.799,"basaliob":-1.667,"bolussnooze":0,"activity":-5.0E-4,"lastBolusTime":1703416429401,"time":"2023-12-24T13:08:41.749Z"}},{"iob":0.512,"basaliob":-0.288,"bolussnooze":0,"activity":0.0091,"lastBolusTime":1703416429401,"time":"2023-12-24T13:13:41.749Z","iobWithZeroTemp":{"iob":-0.876,"basaliob":-1.676,"bolussnooze":0,"activity":-0.0017,"lastBolusTime":1703416429401,"time":"2023-12-24T13:13:41.749Z"}},{"iob":0.468,"basaliob":-0.268,"bolussnooze":0,"activity":0.0083,"lastBolusTime":1703416429401,"time":"2023-12-24T13:18:41.749Z","iobWithZeroTemp":{"iob":-0.949,"basaliob":-1.685,"bolussnooze":0,"activity":-0.0029,"lastBolusTime":1703416429401,"time":"2023-12-24T13:18:41.749Z"}},{"iob":0.428,"basaliob":-0.249,"bolussnooze":0,"activity":0.0077,"lastBolusTime":1703416429401,"time":"2023-12-24T13:23:41.749Z","iobWithZeroTemp":{"iob":-1.015,"basaliob":-1.692,"bolussnooze":0,"activity":-0.0039,"lastBolusTime":1703416429401,"time":"2023-12-24T13:23:41.749Z"}},{"iob":0.391,"basaliob":-0.232,"bolussnooze":0,"activity":0.0071,"lastBolusTime":1703416429401,"time":"2023-12-24T13:28:41.749Z","iobWithZeroTemp":{"iob":-1.076,"basaliob":-1.699,"bolussnooze":0,"activity":-0.0048,"lastBolusTime":1703416429401,"time":"2023-12-24T13:28:41.749Z"}},{"iob":0.357,"basaliob":-0.215,"bolussnooze":0,"activity":0.0065,"lastBolusTime":1703416429401,"time":"2023-12-24T13:33:41.749Z","iobWithZeroTemp":{"iob":-1.133,"basaliob":-1.705,"bolussnooze":0,"activity":-0.0057,"lastBolusTime":1703416429401,"time":"2023-12-24T13:33:41.749Z"}},{"iob":0.326,"basaliob":-0.199,"bolussnooze":0,"activity":0.006,"lastBolusTime":1703416429401,"time":"2023-12-24T13:38:41.749Z","iobWithZeroTemp":{"iob":-1.185,"basaliob":-1.71,"bolussnooze":0,"activity":-0.0066,"lastBolusTime":1703416429401,"time":"2023-12-24T13:38:41.749Z"}},{"iob":0.297,"basaliob":-0.185,"bolussnooze":0,"activity":0.0055,"lastBolusTime":1703416429401,"time":"2023-12-24T13:43:41.749Z","iobWithZeroTemp":{"iob":-1.234,"basaliob":-1.716,"bolussnooze":0,"activity":-0.0074,"lastBolusTime":1703416429401,"time":"2023-12-24T13:43:41.749Z"}},{"iob":0.271,"basaliob":-0.171,"bolussnooze":0,"activity":0.0051,"lastBolusTime":1703416429401,"time":"2023-12-24T13:48:41.749Z","iobWithZeroTemp":{"iob":-1.278,"basaliob":-1.72,"bolussnooze":0,"activity":-0.008,"lastBolusTime":1703416429401,"time":"2023-12-24T13:48:41.749Z"}},{"iob":0.246,"basaliob":-0.159,"bolussnooze":0,"activity":0.0046,"lastBolusTime":1703416429401,"time":"2023-12-24T13:53:41.749Z","iobWithZeroTemp":{"iob":-1.32,"basaliob":-1.725,"bolussnooze":0,"activity":-0.0088,"lastBolusTime":1703416429401,"time":"2023-12-24T13:53:41.749Z"}},{"iob":0.223,"basaliob":-0.147,"bolussnooze":0,"activity":0.0043,"lastBolusTime":1703416429401,"time":"2023-12-24T13:58:41.749Z","iobWithZeroTemp":{"iob":-1.359,"basaliob":-1.729,"bolussnooze":0,"activity":-0.0093,"lastBolusTime":1703416429401,"time":"2023-12-24T13:58:41.749Z"}},{"iob":0.203,"basaliob":-0.136,"bolussnooze":0,"activity":0.004,"lastBolusTime":1703416429401,"time":"2023-12-24T14:03:41.749Z","iobWithZeroTemp":{"iob":-1.389,"basaliob":-1.728,"bolussnooze":0,"activity":-0.0098,"lastBolusTime":1703416429401,"time":"2023-12-24T14:03:41.749Z"}},{"iob":0.184,"basaliob":-0.125,"bolussnooze":0,"activity":0.0036,"lastBolusTime":1703416429401,"time":"2023-12-24T14:08:41.749Z","iobWithZeroTemp":{"iob":-1.418,"basaliob":-1.727,"bolussnooze":0,"activity":-0.0104,"lastBolusTime":1703416429401,"time":"2023-12-24T14:08:41.749Z"}},{"iob":0.167,"basaliob":-0.116,"bolussnooze":0,"activity":0.0033,"lastBolusTime":1703416429401,"time":"2023-12-24T14:13:41.749Z","iobWithZeroTemp":{"iob":-1.443,"basaliob":-1.726,"bolussnooze":0,"activity":-0.0109,"lastBolusTime":1703416429401,"time":"2023-12-24T14:13:41.749Z"}},{"iob":0.151,"basaliob":-0.107,"bolussnooze":0,"activity":0.0031,"lastBolusTime":1703416429401,"time":"2023-12-24T14:18:41.749Z","iobWithZeroTemp":{"iob":-1.467,"basaliob":-1.725,"bolussnooze":0,"activity":-0.0113,"lastBolusTime":1703416429401,"time":"2023-12-24T14:18:41.749Z"}},{"iob":0.137,"basaliob":-0.098,"bolussnooze":0,"activity":0.0028,"lastBolusTime":1703416429401,"time":"2023-12-24T14:23:41.749Z","iobWithZeroTemp":{"iob":-1.488,"basaliob":-1.723,"bolussnooze":0,"activity":-0.0117,"lastBolusTime":1703416429401,"time":"2023-12-24T14:23:41.749Z"}},{"iob":0.124,"basaliob":-0.09,"bolussnooze":0,"activity":0.0025,"lastBolusTime":1703416429401,"time":"2023-12-24T14:28:41.749Z","iobWithZeroTemp":{"iob":-1.507,"basaliob":-1.721,"bolussnooze":0,"activity":-0.0122,"lastBolusTime":1703416429401,"time":"2023-12-24T14:28:41.749Z"}},{"iob":0.112,"basaliob":-0.083,"bolussnooze":0,"activity":0.0023,"lastBolusTime":1703416429401,"time":"2023-12-24T14:33:41.749Z","iobWithZeroTemp":{"iob":-1.525,"basaliob":-1.72,"bolussnooze":0,"activity":-0.0125,"lastBolusTime":1703416429401,"time":"2023-12-24T14:33:41.749Z"}},{"iob":0.1,"basaliob":-0.077,"bolussnooze":0,"activity":0.0021,"lastBolusTime":1703416429401,"time":"2023-12-24T14:38:41.749Z","iobWithZeroTemp":{"iob":-1.541,"basaliob":-1.718,"bolussnooze":0,"activity":-0.0128,"lastBolusTime":1703416429401,"time":"2023-12-24T14:38:41.749Z"}},{"iob":0.091,"basaliob":-0.07,"bolussnooze":0,"activity":0.0019,"lastBolusTime":1703416429401,"time":"2023-12-24T14:43:41.749Z","iobWithZeroTemp":{"iob":-1.555,"basaliob":-1.716,"bolussnooze":0,"activity":-0.0131,"lastBolusTime":1703416429401,"time":"2023-12-24T14:43:41.749Z"}},{"iob":0.081,"basaliob":-0.065,"bolussnooze":0,"activity":0.0018,"lastBolusTime":1703416429401,"time":"2023-12-24T14:48:41.749Z","iobWithZeroTemp":{"iob":-1.569,"basaliob":-1.715,"bolussnooze":0,"activity":-0.0133,"lastBolusTime":1703416429401,"time":"2023-12-24T14:48:41.749Z"}},{"iob":0.073,"basaliob":-0.059,"bolussnooze":0,"activity":0.0016,"lastBolusTime":1703416429401,"time":"2023-12-24T14:53:41.749Z","iobWithZeroTemp":{"iob":-1.58,"basaliob":-1.712,"bolussnooze":0,"activity":-0.0136,"lastBolusTime":1703416429401,"time":"2023-12-24T14:53:41.749Z"}},{"iob":0.066,"basaliob":-0.054,"bolussnooze":0,"activity":0.0015,"lastBolusTime":1703416429401,"time":"2023-12-24T14:58:41.749Z","iobWithZeroTemp":{"iob":-1.59,"basaliob":-1.71,"bolussnooze":0,"activity":-0.0138,"lastBolusTime":1703416429401,"time":"2023-12-24T14:58:41.749Z"}},{"iob":0.058,"basaliob":-0.05,"bolussnooze":0,"activity":0.0013,"lastBolusTime":1703416429401,"time":"2023-12-24T15:03:41.749Z","iobWithZeroTemp":{"iob":-1.593,"basaliob":-1.701,"bolussnooze":0,"activity":-0.014,"lastBolusTime":1703416429401,"time":"2023-12-24T15:03:41.749Z"}},{"iob":0.052,"basaliob":-0.046,"bolussnooze":0,"activity":0.0012,"lastBolusTime":1703416429401,"time":"2023-12-24T15:08:41.749Z","iobWithZeroTemp":{"iob":-1.593,"basaliob":-1.691,"bolussnooze":0,"activity":-0.0142,"lastBolusTime":1703416429401,"time":"2023-12-24T15:08:41.749Z"}},{"iob":0.046,"basaliob":-0.042,"bolussnooze":0,"activity":0.0011,"lastBolusTime":1703416429401,"time":"2023-12-24T15:13:41.749Z","iobWithZeroTemp":{"iob":-1.593,"basaliob":-1.681,"bolussnooze":0,"activity":-0.0143,"lastBolusTime":1703416429401,"time":"2023-12-24T15:13:41.749Z"}}],"profile":{"max_iob":15,"type":"current","max_daily_basal":1.2,"max_basal":3.59,"min_bg":99,"max_bg":99,"target_bg":99,"carb_ratio":4.285714285714286,"sens":20.57142857142857,"max_daily_safety_multiplier":3,"current_basal_safety_multiplier":4,"high_temptarget_raises_sensitivity":false,"low_temptarget_lowers_sensitivity":false,"sensitivity_raises_target":true,"resistance_lowers_target":true,"adv_target_adjustments":false,"exercise_mode":false,"half_basal_exercise_target":160,"maxCOB":120,"skip_neutral_temps":false,"remainingCarbsCap":90,"enableUAM":true,"A52_risk_enable":false,"SMBInterval":3,"enableSMB_with_COB":true,"enableSMB_with_temptarget":true,"allowSMB_with_high_temptarget":false,"enableSMB_always":false,"enableSMB_after_carbs":true,"maxSMBBasalMinutes":80,"maxUAMSMBBasalMinutes":60,"bolus_increment":0.05,"carbsReqThreshold":10,"current_basal":1,"temptargetSet":false,"autosens_max":1.2,"out_units":"mmol\/L"},"autosens_data":{"ratio":1},"meal_data":{"carbs":55,"mealCOB":16.354761904761915,"slopeFromMaxDeviation":-0.39714285714285724,"slopeFromMinDeviation":0.7119999999999997,"lastBolusTime":1703416429401,"lastCarbTime":1703415010000},"microBolusAllowed":true,"currentTime":1703416723737,"flatBGsDetected":false},"output":{"temp":"absolute","bg":126,"tick":"+2","eventualBG":133,"targetBG":99,"insulinReq":0.92,"deliverAt":"2023-12-24T11:18:43.737Z","sensitivityRatio":1,"predBGs":{"IOB":[126,127,129,129,130,130,130,130,129,128,126,124,122,120,118,116,114,113,111,110,108,107,106,105,104,103,103,102,101,101,100,99,99,99,98,98,97,97,97,97,96,96,96,96,96,95],"ZT":[126,121,117,112,109,105,101,98,96,93,91,89,87,85,84,82,81,80,80,79,79,79,79,79,79,79,80,80,81,81,82,83,84,85,86,87,88,89,90,92,93,94,96,97,98],"COB":[126,128,129,131,133,134,136,137,139,140,141,142,143,144,145,145,146,146,146,146,145,145,144,143,142,141,140,140,139,138,138,137,137,136,136,136,135,135,135,134,134,134,134,134,133],"UAM":[126,128,129,130,132,133,134,134,135,135,135,135,135,134,134,133,131,130,128,127,125,124,123,122,121,120,120,119,118,118,117,116,116,116,115,115,114,114,114,114,113,113,113,113,113,112]},"COB":16.354761904761915,"IOB":3.242,"reason":"COB: 16.4, Dev: 2.3, BGI: -0.3, ISF: 1.1, CR: 4.29, Target: 5.5, minPredBG 6.6, minGuardBG 6.5, IOBpredBG 5.3, COBpredBG 7.4, UAMpredBG 6.2; Eventual BG 7.4 >= 5.5,  insulinReq 0.92; setting 60m low temp of 0U\/h. Microbolusing 0.45U. ","units":0.45,"rate":0,"duration":60,"timestamp":"2023-12-24T11:18:43.819Z"}}