{"algorithm":"OpenAPSSMBPlugin","input":{"glucoseStatus":{"glucose":214,"noise":0,"delta":3,"short_avgdelta":3.78,"long_avgdelta":5.55,"date":1703448192000},"currenttemp":{"temp":"absolute","duration":45,"rate":0,"minutesrunning":15},"iob_data":[{"iob":9.284,"basaliob":-0.054,"bolussnooze":0.1222,"activity":0.0586,"lastBolusTime":1703447963526,"time":"2023-12-24T20:03:42.397Z","iobWithZeroTemp":{"iob":9.284,"basaliob":-0.054,"bolussnooze":0.1222,"activity":0.0586,"lastBolusTime":1703447963526,"time":"2023-12-24T20:03:42.397Z"}},{"iob":8.98,"basaliob":-0.041,"bolussnooze":0.0815,"activity":0.063,"lastBolusTime":1703447963526,"time":"2023-12-24T20:08:42.397Z","iobWithZeroTemp":{"iob":8.914,"basaliob":-0.107,"bolussnooze":0.0815,"activity":0.063,"lastBolusTime":1703447963526,"time":"2023-12-24T20:08:42.397Z"}},{"iob":8.656,"basaliob":-0.031,"bolussnooze":0.0534,"activity":0.0663,"lastBolusTime":1703447963526,"time":"2023-12-24T20:13:42.397Z","iobWithZeroTemp":{"iob":8.507,"basaliob":-0.18,"bolussnooze":0.0534,"activity":0.0661,"lastBolusTime":1703447963526,"time":"2023-12-24T20:13:42.397Z"}},{"iob":8.319,"basaliob":-0.021,"bolussnooze":0.0343,"activity":0.0686,"lastBolusTime":1703447963526,"time":"2023-12-24T20:18:42.397Z","iobWithZeroTemp":{"iob":8.088,"basaliob":-0.252,"bolussnooze":0.0343,"activity":0.0681,"lastBolusTime":1703447963526,"time":"2023-12-24T20:18:42.397Z"}},{"iob":7.971,"basaliob":-0.014,"bolussnooze":0.0216,"activity":0.0699,"lastBolusTime":1703447963526,"time":"2023-12-24T20:23:42.397Z","iobWithZeroTemp":{"iob":7.66,"basaliob":-0.325,"bolussnooze":0.0216,"activity":0.0691,"lastBolusTime":1703447963526,"time":"2023-12-24T20:23:42.397Z"}},{"iob":7.62,"basaliob":-0.007,"bolussnooze":0.0133,"activity":0.0705,"lastBolusTime":1703447963526,"time":"2023-12-24T20:28:42.397Z","iobWithZeroTemp":{"iob":7.231,"basaliob":-0.396,"bolussnooze":0.0133,"activity":0.0693,"lastBolusTime":1703447963526,"time":"2023-12-24T20:28:42.397Z"}},{"iob":7.267,"basaliob":-0.001,"bolussnooze":0.008,"activity":0.0704,"lastBolusTime":1703447963526,"time":"2023-12-24T20:33:42.397Z","iobWithZeroTemp":{"iob":6.802,"basaliob":-0.466,"bolussnooze":0.008,"activity":0.0687,"lastBolusTime":1703447963526,"time":"2023-12-24T20:33:42.397Z"}},{"iob":6.917,"basaliob":0.004,"bolussnooze":0.0046,"activity":0.0699,"lastBolusTime":1703447963526,"time":"2023-12-24T20:38:42.397Z","iobWithZeroTemp":{"iob":6.379,"basaliob":-0.534,"bolussnooze":0.0046,"activity":0.0677,"lastBolusTime":1703447963526,"time":"2023-12-24T20:38:42.397Z"}},{"iob":6.569,"basaliob":0.008,"bolussnooze":0.0026,"activity":0.0689,"lastBolusTime":1703447963526,"time":"2023-12-24T20:43:42.397Z","iobWithZeroTemp":{"iob":5.96,"basaliob":-0.601,"bolussnooze":0.0026,"activity":0.0662,"lastBolusTime":1703447963526,"time":"2023-12-24T20:43:42.397Z"}},{"iob":6.228,"basaliob":0.011,"bolussnooze":0.0013,"activity":0.0675,"lastBolusTime":1703447963526,"time":"2023-12-24T20:48:42.397Z","iobWithZeroTemp":{"iob":5.551,"basaliob":-0.666,"bolussnooze":0.0013,"activity":0.0642,"lastBolusTime":1703447963526,"time":"2023-12-24T20:48:42.397Z"}},{"iob":5.895,"basaliob":0.014,"bolussnooze":6.0E-4,"activity":0.0658,"lastBolusTime":1703447963526,"time":"2023-12-24T20:53:42.397Z","iobWithZeroTemp":{"iob":5.152,"basaliob":-0.729,"bolussnooze":6.0E-4,"activity":0.062,"lastBolusTime":1703447963526,"time":"2023-12-24T20:53:42.397Z"}},{"iob":5.572,"basaliob":0.017,"bolussnooze":3.0E-4,"activity":0.0639,"lastBolusTime":1703447963526,"time":"2023-12-24T20:58:42.397Z","iobWithZeroTemp":{"iob":4.767,"basaliob":-0.788,"bolussnooze":3.0E-4,"activity":0.0595,"lastBolusTime":1703447963526,"time":"2023-12-24T20:58:42.397Z"}},{"iob":5.257,"basaliob":0.018,"bolussnooze":1.0E-4,"activity":0.0618,"lastBolusTime":1703447963526,"time":"2023-12-24T21:03:42.397Z","iobWithZeroTemp":{"iob":4.4,"basaliob":-0.839,"bolussnooze":1.0E-4,"activity":0.0568,"lastBolusTime":1703447963526,"time":"2023-12-24T21:03:42.397Z"}},{"iob":4.954,"basaliob":0.02,"bolussnooze":0,"activity":0.0596,"lastBolusTime":1703447963526,"time":"2023-12-24T21:08:42.397Z","iobWithZeroTemp":{"iob":4.048,"basaliob":-0.886,"bolussnooze":0,"activity":0.0541,"lastBolusTime":1703447963526,"time":"2023-12-24T21:08:42.397Z"}},{"iob":4.662,"basaliob":0.021,"bolussnooze":0,"activity":0.0572,"lastBolusTime":1703447963526,"time":"2023-12-24T21:13:42.397Z","iobWithZeroTemp":{"iob":3.71,"basaliob":-0.931,"bolussnooze":0,"activity":0.0512,"lastBolusTime":1703447963526,"time":"2023-12-24T21:13:42.397Z"}},{"iob":4.381,"basaliob":0.022,"bolussnooze":0,"activity":0.0549,"lastBolusTime":1703447963526,"time":"2023-12-24T21:18:42.397Z","iobWithZeroTemp":{"iob":3.385,"basaliob":-0.974,"bolussnooze":0,"activity":0.0483,"lastBolusTime":1703447963526,"time":"2023-12-24T21:18:42.397Z"}},{"iob":4.113,"basaliob":0.022,"bolussnooze":0,"activity":0.0525,"lastBolusTime":1703447963526,"time":"2023-12-24T21:23:42.397Z","iobWithZeroTemp":{"iob":3.076,"basaliob":-1.015,"bolussnooze":0,"activity":0.0454,"lastBolusTime":1703447963526,"time":"2023-12-24T21:23:42.397Z"}},{"iob":3.856,"basaliob":0.022,"bolussnooze":0,"activity":0.0501,"lastBolusTime":1703447963526,"time":"2023-12-24T21:28:42.397Z","iobWithZeroTemp":{"iob":2.78,"basaliob":-1.054,"bolussnooze":0,"activity":0.0426,"lastBolusTime":1703447963526,"time":"2023-12-24T21:28:42.397Z"}},{"iob":3.612,"basaliob":0.022,"bolussnooze":0,"activity":0.0477,"lastBolusTime":1703447963526,"time":"2023-12-24T21:33:42.397Z","iobWithZeroTemp":{"iob":2.5,"basaliob":-1.09,"bolussnooze":0,"activity":0.0397,"lastBolusTime":1703447963526,"time":"2023-12-24T21:33:42.397Z"}},{"iob":3.379,"basaliob":0.022,"bolussnooze":0,"activity":0.0452,"lastBolusTime":1703447963526,"time":"2023-12-24T21:38:42.397Z","iobWithZeroTemp":{"iob":2.233,"basaliob":-1.124,"bolussnooze":0,"activity":0.0368,"lastBolusTime":1703447963526,"time":"2023-12-24T21:38:42.397Z"}},{"iob":3.159,"basaliob":0.022,"bolussnooze":0,"activity":0.043,"lastBolusTime":1703447963526,"time":"2023-12-24T21:43:42.397Z","iobWithZeroTemp":{"iob":1.981,"basaliob":-1.156,"bolussnooze":0,"activity":0.0342,"lastBolusTime":1703447963526,"time":"2023-12-24T21:43:42.397Z"}},{"iob":2.95,"basaliob":0.022,"bolussnooze":0,"activity":0.0407,"lastBolusTime":1703447963526,"time":"2023-12-24T21:48:42.397Z","iobWithZeroTemp":{"iob":1.742,"basaliob":-1.186,"bolussnooze":0,"activity":0.0315,"lastBolusTime":1703447963526,"time":"2023-12-24T21:48:42.397Z"}},{"iob":2.752,"basaliob":0.021,"bolussnooze":0,"activity":0.0384,"lastBolusTime":1703447963526,"time":"2023-12-24T21:53:42.397Z","iobWithZeroTemp":{"iob":1.516,"basaliob":-1.215,"bolussnooze":0,"activity":0.0288,"lastBolusTime":1703447963526,"time":"2023-12-24T21:53:42.397Z"}},{"iob":2.566,"basaliob":0.021,"bolussnooze":0,"activity":0.0363,"lastBolusTime":1703447963526,"time":"2023-12-24T21:58:42.397Z","iobWithZeroTemp":{"iob":1.304,"basaliob":-1.241,"bolussnooze":0,"activity":0.0263,"lastBolusTime":1703447963526,"time":"2023-12-24T21:58:42.397Z"}},{"iob":2.389,"basaliob":0.02,"bolussnooze":0,"activity":0.0342,"lastBolusTime":1703447963526,"time":"2023-12-24T22:03:42.397Z","iobWithZeroTemp":{"iob":1.111,"basaliob":-1.258,"bolussnooze":0,"activity":0.0239,"lastBolusTime":1703447963526,"time":"2023-12-24T22:03:42.397Z"}},{"iob":2.223,"basaliob":0.019,"bolussnooze":0,"activity":0.0322,"lastBolusTime":1703447963526,"time":"2023-12-24T22:08:42.397Z","iobWithZeroTemp":{"iob":0.93,"basaliob":-1.274,"bolussnooze":0,"activity":0.0216,"lastBolusTime":1703447963526,"time":"2023-12-24T22:08:42.397Z"}},{"iob":2.067,"basaliob":0.019,"bolussnooze":0,"activity":0.0302,"lastBolusTime":1703447963526,"time":"2023-12-24T22:13:42.397Z","iobWithZeroTemp":{"iob":0.761,"basaliob":-1.287,"bolussnooze":0,"activity":0.0193,"lastBolusTime":1703447963526,"time":"2023-12-24T22:13:42.397Z"}},{"iob":1.92,"basaliob":0.018,"bolussnooze":0,"activity":0.0284,"lastBolusTime":1703447963526,"time":"2023-12-24T22:18:42.397Z","iobWithZeroTemp":{"iob":0.603,"basaliob":-1.299,"bolussnooze":0,"activity":0.0173,"lastBolusTime":1703447963526,"time":"2023-12-24T22:18:42.397Z"}},{"iob":1.782,"basaliob":0.017,"bolussnooze":0,"activity":0.0266,"lastBolusTime":1703447963526,"time":"2023-12-24T22:23:42.397Z","iobWithZeroTemp":{"iob":0.454,"basaliob":-1.311,"bolussnooze":0,"activity":0.0153,"lastBolusTime":1703447963526,"time":"2023-12-24T22:23:42.397Z"}},{"iob":1.654,"basaliob":0.017,"bolussnooze":0,"activity":0.0249,"lastBolusTime":1703447963526,"time":"2023-12-24T22:28:42.397Z","iobWithZeroTemp":{"iob":0.316,"basaliob":-1.321,"bolussnooze":0,"activity":0.0134,"lastBolusTime":1703447963526,"time":"2023-12-24T22:28:42.397Z"}},{"iob":1.533,"basaliob":0.016,"bolussnooze":0,"activity":0.0233,"lastBolusTime":1703447963526,"time":"2023-12-24T22:33:42.397Z","iobWithZeroTemp":{"iob":0.187,"basaliob":-1.33,"bolussnooze":0,"activity":0.0116,"lastBolusTime":1703447963526,"time":"2023-12-24T22:33:42.397Z"}},{"iob":1.419,"basaliob":0.015,"bolussnooze":0,"activity":0.0218,"lastBolusTime":1703447963526,"time":"2023-12-24T22:38:42.397Z","iobWithZeroTemp":{"iob":0.065,"basaliob":-1.339,"bolussnooze":0,"activity":0.0099,"lastBolusTime":1703447963526,"time":"2023-12-24T22:38:42.397Z"}},{"iob":1.314,"basaliob":0.015,"bolussnooze":0,"activity":0.0204,"lastBolusTime":1703447963526,"time":"2023-12-24T22:43:42.397Z","iobWithZeroTemp":{"iob":-0.047,"basaliob":-1.346,"bolussnooze":0,"activity":0.0084,"lastBolusTime":1703447963526,"time":"2023-12-24T22:43:42.397Z"}},{"iob":1.215,"basaliob":0.014,"bolussnooze":0,"activity":0.019,"lastBolusTime":1703447963526,"time":"2023-12-24T22:48:42.397Z","iobWithZeroTemp":{"iob":-0.152,"basaliob":-1.353,"bolussnooze":0,"activity":0.0068,"lastBolusTime":1703447963526,"time":"2023-12-24T22:48:42.397Z"}},{"iob":1.123,"basaliob":0.013,"bolussnooze":0,"activity":0.0178,"lastBolusTime":1703447963526,"time":"2023-12-24T22:53:42.397Z","iobWithZeroTemp":{"iob":-0.25,"basaliob":-1.36,"bolussnooze":0,"activity":0.0055,"lastBolusTime":1703447963526,"time":"2023-12-24T22:53:42.397Z"}},{"iob":1.037,"basaliob":0.012,"bolussnooze":0,"activity":0.0165,"lastBolusTime":1703447963526,"time":"2023-12-24T22:58:42.397Z","iobWithZeroTemp":{"iob":-0.341,"basaliob":-1.366,"bolussnooze":0,"activity":0.0041,"lastBolusTime":1703447963526,"time":"2023-12-24T22:58:42.397Z"}},{"iob":0.957,"basaliob":0.012,"bolussnooze":0,"activity":0.0154,"lastBolusTime":1703447963526,"time":"2023-12-24T23:03:42.397Z","iobWithZeroTemp":{"iob":-0.425,"basaliob":-1.37,"bolussnooze":0,"activity":0.0029,"lastBolusTime":1703447963526,"time":"2023-12-24T23:03:42.397Z"}},{"iob":0.883,"basaliob":0.011,"bolussnooze":0,"activity":0.0143,"lastBolusTime":1703447963526,"time":"2023-12-24T23:08:42.397Z","iobWithZeroTemp":{"iob":-0.503,"basaliob":-1.375,"bolussnooze":0,"activity":0.0017,"lastBolusTime":1703447963526,"time":"2023-12-24T23:08:42.397Z"}},{"iob":0.814,"basaliob":0.011,"bolussnooze":0,"activity":0.0133,"lastBolusTime":1703447963526,"time":"2023-12-24T23:13:42.397Z","iobWithZeroTemp":{"iob":-0.575,"basaliob":-1.378,"bolussnooze":0,"activity":6.0E-4,"lastBolusTime":1703447963526,"time":"2023-12-24T23:13:42.397Z"}},{"iob":0.749,"basaliob":0.01,"bolussnooze":0,"activity":0.0124,"lastBolusTime":1703447963526,"time":"2023-12-24T23:18:42.397Z","iobWithZeroTemp":{"iob":-0.643,"basaliob":-1.382,"bolussnooze":0,"activity":-4.0E-4,"lastBolusTime":1703447963526,"time":"2023-12-24T23:18:42.397Z"}},{"iob":0.689,"basaliob":0.009,"bolussnooze":0,"activity":0.0115,"lastBolusTime":1703447963526,"time":"2023-12-24T23:23:42.397Z","iobWithZeroTemp":{"iob":-0.706,"basaliob":-1.386,"bolussnooze":0,"activity":-0.0013,"lastBolusTime":1703447963526,"time":"2023-12-24T23:23:42.397Z"}},{"iob":0.634,"basaliob":0.009,"bolussnooze":0,"activity":0.0107,"lastBolusTime":1703447963526,"time":"2023-12-24T23:28:42.397Z","iobWithZeroTemp":{"iob":-0.764,"basaliob":-1.389,"bolussnooze":0,"activity":-0.0022,"lastBolusTime":1703447963526,"time":"2023-12-24T23:28:42.397Z"}},{"iob":0.583,"basaliob":0.008,"bolussnooze":0,"activity":0.0099,"lastBolusTime":1703447963526,"time":"2023-12-24T23:33:42.397Z","iobWithZeroTemp":{"iob":-0.817,"basaliob":-1.392,"bolussnooze":0,"activity":-0.003,"lastBolusTime":1703447963526,"time":"2023-12-24T23:33:42.397Z"}},{"iob":0.535,"basaliob":0.008,"bolussnooze":0,"activity":0.0092,"lastBolusTime":1703447963526,"time":"2023-12-24T23:38:42.397Z","iobWithZeroTemp":{"iob":-0.867,"basaliob":-1.394,"bolussnooze":0,"activity":-0.0038,"lastBolusTime":1703447963526,"time":"2023-12-24T23:38:42.397Z"}},{"iob":0.491,"basaliob":0.007,"bolussnooze":0,"activity":0.0085,"lastBolusTime":1703447963526,"time":"2023-12-24T23:43:42.397Z","iobWithZeroTemp":{"iob":-0.912,"basaliob":-1.396,"bolussnooze":0,"activity":-0.0045,"lastBolusTime":1703447963526,"time":"2023-12-24T23:43:42.397Z"}},{"iob":0.451,"basaliob":0.007,"bolussnooze":0,"activity":0.0078,"lastBolusTime":1703447963526,"time":"2023-12-24T23:48:42.397Z","iobWithZeroTemp":{"iob":-0.954,"basaliob":-1.398,"bolussnooze":0,"activity":-0.0053,"lastBolusTime":1703447963526,"time":"2023-12-24T23:48:42.397Z"}},{"iob":0.412,"basaliob":0.006,"bolussnooze":0,"activity":0.0073,"lastBolusTime":1703447963526,"time":"2023-12-24T23:53:42.397Z","iobWithZeroTemp":{"iob":-0.994,"basaliob":-1.4,"bolussnooze":0,"activity":-0.0058,"lastBolusTime":1703447963526,"time":"2023-12-24T23:53:42.397Z"}},{"iob":0.378,"basaliob":0.006,"bolussnooze":0,"activity":0.0067,"lastBolusTime":1703447963526,"time":"2023-12-24T23:58:42.397Z","iobWithZeroTemp":{"iob":-1.029,"basaliob":-1.401,"bolussnooze":0,"activity":-0.0064,"lastBolusTime":1703447963526,"time":"2023-12-24T23:58:42.397Z"}}],"profile":{"max_iob":15,"type":"current","max_daily_basal":1.2,"max_basal":3.59,"min_bg":99,"max_bg":99,"target_bg":99,"carb_ratio":4.761904761904762,"sens":24,"max_daily_safety_multiplier":3,"current_basal_safety_multiplier":4,"high_temptarget_raises_sensitivity":false,"low_temptarget_lowers_sensitivity":false,"sensitivity_raises_target":true,"resistance_lowers_target":true,"adv_target_adjustments":false,"exercise_mode":false,"half_basal_exercise_target":160,"maxCOB":120,"skip_neutral_temps":false,"remainingCarbsCap":90,"enableUAM":true,"A52_risk_enable":false,"SMBInterval":3,"enableSMB_with_COB":true,"enableSMB_with_temptarget":true,"allowSMB_with_high_temptarget":false,"enableSMB_always":false,"enableSMB_after_carbs":true,"maxSMBBasalMinutes":80,"maxUAMSMBBasalMinutes":60,"bolus_increment":0.05,"carbsReqThreshold":10,"current_basal":1,"temptargetSet":false,"autosens_max":1.2,"out_units":"mmol\/L"},"autosens_data":{"ratio":1},"meal_data":{"carbs":56,"mealCOB":0,"slopeFromMaxDeviation":-0.11649999999999938,"slopeFromMinDeviation":0.6818000000000001,"lastBolusTime":1703447963526,"lastCarbTime":1703445773664},"microBolusAllowed":true,"currentTime":1703448224479,"flatBGsDetected":false},"output":{"temp":"absolute","bg":214,"tick":"+3","eventualBG":172,"targetBG":99,"insulinReq":0.29,"deliverAt":"2023-12-24T20:03:44.479Z","sensitivityRatio":1,"predBGs":{"IOB":[214,216,217,216,215,212,209,205,200,194,187,180,173,165,158,151,145,138,132,127,121,116,111,106,102,98,94,91,87,84,81,78,76,73,71,69,67,65,63,62,60,59,57,56,55,54,53,52],"ZT":[214,207,199,191,183,175,167,158,150,142,135,127,120,113,107,101,95,89,84,80,75,71,67,64,61,58,55,53,51,49,47,46,45,44,43,42,42,41,41,41,41,41,42,42,42,43,44,44],"UAM":[214,217,219,220,220,221,221,220,220,219,218,217,216,215,214,213,212,211,210,209,208,207,206,205,204,203,202,201,199,198,197,195,194,192,191,189,187,185,183,181,180,179,177,176,175,174,173,172]},"COB":0,"IOB":9.284,"reason":"COB: 0, Dev: 3.3, BGI: -0.4, ISF: 1.3, CR: 4.76, Target: 5.5, minPredBG 5.9, minGuardBG 9.5, IOBpredBG 2.9, UAMpredBG 9.6; Eventual BG 9.6 >= 5.5,  insulinReq 0.29; setting 60m low temp of 0U\/h. Microbolusing 0.1U. ","units":0.1,"rate":0,"duration":60,"timestamp":"2023-12-24T20:03:44.585Z"}}