{"algorithm":"OpenAPSSMBPlugin","input":{"glucoseStatus":{"glucose":92,"noise":0,"delta":-1,"short_avgdelta":-1,"long_avgdelta":-0.71,"date":1703404391000},"currenttemp":{"temp":"absolute","duration":55,"rate":0.37800000000000006,"minutesrunning":5},"iob_data":[{"iob":-0.291,"basaliob":-0.3,"bolussnooze":0,"activity":-0.0017,"lastBolusTime":1703384655685,"time":"2023-12-24T07:53:41.503Z","iobWithZeroTemp":{"iob":-0.291,"basaliob":-0.3,"bolussnooze":0,"activity":-0.0017,"lastBolusTime":1703384655685,"time":"2023-12-24T07:53:41.503Z"}},{"iob":-0.282,"basaliob":-0.29,"bolussnooze":0,"activity":-0.0018,"lastBolusTime":1703384655685,"time":"2023-12-24T07:58:41.503Z","iobWithZeroTemp":{"iob":-0.345,"basaliob":-0.353,"bolussnooze":0,"activity":-0.0018,"lastBolusTime":1703384655685,"time":"2023-12-24T07:58:41.503Z"}},{"iob":-0.273,"basaliob":-0.28,"bolussnooze":0,"activity":-0.0019,"lastBolusTime":1703384655685,"time":"2023-12-24T08:03:41.503Z","iobWithZeroTemp":{"iob":-0.411,"basaliob":-0.418,"bolussnooze":0,"activity":-0.0021,"lastBolusTime":1703384655685,"time":"2023-12-24T08:03:41.503Z"}},{"iob":-0.262,"basaliob":-0.269,"bolussnooze":0,"activity":-0.0021,"lastBolusTime":1703384655685,"time":"2023-12-24T08:08:41.503Z","iobWithZeroTemp":{"iob":-0.473,"basaliob":-0.48,"bolussnooze":0,"activity":-0.0025,"lastBolusTime":1703384655685,"time":"2023-12-24T08:08:41.503Z"}},{"iob":-0.252,"basaliob":-0.258,"bolussnooze":0,"activity":-0.0022,"lastBolusTime":1703384655685,"time":"2023-12-24T08:13:41.503Z","iobWithZeroTemp":{"iob":-0.536,"basaliob":-0.542,"bolussnooze":0,"activity":-0.0029,"lastBolusTime":1703384655685,"time":"2023-12-24T08:13:41.503Z"}},{"iob":-0.241,"basaliob":-0.246,"bolussnooze":0,"activity":-0.0022,"lastBolusTime":1703384655685,"time":"2023-12-24T08:18:41.503Z","iobWithZeroTemp":{"iob":-0.595,"basaliob":-0.6,"bolussnooze":0,"activity":-0.0033,"lastBolusTime":1703384655685,"time":"2023-12-24T08:18:41.503Z"}},{"iob":-0.23,"basaliob":-0.235,"bolussnooze":0,"activity":-0.0022,"lastBolusTime":1703384655685,"time":"2023-12-24T08:23:41.503Z","iobWithZeroTemp":{"iob":-0.652,"basaliob":-0.657,"bolussnooze":0,"activity":-0.0037,"lastBolusTime":1703384655685,"time":"2023-12-24T08:23:41.503Z"}},{"iob":-0.22,"basaliob":-0.224,"bolussnooze":0,"activity":-0.0022,"lastBolusTime":1703384655685,"time":"2023-12-24T08:28:41.503Z","iobWithZeroTemp":{"iob":-0.709,"basaliob":-0.713,"bolussnooze":0,"activity":-0.0042,"lastBolusTime":1703384655685,"time":"2023-12-24T08:28:41.503Z"}},{"iob":-0.208,"basaliob":-0.212,"bolussnooze":0,"activity":-0.0021,"lastBolusTime":1703384655685,"time":"2023-12-24T08:33:41.503Z","iobWithZeroTemp":{"iob":-0.761,"basaliob":-0.765,"bolussnooze":0,"activity":-0.0046,"lastBolusTime":1703384655685,"time":"2023-12-24T08:33:41.503Z"}},{"iob":-0.198,"basaliob":-0.201,"bolussnooze":0,"activity":-0.0021,"lastBolusTime":1703384655685,"time":"2023-12-24T08:38:41.503Z","iobWithZeroTemp":{"iob":-0.812,"basaliob":-0.815,"bolussnooze":0,"activity":-0.0051,"lastBolusTime":1703384655685,"time":"2023-12-24T08:38:41.503Z"}},{"iob":-0.188,"basaliob":-0.191,"bolussnooze":0,"activity":-0.002,"lastBolusTime":1703384655685,"time":"2023-12-24T08:43:41.503Z","iobWithZeroTemp":{"iob":-0.861,"basaliob":-0.864,"bolussnooze":0,"activity":-0.0055,"lastBolusTime":1703384655685,"time":"2023-12-24T08:43:41.503Z"}},{"iob":-0.177,"basaliob":-0.18,"bolussnooze":0,"activity":-0.002,"lastBolusTime":1703384655685,"time":"2023-12-24T08:48:41.503Z","iobWithZeroTemp":{"iob":-0.906,"basaliob":-0.909,"bolussnooze":0,"activity":-0.006,"lastBolusTime":1703384655685,"time":"2023-12-24T08:48:41.503Z"}},{"iob":-0.168,"basaliob":-0.17,"bolussnooze":0,"activity":-0.0019,"lastBolusTime":1703384655685,"time":"2023-12-24T08:53:41.503Z","iobWithZeroTemp":{"iob":-0.951,"basaliob":-0.953,"bolussnooze":0,"activity":-0.0064,"lastBolusTime":1703384655685,"time":"2023-12-24T08:53:41.503Z"}},{"iob":-0.158,"basaliob":-0.16,"bolussnooze":0,"activity":-0.0018,"lastBolusTime":1703384655685,"time":"2023-12-24T08:58:41.503Z","iobWithZeroTemp":{"iob":-0.992,"basaliob":-0.994,"bolussnooze":0,"activity":-0.0068,"lastBolusTime":1703384655685,"time":"2023-12-24T08:58:41.503Z"}},{"iob":-0.148,"basaliob":-0.15,"bolussnooze":0,"activity":-0.0018,"lastBolusTime":1703384655685,"time":"2023-12-24T09:03:41.503Z","iobWithZeroTemp":{"iob":-1.027,"basaliob":-1.029,"bolussnooze":0,"activity":-0.0073,"lastBolusTime":1703384655685,"time":"2023-12-24T09:03:41.503Z"}},{"iob":-0.139,"basaliob":-0.141,"bolussnooze":0,"activity":-0.0018,"lastBolusTime":1703384655685,"time":"2023-12-24T09:08:41.503Z","iobWithZeroTemp":{"iob":-1.06,"basaliob":-1.062,"bolussnooze":0,"activity":-0.0078,"lastBolusTime":1703384655685,"time":"2023-12-24T09:08:41.503Z"}},{"iob":-0.132,"basaliob":-0.133,"bolussnooze":0,"activity":-0.0017,"lastBolusTime":1703384655685,"time":"2023-12-24T09:13:41.503Z","iobWithZeroTemp":{"iob":-1.093,"basaliob":-1.094,"bolussnooze":0,"activity":-0.0082,"lastBolusTime":1703384655685,"time":"2023-12-24T09:13:41.503Z"}},{"iob":-0.123,"basaliob":-0.124,"bolussnooze":0,"activity":-0.0016,"lastBolusTime":1703384655685,"time":"2023-12-24T09:18:41.503Z","iobWithZeroTemp":{"iob":-1.121,"basaliob":-1.122,"bolussnooze":0,"activity":-0.0085,"lastBolusTime":1703384655685,"time":"2023-12-24T09:18:41.503Z"}},{"iob":-0.116,"basaliob":-0.117,"bolussnooze":0,"activity":-0.0015,"lastBolusTime":1703384655685,"time":"2023-12-24T09:23:41.503Z","iobWithZeroTemp":{"iob":-1.149,"basaliob":-1.15,"bolussnooze":0,"activity":-0.0089,"lastBolusTime":1703384655685,"time":"2023-12-24T09:23:41.503Z"}},{"iob":-0.108,"basaliob":-0.109,"bolussnooze":0,"activity":-0.0015,"lastBolusTime":1703384655685,"time":"2023-12-24T09:28:41.503Z","iobWithZeroTemp":{"iob":-1.174,"basaliob":-1.175,"bolussnooze":0,"activity":-0.0093,"lastBolusTime":1703384655685,"time":"2023-12-24T09:28:41.503Z"}},{"iob":-0.101,"basaliob":-0.102,"bolussnooze":0,"activity":-0.0014,"lastBolusTime":1703384655685,"time":"2023-12-24T09:33:41.503Z","iobWithZeroTemp":{"iob":-1.198,"basaliob":-1.199,"bolussnooze":0,"activity":-0.0096,"lastBolusTime":1703384655685,"time":"2023-12-24T09:33:41.503Z"}},{"iob":-0.094,"basaliob":-0.095,"bolussnooze":0,"activity":-0.0013,"lastBolusTime":1703384655685,"time":"2023-12-24T09:38:41.503Z","iobWithZeroTemp":{"iob":-1.22,"basaliob":-1.221,"bolussnooze":0,"activity":-0.0099,"lastBolusTime":1703384655685,"time":"2023-12-24T09:38:41.503Z"}},{"iob":-0.088,"basaliob":-0.089,"bolussnooze":0,"activity":-0.0012,"lastBolusTime":1703384655685,"time":"2023-12-24T09:43:41.503Z","iobWithZeroTemp":{"iob":-1.242,"basaliob":-1.243,"bolussnooze":0,"activity":-0.0101,"lastBolusTime":1703384655685,"time":"2023-12-24T09:43:41.503Z"}},{"iob":-0.082,"basaliob":-0.083,"bolussnooze":0,"activity":-0.0012,"lastBolusTime":1703384655685,"time":"2023-12-24T09:48:41.503Z","iobWithZeroTemp":{"iob":-1.261,"basaliob":-1.262,"bolussnooze":0,"activity":-0.0105,"lastBolusTime":1703384655685,"time":"2023-12-24T09:48:41.503Z"}},{"iob":-0.077,"basaliob":-0.077,"bolussnooze":0,"activity":-0.0011,"lastBolusTime":1703384655685,"time":"2023-12-24T09:53:41.503Z","iobWithZeroTemp":{"iob":-1.28,"basaliob":-1.28,"bolussnooze":0,"activity":-0.0107,"lastBolusTime":1703384655685,"time":"2023-12-24T09:53:41.503Z"}},{"iob":-0.072,"basaliob":-0.072,"bolussnooze":0,"activity":-0.001,"lastBolusTime":1703384655685,"time":"2023-12-24T09:58:41.503Z","iobWithZeroTemp":{"iob":-1.297,"basaliob":-1.297,"bolussnooze":0,"activity":-0.0109,"lastBolusTime":1703384655685,"time":"2023-12-24T09:58:41.503Z"}},{"iob":-0.067,"basaliob":-0.067,"bolussnooze":0,"activity":-0.001,"lastBolusTime":1703384655685,"time":"2023-12-24T10:03:41.503Z","iobWithZeroTemp":{"iob":-1.313,"basaliob":-1.313,"bolussnooze":0,"activity":-0.0112,"lastBolusTime":1703384655685,"time":"2023-12-24T10:03:41.503Z"}},{"iob":-0.062,"basaliob":-0.062,"bolussnooze":0,"activity":-9.0E-4,"lastBolusTime":1703384655685,"time":"2023-12-24T10:08:41.503Z","iobWithZeroTemp":{"iob":-1.327,"basaliob":-1.327,"bolussnooze":0,"activity":-0.0113,"lastBolusTime":1703384655685,"time":"2023-12-24T10:08:41.503Z"}},{"iob":-0.057,"basaliob":-0.057,"bolussnooze":0,"activity":-9.0E-4,"lastBolusTime":1703384655685,"time":"2023-12-24T10:13:41.503Z","iobWithZeroTemp":{"iob":-1.34,"basaliob":-1.34,"bolussnooze":0,"activity":-0.0116,"lastBolusTime":1703384655685,"time":"2023-12-24T10:13:41.503Z"}},{"iob":-0.053,"basaliob":-0.053,"bolussnooze":0,"activity":-8.0E-4,"lastBolusTime":1703384655685,"time":"2023-12-24T10:18:41.503Z","iobWithZeroTemp":{"iob":-1.353,"basaliob":-1.353,"bolussnooze":0,"activity":-0.0117,"lastBolusTime":1703384655685,"time":"2023-12-24T10:18:41.503Z"}},{"iob":-0.049,"basaliob":-0.049,"bolussnooze":0,"activity":-8.0E-4,"lastBolusTime":1703384655685,"time":"2023-12-24T10:23:41.503Z","iobWithZeroTemp":{"iob":-1.364,"basaliob":-1.364,"bolussnooze":0,"activity":-0.012,"lastBolusTime":1703384655685,"time":"2023-12-24T10:23:41.503Z"}},{"iob":-0.046,"basaliob":-0.046,"bolussnooze":0,"activity":-7.0E-4,"lastBolusTime":1703384655685,"time":"2023-12-24T10:28:41.503Z","iobWithZeroTemp":{"iob":-1.376,"basaliob":-1.376,"bolussnooze":0,"activity":-0.0121,"lastBolusTime":1703384655685,"time":"2023-12-24T10:28:41.503Z"}},{"iob":-0.042,"basaliob":-0.042,"bolussnooze":0,"activity":-7.0E-4,"lastBolusTime":1703384655685,"time":"2023-12-24T10:33:41.503Z","iobWithZeroTemp":{"iob":-1.385,"basaliob":-1.385,"bolussnooze":0,"activity":-0.0123,"lastBolusTime":1703384655685,"time":"2023-12-24T10:33:41.503Z"}},{"iob":-0.039,"basaliob":-0.039,"bolussnooze":0,"activity":-6.0E-4,"lastBolusTime":1703384655685,"time":"2023-12-24T10:38:41.503Z","iobWithZeroTemp":{"iob":-1.395,"basaliob":-1.395,"bolussnooze":0,"activity":-0.0124,"lastBolusTime":1703384655685,"time":"2023-12-24T10:38:41.503Z"}},{"iob":-0.036,"basaliob":-0.036,"bolussnooze":0,"activity":-6.0E-4,"lastBolusTime":1703384655685,"time":"2023-12-24T10:43:41.503Z","iobWithZeroTemp":{"iob":-1.403,"basaliob":-1.403,"bolussnooze":0,"activity":-0.0126,"lastBolusTime":1703384655685,"time":"2023-12-24T10:43:41.503Z"}},{"iob":-0.033,"basaliob":-0.033,"bolussnooze":0,"activity":-5.0E-4,"lastBolusTime":1703384655685,"time":"2023-12-24T10:48:41.503Z","iobWithZeroTemp":{"iob":-1.411,"basaliob":-1.411,"bolussnooze":0,"activity":-0.0126,"lastBolusTime":1703384655685,"time":"2023-12-24T10:48:41.503Z"}},{"iob":-0.031,"basaliob":-0.031,"bolussnooze":0,"activity":-5.0E-4,"lastBolusTime":1703384655685,"time":"2023-12-24T10:53:41.503Z","iobWithZeroTemp":{"iob":-1.419,"basaliob":-1.419,"bolussnooze":0,"activity":-0.0128,"lastBolusTime":1703384655685,"time":"2023-12-24T10:53:41.503Z"}},{"iob":-0.028,"basaliob":-0.028,"bolussnooze":0,"activity":-5.0E-4,"lastBolusTime":1703384655685,"time":"2023-12-24T10:58:41.503Z","iobWithZeroTemp":{"iob":-1.425,"basaliob":-1.425,"bolussnooze":0,"activity":-0.0129,"lastBolusTime":1703384655685,"time":"2023-12-24T10:58:41.503Z"}},{"iob":-0.026,"basaliob":-0.026,"bolussnooze":0,"activity":-4.0E-4,"lastBolusTime":1703384655685,"time":"2023-12-24T11:03:41.503Z","iobWithZeroTemp":{"iob":-1.444,"basaliob":-1.444,"bolussnooze":0,"activity":-0.013,"lastBolusTime":1703384655685,"time":"2023-12-24T11:03:41.503Z"}},{"iob":-0.024,"basaliob":-0.024,"bolussnooze":0,"activity":-4.0E-4,"lastBolusTime":1703384655685,"time":"2023-12-24T11:08:41.503Z","iobWithZeroTemp":{"iob":-1.462,"basaliob":-1.462,"bolussnooze":0,"activity":-0.0131,"lastBolusTime":1703384655685,"time":"2023-12-24T11:08:41.503Z"}},{"iob":-0.022,"basaliob":-0.022,"bolussnooze":0,"activity":-4.0E-4,"lastBolusTime":1703384655685,"time":"2023-12-24T11:13:41.503Z","iobWithZeroTemp":{"iob":-1.479,"basaliob":-1.479,"bolussnooze":0,"activity":-0.0133,"lastBolusTime":1703384655685,"time":"2023-12-24T11:13:41.503Z"}},{"iob":-0.02,"basaliob":-0.02,"bolussnooze":0,"activity":-3.0E-4,"lastBolusTime":1703384655685,"time":"2023-12-24T11:18:41.503Z","iobWithZeroTemp":{"iob":-1.495,"basaliob":-1.495,"bolussnooze":0,"activity":-0.0133,"lastBolusTime":1703384655685,"time":"2023-12-24T11:18:41.503Z"}},{"iob":-0.019,"basaliob":-0.019,"bolussnooze":0,"activity":-3.0E-4,"lastBolusTime":1703384655685,"time":"2023-12-24T11:23:41.503Z","iobWithZeroTemp":{"iob":-1.512,"basaliob":-1.512,"bolussnooze":0,"activity":-0.0135,"lastBolusTime":1703384655685,"time":"2023-12-24T11:23:41.503Z"}},{"iob":-0.017,"basaliob":-0.017,"bolussnooze":0,"activity":-3.0E-4,"lastBolusTime":0,"time":"2023-12-24T11:28:41.503Z","iobWithZeroTemp":{"iob":-1.526,"basaliob":-1.526,"bolussnooze":0,"activity":-0.0137,"lastBolusTime":0,"time":"2023-12-24T11:28:41.503Z"}},{"iob":-0.016,"basaliob":-0.016,"bolussnooze":0,"activity":-3.0E-4,"lastBolusTime":0,"time":"2023-12-24T11:33:41.503Z","iobWithZeroTemp":{"iob":-1.541,"basaliob":-1.541,"bolussnooze":0,"activity":-0.0138,"lastBolusTime":0,"time":"2023-12-24T11:33:41.503Z"}},{"iob":-0.014,"basaliob":-0.014,"bolussnooze":0,"activity":-3.0E-4,"lastBolusTime":0,"time":"2023-12-24T11:38:41.503Z","iobWithZeroTemp":{"iob":-1.555,"basaliob":-1.555,"bolussnooze":0,"activity":-0.014,"lastBolusTime":0,"time":"2023-12-24T11:38:41.503Z"}},{"iob":-0.013,"basaliob":-0.013,"bolussnooze":0,"activity":-2.0E-4,"lastBolusTime":0,"time":"2023-12-24T11:43:41.503Z","iobWithZeroTemp":{"iob":-1.568,"basaliob":-1.568,"bolussnooze":0,"activity":-0.014,"lastBolusTime":0,"time":"2023-12-24T11:43:41.503Z"}},{"iob":-0.012,"basaliob":-0.012,"bolussnooze":0,"activity":-2.0E-4,"lastBolusTime":0,"time":"2023-12-24T11:48:41.503Z","iobWithZeroTemp":{"iob":-1.581,"basaliob":-1.581,"bolussnooze":0,"activity":-0.0142,"lastBolusTime":0,"time":"2023-12-24T11:48:41.503Z"}}],"profile":{"max_iob":15,"type":"current","max_daily_basal":1.2,"max_basal":3.59,"min_bg":99,"max_bg":99,"target_bg":99,"carb_ratio":4.285714285714286,"sens":20.57142857142857,"max_daily_safety_multiplier":3,"current_basal_safety_multiplier":4,"high_temptarget_raises_sensitivity":false,"low_temptarget_lowers_sensitivity":false,"sensitivity_raises_target":true,"resistance_lowers_target":true,"adv_target_adjustments":false,"exercise_mode":false,"half_basal_exercise_target":160,"maxCOB":120,"skip_neutral_temps":false,"remainingCarbsCap":90,"enableUAM":true,"A52_risk_enable":false,"SMBInterval":3,"enableSMB_with_COB":true,"enableSMB_with_temptarget":true,"allowSMB_with_high_temptarget":false,"enableSMB_always":false,"enableSMB_after_carbs":true,"maxSMBBasalMinutes":80,"maxUAMSMBBasalMinutes":60,"bolus_increment":0.05,"carbsReqThreshold":10,"current_basal":0.95,"temptargetSet":false,"autosens_max":1.2,"out_units":"mmol\/L"},"autosens_data":{"ratio":1},"meal_data":{"carbs":0,"mealCOB":0,"slopeFromMaxDeviation":-0.1537272727272727,"slopeFromMinDeviation":0,"lastBolusTime":1703384655685,"lastCarbTime":0},"microBolusAllowed":true,"currentTime":1703404423218,"flatBGsDetected":false},"output":{"temp":"absolute","bg":92,"tick":-1,"eventualBG":93,"targetBG":99,"insulinReq":0,"deliverAt":"2023-12-24T07:53:43.218Z","sensitivityRatio":1,"predBGs":{"IOB":[92,91,90,90,89,89,88,88,88,88,88,88,88,88,88,89,89,89,89,89,89,90,90,90,90,90,90,90,90,90,90,91],"ZT":[92,92,92,93,93,93,93,94,94,95,95,96,96,97,98,99,99]},"COB":0,"IOB":-0.291,"reason":"COB: 0, Dev: -0.3, BGI: 0.0, ISF: 1.1, CR: 4.29, Target: 5.5, minPredBG 4.9, minGuardBG 4.9, IOBpredBG 5.1; Eventual BG 5.2 < 5.5","duration":30,"rate":0,"timestamp":"2023-12-24T07:53:43.338Z"}}