{"algorithm":"OpenAPSSMBPlugin","input":{"glucoseStatus":{"glucose":112,"noise":0,"delta":-1,"short_avgdelta":-0.72,"long_avgdelta":-0.74,"date":1703411590000},"currenttemp":{"temp":"absolute","duration":70,"rate":0,"minutesrunning":50},"iob_data":[{"iob":8.396,"basaliob":-0.228,"bolussnooze":0.4547,"activity":0.0755,"lastBolusTime":1703411027485,"time":"2023-12-24T09:53:41.661Z","iobWithZeroTemp":{"iob":8.396,"basaliob":-0.228,"bolussnooze":0.4547,"activity":0.0755,"lastBolusTime":1703411027485,"time":"2023-12-24T09:53:41.661Z"}},{"iob":8.018,"basaliob":-0.226,"bolussnooze":0.2928,"activity":0.0759,"lastBolusTime":1703411027485,"time":"2023-12-24T09:58:41.661Z","iobWithZeroTemp":{"iob":7.961,"basaliob":-0.283,"bolussnooze":0.2928,"activity":0.0759,"lastBolusTime":1703411027485,"time":"2023-12-24T09:58:41.661Z"}},{"iob":7.64,"basaliob":-0.223,"bolussnooze":0.1848,"activity":0.0755,"lastBolusTime":1703411027485,"time":"2023-12-24T10:03:41.661Z","iobWithZeroTemp":{"iob":7.513,"basaliob":-0.35,"bolussnooze":0.1848,"activity":0.0753,"lastBolusTime":1703411027485,"time":"2023-12-24T10:03:41.661Z"}},{"iob":7.264,"basaliob":-0.219,"bolussnooze":0.114,"activity":0.0746,"lastBolusTime":1703411027485,"time":"2023-12-24T10:08:41.661Z","iobWithZeroTemp":{"iob":7.068,"basaliob":-0.415,"bolussnooze":0.114,"activity":0.0742,"lastBolusTime":1703411027485,"time":"2023-12-24T10:08:41.661Z"}},{"iob":6.894,"basaliob":-0.214,"bolussnooze":0.0684,"activity":0.0733,"lastBolusTime":1703411027485,"time":"2023-12-24T10:13:41.661Z","iobWithZeroTemp":{"iob":6.629,"basaliob":-0.479,"bolussnooze":0.0684,"activity":0.0726,"lastBolusTime":1703411027485,"time":"2023-12-24T10:13:41.661Z"}},{"iob":6.532,"basaliob":-0.208,"bolussnooze":0.0397,"activity":0.0716,"lastBolusTime":1703411027485,"time":"2023-12-24T10:18:41.661Z","iobWithZeroTemp":{"iob":6.201,"basaliob":-0.539,"bolussnooze":0.0397,"activity":0.0706,"lastBolusTime":1703411027485,"time":"2023-12-24T10:18:41.661Z"}},{"iob":6.179,"basaliob":-0.201,"bolussnooze":0.022,"activity":0.0697,"lastBolusTime":1703411027485,"time":"2023-12-24T10:23:41.661Z","iobWithZeroTemp":{"iob":5.783,"basaliob":-0.597,"bolussnooze":0.022,"activity":0.0683,"lastBolusTime":1703411027485,"time":"2023-12-24T10:23:41.661Z"}},{"iob":5.835,"basaliob":-0.194,"bolussnooze":0.0115,"activity":0.0675,"lastBolusTime":1703411027485,"time":"2023-12-24T10:28:41.661Z","iobWithZeroTemp":{"iob":5.377,"basaliob":-0.652,"bolussnooze":0.0115,"activity":0.0656,"lastBolusTime":1703411027485,"time":"2023-12-24T10:28:41.661Z"}},{"iob":5.503,"basaliob":-0.187,"bolussnooze":0.0055,"activity":0.0653,"lastBolusTime":1703411027485,"time":"2023-12-24T10:33:41.661Z","iobWithZeroTemp":{"iob":4.984,"basaliob":-0.706,"bolussnooze":0.0055,"activity":0.063,"lastBolusTime":1703411027485,"time":"2023-12-24T10:33:41.661Z"}},{"iob":5.183,"basaliob":-0.179,"bolussnooze":0.0022,"activity":0.0629,"lastBolusTime":1703411027485,"time":"2023-12-24T10:38:41.661Z","iobWithZeroTemp":{"iob":4.606,"basaliob":-0.756,"bolussnooze":0.0022,"activity":0.0601,"lastBolusTime":1703411027485,"time":"2023-12-24T10:38:41.661Z"}},{"iob":4.875,"basaliob":-0.171,"bolussnooze":7.0E-4,"activity":0.0603,"lastBolusTime":1703411027485,"time":"2023-12-24T10:43:41.661Z","iobWithZeroTemp":{"iob":4.242,"basaliob":-0.804,"bolussnooze":7.0E-4,"activity":0.057,"lastBolusTime":1703411027485,"time":"2023-12-24T10:43:41.661Z"}},{"iob":4.579,"basaliob":-0.164,"bolussnooze":1.0E-4,"activity":0.0577,"lastBolusTime":1703411027485,"time":"2023-12-24T10:48:41.661Z","iobWithZeroTemp":{"iob":3.893,"basaliob":-0.85,"bolussnooze":1.0E-4,"activity":0.054,"lastBolusTime":1703411027485,"time":"2023-12-24T10:48:41.661Z"}},{"iob":4.297,"basaliob":-0.156,"bolussnooze":0,"activity":0.0551,"lastBolusTime":1703411027485,"time":"2023-12-24T10:53:41.661Z","iobWithZeroTemp":{"iob":3.56,"basaliob":-0.893,"bolussnooze":0,"activity":0.0509,"lastBolusTime":1703411027485,"time":"2023-12-24T10:53:41.661Z"}},{"iob":4.028,"basaliob":-0.148,"bolussnooze":0,"activity":0.0526,"lastBolusTime":1703411027485,"time":"2023-12-24T10:58:41.661Z","iobWithZeroTemp":{"iob":3.242,"basaliob":-0.934,"bolussnooze":0,"activity":0.0479,"lastBolusTime":1703411027485,"time":"2023-12-24T10:58:41.661Z"}},{"iob":3.772,"basaliob":-0.14,"bolussnooze":0,"activity":0.05,"lastBolusTime":1703411027485,"time":"2023-12-24T11:03:41.661Z","iobWithZeroTemp":{"iob":2.928,"basaliob":-0.984,"bolussnooze":0,"activity":0.0448,"lastBolusTime":1703411027485,"time":"2023-12-24T11:03:41.661Z"}},{"iob":3.528,"basaliob":-0.133,"bolussnooze":0,"activity":0.0474,"lastBolusTime":1703411027485,"time":"2023-12-24T11:08:41.661Z","iobWithZeroTemp":{"iob":2.628,"basaliob":-1.033,"bolussnooze":0,"activity":0.0417,"lastBolusTime":1703411027485,"time":"2023-12-24T11:08:41.661Z"}},{"iob":3.297,"basaliob":-0.126,"bolussnooze":0,"activity":0.045,"lastBolusTime":1703411027485,"time":"2023-12-24T11:13:41.661Z","iobWithZeroTemp":{"iob":2.344,"basaliob":-1.079,"bolussnooze":0,"activity":0.0388,"lastBolusTime":1703411027485,"time":"2023-12-24T11:13:41.661Z"}},{"iob":3.078,"basaliob":-0.119,"bolussnooze":0,"activity":0.0426,"lastBolusTime":1703411027485,"time":"2023-12-24T11:18:41.661Z","iobWithZeroTemp":{"iob":2.074,"basaliob":-1.123,"bolussnooze":0,"activity":0.0359,"lastBolusTime":1703411027485,"time":"2023-12-24T11:18:41.661Z"}},{"iob":2.871,"basaliob":-0.112,"bolussnooze":0,"activity":0.0403,"lastBolusTime":1703411027485,"time":"2023-12-24T11:23:41.661Z","iobWithZeroTemp":{"iob":1.819,"basaliob":-1.164,"bolussnooze":0,"activity":0.0331,"lastBolusTime":1703411027485,"time":"2023-12-24T11:23:41.661Z"}},{"iob":2.676,"basaliob":-0.105,"bolussnooze":0,"activity":0.0379,"lastBolusTime":1703411027485,"time":"2023-12-24T11:28:41.661Z","iobWithZeroTemp":{"iob":1.578,"basaliob":-1.203,"bolussnooze":0,"activity":0.0302,"lastBolusTime":1703411027485,"time":"2023-12-24T11:28:41.661Z"}},{"iob":2.492,"basaliob":-0.099,"bolussnooze":0,"activity":0.0358,"lastBolusTime":1703411027485,"time":"2023-12-24T11:33:41.661Z","iobWithZeroTemp":{"iob":1.35,"basaliob":-1.241,"bolussnooze":0,"activity":0.0277,"lastBolusTime":1703411027485,"time":"2023-12-24T11:33:41.661Z"}},{"iob":2.318,"basaliob":-0.093,"bolussnooze":0,"activity":0.0336,"lastBolusTime":1703411027485,"time":"2023-12-24T11:38:41.661Z","iobWithZeroTemp":{"iob":1.135,"basaliob":-1.276,"bolussnooze":0,"activity":0.025,"lastBolusTime":1703411027485,"time":"2023-12-24T11:38:41.661Z"}},{"iob":2.155,"basaliob":-0.087,"bolussnooze":0,"activity":0.0316,"lastBolusTime":1703411027485,"time":"2023-12-24T11:43:41.661Z","iobWithZeroTemp":{"iob":0.933,"basaliob":-1.309,"bolussnooze":0,"activity":0.0226,"lastBolusTime":1703411027485,"time":"2023-12-24T11:43:41.661Z"}},{"iob":2.002,"basaliob":-0.082,"bolussnooze":0,"activity":0.0297,"lastBolusTime":1703411027485,"time":"2023-12-24T11:48:41.661Z","iobWithZeroTemp":{"iob":0.743,"basaliob":-1.341,"bolussnooze":0,"activity":0.0202,"lastBolusTime":1703411027485,"time":"2023-12-24T11:48:41.661Z"}},{"iob":1.859,"basaliob":-0.076,"bolussnooze":0,"activity":0.0279,"lastBolusTime":1703411027485,"time":"2023-12-24T11:53:41.661Z","iobWithZeroTemp":{"iob":0.566,"basaliob":-1.369,"bolussnooze":0,"activity":0.018,"lastBolusTime":1703411027485,"time":"2023-12-24T11:53:41.661Z"}},{"iob":1.724,"basaliob":-0.071,"bolussnooze":0,"activity":0.026,"lastBolusTime":1703411027485,"time":"2023-12-24T11:58:41.661Z","iobWithZeroTemp":{"iob":0.398,"basaliob":-1.397,"bolussnooze":0,"activity":0.0157,"lastBolusTime":1703411027485,"time":"2023-12-24T11:58:41.661Z"}},{"iob":1.597,"basaliob":-0.067,"bolussnooze":0,"activity":0.0244,"lastBolusTime":1703411027485,"time":"2023-12-24T12:03:41.661Z","iobWithZeroTemp":{"iob":0.236,"basaliob":-1.428,"bolussnooze":0,"activity":0.0137,"lastBolusTime":1703411027485,"time":"2023-12-24T12:03:41.661Z"}},{"iob":1.48,"basaliob":-0.062,"bolussnooze":0,"activity":0.0228,"lastBolusTime":1703411027485,"time":"2023-12-24T12:08:41.661Z","iobWithZeroTemp":{"iob":0.086,"basaliob":-1.456,"bolussnooze":0,"activity":0.0117,"lastBolusTime":1703411027485,"time":"2023-12-24T12:08:41.661Z"}},{"iob":1.369,"basaliob":-0.058,"bolussnooze":0,"activity":0.0213,"lastBolusTime":1703411027485,"time":"2023-12-24T12:13:41.661Z","iobWithZeroTemp":{"iob":-0.056,"basaliob":-1.483,"bolussnooze":0,"activity":0.0099,"lastBolusTime":1703411027485,"time":"2023-12-24T12:13:41.661Z"}},{"iob":1.266,"basaliob":-0.054,"bolussnooze":0,"activity":0.0199,"lastBolusTime":1703411027485,"time":"2023-12-24T12:18:41.661Z","iobWithZeroTemp":{"iob":-0.189,"basaliob":-1.509,"bolussnooze":0,"activity":0.0081,"lastBolusTime":1703411027485,"time":"2023-12-24T12:18:41.661Z"}},{"iob":1.17,"basaliob":-0.05,"bolussnooze":0,"activity":0.0186,"lastBolusTime":1703411027485,"time":"2023-12-24T12:23:41.661Z","iobWithZeroTemp":{"iob":-0.312,"basaliob":-1.532,"bolussnooze":0,"activity":0.0065,"lastBolusTime":1703411027485,"time":"2023-12-24T12:23:41.661Z"}},{"iob":1.08,"basaliob":-0.047,"bolussnooze":0,"activity":0.0173,"lastBolusTime":1703411027485,"time":"2023-12-24T12:28:41.661Z","iobWithZeroTemp":{"iob":-0.428,"basaliob":-1.555,"bolussnooze":0,"activity":0.0049,"lastBolusTime":1703411027485,"time":"2023-12-24T12:28:41.661Z"}},{"iob":0.997,"basaliob":-0.043,"bolussnooze":0,"activity":0.0161,"lastBolusTime":1703411027485,"time":"2023-12-24T12:33:41.661Z","iobWithZeroTemp":{"iob":-0.536,"basaliob":-1.576,"bolussnooze":0,"activity":0.0033,"lastBolusTime":1703411027485,"time":"2023-12-24T12:33:41.661Z"}},{"iob":0.92,"basaliob":-0.04,"bolussnooze":0,"activity":0.015,"lastBolusTime":1703411027485,"time":"2023-12-24T12:38:41.661Z","iobWithZeroTemp":{"iob":-0.636,"basaliob":-1.596,"bolussnooze":0,"activity":0.0019,"lastBolusTime":1703411027485,"time":"2023-12-24T12:38:41.661Z"}},{"iob":0.848,"basaliob":-0.037,"bolussnooze":0,"activity":0.0139,"lastBolusTime":1703411027485,"time":"2023-12-24T12:43:41.661Z","iobWithZeroTemp":{"iob":-0.729,"basaliob":-1.614,"bolussnooze":0,"activity":6.0E-4,"lastBolusTime":1703411027485,"time":"2023-12-24T12:43:41.661Z"}},{"iob":0.78,"basaliob":-0.035,"bolussnooze":0,"activity":0.0129,"lastBolusTime":1703411027485,"time":"2023-12-24T12:48:41.661Z","iobWithZeroTemp":{"iob":-0.818,"basaliob":-1.633,"bolussnooze":0,"activity":-7.0E-4,"lastBolusTime":1703411027485,"time":"2023-12-24T12:48:41.661Z"}},{"iob":0.718,"basaliob":-0.032,"bolussnooze":0,"activity":0.012,"lastBolusTime":1703411027485,"time":"2023-12-24T12:53:41.661Z","iobWithZeroTemp":{"iob":-0.898,"basaliob":-1.648,"bolussnooze":0,"activity":-0.0019,"lastBolusTime":1703411027485,"time":"2023-12-24T12:53:41.661Z"}},{"iob":0.66,"basaliob":-0.03,"bolussnooze":0,"activity":0.0111,"lastBolusTime":1703411027485,"time":"2023-12-24T12:58:41.661Z","iobWithZeroTemp":{"iob":-0.974,"basaliob":-1.664,"bolussnooze":0,"activity":-0.003,"lastBolusTime":1703411027485,"time":"2023-12-24T12:58:41.661Z"}},{"iob":0.606,"basaliob":-0.028,"bolussnooze":0,"activity":0.0103,"lastBolusTime":1703411027485,"time":"2023-12-24T13:03:41.661Z","iobWithZeroTemp":{"iob":-1.04,"basaliob":-1.674,"bolussnooze":0,"activity":-0.004,"lastBolusTime":1703411027485,"time":"2023-12-24T13:03:41.661Z"}},{"iob":0.557,"basaliob":-0.025,"bolussnooze":0,"activity":0.0095,"lastBolusTime":1703411027485,"time":"2023-12-24T13:08:41.661Z","iobWithZeroTemp":{"iob":-1.1,"basaliob":-1.682,"bolussnooze":0,"activity":-0.005,"lastBolusTime":1703411027485,"time":"2023-12-24T13:08:41.661Z"}},{"iob":0.512,"basaliob":-0.023,"bolussnooze":0,"activity":0.0088,"lastBolusTime":1703411027485,"time":"2023-12-24T13:13:41.661Z","iobWithZeroTemp":{"iob":-1.155,"basaliob":-1.69,"bolussnooze":0,"activity":-0.0059,"lastBolusTime":1703411027485,"time":"2023-12-24T13:13:41.661Z"}},{"iob":0.468,"basaliob":-0.022,"bolussnooze":0,"activity":0.0082,"lastBolusTime":1703411027485,"time":"2023-12-24T13:18:41.661Z","iobWithZeroTemp":{"iob":-1.208,"basaliob":-1.698,"bolussnooze":0,"activity":-0.0067,"lastBolusTime":1703411027485,"time":"2023-12-24T13:18:41.661Z"}},{"iob":0.429,"basaliob":-0.02,"bolussnooze":0,"activity":0.0076,"lastBolusTime":1703411027485,"time":"2023-12-24T13:23:41.661Z","iobWithZeroTemp":{"iob":-1.255,"basaliob":-1.704,"bolussnooze":0,"activity":-0.0075,"lastBolusTime":1703411027485,"time":"2023-12-24T13:23:41.661Z"}},{"iob":0.394,"basaliob":-0.018,"bolussnooze":0,"activity":0.007,"lastBolusTime":1703411027485,"time":"2023-12-24T13:28:41.661Z","iobWithZeroTemp":{"iob":-1.298,"basaliob":-1.71,"bolussnooze":0,"activity":-0.0082,"lastBolusTime":1703411027485,"time":"2023-12-24T13:28:41.661Z"}},{"iob":0.36,"basaliob":-0.017,"bolussnooze":0,"activity":0.0064,"lastBolusTime":1703411027485,"time":"2023-12-24T13:33:41.661Z","iobWithZeroTemp":{"iob":-1.339,"basaliob":-1.716,"bolussnooze":0,"activity":-0.0089,"lastBolusTime":1703411027485,"time":"2023-12-24T13:33:41.661Z"}},{"iob":0.328,"basaliob":-0.016,"bolussnooze":0,"activity":0.0059,"lastBolusTime":1703411027485,"time":"2023-12-24T13:38:41.661Z","iobWithZeroTemp":{"iob":-1.377,"basaliob":-1.721,"bolussnooze":0,"activity":-0.0096,"lastBolusTime":1703411027485,"time":"2023-12-24T13:38:41.661Z"}},{"iob":0.301,"basaliob":-0.014,"bolussnooze":0,"activity":0.0055,"lastBolusTime":1703411027485,"time":"2023-12-24T13:43:41.661Z","iobWithZeroTemp":{"iob":-1.41,"basaliob":-1.725,"bolussnooze":0,"activity":-0.0101,"lastBolusTime":1703411027485,"time":"2023-12-24T13:43:41.661Z"}},{"iob":0.274,"basaliob":-0.013,"bolussnooze":0,"activity":0.0051,"lastBolusTime":1703411027485,"time":"2023-12-24T13:48:41.661Z","iobWithZeroTemp":{"iob":-1.442,"basaliob":-1.729,"bolussnooze":0,"activity":-0.0106,"lastBolusTime":1703411027485,"time":"2023-12-24T13:48:41.661Z"}}],"profile":{"max_iob":15,"type":"current","max_daily_basal":1.2,"max_basal":3.4,"min_bg":99,"max_bg":99,"target_bg":99,"carb_ratio":4.285714285714286,"sens":20.57142857142857,"max_daily_safety_multiplier":3,"current_basal_safety_multiplier":4,"high_temptarget_raises_sensitivity":false,"low_temptarget_lowers_sensitivity":false,"sensitivity_raises_target":true,"resistance_lowers_target":true,"adv_target_adjustments":false,"exercise_mode":false,"half_basal_exercise_target":160,"maxCOB":120,"skip_neutral_temps":false,"remainingCarbsCap":90,"enableUAM":true,"A52_risk_enable":false,"SMBInterval":3,"enableSMB_with_COB":true,"enableSMB_with_temptarget":true,"allowSMB_with_high_temptarget":false,"enableSMB_always":false,"enableSMB_after_carbs":true,"maxSMBBasalMinutes":80,"maxUAMSMBBasalMinutes":60,"bolus_increment":0.05,"carbsReqThreshold":10,"current_basal":0.85,"temptargetSet":false,"autosens_max":1.2,"out_units":"mmol\/L"},"autosens_data":{"ratio":1},"meal_data":{"carbs":50,"mealCOB":38.28166666666667,"slopeFromMaxDeviation":0,"slopeFromMinDeviation":0.6002,"lastBolusTime":1703411027485,"lastCarbTime":1703408345847},"microBolusAllowed":true,"currentTime":1703411623667,"flatBGsDetected":false},"output":{"temp":"absolute","bg":112,"tick":-1,"eventualBG":120,"targetBG":99,"insulinReq":-0.05,"deliverAt":"2023-12-24T09:53:43.667Z","sensitivityRatio":1,"predBGs":{"IOB":[112,110,108,106,102,99,95,91,86,81,76,70,64,58,53,48,43,39],"ZT":[112,104,96,89,81,74,66,59,52,46,40,39,39,39,39,39,39,39,39,39,39,39,39,39,39,39,39,39,39,39,39,39,39,39,39,39,39,39,39,39,39,39,39,39,39,39,39,39],"COB":[112,111,110,108,107,106,104,103,102,101,100,99,99,98,98,98,98,98,98,98,99,99,100,101,101,102,103,104,105,106,107,108,109,110,111,112,113,114,115,116,117,117,118,118,119,119,120],"UAM":[112,111,109,108,106,104,103,101,99,97,96,94,93,91,90,88,87,86,85,83,82,81,80,79,78,77,76,75,74,72,71,70,69,67,66,64,63,62,60,59,58,57,57,56,55,54,54,53]},"COB":38.28166666666667,"IOB":8.396,"reason":"COB: 38.3, Dev: 2.3, BGI: -0.4, ISF: 1.1, CR: 4.29, Target: 5.5, minPredBG 5.4, minGuardBG 4.8, IOBpredBG 2.2, COBpredBG 6.7, UAMpredBG 2.9; Eventual BG 6.7 >= 5.5,  insulinReq -0.05; setting 60m low temp of 0U\/h. ","rate":0,"duration":60,"timestamp":"2023-12-24T09:53:43.784Z"}}