{"algorithm":"OpenAPSSMBPlugin","input":{"glucoseStatus":{"glucose":105,"noise":0,"delta":2,"short_avgdelta":2,"long_avgdelta":1.13,"date":1703488994000},"currenttemp":{"temp":"absolute","duration":20,"rate":3.045,"minutesrunning":10},"iob_data":[{"iob":0.13,"basaliob":0.049,"bolussnooze":0,"activity":5.0E-4,"lastBolusTime":1703477634103,"time":"2023-12-25T07:23:44.559Z","iobWithZeroTemp":{"iob":0.13,"basaliob":0.049,"bolussnooze":0,"activity":5.0E-4,"lastBolusTime":1703477634103,"time":"2023-12-25T07:23:44.559Z"}},{"iob":0.127,"basaliob":0.053,"bolussnooze":0,"activity":6.0E-4,"lastBolusTime":1703477634103,"time":"2023-12-25T07:28:44.559Z","iobWithZeroTemp":{"iob":0.053,"basaliob":-0.021,"bolussnooze":0,"activity":6.0E-4,"lastBolusTime":1703477634103,"time":"2023-12-25T07:28:44.559Z"}},{"iob":0.124,"basaliob":0.056,"bolussnooze":0,"activity":7.0E-4,"lastBolusTime":1703477634103,"time":"2023-12-25T07:33:44.559Z","iobWithZeroTemp":{"iob":-0.043,"basaliob":-0.111,"bolussnooze":0,"activity":5.0E-4,"lastBolusTime":1703477634103,"time":"2023-12-25T07:33:44.559Z"}},{"iob":0.12,"basaliob":0.058,"bolussnooze":0,"activity":8.0E-4,"lastBolusTime":1703477634103,"time":"2023-12-25T07:38:44.559Z","iobWithZeroTemp":{"iob":-0.138,"basaliob":-0.2,"bolussnooze":0,"activity":3.0E-4,"lastBolusTime":1703477634103,"time":"2023-12-25T07:38:44.559Z"}},{"iob":0.116,"basaliob":0.059,"bolussnooze":0,"activity":8.0E-4,"lastBolusTime":1703477634103,"time":"2023-12-25T07:43:44.559Z","iobWithZeroTemp":{"iob":-0.231,"basaliob":-0.288,"bolussnooze":0,"activity":-1.0E-4,"lastBolusTime":1703477634103,"time":"2023-12-25T07:43:44.559Z"}},{"iob":0.112,"basaliob":0.06,"bolussnooze":0,"activity":8.0E-4,"lastBolusTime":1703477634103,"time":"2023-12-25T07:48:44.559Z","iobWithZeroTemp":{"iob":-0.322,"basaliob":-0.374,"bolussnooze":0,"activity":-6.0E-4,"lastBolusTime":1703477634103,"time":"2023-12-25T07:48:44.559Z"}},{"iob":0.108,"basaliob":0.06,"bolussnooze":0,"activity":9.0E-4,"lastBolusTime":1703477634103,"time":"2023-12-25T07:53:44.559Z","iobWithZeroTemp":{"iob":-0.411,"basaliob":-0.459,"bolussnooze":0,"activity":-0.001,"lastBolusTime":1703477634103,"time":"2023-12-25T07:53:44.559Z"}},{"iob":0.103,"basaliob":0.059,"bolussnooze":0,"activity":9.0E-4,"lastBolusTime":1703477634103,"time":"2023-12-25T07:58:44.559Z","iobWithZeroTemp":{"iob":-0.498,"basaliob":-0.542,"bolussnooze":0,"activity":-0.0015,"lastBolusTime":1703477634103,"time":"2023-12-25T07:58:44.559Z"}},{"iob":0.098,"basaliob":0.058,"bolussnooze":0,"activity":9.0E-4,"lastBolusTime":1703477634103,"time":"2023-12-25T08:03:44.559Z","iobWithZeroTemp":{"iob":-0.578,"basaliob":-0.618,"bolussnooze":0,"activity":-0.0021,"lastBolusTime":1703477634103,"time":"2023-12-25T08:03:44.559Z"}},{"iob":0.093,"basaliob":0.057,"bolussnooze":0,"activity":0.001,"lastBolusTime":1703477634103,"time":"2023-12-25T08:08:44.559Z","iobWithZeroTemp":{"iob":-0.655,"basaliob":-0.691,"bolussnooze":0,"activity":-0.0026,"lastBolusTime":1703477634103,"time":"2023-12-25T08:08:44.559Z"}},{"iob":0.089,"basaliob":0.056,"bolussnooze":0,"activity":9.0E-4,"lastBolusTime":1703477634103,"time":"2023-12-25T08:13:44.559Z","iobWithZeroTemp":{"iob":-0.728,"basaliob":-0.761,"bolussnooze":0,"activity":-0.0033,"lastBolusTime":1703477634103,"time":"2023-12-25T08:13:44.559Z"}},{"iob":0.084,"basaliob":0.054,"bolussnooze":0,"activity":9.0E-4,"lastBolusTime":1703477634103,"time":"2023-12-25T08:18:44.559Z","iobWithZeroTemp":{"iob":-0.799,"basaliob":-0.829,"bolussnooze":0,"activity":-0.004,"lastBolusTime":1703477634103,"time":"2023-12-25T08:18:44.559Z"}},{"iob":0.08,"basaliob":0.053,"bolussnooze":0,"activity":9.0E-4,"lastBolusTime":1703477634103,"time":"2023-12-25T08:23:44.559Z","iobWithZeroTemp":{"iob":-0.866,"basaliob":-0.893,"bolussnooze":0,"activity":-0.0046,"lastBolusTime":1703477634103,"time":"2023-12-25T08:23:44.559Z"}},{"iob":0.076,"basaliob":0.051,"bolussnooze":0,"activity":9.0E-4,"lastBolusTime":1703477634103,"time":"2023-12-25T08:28:44.559Z","iobWithZeroTemp":{"iob":-0.929,"basaliob":-0.954,"bolussnooze":0,"activity":-0.0052,"lastBolusTime":1703477634103,"time":"2023-12-25T08:28:44.559Z"}},{"iob":0.072,"basaliob":0.049,"bolussnooze":0,"activity":8.0E-4,"lastBolusTime":1703477634103,"time":"2023-12-25T08:33:44.559Z","iobWithZeroTemp":{"iob":-0.99,"basaliob":-1.013,"bolussnooze":0,"activity":-0.0059,"lastBolusTime":1703477634103,"time":"2023-12-25T08:33:44.559Z"}},{"iob":0.068,"basaliob":0.047,"bolussnooze":0,"activity":8.0E-4,"lastBolusTime":1703477634103,"time":"2023-12-25T08:38:44.559Z","iobWithZeroTemp":{"iob":-1.048,"basaliob":-1.069,"bolussnooze":0,"activity":-0.0065,"lastBolusTime":1703477634103,"time":"2023-12-25T08:38:44.559Z"}},{"iob":0.064,"basaliob":0.045,"bolussnooze":0,"activity":8.0E-4,"lastBolusTime":1703477634103,"time":"2023-12-25T08:43:44.559Z","iobWithZeroTemp":{"iob":-1.102,"basaliob":-1.121,"bolussnooze":0,"activity":-0.007,"lastBolusTime":1703477634103,"time":"2023-12-25T08:43:44.559Z"}},{"iob":0.06,"basaliob":0.043,"bolussnooze":0,"activity":7.0E-4,"lastBolusTime":1703477634103,"time":"2023-12-25T08:48:44.559Z","iobWithZeroTemp":{"iob":-1.154,"basaliob":-1.171,"bolussnooze":0,"activity":-0.0077,"lastBolusTime":1703477634103,"time":"2023-12-25T08:48:44.559Z"}},{"iob":0.056,"basaliob":0.041,"bolussnooze":0,"activity":7.0E-4,"lastBolusTime":1703477634103,"time":"2023-12-25T08:53:44.559Z","iobWithZeroTemp":{"iob":-1.204,"basaliob":-1.219,"bolussnooze":0,"activity":-0.0082,"lastBolusTime":1703477634103,"time":"2023-12-25T08:53:44.559Z"}},{"iob":0.053,"basaliob":0.039,"bolussnooze":0,"activity":7.0E-4,"lastBolusTime":1703477634103,"time":"2023-12-25T08:58:44.559Z","iobWithZeroTemp":{"iob":-1.249,"basaliob":-1.263,"bolussnooze":0,"activity":-0.0087,"lastBolusTime":1703477634103,"time":"2023-12-25T08:58:44.559Z"}},{"iob":0.05,"basaliob":0.037,"bolussnooze":0,"activity":7.0E-4,"lastBolusTime":1703477634103,"time":"2023-12-25T09:03:44.559Z","iobWithZeroTemp":{"iob":-1.287,"basaliob":-1.3,"bolussnooze":0,"activity":-0.0092,"lastBolusTime":1703477634103,"time":"2023-12-25T09:03:44.559Z"}},{"iob":0.046,"basaliob":0.035,"bolussnooze":0,"activity":6.0E-4,"lastBolusTime":1703477634103,"time":"2023-12-25T09:08:44.559Z","iobWithZeroTemp":{"iob":-1.324,"basaliob":-1.335,"bolussnooze":0,"activity":-0.0098,"lastBolusTime":1703477634103,"time":"2023-12-25T09:08:44.559Z"}},{"iob":0.043,"basaliob":0.033,"bolussnooze":0,"activity":6.0E-4,"lastBolusTime":1703477634103,"time":"2023-12-25T09:13:44.559Z","iobWithZeroTemp":{"iob":-1.358,"basaliob":-1.368,"bolussnooze":0,"activity":-0.0102,"lastBolusTime":1703477634103,"time":"2023-12-25T09:13:44.559Z"}},{"iob":0.04,"basaliob":0.031,"bolussnooze":0,"activity":6.0E-4,"lastBolusTime":1703477634103,"time":"2023-12-25T09:18:44.559Z","iobWithZeroTemp":{"iob":-1.389,"basaliob":-1.398,"bolussnooze":0,"activity":-0.0106,"lastBolusTime":1703477634103,"time":"2023-12-25T09:18:44.559Z"}},{"iob":0.037,"basaliob":0.029,"bolussnooze":0,"activity":5.0E-4,"lastBolusTime":1703477634103,"time":"2023-12-25T09:23:44.559Z","iobWithZeroTemp":{"iob":-1.419,"basaliob":-1.427,"bolussnooze":0,"activity":-0.0111,"lastBolusTime":1703477634103,"time":"2023-12-25T09:23:44.559Z"}},{"iob":0.035,"basaliob":0.028,"bolussnooze":0,"activity":5.0E-4,"lastBolusTime":1703477634103,"time":"2023-12-25T09:28:44.559Z","iobWithZeroTemp":{"iob":-1.445,"basaliob":-1.452,"bolussnooze":0,"activity":-0.0115,"lastBolusTime":1703477634103,"time":"2023-12-25T09:28:44.559Z"}},{"iob":0.033,"basaliob":0.026,"bolussnooze":0,"activity":4.0E-4,"lastBolusTime":1703477634103,"time":"2023-12-25T09:33:44.559Z","iobWithZeroTemp":{"iob":-1.47,"basaliob":-1.477,"bolussnooze":0,"activity":-0.0119,"lastBolusTime":1703477634103,"time":"2023-12-25T09:33:44.559Z"}},{"iob":0.03,"basaliob":0.024,"bolussnooze":0,"activity":4.0E-4,"lastBolusTime":1703477634103,"time":"2023-12-25T09:38:44.559Z","iobWithZeroTemp":{"iob":-1.494,"basaliob":-1.5,"bolussnooze":0,"activity":-0.0123,"lastBolusTime":1703477634103,"time":"2023-12-25T09:38:44.559Z"}},{"iob":0.028,"basaliob":0.023,"bolussnooze":0,"activity":4.0E-4,"lastBolusTime":1703477634103,"time":"2023-12-25T09:43:44.559Z","iobWithZeroTemp":{"iob":-1.516,"basaliob":-1.521,"bolussnooze":0,"activity":-0.0126,"lastBolusTime":1703477634103,"time":"2023-12-25T09:43:44.559Z"}},{"iob":0.026,"basaliob":0.021,"bolussnooze":0,"activity":4.0E-4,"lastBolusTime":1703477634103,"time":"2023-12-25T09:48:44.559Z","iobWithZeroTemp":{"iob":-1.536,"basaliob":-1.541,"bolussnooze":0,"activity":-0.0128,"lastBolusTime":1703477634103,"time":"2023-12-25T09:48:44.559Z"}},{"iob":0.024,"basaliob":0.02,"bolussnooze":0,"activity":4.0E-4,"lastBolusTime":1703477634103,"time":"2023-12-25T09:53:44.559Z","iobWithZeroTemp":{"iob":-1.555,"basaliob":-1.559,"bolussnooze":0,"activity":-0.0131,"lastBolusTime":1703477634103,"time":"2023-12-25T09:53:44.559Z"}},{"iob":0.023,"basaliob":0.019,"bolussnooze":0,"activity":4.0E-4,"lastBolusTime":1703477634103,"time":"2023-12-25T09:58:44.559Z","iobWithZeroTemp":{"iob":-1.571,"basaliob":-1.575,"bolussnooze":0,"activity":-0.0133,"lastBolusTime":1703477634103,"time":"2023-12-25T09:58:44.559Z"}},{"iob":0.02,"basaliob":0.017,"bolussnooze":0,"activity":3.0E-4,"lastBolusTime":1703477634103,"time":"2023-12-25T10:03:44.559Z","iobWithZeroTemp":{"iob":-1.589,"basaliob":-1.592,"bolussnooze":0,"activity":-0.0137,"lastBolusTime":1703477634103,"time":"2023-12-25T10:03:44.559Z"}},{"iob":0.019,"basaliob":0.016,"bolussnooze":0,"activity":3.0E-4,"lastBolusTime":1703477634103,"time":"2023-12-25T10:08:44.559Z","iobWithZeroTemp":{"iob":-1.603,"basaliob":-1.606,"bolussnooze":0,"activity":-0.0139,"lastBolusTime":1703477634103,"time":"2023-12-25T10:08:44.559Z"}},{"iob":0.018,"basaliob":0.015,"bolussnooze":0,"activity":3.0E-4,"lastBolusTime":1703477634103,"time":"2023-12-25T10:13:44.559Z","iobWithZeroTemp":{"iob":-1.616,"basaliob":-1.619,"bolussnooze":0,"activity":-0.0141,"lastBolusTime":1703477634103,"time":"2023-12-25T10:13:44.559Z"}},{"iob":0.016,"basaliob":0.014,"bolussnooze":0,"activity":3.0E-4,"lastBolusTime":1703477634103,"time":"2023-12-25T10:18:44.559Z","iobWithZeroTemp":{"iob":-1.63,"basaliob":-1.632,"bolussnooze":0,"activity":-0.0142,"lastBolusTime":1703477634103,"time":"2023-12-25T10:18:44.559Z"}},{"iob":0.015,"basaliob":0.013,"bolussnooze":0,"activity":3.0E-4,"lastBolusTime":1703477634103,"time":"2023-12-25T10:23:44.559Z","iobWithZeroTemp":{"iob":-1.641,"basaliob":-1.643,"bolussnooze":0,"activity":-0.0144,"lastBolusTime":1703477634103,"time":"2023-12-25T10:23:44.559Z"}},{"iob":0.014,"basaliob":0.012,"bolussnooze":0,"activity":2.0E-4,"lastBolusTime":1703477634103,"time":"2023-12-25T10:28:44.559Z","iobWithZeroTemp":{"iob":-1.652,"basaliob":-1.654,"bolussnooze":0,"activity":-0.0147,"lastBolusTime":1703477634103,"time":"2023-12-25T10:28:44.559Z"}},{"iob":0.013,"basaliob":0.011,"bolussnooze":0,"activity":2.0E-4,"lastBolusTime":1703477634103,"time":"2023-12-25T10:33:44.559Z","iobWithZeroTemp":{"iob":-1.662,"basaliob":-1.664,"bolussnooze":0,"activity":-0.0148,"lastBolusTime":1703477634103,"time":"2023-12-25T10:33:44.559Z"}},{"iob":0.012,"basaliob":0.011,"bolussnooze":0,"activity":2.0E-4,"lastBolusTime":1703477634103,"time":"2023-12-25T10:38:44.559Z","iobWithZeroTemp":{"iob":-1.671,"basaliob":-1.672,"bolussnooze":0,"activity":-0.015,"lastBolusTime":1703477634103,"time":"2023-12-25T10:38:44.559Z"}},{"iob":0.011,"basaliob":0.01,"bolussnooze":0,"activity":1.0E-4,"lastBolusTime":1703477634103,"time":"2023-12-25T10:43:44.559Z","iobWithZeroTemp":{"iob":-1.679,"basaliob":-1.68,"bolussnooze":0,"activity":-0.0152,"lastBolusTime":1703477634103,"time":"2023-12-25T10:43:44.559Z"}},{"iob":0.01,"basaliob":0.009,"bolussnooze":0,"activity":1.0E-4,"lastBolusTime":1703477634103,"time":"2023-12-25T10:48:44.559Z","iobWithZeroTemp":{"iob":-1.687,"basaliob":-1.688,"bolussnooze":0,"activity":-0.0153,"lastBolusTime":1703477634103,"time":"2023-12-25T10:48:44.559Z"}},{"iob":0.009,"basaliob":0.008,"bolussnooze":0,"activity":1.0E-4,"lastBolusTime":1703477634103,"time":"2023-12-25T10:53:44.559Z","iobWithZeroTemp":{"iob":-1.695,"basaliob":-1.696,"bolussnooze":0,"activity":-0.0154,"lastBolusTime":1703477634103,"time":"2023-12-25T10:53:44.559Z"}},{"iob":0.009,"basaliob":0.008,"bolussnooze":0,"activity":1.0E-4,"lastBolusTime":1703477634103,"time":"2023-12-25T10:58:44.559Z","iobWithZeroTemp":{"iob":-1.7,"basaliob":-1.701,"bolussnooze":0,"activity":-0.0155,"lastBolusTime":1703477634103,"time":"2023-12-25T10:58:44.559Z"}},{"iob":0.008,"basaliob":0.007,"bolussnooze":0,"activity":1.0E-4,"lastBolusTime":1703477634103,"time":"2023-12-25T11:03:44.559Z","iobWithZeroTemp":{"iob":-1.721,"basaliob":-1.722,"bolussnooze":0,"activity":-0.0156,"lastBolusTime":1703477634103,"time":"2023-12-25T11:03:44.559Z"}},{"iob":0.008,"basaliob":0.007,"bolussnooze":0,"activity":1.0E-4,"lastBolusTime":1703477634103,"time":"2023-12-25T11:08:44.559Z","iobWithZeroTemp":{"iob":-1.74,"basaliob":-1.741,"bolussnooze":0,"activity":-0.0157,"lastBolusTime":1703477634103,"time":"2023-12-25T11:08:44.559Z"}},{"iob":0.006,"basaliob":0.006,"bolussnooze":0,"activity":1.0E-4,"lastBolusTime":1703477634103,"time":"2023-12-25T11:13:44.559Z","iobWithZeroTemp":{"iob":-1.761,"basaliob":-1.761,"bolussnooze":0,"activity":-0.0159,"lastBolusTime":1703477634103,"time":"2023-12-25T11:13:44.559Z"}},{"iob":0.006,"basaliob":0.006,"bolussnooze":0,"activity":1.0E-4,"lastBolusTime":1703477634103,"time":"2023-12-25T11:18:44.559Z","iobWithZeroTemp":{"iob":-1.779,"basaliob":-1.779,"bolussnooze":0,"activity":-0.016,"lastBolusTime":1703477634103,"time":"2023-12-25T11:18:44.559Z"}}],"profile":{"max_iob":15,"type":"current","max_daily_basal":1.2,"max_basal":3.59,"min_bg":99,"max_bg":99,"target_bg":99,"carb_ratio":4.285714285714286,"sens":20.57142857142857,"max_daily_safety_multiplier":3,"current_basal_safety_multiplier":4,"high_temptarget_raises_sensitivity":false,"low_temptarget_lowers_sensitivity":false,"sensitivity_raises_target":true,"resistance_lowers_target":true,"adv_target_adjustments":false,"exercise_mode":false,"half_basal_exercise_target":160,"maxCOB":120,"skip_neutral_temps":false,"remainingCarbsCap":90,"enableUAM":true,"A52_risk_enable":false,"SMBInterval":3,"enableSMB_with_COB":true,"enableSMB_with_temptarget":true,"allowSMB_with_high_temptarget":false,"enableSMB_always":false,"enableSMB_after_carbs":true,"maxSMBBasalMinutes":80,"maxUAMSMBBasalMinutes":60,"bolus_increment":0.05,"carbsReqThreshold":10,"current_basal":0.95,"temptargetSet":false,"autosens_max":1.2,"out_units":"mmol\/L"},"autosens_data":{"ratio":1.18},"meal_data":{"carbs":0,"mealCOB":0,"slopeFromMaxDeviation":0,"slopeFromMinDeviation":0.38544444444444437,"lastBolusTime":1703477634103,"lastCarbTime":0},"microBolusAllowed":true,"currentTime":1703489026978,"flatBGsDetected":false},"output":{"temp":"absolute","bg":105,"tick":"+2","eventualBG":117,"targetBG":93,"insulinReq":1.32,"deliverAt":"2023-12-25T07:23:46.978Z","sensitivityRatio":1.18,"predBGs":{"IOB":[105,107,108,110,111,112,113,114,114,115,115,115,115,115,115,115,115,115,115,115,115,115,114],"ZT":[105,105,105,105,105,105,105,105,105,105,106,106,106,107,107,108,108,109,109,110,111,112,113,113],"UAM":[105,107,109,110,111,113,114,115,116,117,117,118,118,118,118,118,118,118,118,118,118,118,118,118,118,118,118,118,118,118,118,118,118,118,117]},"COB":0,"IOB":0.13,"reason":"COB: 0, Dev: 0.7, BGI: 0.0, ISF: 1.0, CR: 4.29, Target: 5.2, minPredBG 6.4, minGuardBG 5.9, IOBpredBG 6.3, UAMpredBG 6.5; Eventual BG 6.5 >= 5.2, adj. req. rate: 3.76 to maxSafeBasal: 3.59, temp 3.04 < 3.59U\/hr. ","duration":30,"rate":3.59,"timestamp":"2023-12-25T07:23:47.087Z"}}