{"algorithm":"OpenAPSSMBPlugin","input":{"glucoseStatus":{"glucose":93,"noise":0,"delta":-3,"short_avgdelta":-3,"long_avgdelta":-1.92,"date":1703395690000},"currenttemp":{"temp":"absolute","duration":55,"rate":0,"minutesrunning":5},"iob_data":[{"iob":-0.009,"basaliob":-0.136,"bolussnooze":0,"activity":6.0E-4,"lastBolusTime":1703384655685,"time":"2023-12-24T05:28:44.762Z","iobWithZeroTemp":{"iob":-0.009,"basaliob":-0.136,"bolussnooze":0,"activity":6.0E-4,"lastBolusTime":1703384655685,"time":"2023-12-24T05:28:44.762Z"}},{"iob":-0.012,"basaliob":-0.129,"bolussnooze":0,"activity":5.0E-4,"lastBolusTime":1703384655685,"time":"2023-12-24T05:33:44.762Z","iobWithZeroTemp":{"iob":-0.085,"basaliob":-0.202,"bolussnooze":0,"activity":5.0E-4,"lastBolusTime":1703384655685,"time":"2023-12-24T05:33:44.762Z"}},{"iob":-0.014,"basaliob":-0.122,"bolussnooze":0,"activity":4.0E-4,"lastBolusTime":1703384655685,"time":"2023-12-24T05:38:44.762Z","iobWithZeroTemp":{"iob":-0.179,"basaliob":-0.287,"bolussnooze":0,"activity":2.0E-4,"lastBolusTime":1703384655685,"time":"2023-12-24T05:38:44.762Z"}},{"iob":-0.016,"basaliob":-0.115,"bolussnooze":0,"activity":3.0E-4,"lastBolusTime":1703384655685,"time":"2023-12-24T05:43:44.762Z","iobWithZeroTemp":{"iob":-0.271,"basaliob":-0.37,"bolussnooze":0,"activity":-2.0E-4,"lastBolusTime":1703384655685,"time":"2023-12-24T05:43:44.762Z"}},{"iob":-0.017,"basaliob":-0.108,"bolussnooze":0,"activity":2.0E-4,"lastBolusTime":1703384655685,"time":"2023-12-24T05:48:44.762Z","iobWithZeroTemp":{"iob":-0.36,"basaliob":-0.451,"bolussnooze":0,"activity":-7.0E-4,"lastBolusTime":1703384655685,"time":"2023-12-24T05:48:44.762Z"}},{"iob":-0.017,"basaliob":-0.101,"bolussnooze":0,"activity":1.0E-4,"lastBolusTime":1703384655685,"time":"2023-12-24T05:53:44.762Z","iobWithZeroTemp":{"iob":-0.447,"basaliob":-0.531,"bolussnooze":0,"activity":-0.0012,"lastBolusTime":1703384655685,"time":"2023-12-24T05:53:44.762Z"}},{"iob":-0.018,"basaliob":-0.095,"bolussnooze":0,"activity":1.0E-4,"lastBolusTime":1703384655685,"time":"2023-12-24T05:58:44.762Z","iobWithZeroTemp":{"iob":-0.531,"basaliob":-0.608,"bolussnooze":0,"activity":-0.0018,"lastBolusTime":1703384655685,"time":"2023-12-24T05:58:44.762Z"}},{"iob":-0.018,"basaliob":-0.089,"bolussnooze":0,"activity":0,"lastBolusTime":1703384655685,"time":"2023-12-24T06:03:44.762Z","iobWithZeroTemp":{"iob":-0.604,"basaliob":-0.675,"bolussnooze":0,"activity":-0.0024,"lastBolusTime":1703384655685,"time":"2023-12-24T06:03:44.762Z"}},{"iob":-0.019,"basaliob":-0.084,"bolussnooze":0,"activity":0,"lastBolusTime":1703384655685,"time":"2023-12-24T06:08:44.762Z","iobWithZeroTemp":{"iob":-0.675,"basaliob":-0.74,"bolussnooze":0,"activity":-0.003,"lastBolusTime":1703384655685,"time":"2023-12-24T06:08:44.762Z"}},{"iob":-0.019,"basaliob":-0.078,"bolussnooze":0,"activity":-1.0E-4,"lastBolusTime":1703384655685,"time":"2023-12-24T06:13:44.762Z","iobWithZeroTemp":{"iob":-0.742,"basaliob":-0.801,"bolussnooze":0,"activity":-0.0037,"lastBolusTime":1703384655685,"time":"2023-12-24T06:13:44.762Z"}},{"iob":-0.019,"basaliob":-0.073,"bolussnooze":0,"activity":0,"lastBolusTime":1703384655685,"time":"2023-12-24T06:18:44.762Z","iobWithZeroTemp":{"iob":-0.806,"basaliob":-0.86,"bolussnooze":0,"activity":-0.0041,"lastBolusTime":1703384655685,"time":"2023-12-24T06:18:44.762Z"}},{"iob":-0.018,"basaliob":-0.068,"bolussnooze":0,"activity":-1.0E-4,"lastBolusTime":1703384655685,"time":"2023-12-24T06:23:44.762Z","iobWithZeroTemp":{"iob":-0.866,"basaliob":-0.916,"bolussnooze":0,"activity":-0.0048,"lastBolusTime":1703384655685,"time":"2023-12-24T06:23:44.762Z"}},{"iob":-0.018,"basaliob":-0.064,"bolussnooze":0,"activity":-1.0E-4,"lastBolusTime":1703384655685,"time":"2023-12-24T06:28:44.762Z","iobWithZeroTemp":{"iob":-0.924,"basaliob":-0.97,"bolussnooze":0,"activity":-0.0054,"lastBolusTime":1703384655685,"time":"2023-12-24T06:28:44.762Z"}},{"iob":-0.017,"basaliob":-0.059,"bolussnooze":0,"activity":0,"lastBolusTime":1703384655685,"time":"2023-12-24T06:33:44.762Z","iobWithZeroTemp":{"iob":-0.979,"basaliob":-1.021,"bolussnooze":0,"activity":-0.0059,"lastBolusTime":1703384655685,"time":"2023-12-24T06:33:44.762Z"}},{"iob":-0.017,"basaliob":-0.055,"bolussnooze":0,"activity":-1.0E-4,"lastBolusTime":1703384655685,"time":"2023-12-24T06:38:44.762Z","iobWithZeroTemp":{"iob":-1.031,"basaliob":-1.069,"bolussnooze":0,"activity":-0.0065,"lastBolusTime":1703384655685,"time":"2023-12-24T06:38:44.762Z"}},{"iob":-0.016,"basaliob":-0.051,"bolussnooze":0,"activity":-2.0E-4,"lastBolusTime":1703384655685,"time":"2023-12-24T06:43:44.762Z","iobWithZeroTemp":{"iob":-1.08,"basaliob":-1.115,"bolussnooze":0,"activity":-0.0072,"lastBolusTime":1703384655685,"time":"2023-12-24T06:43:44.762Z"}},{"iob":-0.015,"basaliob":-0.047,"bolussnooze":0,"activity":-1.0E-4,"lastBolusTime":1703384655685,"time":"2023-12-24T06:48:44.762Z","iobWithZeroTemp":{"iob":-1.126,"basaliob":-1.158,"bolussnooze":0,"activity":-0.0076,"lastBolusTime":1703384655685,"time":"2023-12-24T06:48:44.762Z"}},{"iob":-0.015,"basaliob":-0.044,"bolussnooze":0,"activity":-2.0E-4,"lastBolusTime":1703384655685,"time":"2023-12-24T06:53:44.762Z","iobWithZeroTemp":{"iob":-1.17,"basaliob":-1.199,"bolussnooze":0,"activity":-0.0082,"lastBolusTime":1703384655685,"time":"2023-12-24T06:53:44.762Z"}},{"iob":-0.015,"basaliob":-0.041,"bolussnooze":0,"activity":-1.0E-4,"lastBolusTime":1703384655685,"time":"2023-12-24T06:58:44.762Z","iobWithZeroTemp":{"iob":-1.212,"basaliob":-1.238,"bolussnooze":0,"activity":-0.0086,"lastBolusTime":1703384655685,"time":"2023-12-24T06:58:44.762Z"}},{"iob":-0.014,"basaliob":-0.038,"bolussnooze":0,"activity":-1.0E-4,"lastBolusTime":1703384655685,"time":"2023-12-24T07:03:44.762Z","iobWithZeroTemp":{"iob":-1.245,"basaliob":-1.269,"bolussnooze":0,"activity":-0.0091,"lastBolusTime":1703384655685,"time":"2023-12-24T07:03:44.762Z"}},{"iob":-0.013,"basaliob":-0.035,"bolussnooze":0,"activity":-1.0E-4,"lastBolusTime":1703384655685,"time":"2023-12-24T07:08:44.762Z","iobWithZeroTemp":{"iob":-1.277,"basaliob":-1.299,"bolussnooze":0,"activity":-0.0096,"lastBolusTime":1703384655685,"time":"2023-12-24T07:08:44.762Z"}},{"iob":-0.012,"basaliob":-0.032,"bolussnooze":0,"activity":-1.0E-4,"lastBolusTime":1703384655685,"time":"2023-12-24T07:13:44.762Z","iobWithZeroTemp":{"iob":-1.307,"basaliob":-1.327,"bolussnooze":0,"activity":-0.01,"lastBolusTime":1703384655685,"time":"2023-12-24T07:13:44.762Z"}},{"iob":-0.012,"basaliob":-0.03,"bolussnooze":0,"activity":-2.0E-4,"lastBolusTime":1703384655685,"time":"2023-12-24T07:18:44.762Z","iobWithZeroTemp":{"iob":-1.335,"basaliob":-1.353,"bolussnooze":0,"activity":-0.0105,"lastBolusTime":1703384655685,"time":"2023-12-24T07:18:44.762Z"}},{"iob":-0.012,"basaliob":-0.028,"bolussnooze":0,"activity":-1.0E-4,"lastBolusTime":1703384655685,"time":"2023-12-24T07:23:44.762Z","iobWithZeroTemp":{"iob":-1.361,"basaliob":-1.377,"bolussnooze":0,"activity":-0.0108,"lastBolusTime":1703384655685,"time":"2023-12-24T07:23:44.762Z"}},{"iob":-0.01,"basaliob":-0.025,"bolussnooze":0,"activity":-1.0E-4,"lastBolusTime":1703384655685,"time":"2023-12-24T07:28:44.762Z","iobWithZeroTemp":{"iob":-1.384,"basaliob":-1.399,"bolussnooze":0,"activity":-0.0111,"lastBolusTime":1703384655685,"time":"2023-12-24T07:28:44.762Z"}},{"iob":-0.01,"basaliob":-0.023,"bolussnooze":0,"activity":-1.0E-4,"lastBolusTime":1703384655685,"time":"2023-12-24T07:33:44.762Z","iobWithZeroTemp":{"iob":-1.407,"basaliob":-1.42,"bolussnooze":0,"activity":-0.0115,"lastBolusTime":1703384655685,"time":"2023-12-24T07:33:44.762Z"}},{"iob":-0.01,"basaliob":-0.022,"bolussnooze":0,"activity":-2.0E-4,"lastBolusTime":1703384655685,"time":"2023-12-24T07:38:44.762Z","iobWithZeroTemp":{"iob":-1.428,"basaliob":-1.44,"bolussnooze":0,"activity":-0.0119,"lastBolusTime":1703384655685,"time":"2023-12-24T07:38:44.762Z"}},{"iob":-0.009,"basaliob":-0.02,"bolussnooze":0,"activity":-1.0E-4,"lastBolusTime":1703384655685,"time":"2023-12-24T07:43:44.762Z","iobWithZeroTemp":{"iob":-1.447,"basaliob":-1.458,"bolussnooze":0,"activity":-0.0121,"lastBolusTime":1703384655685,"time":"2023-12-24T07:43:44.762Z"}},{"iob":-0.008,"basaliob":-0.018,"bolussnooze":0,"activity":-1.0E-4,"lastBolusTime":1703384655685,"time":"2023-12-24T07:48:44.762Z","iobWithZeroTemp":{"iob":-1.464,"basaliob":-1.474,"bolussnooze":0,"activity":-0.0123,"lastBolusTime":1703384655685,"time":"2023-12-24T07:48:44.762Z"}},{"iob":-0.008,"basaliob":-0.017,"bolussnooze":0,"activity":-1.0E-4,"lastBolusTime":1703384655685,"time":"2023-12-24T07:53:44.762Z","iobWithZeroTemp":{"iob":-1.481,"basaliob":-1.49,"bolussnooze":0,"activity":-0.0126,"lastBolusTime":1703384655685,"time":"2023-12-24T07:53:44.762Z"}},{"iob":-0.007,"basaliob":-0.015,"bolussnooze":0,"activity":-1.0E-4,"lastBolusTime":1703384655685,"time":"2023-12-24T07:58:44.762Z","iobWithZeroTemp":{"iob":-1.496,"basaliob":-1.504,"bolussnooze":0,"activity":-0.0128,"lastBolusTime":1703384655685,"time":"2023-12-24T07:58:44.762Z"}},{"iob":-0.007,"basaliob":-0.014,"bolussnooze":0,"activity":0,"lastBolusTime":1703384655685,"time":"2023-12-24T08:03:44.762Z","iobWithZeroTemp":{"iob":-1.506,"basaliob":-1.513,"bolussnooze":0,"activity":-0.013,"lastBolusTime":1703384655685,"time":"2023-12-24T08:03:44.762Z"}},{"iob":-0.006,"basaliob":-0.013,"bolussnooze":0,"activity":-1.0E-4,"lastBolusTime":1703384655685,"time":"2023-12-24T08:08:44.762Z","iobWithZeroTemp":{"iob":-1.515,"basaliob":-1.522,"bolussnooze":0,"activity":-0.0133,"lastBolusTime":1703384655685,"time":"2023-12-24T08:08:44.762Z"}},{"iob":-0.006,"basaliob":-0.012,"bolussnooze":0,"activity":-1.0E-4,"lastBolusTime":1703384655685,"time":"2023-12-24T08:13:44.762Z","iobWithZeroTemp":{"iob":-1.524,"basaliob":-1.53,"bolussnooze":0,"activity":-0.0134,"lastBolusTime":1703384655685,"time":"2023-12-24T08:13:44.762Z"}},{"iob":-0.006,"basaliob":-0.011,"bolussnooze":0,"activity":-1.0E-4,"lastBolusTime":1703384655685,"time":"2023-12-24T08:18:44.762Z","iobWithZeroTemp":{"iob":-1.532,"basaliob":-1.537,"bolussnooze":0,"activity":-0.0136,"lastBolusTime":1703384655685,"time":"2023-12-24T08:18:44.762Z"}},{"iob":-0.005,"basaliob":-0.01,"bolussnooze":0,"activity":-1.0E-4,"lastBolusTime":1703384655685,"time":"2023-12-24T08:23:44.762Z","iobWithZeroTemp":{"iob":-1.538,"basaliob":-1.543,"bolussnooze":0,"activity":-0.0138,"lastBolusTime":1703384655685,"time":"2023-12-24T08:23:44.762Z"}},{"iob":-0.005,"basaliob":-0.009,"bolussnooze":0,"activity":-1.0E-4,"lastBolusTime":1703384655685,"time":"2023-12-24T08:28:44.762Z","iobWithZeroTemp":{"iob":-1.544,"basaliob":-1.548,"bolussnooze":0,"activity":-0.0139,"lastBolusTime":1703384655685,"time":"2023-12-24T08:28:44.762Z"}},{"iob":-0.004,"basaliob":-0.008,"bolussnooze":0,"activity":0,"lastBolusTime":1703384655685,"time":"2023-12-24T08:33:44.762Z","iobWithZeroTemp":{"iob":-1.549,"basaliob":-1.553,"bolussnooze":0,"activity":-0.0139,"lastBolusTime":1703384655685,"time":"2023-12-24T08:33:44.762Z"}},{"iob":-0.005,"basaliob":-0.008,"bolussnooze":0,"activity":0,"lastBolusTime":1703384655685,"time":"2023-12-24T08:38:44.762Z","iobWithZeroTemp":{"iob":-1.555,"basaliob":-1.558,"bolussnooze":0,"activity":-0.014,"lastBolusTime":1703384655685,"time":"2023-12-24T08:38:44.762Z"}},{"iob":-0.004,"basaliob":-0.007,"bolussnooze":0,"activity":0,"lastBolusTime":1703384655685,"time":"2023-12-24T08:43:44.762Z","iobWithZeroTemp":{"iob":-1.559,"basaliob":-1.562,"bolussnooze":0,"activity":-0.0141,"lastBolusTime":1703384655685,"time":"2023-12-24T08:43:44.762Z"}},{"iob":-0.003,"basaliob":-0.006,"bolussnooze":0,"activity":0,"lastBolusTime":1703384655685,"time":"2023-12-24T08:48:44.762Z","iobWithZeroTemp":{"iob":-1.562,"basaliob":-1.565,"bolussnooze":0,"activity":-0.0142,"lastBolusTime":1703384655685,"time":"2023-12-24T08:48:44.762Z"}},{"iob":-0.004,"basaliob":-0.006,"bolussnooze":0,"activity":0,"lastBolusTime":1703384655685,"time":"2023-12-24T08:53:44.762Z","iobWithZeroTemp":{"iob":-1.566,"basaliob":-1.568,"bolussnooze":0,"activity":-0.0143,"lastBolusTime":1703384655685,"time":"2023-12-24T08:53:44.762Z"}},{"iob":-0.003,"basaliob":-0.005,"bolussnooze":0,"activity":0,"lastBolusTime":1703384655685,"time":"2023-12-24T08:58:44.762Z","iobWithZeroTemp":{"iob":-1.569,"basaliob":-1.571,"bolussnooze":0,"activity":-0.0144,"lastBolusTime":1703384655685,"time":"2023-12-24T08:58:44.762Z"}},{"iob":-0.003,"basaliob":-0.005,"bolussnooze":0,"activity":-1.0E-4,"lastBolusTime":1703384655685,"time":"2023-12-24T09:03:44.762Z","iobWithZeroTemp":{"iob":-1.567,"basaliob":-1.569,"bolussnooze":0,"activity":-0.0146,"lastBolusTime":1703384655685,"time":"2023-12-24T09:03:44.762Z"}},{"iob":-0.002,"basaliob":-0.004,"bolussnooze":0,"activity":-1.0E-4,"lastBolusTime":1703384655685,"time":"2023-12-24T09:08:44.762Z","iobWithZeroTemp":{"iob":-1.565,"basaliob":-1.567,"bolussnooze":0,"activity":-0.0146,"lastBolusTime":1703384655685,"time":"2023-12-24T09:08:44.762Z"}},{"iob":-0.003,"basaliob":-0.004,"bolussnooze":0,"activity":-1.0E-4,"lastBolusTime":1703384655685,"time":"2023-12-24T09:13:44.762Z","iobWithZeroTemp":{"iob":-1.564,"basaliob":-1.565,"bolussnooze":0,"activity":-0.0146,"lastBolusTime":1703384655685,"time":"2023-12-24T09:13:44.762Z"}},{"iob":-0.002,"basaliob":-0.003,"bolussnooze":0,"activity":-1.0E-4,"lastBolusTime":1703384655685,"time":"2023-12-24T09:18:44.762Z","iobWithZeroTemp":{"iob":-1.561,"basaliob":-1.562,"bolussnooze":0,"activity":-0.0147,"lastBolusTime":1703384655685,"time":"2023-12-24T09:18:44.762Z"}},{"iob":-0.002,"basaliob":-0.003,"bolussnooze":0,"activity":-1.0E-4,"lastBolusTime":1703384655685,"time":"2023-12-24T09:23:44.762Z","iobWithZeroTemp":{"iob":-1.559,"basaliob":-1.56,"bolussnooze":0,"activity":-0.0147,"lastBolusTime":1703384655685,"time":"2023-12-24T09:23:44.762Z"}}],"profile":{"max_iob":15,"type":"current","max_daily_basal":1.2,"max_basal":3.59,"min_bg":99,"max_bg":99,"target_bg":99,"carb_ratio":4.285714285714286,"sens":30.857142857142854,"max_daily_safety_multiplier":3,"current_basal_safety_multiplier":4,"high_temptarget_raises_sensitivity":false,"low_temptarget_lowers_sensitivity":false,"sensitivity_raises_target":true,"resistance_lowers_target":true,"adv_target_adjustments":false,"exercise_mode":false,"half_basal_exercise_target":160,"maxCOB":120,"skip_neutral_temps":false,"remainingCarbsCap":90,"enableUAM":true,"A52_risk_enable":false,"SMBInterval":3,"enableSMB_with_COB":true,"enableSMB_with_temptarget":true,"allowSMB_with_high_temptarget":false,"enableSMB_always":false,"enableSMB_after_carbs":true,"maxSMBBasalMinutes":80,"maxUAMSMBBasalMinutes":60,"bolus_increment":0.05,"carbsReqThreshold":10,"current_basal":1.1,"temptargetSet":false,"autosens_max":1.2,"out_units":"mmol\/L"},"autosens_data":{"ratio":1},"meal_data":{"carbs":0,"mealCOB":0,"slopeFromMaxDeviation":-0.628125,"slopeFromMinDeviation":0,"lastBolusTime":1703384655685,"lastCarbTime":0},"microBolusAllowed":true,"currentTime":1703395726895,"flatBGsDetected":false},"output":{"temp":"absolute","bg":93,"tick":-3,"eventualBG":82,"targetBG":99,"insulinReq":0,"deliverAt":"2023-12-24T05:28:46.895Z","sensitivityRatio":1,"predBGs":{"IOB":[93,90,88,86,84,82,80,79,78,77,77,77,77],"ZT":[93,93,93,93,93,93,93,93,94,94,95,95,96,97,98,99]},"COB":0,"IOB":-0.009,"reason":"COB: 0, Dev: -0.6, BGI: 0.0, ISF: 1.7, CR: 4.29, Target: 5.5, minPredBG 4.4, minGuardBG 4.3, IOBpredBG 4.3; Eventual BG 4.6 < 5.5 55m left and 0 ~ req 0U\/hr: no temp required","timestamp":"2023-12-24T05:28:47.038Z"}}