{"algorithm":"OpenAPSSMBPlugin","input":{"glucoseStatus":{"glucose":200,"noise":0,"delta":-2,"short_avgdelta":-2,"long_avgdelta":-2,"date":1703449993000},"currenttemp":{"temp":"absolute","duration":15,"rate":0,"minutesrunning":45},"iob_data":[{"iob":7.246,"basaliob":-0.48,"bolussnooze":0.008,"activity":0.0714,"lastBolusTime":1703448542578,"time":"2023-12-24T20:33:43.658Z","iobWithZeroTemp":{"iob":7.246,"basaliob":-0.48,"bolussnooze":0.008,"activity":0.0714,"lastBolusTime":1703448542578,"time":"2023-12-24T20:33:43.658Z"}},{"iob":6.889,"basaliob":-0.466,"bolussnooze":0.0046,"activity":0.0706,"lastBolusTime":1703448542578,"time":"2023-12-24T20:38:43.658Z","iobWithZeroTemp":{"iob":6.823,"basaliob":-0.532,"bolussnooze":0.0046,"activity":0.0706,"lastBolusTime":1703448542578,"time":"2023-12-24T20:38:43.658Z"}},{"iob":6.539,"basaliob":-0.45,"bolussnooze":0.0026,"activity":0.0694,"lastBolusTime":1703448542578,"time":"2023-12-24T20:43:43.658Z","iobWithZeroTemp":{"iob":6.39,"basaliob":-0.599,"bolussnooze":0.0026,"activity":0.0692,"lastBolusTime":1703448542578,"time":"2023-12-24T20:43:43.658Z"}},{"iob":6.196,"basaliob":-0.433,"bolussnooze":0.0013,"activity":0.0679,"lastBolusTime":1703448542578,"time":"2023-12-24T20:48:43.658Z","iobWithZeroTemp":{"iob":5.965,"basaliob":-0.664,"bolussnooze":0.0013,"activity":0.0674,"lastBolusTime":1703448542578,"time":"2023-12-24T20:48:43.658Z"}},{"iob":5.861,"basaliob":-0.415,"bolussnooze":6.0E-4,"activity":0.0661,"lastBolusTime":1703448542578,"time":"2023-12-24T20:53:43.658Z","iobWithZeroTemp":{"iob":5.55,"basaliob":-0.726,"bolussnooze":6.0E-4,"activity":0.0653,"lastBolusTime":1703448542578,"time":"2023-12-24T20:53:43.658Z"}},{"iob":5.536,"basaliob":-0.397,"bolussnooze":3.0E-4,"activity":0.0641,"lastBolusTime":1703448542578,"time":"2023-12-24T20:58:43.658Z","iobWithZeroTemp":{"iob":5.147,"basaliob":-0.786,"bolussnooze":3.0E-4,"activity":0.0629,"lastBolusTime":1703448542578,"time":"2023-12-24T20:58:43.658Z"}},{"iob":5.22,"basaliob":-0.379,"bolussnooze":1.0E-4,"activity":0.0619,"lastBolusTime":1703448542578,"time":"2023-12-24T21:03:43.658Z","iobWithZeroTemp":{"iob":4.763,"basaliob":-0.836,"bolussnooze":1.0E-4,"activity":0.0602,"lastBolusTime":1703448542578,"time":"2023-12-24T21:03:43.658Z"}},{"iob":4.916,"basaliob":-0.361,"bolussnooze":0,"activity":0.0596,"lastBolusTime":1703448542578,"time":"2023-12-24T21:08:43.658Z","iobWithZeroTemp":{"iob":4.394,"basaliob":-0.883,"bolussnooze":0,"activity":0.0574,"lastBolusTime":1703448542578,"time":"2023-12-24T21:08:43.658Z"}},{"iob":4.624,"basaliob":-0.343,"bolussnooze":0,"activity":0.0572,"lastBolusTime":1703448542578,"time":"2023-12-24T21:13:43.658Z","iobWithZeroTemp":{"iob":4.039,"basaliob":-0.928,"bolussnooze":0,"activity":0.0545,"lastBolusTime":1703448542578,"time":"2023-12-24T21:13:43.658Z"}},{"iob":4.345,"basaliob":-0.325,"bolussnooze":0,"activity":0.0548,"lastBolusTime":1703448542578,"time":"2023-12-24T21:18:43.658Z","iobWithZeroTemp":{"iob":3.699,"basaliob":-0.971,"bolussnooze":0,"activity":0.0516,"lastBolusTime":1703448542578,"time":"2023-12-24T21:18:43.658Z"}},{"iob":4.076,"basaliob":-0.308,"bolussnooze":0,"activity":0.0524,"lastBolusTime":1703448542578,"time":"2023-12-24T21:23:43.658Z","iobWithZeroTemp":{"iob":3.372,"basaliob":-1.012,"bolussnooze":0,"activity":0.0487,"lastBolusTime":1703448542578,"time":"2023-12-24T21:23:43.658Z"}},{"iob":3.821,"basaliob":-0.291,"bolussnooze":0,"activity":0.0499,"lastBolusTime":1703448542578,"time":"2023-12-24T21:28:43.658Z","iobWithZeroTemp":{"iob":3.062,"basaliob":-1.05,"bolussnooze":0,"activity":0.0457,"lastBolusTime":1703448542578,"time":"2023-12-24T21:28:43.658Z"}},{"iob":3.577,"basaliob":-0.275,"bolussnooze":0,"activity":0.0475,"lastBolusTime":1703448542578,"time":"2023-12-24T21:33:43.658Z","iobWithZeroTemp":{"iob":2.765,"basaliob":-1.087,"bolussnooze":0,"activity":0.0428,"lastBolusTime":1703448542578,"time":"2023-12-24T21:33:43.658Z"}},{"iob":3.346,"basaliob":-0.259,"bolussnooze":0,"activity":0.0451,"lastBolusTime":1703448542578,"time":"2023-12-24T21:38:43.658Z","iobWithZeroTemp":{"iob":2.484,"basaliob":-1.121,"bolussnooze":0,"activity":0.0398,"lastBolusTime":1703448542578,"time":"2023-12-24T21:38:43.658Z"}},{"iob":3.126,"basaliob":-0.244,"bolussnooze":0,"activity":0.0427,"lastBolusTime":1703448542578,"time":"2023-12-24T21:43:43.658Z","iobWithZeroTemp":{"iob":2.217,"basaliob":-1.153,"bolussnooze":0,"activity":0.0369,"lastBolusTime":1703448542578,"time":"2023-12-24T21:43:43.658Z"}},{"iob":2.919,"basaliob":-0.229,"bolussnooze":0,"activity":0.0404,"lastBolusTime":1703448542578,"time":"2023-12-24T21:48:43.658Z","iobWithZeroTemp":{"iob":1.965,"basaliob":-1.183,"bolussnooze":0,"activity":0.0341,"lastBolusTime":1703448542578,"time":"2023-12-24T21:48:43.658Z"}},{"iob":2.722,"basaliob":-0.215,"bolussnooze":0,"activity":0.0382,"lastBolusTime":1703448542578,"time":"2023-12-24T21:53:43.658Z","iobWithZeroTemp":{"iob":1.725,"basaliob":-1.212,"bolussnooze":0,"activity":0.0315,"lastBolusTime":1703448542578,"time":"2023-12-24T21:53:43.658Z"}},{"iob":2.536,"basaliob":-0.202,"bolussnooze":0,"activity":0.0361,"lastBolusTime":1703448542578,"time":"2023-12-24T21:58:43.658Z","iobWithZeroTemp":{"iob":1.499,"basaliob":-1.239,"bolussnooze":0,"activity":0.0289,"lastBolusTime":1703448542578,"time":"2023-12-24T21:58:43.658Z"}},{"iob":2.361,"basaliob":-0.189,"bolussnooze":0,"activity":0.0339,"lastBolusTime":1703448542578,"time":"2023-12-24T22:03:43.658Z","iobWithZeroTemp":{"iob":1.294,"basaliob":-1.256,"bolussnooze":0,"activity":0.0262,"lastBolusTime":1703448542578,"time":"2023-12-24T22:03:43.658Z"}},{"iob":2.196,"basaliob":-0.177,"bolussnooze":0,"activity":0.0319,"lastBolusTime":1703448542578,"time":"2023-12-24T22:08:43.658Z","iobWithZeroTemp":{"iob":1.102,"basaliob":-1.271,"bolussnooze":0,"activity":0.0238,"lastBolusTime":1703448542578,"time":"2023-12-24T22:08:43.658Z"}},{"iob":2.042,"basaliob":-0.165,"bolussnooze":0,"activity":0.03,"lastBolusTime":1703448542578,"time":"2023-12-24T22:13:43.658Z","iobWithZeroTemp":{"iob":0.922,"basaliob":-1.285,"bolussnooze":0,"activity":0.0215,"lastBolusTime":1703448542578,"time":"2023-12-24T22:13:43.658Z"}},{"iob":1.897,"basaliob":-0.154,"bolussnooze":0,"activity":0.0282,"lastBolusTime":1703448542578,"time":"2023-12-24T22:18:43.658Z","iobWithZeroTemp":{"iob":0.754,"basaliob":-1.297,"bolussnooze":0,"activity":0.0194,"lastBolusTime":1703448542578,"time":"2023-12-24T22:18:43.658Z"}},{"iob":1.76,"basaliob":-0.144,"bolussnooze":0,"activity":0.0264,"lastBolusTime":1703448542578,"time":"2023-12-24T22:23:43.658Z","iobWithZeroTemp":{"iob":0.595,"basaliob":-1.309,"bolussnooze":0,"activity":0.0172,"lastBolusTime":1703448542578,"time":"2023-12-24T22:23:43.658Z"}},{"iob":1.632,"basaliob":-0.134,"bolussnooze":0,"activity":0.0248,"lastBolusTime":1703448542578,"time":"2023-12-24T22:28:43.658Z","iobWithZeroTemp":{"iob":0.447,"basaliob":-1.319,"bolussnooze":0,"activity":0.0153,"lastBolusTime":1703448542578,"time":"2023-12-24T22:28:43.658Z"}},{"iob":1.512,"basaliob":-0.125,"bolussnooze":0,"activity":0.0232,"lastBolusTime":1703448542578,"time":"2023-12-24T22:33:43.658Z","iobWithZeroTemp":{"iob":0.308,"basaliob":-1.329,"bolussnooze":0,"activity":0.0134,"lastBolusTime":1703448542578,"time":"2023-12-24T22:33:43.658Z"}},{"iob":1.4,"basaliob":-0.116,"bolussnooze":0,"activity":0.0216,"lastBolusTime":1703448542578,"time":"2023-12-24T22:38:43.658Z","iobWithZeroTemp":{"iob":0.179,"basaliob":-1.337,"bolussnooze":0,"activity":0.0116,"lastBolusTime":1703448542578,"time":"2023-12-24T22:38:43.658Z"}},{"iob":1.296,"basaliob":-0.108,"bolussnooze":0,"activity":0.0202,"lastBolusTime":1703448542578,"time":"2023-12-24T22:43:43.658Z","iobWithZeroTemp":{"iob":0.059,"basaliob":-1.345,"bolussnooze":0,"activity":0.0099,"lastBolusTime":1703448542578,"time":"2023-12-24T22:43:43.658Z"}},{"iob":1.198,"basaliob":-0.1,"bolussnooze":0,"activity":0.0189,"lastBolusTime":1703448542578,"time":"2023-12-24T22:48:43.658Z","iobWithZeroTemp":{"iob":-0.054,"basaliob":-1.352,"bolussnooze":0,"activity":0.0084,"lastBolusTime":1703448542578,"time":"2023-12-24T22:48:43.658Z"}},{"iob":1.107,"basaliob":-0.093,"bolussnooze":0,"activity":0.0176,"lastBolusTime":1703448542578,"time":"2023-12-24T22:53:43.658Z","iobWithZeroTemp":{"iob":-0.158,"basaliob":-1.358,"bolussnooze":0,"activity":0.0068,"lastBolusTime":1703448542578,"time":"2023-12-24T22:53:43.658Z"}},{"iob":1.022,"basaliob":-0.086,"bolussnooze":0,"activity":0.0164,"lastBolusTime":1703448542578,"time":"2023-12-24T22:58:43.658Z","iobWithZeroTemp":{"iob":-0.256,"basaliob":-1.364,"bolussnooze":0,"activity":0.0054,"lastBolusTime":1703448542578,"time":"2023-12-24T22:58:43.658Z"}},{"iob":0.943,"basaliob":-0.08,"bolussnooze":0,"activity":0.0153,"lastBolusTime":1703448542578,"time":"2023-12-24T23:03:43.658Z","iobWithZeroTemp":{"iob":-0.346,"basaliob":-1.369,"bolussnooze":0,"activity":0.0042,"lastBolusTime":1703448542578,"time":"2023-12-24T23:03:43.658Z"}},{"iob":0.869,"basaliob":-0.074,"bolussnooze":0,"activity":0.0142,"lastBolusTime":1703448542578,"time":"2023-12-24T23:08:43.658Z","iobWithZeroTemp":{"iob":-0.431,"basaliob":-1.374,"bolussnooze":0,"activity":0.0029,"lastBolusTime":1703448542578,"time":"2023-12-24T23:08:43.658Z"}},{"iob":0.802,"basaliob":-0.068,"bolussnooze":0,"activity":0.0131,"lastBolusTime":1703448542578,"time":"2023-12-24T23:13:43.658Z","iobWithZeroTemp":{"iob":-0.507,"basaliob":-1.377,"bolussnooze":0,"activity":0.0016,"lastBolusTime":1703448542578,"time":"2023-12-24T23:13:43.658Z"}},{"iob":0.738,"basaliob":-0.063,"bolussnooze":0,"activity":0.0122,"lastBolusTime":1703448542578,"time":"2023-12-24T23:18:43.658Z","iobWithZeroTemp":{"iob":-0.58,"basaliob":-1.381,"bolussnooze":0,"activity":6.0E-4,"lastBolusTime":1703448542578,"time":"2023-12-24T23:18:43.658Z"}},{"iob":0.679,"basaliob":-0.058,"bolussnooze":0,"activity":0.0114,"lastBolusTime":1703448542578,"time":"2023-12-24T23:23:43.658Z","iobWithZeroTemp":{"iob":-0.647,"basaliob":-1.384,"bolussnooze":0,"activity":-4.0E-4,"lastBolusTime":1703448542578,"time":"2023-12-24T23:23:43.658Z"}},{"iob":0.624,"basaliob":-0.054,"bolussnooze":0,"activity":0.0105,"lastBolusTime":1703448542578,"time":"2023-12-24T23:28:43.658Z","iobWithZeroTemp":{"iob":-0.71,"basaliob":-1.388,"bolussnooze":0,"activity":-0.0014,"lastBolusTime":1703448542578,"time":"2023-12-24T23:28:43.658Z"}},{"iob":0.573,"basaliob":-0.05,"bolussnooze":0,"activity":0.0098,"lastBolusTime":1703448542578,"time":"2023-12-24T23:33:43.658Z","iobWithZeroTemp":{"iob":-0.768,"basaliob":-1.391,"bolussnooze":0,"activity":-0.0022,"lastBolusTime":1703448542578,"time":"2023-12-24T23:33:43.658Z"}},{"iob":0.526,"basaliob":-0.046,"bolussnooze":0,"activity":0.0091,"lastBolusTime":1703448542578,"time":"2023-12-24T23:38:43.658Z","iobWithZeroTemp":{"iob":-0.821,"basaliob":-1.393,"bolussnooze":0,"activity":-0.003,"lastBolusTime":1703448542578,"time":"2023-12-24T23:38:43.658Z"}},{"iob":0.483,"basaliob":-0.042,"bolussnooze":0,"activity":0.0084,"lastBolusTime":1703448542578,"time":"2023-12-24T23:43:43.658Z","iobWithZeroTemp":{"iob":-0.87,"basaliob":-1.395,"bolussnooze":0,"activity":-0.0038,"lastBolusTime":1703448542578,"time":"2023-12-24T23:43:43.658Z"}},{"iob":0.443,"basaliob":-0.039,"bolussnooze":0,"activity":0.0078,"lastBolusTime":1703448542578,"time":"2023-12-24T23:48:43.658Z","iobWithZeroTemp":{"iob":-0.915,"basaliob":-1.397,"bolussnooze":0,"activity":-0.0045,"lastBolusTime":1703448542578,"time":"2023-12-24T23:48:43.658Z"}},{"iob":0.405,"basaliob":-0.036,"bolussnooze":0,"activity":0.0071,"lastBolusTime":1703448542578,"time":"2023-12-24T23:53:43.658Z","iobWithZeroTemp":{"iob":-0.958,"basaliob":-1.399,"bolussnooze":0,"activity":-0.0053,"lastBolusTime":1703448542578,"time":"2023-12-24T23:53:43.658Z"}},{"iob":0.371,"basaliob":-0.033,"bolussnooze":0,"activity":0.0065,"lastBolusTime":1703448542578,"time":"2023-12-24T23:58:43.658Z","iobWithZeroTemp":{"iob":-0.997,"basaliob":-1.401,"bolussnooze":0,"activity":-0.006,"lastBolusTime":1703448542578,"time":"2023-12-24T23:58:43.658Z"}},{"iob":0.34,"basaliob":-0.03,"bolussnooze":0,"activity":0.0061,"lastBolusTime":1703448542578,"time":"2023-12-25T00:03:43.658Z","iobWithZeroTemp":{"iob":-1.036,"basaliob":-1.406,"bolussnooze":0,"activity":-0.0065,"lastBolusTime":1703448542578,"time":"2023-12-25T00:03:43.658Z"}},{"iob":0.31,"basaliob":-0.028,"bolussnooze":0,"activity":0.0056,"lastBolusTime":1703448542578,"time":"2023-12-25T00:08:43.658Z","iobWithZeroTemp":{"iob":-1.074,"basaliob":-1.412,"bolussnooze":0,"activity":-0.007,"lastBolusTime":1703448542578,"time":"2023-12-25T00:08:43.658Z"}},{"iob":0.283,"basaliob":-0.026,"bolussnooze":0,"activity":0.0052,"lastBolusTime":1703448542578,"time":"2023-12-25T00:13:43.658Z","iobWithZeroTemp":{"iob":-1.108,"basaliob":-1.417,"bolussnooze":0,"activity":-0.0075,"lastBolusTime":1703448542578,"time":"2023-12-25T00:13:43.658Z"}},{"iob":0.259,"basaliob":-0.023,"bolussnooze":0,"activity":0.0048,"lastBolusTime":1703448542578,"time":"2023-12-25T00:18:43.658Z","iobWithZeroTemp":{"iob":-1.139,"basaliob":-1.421,"bolussnooze":0,"activity":-0.008,"lastBolusTime":1703448542578,"time":"2023-12-25T00:18:43.658Z"}},{"iob":0.236,"basaliob":-0.021,"bolussnooze":0,"activity":0.0043,"lastBolusTime":1703448542578,"time":"2023-12-25T00:23:43.658Z","iobWithZeroTemp":{"iob":-1.169,"basaliob":-1.426,"bolussnooze":0,"activity":-0.0086,"lastBolusTime":1703448542578,"time":"2023-12-25T00:23:43.658Z"}},{"iob":0.215,"basaliob":-0.02,"bolussnooze":0,"activity":0.0041,"lastBolusTime":1703448542578,"time":"2023-12-25T00:28:43.658Z","iobWithZeroTemp":{"iob":-1.196,"basaliob":-1.431,"bolussnooze":0,"activity":-0.0088,"lastBolusTime":1703448542578,"time":"2023-12-25T00:28:43.658Z"}}],"profile":{"max_iob":15,"type":"current","max_daily_basal":1.2,"max_basal":3.59,"min_bg":99,"max_bg":99,"target_bg":99,"carb_ratio":4.761904761904762,"sens":24,"max_daily_safety_multiplier":3,"current_basal_safety_multiplier":4,"high_temptarget_raises_sensitivity":false,"low_temptarget_lowers_sensitivity":false,"sensitivity_raises_target":true,"resistance_lowers_target":true,"adv_target_adjustments":false,"exercise_mode":false,"half_basal_exercise_target":160,"maxCOB":120,"skip_neutral_temps":false,"remainingCarbsCap":90,"enableUAM":true,"A52_risk_enable":false,"SMBInterval":3,"enableSMB_with_COB":true,"enableSMB_with_temptarget":true,"allowSMB_with_high_temptarget":false,"enableSMB_always":false,"enableSMB_after_carbs":true,"maxSMBBasalMinutes":80,"maxUAMSMBBasalMinutes":60,"bolus_increment":0.05,"carbsReqThreshold":10,"current_basal":1,"temptargetSet":false,"autosens_max":1.2,"out_units":"mmol\/L"},"autosens_data":{"ratio":1},"meal_data":{"carbs":56,"mealCOB":0,"slopeFromMaxDeviation":-0.7615,"slopeFromMinDeviation":0.07200000000000006,"lastBolusTime":1703448542578,"lastCarbTime":1703445773664},"microBolusAllowed":true,"currentTime":1703450025447,"flatBGsDetected":false},"output":{"temp":"absolute","bg":200,"tick":-2,"eventualBG":65,"targetBG":99,"insulinReq":0,"deliverAt":"2023-12-24T20:33:45.447Z","sensitivityRatio":1,"predBGs":{"IOB":[200,197,195,191,187,183,179,174,169,164,159,153,147,141,136,131,126,121,117,113,109,105,102,99,96,93,90,88,86,84,82,80,78,77,75,74,72,71,70,69,68,67,67,66,65,65,64],"ZT":[200,191,183,175,167,159,151,144,137,131,124,119,113,108,103,99,95,91,87,84,81,79,76,74,73,71,70,68,67,66,66,65,65,65,65,65,65,65,66,66,67,67,68,69,70,70,71,72],"UAM":[200,197,194,190,185,180,175,168,162,155,148,142,136,130,125,120,115,110,106,102,98,95,91,88,85,82,80,77,75,73,71,69,67,66,64,63,62,60,59,58,57,57,56,55,54,54,53]},"COB":0,"IOB":7.246,"reason":"COB: 0, Dev: 2.2, BGI: -0.5, ISF: 1.3, CR: 4.76, Target: 5.5, minPredBG 3.3, minGuardBG 2.9, IOBpredBG 3.6, UAMpredBG 2.9; minGuardBG 2.9<3.9","duration":120,"rate":0,"timestamp":"2023-12-24T20:33:45.561Z"}}