{"algorithm":"OpenAPSSMBPlugin","input":{"glucoseStatus":{"glucose":107,"noise":0,"delta":2,"short_avgdelta":2,"long_avgdelta":1.52,"date":1703489294000},"currenttemp":{"temp":"absolute","duration":25,"rate":3.545,"minutesrunning":5},"iob_data":[{"iob":0.294,"basaliob":0.22,"bolussnooze":0,"activity":4.0E-4,"lastBolusTime":1703477634103,"time":"2023-12-25T07:28:45.010Z","iobWithZeroTemp":{"iob":0.294,"basaliob":0.22,"bolussnooze":0,"activity":4.0E-4,"lastBolusTime":1703477634103,"time":"2023-12-25T07:28:45.010Z"}},{"iob":0.291,"basaliob":0.223,"bolussnooze":0,"activity":8.0E-4,"lastBolusTime":1703477634103,"time":"2023-12-25T07:33:45.010Z","iobWithZeroTemp":{"iob":0.215,"basaliob":0.147,"bolussnooze":0,"activity":8.0E-4,"lastBolusTime":1703477634103,"time":"2023-12-25T07:33:45.010Z"}},{"iob":0.285,"basaliob":0.223,"bolussnooze":0,"activity":0.0011,"lastBolusTime":1703477634103,"time":"2023-12-25T07:38:45.010Z","iobWithZeroTemp":{"iob":0.116,"basaliob":0.054,"bolussnooze":0,"activity":9.0E-4,"lastBolusTime":1703477634103,"time":"2023-12-25T07:38:45.010Z"}},{"iob":0.279,"basaliob":0.222,"bolussnooze":0,"activity":0.0014,"lastBolusTime":1703477634103,"time":"2023-12-25T07:43:45.010Z","iobWithZeroTemp":{"iob":0.017,"basaliob":-0.04,"bolussnooze":0,"activity":9.0E-4,"lastBolusTime":1703477634103,"time":"2023-12-25T07:43:45.010Z"}},{"iob":0.272,"basaliob":0.22,"bolussnooze":0,"activity":0.0015,"lastBolusTime":1703477634103,"time":"2023-12-25T07:48:45.010Z","iobWithZeroTemp":{"iob":-0.081,"basaliob":-0.133,"bolussnooze":0,"activity":6.0E-4,"lastBolusTime":1703477634103,"time":"2023-12-25T07:48:45.010Z"}},{"iob":0.264,"basaliob":0.216,"bolussnooze":0,"activity":0.0018,"lastBolusTime":1703477634103,"time":"2023-12-25T07:53:45.010Z","iobWithZeroTemp":{"iob":-0.178,"basaliob":-0.226,"bolussnooze":0,"activity":4.0E-4,"lastBolusTime":1703477634103,"time":"2023-12-25T07:53:45.010Z"}},{"iob":0.255,"basaliob":0.211,"bolussnooze":0,"activity":0.0019,"lastBolusTime":1703477634103,"time":"2023-12-25T07:58:45.010Z","iobWithZeroTemp":{"iob":-0.273,"basaliob":-0.317,"bolussnooze":0,"activity":0,"lastBolusTime":1703477634103,"time":"2023-12-25T07:58:45.010Z"}},{"iob":0.246,"basaliob":0.206,"bolussnooze":0,"activity":0.0019,"lastBolusTime":1703477634103,"time":"2023-12-25T08:03:45.010Z","iobWithZeroTemp":{"iob":-0.361,"basaliob":-0.401,"bolussnooze":0,"activity":-6.0E-4,"lastBolusTime":1703477634103,"time":"2023-12-25T08:03:45.010Z"}},{"iob":0.235,"basaliob":0.199,"bolussnooze":0,"activity":0.002,"lastBolusTime":1703477634103,"time":"2023-12-25T08:08:45.010Z","iobWithZeroTemp":{"iob":-0.449,"basaliob":-0.485,"bolussnooze":0,"activity":-0.0011,"lastBolusTime":1703477634103,"time":"2023-12-25T08:08:45.010Z"}},{"iob":0.225,"basaliob":0.192,"bolussnooze":0,"activity":0.002,"lastBolusTime":1703477634103,"time":"2023-12-25T08:13:45.010Z","iobWithZeroTemp":{"iob":-0.532,"basaliob":-0.565,"bolussnooze":0,"activity":-0.0017,"lastBolusTime":1703477634103,"time":"2023-12-25T08:13:45.010Z"}},{"iob":0.215,"basaliob":0.185,"bolussnooze":0,"activity":0.0021,"lastBolusTime":1703477634103,"time":"2023-12-25T08:18:45.010Z","iobWithZeroTemp":{"iob":-0.612,"basaliob":-0.642,"bolussnooze":0,"activity":-0.0022,"lastBolusTime":1703477634103,"time":"2023-12-25T08:18:45.010Z"}},{"iob":0.205,"basaliob":0.178,"bolussnooze":0,"activity":0.002,"lastBolusTime":1703477634103,"time":"2023-12-25T08:23:45.010Z","iobWithZeroTemp":{"iob":-0.689,"basaliob":-0.716,"bolussnooze":0,"activity":-0.0029,"lastBolusTime":1703477634103,"time":"2023-12-25T08:23:45.010Z"}},{"iob":0.195,"basaliob":0.17,"bolussnooze":0,"activity":0.002,"lastBolusTime":1703477634103,"time":"2023-12-25T08:28:45.010Z","iobWithZeroTemp":{"iob":-0.763,"basaliob":-0.788,"bolussnooze":0,"activity":-0.0035,"lastBolusTime":1703477634103,"time":"2023-12-25T08:28:45.010Z"}},{"iob":0.186,"basaliob":0.163,"bolussnooze":0,"activity":0.0019,"lastBolusTime":1703477634103,"time":"2023-12-25T08:33:45.010Z","iobWithZeroTemp":{"iob":-0.833,"basaliob":-0.856,"bolussnooze":0,"activity":-0.0043,"lastBolusTime":1703477634103,"time":"2023-12-25T08:33:45.010Z"}},{"iob":0.176,"basaliob":0.155,"bolussnooze":0,"activity":0.0019,"lastBolusTime":1703477634103,"time":"2023-12-25T08:38:45.010Z","iobWithZeroTemp":{"iob":-0.9,"basaliob":-0.921,"bolussnooze":0,"activity":-0.0049,"lastBolusTime":1703477634103,"time":"2023-12-25T08:38:45.010Z"}},{"iob":0.166,"basaliob":0.147,"bolussnooze":0,"activity":0.0019,"lastBolusTime":1703477634103,"time":"2023-12-25T08:43:45.010Z","iobWithZeroTemp":{"iob":-0.965,"basaliob":-0.984,"bolussnooze":0,"activity":-0.0055,"lastBolusTime":1703477634103,"time":"2023-12-25T08:43:45.010Z"}},{"iob":0.157,"basaliob":0.14,"bolussnooze":0,"activity":0.0018,"lastBolusTime":1703477634103,"time":"2023-12-25T08:48:45.010Z","iobWithZeroTemp":{"iob":-1.026,"basaliob":-1.043,"bolussnooze":0,"activity":-0.0061,"lastBolusTime":1703477634103,"time":"2023-12-25T08:48:45.010Z"}},{"iob":0.148,"basaliob":0.133,"bolussnooze":0,"activity":0.0017,"lastBolusTime":1703477634103,"time":"2023-12-25T08:53:45.010Z","iobWithZeroTemp":{"iob":-1.084,"basaliob":-1.099,"bolussnooze":0,"activity":-0.0068,"lastBolusTime":1703477634103,"time":"2023-12-25T08:53:45.010Z"}},{"iob":0.139,"basaliob":0.125,"bolussnooze":0,"activity":0.0017,"lastBolusTime":1703477634103,"time":"2023-12-25T08:58:45.010Z","iobWithZeroTemp":{"iob":-1.139,"basaliob":-1.153,"bolussnooze":0,"activity":-0.0074,"lastBolusTime":1703477634103,"time":"2023-12-25T08:58:45.010Z"}},{"iob":0.132,"basaliob":0.119,"bolussnooze":0,"activity":0.0017,"lastBolusTime":1703477634103,"time":"2023-12-25T09:03:45.010Z","iobWithZeroTemp":{"iob":-1.184,"basaliob":-1.197,"bolussnooze":0,"activity":-0.0079,"lastBolusTime":1703477634103,"time":"2023-12-25T09:03:45.010Z"}},{"iob":0.123,"basaliob":0.112,"bolussnooze":0,"activity":0.0015,"lastBolusTime":1703477634103,"time":"2023-12-25T09:08:45.010Z","iobWithZeroTemp":{"iob":-1.229,"basaliob":-1.24,"bolussnooze":0,"activity":-0.0086,"lastBolusTime":1703477634103,"time":"2023-12-25T09:08:45.010Z"}},{"iob":0.115,"basaliob":0.105,"bolussnooze":0,"activity":0.0015,"lastBolusTime":1703477634103,"time":"2023-12-25T09:13:45.010Z","iobWithZeroTemp":{"iob":-1.271,"basaliob":-1.281,"bolussnooze":0,"activity":-0.009,"lastBolusTime":1703477634103,"time":"2023-12-25T09:13:45.010Z"}},{"iob":0.108,"basaliob":0.099,"bolussnooze":0,"activity":0.0014,"lastBolusTime":1703477634103,"time":"2023-12-25T09:18:45.010Z","iobWithZeroTemp":{"iob":-1.309,"basaliob":-1.318,"bolussnooze":0,"activity":-0.0096,"lastBolusTime":1703477634103,"time":"2023-12-25T09:18:45.010Z"}},{"iob":0.101,"basaliob":0.093,"bolussnooze":0,"activity":0.0014,"lastBolusTime":1703477634103,"time":"2023-12-25T09:23:45.010Z","iobWithZeroTemp":{"iob":-1.345,"basaliob":-1.353,"bolussnooze":0,"activity":-0.01,"lastBolusTime":1703477634103,"time":"2023-12-25T09:23:45.010Z"}},{"iob":0.094,"basaliob":0.087,"bolussnooze":0,"activity":0.0013,"lastBolusTime":1703477634103,"time":"2023-12-25T09:28:45.010Z","iobWithZeroTemp":{"iob":-1.379,"basaliob":-1.386,"bolussnooze":0,"activity":-0.0105,"lastBolusTime":1703477634103,"time":"2023-12-25T09:28:45.010Z"}},{"iob":0.089,"basaliob":0.082,"bolussnooze":0,"activity":0.0012,"lastBolusTime":1703477634103,"time":"2023-12-25T09:33:45.010Z","iobWithZeroTemp":{"iob":-1.41,"basaliob":-1.417,"bolussnooze":0,"activity":-0.0109,"lastBolusTime":1703477634103,"time":"2023-12-25T09:33:45.010Z"}},{"iob":0.083,"basaliob":0.077,"bolussnooze":0,"activity":0.0011,"lastBolusTime":1703477634103,"time":"2023-12-25T09:38:45.010Z","iobWithZeroTemp":{"iob":-1.439,"basaliob":-1.445,"bolussnooze":0,"activity":-0.0114,"lastBolusTime":1703477634103,"time":"2023-12-25T09:38:45.010Z"}},{"iob":0.077,"basaliob":0.072,"bolussnooze":0,"activity":0.0011,"lastBolusTime":1703477634103,"time":"2023-12-25T09:43:45.010Z","iobWithZeroTemp":{"iob":-1.467,"basaliob":-1.472,"bolussnooze":0,"activity":-0.0117,"lastBolusTime":1703477634103,"time":"2023-12-25T09:43:45.010Z"}},{"iob":0.072,"basaliob":0.067,"bolussnooze":0,"activity":0.001,"lastBolusTime":1703477634103,"time":"2023-12-25T09:48:45.010Z","iobWithZeroTemp":{"iob":-1.492,"basaliob":-1.497,"bolussnooze":0,"activity":-0.0121,"lastBolusTime":1703477634103,"time":"2023-12-25T09:48:45.010Z"}},{"iob":0.067,"basaliob":0.063,"bolussnooze":0,"activity":0.001,"lastBolusTime":1703477634103,"time":"2023-12-25T09:53:45.010Z","iobWithZeroTemp":{"iob":-1.516,"basaliob":-1.52,"bolussnooze":0,"activity":-0.0124,"lastBolusTime":1703477634103,"time":"2023-12-25T09:53:45.010Z"}},{"iob":0.062,"basaliob":0.058,"bolussnooze":0,"activity":9.0E-4,"lastBolusTime":1703477634103,"time":"2023-12-25T09:58:45.010Z","iobWithZeroTemp":{"iob":-1.538,"basaliob":-1.542,"bolussnooze":0,"activity":-0.0128,"lastBolusTime":1703477634103,"time":"2023-12-25T09:58:45.010Z"}},{"iob":0.057,"basaliob":0.054,"bolussnooze":0,"activity":9.0E-4,"lastBolusTime":1703477634103,"time":"2023-12-25T10:03:45.010Z","iobWithZeroTemp":{"iob":-1.56,"basaliob":-1.563,"bolussnooze":0,"activity":-0.013,"lastBolusTime":1703477634103,"time":"2023-12-25T10:03:45.010Z"}},{"iob":0.054,"basaliob":0.051,"bolussnooze":0,"activity":8.0E-4,"lastBolusTime":1703477634103,"time":"2023-12-25T10:08:45.010Z","iobWithZeroTemp":{"iob":-1.577,"basaliob":-1.58,"bolussnooze":0,"activity":-0.0133,"lastBolusTime":1703477634103,"time":"2023-12-25T10:08:45.010Z"}},{"iob":0.05,"basaliob":0.047,"bolussnooze":0,"activity":8.0E-4,"lastBolusTime":1703477634103,"time":"2023-12-25T10:13:45.010Z","iobWithZeroTemp":{"iob":-1.595,"basaliob":-1.598,"bolussnooze":0,"activity":-0.0136,"lastBolusTime":1703477634103,"time":"2023-12-25T10:13:45.010Z"}},{"iob":0.046,"basaliob":0.044,"bolussnooze":0,"activity":7.0E-4,"lastBolusTime":1703477634103,"time":"2023-12-25T10:18:45.010Z","iobWithZeroTemp":{"iob":-1.612,"basaliob":-1.614,"bolussnooze":0,"activity":-0.0139,"lastBolusTime":1703477634103,"time":"2023-12-25T10:18:45.010Z"}},{"iob":0.043,"basaliob":0.041,"bolussnooze":0,"activity":7.0E-4,"lastBolusTime":1703477634103,"time":"2023-12-25T10:23:45.010Z","iobWithZeroTemp":{"iob":-1.627,"basaliob":-1.629,"bolussnooze":0,"activity":-0.014,"lastBolusTime":1703477634103,"time":"2023-12-25T10:23:45.010Z"}},{"iob":0.04,"basaliob":0.038,"bolussnooze":0,"activity":6.0E-4,"lastBolusTime":1703477634103,"time":"2023-12-25T10:28:45.010Z","iobWithZeroTemp":{"iob":-1.641,"basaliob":-1.643,"bolussnooze":0,"activity":-0.0143,"lastBolusTime":1703477634103,"time":"2023-12-25T10:28:45.010Z"}},{"iob":0.037,"basaliob":0.035,"bolussnooze":0,"activity":5.0E-4,"lastBolusTime":1703477634103,"time":"2023-12-25T10:33:45.010Z","iobWithZeroTemp":{"iob":-1.654,"basaliob":-1.656,"bolussnooze":0,"activity":-0.0146,"lastBolusTime":1703477634103,"time":"2023-12-25T10:33:45.010Z"}},{"iob":0.033,"basaliob":0.032,"bolussnooze":0,"activity":5.0E-4,"lastBolusTime":1703477634103,"time":"2023-12-25T10:38:45.010Z","iobWithZeroTemp":{"iob":-1.667,"basaliob":-1.668,"bolussnooze":0,"activity":-0.0147,"lastBolusTime":1703477634103,"time":"2023-12-25T10:38:45.010Z"}},{"iob":0.031,"basaliob":0.03,"bolussnooze":0,"activity":5.0E-4,"lastBolusTime":1703477634103,"time":"2023-12-25T10:43:45.010Z","iobWithZeroTemp":{"iob":-1.677,"basaliob":-1.678,"bolussnooze":0,"activity":-0.0149,"lastBolusTime":1703477634103,"time":"2023-12-25T10:43:45.010Z"}},{"iob":0.029,"basaliob":0.028,"bolussnooze":0,"activity":4.0E-4,"lastBolusTime":1703477634103,"time":"2023-12-25T10:48:45.010Z","iobWithZeroTemp":{"iob":-1.687,"basaliob":-1.688,"bolussnooze":0,"activity":-0.0151,"lastBolusTime":1703477634103,"time":"2023-12-25T10:48:45.010Z"}},{"iob":0.027,"basaliob":0.026,"bolussnooze":0,"activity":4.0E-4,"lastBolusTime":1703477634103,"time":"2023-12-25T10:53:45.010Z","iobWithZeroTemp":{"iob":-1.696,"basaliob":-1.697,"bolussnooze":0,"activity":-0.0152,"lastBolusTime":1703477634103,"time":"2023-12-25T10:53:45.010Z"}},{"iob":0.025,"basaliob":0.024,"bolussnooze":0,"activity":4.0E-4,"lastBolusTime":1703477634103,"time":"2023-12-25T10:58:45.010Z","iobWithZeroTemp":{"iob":-1.705,"basaliob":-1.706,"bolussnooze":0,"activity":-0.0153,"lastBolusTime":1703477634103,"time":"2023-12-25T10:58:45.010Z"}},{"iob":0.023,"basaliob":0.022,"bolussnooze":0,"activity":4.0E-4,"lastBolusTime":1703477634103,"time":"2023-12-25T11:03:45.010Z","iobWithZeroTemp":{"iob":-1.728,"basaliob":-1.729,"bolussnooze":0,"activity":-0.0155,"lastBolusTime":1703477634103,"time":"2023-12-25T11:03:45.010Z"}},{"iob":0.021,"basaliob":0.02,"bolussnooze":0,"activity":3.0E-4,"lastBolusTime":1703477634103,"time":"2023-12-25T11:08:45.010Z","iobWithZeroTemp":{"iob":-1.75,"basaliob":-1.751,"bolussnooze":0,"activity":-0.0157,"lastBolusTime":1703477634103,"time":"2023-12-25T11:08:45.010Z"}},{"iob":0.019,"basaliob":0.019,"bolussnooze":0,"activity":3.0E-4,"lastBolusTime":1703477634103,"time":"2023-12-25T11:13:45.010Z","iobWithZeroTemp":{"iob":-1.771,"basaliob":-1.771,"bolussnooze":0,"activity":-0.0158,"lastBolusTime":1703477634103,"time":"2023-12-25T11:13:45.010Z"}},{"iob":0.017,"basaliob":0.017,"bolussnooze":0,"activity":3.0E-4,"lastBolusTime":1703477634103,"time":"2023-12-25T11:18:45.010Z","iobWithZeroTemp":{"iob":-1.792,"basaliob":-1.792,"bolussnooze":0,"activity":-0.016,"lastBolusTime":1703477634103,"time":"2023-12-25T11:18:45.010Z"}},{"iob":0.016,"basaliob":0.016,"bolussnooze":0,"activity":3.0E-4,"lastBolusTime":1703477634103,"time":"2023-12-25T11:23:45.010Z","iobWithZeroTemp":{"iob":-1.811,"basaliob":-1.811,"bolussnooze":0,"activity":-0.0161,"lastBolusTime":1703477634103,"time":"2023-12-25T11:23:45.010Z"}}],"profile":{"max_iob":15,"type":"current","max_daily_basal":1.2,"max_basal":3.59,"min_bg":99,"max_bg":99,"target_bg":99,"carb_ratio":4.285714285714286,"sens":20.57142857142857,"max_daily_safety_multiplier":3,"current_basal_safety_multiplier":4,"high_temptarget_raises_sensitivity":false,"low_temptarget_lowers_sensitivity":false,"sensitivity_raises_target":true,"resistance_lowers_target":true,"adv_target_adjustments":false,"exercise_mode":false,"half_basal_exercise_target":160,"maxCOB":120,"skip_neutral_temps":false,"remainingCarbsCap":90,"enableUAM":true,"A52_risk_enable":false,"SMBInterval":3,"enableSMB_with_COB":true,"enableSMB_with_temptarget":true,"allowSMB_with_high_temptarget":false,"enableSMB_always":false,"enableSMB_after_carbs":true,"maxSMBBasalMinutes":80,"maxUAMSMBBasalMinutes":60,"bolus_increment":0.05,"carbsReqThreshold":10,"current_basal":0.95,"temptargetSet":false,"autosens_max":1.2,"out_units":"mmol\/L"},"autosens_data":{"ratio":1.2},"meal_data":{"carbs":0,"mealCOB":0,"slopeFromMaxDeviation":0,"slopeFromMinDeviation":0.3813,"lastBolusTime":1703477634103,"lastCarbTime":0},"microBolusAllowed":true,"currentTime":1703489327542,"flatBGsDetected":false},"output":{"temp":"absolute","bg":107,"tick":"+2","eventualBG":117,"targetBG":93,"insulinReq":1.29,"deliverAt":"2023-12-25T07:28:47.542Z","sensitivityRatio":1.2,"predBGs":{"IOB":[107,109,110,112,113,114,115,116,116,116,117,117,116,116,116,116,116,116,115,115,115,115,115,115,115,115,114,114,114,114,114,114,114,114,114,114,114,114,114,114,113],"ZT":[107,107,107,107,107,107,107,107,107,107,107,107,107,108,108,108,109,109,110,111,111,112,113,114,115,115],"UAM":[107,109,111,112,113,115,116,117,118,118,119,119,120,120,120,120,120,119,119,119,119,119,119,119,118,118,118,118,118,118,118,118,118,118,118,118,117]},"COB":0,"IOB":0.294,"reason":"COB: 0, Dev: 0.7, BGI: 0.0, ISF: 1.0, CR: 4.29, Target: 5.2, minPredBG 6.4, minGuardBG 6.1, IOBpredBG 6.3, UAMpredBG 6.5; Eventual BG 6.5 >= 5.2, adj. req. rate: 3.72 to maxSafeBasal: 3.59, temp 3.54 < 3.59U\/hr.  25m left and 3.545 ~ req 3.59U\/hr: no temp required","timestamp":"2023-12-25T07:28:47.660Z"}}