{"algorithm":"OpenAPSSMBPlugin","input":{"glucoseStatus":{"glucose":107,"noise":0,"delta":2,"short_avgdelta":1.5,"long_avgdelta":-0.07,"date":1703548995000},"currenttemp":{"temp":"absolute","duration":25,"rate":1.6,"minutesrunning":5},"iob_data":[{"iob":0.082,"basaliob":-0.641,"bolussnooze":0,"activity":0.0032,"lastBolusTime":1703547531255,"time":"2023-12-26T00:03:46.829Z","iobWithZeroTemp":{"iob":0.082,"basaliob":-0.641,"bolussnooze":0,"activity":0.0032,"lastBolusTime":1703547531255,"time":"2023-12-26T00:03:46.829Z"}},{"iob":0.067,"basaliob":-0.605,"bolussnooze":0,"activity":0.0028,"lastBolusTime":1703547531255,"time":"2023-12-26T00:08:46.829Z","iobWithZeroTemp":{"iob":0.008,"basaliob":-0.664,"bolussnooze":0,"activity":0.0028,"lastBolusTime":1703547531255,"time":"2023-12-26T00:08:46.829Z"}},{"iob":0.055,"basaliob":-0.569,"bolussnooze":0,"activity":0.0024,"lastBolusTime":1703547531255,"time":"2023-12-26T00:13:46.829Z","iobWithZeroTemp":{"iob":-0.078,"basaliob":-0.702,"bolussnooze":0,"activity":0.0022,"lastBolusTime":1703547531255,"time":"2023-12-26T00:13:46.829Z"}},{"iob":0.043,"basaliob":-0.536,"bolussnooze":0,"activity":0.0021,"lastBolusTime":1703547531255,"time":"2023-12-26T00:18:46.829Z","iobWithZeroTemp":{"iob":-0.163,"basaliob":-0.742,"bolussnooze":0,"activity":0.0017,"lastBolusTime":1703547531255,"time":"2023-12-26T00:18:46.829Z"}},{"iob":0.033,"basaliob":-0.503,"bolussnooze":0,"activity":0.0019,"lastBolusTime":1703547531255,"time":"2023-12-26T00:23:46.829Z","iobWithZeroTemp":{"iob":-0.245,"basaliob":-0.781,"bolussnooze":0,"activity":0.0012,"lastBolusTime":1703547531255,"time":"2023-12-26T00:23:46.829Z"}},{"iob":0.024,"basaliob":-0.473,"bolussnooze":0,"activity":0.0017,"lastBolusTime":1703547531255,"time":"2023-12-26T00:28:46.829Z","iobWithZeroTemp":{"iob":-0.324,"basaliob":-0.821,"bolussnooze":0,"activity":6.0E-4,"lastBolusTime":1703547531255,"time":"2023-12-26T00:28:46.829Z"}},{"iob":0.017,"basaliob":-0.443,"bolussnooze":0,"activity":0.0014,"lastBolusTime":1703547531255,"time":"2023-12-26T00:33:46.829Z","iobWithZeroTemp":{"iob":-0.399,"basaliob":-0.859,"bolussnooze":0,"activity":-1.0E-4,"lastBolusTime":1703547531255,"time":"2023-12-26T00:33:46.829Z"}},{"iob":0.01,"basaliob":-0.415,"bolussnooze":0,"activity":0.0012,"lastBolusTime":1703547531255,"time":"2023-12-26T00:38:46.829Z","iobWithZeroTemp":{"iob":-0.471,"basaliob":-0.896,"bolussnooze":0,"activity":-8.0E-4,"lastBolusTime":1703547531255,"time":"2023-12-26T00:38:46.829Z"}},{"iob":0.005,"basaliob":-0.388,"bolussnooze":0,"activity":0.001,"lastBolusTime":1703547531255,"time":"2023-12-26T00:43:46.829Z","iobWithZeroTemp":{"iob":-0.54,"basaliob":-0.933,"bolussnooze":0,"activity":-0.0014,"lastBolusTime":1703547531255,"time":"2023-12-26T00:43:46.829Z"}},{"iob":0,"basaliob":-0.363,"bolussnooze":0,"activity":9.0E-4,"lastBolusTime":1703547531255,"time":"2023-12-26T00:48:46.829Z","iobWithZeroTemp":{"iob":-0.606,"basaliob":-0.969,"bolussnooze":0,"activity":-0.002,"lastBolusTime":1703547531255,"time":"2023-12-26T00:48:46.829Z"}},{"iob":-0.004,"basaliob":-0.339,"bolussnooze":0,"activity":7.0E-4,"lastBolusTime":1703547531255,"time":"2023-12-26T00:53:46.829Z","iobWithZeroTemp":{"iob":-0.668,"basaliob":-1.003,"bolussnooze":0,"activity":-0.0027,"lastBolusTime":1703547531255,"time":"2023-12-26T00:53:46.829Z"}},{"iob":-0.007,"basaliob":-0.316,"bolussnooze":0,"activity":6.0E-4,"lastBolusTime":1703547531255,"time":"2023-12-26T00:58:46.829Z","iobWithZeroTemp":{"iob":-0.728,"basaliob":-1.037,"bolussnooze":0,"activity":-0.0033,"lastBolusTime":1703547531255,"time":"2023-12-26T00:58:46.829Z"}},{"iob":-0.01,"basaliob":-0.294,"bolussnooze":0,"activity":5.0E-4,"lastBolusTime":1703547531255,"time":"2023-12-26T01:03:46.829Z","iobWithZeroTemp":{"iob":-0.792,"basaliob":-1.076,"bolussnooze":0,"activity":-0.0039,"lastBolusTime":1703547531255,"time":"2023-12-26T01:03:46.829Z"}},{"iob":-0.012,"basaliob":-0.274,"bolussnooze":0,"activity":4.0E-4,"lastBolusTime":1703547531255,"time":"2023-12-26T01:08:46.829Z","iobWithZeroTemp":{"iob":-0.853,"basaliob":-1.115,"bolussnooze":0,"activity":-0.0046,"lastBolusTime":1703547531255,"time":"2023-12-26T01:08:46.829Z"}},{"iob":-0.014,"basaliob":-0.255,"bolussnooze":0,"activity":3.0E-4,"lastBolusTime":1703547531255,"time":"2023-12-26T01:13:46.829Z","iobWithZeroTemp":{"iob":-0.912,"basaliob":-1.153,"bolussnooze":0,"activity":-0.0052,"lastBolusTime":1703547531255,"time":"2023-12-26T01:13:46.829Z"}},{"iob":-0.015,"basaliob":-0.237,"bolussnooze":0,"activity":2.0E-4,"lastBolusTime":1703547531255,"time":"2023-12-26T01:18:46.829Z","iobWithZeroTemp":{"iob":-0.966,"basaliob":-1.188,"bolussnooze":0,"activity":-0.0058,"lastBolusTime":1703547531255,"time":"2023-12-26T01:18:46.829Z"}},{"iob":-0.016,"basaliob":-0.22,"bolussnooze":0,"activity":2.0E-4,"lastBolusTime":1703547531255,"time":"2023-12-26T01:23:46.829Z","iobWithZeroTemp":{"iob":-1.019,"basaliob":-1.223,"bolussnooze":0,"activity":-0.0063,"lastBolusTime":1703547531255,"time":"2023-12-26T01:23:46.829Z"}},{"iob":-0.017,"basaliob":-0.204,"bolussnooze":0,"activity":1.0E-4,"lastBolusTime":1703547531255,"time":"2023-12-26T01:28:46.829Z","iobWithZeroTemp":{"iob":-1.068,"basaliob":-1.255,"bolussnooze":0,"activity":-0.007,"lastBolusTime":1703547531255,"time":"2023-12-26T01:28:46.829Z"}},{"iob":-0.017,"basaliob":-0.189,"bolussnooze":0,"activity":1.0E-4,"lastBolusTime":1703547531255,"time":"2023-12-26T01:33:46.829Z","iobWithZeroTemp":{"iob":-1.114,"basaliob":-1.286,"bolussnooze":0,"activity":-0.0075,"lastBolusTime":1703547531255,"time":"2023-12-26T01:33:46.829Z"}},{"iob":-0.019,"basaliob":-0.176,"bolussnooze":0,"activity":0,"lastBolusTime":1703547531255,"time":"2023-12-26T01:38:46.829Z","iobWithZeroTemp":{"iob":-1.16,"basaliob":-1.317,"bolussnooze":0,"activity":-0.0081,"lastBolusTime":1703547531255,"time":"2023-12-26T01:38:46.829Z"}},{"iob":-0.019,"basaliob":-0.163,"bolussnooze":0,"activity":0,"lastBolusTime":1703547531255,"time":"2023-12-26T01:43:46.829Z","iobWithZeroTemp":{"iob":-1.201,"basaliob":-1.345,"bolussnooze":0,"activity":-0.0085,"lastBolusTime":1703547531255,"time":"2023-12-26T01:43:46.829Z"}},{"iob":-0.018,"basaliob":-0.15,"bolussnooze":0,"activity":0,"lastBolusTime":1703547531255,"time":"2023-12-26T01:48:46.829Z","iobWithZeroTemp":{"iob":-1.239,"basaliob":-1.371,"bolussnooze":0,"activity":-0.009,"lastBolusTime":1703547531255,"time":"2023-12-26T01:48:46.829Z"}},{"iob":-0.018,"basaliob":-0.139,"bolussnooze":0,"activity":-1.0E-4,"lastBolusTime":1703547531255,"time":"2023-12-26T01:53:46.829Z","iobWithZeroTemp":{"iob":-1.276,"basaliob":-1.397,"bolussnooze":0,"activity":-0.0095,"lastBolusTime":1703547531255,"time":"2023-12-26T01:53:46.829Z"}},{"iob":-0.018,"basaliob":-0.129,"bolussnooze":0,"activity":0,"lastBolusTime":1703547531255,"time":"2023-12-26T01:58:46.829Z","iobWithZeroTemp":{"iob":-1.31,"basaliob":-1.421,"bolussnooze":0,"activity":-0.0099,"lastBolusTime":1703547531255,"time":"2023-12-26T01:58:46.829Z"}},{"iob":-0.018,"basaliob":-0.119,"bolussnooze":0,"activity":-1.0E-4,"lastBolusTime":1703547531255,"time":"2023-12-26T02:03:46.829Z","iobWithZeroTemp":{"iob":-1.356,"basaliob":-1.457,"bolussnooze":0,"activity":-0.0104,"lastBolusTime":1703547531255,"time":"2023-12-26T02:03:46.829Z"}},{"iob":-0.018,"basaliob":-0.11,"bolussnooze":0,"activity":-1.0E-4,"lastBolusTime":1703547531255,"time":"2023-12-26T02:08:46.829Z","iobWithZeroTemp":{"iob":-1.4,"basaliob":-1.492,"bolussnooze":0,"activity":-0.0108,"lastBolusTime":1703547531255,"time":"2023-12-26T02:08:46.829Z"}},{"iob":-0.016,"basaliob":-0.1,"bolussnooze":0,"activity":-1.0E-4,"lastBolusTime":1703547531255,"time":"2023-12-26T02:13:46.829Z","iobWithZeroTemp":{"iob":-1.44,"basaliob":-1.524,"bolussnooze":0,"activity":-0.0112,"lastBolusTime":1703547531255,"time":"2023-12-26T02:13:46.829Z"}},{"iob":-0.016,"basaliob":-0.093,"bolussnooze":0,"activity":-1.0E-4,"lastBolusTime":1703547531255,"time":"2023-12-26T02:18:46.829Z","iobWithZeroTemp":{"iob":-1.48,"basaliob":-1.557,"bolussnooze":0,"activity":-0.0116,"lastBolusTime":1703547531255,"time":"2023-12-26T02:18:46.829Z"}},{"iob":-0.015,"basaliob":-0.085,"bolussnooze":0,"activity":-1.0E-4,"lastBolusTime":1703547531255,"time":"2023-12-26T02:23:46.829Z","iobWithZeroTemp":{"iob":-1.517,"basaliob":-1.587,"bolussnooze":0,"activity":-0.012,"lastBolusTime":1703547531255,"time":"2023-12-26T02:23:46.829Z"}},{"iob":-0.015,"basaliob":-0.079,"bolussnooze":0,"activity":-1.0E-4,"lastBolusTime":1703547531255,"time":"2023-12-26T02:28:46.829Z","iobWithZeroTemp":{"iob":-1.553,"basaliob":-1.617,"bolussnooze":0,"activity":-0.0124,"lastBolusTime":1703547531255,"time":"2023-12-26T02:28:46.829Z"}},{"iob":-0.014,"basaliob":-0.072,"bolussnooze":0,"activity":-1.0E-4,"lastBolusTime":1703547531255,"time":"2023-12-26T02:33:46.829Z","iobWithZeroTemp":{"iob":-1.586,"basaliob":-1.644,"bolussnooze":0,"activity":-0.0128,"lastBolusTime":1703547531255,"time":"2023-12-26T02:33:46.829Z"}},{"iob":-0.013,"basaliob":-0.066,"bolussnooze":0,"activity":-1.0E-4,"lastBolusTime":1703547531255,"time":"2023-12-26T02:38:46.829Z","iobWithZeroTemp":{"iob":-1.617,"basaliob":-1.67,"bolussnooze":0,"activity":-0.0132,"lastBolusTime":1703547531255,"time":"2023-12-26T02:38:46.829Z"}},{"iob":-0.013,"basaliob":-0.061,"bolussnooze":0,"activity":-1.0E-4,"lastBolusTime":1703547531255,"time":"2023-12-26T02:43:46.829Z","iobWithZeroTemp":{"iob":-1.647,"basaliob":-1.695,"bolussnooze":0,"activity":-0.0135,"lastBolusTime":1703547531255,"time":"2023-12-26T02:43:46.829Z"}},{"iob":-0.012,"basaliob":-0.056,"bolussnooze":0,"activity":-1.0E-4,"lastBolusTime":1703547531255,"time":"2023-12-26T02:48:46.829Z","iobWithZeroTemp":{"iob":-1.674,"basaliob":-1.718,"bolussnooze":0,"activity":-0.0139,"lastBolusTime":1703547531255,"time":"2023-12-26T02:48:46.829Z"}},{"iob":-0.012,"basaliob":-0.051,"bolussnooze":0,"activity":-1.0E-4,"lastBolusTime":1703547531255,"time":"2023-12-26T02:53:46.829Z","iobWithZeroTemp":{"iob":-1.701,"basaliob":-1.74,"bolussnooze":0,"activity":-0.0142,"lastBolusTime":1703547531255,"time":"2023-12-26T02:53:46.829Z"}},{"iob":-0.011,"basaliob":-0.047,"bolussnooze":0,"activity":-1.0E-4,"lastBolusTime":1703547531255,"time":"2023-12-26T02:58:46.829Z","iobWithZeroTemp":{"iob":-1.725,"basaliob":-1.761,"bolussnooze":0,"activity":-0.0145,"lastBolusTime":1703547531255,"time":"2023-12-26T02:58:46.829Z"}},{"iob":-0.011,"basaliob":-0.043,"bolussnooze":0,"activity":-1.0E-4,"lastBolusTime":1703547531255,"time":"2023-12-26T03:03:46.829Z","iobWithZeroTemp":{"iob":-1.757,"basaliob":-1.789,"bolussnooze":0,"activity":-0.0148,"lastBolusTime":1703547531255,"time":"2023-12-26T03:03:46.829Z"}},{"iob":-0.01,"basaliob":-0.039,"bolussnooze":0,"activity":-1.0E-4,"lastBolusTime":1703547531255,"time":"2023-12-26T03:08:46.829Z","iobWithZeroTemp":{"iob":-1.786,"basaliob":-1.815,"bolussnooze":0,"activity":-0.0151,"lastBolusTime":1703547531255,"time":"2023-12-26T03:08:46.829Z"}},{"iob":-0.01,"basaliob":-0.036,"bolussnooze":0,"activity":-1.0E-4,"lastBolusTime":1703547531255,"time":"2023-12-26T03:13:46.829Z","iobWithZeroTemp":{"iob":-1.815,"basaliob":-1.841,"bolussnooze":0,"activity":-0.0155,"lastBolusTime":1703547531255,"time":"2023-12-26T03:13:46.829Z"}},{"iob":-0.009,"basaliob":-0.033,"bolussnooze":0,"activity":-1.0E-4,"lastBolusTime":1703547531255,"time":"2023-12-26T03:18:46.829Z","iobWithZeroTemp":{"iob":-1.842,"basaliob":-1.866,"bolussnooze":0,"activity":-0.0158,"lastBolusTime":1703547531255,"time":"2023-12-26T03:18:46.829Z"}},{"iob":-0.009,"basaliob":-0.03,"bolussnooze":0,"activity":0,"lastBolusTime":1703547531255,"time":"2023-12-26T03:23:46.829Z","iobWithZeroTemp":{"iob":-1.868,"basaliob":-1.889,"bolussnooze":0,"activity":-0.0159,"lastBolusTime":1703547531255,"time":"2023-12-26T03:23:46.829Z"}},{"iob":-0.009,"basaliob":-0.028,"bolussnooze":0,"activity":-1.0E-4,"lastBolusTime":1703547531255,"time":"2023-12-26T03:28:46.829Z","iobWithZeroTemp":{"iob":-1.892,"basaliob":-1.911,"bolussnooze":0,"activity":-0.0163,"lastBolusTime":1703547531255,"time":"2023-12-26T03:28:46.829Z"}},{"iob":-0.008,"basaliob":-0.025,"bolussnooze":0,"activity":-1.0E-4,"lastBolusTime":1703547531255,"time":"2023-12-26T03:33:46.829Z","iobWithZeroTemp":{"iob":-1.915,"basaliob":-1.932,"bolussnooze":0,"activity":-0.0166,"lastBolusTime":1703547531255,"time":"2023-12-26T03:33:46.829Z"}},{"iob":-0.008,"basaliob":-0.023,"bolussnooze":0,"activity":-1.0E-4,"lastBolusTime":1703547531255,"time":"2023-12-26T03:38:46.829Z","iobWithZeroTemp":{"iob":-1.937,"basaliob":-1.952,"bolussnooze":0,"activity":-0.0169,"lastBolusTime":1703547531255,"time":"2023-12-26T03:38:46.829Z"}},{"iob":-0.007,"basaliob":-0.021,"bolussnooze":0,"activity":-1.0E-4,"lastBolusTime":1703547531255,"time":"2023-12-26T03:43:46.829Z","iobWithZeroTemp":{"iob":-1.956,"basaliob":-1.97,"bolussnooze":0,"activity":-0.0171,"lastBolusTime":1703547531255,"time":"2023-12-26T03:43:46.829Z"}},{"iob":-0.007,"basaliob":-0.019,"bolussnooze":0,"activity":-1.0E-4,"lastBolusTime":1703547531255,"time":"2023-12-26T03:48:46.829Z","iobWithZeroTemp":{"iob":-1.975,"basaliob":-1.987,"bolussnooze":0,"activity":-0.0174,"lastBolusTime":1703547531255,"time":"2023-12-26T03:48:46.829Z"}},{"iob":-0.006,"basaliob":-0.017,"bolussnooze":0,"activity":0,"lastBolusTime":1703547531255,"time":"2023-12-26T03:53:46.829Z","iobWithZeroTemp":{"iob":-1.993,"basaliob":-2.004,"bolussnooze":0,"activity":-0.0175,"lastBolusTime":1703547531255,"time":"2023-12-26T03:53:46.829Z"}},{"iob":-0.006,"basaliob":-0.016,"bolussnooze":0,"activity":-1.0E-4,"lastBolusTime":1703547531255,"time":"2023-12-26T03:58:46.829Z","iobWithZeroTemp":{"iob":-2.01,"basaliob":-2.02,"bolussnooze":0,"activity":-0.0178,"lastBolusTime":1703547531255,"time":"2023-12-26T03:58:46.829Z"}}],"profile":{"max_iob":15,"type":"current","max_daily_basal":1.2,"max_basal":3.4,"min_bg":99,"max_bg":99,"target_bg":99,"carb_ratio":5.7142857142857135,"sens":30.857142857142854,"max_daily_safety_multiplier":3,"current_basal_safety_multiplier":4,"high_temptarget_raises_sensitivity":false,"low_temptarget_lowers_sensitivity":false,"sensitivity_raises_target":true,"resistance_lowers_target":true,"adv_target_adjustments":false,"exercise_mode":false,"half_basal_exercise_target":160,"maxCOB":120,"skip_neutral_temps":false,"remainingCarbsCap":90,"enableUAM":true,"A52_risk_enable":false,"SMBInterval":3,"enableSMB_with_COB":true,"enableSMB_with_temptarget":true,"allowSMB_with_high_temptarget":false,"enableSMB_always":false,"enableSMB_after_carbs":true,"maxSMBBasalMinutes":80,"maxUAMSMBBasalMinutes":60,"bolus_increment":0.05,"carbsReqThreshold":10,"current_basal":0.85,"temptargetSet":false,"autosens_max":1.2,"out_units":"mmol\/L"},"autosens_data":{"ratio":1.05},"meal_data":{"carbs":0,"mealCOB":0,"slopeFromMaxDeviation":-0.03954545454545455,"slopeFromMinDeviation":0.1272222222222222,"lastBolusTime":1703545140192,"lastCarbTime":0},"microBolusAllowed":true,"currentTime":1703549029106,"flatBGsDetected":false},"output":{"temp":"absolute","bg":107,"tick":"+2","eventualBG":139,"targetBG":97,"insulinReq":0.92,"deliverAt":"2023-12-26T00:03:49.106Z","sensitivityRatio":1.05,"predBGs":{"IOB":[107,108,110,111,112,113,113,114,115,115,115,115,115],"ZT":[107,107,106,106,106,105,105,105,105,106,106,106,107,107],"UAM":[107,108,110,111,113,114,116,117,119,120,121,122,124,125,126,127,128,129,130,131,132,133,134,134,135,136,136,137,137,138,138,138,139]},"COB":0,"IOB":0.082,"reason":"COB: 0, Dev: 0.7, BGI: 0.0, ISF: 1.6, CR: 5.71, Target: 5.4, minPredBG 6.9, minGuardBG 6.0, IOBpredBG 6.4, UAMpredBG 7.7; Eventual BG 7.7 >= 5.4, temp 1.60 < 2.73U\/hr. ","duration":30,"rate":2.7325,"timestamp":"2023-12-26T00:03:49.214Z"}}