{"algorithm":"OpenAPSSMBPlugin","input":{"glucoseStatus":{"glucose":89,"noise":0,"delta":-1,"short_avgdelta":-1,"long_avgdelta":-0.97,"date":1703405291000},"currenttemp":{"temp":"absolute","duration":45,"rate":0,"minutesrunning":15},"iob_data":[{"iob":-0.472,"basaliob":-0.479,"bolussnooze":0,"activity":-0.0024,"lastBolusTime":1703384655685,"time":"2023-12-24T08:08:41.999Z","iobWithZeroTemp":{"iob":-0.472,"basaliob":-0.479,"bolussnooze":0,"activity":-0.0024,"lastBolusTime":1703384655685,"time":"2023-12-24T08:08:41.999Z"}},{"iob":-0.459,"basaliob":-0.465,"bolussnooze":0,"activity":-0.0028,"lastBolusTime":1703384655685,"time":"2023-12-24T08:13:41.999Z","iobWithZeroTemp":{"iob":-0.518,"basaliob":-0.524,"bolussnooze":0,"activity":-0.0028,"lastBolusTime":1703384655685,"time":"2023-12-24T08:13:41.999Z"}},{"iob":-0.445,"basaliob":-0.45,"bolussnooze":0,"activity":-0.003,"lastBolusTime":1703384655685,"time":"2023-12-24T08:18:41.999Z","iobWithZeroTemp":{"iob":-0.578,"basaliob":-0.583,"bolussnooze":0,"activity":-0.0032,"lastBolusTime":1703384655685,"time":"2023-12-24T08:18:41.999Z"}},{"iob":-0.429,"basaliob":-0.434,"bolussnooze":0,"activity":-0.0032,"lastBolusTime":1703384655685,"time":"2023-12-24T08:23:41.999Z","iobWithZeroTemp":{"iob":-0.635,"basaliob":-0.64,"bolussnooze":0,"activity":-0.0036,"lastBolusTime":1703384655685,"time":"2023-12-24T08:23:41.999Z"}},{"iob":-0.414,"basaliob":-0.418,"bolussnooze":0,"activity":-0.0033,"lastBolusTime":1703384655685,"time":"2023-12-24T08:28:41.999Z","iobWithZeroTemp":{"iob":-0.691,"basaliob":-0.695,"bolussnooze":0,"activity":-0.004,"lastBolusTime":1703384655685,"time":"2023-12-24T08:28:41.999Z"}},{"iob":-0.397,"basaliob":-0.401,"bolussnooze":0,"activity":-0.0034,"lastBolusTime":1703384655685,"time":"2023-12-24T08:33:41.999Z","iobWithZeroTemp":{"iob":-0.744,"basaliob":-0.748,"bolussnooze":0,"activity":-0.0045,"lastBolusTime":1703384655685,"time":"2023-12-24T08:33:41.999Z"}},{"iob":-0.38,"basaliob":-0.383,"bolussnooze":0,"activity":-0.0034,"lastBolusTime":1703384655685,"time":"2023-12-24T08:38:41.999Z","iobWithZeroTemp":{"iob":-0.795,"basaliob":-0.798,"bolussnooze":0,"activity":-0.0049,"lastBolusTime":1703384655685,"time":"2023-12-24T08:38:41.999Z"}},{"iob":-0.363,"basaliob":-0.366,"bolussnooze":0,"activity":-0.0034,"lastBolusTime":1703384655685,"time":"2023-12-24T08:43:41.999Z","iobWithZeroTemp":{"iob":-0.844,"basaliob":-0.847,"bolussnooze":0,"activity":-0.0053,"lastBolusTime":1703384655685,"time":"2023-12-24T08:43:41.999Z"}},{"iob":-0.345,"basaliob":-0.348,"bolussnooze":0,"activity":-0.0034,"lastBolusTime":1703384655685,"time":"2023-12-24T08:48:41.999Z","iobWithZeroTemp":{"iob":-0.889,"basaliob":-0.892,"bolussnooze":0,"activity":-0.0058,"lastBolusTime":1703384655685,"time":"2023-12-24T08:48:41.999Z"}},{"iob":-0.329,"basaliob":-0.331,"bolussnooze":0,"activity":-0.0033,"lastBolusTime":1703384655685,"time":"2023-12-24T08:53:41.999Z","iobWithZeroTemp":{"iob":-0.934,"basaliob":-0.936,"bolussnooze":0,"activity":-0.0062,"lastBolusTime":1703384655685,"time":"2023-12-24T08:53:41.999Z"}},{"iob":-0.311,"basaliob":-0.313,"bolussnooze":0,"activity":-0.0033,"lastBolusTime":1703384655685,"time":"2023-12-24T08:58:41.999Z","iobWithZeroTemp":{"iob":-0.974,"basaliob":-0.976,"bolussnooze":0,"activity":-0.0067,"lastBolusTime":1703384655685,"time":"2023-12-24T08:58:41.999Z"}},{"iob":-0.295,"basaliob":-0.297,"bolussnooze":0,"activity":-0.0033,"lastBolusTime":1703384655685,"time":"2023-12-24T09:03:41.999Z","iobWithZeroTemp":{"iob":-1.01,"basaliob":-1.012,"bolussnooze":0,"activity":-0.0072,"lastBolusTime":1703384655685,"time":"2023-12-24T09:03:41.999Z"}},{"iob":-0.279,"basaliob":-0.281,"bolussnooze":0,"activity":-0.0032,"lastBolusTime":1703384655685,"time":"2023-12-24T09:08:41.999Z","iobWithZeroTemp":{"iob":-1.044,"basaliob":-1.046,"bolussnooze":0,"activity":-0.0076,"lastBolusTime":1703384655685,"time":"2023-12-24T09:08:41.999Z"}},{"iob":-0.264,"basaliob":-0.265,"bolussnooze":0,"activity":-0.0031,"lastBolusTime":1703384655685,"time":"2023-12-24T09:13:41.999Z","iobWithZeroTemp":{"iob":-1.075,"basaliob":-1.076,"bolussnooze":0,"activity":-0.008,"lastBolusTime":1703384655685,"time":"2023-12-24T09:13:41.999Z"}},{"iob":-0.249,"basaliob":-0.25,"bolussnooze":0,"activity":-0.003,"lastBolusTime":1703384655685,"time":"2023-12-24T09:18:41.999Z","iobWithZeroTemp":{"iob":-1.105,"basaliob":-1.106,"bolussnooze":0,"activity":-0.0084,"lastBolusTime":1703384655685,"time":"2023-12-24T09:18:41.999Z"}},{"iob":-0.234,"basaliob":-0.235,"bolussnooze":0,"activity":-0.0029,"lastBolusTime":1703384655685,"time":"2023-12-24T09:23:41.999Z","iobWithZeroTemp":{"iob":-1.132,"basaliob":-1.133,"bolussnooze":0,"activity":-0.0088,"lastBolusTime":1703384655685,"time":"2023-12-24T09:23:41.999Z"}},{"iob":-0.22,"basaliob":-0.221,"bolussnooze":0,"activity":-0.0028,"lastBolusTime":1703384655685,"time":"2023-12-24T09:28:41.999Z","iobWithZeroTemp":{"iob":-1.158,"basaliob":-1.159,"bolussnooze":0,"activity":-0.0091,"lastBolusTime":1703384655685,"time":"2023-12-24T09:28:41.999Z"}},{"iob":-0.206,"basaliob":-0.207,"bolussnooze":0,"activity":-0.0026,"lastBolusTime":1703384655685,"time":"2023-12-24T09:33:41.999Z","iobWithZeroTemp":{"iob":-1.181,"basaliob":-1.182,"bolussnooze":0,"activity":-0.0094,"lastBolusTime":1703384655685,"time":"2023-12-24T09:33:41.999Z"}},{"iob":-0.194,"basaliob":-0.195,"bolussnooze":0,"activity":-0.0025,"lastBolusTime":1703384655685,"time":"2023-12-24T09:38:41.999Z","iobWithZeroTemp":{"iob":-1.204,"basaliob":-1.205,"bolussnooze":0,"activity":-0.0097,"lastBolusTime":1703384655685,"time":"2023-12-24T09:38:41.999Z"}},{"iob":-0.181,"basaliob":-0.182,"bolussnooze":0,"activity":-0.0024,"lastBolusTime":1703384655685,"time":"2023-12-24T09:43:41.999Z","iobWithZeroTemp":{"iob":-1.225,"basaliob":-1.226,"bolussnooze":0,"activity":-0.01,"lastBolusTime":1703384655685,"time":"2023-12-24T09:43:41.999Z"}},{"iob":-0.17,"basaliob":-0.171,"bolussnooze":0,"activity":-0.0023,"lastBolusTime":1703384655685,"time":"2023-12-24T09:48:41.999Z","iobWithZeroTemp":{"iob":-1.245,"basaliob":-1.246,"bolussnooze":0,"activity":-0.0103,"lastBolusTime":1703384655685,"time":"2023-12-24T09:48:41.999Z"}},{"iob":-0.16,"basaliob":-0.16,"bolussnooze":0,"activity":-0.0022,"lastBolusTime":1703384655685,"time":"2023-12-24T09:53:41.999Z","iobWithZeroTemp":{"iob":-1.264,"basaliob":-1.264,"bolussnooze":0,"activity":-0.0106,"lastBolusTime":1703384655685,"time":"2023-12-24T09:53:41.999Z"}},{"iob":-0.149,"basaliob":-0.149,"bolussnooze":0,"activity":-0.002,"lastBolusTime":1703384655685,"time":"2023-12-24T09:58:41.999Z","iobWithZeroTemp":{"iob":-1.28,"basaliob":-1.28,"bolussnooze":0,"activity":-0.0107,"lastBolusTime":1703384655685,"time":"2023-12-24T09:58:41.999Z"}},{"iob":-0.139,"basaliob":-0.139,"bolussnooze":0,"activity":-0.0019,"lastBolusTime":1703384655685,"time":"2023-12-24T10:03:41.999Z","iobWithZeroTemp":{"iob":-1.296,"basaliob":-1.296,"bolussnooze":0,"activity":-0.011,"lastBolusTime":1703384655685,"time":"2023-12-24T10:03:41.999Z"}},{"iob":-0.13,"basaliob":-0.13,"bolussnooze":0,"activity":-0.0018,"lastBolusTime":1703384655685,"time":"2023-12-24T10:08:41.999Z","iobWithZeroTemp":{"iob":-1.311,"basaliob":-1.311,"bolussnooze":0,"activity":-0.0112,"lastBolusTime":1703384655685,"time":"2023-12-24T10:08:41.999Z"}},{"iob":-0.121,"basaliob":-0.121,"bolussnooze":0,"activity":-0.0017,"lastBolusTime":1703384655685,"time":"2023-12-24T10:13:41.999Z","iobWithZeroTemp":{"iob":-1.325,"basaliob":-1.325,"bolussnooze":0,"activity":-0.0114,"lastBolusTime":1703384655685,"time":"2023-12-24T10:13:41.999Z"}},{"iob":-0.112,"basaliob":-0.112,"bolussnooze":0,"activity":-0.0016,"lastBolusTime":1703384655685,"time":"2023-12-24T10:18:41.999Z","iobWithZeroTemp":{"iob":-1.337,"basaliob":-1.337,"bolussnooze":0,"activity":-0.0116,"lastBolusTime":1703384655685,"time":"2023-12-24T10:18:41.999Z"}},{"iob":-0.105,"basaliob":-0.105,"bolussnooze":0,"activity":-0.0015,"lastBolusTime":1703384655685,"time":"2023-12-24T10:23:41.999Z","iobWithZeroTemp":{"iob":-1.349,"basaliob":-1.349,"bolussnooze":0,"activity":-0.0117,"lastBolusTime":1703384655685,"time":"2023-12-24T10:23:41.999Z"}},{"iob":-0.097,"basaliob":-0.097,"bolussnooze":0,"activity":-0.0014,"lastBolusTime":1703384655685,"time":"2023-12-24T10:28:41.999Z","iobWithZeroTemp":{"iob":-1.36,"basaliob":-1.36,"bolussnooze":0,"activity":-0.0119,"lastBolusTime":1703384655685,"time":"2023-12-24T10:28:41.999Z"}},{"iob":-0.09,"basaliob":-0.09,"bolussnooze":0,"activity":-0.0013,"lastBolusTime":1703384655685,"time":"2023-12-24T10:33:41.999Z","iobWithZeroTemp":{"iob":-1.37,"basaliob":-1.37,"bolussnooze":0,"activity":-0.012,"lastBolusTime":1703384655685,"time":"2023-12-24T10:33:41.999Z"}},{"iob":-0.084,"basaliob":-0.084,"bolussnooze":0,"activity":-0.0013,"lastBolusTime":1703384655685,"time":"2023-12-24T10:38:41.999Z","iobWithZeroTemp":{"iob":-1.379,"basaliob":-1.379,"bolussnooze":0,"activity":-0.0123,"lastBolusTime":1703384655685,"time":"2023-12-24T10:38:41.999Z"}},{"iob":-0.078,"basaliob":-0.078,"bolussnooze":0,"activity":-0.0012,"lastBolusTime":1703384655685,"time":"2023-12-24T10:43:41.999Z","iobWithZeroTemp":{"iob":-1.388,"basaliob":-1.388,"bolussnooze":0,"activity":-0.0124,"lastBolusTime":1703384655685,"time":"2023-12-24T10:43:41.999Z"}},{"iob":-0.072,"basaliob":-0.072,"bolussnooze":0,"activity":-0.0011,"lastBolusTime":1703384655685,"time":"2023-12-24T10:48:41.999Z","iobWithZeroTemp":{"iob":-1.396,"basaliob":-1.396,"bolussnooze":0,"activity":-0.0125,"lastBolusTime":1703384655685,"time":"2023-12-24T10:48:41.999Z"}},{"iob":-0.067,"basaliob":-0.067,"bolussnooze":0,"activity":-0.001,"lastBolusTime":1703384655685,"time":"2023-12-24T10:53:41.999Z","iobWithZeroTemp":{"iob":-1.403,"basaliob":-1.403,"bolussnooze":0,"activity":-0.0126,"lastBolusTime":1703384655685,"time":"2023-12-24T10:53:41.999Z"}},{"iob":-0.062,"basaliob":-0.062,"bolussnooze":0,"activity":-0.001,"lastBolusTime":1703384655685,"time":"2023-12-24T10:58:41.999Z","iobWithZeroTemp":{"iob":-1.41,"basaliob":-1.41,"bolussnooze":0,"activity":-0.0128,"lastBolusTime":1703384655685,"time":"2023-12-24T10:58:41.999Z"}},{"iob":-0.057,"basaliob":-0.057,"bolussnooze":0,"activity":-9.0E-4,"lastBolusTime":1703384655685,"time":"2023-12-24T11:03:41.999Z","iobWithZeroTemp":{"iob":-1.428,"basaliob":-1.428,"bolussnooze":0,"activity":-0.0128,"lastBolusTime":1703384655685,"time":"2023-12-24T11:03:41.999Z"}},{"iob":-0.053,"basaliob":-0.053,"bolussnooze":0,"activity":-8.0E-4,"lastBolusTime":1703384655685,"time":"2023-12-24T11:08:41.999Z","iobWithZeroTemp":{"iob":-1.446,"basaliob":-1.446,"bolussnooze":0,"activity":-0.0129,"lastBolusTime":1703384655685,"time":"2023-12-24T11:08:41.999Z"}},{"iob":-0.048,"basaliob":-0.048,"bolussnooze":0,"activity":-8.0E-4,"lastBolusTime":1703384655685,"time":"2023-12-24T11:13:41.999Z","iobWithZeroTemp":{"iob":-1.463,"basaliob":-1.463,"bolussnooze":0,"activity":-0.0131,"lastBolusTime":1703384655685,"time":"2023-12-24T11:13:41.999Z"}},{"iob":-0.045,"basaliob":-0.045,"bolussnooze":0,"activity":-7.0E-4,"lastBolusTime":1703384655685,"time":"2023-12-24T11:18:41.999Z","iobWithZeroTemp":{"iob":-1.48,"basaliob":-1.48,"bolussnooze":0,"activity":-0.0132,"lastBolusTime":1703384655685,"time":"2023-12-24T11:18:41.999Z"}},{"iob":-0.041,"basaliob":-0.041,"bolussnooze":0,"activity":-7.0E-4,"lastBolusTime":1703384655685,"time":"2023-12-24T11:23:41.999Z","iobWithZeroTemp":{"iob":-1.495,"basaliob":-1.495,"bolussnooze":0,"activity":-0.0134,"lastBolusTime":1703384655685,"time":"2023-12-24T11:23:41.999Z"}},{"iob":-0.038,"basaliob":-0.038,"bolussnooze":0,"activity":-6.0E-4,"lastBolusTime":0,"time":"2023-12-24T11:28:41.999Z","iobWithZeroTemp":{"iob":-1.511,"basaliob":-1.511,"bolussnooze":0,"activity":-0.0135,"lastBolusTime":0,"time":"2023-12-24T11:28:41.999Z"}},{"iob":-0.035,"basaliob":-0.035,"bolussnooze":0,"activity":-6.0E-4,"lastBolusTime":0,"time":"2023-12-24T11:33:41.999Z","iobWithZeroTemp":{"iob":-1.525,"basaliob":-1.525,"bolussnooze":0,"activity":-0.0137,"lastBolusTime":0,"time":"2023-12-24T11:33:41.999Z"}},{"iob":-0.032,"basaliob":-0.032,"bolussnooze":0,"activity":-5.0E-4,"lastBolusTime":0,"time":"2023-12-24T11:38:41.999Z","iobWithZeroTemp":{"iob":-1.539,"basaliob":-1.539,"bolussnooze":0,"activity":-0.0137,"lastBolusTime":0,"time":"2023-12-24T11:38:41.999Z"}},{"iob":-0.03,"basaliob":-0.03,"bolussnooze":0,"activity":-5.0E-4,"lastBolusTime":0,"time":"2023-12-24T11:43:41.999Z","iobWithZeroTemp":{"iob":-1.552,"basaliob":-1.552,"bolussnooze":0,"activity":-0.0139,"lastBolusTime":0,"time":"2023-12-24T11:43:41.999Z"}},{"iob":-0.027,"basaliob":-0.027,"bolussnooze":0,"activity":-5.0E-4,"lastBolusTime":0,"time":"2023-12-24T11:48:41.999Z","iobWithZeroTemp":{"iob":-1.564,"basaliob":-1.564,"bolussnooze":0,"activity":-0.0141,"lastBolusTime":0,"time":"2023-12-24T11:48:41.999Z"}},{"iob":-0.025,"basaliob":-0.025,"bolussnooze":0,"activity":-4.0E-4,"lastBolusTime":0,"time":"2023-12-24T11:53:41.999Z","iobWithZeroTemp":{"iob":-1.576,"basaliob":-1.576,"bolussnooze":0,"activity":-0.0141,"lastBolusTime":0,"time":"2023-12-24T11:53:41.999Z"}},{"iob":-0.023,"basaliob":-0.023,"bolussnooze":0,"activity":-4.0E-4,"lastBolusTime":0,"time":"2023-12-24T11:58:41.999Z","iobWithZeroTemp":{"iob":-1.587,"basaliob":-1.587,"bolussnooze":0,"activity":-0.0143,"lastBolusTime":0,"time":"2023-12-24T11:58:41.999Z"}},{"iob":-0.021,"basaliob":-0.021,"bolussnooze":0,"activity":-4.0E-4,"lastBolusTime":0,"time":"2023-12-24T12:03:41.999Z","iobWithZeroTemp":{"iob":-1.602,"basaliob":-1.602,"bolussnooze":0,"activity":-0.0145,"lastBolusTime":0,"time":"2023-12-24T12:03:41.999Z"}}],"profile":{"max_iob":15,"type":"current","max_daily_basal":1.2,"max_basal":3.59,"min_bg":99,"max_bg":99,"target_bg":99,"carb_ratio":4.285714285714286,"sens":20.57142857142857,"max_daily_safety_multiplier":3,"current_basal_safety_multiplier":4,"high_temptarget_raises_sensitivity":false,"low_temptarget_lowers_sensitivity":false,"sensitivity_raises_target":true,"resistance_lowers_target":true,"adv_target_adjustments":false,"exercise_mode":false,"half_basal_exercise_target":160,"maxCOB":120,"skip_neutral_temps":false,"remainingCarbsCap":90,"enableUAM":true,"A52_risk_enable":false,"SMBInterval":3,"enableSMB_with_COB":true,"enableSMB_with_temptarget":true,"allowSMB_with_high_temptarget":false,"enableSMB_always":false,"enableSMB_after_carbs":true,"maxSMBBasalMinutes":80,"maxUAMSMBBasalMinutes":60,"bolus_increment":0.05,"carbsReqThreshold":10,"current_basal":0.9,"temptargetSet":false,"autosens_max":1.2,"out_units":"mmol\/L"},"autosens_data":{"ratio":0.99},"meal_data":{"carbs":0,"mealCOB":0,"slopeFromMaxDeviation":0,"slopeFromMinDeviation":0,"lastBolusTime":1703384655685,"lastCarbTime":0},"microBolusAllowed":true,"currentTime":1703405323829,"flatBGsDetected":false},"output":{"temp":"absolute","bg":89,"tick":-1,"eventualBG":92,"targetBG":99,"insulinReq":0,"deliverAt":"2023-12-24T08:08:43.829Z","sensitivityRatio":0.99,"predBGs":{"IOB":[89,88,87,87,86,86,86,86,86,86,86,86,86,87,87,87,88,88,88,88,89,89,89,89,90,90,90,90,90,90,91,91,91,91,91,91,91,91,91,91,91,92],"ZT":[89,89,90,90,90,91,91,92,92,93,93,94,95,96,97,97,98,99]},"COB":0,"IOB":-0.472,"reason":"COB: 0, Dev: -0.4, BGI: 0.0, ISF: 1.2, CR: 4.29, Target: 5.5, minPredBG 4.9, minGuardBG 4.8, IOBpredBG 5.1; Eventual BG 5.1 < 5.5 45m left and 0 ~ req 0U\/hr: no temp required","timestamp":"2023-12-24T08:08:43.936Z"}}