{"algorithm":"OpenAPSSMBPlugin","input":{"glucoseStatus":{"glucose":148,"noise":0,"delta":-2,"short_avgdelta":-2.61,"long_avgdelta":-4.98,"date":1703424792000},"currenttemp":{"temp":"absolute","duration":105,"rate":0,"minutesrunning":15},"iob_data":[{"iob":5.422,"basaliob":-1.681,"bolussnooze":0.25,"activity":0.0634,"lastBolusTime":1703424821266,"time":"2023-12-24T13:33:45.087Z","iobWithZeroTemp":{"iob":5.422,"basaliob":-1.681,"bolussnooze":0.25,"activity":0.0634,"lastBolusTime":1703424821266,"time":"2023-12-24T13:33:45.087Z"}},{"iob":5.11,"basaliob":-1.606,"bolussnooze":0.2299,"activity":0.0611,"lastBolusTime":1703424821266,"time":"2023-12-24T13:38:45.087Z","iobWithZeroTemp":{"iob":5.037,"basaliob":-1.679,"bolussnooze":0.2299,"activity":0.0611,"lastBolusTime":1703424821266,"time":"2023-12-24T13:38:45.087Z"}},{"iob":4.81,"basaliob":-1.531,"bolussnooze":0.1903,"activity":0.0589,"lastBolusTime":1703424821266,"time":"2023-12-24T13:43:45.087Z","iobWithZeroTemp":{"iob":4.646,"basaliob":-1.695,"bolussnooze":0.1903,"activity":0.0587,"lastBolusTime":1703424821266,"time":"2023-12-24T13:43:45.087Z"}},{"iob":4.522,"basaliob":-1.456,"bolussnooze":0.1481,"activity":0.0564,"lastBolusTime":1703424821266,"time":"2023-12-24T13:48:45.087Z","iobWithZeroTemp":{"iob":4.268,"basaliob":-1.71,"bolussnooze":0.1481,"activity":0.0559,"lastBolusTime":1703424821266,"time":"2023-12-24T13:48:45.087Z"}},{"iob":4.246,"basaliob":-1.382,"bolussnooze":0.1105,"activity":0.054,"lastBolusTime":1703424821266,"time":"2023-12-24T13:53:45.087Z","iobWithZeroTemp":{"iob":3.904,"basaliob":-1.724,"bolussnooze":0.1105,"activity":0.0531,"lastBolusTime":1703424821266,"time":"2023-12-24T13:53:45.087Z"}},{"iob":3.982,"basaliob":-1.31,"bolussnooze":0.08,"activity":0.0516,"lastBolusTime":1703424821266,"time":"2023-12-24T13:58:45.087Z","iobWithZeroTemp":{"iob":3.555,"basaliob":-1.737,"bolussnooze":0.08,"activity":0.0503,"lastBolusTime":1703424821266,"time":"2023-12-24T13:58:45.087Z"}},{"iob":3.731,"basaliob":-1.239,"bolussnooze":0.0565,"activity":0.049,"lastBolusTime":1703424821266,"time":"2023-12-24T14:03:45.087Z","iobWithZeroTemp":{"iob":3.224,"basaliob":-1.746,"bolussnooze":0.0565,"activity":0.0472,"lastBolusTime":1703424821266,"time":"2023-12-24T14:03:45.087Z"}},{"iob":3.491,"basaliob":-1.17,"bolussnooze":0.0391,"activity":0.0467,"lastBolusTime":1703424821266,"time":"2023-12-24T14:08:45.087Z","iobWithZeroTemp":{"iob":2.908,"basaliob":-1.753,"bolussnooze":0.0391,"activity":0.0443,"lastBolusTime":1703424821266,"time":"2023-12-24T14:08:45.087Z"}},{"iob":3.264,"basaliob":-1.104,"bolussnooze":0.0265,"activity":0.0442,"lastBolusTime":1703424821266,"time":"2023-12-24T14:13:45.087Z","iobWithZeroTemp":{"iob":2.607,"basaliob":-1.761,"bolussnooze":0.0265,"activity":0.0412,"lastBolusTime":1703424821266,"time":"2023-12-24T14:13:45.087Z"}},{"iob":3.048,"basaliob":-1.04,"bolussnooze":0.0177,"activity":0.0419,"lastBolusTime":1703424821266,"time":"2023-12-24T14:18:45.087Z","iobWithZeroTemp":{"iob":2.32,"basaliob":-1.768,"bolussnooze":0.0177,"activity":0.0384,"lastBolusTime":1703424821266,"time":"2023-12-24T14:18:45.087Z"}},{"iob":2.844,"basaliob":-0.978,"bolussnooze":0.0116,"activity":0.0397,"lastBolusTime":1703424821266,"time":"2023-12-24T14:23:45.087Z","iobWithZeroTemp":{"iob":2.048,"basaliob":-1.774,"bolussnooze":0.0116,"activity":0.0356,"lastBolusTime":1703424821266,"time":"2023-12-24T14:23:45.087Z"}},{"iob":2.651,"basaliob":-0.919,"bolussnooze":0.0075,"activity":0.0374,"lastBolusTime":1703424821266,"time":"2023-12-24T14:28:45.087Z","iobWithZeroTemp":{"iob":1.79,"basaliob":-1.78,"bolussnooze":0.0075,"activity":0.0327,"lastBolusTime":1703424821266,"time":"2023-12-24T14:28:45.087Z"}},{"iob":2.47,"basaliob":-0.862,"bolussnooze":0.0047,"activity":0.0353,"lastBolusTime":1703424821266,"time":"2023-12-24T14:33:45.087Z","iobWithZeroTemp":{"iob":1.547,"basaliob":-1.785,"bolussnooze":0.0047,"activity":0.03,"lastBolusTime":1703424821266,"time":"2023-12-24T14:33:45.087Z"}},{"iob":2.298,"basaliob":-0.808,"bolussnooze":0.0029,"activity":0.0332,"lastBolusTime":1703424821266,"time":"2023-12-24T14:38:45.087Z","iobWithZeroTemp":{"iob":1.316,"basaliob":-1.79,"bolussnooze":0.0029,"activity":0.0273,"lastBolusTime":1703424821266,"time":"2023-12-24T14:38:45.087Z"}},{"iob":2.138,"basaliob":-0.756,"bolussnooze":0.0017,"activity":0.0313,"lastBolusTime":1703424821266,"time":"2023-12-24T14:43:45.087Z","iobWithZeroTemp":{"iob":1.1,"basaliob":-1.794,"bolussnooze":0.0017,"activity":0.0248,"lastBolusTime":1703424821266,"time":"2023-12-24T14:43:45.087Z"}},{"iob":1.985,"basaliob":-0.708,"bolussnooze":0.001,"activity":0.0294,"lastBolusTime":1703424821266,"time":"2023-12-24T14:48:45.087Z","iobWithZeroTemp":{"iob":0.894,"basaliob":-1.799,"bolussnooze":0.001,"activity":0.0223,"lastBolusTime":1703424821266,"time":"2023-12-24T14:48:45.087Z"}},{"iob":1.844,"basaliob":-0.661,"bolussnooze":6.0E-4,"activity":0.0276,"lastBolusTime":1703424821266,"time":"2023-12-24T14:53:45.087Z","iobWithZeroTemp":{"iob":0.703,"basaliob":-1.802,"bolussnooze":6.0E-4,"activity":0.0199,"lastBolusTime":1703424821266,"time":"2023-12-24T14:53:45.087Z"}},{"iob":1.71,"basaliob":-0.617,"bolussnooze":3.0E-4,"activity":0.0258,"lastBolusTime":1703424821266,"time":"2023-12-24T14:58:45.087Z","iobWithZeroTemp":{"iob":0.521,"basaliob":-1.806,"bolussnooze":3.0E-4,"activity":0.0176,"lastBolusTime":1703424821266,"time":"2023-12-24T14:58:45.087Z"}},{"iob":1.585,"basaliob":-0.576,"bolussnooze":1.0E-4,"activity":0.0242,"lastBolusTime":1703424821266,"time":"2023-12-24T15:03:45.087Z","iobWithZeroTemp":{"iob":0.361,"basaliob":-1.8,"bolussnooze":1.0E-4,"activity":0.0155,"lastBolusTime":1703424821266,"time":"2023-12-24T15:03:45.087Z"}},{"iob":1.468,"basaliob":-0.536,"bolussnooze":1.0E-4,"activity":0.0226,"lastBolusTime":1703424821266,"time":"2023-12-24T15:08:45.087Z","iobWithZeroTemp":{"iob":0.21,"basaliob":-1.794,"bolussnooze":1.0E-4,"activity":0.0134,"lastBolusTime":1703424821266,"time":"2023-12-24T15:08:45.087Z"}},{"iob":1.359,"basaliob":-0.499,"bolussnooze":0,"activity":0.0211,"lastBolusTime":1703424821266,"time":"2023-12-24T15:13:45.087Z","iobWithZeroTemp":{"iob":0.071,"basaliob":-1.787,"bolussnooze":0,"activity":0.0114,"lastBolusTime":1703424821266,"time":"2023-12-24T15:13:45.087Z"}},{"iob":1.257,"basaliob":-0.464,"bolussnooze":0,"activity":0.0197,"lastBolusTime":1703424821266,"time":"2023-12-24T15:18:45.087Z","iobWithZeroTemp":{"iob":-0.06,"basaliob":-1.781,"bolussnooze":0,"activity":0.0096,"lastBolusTime":1703424821266,"time":"2023-12-24T15:18:45.087Z"}},{"iob":1.161,"basaliob":-0.432,"bolussnooze":0,"activity":0.0184,"lastBolusTime":1703424821266,"time":"2023-12-24T15:23:45.087Z","iobWithZeroTemp":{"iob":-0.182,"basaliob":-1.775,"bolussnooze":0,"activity":0.0079,"lastBolusTime":1703424821266,"time":"2023-12-24T15:23:45.087Z"}},{"iob":1.072,"basaliob":-0.401,"bolussnooze":0,"activity":0.0171,"lastBolusTime":1703424821266,"time":"2023-12-24T15:28:45.087Z","iobWithZeroTemp":{"iob":-0.296,"basaliob":-1.769,"bolussnooze":0,"activity":0.0062,"lastBolusTime":1703424821266,"time":"2023-12-24T15:28:45.087Z"}},{"iob":0.99,"basaliob":-0.372,"bolussnooze":0,"activity":0.016,"lastBolusTime":1703424821266,"time":"2023-12-24T15:33:45.087Z","iobWithZeroTemp":{"iob":-0.401,"basaliob":-1.763,"bolussnooze":0,"activity":0.0048,"lastBolusTime":1703424821266,"time":"2023-12-24T15:33:45.087Z"}},{"iob":0.913,"basaliob":-0.345,"bolussnooze":0,"activity":0.0149,"lastBolusTime":1703424821266,"time":"2023-12-24T15:38:45.087Z","iobWithZeroTemp":{"iob":-0.499,"basaliob":-1.757,"bolussnooze":0,"activity":0.0034,"lastBolusTime":1703424821266,"time":"2023-12-24T15:38:45.087Z"}},{"iob":0.841,"basaliob":-0.32,"bolussnooze":0,"activity":0.0138,"lastBolusTime":1703424821266,"time":"2023-12-24T15:43:45.087Z","iobWithZeroTemp":{"iob":-0.59,"basaliob":-1.751,"bolussnooze":0,"activity":0.0019,"lastBolusTime":1703424821266,"time":"2023-12-24T15:43:45.087Z"}},{"iob":0.775,"basaliob":-0.296,"bolussnooze":0,"activity":0.0128,"lastBolusTime":1703424821266,"time":"2023-12-24T15:48:45.087Z","iobWithZeroTemp":{"iob":-0.674,"basaliob":-1.745,"bolussnooze":0,"activity":7.0E-4,"lastBolusTime":1703424821266,"time":"2023-12-24T15:48:45.087Z"}},{"iob":0.713,"basaliob":-0.274,"bolussnooze":0,"activity":0.0119,"lastBolusTime":1703424821266,"time":"2023-12-24T15:53:45.087Z","iobWithZeroTemp":{"iob":-0.753,"basaliob":-1.74,"bolussnooze":0,"activity":-5.0E-4,"lastBolusTime":1703424821266,"time":"2023-12-24T15:53:45.087Z"}},{"iob":0.656,"basaliob":-0.253,"bolussnooze":0,"activity":0.011,"lastBolusTime":1703424821266,"time":"2023-12-24T15:58:45.087Z","iobWithZeroTemp":{"iob":-0.825,"basaliob":-1.734,"bolussnooze":0,"activity":-0.0016,"lastBolusTime":1703424821266,"time":"2023-12-24T15:58:45.087Z"}},{"iob":0.602,"basaliob":-0.234,"bolussnooze":0,"activity":0.0103,"lastBolusTime":1703424821266,"time":"2023-12-24T16:03:45.087Z","iobWithZeroTemp":{"iob":-0.893,"basaliob":-1.729,"bolussnooze":0,"activity":-0.0026,"lastBolusTime":1703424821266,"time":"2023-12-24T16:03:45.087Z"}},{"iob":0.553,"basaliob":-0.216,"bolussnooze":0,"activity":0.0094,"lastBolusTime":1703424821266,"time":"2023-12-24T16:08:45.087Z","iobWithZeroTemp":{"iob":-0.956,"basaliob":-1.725,"bolussnooze":0,"activity":-0.0037,"lastBolusTime":1703424821266,"time":"2023-12-24T16:08:45.087Z"}},{"iob":0.508,"basaliob":-0.199,"bolussnooze":0,"activity":0.0088,"lastBolusTime":1703424821266,"time":"2023-12-24T16:13:45.087Z","iobWithZeroTemp":{"iob":-1.013,"basaliob":-1.72,"bolussnooze":0,"activity":-0.0045,"lastBolusTime":1703424821266,"time":"2023-12-24T16:13:45.087Z"}},{"iob":0.465,"basaliob":-0.184,"bolussnooze":0,"activity":0.0081,"lastBolusTime":1703424821266,"time":"2023-12-24T16:18:45.087Z","iobWithZeroTemp":{"iob":-1.067,"basaliob":-1.716,"bolussnooze":0,"activity":-0.0054,"lastBolusTime":1703424821266,"time":"2023-12-24T16:18:45.087Z"}},{"iob":0.427,"basaliob":-0.169,"bolussnooze":0,"activity":0.0075,"lastBolusTime":1703424821266,"time":"2023-12-24T16:23:45.087Z","iobWithZeroTemp":{"iob":-1.115,"basaliob":-1.711,"bolussnooze":0,"activity":-0.0061,"lastBolusTime":1703424821266,"time":"2023-12-24T16:23:45.087Z"}},{"iob":0.39,"basaliob":-0.156,"bolussnooze":0,"activity":0.0069,"lastBolusTime":1703424821266,"time":"2023-12-24T16:28:45.087Z","iobWithZeroTemp":{"iob":-1.161,"basaliob":-1.707,"bolussnooze":0,"activity":-0.0069,"lastBolusTime":1703424821266,"time":"2023-12-24T16:28:45.087Z"}},{"iob":0.357,"basaliob":-0.143,"bolussnooze":0,"activity":0.0064,"lastBolusTime":1703424821266,"time":"2023-12-24T16:33:45.087Z","iobWithZeroTemp":{"iob":-1.203,"basaliob":-1.703,"bolussnooze":0,"activity":-0.0075,"lastBolusTime":1703424821266,"time":"2023-12-24T16:33:45.087Z"}},{"iob":0.326,"basaliob":-0.132,"bolussnooze":0,"activity":0.0059,"lastBolusTime":1703424821266,"time":"2023-12-24T16:38:45.087Z","iobWithZeroTemp":{"iob":-1.242,"basaliob":-1.7,"bolussnooze":0,"activity":-0.0082,"lastBolusTime":1703424821266,"time":"2023-12-24T16:38:45.087Z"}},{"iob":0.298,"basaliob":-0.121,"bolussnooze":0,"activity":0.0054,"lastBolusTime":1703424821266,"time":"2023-12-24T16:43:45.087Z","iobWithZeroTemp":{"iob":-1.277,"basaliob":-1.696,"bolussnooze":0,"activity":-0.0088,"lastBolusTime":1703424821266,"time":"2023-12-24T16:43:45.087Z"}},{"iob":0.272,"basaliob":-0.111,"bolussnooze":0,"activity":0.005,"lastBolusTime":1703424821266,"time":"2023-12-24T16:48:45.087Z","iobWithZeroTemp":{"iob":-1.31,"basaliob":-1.693,"bolussnooze":0,"activity":-0.0093,"lastBolusTime":1703424821266,"time":"2023-12-24T16:48:45.087Z"}},{"iob":0.248,"basaliob":-0.102,"bolussnooze":0,"activity":0.0046,"lastBolusTime":1703424821266,"time":"2023-12-24T16:53:45.087Z","iobWithZeroTemp":{"iob":-1.34,"basaliob":-1.69,"bolussnooze":0,"activity":-0.0098,"lastBolusTime":1703424821266,"time":"2023-12-24T16:53:45.087Z"}},{"iob":0.227,"basaliob":-0.093,"bolussnooze":0,"activity":0.0043,"lastBolusTime":1703424821266,"time":"2023-12-24T16:58:45.087Z","iobWithZeroTemp":{"iob":-1.366,"basaliob":-1.686,"bolussnooze":0,"activity":-0.0102,"lastBolusTime":1703424821266,"time":"2023-12-24T16:58:45.087Z"}},{"iob":0.207,"basaliob":-0.085,"bolussnooze":0,"activity":0.0039,"lastBolusTime":1703424821266,"time":"2023-12-24T17:03:45.087Z","iobWithZeroTemp":{"iob":-1.405,"basaliob":-1.697,"bolussnooze":0,"activity":-0.0107,"lastBolusTime":1703424821266,"time":"2023-12-24T17:03:45.087Z"}},{"iob":0.188,"basaliob":-0.078,"bolussnooze":0,"activity":0.0036,"lastBolusTime":1703424821266,"time":"2023-12-24T17:08:45.087Z","iobWithZeroTemp":{"iob":-1.442,"basaliob":-1.708,"bolussnooze":0,"activity":-0.0111,"lastBolusTime":1703424821266,"time":"2023-12-24T17:08:45.087Z"}},{"iob":0.171,"basaliob":-0.071,"bolussnooze":0,"activity":0.0033,"lastBolusTime":1703424821266,"time":"2023-12-24T17:13:45.087Z","iobWithZeroTemp":{"iob":-1.476,"basaliob":-1.718,"bolussnooze":0,"activity":-0.0116,"lastBolusTime":1703424821266,"time":"2023-12-24T17:13:45.087Z"}},{"iob":0.155,"basaliob":-0.065,"bolussnooze":0,"activity":0.003,"lastBolusTime":1703424821266,"time":"2023-12-24T17:18:45.087Z","iobWithZeroTemp":{"iob":-1.509,"basaliob":-1.729,"bolussnooze":0,"activity":-0.012,"lastBolusTime":1703424821266,"time":"2023-12-24T17:18:45.087Z"}},{"iob":0.14,"basaliob":-0.06,"bolussnooze":0,"activity":0.0027,"lastBolusTime":1703424821266,"time":"2023-12-24T17:23:45.087Z","iobWithZeroTemp":{"iob":-1.54,"basaliob":-1.74,"bolussnooze":0,"activity":-0.0124,"lastBolusTime":1703424821266,"time":"2023-12-24T17:23:45.087Z"}},{"iob":0.128,"basaliob":-0.054,"bolussnooze":0,"activity":0.0025,"lastBolusTime":1703424821266,"time":"2023-12-24T17:28:45.087Z","iobWithZeroTemp":{"iob":-1.568,"basaliob":-1.75,"bolussnooze":0,"activity":-0.0128,"lastBolusTime":1703424821266,"time":"2023-12-24T17:28:45.087Z"}}],"profile":{"max_iob":15,"type":"current","max_daily_basal":1.32,"max_basal":3.96,"min_bg":99,"max_bg":99,"target_bg":99,"carb_ratio":3.896103896103896,"sens":18.7012987012987,"max_daily_safety_multiplier":3,"current_basal_safety_multiplier":4,"high_temptarget_raises_sensitivity":false,"low_temptarget_lowers_sensitivity":false,"sensitivity_raises_target":true,"resistance_lowers_target":true,"adv_target_adjustments":false,"exercise_mode":false,"half_basal_exercise_target":160,"maxCOB":120,"skip_neutral_temps":false,"remainingCarbsCap":90,"enableUAM":true,"A52_risk_enable":false,"SMBInterval":3,"enableSMB_with_COB":true,"enableSMB_with_temptarget":true,"allowSMB_with_high_temptarget":false,"enableSMB_always":false,"enableSMB_after_carbs":true,"maxSMBBasalMinutes":80,"maxUAMSMBBasalMinutes":60,"bolus_increment":0.05,"carbsReqThreshold":10,"current_basal":1.1,"temptargetSet":false,"autosens_max":1.2,"out_units":"mmol\/L"},"autosens_data":{"ratio":1},"meal_data":{"carbs":87,"mealCOB":4.75,"slopeFromMaxDeviation":-1.5701111111111112,"slopeFromMinDeviation":0.49900000000000005,"lastBolusTime":1703424821266,"lastCarbTime":1703424808954},"microBolusAllowed":true,"currentTime":1703424826811,"flatBGsDetected":false},"output":{"temp":"absolute","bg":148,"tick":-2,"eventualBG":67,"targetBG":99,"insulinReq":0,"deliverAt":"2023-12-24T13:33:46.811Z","sensitivityRatio":1,"predBGs":{"IOB":[148,145,142,139,136,133,130,127,123,120,117,113,110,106,103,100,98,95,93,90,88,86,84,83,81,80,78,77,76,75,74,73,72,71,70,69,69,68,68,67,67,66,66,65,65,65,65,64],"ZT":[148,142,136,131,126,121,116,112,107,104,100,97,94,91,88,86,84,82,80,79,78,77,76,75,74,74,74,73,73,73,74,74,74,75,75,76,76,77,78,79,79,80,81,82,83,84,86,87],"COB":[148,145,142,139,136,133,130,128,125,122,119,116,112,109,106,103,101,98,96,93,91,89,87,86,84,83,81,80,79,78,77,76,75,74,73,72,72,71,71,70,70,69,69,68,68,68,68,67],"UAM":[148,144,138,133,127,122,118,113,109,105,101,97,93,90,87,84,81,79,76,74,72,70,68,66,65,63,62,61,59,58,57,56,55,55,54,53,53,52,51,51,50,50,50,49,49,49,48]},"COB":4.75,"IOB":5.422,"reason":"COB: 4.8, Dev: 1.1, BGI: -0.3, ISF: 1.0, CR: 3.9, Target: 5.5, minPredBG 3.7, minGuardBG 2.7, IOBpredBG 3.6, COBpredBG 3.7, UAMpredBG 2.7; minGuardBG 2.7<3.9","duration":120,"rate":0,"timestamp":"2023-12-24T13:33:46.882Z"}}