{"algorithm":"OpenAPSSMBPlugin","input":{"glucoseStatus":{"glucose":99,"noise":0,"delta":1,"short_avgdelta":0.61,"long_avgdelta":0.59,"date":1703386391000},"currenttemp":{"temp":"absolute","duration":35,"rate":0,"minutesrunning":25},"iob_data":[{"iob":0.157,"basaliob":-0.923,"bolussnooze":0,"activity":0.0023,"lastBolusTime":1703384655685,"time":"2023-12-24T02:53:40.189Z","iobWithZeroTemp":{"iob":0.157,"basaliob":-0.923,"bolussnooze":0,"activity":0.0023,"lastBolusTime":1703384655685,"time":"2023-12-24T02:53:40.189Z"}},{"iob":0.146,"basaliob":-0.881,"bolussnooze":0,"activity":0.0021,"lastBolusTime":1703384655685,"time":"2023-12-24T02:58:40.189Z","iobWithZeroTemp":{"iob":0.073,"basaliob":-0.954,"bolussnooze":0,"activity":0.0021,"lastBolusTime":1703384655685,"time":"2023-12-24T02:58:40.189Z"}},{"iob":0.136,"basaliob":-0.838,"bolussnooze":0,"activity":0.002,"lastBolusTime":1703384655685,"time":"2023-12-24T03:03:40.189Z","iobWithZeroTemp":{"iob":-0.036,"basaliob":-1.01,"bolussnooze":0,"activity":0.0018,"lastBolusTime":1703384655685,"time":"2023-12-24T03:03:40.189Z"}},{"iob":0.126,"basaliob":-0.796,"bolussnooze":0,"activity":0.0019,"lastBolusTime":1703384655685,"time":"2023-12-24T03:08:40.189Z","iobWithZeroTemp":{"iob":-0.144,"basaliob":-1.066,"bolussnooze":0,"activity":0.0014,"lastBolusTime":1703384655685,"time":"2023-12-24T03:08:40.189Z"}},{"iob":0.117,"basaliob":-0.755,"bolussnooze":0,"activity":0.0017,"lastBolusTime":1703384655685,"time":"2023-12-24T03:13:40.189Z","iobWithZeroTemp":{"iob":-0.249,"basaliob":-1.121,"bolussnooze":0,"activity":8.0E-4,"lastBolusTime":1703384655685,"time":"2023-12-24T03:13:40.189Z"}},{"iob":0.108,"basaliob":-0.715,"bolussnooze":0,"activity":0.0016,"lastBolusTime":1703384655685,"time":"2023-12-24T03:18:40.189Z","iobWithZeroTemp":{"iob":-0.352,"basaliob":-1.175,"bolussnooze":0,"activity":2.0E-4,"lastBolusTime":1703384655685,"time":"2023-12-24T03:18:40.189Z"}},{"iob":0.1,"basaliob":-0.676,"bolussnooze":0,"activity":0.0016,"lastBolusTime":1703384655685,"time":"2023-12-24T03:23:40.189Z","iobWithZeroTemp":{"iob":-0.452,"basaliob":-1.228,"bolussnooze":0,"activity":-4.0E-4,"lastBolusTime":1703384655685,"time":"2023-12-24T03:23:40.189Z"}},{"iob":0.092,"basaliob":-0.638,"bolussnooze":0,"activity":0.0014,"lastBolusTime":1703384655685,"time":"2023-12-24T03:28:40.189Z","iobWithZeroTemp":{"iob":-0.548,"basaliob":-1.278,"bolussnooze":0,"activity":-0.0012,"lastBolusTime":1703384655685,"time":"2023-12-24T03:28:40.189Z"}},{"iob":0.085,"basaliob":-0.601,"bolussnooze":0,"activity":0.0014,"lastBolusTime":1703384655685,"time":"2023-12-24T03:33:40.189Z","iobWithZeroTemp":{"iob":-0.641,"basaliob":-1.327,"bolussnooze":0,"activity":-0.0018,"lastBolusTime":1703384655685,"time":"2023-12-24T03:33:40.189Z"}},{"iob":0.079,"basaliob":-0.565,"bolussnooze":0,"activity":0.0013,"lastBolusTime":1703384655685,"time":"2023-12-24T03:38:40.189Z","iobWithZeroTemp":{"iob":-0.729,"basaliob":-1.373,"bolussnooze":0,"activity":-0.0026,"lastBolusTime":1703384655685,"time":"2023-12-24T03:38:40.189Z"}},{"iob":0.073,"basaliob":-0.531,"bolussnooze":0,"activity":0.0011,"lastBolusTime":1703384655685,"time":"2023-12-24T03:43:40.189Z","iobWithZeroTemp":{"iob":-0.814,"basaliob":-1.418,"bolussnooze":0,"activity":-0.0034,"lastBolusTime":1703384655685,"time":"2023-12-24T03:43:40.189Z"}},{"iob":0.067,"basaliob":-0.499,"bolussnooze":0,"activity":0.0011,"lastBolusTime":1703384655685,"time":"2023-12-24T03:48:40.189Z","iobWithZeroTemp":{"iob":-0.896,"basaliob":-1.462,"bolussnooze":0,"activity":-0.0041,"lastBolusTime":1703384655685,"time":"2023-12-24T03:48:40.189Z"}},{"iob":0.061,"basaliob":-0.468,"bolussnooze":0,"activity":0.001,"lastBolusTime":1703384655685,"time":"2023-12-24T03:53:40.189Z","iobWithZeroTemp":{"iob":-0.974,"basaliob":-1.503,"bolussnooze":0,"activity":-0.0049,"lastBolusTime":1703384655685,"time":"2023-12-24T03:53:40.189Z"}},{"iob":0.057,"basaliob":-0.438,"bolussnooze":0,"activity":9.0E-4,"lastBolusTime":1703384655685,"time":"2023-12-24T03:58:40.189Z","iobWithZeroTemp":{"iob":-1.047,"basaliob":-1.542,"bolussnooze":0,"activity":-0.0057,"lastBolusTime":1703384655685,"time":"2023-12-24T03:58:40.189Z"}},{"iob":0.052,"basaliob":-0.41,"bolussnooze":0,"activity":9.0E-4,"lastBolusTime":1703384655685,"time":"2023-12-24T04:03:40.189Z","iobWithZeroTemp":{"iob":-1.115,"basaliob":-1.577,"bolussnooze":0,"activity":-0.0064,"lastBolusTime":1703384655685,"time":"2023-12-24T04:03:40.189Z"}},{"iob":0.048,"basaliob":-0.383,"bolussnooze":0,"activity":8.0E-4,"lastBolusTime":1703384655685,"time":"2023-12-24T04:08:40.189Z","iobWithZeroTemp":{"iob":-1.178,"basaliob":-1.609,"bolussnooze":0,"activity":-0.0071,"lastBolusTime":1703384655685,"time":"2023-12-24T04:08:40.189Z"}},{"iob":0.044,"basaliob":-0.358,"bolussnooze":0,"activity":8.0E-4,"lastBolusTime":1703384655685,"time":"2023-12-24T04:13:40.189Z","iobWithZeroTemp":{"iob":-1.238,"basaliob":-1.64,"bolussnooze":0,"activity":-0.0078,"lastBolusTime":1703384655685,"time":"2023-12-24T04:13:40.189Z"}},{"iob":0.04,"basaliob":-0.334,"bolussnooze":0,"activity":7.0E-4,"lastBolusTime":1703384655685,"time":"2023-12-24T04:18:40.189Z","iobWithZeroTemp":{"iob":-1.296,"basaliob":-1.67,"bolussnooze":0,"activity":-0.0085,"lastBolusTime":1703384655685,"time":"2023-12-24T04:18:40.189Z"}},{"iob":0.037,"basaliob":-0.311,"bolussnooze":0,"activity":6.0E-4,"lastBolusTime":1703384655685,"time":"2023-12-24T04:23:40.189Z","iobWithZeroTemp":{"iob":-1.349,"basaliob":-1.697,"bolussnooze":0,"activity":-0.0092,"lastBolusTime":1703384655685,"time":"2023-12-24T04:23:40.189Z"}},{"iob":0.035,"basaliob":-0.289,"bolussnooze":0,"activity":5.0E-4,"lastBolusTime":1703384655685,"time":"2023-12-24T04:28:40.189Z","iobWithZeroTemp":{"iob":-1.398,"basaliob":-1.722,"bolussnooze":0,"activity":-0.0099,"lastBolusTime":1703384655685,"time":"2023-12-24T04:28:40.189Z"}},{"iob":0.032,"basaliob":-0.269,"bolussnooze":0,"activity":6.0E-4,"lastBolusTime":1703384655685,"time":"2023-12-24T04:33:40.189Z","iobWithZeroTemp":{"iob":-1.445,"basaliob":-1.746,"bolussnooze":0,"activity":-0.0103,"lastBolusTime":1703384655685,"time":"2023-12-24T04:33:40.189Z"}},{"iob":0.029,"basaliob":-0.25,"bolussnooze":0,"activity":5.0E-4,"lastBolusTime":1703384655685,"time":"2023-12-24T04:38:40.189Z","iobWithZeroTemp":{"iob":-1.49,"basaliob":-1.769,"bolussnooze":0,"activity":-0.0109,"lastBolusTime":1703384655685,"time":"2023-12-24T04:38:40.189Z"}},{"iob":0.027,"basaliob":-0.232,"bolussnooze":0,"activity":4.0E-4,"lastBolusTime":1703384655685,"time":"2023-12-24T04:43:40.189Z","iobWithZeroTemp":{"iob":-1.531,"basaliob":-1.79,"bolussnooze":0,"activity":-0.0115,"lastBolusTime":1703384655685,"time":"2023-12-24T04:43:40.189Z"}},{"iob":0.024,"basaliob":-0.216,"bolussnooze":0,"activity":5.0E-4,"lastBolusTime":1703384655685,"time":"2023-12-24T04:48:40.189Z","iobWithZeroTemp":{"iob":-1.571,"basaliob":-1.811,"bolussnooze":0,"activity":-0.0119,"lastBolusTime":1703384655685,"time":"2023-12-24T04:48:40.189Z"}},{"iob":0.022,"basaliob":-0.2,"bolussnooze":0,"activity":4.0E-4,"lastBolusTime":1703384655685,"time":"2023-12-24T04:53:40.189Z","iobWithZeroTemp":{"iob":-1.607,"basaliob":-1.829,"bolussnooze":0,"activity":-0.0125,"lastBolusTime":1703384655685,"time":"2023-12-24T04:53:40.189Z"}},{"iob":0.021,"basaliob":-0.185,"bolussnooze":0,"activity":4.0E-4,"lastBolusTime":1703384655685,"time":"2023-12-24T04:58:40.189Z","iobWithZeroTemp":{"iob":-1.64,"basaliob":-1.846,"bolussnooze":0,"activity":-0.0129,"lastBolusTime":1703384655685,"time":"2023-12-24T04:58:40.189Z"}},{"iob":0.018,"basaliob":-0.172,"bolussnooze":0,"activity":3.0E-4,"lastBolusTime":1703384655685,"time":"2023-12-24T05:03:40.189Z","iobWithZeroTemp":{"iob":-1.668,"basaliob":-1.858,"bolussnooze":0,"activity":-0.0134,"lastBolusTime":1703384655685,"time":"2023-12-24T05:03:40.189Z"}},{"iob":0.017,"basaliob":-0.159,"bolussnooze":0,"activity":3.0E-4,"lastBolusTime":1703384655685,"time":"2023-12-24T05:08:40.189Z","iobWithZeroTemp":{"iob":-1.691,"basaliob":-1.867,"bolussnooze":0,"activity":-0.0138,"lastBolusTime":1703384655685,"time":"2023-12-24T05:08:40.189Z"}},{"iob":0.015,"basaliob":-0.147,"bolussnooze":0,"activity":3.0E-4,"lastBolusTime":1703384655685,"time":"2023-12-24T05:13:40.189Z","iobWithZeroTemp":{"iob":-1.714,"basaliob":-1.876,"bolussnooze":0,"activity":-0.0141,"lastBolusTime":1703384655685,"time":"2023-12-24T05:13:40.189Z"}},{"iob":0.014,"basaliob":-0.136,"bolussnooze":0,"activity":2.0E-4,"lastBolusTime":1703384655685,"time":"2023-12-24T05:18:40.189Z","iobWithZeroTemp":{"iob":-1.734,"basaliob":-1.884,"bolussnooze":0,"activity":-0.0146,"lastBolusTime":1703384655685,"time":"2023-12-24T05:18:40.189Z"}},{"iob":0.013,"basaliob":-0.125,"bolussnooze":0,"activity":2.0E-4,"lastBolusTime":1703384655685,"time":"2023-12-24T05:23:40.189Z","iobWithZeroTemp":{"iob":-1.752,"basaliob":-1.89,"bolussnooze":0,"activity":-0.0149,"lastBolusTime":1703384655685,"time":"2023-12-24T05:23:40.189Z"}},{"iob":0.011,"basaliob":-0.116,"bolussnooze":0,"activity":2.0E-4,"lastBolusTime":1703384655685,"time":"2023-12-24T05:28:40.189Z","iobWithZeroTemp":{"iob":-1.77,"basaliob":-1.897,"bolussnooze":0,"activity":-0.0151,"lastBolusTime":1703384655685,"time":"2023-12-24T05:28:40.189Z"}},{"iob":0.01,"basaliob":-0.107,"bolussnooze":0,"activity":2.0E-4,"lastBolusTime":1703384655685,"time":"2023-12-24T05:33:40.189Z","iobWithZeroTemp":{"iob":-1.786,"basaliob":-1.903,"bolussnooze":0,"activity":-0.0154,"lastBolusTime":1703384655685,"time":"2023-12-24T05:33:40.189Z"}},{"iob":0.01,"basaliob":-0.098,"bolussnooze":0,"activity":2.0E-4,"lastBolusTime":1703384655685,"time":"2023-12-24T05:38:40.189Z","iobWithZeroTemp":{"iob":-1.799,"basaliob":-1.907,"bolussnooze":0,"activity":-0.0156,"lastBolusTime":1703384655685,"time":"2023-12-24T05:38:40.189Z"}},{"iob":0.009,"basaliob":-0.09,"bolussnooze":0,"activity":2.0E-4,"lastBolusTime":1703384655685,"time":"2023-12-24T05:43:40.189Z","iobWithZeroTemp":{"iob":-1.812,"basaliob":-1.911,"bolussnooze":0,"activity":-0.0158,"lastBolusTime":1703384655685,"time":"2023-12-24T05:43:40.189Z"}},{"iob":0.008,"basaliob":-0.083,"bolussnooze":0,"activity":1.0E-4,"lastBolusTime":1703384655685,"time":"2023-12-24T05:48:40.189Z","iobWithZeroTemp":{"iob":-1.825,"basaliob":-1.916,"bolussnooze":0,"activity":-0.0161,"lastBolusTime":1703384655685,"time":"2023-12-24T05:48:40.189Z"}},{"iob":0.008,"basaliob":-0.076,"bolussnooze":0,"activity":1.0E-4,"lastBolusTime":1703384655685,"time":"2023-12-24T05:53:40.189Z","iobWithZeroTemp":{"iob":-1.835,"basaliob":-1.919,"bolussnooze":0,"activity":-0.0163,"lastBolusTime":1703384655685,"time":"2023-12-24T05:53:40.189Z"}},{"iob":0.007,"basaliob":-0.07,"bolussnooze":0,"activity":1.0E-4,"lastBolusTime":1703384655685,"time":"2023-12-24T05:58:40.189Z","iobWithZeroTemp":{"iob":-1.845,"basaliob":-1.922,"bolussnooze":0,"activity":-0.0165,"lastBolusTime":1703384655685,"time":"2023-12-24T05:58:40.189Z"}},{"iob":0.007,"basaliob":-0.064,"bolussnooze":0,"activity":1.0E-4,"lastBolusTime":1703384655685,"time":"2023-12-24T06:03:40.189Z","iobWithZeroTemp":{"iob":-1.845,"basaliob":-1.916,"bolussnooze":0,"activity":-0.0166,"lastBolusTime":1703384655685,"time":"2023-12-24T06:03:40.189Z"}},{"iob":0.006,"basaliob":-0.059,"bolussnooze":0,"activity":1.0E-4,"lastBolusTime":1703384655685,"time":"2023-12-24T06:08:40.189Z","iobWithZeroTemp":{"iob":-1.846,"basaliob":-1.911,"bolussnooze":0,"activity":-0.0168,"lastBolusTime":1703384655685,"time":"2023-12-24T06:08:40.189Z"}},{"iob":0.005,"basaliob":-0.054,"bolussnooze":0,"activity":1.0E-4,"lastBolusTime":1703384655685,"time":"2023-12-24T06:13:40.189Z","iobWithZeroTemp":{"iob":-1.845,"basaliob":-1.904,"bolussnooze":0,"activity":-0.0169,"lastBolusTime":1703384655685,"time":"2023-12-24T06:13:40.189Z"}},{"iob":0.004,"basaliob":-0.05,"bolussnooze":0,"activity":1.0E-4,"lastBolusTime":1703384655685,"time":"2023-12-24T06:18:40.189Z","iobWithZeroTemp":{"iob":-1.845,"basaliob":-1.899,"bolussnooze":0,"activity":-0.0169,"lastBolusTime":1703384655685,"time":"2023-12-24T06:18:40.189Z"}},{"iob":0.005,"basaliob":-0.045,"bolussnooze":0,"activity":1.0E-4,"lastBolusTime":1703384655685,"time":"2023-12-24T06:23:40.189Z","iobWithZeroTemp":{"iob":-1.841,"basaliob":-1.891,"bolussnooze":0,"activity":-0.017,"lastBolusTime":1703384655685,"time":"2023-12-24T06:23:40.189Z"}},{"iob":0.004,"basaliob":-0.042,"bolussnooze":0,"activity":1.0E-4,"lastBolusTime":1703384655685,"time":"2023-12-24T06:28:40.189Z","iobWithZeroTemp":{"iob":-1.84,"basaliob":-1.886,"bolussnooze":0,"activity":-0.0171,"lastBolusTime":1703384655685,"time":"2023-12-24T06:28:40.189Z"}},{"iob":0.004,"basaliob":-0.038,"bolussnooze":0,"activity":1.0E-4,"lastBolusTime":1703384655685,"time":"2023-12-24T06:33:40.189Z","iobWithZeroTemp":{"iob":-1.837,"basaliob":-1.879,"bolussnooze":0,"activity":-0.0171,"lastBolusTime":1703384655685,"time":"2023-12-24T06:33:40.189Z"}},{"iob":0.003,"basaliob":-0.035,"bolussnooze":0,"activity":1.0E-4,"lastBolusTime":1703384655685,"time":"2023-12-24T06:38:40.189Z","iobWithZeroTemp":{"iob":-1.835,"basaliob":-1.873,"bolussnooze":0,"activity":-0.0171,"lastBolusTime":1703384655685,"time":"2023-12-24T06:38:40.189Z"}},{"iob":0.003,"basaliob":-0.032,"bolussnooze":0,"activity":0,"lastBolusTime":1703384655685,"time":"2023-12-24T06:43:40.189Z","iobWithZeroTemp":{"iob":-1.832,"basaliob":-1.867,"bolussnooze":0,"activity":-0.0173,"lastBolusTime":1703384655685,"time":"2023-12-24T06:43:40.189Z"}},{"iob":0.003,"basaliob":-0.029,"bolussnooze":0,"activity":1.0E-4,"lastBolusTime":1703384655685,"time":"2023-12-24T06:48:40.189Z","iobWithZeroTemp":{"iob":-1.829,"basaliob":-1.861,"bolussnooze":0,"activity":-0.0172,"lastBolusTime":1703384655685,"time":"2023-12-24T06:48:40.189Z"}}],"profile":{"max_iob":15,"type":"current","max_daily_basal":1.2,"max_basal":3.59,"min_bg":99,"max_bg":99,"target_bg":99,"carb_ratio":5.7142857142857135,"sens":30.857142857142854,"max_daily_safety_multiplier":3,"current_basal_safety_multiplier":4,"high_temptarget_raises_sensitivity":false,"low_temptarget_lowers_sensitivity":false,"sensitivity_raises_target":true,"resistance_lowers_target":true,"adv_target_adjustments":false,"exercise_mode":false,"half_basal_exercise_target":160,"maxCOB":120,"skip_neutral_temps":false,"remainingCarbsCap":90,"enableUAM":true,"A52_risk_enable":false,"SMBInterval":3,"enableSMB_with_COB":true,"enableSMB_with_temptarget":true,"allowSMB_with_high_temptarget":false,"enableSMB_always":false,"enableSMB_after_carbs":true,"maxSMBBasalMinutes":80,"maxUAMSMBBasalMinutes":60,"bolus_increment":0.05,"carbsReqThreshold":10,"current_basal":1.1,"temptargetSet":false,"autosens_max":1.2,"out_units":"mmol\/L"},"autosens_data":{"ratio":1},"meal_data":{"carbs":0,"mealCOB":0,"slopeFromMaxDeviation":-0.381125,"slopeFromMinDeviation":0.0019999999999999966,"lastBolusTime":1703384655685,"lastCarbTime":0},"microBolusAllowed":true,"currentTime":1703386422877,"flatBGsDetected":false},"output":{"temp":"absolute","bg":99,"tick":"+1","eventualBG":100,"targetBG":99,"insulinReq":0,"deliverAt":"2023-12-24T02:53:42.877Z","sensitivityRatio":1,"predBGs":{"IOB":[99,100,100,101,101,101,101,102,102,102,102,102,101,101,101,101,101,101,101,101,101,100],"ZT":[99,99,98,98,98,98,98,98,98,98,99,99,100,101,101],"UAM":[99,99,99,99,99,98,98,98,98,97,97,97,97,97,97,96,96,96,96,96,96,96,96,96,96,96,95]},"COB":0,"IOB":0.157,"reason":"COB: 0, Dev: 0.3, BGI: 0.0, ISF: 1.7, CR: 5.71, Target: 5.5, minPredBG 5.4, minGuardBG 5.3, IOBpredBG 5.6, UAMpredBG 5.3; 5.6-5.4 in range: no temp required; setting current basal of 1.1 as temp. . Setting neutral temp basal of 1.1U\/hr","duration":30,"rate":1.1,"timestamp":"2023-12-24T02:53:43.014Z"}}