{"algorithm":"OpenAPSSMBPlugin","input":{"glucoseStatus":{"glucose":91,"noise":0,"delta":0,"short_avgdelta":-0.39,"long_avgdelta":-0.74,"date":1703404991000},"currenttemp":{"temp":"absolute","duration":50,"rate":0,"minutesrunning":10},"iob_data":[{"iob":-0.41,"basaliob":-0.417,"bolussnooze":0,"activity":-0.002,"lastBolusTime":1703384655685,"time":"2023-12-24T08:03:40.966Z","iobWithZeroTemp":{"iob":-0.41,"basaliob":-0.417,"bolussnooze":0,"activity":-0.002,"lastBolusTime":1703384655685,"time":"2023-12-24T08:03:40.966Z"}},{"iob":-0.398,"basaliob":-0.405,"bolussnooze":0,"activity":-0.0024,"lastBolusTime":1703384655685,"time":"2023-12-24T08:08:40.966Z","iobWithZeroTemp":{"iob":-0.457,"basaliob":-0.464,"bolussnooze":0,"activity":-0.0024,"lastBolusTime":1703384655685,"time":"2023-12-24T08:08:40.966Z"}},{"iob":-0.386,"basaliob":-0.392,"bolussnooze":0,"activity":-0.0026,"lastBolusTime":1703384655685,"time":"2023-12-24T08:13:40.966Z","iobWithZeroTemp":{"iob":-0.519,"basaliob":-0.525,"bolussnooze":0,"activity":-0.0028,"lastBolusTime":1703384655685,"time":"2023-12-24T08:13:40.966Z"}},{"iob":-0.373,"basaliob":-0.378,"bolussnooze":0,"activity":-0.0027,"lastBolusTime":1703384655685,"time":"2023-12-24T08:18:40.966Z","iobWithZeroTemp":{"iob":-0.579,"basaliob":-0.584,"bolussnooze":0,"activity":-0.0031,"lastBolusTime":1703384655685,"time":"2023-12-24T08:18:40.966Z"}},{"iob":-0.358,"basaliob":-0.363,"bolussnooze":0,"activity":-0.0029,"lastBolusTime":1703384655685,"time":"2023-12-24T08:23:40.966Z","iobWithZeroTemp":{"iob":-0.635,"basaliob":-0.64,"bolussnooze":0,"activity":-0.0036,"lastBolusTime":1703384655685,"time":"2023-12-24T08:23:40.966Z"}},{"iob":-0.344,"basaliob":-0.348,"bolussnooze":0,"activity":-0.0029,"lastBolusTime":1703384655685,"time":"2023-12-24T08:28:40.966Z","iobWithZeroTemp":{"iob":-0.691,"basaliob":-0.695,"bolussnooze":0,"activity":-0.004,"lastBolusTime":1703384655685,"time":"2023-12-24T08:28:40.966Z"}},{"iob":-0.329,"basaliob":-0.333,"bolussnooze":0,"activity":-0.003,"lastBolusTime":1703384655685,"time":"2023-12-24T08:33:40.966Z","iobWithZeroTemp":{"iob":-0.744,"basaliob":-0.748,"bolussnooze":0,"activity":-0.0045,"lastBolusTime":1703384655685,"time":"2023-12-24T08:33:40.966Z"}},{"iob":-0.315,"basaliob":-0.318,"bolussnooze":0,"activity":-0.003,"lastBolusTime":1703384655685,"time":"2023-12-24T08:38:40.966Z","iobWithZeroTemp":{"iob":-0.796,"basaliob":-0.799,"bolussnooze":0,"activity":-0.0049,"lastBolusTime":1703384655685,"time":"2023-12-24T08:38:40.966Z"}},{"iob":-0.3,"basaliob":-0.303,"bolussnooze":0,"activity":-0.0029,"lastBolusTime":1703384655685,"time":"2023-12-24T08:43:40.966Z","iobWithZeroTemp":{"iob":-0.844,"basaliob":-0.847,"bolussnooze":0,"activity":-0.0053,"lastBolusTime":1703384655685,"time":"2023-12-24T08:43:40.966Z"}},{"iob":-0.285,"basaliob":-0.288,"bolussnooze":0,"activity":-0.0029,"lastBolusTime":1703384655685,"time":"2023-12-24T08:48:40.966Z","iobWithZeroTemp":{"iob":-0.89,"basaliob":-0.893,"bolussnooze":0,"activity":-0.0058,"lastBolusTime":1703384655685,"time":"2023-12-24T08:48:40.966Z"}},{"iob":-0.271,"basaliob":-0.273,"bolussnooze":0,"activity":-0.0028,"lastBolusTime":1703384655685,"time":"2023-12-24T08:53:40.966Z","iobWithZeroTemp":{"iob":-0.934,"basaliob":-0.936,"bolussnooze":0,"activity":-0.0062,"lastBolusTime":1703384655685,"time":"2023-12-24T08:53:40.966Z"}},{"iob":-0.256,"basaliob":-0.258,"bolussnooze":0,"activity":-0.0028,"lastBolusTime":1703384655685,"time":"2023-12-24T08:58:40.966Z","iobWithZeroTemp":{"iob":-0.975,"basaliob":-0.977,"bolussnooze":0,"activity":-0.0067,"lastBolusTime":1703384655685,"time":"2023-12-24T08:58:40.966Z"}},{"iob":-0.242,"basaliob":-0.244,"bolussnooze":0,"activity":-0.0028,"lastBolusTime":1703384655685,"time":"2023-12-24T09:03:40.966Z","iobWithZeroTemp":{"iob":-1.011,"basaliob":-1.013,"bolussnooze":0,"activity":-0.0072,"lastBolusTime":1703384655685,"time":"2023-12-24T09:03:40.966Z"}},{"iob":-0.228,"basaliob":-0.23,"bolussnooze":0,"activity":-0.0027,"lastBolusTime":1703384655685,"time":"2023-12-24T09:08:40.966Z","iobWithZeroTemp":{"iob":-1.043,"basaliob":-1.045,"bolussnooze":0,"activity":-0.0076,"lastBolusTime":1703384655685,"time":"2023-12-24T09:08:40.966Z"}},{"iob":-0.216,"basaliob":-0.217,"bolussnooze":0,"activity":-0.0026,"lastBolusTime":1703384655685,"time":"2023-12-24T09:13:40.966Z","iobWithZeroTemp":{"iob":-1.076,"basaliob":-1.077,"bolussnooze":0,"activity":-0.008,"lastBolusTime":1703384655685,"time":"2023-12-24T09:13:40.966Z"}},{"iob":-0.203,"basaliob":-0.204,"bolussnooze":0,"activity":-0.0025,"lastBolusTime":1703384655685,"time":"2023-12-24T09:18:40.966Z","iobWithZeroTemp":{"iob":-1.105,"basaliob":-1.106,"bolussnooze":0,"activity":-0.0084,"lastBolusTime":1703384655685,"time":"2023-12-24T09:18:40.966Z"}},{"iob":-0.191,"basaliob":-0.192,"bolussnooze":0,"activity":-0.0024,"lastBolusTime":1703384655685,"time":"2023-12-24T09:23:40.966Z","iobWithZeroTemp":{"iob":-1.132,"basaliob":-1.133,"bolussnooze":0,"activity":-0.0087,"lastBolusTime":1703384655685,"time":"2023-12-24T09:23:40.966Z"}},{"iob":-0.179,"basaliob":-0.18,"bolussnooze":0,"activity":-0.0023,"lastBolusTime":1703384655685,"time":"2023-12-24T09:28:40.966Z","iobWithZeroTemp":{"iob":-1.158,"basaliob":-1.159,"bolussnooze":0,"activity":-0.0091,"lastBolusTime":1703384655685,"time":"2023-12-24T09:28:40.966Z"}},{"iob":-0.168,"basaliob":-0.169,"bolussnooze":0,"activity":-0.0022,"lastBolusTime":1703384655685,"time":"2023-12-24T09:33:40.966Z","iobWithZeroTemp":{"iob":-1.182,"basaliob":-1.183,"bolussnooze":0,"activity":-0.0094,"lastBolusTime":1703384655685,"time":"2023-12-24T09:33:40.966Z"}},{"iob":-0.157,"basaliob":-0.158,"bolussnooze":0,"activity":-0.0021,"lastBolusTime":1703384655685,"time":"2023-12-24T09:38:40.966Z","iobWithZeroTemp":{"iob":-1.204,"basaliob":-1.205,"bolussnooze":0,"activity":-0.0097,"lastBolusTime":1703384655685,"time":"2023-12-24T09:38:40.966Z"}},{"iob":-0.147,"basaliob":-0.148,"bolussnooze":0,"activity":-0.002,"lastBolusTime":1703384655685,"time":"2023-12-24T09:43:40.966Z","iobWithZeroTemp":{"iob":-1.225,"basaliob":-1.226,"bolussnooze":0,"activity":-0.01,"lastBolusTime":1703384655685,"time":"2023-12-24T09:43:40.966Z"}},{"iob":-0.138,"basaliob":-0.139,"bolussnooze":0,"activity":-0.0019,"lastBolusTime":1703384655685,"time":"2023-12-24T09:48:40.966Z","iobWithZeroTemp":{"iob":-1.245,"basaliob":-1.246,"bolussnooze":0,"activity":-0.0103,"lastBolusTime":1703384655685,"time":"2023-12-24T09:48:40.966Z"}},{"iob":-0.13,"basaliob":-0.13,"bolussnooze":0,"activity":-0.0018,"lastBolusTime":1703384655685,"time":"2023-12-24T09:53:40.966Z","iobWithZeroTemp":{"iob":-1.264,"basaliob":-1.264,"bolussnooze":0,"activity":-0.0105,"lastBolusTime":1703384655685,"time":"2023-12-24T09:53:40.966Z"}},{"iob":-0.121,"basaliob":-0.121,"bolussnooze":0,"activity":-0.0017,"lastBolusTime":1703384655685,"time":"2023-12-24T09:58:40.966Z","iobWithZeroTemp":{"iob":-1.281,"basaliob":-1.281,"bolussnooze":0,"activity":-0.0108,"lastBolusTime":1703384655685,"time":"2023-12-24T09:58:40.966Z"}},{"iob":-0.113,"basaliob":-0.113,"bolussnooze":0,"activity":-0.0016,"lastBolusTime":1703384655685,"time":"2023-12-24T10:03:40.966Z","iobWithZeroTemp":{"iob":-1.297,"basaliob":-1.297,"bolussnooze":0,"activity":-0.011,"lastBolusTime":1703384655685,"time":"2023-12-24T10:03:40.966Z"}},{"iob":-0.105,"basaliob":-0.105,"bolussnooze":0,"activity":-0.0015,"lastBolusTime":1703384655685,"time":"2023-12-24T10:08:40.966Z","iobWithZeroTemp":{"iob":-1.311,"basaliob":-1.311,"bolussnooze":0,"activity":-0.0112,"lastBolusTime":1703384655685,"time":"2023-12-24T10:08:40.966Z"}},{"iob":-0.098,"basaliob":-0.098,"bolussnooze":0,"activity":-0.0014,"lastBolusTime":1703384655685,"time":"2023-12-24T10:13:40.966Z","iobWithZeroTemp":{"iob":-1.325,"basaliob":-1.325,"bolussnooze":0,"activity":-0.0114,"lastBolusTime":1703384655685,"time":"2023-12-24T10:13:40.966Z"}},{"iob":-0.091,"basaliob":-0.091,"bolussnooze":0,"activity":-0.0013,"lastBolusTime":1703384655685,"time":"2023-12-24T10:18:40.966Z","iobWithZeroTemp":{"iob":-1.338,"basaliob":-1.338,"bolussnooze":0,"activity":-0.0116,"lastBolusTime":1703384655685,"time":"2023-12-24T10:18:40.966Z"}},{"iob":-0.084,"basaliob":-0.084,"bolussnooze":0,"activity":-0.0012,"lastBolusTime":1703384655685,"time":"2023-12-24T10:23:40.966Z","iobWithZeroTemp":{"iob":-1.349,"basaliob":-1.349,"bolussnooze":0,"activity":-0.0117,"lastBolusTime":1703384655685,"time":"2023-12-24T10:23:40.966Z"}},{"iob":-0.078,"basaliob":-0.078,"bolussnooze":0,"activity":-0.0012,"lastBolusTime":1703384655685,"time":"2023-12-24T10:28:40.966Z","iobWithZeroTemp":{"iob":-1.36,"basaliob":-1.36,"bolussnooze":0,"activity":-0.012,"lastBolusTime":1703384655685,"time":"2023-12-24T10:28:40.966Z"}},{"iob":-0.073,"basaliob":-0.073,"bolussnooze":0,"activity":-0.0011,"lastBolusTime":1703384655685,"time":"2023-12-24T10:33:40.966Z","iobWithZeroTemp":{"iob":-1.37,"basaliob":-1.37,"bolussnooze":0,"activity":-0.0121,"lastBolusTime":1703384655685,"time":"2023-12-24T10:33:40.966Z"}},{"iob":-0.067,"basaliob":-0.067,"bolussnooze":0,"activity":-0.001,"lastBolusTime":1703384655685,"time":"2023-12-24T10:38:40.966Z","iobWithZeroTemp":{"iob":-1.379,"basaliob":-1.379,"bolussnooze":0,"activity":-0.0122,"lastBolusTime":1703384655685,"time":"2023-12-24T10:38:40.966Z"}},{"iob":-0.062,"basaliob":-0.062,"bolussnooze":0,"activity":-0.001,"lastBolusTime":1703384655685,"time":"2023-12-24T10:43:40.966Z","iobWithZeroTemp":{"iob":-1.387,"basaliob":-1.387,"bolussnooze":0,"activity":-0.0124,"lastBolusTime":1703384655685,"time":"2023-12-24T10:43:40.966Z"}},{"iob":-0.058,"basaliob":-0.058,"bolussnooze":0,"activity":-9.0E-4,"lastBolusTime":1703384655685,"time":"2023-12-24T10:48:40.966Z","iobWithZeroTemp":{"iob":-1.396,"basaliob":-1.396,"bolussnooze":0,"activity":-0.0125,"lastBolusTime":1703384655685,"time":"2023-12-24T10:48:40.966Z"}},{"iob":-0.053,"basaliob":-0.053,"bolussnooze":0,"activity":-8.0E-4,"lastBolusTime":1703384655685,"time":"2023-12-24T10:53:40.966Z","iobWithZeroTemp":{"iob":-1.403,"basaliob":-1.403,"bolussnooze":0,"activity":-0.0126,"lastBolusTime":1703384655685,"time":"2023-12-24T10:53:40.966Z"}},{"iob":-0.049,"basaliob":-0.049,"bolussnooze":0,"activity":-8.0E-4,"lastBolusTime":1703384655685,"time":"2023-12-24T10:58:40.966Z","iobWithZeroTemp":{"iob":-1.41,"basaliob":-1.41,"bolussnooze":0,"activity":-0.0127,"lastBolusTime":1703384655685,"time":"2023-12-24T10:58:40.966Z"}},{"iob":-0.046,"basaliob":-0.046,"bolussnooze":0,"activity":-7.0E-4,"lastBolusTime":1703384655685,"time":"2023-12-24T11:03:40.966Z","iobWithZeroTemp":{"iob":-1.429,"basaliob":-1.429,"bolussnooze":0,"activity":-0.0128,"lastBolusTime":1703384655685,"time":"2023-12-24T11:03:40.966Z"}},{"iob":-0.042,"basaliob":-0.042,"bolussnooze":0,"activity":-7.0E-4,"lastBolusTime":1703384655685,"time":"2023-12-24T11:08:40.966Z","iobWithZeroTemp":{"iob":-1.446,"basaliob":-1.446,"bolussnooze":0,"activity":-0.013,"lastBolusTime":1703384655685,"time":"2023-12-24T11:08:40.966Z"}},{"iob":-0.039,"basaliob":-0.039,"bolussnooze":0,"activity":-6.0E-4,"lastBolusTime":1703384655685,"time":"2023-12-24T11:13:40.966Z","iobWithZeroTemp":{"iob":-1.463,"basaliob":-1.463,"bolussnooze":0,"activity":-0.0131,"lastBolusTime":1703384655685,"time":"2023-12-24T11:13:40.966Z"}},{"iob":-0.036,"basaliob":-0.036,"bolussnooze":0,"activity":-6.0E-4,"lastBolusTime":1703384655685,"time":"2023-12-24T11:18:40.966Z","iobWithZeroTemp":{"iob":-1.48,"basaliob":-1.48,"bolussnooze":0,"activity":-0.0132,"lastBolusTime":1703384655685,"time":"2023-12-24T11:18:40.966Z"}},{"iob":-0.033,"basaliob":-0.033,"bolussnooze":0,"activity":-5.0E-4,"lastBolusTime":1703384655685,"time":"2023-12-24T11:23:40.966Z","iobWithZeroTemp":{"iob":-1.496,"basaliob":-1.496,"bolussnooze":0,"activity":-0.0133,"lastBolusTime":1703384655685,"time":"2023-12-24T11:23:40.966Z"}},{"iob":-0.03,"basaliob":-0.03,"bolussnooze":0,"activity":-5.0E-4,"lastBolusTime":0,"time":"2023-12-24T11:28:40.966Z","iobWithZeroTemp":{"iob":-1.51,"basaliob":-1.51,"bolussnooze":0,"activity":-0.0135,"lastBolusTime":0,"time":"2023-12-24T11:28:40.966Z"}},{"iob":-0.028,"basaliob":-0.028,"bolussnooze":0,"activity":-5.0E-4,"lastBolusTime":0,"time":"2023-12-24T11:33:40.966Z","iobWithZeroTemp":{"iob":-1.525,"basaliob":-1.525,"bolussnooze":0,"activity":-0.0137,"lastBolusTime":0,"time":"2023-12-24T11:33:40.966Z"}},{"iob":-0.026,"basaliob":-0.026,"bolussnooze":0,"activity":-4.0E-4,"lastBolusTime":0,"time":"2023-12-24T11:38:40.966Z","iobWithZeroTemp":{"iob":-1.539,"basaliob":-1.539,"bolussnooze":0,"activity":-0.0137,"lastBolusTime":0,"time":"2023-12-24T11:38:40.966Z"}},{"iob":-0.024,"basaliob":-0.024,"bolussnooze":0,"activity":-4.0E-4,"lastBolusTime":0,"time":"2023-12-24T11:43:40.966Z","iobWithZeroTemp":{"iob":-1.552,"basaliob":-1.552,"bolussnooze":0,"activity":-0.0139,"lastBolusTime":0,"time":"2023-12-24T11:43:40.966Z"}},{"iob":-0.022,"basaliob":-0.022,"bolussnooze":0,"activity":-4.0E-4,"lastBolusTime":0,"time":"2023-12-24T11:48:40.966Z","iobWithZeroTemp":{"iob":-1.565,"basaliob":-1.565,"bolussnooze":0,"activity":-0.0141,"lastBolusTime":0,"time":"2023-12-24T11:48:40.966Z"}},{"iob":-0.02,"basaliob":-0.02,"bolussnooze":0,"activity":-3.0E-4,"lastBolusTime":0,"time":"2023-12-24T11:53:40.966Z","iobWithZeroTemp":{"iob":-1.576,"basaliob":-1.576,"bolussnooze":0,"activity":-0.0141,"lastBolusTime":0,"time":"2023-12-24T11:53:40.966Z"}},{"iob":-0.018,"basaliob":-0.018,"bolussnooze":0,"activity":-3.0E-4,"lastBolusTime":0,"time":"2023-12-24T11:58:40.966Z","iobWithZeroTemp":{"iob":-1.587,"basaliob":-1.587,"bolussnooze":0,"activity":-0.0143,"lastBolusTime":0,"time":"2023-12-24T11:58:40.966Z"}}],"profile":{"max_iob":15,"type":"current","max_daily_basal":1.2,"max_basal":3.59,"min_bg":99,"max_bg":99,"target_bg":99,"carb_ratio":4.285714285714286,"sens":20.57142857142857,"max_daily_safety_multiplier":3,"current_basal_safety_multiplier":4,"high_temptarget_raises_sensitivity":false,"low_temptarget_lowers_sensitivity":false,"sensitivity_raises_target":true,"resistance_lowers_target":true,"adv_target_adjustments":false,"exercise_mode":false,"half_basal_exercise_target":160,"maxCOB":120,"skip_neutral_temps":false,"remainingCarbsCap":90,"enableUAM":true,"A52_risk_enable":false,"SMBInterval":3,"enableSMB_with_COB":true,"enableSMB_with_temptarget":true,"allowSMB_with_high_temptarget":false,"enableSMB_always":false,"enableSMB_after_carbs":true,"maxSMBBasalMinutes":80,"maxUAMSMBBasalMinutes":60,"bolus_increment":0.05,"carbsReqThreshold":10,"current_basal":0.9,"temptargetSet":false,"autosens_max":1.2,"out_units":"mmol\/L"},"autosens_data":{"ratio":0.99},"meal_data":{"carbs":0,"mealCOB":0,"slopeFromMaxDeviation":-0.1459090909090909,"slopeFromMinDeviation":0,"lastBolusTime":1703384655685,"lastCarbTime":0},"microBolusAllowed":true,"currentTime":1703405022732,"flatBGsDetected":false},"output":{"temp":"absolute","bg":91,"tick":"+0","eventualBG":93,"targetBG":99,"insulinReq":0,"deliverAt":"2023-12-24T08:03:42.732Z","sensitivityRatio":0.99,"predBGs":{"IOB":[91,91,90,90,90,90,90,90,90,90,91,91,91,91,92,92,92,92,93,93,93,93,94,94,94,94,94,94,95,95,95,95,95,95,95,95,95,95,95,96],"ZT":[91,91,91,92,92,92,93,93,94,94,95,96,96,97,98,99,100,100]},"COB":0,"IOB":-0.41,"reason":"COB: 0, Dev: -0.3, BGI: 0.0, ISF: 1.2, CR: 4.29, Target: 5.5, minPredBG 5.2, minGuardBG 5.0, IOBpredBG 5.3; Eventual BG 5.2 < 5.5 50m left and 0 ~ req 0U\/hr: no temp required","timestamp":"2023-12-24T08:03:42.842Z"}}