{"algorithm":"OpenAPSSMBPlugin","input":{"glucoseStatus":{"glucose":114,"noise":0,"delta":0,"short_avgdelta":0.78,"long_avgdelta":0.51,"date":1703478194000},"currenttemp":{"temp":"absolute","duration":25,"rate":2.27,"minutesrunning":5},"iob_data":[{"iob":0.56,"basaliob":-0.51,"bolussnooze":0,"activity":0.0046,"lastBolusTime":1703477634103,"time":"2023-12-25T04:23:44.006Z","iobWithZeroTemp":{"iob":0.56,"basaliob":-0.51,"bolussnooze":0,"activity":0.0046,"lastBolusTime":1703477634103,"time":"2023-12-25T04:23:44.006Z"}},{"iob":0.538,"basaliob":-0.478,"bolussnooze":0,"activity":0.0047,"lastBolusTime":1703477634103,"time":"2023-12-25T04:28:44.006Z","iobWithZeroTemp":{"iob":0.46,"basaliob":-0.556,"bolussnooze":0,"activity":0.0046,"lastBolusTime":1703477634103,"time":"2023-12-25T04:28:44.006Z"}},{"iob":0.514,"basaliob":-0.448,"bolussnooze":0,"activity":0.0048,"lastBolusTime":1703477634103,"time":"2023-12-25T04:33:44.006Z","iobWithZeroTemp":{"iob":0.339,"basaliob":-0.623,"bolussnooze":0,"activity":0.0046,"lastBolusTime":1703477634103,"time":"2023-12-25T04:33:44.006Z"}},{"iob":0.49,"basaliob":-0.42,"bolussnooze":0,"activity":0.0047,"lastBolusTime":1703477634103,"time":"2023-12-25T04:38:44.006Z","iobWithZeroTemp":{"iob":0.22,"basaliob":-0.69,"bolussnooze":0,"activity":0.0042,"lastBolusTime":1703477634103,"time":"2023-12-25T04:38:44.006Z"}},{"iob":0.466,"basaliob":-0.393,"bolussnooze":0,"activity":0.0047,"lastBolusTime":1703477634103,"time":"2023-12-25T04:43:44.006Z","iobWithZeroTemp":{"iob":0.102,"basaliob":-0.757,"bolussnooze":0,"activity":0.0037,"lastBolusTime":1703477634103,"time":"2023-12-25T04:43:44.006Z"}},{"iob":0.443,"basaliob":-0.367,"bolussnooze":0,"activity":0.0047,"lastBolusTime":1703477634103,"time":"2023-12-25T04:48:44.006Z","iobWithZeroTemp":{"iob":-0.013,"basaliob":-0.823,"bolussnooze":0,"activity":0.0033,"lastBolusTime":1703477634103,"time":"2023-12-25T04:48:44.006Z"}},{"iob":0.419,"basaliob":-0.343,"bolussnooze":0,"activity":0.0046,"lastBolusTime":1703477634103,"time":"2023-12-25T04:53:44.006Z","iobWithZeroTemp":{"iob":-0.126,"basaliob":-0.888,"bolussnooze":0,"activity":0.0026,"lastBolusTime":1703477634103,"time":"2023-12-25T04:53:44.006Z"}},{"iob":0.397,"basaliob":-0.32,"bolussnooze":0,"activity":0.0044,"lastBolusTime":1703477634103,"time":"2023-12-25T04:58:44.006Z","iobWithZeroTemp":{"iob":-0.234,"basaliob":-0.951,"bolussnooze":0,"activity":0.0018,"lastBolusTime":1703477634103,"time":"2023-12-25T04:58:44.006Z"}},{"iob":0.375,"basaliob":-0.298,"bolussnooze":0,"activity":0.0043,"lastBolusTime":1703477634103,"time":"2023-12-25T05:03:44.006Z","iobWithZeroTemp":{"iob":-0.334,"basaliob":-1.007,"bolussnooze":0,"activity":0.0011,"lastBolusTime":1703477634103,"time":"2023-12-25T05:03:44.006Z"}},{"iob":0.354,"basaliob":-0.277,"bolussnooze":0,"activity":0.0042,"lastBolusTime":1703477634103,"time":"2023-12-25T05:08:44.006Z","iobWithZeroTemp":{"iob":-0.429,"basaliob":-1.06,"bolussnooze":0,"activity":4.0E-4,"lastBolusTime":1703477634103,"time":"2023-12-25T05:08:44.006Z"}},{"iob":0.334,"basaliob":-0.258,"bolussnooze":0,"activity":0.0041,"lastBolusTime":1703477634103,"time":"2023-12-25T05:13:44.006Z","iobWithZeroTemp":{"iob":-0.521,"basaliob":-1.113,"bolussnooze":0,"activity":-4.0E-4,"lastBolusTime":1703477634103,"time":"2023-12-25T05:13:44.006Z"}},{"iob":0.314,"basaliob":-0.24,"bolussnooze":0,"activity":0.0039,"lastBolusTime":1703477634103,"time":"2023-12-25T05:18:44.006Z","iobWithZeroTemp":{"iob":-0.609,"basaliob":-1.163,"bolussnooze":0,"activity":-0.0012,"lastBolusTime":1703477634103,"time":"2023-12-25T05:18:44.006Z"}},{"iob":0.295,"basaliob":-0.223,"bolussnooze":0,"activity":0.0037,"lastBolusTime":1703477634103,"time":"2023-12-25T05:23:44.006Z","iobWithZeroTemp":{"iob":-0.693,"basaliob":-1.211,"bolussnooze":0,"activity":-0.002,"lastBolusTime":1703477634103,"time":"2023-12-25T05:23:44.006Z"}},{"iob":0.277,"basaliob":-0.207,"bolussnooze":0,"activity":0.0035,"lastBolusTime":1703477634103,"time":"2023-12-25T05:28:44.006Z","iobWithZeroTemp":{"iob":-0.772,"basaliob":-1.256,"bolussnooze":0,"activity":-0.0029,"lastBolusTime":1703477634103,"time":"2023-12-25T05:28:44.006Z"}},{"iob":0.259,"basaliob":-0.192,"bolussnooze":0,"activity":0.0034,"lastBolusTime":1703477634103,"time":"2023-12-25T05:33:44.006Z","iobWithZeroTemp":{"iob":-0.849,"basaliob":-1.3,"bolussnooze":0,"activity":-0.0036,"lastBolusTime":1703477634103,"time":"2023-12-25T05:33:44.006Z"}},{"iob":0.243,"basaliob":-0.178,"bolussnooze":0,"activity":0.0032,"lastBolusTime":1703477634103,"time":"2023-12-25T05:38:44.006Z","iobWithZeroTemp":{"iob":-0.92,"basaliob":-1.341,"bolussnooze":0,"activity":-0.0044,"lastBolusTime":1703477634103,"time":"2023-12-25T05:38:44.006Z"}},{"iob":0.227,"basaliob":-0.165,"bolussnooze":0,"activity":0.0031,"lastBolusTime":1703477634103,"time":"2023-12-25T05:43:44.006Z","iobWithZeroTemp":{"iob":-0.989,"basaliob":-1.381,"bolussnooze":0,"activity":-0.0051,"lastBolusTime":1703477634103,"time":"2023-12-25T05:43:44.006Z"}},{"iob":0.213,"basaliob":-0.152,"bolussnooze":0,"activity":0.0029,"lastBolusTime":1703477634103,"time":"2023-12-25T05:48:44.006Z","iobWithZeroTemp":{"iob":-1.052,"basaliob":-1.417,"bolussnooze":0,"activity":-0.0059,"lastBolusTime":1703477634103,"time":"2023-12-25T05:48:44.006Z"}},{"iob":0.198,"basaliob":-0.141,"bolussnooze":0,"activity":0.0028,"lastBolusTime":1703477634103,"time":"2023-12-25T05:53:44.006Z","iobWithZeroTemp":{"iob":-1.114,"basaliob":-1.453,"bolussnooze":0,"activity":-0.0065,"lastBolusTime":1703477634103,"time":"2023-12-25T05:53:44.006Z"}},{"iob":0.185,"basaliob":-0.13,"bolussnooze":0,"activity":0.0026,"lastBolusTime":1703477634103,"time":"2023-12-25T05:58:44.006Z","iobWithZeroTemp":{"iob":-1.171,"basaliob":-1.486,"bolussnooze":0,"activity":-0.0073,"lastBolusTime":1703477634103,"time":"2023-12-25T05:58:44.006Z"}},{"iob":0.173,"basaliob":-0.12,"bolussnooze":0,"activity":0.0025,"lastBolusTime":1703477634103,"time":"2023-12-25T06:03:44.006Z","iobWithZeroTemp":{"iob":-1.216,"basaliob":-1.509,"bolussnooze":0,"activity":-0.0079,"lastBolusTime":1703477634103,"time":"2023-12-25T06:03:44.006Z"}},{"iob":0.16,"basaliob":-0.111,"bolussnooze":0,"activity":0.0023,"lastBolusTime":1703477634103,"time":"2023-12-25T06:08:44.006Z","iobWithZeroTemp":{"iob":-1.259,"basaliob":-1.53,"bolussnooze":0,"activity":-0.0085,"lastBolusTime":1703477634103,"time":"2023-12-25T06:08:44.006Z"}},{"iob":0.15,"basaliob":-0.102,"bolussnooze":0,"activity":0.0021,"lastBolusTime":1703477634103,"time":"2023-12-25T06:13:44.006Z","iobWithZeroTemp":{"iob":-1.297,"basaliob":-1.549,"bolussnooze":0,"activity":-0.0092,"lastBolusTime":1703477634103,"time":"2023-12-25T06:13:44.006Z"}},{"iob":0.139,"basaliob":-0.094,"bolussnooze":0,"activity":0.0021,"lastBolusTime":1703477634103,"time":"2023-12-25T06:18:44.006Z","iobWithZeroTemp":{"iob":-1.334,"basaliob":-1.567,"bolussnooze":0,"activity":-0.0096,"lastBolusTime":1703477634103,"time":"2023-12-25T06:18:44.006Z"}},{"iob":0.129,"basaliob":-0.087,"bolussnooze":0,"activity":0.0019,"lastBolusTime":1703477634103,"time":"2023-12-25T06:23:44.006Z","iobWithZeroTemp":{"iob":-1.368,"basaliob":-1.584,"bolussnooze":0,"activity":-0.0102,"lastBolusTime":1703477634103,"time":"2023-12-25T06:23:44.006Z"}},{"iob":0.12,"basaliob":-0.08,"bolussnooze":0,"activity":0.0018,"lastBolusTime":1703477634103,"time":"2023-12-25T06:28:44.006Z","iobWithZeroTemp":{"iob":-1.399,"basaliob":-1.599,"bolussnooze":0,"activity":-0.0106,"lastBolusTime":1703477634103,"time":"2023-12-25T06:28:44.006Z"}},{"iob":0.11,"basaliob":-0.074,"bolussnooze":0,"activity":0.0017,"lastBolusTime":1703477634103,"time":"2023-12-25T06:33:44.006Z","iobWithZeroTemp":{"iob":-1.429,"basaliob":-1.613,"bolussnooze":0,"activity":-0.011,"lastBolusTime":1703477634103,"time":"2023-12-25T06:33:44.006Z"}},{"iob":0.102,"basaliob":-0.068,"bolussnooze":0,"activity":0.0016,"lastBolusTime":1703477634103,"time":"2023-12-25T06:38:44.006Z","iobWithZeroTemp":{"iob":-1.456,"basaliob":-1.626,"bolussnooze":0,"activity":-0.0114,"lastBolusTime":1703477634103,"time":"2023-12-25T06:38:44.006Z"}},{"iob":0.095,"basaliob":-0.062,"bolussnooze":0,"activity":0.0014,"lastBolusTime":1703477634103,"time":"2023-12-25T06:43:44.006Z","iobWithZeroTemp":{"iob":-1.48,"basaliob":-1.637,"bolussnooze":0,"activity":-0.0119,"lastBolusTime":1703477634103,"time":"2023-12-25T06:43:44.006Z"}},{"iob":0.088,"basaliob":-0.057,"bolussnooze":0,"activity":0.0014,"lastBolusTime":1703477634103,"time":"2023-12-25T06:48:44.006Z","iobWithZeroTemp":{"iob":-1.503,"basaliob":-1.648,"bolussnooze":0,"activity":-0.0122,"lastBolusTime":1703477634103,"time":"2023-12-25T06:48:44.006Z"}},{"iob":0.082,"basaliob":-0.052,"bolussnooze":0,"activity":0.0013,"lastBolusTime":1703477634103,"time":"2023-12-25T06:53:44.006Z","iobWithZeroTemp":{"iob":-1.523,"basaliob":-1.657,"bolussnooze":0,"activity":-0.0125,"lastBolusTime":1703477634103,"time":"2023-12-25T06:53:44.006Z"}},{"iob":0.075,"basaliob":-0.048,"bolussnooze":0,"activity":0.0012,"lastBolusTime":1703477634103,"time":"2023-12-25T06:58:44.006Z","iobWithZeroTemp":{"iob":-1.544,"basaliob":-1.667,"bolussnooze":0,"activity":-0.0129,"lastBolusTime":1703477634103,"time":"2023-12-25T06:58:44.006Z"}},{"iob":0.069,"basaliob":-0.044,"bolussnooze":0,"activity":0.0011,"lastBolusTime":1703477634103,"time":"2023-12-25T07:03:44.006Z","iobWithZeroTemp":{"iob":-1.558,"basaliob":-1.671,"bolussnooze":0,"activity":-0.0132,"lastBolusTime":1703477634103,"time":"2023-12-25T07:03:44.006Z"}},{"iob":0.064,"basaliob":-0.04,"bolussnooze":0,"activity":0.001,"lastBolusTime":1703477634103,"time":"2023-12-25T07:08:44.006Z","iobWithZeroTemp":{"iob":-1.57,"basaliob":-1.674,"bolussnooze":0,"activity":-0.0135,"lastBolusTime":1703477634103,"time":"2023-12-25T07:08:44.006Z"}},{"iob":0.059,"basaliob":-0.037,"bolussnooze":0,"activity":9.0E-4,"lastBolusTime":1703477634103,"time":"2023-12-25T07:13:44.006Z","iobWithZeroTemp":{"iob":-1.581,"basaliob":-1.677,"bolussnooze":0,"activity":-0.0137,"lastBolusTime":1703477634103,"time":"2023-12-25T07:13:44.006Z"}},{"iob":0.054,"basaliob":-0.034,"bolussnooze":0,"activity":9.0E-4,"lastBolusTime":1703477634103,"time":"2023-12-25T07:18:44.006Z","iobWithZeroTemp":{"iob":-1.591,"basaliob":-1.679,"bolussnooze":0,"activity":-0.0139,"lastBolusTime":1703477634103,"time":"2023-12-25T07:18:44.006Z"}},{"iob":0.05,"basaliob":-0.031,"bolussnooze":0,"activity":8.0E-4,"lastBolusTime":1703477634103,"time":"2023-12-25T07:23:44.006Z","iobWithZeroTemp":{"iob":-1.6,"basaliob":-1.681,"bolussnooze":0,"activity":-0.0141,"lastBolusTime":1703477634103,"time":"2023-12-25T07:23:44.006Z"}},{"iob":0.046,"basaliob":-0.028,"bolussnooze":0,"activity":8.0E-4,"lastBolusTime":1703477634103,"time":"2023-12-25T07:28:44.006Z","iobWithZeroTemp":{"iob":-1.608,"basaliob":-1.682,"bolussnooze":0,"activity":-0.0142,"lastBolusTime":1703477634103,"time":"2023-12-25T07:28:44.006Z"}},{"iob":0.043,"basaliob":-0.025,"bolussnooze":0,"activity":7.0E-4,"lastBolusTime":1703477634103,"time":"2023-12-25T07:33:44.006Z","iobWithZeroTemp":{"iob":-1.615,"basaliob":-1.683,"bolussnooze":0,"activity":-0.0144,"lastBolusTime":1703477634103,"time":"2023-12-25T07:33:44.006Z"}},{"iob":0.039,"basaliob":-0.023,"bolussnooze":0,"activity":7.0E-4,"lastBolusTime":1703477634103,"time":"2023-12-25T07:38:44.006Z","iobWithZeroTemp":{"iob":-1.622,"basaliob":-1.684,"bolussnooze":0,"activity":-0.0145,"lastBolusTime":1703477634103,"time":"2023-12-25T07:38:44.006Z"}},{"iob":0.036,"basaliob":-0.021,"bolussnooze":0,"activity":6.0E-4,"lastBolusTime":1703477634103,"time":"2023-12-25T07:43:44.006Z","iobWithZeroTemp":{"iob":-1.627,"basaliob":-1.684,"bolussnooze":0,"activity":-0.0147,"lastBolusTime":1703477634103,"time":"2023-12-25T07:43:44.006Z"}},{"iob":0.033,"basaliob":-0.019,"bolussnooze":0,"activity":5.0E-4,"lastBolusTime":1703477634103,"time":"2023-12-25T07:48:44.006Z","iobWithZeroTemp":{"iob":-1.633,"basaliob":-1.685,"bolussnooze":0,"activity":-0.0149,"lastBolusTime":1703477634103,"time":"2023-12-25T07:48:44.006Z"}},{"iob":0.031,"basaliob":-0.017,"bolussnooze":0,"activity":6.0E-4,"lastBolusTime":1703477634103,"time":"2023-12-25T07:53:44.006Z","iobWithZeroTemp":{"iob":-1.636,"basaliob":-1.684,"bolussnooze":0,"activity":-0.0148,"lastBolusTime":1703477634103,"time":"2023-12-25T07:53:44.006Z"}},{"iob":0.028,"basaliob":-0.016,"bolussnooze":0,"activity":5.0E-4,"lastBolusTime":1703477634103,"time":"2023-12-25T07:58:44.006Z","iobWithZeroTemp":{"iob":-1.641,"basaliob":-1.685,"bolussnooze":0,"activity":-0.015,"lastBolusTime":1703477634103,"time":"2023-12-25T07:58:44.006Z"}},{"iob":0.026,"basaliob":-0.014,"bolussnooze":0,"activity":4.0E-4,"lastBolusTime":1703477634103,"time":"2023-12-25T08:03:44.006Z","iobWithZeroTemp":{"iob":-1.641,"basaliob":-1.681,"bolussnooze":0,"activity":-0.0151,"lastBolusTime":1703477634103,"time":"2023-12-25T08:03:44.006Z"}},{"iob":0.023,"basaliob":-0.013,"bolussnooze":0,"activity":4.0E-4,"lastBolusTime":1703477634103,"time":"2023-12-25T08:08:44.006Z","iobWithZeroTemp":{"iob":-1.641,"basaliob":-1.677,"bolussnooze":0,"activity":-0.0152,"lastBolusTime":1703477634103,"time":"2023-12-25T08:08:44.006Z"}},{"iob":0.021,"basaliob":-0.012,"bolussnooze":0,"activity":4.0E-4,"lastBolusTime":1703477634103,"time":"2023-12-25T08:13:44.006Z","iobWithZeroTemp":{"iob":-1.64,"basaliob":-1.673,"bolussnooze":0,"activity":-0.0152,"lastBolusTime":1703477634103,"time":"2023-12-25T08:13:44.006Z"}},{"iob":0.019,"basaliob":-0.011,"bolussnooze":0,"activity":4.0E-4,"lastBolusTime":1703477634103,"time":"2023-12-25T08:18:44.006Z","iobWithZeroTemp":{"iob":-1.639,"basaliob":-1.669,"bolussnooze":0,"activity":-0.0152,"lastBolusTime":1703477634103,"time":"2023-12-25T08:18:44.006Z"}}],"profile":{"max_iob":15,"type":"current","max_daily_basal":1.2,"max_basal":3.59,"min_bg":99,"max_bg":99,"target_bg":99,"carb_ratio":4.285714285714286,"sens":30.857142857142854,"max_daily_safety_multiplier":3,"current_basal_safety_multiplier":4,"high_temptarget_raises_sensitivity":false,"low_temptarget_lowers_sensitivity":false,"sensitivity_raises_target":true,"resistance_lowers_target":true,"adv_target_adjustments":false,"exercise_mode":false,"half_basal_exercise_target":160,"maxCOB":120,"skip_neutral_temps":false,"remainingCarbsCap":90,"enableUAM":true,"A52_risk_enable":false,"SMBInterval":3,"enableSMB_with_COB":true,"enableSMB_with_temptarget":true,"allowSMB_with_high_temptarget":false,"enableSMB_always":false,"enableSMB_after_carbs":true,"maxSMBBasalMinutes":80,"maxUAMSMBBasalMinutes":60,"bolus_increment":0.05,"carbsReqThreshold":10,"current_basal":1.17,"temptargetSet":false,"autosens_max":1.2,"out_units":"mmol\/L"},"autosens_data":{"ratio":1},"meal_data":{"carbs":0,"mealCOB":0,"slopeFromMaxDeviation":-0.11629999999999999,"slopeFromMinDeviation":0.7623333333333333,"lastBolusTime":1703477634103,"lastCarbTime":0},"microBolusAllowed":true,"currentTime":1703478226305,"flatBGsDetected":false},"output":{"temp":"absolute","bg":114,"tick":"+0","eventualBG":101,"targetBG":99,"insulinReq":0.06,"deliverAt":"2023-12-25T04:23:46.305Z","sensitivityRatio":1,"predBGs":{"IOB":[114,114,114,114,113,113,113,112,112,111,111,110,110,109,108,108,107,107,106,106,106,105,105,105,104,104,104,103,103,103,103,103,102,102,102,102,102,102,102,101],"ZT":[114,113,113,112,111,111,110,110,109,109,109,109,109,110,110,111,111],"UAM":[114,114,113,112,112,111,110,110,109,108,108,107,106,106,105,105,104,104,103,103,102,102,102,101,101,101,100,100,100,100,100,99,99,99,99,99,99,98]},"COB":0,"IOB":0.56,"reason":"COB: 0, Dev: 0.2, BGI: 0.0, ISF: 1.7, CR: 4.29, Target: 5.5, minPredBG 5.8, minGuardBG 5.4, IOBpredBG 5.6, UAMpredBG 5.4; Eventual BG 5.6 >= 5.5, 25m@2.27 > 2 * insulinReq. Setting temp basal of 1.29U\/hr. ","duration":30,"rate":1.29,"timestamp":"2023-12-25T04:23:46.430Z"}}