{"algorithm":"OpenAPSSMBPlugin","input":{"glucoseStatus":{"glucose":93,"noise":0,"delta":1,"short_avgdelta":1,"long_avgdelta":0.52,"date":1703399891000},"currenttemp":{"temp":"absolute","duration":25,"rate":1.5975,"minutesrunning":5},"iob_data":[{"iob":-0.381,"basaliob":-0.419,"bolussnooze":0,"activity":-0.0033,"lastBolusTime":1703384655685,"time":"2023-12-24T06:38:43.217Z","iobWithZeroTemp":{"iob":-0.381,"basaliob":-0.419,"bolussnooze":0,"activity":-0.0033,"lastBolusTime":1703384655685,"time":"2023-12-24T06:38:43.217Z"}},{"iob":-0.364,"basaliob":-0.399,"bolussnooze":0,"activity":-0.0034,"lastBolusTime":1703384655685,"time":"2023-12-24T06:43:43.217Z","iobWithZeroTemp":{"iob":-0.43,"basaliob":-0.465,"bolussnooze":0,"activity":-0.0034,"lastBolusTime":1703384655685,"time":"2023-12-24T06:43:43.217Z"}},{"iob":-0.347,"basaliob":-0.379,"bolussnooze":0,"activity":-0.0033,"lastBolusTime":1703384655685,"time":"2023-12-24T06:48:43.217Z","iobWithZeroTemp":{"iob":-0.496,"basaliob":-0.528,"bolussnooze":0,"activity":-0.0035,"lastBolusTime":1703384655685,"time":"2023-12-24T06:48:43.217Z"}},{"iob":-0.331,"basaliob":-0.36,"bolussnooze":0,"activity":-0.0034,"lastBolusTime":1703384655685,"time":"2023-12-24T06:53:43.217Z","iobWithZeroTemp":{"iob":-0.562,"basaliob":-0.591,"bolussnooze":0,"activity":-0.0039,"lastBolusTime":1703384655685,"time":"2023-12-24T06:53:43.217Z"}},{"iob":-0.315,"basaliob":-0.341,"bolussnooze":0,"activity":-0.0033,"lastBolusTime":1703384655685,"time":"2023-12-24T06:58:43.217Z","iobWithZeroTemp":{"iob":-0.626,"basaliob":-0.652,"bolussnooze":0,"activity":-0.0041,"lastBolusTime":1703384655685,"time":"2023-12-24T06:58:43.217Z"}},{"iob":-0.298,"basaliob":-0.322,"bolussnooze":0,"activity":-0.0032,"lastBolusTime":1703384655685,"time":"2023-12-24T07:03:43.217Z","iobWithZeroTemp":{"iob":-0.682,"basaliob":-0.706,"bolussnooze":0,"activity":-0.0044,"lastBolusTime":1703384655685,"time":"2023-12-24T07:03:43.217Z"}},{"iob":-0.282,"basaliob":-0.304,"bolussnooze":0,"activity":-0.0031,"lastBolusTime":1703384655685,"time":"2023-12-24T07:08:43.217Z","iobWithZeroTemp":{"iob":-0.738,"basaliob":-0.76,"bolussnooze":0,"activity":-0.0048,"lastBolusTime":1703384655685,"time":"2023-12-24T07:08:43.217Z"}},{"iob":-0.267,"basaliob":-0.287,"bolussnooze":0,"activity":-0.003,"lastBolusTime":1703384655685,"time":"2023-12-24T07:13:43.217Z","iobWithZeroTemp":{"iob":-0.792,"basaliob":-0.812,"bolussnooze":0,"activity":-0.0052,"lastBolusTime":1703384655685,"time":"2023-12-24T07:13:43.217Z"}},{"iob":-0.252,"basaliob":-0.27,"bolussnooze":0,"activity":-0.003,"lastBolusTime":1703384655685,"time":"2023-12-24T07:18:43.217Z","iobWithZeroTemp":{"iob":-0.844,"basaliob":-0.862,"bolussnooze":0,"activity":-0.0057,"lastBolusTime":1703384655685,"time":"2023-12-24T07:18:43.217Z"}},{"iob":-0.238,"basaliob":-0.254,"bolussnooze":0,"activity":-0.0029,"lastBolusTime":1703384655685,"time":"2023-12-24T07:23:43.217Z","iobWithZeroTemp":{"iob":-0.894,"basaliob":-0.91,"bolussnooze":0,"activity":-0.0061,"lastBolusTime":1703384655685,"time":"2023-12-24T07:23:43.217Z"}},{"iob":-0.223,"basaliob":-0.238,"bolussnooze":0,"activity":-0.0027,"lastBolusTime":1703384655685,"time":"2023-12-24T07:28:43.217Z","iobWithZeroTemp":{"iob":-0.941,"basaliob":-0.956,"bolussnooze":0,"activity":-0.0064,"lastBolusTime":1703384655685,"time":"2023-12-24T07:28:43.217Z"}},{"iob":-0.21,"basaliob":-0.223,"bolussnooze":0,"activity":-0.0026,"lastBolusTime":1703384655685,"time":"2023-12-24T07:33:43.217Z","iobWithZeroTemp":{"iob":-0.987,"basaliob":-1,"bolussnooze":0,"activity":-0.0069,"lastBolusTime":1703384655685,"time":"2023-12-24T07:33:43.217Z"}},{"iob":-0.197,"basaliob":-0.209,"bolussnooze":0,"activity":-0.0026,"lastBolusTime":1703384655685,"time":"2023-12-24T07:38:43.217Z","iobWithZeroTemp":{"iob":-1.03,"basaliob":-1.042,"bolussnooze":0,"activity":-0.0074,"lastBolusTime":1703384655685,"time":"2023-12-24T07:38:43.217Z"}},{"iob":-0.185,"basaliob":-0.196,"bolussnooze":0,"activity":-0.0024,"lastBolusTime":1703384655685,"time":"2023-12-24T07:43:43.217Z","iobWithZeroTemp":{"iob":-1.071,"basaliob":-1.082,"bolussnooze":0,"activity":-0.0078,"lastBolusTime":1703384655685,"time":"2023-12-24T07:43:43.217Z"}},{"iob":-0.173,"basaliob":-0.183,"bolussnooze":0,"activity":-0.0023,"lastBolusTime":1703384655685,"time":"2023-12-24T07:48:43.217Z","iobWithZeroTemp":{"iob":-1.11,"basaliob":-1.12,"bolussnooze":0,"activity":-0.0082,"lastBolusTime":1703384655685,"time":"2023-12-24T07:48:43.217Z"}},{"iob":-0.162,"basaliob":-0.171,"bolussnooze":0,"activity":-0.0022,"lastBolusTime":1703384655685,"time":"2023-12-24T07:53:43.217Z","iobWithZeroTemp":{"iob":-1.147,"basaliob":-1.156,"bolussnooze":0,"activity":-0.0086,"lastBolusTime":1703384655685,"time":"2023-12-24T07:53:43.217Z"}},{"iob":-0.152,"basaliob":-0.16,"bolussnooze":0,"activity":-0.002,"lastBolusTime":1703384655685,"time":"2023-12-24T07:58:43.217Z","iobWithZeroTemp":{"iob":-1.182,"basaliob":-1.19,"bolussnooze":0,"activity":-0.0089,"lastBolusTime":1703384655685,"time":"2023-12-24T07:58:43.217Z"}},{"iob":-0.142,"basaliob":-0.149,"bolussnooze":0,"activity":-0.0019,"lastBolusTime":1703384655685,"time":"2023-12-24T08:03:43.217Z","iobWithZeroTemp":{"iob":-1.212,"basaliob":-1.219,"bolussnooze":0,"activity":-0.0093,"lastBolusTime":1703384655685,"time":"2023-12-24T08:03:43.217Z"}},{"iob":-0.132,"basaliob":-0.139,"bolussnooze":0,"activity":-0.0019,"lastBolusTime":1703384655685,"time":"2023-12-24T08:08:43.217Z","iobWithZeroTemp":{"iob":-1.238,"basaliob":-1.245,"bolussnooze":0,"activity":-0.0098,"lastBolusTime":1703384655685,"time":"2023-12-24T08:08:43.217Z"}},{"iob":-0.123,"basaliob":-0.129,"bolussnooze":0,"activity":-0.0018,"lastBolusTime":1703384655685,"time":"2023-12-24T08:13:43.217Z","iobWithZeroTemp":{"iob":-1.264,"basaliob":-1.27,"bolussnooze":0,"activity":-0.0101,"lastBolusTime":1703384655685,"time":"2023-12-24T08:13:43.217Z"}},{"iob":-0.115,"basaliob":-0.12,"bolussnooze":0,"activity":-0.0017,"lastBolusTime":1703384655685,"time":"2023-12-24T08:18:43.217Z","iobWithZeroTemp":{"iob":-1.288,"basaliob":-1.293,"bolussnooze":0,"activity":-0.0104,"lastBolusTime":1703384655685,"time":"2023-12-24T08:18:43.217Z"}},{"iob":-0.107,"basaliob":-0.112,"bolussnooze":0,"activity":-0.0015,"lastBolusTime":1703384655685,"time":"2023-12-24T08:23:43.217Z","iobWithZeroTemp":{"iob":-1.311,"basaliob":-1.316,"bolussnooze":0,"activity":-0.0106,"lastBolusTime":1703384655685,"time":"2023-12-24T08:23:43.217Z"}},{"iob":-0.1,"basaliob":-0.104,"bolussnooze":0,"activity":-0.0014,"lastBolusTime":1703384655685,"time":"2023-12-24T08:28:43.217Z","iobWithZeroTemp":{"iob":-1.332,"basaliob":-1.336,"bolussnooze":0,"activity":-0.0109,"lastBolusTime":1703384655685,"time":"2023-12-24T08:28:43.217Z"}},{"iob":-0.092,"basaliob":-0.096,"bolussnooze":0,"activity":-0.0013,"lastBolusTime":1703384655685,"time":"2023-12-24T08:33:43.217Z","iobWithZeroTemp":{"iob":-1.351,"basaliob":-1.355,"bolussnooze":0,"activity":-0.0112,"lastBolusTime":1703384655685,"time":"2023-12-24T08:33:43.217Z"}},{"iob":-0.086,"basaliob":-0.089,"bolussnooze":0,"activity":-0.0013,"lastBolusTime":1703384655685,"time":"2023-12-24T08:38:43.217Z","iobWithZeroTemp":{"iob":-1.369,"basaliob":-1.372,"bolussnooze":0,"activity":-0.0115,"lastBolusTime":1703384655685,"time":"2023-12-24T08:38:43.217Z"}},{"iob":-0.08,"basaliob":-0.083,"bolussnooze":0,"activity":-0.0012,"lastBolusTime":1703384655685,"time":"2023-12-24T08:43:43.217Z","iobWithZeroTemp":{"iob":-1.386,"basaliob":-1.389,"bolussnooze":0,"activity":-0.0118,"lastBolusTime":1703384655685,"time":"2023-12-24T08:43:43.217Z"}},{"iob":-0.073,"basaliob":-0.076,"bolussnooze":0,"activity":-0.0011,"lastBolusTime":1703384655685,"time":"2023-12-24T08:48:43.217Z","iobWithZeroTemp":{"iob":-1.401,"basaliob":-1.404,"bolussnooze":0,"activity":-0.012,"lastBolusTime":1703384655685,"time":"2023-12-24T08:48:43.217Z"}},{"iob":-0.069,"basaliob":-0.071,"bolussnooze":0,"activity":-0.001,"lastBolusTime":1703384655685,"time":"2023-12-24T08:53:43.217Z","iobWithZeroTemp":{"iob":-1.417,"basaliob":-1.419,"bolussnooze":0,"activity":-0.0122,"lastBolusTime":1703384655685,"time":"2023-12-24T08:53:43.217Z"}},{"iob":-0.063,"basaliob":-0.065,"bolussnooze":0,"activity":-9.0E-4,"lastBolusTime":1703384655685,"time":"2023-12-24T08:58:43.217Z","iobWithZeroTemp":{"iob":-1.43,"basaliob":-1.432,"bolussnooze":0,"activity":-0.0123,"lastBolusTime":1703384655685,"time":"2023-12-24T08:58:43.217Z"}},{"iob":-0.058,"basaliob":-0.06,"bolussnooze":0,"activity":-0.001,"lastBolusTime":1703384655685,"time":"2023-12-24T09:03:43.217Z","iobWithZeroTemp":{"iob":-1.438,"basaliob":-1.44,"bolussnooze":0,"activity":-0.0127,"lastBolusTime":1703384655685,"time":"2023-12-24T09:03:43.217Z"}},{"iob":-0.054,"basaliob":-0.056,"bolussnooze":0,"activity":-9.0E-4,"lastBolusTime":1703384655685,"time":"2023-12-24T09:08:43.217Z","iobWithZeroTemp":{"iob":-1.446,"basaliob":-1.448,"bolussnooze":0,"activity":-0.0128,"lastBolusTime":1703384655685,"time":"2023-12-24T09:08:43.217Z"}},{"iob":-0.05,"basaliob":-0.051,"bolussnooze":0,"activity":-8.0E-4,"lastBolusTime":1703384655685,"time":"2023-12-24T09:13:43.217Z","iobWithZeroTemp":{"iob":-1.452,"basaliob":-1.453,"bolussnooze":0,"activity":-0.0129,"lastBolusTime":1703384655685,"time":"2023-12-24T09:13:43.217Z"}},{"iob":-0.046,"basaliob":-0.047,"bolussnooze":0,"activity":-8.0E-4,"lastBolusTime":1703384655685,"time":"2023-12-24T09:18:43.217Z","iobWithZeroTemp":{"iob":-1.458,"basaliob":-1.459,"bolussnooze":0,"activity":-0.0131,"lastBolusTime":1703384655685,"time":"2023-12-24T09:18:43.217Z"}},{"iob":-0.043,"basaliob":-0.044,"bolussnooze":0,"activity":-7.0E-4,"lastBolusTime":1703384655685,"time":"2023-12-24T09:23:43.217Z","iobWithZeroTemp":{"iob":-1.464,"basaliob":-1.465,"bolussnooze":0,"activity":-0.0132,"lastBolusTime":1703384655685,"time":"2023-12-24T09:23:43.217Z"}},{"iob":-0.039,"basaliob":-0.04,"bolussnooze":0,"activity":-7.0E-4,"lastBolusTime":1703384655685,"time":"2023-12-24T09:28:43.217Z","iobWithZeroTemp":{"iob":-1.468,"basaliob":-1.469,"bolussnooze":0,"activity":-0.0133,"lastBolusTime":1703384655685,"time":"2023-12-24T09:28:43.217Z"}},{"iob":-0.036,"basaliob":-0.037,"bolussnooze":0,"activity":-6.0E-4,"lastBolusTime":1703384655685,"time":"2023-12-24T09:33:43.217Z","iobWithZeroTemp":{"iob":-1.473,"basaliob":-1.474,"bolussnooze":0,"activity":-0.0134,"lastBolusTime":1703384655685,"time":"2023-12-24T09:33:43.217Z"}},{"iob":-0.033,"basaliob":-0.034,"bolussnooze":0,"activity":-6.0E-4,"lastBolusTime":1703384655685,"time":"2023-12-24T09:38:43.217Z","iobWithZeroTemp":{"iob":-1.476,"basaliob":-1.477,"bolussnooze":0,"activity":-0.0135,"lastBolusTime":1703384655685,"time":"2023-12-24T09:38:43.217Z"}},{"iob":-0.03,"basaliob":-0.031,"bolussnooze":0,"activity":-5.0E-4,"lastBolusTime":1703384655685,"time":"2023-12-24T09:43:43.217Z","iobWithZeroTemp":{"iob":-1.479,"basaliob":-1.48,"bolussnooze":0,"activity":-0.0135,"lastBolusTime":1703384655685,"time":"2023-12-24T09:43:43.217Z"}},{"iob":-0.028,"basaliob":-0.029,"bolussnooze":0,"activity":-5.0E-4,"lastBolusTime":1703384655685,"time":"2023-12-24T09:48:43.217Z","iobWithZeroTemp":{"iob":-1.483,"basaliob":-1.484,"bolussnooze":0,"activity":-0.0136,"lastBolusTime":1703384655685,"time":"2023-12-24T09:48:43.217Z"}},{"iob":-0.026,"basaliob":-0.026,"bolussnooze":0,"activity":-5.0E-4,"lastBolusTime":1703384655685,"time":"2023-12-24T09:53:43.217Z","iobWithZeroTemp":{"iob":-1.486,"basaliob":-1.486,"bolussnooze":0,"activity":-0.0137,"lastBolusTime":1703384655685,"time":"2023-12-24T09:53:43.217Z"}},{"iob":-0.024,"basaliob":-0.024,"bolussnooze":0,"activity":-4.0E-4,"lastBolusTime":1703384655685,"time":"2023-12-24T09:58:43.217Z","iobWithZeroTemp":{"iob":-1.488,"basaliob":-1.488,"bolussnooze":0,"activity":-0.0137,"lastBolusTime":1703384655685,"time":"2023-12-24T09:58:43.217Z"}},{"iob":-0.022,"basaliob":-0.022,"bolussnooze":0,"activity":-4.0E-4,"lastBolusTime":1703384655685,"time":"2023-12-24T10:03:43.217Z","iobWithZeroTemp":{"iob":-1.49,"basaliob":-1.49,"bolussnooze":0,"activity":-0.0138,"lastBolusTime":1703384655685,"time":"2023-12-24T10:03:43.217Z"}},{"iob":-0.02,"basaliob":-0.02,"bolussnooze":0,"activity":-4.0E-4,"lastBolusTime":1703384655685,"time":"2023-12-24T10:08:43.217Z","iobWithZeroTemp":{"iob":-1.492,"basaliob":-1.492,"bolussnooze":0,"activity":-0.0139,"lastBolusTime":1703384655685,"time":"2023-12-24T10:08:43.217Z"}},{"iob":-0.019,"basaliob":-0.019,"bolussnooze":0,"activity":-3.0E-4,"lastBolusTime":1703384655685,"time":"2023-12-24T10:13:43.217Z","iobWithZeroTemp":{"iob":-1.494,"basaliob":-1.494,"bolussnooze":0,"activity":-0.0139,"lastBolusTime":1703384655685,"time":"2023-12-24T10:13:43.217Z"}},{"iob":-0.017,"basaliob":-0.017,"bolussnooze":0,"activity":-3.0E-4,"lastBolusTime":1703384655685,"time":"2023-12-24T10:18:43.217Z","iobWithZeroTemp":{"iob":-1.495,"basaliob":-1.495,"bolussnooze":0,"activity":-0.0139,"lastBolusTime":1703384655685,"time":"2023-12-24T10:18:43.217Z"}},{"iob":-0.015,"basaliob":-0.015,"bolussnooze":0,"activity":-3.0E-4,"lastBolusTime":1703384655685,"time":"2023-12-24T10:23:43.217Z","iobWithZeroTemp":{"iob":-1.495,"basaliob":-1.495,"bolussnooze":0,"activity":-0.014,"lastBolusTime":1703384655685,"time":"2023-12-24T10:23:43.217Z"}},{"iob":-0.014,"basaliob":-0.014,"bolussnooze":0,"activity":-3.0E-4,"lastBolusTime":1703384655685,"time":"2023-12-24T10:28:43.217Z","iobWithZeroTemp":{"iob":-1.496,"basaliob":-1.496,"bolussnooze":0,"activity":-0.014,"lastBolusTime":1703384655685,"time":"2023-12-24T10:28:43.217Z"}},{"iob":-0.013,"basaliob":-0.013,"bolussnooze":0,"activity":-2.0E-4,"lastBolusTime":1703384655685,"time":"2023-12-24T10:33:43.217Z","iobWithZeroTemp":{"iob":-1.498,"basaliob":-1.498,"bolussnooze":0,"activity":-0.014,"lastBolusTime":1703384655685,"time":"2023-12-24T10:33:43.217Z"}}],"profile":{"max_iob":15,"type":"current","max_daily_basal":1.2,"max_basal":3.59,"min_bg":99,"max_bg":99,"target_bg":99,"carb_ratio":4.285714285714286,"sens":30.857142857142854,"max_daily_safety_multiplier":3,"current_basal_safety_multiplier":4,"high_temptarget_raises_sensitivity":false,"low_temptarget_lowers_sensitivity":false,"sensitivity_raises_target":true,"resistance_lowers_target":true,"adv_target_adjustments":false,"exercise_mode":false,"half_basal_exercise_target":160,"maxCOB":120,"skip_neutral_temps":false,"remainingCarbsCap":90,"enableUAM":true,"A52_risk_enable":false,"SMBInterval":3,"enableSMB_with_COB":true,"enableSMB_with_temptarget":true,"allowSMB_with_high_temptarget":false,"enableSMB_always":false,"enableSMB_after_carbs":true,"maxSMBBasalMinutes":80,"maxUAMSMBBasalMinutes":60,"bolus_increment":0.05,"carbsReqThreshold":10,"current_basal":1,"temptargetSet":false,"autosens_max":1.2,"out_units":"mmol\/L"},"autosens_data":{"ratio":1},"meal_data":{"carbs":0,"mealCOB":0,"slopeFromMaxDeviation":0,"slopeFromMinDeviation":0.5407500000000001,"lastBolusTime":1703384655685,"lastCarbTime":0},"microBolusAllowed":true,"currentTime":1703399925346,"flatBGsDetected":false},"output":{"temp":"absolute","bg":93,"tick":"+1","eventualBG":108,"targetBG":99,"insulinReq":0.16,"deliverAt":"2023-12-24T06:38:45.346Z","sensitivityRatio":1,"predBGs":{"IOB":[93,94,95,96,97,97,98,99,100,100,101,101,102,102,102,103,103,103,104,104,104,104,105,105,105,105,105,106,106,106,106,106,106,106,107],"ZT":[93,94,94,95,95,96,96,97,98,99],"UAM":[93,94,95,95,96,96,97,97,97,98,98,99,99,100,100,100,101,101,101,102,102,102,102,103,103,103,103,103,103,104,104,104,104,104,104,104,104,105]},"COB":0,"IOB":-0.381,"reason":"COB: 0, Dev: 0.2, BGI: 0.0, ISF: 1.7, CR: 4.29, Target: 5.5, minPredBG 5.8, minGuardBG 5.2, IOBpredBG 5.9, UAMpredBG 5.8; Eventual BG 6.0 >= 5.5, temp 1.60 >~ req 1.32U\/hr. ","timestamp":"2023-12-24T06:38:45.503Z"}}