{"algorithm":"OpenAPSSMBPlugin","input":{"glucoseStatus":{"glucose":172,"noise":0,"delta":-2,"short_avgdelta":-1.61,"long_avgdelta":0.21,"date":1703358489000},"currenttemp":{"temp":"absolute","duration":50,"rate":0.735,"minutesrunning":10},"iob_data":[{"iob":5.459,"basaliob":-1.502,"bolussnooze":0.0442,"activity":0.0654,"lastBolusTime":1703356439110,"time":"2023-12-23T19:08:40.064Z","iobWithZeroTemp":{"iob":5.459,"basaliob":-1.502,"bolussnooze":0.0442,"activity":0.0654,"lastBolusTime":1703356439110,"time":"2023-12-23T19:08:40.064Z"}},{"iob":5.139,"basaliob":-1.429,"bolussnooze":0.0261,"activity":0.0629,"lastBolusTime":1703356439110,"time":"2023-12-23T19:13:40.064Z","iobWithZeroTemp":{"iob":5.069,"basaliob":-1.499,"bolussnooze":0.0261,"activity":0.0629,"lastBolusTime":1703356439110,"time":"2023-12-23T19:13:40.064Z"}},{"iob":4.831,"basaliob":-1.357,"bolussnooze":0.0148,"activity":0.0603,"lastBolusTime":1703356439110,"time":"2023-12-23T19:18:40.064Z","iobWithZeroTemp":{"iob":4.674,"basaliob":-1.514,"bolussnooze":0.0148,"activity":0.0601,"lastBolusTime":1703356439110,"time":"2023-12-23T19:18:40.064Z"}},{"iob":4.535,"basaliob":-1.287,"bolussnooze":0.008,"activity":0.0577,"lastBolusTime":1703356439110,"time":"2023-12-23T19:23:40.064Z","iobWithZeroTemp":{"iob":4.292,"basaliob":-1.53,"bolussnooze":0.008,"activity":0.0572,"lastBolusTime":1703356439110,"time":"2023-12-23T19:23:40.064Z"}},{"iob":4.253,"basaliob":-1.218,"bolussnooze":0.004,"activity":0.0551,"lastBolusTime":1703356439110,"time":"2023-12-23T19:28:40.064Z","iobWithZeroTemp":{"iob":3.926,"basaliob":-1.545,"bolussnooze":0.004,"activity":0.0542,"lastBolusTime":1703356439110,"time":"2023-12-23T19:28:40.064Z"}},{"iob":3.985,"basaliob":-1.15,"bolussnooze":0.0018,"activity":0.0525,"lastBolusTime":1703356439110,"time":"2023-12-23T19:33:40.064Z","iobWithZeroTemp":{"iob":3.576,"basaliob":-1.559,"bolussnooze":0.0018,"activity":0.0512,"lastBolusTime":1703356439110,"time":"2023-12-23T19:33:40.064Z"}},{"iob":3.729,"basaliob":-1.085,"bolussnooze":6.0E-4,"activity":0.0499,"lastBolusTime":1703356439110,"time":"2023-12-23T19:38:40.064Z","iobWithZeroTemp":{"iob":3.24,"basaliob":-1.574,"bolussnooze":6.0E-4,"activity":0.0481,"lastBolusTime":1703356439110,"time":"2023-12-23T19:38:40.064Z"}},{"iob":3.487,"basaliob":-1.022,"bolussnooze":1.0E-4,"activity":0.0473,"lastBolusTime":1703356439110,"time":"2023-12-23T19:43:40.064Z","iobWithZeroTemp":{"iob":2.921,"basaliob":-1.588,"bolussnooze":1.0E-4,"activity":0.045,"lastBolusTime":1703356439110,"time":"2023-12-23T19:43:40.064Z"}},{"iob":3.256,"basaliob":-0.962,"bolussnooze":0,"activity":0.0448,"lastBolusTime":1703356439110,"time":"2023-12-23T19:48:40.064Z","iobWithZeroTemp":{"iob":2.615,"basaliob":-1.603,"bolussnooze":0,"activity":0.0419,"lastBolusTime":1703356439110,"time":"2023-12-23T19:48:40.064Z"}},{"iob":3.038,"basaliob":-0.904,"bolussnooze":0,"activity":0.0423,"lastBolusTime":1703356439110,"time":"2023-12-23T19:53:40.064Z","iobWithZeroTemp":{"iob":2.325,"basaliob":-1.617,"bolussnooze":0,"activity":0.0389,"lastBolusTime":1703356439110,"time":"2023-12-23T19:53:40.064Z"}},{"iob":2.833,"basaliob":-0.848,"bolussnooze":0,"activity":0.04,"lastBolusTime":1703356439110,"time":"2023-12-23T19:58:40.064Z","iobWithZeroTemp":{"iob":2.051,"basaliob":-1.63,"bolussnooze":0,"activity":0.036,"lastBolusTime":1703356439110,"time":"2023-12-23T19:58:40.064Z"}},{"iob":2.638,"basaliob":-0.795,"bolussnooze":0,"activity":0.0377,"lastBolusTime":1703356439110,"time":"2023-12-23T20:03:40.064Z","iobWithZeroTemp":{"iob":1.795,"basaliob":-1.638,"bolussnooze":0,"activity":0.0331,"lastBolusTime":1703356439110,"time":"2023-12-23T20:03:40.064Z"}},{"iob":2.455,"basaliob":-0.745,"bolussnooze":0,"activity":0.0355,"lastBolusTime":1703356439110,"time":"2023-12-23T20:08:40.064Z","iobWithZeroTemp":{"iob":1.553,"basaliob":-1.647,"bolussnooze":0,"activity":0.0303,"lastBolusTime":1703356439110,"time":"2023-12-23T20:08:40.064Z"}},{"iob":2.282,"basaliob":-0.697,"bolussnooze":0,"activity":0.0334,"lastBolusTime":1703356439110,"time":"2023-12-23T20:13:40.064Z","iobWithZeroTemp":{"iob":1.324,"basaliob":-1.655,"bolussnooze":0,"activity":0.0276,"lastBolusTime":1703356439110,"time":"2023-12-23T20:13:40.064Z"}},{"iob":2.121,"basaliob":-0.651,"bolussnooze":0,"activity":0.0313,"lastBolusTime":1703356439110,"time":"2023-12-23T20:18:40.064Z","iobWithZeroTemp":{"iob":1.111,"basaliob":-1.661,"bolussnooze":0,"activity":0.0249,"lastBolusTime":1703356439110,"time":"2023-12-23T20:18:40.064Z"}},{"iob":1.969,"basaliob":-0.608,"bolussnooze":0,"activity":0.0294,"lastBolusTime":1703356439110,"time":"2023-12-23T20:23:40.064Z","iobWithZeroTemp":{"iob":0.909,"basaliob":-1.668,"bolussnooze":0,"activity":0.0225,"lastBolusTime":1703356439110,"time":"2023-12-23T20:23:40.064Z"}},{"iob":1.827,"basaliob":-0.567,"bolussnooze":0,"activity":0.0276,"lastBolusTime":1703356439110,"time":"2023-12-23T20:28:40.064Z","iobWithZeroTemp":{"iob":0.719,"basaliob":-1.675,"bolussnooze":0,"activity":0.0201,"lastBolusTime":1703356439110,"time":"2023-12-23T20:28:40.064Z"}},{"iob":1.693,"basaliob":-0.528,"bolussnooze":0,"activity":0.0258,"lastBolusTime":1703356439110,"time":"2023-12-23T20:33:40.064Z","iobWithZeroTemp":{"iob":0.541,"basaliob":-1.68,"bolussnooze":0,"activity":0.0178,"lastBolusTime":1703356439110,"time":"2023-12-23T20:33:40.064Z"}},{"iob":1.568,"basaliob":-0.492,"bolussnooze":0,"activity":0.0241,"lastBolusTime":1703356439110,"time":"2023-12-23T20:38:40.064Z","iobWithZeroTemp":{"iob":0.374,"basaliob":-1.686,"bolussnooze":0,"activity":0.0156,"lastBolusTime":1703356439110,"time":"2023-12-23T20:38:40.064Z"}},{"iob":1.451,"basaliob":-0.458,"bolussnooze":0,"activity":0.0226,"lastBolusTime":1703356439110,"time":"2023-12-23T20:43:40.064Z","iobWithZeroTemp":{"iob":0.217,"basaliob":-1.692,"bolussnooze":0,"activity":0.0136,"lastBolusTime":1703356439110,"time":"2023-12-23T20:43:40.064Z"}},{"iob":1.342,"basaliob":-0.426,"bolussnooze":0,"activity":0.021,"lastBolusTime":1703356439110,"time":"2023-12-23T20:48:40.064Z","iobWithZeroTemp":{"iob":0.071,"basaliob":-1.697,"bolussnooze":0,"activity":0.0116,"lastBolusTime":1703356439110,"time":"2023-12-23T20:48:40.064Z"}},{"iob":1.241,"basaliob":-0.395,"bolussnooze":0,"activity":0.0196,"lastBolusTime":1703356439110,"time":"2023-12-23T20:53:40.064Z","iobWithZeroTemp":{"iob":-0.065,"basaliob":-1.701,"bolussnooze":0,"activity":0.0097,"lastBolusTime":1703356439110,"time":"2023-12-23T20:53:40.064Z"}},{"iob":1.146,"basaliob":-0.367,"bolussnooze":0,"activity":0.0183,"lastBolusTime":1703356439110,"time":"2023-12-23T20:58:40.064Z","iobWithZeroTemp":{"iob":-0.192,"basaliob":-1.705,"bolussnooze":0,"activity":0.008,"lastBolusTime":1703356439110,"time":"2023-12-23T20:58:40.064Z"}},{"iob":1.058,"basaliob":-0.34,"bolussnooze":0,"activity":0.017,"lastBolusTime":1703356439110,"time":"2023-12-23T21:03:40.064Z","iobWithZeroTemp":{"iob":-0.303,"basaliob":-1.701,"bolussnooze":0,"activity":0.0063,"lastBolusTime":1703356439110,"time":"2023-12-23T21:03:40.064Z"}},{"iob":0.975,"basaliob":-0.315,"bolussnooze":0,"activity":0.0159,"lastBolusTime":1703356439110,"time":"2023-12-23T21:08:40.064Z","iobWithZeroTemp":{"iob":-0.407,"basaliob":-1.697,"bolussnooze":0,"activity":0.0048,"lastBolusTime":1703356439110,"time":"2023-12-23T21:08:40.064Z"}},{"iob":0.899,"basaliob":-0.292,"bolussnooze":0,"activity":0.0148,"lastBolusTime":1703356439110,"time":"2023-12-23T21:13:40.064Z","iobWithZeroTemp":{"iob":-0.502,"basaliob":-1.693,"bolussnooze":0,"activity":0.0034,"lastBolusTime":1703356439110,"time":"2023-12-23T21:13:40.064Z"}},{"iob":0.828,"basaliob":-0.27,"bolussnooze":0,"activity":0.0137,"lastBolusTime":1703356439110,"time":"2023-12-23T21:18:40.064Z","iobWithZeroTemp":{"iob":-0.59,"basaliob":-1.688,"bolussnooze":0,"activity":0.002,"lastBolusTime":1703356439110,"time":"2023-12-23T21:18:40.064Z"}},{"iob":0.761,"basaliob":-0.25,"bolussnooze":0,"activity":0.0127,"lastBolusTime":1703356439110,"time":"2023-12-23T21:23:40.064Z","iobWithZeroTemp":{"iob":-0.673,"basaliob":-1.684,"bolussnooze":0,"activity":7.0E-4,"lastBolusTime":1703356439110,"time":"2023-12-23T21:23:40.064Z"}},{"iob":0.7,"basaliob":-0.231,"bolussnooze":0,"activity":0.0117,"lastBolusTime":1703356439110,"time":"2023-12-23T21:28:40.064Z","iobWithZeroTemp":{"iob":-0.748,"basaliob":-1.679,"bolussnooze":0,"activity":-6.0E-4,"lastBolusTime":1703356439110,"time":"2023-12-23T21:28:40.064Z"}},{"iob":0.644,"basaliob":-0.213,"bolussnooze":0,"activity":0.0109,"lastBolusTime":1703356439110,"time":"2023-12-23T21:33:40.064Z","iobWithZeroTemp":{"iob":-0.817,"basaliob":-1.674,"bolussnooze":0,"activity":-0.0016,"lastBolusTime":1703356439110,"time":"2023-12-23T21:33:40.064Z"}},{"iob":0.591,"basaliob":-0.197,"bolussnooze":0,"activity":0.0101,"lastBolusTime":1703356439110,"time":"2023-12-23T21:38:40.064Z","iobWithZeroTemp":{"iob":-0.882,"basaliob":-1.67,"bolussnooze":0,"activity":-0.0026,"lastBolusTime":1703356439110,"time":"2023-12-23T21:38:40.064Z"}},{"iob":0.543,"basaliob":-0.181,"bolussnooze":0,"activity":0.0093,"lastBolusTime":1703356439110,"time":"2023-12-23T21:43:40.064Z","iobWithZeroTemp":{"iob":-0.941,"basaliob":-1.665,"bolussnooze":0,"activity":-0.0036,"lastBolusTime":1703356439110,"time":"2023-12-23T21:43:40.064Z"}},{"iob":0.498,"basaliob":-0.167,"bolussnooze":0,"activity":0.0087,"lastBolusTime":1703356439110,"time":"2023-12-23T21:48:40.064Z","iobWithZeroTemp":{"iob":-0.996,"basaliob":-1.661,"bolussnooze":0,"activity":-0.0044,"lastBolusTime":1703356439110,"time":"2023-12-23T21:48:40.064Z"}},{"iob":0.456,"basaliob":-0.154,"bolussnooze":0,"activity":0.0079,"lastBolusTime":1703356439110,"time":"2023-12-23T21:53:40.064Z","iobWithZeroTemp":{"iob":-1.047,"basaliob":-1.657,"bolussnooze":0,"activity":-0.0054,"lastBolusTime":1703356439110,"time":"2023-12-23T21:53:40.064Z"}},{"iob":0.418,"basaliob":-0.141,"bolussnooze":0,"activity":0.0073,"lastBolusTime":1703356439110,"time":"2023-12-23T21:58:40.064Z","iobWithZeroTemp":{"iob":-1.094,"basaliob":-1.653,"bolussnooze":0,"activity":-0.0061,"lastBolusTime":1703356439110,"time":"2023-12-23T21:58:40.064Z"}},{"iob":0.382,"basaliob":-0.13,"bolussnooze":0,"activity":0.0068,"lastBolusTime":1703356439110,"time":"2023-12-23T22:03:40.064Z","iobWithZeroTemp":{"iob":-1.129,"basaliob":-1.641,"bolussnooze":0,"activity":-0.0068,"lastBolusTime":1703356439110,"time":"2023-12-23T22:03:40.064Z"}},{"iob":0.35,"basaliob":-0.119,"bolussnooze":0,"activity":0.0063,"lastBolusTime":1703356439110,"time":"2023-12-23T22:08:40.064Z","iobWithZeroTemp":{"iob":-1.16,"basaliob":-1.629,"bolussnooze":0,"activity":-0.0074,"lastBolusTime":1703356439110,"time":"2023-12-23T22:08:40.064Z"}},{"iob":0.319,"basaliob":-0.11,"bolussnooze":0,"activity":0.0058,"lastBolusTime":1703356439110,"time":"2023-12-23T22:13:40.064Z","iobWithZeroTemp":{"iob":-1.189,"basaliob":-1.618,"bolussnooze":0,"activity":-0.008,"lastBolusTime":1703356439110,"time":"2023-12-23T22:13:40.064Z"}},{"iob":0.291,"basaliob":-0.101,"bolussnooze":0,"activity":0.0054,"lastBolusTime":1703356439110,"time":"2023-12-23T22:18:40.064Z","iobWithZeroTemp":{"iob":-1.214,"basaliob":-1.606,"bolussnooze":0,"activity":-0.0084,"lastBolusTime":1703356439110,"time":"2023-12-23T22:18:40.064Z"}},{"iob":0.266,"basaliob":-0.092,"bolussnooze":0,"activity":0.0049,"lastBolusTime":1703356439110,"time":"2023-12-23T22:23:40.064Z","iobWithZeroTemp":{"iob":-1.237,"basaliob":-1.595,"bolussnooze":0,"activity":-0.009,"lastBolusTime":1703356439110,"time":"2023-12-23T22:23:40.064Z"}},{"iob":0.243,"basaliob":-0.084,"bolussnooze":0,"activity":0.0045,"lastBolusTime":1703356439110,"time":"2023-12-23T22:28:40.064Z","iobWithZeroTemp":{"iob":-1.257,"basaliob":-1.584,"bolussnooze":0,"activity":-0.0095,"lastBolusTime":1703356439110,"time":"2023-12-23T22:28:40.064Z"}},{"iob":0.221,"basaliob":-0.077,"bolussnooze":0,"activity":0.0041,"lastBolusTime":1703356439110,"time":"2023-12-23T22:33:40.064Z","iobWithZeroTemp":{"iob":-1.276,"basaliob":-1.574,"bolussnooze":0,"activity":-0.0099,"lastBolusTime":1703356439110,"time":"2023-12-23T22:33:40.064Z"}},{"iob":0.201,"basaliob":-0.071,"bolussnooze":0,"activity":0.0038,"lastBolusTime":1703356439110,"time":"2023-12-23T22:38:40.064Z","iobWithZeroTemp":{"iob":-1.292,"basaliob":-1.564,"bolussnooze":0,"activity":-0.0102,"lastBolusTime":1703356439110,"time":"2023-12-23T22:38:40.064Z"}},{"iob":0.182,"basaliob":-0.065,"bolussnooze":0,"activity":0.0035,"lastBolusTime":1703356439110,"time":"2023-12-23T22:43:40.064Z","iobWithZeroTemp":{"iob":-1.308,"basaliob":-1.555,"bolussnooze":0,"activity":-0.0105,"lastBolusTime":1703356439110,"time":"2023-12-23T22:43:40.064Z"}},{"iob":0.166,"basaliob":-0.059,"bolussnooze":0,"activity":0.0032,"lastBolusTime":1703356439110,"time":"2023-12-23T22:48:40.064Z","iobWithZeroTemp":{"iob":-1.321,"basaliob":-1.546,"bolussnooze":0,"activity":-0.0108,"lastBolusTime":1703356439110,"time":"2023-12-23T22:48:40.064Z"}},{"iob":0.151,"basaliob":-0.054,"bolussnooze":0,"activity":0.0029,"lastBolusTime":1703356439110,"time":"2023-12-23T22:53:40.064Z","iobWithZeroTemp":{"iob":-1.332,"basaliob":-1.537,"bolussnooze":0,"activity":-0.0111,"lastBolusTime":1703356439110,"time":"2023-12-23T22:53:40.064Z"}},{"iob":0.137,"basaliob":-0.049,"bolussnooze":0,"activity":0.0027,"lastBolusTime":1703356439110,"time":"2023-12-23T22:58:40.064Z","iobWithZeroTemp":{"iob":-1.343,"basaliob":-1.529,"bolussnooze":0,"activity":-0.0113,"lastBolusTime":1703356439110,"time":"2023-12-23T22:58:40.064Z"}},{"iob":0.124,"basaliob":-0.045,"bolussnooze":0,"activity":0.0025,"lastBolusTime":1703356439110,"time":"2023-12-23T23:03:40.064Z","iobWithZeroTemp":{"iob":-1.352,"basaliob":-1.521,"bolussnooze":0,"activity":-0.0115,"lastBolusTime":1703356439110,"time":"2023-12-23T23:03:40.064Z"}}],"profile":{"max_iob":15,"type":"current","max_daily_basal":1.2,"max_basal":3.59,"min_bg":99,"max_bg":99,"target_bg":99,"carb_ratio":4.761904761904762,"sens":20.57142857142857,"max_daily_safety_multiplier":3,"current_basal_safety_multiplier":4,"high_temptarget_raises_sensitivity":false,"low_temptarget_lowers_sensitivity":false,"sensitivity_raises_target":true,"resistance_lowers_target":true,"adv_target_adjustments":false,"exercise_mode":false,"half_basal_exercise_target":160,"maxCOB":120,"skip_neutral_temps":false,"remainingCarbsCap":90,"enableUAM":true,"A52_risk_enable":false,"SMBInterval":3,"enableSMB_with_COB":true,"enableSMB_with_temptarget":true,"allowSMB_with_high_temptarget":false,"enableSMB_always":false,"enableSMB_after_carbs":true,"maxSMBBasalMinutes":80,"maxUAMSMBBasalMinutes":60,"bolus_increment":0.05,"carbsReqThreshold":10,"current_basal":1.05,"temptargetSet":false,"autosens_max":1.2,"out_units":"mmol\/L"},"autosens_data":{"ratio":1},"meal_data":{"carbs":120,"mealCOB":9.273280423280424,"slopeFromMaxDeviation":-1.0774,"slopeFromMinDeviation":0.10454545454545451,"lastBolusTime":1703356439110,"lastCarbTime":1703354328276},"microBolusAllowed":true,"currentTime":1703358523202,"flatBGsDetected":false},"output":{"temp":"absolute","bg":172,"tick":-2,"eventualBG":97,"targetBG":99,"insulinReq":0,"deliverAt":"2023-12-23T19:08:43.202Z","sensitivityRatio":1,"predBGs":{"IOB":[172,170,167,164,162,159,156,152,149,146,142,138,134,131,127,124,121,118,116,113,111,109,107,105,103,101,100,98,97,96,95,94,93,92,91,90,90,89,88,88,87,87,86,86,86,85],"ZT":[172,165,159,153,147,141,136,131,126,122,118,114,111,108,105,102,100,98,96,94,93,92,91,90,89,89,89,88,88,88,89,89,89,90,90,91,91,92,93,94,95,96,97,98,99],"COB":[172,170,167,165,163,160,158,156,153,151,148,146,143,141,138,136,133,130,127,125,123,121,118,117,115,113,112,110,109,108,107,106,105,104,103,102,101,101,100,100,99,99,98,98,98,97],"UAM":[172,169,165,160,155,149,144,138,134,129,125,120,117,113,109,106,103,100,98,95,93,91,89,87,85,83,82,81,79,78,77,76,75,74,73,72,72,71,70,70,69,69,69,68,68,67]},"COB":9.273280423280424,"IOB":5.459,"reason":"COB: 9.3, Dev: 1.6, BGI: -0.4, ISF: 1.1, CR: 4.76, Target: 5.5, minPredBG 4.9, minGuardBG 3.8, IOBpredBG 4.7, COBpredBG 5.4, UAMpredBG 3.7; minGuardBG 3.8<3.9","duration":90,"rate":0,"timestamp":"2023-12-23T19:08:43.408Z"}}