{"algorithm":"OpenAPSSMBPlugin","input":{"glucoseStatus":{"glucose":212,"noise":0,"delta":-5,"short_avgdelta":-4.72,"long_avgdelta":-3.81,"date":1703346189000},"currenttemp":{"temp":"absolute","duration":20,"rate":0,"minutesrunning":40},"iob_data":[{"iob":7.83,"basaliob":-1.098,"bolussnooze":0.7352,"activity":0.0877,"lastBolusTime":1703345715810,"time":"2023-12-23T15:43:41.217Z","iobWithZeroTemp":{"iob":7.83,"basaliob":-1.098,"bolussnooze":0.7352,"activity":0.0877,"lastBolusTime":1703345715810,"time":"2023-12-23T15:43:41.217Z"}},{"iob":7.397,"basaliob":-1.054,"bolussnooze":0.5819,"activity":0.0851,"lastBolusTime":1703345715810,"time":"2023-12-23T15:48:41.217Z","iobWithZeroTemp":{"iob":7.34,"basaliob":-1.111,"bolussnooze":0.5819,"activity":0.0851,"lastBolusTime":1703345715810,"time":"2023-12-23T15:48:41.217Z"}},{"iob":6.979,"basaliob":-1.008,"bolussnooze":0.4397,"activity":0.0823,"lastBolusTime":1703345715810,"time":"2023-12-23T15:53:41.217Z","iobWithZeroTemp":{"iob":6.852,"basaliob":-1.135,"bolussnooze":0.4397,"activity":0.0821,"lastBolusTime":1703345715810,"time":"2023-12-23T15:53:41.217Z"}},{"iob":6.574,"basaliob":-0.963,"bolussnooze":0.3212,"activity":0.0794,"lastBolusTime":1703345715810,"time":"2023-12-23T15:58:41.217Z","iobWithZeroTemp":{"iob":6.378,"basaliob":-1.159,"bolussnooze":0.3212,"activity":0.079,"lastBolusTime":1703345715810,"time":"2023-12-23T15:58:41.217Z"}},{"iob":6.186,"basaliob":-0.917,"bolussnooze":0.2286,"activity":0.0762,"lastBolusTime":1703345715810,"time":"2023-12-23T16:03:41.217Z","iobWithZeroTemp":{"iob":5.921,"basaliob":-1.182,"bolussnooze":0.2286,"activity":0.0755,"lastBolusTime":1703345715810,"time":"2023-12-23T16:03:41.217Z"}},{"iob":5.812,"basaliob":-0.872,"bolussnooze":0.1591,"activity":0.073,"lastBolusTime":1703345715810,"time":"2023-12-23T16:08:41.217Z","iobWithZeroTemp":{"iob":5.481,"basaliob":-1.203,"bolussnooze":0.1591,"activity":0.072,"lastBolusTime":1703345715810,"time":"2023-12-23T16:08:41.217Z"}},{"iob":5.456,"basaliob":-0.827,"bolussnooze":0.1087,"activity":0.0698,"lastBolusTime":1703345715810,"time":"2023-12-23T16:13:41.217Z","iobWithZeroTemp":{"iob":5.06,"basaliob":-1.223,"bolussnooze":0.1087,"activity":0.0684,"lastBolusTime":1703345715810,"time":"2023-12-23T16:13:41.217Z"}},{"iob":5.115,"basaliob":-0.783,"bolussnooze":0.0729,"activity":0.0666,"lastBolusTime":1703345715810,"time":"2023-12-23T16:18:41.217Z","iobWithZeroTemp":{"iob":4.657,"basaliob":-1.241,"bolussnooze":0.0729,"activity":0.0647,"lastBolusTime":1703345715810,"time":"2023-12-23T16:18:41.217Z"}},{"iob":4.79,"basaliob":-0.741,"bolussnooze":0.048,"activity":0.0633,"lastBolusTime":1703345715810,"time":"2023-12-23T16:23:41.217Z","iobWithZeroTemp":{"iob":4.271,"basaliob":-1.26,"bolussnooze":0.048,"activity":0.061,"lastBolusTime":1703345715810,"time":"2023-12-23T16:23:41.217Z"}},{"iob":4.481,"basaliob":-0.7,"bolussnooze":0.0311,"activity":0.0602,"lastBolusTime":1703345715810,"time":"2023-12-23T16:28:41.217Z","iobWithZeroTemp":{"iob":3.904,"basaliob":-1.277,"bolussnooze":0.0311,"activity":0.0574,"lastBolusTime":1703345715810,"time":"2023-12-23T16:28:41.217Z"}},{"iob":4.188,"basaliob":-0.66,"bolussnooze":0.0197,"activity":0.057,"lastBolusTime":1703345715810,"time":"2023-12-23T16:33:41.217Z","iobWithZeroTemp":{"iob":3.555,"basaliob":-1.293,"bolussnooze":0.0197,"activity":0.0537,"lastBolusTime":1703345715810,"time":"2023-12-23T16:33:41.217Z"}},{"iob":3.911,"basaliob":-0.621,"bolussnooze":0.0122,"activity":0.054,"lastBolusTime":1703345715810,"time":"2023-12-23T16:38:41.217Z","iobWithZeroTemp":{"iob":3.225,"basaliob":-1.307,"bolussnooze":0.0122,"activity":0.0503,"lastBolusTime":1703345715810,"time":"2023-12-23T16:38:41.217Z"}},{"iob":3.648,"basaliob":-0.584,"bolussnooze":0.0074,"activity":0.051,"lastBolusTime":1703345715810,"time":"2023-12-23T16:43:41.217Z","iobWithZeroTemp":{"iob":2.911,"basaliob":-1.321,"bolussnooze":0.0074,"activity":0.0468,"lastBolusTime":1703345715810,"time":"2023-12-23T16:43:41.217Z"}},{"iob":3.401,"basaliob":-0.548,"bolussnooze":0.0043,"activity":0.0482,"lastBolusTime":1703345715810,"time":"2023-12-23T16:48:41.217Z","iobWithZeroTemp":{"iob":2.615,"basaliob":-1.334,"bolussnooze":0.0043,"activity":0.0435,"lastBolusTime":1703345715810,"time":"2023-12-23T16:48:41.217Z"}},{"iob":3.167,"basaliob":-0.514,"bolussnooze":0.0024,"activity":0.0454,"lastBolusTime":1703345715810,"time":"2023-12-23T16:53:41.217Z","iobWithZeroTemp":{"iob":2.335,"basaliob":-1.346,"bolussnooze":0.0024,"activity":0.0402,"lastBolusTime":1703345715810,"time":"2023-12-23T16:53:41.217Z"}},{"iob":2.946,"basaliob":-0.482,"bolussnooze":0.0013,"activity":0.0427,"lastBolusTime":1703345715810,"time":"2023-12-23T16:58:41.217Z","iobWithZeroTemp":{"iob":2.071,"basaliob":-1.357,"bolussnooze":0.0013,"activity":0.037,"lastBolusTime":1703345715810,"time":"2023-12-23T16:58:41.217Z"}},{"iob":2.739,"basaliob":-0.451,"bolussnooze":6.0E-4,"activity":0.0402,"lastBolusTime":1703345715810,"time":"2023-12-23T17:03:41.217Z","iobWithZeroTemp":{"iob":1.81,"basaliob":-1.38,"bolussnooze":6.0E-4,"activity":0.0341,"lastBolusTime":1703345715810,"time":"2023-12-23T17:03:41.217Z"}},{"iob":2.544,"basaliob":-0.422,"bolussnooze":3.0E-4,"activity":0.0377,"lastBolusTime":1703345715810,"time":"2023-12-23T17:08:41.217Z","iobWithZeroTemp":{"iob":1.564,"basaliob":-1.402,"bolussnooze":3.0E-4,"activity":0.0311,"lastBolusTime":1703345715810,"time":"2023-12-23T17:08:41.217Z"}},{"iob":2.362,"basaliob":-0.394,"bolussnooze":1.0E-4,"activity":0.0354,"lastBolusTime":1703345715810,"time":"2023-12-23T17:13:41.217Z","iobWithZeroTemp":{"iob":1.333,"basaliob":-1.423,"bolussnooze":1.0E-4,"activity":0.0283,"lastBolusTime":1703345715810,"time":"2023-12-23T17:13:41.217Z"}},{"iob":2.191,"basaliob":-0.368,"bolussnooze":0,"activity":0.0332,"lastBolusTime":1703345715810,"time":"2023-12-23T17:18:41.217Z","iobWithZeroTemp":{"iob":1.115,"basaliob":-1.444,"bolussnooze":0,"activity":0.0257,"lastBolusTime":1703345715810,"time":"2023-12-23T17:18:41.217Z"}},{"iob":2.03,"basaliob":-0.343,"bolussnooze":0,"activity":0.031,"lastBolusTime":1703345715810,"time":"2023-12-23T17:23:41.217Z","iobWithZeroTemp":{"iob":0.91,"basaliob":-1.463,"bolussnooze":0,"activity":0.023,"lastBolusTime":1703345715810,"time":"2023-12-23T17:23:41.217Z"}},{"iob":1.881,"basaliob":-0.319,"bolussnooze":0,"activity":0.029,"lastBolusTime":1703345715810,"time":"2023-12-23T17:28:41.217Z","iobWithZeroTemp":{"iob":0.719,"basaliob":-1.481,"bolussnooze":0,"activity":0.0206,"lastBolusTime":1703345715810,"time":"2023-12-23T17:28:41.217Z"}},{"iob":1.741,"basaliob":-0.297,"bolussnooze":0,"activity":0.0271,"lastBolusTime":1703345715810,"time":"2023-12-23T17:33:41.217Z","iobWithZeroTemp":{"iob":0.539,"basaliob":-1.499,"bolussnooze":0,"activity":0.0182,"lastBolusTime":1703345715810,"time":"2023-12-23T17:33:41.217Z"}},{"iob":1.609,"basaliob":-0.277,"bolussnooze":0,"activity":0.0253,"lastBolusTime":1703345715810,"time":"2023-12-23T17:38:41.217Z","iobWithZeroTemp":{"iob":0.37,"basaliob":-1.516,"bolussnooze":0,"activity":0.016,"lastBolusTime":1703345715810,"time":"2023-12-23T17:38:41.217Z"}},{"iob":1.487,"basaliob":-0.257,"bolussnooze":0,"activity":0.0236,"lastBolusTime":1703345715810,"time":"2023-12-23T17:43:41.217Z","iobWithZeroTemp":{"iob":0.212,"basaliob":-1.532,"bolussnooze":0,"activity":0.0139,"lastBolusTime":1703345715810,"time":"2023-12-23T17:43:41.217Z"}},{"iob":1.373,"basaliob":-0.239,"bolussnooze":0,"activity":0.0219,"lastBolusTime":1703345715810,"time":"2023-12-23T17:48:41.217Z","iobWithZeroTemp":{"iob":0.065,"basaliob":-1.547,"bolussnooze":0,"activity":0.0118,"lastBolusTime":1703345715810,"time":"2023-12-23T17:48:41.217Z"}},{"iob":1.268,"basaliob":-0.221,"bolussnooze":0,"activity":0.0205,"lastBolusTime":1703345715810,"time":"2023-12-23T17:53:41.217Z","iobWithZeroTemp":{"iob":-0.072,"basaliob":-1.561,"bolussnooze":0,"activity":0.01,"lastBolusTime":1703345715810,"time":"2023-12-23T17:53:41.217Z"}},{"iob":1.169,"basaliob":-0.205,"bolussnooze":0,"activity":0.019,"lastBolusTime":1703345715810,"time":"2023-12-23T17:58:41.217Z","iobWithZeroTemp":{"iob":-0.2,"basaliob":-1.574,"bolussnooze":0,"activity":0.0081,"lastBolusTime":1703345715810,"time":"2023-12-23T17:58:41.217Z"}},{"iob":1.077,"basaliob":-0.19,"bolussnooze":0,"activity":0.0177,"lastBolusTime":1703345715810,"time":"2023-12-23T18:03:41.217Z","iobWithZeroTemp":{"iob":-0.324,"basaliob":-1.591,"bolussnooze":0,"activity":0.0065,"lastBolusTime":1703345715810,"time":"2023-12-23T18:03:41.217Z"}},{"iob":0.992,"basaliob":-0.176,"bolussnooze":0,"activity":0.0165,"lastBolusTime":1703345715810,"time":"2023-12-23T18:08:41.217Z","iobWithZeroTemp":{"iob":-0.44,"basaliob":-1.608,"bolussnooze":0,"activity":0.0049,"lastBolusTime":1703345715810,"time":"2023-12-23T18:08:41.217Z"}},{"iob":0.912,"basaliob":-0.163,"bolussnooze":0,"activity":0.0153,"lastBolusTime":1703345715810,"time":"2023-12-23T18:13:41.217Z","iobWithZeroTemp":{"iob":-0.548,"basaliob":-1.623,"bolussnooze":0,"activity":0.0034,"lastBolusTime":1703345715810,"time":"2023-12-23T18:13:41.217Z"}},{"iob":0.84,"basaliob":-0.15,"bolussnooze":0,"activity":0.0141,"lastBolusTime":1703345715810,"time":"2023-12-23T18:18:41.217Z","iobWithZeroTemp":{"iob":-0.647,"basaliob":-1.637,"bolussnooze":0,"activity":0.0019,"lastBolusTime":1703345715810,"time":"2023-12-23T18:18:41.217Z"}},{"iob":0.771,"basaliob":-0.139,"bolussnooze":0,"activity":0.0131,"lastBolusTime":1703345715810,"time":"2023-12-23T18:23:41.217Z","iobWithZeroTemp":{"iob":-0.742,"basaliob":-1.652,"bolussnooze":0,"activity":5.0E-4,"lastBolusTime":1703345715810,"time":"2023-12-23T18:23:41.217Z"}},{"iob":0.708,"basaliob":-0.128,"bolussnooze":0,"activity":0.0121,"lastBolusTime":1703345715810,"time":"2023-12-23T18:28:41.217Z","iobWithZeroTemp":{"iob":-0.829,"basaliob":-1.665,"bolussnooze":0,"activity":-8.0E-4,"lastBolusTime":1703345715810,"time":"2023-12-23T18:28:41.217Z"}},{"iob":0.65,"basaliob":-0.118,"bolussnooze":0,"activity":0.0113,"lastBolusTime":1703345715810,"time":"2023-12-23T18:33:41.217Z","iobWithZeroTemp":{"iob":-0.909,"basaliob":-1.677,"bolussnooze":0,"activity":-0.0018,"lastBolusTime":1703345715810,"time":"2023-12-23T18:33:41.217Z"}},{"iob":0.596,"basaliob":-0.109,"bolussnooze":0,"activity":0.0104,"lastBolusTime":1703345715810,"time":"2023-12-23T18:38:41.217Z","iobWithZeroTemp":{"iob":-0.984,"basaliob":-1.689,"bolussnooze":0,"activity":-0.003,"lastBolusTime":1703345715810,"time":"2023-12-23T18:38:41.217Z"}},{"iob":0.546,"basaliob":-0.1,"bolussnooze":0,"activity":0.0096,"lastBolusTime":1703345715810,"time":"2023-12-23T18:43:41.217Z","iobWithZeroTemp":{"iob":-1.054,"basaliob":-1.7,"bolussnooze":0,"activity":-0.0041,"lastBolusTime":1703345715810,"time":"2023-12-23T18:43:41.217Z"}},{"iob":0.499,"basaliob":-0.093,"bolussnooze":0,"activity":0.0089,"lastBolusTime":1703345715810,"time":"2023-12-23T18:48:41.217Z","iobWithZeroTemp":{"iob":-1.12,"basaliob":-1.712,"bolussnooze":0,"activity":-0.005,"lastBolusTime":1703345715810,"time":"2023-12-23T18:48:41.217Z"}},{"iob":0.457,"basaliob":-0.085,"bolussnooze":0,"activity":0.0082,"lastBolusTime":1703345715810,"time":"2023-12-23T18:53:41.217Z","iobWithZeroTemp":{"iob":-1.179,"basaliob":-1.721,"bolussnooze":0,"activity":-0.006,"lastBolusTime":1703345715810,"time":"2023-12-23T18:53:41.217Z"}},{"iob":0.418,"basaliob":-0.078,"bolussnooze":0,"activity":0.0076,"lastBolusTime":1703345715810,"time":"2023-12-23T18:58:41.217Z","iobWithZeroTemp":{"iob":-1.234,"basaliob":-1.73,"bolussnooze":0,"activity":-0.0068,"lastBolusTime":1703345715810,"time":"2023-12-23T18:58:41.217Z"}},{"iob":0.381,"basaliob":-0.072,"bolussnooze":0,"activity":0.007,"lastBolusTime":1703345715810,"time":"2023-12-23T19:03:41.217Z","iobWithZeroTemp":{"iob":-1.286,"basaliob":-1.739,"bolussnooze":0,"activity":-0.0076,"lastBolusTime":1703345715810,"time":"2023-12-23T19:03:41.217Z"}},{"iob":0.348,"basaliob":-0.066,"bolussnooze":0,"activity":0.0064,"lastBolusTime":1703345715810,"time":"2023-12-23T19:08:41.217Z","iobWithZeroTemp":{"iob":-1.333,"basaliob":-1.747,"bolussnooze":0,"activity":-0.0084,"lastBolusTime":1703345715810,"time":"2023-12-23T19:08:41.217Z"}},{"iob":0.318,"basaliob":-0.06,"bolussnooze":0,"activity":0.0059,"lastBolusTime":1703345715810,"time":"2023-12-23T19:13:41.217Z","iobWithZeroTemp":{"iob":-1.376,"basaliob":-1.754,"bolussnooze":0,"activity":-0.0091,"lastBolusTime":1703345715810,"time":"2023-12-23T19:13:41.217Z"}},{"iob":0.29,"basaliob":-0.055,"bolussnooze":0,"activity":0.0054,"lastBolusTime":1703345715810,"time":"2023-12-23T19:18:41.217Z","iobWithZeroTemp":{"iob":-1.416,"basaliob":-1.761,"bolussnooze":0,"activity":-0.0098,"lastBolusTime":1703345715810,"time":"2023-12-23T19:18:41.217Z"}},{"iob":0.263,"basaliob":-0.051,"bolussnooze":0,"activity":0.005,"lastBolusTime":1703345715810,"time":"2023-12-23T19:23:41.217Z","iobWithZeroTemp":{"iob":-1.455,"basaliob":-1.769,"bolussnooze":0,"activity":-0.0103,"lastBolusTime":1703345715810,"time":"2023-12-23T19:23:41.217Z"}},{"iob":0.24,"basaliob":-0.046,"bolussnooze":0,"activity":0.0046,"lastBolusTime":1703345715810,"time":"2023-12-23T19:28:41.217Z","iobWithZeroTemp":{"iob":-1.488,"basaliob":-1.774,"bolussnooze":0,"activity":-0.0109,"lastBolusTime":1703345715810,"time":"2023-12-23T19:28:41.217Z"}},{"iob":0.217,"basaliob":-0.043,"bolussnooze":0,"activity":0.0042,"lastBolusTime":1703345715810,"time":"2023-12-23T19:33:41.217Z","iobWithZeroTemp":{"iob":-1.521,"basaliob":-1.781,"bolussnooze":0,"activity":-0.0114,"lastBolusTime":1703345715810,"time":"2023-12-23T19:33:41.217Z"}},{"iob":0.197,"basaliob":-0.039,"bolussnooze":0,"activity":0.0039,"lastBolusTime":1703345715810,"time":"2023-12-23T19:38:41.217Z","iobWithZeroTemp":{"iob":-1.55,"basaliob":-1.786,"bolussnooze":0,"activity":-0.0119,"lastBolusTime":1703345715810,"time":"2023-12-23T19:38:41.217Z"}}],"profile":{"max_iob":15,"type":"current","max_daily_basal":1.2,"max_basal":3.4,"min_bg":99,"max_bg":99,"target_bg":99,"carb_ratio":5.238095238095238,"sens":20.57142857142857,"max_daily_safety_multiplier":3,"current_basal_safety_multiplier":4,"high_temptarget_raises_sensitivity":false,"low_temptarget_lowers_sensitivity":false,"sensitivity_raises_target":true,"resistance_lowers_target":true,"adv_target_adjustments":false,"exercise_mode":false,"half_basal_exercise_target":160,"maxCOB":120,"skip_neutral_temps":false,"remainingCarbsCap":90,"enableUAM":true,"A52_risk_enable":false,"SMBInterval":3,"enableSMB_with_COB":true,"enableSMB_with_temptarget":true,"allowSMB_with_high_temptarget":false,"enableSMB_always":false,"enableSMB_after_carbs":true,"maxSMBBasalMinutes":80,"maxUAMSMBBasalMinutes":60,"bolus_increment":0.05,"carbsReqThreshold":10,"current_basal":0.85,"temptargetSet":false,"autosens_max":1.2,"out_units":"mmol\/L"},"autosens_data":{"ratio":1},"meal_data":{"carbs":60,"mealCOB":12.336243386243371,"slopeFromMaxDeviation":-1.0477,"slopeFromMinDeviation":0,"lastBolusTime":1703345715810,"lastCarbTime":1703345683841},"microBolusAllowed":true,"currentTime":1703346224513,"flatBGsDetected":false},"output":{"temp":"absolute","bg":212,"tick":-5,"eventualBG":97,"targetBG":99,"insulinReq":0,"deliverAt":"2023-12-23T15:43:44.513Z","sensitivityRatio":1,"predBGs":{"IOB":[212,207,201,196,190,185,179,174,168,163,157,152,146,141,136,131,127,123,119,115,112,108,105,103,100,98,95,93,91,89,88,86,85,83,82,81,80,79,78,77,76,76,75,74,74,73,73,72],"ZT":[212,203,194,186,178,170,162,155,149,142,136,131,126,121,116,112,109,105,102,99,96,94,92,90,88,87,86,85,84,83,83,82,82,82,82,82,83,83,83,84,85,86,86,87,88,89,91,92],"COB":[212,207,202,197,192,187,183,178,174,170,166,163,159,156,152,149,146,143,140,138,135,132,130,127,125,122,120,118,116,114,112,111,109,108,107,105,104,103,102,102,101,100,99,99,98,98,97],"UAM":[212,206,199,191,183,175,168,161,154,147,141,135,130,124,119,115,110,106,102,99,95,92,89,86,84,81,79,77,75,73,71,70,68,67,66,65,64,63,62,61,60,59,59,58,57,57,57,56]},"COB":12.336243386243371,"IOB":7.83,"reason":"COB: 12.3, Dev: 1.3, BGI: -0.5, ISF: 1.1, CR: 5.24, Target: 5.5, minPredBG 4.6, minGuardBG 3.6, IOBpredBG 4.0, COBpredBG 5.4, UAMpredBG 3.1; minGuardBG 3.6<3.9","duration":120,"rate":0,"timestamp":"2023-12-23T15:43:44.781Z"}}