{"algorithm":"OpenAPSSMBPlugin","input":{"glucoseStatus":{"glucose":94,"noise":0,"delta":4,"short_avgdelta":3.11,"long_avgdelta":0.43,"date":1703494994000},"currenttemp":{"temp":"absolute","duration":10,"rate":0,"minutesrunning":50},"iob_data":[{"iob":8.916,"basaliob":-0.118,"bolussnooze":8.4735,"activity":0.0163,"lastBolusTime":1703494759438,"time":"2023-12-25T09:03:45.219Z","iobWithZeroTemp":{"iob":8.916,"basaliob":-0.118,"bolussnooze":8.4735,"activity":0.0163,"lastBolusTime":1703494759438,"time":"2023-12-25T09:03:45.219Z"}},{"iob":8.806,"basaliob":-0.134,"bolussnooze":7.0848,"activity":0.0273,"lastBolusTime":1703494759438,"time":"2023-12-25T09:08:45.219Z","iobWithZeroTemp":{"iob":8.739,"basaliob":-0.201,"bolussnooze":7.0848,"activity":0.0273,"lastBolusTime":1703494759438,"time":"2023-12-25T09:08:45.219Z"}},{"iob":8.645,"basaliob":-0.147,"bolussnooze":5.5484,"activity":0.0364,"lastBolusTime":1703494759438,"time":"2023-12-25T09:13:45.219Z","iobWithZeroTemp":{"iob":8.495,"basaliob":-0.297,"bolussnooze":5.5484,"activity":0.0362,"lastBolusTime":1703494759438,"time":"2023-12-25T09:13:45.219Z"}},{"iob":8.445,"basaliob":-0.156,"bolussnooze":4.1604,"activity":0.0436,"lastBolusTime":1703494759438,"time":"2023-12-25T09:18:45.219Z","iobWithZeroTemp":{"iob":8.213,"basaliob":-0.388,"bolussnooze":4.1604,"activity":0.0431,"lastBolusTime":1703494759438,"time":"2023-12-25T09:18:45.219Z"}},{"iob":8.212,"basaliob":-0.163,"bolussnooze":3.0219,"activity":0.0493,"lastBolusTime":1703494759438,"time":"2023-12-25T09:23:45.219Z","iobWithZeroTemp":{"iob":7.9,"basaliob":-0.475,"bolussnooze":3.0219,"activity":0.0485,"lastBolusTime":1703494759438,"time":"2023-12-25T09:23:45.219Z"}},{"iob":7.955,"basaliob":-0.167,"bolussnooze":2.1403,"activity":0.0537,"lastBolusTime":1703494759438,"time":"2023-12-25T09:28:45.219Z","iobWithZeroTemp":{"iob":7.564,"basaliob":-0.558,"bolussnooze":2.1403,"activity":0.0525,"lastBolusTime":1703494759438,"time":"2023-12-25T09:28:45.219Z"}},{"iob":7.678,"basaliob":-0.169,"bolussnooze":1.484,"activity":0.0569,"lastBolusTime":1703494759438,"time":"2023-12-25T09:33:45.219Z","iobWithZeroTemp":{"iob":7.211,"basaliob":-0.636,"bolussnooze":1.484,"activity":0.0552,"lastBolusTime":1703494759438,"time":"2023-12-25T09:33:45.219Z"}},{"iob":7.387,"basaliob":-0.17,"bolussnooze":1.0096,"activity":0.0592,"lastBolusTime":1703494759438,"time":"2023-12-25T09:38:45.219Z","iobWithZeroTemp":{"iob":6.846,"basaliob":-0.711,"bolussnooze":1.0096,"activity":0.057,"lastBolusTime":1703494759438,"time":"2023-12-25T09:38:45.219Z"}},{"iob":7.087,"basaliob":-0.169,"bolussnooze":0.6747,"activity":0.0606,"lastBolusTime":1703494759438,"time":"2023-12-25T09:43:45.219Z","iobWithZeroTemp":{"iob":6.475,"basaliob":-0.781,"bolussnooze":0.6747,"activity":0.0579,"lastBolusTime":1703494759438,"time":"2023-12-25T09:43:45.219Z"}},{"iob":6.781,"basaliob":-0.168,"bolussnooze":0.443,"activity":0.0614,"lastBolusTime":1703494759438,"time":"2023-12-25T09:48:45.219Z","iobWithZeroTemp":{"iob":6.1,"basaliob":-0.849,"bolussnooze":0.443,"activity":0.0581,"lastBolusTime":1703494759438,"time":"2023-12-25T09:48:45.219Z"}},{"iob":6.473,"basaliob":-0.165,"bolussnooze":0.2856,"activity":0.0615,"lastBolusTime":1703494759438,"time":"2023-12-25T09:53:45.219Z","iobWithZeroTemp":{"iob":5.726,"basaliob":-0.912,"bolussnooze":0.2856,"activity":0.0577,"lastBolusTime":1703494759438,"time":"2023-12-25T09:53:45.219Z"}},{"iob":6.167,"basaliob":-0.161,"bolussnooze":0.1805,"activity":0.0612,"lastBolusTime":1703494759438,"time":"2023-12-25T09:58:45.219Z","iobWithZeroTemp":{"iob":5.357,"basaliob":-0.971,"bolussnooze":0.1805,"activity":0.0568,"lastBolusTime":1703494759438,"time":"2023-12-25T09:58:45.219Z"}},{"iob":5.862,"basaliob":-0.157,"bolussnooze":0.1115,"activity":0.0605,"lastBolusTime":1703494759438,"time":"2023-12-25T10:03:45.219Z","iobWithZeroTemp":{"iob":4.992,"basaliob":-1.027,"bolussnooze":0.1115,"activity":0.0555,"lastBolusTime":1703494759438,"time":"2023-12-25T10:03:45.219Z"}},{"iob":5.562,"basaliob":-0.152,"bolussnooze":0.0671,"activity":0.0594,"lastBolusTime":1703494759438,"time":"2023-12-25T10:08:45.219Z","iobWithZeroTemp":{"iob":4.635,"basaliob":-1.079,"bolussnooze":0.0671,"activity":0.0538,"lastBolusTime":1703494759438,"time":"2023-12-25T10:08:45.219Z"}},{"iob":5.269,"basaliob":-0.147,"bolussnooze":0.039,"activity":0.058,"lastBolusTime":1703494759438,"time":"2023-12-25T10:13:45.219Z","iobWithZeroTemp":{"iob":4.288,"basaliob":-1.128,"bolussnooze":0.039,"activity":0.0519,"lastBolusTime":1703494759438,"time":"2023-12-25T10:13:45.219Z"}},{"iob":4.983,"basaliob":-0.141,"bolussnooze":0.0217,"activity":0.0564,"lastBolusTime":1703494759438,"time":"2023-12-25T10:18:45.219Z","iobWithZeroTemp":{"iob":3.95,"basaliob":-1.174,"bolussnooze":0.0217,"activity":0.0497,"lastBolusTime":1703494759438,"time":"2023-12-25T10:18:45.219Z"}},{"iob":4.705,"basaliob":-0.136,"bolussnooze":0.0114,"activity":0.0547,"lastBolusTime":1703494759438,"time":"2023-12-25T10:23:45.219Z","iobWithZeroTemp":{"iob":3.623,"basaliob":-1.218,"bolussnooze":0.0114,"activity":0.0475,"lastBolusTime":1703494759438,"time":"2023-12-25T10:23:45.219Z"}},{"iob":4.436,"basaliob":-0.13,"bolussnooze":0.0055,"activity":0.0528,"lastBolusTime":1703494759438,"time":"2023-12-25T10:28:45.219Z","iobWithZeroTemp":{"iob":3.308,"basaliob":-1.258,"bolussnooze":0.0055,"activity":0.0451,"lastBolusTime":1703494759438,"time":"2023-12-25T10:28:45.219Z"}},{"iob":4.178,"basaliob":-0.124,"bolussnooze":0.0023,"activity":0.0507,"lastBolusTime":1703494759438,"time":"2023-12-25T10:33:45.219Z","iobWithZeroTemp":{"iob":3.006,"basaliob":-1.296,"bolussnooze":0.0023,"activity":0.0425,"lastBolusTime":1703494759438,"time":"2023-12-25T10:33:45.219Z"}},{"iob":3.928,"basaliob":-0.119,"bolussnooze":7.0E-4,"activity":0.0487,"lastBolusTime":1703494759438,"time":"2023-12-25T10:38:45.219Z","iobWithZeroTemp":{"iob":2.715,"basaliob":-1.332,"bolussnooze":7.0E-4,"activity":0.04,"lastBolusTime":1703494759438,"time":"2023-12-25T10:38:45.219Z"}},{"iob":3.69,"basaliob":-0.113,"bolussnooze":1.0E-4,"activity":0.0467,"lastBolusTime":1703494759438,"time":"2023-12-25T10:43:45.219Z","iobWithZeroTemp":{"iob":2.438,"basaliob":-1.365,"bolussnooze":1.0E-4,"activity":0.0375,"lastBolusTime":1703494759438,"time":"2023-12-25T10:43:45.219Z"}},{"iob":3.462,"basaliob":-0.107,"bolussnooze":0,"activity":0.0446,"lastBolusTime":1703494759438,"time":"2023-12-25T10:48:45.219Z","iobWithZeroTemp":{"iob":2.174,"basaliob":-1.395,"bolussnooze":0,"activity":0.0349,"lastBolusTime":1703494759438,"time":"2023-12-25T10:48:45.219Z"}},{"iob":3.244,"basaliob":-0.102,"bolussnooze":0,"activity":0.0424,"lastBolusTime":1703494759438,"time":"2023-12-25T10:53:45.219Z","iobWithZeroTemp":{"iob":1.922,"basaliob":-1.424,"bolussnooze":0,"activity":0.0323,"lastBolusTime":1703494759438,"time":"2023-12-25T10:53:45.219Z"}},{"iob":3.038,"basaliob":-0.096,"bolussnooze":0,"activity":0.0403,"lastBolusTime":1703494759438,"time":"2023-12-25T10:58:45.219Z","iobWithZeroTemp":{"iob":1.684,"basaliob":-1.45,"bolussnooze":0,"activity":0.0298,"lastBolusTime":1703494759438,"time":"2023-12-25T10:58:45.219Z"}},{"iob":2.841,"basaliob":-0.091,"bolussnooze":0,"activity":0.0383,"lastBolusTime":1703494759438,"time":"2023-12-25T11:03:45.219Z","iobWithZeroTemp":{"iob":1.442,"basaliob":-1.49,"bolussnooze":0,"activity":0.0274,"lastBolusTime":1703494759438,"time":"2023-12-25T11:03:45.219Z"}},{"iob":2.654,"basaliob":-0.086,"bolussnooze":0,"activity":0.0363,"lastBolusTime":1703494759438,"time":"2023-12-25T11:08:45.219Z","iobWithZeroTemp":{"iob":1.213,"basaliob":-1.527,"bolussnooze":0,"activity":0.025,"lastBolusTime":1703494759438,"time":"2023-12-25T11:08:45.219Z"}},{"iob":2.478,"basaliob":-0.081,"bolussnooze":0,"activity":0.0343,"lastBolusTime":1703494759438,"time":"2023-12-25T11:13:45.219Z","iobWithZeroTemp":{"iob":0.996,"basaliob":-1.563,"bolussnooze":0,"activity":0.0226,"lastBolusTime":1703494759438,"time":"2023-12-25T11:13:45.219Z"}},{"iob":2.311,"basaliob":-0.076,"bolussnooze":0,"activity":0.0325,"lastBolusTime":1703494759438,"time":"2023-12-25T11:18:45.219Z","iobWithZeroTemp":{"iob":0.791,"basaliob":-1.596,"bolussnooze":0,"activity":0.0204,"lastBolusTime":1703494759438,"time":"2023-12-25T11:18:45.219Z"}},{"iob":2.153,"basaliob":-0.072,"bolussnooze":0,"activity":0.0306,"lastBolusTime":1703494759438,"time":"2023-12-25T11:23:45.219Z","iobWithZeroTemp":{"iob":0.596,"basaliob":-1.629,"bolussnooze":0,"activity":0.0181,"lastBolusTime":1703494759438,"time":"2023-12-25T11:23:45.219Z"}},{"iob":2.005,"basaliob":-0.067,"bolussnooze":0,"activity":0.0289,"lastBolusTime":1703494759438,"time":"2023-12-25T11:28:45.219Z","iobWithZeroTemp":{"iob":0.414,"basaliob":-1.658,"bolussnooze":0,"activity":0.016,"lastBolusTime":1703494759438,"time":"2023-12-25T11:28:45.219Z"}},{"iob":1.865,"basaliob":-0.063,"bolussnooze":0,"activity":0.0271,"lastBolusTime":1703494759438,"time":"2023-12-25T11:33:45.219Z","iobWithZeroTemp":{"iob":0.241,"basaliob":-1.687,"bolussnooze":0,"activity":0.0138,"lastBolusTime":1703494759438,"time":"2023-12-25T11:33:45.219Z"}},{"iob":1.734,"basaliob":-0.059,"bolussnooze":0,"activity":0.0255,"lastBolusTime":1703494759438,"time":"2023-12-25T11:38:45.219Z","iobWithZeroTemp":{"iob":0.079,"basaliob":-1.714,"bolussnooze":0,"activity":0.0119,"lastBolusTime":1703494759438,"time":"2023-12-25T11:38:45.219Z"}},{"iob":1.609,"basaliob":-0.056,"bolussnooze":0,"activity":0.024,"lastBolusTime":1703494759438,"time":"2023-12-25T11:43:45.219Z","iobWithZeroTemp":{"iob":-0.075,"basaliob":-1.74,"bolussnooze":0,"activity":0.01,"lastBolusTime":1703494759438,"time":"2023-12-25T11:43:45.219Z"}},{"iob":1.494,"basaliob":-0.052,"bolussnooze":0,"activity":0.0224,"lastBolusTime":1703494759438,"time":"2023-12-25T11:48:45.219Z","iobWithZeroTemp":{"iob":-0.217,"basaliob":-1.763,"bolussnooze":0,"activity":0.0081,"lastBolusTime":1703494759438,"time":"2023-12-25T11:48:45.219Z"}},{"iob":1.385,"basaliob":-0.049,"bolussnooze":0,"activity":0.021,"lastBolusTime":1703494759438,"time":"2023-12-25T11:53:45.219Z","iobWithZeroTemp":{"iob":-0.352,"basaliob":-1.786,"bolussnooze":0,"activity":0.0064,"lastBolusTime":1703494759438,"time":"2023-12-25T11:53:45.219Z"}},{"iob":1.284,"basaliob":-0.045,"bolussnooze":0,"activity":0.0197,"lastBolusTime":1703494759438,"time":"2023-12-25T11:58:45.219Z","iobWithZeroTemp":{"iob":-0.477,"basaliob":-1.806,"bolussnooze":0,"activity":0.0048,"lastBolusTime":1703494759438,"time":"2023-12-25T11:58:45.219Z"}},{"iob":1.189,"basaliob":-0.042,"bolussnooze":0,"activity":0.0184,"lastBolusTime":1703494759438,"time":"2023-12-25T12:03:45.219Z","iobWithZeroTemp":{"iob":-0.6,"basaliob":-1.831,"bolussnooze":0,"activity":0.0032,"lastBolusTime":1703494759438,"time":"2023-12-25T12:03:45.219Z"}},{"iob":1.099,"basaliob":-0.04,"bolussnooze":0,"activity":0.0171,"lastBolusTime":1703494759438,"time":"2023-12-25T12:08:45.219Z","iobWithZeroTemp":{"iob":-0.716,"basaliob":-1.855,"bolussnooze":0,"activity":0.0016,"lastBolusTime":1703494759438,"time":"2023-12-25T12:08:45.219Z"}},{"iob":1.017,"basaliob":-0.037,"bolussnooze":0,"activity":0.016,"lastBolusTime":1703494759438,"time":"2023-12-25T12:13:45.219Z","iobWithZeroTemp":{"iob":-0.823,"basaliob":-1.877,"bolussnooze":0,"activity":2.0E-4,"lastBolusTime":1703494759438,"time":"2023-12-25T12:13:45.219Z"}},{"iob":0.94,"basaliob":-0.034,"bolussnooze":0,"activity":0.0149,"lastBolusTime":1703494759438,"time":"2023-12-25T12:18:45.219Z","iobWithZeroTemp":{"iob":-0.924,"basaliob":-1.898,"bolussnooze":0,"activity":-0.0012,"lastBolusTime":1703494759438,"time":"2023-12-25T12:18:45.219Z"}},{"iob":0.867,"basaliob":-0.032,"bolussnooze":0,"activity":0.0139,"lastBolusTime":1703494759438,"time":"2023-12-25T12:23:45.219Z","iobWithZeroTemp":{"iob":-1.019,"basaliob":-1.918,"bolussnooze":0,"activity":-0.0024,"lastBolusTime":1703494759438,"time":"2023-12-25T12:23:45.219Z"}},{"iob":0.8,"basaliob":-0.03,"bolussnooze":0,"activity":0.013,"lastBolusTime":1703494759438,"time":"2023-12-25T12:28:45.219Z","iobWithZeroTemp":{"iob":-1.107,"basaliob":-1.937,"bolussnooze":0,"activity":-0.0036,"lastBolusTime":1703494759438,"time":"2023-12-25T12:28:45.219Z"}},{"iob":0.738,"basaliob":-0.028,"bolussnooze":0,"activity":0.012,"lastBolusTime":1703494759438,"time":"2023-12-25T12:33:45.219Z","iobWithZeroTemp":{"iob":-1.188,"basaliob":-1.954,"bolussnooze":0,"activity":-0.0048,"lastBolusTime":1703494759438,"time":"2023-12-25T12:33:45.219Z"}},{"iob":0.68,"basaliob":-0.026,"bolussnooze":0,"activity":0.0112,"lastBolusTime":1703494759438,"time":"2023-12-25T12:38:45.219Z","iobWithZeroTemp":{"iob":-1.265,"basaliob":-1.971,"bolussnooze":0,"activity":-0.0059,"lastBolusTime":1703494759438,"time":"2023-12-25T12:38:45.219Z"}},{"iob":0.626,"basaliob":-0.024,"bolussnooze":0,"activity":0.0103,"lastBolusTime":1703494759438,"time":"2023-12-25T12:43:45.219Z","iobWithZeroTemp":{"iob":-1.336,"basaliob":-1.986,"bolussnooze":0,"activity":-0.007,"lastBolusTime":1703494759438,"time":"2023-12-25T12:43:45.219Z"}},{"iob":0.576,"basaliob":-0.022,"bolussnooze":0,"activity":0.0097,"lastBolusTime":1703494759438,"time":"2023-12-25T12:48:45.219Z","iobWithZeroTemp":{"iob":-1.402,"basaliob":-2,"bolussnooze":0,"activity":-0.0078,"lastBolusTime":1703494759438,"time":"2023-12-25T12:48:45.219Z"}},{"iob":0.53,"basaliob":-0.02,"bolussnooze":0,"activity":0.009,"lastBolusTime":1703494759438,"time":"2023-12-25T12:53:45.219Z","iobWithZeroTemp":{"iob":-1.463,"basaliob":-2.013,"bolussnooze":0,"activity":-0.0087,"lastBolusTime":1703494759438,"time":"2023-12-25T12:53:45.219Z"}},{"iob":0.486,"basaliob":-0.019,"bolussnooze":0,"activity":0.0083,"lastBolusTime":1703494759438,"time":"2023-12-25T12:58:45.219Z","iobWithZeroTemp":{"iob":-1.522,"basaliob":-2.027,"bolussnooze":0,"activity":-0.0096,"lastBolusTime":1703494759438,"time":"2023-12-25T12:58:45.219Z"}}],"profile":{"max_iob":15,"type":"current","max_daily_basal":1.2,"max_basal":3.4,"min_bg":99,"max_bg":99,"target_bg":99,"carb_ratio":4.285714285714286,"sens":20.57142857142857,"max_daily_safety_multiplier":3,"current_basal_safety_multiplier":4,"high_temptarget_raises_sensitivity":false,"low_temptarget_lowers_sensitivity":false,"sensitivity_raises_target":true,"resistance_lowers_target":true,"adv_target_adjustments":false,"exercise_mode":false,"half_basal_exercise_target":160,"maxCOB":120,"skip_neutral_temps":false,"remainingCarbsCap":90,"enableUAM":true,"A52_risk_enable":false,"SMBInterval":3,"enableSMB_with_COB":true,"enableSMB_with_temptarget":true,"allowSMB_with_high_temptarget":false,"enableSMB_always":false,"enableSMB_after_carbs":true,"maxSMBBasalMinutes":80,"maxUAMSMBBasalMinutes":60,"bolus_increment":0.05,"carbsReqThreshold":10,"current_basal":0.85,"temptargetSet":false,"autosens_max":1.2,"out_units":"mmol\/L"},"autosens_data":{"ratio":1.18},"meal_data":{"carbs":50,"mealCOB":50,"slopeFromMaxDeviation":0,"slopeFromMinDeviation":0.7108333333333334,"lastBolusTime":1703494759438,"lastCarbTime":1703494451235},"microBolusAllowed":true,"currentTime":1703495027485,"flatBGsDetected":false},"output":{"temp":"absolute","bg":94,"tick":"+4","eventualBG":148,"targetBG":93,"insulinReq":3.1,"deliverAt":"2023-12-25T09:03:47.485Z","sensitivityRatio":1.18,"predBGs":{"IOB":[94,97,98,98,97,96,93,90,87,83,78,73,68,62,57,52,47,42,39],"ZT":[94,93,90,87,83,79,75,70,65,60,55,50,45,40,39,39,39,39,39,39,39,39,39,39,39,39,39,39,39,39,39,39,39,39,39,39,39,39,39,39,39,39,39,39,39,39,39,39],"COB":[94,97,100,102,104,106,108,110,112,114,116,119,122,125,129,133,138,143,147,151,155,158,161,164,166,168,169,170,170,170,170,169,168,166,164,162,160,159,157,156,155,153,152,151,150,149,149,148],"UAM":[94,97,98,99,99,98,96,94,92,89,86,82,78,75,71,67,62,58,54,49,45,41,39]},"COB":50,"IOB":8.916,"reason":"COB: 50, Dev: 1.5, BGI: -0.1, ISF: 1.0, CR: 4.29, Target: 5.2, minPredBG 8.2, minGuardBG 5.4, IOBpredBG 2.2, COBpredBG 8.2, UAMpredBG 2.2; Eventual BG 8.2 >= 5.2,  insulinReq 3.1; maxBolus 1.1; setting 60m low temp of 0U\/h. Microbolusing 1.1U. ","units":1.1,"rate":0,"duration":60,"timestamp":"2023-12-25T09:03:47.541Z"}}