{"algorithm":"OpenAPSSMBPlugin","input":{"glucoseStatus":{"glucose":108,"noise":0,"delta":5,"short_avgdelta":3.61,"long_avgdelta":-0.07,"date":1703474593000},"currenttemp":{"temp":"absolute","duration":25,"rate":1.4,"minutesrunning":5},"iob_data":[{"iob":-0.13,"basaliob":-0.925,"bolussnooze":0,"activity":0.0033,"lastBolusTime":1703474334617,"time":"2023-12-25T03:23:44.165Z","iobWithZeroTemp":{"iob":-0.13,"basaliob":-0.925,"bolussnooze":0,"activity":0.0033,"lastBolusTime":1703474334617,"time":"2023-12-25T03:23:44.165Z"}},{"iob":-0.145,"basaliob":-0.888,"bolussnooze":0,"activity":0.0026,"lastBolusTime":1703474334617,"time":"2023-12-25T03:28:44.165Z","iobWithZeroTemp":{"iob":-0.225,"basaliob":-0.968,"bolussnooze":0,"activity":0.0025,"lastBolusTime":1703474334617,"time":"2023-12-25T03:28:44.165Z"}},{"iob":-0.156,"basaliob":-0.85,"bolussnooze":0,"activity":0.002,"lastBolusTime":1703474334617,"time":"2023-12-25T03:33:44.165Z","iobWithZeroTemp":{"iob":-0.335,"basaliob":-1.029,"bolussnooze":0,"activity":0.0018,"lastBolusTime":1703474334617,"time":"2023-12-25T03:33:44.165Z"}},{"iob":-0.163,"basaliob":-0.811,"bolussnooze":0,"activity":0.0013,"lastBolusTime":1703474334617,"time":"2023-12-25T03:38:44.165Z","iobWithZeroTemp":{"iob":-0.44,"basaliob":-1.088,"bolussnooze":0,"activity":7.0E-4,"lastBolusTime":1703474334617,"time":"2023-12-25T03:38:44.165Z"}},{"iob":-0.169,"basaliob":-0.773,"bolussnooze":0,"activity":9.0E-4,"lastBolusTime":1703474334617,"time":"2023-12-25T03:43:44.165Z","iobWithZeroTemp":{"iob":-0.543,"basaliob":-1.147,"bolussnooze":0,"activity":-1.0E-4,"lastBolusTime":1703474334617,"time":"2023-12-25T03:43:44.165Z"}},{"iob":-0.173,"basaliob":-0.735,"bolussnooze":0,"activity":5.0E-4,"lastBolusTime":1703474334617,"time":"2023-12-25T03:48:44.165Z","iobWithZeroTemp":{"iob":-0.641,"basaliob":-1.203,"bolussnooze":0,"activity":-0.001,"lastBolusTime":1703474334617,"time":"2023-12-25T03:48:44.165Z"}},{"iob":-0.175,"basaliob":-0.698,"bolussnooze":0,"activity":2.0E-4,"lastBolusTime":1703474334617,"time":"2023-12-25T03:53:44.165Z","iobWithZeroTemp":{"iob":-0.734,"basaliob":-1.257,"bolussnooze":0,"activity":-0.0018,"lastBolusTime":1703474334617,"time":"2023-12-25T03:53:44.165Z"}},{"iob":-0.175,"basaliob":-0.661,"bolussnooze":0,"activity":-2.0E-4,"lastBolusTime":1703474334617,"time":"2023-12-25T03:58:44.165Z","iobWithZeroTemp":{"iob":-0.822,"basaliob":-1.308,"bolussnooze":0,"activity":-0.0028,"lastBolusTime":1703474334617,"time":"2023-12-25T03:58:44.165Z"}},{"iob":-0.173,"basaliob":-0.625,"bolussnooze":0,"activity":-4.0E-4,"lastBolusTime":1703474334617,"time":"2023-12-25T04:03:44.165Z","iobWithZeroTemp":{"iob":-0.903,"basaliob":-1.355,"bolussnooze":0,"activity":-0.0037,"lastBolusTime":1703474334617,"time":"2023-12-25T04:03:44.165Z"}},{"iob":-0.171,"basaliob":-0.59,"bolussnooze":0,"activity":-5.0E-4,"lastBolusTime":1703474334617,"time":"2023-12-25T04:08:44.165Z","iobWithZeroTemp":{"iob":-0.981,"basaliob":-1.4,"bolussnooze":0,"activity":-0.0044,"lastBolusTime":1703474334617,"time":"2023-12-25T04:08:44.165Z"}},{"iob":-0.168,"basaliob":-0.557,"bolussnooze":0,"activity":-7.0E-4,"lastBolusTime":1703474334617,"time":"2023-12-25T04:13:44.165Z","iobWithZeroTemp":{"iob":-1.054,"basaliob":-1.443,"bolussnooze":0,"activity":-0.0053,"lastBolusTime":1703474334617,"time":"2023-12-25T04:13:44.165Z"}},{"iob":-0.164,"basaliob":-0.524,"bolussnooze":0,"activity":-9.0E-4,"lastBolusTime":1703474334617,"time":"2023-12-25T04:18:44.165Z","iobWithZeroTemp":{"iob":-1.123,"basaliob":-1.483,"bolussnooze":0,"activity":-0.0062,"lastBolusTime":1703474334617,"time":"2023-12-25T04:18:44.165Z"}},{"iob":-0.159,"basaliob":-0.493,"bolussnooze":0,"activity":-9.0E-4,"lastBolusTime":1703474334617,"time":"2023-12-25T04:23:44.165Z","iobWithZeroTemp":{"iob":-1.188,"basaliob":-1.522,"bolussnooze":0,"activity":-0.0068,"lastBolusTime":1703474334617,"time":"2023-12-25T04:23:44.165Z"}},{"iob":-0.154,"basaliob":-0.463,"bolussnooze":0,"activity":-0.0011,"lastBolusTime":1703474334617,"time":"2023-12-25T04:28:44.165Z","iobWithZeroTemp":{"iob":-1.249,"basaliob":-1.558,"bolussnooze":0,"activity":-0.0077,"lastBolusTime":1703474334617,"time":"2023-12-25T04:28:44.165Z"}},{"iob":-0.15,"basaliob":-0.435,"bolussnooze":0,"activity":-0.0011,"lastBolusTime":1703474334617,"time":"2023-12-25T04:33:44.165Z","iobWithZeroTemp":{"iob":-1.308,"basaliob":-1.593,"bolussnooze":0,"activity":-0.0084,"lastBolusTime":1703474334617,"time":"2023-12-25T04:33:44.165Z"}},{"iob":-0.143,"basaliob":-0.407,"bolussnooze":0,"activity":-0.0011,"lastBolusTime":1703474334617,"time":"2023-12-25T04:38:44.165Z","iobWithZeroTemp":{"iob":-1.36,"basaliob":-1.624,"bolussnooze":0,"activity":-0.009,"lastBolusTime":1703474334617,"time":"2023-12-25T04:38:44.165Z"}},{"iob":-0.138,"basaliob":-0.381,"bolussnooze":0,"activity":-0.0012,"lastBolusTime":1703474334617,"time":"2023-12-25T04:43:44.165Z","iobWithZeroTemp":{"iob":-1.412,"basaliob":-1.655,"bolussnooze":0,"activity":-0.0097,"lastBolusTime":1703474334617,"time":"2023-12-25T04:43:44.165Z"}},{"iob":-0.132,"basaliob":-0.357,"bolussnooze":0,"activity":-0.0012,"lastBolusTime":1703474334617,"time":"2023-12-25T04:48:44.165Z","iobWithZeroTemp":{"iob":-1.459,"basaliob":-1.684,"bolussnooze":0,"activity":-0.0103,"lastBolusTime":1703474334617,"time":"2023-12-25T04:48:44.165Z"}},{"iob":-0.126,"basaliob":-0.333,"bolussnooze":0,"activity":-0.0012,"lastBolusTime":1703474334617,"time":"2023-12-25T04:53:44.165Z","iobWithZeroTemp":{"iob":-1.504,"basaliob":-1.711,"bolussnooze":0,"activity":-0.0109,"lastBolusTime":1703474334617,"time":"2023-12-25T04:53:44.165Z"}},{"iob":-0.12,"basaliob":-0.311,"bolussnooze":0,"activity":-0.0012,"lastBolusTime":1703474334617,"time":"2023-12-25T04:58:44.165Z","iobWithZeroTemp":{"iob":-1.545,"basaliob":-1.736,"bolussnooze":0,"activity":-0.0115,"lastBolusTime":1703474334617,"time":"2023-12-25T04:58:44.165Z"}},{"iob":-0.114,"basaliob":-0.29,"bolussnooze":0,"activity":-0.0012,"lastBolusTime":1703474334617,"time":"2023-12-25T05:03:44.165Z","iobWithZeroTemp":{"iob":-1.578,"basaliob":-1.754,"bolussnooze":0,"activity":-0.012,"lastBolusTime":1703474334617,"time":"2023-12-25T05:03:44.165Z"}},{"iob":-0.108,"basaliob":-0.27,"bolussnooze":0,"activity":-0.0011,"lastBolusTime":1703474334617,"time":"2023-12-25T05:08:44.165Z","iobWithZeroTemp":{"iob":-1.609,"basaliob":-1.771,"bolussnooze":0,"activity":-0.0125,"lastBolusTime":1703474334617,"time":"2023-12-25T05:08:44.165Z"}},{"iob":-0.103,"basaliob":-0.251,"bolussnooze":0,"activity":-0.0011,"lastBolusTime":1703474334617,"time":"2023-12-25T05:13:44.165Z","iobWithZeroTemp":{"iob":-1.637,"basaliob":-1.785,"bolussnooze":0,"activity":-0.0129,"lastBolusTime":1703474334617,"time":"2023-12-25T05:13:44.165Z"}},{"iob":-0.098,"basaliob":-0.234,"bolussnooze":0,"activity":-0.0011,"lastBolusTime":1703474334617,"time":"2023-12-25T05:18:44.165Z","iobWithZeroTemp":{"iob":-1.664,"basaliob":-1.8,"bolussnooze":0,"activity":-0.0134,"lastBolusTime":1703474334617,"time":"2023-12-25T05:18:44.165Z"}},{"iob":-0.092,"basaliob":-0.217,"bolussnooze":0,"activity":-0.001,"lastBolusTime":1703474334617,"time":"2023-12-25T05:23:44.165Z","iobWithZeroTemp":{"iob":-1.687,"basaliob":-1.812,"bolussnooze":0,"activity":-0.0137,"lastBolusTime":1703474334617,"time":"2023-12-25T05:23:44.165Z"}},{"iob":-0.087,"basaliob":-0.202,"bolussnooze":0,"activity":-0.001,"lastBolusTime":1703474334617,"time":"2023-12-25T05:28:44.165Z","iobWithZeroTemp":{"iob":-1.71,"basaliob":-1.825,"bolussnooze":0,"activity":-0.0141,"lastBolusTime":1703474334617,"time":"2023-12-25T05:28:44.165Z"}},{"iob":-0.082,"basaliob":-0.187,"bolussnooze":0,"activity":-0.001,"lastBolusTime":1703474334617,"time":"2023-12-25T05:33:44.165Z","iobWithZeroTemp":{"iob":-1.73,"basaliob":-1.835,"bolussnooze":0,"activity":-0.0145,"lastBolusTime":1703474334617,"time":"2023-12-25T05:33:44.165Z"}},{"iob":-0.078,"basaliob":-0.174,"bolussnooze":0,"activity":-9.0E-4,"lastBolusTime":1703474334617,"time":"2023-12-25T05:38:44.165Z","iobWithZeroTemp":{"iob":-1.75,"basaliob":-1.846,"bolussnooze":0,"activity":-0.0148,"lastBolusTime":1703474334617,"time":"2023-12-25T05:38:44.165Z"}},{"iob":-0.073,"basaliob":-0.161,"bolussnooze":0,"activity":-9.0E-4,"lastBolusTime":1703474334617,"time":"2023-12-25T05:43:44.165Z","iobWithZeroTemp":{"iob":-1.766,"basaliob":-1.854,"bolussnooze":0,"activity":-0.0151,"lastBolusTime":1703474334617,"time":"2023-12-25T05:43:44.165Z"}},{"iob":-0.068,"basaliob":-0.149,"bolussnooze":0,"activity":-9.0E-4,"lastBolusTime":1703474334617,"time":"2023-12-25T05:48:44.165Z","iobWithZeroTemp":{"iob":-1.782,"basaliob":-1.863,"bolussnooze":0,"activity":-0.0154,"lastBolusTime":1703474334617,"time":"2023-12-25T05:48:44.165Z"}},{"iob":-0.064,"basaliob":-0.138,"bolussnooze":0,"activity":-9.0E-4,"lastBolusTime":1703474334617,"time":"2023-12-25T05:53:44.165Z","iobWithZeroTemp":{"iob":-1.796,"basaliob":-1.87,"bolussnooze":0,"activity":-0.0157,"lastBolusTime":1703474334617,"time":"2023-12-25T05:53:44.165Z"}},{"iob":-0.06,"basaliob":-0.127,"bolussnooze":0,"activity":-8.0E-4,"lastBolusTime":1703474334617,"time":"2023-12-25T05:58:44.165Z","iobWithZeroTemp":{"iob":-1.81,"basaliob":-1.877,"bolussnooze":0,"activity":-0.0159,"lastBolusTime":1703474334617,"time":"2023-12-25T05:58:44.165Z"}},{"iob":-0.056,"basaliob":-0.118,"bolussnooze":0,"activity":-8.0E-4,"lastBolusTime":1703474334617,"time":"2023-12-25T06:03:44.165Z","iobWithZeroTemp":{"iob":-1.813,"basaliob":-1.875,"bolussnooze":0,"activity":-0.0161,"lastBolusTime":1703474334617,"time":"2023-12-25T06:03:44.165Z"}},{"iob":-0.053,"basaliob":-0.109,"bolussnooze":0,"activity":-7.0E-4,"lastBolusTime":1703474334617,"time":"2023-12-25T06:08:44.165Z","iobWithZeroTemp":{"iob":-1.816,"basaliob":-1.872,"bolussnooze":0,"activity":-0.0162,"lastBolusTime":1703474334617,"time":"2023-12-25T06:08:44.165Z"}},{"iob":-0.049,"basaliob":-0.1,"bolussnooze":0,"activity":-6.0E-4,"lastBolusTime":1703474334617,"time":"2023-12-25T06:13:44.165Z","iobWithZeroTemp":{"iob":-1.817,"basaliob":-1.868,"bolussnooze":0,"activity":-0.0163,"lastBolusTime":1703474334617,"time":"2023-12-25T06:13:44.165Z"}},{"iob":-0.045,"basaliob":-0.092,"bolussnooze":0,"activity":-6.0E-4,"lastBolusTime":1703474334617,"time":"2023-12-25T06:18:44.165Z","iobWithZeroTemp":{"iob":-1.818,"basaliob":-1.865,"bolussnooze":0,"activity":-0.0165,"lastBolusTime":1703474334617,"time":"2023-12-25T06:18:44.165Z"}},{"iob":-0.043,"basaliob":-0.085,"bolussnooze":0,"activity":-6.0E-4,"lastBolusTime":1703474334617,"time":"2023-12-25T06:23:44.165Z","iobWithZeroTemp":{"iob":-1.819,"basaliob":-1.861,"bolussnooze":0,"activity":-0.0166,"lastBolusTime":1703474334617,"time":"2023-12-25T06:23:44.165Z"}},{"iob":-0.039,"basaliob":-0.078,"bolussnooze":0,"activity":-6.0E-4,"lastBolusTime":1703474334617,"time":"2023-12-25T06:28:44.165Z","iobWithZeroTemp":{"iob":-1.818,"basaliob":-1.857,"bolussnooze":0,"activity":-0.0167,"lastBolusTime":1703474334617,"time":"2023-12-25T06:28:44.165Z"}},{"iob":-0.037,"basaliob":-0.072,"bolussnooze":0,"activity":-5.0E-4,"lastBolusTime":1703474334617,"time":"2023-12-25T06:33:44.165Z","iobWithZeroTemp":{"iob":-1.818,"basaliob":-1.853,"bolussnooze":0,"activity":-0.0167,"lastBolusTime":1703474334617,"time":"2023-12-25T06:33:44.165Z"}},{"iob":-0.034,"basaliob":-0.066,"bolussnooze":0,"activity":-5.0E-4,"lastBolusTime":1703474334617,"time":"2023-12-25T06:38:44.165Z","iobWithZeroTemp":{"iob":-1.817,"basaliob":-1.849,"bolussnooze":0,"activity":-0.0168,"lastBolusTime":1703474334617,"time":"2023-12-25T06:38:44.165Z"}},{"iob":-0.032,"basaliob":-0.061,"bolussnooze":0,"activity":-4.0E-4,"lastBolusTime":1703474334617,"time":"2023-12-25T06:43:44.165Z","iobWithZeroTemp":{"iob":-1.816,"basaliob":-1.845,"bolussnooze":0,"activity":-0.0168,"lastBolusTime":1703474334617,"time":"2023-12-25T06:43:44.165Z"}},{"iob":-0.03,"basaliob":-0.056,"bolussnooze":0,"activity":-5.0E-4,"lastBolusTime":1703474334617,"time":"2023-12-25T06:48:44.165Z","iobWithZeroTemp":{"iob":-1.815,"basaliob":-1.841,"bolussnooze":0,"activity":-0.017,"lastBolusTime":1703474334617,"time":"2023-12-25T06:48:44.165Z"}},{"iob":-0.027,"basaliob":-0.051,"bolussnooze":0,"activity":-4.0E-4,"lastBolusTime":1703474334617,"time":"2023-12-25T06:53:44.165Z","iobWithZeroTemp":{"iob":-1.813,"basaliob":-1.837,"bolussnooze":0,"activity":-0.017,"lastBolusTime":1703474334617,"time":"2023-12-25T06:53:44.165Z"}},{"iob":-0.025,"basaliob":-0.047,"bolussnooze":0,"activity":-4.0E-4,"lastBolusTime":1703474334617,"time":"2023-12-25T06:58:44.165Z","iobWithZeroTemp":{"iob":-1.811,"basaliob":-1.833,"bolussnooze":0,"activity":-0.017,"lastBolusTime":1703474334617,"time":"2023-12-25T06:58:44.165Z"}},{"iob":-0.023,"basaliob":-0.043,"bolussnooze":0,"activity":-4.0E-4,"lastBolusTime":1703474334617,"time":"2023-12-25T07:03:44.165Z","iobWithZeroTemp":{"iob":-1.805,"basaliob":-1.825,"bolussnooze":0,"activity":-0.017,"lastBolusTime":1703474334617,"time":"2023-12-25T07:03:44.165Z"}},{"iob":-0.021,"basaliob":-0.039,"bolussnooze":0,"activity":-3.0E-4,"lastBolusTime":1703474334617,"time":"2023-12-25T07:08:44.165Z","iobWithZeroTemp":{"iob":-1.798,"basaliob":-1.816,"bolussnooze":0,"activity":-0.017,"lastBolusTime":1703474334617,"time":"2023-12-25T07:08:44.165Z"}},{"iob":-0.02,"basaliob":-0.036,"bolussnooze":0,"activity":-3.0E-4,"lastBolusTime":1703474334617,"time":"2023-12-25T07:13:44.165Z","iobWithZeroTemp":{"iob":-1.793,"basaliob":-1.809,"bolussnooze":0,"activity":-0.017,"lastBolusTime":1703474334617,"time":"2023-12-25T07:13:44.165Z"}},{"iob":-0.019,"basaliob":-0.033,"bolussnooze":0,"activity":-3.0E-4,"lastBolusTime":1703474334617,"time":"2023-12-25T07:18:44.165Z","iobWithZeroTemp":{"iob":-1.787,"basaliob":-1.801,"bolussnooze":0,"activity":-0.017,"lastBolusTime":1703474334617,"time":"2023-12-25T07:18:44.165Z"}}],"profile":{"max_iob":15,"type":"current","max_daily_basal":1.2,"max_basal":3.59,"min_bg":99,"max_bg":99,"target_bg":99,"carb_ratio":5.7142857142857135,"sens":30.857142857142854,"max_daily_safety_multiplier":3,"current_basal_safety_multiplier":4,"high_temptarget_raises_sensitivity":false,"low_temptarget_lowers_sensitivity":false,"sensitivity_raises_target":true,"resistance_lowers_target":true,"adv_target_adjustments":false,"exercise_mode":false,"half_basal_exercise_target":160,"maxCOB":120,"skip_neutral_temps":false,"remainingCarbsCap":90,"enableUAM":true,"A52_risk_enable":false,"SMBInterval":3,"enableSMB_with_COB":true,"enableSMB_with_temptarget":true,"allowSMB_with_high_temptarget":false,"enableSMB_always":false,"enableSMB_after_carbs":true,"maxSMBBasalMinutes":80,"maxUAMSMBBasalMinutes":60,"bolus_increment":0.05,"carbsReqThreshold":10,"current_basal":1.2,"temptargetSet":false,"autosens_max":1.2,"out_units":"mmol\/L"},"autosens_data":{"ratio":1},"meal_data":{"carbs":6,"mealCOB":0,"slopeFromMaxDeviation":-0.08327272727272726,"slopeFromMinDeviation":0.9570000000000001,"lastBolusTime":1703474334617,"lastCarbTime":1703456187000},"microBolusAllowed":true,"currentTime":1703474626314,"flatBGsDetected":false},"output":{"temp":"absolute","bg":108,"tick":"+5","eventualBG":137,"targetBG":99,"insulinReq":1.04,"deliverAt":"2023-12-25T03:23:46.314Z","sensitivityRatio":1,"predBGs":{"IOB":[108,111,114,117,120,122,124,125,127,128,129,129,129,129,130,130,130,130,130,131,131,131,131,131,131,132,132,132,132,132,132,132,133,133,133,133,133,133,133,133,133,133,133,133,134],"ZT":[108,107,107,107,107,107,107,107,108,108],"UAM":[108,111,114,117,120,122,124,126,128,129,130,131,131,131,131,131,132,132,132,132,132,133,133,133,133,133,133,134,134,134,134,134,134,134,134,135]},"COB":0,"IOB":-0.13,"reason":"COB: 0, Dev: 1.4, BGI: 0.0, ISF: 1.7, CR: 5.71, Target: 5.5, minPredBG 7.3, minGuardBG 6.2, IOBpredBG 7.4, UAMpredBG 7.5; Eventual BG 7.6 >= 5.5,  insulinReq 1.04. Microbolusing 0.5U. temp 1.40 < 3.28U\/hr. ","units":0.5,"duration":30,"rate":3.2800000000000002,"timestamp":"2023-12-25T03:23:46.435Z"}}