{"algorithm":"OpenAPSSMBPlugin","input":{"glucoseStatus":{"glucose":206,"noise":0,"delta":8,"short_avgdelta":7.11,"long_avgdelta":3.57,"date":1703365690000},"currenttemp":{"temp":"absolute","duration":30,"rate":0,"minutesrunning":30},"iob_data":[{"iob":7.294,"basaliob":-1.122,"bolussnooze":0.0812,"activity":0.0588,"lastBolusTime":1703365448924,"time":"2023-12-23T21:08:41.267Z","iobWithZeroTemp":{"iob":7.294,"basaliob":-1.122,"bolussnooze":0.0812,"activity":0.0588,"lastBolusTime":1703365448924,"time":"2023-12-23T21:08:41.267Z"}},{"iob":6.995,"basaliob":-1.07,"bolussnooze":0.0555,"activity":0.0602,"lastBolusTime":1703365448924,"time":"2023-12-23T21:13:41.267Z","iobWithZeroTemp":{"iob":6.935,"basaliob":-1.13,"bolussnooze":0.0555,"activity":0.0602,"lastBolusTime":1703365448924,"time":"2023-12-23T21:13:41.267Z"}},{"iob":6.692,"basaliob":-1.018,"bolussnooze":0.0372,"activity":0.061,"lastBolusTime":1703365448924,"time":"2023-12-23T21:18:41.267Z","iobWithZeroTemp":{"iob":6.558,"basaliob":-1.152,"bolussnooze":0.0372,"activity":0.0608,"lastBolusTime":1703365448924,"time":"2023-12-23T21:18:41.267Z"}},{"iob":6.387,"basaliob":-0.966,"bolussnooze":0.0246,"activity":0.0611,"lastBolusTime":1703365448924,"time":"2023-12-23T21:23:41.267Z","iobWithZeroTemp":{"iob":6.179,"basaliob":-1.174,"bolussnooze":0.0246,"activity":0.0607,"lastBolusTime":1703365448924,"time":"2023-12-23T21:23:41.267Z"}},{"iob":6.082,"basaliob":-0.916,"bolussnooze":0.0159,"activity":0.0608,"lastBolusTime":1703365448924,"time":"2023-12-23T21:28:41.267Z","iobWithZeroTemp":{"iob":5.802,"basaliob":-1.196,"bolussnooze":0.0159,"activity":0.0601,"lastBolusTime":1703365448924,"time":"2023-12-23T21:28:41.267Z"}},{"iob":5.779,"basaliob":-0.867,"bolussnooze":0.0101,"activity":0.06,"lastBolusTime":1703365448924,"time":"2023-12-23T21:33:41.267Z","iobWithZeroTemp":{"iob":5.428,"basaliob":-1.218,"bolussnooze":0.0101,"activity":0.0589,"lastBolusTime":1703365448924,"time":"2023-12-23T21:33:41.267Z"}},{"iob":5.482,"basaliob":-0.819,"bolussnooze":0.0063,"activity":0.0588,"lastBolusTime":1703365448924,"time":"2023-12-23T21:38:41.267Z","iobWithZeroTemp":{"iob":5.063,"basaliob":-1.238,"bolussnooze":0.0063,"activity":0.0573,"lastBolusTime":1703365448924,"time":"2023-12-23T21:38:41.267Z"}},{"iob":5.191,"basaliob":-0.772,"bolussnooze":0.0038,"activity":0.0575,"lastBolusTime":1703365448924,"time":"2023-12-23T21:43:41.267Z","iobWithZeroTemp":{"iob":4.706,"basaliob":-1.257,"bolussnooze":0.0038,"activity":0.0555,"lastBolusTime":1703365448924,"time":"2023-12-23T21:43:41.267Z"}},{"iob":4.908,"basaliob":-0.727,"bolussnooze":0.0022,"activity":0.0559,"lastBolusTime":1703365448924,"time":"2023-12-23T21:48:41.267Z","iobWithZeroTemp":{"iob":4.359,"basaliob":-1.276,"bolussnooze":0.0022,"activity":0.0535,"lastBolusTime":1703365448924,"time":"2023-12-23T21:48:41.267Z"}},{"iob":4.633,"basaliob":-0.684,"bolussnooze":0.0013,"activity":0.0541,"lastBolusTime":1703365448924,"time":"2023-12-23T21:53:41.267Z","iobWithZeroTemp":{"iob":4.022,"basaliob":-1.295,"bolussnooze":0.0013,"activity":0.0512,"lastBolusTime":1703365448924,"time":"2023-12-23T21:53:41.267Z"}},{"iob":4.366,"basaliob":-0.643,"bolussnooze":7.0E-4,"activity":0.0523,"lastBolusTime":1703365448924,"time":"2023-12-23T21:58:41.267Z","iobWithZeroTemp":{"iob":3.696,"basaliob":-1.313,"bolussnooze":7.0E-4,"activity":0.0488,"lastBolusTime":1703365448924,"time":"2023-12-23T21:58:41.267Z"}},{"iob":4.11,"basaliob":-0.603,"bolussnooze":3.0E-4,"activity":0.0503,"lastBolusTime":1703365448924,"time":"2023-12-23T22:03:41.267Z","iobWithZeroTemp":{"iob":3.392,"basaliob":-1.321,"bolussnooze":3.0E-4,"activity":0.0463,"lastBolusTime":1703365448924,"time":"2023-12-23T22:03:41.267Z"}},{"iob":3.864,"basaliob":-0.565,"bolussnooze":1.0E-4,"activity":0.0482,"lastBolusTime":1703365448924,"time":"2023-12-23T22:08:41.267Z","iobWithZeroTemp":{"iob":3.1,"basaliob":-1.329,"bolussnooze":1.0E-4,"activity":0.0437,"lastBolusTime":1703365448924,"time":"2023-12-23T22:08:41.267Z"}},{"iob":3.628,"basaliob":-0.529,"bolussnooze":0,"activity":0.0462,"lastBolusTime":1703365448924,"time":"2023-12-23T22:13:41.267Z","iobWithZeroTemp":{"iob":2.821,"basaliob":-1.336,"bolussnooze":0,"activity":0.0413,"lastBolusTime":1703365448924,"time":"2023-12-23T22:13:41.267Z"}},{"iob":3.403,"basaliob":-0.495,"bolussnooze":0,"activity":0.044,"lastBolusTime":1703365448924,"time":"2023-12-23T22:18:41.267Z","iobWithZeroTemp":{"iob":2.555,"basaliob":-1.343,"bolussnooze":0,"activity":0.0386,"lastBolusTime":1703365448924,"time":"2023-12-23T22:18:41.267Z"}},{"iob":3.188,"basaliob":-0.462,"bolussnooze":0,"activity":0.042,"lastBolusTime":1703365448924,"time":"2023-12-23T22:23:41.267Z","iobWithZeroTemp":{"iob":2.301,"basaliob":-1.349,"bolussnooze":0,"activity":0.0361,"lastBolusTime":1703365448924,"time":"2023-12-23T22:23:41.267Z"}},{"iob":2.983,"basaliob":-0.432,"bolussnooze":0,"activity":0.0399,"lastBolusTime":1703365448924,"time":"2023-12-23T22:28:41.267Z","iobWithZeroTemp":{"iob":2.06,"basaliob":-1.355,"bolussnooze":0,"activity":0.0336,"lastBolusTime":1703365448924,"time":"2023-12-23T22:28:41.267Z"}},{"iob":2.79,"basaliob":-0.402,"bolussnooze":0,"activity":0.0378,"lastBolusTime":1703365448924,"time":"2023-12-23T22:33:41.267Z","iobWithZeroTemp":{"iob":1.833,"basaliob":-1.359,"bolussnooze":0,"activity":0.0311,"lastBolusTime":1703365448924,"time":"2023-12-23T22:33:41.267Z"}},{"iob":2.605,"basaliob":-0.375,"bolussnooze":0,"activity":0.0359,"lastBolusTime":1703365448924,"time":"2023-12-23T22:38:41.267Z","iobWithZeroTemp":{"iob":1.615,"basaliob":-1.365,"bolussnooze":0,"activity":0.0288,"lastBolusTime":1703365448924,"time":"2023-12-23T22:38:41.267Z"}},{"iob":2.431,"basaliob":-0.349,"bolussnooze":0,"activity":0.0339,"lastBolusTime":1703365448924,"time":"2023-12-23T22:43:41.267Z","iobWithZeroTemp":{"iob":1.411,"basaliob":-1.369,"bolussnooze":0,"activity":0.0264,"lastBolusTime":1703365448924,"time":"2023-12-23T22:43:41.267Z"}},{"iob":2.266,"basaliob":-0.325,"bolussnooze":0,"activity":0.032,"lastBolusTime":1703365448924,"time":"2023-12-23T22:48:41.267Z","iobWithZeroTemp":{"iob":1.218,"basaliob":-1.373,"bolussnooze":0,"activity":0.0241,"lastBolusTime":1703365448924,"time":"2023-12-23T22:48:41.267Z"}},{"iob":2.11,"basaliob":-0.302,"bolussnooze":0,"activity":0.0302,"lastBolusTime":1703365448924,"time":"2023-12-23T22:53:41.267Z","iobWithZeroTemp":{"iob":1.036,"basaliob":-1.376,"bolussnooze":0,"activity":0.022,"lastBolusTime":1703365448924,"time":"2023-12-23T22:53:41.267Z"}},{"iob":1.964,"basaliob":-0.28,"bolussnooze":0,"activity":0.0284,"lastBolusTime":1703365448924,"time":"2023-12-23T22:58:41.267Z","iobWithZeroTemp":{"iob":0.865,"basaliob":-1.379,"bolussnooze":0,"activity":0.0198,"lastBolusTime":1703365448924,"time":"2023-12-23T22:58:41.267Z"}},{"iob":1.827,"basaliob":-0.26,"bolussnooze":0,"activity":0.0267,"lastBolusTime":1703365448924,"time":"2023-12-23T23:03:41.267Z","iobWithZeroTemp":{"iob":0.705,"basaliob":-1.382,"bolussnooze":0,"activity":0.0178,"lastBolusTime":1703365448924,"time":"2023-12-23T23:03:41.267Z"}},{"iob":1.697,"basaliob":-0.241,"bolussnooze":0,"activity":0.0251,"lastBolusTime":1703365448924,"time":"2023-12-23T23:08:41.267Z","iobWithZeroTemp":{"iob":0.553,"basaliob":-1.385,"bolussnooze":0,"activity":0.0159,"lastBolusTime":1703365448924,"time":"2023-12-23T23:08:41.267Z"}},{"iob":1.576,"basaliob":-0.223,"bolussnooze":0,"activity":0.0236,"lastBolusTime":1703365448924,"time":"2023-12-23T23:13:41.267Z","iobWithZeroTemp":{"iob":0.412,"basaliob":-1.387,"bolussnooze":0,"activity":0.0142,"lastBolusTime":1703365448924,"time":"2023-12-23T23:13:41.267Z"}},{"iob":1.461,"basaliob":-0.207,"bolussnooze":0,"activity":0.0221,"lastBolusTime":1703365448924,"time":"2023-12-23T23:18:41.267Z","iobWithZeroTemp":{"iob":0.278,"basaliob":-1.39,"bolussnooze":0,"activity":0.0124,"lastBolusTime":1703365448924,"time":"2023-12-23T23:18:41.267Z"}},{"iob":1.355,"basaliob":-0.191,"bolussnooze":0,"activity":0.0207,"lastBolusTime":1703365448924,"time":"2023-12-23T23:23:41.267Z","iobWithZeroTemp":{"iob":0.155,"basaliob":-1.391,"bolussnooze":0,"activity":0.0107,"lastBolusTime":1703365448924,"time":"2023-12-23T23:23:41.267Z"}},{"iob":1.255,"basaliob":-0.177,"bolussnooze":0,"activity":0.0193,"lastBolusTime":1703365448924,"time":"2023-12-23T23:28:41.267Z","iobWithZeroTemp":{"iob":0.038,"basaliob":-1.394,"bolussnooze":0,"activity":0.0091,"lastBolusTime":1703365448924,"time":"2023-12-23T23:28:41.267Z"}},{"iob":1.162,"basaliob":-0.163,"bolussnooze":0,"activity":0.0181,"lastBolusTime":1703365448924,"time":"2023-12-23T23:33:41.267Z","iobWithZeroTemp":{"iob":-0.07,"basaliob":-1.395,"bolussnooze":0,"activity":0.0077,"lastBolusTime":1703365448924,"time":"2023-12-23T23:33:41.267Z"}},{"iob":1.074,"basaliob":-0.151,"bolussnooze":0,"activity":0.0169,"lastBolusTime":1703365448924,"time":"2023-12-23T23:38:41.267Z","iobWithZeroTemp":{"iob":-0.172,"basaliob":-1.397,"bolussnooze":0,"activity":0.0063,"lastBolusTime":1703365448924,"time":"2023-12-23T23:38:41.267Z"}},{"iob":0.993,"basaliob":-0.139,"bolussnooze":0,"activity":0.0157,"lastBolusTime":1703365448924,"time":"2023-12-23T23:43:41.267Z","iobWithZeroTemp":{"iob":-0.266,"basaliob":-1.398,"bolussnooze":0,"activity":0.0049,"lastBolusTime":1703365448924,"time":"2023-12-23T23:43:41.267Z"}},{"iob":0.917,"basaliob":-0.128,"bolussnooze":0,"activity":0.0146,"lastBolusTime":1703365448924,"time":"2023-12-23T23:48:41.267Z","iobWithZeroTemp":{"iob":-0.354,"basaliob":-1.399,"bolussnooze":0,"activity":0.0036,"lastBolusTime":1703365448924,"time":"2023-12-23T23:48:41.267Z"}},{"iob":0.846,"basaliob":-0.118,"bolussnooze":0,"activity":0.0137,"lastBolusTime":1703365448924,"time":"2023-12-23T23:53:41.267Z","iobWithZeroTemp":{"iob":-0.436,"basaliob":-1.4,"bolussnooze":0,"activity":0.0025,"lastBolusTime":1703365448924,"time":"2023-12-23T23:53:41.267Z"}},{"iob":0.78,"basaliob":-0.109,"bolussnooze":0,"activity":0.0127,"lastBolusTime":1703365448924,"time":"2023-12-23T23:58:41.267Z","iobWithZeroTemp":{"iob":-0.513,"basaliob":-1.402,"bolussnooze":0,"activity":0.0014,"lastBolusTime":1703365448924,"time":"2023-12-23T23:58:41.267Z"}},{"iob":0.719,"basaliob":-0.1,"bolussnooze":0,"activity":0.0118,"lastBolusTime":1703365448924,"time":"2023-12-24T00:03:41.267Z","iobWithZeroTemp":{"iob":-0.588,"basaliob":-1.407,"bolussnooze":0,"activity":3.0E-4,"lastBolusTime":1703365448924,"time":"2023-12-24T00:03:41.267Z"}},{"iob":0.662,"basaliob":-0.092,"bolussnooze":0,"activity":0.0109,"lastBolusTime":1703365448924,"time":"2023-12-24T00:08:41.267Z","iobWithZeroTemp":{"iob":-0.658,"basaliob":-1.412,"bolussnooze":0,"activity":-7.0E-4,"lastBolusTime":1703365448924,"time":"2023-12-24T00:08:41.267Z"}},{"iob":0.61,"basaliob":-0.084,"bolussnooze":0,"activity":0.0102,"lastBolusTime":1703365448924,"time":"2023-12-24T00:13:41.267Z","iobWithZeroTemp":{"iob":-0.722,"basaliob":-1.416,"bolussnooze":0,"activity":-0.0016,"lastBolusTime":1703365448924,"time":"2023-12-24T00:13:41.267Z"}},{"iob":0.561,"basaliob":-0.077,"bolussnooze":0,"activity":0.0095,"lastBolusTime":1703365448924,"time":"2023-12-24T00:18:41.267Z","iobWithZeroTemp":{"iob":-0.782,"basaliob":-1.42,"bolussnooze":0,"activity":-0.0024,"lastBolusTime":1703365448924,"time":"2023-12-24T00:18:41.267Z"}},{"iob":0.515,"basaliob":-0.071,"bolussnooze":0,"activity":0.0088,"lastBolusTime":1703365448924,"time":"2023-12-24T00:23:41.267Z","iobWithZeroTemp":{"iob":-0.839,"basaliob":-1.425,"bolussnooze":0,"activity":-0.0033,"lastBolusTime":1703365448924,"time":"2023-12-24T00:23:41.267Z"}},{"iob":0.473,"basaliob":-0.065,"bolussnooze":0,"activity":0.0081,"lastBolusTime":1703365448924,"time":"2023-12-24T00:28:41.267Z","iobWithZeroTemp":{"iob":-0.892,"basaliob":-1.43,"bolussnooze":0,"activity":-0.0041,"lastBolusTime":1703365448924,"time":"2023-12-24T00:28:41.267Z"}},{"iob":0.434,"basaliob":-0.06,"bolussnooze":0,"activity":0.0074,"lastBolusTime":1703365448924,"time":"2023-12-24T00:33:41.267Z","iobWithZeroTemp":{"iob":-0.94,"basaliob":-1.434,"bolussnooze":0,"activity":-0.0049,"lastBolusTime":1703365448924,"time":"2023-12-24T00:33:41.267Z"}},{"iob":0.398,"basaliob":-0.055,"bolussnooze":0,"activity":0.0069,"lastBolusTime":1703365448924,"time":"2023-12-24T00:38:41.267Z","iobWithZeroTemp":{"iob":-0.985,"basaliob":-1.438,"bolussnooze":0,"activity":-0.0055,"lastBolusTime":1703365448924,"time":"2023-12-24T00:38:41.267Z"}},{"iob":0.365,"basaliob":-0.05,"bolussnooze":0,"activity":0.0064,"lastBolusTime":1703365448924,"time":"2023-12-24T00:43:41.267Z","iobWithZeroTemp":{"iob":-1.027,"basaliob":-1.442,"bolussnooze":0,"activity":-0.0061,"lastBolusTime":1703365448924,"time":"2023-12-24T00:43:41.267Z"}},{"iob":0.334,"basaliob":-0.046,"bolussnooze":0,"activity":0.0059,"lastBolusTime":1703365448924,"time":"2023-12-24T00:48:41.267Z","iobWithZeroTemp":{"iob":-1.066,"basaliob":-1.446,"bolussnooze":0,"activity":-0.0067,"lastBolusTime":1703365448924,"time":"2023-12-24T00:48:41.267Z"}},{"iob":0.305,"basaliob":-0.042,"bolussnooze":0,"activity":0.0054,"lastBolusTime":1703365448924,"time":"2023-12-24T00:53:41.267Z","iobWithZeroTemp":{"iob":-1.102,"basaliob":-1.449,"bolussnooze":0,"activity":-0.0073,"lastBolusTime":1703365448924,"time":"2023-12-24T00:53:41.267Z"}},{"iob":0.279,"basaliob":-0.038,"bolussnooze":0,"activity":0.005,"lastBolusTime":1703365448924,"time":"2023-12-24T00:58:41.267Z","iobWithZeroTemp":{"iob":-1.135,"basaliob":-1.452,"bolussnooze":0,"activity":-0.0078,"lastBolusTime":1703365448924,"time":"2023-12-24T00:58:41.267Z"}},{"iob":0.255,"basaliob":-0.035,"bolussnooze":0,"activity":0.0047,"lastBolusTime":1703365448924,"time":"2023-12-24T01:03:41.267Z","iobWithZeroTemp":{"iob":-1.173,"basaliob":-1.463,"bolussnooze":0,"activity":-0.0082,"lastBolusTime":1703365448924,"time":"2023-12-24T01:03:41.267Z"}}],"profile":{"max_iob":15,"type":"current","max_daily_basal":1.2,"max_basal":3.59,"min_bg":90,"max_bg":90,"target_bg":90,"carb_ratio":4.761904761904762,"sens":27.428571428571427,"max_daily_safety_multiplier":3,"current_basal_safety_multiplier":4,"high_temptarget_raises_sensitivity":false,"low_temptarget_lowers_sensitivity":false,"sensitivity_raises_target":true,"resistance_lowers_target":true,"adv_target_adjustments":false,"exercise_mode":false,"half_basal_exercise_target":160,"maxCOB":120,"skip_neutral_temps":false,"remainingCarbsCap":90,"enableUAM":true,"A52_risk_enable":false,"SMBInterval":3,"enableSMB_with_COB":true,"enableSMB_with_temptarget":true,"allowSMB_with_high_temptarget":false,"enableSMB_always":false,"enableSMB_after_carbs":true,"maxSMBBasalMinutes":80,"maxUAMSMBBasalMinutes":60,"bolus_increment":0.05,"carbsReqThreshold":10,"current_basal":0.9,"temptargetSet":true,"autosens_max":1.2,"out_units":"mmol\/L"},"autosens_data":{"ratio":1},"meal_data":{"carbs":80,"mealCOB":1.1884920634920637,"slopeFromMaxDeviation":0,"slopeFromMinDeviation":0.855625,"lastBolusTime":1703365448924,"lastCarbTime":1703363714235},"microBolusAllowed":true,"currentTime":1703365724677,"flatBGsDetected":false},"output":{"temp":"absolute","bg":206,"tick":"+8","eventualBG":275,"targetBG":90,"insulinReq":2.37,"deliverAt":"2023-12-23T21:08:44.677Z","sensitivityRatio":1,"predBGs":{"IOB":[206,211,215,217,219,219,218,216,212,208,203,197,191,184,178,172,166,160,155,150,146,141,137,133,130,126,123,120,117,114,112,110,107,105,104,102,100,99,97,96,95,94,93,92,91,90,89],"ZT":[206,198,190,181,173,165,157,149,141,134,127,120,114,108,102,97,92,87,83,79,76,72,69,67,64,62,60,58,57,56,55,54,53,53,52,52,52,52,52,53,53,54,54,55,56,57,58,59],"COB":[206,198,190,181,173,165,156,148,140,133,125,118,111,105,98,92,87,81,76,71,66,62,58,54,50,47,44,41,39],"UAM":[206,213,219,224,230,234,239,243,247,251,254,258,261,264,267,270,272,275,277,280,282,284,285,287,288,290,291,291,292,292,292,292,292,291,290,289,287,285,284,283,282,280,279,279,278,277,276,275]},"COB":1.1884920634920637,"IOB":7.294,"reason":"COB: 1.2, Dev: 5.1, BGI: -0.4, ISF: 1.5, CR: 4.76, Target: 5.0, minPredBG 8.6, minGuardBG 11.7, IOBpredBG 4.9, COBpredBG 2.2, UAMpredBG 15.3; Eventual BG 15.3 >= 5.0,  insulinReq 2.37; maxBolus 0.9; setting 60m low temp of 0U\/h. Microbolusing 0.9U. ","units":0.9,"rate":0,"duration":60,"timestamp":"2023-12-23T21:08:44.896Z"}}