{"algorithm":"OpenAPSSMBPlugin","input":{"glucoseStatus":{"glucose":111,"noise":0,"delta":-3,"short_avgdelta":-2.78,"long_avgdelta":-2.61,"date":1703434992000},"currenttemp":{"temp":"absolute","duration":35,"rate":0,"minutesrunning":25},"iob_data":[{"iob":6.458,"basaliob":-1.313,"bolussnooze":4.2417,"activity":0.0356,"lastBolusTime":1703434387769,"time":"2023-12-24T16:23:41.533Z","iobWithZeroTemp":{"iob":6.458,"basaliob":-1.313,"bolussnooze":4.2417,"activity":0.0356,"lastBolusTime":1703434387769,"time":"2023-12-24T16:23:41.533Z"}},{"iob":6.27,"basaliob":-1.25,"bolussnooze":3.2846,"activity":0.0396,"lastBolusTime":1703434387769,"time":"2023-12-24T16:28:41.533Z","iobWithZeroTemp":{"iob":6.208,"basaliob":-1.312,"bolussnooze":3.2846,"activity":0.0396,"lastBolusTime":1703434387769,"time":"2023-12-24T16:28:41.533Z"}},{"iob":6.064,"basaliob":-1.188,"bolussnooze":2.4433,"activity":0.0426,"lastBolusTime":1703434387769,"time":"2023-12-24T16:33:41.533Z","iobWithZeroTemp":{"iob":5.924,"basaliob":-1.328,"bolussnooze":2.4433,"activity":0.0424,"lastBolusTime":1703434387769,"time":"2023-12-24T16:33:41.533Z"}},{"iob":5.844,"basaliob":-1.127,"bolussnooze":1.7638,"activity":0.0449,"lastBolusTime":1703434387769,"time":"2023-12-24T16:38:41.533Z","iobWithZeroTemp":{"iob":5.628,"basaliob":-1.343,"bolussnooze":1.7638,"activity":0.0445,"lastBolusTime":1703434387769,"time":"2023-12-24T16:38:41.533Z"}},{"iob":5.616,"basaliob":-1.067,"bolussnooze":1.2429,"activity":0.0463,"lastBolusTime":1703434387769,"time":"2023-12-24T16:43:41.533Z","iobWithZeroTemp":{"iob":5.325,"basaliob":-1.358,"bolussnooze":1.2429,"activity":0.0455,"lastBolusTime":1703434387769,"time":"2023-12-24T16:43:41.533Z"}},{"iob":5.382,"basaliob":-1.008,"bolussnooze":0.8579,"activity":0.0473,"lastBolusTime":1703434387769,"time":"2023-12-24T16:48:41.533Z","iobWithZeroTemp":{"iob":5.018,"basaliob":-1.372,"bolussnooze":0.8579,"activity":0.0462,"lastBolusTime":1703434387769,"time":"2023-12-24T16:48:41.533Z"}},{"iob":5.144,"basaliob":-0.952,"bolussnooze":0.5813,"activity":0.0476,"lastBolusTime":1703434387769,"time":"2023-12-24T16:53:41.533Z","iobWithZeroTemp":{"iob":4.709,"basaliob":-1.387,"bolussnooze":0.5813,"activity":0.046,"lastBolusTime":1703434387769,"time":"2023-12-24T16:53:41.533Z"}},{"iob":4.906,"basaliob":-0.897,"bolussnooze":0.3869,"activity":0.0476,"lastBolusTime":1703434387769,"time":"2023-12-24T16:58:41.533Z","iobWithZeroTemp":{"iob":4.402,"basaliob":-1.401,"bolussnooze":0.3869,"activity":0.0456,"lastBolusTime":1703434387769,"time":"2023-12-24T16:58:41.533Z"}},{"iob":4.669,"basaliob":-0.844,"bolussnooze":0.253,"activity":0.0473,"lastBolusTime":1703434387769,"time":"2023-12-24T17:03:41.533Z","iobWithZeroTemp":{"iob":4.085,"basaliob":-1.428,"bolussnooze":0.253,"activity":0.0447,"lastBolusTime":1703434387769,"time":"2023-12-24T17:03:41.533Z"}},{"iob":4.434,"basaliob":-0.793,"bolussnooze":0.1624,"activity":0.0466,"lastBolusTime":1703434387769,"time":"2023-12-24T17:08:41.533Z","iobWithZeroTemp":{"iob":3.773,"basaliob":-1.454,"bolussnooze":0.1624,"activity":0.0435,"lastBolusTime":1703434387769,"time":"2023-12-24T17:08:41.533Z"}},{"iob":4.203,"basaliob":-0.745,"bolussnooze":0.1021,"activity":0.0456,"lastBolusTime":1703434387769,"time":"2023-12-24T17:13:41.533Z","iobWithZeroTemp":{"iob":3.468,"basaliob":-1.48,"bolussnooze":0.1021,"activity":0.0419,"lastBolusTime":1703434387769,"time":"2023-12-24T17:13:41.533Z"}},{"iob":3.979,"basaliob":-0.698,"bolussnooze":0.0627,"activity":0.0444,"lastBolusTime":1703434387769,"time":"2023-12-24T17:18:41.533Z","iobWithZeroTemp":{"iob":3.172,"basaliob":-1.505,"bolussnooze":0.0627,"activity":0.0401,"lastBolusTime":1703434387769,"time":"2023-12-24T17:18:41.533Z"}},{"iob":3.759,"basaliob":-0.654,"bolussnooze":0.0375,"activity":0.0432,"lastBolusTime":1703434387769,"time":"2023-12-24T17:23:41.533Z","iobWithZeroTemp":{"iob":2.883,"basaliob":-1.53,"bolussnooze":0.0375,"activity":0.0383,"lastBolusTime":1703434387769,"time":"2023-12-24T17:23:41.533Z"}},{"iob":3.547,"basaliob":-0.612,"bolussnooze":0.0216,"activity":0.0418,"lastBolusTime":1703434387769,"time":"2023-12-24T17:28:41.533Z","iobWithZeroTemp":{"iob":2.606,"basaliob":-1.553,"bolussnooze":0.0216,"activity":0.0363,"lastBolusTime":1703434387769,"time":"2023-12-24T17:28:41.533Z"}},{"iob":3.342,"basaliob":-0.572,"bolussnooze":0.0119,"activity":0.0402,"lastBolusTime":1703434387769,"time":"2023-12-24T17:33:41.533Z","iobWithZeroTemp":{"iob":2.338,"basaliob":-1.576,"bolussnooze":0.0119,"activity":0.0341,"lastBolusTime":1703434387769,"time":"2023-12-24T17:33:41.533Z"}},{"iob":3.144,"basaliob":-0.534,"bolussnooze":0.0061,"activity":0.0387,"lastBolusTime":1703434387769,"time":"2023-12-24T17:38:41.533Z","iobWithZeroTemp":{"iob":2.081,"basaliob":-1.597,"bolussnooze":0.0061,"activity":0.032,"lastBolusTime":1703434387769,"time":"2023-12-24T17:38:41.533Z"}},{"iob":2.955,"basaliob":-0.498,"bolussnooze":0.0029,"activity":0.0371,"lastBolusTime":1703434387769,"time":"2023-12-24T17:43:41.533Z","iobWithZeroTemp":{"iob":1.835,"basaliob":-1.618,"bolussnooze":0.0029,"activity":0.0298,"lastBolusTime":1703434387769,"time":"2023-12-24T17:43:41.533Z"}},{"iob":2.774,"basaliob":-0.464,"bolussnooze":0.0011,"activity":0.0354,"lastBolusTime":1703434387769,"time":"2023-12-24T17:48:41.533Z","iobWithZeroTemp":{"iob":1.601,"basaliob":-1.637,"bolussnooze":0.0011,"activity":0.0276,"lastBolusTime":1703434387769,"time":"2023-12-24T17:48:41.533Z"}},{"iob":2.6,"basaliob":-0.433,"bolussnooze":3.0E-4,"activity":0.0338,"lastBolusTime":1703434387769,"time":"2023-12-24T17:53:41.533Z","iobWithZeroTemp":{"iob":1.376,"basaliob":-1.657,"bolussnooze":3.0E-4,"activity":0.0254,"lastBolusTime":1703434387769,"time":"2023-12-24T17:53:41.533Z"}},{"iob":2.436,"basaliob":-0.402,"bolussnooze":0,"activity":0.0322,"lastBolusTime":1703434387769,"time":"2023-12-24T17:58:41.533Z","iobWithZeroTemp":{"iob":1.164,"basaliob":-1.674,"bolussnooze":0,"activity":0.0232,"lastBolusTime":1703434387769,"time":"2023-12-24T17:58:41.533Z"}},{"iob":2.278,"basaliob":-0.374,"bolussnooze":0,"activity":0.0306,"lastBolusTime":1703434387769,"time":"2023-12-24T18:03:41.533Z","iobWithZeroTemp":{"iob":0.956,"basaliob":-1.696,"bolussnooze":0,"activity":0.0211,"lastBolusTime":1703434387769,"time":"2023-12-24T18:03:41.533Z"}},{"iob":2.13,"basaliob":-0.347,"bolussnooze":0,"activity":0.029,"lastBolusTime":1703434387769,"time":"2023-12-24T18:08:41.533Z","iobWithZeroTemp":{"iob":0.76,"basaliob":-1.717,"bolussnooze":0,"activity":0.019,"lastBolusTime":1703434387769,"time":"2023-12-24T18:08:41.533Z"}},{"iob":1.988,"basaliob":-0.323,"bolussnooze":0,"activity":0.0275,"lastBolusTime":1703434387769,"time":"2023-12-24T18:13:41.533Z","iobWithZeroTemp":{"iob":0.574,"basaliob":-1.737,"bolussnooze":0,"activity":0.017,"lastBolusTime":1703434387769,"time":"2023-12-24T18:13:41.533Z"}},{"iob":1.855,"basaliob":-0.299,"bolussnooze":0,"activity":0.026,"lastBolusTime":1703434387769,"time":"2023-12-24T18:18:41.533Z","iobWithZeroTemp":{"iob":0.398,"basaliob":-1.756,"bolussnooze":0,"activity":0.015,"lastBolusTime":1703434387769,"time":"2023-12-24T18:18:41.533Z"}},{"iob":1.729,"basaliob":-0.277,"bolussnooze":0,"activity":0.0245,"lastBolusTime":1703434387769,"time":"2023-12-24T18:23:41.533Z","iobWithZeroTemp":{"iob":0.232,"basaliob":-1.774,"bolussnooze":0,"activity":0.013,"lastBolusTime":1703434387769,"time":"2023-12-24T18:23:41.533Z"}},{"iob":1.609,"basaliob":-0.257,"bolussnooze":0,"activity":0.0231,"lastBolusTime":1703434387769,"time":"2023-12-24T18:28:41.533Z","iobWithZeroTemp":{"iob":0.075,"basaliob":-1.791,"bolussnooze":0,"activity":0.0111,"lastBolusTime":1703434387769,"time":"2023-12-24T18:28:41.533Z"}},{"iob":1.497,"basaliob":-0.238,"bolussnooze":0,"activity":0.0217,"lastBolusTime":1703434387769,"time":"2023-12-24T18:33:41.533Z","iobWithZeroTemp":{"iob":-0.073,"basaliob":-1.808,"bolussnooze":0,"activity":0.0093,"lastBolusTime":1703434387769,"time":"2023-12-24T18:33:41.533Z"}},{"iob":1.392,"basaliob":-0.22,"bolussnooze":0,"activity":0.0204,"lastBolusTime":1703434387769,"time":"2023-12-24T18:38:41.533Z","iobWithZeroTemp":{"iob":-0.211,"basaliob":-1.823,"bolussnooze":0,"activity":0.0076,"lastBolusTime":1703434387769,"time":"2023-12-24T18:38:41.533Z"}},{"iob":1.293,"basaliob":-0.203,"bolussnooze":0,"activity":0.0192,"lastBolusTime":1703434387769,"time":"2023-12-24T18:43:41.533Z","iobWithZeroTemp":{"iob":-0.341,"basaliob":-1.837,"bolussnooze":0,"activity":0.006,"lastBolusTime":1703434387769,"time":"2023-12-24T18:43:41.533Z"}},{"iob":1.201,"basaliob":-0.187,"bolussnooze":0,"activity":0.018,"lastBolusTime":1703434387769,"time":"2023-12-24T18:48:41.533Z","iobWithZeroTemp":{"iob":-0.462,"basaliob":-1.85,"bolussnooze":0,"activity":0.0044,"lastBolusTime":1703434387769,"time":"2023-12-24T18:48:41.533Z"}},{"iob":1.113,"basaliob":-0.173,"bolussnooze":0,"activity":0.0169,"lastBolusTime":1703434387769,"time":"2023-12-24T18:53:41.533Z","iobWithZeroTemp":{"iob":-0.578,"basaliob":-1.864,"bolussnooze":0,"activity":0.0029,"lastBolusTime":1703434387769,"time":"2023-12-24T18:53:41.533Z"}},{"iob":1.032,"basaliob":-0.159,"bolussnooze":0,"activity":0.0158,"lastBolusTime":1703434387769,"time":"2023-12-24T18:58:41.533Z","iobWithZeroTemp":{"iob":-0.684,"basaliob":-1.875,"bolussnooze":0,"activity":0.0015,"lastBolusTime":1703434387769,"time":"2023-12-24T18:58:41.533Z"}},{"iob":0.955,"basaliob":-0.147,"bolussnooze":0,"activity":0.0148,"lastBolusTime":1703434387769,"time":"2023-12-24T19:03:41.533Z","iobWithZeroTemp":{"iob":-0.785,"basaliob":-1.887,"bolussnooze":0,"activity":2.0E-4,"lastBolusTime":1703434387769,"time":"2023-12-24T19:03:41.533Z"}},{"iob":0.884,"basaliob":-0.135,"bolussnooze":0,"activity":0.0138,"lastBolusTime":1703434387769,"time":"2023-12-24T19:08:41.533Z","iobWithZeroTemp":{"iob":-0.879,"basaliob":-1.898,"bolussnooze":0,"activity":-0.0011,"lastBolusTime":1703434387769,"time":"2023-12-24T19:08:41.533Z"}},{"iob":0.818,"basaliob":-0.124,"bolussnooze":0,"activity":0.0128,"lastBolusTime":1703434387769,"time":"2023-12-24T19:13:41.533Z","iobWithZeroTemp":{"iob":-0.965,"basaliob":-1.907,"bolussnooze":0,"activity":-0.0024,"lastBolusTime":1703434387769,"time":"2023-12-24T19:13:41.533Z"}},{"iob":0.756,"basaliob":-0.114,"bolussnooze":0,"activity":0.012,"lastBolusTime":1703434387769,"time":"2023-12-24T19:18:41.533Z","iobWithZeroTemp":{"iob":-1.047,"basaliob":-1.917,"bolussnooze":0,"activity":-0.0035,"lastBolusTime":1703434387769,"time":"2023-12-24T19:18:41.533Z"}},{"iob":0.698,"basaliob":-0.105,"bolussnooze":0,"activity":0.0112,"lastBolusTime":1703434387769,"time":"2023-12-24T19:23:41.533Z","iobWithZeroTemp":{"iob":-1.123,"basaliob":-1.926,"bolussnooze":0,"activity":-0.0046,"lastBolusTime":1703434387769,"time":"2023-12-24T19:23:41.533Z"}},{"iob":0.644,"basaliob":-0.096,"bolussnooze":0,"activity":0.0104,"lastBolusTime":1703434387769,"time":"2023-12-24T19:28:41.533Z","iobWithZeroTemp":{"iob":-1.194,"basaliob":-1.934,"bolussnooze":0,"activity":-0.0056,"lastBolusTime":1703434387769,"time":"2023-12-24T19:28:41.533Z"}},{"iob":0.593,"basaliob":-0.089,"bolussnooze":0,"activity":0.0097,"lastBolusTime":1703434387769,"time":"2023-12-24T19:33:41.533Z","iobWithZeroTemp":{"iob":-1.26,"basaliob":-1.942,"bolussnooze":0,"activity":-0.0065,"lastBolusTime":1703434387769,"time":"2023-12-24T19:33:41.533Z"}},{"iob":0.547,"basaliob":-0.081,"bolussnooze":0,"activity":0.009,"lastBolusTime":1703434387769,"time":"2023-12-24T19:38:41.533Z","iobWithZeroTemp":{"iob":-1.321,"basaliob":-1.949,"bolussnooze":0,"activity":-0.0075,"lastBolusTime":1703434387769,"time":"2023-12-24T19:38:41.533Z"}},{"iob":0.504,"basaliob":-0.074,"bolussnooze":0,"activity":0.0084,"lastBolusTime":1703434387769,"time":"2023-12-24T19:43:41.533Z","iobWithZeroTemp":{"iob":-1.377,"basaliob":-1.955,"bolussnooze":0,"activity":-0.0083,"lastBolusTime":1703434387769,"time":"2023-12-24T19:43:41.533Z"}},{"iob":0.463,"basaliob":-0.068,"bolussnooze":0,"activity":0.0078,"lastBolusTime":1703434387769,"time":"2023-12-24T19:48:41.533Z","iobWithZeroTemp":{"iob":-1.431,"basaliob":-1.962,"bolussnooze":0,"activity":-0.0091,"lastBolusTime":1703434387769,"time":"2023-12-24T19:48:41.533Z"}},{"iob":0.426,"basaliob":-0.062,"bolussnooze":0,"activity":0.0072,"lastBolusTime":1703434387769,"time":"2023-12-24T19:53:41.533Z","iobWithZeroTemp":{"iob":-1.479,"basaliob":-1.967,"bolussnooze":0,"activity":-0.0098,"lastBolusTime":1703434387769,"time":"2023-12-24T19:53:41.533Z"}},{"iob":0.391,"basaliob":-0.057,"bolussnooze":0,"activity":0.0067,"lastBolusTime":1703434387769,"time":"2023-12-24T19:58:41.533Z","iobWithZeroTemp":{"iob":-1.525,"basaliob":-1.973,"bolussnooze":0,"activity":-0.0105,"lastBolusTime":1703434387769,"time":"2023-12-24T19:58:41.533Z"}},{"iob":0.36,"basaliob":-0.052,"bolussnooze":0,"activity":0.0062,"lastBolusTime":1703434387769,"time":"2023-12-24T20:03:41.533Z","iobWithZeroTemp":{"iob":-1.561,"basaliob":-1.973,"bolussnooze":0,"activity":-0.0111,"lastBolusTime":1703434387769,"time":"2023-12-24T20:03:41.533Z"}},{"iob":0.33,"basaliob":-0.047,"bolussnooze":0,"activity":0.0057,"lastBolusTime":1703434387769,"time":"2023-12-24T20:08:41.533Z","iobWithZeroTemp":{"iob":-1.595,"basaliob":-1.972,"bolussnooze":0,"activity":-0.0118,"lastBolusTime":1703434387769,"time":"2023-12-24T20:08:41.533Z"}},{"iob":0.303,"basaliob":-0.043,"bolussnooze":0,"activity":0.0053,"lastBolusTime":1703434387769,"time":"2023-12-24T20:13:41.533Z","iobWithZeroTemp":{"iob":-1.626,"basaliob":-1.972,"bolussnooze":0,"activity":-0.0123,"lastBolusTime":1703434387769,"time":"2023-12-24T20:13:41.533Z"}},{"iob":0.278,"basaliob":-0.039,"bolussnooze":0,"activity":0.0049,"lastBolusTime":1703434387769,"time":"2023-12-24T20:18:41.533Z","iobWithZeroTemp":{"iob":-1.654,"basaliob":-1.971,"bolussnooze":0,"activity":-0.0128,"lastBolusTime":1703434387769,"time":"2023-12-24T20:18:41.533Z"}}],"profile":{"max_iob":15,"type":"current","max_daily_basal":1.32,"max_basal":3.74,"min_bg":99,"max_bg":99,"target_bg":99,"carb_ratio":4.761904761904762,"sens":18.7012987012987,"max_daily_safety_multiplier":3,"current_basal_safety_multiplier":4,"high_temptarget_raises_sensitivity":false,"low_temptarget_lowers_sensitivity":false,"sensitivity_raises_target":true,"resistance_lowers_target":true,"adv_target_adjustments":false,"exercise_mode":false,"half_basal_exercise_target":160,"maxCOB":120,"skip_neutral_temps":false,"remainingCarbsCap":90,"enableUAM":true,"A52_risk_enable":false,"SMBInterval":3,"enableSMB_with_COB":true,"enableSMB_with_temptarget":true,"allowSMB_with_high_temptarget":false,"enableSMB_always":false,"enableSMB_after_carbs":true,"maxSMBBasalMinutes":80,"maxUAMSMBBasalMinutes":60,"bolus_increment":0.05,"carbsReqThreshold":10,"current_basal":0.94,"temptargetSet":false,"autosens_max":1.2,"out_units":"mmol\/L"},"autosens_data":{"ratio":1},"meal_data":{"carbs":67,"mealCOB":28.47222222222222,"slopeFromMaxDeviation":-0.24370000000000003,"slopeFromMinDeviation":0.6893333333333334,"lastBolusTime":1703434387769,"lastCarbTime":1703434213537},"microBolusAllowed":true,"currentTime":1703435023577,"flatBGsDetected":false},"output":{"temp":"absolute","bg":111,"tick":-3,"eventualBG":106,"targetBG":99,"insulinReq":0,"deliverAt":"2023-12-24T16:23:43.577Z","sensitivityRatio":1,"predBGs":{"IOB":[111,108,104,101,97,93,88,84,80,75,71,67,63,59,55,51,47,44,40,39],"ZT":[111,108,104,100,96,92,87,83,79,75,70,67,63,59,56,53,50,47,44,42,40,39,39,39,39,39,39,39,39,39,39,39,39,39,39,39,39,39,39,39,39,39,39,39,39,39,39,39],"COB":[111,108,105,102,99,97,94,92,89,88,86,85,84,83,83,83,84,85,86,88,90,93,95,97,99,101,103,104,106,107,108,109,110,110,111,111,111,111,111,111,110,109,109,108,107,107,106],"UAM":[111,108,104,100,96,92,87,83,78,74,69,65,61,57,53,49,46,42,39]},"COB":28.47222222222222,"IOB":6.458,"reason":"COB: 28.5, Dev: 0.1, BGI: -0.2, ISF: 1.0, CR: 4.76, Target: 5.5, minPredBG 2.3, minGuardBG 1.8, IOBpredBG 2.2, COBpredBG 5.9, UAMpredBG 2.2; minGuardBG 1.8<3.9","duration":120,"rate":0,"timestamp":"2023-12-24T16:23:43.659Z"}}