{"algorithm":"OpenAPSSMBPlugin","input":{"glucoseStatus":{"glucose":73,"noise":0,"delta":1,"short_avgdelta":0.5,"long_avgdelta":-1.31,"date":1703381590000},"currenttemp":{"temp":"absolute","duration":20,"rate":0,"minutesrunning":100},"iob_data":[{"iob":-0.364,"basaliob":-1.316,"bolussnooze":0,"activity":0.0044,"lastBolusTime":1703372056483,"time":"2023-12-24T01:33:41.178Z","iobWithZeroTemp":{"iob":-0.364,"basaliob":-1.316,"bolussnooze":0,"activity":0.0044,"lastBolusTime":1703372056483,"time":"2023-12-24T01:33:41.178Z"}},{"iob":-0.382,"basaliob":-1.261,"bolussnooze":0,"activity":0.0031,"lastBolusTime":1703372056483,"time":"2023-12-24T01:38:41.178Z","iobWithZeroTemp":{"iob":-0.432,"basaliob":-1.311,"bolussnooze":0,"activity":0.0031,"lastBolusTime":1703372056483,"time":"2023-12-24T01:38:41.178Z"}},{"iob":-0.396,"basaliob":-1.206,"bolussnooze":0,"activity":0.002,"lastBolusTime":1703372056483,"time":"2023-12-24T01:43:41.178Z","iobWithZeroTemp":{"iob":-0.509,"basaliob":-1.319,"bolussnooze":0,"activity":0.0018,"lastBolusTime":1703372056483,"time":"2023-12-24T01:43:41.178Z"}},{"iob":-0.403,"basaliob":-1.15,"bolussnooze":0,"activity":0.0012,"lastBolusTime":1703372056483,"time":"2023-12-24T01:48:41.178Z","iobWithZeroTemp":{"iob":-0.578,"basaliob":-1.325,"bolussnooze":0,"activity":8.0E-4,"lastBolusTime":1703372056483,"time":"2023-12-24T01:48:41.178Z"}},{"iob":-0.406,"basaliob":-1.094,"bolussnooze":0,"activity":3.0E-4,"lastBolusTime":1703372056483,"time":"2023-12-24T01:53:41.178Z","iobWithZeroTemp":{"iob":-0.641,"basaliob":-1.329,"bolussnooze":0,"activity":-3.0E-4,"lastBolusTime":1703372056483,"time":"2023-12-24T01:53:41.178Z"}},{"iob":-0.406,"basaliob":-1.039,"bolussnooze":0,"activity":-3.0E-4,"lastBolusTime":1703372056483,"time":"2023-12-24T01:58:41.178Z","iobWithZeroTemp":{"iob":-0.701,"basaliob":-1.334,"bolussnooze":0,"activity":-0.0012,"lastBolusTime":1703372056483,"time":"2023-12-24T01:58:41.178Z"}},{"iob":-0.404,"basaliob":-0.986,"bolussnooze":0,"activity":-9.0E-4,"lastBolusTime":1703372056483,"time":"2023-12-24T02:03:41.178Z","iobWithZeroTemp":{"iob":-0.766,"basaliob":-1.348,"bolussnooze":0,"activity":-0.0022,"lastBolusTime":1703372056483,"time":"2023-12-24T02:03:41.178Z"}},{"iob":-0.398,"basaliob":-0.933,"bolussnooze":0,"activity":-0.0013,"lastBolusTime":1703372056483,"time":"2023-12-24T02:08:41.178Z","iobWithZeroTemp":{"iob":-0.826,"basaliob":-1.361,"bolussnooze":0,"activity":-0.003,"lastBolusTime":1703372056483,"time":"2023-12-24T02:08:41.178Z"}},{"iob":-0.39,"basaliob":-0.881,"bolussnooze":0,"activity":-0.0017,"lastBolusTime":1703372056483,"time":"2023-12-24T02:13:41.178Z","iobWithZeroTemp":{"iob":-0.882,"basaliob":-1.373,"bolussnooze":0,"activity":-0.0038,"lastBolusTime":1703372056483,"time":"2023-12-24T02:13:41.178Z"}},{"iob":-0.381,"basaliob":-0.832,"bolussnooze":0,"activity":-0.002,"lastBolusTime":1703372056483,"time":"2023-12-24T02:18:41.178Z","iobWithZeroTemp":{"iob":-0.935,"basaliob":-1.386,"bolussnooze":0,"activity":-0.0046,"lastBolusTime":1703372056483,"time":"2023-12-24T02:18:41.178Z"}},{"iob":-0.371,"basaliob":-0.784,"bolussnooze":0,"activity":-0.0022,"lastBolusTime":1703372056483,"time":"2023-12-24T02:23:41.178Z","iobWithZeroTemp":{"iob":-0.984,"basaliob":-1.397,"bolussnooze":0,"activity":-0.0053,"lastBolusTime":1703372056483,"time":"2023-12-24T02:23:41.178Z"}},{"iob":-0.358,"basaliob":-0.737,"bolussnooze":0,"activity":-0.0025,"lastBolusTime":1703372056483,"time":"2023-12-24T02:28:41.178Z","iobWithZeroTemp":{"iob":-1.028,"basaliob":-1.407,"bolussnooze":0,"activity":-0.006,"lastBolusTime":1703372056483,"time":"2023-12-24T02:28:41.178Z"}},{"iob":-0.346,"basaliob":-0.693,"bolussnooze":0,"activity":-0.0026,"lastBolusTime":1703372056483,"time":"2023-12-24T02:33:41.178Z","iobWithZeroTemp":{"iob":-1.07,"basaliob":-1.417,"bolussnooze":0,"activity":-0.0066,"lastBolusTime":1703372056483,"time":"2023-12-24T02:33:41.178Z"}},{"iob":-0.334,"basaliob":-0.651,"bolussnooze":0,"activity":-0.0026,"lastBolusTime":1703372056483,"time":"2023-12-24T02:38:41.178Z","iobWithZeroTemp":{"iob":-1.11,"basaliob":-1.427,"bolussnooze":0,"activity":-0.0071,"lastBolusTime":1703372056483,"time":"2023-12-24T02:38:41.178Z"}},{"iob":-0.32,"basaliob":-0.61,"bolussnooze":0,"activity":-0.0027,"lastBolusTime":1703372056483,"time":"2023-12-24T02:43:41.178Z","iobWithZeroTemp":{"iob":-1.146,"basaliob":-1.436,"bolussnooze":0,"activity":-0.0077,"lastBolusTime":1703372056483,"time":"2023-12-24T02:43:41.178Z"}},{"iob":-0.306,"basaliob":-0.571,"bolussnooze":0,"activity":-0.0027,"lastBolusTime":1703372056483,"time":"2023-12-24T02:48:41.178Z","iobWithZeroTemp":{"iob":-1.179,"basaliob":-1.444,"bolussnooze":0,"activity":-0.0082,"lastBolusTime":1703372056483,"time":"2023-12-24T02:48:41.178Z"}},{"iob":-0.293,"basaliob":-0.535,"bolussnooze":0,"activity":-0.0028,"lastBolusTime":1703372056483,"time":"2023-12-24T02:53:41.178Z","iobWithZeroTemp":{"iob":-1.211,"basaliob":-1.453,"bolussnooze":0,"activity":-0.0088,"lastBolusTime":1703372056483,"time":"2023-12-24T02:53:41.178Z"}},{"iob":-0.279,"basaliob":-0.5,"bolussnooze":0,"activity":-0.0027,"lastBolusTime":1703372056483,"time":"2023-12-24T02:58:41.178Z","iobWithZeroTemp":{"iob":-1.239,"basaliob":-1.46,"bolussnooze":0,"activity":-0.0092,"lastBolusTime":1703372056483,"time":"2023-12-24T02:58:41.178Z"}},{"iob":-0.266,"basaliob":-0.467,"bolussnooze":0,"activity":-0.0027,"lastBolusTime":1703372056483,"time":"2023-12-24T03:03:41.178Z","iobWithZeroTemp":{"iob":-1.272,"basaliob":-1.473,"bolussnooze":0,"activity":-0.0096,"lastBolusTime":1703372056483,"time":"2023-12-24T03:03:41.178Z"}},{"iob":-0.252,"basaliob":-0.435,"bolussnooze":0,"activity":-0.0027,"lastBolusTime":1703372056483,"time":"2023-12-24T03:08:41.178Z","iobWithZeroTemp":{"iob":-1.303,"basaliob":-1.486,"bolussnooze":0,"activity":-0.0101,"lastBolusTime":1703372056483,"time":"2023-12-24T03:08:41.178Z"}},{"iob":-0.239,"basaliob":-0.406,"bolussnooze":0,"activity":-0.0025,"lastBolusTime":1703372056483,"time":"2023-12-24T03:13:41.178Z","iobWithZeroTemp":{"iob":-1.332,"basaliob":-1.499,"bolussnooze":0,"activity":-0.0103,"lastBolusTime":1703372056483,"time":"2023-12-24T03:13:41.178Z"}},{"iob":-0.226,"basaliob":-0.378,"bolussnooze":0,"activity":-0.0025,"lastBolusTime":1703372056483,"time":"2023-12-24T03:18:41.178Z","iobWithZeroTemp":{"iob":-1.358,"basaliob":-1.51,"bolussnooze":0,"activity":-0.0108,"lastBolusTime":1703372056483,"time":"2023-12-24T03:18:41.178Z"}},{"iob":-0.214,"basaliob":-0.352,"bolussnooze":0,"activity":-0.0024,"lastBolusTime":1703372056483,"time":"2023-12-24T03:23:41.178Z","iobWithZeroTemp":{"iob":-1.384,"basaliob":-1.522,"bolussnooze":0,"activity":-0.0111,"lastBolusTime":1703372056483,"time":"2023-12-24T03:23:41.178Z"}},{"iob":-0.202,"basaliob":-0.327,"bolussnooze":0,"activity":-0.0024,"lastBolusTime":1703372056483,"time":"2023-12-24T03:28:41.178Z","iobWithZeroTemp":{"iob":-1.407,"basaliob":-1.532,"bolussnooze":0,"activity":-0.0115,"lastBolusTime":1703372056483,"time":"2023-12-24T03:28:41.178Z"}},{"iob":-0.191,"basaliob":-0.304,"bolussnooze":0,"activity":-0.0023,"lastBolusTime":1703372056483,"time":"2023-12-24T03:33:41.178Z","iobWithZeroTemp":{"iob":-1.43,"basaliob":-1.543,"bolussnooze":0,"activity":-0.0118,"lastBolusTime":1703372056483,"time":"2023-12-24T03:33:41.178Z"}},{"iob":-0.179,"basaliob":-0.282,"bolussnooze":0,"activity":-0.0022,"lastBolusTime":1703372056483,"time":"2023-12-24T03:38:41.178Z","iobWithZeroTemp":{"iob":-1.45,"basaliob":-1.553,"bolussnooze":0,"activity":-0.0121,"lastBolusTime":1703372056483,"time":"2023-12-24T03:38:41.178Z"}},{"iob":-0.169,"basaliob":-0.262,"bolussnooze":0,"activity":-0.0021,"lastBolusTime":1703372056483,"time":"2023-12-24T03:43:41.178Z","iobWithZeroTemp":{"iob":-1.469,"basaliob":-1.562,"bolussnooze":0,"activity":-0.0123,"lastBolusTime":1703372056483,"time":"2023-12-24T03:43:41.178Z"}},{"iob":-0.158,"basaliob":-0.242,"bolussnooze":0,"activity":-0.002,"lastBolusTime":1703372056483,"time":"2023-12-24T03:48:41.178Z","iobWithZeroTemp":{"iob":-1.486,"basaliob":-1.57,"bolussnooze":0,"activity":-0.0126,"lastBolusTime":1703372056483,"time":"2023-12-24T03:48:41.178Z"}},{"iob":-0.149,"basaliob":-0.225,"bolussnooze":0,"activity":-0.0019,"lastBolusTime":1703372056483,"time":"2023-12-24T03:53:41.178Z","iobWithZeroTemp":{"iob":-1.503,"basaliob":-1.579,"bolussnooze":0,"activity":-0.0128,"lastBolusTime":1703372056483,"time":"2023-12-24T03:53:41.178Z"}},{"iob":-0.14,"basaliob":-0.208,"bolussnooze":0,"activity":-0.0018,"lastBolusTime":1703372056483,"time":"2023-12-24T03:58:41.178Z","iobWithZeroTemp":{"iob":-1.519,"basaliob":-1.587,"bolussnooze":0,"activity":-0.0131,"lastBolusTime":1703372056483,"time":"2023-12-24T03:58:41.178Z"}},{"iob":-0.13,"basaliob":-0.192,"bolussnooze":0,"activity":-0.0017,"lastBolusTime":1703372056483,"time":"2023-12-24T04:03:41.178Z","iobWithZeroTemp":{"iob":-1.53,"basaliob":-1.592,"bolussnooze":0,"activity":-0.0133,"lastBolusTime":1703372056483,"time":"2023-12-24T04:03:41.178Z"}},{"iob":-0.123,"basaliob":-0.178,"bolussnooze":0,"activity":-0.0016,"lastBolusTime":1703372056483,"time":"2023-12-24T04:08:41.178Z","iobWithZeroTemp":{"iob":-1.542,"basaliob":-1.597,"bolussnooze":0,"activity":-0.0134,"lastBolusTime":1703372056483,"time":"2023-12-24T04:08:41.178Z"}},{"iob":-0.114,"basaliob":-0.164,"bolussnooze":0,"activity":-0.0015,"lastBolusTime":1703372056483,"time":"2023-12-24T04:13:41.178Z","iobWithZeroTemp":{"iob":-1.551,"basaliob":-1.601,"bolussnooze":0,"activity":-0.0136,"lastBolusTime":1703372056483,"time":"2023-12-24T04:13:41.178Z"}},{"iob":-0.106,"basaliob":-0.151,"bolussnooze":0,"activity":-0.0014,"lastBolusTime":1703372056483,"time":"2023-12-24T04:18:41.178Z","iobWithZeroTemp":{"iob":-1.56,"basaliob":-1.605,"bolussnooze":0,"activity":-0.0138,"lastBolusTime":1703372056483,"time":"2023-12-24T04:18:41.178Z"}},{"iob":-0.1,"basaliob":-0.14,"bolussnooze":0,"activity":-0.0014,"lastBolusTime":1703372056483,"time":"2023-12-24T04:23:41.178Z","iobWithZeroTemp":{"iob":-1.57,"basaliob":-1.61,"bolussnooze":0,"activity":-0.014,"lastBolusTime":1703372056483,"time":"2023-12-24T04:23:41.178Z"}},{"iob":-0.093,"basaliob":-0.129,"bolussnooze":0,"activity":-0.0013,"lastBolusTime":1703372056483,"time":"2023-12-24T04:28:41.178Z","iobWithZeroTemp":{"iob":-1.577,"basaliob":-1.613,"bolussnooze":0,"activity":-0.0141,"lastBolusTime":1703372056483,"time":"2023-12-24T04:28:41.178Z"}},{"iob":-0.086,"basaliob":-0.118,"bolussnooze":0,"activity":-0.0013,"lastBolusTime":1703372056483,"time":"2023-12-24T04:33:41.178Z","iobWithZeroTemp":{"iob":-1.584,"basaliob":-1.616,"bolussnooze":0,"activity":-0.0143,"lastBolusTime":1703372056483,"time":"2023-12-24T04:33:41.178Z"}},{"iob":-0.08,"basaliob":-0.109,"bolussnooze":0,"activity":-0.0011,"lastBolusTime":1703372056483,"time":"2023-12-24T04:38:41.178Z","iobWithZeroTemp":{"iob":-1.59,"basaliob":-1.619,"bolussnooze":0,"activity":-0.0143,"lastBolusTime":1703372056483,"time":"2023-12-24T04:38:41.178Z"}},{"iob":-0.074,"basaliob":-0.1,"bolussnooze":0,"activity":-0.0011,"lastBolusTime":1703372056483,"time":"2023-12-24T04:43:41.178Z","iobWithZeroTemp":{"iob":-1.596,"basaliob":-1.622,"bolussnooze":0,"activity":-0.0145,"lastBolusTime":1703372056483,"time":"2023-12-24T04:43:41.178Z"}},{"iob":-0.069,"basaliob":-0.092,"bolussnooze":0,"activity":-0.0011,"lastBolusTime":1703372056483,"time":"2023-12-24T04:48:41.178Z","iobWithZeroTemp":{"iob":-1.601,"basaliob":-1.624,"bolussnooze":0,"activity":-0.0147,"lastBolusTime":1703372056483,"time":"2023-12-24T04:48:41.178Z"}},{"iob":-0.065,"basaliob":-0.085,"bolussnooze":0,"activity":-9.0E-4,"lastBolusTime":1703372056483,"time":"2023-12-24T04:53:41.178Z","iobWithZeroTemp":{"iob":-1.607,"basaliob":-1.627,"bolussnooze":0,"activity":-0.0146,"lastBolusTime":1703372056483,"time":"2023-12-24T04:53:41.178Z"}},{"iob":-0.06,"basaliob":-0.078,"bolussnooze":0,"activity":-9.0E-4,"lastBolusTime":1703372056483,"time":"2023-12-24T04:58:41.178Z","iobWithZeroTemp":{"iob":-1.611,"basaliob":-1.629,"bolussnooze":0,"activity":-0.0148,"lastBolusTime":1703372056483,"time":"2023-12-24T04:58:41.178Z"}},{"iob":-0.055,"basaliob":-0.071,"bolussnooze":0,"activity":-8.0E-4,"lastBolusTime":1703372056483,"time":"2023-12-24T05:03:41.178Z","iobWithZeroTemp":{"iob":-1.61,"basaliob":-1.626,"bolussnooze":0,"activity":-0.0148,"lastBolusTime":1703372056483,"time":"2023-12-24T05:03:41.178Z"}},{"iob":-0.051,"basaliob":-0.065,"bolussnooze":0,"activity":-8.0E-4,"lastBolusTime":1703372056483,"time":"2023-12-24T05:08:41.178Z","iobWithZeroTemp":{"iob":-1.61,"basaliob":-1.624,"bolussnooze":0,"activity":-0.0149,"lastBolusTime":1703372056483,"time":"2023-12-24T05:08:41.178Z"}},{"iob":-0.048,"basaliob":-0.06,"bolussnooze":0,"activity":-8.0E-4,"lastBolusTime":1703372056483,"time":"2023-12-24T05:13:41.178Z","iobWithZeroTemp":{"iob":-1.609,"basaliob":-1.621,"bolussnooze":0,"activity":-0.015,"lastBolusTime":1703372056483,"time":"2023-12-24T05:13:41.178Z"}},{"iob":-0.044,"basaliob":-0.055,"bolussnooze":0,"activity":-7.0E-4,"lastBolusTime":1703372056483,"time":"2023-12-24T05:18:41.178Z","iobWithZeroTemp":{"iob":-1.608,"basaliob":-1.619,"bolussnooze":0,"activity":-0.015,"lastBolusTime":1703372056483,"time":"2023-12-24T05:18:41.178Z"}},{"iob":-0.04,"basaliob":-0.05,"bolussnooze":0,"activity":-7.0E-4,"lastBolusTime":1703372056483,"time":"2023-12-24T05:23:41.178Z","iobWithZeroTemp":{"iob":-1.605,"basaliob":-1.615,"bolussnooze":0,"activity":-0.0151,"lastBolusTime":1703372056483,"time":"2023-12-24T05:23:41.178Z"}},{"iob":-0.038,"basaliob":-0.046,"bolussnooze":0,"activity":-6.0E-4,"lastBolusTime":1703372056483,"time":"2023-12-24T05:28:41.178Z","iobWithZeroTemp":{"iob":-1.605,"basaliob":-1.613,"bolussnooze":0,"activity":-0.015,"lastBolusTime":1703372056483,"time":"2023-12-24T05:28:41.178Z"}}],"profile":{"max_iob":15,"type":"current","max_daily_basal":0.96,"max_basal":2.88,"min_bg":99,"max_bg":99,"target_bg":99,"carb_ratio":7.142857142857142,"sens":38.57142857142857,"max_daily_safety_multiplier":3,"current_basal_safety_multiplier":4,"high_temptarget_raises_sensitivity":false,"low_temptarget_lowers_sensitivity":false,"sensitivity_raises_target":true,"resistance_lowers_target":true,"adv_target_adjustments":false,"exercise_mode":false,"half_basal_exercise_target":160,"maxCOB":120,"skip_neutral_temps":false,"remainingCarbsCap":90,"enableUAM":true,"A52_risk_enable":false,"SMBInterval":3,"enableSMB_with_COB":true,"enableSMB_with_temptarget":true,"allowSMB_with_high_temptarget":false,"enableSMB_always":false,"enableSMB_after_carbs":true,"maxSMBBasalMinutes":80,"maxUAMSMBBasalMinutes":60,"bolus_increment":0.05,"carbsReqThreshold":10,"current_basal":0.76,"temptargetSet":false,"autosens_max":1.2,"out_units":"mmol\/L"},"autosens_data":{"ratio":1},"meal_data":{"carbs":10,"mealCOB":0,"slopeFromMaxDeviation":0,"slopeFromMinDeviation":0.17350000000000002,"lastBolusTime":1703372056483,"lastCarbTime":1703363714235},"microBolusAllowed":true,"currentTime":1703381623645,"flatBGsDetected":false},"output":{"temp":"absolute","bg":73,"tick":"+1","eventualBG":102,"targetBG":99,"insulinReq":-0.54,"deliverAt":"2023-12-24T01:33:43.645Z","sensitivityRatio":1,"predBGs":{"IOB":[73,73,74,75,75,76,77,78,78,79,80,80,81,81,82,82,83,83,84,84,85,85,86,86,87,87,88,88,88,89,89,89,90,90,90,91,91,91,91,91,92,92,92,92,92,92,93],"ZT":[73,72,72,71,71,71,71,72,72,73,74,75,76,77,79,80,82,84,85,87,89,91,93,95,98],"UAM":[73,73,74,75,76,77,78,79,81,82,83,84,85,87,88,89,90,91,92,92,93,94,95,95,96,96,96,97,97,98,98,98,99,99,99,99,100,100,100,100,101,101,101,101,101,101,101,102]},"COB":0,"IOB":-0.364,"reason":"COB: 0, Dev: 0.4, BGI: 0.0, ISF: 2.1, CR: 7.14, Target: 5.5, minPredBG 4.3, minGuardBG 4.1, IOBpredBG 5.2, UAMpredBG 5.7; Eventual BG 5.7 >= 5.5,  insulinReq -0.54; setting 30m low temp of 0.71U\/h. ","rate":0.71,"duration":30,"timestamp":"2023-12-24T01:33:43.815Z"}}