{"algorithm":"OpenAPSSMBPlugin","input":{"glucoseStatus":{"glucose":113,"noise":0,"delta":1,"short_avgdelta":0.5,"long_avgdelta":0.27,"date":1703484493000},"currenttemp":{"temp":"absolute","duration":55,"rate":0.8977499999999999,"minutesrunning":5},"iob_data":[{"iob":0.619,"basaliob":0.348,"bolussnooze":0,"activity":0.0046,"lastBolusTime":1703477634103,"time":"2023-12-25T06:08:44.946Z","iobWithZeroTemp":{"iob":0.619,"basaliob":0.348,"bolussnooze":0,"activity":0.0046,"lastBolusTime":1703477634103,"time":"2023-12-25T06:08:44.946Z"}},{"iob":0.597,"basaliob":0.345,"bolussnooze":0,"activity":0.0047,"lastBolusTime":1703477634103,"time":"2023-12-25T06:13:44.946Z","iobWithZeroTemp":{"iob":0.521,"basaliob":0.269,"bolussnooze":0,"activity":0.0047,"lastBolusTime":1703477634103,"time":"2023-12-25T06:13:44.946Z"}},{"iob":0.572,"basaliob":0.339,"bolussnooze":0,"activity":0.0049,"lastBolusTime":1703477634103,"time":"2023-12-25T06:18:44.946Z","iobWithZeroTemp":{"iob":0.402,"basaliob":0.169,"bolussnooze":0,"activity":0.0047,"lastBolusTime":1703477634103,"time":"2023-12-25T06:18:44.946Z"}},{"iob":0.548,"basaliob":0.332,"bolussnooze":0,"activity":0.0049,"lastBolusTime":1703477634103,"time":"2023-12-25T06:23:44.946Z","iobWithZeroTemp":{"iob":0.285,"basaliob":0.069,"bolussnooze":0,"activity":0.0044,"lastBolusTime":1703477634103,"time":"2023-12-25T06:23:44.946Z"}},{"iob":0.523,"basaliob":0.323,"bolussnooze":0,"activity":0.0049,"lastBolusTime":1703477634103,"time":"2023-12-25T06:28:44.946Z","iobWithZeroTemp":{"iob":0.169,"basaliob":-0.031,"bolussnooze":0,"activity":0.004,"lastBolusTime":1703477634103,"time":"2023-12-25T06:28:44.946Z"}},{"iob":0.498,"basaliob":0.314,"bolussnooze":0,"activity":0.0049,"lastBolusTime":1703477634103,"time":"2023-12-25T06:33:44.946Z","iobWithZeroTemp":{"iob":0.055,"basaliob":-0.129,"bolussnooze":0,"activity":0.0035,"lastBolusTime":1703477634103,"time":"2023-12-25T06:33:44.946Z"}},{"iob":0.473,"basaliob":0.303,"bolussnooze":0,"activity":0.0049,"lastBolusTime":1703477634103,"time":"2023-12-25T06:38:44.946Z","iobWithZeroTemp":{"iob":-0.057,"basaliob":-0.227,"bolussnooze":0,"activity":0.003,"lastBolusTime":1703477634103,"time":"2023-12-25T06:38:44.946Z"}},{"iob":0.449,"basaliob":0.292,"bolussnooze":0,"activity":0.0048,"lastBolusTime":1703477634103,"time":"2023-12-25T06:43:44.946Z","iobWithZeroTemp":{"iob":-0.164,"basaliob":-0.321,"bolussnooze":0,"activity":0.0023,"lastBolusTime":1703477634103,"time":"2023-12-25T06:43:44.946Z"}},{"iob":0.426,"basaliob":0.281,"bolussnooze":0,"activity":0.0047,"lastBolusTime":1703477634103,"time":"2023-12-25T06:48:44.946Z","iobWithZeroTemp":{"iob":-0.268,"basaliob":-0.413,"bolussnooze":0,"activity":0.0016,"lastBolusTime":1703477634103,"time":"2023-12-25T06:48:44.946Z"}},{"iob":0.403,"basaliob":0.269,"bolussnooze":0,"activity":0.0046,"lastBolusTime":1703477634103,"time":"2023-12-25T06:53:44.946Z","iobWithZeroTemp":{"iob":-0.369,"basaliob":-0.503,"bolussnooze":0,"activity":9.0E-4,"lastBolusTime":1703477634103,"time":"2023-12-25T06:53:44.946Z"}},{"iob":0.38,"basaliob":0.257,"bolussnooze":0,"activity":0.0044,"lastBolusTime":1703477634103,"time":"2023-12-25T06:58:44.946Z","iobWithZeroTemp":{"iob":-0.467,"basaliob":-0.59,"bolussnooze":0,"activity":0,"lastBolusTime":1703477634103,"time":"2023-12-25T06:58:44.946Z"}},{"iob":0.358,"basaliob":0.245,"bolussnooze":0,"activity":0.0043,"lastBolusTime":1703477634103,"time":"2023-12-25T07:03:44.946Z","iobWithZeroTemp":{"iob":-0.555,"basaliob":-0.668,"bolussnooze":0,"activity":-7.0E-4,"lastBolusTime":1703477634103,"time":"2023-12-25T07:03:44.946Z"}},{"iob":0.337,"basaliob":0.233,"bolussnooze":0,"activity":0.0041,"lastBolusTime":1703477634103,"time":"2023-12-25T07:08:44.946Z","iobWithZeroTemp":{"iob":-0.639,"basaliob":-0.743,"bolussnooze":0,"activity":-0.0015,"lastBolusTime":1703477634103,"time":"2023-12-25T07:08:44.946Z"}},{"iob":0.318,"basaliob":0.222,"bolussnooze":0,"activity":0.0039,"lastBolusTime":1703477634103,"time":"2023-12-25T07:13:44.946Z","iobWithZeroTemp":{"iob":-0.718,"basaliob":-0.814,"bolussnooze":0,"activity":-0.0024,"lastBolusTime":1703477634103,"time":"2023-12-25T07:13:44.946Z"}},{"iob":0.298,"basaliob":0.21,"bolussnooze":0,"activity":0.0038,"lastBolusTime":1703477634103,"time":"2023-12-25T07:18:44.946Z","iobWithZeroTemp":{"iob":-0.795,"basaliob":-0.883,"bolussnooze":0,"activity":-0.0031,"lastBolusTime":1703477634103,"time":"2023-12-25T07:18:44.946Z"}},{"iob":0.28,"basaliob":0.199,"bolussnooze":0,"activity":0.0036,"lastBolusTime":1703477634103,"time":"2023-12-25T07:23:44.946Z","iobWithZeroTemp":{"iob":-0.867,"basaliob":-0.948,"bolussnooze":0,"activity":-0.0039,"lastBolusTime":1703477634103,"time":"2023-12-25T07:23:44.946Z"}},{"iob":0.262,"basaliob":0.188,"bolussnooze":0,"activity":0.0034,"lastBolusTime":1703477634103,"time":"2023-12-25T07:28:44.946Z","iobWithZeroTemp":{"iob":-0.936,"basaliob":-1.01,"bolussnooze":0,"activity":-0.0047,"lastBolusTime":1703477634103,"time":"2023-12-25T07:28:44.946Z"}},{"iob":0.246,"basaliob":0.178,"bolussnooze":0,"activity":0.0033,"lastBolusTime":1703477634103,"time":"2023-12-25T07:33:44.946Z","iobWithZeroTemp":{"iob":-1,"basaliob":-1.068,"bolussnooze":0,"activity":-0.0053,"lastBolusTime":1703477634103,"time":"2023-12-25T07:33:44.946Z"}},{"iob":0.229,"basaliob":0.167,"bolussnooze":0,"activity":0.0031,"lastBolusTime":1703477634103,"time":"2023-12-25T07:38:44.946Z","iobWithZeroTemp":{"iob":-1.062,"basaliob":-1.124,"bolussnooze":0,"activity":-0.0061,"lastBolusTime":1703477634103,"time":"2023-12-25T07:38:44.946Z"}},{"iob":0.215,"basaliob":0.158,"bolussnooze":0,"activity":0.0029,"lastBolusTime":1703477634103,"time":"2023-12-25T07:43:44.946Z","iobWithZeroTemp":{"iob":-1.119,"basaliob":-1.176,"bolussnooze":0,"activity":-0.0068,"lastBolusTime":1703477634103,"time":"2023-12-25T07:43:44.946Z"}},{"iob":0.2,"basaliob":0.148,"bolussnooze":0,"activity":0.0027,"lastBolusTime":1703477634103,"time":"2023-12-25T07:48:44.946Z","iobWithZeroTemp":{"iob":-1.174,"basaliob":-1.226,"bolussnooze":0,"activity":-0.0075,"lastBolusTime":1703477634103,"time":"2023-12-25T07:48:44.946Z"}},{"iob":0.187,"basaliob":0.139,"bolussnooze":0,"activity":0.0027,"lastBolusTime":1703477634103,"time":"2023-12-25T07:53:44.946Z","iobWithZeroTemp":{"iob":-1.225,"basaliob":-1.273,"bolussnooze":0,"activity":-0.008,"lastBolusTime":1703477634103,"time":"2023-12-25T07:53:44.946Z"}},{"iob":0.175,"basaliob":0.131,"bolussnooze":0,"activity":0.0025,"lastBolusTime":1703477634103,"time":"2023-12-25T07:58:44.946Z","iobWithZeroTemp":{"iob":-1.272,"basaliob":-1.316,"bolussnooze":0,"activity":-0.0086,"lastBolusTime":1703477634103,"time":"2023-12-25T07:58:44.946Z"}},{"iob":0.162,"basaliob":0.122,"bolussnooze":0,"activity":0.0023,"lastBolusTime":1703477634103,"time":"2023-12-25T08:03:44.946Z","iobWithZeroTemp":{"iob":-1.314,"basaliob":-1.354,"bolussnooze":0,"activity":-0.0093,"lastBolusTime":1703477634103,"time":"2023-12-25T08:03:44.946Z"}},{"iob":0.151,"basaliob":0.115,"bolussnooze":0,"activity":0.0022,"lastBolusTime":1703477634103,"time":"2023-12-25T08:08:44.946Z","iobWithZeroTemp":{"iob":-1.351,"basaliob":-1.387,"bolussnooze":0,"activity":-0.0098,"lastBolusTime":1703477634103,"time":"2023-12-25T08:08:44.946Z"}},{"iob":0.14,"basaliob":0.107,"bolussnooze":0,"activity":0.002,"lastBolusTime":1703477634103,"time":"2023-12-25T08:13:44.946Z","iobWithZeroTemp":{"iob":-1.387,"basaliob":-1.42,"bolussnooze":0,"activity":-0.0104,"lastBolusTime":1703477634103,"time":"2023-12-25T08:13:44.946Z"}},{"iob":0.13,"basaliob":0.1,"bolussnooze":0,"activity":0.002,"lastBolusTime":1703477634103,"time":"2023-12-25T08:18:44.946Z","iobWithZeroTemp":{"iob":-1.42,"basaliob":-1.45,"bolussnooze":0,"activity":-0.0107,"lastBolusTime":1703477634103,"time":"2023-12-25T08:18:44.946Z"}},{"iob":0.121,"basaliob":0.094,"bolussnooze":0,"activity":0.0018,"lastBolusTime":1703477634103,"time":"2023-12-25T08:23:44.946Z","iobWithZeroTemp":{"iob":-1.45,"basaliob":-1.477,"bolussnooze":0,"activity":-0.0112,"lastBolusTime":1703477634103,"time":"2023-12-25T08:23:44.946Z"}},{"iob":0.112,"basaliob":0.087,"bolussnooze":0,"activity":0.0017,"lastBolusTime":1703477634103,"time":"2023-12-25T08:28:44.946Z","iobWithZeroTemp":{"iob":-1.479,"basaliob":-1.504,"bolussnooze":0,"activity":-0.0116,"lastBolusTime":1703477634103,"time":"2023-12-25T08:28:44.946Z"}},{"iob":0.104,"basaliob":0.081,"bolussnooze":0,"activity":0.0016,"lastBolusTime":1703477634103,"time":"2023-12-25T08:33:44.946Z","iobWithZeroTemp":{"iob":-1.505,"basaliob":-1.528,"bolussnooze":0,"activity":-0.012,"lastBolusTime":1703477634103,"time":"2023-12-25T08:33:44.946Z"}},{"iob":0.097,"basaliob":0.076,"bolussnooze":0,"activity":0.0015,"lastBolusTime":1703477634103,"time":"2023-12-25T08:38:44.946Z","iobWithZeroTemp":{"iob":-1.529,"basaliob":-1.55,"bolussnooze":0,"activity":-0.0124,"lastBolusTime":1703477634103,"time":"2023-12-25T08:38:44.946Z"}},{"iob":0.089,"basaliob":0.07,"bolussnooze":0,"activity":0.0014,"lastBolusTime":1703477634103,"time":"2023-12-25T08:43:44.946Z","iobWithZeroTemp":{"iob":-1.552,"basaliob":-1.571,"bolussnooze":0,"activity":-0.0127,"lastBolusTime":1703477634103,"time":"2023-12-25T08:43:44.946Z"}},{"iob":0.083,"basaliob":0.066,"bolussnooze":0,"activity":0.0013,"lastBolusTime":1703477634103,"time":"2023-12-25T08:48:44.946Z","iobWithZeroTemp":{"iob":-1.572,"basaliob":-1.589,"bolussnooze":0,"activity":-0.0131,"lastBolusTime":1703477634103,"time":"2023-12-25T08:48:44.946Z"}},{"iob":0.076,"basaliob":0.061,"bolussnooze":0,"activity":0.0012,"lastBolusTime":1703477634103,"time":"2023-12-25T08:53:44.946Z","iobWithZeroTemp":{"iob":-1.592,"basaliob":-1.607,"bolussnooze":0,"activity":-0.0134,"lastBolusTime":1703477634103,"time":"2023-12-25T08:53:44.946Z"}},{"iob":0.07,"basaliob":0.056,"bolussnooze":0,"activity":0.0011,"lastBolusTime":1703477634103,"time":"2023-12-25T08:58:44.946Z","iobWithZeroTemp":{"iob":-1.611,"basaliob":-1.625,"bolussnooze":0,"activity":-0.0137,"lastBolusTime":1703477634103,"time":"2023-12-25T08:58:44.946Z"}},{"iob":0.065,"basaliob":0.052,"bolussnooze":0,"activity":0.0011,"lastBolusTime":1703477634103,"time":"2023-12-25T09:03:44.946Z","iobWithZeroTemp":{"iob":-1.622,"basaliob":-1.635,"bolussnooze":0,"activity":-0.0139,"lastBolusTime":1703477634103,"time":"2023-12-25T09:03:44.946Z"}},{"iob":0.06,"basaliob":0.049,"bolussnooze":0,"activity":9.0E-4,"lastBolusTime":1703477634103,"time":"2023-12-25T09:08:44.946Z","iobWithZeroTemp":{"iob":-1.633,"basaliob":-1.644,"bolussnooze":0,"activity":-0.0142,"lastBolusTime":1703477634103,"time":"2023-12-25T09:08:44.946Z"}},{"iob":0.055,"basaliob":0.045,"bolussnooze":0,"activity":9.0E-4,"lastBolusTime":1703477634103,"time":"2023-12-25T09:13:44.946Z","iobWithZeroTemp":{"iob":-1.642,"basaliob":-1.652,"bolussnooze":0,"activity":-0.0144,"lastBolusTime":1703477634103,"time":"2023-12-25T09:13:44.946Z"}},{"iob":0.051,"basaliob":0.042,"bolussnooze":0,"activity":8.0E-4,"lastBolusTime":1703477634103,"time":"2023-12-25T09:18:44.946Z","iobWithZeroTemp":{"iob":-1.65,"basaliob":-1.659,"bolussnooze":0,"activity":-0.0146,"lastBolusTime":1703477634103,"time":"2023-12-25T09:18:44.946Z"}},{"iob":0.047,"basaliob":0.039,"bolussnooze":0,"activity":8.0E-4,"lastBolusTime":1703477634103,"time":"2023-12-25T09:23:44.946Z","iobWithZeroTemp":{"iob":-1.658,"basaliob":-1.666,"bolussnooze":0,"activity":-0.0147,"lastBolusTime":1703477634103,"time":"2023-12-25T09:23:44.946Z"}},{"iob":0.043,"basaliob":0.036,"bolussnooze":0,"activity":8.0E-4,"lastBolusTime":1703477634103,"time":"2023-12-25T09:28:44.946Z","iobWithZeroTemp":{"iob":-1.665,"basaliob":-1.672,"bolussnooze":0,"activity":-0.0148,"lastBolusTime":1703477634103,"time":"2023-12-25T09:28:44.946Z"}},{"iob":0.04,"basaliob":0.033,"bolussnooze":0,"activity":6.0E-4,"lastBolusTime":1703477634103,"time":"2023-12-25T09:33:44.946Z","iobWithZeroTemp":{"iob":-1.67,"basaliob":-1.677,"bolussnooze":0,"activity":-0.0151,"lastBolusTime":1703477634103,"time":"2023-12-25T09:33:44.946Z"}},{"iob":0.036,"basaliob":0.03,"bolussnooze":0,"activity":6.0E-4,"lastBolusTime":1703477634103,"time":"2023-12-25T09:38:44.946Z","iobWithZeroTemp":{"iob":-1.677,"basaliob":-1.683,"bolussnooze":0,"activity":-0.0152,"lastBolusTime":1703477634103,"time":"2023-12-25T09:38:44.946Z"}},{"iob":0.033,"basaliob":0.028,"bolussnooze":0,"activity":6.0E-4,"lastBolusTime":1703477634103,"time":"2023-12-25T09:43:44.946Z","iobWithZeroTemp":{"iob":-1.681,"basaliob":-1.686,"bolussnooze":0,"activity":-0.0152,"lastBolusTime":1703477634103,"time":"2023-12-25T09:43:44.946Z"}},{"iob":0.031,"basaliob":0.026,"bolussnooze":0,"activity":5.0E-4,"lastBolusTime":1703477634103,"time":"2023-12-25T09:48:44.946Z","iobWithZeroTemp":{"iob":-1.685,"basaliob":-1.69,"bolussnooze":0,"activity":-0.0154,"lastBolusTime":1703477634103,"time":"2023-12-25T09:48:44.946Z"}},{"iob":0.028,"basaliob":0.024,"bolussnooze":0,"activity":5.0E-4,"lastBolusTime":1703477634103,"time":"2023-12-25T09:53:44.946Z","iobWithZeroTemp":{"iob":-1.689,"basaliob":-1.693,"bolussnooze":0,"activity":-0.0155,"lastBolusTime":1703477634103,"time":"2023-12-25T09:53:44.946Z"}},{"iob":0.026,"basaliob":0.022,"bolussnooze":0,"activity":5.0E-4,"lastBolusTime":1703477634103,"time":"2023-12-25T09:58:44.946Z","iobWithZeroTemp":{"iob":-1.692,"basaliob":-1.696,"bolussnooze":0,"activity":-0.0155,"lastBolusTime":1703477634103,"time":"2023-12-25T09:58:44.946Z"}},{"iob":0.023,"basaliob":0.02,"bolussnooze":0,"activity":4.0E-4,"lastBolusTime":1703477634103,"time":"2023-12-25T10:03:44.946Z","iobWithZeroTemp":{"iob":-1.696,"basaliob":-1.699,"bolussnooze":0,"activity":-0.0156,"lastBolusTime":1703477634103,"time":"2023-12-25T10:03:44.946Z"}}],"profile":{"max_iob":15,"type":"current","max_daily_basal":1.2,"max_basal":3.59,"min_bg":99,"max_bg":99,"target_bg":99,"carb_ratio":4.285714285714286,"sens":30.857142857142854,"max_daily_safety_multiplier":3,"current_basal_safety_multiplier":4,"high_temptarget_raises_sensitivity":false,"low_temptarget_lowers_sensitivity":false,"sensitivity_raises_target":true,"resistance_lowers_target":true,"adv_target_adjustments":false,"exercise_mode":false,"half_basal_exercise_target":160,"maxCOB":120,"skip_neutral_temps":false,"remainingCarbsCap":90,"enableUAM":true,"A52_risk_enable":false,"SMBInterval":3,"enableSMB_with_COB":true,"enableSMB_with_temptarget":true,"allowSMB_with_high_temptarget":false,"enableSMB_always":false,"enableSMB_after_carbs":true,"maxSMBBasalMinutes":80,"maxUAMSMBBasalMinutes":60,"bolus_increment":0.05,"carbsReqThreshold":10,"current_basal":1,"temptargetSet":false,"autosens_max":1.2,"out_units":"mmol\/L"},"autosens_data":{"ratio":1.14},"meal_data":{"carbs":0,"mealCOB":0,"slopeFromMaxDeviation":-0.272,"slopeFromMinDeviation":0.7922499999999999,"lastBolusTime":1703477634103,"lastCarbTime":0},"microBolusAllowed":true,"currentTime":1703484527329,"flatBGsDetected":false},"output":{"temp":"absolute","bg":113,"tick":"+1","eventualBG":103,"targetBG":94,"insulinReq":0.33,"deliverAt":"2023-12-25T06:08:47.329Z","sensitivityRatio":1.14,"predBGs":{"IOB":[113,113,114,114,114,114,114,114,113,113,112,112,111,111,110,110,109,109,108,108,108,107,107,107,106,106,106,105,105,105,105,104,104,104,104,104,104,104,103],"ZT":[113,112,112,111,111,110,109,109,109,109,108,108,109,109,109,109,110,111,111],"UAM":[113,113,113,113,112,111,111,110,109,109,108,108,107,106,106,105,105,105,104,104,103,103,103,102,102,102,101,101,101,101,100,100,100,100,100,99,99,99,99,99,99,99,99,99,98]},"COB":0,"IOB":0.619,"reason":"COB: 0, Dev: 0.4, BGI: 0.0, ISF: 1.5, CR: 4.29, Target: 5.2, minPredBG 5.7, minGuardBG 5.4, IOBpredBG 5.7, UAMpredBG 5.4; Eventual BG 5.7 >= 5.2, temp 0.90 < 1.8U\/hr. ","duration":30,"rate":1.7999999999999998,"timestamp":"2023-12-25T06:08:47.417Z"}}