{"algorithm":"OpenAPSSMBPlugin","input":{"glucoseStatus":{"glucose":138,"noise":0,"delta":-2,"short_avgdelta":-1.89,"long_avgdelta":-0.72,"date":1703516894000},"currenttemp":{"temp":"absolute","duration":50,"rate":0,"minutesrunning":10},"iob_data":[{"iob":2.827,"basaliob":-0.843,"bolussnooze":0,"activity":0.0314,"lastBolusTime":1703516341108,"time":"2023-12-25T15:08:46.344Z","iobWithZeroTemp":{"iob":2.827,"basaliob":-0.843,"bolussnooze":0,"activity":0.0314,"lastBolusTime":1703516341108,"time":"2023-12-25T15:08:46.344Z"}},{"iob":2.672,"basaliob":-0.794,"bolussnooze":0,"activity":0.0304,"lastBolusTime":1703516341108,"time":"2023-12-25T15:13:46.344Z","iobWithZeroTemp":{"iob":2.615,"basaliob":-0.851,"bolussnooze":0,"activity":0.0304,"lastBolusTime":1703516341108,"time":"2023-12-25T15:13:46.344Z"}},{"iob":2.523,"basaliob":-0.746,"bolussnooze":0,"activity":0.0295,"lastBolusTime":1703516341108,"time":"2023-12-25T15:18:46.344Z","iobWithZeroTemp":{"iob":2.396,"basaliob":-0.873,"bolussnooze":0,"activity":0.0293,"lastBolusTime":1703516341108,"time":"2023-12-25T15:18:46.344Z"}},{"iob":2.377,"basaliob":-0.701,"bolussnooze":0,"activity":0.0285,"lastBolusTime":1703516341108,"time":"2023-12-25T15:23:46.344Z","iobWithZeroTemp":{"iob":2.181,"basaliob":-0.897,"bolussnooze":0,"activity":0.0281,"lastBolusTime":1703516341108,"time":"2023-12-25T15:23:46.344Z"}},{"iob":2.237,"basaliob":-0.658,"bolussnooze":0,"activity":0.0274,"lastBolusTime":1703516341108,"time":"2023-12-25T15:28:46.344Z","iobWithZeroTemp":{"iob":1.972,"basaliob":-0.923,"bolussnooze":0,"activity":0.0267,"lastBolusTime":1703516341108,"time":"2023-12-25T15:28:46.344Z"}},{"iob":2.103,"basaliob":-0.616,"bolussnooze":0,"activity":0.0263,"lastBolusTime":1703516341108,"time":"2023-12-25T15:33:46.344Z","iobWithZeroTemp":{"iob":1.772,"basaliob":-0.947,"bolussnooze":0,"activity":0.0253,"lastBolusTime":1703516341108,"time":"2023-12-25T15:33:46.344Z"}},{"iob":1.973,"basaliob":-0.577,"bolussnooze":0,"activity":0.0252,"lastBolusTime":1703516341108,"time":"2023-12-25T15:38:46.344Z","iobWithZeroTemp":{"iob":1.577,"basaliob":-0.973,"bolussnooze":0,"activity":0.0238,"lastBolusTime":1703516341108,"time":"2023-12-25T15:38:46.344Z"}},{"iob":1.851,"basaliob":-0.539,"bolussnooze":0,"activity":0.0241,"lastBolusTime":1703516341108,"time":"2023-12-25T15:43:46.344Z","iobWithZeroTemp":{"iob":1.393,"basaliob":-0.997,"bolussnooze":0,"activity":0.0222,"lastBolusTime":1703516341108,"time":"2023-12-25T15:43:46.344Z"}},{"iob":1.733,"basaliob":-0.504,"bolussnooze":0,"activity":0.0229,"lastBolusTime":1703516341108,"time":"2023-12-25T15:48:46.344Z","iobWithZeroTemp":{"iob":1.214,"basaliob":-1.023,"bolussnooze":0,"activity":0.0206,"lastBolusTime":1703516341108,"time":"2023-12-25T15:48:46.344Z"}},{"iob":1.621,"basaliob":-0.47,"bolussnooze":0,"activity":0.0218,"lastBolusTime":1703516341108,"time":"2023-12-25T15:53:46.344Z","iobWithZeroTemp":{"iob":1.044,"basaliob":-1.047,"bolussnooze":0,"activity":0.019,"lastBolusTime":1703516341108,"time":"2023-12-25T15:53:46.344Z"}},{"iob":1.515,"basaliob":-0.438,"bolussnooze":0,"activity":0.0207,"lastBolusTime":1703516341108,"time":"2023-12-25T15:58:46.344Z","iobWithZeroTemp":{"iob":0.882,"basaliob":-1.071,"bolussnooze":0,"activity":0.0174,"lastBolusTime":1703516341108,"time":"2023-12-25T15:58:46.344Z"}},{"iob":1.415,"basaliob":-0.408,"bolussnooze":0,"activity":0.0196,"lastBolusTime":1703516341108,"time":"2023-12-25T16:03:46.344Z","iobWithZeroTemp":{"iob":0.729,"basaliob":-1.094,"bolussnooze":0,"activity":0.0159,"lastBolusTime":1703516341108,"time":"2023-12-25T16:03:46.344Z"}},{"iob":1.319,"basaliob":-0.38,"bolussnooze":0,"activity":0.0185,"lastBolusTime":1703516341108,"time":"2023-12-25T16:08:46.344Z","iobWithZeroTemp":{"iob":0.582,"basaliob":-1.117,"bolussnooze":0,"activity":0.0143,"lastBolusTime":1703516341108,"time":"2023-12-25T16:08:46.344Z"}},{"iob":1.229,"basaliob":-0.353,"bolussnooze":0,"activity":0.0174,"lastBolusTime":1703516341108,"time":"2023-12-25T16:13:46.344Z","iobWithZeroTemp":{"iob":0.443,"basaliob":-1.139,"bolussnooze":0,"activity":0.0127,"lastBolusTime":1703516341108,"time":"2023-12-25T16:13:46.344Z"}},{"iob":1.144,"basaliob":-0.328,"bolussnooze":0,"activity":0.0164,"lastBolusTime":1703516341108,"time":"2023-12-25T16:18:46.344Z","iobWithZeroTemp":{"iob":0.312,"basaliob":-1.16,"bolussnooze":0,"activity":0.0112,"lastBolusTime":1703516341108,"time":"2023-12-25T16:18:46.344Z"}},{"iob":1.064,"basaliob":-0.305,"bolussnooze":0,"activity":0.0155,"lastBolusTime":1703516341108,"time":"2023-12-25T16:23:46.344Z","iobWithZeroTemp":{"iob":0.189,"basaliob":-1.18,"bolussnooze":0,"activity":0.0098,"lastBolusTime":1703516341108,"time":"2023-12-25T16:23:46.344Z"}},{"iob":0.989,"basaliob":-0.283,"bolussnooze":0,"activity":0.0146,"lastBolusTime":1703516341108,"time":"2023-12-25T16:28:46.344Z","iobWithZeroTemp":{"iob":0.072,"basaliob":-1.2,"bolussnooze":0,"activity":0.0085,"lastBolusTime":1703516341108,"time":"2023-12-25T16:28:46.344Z"}},{"iob":0.918,"basaliob":-0.262,"bolussnooze":0,"activity":0.0137,"lastBolusTime":1703516341108,"time":"2023-12-25T16:33:46.344Z","iobWithZeroTemp":{"iob":-0.038,"basaliob":-1.218,"bolussnooze":0,"activity":0.0071,"lastBolusTime":1703516341108,"time":"2023-12-25T16:33:46.344Z"}},{"iob":0.852,"basaliob":-0.243,"bolussnooze":0,"activity":0.0129,"lastBolusTime":1703516341108,"time":"2023-12-25T16:38:46.344Z","iobWithZeroTemp":{"iob":-0.141,"basaliob":-1.236,"bolussnooze":0,"activity":0.0059,"lastBolusTime":1703516341108,"time":"2023-12-25T16:38:46.344Z"}},{"iob":0.789,"basaliob":-0.225,"bolussnooze":0,"activity":0.012,"lastBolusTime":1703516341108,"time":"2023-12-25T16:43:46.344Z","iobWithZeroTemp":{"iob":-0.239,"basaliob":-1.253,"bolussnooze":0,"activity":0.0046,"lastBolusTime":1703516341108,"time":"2023-12-25T16:43:46.344Z"}},{"iob":0.731,"basaliob":-0.208,"bolussnooze":0,"activity":0.0112,"lastBolusTime":1703516341108,"time":"2023-12-25T16:48:46.344Z","iobWithZeroTemp":{"iob":-0.33,"basaliob":-1.269,"bolussnooze":0,"activity":0.0034,"lastBolusTime":1703516341108,"time":"2023-12-25T16:48:46.344Z"}},{"iob":0.677,"basaliob":-0.192,"bolussnooze":0,"activity":0.0106,"lastBolusTime":1703516341108,"time":"2023-12-25T16:53:46.344Z","iobWithZeroTemp":{"iob":-0.415,"basaliob":-1.284,"bolussnooze":0,"activity":0.0024,"lastBolusTime":1703516341108,"time":"2023-12-25T16:53:46.344Z"}},{"iob":0.627,"basaliob":-0.177,"bolussnooze":0,"activity":0.0099,"lastBolusTime":1703516341108,"time":"2023-12-25T16:58:46.344Z","iobWithZeroTemp":{"iob":-0.494,"basaliob":-1.298,"bolussnooze":0,"activity":0.0013,"lastBolusTime":1703516341108,"time":"2023-12-25T16:58:46.344Z"}},{"iob":0.578,"basaliob":-0.164,"bolussnooze":0,"activity":0.0092,"lastBolusTime":1703516341108,"time":"2023-12-25T17:03:46.344Z","iobWithZeroTemp":{"iob":-0.582,"basaliob":-1.324,"bolussnooze":0,"activity":3.0E-4,"lastBolusTime":1703516341108,"time":"2023-12-25T17:03:46.344Z"}},{"iob":0.534,"basaliob":-0.151,"bolussnooze":0,"activity":0.0085,"lastBolusTime":1703516341108,"time":"2023-12-25T17:08:46.344Z","iobWithZeroTemp":{"iob":-0.664,"basaliob":-1.349,"bolussnooze":0,"activity":-8.0E-4,"lastBolusTime":1703516341108,"time":"2023-12-25T17:08:46.344Z"}},{"iob":0.493,"basaliob":-0.139,"bolussnooze":0,"activity":0.0079,"lastBolusTime":1703516341108,"time":"2023-12-25T17:13:46.344Z","iobWithZeroTemp":{"iob":-0.74,"basaliob":-1.372,"bolussnooze":0,"activity":-0.0017,"lastBolusTime":1703516341108,"time":"2023-12-25T17:13:46.344Z"}},{"iob":0.455,"basaliob":-0.128,"bolussnooze":0,"activity":0.0074,"lastBolusTime":1703516341108,"time":"2023-12-25T17:18:46.344Z","iobWithZeroTemp":{"iob":-0.812,"basaliob":-1.395,"bolussnooze":0,"activity":-0.0026,"lastBolusTime":1703516341108,"time":"2023-12-25T17:18:46.344Z"}},{"iob":0.419,"basaliob":-0.118,"bolussnooze":0,"activity":0.0069,"lastBolusTime":1703516341108,"time":"2023-12-25T17:23:46.344Z","iobWithZeroTemp":{"iob":-0.881,"basaliob":-1.418,"bolussnooze":0,"activity":-0.0034,"lastBolusTime":1703516341108,"time":"2023-12-25T17:23:46.344Z"}},{"iob":0.386,"basaliob":-0.108,"bolussnooze":0,"activity":0.0064,"lastBolusTime":1703516341108,"time":"2023-12-25T17:28:46.344Z","iobWithZeroTemp":{"iob":-0.944,"basaliob":-1.438,"bolussnooze":0,"activity":-0.0043,"lastBolusTime":1703516341108,"time":"2023-12-25T17:28:46.344Z"}},{"iob":0.355,"basaliob":-0.1,"bolussnooze":0,"activity":0.0059,"lastBolusTime":1703516341108,"time":"2023-12-25T17:33:46.344Z","iobWithZeroTemp":{"iob":-1.004,"basaliob":-1.459,"bolussnooze":0,"activity":-0.0051,"lastBolusTime":1703516341108,"time":"2023-12-25T17:33:46.344Z"}},{"iob":0.326,"basaliob":-0.092,"bolussnooze":0,"activity":0.0055,"lastBolusTime":1703516341108,"time":"2023-12-25T17:38:46.344Z","iobWithZeroTemp":{"iob":-1.06,"basaliob":-1.478,"bolussnooze":0,"activity":-0.0058,"lastBolusTime":1703516341108,"time":"2023-12-25T17:38:46.344Z"}},{"iob":0.3,"basaliob":-0.084,"bolussnooze":0,"activity":0.0051,"lastBolusTime":1703516341108,"time":"2023-12-25T17:43:46.344Z","iobWithZeroTemp":{"iob":-1.112,"basaliob":-1.496,"bolussnooze":0,"activity":-0.0065,"lastBolusTime":1703516341108,"time":"2023-12-25T17:43:46.344Z"}},{"iob":0.275,"basaliob":-0.077,"bolussnooze":0,"activity":0.0048,"lastBolusTime":1703516341108,"time":"2023-12-25T17:48:46.344Z","iobWithZeroTemp":{"iob":-1.161,"basaliob":-1.513,"bolussnooze":0,"activity":-0.0071,"lastBolusTime":1703516341108,"time":"2023-12-25T17:48:46.344Z"}},{"iob":0.252,"basaliob":-0.071,"bolussnooze":0,"activity":0.0044,"lastBolusTime":1703516341108,"time":"2023-12-25T17:53:46.344Z","iobWithZeroTemp":{"iob":-1.207,"basaliob":-1.53,"bolussnooze":0,"activity":-0.0078,"lastBolusTime":1703516341108,"time":"2023-12-25T17:53:46.344Z"}},{"iob":0.231,"basaliob":-0.065,"bolussnooze":0,"activity":0.0041,"lastBolusTime":1703516341108,"time":"2023-12-25T17:58:46.344Z","iobWithZeroTemp":{"iob":-1.25,"basaliob":-1.546,"bolussnooze":0,"activity":-0.0084,"lastBolusTime":1703516341108,"time":"2023-12-25T17:58:46.344Z"}},{"iob":0.212,"basaliob":-0.059,"bolussnooze":0,"activity":0.0037,"lastBolusTime":1703516341108,"time":"2023-12-25T18:03:46.344Z","iobWithZeroTemp":{"iob":-1.293,"basaliob":-1.564,"bolussnooze":0,"activity":-0.009,"lastBolusTime":1703516341108,"time":"2023-12-25T18:03:46.344Z"}},{"iob":0.194,"basaliob":-0.054,"bolussnooze":0,"activity":0.0034,"lastBolusTime":1703516341108,"time":"2023-12-25T18:08:46.344Z","iobWithZeroTemp":{"iob":-1.334,"basaliob":-1.582,"bolussnooze":0,"activity":-0.0096,"lastBolusTime":1703516341108,"time":"2023-12-25T18:08:46.344Z"}},{"iob":0.178,"basaliob":-0.049,"bolussnooze":0,"activity":0.0032,"lastBolusTime":1703516341108,"time":"2023-12-25T18:13:46.344Z","iobWithZeroTemp":{"iob":-1.372,"basaliob":-1.599,"bolussnooze":0,"activity":-0.0101,"lastBolusTime":1703516341108,"time":"2023-12-25T18:13:46.344Z"}},{"iob":0.163,"basaliob":-0.045,"bolussnooze":0,"activity":0.003,"lastBolusTime":1703516341108,"time":"2023-12-25T18:18:46.344Z","iobWithZeroTemp":{"iob":-1.408,"basaliob":-1.616,"bolussnooze":0,"activity":-0.0105,"lastBolusTime":1703516341108,"time":"2023-12-25T18:18:46.344Z"}},{"iob":0.149,"basaliob":-0.041,"bolussnooze":0,"activity":0.0027,"lastBolusTime":1703516341108,"time":"2023-12-25T18:23:46.344Z","iobWithZeroTemp":{"iob":-1.441,"basaliob":-1.631,"bolussnooze":0,"activity":-0.011,"lastBolusTime":1703516341108,"time":"2023-12-25T18:23:46.344Z"}},{"iob":0.136,"basaliob":-0.037,"bolussnooze":0,"activity":0.0025,"lastBolusTime":1703516341108,"time":"2023-12-25T18:28:46.344Z","iobWithZeroTemp":{"iob":-1.472,"basaliob":-1.645,"bolussnooze":0,"activity":-0.0115,"lastBolusTime":1703516341108,"time":"2023-12-25T18:28:46.344Z"}},{"iob":0.124,"basaliob":-0.034,"bolussnooze":0,"activity":0.0023,"lastBolusTime":1703516341108,"time":"2023-12-25T18:33:46.344Z","iobWithZeroTemp":{"iob":-1.502,"basaliob":-1.66,"bolussnooze":0,"activity":-0.0119,"lastBolusTime":1703516341108,"time":"2023-12-25T18:33:46.344Z"}},{"iob":0.113,"basaliob":-0.031,"bolussnooze":0,"activity":0.0021,"lastBolusTime":1703516341108,"time":"2023-12-25T18:38:46.344Z","iobWithZeroTemp":{"iob":-1.529,"basaliob":-1.673,"bolussnooze":0,"activity":-0.0123,"lastBolusTime":1703516341108,"time":"2023-12-25T18:38:46.344Z"}},{"iob":0.103,"basaliob":-0.028,"bolussnooze":0,"activity":0.002,"lastBolusTime":1703516341108,"time":"2023-12-25T18:43:46.344Z","iobWithZeroTemp":{"iob":-1.554,"basaliob":-1.685,"bolussnooze":0,"activity":-0.0126,"lastBolusTime":1703516341108,"time":"2023-12-25T18:43:46.344Z"}},{"iob":0.093,"basaliob":-0.026,"bolussnooze":0,"activity":0.0018,"lastBolusTime":1703516341108,"time":"2023-12-25T18:48:46.344Z","iobWithZeroTemp":{"iob":-1.578,"basaliob":-1.697,"bolussnooze":0,"activity":-0.013,"lastBolusTime":1703516341108,"time":"2023-12-25T18:48:46.344Z"}},{"iob":0.085,"basaliob":-0.023,"bolussnooze":0,"activity":0.0016,"lastBolusTime":1703516341108,"time":"2023-12-25T18:53:46.344Z","iobWithZeroTemp":{"iob":-1.599,"basaliob":-1.707,"bolussnooze":0,"activity":-0.0133,"lastBolusTime":1703516341108,"time":"2023-12-25T18:53:46.344Z"}},{"iob":0.077,"basaliob":-0.021,"bolussnooze":0,"activity":0.0015,"lastBolusTime":1703516341108,"time":"2023-12-25T18:58:46.344Z","iobWithZeroTemp":{"iob":-1.62,"basaliob":-1.718,"bolussnooze":0,"activity":-0.0136,"lastBolusTime":1703516341108,"time":"2023-12-25T18:58:46.344Z"}},{"iob":0.07,"basaliob":-0.019,"bolussnooze":0,"activity":0.0013,"lastBolusTime":1703516341108,"time":"2023-12-25T19:03:46.344Z","iobWithZeroTemp":{"iob":-1.638,"basaliob":-1.727,"bolussnooze":0,"activity":-0.014,"lastBolusTime":1703516341108,"time":"2023-12-25T19:03:46.344Z"}}],"profile":{"max_iob":15,"type":"current","max_daily_basal":1.2,"max_basal":3.4,"min_bg":99,"max_bg":99,"target_bg":99,"carb_ratio":5.238095238095238,"sens":20.57142857142857,"max_daily_safety_multiplier":3,"current_basal_safety_multiplier":4,"high_temptarget_raises_sensitivity":false,"low_temptarget_lowers_sensitivity":false,"sensitivity_raises_target":true,"resistance_lowers_target":true,"adv_target_adjustments":false,"exercise_mode":false,"half_basal_exercise_target":160,"maxCOB":120,"skip_neutral_temps":false,"remainingCarbsCap":90,"enableUAM":true,"A52_risk_enable":false,"SMBInterval":3,"enableSMB_with_COB":true,"enableSMB_with_temptarget":true,"allowSMB_with_high_temptarget":false,"enableSMB_always":false,"enableSMB_after_carbs":true,"maxSMBBasalMinutes":80,"maxUAMSMBBasalMinutes":60,"bolus_increment":0.05,"carbsReqThreshold":10,"current_basal":0.85,"temptargetSet":false,"autosens_max":1.2,"out_units":"mmol\/L"},"autosens_data":{"ratio":1},"meal_data":{"carbs":50,"mealCOB":0,"slopeFromMaxDeviation":-0.7130000000000002,"slopeFromMinDeviation":0.5832000000000002,"lastBolusTime":1703516341108,"lastCarbTime":1703503501000},"microBolusAllowed":true,"currentTime":1703516928472,"flatBGsDetected":false},"output":{"temp":"absolute","bg":138,"tick":-2,"eventualBG":87,"targetBG":99,"insulinReq":0,"deliverAt":"2023-12-25T15:08:48.472Z","sensitivityRatio":1,"predBGs":{"IOB":[138,136,134,132,129,127,125,123,121,119,117,115,113,111,109,108,106,104,103,102,100,99,98,97,96,95,95,94,93,92,92,91,91,90,90,89,89,89,88,88,88,87,87,87,87,87,86],"ZT":[138,135,132,129,126,123,120,118,116,114,112,110,108,107,105,104,103,102,102,101,100,100,100,100,100,100,100,100,101,101,102,102,103,104,104],"UAM":[138,135,132,129,126,123,121,118,116,113,111,109,107,105,103,101,100,98,97,96,94,93,92,91,90,89,88,88,87,86,86,85,85,84,84,83,83,82,82,82,82,81,81,81,81,80]},"COB":0,"IOB":2.827,"reason":"COB: 0, Dev: 0.4, BGI: -0.2, ISF: 1.1, CR: 5.24, Target: 5.5, minPredBG 5.0, minGuardBG 4.4, IOBpredBG 4.8, UAMpredBG 4.4; Eventual BG 4.8 < 5.5, setting 60m zero temp. ","duration":60,"rate":0,"timestamp":"2023-12-25T15:08:48.560Z"}}