{"algorithm":"OpenAPSSMBPlugin","input":{"glucoseStatus":{"glucose":191,"noise":0,"delta":4,"short_avgdelta":3,"long_avgdelta":0.88,"date":1703365090000},"currenttemp":{"temp":"absolute","duration":37,"rate":0,"minutesrunning":23},"iob_data":[{"iob":7.133,"basaliob":-1.093,"bolussnooze":0.1317,"activity":0.056,"lastBolusTime":1703365158564,"time":"2023-12-23T21:01:54.803Z","iobWithZeroTemp":{"iob":7.133,"basaliob":-1.093,"bolussnooze":0.1317,"activity":0.056,"lastBolusTime":1703365158564,"time":"2023-12-23T21:01:54.803Z"}},{"iob":6.848,"basaliob":-1.041,"bolussnooze":0.0925,"activity":0.0577,"lastBolusTime":1703365158564,"time":"2023-12-23T21:06:54.803Z","iobWithZeroTemp":{"iob":6.788,"basaliob":-1.101,"bolussnooze":0.0925,"activity":0.0577,"lastBolusTime":1703365158564,"time":"2023-12-23T21:06:54.803Z"}},{"iob":6.558,"basaliob":-0.989,"bolussnooze":0.0636,"activity":0.0586,"lastBolusTime":1703365158564,"time":"2023-12-23T21:11:54.803Z","iobWithZeroTemp":{"iob":6.424,"basaliob":-1.123,"bolussnooze":0.0636,"activity":0.0584,"lastBolusTime":1703365158564,"time":"2023-12-23T21:11:54.803Z"}},{"iob":6.264,"basaliob":-0.938,"bolussnooze":0.043,"activity":0.0589,"lastBolusTime":1703365158564,"time":"2023-12-23T21:16:54.803Z","iobWithZeroTemp":{"iob":6.056,"basaliob":-1.146,"bolussnooze":0.043,"activity":0.0585,"lastBolusTime":1703365158564,"time":"2023-12-23T21:16:54.803Z"}},{"iob":5.97,"basaliob":-0.888,"bolussnooze":0.0285,"activity":0.0587,"lastBolusTime":1703365158564,"time":"2023-12-23T21:21:54.803Z","iobWithZeroTemp":{"iob":5.69,"basaliob":-1.168,"bolussnooze":0.0285,"activity":0.058,"lastBolusTime":1703365158564,"time":"2023-12-23T21:21:54.803Z"}},{"iob":5.677,"basaliob":-0.84,"bolussnooze":0.0186,"activity":0.0581,"lastBolusTime":1703365158564,"time":"2023-12-23T21:26:54.803Z","iobWithZeroTemp":{"iob":5.326,"basaliob":-1.191,"bolussnooze":0.0186,"activity":0.057,"lastBolusTime":1703365158564,"time":"2023-12-23T21:26:54.803Z"}},{"iob":5.389,"basaliob":-0.792,"bolussnooze":0.0119,"activity":0.0571,"lastBolusTime":1703365158564,"time":"2023-12-23T21:31:54.803Z","iobWithZeroTemp":{"iob":4.97,"basaliob":-1.211,"bolussnooze":0.0119,"activity":0.0556,"lastBolusTime":1703365158564,"time":"2023-12-23T21:31:54.803Z"}},{"iob":5.106,"basaliob":-0.747,"bolussnooze":0.0075,"activity":0.0559,"lastBolusTime":1703365158564,"time":"2023-12-23T21:36:54.803Z","iobWithZeroTemp":{"iob":4.621,"basaliob":-1.232,"bolussnooze":0.0075,"activity":0.0539,"lastBolusTime":1703365158564,"time":"2023-12-23T21:36:54.803Z"}},{"iob":4.83,"basaliob":-0.703,"bolussnooze":0.0046,"activity":0.0545,"lastBolusTime":1703365158564,"time":"2023-12-23T21:41:54.803Z","iobWithZeroTemp":{"iob":4.281,"basaliob":-1.252,"bolussnooze":0.0046,"activity":0.0521,"lastBolusTime":1703365158564,"time":"2023-12-23T21:41:54.803Z"}},{"iob":4.561,"basaliob":-0.661,"bolussnooze":0.0027,"activity":0.0528,"lastBolusTime":1703365158564,"time":"2023-12-23T21:46:54.803Z","iobWithZeroTemp":{"iob":3.95,"basaliob":-1.272,"bolussnooze":0.0027,"activity":0.0499,"lastBolusTime":1703365158564,"time":"2023-12-23T21:46:54.803Z"}},{"iob":4.302,"basaliob":-0.62,"bolussnooze":0.0016,"activity":0.051,"lastBolusTime":1703365158564,"time":"2023-12-23T21:51:54.803Z","iobWithZeroTemp":{"iob":3.632,"basaliob":-1.29,"bolussnooze":0.0016,"activity":0.0475,"lastBolusTime":1703365158564,"time":"2023-12-23T21:51:54.803Z"}},{"iob":4.051,"basaliob":-0.582,"bolussnooze":8.0E-4,"activity":0.0492,"lastBolusTime":1703365158564,"time":"2023-12-23T21:56:54.803Z","iobWithZeroTemp":{"iob":3.324,"basaliob":-1.309,"bolussnooze":8.0E-4,"activity":0.0452,"lastBolusTime":1703365158564,"time":"2023-12-23T21:56:54.803Z"}},{"iob":3.81,"basaliob":-0.545,"bolussnooze":4.0E-4,"activity":0.0472,"lastBolusTime":1703365158564,"time":"2023-12-23T22:01:54.803Z","iobWithZeroTemp":{"iob":3.03,"basaliob":-1.325,"bolussnooze":4.0E-4,"activity":0.0427,"lastBolusTime":1703365158564,"time":"2023-12-23T22:01:54.803Z"}},{"iob":3.579,"basaliob":-0.51,"bolussnooze":2.0E-4,"activity":0.0452,"lastBolusTime":1703365158564,"time":"2023-12-23T22:06:54.803Z","iobWithZeroTemp":{"iob":2.755,"basaliob":-1.334,"bolussnooze":2.0E-4,"activity":0.0402,"lastBolusTime":1703365158564,"time":"2023-12-23T22:06:54.803Z"}},{"iob":3.359,"basaliob":-0.476,"bolussnooze":1.0E-4,"activity":0.0432,"lastBolusTime":1703365158564,"time":"2023-12-23T22:11:54.803Z","iobWithZeroTemp":{"iob":2.495,"basaliob":-1.34,"bolussnooze":1.0E-4,"activity":0.0377,"lastBolusTime":1703365158564,"time":"2023-12-23T22:11:54.803Z"}},{"iob":3.147,"basaliob":-0.445,"bolussnooze":0,"activity":0.0412,"lastBolusTime":1703365158564,"time":"2023-12-23T22:16:54.803Z","iobWithZeroTemp":{"iob":2.244,"basaliob":-1.348,"bolussnooze":0,"activity":0.0353,"lastBolusTime":1703365158564,"time":"2023-12-23T22:16:54.803Z"}},{"iob":2.947,"basaliob":-0.415,"bolussnooze":0,"activity":0.0392,"lastBolusTime":1703365158564,"time":"2023-12-23T22:21:54.803Z","iobWithZeroTemp":{"iob":2.009,"basaliob":-1.353,"bolussnooze":0,"activity":0.0328,"lastBolusTime":1703365158564,"time":"2023-12-23T22:21:54.803Z"}},{"iob":2.756,"basaliob":-0.387,"bolussnooze":0,"activity":0.0372,"lastBolusTime":1703365158564,"time":"2023-12-23T22:26:54.803Z","iobWithZeroTemp":{"iob":1.784,"basaliob":-1.359,"bolussnooze":0,"activity":0.0304,"lastBolusTime":1703365158564,"time":"2023-12-23T22:26:54.803Z"}},{"iob":2.575,"basaliob":-0.36,"bolussnooze":0,"activity":0.0352,"lastBolusTime":1703365158564,"time":"2023-12-23T22:31:54.803Z","iobWithZeroTemp":{"iob":1.571,"basaliob":-1.364,"bolussnooze":0,"activity":0.028,"lastBolusTime":1703365158564,"time":"2023-12-23T22:31:54.803Z"}},{"iob":2.404,"basaliob":-0.335,"bolussnooze":0,"activity":0.0333,"lastBolusTime":1703365158564,"time":"2023-12-23T22:36:54.803Z","iobWithZeroTemp":{"iob":1.37,"basaliob":-1.369,"bolussnooze":0,"activity":0.0257,"lastBolusTime":1703365158564,"time":"2023-12-23T22:36:54.803Z"}},{"iob":2.241,"basaliob":-0.312,"bolussnooze":0,"activity":0.0315,"lastBolusTime":1703365158564,"time":"2023-12-23T22:41:54.803Z","iobWithZeroTemp":{"iob":1.18,"basaliob":-1.373,"bolussnooze":0,"activity":0.0235,"lastBolusTime":1703365158564,"time":"2023-12-23T22:41:54.803Z"}},{"iob":2.089,"basaliob":-0.289,"bolussnooze":0,"activity":0.0297,"lastBolusTime":1703365158564,"time":"2023-12-23T22:46:54.803Z","iobWithZeroTemp":{"iob":1.002,"basaliob":-1.376,"bolussnooze":0,"activity":0.0214,"lastBolusTime":1703365158564,"time":"2023-12-23T22:46:54.803Z"}},{"iob":1.944,"basaliob":-0.269,"bolussnooze":0,"activity":0.028,"lastBolusTime":1703365158564,"time":"2023-12-23T22:51:54.803Z","iobWithZeroTemp":{"iob":0.833,"basaliob":-1.38,"bolussnooze":0,"activity":0.0193,"lastBolusTime":1703365158564,"time":"2023-12-23T22:51:54.803Z"}},{"iob":1.808,"basaliob":-0.249,"bolussnooze":0,"activity":0.0263,"lastBolusTime":1703365158564,"time":"2023-12-23T22:56:54.803Z","iobWithZeroTemp":{"iob":0.674,"basaliob":-1.383,"bolussnooze":0,"activity":0.0173,"lastBolusTime":1703365158564,"time":"2023-12-23T22:56:54.803Z"}},{"iob":1.68,"basaliob":-0.231,"bolussnooze":0,"activity":0.0248,"lastBolusTime":1703365158564,"time":"2023-12-23T23:01:54.803Z","iobWithZeroTemp":{"iob":0.525,"basaliob":-1.386,"bolussnooze":0,"activity":0.0155,"lastBolusTime":1703365158564,"time":"2023-12-23T23:01:54.803Z"}},{"iob":1.56,"basaliob":-0.214,"bolussnooze":0,"activity":0.0232,"lastBolusTime":1703365158564,"time":"2023-12-23T23:06:54.803Z","iobWithZeroTemp":{"iob":0.385,"basaliob":-1.389,"bolussnooze":0,"activity":0.0136,"lastBolusTime":1703365158564,"time":"2023-12-23T23:06:54.803Z"}},{"iob":1.448,"basaliob":-0.198,"bolussnooze":0,"activity":0.0218,"lastBolusTime":1703365158564,"time":"2023-12-23T23:11:54.803Z","iobWithZeroTemp":{"iob":0.255,"basaliob":-1.391,"bolussnooze":0,"activity":0.012,"lastBolusTime":1703365158564,"time":"2023-12-23T23:11:54.803Z"}},{"iob":1.343,"basaliob":-0.183,"bolussnooze":0,"activity":0.0204,"lastBolusTime":1703365158564,"time":"2023-12-23T23:16:54.803Z","iobWithZeroTemp":{"iob":0.138,"basaliob":-1.388,"bolussnooze":0,"activity":0.0104,"lastBolusTime":1703365158564,"time":"2023-12-23T23:16:54.803Z"}},{"iob":1.244,"basaliob":-0.169,"bolussnooze":0,"activity":0.0191,"lastBolusTime":1703365158564,"time":"2023-12-23T23:21:54.803Z","iobWithZeroTemp":{"iob":0.023,"basaliob":-1.39,"bolussnooze":0,"activity":0.0089,"lastBolusTime":1703365158564,"time":"2023-12-23T23:21:54.803Z"}},{"iob":1.152,"basaliob":-0.156,"bolussnooze":0,"activity":0.0178,"lastBolusTime":1703365158564,"time":"2023-12-23T23:26:54.803Z","iobWithZeroTemp":{"iob":-0.084,"basaliob":-1.392,"bolussnooze":0,"activity":0.0073,"lastBolusTime":1703365158564,"time":"2023-12-23T23:26:54.803Z"}},{"iob":1.065,"basaliob":-0.144,"bolussnooze":0,"activity":0.0167,"lastBolusTime":1703365158564,"time":"2023-12-23T23:31:54.803Z","iobWithZeroTemp":{"iob":-0.185,"basaliob":-1.394,"bolussnooze":0,"activity":0.006,"lastBolusTime":1703365158564,"time":"2023-12-23T23:31:54.803Z"}},{"iob":0.985,"basaliob":-0.133,"bolussnooze":0,"activity":0.0155,"lastBolusTime":1703365158564,"time":"2023-12-23T23:36:54.803Z","iobWithZeroTemp":{"iob":-0.278,"basaliob":-1.396,"bolussnooze":0,"activity":0.0046,"lastBolusTime":1703365158564,"time":"2023-12-23T23:36:54.803Z"}},{"iob":0.91,"basaliob":-0.122,"bolussnooze":0,"activity":0.0145,"lastBolusTime":1703365158564,"time":"2023-12-23T23:41:54.803Z","iobWithZeroTemp":{"iob":-0.365,"basaliob":-1.397,"bolussnooze":0,"activity":0.0035,"lastBolusTime":1703365158564,"time":"2023-12-23T23:41:54.803Z"}},{"iob":0.84,"basaliob":-0.113,"bolussnooze":0,"activity":0.0135,"lastBolusTime":1703365158564,"time":"2023-12-23T23:46:54.803Z","iobWithZeroTemp":{"iob":-0.446,"basaliob":-1.399,"bolussnooze":0,"activity":0.0023,"lastBolusTime":1703365158564,"time":"2023-12-23T23:46:54.803Z"}},{"iob":0.774,"basaliob":-0.104,"bolussnooze":0,"activity":0.0126,"lastBolusTime":1703365158564,"time":"2023-12-23T23:51:54.803Z","iobWithZeroTemp":{"iob":-0.522,"basaliob":-1.4,"bolussnooze":0,"activity":0.0012,"lastBolusTime":1703365158564,"time":"2023-12-23T23:51:54.803Z"}},{"iob":0.714,"basaliob":-0.095,"bolussnooze":0,"activity":0.0117,"lastBolusTime":1703365158564,"time":"2023-12-23T23:56:54.803Z","iobWithZeroTemp":{"iob":-0.591,"basaliob":-1.4,"bolussnooze":0,"activity":2.0E-4,"lastBolusTime":1703365158564,"time":"2023-12-23T23:56:54.803Z"}},{"iob":0.658,"basaliob":-0.087,"bolussnooze":0,"activity":0.0108,"lastBolusTime":1703365158564,"time":"2023-12-24T00:01:54.803Z","iobWithZeroTemp":{"iob":-0.656,"basaliob":-1.401,"bolussnooze":0,"activity":-9.0E-4,"lastBolusTime":1703365158564,"time":"2023-12-24T00:01:54.803Z"}},{"iob":0.606,"basaliob":-0.08,"bolussnooze":0,"activity":0.0101,"lastBolusTime":1703365158564,"time":"2023-12-24T00:06:54.803Z","iobWithZeroTemp":{"iob":-0.72,"basaliob":-1.406,"bolussnooze":0,"activity":-0.0017,"lastBolusTime":1703365158564,"time":"2023-12-24T00:06:54.803Z"}},{"iob":0.557,"basaliob":-0.074,"bolussnooze":0,"activity":0.0093,"lastBolusTime":1703365158564,"time":"2023-12-24T00:11:54.803Z","iobWithZeroTemp":{"iob":-0.781,"basaliob":-1.412,"bolussnooze":0,"activity":-0.0026,"lastBolusTime":1703365158564,"time":"2023-12-24T00:11:54.803Z"}},{"iob":0.512,"basaliob":-0.068,"bolussnooze":0,"activity":0.0086,"lastBolusTime":1703365158564,"time":"2023-12-24T00:16:54.803Z","iobWithZeroTemp":{"iob":-0.837,"basaliob":-1.417,"bolussnooze":0,"activity":-0.0034,"lastBolusTime":1703365158564,"time":"2023-12-24T00:16:54.803Z"}},{"iob":0.47,"basaliob":-0.062,"bolussnooze":0,"activity":0.008,"lastBolusTime":1703365158564,"time":"2023-12-24T00:21:54.803Z","iobWithZeroTemp":{"iob":-0.889,"basaliob":-1.421,"bolussnooze":0,"activity":-0.0042,"lastBolusTime":1703365158564,"time":"2023-12-24T00:21:54.803Z"}},{"iob":0.431,"basaliob":-0.057,"bolussnooze":0,"activity":0.0074,"lastBolusTime":1703365158564,"time":"2023-12-24T00:26:54.803Z","iobWithZeroTemp":{"iob":-0.938,"basaliob":-1.426,"bolussnooze":0,"activity":-0.0049,"lastBolusTime":1703365158564,"time":"2023-12-24T00:26:54.803Z"}},{"iob":0.396,"basaliob":-0.052,"bolussnooze":0,"activity":0.0069,"lastBolusTime":1703365158564,"time":"2023-12-24T00:31:54.803Z","iobWithZeroTemp":{"iob":-0.982,"basaliob":-1.43,"bolussnooze":0,"activity":-0.0055,"lastBolusTime":1703365158564,"time":"2023-12-24T00:31:54.803Z"}},{"iob":0.363,"basaliob":-0.047,"bolussnooze":0,"activity":0.0063,"lastBolusTime":1703365158564,"time":"2023-12-24T00:36:54.803Z","iobWithZeroTemp":{"iob":-1.023,"basaliob":-1.433,"bolussnooze":0,"activity":-0.0062,"lastBolusTime":1703365158564,"time":"2023-12-24T00:36:54.803Z"}},{"iob":0.333,"basaliob":-0.043,"bolussnooze":0,"activity":0.0059,"lastBolusTime":1703365158564,"time":"2023-12-24T00:41:54.803Z","iobWithZeroTemp":{"iob":-1.062,"basaliob":-1.438,"bolussnooze":0,"activity":-0.0067,"lastBolusTime":1703365158564,"time":"2023-12-24T00:41:54.803Z"}},{"iob":0.305,"basaliob":-0.039,"bolussnooze":0,"activity":0.0054,"lastBolusTime":1703365158564,"time":"2023-12-24T00:46:54.803Z","iobWithZeroTemp":{"iob":-1.097,"basaliob":-1.441,"bolussnooze":0,"activity":-0.0073,"lastBolusTime":1703365158564,"time":"2023-12-24T00:46:54.803Z"}},{"iob":0.278,"basaliob":-0.036,"bolussnooze":0,"activity":0.005,"lastBolusTime":1703365158564,"time":"2023-12-24T00:51:54.803Z","iobWithZeroTemp":{"iob":-1.131,"basaliob":-1.445,"bolussnooze":0,"activity":-0.0078,"lastBolusTime":1703365158564,"time":"2023-12-24T00:51:54.803Z"}},{"iob":0.254,"basaliob":-0.033,"bolussnooze":0,"activity":0.0046,"lastBolusTime":1703365158564,"time":"2023-12-24T00:56:54.803Z","iobWithZeroTemp":{"iob":-1.162,"basaliob":-1.449,"bolussnooze":0,"activity":-0.0083,"lastBolusTime":1703365158564,"time":"2023-12-24T00:56:54.803Z"}}],"profile":{"max_iob":15,"type":"current","max_daily_basal":1.2,"max_basal":3.59,"min_bg":90,"max_bg":90,"target_bg":90,"carb_ratio":4.761904761904762,"sens":27.428571428571427,"max_daily_safety_multiplier":3,"current_basal_safety_multiplier":4,"high_temptarget_raises_sensitivity":false,"low_temptarget_lowers_sensitivity":false,"sensitivity_raises_target":true,"resistance_lowers_target":true,"adv_target_adjustments":false,"exercise_mode":false,"half_basal_exercise_target":160,"maxCOB":120,"skip_neutral_temps":false,"remainingCarbsCap":90,"enableUAM":true,"A52_risk_enable":false,"SMBInterval":3,"enableSMB_with_COB":true,"enableSMB_with_temptarget":true,"allowSMB_with_high_temptarget":false,"enableSMB_always":false,"enableSMB_after_carbs":true,"maxSMBBasalMinutes":80,"maxUAMSMBBasalMinutes":60,"bolus_increment":0.05,"carbsReqThreshold":10,"current_basal":0.9,"temptargetSet":true,"autosens_max":1.2,"out_units":"mmol\/L"},"autosens_data":{"ratio":1},"meal_data":{"carbs":80,"mealCOB":3.778571428571429,"slopeFromMaxDeviation":0,"slopeFromMinDeviation":0.4714285714285715,"lastBolusTime":1703365158564,"lastCarbTime":1703363714235},"microBolusAllowed":true,"currentTime":1703365316251,"flatBGsDetected":false},"output":{"temp":"absolute","bg":191,"tick":"+4","eventualBG":186,"targetBG":90,"insulinReq":0.73,"deliverAt":"2023-12-23T21:01:56.251Z","sensitivityRatio":1,"predBGs":{"IOB":[191,193,194,194,193,191,189,185,181,177,171,165,158,152,146,140,134,129,124,119,114,110,106,102,98,95,92,89,86,83,81,79,77,75,73,71,69,68,67,65,64,63,62,61,60,59,59,58],"ZT":[191,183,175,167,159,151,144,136,129,122,115,108,102,96,91,85,81,76,72,68,65,61,58,56,53,51,49,48,46,45,44,43,43,42,42,42,42,42,42,42,43,44,44,45,46,47,48,49],"COB":[191,191,189,184,176,168,160,152,144,137,130,123,116,109,103,97,92,86,81,76,72,68,63,60,56,53,49,46,44,41,39],"UAM":[191,194,196,198,199,200,201,202,203,203,204,204,205,205,205,206,206,206,207,207,207,207,207,207,207,207,207,207,206,206,205,204,203,202,201,199,198,196,195,194,192,191,190,189,189,188,187,186]},"COB":3.778571428571429,"IOB":7.133,"reason":"COB: 3.8, Dev: 3.6, BGI: -0.4, ISF: 1.5, CR: 4.76, Target: 5.0, minPredBG 6.1, minGuardBG 9.9, IOBpredBG 3.2, COBpredBG 2.2, UAMpredBG 10.3; Eventual BG 10.3 >= 5.0,  insulinReq 0.73; setting 60m low temp of 0U\/h. Waiting 0m 24s to microbolus again. ","rate":0,"duration":60,"timestamp":"2023-12-23T21:01:56.427Z"}}