{"algorithm":"OpenAPSSMBPlugin","input":{"glucoseStatus":{"glucose":165,"noise":0,"delta":0,"short_avgdelta":0.72,"long_avgdelta":4.41,"date":1703438592000},"currenttemp":{"temp":"absolute","duration":35,"rate":0,"minutesrunning":25},"iob_data":[{"iob":8.298,"basaliob":-1.542,"bolussnooze":0.454,"activity":0.075,"lastBolusTime":1703437756119,"time":"2023-12-24T17:23:42.409Z","iobWithZeroTemp":{"iob":8.298,"basaliob":-1.542,"bolussnooze":0.454,"activity":0.075,"lastBolusTime":1703437756119,"time":"2023-12-24T17:23:42.409Z"}},{"iob":7.922,"basaliob":-1.474,"bolussnooze":0.2993,"activity":0.0753,"lastBolusTime":1703437756119,"time":"2023-12-24T17:28:42.409Z","iobWithZeroTemp":{"iob":7.849,"basaliob":-1.547,"bolussnooze":0.2993,"activity":0.0753,"lastBolusTime":1703437756119,"time":"2023-12-24T17:28:42.409Z"}},{"iob":7.547,"basaliob":-1.405,"bolussnooze":0.1938,"activity":0.0749,"lastBolusTime":1703437756119,"time":"2023-12-24T17:33:42.409Z","iobWithZeroTemp":{"iob":7.383,"basaliob":-1.569,"bolussnooze":0.1938,"activity":0.0747,"lastBolusTime":1703437756119,"time":"2023-12-24T17:33:42.409Z"}},{"iob":7.174,"basaliob":-1.337,"bolussnooze":0.1231,"activity":0.074,"lastBolusTime":1703437756119,"time":"2023-12-24T17:38:42.409Z","iobWithZeroTemp":{"iob":6.92,"basaliob":-1.591,"bolussnooze":0.1231,"activity":0.0735,"lastBolusTime":1703437756119,"time":"2023-12-24T17:38:42.409Z"}},{"iob":6.807,"basaliob":-1.27,"bolussnooze":0.0765,"activity":0.0726,"lastBolusTime":1703437756119,"time":"2023-12-24T17:43:42.409Z","iobWithZeroTemp":{"iob":6.465,"basaliob":-1.612,"bolussnooze":0.0765,"activity":0.0717,"lastBolusTime":1703437756119,"time":"2023-12-24T17:43:42.409Z"}},{"iob":6.448,"basaliob":-1.203,"bolussnooze":0.0465,"activity":0.071,"lastBolusTime":1703437756119,"time":"2023-12-24T17:48:42.409Z","iobWithZeroTemp":{"iob":6.021,"basaliob":-1.63,"bolussnooze":0.0465,"activity":0.0697,"lastBolusTime":1703437756119,"time":"2023-12-24T17:48:42.409Z"}},{"iob":6.097,"basaliob":-1.139,"bolussnooze":0.0275,"activity":0.069,"lastBolusTime":1703437756119,"time":"2023-12-24T17:53:42.409Z","iobWithZeroTemp":{"iob":5.586,"basaliob":-1.65,"bolussnooze":0.0275,"activity":0.0672,"lastBolusTime":1703437756119,"time":"2023-12-24T17:53:42.409Z"}},{"iob":5.757,"basaliob":-1.076,"bolussnooze":0.0157,"activity":0.0669,"lastBolusTime":1703437756119,"time":"2023-12-24T17:58:42.409Z","iobWithZeroTemp":{"iob":5.165,"basaliob":-1.668,"bolussnooze":0.0157,"activity":0.0645,"lastBolusTime":1703437756119,"time":"2023-12-24T17:58:42.409Z"}},{"iob":5.429,"basaliob":-1.015,"bolussnooze":0.0087,"activity":0.0646,"lastBolusTime":1703437756119,"time":"2023-12-24T18:03:42.409Z","iobWithZeroTemp":{"iob":4.754,"basaliob":-1.69,"bolussnooze":0.0087,"activity":0.0616,"lastBolusTime":1703437756119,"time":"2023-12-24T18:03:42.409Z"}},{"iob":5.112,"basaliob":-0.956,"bolussnooze":0.0045,"activity":0.0622,"lastBolusTime":1703437756119,"time":"2023-12-24T18:08:42.409Z","iobWithZeroTemp":{"iob":4.358,"basaliob":-1.71,"bolussnooze":0.0045,"activity":0.0586,"lastBolusTime":1703437756119,"time":"2023-12-24T18:08:42.409Z"}},{"iob":4.806,"basaliob":-0.9,"bolussnooze":0.0021,"activity":0.0597,"lastBolusTime":1703437756119,"time":"2023-12-24T18:13:42.409Z","iobWithZeroTemp":{"iob":3.975,"basaliob":-1.731,"bolussnooze":0.0021,"activity":0.0555,"lastBolusTime":1703437756119,"time":"2023-12-24T18:13:42.409Z"}},{"iob":4.515,"basaliob":-0.845,"bolussnooze":9.0E-4,"activity":0.0572,"lastBolusTime":1703437756119,"time":"2023-12-24T18:18:42.409Z","iobWithZeroTemp":{"iob":3.611,"basaliob":-1.749,"bolussnooze":9.0E-4,"activity":0.0523,"lastBolusTime":1703437756119,"time":"2023-12-24T18:18:42.409Z"}},{"iob":4.236,"basaliob":-0.793,"bolussnooze":2.0E-4,"activity":0.0545,"lastBolusTime":1703437756119,"time":"2023-12-24T18:23:42.409Z","iobWithZeroTemp":{"iob":3.261,"basaliob":-1.768,"bolussnooze":2.0E-4,"activity":0.049,"lastBolusTime":1703437756119,"time":"2023-12-24T18:23:42.409Z"}},{"iob":3.969,"basaliob":-0.744,"bolussnooze":0,"activity":0.052,"lastBolusTime":1703437756119,"time":"2023-12-24T18:28:42.409Z","iobWithZeroTemp":{"iob":2.928,"basaliob":-1.785,"bolussnooze":0,"activity":0.0458,"lastBolusTime":1703437756119,"time":"2023-12-24T18:28:42.409Z"}},{"iob":3.716,"basaliob":-0.696,"bolussnooze":0,"activity":0.0495,"lastBolusTime":1703437756119,"time":"2023-12-24T18:33:42.409Z","iobWithZeroTemp":{"iob":2.611,"basaliob":-1.801,"bolussnooze":0,"activity":0.0427,"lastBolusTime":1703437756119,"time":"2023-12-24T18:33:42.409Z"}},{"iob":3.475,"basaliob":-0.651,"bolussnooze":0,"activity":0.0469,"lastBolusTime":1703437756119,"time":"2023-12-24T18:38:42.409Z","iobWithZeroTemp":{"iob":2.309,"basaliob":-1.817,"bolussnooze":0,"activity":0.0394,"lastBolusTime":1703437756119,"time":"2023-12-24T18:38:42.409Z"}},{"iob":3.246,"basaliob":-0.609,"bolussnooze":0,"activity":0.0445,"lastBolusTime":1703437756119,"time":"2023-12-24T18:43:42.409Z","iobWithZeroTemp":{"iob":2.023,"basaliob":-1.832,"bolussnooze":0,"activity":0.0364,"lastBolusTime":1703437756119,"time":"2023-12-24T18:43:42.409Z"}},{"iob":3.03,"basaliob":-0.568,"bolussnooze":0,"activity":0.042,"lastBolusTime":1703437756119,"time":"2023-12-24T18:48:42.409Z","iobWithZeroTemp":{"iob":1.753,"basaliob":-1.845,"bolussnooze":0,"activity":0.0333,"lastBolusTime":1703437756119,"time":"2023-12-24T18:48:42.409Z"}},{"iob":2.825,"basaliob":-0.53,"bolussnooze":0,"activity":0.0398,"lastBolusTime":1703437756119,"time":"2023-12-24T18:53:42.409Z","iobWithZeroTemp":{"iob":1.496,"basaliob":-1.859,"bolussnooze":0,"activity":0.0305,"lastBolusTime":1703437756119,"time":"2023-12-24T18:53:42.409Z"}},{"iob":2.632,"basaliob":-0.494,"bolussnooze":0,"activity":0.0375,"lastBolusTime":1703437756119,"time":"2023-12-24T18:58:42.409Z","iobWithZeroTemp":{"iob":1.255,"basaliob":-1.871,"bolussnooze":0,"activity":0.0277,"lastBolusTime":1703437756119,"time":"2023-12-24T18:58:42.409Z"}},{"iob":2.45,"basaliob":-0.46,"bolussnooze":0,"activity":0.0353,"lastBolusTime":1703437756119,"time":"2023-12-24T19:03:42.409Z","iobWithZeroTemp":{"iob":1.027,"basaliob":-1.883,"bolussnooze":0,"activity":0.0249,"lastBolusTime":1703437756119,"time":"2023-12-24T19:03:42.409Z"}},{"iob":2.279,"basaliob":-0.428,"bolussnooze":0,"activity":0.0332,"lastBolusTime":1703437756119,"time":"2023-12-24T19:08:42.409Z","iobWithZeroTemp":{"iob":0.813,"basaliob":-1.894,"bolussnooze":0,"activity":0.0223,"lastBolusTime":1703437756119,"time":"2023-12-24T19:08:42.409Z"}},{"iob":2.118,"basaliob":-0.398,"bolussnooze":0,"activity":0.0312,"lastBolusTime":1703437756119,"time":"2023-12-24T19:13:42.409Z","iobWithZeroTemp":{"iob":0.612,"basaliob":-1.904,"bolussnooze":0,"activity":0.0198,"lastBolusTime":1703437756119,"time":"2023-12-24T19:13:42.409Z"}},{"iob":1.967,"basaliob":-0.369,"bolussnooze":0,"activity":0.0293,"lastBolusTime":1703437756119,"time":"2023-12-24T19:18:42.409Z","iobWithZeroTemp":{"iob":0.423,"basaliob":-1.913,"bolussnooze":0,"activity":0.0174,"lastBolusTime":1703437756119,"time":"2023-12-24T19:18:42.409Z"}},{"iob":1.825,"basaliob":-0.343,"bolussnooze":0,"activity":0.0275,"lastBolusTime":1703437756119,"time":"2023-12-24T19:23:42.409Z","iobWithZeroTemp":{"iob":0.245,"basaliob":-1.923,"bolussnooze":0,"activity":0.0151,"lastBolusTime":1703437756119,"time":"2023-12-24T19:23:42.409Z"}},{"iob":1.692,"basaliob":-0.318,"bolussnooze":0,"activity":0.0257,"lastBolusTime":1703437756119,"time":"2023-12-24T19:28:42.409Z","iobWithZeroTemp":{"iob":0.079,"basaliob":-1.931,"bolussnooze":0,"activity":0.0129,"lastBolusTime":1703437756119,"time":"2023-12-24T19:28:42.409Z"}},{"iob":1.567,"basaliob":-0.295,"bolussnooze":0,"activity":0.0241,"lastBolusTime":1703437756119,"time":"2023-12-24T19:33:42.409Z","iobWithZeroTemp":{"iob":-0.077,"basaliob":-1.939,"bolussnooze":0,"activity":0.0109,"lastBolusTime":1703437756119,"time":"2023-12-24T19:33:42.409Z"}},{"iob":1.451,"basaliob":-0.273,"bolussnooze":0,"activity":0.0225,"lastBolusTime":1703437756119,"time":"2023-12-24T19:38:42.409Z","iobWithZeroTemp":{"iob":-0.222,"basaliob":-1.946,"bolussnooze":0,"activity":0.0089,"lastBolusTime":1703437756119,"time":"2023-12-24T19:38:42.409Z"}},{"iob":1.343,"basaliob":-0.252,"bolussnooze":0,"activity":0.021,"lastBolusTime":1703437756119,"time":"2023-12-24T19:43:42.409Z","iobWithZeroTemp":{"iob":-0.357,"basaliob":-1.952,"bolussnooze":0,"activity":0.007,"lastBolusTime":1703437756119,"time":"2023-12-24T19:43:42.409Z"}},{"iob":1.242,"basaliob":-0.233,"bolussnooze":0,"activity":0.0196,"lastBolusTime":1703437756119,"time":"2023-12-24T19:48:42.409Z","iobWithZeroTemp":{"iob":-0.484,"basaliob":-1.959,"bolussnooze":0,"activity":0.0052,"lastBolusTime":1703437756119,"time":"2023-12-24T19:48:42.409Z"}},{"iob":1.147,"basaliob":-0.216,"bolussnooze":0,"activity":0.0183,"lastBolusTime":1703437756119,"time":"2023-12-24T19:53:42.409Z","iobWithZeroTemp":{"iob":-0.603,"basaliob":-1.966,"bolussnooze":0,"activity":0.0036,"lastBolusTime":1703437756119,"time":"2023-12-24T19:53:42.409Z"}},{"iob":1.059,"basaliob":-0.199,"bolussnooze":0,"activity":0.017,"lastBolusTime":1703437756119,"time":"2023-12-24T19:58:42.409Z","iobWithZeroTemp":{"iob":-0.713,"basaliob":-1.971,"bolussnooze":0,"activity":0.002,"lastBolusTime":1703437756119,"time":"2023-12-24T19:58:42.409Z"}},{"iob":0.976,"basaliob":-0.184,"bolussnooze":0,"activity":0.0158,"lastBolusTime":1703437756119,"time":"2023-12-24T20:03:42.409Z","iobWithZeroTemp":{"iob":-0.811,"basaliob":-1.971,"bolussnooze":0,"activity":5.0E-4,"lastBolusTime":1703437756119,"time":"2023-12-24T20:03:42.409Z"}},{"iob":0.901,"basaliob":-0.169,"bolussnooze":0,"activity":0.0147,"lastBolusTime":1703437756119,"time":"2023-12-24T20:08:42.409Z","iobWithZeroTemp":{"iob":-0.901,"basaliob":-1.971,"bolussnooze":0,"activity":-9.0E-4,"lastBolusTime":1703437756119,"time":"2023-12-24T20:08:42.409Z"}},{"iob":0.83,"basaliob":-0.156,"bolussnooze":0,"activity":0.0136,"lastBolusTime":1703437756119,"time":"2023-12-24T20:13:42.409Z","iobWithZeroTemp":{"iob":-0.985,"basaliob":-1.971,"bolussnooze":0,"activity":-0.0022,"lastBolusTime":1703437756119,"time":"2023-12-24T20:13:42.409Z"}},{"iob":0.763,"basaliob":-0.144,"bolussnooze":0,"activity":0.0127,"lastBolusTime":1703437756119,"time":"2023-12-24T20:18:42.409Z","iobWithZeroTemp":{"iob":-1.064,"basaliob":-1.971,"bolussnooze":0,"activity":-0.0033,"lastBolusTime":1703437756119,"time":"2023-12-24T20:18:42.409Z"}},{"iob":0.703,"basaliob":-0.132,"bolussnooze":0,"activity":0.0118,"lastBolusTime":1703437756119,"time":"2023-12-24T20:23:42.409Z","iobWithZeroTemp":{"iob":-1.134,"basaliob":-1.969,"bolussnooze":0,"activity":-0.0044,"lastBolusTime":1703437756119,"time":"2023-12-24T20:23:42.409Z"}},{"iob":0.646,"basaliob":-0.121,"bolussnooze":0,"activity":0.011,"lastBolusTime":1703437756119,"time":"2023-12-24T20:28:42.409Z","iobWithZeroTemp":{"iob":-1.201,"basaliob":-1.968,"bolussnooze":0,"activity":-0.0054,"lastBolusTime":1703437756119,"time":"2023-12-24T20:28:42.409Z"}},{"iob":0.593,"basaliob":-0.112,"bolussnooze":0,"activity":0.0101,"lastBolusTime":1703437756119,"time":"2023-12-24T20:33:42.409Z","iobWithZeroTemp":{"iob":-1.263,"basaliob":-1.968,"bolussnooze":0,"activity":-0.0065,"lastBolusTime":1703437756119,"time":"2023-12-24T20:33:42.409Z"}},{"iob":0.545,"basaliob":-0.102,"bolussnooze":0,"activity":0.0093,"lastBolusTime":1703437756119,"time":"2023-12-24T20:38:42.409Z","iobWithZeroTemp":{"iob":-1.319,"basaliob":-1.966,"bolussnooze":0,"activity":-0.0075,"lastBolusTime":1703437756119,"time":"2023-12-24T20:38:42.409Z"}},{"iob":0.5,"basaliob":-0.094,"bolussnooze":0,"activity":0.0087,"lastBolusTime":1703437756119,"time":"2023-12-24T20:43:42.409Z","iobWithZeroTemp":{"iob":-1.372,"basaliob":-1.966,"bolussnooze":0,"activity":-0.0082,"lastBolusTime":1703437756119,"time":"2023-12-24T20:43:42.409Z"}},{"iob":0.458,"basaliob":-0.086,"bolussnooze":0,"activity":0.008,"lastBolusTime":1703437756119,"time":"2023-12-24T20:48:42.409Z","iobWithZeroTemp":{"iob":-1.42,"basaliob":-1.964,"bolussnooze":0,"activity":-0.009,"lastBolusTime":1703437756119,"time":"2023-12-24T20:48:42.409Z"}},{"iob":0.42,"basaliob":-0.079,"bolussnooze":0,"activity":0.0074,"lastBolusTime":1703437756119,"time":"2023-12-24T20:53:42.409Z","iobWithZeroTemp":{"iob":-1.464,"basaliob":-1.963,"bolussnooze":0,"activity":-0.0098,"lastBolusTime":1703437756119,"time":"2023-12-24T20:53:42.409Z"}},{"iob":0.384,"basaliob":-0.072,"bolussnooze":0,"activity":0.0068,"lastBolusTime":1703437756119,"time":"2023-12-24T20:58:42.409Z","iobWithZeroTemp":{"iob":-1.506,"basaliob":-1.962,"bolussnooze":0,"activity":-0.0105,"lastBolusTime":1703437756119,"time":"2023-12-24T20:58:42.409Z"}},{"iob":0.351,"basaliob":-0.066,"bolussnooze":0,"activity":0.0063,"lastBolusTime":1703437756119,"time":"2023-12-24T21:03:42.409Z","iobWithZeroTemp":{"iob":-1.535,"basaliob":-1.952,"bolussnooze":0,"activity":-0.0111,"lastBolusTime":1703437756119,"time":"2023-12-24T21:03:42.409Z"}},{"iob":0.322,"basaliob":-0.06,"bolussnooze":0,"activity":0.0058,"lastBolusTime":1703437756119,"time":"2023-12-24T21:08:42.409Z","iobWithZeroTemp":{"iob":-1.559,"basaliob":-1.941,"bolussnooze":0,"activity":-0.0116,"lastBolusTime":1703437756119,"time":"2023-12-24T21:08:42.409Z"}},{"iob":0.293,"basaliob":-0.055,"bolussnooze":0,"activity":0.0054,"lastBolusTime":1703437756119,"time":"2023-12-24T21:13:42.409Z","iobWithZeroTemp":{"iob":-1.584,"basaliob":-1.932,"bolussnooze":0,"activity":-0.0121,"lastBolusTime":1703437756119,"time":"2023-12-24T21:13:42.409Z"}},{"iob":0.268,"basaliob":-0.05,"bolussnooze":0,"activity":0.0049,"lastBolusTime":1703437756119,"time":"2023-12-24T21:18:42.409Z","iobWithZeroTemp":{"iob":-1.604,"basaliob":-1.922,"bolussnooze":0,"activity":-0.0126,"lastBolusTime":1703437756119,"time":"2023-12-24T21:18:42.409Z"}}],"profile":{"max_iob":15,"type":"current","max_daily_basal":1.32,"max_basal":3.96,"min_bg":99,"max_bg":99,"target_bg":99,"carb_ratio":4.329004329004329,"sens":18.7012987012987,"max_daily_safety_multiplier":3,"current_basal_safety_multiplier":4,"high_temptarget_raises_sensitivity":false,"low_temptarget_lowers_sensitivity":false,"sensitivity_raises_target":true,"resistance_lowers_target":true,"adv_target_adjustments":false,"exercise_mode":false,"half_basal_exercise_target":160,"maxCOB":120,"skip_neutral_temps":false,"remainingCarbsCap":90,"enableUAM":true,"A52_risk_enable":false,"SMBInterval":3,"enableSMB_with_COB":true,"enableSMB_with_temptarget":true,"allowSMB_with_high_temptarget":false,"enableSMB_always":false,"enableSMB_after_carbs":true,"maxSMBBasalMinutes":80,"maxUAMSMBBasalMinutes":60,"bolus_increment":0.05,"carbsReqThreshold":10,"current_basal":1.1,"temptargetSet":false,"autosens_max":1.2,"out_units":"mmol\/L"},"autosens_data":{"ratio":1},"meal_data":{"carbs":82,"mealCOB":19.021909571909564,"slopeFromMaxDeviation":-1.7519999999999998,"slopeFromMinDeviation":0.871,"lastBolusTime":1703437756119,"lastCarbTime":1703436089984},"microBolusAllowed":true,"currentTime":1703438624446,"flatBGsDetected":false},"output":{"temp":"absolute","bg":165,"tick":"+0","eventualBG":90,"targetBG":99,"insulinReq":0,"deliverAt":"2023-12-24T17:23:44.446Z","sensitivityRatio":1,"predBGs":{"IOB":[165,164,163,161,159,156,153,150,146,142,137,132,127,122,117,112,108,103,100,96,92,89,86,83,80,78,75,73,71,69,67,65,64,62,61,60,59,57,56,55,55,54,53,52,52,51,51,50],"ZT":[165,158,151,144,137,130,124,118,112,106,100,95,90,86,81,77,74,70,67,64,62,59,57,56,54,52,51,50,49,49,48,48,48,48,48,48,48,49,49,50,51,51,52,53,54,55,56,57],"COB":[165,165,164,163,162,161,159,158,156,154,153,151,149,147,145,143,141,138,136,134,131,129,126,123,120,118,115,113,111,109,107,106,104,103,101,100,99,98,97,96,95,94,93,93,92,91,91,90],"UAM":[165,163,160,154,148,141,134,128,121,115,110,104,99,94,89,84,80,75,72,68,64,61,58,55,52,50,47,45,43,41,39]},"COB":19.021909571909564,"IOB":8.298,"reason":"COB: 19, Dev: 2.3, BGI: -0.4, ISF: 1.0, CR: 4.33, Target: 5.5, minPredBG 2.7, minGuardBG 2.1, IOBpredBG 2.8, COBpredBG 5.0, UAMpredBG 2.2; minGuardBG 2.1<3.9","duration":120,"rate":0,"timestamp":"2023-12-24T17:23:44.547Z"}}