{"algorithm":"OpenAPSSMBPlugin","input":{"glucoseStatus":{"glucose":95,"noise":0,"delta":-1,"short_avgdelta":-0.89,"long_avgdelta":-0.58,"date":1703388791000},"currenttemp":{"temp":"absolute","duration":50,"rate":0.84,"minutesrunning":10},"iob_data":[{"iob":-0.086,"basaliob":-0.772,"bolussnooze":0,"activity":7.0E-4,"lastBolusTime":1703384655685,"time":"2023-12-24T03:33:40.840Z","iobWithZeroTemp":{"iob":-0.086,"basaliob":-0.772,"bolussnooze":0,"activity":7.0E-4,"lastBolusTime":1703384655685,"time":"2023-12-24T03:33:40.840Z"}},{"iob":-0.089,"basaliob":-0.733,"bolussnooze":0,"activity":4.0E-4,"lastBolusTime":1703384655685,"time":"2023-12-24T03:38:40.840Z","iobWithZeroTemp":{"iob":-0.169,"basaliob":-0.813,"bolussnooze":0,"activity":3.0E-4,"lastBolusTime":1703384655685,"time":"2023-12-24T03:38:40.840Z"}},{"iob":-0.09,"basaliob":-0.694,"bolussnooze":0,"activity":2.0E-4,"lastBolusTime":1703384655685,"time":"2023-12-24T03:43:40.840Z","iobWithZeroTemp":{"iob":-0.269,"basaliob":-0.873,"bolussnooze":0,"activity":0,"lastBolusTime":1703384655685,"time":"2023-12-24T03:43:40.840Z"}},{"iob":-0.09,"basaliob":-0.656,"bolussnooze":0,"activity":1.0E-4,"lastBolusTime":1703384655685,"time":"2023-12-24T03:48:40.840Z","iobWithZeroTemp":{"iob":-0.367,"basaliob":-0.933,"bolussnooze":0,"activity":-5.0E-4,"lastBolusTime":1703384655685,"time":"2023-12-24T03:48:40.840Z"}},{"iob":-0.091,"basaliob":-0.62,"bolussnooze":0,"activity":-1.0E-4,"lastBolusTime":1703384655685,"time":"2023-12-24T03:53:40.840Z","iobWithZeroTemp":{"iob":-0.465,"basaliob":-0.994,"bolussnooze":0,"activity":-0.0011,"lastBolusTime":1703384655685,"time":"2023-12-24T03:53:40.840Z"}},{"iob":-0.09,"basaliob":-0.585,"bolussnooze":0,"activity":-3.0E-4,"lastBolusTime":1703384655685,"time":"2023-12-24T03:58:40.840Z","iobWithZeroTemp":{"iob":-0.558,"basaliob":-1.053,"bolussnooze":0,"activity":-0.0018,"lastBolusTime":1703384655685,"time":"2023-12-24T03:58:40.840Z"}},{"iob":-0.088,"basaliob":-0.55,"bolussnooze":0,"activity":-3.0E-4,"lastBolusTime":1703384655685,"time":"2023-12-24T04:03:40.840Z","iobWithZeroTemp":{"iob":-0.644,"basaliob":-1.106,"bolussnooze":0,"activity":-0.0023,"lastBolusTime":1703384655685,"time":"2023-12-24T04:03:40.840Z"}},{"iob":-0.087,"basaliob":-0.518,"bolussnooze":0,"activity":-4.0E-4,"lastBolusTime":1703384655685,"time":"2023-12-24T04:08:40.840Z","iobWithZeroTemp":{"iob":-0.729,"basaliob":-1.16,"bolussnooze":0,"activity":-0.003,"lastBolusTime":1703384655685,"time":"2023-12-24T04:08:40.840Z"}},{"iob":-0.084,"basaliob":-0.486,"bolussnooze":0,"activity":-5.0E-4,"lastBolusTime":1703384655685,"time":"2023-12-24T04:13:40.840Z","iobWithZeroTemp":{"iob":-0.809,"basaliob":-1.211,"bolussnooze":0,"activity":-0.0037,"lastBolusTime":1703384655685,"time":"2023-12-24T04:13:40.840Z"}},{"iob":-0.082,"basaliob":-0.456,"bolussnooze":0,"activity":-5.0E-4,"lastBolusTime":1703384655685,"time":"2023-12-24T04:18:40.840Z","iobWithZeroTemp":{"iob":-0.887,"basaliob":-1.261,"bolussnooze":0,"activity":-0.0044,"lastBolusTime":1703384655685,"time":"2023-12-24T04:18:40.840Z"}},{"iob":-0.079,"basaliob":-0.427,"bolussnooze":0,"activity":-6.0E-4,"lastBolusTime":1703384655685,"time":"2023-12-24T04:23:40.840Z","iobWithZeroTemp":{"iob":-0.961,"basaliob":-1.309,"bolussnooze":0,"activity":-0.0052,"lastBolusTime":1703384655685,"time":"2023-12-24T04:23:40.840Z"}},{"iob":-0.076,"basaliob":-0.4,"bolussnooze":0,"activity":-6.0E-4,"lastBolusTime":1703384655685,"time":"2023-12-24T04:28:40.840Z","iobWithZeroTemp":{"iob":-1.031,"basaliob":-1.355,"bolussnooze":0,"activity":-0.0058,"lastBolusTime":1703384655685,"time":"2023-12-24T04:28:40.840Z"}},{"iob":-0.073,"basaliob":-0.374,"bolussnooze":0,"activity":-6.0E-4,"lastBolusTime":1703384655685,"time":"2023-12-24T04:33:40.840Z","iobWithZeroTemp":{"iob":-1.097,"basaliob":-1.398,"bolussnooze":0,"activity":-0.0065,"lastBolusTime":1703384655685,"time":"2023-12-24T04:33:40.840Z"}},{"iob":-0.07,"basaliob":-0.349,"bolussnooze":0,"activity":-6.0E-4,"lastBolusTime":1703384655685,"time":"2023-12-24T04:38:40.840Z","iobWithZeroTemp":{"iob":-1.161,"basaliob":-1.44,"bolussnooze":0,"activity":-0.0072,"lastBolusTime":1703384655685,"time":"2023-12-24T04:38:40.840Z"}},{"iob":-0.067,"basaliob":-0.326,"bolussnooze":0,"activity":-6.0E-4,"lastBolusTime":1703384655685,"time":"2023-12-24T04:43:40.840Z","iobWithZeroTemp":{"iob":-1.221,"basaliob":-1.48,"bolussnooze":0,"activity":-0.0078,"lastBolusTime":1703384655685,"time":"2023-12-24T04:43:40.840Z"}},{"iob":-0.064,"basaliob":-0.304,"bolussnooze":0,"activity":-6.0E-4,"lastBolusTime":1703384655685,"time":"2023-12-24T04:48:40.840Z","iobWithZeroTemp":{"iob":-1.277,"basaliob":-1.517,"bolussnooze":0,"activity":-0.0085,"lastBolusTime":1703384655685,"time":"2023-12-24T04:48:40.840Z"}},{"iob":-0.061,"basaliob":-0.283,"bolussnooze":0,"activity":-6.0E-4,"lastBolusTime":1703384655685,"time":"2023-12-24T04:53:40.840Z","iobWithZeroTemp":{"iob":-1.331,"basaliob":-1.553,"bolussnooze":0,"activity":-0.0091,"lastBolusTime":1703384655685,"time":"2023-12-24T04:53:40.840Z"}},{"iob":-0.058,"basaliob":-0.264,"bolussnooze":0,"activity":-6.0E-4,"lastBolusTime":1703384655685,"time":"2023-12-24T04:58:40.840Z","iobWithZeroTemp":{"iob":-1.382,"basaliob":-1.588,"bolussnooze":0,"activity":-0.0097,"lastBolusTime":1703384655685,"time":"2023-12-24T04:58:40.840Z"}},{"iob":-0.055,"basaliob":-0.245,"bolussnooze":0,"activity":-6.0E-4,"lastBolusTime":1703384655685,"time":"2023-12-24T05:03:40.840Z","iobWithZeroTemp":{"iob":-1.424,"basaliob":-1.614,"bolussnooze":0,"activity":-0.0103,"lastBolusTime":1703384655685,"time":"2023-12-24T05:03:40.840Z"}},{"iob":-0.052,"basaliob":-0.228,"bolussnooze":0,"activity":-6.0E-4,"lastBolusTime":1703384655685,"time":"2023-12-24T05:08:40.840Z","iobWithZeroTemp":{"iob":-1.463,"basaliob":-1.639,"bolussnooze":0,"activity":-0.0109,"lastBolusTime":1703384655685,"time":"2023-12-24T05:08:40.840Z"}},{"iob":-0.05,"basaliob":-0.212,"bolussnooze":0,"activity":-6.0E-4,"lastBolusTime":1703384655685,"time":"2023-12-24T05:13:40.840Z","iobWithZeroTemp":{"iob":-1.5,"basaliob":-1.662,"bolussnooze":0,"activity":-0.0114,"lastBolusTime":1703384655685,"time":"2023-12-24T05:13:40.840Z"}},{"iob":-0.046,"basaliob":-0.196,"bolussnooze":0,"activity":-6.0E-4,"lastBolusTime":1703384655685,"time":"2023-12-24T05:18:40.840Z","iobWithZeroTemp":{"iob":-1.533,"basaliob":-1.683,"bolussnooze":0,"activity":-0.0119,"lastBolusTime":1703384655685,"time":"2023-12-24T05:18:40.840Z"}},{"iob":-0.044,"basaliob":-0.182,"bolussnooze":0,"activity":-6.0E-4,"lastBolusTime":1703384655685,"time":"2023-12-24T05:23:40.840Z","iobWithZeroTemp":{"iob":-1.565,"basaliob":-1.703,"bolussnooze":0,"activity":-0.0124,"lastBolusTime":1703384655685,"time":"2023-12-24T05:23:40.840Z"}},{"iob":-0.041,"basaliob":-0.168,"bolussnooze":0,"activity":-5.0E-4,"lastBolusTime":1703384655685,"time":"2023-12-24T05:28:40.840Z","iobWithZeroTemp":{"iob":-1.594,"basaliob":-1.721,"bolussnooze":0,"activity":-0.0127,"lastBolusTime":1703384655685,"time":"2023-12-24T05:28:40.840Z"}},{"iob":-0.039,"basaliob":-0.156,"bolussnooze":0,"activity":-5.0E-4,"lastBolusTime":1703384655685,"time":"2023-12-24T05:33:40.840Z","iobWithZeroTemp":{"iob":-1.622,"basaliob":-1.739,"bolussnooze":0,"activity":-0.0131,"lastBolusTime":1703384655685,"time":"2023-12-24T05:33:40.840Z"}},{"iob":-0.036,"basaliob":-0.144,"bolussnooze":0,"activity":-5.0E-4,"lastBolusTime":1703384655685,"time":"2023-12-24T05:38:40.840Z","iobWithZeroTemp":{"iob":-1.647,"basaliob":-1.755,"bolussnooze":0,"activity":-0.0135,"lastBolusTime":1703384655685,"time":"2023-12-24T05:38:40.840Z"}},{"iob":-0.034,"basaliob":-0.133,"bolussnooze":0,"activity":-4.0E-4,"lastBolusTime":1703384655685,"time":"2023-12-24T05:43:40.840Z","iobWithZeroTemp":{"iob":-1.671,"basaliob":-1.77,"bolussnooze":0,"activity":-0.0138,"lastBolusTime":1703384655685,"time":"2023-12-24T05:43:40.840Z"}},{"iob":-0.032,"basaliob":-0.123,"bolussnooze":0,"activity":-5.0E-4,"lastBolusTime":1703384655685,"time":"2023-12-24T05:48:40.840Z","iobWithZeroTemp":{"iob":-1.693,"basaliob":-1.784,"bolussnooze":0,"activity":-0.0143,"lastBolusTime":1703384655685,"time":"2023-12-24T05:48:40.840Z"}},{"iob":-0.03,"basaliob":-0.114,"bolussnooze":0,"activity":-4.0E-4,"lastBolusTime":1703384655685,"time":"2023-12-24T05:53:40.840Z","iobWithZeroTemp":{"iob":-1.713,"basaliob":-1.797,"bolussnooze":0,"activity":-0.0145,"lastBolusTime":1703384655685,"time":"2023-12-24T05:53:40.840Z"}},{"iob":-0.028,"basaliob":-0.105,"bolussnooze":0,"activity":-4.0E-4,"lastBolusTime":1703384655685,"time":"2023-12-24T05:58:40.840Z","iobWithZeroTemp":{"iob":-1.732,"basaliob":-1.809,"bolussnooze":0,"activity":-0.0148,"lastBolusTime":1703384655685,"time":"2023-12-24T05:58:40.840Z"}},{"iob":-0.026,"basaliob":-0.097,"bolussnooze":0,"activity":-4.0E-4,"lastBolusTime":1703384655685,"time":"2023-12-24T06:03:40.840Z","iobWithZeroTemp":{"iob":-1.74,"basaliob":-1.811,"bolussnooze":0,"activity":-0.0151,"lastBolusTime":1703384655685,"time":"2023-12-24T06:03:40.840Z"}},{"iob":-0.024,"basaliob":-0.089,"bolussnooze":0,"activity":-4.0E-4,"lastBolusTime":1703384655685,"time":"2023-12-24T06:08:40.840Z","iobWithZeroTemp":{"iob":-1.747,"basaliob":-1.812,"bolussnooze":0,"activity":-0.0153,"lastBolusTime":1703384655685,"time":"2023-12-24T06:08:40.840Z"}},{"iob":-0.023,"basaliob":-0.082,"bolussnooze":0,"activity":-4.0E-4,"lastBolusTime":1703384655685,"time":"2023-12-24T06:13:40.840Z","iobWithZeroTemp":{"iob":-1.754,"basaliob":-1.813,"bolussnooze":0,"activity":-0.0156,"lastBolusTime":1703384655685,"time":"2023-12-24T06:13:40.840Z"}},{"iob":-0.021,"basaliob":-0.075,"bolussnooze":0,"activity":-3.0E-4,"lastBolusTime":1703384655685,"time":"2023-12-24T06:18:40.840Z","iobWithZeroTemp":{"iob":-1.759,"basaliob":-1.813,"bolussnooze":0,"activity":-0.0157,"lastBolusTime":1703384655685,"time":"2023-12-24T06:18:40.840Z"}},{"iob":-0.019,"basaliob":-0.069,"bolussnooze":0,"activity":-3.0E-4,"lastBolusTime":1703384655685,"time":"2023-12-24T06:23:40.840Z","iobWithZeroTemp":{"iob":-1.763,"basaliob":-1.813,"bolussnooze":0,"activity":-0.0158,"lastBolusTime":1703384655685,"time":"2023-12-24T06:23:40.840Z"}},{"iob":-0.018,"basaliob":-0.064,"bolussnooze":0,"activity":-3.0E-4,"lastBolusTime":1703384655685,"time":"2023-12-24T06:28:40.840Z","iobWithZeroTemp":{"iob":-1.767,"basaliob":-1.813,"bolussnooze":0,"activity":-0.016,"lastBolusTime":1703384655685,"time":"2023-12-24T06:28:40.840Z"}},{"iob":-0.016,"basaliob":-0.058,"bolussnooze":0,"activity":-2.0E-4,"lastBolusTime":1703384655685,"time":"2023-12-24T06:33:40.840Z","iobWithZeroTemp":{"iob":-1.77,"basaliob":-1.812,"bolussnooze":0,"activity":-0.016,"lastBolusTime":1703384655685,"time":"2023-12-24T06:33:40.840Z"}},{"iob":-0.015,"basaliob":-0.053,"bolussnooze":0,"activity":-2.0E-4,"lastBolusTime":1703384655685,"time":"2023-12-24T06:38:40.840Z","iobWithZeroTemp":{"iob":-1.773,"basaliob":-1.811,"bolussnooze":0,"activity":-0.0162,"lastBolusTime":1703384655685,"time":"2023-12-24T06:38:40.840Z"}},{"iob":-0.014,"basaliob":-0.049,"bolussnooze":0,"activity":-3.0E-4,"lastBolusTime":1703384655685,"time":"2023-12-24T06:43:40.840Z","iobWithZeroTemp":{"iob":-1.775,"basaliob":-1.81,"bolussnooze":0,"activity":-0.0164,"lastBolusTime":1703384655685,"time":"2023-12-24T06:43:40.840Z"}},{"iob":-0.013,"basaliob":-0.045,"bolussnooze":0,"activity":-2.0E-4,"lastBolusTime":1703384655685,"time":"2023-12-24T06:48:40.840Z","iobWithZeroTemp":{"iob":-1.776,"basaliob":-1.808,"bolussnooze":0,"activity":-0.0164,"lastBolusTime":1703384655685,"time":"2023-12-24T06:48:40.840Z"}},{"iob":-0.012,"basaliob":-0.041,"bolussnooze":0,"activity":-2.0E-4,"lastBolusTime":1703384655685,"time":"2023-12-24T06:53:40.840Z","iobWithZeroTemp":{"iob":-1.778,"basaliob":-1.807,"bolussnooze":0,"activity":-0.0164,"lastBolusTime":1703384655685,"time":"2023-12-24T06:53:40.840Z"}},{"iob":-0.011,"basaliob":-0.037,"bolussnooze":0,"activity":-2.0E-4,"lastBolusTime":1703384655685,"time":"2023-12-24T06:58:40.840Z","iobWithZeroTemp":{"iob":-1.778,"basaliob":-1.804,"bolussnooze":0,"activity":-0.0165,"lastBolusTime":1703384655685,"time":"2023-12-24T06:58:40.840Z"}},{"iob":-0.01,"basaliob":-0.034,"bolussnooze":0,"activity":-1.0E-4,"lastBolusTime":1703384655685,"time":"2023-12-24T07:03:40.840Z","iobWithZeroTemp":{"iob":-1.775,"basaliob":-1.799,"bolussnooze":0,"activity":-0.0165,"lastBolusTime":1703384655685,"time":"2023-12-24T07:03:40.840Z"}},{"iob":-0.009,"basaliob":-0.031,"bolussnooze":0,"activity":-2.0E-4,"lastBolusTime":1703384655685,"time":"2023-12-24T07:08:40.840Z","iobWithZeroTemp":{"iob":-1.77,"basaliob":-1.792,"bolussnooze":0,"activity":-0.0166,"lastBolusTime":1703384655685,"time":"2023-12-24T07:08:40.840Z"}},{"iob":-0.009,"basaliob":-0.029,"bolussnooze":0,"activity":-1.0E-4,"lastBolusTime":1703384655685,"time":"2023-12-24T07:13:40.840Z","iobWithZeroTemp":{"iob":-1.767,"basaliob":-1.787,"bolussnooze":0,"activity":-0.0166,"lastBolusTime":1703384655685,"time":"2023-12-24T07:13:40.840Z"}},{"iob":-0.008,"basaliob":-0.026,"bolussnooze":0,"activity":-2.0E-4,"lastBolusTime":1703384655685,"time":"2023-12-24T07:18:40.840Z","iobWithZeroTemp":{"iob":-1.763,"basaliob":-1.781,"bolussnooze":0,"activity":-0.0167,"lastBolusTime":1703384655685,"time":"2023-12-24T07:18:40.840Z"}},{"iob":-0.008,"basaliob":-0.024,"bolussnooze":0,"activity":-1.0E-4,"lastBolusTime":1703384655685,"time":"2023-12-24T07:23:40.840Z","iobWithZeroTemp":{"iob":-1.759,"basaliob":-1.775,"bolussnooze":0,"activity":-0.0166,"lastBolusTime":1703384655685,"time":"2023-12-24T07:23:40.840Z"}},{"iob":-0.007,"basaliob":-0.022,"bolussnooze":0,"activity":-1.0E-4,"lastBolusTime":1703384655685,"time":"2023-12-24T07:28:40.840Z","iobWithZeroTemp":{"iob":-1.754,"basaliob":-1.769,"bolussnooze":0,"activity":-0.0166,"lastBolusTime":1703384655685,"time":"2023-12-24T07:28:40.840Z"}}],"profile":{"max_iob":15,"type":"current","max_daily_basal":1.2,"max_basal":3.59,"min_bg":99,"max_bg":99,"target_bg":99,"carb_ratio":5.7142857142857135,"sens":30.857142857142854,"max_daily_safety_multiplier":3,"current_basal_safety_multiplier":4,"high_temptarget_raises_sensitivity":false,"low_temptarget_lowers_sensitivity":false,"sensitivity_raises_target":true,"resistance_lowers_target":true,"adv_target_adjustments":false,"exercise_mode":false,"half_basal_exercise_target":160,"maxCOB":120,"skip_neutral_temps":false,"remainingCarbsCap":90,"enableUAM":true,"A52_risk_enable":false,"SMBInterval":3,"enableSMB_with_COB":true,"enableSMB_with_temptarget":true,"allowSMB_with_high_temptarget":false,"enableSMB_always":false,"enableSMB_after_carbs":true,"maxSMBBasalMinutes":80,"maxUAMSMBBasalMinutes":60,"bolus_increment":0.05,"carbsReqThreshold":10,"current_basal":1.2,"temptargetSet":false,"autosens_max":1.2,"out_units":"mmol\/L"},"autosens_data":{"ratio":1},"meal_data":{"carbs":0,"mealCOB":0,"slopeFromMaxDeviation":-0.21772727272727274,"slopeFromMinDeviation":0,"lastBolusTime":1703384655685,"lastCarbTime":0},"microBolusAllowed":true,"currentTime":1703388823126,"flatBGsDetected":false},"output":{"temp":"absolute","bg":95,"tick":-1,"eventualBG":95,"targetBG":99,"insulinReq":0,"deliverAt":"2023-12-24T03:33:43.126Z","sensitivityRatio":1,"predBGs":{"IOB":[95,94,93,93,92,91,91,91,90,90,90,90,90,90,91,91,91,91,91,91,91,91,91,91,91,92],"ZT":[95,95,95,95,95,95,95,96,96,97,97,98,99]},"COB":0,"IOB":-0.086,"reason":"COB: 0, Dev: -0.2, BGI: 0.0, ISF: 1.7, CR: 5.71, Target: 5.5, minPredBG 5.1, minGuardBG 5.0, IOBpredBG 5.1; Eventual BG 5.3 < 5.5, temp 0.84 ~< req 0.68U\/hr. ","timestamp":"2023-12-24T03:33:43.265Z"}}