{"algorithm":"OpenAPSSMBPlugin","input":{"glucoseStatus":{"glucose":114,"noise":0,"delta":4,"short_avgdelta":2.72,"long_avgdelta":1.92,"date":1703475793000},"currenttemp":{"temp":"absolute","duration":55,"rate":0.36,"minutesrunning":5},"iob_data":[{"iob":0.481,"basaliob":-0.694,"bolussnooze":0,"activity":0.0043,"lastBolusTime":1703474936184,"time":"2023-12-25T03:43:43.540Z","iobWithZeroTemp":{"iob":0.481,"basaliob":-0.694,"bolussnooze":0,"activity":0.0043,"lastBolusTime":1703474936184,"time":"2023-12-25T03:43:43.540Z"}},{"iob":0.459,"basaliob":-0.66,"bolussnooze":0,"activity":0.0044,"lastBolusTime":1703474936184,"time":"2023-12-25T03:48:43.540Z","iobWithZeroTemp":{"iob":0.379,"basaliob":-0.74,"bolussnooze":0,"activity":0.0043,"lastBolusTime":1703474936184,"time":"2023-12-25T03:48:43.540Z"}},{"iob":0.437,"basaliob":-0.626,"bolussnooze":0,"activity":0.0044,"lastBolusTime":1703474936184,"time":"2023-12-25T03:53:43.540Z","iobWithZeroTemp":{"iob":0.258,"basaliob":-0.805,"bolussnooze":0,"activity":0.0042,"lastBolusTime":1703474936184,"time":"2023-12-25T03:53:43.540Z"}},{"iob":0.416,"basaliob":-0.593,"bolussnooze":0,"activity":0.0043,"lastBolusTime":1703474936184,"time":"2023-12-25T03:58:43.540Z","iobWithZeroTemp":{"iob":0.139,"basaliob":-0.87,"bolussnooze":0,"activity":0.0037,"lastBolusTime":1703474936184,"time":"2023-12-25T03:58:43.540Z"}},{"iob":0.395,"basaliob":-0.56,"bolussnooze":0,"activity":0.0042,"lastBolusTime":1703474936184,"time":"2023-12-25T04:03:43.540Z","iobWithZeroTemp":{"iob":0.024,"basaliob":-0.931,"bolussnooze":0,"activity":0.0032,"lastBolusTime":1703474936184,"time":"2023-12-25T04:03:43.540Z"}},{"iob":0.374,"basaliob":-0.529,"bolussnooze":0,"activity":0.0041,"lastBolusTime":1703474936184,"time":"2023-12-25T04:08:43.540Z","iobWithZeroTemp":{"iob":-0.089,"basaliob":-0.992,"bolussnooze":0,"activity":0.0026,"lastBolusTime":1703474936184,"time":"2023-12-25T04:08:43.540Z"}},{"iob":0.353,"basaliob":-0.499,"bolussnooze":0,"activity":0.004,"lastBolusTime":1703474936184,"time":"2023-12-25T04:13:43.540Z","iobWithZeroTemp":{"iob":-0.199,"basaliob":-1.051,"bolussnooze":0,"activity":0.002,"lastBolusTime":1703474936184,"time":"2023-12-25T04:13:43.540Z"}},{"iob":0.334,"basaliob":-0.469,"bolussnooze":0,"activity":0.0039,"lastBolusTime":1703474936184,"time":"2023-12-25T04:18:43.540Z","iobWithZeroTemp":{"iob":-0.304,"basaliob":-1.107,"bolussnooze":0,"activity":0.0013,"lastBolusTime":1703474936184,"time":"2023-12-25T04:18:43.540Z"}},{"iob":0.315,"basaliob":-0.441,"bolussnooze":0,"activity":0.0038,"lastBolusTime":1703474936184,"time":"2023-12-25T04:23:43.540Z","iobWithZeroTemp":{"iob":-0.406,"basaliob":-1.162,"bolussnooze":0,"activity":6.0E-4,"lastBolusTime":1703474936184,"time":"2023-12-25T04:23:43.540Z"}},{"iob":0.296,"basaliob":-0.414,"bolussnooze":0,"activity":0.0036,"lastBolusTime":1703474936184,"time":"2023-12-25T04:28:43.540Z","iobWithZeroTemp":{"iob":-0.505,"basaliob":-1.215,"bolussnooze":0,"activity":-3.0E-4,"lastBolusTime":1703474936184,"time":"2023-12-25T04:28:43.540Z"}},{"iob":0.278,"basaliob":-0.389,"bolussnooze":0,"activity":0.0035,"lastBolusTime":1703474936184,"time":"2023-12-25T04:33:43.540Z","iobWithZeroTemp":{"iob":-0.599,"basaliob":-1.266,"bolussnooze":0,"activity":-0.001,"lastBolusTime":1703474936184,"time":"2023-12-25T04:33:43.540Z"}},{"iob":0.261,"basaliob":-0.364,"bolussnooze":0,"activity":0.0033,"lastBolusTime":1703474936184,"time":"2023-12-25T04:38:43.540Z","iobWithZeroTemp":{"iob":-0.689,"basaliob":-1.314,"bolussnooze":0,"activity":-0.0019,"lastBolusTime":1703474936184,"time":"2023-12-25T04:38:43.540Z"}},{"iob":0.244,"basaliob":-0.341,"bolussnooze":0,"activity":0.0031,"lastBolusTime":1703474936184,"time":"2023-12-25T04:43:43.540Z","iobWithZeroTemp":{"iob":-0.776,"basaliob":-1.361,"bolussnooze":0,"activity":-0.0028,"lastBolusTime":1703474936184,"time":"2023-12-25T04:43:43.540Z"}},{"iob":0.229,"basaliob":-0.319,"bolussnooze":0,"activity":0.003,"lastBolusTime":1703474936184,"time":"2023-12-25T04:48:43.540Z","iobWithZeroTemp":{"iob":-0.858,"basaliob":-1.406,"bolussnooze":0,"activity":-0.0035,"lastBolusTime":1703474936184,"time":"2023-12-25T04:48:43.540Z"}},{"iob":0.215,"basaliob":-0.297,"bolussnooze":0,"activity":0.0029,"lastBolusTime":1703474936184,"time":"2023-12-25T04:53:43.540Z","iobWithZeroTemp":{"iob":-0.935,"basaliob":-1.447,"bolussnooze":0,"activity":-0.0043,"lastBolusTime":1703474936184,"time":"2023-12-25T04:53:43.540Z"}},{"iob":0.2,"basaliob":-0.278,"bolussnooze":0,"activity":0.0027,"lastBolusTime":1703474936184,"time":"2023-12-25T04:58:43.540Z","iobWithZeroTemp":{"iob":-1.01,"basaliob":-1.488,"bolussnooze":0,"activity":-0.0051,"lastBolusTime":1703474936184,"time":"2023-12-25T04:58:43.540Z"}},{"iob":0.187,"basaliob":-0.259,"bolussnooze":0,"activity":0.0025,"lastBolusTime":1703474936184,"time":"2023-12-25T05:03:43.540Z","iobWithZeroTemp":{"iob":-1.074,"basaliob":-1.52,"bolussnooze":0,"activity":-0.006,"lastBolusTime":1703474936184,"time":"2023-12-25T05:03:43.540Z"}},{"iob":0.175,"basaliob":-0.241,"bolussnooze":0,"activity":0.0025,"lastBolusTime":1703474936184,"time":"2023-12-25T05:08:43.540Z","iobWithZeroTemp":{"iob":-1.134,"basaliob":-1.55,"bolussnooze":0,"activity":-0.0066,"lastBolusTime":1703474936184,"time":"2023-12-25T05:08:43.540Z"}},{"iob":0.163,"basaliob":-0.224,"bolussnooze":0,"activity":0.0024,"lastBolusTime":1703474936184,"time":"2023-12-25T05:13:43.540Z","iobWithZeroTemp":{"iob":-1.191,"basaliob":-1.578,"bolussnooze":0,"activity":-0.0072,"lastBolusTime":1703474936184,"time":"2023-12-25T05:13:43.540Z"}},{"iob":0.151,"basaliob":-0.209,"bolussnooze":0,"activity":0.0022,"lastBolusTime":1703474936184,"time":"2023-12-25T05:18:43.540Z","iobWithZeroTemp":{"iob":-1.246,"basaliob":-1.606,"bolussnooze":0,"activity":-0.008,"lastBolusTime":1703474936184,"time":"2023-12-25T05:18:43.540Z"}},{"iob":0.141,"basaliob":-0.194,"bolussnooze":0,"activity":0.002,"lastBolusTime":1703474936184,"time":"2023-12-25T05:23:43.540Z","iobWithZeroTemp":{"iob":-1.296,"basaliob":-1.631,"bolussnooze":0,"activity":-0.0087,"lastBolusTime":1703474936184,"time":"2023-12-25T05:23:43.540Z"}},{"iob":0.131,"basaliob":-0.18,"bolussnooze":0,"activity":0.0019,"lastBolusTime":1703474936184,"time":"2023-12-25T05:28:43.540Z","iobWithZeroTemp":{"iob":-1.343,"basaliob":-1.654,"bolussnooze":0,"activity":-0.0093,"lastBolusTime":1703474936184,"time":"2023-12-25T05:28:43.540Z"}},{"iob":0.122,"basaliob":-0.167,"bolussnooze":0,"activity":0.0018,"lastBolusTime":1703474936184,"time":"2023-12-25T05:33:43.540Z","iobWithZeroTemp":{"iob":-1.387,"basaliob":-1.676,"bolussnooze":0,"activity":-0.0099,"lastBolusTime":1703474936184,"time":"2023-12-25T05:33:43.540Z"}},{"iob":0.113,"basaliob":-0.155,"bolussnooze":0,"activity":0.0017,"lastBolusTime":1703474936184,"time":"2023-12-25T05:38:43.540Z","iobWithZeroTemp":{"iob":-1.428,"basaliob":-1.696,"bolussnooze":0,"activity":-0.0104,"lastBolusTime":1703474936184,"time":"2023-12-25T05:38:43.540Z"}},{"iob":0.105,"basaliob":-0.143,"bolussnooze":0,"activity":0.0016,"lastBolusTime":1703474936184,"time":"2023-12-25T05:43:43.540Z","iobWithZeroTemp":{"iob":-1.466,"basaliob":-1.714,"bolussnooze":0,"activity":-0.0109,"lastBolusTime":1703474936184,"time":"2023-12-25T05:43:43.540Z"}},{"iob":0.097,"basaliob":-0.133,"bolussnooze":0,"activity":0.0014,"lastBolusTime":1703474936184,"time":"2023-12-25T05:48:43.540Z","iobWithZeroTemp":{"iob":-1.503,"basaliob":-1.733,"bolussnooze":0,"activity":-0.0115,"lastBolusTime":1703474936184,"time":"2023-12-25T05:48:43.540Z"}},{"iob":0.089,"basaliob":-0.123,"bolussnooze":0,"activity":0.0014,"lastBolusTime":1703474936184,"time":"2023-12-25T05:53:43.540Z","iobWithZeroTemp":{"iob":-1.537,"basaliob":-1.749,"bolussnooze":0,"activity":-0.0119,"lastBolusTime":1703474936184,"time":"2023-12-25T05:53:43.540Z"}},{"iob":0.083,"basaliob":-0.113,"bolussnooze":0,"activity":0.0013,"lastBolusTime":1703474936184,"time":"2023-12-25T05:58:43.540Z","iobWithZeroTemp":{"iob":-1.568,"basaliob":-1.764,"bolussnooze":0,"activity":-0.0124,"lastBolusTime":1703474936184,"time":"2023-12-25T05:58:43.540Z"}},{"iob":0.077,"basaliob":-0.105,"bolussnooze":0,"activity":0.0012,"lastBolusTime":1703474936184,"time":"2023-12-25T06:03:43.540Z","iobWithZeroTemp":{"iob":-1.588,"basaliob":-1.77,"bolussnooze":0,"activity":-0.0128,"lastBolusTime":1703474936184,"time":"2023-12-25T06:03:43.540Z"}},{"iob":0.071,"basaliob":-0.097,"bolussnooze":0,"activity":0.0011,"lastBolusTime":1703474936184,"time":"2023-12-25T06:08:43.540Z","iobWithZeroTemp":{"iob":-1.606,"basaliob":-1.774,"bolussnooze":0,"activity":-0.0132,"lastBolusTime":1703474936184,"time":"2023-12-25T06:08:43.540Z"}},{"iob":0.066,"basaliob":-0.089,"bolussnooze":0,"activity":0.0011,"lastBolusTime":1703474936184,"time":"2023-12-25T06:13:43.540Z","iobWithZeroTemp":{"iob":-1.623,"basaliob":-1.778,"bolussnooze":0,"activity":-0.0134,"lastBolusTime":1703474936184,"time":"2023-12-25T06:13:43.540Z"}},{"iob":0.061,"basaliob":-0.082,"bolussnooze":0,"activity":0.001,"lastBolusTime":1703474936184,"time":"2023-12-25T06:18:43.540Z","iobWithZeroTemp":{"iob":-1.638,"basaliob":-1.781,"bolussnooze":0,"activity":-0.0138,"lastBolusTime":1703474936184,"time":"2023-12-25T06:18:43.540Z"}},{"iob":0.055,"basaliob":-0.076,"bolussnooze":0,"activity":9.0E-4,"lastBolusTime":1703474936184,"time":"2023-12-25T06:23:43.540Z","iobWithZeroTemp":{"iob":-1.652,"basaliob":-1.783,"bolussnooze":0,"activity":-0.0141,"lastBolusTime":1703474936184,"time":"2023-12-25T06:23:43.540Z"}},{"iob":0.051,"basaliob":-0.07,"bolussnooze":0,"activity":8.0E-4,"lastBolusTime":1703474936184,"time":"2023-12-25T06:28:43.540Z","iobWithZeroTemp":{"iob":-1.664,"basaliob":-1.785,"bolussnooze":0,"activity":-0.0144,"lastBolusTime":1703474936184,"time":"2023-12-25T06:28:43.540Z"}},{"iob":0.047,"basaliob":-0.064,"bolussnooze":0,"activity":8.0E-4,"lastBolusTime":1703474936184,"time":"2023-12-25T06:33:43.540Z","iobWithZeroTemp":{"iob":-1.675,"basaliob":-1.786,"bolussnooze":0,"activity":-0.0145,"lastBolusTime":1703474936184,"time":"2023-12-25T06:33:43.540Z"}},{"iob":0.043,"basaliob":-0.059,"bolussnooze":0,"activity":7.0E-4,"lastBolusTime":1703474936184,"time":"2023-12-25T06:38:43.540Z","iobWithZeroTemp":{"iob":-1.685,"basaliob":-1.787,"bolussnooze":0,"activity":-0.0148,"lastBolusTime":1703474936184,"time":"2023-12-25T06:38:43.540Z"}},{"iob":0.04,"basaliob":-0.054,"bolussnooze":0,"activity":7.0E-4,"lastBolusTime":1703474936184,"time":"2023-12-25T06:43:43.540Z","iobWithZeroTemp":{"iob":-1.693,"basaliob":-1.787,"bolussnooze":0,"activity":-0.0149,"lastBolusTime":1703474936184,"time":"2023-12-25T06:43:43.540Z"}},{"iob":0.037,"basaliob":-0.05,"bolussnooze":0,"activity":6.0E-4,"lastBolusTime":1703474936184,"time":"2023-12-25T06:48:43.540Z","iobWithZeroTemp":{"iob":-1.701,"basaliob":-1.788,"bolussnooze":0,"activity":-0.0152,"lastBolusTime":1703474936184,"time":"2023-12-25T06:48:43.540Z"}},{"iob":0.033,"basaliob":-0.046,"bolussnooze":0,"activity":6.0E-4,"lastBolusTime":1703474936184,"time":"2023-12-25T06:53:43.540Z","iobWithZeroTemp":{"iob":-1.709,"basaliob":-1.788,"bolussnooze":0,"activity":-0.0153,"lastBolusTime":1703474936184,"time":"2023-12-25T06:53:43.540Z"}},{"iob":0.031,"basaliob":-0.042,"bolussnooze":0,"activity":6.0E-4,"lastBolusTime":1703474936184,"time":"2023-12-25T06:58:43.540Z","iobWithZeroTemp":{"iob":-1.715,"basaliob":-1.788,"bolussnooze":0,"activity":-0.0154,"lastBolusTime":1703474936184,"time":"2023-12-25T06:58:43.540Z"}},{"iob":0.029,"basaliob":-0.038,"bolussnooze":0,"activity":5.0E-4,"lastBolusTime":1703474936184,"time":"2023-12-25T07:03:43.540Z","iobWithZeroTemp":{"iob":-1.716,"basaliob":-1.783,"bolussnooze":0,"activity":-0.0156,"lastBolusTime":1703474936184,"time":"2023-12-25T07:03:43.540Z"}},{"iob":0.026,"basaliob":-0.035,"bolussnooze":0,"activity":5.0E-4,"lastBolusTime":1703474936184,"time":"2023-12-25T07:08:43.540Z","iobWithZeroTemp":{"iob":-1.717,"basaliob":-1.778,"bolussnooze":0,"activity":-0.0156,"lastBolusTime":1703474936184,"time":"2023-12-25T07:08:43.540Z"}},{"iob":0.024,"basaliob":-0.032,"bolussnooze":0,"activity":4.0E-4,"lastBolusTime":1703474936184,"time":"2023-12-25T07:13:43.540Z","iobWithZeroTemp":{"iob":-1.717,"basaliob":-1.773,"bolussnooze":0,"activity":-0.0158,"lastBolusTime":1703474936184,"time":"2023-12-25T07:13:43.540Z"}},{"iob":0.022,"basaliob":-0.029,"bolussnooze":0,"activity":4.0E-4,"lastBolusTime":1703474936184,"time":"2023-12-25T07:18:43.540Z","iobWithZeroTemp":{"iob":-1.717,"basaliob":-1.768,"bolussnooze":0,"activity":-0.0158,"lastBolusTime":1703474936184,"time":"2023-12-25T07:18:43.540Z"}},{"iob":0.02,"basaliob":-0.027,"bolussnooze":0,"activity":3.0E-4,"lastBolusTime":1703474936184,"time":"2023-12-25T07:23:43.540Z","iobWithZeroTemp":{"iob":-1.716,"basaliob":-1.763,"bolussnooze":0,"activity":-0.016,"lastBolusTime":1703474936184,"time":"2023-12-25T07:23:43.540Z"}},{"iob":0.019,"basaliob":-0.024,"bolussnooze":0,"activity":4.0E-4,"lastBolusTime":1703474936184,"time":"2023-12-25T07:28:43.540Z","iobWithZeroTemp":{"iob":-1.715,"basaliob":-1.758,"bolussnooze":0,"activity":-0.0159,"lastBolusTime":1703474936184,"time":"2023-12-25T07:28:43.540Z"}},{"iob":0.017,"basaliob":-0.022,"bolussnooze":0,"activity":3.0E-4,"lastBolusTime":1703474936184,"time":"2023-12-25T07:33:43.540Z","iobWithZeroTemp":{"iob":-1.714,"basaliob":-1.753,"bolussnooze":0,"activity":-0.016,"lastBolusTime":1703474936184,"time":"2023-12-25T07:33:43.540Z"}},{"iob":0.016,"basaliob":-0.02,"bolussnooze":0,"activity":3.0E-4,"lastBolusTime":1703474936184,"time":"2023-12-25T07:38:43.540Z","iobWithZeroTemp":{"iob":-1.713,"basaliob":-1.749,"bolussnooze":0,"activity":-0.016,"lastBolusTime":1703474936184,"time":"2023-12-25T07:38:43.540Z"}}],"profile":{"max_iob":15,"type":"current","max_daily_basal":1.2,"max_basal":3.59,"min_bg":99,"max_bg":99,"target_bg":99,"carb_ratio":5.7142857142857135,"sens":30.857142857142854,"max_daily_safety_multiplier":3,"current_basal_safety_multiplier":4,"high_temptarget_raises_sensitivity":false,"low_temptarget_lowers_sensitivity":false,"sensitivity_raises_target":true,"resistance_lowers_target":true,"adv_target_adjustments":false,"exercise_mode":false,"half_basal_exercise_target":160,"maxCOB":120,"skip_neutral_temps":false,"remainingCarbsCap":90,"enableUAM":true,"A52_risk_enable":false,"SMBInterval":3,"enableSMB_with_COB":true,"enableSMB_with_temptarget":true,"allowSMB_with_high_temptarget":false,"enableSMB_always":false,"enableSMB_after_carbs":true,"maxSMBBasalMinutes":80,"maxUAMSMBBasalMinutes":60,"bolus_increment":0.05,"carbsReqThreshold":10,"current_basal":1.2,"temptargetSet":false,"autosens_max":1.2,"out_units":"mmol\/L"},"autosens_data":{"ratio":1},"meal_data":{"carbs":6,"mealCOB":0,"slopeFromMaxDeviation":-0.6049999999999999,"slopeFromMinDeviation":0.6027142857142858,"lastBolusTime":1703474936184,"lastCarbTime":1703456187000},"microBolusAllowed":true,"currentTime":1703475825946,"flatBGsDetected":false},"output":{"temp":"absolute","bg":114,"tick":"+4","eventualBG":119,"targetBG":99,"insulinReq":0.32,"deliverAt":"2023-12-25T03:43:45.946Z","sensitivityRatio":1,"predBGs":{"IOB":[114,116,119,120,122,123,124,125,126,126,126,126,125,125,124,124,124,123,123,122,122,122,121,121,121,121,120,120,120,120,120,119,119,119,119,119,119,119,119,119,118],"ZT":[114,113,113,112,111,111,111,110,110,110,110,110,110,111,111],"UAM":[114,116,118,119,119,119,118,117,117,116,116,115,115,114,114,113,113,112,112,112,111,111,111,110,110,110,110,109,109,109,109,109,109,108,108,108,108,108,108,108,108,108,108,108,107]},"COB":0,"IOB":0.481,"reason":"COB: 0, Dev: 1.1, BGI: 0.0, ISF: 1.7, CR: 5.71, Target: 5.5, minPredBG 6.1, minGuardBG 5.9, IOBpredBG 6.6, UAMpredBG 5.9; Eventual BG 6.6 >= 5.5,  insulinReq 0.32. Microbolusing 0.15U. temp 0.36 < 1.84U\/hr. ","units":0.15,"duration":30,"rate":1.8399999999999999,"timestamp":"2023-12-25T03:43:46.040Z"}}