{"algorithm":"OpenAPSSMBPlugin","input":{"glucoseStatus":{"glucose":97,"noise":0,"delta":1,"short_avgdelta":0.72,"long_avgdelta":0.82,"date":1703401391000},"currenttemp":{"temp":"absolute","duration":25,"rate":1.3975,"minutesrunning":5},"iob_data":[{"iob":-0.121,"basaliob":-0.145,"bolussnooze":0,"activity":-0.0025,"lastBolusTime":1703384655685,"time":"2023-12-24T07:03:42.124Z","iobWithZeroTemp":{"iob":-0.121,"basaliob":-0.145,"bolussnooze":0,"activity":-0.0025,"lastBolusTime":1703384655685,"time":"2023-12-24T07:03:42.124Z"}},{"iob":-0.109,"basaliob":-0.131,"bolussnooze":0,"activity":-0.0023,"lastBolusTime":1703384655685,"time":"2023-12-24T07:08:42.124Z","iobWithZeroTemp":{"iob":-0.172,"basaliob":-0.194,"bolussnooze":0,"activity":-0.0023,"lastBolusTime":1703384655685,"time":"2023-12-24T07:08:42.124Z"}},{"iob":-0.098,"basaliob":-0.118,"bolussnooze":0,"activity":-0.0021,"lastBolusTime":1703384655685,"time":"2023-12-24T07:13:42.124Z","iobWithZeroTemp":{"iob":-0.239,"basaliob":-0.259,"bolussnooze":0,"activity":-0.0023,"lastBolusTime":1703384655685,"time":"2023-12-24T07:13:42.124Z"}},{"iob":-0.088,"basaliob":-0.106,"bolussnooze":0,"activity":-0.0019,"lastBolusTime":1703384655685,"time":"2023-12-24T07:18:42.124Z","iobWithZeroTemp":{"iob":-0.306,"basaliob":-0.324,"bolussnooze":0,"activity":-0.0023,"lastBolusTime":1703384655685,"time":"2023-12-24T07:18:42.124Z"}},{"iob":-0.08,"basaliob":-0.096,"bolussnooze":0,"activity":-0.0017,"lastBolusTime":1703384655685,"time":"2023-12-24T07:23:42.124Z","iobWithZeroTemp":{"iob":-0.374,"basaliob":-0.39,"bolussnooze":0,"activity":-0.0025,"lastBolusTime":1703384655685,"time":"2023-12-24T07:23:42.124Z"}},{"iob":-0.071,"basaliob":-0.086,"bolussnooze":0,"activity":-0.0015,"lastBolusTime":1703384655685,"time":"2023-12-24T07:28:42.124Z","iobWithZeroTemp":{"iob":-0.439,"basaliob":-0.454,"bolussnooze":0,"activity":-0.0027,"lastBolusTime":1703384655685,"time":"2023-12-24T07:28:42.124Z"}},{"iob":-0.064,"basaliob":-0.077,"bolussnooze":0,"activity":-0.0014,"lastBolusTime":1703384655685,"time":"2023-12-24T07:33:42.124Z","iobWithZeroTemp":{"iob":-0.504,"basaliob":-0.517,"bolussnooze":0,"activity":-0.003,"lastBolusTime":1703384655685,"time":"2023-12-24T07:33:42.124Z"}},{"iob":-0.057,"basaliob":-0.069,"bolussnooze":0,"activity":-0.0013,"lastBolusTime":1703384655685,"time":"2023-12-24T07:38:42.124Z","iobWithZeroTemp":{"iob":-0.567,"basaliob":-0.579,"bolussnooze":0,"activity":-0.0034,"lastBolusTime":1703384655685,"time":"2023-12-24T07:38:42.124Z"}},{"iob":-0.051,"basaliob":-0.062,"bolussnooze":0,"activity":-0.0012,"lastBolusTime":1703384655685,"time":"2023-12-24T07:43:42.124Z","iobWithZeroTemp":{"iob":-0.628,"basaliob":-0.639,"bolussnooze":0,"activity":-0.0038,"lastBolusTime":1703384655685,"time":"2023-12-24T07:43:42.124Z"}},{"iob":-0.045,"basaliob":-0.055,"bolussnooze":0,"activity":-0.001,"lastBolusTime":1703384655685,"time":"2023-12-24T07:48:42.124Z","iobWithZeroTemp":{"iob":-0.687,"basaliob":-0.697,"bolussnooze":0,"activity":-0.0041,"lastBolusTime":1703384655685,"time":"2023-12-24T07:48:42.124Z"}},{"iob":-0.04,"basaliob":-0.049,"bolussnooze":0,"activity":-9.0E-4,"lastBolusTime":1703384655685,"time":"2023-12-24T07:53:42.124Z","iobWithZeroTemp":{"iob":-0.744,"basaliob":-0.753,"bolussnooze":0,"activity":-0.0045,"lastBolusTime":1703384655685,"time":"2023-12-24T07:53:42.124Z"}},{"iob":-0.036,"basaliob":-0.044,"bolussnooze":0,"activity":-8.0E-4,"lastBolusTime":1703384655685,"time":"2023-12-24T07:58:42.124Z","iobWithZeroTemp":{"iob":-0.799,"basaliob":-0.807,"bolussnooze":0,"activity":-0.005,"lastBolusTime":1703384655685,"time":"2023-12-24T07:58:42.124Z"}},{"iob":-0.032,"basaliob":-0.039,"bolussnooze":0,"activity":-7.0E-4,"lastBolusTime":1703384655685,"time":"2023-12-24T08:03:42.124Z","iobWithZeroTemp":{"iob":-0.848,"basaliob":-0.855,"bolussnooze":0,"activity":-0.0054,"lastBolusTime":1703384655685,"time":"2023-12-24T08:03:42.124Z"}},{"iob":-0.028,"basaliob":-0.035,"bolussnooze":0,"activity":-7.0E-4,"lastBolusTime":1703384655685,"time":"2023-12-24T08:08:42.124Z","iobWithZeroTemp":{"iob":-0.894,"basaliob":-0.901,"bolussnooze":0,"activity":-0.0059,"lastBolusTime":1703384655685,"time":"2023-12-24T08:08:42.124Z"}},{"iob":-0.025,"basaliob":-0.031,"bolussnooze":0,"activity":-6.0E-4,"lastBolusTime":1703384655685,"time":"2023-12-24T08:13:42.124Z","iobWithZeroTemp":{"iob":-0.939,"basaliob":-0.945,"bolussnooze":0,"activity":-0.0063,"lastBolusTime":1703384655685,"time":"2023-12-24T08:13:42.124Z"}},{"iob":-0.023,"basaliob":-0.028,"bolussnooze":0,"activity":-6.0E-4,"lastBolusTime":1703384655685,"time":"2023-12-24T08:18:42.124Z","iobWithZeroTemp":{"iob":-0.982,"basaliob":-0.987,"bolussnooze":0,"activity":-0.0069,"lastBolusTime":1703384655685,"time":"2023-12-24T08:18:42.124Z"}},{"iob":-0.02,"basaliob":-0.025,"bolussnooze":0,"activity":-5.0E-4,"lastBolusTime":1703384655685,"time":"2023-12-24T08:23:42.124Z","iobWithZeroTemp":{"iob":-1.021,"basaliob":-1.026,"bolussnooze":0,"activity":-0.0072,"lastBolusTime":1703384655685,"time":"2023-12-24T08:23:42.124Z"}},{"iob":-0.018,"basaliob":-0.022,"bolussnooze":0,"activity":-4.0E-4,"lastBolusTime":1703384655685,"time":"2023-12-24T08:28:42.124Z","iobWithZeroTemp":{"iob":-1.059,"basaliob":-1.063,"bolussnooze":0,"activity":-0.0076,"lastBolusTime":1703384655685,"time":"2023-12-24T08:28:42.124Z"}},{"iob":-0.015,"basaliob":-0.019,"bolussnooze":0,"activity":-4.0E-4,"lastBolusTime":1703384655685,"time":"2023-12-24T08:33:42.124Z","iobWithZeroTemp":{"iob":-1.094,"basaliob":-1.098,"bolussnooze":0,"activity":-0.0081,"lastBolusTime":1703384655685,"time":"2023-12-24T08:33:42.124Z"}},{"iob":-0.014,"basaliob":-0.017,"bolussnooze":0,"activity":-3.0E-4,"lastBolusTime":1703384655685,"time":"2023-12-24T08:38:42.124Z","iobWithZeroTemp":{"iob":-1.129,"basaliob":-1.132,"bolussnooze":0,"activity":-0.0084,"lastBolusTime":1703384655685,"time":"2023-12-24T08:38:42.124Z"}},{"iob":-0.012,"basaliob":-0.015,"bolussnooze":0,"activity":-3.0E-4,"lastBolusTime":1703384655685,"time":"2023-12-24T08:43:42.124Z","iobWithZeroTemp":{"iob":-1.16,"basaliob":-1.163,"bolussnooze":0,"activity":-0.0088,"lastBolusTime":1703384655685,"time":"2023-12-24T08:43:42.124Z"}},{"iob":-0.01,"basaliob":-0.013,"bolussnooze":0,"activity":-2.0E-4,"lastBolusTime":1703384655685,"time":"2023-12-24T08:48:42.124Z","iobWithZeroTemp":{"iob":-1.19,"basaliob":-1.193,"bolussnooze":0,"activity":-0.0091,"lastBolusTime":1703384655685,"time":"2023-12-24T08:48:42.124Z"}},{"iob":-0.009,"basaliob":-0.011,"bolussnooze":0,"activity":-2.0E-4,"lastBolusTime":1703384655685,"time":"2023-12-24T08:53:42.124Z","iobWithZeroTemp":{"iob":-1.218,"basaliob":-1.22,"bolussnooze":0,"activity":-0.0095,"lastBolusTime":1703384655685,"time":"2023-12-24T08:53:42.124Z"}},{"iob":-0.008,"basaliob":-0.01,"bolussnooze":0,"activity":-2.0E-4,"lastBolusTime":1703384655685,"time":"2023-12-24T08:58:42.124Z","iobWithZeroTemp":{"iob":-1.245,"basaliob":-1.247,"bolussnooze":0,"activity":-0.0099,"lastBolusTime":1703384655685,"time":"2023-12-24T08:58:42.124Z"}},{"iob":-0.006,"basaliob":-0.008,"bolussnooze":0,"activity":-2.0E-4,"lastBolusTime":1703384655685,"time":"2023-12-24T09:03:42.124Z","iobWithZeroTemp":{"iob":-1.264,"basaliob":-1.266,"bolussnooze":0,"activity":-0.0102,"lastBolusTime":1703384655685,"time":"2023-12-24T09:03:42.124Z"}},{"iob":-0.005,"basaliob":-0.007,"bolussnooze":0,"activity":-2.0E-4,"lastBolusTime":1703384655685,"time":"2023-12-24T09:08:42.124Z","iobWithZeroTemp":{"iob":-1.283,"basaliob":-1.285,"bolussnooze":0,"activity":-0.0105,"lastBolusTime":1703384655685,"time":"2023-12-24T09:08:42.124Z"}},{"iob":-0.005,"basaliob":-0.006,"bolussnooze":0,"activity":-2.0E-4,"lastBolusTime":1703384655685,"time":"2023-12-24T09:13:42.124Z","iobWithZeroTemp":{"iob":-1.302,"basaliob":-1.303,"bolussnooze":0,"activity":-0.0108,"lastBolusTime":1703384655685,"time":"2023-12-24T09:13:42.124Z"}},{"iob":-0.004,"basaliob":-0.005,"bolussnooze":0,"activity":-2.0E-4,"lastBolusTime":1703384655685,"time":"2023-12-24T09:18:42.124Z","iobWithZeroTemp":{"iob":-1.318,"basaliob":-1.319,"bolussnooze":0,"activity":-0.0111,"lastBolusTime":1703384655685,"time":"2023-12-24T09:18:42.124Z"}},{"iob":-0.004,"basaliob":-0.005,"bolussnooze":0,"activity":-1.0E-4,"lastBolusTime":1703384655685,"time":"2023-12-24T09:23:42.124Z","iobWithZeroTemp":{"iob":-1.334,"basaliob":-1.335,"bolussnooze":0,"activity":-0.0113,"lastBolusTime":1703384655685,"time":"2023-12-24T09:23:42.124Z"}},{"iob":-0.003,"basaliob":-0.004,"bolussnooze":0,"activity":-1.0E-4,"lastBolusTime":1703384655685,"time":"2023-12-24T09:28:42.124Z","iobWithZeroTemp":{"iob":-1.347,"basaliob":-1.348,"bolussnooze":0,"activity":-0.0115,"lastBolusTime":1703384655685,"time":"2023-12-24T09:28:42.124Z"}},{"iob":-0.002,"basaliob":-0.003,"bolussnooze":0,"activity":-1.0E-4,"lastBolusTime":1703384655685,"time":"2023-12-24T09:33:42.124Z","iobWithZeroTemp":{"iob":-1.359,"basaliob":-1.36,"bolussnooze":0,"activity":-0.0117,"lastBolusTime":1703384655685,"time":"2023-12-24T09:33:42.124Z"}},{"iob":-0.002,"basaliob":-0.003,"bolussnooze":0,"activity":-1.0E-4,"lastBolusTime":1703384655685,"time":"2023-12-24T09:38:42.124Z","iobWithZeroTemp":{"iob":-1.372,"basaliob":-1.373,"bolussnooze":0,"activity":-0.0119,"lastBolusTime":1703384655685,"time":"2023-12-24T09:38:42.124Z"}},{"iob":-0.001,"basaliob":-0.002,"bolussnooze":0,"activity":-1.0E-4,"lastBolusTime":1703384655685,"time":"2023-12-24T09:43:42.124Z","iobWithZeroTemp":{"iob":-1.382,"basaliob":-1.383,"bolussnooze":0,"activity":-0.0121,"lastBolusTime":1703384655685,"time":"2023-12-24T09:43:42.124Z"}},{"iob":-0.001,"basaliob":-0.002,"bolussnooze":0,"activity":-1.0E-4,"lastBolusTime":1703384655685,"time":"2023-12-24T09:48:42.124Z","iobWithZeroTemp":{"iob":-1.392,"basaliob":-1.393,"bolussnooze":0,"activity":-0.0123,"lastBolusTime":1703384655685,"time":"2023-12-24T09:48:42.124Z"}},{"iob":-0.001,"basaliob":-0.001,"bolussnooze":0,"activity":-1.0E-4,"lastBolusTime":1703384655685,"time":"2023-12-24T09:53:42.124Z","iobWithZeroTemp":{"iob":-1.402,"basaliob":-1.402,"bolussnooze":0,"activity":-0.0125,"lastBolusTime":1703384655685,"time":"2023-12-24T09:53:42.124Z"}},{"iob":-0.001,"basaliob":-0.001,"bolussnooze":0,"activity":-1.0E-4,"lastBolusTime":1703384655685,"time":"2023-12-24T09:58:42.124Z","iobWithZeroTemp":{"iob":-1.411,"basaliob":-1.411,"bolussnooze":0,"activity":-0.0126,"lastBolusTime":1703384655685,"time":"2023-12-24T09:58:42.124Z"}},{"iob":-0.001,"basaliob":-0.001,"bolussnooze":0,"activity":-1.0E-4,"lastBolusTime":1703384655685,"time":"2023-12-24T10:03:42.124Z","iobWithZeroTemp":{"iob":-1.419,"basaliob":-1.419,"bolussnooze":0,"activity":-0.0127,"lastBolusTime":1703384655685,"time":"2023-12-24T10:03:42.124Z"}},{"iob":0,"basaliob":0,"bolussnooze":0,"activity":0,"lastBolusTime":1703384655685,"time":"2023-12-24T10:08:42.124Z","iobWithZeroTemp":{"iob":-1.425,"basaliob":-1.425,"bolussnooze":0,"activity":-0.0128,"lastBolusTime":1703384655685,"time":"2023-12-24T10:08:42.124Z"}},{"iob":0,"basaliob":0,"bolussnooze":0,"activity":0,"lastBolusTime":1703384655685,"time":"2023-12-24T10:13:42.124Z","iobWithZeroTemp":{"iob":-1.432,"basaliob":-1.432,"bolussnooze":0,"activity":-0.0129,"lastBolusTime":1703384655685,"time":"2023-12-24T10:13:42.124Z"}},{"iob":0,"basaliob":0,"bolussnooze":0,"activity":0,"lastBolusTime":1703384655685,"time":"2023-12-24T10:18:42.124Z","iobWithZeroTemp":{"iob":-1.438,"basaliob":-1.438,"bolussnooze":0,"activity":-0.013,"lastBolusTime":1703384655685,"time":"2023-12-24T10:18:42.124Z"}},{"iob":0,"basaliob":0,"bolussnooze":0,"activity":0,"lastBolusTime":1703384655685,"time":"2023-12-24T10:23:42.124Z","iobWithZeroTemp":{"iob":-1.444,"basaliob":-1.444,"bolussnooze":0,"activity":-0.0131,"lastBolusTime":1703384655685,"time":"2023-12-24T10:23:42.124Z"}},{"iob":0,"basaliob":0,"bolussnooze":0,"activity":0,"lastBolusTime":1703384655685,"time":"2023-12-24T10:28:42.124Z","iobWithZeroTemp":{"iob":-1.449,"basaliob":-1.449,"bolussnooze":0,"activity":-0.0132,"lastBolusTime":1703384655685,"time":"2023-12-24T10:28:42.124Z"}},{"iob":0,"basaliob":0,"bolussnooze":0,"activity":0,"lastBolusTime":1703384655685,"time":"2023-12-24T10:33:42.124Z","iobWithZeroTemp":{"iob":-1.453,"basaliob":-1.453,"bolussnooze":0,"activity":-0.0133,"lastBolusTime":1703384655685,"time":"2023-12-24T10:33:42.124Z"}},{"iob":0,"basaliob":0,"bolussnooze":0,"activity":0,"lastBolusTime":1703384655685,"time":"2023-12-24T10:38:42.124Z","iobWithZeroTemp":{"iob":-1.458,"basaliob":-1.458,"bolussnooze":0,"activity":-0.0134,"lastBolusTime":1703384655685,"time":"2023-12-24T10:38:42.124Z"}},{"iob":0,"basaliob":0,"bolussnooze":0,"activity":0,"lastBolusTime":1703384655685,"time":"2023-12-24T10:43:42.124Z","iobWithZeroTemp":{"iob":-1.462,"basaliob":-1.462,"bolussnooze":0,"activity":-0.0134,"lastBolusTime":1703384655685,"time":"2023-12-24T10:43:42.124Z"}},{"iob":0.001,"basaliob":0.001,"bolussnooze":0,"activity":0,"lastBolusTime":1703384655685,"time":"2023-12-24T10:48:42.124Z","iobWithZeroTemp":{"iob":-1.464,"basaliob":-1.464,"bolussnooze":0,"activity":-0.0135,"lastBolusTime":1703384655685,"time":"2023-12-24T10:48:42.124Z"}},{"iob":0.001,"basaliob":0.001,"bolussnooze":0,"activity":0,"lastBolusTime":1703384655685,"time":"2023-12-24T10:53:42.124Z","iobWithZeroTemp":{"iob":-1.468,"basaliob":-1.468,"bolussnooze":0,"activity":-0.0136,"lastBolusTime":1703384655685,"time":"2023-12-24T10:53:42.124Z"}},{"iob":0.001,"basaliob":0.001,"bolussnooze":0,"activity":0,"lastBolusTime":1703384655685,"time":"2023-12-24T10:58:42.124Z","iobWithZeroTemp":{"iob":-1.47,"basaliob":-1.47,"bolussnooze":0,"activity":-0.0136,"lastBolusTime":1703384655685,"time":"2023-12-24T10:58:42.124Z"}}],"profile":{"max_iob":15,"type":"current","max_daily_basal":1.2,"max_basal":3.59,"min_bg":99,"max_bg":99,"target_bg":99,"carb_ratio":4.285714285714286,"sens":20.57142857142857,"max_daily_safety_multiplier":3,"current_basal_safety_multiplier":4,"high_temptarget_raises_sensitivity":false,"low_temptarget_lowers_sensitivity":false,"sensitivity_raises_target":true,"resistance_lowers_target":true,"adv_target_adjustments":false,"exercise_mode":false,"half_basal_exercise_target":160,"maxCOB":120,"skip_neutral_temps":false,"remainingCarbsCap":90,"enableUAM":true,"A52_risk_enable":false,"SMBInterval":3,"enableSMB_with_COB":true,"enableSMB_with_temptarget":true,"allowSMB_with_high_temptarget":false,"enableSMB_always":false,"enableSMB_after_carbs":true,"maxSMBBasalMinutes":80,"maxUAMSMBBasalMinutes":60,"bolus_increment":0.05,"carbsReqThreshold":10,"current_basal":0.95,"temptargetSet":false,"autosens_max":1.2,"out_units":"mmol\/L"},"autosens_data":{"ratio":1},"meal_data":{"carbs":0,"mealCOB":0,"slopeFromMaxDeviation":-0.30200000000000005,"slopeFromMinDeviation":0.2102222222222222,"lastBolusTime":1703384655685,"lastCarbTime":0},"microBolusAllowed":true,"currentTime":1703401424188,"flatBGsDetected":false},"output":{"temp":"absolute","bg":97,"tick":"+1","eventualBG":102,"targetBG":99,"insulinReq":0.1,"deliverAt":"2023-12-24T07:03:44.188Z","sensitivityRatio":1,"predBGs":{"IOB":[97,98,98,99,100,100,100,101,101,101,101,102,102],"ZT":[97,97,98,98,98,98,99,99,99,100,100,100,101,102,102,103,103],"UAM":[97,97,98,98,98,98,98,99,99,99,99,99,99,99,99,99,99,99,99,100]},"COB":0,"IOB":-0.121,"reason":"COB: 0, Dev: 0.2, BGI: 0.0, ISF: 1.1, CR: 4.29, Target: 5.5, minPredBG 5.6, minGuardBG 5.4, IOBpredBG 5.7, UAMpredBG 5.6; Eventual BG 5.7 >= 5.5, temp 1.40 >~ req 1.15U\/hr. ","timestamp":"2023-12-24T07:03:44.360Z"}}