{"algorithm":"OpenAPSSMBPlugin","input":{"glucoseStatus":{"glucose":204,"noise":0,"delta":-5,"short_avgdelta":-4.22,"long_avgdelta":-2.37,"date":1703368689000},"currenttemp":{"temp":"absolute","duration":37,"rate":0,"minutesrunning":23},"iob_data":[{"iob":5.575,"basaliob":-1.329,"bolussnooze":4.0E-4,"activity":0.0652,"lastBolusTime":1703366356569,"time":"2023-12-23T22:02:08.666Z","iobWithZeroTemp":{"iob":5.575,"basaliob":-1.329,"bolussnooze":4.0E-4,"activity":0.0652,"lastBolusTime":1703366356569,"time":"2023-12-23T22:02:08.666Z"}},{"iob":5.254,"basaliob":-1.27,"bolussnooze":2.0E-4,"activity":0.063,"lastBolusTime":1703366356569,"time":"2023-12-23T22:07:08.666Z","iobWithZeroTemp":{"iob":5.201,"basaliob":-1.323,"bolussnooze":2.0E-4,"activity":0.063,"lastBolusTime":1703366356569,"time":"2023-12-23T22:07:08.666Z"}},{"iob":4.945,"basaliob":-1.211,"bolussnooze":1.0E-4,"activity":0.0606,"lastBolusTime":1703366356569,"time":"2023-12-23T22:12:08.666Z","iobWithZeroTemp":{"iob":4.825,"basaliob":-1.331,"bolussnooze":1.0E-4,"activity":0.0604,"lastBolusTime":1703366356569,"time":"2023-12-23T22:12:08.666Z"}},{"iob":4.648,"basaliob":-1.152,"bolussnooze":0,"activity":0.0581,"lastBolusTime":1703366356569,"time":"2023-12-23T22:17:08.666Z","iobWithZeroTemp":{"iob":4.463,"basaliob":-1.337,"bolussnooze":0,"activity":0.0577,"lastBolusTime":1703366356569,"time":"2023-12-23T22:17:08.666Z"}},{"iob":4.364,"basaliob":-1.094,"bolussnooze":0,"activity":0.0556,"lastBolusTime":1703366356569,"time":"2023-12-23T22:22:08.666Z","iobWithZeroTemp":{"iob":4.115,"basaliob":-1.343,"bolussnooze":0,"activity":0.0549,"lastBolusTime":1703366356569,"time":"2023-12-23T22:22:08.666Z"}},{"iob":4.093,"basaliob":-1.037,"bolussnooze":0,"activity":0.053,"lastBolusTime":1703366356569,"time":"2023-12-23T22:27:08.666Z","iobWithZeroTemp":{"iob":3.781,"basaliob":-1.349,"bolussnooze":0,"activity":0.052,"lastBolusTime":1703366356569,"time":"2023-12-23T22:27:08.666Z"}},{"iob":3.834,"basaliob":-0.981,"bolussnooze":0,"activity":0.0505,"lastBolusTime":1703366356569,"time":"2023-12-23T22:32:08.666Z","iobWithZeroTemp":{"iob":3.461,"basaliob":-1.354,"bolussnooze":0,"activity":0.0492,"lastBolusTime":1703366356569,"time":"2023-12-23T22:32:08.666Z"}},{"iob":3.588,"basaliob":-0.927,"bolussnooze":0,"activity":0.048,"lastBolusTime":1703366356569,"time":"2023-12-23T22:37:08.666Z","iobWithZeroTemp":{"iob":3.156,"basaliob":-1.359,"bolussnooze":0,"activity":0.0463,"lastBolusTime":1703366356569,"time":"2023-12-23T22:37:08.666Z"}},{"iob":3.355,"basaliob":-0.874,"bolussnooze":0,"activity":0.0455,"lastBolusTime":1703366356569,"time":"2023-12-23T22:42:08.666Z","iobWithZeroTemp":{"iob":2.867,"basaliob":-1.362,"bolussnooze":0,"activity":0.0433,"lastBolusTime":1703366356569,"time":"2023-12-23T22:42:08.666Z"}},{"iob":3.132,"basaliob":-0.824,"bolussnooze":0,"activity":0.0431,"lastBolusTime":1703366356569,"time":"2023-12-23T22:47:08.666Z","iobWithZeroTemp":{"iob":2.589,"basaliob":-1.367,"bolussnooze":0,"activity":0.0405,"lastBolusTime":1703366356569,"time":"2023-12-23T22:47:08.666Z"}},{"iob":2.923,"basaliob":-0.775,"bolussnooze":0,"activity":0.0407,"lastBolusTime":1703366356569,"time":"2023-12-23T22:52:08.666Z","iobWithZeroTemp":{"iob":2.327,"basaliob":-1.371,"bolussnooze":0,"activity":0.0376,"lastBolusTime":1703366356569,"time":"2023-12-23T22:52:08.666Z"}},{"iob":2.725,"basaliob":-0.728,"bolussnooze":0,"activity":0.0384,"lastBolusTime":1703366356569,"time":"2023-12-23T22:57:08.666Z","iobWithZeroTemp":{"iob":2.079,"basaliob":-1.374,"bolussnooze":0,"activity":0.0349,"lastBolusTime":1703366356569,"time":"2023-12-23T22:57:08.666Z"}},{"iob":2.538,"basaliob":-0.683,"bolussnooze":0,"activity":0.0362,"lastBolusTime":1703366356569,"time":"2023-12-23T23:02:08.666Z","iobWithZeroTemp":{"iob":1.844,"basaliob":-1.377,"bolussnooze":0,"activity":0.0322,"lastBolusTime":1703366356569,"time":"2023-12-23T23:02:08.666Z"}},{"iob":2.363,"basaliob":-0.64,"bolussnooze":0,"activity":0.0341,"lastBolusTime":1703366356569,"time":"2023-12-23T23:07:08.666Z","iobWithZeroTemp":{"iob":1.624,"basaliob":-1.379,"bolussnooze":0,"activity":0.0297,"lastBolusTime":1703366356569,"time":"2023-12-23T23:07:08.666Z"}},{"iob":2.196,"basaliob":-0.6,"bolussnooze":0,"activity":0.0322,"lastBolusTime":1703366356569,"time":"2023-12-23T23:12:08.666Z","iobWithZeroTemp":{"iob":1.413,"basaliob":-1.383,"bolussnooze":0,"activity":0.0273,"lastBolusTime":1703366356569,"time":"2023-12-23T23:12:08.666Z"}},{"iob":2.041,"basaliob":-0.561,"bolussnooze":0,"activity":0.0302,"lastBolusTime":1703366356569,"time":"2023-12-23T23:17:08.666Z","iobWithZeroTemp":{"iob":1.217,"basaliob":-1.385,"bolussnooze":0,"activity":0.0249,"lastBolusTime":1703366356569,"time":"2023-12-23T23:17:08.666Z"}},{"iob":1.895,"basaliob":-0.524,"bolussnooze":0,"activity":0.0283,"lastBolusTime":1703366356569,"time":"2023-12-23T23:22:08.666Z","iobWithZeroTemp":{"iob":1.032,"basaliob":-1.387,"bolussnooze":0,"activity":0.0225,"lastBolusTime":1703366356569,"time":"2023-12-23T23:22:08.666Z"}},{"iob":1.758,"basaliob":-0.489,"bolussnooze":0,"activity":0.0265,"lastBolusTime":1703366356569,"time":"2023-12-23T23:27:08.666Z","iobWithZeroTemp":{"iob":0.858,"basaliob":-1.389,"bolussnooze":0,"activity":0.0203,"lastBolusTime":1703366356569,"time":"2023-12-23T23:27:08.666Z"}},{"iob":1.63,"basaliob":-0.456,"bolussnooze":0,"activity":0.0248,"lastBolusTime":1703366356569,"time":"2023-12-23T23:32:08.666Z","iobWithZeroTemp":{"iob":0.695,"basaliob":-1.391,"bolussnooze":0,"activity":0.0182,"lastBolusTime":1703366356569,"time":"2023-12-23T23:32:08.666Z"}},{"iob":1.51,"basaliob":-0.425,"bolussnooze":0,"activity":0.0233,"lastBolusTime":1703366356569,"time":"2023-12-23T23:37:08.666Z","iobWithZeroTemp":{"iob":0.543,"basaliob":-1.392,"bolussnooze":0,"activity":0.0163,"lastBolusTime":1703366356569,"time":"2023-12-23T23:37:08.666Z"}},{"iob":1.397,"basaliob":-0.396,"bolussnooze":0,"activity":0.0217,"lastBolusTime":1703366356569,"time":"2023-12-23T23:42:08.666Z","iobWithZeroTemp":{"iob":0.399,"basaliob":-1.394,"bolussnooze":0,"activity":0.0144,"lastBolusTime":1703366356569,"time":"2023-12-23T23:42:08.666Z"}},{"iob":1.292,"basaliob":-0.368,"bolussnooze":0,"activity":0.0202,"lastBolusTime":1703366356569,"time":"2023-12-23T23:47:08.666Z","iobWithZeroTemp":{"iob":0.265,"basaliob":-1.395,"bolussnooze":0,"activity":0.0125,"lastBolusTime":1703366356569,"time":"2023-12-23T23:47:08.666Z"}},{"iob":1.195,"basaliob":-0.342,"bolussnooze":0,"activity":0.0189,"lastBolusTime":1703366356569,"time":"2023-12-23T23:52:08.666Z","iobWithZeroTemp":{"iob":0.14,"basaliob":-1.397,"bolussnooze":0,"activity":0.0108,"lastBolusTime":1703366356569,"time":"2023-12-23T23:52:08.666Z"}},{"iob":1.103,"basaliob":-0.318,"bolussnooze":0,"activity":0.0176,"lastBolusTime":1703366356569,"time":"2023-12-23T23:57:08.666Z","iobWithZeroTemp":{"iob":0.023,"basaliob":-1.398,"bolussnooze":0,"activity":0.0092,"lastBolusTime":1703366356569,"time":"2023-12-23T23:57:08.666Z"}},{"iob":1.018,"basaliob":-0.295,"bolussnooze":0,"activity":0.0164,"lastBolusTime":1703366356569,"time":"2023-12-24T00:02:08.666Z","iobWithZeroTemp":{"iob":-0.086,"basaliob":-1.399,"bolussnooze":0,"activity":0.0077,"lastBolusTime":1703366356569,"time":"2023-12-24T00:02:08.666Z"}},{"iob":0.938,"basaliob":-0.274,"bolussnooze":0,"activity":0.0153,"lastBolusTime":1703366356569,"time":"2023-12-24T00:07:08.666Z","iobWithZeroTemp":{"iob":-0.193,"basaliob":-1.405,"bolussnooze":0,"activity":0.0063,"lastBolusTime":1703366356569,"time":"2023-12-24T00:07:08.666Z"}},{"iob":0.865,"basaliob":-0.254,"bolussnooze":0,"activity":0.0142,"lastBolusTime":1703366356569,"time":"2023-12-24T00:12:08.666Z","iobWithZeroTemp":{"iob":-0.291,"basaliob":-1.41,"bolussnooze":0,"activity":0.0049,"lastBolusTime":1703366356569,"time":"2023-12-24T00:12:08.666Z"}},{"iob":0.797,"basaliob":-0.235,"bolussnooze":0,"activity":0.0132,"lastBolusTime":1703366356569,"time":"2023-12-24T00:17:08.666Z","iobWithZeroTemp":{"iob":-0.383,"basaliob":-1.415,"bolussnooze":0,"activity":0.0036,"lastBolusTime":1703366356569,"time":"2023-12-24T00:17:08.666Z"}},{"iob":0.734,"basaliob":-0.217,"bolussnooze":0,"activity":0.0122,"lastBolusTime":1703366356569,"time":"2023-12-24T00:22:08.666Z","iobWithZeroTemp":{"iob":-0.468,"basaliob":-1.419,"bolussnooze":0,"activity":0.0024,"lastBolusTime":1703366356569,"time":"2023-12-24T00:22:08.666Z"}},{"iob":0.674,"basaliob":-0.201,"bolussnooze":0,"activity":0.0113,"lastBolusTime":1703366356569,"time":"2023-12-24T00:27:08.666Z","iobWithZeroTemp":{"iob":-0.549,"basaliob":-1.424,"bolussnooze":0,"activity":0.0012,"lastBolusTime":1703366356569,"time":"2023-12-24T00:27:08.666Z"}},{"iob":0.619,"basaliob":-0.186,"bolussnooze":0,"activity":0.0105,"lastBolusTime":1703366356569,"time":"2023-12-24T00:32:08.666Z","iobWithZeroTemp":{"iob":-0.624,"basaliob":-1.429,"bolussnooze":0,"activity":1.0E-4,"lastBolusTime":1703366356569,"time":"2023-12-24T00:32:08.666Z"}},{"iob":0.57,"basaliob":-0.171,"bolussnooze":0,"activity":0.0098,"lastBolusTime":1703366356569,"time":"2023-12-24T00:37:08.666Z","iobWithZeroTemp":{"iob":-0.691,"basaliob":-1.432,"bolussnooze":0,"activity":-8.0E-4,"lastBolusTime":1703366356569,"time":"2023-12-24T00:37:08.666Z"}},{"iob":0.522,"basaliob":-0.158,"bolussnooze":0,"activity":0.009,"lastBolusTime":1703366356569,"time":"2023-12-24T00:42:08.666Z","iobWithZeroTemp":{"iob":-0.756,"basaliob":-1.436,"bolussnooze":0,"activity":-0.0018,"lastBolusTime":1703366356569,"time":"2023-12-24T00:42:08.666Z"}},{"iob":0.479,"basaliob":-0.146,"bolussnooze":0,"activity":0.0083,"lastBolusTime":1703366356569,"time":"2023-12-24T00:47:08.666Z","iobWithZeroTemp":{"iob":-0.816,"basaliob":-1.441,"bolussnooze":0,"activity":-0.0027,"lastBolusTime":1703366356569,"time":"2023-12-24T00:47:08.666Z"}},{"iob":0.439,"basaliob":-0.134,"bolussnooze":0,"activity":0.0077,"lastBolusTime":1703366356569,"time":"2023-12-24T00:52:08.666Z","iobWithZeroTemp":{"iob":-0.871,"basaliob":-1.444,"bolussnooze":0,"activity":-0.0035,"lastBolusTime":1703366356569,"time":"2023-12-24T00:52:08.666Z"}},{"iob":0.402,"basaliob":-0.124,"bolussnooze":0,"activity":0.0071,"lastBolusTime":1703366356569,"time":"2023-12-24T00:57:08.666Z","iobWithZeroTemp":{"iob":-0.922,"basaliob":-1.448,"bolussnooze":0,"activity":-0.0043,"lastBolusTime":1703366356569,"time":"2023-12-24T00:57:08.666Z"}},{"iob":0.368,"basaliob":-0.114,"bolussnooze":0,"activity":0.0066,"lastBolusTime":1703366356569,"time":"2023-12-24T01:02:08.666Z","iobWithZeroTemp":{"iob":-0.972,"basaliob":-1.454,"bolussnooze":0,"activity":-0.005,"lastBolusTime":1703366356569,"time":"2023-12-24T01:02:08.666Z"}},{"iob":0.337,"basaliob":-0.104,"bolussnooze":0,"activity":0.006,"lastBolusTime":1703366356569,"time":"2023-12-24T01:07:08.666Z","iobWithZeroTemp":{"iob":-1.023,"basaliob":-1.464,"bolussnooze":0,"activity":-0.0058,"lastBolusTime":1703366356569,"time":"2023-12-24T01:07:08.666Z"}},{"iob":0.307,"basaliob":-0.096,"bolussnooze":0,"activity":0.0056,"lastBolusTime":1703366356569,"time":"2023-12-24T01:12:08.666Z","iobWithZeroTemp":{"iob":-1.072,"basaliob":-1.475,"bolussnooze":0,"activity":-0.0064,"lastBolusTime":1703366356569,"time":"2023-12-24T01:12:08.666Z"}},{"iob":0.281,"basaliob":-0.088,"bolussnooze":0,"activity":0.0051,"lastBolusTime":1703366356569,"time":"2023-12-24T01:17:08.666Z","iobWithZeroTemp":{"iob":-1.116,"basaliob":-1.485,"bolussnooze":0,"activity":-0.0071,"lastBolusTime":1703366356569,"time":"2023-12-24T01:17:08.666Z"}},{"iob":0.256,"basaliob":-0.081,"bolussnooze":0,"activity":0.0047,"lastBolusTime":1703366356569,"time":"2023-12-24T01:22:08.666Z","iobWithZeroTemp":{"iob":-1.159,"basaliob":-1.496,"bolussnooze":0,"activity":-0.0077,"lastBolusTime":1703366356569,"time":"2023-12-24T01:22:08.666Z"}},{"iob":0.233,"basaliob":-0.074,"bolussnooze":0,"activity":0.0043,"lastBolusTime":1703366356569,"time":"2023-12-24T01:27:08.666Z","iobWithZeroTemp":{"iob":-1.198,"basaliob":-1.505,"bolussnooze":0,"activity":-0.0082,"lastBolusTime":1703366356569,"time":"2023-12-24T01:27:08.666Z"}},{"iob":0.212,"basaliob":-0.068,"bolussnooze":0,"activity":0.004,"lastBolusTime":1703366356569,"time":"2023-12-24T01:32:08.666Z","iobWithZeroTemp":{"iob":-1.235,"basaliob":-1.515,"bolussnooze":0,"activity":-0.0087,"lastBolusTime":1703366356569,"time":"2023-12-24T01:32:08.666Z"}},{"iob":0.193,"basaliob":-0.062,"bolussnooze":0,"activity":0.0037,"lastBolusTime":1703366356569,"time":"2023-12-24T01:37:08.666Z","iobWithZeroTemp":{"iob":-1.268,"basaliob":-1.523,"bolussnooze":0,"activity":-0.0092,"lastBolusTime":1703366356569,"time":"2023-12-24T01:37:08.666Z"}},{"iob":0.176,"basaliob":-0.057,"bolussnooze":0,"activity":0.0034,"lastBolusTime":1703366356569,"time":"2023-12-24T01:42:08.666Z","iobWithZeroTemp":{"iob":-1.299,"basaliob":-1.532,"bolussnooze":0,"activity":-0.0096,"lastBolusTime":1703366356569,"time":"2023-12-24T01:42:08.666Z"}},{"iob":0.16,"basaliob":-0.052,"bolussnooze":0,"activity":0.0031,"lastBolusTime":1703366356569,"time":"2023-12-24T01:47:08.666Z","iobWithZeroTemp":{"iob":-1.329,"basaliob":-1.541,"bolussnooze":0,"activity":-0.0101,"lastBolusTime":1703366356569,"time":"2023-12-24T01:47:08.666Z"}},{"iob":0.145,"basaliob":-0.047,"bolussnooze":0,"activity":0.0028,"lastBolusTime":1703366356569,"time":"2023-12-24T01:52:08.666Z","iobWithZeroTemp":{"iob":-1.356,"basaliob":-1.548,"bolussnooze":0,"activity":-0.0105,"lastBolusTime":1703366356569,"time":"2023-12-24T01:52:08.666Z"}},{"iob":0.132,"basaliob":-0.043,"bolussnooze":0,"activity":0.0026,"lastBolusTime":1703366356569,"time":"2023-12-24T01:57:08.666Z","iobWithZeroTemp":{"iob":-1.381,"basaliob":-1.556,"bolussnooze":0,"activity":-0.0109,"lastBolusTime":1703366356569,"time":"2023-12-24T01:57:08.666Z"}}],"profile":{"max_iob":15,"type":"current","max_daily_basal":1.2,"max_basal":3.2,"min_bg":90,"max_bg":90,"target_bg":90,"carb_ratio":4.761904761904762,"sens":29.14285714285714,"max_daily_safety_multiplier":3,"current_basal_safety_multiplier":4,"high_temptarget_raises_sensitivity":false,"low_temptarget_lowers_sensitivity":false,"sensitivity_raises_target":true,"resistance_lowers_target":true,"adv_target_adjustments":false,"exercise_mode":false,"half_basal_exercise_target":160,"maxCOB":120,"skip_neutral_temps":false,"remainingCarbsCap":90,"enableUAM":true,"A52_risk_enable":false,"SMBInterval":3,"enableSMB_with_COB":true,"enableSMB_with_temptarget":true,"allowSMB_with_high_temptarget":false,"enableSMB_always":false,"enableSMB_after_carbs":true,"maxSMBBasalMinutes":80,"maxUAMSMBBasalMinutes":60,"bolus_increment":0.05,"carbsReqThreshold":10,"current_basal":0.8,"temptargetSet":true,"autosens_max":1.2,"out_units":"mmol\/L"},"autosens_data":{"ratio":1},"meal_data":{"carbs":60,"mealCOB":0,"slopeFromMaxDeviation":-1.09,"slopeFromMinDeviation":0,"lastBolusTime":1703366356569,"lastCarbTime":1703363714235},"microBolusAllowed":true,"currentTime":1703368929849,"flatBGsDetected":false},"output":{"temp":"absolute","bg":204,"tick":-5,"eventualBG":69,"targetBG":90,"insulinReq":0,"deliverAt":"2023-12-23T22:02:09.849Z","sensitivityRatio":1,"predBGs":{"IOB":[204,199,193,188,182,177,171,166,160,155,149,144,138,133,128,123,119,115,111,107,104,101,98,95,93,90,88,86,84,82,81,79,78,76,75,74,73,72,71,70,70,69,68,68,67,67,66],"ZT":[204,195,185,177,168,160,153,145,139,132,126,121,116,111,107,103,99,96,93,90,88,86,84,83,81,80,79,79,78,78,77,77,78,78,78,79,79,80,81,82,83,84,85,87,88,89],"UAM":[204,198,191,183,175,167,159,152,145,138,132,126,121,115,110,106,101,97,93,90,86,83,80,77,75,73,70,68,66,65,63,61,60,59,57,56,55,54,53,53,52,51,51,50,49,49,49,48]},"COB":0,"IOB":5.575,"reason":"COB: 0, Dev: 1.5, BGI: -0.5, ISF: 1.6, CR: 4.76, Target: 5.0, minPredBG 3.1, minGuardBG 2.7, IOBpredBG 3.7, UAMpredBG 2.7; minGuardBG 2.7<3.6","duration":120,"rate":0,"timestamp":"2023-12-23T22:02:10.019Z"}}