{"algorithm":"OpenAPSSMBPlugin","input":{"glucoseStatus":{"glucose":155,"noise":0,"delta":1,"short_avgdelta":0.5,"long_avgdelta":-1.2,"date":1703353089000},"currenttemp":{"temp":"absolute","duration":30,"rate":0,"minutesrunning":30},"iob_data":[{"iob":5.377,"basaliob":-1.326,"bolussnooze":1.2712,"activity":0.0532,"lastBolusTime":1703351990182,"time":"2023-12-23T17:38:39.528Z","iobWithZeroTemp":{"iob":5.377,"basaliob":-1.326,"bolussnooze":1.2712,"activity":0.0532,"lastBolusTime":1703351990182,"time":"2023-12-23T17:38:39.528Z"}},{"iob":5.114,"basaliob":-1.265,"bolussnooze":0.9178,"activity":0.0525,"lastBolusTime":1703351990182,"time":"2023-12-23T17:43:39.528Z","iobWithZeroTemp":{"iob":5.048,"basaliob":-1.331,"bolussnooze":0.9178,"activity":0.0525,"lastBolusTime":1703351990182,"time":"2023-12-23T17:43:39.528Z"}},{"iob":4.853,"basaliob":-1.205,"bolussnooze":0.6468,"activity":0.0517,"lastBolusTime":1703351990182,"time":"2023-12-23T17:48:39.528Z","iobWithZeroTemp":{"iob":4.704,"basaliob":-1.354,"bolussnooze":0.6468,"activity":0.0515,"lastBolusTime":1703351990182,"time":"2023-12-23T17:48:39.528Z"}},{"iob":4.597,"basaliob":-1.145,"bolussnooze":0.4464,"activity":0.0505,"lastBolusTime":1703351990182,"time":"2023-12-23T17:53:39.528Z","iobWithZeroTemp":{"iob":4.366,"basaliob":-1.376,"bolussnooze":0.4464,"activity":0.05,"lastBolusTime":1703351990182,"time":"2023-12-23T17:53:39.528Z"}},{"iob":4.348,"basaliob":-1.086,"bolussnooze":0.3024,"activity":0.0492,"lastBolusTime":1703351990182,"time":"2023-12-23T17:58:39.528Z","iobWithZeroTemp":{"iob":4.037,"basaliob":-1.397,"bolussnooze":0.3024,"activity":0.0484,"lastBolusTime":1703351990182,"time":"2023-12-23T17:58:39.528Z"}},{"iob":4.105,"basaliob":-1.029,"bolussnooze":0.2013,"activity":0.0477,"lastBolusTime":1703351990182,"time":"2023-12-23T18:03:39.528Z","iobWithZeroTemp":{"iob":3.712,"basaliob":-1.422,"bolussnooze":0.2013,"activity":0.0465,"lastBolusTime":1703351990182,"time":"2023-12-23T18:03:39.528Z"}},{"iob":3.871,"basaliob":-0.973,"bolussnooze":0.1316,"activity":0.046,"lastBolusTime":1703351990182,"time":"2023-12-23T18:08:39.528Z","iobWithZeroTemp":{"iob":3.398,"basaliob":-1.446,"bolussnooze":0.1316,"activity":0.0443,"lastBolusTime":1703351990182,"time":"2023-12-23T18:08:39.528Z"}},{"iob":3.645,"basaliob":-0.918,"bolussnooze":0.0844,"activity":0.0444,"lastBolusTime":1703351990182,"time":"2023-12-23T18:13:39.528Z","iobWithZeroTemp":{"iob":3.094,"basaliob":-1.469,"bolussnooze":0.0844,"activity":0.0422,"lastBolusTime":1703351990182,"time":"2023-12-23T18:13:39.528Z"}},{"iob":3.427,"basaliob":-0.866,"bolussnooze":0.0531,"activity":0.0427,"lastBolusTime":1703351990182,"time":"2023-12-23T18:18:39.528Z","iobWithZeroTemp":{"iob":2.801,"basaliob":-1.492,"bolussnooze":0.0531,"activity":0.0399,"lastBolusTime":1703351990182,"time":"2023-12-23T18:18:39.528Z"}},{"iob":3.218,"basaliob":-0.815,"bolussnooze":0.0326,"activity":0.0409,"lastBolusTime":1703351990182,"time":"2023-12-23T18:23:39.528Z","iobWithZeroTemp":{"iob":2.52,"basaliob":-1.513,"bolussnooze":0.0326,"activity":0.0376,"lastBolusTime":1703351990182,"time":"2023-12-23T18:23:39.528Z"}},{"iob":3.019,"basaliob":-0.766,"bolussnooze":0.0195,"activity":0.039,"lastBolusTime":1703351990182,"time":"2023-12-23T18:28:39.528Z","iobWithZeroTemp":{"iob":2.252,"basaliob":-1.533,"bolussnooze":0.0195,"activity":0.0351,"lastBolusTime":1703351990182,"time":"2023-12-23T18:28:39.528Z"}},{"iob":2.829,"basaliob":-0.719,"bolussnooze":0.0112,"activity":0.0372,"lastBolusTime":1703351990182,"time":"2023-12-23T18:33:39.528Z","iobWithZeroTemp":{"iob":1.995,"basaliob":-1.553,"bolussnooze":0.0112,"activity":0.0327,"lastBolusTime":1703351990182,"time":"2023-12-23T18:33:39.528Z"}},{"iob":2.647,"basaliob":-0.675,"bolussnooze":0.0062,"activity":0.0354,"lastBolusTime":1703351990182,"time":"2023-12-23T18:38:39.528Z","iobWithZeroTemp":{"iob":1.75,"basaliob":-1.572,"bolussnooze":0.0062,"activity":0.0303,"lastBolusTime":1703351990182,"time":"2023-12-23T18:38:39.528Z"}},{"iob":2.476,"basaliob":-0.632,"bolussnooze":0.0032,"activity":0.0335,"lastBolusTime":1703351990182,"time":"2023-12-23T18:43:39.528Z","iobWithZeroTemp":{"iob":1.518,"basaliob":-1.59,"bolussnooze":0.0032,"activity":0.0278,"lastBolusTime":1703351990182,"time":"2023-12-23T18:43:39.528Z"}},{"iob":2.312,"basaliob":-0.592,"bolussnooze":0.0015,"activity":0.0318,"lastBolusTime":1703351990182,"time":"2023-12-23T18:48:39.528Z","iobWithZeroTemp":{"iob":1.297,"basaliob":-1.607,"bolussnooze":0.0015,"activity":0.0255,"lastBolusTime":1703351990182,"time":"2023-12-23T18:48:39.528Z"}},{"iob":2.158,"basaliob":-0.553,"bolussnooze":6.0E-4,"activity":0.0301,"lastBolusTime":1703351990182,"time":"2023-12-23T18:53:39.528Z","iobWithZeroTemp":{"iob":1.088,"basaliob":-1.623,"bolussnooze":6.0E-4,"activity":0.0232,"lastBolusTime":1703351990182,"time":"2023-12-23T18:53:39.528Z"}},{"iob":2.011,"basaliob":-0.517,"bolussnooze":2.0E-4,"activity":0.0284,"lastBolusTime":1703351990182,"time":"2023-12-23T18:58:39.528Z","iobWithZeroTemp":{"iob":0.889,"basaliob":-1.639,"bolussnooze":2.0E-4,"activity":0.021,"lastBolusTime":1703351990182,"time":"2023-12-23T18:58:39.528Z"}},{"iob":1.874,"basaliob":-0.482,"bolussnooze":0,"activity":0.0268,"lastBolusTime":1703351990182,"time":"2023-12-23T19:03:39.528Z","iobWithZeroTemp":{"iob":0.703,"basaliob":-1.653,"bolussnooze":0,"activity":0.0188,"lastBolusTime":1703351990182,"time":"2023-12-23T19:03:39.528Z"}},{"iob":1.743,"basaliob":-0.45,"bolussnooze":0,"activity":0.0253,"lastBolusTime":1703351990182,"time":"2023-12-23T19:08:39.528Z","iobWithZeroTemp":{"iob":0.526,"basaliob":-1.667,"bolussnooze":0,"activity":0.0168,"lastBolusTime":1703351990182,"time":"2023-12-23T19:08:39.528Z"}},{"iob":1.621,"basaliob":-0.419,"bolussnooze":0,"activity":0.0237,"lastBolusTime":1703351990182,"time":"2023-12-23T19:13:39.528Z","iobWithZeroTemp":{"iob":0.361,"basaliob":-1.679,"bolussnooze":0,"activity":0.0147,"lastBolusTime":1703351990182,"time":"2023-12-23T19:13:39.528Z"}},{"iob":1.506,"basaliob":-0.39,"bolussnooze":0,"activity":0.0223,"lastBolusTime":1703351990182,"time":"2023-12-23T19:18:39.528Z","iobWithZeroTemp":{"iob":0.204,"basaliob":-1.692,"bolussnooze":0,"activity":0.0128,"lastBolusTime":1703351990182,"time":"2023-12-23T19:18:39.528Z"}},{"iob":1.399,"basaliob":-0.362,"bolussnooze":0,"activity":0.0209,"lastBolusTime":1703351990182,"time":"2023-12-23T19:23:39.528Z","iobWithZeroTemp":{"iob":0.059,"basaliob":-1.702,"bolussnooze":0,"activity":0.0109,"lastBolusTime":1703351990182,"time":"2023-12-23T19:23:39.528Z"}},{"iob":1.297,"basaliob":-0.337,"bolussnooze":0,"activity":0.0196,"lastBolusTime":1703351990182,"time":"2023-12-23T19:28:39.528Z","iobWithZeroTemp":{"iob":-0.079,"basaliob":-1.713,"bolussnooze":0,"activity":0.0091,"lastBolusTime":1703351990182,"time":"2023-12-23T19:28:39.528Z"}},{"iob":1.202,"basaliob":-0.313,"bolussnooze":0,"activity":0.0183,"lastBolusTime":1703351990182,"time":"2023-12-23T19:33:39.528Z","iobWithZeroTemp":{"iob":-0.209,"basaliob":-1.724,"bolussnooze":0,"activity":0.0074,"lastBolusTime":1703351990182,"time":"2023-12-23T19:33:39.528Z"}},{"iob":1.113,"basaliob":-0.29,"bolussnooze":0,"activity":0.0172,"lastBolusTime":1703351990182,"time":"2023-12-23T19:38:39.528Z","iobWithZeroTemp":{"iob":-0.329,"basaliob":-1.732,"bolussnooze":0,"activity":0.0059,"lastBolusTime":1703351990182,"time":"2023-12-23T19:38:39.528Z"}},{"iob":1.03,"basaliob":-0.269,"bolussnooze":0,"activity":0.016,"lastBolusTime":1703351990182,"time":"2023-12-23T19:43:39.528Z","iobWithZeroTemp":{"iob":-0.442,"basaliob":-1.741,"bolussnooze":0,"activity":0.0043,"lastBolusTime":1703351990182,"time":"2023-12-23T19:43:39.528Z"}},{"iob":0.953,"basaliob":-0.249,"bolussnooze":0,"activity":0.015,"lastBolusTime":1703351990182,"time":"2023-12-23T19:48:39.528Z","iobWithZeroTemp":{"iob":-0.547,"basaliob":-1.749,"bolussnooze":0,"activity":0.0029,"lastBolusTime":1703351990182,"time":"2023-12-23T19:48:39.528Z"}},{"iob":0.881,"basaliob":-0.23,"bolussnooze":0,"activity":0.014,"lastBolusTime":1703351990182,"time":"2023-12-23T19:53:39.528Z","iobWithZeroTemp":{"iob":-0.645,"basaliob":-1.756,"bolussnooze":0,"activity":0.0015,"lastBolusTime":1703351990182,"time":"2023-12-23T19:53:39.528Z"}},{"iob":0.813,"basaliob":-0.213,"bolussnooze":0,"activity":0.0131,"lastBolusTime":1703351990182,"time":"2023-12-23T19:58:39.528Z","iobWithZeroTemp":{"iob":-0.738,"basaliob":-1.764,"bolussnooze":0,"activity":3.0E-4,"lastBolusTime":1703351990182,"time":"2023-12-23T19:58:39.528Z"}},{"iob":0.75,"basaliob":-0.197,"bolussnooze":0,"activity":0.0121,"lastBolusTime":1703351990182,"time":"2023-12-23T20:03:39.528Z","iobWithZeroTemp":{"iob":-0.819,"basaliob":-1.766,"bolussnooze":0,"activity":-0.001,"lastBolusTime":1703351990182,"time":"2023-12-23T20:03:39.528Z"}},{"iob":0.691,"basaliob":-0.182,"bolussnooze":0,"activity":0.0113,"lastBolusTime":1703351990182,"time":"2023-12-23T20:08:39.528Z","iobWithZeroTemp":{"iob":-0.895,"basaliob":-1.768,"bolussnooze":0,"activity":-0.0021,"lastBolusTime":1703351990182,"time":"2023-12-23T20:08:39.528Z"}},{"iob":0.637,"basaliob":-0.168,"bolussnooze":0,"activity":0.0105,"lastBolusTime":1703351990182,"time":"2023-12-23T20:13:39.528Z","iobWithZeroTemp":{"iob":-0.965,"basaliob":-1.77,"bolussnooze":0,"activity":-0.0032,"lastBolusTime":1703351990182,"time":"2023-12-23T20:13:39.528Z"}},{"iob":0.586,"basaliob":-0.155,"bolussnooze":0,"activity":0.0098,"lastBolusTime":1703351990182,"time":"2023-12-23T20:18:39.528Z","iobWithZeroTemp":{"iob":-1.03,"basaliob":-1.771,"bolussnooze":0,"activity":-0.0041,"lastBolusTime":1703351990182,"time":"2023-12-23T20:18:39.528Z"}},{"iob":0.539,"basaliob":-0.143,"bolussnooze":0,"activity":0.0091,"lastBolusTime":1703351990182,"time":"2023-12-23T20:23:39.528Z","iobWithZeroTemp":{"iob":-1.09,"basaliob":-1.772,"bolussnooze":0,"activity":-0.005,"lastBolusTime":1703351990182,"time":"2023-12-23T20:23:39.528Z"}},{"iob":0.496,"basaliob":-0.131,"bolussnooze":0,"activity":0.0084,"lastBolusTime":1703351990182,"time":"2023-12-23T20:28:39.528Z","iobWithZeroTemp":{"iob":-1.145,"basaliob":-1.772,"bolussnooze":0,"activity":-0.006,"lastBolusTime":1703351990182,"time":"2023-12-23T20:28:39.528Z"}},{"iob":0.456,"basaliob":-0.121,"bolussnooze":0,"activity":0.0078,"lastBolusTime":1703351990182,"time":"2023-12-23T20:33:39.528Z","iobWithZeroTemp":{"iob":-1.196,"basaliob":-1.773,"bolussnooze":0,"activity":-0.0067,"lastBolusTime":1703351990182,"time":"2023-12-23T20:33:39.528Z"}},{"iob":0.419,"basaliob":-0.111,"bolussnooze":0,"activity":0.0072,"lastBolusTime":1703351990182,"time":"2023-12-23T20:38:39.528Z","iobWithZeroTemp":{"iob":-1.243,"basaliob":-1.773,"bolussnooze":0,"activity":-0.0075,"lastBolusTime":1703351990182,"time":"2023-12-23T20:38:39.528Z"}},{"iob":0.384,"basaliob":-0.102,"bolussnooze":0,"activity":0.0067,"lastBolusTime":1703351990182,"time":"2023-12-23T20:43:39.528Z","iobWithZeroTemp":{"iob":-1.287,"basaliob":-1.773,"bolussnooze":0,"activity":-0.0082,"lastBolusTime":1703351990182,"time":"2023-12-23T20:43:39.528Z"}},{"iob":0.352,"basaliob":-0.094,"bolussnooze":0,"activity":0.0062,"lastBolusTime":1703351990182,"time":"2023-12-23T20:48:39.528Z","iobWithZeroTemp":{"iob":-1.327,"basaliob":-1.773,"bolussnooze":0,"activity":-0.0088,"lastBolusTime":1703351990182,"time":"2023-12-23T20:48:39.528Z"}},{"iob":0.322,"basaliob":-0.086,"bolussnooze":0,"activity":0.0057,"lastBolusTime":1703351990182,"time":"2023-12-23T20:53:39.528Z","iobWithZeroTemp":{"iob":-1.365,"basaliob":-1.773,"bolussnooze":0,"activity":-0.0095,"lastBolusTime":1703351990182,"time":"2023-12-23T20:53:39.528Z"}},{"iob":0.295,"basaliob":-0.079,"bolussnooze":0,"activity":0.0052,"lastBolusTime":1703351990182,"time":"2023-12-23T20:58:39.528Z","iobWithZeroTemp":{"iob":-1.399,"basaliob":-1.773,"bolussnooze":0,"activity":-0.0101,"lastBolusTime":1703351990182,"time":"2023-12-23T20:58:39.528Z"}},{"iob":0.27,"basaliob":-0.072,"bolussnooze":0,"activity":0.0048,"lastBolusTime":1703351990182,"time":"2023-12-23T21:03:39.528Z","iobWithZeroTemp":{"iob":-1.422,"basaliob":-1.764,"bolussnooze":0,"activity":-0.0106,"lastBolusTime":1703351990182,"time":"2023-12-23T21:03:39.528Z"}},{"iob":0.247,"basaliob":-0.066,"bolussnooze":0,"activity":0.0044,"lastBolusTime":1703351990182,"time":"2023-12-23T21:08:39.528Z","iobWithZeroTemp":{"iob":-1.443,"basaliob":-1.756,"bolussnooze":0,"activity":-0.0111,"lastBolusTime":1703351990182,"time":"2023-12-23T21:08:39.528Z"}},{"iob":0.225,"basaliob":-0.061,"bolussnooze":0,"activity":0.0041,"lastBolusTime":1703351990182,"time":"2023-12-23T21:13:39.528Z","iobWithZeroTemp":{"iob":-1.462,"basaliob":-1.748,"bolussnooze":0,"activity":-0.0115,"lastBolusTime":1703351990182,"time":"2023-12-23T21:13:39.528Z"}},{"iob":0.206,"basaliob":-0.055,"bolussnooze":0,"activity":0.0038,"lastBolusTime":1703351990182,"time":"2023-12-23T21:18:39.528Z","iobWithZeroTemp":{"iob":-1.478,"basaliob":-1.739,"bolussnooze":0,"activity":-0.0118,"lastBolusTime":1703351990182,"time":"2023-12-23T21:18:39.528Z"}},{"iob":0.187,"basaliob":-0.051,"bolussnooze":0,"activity":0.0035,"lastBolusTime":1703351990182,"time":"2023-12-23T21:23:39.528Z","iobWithZeroTemp":{"iob":-1.494,"basaliob":-1.732,"bolussnooze":0,"activity":-0.0122,"lastBolusTime":1703351990182,"time":"2023-12-23T21:23:39.528Z"}},{"iob":0.171,"basaliob":-0.046,"bolussnooze":0,"activity":0.0032,"lastBolusTime":1703351990182,"time":"2023-12-23T21:28:39.528Z","iobWithZeroTemp":{"iob":-1.506,"basaliob":-1.723,"bolussnooze":0,"activity":-0.0125,"lastBolusTime":1703351990182,"time":"2023-12-23T21:28:39.528Z"}},{"iob":0.156,"basaliob":-0.042,"bolussnooze":0,"activity":0.0029,"lastBolusTime":1703351990182,"time":"2023-12-23T21:33:39.528Z","iobWithZeroTemp":{"iob":-1.518,"basaliob":-1.716,"bolussnooze":0,"activity":-0.0128,"lastBolusTime":1703351990182,"time":"2023-12-23T21:33:39.528Z"}}],"profile":{"max_iob":15,"type":"current","max_daily_basal":1.2,"max_basal":3.59,"min_bg":99,"max_bg":99,"target_bg":99,"carb_ratio":4.761904761904762,"sens":20.57142857142857,"max_daily_safety_multiplier":3,"current_basal_safety_multiplier":4,"high_temptarget_raises_sensitivity":false,"low_temptarget_lowers_sensitivity":false,"sensitivity_raises_target":true,"resistance_lowers_target":true,"adv_target_adjustments":false,"exercise_mode":false,"half_basal_exercise_target":160,"maxCOB":120,"skip_neutral_temps":false,"remainingCarbsCap":90,"enableUAM":true,"A52_risk_enable":false,"SMBInterval":3,"enableSMB_with_COB":true,"enableSMB_with_temptarget":true,"allowSMB_with_high_temptarget":false,"enableSMB_always":false,"enableSMB_after_carbs":true,"maxSMBBasalMinutes":80,"maxUAMSMBBasalMinutes":60,"bolus_increment":0.05,"carbsReqThreshold":10,"current_basal":1,"temptargetSet":false,"autosens_max":1.2,"out_units":"mmol\/L"},"autosens_data":{"ratio":1},"meal_data":{"carbs":90,"mealCOB":13.055555555555554,"slopeFromMaxDeviation":0,"slopeFromMinDeviation":0.38200000000000006,"lastBolusTime":1703351990182,"lastCarbTime":1703351919729},"microBolusAllowed":true,"currentTime":1703353122949,"flatBGsDetected":false},"output":{"temp":"absolute","bg":155,"tick":"+1","eventualBG":150,"targetBG":99,"insulinReq":0.92,"deliverAt":"2023-12-23T17:38:42.949Z","sensitivityRatio":1,"predBGs":{"IOB":[155,155,155,154,153,151,149,147,144,141,138,135,131,127,124,120,117,114,112,109,107,104,102,100,98,96,95,93,92,91,89,88,87,86,85,84,83,83,82,81,81,80,80,79,79,78],"ZT":[155,150,144,139,134,129,124,119,115,111,107,103,100,97,94,91,89,87,85,83,82,80,79,78,78,77,76,76,76,76,76,76,77,77,78,78,79,80,80,81,82,83,85,86,87,88,89,91],"COB":[155,155,155,155,154,154,153,152,151,150,148,147,145,143,141,139,137,135,132,130,127,125,123,121,119,117,115,114,112,111,110,109,108,107,106,105,104,103,102,102,101,101,100,100,99,99,99,98],"UAM":[155,155,156,156,156,156,156,156,156,156,157,157,157,157,157,157,158,158,158,158,159,159,159,159,159,159,159,159,159,159,159,158,158,158,157,156,155,155,154,153,153,152,152,151,151,150]},"COB":13.055555555555554,"IOB":5.377,"reason":"COB: 13.1, Dev: 2.0, BGI: -0.3, ISF: 1.1, CR: 4.76, Target: 5.5, minPredBG 6.6, minGuardBG 7.9, IOBpredBG 4.3, COBpredBG 5.4, UAMpredBG 8.3; Eventual BG 8.3 >= 5.5,  insulinReq 0.92; setting 60m low temp of 0U\/h. Microbolusing 0.45U. ","units":0.45,"rate":0,"duration":60,"timestamp":"2023-12-23T17:38:43.171Z"}}