{"algorithm":"OpenAPSSMBPlugin","input":{"glucoseStatus":{"glucose":208,"noise":0,"delta":-1,"short_avgdelta":-1.28,"long_avgdelta":-0.16,"date":1703341089000},"currenttemp":{"temp":"absolute","duration":45,"rate":0,"minutesrunning":15},"iob_data":[{"iob":11.093,"basaliob":-0.397,"bolussnooze":4.2258,"activity":0.0598,"lastBolusTime":1703340070354,"time":"2023-12-23T14:18:41.541Z","iobWithZeroTemp":{"iob":11.093,"basaliob":-0.397,"bolussnooze":4.2258,"activity":0.0598,"lastBolusTime":1703340070354,"time":"2023-12-23T14:18:41.541Z"}},{"iob":10.776,"basaliob":-0.366,"bolussnooze":3.0959,"activity":0.0668,"lastBolusTime":1703340070354,"time":"2023-12-23T14:23:41.541Z","iobWithZeroTemp":{"iob":10.713,"basaliob":-0.429,"bolussnooze":3.0959,"activity":0.0668,"lastBolusTime":1703340070354,"time":"2023-12-23T14:23:41.541Z"}},{"iob":10.428,"basaliob":-0.336,"bolussnooze":2.2078,"activity":0.0722,"lastBolusTime":1703340070354,"time":"2023-12-23T14:28:41.541Z","iobWithZeroTemp":{"iob":10.286,"basaliob":-0.478,"bolussnooze":2.2078,"activity":0.072,"lastBolusTime":1703340070354,"time":"2023-12-23T14:28:41.541Z"}},{"iob":10.057,"basaliob":-0.309,"bolussnooze":1.5398,"activity":0.0762,"lastBolusTime":1703340070354,"time":"2023-12-23T14:33:41.541Z","iobWithZeroTemp":{"iob":9.837,"basaliob":-0.529,"bolussnooze":1.5398,"activity":0.0758,"lastBolusTime":1703340070354,"time":"2023-12-23T14:33:41.541Z"}},{"iob":9.668,"basaliob":-0.284,"bolussnooze":1.0531,"activity":0.0789,"lastBolusTime":1703340070354,"time":"2023-12-23T14:38:41.541Z","iobWithZeroTemp":{"iob":9.372,"basaliob":-0.58,"bolussnooze":1.0531,"activity":0.0781,"lastBolusTime":1703340070354,"time":"2023-12-23T14:38:41.541Z"}},{"iob":9.269,"basaliob":-0.261,"bolussnooze":0.7073,"activity":0.0805,"lastBolusTime":1703340070354,"time":"2023-12-23T14:43:41.541Z","iobWithZeroTemp":{"iob":8.899,"basaliob":-0.631,"bolussnooze":0.7073,"activity":0.0793,"lastBolusTime":1703340070354,"time":"2023-12-23T14:43:41.541Z"}},{"iob":8.864,"basaliob":-0.24,"bolussnooze":0.4668,"activity":0.0814,"lastBolusTime":1703340070354,"time":"2023-12-23T14:48:41.541Z","iobWithZeroTemp":{"iob":8.422,"basaliob":-0.682,"bolussnooze":0.4668,"activity":0.0798,"lastBolusTime":1703340070354,"time":"2023-12-23T14:48:41.541Z"}},{"iob":8.457,"basaliob":-0.22,"bolussnooze":0.3025,"activity":0.0814,"lastBolusTime":1703340070354,"time":"2023-12-23T14:53:41.541Z","iobWithZeroTemp":{"iob":7.945,"basaliob":-0.732,"bolussnooze":0.3025,"activity":0.0793,"lastBolusTime":1703340070354,"time":"2023-12-23T14:53:41.541Z"}},{"iob":8.051,"basaliob":-0.202,"bolussnooze":0.1924,"activity":0.0808,"lastBolusTime":1703340070354,"time":"2023-12-23T14:58:41.541Z","iobWithZeroTemp":{"iob":7.471,"basaliob":-0.782,"bolussnooze":0.1924,"activity":0.0782,"lastBolusTime":1703340070354,"time":"2023-12-23T14:58:41.541Z"}},{"iob":7.65,"basaliob":-0.185,"bolussnooze":0.1197,"activity":0.0796,"lastBolusTime":1703340070354,"time":"2023-12-23T15:03:41.541Z","iobWithZeroTemp":{"iob":7.013,"basaliob":-0.822,"bolussnooze":0.1197,"activity":0.0765,"lastBolusTime":1703340070354,"time":"2023-12-23T15:03:41.541Z"}},{"iob":7.255,"basaliob":-0.169,"bolussnooze":0.0727,"activity":0.0781,"lastBolusTime":1703340070354,"time":"2023-12-23T15:08:41.541Z","iobWithZeroTemp":{"iob":6.564,"basaliob":-0.86,"bolussnooze":0.0727,"activity":0.0745,"lastBolusTime":1703340070354,"time":"2023-12-23T15:08:41.541Z"}},{"iob":6.869,"basaliob":-0.155,"bolussnooze":0.0429,"activity":0.0762,"lastBolusTime":1703340070354,"time":"2023-12-23T15:13:41.541Z","iobWithZeroTemp":{"iob":6.126,"basaliob":-0.898,"bolussnooze":0.0429,"activity":0.0721,"lastBolusTime":1703340070354,"time":"2023-12-23T15:13:41.541Z"}},{"iob":6.494,"basaliob":-0.141,"bolussnooze":0.0243,"activity":0.0741,"lastBolusTime":1703340070354,"time":"2023-12-23T15:18:41.541Z","iobWithZeroTemp":{"iob":5.702,"basaliob":-0.933,"bolussnooze":0.0243,"activity":0.0695,"lastBolusTime":1703340070354,"time":"2023-12-23T15:18:41.541Z"}},{"iob":6.13,"basaliob":-0.129,"bolussnooze":0.0131,"activity":0.0717,"lastBolusTime":1703340070354,"time":"2023-12-23T15:23:41.541Z","iobWithZeroTemp":{"iob":5.292,"basaliob":-0.967,"bolussnooze":0.0131,"activity":0.0666,"lastBolusTime":1703340070354,"time":"2023-12-23T15:23:41.541Z"}},{"iob":5.777,"basaliob":-0.118,"bolussnooze":0.0065,"activity":0.0691,"lastBolusTime":1703340070354,"time":"2023-12-23T15:28:41.541Z","iobWithZeroTemp":{"iob":4.895,"basaliob":-1,"bolussnooze":0.0065,"activity":0.0635,"lastBolusTime":1703340070354,"time":"2023-12-23T15:28:41.541Z"}},{"iob":5.439,"basaliob":-0.107,"bolussnooze":0.0029,"activity":0.0665,"lastBolusTime":1703340070354,"time":"2023-12-23T15:33:41.541Z","iobWithZeroTemp":{"iob":4.515,"basaliob":-1.031,"bolussnooze":0.0029,"activity":0.0604,"lastBolusTime":1703340070354,"time":"2023-12-23T15:33:41.541Z"}},{"iob":5.113,"basaliob":-0.098,"bolussnooze":0.001,"activity":0.0638,"lastBolusTime":1703340070354,"time":"2023-12-23T15:38:41.541Z","iobWithZeroTemp":{"iob":4.15,"basaliob":-1.061,"bolussnooze":0.001,"activity":0.0572,"lastBolusTime":1703340070354,"time":"2023-12-23T15:38:41.541Z"}},{"iob":4.801,"basaliob":-0.089,"bolussnooze":2.0E-4,"activity":0.061,"lastBolusTime":1703340070354,"time":"2023-12-23T15:43:41.541Z","iobWithZeroTemp":{"iob":3.801,"basaliob":-1.089,"bolussnooze":2.0E-4,"activity":0.054,"lastBolusTime":1703340070354,"time":"2023-12-23T15:43:41.541Z"}},{"iob":4.503,"basaliob":-0.081,"bolussnooze":0,"activity":0.0582,"lastBolusTime":1703340070354,"time":"2023-12-23T15:48:41.541Z","iobWithZeroTemp":{"iob":3.468,"basaliob":-1.116,"bolussnooze":0,"activity":0.0508,"lastBolusTime":1703340070354,"time":"2023-12-23T15:48:41.541Z"}},{"iob":4.219,"basaliob":-0.074,"bolussnooze":0,"activity":0.0554,"lastBolusTime":1703340070354,"time":"2023-12-23T15:53:41.541Z","iobWithZeroTemp":{"iob":3.151,"basaliob":-1.142,"bolussnooze":0,"activity":0.0476,"lastBolusTime":1703340070354,"time":"2023-12-23T15:53:41.541Z"}},{"iob":3.949,"basaliob":-0.067,"bolussnooze":0,"activity":0.0527,"lastBolusTime":1703340070354,"time":"2023-12-23T15:58:41.541Z","iobWithZeroTemp":{"iob":2.851,"basaliob":-1.165,"bolussnooze":0,"activity":0.0445,"lastBolusTime":1703340070354,"time":"2023-12-23T15:58:41.541Z"}},{"iob":3.692,"basaliob":-0.061,"bolussnooze":0,"activity":0.05,"lastBolusTime":1703340070354,"time":"2023-12-23T16:03:41.541Z","iobWithZeroTemp":{"iob":2.565,"basaliob":-1.188,"bolussnooze":0,"activity":0.0414,"lastBolusTime":1703340070354,"time":"2023-12-23T16:03:41.541Z"}},{"iob":3.449,"basaliob":-0.055,"bolussnooze":0,"activity":0.0473,"lastBolusTime":1703340070354,"time":"2023-12-23T16:08:41.541Z","iobWithZeroTemp":{"iob":2.295,"basaliob":-1.209,"bolussnooze":0,"activity":0.0384,"lastBolusTime":1703340070354,"time":"2023-12-23T16:08:41.541Z"}},{"iob":3.219,"basaliob":-0.05,"bolussnooze":0,"activity":0.0448,"lastBolusTime":1703340070354,"time":"2023-12-23T16:13:41.541Z","iobWithZeroTemp":{"iob":2.04,"basaliob":-1.229,"bolussnooze":0,"activity":0.0355,"lastBolusTime":1703340070354,"time":"2023-12-23T16:13:41.541Z"}},{"iob":3.002,"basaliob":-0.045,"bolussnooze":0,"activity":0.0423,"lastBolusTime":1703340070354,"time":"2023-12-23T16:18:41.541Z","iobWithZeroTemp":{"iob":1.799,"basaliob":-1.248,"bolussnooze":0,"activity":0.0327,"lastBolusTime":1703340070354,"time":"2023-12-23T16:18:41.541Z"}},{"iob":2.796,"basaliob":-0.041,"bolussnooze":0,"activity":0.0399,"lastBolusTime":1703340070354,"time":"2023-12-23T16:23:41.541Z","iobWithZeroTemp":{"iob":1.571,"basaliob":-1.266,"bolussnooze":0,"activity":0.03,"lastBolusTime":1703340070354,"time":"2023-12-23T16:23:41.541Z"}},{"iob":2.603,"basaliob":-0.037,"bolussnooze":0,"activity":0.0375,"lastBolusTime":1703340070354,"time":"2023-12-23T16:28:41.541Z","iobWithZeroTemp":{"iob":1.357,"basaliob":-1.283,"bolussnooze":0,"activity":0.0273,"lastBolusTime":1703340070354,"time":"2023-12-23T16:28:41.541Z"}},{"iob":2.421,"basaliob":-0.033,"bolussnooze":0,"activity":0.0353,"lastBolusTime":1703340070354,"time":"2023-12-23T16:33:41.541Z","iobWithZeroTemp":{"iob":1.156,"basaliob":-1.298,"bolussnooze":0,"activity":0.0248,"lastBolusTime":1703340070354,"time":"2023-12-23T16:33:41.541Z"}},{"iob":2.25,"basaliob":-0.03,"bolussnooze":0,"activity":0.0332,"lastBolusTime":1703340070354,"time":"2023-12-23T16:38:41.541Z","iobWithZeroTemp":{"iob":0.967,"basaliob":-1.313,"bolussnooze":0,"activity":0.0225,"lastBolusTime":1703340070354,"time":"2023-12-23T16:38:41.541Z"}},{"iob":2.089,"basaliob":-0.027,"bolussnooze":0,"activity":0.0311,"lastBolusTime":1703340070354,"time":"2023-12-23T16:43:41.541Z","iobWithZeroTemp":{"iob":0.789,"basaliob":-1.327,"bolussnooze":0,"activity":0.0201,"lastBolusTime":1703340070354,"time":"2023-12-23T16:43:41.541Z"}},{"iob":1.939,"basaliob":-0.024,"bolussnooze":0,"activity":0.0292,"lastBolusTime":1703340070354,"time":"2023-12-23T16:48:41.541Z","iobWithZeroTemp":{"iob":0.624,"basaliob":-1.339,"bolussnooze":0,"activity":0.018,"lastBolusTime":1703340070354,"time":"2023-12-23T16:48:41.541Z"}},{"iob":1.797,"basaliob":-0.022,"bolussnooze":0,"activity":0.0273,"lastBolusTime":1703340070354,"time":"2023-12-23T16:53:41.541Z","iobWithZeroTemp":{"iob":0.467,"basaliob":-1.352,"bolussnooze":0,"activity":0.0159,"lastBolusTime":1703340070354,"time":"2023-12-23T16:53:41.541Z"}},{"iob":1.666,"basaliob":-0.019,"bolussnooze":0,"activity":0.0256,"lastBolusTime":1703340070354,"time":"2023-12-23T16:58:41.541Z","iobWithZeroTemp":{"iob":0.323,"basaliob":-1.362,"bolussnooze":0,"activity":0.014,"lastBolusTime":1703340070354,"time":"2023-12-23T16:58:41.541Z"}},{"iob":1.542,"basaliob":-0.017,"bolussnooze":0,"activity":0.0239,"lastBolusTime":1703340070354,"time":"2023-12-23T17:03:41.541Z","iobWithZeroTemp":{"iob":0.174,"basaliob":-1.385,"bolussnooze":0,"activity":0.0121,"lastBolusTime":1703340070354,"time":"2023-12-23T17:03:41.541Z"}},{"iob":1.426,"basaliob":-0.016,"bolussnooze":0,"activity":0.0222,"lastBolusTime":1703340070354,"time":"2023-12-23T17:08:41.541Z","iobWithZeroTemp":{"iob":0.035,"basaliob":-1.407,"bolussnooze":0,"activity":0.0102,"lastBolusTime":1703340070354,"time":"2023-12-23T17:08:41.541Z"}},{"iob":1.319,"basaliob":-0.014,"bolussnooze":0,"activity":0.0208,"lastBolusTime":1703340070354,"time":"2023-12-23T17:13:41.541Z","iobWithZeroTemp":{"iob":-0.095,"basaliob":-1.428,"bolussnooze":0,"activity":0.0086,"lastBolusTime":1703340070354,"time":"2023-12-23T17:13:41.541Z"}},{"iob":1.219,"basaliob":-0.012,"bolussnooze":0,"activity":0.0194,"lastBolusTime":1703340070354,"time":"2023-12-23T17:18:41.541Z","iobWithZeroTemp":{"iob":-0.216,"basaliob":-1.447,"bolussnooze":0,"activity":0.007,"lastBolusTime":1703340070354,"time":"2023-12-23T17:18:41.541Z"}},{"iob":1.125,"basaliob":-0.011,"bolussnooze":0,"activity":0.018,"lastBolusTime":1703340070354,"time":"2023-12-23T17:23:41.541Z","iobWithZeroTemp":{"iob":-0.331,"basaliob":-1.467,"bolussnooze":0,"activity":0.0054,"lastBolusTime":1703340070354,"time":"2023-12-23T17:23:41.541Z"}},{"iob":1.037,"basaliob":-0.01,"bolussnooze":0,"activity":0.0168,"lastBolusTime":1703340070354,"time":"2023-12-23T17:28:41.541Z","iobWithZeroTemp":{"iob":-0.439,"basaliob":-1.486,"bolussnooze":0,"activity":0.004,"lastBolusTime":1703340070354,"time":"2023-12-23T17:28:41.541Z"}},{"iob":0.956,"basaliob":-0.009,"bolussnooze":0,"activity":0.0156,"lastBolusTime":1703340070354,"time":"2023-12-23T17:33:41.541Z","iobWithZeroTemp":{"iob":-0.538,"basaliob":-1.503,"bolussnooze":0,"activity":0.0026,"lastBolusTime":1703340070354,"time":"2023-12-23T17:33:41.541Z"}},{"iob":0.881,"basaliob":-0.008,"bolussnooze":0,"activity":0.0145,"lastBolusTime":1703340070354,"time":"2023-12-23T17:38:41.541Z","iobWithZeroTemp":{"iob":-0.631,"basaliob":-1.52,"bolussnooze":0,"activity":0.0013,"lastBolusTime":1703340070354,"time":"2023-12-23T17:38:41.541Z"}},{"iob":0.811,"basaliob":-0.007,"bolussnooze":0,"activity":0.0134,"lastBolusTime":1703340070354,"time":"2023-12-23T17:43:41.541Z","iobWithZeroTemp":{"iob":-0.717,"basaliob":-1.535,"bolussnooze":0,"activity":0,"lastBolusTime":1703340070354,"time":"2023-12-23T17:43:41.541Z"}},{"iob":0.746,"basaliob":-0.006,"bolussnooze":0,"activity":0.0125,"lastBolusTime":1703340070354,"time":"2023-12-23T17:48:41.541Z","iobWithZeroTemp":{"iob":-0.798,"basaliob":-1.55,"bolussnooze":0,"activity":-0.0011,"lastBolusTime":1703340070354,"time":"2023-12-23T17:48:41.541Z"}},{"iob":0.686,"basaliob":-0.005,"bolussnooze":0,"activity":0.0116,"lastBolusTime":1703340070354,"time":"2023-12-23T17:53:41.541Z","iobWithZeroTemp":{"iob":-0.873,"basaliob":-1.564,"bolussnooze":0,"activity":-0.0021,"lastBolusTime":1703340070354,"time":"2023-12-23T17:53:41.541Z"}},{"iob":0.631,"basaliob":-0.004,"bolussnooze":0,"activity":0.0108,"lastBolusTime":1703340070354,"time":"2023-12-23T17:58:41.541Z","iobWithZeroTemp":{"iob":-0.942,"basaliob":-1.577,"bolussnooze":0,"activity":-0.0031,"lastBolusTime":1703340070354,"time":"2023-12-23T17:58:41.541Z"}},{"iob":0.579,"basaliob":-0.004,"bolussnooze":0,"activity":0.0099,"lastBolusTime":1703340070354,"time":"2023-12-23T18:03:41.541Z","iobWithZeroTemp":{"iob":-1.011,"basaliob":-1.594,"bolussnooze":0,"activity":-0.0042,"lastBolusTime":1703340070354,"time":"2023-12-23T18:03:41.541Z"}},{"iob":0.531,"basaliob":-0.003,"bolussnooze":0,"activity":0.0092,"lastBolusTime":1703340070354,"time":"2023-12-23T18:08:41.541Z","iobWithZeroTemp":{"iob":-1.076,"basaliob":-1.61,"bolussnooze":0,"activity":-0.0051,"lastBolusTime":1703340070354,"time":"2023-12-23T18:08:41.541Z"}},{"iob":0.487,"basaliob":-0.003,"bolussnooze":0,"activity":0.0085,"lastBolusTime":1703340070354,"time":"2023-12-23T18:13:41.541Z","iobWithZeroTemp":{"iob":-1.136,"basaliob":-1.626,"bolussnooze":0,"activity":-0.0059,"lastBolusTime":1703340070354,"time":"2023-12-23T18:13:41.541Z"}}],"profile":{"max_iob":15,"type":"current","max_daily_basal":1.2,"max_basal":3.59,"min_bg":99,"max_bg":99,"target_bg":99,"carb_ratio":5.238095238095238,"sens":20.57142857142857,"max_daily_safety_multiplier":3,"current_basal_safety_multiplier":4,"high_temptarget_raises_sensitivity":false,"low_temptarget_lowers_sensitivity":false,"sensitivity_raises_target":true,"resistance_lowers_target":true,"adv_target_adjustments":false,"exercise_mode":false,"half_basal_exercise_target":160,"maxCOB":120,"skip_neutral_temps":false,"remainingCarbsCap":90,"enableUAM":true,"A52_risk_enable":false,"SMBInterval":3,"enableSMB_with_COB":true,"enableSMB_with_temptarget":true,"allowSMB_with_high_temptarget":false,"enableSMB_always":false,"enableSMB_after_carbs":true,"maxSMBBasalMinutes":80,"maxUAMSMBBasalMinutes":60,"bolus_increment":0.05,"carbsReqThreshold":10,"current_basal":0.95,"temptargetSet":false,"autosens_max":1.2,"out_units":"mmol\/L"},"autosens_data":{"ratio":1},"meal_data":{"carbs":100,"mealCOB":45.416666666666664,"slopeFromMaxDeviation":-0.11272727272727273,"slopeFromMinDeviation":0.7783333333333333,"lastBolusTime":1703340070354,"lastCarbTime":1703339824852},"microBolusAllowed":true,"currentTime":1703341124844,"flatBGsDetected":false},"output":{"temp":"absolute","bg":208,"tick":-1,"eventualBG":163,"targetBG":99,"insulinReq":-0.44,"deliverAt":"2023-12-23T14:18:44.844Z","sensitivityRatio":1,"predBGs":{"IOB":[208,206,204,200,195,190,184,178,171,164,157,149,141,133,126,119,112,105,99,93,87,82,77,72,67,63,59,55,51,48,45,42,39],"ZT":[208,202,195,188,180,172,164,155,147,139,131,124,116,109,102,96,89,83,78,73,68,63,59,55,51,48,45,42,39,39,39,39,39,39,39,39,39,39,39,39,39,39,39,39,39,39,39,39],"COB":[208,207,205,202,200,197,194,190,187,184,181,179,176,174,172,171,169,168,168,167,167,168,168,169,170,170,171,171,172,172,172,173,173,173,173,173,173,172,172,171,171,170,169,167,166,165,164,163],"UAM":[208,206,204,201,197,192,187,182,176,171,165,159,153,146,140,134,128,122,116,110,104,99,94,89,84,80,76,72,68,65,62,59,56,53,51,48,46,44,42,41,39]},"COB":45.416666666666664,"IOB":11.093,"reason":"COB: 45.4, Dev: 1.6, BGI: -0.3, ISF: 1.1, CR: 5.24, Target: 5.5, minPredBG 5.0, minGuardBG 5.0, IOBpredBG 2.2, COBpredBG 9.1, UAMpredBG 2.2; Eventual BG 9.1 >= 5.5,  insulinReq -0.44; setting 60m low temp of 0U\/h. ","rate":0,"duration":60,"timestamp":"2023-12-23T14:18:45.125Z"}}