{"algorithm":"OpenAPSSMBPlugin","input":{"glucoseStatus":{"glucose":93,"noise":0,"delta":2,"short_avgdelta":1.61,"long_avgdelta":0.39,"date":1703399591000},"currenttemp":{"temp":"absolute","duration":25,"rate":1.1975,"minutesrunning":5},"iob_data":[{"iob":-0.447,"basaliob":-0.489,"bolussnooze":0,"activity":-0.0031,"lastBolusTime":1703384655685,"time":"2023-12-24T06:33:42.788Z","iobWithZeroTemp":{"iob":-0.447,"basaliob":-0.489,"bolussnooze":0,"activity":-0.0031,"lastBolusTime":1703384655685,"time":"2023-12-24T06:33:42.788Z"}},{"iob":-0.431,"basaliob":-0.469,"bolussnooze":0,"activity":-0.0033,"lastBolusTime":1703384655685,"time":"2023-12-24T06:38:42.788Z","iobWithZeroTemp":{"iob":-0.497,"basaliob":-0.535,"bolussnooze":0,"activity":-0.0033,"lastBolusTime":1703384655685,"time":"2023-12-24T06:38:42.788Z"}},{"iob":-0.414,"basaliob":-0.449,"bolussnooze":0,"activity":-0.0035,"lastBolusTime":1703384655685,"time":"2023-12-24T06:43:42.788Z","iobWithZeroTemp":{"iob":-0.563,"basaliob":-0.598,"bolussnooze":0,"activity":-0.0037,"lastBolusTime":1703384655685,"time":"2023-12-24T06:43:42.788Z"}},{"iob":-0.396,"basaliob":-0.428,"bolussnooze":0,"activity":-0.0035,"lastBolusTime":1703384655685,"time":"2023-12-24T06:48:42.788Z","iobWithZeroTemp":{"iob":-0.627,"basaliob":-0.659,"bolussnooze":0,"activity":-0.004,"lastBolusTime":1703384655685,"time":"2023-12-24T06:48:42.788Z"}},{"iob":-0.379,"basaliob":-0.408,"bolussnooze":0,"activity":-0.0036,"lastBolusTime":1703384655685,"time":"2023-12-24T06:53:42.788Z","iobWithZeroTemp":{"iob":-0.69,"basaliob":-0.719,"bolussnooze":0,"activity":-0.0044,"lastBolusTime":1703384655685,"time":"2023-12-24T06:53:42.788Z"}},{"iob":-0.361,"basaliob":-0.387,"bolussnooze":0,"activity":-0.0035,"lastBolusTime":1703384655685,"time":"2023-12-24T06:58:42.788Z","iobWithZeroTemp":{"iob":-0.75,"basaliob":-0.776,"bolussnooze":0,"activity":-0.0047,"lastBolusTime":1703384655685,"time":"2023-12-24T06:58:42.788Z"}},{"iob":-0.344,"basaliob":-0.368,"bolussnooze":0,"activity":-0.0034,"lastBolusTime":1703384655685,"time":"2023-12-24T07:03:42.788Z","iobWithZeroTemp":{"iob":-0.804,"basaliob":-0.828,"bolussnooze":0,"activity":-0.0051,"lastBolusTime":1703384655685,"time":"2023-12-24T07:03:42.788Z"}},{"iob":-0.326,"basaliob":-0.348,"bolussnooze":0,"activity":-0.0035,"lastBolusTime":1703384655685,"time":"2023-12-24T07:08:42.788Z","iobWithZeroTemp":{"iob":-0.856,"basaliob":-0.878,"bolussnooze":0,"activity":-0.0057,"lastBolusTime":1703384655685,"time":"2023-12-24T07:08:42.788Z"}},{"iob":-0.309,"basaliob":-0.329,"bolussnooze":0,"activity":-0.0033,"lastBolusTime":1703384655685,"time":"2023-12-24T07:13:42.788Z","iobWithZeroTemp":{"iob":-0.905,"basaliob":-0.925,"bolussnooze":0,"activity":-0.006,"lastBolusTime":1703384655685,"time":"2023-12-24T07:13:42.788Z"}},{"iob":-0.293,"basaliob":-0.311,"bolussnooze":0,"activity":-0.0033,"lastBolusTime":1703384655685,"time":"2023-12-24T07:18:42.788Z","iobWithZeroTemp":{"iob":-0.953,"basaliob":-0.971,"bolussnooze":0,"activity":-0.0065,"lastBolusTime":1703384655685,"time":"2023-12-24T07:18:42.788Z"}},{"iob":-0.277,"basaliob":-0.293,"bolussnooze":0,"activity":-0.0032,"lastBolusTime":1703384655685,"time":"2023-12-24T07:23:42.788Z","iobWithZeroTemp":{"iob":-0.999,"basaliob":-1.015,"bolussnooze":0,"activity":-0.007,"lastBolusTime":1703384655685,"time":"2023-12-24T07:23:42.788Z"}},{"iob":-0.261,"basaliob":-0.276,"bolussnooze":0,"activity":-0.0031,"lastBolusTime":1703384655685,"time":"2023-12-24T07:28:42.788Z","iobWithZeroTemp":{"iob":-1.041,"basaliob":-1.056,"bolussnooze":0,"activity":-0.0074,"lastBolusTime":1703384655685,"time":"2023-12-24T07:28:42.788Z"}},{"iob":-0.246,"basaliob":-0.259,"bolussnooze":0,"activity":-0.0029,"lastBolusTime":1703384655685,"time":"2023-12-24T07:33:42.788Z","iobWithZeroTemp":{"iob":-1.082,"basaliob":-1.095,"bolussnooze":0,"activity":-0.0077,"lastBolusTime":1703384655685,"time":"2023-12-24T07:33:42.788Z"}},{"iob":-0.231,"basaliob":-0.243,"bolussnooze":0,"activity":-0.0029,"lastBolusTime":1703384655685,"time":"2023-12-24T07:38:42.788Z","iobWithZeroTemp":{"iob":-1.121,"basaliob":-1.133,"bolussnooze":0,"activity":-0.0083,"lastBolusTime":1703384655685,"time":"2023-12-24T07:38:42.788Z"}},{"iob":-0.217,"basaliob":-0.228,"bolussnooze":0,"activity":-0.0028,"lastBolusTime":1703384655685,"time":"2023-12-24T07:43:42.788Z","iobWithZeroTemp":{"iob":-1.157,"basaliob":-1.168,"bolussnooze":0,"activity":-0.0087,"lastBolusTime":1703384655685,"time":"2023-12-24T07:43:42.788Z"}},{"iob":-0.204,"basaliob":-0.214,"bolussnooze":0,"activity":-0.0026,"lastBolusTime":1703384655685,"time":"2023-12-24T07:48:42.788Z","iobWithZeroTemp":{"iob":-1.192,"basaliob":-1.202,"bolussnooze":0,"activity":-0.009,"lastBolusTime":1703384655685,"time":"2023-12-24T07:48:42.788Z"}},{"iob":-0.191,"basaliob":-0.2,"bolussnooze":0,"activity":-0.0025,"lastBolusTime":1703384655685,"time":"2023-12-24T07:53:42.788Z","iobWithZeroTemp":{"iob":-1.224,"basaliob":-1.233,"bolussnooze":0,"activity":-0.0094,"lastBolusTime":1703384655685,"time":"2023-12-24T07:53:42.788Z"}},{"iob":-0.179,"basaliob":-0.187,"bolussnooze":0,"activity":-0.0023,"lastBolusTime":1703384655685,"time":"2023-12-24T07:58:42.788Z","iobWithZeroTemp":{"iob":-1.255,"basaliob":-1.263,"bolussnooze":0,"activity":-0.0097,"lastBolusTime":1703384655685,"time":"2023-12-24T07:58:42.788Z"}},{"iob":-0.168,"basaliob":-0.175,"bolussnooze":0,"activity":-0.0022,"lastBolusTime":1703384655685,"time":"2023-12-24T08:03:42.788Z","iobWithZeroTemp":{"iob":-1.281,"basaliob":-1.288,"bolussnooze":0,"activity":-0.0101,"lastBolusTime":1703384655685,"time":"2023-12-24T08:03:42.788Z"}},{"iob":-0.156,"basaliob":-0.163,"bolussnooze":0,"activity":-0.0022,"lastBolusTime":1703384655685,"time":"2023-12-24T08:08:42.788Z","iobWithZeroTemp":{"iob":-1.303,"basaliob":-1.31,"bolussnooze":0,"activity":-0.0106,"lastBolusTime":1703384655685,"time":"2023-12-24T08:08:42.788Z"}},{"iob":-0.146,"basaliob":-0.152,"bolussnooze":0,"activity":-0.002,"lastBolusTime":1703384655685,"time":"2023-12-24T08:13:42.788Z","iobWithZeroTemp":{"iob":-1.326,"basaliob":-1.332,"bolussnooze":0,"activity":-0.0108,"lastBolusTime":1703384655685,"time":"2023-12-24T08:13:42.788Z"}},{"iob":-0.137,"basaliob":-0.142,"bolussnooze":0,"activity":-0.0019,"lastBolusTime":1703384655685,"time":"2023-12-24T08:18:42.788Z","iobWithZeroTemp":{"iob":-1.347,"basaliob":-1.352,"bolussnooze":0,"activity":-0.0111,"lastBolusTime":1703384655685,"time":"2023-12-24T08:18:42.788Z"}},{"iob":-0.127,"basaliob":-0.132,"bolussnooze":0,"activity":-0.0018,"lastBolusTime":1703384655685,"time":"2023-12-24T08:23:42.788Z","iobWithZeroTemp":{"iob":-1.365,"basaliob":-1.37,"bolussnooze":0,"activity":-0.0114,"lastBolusTime":1703384655685,"time":"2023-12-24T08:23:42.788Z"}},{"iob":-0.119,"basaliob":-0.123,"bolussnooze":0,"activity":-0.0017,"lastBolusTime":1703384655685,"time":"2023-12-24T08:28:42.788Z","iobWithZeroTemp":{"iob":-1.383,"basaliob":-1.387,"bolussnooze":0,"activity":-0.0116,"lastBolusTime":1703384655685,"time":"2023-12-24T08:28:42.788Z"}},{"iob":-0.11,"basaliob":-0.114,"bolussnooze":0,"activity":-0.0016,"lastBolusTime":1703384655685,"time":"2023-12-24T08:33:42.788Z","iobWithZeroTemp":{"iob":-1.399,"basaliob":-1.403,"bolussnooze":0,"activity":-0.0119,"lastBolusTime":1703384655685,"time":"2023-12-24T08:33:42.788Z"}},{"iob":-0.103,"basaliob":-0.106,"bolussnooze":0,"activity":-0.0015,"lastBolusTime":1703384655685,"time":"2023-12-24T08:38:42.788Z","iobWithZeroTemp":{"iob":-1.414,"basaliob":-1.417,"bolussnooze":0,"activity":-0.0121,"lastBolusTime":1703384655685,"time":"2023-12-24T08:38:42.788Z"}},{"iob":-0.095,"basaliob":-0.098,"bolussnooze":0,"activity":-0.0014,"lastBolusTime":1703384655685,"time":"2023-12-24T08:43:42.788Z","iobWithZeroTemp":{"iob":-1.428,"basaliob":-1.431,"bolussnooze":0,"activity":-0.0123,"lastBolusTime":1703384655685,"time":"2023-12-24T08:43:42.788Z"}},{"iob":-0.088,"basaliob":-0.091,"bolussnooze":0,"activity":-0.0013,"lastBolusTime":1703384655685,"time":"2023-12-24T08:48:42.788Z","iobWithZeroTemp":{"iob":-1.44,"basaliob":-1.443,"bolussnooze":0,"activity":-0.0125,"lastBolusTime":1703384655685,"time":"2023-12-24T08:48:42.788Z"}},{"iob":-0.082,"basaliob":-0.084,"bolussnooze":0,"activity":-0.0012,"lastBolusTime":1703384655685,"time":"2023-12-24T08:53:42.788Z","iobWithZeroTemp":{"iob":-1.453,"basaliob":-1.455,"bolussnooze":0,"activity":-0.0127,"lastBolusTime":1703384655685,"time":"2023-12-24T08:53:42.788Z"}},{"iob":-0.076,"basaliob":-0.078,"bolussnooze":0,"activity":-0.0011,"lastBolusTime":1703384655685,"time":"2023-12-24T08:58:42.788Z","iobWithZeroTemp":{"iob":-1.464,"basaliob":-1.466,"bolussnooze":0,"activity":-0.0128,"lastBolusTime":1703384655685,"time":"2023-12-24T08:58:42.788Z"}},{"iob":-0.07,"basaliob":-0.072,"bolussnooze":0,"activity":-0.0011,"lastBolusTime":1703384655685,"time":"2023-12-24T09:03:42.788Z","iobWithZeroTemp":{"iob":-1.47,"basaliob":-1.472,"bolussnooze":0,"activity":-0.0131,"lastBolusTime":1703384655685,"time":"2023-12-24T09:03:42.788Z"}},{"iob":-0.065,"basaliob":-0.067,"bolussnooze":0,"activity":-0.001,"lastBolusTime":1703384655685,"time":"2023-12-24T09:08:42.788Z","iobWithZeroTemp":{"iob":-1.475,"basaliob":-1.477,"bolussnooze":0,"activity":-0.0132,"lastBolusTime":1703384655685,"time":"2023-12-24T09:08:42.788Z"}},{"iob":-0.06,"basaliob":-0.061,"bolussnooze":0,"activity":-0.001,"lastBolusTime":1703384655685,"time":"2023-12-24T09:13:42.788Z","iobWithZeroTemp":{"iob":-1.48,"basaliob":-1.481,"bolussnooze":0,"activity":-0.0134,"lastBolusTime":1703384655685,"time":"2023-12-24T09:13:42.788Z"}},{"iob":-0.056,"basaliob":-0.057,"bolussnooze":0,"activity":-9.0E-4,"lastBolusTime":1703384655685,"time":"2023-12-24T09:18:42.788Z","iobWithZeroTemp":{"iob":-1.484,"basaliob":-1.485,"bolussnooze":0,"activity":-0.0134,"lastBolusTime":1703384655685,"time":"2023-12-24T09:18:42.788Z"}},{"iob":-0.051,"basaliob":-0.052,"bolussnooze":0,"activity":-8.0E-4,"lastBolusTime":1703384655685,"time":"2023-12-24T09:23:42.788Z","iobWithZeroTemp":{"iob":-1.487,"basaliob":-1.488,"bolussnooze":0,"activity":-0.0135,"lastBolusTime":1703384655685,"time":"2023-12-24T09:23:42.788Z"}},{"iob":-0.047,"basaliob":-0.048,"bolussnooze":0,"activity":-8.0E-4,"lastBolusTime":1703384655685,"time":"2023-12-24T09:28:42.788Z","iobWithZeroTemp":{"iob":-1.49,"basaliob":-1.491,"bolussnooze":0,"activity":-0.0136,"lastBolusTime":1703384655685,"time":"2023-12-24T09:28:42.788Z"}},{"iob":-0.044,"basaliob":-0.045,"bolussnooze":0,"activity":-7.0E-4,"lastBolusTime":1703384655685,"time":"2023-12-24T09:33:42.788Z","iobWithZeroTemp":{"iob":-1.493,"basaliob":-1.494,"bolussnooze":0,"activity":-0.0137,"lastBolusTime":1703384655685,"time":"2023-12-24T09:33:42.788Z"}},{"iob":-0.04,"basaliob":-0.041,"bolussnooze":0,"activity":-7.0E-4,"lastBolusTime":1703384655685,"time":"2023-12-24T09:38:42.788Z","iobWithZeroTemp":{"iob":-1.495,"basaliob":-1.496,"bolussnooze":0,"activity":-0.0138,"lastBolusTime":1703384655685,"time":"2023-12-24T09:38:42.788Z"}},{"iob":-0.037,"basaliob":-0.038,"bolussnooze":0,"activity":-6.0E-4,"lastBolusTime":1703384655685,"time":"2023-12-24T09:43:42.788Z","iobWithZeroTemp":{"iob":-1.497,"basaliob":-1.498,"bolussnooze":0,"activity":-0.0138,"lastBolusTime":1703384655685,"time":"2023-12-24T09:43:42.788Z"}},{"iob":-0.034,"basaliob":-0.035,"bolussnooze":0,"activity":-6.0E-4,"lastBolusTime":1703384655685,"time":"2023-12-24T09:48:42.788Z","iobWithZeroTemp":{"iob":-1.499,"basaliob":-1.5,"bolussnooze":0,"activity":-0.0139,"lastBolusTime":1703384655685,"time":"2023-12-24T09:48:42.788Z"}},{"iob":-0.032,"basaliob":-0.032,"bolussnooze":0,"activity":-5.0E-4,"lastBolusTime":1703384655685,"time":"2023-12-24T09:53:42.788Z","iobWithZeroTemp":{"iob":-1.501,"basaliob":-1.501,"bolussnooze":0,"activity":-0.0139,"lastBolusTime":1703384655685,"time":"2023-12-24T09:53:42.788Z"}},{"iob":-0.029,"basaliob":-0.029,"bolussnooze":0,"activity":-5.0E-4,"lastBolusTime":1703384655685,"time":"2023-12-24T09:58:42.788Z","iobWithZeroTemp":{"iob":-1.502,"basaliob":-1.502,"bolussnooze":0,"activity":-0.014,"lastBolusTime":1703384655685,"time":"2023-12-24T09:58:42.788Z"}},{"iob":-0.027,"basaliob":-0.027,"bolussnooze":0,"activity":-5.0E-4,"lastBolusTime":1703384655685,"time":"2023-12-24T10:03:42.788Z","iobWithZeroTemp":{"iob":-1.503,"basaliob":-1.503,"bolussnooze":0,"activity":-0.0141,"lastBolusTime":1703384655685,"time":"2023-12-24T10:03:42.788Z"}},{"iob":-0.025,"basaliob":-0.025,"bolussnooze":0,"activity":-4.0E-4,"lastBolusTime":1703384655685,"time":"2023-12-24T10:08:42.788Z","iobWithZeroTemp":{"iob":-1.504,"basaliob":-1.504,"bolussnooze":0,"activity":-0.014,"lastBolusTime":1703384655685,"time":"2023-12-24T10:08:42.788Z"}},{"iob":-0.023,"basaliob":-0.023,"bolussnooze":0,"activity":-4.0E-4,"lastBolusTime":1703384655685,"time":"2023-12-24T10:13:42.788Z","iobWithZeroTemp":{"iob":-1.505,"basaliob":-1.505,"bolussnooze":0,"activity":-0.0141,"lastBolusTime":1703384655685,"time":"2023-12-24T10:13:42.788Z"}},{"iob":-0.021,"basaliob":-0.021,"bolussnooze":0,"activity":-4.0E-4,"lastBolusTime":1703384655685,"time":"2023-12-24T10:18:42.788Z","iobWithZeroTemp":{"iob":-1.505,"basaliob":-1.505,"bolussnooze":0,"activity":-0.0141,"lastBolusTime":1703384655685,"time":"2023-12-24T10:18:42.788Z"}},{"iob":-0.019,"basaliob":-0.019,"bolussnooze":0,"activity":-3.0E-4,"lastBolusTime":1703384655685,"time":"2023-12-24T10:23:42.788Z","iobWithZeroTemp":{"iob":-1.505,"basaliob":-1.505,"bolussnooze":0,"activity":-0.0141,"lastBolusTime":1703384655685,"time":"2023-12-24T10:23:42.788Z"}},{"iob":-0.017,"basaliob":-0.017,"bolussnooze":0,"activity":-3.0E-4,"lastBolusTime":1703384655685,"time":"2023-12-24T10:28:42.788Z","iobWithZeroTemp":{"iob":-1.505,"basaliob":-1.505,"bolussnooze":0,"activity":-0.0141,"lastBolusTime":1703384655685,"time":"2023-12-24T10:28:42.788Z"}}],"profile":{"max_iob":15,"type":"current","max_daily_basal":1.2,"max_basal":3.59,"min_bg":99,"max_bg":99,"target_bg":99,"carb_ratio":4.285714285714286,"sens":30.857142857142854,"max_daily_safety_multiplier":3,"current_basal_safety_multiplier":4,"high_temptarget_raises_sensitivity":false,"low_temptarget_lowers_sensitivity":false,"sensitivity_raises_target":true,"resistance_lowers_target":true,"adv_target_adjustments":false,"exercise_mode":false,"half_basal_exercise_target":160,"maxCOB":120,"skip_neutral_temps":false,"remainingCarbsCap":90,"enableUAM":true,"A52_risk_enable":false,"SMBInterval":3,"enableSMB_with_COB":true,"enableSMB_with_temptarget":true,"allowSMB_with_high_temptarget":false,"enableSMB_always":false,"enableSMB_after_carbs":true,"maxSMBBasalMinutes":80,"maxUAMSMBBasalMinutes":60,"bolus_increment":0.05,"carbsReqThreshold":10,"current_basal":1,"temptargetSet":false,"autosens_max":1.2,"out_units":"mmol\/L"},"autosens_data":{"ratio":1},"meal_data":{"carbs":0,"mealCOB":0,"slopeFromMaxDeviation":-0.0026250000000000023,"slopeFromMinDeviation":0.19472727272727275,"lastBolusTime":1703384655685,"lastCarbTime":0},"microBolusAllowed":true,"currentTime":1703399625066,"flatBGsDetected":false},"output":{"temp":"absolute","bg":93,"tick":"+2","eventualBG":116,"targetBG":99,"insulinReq":0.29,"deliverAt":"2023-12-24T06:33:45.066Z","sensitivityRatio":1,"predBGs":{"IOB":[93,94,96,97,99,100,101,102,103,104,104,105,105,106,106,107,107,107,108,108,108,109,109,109,110,110,110,110,110,111,111,111,111,111,111,112,112,112,112,112,112,112,112,112,112,112,113],"ZT":[93,93,94,95,95,96,97,97,98,99],"UAM":[93,95,96,97,99,100,101,103,104,105,106,107,107,108,109,109,110,110,111,111,111,112,112,112,113,113,113,113,113,114,114,114,114,114,114,115,115,115,115,115,115,115,115,115,115,115,115,116]},"COB":0,"IOB":-0.447,"reason":"COB: 0, Dev: 0.4, BGI: 0.0, ISF: 1.7, CR: 4.29, Target: 5.5, minPredBG 6.0, minGuardBG 5.3, IOBpredBG 6.3, UAMpredBG 6.4; Eventual BG 6.4 >= 5.5, temp 1.20 < 1.58U\/hr. ","duration":30,"rate":1.58,"timestamp":"2023-12-24T06:33:45.237Z"}}