{"algorithm":"OpenAPSSMBPlugin","input":{"glucoseStatus":{"glucose":186,"noise":0,"delta":-5,"short_avgdelta":-4.78,"long_avgdelta":-3.58,"date":1703450892000},"currenttemp":{"temp":"absolute","duration":0,"rate":0,"minutesrunning":60},"iob_data":[{"iob":5.951,"basaliob":-0.679,"bolussnooze":0.0013,"activity":0.0674,"lastBolusTime":1703448542578,"time":"2023-12-24T20:48:42.849Z","iobWithZeroTemp":{"iob":5.951,"basaliob":-0.679,"bolussnooze":0.0013,"activity":0.0674,"lastBolusTime":1703448542578,"time":"2023-12-24T20:48:42.849Z"}},{"iob":5.619,"basaliob":-0.658,"bolussnooze":6.0E-4,"activity":0.0653,"lastBolusTime":1703448542578,"time":"2023-12-24T20:53:42.849Z","iobWithZeroTemp":{"iob":5.553,"basaliob":-0.724,"bolussnooze":6.0E-4,"activity":0.0653,"lastBolusTime":1703448542578,"time":"2023-12-24T20:53:42.849Z"}},{"iob":5.297,"basaliob":-0.636,"bolussnooze":3.0E-4,"activity":0.063,"lastBolusTime":1703448542578,"time":"2023-12-24T20:58:42.849Z","iobWithZeroTemp":{"iob":5.148,"basaliob":-0.785,"bolussnooze":3.0E-4,"activity":0.0628,"lastBolusTime":1703448542578,"time":"2023-12-24T20:58:42.849Z"}},{"iob":4.988,"basaliob":-0.612,"bolussnooze":1.0E-4,"activity":0.0606,"lastBolusTime":1703448542578,"time":"2023-12-24T21:03:42.849Z","iobWithZeroTemp":{"iob":4.765,"basaliob":-0.835,"bolussnooze":1.0E-4,"activity":0.0601,"lastBolusTime":1703448542578,"time":"2023-12-24T21:03:42.849Z"}},{"iob":4.691,"basaliob":-0.587,"bolussnooze":0,"activity":0.0582,"lastBolusTime":1703448542578,"time":"2023-12-24T21:08:42.849Z","iobWithZeroTemp":{"iob":4.396,"basaliob":-0.882,"bolussnooze":0,"activity":0.0574,"lastBolusTime":1703448542578,"time":"2023-12-24T21:08:42.849Z"}},{"iob":4.406,"basaliob":-0.562,"bolussnooze":0,"activity":0.0557,"lastBolusTime":1703448542578,"time":"2023-12-24T21:13:42.849Z","iobWithZeroTemp":{"iob":4.041,"basaliob":-0.927,"bolussnooze":0,"activity":0.0545,"lastBolusTime":1703448542578,"time":"2023-12-24T21:13:42.849Z"}},{"iob":4.133,"basaliob":-0.537,"bolussnooze":0,"activity":0.0532,"lastBolusTime":1703448542578,"time":"2023-12-24T21:18:42.849Z","iobWithZeroTemp":{"iob":3.699,"basaliob":-0.971,"bolussnooze":0,"activity":0.0516,"lastBolusTime":1703448542578,"time":"2023-12-24T21:18:42.849Z"}},{"iob":3.874,"basaliob":-0.511,"bolussnooze":0,"activity":0.0507,"lastBolusTime":1703448542578,"time":"2023-12-24T21:23:42.849Z","iobWithZeroTemp":{"iob":3.374,"basaliob":-1.011,"bolussnooze":0,"activity":0.0486,"lastBolusTime":1703448542578,"time":"2023-12-24T21:23:42.849Z"}},{"iob":3.627,"basaliob":-0.486,"bolussnooze":0,"activity":0.0482,"lastBolusTime":1703448542578,"time":"2023-12-24T21:28:42.849Z","iobWithZeroTemp":{"iob":3.064,"basaliob":-1.049,"bolussnooze":0,"activity":0.0457,"lastBolusTime":1703448542578,"time":"2023-12-24T21:28:42.849Z"}},{"iob":3.392,"basaliob":-0.461,"bolussnooze":0,"activity":0.0458,"lastBolusTime":1703448542578,"time":"2023-12-24T21:33:42.849Z","iobWithZeroTemp":{"iob":2.768,"basaliob":-1.085,"bolussnooze":0,"activity":0.0428,"lastBolusTime":1703448542578,"time":"2023-12-24T21:33:42.849Z"}},{"iob":3.168,"basaliob":-0.437,"bolussnooze":0,"activity":0.0434,"lastBolusTime":1703448542578,"time":"2023-12-24T21:38:42.849Z","iobWithZeroTemp":{"iob":2.485,"basaliob":-1.12,"bolussnooze":0,"activity":0.0398,"lastBolusTime":1703448542578,"time":"2023-12-24T21:38:42.849Z"}},{"iob":2.958,"basaliob":-0.413,"bolussnooze":0,"activity":0.041,"lastBolusTime":1703448542578,"time":"2023-12-24T21:43:42.849Z","iobWithZeroTemp":{"iob":2.219,"basaliob":-1.152,"bolussnooze":0,"activity":0.0369,"lastBolusTime":1703448542578,"time":"2023-12-24T21:43:42.849Z"}},{"iob":2.758,"basaliob":-0.39,"bolussnooze":0,"activity":0.0388,"lastBolusTime":1703448542578,"time":"2023-12-24T21:48:42.849Z","iobWithZeroTemp":{"iob":1.966,"basaliob":-1.182,"bolussnooze":0,"activity":0.0342,"lastBolusTime":1703448542578,"time":"2023-12-24T21:48:42.849Z"}},{"iob":2.57,"basaliob":-0.368,"bolussnooze":0,"activity":0.0365,"lastBolusTime":1703448542578,"time":"2023-12-24T21:53:42.849Z","iobWithZeroTemp":{"iob":1.727,"basaliob":-1.211,"bolussnooze":0,"activity":0.0314,"lastBolusTime":1703448542578,"time":"2023-12-24T21:53:42.849Z"}},{"iob":2.393,"basaliob":-0.346,"bolussnooze":0,"activity":0.0345,"lastBolusTime":1703448542578,"time":"2023-12-24T21:58:42.849Z","iobWithZeroTemp":{"iob":1.502,"basaliob":-1.237,"bolussnooze":0,"activity":0.0289,"lastBolusTime":1703448542578,"time":"2023-12-24T21:58:42.849Z"}},{"iob":2.225,"basaliob":-0.326,"bolussnooze":0,"activity":0.0324,"lastBolusTime":1703448542578,"time":"2023-12-24T22:03:42.849Z","iobWithZeroTemp":{"iob":1.296,"basaliob":-1.255,"bolussnooze":0,"activity":0.0263,"lastBolusTime":1703448542578,"time":"2023-12-24T22:03:42.849Z"}},{"iob":2.068,"basaliob":-0.306,"bolussnooze":0,"activity":0.0304,"lastBolusTime":1703448542578,"time":"2023-12-24T22:08:42.849Z","iobWithZeroTemp":{"iob":1.104,"basaliob":-1.27,"bolussnooze":0,"activity":0.0238,"lastBolusTime":1703448542578,"time":"2023-12-24T22:08:42.849Z"}},{"iob":1.92,"basaliob":-0.287,"bolussnooze":0,"activity":0.0286,"lastBolusTime":1703448542578,"time":"2023-12-24T22:13:42.849Z","iobWithZeroTemp":{"iob":0.923,"basaliob":-1.284,"bolussnooze":0,"activity":0.0216,"lastBolusTime":1703448542578,"time":"2023-12-24T22:13:42.849Z"}},{"iob":1.782,"basaliob":-0.269,"bolussnooze":0,"activity":0.0268,"lastBolusTime":1703448542578,"time":"2023-12-24T22:18:42.849Z","iobWithZeroTemp":{"iob":0.754,"basaliob":-1.297,"bolussnooze":0,"activity":0.0194,"lastBolusTime":1703448542578,"time":"2023-12-24T22:18:42.849Z"}},{"iob":1.653,"basaliob":-0.251,"bolussnooze":0,"activity":0.025,"lastBolusTime":1703448542578,"time":"2023-12-24T22:23:42.849Z","iobWithZeroTemp":{"iob":0.597,"basaliob":-1.307,"bolussnooze":0,"activity":0.0172,"lastBolusTime":1703448542578,"time":"2023-12-24T22:23:42.849Z"}},{"iob":1.531,"basaliob":-0.235,"bolussnooze":0,"activity":0.0235,"lastBolusTime":1703448542578,"time":"2023-12-24T22:28:42.849Z","iobWithZeroTemp":{"iob":0.448,"basaliob":-1.318,"bolussnooze":0,"activity":0.0153,"lastBolusTime":1703448542578,"time":"2023-12-24T22:28:42.849Z"}},{"iob":1.417,"basaliob":-0.22,"bolussnooze":0,"activity":0.022,"lastBolusTime":1703448542578,"time":"2023-12-24T22:33:42.849Z","iobWithZeroTemp":{"iob":0.309,"basaliob":-1.328,"bolussnooze":0,"activity":0.0135,"lastBolusTime":1703448542578,"time":"2023-12-24T22:33:42.849Z"}},{"iob":1.312,"basaliob":-0.205,"bolussnooze":0,"activity":0.0204,"lastBolusTime":1703448542578,"time":"2023-12-24T22:38:42.849Z","iobWithZeroTemp":{"iob":0.181,"basaliob":-1.336,"bolussnooze":0,"activity":0.0115,"lastBolusTime":1703448542578,"time":"2023-12-24T22:38:42.849Z"}},{"iob":1.213,"basaliob":-0.191,"bolussnooze":0,"activity":0.0191,"lastBolusTime":1703448542578,"time":"2023-12-24T22:43:42.849Z","iobWithZeroTemp":{"iob":0.06,"basaliob":-1.344,"bolussnooze":0,"activity":0.0099,"lastBolusTime":1703448542578,"time":"2023-12-24T22:43:42.849Z"}},{"iob":1.121,"basaliob":-0.178,"bolussnooze":0,"activity":0.0179,"lastBolusTime":1703448542578,"time":"2023-12-24T22:48:42.849Z","iobWithZeroTemp":{"iob":-0.052,"basaliob":-1.351,"bolussnooze":0,"activity":0.0084,"lastBolusTime":1703448542578,"time":"2023-12-24T22:48:42.849Z"}},{"iob":1.034,"basaliob":-0.166,"bolussnooze":0,"activity":0.0166,"lastBolusTime":1703448542578,"time":"2023-12-24T22:53:42.849Z","iobWithZeroTemp":{"iob":-0.158,"basaliob":-1.358,"bolussnooze":0,"activity":0.0069,"lastBolusTime":1703448542578,"time":"2023-12-24T22:53:42.849Z"}},{"iob":0.954,"basaliob":-0.154,"bolussnooze":0,"activity":0.0154,"lastBolusTime":1703448542578,"time":"2023-12-24T22:58:42.849Z","iobWithZeroTemp":{"iob":-0.255,"basaliob":-1.363,"bolussnooze":0,"activity":0.0054,"lastBolusTime":1703448542578,"time":"2023-12-24T22:58:42.849Z"}},{"iob":0.88,"basaliob":-0.143,"bolussnooze":0,"activity":0.0144,"lastBolusTime":1703448542578,"time":"2023-12-24T23:03:42.849Z","iobWithZeroTemp":{"iob":-0.345,"basaliob":-1.368,"bolussnooze":0,"activity":0.0042,"lastBolusTime":1703448542578,"time":"2023-12-24T23:03:42.849Z"}},{"iob":0.811,"basaliob":-0.133,"bolussnooze":0,"activity":0.0133,"lastBolusTime":1703448542578,"time":"2023-12-24T23:08:42.849Z","iobWithZeroTemp":{"iob":-0.429,"basaliob":-1.373,"bolussnooze":0,"activity":0.0028,"lastBolusTime":1703448542578,"time":"2023-12-24T23:08:42.849Z"}},{"iob":0.747,"basaliob":-0.123,"bolussnooze":0,"activity":0.0123,"lastBolusTime":1703448542578,"time":"2023-12-24T23:13:42.849Z","iobWithZeroTemp":{"iob":-0.507,"basaliob":-1.377,"bolussnooze":0,"activity":0.0016,"lastBolusTime":1703448542578,"time":"2023-12-24T23:13:42.849Z"}},{"iob":0.687,"basaliob":-0.114,"bolussnooze":0,"activity":0.0115,"lastBolusTime":1703448542578,"time":"2023-12-24T23:18:42.849Z","iobWithZeroTemp":{"iob":-0.58,"basaliob":-1.381,"bolussnooze":0,"activity":6.0E-4,"lastBolusTime":1703448542578,"time":"2023-12-24T23:18:42.849Z"}},{"iob":0.631,"basaliob":-0.106,"bolussnooze":0,"activity":0.0107,"lastBolusTime":1703448542578,"time":"2023-12-24T23:23:42.849Z","iobWithZeroTemp":{"iob":-0.648,"basaliob":-1.385,"bolussnooze":0,"activity":-4.0E-4,"lastBolusTime":1703448542578,"time":"2023-12-24T23:23:42.849Z"}},{"iob":0.58,"basaliob":-0.098,"bolussnooze":0,"activity":0.0099,"lastBolusTime":1703448542578,"time":"2023-12-24T23:28:42.849Z","iobWithZeroTemp":{"iob":-0.709,"basaliob":-1.387,"bolussnooze":0,"activity":-0.0013,"lastBolusTime":1703448542578,"time":"2023-12-24T23:28:42.849Z"}},{"iob":0.532,"basaliob":-0.091,"bolussnooze":0,"activity":0.0092,"lastBolusTime":1703448542578,"time":"2023-12-24T23:33:42.849Z","iobWithZeroTemp":{"iob":-0.768,"basaliob":-1.391,"bolussnooze":0,"activity":-0.0022,"lastBolusTime":1703448542578,"time":"2023-12-24T23:33:42.849Z"}},{"iob":0.488,"basaliob":-0.084,"bolussnooze":0,"activity":0.0085,"lastBolusTime":1703448542578,"time":"2023-12-24T23:38:42.849Z","iobWithZeroTemp":{"iob":-0.821,"basaliob":-1.393,"bolussnooze":0,"activity":-0.003,"lastBolusTime":1703448542578,"time":"2023-12-24T23:38:42.849Z"}},{"iob":0.448,"basaliob":-0.077,"bolussnooze":0,"activity":0.0079,"lastBolusTime":1703448542578,"time":"2023-12-24T23:43:42.849Z","iobWithZeroTemp":{"iob":-0.869,"basaliob":-1.394,"bolussnooze":0,"activity":-0.0038,"lastBolusTime":1703448542578,"time":"2023-12-24T23:43:42.849Z"}},{"iob":0.411,"basaliob":-0.071,"bolussnooze":0,"activity":0.0073,"lastBolusTime":1703448542578,"time":"2023-12-24T23:48:42.849Z","iobWithZeroTemp":{"iob":-0.914,"basaliob":-1.396,"bolussnooze":0,"activity":-0.0045,"lastBolusTime":1703448542578,"time":"2023-12-24T23:48:42.849Z"}},{"iob":0.375,"basaliob":-0.066,"bolussnooze":0,"activity":0.0066,"lastBolusTime":1703448542578,"time":"2023-12-24T23:53:42.849Z","iobWithZeroTemp":{"iob":-0.958,"basaliob":-1.399,"bolussnooze":0,"activity":-0.0053,"lastBolusTime":1703448542578,"time":"2023-12-24T23:53:42.849Z"}},{"iob":0.343,"basaliob":-0.061,"bolussnooze":0,"activity":0.0061,"lastBolusTime":1703448542578,"time":"2023-12-24T23:58:42.849Z","iobWithZeroTemp":{"iob":-0.996,"basaliob":-1.4,"bolussnooze":0,"activity":-0.0059,"lastBolusTime":1703448542578,"time":"2023-12-24T23:58:42.849Z"}},{"iob":0.314,"basaliob":-0.056,"bolussnooze":0,"activity":0.0057,"lastBolusTime":1703448542578,"time":"2023-12-25T00:03:42.849Z","iobWithZeroTemp":{"iob":-1.036,"basaliob":-1.406,"bolussnooze":0,"activity":-0.0065,"lastBolusTime":1703448542578,"time":"2023-12-25T00:03:42.849Z"}},{"iob":0.287,"basaliob":-0.051,"bolussnooze":0,"activity":0.0052,"lastBolusTime":1703448542578,"time":"2023-12-25T00:08:42.849Z","iobWithZeroTemp":{"iob":-1.073,"basaliob":-1.411,"bolussnooze":0,"activity":-0.0071,"lastBolusTime":1703448542578,"time":"2023-12-25T00:08:42.849Z"}},{"iob":0.262,"basaliob":-0.047,"bolussnooze":0,"activity":0.0048,"lastBolusTime":1703448542578,"time":"2023-12-25T00:13:42.849Z","iobWithZeroTemp":{"iob":-1.107,"basaliob":-1.416,"bolussnooze":0,"activity":-0.0076,"lastBolusTime":1703448542578,"time":"2023-12-25T00:13:42.849Z"}},{"iob":0.238,"basaliob":-0.044,"bolussnooze":0,"activity":0.0045,"lastBolusTime":1703448542578,"time":"2023-12-25T00:18:42.849Z","iobWithZeroTemp":{"iob":-1.14,"basaliob":-1.422,"bolussnooze":0,"activity":-0.008,"lastBolusTime":1703448542578,"time":"2023-12-25T00:18:42.849Z"}},{"iob":0.217,"basaliob":-0.04,"bolussnooze":0,"activity":0.004,"lastBolusTime":1703448542578,"time":"2023-12-25T00:23:42.849Z","iobWithZeroTemp":{"iob":-1.169,"basaliob":-1.426,"bolussnooze":0,"activity":-0.0086,"lastBolusTime":1703448542578,"time":"2023-12-25T00:23:42.849Z"}},{"iob":0.198,"basaliob":-0.037,"bolussnooze":0,"activity":0.0038,"lastBolusTime":1703448542578,"time":"2023-12-25T00:28:42.849Z","iobWithZeroTemp":{"iob":-1.196,"basaliob":-1.431,"bolussnooze":0,"activity":-0.0089,"lastBolusTime":1703448542578,"time":"2023-12-25T00:28:42.849Z"}},{"iob":0.18,"basaliob":-0.034,"bolussnooze":0,"activity":0.0034,"lastBolusTime":1703448542578,"time":"2023-12-25T00:33:42.849Z","iobWithZeroTemp":{"iob":-1.221,"basaliob":-1.435,"bolussnooze":0,"activity":-0.0093,"lastBolusTime":1703448542578,"time":"2023-12-25T00:33:42.849Z"}},{"iob":0.163,"basaliob":-0.031,"bolussnooze":0,"activity":0.0032,"lastBolusTime":1703448542578,"time":"2023-12-25T00:38:42.849Z","iobWithZeroTemp":{"iob":-1.245,"basaliob":-1.439,"bolussnooze":0,"activity":-0.0096,"lastBolusTime":1703448542578,"time":"2023-12-25T00:38:42.849Z"}},{"iob":0.149,"basaliob":-0.028,"bolussnooze":0,"activity":0.0029,"lastBolusTime":1703448542578,"time":"2023-12-25T00:43:42.849Z","iobWithZeroTemp":{"iob":-1.266,"basaliob":-1.443,"bolussnooze":0,"activity":-0.01,"lastBolusTime":1703448542578,"time":"2023-12-25T00:43:42.849Z"}}],"profile":{"max_iob":15,"type":"current","max_daily_basal":1.2,"max_basal":3.59,"min_bg":99,"max_bg":99,"target_bg":99,"carb_ratio":4.761904761904762,"sens":24,"max_daily_safety_multiplier":3,"current_basal_safety_multiplier":4,"high_temptarget_raises_sensitivity":false,"low_temptarget_lowers_sensitivity":false,"sensitivity_raises_target":true,"resistance_lowers_target":true,"adv_target_adjustments":false,"exercise_mode":false,"half_basal_exercise_target":160,"maxCOB":120,"skip_neutral_temps":false,"remainingCarbsCap":90,"enableUAM":true,"A52_risk_enable":false,"SMBInterval":3,"enableSMB_with_COB":true,"enableSMB_with_temptarget":true,"allowSMB_with_high_temptarget":false,"enableSMB_always":false,"enableSMB_after_carbs":true,"maxSMBBasalMinutes":80,"maxUAMSMBBasalMinutes":60,"bolus_increment":0.05,"carbsReqThreshold":10,"current_basal":1,"temptargetSet":false,"autosens_max":1.2,"out_units":"mmol\/L"},"autosens_data":{"ratio":1},"meal_data":{"carbs":56,"mealCOB":0,"slopeFromMaxDeviation":-0.6417272727272727,"slopeFromMinDeviation":0,"lastBolusTime":1703448542578,"lastCarbTime":1703445773664},"microBolusAllowed":true,"currentTime":1703450924847,"flatBGsDetected":false},"output":{"temp":"absolute","bg":186,"tick":-5,"eventualBG":62,"targetBG":99,"insulinReq":0,"deliverAt":"2023-12-24T20:48:44.847Z","sensitivityRatio":1,"predBGs":{"IOB":[186,181,175,170,165,160,155,150,145,140,135,130,125,120,116,112,108,104,101,97,94,92,89,86,84,82,80,78,76,75,73,72,71,70,68,67,66,66,65,64,63,63,62,62,61,61,60],"ZT":[186,178,170,163,155,148,142,136,130,124,119,114,110,106,102,99,96,93,90,88,86,84,82,81,80,79,78,77,77,76,76,76,76,76,77,77,77,78,79,79,80,81,82,83,84,85,86,87],"UAM":[186,180,174,168,161,154,148,141,135,129,124,119,114,109,105,101,97,93,90,86,83,81,78,75,73,71,69,67,65,64,62,61,60,58,57,56,55,55,54,53,52,52,51,51,50,50,49]},"COB":0,"IOB":5.951,"reason":"COB: 0, Dev: 1.1, BGI: -0.4, ISF: 1.3, CR: 4.76, Target: 5.5, minPredBG 3.3, minGuardBG 2.7, IOBpredBG 3.3, UAMpredBG 2.7; minGuardBG 2.7<3.9","duration":120,"rate":0,"timestamp":"2023-12-24T20:48:44.956Z"}}