{"algorithm":"OpenAPSSMBPlugin","input":{"glucoseStatus":{"glucose":196,"noise":0,"delta":-5,"short_avgdelta":-5.94,"long_avgdelta":-3.5,"date":1703373490000},"currenttemp":{"temp":"absolute","duration":35,"rate":0,"minutesrunning":25},"iob_data":[{"iob":5.659,"basaliob":-0.322,"bolussnooze":0,"activity":0.0566,"lastBolusTime":1703372056483,"time":"2023-12-23T23:18:41.821Z","iobWithZeroTemp":{"iob":5.659,"basaliob":-0.322,"bolussnooze":0,"activity":0.0566,"lastBolusTime":1703372056483,"time":"2023-12-23T23:18:41.821Z"}},{"iob":5.377,"basaliob":-0.298,"bolussnooze":0,"activity":0.0558,"lastBolusTime":1703372056483,"time":"2023-12-23T23:23:41.821Z","iobWithZeroTemp":{"iob":5.324,"basaliob":-0.351,"bolussnooze":0,"activity":0.0558,"lastBolusTime":1703372056483,"time":"2023-12-23T23:23:41.821Z"}},{"iob":5.101,"basaliob":-0.275,"bolussnooze":0,"activity":0.0548,"lastBolusTime":1703372056483,"time":"2023-12-23T23:28:41.821Z","iobWithZeroTemp":{"iob":4.981,"basaliob":-0.395,"bolussnooze":0,"activity":0.0546,"lastBolusTime":1703372056483,"time":"2023-12-23T23:28:41.821Z"}},{"iob":4.83,"basaliob":-0.254,"bolussnooze":0,"activity":0.0535,"lastBolusTime":1703372056483,"time":"2023-12-23T23:33:41.821Z","iobWithZeroTemp":{"iob":4.645,"basaliob":-0.439,"bolussnooze":0,"activity":0.0531,"lastBolusTime":1703372056483,"time":"2023-12-23T23:33:41.821Z"}},{"iob":4.565,"basaliob":-0.235,"bolussnooze":0,"activity":0.052,"lastBolusTime":1703372056483,"time":"2023-12-23T23:38:41.821Z","iobWithZeroTemp":{"iob":4.316,"basaliob":-0.484,"bolussnooze":0,"activity":0.0513,"lastBolusTime":1703372056483,"time":"2023-12-23T23:38:41.821Z"}},{"iob":4.31,"basaliob":-0.216,"bolussnooze":0,"activity":0.0504,"lastBolusTime":1703372056483,"time":"2023-12-23T23:43:41.821Z","iobWithZeroTemp":{"iob":3.998,"basaliob":-0.528,"bolussnooze":0,"activity":0.0494,"lastBolusTime":1703372056483,"time":"2023-12-23T23:43:41.821Z"}},{"iob":4.062,"basaliob":-0.199,"bolussnooze":0,"activity":0.0486,"lastBolusTime":1703372056483,"time":"2023-12-23T23:48:41.821Z","iobWithZeroTemp":{"iob":3.689,"basaliob":-0.572,"bolussnooze":0,"activity":0.0473,"lastBolusTime":1703372056483,"time":"2023-12-23T23:48:41.821Z"}},{"iob":3.823,"basaliob":-0.184,"bolussnooze":0,"activity":0.0468,"lastBolusTime":1703372056483,"time":"2023-12-23T23:53:41.821Z","iobWithZeroTemp":{"iob":3.391,"basaliob":-0.616,"bolussnooze":0,"activity":0.0451,"lastBolusTime":1703372056483,"time":"2023-12-23T23:53:41.821Z"}},{"iob":3.594,"basaliob":-0.169,"bolussnooze":0,"activity":0.0449,"lastBolusTime":1703372056483,"time":"2023-12-23T23:58:41.821Z","iobWithZeroTemp":{"iob":3.106,"basaliob":-0.657,"bolussnooze":0,"activity":0.0427,"lastBolusTime":1703372056483,"time":"2023-12-23T23:58:41.821Z"}},{"iob":3.375,"basaliob":-0.155,"bolussnooze":0,"activity":0.043,"lastBolusTime":1703372056483,"time":"2023-12-24T00:03:41.821Z","iobWithZeroTemp":{"iob":2.828,"basaliob":-0.702,"bolussnooze":0,"activity":0.0404,"lastBolusTime":1703372056483,"time":"2023-12-24T00:03:41.821Z"}},{"iob":3.164,"basaliob":-0.143,"bolussnooze":0,"activity":0.041,"lastBolusTime":1703372056483,"time":"2023-12-24T00:08:41.821Z","iobWithZeroTemp":{"iob":2.56,"basaliob":-0.747,"bolussnooze":0,"activity":0.0379,"lastBolusTime":1703372056483,"time":"2023-12-24T00:08:41.821Z"}},{"iob":2.964,"basaliob":-0.131,"bolussnooze":0,"activity":0.0391,"lastBolusTime":1703372056483,"time":"2023-12-24T00:13:41.821Z","iobWithZeroTemp":{"iob":2.306,"basaliob":-0.789,"bolussnooze":0,"activity":0.0356,"lastBolusTime":1703372056483,"time":"2023-12-24T00:13:41.821Z"}},{"iob":2.774,"basaliob":-0.12,"bolussnooze":0,"activity":0.0371,"lastBolusTime":1703372056483,"time":"2023-12-24T00:18:41.821Z","iobWithZeroTemp":{"iob":2.064,"basaliob":-0.83,"bolussnooze":0,"activity":0.0331,"lastBolusTime":1703372056483,"time":"2023-12-24T00:18:41.821Z"}},{"iob":2.593,"basaliob":-0.11,"bolussnooze":0,"activity":0.0352,"lastBolusTime":1703372056483,"time":"2023-12-24T00:23:41.821Z","iobWithZeroTemp":{"iob":1.834,"basaliob":-0.869,"bolussnooze":0,"activity":0.0307,"lastBolusTime":1703372056483,"time":"2023-12-24T00:23:41.821Z"}},{"iob":2.422,"basaliob":-0.101,"bolussnooze":0,"activity":0.0333,"lastBolusTime":1703372056483,"time":"2023-12-24T00:28:41.821Z","iobWithZeroTemp":{"iob":1.615,"basaliob":-0.908,"bolussnooze":0,"activity":0.0283,"lastBolusTime":1703372056483,"time":"2023-12-24T00:28:41.821Z"}},{"iob":2.26,"basaliob":-0.092,"bolussnooze":0,"activity":0.0316,"lastBolusTime":1703372056483,"time":"2023-12-24T00:33:41.821Z","iobWithZeroTemp":{"iob":1.409,"basaliob":-0.943,"bolussnooze":0,"activity":0.0262,"lastBolusTime":1703372056483,"time":"2023-12-24T00:33:41.821Z"}},{"iob":2.106,"basaliob":-0.085,"bolussnooze":0,"activity":0.0298,"lastBolusTime":1703372056483,"time":"2023-12-24T00:38:41.821Z","iobWithZeroTemp":{"iob":1.212,"basaliob":-0.979,"bolussnooze":0,"activity":0.0239,"lastBolusTime":1703372056483,"time":"2023-12-24T00:38:41.821Z"}},{"iob":1.962,"basaliob":-0.077,"bolussnooze":0,"activity":0.0281,"lastBolusTime":1703372056483,"time":"2023-12-24T00:43:41.821Z","iobWithZeroTemp":{"iob":1.028,"basaliob":-1.011,"bolussnooze":0,"activity":0.0218,"lastBolusTime":1703372056483,"time":"2023-12-24T00:43:41.821Z"}},{"iob":1.825,"basaliob":-0.071,"bolussnooze":0,"activity":0.0264,"lastBolusTime":1703372056483,"time":"2023-12-24T00:48:41.821Z","iobWithZeroTemp":{"iob":0.853,"basaliob":-1.043,"bolussnooze":0,"activity":0.0196,"lastBolusTime":1703372056483,"time":"2023-12-24T00:48:41.821Z"}},{"iob":1.698,"basaliob":-0.064,"bolussnooze":0,"activity":0.0248,"lastBolusTime":1703372056483,"time":"2023-12-24T00:53:41.821Z","iobWithZeroTemp":{"iob":0.69,"basaliob":-1.072,"bolussnooze":0,"activity":0.0176,"lastBolusTime":1703372056483,"time":"2023-12-24T00:53:41.821Z"}},{"iob":1.577,"basaliob":-0.059,"bolussnooze":0,"activity":0.0233,"lastBolusTime":1703372056483,"time":"2023-12-24T00:58:41.821Z","iobWithZeroTemp":{"iob":0.535,"basaliob":-1.101,"bolussnooze":0,"activity":0.0157,"lastBolusTime":1703372056483,"time":"2023-12-24T00:58:41.821Z"}},{"iob":1.463,"basaliob":-0.054,"bolussnooze":0,"activity":0.0219,"lastBolusTime":1703372056483,"time":"2023-12-24T01:03:41.821Z","iobWithZeroTemp":{"iob":0.381,"basaliob":-1.136,"bolussnooze":0,"activity":0.0139,"lastBolusTime":1703372056483,"time":"2023-12-24T01:03:41.821Z"}},{"iob":1.358,"basaliob":-0.049,"bolussnooze":0,"activity":0.0205,"lastBolusTime":1703372056483,"time":"2023-12-24T01:08:41.821Z","iobWithZeroTemp":{"iob":0.239,"basaliob":-1.168,"bolussnooze":0,"activity":0.0121,"lastBolusTime":1703372056483,"time":"2023-12-24T01:08:41.821Z"}},{"iob":1.259,"basaliob":-0.044,"bolussnooze":0,"activity":0.0193,"lastBolusTime":1703372056483,"time":"2023-12-24T01:13:41.821Z","iobWithZeroTemp":{"iob":0.104,"basaliob":-1.199,"bolussnooze":0,"activity":0.0105,"lastBolusTime":1703372056483,"time":"2023-12-24T01:13:41.821Z"}},{"iob":1.166,"basaliob":-0.04,"bolussnooze":0,"activity":0.0179,"lastBolusTime":1703372056483,"time":"2023-12-24T01:18:41.821Z","iobWithZeroTemp":{"iob":-0.023,"basaliob":-1.229,"bolussnooze":0,"activity":0.0088,"lastBolusTime":1703372056483,"time":"2023-12-24T01:18:41.821Z"}},{"iob":1.078,"basaliob":-0.037,"bolussnooze":0,"activity":0.0168,"lastBolusTime":1703372056483,"time":"2023-12-24T01:23:41.821Z","iobWithZeroTemp":{"iob":-0.143,"basaliob":-1.258,"bolussnooze":0,"activity":0.0073,"lastBolusTime":1703372056483,"time":"2023-12-24T01:23:41.821Z"}},{"iob":0.998,"basaliob":-0.033,"bolussnooze":0,"activity":0.0157,"lastBolusTime":1703372056483,"time":"2023-12-24T01:28:41.821Z","iobWithZeroTemp":{"iob":-0.254,"basaliob":-1.285,"bolussnooze":0,"activity":0.0058,"lastBolusTime":1703372056483,"time":"2023-12-24T01:28:41.821Z"}},{"iob":0.922,"basaliob":-0.03,"bolussnooze":0,"activity":0.0146,"lastBolusTime":1703372056483,"time":"2023-12-24T01:33:41.821Z","iobWithZeroTemp":{"iob":-0.358,"basaliob":-1.31,"bolussnooze":0,"activity":0.0044,"lastBolusTime":1703372056483,"time":"2023-12-24T01:33:41.821Z"}},{"iob":0.852,"basaliob":-0.027,"bolussnooze":0,"activity":0.0137,"lastBolusTime":1703372056483,"time":"2023-12-24T01:38:41.821Z","iobWithZeroTemp":{"iob":-0.455,"basaliob":-1.334,"bolussnooze":0,"activity":0.0032,"lastBolusTime":1703372056483,"time":"2023-12-24T01:38:41.821Z"}},{"iob":0.785,"basaliob":-0.025,"bolussnooze":0,"activity":0.0127,"lastBolusTime":1703372056483,"time":"2023-12-24T01:43:41.821Z","iobWithZeroTemp":{"iob":-0.547,"basaliob":-1.357,"bolussnooze":0,"activity":0.0019,"lastBolusTime":1703372056483,"time":"2023-12-24T01:43:41.821Z"}},{"iob":0.725,"basaliob":-0.022,"bolussnooze":0,"activity":0.0117,"lastBolusTime":1703372056483,"time":"2023-12-24T01:48:41.821Z","iobWithZeroTemp":{"iob":-0.631,"basaliob":-1.378,"bolussnooze":0,"activity":6.0E-4,"lastBolusTime":1703372056483,"time":"2023-12-24T01:48:41.821Z"}},{"iob":0.668,"basaliob":-0.02,"bolussnooze":0,"activity":0.011,"lastBolusTime":1703372056483,"time":"2023-12-24T01:53:41.821Z","iobWithZeroTemp":{"iob":-0.711,"basaliob":-1.399,"bolussnooze":0,"activity":-4.0E-4,"lastBolusTime":1703372056483,"time":"2023-12-24T01:53:41.821Z"}},{"iob":0.615,"basaliob":-0.018,"bolussnooze":0,"activity":0.0102,"lastBolusTime":1703372056483,"time":"2023-12-24T01:58:41.821Z","iobWithZeroTemp":{"iob":-0.784,"basaliob":-1.417,"bolussnooze":0,"activity":-0.0015,"lastBolusTime":1703372056483,"time":"2023-12-24T01:58:41.821Z"}},{"iob":0.566,"basaliob":-0.016,"bolussnooze":0,"activity":0.0095,"lastBolusTime":1703372056483,"time":"2023-12-24T02:03:41.821Z","iobWithZeroTemp":{"iob":-0.866,"basaliob":-1.448,"bolussnooze":0,"activity":-0.0025,"lastBolusTime":1703372056483,"time":"2023-12-24T02:03:41.821Z"}},{"iob":0.52,"basaliob":-0.015,"bolussnooze":0,"activity":0.0088,"lastBolusTime":1703372056483,"time":"2023-12-24T02:08:41.821Z","iobWithZeroTemp":{"iob":-0.943,"basaliob":-1.478,"bolussnooze":0,"activity":-0.0035,"lastBolusTime":1703372056483,"time":"2023-12-24T02:08:41.821Z"}},{"iob":0.478,"basaliob":-0.013,"bolussnooze":0,"activity":0.0081,"lastBolusTime":1703372056483,"time":"2023-12-24T02:13:41.821Z","iobWithZeroTemp":{"iob":-1.015,"basaliob":-1.506,"bolussnooze":0,"activity":-0.0044,"lastBolusTime":1703372056483,"time":"2023-12-24T02:13:41.821Z"}},{"iob":0.439,"basaliob":-0.012,"bolussnooze":0,"activity":0.0075,"lastBolusTime":1703372056483,"time":"2023-12-24T02:18:41.821Z","iobWithZeroTemp":{"iob":-1.083,"basaliob":-1.534,"bolussnooze":0,"activity":-0.0053,"lastBolusTime":1703372056483,"time":"2023-12-24T02:18:41.821Z"}},{"iob":0.402,"basaliob":-0.011,"bolussnooze":0,"activity":0.007,"lastBolusTime":1703372056483,"time":"2023-12-24T02:23:41.821Z","iobWithZeroTemp":{"iob":-1.147,"basaliob":-1.56,"bolussnooze":0,"activity":-0.0061,"lastBolusTime":1703372056483,"time":"2023-12-24T02:23:41.821Z"}},{"iob":0.37,"basaliob":-0.009,"bolussnooze":0,"activity":0.0064,"lastBolusTime":1703372056483,"time":"2023-12-24T02:28:41.821Z","iobWithZeroTemp":{"iob":-1.205,"basaliob":-1.584,"bolussnooze":0,"activity":-0.007,"lastBolusTime":1703372056483,"time":"2023-12-24T02:28:41.821Z"}},{"iob":0.339,"basaliob":-0.008,"bolussnooze":0,"activity":0.0059,"lastBolusTime":1703372056483,"time":"2023-12-24T02:33:41.821Z","iobWithZeroTemp":{"iob":-1.26,"basaliob":-1.607,"bolussnooze":0,"activity":-0.0077,"lastBolusTime":1703372056483,"time":"2023-12-24T02:33:41.821Z"}},{"iob":0.309,"basaliob":-0.008,"bolussnooze":0,"activity":0.0055,"lastBolusTime":1703372056483,"time":"2023-12-24T02:38:41.821Z","iobWithZeroTemp":{"iob":-1.313,"basaliob":-1.63,"bolussnooze":0,"activity":-0.0084,"lastBolusTime":1703372056483,"time":"2023-12-24T02:38:41.821Z"}},{"iob":0.283,"basaliob":-0.007,"bolussnooze":0,"activity":0.005,"lastBolusTime":1703372056483,"time":"2023-12-24T02:43:41.821Z","iobWithZeroTemp":{"iob":-1.361,"basaliob":-1.651,"bolussnooze":0,"activity":-0.0091,"lastBolusTime":1703372056483,"time":"2023-12-24T02:43:41.821Z"}},{"iob":0.259,"basaliob":-0.006,"bolussnooze":0,"activity":0.0047,"lastBolusTime":1703372056483,"time":"2023-12-24T02:48:41.821Z","iobWithZeroTemp":{"iob":-1.405,"basaliob":-1.67,"bolussnooze":0,"activity":-0.0097,"lastBolusTime":1703372056483,"time":"2023-12-24T02:48:41.821Z"}},{"iob":0.237,"basaliob":-0.005,"bolussnooze":0,"activity":0.0043,"lastBolusTime":1703372056483,"time":"2023-12-24T02:53:41.821Z","iobWithZeroTemp":{"iob":-1.447,"basaliob":-1.689,"bolussnooze":0,"activity":-0.0103,"lastBolusTime":1703372056483,"time":"2023-12-24T02:53:41.821Z"}},{"iob":0.216,"basaliob":-0.005,"bolussnooze":0,"activity":0.004,"lastBolusTime":1703372056483,"time":"2023-12-24T02:58:41.821Z","iobWithZeroTemp":{"iob":-1.486,"basaliob":-1.707,"bolussnooze":0,"activity":-0.0108,"lastBolusTime":1703372056483,"time":"2023-12-24T02:58:41.821Z"}},{"iob":0.197,"basaliob":-0.004,"bolussnooze":0,"activity":0.0036,"lastBolusTime":1703372056483,"time":"2023-12-24T03:03:41.821Z","iobWithZeroTemp":{"iob":-1.53,"basaliob":-1.731,"bolussnooze":0,"activity":-0.0115,"lastBolusTime":1703372056483,"time":"2023-12-24T03:03:41.821Z"}},{"iob":0.179,"basaliob":-0.004,"bolussnooze":0,"activity":0.0033,"lastBolusTime":1703372056483,"time":"2023-12-24T03:08:41.821Z","iobWithZeroTemp":{"iob":-1.573,"basaliob":-1.756,"bolussnooze":0,"activity":-0.012,"lastBolusTime":1703372056483,"time":"2023-12-24T03:08:41.821Z"}},{"iob":0.164,"basaliob":-0.003,"bolussnooze":0,"activity":0.0031,"lastBolusTime":1703372056483,"time":"2023-12-24T03:13:41.821Z","iobWithZeroTemp":{"iob":-1.611,"basaliob":-1.778,"bolussnooze":0,"activity":-0.0124,"lastBolusTime":1703372056483,"time":"2023-12-24T03:13:41.821Z"}}],"profile":{"max_iob":15,"type":"current","max_daily_basal":1.2,"max_basal":3.2,"min_bg":144,"max_bg":144,"target_bg":144,"carb_ratio":5.7142857142857135,"sens":30.857142857142854,"max_daily_safety_multiplier":3,"current_basal_safety_multiplier":4,"high_temptarget_raises_sensitivity":false,"low_temptarget_lowers_sensitivity":false,"sensitivity_raises_target":true,"resistance_lowers_target":true,"adv_target_adjustments":false,"exercise_mode":false,"half_basal_exercise_target":160,"maxCOB":120,"skip_neutral_temps":false,"remainingCarbsCap":90,"enableUAM":true,"A52_risk_enable":false,"SMBInterval":3,"enableSMB_with_COB":true,"enableSMB_with_temptarget":true,"allowSMB_with_high_temptarget":false,"enableSMB_always":false,"enableSMB_after_carbs":true,"maxSMBBasalMinutes":80,"maxUAMSMBBasalMinutes":60,"bolus_increment":0.05,"carbsReqThreshold":10,"current_basal":0.8,"temptargetSet":true,"autosens_max":1.2,"out_units":"mmol\/L"},"autosens_data":{"ratio":1},"meal_data":{"carbs":40,"mealCOB":0,"slopeFromMaxDeviation":-2.736,"slopeFromMinDeviation":0,"lastBolusTime":1703372056483,"lastCarbTime":1703363714235},"microBolusAllowed":true,"currentTime":1703373524577,"flatBGsDetected":false},"output":{"temp":"absolute","bg":196,"tick":-5,"eventualBG":39,"targetBG":144,"insulinReq":0,"deliverAt":"2023-12-23T23:18:44.577Z","sensitivityRatio":1,"predBGs":{"IOB":[196,190,184,177,171,164,158,152,145,139,133,127,121,115,110,104,100,95,91,87,83,79,76,73,70,67,64,62,60,57,55,54,52,50,49,48,46,45,44,43,42,41,41,40,39],"ZT":[196,187,179,170,162,154,146,139,132,126,119,113,108,103,98,94,90,86,83,80,77,74,72,70,69,67,66,65,65,64,64,64,64,64,65,65,66,67,68,69,70,71,73,74,76,77,79,81],"UAM":[196,187,179,170,162,154,146,139,131,124,118,111,105,100,94,89,84,80,75,71,67,64,60,57,54,52,49,46,44,42,40,39]},"COB":0,"IOB":5.659,"reason":"COB: 0, Dev: 0.9, BGI: -0.5, ISF: 1.7, CR: 5.71, Target: 8.0, minPredBG 2.9, minGuardBG 1.2, IOBpredBG 2.2, UAMpredBG 2.2; minGuardBG 1.2<5.1","duration":120,"rate":0,"timestamp":"2023-12-23T23:18:44.747Z"}}