{"algorithm":"OpenAPSSMBPlugin","input":{"glucoseStatus":{"glucose":123,"noise":0,"delta":0,"short_avgdelta":0.11,"long_avgdelta":-0.85,"date":1703533695000},"currenttemp":{"temp":"absolute","duration":20,"rate":1.75,"minutesrunning":10},"iob_data":[{"iob":1.568,"basaliob":-1.324,"bolussnooze":0,"activity":0.0243,"lastBolusTime":1703533439659,"time":"2023-12-25T19:48:46.624Z","iobWithZeroTemp":{"iob":1.568,"basaliob":-1.324,"bolussnooze":0,"activity":0.0243,"lastBolusTime":1703533439659,"time":"2023-12-25T19:48:46.624Z"}},{"iob":1.451,"basaliob":-1.256,"bolussnooze":0,"activity":0.0227,"lastBolusTime":1703533439659,"time":"2023-12-25T19:53:46.624Z","iobWithZeroTemp":{"iob":1.381,"basaliob":-1.326,"bolussnooze":0,"activity":0.0227,"lastBolusTime":1703533439659,"time":"2023-12-25T19:53:46.624Z"}},{"iob":1.341,"basaliob":-1.19,"bolussnooze":0,"activity":0.0212,"lastBolusTime":1703533439659,"time":"2023-12-25T19:58:46.624Z","iobWithZeroTemp":{"iob":1.184,"basaliob":-1.347,"bolussnooze":0,"activity":0.021,"lastBolusTime":1703533439659,"time":"2023-12-25T19:58:46.624Z"}},{"iob":1.239,"basaliob":-1.125,"bolussnooze":0,"activity":0.0197,"lastBolusTime":1703533439659,"time":"2023-12-25T20:03:46.624Z","iobWithZeroTemp":{"iob":1,"basaliob":-1.364,"bolussnooze":0,"activity":0.0192,"lastBolusTime":1703533439659,"time":"2023-12-25T20:03:46.624Z"}},{"iob":1.144,"basaliob":-1.062,"bolussnooze":0,"activity":0.0183,"lastBolusTime":1703533439659,"time":"2023-12-25T20:08:46.624Z","iobWithZeroTemp":{"iob":0.825,"basaliob":-1.381,"bolussnooze":0,"activity":0.0175,"lastBolusTime":1703533439659,"time":"2023-12-25T20:08:46.624Z"}},{"iob":1.054,"basaliob":-1.002,"bolussnooze":0,"activity":0.0171,"lastBolusTime":1703533439659,"time":"2023-12-25T20:13:46.624Z","iobWithZeroTemp":{"iob":0.657,"basaliob":-1.399,"bolussnooze":0,"activity":0.0158,"lastBolusTime":1703533439659,"time":"2023-12-25T20:13:46.624Z"}},{"iob":0.972,"basaliob":-0.943,"bolussnooze":0,"activity":0.0159,"lastBolusTime":1703533439659,"time":"2023-12-25T20:18:46.624Z","iobWithZeroTemp":{"iob":0.5,"basaliob":-1.415,"bolussnooze":0,"activity":0.0142,"lastBolusTime":1703533439659,"time":"2023-12-25T20:18:46.624Z"}},{"iob":0.895,"basaliob":-0.887,"bolussnooze":0,"activity":0.0148,"lastBolusTime":1703533439659,"time":"2023-12-25T20:23:46.624Z","iobWithZeroTemp":{"iob":0.349,"basaliob":-1.433,"bolussnooze":0,"activity":0.0126,"lastBolusTime":1703533439659,"time":"2023-12-25T20:23:46.624Z"}},{"iob":0.824,"basaliob":-0.833,"bolussnooze":0,"activity":0.0138,"lastBolusTime":1703533439659,"time":"2023-12-25T20:28:46.624Z","iobWithZeroTemp":{"iob":0.208,"basaliob":-1.449,"bolussnooze":0,"activity":0.011,"lastBolusTime":1703533439659,"time":"2023-12-25T20:28:46.624Z"}},{"iob":0.758,"basaliob":-0.781,"bolussnooze":0,"activity":0.0127,"lastBolusTime":1703533439659,"time":"2023-12-25T20:33:46.624Z","iobWithZeroTemp":{"iob":0.074,"basaliob":-1.465,"bolussnooze":0,"activity":0.0094,"lastBolusTime":1703533439659,"time":"2023-12-25T20:33:46.624Z"}},{"iob":0.697,"basaliob":-0.732,"bolussnooze":0,"activity":0.0118,"lastBolusTime":1703533439659,"time":"2023-12-25T20:38:46.624Z","iobWithZeroTemp":{"iob":-0.053,"basaliob":-1.482,"bolussnooze":0,"activity":0.0079,"lastBolusTime":1703533439659,"time":"2023-12-25T20:38:46.624Z"}},{"iob":0.64,"basaliob":-0.685,"bolussnooze":0,"activity":0.0109,"lastBolusTime":1703533439659,"time":"2023-12-25T20:43:46.624Z","iobWithZeroTemp":{"iob":-0.172,"basaliob":-1.497,"bolussnooze":0,"activity":0.0064,"lastBolusTime":1703533439659,"time":"2023-12-25T20:43:46.624Z"}},{"iob":0.587,"basaliob":-0.641,"bolussnooze":0,"activity":0.0101,"lastBolusTime":1703533439659,"time":"2023-12-25T20:48:46.624Z","iobWithZeroTemp":{"iob":-0.284,"basaliob":-1.512,"bolussnooze":0,"activity":0.0051,"lastBolusTime":1703533439659,"time":"2023-12-25T20:48:46.624Z"}},{"iob":0.539,"basaliob":-0.599,"bolussnooze":0,"activity":0.0094,"lastBolusTime":1703533439659,"time":"2023-12-25T20:53:46.624Z","iobWithZeroTemp":{"iob":-0.389,"basaliob":-1.527,"bolussnooze":0,"activity":0.0038,"lastBolusTime":1703533439659,"time":"2023-12-25T20:53:46.624Z"}},{"iob":0.494,"basaliob":-0.559,"bolussnooze":0,"activity":0.0086,"lastBolusTime":1703533439659,"time":"2023-12-25T20:58:46.624Z","iobWithZeroTemp":{"iob":-0.488,"basaliob":-1.541,"bolussnooze":0,"activity":0.0025,"lastBolusTime":1703533439659,"time":"2023-12-25T20:58:46.624Z"}},{"iob":0.453,"basaliob":-0.521,"bolussnooze":0,"activity":0.008,"lastBolusTime":1703533439659,"time":"2023-12-25T21:03:46.624Z","iobWithZeroTemp":{"iob":-0.572,"basaliob":-1.546,"bolussnooze":0,"activity":0.0013,"lastBolusTime":1703533439659,"time":"2023-12-25T21:03:46.624Z"}},{"iob":0.414,"basaliob":-0.486,"bolussnooze":0,"activity":0.0074,"lastBolusTime":1703533439659,"time":"2023-12-25T21:08:46.624Z","iobWithZeroTemp":{"iob":-0.651,"basaliob":-1.551,"bolussnooze":0,"activity":2.0E-4,"lastBolusTime":1703533439659,"time":"2023-12-25T21:08:46.624Z"}},{"iob":0.379,"basaliob":-0.452,"bolussnooze":0,"activity":0.0068,"lastBolusTime":1703533439659,"time":"2023-12-25T21:13:46.624Z","iobWithZeroTemp":{"iob":-0.724,"basaliob":-1.555,"bolussnooze":0,"activity":-9.0E-4,"lastBolusTime":1703533439659,"time":"2023-12-25T21:13:46.624Z"}},{"iob":0.346,"basaliob":-0.42,"bolussnooze":0,"activity":0.0063,"lastBolusTime":1703533439659,"time":"2023-12-25T21:18:46.624Z","iobWithZeroTemp":{"iob":-0.792,"basaliob":-1.558,"bolussnooze":0,"activity":-0.0019,"lastBolusTime":1703533439659,"time":"2023-12-25T21:18:46.624Z"}},{"iob":0.316,"basaliob":-0.391,"bolussnooze":0,"activity":0.0057,"lastBolusTime":1703533439659,"time":"2023-12-25T21:23:46.624Z","iobWithZeroTemp":{"iob":-0.856,"basaliob":-1.563,"bolussnooze":0,"activity":-0.0029,"lastBolusTime":1703533439659,"time":"2023-12-25T21:23:46.624Z"}},{"iob":0.288,"basaliob":-0.363,"bolussnooze":0,"activity":0.0053,"lastBolusTime":1703533439659,"time":"2023-12-25T21:28:46.624Z","iobWithZeroTemp":{"iob":-0.914,"basaliob":-1.565,"bolussnooze":0,"activity":-0.0037,"lastBolusTime":1703533439659,"time":"2023-12-25T21:28:46.624Z"}},{"iob":0.262,"basaliob":-0.337,"bolussnooze":0,"activity":0.0049,"lastBolusTime":1703533439659,"time":"2023-12-25T21:33:46.624Z","iobWithZeroTemp":{"iob":-0.969,"basaliob":-1.568,"bolussnooze":0,"activity":-0.0045,"lastBolusTime":1703533439659,"time":"2023-12-25T21:33:46.624Z"}},{"iob":0.239,"basaliob":-0.312,"bolussnooze":0,"activity":0.0045,"lastBolusTime":1703533439659,"time":"2023-12-25T21:38:46.624Z","iobWithZeroTemp":{"iob":-1.019,"basaliob":-1.57,"bolussnooze":0,"activity":-0.0053,"lastBolusTime":1703533439659,"time":"2023-12-25T21:38:46.624Z"}},{"iob":0.218,"basaliob":-0.289,"bolussnooze":0,"activity":0.0042,"lastBolusTime":1703533439659,"time":"2023-12-25T21:43:46.624Z","iobWithZeroTemp":{"iob":-1.065,"basaliob":-1.572,"bolussnooze":0,"activity":-0.006,"lastBolusTime":1703533439659,"time":"2023-12-25T21:43:46.624Z"}},{"iob":0.197,"basaliob":-0.268,"bolussnooze":0,"activity":0.0038,"lastBolusTime":1703533439659,"time":"2023-12-25T21:48:46.624Z","iobWithZeroTemp":{"iob":-1.11,"basaliob":-1.575,"bolussnooze":0,"activity":-0.0067,"lastBolusTime":1703533439659,"time":"2023-12-25T21:48:46.624Z"}},{"iob":0.179,"basaliob":-0.248,"bolussnooze":0,"activity":0.0035,"lastBolusTime":1703533439659,"time":"2023-12-25T21:53:46.624Z","iobWithZeroTemp":{"iob":-1.15,"basaliob":-1.577,"bolussnooze":0,"activity":-0.0073,"lastBolusTime":1703533439659,"time":"2023-12-25T21:53:46.624Z"}},{"iob":0.163,"basaliob":-0.229,"bolussnooze":0,"activity":0.0032,"lastBolusTime":1703533439659,"time":"2023-12-25T21:58:46.624Z","iobWithZeroTemp":{"iob":-1.186,"basaliob":-1.578,"bolussnooze":0,"activity":-0.0079,"lastBolusTime":1703533439659,"time":"2023-12-25T21:58:46.624Z"}},{"iob":0.147,"basaliob":-0.212,"bolussnooze":0,"activity":0.0029,"lastBolusTime":1703533439659,"time":"2023-12-25T22:03:46.624Z","iobWithZeroTemp":{"iob":-1.212,"basaliob":-1.571,"bolussnooze":0,"activity":-0.0085,"lastBolusTime":1703533439659,"time":"2023-12-25T22:03:46.624Z"}},{"iob":0.134,"basaliob":-0.195,"bolussnooze":0,"activity":0.0027,"lastBolusTime":1703533439659,"time":"2023-12-25T22:08:46.624Z","iobWithZeroTemp":{"iob":-1.234,"basaliob":-1.563,"bolussnooze":0,"activity":-0.0089,"lastBolusTime":1703533439659,"time":"2023-12-25T22:08:46.624Z"}},{"iob":0.121,"basaliob":-0.18,"bolussnooze":0,"activity":0.0025,"lastBolusTime":1703533439659,"time":"2023-12-25T22:13:46.624Z","iobWithZeroTemp":{"iob":-1.256,"basaliob":-1.557,"bolussnooze":0,"activity":-0.0093,"lastBolusTime":1703533439659,"time":"2023-12-25T22:13:46.624Z"}},{"iob":0.109,"basaliob":-0.166,"bolussnooze":0,"activity":0.0023,"lastBolusTime":1703533439659,"time":"2023-12-25T22:18:46.624Z","iobWithZeroTemp":{"iob":-1.275,"basaliob":-1.55,"bolussnooze":0,"activity":-0.0097,"lastBolusTime":1703533439659,"time":"2023-12-25T22:18:46.624Z"}},{"iob":0.098,"basaliob":-0.153,"bolussnooze":0,"activity":0.0021,"lastBolusTime":1703533439659,"time":"2023-12-25T22:23:46.624Z","iobWithZeroTemp":{"iob":-1.292,"basaliob":-1.543,"bolussnooze":0,"activity":-0.0101,"lastBolusTime":1703533439659,"time":"2023-12-25T22:23:46.624Z"}},{"iob":0.089,"basaliob":-0.141,"bolussnooze":0,"activity":0.0019,"lastBolusTime":1703533439659,"time":"2023-12-25T22:28:46.624Z","iobWithZeroTemp":{"iob":-1.306,"basaliob":-1.536,"bolussnooze":0,"activity":-0.0105,"lastBolusTime":1703533439659,"time":"2023-12-25T22:28:46.624Z"}},{"iob":0.079,"basaliob":-0.13,"bolussnooze":0,"activity":0.0017,"lastBolusTime":1703533439659,"time":"2023-12-25T22:33:46.624Z","iobWithZeroTemp":{"iob":-1.321,"basaliob":-1.53,"bolussnooze":0,"activity":-0.0108,"lastBolusTime":1703533439659,"time":"2023-12-25T22:33:46.624Z"}},{"iob":0.072,"basaliob":-0.119,"bolussnooze":0,"activity":0.0016,"lastBolusTime":1703533439659,"time":"2023-12-25T22:38:46.624Z","iobWithZeroTemp":{"iob":-1.332,"basaliob":-1.523,"bolussnooze":0,"activity":-0.011,"lastBolusTime":1703533439659,"time":"2023-12-25T22:38:46.624Z"}},{"iob":0.065,"basaliob":-0.109,"bolussnooze":0,"activity":0.0014,"lastBolusTime":1703533439659,"time":"2023-12-25T22:43:46.624Z","iobWithZeroTemp":{"iob":-1.342,"basaliob":-1.516,"bolussnooze":0,"activity":-0.0113,"lastBolusTime":1703533439659,"time":"2023-12-25T22:43:46.624Z"}},{"iob":0.058,"basaliob":-0.1,"bolussnooze":0,"activity":0.0013,"lastBolusTime":1703533439659,"time":"2023-12-25T22:48:46.624Z","iobWithZeroTemp":{"iob":-1.352,"basaliob":-1.51,"bolussnooze":0,"activity":-0.0115,"lastBolusTime":1703533439659,"time":"2023-12-25T22:48:46.624Z"}},{"iob":0.052,"basaliob":-0.092,"bolussnooze":0,"activity":0.0012,"lastBolusTime":1703533439659,"time":"2023-12-25T22:53:46.624Z","iobWithZeroTemp":{"iob":-1.36,"basaliob":-1.504,"bolussnooze":0,"activity":-0.0117,"lastBolusTime":1703533439659,"time":"2023-12-25T22:53:46.624Z"}},{"iob":0.046,"basaliob":-0.084,"bolussnooze":0,"activity":0.001,"lastBolusTime":1703533439659,"time":"2023-12-25T22:58:46.624Z","iobWithZeroTemp":{"iob":-1.368,"basaliob":-1.498,"bolussnooze":0,"activity":-0.012,"lastBolusTime":1703533439659,"time":"2023-12-25T22:58:46.624Z"}},{"iob":0.041,"basaliob":-0.077,"bolussnooze":0,"activity":9.0E-4,"lastBolusTime":1703533439659,"time":"2023-12-25T23:03:46.624Z","iobWithZeroTemp":{"iob":-1.375,"basaliob":-1.493,"bolussnooze":0,"activity":-0.0121,"lastBolusTime":1703533439659,"time":"2023-12-25T23:03:46.624Z"}},{"iob":0.036,"basaliob":-0.071,"bolussnooze":0,"activity":8.0E-4,"lastBolusTime":1703533439659,"time":"2023-12-25T23:08:46.624Z","iobWithZeroTemp":{"iob":-1.381,"basaliob":-1.488,"bolussnooze":0,"activity":-0.0123,"lastBolusTime":1703533439659,"time":"2023-12-25T23:08:46.624Z"}},{"iob":0.032,"basaliob":-0.065,"bolussnooze":0,"activity":7.0E-4,"lastBolusTime":1703533439659,"time":"2023-12-25T23:13:46.624Z","iobWithZeroTemp":{"iob":-1.386,"basaliob":-1.483,"bolussnooze":0,"activity":-0.0124,"lastBolusTime":1703533439659,"time":"2023-12-25T23:13:46.624Z"}},{"iob":0.029,"basaliob":-0.059,"bolussnooze":0,"activity":7.0E-4,"lastBolusTime":1703533439659,"time":"2023-12-25T23:18:46.624Z","iobWithZeroTemp":{"iob":-1.39,"basaliob":-1.478,"bolussnooze":0,"activity":-0.0125,"lastBolusTime":1703533439659,"time":"2023-12-25T23:18:46.624Z"}},{"iob":0.025,"basaliob":-0.054,"bolussnooze":0,"activity":6.0E-4,"lastBolusTime":1703533439659,"time":"2023-12-25T23:23:46.624Z","iobWithZeroTemp":{"iob":-1.395,"basaliob":-1.474,"bolussnooze":0,"activity":-0.0126,"lastBolusTime":1703533439659,"time":"2023-12-25T23:23:46.624Z"}},{"iob":0.022,"basaliob":-0.049,"bolussnooze":0,"activity":6.0E-4,"lastBolusTime":1703533439659,"time":"2023-12-25T23:28:46.624Z","iobWithZeroTemp":{"iob":-1.398,"basaliob":-1.469,"bolussnooze":0,"activity":-0.0127,"lastBolusTime":1703533439659,"time":"2023-12-25T23:28:46.624Z"}},{"iob":0.019,"basaliob":-0.045,"bolussnooze":0,"activity":5.0E-4,"lastBolusTime":1703533439659,"time":"2023-12-25T23:33:46.624Z","iobWithZeroTemp":{"iob":-1.402,"basaliob":-1.466,"bolussnooze":0,"activity":-0.0128,"lastBolusTime":1703533439659,"time":"2023-12-25T23:33:46.624Z"}},{"iob":0.017,"basaliob":-0.041,"bolussnooze":0,"activity":4.0E-4,"lastBolusTime":1703533439659,"time":"2023-12-25T23:38:46.624Z","iobWithZeroTemp":{"iob":-1.404,"basaliob":-1.462,"bolussnooze":0,"activity":-0.0129,"lastBolusTime":1703533439659,"time":"2023-12-25T23:38:46.624Z"}},{"iob":0.015,"basaliob":-0.037,"bolussnooze":0,"activity":4.0E-4,"lastBolusTime":1703533439659,"time":"2023-12-25T23:43:46.624Z","iobWithZeroTemp":{"iob":-1.406,"basaliob":-1.458,"bolussnooze":0,"activity":-0.0129,"lastBolusTime":1703533439659,"time":"2023-12-25T23:43:46.624Z"}}],"profile":{"max_iob":15,"type":"current","max_daily_basal":1.2,"max_basal":3.59,"min_bg":99,"max_bg":99,"target_bg":99,"carb_ratio":4.761904761904762,"sens":20.57142857142857,"max_daily_safety_multiplier":3,"current_basal_safety_multiplier":4,"high_temptarget_raises_sensitivity":false,"low_temptarget_lowers_sensitivity":false,"sensitivity_raises_target":true,"resistance_lowers_target":true,"adv_target_adjustments":false,"exercise_mode":false,"half_basal_exercise_target":160,"maxCOB":120,"skip_neutral_temps":false,"remainingCarbsCap":90,"enableUAM":true,"A52_risk_enable":false,"SMBInterval":3,"enableSMB_with_COB":true,"enableSMB_with_temptarget":true,"allowSMB_with_high_temptarget":false,"enableSMB_always":false,"enableSMB_after_carbs":true,"maxSMBBasalMinutes":80,"maxUAMSMBBasalMinutes":60,"bolus_increment":0.05,"carbsReqThreshold":10,"current_basal":1.05,"temptargetSet":false,"autosens_max":1.2,"out_units":"mmol\/L"},"autosens_data":{"ratio":1},"meal_data":{"carbs":50,"mealCOB":0,"slopeFromMaxDeviation":-0.017727272727272755,"slopeFromMinDeviation":0.5038571428571428,"lastBolusTime":1703533439659,"lastCarbTime":1703523912907},"microBolusAllowed":true,"currentTime":1703533728858,"flatBGsDetected":false},"output":{"temp":"absolute","bg":123,"tick":"+0","eventualBG":107,"targetBG":99,"insulinReq":0.29,"deliverAt":"2023-12-25T19:48:48.858Z","sensitivityRatio":1,"predBGs":{"IOB":[123,123,123,122,122,121,121,120,120,119,118,117,116,115,114,113,112,111,111,110,109,109,108,108,107,107,107,106,106,106,106,105,105,105,105,105,104],"ZT":[123,121,118,116,114,112,111,109,108,107,106,105,104,104,103,103,103,103,103,103,104,104,104,105,106,106],"UAM":[123,123,123,122,122,122,122,122,121,121,120,120,119,118,118,117,116,115,114,114,113,113,112,112,111,111,110,110,110,110,109,109,109,109,108,108,108,108,108,108,108,108,108,107]},"COB":0,"IOB":1.568,"reason":"COB: 0, Dev: 0.8, BGI: -0.1, ISF: 1.1, CR: 4.76, Target: 5.5, minPredBG 5.8, minGuardBG 5.9, IOBpredBG 5.8, UAMpredBG 5.9; Eventual BG 5.9 >= 5.5,  insulinReq 0.29; setting 30m low temp of 0.21U\/h. Microbolusing 0.1U. ","units":0.1,"rate":0.21,"duration":30,"timestamp":"2023-12-25T19:48:48.966Z"}}