{"algorithm":"OpenAPSSMBPlugin","input":{"glucoseStatus":{"glucose":164,"noise":0,"delta":4,"short_avgdelta":5.39,"long_avgdelta":6.54,"date":1703437991000},"currenttemp":{"temp":"absolute","duration":45,"rate":0,"minutesrunning":15},"iob_data":[{"iob":9.219,"basaliob":-1.493,"bolussnooze":0.9901,"activity":0.0718,"lastBolusTime":1703437756119,"time":"2023-12-24T17:13:42.278Z","iobWithZeroTemp":{"iob":9.219,"basaliob":-1.493,"bolussnooze":0.9901,"activity":0.0718,"lastBolusTime":1703437756119,"time":"2023-12-24T17:13:42.278Z"}},{"iob":8.854,"basaliob":-1.427,"bolussnooze":0.6767,"activity":0.0741,"lastBolusTime":1703437756119,"time":"2023-12-24T17:18:42.278Z","iobWithZeroTemp":{"iob":8.781,"basaliob":-1.5,"bolussnooze":0.6767,"activity":0.0741,"lastBolusTime":1703437756119,"time":"2023-12-24T17:18:42.278Z"}},{"iob":8.48,"basaliob":-1.36,"bolussnooze":0.4541,"activity":0.0753,"lastBolusTime":1703437756119,"time":"2023-12-24T17:23:42.278Z","iobWithZeroTemp":{"iob":8.316,"basaliob":-1.524,"bolussnooze":0.4541,"activity":0.0751,"lastBolusTime":1703437756119,"time":"2023-12-24T17:23:42.278Z"}},{"iob":8.102,"basaliob":-1.294,"bolussnooze":0.2994,"activity":0.0758,"lastBolusTime":1703437756119,"time":"2023-12-24T17:28:42.278Z","iobWithZeroTemp":{"iob":7.848,"basaliob":-1.548,"bolussnooze":0.2994,"activity":0.0753,"lastBolusTime":1703437756119,"time":"2023-12-24T17:28:42.278Z"}},{"iob":7.724,"basaliob":-1.228,"bolussnooze":0.1938,"activity":0.0756,"lastBolusTime":1703437756119,"time":"2023-12-24T17:33:42.278Z","iobWithZeroTemp":{"iob":7.382,"basaliob":-1.57,"bolussnooze":0.1938,"activity":0.0747,"lastBolusTime":1703437756119,"time":"2023-12-24T17:33:42.278Z"}},{"iob":7.347,"basaliob":-1.164,"bolussnooze":0.1231,"activity":0.0749,"lastBolusTime":1703437756119,"time":"2023-12-24T17:38:42.278Z","iobWithZeroTemp":{"iob":6.92,"basaliob":-1.591,"bolussnooze":0.1231,"activity":0.0736,"lastBolusTime":1703437756119,"time":"2023-12-24T17:38:42.278Z"}},{"iob":6.976,"basaliob":-1.101,"bolussnooze":0.0766,"activity":0.0736,"lastBolusTime":1703437756119,"time":"2023-12-24T17:43:42.278Z","iobWithZeroTemp":{"iob":6.465,"basaliob":-1.612,"bolussnooze":0.0766,"activity":0.0718,"lastBolusTime":1703437756119,"time":"2023-12-24T17:43:42.278Z"}},{"iob":6.612,"basaliob":-1.04,"bolussnooze":0.0465,"activity":0.0721,"lastBolusTime":1703437756119,"time":"2023-12-24T17:48:42.278Z","iobWithZeroTemp":{"iob":6.02,"basaliob":-1.632,"bolussnooze":0.0465,"activity":0.0697,"lastBolusTime":1703437756119,"time":"2023-12-24T17:48:42.278Z"}},{"iob":6.256,"basaliob":-0.981,"bolussnooze":0.0275,"activity":0.0702,"lastBolusTime":1703437756119,"time":"2023-12-24T17:53:42.278Z","iobWithZeroTemp":{"iob":5.586,"basaliob":-1.651,"bolussnooze":0.0275,"activity":0.0672,"lastBolusTime":1703437756119,"time":"2023-12-24T17:53:42.278Z"}},{"iob":5.91,"basaliob":-0.924,"bolussnooze":0.0158,"activity":0.0681,"lastBolusTime":1703437756119,"time":"2023-12-24T17:58:42.278Z","iobWithZeroTemp":{"iob":5.165,"basaliob":-1.669,"bolussnooze":0.0158,"activity":0.0645,"lastBolusTime":1703437756119,"time":"2023-12-24T17:58:42.278Z"}},{"iob":5.575,"basaliob":-0.869,"bolussnooze":0.0087,"activity":0.0659,"lastBolusTime":1703437756119,"time":"2023-12-24T18:03:42.278Z","iobWithZeroTemp":{"iob":4.753,"basaliob":-1.691,"bolussnooze":0.0087,"activity":0.0617,"lastBolusTime":1703437756119,"time":"2023-12-24T18:03:42.278Z"}},{"iob":5.252,"basaliob":-0.816,"bolussnooze":0.0045,"activity":0.0634,"lastBolusTime":1703437756119,"time":"2023-12-24T18:08:42.278Z","iobWithZeroTemp":{"iob":4.357,"basaliob":-1.711,"bolussnooze":0.0045,"activity":0.0586,"lastBolusTime":1703437756119,"time":"2023-12-24T18:08:42.278Z"}},{"iob":4.94,"basaliob":-0.766,"bolussnooze":0.0021,"activity":0.061,"lastBolusTime":1703437756119,"time":"2023-12-24T18:13:42.278Z","iobWithZeroTemp":{"iob":3.974,"basaliob":-1.732,"bolussnooze":0.0021,"activity":0.0555,"lastBolusTime":1703437756119,"time":"2023-12-24T18:13:42.278Z"}},{"iob":4.642,"basaliob":-0.718,"bolussnooze":9.0E-4,"activity":0.0584,"lastBolusTime":1703437756119,"time":"2023-12-24T18:18:42.278Z","iobWithZeroTemp":{"iob":3.609,"basaliob":-1.751,"bolussnooze":9.0E-4,"activity":0.0523,"lastBolusTime":1703437756119,"time":"2023-12-24T18:18:42.278Z"}},{"iob":4.357,"basaliob":-0.672,"bolussnooze":2.0E-4,"activity":0.0558,"lastBolusTime":1703437756119,"time":"2023-12-24T18:23:42.278Z","iobWithZeroTemp":{"iob":3.26,"basaliob":-1.769,"bolussnooze":2.0E-4,"activity":0.049,"lastBolusTime":1703437756119,"time":"2023-12-24T18:23:42.278Z"}},{"iob":4.084,"basaliob":-0.629,"bolussnooze":0,"activity":0.0532,"lastBolusTime":1703437756119,"time":"2023-12-24T18:28:42.278Z","iobWithZeroTemp":{"iob":2.926,"basaliob":-1.787,"bolussnooze":0,"activity":0.0458,"lastBolusTime":1703437756119,"time":"2023-12-24T18:28:42.278Z"}},{"iob":3.824,"basaliob":-0.588,"bolussnooze":0,"activity":0.0507,"lastBolusTime":1703437756119,"time":"2023-12-24T18:33:42.278Z","iobWithZeroTemp":{"iob":2.609,"basaliob":-1.803,"bolussnooze":0,"activity":0.0427,"lastBolusTime":1703437756119,"time":"2023-12-24T18:33:42.278Z"}},{"iob":3.578,"basaliob":-0.548,"bolussnooze":0,"activity":0.0481,"lastBolusTime":1703437756119,"time":"2023-12-24T18:38:42.278Z","iobWithZeroTemp":{"iob":2.308,"basaliob":-1.818,"bolussnooze":0,"activity":0.0395,"lastBolusTime":1703437756119,"time":"2023-12-24T18:38:42.278Z"}},{"iob":3.344,"basaliob":-0.511,"bolussnooze":0,"activity":0.0456,"lastBolusTime":1703437756119,"time":"2023-12-24T18:43:42.278Z","iobWithZeroTemp":{"iob":2.023,"basaliob":-1.832,"bolussnooze":0,"activity":0.0364,"lastBolusTime":1703437756119,"time":"2023-12-24T18:43:42.278Z"}},{"iob":3.121,"basaliob":-0.477,"bolussnooze":0,"activity":0.0431,"lastBolusTime":1703437756119,"time":"2023-12-24T18:48:42.278Z","iobWithZeroTemp":{"iob":1.751,"basaliob":-1.847,"bolussnooze":0,"activity":0.0333,"lastBolusTime":1703437756119,"time":"2023-12-24T18:48:42.278Z"}},{"iob":2.911,"basaliob":-0.444,"bolussnooze":0,"activity":0.0408,"lastBolusTime":1703437756119,"time":"2023-12-24T18:53:42.278Z","iobWithZeroTemp":{"iob":1.495,"basaliob":-1.86,"bolussnooze":0,"activity":0.0305,"lastBolusTime":1703437756119,"time":"2023-12-24T18:53:42.278Z"}},{"iob":2.713,"basaliob":-0.413,"bolussnooze":0,"activity":0.0385,"lastBolusTime":1703437756119,"time":"2023-12-24T18:58:42.278Z","iobWithZeroTemp":{"iob":1.254,"basaliob":-1.872,"bolussnooze":0,"activity":0.0276,"lastBolusTime":1703437756119,"time":"2023-12-24T18:58:42.278Z"}},{"iob":2.526,"basaliob":-0.384,"bolussnooze":0,"activity":0.0363,"lastBolusTime":1703437756119,"time":"2023-12-24T19:03:42.278Z","iobWithZeroTemp":{"iob":1.026,"basaliob":-1.884,"bolussnooze":0,"activity":0.0249,"lastBolusTime":1703437756119,"time":"2023-12-24T19:03:42.278Z"}},{"iob":2.351,"basaliob":-0.356,"bolussnooze":0,"activity":0.0341,"lastBolusTime":1703437756119,"time":"2023-12-24T19:08:42.278Z","iobWithZeroTemp":{"iob":0.813,"basaliob":-1.894,"bolussnooze":0,"activity":0.0222,"lastBolusTime":1703437756119,"time":"2023-12-24T19:08:42.278Z"}},{"iob":2.186,"basaliob":-0.33,"bolussnooze":0,"activity":0.032,"lastBolusTime":1703437756119,"time":"2023-12-24T19:13:42.278Z","iobWithZeroTemp":{"iob":0.612,"basaliob":-1.904,"bolussnooze":0,"activity":0.0197,"lastBolusTime":1703437756119,"time":"2023-12-24T19:13:42.278Z"}},{"iob":2.03,"basaliob":-0.306,"bolussnooze":0,"activity":0.0301,"lastBolusTime":1703437756119,"time":"2023-12-24T19:18:42.278Z","iobWithZeroTemp":{"iob":0.422,"basaliob":-1.914,"bolussnooze":0,"activity":0.0173,"lastBolusTime":1703437756119,"time":"2023-12-24T19:18:42.278Z"}},{"iob":1.884,"basaliob":-0.284,"bolussnooze":0,"activity":0.0282,"lastBolusTime":1703437756119,"time":"2023-12-24T19:23:42.278Z","iobWithZeroTemp":{"iob":0.245,"basaliob":-1.923,"bolussnooze":0,"activity":0.015,"lastBolusTime":1703437756119,"time":"2023-12-24T19:23:42.278Z"}},{"iob":1.747,"basaliob":-0.263,"bolussnooze":0,"activity":0.0264,"lastBolusTime":1703437756119,"time":"2023-12-24T19:28:42.278Z","iobWithZeroTemp":{"iob":0.078,"basaliob":-1.932,"bolussnooze":0,"activity":0.0128,"lastBolusTime":1703437756119,"time":"2023-12-24T19:28:42.278Z"}},{"iob":1.62,"basaliob":-0.243,"bolussnooze":0,"activity":0.0248,"lastBolusTime":1703437756119,"time":"2023-12-24T19:33:42.278Z","iobWithZeroTemp":{"iob":-0.076,"basaliob":-1.939,"bolussnooze":0,"activity":0.0109,"lastBolusTime":1703437756119,"time":"2023-12-24T19:33:42.278Z"}},{"iob":1.499,"basaliob":-0.225,"bolussnooze":0,"activity":0.0232,"lastBolusTime":1703437756119,"time":"2023-12-24T19:38:42.278Z","iobWithZeroTemp":{"iob":-0.223,"basaliob":-1.947,"bolussnooze":0,"activity":0.0089,"lastBolusTime":1703437756119,"time":"2023-12-24T19:38:42.278Z"}},{"iob":1.387,"basaliob":-0.208,"bolussnooze":0,"activity":0.0216,"lastBolusTime":1703437756119,"time":"2023-12-24T19:43:42.278Z","iobWithZeroTemp":{"iob":-0.359,"basaliob":-1.954,"bolussnooze":0,"activity":0.007,"lastBolusTime":1703437756119,"time":"2023-12-24T19:43:42.278Z"}},{"iob":1.283,"basaliob":-0.192,"bolussnooze":0,"activity":0.0202,"lastBolusTime":1703437756119,"time":"2023-12-24T19:48:42.278Z","iobWithZeroTemp":{"iob":-0.485,"basaliob":-1.96,"bolussnooze":0,"activity":0.0052,"lastBolusTime":1703437756119,"time":"2023-12-24T19:48:42.278Z"}},{"iob":1.186,"basaliob":-0.177,"bolussnooze":0,"activity":0.0188,"lastBolusTime":1703437756119,"time":"2023-12-24T19:53:42.278Z","iobWithZeroTemp":{"iob":-0.603,"basaliob":-1.966,"bolussnooze":0,"activity":0.0035,"lastBolusTime":1703437756119,"time":"2023-12-24T19:53:42.278Z"}},{"iob":1.095,"basaliob":-0.163,"bolussnooze":0,"activity":0.0175,"lastBolusTime":1703437756119,"time":"2023-12-24T19:58:42.278Z","iobWithZeroTemp":{"iob":-0.713,"basaliob":-1.971,"bolussnooze":0,"activity":0.002,"lastBolusTime":1703437756119,"time":"2023-12-24T19:58:42.278Z"}},{"iob":1.011,"basaliob":-0.15,"bolussnooze":0,"activity":0.0163,"lastBolusTime":1703437756119,"time":"2023-12-24T20:03:42.278Z","iobWithZeroTemp":{"iob":-0.81,"basaliob":-1.971,"bolussnooze":0,"activity":5.0E-4,"lastBolusTime":1703437756119,"time":"2023-12-24T20:03:42.278Z"}},{"iob":0.932,"basaliob":-0.138,"bolussnooze":0,"activity":0.0152,"lastBolusTime":1703437756119,"time":"2023-12-24T20:08:42.278Z","iobWithZeroTemp":{"iob":-0.901,"basaliob":-1.971,"bolussnooze":0,"activity":-8.0E-4,"lastBolusTime":1703437756119,"time":"2023-12-24T20:08:42.278Z"}},{"iob":0.859,"basaliob":-0.127,"bolussnooze":0,"activity":0.0141,"lastBolusTime":1703437756119,"time":"2023-12-24T20:13:42.278Z","iobWithZeroTemp":{"iob":-0.985,"basaliob":-1.971,"bolussnooze":0,"activity":-0.0022,"lastBolusTime":1703437756119,"time":"2023-12-24T20:13:42.278Z"}},{"iob":0.79,"basaliob":-0.117,"bolussnooze":0,"activity":0.0131,"lastBolusTime":1703437756119,"time":"2023-12-24T20:18:42.278Z","iobWithZeroTemp":{"iob":-1.064,"basaliob":-1.971,"bolussnooze":0,"activity":-0.0033,"lastBolusTime":1703437756119,"time":"2023-12-24T20:18:42.278Z"}},{"iob":0.728,"basaliob":-0.107,"bolussnooze":0,"activity":0.0122,"lastBolusTime":1703437756119,"time":"2023-12-24T20:23:42.278Z","iobWithZeroTemp":{"iob":-1.135,"basaliob":-1.97,"bolussnooze":0,"activity":-0.0044,"lastBolusTime":1703437756119,"time":"2023-12-24T20:23:42.278Z"}},{"iob":0.668,"basaliob":-0.099,"bolussnooze":0,"activity":0.0113,"lastBolusTime":1703437756119,"time":"2023-12-24T20:28:42.278Z","iobWithZeroTemp":{"iob":-1.202,"basaliob":-1.969,"bolussnooze":0,"activity":-0.0055,"lastBolusTime":1703437756119,"time":"2023-12-24T20:28:42.278Z"}},{"iob":0.615,"basaliob":-0.09,"bolussnooze":0,"activity":0.0104,"lastBolusTime":1703437756119,"time":"2023-12-24T20:33:42.278Z","iobWithZeroTemp":{"iob":-1.263,"basaliob":-1.968,"bolussnooze":0,"activity":-0.0065,"lastBolusTime":1703437756119,"time":"2023-12-24T20:33:42.278Z"}},{"iob":0.564,"basaliob":-0.083,"bolussnooze":0,"activity":0.0097,"lastBolusTime":1703437756119,"time":"2023-12-24T20:38:42.278Z","iobWithZeroTemp":{"iob":-1.32,"basaliob":-1.967,"bolussnooze":0,"activity":-0.0074,"lastBolusTime":1703437756119,"time":"2023-12-24T20:38:42.278Z"}},{"iob":0.518,"basaliob":-0.076,"bolussnooze":0,"activity":0.009,"lastBolusTime":1703437756119,"time":"2023-12-24T20:43:42.278Z","iobWithZeroTemp":{"iob":-1.372,"basaliob":-1.966,"bolussnooze":0,"activity":-0.0082,"lastBolusTime":1703437756119,"time":"2023-12-24T20:43:42.278Z"}},{"iob":0.475,"basaliob":-0.069,"bolussnooze":0,"activity":0.0083,"lastBolusTime":1703437756119,"time":"2023-12-24T20:48:42.278Z","iobWithZeroTemp":{"iob":-1.42,"basaliob":-1.964,"bolussnooze":0,"activity":-0.009,"lastBolusTime":1703437756119,"time":"2023-12-24T20:48:42.278Z"}},{"iob":0.435,"basaliob":-0.064,"bolussnooze":0,"activity":0.0077,"lastBolusTime":1703437756119,"time":"2023-12-24T20:53:42.278Z","iobWithZeroTemp":{"iob":-1.465,"basaliob":-1.964,"bolussnooze":0,"activity":-0.0097,"lastBolusTime":1703437756119,"time":"2023-12-24T20:53:42.278Z"}},{"iob":0.398,"basaliob":-0.058,"bolussnooze":0,"activity":0.007,"lastBolusTime":1703437756119,"time":"2023-12-24T20:58:42.278Z","iobWithZeroTemp":{"iob":-1.506,"basaliob":-1.962,"bolussnooze":0,"activity":-0.0105,"lastBolusTime":1703437756119,"time":"2023-12-24T20:58:42.278Z"}},{"iob":0.364,"basaliob":-0.053,"bolussnooze":0,"activity":0.0065,"lastBolusTime":1703437756119,"time":"2023-12-24T21:03:42.278Z","iobWithZeroTemp":{"iob":-1.535,"basaliob":-1.952,"bolussnooze":0,"activity":-0.0111,"lastBolusTime":1703437756119,"time":"2023-12-24T21:03:42.278Z"}},{"iob":0.334,"basaliob":-0.048,"bolussnooze":0,"activity":0.006,"lastBolusTime":1703437756119,"time":"2023-12-24T21:08:42.278Z","iobWithZeroTemp":{"iob":-1.559,"basaliob":-1.941,"bolussnooze":0,"activity":-0.0116,"lastBolusTime":1703437756119,"time":"2023-12-24T21:08:42.278Z"}}],"profile":{"max_iob":15,"type":"current","max_daily_basal":1.32,"max_basal":3.96,"min_bg":99,"max_bg":99,"target_bg":99,"carb_ratio":4.329004329004329,"sens":18.7012987012987,"max_daily_safety_multiplier":3,"current_basal_safety_multiplier":4,"high_temptarget_raises_sensitivity":false,"low_temptarget_lowers_sensitivity":false,"sensitivity_raises_target":true,"resistance_lowers_target":true,"adv_target_adjustments":false,"exercise_mode":false,"half_basal_exercise_target":160,"maxCOB":120,"skip_neutral_temps":false,"remainingCarbsCap":90,"enableUAM":true,"A52_risk_enable":false,"SMBInterval":3,"enableSMB_with_COB":true,"enableSMB_with_temptarget":true,"allowSMB_with_high_temptarget":false,"enableSMB_always":false,"enableSMB_after_carbs":true,"maxSMBBasalMinutes":80,"maxUAMSMBBasalMinutes":60,"bolus_increment":0.05,"carbsReqThreshold":10,"current_basal":1.1,"temptargetSet":false,"autosens_max":1.2,"out_units":"mmol\/L"},"autosens_data":{"ratio":1},"meal_data":{"carbs":82,"mealCOB":23.341654641654635,"slopeFromMaxDeviation":0,"slopeFromMinDeviation":1.3201818181818181,"lastBolusTime":1703437756119,"lastCarbTime":1703436089984},"microBolusAllowed":true,"currentTime":1703438024451,"flatBGsDetected":false},"output":{"temp":"absolute","bg":164,"tick":"+4","eventualBG":120,"targetBG":99,"insulinReq":-0.48,"deliverAt":"2023-12-24T17:13:44.451Z","sensitivityRatio":1,"predBGs":{"IOB":[164,167,169,170,170,169,168,165,162,158,154,148,142,137,131,126,121,116,112,108,103,100,96,93,90,87,84,81,79,76,74,72,70,68,67,65,64,63,61,60,59,58,57,56,56,55,54],"ZT":[164,157,150,143,136,129,122,116,109,103,97,91,86,80,76,71,67,63,59,56,53,50,47,45,43,41,39,39,39,39,39,39,39,39,39,39,39,39,39,39,39,39,39,39,39,39,39,40],"COB":[164,167,170,172,173,174,174,174,174,173,171,170,168,165,163,160,156,152,148,144,140,136,133,129,126,123,120,118,115,113,111,109,107,105,103,102,101,99,98,97,96,95,94,93,92,92,91,90],"UAM":[164,168,170,173,175,176,177,178,178,178,178,178,178,177,176,175,174,172,170,168,166,164,161,159,155,152,150,147,145,142,140,138,136,134,133,131,130,128,127,126,125,124,123,122,122,121,120]},"COB":23.341654641654635,"IOB":9.219,"reason":"COB: 23.3, Dev: 3.6, BGI: -0.4, ISF: 1.0, CR: 4.33, Target: 5.5, minPredBG 5.0, minGuardBG 6.2, IOBpredBG 3.0, COBpredBG 5.0, UAMpredBG 6.7; Eventual BG 6.7 >= 5.5,  insulinReq -0.48; setting 60m low temp of 0U\/h. ","rate":0,"duration":60,"timestamp":"2023-12-24T17:13:44.528Z"}}