{"algorithm":"OpenAPSSMBPlugin","input":{"glucoseStatus":{"glucose":143,"noise":0,"delta":-2,"short_avgdelta":0.06,"long_avgdelta":0.57,"date":1703419991000},"currenttemp":{"temp":"absolute","duration":55,"rate":0,"minutesrunning":5},"iob_data":[{"iob":6.494,"basaliob":-1.465,"bolussnooze":0.9578,"activity":0.0584,"lastBolusTime":1703419737344,"time":"2023-12-24T12:13:42.311Z","iobWithZeroTemp":{"iob":6.494,"basaliob":-1.465,"bolussnooze":0.9578,"activity":0.0584,"lastBolusTime":1703419737344,"time":"2023-12-24T12:13:42.311Z"}},{"iob":6.201,"basaliob":-1.404,"bolussnooze":0.6771,"activity":0.0587,"lastBolusTime":1703419737344,"time":"2023-12-24T12:18:42.311Z","iobWithZeroTemp":{"iob":6.131,"basaliob":-1.474,"bolussnooze":0.6771,"activity":0.0587,"lastBolusTime":1703419737344,"time":"2023-12-24T12:18:42.311Z"}},{"iob":5.908,"basaliob":-1.342,"bolussnooze":0.4687,"activity":0.0585,"lastBolusTime":1703419737344,"time":"2023-12-24T12:23:42.311Z","iobWithZeroTemp":{"iob":5.751,"basaliob":-1.499,"bolussnooze":0.4687,"activity":0.0583,"lastBolusTime":1703419737344,"time":"2023-12-24T12:23:42.311Z"}},{"iob":5.617,"basaliob":-1.281,"bolussnooze":0.3184,"activity":0.0578,"lastBolusTime":1703419737344,"time":"2023-12-24T12:28:42.311Z","iobWithZeroTemp":{"iob":5.374,"basaliob":-1.524,"bolussnooze":0.3184,"activity":0.0573,"lastBolusTime":1703419737344,"time":"2023-12-24T12:28:42.311Z"}},{"iob":5.331,"basaliob":-1.219,"bolussnooze":0.2125,"activity":0.0568,"lastBolusTime":1703419737344,"time":"2023-12-24T12:33:42.311Z","iobWithZeroTemp":{"iob":5.004,"basaliob":-1.546,"bolussnooze":0.2125,"activity":0.0559,"lastBolusTime":1703419737344,"time":"2023-12-24T12:33:42.311Z"}},{"iob":5.05,"basaliob":-1.158,"bolussnooze":0.1393,"activity":0.0555,"lastBolusTime":1703419737344,"time":"2023-12-24T12:38:42.311Z","iobWithZeroTemp":{"iob":4.641,"basaliob":-1.567,"bolussnooze":0.1393,"activity":0.0542,"lastBolusTime":1703419737344,"time":"2023-12-24T12:38:42.311Z"}},{"iob":4.776,"basaliob":-1.098,"bolussnooze":0.0896,"activity":0.0541,"lastBolusTime":1703419737344,"time":"2023-12-24T12:43:42.311Z","iobWithZeroTemp":{"iob":4.287,"basaliob":-1.587,"bolussnooze":0.0896,"activity":0.0523,"lastBolusTime":1703419737344,"time":"2023-12-24T12:43:42.311Z"}},{"iob":4.509,"basaliob":-1.04,"bolussnooze":0.0566,"activity":0.0523,"lastBolusTime":1703419737344,"time":"2023-12-24T12:48:42.311Z","iobWithZeroTemp":{"iob":3.943,"basaliob":-1.606,"bolussnooze":0.0566,"activity":0.05,"lastBolusTime":1703419737344,"time":"2023-12-24T12:48:42.311Z"}},{"iob":4.252,"basaliob":-0.983,"bolussnooze":0.0349,"activity":0.0506,"lastBolusTime":1703419737344,"time":"2023-12-24T12:53:42.311Z","iobWithZeroTemp":{"iob":3.611,"basaliob":-1.624,"bolussnooze":0.0349,"activity":0.0477,"lastBolusTime":1703419737344,"time":"2023-12-24T12:53:42.311Z"}},{"iob":4.003,"basaliob":-0.928,"bolussnooze":0.0209,"activity":0.0487,"lastBolusTime":1703419737344,"time":"2023-12-24T12:58:42.311Z","iobWithZeroTemp":{"iob":3.29,"basaliob":-1.641,"bolussnooze":0.0209,"activity":0.0453,"lastBolusTime":1703419737344,"time":"2023-12-24T12:58:42.311Z"}},{"iob":3.765,"basaliob":-0.874,"bolussnooze":0.0121,"activity":0.0467,"lastBolusTime":1703419737344,"time":"2023-12-24T13:03:42.311Z","iobWithZeroTemp":{"iob":2.988,"basaliob":-1.651,"bolussnooze":0.0121,"activity":0.0427,"lastBolusTime":1703419737344,"time":"2023-12-24T13:03:42.311Z"}},{"iob":3.536,"basaliob":-0.823,"bolussnooze":0.0067,"activity":0.0447,"lastBolusTime":1703419737344,"time":"2023-12-24T13:08:42.311Z","iobWithZeroTemp":{"iob":2.697,"basaliob":-1.662,"bolussnooze":0.0067,"activity":0.0401,"lastBolusTime":1703419737344,"time":"2023-12-24T13:08:42.311Z"}},{"iob":3.317,"basaliob":-0.774,"bolussnooze":0.0035,"activity":0.0427,"lastBolusTime":1703419737344,"time":"2023-12-24T13:13:42.311Z","iobWithZeroTemp":{"iob":2.419,"basaliob":-1.672,"bolussnooze":0.0035,"activity":0.0375,"lastBolusTime":1703419737344,"time":"2023-12-24T13:13:42.311Z"}},{"iob":3.109,"basaliob":-0.726,"bolussnooze":0.0017,"activity":0.0408,"lastBolusTime":1703419737344,"time":"2023-12-24T13:18:42.311Z","iobWithZeroTemp":{"iob":2.155,"basaliob":-1.68,"bolussnooze":0.0017,"activity":0.035,"lastBolusTime":1703419737344,"time":"2023-12-24T13:18:42.311Z"}},{"iob":2.91,"basaliob":-0.681,"bolussnooze":7.0E-4,"activity":0.0388,"lastBolusTime":1703419737344,"time":"2023-12-24T13:23:42.311Z","iobWithZeroTemp":{"iob":1.904,"basaliob":-1.687,"bolussnooze":7.0E-4,"activity":0.0325,"lastBolusTime":1703419737344,"time":"2023-12-24T13:23:42.311Z"}},{"iob":2.721,"basaliob":-0.638,"bolussnooze":2.0E-4,"activity":0.0368,"lastBolusTime":1703419737344,"time":"2023-12-24T13:28:42.311Z","iobWithZeroTemp":{"iob":1.664,"basaliob":-1.695,"bolussnooze":2.0E-4,"activity":0.0299,"lastBolusTime":1703419737344,"time":"2023-12-24T13:28:42.311Z"}},{"iob":2.542,"basaliob":-0.597,"bolussnooze":0,"activity":0.0348,"lastBolusTime":1703419737344,"time":"2023-12-24T13:33:42.311Z","iobWithZeroTemp":{"iob":1.438,"basaliob":-1.701,"bolussnooze":0,"activity":0.0274,"lastBolusTime":1703419737344,"time":"2023-12-24T13:33:42.311Z"}},{"iob":2.372,"basaliob":-0.558,"bolussnooze":0,"activity":0.033,"lastBolusTime":1703419737344,"time":"2023-12-24T13:38:42.311Z","iobWithZeroTemp":{"iob":1.223,"basaliob":-1.707,"bolussnooze":0,"activity":0.025,"lastBolusTime":1703419737344,"time":"2023-12-24T13:38:42.311Z"}},{"iob":2.212,"basaliob":-0.521,"bolussnooze":0,"activity":0.0311,"lastBolusTime":1703419737344,"time":"2023-12-24T13:43:42.311Z","iobWithZeroTemp":{"iob":1.021,"basaliob":-1.712,"bolussnooze":0,"activity":0.0226,"lastBolusTime":1703419737344,"time":"2023-12-24T13:43:42.311Z"}},{"iob":2.061,"basaliob":-0.486,"bolussnooze":0,"activity":0.0294,"lastBolusTime":1703419737344,"time":"2023-12-24T13:48:42.311Z","iobWithZeroTemp":{"iob":0.831,"basaliob":-1.716,"bolussnooze":0,"activity":0.0205,"lastBolusTime":1703419737344,"time":"2023-12-24T13:48:42.311Z"}},{"iob":1.918,"basaliob":-0.453,"bolussnooze":0,"activity":0.0277,"lastBolusTime":1703419737344,"time":"2023-12-24T13:53:42.311Z","iobWithZeroTemp":{"iob":0.65,"basaliob":-1.721,"bolussnooze":0,"activity":0.0183,"lastBolusTime":1703419737344,"time":"2023-12-24T13:53:42.311Z"}},{"iob":1.784,"basaliob":-0.422,"bolussnooze":0,"activity":0.0261,"lastBolusTime":1703419737344,"time":"2023-12-24T13:58:42.311Z","iobWithZeroTemp":{"iob":0.481,"basaliob":-1.725,"bolussnooze":0,"activity":0.0162,"lastBolusTime":1703419737344,"time":"2023-12-24T13:58:42.311Z"}},{"iob":1.658,"basaliob":-0.393,"bolussnooze":0,"activity":0.0244,"lastBolusTime":1703419737344,"time":"2023-12-24T14:03:42.311Z","iobWithZeroTemp":{"iob":0.326,"basaliob":-1.725,"bolussnooze":0,"activity":0.0141,"lastBolusTime":1703419737344,"time":"2023-12-24T14:03:42.311Z"}},{"iob":1.539,"basaliob":-0.366,"bolussnooze":0,"activity":0.023,"lastBolusTime":1703419737344,"time":"2023-12-24T14:08:42.311Z","iobWithZeroTemp":{"iob":0.181,"basaliob":-1.724,"bolussnooze":0,"activity":0.0123,"lastBolusTime":1703419737344,"time":"2023-12-24T14:08:42.311Z"}},{"iob":1.427,"basaliob":-0.34,"bolussnooze":0,"activity":0.0215,"lastBolusTime":1703419737344,"time":"2023-12-24T14:13:42.311Z","iobWithZeroTemp":{"iob":0.044,"basaliob":-1.723,"bolussnooze":0,"activity":0.0105,"lastBolusTime":1703419737344,"time":"2023-12-24T14:13:42.311Z"}},{"iob":1.324,"basaliob":-0.315,"bolussnooze":0,"activity":0.0202,"lastBolusTime":1703419737344,"time":"2023-12-24T14:18:42.311Z","iobWithZeroTemp":{"iob":-0.083,"basaliob":-1.722,"bolussnooze":0,"activity":0.0088,"lastBolusTime":1703419737344,"time":"2023-12-24T14:18:42.311Z"}},{"iob":1.226,"basaliob":-0.293,"bolussnooze":0,"activity":0.0189,"lastBolusTime":1703419737344,"time":"2023-12-24T14:23:42.311Z","iobWithZeroTemp":{"iob":-0.202,"basaliob":-1.721,"bolussnooze":0,"activity":0.0072,"lastBolusTime":1703419737344,"time":"2023-12-24T14:23:42.311Z"}},{"iob":1.135,"basaliob":-0.271,"bolussnooze":0,"activity":0.0177,"lastBolusTime":1703419737344,"time":"2023-12-24T14:28:42.311Z","iobWithZeroTemp":{"iob":-0.313,"basaliob":-1.719,"bolussnooze":0,"activity":0.0057,"lastBolusTime":1703419737344,"time":"2023-12-24T14:28:42.311Z"}},{"iob":1.05,"basaliob":-0.251,"bolussnooze":0,"activity":0.0164,"lastBolusTime":1703419737344,"time":"2023-12-24T14:33:42.311Z","iobWithZeroTemp":{"iob":-0.416,"basaliob":-1.717,"bolussnooze":0,"activity":0.0041,"lastBolusTime":1703419737344,"time":"2023-12-24T14:33:42.311Z"}},{"iob":0.971,"basaliob":-0.232,"bolussnooze":0,"activity":0.0154,"lastBolusTime":1703419737344,"time":"2023-12-24T14:38:42.311Z","iobWithZeroTemp":{"iob":-0.512,"basaliob":-1.715,"bolussnooze":0,"activity":0.0028,"lastBolusTime":1703419737344,"time":"2023-12-24T14:38:42.311Z"}},{"iob":0.896,"basaliob":-0.215,"bolussnooze":0,"activity":0.0143,"lastBolusTime":1703419737344,"time":"2023-12-24T14:43:42.311Z","iobWithZeroTemp":{"iob":-0.603,"basaliob":-1.714,"bolussnooze":0,"activity":0.0015,"lastBolusTime":1703419737344,"time":"2023-12-24T14:43:42.311Z"}},{"iob":0.827,"basaliob":-0.199,"bolussnooze":0,"activity":0.0134,"lastBolusTime":1703419737344,"time":"2023-12-24T14:48:42.311Z","iobWithZeroTemp":{"iob":-0.687,"basaliob":-1.713,"bolussnooze":0,"activity":4.0E-4,"lastBolusTime":1703419737344,"time":"2023-12-24T14:48:42.311Z"}},{"iob":0.762,"basaliob":-0.184,"bolussnooze":0,"activity":0.0124,"lastBolusTime":1703419737344,"time":"2023-12-24T14:53:42.311Z","iobWithZeroTemp":{"iob":-0.765,"basaliob":-1.711,"bolussnooze":0,"activity":-9.0E-4,"lastBolusTime":1703419737344,"time":"2023-12-24T14:53:42.311Z"}},{"iob":0.703,"basaliob":-0.169,"bolussnooze":0,"activity":0.0116,"lastBolusTime":1703419737344,"time":"2023-12-24T14:58:42.311Z","iobWithZeroTemp":{"iob":-0.837,"basaliob":-1.709,"bolussnooze":0,"activity":-0.0019,"lastBolusTime":1703419737344,"time":"2023-12-24T14:58:42.311Z"}},{"iob":0.648,"basaliob":-0.156,"bolussnooze":0,"activity":0.0107,"lastBolusTime":1703419737344,"time":"2023-12-24T15:03:42.311Z","iobWithZeroTemp":{"iob":-0.895,"basaliob":-1.699,"bolussnooze":0,"activity":-0.0029,"lastBolusTime":1703419737344,"time":"2023-12-24T15:03:42.311Z"}},{"iob":0.596,"basaliob":-0.144,"bolussnooze":0,"activity":0.0099,"lastBolusTime":1703419737344,"time":"2023-12-24T15:08:42.311Z","iobWithZeroTemp":{"iob":-0.949,"basaliob":-1.689,"bolussnooze":0,"activity":-0.0039,"lastBolusTime":1703419737344,"time":"2023-12-24T15:08:42.311Z"}},{"iob":0.548,"basaliob":-0.133,"bolussnooze":0,"activity":0.0092,"lastBolusTime":1703419737344,"time":"2023-12-24T15:13:42.311Z","iobWithZeroTemp":{"iob":-0.999,"basaliob":-1.68,"bolussnooze":0,"activity":-0.0047,"lastBolusTime":1703419737344,"time":"2023-12-24T15:13:42.311Z"}},{"iob":0.504,"basaliob":-0.122,"bolussnooze":0,"activity":0.0086,"lastBolusTime":1703419737344,"time":"2023-12-24T15:18:42.311Z","iobWithZeroTemp":{"iob":-1.044,"basaliob":-1.67,"bolussnooze":0,"activity":-0.0054,"lastBolusTime":1703419737344,"time":"2023-12-24T15:18:42.311Z"}},{"iob":0.463,"basaliob":-0.112,"bolussnooze":0,"activity":0.0079,"lastBolusTime":1703419737344,"time":"2023-12-24T15:23:42.311Z","iobWithZeroTemp":{"iob":-1.085,"basaliob":-1.66,"bolussnooze":0,"activity":-0.0062,"lastBolusTime":1703419737344,"time":"2023-12-24T15:23:42.311Z"}},{"iob":0.425,"basaliob":-0.103,"bolussnooze":0,"activity":0.0073,"lastBolusTime":1703419737344,"time":"2023-12-24T15:28:42.311Z","iobWithZeroTemp":{"iob":-1.124,"basaliob":-1.652,"bolussnooze":0,"activity":-0.0069,"lastBolusTime":1703419737344,"time":"2023-12-24T15:28:42.311Z"}},{"iob":0.389,"basaliob":-0.095,"bolussnooze":0,"activity":0.0068,"lastBolusTime":1703419737344,"time":"2023-12-24T15:33:42.311Z","iobWithZeroTemp":{"iob":-1.159,"basaliob":-1.643,"bolussnooze":0,"activity":-0.0075,"lastBolusTime":1703419737344,"time":"2023-12-24T15:33:42.311Z"}},{"iob":0.356,"basaliob":-0.087,"bolussnooze":0,"activity":0.0063,"lastBolusTime":1703419737344,"time":"2023-12-24T15:38:42.311Z","iobWithZeroTemp":{"iob":-1.192,"basaliob":-1.635,"bolussnooze":0,"activity":-0.008,"lastBolusTime":1703419737344,"time":"2023-12-24T15:38:42.311Z"}},{"iob":0.326,"basaliob":-0.08,"bolussnooze":0,"activity":0.0058,"lastBolusTime":1703419737344,"time":"2023-12-24T15:43:42.311Z","iobWithZeroTemp":{"iob":-1.221,"basaliob":-1.627,"bolussnooze":0,"activity":-0.0086,"lastBolusTime":1703419737344,"time":"2023-12-24T15:43:42.311Z"}},{"iob":0.299,"basaliob":-0.073,"bolussnooze":0,"activity":0.0053,"lastBolusTime":1703419737344,"time":"2023-12-24T15:48:42.311Z","iobWithZeroTemp":{"iob":-1.247,"basaliob":-1.619,"bolussnooze":0,"activity":-0.0091,"lastBolusTime":1703419737344,"time":"2023-12-24T15:48:42.311Z"}},{"iob":0.273,"basaliob":-0.067,"bolussnooze":0,"activity":0.0049,"lastBolusTime":1703419737344,"time":"2023-12-24T15:53:42.311Z","iobWithZeroTemp":{"iob":-1.271,"basaliob":-1.611,"bolussnooze":0,"activity":-0.0095,"lastBolusTime":1703419737344,"time":"2023-12-24T15:53:42.311Z"}},{"iob":0.25,"basaliob":-0.061,"bolussnooze":0,"activity":0.0045,"lastBolusTime":1703419737344,"time":"2023-12-24T15:58:42.311Z","iobWithZeroTemp":{"iob":-1.293,"basaliob":-1.604,"bolussnooze":0,"activity":-0.01,"lastBolusTime":1703419737344,"time":"2023-12-24T15:58:42.311Z"}},{"iob":0.228,"basaliob":-0.056,"bolussnooze":0,"activity":0.0042,"lastBolusTime":1703419737344,"time":"2023-12-24T16:03:42.311Z","iobWithZeroTemp":{"iob":-1.313,"basaliob":-1.597,"bolussnooze":0,"activity":-0.0103,"lastBolusTime":1703419737344,"time":"2023-12-24T16:03:42.311Z"}},{"iob":0.208,"basaliob":-0.051,"bolussnooze":0,"activity":0.0039,"lastBolusTime":1703419737344,"time":"2023-12-24T16:08:42.311Z","iobWithZeroTemp":{"iob":-1.332,"basaliob":-1.591,"bolussnooze":0,"activity":-0.0106,"lastBolusTime":1703419737344,"time":"2023-12-24T16:08:42.311Z"}}],"profile":{"max_iob":15,"type":"current","max_daily_basal":1.2,"max_basal":3.59,"min_bg":99,"max_bg":99,"target_bg":99,"carb_ratio":4.285714285714286,"sens":20.57142857142857,"max_daily_safety_multiplier":3,"current_basal_safety_multiplier":4,"high_temptarget_raises_sensitivity":false,"low_temptarget_lowers_sensitivity":false,"sensitivity_raises_target":true,"resistance_lowers_target":true,"adv_target_adjustments":false,"exercise_mode":false,"half_basal_exercise_target":160,"maxCOB":120,"skip_neutral_temps":false,"remainingCarbsCap":90,"enableUAM":true,"A52_risk_enable":false,"SMBInterval":3,"enableSMB_with_COB":true,"enableSMB_with_temptarget":true,"allowSMB_with_high_temptarget":false,"enableSMB_always":false,"enableSMB_after_carbs":true,"maxSMBBasalMinutes":80,"maxUAMSMBBasalMinutes":60,"bolus_increment":0.05,"carbsReqThreshold":10,"current_basal":1.05,"temptargetSet":false,"autosens_max":1.2,"out_units":"mmol\/L"},"autosens_data":{"ratio":1},"meal_data":{"carbs":75,"mealCOB":19.180476190476202,"slopeFromMaxDeviation":0,"slopeFromMinDeviation":1.3649999999999995,"lastBolusTime":1703419737344,"lastCarbTime":1703418436811},"microBolusAllowed":true,"currentTime":1703420024381,"flatBGsDetected":false},"output":{"temp":"absolute","bg":143,"tick":-2,"eventualBG":101,"targetBG":99,"insulinReq":0,"deliverAt":"2023-12-24T12:13:44.381Z","sensitivityRatio":1,"predBGs":{"IOB":[143,141,138,135,132,128,124,120,116,112,108,103,99,94,90,86,82,79,75,72,69,66,64,61,59,57,54,53,51,49,47,46,45,43,42,41,40,39],"ZT":[143,137,131,125,119,113,108,102,97,92,88,83,79,75,72,68,65,62,60,57,55,53,52,50,49,48,47,46,46,45,45,45,45,45,45,45,46,46,47,47,48,49,50,51,52,53,54,55],"COB":[143,141,139,136,134,132,130,127,125,123,122,120,118,117,115,114,113,112,111,110,110,109,109,108,108,107,107,107,107,106,106,106,106,106,106,105,105,105,105,104,104,104,103,103,102,102,101],"UAM":[143,141,138,134,130,126,122,117,112,107,102,97,92,88,84,80,76,72,69,66,63,60,57,55,52,50,48,46,44,43,41,40,39]},"COB":19.180476190476202,"IOB":6.494,"reason":"COB: 19.2, Dev: 1.3, BGI: -0.3, ISF: 1.1, CR: 4.29, Target: 5.5, minPredBG 2.5, minGuardBG 2.5, IOBpredBG 2.2, COBpredBG 5.6, UAMpredBG 2.2; minGuardBG 2.5<3.9","duration":120,"rate":0,"timestamp":"2023-12-24T12:13:44.452Z"}}