{"algorithm":"OpenAPSSMBPlugin","input":{"glucoseStatus":{"glucose":144,"noise":0,"delta":-1,"short_avgdelta":-0.5,"long_avgdelta":0.96,"date":1703538795000},"currenttemp":{"temp":"absolute","duration":55,"rate":0.54,"minutesrunning":5},"iob_data":[{"iob":2.311,"basaliob":-0.716,"bolussnooze":0,"activity":0.0233,"lastBolusTime":1703538131370,"time":"2023-12-25T21:13:46.807Z","iobWithZeroTemp":{"iob":2.311,"basaliob":-0.716,"bolussnooze":0,"activity":0.0233,"lastBolusTime":1703538131370,"time":"2023-12-25T21:13:46.807Z"}},{"iob":2.195,"basaliob":-0.674,"bolussnooze":0,"activity":0.023,"lastBolusTime":1703538131370,"time":"2023-12-25T21:18:46.807Z","iobWithZeroTemp":{"iob":2.135,"basaliob":-0.734,"bolussnooze":0,"activity":0.023,"lastBolusTime":1703538131370,"time":"2023-12-25T21:18:46.807Z"}},{"iob":2.082,"basaliob":-0.633,"bolussnooze":0,"activity":0.0226,"lastBolusTime":1703538131370,"time":"2023-12-25T21:23:46.807Z","iobWithZeroTemp":{"iob":1.948,"basaliob":-0.767,"bolussnooze":0,"activity":0.0224,"lastBolusTime":1703538131370,"time":"2023-12-25T21:23:46.807Z"}},{"iob":1.97,"basaliob":-0.595,"bolussnooze":0,"activity":0.022,"lastBolusTime":1703538131370,"time":"2023-12-25T21:28:46.807Z","iobWithZeroTemp":{"iob":1.762,"basaliob":-0.803,"bolussnooze":0,"activity":0.0216,"lastBolusTime":1703538131370,"time":"2023-12-25T21:28:46.807Z"}},{"iob":1.861,"basaliob":-0.558,"bolussnooze":0,"activity":0.0214,"lastBolusTime":1703538131370,"time":"2023-12-25T21:33:46.807Z","iobWithZeroTemp":{"iob":1.581,"basaliob":-0.838,"bolussnooze":0,"activity":0.0207,"lastBolusTime":1703538131370,"time":"2023-12-25T21:33:46.807Z"}},{"iob":1.757,"basaliob":-0.522,"bolussnooze":0,"activity":0.0207,"lastBolusTime":1703538131370,"time":"2023-12-25T21:38:46.807Z","iobWithZeroTemp":{"iob":1.406,"basaliob":-0.873,"bolussnooze":0,"activity":0.0196,"lastBolusTime":1703538131370,"time":"2023-12-25T21:38:46.807Z"}},{"iob":1.654,"basaliob":-0.489,"bolussnooze":0,"activity":0.02,"lastBolusTime":1703538131370,"time":"2023-12-25T21:43:46.807Z","iobWithZeroTemp":{"iob":1.235,"basaliob":-0.908,"bolussnooze":0,"activity":0.0185,"lastBolusTime":1703538131370,"time":"2023-12-25T21:43:46.807Z"}},{"iob":1.557,"basaliob":-0.457,"bolussnooze":0,"activity":0.0192,"lastBolusTime":1703538131370,"time":"2023-12-25T21:48:46.807Z","iobWithZeroTemp":{"iob":1.072,"basaliob":-0.942,"bolussnooze":0,"activity":0.0172,"lastBolusTime":1703538131370,"time":"2023-12-25T21:48:46.807Z"}},{"iob":1.463,"basaliob":-0.427,"bolussnooze":0,"activity":0.0184,"lastBolusTime":1703538131370,"time":"2023-12-25T21:53:46.807Z","iobWithZeroTemp":{"iob":0.914,"basaliob":-0.976,"bolussnooze":0,"activity":0.016,"lastBolusTime":1703538131370,"time":"2023-12-25T21:53:46.807Z"}},{"iob":1.373,"basaliob":-0.398,"bolussnooze":0,"activity":0.0175,"lastBolusTime":1703538131370,"time":"2023-12-25T21:58:46.807Z","iobWithZeroTemp":{"iob":0.762,"basaliob":-1.009,"bolussnooze":0,"activity":0.0146,"lastBolusTime":1703538131370,"time":"2023-12-25T21:58:46.807Z"}},{"iob":1.287,"basaliob":-0.371,"bolussnooze":0,"activity":0.0167,"lastBolusTime":1703538131370,"time":"2023-12-25T22:03:46.807Z","iobWithZeroTemp":{"iob":0.625,"basaliob":-1.033,"bolussnooze":0,"activity":0.0133,"lastBolusTime":1703538131370,"time":"2023-12-25T22:03:46.807Z"}},{"iob":1.206,"basaliob":-0.345,"bolussnooze":0,"activity":0.0159,"lastBolusTime":1703538131370,"time":"2023-12-25T22:08:46.807Z","iobWithZeroTemp":{"iob":0.496,"basaliob":-1.055,"bolussnooze":0,"activity":0.012,"lastBolusTime":1703538131370,"time":"2023-12-25T22:08:46.807Z"}},{"iob":1.128,"basaliob":-0.321,"bolussnooze":0,"activity":0.0151,"lastBolusTime":1703538131370,"time":"2023-12-25T22:13:46.807Z","iobWithZeroTemp":{"iob":0.372,"basaliob":-1.077,"bolussnooze":0,"activity":0.0107,"lastBolusTime":1703538131370,"time":"2023-12-25T22:13:46.807Z"}},{"iob":1.053,"basaliob":-0.299,"bolussnooze":0,"activity":0.0144,"lastBolusTime":1703538131370,"time":"2023-12-25T22:18:46.807Z","iobWithZeroTemp":{"iob":0.253,"basaliob":-1.099,"bolussnooze":0,"activity":0.0095,"lastBolusTime":1703538131370,"time":"2023-12-25T22:18:46.807Z"}},{"iob":0.983,"basaliob":-0.278,"bolussnooze":0,"activity":0.0136,"lastBolusTime":1703538131370,"time":"2023-12-25T22:23:46.807Z","iobWithZeroTemp":{"iob":0.142,"basaliob":-1.119,"bolussnooze":0,"activity":0.0082,"lastBolusTime":1703538131370,"time":"2023-12-25T22:23:46.807Z"}},{"iob":0.917,"basaliob":-0.258,"bolussnooze":0,"activity":0.0128,"lastBolusTime":1703538131370,"time":"2023-12-25T22:28:46.807Z","iobWithZeroTemp":{"iob":0.038,"basaliob":-1.137,"bolussnooze":0,"activity":0.007,"lastBolusTime":1703538131370,"time":"2023-12-25T22:28:46.807Z"}},{"iob":0.855,"basaliob":-0.239,"bolussnooze":0,"activity":0.0122,"lastBolusTime":1703538131370,"time":"2023-12-25T22:33:46.807Z","iobWithZeroTemp":{"iob":-0.061,"basaliob":-1.155,"bolussnooze":0,"activity":0.0059,"lastBolusTime":1703538131370,"time":"2023-12-25T22:33:46.807Z"}},{"iob":0.796,"basaliob":-0.221,"bolussnooze":0,"activity":0.0114,"lastBolusTime":1703538131370,"time":"2023-12-25T22:38:46.807Z","iobWithZeroTemp":{"iob":-0.154,"basaliob":-1.171,"bolussnooze":0,"activity":0.0047,"lastBolusTime":1703538131370,"time":"2023-12-25T22:38:46.807Z"}},{"iob":0.74,"basaliob":-0.205,"bolussnooze":0,"activity":0.0107,"lastBolusTime":1703538131370,"time":"2023-12-25T22:43:46.807Z","iobWithZeroTemp":{"iob":-0.243,"basaliob":-1.188,"bolussnooze":0,"activity":0.0036,"lastBolusTime":1703538131370,"time":"2023-12-25T22:43:46.807Z"}},{"iob":0.688,"basaliob":-0.19,"bolussnooze":0,"activity":0.0101,"lastBolusTime":1703538131370,"time":"2023-12-25T22:48:46.807Z","iobWithZeroTemp":{"iob":-0.325,"basaliob":-1.203,"bolussnooze":0,"activity":0.0026,"lastBolusTime":1703538131370,"time":"2023-12-25T22:48:46.807Z"}},{"iob":0.639,"basaliob":-0.175,"bolussnooze":0,"activity":0.0095,"lastBolusTime":1703538131370,"time":"2023-12-25T22:53:46.807Z","iobWithZeroTemp":{"iob":-0.403,"basaliob":-1.217,"bolussnooze":0,"activity":0.0017,"lastBolusTime":1703538131370,"time":"2023-12-25T22:53:46.807Z"}},{"iob":0.593,"basaliob":-0.162,"bolussnooze":0,"activity":0.0089,"lastBolusTime":1703538131370,"time":"2023-12-25T22:58:46.807Z","iobWithZeroTemp":{"iob":-0.476,"basaliob":-1.231,"bolussnooze":0,"activity":7.0E-4,"lastBolusTime":1703538131370,"time":"2023-12-25T22:58:46.807Z"}},{"iob":0.549,"basaliob":-0.15,"bolussnooze":0,"activity":0.0084,"lastBolusTime":1703538131370,"time":"2023-12-25T23:03:46.807Z","iobWithZeroTemp":{"iob":-0.545,"basaliob":-1.244,"bolussnooze":0,"activity":-1.0E-4,"lastBolusTime":1703538131370,"time":"2023-12-25T23:03:46.807Z"}},{"iob":0.509,"basaliob":-0.138,"bolussnooze":0,"activity":0.0079,"lastBolusTime":1703538131370,"time":"2023-12-25T23:08:46.807Z","iobWithZeroTemp":{"iob":-0.608,"basaliob":-1.255,"bolussnooze":0,"activity":-9.0E-4,"lastBolusTime":1703538131370,"time":"2023-12-25T23:08:46.807Z"}},{"iob":0.472,"basaliob":-0.127,"bolussnooze":0,"activity":0.0073,"lastBolusTime":1703538131370,"time":"2023-12-25T23:13:46.807Z","iobWithZeroTemp":{"iob":-0.667,"basaliob":-1.266,"bolussnooze":0,"activity":-0.0018,"lastBolusTime":1703538131370,"time":"2023-12-25T23:13:46.807Z"}},{"iob":0.436,"basaliob":-0.117,"bolussnooze":0,"activity":0.0069,"lastBolusTime":1703538131370,"time":"2023-12-25T23:18:46.807Z","iobWithZeroTemp":{"iob":-0.723,"basaliob":-1.276,"bolussnooze":0,"activity":-0.0025,"lastBolusTime":1703538131370,"time":"2023-12-25T23:18:46.807Z"}},{"iob":0.403,"basaliob":-0.108,"bolussnooze":0,"activity":0.0064,"lastBolusTime":1703538131370,"time":"2023-12-25T23:23:46.807Z","iobWithZeroTemp":{"iob":-0.775,"basaliob":-1.286,"bolussnooze":0,"activity":-0.0033,"lastBolusTime":1703538131370,"time":"2023-12-25T23:23:46.807Z"}},{"iob":0.373,"basaliob":-0.099,"bolussnooze":0,"activity":0.0059,"lastBolusTime":1703538131370,"time":"2023-12-25T23:28:46.807Z","iobWithZeroTemp":{"iob":-0.823,"basaliob":-1.295,"bolussnooze":0,"activity":-0.004,"lastBolusTime":1703538131370,"time":"2023-12-25T23:28:46.807Z"}},{"iob":0.344,"basaliob":-0.091,"bolussnooze":0,"activity":0.0056,"lastBolusTime":1703538131370,"time":"2023-12-25T23:33:46.807Z","iobWithZeroTemp":{"iob":-0.869,"basaliob":-1.304,"bolussnooze":0,"activity":-0.0046,"lastBolusTime":1703538131370,"time":"2023-12-25T23:33:46.807Z"}},{"iob":0.317,"basaliob":-0.084,"bolussnooze":0,"activity":0.0052,"lastBolusTime":1703538131370,"time":"2023-12-25T23:38:46.807Z","iobWithZeroTemp":{"iob":-0.911,"basaliob":-1.312,"bolussnooze":0,"activity":-0.0052,"lastBolusTime":1703538131370,"time":"2023-12-25T23:38:46.807Z"}},{"iob":0.292,"basaliob":-0.077,"bolussnooze":0,"activity":0.0048,"lastBolusTime":1703538131370,"time":"2023-12-25T23:43:46.807Z","iobWithZeroTemp":{"iob":-0.95,"basaliob":-1.319,"bolussnooze":0,"activity":-0.0058,"lastBolusTime":1703538131370,"time":"2023-12-25T23:43:46.807Z"}},{"iob":0.269,"basaliob":-0.071,"bolussnooze":0,"activity":0.0045,"lastBolusTime":1703538131370,"time":"2023-12-25T23:48:46.807Z","iobWithZeroTemp":{"iob":-0.987,"basaliob":-1.327,"bolussnooze":0,"activity":-0.0063,"lastBolusTime":1703538131370,"time":"2023-12-25T23:48:46.807Z"}},{"iob":0.247,"basaliob":-0.065,"bolussnooze":0,"activity":0.0042,"lastBolusTime":1703538131370,"time":"2023-12-25T23:53:46.807Z","iobWithZeroTemp":{"iob":-1.021,"basaliob":-1.333,"bolussnooze":0,"activity":-0.0068,"lastBolusTime":1703538131370,"time":"2023-12-25T23:53:46.807Z"}},{"iob":0.228,"basaliob":-0.059,"bolussnooze":0,"activity":0.0039,"lastBolusTime":1703538131370,"time":"2023-12-25T23:58:46.807Z","iobWithZeroTemp":{"iob":-1.051,"basaliob":-1.338,"bolussnooze":0,"activity":-0.0072,"lastBolusTime":1703538131370,"time":"2023-12-25T23:58:46.807Z"}},{"iob":0.21,"basaliob":-0.054,"bolussnooze":0,"activity":0.0035,"lastBolusTime":1703538131370,"time":"2023-12-26T00:03:46.807Z","iobWithZeroTemp":{"iob":-1.084,"basaliob":-1.348,"bolussnooze":0,"activity":-0.0078,"lastBolusTime":1703538131370,"time":"2023-12-26T00:03:46.807Z"}},{"iob":0.192,"basaliob":-0.05,"bolussnooze":0,"activity":0.0033,"lastBolusTime":1703538131370,"time":"2023-12-26T00:08:46.807Z","iobWithZeroTemp":{"iob":-1.116,"basaliob":-1.358,"bolussnooze":0,"activity":-0.0082,"lastBolusTime":1703538131370,"time":"2023-12-26T00:08:46.807Z"}},{"iob":0.177,"basaliob":-0.045,"bolussnooze":0,"activity":0.0031,"lastBolusTime":1703538131370,"time":"2023-12-26T00:13:46.807Z","iobWithZeroTemp":{"iob":-1.144,"basaliob":-1.366,"bolussnooze":0,"activity":-0.0085,"lastBolusTime":1703538131370,"time":"2023-12-26T00:13:46.807Z"}},{"iob":0.162,"basaliob":-0.041,"bolussnooze":0,"activity":0.0028,"lastBolusTime":1703538131370,"time":"2023-12-26T00:18:46.807Z","iobWithZeroTemp":{"iob":-1.172,"basaliob":-1.375,"bolussnooze":0,"activity":-0.009,"lastBolusTime":1703538131370,"time":"2023-12-26T00:18:46.807Z"}},{"iob":0.148,"basaliob":-0.038,"bolussnooze":0,"activity":0.0026,"lastBolusTime":1703538131370,"time":"2023-12-26T00:23:46.807Z","iobWithZeroTemp":{"iob":-1.197,"basaliob":-1.383,"bolussnooze":0,"activity":-0.0093,"lastBolusTime":1703538131370,"time":"2023-12-26T00:23:46.807Z"}},{"iob":0.136,"basaliob":-0.034,"bolussnooze":0,"activity":0.0024,"lastBolusTime":1703538131370,"time":"2023-12-26T00:28:46.807Z","iobWithZeroTemp":{"iob":-1.22,"basaliob":-1.39,"bolussnooze":0,"activity":-0.0097,"lastBolusTime":1703538131370,"time":"2023-12-26T00:28:46.807Z"}},{"iob":0.125,"basaliob":-0.031,"bolussnooze":0,"activity":0.0022,"lastBolusTime":1703538131370,"time":"2023-12-26T00:33:46.807Z","iobWithZeroTemp":{"iob":-1.241,"basaliob":-1.397,"bolussnooze":0,"activity":-0.01,"lastBolusTime":1703538131370,"time":"2023-12-26T00:33:46.807Z"}},{"iob":0.114,"basaliob":-0.028,"bolussnooze":0,"activity":0.0021,"lastBolusTime":1703538131370,"time":"2023-12-26T00:38:46.807Z","iobWithZeroTemp":{"iob":-1.262,"basaliob":-1.404,"bolussnooze":0,"activity":-0.0102,"lastBolusTime":1703538131370,"time":"2023-12-26T00:38:46.807Z"}},{"iob":0.104,"basaliob":-0.026,"bolussnooze":0,"activity":0.0019,"lastBolusTime":1703538131370,"time":"2023-12-26T00:43:46.807Z","iobWithZeroTemp":{"iob":-1.281,"basaliob":-1.411,"bolussnooze":0,"activity":-0.0105,"lastBolusTime":1703538131370,"time":"2023-12-26T00:43:46.807Z"}},{"iob":0.095,"basaliob":-0.024,"bolussnooze":0,"activity":0.0017,"lastBolusTime":1703538131370,"time":"2023-12-26T00:48:46.807Z","iobWithZeroTemp":{"iob":-1.298,"basaliob":-1.417,"bolussnooze":0,"activity":-0.0108,"lastBolusTime":1703538131370,"time":"2023-12-26T00:48:46.807Z"}},{"iob":0.087,"basaliob":-0.021,"bolussnooze":0,"activity":0.0016,"lastBolusTime":1703538131370,"time":"2023-12-26T00:53:46.807Z","iobWithZeroTemp":{"iob":-1.314,"basaliob":-1.422,"bolussnooze":0,"activity":-0.011,"lastBolusTime":1703538131370,"time":"2023-12-26T00:53:46.807Z"}},{"iob":0.08,"basaliob":-0.019,"bolussnooze":0,"activity":0.0014,"lastBolusTime":1703538131370,"time":"2023-12-26T00:58:46.807Z","iobWithZeroTemp":{"iob":-1.329,"basaliob":-1.428,"bolussnooze":0,"activity":-0.0114,"lastBolusTime":1703538131370,"time":"2023-12-26T00:58:46.807Z"}},{"iob":0.072,"basaliob":-0.018,"bolussnooze":0,"activity":0.0014,"lastBolusTime":1703538131370,"time":"2023-12-26T01:03:46.807Z","iobWithZeroTemp":{"iob":-1.351,"basaliob":-1.441,"bolussnooze":0,"activity":-0.0115,"lastBolusTime":1703538131370,"time":"2023-12-26T01:03:46.807Z"}},{"iob":0.066,"basaliob":-0.016,"bolussnooze":0,"activity":0.0013,"lastBolusTime":1703538131370,"time":"2023-12-26T01:08:46.807Z","iobWithZeroTemp":{"iob":-1.372,"basaliob":-1.454,"bolussnooze":0,"activity":-0.0117,"lastBolusTime":1703538131370,"time":"2023-12-26T01:08:46.807Z"}}],"profile":{"max_iob":15,"type":"current","max_daily_basal":1.2,"max_basal":3.59,"min_bg":90,"max_bg":90,"target_bg":90,"carb_ratio":4.761904761904762,"sens":27.428571428571427,"max_daily_safety_multiplier":3,"current_basal_safety_multiplier":4,"high_temptarget_raises_sensitivity":false,"low_temptarget_lowers_sensitivity":false,"sensitivity_raises_target":true,"resistance_lowers_target":true,"adv_target_adjustments":false,"exercise_mode":false,"half_basal_exercise_target":160,"maxCOB":120,"skip_neutral_temps":false,"remainingCarbsCap":90,"enableUAM":true,"A52_risk_enable":false,"SMBInterval":3,"enableSMB_with_COB":true,"enableSMB_with_temptarget":true,"allowSMB_with_high_temptarget":false,"enableSMB_always":false,"enableSMB_after_carbs":true,"maxSMBBasalMinutes":80,"maxUAMSMBBasalMinutes":60,"bolus_increment":0.05,"carbsReqThreshold":10,"current_basal":0.9,"temptargetSet":true,"autosens_max":1.2,"out_units":"mmol\/L"},"autosens_data":{"ratio":1},"meal_data":{"carbs":50,"mealCOB":0,"slopeFromMaxDeviation":-0.40720000000000006,"slopeFromMinDeviation":0.2646666666666666,"lastBolusTime":1703538131370,"lastCarbTime":1703523912907},"microBolusAllowed":true,"currentTime":1703538829262,"flatBGsDetected":false},"output":{"temp":"absolute","bg":144,"tick":-1,"eventualBG":94,"targetBG":90,"insulinReq":0.15,"deliverAt":"2023-12-25T21:13:49.262Z","sensitivityRatio":1,"predBGs":{"IOB":[144,143,142,140,139,137,135,133,131,129,127,125,123,121,119,117,115,114,112,111,109,108,107,106,105,104,103,102,101,100,100,99,98,98,97,97,96,96,95,95,95,94,94,94,94,93],"ZT":[144,141,138,135,132,129,126,124,121,119,117,115,114,112,111,110,109,108,107,107,106,106,106,106,106,106,107,107,108,108],"UAM":[144,143,141,139,136,133,131,128,125,123,120,118,116,114,112,110,108,107,105,104,102,101,100,98,97,96,95,95,94,93,92,92,91,90,90,89,89,89,88,88,87,87,87,87,86]},"COB":0,"IOB":2.311,"reason":"COB: 0, Dev: 0.7, BGI: -0.2, ISF: 1.5, CR: 4.76, Target: 5.0, minPredBG 5.3, minGuardBG 4.8, IOBpredBG 5.2, UAMpredBG 4.8; Eventual BG 5.2 >= 5.0,  insulinReq 0.15; setting 30m low temp of 0.21U\/h. Microbolusing 0.05U. ","units":0.05,"rate":0.21,"duration":30,"timestamp":"2023-12-25T21:13:49.345Z"}}