{"algorithm":"OpenAPSSMBDynamicISFPlugin","input":{"glucoseStatus":{"glucose":79,"noise":0,"delta":-13,"short_avgdelta":-8.94,"long_avgdelta":-11.91,"date":1704457200000},"currenttemp":{"temp":"absolute","duration":90,"rate":0,"minutesrunning":30},"iob_data":[{"iob":0,"basaliob":-0.12,"bolussnooze":0,"activity":0.0011,"lastBolusTime":1704452802638,"time":"2024-01-05T12:21:25.528Z","iobWithZeroTemp":{"iob":0,"basaliob":-0.12,"bolussnooze":0,"activity":0.0011,"lastBolusTime":1704452802638,"time":"2024-01-05T12:21:25.528Z"}},{"iob":-0.005,"basaliob":-0.117,"bolussnooze":0,"activity":9.0E-4,"lastBolusTime":1704452802638,"time":"2024-01-05T12:26:25.528Z","iobWithZeroTemp":{"iob":-0.028,"basaliob":-0.14,"bolussnooze":0,"activity":9.0E-4,"lastBolusTime":1704452802638,"time":"2024-01-05T12:26:25.528Z"}},{"iob":-0.008,"basaliob":-0.112,"bolussnooze":0,"activity":7.0E-4,"lastBolusTime":1704452802638,"time":"2024-01-05T12:31:25.528Z","iobWithZeroTemp":{"iob":-0.06,"basaliob":-0.164,"bolussnooze":0,"activity":6.0E-4,"lastBolusTime":1704452802638,"time":"2024-01-05T12:31:25.528Z"}},{"iob":-0.012,"basaliob":-0.108,"bolussnooze":0,"activity":5.0E-4,"lastBolusTime":1704452802638,"time":"2024-01-05T12:36:25.528Z","iobWithZeroTemp":{"iob":-0.093,"basaliob":-0.189,"bolussnooze":0,"activity":3.0E-4,"lastBolusTime":1704452802638,"time":"2024-01-05T12:36:25.528Z"}},{"iob":-0.014,"basaliob":-0.103,"bolussnooze":0,"activity":4.0E-4,"lastBolusTime":1704452802638,"time":"2024-01-05T12:41:25.528Z","iobWithZeroTemp":{"iob":-0.122,"basaliob":-0.211,"bolussnooze":0,"activity":0,"lastBolusTime":1704452802638,"time":"2024-01-05T12:41:25.528Z"}},{"iob":-0.016,"basaliob":-0.098,"bolussnooze":0,"activity":3.0E-4,"lastBolusTime":1704452802638,"time":"2024-01-05T12:46:25.528Z","iobWithZeroTemp":{"iob":-0.151,"basaliob":-0.233,"bolussnooze":0,"activity":-3.0E-4,"lastBolusTime":1704452802638,"time":"2024-01-05T12:46:25.528Z"}},{"iob":-0.016,"basaliob":-0.092,"bolussnooze":0,"activity":1.0E-4,"lastBolusTime":1704452802638,"time":"2024-01-05T12:51:25.528Z","iobWithZeroTemp":{"iob":-0.177,"basaliob":-0.253,"bolussnooze":0,"activity":-7.0E-4,"lastBolusTime":1704452802638,"time":"2024-01-05T12:51:25.528Z"}},{"iob":-0.017,"basaliob":-0.087,"bolussnooze":0,"activity":2.0E-4,"lastBolusTime":1704452802638,"time":"2024-01-05T12:56:25.528Z","iobWithZeroTemp":{"iob":-0.203,"basaliob":-0.273,"bolussnooze":0,"activity":-8.0E-4,"lastBolusTime":1704452802638,"time":"2024-01-05T12:56:25.528Z"}},{"iob":-0.018,"basaliob":-0.082,"bolussnooze":0,"activity":1.0E-4,"lastBolusTime":1704452802638,"time":"2024-01-05T13:01:25.528Z","iobWithZeroTemp":{"iob":-0.227,"basaliob":-0.291,"bolussnooze":0,"activity":-0.0012,"lastBolusTime":1704452802638,"time":"2024-01-05T13:01:25.528Z"}},{"iob":-0.018,"basaliob":-0.077,"bolussnooze":0,"activity":0,"lastBolusTime":1704452802638,"time":"2024-01-05T13:06:25.528Z","iobWithZeroTemp":{"iob":-0.249,"basaliob":-0.308,"bolussnooze":0,"activity":-0.0015,"lastBolusTime":1704452802638,"time":"2024-01-05T13:06:25.528Z"}},{"iob":-0.018,"basaliob":-0.072,"bolussnooze":0,"activity":-1.0E-4,"lastBolusTime":1704452802638,"time":"2024-01-05T13:11:25.528Z","iobWithZeroTemp":{"iob":-0.27,"basaliob":-0.324,"bolussnooze":0,"activity":-0.0019,"lastBolusTime":1704452802638,"time":"2024-01-05T13:11:25.528Z"}},{"iob":-0.018,"basaliob":-0.067,"bolussnooze":0,"activity":0,"lastBolusTime":1704452802638,"time":"2024-01-05T13:16:25.528Z","iobWithZeroTemp":{"iob":-0.289,"basaliob":-0.338,"bolussnooze":0,"activity":-0.002,"lastBolusTime":1704452802638,"time":"2024-01-05T13:16:25.528Z"}},{"iob":-0.017,"basaliob":-0.062,"bolussnooze":0,"activity":-1.0E-4,"lastBolusTime":1704452802638,"time":"2024-01-05T13:21:25.528Z","iobWithZeroTemp":{"iob":-0.307,"basaliob":-0.352,"bolussnooze":0,"activity":-0.0024,"lastBolusTime":1704452802638,"time":"2024-01-05T13:21:25.528Z"}},{"iob":-0.017,"basaliob":-0.058,"bolussnooze":0,"activity":-2.0E-4,"lastBolusTime":1704452802638,"time":"2024-01-05T13:26:25.528Z","iobWithZeroTemp":{"iob":-0.324,"basaliob":-0.365,"bolussnooze":0,"activity":-0.0027,"lastBolusTime":1704452802638,"time":"2024-01-05T13:26:25.528Z"}},{"iob":-0.016,"basaliob":-0.054,"bolussnooze":0,"activity":-1.0E-4,"lastBolusTime":1704452802638,"time":"2024-01-05T13:31:25.528Z","iobWithZeroTemp":{"iob":-0.339,"basaliob":-0.377,"bolussnooze":0,"activity":-0.0028,"lastBolusTime":1704452802638,"time":"2024-01-05T13:31:25.528Z"}},{"iob":-0.016,"basaliob":-0.05,"bolussnooze":0,"activity":-2.0E-4,"lastBolusTime":1704452802638,"time":"2024-01-05T13:36:25.528Z","iobWithZeroTemp":{"iob":-0.354,"basaliob":-0.388,"bolussnooze":0,"activity":-0.0031,"lastBolusTime":1704452802638,"time":"2024-01-05T13:36:25.528Z"}},{"iob":-0.015,"basaliob":-0.046,"bolussnooze":0,"activity":-1.0E-4,"lastBolusTime":1704452802638,"time":"2024-01-05T13:41:25.528Z","iobWithZeroTemp":{"iob":-0.367,"basaliob":-0.398,"bolussnooze":0,"activity":-0.0032,"lastBolusTime":1704452802638,"time":"2024-01-05T13:41:25.528Z"}},{"iob":-0.015,"basaliob":-0.043,"bolussnooze":0,"activity":-2.0E-4,"lastBolusTime":1704452802638,"time":"2024-01-05T13:46:25.528Z","iobWithZeroTemp":{"iob":-0.38,"basaliob":-0.408,"bolussnooze":0,"activity":-0.0035,"lastBolusTime":1704452802638,"time":"2024-01-05T13:46:25.528Z"}},{"iob":-0.013,"basaliob":-0.039,"bolussnooze":0,"activity":-1.0E-4,"lastBolusTime":1704452802638,"time":"2024-01-05T13:51:25.528Z","iobWithZeroTemp":{"iob":-0.39,"basaliob":-0.416,"bolussnooze":0,"activity":-0.0036,"lastBolusTime":1704452802638,"time":"2024-01-05T13:51:25.528Z"}},{"iob":-0.012,"basaliob":-0.036,"bolussnooze":0,"activity":-1.0E-4,"lastBolusTime":1704452802638,"time":"2024-01-05T13:56:25.528Z","iobWithZeroTemp":{"iob":-0.401,"basaliob":-0.425,"bolussnooze":0,"activity":-0.0038,"lastBolusTime":1704452802638,"time":"2024-01-05T13:56:25.528Z"}},{"iob":-0.012,"basaliob":-0.033,"bolussnooze":0,"activity":-2.0E-4,"lastBolusTime":1704452802638,"time":"2024-01-05T14:01:25.528Z","iobWithZeroTemp":{"iob":-0.411,"basaliob":-0.432,"bolussnooze":0,"activity":-0.004,"lastBolusTime":1704452802638,"time":"2024-01-05T14:01:25.528Z"}},{"iob":-0.012,"basaliob":-0.031,"bolussnooze":0,"activity":-1.0E-4,"lastBolusTime":1704452802638,"time":"2024-01-05T14:06:25.528Z","iobWithZeroTemp":{"iob":-0.421,"basaliob":-0.44,"bolussnooze":0,"activity":-0.0041,"lastBolusTime":1704452802638,"time":"2024-01-05T14:06:25.528Z"}},{"iob":-0.01,"basaliob":-0.028,"bolussnooze":0,"activity":-2.0E-4,"lastBolusTime":1704452802638,"time":"2024-01-05T14:11:25.528Z","iobWithZeroTemp":{"iob":-0.429,"basaliob":-0.447,"bolussnooze":0,"activity":-0.0043,"lastBolusTime":1704452802638,"time":"2024-01-05T14:11:25.528Z"}},{"iob":-0.01,"basaliob":-0.026,"bolussnooze":0,"activity":-2.0E-4,"lastBolusTime":1704452802638,"time":"2024-01-05T14:16:25.528Z","iobWithZeroTemp":{"iob":-0.438,"basaliob":-0.454,"bolussnooze":0,"activity":-0.0045,"lastBolusTime":1704452802638,"time":"2024-01-05T14:16:25.528Z"}},{"iob":-0.009,"basaliob":-0.023,"bolussnooze":0,"activity":-1.0E-4,"lastBolusTime":1704452802638,"time":"2024-01-05T14:21:25.528Z","iobWithZeroTemp":{"iob":-0.445,"basaliob":-0.459,"bolussnooze":0,"activity":-0.0045,"lastBolusTime":1704452802638,"time":"2024-01-05T14:21:25.528Z"}},{"iob":-0.008,"basaliob":-0.021,"bolussnooze":0,"activity":-1.0E-4,"lastBolusTime":1704452802638,"time":"2024-01-05T14:26:25.528Z","iobWithZeroTemp":{"iob":-0.451,"basaliob":-0.464,"bolussnooze":0,"activity":-0.0046,"lastBolusTime":1704452802638,"time":"2024-01-05T14:26:25.528Z"}},{"iob":-0.008,"basaliob":-0.02,"bolussnooze":0,"activity":-2.0E-4,"lastBolusTime":1704452802638,"time":"2024-01-05T14:31:25.528Z","iobWithZeroTemp":{"iob":-0.458,"basaliob":-0.47,"bolussnooze":0,"activity":-0.0048,"lastBolusTime":1704452802638,"time":"2024-01-05T14:31:25.528Z"}},{"iob":-0.007,"basaliob":-0.018,"bolussnooze":0,"activity":-1.0E-4,"lastBolusTime":1704452802638,"time":"2024-01-05T14:36:25.528Z","iobWithZeroTemp":{"iob":-0.464,"basaliob":-0.475,"bolussnooze":0,"activity":-0.0049,"lastBolusTime":1704452802638,"time":"2024-01-05T14:36:25.528Z"}},{"iob":-0.006,"basaliob":-0.016,"bolussnooze":0,"activity":-1.0E-4,"lastBolusTime":1704452802638,"time":"2024-01-05T14:41:25.528Z","iobWithZeroTemp":{"iob":-0.469,"basaliob":-0.479,"bolussnooze":0,"activity":-0.005,"lastBolusTime":1704452802638,"time":"2024-01-05T14:41:25.528Z"}},{"iob":-0.006,"basaliob":-0.015,"bolussnooze":0,"activity":-1.0E-4,"lastBolusTime":1704452802638,"time":"2024-01-05T14:46:25.528Z","iobWithZeroTemp":{"iob":-0.474,"basaliob":-0.483,"bolussnooze":0,"activity":-0.0051,"lastBolusTime":1704452802638,"time":"2024-01-05T14:46:25.528Z"}},{"iob":-0.005,"basaliob":-0.013,"bolussnooze":0,"activity":-1.0E-4,"lastBolusTime":1704452802638,"time":"2024-01-05T14:51:25.528Z","iobWithZeroTemp":{"iob":-0.478,"basaliob":-0.486,"bolussnooze":0,"activity":-0.0051,"lastBolusTime":1704452802638,"time":"2024-01-05T14:51:25.528Z"}},{"iob":-0.005,"basaliob":-0.012,"bolussnooze":0,"activity":-1.0E-4,"lastBolusTime":1704452802638,"time":"2024-01-05T14:56:25.528Z","iobWithZeroTemp":{"iob":-0.483,"basaliob":-0.49,"bolussnooze":0,"activity":-0.0052,"lastBolusTime":1704452802638,"time":"2024-01-05T14:56:25.528Z"}},{"iob":-0.005,"basaliob":-0.011,"bolussnooze":0,"activity":-1.0E-4,"lastBolusTime":1704452802638,"time":"2024-01-05T15:01:25.528Z","iobWithZeroTemp":{"iob":-0.487,"basaliob":-0.493,"bolussnooze":0,"activity":-0.0053,"lastBolusTime":1704452802638,"time":"2024-01-05T15:01:25.528Z"}},{"iob":-0.004,"basaliob":-0.01,"bolussnooze":0,"activity":-1.0E-4,"lastBolusTime":1704452802638,"time":"2024-01-05T15:06:25.528Z","iobWithZeroTemp":{"iob":-0.489,"basaliob":-0.495,"bolussnooze":0,"activity":-0.0054,"lastBolusTime":1704452802638,"time":"2024-01-05T15:06:25.528Z"}},{"iob":-0.004,"basaliob":-0.009,"bolussnooze":0,"activity":-1.0E-4,"lastBolusTime":1704452802638,"time":"2024-01-05T15:11:25.528Z","iobWithZeroTemp":{"iob":-0.492,"basaliob":-0.497,"bolussnooze":0,"activity":-0.0054,"lastBolusTime":1704452802638,"time":"2024-01-05T15:11:25.528Z"}},{"iob":-0.003,"basaliob":-0.008,"bolussnooze":0,"activity":-1.0E-4,"lastBolusTime":1704452802638,"time":"2024-01-05T15:16:25.528Z","iobWithZeroTemp":{"iob":-0.494,"basaliob":-0.499,"bolussnooze":0,"activity":-0.0055,"lastBolusTime":1704452802638,"time":"2024-01-05T15:16:25.528Z"}},{"iob":-0.003,"basaliob":-0.007,"bolussnooze":0,"activity":-1.0E-4,"lastBolusTime":1704452802638,"time":"2024-01-05T15:21:25.528Z","iobWithZeroTemp":{"iob":-0.496,"basaliob":-0.5,"bolussnooze":0,"activity":-0.0055,"lastBolusTime":1704452802638,"time":"2024-01-05T15:21:25.528Z"}},{"iob":-0.003,"basaliob":-0.007,"bolussnooze":0,"activity":0,"lastBolusTime":1704452802638,"time":"2024-01-05T15:26:25.528Z","iobWithZeroTemp":{"iob":-0.499,"basaliob":-0.503,"bolussnooze":0,"activity":-0.0055,"lastBolusTime":1704452802638,"time":"2024-01-05T15:26:25.528Z"}},{"iob":-0.003,"basaliob":-0.006,"bolussnooze":0,"activity":0,"lastBolusTime":1704452802638,"time":"2024-01-05T15:31:25.528Z","iobWithZeroTemp":{"iob":-0.501,"basaliob":-0.504,"bolussnooze":0,"activity":-0.0055,"lastBolusTime":1704452802638,"time":"2024-01-05T15:31:25.528Z"}},{"iob":-0.003,"basaliob":-0.006,"bolussnooze":0,"activity":0,"lastBolusTime":1704452802638,"time":"2024-01-05T15:36:25.528Z","iobWithZeroTemp":{"iob":-0.502,"basaliob":-0.505,"bolussnooze":0,"activity":-0.0056,"lastBolusTime":1704452802638,"time":"2024-01-05T15:36:25.528Z"}},{"iob":-0.002,"basaliob":-0.005,"bolussnooze":0,"activity":0,"lastBolusTime":1704452802638,"time":"2024-01-05T15:41:25.528Z","iobWithZeroTemp":{"iob":-0.503,"basaliob":-0.506,"bolussnooze":0,"activity":-0.0056,"lastBolusTime":1704452802638,"time":"2024-01-05T15:41:25.528Z"}},{"iob":-0.002,"basaliob":-0.004,"bolussnooze":0,"activity":0,"lastBolusTime":1704452802638,"time":"2024-01-05T15:46:25.528Z","iobWithZeroTemp":{"iob":-0.505,"basaliob":-0.507,"bolussnooze":0,"activity":-0.0056,"lastBolusTime":1704452802638,"time":"2024-01-05T15:46:25.528Z"}},{"iob":-0.002,"basaliob":-0.004,"bolussnooze":0,"activity":-1.0E-4,"lastBolusTime":1704452802638,"time":"2024-01-05T15:51:25.528Z","iobWithZeroTemp":{"iob":-0.506,"basaliob":-0.508,"bolussnooze":0,"activity":-0.0058,"lastBolusTime":1704452802638,"time":"2024-01-05T15:51:25.528Z"}},{"iob":-0.002,"basaliob":-0.004,"bolussnooze":0,"activity":-1.0E-4,"lastBolusTime":1704452802638,"time":"2024-01-05T15:56:25.528Z","iobWithZeroTemp":{"iob":-0.507,"basaliob":-0.509,"bolussnooze":0,"activity":-0.0058,"lastBolusTime":1704452802638,"time":"2024-01-05T15:56:25.528Z"}},{"iob":-0.001,"basaliob":-0.003,"bolussnooze":0,"activity":-1.0E-4,"lastBolusTime":1704452802638,"time":"2024-01-05T16:01:25.528Z","iobWithZeroTemp":{"iob":-0.507,"basaliob":-0.509,"bolussnooze":0,"activity":-0.0058,"lastBolusTime":1704452802638,"time":"2024-01-05T16:01:25.528Z"}},{"iob":-0.002,"basaliob":-0.003,"bolussnooze":0,"activity":-1.0E-4,"lastBolusTime":1704452802638,"time":"2024-01-05T16:06:25.528Z","iobWithZeroTemp":{"iob":-0.508,"basaliob":-0.509,"bolussnooze":0,"activity":-0.0058,"lastBolusTime":1704452802638,"time":"2024-01-05T16:06:25.528Z"}},{"iob":-0.002,"basaliob":-0.003,"bolussnooze":0,"activity":-1.0E-4,"lastBolusTime":1704452802638,"time":"2024-01-05T16:11:25.528Z","iobWithZeroTemp":{"iob":-0.507,"basaliob":-0.508,"bolussnooze":0,"activity":-0.0058,"lastBolusTime":1704452802638,"time":"2024-01-05T16:11:25.528Z"}},{"iob":-0.001,"basaliob":-0.002,"bolussnooze":0,"activity":-1.0E-4,"lastBolusTime":1704452802638,"time":"2024-01-05T16:16:25.528Z","iobWithZeroTemp":{"iob":-0.505,"basaliob":-0.506,"bolussnooze":0,"activity":-0.0058,"lastBolusTime":1704452802638,"time":"2024-01-05T16:16:25.528Z"}}],"profile":{"max_iob":10,"type":"current","max_daily_basal":0.391,"max_basal":1.15,"min_bg":99,"max_bg":99,"target_bg":99,"carb_ratio":11.244890705526924,"sens":153.96499999999997,"max_daily_safety_multiplier":3,"current_basal_safety_multiplier":4,"lgsThreshold":69,"high_temptarget_raises_sensitivity":false,"low_temptarget_lowers_sensitivity":false,"sensitivity_raises_target":false,"resistance_lowers_target":false,"adv_target_adjustments":false,"exercise_mode":false,"half_basal_exercise_target":160,"maxCOB":120,"skip_neutral_temps":false,"remainingCarbsCap":90,"enableUAM":true,"A52_risk_enable":false,"SMBInterval":3,"enableSMB_with_COB":false,"enableSMB_with_temptarget":false,"allowSMB_with_high_temptarget":false,"enableSMB_always":false,"enableSMB_after_carbs":false,"maxSMBBasalMinutes":30,"maxUAMSMBBasalMinutes":30,"bolus_increment":0.05,"carbsReqThreshold":1,"current_basal":0.351,"temptargetSet":false,"autosens_max":1.2,"autosens_min":0.7,"variable_sens":394.1,"insulinDivisor":75,"TDD":6.348623953333335},"autosens_data":{"ratio":0.49155993227863765},"meal_data":{"carbs":0,"mealCOB":0,"slopeFromMaxDeviation":-1.909090909090909,"slopeFromMinDeviation":3.5895,"lastBolusTime":1704452802638,"lastCarbTime":0},"microBolusAllowed":false,"currentTime":1704457288687,"flatBGsDetected":false,"tdd1D":8.32800000000001,"tdd7D":16.942322023809517,"tddLast24H":8.328166666666677,"tddLast4H":1.3908333333333336,"tddLast8to4H":1.5160000000000007},"output":{"temp":"absolute","bg":79,"tick":-13,"eventualBG":21,"targetBG":99,"insulinReq":0,"deliverAt":"2024-01-05T12:21:28.687Z","sensitivityRatio":0.49155993227863765,"variable_sens":394.1,"predBGs":{"IOB":[79,67,56,46,39,39,39,39,39,39,39,39,39],"ZT":[79,77,75,74,73,73,74,75,77,79,82,86,90,94,99]},"reason":"COB: 0, Dev: -58, BGI: -2, ISF: 394, CR: 11.24, Target: 99, minPredBG 54, minGuardBG 9, IOBpredBG 39; minGuardBG 9<70 90m left and 0 ~ req 0U\/hr: no temp required","COB":0,"IOB":0,"timestamp":"2024-01-05T12:21:28.715Z"}}