{"algorithm":"OpenAPSSMBDynamicISFPlugin","input":{"glucoseStatus":{"glucose":119,"noise":0,"delta":-24,"short_avgdelta":-22.72,"long_avgdelta":-10.26,"date":1704470400000},"currenttemp":{"temp":"absolute","duration":0,"rate":0},"iob_data":[{"iob":0.287,"basaliob":0.285,"bolussnooze":0,"activity":0.0027,"lastBolusTime":1704452802638,"time":"2024-01-05T16:01:28.579Z","iobWithZeroTemp":{"iob":0.287,"basaliob":0.285,"bolussnooze":0,"activity":0.0027,"lastBolusTime":1704452802638,"time":"2024-01-05T16:01:28.579Z"}},{"iob":0.273,"basaliob":0.272,"bolussnooze":0,"activity":0.0028,"lastBolusTime":1704452802638,"time":"2024-01-05T16:06:28.579Z","iobWithZeroTemp":{"iob":0.251,"basaliob":0.25,"bolussnooze":0,"activity":0.0028,"lastBolusTime":1704452802638,"time":"2024-01-05T16:06:28.579Z"}},{"iob":0.259,"basaliob":0.258,"bolussnooze":0,"activity":0.0028,"lastBolusTime":1704452802638,"time":"2024-01-05T16:11:28.579Z","iobWithZeroTemp":{"iob":0.209,"basaliob":0.208,"bolussnooze":0,"activity":0.0027,"lastBolusTime":1704452802638,"time":"2024-01-05T16:11:28.579Z"}},{"iob":0.245,"basaliob":0.244,"bolussnooze":0,"activity":0.0028,"lastBolusTime":1704452802638,"time":"2024-01-05T16:16:28.579Z","iobWithZeroTemp":{"iob":0.168,"basaliob":0.167,"bolussnooze":0,"activity":0.0026,"lastBolusTime":1704452802638,"time":"2024-01-05T16:16:28.579Z"}},{"iob":0.23,"basaliob":0.229,"bolussnooze":0,"activity":0.0028,"lastBolusTime":1704452802638,"time":"2024-01-05T16:21:28.579Z","iobWithZeroTemp":{"iob":0.126,"basaliob":0.125,"bolussnooze":0,"activity":0.0024,"lastBolusTime":1704452802638,"time":"2024-01-05T16:21:28.579Z"}},{"iob":0.217,"basaliob":0.216,"bolussnooze":0,"activity":0.0028,"lastBolusTime":1704452802638,"time":"2024-01-05T16:26:28.579Z","iobWithZeroTemp":{"iob":0.088,"basaliob":0.087,"bolussnooze":0,"activity":0.0022,"lastBolusTime":1704452802638,"time":"2024-01-05T16:26:28.579Z"}},{"iob":0.203,"basaliob":0.202,"bolussnooze":0,"activity":0.0027,"lastBolusTime":1704452802638,"time":"2024-01-05T16:31:28.579Z","iobWithZeroTemp":{"iob":0.049,"basaliob":0.048,"bolussnooze":0,"activity":0.0019,"lastBolusTime":1704452802638,"time":"2024-01-05T16:31:28.579Z"}},{"iob":0.19,"basaliob":0.189,"bolussnooze":0,"activity":0.0026,"lastBolusTime":1704452802638,"time":"2024-01-05T16:36:28.579Z","iobWithZeroTemp":{"iob":0.012,"basaliob":0.011,"bolussnooze":0,"activity":0.0016,"lastBolusTime":1704452802638,"time":"2024-01-05T16:36:28.579Z"}},{"iob":0.177,"basaliob":0.176,"bolussnooze":0,"activity":0.0025,"lastBolusTime":1704452802638,"time":"2024-01-05T16:41:28.579Z","iobWithZeroTemp":{"iob":-0.023,"basaliob":-0.024,"bolussnooze":0,"activity":0.0013,"lastBolusTime":1704452802638,"time":"2024-01-05T16:41:28.579Z"}},{"iob":0.164,"basaliob":0.164,"bolussnooze":0,"activity":0.0024,"lastBolusTime":1704452802638,"time":"2024-01-05T16:46:28.579Z","iobWithZeroTemp":{"iob":-0.057,"basaliob":-0.057,"bolussnooze":0,"activity":9.0E-4,"lastBolusTime":1704452802638,"time":"2024-01-05T16:46:28.579Z"}},{"iob":0.152,"basaliob":0.152,"bolussnooze":0,"activity":0.0023,"lastBolusTime":1704452802638,"time":"2024-01-05T16:51:28.579Z","iobWithZeroTemp":{"iob":-0.089,"basaliob":-0.089,"bolussnooze":0,"activity":6.0E-4,"lastBolusTime":1704452802638,"time":"2024-01-05T16:51:28.579Z"}},{"iob":0.141,"basaliob":0.141,"bolussnooze":0,"activity":0.0022,"lastBolusTime":1704452802638,"time":"2024-01-05T16:56:28.579Z","iobWithZeroTemp":{"iob":-0.119,"basaliob":-0.119,"bolussnooze":0,"activity":3.0E-4,"lastBolusTime":1704452802638,"time":"2024-01-05T16:56:28.579Z"}},{"iob":0.131,"basaliob":0.131,"bolussnooze":0,"activity":0.002,"lastBolusTime":1704452802638,"time":"2024-01-05T17:01:28.579Z","iobWithZeroTemp":{"iob":-0.147,"basaliob":-0.147,"bolussnooze":0,"activity":-2.0E-4,"lastBolusTime":1704452802638,"time":"2024-01-05T17:01:28.579Z"}},{"iob":0.121,"basaliob":0.121,"bolussnooze":0,"activity":0.0019,"lastBolusTime":1704452802638,"time":"2024-01-05T17:06:28.579Z","iobWithZeroTemp":{"iob":-0.174,"basaliob":-0.174,"bolussnooze":0,"activity":-5.0E-4,"lastBolusTime":1704452802638,"time":"2024-01-05T17:06:28.579Z"}},{"iob":0.112,"basaliob":0.112,"bolussnooze":0,"activity":0.0018,"lastBolusTime":1704452802638,"time":"2024-01-05T17:11:28.579Z","iobWithZeroTemp":{"iob":-0.199,"basaliob":-0.199,"bolussnooze":0,"activity":-8.0E-4,"lastBolusTime":1704452802638,"time":"2024-01-05T17:11:28.579Z"}},{"iob":0.103,"basaliob":0.103,"bolussnooze":0,"activity":0.0017,"lastBolusTime":1704452802638,"time":"2024-01-05T17:16:28.579Z","iobWithZeroTemp":{"iob":-0.223,"basaliob":-0.223,"bolussnooze":0,"activity":-0.0011,"lastBolusTime":1704452802638,"time":"2024-01-05T17:16:28.579Z"}},{"iob":0.095,"basaliob":0.095,"bolussnooze":0,"activity":0.0016,"lastBolusTime":1704452802638,"time":"2024-01-05T17:21:28.579Z","iobWithZeroTemp":{"iob":-0.244,"basaliob":-0.244,"bolussnooze":0,"activity":-0.0014,"lastBolusTime":1704452802638,"time":"2024-01-05T17:21:28.579Z"}},{"iob":0.087,"basaliob":0.087,"bolussnooze":0,"activity":0.0015,"lastBolusTime":1704452802638,"time":"2024-01-05T17:26:28.579Z","iobWithZeroTemp":{"iob":-0.265,"basaliob":-0.265,"bolussnooze":0,"activity":-0.0017,"lastBolusTime":1704452802638,"time":"2024-01-05T17:26:28.579Z"}},{"iob":0.08,"basaliob":0.08,"bolussnooze":0,"activity":0.0014,"lastBolusTime":1704452802638,"time":"2024-01-05T17:31:28.579Z","iobWithZeroTemp":{"iob":-0.284,"basaliob":-0.284,"bolussnooze":0,"activity":-0.002,"lastBolusTime":1704452802638,"time":"2024-01-05T17:31:28.579Z"}},{"iob":0.073,"basaliob":0.073,"bolussnooze":0,"activity":0.0013,"lastBolusTime":1704452802638,"time":"2024-01-05T17:36:28.579Z","iobWithZeroTemp":{"iob":-0.302,"basaliob":-0.302,"bolussnooze":0,"activity":-0.0022,"lastBolusTime":1704452802638,"time":"2024-01-05T17:36:28.579Z"}},{"iob":0.067,"basaliob":0.067,"bolussnooze":0,"activity":0.0012,"lastBolusTime":1704452802638,"time":"2024-01-05T17:41:28.579Z","iobWithZeroTemp":{"iob":-0.318,"basaliob":-0.318,"bolussnooze":0,"activity":-0.0025,"lastBolusTime":1704452802638,"time":"2024-01-05T17:41:28.579Z"}},{"iob":0.061,"basaliob":0.061,"bolussnooze":0,"activity":0.0011,"lastBolusTime":1704452802638,"time":"2024-01-05T17:46:28.579Z","iobWithZeroTemp":{"iob":-0.334,"basaliob":-0.334,"bolussnooze":0,"activity":-0.0027,"lastBolusTime":1704452802638,"time":"2024-01-05T17:46:28.579Z"}},{"iob":0.056,"basaliob":0.056,"bolussnooze":0,"activity":0.001,"lastBolusTime":1704452802638,"time":"2024-01-05T17:51:28.579Z","iobWithZeroTemp":{"iob":-0.347,"basaliob":-0.347,"bolussnooze":0,"activity":-0.003,"lastBolusTime":1704452802638,"time":"2024-01-05T17:51:28.579Z"}},{"iob":0.051,"basaliob":0.051,"bolussnooze":0,"activity":9.0E-4,"lastBolusTime":1704452802638,"time":"2024-01-05T17:56:28.579Z","iobWithZeroTemp":{"iob":-0.36,"basaliob":-0.36,"bolussnooze":0,"activity":-0.0032,"lastBolusTime":1704452802638,"time":"2024-01-05T17:56:28.579Z"}},{"iob":0.047,"basaliob":0.047,"bolussnooze":0,"activity":9.0E-4,"lastBolusTime":1704452802638,"time":"2024-01-05T18:01:28.579Z","iobWithZeroTemp":{"iob":-0.372,"basaliob":-0.372,"bolussnooze":0,"activity":-0.0033,"lastBolusTime":1704452802638,"time":"2024-01-05T18:01:28.579Z"}},{"iob":0.043,"basaliob":0.043,"bolussnooze":0,"activity":8.0E-4,"lastBolusTime":1704452802638,"time":"2024-01-05T18:06:28.579Z","iobWithZeroTemp":{"iob":-0.384,"basaliob":-0.384,"bolussnooze":0,"activity":-0.0036,"lastBolusTime":1704452802638,"time":"2024-01-05T18:06:28.579Z"}},{"iob":0.039,"basaliob":0.039,"bolussnooze":0,"activity":7.0E-4,"lastBolusTime":1704452802638,"time":"2024-01-05T18:11:28.579Z","iobWithZeroTemp":{"iob":-0.395,"basaliob":-0.395,"bolussnooze":0,"activity":-0.0038,"lastBolusTime":1704452802638,"time":"2024-01-05T18:11:28.579Z"}},{"iob":0.035,"basaliob":0.035,"bolussnooze":0,"activity":7.0E-4,"lastBolusTime":1704452802638,"time":"2024-01-05T18:16:28.579Z","iobWithZeroTemp":{"iob":-0.407,"basaliob":-0.407,"bolussnooze":0,"activity":-0.0039,"lastBolusTime":1704452802638,"time":"2024-01-05T18:16:28.579Z"}},{"iob":0.032,"basaliob":0.032,"bolussnooze":0,"activity":6.0E-4,"lastBolusTime":1704452802638,"time":"2024-01-05T18:21:28.579Z","iobWithZeroTemp":{"iob":-0.416,"basaliob":-0.416,"bolussnooze":0,"activity":-0.0041,"lastBolusTime":1704452802638,"time":"2024-01-05T18:21:28.579Z"}},{"iob":0.029,"basaliob":0.029,"bolussnooze":0,"activity":6.0E-4,"lastBolusTime":1704452802638,"time":"2024-01-05T18:26:28.579Z","iobWithZeroTemp":{"iob":-0.425,"basaliob":-0.425,"bolussnooze":0,"activity":-0.0042,"lastBolusTime":1704452802638,"time":"2024-01-05T18:26:28.579Z"}},{"iob":0.026,"basaliob":0.026,"bolussnooze":0,"activity":5.0E-4,"lastBolusTime":1704452802638,"time":"2024-01-05T18:31:28.579Z","iobWithZeroTemp":{"iob":-0.434,"basaliob":-0.434,"bolussnooze":0,"activity":-0.0044,"lastBolusTime":1704452802638,"time":"2024-01-05T18:31:28.579Z"}},{"iob":0.024,"basaliob":0.024,"bolussnooze":0,"activity":5.0E-4,"lastBolusTime":1704452802638,"time":"2024-01-05T18:36:28.579Z","iobWithZeroTemp":{"iob":-0.441,"basaliob":-0.441,"bolussnooze":0,"activity":-0.0045,"lastBolusTime":1704452802638,"time":"2024-01-05T18:36:28.579Z"}},{"iob":0.022,"basaliob":0.022,"bolussnooze":0,"activity":4.0E-4,"lastBolusTime":1704452802638,"time":"2024-01-05T18:41:28.579Z","iobWithZeroTemp":{"iob":-0.448,"basaliob":-0.448,"bolussnooze":0,"activity":-0.0046,"lastBolusTime":1704452802638,"time":"2024-01-05T18:41:28.579Z"}},{"iob":0.02,"basaliob":0.02,"bolussnooze":0,"activity":4.0E-4,"lastBolusTime":1704452802638,"time":"2024-01-05T18:46:28.579Z","iobWithZeroTemp":{"iob":-0.454,"basaliob":-0.454,"bolussnooze":0,"activity":-0.0047,"lastBolusTime":1704452802638,"time":"2024-01-05T18:46:28.579Z"}},{"iob":0.018,"basaliob":0.018,"bolussnooze":0,"activity":4.0E-4,"lastBolusTime":1704452802638,"time":"2024-01-05T18:51:28.579Z","iobWithZeroTemp":{"iob":-0.46,"basaliob":-0.46,"bolussnooze":0,"activity":-0.0048,"lastBolusTime":1704452802638,"time":"2024-01-05T18:51:28.579Z"}},{"iob":0.016,"basaliob":0.016,"bolussnooze":0,"activity":3.0E-4,"lastBolusTime":1704452802638,"time":"2024-01-05T18:56:28.579Z","iobWithZeroTemp":{"iob":-0.466,"basaliob":-0.466,"bolussnooze":0,"activity":-0.0049,"lastBolusTime":1704452802638,"time":"2024-01-05T18:56:28.579Z"}},{"iob":0.014,"basaliob":0.014,"bolussnooze":0,"activity":3.0E-4,"lastBolusTime":1704452802638,"time":"2024-01-05T19:01:28.579Z","iobWithZeroTemp":{"iob":-0.471,"basaliob":-0.471,"bolussnooze":0,"activity":-0.005,"lastBolusTime":1704452802638,"time":"2024-01-05T19:01:28.579Z"}},{"iob":0.013,"basaliob":0.013,"bolussnooze":0,"activity":3.0E-4,"lastBolusTime":1704452802638,"time":"2024-01-05T19:06:28.579Z","iobWithZeroTemp":{"iob":-0.476,"basaliob":-0.476,"bolussnooze":0,"activity":-0.0051,"lastBolusTime":1704452802638,"time":"2024-01-05T19:06:28.579Z"}},{"iob":0.012,"basaliob":0.012,"bolussnooze":0,"activity":2.0E-4,"lastBolusTime":0,"time":"2024-01-05T19:11:28.579Z","iobWithZeroTemp":{"iob":-0.481,"basaliob":-0.481,"bolussnooze":0,"activity":-0.0052,"lastBolusTime":0,"time":"2024-01-05T19:11:28.579Z"}},{"iob":0.011,"basaliob":0.011,"bolussnooze":0,"activity":2.0E-4,"lastBolusTime":0,"time":"2024-01-05T19:16:28.579Z","iobWithZeroTemp":{"iob":-0.486,"basaliob":-0.486,"bolussnooze":0,"activity":-0.0053,"lastBolusTime":0,"time":"2024-01-05T19:16:28.579Z"}},{"iob":0.009,"basaliob":0.009,"bolussnooze":0,"activity":2.0E-4,"lastBolusTime":0,"time":"2024-01-05T19:21:28.579Z","iobWithZeroTemp":{"iob":-0.491,"basaliob":-0.491,"bolussnooze":0,"activity":-0.0053,"lastBolusTime":0,"time":"2024-01-05T19:21:28.579Z"}},{"iob":0.009,"basaliob":0.009,"bolussnooze":0,"activity":2.0E-4,"lastBolusTime":0,"time":"2024-01-05T19:26:28.579Z","iobWithZeroTemp":{"iob":-0.494,"basaliob":-0.494,"bolussnooze":0,"activity":-0.0054,"lastBolusTime":0,"time":"2024-01-05T19:26:28.579Z"}},{"iob":0.008,"basaliob":0.008,"bolussnooze":0,"activity":2.0E-4,"lastBolusTime":0,"time":"2024-01-05T19:31:28.579Z","iobWithZeroTemp":{"iob":-0.498,"basaliob":-0.498,"bolussnooze":0,"activity":-0.0054,"lastBolusTime":0,"time":"2024-01-05T19:31:28.579Z"}},{"iob":0.007,"basaliob":0.007,"bolussnooze":0,"activity":2.0E-4,"lastBolusTime":0,"time":"2024-01-05T19:36:28.579Z","iobWithZeroTemp":{"iob":-0.501,"basaliob":-0.501,"bolussnooze":0,"activity":-0.0054,"lastBolusTime":0,"time":"2024-01-05T19:36:28.579Z"}},{"iob":0.006,"basaliob":0.006,"bolussnooze":0,"activity":1.0E-4,"lastBolusTime":0,"time":"2024-01-05T19:41:28.579Z","iobWithZeroTemp":{"iob":-0.505,"basaliob":-0.505,"bolussnooze":0,"activity":-0.0056,"lastBolusTime":0,"time":"2024-01-05T19:41:28.579Z"}},{"iob":0.005,"basaliob":0.005,"bolussnooze":0,"activity":1.0E-4,"lastBolusTime":0,"time":"2024-01-05T19:46:28.579Z","iobWithZeroTemp":{"iob":-0.508,"basaliob":-0.508,"bolussnooze":0,"activity":-0.0056,"lastBolusTime":0,"time":"2024-01-05T19:46:28.579Z"}},{"iob":0.005,"basaliob":0.005,"bolussnooze":0,"activity":1.0E-4,"lastBolusTime":0,"time":"2024-01-05T19:51:28.579Z","iobWithZeroTemp":{"iob":-0.51,"basaliob":-0.51,"bolussnooze":0,"activity":-0.0057,"lastBolusTime":0,"time":"2024-01-05T19:51:28.579Z"}},{"iob":0.004,"basaliob":0.004,"bolussnooze":0,"activity":1.0E-4,"lastBolusTime":0,"time":"2024-01-05T19:56:28.579Z","iobWithZeroTemp":{"iob":-0.513,"basaliob":-0.513,"bolussnooze":0,"activity":-0.0057,"lastBolusTime":0,"time":"2024-01-05T19:56:28.579Z"}}],"profile":{"max_iob":1,"type":"current","max_daily_basal":0.391,"max_basal":1.15,"min_bg":99,"max_bg":99,"target_bg":99,"carb_ratio":10,"sens":153.96499999999997,"max_daily_safety_multiplier":3,"current_basal_safety_multiplier":4,"lgsThreshold":69,"high_temptarget_raises_sensitivity":false,"low_temptarget_lowers_sensitivity":false,"sensitivity_raises_target":false,"resistance_lowers_target":false,"adv_target_adjustments":false,"exercise_mode":false,"half_basal_exercise_target":160,"maxCOB":120,"skip_neutral_temps":false,"remainingCarbsCap":90,"enableUAM":false,"A52_risk_enable":false,"SMBInterval":3,"enableSMB_with_COB":false,"enableSMB_with_temptarget":false,"allowSMB_with_high_temptarget":false,"enableSMB_always":false,"enableSMB_after_carbs":false,"maxSMBBasalMinutes":30,"maxUAMSMBBasalMinutes":30,"bolus_increment":0.05,"carbsReqThreshold":1,"current_basal":0.336,"temptargetSet":false,"autosens_max":1.2,"autosens_min":0.7,"variable_sens":201.1,"insulinDivisor":75,"TDD":9.416253190476192},"autosens_data":{"ratio":1},"meal_data":{"carbs":0,"mealCOB":0,"slopeFromMaxDeviation":-3.3536,"slopeFromMinDeviation":0,"lastBolusTime":1704452802638,"lastCarbTime":0},"microBolusAllowed":false,"currentTime":1704470491861,"flatBGsDetected":false,"tdd1D":8.32800000000001,"tdd7D":16.942322023809517,"tddLast24H":8.740833333333338,"tddLast4H":1.7086666666666663,"tddLast8to4H":1.5041666666666669},"output":{"temp":"absolute","bg":119,"tick":-24,"eventualBG":16,"targetBG":99,"insulinReq":0,"deliverAt":"2024-01-05T16:01:31.861Z","sensitivityRatio":1,"variable_sens":201.1,"predBGs":{"IOB":[119,97,76,56,39,39,39,39,39,39,39,39,39],"ZT":[119,116,113,111,108,105,103,101,99,98,97,96,95,96,96,97,98]},"reason":"COB: 0, Dev: -45, BGI: -3, ISF: 201, CR: 10, Target: 99, minPredBG 39, minGuardBG -119, IOBpredBG 39; minGuardBG -119<70","COB":0,"IOB":0.287,"duration":120,"rate":0,"timestamp":"2024-01-05T16:01:31.898Z"}}