{"algorithm":"OpenAPSSMBDynamicISFPlugin","input":{"glucoseStatus":{"glucose":158,"noise":0,"delta":-8,"short_avgdelta":-6.61,"long_avgdelta":-5.71,"date":1704448500000},"currenttemp":{"temp":"absolute","duration":20,"rate":0.2,"minutesrunning":10},"iob_data":[{"iob":-0.023,"basaliob":-0.023,"bolussnooze":0,"activity":0,"lastBolusTime":0,"time":"2024-01-05T09:56:23.996Z","iobWithZeroTemp":{"iob":-0.023,"basaliob":-0.023,"bolussnooze":0,"activity":0,"lastBolusTime":0,"time":"2024-01-05T09:56:23.996Z"}},{"iob":-0.022,"basaliob":-0.022,"bolussnooze":0,"activity":-1.0E-4,"lastBolusTime":0,"time":"2024-01-05T10:01:23.996Z","iobWithZeroTemp":{"iob":-0.044,"basaliob":-0.044,"bolussnooze":0,"activity":-1.0E-4,"lastBolusTime":0,"time":"2024-01-05T10:01:23.996Z"}},{"iob":-0.022,"basaliob":-0.022,"bolussnooze":0,"activity":-1.0E-4,"lastBolusTime":0,"time":"2024-01-05T10:06:23.996Z","iobWithZeroTemp":{"iob":-0.073,"basaliob":-0.073,"bolussnooze":0,"activity":-2.0E-4,"lastBolusTime":0,"time":"2024-01-05T10:06:23.996Z"}},{"iob":-0.021,"basaliob":-0.021,"bolussnooze":0,"activity":-1.0E-4,"lastBolusTime":0,"time":"2024-01-05T10:11:23.996Z","iobWithZeroTemp":{"iob":-0.101,"basaliob":-0.101,"bolussnooze":0,"activity":-3.0E-4,"lastBolusTime":0,"time":"2024-01-05T10:11:23.996Z"}},{"iob":-0.02,"basaliob":-0.02,"bolussnooze":0,"activity":-2.0E-4,"lastBolusTime":0,"time":"2024-01-05T10:16:23.996Z","iobWithZeroTemp":{"iob":-0.127,"basaliob":-0.127,"bolussnooze":0,"activity":-6.0E-4,"lastBolusTime":0,"time":"2024-01-05T10:16:23.996Z"}},{"iob":-0.019,"basaliob":-0.019,"bolussnooze":0,"activity":-2.0E-4,"lastBolusTime":0,"time":"2024-01-05T10:21:23.996Z","iobWithZeroTemp":{"iob":-0.153,"basaliob":-0.153,"bolussnooze":0,"activity":-8.0E-4,"lastBolusTime":0,"time":"2024-01-05T10:21:23.996Z"}},{"iob":-0.019,"basaliob":-0.019,"bolussnooze":0,"activity":-2.0E-4,"lastBolusTime":0,"time":"2024-01-05T10:26:23.996Z","iobWithZeroTemp":{"iob":-0.179,"basaliob":-0.179,"bolussnooze":0,"activity":-0.001,"lastBolusTime":0,"time":"2024-01-05T10:26:23.996Z"}},{"iob":-0.018,"basaliob":-0.018,"bolussnooze":0,"activity":-2.0E-4,"lastBolusTime":0,"time":"2024-01-05T10:31:23.996Z","iobWithZeroTemp":{"iob":-0.202,"basaliob":-0.202,"bolussnooze":0,"activity":-0.0012,"lastBolusTime":0,"time":"2024-01-05T10:31:23.996Z"}},{"iob":-0.017,"basaliob":-0.017,"bolussnooze":0,"activity":-2.0E-4,"lastBolusTime":0,"time":"2024-01-05T10:36:23.996Z","iobWithZeroTemp":{"iob":-0.225,"basaliob":-0.225,"bolussnooze":0,"activity":-0.0015,"lastBolusTime":0,"time":"2024-01-05T10:36:23.996Z"}},{"iob":-0.016,"basaliob":-0.016,"bolussnooze":0,"activity":-2.0E-4,"lastBolusTime":0,"time":"2024-01-05T10:41:23.996Z","iobWithZeroTemp":{"iob":-0.246,"basaliob":-0.246,"bolussnooze":0,"activity":-0.0017,"lastBolusTime":0,"time":"2024-01-05T10:41:23.996Z"}},{"iob":-0.015,"basaliob":-0.015,"bolussnooze":0,"activity":-2.0E-4,"lastBolusTime":0,"time":"2024-01-05T10:46:23.996Z","iobWithZeroTemp":{"iob":-0.266,"basaliob":-0.266,"bolussnooze":0,"activity":-0.002,"lastBolusTime":0,"time":"2024-01-05T10:46:23.996Z"}},{"iob":-0.014,"basaliob":-0.014,"bolussnooze":0,"activity":-2.0E-4,"lastBolusTime":0,"time":"2024-01-05T10:51:23.996Z","iobWithZeroTemp":{"iob":-0.284,"basaliob":-0.284,"bolussnooze":0,"activity":-0.0022,"lastBolusTime":0,"time":"2024-01-05T10:51:23.996Z"}},{"iob":-0.013,"basaliob":-0.013,"bolussnooze":0,"activity":-2.0E-4,"lastBolusTime":0,"time":"2024-01-05T10:56:23.996Z","iobWithZeroTemp":{"iob":-0.302,"basaliob":-0.302,"bolussnooze":0,"activity":-0.0024,"lastBolusTime":0,"time":"2024-01-05T10:56:23.996Z"}},{"iob":-0.012,"basaliob":-0.012,"bolussnooze":0,"activity":-2.0E-4,"lastBolusTime":0,"time":"2024-01-05T11:01:23.996Z","iobWithZeroTemp":{"iob":-0.318,"basaliob":-0.318,"bolussnooze":0,"activity":-0.0027,"lastBolusTime":0,"time":"2024-01-05T11:01:23.996Z"}},{"iob":-0.011,"basaliob":-0.011,"bolussnooze":0,"activity":-2.0E-4,"lastBolusTime":0,"time":"2024-01-05T11:06:23.996Z","iobWithZeroTemp":{"iob":-0.335,"basaliob":-0.335,"bolussnooze":0,"activity":-0.0029,"lastBolusTime":0,"time":"2024-01-05T11:06:23.996Z"}},{"iob":-0.01,"basaliob":-0.01,"bolussnooze":0,"activity":-2.0E-4,"lastBolusTime":0,"time":"2024-01-05T11:11:23.996Z","iobWithZeroTemp":{"iob":-0.35,"basaliob":-0.35,"bolussnooze":0,"activity":-0.0031,"lastBolusTime":0,"time":"2024-01-05T11:11:23.996Z"}},{"iob":-0.01,"basaliob":-0.01,"bolussnooze":0,"activity":-1.0E-4,"lastBolusTime":0,"time":"2024-01-05T11:16:23.996Z","iobWithZeroTemp":{"iob":-0.364,"basaliob":-0.364,"bolussnooze":0,"activity":-0.0032,"lastBolusTime":0,"time":"2024-01-05T11:16:23.996Z"}},{"iob":-0.009,"basaliob":-0.009,"bolussnooze":0,"activity":-1.0E-4,"lastBolusTime":0,"time":"2024-01-05T11:21:23.996Z","iobWithZeroTemp":{"iob":-0.377,"basaliob":-0.377,"bolussnooze":0,"activity":-0.0034,"lastBolusTime":0,"time":"2024-01-05T11:21:23.996Z"}},{"iob":-0.008,"basaliob":-0.008,"bolussnooze":0,"activity":-1.0E-4,"lastBolusTime":0,"time":"2024-01-05T11:26:23.996Z","iobWithZeroTemp":{"iob":-0.389,"basaliob":-0.389,"bolussnooze":0,"activity":-0.0036,"lastBolusTime":0,"time":"2024-01-05T11:26:23.996Z"}},{"iob":-0.008,"basaliob":-0.008,"bolussnooze":0,"activity":-1.0E-4,"lastBolusTime":0,"time":"2024-01-05T11:31:23.996Z","iobWithZeroTemp":{"iob":-0.401,"basaliob":-0.401,"bolussnooze":0,"activity":-0.0038,"lastBolusTime":0,"time":"2024-01-05T11:31:23.996Z"}},{"iob":-0.007,"basaliob":-0.007,"bolussnooze":0,"activity":-1.0E-4,"lastBolusTime":0,"time":"2024-01-05T11:36:23.996Z","iobWithZeroTemp":{"iob":-0.411,"basaliob":-0.411,"bolussnooze":0,"activity":-0.004,"lastBolusTime":0,"time":"2024-01-05T11:36:23.996Z"}},{"iob":-0.007,"basaliob":-0.007,"bolussnooze":0,"activity":-1.0E-4,"lastBolusTime":0,"time":"2024-01-05T11:41:23.996Z","iobWithZeroTemp":{"iob":-0.422,"basaliob":-0.422,"bolussnooze":0,"activity":-0.0041,"lastBolusTime":0,"time":"2024-01-05T11:41:23.996Z"}},{"iob":-0.006,"basaliob":-0.006,"bolussnooze":0,"activity":-1.0E-4,"lastBolusTime":0,"time":"2024-01-05T11:46:23.996Z","iobWithZeroTemp":{"iob":-0.43,"basaliob":-0.43,"bolussnooze":0,"activity":-0.0043,"lastBolusTime":0,"time":"2024-01-05T11:46:23.996Z"}},{"iob":-0.006,"basaliob":-0.006,"bolussnooze":0,"activity":-1.0E-4,"lastBolusTime":0,"time":"2024-01-05T11:51:23.996Z","iobWithZeroTemp":{"iob":-0.439,"basaliob":-0.439,"bolussnooze":0,"activity":-0.0044,"lastBolusTime":0,"time":"2024-01-05T11:51:23.996Z"}},{"iob":-0.005,"basaliob":-0.005,"bolussnooze":0,"activity":-1.0E-4,"lastBolusTime":0,"time":"2024-01-05T11:56:23.996Z","iobWithZeroTemp":{"iob":-0.446,"basaliob":-0.446,"bolussnooze":0,"activity":-0.0046,"lastBolusTime":0,"time":"2024-01-05T11:56:23.996Z"}},{"iob":-0.005,"basaliob":-0.005,"bolussnooze":0,"activity":-1.0E-4,"lastBolusTime":0,"time":"2024-01-05T12:01:23.996Z","iobWithZeroTemp":{"iob":-0.453,"basaliob":-0.453,"bolussnooze":0,"activity":-0.0047,"lastBolusTime":0,"time":"2024-01-05T12:01:23.996Z"}},{"iob":-0.004,"basaliob":-0.004,"bolussnooze":0,"activity":-1.0E-4,"lastBolusTime":0,"time":"2024-01-05T12:06:23.996Z","iobWithZeroTemp":{"iob":-0.458,"basaliob":-0.458,"bolussnooze":0,"activity":-0.0048,"lastBolusTime":0,"time":"2024-01-05T12:06:23.996Z"}},{"iob":-0.004,"basaliob":-0.004,"bolussnooze":0,"activity":-1.0E-4,"lastBolusTime":0,"time":"2024-01-05T12:11:23.996Z","iobWithZeroTemp":{"iob":-0.464,"basaliob":-0.464,"bolussnooze":0,"activity":-0.0049,"lastBolusTime":0,"time":"2024-01-05T12:11:23.996Z"}},{"iob":-0.004,"basaliob":-0.004,"bolussnooze":0,"activity":-1.0E-4,"lastBolusTime":0,"time":"2024-01-05T12:16:23.996Z","iobWithZeroTemp":{"iob":-0.469,"basaliob":-0.469,"bolussnooze":0,"activity":-0.005,"lastBolusTime":0,"time":"2024-01-05T12:16:23.996Z"}},{"iob":-0.003,"basaliob":-0.003,"bolussnooze":0,"activity":-1.0E-4,"lastBolusTime":0,"time":"2024-01-05T12:21:23.996Z","iobWithZeroTemp":{"iob":-0.472,"basaliob":-0.472,"bolussnooze":0,"activity":-0.0051,"lastBolusTime":0,"time":"2024-01-05T12:21:23.996Z"}},{"iob":-0.003,"basaliob":-0.003,"bolussnooze":0,"activity":-1.0E-4,"lastBolusTime":0,"time":"2024-01-05T12:26:23.996Z","iobWithZeroTemp":{"iob":-0.477,"basaliob":-0.477,"bolussnooze":0,"activity":-0.0052,"lastBolusTime":0,"time":"2024-01-05T12:26:23.996Z"}},{"iob":-0.003,"basaliob":-0.003,"bolussnooze":0,"activity":-1.0E-4,"lastBolusTime":0,"time":"2024-01-05T12:31:23.996Z","iobWithZeroTemp":{"iob":-0.48,"basaliob":-0.48,"bolussnooze":0,"activity":-0.0052,"lastBolusTime":0,"time":"2024-01-05T12:31:23.996Z"}},{"iob":-0.002,"basaliob":-0.002,"bolussnooze":0,"activity":0,"lastBolusTime":0,"time":"2024-01-05T12:36:23.996Z","iobWithZeroTemp":{"iob":-0.483,"basaliob":-0.483,"bolussnooze":0,"activity":-0.0052,"lastBolusTime":0,"time":"2024-01-05T12:36:23.996Z"}},{"iob":-0.002,"basaliob":-0.002,"bolussnooze":0,"activity":0,"lastBolusTime":0,"time":"2024-01-05T12:41:23.996Z","iobWithZeroTemp":{"iob":-0.486,"basaliob":-0.486,"bolussnooze":0,"activity":-0.0053,"lastBolusTime":0,"time":"2024-01-05T12:41:23.996Z"}},{"iob":-0.002,"basaliob":-0.002,"bolussnooze":0,"activity":0,"lastBolusTime":0,"time":"2024-01-05T12:46:23.996Z","iobWithZeroTemp":{"iob":-0.488,"basaliob":-0.488,"bolussnooze":0,"activity":-0.0053,"lastBolusTime":0,"time":"2024-01-05T12:46:23.996Z"}},{"iob":-0.002,"basaliob":-0.002,"bolussnooze":0,"activity":0,"lastBolusTime":0,"time":"2024-01-05T12:51:23.996Z","iobWithZeroTemp":{"iob":-0.491,"basaliob":-0.491,"bolussnooze":0,"activity":-0.0054,"lastBolusTime":0,"time":"2024-01-05T12:51:23.996Z"}},{"iob":-0.002,"basaliob":-0.002,"bolussnooze":0,"activity":0,"lastBolusTime":0,"time":"2024-01-05T12:56:23.996Z","iobWithZeroTemp":{"iob":-0.493,"basaliob":-0.493,"bolussnooze":0,"activity":-0.0054,"lastBolusTime":0,"time":"2024-01-05T12:56:23.996Z"}},{"iob":-0.002,"basaliob":-0.002,"bolussnooze":0,"activity":0,"lastBolusTime":0,"time":"2024-01-05T13:01:23.996Z","iobWithZeroTemp":{"iob":-0.495,"basaliob":-0.495,"bolussnooze":0,"activity":-0.0055,"lastBolusTime":0,"time":"2024-01-05T13:01:23.996Z"}},{"iob":-0.001,"basaliob":-0.001,"bolussnooze":0,"activity":0,"lastBolusTime":0,"time":"2024-01-05T13:06:23.996Z","iobWithZeroTemp":{"iob":-0.496,"basaliob":-0.496,"bolussnooze":0,"activity":-0.0055,"lastBolusTime":0,"time":"2024-01-05T13:06:23.996Z"}},{"iob":-0.001,"basaliob":-0.001,"bolussnooze":0,"activity":0,"lastBolusTime":0,"time":"2024-01-05T13:11:23.996Z","iobWithZeroTemp":{"iob":-0.497,"basaliob":-0.497,"bolussnooze":0,"activity":-0.0055,"lastBolusTime":0,"time":"2024-01-05T13:11:23.996Z"}},{"iob":-0.001,"basaliob":-0.001,"bolussnooze":0,"activity":0,"lastBolusTime":0,"time":"2024-01-05T13:16:23.996Z","iobWithZeroTemp":{"iob":-0.499,"basaliob":-0.499,"bolussnooze":0,"activity":-0.0056,"lastBolusTime":0,"time":"2024-01-05T13:16:23.996Z"}},{"iob":-0.001,"basaliob":-0.001,"bolussnooze":0,"activity":0,"lastBolusTime":0,"time":"2024-01-05T13:21:23.996Z","iobWithZeroTemp":{"iob":-0.5,"basaliob":-0.5,"bolussnooze":0,"activity":-0.0056,"lastBolusTime":0,"time":"2024-01-05T13:21:23.996Z"}},{"iob":-0.001,"basaliob":-0.001,"bolussnooze":0,"activity":0,"lastBolusTime":0,"time":"2024-01-05T13:26:23.996Z","iobWithZeroTemp":{"iob":-0.501,"basaliob":-0.501,"bolussnooze":0,"activity":-0.0056,"lastBolusTime":0,"time":"2024-01-05T13:26:23.996Z"}},{"iob":-0.001,"basaliob":-0.001,"bolussnooze":0,"activity":0,"lastBolusTime":0,"time":"2024-01-05T13:31:23.996Z","iobWithZeroTemp":{"iob":-0.502,"basaliob":-0.502,"bolussnooze":0,"activity":-0.0056,"lastBolusTime":0,"time":"2024-01-05T13:31:23.996Z"}},{"iob":-0.001,"basaliob":-0.001,"bolussnooze":0,"activity":0,"lastBolusTime":0,"time":"2024-01-05T13:36:23.996Z","iobWithZeroTemp":{"iob":-0.503,"basaliob":-0.503,"bolussnooze":0,"activity":-0.0057,"lastBolusTime":0,"time":"2024-01-05T13:36:23.996Z"}},{"iob":-0.001,"basaliob":-0.001,"bolussnooze":0,"activity":0,"lastBolusTime":0,"time":"2024-01-05T13:41:23.996Z","iobWithZeroTemp":{"iob":-0.503,"basaliob":-0.503,"bolussnooze":0,"activity":-0.0057,"lastBolusTime":0,"time":"2024-01-05T13:41:23.996Z"}},{"iob":-0.001,"basaliob":-0.001,"bolussnooze":0,"activity":0,"lastBolusTime":0,"time":"2024-01-05T13:46:23.996Z","iobWithZeroTemp":{"iob":-0.504,"basaliob":-0.504,"bolussnooze":0,"activity":-0.0057,"lastBolusTime":0,"time":"2024-01-05T13:46:23.996Z"}},{"iob":-0.001,"basaliob":-0.001,"bolussnooze":0,"activity":0,"lastBolusTime":0,"time":"2024-01-05T13:51:23.996Z","iobWithZeroTemp":{"iob":-0.504,"basaliob":-0.504,"bolussnooze":0,"activity":-0.0057,"lastBolusTime":0,"time":"2024-01-05T13:51:23.996Z"}}],"profile":{"max_iob":10,"type":"current","max_daily_basal":0.391,"max_basal":1.15,"min_bg":99,"max_bg":99,"target_bg":99,"carb_ratio":10.12040163497423,"sens":153.96499999999997,"max_daily_safety_multiplier":3,"current_basal_safety_multiplier":4,"lgsThreshold":69,"high_temptarget_raises_sensitivity":false,"low_temptarget_lowers_sensitivity":false,"sensitivity_raises_target":true,"resistance_lowers_target":true,"adv_target_adjustments":false,"exercise_mode":false,"half_basal_exercise_target":160,"maxCOB":120,"skip_neutral_temps":false,"remainingCarbsCap":90,"enableUAM":true,"A52_risk_enable":false,"SMBInterval":3,"enableSMB_with_COB":true,"enableSMB_with_temptarget":true,"allowSMB_with_high_temptarget":true,"enableSMB_always":true,"enableSMB_after_carbs":true,"maxSMBBasalMinutes":30,"maxUAMSMBBasalMinutes":30,"bolus_increment":0.05,"carbsReqThreshold":1,"current_basal":0.337,"temptargetSet":false,"autosens_max":1.2,"autosens_min":0.7,"variable_sens":249.8,"insulinDivisor":75,"TDD":6.3566627533333335},"autosens_data":{"ratio":0.49087624008360975},"meal_data":{"carbs":0,"mealCOB":0,"slopeFromMaxDeviation":-2.3939090909090903,"slopeFromMinDeviation":1.9999999999999998,"lastBolusTime":1704303367153,"lastCarbTime":0},"microBolusAllowed":true,"currentTime":1704448587146,"flatBGsDetected":false,"tdd1D":8.32800000000001,"tdd7D":16.942322023809517,"tddLast24H":8.31658333333335,"tddLast4H":1.4258333333333322,"tddLast8to4H":1.4585000000000001},"output":{"temp":"absolute","bg":158,"tick":-8,"eventualBG":130,"targetBG":139,"insulinReq":0,"deliverAt":"2024-01-05T09:56:27.146Z","sensitivityRatio":0.49087624008360975,"variable_sens":249.8,"predBGs":{"IOB":[158,151,144,138,133,129,125,122,120,118,117,116,117,117,117,118,118,118,118,118,119,119,119,119,119,119,119,120],"ZT":[158,158,158,158,159,159,160]},"reason":"COB: 0, Dev: -34, BGI: 0, ISF: 250, CR: 10.12, Target: 139, minPredBG 138, minGuardBG 116, IOBpredBG 120; Eventual BG 130 < 139, setting 0.05U\/hr. ","COB":0,"IOB":-0.023,"duration":30,"rate":0.04542529290817651,"timestamp":"2024-01-05T09:56:27.178Z"}}