{"algorithm":"OpenAPSSMBDynamicISFPlugin","input":{"glucoseStatus":{"glucose":192,"noise":0,"delta":18,"short_avgdelta":14.22,"long_avgdelta":14.5,"date":1704453900000},"currenttemp":{"temp":"absolute","duration":25,"rate":0.35,"minutesrunning":5},"iob_data":[{"iob":0.141,"basaliob":-0.087,"bolussnooze":0,"activity":0,"lastBolusTime":1704452802638,"time":"2024-01-05T11:26:25.418Z","iobWithZeroTemp":{"iob":0.141,"basaliob":-0.087,"bolussnooze":0,"activity":0,"lastBolusTime":1704452802638,"time":"2024-01-05T11:26:25.418Z"}},{"iob":0.14,"basaliob":-0.079,"bolussnooze":0,"activity":4.0E-4,"lastBolusTime":1704452802638,"time":"2024-01-05T11:31:25.418Z","iobWithZeroTemp":{"iob":0.116,"basaliob":-0.103,"bolussnooze":0,"activity":4.0E-4,"lastBolusTime":1704452802638,"time":"2024-01-05T11:31:25.418Z"}},{"iob":0.139,"basaliob":-0.071,"bolussnooze":0,"activity":6.0E-4,"lastBolusTime":1704452802638,"time":"2024-01-05T11:36:25.418Z","iobWithZeroTemp":{"iob":0.085,"basaliob":-0.125,"bolussnooze":0,"activity":5.0E-4,"lastBolusTime":1704452802638,"time":"2024-01-05T11:36:25.418Z"}},{"iob":0.135,"basaliob":-0.065,"bolussnooze":0,"activity":7.0E-4,"lastBolusTime":1704452802638,"time":"2024-01-05T11:41:25.418Z","iobWithZeroTemp":{"iob":0.052,"basaliob":-0.148,"bolussnooze":0,"activity":5.0E-4,"lastBolusTime":1704452802638,"time":"2024-01-05T11:41:25.418Z"}},{"iob":0.131,"basaliob":-0.059,"bolussnooze":0,"activity":9.0E-4,"lastBolusTime":1704452802638,"time":"2024-01-05T11:46:25.418Z","iobWithZeroTemp":{"iob":0.02,"basaliob":-0.17,"bolussnooze":0,"activity":5.0E-4,"lastBolusTime":1704452802638,"time":"2024-01-05T11:46:25.418Z"}},{"iob":0.126,"basaliob":-0.053,"bolussnooze":0,"activity":0.001,"lastBolusTime":1704452802638,"time":"2024-01-05T11:51:25.418Z","iobWithZeroTemp":{"iob":-0.013,"basaliob":-0.192,"bolussnooze":0,"activity":4.0E-4,"lastBolusTime":1704452802638,"time":"2024-01-05T11:51:25.418Z"}},{"iob":0.121,"basaliob":-0.048,"bolussnooze":0,"activity":0.0011,"lastBolusTime":1704452802638,"time":"2024-01-05T11:56:25.418Z","iobWithZeroTemp":{"iob":-0.044,"basaliob":-0.213,"bolussnooze":0,"activity":3.0E-4,"lastBolusTime":1704452802638,"time":"2024-01-05T11:56:25.418Z"}},{"iob":0.115,"basaliob":-0.044,"bolussnooze":0,"activity":0.0011,"lastBolusTime":1704452802638,"time":"2024-01-05T12:01:25.418Z","iobWithZeroTemp":{"iob":-0.075,"basaliob":-0.234,"bolussnooze":0,"activity":0,"lastBolusTime":1704452802638,"time":"2024-01-05T12:01:25.418Z"}},{"iob":0.11,"basaliob":-0.039,"bolussnooze":0,"activity":0.0012,"lastBolusTime":1704452802638,"time":"2024-01-05T12:06:25.418Z","iobWithZeroTemp":{"iob":-0.104,"basaliob":-0.253,"bolussnooze":0,"activity":-1.0E-4,"lastBolusTime":1704452802638,"time":"2024-01-05T12:06:25.418Z"}},{"iob":0.103,"basaliob":-0.036,"bolussnooze":0,"activity":0.0012,"lastBolusTime":1704452802638,"time":"2024-01-05T12:11:25.418Z","iobWithZeroTemp":{"iob":-0.133,"basaliob":-0.272,"bolussnooze":0,"activity":-4.0E-4,"lastBolusTime":1704452802638,"time":"2024-01-05T12:11:25.418Z"}},{"iob":0.097,"basaliob":-0.032,"bolussnooze":0,"activity":0.0011,"lastBolusTime":1704452802638,"time":"2024-01-05T12:16:25.418Z","iobWithZeroTemp":{"iob":-0.159,"basaliob":-0.288,"bolussnooze":0,"activity":-7.0E-4,"lastBolusTime":1704452802638,"time":"2024-01-05T12:16:25.418Z"}},{"iob":0.091,"basaliob":-0.029,"bolussnooze":0,"activity":0.0012,"lastBolusTime":1704452802638,"time":"2024-01-05T12:21:25.418Z","iobWithZeroTemp":{"iob":-0.185,"basaliob":-0.305,"bolussnooze":0,"activity":-9.0E-4,"lastBolusTime":1704452802638,"time":"2024-01-05T12:21:25.418Z"}},{"iob":0.086,"basaliob":-0.026,"bolussnooze":0,"activity":0.0012,"lastBolusTime":1704452802638,"time":"2024-01-05T12:26:25.418Z","iobWithZeroTemp":{"iob":-0.208,"basaliob":-0.32,"bolussnooze":0,"activity":-0.0011,"lastBolusTime":1704452802638,"time":"2024-01-05T12:26:25.418Z"}},{"iob":0.08,"basaliob":-0.024,"bolussnooze":0,"activity":0.0011,"lastBolusTime":1704452802638,"time":"2024-01-05T12:31:25.418Z","iobWithZeroTemp":{"iob":-0.232,"basaliob":-0.336,"bolussnooze":0,"activity":-0.0014,"lastBolusTime":1704452802638,"time":"2024-01-05T12:31:25.418Z"}},{"iob":0.075,"basaliob":-0.021,"bolussnooze":0,"activity":0.0011,"lastBolusTime":1704452802638,"time":"2024-01-05T12:36:25.418Z","iobWithZeroTemp":{"iob":-0.253,"basaliob":-0.349,"bolussnooze":0,"activity":-0.0017,"lastBolusTime":1704452802638,"time":"2024-01-05T12:36:25.418Z"}},{"iob":0.07,"basaliob":-0.019,"bolussnooze":0,"activity":0.001,"lastBolusTime":1704452802638,"time":"2024-01-05T12:41:25.418Z","iobWithZeroTemp":{"iob":-0.273,"basaliob":-0.362,"bolussnooze":0,"activity":-0.002,"lastBolusTime":1704452802638,"time":"2024-01-05T12:41:25.418Z"}},{"iob":0.065,"basaliob":-0.017,"bolussnooze":0,"activity":9.0E-4,"lastBolusTime":1704452802638,"time":"2024-01-05T12:46:25.418Z","iobWithZeroTemp":{"iob":-0.292,"basaliob":-0.374,"bolussnooze":0,"activity":-0.0023,"lastBolusTime":1704452802638,"time":"2024-01-05T12:46:25.418Z"}},{"iob":0.061,"basaliob":-0.015,"bolussnooze":0,"activity":9.0E-4,"lastBolusTime":1704452802638,"time":"2024-01-05T12:51:25.418Z","iobWithZeroTemp":{"iob":-0.309,"basaliob":-0.385,"bolussnooze":0,"activity":-0.0025,"lastBolusTime":1704452802638,"time":"2024-01-05T12:51:25.418Z"}},{"iob":0.056,"basaliob":-0.014,"bolussnooze":0,"activity":9.0E-4,"lastBolusTime":1704452802638,"time":"2024-01-05T12:56:25.418Z","iobWithZeroTemp":{"iob":-0.326,"basaliob":-0.396,"bolussnooze":0,"activity":-0.0026,"lastBolusTime":1704452802638,"time":"2024-01-05T12:56:25.418Z"}},{"iob":0.052,"basaliob":-0.012,"bolussnooze":0,"activity":8.0E-4,"lastBolusTime":1704452802638,"time":"2024-01-05T13:01:25.418Z","iobWithZeroTemp":{"iob":-0.341,"basaliob":-0.405,"bolussnooze":0,"activity":-0.0029,"lastBolusTime":1704452802638,"time":"2024-01-05T13:01:25.418Z"}},{"iob":0.048,"basaliob":-0.011,"bolussnooze":0,"activity":8.0E-4,"lastBolusTime":1704452802638,"time":"2024-01-05T13:06:25.418Z","iobWithZeroTemp":{"iob":-0.355,"basaliob":-0.414,"bolussnooze":0,"activity":-0.0031,"lastBolusTime":1704452802638,"time":"2024-01-05T13:06:25.418Z"}},{"iob":0.044,"basaliob":-0.01,"bolussnooze":0,"activity":7.0E-4,"lastBolusTime":1704452802638,"time":"2024-01-05T13:11:25.418Z","iobWithZeroTemp":{"iob":-0.368,"basaliob":-0.422,"bolussnooze":0,"activity":-0.0033,"lastBolusTime":1704452802638,"time":"2024-01-05T13:11:25.418Z"}},{"iob":0.04,"basaliob":-0.009,"bolussnooze":0,"activity":7.0E-4,"lastBolusTime":1704452802638,"time":"2024-01-05T13:16:25.418Z","iobWithZeroTemp":{"iob":-0.381,"basaliob":-0.43,"bolussnooze":0,"activity":-0.0035,"lastBolusTime":1704452802638,"time":"2024-01-05T13:16:25.418Z"}},{"iob":0.037,"basaliob":-0.008,"bolussnooze":0,"activity":6.0E-4,"lastBolusTime":1704452802638,"time":"2024-01-05T13:21:25.418Z","iobWithZeroTemp":{"iob":-0.391,"basaliob":-0.436,"bolussnooze":0,"activity":-0.0037,"lastBolusTime":1704452802638,"time":"2024-01-05T13:21:25.418Z"}},{"iob":0.034,"basaliob":-0.007,"bolussnooze":0,"activity":5.0E-4,"lastBolusTime":1704452802638,"time":"2024-01-05T13:26:25.418Z","iobWithZeroTemp":{"iob":-0.402,"basaliob":-0.443,"bolussnooze":0,"activity":-0.0039,"lastBolusTime":1704452802638,"time":"2024-01-05T13:26:25.418Z"}},{"iob":0.032,"basaliob":-0.006,"bolussnooze":0,"activity":6.0E-4,"lastBolusTime":1704452802638,"time":"2024-01-05T13:31:25.418Z","iobWithZeroTemp":{"iob":-0.41,"basaliob":-0.448,"bolussnooze":0,"activity":-0.004,"lastBolusTime":1704452802638,"time":"2024-01-05T13:31:25.418Z"}},{"iob":0.028,"basaliob":-0.006,"bolussnooze":0,"activity":5.0E-4,"lastBolusTime":1704452802638,"time":"2024-01-05T13:36:25.418Z","iobWithZeroTemp":{"iob":-0.42,"basaliob":-0.454,"bolussnooze":0,"activity":-0.0042,"lastBolusTime":1704452802638,"time":"2024-01-05T13:36:25.418Z"}},{"iob":0.026,"basaliob":-0.005,"bolussnooze":0,"activity":5.0E-4,"lastBolusTime":1704452802638,"time":"2024-01-05T13:41:25.418Z","iobWithZeroTemp":{"iob":-0.428,"basaliob":-0.459,"bolussnooze":0,"activity":-0.0043,"lastBolusTime":1704452802638,"time":"2024-01-05T13:41:25.418Z"}},{"iob":0.024,"basaliob":-0.004,"bolussnooze":0,"activity":4.0E-4,"lastBolusTime":1704452802638,"time":"2024-01-05T13:46:25.418Z","iobWithZeroTemp":{"iob":-0.435,"basaliob":-0.463,"bolussnooze":0,"activity":-0.0045,"lastBolusTime":1704452802638,"time":"2024-01-05T13:46:25.418Z"}},{"iob":0.022,"basaliob":-0.004,"bolussnooze":0,"activity":4.0E-4,"lastBolusTime":1704452802638,"time":"2024-01-05T13:51:25.418Z","iobWithZeroTemp":{"iob":-0.441,"basaliob":-0.467,"bolussnooze":0,"activity":-0.0045,"lastBolusTime":1704452802638,"time":"2024-01-05T13:51:25.418Z"}},{"iob":0.021,"basaliob":-0.003,"bolussnooze":0,"activity":4.0E-4,"lastBolusTime":1704452802638,"time":"2024-01-05T13:56:25.418Z","iobWithZeroTemp":{"iob":-0.447,"basaliob":-0.471,"bolussnooze":0,"activity":-0.0046,"lastBolusTime":1704452802638,"time":"2024-01-05T13:56:25.418Z"}},{"iob":0.018,"basaliob":-0.003,"bolussnooze":0,"activity":3.0E-4,"lastBolusTime":1704452802638,"time":"2024-01-05T14:01:25.418Z","iobWithZeroTemp":{"iob":-0.453,"basaliob":-0.474,"bolussnooze":0,"activity":-0.0048,"lastBolusTime":1704452802638,"time":"2024-01-05T14:01:25.418Z"}},{"iob":0.016,"basaliob":-0.003,"bolussnooze":0,"activity":3.0E-4,"lastBolusTime":1704452802638,"time":"2024-01-05T14:06:25.418Z","iobWithZeroTemp":{"iob":-0.46,"basaliob":-0.479,"bolussnooze":0,"activity":-0.0049,"lastBolusTime":1704452802638,"time":"2024-01-05T14:06:25.418Z"}},{"iob":0.016,"basaliob":-0.002,"bolussnooze":0,"activity":2.0E-4,"lastBolusTime":1704452802638,"time":"2024-01-05T14:11:25.418Z","iobWithZeroTemp":{"iob":-0.464,"basaliob":-0.482,"bolussnooze":0,"activity":-0.005,"lastBolusTime":1704452802638,"time":"2024-01-05T14:11:25.418Z"}},{"iob":0.014,"basaliob":-0.002,"bolussnooze":0,"activity":2.0E-4,"lastBolusTime":1704452802638,"time":"2024-01-05T14:16:25.418Z","iobWithZeroTemp":{"iob":-0.469,"basaliob":-0.485,"bolussnooze":0,"activity":-0.0051,"lastBolusTime":1704452802638,"time":"2024-01-05T14:16:25.418Z"}},{"iob":0.012,"basaliob":-0.002,"bolussnooze":0,"activity":3.0E-4,"lastBolusTime":1704452802638,"time":"2024-01-05T14:21:25.418Z","iobWithZeroTemp":{"iob":-0.475,"basaliob":-0.489,"bolussnooze":0,"activity":-0.005,"lastBolusTime":1704452802638,"time":"2024-01-05T14:21:25.418Z"}},{"iob":0.011,"basaliob":-0.002,"bolussnooze":0,"activity":3.0E-4,"lastBolusTime":1704452802638,"time":"2024-01-05T14:26:25.418Z","iobWithZeroTemp":{"iob":-0.479,"basaliob":-0.492,"bolussnooze":0,"activity":-0.0051,"lastBolusTime":1704452802638,"time":"2024-01-05T14:26:25.418Z"}},{"iob":0.011,"basaliob":-0.001,"bolussnooze":0,"activity":2.0E-4,"lastBolusTime":1704452802638,"time":"2024-01-05T14:31:25.418Z","iobWithZeroTemp":{"iob":-0.482,"basaliob":-0.494,"bolussnooze":0,"activity":-0.0052,"lastBolusTime":1704452802638,"time":"2024-01-05T14:31:25.418Z"}},{"iob":0.01,"basaliob":-0.001,"bolussnooze":0,"activity":2.0E-4,"lastBolusTime":1704452802638,"time":"2024-01-05T14:36:25.418Z","iobWithZeroTemp":{"iob":-0.486,"basaliob":-0.497,"bolussnooze":0,"activity":-0.0053,"lastBolusTime":1704452802638,"time":"2024-01-05T14:36:25.418Z"}},{"iob":0.009,"basaliob":-0.001,"bolussnooze":0,"activity":2.0E-4,"lastBolusTime":1704452802638,"time":"2024-01-05T14:41:25.418Z","iobWithZeroTemp":{"iob":-0.489,"basaliob":-0.499,"bolussnooze":0,"activity":-0.0053,"lastBolusTime":1704452802638,"time":"2024-01-05T14:41:25.418Z"}},{"iob":0.008,"basaliob":-0.001,"bolussnooze":0,"activity":2.0E-4,"lastBolusTime":1704452802638,"time":"2024-01-05T14:46:25.418Z","iobWithZeroTemp":{"iob":-0.492,"basaliob":-0.501,"bolussnooze":0,"activity":-0.0054,"lastBolusTime":1704452802638,"time":"2024-01-05T14:46:25.418Z"}},{"iob":0.007,"basaliob":-0.001,"bolussnooze":0,"activity":2.0E-4,"lastBolusTime":1704452802638,"time":"2024-01-05T14:51:25.418Z","iobWithZeroTemp":{"iob":-0.495,"basaliob":-0.503,"bolussnooze":0,"activity":-0.0054,"lastBolusTime":1704452802638,"time":"2024-01-05T14:51:25.418Z"}},{"iob":0.006,"basaliob":-0.001,"bolussnooze":0,"activity":1.0E-4,"lastBolusTime":1704452802638,"time":"2024-01-05T14:56:25.418Z","iobWithZeroTemp":{"iob":-0.498,"basaliob":-0.505,"bolussnooze":0,"activity":-0.0055,"lastBolusTime":1704452802638,"time":"2024-01-05T14:56:25.418Z"}},{"iob":0.005,"basaliob":-0.001,"bolussnooze":0,"activity":1.0E-4,"lastBolusTime":1704452802638,"time":"2024-01-05T15:01:25.418Z","iobWithZeroTemp":{"iob":-0.501,"basaliob":-0.507,"bolussnooze":0,"activity":-0.0056,"lastBolusTime":1704452802638,"time":"2024-01-05T15:01:25.418Z"}},{"iob":0.005,"basaliob":-0.001,"bolussnooze":0,"activity":1.0E-4,"lastBolusTime":1704452802638,"time":"2024-01-05T15:06:25.418Z","iobWithZeroTemp":{"iob":-0.502,"basaliob":-0.508,"bolussnooze":0,"activity":-0.0056,"lastBolusTime":1704452802638,"time":"2024-01-05T15:06:25.418Z"}},{"iob":0.005,"basaliob":0,"bolussnooze":0,"activity":1.0E-4,"lastBolusTime":1704452802638,"time":"2024-01-05T15:11:25.418Z","iobWithZeroTemp":{"iob":-0.503,"basaliob":-0.508,"bolussnooze":0,"activity":-0.0056,"lastBolusTime":1704452802638,"time":"2024-01-05T15:11:25.418Z"}},{"iob":0.005,"basaliob":0,"bolussnooze":0,"activity":1.0E-4,"lastBolusTime":1704452802638,"time":"2024-01-05T15:16:25.418Z","iobWithZeroTemp":{"iob":-0.504,"basaliob":-0.509,"bolussnooze":0,"activity":-0.0056,"lastBolusTime":1704452802638,"time":"2024-01-05T15:16:25.418Z"}},{"iob":0.004,"basaliob":0,"bolussnooze":0,"activity":1.0E-4,"lastBolusTime":1704452802638,"time":"2024-01-05T15:21:25.418Z","iobWithZeroTemp":{"iob":-0.506,"basaliob":-0.51,"bolussnooze":0,"activity":-0.0057,"lastBolusTime":1704452802638,"time":"2024-01-05T15:21:25.418Z"}}],"profile":{"max_iob":10,"type":"current","max_daily_basal":0.391,"max_basal":1.15,"min_bg":144,"max_bg":144,"target_bg":144,"carb_ratio":11.244890705526924,"sens":153.96499999999997,"max_daily_safety_multiplier":3,"current_basal_safety_multiplier":4,"lgsThreshold":69,"high_temptarget_raises_sensitivity":false,"low_temptarget_lowers_sensitivity":false,"sensitivity_raises_target":false,"resistance_lowers_target":false,"adv_target_adjustments":false,"exercise_mode":false,"half_basal_exercise_target":160,"maxCOB":120,"skip_neutral_temps":false,"remainingCarbsCap":90,"enableUAM":true,"A52_risk_enable":false,"SMBInterval":3,"enableSMB_with_COB":false,"enableSMB_with_temptarget":false,"allowSMB_with_high_temptarget":false,"enableSMB_always":false,"enableSMB_after_carbs":false,"maxSMBBasalMinutes":30,"maxUAMSMBBasalMinutes":30,"bolus_increment":0.05,"carbsReqThreshold":1,"current_basal":0.36,"temptargetSet":true,"autosens_max":1.2,"autosens_min":0.7,"variable_sens":221.9,"insulinDivisor":75,"TDD":6.388873393333335},"autosens_data":{"ratio":0.49448160971638394},"meal_data":{"carbs":0,"mealCOB":0,"slopeFromMaxDeviation":-1.653499999999999,"slopeFromMinDeviation":2.3054545454545456,"lastBolusTime":1704452802638,"lastCarbTime":0},"microBolusAllowed":false,"currentTime":1704453988805,"flatBGsDetected":false,"tdd1D":8.32800000000001,"tdd7D":16.942322023809517,"tddLast24H":8.377666666666673,"tddLast4H":1.4395833333333337,"tddLast8to4H":1.523250000000001},"output":{"temp":"absolute","bg":192,"tick":"+18","eventualBG":246,"targetBG":144,"insulinReq":0.39,"deliverAt":"2024-01-05T11:26:28.805Z","sensitivityRatio":0.49448160971638394,"variable_sens":221.9,"predBGs":{"IOB":[192,205,216,226,235,243,249,254,257,260,261,261,260,259,258,257,256,255,254,253,252,252,251,250,250,249,249,248,248,247,247,247,246,246,246,246,245,245,245,245,244],"ZT":[192,192,192,191,190,190,189,189,189,189,190,190],"UAM":[192,205,215,224,231,236,239,240,240,239,238,237,236,235,233,232,231,230,230,229,228,227,226,226,225,225,224,223,223,222,222,222,221,221,221,221,220,220,220,220,219,219,219,219,219,219,219,218]},"reason":"COB: 0, Dev: 85, BGI: 0, ISF: 222, CR: 11.24, Target: 144, minPredBG 231, minGuardBG 205, IOBpredBG 244, UAMpredBG 218; Eventual BG 246 >= 144, temp 0.35 < 0.96U\/hr. ","COB":0,"IOB":0.141,"duration":30,"rate":0.9580133794978982,"timestamp":"2024-01-05T11:26:28.839Z"}}