{"algorithm":"OpenAPSSMBDynamicISFPlugin","input":{"glucoseStatus":{"glucose":78,"noise":0,"delta":-7,"short_avgdelta":-3.72,"long_avgdelta":-8.61,"date":1704522600000},"currenttemp":{"temp":"absolute","duration":0,"rate":0},"iob_data":[{"iob":0.036,"basaliob":0.036,"bolussnooze":0,"activity":0.0015,"lastBolusTime":0,"time":"2024-01-06T06:31:41.004Z","iobWithZeroTemp":{"iob":0.036,"basaliob":0.036,"bolussnooze":0,"activity":0.0015,"lastBolusTime":0,"time":"2024-01-06T06:31:41.004Z"}},{"iob":0.029,"basaliob":0.029,"bolussnooze":0,"activity":0.0013,"lastBolusTime":0,"time":"2024-01-06T06:36:41.004Z","iobWithZeroTemp":{"iob":0.003,"basaliob":0.003,"bolussnooze":0,"activity":0.0013,"lastBolusTime":0,"time":"2024-01-06T06:36:41.004Z"}},{"iob":0.023,"basaliob":0.023,"bolussnooze":0,"activity":0.0011,"lastBolusTime":0,"time":"2024-01-06T06:41:41.004Z","iobWithZeroTemp":{"iob":-0.035,"basaliob":-0.035,"bolussnooze":0,"activity":0.001,"lastBolusTime":0,"time":"2024-01-06T06:41:41.004Z"}},{"iob":0.018,"basaliob":0.018,"bolussnooze":0,"activity":9.0E-4,"lastBolusTime":0,"time":"2024-01-06T06:46:41.004Z","iobWithZeroTemp":{"iob":-0.072,"basaliob":-0.072,"bolussnooze":0,"activity":6.0E-4,"lastBolusTime":0,"time":"2024-01-06T06:46:41.004Z"}},{"iob":0.014,"basaliob":0.014,"bolussnooze":0,"activity":8.0E-4,"lastBolusTime":0,"time":"2024-01-06T06:51:41.004Z","iobWithZeroTemp":{"iob":-0.107,"basaliob":-0.107,"bolussnooze":0,"activity":3.0E-4,"lastBolusTime":0,"time":"2024-01-06T06:51:41.004Z"}},{"iob":0.011,"basaliob":0.011,"bolussnooze":0,"activity":6.0E-4,"lastBolusTime":0,"time":"2024-01-06T06:56:41.004Z","iobWithZeroTemp":{"iob":-0.14,"basaliob":-0.14,"bolussnooze":0,"activity":-1.0E-4,"lastBolusTime":0,"time":"2024-01-06T06:56:41.004Z"}},{"iob":0.008,"basaliob":0.008,"bolussnooze":0,"activity":5.0E-4,"lastBolusTime":0,"time":"2024-01-06T07:01:41.004Z","iobWithZeroTemp":{"iob":-0.171,"basaliob":-0.171,"bolussnooze":0,"activity":-4.0E-4,"lastBolusTime":0,"time":"2024-01-06T07:01:41.004Z"}},{"iob":0.005,"basaliob":0.005,"bolussnooze":0,"activity":4.0E-4,"lastBolusTime":0,"time":"2024-01-06T07:06:41.004Z","iobWithZeroTemp":{"iob":-0.2,"basaliob":-0.2,"bolussnooze":0,"activity":-8.0E-4,"lastBolusTime":0,"time":"2024-01-06T07:06:41.004Z"}},{"iob":0.003,"basaliob":0.003,"bolussnooze":0,"activity":4.0E-4,"lastBolusTime":0,"time":"2024-01-06T07:11:41.004Z","iobWithZeroTemp":{"iob":-0.226,"basaliob":-0.226,"bolussnooze":0,"activity":-0.001,"lastBolusTime":0,"time":"2024-01-06T07:11:41.004Z"}},{"iob":0.001,"basaliob":0.001,"bolussnooze":0,"activity":3.0E-4,"lastBolusTime":0,"time":"2024-01-06T07:16:41.004Z","iobWithZeroTemp":{"iob":-0.25,"basaliob":-0.25,"bolussnooze":0,"activity":-0.0014,"lastBolusTime":0,"time":"2024-01-06T07:16:41.004Z"}},{"iob":0,"basaliob":0,"bolussnooze":0,"activity":2.0E-4,"lastBolusTime":0,"time":"2024-01-06T07:21:41.004Z","iobWithZeroTemp":{"iob":-0.273,"basaliob":-0.273,"bolussnooze":0,"activity":-0.0017,"lastBolusTime":0,"time":"2024-01-06T07:21:41.004Z"}},{"iob":-0.001,"basaliob":-0.001,"bolussnooze":0,"activity":2.0E-4,"lastBolusTime":0,"time":"2024-01-06T07:26:41.004Z","iobWithZeroTemp":{"iob":-0.294,"basaliob":-0.294,"bolussnooze":0,"activity":-0.002,"lastBolusTime":0,"time":"2024-01-06T07:26:41.004Z"}},{"iob":-0.002,"basaliob":-0.002,"bolussnooze":0,"activity":2.0E-4,"lastBolusTime":0,"time":"2024-01-06T07:31:41.004Z","iobWithZeroTemp":{"iob":-0.314,"basaliob":-0.314,"bolussnooze":0,"activity":-0.0022,"lastBolusTime":0,"time":"2024-01-06T07:31:41.004Z"}},{"iob":-0.003,"basaliob":-0.003,"bolussnooze":0,"activity":1.0E-4,"lastBolusTime":0,"time":"2024-01-06T07:36:41.004Z","iobWithZeroTemp":{"iob":-0.332,"basaliob":-0.332,"bolussnooze":0,"activity":-0.0026,"lastBolusTime":0,"time":"2024-01-06T07:36:41.004Z"}},{"iob":-0.003,"basaliob":-0.003,"bolussnooze":0,"activity":1.0E-4,"lastBolusTime":0,"time":"2024-01-06T07:41:41.004Z","iobWithZeroTemp":{"iob":-0.349,"basaliob":-0.349,"bolussnooze":0,"activity":-0.0028,"lastBolusTime":0,"time":"2024-01-06T07:41:41.004Z"}},{"iob":-0.004,"basaliob":-0.004,"bolussnooze":0,"activity":1.0E-4,"lastBolusTime":0,"time":"2024-01-06T07:46:41.004Z","iobWithZeroTemp":{"iob":-0.365,"basaliob":-0.365,"bolussnooze":0,"activity":-0.003,"lastBolusTime":0,"time":"2024-01-06T07:46:41.004Z"}},{"iob":-0.004,"basaliob":-0.004,"bolussnooze":0,"activity":0,"lastBolusTime":0,"time":"2024-01-06T07:51:41.004Z","iobWithZeroTemp":{"iob":-0.379,"basaliob":-0.379,"bolussnooze":0,"activity":-0.0034,"lastBolusTime":0,"time":"2024-01-06T07:51:41.004Z"}},{"iob":-0.004,"basaliob":-0.004,"bolussnooze":0,"activity":0,"lastBolusTime":0,"time":"2024-01-06T07:56:41.004Z","iobWithZeroTemp":{"iob":-0.392,"basaliob":-0.392,"bolussnooze":0,"activity":-0.0036,"lastBolusTime":0,"time":"2024-01-06T07:56:41.004Z"}},{"iob":-0.004,"basaliob":-0.004,"bolussnooze":0,"activity":0,"lastBolusTime":0,"time":"2024-01-06T08:01:41.004Z","iobWithZeroTemp":{"iob":-0.404,"basaliob":-0.404,"bolussnooze":0,"activity":-0.0037,"lastBolusTime":0,"time":"2024-01-06T08:01:41.004Z"}},{"iob":-0.004,"basaliob":-0.004,"bolussnooze":0,"activity":0,"lastBolusTime":0,"time":"2024-01-06T08:06:41.004Z","iobWithZeroTemp":{"iob":-0.414,"basaliob":-0.414,"bolussnooze":0,"activity":-0.0039,"lastBolusTime":0,"time":"2024-01-06T08:06:41.004Z"}},{"iob":-0.004,"basaliob":-0.004,"bolussnooze":0,"activity":0,"lastBolusTime":0,"time":"2024-01-06T08:11:41.004Z","iobWithZeroTemp":{"iob":-0.422,"basaliob":-0.422,"bolussnooze":0,"activity":-0.0041,"lastBolusTime":0,"time":"2024-01-06T08:11:41.004Z"}},{"iob":-0.004,"basaliob":-0.004,"bolussnooze":0,"activity":0,"lastBolusTime":0,"time":"2024-01-06T08:16:41.004Z","iobWithZeroTemp":{"iob":-0.43,"basaliob":-0.43,"bolussnooze":0,"activity":-0.0042,"lastBolusTime":0,"time":"2024-01-06T08:16:41.004Z"}},{"iob":-0.004,"basaliob":-0.004,"bolussnooze":0,"activity":0,"lastBolusTime":0,"time":"2024-01-06T08:21:41.004Z","iobWithZeroTemp":{"iob":-0.436,"basaliob":-0.436,"bolussnooze":0,"activity":-0.0044,"lastBolusTime":0,"time":"2024-01-06T08:21:41.004Z"}},{"iob":-0.004,"basaliob":-0.004,"bolussnooze":0,"activity":0,"lastBolusTime":0,"time":"2024-01-06T08:26:41.004Z","iobWithZeroTemp":{"iob":-0.443,"basaliob":-0.443,"bolussnooze":0,"activity":-0.0045,"lastBolusTime":0,"time":"2024-01-06T08:26:41.004Z"}},{"iob":-0.004,"basaliob":-0.004,"bolussnooze":0,"activity":0,"lastBolusTime":0,"time":"2024-01-06T08:31:41.004Z","iobWithZeroTemp":{"iob":-0.448,"basaliob":-0.448,"bolussnooze":0,"activity":-0.0046,"lastBolusTime":0,"time":"2024-01-06T08:31:41.004Z"}},{"iob":-0.004,"basaliob":-0.004,"bolussnooze":0,"activity":0,"lastBolusTime":0,"time":"2024-01-06T08:36:41.004Z","iobWithZeroTemp":{"iob":-0.453,"basaliob":-0.453,"bolussnooze":0,"activity":-0.0047,"lastBolusTime":0,"time":"2024-01-06T08:36:41.004Z"}},{"iob":-0.003,"basaliob":-0.003,"bolussnooze":0,"activity":0,"lastBolusTime":0,"time":"2024-01-06T08:41:41.004Z","iobWithZeroTemp":{"iob":-0.457,"basaliob":-0.457,"bolussnooze":0,"activity":-0.0048,"lastBolusTime":0,"time":"2024-01-06T08:41:41.004Z"}},{"iob":-0.003,"basaliob":-0.003,"bolussnooze":0,"activity":0,"lastBolusTime":0,"time":"2024-01-06T08:46:41.004Z","iobWithZeroTemp":{"iob":-0.461,"basaliob":-0.461,"bolussnooze":0,"activity":-0.0049,"lastBolusTime":0,"time":"2024-01-06T08:46:41.004Z"}},{"iob":-0.003,"basaliob":-0.003,"bolussnooze":0,"activity":0,"lastBolusTime":0,"time":"2024-01-06T08:51:41.004Z","iobWithZeroTemp":{"iob":-0.465,"basaliob":-0.465,"bolussnooze":0,"activity":-0.005,"lastBolusTime":0,"time":"2024-01-06T08:51:41.004Z"}},{"iob":-0.003,"basaliob":-0.003,"bolussnooze":0,"activity":0,"lastBolusTime":0,"time":"2024-01-06T08:56:41.004Z","iobWithZeroTemp":{"iob":-0.468,"basaliob":-0.468,"bolussnooze":0,"activity":-0.005,"lastBolusTime":0,"time":"2024-01-06T08:56:41.004Z"}},{"iob":-0.003,"basaliob":-0.003,"bolussnooze":0,"activity":0,"lastBolusTime":0,"time":"2024-01-06T09:01:41.004Z","iobWithZeroTemp":{"iob":-0.471,"basaliob":-0.471,"bolussnooze":0,"activity":-0.0051,"lastBolusTime":0,"time":"2024-01-06T09:01:41.004Z"}},{"iob":-0.003,"basaliob":-0.003,"bolussnooze":0,"activity":0,"lastBolusTime":0,"time":"2024-01-06T09:06:41.004Z","iobWithZeroTemp":{"iob":-0.473,"basaliob":-0.473,"bolussnooze":0,"activity":-0.0051,"lastBolusTime":0,"time":"2024-01-06T09:06:41.004Z"}},{"iob":-0.002,"basaliob":-0.002,"bolussnooze":0,"activity":0,"lastBolusTime":0,"time":"2024-01-06T09:11:41.004Z","iobWithZeroTemp":{"iob":-0.475,"basaliob":-0.475,"bolussnooze":0,"activity":-0.0052,"lastBolusTime":0,"time":"2024-01-06T09:11:41.004Z"}},{"iob":-0.002,"basaliob":-0.002,"bolussnooze":0,"activity":0,"lastBolusTime":0,"time":"2024-01-06T09:16:41.004Z","iobWithZeroTemp":{"iob":-0.477,"basaliob":-0.477,"bolussnooze":0,"activity":-0.0052,"lastBolusTime":0,"time":"2024-01-06T09:16:41.004Z"}},{"iob":-0.002,"basaliob":-0.002,"bolussnooze":0,"activity":0,"lastBolusTime":0,"time":"2024-01-06T09:21:41.004Z","iobWithZeroTemp":{"iob":-0.479,"basaliob":-0.479,"bolussnooze":0,"activity":-0.0053,"lastBolusTime":0,"time":"2024-01-06T09:21:41.004Z"}},{"iob":-0.002,"basaliob":-0.002,"bolussnooze":0,"activity":0,"lastBolusTime":0,"time":"2024-01-06T09:26:41.004Z","iobWithZeroTemp":{"iob":-0.48,"basaliob":-0.48,"bolussnooze":0,"activity":-0.0053,"lastBolusTime":0,"time":"2024-01-06T09:26:41.004Z"}},{"iob":-0.002,"basaliob":-0.002,"bolussnooze":0,"activity":0,"lastBolusTime":0,"time":"2024-01-06T09:31:41.004Z","iobWithZeroTemp":{"iob":-0.482,"basaliob":-0.482,"bolussnooze":0,"activity":-0.0054,"lastBolusTime":0,"time":"2024-01-06T09:31:41.004Z"}},{"iob":-0.002,"basaliob":-0.002,"bolussnooze":0,"activity":0,"lastBolusTime":0,"time":"2024-01-06T09:36:41.004Z","iobWithZeroTemp":{"iob":-0.483,"basaliob":-0.483,"bolussnooze":0,"activity":-0.0054,"lastBolusTime":0,"time":"2024-01-06T09:36:41.004Z"}},{"iob":-0.002,"basaliob":-0.002,"bolussnooze":0,"activity":0,"lastBolusTime":0,"time":"2024-01-06T09:41:41.004Z","iobWithZeroTemp":{"iob":-0.484,"basaliob":-0.484,"bolussnooze":0,"activity":-0.0054,"lastBolusTime":0,"time":"2024-01-06T09:41:41.004Z"}},{"iob":-0.002,"basaliob":-0.002,"bolussnooze":0,"activity":0,"lastBolusTime":0,"time":"2024-01-06T09:46:41.004Z","iobWithZeroTemp":{"iob":-0.485,"basaliob":-0.485,"bolussnooze":0,"activity":-0.0054,"lastBolusTime":0,"time":"2024-01-06T09:46:41.004Z"}},{"iob":-0.001,"basaliob":-0.001,"bolussnooze":0,"activity":0,"lastBolusTime":0,"time":"2024-01-06T09:51:41.004Z","iobWithZeroTemp":{"iob":-0.485,"basaliob":-0.485,"bolussnooze":0,"activity":-0.0055,"lastBolusTime":0,"time":"2024-01-06T09:51:41.004Z"}},{"iob":-0.001,"basaliob":-0.001,"bolussnooze":0,"activity":0,"lastBolusTime":0,"time":"2024-01-06T09:56:41.004Z","iobWithZeroTemp":{"iob":-0.486,"basaliob":-0.486,"bolussnooze":0,"activity":-0.0055,"lastBolusTime":0,"time":"2024-01-06T09:56:41.004Z"}},{"iob":-0.001,"basaliob":-0.001,"bolussnooze":0,"activity":0,"lastBolusTime":0,"time":"2024-01-06T10:01:41.004Z","iobWithZeroTemp":{"iob":-0.486,"basaliob":-0.486,"bolussnooze":0,"activity":-0.0055,"lastBolusTime":0,"time":"2024-01-06T10:01:41.004Z"}},{"iob":-0.001,"basaliob":-0.001,"bolussnooze":0,"activity":0,"lastBolusTime":0,"time":"2024-01-06T10:06:41.004Z","iobWithZeroTemp":{"iob":-0.488,"basaliob":-0.488,"bolussnooze":0,"activity":-0.0055,"lastBolusTime":0,"time":"2024-01-06T10:06:41.004Z"}},{"iob":-0.001,"basaliob":-0.001,"bolussnooze":0,"activity":0,"lastBolusTime":0,"time":"2024-01-06T10:11:41.004Z","iobWithZeroTemp":{"iob":-0.49,"basaliob":-0.49,"bolussnooze":0,"activity":-0.0055,"lastBolusTime":0,"time":"2024-01-06T10:11:41.004Z"}},{"iob":-0.001,"basaliob":-0.001,"bolussnooze":0,"activity":0,"lastBolusTime":0,"time":"2024-01-06T10:16:41.004Z","iobWithZeroTemp":{"iob":-0.491,"basaliob":-0.491,"bolussnooze":0,"activity":-0.0055,"lastBolusTime":0,"time":"2024-01-06T10:16:41.004Z"}},{"iob":-0.001,"basaliob":-0.001,"bolussnooze":0,"activity":0,"lastBolusTime":0,"time":"2024-01-06T10:21:41.004Z","iobWithZeroTemp":{"iob":-0.493,"basaliob":-0.493,"bolussnooze":0,"activity":-0.0056,"lastBolusTime":0,"time":"2024-01-06T10:21:41.004Z"}},{"iob":-0.001,"basaliob":-0.001,"bolussnooze":0,"activity":0,"lastBolusTime":0,"time":"2024-01-06T10:26:41.004Z","iobWithZeroTemp":{"iob":-0.494,"basaliob":-0.494,"bolussnooze":0,"activity":-0.0056,"lastBolusTime":0,"time":"2024-01-06T10:26:41.004Z"}}],"profile":{"max_iob":1,"type":"current","max_daily_basal":0.391,"max_basal":1.15,"min_bg":99,"max_bg":99,"target_bg":99,"carb_ratio":9.2,"sens":153.96499999999997,"max_daily_safety_multiplier":3,"current_basal_safety_multiplier":4,"lgsThreshold":69,"high_temptarget_raises_sensitivity":false,"low_temptarget_lowers_sensitivity":false,"sensitivity_raises_target":false,"resistance_lowers_target":false,"adv_target_adjustments":false,"exercise_mode":false,"half_basal_exercise_target":160,"maxCOB":120,"skip_neutral_temps":false,"remainingCarbsCap":90,"enableUAM":true,"A52_risk_enable":false,"SMBInterval":3,"enableSMB_with_COB":false,"enableSMB_with_temptarget":false,"allowSMB_with_high_temptarget":false,"enableSMB_always":false,"enableSMB_after_carbs":false,"maxSMBBasalMinutes":30,"maxUAMSMBBasalMinutes":30,"bolus_increment":0.05,"carbsReqThreshold":1,"current_basal":0.391,"temptargetSet":false,"autosens_max":1.2,"autosens_min":0.7,"variable_sens":270.2,"insulinDivisor":75,"TDD":9.342241228571424},"autosens_data":{"ratio":1},"meal_data":{"carbs":0,"mealCOB":0,"slopeFromMaxDeviation":-0.32863636363636367,"slopeFromMinDeviation":4.846,"lastBolusTime":1704452802638,"lastCarbTime":0},"microBolusAllowed":false,"currentTime":1704522703452,"flatBGsDetected":false,"tdd1D":9.141249999999994,"tdd7D":15.753158928571422,"tddLast24H":9.69725,"tddLast4H":1.8027499999999999,"tddLast8to4H":1.3577499999999998},"output":{"temp":"absolute","bg":78,"tick":-7,"eventualBG":29,"targetBG":99,"insulinReq":0,"deliverAt":"2024-01-06T06:31:43.452Z","sensitivityRatio":1,"variable_sens":270.2,"predBGs":{"IOB":[78,71,65,60,55,51,47,44,42,39,39,39,39],"ZT":[78,76,74,73,72,71,72,72,73,75,77,79,82,85,88,91,95,99]},"reason":"COB: 0, Dev: -39, BGI: -2, ISF: 270, CR: 9.2, Target: 99, minPredBG 54, minGuardBG 35, IOBpredBG 39; minGuardBG 35<70","COB":0,"IOB":0.036,"duration":30,"rate":0,"timestamp":"2024-01-06T06:31:43.489Z"}}