{"algorithm":"OpenAPSSMBDynamicISFPlugin","input":{"glucoseStatus":{"glucose":151,"noise":0,"delta":17,"short_avgdelta":17.22,"long_avgdelta":12.51,"date":1704453000000},"currenttemp":{"temp":"absolute","duration":25,"rate":0.8,"minutesrunning":5},"iob_data":[{"iob":0.096,"basaliob":-0.151,"bolussnooze":0,"activity":-0.0014,"lastBolusTime":1704452802638,"time":"2024-01-05T11:11:25.010Z","iobWithZeroTemp":{"iob":0.096,"basaliob":-0.151,"bolussnooze":0,"activity":-0.0014,"lastBolusTime":1704452802638,"time":"2024-01-05T11:11:25.010Z"}},{"iob":0.103,"basaliob":-0.14,"bolussnooze":0,"activity":-9.0E-4,"lastBolusTime":1704452802638,"time":"2024-01-05T11:16:25.010Z","iobWithZeroTemp":{"iob":0.079,"basaliob":-0.164,"bolussnooze":0,"activity":-9.0E-4,"lastBolusTime":1704452802638,"time":"2024-01-05T11:16:25.010Z"}},{"iob":0.105,"basaliob":-0.131,"bolussnooze":0,"activity":-5.0E-4,"lastBolusTime":1704452802638,"time":"2024-01-05T11:21:25.010Z","iobWithZeroTemp":{"iob":0.051,"basaliob":-0.185,"bolussnooze":0,"activity":-6.0E-4,"lastBolusTime":1704452802638,"time":"2024-01-05T11:21:25.010Z"}},{"iob":0.107,"basaliob":-0.121,"bolussnooze":0,"activity":-1.0E-4,"lastBolusTime":1704452802638,"time":"2024-01-05T11:26:25.010Z","iobWithZeroTemp":{"iob":0.024,"basaliob":-0.204,"bolussnooze":0,"activity":-3.0E-4,"lastBolusTime":1704452802638,"time":"2024-01-05T11:26:25.010Z"}},{"iob":0.107,"basaliob":-0.112,"bolussnooze":0,"activity":2.0E-4,"lastBolusTime":1704452802638,"time":"2024-01-05T11:31:25.010Z","iobWithZeroTemp":{"iob":-0.004,"basaliob":-0.223,"bolussnooze":0,"activity":-2.0E-4,"lastBolusTime":1704452802638,"time":"2024-01-05T11:31:25.010Z"}},{"iob":0.106,"basaliob":-0.104,"bolussnooze":0,"activity":4.0E-4,"lastBolusTime":1704452802638,"time":"2024-01-05T11:36:25.010Z","iobWithZeroTemp":{"iob":-0.033,"basaliob":-0.243,"bolussnooze":0,"activity":-2.0E-4,"lastBolusTime":1704452802638,"time":"2024-01-05T11:36:25.010Z"}},{"iob":0.104,"basaliob":-0.096,"bolussnooze":0,"activity":5.0E-4,"lastBolusTime":1704452802638,"time":"2024-01-05T11:41:25.010Z","iobWithZeroTemp":{"iob":-0.061,"basaliob":-0.261,"bolussnooze":0,"activity":-3.0E-4,"lastBolusTime":1704452802638,"time":"2024-01-05T11:41:25.010Z"}},{"iob":0.101,"basaliob":-0.089,"bolussnooze":0,"activity":7.0E-4,"lastBolusTime":1704452802638,"time":"2024-01-05T11:46:25.010Z","iobWithZeroTemp":{"iob":-0.089,"basaliob":-0.279,"bolussnooze":0,"activity":-4.0E-4,"lastBolusTime":1704452802638,"time":"2024-01-05T11:46:25.010Z"}},{"iob":0.097,"basaliob":-0.082,"bolussnooze":0,"activity":8.0E-4,"lastBolusTime":1704452802638,"time":"2024-01-05T11:51:25.010Z","iobWithZeroTemp":{"iob":-0.117,"basaliob":-0.296,"bolussnooze":0,"activity":-5.0E-4,"lastBolusTime":1704452802638,"time":"2024-01-05T11:51:25.010Z"}},{"iob":0.094,"basaliob":-0.075,"bolussnooze":0,"activity":8.0E-4,"lastBolusTime":1704452802638,"time":"2024-01-05T11:56:25.010Z","iobWithZeroTemp":{"iob":-0.143,"basaliob":-0.312,"bolussnooze":0,"activity":-8.0E-4,"lastBolusTime":1704452802638,"time":"2024-01-05T11:56:25.010Z"}},{"iob":0.09,"basaliob":-0.069,"bolussnooze":0,"activity":8.0E-4,"lastBolusTime":1704452802638,"time":"2024-01-05T12:01:25.010Z","iobWithZeroTemp":{"iob":-0.169,"basaliob":-0.328,"bolussnooze":0,"activity":-0.001,"lastBolusTime":1704452802638,"time":"2024-01-05T12:01:25.010Z"}},{"iob":0.086,"basaliob":-0.063,"bolussnooze":0,"activity":9.0E-4,"lastBolusTime":1704452802638,"time":"2024-01-05T12:06:25.010Z","iobWithZeroTemp":{"iob":-0.192,"basaliob":-0.341,"bolussnooze":0,"activity":-0.0012,"lastBolusTime":1704452802638,"time":"2024-01-05T12:06:25.010Z"}},{"iob":0.081,"basaliob":-0.058,"bolussnooze":0,"activity":9.0E-4,"lastBolusTime":1704452802638,"time":"2024-01-05T12:11:25.010Z","iobWithZeroTemp":{"iob":-0.216,"basaliob":-0.355,"bolussnooze":0,"activity":-0.0014,"lastBolusTime":1704452802638,"time":"2024-01-05T12:11:25.010Z"}},{"iob":0.076,"basaliob":-0.053,"bolussnooze":0,"activity":9.0E-4,"lastBolusTime":1704452802638,"time":"2024-01-05T12:16:25.010Z","iobWithZeroTemp":{"iob":-0.238,"basaliob":-0.367,"bolussnooze":0,"activity":-0.0016,"lastBolusTime":1704452802638,"time":"2024-01-05T12:16:25.010Z"}},{"iob":0.072,"basaliob":-0.049,"bolussnooze":0,"activity":9.0E-4,"lastBolusTime":1704452802638,"time":"2024-01-05T12:21:25.010Z","iobWithZeroTemp":{"iob":-0.258,"basaliob":-0.379,"bolussnooze":0,"activity":-0.0019,"lastBolusTime":1704452802638,"time":"2024-01-05T12:21:25.010Z"}},{"iob":0.068,"basaliob":-0.044,"bolussnooze":0,"activity":9.0E-4,"lastBolusTime":1704452802638,"time":"2024-01-05T12:26:25.010Z","iobWithZeroTemp":{"iob":-0.277,"basaliob":-0.389,"bolussnooze":0,"activity":-0.0021,"lastBolusTime":1704452802638,"time":"2024-01-05T12:26:25.010Z"}},{"iob":0.063,"basaliob":-0.041,"bolussnooze":0,"activity":9.0E-4,"lastBolusTime":1704452802638,"time":"2024-01-05T12:31:25.010Z","iobWithZeroTemp":{"iob":-0.295,"basaliob":-0.399,"bolussnooze":0,"activity":-0.0023,"lastBolusTime":1704452802638,"time":"2024-01-05T12:31:25.010Z"}},{"iob":0.059,"basaliob":-0.037,"bolussnooze":0,"activity":8.0E-4,"lastBolusTime":1704452802638,"time":"2024-01-05T12:36:25.010Z","iobWithZeroTemp":{"iob":-0.312,"basaliob":-0.408,"bolussnooze":0,"activity":-0.0026,"lastBolusTime":1704452802638,"time":"2024-01-05T12:36:25.010Z"}},{"iob":0.055,"basaliob":-0.034,"bolussnooze":0,"activity":8.0E-4,"lastBolusTime":1704452802638,"time":"2024-01-05T12:41:25.010Z","iobWithZeroTemp":{"iob":-0.328,"basaliob":-0.417,"bolussnooze":0,"activity":-0.0028,"lastBolusTime":1704452802638,"time":"2024-01-05T12:41:25.010Z"}},{"iob":0.051,"basaliob":-0.031,"bolussnooze":0,"activity":7.0E-4,"lastBolusTime":1704452802638,"time":"2024-01-05T12:46:25.010Z","iobWithZeroTemp":{"iob":-0.343,"basaliob":-0.425,"bolussnooze":0,"activity":-0.003,"lastBolusTime":1704452802638,"time":"2024-01-05T12:46:25.010Z"}},{"iob":0.048,"basaliob":-0.028,"bolussnooze":0,"activity":7.0E-4,"lastBolusTime":1704452802638,"time":"2024-01-05T12:51:25.010Z","iobWithZeroTemp":{"iob":-0.356,"basaliob":-0.432,"bolussnooze":0,"activity":-0.0032,"lastBolusTime":1704452802638,"time":"2024-01-05T12:51:25.010Z"}},{"iob":0.045,"basaliob":-0.025,"bolussnooze":0,"activity":7.0E-4,"lastBolusTime":1704452802638,"time":"2024-01-05T12:56:25.010Z","iobWithZeroTemp":{"iob":-0.369,"basaliob":-0.439,"bolussnooze":0,"activity":-0.0034,"lastBolusTime":1704452802638,"time":"2024-01-05T12:56:25.010Z"}},{"iob":0.041,"basaliob":-0.023,"bolussnooze":0,"activity":7.0E-4,"lastBolusTime":1704452802638,"time":"2024-01-05T13:01:25.010Z","iobWithZeroTemp":{"iob":-0.381,"basaliob":-0.445,"bolussnooze":0,"activity":-0.0035,"lastBolusTime":1704452802638,"time":"2024-01-05T13:01:25.010Z"}},{"iob":0.038,"basaliob":-0.021,"bolussnooze":0,"activity":6.0E-4,"lastBolusTime":1704452802638,"time":"2024-01-05T13:06:25.010Z","iobWithZeroTemp":{"iob":-0.392,"basaliob":-0.451,"bolussnooze":0,"activity":-0.0037,"lastBolusTime":1704452802638,"time":"2024-01-05T13:06:25.010Z"}},{"iob":0.035,"basaliob":-0.019,"bolussnooze":0,"activity":5.0E-4,"lastBolusTime":1704452802638,"time":"2024-01-05T13:11:25.010Z","iobWithZeroTemp":{"iob":-0.402,"basaliob":-0.456,"bolussnooze":0,"activity":-0.004,"lastBolusTime":1704452802638,"time":"2024-01-05T13:11:25.010Z"}},{"iob":0.032,"basaliob":-0.017,"bolussnooze":0,"activity":6.0E-4,"lastBolusTime":1704452802638,"time":"2024-01-05T13:16:25.010Z","iobWithZeroTemp":{"iob":-0.412,"basaliob":-0.461,"bolussnooze":0,"activity":-0.004,"lastBolusTime":1704452802638,"time":"2024-01-05T13:16:25.010Z"}},{"iob":0.03,"basaliob":-0.015,"bolussnooze":0,"activity":5.0E-4,"lastBolusTime":1704452802638,"time":"2024-01-05T13:21:25.010Z","iobWithZeroTemp":{"iob":-0.42,"basaliob":-0.465,"bolussnooze":0,"activity":-0.0042,"lastBolusTime":1704452802638,"time":"2024-01-05T13:21:25.010Z"}},{"iob":0.027,"basaliob":-0.014,"bolussnooze":0,"activity":4.0E-4,"lastBolusTime":1704452802638,"time":"2024-01-05T13:26:25.010Z","iobWithZeroTemp":{"iob":-0.428,"basaliob":-0.469,"bolussnooze":0,"activity":-0.0044,"lastBolusTime":1704452802638,"time":"2024-01-05T13:26:25.010Z"}},{"iob":0.025,"basaliob":-0.013,"bolussnooze":0,"activity":4.0E-4,"lastBolusTime":1704452802638,"time":"2024-01-05T13:31:25.010Z","iobWithZeroTemp":{"iob":-0.435,"basaliob":-0.473,"bolussnooze":0,"activity":-0.0045,"lastBolusTime":1704452802638,"time":"2024-01-05T13:31:25.010Z"}},{"iob":0.023,"basaliob":-0.011,"bolussnooze":0,"activity":4.0E-4,"lastBolusTime":1704452802638,"time":"2024-01-05T13:36:25.010Z","iobWithZeroTemp":{"iob":-0.442,"basaliob":-0.476,"bolussnooze":0,"activity":-0.0046,"lastBolusTime":1704452802638,"time":"2024-01-05T13:36:25.010Z"}},{"iob":0.021,"basaliob":-0.01,"bolussnooze":0,"activity":4.0E-4,"lastBolusTime":1704452802638,"time":"2024-01-05T13:41:25.010Z","iobWithZeroTemp":{"iob":-0.448,"basaliob":-0.479,"bolussnooze":0,"activity":-0.0046,"lastBolusTime":1704452802638,"time":"2024-01-05T13:41:25.010Z"}},{"iob":0.019,"basaliob":-0.009,"bolussnooze":0,"activity":3.0E-4,"lastBolusTime":1704452802638,"time":"2024-01-05T13:46:25.010Z","iobWithZeroTemp":{"iob":-0.453,"basaliob":-0.481,"bolussnooze":0,"activity":-0.0048,"lastBolusTime":1704452802638,"time":"2024-01-05T13:46:25.010Z"}},{"iob":0.018,"basaliob":-0.008,"bolussnooze":0,"activity":3.0E-4,"lastBolusTime":1704452802638,"time":"2024-01-05T13:51:25.010Z","iobWithZeroTemp":{"iob":-0.458,"basaliob":-0.484,"bolussnooze":0,"activity":-0.0049,"lastBolusTime":1704452802638,"time":"2024-01-05T13:51:25.010Z"}},{"iob":0.017,"basaliob":-0.007,"bolussnooze":0,"activity":3.0E-4,"lastBolusTime":1704452802638,"time":"2024-01-05T13:56:25.010Z","iobWithZeroTemp":{"iob":-0.462,"basaliob":-0.486,"bolussnooze":0,"activity":-0.0049,"lastBolusTime":1704452802638,"time":"2024-01-05T13:56:25.010Z"}},{"iob":0.014,"basaliob":-0.007,"bolussnooze":0,"activity":3.0E-4,"lastBolusTime":1704452802638,"time":"2024-01-05T14:01:25.010Z","iobWithZeroTemp":{"iob":-0.468,"basaliob":-0.489,"bolussnooze":0,"activity":-0.005,"lastBolusTime":1704452802638,"time":"2024-01-05T14:01:25.010Z"}},{"iob":0.013,"basaliob":-0.006,"bolussnooze":0,"activity":3.0E-4,"lastBolusTime":1704452802638,"time":"2024-01-05T14:06:25.010Z","iobWithZeroTemp":{"iob":-0.472,"basaliob":-0.491,"bolussnooze":0,"activity":-0.005,"lastBolusTime":1704452802638,"time":"2024-01-05T14:06:25.010Z"}},{"iob":0.013,"basaliob":-0.005,"bolussnooze":0,"activity":2.0E-4,"lastBolusTime":1704452802638,"time":"2024-01-05T14:11:25.010Z","iobWithZeroTemp":{"iob":-0.475,"basaliob":-0.493,"bolussnooze":0,"activity":-0.0052,"lastBolusTime":1704452802638,"time":"2024-01-05T14:11:25.010Z"}},{"iob":0.011,"basaliob":-0.005,"bolussnooze":0,"activity":2.0E-4,"lastBolusTime":1704452802638,"time":"2024-01-05T14:16:25.010Z","iobWithZeroTemp":{"iob":-0.48,"basaliob":-0.496,"bolussnooze":0,"activity":-0.0052,"lastBolusTime":1704452802638,"time":"2024-01-05T14:16:25.010Z"}},{"iob":0.01,"basaliob":-0.004,"bolussnooze":0,"activity":2.0E-4,"lastBolusTime":1704452802638,"time":"2024-01-05T14:21:25.010Z","iobWithZeroTemp":{"iob":-0.484,"basaliob":-0.498,"bolussnooze":0,"activity":-0.0053,"lastBolusTime":1704452802638,"time":"2024-01-05T14:21:25.010Z"}},{"iob":0.009,"basaliob":-0.004,"bolussnooze":0,"activity":2.0E-4,"lastBolusTime":1704452802638,"time":"2024-01-05T14:26:25.010Z","iobWithZeroTemp":{"iob":-0.487,"basaliob":-0.5,"bolussnooze":0,"activity":-0.0053,"lastBolusTime":1704452802638,"time":"2024-01-05T14:26:25.010Z"}},{"iob":0.009,"basaliob":-0.003,"bolussnooze":0,"activity":1.0E-4,"lastBolusTime":1704452802638,"time":"2024-01-05T14:31:25.010Z","iobWithZeroTemp":{"iob":-0.49,"basaliob":-0.502,"bolussnooze":0,"activity":-0.0054,"lastBolusTime":1704452802638,"time":"2024-01-05T14:31:25.010Z"}},{"iob":0.008,"basaliob":-0.003,"bolussnooze":0,"activity":1.0E-4,"lastBolusTime":1704452802638,"time":"2024-01-05T14:36:25.010Z","iobWithZeroTemp":{"iob":-0.493,"basaliob":-0.504,"bolussnooze":0,"activity":-0.0055,"lastBolusTime":1704452802638,"time":"2024-01-05T14:36:25.010Z"}},{"iob":0.007,"basaliob":-0.003,"bolussnooze":0,"activity":1.0E-4,"lastBolusTime":1704452802638,"time":"2024-01-05T14:41:25.010Z","iobWithZeroTemp":{"iob":-0.496,"basaliob":-0.506,"bolussnooze":0,"activity":-0.0055,"lastBolusTime":1704452802638,"time":"2024-01-05T14:41:25.010Z"}},{"iob":0.007,"basaliob":-0.002,"bolussnooze":0,"activity":1.0E-4,"lastBolusTime":1704452802638,"time":"2024-01-05T14:46:25.010Z","iobWithZeroTemp":{"iob":-0.497,"basaliob":-0.506,"bolussnooze":0,"activity":-0.0055,"lastBolusTime":1704452802638,"time":"2024-01-05T14:46:25.010Z"}},{"iob":0.006,"basaliob":-0.002,"bolussnooze":0,"activity":1.0E-4,"lastBolusTime":1704452802638,"time":"2024-01-05T14:51:25.010Z","iobWithZeroTemp":{"iob":-0.5,"basaliob":-0.508,"bolussnooze":0,"activity":-0.0056,"lastBolusTime":1704452802638,"time":"2024-01-05T14:51:25.010Z"}},{"iob":0.005,"basaliob":-0.002,"bolussnooze":0,"activity":1.0E-4,"lastBolusTime":1704452802638,"time":"2024-01-05T14:56:25.010Z","iobWithZeroTemp":{"iob":-0.502,"basaliob":-0.509,"bolussnooze":0,"activity":-0.0056,"lastBolusTime":1704452802638,"time":"2024-01-05T14:56:25.010Z"}},{"iob":0.004,"basaliob":-0.002,"bolussnooze":0,"activity":1.0E-4,"lastBolusTime":1704452802638,"time":"2024-01-05T15:01:25.010Z","iobWithZeroTemp":{"iob":-0.505,"basaliob":-0.511,"bolussnooze":0,"activity":-0.0056,"lastBolusTime":1704452802638,"time":"2024-01-05T15:01:25.010Z"}},{"iob":0.004,"basaliob":-0.002,"bolussnooze":0,"activity":1.0E-4,"lastBolusTime":1704452802638,"time":"2024-01-05T15:06:25.010Z","iobWithZeroTemp":{"iob":-0.506,"basaliob":-0.512,"bolussnooze":0,"activity":-0.0057,"lastBolusTime":1704452802638,"time":"2024-01-05T15:06:25.010Z"}}],"profile":{"max_iob":10,"type":"current","max_daily_basal":0.391,"max_basal":1.15,"min_bg":144,"max_bg":144,"target_bg":144,"carb_ratio":11.244890705526924,"sens":153.96499999999997,"max_daily_safety_multiplier":3,"current_basal_safety_multiplier":4,"lgsThreshold":69,"high_temptarget_raises_sensitivity":false,"low_temptarget_lowers_sensitivity":false,"sensitivity_raises_target":false,"resistance_lowers_target":false,"adv_target_adjustments":false,"exercise_mode":false,"half_basal_exercise_target":160,"maxCOB":120,"skip_neutral_temps":false,"remainingCarbsCap":90,"enableUAM":true,"A52_risk_enable":false,"SMBInterval":3,"enableSMB_with_COB":false,"enableSMB_with_temptarget":false,"allowSMB_with_high_temptarget":false,"enableSMB_always":false,"enableSMB_after_carbs":false,"maxSMBBasalMinutes":30,"maxUAMSMBBasalMinutes":30,"bolus_increment":0.05,"carbsReqThreshold":1,"current_basal":0.36,"temptargetSet":true,"autosens_max":1.2,"autosens_min":0.7,"variable_sens":257.7,"insulinDivisor":75,"TDD":6.331677793333335},"autosens_data":{"ratio":0.4901531986975002},"meal_data":{"carbs":0,"mealCOB":0,"slopeFromMaxDeviation":0,"slopeFromMinDeviation":2.7109090909090905,"lastBolusTime":1704452802638,"lastCarbTime":0},"microBolusAllowed":false,"currentTime":1704453088293,"flatBGsDetected":false,"tdd1D":8.32800000000001,"tdd7D":16.942322023809517,"tddLast24H":8.30433333333334,"tddLast4H":1.3675,"tddLast8to4H":1.519500000000001},"output":{"temp":"absolute","bg":151,"tick":"+17","eventualBG":255,"targetBG":144,"insulinReq":0.36,"deliverAt":"2024-01-05T11:11:28.293Z","sensitivityRatio":0.4901531986975002,"variable_sens":257.7,"predBGs":{"IOB":[151,167,180,192,203,211,219,224,229,232,233,234,233,232,231,230,229,228,228,227,226,225,225,224,223,223,222,222,221,221,220,220,220,219,219,219,218,218,218,218,218,218,217],"ZT":[151,153,154,155,155,155,156,156,156],"UAM":[151,167,182,195,206,217,226,235,242,248,253,258,261,264,266,267,266,266,265,264,263,263,262,262,261,260,260,259,259,259,258,258,258,257,257,257,256,256,256,256,256,256,255]},"reason":"COB: 0, Dev: 91, BGI: 2, ISF: 258, CR: 11.24, Target: 144, minPredBG 236, minGuardBG 167, IOBpredBG 217, UAMpredBG 255; Eventual BG 255 >= 144, temp 0.80 < 0.9U\/hr.  25m left and 0.8 ~ req 0.8964551515311U\/hr: no temp required","COB":0,"IOB":0.096,"timestamp":"2024-01-05T11:11:28.321Z"}}