{"algorithm":"OpenAPSSMBDynamicISFPlugin","input":{"glucoseStatus":{"glucose":186,"noise":0,"delta":9,"short_avgdelta":11.94,"long_avgdelta":11.98,"date":1704461100000},"currenttemp":{"temp":"absolute","duration":15,"rate":1.15,"minutesrunning":15},"iob_data":[{"iob":0.187,"basaliob":0.146,"bolussnooze":0,"activity":1.0E-4,"lastBolusTime":1704452802638,"time":"2024-01-05T13:26:26.576Z","iobWithZeroTemp":{"iob":0.187,"basaliob":0.146,"bolussnooze":0,"activity":1.0E-4,"lastBolusTime":1704452802638,"time":"2024-01-05T13:26:26.576Z"}},{"iob":0.185,"basaliob":0.147,"bolussnooze":0,"activity":6.0E-4,"lastBolusTime":1704452802638,"time":"2024-01-05T13:31:26.576Z","iobWithZeroTemp":{"iob":0.162,"basaliob":0.124,"bolussnooze":0,"activity":6.0E-4,"lastBolusTime":1704452802638,"time":"2024-01-05T13:31:26.576Z"}},{"iob":0.181,"basaliob":0.147,"bolussnooze":0,"activity":8.0E-4,"lastBolusTime":1704452802638,"time":"2024-01-05T13:36:26.576Z","iobWithZeroTemp":{"iob":0.129,"basaliob":0.095,"bolussnooze":0,"activity":7.0E-4,"lastBolusTime":1704452802638,"time":"2024-01-05T13:36:26.576Z"}},{"iob":0.176,"basaliob":0.145,"bolussnooze":0,"activity":0.0011,"lastBolusTime":1704452802638,"time":"2024-01-05T13:41:26.576Z","iobWithZeroTemp":{"iob":0.096,"basaliob":0.065,"bolussnooze":0,"activity":9.0E-4,"lastBolusTime":1704452802638,"time":"2024-01-05T13:41:26.576Z"}},{"iob":0.17,"basaliob":0.142,"bolussnooze":0,"activity":0.0012,"lastBolusTime":1704452802638,"time":"2024-01-05T13:46:26.576Z","iobWithZeroTemp":{"iob":0.062,"basaliob":0.034,"bolussnooze":0,"activity":8.0E-4,"lastBolusTime":1704452802638,"time":"2024-01-05T13:46:26.576Z"}},{"iob":0.164,"basaliob":0.138,"bolussnooze":0,"activity":0.0014,"lastBolusTime":1704452802638,"time":"2024-01-05T13:51:26.576Z","iobWithZeroTemp":{"iob":0.03,"basaliob":0.004,"bolussnooze":0,"activity":8.0E-4,"lastBolusTime":1704452802638,"time":"2024-01-05T13:51:26.576Z"}},{"iob":0.157,"basaliob":0.133,"bolussnooze":0,"activity":0.0015,"lastBolusTime":1704452802638,"time":"2024-01-05T13:56:26.576Z","iobWithZeroTemp":{"iob":-0.003,"basaliob":-0.027,"bolussnooze":0,"activity":7.0E-4,"lastBolusTime":1704452802638,"time":"2024-01-05T13:56:26.576Z"}},{"iob":0.149,"basaliob":0.128,"bolussnooze":0,"activity":0.0015,"lastBolusTime":1704452802638,"time":"2024-01-05T14:01:26.576Z","iobWithZeroTemp":{"iob":-0.035,"basaliob":-0.056,"bolussnooze":0,"activity":5.0E-4,"lastBolusTime":1704452802638,"time":"2024-01-05T14:01:26.576Z"}},{"iob":0.141,"basaliob":0.122,"bolussnooze":0,"activity":0.0016,"lastBolusTime":1704452802638,"time":"2024-01-05T14:06:26.576Z","iobWithZeroTemp":{"iob":-0.068,"basaliob":-0.087,"bolussnooze":0,"activity":3.0E-4,"lastBolusTime":1704452802638,"time":"2024-01-05T14:06:26.576Z"}},{"iob":0.134,"basaliob":0.116,"bolussnooze":0,"activity":0.0015,"lastBolusTime":1704452802638,"time":"2024-01-05T14:11:26.576Z","iobWithZeroTemp":{"iob":-0.097,"basaliob":-0.115,"bolussnooze":0,"activity":0,"lastBolusTime":1704452802638,"time":"2024-01-05T14:11:26.576Z"}},{"iob":0.126,"basaliob":0.11,"bolussnooze":0,"activity":0.0015,"lastBolusTime":1704452802638,"time":"2024-01-05T14:16:26.576Z","iobWithZeroTemp":{"iob":-0.127,"basaliob":-0.143,"bolussnooze":0,"activity":-3.0E-4,"lastBolusTime":1704452802638,"time":"2024-01-05T14:16:26.576Z"}},{"iob":0.118,"basaliob":0.104,"bolussnooze":0,"activity":0.0015,"lastBolusTime":1704452802638,"time":"2024-01-05T14:21:26.576Z","iobWithZeroTemp":{"iob":-0.156,"basaliob":-0.17,"bolussnooze":0,"activity":-5.0E-4,"lastBolusTime":1704452802638,"time":"2024-01-05T14:21:26.576Z"}},{"iob":0.111,"basaliob":0.098,"bolussnooze":0,"activity":0.0015,"lastBolusTime":1704452802638,"time":"2024-01-05T14:26:26.576Z","iobWithZeroTemp":{"iob":-0.182,"basaliob":-0.195,"bolussnooze":0,"activity":-8.0E-4,"lastBolusTime":1704452802638,"time":"2024-01-05T14:26:26.576Z"}},{"iob":0.104,"basaliob":0.092,"bolussnooze":0,"activity":0.0014,"lastBolusTime":1704452802638,"time":"2024-01-05T14:31:26.576Z","iobWithZeroTemp":{"iob":-0.207,"basaliob":-0.219,"bolussnooze":0,"activity":-0.0011,"lastBolusTime":1704452802638,"time":"2024-01-05T14:31:26.576Z"}},{"iob":0.097,"basaliob":0.086,"bolussnooze":0,"activity":0.0013,"lastBolusTime":1704452802638,"time":"2024-01-05T14:36:26.576Z","iobWithZeroTemp":{"iob":-0.231,"basaliob":-0.242,"bolussnooze":0,"activity":-0.0014,"lastBolusTime":1704452802638,"time":"2024-01-05T14:36:26.576Z"}},{"iob":0.09,"basaliob":0.08,"bolussnooze":0,"activity":0.0013,"lastBolusTime":1704452802638,"time":"2024-01-05T14:41:26.576Z","iobWithZeroTemp":{"iob":-0.254,"basaliob":-0.264,"bolussnooze":0,"activity":-0.0016,"lastBolusTime":1704452802638,"time":"2024-01-05T14:41:26.576Z"}},{"iob":0.084,"basaliob":0.075,"bolussnooze":0,"activity":0.0013,"lastBolusTime":1704452802638,"time":"2024-01-05T14:46:26.576Z","iobWithZeroTemp":{"iob":-0.274,"basaliob":-0.283,"bolussnooze":0,"activity":-0.0019,"lastBolusTime":1704452802638,"time":"2024-01-05T14:46:26.576Z"}},{"iob":0.077,"basaliob":0.069,"bolussnooze":0,"activity":0.0012,"lastBolusTime":1704452802638,"time":"2024-01-05T14:51:26.576Z","iobWithZeroTemp":{"iob":-0.295,"basaliob":-0.303,"bolussnooze":0,"activity":-0.0022,"lastBolusTime":1704452802638,"time":"2024-01-05T14:51:26.576Z"}},{"iob":0.071,"basaliob":0.064,"bolussnooze":0,"activity":0.0011,"lastBolusTime":1704452802638,"time":"2024-01-05T14:56:26.576Z","iobWithZeroTemp":{"iob":-0.313,"basaliob":-0.32,"bolussnooze":0,"activity":-0.0024,"lastBolusTime":1704452802638,"time":"2024-01-05T14:56:26.576Z"}},{"iob":0.066,"basaliob":0.06,"bolussnooze":0,"activity":0.001,"lastBolusTime":1704452802638,"time":"2024-01-05T15:01:26.576Z","iobWithZeroTemp":{"iob":-0.33,"basaliob":-0.336,"bolussnooze":0,"activity":-0.0027,"lastBolusTime":1704452802638,"time":"2024-01-05T15:01:26.576Z"}},{"iob":0.061,"basaliob":0.055,"bolussnooze":0,"activity":0.001,"lastBolusTime":1704452802638,"time":"2024-01-05T15:06:26.576Z","iobWithZeroTemp":{"iob":-0.346,"basaliob":-0.352,"bolussnooze":0,"activity":-0.0029,"lastBolusTime":1704452802638,"time":"2024-01-05T15:06:26.576Z"}},{"iob":0.056,"basaliob":0.051,"bolussnooze":0,"activity":9.0E-4,"lastBolusTime":1704452802638,"time":"2024-01-05T15:11:26.576Z","iobWithZeroTemp":{"iob":-0.36,"basaliob":-0.365,"bolussnooze":0,"activity":-0.0032,"lastBolusTime":1704452802638,"time":"2024-01-05T15:11:26.576Z"}},{"iob":0.051,"basaliob":0.047,"bolussnooze":0,"activity":9.0E-4,"lastBolusTime":1704452802638,"time":"2024-01-05T15:16:26.576Z","iobWithZeroTemp":{"iob":-0.374,"basaliob":-0.378,"bolussnooze":0,"activity":-0.0033,"lastBolusTime":1704452802638,"time":"2024-01-05T15:16:26.576Z"}},{"iob":0.047,"basaliob":0.043,"bolussnooze":0,"activity":8.0E-4,"lastBolusTime":1704452802638,"time":"2024-01-05T15:21:26.576Z","iobWithZeroTemp":{"iob":-0.386,"basaliob":-0.39,"bolussnooze":0,"activity":-0.0035,"lastBolusTime":1704452802638,"time":"2024-01-05T15:21:26.576Z"}},{"iob":0.044,"basaliob":0.04,"bolussnooze":0,"activity":8.0E-4,"lastBolusTime":1704452802638,"time":"2024-01-05T15:26:26.576Z","iobWithZeroTemp":{"iob":-0.397,"basaliob":-0.401,"bolussnooze":0,"activity":-0.0037,"lastBolusTime":1704452802638,"time":"2024-01-05T15:26:26.576Z"}},{"iob":0.04,"basaliob":0.037,"bolussnooze":0,"activity":7.0E-4,"lastBolusTime":1704452802638,"time":"2024-01-05T15:31:26.576Z","iobWithZeroTemp":{"iob":-0.407,"basaliob":-0.41,"bolussnooze":0,"activity":-0.0039,"lastBolusTime":1704452802638,"time":"2024-01-05T15:31:26.576Z"}},{"iob":0.037,"basaliob":0.034,"bolussnooze":0,"activity":7.0E-4,"lastBolusTime":1704452802638,"time":"2024-01-05T15:36:26.576Z","iobWithZeroTemp":{"iob":-0.417,"basaliob":-0.42,"bolussnooze":0,"activity":-0.004,"lastBolusTime":1704452802638,"time":"2024-01-05T15:36:26.576Z"}},{"iob":0.034,"basaliob":0.031,"bolussnooze":0,"activity":6.0E-4,"lastBolusTime":1704452802638,"time":"2024-01-05T15:41:26.576Z","iobWithZeroTemp":{"iob":-0.425,"basaliob":-0.428,"bolussnooze":0,"activity":-0.0042,"lastBolusTime":1704452802638,"time":"2024-01-05T15:41:26.576Z"}},{"iob":0.03,"basaliob":0.028,"bolussnooze":0,"activity":6.0E-4,"lastBolusTime":1704452802638,"time":"2024-01-05T15:46:26.576Z","iobWithZeroTemp":{"iob":-0.435,"basaliob":-0.437,"bolussnooze":0,"activity":-0.0043,"lastBolusTime":1704452802638,"time":"2024-01-05T15:46:26.576Z"}},{"iob":0.028,"basaliob":0.026,"bolussnooze":0,"activity":5.0E-4,"lastBolusTime":1704452802638,"time":"2024-01-05T15:51:26.576Z","iobWithZeroTemp":{"iob":-0.441,"basaliob":-0.443,"bolussnooze":0,"activity":-0.0045,"lastBolusTime":1704452802638,"time":"2024-01-05T15:51:26.576Z"}},{"iob":0.026,"basaliob":0.024,"bolussnooze":0,"activity":4.0E-4,"lastBolusTime":1704452802638,"time":"2024-01-05T15:56:26.576Z","iobWithZeroTemp":{"iob":-0.448,"basaliob":-0.45,"bolussnooze":0,"activity":-0.0047,"lastBolusTime":1704452802638,"time":"2024-01-05T15:56:26.576Z"}},{"iob":0.024,"basaliob":0.022,"bolussnooze":0,"activity":4.0E-4,"lastBolusTime":1704452802638,"time":"2024-01-05T16:01:26.576Z","iobWithZeroTemp":{"iob":-0.454,"basaliob":-0.456,"bolussnooze":0,"activity":-0.0047,"lastBolusTime":1704452802638,"time":"2024-01-05T16:01:26.576Z"}},{"iob":0.021,"basaliob":0.02,"bolussnooze":0,"activity":4.0E-4,"lastBolusTime":1704452802638,"time":"2024-01-05T16:06:26.576Z","iobWithZeroTemp":{"iob":-0.459,"basaliob":-0.46,"bolussnooze":0,"activity":-0.0048,"lastBolusTime":1704452802638,"time":"2024-01-05T16:06:26.576Z"}},{"iob":0.019,"basaliob":0.018,"bolussnooze":0,"activity":3.0E-4,"lastBolusTime":1704452802638,"time":"2024-01-05T16:11:26.576Z","iobWithZeroTemp":{"iob":-0.463,"basaliob":-0.464,"bolussnooze":0,"activity":-0.005,"lastBolusTime":1704452802638,"time":"2024-01-05T16:11:26.576Z"}},{"iob":0.017,"basaliob":0.016,"bolussnooze":0,"activity":3.0E-4,"lastBolusTime":1704452802638,"time":"2024-01-05T16:16:26.576Z","iobWithZeroTemp":{"iob":-0.466,"basaliob":-0.467,"bolussnooze":0,"activity":-0.005,"lastBolusTime":1704452802638,"time":"2024-01-05T16:16:26.576Z"}},{"iob":0.016,"basaliob":0.015,"bolussnooze":0,"activity":3.0E-4,"lastBolusTime":1704452802638,"time":"2024-01-05T16:21:26.576Z","iobWithZeroTemp":{"iob":-0.468,"basaliob":-0.469,"bolussnooze":0,"activity":-0.0051,"lastBolusTime":1704452802638,"time":"2024-01-05T16:21:26.576Z"}},{"iob":0.015,"basaliob":0.014,"bolussnooze":0,"activity":3.0E-4,"lastBolusTime":1704452802638,"time":"2024-01-05T16:26:26.576Z","iobWithZeroTemp":{"iob":-0.471,"basaliob":-0.472,"bolussnooze":0,"activity":-0.0051,"lastBolusTime":1704452802638,"time":"2024-01-05T16:26:26.576Z"}},{"iob":0.013,"basaliob":0.012,"bolussnooze":0,"activity":2.0E-4,"lastBolusTime":1704452802638,"time":"2024-01-05T16:31:26.576Z","iobWithZeroTemp":{"iob":-0.473,"basaliob":-0.474,"bolussnooze":0,"activity":-0.0052,"lastBolusTime":1704452802638,"time":"2024-01-05T16:31:26.576Z"}},{"iob":0.012,"basaliob":0.011,"bolussnooze":0,"activity":2.0E-4,"lastBolusTime":1704452802638,"time":"2024-01-05T16:36:26.576Z","iobWithZeroTemp":{"iob":-0.475,"basaliob":-0.476,"bolussnooze":0,"activity":-0.0053,"lastBolusTime":1704452802638,"time":"2024-01-05T16:36:26.576Z"}},{"iob":0.011,"basaliob":0.01,"bolussnooze":0,"activity":2.0E-4,"lastBolusTime":1704452802638,"time":"2024-01-05T16:41:26.576Z","iobWithZeroTemp":{"iob":-0.477,"basaliob":-0.478,"bolussnooze":0,"activity":-0.0053,"lastBolusTime":1704452802638,"time":"2024-01-05T16:41:26.576Z"}},{"iob":0.009,"basaliob":0.009,"bolussnooze":0,"activity":2.0E-4,"lastBolusTime":1704452802638,"time":"2024-01-05T16:46:26.576Z","iobWithZeroTemp":{"iob":-0.479,"basaliob":-0.479,"bolussnooze":0,"activity":-0.0053,"lastBolusTime":1704452802638,"time":"2024-01-05T16:46:26.576Z"}},{"iob":0.008,"basaliob":0.008,"bolussnooze":0,"activity":2.0E-4,"lastBolusTime":1704452802638,"time":"2024-01-05T16:51:26.576Z","iobWithZeroTemp":{"iob":-0.481,"basaliob":-0.481,"bolussnooze":0,"activity":-0.0053,"lastBolusTime":1704452802638,"time":"2024-01-05T16:51:26.576Z"}},{"iob":0.007,"basaliob":0.007,"bolussnooze":0,"activity":2.0E-4,"lastBolusTime":1704452802638,"time":"2024-01-05T16:56:26.576Z","iobWithZeroTemp":{"iob":-0.482,"basaliob":-0.482,"bolussnooze":0,"activity":-0.0053,"lastBolusTime":1704452802638,"time":"2024-01-05T16:56:26.576Z"}},{"iob":0.007,"basaliob":0.007,"bolussnooze":0,"activity":1.0E-4,"lastBolusTime":1704452802638,"time":"2024-01-05T17:01:26.576Z","iobWithZeroTemp":{"iob":-0.482,"basaliob":-0.482,"bolussnooze":0,"activity":-0.0055,"lastBolusTime":1704452802638,"time":"2024-01-05T17:01:26.576Z"}},{"iob":0.006,"basaliob":0.006,"bolussnooze":0,"activity":1.0E-4,"lastBolusTime":1704452802638,"time":"2024-01-05T17:06:26.576Z","iobWithZeroTemp":{"iob":-0.484,"basaliob":-0.484,"bolussnooze":0,"activity":-0.0055,"lastBolusTime":1704452802638,"time":"2024-01-05T17:06:26.576Z"}},{"iob":0.006,"basaliob":0.006,"bolussnooze":0,"activity":1.0E-4,"lastBolusTime":1704452802638,"time":"2024-01-05T17:11:26.576Z","iobWithZeroTemp":{"iob":-0.484,"basaliob":-0.484,"bolussnooze":0,"activity":-0.0055,"lastBolusTime":1704452802638,"time":"2024-01-05T17:11:26.576Z"}},{"iob":0.005,"basaliob":0.005,"bolussnooze":0,"activity":1.0E-4,"lastBolusTime":1704452802638,"time":"2024-01-05T17:16:26.576Z","iobWithZeroTemp":{"iob":-0.486,"basaliob":-0.486,"bolussnooze":0,"activity":-0.0055,"lastBolusTime":1704452802638,"time":"2024-01-05T17:16:26.576Z"}},{"iob":0.004,"basaliob":0.004,"bolussnooze":0,"activity":1.0E-4,"lastBolusTime":1704452802638,"time":"2024-01-05T17:21:26.576Z","iobWithZeroTemp":{"iob":-0.487,"basaliob":-0.487,"bolussnooze":0,"activity":-0.0055,"lastBolusTime":1704452802638,"time":"2024-01-05T17:21:26.576Z"}}],"profile":{"max_iob":1,"type":"current","max_daily_basal":0.391,"max_basal":1.15,"min_bg":144,"max_bg":144,"target_bg":144,"carb_ratio":13.493868846632308,"sens":153.96499999999997,"max_daily_safety_multiplier":3,"current_basal_safety_multiplier":4,"lgsThreshold":69,"high_temptarget_raises_sensitivity":false,"low_temptarget_lowers_sensitivity":false,"sensitivity_raises_target":false,"resistance_lowers_target":false,"adv_target_adjustments":false,"exercise_mode":false,"half_basal_exercise_target":160,"maxCOB":120,"skip_neutral_temps":false,"remainingCarbsCap":90,"enableUAM":false,"A52_risk_enable":false,"SMBInterval":3,"enableSMB_with_COB":false,"enableSMB_with_temptarget":false,"allowSMB_with_high_temptarget":false,"enableSMB_always":false,"enableSMB_after_carbs":false,"maxSMBBasalMinutes":30,"maxUAMSMBBasalMinutes":30,"bolus_increment":0.05,"carbsReqThreshold":1,"current_basal":0.349,"temptargetSet":true,"autosens_max":1.2,"autosens_min":0.7,"variable_sens":157.8,"insulinDivisor":75,"TDD":9.145428790476192},"autosens_data":{"ratio":1},"meal_data":{"carbs":0,"mealCOB":0,"slopeFromMaxDeviation":-2.359,"slopeFromMinDeviation":1.7528181818181818,"lastBolusTime":1704452802638,"lastCarbTime":0},"microBolusAllowed":false,"currentTime":1704461190077,"flatBGsDetected":false,"tdd1D":8.32800000000001,"tdd7D":16.942322023809517,"tddLast24H":8.407166666666674,"tddLast4H":1.4821666666666666,"tddLast8to4H":1.462749999999999},"output":{"temp":"absolute","bg":186,"tick":"+9","eventualBG":210,"targetBG":144,"insulinReq":0.42,"deliverAt":"2024-01-05T13:26:30.077Z","sensitivityRatio":1,"variable_sens":157.8,"predBGs":{"IOB":[186,194,201,208,213,217,221,224,226,227,227,227,226,225,224,223,222,221,220,219,219,218,217,217,216,215,215,214,214,213,213,213,212,212,212,212,212,211,211,211,211,211,211,210],"ZT":[186,186,185,185,184,184,183,182,182,182,182,182,182]},"reason":"COB: 0, Dev: 54, BGI: 0, ISF: 158, CR: 13.49, Target: 144, minPredBG 210, minGuardBG 194, IOBpredBG 210; Eventual BG 210 >= 144, adj. req. rate: 1.19 to maxSafeBasal: 1.15, temp 1.15 >~ req 1.15U\/hr. ","COB":0,"IOB":0.187,"timestamp":"2024-01-05T13:26:30.104Z"}}