{"algorithm":"OpenAPSSMBDynamicISFPlugin","input":{"glucoseStatus":{"glucose":168,"noise":0,"delta":29,"short_avgdelta":26.11,"long_avgdelta":16.44,"date":1704496200000},"currenttemp":{"temp":"absolute","duration":20,"rate":1.15,"minutesrunning":10},"iob_data":[{"iob":0.047,"basaliob":0.047,"bolussnooze":0,"activity":1.0E-4,"lastBolusTime":0,"time":"2024-01-05T23:11:34.967Z","iobWithZeroTemp":{"iob":0.047,"basaliob":0.047,"bolussnooze":0,"activity":1.0E-4,"lastBolusTime":0,"time":"2024-01-05T23:11:34.967Z"}},{"iob":0.046,"basaliob":0.046,"bolussnooze":0,"activity":2.0E-4,"lastBolusTime":0,"time":"2024-01-05T23:16:34.967Z","iobWithZeroTemp":{"iob":0.026,"basaliob":0.026,"bolussnooze":0,"activity":2.0E-4,"lastBolusTime":0,"time":"2024-01-05T23:16:34.967Z"}},{"iob":0.045,"basaliob":0.045,"bolussnooze":0,"activity":3.0E-4,"lastBolusTime":0,"time":"2024-01-05T23:21:34.967Z","iobWithZeroTemp":{"iob":-0.001,"basaliob":-0.001,"bolussnooze":0,"activity":2.0E-4,"lastBolusTime":0,"time":"2024-01-05T23:21:34.967Z"}},{"iob":0.044,"basaliob":0.044,"bolussnooze":0,"activity":3.0E-4,"lastBolusTime":0,"time":"2024-01-05T23:26:34.967Z","iobWithZeroTemp":{"iob":-0.026,"basaliob":-0.026,"bolussnooze":0,"activity":1.0E-4,"lastBolusTime":0,"time":"2024-01-05T23:26:34.967Z"}},{"iob":0.042,"basaliob":0.042,"bolussnooze":0,"activity":4.0E-4,"lastBolusTime":0,"time":"2024-01-05T23:31:34.967Z","iobWithZeroTemp":{"iob":-0.053,"basaliob":-0.053,"bolussnooze":0,"activity":0,"lastBolusTime":0,"time":"2024-01-05T23:31:34.967Z"}},{"iob":0.04,"basaliob":0.04,"bolussnooze":0,"activity":4.0E-4,"lastBolusTime":0,"time":"2024-01-05T23:36:34.967Z","iobWithZeroTemp":{"iob":-0.078,"basaliob":-0.078,"bolussnooze":0,"activity":-1.0E-4,"lastBolusTime":0,"time":"2024-01-05T23:36:34.967Z"}},{"iob":0.038,"basaliob":0.038,"bolussnooze":0,"activity":4.0E-4,"lastBolusTime":0,"time":"2024-01-05T23:41:34.967Z","iobWithZeroTemp":{"iob":-0.102,"basaliob":-0.102,"bolussnooze":0,"activity":-3.0E-4,"lastBolusTime":0,"time":"2024-01-05T23:41:34.967Z"}},{"iob":0.036,"basaliob":0.036,"bolussnooze":0,"activity":4.0E-4,"lastBolusTime":0,"time":"2024-01-05T23:46:34.967Z","iobWithZeroTemp":{"iob":-0.126,"basaliob":-0.126,"bolussnooze":0,"activity":-5.0E-4,"lastBolusTime":0,"time":"2024-01-05T23:46:34.967Z"}},{"iob":0.034,"basaliob":0.034,"bolussnooze":0,"activity":4.0E-4,"lastBolusTime":0,"time":"2024-01-05T23:51:34.967Z","iobWithZeroTemp":{"iob":-0.148,"basaliob":-0.148,"bolussnooze":0,"activity":-7.0E-4,"lastBolusTime":0,"time":"2024-01-05T23:51:34.967Z"}},{"iob":0.032,"basaliob":0.032,"bolussnooze":0,"activity":4.0E-4,"lastBolusTime":0,"time":"2024-01-05T23:56:34.967Z","iobWithZeroTemp":{"iob":-0.17,"basaliob":-0.17,"bolussnooze":0,"activity":-9.0E-4,"lastBolusTime":0,"time":"2024-01-05T23:56:34.967Z"}},{"iob":0.03,"basaliob":0.03,"bolussnooze":0,"activity":4.0E-4,"lastBolusTime":0,"time":"2024-01-06T00:01:34.967Z","iobWithZeroTemp":{"iob":-0.19,"basaliob":-0.19,"bolussnooze":0,"activity":-0.0011,"lastBolusTime":0,"time":"2024-01-06T00:01:34.967Z"}},{"iob":0.028,"basaliob":0.028,"bolussnooze":0,"activity":4.0E-4,"lastBolusTime":0,"time":"2024-01-06T00:06:34.967Z","iobWithZeroTemp":{"iob":-0.209,"basaliob":-0.209,"bolussnooze":0,"activity":-0.0014,"lastBolusTime":0,"time":"2024-01-06T00:06:34.967Z"}},{"iob":0.027,"basaliob":0.027,"bolussnooze":0,"activity":4.0E-4,"lastBolusTime":0,"time":"2024-01-06T00:11:34.967Z","iobWithZeroTemp":{"iob":-0.226,"basaliob":-0.226,"bolussnooze":0,"activity":-0.0016,"lastBolusTime":0,"time":"2024-01-06T00:11:34.967Z"}},{"iob":0.025,"basaliob":0.025,"bolussnooze":0,"activity":4.0E-4,"lastBolusTime":0,"time":"2024-01-06T00:16:34.967Z","iobWithZeroTemp":{"iob":-0.243,"basaliob":-0.243,"bolussnooze":0,"activity":-0.0018,"lastBolusTime":0,"time":"2024-01-06T00:16:34.967Z"}},{"iob":0.023,"basaliob":0.023,"bolussnooze":0,"activity":3.0E-4,"lastBolusTime":0,"time":"2024-01-06T00:21:34.967Z","iobWithZeroTemp":{"iob":-0.26,"basaliob":-0.26,"bolussnooze":0,"activity":-0.0021,"lastBolusTime":0,"time":"2024-01-06T00:21:34.967Z"}},{"iob":0.021,"basaliob":0.021,"bolussnooze":0,"activity":3.0E-4,"lastBolusTime":0,"time":"2024-01-06T00:26:34.967Z","iobWithZeroTemp":{"iob":-0.275,"basaliob":-0.275,"bolussnooze":0,"activity":-0.0022,"lastBolusTime":0,"time":"2024-01-06T00:26:34.967Z"}},{"iob":0.02,"basaliob":0.02,"bolussnooze":0,"activity":3.0E-4,"lastBolusTime":0,"time":"2024-01-06T00:31:34.967Z","iobWithZeroTemp":{"iob":-0.288,"basaliob":-0.288,"bolussnooze":0,"activity":-0.0024,"lastBolusTime":0,"time":"2024-01-06T00:31:34.967Z"}},{"iob":0.018,"basaliob":0.018,"bolussnooze":0,"activity":3.0E-4,"lastBolusTime":0,"time":"2024-01-06T00:36:34.967Z","iobWithZeroTemp":{"iob":-0.302,"basaliob":-0.302,"bolussnooze":0,"activity":-0.0026,"lastBolusTime":0,"time":"2024-01-06T00:36:34.967Z"}},{"iob":0.017,"basaliob":0.017,"bolussnooze":0,"activity":3.0E-4,"lastBolusTime":0,"time":"2024-01-06T00:41:34.967Z","iobWithZeroTemp":{"iob":-0.313,"basaliob":-0.313,"bolussnooze":0,"activity":-0.0028,"lastBolusTime":0,"time":"2024-01-06T00:41:34.967Z"}},{"iob":0.016,"basaliob":0.016,"bolussnooze":0,"activity":3.0E-4,"lastBolusTime":0,"time":"2024-01-06T00:46:34.967Z","iobWithZeroTemp":{"iob":-0.324,"basaliob":-0.324,"bolussnooze":0,"activity":-0.0029,"lastBolusTime":0,"time":"2024-01-06T00:46:34.967Z"}},{"iob":0.014,"basaliob":0.014,"bolussnooze":0,"activity":2.0E-4,"lastBolusTime":0,"time":"2024-01-06T00:51:34.967Z","iobWithZeroTemp":{"iob":-0.335,"basaliob":-0.335,"bolussnooze":0,"activity":-0.0032,"lastBolusTime":0,"time":"2024-01-06T00:51:34.967Z"}},{"iob":0.013,"basaliob":0.013,"bolussnooze":0,"activity":2.0E-4,"lastBolusTime":0,"time":"2024-01-06T00:56:34.967Z","iobWithZeroTemp":{"iob":-0.345,"basaliob":-0.345,"bolussnooze":0,"activity":-0.0033,"lastBolusTime":0,"time":"2024-01-06T00:56:34.967Z"}},{"iob":0.012,"basaliob":0.012,"bolussnooze":0,"activity":2.0E-4,"lastBolusTime":0,"time":"2024-01-06T01:01:34.967Z","iobWithZeroTemp":{"iob":-0.353,"basaliob":-0.353,"bolussnooze":0,"activity":-0.0034,"lastBolusTime":0,"time":"2024-01-06T01:01:34.967Z"}},{"iob":0.011,"basaliob":0.011,"bolussnooze":0,"activity":2.0E-4,"lastBolusTime":0,"time":"2024-01-06T01:06:34.967Z","iobWithZeroTemp":{"iob":-0.364,"basaliob":-0.364,"bolussnooze":0,"activity":-0.0035,"lastBolusTime":0,"time":"2024-01-06T01:06:34.967Z"}},{"iob":0.01,"basaliob":0.01,"bolussnooze":0,"activity":2.0E-4,"lastBolusTime":0,"time":"2024-01-06T01:11:34.967Z","iobWithZeroTemp":{"iob":-0.374,"basaliob":-0.374,"bolussnooze":0,"activity":-0.0037,"lastBolusTime":0,"time":"2024-01-06T01:11:34.967Z"}},{"iob":0.009,"basaliob":0.009,"bolussnooze":0,"activity":2.0E-4,"lastBolusTime":0,"time":"2024-01-06T01:16:34.967Z","iobWithZeroTemp":{"iob":-0.383,"basaliob":-0.383,"bolussnooze":0,"activity":-0.0038,"lastBolusTime":0,"time":"2024-01-06T01:16:34.967Z"}},{"iob":0.008,"basaliob":0.008,"bolussnooze":0,"activity":2.0E-4,"lastBolusTime":0,"time":"2024-01-06T01:21:34.967Z","iobWithZeroTemp":{"iob":-0.391,"basaliob":-0.391,"bolussnooze":0,"activity":-0.0039,"lastBolusTime":0,"time":"2024-01-06T01:21:34.967Z"}},{"iob":0.008,"basaliob":0.008,"bolussnooze":0,"activity":1.0E-4,"lastBolusTime":0,"time":"2024-01-06T01:26:34.967Z","iobWithZeroTemp":{"iob":-0.399,"basaliob":-0.399,"bolussnooze":0,"activity":-0.0041,"lastBolusTime":0,"time":"2024-01-06T01:26:34.967Z"}},{"iob":0.007,"basaliob":0.007,"bolussnooze":0,"activity":1.0E-4,"lastBolusTime":0,"time":"2024-01-06T01:31:34.967Z","iobWithZeroTemp":{"iob":-0.406,"basaliob":-0.406,"bolussnooze":0,"activity":-0.0042,"lastBolusTime":0,"time":"2024-01-06T01:31:34.967Z"}},{"iob":0.006,"basaliob":0.006,"bolussnooze":0,"activity":1.0E-4,"lastBolusTime":0,"time":"2024-01-06T01:36:34.967Z","iobWithZeroTemp":{"iob":-0.413,"basaliob":-0.413,"bolussnooze":0,"activity":-0.0043,"lastBolusTime":0,"time":"2024-01-06T01:36:34.967Z"}},{"iob":0.006,"basaliob":0.006,"bolussnooze":0,"activity":1.0E-4,"lastBolusTime":0,"time":"2024-01-06T01:41:34.967Z","iobWithZeroTemp":{"iob":-0.419,"basaliob":-0.419,"bolussnooze":0,"activity":-0.0044,"lastBolusTime":0,"time":"2024-01-06T01:41:34.967Z"}},{"iob":0.005,"basaliob":0.005,"bolussnooze":0,"activity":1.0E-4,"lastBolusTime":0,"time":"2024-01-06T01:46:34.967Z","iobWithZeroTemp":{"iob":-0.425,"basaliob":-0.425,"bolussnooze":0,"activity":-0.0045,"lastBolusTime":0,"time":"2024-01-06T01:46:34.967Z"}},{"iob":0.005,"basaliob":0.005,"bolussnooze":0,"activity":1.0E-4,"lastBolusTime":0,"time":"2024-01-06T01:51:34.967Z","iobWithZeroTemp":{"iob":-0.43,"basaliob":-0.43,"bolussnooze":0,"activity":-0.0045,"lastBolusTime":0,"time":"2024-01-06T01:51:34.967Z"}},{"iob":0.004,"basaliob":0.004,"bolussnooze":0,"activity":1.0E-4,"lastBolusTime":0,"time":"2024-01-06T01:56:34.967Z","iobWithZeroTemp":{"iob":-0.436,"basaliob":-0.436,"bolussnooze":0,"activity":-0.0046,"lastBolusTime":0,"time":"2024-01-06T01:56:34.967Z"}},{"iob":0.004,"basaliob":0.004,"bolussnooze":0,"activity":1.0E-4,"lastBolusTime":0,"time":"2024-01-06T02:01:34.967Z","iobWithZeroTemp":{"iob":-0.44,"basaliob":-0.44,"bolussnooze":0,"activity":-0.0047,"lastBolusTime":0,"time":"2024-01-06T02:01:34.967Z"}},{"iob":0.004,"basaliob":0.004,"bolussnooze":0,"activity":1.0E-4,"lastBolusTime":0,"time":"2024-01-06T02:06:34.967Z","iobWithZeroTemp":{"iob":-0.444,"basaliob":-0.444,"bolussnooze":0,"activity":-0.0047,"lastBolusTime":0,"time":"2024-01-06T02:06:34.967Z"}},{"iob":0.003,"basaliob":0.003,"bolussnooze":0,"activity":1.0E-4,"lastBolusTime":0,"time":"2024-01-06T02:11:34.967Z","iobWithZeroTemp":{"iob":-0.449,"basaliob":-0.449,"bolussnooze":0,"activity":-0.0048,"lastBolusTime":0,"time":"2024-01-06T02:11:34.967Z"}},{"iob":0.003,"basaliob":0.003,"bolussnooze":0,"activity":1.0E-4,"lastBolusTime":0,"time":"2024-01-06T02:16:34.967Z","iobWithZeroTemp":{"iob":-0.452,"basaliob":-0.452,"bolussnooze":0,"activity":-0.0049,"lastBolusTime":0,"time":"2024-01-06T02:16:34.967Z"}},{"iob":0.003,"basaliob":0.003,"bolussnooze":0,"activity":1.0E-4,"lastBolusTime":0,"time":"2024-01-06T02:21:34.967Z","iobWithZeroTemp":{"iob":-0.455,"basaliob":-0.455,"bolussnooze":0,"activity":-0.0049,"lastBolusTime":0,"time":"2024-01-06T02:21:34.967Z"}},{"iob":0.002,"basaliob":0.002,"bolussnooze":0,"activity":0,"lastBolusTime":0,"time":"2024-01-06T02:26:34.967Z","iobWithZeroTemp":{"iob":-0.459,"basaliob":-0.459,"bolussnooze":0,"activity":-0.0051,"lastBolusTime":0,"time":"2024-01-06T02:26:34.967Z"}},{"iob":0.002,"basaliob":0.002,"bolussnooze":0,"activity":0,"lastBolusTime":0,"time":"2024-01-06T02:31:34.967Z","iobWithZeroTemp":{"iob":-0.462,"basaliob":-0.462,"bolussnooze":0,"activity":-0.0051,"lastBolusTime":0,"time":"2024-01-06T02:31:34.967Z"}},{"iob":0.002,"basaliob":0.002,"bolussnooze":0,"activity":0,"lastBolusTime":0,"time":"2024-01-06T02:36:34.967Z","iobWithZeroTemp":{"iob":-0.464,"basaliob":-0.464,"bolussnooze":0,"activity":-0.0052,"lastBolusTime":0,"time":"2024-01-06T02:36:34.967Z"}},{"iob":0.002,"basaliob":0.002,"bolussnooze":0,"activity":0,"lastBolusTime":0,"time":"2024-01-06T02:41:34.967Z","iobWithZeroTemp":{"iob":-0.466,"basaliob":-0.466,"bolussnooze":0,"activity":-0.0052,"lastBolusTime":0,"time":"2024-01-06T02:41:34.967Z"}},{"iob":0.002,"basaliob":0.002,"bolussnooze":0,"activity":0,"lastBolusTime":0,"time":"2024-01-06T02:46:34.967Z","iobWithZeroTemp":{"iob":-0.468,"basaliob":-0.468,"bolussnooze":0,"activity":-0.0052,"lastBolusTime":0,"time":"2024-01-06T02:46:34.967Z"}},{"iob":0.001,"basaliob":0.001,"bolussnooze":0,"activity":0,"lastBolusTime":0,"time":"2024-01-06T02:51:34.967Z","iobWithZeroTemp":{"iob":-0.471,"basaliob":-0.471,"bolussnooze":0,"activity":-0.0053,"lastBolusTime":0,"time":"2024-01-06T02:51:34.967Z"}},{"iob":0.001,"basaliob":0.001,"bolussnooze":0,"activity":0,"lastBolusTime":0,"time":"2024-01-06T02:56:34.967Z","iobWithZeroTemp":{"iob":-0.473,"basaliob":-0.473,"bolussnooze":0,"activity":-0.0053,"lastBolusTime":0,"time":"2024-01-06T02:56:34.967Z"}},{"iob":0.001,"basaliob":0.001,"bolussnooze":0,"activity":0,"lastBolusTime":0,"time":"2024-01-06T03:01:34.967Z","iobWithZeroTemp":{"iob":-0.474,"basaliob":-0.474,"bolussnooze":0,"activity":-0.0053,"lastBolusTime":0,"time":"2024-01-06T03:01:34.967Z"}},{"iob":0.001,"basaliob":0.001,"bolussnooze":0,"activity":0,"lastBolusTime":0,"time":"2024-01-06T03:06:34.967Z","iobWithZeroTemp":{"iob":-0.477,"basaliob":-0.477,"bolussnooze":0,"activity":-0.0054,"lastBolusTime":0,"time":"2024-01-06T03:06:34.967Z"}}],"profile":{"max_iob":1,"type":"current","max_daily_basal":0.391,"max_basal":1.15,"min_bg":144,"max_bg":144,"target_bg":144,"carb_ratio":14.618357917185001,"sens":153.96499999999997,"max_daily_safety_multiplier":3,"current_basal_safety_multiplier":4,"lgsThreshold":69,"high_temptarget_raises_sensitivity":false,"low_temptarget_lowers_sensitivity":false,"sensitivity_raises_target":false,"resistance_lowers_target":false,"adv_target_adjustments":false,"exercise_mode":false,"half_basal_exercise_target":160,"maxCOB":120,"skip_neutral_temps":false,"remainingCarbsCap":90,"enableUAM":true,"A52_risk_enable":false,"SMBInterval":3,"enableSMB_with_COB":false,"enableSMB_with_temptarget":false,"allowSMB_with_high_temptarget":false,"enableSMB_always":false,"enableSMB_after_carbs":false,"maxSMBBasalMinutes":30,"maxUAMSMBBasalMinutes":30,"bolus_increment":0.05,"carbsReqThreshold":1,"current_basal":0.306,"temptargetSet":true,"autosens_max":1.2,"autosens_min":0.7,"variable_sens":161.5,"insulinDivisor":75,"TDD":9.483309628571424},"autosens_data":{"ratio":1},"meal_data":{"carbs":0,"mealCOB":0,"slopeFromMaxDeviation":0,"slopeFromMinDeviation":4.2101,"lastBolusTime":1704452802638,"lastCarbTime":0},"microBolusAllowed":false,"currentTime":1704496297818,"flatBGsDetected":false,"tdd1D":9.141249999999994,"tdd7D":15.753158928571422,"tddLast24H":9.211583333333328,"tddLast4H":1.6848333333333327,"tddLast8to4H":1.9297499999999999},"output":{"temp":"absolute","bg":168,"tick":"+29","eventualBG":394,"targetBG":144,"insulinReq":0.953,"deliverAt":"2024-01-05T23:11:37.818Z","sensitivityRatio":1,"variable_sens":161.5,"predBGs":{"IOB":[168,192,214,233,250,265,278,289,297,304,308,310,310,309,309,309,309,309,308,308,308,308,308,308,308,307,307,307,307,307,307,307,307,307,307,307,307,307,307,306],"ZT":[168,168,168,168,168,168,168,168,168,169,170,170],"UAM":[168,193,216,238,258,277,295,311,325,339,351,361,370,378,385,390,393,395,396,396,396,396,396,395,395,395,395,395,395,395,395,395,395,395,395,395,395,395,395,394]},"reason":"COB: 0, Dev: 157, BGI: 0, ISF: 162, CR: 14.62, Target: 144, minPredBG 350, minGuardBG 193, IOBpredBG 306, UAMpredBG 394; Eventual BG 394 >= 144, max_iob 1, adj. req. rate: 2.21 to maxSafeBasal: 1.15, temp 1.15 >~ req 1.15U\/hr. ","COB":0,"IOB":0.047,"timestamp":"2024-01-05T23:11:37.847Z"}}