{"algorithm":"OpenAPSSMBDynamicISFPlugin","input":{"glucoseStatus":{"glucose":147,"noise":0,"delta":-18,"short_avgdelta":-13.67,"long_avgdelta":-7.46,"date":1704520500000},"currenttemp":{"temp":"absolute","duration":15,"rate":0.4,"minutesrunning":15},"iob_data":[{"iob":0.239,"basaliob":0.239,"bolussnooze":0,"activity":0.0022,"lastBolusTime":0,"time":"2024-01-06T05:56:45.719Z","iobWithZeroTemp":{"iob":0.239,"basaliob":0.239,"bolussnooze":0,"activity":0.0022,"lastBolusTime":0,"time":"2024-01-06T05:56:45.719Z"}},{"iob":0.228,"basaliob":0.228,"bolussnooze":0,"activity":0.0023,"lastBolusTime":0,"time":"2024-01-06T06:01:45.719Z","iobWithZeroTemp":{"iob":0.202,"basaliob":0.202,"bolussnooze":0,"activity":0.0023,"lastBolusTime":0,"time":"2024-01-06T06:01:45.719Z"}},{"iob":0.216,"basaliob":0.216,"bolussnooze":0,"activity":0.0024,"lastBolusTime":0,"time":"2024-01-06T06:06:45.719Z","iobWithZeroTemp":{"iob":0.158,"basaliob":0.158,"bolussnooze":0,"activity":0.0023,"lastBolusTime":0,"time":"2024-01-06T06:06:45.719Z"}},{"iob":0.204,"basaliob":0.204,"bolussnooze":0,"activity":0.0024,"lastBolusTime":0,"time":"2024-01-06T06:11:45.719Z","iobWithZeroTemp":{"iob":0.114,"basaliob":0.114,"bolussnooze":0,"activity":0.0021,"lastBolusTime":0,"time":"2024-01-06T06:11:45.719Z"}},{"iob":0.193,"basaliob":0.193,"bolussnooze":0,"activity":0.0024,"lastBolusTime":0,"time":"2024-01-06T06:16:45.719Z","iobWithZeroTemp":{"iob":0.072,"basaliob":0.072,"bolussnooze":0,"activity":0.0019,"lastBolusTime":0,"time":"2024-01-06T06:16:45.719Z"}},{"iob":0.181,"basaliob":0.181,"bolussnooze":0,"activity":0.0023,"lastBolusTime":0,"time":"2024-01-06T06:21:45.719Z","iobWithZeroTemp":{"iob":0.03,"basaliob":0.03,"bolussnooze":0,"activity":0.0016,"lastBolusTime":0,"time":"2024-01-06T06:21:45.719Z"}},{"iob":0.17,"basaliob":0.17,"bolussnooze":0,"activity":0.0022,"lastBolusTime":0,"time":"2024-01-06T06:26:45.719Z","iobWithZeroTemp":{"iob":-0.009,"basaliob":-0.009,"bolussnooze":0,"activity":0.0013,"lastBolusTime":0,"time":"2024-01-06T06:26:45.719Z"}},{"iob":0.158,"basaliob":0.158,"bolussnooze":0,"activity":0.0022,"lastBolusTime":0,"time":"2024-01-06T06:31:45.719Z","iobWithZeroTemp":{"iob":-0.049,"basaliob":-0.049,"bolussnooze":0,"activity":0.001,"lastBolusTime":0,"time":"2024-01-06T06:31:45.719Z"}},{"iob":0.148,"basaliob":0.148,"bolussnooze":0,"activity":0.0021,"lastBolusTime":0,"time":"2024-01-06T06:36:45.719Z","iobWithZeroTemp":{"iob":-0.085,"basaliob":-0.085,"bolussnooze":0,"activity":7.0E-4,"lastBolusTime":0,"time":"2024-01-06T06:36:45.719Z"}},{"iob":0.138,"basaliob":0.138,"bolussnooze":0,"activity":0.002,"lastBolusTime":0,"time":"2024-01-06T06:41:45.719Z","iobWithZeroTemp":{"iob":-0.12,"basaliob":-0.12,"bolussnooze":0,"activity":3.0E-4,"lastBolusTime":0,"time":"2024-01-06T06:41:45.719Z"}},{"iob":0.128,"basaliob":0.128,"bolussnooze":0,"activity":0.0019,"lastBolusTime":0,"time":"2024-01-06T06:46:45.719Z","iobWithZeroTemp":{"iob":-0.153,"basaliob":-0.153,"bolussnooze":0,"activity":-1.0E-4,"lastBolusTime":0,"time":"2024-01-06T06:46:45.719Z"}},{"iob":0.118,"basaliob":0.118,"bolussnooze":0,"activity":0.0018,"lastBolusTime":0,"time":"2024-01-06T06:51:45.719Z","iobWithZeroTemp":{"iob":-0.185,"basaliob":-0.185,"bolussnooze":0,"activity":-4.0E-4,"lastBolusTime":0,"time":"2024-01-06T06:51:45.719Z"}},{"iob":0.11,"basaliob":0.11,"bolussnooze":0,"activity":0.0017,"lastBolusTime":0,"time":"2024-01-06T06:56:45.719Z","iobWithZeroTemp":{"iob":-0.214,"basaliob":-0.214,"bolussnooze":0,"activity":-8.0E-4,"lastBolusTime":0,"time":"2024-01-06T06:56:45.719Z"}},{"iob":0.101,"basaliob":0.101,"bolussnooze":0,"activity":0.0016,"lastBolusTime":0,"time":"2024-01-06T07:01:45.719Z","iobWithZeroTemp":{"iob":-0.242,"basaliob":-0.242,"bolussnooze":0,"activity":-0.0012,"lastBolusTime":0,"time":"2024-01-06T07:01:45.719Z"}},{"iob":0.094,"basaliob":0.094,"bolussnooze":0,"activity":0.0015,"lastBolusTime":0,"time":"2024-01-06T07:06:45.719Z","iobWithZeroTemp":{"iob":-0.265,"basaliob":-0.265,"bolussnooze":0,"activity":-0.0015,"lastBolusTime":0,"time":"2024-01-06T07:06:45.719Z"}},{"iob":0.086,"basaliob":0.086,"bolussnooze":0,"activity":0.0014,"lastBolusTime":0,"time":"2024-01-06T07:11:45.719Z","iobWithZeroTemp":{"iob":-0.288,"basaliob":-0.288,"bolussnooze":0,"activity":-0.0018,"lastBolusTime":0,"time":"2024-01-06T07:11:45.719Z"}},{"iob":0.079,"basaliob":0.079,"bolussnooze":0,"activity":0.0013,"lastBolusTime":0,"time":"2024-01-06T07:16:45.719Z","iobWithZeroTemp":{"iob":-0.309,"basaliob":-0.309,"bolussnooze":0,"activity":-0.0022,"lastBolusTime":0,"time":"2024-01-06T07:16:45.719Z"}},{"iob":0.073,"basaliob":0.073,"bolussnooze":0,"activity":0.0012,"lastBolusTime":0,"time":"2024-01-06T07:21:45.719Z","iobWithZeroTemp":{"iob":-0.327,"basaliob":-0.327,"bolussnooze":0,"activity":-0.0025,"lastBolusTime":0,"time":"2024-01-06T07:21:45.719Z"}},{"iob":0.067,"basaliob":0.067,"bolussnooze":0,"activity":0.0012,"lastBolusTime":0,"time":"2024-01-06T07:26:45.719Z","iobWithZeroTemp":{"iob":-0.345,"basaliob":-0.345,"bolussnooze":0,"activity":-0.0027,"lastBolusTime":0,"time":"2024-01-06T07:26:45.719Z"}},{"iob":0.061,"basaliob":0.061,"bolussnooze":0,"activity":0.0011,"lastBolusTime":0,"time":"2024-01-06T07:31:45.719Z","iobWithZeroTemp":{"iob":-0.361,"basaliob":-0.361,"bolussnooze":0,"activity":-0.0029,"lastBolusTime":0,"time":"2024-01-06T07:31:45.719Z"}},{"iob":0.056,"basaliob":0.056,"bolussnooze":0,"activity":0.001,"lastBolusTime":0,"time":"2024-01-06T07:36:45.719Z","iobWithZeroTemp":{"iob":-0.376,"basaliob":-0.376,"bolussnooze":0,"activity":-0.0032,"lastBolusTime":0,"time":"2024-01-06T07:36:45.719Z"}},{"iob":0.051,"basaliob":0.051,"bolussnooze":0,"activity":9.0E-4,"lastBolusTime":0,"time":"2024-01-06T07:41:45.719Z","iobWithZeroTemp":{"iob":-0.39,"basaliob":-0.39,"bolussnooze":0,"activity":-0.0035,"lastBolusTime":0,"time":"2024-01-06T07:41:45.719Z"}},{"iob":0.047,"basaliob":0.047,"bolussnooze":0,"activity":9.0E-4,"lastBolusTime":0,"time":"2024-01-06T07:46:45.719Z","iobWithZeroTemp":{"iob":-0.402,"basaliob":-0.402,"bolussnooze":0,"activity":-0.0036,"lastBolusTime":0,"time":"2024-01-06T07:46:45.719Z"}},{"iob":0.043,"basaliob":0.043,"bolussnooze":0,"activity":8.0E-4,"lastBolusTime":0,"time":"2024-01-06T07:51:45.719Z","iobWithZeroTemp":{"iob":-0.414,"basaliob":-0.414,"bolussnooze":0,"activity":-0.0038,"lastBolusTime":0,"time":"2024-01-06T07:51:45.719Z"}},{"iob":0.039,"basaliob":0.039,"bolussnooze":0,"activity":7.0E-4,"lastBolusTime":0,"time":"2024-01-06T07:56:45.719Z","iobWithZeroTemp":{"iob":-0.425,"basaliob":-0.425,"bolussnooze":0,"activity":-0.0041,"lastBolusTime":0,"time":"2024-01-06T07:56:45.719Z"}},{"iob":0.036,"basaliob":0.036,"bolussnooze":0,"activity":7.0E-4,"lastBolusTime":0,"time":"2024-01-06T08:01:45.719Z","iobWithZeroTemp":{"iob":-0.434,"basaliob":-0.434,"bolussnooze":0,"activity":-0.0042,"lastBolusTime":0,"time":"2024-01-06T08:01:45.719Z"}},{"iob":0.033,"basaliob":0.033,"bolussnooze":0,"activity":6.0E-4,"lastBolusTime":0,"time":"2024-01-06T08:06:45.719Z","iobWithZeroTemp":{"iob":-0.441,"basaliob":-0.441,"bolussnooze":0,"activity":-0.0044,"lastBolusTime":0,"time":"2024-01-06T08:06:45.719Z"}},{"iob":0.03,"basaliob":0.03,"bolussnooze":0,"activity":6.0E-4,"lastBolusTime":0,"time":"2024-01-06T08:11:45.719Z","iobWithZeroTemp":{"iob":-0.447,"basaliob":-0.447,"bolussnooze":0,"activity":-0.0045,"lastBolusTime":0,"time":"2024-01-06T08:11:45.719Z"}},{"iob":0.027,"basaliob":0.027,"bolussnooze":0,"activity":5.0E-4,"lastBolusTime":0,"time":"2024-01-06T08:16:45.719Z","iobWithZeroTemp":{"iob":-0.453,"basaliob":-0.453,"bolussnooze":0,"activity":-0.0047,"lastBolusTime":0,"time":"2024-01-06T08:16:45.719Z"}},{"iob":0.024,"basaliob":0.024,"bolussnooze":0,"activity":5.0E-4,"lastBolusTime":0,"time":"2024-01-06T08:21:45.719Z","iobWithZeroTemp":{"iob":-0.458,"basaliob":-0.458,"bolussnooze":0,"activity":-0.0047,"lastBolusTime":0,"time":"2024-01-06T08:21:45.719Z"}},{"iob":0.022,"basaliob":0.022,"bolussnooze":0,"activity":4.0E-4,"lastBolusTime":0,"time":"2024-01-06T08:26:45.719Z","iobWithZeroTemp":{"iob":-0.462,"basaliob":-0.462,"bolussnooze":0,"activity":-0.0049,"lastBolusTime":0,"time":"2024-01-06T08:26:45.719Z"}},{"iob":0.02,"basaliob":0.02,"bolussnooze":0,"activity":4.0E-4,"lastBolusTime":0,"time":"2024-01-06T08:31:45.719Z","iobWithZeroTemp":{"iob":-0.466,"basaliob":-0.466,"bolussnooze":0,"activity":-0.0049,"lastBolusTime":0,"time":"2024-01-06T08:31:45.719Z"}},{"iob":0.018,"basaliob":0.018,"bolussnooze":0,"activity":4.0E-4,"lastBolusTime":0,"time":"2024-01-06T08:36:45.719Z","iobWithZeroTemp":{"iob":-0.47,"basaliob":-0.47,"bolussnooze":0,"activity":-0.005,"lastBolusTime":0,"time":"2024-01-06T08:36:45.719Z"}},{"iob":0.016,"basaliob":0.016,"bolussnooze":0,"activity":3.0E-4,"lastBolusTime":0,"time":"2024-01-06T08:41:45.719Z","iobWithZeroTemp":{"iob":-0.473,"basaliob":-0.473,"bolussnooze":0,"activity":-0.0051,"lastBolusTime":0,"time":"2024-01-06T08:41:45.719Z"}},{"iob":0.015,"basaliob":0.015,"bolussnooze":0,"activity":3.0E-4,"lastBolusTime":0,"time":"2024-01-06T08:46:45.719Z","iobWithZeroTemp":{"iob":-0.475,"basaliob":-0.475,"bolussnooze":0,"activity":-0.0052,"lastBolusTime":0,"time":"2024-01-06T08:46:45.719Z"}},{"iob":0.013,"basaliob":0.013,"bolussnooze":0,"activity":3.0E-4,"lastBolusTime":0,"time":"2024-01-06T08:51:45.719Z","iobWithZeroTemp":{"iob":-0.478,"basaliob":-0.478,"bolussnooze":0,"activity":-0.0052,"lastBolusTime":0,"time":"2024-01-06T08:51:45.719Z"}},{"iob":0.012,"basaliob":0.012,"bolussnooze":0,"activity":2.0E-4,"lastBolusTime":0,"time":"2024-01-06T08:56:45.719Z","iobWithZeroTemp":{"iob":-0.48,"basaliob":-0.48,"bolussnooze":0,"activity":-0.0053,"lastBolusTime":0,"time":"2024-01-06T08:56:45.719Z"}},{"iob":0.011,"basaliob":0.011,"bolussnooze":0,"activity":2.0E-4,"lastBolusTime":0,"time":"2024-01-06T09:01:45.719Z","iobWithZeroTemp":{"iob":-0.482,"basaliob":-0.482,"bolussnooze":0,"activity":-0.0053,"lastBolusTime":0,"time":"2024-01-06T09:01:45.719Z"}},{"iob":0.01,"basaliob":0.01,"bolussnooze":0,"activity":2.0E-4,"lastBolusTime":0,"time":"2024-01-06T09:06:45.719Z","iobWithZeroTemp":{"iob":-0.483,"basaliob":-0.483,"bolussnooze":0,"activity":-0.0054,"lastBolusTime":0,"time":"2024-01-06T09:06:45.719Z"}},{"iob":0.009,"basaliob":0.009,"bolussnooze":0,"activity":2.0E-4,"lastBolusTime":0,"time":"2024-01-06T09:11:45.719Z","iobWithZeroTemp":{"iob":-0.484,"basaliob":-0.484,"bolussnooze":0,"activity":-0.0054,"lastBolusTime":0,"time":"2024-01-06T09:11:45.719Z"}},{"iob":0.008,"basaliob":0.008,"bolussnooze":0,"activity":2.0E-4,"lastBolusTime":0,"time":"2024-01-06T09:16:45.719Z","iobWithZeroTemp":{"iob":-0.485,"basaliob":-0.485,"bolussnooze":0,"activity":-0.0054,"lastBolusTime":0,"time":"2024-01-06T09:16:45.719Z"}},{"iob":0.007,"basaliob":0.007,"bolussnooze":0,"activity":2.0E-4,"lastBolusTime":0,"time":"2024-01-06T09:21:45.719Z","iobWithZeroTemp":{"iob":-0.486,"basaliob":-0.486,"bolussnooze":0,"activity":-0.0054,"lastBolusTime":0,"time":"2024-01-06T09:21:45.719Z"}},{"iob":0.006,"basaliob":0.006,"bolussnooze":0,"activity":1.0E-4,"lastBolusTime":0,"time":"2024-01-06T09:26:45.719Z","iobWithZeroTemp":{"iob":-0.487,"basaliob":-0.487,"bolussnooze":0,"activity":-0.0055,"lastBolusTime":0,"time":"2024-01-06T09:26:45.719Z"}},{"iob":0.006,"basaliob":0.006,"bolussnooze":0,"activity":1.0E-4,"lastBolusTime":0,"time":"2024-01-06T09:31:45.719Z","iobWithZeroTemp":{"iob":-0.487,"basaliob":-0.487,"bolussnooze":0,"activity":-0.0055,"lastBolusTime":0,"time":"2024-01-06T09:31:45.719Z"}},{"iob":0.005,"basaliob":0.005,"bolussnooze":0,"activity":1.0E-4,"lastBolusTime":0,"time":"2024-01-06T09:36:45.719Z","iobWithZeroTemp":{"iob":-0.488,"basaliob":-0.488,"bolussnooze":0,"activity":-0.0055,"lastBolusTime":0,"time":"2024-01-06T09:36:45.719Z"}},{"iob":0.005,"basaliob":0.005,"bolussnooze":0,"activity":1.0E-4,"lastBolusTime":0,"time":"2024-01-06T09:41:45.719Z","iobWithZeroTemp":{"iob":-0.488,"basaliob":-0.488,"bolussnooze":0,"activity":-0.0055,"lastBolusTime":0,"time":"2024-01-06T09:41:45.719Z"}},{"iob":0.004,"basaliob":0.004,"bolussnooze":0,"activity":1.0E-4,"lastBolusTime":0,"time":"2024-01-06T09:46:45.719Z","iobWithZeroTemp":{"iob":-0.489,"basaliob":-0.489,"bolussnooze":0,"activity":-0.0055,"lastBolusTime":0,"time":"2024-01-06T09:46:45.719Z"}},{"iob":0.004,"basaliob":0.004,"bolussnooze":0,"activity":1.0E-4,"lastBolusTime":0,"time":"2024-01-06T09:51:45.719Z","iobWithZeroTemp":{"iob":-0.489,"basaliob":-0.489,"bolussnooze":0,"activity":-0.0055,"lastBolusTime":0,"time":"2024-01-06T09:51:45.719Z"}}],"profile":{"max_iob":1,"type":"current","max_daily_basal":0.391,"max_basal":1.15,"min_bg":99,"max_bg":99,"target_bg":99,"carb_ratio":9.2,"sens":153.96499999999997,"max_daily_safety_multiplier":3,"current_basal_safety_multiplier":4,"lgsThreshold":69,"high_temptarget_raises_sensitivity":false,"low_temptarget_lowers_sensitivity":false,"sensitivity_raises_target":false,"resistance_lowers_target":false,"adv_target_adjustments":false,"exercise_mode":false,"half_basal_exercise_target":160,"maxCOB":120,"skip_neutral_temps":false,"remainingCarbsCap":90,"enableUAM":true,"A52_risk_enable":false,"SMBInterval":3,"enableSMB_with_COB":false,"enableSMB_with_temptarget":false,"allowSMB_with_high_temptarget":false,"enableSMB_always":false,"enableSMB_after_carbs":false,"maxSMBBasalMinutes":30,"maxUAMSMBBasalMinutes":30,"bolus_increment":0.05,"carbsReqThreshold":1,"current_basal":0.388,"temptargetSet":false,"autosens_max":1.2,"autosens_min":0.7,"variable_sens":178.5,"insulinDivisor":75,"TDD":9.293638828571426},"autosens_data":{"ratio":1},"meal_data":{"carbs":0,"mealCOB":0,"slopeFromMaxDeviation":-3.2875555555555556,"slopeFromMinDeviation":0,"lastBolusTime":1704452802638,"lastCarbTime":0},"microBolusAllowed":false,"currentTime":1704520608180,"flatBGsDetected":false,"tdd1D":9.141249999999994,"tdd7D":15.753158928571422,"tddLast24H":9.826583333333332,"tddLast4H":1.7601666666666662,"tddLast8to4H":1.3548333333333327},"output":{"temp":"absolute","bg":147,"tick":-18,"eventualBG":71,"targetBG":99,"insulinReq":0,"deliverAt":"2024-01-06T05:56:48.180Z","sensitivityRatio":1,"variable_sens":178.5,"predBGs":{"IOB":[147,130,115,100,87,75,63,53,44,39,39,39,39],"ZT":[147,145,143,141,139,137,136,134,134,133,133,133,133]},"reason":"COB: 0, Dev: -33, BGI: -2, ISF: 179, CR: 9.2, Target: 99, minPredBG 86, minGuardBG -33, IOBpredBG 39; minGuardBG -33<70","COB":0,"IOB":0.239,"duration":120,"rate":0,"timestamp":"2024-01-06T05:56:48.209Z"}}