{"algorithm":"OpenAPSSMBDynamicISFPlugin","input":{"glucoseStatus":{"glucose":71,"noise":0,"delta":-22,"short_avgdelta":-18.72,"long_avgdelta":-16.59,"date":1704486000000},"currenttemp":{"temp":"absolute","duration":85,"rate":0,"minutesrunning":35},"iob_data":[{"iob":0.098,"basaliob":0.098,"bolussnooze":0,"activity":0.0026,"lastBolusTime":0,"time":"2024-01-05T20:21:32.065Z","iobWithZeroTemp":{"iob":0.098,"basaliob":0.098,"bolussnooze":0,"activity":0.0026,"lastBolusTime":0,"time":"2024-01-05T20:21:32.065Z"}},{"iob":0.086,"basaliob":0.086,"bolussnooze":0,"activity":0.0023,"lastBolusTime":0,"time":"2024-01-05T20:26:32.065Z","iobWithZeroTemp":{"iob":0.064,"basaliob":0.064,"bolussnooze":0,"activity":0.0023,"lastBolusTime":0,"time":"2024-01-05T20:26:32.065Z"}},{"iob":0.075,"basaliob":0.075,"bolussnooze":0,"activity":0.002,"lastBolusTime":0,"time":"2024-01-05T20:31:32.065Z","iobWithZeroTemp":{"iob":0.026,"basaliob":0.026,"bolussnooze":0,"activity":0.0019,"lastBolusTime":0,"time":"2024-01-05T20:31:32.065Z"}},{"iob":0.066,"basaliob":0.066,"bolussnooze":0,"activity":0.0018,"lastBolusTime":0,"time":"2024-01-05T20:36:32.065Z","iobWithZeroTemp":{"iob":-0.009,"basaliob":-0.009,"bolussnooze":0,"activity":0.0016,"lastBolusTime":0,"time":"2024-01-05T20:36:32.065Z"}},{"iob":0.057,"basaliob":0.057,"bolussnooze":0,"activity":0.0016,"lastBolusTime":0,"time":"2024-01-05T20:41:32.065Z","iobWithZeroTemp":{"iob":-0.044,"basaliob":-0.044,"bolussnooze":0,"activity":0.0012,"lastBolusTime":0,"time":"2024-01-05T20:41:32.065Z"}},{"iob":0.05,"basaliob":0.05,"bolussnooze":0,"activity":0.0014,"lastBolusTime":0,"time":"2024-01-05T20:46:32.065Z","iobWithZeroTemp":{"iob":-0.076,"basaliob":-0.076,"bolussnooze":0,"activity":8.0E-4,"lastBolusTime":0,"time":"2024-01-05T20:46:32.065Z"}},{"iob":0.043,"basaliob":0.043,"bolussnooze":0,"activity":0.0012,"lastBolusTime":0,"time":"2024-01-05T20:51:32.065Z","iobWithZeroTemp":{"iob":-0.107,"basaliob":-0.107,"bolussnooze":0,"activity":4.0E-4,"lastBolusTime":0,"time":"2024-01-05T20:51:32.065Z"}},{"iob":0.038,"basaliob":0.038,"bolussnooze":0,"activity":0.0011,"lastBolusTime":0,"time":"2024-01-05T20:56:32.065Z","iobWithZeroTemp":{"iob":-0.135,"basaliob":-0.135,"bolussnooze":0,"activity":1.0E-4,"lastBolusTime":0,"time":"2024-01-05T20:56:32.065Z"}},{"iob":0.033,"basaliob":0.033,"bolussnooze":0,"activity":9.0E-4,"lastBolusTime":0,"time":"2024-01-05T21:01:32.065Z","iobWithZeroTemp":{"iob":-0.162,"basaliob":-0.162,"bolussnooze":0,"activity":-3.0E-4,"lastBolusTime":0,"time":"2024-01-05T21:01:32.065Z"}},{"iob":0.028,"basaliob":0.028,"bolussnooze":0,"activity":8.0E-4,"lastBolusTime":0,"time":"2024-01-05T21:06:32.065Z","iobWithZeroTemp":{"iob":-0.187,"basaliob":-0.187,"bolussnooze":0,"activity":-6.0E-4,"lastBolusTime":0,"time":"2024-01-05T21:06:32.065Z"}},{"iob":0.024,"basaliob":0.024,"bolussnooze":0,"activity":7.0E-4,"lastBolusTime":0,"time":"2024-01-05T21:11:32.065Z","iobWithZeroTemp":{"iob":-0.209,"basaliob":-0.209,"bolussnooze":0,"activity":-0.001,"lastBolusTime":0,"time":"2024-01-05T21:11:32.065Z"}},{"iob":0.021,"basaliob":0.021,"bolussnooze":0,"activity":6.0E-4,"lastBolusTime":0,"time":"2024-01-05T21:16:32.065Z","iobWithZeroTemp":{"iob":-0.23,"basaliob":-0.23,"bolussnooze":0,"activity":-0.0013,"lastBolusTime":0,"time":"2024-01-05T21:16:32.065Z"}},{"iob":0.018,"basaliob":0.018,"bolussnooze":0,"activity":6.0E-4,"lastBolusTime":0,"time":"2024-01-05T21:21:32.065Z","iobWithZeroTemp":{"iob":-0.25,"basaliob":-0.25,"bolussnooze":0,"activity":-0.0015,"lastBolusTime":0,"time":"2024-01-05T21:21:32.065Z"}},{"iob":0.015,"basaliob":0.015,"bolussnooze":0,"activity":5.0E-4,"lastBolusTime":0,"time":"2024-01-05T21:26:32.065Z","iobWithZeroTemp":{"iob":-0.268,"basaliob":-0.268,"bolussnooze":0,"activity":-0.0018,"lastBolusTime":0,"time":"2024-01-05T21:26:32.065Z"}},{"iob":0.013,"basaliob":0.013,"bolussnooze":0,"activity":4.0E-4,"lastBolusTime":0,"time":"2024-01-05T21:31:32.065Z","iobWithZeroTemp":{"iob":-0.285,"basaliob":-0.285,"bolussnooze":0,"activity":-0.0021,"lastBolusTime":0,"time":"2024-01-05T21:31:32.065Z"}},{"iob":0.011,"basaliob":0.011,"bolussnooze":0,"activity":4.0E-4,"lastBolusTime":0,"time":"2024-01-05T21:36:32.065Z","iobWithZeroTemp":{"iob":-0.3,"basaliob":-0.3,"bolussnooze":0,"activity":-0.0023,"lastBolusTime":0,"time":"2024-01-05T21:36:32.065Z"}},{"iob":0.009,"basaliob":0.009,"bolussnooze":0,"activity":3.0E-4,"lastBolusTime":0,"time":"2024-01-05T21:41:32.065Z","iobWithZeroTemp":{"iob":-0.315,"basaliob":-0.315,"bolussnooze":0,"activity":-0.0026,"lastBolusTime":0,"time":"2024-01-05T21:41:32.065Z"}},{"iob":0.008,"basaliob":0.008,"bolussnooze":0,"activity":3.0E-4,"lastBolusTime":0,"time":"2024-01-05T21:46:32.065Z","iobWithZeroTemp":{"iob":-0.328,"basaliob":-0.328,"bolussnooze":0,"activity":-0.0028,"lastBolusTime":0,"time":"2024-01-05T21:46:32.065Z"}},{"iob":0.007,"basaliob":0.007,"bolussnooze":0,"activity":2.0E-4,"lastBolusTime":0,"time":"2024-01-05T21:51:32.065Z","iobWithZeroTemp":{"iob":-0.339,"basaliob":-0.339,"bolussnooze":0,"activity":-0.003,"lastBolusTime":0,"time":"2024-01-05T21:51:32.065Z"}},{"iob":0.006,"basaliob":0.006,"bolussnooze":0,"activity":2.0E-4,"lastBolusTime":0,"time":"2024-01-05T21:56:32.065Z","iobWithZeroTemp":{"iob":-0.35,"basaliob":-0.35,"bolussnooze":0,"activity":-0.0032,"lastBolusTime":0,"time":"2024-01-05T21:56:32.065Z"}},{"iob":0.005,"basaliob":0.005,"bolussnooze":0,"activity":2.0E-4,"lastBolusTime":0,"time":"2024-01-05T22:01:32.065Z","iobWithZeroTemp":{"iob":-0.361,"basaliob":-0.361,"bolussnooze":0,"activity":-0.0033,"lastBolusTime":0,"time":"2024-01-05T22:01:32.065Z"}},{"iob":0.004,"basaliob":0.004,"bolussnooze":0,"activity":2.0E-4,"lastBolusTime":0,"time":"2024-01-05T22:06:32.065Z","iobWithZeroTemp":{"iob":-0.37,"basaliob":-0.37,"bolussnooze":0,"activity":-0.0035,"lastBolusTime":0,"time":"2024-01-05T22:06:32.065Z"}},{"iob":0.003,"basaliob":0.003,"bolussnooze":0,"activity":1.0E-4,"lastBolusTime":0,"time":"2024-01-05T22:11:32.065Z","iobWithZeroTemp":{"iob":-0.379,"basaliob":-0.379,"bolussnooze":0,"activity":-0.0037,"lastBolusTime":0,"time":"2024-01-05T22:11:32.065Z"}},{"iob":0.002,"basaliob":0.002,"bolussnooze":0,"activity":1.0E-4,"lastBolusTime":0,"time":"2024-01-05T22:16:32.065Z","iobWithZeroTemp":{"iob":-0.387,"basaliob":-0.387,"bolussnooze":0,"activity":-0.0038,"lastBolusTime":0,"time":"2024-01-05T22:16:32.065Z"}},{"iob":0.002,"basaliob":0.002,"bolussnooze":0,"activity":1.0E-4,"lastBolusTime":0,"time":"2024-01-05T22:21:32.065Z","iobWithZeroTemp":{"iob":-0.394,"basaliob":-0.394,"bolussnooze":0,"activity":-0.0039,"lastBolusTime":0,"time":"2024-01-05T22:21:32.065Z"}},{"iob":0.001,"basaliob":0.001,"bolussnooze":0,"activity":1.0E-4,"lastBolusTime":0,"time":"2024-01-05T22:26:32.065Z","iobWithZeroTemp":{"iob":-0.401,"basaliob":-0.401,"bolussnooze":0,"activity":-0.004,"lastBolusTime":0,"time":"2024-01-05T22:26:32.065Z"}},{"iob":0.001,"basaliob":0.001,"bolussnooze":0,"activity":1.0E-4,"lastBolusTime":0,"time":"2024-01-05T22:31:32.065Z","iobWithZeroTemp":{"iob":-0.406,"basaliob":-0.406,"bolussnooze":0,"activity":-0.0041,"lastBolusTime":0,"time":"2024-01-05T22:31:32.065Z"}},{"iob":0.001,"basaliob":0.001,"bolussnooze":0,"activity":1.0E-4,"lastBolusTime":0,"time":"2024-01-05T22:36:32.065Z","iobWithZeroTemp":{"iob":-0.412,"basaliob":-0.412,"bolussnooze":0,"activity":-0.0042,"lastBolusTime":0,"time":"2024-01-05T22:36:32.065Z"}},{"iob":0,"basaliob":0,"bolussnooze":0,"activity":0,"lastBolusTime":0,"time":"2024-01-05T22:41:32.065Z","iobWithZeroTemp":{"iob":-0.417,"basaliob":-0.417,"bolussnooze":0,"activity":-0.0044,"lastBolusTime":0,"time":"2024-01-05T22:41:32.065Z"}},{"iob":0,"basaliob":0,"bolussnooze":0,"activity":0,"lastBolusTime":0,"time":"2024-01-05T22:46:32.065Z","iobWithZeroTemp":{"iob":-0.422,"basaliob":-0.422,"bolussnooze":0,"activity":-0.0045,"lastBolusTime":0,"time":"2024-01-05T22:46:32.065Z"}},{"iob":0,"basaliob":0,"bolussnooze":0,"activity":0,"lastBolusTime":0,"time":"2024-01-05T22:51:32.065Z","iobWithZeroTemp":{"iob":-0.425,"basaliob":-0.425,"bolussnooze":0,"activity":-0.0046,"lastBolusTime":0,"time":"2024-01-05T22:51:32.065Z"}},{"iob":0,"basaliob":0,"bolussnooze":0,"activity":0,"lastBolusTime":0,"time":"2024-01-05T22:56:32.065Z","iobWithZeroTemp":{"iob":-0.429,"basaliob":-0.429,"bolussnooze":0,"activity":-0.0046,"lastBolusTime":0,"time":"2024-01-05T22:56:32.065Z"}},{"iob":0,"basaliob":0,"bolussnooze":0,"activity":0,"lastBolusTime":0,"time":"2024-01-05T23:01:32.065Z","iobWithZeroTemp":{"iob":-0.432,"basaliob":-0.432,"bolussnooze":0,"activity":-0.0047,"lastBolusTime":0,"time":"2024-01-05T23:01:32.065Z"}},{"iob":0,"basaliob":0,"bolussnooze":0,"activity":0,"lastBolusTime":0,"time":"2024-01-05T23:06:32.065Z","iobWithZeroTemp":{"iob":-0.434,"basaliob":-0.434,"bolussnooze":0,"activity":-0.0047,"lastBolusTime":0,"time":"2024-01-05T23:06:32.065Z"}},{"iob":0,"basaliob":0,"bolussnooze":0,"activity":0,"lastBolusTime":0,"time":"2024-01-05T23:11:32.065Z","iobWithZeroTemp":{"iob":-0.436,"basaliob":-0.436,"bolussnooze":0,"activity":-0.0048,"lastBolusTime":0,"time":"2024-01-05T23:11:32.065Z"}},{"iob":0,"basaliob":0,"bolussnooze":0,"activity":0,"lastBolusTime":0,"time":"2024-01-05T23:16:32.065Z","iobWithZeroTemp":{"iob":-0.437,"basaliob":-0.437,"bolussnooze":0,"activity":-0.0048,"lastBolusTime":0,"time":"2024-01-05T23:16:32.065Z"}},{"iob":0,"basaliob":0,"bolussnooze":0,"activity":0,"lastBolusTime":0,"time":"2024-01-05T23:21:32.065Z","iobWithZeroTemp":{"iob":-0.439,"basaliob":-0.439,"bolussnooze":0,"activity":-0.0049,"lastBolusTime":0,"time":"2024-01-05T23:21:32.065Z"}},{"iob":-0.001,"basaliob":-0.001,"bolussnooze":0,"activity":0,"lastBolusTime":0,"time":"2024-01-05T23:26:32.065Z","iobWithZeroTemp":{"iob":-0.441,"basaliob":-0.441,"bolussnooze":0,"activity":-0.0049,"lastBolusTime":0,"time":"2024-01-05T23:26:32.065Z"}},{"iob":-0.001,"basaliob":-0.001,"bolussnooze":0,"activity":0,"lastBolusTime":0,"time":"2024-01-05T23:31:32.065Z","iobWithZeroTemp":{"iob":-0.442,"basaliob":-0.442,"bolussnooze":0,"activity":-0.0049,"lastBolusTime":0,"time":"2024-01-05T23:31:32.065Z"}},{"iob":-0.001,"basaliob":-0.001,"bolussnooze":0,"activity":0,"lastBolusTime":0,"time":"2024-01-05T23:36:32.065Z","iobWithZeroTemp":{"iob":-0.442,"basaliob":-0.442,"bolussnooze":0,"activity":-0.005,"lastBolusTime":0,"time":"2024-01-05T23:36:32.065Z"}},{"iob":-0.001,"basaliob":-0.001,"bolussnooze":0,"activity":0,"lastBolusTime":0,"time":"2024-01-05T23:41:32.065Z","iobWithZeroTemp":{"iob":-0.443,"basaliob":-0.443,"bolussnooze":0,"activity":-0.005,"lastBolusTime":0,"time":"2024-01-05T23:41:32.065Z"}},{"iob":-0.001,"basaliob":-0.001,"bolussnooze":0,"activity":0,"lastBolusTime":0,"time":"2024-01-05T23:46:32.065Z","iobWithZeroTemp":{"iob":-0.444,"basaliob":-0.444,"bolussnooze":0,"activity":-0.005,"lastBolusTime":0,"time":"2024-01-05T23:46:32.065Z"}},{"iob":-0.001,"basaliob":-0.001,"bolussnooze":0,"activity":0,"lastBolusTime":0,"time":"2024-01-05T23:51:32.065Z","iobWithZeroTemp":{"iob":-0.444,"basaliob":-0.444,"bolussnooze":0,"activity":-0.005,"lastBolusTime":0,"time":"2024-01-05T23:51:32.065Z"}},{"iob":-0.001,"basaliob":-0.001,"bolussnooze":0,"activity":0,"lastBolusTime":0,"time":"2024-01-05T23:56:32.065Z","iobWithZeroTemp":{"iob":-0.445,"basaliob":-0.445,"bolussnooze":0,"activity":-0.005,"lastBolusTime":0,"time":"2024-01-05T23:56:32.065Z"}},{"iob":-0.001,"basaliob":-0.001,"bolussnooze":0,"activity":0,"lastBolusTime":0,"time":"2024-01-06T00:01:32.065Z","iobWithZeroTemp":{"iob":-0.445,"basaliob":-0.445,"bolussnooze":0,"activity":-0.005,"lastBolusTime":0,"time":"2024-01-06T00:01:32.065Z"}},{"iob":-0.001,"basaliob":-0.001,"bolussnooze":0,"activity":0,"lastBolusTime":0,"time":"2024-01-06T00:06:32.065Z","iobWithZeroTemp":{"iob":-0.445,"basaliob":-0.445,"bolussnooze":0,"activity":-0.005,"lastBolusTime":0,"time":"2024-01-06T00:06:32.065Z"}},{"iob":0,"basaliob":0,"bolussnooze":0,"activity":0,"lastBolusTime":0,"time":"2024-01-06T00:11:32.065Z","iobWithZeroTemp":{"iob":-0.444,"basaliob":-0.444,"bolussnooze":0,"activity":-0.0051,"lastBolusTime":0,"time":"2024-01-06T00:11:32.065Z"}},{"iob":0,"basaliob":0,"bolussnooze":0,"activity":0,"lastBolusTime":0,"time":"2024-01-06T00:16:32.065Z","iobWithZeroTemp":{"iob":-0.445,"basaliob":-0.445,"bolussnooze":0,"activity":-0.0051,"lastBolusTime":0,"time":"2024-01-06T00:16:32.065Z"}}],"profile":{"max_iob":1,"type":"current","max_daily_basal":0.391,"max_basal":1.15,"min_bg":99,"max_bg":99,"target_bg":99,"carb_ratio":13.493868846632308,"sens":153.96499999999997,"max_daily_safety_multiplier":3,"current_basal_safety_multiplier":4,"lgsThreshold":69,"high_temptarget_raises_sensitivity":false,"low_temptarget_lowers_sensitivity":false,"sensitivity_raises_target":false,"resistance_lowers_target":false,"adv_target_adjustments":false,"exercise_mode":false,"half_basal_exercise_target":160,"maxCOB":120,"skip_neutral_temps":false,"remainingCarbsCap":90,"enableUAM":false,"A52_risk_enable":false,"SMBInterval":3,"enableSMB_with_COB":false,"enableSMB_with_temptarget":false,"allowSMB_with_high_temptarget":false,"enableSMB_always":false,"enableSMB_after_carbs":false,"maxSMBBasalMinutes":30,"maxUAMSMBBasalMinutes":30,"bolus_increment":0.05,"carbsReqThreshold":1,"current_basal":0.327,"temptargetSet":false,"autosens_max":1.2,"autosens_min":0.7,"variable_sens":280.4,"insulinDivisor":75,"TDD":9.637155190476191},"autosens_data":{"ratio":1},"meal_data":{"carbs":0,"mealCOB":0,"slopeFromMaxDeviation":-2.734181818181818,"slopeFromMinDeviation":1.4360000000000017,"lastBolusTime":1704452802638,"lastCarbTime":0},"microBolusAllowed":false,"currentTime":1704486095004,"flatBGsDetected":false,"tdd1D":8.32800000000001,"tdd7D":16.942322023809517,"tddLast24H":9.068083333333325,"tddLast4H":1.808249999999999,"tddLast8to4H":1.7366666666666664},"output":{"temp":"absolute","bg":71,"tick":-22,"eventualBG":-34,"targetBG":99,"insulinReq":0,"deliverAt":"2024-01-05T20:21:35.004Z","sensitivityRatio":1,"variable_sens":280.4,"predBGs":{"IOB":[71,51,39,39,39,39,39,39,39,39,39,39,39],"ZT":[71,67,64,61,59,57,55,55,54,55,56,58,60,62,65,68,71,75,79,83,87,91,95,99]},"reason":"COB: 0, Dev: -78, BGI: -4, ISF: 280, CR: 13.49, Target: 99, minPredBG 39, minGuardBG -73, IOBpredBG 39; 1 add'l carbs req w\/in 5m; minGuardBG -73<70","COB":0,"IOB":0.098,"carbsReq":1,"carbsReqWithin":5,"duration":120,"rate":0,"timestamp":"2024-01-05T20:21:35.035Z"}}