{"algorithm":"OpenAPSSMBPlugin","input":{"glucoseStatus":{"glucose":90,"noise":0,"delta":4,"short_avgdelta":5.22,"long_avgdelta":-0.15,"date":1704538200000},"currenttemp":{"temp":"absolute","duration":0,"rate":0},"iob_data":[{"iob":0.242,"basaliob":-0.149,"bolussnooze":0,"activity":0.0047,"lastBolusTime":1704534111924,"time":"2024-01-06T10:50:13.100Z","iobWithZeroTemp":{"iob":0.242,"basaliob":-0.149,"bolussnooze":0,"activity":0.0047,"lastBolusTime":1704534111924,"time":"2024-01-06T10:50:13.100Z"}},{"iob":0.22,"basaliob":-0.142,"bolussnooze":0,"activity":0.0043,"lastBolusTime":1704534111924,"time":"2024-01-06T10:55:13.100Z","iobWithZeroTemp":{"iob":0.197,"basaliob":-0.165,"bolussnooze":0,"activity":0.0043,"lastBolusTime":1704534111924,"time":"2024-01-06T10:55:13.100Z"}},{"iob":0.2,"basaliob":-0.135,"bolussnooze":0,"activity":0.0039,"lastBolusTime":1704534111924,"time":"2024-01-06T11:00:13.100Z","iobWithZeroTemp":{"iob":0.148,"basaliob":-0.187,"bolussnooze":0,"activity":0.0038,"lastBolusTime":1704534111924,"time":"2024-01-06T11:00:13.100Z"}},{"iob":0.181,"basaliob":-0.128,"bolussnooze":0,"activity":0.0036,"lastBolusTime":1704534111924,"time":"2024-01-06T11:05:13.100Z","iobWithZeroTemp":{"iob":0.1,"basaliob":-0.209,"bolussnooze":0,"activity":0.0034,"lastBolusTime":1704534111924,"time":"2024-01-06T11:05:13.100Z"}},{"iob":0.163,"basaliob":-0.121,"bolussnooze":0,"activity":0.0033,"lastBolusTime":1704534111924,"time":"2024-01-06T11:10:13.100Z","iobWithZeroTemp":{"iob":0.053,"basaliob":-0.231,"bolussnooze":0,"activity":0.0029,"lastBolusTime":1704534111924,"time":"2024-01-06T11:10:13.100Z"}},{"iob":0.148,"basaliob":-0.114,"bolussnooze":0,"activity":0.003,"lastBolusTime":1704534111924,"time":"2024-01-06T11:15:13.100Z","iobWithZeroTemp":{"iob":0.011,"basaliob":-0.251,"bolussnooze":0,"activity":0.0024,"lastBolusTime":1704534111924,"time":"2024-01-06T11:15:13.100Z"}},{"iob":0.133,"basaliob":-0.107,"bolussnooze":0,"activity":0.0027,"lastBolusTime":1704534111924,"time":"2024-01-06T11:20:13.100Z","iobWithZeroTemp":{"iob":-0.031,"basaliob":-0.271,"bolussnooze":0,"activity":0.0019,"lastBolusTime":1704534111924,"time":"2024-01-06T11:20:13.100Z"}},{"iob":0.121,"basaliob":-0.1,"bolussnooze":0,"activity":0.0025,"lastBolusTime":1704534111924,"time":"2024-01-06T11:25:13.100Z","iobWithZeroTemp":{"iob":-0.068,"basaliob":-0.289,"bolussnooze":0,"activity":0.0014,"lastBolusTime":1704534111924,"time":"2024-01-06T11:25:13.100Z"}},{"iob":0.109,"basaliob":-0.093,"bolussnooze":0,"activity":0.0022,"lastBolusTime":1704534111924,"time":"2024-01-06T11:30:13.100Z","iobWithZeroTemp":{"iob":-0.104,"basaliob":-0.306,"bolussnooze":0,"activity":9.0E-4,"lastBolusTime":1704534111924,"time":"2024-01-06T11:30:13.100Z"}},{"iob":0.098,"basaliob":-0.087,"bolussnooze":0,"activity":0.0021,"lastBolusTime":1704534111924,"time":"2024-01-06T11:35:13.100Z","iobWithZeroTemp":{"iob":-0.138,"basaliob":-0.323,"bolussnooze":0,"activity":5.0E-4,"lastBolusTime":1704534111924,"time":"2024-01-06T11:35:13.100Z"}},{"iob":0.088,"basaliob":-0.081,"bolussnooze":0,"activity":0.0018,"lastBolusTime":1704534111924,"time":"2024-01-06T11:40:13.100Z","iobWithZeroTemp":{"iob":-0.169,"basaliob":-0.338,"bolussnooze":0,"activity":0,"lastBolusTime":1704534111924,"time":"2024-01-06T11:40:13.100Z"}},{"iob":0.08,"basaliob":-0.075,"bolussnooze":0,"activity":0.0017,"lastBolusTime":1704534111924,"time":"2024-01-06T11:45:13.100Z","iobWithZeroTemp":{"iob":-0.198,"basaliob":-0.353,"bolussnooze":0,"activity":-4.0E-4,"lastBolusTime":1704534111924,"time":"2024-01-06T11:45:13.100Z"}},{"iob":0.072,"basaliob":-0.069,"bolussnooze":0,"activity":0.0015,"lastBolusTime":1704534111924,"time":"2024-01-06T11:50:13.100Z","iobWithZeroTemp":{"iob":-0.225,"basaliob":-0.366,"bolussnooze":0,"activity":-8.0E-4,"lastBolusTime":1704534111924,"time":"2024-01-06T11:50:13.100Z"}},{"iob":0.065,"basaliob":-0.064,"bolussnooze":0,"activity":0.0014,"lastBolusTime":1704534111924,"time":"2024-01-06T11:55:13.100Z","iobWithZeroTemp":{"iob":-0.25,"basaliob":-0.379,"bolussnooze":0,"activity":-0.0011,"lastBolusTime":1704534111924,"time":"2024-01-06T11:55:13.100Z"}},{"iob":0.058,"basaliob":-0.059,"bolussnooze":0,"activity":0.0012,"lastBolusTime":1704534111924,"time":"2024-01-06T12:00:13.100Z","iobWithZeroTemp":{"iob":-0.274,"basaliob":-0.391,"bolussnooze":0,"activity":-0.0016,"lastBolusTime":1704534111924,"time":"2024-01-06T12:00:13.100Z"}},{"iob":0.052,"basaliob":-0.055,"bolussnooze":0,"activity":0.0011,"lastBolusTime":1704534111924,"time":"2024-01-06T12:05:13.100Z","iobWithZeroTemp":{"iob":-0.295,"basaliob":-0.402,"bolussnooze":0,"activity":-0.0019,"lastBolusTime":1704534111924,"time":"2024-01-06T12:05:13.100Z"}},{"iob":0.047,"basaliob":-0.05,"bolussnooze":0,"activity":0.0011,"lastBolusTime":1704534111924,"time":"2024-01-06T12:10:13.100Z","iobWithZeroTemp":{"iob":-0.313,"basaliob":-0.41,"bolussnooze":0,"activity":-0.0021,"lastBolusTime":1704534111924,"time":"2024-01-06T12:10:13.100Z"}},{"iob":0.042,"basaliob":-0.046,"bolussnooze":0,"activity":9.0E-4,"lastBolusTime":1704534111924,"time":"2024-01-06T12:15:13.100Z","iobWithZeroTemp":{"iob":-0.331,"basaliob":-0.419,"bolussnooze":0,"activity":-0.0025,"lastBolusTime":1704534111924,"time":"2024-01-06T12:15:13.100Z"}},{"iob":0.037,"basaliob":-0.043,"bolussnooze":0,"activity":9.0E-4,"lastBolusTime":1704534111924,"time":"2024-01-06T12:20:13.100Z","iobWithZeroTemp":{"iob":-0.348,"basaliob":-0.428,"bolussnooze":0,"activity":-0.0027,"lastBolusTime":1704534111924,"time":"2024-01-06T12:20:13.100Z"}},{"iob":0.034,"basaliob":-0.039,"bolussnooze":0,"activity":7.0E-4,"lastBolusTime":1704534111924,"time":"2024-01-06T12:25:13.100Z","iobWithZeroTemp":{"iob":-0.362,"basaliob":-0.435,"bolussnooze":0,"activity":-0.0031,"lastBolusTime":1704534111924,"time":"2024-01-06T12:25:13.100Z"}},{"iob":0.03,"basaliob":-0.036,"bolussnooze":0,"activity":7.0E-4,"lastBolusTime":1704534111924,"time":"2024-01-06T12:30:13.100Z","iobWithZeroTemp":{"iob":-0.376,"basaliob":-0.442,"bolussnooze":0,"activity":-0.0032,"lastBolusTime":1704534111924,"time":"2024-01-06T12:30:13.100Z"}},{"iob":0.027,"basaliob":-0.033,"bolussnooze":0,"activity":6.0E-4,"lastBolusTime":1704534111924,"time":"2024-01-06T12:35:13.100Z","iobWithZeroTemp":{"iob":-0.388,"basaliob":-0.448,"bolussnooze":0,"activity":-0.0035,"lastBolusTime":1704534111924,"time":"2024-01-06T12:35:13.100Z"}},{"iob":0.024,"basaliob":-0.03,"bolussnooze":0,"activity":6.0E-4,"lastBolusTime":1704534111924,"time":"2024-01-06T12:40:13.100Z","iobWithZeroTemp":{"iob":-0.4,"basaliob":-0.454,"bolussnooze":0,"activity":-0.0036,"lastBolusTime":1704534111924,"time":"2024-01-06T12:40:13.100Z"}},{"iob":0.022,"basaliob":-0.027,"bolussnooze":0,"activity":5.0E-4,"lastBolusTime":1704534111924,"time":"2024-01-06T12:45:13.100Z","iobWithZeroTemp":{"iob":-0.41,"basaliob":-0.459,"bolussnooze":0,"activity":-0.0039,"lastBolusTime":1704534111924,"time":"2024-01-06T12:45:13.100Z"}},{"iob":0.019,"basaliob":-0.025,"bolussnooze":0,"activity":4.0E-4,"lastBolusTime":1704534111924,"time":"2024-01-06T12:50:13.100Z","iobWithZeroTemp":{"iob":-0.42,"basaliob":-0.464,"bolussnooze":0,"activity":-0.0041,"lastBolusTime":1704534111924,"time":"2024-01-06T12:50:13.100Z"}},{"iob":0.017,"basaliob":-0.023,"bolussnooze":0,"activity":4.0E-4,"lastBolusTime":1704534111924,"time":"2024-01-06T12:55:13.100Z","iobWithZeroTemp":{"iob":-0.428,"basaliob":-0.468,"bolussnooze":0,"activity":-0.0042,"lastBolusTime":1704534111924,"time":"2024-01-06T12:55:13.100Z"}},{"iob":0.015,"basaliob":-0.021,"bolussnooze":0,"activity":3.0E-4,"lastBolusTime":1704534111924,"time":"2024-01-06T13:00:13.100Z","iobWithZeroTemp":{"iob":-0.436,"basaliob":-0.472,"bolussnooze":0,"activity":-0.0044,"lastBolusTime":1704534111924,"time":"2024-01-06T13:00:13.100Z"}},{"iob":0.013,"basaliob":-0.019,"bolussnooze":0,"activity":3.0E-4,"lastBolusTime":1704534111924,"time":"2024-01-06T13:05:13.100Z","iobWithZeroTemp":{"iob":-0.444,"basaliob":-0.476,"bolussnooze":0,"activity":-0.0045,"lastBolusTime":1704534111924,"time":"2024-01-06T13:05:13.100Z"}},{"iob":0.012,"basaliob":-0.017,"bolussnooze":0,"activity":3.0E-4,"lastBolusTime":1704534111924,"time":"2024-01-06T13:10:13.100Z","iobWithZeroTemp":{"iob":-0.45,"basaliob":-0.479,"bolussnooze":0,"activity":-0.0046,"lastBolusTime":1704534111924,"time":"2024-01-06T13:10:13.100Z"}},{"iob":0.01,"basaliob":-0.016,"bolussnooze":0,"activity":3.0E-4,"lastBolusTime":1704534111924,"time":"2024-01-06T13:15:13.100Z","iobWithZeroTemp":{"iob":-0.456,"basaliob":-0.482,"bolussnooze":0,"activity":-0.0047,"lastBolusTime":1704534111924,"time":"2024-01-06T13:15:13.100Z"}},{"iob":0.009,"basaliob":-0.014,"bolussnooze":0,"activity":2.0E-4,"lastBolusTime":1704534111924,"time":"2024-01-06T13:20:13.100Z","iobWithZeroTemp":{"iob":-0.461,"basaliob":-0.484,"bolussnooze":0,"activity":-0.0049,"lastBolusTime":1704534111924,"time":"2024-01-06T13:20:13.100Z"}},{"iob":0.008,"basaliob":-0.013,"bolussnooze":0,"activity":2.0E-4,"lastBolusTime":1704534111924,"time":"2024-01-06T13:25:13.100Z","iobWithZeroTemp":{"iob":-0.466,"basaliob":-0.487,"bolussnooze":0,"activity":-0.0049,"lastBolusTime":1704534111924,"time":"2024-01-06T13:25:13.100Z"}},{"iob":0.007,"basaliob":-0.012,"bolussnooze":0,"activity":2.0E-4,"lastBolusTime":1704534111924,"time":"2024-01-06T13:30:13.100Z","iobWithZeroTemp":{"iob":-0.47,"basaliob":-0.489,"bolussnooze":0,"activity":-0.005,"lastBolusTime":1704534111924,"time":"2024-01-06T13:30:13.100Z"}},{"iob":0.006,"basaliob":-0.011,"bolussnooze":0,"activity":2.0E-4,"lastBolusTime":1704534111924,"time":"2024-01-06T13:35:13.100Z","iobWithZeroTemp":{"iob":-0.474,"basaliob":-0.491,"bolussnooze":0,"activity":-0.005,"lastBolusTime":1704534111924,"time":"2024-01-06T13:35:13.100Z"}},{"iob":0.005,"basaliob":-0.01,"bolussnooze":0,"activity":1.0E-4,"lastBolusTime":1704534111924,"time":"2024-01-06T13:40:13.100Z","iobWithZeroTemp":{"iob":-0.478,"basaliob":-0.493,"bolussnooze":0,"activity":-0.0052,"lastBolusTime":1704534111924,"time":"2024-01-06T13:40:13.100Z"}},{"iob":0.004,"basaliob":-0.009,"bolussnooze":0,"activity":1.0E-4,"lastBolusTime":1704534111924,"time":"2024-01-06T13:45:13.100Z","iobWithZeroTemp":{"iob":-0.481,"basaliob":-0.494,"bolussnooze":0,"activity":-0.0052,"lastBolusTime":1704534111924,"time":"2024-01-06T13:45:13.100Z"}},{"iob":0.004,"basaliob":-0.008,"bolussnooze":0,"activity":1.0E-4,"lastBolusTime":1704534111924,"time":"2024-01-06T13:50:13.100Z","iobWithZeroTemp":{"iob":-0.484,"basaliob":-0.496,"bolussnooze":0,"activity":-0.0053,"lastBolusTime":1704534111924,"time":"2024-01-06T13:50:13.100Z"}},{"iob":0.004,"basaliob":-0.007,"bolussnooze":0,"activity":1.0E-4,"lastBolusTime":1704534111924,"time":"2024-01-06T13:55:13.100Z","iobWithZeroTemp":{"iob":-0.486,"basaliob":-0.497,"bolussnooze":0,"activity":-0.0053,"lastBolusTime":1704534111924,"time":"2024-01-06T13:55:13.100Z"}},{"iob":0.004,"basaliob":-0.006,"bolussnooze":0,"activity":1.0E-4,"lastBolusTime":1704534111924,"time":"2024-01-06T14:00:13.100Z","iobWithZeroTemp":{"iob":-0.488,"basaliob":-0.498,"bolussnooze":0,"activity":-0.0054,"lastBolusTime":1704534111924,"time":"2024-01-06T14:00:13.100Z"}},{"iob":0.002,"basaliob":-0.006,"bolussnooze":0,"activity":1.0E-4,"lastBolusTime":1704534111924,"time":"2024-01-06T14:05:13.100Z","iobWithZeroTemp":{"iob":-0.492,"basaliob":-0.5,"bolussnooze":0,"activity":-0.0054,"lastBolusTime":1704534111924,"time":"2024-01-06T14:05:13.100Z"}},{"iob":0.002,"basaliob":-0.005,"bolussnooze":0,"activity":1.0E-4,"lastBolusTime":1704534111924,"time":"2024-01-06T14:10:13.100Z","iobWithZeroTemp":{"iob":-0.494,"basaliob":-0.501,"bolussnooze":0,"activity":-0.0054,"lastBolusTime":1704534111924,"time":"2024-01-06T14:10:13.100Z"}},{"iob":0.002,"basaliob":-0.005,"bolussnooze":0,"activity":1.0E-4,"lastBolusTime":1704534111924,"time":"2024-01-06T14:15:13.100Z","iobWithZeroTemp":{"iob":-0.496,"basaliob":-0.503,"bolussnooze":0,"activity":-0.0055,"lastBolusTime":1704534111924,"time":"2024-01-06T14:15:13.100Z"}},{"iob":0.002,"basaliob":-0.004,"bolussnooze":0,"activity":0,"lastBolusTime":1704534111924,"time":"2024-01-06T14:20:13.100Z","iobWithZeroTemp":{"iob":-0.498,"basaliob":-0.504,"bolussnooze":0,"activity":-0.0056,"lastBolusTime":1704534111924,"time":"2024-01-06T14:20:13.100Z"}},{"iob":0.001,"basaliob":-0.004,"bolussnooze":0,"activity":0,"lastBolusTime":1704534111924,"time":"2024-01-06T14:25:13.100Z","iobWithZeroTemp":{"iob":-0.501,"basaliob":-0.506,"bolussnooze":0,"activity":-0.0056,"lastBolusTime":1704534111924,"time":"2024-01-06T14:25:13.100Z"}},{"iob":0.002,"basaliob":-0.003,"bolussnooze":0,"activity":0,"lastBolusTime":1704534111924,"time":"2024-01-06T14:30:13.100Z","iobWithZeroTemp":{"iob":-0.502,"basaliob":-0.507,"bolussnooze":0,"activity":-0.0057,"lastBolusTime":1704534111924,"time":"2024-01-06T14:30:13.100Z"}},{"iob":0.001,"basaliob":-0.003,"bolussnooze":0,"activity":0,"lastBolusTime":1704534111924,"time":"2024-01-06T14:35:13.100Z","iobWithZeroTemp":{"iob":-0.505,"basaliob":-0.509,"bolussnooze":0,"activity":-0.0057,"lastBolusTime":1704534111924,"time":"2024-01-06T14:35:13.100Z"}},{"iob":0.001,"basaliob":-0.003,"bolussnooze":0,"activity":0,"lastBolusTime":1704534111924,"time":"2024-01-06T14:40:13.100Z","iobWithZeroTemp":{"iob":-0.506,"basaliob":-0.51,"bolussnooze":0,"activity":-0.0057,"lastBolusTime":1704534111924,"time":"2024-01-06T14:40:13.100Z"}},{"iob":0.001,"basaliob":-0.002,"bolussnooze":0,"activity":0,"lastBolusTime":1704534111924,"time":"2024-01-06T14:45:13.100Z","iobWithZeroTemp":{"iob":-0.507,"basaliob":-0.51,"bolussnooze":0,"activity":-0.0057,"lastBolusTime":1704534111924,"time":"2024-01-06T14:45:13.100Z"}}],"profile":{"max_iob":2,"type":"current","max_daily_basal":0.391,"max_basal":1.15,"min_bg":99,"max_bg":99,"target_bg":99,"carb_ratio":11.244890705526924,"sens":153.96499999999997,"max_daily_safety_multiplier":3,"current_basal_safety_multiplier":4,"high_temptarget_raises_sensitivity":false,"low_temptarget_lowers_sensitivity":false,"sensitivity_raises_target":false,"resistance_lowers_target":false,"adv_target_adjustments":false,"exercise_mode":false,"half_basal_exercise_target":160,"maxCOB":120,"skip_neutral_temps":false,"remainingCarbsCap":90,"enableUAM":true,"A52_risk_enable":false,"SMBInterval":3,"enableSMB_with_COB":false,"enableSMB_with_temptarget":false,"allowSMB_with_high_temptarget":false,"enableSMB_always":false,"enableSMB_after_carbs":false,"maxSMBBasalMinutes":30,"maxUAMSMBBasalMinutes":30,"bolus_increment":0.05,"carbsReqThreshold":1,"current_basal":0.35,"temptargetSet":false,"autosens_max":1.2},"autosens_data":{"ratio":1},"meal_data":{"carbs":20,"mealCOB":9.979321589253562,"slopeFromMaxDeviation":0,"slopeFromMinDeviation":2.4471111111111115,"lastBolusTime":1704534111924,"lastCarbTime":1704532862000},"microBolusAllowed":false,"currentTime":1704538215633,"flatBGsDetected":false},"output":{"temp":"absolute","bg":90,"tick":"+4","eventualBG":184,"targetBG":99,"insulinReq":0.22,"deliverAt":"2024-01-06T10:50:15.633Z","sensitivityRatio":1,"predBGs":{"IOB":[90,93,96,99,101,103,105,106,106,107,106,106,104,103,102,101,100,99,99,98,97,97,96,96,96,95,95,95,95,94,94,94,94,94,93],"ZT":[90,86,83,80,78,75,73,72,71,70,70,70,70,71,72,73,74,76,78,80,82,85,87,90,93,96],"COB":[90,94,98,102,106,110,114,118,122,126,130,133,137,141,144,148,151,154,158,160,163,166,168,171,173,175,177,178,180,181,182,183,184],"UAM":[90,93,96,98,100,101,101,101,100,98,97,95,94,93,92,91,90,89,89,88,87,87,86,86,85,85,85,85,84,84,84,84,84,83]},"COB":9.979321589253562,"IOB":0.242,"reason":"COB: 10, Dev: 46, BGI: -4, ISF: 154, CR: 11.24, Target: 99, minPredBG 133, minGuardBG 88, IOBpredBG 93, COBpredBG 184, UAMpredBG 83; Eventual BG 184 >= 99, no temp, setting 0.79U\/hr. ","duration":30,"rate":0.79,"timestamp":"2024-01-06T10:50:15.676Z"}}