{"algorithm":"OpenAPSSMBDynamicISFPlugin","input":{"glucoseStatus":{"glucose":170,"noise":0,"delta":8,"short_avgdelta":6.67,"long_avgdelta":7.68,"date":1704475500000},"currenttemp":{"temp":"absolute","duration":0,"rate":0},"iob_data":[{"iob":0.232,"basaliob":0.232,"bolussnooze":0,"activity":0.0012,"lastBolusTime":1704452802638,"time":"2024-01-05T17:26:30.204Z","iobWithZeroTemp":{"iob":0.232,"basaliob":0.232,"bolussnooze":0,"activity":0.0012,"lastBolusTime":1704452802638,"time":"2024-01-05T17:26:30.204Z"}},{"iob":0.225,"basaliob":0.225,"bolussnooze":0,"activity":0.0015,"lastBolusTime":1704452802638,"time":"2024-01-05T17:31:30.204Z","iobWithZeroTemp":{"iob":0.202,"basaliob":0.202,"bolussnooze":0,"activity":0.0015,"lastBolusTime":1704452802638,"time":"2024-01-05T17:31:30.204Z"}},{"iob":0.217,"basaliob":0.217,"bolussnooze":0,"activity":0.0017,"lastBolusTime":1704452802638,"time":"2024-01-05T17:36:30.204Z","iobWithZeroTemp":{"iob":0.166,"basaliob":0.166,"bolussnooze":0,"activity":0.0016,"lastBolusTime":1704452802638,"time":"2024-01-05T17:36:30.204Z"}},{"iob":0.208,"basaliob":0.208,"bolussnooze":0,"activity":0.0018,"lastBolusTime":1704452802638,"time":"2024-01-05T17:41:30.204Z","iobWithZeroTemp":{"iob":0.13,"basaliob":0.13,"bolussnooze":0,"activity":0.0016,"lastBolusTime":1704452802638,"time":"2024-01-05T17:41:30.204Z"}},{"iob":0.199,"basaliob":0.199,"bolussnooze":0,"activity":0.0019,"lastBolusTime":1704452802638,"time":"2024-01-05T17:46:30.204Z","iobWithZeroTemp":{"iob":0.094,"basaliob":0.094,"bolussnooze":0,"activity":0.0015,"lastBolusTime":1704452802638,"time":"2024-01-05T17:46:30.204Z"}},{"iob":0.189,"basaliob":0.189,"bolussnooze":0,"activity":0.002,"lastBolusTime":1704452802638,"time":"2024-01-05T17:51:30.204Z","iobWithZeroTemp":{"iob":0.058,"basaliob":0.058,"bolussnooze":0,"activity":0.0014,"lastBolusTime":1704452802638,"time":"2024-01-05T17:51:30.204Z"}},{"iob":0.179,"basaliob":0.179,"bolussnooze":0,"activity":0.002,"lastBolusTime":1704452802638,"time":"2024-01-05T17:56:30.204Z","iobWithZeroTemp":{"iob":0.024,"basaliob":0.024,"bolussnooze":0,"activity":0.0012,"lastBolusTime":1704452802638,"time":"2024-01-05T17:56:30.204Z"}},{"iob":0.169,"basaliob":0.169,"bolussnooze":0,"activity":0.002,"lastBolusTime":1704452802638,"time":"2024-01-05T18:01:30.204Z","iobWithZeroTemp":{"iob":-0.01,"basaliob":-0.01,"bolussnooze":0,"activity":0.001,"lastBolusTime":1704452802638,"time":"2024-01-05T18:01:30.204Z"}},{"iob":0.159,"basaliob":0.159,"bolussnooze":0,"activity":0.002,"lastBolusTime":1704452802638,"time":"2024-01-05T18:06:30.204Z","iobWithZeroTemp":{"iob":-0.044,"basaliob":-0.044,"bolussnooze":0,"activity":8.0E-4,"lastBolusTime":1704452802638,"time":"2024-01-05T18:06:30.204Z"}},{"iob":0.149,"basaliob":0.149,"bolussnooze":0,"activity":0.0019,"lastBolusTime":1704452802638,"time":"2024-01-05T18:11:30.204Z","iobWithZeroTemp":{"iob":-0.077,"basaliob":-0.077,"bolussnooze":0,"activity":4.0E-4,"lastBolusTime":1704452802638,"time":"2024-01-05T18:11:30.204Z"}},{"iob":0.14,"basaliob":0.14,"bolussnooze":0,"activity":0.0019,"lastBolusTime":1704452802638,"time":"2024-01-05T18:16:30.204Z","iobWithZeroTemp":{"iob":-0.108,"basaliob":-0.108,"bolussnooze":0,"activity":2.0E-4,"lastBolusTime":1704452802638,"time":"2024-01-05T18:16:30.204Z"}},{"iob":0.13,"basaliob":0.13,"bolussnooze":0,"activity":0.0018,"lastBolusTime":1704452802638,"time":"2024-01-05T18:21:30.204Z","iobWithZeroTemp":{"iob":-0.138,"basaliob":-0.138,"bolussnooze":0,"activity":-2.0E-4,"lastBolusTime":1704452802638,"time":"2024-01-05T18:21:30.204Z"}},{"iob":0.121,"basaliob":0.121,"bolussnooze":0,"activity":0.0017,"lastBolusTime":1704452802638,"time":"2024-01-05T18:26:30.204Z","iobWithZeroTemp":{"iob":-0.167,"basaliob":-0.167,"bolussnooze":0,"activity":-5.0E-4,"lastBolusTime":1704452802638,"time":"2024-01-05T18:26:30.204Z"}},{"iob":0.113,"basaliob":0.113,"bolussnooze":0,"activity":0.0017,"lastBolusTime":1704452802638,"time":"2024-01-05T18:31:30.204Z","iobWithZeroTemp":{"iob":-0.193,"basaliob":-0.193,"bolussnooze":0,"activity":-7.0E-4,"lastBolusTime":1704452802638,"time":"2024-01-05T18:31:30.204Z"}},{"iob":0.105,"basaliob":0.105,"bolussnooze":0,"activity":0.0016,"lastBolusTime":1704452802638,"time":"2024-01-05T18:36:30.204Z","iobWithZeroTemp":{"iob":-0.218,"basaliob":-0.218,"bolussnooze":0,"activity":-0.0011,"lastBolusTime":1704452802638,"time":"2024-01-05T18:36:30.204Z"}},{"iob":0.097,"basaliob":0.097,"bolussnooze":0,"activity":0.0015,"lastBolusTime":1704452802638,"time":"2024-01-05T18:41:30.204Z","iobWithZeroTemp":{"iob":-0.242,"basaliob":-0.242,"bolussnooze":0,"activity":-0.0014,"lastBolusTime":1704452802638,"time":"2024-01-05T18:41:30.204Z"}},{"iob":0.09,"basaliob":0.09,"bolussnooze":0,"activity":0.0014,"lastBolusTime":1704452802638,"time":"2024-01-05T18:46:30.204Z","iobWithZeroTemp":{"iob":-0.263,"basaliob":-0.263,"bolussnooze":0,"activity":-0.0017,"lastBolusTime":1704452802638,"time":"2024-01-05T18:46:30.204Z"}},{"iob":0.083,"basaliob":0.083,"bolussnooze":0,"activity":0.0013,"lastBolusTime":1704452802638,"time":"2024-01-05T18:51:30.204Z","iobWithZeroTemp":{"iob":-0.284,"basaliob":-0.284,"bolussnooze":0,"activity":-0.002,"lastBolusTime":1704452802638,"time":"2024-01-05T18:51:30.204Z"}},{"iob":0.077,"basaliob":0.077,"bolussnooze":0,"activity":0.0012,"lastBolusTime":1704452802638,"time":"2024-01-05T18:56:30.204Z","iobWithZeroTemp":{"iob":-0.303,"basaliob":-0.303,"bolussnooze":0,"activity":-0.0023,"lastBolusTime":1704452802638,"time":"2024-01-05T18:56:30.204Z"}},{"iob":0.07,"basaliob":0.07,"bolussnooze":0,"activity":0.0012,"lastBolusTime":1704452802638,"time":"2024-01-05T19:01:30.204Z","iobWithZeroTemp":{"iob":-0.322,"basaliob":-0.322,"bolussnooze":0,"activity":-0.0025,"lastBolusTime":1704452802638,"time":"2024-01-05T19:01:30.204Z"}},{"iob":0.065,"basaliob":0.065,"bolussnooze":0,"activity":0.0011,"lastBolusTime":1704452802638,"time":"2024-01-05T19:06:30.204Z","iobWithZeroTemp":{"iob":-0.339,"basaliob":-0.339,"bolussnooze":0,"activity":-0.0027,"lastBolusTime":1704452802638,"time":"2024-01-05T19:06:30.204Z"}},{"iob":0.06,"basaliob":0.06,"bolussnooze":0,"activity":0.001,"lastBolusTime":0,"time":"2024-01-05T19:11:30.204Z","iobWithZeroTemp":{"iob":-0.355,"basaliob":-0.355,"bolussnooze":0,"activity":-0.003,"lastBolusTime":0,"time":"2024-01-05T19:11:30.204Z"}},{"iob":0.055,"basaliob":0.055,"bolussnooze":0,"activity":9.0E-4,"lastBolusTime":0,"time":"2024-01-05T19:16:30.204Z","iobWithZeroTemp":{"iob":-0.37,"basaliob":-0.37,"bolussnooze":0,"activity":-0.0033,"lastBolusTime":0,"time":"2024-01-05T19:16:30.204Z"}},{"iob":0.05,"basaliob":0.05,"bolussnooze":0,"activity":9.0E-4,"lastBolusTime":0,"time":"2024-01-05T19:21:30.204Z","iobWithZeroTemp":{"iob":-0.384,"basaliob":-0.384,"bolussnooze":0,"activity":-0.0034,"lastBolusTime":0,"time":"2024-01-05T19:21:30.204Z"}},{"iob":0.046,"basaliob":0.046,"bolussnooze":0,"activity":8.0E-4,"lastBolusTime":0,"time":"2024-01-05T19:26:30.204Z","iobWithZeroTemp":{"iob":-0.397,"basaliob":-0.397,"bolussnooze":0,"activity":-0.0037,"lastBolusTime":0,"time":"2024-01-05T19:26:30.204Z"}},{"iob":0.042,"basaliob":0.042,"bolussnooze":0,"activity":8.0E-4,"lastBolusTime":0,"time":"2024-01-05T19:31:30.204Z","iobWithZeroTemp":{"iob":-0.409,"basaliob":-0.409,"bolussnooze":0,"activity":-0.0038,"lastBolusTime":0,"time":"2024-01-05T19:31:30.204Z"}},{"iob":0.038,"basaliob":0.038,"bolussnooze":0,"activity":7.0E-4,"lastBolusTime":0,"time":"2024-01-05T19:36:30.204Z","iobWithZeroTemp":{"iob":-0.42,"basaliob":-0.42,"bolussnooze":0,"activity":-0.004,"lastBolusTime":0,"time":"2024-01-05T19:36:30.204Z"}},{"iob":0.035,"basaliob":0.035,"bolussnooze":0,"activity":6.0E-4,"lastBolusTime":0,"time":"2024-01-05T19:41:30.204Z","iobWithZeroTemp":{"iob":-0.43,"basaliob":-0.43,"bolussnooze":0,"activity":-0.0042,"lastBolusTime":0,"time":"2024-01-05T19:41:30.204Z"}},{"iob":0.032,"basaliob":0.032,"bolussnooze":0,"activity":6.0E-4,"lastBolusTime":0,"time":"2024-01-05T19:46:30.204Z","iobWithZeroTemp":{"iob":-0.44,"basaliob":-0.44,"bolussnooze":0,"activity":-0.0043,"lastBolusTime":0,"time":"2024-01-05T19:46:30.204Z"}},{"iob":0.029,"basaliob":0.029,"bolussnooze":0,"activity":5.0E-4,"lastBolusTime":0,"time":"2024-01-05T19:51:30.204Z","iobWithZeroTemp":{"iob":-0.448,"basaliob":-0.448,"bolussnooze":0,"activity":-0.0045,"lastBolusTime":0,"time":"2024-01-05T19:51:30.204Z"}},{"iob":0.026,"basaliob":0.026,"bolussnooze":0,"activity":5.0E-4,"lastBolusTime":0,"time":"2024-01-05T19:56:30.204Z","iobWithZeroTemp":{"iob":-0.457,"basaliob":-0.457,"bolussnooze":0,"activity":-0.0046,"lastBolusTime":0,"time":"2024-01-05T19:56:30.204Z"}},{"iob":0.024,"basaliob":0.024,"bolussnooze":0,"activity":5.0E-4,"lastBolusTime":0,"time":"2024-01-05T20:01:30.204Z","iobWithZeroTemp":{"iob":-0.464,"basaliob":-0.464,"bolussnooze":0,"activity":-0.0047,"lastBolusTime":0,"time":"2024-01-05T20:01:30.204Z"}},{"iob":0.022,"basaliob":0.022,"bolussnooze":0,"activity":4.0E-4,"lastBolusTime":0,"time":"2024-01-05T20:06:30.204Z","iobWithZeroTemp":{"iob":-0.467,"basaliob":-0.467,"bolussnooze":0,"activity":-0.0049,"lastBolusTime":0,"time":"2024-01-05T20:06:30.204Z"}},{"iob":0.02,"basaliob":0.02,"bolussnooze":0,"activity":4.0E-4,"lastBolusTime":0,"time":"2024-01-05T20:11:30.204Z","iobWithZeroTemp":{"iob":-0.469,"basaliob":-0.469,"bolussnooze":0,"activity":-0.0049,"lastBolusTime":0,"time":"2024-01-05T20:11:30.204Z"}},{"iob":0.018,"basaliob":0.018,"bolussnooze":0,"activity":4.0E-4,"lastBolusTime":0,"time":"2024-01-05T20:16:30.204Z","iobWithZeroTemp":{"iob":-0.472,"basaliob":-0.472,"bolussnooze":0,"activity":-0.005,"lastBolusTime":0,"time":"2024-01-05T20:16:30.204Z"}},{"iob":0.016,"basaliob":0.016,"bolussnooze":0,"activity":3.0E-4,"lastBolusTime":0,"time":"2024-01-05T20:21:30.204Z","iobWithZeroTemp":{"iob":-0.474,"basaliob":-0.474,"bolussnooze":0,"activity":-0.0051,"lastBolusTime":0,"time":"2024-01-05T20:21:30.204Z"}},{"iob":0.015,"basaliob":0.015,"bolussnooze":0,"activity":3.0E-4,"lastBolusTime":0,"time":"2024-01-05T20:26:30.204Z","iobWithZeroTemp":{"iob":-0.475,"basaliob":-0.475,"bolussnooze":0,"activity":-0.0052,"lastBolusTime":0,"time":"2024-01-05T20:26:30.204Z"}},{"iob":0.013,"basaliob":0.013,"bolussnooze":0,"activity":3.0E-4,"lastBolusTime":0,"time":"2024-01-05T20:31:30.204Z","iobWithZeroTemp":{"iob":-0.477,"basaliob":-0.477,"bolussnooze":0,"activity":-0.0052,"lastBolusTime":0,"time":"2024-01-05T20:31:30.204Z"}},{"iob":0.012,"basaliob":0.012,"bolussnooze":0,"activity":2.0E-4,"lastBolusTime":0,"time":"2024-01-05T20:36:30.204Z","iobWithZeroTemp":{"iob":-0.477,"basaliob":-0.477,"bolussnooze":0,"activity":-0.0053,"lastBolusTime":0,"time":"2024-01-05T20:36:30.204Z"}},{"iob":0.011,"basaliob":0.011,"bolussnooze":0,"activity":2.0E-4,"lastBolusTime":0,"time":"2024-01-05T20:41:30.204Z","iobWithZeroTemp":{"iob":-0.478,"basaliob":-0.478,"bolussnooze":0,"activity":-0.0053,"lastBolusTime":0,"time":"2024-01-05T20:41:30.204Z"}},{"iob":0.01,"basaliob":0.01,"bolussnooze":0,"activity":2.0E-4,"lastBolusTime":0,"time":"2024-01-05T20:46:30.204Z","iobWithZeroTemp":{"iob":-0.479,"basaliob":-0.479,"bolussnooze":0,"activity":-0.0054,"lastBolusTime":0,"time":"2024-01-05T20:46:30.204Z"}},{"iob":0.009,"basaliob":0.009,"bolussnooze":0,"activity":2.0E-4,"lastBolusTime":0,"time":"2024-01-05T20:51:30.204Z","iobWithZeroTemp":{"iob":-0.479,"basaliob":-0.479,"bolussnooze":0,"activity":-0.0054,"lastBolusTime":0,"time":"2024-01-05T20:51:30.204Z"}},{"iob":0.008,"basaliob":0.008,"bolussnooze":0,"activity":2.0E-4,"lastBolusTime":0,"time":"2024-01-05T20:56:30.204Z","iobWithZeroTemp":{"iob":-0.479,"basaliob":-0.479,"bolussnooze":0,"activity":-0.0054,"lastBolusTime":0,"time":"2024-01-05T20:56:30.204Z"}},{"iob":0.007,"basaliob":0.007,"bolussnooze":0,"activity":2.0E-4,"lastBolusTime":0,"time":"2024-01-05T21:01:30.204Z","iobWithZeroTemp":{"iob":-0.48,"basaliob":-0.48,"bolussnooze":0,"activity":-0.0054,"lastBolusTime":0,"time":"2024-01-05T21:01:30.204Z"}},{"iob":0.006,"basaliob":0.006,"bolussnooze":0,"activity":1.0E-4,"lastBolusTime":0,"time":"2024-01-05T21:06:30.204Z","iobWithZeroTemp":{"iob":-0.48,"basaliob":-0.48,"bolussnooze":0,"activity":-0.0055,"lastBolusTime":0,"time":"2024-01-05T21:06:30.204Z"}},{"iob":0.006,"basaliob":0.006,"bolussnooze":0,"activity":1.0E-4,"lastBolusTime":0,"time":"2024-01-05T21:11:30.204Z","iobWithZeroTemp":{"iob":-0.478,"basaliob":-0.478,"bolussnooze":0,"activity":-0.0055,"lastBolusTime":0,"time":"2024-01-05T21:11:30.204Z"}},{"iob":0.005,"basaliob":0.005,"bolussnooze":0,"activity":1.0E-4,"lastBolusTime":0,"time":"2024-01-05T21:16:30.204Z","iobWithZeroTemp":{"iob":-0.478,"basaliob":-0.478,"bolussnooze":0,"activity":-0.0055,"lastBolusTime":0,"time":"2024-01-05T21:16:30.204Z"}},{"iob":0.005,"basaliob":0.005,"bolussnooze":0,"activity":1.0E-4,"lastBolusTime":0,"time":"2024-01-05T21:21:30.204Z","iobWithZeroTemp":{"iob":-0.477,"basaliob":-0.477,"bolussnooze":0,"activity":-0.0055,"lastBolusTime":0,"time":"2024-01-05T21:21:30.204Z"}}],"profile":{"max_iob":1,"type":"current","max_daily_basal":0.391,"max_basal":1.15,"min_bg":99,"max_bg":99,"target_bg":99,"carb_ratio":13.493868846632308,"sens":153.96499999999997,"max_daily_safety_multiplier":3,"current_basal_safety_multiplier":4,"lgsThreshold":69,"high_temptarget_raises_sensitivity":false,"low_temptarget_lowers_sensitivity":false,"sensitivity_raises_target":false,"resistance_lowers_target":false,"adv_target_adjustments":false,"exercise_mode":false,"half_basal_exercise_target":160,"maxCOB":120,"skip_neutral_temps":false,"remainingCarbsCap":90,"enableUAM":false,"A52_risk_enable":false,"SMBInterval":3,"enableSMB_with_COB":false,"enableSMB_with_temptarget":false,"allowSMB_with_high_temptarget":false,"enableSMB_always":false,"enableSMB_after_carbs":false,"maxSMBBasalMinutes":30,"maxUAMSMBBasalMinutes":30,"bolus_increment":0.05,"carbsReqThreshold":1,"current_basal":0.339,"temptargetSet":false,"autosens_max":1.2,"autosens_min":0.7,"variable_sens":160.2,"insulinDivisor":75,"TDD":9.49089919047619},"autosens_data":{"ratio":1},"meal_data":{"carbs":0,"mealCOB":0,"slopeFromMaxDeviation":-2.564,"slopeFromMinDeviation":0.7925454545454546,"lastBolusTime":1704452802638,"lastCarbTime":0},"microBolusAllowed":false,"currentTime":1704475593446,"flatBGsDetected":false,"tdd1D":8.32800000000001,"tdd7D":16.942322023809517,"tddLast24H":8.798749999999998,"tddLast4H":1.785416666666666,"tddLast8to4H":1.4821666666666666},"output":{"temp":"absolute","bg":170,"tick":"+8","eventualBG":179,"targetBG":99,"insulinReq":0.49,"deliverAt":"2024-01-05T17:26:33.446Z","sensitivityRatio":1,"variable_sens":160.2,"predBGs":{"IOB":[170,176,181,186,189,192,195,196,197,198,198,197,195,194,193,192,191,190,189,188,187,186,185,185,184,183,183,182,182,181,181,180,180,180,179,179,179,179,178,178,178,178,178,178,177],"ZT":[170,169,168,167,165,164,163,162,161,160,160,160,160,160]},"reason":"COB: 0, Dev: 46, BGI: -1, ISF: 160, CR: 13.49, Target: 99, minPredBG 177, minGuardBG 176, IOBpredBG 177; Eventual BG 179 >= 99, adj. req. rate: 1.32 to maxSafeBasal: 1.15, no temp, setting 1.15U\/hr. ","COB":0,"IOB":0.232,"duration":30,"rate":1.15,"timestamp":"2024-01-05T17:26:33.483Z"}}