{"algorithm":"OpenAPSAMAPlugin","input":{"glucoseStatus":{"glucose":133,"delta":15,"short_avgdelta":13.28,"long_avgdelta":8.86},"currenttemp":{"temp":"absolute","duration":0,"rate":0},"iob_data":[{"iob":0.243,"basaliob":-0.052,"bolussnooze":0,"activity":0.0036,"lastBolusTime":1704534111924,"time":"2024-01-06T11:08:00.000Z","iobWithZeroTemp":{"iob":0.243,"basaliob":-0.052,"bolussnooze":0,"activity":0.0036,"lastBolusTime":1704534111924,"time":"2024-01-06T11:08:00.000Z"}},{"iob":0.226,"basaliob":-0.046,"bolussnooze":0,"activity":0.0035,"lastBolusTime":1704534111924,"time":"2024-01-06T11:13:00.000Z","iobWithZeroTemp":{"iob":0.202,"basaliob":-0.07,"bolussnooze":0,"activity":0.0035,"lastBolusTime":1704534111924,"time":"2024-01-06T11:13:00.000Z"}},{"iob":0.209,"basaliob":-0.041,"bolussnooze":0,"activity":0.0033,"lastBolusTime":1704534111924,"time":"2024-01-06T11:18:00.000Z","iobWithZeroTemp":{"iob":0.155,"basaliob":-0.095,"bolussnooze":0,"activity":0.0032,"lastBolusTime":1704534111924,"time":"2024-01-06T11:18:00.000Z"}},{"iob":0.192,"basaliob":-0.037,"bolussnooze":0,"activity":0.0031,"lastBolusTime":1704534111924,"time":"2024-01-06T11:23:00.000Z","iobWithZeroTemp":{"iob":0.109,"basaliob":-0.12,"bolussnooze":0,"activity":0.0028,"lastBolusTime":1704534111924,"time":"2024-01-06T11:23:00.000Z"}},{"iob":0.177,"basaliob":-0.033,"bolussnooze":0,"activity":0.003,"lastBolusTime":1704534111924,"time":"2024-01-06T11:28:00.000Z","iobWithZeroTemp":{"iob":0.066,"basaliob":-0.144,"bolussnooze":0,"activity":0.0026,"lastBolusTime":1704534111924,"time":"2024-01-06T11:28:00.000Z"}},{"iob":0.164,"basaliob":-0.029,"bolussnooze":0,"activity":0.0027,"lastBolusTime":1704534111924,"time":"2024-01-06T11:33:00.000Z","iobWithZeroTemp":{"iob":0.026,"basaliob":-0.167,"bolussnooze":0,"activity":0.0021,"lastBolusTime":1704534111924,"time":"2024-01-06T11:33:00.000Z"}},{"iob":0.15,"basaliob":-0.026,"bolussnooze":0,"activity":0.0025,"lastBolusTime":1704534111924,"time":"2024-01-06T11:38:00.000Z","iobWithZeroTemp":{"iob":-0.015,"basaliob":-0.191,"bolussnooze":0,"activity":0.0016,"lastBolusTime":1704534111924,"time":"2024-01-06T11:38:00.000Z"}},{"iob":0.138,"basaliob":-0.023,"bolussnooze":0,"activity":0.0024,"lastBolusTime":1704534111924,"time":"2024-01-06T11:43:00.000Z","iobWithZeroTemp":{"iob":-0.052,"basaliob":-0.213,"bolussnooze":0,"activity":0.0013,"lastBolusTime":1704534111924,"time":"2024-01-06T11:43:00.000Z"}},{"iob":0.126,"basaliob":-0.021,"bolussnooze":0,"activity":0.0022,"lastBolusTime":1704534111924,"time":"2024-01-06T11:48:00.000Z","iobWithZeroTemp":{"iob":-0.088,"basaliob":-0.235,"bolussnooze":0,"activity":9.0E-4,"lastBolusTime":1704534111924,"time":"2024-01-06T11:48:00.000Z"}},{"iob":0.115,"basaliob":-0.019,"bolussnooze":0,"activity":0.0021,"lastBolusTime":1704534111924,"time":"2024-01-06T11:53:00.000Z","iobWithZeroTemp":{"iob":-0.121,"basaliob":-0.255,"bolussnooze":0,"activity":5.0E-4,"lastBolusTime":1704534111924,"time":"2024-01-06T11:53:00.000Z"}},{"iob":0.105,"basaliob":-0.017,"bolussnooze":0,"activity":0.0019,"lastBolusTime":1704534111924,"time":"2024-01-06T11:58:00.000Z","iobWithZeroTemp":{"iob":-0.153,"basaliob":-0.275,"bolussnooze":0,"activity":1.0E-4,"lastBolusTime":1704534111924,"time":"2024-01-06T11:58:00.000Z"}},{"iob":0.096,"basaliob":-0.015,"bolussnooze":0,"activity":0.0018,"lastBolusTime":1704534111924,"time":"2024-01-06T12:03:00.000Z","iobWithZeroTemp":{"iob":-0.181,"basaliob":-0.292,"bolussnooze":0,"activity":-3.0E-4,"lastBolusTime":1704534111924,"time":"2024-01-06T12:03:00.000Z"}},{"iob":0.088,"basaliob":-0.013,"bolussnooze":0,"activity":0.0016,"lastBolusTime":1704534111924,"time":"2024-01-06T12:08:00.000Z","iobWithZeroTemp":{"iob":-0.208,"basaliob":-0.309,"bolussnooze":0,"activity":-7.0E-4,"lastBolusTime":1704534111924,"time":"2024-01-06T12:08:00.000Z"}},{"iob":0.08,"basaliob":-0.012,"bolussnooze":0,"activity":0.0015,"lastBolusTime":1704534111924,"time":"2024-01-06T12:13:00.000Z","iobWithZeroTemp":{"iob":-0.233,"basaliob":-0.325,"bolussnooze":0,"activity":-0.0011,"lastBolusTime":1704534111924,"time":"2024-01-06T12:13:00.000Z"}},{"iob":0.074,"basaliob":-0.01,"bolussnooze":0,"activity":0.0014,"lastBolusTime":1704534111924,"time":"2024-01-06T12:18:00.000Z","iobWithZeroTemp":{"iob":-0.255,"basaliob":-0.339,"bolussnooze":0,"activity":-0.0014,"lastBolusTime":1704534111924,"time":"2024-01-06T12:18:00.000Z"}},{"iob":0.067,"basaliob":-0.009,"bolussnooze":0,"activity":0.0013,"lastBolusTime":1704534111924,"time":"2024-01-06T12:23:00.000Z","iobWithZeroTemp":{"iob":-0.276,"basaliob":-0.352,"bolussnooze":0,"activity":-0.0017,"lastBolusTime":1704534111924,"time":"2024-01-06T12:23:00.000Z"}},{"iob":0.061,"basaliob":-0.008,"bolussnooze":0,"activity":0.0012,"lastBolusTime":1704534111924,"time":"2024-01-06T12:28:00.000Z","iobWithZeroTemp":{"iob":-0.296,"basaliob":-0.365,"bolussnooze":0,"activity":-0.002,"lastBolusTime":1704534111924,"time":"2024-01-06T12:28:00.000Z"}},{"iob":0.055,"basaliob":-0.007,"bolussnooze":0,"activity":0.001,"lastBolusTime":1704534111924,"time":"2024-01-06T12:33:00.000Z","iobWithZeroTemp":{"iob":-0.315,"basaliob":-0.377,"bolussnooze":0,"activity":-0.0024,"lastBolusTime":1704534111924,"time":"2024-01-06T12:33:00.000Z"}},{"iob":0.05,"basaliob":-0.006,"bolussnooze":0,"activity":9.0E-4,"lastBolusTime":1704534111924,"time":"2024-01-06T12:38:00.000Z","iobWithZeroTemp":{"iob":-0.332,"basaliob":-0.388,"bolussnooze":0,"activity":-0.0027,"lastBolusTime":1704534111924,"time":"2024-01-06T12:38:00.000Z"}},{"iob":0.045,"basaliob":-0.006,"bolussnooze":0,"activity":9.0E-4,"lastBolusTime":1704534111924,"time":"2024-01-06T12:43:00.000Z","iobWithZeroTemp":{"iob":-0.348,"basaliob":-0.399,"bolussnooze":0,"activity":-0.0029,"lastBolusTime":1704534111924,"time":"2024-01-06T12:43:00.000Z"}},{"iob":0.041,"basaliob":-0.005,"bolussnooze":0,"activity":8.0E-4,"lastBolusTime":1704534111924,"time":"2024-01-06T12:48:00.000Z","iobWithZeroTemp":{"iob":-0.362,"basaliob":-0.408,"bolussnooze":0,"activity":-0.0031,"lastBolusTime":1704534111924,"time":"2024-01-06T12:48:00.000Z"}},{"iob":0.038,"basaliob":-0.004,"bolussnooze":0,"activity":8.0E-4,"lastBolusTime":1704534111924,"time":"2024-01-06T12:53:00.000Z","iobWithZeroTemp":{"iob":-0.374,"basaliob":-0.416,"bolussnooze":0,"activity":-0.0033,"lastBolusTime":1704534111924,"time":"2024-01-06T12:53:00.000Z"}},{"iob":0.033,"basaliob":-0.004,"bolussnooze":0,"activity":7.0E-4,"lastBolusTime":1704534111924,"time":"2024-01-06T12:58:00.000Z","iobWithZeroTemp":{"iob":-0.387,"basaliob":-0.424,"bolussnooze":0,"activity":-0.0035,"lastBolusTime":1704534111924,"time":"2024-01-06T12:58:00.000Z"}},{"iob":0.031,"basaliob":-0.003,"bolussnooze":0,"activity":6.0E-4,"lastBolusTime":1704534111924,"time":"2024-01-06T13:03:00.000Z","iobWithZeroTemp":{"iob":-0.397,"basaliob":-0.431,"bolussnooze":0,"activity":-0.0037,"lastBolusTime":1704534111924,"time":"2024-01-06T13:03:00.000Z"}},{"iob":0.027,"basaliob":-0.003,"bolussnooze":0,"activity":5.0E-4,"lastBolusTime":1704534111924,"time":"2024-01-06T13:08:00.000Z","iobWithZeroTemp":{"iob":-0.408,"basaliob":-0.438,"bolussnooze":0,"activity":-0.004,"lastBolusTime":1704534111924,"time":"2024-01-06T13:08:00.000Z"}},{"iob":0.024,"basaliob":-0.003,"bolussnooze":0,"activity":5.0E-4,"lastBolusTime":1704534111924,"time":"2024-01-06T13:13:00.000Z","iobWithZeroTemp":{"iob":-0.418,"basaliob":-0.445,"bolussnooze":0,"activity":-0.0041,"lastBolusTime":1704534111924,"time":"2024-01-06T13:13:00.000Z"}},{"iob":0.023,"basaliob":-0.002,"bolussnooze":0,"activity":4.0E-4,"lastBolusTime":1704534111924,"time":"2024-01-06T13:18:00.000Z","iobWithZeroTemp":{"iob":-0.425,"basaliob":-0.45,"bolussnooze":0,"activity":-0.0043,"lastBolusTime":1704534111924,"time":"2024-01-06T13:18:00.000Z"}},{"iob":0.02,"basaliob":-0.002,"bolussnooze":0,"activity":4.0E-4,"lastBolusTime":1704534111924,"time":"2024-01-06T13:23:00.000Z","iobWithZeroTemp":{"iob":-0.433,"basaliob":-0.455,"bolussnooze":0,"activity":-0.0044,"lastBolusTime":1704534111924,"time":"2024-01-06T13:23:00.000Z"}},{"iob":0.018,"basaliob":-0.002,"bolussnooze":0,"activity":4.0E-4,"lastBolusTime":1704534111924,"time":"2024-01-06T13:28:00.000Z","iobWithZeroTemp":{"iob":-0.44,"basaliob":-0.46,"bolussnooze":0,"activity":-0.0045,"lastBolusTime":1704534111924,"time":"2024-01-06T13:28:00.000Z"}},{"iob":0.017,"basaliob":-0.001,"bolussnooze":0,"activity":4.0E-4,"lastBolusTime":1704534111924,"time":"2024-01-06T13:33:00.000Z","iobWithZeroTemp":{"iob":-0.445,"basaliob":-0.463,"bolussnooze":0,"activity":-0.0046,"lastBolusTime":1704534111924,"time":"2024-01-06T13:33:00.000Z"}},{"iob":0.015,"basaliob":-0.001,"bolussnooze":0,"activity":4.0E-4,"lastBolusTime":1704534111924,"time":"2024-01-06T13:38:00.000Z","iobWithZeroTemp":{"iob":-0.452,"basaliob":-0.468,"bolussnooze":0,"activity":-0.0046,"lastBolusTime":1704534111924,"time":"2024-01-06T13:38:00.000Z"}},{"iob":0.013,"basaliob":-0.001,"bolussnooze":0,"activity":3.0E-4,"lastBolusTime":1704534111924,"time":"2024-01-06T13:43:00.000Z","iobWithZeroTemp":{"iob":-0.457,"basaliob":-0.471,"bolussnooze":0,"activity":-0.0048,"lastBolusTime":1704534111924,"time":"2024-01-06T13:43:00.000Z"}},{"iob":0.012,"basaliob":-0.001,"bolussnooze":0,"activity":3.0E-4,"lastBolusTime":1704534111924,"time":"2024-01-06T13:48:00.000Z","iobWithZeroTemp":{"iob":-0.462,"basaliob":-0.475,"bolussnooze":0,"activity":-0.0049,"lastBolusTime":1704534111924,"time":"2024-01-06T13:48:00.000Z"}},{"iob":0.01,"basaliob":-0.001,"bolussnooze":0,"activity":3.0E-4,"lastBolusTime":1704534111924,"time":"2024-01-06T13:53:00.000Z","iobWithZeroTemp":{"iob":-0.467,"basaliob":-0.478,"bolussnooze":0,"activity":-0.0049,"lastBolusTime":1704534111924,"time":"2024-01-06T13:53:00.000Z"}},{"iob":0.009,"basaliob":-0.001,"bolussnooze":0,"activity":2.0E-4,"lastBolusTime":1704534111924,"time":"2024-01-06T13:58:00.000Z","iobWithZeroTemp":{"iob":-0.471,"basaliob":-0.481,"bolussnooze":0,"activity":-0.0051,"lastBolusTime":1704534111924,"time":"2024-01-06T13:58:00.000Z"}},{"iob":0.008,"basaliob":-0.001,"bolussnooze":0,"activity":2.0E-4,"lastBolusTime":1704534111924,"time":"2024-01-06T14:03:00.000Z","iobWithZeroTemp":{"iob":-0.475,"basaliob":-0.484,"bolussnooze":0,"activity":-0.0051,"lastBolusTime":1704534111924,"time":"2024-01-06T14:03:00.000Z"}},{"iob":0.008,"basaliob":0,"bolussnooze":0,"activity":2.0E-4,"lastBolusTime":1704534111924,"time":"2024-01-06T14:08:00.000Z","iobWithZeroTemp":{"iob":-0.478,"basaliob":-0.486,"bolussnooze":0,"activity":-0.0052,"lastBolusTime":1704534111924,"time":"2024-01-06T14:08:00.000Z"}},{"iob":0.007,"basaliob":0,"bolussnooze":0,"activity":2.0E-4,"lastBolusTime":1704534111924,"time":"2024-01-06T14:13:00.000Z","iobWithZeroTemp":{"iob":-0.482,"basaliob":-0.489,"bolussnooze":0,"activity":-0.0052,"lastBolusTime":1704534111924,"time":"2024-01-06T14:13:00.000Z"}},{"iob":0.006,"basaliob":0,"bolussnooze":0,"activity":2.0E-4,"lastBolusTime":1704534111924,"time":"2024-01-06T14:18:00.000Z","iobWithZeroTemp":{"iob":-0.486,"basaliob":-0.492,"bolussnooze":0,"activity":-0.0053,"lastBolusTime":1704534111924,"time":"2024-01-06T14:18:00.000Z"}},{"iob":0.005,"basaliob":0,"bolussnooze":0,"activity":1.0E-4,"lastBolusTime":1704534111924,"time":"2024-01-06T14:23:00.000Z","iobWithZeroTemp":{"iob":-0.489,"basaliob":-0.494,"bolussnooze":0,"activity":-0.0054,"lastBolusTime":1704534111924,"time":"2024-01-06T14:23:00.000Z"}},{"iob":0.005,"basaliob":0,"bolussnooze":0,"activity":1.0E-4,"lastBolusTime":1704534111924,"time":"2024-01-06T14:28:00.000Z","iobWithZeroTemp":{"iob":-0.491,"basaliob":-0.496,"bolussnooze":0,"activity":-0.0055,"lastBolusTime":1704534111924,"time":"2024-01-06T14:28:00.000Z"}},{"iob":0.004,"basaliob":0,"bolussnooze":0,"activity":1.0E-4,"lastBolusTime":1704534111924,"time":"2024-01-06T14:33:00.000Z","iobWithZeroTemp":{"iob":-0.494,"basaliob":-0.498,"bolussnooze":0,"activity":-0.0055,"lastBolusTime":1704534111924,"time":"2024-01-06T14:33:00.000Z"}},{"iob":0.004,"basaliob":0,"bolussnooze":0,"activity":1.0E-4,"lastBolusTime":1704534111924,"time":"2024-01-06T14:38:00.000Z","iobWithZeroTemp":{"iob":-0.496,"basaliob":-0.5,"bolussnooze":0,"activity":-0.0055,"lastBolusTime":1704534111924,"time":"2024-01-06T14:38:00.000Z"}},{"iob":0.003,"basaliob":0,"bolussnooze":0,"activity":1.0E-4,"lastBolusTime":1704534111924,"time":"2024-01-06T14:43:00.000Z","iobWithZeroTemp":{"iob":-0.499,"basaliob":-0.502,"bolussnooze":0,"activity":-0.0056,"lastBolusTime":1704534111924,"time":"2024-01-06T14:43:00.000Z"}},{"iob":0.003,"basaliob":0,"bolussnooze":0,"activity":1.0E-4,"lastBolusTime":1704534111924,"time":"2024-01-06T14:48:00.000Z","iobWithZeroTemp":{"iob":-0.501,"basaliob":-0.504,"bolussnooze":0,"activity":-0.0056,"lastBolusTime":1704534111924,"time":"2024-01-06T14:48:00.000Z"}},{"iob":0.003,"basaliob":0,"bolussnooze":0,"activity":1.0E-4,"lastBolusTime":1704534111924,"time":"2024-01-06T14:53:00.000Z","iobWithZeroTemp":{"iob":-0.502,"basaliob":-0.505,"bolussnooze":0,"activity":-0.0056,"lastBolusTime":1704534111924,"time":"2024-01-06T14:53:00.000Z"}},{"iob":0.002,"basaliob":0,"bolussnooze":0,"activity":1.0E-4,"lastBolusTime":1704534111924,"time":"2024-01-06T14:58:00.000Z","iobWithZeroTemp":{"iob":-0.504,"basaliob":-0.506,"bolussnooze":0,"activity":-0.0056,"lastBolusTime":1704534111924,"time":"2024-01-06T14:58:00.000Z"}},{"iob":0.002,"basaliob":0,"bolussnooze":0,"activity":1.0E-4,"lastBolusTime":1704534111924,"time":"2024-01-06T15:03:00.000Z","iobWithZeroTemp":{"iob":-0.505,"basaliob":-0.507,"bolussnooze":0,"activity":-0.0057,"lastBolusTime":1704534111924,"time":"2024-01-06T15:03:00.000Z"}},{"iob":0.002,"basaliob":0,"bolussnooze":0,"activity":0,"lastBolusTime":1704534111924,"time":"2024-01-06T15:08:00.000Z","iobWithZeroTemp":{"iob":-0.506,"basaliob":-0.508,"bolussnooze":0,"activity":-0.0058,"lastBolusTime":1704534111924,"time":"2024-01-06T15:08:00.000Z"}},{"iob":0.001,"basaliob":0,"bolussnooze":0,"activity":0,"lastBolusTime":1704534111924,"time":"2024-01-06T15:13:00.000Z","iobWithZeroTemp":{"iob":-0.484,"basaliob":-0.485,"bolussnooze":0,"activity":-0.0058,"lastBolusTime":1704534111924,"time":"2024-01-06T15:13:00.000Z"}},{"iob":0.001,"basaliob":0,"bolussnooze":0,"activity":0,"lastBolusTime":1704534111924,"time":"2024-01-06T15:18:00.000Z","iobWithZeroTemp":{"iob":-0.455,"basaliob":-0.456,"bolussnooze":0,"activity":-0.0057,"lastBolusTime":1704534111924,"time":"2024-01-06T15:18:00.000Z"}},{"iob":0.001,"basaliob":0,"bolussnooze":0,"activity":0,"lastBolusTime":1704534111924,"time":"2024-01-06T15:23:00.000Z","iobWithZeroTemp":{"iob":-0.427,"basaliob":-0.428,"bolussnooze":0,"activity":-0.0056,"lastBolusTime":1704534111924,"time":"2024-01-06T15:23:00.000Z"}},{"iob":0.001,"basaliob":0,"bolussnooze":0,"activity":0,"lastBolusTime":1704534111924,"time":"2024-01-06T15:28:00.000Z","iobWithZeroTemp":{"iob":-0.4,"basaliob":-0.401,"bolussnooze":0,"activity":-0.0054,"lastBolusTime":1704534111924,"time":"2024-01-06T15:28:00.000Z"}},{"iob":0.001,"basaliob":0,"bolussnooze":0,"activity":0,"lastBolusTime":1704534111924,"time":"2024-01-06T15:33:00.000Z","iobWithZeroTemp":{"iob":-0.373,"basaliob":-0.374,"bolussnooze":0,"activity":-0.0052,"lastBolusTime":1704534111924,"time":"2024-01-06T15:33:00.000Z"}},{"iob":0.001,"basaliob":0,"bolussnooze":0,"activity":0,"lastBolusTime":1704534111924,"time":"2024-01-06T15:38:00.000Z","iobWithZeroTemp":{"iob":-0.348,"basaliob":-0.349,"bolussnooze":0,"activity":-0.005,"lastBolusTime":1704534111924,"time":"2024-01-06T15:38:00.000Z"}},{"iob":0.001,"basaliob":0,"bolussnooze":0,"activity":0,"lastBolusTime":1704534111924,"time":"2024-01-06T15:43:00.000Z","iobWithZeroTemp":{"iob":-0.323,"basaliob":-0.324,"bolussnooze":0,"activity":-0.0048,"lastBolusTime":1704534111924,"time":"2024-01-06T15:43:00.000Z"}},{"iob":0,"basaliob":0,"bolussnooze":0,"activity":0,"lastBolusTime":1704534111924,"time":"2024-01-06T15:48:00.000Z","iobWithZeroTemp":{"iob":-0.301,"basaliob":-0.301,"bolussnooze":0,"activity":-0.0045,"lastBolusTime":1704534111924,"time":"2024-01-06T15:48:00.000Z"}},{"iob":0,"basaliob":0,"bolussnooze":0,"activity":0,"lastBolusTime":1704534111924,"time":"2024-01-06T15:53:00.000Z","iobWithZeroTemp":{"iob":-0.279,"basaliob":-0.279,"bolussnooze":0,"activity":-0.0043,"lastBolusTime":1704534111924,"time":"2024-01-06T15:53:00.000Z"}},{"iob":0,"basaliob":0,"bolussnooze":0,"activity":0,"lastBolusTime":1704534111924,"time":"2024-01-06T15:58:00.000Z","iobWithZeroTemp":{"iob":-0.258,"basaliob":-0.258,"bolussnooze":0,"activity":-0.0041,"lastBolusTime":1704534111924,"time":"2024-01-06T15:58:00.000Z"}},{"iob":0,"basaliob":0,"bolussnooze":0,"activity":0,"lastBolusTime":1704534111924,"time":"2024-01-06T16:03:00.000Z","iobWithZeroTemp":{"iob":-0.238,"basaliob":-0.238,"bolussnooze":0,"activity":-0.0038,"lastBolusTime":1704534111924,"time":"2024-01-06T16:03:00.000Z"}},{"iob":0,"basaliob":0,"bolussnooze":0,"activity":0,"lastBolusTime":1704534111924,"time":"2024-01-06T16:08:00.000Z","iobWithZeroTemp":{"iob":-0.22,"basaliob":-0.22,"bolussnooze":0,"activity":-0.0036,"lastBolusTime":1704534111924,"time":"2024-01-06T16:08:00.000Z"}},{"iob":0,"basaliob":0,"bolussnooze":0,"activity":0,"lastBolusTime":1704534111924,"time":"2024-01-06T16:13:00.000Z","iobWithZeroTemp":{"iob":-0.202,"basaliob":-0.202,"bolussnooze":0,"activity":-0.0034,"lastBolusTime":1704534111924,"time":"2024-01-06T16:13:00.000Z"}},{"iob":0,"basaliob":0,"bolussnooze":0,"activity":0,"lastBolusTime":1704534111924,"time":"2024-01-06T16:18:00.000Z","iobWithZeroTemp":{"iob":-0.186,"basaliob":-0.186,"bolussnooze":0,"activity":-0.0031,"lastBolusTime":1704534111924,"time":"2024-01-06T16:18:00.000Z"}},{"iob":0,"basaliob":0,"bolussnooze":0,"activity":0,"lastBolusTime":1704534111924,"time":"2024-01-06T16:23:00.000Z","iobWithZeroTemp":{"iob":-0.171,"basaliob":-0.171,"bolussnooze":0,"activity":-0.0029,"lastBolusTime":1704534111924,"time":"2024-01-06T16:23:00.000Z"}},{"iob":0,"basaliob":0,"bolussnooze":0,"activity":0,"lastBolusTime":1704534111924,"time":"2024-01-06T16:28:00.000Z","iobWithZeroTemp":{"iob":-0.157,"basaliob":-0.157,"bolussnooze":0,"activity":-0.0027,"lastBolusTime":1704534111924,"time":"2024-01-06T16:28:00.000Z"}},{"iob":0,"basaliob":0,"bolussnooze":0,"activity":0,"lastBolusTime":1704534111924,"time":"2024-01-06T16:33:00.000Z","iobWithZeroTemp":{"iob":-0.144,"basaliob":-0.144,"bolussnooze":0,"activity":-0.0025,"lastBolusTime":1704534111924,"time":"2024-01-06T16:33:00.000Z"}},{"iob":0,"basaliob":0,"bolussnooze":0,"activity":0,"lastBolusTime":1704534111924,"time":"2024-01-06T16:38:00.000Z","iobWithZeroTemp":{"iob":-0.131,"basaliob":-0.131,"bolussnooze":0,"activity":-0.0023,"lastBolusTime":1704534111924,"time":"2024-01-06T16:38:00.000Z"}},{"iob":0,"basaliob":0,"bolussnooze":0,"activity":0,"lastBolusTime":1704534111924,"time":"2024-01-06T16:43:00.000Z","iobWithZeroTemp":{"iob":-0.12,"basaliob":-0.12,"bolussnooze":0,"activity":-0.0022,"lastBolusTime":1704534111924,"time":"2024-01-06T16:43:00.000Z"}},{"iob":0,"basaliob":0,"bolussnooze":0,"activity":0,"lastBolusTime":1704534111924,"time":"2024-01-06T16:48:00.000Z","iobWithZeroTemp":{"iob":-0.11,"basaliob":-0.11,"bolussnooze":0,"activity":-0.002,"lastBolusTime":1704534111924,"time":"2024-01-06T16:48:00.000Z"}},{"iob":0,"basaliob":0,"bolussnooze":0,"activity":0,"lastBolusTime":1704534111924,"time":"2024-01-06T16:53:00.000Z","iobWithZeroTemp":{"iob":-0.1,"basaliob":-0.1,"bolussnooze":0,"activity":-0.0018,"lastBolusTime":1704534111924,"time":"2024-01-06T16:53:00.000Z"}},{"iob":0,"basaliob":0,"bolussnooze":0,"activity":0,"lastBolusTime":1704534111924,"time":"2024-01-06T16:58:00.000Z","iobWithZeroTemp":{"iob":-0.091,"basaliob":-0.091,"bolussnooze":0,"activity":-0.0017,"lastBolusTime":1704534111924,"time":"2024-01-06T16:58:00.000Z"}},{"iob":0,"basaliob":0,"bolussnooze":0,"activity":0,"lastBolusTime":1704534111924,"time":"2024-01-06T17:03:00.000Z","iobWithZeroTemp":{"iob":-0.083,"basaliob":-0.083,"bolussnooze":0,"activity":-0.0016,"lastBolusTime":1704534111924,"time":"2024-01-06T17:03:00.000Z"}},{"iob":0,"basaliob":0,"bolussnooze":0,"activity":0,"lastBolusTime":1704534111924,"time":"2024-01-06T17:08:00.000Z","iobWithZeroTemp":{"iob":-0.076,"basaliob":-0.076,"bolussnooze":0,"activity":-0.0014,"lastBolusTime":1704534111924,"time":"2024-01-06T17:08:00.000Z"}},{"iob":0,"basaliob":0,"bolussnooze":0,"activity":0,"lastBolusTime":1704534111924,"time":"2024-01-06T17:13:00.000Z","iobWithZeroTemp":{"iob":-0.069,"basaliob":-0.069,"bolussnooze":0,"activity":-0.0013,"lastBolusTime":1704534111924,"time":"2024-01-06T17:13:00.000Z"}},{"iob":0,"basaliob":0,"bolussnooze":0,"activity":0,"lastBolusTime":1704534111924,"time":"2024-01-06T17:18:00.000Z","iobWithZeroTemp":{"iob":-0.062,"basaliob":-0.062,"bolussnooze":0,"activity":-0.0012,"lastBolusTime":1704534111924,"time":"2024-01-06T17:18:00.000Z"}},{"iob":0,"basaliob":0,"bolussnooze":0,"activity":0,"lastBolusTime":1704534111924,"time":"2024-01-06T17:23:00.000Z","iobWithZeroTemp":{"iob":-0.057,"basaliob":-0.057,"bolussnooze":0,"activity":-0.0011,"lastBolusTime":1704534111924,"time":"2024-01-06T17:23:00.000Z"}},{"iob":0,"basaliob":0,"bolussnooze":0,"activity":0,"lastBolusTime":1704534111924,"time":"2024-01-06T17:28:00.000Z","iobWithZeroTemp":{"iob":-0.051,"basaliob":-0.051,"bolussnooze":0,"activity":-0.001,"lastBolusTime":1704534111924,"time":"2024-01-06T17:28:00.000Z"}},{"iob":0,"basaliob":0,"bolussnooze":0,"activity":0,"lastBolusTime":1704534111924,"time":"2024-01-06T17:33:00.000Z","iobWithZeroTemp":{"iob":-0.046,"basaliob":-0.046,"bolussnooze":0,"activity":-9.0E-4,"lastBolusTime":1704534111924,"time":"2024-01-06T17:33:00.000Z"}},{"iob":0,"basaliob":0,"bolussnooze":0,"activity":0,"lastBolusTime":1704534111924,"time":"2024-01-06T17:38:00.000Z","iobWithZeroTemp":{"iob":-0.042,"basaliob":-0.042,"bolussnooze":0,"activity":-8.0E-4,"lastBolusTime":1704534111924,"time":"2024-01-06T17:38:00.000Z"}},{"iob":0,"basaliob":0,"bolussnooze":0,"activity":0,"lastBolusTime":0,"time":"2024-01-06T17:43:00.000Z","iobWithZeroTemp":{"iob":-0.038,"basaliob":-0.038,"bolussnooze":0,"activity":-8.0E-4,"lastBolusTime":0,"time":"2024-01-06T17:43:00.000Z"}},{"iob":0,"basaliob":0,"bolussnooze":0,"activity":0,"lastBolusTime":0,"time":"2024-01-06T17:48:00.000Z","iobWithZeroTemp":{"iob":-0.034,"basaliob":-0.034,"bolussnooze":0,"activity":-7.0E-4,"lastBolusTime":0,"time":"2024-01-06T17:48:00.000Z"}},{"iob":0,"basaliob":0,"bolussnooze":0,"activity":0,"lastBolusTime":0,"time":"2024-01-06T17:53:00.000Z","iobWithZeroTemp":{"iob":-0.031,"basaliob":-0.031,"bolussnooze":0,"activity":-6.0E-4,"lastBolusTime":0,"time":"2024-01-06T17:53:00.000Z"}},{"iob":0,"basaliob":0,"bolussnooze":0,"activity":0,"lastBolusTime":0,"time":"2024-01-06T17:58:00.000Z","iobWithZeroTemp":{"iob":-0.028,"basaliob":-0.028,"bolussnooze":0,"activity":-6.0E-4,"lastBolusTime":0,"time":"2024-01-06T17:58:00.000Z"}},{"iob":0,"basaliob":0,"bolussnooze":0,"activity":0,"lastBolusTime":0,"time":"2024-01-06T18:03:00.000Z","iobWithZeroTemp":{"iob":-0.025,"basaliob":-0.025,"bolussnooze":0,"activity":-5.0E-4,"lastBolusTime":0,"time":"2024-01-06T18:03:00.000Z"}},{"iob":0,"basaliob":0,"bolussnooze":0,"activity":0,"lastBolusTime":0,"time":"2024-01-06T18:08:00.000Z","iobWithZeroTemp":{"iob":-0.023,"basaliob":-0.023,"bolussnooze":0,"activity":-5.0E-4,"lastBolusTime":0,"time":"2024-01-06T18:08:00.000Z"}},{"iob":0,"basaliob":0,"bolussnooze":0,"activity":0,"lastBolusTime":0,"time":"2024-01-06T18:13:00.000Z","iobWithZeroTemp":{"iob":-0.02,"basaliob":-0.02,"bolussnooze":0,"activity":-4.0E-4,"lastBolusTime":0,"time":"2024-01-06T18:13:00.000Z"}},{"iob":0,"basaliob":0,"bolussnooze":0,"activity":0,"lastBolusTime":0,"time":"2024-01-06T18:18:00.000Z","iobWithZeroTemp":{"iob":-0.018,"basaliob":-0.018,"bolussnooze":0,"activity":-4.0E-4,"lastBolusTime":0,"time":"2024-01-06T18:18:00.000Z"}},{"iob":0,"basaliob":0,"bolussnooze":0,"activity":0,"lastBolusTime":0,"time":"2024-01-06T18:23:00.000Z","iobWithZeroTemp":{"iob":-0.016,"basaliob":-0.016,"bolussnooze":0,"activity":-4.0E-4,"lastBolusTime":0,"time":"2024-01-06T18:23:00.000Z"}},{"iob":0,"basaliob":0,"bolussnooze":0,"activity":0,"lastBolusTime":0,"time":"2024-01-06T18:28:00.000Z","iobWithZeroTemp":{"iob":-0.015,"basaliob":-0.015,"bolussnooze":0,"activity":-3.0E-4,"lastBolusTime":0,"time":"2024-01-06T18:28:00.000Z"}},{"iob":0,"basaliob":0,"bolussnooze":0,"activity":0,"lastBolusTime":0,"time":"2024-01-06T18:33:00.000Z","iobWithZeroTemp":{"iob":-0.013,"basaliob":-0.013,"bolussnooze":0,"activity":-3.0E-4,"lastBolusTime":0,"time":"2024-01-06T18:33:00.000Z"}},{"iob":0,"basaliob":0,"bolussnooze":0,"activity":0,"lastBolusTime":0,"time":"2024-01-06T18:38:00.000Z","iobWithZeroTemp":{"iob":-0.012,"basaliob":-0.012,"bolussnooze":0,"activity":-3.0E-4,"lastBolusTime":0,"time":"2024-01-06T18:38:00.000Z"}},{"iob":0,"basaliob":0,"bolussnooze":0,"activity":0,"lastBolusTime":0,"time":"2024-01-06T18:43:00.000Z","iobWithZeroTemp":{"iob":-0.01,"basaliob":-0.01,"bolussnooze":0,"activity":-2.0E-4,"lastBolusTime":0,"time":"2024-01-06T18:43:00.000Z"}},{"iob":0,"basaliob":0,"bolussnooze":0,"activity":0,"lastBolusTime":0,"time":"2024-01-06T18:48:00.000Z","iobWithZeroTemp":{"iob":-0.009,"basaliob":-0.009,"bolussnooze":0,"activity":-2.0E-4,"lastBolusTime":0,"time":"2024-01-06T18:48:00.000Z"}},{"iob":0,"basaliob":0,"bolussnooze":0,"activity":0,"lastBolusTime":0,"time":"2024-01-06T18:53:00.000Z","iobWithZeroTemp":{"iob":-0.008,"basaliob":-0.008,"bolussnooze":0,"activity":-2.0E-4,"lastBolusTime":0,"time":"2024-01-06T18:53:00.000Z"}},{"iob":0,"basaliob":0,"bolussnooze":0,"activity":0,"lastBolusTime":0,"time":"2024-01-06T18:58:00.000Z","iobWithZeroTemp":{"iob":-0.007,"basaliob":-0.007,"bolussnooze":0,"activity":-2.0E-4,"lastBolusTime":0,"time":"2024-01-06T18:58:00.000Z"}},{"iob":0,"basaliob":0,"bolussnooze":0,"activity":0,"lastBolusTime":0,"time":"2024-01-06T19:03:00.000Z","iobWithZeroTemp":{"iob":-0.007,"basaliob":-0.007,"bolussnooze":0,"activity":-2.0E-4,"lastBolusTime":0,"time":"2024-01-06T19:03:00.000Z"}},{"iob":0,"basaliob":0,"bolussnooze":0,"activity":0,"lastBolusTime":0,"time":"2024-01-06T19:08:00.000Z","iobWithZeroTemp":{"iob":-0.006,"basaliob":-0.006,"bolussnooze":0,"activity":-1.0E-4,"lastBolusTime":0,"time":"2024-01-06T19:08:00.000Z"}},{"iob":0,"basaliob":0,"bolussnooze":0,"activity":0,"lastBolusTime":0,"time":"2024-01-06T19:13:00.000Z","iobWithZeroTemp":{"iob":-0.005,"basaliob":-0.005,"bolussnooze":0,"activity":-1.0E-4,"lastBolusTime":0,"time":"2024-01-06T19:13:00.000Z"}},{"iob":0,"basaliob":0,"bolussnooze":0,"activity":0,"lastBolusTime":0,"time":"2024-01-06T19:18:00.000Z","iobWithZeroTemp":{"iob":-0.005,"basaliob":-0.005,"bolussnooze":0,"activity":-1.0E-4,"lastBolusTime":0,"time":"2024-01-06T19:18:00.000Z"}},{"iob":0,"basaliob":0,"bolussnooze":0,"activity":0,"lastBolusTime":0,"time":"2024-01-06T19:23:00.000Z","iobWithZeroTemp":{"iob":-0.004,"basaliob":-0.004,"bolussnooze":0,"activity":-1.0E-4,"lastBolusTime":0,"time":"2024-01-06T19:23:00.000Z"}},{"iob":0,"basaliob":0,"bolussnooze":0,"activity":0,"lastBolusTime":0,"time":"2024-01-06T19:28:00.000Z","iobWithZeroTemp":{"iob":-0.004,"basaliob":-0.004,"bolussnooze":0,"activity":-1.0E-4,"lastBolusTime":0,"time":"2024-01-06T19:28:00.000Z"}},{"iob":0,"basaliob":0,"bolussnooze":0,"activity":0,"lastBolusTime":0,"time":"2024-01-06T19:33:00.000Z","iobWithZeroTemp":{"iob":-0.003,"basaliob":-0.003,"bolussnooze":0,"activity":-1.0E-4,"lastBolusTime":0,"time":"2024-01-06T19:33:00.000Z"}}],"profile":{"max_iob":1.5,"dia":3,"type":"current","max_daily_basal":0.391,"max_basal":2.35,"min_bg":99,"max_bg":99,"target_bg":99,"carb_ratio":11.244890705526924,"sens":153.96499999999997,"max_daily_safety_multiplier":6,"current_basal_safety_multiplier":8,"skip_neutral_temps":true,"current_basal":0.36,"temptargetSet":false,"autosens_adjust_targets":true,"min_5m_carbimpact":8},"autosens_data":{"ratio":1},"meal_data":{"carbs":20,"mealCOB":0}},"output":{"temp":"absolute","bg":133,"tick":"+15","eventualBG":166,"snoozeBG":166,"predBGs":{"IOB":[133,141,148,154,159,164,168,170,172,174,174,173,172,171,170,169,168,167,166,165,165,164,163,163,162,162,162,161,161,161,160,160,160,160,159,159,159,159,159,159,158]},"COB":0,"IOB":0.243,"reason":"COB: 0, Dev: 70, BGI: -2.77, ISF: 154, Target: 99; Eventual BG 166 >= 99, no temp, setting 1.24U\/hr","duration":30,"rate":1.24,"timestamp":"2024-01-06T11:07:36.075Z"}}