{"algorithm":"OpenAPSSMBDynamicISFPlugin","input":{"glucoseStatus":{"glucose":63,"noise":0,"delta":-12,"short_avgdelta":-12.5,"long_avgdelta":-13.88,"date":1704450300000},"currenttemp":{"temp":"absolute","duration":64,"rate":0,"minutesrunning":26},"iob_data":[{"iob":-0.164,"basaliob":-0.164,"bolussnooze":0,"activity":-9.0E-4,"lastBolusTime":0,"time":"2024-01-05T10:27:35.933Z","iobWithZeroTemp":{"iob":-0.164,"basaliob":-0.164,"bolussnooze":0,"activity":-9.0E-4,"lastBolusTime":0,"time":"2024-01-05T10:27:35.933Z"}},{"iob":-0.159,"basaliob":-0.159,"bolussnooze":0,"activity":-0.0011,"lastBolusTime":0,"time":"2024-01-05T10:32:35.933Z","iobWithZeroTemp":{"iob":-0.182,"basaliob":-0.182,"bolussnooze":0,"activity":-0.0011,"lastBolusTime":0,"time":"2024-01-05T10:32:35.933Z"}},{"iob":-0.153,"basaliob":-0.153,"bolussnooze":0,"activity":-0.0012,"lastBolusTime":0,"time":"2024-01-05T10:37:35.933Z","iobWithZeroTemp":{"iob":-0.205,"basaliob":-0.205,"bolussnooze":0,"activity":-0.0013,"lastBolusTime":0,"time":"2024-01-05T10:37:35.933Z"}},{"iob":-0.147,"basaliob":-0.147,"bolussnooze":0,"activity":-0.0013,"lastBolusTime":0,"time":"2024-01-05T10:42:35.933Z","iobWithZeroTemp":{"iob":-0.228,"basaliob":-0.228,"bolussnooze":0,"activity":-0.0015,"lastBolusTime":0,"time":"2024-01-05T10:42:35.933Z"}},{"iob":-0.14,"basaliob":-0.14,"bolussnooze":0,"activity":-0.0014,"lastBolusTime":0,"time":"2024-01-05T10:47:35.933Z","iobWithZeroTemp":{"iob":-0.248,"basaliob":-0.248,"bolussnooze":0,"activity":-0.0018,"lastBolusTime":0,"time":"2024-01-05T10:47:35.933Z"}},{"iob":-0.133,"basaliob":-0.133,"bolussnooze":0,"activity":-0.0014,"lastBolusTime":0,"time":"2024-01-05T10:52:35.933Z","iobWithZeroTemp":{"iob":-0.268,"basaliob":-0.268,"bolussnooze":0,"activity":-0.002,"lastBolusTime":0,"time":"2024-01-05T10:52:35.933Z"}},{"iob":-0.126,"basaliob":-0.126,"bolussnooze":0,"activity":-0.0014,"lastBolusTime":0,"time":"2024-01-05T10:57:35.933Z","iobWithZeroTemp":{"iob":-0.286,"basaliob":-0.286,"bolussnooze":0,"activity":-0.0022,"lastBolusTime":0,"time":"2024-01-05T10:57:35.933Z"}},{"iob":-0.119,"basaliob":-0.119,"bolussnooze":0,"activity":-0.0014,"lastBolusTime":0,"time":"2024-01-05T11:02:35.933Z","iobWithZeroTemp":{"iob":-0.305,"basaliob":-0.305,"bolussnooze":0,"activity":-0.0024,"lastBolusTime":0,"time":"2024-01-05T11:02:35.933Z"}},{"iob":-0.112,"basaliob":-0.112,"bolussnooze":0,"activity":-0.0014,"lastBolusTime":0,"time":"2024-01-05T11:07:35.933Z","iobWithZeroTemp":{"iob":-0.322,"basaliob":-0.322,"bolussnooze":0,"activity":-0.0027,"lastBolusTime":0,"time":"2024-01-05T11:07:35.933Z"}},{"iob":-0.105,"basaliob":-0.105,"bolussnooze":0,"activity":-0.0014,"lastBolusTime":0,"time":"2024-01-05T11:12:35.933Z","iobWithZeroTemp":{"iob":-0.338,"basaliob":-0.338,"bolussnooze":0,"activity":-0.0029,"lastBolusTime":0,"time":"2024-01-05T11:12:35.933Z"}},{"iob":-0.098,"basaliob":-0.098,"bolussnooze":0,"activity":-0.0013,"lastBolusTime":0,"time":"2024-01-05T11:17:35.933Z","iobWithZeroTemp":{"iob":-0.353,"basaliob":-0.353,"bolussnooze":0,"activity":-0.0031,"lastBolusTime":0,"time":"2024-01-05T11:17:35.933Z"}},{"iob":-0.092,"basaliob":-0.092,"bolussnooze":0,"activity":-0.0013,"lastBolusTime":0,"time":"2024-01-05T11:22:35.933Z","iobWithZeroTemp":{"iob":-0.367,"basaliob":-0.367,"bolussnooze":0,"activity":-0.0033,"lastBolusTime":0,"time":"2024-01-05T11:22:35.933Z"}},{"iob":-0.085,"basaliob":-0.085,"bolussnooze":0,"activity":-0.0012,"lastBolusTime":0,"time":"2024-01-05T11:27:35.933Z","iobWithZeroTemp":{"iob":-0.379,"basaliob":-0.379,"bolussnooze":0,"activity":-0.0035,"lastBolusTime":0,"time":"2024-01-05T11:27:35.933Z"}},{"iob":-0.079,"basaliob":-0.079,"bolussnooze":0,"activity":-0.0012,"lastBolusTime":0,"time":"2024-01-05T11:32:35.933Z","iobWithZeroTemp":{"iob":-0.391,"basaliob":-0.391,"bolussnooze":0,"activity":-0.0037,"lastBolusTime":0,"time":"2024-01-05T11:32:35.933Z"}},{"iob":-0.074,"basaliob":-0.074,"bolussnooze":0,"activity":-0.0011,"lastBolusTime":0,"time":"2024-01-05T11:37:35.933Z","iobWithZeroTemp":{"iob":-0.403,"basaliob":-0.403,"bolussnooze":0,"activity":-0.0038,"lastBolusTime":0,"time":"2024-01-05T11:37:35.933Z"}},{"iob":-0.068,"basaliob":-0.068,"bolussnooze":0,"activity":-0.0011,"lastBolusTime":0,"time":"2024-01-05T11:42:35.933Z","iobWithZeroTemp":{"iob":-0.413,"basaliob":-0.413,"bolussnooze":0,"activity":-0.0041,"lastBolusTime":0,"time":"2024-01-05T11:42:35.933Z"}},{"iob":-0.063,"basaliob":-0.063,"bolussnooze":0,"activity":-0.001,"lastBolusTime":0,"time":"2024-01-05T11:47:35.933Z","iobWithZeroTemp":{"iob":-0.423,"basaliob":-0.423,"bolussnooze":0,"activity":-0.0042,"lastBolusTime":0,"time":"2024-01-05T11:47:35.933Z"}},{"iob":-0.058,"basaliob":-0.058,"bolussnooze":0,"activity":-9.0E-4,"lastBolusTime":0,"time":"2024-01-05T11:52:35.933Z","iobWithZeroTemp":{"iob":-0.431,"basaliob":-0.431,"bolussnooze":0,"activity":-0.0043,"lastBolusTime":0,"time":"2024-01-05T11:52:35.933Z"}},{"iob":-0.054,"basaliob":-0.054,"bolussnooze":0,"activity":-9.0E-4,"lastBolusTime":0,"time":"2024-01-05T11:57:35.933Z","iobWithZeroTemp":{"iob":-0.44,"basaliob":-0.44,"bolussnooze":0,"activity":-0.0045,"lastBolusTime":0,"time":"2024-01-05T11:57:35.933Z"}},{"iob":-0.05,"basaliob":-0.05,"bolussnooze":0,"activity":-8.0E-4,"lastBolusTime":0,"time":"2024-01-05T12:02:35.933Z","iobWithZeroTemp":{"iob":-0.447,"basaliob":-0.447,"bolussnooze":0,"activity":-0.0045,"lastBolusTime":0,"time":"2024-01-05T12:02:35.933Z"}},{"iob":-0.046,"basaliob":-0.046,"bolussnooze":0,"activity":-8.0E-4,"lastBolusTime":0,"time":"2024-01-05T12:07:35.933Z","iobWithZeroTemp":{"iob":-0.453,"basaliob":-0.453,"bolussnooze":0,"activity":-0.0047,"lastBolusTime":0,"time":"2024-01-05T12:07:35.933Z"}},{"iob":-0.042,"basaliob":-0.042,"bolussnooze":0,"activity":-7.0E-4,"lastBolusTime":0,"time":"2024-01-05T12:12:35.933Z","iobWithZeroTemp":{"iob":-0.458,"basaliob":-0.458,"bolussnooze":0,"activity":-0.0048,"lastBolusTime":0,"time":"2024-01-05T12:12:35.933Z"}},{"iob":-0.038,"basaliob":-0.038,"bolussnooze":0,"activity":-7.0E-4,"lastBolusTime":0,"time":"2024-01-05T12:17:35.933Z","iobWithZeroTemp":{"iob":-0.463,"basaliob":-0.463,"bolussnooze":0,"activity":-0.0049,"lastBolusTime":0,"time":"2024-01-05T12:17:35.933Z"}},{"iob":-0.035,"basaliob":-0.035,"bolussnooze":0,"activity":-6.0E-4,"lastBolusTime":0,"time":"2024-01-05T12:22:35.933Z","iobWithZeroTemp":{"iob":-0.468,"basaliob":-0.468,"bolussnooze":0,"activity":-0.005,"lastBolusTime":0,"time":"2024-01-05T12:22:35.933Z"}},{"iob":-0.032,"basaliob":-0.032,"bolussnooze":0,"activity":-6.0E-4,"lastBolusTime":0,"time":"2024-01-05T12:27:35.933Z","iobWithZeroTemp":{"iob":-0.472,"basaliob":-0.472,"bolussnooze":0,"activity":-0.0051,"lastBolusTime":0,"time":"2024-01-05T12:27:35.933Z"}},{"iob":-0.029,"basaliob":-0.029,"bolussnooze":0,"activity":-5.0E-4,"lastBolusTime":0,"time":"2024-01-05T12:32:35.933Z","iobWithZeroTemp":{"iob":-0.476,"basaliob":-0.476,"bolussnooze":0,"activity":-0.0051,"lastBolusTime":0,"time":"2024-01-05T12:32:35.933Z"}},{"iob":-0.027,"basaliob":-0.027,"bolussnooze":0,"activity":-5.0E-4,"lastBolusTime":0,"time":"2024-01-05T12:37:35.933Z","iobWithZeroTemp":{"iob":-0.48,"basaliob":-0.48,"bolussnooze":0,"activity":-0.0052,"lastBolusTime":0,"time":"2024-01-05T12:37:35.933Z"}},{"iob":-0.025,"basaliob":-0.025,"bolussnooze":0,"activity":-5.0E-4,"lastBolusTime":0,"time":"2024-01-05T12:42:35.933Z","iobWithZeroTemp":{"iob":-0.483,"basaliob":-0.483,"bolussnooze":0,"activity":-0.0053,"lastBolusTime":0,"time":"2024-01-05T12:42:35.933Z"}},{"iob":-0.022,"basaliob":-0.022,"bolussnooze":0,"activity":-4.0E-4,"lastBolusTime":0,"time":"2024-01-05T12:47:35.933Z","iobWithZeroTemp":{"iob":-0.485,"basaliob":-0.485,"bolussnooze":0,"activity":-0.0053,"lastBolusTime":0,"time":"2024-01-05T12:47:35.933Z"}},{"iob":-0.02,"basaliob":-0.02,"bolussnooze":0,"activity":-4.0E-4,"lastBolusTime":0,"time":"2024-01-05T12:52:35.933Z","iobWithZeroTemp":{"iob":-0.488,"basaliob":-0.488,"bolussnooze":0,"activity":-0.0054,"lastBolusTime":0,"time":"2024-01-05T12:52:35.933Z"}},{"iob":-0.019,"basaliob":-0.019,"bolussnooze":0,"activity":-4.0E-4,"lastBolusTime":0,"time":"2024-01-05T12:57:35.933Z","iobWithZeroTemp":{"iob":-0.491,"basaliob":-0.491,"bolussnooze":0,"activity":-0.0055,"lastBolusTime":0,"time":"2024-01-05T12:57:35.933Z"}},{"iob":-0.017,"basaliob":-0.017,"bolussnooze":0,"activity":-3.0E-4,"lastBolusTime":0,"time":"2024-01-05T13:02:35.933Z","iobWithZeroTemp":{"iob":-0.492,"basaliob":-0.492,"bolussnooze":0,"activity":-0.0054,"lastBolusTime":0,"time":"2024-01-05T13:02:35.933Z"}},{"iob":-0.015,"basaliob":-0.015,"bolussnooze":0,"activity":-3.0E-4,"lastBolusTime":0,"time":"2024-01-05T13:07:35.933Z","iobWithZeroTemp":{"iob":-0.494,"basaliob":-0.494,"bolussnooze":0,"activity":-0.0055,"lastBolusTime":0,"time":"2024-01-05T13:07:35.933Z"}},{"iob":-0.014,"basaliob":-0.014,"bolussnooze":0,"activity":-3.0E-4,"lastBolusTime":0,"time":"2024-01-05T13:12:35.933Z","iobWithZeroTemp":{"iob":-0.496,"basaliob":-0.496,"bolussnooze":0,"activity":-0.0056,"lastBolusTime":0,"time":"2024-01-05T13:12:35.933Z"}},{"iob":-0.013,"basaliob":-0.013,"bolussnooze":0,"activity":-2.0E-4,"lastBolusTime":0,"time":"2024-01-05T13:17:35.933Z","iobWithZeroTemp":{"iob":-0.497,"basaliob":-0.497,"bolussnooze":0,"activity":-0.0055,"lastBolusTime":0,"time":"2024-01-05T13:17:35.933Z"}},{"iob":-0.011,"basaliob":-0.011,"bolussnooze":0,"activity":-2.0E-4,"lastBolusTime":0,"time":"2024-01-05T13:22:35.933Z","iobWithZeroTemp":{"iob":-0.498,"basaliob":-0.498,"bolussnooze":0,"activity":-0.0056,"lastBolusTime":0,"time":"2024-01-05T13:22:35.933Z"}},{"iob":-0.01,"basaliob":-0.01,"bolussnooze":0,"activity":-2.0E-4,"lastBolusTime":0,"time":"2024-01-05T13:27:35.933Z","iobWithZeroTemp":{"iob":-0.499,"basaliob":-0.499,"bolussnooze":0,"activity":-0.0056,"lastBolusTime":0,"time":"2024-01-05T13:27:35.933Z"}},{"iob":-0.009,"basaliob":-0.009,"bolussnooze":0,"activity":-2.0E-4,"lastBolusTime":0,"time":"2024-01-05T13:32:35.933Z","iobWithZeroTemp":{"iob":-0.5,"basaliob":-0.5,"bolussnooze":0,"activity":-0.0056,"lastBolusTime":0,"time":"2024-01-05T13:32:35.933Z"}},{"iob":-0.008,"basaliob":-0.008,"bolussnooze":0,"activity":-2.0E-4,"lastBolusTime":0,"time":"2024-01-05T13:37:35.933Z","iobWithZeroTemp":{"iob":-0.5,"basaliob":-0.5,"bolussnooze":0,"activity":-0.0057,"lastBolusTime":0,"time":"2024-01-05T13:37:35.933Z"}},{"iob":-0.008,"basaliob":-0.008,"bolussnooze":0,"activity":-2.0E-4,"lastBolusTime":0,"time":"2024-01-05T13:42:35.933Z","iobWithZeroTemp":{"iob":-0.502,"basaliob":-0.502,"bolussnooze":0,"activity":-0.0057,"lastBolusTime":0,"time":"2024-01-05T13:42:35.933Z"}},{"iob":-0.007,"basaliob":-0.007,"bolussnooze":0,"activity":-1.0E-4,"lastBolusTime":0,"time":"2024-01-05T13:47:35.933Z","iobWithZeroTemp":{"iob":-0.502,"basaliob":-0.502,"bolussnooze":0,"activity":-0.0056,"lastBolusTime":0,"time":"2024-01-05T13:47:35.933Z"}},{"iob":-0.006,"basaliob":-0.006,"bolussnooze":0,"activity":-1.0E-4,"lastBolusTime":0,"time":"2024-01-05T13:52:35.933Z","iobWithZeroTemp":{"iob":-0.503,"basaliob":-0.503,"bolussnooze":0,"activity":-0.0057,"lastBolusTime":0,"time":"2024-01-05T13:52:35.933Z"}},{"iob":-0.006,"basaliob":-0.006,"bolussnooze":0,"activity":-1.0E-4,"lastBolusTime":0,"time":"2024-01-05T13:57:35.933Z","iobWithZeroTemp":{"iob":-0.504,"basaliob":-0.504,"bolussnooze":0,"activity":-0.0057,"lastBolusTime":0,"time":"2024-01-05T13:57:35.933Z"}},{"iob":-0.005,"basaliob":-0.005,"bolussnooze":0,"activity":-1.0E-4,"lastBolusTime":0,"time":"2024-01-05T14:02:35.933Z","iobWithZeroTemp":{"iob":-0.505,"basaliob":-0.505,"bolussnooze":0,"activity":-0.0057,"lastBolusTime":0,"time":"2024-01-05T14:02:35.933Z"}},{"iob":-0.005,"basaliob":-0.005,"bolussnooze":0,"activity":-1.0E-4,"lastBolusTime":0,"time":"2024-01-05T14:07:35.933Z","iobWithZeroTemp":{"iob":-0.507,"basaliob":-0.507,"bolussnooze":0,"activity":-0.0057,"lastBolusTime":0,"time":"2024-01-05T14:07:35.933Z"}},{"iob":-0.004,"basaliob":-0.004,"bolussnooze":0,"activity":-1.0E-4,"lastBolusTime":0,"time":"2024-01-05T14:12:35.933Z","iobWithZeroTemp":{"iob":-0.507,"basaliob":-0.507,"bolussnooze":0,"activity":-0.0058,"lastBolusTime":0,"time":"2024-01-05T14:12:35.933Z"}},{"iob":-0.004,"basaliob":-0.004,"bolussnooze":0,"activity":-1.0E-4,"lastBolusTime":0,"time":"2024-01-05T14:17:35.933Z","iobWithZeroTemp":{"iob":-0.509,"basaliob":-0.509,"bolussnooze":0,"activity":-0.0058,"lastBolusTime":0,"time":"2024-01-05T14:17:35.933Z"}},{"iob":-0.003,"basaliob":-0.003,"bolussnooze":0,"activity":-1.0E-4,"lastBolusTime":0,"time":"2024-01-05T14:22:35.933Z","iobWithZeroTemp":{"iob":-0.509,"basaliob":-0.509,"bolussnooze":0,"activity":-0.0058,"lastBolusTime":0,"time":"2024-01-05T14:22:35.933Z"}}],"profile":{"max_iob":10,"type":"current","max_daily_basal":0.391,"max_basal":1.15,"min_bg":144,"max_bg":144,"target_bg":144,"carb_ratio":11.244890705526924,"sens":153.96499999999997,"max_daily_safety_multiplier":3,"current_basal_safety_multiplier":4,"lgsThreshold":69,"high_temptarget_raises_sensitivity":false,"low_temptarget_lowers_sensitivity":false,"sensitivity_raises_target":true,"resistance_lowers_target":true,"adv_target_adjustments":false,"exercise_mode":false,"half_basal_exercise_target":160,"maxCOB":120,"skip_neutral_temps":false,"remainingCarbsCap":90,"enableUAM":true,"A52_risk_enable":false,"SMBInterval":3,"enableSMB_with_COB":true,"enableSMB_with_temptarget":true,"allowSMB_with_high_temptarget":true,"enableSMB_always":true,"enableSMB_after_carbs":true,"maxSMBBasalMinutes":30,"maxUAMSMBBasalMinutes":30,"bolus_increment":0.05,"carbsReqThreshold":1,"current_basal":0.35,"temptargetSet":true,"autosens_max":1.2,"autosens_min":0.7,"variable_sens":472.3,"insulinDivisor":75,"TDD":6.2496727933333345},"autosens_data":{"ratio":0.4833162767472184},"meal_data":{"carbs":0,"mealCOB":0,"slopeFromMaxDeviation":-1.4499090909090913,"slopeFromMinDeviation":3.0683333333333342,"lastBolusTime":1704303367153,"lastCarbTime":0},"microBolusAllowed":true,"currentTime":1704450456373,"flatBGsDetected":false,"tdd1D":8.32800000000001,"tdd7D":16.942322023809517,"tddLast24H":8.188500000000014,"tddLast4H":1.2764166666666654,"tddLast8to4H":1.4855000000000003},"output":{"temp":"absolute","bg":63,"tick":-12,"eventualBG":44,"targetBG":144,"insulinReq":0,"deliverAt":"2024-01-05T10:27:36.373Z","sensitivityRatio":0.4833162767472184,"variable_sens":472.3,"predBGs":{"IOB":[63,52,43,39,39,39,39,39,39,39,39,39,39,39,42,46,49,52,54,57,59,61,63,64,66,67,68,69,70,71,72,73,74,74,75,75,76,76,76,77,77,77,78,78,78,78,78,79],"ZT":[63,65,68,71,74,78,82,86,90,95,100,106,111,117,122,128,134,140]},"reason":"COB: 0, Dev: -96, BGI: 2, ISF: 472, CR: 11.24, Target: 144, minPredBG 54, minGuardBG 23, IOBpredBG 79; minGuardBG 23<92 64m left and 0 ~ req 0U\/hr: no temp required","COB":0,"IOB":-0.164,"timestamp":"2024-01-05T10:27:36.388Z"}}