{"algorithm":"OpenAPSSMBDynamicISFPlugin","input":{"glucoseStatus":{"glucose":63,"noise":0,"delta":-15,"short_avgdelta":-16.22,"long_avgdelta":-15.48,"date":1704493500000},"currenttemp":{"temp":"absolute","duration":104,"rate":0,"minutesrunning":16},"iob_data":[{"iob":0.111,"basaliob":0.111,"bolussnooze":0,"activity":0.0026,"lastBolusTime":0,"time":"2024-01-05T22:28:01.904Z","iobWithZeroTemp":{"iob":0.111,"basaliob":0.111,"bolussnooze":0,"activity":0.0026,"lastBolusTime":0,"time":"2024-01-05T22:28:01.904Z"}},{"iob":0.098,"basaliob":0.098,"bolussnooze":0,"activity":0.0023,"lastBolusTime":0,"time":"2024-01-05T22:33:01.904Z","iobWithZeroTemp":{"iob":0.077,"basaliob":0.077,"bolussnooze":0,"activity":0.0023,"lastBolusTime":0,"time":"2024-01-05T22:33:01.904Z"}},{"iob":0.087,"basaliob":0.087,"bolussnooze":0,"activity":0.0021,"lastBolusTime":0,"time":"2024-01-05T22:38:01.904Z","iobWithZeroTemp":{"iob":0.04,"basaliob":0.04,"bolussnooze":0,"activity":0.002,"lastBolusTime":0,"time":"2024-01-05T22:38:01.904Z"}},{"iob":0.078,"basaliob":0.078,"bolussnooze":0,"activity":0.0019,"lastBolusTime":0,"time":"2024-01-05T22:43:01.904Z","iobWithZeroTemp":{"iob":0.005,"basaliob":0.005,"bolussnooze":0,"activity":0.0017,"lastBolusTime":0,"time":"2024-01-05T22:43:01.904Z"}},{"iob":0.069,"basaliob":0.069,"bolussnooze":0,"activity":0.0017,"lastBolusTime":0,"time":"2024-01-05T22:48:01.904Z","iobWithZeroTemp":{"iob":-0.029,"basaliob":-0.029,"bolussnooze":0,"activity":0.0013,"lastBolusTime":0,"time":"2024-01-05T22:48:01.904Z"}},{"iob":0.061,"basaliob":0.061,"bolussnooze":0,"activity":0.0015,"lastBolusTime":0,"time":"2024-01-05T22:53:01.904Z","iobWithZeroTemp":{"iob":-0.061,"basaliob":-0.061,"bolussnooze":0,"activity":0.001,"lastBolusTime":0,"time":"2024-01-05T22:53:01.904Z"}},{"iob":0.054,"basaliob":0.054,"bolussnooze":0,"activity":0.0013,"lastBolusTime":0,"time":"2024-01-05T22:58:01.904Z","iobWithZeroTemp":{"iob":-0.092,"basaliob":-0.092,"bolussnooze":0,"activity":6.0E-4,"lastBolusTime":0,"time":"2024-01-05T22:58:01.904Z"}},{"iob":0.048,"basaliob":0.048,"bolussnooze":0,"activity":0.0012,"lastBolusTime":0,"time":"2024-01-05T23:03:01.904Z","iobWithZeroTemp":{"iob":-0.119,"basaliob":-0.119,"bolussnooze":0,"activity":3.0E-4,"lastBolusTime":0,"time":"2024-01-05T23:03:01.904Z"}},{"iob":0.042,"basaliob":0.042,"bolussnooze":0,"activity":0.001,"lastBolusTime":0,"time":"2024-01-05T23:08:01.904Z","iobWithZeroTemp":{"iob":-0.145,"basaliob":-0.145,"bolussnooze":0,"activity":-2.0E-4,"lastBolusTime":0,"time":"2024-01-05T23:08:01.904Z"}},{"iob":0.037,"basaliob":0.037,"bolussnooze":0,"activity":9.0E-4,"lastBolusTime":0,"time":"2024-01-05T23:13:01.904Z","iobWithZeroTemp":{"iob":-0.17,"basaliob":-0.17,"bolussnooze":0,"activity":-5.0E-4,"lastBolusTime":0,"time":"2024-01-05T23:13:01.904Z"}},{"iob":0.033,"basaliob":0.033,"bolussnooze":0,"activity":8.0E-4,"lastBolusTime":0,"time":"2024-01-05T23:18:01.904Z","iobWithZeroTemp":{"iob":-0.192,"basaliob":-0.192,"bolussnooze":0,"activity":-8.0E-4,"lastBolusTime":0,"time":"2024-01-05T23:18:01.904Z"}},{"iob":0.029,"basaliob":0.029,"bolussnooze":0,"activity":7.0E-4,"lastBolusTime":0,"time":"2024-01-05T23:23:01.904Z","iobWithZeroTemp":{"iob":-0.213,"basaliob":-0.213,"bolussnooze":0,"activity":-0.0011,"lastBolusTime":0,"time":"2024-01-05T23:23:01.904Z"}},{"iob":0.026,"basaliob":0.026,"bolussnooze":0,"activity":7.0E-4,"lastBolusTime":0,"time":"2024-01-05T23:28:01.904Z","iobWithZeroTemp":{"iob":-0.232,"basaliob":-0.232,"bolussnooze":0,"activity":-0.0013,"lastBolusTime":0,"time":"2024-01-05T23:28:01.904Z"}},{"iob":0.023,"basaliob":0.023,"bolussnooze":0,"activity":6.0E-4,"lastBolusTime":0,"time":"2024-01-05T23:33:01.904Z","iobWithZeroTemp":{"iob":-0.25,"basaliob":-0.25,"bolussnooze":0,"activity":-0.0016,"lastBolusTime":0,"time":"2024-01-05T23:33:01.904Z"}},{"iob":0.02,"basaliob":0.02,"bolussnooze":0,"activity":5.0E-4,"lastBolusTime":0,"time":"2024-01-05T23:38:01.904Z","iobWithZeroTemp":{"iob":-0.267,"basaliob":-0.267,"bolussnooze":0,"activity":-0.0019,"lastBolusTime":0,"time":"2024-01-05T23:38:01.904Z"}},{"iob":0.017,"basaliob":0.017,"bolussnooze":0,"activity":5.0E-4,"lastBolusTime":0,"time":"2024-01-05T23:43:01.904Z","iobWithZeroTemp":{"iob":-0.283,"basaliob":-0.283,"bolussnooze":0,"activity":-0.0021,"lastBolusTime":0,"time":"2024-01-05T23:43:01.904Z"}},{"iob":0.015,"basaliob":0.015,"bolussnooze":0,"activity":4.0E-4,"lastBolusTime":0,"time":"2024-01-05T23:48:01.904Z","iobWithZeroTemp":{"iob":-0.297,"basaliob":-0.297,"bolussnooze":0,"activity":-0.0024,"lastBolusTime":0,"time":"2024-01-05T23:48:01.904Z"}},{"iob":0.013,"basaliob":0.013,"bolussnooze":0,"activity":4.0E-4,"lastBolusTime":0,"time":"2024-01-05T23:53:01.904Z","iobWithZeroTemp":{"iob":-0.31,"basaliob":-0.31,"bolussnooze":0,"activity":-0.0025,"lastBolusTime":0,"time":"2024-01-05T23:53:01.904Z"}},{"iob":0.012,"basaliob":0.012,"bolussnooze":0,"activity":3.0E-4,"lastBolusTime":0,"time":"2024-01-05T23:58:01.904Z","iobWithZeroTemp":{"iob":-0.321,"basaliob":-0.321,"bolussnooze":0,"activity":-0.0028,"lastBolusTime":0,"time":"2024-01-05T23:58:01.904Z"}},{"iob":0.01,"basaliob":0.01,"bolussnooze":0,"activity":3.0E-4,"lastBolusTime":0,"time":"2024-01-06T00:03:01.904Z","iobWithZeroTemp":{"iob":-0.333,"basaliob":-0.333,"bolussnooze":0,"activity":-0.003,"lastBolusTime":0,"time":"2024-01-06T00:03:01.904Z"}},{"iob":0.009,"basaliob":0.009,"bolussnooze":0,"activity":2.0E-4,"lastBolusTime":0,"time":"2024-01-06T00:08:01.904Z","iobWithZeroTemp":{"iob":-0.343,"basaliob":-0.343,"bolussnooze":0,"activity":-0.0032,"lastBolusTime":0,"time":"2024-01-06T00:08:01.904Z"}},{"iob":0.008,"basaliob":0.008,"bolussnooze":0,"activity":2.0E-4,"lastBolusTime":0,"time":"2024-01-06T00:13:01.904Z","iobWithZeroTemp":{"iob":-0.352,"basaliob":-0.352,"bolussnooze":0,"activity":-0.0033,"lastBolusTime":0,"time":"2024-01-06T00:13:01.904Z"}},{"iob":0.007,"basaliob":0.007,"bolussnooze":0,"activity":2.0E-4,"lastBolusTime":0,"time":"2024-01-06T00:18:01.904Z","iobWithZeroTemp":{"iob":-0.36,"basaliob":-0.36,"bolussnooze":0,"activity":-0.0035,"lastBolusTime":0,"time":"2024-01-06T00:18:01.904Z"}},{"iob":0.006,"basaliob":0.006,"bolussnooze":0,"activity":2.0E-4,"lastBolusTime":0,"time":"2024-01-06T00:23:01.904Z","iobWithZeroTemp":{"iob":-0.368,"basaliob":-0.368,"bolussnooze":0,"activity":-0.0036,"lastBolusTime":0,"time":"2024-01-06T00:23:01.904Z"}},{"iob":0.005,"basaliob":0.005,"bolussnooze":0,"activity":1.0E-4,"lastBolusTime":0,"time":"2024-01-06T00:28:01.904Z","iobWithZeroTemp":{"iob":-0.376,"basaliob":-0.376,"bolussnooze":0,"activity":-0.0038,"lastBolusTime":0,"time":"2024-01-06T00:28:01.904Z"}},{"iob":0.004,"basaliob":0.004,"bolussnooze":0,"activity":1.0E-4,"lastBolusTime":0,"time":"2024-01-06T00:33:01.904Z","iobWithZeroTemp":{"iob":-0.383,"basaliob":-0.383,"bolussnooze":0,"activity":-0.0039,"lastBolusTime":0,"time":"2024-01-06T00:33:01.904Z"}},{"iob":0.004,"basaliob":0.004,"bolussnooze":0,"activity":1.0E-4,"lastBolusTime":0,"time":"2024-01-06T00:38:01.904Z","iobWithZeroTemp":{"iob":-0.388,"basaliob":-0.388,"bolussnooze":0,"activity":-0.004,"lastBolusTime":0,"time":"2024-01-06T00:38:01.904Z"}},{"iob":0.003,"basaliob":0.003,"bolussnooze":0,"activity":1.0E-4,"lastBolusTime":0,"time":"2024-01-06T00:43:01.904Z","iobWithZeroTemp":{"iob":-0.394,"basaliob":-0.394,"bolussnooze":0,"activity":-0.0041,"lastBolusTime":0,"time":"2024-01-06T00:43:01.904Z"}},{"iob":0.003,"basaliob":0.003,"bolussnooze":0,"activity":1.0E-4,"lastBolusTime":0,"time":"2024-01-06T00:48:01.904Z","iobWithZeroTemp":{"iob":-0.398,"basaliob":-0.398,"bolussnooze":0,"activity":-0.0041,"lastBolusTime":0,"time":"2024-01-06T00:48:01.904Z"}},{"iob":0.002,"basaliob":0.002,"bolussnooze":0,"activity":1.0E-4,"lastBolusTime":0,"time":"2024-01-06T00:53:01.904Z","iobWithZeroTemp":{"iob":-0.404,"basaliob":-0.404,"bolussnooze":0,"activity":-0.0042,"lastBolusTime":0,"time":"2024-01-06T00:53:01.904Z"}},{"iob":0.002,"basaliob":0.002,"bolussnooze":0,"activity":1.0E-4,"lastBolusTime":0,"time":"2024-01-06T00:58:01.904Z","iobWithZeroTemp":{"iob":-0.407,"basaliob":-0.407,"bolussnooze":0,"activity":-0.0043,"lastBolusTime":0,"time":"2024-01-06T00:58:01.904Z"}},{"iob":0.002,"basaliob":0.002,"bolussnooze":0,"activity":1.0E-4,"lastBolusTime":0,"time":"2024-01-06T01:03:01.904Z","iobWithZeroTemp":{"iob":-0.413,"basaliob":-0.413,"bolussnooze":0,"activity":-0.0044,"lastBolusTime":0,"time":"2024-01-06T01:03:01.904Z"}},{"iob":0.001,"basaliob":0.001,"bolussnooze":0,"activity":0,"lastBolusTime":0,"time":"2024-01-06T01:08:01.904Z","iobWithZeroTemp":{"iob":-0.419,"basaliob":-0.419,"bolussnooze":0,"activity":-0.0045,"lastBolusTime":0,"time":"2024-01-06T01:08:01.904Z"}},{"iob":0.001,"basaliob":0.001,"bolussnooze":0,"activity":0,"lastBolusTime":0,"time":"2024-01-06T01:13:01.904Z","iobWithZeroTemp":{"iob":-0.424,"basaliob":-0.424,"bolussnooze":0,"activity":-0.0046,"lastBolusTime":0,"time":"2024-01-06T01:13:01.904Z"}},{"iob":0.001,"basaliob":0.001,"bolussnooze":0,"activity":0,"lastBolusTime":0,"time":"2024-01-06T01:18:01.904Z","iobWithZeroTemp":{"iob":-0.429,"basaliob":-0.429,"bolussnooze":0,"activity":-0.0046,"lastBolusTime":0,"time":"2024-01-06T01:18:01.904Z"}},{"iob":0.001,"basaliob":0.001,"bolussnooze":0,"activity":0,"lastBolusTime":0,"time":"2024-01-06T01:23:01.904Z","iobWithZeroTemp":{"iob":-0.434,"basaliob":-0.434,"bolussnooze":0,"activity":-0.0047,"lastBolusTime":0,"time":"2024-01-06T01:23:01.904Z"}},{"iob":0.001,"basaliob":0.001,"bolussnooze":0,"activity":0,"lastBolusTime":0,"time":"2024-01-06T01:28:01.904Z","iobWithZeroTemp":{"iob":-0.438,"basaliob":-0.438,"bolussnooze":0,"activity":-0.0048,"lastBolusTime":0,"time":"2024-01-06T01:28:01.904Z"}},{"iob":0,"basaliob":0,"bolussnooze":0,"activity":0,"lastBolusTime":0,"time":"2024-01-06T01:33:01.904Z","iobWithZeroTemp":{"iob":-0.443,"basaliob":-0.443,"bolussnooze":0,"activity":-0.0048,"lastBolusTime":0,"time":"2024-01-06T01:33:01.904Z"}},{"iob":0,"basaliob":0,"bolussnooze":0,"activity":0,"lastBolusTime":0,"time":"2024-01-06T01:38:01.904Z","iobWithZeroTemp":{"iob":-0.446,"basaliob":-0.446,"bolussnooze":0,"activity":-0.0049,"lastBolusTime":0,"time":"2024-01-06T01:38:01.904Z"}},{"iob":0,"basaliob":0,"bolussnooze":0,"activity":0,"lastBolusTime":0,"time":"2024-01-06T01:43:01.904Z","iobWithZeroTemp":{"iob":-0.45,"basaliob":-0.45,"bolussnooze":0,"activity":-0.0049,"lastBolusTime":0,"time":"2024-01-06T01:43:01.904Z"}},{"iob":0,"basaliob":0,"bolussnooze":0,"activity":0,"lastBolusTime":0,"time":"2024-01-06T01:48:01.904Z","iobWithZeroTemp":{"iob":-0.453,"basaliob":-0.453,"bolussnooze":0,"activity":-0.005,"lastBolusTime":0,"time":"2024-01-06T01:48:01.904Z"}},{"iob":0,"basaliob":0,"bolussnooze":0,"activity":0,"lastBolusTime":0,"time":"2024-01-06T01:53:01.904Z","iobWithZeroTemp":{"iob":-0.456,"basaliob":-0.456,"bolussnooze":0,"activity":-0.005,"lastBolusTime":0,"time":"2024-01-06T01:53:01.904Z"}},{"iob":0,"basaliob":0,"bolussnooze":0,"activity":0,"lastBolusTime":0,"time":"2024-01-06T01:58:01.904Z","iobWithZeroTemp":{"iob":-0.458,"basaliob":-0.458,"bolussnooze":0,"activity":-0.0051,"lastBolusTime":0,"time":"2024-01-06T01:58:01.904Z"}},{"iob":0,"basaliob":0,"bolussnooze":0,"activity":0,"lastBolusTime":0,"time":"2024-01-06T02:03:01.904Z","iobWithZeroTemp":{"iob":-0.461,"basaliob":-0.461,"bolussnooze":0,"activity":-0.0051,"lastBolusTime":0,"time":"2024-01-06T02:03:01.904Z"}},{"iob":0,"basaliob":0,"bolussnooze":0,"activity":0,"lastBolusTime":0,"time":"2024-01-06T02:08:01.904Z","iobWithZeroTemp":{"iob":-0.463,"basaliob":-0.463,"bolussnooze":0,"activity":-0.0051,"lastBolusTime":0,"time":"2024-01-06T02:08:01.904Z"}},{"iob":0,"basaliob":0,"bolussnooze":0,"activity":0,"lastBolusTime":0,"time":"2024-01-06T02:13:01.904Z","iobWithZeroTemp":{"iob":-0.466,"basaliob":-0.466,"bolussnooze":0,"activity":-0.0052,"lastBolusTime":0,"time":"2024-01-06T02:13:01.904Z"}},{"iob":0,"basaliob":0,"bolussnooze":0,"activity":0,"lastBolusTime":0,"time":"2024-01-06T02:18:01.904Z","iobWithZeroTemp":{"iob":-0.468,"basaliob":-0.468,"bolussnooze":0,"activity":-0.0052,"lastBolusTime":0,"time":"2024-01-06T02:18:01.904Z"}},{"iob":0,"basaliob":0,"bolussnooze":0,"activity":0,"lastBolusTime":0,"time":"2024-01-06T02:23:01.904Z","iobWithZeroTemp":{"iob":-0.47,"basaliob":-0.47,"bolussnooze":0,"activity":-0.0052,"lastBolusTime":0,"time":"2024-01-06T02:23:01.904Z"}}],"profile":{"max_iob":1,"type":"current","max_daily_basal":0.391,"max_basal":1.15,"min_bg":144,"max_bg":144,"target_bg":144,"carb_ratio":13.493868846632308,"sens":153.96499999999997,"max_daily_safety_multiplier":3,"current_basal_safety_multiplier":4,"lgsThreshold":69,"high_temptarget_raises_sensitivity":false,"low_temptarget_lowers_sensitivity":false,"sensitivity_raises_target":false,"resistance_lowers_target":false,"adv_target_adjustments":false,"exercise_mode":false,"half_basal_exercise_target":160,"maxCOB":120,"skip_neutral_temps":false,"remainingCarbsCap":90,"enableUAM":true,"A52_risk_enable":false,"SMBInterval":3,"enableSMB_with_COB":false,"enableSMB_with_temptarget":false,"allowSMB_with_high_temptarget":false,"enableSMB_always":false,"enableSMB_after_carbs":false,"maxSMBBasalMinutes":30,"maxUAMSMBBasalMinutes":30,"bolus_increment":0.05,"carbsReqThreshold":1,"current_basal":0.318,"temptargetSet":true,"autosens_max":1.2,"autosens_min":0.7,"variable_sens":304.2,"insulinDivisor":75,"TDD":9.703999990476191},"autosens_data":{"ratio":1},"meal_data":{"carbs":0,"mealCOB":0,"slopeFromMaxDeviation":-1.9392727272727273,"slopeFromMinDeviation":0.17999999999999966,"lastBolusTime":1704452802638,"lastCarbTime":0},"microBolusAllowed":false,"currentTime":1704493683444,"flatBGsDetected":false,"tdd1D":8.32800000000001,"tdd7D":16.942322023809517,"tddLast24H":9.326749999999993,"tddLast4H":1.8604999999999992,"tddLast8to4H":1.7554166666666666},"output":{"temp":"absolute","bg":63,"tick":-15,"eventualBG":-40,"targetBG":144,"insulinReq":0,"deliverAt":"2024-01-05T22:28:03.444Z","sensitivityRatio":1,"variable_sens":304.2,"predBGs":{"IOB":[63,48,39,39,39,39,39,39,39,39,39,39,39],"ZT":[63,59,55,52,49,47,45,44,43,43,44,46,48,51,53,57,60,64,68,72,76,80,84,89,93,97,102,106,110,114,119,123,127,131,136,140,144]},"reason":"COB: 0, Dev: -69, BGI: -4, ISF: 304, CR: 13.49, Target: 144, minPredBG 41, minGuardBG -54, IOBpredBG 39; 6 add'l carbs req w\/in 0m; minGuardBG -54<92","COB":0,"IOB":0.111,"carbsReq":6,"carbsReqWithin":0,"duration":120,"rate":0,"timestamp":"2024-01-05T22:28:03.473Z"}}