{"algorithm":"OpenAPSSMBDynamicISFPlugin","input":{"glucoseStatus":{"glucose":90,"noise":0,"delta":-2,"short_avgdelta":-6.72,"long_avgdelta":-12.08,"date":1704500100000},"currenttemp":{"temp":"absolute","duration":90,"rate":0,"minutesrunning":30},"iob_data":[{"iob":0.068,"basaliob":0.068,"bolussnooze":0,"activity":0.0019,"lastBolusTime":0,"time":"2024-01-06T00:16:35.243Z","iobWithZeroTemp":{"iob":0.068,"basaliob":0.068,"bolussnooze":0,"activity":0.0019,"lastBolusTime":0,"time":"2024-01-06T00:16:35.243Z"}},{"iob":0.06,"basaliob":0.06,"bolussnooze":0,"activity":0.0017,"lastBolusTime":0,"time":"2024-01-06T00:21:35.243Z","iobWithZeroTemp":{"iob":0.04,"basaliob":0.04,"bolussnooze":0,"activity":0.0017,"lastBolusTime":0,"time":"2024-01-06T00:21:35.243Z"}},{"iob":0.052,"basaliob":0.052,"bolussnooze":0,"activity":0.0015,"lastBolusTime":0,"time":"2024-01-06T00:26:35.243Z","iobWithZeroTemp":{"iob":0.006,"basaliob":0.006,"bolussnooze":0,"activity":0.0014,"lastBolusTime":0,"time":"2024-01-06T00:26:35.243Z"}},{"iob":0.045,"basaliob":0.045,"bolussnooze":0,"activity":0.0013,"lastBolusTime":0,"time":"2024-01-06T00:31:35.243Z","iobWithZeroTemp":{"iob":-0.025,"basaliob":-0.025,"bolussnooze":0,"activity":0.0011,"lastBolusTime":0,"time":"2024-01-06T00:31:35.243Z"}},{"iob":0.039,"basaliob":0.039,"bolussnooze":0,"activity":0.0011,"lastBolusTime":0,"time":"2024-01-06T00:36:35.243Z","iobWithZeroTemp":{"iob":-0.056,"basaliob":-0.056,"bolussnooze":0,"activity":7.0E-4,"lastBolusTime":0,"time":"2024-01-06T00:36:35.243Z"}},{"iob":0.034,"basaliob":0.034,"bolussnooze":0,"activity":0.001,"lastBolusTime":0,"time":"2024-01-06T00:41:35.243Z","iobWithZeroTemp":{"iob":-0.084,"basaliob":-0.084,"bolussnooze":0,"activity":5.0E-4,"lastBolusTime":0,"time":"2024-01-06T00:41:35.243Z"}},{"iob":0.029,"basaliob":0.029,"bolussnooze":0,"activity":9.0E-4,"lastBolusTime":0,"time":"2024-01-06T00:46:35.243Z","iobWithZeroTemp":{"iob":-0.111,"basaliob":-0.111,"bolussnooze":0,"activity":2.0E-4,"lastBolusTime":0,"time":"2024-01-06T00:46:35.243Z"}},{"iob":0.025,"basaliob":0.025,"bolussnooze":0,"activity":8.0E-4,"lastBolusTime":0,"time":"2024-01-06T00:51:35.243Z","iobWithZeroTemp":{"iob":-0.137,"basaliob":-0.137,"bolussnooze":0,"activity":-1.0E-4,"lastBolusTime":0,"time":"2024-01-06T00:51:35.243Z"}},{"iob":0.021,"basaliob":0.021,"bolussnooze":0,"activity":7.0E-4,"lastBolusTime":0,"time":"2024-01-06T00:56:35.243Z","iobWithZeroTemp":{"iob":-0.161,"basaliob":-0.161,"bolussnooze":0,"activity":-4.0E-4,"lastBolusTime":0,"time":"2024-01-06T00:56:35.243Z"}},{"iob":0.018,"basaliob":0.018,"bolussnooze":0,"activity":6.0E-4,"lastBolusTime":0,"time":"2024-01-06T01:01:35.243Z","iobWithZeroTemp":{"iob":-0.184,"basaliob":-0.184,"bolussnooze":0,"activity":-7.0E-4,"lastBolusTime":0,"time":"2024-01-06T01:01:35.243Z"}},{"iob":0.016,"basaliob":0.016,"bolussnooze":0,"activity":5.0E-4,"lastBolusTime":0,"time":"2024-01-06T01:06:35.243Z","iobWithZeroTemp":{"iob":-0.206,"basaliob":-0.206,"bolussnooze":0,"activity":-0.0011,"lastBolusTime":0,"time":"2024-01-06T01:06:35.243Z"}},{"iob":0.013,"basaliob":0.013,"bolussnooze":0,"activity":4.0E-4,"lastBolusTime":0,"time":"2024-01-06T01:11:35.243Z","iobWithZeroTemp":{"iob":-0.229,"basaliob":-0.229,"bolussnooze":0,"activity":-0.0014,"lastBolusTime":0,"time":"2024-01-06T01:11:35.243Z"}},{"iob":0.011,"basaliob":0.011,"bolussnooze":0,"activity":4.0E-4,"lastBolusTime":0,"time":"2024-01-06T01:16:35.243Z","iobWithZeroTemp":{"iob":-0.249,"basaliob":-0.249,"bolussnooze":0,"activity":-0.0016,"lastBolusTime":0,"time":"2024-01-06T01:16:35.243Z"}},{"iob":0.01,"basaliob":0.01,"bolussnooze":0,"activity":3.0E-4,"lastBolusTime":0,"time":"2024-01-06T01:21:35.243Z","iobWithZeroTemp":{"iob":-0.267,"basaliob":-0.267,"bolussnooze":0,"activity":-0.0019,"lastBolusTime":0,"time":"2024-01-06T01:21:35.243Z"}},{"iob":0.008,"basaliob":0.008,"bolussnooze":0,"activity":3.0E-4,"lastBolusTime":0,"time":"2024-01-06T01:26:35.243Z","iobWithZeroTemp":{"iob":-0.286,"basaliob":-0.286,"bolussnooze":0,"activity":-0.0021,"lastBolusTime":0,"time":"2024-01-06T01:26:35.243Z"}},{"iob":0.007,"basaliob":0.007,"bolussnooze":0,"activity":2.0E-4,"lastBolusTime":0,"time":"2024-01-06T01:31:35.243Z","iobWithZeroTemp":{"iob":-0.302,"basaliob":-0.302,"bolussnooze":0,"activity":-0.0024,"lastBolusTime":0,"time":"2024-01-06T01:31:35.243Z"}},{"iob":0.006,"basaliob":0.006,"bolussnooze":0,"activity":2.0E-4,"lastBolusTime":0,"time":"2024-01-06T01:36:35.243Z","iobWithZeroTemp":{"iob":-0.317,"basaliob":-0.317,"bolussnooze":0,"activity":-0.0026,"lastBolusTime":0,"time":"2024-01-06T01:36:35.243Z"}},{"iob":0.005,"basaliob":0.005,"bolussnooze":0,"activity":2.0E-4,"lastBolusTime":0,"time":"2024-01-06T01:41:35.243Z","iobWithZeroTemp":{"iob":-0.332,"basaliob":-0.332,"bolussnooze":0,"activity":-0.0028,"lastBolusTime":0,"time":"2024-01-06T01:41:35.243Z"}},{"iob":0.004,"basaliob":0.004,"bolussnooze":0,"activity":2.0E-4,"lastBolusTime":0,"time":"2024-01-06T01:46:35.243Z","iobWithZeroTemp":{"iob":-0.345,"basaliob":-0.345,"bolussnooze":0,"activity":-0.003,"lastBolusTime":0,"time":"2024-01-06T01:46:35.243Z"}},{"iob":0.003,"basaliob":0.003,"bolussnooze":0,"activity":1.0E-4,"lastBolusTime":0,"time":"2024-01-06T01:51:35.243Z","iobWithZeroTemp":{"iob":-0.357,"basaliob":-0.357,"bolussnooze":0,"activity":-0.0033,"lastBolusTime":0,"time":"2024-01-06T01:51:35.243Z"}},{"iob":0.002,"basaliob":0.002,"bolussnooze":0,"activity":1.0E-4,"lastBolusTime":0,"time":"2024-01-06T01:56:35.243Z","iobWithZeroTemp":{"iob":-0.369,"basaliob":-0.369,"bolussnooze":0,"activity":-0.0034,"lastBolusTime":0,"time":"2024-01-06T01:56:35.243Z"}},{"iob":0.002,"basaliob":0.002,"bolussnooze":0,"activity":1.0E-4,"lastBolusTime":0,"time":"2024-01-06T02:01:35.243Z","iobWithZeroTemp":{"iob":-0.379,"basaliob":-0.379,"bolussnooze":0,"activity":-0.0036,"lastBolusTime":0,"time":"2024-01-06T02:01:35.243Z"}},{"iob":0.001,"basaliob":0.001,"bolussnooze":0,"activity":1.0E-4,"lastBolusTime":0,"time":"2024-01-06T02:06:35.243Z","iobWithZeroTemp":{"iob":-0.389,"basaliob":-0.389,"bolussnooze":0,"activity":-0.0037,"lastBolusTime":0,"time":"2024-01-06T02:06:35.243Z"}},{"iob":0.001,"basaliob":0.001,"bolussnooze":0,"activity":1.0E-4,"lastBolusTime":0,"time":"2024-01-06T02:11:35.243Z","iobWithZeroTemp":{"iob":-0.398,"basaliob":-0.398,"bolussnooze":0,"activity":-0.0039,"lastBolusTime":0,"time":"2024-01-06T02:11:35.243Z"}},{"iob":0.001,"basaliob":0.001,"bolussnooze":0,"activity":1.0E-4,"lastBolusTime":0,"time":"2024-01-06T02:16:35.243Z","iobWithZeroTemp":{"iob":-0.406,"basaliob":-0.406,"bolussnooze":0,"activity":-0.004,"lastBolusTime":0,"time":"2024-01-06T02:16:35.243Z"}},{"iob":0,"basaliob":0,"bolussnooze":0,"activity":0,"lastBolusTime":0,"time":"2024-01-06T02:21:35.243Z","iobWithZeroTemp":{"iob":-0.414,"basaliob":-0.414,"bolussnooze":0,"activity":-0.0042,"lastBolusTime":0,"time":"2024-01-06T02:21:35.243Z"}},{"iob":0,"basaliob":0,"bolussnooze":0,"activity":0,"lastBolusTime":0,"time":"2024-01-06T02:26:35.243Z","iobWithZeroTemp":{"iob":-0.421,"basaliob":-0.421,"bolussnooze":0,"activity":-0.0043,"lastBolusTime":0,"time":"2024-01-06T02:26:35.243Z"}},{"iob":0,"basaliob":0,"bolussnooze":0,"activity":0,"lastBolusTime":0,"time":"2024-01-06T02:31:35.243Z","iobWithZeroTemp":{"iob":-0.427,"basaliob":-0.427,"bolussnooze":0,"activity":-0.0044,"lastBolusTime":0,"time":"2024-01-06T02:31:35.243Z"}},{"iob":0,"basaliob":0,"bolussnooze":0,"activity":0,"lastBolusTime":0,"time":"2024-01-06T02:36:35.243Z","iobWithZeroTemp":{"iob":-0.433,"basaliob":-0.433,"bolussnooze":0,"activity":-0.0045,"lastBolusTime":0,"time":"2024-01-06T02:36:35.243Z"}},{"iob":0,"basaliob":0,"bolussnooze":0,"activity":0,"lastBolusTime":0,"time":"2024-01-06T02:41:35.243Z","iobWithZeroTemp":{"iob":-0.438,"basaliob":-0.438,"bolussnooze":0,"activity":-0.0046,"lastBolusTime":0,"time":"2024-01-06T02:41:35.243Z"}},{"iob":0,"basaliob":0,"bolussnooze":0,"activity":0,"lastBolusTime":0,"time":"2024-01-06T02:46:35.243Z","iobWithZeroTemp":{"iob":-0.443,"basaliob":-0.443,"bolussnooze":0,"activity":-0.0047,"lastBolusTime":0,"time":"2024-01-06T02:46:35.243Z"}},{"iob":0,"basaliob":0,"bolussnooze":0,"activity":0,"lastBolusTime":0,"time":"2024-01-06T02:51:35.243Z","iobWithZeroTemp":{"iob":-0.447,"basaliob":-0.447,"bolussnooze":0,"activity":-0.0048,"lastBolusTime":0,"time":"2024-01-06T02:51:35.243Z"}},{"iob":0,"basaliob":0,"bolussnooze":0,"activity":0,"lastBolusTime":0,"time":"2024-01-06T02:56:35.243Z","iobWithZeroTemp":{"iob":-0.451,"basaliob":-0.451,"bolussnooze":0,"activity":-0.0049,"lastBolusTime":0,"time":"2024-01-06T02:56:35.243Z"}},{"iob":-0.001,"basaliob":-0.001,"bolussnooze":0,"activity":0,"lastBolusTime":0,"time":"2024-01-06T03:01:35.243Z","iobWithZeroTemp":{"iob":-0.456,"basaliob":-0.456,"bolussnooze":0,"activity":-0.0049,"lastBolusTime":0,"time":"2024-01-06T03:01:35.243Z"}},{"iob":-0.001,"basaliob":-0.001,"bolussnooze":0,"activity":0,"lastBolusTime":0,"time":"2024-01-06T03:06:35.243Z","iobWithZeroTemp":{"iob":-0.46,"basaliob":-0.46,"bolussnooze":0,"activity":-0.005,"lastBolusTime":0,"time":"2024-01-06T03:06:35.243Z"}},{"iob":-0.001,"basaliob":-0.001,"bolussnooze":0,"activity":0,"lastBolusTime":0,"time":"2024-01-06T03:11:35.243Z","iobWithZeroTemp":{"iob":-0.464,"basaliob":-0.464,"bolussnooze":0,"activity":-0.005,"lastBolusTime":0,"time":"2024-01-06T03:11:35.243Z"}},{"iob":-0.001,"basaliob":-0.001,"bolussnooze":0,"activity":0,"lastBolusTime":0,"time":"2024-01-06T03:16:35.243Z","iobWithZeroTemp":{"iob":-0.468,"basaliob":-0.468,"bolussnooze":0,"activity":-0.0051,"lastBolusTime":0,"time":"2024-01-06T03:16:35.243Z"}},{"iob":-0.001,"basaliob":-0.001,"bolussnooze":0,"activity":0,"lastBolusTime":0,"time":"2024-01-06T03:21:35.243Z","iobWithZeroTemp":{"iob":-0.472,"basaliob":-0.472,"bolussnooze":0,"activity":-0.0052,"lastBolusTime":0,"time":"2024-01-06T03:21:35.243Z"}},{"iob":-0.001,"basaliob":-0.001,"bolussnooze":0,"activity":0,"lastBolusTime":0,"time":"2024-01-06T03:26:35.243Z","iobWithZeroTemp":{"iob":-0.475,"basaliob":-0.475,"bolussnooze":0,"activity":-0.0052,"lastBolusTime":0,"time":"2024-01-06T03:26:35.243Z"}},{"iob":-0.001,"basaliob":-0.001,"bolussnooze":0,"activity":0,"lastBolusTime":0,"time":"2024-01-06T03:31:35.243Z","iobWithZeroTemp":{"iob":-0.478,"basaliob":-0.478,"bolussnooze":0,"activity":-0.0053,"lastBolusTime":0,"time":"2024-01-06T03:31:35.243Z"}},{"iob":-0.001,"basaliob":-0.001,"bolussnooze":0,"activity":0,"lastBolusTime":0,"time":"2024-01-06T03:36:35.243Z","iobWithZeroTemp":{"iob":-0.481,"basaliob":-0.481,"bolussnooze":0,"activity":-0.0053,"lastBolusTime":0,"time":"2024-01-06T03:36:35.243Z"}},{"iob":-0.001,"basaliob":-0.001,"bolussnooze":0,"activity":0,"lastBolusTime":0,"time":"2024-01-06T03:41:35.243Z","iobWithZeroTemp":{"iob":-0.484,"basaliob":-0.484,"bolussnooze":0,"activity":-0.0053,"lastBolusTime":0,"time":"2024-01-06T03:41:35.243Z"}},{"iob":-0.001,"basaliob":-0.001,"bolussnooze":0,"activity":0,"lastBolusTime":0,"time":"2024-01-06T03:46:35.243Z","iobWithZeroTemp":{"iob":-0.486,"basaliob":-0.486,"bolussnooze":0,"activity":-0.0054,"lastBolusTime":0,"time":"2024-01-06T03:46:35.243Z"}},{"iob":0,"basaliob":0,"bolussnooze":0,"activity":0,"lastBolusTime":0,"time":"2024-01-06T03:51:35.243Z","iobWithZeroTemp":{"iob":-0.487,"basaliob":-0.487,"bolussnooze":0,"activity":-0.0054,"lastBolusTime":0,"time":"2024-01-06T03:51:35.243Z"}},{"iob":0,"basaliob":0,"bolussnooze":0,"activity":0,"lastBolusTime":0,"time":"2024-01-06T03:56:35.243Z","iobWithZeroTemp":{"iob":-0.489,"basaliob":-0.489,"bolussnooze":0,"activity":-0.0055,"lastBolusTime":0,"time":"2024-01-06T03:56:35.243Z"}},{"iob":0,"basaliob":0,"bolussnooze":0,"activity":0,"lastBolusTime":0,"time":"2024-01-06T04:01:35.243Z","iobWithZeroTemp":{"iob":-0.491,"basaliob":-0.491,"bolussnooze":0,"activity":-0.0055,"lastBolusTime":0,"time":"2024-01-06T04:01:35.243Z"}},{"iob":0,"basaliob":0,"bolussnooze":0,"activity":0,"lastBolusTime":0,"time":"2024-01-06T04:06:35.243Z","iobWithZeroTemp":{"iob":-0.496,"basaliob":-0.496,"bolussnooze":0,"activity":-0.0055,"lastBolusTime":0,"time":"2024-01-06T04:06:35.243Z"}},{"iob":0,"basaliob":0,"bolussnooze":0,"activity":0,"lastBolusTime":0,"time":"2024-01-06T04:11:35.243Z","iobWithZeroTemp":{"iob":-0.5,"basaliob":-0.5,"bolussnooze":0,"activity":-0.0056,"lastBolusTime":0,"time":"2024-01-06T04:11:35.243Z"}}],"profile":{"max_iob":1,"type":"current","max_daily_basal":0.391,"max_basal":1.15,"min_bg":99,"max_bg":99,"target_bg":99,"carb_ratio":14.618357917185001,"sens":153.96499999999997,"max_daily_safety_multiplier":3,"current_basal_safety_multiplier":4,"lgsThreshold":69,"high_temptarget_raises_sensitivity":false,"low_temptarget_lowers_sensitivity":false,"sensitivity_raises_target":false,"resistance_lowers_target":false,"adv_target_adjustments":false,"exercise_mode":false,"half_basal_exercise_target":160,"maxCOB":120,"skip_neutral_temps":false,"remainingCarbsCap":90,"enableUAM":true,"A52_risk_enable":false,"SMBInterval":3,"enableSMB_with_COB":false,"enableSMB_with_temptarget":false,"allowSMB_with_high_temptarget":false,"enableSMB_always":false,"enableSMB_after_carbs":false,"maxSMBBasalMinutes":30,"maxUAMSMBBasalMinutes":30,"bolus_increment":0.05,"carbsReqThreshold":1,"current_basal":0.306,"temptargetSet":false,"autosens_max":1.2,"autosens_min":0.7,"variable_sens":244.5,"insulinDivisor":75,"TDD":9.336129628571426},"autosens_data":{"ratio":1},"meal_data":{"carbs":0,"mealCOB":0,"slopeFromMaxDeviation":-2.410181818181818,"slopeFromMinDeviation":1.9230000000000003,"lastBolusTime":1704452802638,"lastCarbTime":0},"microBolusAllowed":false,"currentTime":1704500197939,"flatBGsDetected":false,"tdd1D":9.141249999999994,"tdd7D":15.753158928571422,"tddLast24H":9.435749999999992,"tddLast4H":1.604166666666666,"tddLast8to4H":1.808249999999999},"output":{"temp":"absolute","bg":90,"tick":-2,"eventualBG":14,"targetBG":99,"insulinReq":0,"deliverAt":"2024-01-06T00:16:37.939Z","sensitivityRatio":1,"variable_sens":244.5,"predBGs":{"IOB":[90,84,78,72,68,63,60,56,54,51,49,48,47,46,46,45,45,44,44,44,43,43,43,43,43,42],"ZT":[90,88,86,84,82,81,81,81,81,81,82,84,85,87,90,92,95,98]},"reason":"COB: 0, Dev: -59, BGI: -2, ISF: 245, CR: 14.62, Target: 99, minPredBG 54, minGuardBG 42, IOBpredBG 42; minGuardBG 42<70 90m left and 0 ~ req 0U\/hr: no temp required","COB":0,"IOB":0.068,"timestamp":"2024-01-06T00:16:37.978Z"}}