{"algorithm":"OpenAPSSMBPlugin","input":{"glucoseStatus":{"glucose":118,"noise":0,"delta":6,"short_avgdelta":10.22,"long_avgdelta":6.26,"date":1704538800000},"currenttemp":{"temp":"absolute","duration":0,"rate":0},"iob_data":[{"iob":0.237,"basaliob":-0.098,"bolussnooze":0,"activity":0.004,"lastBolusTime":1704534111924,"time":"2024-01-06T11:00:13.117Z","iobWithZeroTemp":{"iob":0.237,"basaliob":-0.098,"bolussnooze":0,"activity":0.004,"lastBolusTime":1704534111924,"time":"2024-01-06T11:00:13.117Z"}},{"iob":0.217,"basaliob":-0.092,"bolussnooze":0,"activity":0.0037,"lastBolusTime":1704534111924,"time":"2024-01-06T11:05:13.117Z","iobWithZeroTemp":{"iob":0.193,"basaliob":-0.116,"bolussnooze":0,"activity":0.0037,"lastBolusTime":1704534111924,"time":"2024-01-06T11:05:13.117Z"}},{"iob":0.199,"basaliob":-0.085,"bolussnooze":0,"activity":0.0035,"lastBolusTime":1704534111924,"time":"2024-01-06T11:10:13.117Z","iobWithZeroTemp":{"iob":0.145,"basaliob":-0.139,"bolussnooze":0,"activity":0.0034,"lastBolusTime":1704534111924,"time":"2024-01-06T11:10:13.117Z"}},{"iob":0.182,"basaliob":-0.08,"bolussnooze":0,"activity":0.0032,"lastBolusTime":1704534111924,"time":"2024-01-06T11:15:13.117Z","iobWithZeroTemp":{"iob":0.099,"basaliob":-0.163,"bolussnooze":0,"activity":0.003,"lastBolusTime":1704534111924,"time":"2024-01-06T11:15:13.117Z"}},{"iob":0.166,"basaliob":-0.074,"bolussnooze":0,"activity":0.003,"lastBolusTime":1704534111924,"time":"2024-01-06T11:20:13.117Z","iobWithZeroTemp":{"iob":0.055,"basaliob":-0.185,"bolussnooze":0,"activity":0.0026,"lastBolusTime":1704534111924,"time":"2024-01-06T11:20:13.117Z"}},{"iob":0.153,"basaliob":-0.068,"bolussnooze":0,"activity":0.0028,"lastBolusTime":1704534111924,"time":"2024-01-06T11:25:13.117Z","iobWithZeroTemp":{"iob":0.014,"basaliob":-0.207,"bolussnooze":0,"activity":0.0022,"lastBolusTime":1704534111924,"time":"2024-01-06T11:25:13.117Z"}},{"iob":0.139,"basaliob":-0.063,"bolussnooze":0,"activity":0.0025,"lastBolusTime":1704534111924,"time":"2024-01-06T11:30:13.117Z","iobWithZeroTemp":{"iob":-0.026,"basaliob":-0.228,"bolussnooze":0,"activity":0.0017,"lastBolusTime":1704534111924,"time":"2024-01-06T11:30:13.117Z"}},{"iob":0.126,"basaliob":-0.059,"bolussnooze":0,"activity":0.0024,"lastBolusTime":1704534111924,"time":"2024-01-06T11:35:13.117Z","iobWithZeroTemp":{"iob":-0.064,"basaliob":-0.249,"bolussnooze":0,"activity":0.0013,"lastBolusTime":1704534111924,"time":"2024-01-06T11:35:13.117Z"}},{"iob":0.115,"basaliob":-0.054,"bolussnooze":0,"activity":0.0021,"lastBolusTime":1704534111924,"time":"2024-01-06T11:40:13.117Z","iobWithZeroTemp":{"iob":-0.099,"basaliob":-0.268,"bolussnooze":0,"activity":8.0E-4,"lastBolusTime":1704534111924,"time":"2024-01-06T11:40:13.117Z"}},{"iob":0.105,"basaliob":-0.05,"bolussnooze":0,"activity":0.002,"lastBolusTime":1704534111924,"time":"2024-01-06T11:45:13.117Z","iobWithZeroTemp":{"iob":-0.132,"basaliob":-0.287,"bolussnooze":0,"activity":4.0E-4,"lastBolusTime":1704534111924,"time":"2024-01-06T11:45:13.117Z"}},{"iob":0.095,"basaliob":-0.046,"bolussnooze":0,"activity":0.0018,"lastBolusTime":1704534111924,"time":"2024-01-06T11:50:13.117Z","iobWithZeroTemp":{"iob":-0.164,"basaliob":-0.305,"bolussnooze":0,"activity":0,"lastBolusTime":1704534111924,"time":"2024-01-06T11:50:13.117Z"}},{"iob":0.087,"basaliob":-0.042,"bolussnooze":0,"activity":0.0017,"lastBolusTime":1704534111924,"time":"2024-01-06T11:55:13.117Z","iobWithZeroTemp":{"iob":-0.192,"basaliob":-0.321,"bolussnooze":0,"activity":-4.0E-4,"lastBolusTime":1704534111924,"time":"2024-01-06T11:55:13.117Z"}},{"iob":0.078,"basaliob":-0.039,"bolussnooze":0,"activity":0.0015,"lastBolusTime":1704534111924,"time":"2024-01-06T12:00:13.117Z","iobWithZeroTemp":{"iob":-0.22,"basaliob":-0.337,"bolussnooze":0,"activity":-8.0E-4,"lastBolusTime":1704534111924,"time":"2024-01-06T12:00:13.117Z"}},{"iob":0.071,"basaliob":-0.036,"bolussnooze":0,"activity":0.0014,"lastBolusTime":1704534111924,"time":"2024-01-06T12:05:13.117Z","iobWithZeroTemp":{"iob":-0.244,"basaliob":-0.351,"bolussnooze":0,"activity":-0.0011,"lastBolusTime":1704534111924,"time":"2024-01-06T12:05:13.117Z"}},{"iob":0.064,"basaliob":-0.033,"bolussnooze":0,"activity":0.0013,"lastBolusTime":1704534111924,"time":"2024-01-06T12:10:13.117Z","iobWithZeroTemp":{"iob":-0.267,"basaliob":-0.364,"bolussnooze":0,"activity":-0.0015,"lastBolusTime":1704534111924,"time":"2024-01-06T12:10:13.117Z"}},{"iob":0.058,"basaliob":-0.03,"bolussnooze":0,"activity":0.0012,"lastBolusTime":1704534111924,"time":"2024-01-06T12:15:13.117Z","iobWithZeroTemp":{"iob":-0.288,"basaliob":-0.376,"bolussnooze":0,"activity":-0.0018,"lastBolusTime":1704534111924,"time":"2024-01-06T12:15:13.117Z"}},{"iob":0.053,"basaliob":-0.027,"bolussnooze":0,"activity":0.0011,"lastBolusTime":1704534111924,"time":"2024-01-06T12:20:13.117Z","iobWithZeroTemp":{"iob":-0.307,"basaliob":-0.387,"bolussnooze":0,"activity":-0.0021,"lastBolusTime":1704534111924,"time":"2024-01-06T12:20:13.117Z"}},{"iob":0.048,"basaliob":-0.025,"bolussnooze":0,"activity":9.0E-4,"lastBolusTime":1704534111924,"time":"2024-01-06T12:25:13.117Z","iobWithZeroTemp":{"iob":-0.325,"basaliob":-0.398,"bolussnooze":0,"activity":-0.0025,"lastBolusTime":1704534111924,"time":"2024-01-06T12:25:13.117Z"}},{"iob":0.043,"basaliob":-0.023,"bolussnooze":0,"activity":9.0E-4,"lastBolusTime":1704534111924,"time":"2024-01-06T12:30:13.117Z","iobWithZeroTemp":{"iob":-0.341,"basaliob":-0.407,"bolussnooze":0,"activity":-0.0027,"lastBolusTime":1704534111924,"time":"2024-01-06T12:30:13.117Z"}},{"iob":0.039,"basaliob":-0.021,"bolussnooze":0,"activity":8.0E-4,"lastBolusTime":1704534111924,"time":"2024-01-06T12:35:13.117Z","iobWithZeroTemp":{"iob":-0.356,"basaliob":-0.416,"bolussnooze":0,"activity":-0.003,"lastBolusTime":1704534111924,"time":"2024-01-06T12:35:13.117Z"}},{"iob":0.035,"basaliob":-0.019,"bolussnooze":0,"activity":7.0E-4,"lastBolusTime":1704534111924,"time":"2024-01-06T12:40:13.117Z","iobWithZeroTemp":{"iob":-0.37,"basaliob":-0.424,"bolussnooze":0,"activity":-0.0032,"lastBolusTime":1704534111924,"time":"2024-01-06T12:40:13.117Z"}},{"iob":0.032,"basaliob":-0.017,"bolussnooze":0,"activity":7.0E-4,"lastBolusTime":1704534111924,"time":"2024-01-06T12:45:13.117Z","iobWithZeroTemp":{"iob":-0.383,"basaliob":-0.432,"bolussnooze":0,"activity":-0.0034,"lastBolusTime":1704534111924,"time":"2024-01-06T12:45:13.117Z"}},{"iob":0.028,"basaliob":-0.016,"bolussnooze":0,"activity":6.0E-4,"lastBolusTime":1704534111924,"time":"2024-01-06T12:50:13.117Z","iobWithZeroTemp":{"iob":-0.395,"basaliob":-0.439,"bolussnooze":0,"activity":-0.0036,"lastBolusTime":1704534111924,"time":"2024-01-06T12:50:13.117Z"}},{"iob":0.026,"basaliob":-0.014,"bolussnooze":0,"activity":5.0E-4,"lastBolusTime":1704534111924,"time":"2024-01-06T12:55:13.117Z","iobWithZeroTemp":{"iob":-0.405,"basaliob":-0.445,"bolussnooze":0,"activity":-0.0038,"lastBolusTime":1704534111924,"time":"2024-01-06T12:55:13.117Z"}},{"iob":0.023,"basaliob":-0.013,"bolussnooze":0,"activity":4.0E-4,"lastBolusTime":1704534111924,"time":"2024-01-06T13:00:13.117Z","iobWithZeroTemp":{"iob":-0.415,"basaliob":-0.451,"bolussnooze":0,"activity":-0.0041,"lastBolusTime":1704534111924,"time":"2024-01-06T13:00:13.117Z"}},{"iob":0.02,"basaliob":-0.012,"bolussnooze":0,"activity":5.0E-4,"lastBolusTime":1704534111924,"time":"2024-01-06T13:05:13.117Z","iobWithZeroTemp":{"iob":-0.425,"basaliob":-0.457,"bolussnooze":0,"activity":-0.0041,"lastBolusTime":1704534111924,"time":"2024-01-06T13:05:13.117Z"}},{"iob":0.018,"basaliob":-0.011,"bolussnooze":0,"activity":4.0E-4,"lastBolusTime":1704534111924,"time":"2024-01-06T13:10:13.117Z","iobWithZeroTemp":{"iob":-0.433,"basaliob":-0.462,"bolussnooze":0,"activity":-0.0043,"lastBolusTime":1704534111924,"time":"2024-01-06T13:10:13.117Z"}},{"iob":0.016,"basaliob":-0.01,"bolussnooze":0,"activity":4.0E-4,"lastBolusTime":1704534111924,"time":"2024-01-06T13:15:13.117Z","iobWithZeroTemp":{"iob":-0.44,"basaliob":-0.466,"bolussnooze":0,"activity":-0.0044,"lastBolusTime":1704534111924,"time":"2024-01-06T13:15:13.117Z"}},{"iob":0.014,"basaliob":-0.009,"bolussnooze":0,"activity":3.0E-4,"lastBolusTime":1704534111924,"time":"2024-01-06T13:20:13.117Z","iobWithZeroTemp":{"iob":-0.447,"basaliob":-0.47,"bolussnooze":0,"activity":-0.0046,"lastBolusTime":1704534111924,"time":"2024-01-06T13:20:13.117Z"}},{"iob":0.013,"basaliob":-0.008,"bolussnooze":0,"activity":3.0E-4,"lastBolusTime":1704534111924,"time":"2024-01-06T13:25:13.117Z","iobWithZeroTemp":{"iob":-0.452,"basaliob":-0.473,"bolussnooze":0,"activity":-0.0047,"lastBolusTime":1704534111924,"time":"2024-01-06T13:25:13.117Z"}},{"iob":0.012,"basaliob":-0.007,"bolussnooze":0,"activity":3.0E-4,"lastBolusTime":1704534111924,"time":"2024-01-06T13:30:13.117Z","iobWithZeroTemp":{"iob":-0.457,"basaliob":-0.476,"bolussnooze":0,"activity":-0.0047,"lastBolusTime":1704534111924,"time":"2024-01-06T13:30:13.117Z"}},{"iob":0.011,"basaliob":-0.006,"bolussnooze":0,"activity":3.0E-4,"lastBolusTime":1704534111924,"time":"2024-01-06T13:35:13.117Z","iobWithZeroTemp":{"iob":-0.462,"basaliob":-0.479,"bolussnooze":0,"activity":-0.0048,"lastBolusTime":1704534111924,"time":"2024-01-06T13:35:13.117Z"}},{"iob":0.009,"basaliob":-0.006,"bolussnooze":0,"activity":2.0E-4,"lastBolusTime":1704534111924,"time":"2024-01-06T13:40:13.117Z","iobWithZeroTemp":{"iob":-0.468,"basaliob":-0.483,"bolussnooze":0,"activity":-0.005,"lastBolusTime":1704534111924,"time":"2024-01-06T13:40:13.117Z"}},{"iob":0.008,"basaliob":-0.005,"bolussnooze":0,"activity":2.0E-4,"lastBolusTime":1704534111924,"time":"2024-01-06T13:45:13.117Z","iobWithZeroTemp":{"iob":-0.472,"basaliob":-0.485,"bolussnooze":0,"activity":-0.005,"lastBolusTime":1704534111924,"time":"2024-01-06T13:45:13.117Z"}},{"iob":0.007,"basaliob":-0.005,"bolussnooze":0,"activity":2.0E-4,"lastBolusTime":1704534111924,"time":"2024-01-06T13:50:13.117Z","iobWithZeroTemp":{"iob":-0.475,"basaliob":-0.487,"bolussnooze":0,"activity":-0.0051,"lastBolusTime":1704534111924,"time":"2024-01-06T13:50:13.117Z"}},{"iob":0.007,"basaliob":-0.004,"bolussnooze":0,"activity":1.0E-4,"lastBolusTime":1704534111924,"time":"2024-01-06T13:55:13.117Z","iobWithZeroTemp":{"iob":-0.478,"basaliob":-0.489,"bolussnooze":0,"activity":-0.0052,"lastBolusTime":1704534111924,"time":"2024-01-06T13:55:13.117Z"}},{"iob":0.006,"basaliob":-0.004,"bolussnooze":0,"activity":1.0E-4,"lastBolusTime":1704534111924,"time":"2024-01-06T14:00:13.117Z","iobWithZeroTemp":{"iob":-0.481,"basaliob":-0.491,"bolussnooze":0,"activity":-0.0053,"lastBolusTime":1704534111924,"time":"2024-01-06T14:00:13.117Z"}},{"iob":0.005,"basaliob":-0.003,"bolussnooze":0,"activity":1.0E-4,"lastBolusTime":1704534111924,"time":"2024-01-06T14:05:13.117Z","iobWithZeroTemp":{"iob":-0.485,"basaliob":-0.493,"bolussnooze":0,"activity":-0.0053,"lastBolusTime":1704534111924,"time":"2024-01-06T14:05:13.117Z"}},{"iob":0.004,"basaliob":-0.003,"bolussnooze":0,"activity":1.0E-4,"lastBolusTime":1704534111924,"time":"2024-01-06T14:10:13.117Z","iobWithZeroTemp":{"iob":-0.489,"basaliob":-0.496,"bolussnooze":0,"activity":-0.0054,"lastBolusTime":1704534111924,"time":"2024-01-06T14:10:13.117Z"}},{"iob":0.004,"basaliob":-0.003,"bolussnooze":0,"activity":1.0E-4,"lastBolusTime":1704534111924,"time":"2024-01-06T14:15:13.117Z","iobWithZeroTemp":{"iob":-0.491,"basaliob":-0.498,"bolussnooze":0,"activity":-0.0054,"lastBolusTime":1704534111924,"time":"2024-01-06T14:15:13.117Z"}},{"iob":0.004,"basaliob":-0.002,"bolussnooze":0,"activity":0,"lastBolusTime":1704534111924,"time":"2024-01-06T14:20:13.117Z","iobWithZeroTemp":{"iob":-0.494,"basaliob":-0.5,"bolussnooze":0,"activity":-0.0055,"lastBolusTime":1704534111924,"time":"2024-01-06T14:20:13.117Z"}},{"iob":0.003,"basaliob":-0.002,"bolussnooze":0,"activity":1.0E-4,"lastBolusTime":1704534111924,"time":"2024-01-06T14:25:13.117Z","iobWithZeroTemp":{"iob":-0.497,"basaliob":-0.502,"bolussnooze":0,"activity":-0.0055,"lastBolusTime":1704534111924,"time":"2024-01-06T14:25:13.117Z"}},{"iob":0.003,"basaliob":-0.002,"bolussnooze":0,"activity":1.0E-4,"lastBolusTime":1704534111924,"time":"2024-01-06T14:30:13.117Z","iobWithZeroTemp":{"iob":-0.499,"basaliob":-0.504,"bolussnooze":0,"activity":-0.0055,"lastBolusTime":1704534111924,"time":"2024-01-06T14:30:13.117Z"}},{"iob":0.002,"basaliob":-0.002,"bolussnooze":0,"activity":1.0E-4,"lastBolusTime":1704534111924,"time":"2024-01-06T14:35:13.117Z","iobWithZeroTemp":{"iob":-0.501,"basaliob":-0.505,"bolussnooze":0,"activity":-0.0055,"lastBolusTime":1704534111924,"time":"2024-01-06T14:35:13.117Z"}},{"iob":0.003,"basaliob":-0.001,"bolussnooze":0,"activity":1.0E-4,"lastBolusTime":1704534111924,"time":"2024-01-06T14:40:13.117Z","iobWithZeroTemp":{"iob":-0.502,"basaliob":-0.506,"bolussnooze":0,"activity":-0.0056,"lastBolusTime":1704534111924,"time":"2024-01-06T14:40:13.117Z"}},{"iob":0.002,"basaliob":-0.001,"bolussnooze":0,"activity":1.0E-4,"lastBolusTime":1704534111924,"time":"2024-01-06T14:45:13.117Z","iobWithZeroTemp":{"iob":-0.505,"basaliob":-0.508,"bolussnooze":0,"activity":-0.0056,"lastBolusTime":1704534111924,"time":"2024-01-06T14:45:13.117Z"}},{"iob":0.002,"basaliob":-0.001,"bolussnooze":0,"activity":1.0E-4,"lastBolusTime":1704534111924,"time":"2024-01-06T14:50:13.117Z","iobWithZeroTemp":{"iob":-0.506,"basaliob":-0.509,"bolussnooze":0,"activity":-0.0056,"lastBolusTime":1704534111924,"time":"2024-01-06T14:50:13.117Z"}},{"iob":0.001,"basaliob":-0.001,"bolussnooze":0,"activity":1.0E-4,"lastBolusTime":1704534111924,"time":"2024-01-06T14:55:13.117Z","iobWithZeroTemp":{"iob":-0.508,"basaliob":-0.51,"bolussnooze":0,"activity":-0.0056,"lastBolusTime":1704534111924,"time":"2024-01-06T14:55:13.117Z"}}],"profile":{"max_iob":2,"type":"current","max_daily_basal":0.391,"max_basal":1.15,"min_bg":99,"max_bg":99,"target_bg":99,"carb_ratio":11.244890705526924,"sens":153.96499999999997,"max_daily_safety_multiplier":3,"current_basal_safety_multiplier":4,"high_temptarget_raises_sensitivity":false,"low_temptarget_lowers_sensitivity":false,"sensitivity_raises_target":false,"resistance_lowers_target":false,"adv_target_adjustments":false,"exercise_mode":false,"half_basal_exercise_target":160,"maxCOB":120,"skip_neutral_temps":false,"remainingCarbsCap":90,"enableUAM":true,"A52_risk_enable":false,"SMBInterval":3,"enableSMB_with_COB":false,"enableSMB_with_temptarget":false,"allowSMB_with_high_temptarget":false,"enableSMB_always":false,"enableSMB_after_carbs":false,"maxSMBBasalMinutes":30,"maxUAMSMBBasalMinutes":30,"bolus_increment":0.05,"carbsReqThreshold":1,"current_basal":0.36,"temptargetSet":false,"autosens_max":1.2},"autosens_data":{"ratio":1},"meal_data":{"carbs":20,"mealCOB":7.456423380910736,"slopeFromMaxDeviation":-1.5639999999999998,"slopeFromMinDeviation":2.5056363636363637,"lastBolusTime":1704534111924,"lastCarbTime":1704532862000},"microBolusAllowed":false,"currentTime":1704538815717,"flatBGsDetected":false},"output":{"temp":"absolute","bg":118,"tick":"+6","eventualBG":178,"targetBG":99,"insulinReq":0.21,"deliverAt":"2024-01-06T11:00:15.717Z","sensitivityRatio":1,"predBGs":{"IOB":[118,123,128,132,136,139,141,143,144,145,145,144,143,142,141,140,139,138,137,136,136,135,135,134,134,134,133,133,133,132,132,132,132,132,131,131,131,131,131,131,131,131,131,131,131,131,130],"ZT":[118,115,112,109,107,105,103,102,101,101,100,100,101,101],"COB":[118,124,129,134,139,144,149,153,157,161,164,167,170,173,175,177,179,180,182,182,183,183,182,182,182,181,181,181,180,180,180,180,179,179,179,179,179,179,179,179,178],"UAM":[118,122,126,127,128,127,125,123,121,119,118,116,115,114,113,112,111,110,109,109,108,107,107,106,106,106,105,105,105,104,104,104,104,104,103,103,103,103,103,103,103,103,103,103,103,103,103,102]},"COB":7.456423380910736,"IOB":0.237,"reason":"COB: 7.5, Dev: 54, BGI: -3, ISF: 154, CR: 11.24, Target: 99, minPredBG 131, minGuardBG 110, IOBpredBG 130, COBpredBG 178, UAMpredBG 102; Eventual BG 178 >= 99, no temp, setting 0.78U\/hr. ","duration":30,"rate":0.78,"timestamp":"2024-01-06T11:00:15.778Z"}}