{"algorithm":"OpenAPSSMBDynamicISFPlugin","input":{"glucoseStatus":{"glucose":112,"noise":0,"delta":8,"short_avgdelta":7.56,"long_avgdelta":4.96,"date":1704524400000},"currenttemp":{"temp":"absolute","duration":25,"rate":0.75,"minutesrunning":5},"iob_data":[{"iob":0.018,"basaliob":0.018,"bolussnooze":0,"activity":4.0E-4,"lastBolusTime":0,"time":"2024-01-06T07:01:41.596Z","iobWithZeroTemp":{"iob":0.018,"basaliob":0.018,"bolussnooze":0,"activity":4.0E-4,"lastBolusTime":0,"time":"2024-01-06T07:01:41.596Z"}},{"iob":0.017,"basaliob":0.017,"bolussnooze":0,"activity":3.0E-4,"lastBolusTime":0,"time":"2024-01-06T07:06:41.596Z","iobWithZeroTemp":{"iob":-0.007,"basaliob":-0.007,"bolussnooze":0,"activity":3.0E-4,"lastBolusTime":0,"time":"2024-01-06T07:06:41.596Z"}},{"iob":0.015,"basaliob":0.015,"bolussnooze":0,"activity":3.0E-4,"lastBolusTime":0,"time":"2024-01-06T07:11:41.596Z","iobWithZeroTemp":{"iob":-0.039,"basaliob":-0.039,"bolussnooze":0,"activity":2.0E-4,"lastBolusTime":0,"time":"2024-01-06T07:11:41.596Z"}},{"iob":0.013,"basaliob":0.013,"bolussnooze":0,"activity":3.0E-4,"lastBolusTime":0,"time":"2024-01-06T07:16:41.596Z","iobWithZeroTemp":{"iob":-0.071,"basaliob":-0.071,"bolussnooze":0,"activity":1.0E-4,"lastBolusTime":0,"time":"2024-01-06T07:16:41.596Z"}},{"iob":0.012,"basaliob":0.012,"bolussnooze":0,"activity":3.0E-4,"lastBolusTime":0,"time":"2024-01-06T07:21:41.596Z","iobWithZeroTemp":{"iob":-0.101,"basaliob":-0.101,"bolussnooze":0,"activity":-1.0E-4,"lastBolusTime":0,"time":"2024-01-06T07:21:41.596Z"}},{"iob":0.011,"basaliob":0.011,"bolussnooze":0,"activity":2.0E-4,"lastBolusTime":0,"time":"2024-01-06T07:26:41.596Z","iobWithZeroTemp":{"iob":-0.13,"basaliob":-0.13,"bolussnooze":0,"activity":-4.0E-4,"lastBolusTime":0,"time":"2024-01-06T07:26:41.596Z"}},{"iob":0.01,"basaliob":0.01,"bolussnooze":0,"activity":2.0E-4,"lastBolusTime":0,"time":"2024-01-06T07:31:41.596Z","iobWithZeroTemp":{"iob":-0.157,"basaliob":-0.157,"bolussnooze":0,"activity":-7.0E-4,"lastBolusTime":0,"time":"2024-01-06T07:31:41.596Z"}},{"iob":0.009,"basaliob":0.009,"bolussnooze":0,"activity":2.0E-4,"lastBolusTime":0,"time":"2024-01-06T07:36:41.596Z","iobWithZeroTemp":{"iob":-0.184,"basaliob":-0.184,"bolussnooze":0,"activity":-9.0E-4,"lastBolusTime":0,"time":"2024-01-06T07:36:41.596Z"}},{"iob":0.008,"basaliob":0.008,"bolussnooze":0,"activity":2.0E-4,"lastBolusTime":0,"time":"2024-01-06T07:41:41.596Z","iobWithZeroTemp":{"iob":-0.209,"basaliob":-0.209,"bolussnooze":0,"activity":-0.0011,"lastBolusTime":0,"time":"2024-01-06T07:41:41.596Z"}},{"iob":0.007,"basaliob":0.007,"bolussnooze":0,"activity":2.0E-4,"lastBolusTime":0,"time":"2024-01-06T07:46:41.596Z","iobWithZeroTemp":{"iob":-0.233,"basaliob":-0.233,"bolussnooze":0,"activity":-0.0014,"lastBolusTime":0,"time":"2024-01-06T07:46:41.596Z"}},{"iob":0.006,"basaliob":0.006,"bolussnooze":0,"activity":1.0E-4,"lastBolusTime":0,"time":"2024-01-06T07:51:41.596Z","iobWithZeroTemp":{"iob":-0.256,"basaliob":-0.256,"bolussnooze":0,"activity":-0.0017,"lastBolusTime":0,"time":"2024-01-06T07:51:41.596Z"}},{"iob":0.006,"basaliob":0.006,"bolussnooze":0,"activity":1.0E-4,"lastBolusTime":0,"time":"2024-01-06T07:56:41.596Z","iobWithZeroTemp":{"iob":-0.277,"basaliob":-0.277,"bolussnooze":0,"activity":-0.002,"lastBolusTime":0,"time":"2024-01-06T07:56:41.596Z"}},{"iob":0.005,"basaliob":0.005,"bolussnooze":0,"activity":1.0E-4,"lastBolusTime":0,"time":"2024-01-06T08:01:41.596Z","iobWithZeroTemp":{"iob":-0.297,"basaliob":-0.297,"bolussnooze":0,"activity":-0.0022,"lastBolusTime":0,"time":"2024-01-06T08:01:41.596Z"}},{"iob":0.004,"basaliob":0.004,"bolussnooze":0,"activity":1.0E-4,"lastBolusTime":0,"time":"2024-01-06T08:06:41.596Z","iobWithZeroTemp":{"iob":-0.314,"basaliob":-0.314,"bolussnooze":0,"activity":-0.0025,"lastBolusTime":0,"time":"2024-01-06T08:06:41.596Z"}},{"iob":0.004,"basaliob":0.004,"bolussnooze":0,"activity":1.0E-4,"lastBolusTime":0,"time":"2024-01-06T08:11:41.596Z","iobWithZeroTemp":{"iob":-0.329,"basaliob":-0.329,"bolussnooze":0,"activity":-0.0027,"lastBolusTime":0,"time":"2024-01-06T08:11:41.596Z"}},{"iob":0.003,"basaliob":0.003,"bolussnooze":0,"activity":1.0E-4,"lastBolusTime":0,"time":"2024-01-06T08:16:41.596Z","iobWithZeroTemp":{"iob":-0.344,"basaliob":-0.344,"bolussnooze":0,"activity":-0.0029,"lastBolusTime":0,"time":"2024-01-06T08:16:41.596Z"}},{"iob":0.003,"basaliob":0.003,"bolussnooze":0,"activity":1.0E-4,"lastBolusTime":0,"time":"2024-01-06T08:21:41.596Z","iobWithZeroTemp":{"iob":-0.357,"basaliob":-0.357,"bolussnooze":0,"activity":-0.0031,"lastBolusTime":0,"time":"2024-01-06T08:21:41.596Z"}},{"iob":0.003,"basaliob":0.003,"bolussnooze":0,"activity":1.0E-4,"lastBolusTime":0,"time":"2024-01-06T08:26:41.596Z","iobWithZeroTemp":{"iob":-0.368,"basaliob":-0.368,"bolussnooze":0,"activity":-0.0033,"lastBolusTime":0,"time":"2024-01-06T08:26:41.596Z"}},{"iob":0.002,"basaliob":0.002,"bolussnooze":0,"activity":1.0E-4,"lastBolusTime":0,"time":"2024-01-06T08:31:41.596Z","iobWithZeroTemp":{"iob":-0.38,"basaliob":-0.38,"bolussnooze":0,"activity":-0.0035,"lastBolusTime":0,"time":"2024-01-06T08:31:41.596Z"}},{"iob":0.002,"basaliob":0.002,"bolussnooze":0,"activity":1.0E-4,"lastBolusTime":0,"time":"2024-01-06T08:36:41.596Z","iobWithZeroTemp":{"iob":-0.39,"basaliob":-0.39,"bolussnooze":0,"activity":-0.0037,"lastBolusTime":0,"time":"2024-01-06T08:36:41.596Z"}},{"iob":0.002,"basaliob":0.002,"bolussnooze":0,"activity":0,"lastBolusTime":0,"time":"2024-01-06T08:41:41.596Z","iobWithZeroTemp":{"iob":-0.399,"basaliob":-0.399,"bolussnooze":0,"activity":-0.0039,"lastBolusTime":0,"time":"2024-01-06T08:41:41.596Z"}},{"iob":0.002,"basaliob":0.002,"bolussnooze":0,"activity":0,"lastBolusTime":0,"time":"2024-01-06T08:46:41.596Z","iobWithZeroTemp":{"iob":-0.408,"basaliob":-0.408,"bolussnooze":0,"activity":-0.0041,"lastBolusTime":0,"time":"2024-01-06T08:46:41.596Z"}},{"iob":0.001,"basaliob":0.001,"bolussnooze":0,"activity":0,"lastBolusTime":0,"time":"2024-01-06T08:51:41.596Z","iobWithZeroTemp":{"iob":-0.417,"basaliob":-0.417,"bolussnooze":0,"activity":-0.0042,"lastBolusTime":0,"time":"2024-01-06T08:51:41.596Z"}},{"iob":0.001,"basaliob":0.001,"bolussnooze":0,"activity":0,"lastBolusTime":0,"time":"2024-01-06T08:56:41.596Z","iobWithZeroTemp":{"iob":-0.424,"basaliob":-0.424,"bolussnooze":0,"activity":-0.0043,"lastBolusTime":0,"time":"2024-01-06T08:56:41.596Z"}},{"iob":0.001,"basaliob":0.001,"bolussnooze":0,"activity":0,"lastBolusTime":0,"time":"2024-01-06T09:01:41.596Z","iobWithZeroTemp":{"iob":-0.43,"basaliob":-0.43,"bolussnooze":0,"activity":-0.0044,"lastBolusTime":0,"time":"2024-01-06T09:01:41.596Z"}},{"iob":0.001,"basaliob":0.001,"bolussnooze":0,"activity":0,"lastBolusTime":0,"time":"2024-01-06T09:06:41.596Z","iobWithZeroTemp":{"iob":-0.436,"basaliob":-0.436,"bolussnooze":0,"activity":-0.0045,"lastBolusTime":0,"time":"2024-01-06T09:06:41.596Z"}},{"iob":0.001,"basaliob":0.001,"bolussnooze":0,"activity":0,"lastBolusTime":0,"time":"2024-01-06T09:11:41.596Z","iobWithZeroTemp":{"iob":-0.441,"basaliob":-0.441,"bolussnooze":0,"activity":-0.0046,"lastBolusTime":0,"time":"2024-01-06T09:11:41.596Z"}},{"iob":0.001,"basaliob":0.001,"bolussnooze":0,"activity":0,"lastBolusTime":0,"time":"2024-01-06T09:16:41.596Z","iobWithZeroTemp":{"iob":-0.446,"basaliob":-0.446,"bolussnooze":0,"activity":-0.0047,"lastBolusTime":0,"time":"2024-01-06T09:16:41.596Z"}},{"iob":0.001,"basaliob":0.001,"bolussnooze":0,"activity":0,"lastBolusTime":0,"time":"2024-01-06T09:21:41.596Z","iobWithZeroTemp":{"iob":-0.45,"basaliob":-0.45,"bolussnooze":0,"activity":-0.0048,"lastBolusTime":0,"time":"2024-01-06T09:21:41.596Z"}},{"iob":0.001,"basaliob":0.001,"bolussnooze":0,"activity":0,"lastBolusTime":0,"time":"2024-01-06T09:26:41.596Z","iobWithZeroTemp":{"iob":-0.454,"basaliob":-0.454,"bolussnooze":0,"activity":-0.0049,"lastBolusTime":0,"time":"2024-01-06T09:26:41.596Z"}},{"iob":0,"basaliob":0,"bolussnooze":0,"activity":0,"lastBolusTime":0,"time":"2024-01-06T09:31:41.596Z","iobWithZeroTemp":{"iob":-0.458,"basaliob":-0.458,"bolussnooze":0,"activity":-0.005,"lastBolusTime":0,"time":"2024-01-06T09:31:41.596Z"}},{"iob":0,"basaliob":0,"bolussnooze":0,"activity":0,"lastBolusTime":0,"time":"2024-01-06T09:36:41.596Z","iobWithZeroTemp":{"iob":-0.462,"basaliob":-0.462,"bolussnooze":0,"activity":-0.005,"lastBolusTime":0,"time":"2024-01-06T09:36:41.596Z"}},{"iob":0,"basaliob":0,"bolussnooze":0,"activity":0,"lastBolusTime":0,"time":"2024-01-06T09:41:41.596Z","iobWithZeroTemp":{"iob":-0.464,"basaliob":-0.464,"bolussnooze":0,"activity":-0.0051,"lastBolusTime":0,"time":"2024-01-06T09:41:41.596Z"}},{"iob":0,"basaliob":0,"bolussnooze":0,"activity":0,"lastBolusTime":0,"time":"2024-01-06T09:46:41.596Z","iobWithZeroTemp":{"iob":-0.467,"basaliob":-0.467,"bolussnooze":0,"activity":-0.0051,"lastBolusTime":0,"time":"2024-01-06T09:46:41.596Z"}},{"iob":0,"basaliob":0,"bolussnooze":0,"activity":0,"lastBolusTime":0,"time":"2024-01-06T09:51:41.596Z","iobWithZeroTemp":{"iob":-0.469,"basaliob":-0.469,"bolussnooze":0,"activity":-0.0052,"lastBolusTime":0,"time":"2024-01-06T09:51:41.596Z"}},{"iob":0,"basaliob":0,"bolussnooze":0,"activity":0,"lastBolusTime":0,"time":"2024-01-06T09:56:41.596Z","iobWithZeroTemp":{"iob":-0.472,"basaliob":-0.472,"bolussnooze":0,"activity":-0.0052,"lastBolusTime":0,"time":"2024-01-06T09:56:41.596Z"}},{"iob":0,"basaliob":0,"bolussnooze":0,"activity":0,"lastBolusTime":0,"time":"2024-01-06T10:01:41.596Z","iobWithZeroTemp":{"iob":-0.473,"basaliob":-0.473,"bolussnooze":0,"activity":-0.0053,"lastBolusTime":0,"time":"2024-01-06T10:01:41.596Z"}},{"iob":0,"basaliob":0,"bolussnooze":0,"activity":0,"lastBolusTime":0,"time":"2024-01-06T10:06:41.596Z","iobWithZeroTemp":{"iob":-0.476,"basaliob":-0.476,"bolussnooze":0,"activity":-0.0053,"lastBolusTime":0,"time":"2024-01-06T10:06:41.596Z"}},{"iob":0,"basaliob":0,"bolussnooze":0,"activity":0,"lastBolusTime":0,"time":"2024-01-06T10:11:41.596Z","iobWithZeroTemp":{"iob":-0.479,"basaliob":-0.479,"bolussnooze":0,"activity":-0.0053,"lastBolusTime":0,"time":"2024-01-06T10:11:41.596Z"}},{"iob":0,"basaliob":0,"bolussnooze":0,"activity":0,"lastBolusTime":0,"time":"2024-01-06T10:16:41.596Z","iobWithZeroTemp":{"iob":-0.481,"basaliob":-0.481,"bolussnooze":0,"activity":-0.0054,"lastBolusTime":0,"time":"2024-01-06T10:16:41.596Z"}},{"iob":0,"basaliob":0,"bolussnooze":0,"activity":0,"lastBolusTime":0,"time":"2024-01-06T10:21:41.596Z","iobWithZeroTemp":{"iob":-0.484,"basaliob":-0.484,"bolussnooze":0,"activity":-0.0054,"lastBolusTime":0,"time":"2024-01-06T10:21:41.596Z"}},{"iob":0,"basaliob":0,"bolussnooze":0,"activity":0,"lastBolusTime":0,"time":"2024-01-06T10:26:41.596Z","iobWithZeroTemp":{"iob":-0.486,"basaliob":-0.486,"bolussnooze":0,"activity":-0.0054,"lastBolusTime":0,"time":"2024-01-06T10:26:41.596Z"}},{"iob":0,"basaliob":0,"bolussnooze":0,"activity":0,"lastBolusTime":0,"time":"2024-01-06T10:31:41.596Z","iobWithZeroTemp":{"iob":-0.488,"basaliob":-0.488,"bolussnooze":0,"activity":-0.0055,"lastBolusTime":0,"time":"2024-01-06T10:31:41.596Z"}},{"iob":0,"basaliob":0,"bolussnooze":0,"activity":0,"lastBolusTime":0,"time":"2024-01-06T10:36:41.596Z","iobWithZeroTemp":{"iob":-0.49,"basaliob":-0.49,"bolussnooze":0,"activity":-0.0055,"lastBolusTime":0,"time":"2024-01-06T10:36:41.596Z"}},{"iob":0,"basaliob":0,"bolussnooze":0,"activity":0,"lastBolusTime":0,"time":"2024-01-06T10:41:41.596Z","iobWithZeroTemp":{"iob":-0.491,"basaliob":-0.491,"bolussnooze":0,"activity":-0.0055,"lastBolusTime":0,"time":"2024-01-06T10:41:41.596Z"}},{"iob":0,"basaliob":0,"bolussnooze":0,"activity":0,"lastBolusTime":0,"time":"2024-01-06T10:46:41.596Z","iobWithZeroTemp":{"iob":-0.493,"basaliob":-0.493,"bolussnooze":0,"activity":-0.0055,"lastBolusTime":0,"time":"2024-01-06T10:46:41.596Z"}},{"iob":0,"basaliob":0,"bolussnooze":0,"activity":0,"lastBolusTime":0,"time":"2024-01-06T10:51:41.596Z","iobWithZeroTemp":{"iob":-0.494,"basaliob":-0.494,"bolussnooze":0,"activity":-0.0056,"lastBolusTime":0,"time":"2024-01-06T10:51:41.596Z"}},{"iob":0,"basaliob":0,"bolussnooze":0,"activity":0,"lastBolusTime":0,"time":"2024-01-06T10:56:41.596Z","iobWithZeroTemp":{"iob":-0.495,"basaliob":-0.495,"bolussnooze":0,"activity":-0.0056,"lastBolusTime":0,"time":"2024-01-06T10:56:41.596Z"}}],"profile":{"max_iob":1,"type":"current","max_daily_basal":0.391,"max_basal":1.15,"min_bg":99,"max_bg":99,"target_bg":99,"carb_ratio":9.2,"sens":153.96499999999997,"max_daily_safety_multiplier":3,"current_basal_safety_multiplier":4,"lgsThreshold":69,"high_temptarget_raises_sensitivity":false,"low_temptarget_lowers_sensitivity":false,"sensitivity_raises_target":false,"resistance_lowers_target":false,"adv_target_adjustments":false,"exercise_mode":false,"half_basal_exercise_target":160,"maxCOB":120,"skip_neutral_temps":false,"remainingCarbsCap":90,"enableUAM":true,"A52_risk_enable":false,"SMBInterval":3,"enableSMB_with_COB":false,"enableSMB_with_temptarget":false,"allowSMB_with_high_temptarget":false,"enableSMB_always":false,"enableSMB_after_carbs":false,"maxSMBBasalMinutes":30,"maxUAMSMBBasalMinutes":30,"bolus_increment":0.05,"carbsReqThreshold":1,"current_basal":0.365,"temptargetSet":false,"autosens_max":1.2,"autosens_min":0.7,"variable_sens":208.4,"insulinDivisor":75,"TDD":9.454005628571426},"autosens_data":{"ratio":1},"meal_data":{"carbs":0,"mealCOB":0,"slopeFromMaxDeviation":0,"slopeFromMinDeviation":2.549777777777778,"lastBolusTime":1704452802638,"lastCarbTime":0},"microBolusAllowed":false,"currentTime":1704524504078,"flatBGsDetected":false,"tdd1D":9.141249999999994,"tdd7D":15.753158928571422,"tddLast24H":9.6745,"tddLast4H":1.8495833333333338,"tddLast8to4H":1.4836666666666662},"output":{"temp":"absolute","bg":112,"tick":"+8","eventualBG":156,"targetBG":99,"insulinReq":0.24,"deliverAt":"2024-01-06T07:01:44.078Z","sensitivityRatio":1,"variable_sens":208.4,"predBGs":{"IOB":[112,119,125,131,136,140,144,147,150,152,153,153,153],"ZT":[112,112,111,111,111,111,111],"UAM":[112,119,125,130,134,138,140,142,143,143,143,143,143,143,143,143,143,143,143,142]},"reason":"COB: 0, Dev: 48, BGI: 0, ISF: 208, CR: 9.2, Target: 99, minPredBG 148, minGuardBG 119, IOBpredBG 153, UAMpredBG 142; Eventual BG 156 >= 99, temp 0.75 < 0.85U\/hr.  25m left and 0.75 ~ req 0.845U\/hr: no temp required","COB":0,"IOB":0.018,"timestamp":"2024-01-06T07:01:44.111Z"}}