{"algorithm":"OpenAPSSMBDynamicISFPlugin","input":{"glucoseStatus":{"glucose":88,"noise":0,"delta":3,"short_avgdelta":3,"long_avgdelta":-1.92,"date":1704523200000},"currenttemp":{"temp":"absolute","duration":0,"rate":0},"iob_data":[{"iob":-0.009,"basaliob":-0.009,"bolussnooze":0,"activity":0.001,"lastBolusTime":0,"time":"2024-01-06T06:41:41.520Z","iobWithZeroTemp":{"iob":-0.009,"basaliob":-0.009,"bolussnooze":0,"activity":0.001,"lastBolusTime":0,"time":"2024-01-06T06:41:41.520Z"}},{"iob":-0.013,"basaliob":-0.013,"bolussnooze":0,"activity":8.0E-4,"lastBolusTime":0,"time":"2024-01-06T06:46:41.520Z","iobWithZeroTemp":{"iob":-0.039,"basaliob":-0.039,"bolussnooze":0,"activity":8.0E-4,"lastBolusTime":0,"time":"2024-01-06T06:46:41.520Z"}},{"iob":-0.017,"basaliob":-0.017,"bolussnooze":0,"activity":6.0E-4,"lastBolusTime":0,"time":"2024-01-06T06:51:41.520Z","iobWithZeroTemp":{"iob":-0.075,"basaliob":-0.075,"bolussnooze":0,"activity":5.0E-4,"lastBolusTime":0,"time":"2024-01-06T06:51:41.520Z"}},{"iob":-0.019,"basaliob":-0.019,"bolussnooze":0,"activity":4.0E-4,"lastBolusTime":0,"time":"2024-01-06T06:56:41.520Z","iobWithZeroTemp":{"iob":-0.109,"basaliob":-0.109,"bolussnooze":0,"activity":1.0E-4,"lastBolusTime":0,"time":"2024-01-06T06:56:41.520Z"}},{"iob":-0.021,"basaliob":-0.021,"bolussnooze":0,"activity":3.0E-4,"lastBolusTime":0,"time":"2024-01-06T07:01:41.520Z","iobWithZeroTemp":{"iob":-0.142,"basaliob":-0.142,"bolussnooze":0,"activity":-2.0E-4,"lastBolusTime":0,"time":"2024-01-06T07:01:41.520Z"}},{"iob":-0.022,"basaliob":-0.022,"bolussnooze":0,"activity":2.0E-4,"lastBolusTime":0,"time":"2024-01-06T07:06:41.520Z","iobWithZeroTemp":{"iob":-0.171,"basaliob":-0.171,"bolussnooze":0,"activity":-5.0E-4,"lastBolusTime":0,"time":"2024-01-06T07:06:41.520Z"}},{"iob":-0.023,"basaliob":-0.023,"bolussnooze":0,"activity":1.0E-4,"lastBolusTime":0,"time":"2024-01-06T07:11:41.520Z","iobWithZeroTemp":{"iob":-0.198,"basaliob":-0.198,"bolussnooze":0,"activity":-8.0E-4,"lastBolusTime":0,"time":"2024-01-06T07:11:41.520Z"}},{"iob":-0.023,"basaliob":-0.023,"bolussnooze":0,"activity":0,"lastBolusTime":0,"time":"2024-01-06T07:16:41.520Z","iobWithZeroTemp":{"iob":-0.223,"basaliob":-0.223,"bolussnooze":0,"activity":-0.0011,"lastBolusTime":0,"time":"2024-01-06T07:16:41.520Z"}},{"iob":-0.023,"basaliob":-0.023,"bolussnooze":0,"activity":0,"lastBolusTime":0,"time":"2024-01-06T07:21:41.520Z","iobWithZeroTemp":{"iob":-0.248,"basaliob":-0.248,"bolussnooze":0,"activity":-0.0014,"lastBolusTime":0,"time":"2024-01-06T07:21:41.520Z"}},{"iob":-0.023,"basaliob":-0.023,"bolussnooze":0,"activity":-1.0E-4,"lastBolusTime":0,"time":"2024-01-06T07:26:41.520Z","iobWithZeroTemp":{"iob":-0.27,"basaliob":-0.27,"bolussnooze":0,"activity":-0.0018,"lastBolusTime":0,"time":"2024-01-06T07:26:41.520Z"}},{"iob":-0.022,"basaliob":-0.022,"bolussnooze":0,"activity":-1.0E-4,"lastBolusTime":0,"time":"2024-01-06T07:31:41.520Z","iobWithZeroTemp":{"iob":-0.291,"basaliob":-0.291,"bolussnooze":0,"activity":-0.002,"lastBolusTime":0,"time":"2024-01-06T07:31:41.520Z"}},{"iob":-0.022,"basaliob":-0.022,"bolussnooze":0,"activity":-1.0E-4,"lastBolusTime":0,"time":"2024-01-06T07:36:41.520Z","iobWithZeroTemp":{"iob":-0.311,"basaliob":-0.311,"bolussnooze":0,"activity":-0.0023,"lastBolusTime":0,"time":"2024-01-06T07:36:41.520Z"}},{"iob":-0.021,"basaliob":-0.021,"bolussnooze":0,"activity":-2.0E-4,"lastBolusTime":0,"time":"2024-01-06T07:41:41.520Z","iobWithZeroTemp":{"iob":-0.329,"basaliob":-0.329,"bolussnooze":0,"activity":-0.0026,"lastBolusTime":0,"time":"2024-01-06T07:41:41.520Z"}},{"iob":-0.02,"basaliob":-0.02,"bolussnooze":0,"activity":-2.0E-4,"lastBolusTime":0,"time":"2024-01-06T07:46:41.520Z","iobWithZeroTemp":{"iob":-0.346,"basaliob":-0.346,"bolussnooze":0,"activity":-0.0029,"lastBolusTime":0,"time":"2024-01-06T07:46:41.520Z"}},{"iob":-0.019,"basaliob":-0.019,"bolussnooze":0,"activity":-2.0E-4,"lastBolusTime":0,"time":"2024-01-06T07:51:41.520Z","iobWithZeroTemp":{"iob":-0.361,"basaliob":-0.361,"bolussnooze":0,"activity":-0.0031,"lastBolusTime":0,"time":"2024-01-06T07:51:41.520Z"}},{"iob":-0.018,"basaliob":-0.018,"bolussnooze":0,"activity":-2.0E-4,"lastBolusTime":0,"time":"2024-01-06T07:56:41.520Z","iobWithZeroTemp":{"iob":-0.376,"basaliob":-0.376,"bolussnooze":0,"activity":-0.0033,"lastBolusTime":0,"time":"2024-01-06T07:56:41.520Z"}},{"iob":-0.018,"basaliob":-0.018,"bolussnooze":0,"activity":-2.0E-4,"lastBolusTime":0,"time":"2024-01-06T08:01:41.520Z","iobWithZeroTemp":{"iob":-0.39,"basaliob":-0.39,"bolussnooze":0,"activity":-0.0035,"lastBolusTime":0,"time":"2024-01-06T08:01:41.520Z"}},{"iob":-0.017,"basaliob":-0.017,"bolussnooze":0,"activity":-2.0E-4,"lastBolusTime":0,"time":"2024-01-06T08:06:41.520Z","iobWithZeroTemp":{"iob":-0.401,"basaliob":-0.401,"bolussnooze":0,"activity":-0.0037,"lastBolusTime":0,"time":"2024-01-06T08:06:41.520Z"}},{"iob":-0.016,"basaliob":-0.016,"bolussnooze":0,"activity":-2.0E-4,"lastBolusTime":0,"time":"2024-01-06T08:11:41.520Z","iobWithZeroTemp":{"iob":-0.409,"basaliob":-0.409,"bolussnooze":0,"activity":-0.0039,"lastBolusTime":0,"time":"2024-01-06T08:11:41.520Z"}},{"iob":-0.015,"basaliob":-0.015,"bolussnooze":0,"activity":-2.0E-4,"lastBolusTime":0,"time":"2024-01-06T08:16:41.520Z","iobWithZeroTemp":{"iob":-0.417,"basaliob":-0.417,"bolussnooze":0,"activity":-0.0041,"lastBolusTime":0,"time":"2024-01-06T08:16:41.520Z"}},{"iob":-0.014,"basaliob":-0.014,"bolussnooze":0,"activity":-2.0E-4,"lastBolusTime":0,"time":"2024-01-06T08:21:41.520Z","iobWithZeroTemp":{"iob":-0.425,"basaliob":-0.425,"bolussnooze":0,"activity":-0.0042,"lastBolusTime":0,"time":"2024-01-06T08:21:41.520Z"}},{"iob":-0.013,"basaliob":-0.013,"bolussnooze":0,"activity":-2.0E-4,"lastBolusTime":0,"time":"2024-01-06T08:26:41.520Z","iobWithZeroTemp":{"iob":-0.432,"basaliob":-0.432,"bolussnooze":0,"activity":-0.0044,"lastBolusTime":0,"time":"2024-01-06T08:26:41.520Z"}},{"iob":-0.012,"basaliob":-0.012,"bolussnooze":0,"activity":-2.0E-4,"lastBolusTime":0,"time":"2024-01-06T08:31:41.520Z","iobWithZeroTemp":{"iob":-0.438,"basaliob":-0.438,"bolussnooze":0,"activity":-0.0045,"lastBolusTime":0,"time":"2024-01-06T08:31:41.520Z"}},{"iob":-0.011,"basaliob":-0.011,"bolussnooze":0,"activity":-2.0E-4,"lastBolusTime":0,"time":"2024-01-06T08:36:41.520Z","iobWithZeroTemp":{"iob":-0.444,"basaliob":-0.444,"bolussnooze":0,"activity":-0.0046,"lastBolusTime":0,"time":"2024-01-06T08:36:41.520Z"}},{"iob":-0.01,"basaliob":-0.01,"bolussnooze":0,"activity":-2.0E-4,"lastBolusTime":0,"time":"2024-01-06T08:41:41.520Z","iobWithZeroTemp":{"iob":-0.449,"basaliob":-0.449,"bolussnooze":0,"activity":-0.0047,"lastBolusTime":0,"time":"2024-01-06T08:41:41.520Z"}},{"iob":-0.01,"basaliob":-0.01,"bolussnooze":0,"activity":-1.0E-4,"lastBolusTime":0,"time":"2024-01-06T08:46:41.520Z","iobWithZeroTemp":{"iob":-0.454,"basaliob":-0.454,"bolussnooze":0,"activity":-0.0047,"lastBolusTime":0,"time":"2024-01-06T08:46:41.520Z"}},{"iob":-0.009,"basaliob":-0.009,"bolussnooze":0,"activity":-1.0E-4,"lastBolusTime":0,"time":"2024-01-06T08:51:41.520Z","iobWithZeroTemp":{"iob":-0.458,"basaliob":-0.458,"bolussnooze":0,"activity":-0.0048,"lastBolusTime":0,"time":"2024-01-06T08:51:41.520Z"}},{"iob":-0.008,"basaliob":-0.008,"bolussnooze":0,"activity":-1.0E-4,"lastBolusTime":0,"time":"2024-01-06T08:56:41.520Z","iobWithZeroTemp":{"iob":-0.462,"basaliob":-0.462,"bolussnooze":0,"activity":-0.0049,"lastBolusTime":0,"time":"2024-01-06T08:56:41.520Z"}},{"iob":-0.008,"basaliob":-0.008,"bolussnooze":0,"activity":-1.0E-4,"lastBolusTime":0,"time":"2024-01-06T09:01:41.520Z","iobWithZeroTemp":{"iob":-0.466,"basaliob":-0.466,"bolussnooze":0,"activity":-0.005,"lastBolusTime":0,"time":"2024-01-06T09:01:41.520Z"}},{"iob":-0.007,"basaliob":-0.007,"bolussnooze":0,"activity":-1.0E-4,"lastBolusTime":0,"time":"2024-01-06T09:06:41.520Z","iobWithZeroTemp":{"iob":-0.468,"basaliob":-0.468,"bolussnooze":0,"activity":-0.0051,"lastBolusTime":0,"time":"2024-01-06T09:06:41.520Z"}},{"iob":-0.007,"basaliob":-0.007,"bolussnooze":0,"activity":-1.0E-4,"lastBolusTime":0,"time":"2024-01-06T09:11:41.520Z","iobWithZeroTemp":{"iob":-0.471,"basaliob":-0.471,"bolussnooze":0,"activity":-0.0051,"lastBolusTime":0,"time":"2024-01-06T09:11:41.520Z"}},{"iob":-0.006,"basaliob":-0.006,"bolussnooze":0,"activity":-1.0E-4,"lastBolusTime":0,"time":"2024-01-06T09:16:41.520Z","iobWithZeroTemp":{"iob":-0.473,"basaliob":-0.473,"bolussnooze":0,"activity":-0.0052,"lastBolusTime":0,"time":"2024-01-06T09:16:41.520Z"}},{"iob":-0.006,"basaliob":-0.006,"bolussnooze":0,"activity":-1.0E-4,"lastBolusTime":0,"time":"2024-01-06T09:21:41.520Z","iobWithZeroTemp":{"iob":-0.475,"basaliob":-0.475,"bolussnooze":0,"activity":-0.0052,"lastBolusTime":0,"time":"2024-01-06T09:21:41.520Z"}},{"iob":-0.005,"basaliob":-0.005,"bolussnooze":0,"activity":-1.0E-4,"lastBolusTime":0,"time":"2024-01-06T09:26:41.520Z","iobWithZeroTemp":{"iob":-0.477,"basaliob":-0.477,"bolussnooze":0,"activity":-0.0053,"lastBolusTime":0,"time":"2024-01-06T09:26:41.520Z"}},{"iob":-0.005,"basaliob":-0.005,"bolussnooze":0,"activity":-1.0E-4,"lastBolusTime":0,"time":"2024-01-06T09:31:41.520Z","iobWithZeroTemp":{"iob":-0.479,"basaliob":-0.479,"bolussnooze":0,"activity":-0.0053,"lastBolusTime":0,"time":"2024-01-06T09:31:41.520Z"}},{"iob":-0.004,"basaliob":-0.004,"bolussnooze":0,"activity":-1.0E-4,"lastBolusTime":0,"time":"2024-01-06T09:36:41.520Z","iobWithZeroTemp":{"iob":-0.48,"basaliob":-0.48,"bolussnooze":0,"activity":-0.0054,"lastBolusTime":0,"time":"2024-01-06T09:36:41.520Z"}},{"iob":-0.004,"basaliob":-0.004,"bolussnooze":0,"activity":-1.0E-4,"lastBolusTime":0,"time":"2024-01-06T09:41:41.520Z","iobWithZeroTemp":{"iob":-0.481,"basaliob":-0.481,"bolussnooze":0,"activity":-0.0054,"lastBolusTime":0,"time":"2024-01-06T09:41:41.520Z"}},{"iob":-0.004,"basaliob":-0.004,"bolussnooze":0,"activity":-1.0E-4,"lastBolusTime":0,"time":"2024-01-06T09:46:41.520Z","iobWithZeroTemp":{"iob":-0.483,"basaliob":-0.483,"bolussnooze":0,"activity":-0.0054,"lastBolusTime":0,"time":"2024-01-06T09:46:41.520Z"}},{"iob":-0.003,"basaliob":-0.003,"bolussnooze":0,"activity":-1.0E-4,"lastBolusTime":0,"time":"2024-01-06T09:51:41.520Z","iobWithZeroTemp":{"iob":-0.483,"basaliob":-0.483,"bolussnooze":0,"activity":-0.0055,"lastBolusTime":0,"time":"2024-01-06T09:51:41.520Z"}},{"iob":-0.003,"basaliob":-0.003,"bolussnooze":0,"activity":-1.0E-4,"lastBolusTime":0,"time":"2024-01-06T09:56:41.520Z","iobWithZeroTemp":{"iob":-0.484,"basaliob":-0.484,"bolussnooze":0,"activity":-0.0055,"lastBolusTime":0,"time":"2024-01-06T09:56:41.520Z"}},{"iob":-0.003,"basaliob":-0.003,"bolussnooze":0,"activity":-1.0E-4,"lastBolusTime":0,"time":"2024-01-06T10:01:41.520Z","iobWithZeroTemp":{"iob":-0.485,"basaliob":-0.485,"bolussnooze":0,"activity":-0.0055,"lastBolusTime":0,"time":"2024-01-06T10:01:41.520Z"}},{"iob":-0.002,"basaliob":-0.002,"bolussnooze":0,"activity":0,"lastBolusTime":0,"time":"2024-01-06T10:06:41.520Z","iobWithZeroTemp":{"iob":-0.486,"basaliob":-0.486,"bolussnooze":0,"activity":-0.0054,"lastBolusTime":0,"time":"2024-01-06T10:06:41.520Z"}},{"iob":-0.002,"basaliob":-0.002,"bolussnooze":0,"activity":0,"lastBolusTime":0,"time":"2024-01-06T10:11:41.520Z","iobWithZeroTemp":{"iob":-0.488,"basaliob":-0.488,"bolussnooze":0,"activity":-0.0055,"lastBolusTime":0,"time":"2024-01-06T10:11:41.520Z"}},{"iob":-0.002,"basaliob":-0.002,"bolussnooze":0,"activity":0,"lastBolusTime":0,"time":"2024-01-06T10:16:41.520Z","iobWithZeroTemp":{"iob":-0.49,"basaliob":-0.49,"bolussnooze":0,"activity":-0.0055,"lastBolusTime":0,"time":"2024-01-06T10:16:41.520Z"}},{"iob":-0.002,"basaliob":-0.002,"bolussnooze":0,"activity":0,"lastBolusTime":0,"time":"2024-01-06T10:21:41.520Z","iobWithZeroTemp":{"iob":-0.491,"basaliob":-0.491,"bolussnooze":0,"activity":-0.0055,"lastBolusTime":0,"time":"2024-01-06T10:21:41.520Z"}},{"iob":-0.002,"basaliob":-0.002,"bolussnooze":0,"activity":0,"lastBolusTime":0,"time":"2024-01-06T10:26:41.520Z","iobWithZeroTemp":{"iob":-0.493,"basaliob":-0.493,"bolussnooze":0,"activity":-0.0055,"lastBolusTime":0,"time":"2024-01-06T10:26:41.520Z"}},{"iob":-0.002,"basaliob":-0.002,"bolussnooze":0,"activity":0,"lastBolusTime":0,"time":"2024-01-06T10:31:41.520Z","iobWithZeroTemp":{"iob":-0.494,"basaliob":-0.494,"bolussnooze":0,"activity":-0.0056,"lastBolusTime":0,"time":"2024-01-06T10:31:41.520Z"}},{"iob":-0.001,"basaliob":-0.001,"bolussnooze":0,"activity":0,"lastBolusTime":0,"time":"2024-01-06T10:36:41.520Z","iobWithZeroTemp":{"iob":-0.495,"basaliob":-0.495,"bolussnooze":0,"activity":-0.0056,"lastBolusTime":0,"time":"2024-01-06T10:36:41.520Z"}}],"profile":{"max_iob":1,"type":"current","max_daily_basal":0.391,"max_basal":1.15,"min_bg":99,"max_bg":99,"target_bg":99,"carb_ratio":9.2,"sens":153.96499999999997,"max_daily_safety_multiplier":3,"current_basal_safety_multiplier":4,"lgsThreshold":69,"high_temptarget_raises_sensitivity":false,"low_temptarget_lowers_sensitivity":false,"sensitivity_raises_target":false,"resistance_lowers_target":false,"adv_target_adjustments":false,"exercise_mode":false,"half_basal_exercise_target":160,"maxCOB":120,"skip_neutral_temps":false,"remainingCarbsCap":90,"enableUAM":true,"A52_risk_enable":false,"SMBInterval":3,"enableSMB_with_COB":false,"enableSMB_with_temptarget":false,"allowSMB_with_high_temptarget":false,"enableSMB_always":false,"enableSMB_after_carbs":false,"maxSMBBasalMinutes":30,"maxUAMSMBBasalMinutes":30,"bolus_increment":0.05,"carbsReqThreshold":1,"current_basal":0.391,"temptargetSet":false,"autosens_max":1.2,"autosens_min":0.7,"variable_sens":247.7,"insulinDivisor":75,"TDD":9.360576028571424},"autosens_data":{"ratio":1},"meal_data":{"carbs":0,"mealCOB":0,"slopeFromMaxDeviation":-0.4870000000000001,"slopeFromMinDeviation":3.564,"lastBolusTime":1704452802638,"lastCarbTime":0},"microBolusAllowed":false,"currentTime":1704523303988,"flatBGsDetected":false,"tdd1D":9.141249999999994,"tdd7D":15.753158928571422,"tddLast24H":9.664666666666667,"tddLast4H":1.8072499999999998,"tddLast8to4H":1.385833333333333},"output":{"temp":"absolute","bg":88,"tick":"+3","eventualBG":115,"targetBG":99,"insulinReq":0.02,"deliverAt":"2024-01-06T06:41:43.988Z","sensitivityRatio":1,"variable_sens":247.7,"predBGs":{"IOB":[88,91,93,96,98,100,102,104,105,106,107,107,107,108,108,108,108,108,109,109,109,109,109,110,110,110,110,110,110,111,111,111,111,111,111,111,111,111,112],"ZT":[88,87,86,85,85,85,86,87,88,90,92,95,97],"UAM":[88,90,91,91,90,90,89,89,89,89,89,90,90,90,90,90,91,91,91,91,92,92,92,92,93,93,93,93,93,93,93,94,94,94,94,94,94,94,94,94,95]},"reason":"COB: 0, Dev: 25, BGI: -1, ISF: 248, CR: 9.2, Target: 99, minPredBG 103, minGuardBG 89, IOBpredBG 112, UAMpredBG 95; Eventual BG 115 >= 99, no temp, setting 0.43U\/hr. ","COB":0,"IOB":-0.009,"duration":30,"rate":0.431,"timestamp":"2024-01-06T06:41:44.025Z"}}