{"algorithm":"OpenAPSSMBPlugin","input":{"glucoseStatus":{"glucose":133,"noise":0,"delta":15,"short_avgdelta":13.28,"long_avgdelta":8.86,"date":1704539100000},"currenttemp":{"temp":"absolute","duration":0,"rate":0},"iob_data":[{"iob":0.248,"basaliob":-0.053,"bolussnooze":0,"activity":0.0037,"lastBolusTime":1704534111924,"time":"2024-01-06T11:06:46.674Z","iobWithZeroTemp":{"iob":0.248,"basaliob":-0.053,"bolussnooze":0,"activity":0.0037,"lastBolusTime":1704534111924,"time":"2024-01-06T11:06:46.674Z"}},{"iob":0.229,"basaliob":-0.048,"bolussnooze":0,"activity":0.0035,"lastBolusTime":1704534111924,"time":"2024-01-06T11:11:46.674Z","iobWithZeroTemp":{"iob":0.205,"basaliob":-0.072,"bolussnooze":0,"activity":0.0035,"lastBolusTime":1704534111924,"time":"2024-01-06T11:11:46.674Z"}},{"iob":0.212,"basaliob":-0.043,"bolussnooze":0,"activity":0.0033,"lastBolusTime":1704534111924,"time":"2024-01-06T11:16:46.674Z","iobWithZeroTemp":{"iob":0.158,"basaliob":-0.097,"bolussnooze":0,"activity":0.0032,"lastBolusTime":1704534111924,"time":"2024-01-06T11:16:46.674Z"}},{"iob":0.196,"basaliob":-0.038,"bolussnooze":0,"activity":0.0031,"lastBolusTime":1704534111924,"time":"2024-01-06T11:21:46.674Z","iobWithZeroTemp":{"iob":0.113,"basaliob":-0.121,"bolussnooze":0,"activity":0.0029,"lastBolusTime":1704534111924,"time":"2024-01-06T11:21:46.674Z"}},{"iob":0.181,"basaliob":-0.034,"bolussnooze":0,"activity":0.0029,"lastBolusTime":1704534111924,"time":"2024-01-06T11:26:46.674Z","iobWithZeroTemp":{"iob":0.07,"basaliob":-0.145,"bolussnooze":0,"activity":0.0025,"lastBolusTime":1704534111924,"time":"2024-01-06T11:26:46.674Z"}},{"iob":0.167,"basaliob":-0.03,"bolussnooze":0,"activity":0.0028,"lastBolusTime":1704534111924,"time":"2024-01-06T11:31:46.674Z","iobWithZeroTemp":{"iob":0.028,"basaliob":-0.169,"bolussnooze":0,"activity":0.0022,"lastBolusTime":1704534111924,"time":"2024-01-06T11:31:46.674Z"}},{"iob":0.153,"basaliob":-0.027,"bolussnooze":0,"activity":0.0026,"lastBolusTime":1704534111924,"time":"2024-01-06T11:36:46.674Z","iobWithZeroTemp":{"iob":-0.012,"basaliob":-0.192,"bolussnooze":0,"activity":0.0018,"lastBolusTime":1704534111924,"time":"2024-01-06T11:36:46.674Z"}},{"iob":0.141,"basaliob":-0.024,"bolussnooze":0,"activity":0.0024,"lastBolusTime":1704534111924,"time":"2024-01-06T11:41:46.674Z","iobWithZeroTemp":{"iob":-0.049,"basaliob":-0.214,"bolussnooze":0,"activity":0.0013,"lastBolusTime":1704534111924,"time":"2024-01-06T11:41:46.674Z"}},{"iob":0.13,"basaliob":-0.021,"bolussnooze":0,"activity":0.0022,"lastBolusTime":1704534111924,"time":"2024-01-06T11:46:46.674Z","iobWithZeroTemp":{"iob":-0.084,"basaliob":-0.235,"bolussnooze":0,"activity":9.0E-4,"lastBolusTime":1704534111924,"time":"2024-01-06T11:46:46.674Z"}},{"iob":0.118,"basaliob":-0.019,"bolussnooze":0,"activity":0.0021,"lastBolusTime":1704534111924,"time":"2024-01-06T11:51:46.674Z","iobWithZeroTemp":{"iob":-0.119,"basaliob":-0.256,"bolussnooze":0,"activity":5.0E-4,"lastBolusTime":1704534111924,"time":"2024-01-06T11:51:46.674Z"}},{"iob":0.108,"basaliob":-0.017,"bolussnooze":0,"activity":0.0019,"lastBolusTime":1704534111924,"time":"2024-01-06T11:56:46.674Z","iobWithZeroTemp":{"iob":-0.151,"basaliob":-0.276,"bolussnooze":0,"activity":1.0E-4,"lastBolusTime":1704534111924,"time":"2024-01-06T11:56:46.674Z"}},{"iob":0.099,"basaliob":-0.015,"bolussnooze":0,"activity":0.0017,"lastBolusTime":1704534111924,"time":"2024-01-06T12:01:46.674Z","iobWithZeroTemp":{"iob":-0.18,"basaliob":-0.294,"bolussnooze":0,"activity":-4.0E-4,"lastBolusTime":1704534111924,"time":"2024-01-06T12:01:46.674Z"}},{"iob":0.091,"basaliob":-0.013,"bolussnooze":0,"activity":0.0017,"lastBolusTime":1704534111924,"time":"2024-01-06T12:06:46.674Z","iobWithZeroTemp":{"iob":-0.206,"basaliob":-0.31,"bolussnooze":0,"activity":-6.0E-4,"lastBolusTime":1704534111924,"time":"2024-01-06T12:06:46.674Z"}},{"iob":0.082,"basaliob":-0.012,"bolussnooze":0,"activity":0.0015,"lastBolusTime":1704534111924,"time":"2024-01-06T12:11:46.674Z","iobWithZeroTemp":{"iob":-0.232,"basaliob":-0.326,"bolussnooze":0,"activity":-0.001,"lastBolusTime":1704534111924,"time":"2024-01-06T12:11:46.674Z"}},{"iob":0.075,"basaliob":-0.011,"bolussnooze":0,"activity":0.0014,"lastBolusTime":1704534111924,"time":"2024-01-06T12:16:46.674Z","iobWithZeroTemp":{"iob":-0.255,"basaliob":-0.341,"bolussnooze":0,"activity":-0.0014,"lastBolusTime":1704534111924,"time":"2024-01-06T12:16:46.674Z"}},{"iob":0.069,"basaliob":-0.009,"bolussnooze":0,"activity":0.0013,"lastBolusTime":1704534111924,"time":"2024-01-06T12:21:46.674Z","iobWithZeroTemp":{"iob":-0.276,"basaliob":-0.354,"bolussnooze":0,"activity":-0.0017,"lastBolusTime":1704534111924,"time":"2024-01-06T12:21:46.674Z"}},{"iob":0.062,"basaliob":-0.008,"bolussnooze":0,"activity":0.0012,"lastBolusTime":1704534111924,"time":"2024-01-06T12:26:46.674Z","iobWithZeroTemp":{"iob":-0.297,"basaliob":-0.367,"bolussnooze":0,"activity":-0.002,"lastBolusTime":1704534111924,"time":"2024-01-06T12:26:46.674Z"}},{"iob":0.057,"basaliob":-0.007,"bolussnooze":0,"activity":0.0011,"lastBolusTime":1704534111924,"time":"2024-01-06T12:31:46.674Z","iobWithZeroTemp":{"iob":-0.315,"basaliob":-0.379,"bolussnooze":0,"activity":-0.0023,"lastBolusTime":1704534111924,"time":"2024-01-06T12:31:46.674Z"}},{"iob":0.052,"basaliob":-0.006,"bolussnooze":0,"activity":0.001,"lastBolusTime":1704534111924,"time":"2024-01-06T12:36:46.674Z","iobWithZeroTemp":{"iob":-0.332,"basaliob":-0.39,"bolussnooze":0,"activity":-0.0026,"lastBolusTime":1704534111924,"time":"2024-01-06T12:36:46.674Z"}},{"iob":0.046,"basaliob":-0.006,"bolussnooze":0,"activity":0.001,"lastBolusTime":1704534111924,"time":"2024-01-06T12:41:46.674Z","iobWithZeroTemp":{"iob":-0.349,"basaliob":-0.401,"bolussnooze":0,"activity":-0.0027,"lastBolusTime":1704534111924,"time":"2024-01-06T12:41:46.674Z"}},{"iob":0.042,"basaliob":-0.005,"bolussnooze":0,"activity":9.0E-4,"lastBolusTime":1704534111924,"time":"2024-01-06T12:46:46.674Z","iobWithZeroTemp":{"iob":-0.363,"basaliob":-0.41,"bolussnooze":0,"activity":-0.003,"lastBolusTime":1704534111924,"time":"2024-01-06T12:46:46.674Z"}},{"iob":0.039,"basaliob":-0.004,"bolussnooze":0,"activity":8.0E-4,"lastBolusTime":1704534111924,"time":"2024-01-06T12:51:46.674Z","iobWithZeroTemp":{"iob":-0.375,"basaliob":-0.418,"bolussnooze":0,"activity":-0.0033,"lastBolusTime":1704534111924,"time":"2024-01-06T12:51:46.674Z"}},{"iob":0.034,"basaliob":-0.004,"bolussnooze":0,"activity":7.0E-4,"lastBolusTime":1704534111924,"time":"2024-01-06T12:56:46.674Z","iobWithZeroTemp":{"iob":-0.389,"basaliob":-0.427,"bolussnooze":0,"activity":-0.0035,"lastBolusTime":1704534111924,"time":"2024-01-06T12:56:46.674Z"}},{"iob":0.032,"basaliob":-0.003,"bolussnooze":0,"activity":6.0E-4,"lastBolusTime":1704534111924,"time":"2024-01-06T13:01:46.674Z","iobWithZeroTemp":{"iob":-0.399,"basaliob":-0.434,"bolussnooze":0,"activity":-0.0037,"lastBolusTime":1704534111924,"time":"2024-01-06T13:01:46.674Z"}},{"iob":0.028,"basaliob":-0.003,"bolussnooze":0,"activity":6.0E-4,"lastBolusTime":1704534111924,"time":"2024-01-06T13:06:46.674Z","iobWithZeroTemp":{"iob":-0.41,"basaliob":-0.441,"bolussnooze":0,"activity":-0.0039,"lastBolusTime":1704534111924,"time":"2024-01-06T13:06:46.674Z"}},{"iob":0.025,"basaliob":-0.003,"bolussnooze":0,"activity":5.0E-4,"lastBolusTime":1704534111924,"time":"2024-01-06T13:11:46.674Z","iobWithZeroTemp":{"iob":-0.419,"basaliob":-0.447,"bolussnooze":0,"activity":-0.0041,"lastBolusTime":1704534111924,"time":"2024-01-06T13:11:46.674Z"}},{"iob":0.023,"basaliob":-0.002,"bolussnooze":0,"activity":4.0E-4,"lastBolusTime":1704534111924,"time":"2024-01-06T13:16:46.674Z","iobWithZeroTemp":{"iob":-0.427,"basaliob":-0.452,"bolussnooze":0,"activity":-0.0043,"lastBolusTime":1704534111924,"time":"2024-01-06T13:16:46.674Z"}},{"iob":0.021,"basaliob":-0.002,"bolussnooze":0,"activity":4.0E-4,"lastBolusTime":1704534111924,"time":"2024-01-06T13:21:46.674Z","iobWithZeroTemp":{"iob":-0.434,"basaliob":-0.457,"bolussnooze":0,"activity":-0.0044,"lastBolusTime":1704534111924,"time":"2024-01-06T13:21:46.674Z"}},{"iob":0.018,"basaliob":-0.002,"bolussnooze":0,"activity":4.0E-4,"lastBolusTime":1704534111924,"time":"2024-01-06T13:26:46.674Z","iobWithZeroTemp":{"iob":-0.442,"basaliob":-0.462,"bolussnooze":0,"activity":-0.0045,"lastBolusTime":1704534111924,"time":"2024-01-06T13:26:46.674Z"}},{"iob":0.016,"basaliob":-0.002,"bolussnooze":0,"activity":4.0E-4,"lastBolusTime":1704534111924,"time":"2024-01-06T13:31:46.674Z","iobWithZeroTemp":{"iob":-0.449,"basaliob":-0.467,"bolussnooze":0,"activity":-0.0046,"lastBolusTime":1704534111924,"time":"2024-01-06T13:31:46.674Z"}},{"iob":0.015,"basaliob":-0.001,"bolussnooze":0,"activity":4.0E-4,"lastBolusTime":1704534111924,"time":"2024-01-06T13:36:46.674Z","iobWithZeroTemp":{"iob":-0.454,"basaliob":-0.47,"bolussnooze":0,"activity":-0.0046,"lastBolusTime":1704534111924,"time":"2024-01-06T13:36:46.674Z"}},{"iob":0.014,"basaliob":-0.001,"bolussnooze":0,"activity":3.0E-4,"lastBolusTime":1704534111924,"time":"2024-01-06T13:41:46.674Z","iobWithZeroTemp":{"iob":-0.459,"basaliob":-0.474,"bolussnooze":0,"activity":-0.0048,"lastBolusTime":1704534111924,"time":"2024-01-06T13:41:46.674Z"}},{"iob":0.012,"basaliob":-0.001,"bolussnooze":0,"activity":3.0E-4,"lastBolusTime":1704534111924,"time":"2024-01-06T13:46:46.674Z","iobWithZeroTemp":{"iob":-0.464,"basaliob":-0.477,"bolussnooze":0,"activity":-0.0049,"lastBolusTime":1704534111924,"time":"2024-01-06T13:46:46.674Z"}},{"iob":0.011,"basaliob":-0.001,"bolussnooze":0,"activity":3.0E-4,"lastBolusTime":1704534111924,"time":"2024-01-06T13:51:46.674Z","iobWithZeroTemp":{"iob":-0.468,"basaliob":-0.48,"bolussnooze":0,"activity":-0.0049,"lastBolusTime":1704534111924,"time":"2024-01-06T13:51:46.674Z"}},{"iob":0.009,"basaliob":-0.001,"bolussnooze":0,"activity":2.0E-4,"lastBolusTime":1704534111924,"time":"2024-01-06T13:56:46.674Z","iobWithZeroTemp":{"iob":-0.473,"basaliob":-0.483,"bolussnooze":0,"activity":-0.0051,"lastBolusTime":1704534111924,"time":"2024-01-06T13:56:46.674Z"}},{"iob":0.008,"basaliob":-0.001,"bolussnooze":0,"activity":2.0E-4,"lastBolusTime":1704534111924,"time":"2024-01-06T14:01:46.674Z","iobWithZeroTemp":{"iob":-0.477,"basaliob":-0.486,"bolussnooze":0,"activity":-0.0051,"lastBolusTime":1704534111924,"time":"2024-01-06T14:01:46.674Z"}},{"iob":0.008,"basaliob":0,"bolussnooze":0,"activity":2.0E-4,"lastBolusTime":1704534111924,"time":"2024-01-06T14:06:46.674Z","iobWithZeroTemp":{"iob":-0.48,"basaliob":-0.488,"bolussnooze":0,"activity":-0.0052,"lastBolusTime":1704534111924,"time":"2024-01-06T14:06:46.674Z"}},{"iob":0.007,"basaliob":0,"bolussnooze":0,"activity":2.0E-4,"lastBolusTime":1704534111924,"time":"2024-01-06T14:11:46.674Z","iobWithZeroTemp":{"iob":-0.484,"basaliob":-0.491,"bolussnooze":0,"activity":-0.0052,"lastBolusTime":1704534111924,"time":"2024-01-06T14:11:46.674Z"}},{"iob":0.006,"basaliob":0,"bolussnooze":0,"activity":2.0E-4,"lastBolusTime":1704534111924,"time":"2024-01-06T14:16:46.674Z","iobWithZeroTemp":{"iob":-0.487,"basaliob":-0.493,"bolussnooze":0,"activity":-0.0053,"lastBolusTime":1704534111924,"time":"2024-01-06T14:16:46.674Z"}},{"iob":0.006,"basaliob":0,"bolussnooze":0,"activity":1.0E-4,"lastBolusTime":1704534111924,"time":"2024-01-06T14:21:46.674Z","iobWithZeroTemp":{"iob":-0.49,"basaliob":-0.496,"bolussnooze":0,"activity":-0.0054,"lastBolusTime":1704534111924,"time":"2024-01-06T14:21:46.674Z"}},{"iob":0.005,"basaliob":0,"bolussnooze":0,"activity":1.0E-4,"lastBolusTime":1704534111924,"time":"2024-01-06T14:26:46.674Z","iobWithZeroTemp":{"iob":-0.493,"basaliob":-0.498,"bolussnooze":0,"activity":-0.0054,"lastBolusTime":1704534111924,"time":"2024-01-06T14:26:46.674Z"}},{"iob":0.004,"basaliob":0,"bolussnooze":0,"activity":1.0E-4,"lastBolusTime":1704534111924,"time":"2024-01-06T14:31:46.674Z","iobWithZeroTemp":{"iob":-0.496,"basaliob":-0.5,"bolussnooze":0,"activity":-0.0055,"lastBolusTime":1704534111924,"time":"2024-01-06T14:31:46.674Z"}},{"iob":0.004,"basaliob":0,"bolussnooze":0,"activity":1.0E-4,"lastBolusTime":1704534111924,"time":"2024-01-06T14:36:46.674Z","iobWithZeroTemp":{"iob":-0.498,"basaliob":-0.502,"bolussnooze":0,"activity":-0.0055,"lastBolusTime":1704534111924,"time":"2024-01-06T14:36:46.674Z"}},{"iob":0.003,"basaliob":0,"bolussnooze":0,"activity":1.0E-4,"lastBolusTime":1704534111924,"time":"2024-01-06T14:41:46.674Z","iobWithZeroTemp":{"iob":-0.501,"basaliob":-0.504,"bolussnooze":0,"activity":-0.0055,"lastBolusTime":1704534111924,"time":"2024-01-06T14:41:46.674Z"}},{"iob":0.003,"basaliob":0,"bolussnooze":0,"activity":1.0E-4,"lastBolusTime":1704534111924,"time":"2024-01-06T14:46:46.674Z","iobWithZeroTemp":{"iob":-0.502,"basaliob":-0.505,"bolussnooze":0,"activity":-0.0056,"lastBolusTime":1704534111924,"time":"2024-01-06T14:46:46.674Z"}},{"iob":0.003,"basaliob":0,"bolussnooze":0,"activity":1.0E-4,"lastBolusTime":1704534111924,"time":"2024-01-06T14:51:46.674Z","iobWithZeroTemp":{"iob":-0.504,"basaliob":-0.507,"bolussnooze":0,"activity":-0.0056,"lastBolusTime":1704534111924,"time":"2024-01-06T14:51:46.674Z"}},{"iob":0.002,"basaliob":0,"bolussnooze":0,"activity":1.0E-4,"lastBolusTime":1704534111924,"time":"2024-01-06T14:56:46.674Z","iobWithZeroTemp":{"iob":-0.506,"basaliob":-0.508,"bolussnooze":0,"activity":-0.0056,"lastBolusTime":1704534111924,"time":"2024-01-06T14:56:46.674Z"}},{"iob":0.002,"basaliob":0,"bolussnooze":0,"activity":1.0E-4,"lastBolusTime":1704534111924,"time":"2024-01-06T15:01:46.674Z","iobWithZeroTemp":{"iob":-0.508,"basaliob":-0.51,"bolussnooze":0,"activity":-0.0056,"lastBolusTime":1704534111924,"time":"2024-01-06T15:01:46.674Z"}}],"profile":{"max_iob":2,"type":"current","max_daily_basal":0.391,"max_basal":2.35,"min_bg":99,"max_bg":99,"target_bg":99,"carb_ratio":11.244890705526924,"sens":153.96499999999997,"max_daily_safety_multiplier":6,"current_basal_safety_multiplier":8,"high_temptarget_raises_sensitivity":false,"low_temptarget_lowers_sensitivity":false,"sensitivity_raises_target":true,"resistance_lowers_target":true,"adv_target_adjustments":false,"exercise_mode":false,"half_basal_exercise_target":160,"maxCOB":120,"skip_neutral_temps":false,"remainingCarbsCap":90,"enableUAM":true,"A52_risk_enable":false,"SMBInterval":3,"enableSMB_with_COB":true,"enableSMB_with_temptarget":true,"allowSMB_with_high_temptarget":true,"enableSMB_always":true,"enableSMB_after_carbs":true,"maxSMBBasalMinutes":30,"maxUAMSMBBasalMinutes":30,"bolus_increment":0.05,"carbsReqThreshold":1,"current_basal":0.36,"temptargetSet":false,"autosens_max":1.2},"autosens_data":{"ratio":1},"meal_data":{"carbs":20,"mealCOB":6.147239911063975,"slopeFromMaxDeviation":0,"slopeFromMinDeviation":2.522,"lastBolusTime":1704534111924,"lastCarbTime":1704532862000},"microBolusAllowed":true,"currentTime":1704539207040,"flatBGsDetected":false},"output":{"temp":"absolute","bg":133,"tick":"+15","eventualBG":240,"targetBG":99,"insulinReq":0.76,"deliverAt":"2024-01-06T11:06:47.040Z","sensitivityRatio":1,"predBGs":{"IOB":[133,145,156,165,174,181,187,191,195,197,198,198,197,195,194,193,192,191,190,190,189,188,188,187,187,186,186,185,185,185,185,184,184,184,184,183,183,183,183,183,183,183,183,182],"ZT":[133,130,127,125,123,121,119,118,117,116,116,116,116,116],"COB":[133,145,155,164,172,178,182,186,188,188,187,186,185,183,182,181,180,179,178,177,177,176,175,175,174,174,174,173,173,173,172,172,172,172,171,171,171,171,171,171,170],"UAM":[133,145,157,168,179,188,197,205,213,220,226,231,236,240,243,245,247,248,248,247,247,246,245,245,244,244,244,243,243,243,242,242,242,242,241,241,241,241,241,241,240]},"COB":6.147239911063975,"IOB":0.248,"reason":"COB: 6.1, Dev: 97, BGI: -3, ISF: 154, CR: 11.24, Target: 99, minPredBG 216, minGuardBG 145, IOBpredBG 182, COBpredBG 170, UAMpredBG 240; Eventual BG 240 >= 99,  insulinReq 0.76; maxBolus 0.2. Microbolusing 0.2U. no temp, setting 1.88U\/hr. ","units":0.2,"duration":30,"rate":1.88,"timestamp":"2024-01-06T11:06:47.059Z"}}