{"algorithm":"OpenAPSSMBDynamicISFPlugin","input":{"glucoseStatus":{"glucose":155,"noise":0,"delta":-13,"short_avgdelta":-8.5,"long_avgdelta":-4.56,"date":1704506100000},"currenttemp":{"temp":"absolute","duration":0,"rate":0},"iob_data":[{"iob":0.146,"basaliob":0.146,"bolussnooze":0,"activity":0.0012,"lastBolusTime":0,"time":"2024-01-06T01:56:37.224Z","iobWithZeroTemp":{"iob":0.146,"basaliob":0.146,"bolussnooze":0,"activity":0.0012,"lastBolusTime":0,"time":"2024-01-06T01:56:37.224Z"}},{"iob":0.14,"basaliob":0.14,"bolussnooze":0,"activity":0.0013,"lastBolusTime":0,"time":"2024-01-06T02:01:37.224Z","iobWithZeroTemp":{"iob":0.118,"basaliob":0.118,"bolussnooze":0,"activity":0.0013,"lastBolusTime":0,"time":"2024-01-06T02:01:37.224Z"}},{"iob":0.133,"basaliob":0.133,"bolussnooze":0,"activity":0.0014,"lastBolusTime":0,"time":"2024-01-06T02:06:37.224Z","iobWithZeroTemp":{"iob":0.083,"basaliob":0.083,"bolussnooze":0,"activity":0.0013,"lastBolusTime":0,"time":"2024-01-06T02:06:37.224Z"}},{"iob":0.126,"basaliob":0.126,"bolussnooze":0,"activity":0.0014,"lastBolusTime":0,"time":"2024-01-06T02:11:37.224Z","iobWithZeroTemp":{"iob":0.049,"basaliob":0.049,"bolussnooze":0,"activity":0.0012,"lastBolusTime":0,"time":"2024-01-06T02:11:37.224Z"}},{"iob":0.119,"basaliob":0.119,"bolussnooze":0,"activity":0.0014,"lastBolusTime":0,"time":"2024-01-06T02:16:37.224Z","iobWithZeroTemp":{"iob":0.015,"basaliob":0.015,"bolussnooze":0,"activity":0.001,"lastBolusTime":0,"time":"2024-01-06T02:16:37.224Z"}},{"iob":0.113,"basaliob":0.113,"bolussnooze":0,"activity":0.0014,"lastBolusTime":0,"time":"2024-01-06T02:21:37.224Z","iobWithZeroTemp":{"iob":-0.017,"basaliob":-0.017,"bolussnooze":0,"activity":8.0E-4,"lastBolusTime":0,"time":"2024-01-06T02:21:37.224Z"}},{"iob":0.106,"basaliob":0.106,"bolussnooze":0,"activity":0.0013,"lastBolusTime":0,"time":"2024-01-06T02:26:37.224Z","iobWithZeroTemp":{"iob":-0.049,"basaliob":-0.049,"bolussnooze":0,"activity":5.0E-4,"lastBolusTime":0,"time":"2024-01-06T02:26:37.224Z"}},{"iob":0.099,"basaliob":0.099,"bolussnooze":0,"activity":0.0013,"lastBolusTime":0,"time":"2024-01-06T02:31:37.224Z","iobWithZeroTemp":{"iob":-0.079,"basaliob":-0.079,"bolussnooze":0,"activity":3.0E-4,"lastBolusTime":0,"time":"2024-01-06T02:31:37.224Z"}},{"iob":0.093,"basaliob":0.093,"bolussnooze":0,"activity":0.0013,"lastBolusTime":0,"time":"2024-01-06T02:36:37.224Z","iobWithZeroTemp":{"iob":-0.108,"basaliob":-0.108,"bolussnooze":0,"activity":1.0E-4,"lastBolusTime":0,"time":"2024-01-06T02:36:37.224Z"}},{"iob":0.086,"basaliob":0.086,"bolussnooze":0,"activity":0.0012,"lastBolusTime":0,"time":"2024-01-06T02:41:37.224Z","iobWithZeroTemp":{"iob":-0.136,"basaliob":-0.136,"bolussnooze":0,"activity":-3.0E-4,"lastBolusTime":0,"time":"2024-01-06T02:41:37.224Z"}},{"iob":0.08,"basaliob":0.08,"bolussnooze":0,"activity":0.0012,"lastBolusTime":0,"time":"2024-01-06T02:46:37.224Z","iobWithZeroTemp":{"iob":-0.162,"basaliob":-0.162,"bolussnooze":0,"activity":-5.0E-4,"lastBolusTime":0,"time":"2024-01-06T02:46:37.224Z"}},{"iob":0.075,"basaliob":0.075,"bolussnooze":0,"activity":0.0011,"lastBolusTime":0,"time":"2024-01-06T02:51:37.224Z","iobWithZeroTemp":{"iob":-0.186,"basaliob":-0.186,"bolussnooze":0,"activity":-8.0E-4,"lastBolusTime":0,"time":"2024-01-06T02:51:37.224Z"}},{"iob":0.069,"basaliob":0.069,"bolussnooze":0,"activity":0.0011,"lastBolusTime":0,"time":"2024-01-06T02:56:37.224Z","iobWithZeroTemp":{"iob":-0.21,"basaliob":-0.21,"bolussnooze":0,"activity":-0.0011,"lastBolusTime":0,"time":"2024-01-06T02:56:37.224Z"}},{"iob":0.064,"basaliob":0.064,"bolussnooze":0,"activity":0.001,"lastBolusTime":0,"time":"2024-01-06T03:01:37.224Z","iobWithZeroTemp":{"iob":-0.232,"basaliob":-0.232,"bolussnooze":0,"activity":-0.0014,"lastBolusTime":0,"time":"2024-01-06T03:01:37.224Z"}},{"iob":0.059,"basaliob":0.059,"bolussnooze":0,"activity":9.0E-4,"lastBolusTime":0,"time":"2024-01-06T03:06:37.224Z","iobWithZeroTemp":{"iob":-0.253,"basaliob":-0.253,"bolussnooze":0,"activity":-0.0017,"lastBolusTime":0,"time":"2024-01-06T03:06:37.224Z"}},{"iob":0.055,"basaliob":0.055,"bolussnooze":0,"activity":9.0E-4,"lastBolusTime":0,"time":"2024-01-06T03:11:37.224Z","iobWithZeroTemp":{"iob":-0.273,"basaliob":-0.273,"bolussnooze":0,"activity":-0.0019,"lastBolusTime":0,"time":"2024-01-06T03:11:37.224Z"}},{"iob":0.05,"basaliob":0.05,"bolussnooze":0,"activity":8.0E-4,"lastBolusTime":0,"time":"2024-01-06T03:16:37.224Z","iobWithZeroTemp":{"iob":-0.293,"basaliob":-0.293,"bolussnooze":0,"activity":-0.0022,"lastBolusTime":0,"time":"2024-01-06T03:16:37.224Z"}},{"iob":0.046,"basaliob":0.046,"bolussnooze":0,"activity":8.0E-4,"lastBolusTime":0,"time":"2024-01-06T03:21:37.224Z","iobWithZeroTemp":{"iob":-0.31,"basaliob":-0.31,"bolussnooze":0,"activity":-0.0024,"lastBolusTime":0,"time":"2024-01-06T03:21:37.224Z"}},{"iob":0.043,"basaliob":0.043,"bolussnooze":0,"activity":7.0E-4,"lastBolusTime":0,"time":"2024-01-06T03:26:37.224Z","iobWithZeroTemp":{"iob":-0.326,"basaliob":-0.326,"bolussnooze":0,"activity":-0.0027,"lastBolusTime":0,"time":"2024-01-06T03:26:37.224Z"}},{"iob":0.039,"basaliob":0.039,"bolussnooze":0,"activity":7.0E-4,"lastBolusTime":0,"time":"2024-01-06T03:31:37.224Z","iobWithZeroTemp":{"iob":-0.342,"basaliob":-0.342,"bolussnooze":0,"activity":-0.0029,"lastBolusTime":0,"time":"2024-01-06T03:31:37.224Z"}},{"iob":0.036,"basaliob":0.036,"bolussnooze":0,"activity":6.0E-4,"lastBolusTime":0,"time":"2024-01-06T03:36:37.224Z","iobWithZeroTemp":{"iob":-0.356,"basaliob":-0.356,"bolussnooze":0,"activity":-0.0031,"lastBolusTime":0,"time":"2024-01-06T03:36:37.224Z"}},{"iob":0.033,"basaliob":0.033,"bolussnooze":0,"activity":6.0E-4,"lastBolusTime":0,"time":"2024-01-06T03:41:37.224Z","iobWithZeroTemp":{"iob":-0.369,"basaliob":-0.369,"bolussnooze":0,"activity":-0.0033,"lastBolusTime":0,"time":"2024-01-06T03:41:37.224Z"}},{"iob":0.03,"basaliob":0.03,"bolussnooze":0,"activity":5.0E-4,"lastBolusTime":0,"time":"2024-01-06T03:46:37.224Z","iobWithZeroTemp":{"iob":-0.381,"basaliob":-0.381,"bolussnooze":0,"activity":-0.0035,"lastBolusTime":0,"time":"2024-01-06T03:46:37.224Z"}},{"iob":0.028,"basaliob":0.028,"bolussnooze":0,"activity":5.0E-4,"lastBolusTime":0,"time":"2024-01-06T03:51:37.224Z","iobWithZeroTemp":{"iob":-0.392,"basaliob":-0.392,"bolussnooze":0,"activity":-0.0037,"lastBolusTime":0,"time":"2024-01-06T03:51:37.224Z"}},{"iob":0.025,"basaliob":0.025,"bolussnooze":0,"activity":5.0E-4,"lastBolusTime":0,"time":"2024-01-06T03:56:37.224Z","iobWithZeroTemp":{"iob":-0.402,"basaliob":-0.402,"bolussnooze":0,"activity":-0.0038,"lastBolusTime":0,"time":"2024-01-06T03:56:37.224Z"}},{"iob":0.023,"basaliob":0.023,"bolussnooze":0,"activity":4.0E-4,"lastBolusTime":0,"time":"2024-01-06T04:01:37.224Z","iobWithZeroTemp":{"iob":-0.412,"basaliob":-0.412,"bolussnooze":0,"activity":-0.004,"lastBolusTime":0,"time":"2024-01-06T04:01:37.224Z"}},{"iob":0.021,"basaliob":0.021,"bolussnooze":0,"activity":4.0E-4,"lastBolusTime":0,"time":"2024-01-06T04:06:37.224Z","iobWithZeroTemp":{"iob":-0.424,"basaliob":-0.424,"bolussnooze":0,"activity":-0.0042,"lastBolusTime":0,"time":"2024-01-06T04:06:37.224Z"}},{"iob":0.019,"basaliob":0.019,"bolussnooze":0,"activity":4.0E-4,"lastBolusTime":0,"time":"2024-01-06T04:11:37.224Z","iobWithZeroTemp":{"iob":-0.435,"basaliob":-0.435,"bolussnooze":0,"activity":-0.0043,"lastBolusTime":0,"time":"2024-01-06T04:11:37.224Z"}},{"iob":0.017,"basaliob":0.017,"bolussnooze":0,"activity":3.0E-4,"lastBolusTime":0,"time":"2024-01-06T04:16:37.224Z","iobWithZeroTemp":{"iob":-0.446,"basaliob":-0.446,"bolussnooze":0,"activity":-0.0045,"lastBolusTime":0,"time":"2024-01-06T04:16:37.224Z"}},{"iob":0.016,"basaliob":0.016,"bolussnooze":0,"activity":3.0E-4,"lastBolusTime":0,"time":"2024-01-06T04:21:37.224Z","iobWithZeroTemp":{"iob":-0.455,"basaliob":-0.455,"bolussnooze":0,"activity":-0.0046,"lastBolusTime":0,"time":"2024-01-06T04:21:37.224Z"}},{"iob":0.014,"basaliob":0.014,"bolussnooze":0,"activity":3.0E-4,"lastBolusTime":0,"time":"2024-01-06T04:26:37.224Z","iobWithZeroTemp":{"iob":-0.464,"basaliob":-0.464,"bolussnooze":0,"activity":-0.0047,"lastBolusTime":0,"time":"2024-01-06T04:26:37.224Z"}},{"iob":0.013,"basaliob":0.013,"bolussnooze":0,"activity":3.0E-4,"lastBolusTime":0,"time":"2024-01-06T04:31:37.224Z","iobWithZeroTemp":{"iob":-0.472,"basaliob":-0.472,"bolussnooze":0,"activity":-0.0048,"lastBolusTime":0,"time":"2024-01-06T04:31:37.224Z"}},{"iob":0.012,"basaliob":0.012,"bolussnooze":0,"activity":2.0E-4,"lastBolusTime":0,"time":"2024-01-06T04:36:37.224Z","iobWithZeroTemp":{"iob":-0.48,"basaliob":-0.48,"bolussnooze":0,"activity":-0.005,"lastBolusTime":0,"time":"2024-01-06T04:36:37.224Z"}},{"iob":0.011,"basaliob":0.011,"bolussnooze":0,"activity":2.0E-4,"lastBolusTime":0,"time":"2024-01-06T04:41:37.224Z","iobWithZeroTemp":{"iob":-0.487,"basaliob":-0.487,"bolussnooze":0,"activity":-0.0051,"lastBolusTime":0,"time":"2024-01-06T04:41:37.224Z"}},{"iob":0.01,"basaliob":0.01,"bolussnooze":0,"activity":2.0E-4,"lastBolusTime":0,"time":"2024-01-06T04:46:37.224Z","iobWithZeroTemp":{"iob":-0.494,"basaliob":-0.494,"bolussnooze":0,"activity":-0.0052,"lastBolusTime":0,"time":"2024-01-06T04:46:37.224Z"}},{"iob":0.009,"basaliob":0.009,"bolussnooze":0,"activity":2.0E-4,"lastBolusTime":0,"time":"2024-01-06T04:51:37.224Z","iobWithZeroTemp":{"iob":-0.5,"basaliob":-0.5,"bolussnooze":0,"activity":-0.0053,"lastBolusTime":0,"time":"2024-01-06T04:51:37.224Z"}},{"iob":0.008,"basaliob":0.008,"bolussnooze":0,"activity":2.0E-4,"lastBolusTime":0,"time":"2024-01-06T04:56:37.224Z","iobWithZeroTemp":{"iob":-0.506,"basaliob":-0.506,"bolussnooze":0,"activity":-0.0053,"lastBolusTime":0,"time":"2024-01-06T04:56:37.224Z"}},{"iob":0.007,"basaliob":0.007,"bolussnooze":0,"activity":1.0E-4,"lastBolusTime":0,"time":"2024-01-06T05:01:37.224Z","iobWithZeroTemp":{"iob":-0.511,"basaliob":-0.511,"bolussnooze":0,"activity":-0.0055,"lastBolusTime":0,"time":"2024-01-06T05:01:37.224Z"}},{"iob":0.006,"basaliob":0.006,"bolussnooze":0,"activity":1.0E-4,"lastBolusTime":0,"time":"2024-01-06T05:06:37.224Z","iobWithZeroTemp":{"iob":-0.516,"basaliob":-0.516,"bolussnooze":0,"activity":-0.0056,"lastBolusTime":0,"time":"2024-01-06T05:06:37.224Z"}},{"iob":0.006,"basaliob":0.006,"bolussnooze":0,"activity":1.0E-4,"lastBolusTime":0,"time":"2024-01-06T05:11:37.224Z","iobWithZeroTemp":{"iob":-0.52,"basaliob":-0.52,"bolussnooze":0,"activity":-0.0056,"lastBolusTime":0,"time":"2024-01-06T05:11:37.224Z"}},{"iob":0.005,"basaliob":0.005,"bolussnooze":0,"activity":1.0E-4,"lastBolusTime":0,"time":"2024-01-06T05:16:37.224Z","iobWithZeroTemp":{"iob":-0.524,"basaliob":-0.524,"bolussnooze":0,"activity":-0.0057,"lastBolusTime":0,"time":"2024-01-06T05:16:37.224Z"}},{"iob":0.005,"basaliob":0.005,"bolussnooze":0,"activity":1.0E-4,"lastBolusTime":0,"time":"2024-01-06T05:21:37.224Z","iobWithZeroTemp":{"iob":-0.528,"basaliob":-0.528,"bolussnooze":0,"activity":-0.0058,"lastBolusTime":0,"time":"2024-01-06T05:21:37.224Z"}},{"iob":0.004,"basaliob":0.004,"bolussnooze":0,"activity":1.0E-4,"lastBolusTime":0,"time":"2024-01-06T05:26:37.224Z","iobWithZeroTemp":{"iob":-0.531,"basaliob":-0.531,"bolussnooze":0,"activity":-0.0058,"lastBolusTime":0,"time":"2024-01-06T05:26:37.224Z"}},{"iob":0.004,"basaliob":0.004,"bolussnooze":0,"activity":1.0E-4,"lastBolusTime":0,"time":"2024-01-06T05:31:37.224Z","iobWithZeroTemp":{"iob":-0.534,"basaliob":-0.534,"bolussnooze":0,"activity":-0.0059,"lastBolusTime":0,"time":"2024-01-06T05:31:37.224Z"}},{"iob":0.003,"basaliob":0.003,"bolussnooze":0,"activity":1.0E-4,"lastBolusTime":0,"time":"2024-01-06T05:36:37.224Z","iobWithZeroTemp":{"iob":-0.538,"basaliob":-0.538,"bolussnooze":0,"activity":-0.0059,"lastBolusTime":0,"time":"2024-01-06T05:36:37.224Z"}},{"iob":0.003,"basaliob":0.003,"bolussnooze":0,"activity":1.0E-4,"lastBolusTime":0,"time":"2024-01-06T05:41:37.224Z","iobWithZeroTemp":{"iob":-0.54,"basaliob":-0.54,"bolussnooze":0,"activity":-0.0059,"lastBolusTime":0,"time":"2024-01-06T05:41:37.224Z"}},{"iob":0.003,"basaliob":0.003,"bolussnooze":0,"activity":1.0E-4,"lastBolusTime":0,"time":"2024-01-06T05:46:37.224Z","iobWithZeroTemp":{"iob":-0.542,"basaliob":-0.542,"bolussnooze":0,"activity":-0.006,"lastBolusTime":0,"time":"2024-01-06T05:46:37.224Z"}},{"iob":0.002,"basaliob":0.002,"bolussnooze":0,"activity":1.0E-4,"lastBolusTime":0,"time":"2024-01-06T05:51:37.224Z","iobWithZeroTemp":{"iob":-0.545,"basaliob":-0.545,"bolussnooze":0,"activity":-0.006,"lastBolusTime":0,"time":"2024-01-06T05:51:37.224Z"}}],"profile":{"max_iob":1,"type":"current","max_daily_basal":0.391,"max_basal":1.15,"min_bg":99,"max_bg":99,"target_bg":99,"carb_ratio":14.618357917185001,"sens":153.96499999999997,"max_daily_safety_multiplier":3,"current_basal_safety_multiplier":4,"lgsThreshold":69,"high_temptarget_raises_sensitivity":false,"low_temptarget_lowers_sensitivity":false,"sensitivity_raises_target":false,"resistance_lowers_target":false,"adv_target_adjustments":false,"exercise_mode":false,"half_basal_exercise_target":160,"maxCOB":120,"skip_neutral_temps":false,"remainingCarbsCap":90,"enableUAM":true,"A52_risk_enable":false,"SMBInterval":3,"enableSMB_with_COB":false,"enableSMB_with_temptarget":false,"allowSMB_with_high_temptarget":false,"enableSMB_always":false,"enableSMB_after_carbs":false,"maxSMBBasalMinutes":30,"maxUAMSMBBasalMinutes":30,"bolus_increment":0.05,"carbsReqThreshold":1,"current_basal":0.334,"temptargetSet":false,"autosens_max":1.2,"autosens_min":0.7,"variable_sens":176.8,"insulinDivisor":75,"TDD":9.086874028571424},"autosens_data":{"ratio":1},"meal_data":{"carbs":0,"mealCOB":0,"slopeFromMaxDeviation":-3.051142857142857,"slopeFromMinDeviation":1.1283333333333334,"lastBolusTime":1704452802638,"lastCarbTime":0},"microBolusAllowed":false,"currentTime":1704506199950,"flatBGsDetected":false,"tdd1D":9.141249999999994,"tdd7D":15.753158928571422,"tddLast24H":9.52491666666666,"tddLast4H":1.3548333333333327,"tddLast8to4H":1.865499999999999},"output":{"temp":"absolute","bg":155,"tick":-13,"eventualBG":108,"targetBG":99,"insulinReq":0,"deliverAt":"2024-01-06T01:56:39.950Z","sensitivityRatio":1,"variable_sens":176.8,"predBGs":{"IOB":[155,143,132,122,112,104,96,90,84,79,76,73,71,70,68,67,66,64,63,62,61,60,59,58,57,56,55,55,54,53,53,52,52,51,51,51,50,50,50,49,49,49,49,49,48],"ZT":[155,154,153,152,151,150,149,148,148,148,148]},"reason":"COB: 0, Dev: -21, BGI: -1, ISF: 177, CR: 14.62, Target: 99, minPredBG 98, minGuardBG 48, IOBpredBG 48; minGuardBG 48<70","COB":0,"IOB":0.146,"duration":60,"rate":0,"timestamp":"2024-01-06T01:56:39.986Z"}}