{"algorithm":"OpenAPSSMBDynamicISFPlugin","input":{"glucoseStatus":{"glucose":84,"noise":0,"delta":-4,"short_avgdelta":-10.28,"long_avgdelta":-13.2,"date":1704464400000},"currenttemp":{"temp":"absolute","duration":0,"rate":0},"iob_data":[{"iob":0.082,"basaliob":0.068,"bolussnooze":0,"activity":0.0015,"lastBolusTime":1704452802638,"time":"2024-01-05T14:21:27.102Z","iobWithZeroTemp":{"iob":0.082,"basaliob":0.068,"bolussnooze":0,"activity":0.0015,"lastBolusTime":1704452802638,"time":"2024-01-05T14:21:27.102Z"}},{"iob":0.075,"basaliob":0.062,"bolussnooze":0,"activity":0.0014,"lastBolusTime":1704452802638,"time":"2024-01-05T14:26:27.102Z","iobWithZeroTemp":{"iob":0.051,"basaliob":0.038,"bolussnooze":0,"activity":0.0014,"lastBolusTime":1704452802638,"time":"2024-01-05T14:26:27.102Z"}},{"iob":0.069,"basaliob":0.057,"bolussnooze":0,"activity":0.0012,"lastBolusTime":1704452802638,"time":"2024-01-05T14:31:27.102Z","iobWithZeroTemp":{"iob":0.015,"basaliob":0.003,"bolussnooze":0,"activity":0.0011,"lastBolusTime":1704452802638,"time":"2024-01-05T14:31:27.102Z"}},{"iob":0.063,"basaliob":0.052,"bolussnooze":0,"activity":0.0012,"lastBolusTime":1704452802638,"time":"2024-01-05T14:36:27.102Z","iobWithZeroTemp":{"iob":-0.02,"basaliob":-0.031,"bolussnooze":0,"activity":0.001,"lastBolusTime":1704452802638,"time":"2024-01-05T14:36:27.102Z"}},{"iob":0.057,"basaliob":0.047,"bolussnooze":0,"activity":0.0011,"lastBolusTime":1704452802638,"time":"2024-01-05T14:41:27.102Z","iobWithZeroTemp":{"iob":-0.054,"basaliob":-0.064,"bolussnooze":0,"activity":7.0E-4,"lastBolusTime":1704452802638,"time":"2024-01-05T14:41:27.102Z"}},{"iob":0.052,"basaliob":0.043,"bolussnooze":0,"activity":0.001,"lastBolusTime":1704452802638,"time":"2024-01-05T14:46:27.102Z","iobWithZeroTemp":{"iob":-0.086,"basaliob":-0.095,"bolussnooze":0,"activity":4.0E-4,"lastBolusTime":1704452802638,"time":"2024-01-05T14:46:27.102Z"}},{"iob":0.047,"basaliob":0.039,"bolussnooze":0,"activity":9.0E-4,"lastBolusTime":1704452802638,"time":"2024-01-05T14:51:27.102Z","iobWithZeroTemp":{"iob":-0.118,"basaliob":-0.126,"bolussnooze":0,"activity":1.0E-4,"lastBolusTime":1704452802638,"time":"2024-01-05T14:51:27.102Z"}},{"iob":0.043,"basaliob":0.036,"bolussnooze":0,"activity":8.0E-4,"lastBolusTime":1704452802638,"time":"2024-01-05T14:56:27.102Z","iobWithZeroTemp":{"iob":-0.147,"basaliob":-0.154,"bolussnooze":0,"activity":-3.0E-4,"lastBolusTime":1704452802638,"time":"2024-01-05T14:56:27.102Z"}},{"iob":0.038,"basaliob":0.032,"bolussnooze":0,"activity":7.0E-4,"lastBolusTime":1704452802638,"time":"2024-01-05T15:01:27.102Z","iobWithZeroTemp":{"iob":-0.176,"basaliob":-0.182,"bolussnooze":0,"activity":-6.0E-4,"lastBolusTime":1704452802638,"time":"2024-01-05T15:01:27.102Z"}},{"iob":0.035,"basaliob":0.029,"bolussnooze":0,"activity":7.0E-4,"lastBolusTime":1704452802638,"time":"2024-01-05T15:06:27.102Z","iobWithZeroTemp":{"iob":-0.201,"basaliob":-0.207,"bolussnooze":0,"activity":-9.0E-4,"lastBolusTime":1704452802638,"time":"2024-01-05T15:06:27.102Z"}},{"iob":0.032,"basaliob":0.027,"bolussnooze":0,"activity":6.0E-4,"lastBolusTime":1704452802638,"time":"2024-01-05T15:11:27.102Z","iobWithZeroTemp":{"iob":-0.225,"basaliob":-0.23,"bolussnooze":0,"activity":-0.0012,"lastBolusTime":1704452802638,"time":"2024-01-05T15:11:27.102Z"}},{"iob":0.028,"basaliob":0.024,"bolussnooze":0,"activity":6.0E-4,"lastBolusTime":1704452802638,"time":"2024-01-05T15:16:27.102Z","iobWithZeroTemp":{"iob":-0.249,"basaliob":-0.253,"bolussnooze":0,"activity":-0.0015,"lastBolusTime":1704452802638,"time":"2024-01-05T15:16:27.102Z"}},{"iob":0.026,"basaliob":0.022,"bolussnooze":0,"activity":5.0E-4,"lastBolusTime":1704452802638,"time":"2024-01-05T15:21:27.102Z","iobWithZeroTemp":{"iob":-0.27,"basaliob":-0.274,"bolussnooze":0,"activity":-0.0018,"lastBolusTime":1704452802638,"time":"2024-01-05T15:21:27.102Z"}},{"iob":0.024,"basaliob":0.02,"bolussnooze":0,"activity":5.0E-4,"lastBolusTime":1704452802638,"time":"2024-01-05T15:26:27.102Z","iobWithZeroTemp":{"iob":-0.289,"basaliob":-0.293,"bolussnooze":0,"activity":-0.002,"lastBolusTime":1704452802638,"time":"2024-01-05T15:26:27.102Z"}},{"iob":0.021,"basaliob":0.018,"bolussnooze":0,"activity":5.0E-4,"lastBolusTime":1704452802638,"time":"2024-01-05T15:31:27.102Z","iobWithZeroTemp":{"iob":-0.308,"basaliob":-0.311,"bolussnooze":0,"activity":-0.0023,"lastBolusTime":1704452802638,"time":"2024-01-05T15:31:27.102Z"}},{"iob":0.019,"basaliob":0.016,"bolussnooze":0,"activity":4.0E-4,"lastBolusTime":1704452802638,"time":"2024-01-05T15:36:27.102Z","iobWithZeroTemp":{"iob":-0.325,"basaliob":-0.328,"bolussnooze":0,"activity":-0.0026,"lastBolusTime":1704452802638,"time":"2024-01-05T15:36:27.102Z"}},{"iob":0.018,"basaliob":0.015,"bolussnooze":0,"activity":4.0E-4,"lastBolusTime":1704452802638,"time":"2024-01-05T15:41:27.102Z","iobWithZeroTemp":{"iob":-0.341,"basaliob":-0.344,"bolussnooze":0,"activity":-0.0028,"lastBolusTime":1704452802638,"time":"2024-01-05T15:41:27.102Z"}},{"iob":0.015,"basaliob":0.013,"bolussnooze":0,"activity":4.0E-4,"lastBolusTime":1704452802638,"time":"2024-01-05T15:46:27.102Z","iobWithZeroTemp":{"iob":-0.357,"basaliob":-0.359,"bolussnooze":0,"activity":-0.003,"lastBolusTime":1704452802638,"time":"2024-01-05T15:46:27.102Z"}},{"iob":0.014,"basaliob":0.012,"bolussnooze":0,"activity":2.0E-4,"lastBolusTime":1704452802638,"time":"2024-01-05T15:51:27.102Z","iobWithZeroTemp":{"iob":-0.37,"basaliob":-0.372,"bolussnooze":0,"activity":-0.0034,"lastBolusTime":1704452802638,"time":"2024-01-05T15:51:27.102Z"}},{"iob":0.013,"basaliob":0.011,"bolussnooze":0,"activity":2.0E-4,"lastBolusTime":1704452802638,"time":"2024-01-05T15:56:27.102Z","iobWithZeroTemp":{"iob":-0.382,"basaliob":-0.384,"bolussnooze":0,"activity":-0.0035,"lastBolusTime":1704452802638,"time":"2024-01-05T15:56:27.102Z"}},{"iob":0.012,"basaliob":0.01,"bolussnooze":0,"activity":2.0E-4,"lastBolusTime":1704452802638,"time":"2024-01-05T16:01:27.102Z","iobWithZeroTemp":{"iob":-0.393,"basaliob":-0.395,"bolussnooze":0,"activity":-0.0037,"lastBolusTime":1704452802638,"time":"2024-01-05T16:01:27.102Z"}},{"iob":0.01,"basaliob":0.009,"bolussnooze":0,"activity":2.0E-4,"lastBolusTime":1704452802638,"time":"2024-01-05T16:06:27.102Z","iobWithZeroTemp":{"iob":-0.404,"basaliob":-0.405,"bolussnooze":0,"activity":-0.0039,"lastBolusTime":1704452802638,"time":"2024-01-05T16:06:27.102Z"}},{"iob":0.009,"basaliob":0.008,"bolussnooze":0,"activity":2.0E-4,"lastBolusTime":1704452802638,"time":"2024-01-05T16:11:27.102Z","iobWithZeroTemp":{"iob":-0.412,"basaliob":-0.413,"bolussnooze":0,"activity":-0.004,"lastBolusTime":1704452802638,"time":"2024-01-05T16:11:27.102Z"}},{"iob":0.008,"basaliob":0.007,"bolussnooze":0,"activity":2.0E-4,"lastBolusTime":1704452802638,"time":"2024-01-05T16:16:27.102Z","iobWithZeroTemp":{"iob":-0.42,"basaliob":-0.421,"bolussnooze":0,"activity":-0.0041,"lastBolusTime":1704452802638,"time":"2024-01-05T16:16:27.102Z"}},{"iob":0.007,"basaliob":0.006,"bolussnooze":0,"activity":1.0E-4,"lastBolusTime":1704452802638,"time":"2024-01-05T16:21:27.102Z","iobWithZeroTemp":{"iob":-0.427,"basaliob":-0.428,"bolussnooze":0,"activity":-0.0044,"lastBolusTime":1704452802638,"time":"2024-01-05T16:21:27.102Z"}},{"iob":0.007,"basaliob":0.006,"bolussnooze":0,"activity":1.0E-4,"lastBolusTime":1704452802638,"time":"2024-01-05T16:26:27.102Z","iobWithZeroTemp":{"iob":-0.432,"basaliob":-0.433,"bolussnooze":0,"activity":-0.0045,"lastBolusTime":1704452802638,"time":"2024-01-05T16:26:27.102Z"}},{"iob":0.006,"basaliob":0.005,"bolussnooze":0,"activity":1.0E-4,"lastBolusTime":1704452802638,"time":"2024-01-05T16:31:27.102Z","iobWithZeroTemp":{"iob":-0.438,"basaliob":-0.439,"bolussnooze":0,"activity":-0.0046,"lastBolusTime":1704452802638,"time":"2024-01-05T16:31:27.102Z"}},{"iob":0.006,"basaliob":0.005,"bolussnooze":0,"activity":1.0E-4,"lastBolusTime":1704452802638,"time":"2024-01-05T16:36:27.102Z","iobWithZeroTemp":{"iob":-0.443,"basaliob":-0.444,"bolussnooze":0,"activity":-0.0046,"lastBolusTime":1704452802638,"time":"2024-01-05T16:36:27.102Z"}},{"iob":0.005,"basaliob":0.004,"bolussnooze":0,"activity":1.0E-4,"lastBolusTime":1704452802638,"time":"2024-01-05T16:41:27.102Z","iobWithZeroTemp":{"iob":-0.448,"basaliob":-0.449,"bolussnooze":0,"activity":-0.0047,"lastBolusTime":1704452802638,"time":"2024-01-05T16:41:27.102Z"}},{"iob":0.004,"basaliob":0.004,"bolussnooze":0,"activity":1.0E-4,"lastBolusTime":1704452802638,"time":"2024-01-05T16:46:27.102Z","iobWithZeroTemp":{"iob":-0.452,"basaliob":-0.452,"bolussnooze":0,"activity":-0.0048,"lastBolusTime":1704452802638,"time":"2024-01-05T16:46:27.102Z"}},{"iob":0.003,"basaliob":0.003,"bolussnooze":0,"activity":1.0E-4,"lastBolusTime":1704452802638,"time":"2024-01-05T16:51:27.102Z","iobWithZeroTemp":{"iob":-0.457,"basaliob":-0.457,"bolussnooze":0,"activity":-0.0049,"lastBolusTime":1704452802638,"time":"2024-01-05T16:51:27.102Z"}},{"iob":0.003,"basaliob":0.003,"bolussnooze":0,"activity":1.0E-4,"lastBolusTime":1704452802638,"time":"2024-01-05T16:56:27.102Z","iobWithZeroTemp":{"iob":-0.46,"basaliob":-0.46,"bolussnooze":0,"activity":-0.0049,"lastBolusTime":1704452802638,"time":"2024-01-05T16:56:27.102Z"}},{"iob":0.003,"basaliob":0.003,"bolussnooze":0,"activity":1.0E-4,"lastBolusTime":1704452802638,"time":"2024-01-05T17:01:27.102Z","iobWithZeroTemp":{"iob":-0.462,"basaliob":-0.462,"bolussnooze":0,"activity":-0.005,"lastBolusTime":1704452802638,"time":"2024-01-05T17:01:27.102Z"}},{"iob":0.002,"basaliob":0.002,"bolussnooze":0,"activity":1.0E-4,"lastBolusTime":1704452802638,"time":"2024-01-05T17:06:27.102Z","iobWithZeroTemp":{"iob":-0.466,"basaliob":-0.466,"bolussnooze":0,"activity":-0.005,"lastBolusTime":1704452802638,"time":"2024-01-05T17:06:27.102Z"}},{"iob":0.002,"basaliob":0.002,"bolussnooze":0,"activity":0,"lastBolusTime":1704452802638,"time":"2024-01-05T17:11:27.102Z","iobWithZeroTemp":{"iob":-0.469,"basaliob":-0.469,"bolussnooze":0,"activity":-0.0052,"lastBolusTime":1704452802638,"time":"2024-01-05T17:11:27.102Z"}},{"iob":0.002,"basaliob":0.002,"bolussnooze":0,"activity":0,"lastBolusTime":1704452802638,"time":"2024-01-05T17:16:27.102Z","iobWithZeroTemp":{"iob":-0.471,"basaliob":-0.471,"bolussnooze":0,"activity":-0.0052,"lastBolusTime":1704452802638,"time":"2024-01-05T17:16:27.102Z"}},{"iob":0.002,"basaliob":0.002,"bolussnooze":0,"activity":0,"lastBolusTime":1704452802638,"time":"2024-01-05T17:21:27.102Z","iobWithZeroTemp":{"iob":-0.473,"basaliob":-0.473,"bolussnooze":0,"activity":-0.0053,"lastBolusTime":1704452802638,"time":"2024-01-05T17:21:27.102Z"}},{"iob":0.001,"basaliob":0.001,"bolussnooze":0,"activity":0,"lastBolusTime":1704452802638,"time":"2024-01-05T17:26:27.102Z","iobWithZeroTemp":{"iob":-0.476,"basaliob":-0.476,"bolussnooze":0,"activity":-0.0053,"lastBolusTime":1704452802638,"time":"2024-01-05T17:26:27.102Z"}},{"iob":0.001,"basaliob":0.001,"bolussnooze":0,"activity":0,"lastBolusTime":1704452802638,"time":"2024-01-05T17:31:27.102Z","iobWithZeroTemp":{"iob":-0.477,"basaliob":-0.477,"bolussnooze":0,"activity":-0.0053,"lastBolusTime":1704452802638,"time":"2024-01-05T17:31:27.102Z"}},{"iob":0.001,"basaliob":0.001,"bolussnooze":0,"activity":0,"lastBolusTime":1704452802638,"time":"2024-01-05T17:36:27.102Z","iobWithZeroTemp":{"iob":-0.479,"basaliob":-0.479,"bolussnooze":0,"activity":-0.0054,"lastBolusTime":1704452802638,"time":"2024-01-05T17:36:27.102Z"}},{"iob":0.001,"basaliob":0.001,"bolussnooze":0,"activity":0,"lastBolusTime":1704452802638,"time":"2024-01-05T17:41:27.102Z","iobWithZeroTemp":{"iob":-0.48,"basaliob":-0.48,"bolussnooze":0,"activity":-0.0054,"lastBolusTime":1704452802638,"time":"2024-01-05T17:41:27.102Z"}},{"iob":0.001,"basaliob":0.001,"bolussnooze":0,"activity":0,"lastBolusTime":1704452802638,"time":"2024-01-05T17:46:27.102Z","iobWithZeroTemp":{"iob":-0.481,"basaliob":-0.481,"bolussnooze":0,"activity":-0.0054,"lastBolusTime":1704452802638,"time":"2024-01-05T17:46:27.102Z"}},{"iob":0.001,"basaliob":0.001,"bolussnooze":0,"activity":0,"lastBolusTime":1704452802638,"time":"2024-01-05T17:51:27.102Z","iobWithZeroTemp":{"iob":-0.482,"basaliob":-0.482,"bolussnooze":0,"activity":-0.0054,"lastBolusTime":1704452802638,"time":"2024-01-05T17:51:27.102Z"}},{"iob":0.001,"basaliob":0.001,"bolussnooze":0,"activity":0,"lastBolusTime":1704452802638,"time":"2024-01-05T17:56:27.102Z","iobWithZeroTemp":{"iob":-0.483,"basaliob":-0.483,"bolussnooze":0,"activity":-0.0055,"lastBolusTime":1704452802638,"time":"2024-01-05T17:56:27.102Z"}},{"iob":0.001,"basaliob":0.001,"bolussnooze":0,"activity":0,"lastBolusTime":1704452802638,"time":"2024-01-05T18:01:27.102Z","iobWithZeroTemp":{"iob":-0.484,"basaliob":-0.484,"bolussnooze":0,"activity":-0.0055,"lastBolusTime":1704452802638,"time":"2024-01-05T18:01:27.102Z"}},{"iob":0.001,"basaliob":0.001,"bolussnooze":0,"activity":0,"lastBolusTime":1704452802638,"time":"2024-01-05T18:06:27.102Z","iobWithZeroTemp":{"iob":-0.487,"basaliob":-0.487,"bolussnooze":0,"activity":-0.0055,"lastBolusTime":1704452802638,"time":"2024-01-05T18:06:27.102Z"}},{"iob":0,"basaliob":0,"bolussnooze":0,"activity":0,"lastBolusTime":1704452802638,"time":"2024-01-05T18:11:27.102Z","iobWithZeroTemp":{"iob":-0.49,"basaliob":-0.49,"bolussnooze":0,"activity":-0.0055,"lastBolusTime":1704452802638,"time":"2024-01-05T18:11:27.102Z"}},{"iob":0,"basaliob":0,"bolussnooze":0,"activity":0,"lastBolusTime":1704452802638,"time":"2024-01-05T18:16:27.102Z","iobWithZeroTemp":{"iob":-0.492,"basaliob":-0.492,"bolussnooze":0,"activity":-0.0055,"lastBolusTime":1704452802638,"time":"2024-01-05T18:16:27.102Z"}}],"profile":{"max_iob":1,"type":"current","max_daily_basal":0.391,"max_basal":1.15,"min_bg":99,"max_bg":99,"target_bg":99,"carb_ratio":13.493868846632308,"sens":153.96499999999997,"max_daily_safety_multiplier":3,"current_basal_safety_multiplier":4,"lgsThreshold":69,"high_temptarget_raises_sensitivity":false,"low_temptarget_lowers_sensitivity":false,"sensitivity_raises_target":false,"resistance_lowers_target":false,"adv_target_adjustments":false,"exercise_mode":false,"half_basal_exercise_target":160,"maxCOB":120,"skip_neutral_temps":false,"remainingCarbsCap":90,"enableUAM":false,"A52_risk_enable":false,"SMBInterval":3,"enableSMB_with_COB":false,"enableSMB_with_temptarget":false,"allowSMB_with_high_temptarget":false,"enableSMB_always":false,"enableSMB_after_carbs":false,"maxSMBBasalMinutes":30,"maxUAMSMBBasalMinutes":30,"bolus_increment":0.05,"carbsReqThreshold":1,"current_basal":0.359,"temptargetSet":false,"autosens_max":1.2,"autosens_min":0.7,"variable_sens":258.8,"insulinDivisor":75,"TDD":9.25522639047619},"autosens_data":{"ratio":1},"meal_data":{"carbs":0,"mealCOB":0,"slopeFromMaxDeviation":-2.417181818181818,"slopeFromMinDeviation":3.923,"lastBolusTime":1704452802638,"lastCarbTime":0},"microBolusAllowed":false,"currentTime":1704464490433,"flatBGsDetected":false,"tdd1D":8.32800000000001,"tdd7D":16.942322023809517,"tddLast24H":8.451749999999999,"tddLast4H":1.6470833333333332,"tddLast8to4H":1.3089999999999988},"output":{"temp":"absolute","bg":84,"tick":-4,"eventualBG":-5,"targetBG":99,"insulinReq":0,"deliverAt":"2024-01-05T14:21:30.433Z","sensitivityRatio":1,"variable_sens":258.8,"predBGs":{"IOB":[84,74,66,57,50,43,39,39,39,39,39,39,39],"ZT":[84,82,80,79,77,76,76,76,76,77,78,80,82,84,87,90,93,96]},"reason":"COB: 0, Dev: -68, BGI: -2, ISF: 259, CR: 13.49, Target: 99, minPredBG 39, minGuardBG 5, IOBpredBG 39; minGuardBG 5<70","COB":0,"IOB":0.082,"duration":60,"rate":0,"timestamp":"2024-01-05T14:21:30.469Z"}}