{"algorithm":"OpenAPSSMBDynamicISFPlugin","input":{"glucoseStatus":{"glucose":80,"noise":0,"delta":1,"short_avgdelta":-3.33,"long_avgdelta":-11.94,"date":1704507900000},"currenttemp":{"temp":"absolute","duration":100,"rate":0,"minutesrunning":20},"iob_data":[{"iob":-0.028,"basaliob":-0.028,"bolussnooze":0,"activity":7.0E-4,"lastBolusTime":0,"time":"2024-01-06T02:26:37.071Z","iobWithZeroTemp":{"iob":-0.028,"basaliob":-0.028,"bolussnooze":0,"activity":7.0E-4,"lastBolusTime":0,"time":"2024-01-06T02:26:37.071Z"}},{"iob":-0.031,"basaliob":-0.031,"bolussnooze":0,"activity":5.0E-4,"lastBolusTime":0,"time":"2024-01-06T02:31:37.071Z","iobWithZeroTemp":{"iob":-0.053,"basaliob":-0.053,"bolussnooze":0,"activity":5.0E-4,"lastBolusTime":0,"time":"2024-01-06T02:31:37.071Z"}},{"iob":-0.033,"basaliob":-0.033,"bolussnooze":0,"activity":3.0E-4,"lastBolusTime":0,"time":"2024-01-06T02:36:37.071Z","iobWithZeroTemp":{"iob":-0.083,"basaliob":-0.083,"bolussnooze":0,"activity":2.0E-4,"lastBolusTime":0,"time":"2024-01-06T02:36:37.071Z"}},{"iob":-0.034,"basaliob":-0.034,"bolussnooze":0,"activity":2.0E-4,"lastBolusTime":0,"time":"2024-01-06T02:41:37.071Z","iobWithZeroTemp":{"iob":-0.112,"basaliob":-0.112,"bolussnooze":0,"activity":0,"lastBolusTime":0,"time":"2024-01-06T02:41:37.071Z"}},{"iob":-0.035,"basaliob":-0.035,"bolussnooze":0,"activity":1.0E-4,"lastBolusTime":0,"time":"2024-01-06T02:46:37.071Z","iobWithZeroTemp":{"iob":-0.139,"basaliob":-0.139,"bolussnooze":0,"activity":-3.0E-4,"lastBolusTime":0,"time":"2024-01-06T02:46:37.071Z"}},{"iob":-0.035,"basaliob":-0.035,"bolussnooze":0,"activity":0,"lastBolusTime":0,"time":"2024-01-06T02:51:37.071Z","iobWithZeroTemp":{"iob":-0.165,"basaliob":-0.165,"bolussnooze":0,"activity":-6.0E-4,"lastBolusTime":0,"time":"2024-01-06T02:51:37.071Z"}},{"iob":-0.035,"basaliob":-0.035,"bolussnooze":0,"activity":-1.0E-4,"lastBolusTime":0,"time":"2024-01-06T02:56:37.071Z","iobWithZeroTemp":{"iob":-0.19,"basaliob":-0.19,"bolussnooze":0,"activity":-9.0E-4,"lastBolusTime":0,"time":"2024-01-06T02:56:37.071Z"}},{"iob":-0.034,"basaliob":-0.034,"bolussnooze":0,"activity":-2.0E-4,"lastBolusTime":0,"time":"2024-01-06T03:01:37.071Z","iobWithZeroTemp":{"iob":-0.212,"basaliob":-0.212,"bolussnooze":0,"activity":-0.0012,"lastBolusTime":0,"time":"2024-01-06T03:01:37.071Z"}},{"iob":-0.034,"basaliob":-0.034,"bolussnooze":0,"activity":-2.0E-4,"lastBolusTime":0,"time":"2024-01-06T03:06:37.071Z","iobWithZeroTemp":{"iob":-0.236,"basaliob":-0.236,"bolussnooze":0,"activity":-0.0014,"lastBolusTime":0,"time":"2024-01-06T03:06:37.071Z"}},{"iob":-0.032,"basaliob":-0.032,"bolussnooze":0,"activity":-2.0E-4,"lastBolusTime":0,"time":"2024-01-06T03:11:37.071Z","iobWithZeroTemp":{"iob":-0.256,"basaliob":-0.256,"bolussnooze":0,"activity":-0.0017,"lastBolusTime":0,"time":"2024-01-06T03:11:37.071Z"}},{"iob":-0.031,"basaliob":-0.031,"bolussnooze":0,"activity":-3.0E-4,"lastBolusTime":0,"time":"2024-01-06T03:16:37.071Z","iobWithZeroTemp":{"iob":-0.276,"basaliob":-0.276,"bolussnooze":0,"activity":-0.002,"lastBolusTime":0,"time":"2024-01-06T03:16:37.071Z"}},{"iob":-0.03,"basaliob":-0.03,"bolussnooze":0,"activity":-3.0E-4,"lastBolusTime":0,"time":"2024-01-06T03:21:37.071Z","iobWithZeroTemp":{"iob":-0.295,"basaliob":-0.295,"bolussnooze":0,"activity":-0.0023,"lastBolusTime":0,"time":"2024-01-06T03:21:37.071Z"}},{"iob":-0.029,"basaliob":-0.029,"bolussnooze":0,"activity":-3.0E-4,"lastBolusTime":0,"time":"2024-01-06T03:26:37.071Z","iobWithZeroTemp":{"iob":-0.313,"basaliob":-0.313,"bolussnooze":0,"activity":-0.0025,"lastBolusTime":0,"time":"2024-01-06T03:26:37.071Z"}},{"iob":-0.027,"basaliob":-0.027,"bolussnooze":0,"activity":-3.0E-4,"lastBolusTime":0,"time":"2024-01-06T03:31:37.071Z","iobWithZeroTemp":{"iob":-0.329,"basaliob":-0.329,"bolussnooze":0,"activity":-0.0027,"lastBolusTime":0,"time":"2024-01-06T03:31:37.071Z"}},{"iob":-0.026,"basaliob":-0.026,"bolussnooze":0,"activity":-3.0E-4,"lastBolusTime":0,"time":"2024-01-06T03:36:37.071Z","iobWithZeroTemp":{"iob":-0.344,"basaliob":-0.344,"bolussnooze":0,"activity":-0.0029,"lastBolusTime":0,"time":"2024-01-06T03:36:37.071Z"}},{"iob":-0.024,"basaliob":-0.024,"bolussnooze":0,"activity":-3.0E-4,"lastBolusTime":0,"time":"2024-01-06T03:41:37.071Z","iobWithZeroTemp":{"iob":-0.358,"basaliob":-0.358,"bolussnooze":0,"activity":-0.0032,"lastBolusTime":0,"time":"2024-01-06T03:41:37.071Z"}},{"iob":-0.023,"basaliob":-0.023,"bolussnooze":0,"activity":-3.0E-4,"lastBolusTime":0,"time":"2024-01-06T03:46:37.071Z","iobWithZeroTemp":{"iob":-0.371,"basaliob":-0.371,"bolussnooze":0,"activity":-0.0034,"lastBolusTime":0,"time":"2024-01-06T03:46:37.071Z"}},{"iob":-0.021,"basaliob":-0.021,"bolussnooze":0,"activity":-3.0E-4,"lastBolusTime":0,"time":"2024-01-06T03:51:37.071Z","iobWithZeroTemp":{"iob":-0.382,"basaliob":-0.382,"bolussnooze":0,"activity":-0.0036,"lastBolusTime":0,"time":"2024-01-06T03:51:37.071Z"}},{"iob":-0.02,"basaliob":-0.02,"bolussnooze":0,"activity":-3.0E-4,"lastBolusTime":0,"time":"2024-01-06T03:56:37.071Z","iobWithZeroTemp":{"iob":-0.394,"basaliob":-0.394,"bolussnooze":0,"activity":-0.0037,"lastBolusTime":0,"time":"2024-01-06T03:56:37.071Z"}},{"iob":-0.019,"basaliob":-0.019,"bolussnooze":0,"activity":-3.0E-4,"lastBolusTime":0,"time":"2024-01-06T04:01:37.071Z","iobWithZeroTemp":{"iob":-0.404,"basaliob":-0.404,"bolussnooze":0,"activity":-0.0039,"lastBolusTime":0,"time":"2024-01-06T04:01:37.071Z"}},{"iob":-0.017,"basaliob":-0.017,"bolussnooze":0,"activity":-2.0E-4,"lastBolusTime":0,"time":"2024-01-06T04:06:37.071Z","iobWithZeroTemp":{"iob":-0.416,"basaliob":-0.416,"bolussnooze":0,"activity":-0.004,"lastBolusTime":0,"time":"2024-01-06T04:06:37.071Z"}},{"iob":-0.016,"basaliob":-0.016,"bolussnooze":0,"activity":-2.0E-4,"lastBolusTime":0,"time":"2024-01-06T04:11:37.071Z","iobWithZeroTemp":{"iob":-0.428,"basaliob":-0.428,"bolussnooze":0,"activity":-0.0042,"lastBolusTime":0,"time":"2024-01-06T04:11:37.071Z"}},{"iob":-0.015,"basaliob":-0.015,"bolussnooze":0,"activity":-2.0E-4,"lastBolusTime":0,"time":"2024-01-06T04:16:37.071Z","iobWithZeroTemp":{"iob":-0.439,"basaliob":-0.439,"bolussnooze":0,"activity":-0.0043,"lastBolusTime":0,"time":"2024-01-06T04:16:37.071Z"}},{"iob":-0.014,"basaliob":-0.014,"bolussnooze":0,"activity":-2.0E-4,"lastBolusTime":0,"time":"2024-01-06T04:21:37.071Z","iobWithZeroTemp":{"iob":-0.449,"basaliob":-0.449,"bolussnooze":0,"activity":-0.0045,"lastBolusTime":0,"time":"2024-01-06T04:21:37.071Z"}},{"iob":-0.013,"basaliob":-0.013,"bolussnooze":0,"activity":-2.0E-4,"lastBolusTime":0,"time":"2024-01-06T04:26:37.071Z","iobWithZeroTemp":{"iob":-0.459,"basaliob":-0.459,"bolussnooze":0,"activity":-0.0046,"lastBolusTime":0,"time":"2024-01-06T04:26:37.071Z"}},{"iob":-0.012,"basaliob":-0.012,"bolussnooze":0,"activity":-2.0E-4,"lastBolusTime":0,"time":"2024-01-06T04:31:37.071Z","iobWithZeroTemp":{"iob":-0.468,"basaliob":-0.468,"bolussnooze":0,"activity":-0.0048,"lastBolusTime":0,"time":"2024-01-06T04:31:37.071Z"}},{"iob":-0.011,"basaliob":-0.011,"bolussnooze":0,"activity":-2.0E-4,"lastBolusTime":0,"time":"2024-01-06T04:36:37.071Z","iobWithZeroTemp":{"iob":-0.476,"basaliob":-0.476,"bolussnooze":0,"activity":-0.0049,"lastBolusTime":0,"time":"2024-01-06T04:36:37.071Z"}},{"iob":-0.01,"basaliob":-0.01,"bolussnooze":0,"activity":-2.0E-4,"lastBolusTime":0,"time":"2024-01-06T04:41:37.071Z","iobWithZeroTemp":{"iob":-0.483,"basaliob":-0.483,"bolussnooze":0,"activity":-0.005,"lastBolusTime":0,"time":"2024-01-06T04:41:37.071Z"}},{"iob":-0.009,"basaliob":-0.009,"bolussnooze":0,"activity":-2.0E-4,"lastBolusTime":0,"time":"2024-01-06T04:46:37.071Z","iobWithZeroTemp":{"iob":-0.49,"basaliob":-0.49,"bolussnooze":0,"activity":-0.0052,"lastBolusTime":0,"time":"2024-01-06T04:46:37.071Z"}},{"iob":-0.008,"basaliob":-0.008,"bolussnooze":0,"activity":-1.0E-4,"lastBolusTime":0,"time":"2024-01-06T04:51:37.071Z","iobWithZeroTemp":{"iob":-0.496,"basaliob":-0.496,"bolussnooze":0,"activity":-0.0052,"lastBolusTime":0,"time":"2024-01-06T04:51:37.071Z"}},{"iob":-0.008,"basaliob":-0.008,"bolussnooze":0,"activity":-1.0E-4,"lastBolusTime":0,"time":"2024-01-06T04:56:37.071Z","iobWithZeroTemp":{"iob":-0.503,"basaliob":-0.503,"bolussnooze":0,"activity":-0.0053,"lastBolusTime":0,"time":"2024-01-06T04:56:37.071Z"}},{"iob":-0.007,"basaliob":-0.007,"bolussnooze":0,"activity":-1.0E-4,"lastBolusTime":0,"time":"2024-01-06T05:01:37.071Z","iobWithZeroTemp":{"iob":-0.508,"basaliob":-0.508,"bolussnooze":0,"activity":-0.0054,"lastBolusTime":0,"time":"2024-01-06T05:01:37.071Z"}},{"iob":-0.007,"basaliob":-0.007,"bolussnooze":0,"activity":-1.0E-4,"lastBolusTime":0,"time":"2024-01-06T05:06:37.071Z","iobWithZeroTemp":{"iob":-0.514,"basaliob":-0.514,"bolussnooze":0,"activity":-0.0055,"lastBolusTime":0,"time":"2024-01-06T05:06:37.071Z"}},{"iob":-0.006,"basaliob":-0.006,"bolussnooze":0,"activity":-1.0E-4,"lastBolusTime":0,"time":"2024-01-06T05:11:37.071Z","iobWithZeroTemp":{"iob":-0.518,"basaliob":-0.518,"bolussnooze":0,"activity":-0.0056,"lastBolusTime":0,"time":"2024-01-06T05:11:37.071Z"}},{"iob":-0.005,"basaliob":-0.005,"bolussnooze":0,"activity":-1.0E-4,"lastBolusTime":0,"time":"2024-01-06T05:16:37.071Z","iobWithZeroTemp":{"iob":-0.522,"basaliob":-0.522,"bolussnooze":0,"activity":-0.0057,"lastBolusTime":0,"time":"2024-01-06T05:16:37.071Z"}},{"iob":-0.005,"basaliob":-0.005,"bolussnooze":0,"activity":-1.0E-4,"lastBolusTime":0,"time":"2024-01-06T05:21:37.071Z","iobWithZeroTemp":{"iob":-0.526,"basaliob":-0.526,"bolussnooze":0,"activity":-0.0057,"lastBolusTime":0,"time":"2024-01-06T05:21:37.071Z"}},{"iob":-0.005,"basaliob":-0.005,"bolussnooze":0,"activity":-1.0E-4,"lastBolusTime":0,"time":"2024-01-06T05:26:37.071Z","iobWithZeroTemp":{"iob":-0.53,"basaliob":-0.53,"bolussnooze":0,"activity":-0.0058,"lastBolusTime":0,"time":"2024-01-06T05:26:37.071Z"}},{"iob":-0.004,"basaliob":-0.004,"bolussnooze":0,"activity":-1.0E-4,"lastBolusTime":0,"time":"2024-01-06T05:31:37.071Z","iobWithZeroTemp":{"iob":-0.533,"basaliob":-0.533,"bolussnooze":0,"activity":-0.0059,"lastBolusTime":0,"time":"2024-01-06T05:31:37.071Z"}},{"iob":-0.004,"basaliob":-0.004,"bolussnooze":0,"activity":-1.0E-4,"lastBolusTime":0,"time":"2024-01-06T05:36:37.071Z","iobWithZeroTemp":{"iob":-0.536,"basaliob":-0.536,"bolussnooze":0,"activity":-0.0059,"lastBolusTime":0,"time":"2024-01-06T05:36:37.071Z"}},{"iob":-0.003,"basaliob":-0.003,"bolussnooze":0,"activity":-1.0E-4,"lastBolusTime":0,"time":"2024-01-06T05:41:37.071Z","iobWithZeroTemp":{"iob":-0.538,"basaliob":-0.538,"bolussnooze":0,"activity":-0.006,"lastBolusTime":0,"time":"2024-01-06T05:41:37.071Z"}},{"iob":-0.003,"basaliob":-0.003,"bolussnooze":0,"activity":-1.0E-4,"lastBolusTime":0,"time":"2024-01-06T05:46:37.071Z","iobWithZeroTemp":{"iob":-0.541,"basaliob":-0.541,"bolussnooze":0,"activity":-0.006,"lastBolusTime":0,"time":"2024-01-06T05:46:37.071Z"}},{"iob":-0.003,"basaliob":-0.003,"bolussnooze":0,"activity":-1.0E-4,"lastBolusTime":0,"time":"2024-01-06T05:51:37.071Z","iobWithZeroTemp":{"iob":-0.543,"basaliob":-0.543,"bolussnooze":0,"activity":-0.0061,"lastBolusTime":0,"time":"2024-01-06T05:51:37.071Z"}},{"iob":-0.003,"basaliob":-0.003,"bolussnooze":0,"activity":-1.0E-4,"lastBolusTime":0,"time":"2024-01-06T05:56:37.071Z","iobWithZeroTemp":{"iob":-0.546,"basaliob":-0.546,"bolussnooze":0,"activity":-0.0061,"lastBolusTime":0,"time":"2024-01-06T05:56:37.071Z"}},{"iob":-0.002,"basaliob":-0.002,"bolussnooze":0,"activity":0,"lastBolusTime":0,"time":"2024-01-06T06:01:37.071Z","iobWithZeroTemp":{"iob":-0.547,"basaliob":-0.547,"bolussnooze":0,"activity":-0.0061,"lastBolusTime":0,"time":"2024-01-06T06:01:37.071Z"}},{"iob":-0.002,"basaliob":-0.002,"bolussnooze":0,"activity":0,"lastBolusTime":0,"time":"2024-01-06T06:06:37.071Z","iobWithZeroTemp":{"iob":-0.549,"basaliob":-0.549,"bolussnooze":0,"activity":-0.0061,"lastBolusTime":0,"time":"2024-01-06T06:06:37.071Z"}},{"iob":-0.002,"basaliob":-0.002,"bolussnooze":0,"activity":0,"lastBolusTime":0,"time":"2024-01-06T06:11:37.071Z","iobWithZeroTemp":{"iob":-0.551,"basaliob":-0.551,"bolussnooze":0,"activity":-0.0061,"lastBolusTime":0,"time":"2024-01-06T06:11:37.071Z"}},{"iob":-0.002,"basaliob":-0.002,"bolussnooze":0,"activity":0,"lastBolusTime":0,"time":"2024-01-06T06:16:37.071Z","iobWithZeroTemp":{"iob":-0.553,"basaliob":-0.553,"bolussnooze":0,"activity":-0.0062,"lastBolusTime":0,"time":"2024-01-06T06:16:37.071Z"}},{"iob":-0.002,"basaliob":-0.002,"bolussnooze":0,"activity":0,"lastBolusTime":0,"time":"2024-01-06T06:21:37.071Z","iobWithZeroTemp":{"iob":-0.554,"basaliob":-0.554,"bolussnooze":0,"activity":-0.0062,"lastBolusTime":0,"time":"2024-01-06T06:21:37.071Z"}}],"profile":{"max_iob":1,"type":"current","max_daily_basal":0.391,"max_basal":1.15,"min_bg":99,"max_bg":99,"target_bg":99,"carb_ratio":14.618357917185001,"sens":153.96499999999997,"max_daily_safety_multiplier":3,"current_basal_safety_multiplier":4,"lgsThreshold":69,"high_temptarget_raises_sensitivity":false,"low_temptarget_lowers_sensitivity":false,"sensitivity_raises_target":false,"resistance_lowers_target":false,"adv_target_adjustments":false,"exercise_mode":false,"half_basal_exercise_target":160,"maxCOB":120,"skip_neutral_temps":false,"remainingCarbsCap":90,"enableUAM":true,"A52_risk_enable":false,"SMBInterval":3,"enableSMB_with_COB":false,"enableSMB_with_temptarget":false,"allowSMB_with_high_temptarget":false,"enableSMB_always":false,"enableSMB_after_carbs":false,"maxSMBBasalMinutes":30,"maxUAMSMBBasalMinutes":30,"bolus_increment":0.05,"carbsReqThreshold":1,"current_basal":0.337,"temptargetSet":false,"autosens_max":1.2,"autosens_min":0.7,"variable_sens":272.8,"insulinDivisor":75,"TDD":9.087732028571423},"autosens_data":{"ratio":1},"meal_data":{"carbs":0,"mealCOB":0,"slopeFromMaxDeviation":-0.6106363636363636,"slopeFromMinDeviation":6.218,"lastBolusTime":1704452802638,"lastCarbTime":0},"microBolusAllowed":false,"currentTime":1704507999486,"flatBGsDetected":false,"tdd1D":9.141249999999994,"tdd7D":15.753158928571422,"tddLast24H":9.412583333333329,"tddLast4H":1.3577499999999998,"tddLast8to4H":1.8604999999999992},"output":{"temp":"absolute","bg":80,"tick":"+1","eventualBG":22,"targetBG":99,"insulinReq":0,"deliverAt":"2024-01-06T02:26:39.486Z","sensitivityRatio":1,"variable_sens":272.8,"predBGs":{"IOB":[80,77,74,72,70,68,67,66,66,66,66,66,66,67,67,68,68,69,69,70,70,70,71,71,71,71,72,72,72,73,73,73,73,73,73,74,74,74,74,74,74,74,75],"ZT":[80,79,78,78,78,79,79,81,82,84,86,89,92,95,98]},"reason":"COB: 0, Dev: -66, BGI: -1, ISF: 273, CR: 14.62, Target: 99, minPredBG 70, minGuardBG 66, IOBpredBG 75; minGuardBG 66<70 100m left and 0 ~ req 0U\/hr: no temp required","COB":0,"IOB":-0.028,"timestamp":"2024-01-06T02:26:39.523Z"}}