{"algorithm":"OpenAPSSMBDynamicISFPlugin","input":{"glucoseStatus":{"glucose":107,"noise":0,"delta":13,"short_avgdelta":13.39,"long_avgdelta":9.05,"date":1704516900000},"currenttemp":{"temp":"absolute","duration":25,"rate":0.65,"minutesrunning":5},"iob_data":[{"iob":-0.107,"basaliob":-0.107,"bolussnooze":0,"activity":-3.0E-4,"lastBolusTime":0,"time":"2024-01-06T04:56:40.052Z","iobWithZeroTemp":{"iob":-0.107,"basaliob":-0.107,"bolussnooze":0,"activity":-3.0E-4,"lastBolusTime":0,"time":"2024-01-06T04:56:40.052Z"}},{"iob":-0.105,"basaliob":-0.105,"bolussnooze":0,"activity":-5.0E-4,"lastBolusTime":0,"time":"2024-01-06T05:01:40.052Z","iobWithZeroTemp":{"iob":-0.131,"basaliob":-0.131,"bolussnooze":0,"activity":-5.0E-4,"lastBolusTime":0,"time":"2024-01-06T05:01:40.052Z"}},{"iob":-0.102,"basaliob":-0.102,"bolussnooze":0,"activity":-6.0E-4,"lastBolusTime":0,"time":"2024-01-06T05:06:40.052Z","iobWithZeroTemp":{"iob":-0.16,"basaliob":-0.16,"bolussnooze":0,"activity":-7.0E-4,"lastBolusTime":0,"time":"2024-01-06T05:06:40.052Z"}},{"iob":-0.099,"basaliob":-0.099,"bolussnooze":0,"activity":-7.0E-4,"lastBolusTime":0,"time":"2024-01-06T05:11:40.052Z","iobWithZeroTemp":{"iob":-0.188,"basaliob":-0.188,"bolussnooze":0,"activity":-0.001,"lastBolusTime":0,"time":"2024-01-06T05:11:40.052Z"}},{"iob":-0.095,"basaliob":-0.095,"bolussnooze":0,"activity":-8.0E-4,"lastBolusTime":0,"time":"2024-01-06T05:16:40.052Z","iobWithZeroTemp":{"iob":-0.215,"basaliob":-0.215,"bolussnooze":0,"activity":-0.0012,"lastBolusTime":0,"time":"2024-01-06T05:16:40.052Z"}},{"iob":-0.091,"basaliob":-0.091,"bolussnooze":0,"activity":-9.0E-4,"lastBolusTime":0,"time":"2024-01-06T05:21:40.052Z","iobWithZeroTemp":{"iob":-0.24,"basaliob":-0.24,"bolussnooze":0,"activity":-0.0016,"lastBolusTime":0,"time":"2024-01-06T05:21:40.052Z"}},{"iob":-0.086,"basaliob":-0.086,"bolussnooze":0,"activity":-9.0E-4,"lastBolusTime":0,"time":"2024-01-06T05:26:40.052Z","iobWithZeroTemp":{"iob":-0.264,"basaliob":-0.264,"bolussnooze":0,"activity":-0.0018,"lastBolusTime":0,"time":"2024-01-06T05:26:40.052Z"}},{"iob":-0.082,"basaliob":-0.082,"bolussnooze":0,"activity":-9.0E-4,"lastBolusTime":0,"time":"2024-01-06T05:31:40.052Z","iobWithZeroTemp":{"iob":-0.287,"basaliob":-0.287,"bolussnooze":0,"activity":-0.0021,"lastBolusTime":0,"time":"2024-01-06T05:31:40.052Z"}},{"iob":-0.077,"basaliob":-0.077,"bolussnooze":0,"activity":-9.0E-4,"lastBolusTime":0,"time":"2024-01-06T05:36:40.052Z","iobWithZeroTemp":{"iob":-0.308,"basaliob":-0.308,"bolussnooze":0,"activity":-0.0023,"lastBolusTime":0,"time":"2024-01-06T05:36:40.052Z"}},{"iob":-0.073,"basaliob":-0.073,"bolussnooze":0,"activity":-9.0E-4,"lastBolusTime":0,"time":"2024-01-06T05:41:40.052Z","iobWithZeroTemp":{"iob":-0.329,"basaliob":-0.329,"bolussnooze":0,"activity":-0.0026,"lastBolusTime":0,"time":"2024-01-06T05:41:40.052Z"}},{"iob":-0.068,"basaliob":-0.068,"bolussnooze":0,"activity":-9.0E-4,"lastBolusTime":0,"time":"2024-01-06T05:46:40.052Z","iobWithZeroTemp":{"iob":-0.347,"basaliob":-0.347,"bolussnooze":0,"activity":-0.0029,"lastBolusTime":0,"time":"2024-01-06T05:46:40.052Z"}},{"iob":-0.064,"basaliob":-0.064,"bolussnooze":0,"activity":-9.0E-4,"lastBolusTime":0,"time":"2024-01-06T05:51:40.052Z","iobWithZeroTemp":{"iob":-0.365,"basaliob":-0.365,"bolussnooze":0,"activity":-0.0031,"lastBolusTime":0,"time":"2024-01-06T05:51:40.052Z"}},{"iob":-0.06,"basaliob":-0.06,"bolussnooze":0,"activity":-8.0E-4,"lastBolusTime":0,"time":"2024-01-06T05:56:40.052Z","iobWithZeroTemp":{"iob":-0.381,"basaliob":-0.381,"bolussnooze":0,"activity":-0.0033,"lastBolusTime":0,"time":"2024-01-06T05:56:40.052Z"}},{"iob":-0.056,"basaliob":-0.056,"bolussnooze":0,"activity":-8.0E-4,"lastBolusTime":0,"time":"2024-01-06T06:01:40.052Z","iobWithZeroTemp":{"iob":-0.396,"basaliob":-0.396,"bolussnooze":0,"activity":-0.0035,"lastBolusTime":0,"time":"2024-01-06T06:01:40.052Z"}},{"iob":-0.052,"basaliob":-0.052,"bolussnooze":0,"activity":-8.0E-4,"lastBolusTime":0,"time":"2024-01-06T06:06:40.052Z","iobWithZeroTemp":{"iob":-0.411,"basaliob":-0.411,"bolussnooze":0,"activity":-0.0038,"lastBolusTime":0,"time":"2024-01-06T06:06:40.052Z"}},{"iob":-0.048,"basaliob":-0.048,"bolussnooze":0,"activity":-7.0E-4,"lastBolusTime":0,"time":"2024-01-06T06:11:40.052Z","iobWithZeroTemp":{"iob":-0.424,"basaliob":-0.424,"bolussnooze":0,"activity":-0.0039,"lastBolusTime":0,"time":"2024-01-06T06:11:40.052Z"}},{"iob":-0.045,"basaliob":-0.045,"bolussnooze":0,"activity":-7.0E-4,"lastBolusTime":0,"time":"2024-01-06T06:16:40.052Z","iobWithZeroTemp":{"iob":-0.437,"basaliob":-0.437,"bolussnooze":0,"activity":-0.0042,"lastBolusTime":0,"time":"2024-01-06T06:16:40.052Z"}},{"iob":-0.041,"basaliob":-0.041,"bolussnooze":0,"activity":-6.0E-4,"lastBolusTime":0,"time":"2024-01-06T06:21:40.052Z","iobWithZeroTemp":{"iob":-0.447,"basaliob":-0.447,"bolussnooze":0,"activity":-0.0043,"lastBolusTime":0,"time":"2024-01-06T06:21:40.052Z"}},{"iob":-0.038,"basaliob":-0.038,"bolussnooze":0,"activity":-6.0E-4,"lastBolusTime":0,"time":"2024-01-06T06:26:40.052Z","iobWithZeroTemp":{"iob":-0.458,"basaliob":-0.458,"bolussnooze":0,"activity":-0.0045,"lastBolusTime":0,"time":"2024-01-06T06:26:40.052Z"}},{"iob":-0.035,"basaliob":-0.035,"bolussnooze":0,"activity":-6.0E-4,"lastBolusTime":0,"time":"2024-01-06T06:31:40.052Z","iobWithZeroTemp":{"iob":-0.468,"basaliob":-0.468,"bolussnooze":0,"activity":-0.0047,"lastBolusTime":0,"time":"2024-01-06T06:31:40.052Z"}},{"iob":-0.033,"basaliob":-0.033,"bolussnooze":0,"activity":-5.0E-4,"lastBolusTime":0,"time":"2024-01-06T06:36:40.052Z","iobWithZeroTemp":{"iob":-0.477,"basaliob":-0.477,"bolussnooze":0,"activity":-0.0048,"lastBolusTime":0,"time":"2024-01-06T06:36:40.052Z"}},{"iob":-0.03,"basaliob":-0.03,"bolussnooze":0,"activity":-5.0E-4,"lastBolusTime":0,"time":"2024-01-06T06:41:40.052Z","iobWithZeroTemp":{"iob":-0.485,"basaliob":-0.485,"bolussnooze":0,"activity":-0.0049,"lastBolusTime":0,"time":"2024-01-06T06:41:40.052Z"}},{"iob":-0.028,"basaliob":-0.028,"bolussnooze":0,"activity":-5.0E-4,"lastBolusTime":0,"time":"2024-01-06T06:46:40.052Z","iobWithZeroTemp":{"iob":-0.493,"basaliob":-0.493,"bolussnooze":0,"activity":-0.0051,"lastBolusTime":0,"time":"2024-01-06T06:46:40.052Z"}},{"iob":-0.025,"basaliob":-0.025,"bolussnooze":0,"activity":-4.0E-4,"lastBolusTime":0,"time":"2024-01-06T06:51:40.052Z","iobWithZeroTemp":{"iob":-0.499,"basaliob":-0.499,"bolussnooze":0,"activity":-0.0052,"lastBolusTime":0,"time":"2024-01-06T06:51:40.052Z"}},{"iob":-0.023,"basaliob":-0.023,"bolussnooze":0,"activity":-4.0E-4,"lastBolusTime":0,"time":"2024-01-06T06:56:40.052Z","iobWithZeroTemp":{"iob":-0.506,"basaliob":-0.506,"bolussnooze":0,"activity":-0.0053,"lastBolusTime":0,"time":"2024-01-06T06:56:40.052Z"}},{"iob":-0.021,"basaliob":-0.021,"bolussnooze":0,"activity":-4.0E-4,"lastBolusTime":0,"time":"2024-01-06T07:01:40.052Z","iobWithZeroTemp":{"iob":-0.512,"basaliob":-0.512,"bolussnooze":0,"activity":-0.0054,"lastBolusTime":0,"time":"2024-01-06T07:01:40.052Z"}},{"iob":-0.02,"basaliob":-0.02,"bolussnooze":0,"activity":-3.0E-4,"lastBolusTime":0,"time":"2024-01-06T07:06:40.052Z","iobWithZeroTemp":{"iob":-0.516,"basaliob":-0.516,"bolussnooze":0,"activity":-0.0055,"lastBolusTime":0,"time":"2024-01-06T07:06:40.052Z"}},{"iob":-0.018,"basaliob":-0.018,"bolussnooze":0,"activity":-3.0E-4,"lastBolusTime":0,"time":"2024-01-06T07:11:40.052Z","iobWithZeroTemp":{"iob":-0.518,"basaliob":-0.518,"bolussnooze":0,"activity":-0.0056,"lastBolusTime":0,"time":"2024-01-06T07:11:40.052Z"}},{"iob":-0.016,"basaliob":-0.016,"bolussnooze":0,"activity":-3.0E-4,"lastBolusTime":0,"time":"2024-01-06T07:16:40.052Z","iobWithZeroTemp":{"iob":-0.52,"basaliob":-0.52,"bolussnooze":0,"activity":-0.0057,"lastBolusTime":0,"time":"2024-01-06T07:16:40.052Z"}},{"iob":-0.015,"basaliob":-0.015,"bolussnooze":0,"activity":-3.0E-4,"lastBolusTime":0,"time":"2024-01-06T07:21:40.052Z","iobWithZeroTemp":{"iob":-0.522,"basaliob":-0.522,"bolussnooze":0,"activity":-0.0057,"lastBolusTime":0,"time":"2024-01-06T07:21:40.052Z"}},{"iob":-0.014,"basaliob":-0.014,"bolussnooze":0,"activity":-3.0E-4,"lastBolusTime":0,"time":"2024-01-06T07:26:40.052Z","iobWithZeroTemp":{"iob":-0.524,"basaliob":-0.524,"bolussnooze":0,"activity":-0.0058,"lastBolusTime":0,"time":"2024-01-06T07:26:40.052Z"}},{"iob":-0.012,"basaliob":-0.012,"bolussnooze":0,"activity":-2.0E-4,"lastBolusTime":0,"time":"2024-01-06T07:31:40.052Z","iobWithZeroTemp":{"iob":-0.525,"basaliob":-0.525,"bolussnooze":0,"activity":-0.0058,"lastBolusTime":0,"time":"2024-01-06T07:31:40.052Z"}},{"iob":-0.011,"basaliob":-0.011,"bolussnooze":0,"activity":-2.0E-4,"lastBolusTime":0,"time":"2024-01-06T07:36:40.052Z","iobWithZeroTemp":{"iob":-0.526,"basaliob":-0.526,"bolussnooze":0,"activity":-0.0058,"lastBolusTime":0,"time":"2024-01-06T07:36:40.052Z"}},{"iob":-0.01,"basaliob":-0.01,"bolussnooze":0,"activity":-2.0E-4,"lastBolusTime":0,"time":"2024-01-06T07:41:40.052Z","iobWithZeroTemp":{"iob":-0.527,"basaliob":-0.527,"bolussnooze":0,"activity":-0.0059,"lastBolusTime":0,"time":"2024-01-06T07:41:40.052Z"}},{"iob":-0.009,"basaliob":-0.009,"bolussnooze":0,"activity":-2.0E-4,"lastBolusTime":0,"time":"2024-01-06T07:46:40.052Z","iobWithZeroTemp":{"iob":-0.528,"basaliob":-0.528,"bolussnooze":0,"activity":-0.0059,"lastBolusTime":0,"time":"2024-01-06T07:46:40.052Z"}},{"iob":-0.008,"basaliob":-0.008,"bolussnooze":0,"activity":-2.0E-4,"lastBolusTime":0,"time":"2024-01-06T07:51:40.052Z","iobWithZeroTemp":{"iob":-0.529,"basaliob":-0.529,"bolussnooze":0,"activity":-0.006,"lastBolusTime":0,"time":"2024-01-06T07:51:40.052Z"}},{"iob":-0.008,"basaliob":-0.008,"bolussnooze":0,"activity":-1.0E-4,"lastBolusTime":0,"time":"2024-01-06T07:56:40.052Z","iobWithZeroTemp":{"iob":-0.53,"basaliob":-0.53,"bolussnooze":0,"activity":-0.0059,"lastBolusTime":0,"time":"2024-01-06T07:56:40.052Z"}},{"iob":-0.007,"basaliob":-0.007,"bolussnooze":0,"activity":-1.0E-4,"lastBolusTime":0,"time":"2024-01-06T08:01:40.052Z","iobWithZeroTemp":{"iob":-0.53,"basaliob":-0.53,"bolussnooze":0,"activity":-0.006,"lastBolusTime":0,"time":"2024-01-06T08:01:40.052Z"}},{"iob":-0.006,"basaliob":-0.006,"bolussnooze":0,"activity":-1.0E-4,"lastBolusTime":0,"time":"2024-01-06T08:06:40.052Z","iobWithZeroTemp":{"iob":-0.528,"basaliob":-0.528,"bolussnooze":0,"activity":-0.006,"lastBolusTime":0,"time":"2024-01-06T08:06:40.052Z"}},{"iob":-0.006,"basaliob":-0.006,"bolussnooze":0,"activity":-1.0E-4,"lastBolusTime":0,"time":"2024-01-06T08:11:40.052Z","iobWithZeroTemp":{"iob":-0.527,"basaliob":-0.527,"bolussnooze":0,"activity":-0.006,"lastBolusTime":0,"time":"2024-01-06T08:11:40.052Z"}},{"iob":-0.005,"basaliob":-0.005,"bolussnooze":0,"activity":-1.0E-4,"lastBolusTime":0,"time":"2024-01-06T08:16:40.052Z","iobWithZeroTemp":{"iob":-0.525,"basaliob":-0.525,"bolussnooze":0,"activity":-0.006,"lastBolusTime":0,"time":"2024-01-06T08:16:40.052Z"}},{"iob":-0.005,"basaliob":-0.005,"bolussnooze":0,"activity":-1.0E-4,"lastBolusTime":0,"time":"2024-01-06T08:21:40.052Z","iobWithZeroTemp":{"iob":-0.524,"basaliob":-0.524,"bolussnooze":0,"activity":-0.006,"lastBolusTime":0,"time":"2024-01-06T08:21:40.052Z"}},{"iob":-0.004,"basaliob":-0.004,"bolussnooze":0,"activity":-1.0E-4,"lastBolusTime":0,"time":"2024-01-06T08:26:40.052Z","iobWithZeroTemp":{"iob":-0.522,"basaliob":-0.522,"bolussnooze":0,"activity":-0.006,"lastBolusTime":0,"time":"2024-01-06T08:26:40.052Z"}},{"iob":-0.004,"basaliob":-0.004,"bolussnooze":0,"activity":-1.0E-4,"lastBolusTime":0,"time":"2024-01-06T08:31:40.052Z","iobWithZeroTemp":{"iob":-0.52,"basaliob":-0.52,"bolussnooze":0,"activity":-0.006,"lastBolusTime":0,"time":"2024-01-06T08:31:40.052Z"}},{"iob":-0.003,"basaliob":-0.003,"bolussnooze":0,"activity":-1.0E-4,"lastBolusTime":0,"time":"2024-01-06T08:36:40.052Z","iobWithZeroTemp":{"iob":-0.518,"basaliob":-0.518,"bolussnooze":0,"activity":-0.006,"lastBolusTime":0,"time":"2024-01-06T08:36:40.052Z"}},{"iob":-0.003,"basaliob":-0.003,"bolussnooze":0,"activity":-1.0E-4,"lastBolusTime":0,"time":"2024-01-06T08:41:40.052Z","iobWithZeroTemp":{"iob":-0.517,"basaliob":-0.517,"bolussnooze":0,"activity":-0.006,"lastBolusTime":0,"time":"2024-01-06T08:41:40.052Z"}},{"iob":-0.003,"basaliob":-0.003,"bolussnooze":0,"activity":-1.0E-4,"lastBolusTime":0,"time":"2024-01-06T08:46:40.052Z","iobWithZeroTemp":{"iob":-0.516,"basaliob":-0.516,"bolussnooze":0,"activity":-0.006,"lastBolusTime":0,"time":"2024-01-06T08:46:40.052Z"}},{"iob":-0.002,"basaliob":-0.002,"bolussnooze":0,"activity":-1.0E-4,"lastBolusTime":0,"time":"2024-01-06T08:51:40.052Z","iobWithZeroTemp":{"iob":-0.513,"basaliob":-0.513,"bolussnooze":0,"activity":-0.006,"lastBolusTime":0,"time":"2024-01-06T08:51:40.052Z"}}],"profile":{"max_iob":1,"type":"current","max_daily_basal":0.391,"max_basal":1.15,"min_bg":144,"max_bg":144,"target_bg":144,"carb_ratio":14.618357917185001,"sens":153.96499999999997,"max_daily_safety_multiplier":3,"current_basal_safety_multiplier":4,"lgsThreshold":69,"high_temptarget_raises_sensitivity":false,"low_temptarget_lowers_sensitivity":false,"sensitivity_raises_target":false,"resistance_lowers_target":false,"adv_target_adjustments":false,"exercise_mode":false,"half_basal_exercise_target":160,"maxCOB":120,"skip_neutral_temps":false,"remainingCarbsCap":90,"enableUAM":true,"A52_risk_enable":false,"SMBInterval":3,"enableSMB_with_COB":false,"enableSMB_with_temptarget":false,"allowSMB_with_high_temptarget":false,"enableSMB_always":false,"enableSMB_after_carbs":false,"maxSMBBasalMinutes":30,"maxUAMSMBBasalMinutes":30,"bolus_increment":0.05,"carbsReqThreshold":1,"current_basal":0.388,"temptargetSet":true,"autosens_max":1.2,"autosens_min":0.7,"variable_sens":220.8,"insulinDivisor":75,"TDD":9.196737628571425},"autosens_data":{"ratio":1},"meal_data":{"carbs":0,"mealCOB":0,"slopeFromMaxDeviation":-0.23099999999999987,"slopeFromMinDeviation":3.6864444444444437,"lastBolusTime":1704452802638,"lastCarbTime":0},"microBolusAllowed":false,"currentTime":1704517002476,"flatBGsDetected":false,"tdd1D":9.141249999999994,"tdd7D":15.753158928571422,"tddLast24H":9.421749999999996,"tddLast4H":1.5666666666666662,"tddLast8to4H":1.6024166666666662},"output":{"temp":"absolute","bg":107,"tick":"+13","eventualBG":207,"targetBG":144,"insulinReq":0.2,"deliverAt":"2024-01-06T04:56:42.476Z","sensitivityRatio":1,"variable_sens":220.8,"predBGs":{"IOB":[107,119,130,140,149,157,165,171,176,179,182,184,185,185,186,187,187,188,188,189,189,190,190,190,191,191,191,192,192,192,192,192,193,193,193,193,193,193,193,193,194],"ZT":[107,107,108,109,110,111,113,115,117,119,122,125,128,131,135,138,142],"UAM":[107,119,130,139,148,155,161,166,169,172,173,174,174,175,176,176,177,178,178,178,179,179,180,180,180,181,181,181,182,182,182,182,182,183,183,183,183,183,183,183,183,184]},"reason":"COB: 0, Dev: 76, BGI: 0, ISF: 221, CR: 14.62, Target: 144, minPredBG 188, minGuardBG 119, IOBpredBG 194, UAMpredBG 184; Eventual BG 207 >= 144, temp 0.65 < 0.79U\/hr. ","COB":0,"IOB":-0.107,"duration":30,"rate":0.788,"timestamp":"2024-01-06T04:56:42.509Z"}}