{"algorithm":"OpenAPSSMBDynamicISFPlugin","input":{"glucoseStatus":{"glucose":51,"noise":0,"delta":-13,"short_avgdelta":-13.89,"long_avgdelta":-16.27,"date":1704515100000},"currenttemp":{"temp":"absolute","duration":100,"rate":0,"minutesrunning":20},"iob_data":[{"iob":0.019,"basaliob":0.019,"bolussnooze":0,"activity":0.0017,"lastBolusTime":0,"time":"2024-01-06T04:26:39.236Z","iobWithZeroTemp":{"iob":0.019,"basaliob":0.019,"bolussnooze":0,"activity":0.0017,"lastBolusTime":0,"time":"2024-01-06T04:26:39.236Z"}},{"iob":0.012,"basaliob":0.012,"bolussnooze":0,"activity":0.0014,"lastBolusTime":0,"time":"2024-01-06T04:31:39.236Z","iobWithZeroTemp":{"iob":-0.014,"basaliob":-0.014,"bolussnooze":0,"activity":0.0014,"lastBolusTime":0,"time":"2024-01-06T04:31:39.236Z"}},{"iob":0.005,"basaliob":0.005,"bolussnooze":0,"activity":0.0011,"lastBolusTime":0,"time":"2024-01-06T04:36:39.236Z","iobWithZeroTemp":{"iob":-0.053,"basaliob":-0.053,"bolussnooze":0,"activity":0.001,"lastBolusTime":0,"time":"2024-01-06T04:36:39.236Z"}},{"iob":0,"basaliob":0,"bolussnooze":0,"activity":9.0E-4,"lastBolusTime":0,"time":"2024-01-06T04:41:39.236Z","iobWithZeroTemp":{"iob":-0.089,"basaliob":-0.089,"bolussnooze":0,"activity":6.0E-4,"lastBolusTime":0,"time":"2024-01-06T04:41:39.236Z"}},{"iob":-0.004,"basaliob":-0.004,"bolussnooze":0,"activity":7.0E-4,"lastBolusTime":0,"time":"2024-01-06T04:46:39.236Z","iobWithZeroTemp":{"iob":-0.124,"basaliob":-0.124,"bolussnooze":0,"activity":3.0E-4,"lastBolusTime":0,"time":"2024-01-06T04:46:39.236Z"}},{"iob":-0.007,"basaliob":-0.007,"bolussnooze":0,"activity":6.0E-4,"lastBolusTime":0,"time":"2024-01-06T04:51:39.236Z","iobWithZeroTemp":{"iob":-0.156,"basaliob":-0.156,"bolussnooze":0,"activity":-1.0E-4,"lastBolusTime":0,"time":"2024-01-06T04:51:39.236Z"}},{"iob":-0.01,"basaliob":-0.01,"bolussnooze":0,"activity":4.0E-4,"lastBolusTime":0,"time":"2024-01-06T04:56:39.236Z","iobWithZeroTemp":{"iob":-0.188,"basaliob":-0.188,"bolussnooze":0,"activity":-5.0E-4,"lastBolusTime":0,"time":"2024-01-06T04:56:39.236Z"}},{"iob":-0.012,"basaliob":-0.012,"bolussnooze":0,"activity":3.0E-4,"lastBolusTime":0,"time":"2024-01-06T05:01:39.236Z","iobWithZeroTemp":{"iob":-0.217,"basaliob":-0.217,"bolussnooze":0,"activity":-9.0E-4,"lastBolusTime":0,"time":"2024-01-06T05:01:39.236Z"}},{"iob":-0.013,"basaliob":-0.013,"bolussnooze":0,"activity":2.0E-4,"lastBolusTime":0,"time":"2024-01-06T05:06:39.236Z","iobWithZeroTemp":{"iob":-0.244,"basaliob":-0.244,"bolussnooze":0,"activity":-0.0012,"lastBolusTime":0,"time":"2024-01-06T05:06:39.236Z"}},{"iob":-0.014,"basaliob":-0.014,"bolussnooze":0,"activity":2.0E-4,"lastBolusTime":0,"time":"2024-01-06T05:11:39.236Z","iobWithZeroTemp":{"iob":-0.27,"basaliob":-0.27,"bolussnooze":0,"activity":-0.0015,"lastBolusTime":0,"time":"2024-01-06T05:11:39.236Z"}},{"iob":-0.015,"basaliob":-0.015,"bolussnooze":0,"activity":1.0E-4,"lastBolusTime":0,"time":"2024-01-06T05:16:39.236Z","iobWithZeroTemp":{"iob":-0.294,"basaliob":-0.294,"bolussnooze":0,"activity":-0.0019,"lastBolusTime":0,"time":"2024-01-06T05:16:39.236Z"}},{"iob":-0.015,"basaliob":-0.015,"bolussnooze":0,"activity":0,"lastBolusTime":0,"time":"2024-01-06T05:21:39.236Z","iobWithZeroTemp":{"iob":-0.316,"basaliob":-0.316,"bolussnooze":0,"activity":-0.0022,"lastBolusTime":0,"time":"2024-01-06T05:21:39.236Z"}},{"iob":-0.015,"basaliob":-0.015,"bolussnooze":0,"activity":0,"lastBolusTime":0,"time":"2024-01-06T05:26:39.236Z","iobWithZeroTemp":{"iob":-0.336,"basaliob":-0.336,"bolussnooze":0,"activity":-0.0025,"lastBolusTime":0,"time":"2024-01-06T05:26:39.236Z"}},{"iob":-0.015,"basaliob":-0.015,"bolussnooze":0,"activity":0,"lastBolusTime":0,"time":"2024-01-06T05:31:39.236Z","iobWithZeroTemp":{"iob":-0.355,"basaliob":-0.355,"bolussnooze":0,"activity":-0.0027,"lastBolusTime":0,"time":"2024-01-06T05:31:39.236Z"}},{"iob":-0.015,"basaliob":-0.015,"bolussnooze":0,"activity":-1.0E-4,"lastBolusTime":0,"time":"2024-01-06T05:36:39.236Z","iobWithZeroTemp":{"iob":-0.373,"basaliob":-0.373,"bolussnooze":0,"activity":-0.0031,"lastBolusTime":0,"time":"2024-01-06T05:36:39.236Z"}},{"iob":-0.015,"basaliob":-0.015,"bolussnooze":0,"activity":-1.0E-4,"lastBolusTime":0,"time":"2024-01-06T05:41:39.236Z","iobWithZeroTemp":{"iob":-0.39,"basaliob":-0.39,"bolussnooze":0,"activity":-0.0033,"lastBolusTime":0,"time":"2024-01-06T05:41:39.236Z"}},{"iob":-0.014,"basaliob":-0.014,"bolussnooze":0,"activity":-1.0E-4,"lastBolusTime":0,"time":"2024-01-06T05:46:39.236Z","iobWithZeroTemp":{"iob":-0.405,"basaliob":-0.405,"bolussnooze":0,"activity":-0.0036,"lastBolusTime":0,"time":"2024-01-06T05:46:39.236Z"}},{"iob":-0.014,"basaliob":-0.014,"bolussnooze":0,"activity":-1.0E-4,"lastBolusTime":0,"time":"2024-01-06T05:51:39.236Z","iobWithZeroTemp":{"iob":-0.419,"basaliob":-0.419,"bolussnooze":0,"activity":-0.0038,"lastBolusTime":0,"time":"2024-01-06T05:51:39.236Z"}},{"iob":-0.013,"basaliob":-0.013,"bolussnooze":0,"activity":-1.0E-4,"lastBolusTime":0,"time":"2024-01-06T05:56:39.236Z","iobWithZeroTemp":{"iob":-0.432,"basaliob":-0.432,"bolussnooze":0,"activity":-0.004,"lastBolusTime":0,"time":"2024-01-06T05:56:39.236Z"}},{"iob":-0.013,"basaliob":-0.013,"bolussnooze":0,"activity":-1.0E-4,"lastBolusTime":0,"time":"2024-01-06T06:01:39.236Z","iobWithZeroTemp":{"iob":-0.444,"basaliob":-0.444,"bolussnooze":0,"activity":-0.0042,"lastBolusTime":0,"time":"2024-01-06T06:01:39.236Z"}},{"iob":-0.012,"basaliob":-0.012,"bolussnooze":0,"activity":-1.0E-4,"lastBolusTime":0,"time":"2024-01-06T06:06:39.236Z","iobWithZeroTemp":{"iob":-0.455,"basaliob":-0.455,"bolussnooze":0,"activity":-0.0044,"lastBolusTime":0,"time":"2024-01-06T06:06:39.236Z"}},{"iob":-0.011,"basaliob":-0.011,"bolussnooze":0,"activity":-1.0E-4,"lastBolusTime":0,"time":"2024-01-06T06:11:39.236Z","iobWithZeroTemp":{"iob":-0.465,"basaliob":-0.465,"bolussnooze":0,"activity":-0.0045,"lastBolusTime":0,"time":"2024-01-06T06:11:39.236Z"}},{"iob":-0.011,"basaliob":-0.011,"bolussnooze":0,"activity":-1.0E-4,"lastBolusTime":0,"time":"2024-01-06T06:16:39.236Z","iobWithZeroTemp":{"iob":-0.475,"basaliob":-0.475,"bolussnooze":0,"activity":-0.0047,"lastBolusTime":0,"time":"2024-01-06T06:16:39.236Z"}},{"iob":-0.01,"basaliob":-0.01,"bolussnooze":0,"activity":-1.0E-4,"lastBolusTime":0,"time":"2024-01-06T06:21:39.236Z","iobWithZeroTemp":{"iob":-0.483,"basaliob":-0.483,"bolussnooze":0,"activity":-0.0048,"lastBolusTime":0,"time":"2024-01-06T06:21:39.236Z"}},{"iob":-0.009,"basaliob":-0.009,"bolussnooze":0,"activity":-1.0E-4,"lastBolusTime":0,"time":"2024-01-06T06:26:39.236Z","iobWithZeroTemp":{"iob":-0.491,"basaliob":-0.491,"bolussnooze":0,"activity":-0.005,"lastBolusTime":0,"time":"2024-01-06T06:26:39.236Z"}},{"iob":-0.009,"basaliob":-0.009,"bolussnooze":0,"activity":-1.0E-4,"lastBolusTime":0,"time":"2024-01-06T06:31:39.236Z","iobWithZeroTemp":{"iob":-0.498,"basaliob":-0.498,"bolussnooze":0,"activity":-0.0051,"lastBolusTime":0,"time":"2024-01-06T06:31:39.236Z"}},{"iob":-0.008,"basaliob":-0.008,"bolussnooze":0,"activity":-1.0E-4,"lastBolusTime":0,"time":"2024-01-06T06:36:39.236Z","iobWithZeroTemp":{"iob":-0.505,"basaliob":-0.505,"bolussnooze":0,"activity":-0.0052,"lastBolusTime":0,"time":"2024-01-06T06:36:39.236Z"}},{"iob":-0.008,"basaliob":-0.008,"bolussnooze":0,"activity":-1.0E-4,"lastBolusTime":0,"time":"2024-01-06T06:41:39.236Z","iobWithZeroTemp":{"iob":-0.511,"basaliob":-0.511,"bolussnooze":0,"activity":-0.0054,"lastBolusTime":0,"time":"2024-01-06T06:41:39.236Z"}},{"iob":-0.007,"basaliob":-0.007,"bolussnooze":0,"activity":-1.0E-4,"lastBolusTime":0,"time":"2024-01-06T06:46:39.236Z","iobWithZeroTemp":{"iob":-0.516,"basaliob":-0.516,"bolussnooze":0,"activity":-0.0055,"lastBolusTime":0,"time":"2024-01-06T06:46:39.236Z"}},{"iob":-0.007,"basaliob":-0.007,"bolussnooze":0,"activity":-1.0E-4,"lastBolusTime":0,"time":"2024-01-06T06:51:39.236Z","iobWithZeroTemp":{"iob":-0.522,"basaliob":-0.522,"bolussnooze":0,"activity":-0.0056,"lastBolusTime":0,"time":"2024-01-06T06:51:39.236Z"}},{"iob":-0.006,"basaliob":-0.006,"bolussnooze":0,"activity":-1.0E-4,"lastBolusTime":0,"time":"2024-01-06T06:56:39.236Z","iobWithZeroTemp":{"iob":-0.526,"basaliob":-0.526,"bolussnooze":0,"activity":-0.0057,"lastBolusTime":0,"time":"2024-01-06T06:56:39.236Z"}},{"iob":-0.006,"basaliob":-0.006,"bolussnooze":0,"activity":-1.0E-4,"lastBolusTime":0,"time":"2024-01-06T07:01:39.236Z","iobWithZeroTemp":{"iob":-0.53,"basaliob":-0.53,"bolussnooze":0,"activity":-0.0057,"lastBolusTime":0,"time":"2024-01-06T07:01:39.236Z"}},{"iob":-0.005,"basaliob":-0.005,"bolussnooze":0,"activity":-1.0E-4,"lastBolusTime":0,"time":"2024-01-06T07:06:39.236Z","iobWithZeroTemp":{"iob":-0.532,"basaliob":-0.532,"bolussnooze":0,"activity":-0.0058,"lastBolusTime":0,"time":"2024-01-06T07:06:39.236Z"}},{"iob":-0.005,"basaliob":-0.005,"bolussnooze":0,"activity":-1.0E-4,"lastBolusTime":0,"time":"2024-01-06T07:11:39.236Z","iobWithZeroTemp":{"iob":-0.533,"basaliob":-0.533,"bolussnooze":0,"activity":-0.0059,"lastBolusTime":0,"time":"2024-01-06T07:11:39.236Z"}},{"iob":-0.005,"basaliob":-0.005,"bolussnooze":0,"activity":-1.0E-4,"lastBolusTime":0,"time":"2024-01-06T07:16:39.236Z","iobWithZeroTemp":{"iob":-0.535,"basaliob":-0.535,"bolussnooze":0,"activity":-0.0059,"lastBolusTime":0,"time":"2024-01-06T07:16:39.236Z"}},{"iob":-0.004,"basaliob":-0.004,"bolussnooze":0,"activity":-1.0E-4,"lastBolusTime":0,"time":"2024-01-06T07:21:39.236Z","iobWithZeroTemp":{"iob":-0.535,"basaliob":-0.535,"bolussnooze":0,"activity":-0.006,"lastBolusTime":0,"time":"2024-01-06T07:21:39.236Z"}},{"iob":-0.004,"basaliob":-0.004,"bolussnooze":0,"activity":-1.0E-4,"lastBolusTime":0,"time":"2024-01-06T07:26:39.236Z","iobWithZeroTemp":{"iob":-0.536,"basaliob":-0.536,"bolussnooze":0,"activity":-0.006,"lastBolusTime":0,"time":"2024-01-06T07:26:39.236Z"}},{"iob":-0.004,"basaliob":-0.004,"bolussnooze":0,"activity":-1.0E-4,"lastBolusTime":0,"time":"2024-01-06T07:31:39.236Z","iobWithZeroTemp":{"iob":-0.536,"basaliob":-0.536,"bolussnooze":0,"activity":-0.0061,"lastBolusTime":0,"time":"2024-01-06T07:31:39.236Z"}},{"iob":-0.003,"basaliob":-0.003,"bolussnooze":0,"activity":-1.0E-4,"lastBolusTime":0,"time":"2024-01-06T07:36:39.236Z","iobWithZeroTemp":{"iob":-0.536,"basaliob":-0.536,"bolussnooze":0,"activity":-0.0061,"lastBolusTime":0,"time":"2024-01-06T07:36:39.236Z"}},{"iob":-0.003,"basaliob":-0.003,"bolussnooze":0,"activity":-1.0E-4,"lastBolusTime":0,"time":"2024-01-06T07:41:39.236Z","iobWithZeroTemp":{"iob":-0.536,"basaliob":-0.536,"bolussnooze":0,"activity":-0.0061,"lastBolusTime":0,"time":"2024-01-06T07:41:39.236Z"}},{"iob":-0.003,"basaliob":-0.003,"bolussnooze":0,"activity":0,"lastBolusTime":0,"time":"2024-01-06T07:46:39.236Z","iobWithZeroTemp":{"iob":-0.537,"basaliob":-0.537,"bolussnooze":0,"activity":-0.006,"lastBolusTime":0,"time":"2024-01-06T07:46:39.236Z"}},{"iob":-0.003,"basaliob":-0.003,"bolussnooze":0,"activity":0,"lastBolusTime":0,"time":"2024-01-06T07:51:39.236Z","iobWithZeroTemp":{"iob":-0.537,"basaliob":-0.537,"bolussnooze":0,"activity":-0.0061,"lastBolusTime":0,"time":"2024-01-06T07:51:39.236Z"}},{"iob":-0.002,"basaliob":-0.002,"bolussnooze":0,"activity":0,"lastBolusTime":0,"time":"2024-01-06T07:56:39.236Z","iobWithZeroTemp":{"iob":-0.536,"basaliob":-0.536,"bolussnooze":0,"activity":-0.0061,"lastBolusTime":0,"time":"2024-01-06T07:56:39.236Z"}},{"iob":-0.002,"basaliob":-0.002,"bolussnooze":0,"activity":0,"lastBolusTime":0,"time":"2024-01-06T08:01:39.236Z","iobWithZeroTemp":{"iob":-0.536,"basaliob":-0.536,"bolussnooze":0,"activity":-0.0061,"lastBolusTime":0,"time":"2024-01-06T08:01:39.236Z"}},{"iob":-0.002,"basaliob":-0.002,"bolussnooze":0,"activity":0,"lastBolusTime":0,"time":"2024-01-06T08:06:39.236Z","iobWithZeroTemp":{"iob":-0.534,"basaliob":-0.534,"bolussnooze":0,"activity":-0.0061,"lastBolusTime":0,"time":"2024-01-06T08:06:39.236Z"}},{"iob":-0.002,"basaliob":-0.002,"bolussnooze":0,"activity":0,"lastBolusTime":0,"time":"2024-01-06T08:11:39.236Z","iobWithZeroTemp":{"iob":-0.532,"basaliob":-0.532,"bolussnooze":0,"activity":-0.0061,"lastBolusTime":0,"time":"2024-01-06T08:11:39.236Z"}},{"iob":-0.002,"basaliob":-0.002,"bolussnooze":0,"activity":0,"lastBolusTime":0,"time":"2024-01-06T08:16:39.236Z","iobWithZeroTemp":{"iob":-0.53,"basaliob":-0.53,"bolussnooze":0,"activity":-0.0061,"lastBolusTime":0,"time":"2024-01-06T08:16:39.236Z"}},{"iob":-0.001,"basaliob":-0.001,"bolussnooze":0,"activity":0,"lastBolusTime":0,"time":"2024-01-06T08:21:39.236Z","iobWithZeroTemp":{"iob":-0.527,"basaliob":-0.527,"bolussnooze":0,"activity":-0.0061,"lastBolusTime":0,"time":"2024-01-06T08:21:39.236Z"}}],"profile":{"max_iob":1,"type":"current","max_daily_basal":0.391,"max_basal":1.15,"min_bg":144,"max_bg":144,"target_bg":144,"carb_ratio":14.618357917185001,"sens":153.96499999999997,"max_daily_safety_multiplier":3,"current_basal_safety_multiplier":4,"lgsThreshold":69,"high_temptarget_raises_sensitivity":false,"low_temptarget_lowers_sensitivity":false,"sensitivity_raises_target":false,"resistance_lowers_target":false,"adv_target_adjustments":false,"exercise_mode":false,"half_basal_exercise_target":160,"maxCOB":120,"skip_neutral_temps":false,"remainingCarbsCap":90,"enableUAM":true,"A52_risk_enable":false,"SMBInterval":3,"enableSMB_with_COB":false,"enableSMB_with_temptarget":false,"allowSMB_with_high_temptarget":false,"enableSMB_always":false,"enableSMB_after_carbs":false,"maxSMBBasalMinutes":30,"maxUAMSMBBasalMinutes":30,"bolus_increment":0.05,"carbsReqThreshold":1,"current_basal":0.388,"temptargetSet":true,"autosens_max":1.2,"autosens_min":0.7,"variable_sens":377.5,"insulinDivisor":75,"TDD":9.189992428571424},"autosens_data":{"ratio":1},"meal_data":{"carbs":0,"mealCOB":0,"slopeFromMaxDeviation":-1.8025,"slopeFromMinDeviation":1.8203333333333331,"lastBolusTime":1704452802638,"lastCarbTime":0},"microBolusAllowed":false,"currentTime":1704515201647,"flatBGsDetected":false,"tdd1D":9.141249999999994,"tdd7D":15.753158928571422,"tddLast24H":9.583416666666665,"tddLast4H":1.559833333333333,"tddLast8to4H":1.604166666666666},"output":{"temp":"absolute","bg":51,"tick":-13,"eventualBG":-34,"targetBG":144,"insulinReq":0,"deliverAt":"2024-01-06T04:26:41.647Z","sensitivityRatio":1,"variable_sens":377.5,"predBGs":{"IOB":[51,39,39,39,39,39,39,39,39,39,39,39,39],"ZT":[51,48,45,43,42,41,41,42,44,47,50,53,57,62,66,71,76,81,86,91,96,101,107,112,117,122,127,133,138,143]},"reason":"COB: 0, Dev: -78, BGI: -3, ISF: 378, CR: 14.62, Target: 144, minPredBG 40, minGuardBG -25, IOBpredBG 39; 2 add'l carbs req w\/in 0m; minGuardBG -25<92 100m left and 0 ~ req 0U\/hr: no temp required","COB":0,"IOB":0.019,"carbsReq":2,"carbsReqWithin":0,"timestamp":"2024-01-06T04:26:41.677Z"}}