{"algorithm":"OpenAPSSMBDynamicISFPlugin","input":{"glucoseStatus":{"glucose":71,"noise":0,"delta":7,"short_avgdelta":-0.44,"long_avgdelta":-11.77,"date":1704471900000},"currenttemp":{"temp":"absolute","duration":95,"rate":0,"minutesrunning":25},"iob_data":[{"iob":0.082,"basaliob":0.081,"bolussnooze":0,"activity":0.0021,"lastBolusTime":1704452802638,"time":"2024-01-05T16:26:28.651Z","iobWithZeroTemp":{"iob":0.082,"basaliob":0.081,"bolussnooze":0,"activity":0.0021,"lastBolusTime":1704452802638,"time":"2024-01-05T16:26:28.651Z"}},{"iob":0.072,"basaliob":0.071,"bolussnooze":0,"activity":0.0019,"lastBolusTime":1704452802638,"time":"2024-01-05T16:31:28.651Z","iobWithZeroTemp":{"iob":0.05,"basaliob":0.049,"bolussnooze":0,"activity":0.0019,"lastBolusTime":1704452802638,"time":"2024-01-05T16:31:28.651Z"}},{"iob":0.063,"basaliob":0.062,"bolussnooze":0,"activity":0.0017,"lastBolusTime":1704452802638,"time":"2024-01-05T16:36:28.651Z","iobWithZeroTemp":{"iob":0.013,"basaliob":0.012,"bolussnooze":0,"activity":0.0016,"lastBolusTime":1704452802638,"time":"2024-01-05T16:36:28.651Z"}},{"iob":0.055,"basaliob":0.054,"bolussnooze":0,"activity":0.0015,"lastBolusTime":1704452802638,"time":"2024-01-05T16:41:28.651Z","iobWithZeroTemp":{"iob":-0.022,"basaliob":-0.023,"bolussnooze":0,"activity":0.0013,"lastBolusTime":1704452802638,"time":"2024-01-05T16:41:28.651Z"}},{"iob":0.047,"basaliob":0.047,"bolussnooze":0,"activity":0.0013,"lastBolusTime":1704452802638,"time":"2024-01-05T16:46:28.651Z","iobWithZeroTemp":{"iob":-0.057,"basaliob":-0.057,"bolussnooze":0,"activity":9.0E-4,"lastBolusTime":1704452802638,"time":"2024-01-05T16:46:28.651Z"}},{"iob":0.041,"basaliob":0.041,"bolussnooze":0,"activity":0.0011,"lastBolusTime":1704452802638,"time":"2024-01-05T16:51:28.651Z","iobWithZeroTemp":{"iob":-0.088,"basaliob":-0.088,"bolussnooze":0,"activity":5.0E-4,"lastBolusTime":1704452802638,"time":"2024-01-05T16:51:28.651Z"}},{"iob":0.036,"basaliob":0.036,"bolussnooze":0,"activity":0.001,"lastBolusTime":1704452802638,"time":"2024-01-05T16:56:28.651Z","iobWithZeroTemp":{"iob":-0.118,"basaliob":-0.118,"bolussnooze":0,"activity":2.0E-4,"lastBolusTime":1704452802638,"time":"2024-01-05T16:56:28.651Z"}},{"iob":0.031,"basaliob":0.031,"bolussnooze":0,"activity":9.0E-4,"lastBolusTime":1704452802638,"time":"2024-01-05T17:01:28.651Z","iobWithZeroTemp":{"iob":-0.147,"basaliob":-0.147,"bolussnooze":0,"activity":-1.0E-4,"lastBolusTime":1704452802638,"time":"2024-01-05T17:01:28.651Z"}},{"iob":0.027,"basaliob":0.027,"bolussnooze":0,"activity":8.0E-4,"lastBolusTime":1704452802638,"time":"2024-01-05T17:06:28.651Z","iobWithZeroTemp":{"iob":-0.173,"basaliob":-0.173,"bolussnooze":0,"activity":-4.0E-4,"lastBolusTime":1704452802638,"time":"2024-01-05T17:06:28.651Z"}},{"iob":0.023,"basaliob":0.023,"bolussnooze":0,"activity":7.0E-4,"lastBolusTime":1704452802638,"time":"2024-01-05T17:11:28.651Z","iobWithZeroTemp":{"iob":-0.199,"basaliob":-0.199,"bolussnooze":0,"activity":-8.0E-4,"lastBolusTime":1704452802638,"time":"2024-01-05T17:11:28.651Z"}},{"iob":0.02,"basaliob":0.02,"bolussnooze":0,"activity":6.0E-4,"lastBolusTime":1704452802638,"time":"2024-01-05T17:16:28.651Z","iobWithZeroTemp":{"iob":-0.222,"basaliob":-0.222,"bolussnooze":0,"activity":-0.0011,"lastBolusTime":1704452802638,"time":"2024-01-05T17:16:28.651Z"}},{"iob":0.017,"basaliob":0.017,"bolussnooze":0,"activity":5.0E-4,"lastBolusTime":1704452802638,"time":"2024-01-05T17:21:28.651Z","iobWithZeroTemp":{"iob":-0.244,"basaliob":-0.244,"bolussnooze":0,"activity":-0.0014,"lastBolusTime":1704452802638,"time":"2024-01-05T17:21:28.651Z"}},{"iob":0.015,"basaliob":0.015,"bolussnooze":0,"activity":5.0E-4,"lastBolusTime":1704452802638,"time":"2024-01-05T17:26:28.651Z","iobWithZeroTemp":{"iob":-0.264,"basaliob":-0.264,"bolussnooze":0,"activity":-0.0017,"lastBolusTime":1704452802638,"time":"2024-01-05T17:26:28.651Z"}},{"iob":0.013,"basaliob":0.013,"bolussnooze":0,"activity":4.0E-4,"lastBolusTime":1704452802638,"time":"2024-01-05T17:31:28.651Z","iobWithZeroTemp":{"iob":-0.283,"basaliob":-0.283,"bolussnooze":0,"activity":-0.002,"lastBolusTime":1704452802638,"time":"2024-01-05T17:31:28.651Z"}},{"iob":0.011,"basaliob":0.011,"bolussnooze":0,"activity":3.0E-4,"lastBolusTime":1704452802638,"time":"2024-01-05T17:36:28.651Z","iobWithZeroTemp":{"iob":-0.301,"basaliob":-0.301,"bolussnooze":0,"activity":-0.0023,"lastBolusTime":1704452802638,"time":"2024-01-05T17:36:28.651Z"}},{"iob":0.009,"basaliob":0.009,"bolussnooze":0,"activity":3.0E-4,"lastBolusTime":1704452802638,"time":"2024-01-05T17:41:28.651Z","iobWithZeroTemp":{"iob":-0.318,"basaliob":-0.318,"bolussnooze":0,"activity":-0.0025,"lastBolusTime":1704452802638,"time":"2024-01-05T17:41:28.651Z"}},{"iob":0.008,"basaliob":0.008,"bolussnooze":0,"activity":3.0E-4,"lastBolusTime":1704452802638,"time":"2024-01-05T17:46:28.651Z","iobWithZeroTemp":{"iob":-0.332,"basaliob":-0.332,"bolussnooze":0,"activity":-0.0027,"lastBolusTime":1704452802638,"time":"2024-01-05T17:46:28.651Z"}},{"iob":0.007,"basaliob":0.007,"bolussnooze":0,"activity":2.0E-4,"lastBolusTime":1704452802638,"time":"2024-01-05T17:51:28.651Z","iobWithZeroTemp":{"iob":-0.346,"basaliob":-0.346,"bolussnooze":0,"activity":-0.003,"lastBolusTime":1704452802638,"time":"2024-01-05T17:51:28.651Z"}},{"iob":0.006,"basaliob":0.006,"bolussnooze":0,"activity":2.0E-4,"lastBolusTime":1704452802638,"time":"2024-01-05T17:56:28.651Z","iobWithZeroTemp":{"iob":-0.359,"basaliob":-0.359,"bolussnooze":0,"activity":-0.0032,"lastBolusTime":1704452802638,"time":"2024-01-05T17:56:28.651Z"}},{"iob":0.005,"basaliob":0.005,"bolussnooze":0,"activity":2.0E-4,"lastBolusTime":1704452802638,"time":"2024-01-05T18:01:28.651Z","iobWithZeroTemp":{"iob":-0.371,"basaliob":-0.371,"bolussnooze":0,"activity":-0.0033,"lastBolusTime":1704452802638,"time":"2024-01-05T18:01:28.651Z"}},{"iob":0.004,"basaliob":0.004,"bolussnooze":0,"activity":1.0E-4,"lastBolusTime":1704452802638,"time":"2024-01-05T18:06:28.651Z","iobWithZeroTemp":{"iob":-0.384,"basaliob":-0.384,"bolussnooze":0,"activity":-0.0036,"lastBolusTime":1704452802638,"time":"2024-01-05T18:06:28.651Z"}},{"iob":0.003,"basaliob":0.003,"bolussnooze":0,"activity":1.0E-4,"lastBolusTime":1704452802638,"time":"2024-01-05T18:11:28.651Z","iobWithZeroTemp":{"iob":-0.395,"basaliob":-0.395,"bolussnooze":0,"activity":-0.0038,"lastBolusTime":1704452802638,"time":"2024-01-05T18:11:28.651Z"}},{"iob":0.003,"basaliob":0.003,"bolussnooze":0,"activity":1.0E-4,"lastBolusTime":1704452802638,"time":"2024-01-05T18:16:28.651Z","iobWithZeroTemp":{"iob":-0.405,"basaliob":-0.405,"bolussnooze":0,"activity":-0.0039,"lastBolusTime":1704452802638,"time":"2024-01-05T18:16:28.651Z"}},{"iob":0.002,"basaliob":0.002,"bolussnooze":0,"activity":1.0E-4,"lastBolusTime":1704452802638,"time":"2024-01-05T18:21:28.651Z","iobWithZeroTemp":{"iob":-0.416,"basaliob":-0.416,"bolussnooze":0,"activity":-0.0041,"lastBolusTime":1704452802638,"time":"2024-01-05T18:21:28.651Z"}},{"iob":0.002,"basaliob":0.002,"bolussnooze":0,"activity":1.0E-4,"lastBolusTime":1704452802638,"time":"2024-01-05T18:26:28.651Z","iobWithZeroTemp":{"iob":-0.424,"basaliob":-0.424,"bolussnooze":0,"activity":-0.0042,"lastBolusTime":1704452802638,"time":"2024-01-05T18:26:28.651Z"}},{"iob":0.001,"basaliob":0.001,"bolussnooze":0,"activity":1.0E-4,"lastBolusTime":1704452802638,"time":"2024-01-05T18:31:28.651Z","iobWithZeroTemp":{"iob":-0.433,"basaliob":-0.433,"bolussnooze":0,"activity":-0.0043,"lastBolusTime":1704452802638,"time":"2024-01-05T18:31:28.651Z"}},{"iob":0.001,"basaliob":0.001,"bolussnooze":0,"activity":1.0E-4,"lastBolusTime":1704452802638,"time":"2024-01-05T18:36:28.651Z","iobWithZeroTemp":{"iob":-0.441,"basaliob":-0.441,"bolussnooze":0,"activity":-0.0044,"lastBolusTime":1704452802638,"time":"2024-01-05T18:36:28.651Z"}},{"iob":0.001,"basaliob":0.001,"bolussnooze":0,"activity":0,"lastBolusTime":1704452802638,"time":"2024-01-05T18:41:28.651Z","iobWithZeroTemp":{"iob":-0.448,"basaliob":-0.448,"bolussnooze":0,"activity":-0.0046,"lastBolusTime":1704452802638,"time":"2024-01-05T18:41:28.651Z"}},{"iob":0,"basaliob":0,"bolussnooze":0,"activity":0,"lastBolusTime":1704452802638,"time":"2024-01-05T18:46:28.651Z","iobWithZeroTemp":{"iob":-0.455,"basaliob":-0.455,"bolussnooze":0,"activity":-0.0047,"lastBolusTime":1704452802638,"time":"2024-01-05T18:46:28.651Z"}},{"iob":0,"basaliob":0,"bolussnooze":0,"activity":0,"lastBolusTime":1704452802638,"time":"2024-01-05T18:51:28.651Z","iobWithZeroTemp":{"iob":-0.461,"basaliob":-0.461,"bolussnooze":0,"activity":-0.0048,"lastBolusTime":1704452802638,"time":"2024-01-05T18:51:28.651Z"}},{"iob":0,"basaliob":0,"bolussnooze":0,"activity":0,"lastBolusTime":1704452802638,"time":"2024-01-05T18:56:28.651Z","iobWithZeroTemp":{"iob":-0.466,"basaliob":-0.466,"bolussnooze":0,"activity":-0.0049,"lastBolusTime":1704452802638,"time":"2024-01-05T18:56:28.651Z"}},{"iob":0,"basaliob":0,"bolussnooze":0,"activity":0,"lastBolusTime":1704452802638,"time":"2024-01-05T19:01:28.651Z","iobWithZeroTemp":{"iob":-0.471,"basaliob":-0.471,"bolussnooze":0,"activity":-0.005,"lastBolusTime":1704452802638,"time":"2024-01-05T19:01:28.651Z"}},{"iob":0,"basaliob":0,"bolussnooze":0,"activity":0,"lastBolusTime":1704452802638,"time":"2024-01-05T19:06:28.651Z","iobWithZeroTemp":{"iob":-0.476,"basaliob":-0.476,"bolussnooze":0,"activity":-0.0051,"lastBolusTime":1704452802638,"time":"2024-01-05T19:06:28.651Z"}},{"iob":0,"basaliob":0,"bolussnooze":0,"activity":0,"lastBolusTime":0,"time":"2024-01-05T19:11:28.651Z","iobWithZeroTemp":{"iob":-0.481,"basaliob":-0.481,"bolussnooze":0,"activity":-0.0052,"lastBolusTime":0,"time":"2024-01-05T19:11:28.651Z"}},{"iob":0,"basaliob":0,"bolussnooze":0,"activity":0,"lastBolusTime":0,"time":"2024-01-05T19:16:28.651Z","iobWithZeroTemp":{"iob":-0.486,"basaliob":-0.486,"bolussnooze":0,"activity":-0.0052,"lastBolusTime":0,"time":"2024-01-05T19:16:28.651Z"}},{"iob":0,"basaliob":0,"bolussnooze":0,"activity":0,"lastBolusTime":0,"time":"2024-01-05T19:21:28.651Z","iobWithZeroTemp":{"iob":-0.49,"basaliob":-0.49,"bolussnooze":0,"activity":-0.0053,"lastBolusTime":0,"time":"2024-01-05T19:21:28.651Z"}},{"iob":0,"basaliob":0,"bolussnooze":0,"activity":0,"lastBolusTime":0,"time":"2024-01-05T19:26:28.651Z","iobWithZeroTemp":{"iob":-0.494,"basaliob":-0.494,"bolussnooze":0,"activity":-0.0054,"lastBolusTime":0,"time":"2024-01-05T19:26:28.651Z"}},{"iob":0,"basaliob":0,"bolussnooze":0,"activity":0,"lastBolusTime":0,"time":"2024-01-05T19:31:28.651Z","iobWithZeroTemp":{"iob":-0.498,"basaliob":-0.498,"bolussnooze":0,"activity":-0.0054,"lastBolusTime":0,"time":"2024-01-05T19:31:28.651Z"}},{"iob":0,"basaliob":0,"bolussnooze":0,"activity":0,"lastBolusTime":0,"time":"2024-01-05T19:36:28.651Z","iobWithZeroTemp":{"iob":-0.501,"basaliob":-0.501,"bolussnooze":0,"activity":-0.0055,"lastBolusTime":0,"time":"2024-01-05T19:36:28.651Z"}},{"iob":0,"basaliob":0,"bolussnooze":0,"activity":0,"lastBolusTime":0,"time":"2024-01-05T19:41:28.651Z","iobWithZeroTemp":{"iob":-0.504,"basaliob":-0.504,"bolussnooze":0,"activity":-0.0055,"lastBolusTime":0,"time":"2024-01-05T19:41:28.651Z"}},{"iob":0,"basaliob":0,"bolussnooze":0,"activity":0,"lastBolusTime":0,"time":"2024-01-05T19:46:28.651Z","iobWithZeroTemp":{"iob":-0.507,"basaliob":-0.507,"bolussnooze":0,"activity":-0.0056,"lastBolusTime":0,"time":"2024-01-05T19:46:28.651Z"}},{"iob":0,"basaliob":0,"bolussnooze":0,"activity":0,"lastBolusTime":0,"time":"2024-01-05T19:51:28.651Z","iobWithZeroTemp":{"iob":-0.509,"basaliob":-0.509,"bolussnooze":0,"activity":-0.0056,"lastBolusTime":0,"time":"2024-01-05T19:51:28.651Z"}},{"iob":0,"basaliob":0,"bolussnooze":0,"activity":0,"lastBolusTime":0,"time":"2024-01-05T19:56:28.651Z","iobWithZeroTemp":{"iob":-0.512,"basaliob":-0.512,"bolussnooze":0,"activity":-0.0057,"lastBolusTime":0,"time":"2024-01-05T19:56:28.651Z"}},{"iob":0,"basaliob":0,"bolussnooze":0,"activity":0,"lastBolusTime":0,"time":"2024-01-05T20:01:28.651Z","iobWithZeroTemp":{"iob":-0.514,"basaliob":-0.514,"bolussnooze":0,"activity":-0.0057,"lastBolusTime":0,"time":"2024-01-05T20:01:28.651Z"}},{"iob":0,"basaliob":0,"bolussnooze":0,"activity":0,"lastBolusTime":0,"time":"2024-01-05T20:06:28.651Z","iobWithZeroTemp":{"iob":-0.512,"basaliob":-0.512,"bolussnooze":0,"activity":-0.0058,"lastBolusTime":0,"time":"2024-01-05T20:06:28.651Z"}},{"iob":0,"basaliob":0,"bolussnooze":0,"activity":0,"lastBolusTime":0,"time":"2024-01-05T20:11:28.651Z","iobWithZeroTemp":{"iob":-0.511,"basaliob":-0.511,"bolussnooze":0,"activity":-0.0058,"lastBolusTime":0,"time":"2024-01-05T20:11:28.651Z"}},{"iob":0,"basaliob":0,"bolussnooze":0,"activity":0,"lastBolusTime":0,"time":"2024-01-05T20:16:28.651Z","iobWithZeroTemp":{"iob":-0.509,"basaliob":-0.509,"bolussnooze":0,"activity":-0.0058,"lastBolusTime":0,"time":"2024-01-05T20:16:28.651Z"}},{"iob":0,"basaliob":0,"bolussnooze":0,"activity":0,"lastBolusTime":0,"time":"2024-01-05T20:21:28.651Z","iobWithZeroTemp":{"iob":-0.508,"basaliob":-0.508,"bolussnooze":0,"activity":-0.0058,"lastBolusTime":0,"time":"2024-01-05T20:21:28.651Z"}}],"profile":{"max_iob":1,"type":"current","max_daily_basal":0.391,"max_basal":1.15,"min_bg":144,"max_bg":144,"target_bg":144,"carb_ratio":10,"sens":153.96499999999997,"max_daily_safety_multiplier":3,"current_basal_safety_multiplier":4,"lgsThreshold":69,"high_temptarget_raises_sensitivity":false,"low_temptarget_lowers_sensitivity":false,"sensitivity_raises_target":false,"resistance_lowers_target":false,"adv_target_adjustments":false,"exercise_mode":false,"half_basal_exercise_target":160,"maxCOB":120,"skip_neutral_temps":false,"remainingCarbsCap":90,"enableUAM":false,"A52_risk_enable":false,"SMBInterval":3,"enableSMB_with_COB":false,"enableSMB_with_temptarget":false,"allowSMB_with_high_temptarget":false,"enableSMB_always":false,"enableSMB_after_carbs":false,"maxSMBBasalMinutes":30,"maxUAMSMBBasalMinutes":30,"bolus_increment":0.05,"carbsReqThreshold":1,"current_basal":0.336,"temptargetSet":true,"autosens_max":1.2,"autosens_min":0.7,"variable_sens":288.1,"insulinDivisor":75,"TDD":9.379979590476191},"autosens_data":{"ratio":1},"meal_data":{"carbs":0,"mealCOB":0,"slopeFromMaxDeviation":-1.6267777777777774,"slopeFromMinDeviation":2.605,"lastBolusTime":1704452802638,"lastCarbTime":0},"microBolusAllowed":false,"currentTime":1704471991717,"flatBGsDetected":false,"tdd1D":8.32800000000001,"tdd7D":16.942322023809517,"tddLast24H":8.628833333333338,"tddLast4H":1.7366666666666664,"tddLast8to4H":1.3625000000000003},"output":{"temp":"absolute","bg":71,"tick":"+7","eventualBG":63,"targetBG":144,"insulinReq":0,"deliverAt":"2024-01-05T16:26:31.717Z","sensitivityRatio":1,"variable_sens":288.1,"predBGs":{"IOB":[71,70,70,69,69,68,68,68,67,67,66,65,65,64,63,63,62,62,61,61,61,61,60],"ZT":[71,68,65,63,61,59,58,58,58,59,60,62,64,67,70,73,77,80,84,88,93,97,101,106,110,115,119,123,128,132,137,142]},"reason":"COB: 0, Dev: 16, BGI: -3, ISF: 288, CR: 10, Target: 144, minPredBG 60, minGuardBG 60, IOBpredBG 60; 2 add'l carbs req w\/in 0m; minGuardBG 60<92 95m left and 0 ~ req 0U\/hr: no temp required","COB":0,"IOB":0.082,"carbsReq":2,"carbsReqWithin":0,"timestamp":"2024-01-05T16:26:31.750Z"}}