{"algorithm":"OpenAPSSMBDynamicISFPlugin","input":{"glucoseStatus":{"glucose":156,"noise":0,"delta":23,"short_avgdelta":17.5,"long_avgdelta":13.88,"date":1704503400000},"currenttemp":{"temp":"absolute","duration":25,"rate":0.55,"minutesrunning":5},"iob_data":[{"iob":-0.048,"basaliob":-0.048,"bolussnooze":0,"activity":-5.0E-4,"lastBolusTime":0,"time":"2024-01-06T01:11:36.548Z","iobWithZeroTemp":{"iob":-0.048,"basaliob":-0.048,"bolussnooze":0,"activity":-5.0E-4,"lastBolusTime":0,"time":"2024-01-06T01:11:36.548Z"}},{"iob":-0.045,"basaliob":-0.045,"bolussnooze":0,"activity":-5.0E-4,"lastBolusTime":0,"time":"2024-01-06T01:16:36.548Z","iobWithZeroTemp":{"iob":-0.067,"basaliob":-0.067,"bolussnooze":0,"activity":-5.0E-4,"lastBolusTime":0,"time":"2024-01-06T01:16:36.548Z"}},{"iob":-0.043,"basaliob":-0.043,"bolussnooze":0,"activity":-5.0E-4,"lastBolusTime":0,"time":"2024-01-06T01:21:36.548Z","iobWithZeroTemp":{"iob":-0.093,"basaliob":-0.093,"bolussnooze":0,"activity":-6.0E-4,"lastBolusTime":0,"time":"2024-01-06T01:21:36.548Z"}},{"iob":-0.04,"basaliob":-0.04,"bolussnooze":0,"activity":-5.0E-4,"lastBolusTime":0,"time":"2024-01-06T01:26:36.548Z","iobWithZeroTemp":{"iob":-0.117,"basaliob":-0.117,"bolussnooze":0,"activity":-7.0E-4,"lastBolusTime":0,"time":"2024-01-06T01:26:36.548Z"}},{"iob":-0.038,"basaliob":-0.038,"bolussnooze":0,"activity":-5.0E-4,"lastBolusTime":0,"time":"2024-01-06T01:31:36.548Z","iobWithZeroTemp":{"iob":-0.141,"basaliob":-0.141,"bolussnooze":0,"activity":-9.0E-4,"lastBolusTime":0,"time":"2024-01-06T01:31:36.548Z"}},{"iob":-0.035,"basaliob":-0.035,"bolussnooze":0,"activity":-5.0E-4,"lastBolusTime":0,"time":"2024-01-06T01:36:36.548Z","iobWithZeroTemp":{"iob":-0.164,"basaliob":-0.164,"bolussnooze":0,"activity":-0.0011,"lastBolusTime":0,"time":"2024-01-06T01:36:36.548Z"}},{"iob":-0.033,"basaliob":-0.033,"bolussnooze":0,"activity":-5.0E-4,"lastBolusTime":0,"time":"2024-01-06T01:41:36.548Z","iobWithZeroTemp":{"iob":-0.186,"basaliob":-0.186,"bolussnooze":0,"activity":-0.0013,"lastBolusTime":0,"time":"2024-01-06T01:41:36.548Z"}},{"iob":-0.031,"basaliob":-0.031,"bolussnooze":0,"activity":-4.0E-4,"lastBolusTime":0,"time":"2024-01-06T01:46:36.548Z","iobWithZeroTemp":{"iob":-0.208,"basaliob":-0.208,"bolussnooze":0,"activity":-0.0014,"lastBolusTime":0,"time":"2024-01-06T01:46:36.548Z"}},{"iob":-0.028,"basaliob":-0.028,"bolussnooze":0,"activity":-4.0E-4,"lastBolusTime":0,"time":"2024-01-06T01:51:36.548Z","iobWithZeroTemp":{"iob":-0.227,"basaliob":-0.227,"bolussnooze":0,"activity":-0.0016,"lastBolusTime":0,"time":"2024-01-06T01:51:36.548Z"}},{"iob":-0.026,"basaliob":-0.026,"bolussnooze":0,"activity":-4.0E-4,"lastBolusTime":0,"time":"2024-01-06T01:56:36.548Z","iobWithZeroTemp":{"iob":-0.246,"basaliob":-0.246,"bolussnooze":0,"activity":-0.0019,"lastBolusTime":0,"time":"2024-01-06T01:56:36.548Z"}},{"iob":-0.024,"basaliob":-0.024,"bolussnooze":0,"activity":-4.0E-4,"lastBolusTime":0,"time":"2024-01-06T02:01:36.548Z","iobWithZeroTemp":{"iob":-0.264,"basaliob":-0.264,"bolussnooze":0,"activity":-0.0021,"lastBolusTime":0,"time":"2024-01-06T02:01:36.548Z"}},{"iob":-0.023,"basaliob":-0.023,"bolussnooze":0,"activity":-4.0E-4,"lastBolusTime":0,"time":"2024-01-06T02:06:36.548Z","iobWithZeroTemp":{"iob":-0.282,"basaliob":-0.282,"bolussnooze":0,"activity":-0.0023,"lastBolusTime":0,"time":"2024-01-06T02:06:36.548Z"}},{"iob":-0.021,"basaliob":-0.021,"bolussnooze":0,"activity":-3.0E-4,"lastBolusTime":0,"time":"2024-01-06T02:11:36.548Z","iobWithZeroTemp":{"iob":-0.298,"basaliob":-0.298,"bolussnooze":0,"activity":-0.0024,"lastBolusTime":0,"time":"2024-01-06T02:11:36.548Z"}},{"iob":-0.019,"basaliob":-0.019,"bolussnooze":0,"activity":-3.0E-4,"lastBolusTime":0,"time":"2024-01-06T02:16:36.548Z","iobWithZeroTemp":{"iob":-0.313,"basaliob":-0.313,"bolussnooze":0,"activity":-0.0027,"lastBolusTime":0,"time":"2024-01-06T02:16:36.548Z"}},{"iob":-0.018,"basaliob":-0.018,"bolussnooze":0,"activity":-3.0E-4,"lastBolusTime":0,"time":"2024-01-06T02:21:36.548Z","iobWithZeroTemp":{"iob":-0.328,"basaliob":-0.328,"bolussnooze":0,"activity":-0.0029,"lastBolusTime":0,"time":"2024-01-06T02:21:36.548Z"}},{"iob":-0.016,"basaliob":-0.016,"bolussnooze":0,"activity":-3.0E-4,"lastBolusTime":0,"time":"2024-01-06T02:26:36.548Z","iobWithZeroTemp":{"iob":-0.34,"basaliob":-0.34,"bolussnooze":0,"activity":-0.0031,"lastBolusTime":0,"time":"2024-01-06T02:26:36.548Z"}},{"iob":-0.015,"basaliob":-0.015,"bolussnooze":0,"activity":-3.0E-4,"lastBolusTime":0,"time":"2024-01-06T02:31:36.548Z","iobWithZeroTemp":{"iob":-0.353,"basaliob":-0.353,"bolussnooze":0,"activity":-0.0033,"lastBolusTime":0,"time":"2024-01-06T02:31:36.548Z"}},{"iob":-0.014,"basaliob":-0.014,"bolussnooze":0,"activity":-2.0E-4,"lastBolusTime":0,"time":"2024-01-06T02:36:36.548Z","iobWithZeroTemp":{"iob":-0.365,"basaliob":-0.365,"bolussnooze":0,"activity":-0.0034,"lastBolusTime":0,"time":"2024-01-06T02:36:36.548Z"}},{"iob":-0.013,"basaliob":-0.013,"bolussnooze":0,"activity":-2.0E-4,"lastBolusTime":0,"time":"2024-01-06T02:41:36.548Z","iobWithZeroTemp":{"iob":-0.375,"basaliob":-0.375,"bolussnooze":0,"activity":-0.0036,"lastBolusTime":0,"time":"2024-01-06T02:41:36.548Z"}},{"iob":-0.012,"basaliob":-0.012,"bolussnooze":0,"activity":-2.0E-4,"lastBolusTime":0,"time":"2024-01-06T02:46:36.548Z","iobWithZeroTemp":{"iob":-0.385,"basaliob":-0.385,"bolussnooze":0,"activity":-0.0037,"lastBolusTime":0,"time":"2024-01-06T02:46:36.548Z"}},{"iob":-0.011,"basaliob":-0.011,"bolussnooze":0,"activity":-2.0E-4,"lastBolusTime":0,"time":"2024-01-06T02:51:36.548Z","iobWithZeroTemp":{"iob":-0.394,"basaliob":-0.394,"bolussnooze":0,"activity":-0.0039,"lastBolusTime":0,"time":"2024-01-06T02:51:36.548Z"}},{"iob":-0.01,"basaliob":-0.01,"bolussnooze":0,"activity":-2.0E-4,"lastBolusTime":0,"time":"2024-01-06T02:56:36.548Z","iobWithZeroTemp":{"iob":-0.403,"basaliob":-0.403,"bolussnooze":0,"activity":-0.004,"lastBolusTime":0,"time":"2024-01-06T02:56:36.548Z"}},{"iob":-0.009,"basaliob":-0.009,"bolussnooze":0,"activity":-2.0E-4,"lastBolusTime":0,"time":"2024-01-06T03:01:36.548Z","iobWithZeroTemp":{"iob":-0.41,"basaliob":-0.41,"bolussnooze":0,"activity":-0.0042,"lastBolusTime":0,"time":"2024-01-06T03:01:36.548Z"}},{"iob":-0.008,"basaliob":-0.008,"bolussnooze":0,"activity":-1.0E-4,"lastBolusTime":0,"time":"2024-01-06T03:06:36.548Z","iobWithZeroTemp":{"iob":-0.418,"basaliob":-0.418,"bolussnooze":0,"activity":-0.0042,"lastBolusTime":0,"time":"2024-01-06T03:06:36.548Z"}},{"iob":-0.007,"basaliob":-0.007,"bolussnooze":0,"activity":-1.0E-4,"lastBolusTime":0,"time":"2024-01-06T03:11:36.548Z","iobWithZeroTemp":{"iob":-0.426,"basaliob":-0.426,"bolussnooze":0,"activity":-0.0043,"lastBolusTime":0,"time":"2024-01-06T03:11:36.548Z"}},{"iob":-0.007,"basaliob":-0.007,"bolussnooze":0,"activity":-1.0E-4,"lastBolusTime":0,"time":"2024-01-06T03:16:36.548Z","iobWithZeroTemp":{"iob":-0.433,"basaliob":-0.433,"bolussnooze":0,"activity":-0.0045,"lastBolusTime":0,"time":"2024-01-06T03:16:36.548Z"}},{"iob":-0.006,"basaliob":-0.006,"bolussnooze":0,"activity":-1.0E-4,"lastBolusTime":0,"time":"2024-01-06T03:21:36.548Z","iobWithZeroTemp":{"iob":-0.439,"basaliob":-0.439,"bolussnooze":0,"activity":-0.0046,"lastBolusTime":0,"time":"2024-01-06T03:21:36.548Z"}},{"iob":-0.006,"basaliob":-0.006,"bolussnooze":0,"activity":-1.0E-4,"lastBolusTime":0,"time":"2024-01-06T03:26:36.548Z","iobWithZeroTemp":{"iob":-0.446,"basaliob":-0.446,"bolussnooze":0,"activity":-0.0047,"lastBolusTime":0,"time":"2024-01-06T03:26:36.548Z"}},{"iob":-0.005,"basaliob":-0.005,"bolussnooze":0,"activity":-1.0E-4,"lastBolusTime":0,"time":"2024-01-06T03:31:36.548Z","iobWithZeroTemp":{"iob":-0.451,"basaliob":-0.451,"bolussnooze":0,"activity":-0.0048,"lastBolusTime":0,"time":"2024-01-06T03:31:36.548Z"}},{"iob":-0.005,"basaliob":-0.005,"bolussnooze":0,"activity":-1.0E-4,"lastBolusTime":0,"time":"2024-01-06T03:36:36.548Z","iobWithZeroTemp":{"iob":-0.457,"basaliob":-0.457,"bolussnooze":0,"activity":-0.0049,"lastBolusTime":0,"time":"2024-01-06T03:36:36.548Z"}},{"iob":-0.004,"basaliob":-0.004,"bolussnooze":0,"activity":-1.0E-4,"lastBolusTime":0,"time":"2024-01-06T03:41:36.548Z","iobWithZeroTemp":{"iob":-0.461,"basaliob":-0.461,"bolussnooze":0,"activity":-0.0049,"lastBolusTime":0,"time":"2024-01-06T03:41:36.548Z"}},{"iob":-0.004,"basaliob":-0.004,"bolussnooze":0,"activity":-1.0E-4,"lastBolusTime":0,"time":"2024-01-06T03:46:36.548Z","iobWithZeroTemp":{"iob":-0.466,"basaliob":-0.466,"bolussnooze":0,"activity":-0.005,"lastBolusTime":0,"time":"2024-01-06T03:46:36.548Z"}},{"iob":-0.003,"basaliob":-0.003,"bolussnooze":0,"activity":-1.0E-4,"lastBolusTime":0,"time":"2024-01-06T03:51:36.548Z","iobWithZeroTemp":{"iob":-0.469,"basaliob":-0.469,"bolussnooze":0,"activity":-0.0051,"lastBolusTime":0,"time":"2024-01-06T03:51:36.548Z"}},{"iob":-0.003,"basaliob":-0.003,"bolussnooze":0,"activity":-1.0E-4,"lastBolusTime":0,"time":"2024-01-06T03:56:36.548Z","iobWithZeroTemp":{"iob":-0.473,"basaliob":-0.473,"bolussnooze":0,"activity":-0.0052,"lastBolusTime":0,"time":"2024-01-06T03:56:36.548Z"}},{"iob":-0.003,"basaliob":-0.003,"bolussnooze":0,"activity":-1.0E-4,"lastBolusTime":0,"time":"2024-01-06T04:01:36.548Z","iobWithZeroTemp":{"iob":-0.476,"basaliob":-0.476,"bolussnooze":0,"activity":-0.0052,"lastBolusTime":0,"time":"2024-01-06T04:01:36.548Z"}},{"iob":-0.003,"basaliob":-0.003,"bolussnooze":0,"activity":-1.0E-4,"lastBolusTime":0,"time":"2024-01-06T04:06:36.548Z","iobWithZeroTemp":{"iob":-0.483,"basaliob":-0.483,"bolussnooze":0,"activity":-0.0053,"lastBolusTime":0,"time":"2024-01-06T04:06:36.548Z"}},{"iob":-0.002,"basaliob":-0.002,"bolussnooze":0,"activity":0,"lastBolusTime":0,"time":"2024-01-06T04:11:36.548Z","iobWithZeroTemp":{"iob":-0.488,"basaliob":-0.488,"bolussnooze":0,"activity":-0.0053,"lastBolusTime":0,"time":"2024-01-06T04:11:36.548Z"}},{"iob":-0.002,"basaliob":-0.002,"bolussnooze":0,"activity":0,"lastBolusTime":0,"time":"2024-01-06T04:16:36.548Z","iobWithZeroTemp":{"iob":-0.494,"basaliob":-0.494,"bolussnooze":0,"activity":-0.0053,"lastBolusTime":0,"time":"2024-01-06T04:16:36.548Z"}},{"iob":-0.002,"basaliob":-0.002,"bolussnooze":0,"activity":0,"lastBolusTime":0,"time":"2024-01-06T04:21:36.548Z","iobWithZeroTemp":{"iob":-0.499,"basaliob":-0.499,"bolussnooze":0,"activity":-0.0054,"lastBolusTime":0,"time":"2024-01-06T04:21:36.548Z"}},{"iob":-0.002,"basaliob":-0.002,"bolussnooze":0,"activity":0,"lastBolusTime":0,"time":"2024-01-06T04:26:36.548Z","iobWithZeroTemp":{"iob":-0.505,"basaliob":-0.505,"bolussnooze":0,"activity":-0.0055,"lastBolusTime":0,"time":"2024-01-06T04:26:36.548Z"}},{"iob":-0.001,"basaliob":-0.001,"bolussnooze":0,"activity":0,"lastBolusTime":0,"time":"2024-01-06T04:31:36.548Z","iobWithZeroTemp":{"iob":-0.508,"basaliob":-0.508,"bolussnooze":0,"activity":-0.0055,"lastBolusTime":0,"time":"2024-01-06T04:31:36.548Z"}},{"iob":-0.001,"basaliob":-0.001,"bolussnooze":0,"activity":0,"lastBolusTime":0,"time":"2024-01-06T04:36:36.548Z","iobWithZeroTemp":{"iob":-0.513,"basaliob":-0.513,"bolussnooze":0,"activity":-0.0056,"lastBolusTime":0,"time":"2024-01-06T04:36:36.548Z"}},{"iob":-0.001,"basaliob":-0.001,"bolussnooze":0,"activity":0,"lastBolusTime":0,"time":"2024-01-06T04:41:36.548Z","iobWithZeroTemp":{"iob":-0.517,"basaliob":-0.517,"bolussnooze":0,"activity":-0.0057,"lastBolusTime":0,"time":"2024-01-06T04:41:36.548Z"}},{"iob":-0.001,"basaliob":-0.001,"bolussnooze":0,"activity":0,"lastBolusTime":0,"time":"2024-01-06T04:46:36.548Z","iobWithZeroTemp":{"iob":-0.521,"basaliob":-0.521,"bolussnooze":0,"activity":-0.0057,"lastBolusTime":0,"time":"2024-01-06T04:46:36.548Z"}},{"iob":-0.001,"basaliob":-0.001,"bolussnooze":0,"activity":0,"lastBolusTime":0,"time":"2024-01-06T04:51:36.548Z","iobWithZeroTemp":{"iob":-0.525,"basaliob":-0.525,"bolussnooze":0,"activity":-0.0058,"lastBolusTime":0,"time":"2024-01-06T04:51:36.548Z"}},{"iob":-0.001,"basaliob":-0.001,"bolussnooze":0,"activity":0,"lastBolusTime":0,"time":"2024-01-06T04:56:36.548Z","iobWithZeroTemp":{"iob":-0.528,"basaliob":-0.528,"bolussnooze":0,"activity":-0.0058,"lastBolusTime":0,"time":"2024-01-06T04:56:36.548Z"}},{"iob":-0.001,"basaliob":-0.001,"bolussnooze":0,"activity":0,"lastBolusTime":0,"time":"2024-01-06T05:01:36.548Z","iobWithZeroTemp":{"iob":-0.531,"basaliob":-0.531,"bolussnooze":0,"activity":-0.0059,"lastBolusTime":0,"time":"2024-01-06T05:01:36.548Z"}},{"iob":-0.001,"basaliob":-0.001,"bolussnooze":0,"activity":0,"lastBolusTime":0,"time":"2024-01-06T05:06:36.548Z","iobWithZeroTemp":{"iob":-0.534,"basaliob":-0.534,"bolussnooze":0,"activity":-0.0059,"lastBolusTime":0,"time":"2024-01-06T05:06:36.548Z"}}],"profile":{"max_iob":1,"type":"current","max_daily_basal":0.391,"max_basal":1.15,"min_bg":144,"max_bg":144,"target_bg":144,"carb_ratio":14.618357917185001,"sens":153.96499999999997,"max_daily_safety_multiplier":3,"current_basal_safety_multiplier":4,"lgsThreshold":69,"high_temptarget_raises_sensitivity":false,"low_temptarget_lowers_sensitivity":false,"sensitivity_raises_target":false,"resistance_lowers_target":false,"adv_target_adjustments":false,"exercise_mode":false,"half_basal_exercise_target":160,"maxCOB":120,"skip_neutral_temps":false,"remainingCarbsCap":90,"enableUAM":true,"A52_risk_enable":false,"SMBInterval":3,"enableSMB_with_COB":false,"enableSMB_with_temptarget":false,"allowSMB_with_high_temptarget":false,"enableSMB_always":false,"enableSMB_after_carbs":false,"maxSMBBasalMinutes":30,"maxUAMSMBBasalMinutes":30,"bolus_increment":0.05,"carbsReqThreshold":1,"current_basal":0.334,"temptargetSet":true,"autosens_max":1.2,"autosens_min":0.7,"variable_sens":173.1,"insulinDivisor":75,"TDD":9.241723228571425},"autosens_data":{"ratio":1},"meal_data":{"carbs":0,"mealCOB":0,"slopeFromMaxDeviation":-0.2993333333333332,"slopeFromMinDeviation":3.263571428571428,"lastBolusTime":1704452802638,"lastCarbTime":0},"microBolusAllowed":false,"currentTime":1704503499353,"flatBGsDetected":false,"tdd1D":9.141249999999994,"tdd7D":15.753158928571422,"tddLast24H":9.300249999999991,"tddLast4H":1.507666666666667,"tddLast8to4H":1.8347499999999992},"output":{"temp":"absolute","bg":156,"tick":"+23","eventualBG":288,"targetBG":144,"insulinReq":0.75,"deliverAt":"2024-01-06T01:11:39.353Z","sensitivityRatio":1,"variable_sens":173.1,"predBGs":{"IOB":[156,172,187,200,212,222,231,238,244,249,252,254,254,254,254,255,255,255,255,255,255,256,256,256,256,256,256,256,256,256,256,256,256,257],"ZT":[156,156,157,157,158,159,160],"UAM":[156,172,188,202,215,227,238,248,257,264,271,276,280,284,286,287,287,287,287,287,287,287,288]},"reason":"COB: 0, Dev: 102, BGI: 0, ISF: 173, CR: 14.62, Target: 144, minPredBG 273, minGuardBG 172, IOBpredBG 257, UAMpredBG 288; Eventual BG 288 >= 144, adj. req. rate: 1.83 to maxSafeBasal: 1.15, temp 0.55 < 1.15U\/hr. ","COB":0,"IOB":-0.048,"duration":30,"rate":1.15,"timestamp":"2024-01-06T01:11:39.390Z"}}