{"algorithm":"OpenAPSSMBDynamicISFPlugin","input":{"glucoseStatus":{"glucose":205,"noise":0,"delta":12,"short_avgdelta":14,"long_avgdelta":12.43,"date":1704483000000},"currenttemp":{"temp":"absolute","duration":25,"rate":1.15,"minutesrunning":5},"iob_data":[{"iob":0.322,"basaliob":0.322,"bolussnooze":0,"activity":0.002,"lastBolusTime":0,"time":"2024-01-05T19:31:31.714Z","iobWithZeroTemp":{"iob":0.322,"basaliob":0.322,"bolussnooze":0,"activity":0.002,"lastBolusTime":0,"time":"2024-01-05T19:31:31.714Z"}},{"iob":0.311,"basaliob":0.311,"bolussnooze":0,"activity":0.0023,"lastBolusTime":0,"time":"2024-01-05T19:36:31.714Z","iobWithZeroTemp":{"iob":0.286,"basaliob":0.286,"bolussnooze":0,"activity":0.0023,"lastBolusTime":0,"time":"2024-01-05T19:36:31.714Z"}},{"iob":0.299,"basaliob":0.299,"bolussnooze":0,"activity":0.0025,"lastBolusTime":0,"time":"2024-01-05T19:41:31.714Z","iobWithZeroTemp":{"iob":0.244,"basaliob":0.244,"bolussnooze":0,"activity":0.0024,"lastBolusTime":0,"time":"2024-01-05T19:41:31.714Z"}},{"iob":0.286,"basaliob":0.286,"bolussnooze":0,"activity":0.0027,"lastBolusTime":0,"time":"2024-01-05T19:46:31.714Z","iobWithZeroTemp":{"iob":0.201,"basaliob":0.201,"bolussnooze":0,"activity":0.0025,"lastBolusTime":0,"time":"2024-01-05T19:46:31.714Z"}},{"iob":0.272,"basaliob":0.272,"bolussnooze":0,"activity":0.0028,"lastBolusTime":0,"time":"2024-01-05T19:51:31.714Z","iobWithZeroTemp":{"iob":0.158,"basaliob":0.158,"bolussnooze":0,"activity":0.0024,"lastBolusTime":0,"time":"2024-01-05T19:51:31.714Z"}},{"iob":0.258,"basaliob":0.258,"bolussnooze":0,"activity":0.0028,"lastBolusTime":0,"time":"2024-01-05T19:56:31.714Z","iobWithZeroTemp":{"iob":0.116,"basaliob":0.116,"bolussnooze":0,"activity":0.0022,"lastBolusTime":0,"time":"2024-01-05T19:56:31.714Z"}},{"iob":0.244,"basaliob":0.244,"bolussnooze":0,"activity":0.0028,"lastBolusTime":0,"time":"2024-01-05T20:01:31.714Z","iobWithZeroTemp":{"iob":0.075,"basaliob":0.075,"bolussnooze":0,"activity":0.0019,"lastBolusTime":0,"time":"2024-01-05T20:01:31.714Z"}},{"iob":0.23,"basaliob":0.23,"bolussnooze":0,"activity":0.0028,"lastBolusTime":0,"time":"2024-01-05T20:06:31.714Z","iobWithZeroTemp":{"iob":0.039,"basaliob":0.039,"bolussnooze":0,"activity":0.0017,"lastBolusTime":0,"time":"2024-01-05T20:06:31.714Z"}},{"iob":0.216,"basaliob":0.216,"bolussnooze":0,"activity":0.0028,"lastBolusTime":0,"time":"2024-01-05T20:11:31.714Z","iobWithZeroTemp":{"iob":0.004,"basaliob":0.004,"bolussnooze":0,"activity":0.0015,"lastBolusTime":0,"time":"2024-01-05T20:11:31.714Z"}},{"iob":0.202,"basaliob":0.202,"bolussnooze":0,"activity":0.0027,"lastBolusTime":0,"time":"2024-01-05T20:16:31.714Z","iobWithZeroTemp":{"iob":-0.031,"basaliob":-0.031,"bolussnooze":0,"activity":0.0011,"lastBolusTime":0,"time":"2024-01-05T20:16:31.714Z"}},{"iob":0.189,"basaliob":0.189,"bolussnooze":0,"activity":0.0026,"lastBolusTime":0,"time":"2024-01-05T20:21:31.714Z","iobWithZeroTemp":{"iob":-0.062,"basaliob":-0.062,"bolussnooze":0,"activity":8.0E-4,"lastBolusTime":0,"time":"2024-01-05T20:21:31.714Z"}},{"iob":0.176,"basaliob":0.176,"bolussnooze":0,"activity":0.0025,"lastBolusTime":0,"time":"2024-01-05T20:26:31.714Z","iobWithZeroTemp":{"iob":-0.093,"basaliob":-0.093,"bolussnooze":0,"activity":5.0E-4,"lastBolusTime":0,"time":"2024-01-05T20:26:31.714Z"}},{"iob":0.164,"basaliob":0.164,"bolussnooze":0,"activity":0.0024,"lastBolusTime":0,"time":"2024-01-05T20:31:31.714Z","iobWithZeroTemp":{"iob":-0.122,"basaliob":-0.122,"bolussnooze":0,"activity":1.0E-4,"lastBolusTime":0,"time":"2024-01-05T20:31:31.714Z"}},{"iob":0.152,"basaliob":0.152,"bolussnooze":0,"activity":0.0023,"lastBolusTime":0,"time":"2024-01-05T20:36:31.714Z","iobWithZeroTemp":{"iob":-0.149,"basaliob":-0.149,"bolussnooze":0,"activity":-2.0E-4,"lastBolusTime":0,"time":"2024-01-05T20:36:31.714Z"}},{"iob":0.141,"basaliob":0.141,"bolussnooze":0,"activity":0.0022,"lastBolusTime":0,"time":"2024-01-05T20:41:31.714Z","iobWithZeroTemp":{"iob":-0.174,"basaliob":-0.174,"bolussnooze":0,"activity":-5.0E-4,"lastBolusTime":0,"time":"2024-01-05T20:41:31.714Z"}},{"iob":0.131,"basaliob":0.131,"bolussnooze":0,"activity":0.002,"lastBolusTime":0,"time":"2024-01-05T20:46:31.714Z","iobWithZeroTemp":{"iob":-0.198,"basaliob":-0.198,"bolussnooze":0,"activity":-9.0E-4,"lastBolusTime":0,"time":"2024-01-05T20:46:31.714Z"}},{"iob":0.121,"basaliob":0.121,"bolussnooze":0,"activity":0.0019,"lastBolusTime":0,"time":"2024-01-05T20:51:31.714Z","iobWithZeroTemp":{"iob":-0.22,"basaliob":-0.22,"bolussnooze":0,"activity":-0.0012,"lastBolusTime":0,"time":"2024-01-05T20:51:31.714Z"}},{"iob":0.112,"basaliob":0.112,"bolussnooze":0,"activity":0.0018,"lastBolusTime":0,"time":"2024-01-05T20:56:31.714Z","iobWithZeroTemp":{"iob":-0.241,"basaliob":-0.241,"bolussnooze":0,"activity":-0.0014,"lastBolusTime":0,"time":"2024-01-05T20:56:31.714Z"}},{"iob":0.103,"basaliob":0.103,"bolussnooze":0,"activity":0.0017,"lastBolusTime":0,"time":"2024-01-05T21:01:31.714Z","iobWithZeroTemp":{"iob":-0.26,"basaliob":-0.26,"bolussnooze":0,"activity":-0.0017,"lastBolusTime":0,"time":"2024-01-05T21:01:31.714Z"}},{"iob":0.095,"basaliob":0.095,"bolussnooze":0,"activity":0.0016,"lastBolusTime":0,"time":"2024-01-05T21:06:31.714Z","iobWithZeroTemp":{"iob":-0.277,"basaliob":-0.277,"bolussnooze":0,"activity":-0.002,"lastBolusTime":0,"time":"2024-01-05T21:06:31.714Z"}},{"iob":0.087,"basaliob":0.087,"bolussnooze":0,"activity":0.0015,"lastBolusTime":0,"time":"2024-01-05T21:11:31.714Z","iobWithZeroTemp":{"iob":-0.293,"basaliob":-0.293,"bolussnooze":0,"activity":-0.0022,"lastBolusTime":0,"time":"2024-01-05T21:11:31.714Z"}},{"iob":0.08,"basaliob":0.08,"bolussnooze":0,"activity":0.0014,"lastBolusTime":0,"time":"2024-01-05T21:16:31.714Z","iobWithZeroTemp":{"iob":-0.308,"basaliob":-0.308,"bolussnooze":0,"activity":-0.0025,"lastBolusTime":0,"time":"2024-01-05T21:16:31.714Z"}},{"iob":0.073,"basaliob":0.073,"bolussnooze":0,"activity":0.0013,"lastBolusTime":0,"time":"2024-01-05T21:21:31.714Z","iobWithZeroTemp":{"iob":-0.322,"basaliob":-0.322,"bolussnooze":0,"activity":-0.0027,"lastBolusTime":0,"time":"2024-01-05T21:21:31.714Z"}},{"iob":0.067,"basaliob":0.067,"bolussnooze":0,"activity":0.0012,"lastBolusTime":0,"time":"2024-01-05T21:26:31.714Z","iobWithZeroTemp":{"iob":-0.334,"basaliob":-0.334,"bolussnooze":0,"activity":-0.0029,"lastBolusTime":0,"time":"2024-01-05T21:26:31.714Z"}},{"iob":0.061,"basaliob":0.061,"bolussnooze":0,"activity":0.0011,"lastBolusTime":0,"time":"2024-01-05T21:31:31.714Z","iobWithZeroTemp":{"iob":-0.346,"basaliob":-0.346,"bolussnooze":0,"activity":-0.0031,"lastBolusTime":0,"time":"2024-01-05T21:31:31.714Z"}},{"iob":0.056,"basaliob":0.056,"bolussnooze":0,"activity":0.001,"lastBolusTime":0,"time":"2024-01-05T21:36:31.714Z","iobWithZeroTemp":{"iob":-0.356,"basaliob":-0.356,"bolussnooze":0,"activity":-0.0033,"lastBolusTime":0,"time":"2024-01-05T21:36:31.714Z"}},{"iob":0.051,"basaliob":0.051,"bolussnooze":0,"activity":9.0E-4,"lastBolusTime":0,"time":"2024-01-05T21:41:31.714Z","iobWithZeroTemp":{"iob":-0.366,"basaliob":-0.366,"bolussnooze":0,"activity":-0.0035,"lastBolusTime":0,"time":"2024-01-05T21:41:31.714Z"}},{"iob":0.047,"basaliob":0.047,"bolussnooze":0,"activity":9.0E-4,"lastBolusTime":0,"time":"2024-01-05T21:46:31.714Z","iobWithZeroTemp":{"iob":-0.375,"basaliob":-0.375,"bolussnooze":0,"activity":-0.0036,"lastBolusTime":0,"time":"2024-01-05T21:46:31.714Z"}},{"iob":0.043,"basaliob":0.043,"bolussnooze":0,"activity":8.0E-4,"lastBolusTime":0,"time":"2024-01-05T21:51:31.714Z","iobWithZeroTemp":{"iob":-0.383,"basaliob":-0.383,"bolussnooze":0,"activity":-0.0037,"lastBolusTime":0,"time":"2024-01-05T21:51:31.714Z"}},{"iob":0.039,"basaliob":0.039,"bolussnooze":0,"activity":7.0E-4,"lastBolusTime":0,"time":"2024-01-05T21:56:31.714Z","iobWithZeroTemp":{"iob":-0.39,"basaliob":-0.39,"bolussnooze":0,"activity":-0.0039,"lastBolusTime":0,"time":"2024-01-05T21:56:31.714Z"}},{"iob":0.035,"basaliob":0.035,"bolussnooze":0,"activity":7.0E-4,"lastBolusTime":0,"time":"2024-01-05T22:01:31.714Z","iobWithZeroTemp":{"iob":-0.398,"basaliob":-0.398,"bolussnooze":0,"activity":-0.004,"lastBolusTime":0,"time":"2024-01-05T22:01:31.714Z"}},{"iob":0.032,"basaliob":0.032,"bolussnooze":0,"activity":6.0E-4,"lastBolusTime":0,"time":"2024-01-05T22:06:31.714Z","iobWithZeroTemp":{"iob":-0.404,"basaliob":-0.404,"bolussnooze":0,"activity":-0.0041,"lastBolusTime":0,"time":"2024-01-05T22:06:31.714Z"}},{"iob":0.029,"basaliob":0.029,"bolussnooze":0,"activity":6.0E-4,"lastBolusTime":0,"time":"2024-01-05T22:11:31.714Z","iobWithZeroTemp":{"iob":-0.409,"basaliob":-0.409,"bolussnooze":0,"activity":-0.0042,"lastBolusTime":0,"time":"2024-01-05T22:11:31.714Z"}},{"iob":0.026,"basaliob":0.026,"bolussnooze":0,"activity":5.0E-4,"lastBolusTime":0,"time":"2024-01-05T22:16:31.714Z","iobWithZeroTemp":{"iob":-0.415,"basaliob":-0.415,"bolussnooze":0,"activity":-0.0043,"lastBolusTime":0,"time":"2024-01-05T22:16:31.714Z"}},{"iob":0.024,"basaliob":0.024,"bolussnooze":0,"activity":5.0E-4,"lastBolusTime":0,"time":"2024-01-05T22:21:31.714Z","iobWithZeroTemp":{"iob":-0.419,"basaliob":-0.419,"bolussnooze":0,"activity":-0.0044,"lastBolusTime":0,"time":"2024-01-05T22:21:31.714Z"}},{"iob":0.022,"basaliob":0.022,"bolussnooze":0,"activity":4.0E-4,"lastBolusTime":0,"time":"2024-01-05T22:26:31.714Z","iobWithZeroTemp":{"iob":-0.423,"basaliob":-0.423,"bolussnooze":0,"activity":-0.0045,"lastBolusTime":0,"time":"2024-01-05T22:26:31.714Z"}},{"iob":0.02,"basaliob":0.02,"bolussnooze":0,"activity":4.0E-4,"lastBolusTime":0,"time":"2024-01-05T22:31:31.714Z","iobWithZeroTemp":{"iob":-0.427,"basaliob":-0.427,"bolussnooze":0,"activity":-0.0046,"lastBolusTime":0,"time":"2024-01-05T22:31:31.714Z"}},{"iob":0.018,"basaliob":0.018,"bolussnooze":0,"activity":4.0E-4,"lastBolusTime":0,"time":"2024-01-05T22:36:31.714Z","iobWithZeroTemp":{"iob":-0.43,"basaliob":-0.43,"bolussnooze":0,"activity":-0.0046,"lastBolusTime":0,"time":"2024-01-05T22:36:31.714Z"}},{"iob":0.016,"basaliob":0.016,"bolussnooze":0,"activity":3.0E-4,"lastBolusTime":0,"time":"2024-01-05T22:41:31.714Z","iobWithZeroTemp":{"iob":-0.434,"basaliob":-0.434,"bolussnooze":0,"activity":-0.0047,"lastBolusTime":0,"time":"2024-01-05T22:41:31.714Z"}},{"iob":0.014,"basaliob":0.014,"bolussnooze":0,"activity":3.0E-4,"lastBolusTime":0,"time":"2024-01-05T22:46:31.714Z","iobWithZeroTemp":{"iob":-0.437,"basaliob":-0.437,"bolussnooze":0,"activity":-0.0048,"lastBolusTime":0,"time":"2024-01-05T22:46:31.714Z"}},{"iob":0.013,"basaliob":0.013,"bolussnooze":0,"activity":3.0E-4,"lastBolusTime":0,"time":"2024-01-05T22:51:31.714Z","iobWithZeroTemp":{"iob":-0.439,"basaliob":-0.439,"bolussnooze":0,"activity":-0.0048,"lastBolusTime":0,"time":"2024-01-05T22:51:31.714Z"}},{"iob":0.012,"basaliob":0.012,"bolussnooze":0,"activity":2.0E-4,"lastBolusTime":0,"time":"2024-01-05T22:56:31.714Z","iobWithZeroTemp":{"iob":-0.441,"basaliob":-0.441,"bolussnooze":0,"activity":-0.0049,"lastBolusTime":0,"time":"2024-01-05T22:56:31.714Z"}},{"iob":0.01,"basaliob":0.01,"bolussnooze":0,"activity":2.0E-4,"lastBolusTime":0,"time":"2024-01-05T23:01:31.714Z","iobWithZeroTemp":{"iob":-0.444,"basaliob":-0.444,"bolussnooze":0,"activity":-0.0049,"lastBolusTime":0,"time":"2024-01-05T23:01:31.714Z"}},{"iob":0.009,"basaliob":0.009,"bolussnooze":0,"activity":2.0E-4,"lastBolusTime":0,"time":"2024-01-05T23:06:31.714Z","iobWithZeroTemp":{"iob":-0.445,"basaliob":-0.445,"bolussnooze":0,"activity":-0.0049,"lastBolusTime":0,"time":"2024-01-05T23:06:31.714Z"}},{"iob":0.008,"basaliob":0.008,"bolussnooze":0,"activity":2.0E-4,"lastBolusTime":0,"time":"2024-01-05T23:11:31.714Z","iobWithZeroTemp":{"iob":-0.446,"basaliob":-0.446,"bolussnooze":0,"activity":-0.005,"lastBolusTime":0,"time":"2024-01-05T23:11:31.714Z"}},{"iob":0.008,"basaliob":0.008,"bolussnooze":0,"activity":2.0E-4,"lastBolusTime":0,"time":"2024-01-05T23:16:31.714Z","iobWithZeroTemp":{"iob":-0.446,"basaliob":-0.446,"bolussnooze":0,"activity":-0.005,"lastBolusTime":0,"time":"2024-01-05T23:16:31.714Z"}},{"iob":0.007,"basaliob":0.007,"bolussnooze":0,"activity":1.0E-4,"lastBolusTime":0,"time":"2024-01-05T23:21:31.714Z","iobWithZeroTemp":{"iob":-0.446,"basaliob":-0.446,"bolussnooze":0,"activity":-0.0051,"lastBolusTime":0,"time":"2024-01-05T23:21:31.714Z"}},{"iob":0.006,"basaliob":0.006,"bolussnooze":0,"activity":1.0E-4,"lastBolusTime":0,"time":"2024-01-05T23:26:31.714Z","iobWithZeroTemp":{"iob":-0.447,"basaliob":-0.447,"bolussnooze":0,"activity":-0.0051,"lastBolusTime":0,"time":"2024-01-05T23:26:31.714Z"}}],"profile":{"max_iob":1,"type":"current","max_daily_basal":0.391,"max_basal":1.15,"min_bg":99,"max_bg":99,"target_bg":99,"carb_ratio":13.493868846632308,"sens":153.96499999999997,"max_daily_safety_multiplier":3,"current_basal_safety_multiplier":4,"lgsThreshold":69,"high_temptarget_raises_sensitivity":false,"low_temptarget_lowers_sensitivity":false,"sensitivity_raises_target":false,"resistance_lowers_target":false,"adv_target_adjustments":false,"exercise_mode":false,"half_basal_exercise_target":160,"maxCOB":120,"skip_neutral_temps":false,"remainingCarbsCap":90,"enableUAM":false,"A52_risk_enable":false,"SMBInterval":3,"enableSMB_with_COB":false,"enableSMB_with_temptarget":false,"allowSMB_with_high_temptarget":false,"enableSMB_always":false,"enableSMB_after_carbs":false,"maxSMBBasalMinutes":30,"maxUAMSMBBasalMinutes":30,"bolus_increment":0.05,"carbsReqThreshold":1,"current_basal":0.368,"temptargetSet":false,"autosens_max":1.2,"autosens_min":0.7,"variable_sens":141.8,"insulinDivisor":75,"TDD":9.639663190476192},"autosens_data":{"ratio":1},"meal_data":{"carbs":0,"mealCOB":0,"slopeFromMaxDeviation":-0.10200000000000031,"slopeFromMinDeviation":1.4615454545454545,"lastBolusTime":1704452802638,"lastCarbTime":0},"microBolusAllowed":false,"currentTime":1704483094807,"flatBGsDetected":false,"tdd1D":8.32800000000001,"tdd7D":16.942322023809517,"tddLast24H":9.04291666666666,"tddLast4H":1.8645833333333328,"tddLast8to4H":1.6104999999999992},"output":{"temp":"absolute","bg":205,"tick":"+12","eventualBG":240,"targetBG":99,"insulinReq":0.678,"deliverAt":"2024-01-05T19:31:34.807Z","sensitivityRatio":1,"variable_sens":141.8,"predBGs":{"IOB":[205,216,225,234,241,247,252,256,258,260,261,260,258,257,256,254,253,252,251,249,248,248,247,246,245,244,244,243,242,242,242,241,241,240,240,240,239,239,239,239,238],"ZT":[205,204,202,200,198,197,195,194,192,191,191,190,190,190,190,190]},"reason":"COB: 0, Dev: 81, BGI: -1, ISF: 142, CR: 13.49, Target: 99, minPredBG 237, minGuardBG 216, IOBpredBG 238; Eventual BG 240 >= 99, max_iob 1, adj. req. rate: 1.72 to maxSafeBasal: 1.15, temp 1.15 >~ req 1.15U\/hr. ","COB":0,"IOB":0.322,"timestamp":"2024-01-05T19:31:34.842Z"}}