{"algorithm":"OpenAPSSMBDynamicISFPlugin","input":{"glucoseStatus":{"glucose":64,"noise":0,"delta":0,"short_avgdelta":-1.22,"long_avgdelta":-5.91,"date":1704501600000},"currenttemp":{"temp":"absolute","duration":75,"rate":0,"minutesrunning":15},"iob_data":[{"iob":-0.065,"basaliob":-0.065,"bolussnooze":0,"activity":6.0E-4,"lastBolusTime":0,"time":"2024-01-06T00:41:36.030Z","iobWithZeroTemp":{"iob":-0.065,"basaliob":-0.065,"bolussnooze":0,"activity":6.0E-4,"lastBolusTime":0,"time":"2024-01-06T00:41:36.030Z"}},{"iob":-0.067,"basaliob":-0.067,"bolussnooze":0,"activity":3.0E-4,"lastBolusTime":0,"time":"2024-01-06T00:46:36.030Z","iobWithZeroTemp":{"iob":-0.087,"basaliob":-0.087,"bolussnooze":0,"activity":3.0E-4,"lastBolusTime":0,"time":"2024-01-06T00:46:36.030Z"}},{"iob":-0.068,"basaliob":-0.068,"bolussnooze":0,"activity":1.0E-4,"lastBolusTime":0,"time":"2024-01-06T00:51:36.030Z","iobWithZeroTemp":{"iob":-0.114,"basaliob":-0.114,"bolussnooze":0,"activity":0,"lastBolusTime":0,"time":"2024-01-06T00:51:36.030Z"}},{"iob":-0.068,"basaliob":-0.068,"bolussnooze":0,"activity":-1.0E-4,"lastBolusTime":0,"time":"2024-01-06T00:56:36.030Z","iobWithZeroTemp":{"iob":-0.138,"basaliob":-0.138,"bolussnooze":0,"activity":-3.0E-4,"lastBolusTime":0,"time":"2024-01-06T00:56:36.030Z"}},{"iob":-0.068,"basaliob":-0.068,"bolussnooze":0,"activity":-2.0E-4,"lastBolusTime":0,"time":"2024-01-06T01:01:36.030Z","iobWithZeroTemp":{"iob":-0.163,"basaliob":-0.163,"bolussnooze":0,"activity":-6.0E-4,"lastBolusTime":0,"time":"2024-01-06T01:01:36.030Z"}},{"iob":-0.066,"basaliob":-0.066,"bolussnooze":0,"activity":-3.0E-4,"lastBolusTime":0,"time":"2024-01-06T01:06:36.030Z","iobWithZeroTemp":{"iob":-0.186,"basaliob":-0.186,"bolussnooze":0,"activity":-8.0E-4,"lastBolusTime":0,"time":"2024-01-06T01:06:36.030Z"}},{"iob":-0.064,"basaliob":-0.064,"bolussnooze":0,"activity":-4.0E-4,"lastBolusTime":0,"time":"2024-01-06T01:11:36.030Z","iobWithZeroTemp":{"iob":-0.209,"basaliob":-0.209,"bolussnooze":0,"activity":-0.0011,"lastBolusTime":0,"time":"2024-01-06T01:11:36.030Z"}},{"iob":-0.062,"basaliob":-0.062,"bolussnooze":0,"activity":-5.0E-4,"lastBolusTime":0,"time":"2024-01-06T01:16:36.030Z","iobWithZeroTemp":{"iob":-0.23,"basaliob":-0.23,"bolussnooze":0,"activity":-0.0014,"lastBolusTime":0,"time":"2024-01-06T01:16:36.030Z"}},{"iob":-0.06,"basaliob":-0.06,"bolussnooze":0,"activity":-5.0E-4,"lastBolusTime":0,"time":"2024-01-06T01:21:36.030Z","iobWithZeroTemp":{"iob":-0.251,"basaliob":-0.251,"bolussnooze":0,"activity":-0.0017,"lastBolusTime":0,"time":"2024-01-06T01:21:36.030Z"}},{"iob":-0.057,"basaliob":-0.057,"bolussnooze":0,"activity":-5.0E-4,"lastBolusTime":0,"time":"2024-01-06T01:26:36.030Z","iobWithZeroTemp":{"iob":-0.27,"basaliob":-0.27,"bolussnooze":0,"activity":-0.0019,"lastBolusTime":0,"time":"2024-01-06T01:26:36.030Z"}},{"iob":-0.054,"basaliob":-0.054,"bolussnooze":0,"activity":-6.0E-4,"lastBolusTime":0,"time":"2024-01-06T01:31:36.030Z","iobWithZeroTemp":{"iob":-0.287,"basaliob":-0.287,"bolussnooze":0,"activity":-0.0022,"lastBolusTime":0,"time":"2024-01-06T01:31:36.030Z"}},{"iob":-0.052,"basaliob":-0.052,"bolussnooze":0,"activity":-6.0E-4,"lastBolusTime":0,"time":"2024-01-06T01:36:36.030Z","iobWithZeroTemp":{"iob":-0.304,"basaliob":-0.304,"bolussnooze":0,"activity":-0.0024,"lastBolusTime":0,"time":"2024-01-06T01:36:36.030Z"}},{"iob":-0.049,"basaliob":-0.049,"bolussnooze":0,"activity":-6.0E-4,"lastBolusTime":0,"time":"2024-01-06T01:41:36.030Z","iobWithZeroTemp":{"iob":-0.319,"basaliob":-0.319,"bolussnooze":0,"activity":-0.0027,"lastBolusTime":0,"time":"2024-01-06T01:41:36.030Z"}},{"iob":-0.046,"basaliob":-0.046,"bolussnooze":0,"activity":-6.0E-4,"lastBolusTime":0,"time":"2024-01-06T01:46:36.030Z","iobWithZeroTemp":{"iob":-0.333,"basaliob":-0.333,"bolussnooze":0,"activity":-0.0029,"lastBolusTime":0,"time":"2024-01-06T01:46:36.030Z"}},{"iob":-0.043,"basaliob":-0.043,"bolussnooze":0,"activity":-6.0E-4,"lastBolusTime":0,"time":"2024-01-06T01:51:36.030Z","iobWithZeroTemp":{"iob":-0.346,"basaliob":-0.346,"bolussnooze":0,"activity":-0.0031,"lastBolusTime":0,"time":"2024-01-06T01:51:36.030Z"}},{"iob":-0.041,"basaliob":-0.041,"bolussnooze":0,"activity":-5.0E-4,"lastBolusTime":0,"time":"2024-01-06T01:56:36.030Z","iobWithZeroTemp":{"iob":-0.359,"basaliob":-0.359,"bolussnooze":0,"activity":-0.0032,"lastBolusTime":0,"time":"2024-01-06T01:56:36.030Z"}},{"iob":-0.038,"basaliob":-0.038,"bolussnooze":0,"activity":-5.0E-4,"lastBolusTime":0,"time":"2024-01-06T02:01:36.030Z","iobWithZeroTemp":{"iob":-0.369,"basaliob":-0.369,"bolussnooze":0,"activity":-0.0034,"lastBolusTime":0,"time":"2024-01-06T02:01:36.030Z"}},{"iob":-0.035,"basaliob":-0.035,"bolussnooze":0,"activity":-5.0E-4,"lastBolusTime":0,"time":"2024-01-06T02:06:36.030Z","iobWithZeroTemp":{"iob":-0.38,"basaliob":-0.38,"bolussnooze":0,"activity":-0.0036,"lastBolusTime":0,"time":"2024-01-06T02:06:36.030Z"}},{"iob":-0.033,"basaliob":-0.033,"bolussnooze":0,"activity":-5.0E-4,"lastBolusTime":0,"time":"2024-01-06T02:11:36.030Z","iobWithZeroTemp":{"iob":-0.39,"basaliob":-0.39,"bolussnooze":0,"activity":-0.0038,"lastBolusTime":0,"time":"2024-01-06T02:11:36.030Z"}},{"iob":-0.031,"basaliob":-0.031,"bolussnooze":0,"activity":-5.0E-4,"lastBolusTime":0,"time":"2024-01-06T02:16:36.030Z","iobWithZeroTemp":{"iob":-0.399,"basaliob":-0.399,"bolussnooze":0,"activity":-0.004,"lastBolusTime":0,"time":"2024-01-06T02:16:36.030Z"}},{"iob":-0.028,"basaliob":-0.028,"bolussnooze":0,"activity":-4.0E-4,"lastBolusTime":0,"time":"2024-01-06T02:21:36.030Z","iobWithZeroTemp":{"iob":-0.406,"basaliob":-0.406,"bolussnooze":0,"activity":-0.004,"lastBolusTime":0,"time":"2024-01-06T02:21:36.030Z"}},{"iob":-0.026,"basaliob":-0.026,"bolussnooze":0,"activity":-4.0E-4,"lastBolusTime":0,"time":"2024-01-06T02:26:36.030Z","iobWithZeroTemp":{"iob":-0.414,"basaliob":-0.414,"bolussnooze":0,"activity":-0.0042,"lastBolusTime":0,"time":"2024-01-06T02:26:36.030Z"}},{"iob":-0.024,"basaliob":-0.024,"bolussnooze":0,"activity":-4.0E-4,"lastBolusTime":0,"time":"2024-01-06T02:31:36.030Z","iobWithZeroTemp":{"iob":-0.421,"basaliob":-0.421,"bolussnooze":0,"activity":-0.0043,"lastBolusTime":0,"time":"2024-01-06T02:31:36.030Z"}},{"iob":-0.022,"basaliob":-0.022,"bolussnooze":0,"activity":-4.0E-4,"lastBolusTime":0,"time":"2024-01-06T02:36:36.030Z","iobWithZeroTemp":{"iob":-0.427,"basaliob":-0.427,"bolussnooze":0,"activity":-0.0044,"lastBolusTime":0,"time":"2024-01-06T02:36:36.030Z"}},{"iob":-0.021,"basaliob":-0.021,"bolussnooze":0,"activity":-3.0E-4,"lastBolusTime":0,"time":"2024-01-06T02:41:36.030Z","iobWithZeroTemp":{"iob":-0.434,"basaliob":-0.434,"bolussnooze":0,"activity":-0.0045,"lastBolusTime":0,"time":"2024-01-06T02:41:36.030Z"}},{"iob":-0.019,"basaliob":-0.019,"bolussnooze":0,"activity":-3.0E-4,"lastBolusTime":0,"time":"2024-01-06T02:46:36.030Z","iobWithZeroTemp":{"iob":-0.439,"basaliob":-0.439,"bolussnooze":0,"activity":-0.0046,"lastBolusTime":0,"time":"2024-01-06T02:46:36.030Z"}},{"iob":-0.018,"basaliob":-0.018,"bolussnooze":0,"activity":-3.0E-4,"lastBolusTime":0,"time":"2024-01-06T02:51:36.030Z","iobWithZeroTemp":{"iob":-0.444,"basaliob":-0.444,"bolussnooze":0,"activity":-0.0047,"lastBolusTime":0,"time":"2024-01-06T02:51:36.030Z"}},{"iob":-0.016,"basaliob":-0.016,"bolussnooze":0,"activity":-3.0E-4,"lastBolusTime":0,"time":"2024-01-06T02:56:36.030Z","iobWithZeroTemp":{"iob":-0.448,"basaliob":-0.448,"bolussnooze":0,"activity":-0.0048,"lastBolusTime":0,"time":"2024-01-06T02:56:36.030Z"}},{"iob":-0.015,"basaliob":-0.015,"bolussnooze":0,"activity":-3.0E-4,"lastBolusTime":0,"time":"2024-01-06T03:01:36.030Z","iobWithZeroTemp":{"iob":-0.452,"basaliob":-0.452,"bolussnooze":0,"activity":-0.0049,"lastBolusTime":0,"time":"2024-01-06T03:01:36.030Z"}},{"iob":-0.014,"basaliob":-0.014,"bolussnooze":0,"activity":-2.0E-4,"lastBolusTime":0,"time":"2024-01-06T03:06:36.030Z","iobWithZeroTemp":{"iob":-0.457,"basaliob":-0.457,"bolussnooze":0,"activity":-0.0049,"lastBolusTime":0,"time":"2024-01-06T03:06:36.030Z"}},{"iob":-0.012,"basaliob":-0.012,"bolussnooze":0,"activity":-2.0E-4,"lastBolusTime":0,"time":"2024-01-06T03:11:36.030Z","iobWithZeroTemp":{"iob":-0.461,"basaliob":-0.461,"bolussnooze":0,"activity":-0.005,"lastBolusTime":0,"time":"2024-01-06T03:11:36.030Z"}},{"iob":-0.011,"basaliob":-0.011,"bolussnooze":0,"activity":-2.0E-4,"lastBolusTime":0,"time":"2024-01-06T03:16:36.030Z","iobWithZeroTemp":{"iob":-0.465,"basaliob":-0.465,"bolussnooze":0,"activity":-0.005,"lastBolusTime":0,"time":"2024-01-06T03:16:36.030Z"}},{"iob":-0.01,"basaliob":-0.01,"bolussnooze":0,"activity":-2.0E-4,"lastBolusTime":0,"time":"2024-01-06T03:21:36.030Z","iobWithZeroTemp":{"iob":-0.469,"basaliob":-0.469,"bolussnooze":0,"activity":-0.0051,"lastBolusTime":0,"time":"2024-01-06T03:21:36.030Z"}},{"iob":-0.009,"basaliob":-0.009,"bolussnooze":0,"activity":-2.0E-4,"lastBolusTime":0,"time":"2024-01-06T03:26:36.030Z","iobWithZeroTemp":{"iob":-0.472,"basaliob":-0.472,"bolussnooze":0,"activity":-0.0052,"lastBolusTime":0,"time":"2024-01-06T03:26:36.030Z"}},{"iob":-0.009,"basaliob":-0.009,"bolussnooze":0,"activity":-2.0E-4,"lastBolusTime":0,"time":"2024-01-06T03:31:36.030Z","iobWithZeroTemp":{"iob":-0.476,"basaliob":-0.476,"bolussnooze":0,"activity":-0.0053,"lastBolusTime":0,"time":"2024-01-06T03:31:36.030Z"}},{"iob":-0.008,"basaliob":-0.008,"bolussnooze":0,"activity":-1.0E-4,"lastBolusTime":0,"time":"2024-01-06T03:36:36.030Z","iobWithZeroTemp":{"iob":-0.479,"basaliob":-0.479,"bolussnooze":0,"activity":-0.0052,"lastBolusTime":0,"time":"2024-01-06T03:36:36.030Z"}},{"iob":-0.007,"basaliob":-0.007,"bolussnooze":0,"activity":-1.0E-4,"lastBolusTime":0,"time":"2024-01-06T03:41:36.030Z","iobWithZeroTemp":{"iob":-0.482,"basaliob":-0.482,"bolussnooze":0,"activity":-0.0053,"lastBolusTime":0,"time":"2024-01-06T03:41:36.030Z"}},{"iob":-0.007,"basaliob":-0.007,"bolussnooze":0,"activity":-1.0E-4,"lastBolusTime":0,"time":"2024-01-06T03:46:36.030Z","iobWithZeroTemp":{"iob":-0.485,"basaliob":-0.485,"bolussnooze":0,"activity":-0.0053,"lastBolusTime":0,"time":"2024-01-06T03:46:36.030Z"}},{"iob":-0.006,"basaliob":-0.006,"bolussnooze":0,"activity":-1.0E-4,"lastBolusTime":0,"time":"2024-01-06T03:51:36.030Z","iobWithZeroTemp":{"iob":-0.487,"basaliob":-0.487,"bolussnooze":0,"activity":-0.0054,"lastBolusTime":0,"time":"2024-01-06T03:51:36.030Z"}},{"iob":-0.005,"basaliob":-0.005,"bolussnooze":0,"activity":-1.0E-4,"lastBolusTime":0,"time":"2024-01-06T03:56:36.030Z","iobWithZeroTemp":{"iob":-0.488,"basaliob":-0.488,"bolussnooze":0,"activity":-0.0054,"lastBolusTime":0,"time":"2024-01-06T03:56:36.030Z"}},{"iob":-0.005,"basaliob":-0.005,"bolussnooze":0,"activity":-1.0E-4,"lastBolusTime":0,"time":"2024-01-06T04:01:36.030Z","iobWithZeroTemp":{"iob":-0.491,"basaliob":-0.491,"bolussnooze":0,"activity":-0.0055,"lastBolusTime":0,"time":"2024-01-06T04:01:36.030Z"}},{"iob":-0.004,"basaliob":-0.004,"bolussnooze":0,"activity":-1.0E-4,"lastBolusTime":0,"time":"2024-01-06T04:06:36.030Z","iobWithZeroTemp":{"iob":-0.495,"basaliob":-0.495,"bolussnooze":0,"activity":-0.0055,"lastBolusTime":0,"time":"2024-01-06T04:06:36.030Z"}},{"iob":-0.004,"basaliob":-0.004,"bolussnooze":0,"activity":-1.0E-4,"lastBolusTime":0,"time":"2024-01-06T04:11:36.030Z","iobWithZeroTemp":{"iob":-0.5,"basaliob":-0.5,"bolussnooze":0,"activity":-0.0056,"lastBolusTime":0,"time":"2024-01-06T04:11:36.030Z"}},{"iob":-0.004,"basaliob":-0.004,"bolussnooze":0,"activity":-1.0E-4,"lastBolusTime":0,"time":"2024-01-06T04:16:36.030Z","iobWithZeroTemp":{"iob":-0.505,"basaliob":-0.505,"bolussnooze":0,"activity":-0.0056,"lastBolusTime":0,"time":"2024-01-06T04:16:36.030Z"}},{"iob":-0.003,"basaliob":-0.003,"bolussnooze":0,"activity":-1.0E-4,"lastBolusTime":0,"time":"2024-01-06T04:21:36.030Z","iobWithZeroTemp":{"iob":-0.508,"basaliob":-0.508,"bolussnooze":0,"activity":-0.0057,"lastBolusTime":0,"time":"2024-01-06T04:21:36.030Z"}},{"iob":-0.003,"basaliob":-0.003,"bolussnooze":0,"activity":-1.0E-4,"lastBolusTime":0,"time":"2024-01-06T04:26:36.030Z","iobWithZeroTemp":{"iob":-0.513,"basaliob":-0.513,"bolussnooze":0,"activity":-0.0057,"lastBolusTime":0,"time":"2024-01-06T04:26:36.030Z"}},{"iob":-0.003,"basaliob":-0.003,"bolussnooze":0,"activity":-1.0E-4,"lastBolusTime":0,"time":"2024-01-06T04:31:36.030Z","iobWithZeroTemp":{"iob":-0.517,"basaliob":-0.517,"bolussnooze":0,"activity":-0.0058,"lastBolusTime":0,"time":"2024-01-06T04:31:36.030Z"}},{"iob":-0.002,"basaliob":-0.002,"bolussnooze":0,"activity":-1.0E-4,"lastBolusTime":0,"time":"2024-01-06T04:36:36.030Z","iobWithZeroTemp":{"iob":-0.52,"basaliob":-0.52,"bolussnooze":0,"activity":-0.0058,"lastBolusTime":0,"time":"2024-01-06T04:36:36.030Z"}}],"profile":{"max_iob":1,"type":"current","max_daily_basal":0.391,"max_basal":1.15,"min_bg":144,"max_bg":144,"target_bg":144,"carb_ratio":14.618357917185001,"sens":153.96499999999997,"max_daily_safety_multiplier":3,"current_basal_safety_multiplier":4,"lgsThreshold":69,"high_temptarget_raises_sensitivity":false,"low_temptarget_lowers_sensitivity":false,"sensitivity_raises_target":false,"resistance_lowers_target":false,"adv_target_adjustments":false,"exercise_mode":false,"half_basal_exercise_target":160,"maxCOB":120,"skip_neutral_temps":false,"remainingCarbsCap":90,"enableUAM":true,"A52_risk_enable":false,"SMBInterval":3,"enableSMB_with_COB":false,"enableSMB_with_temptarget":false,"allowSMB_with_high_temptarget":false,"enableSMB_always":false,"enableSMB_after_carbs":false,"maxSMBBasalMinutes":30,"maxUAMSMBBasalMinutes":30,"bolus_increment":0.05,"carbsReqThreshold":1,"current_basal":0.306,"temptargetSet":true,"autosens_max":1.2,"autosens_min":0.7,"variable_sens":312.1,"insulinDivisor":75,"TDD":9.347138428571425},"autosens_data":{"ratio":1},"meal_data":{"carbs":0,"mealCOB":0,"slopeFromMaxDeviation":0,"slopeFromMinDeviation":1.299,"lastBolusTime":1704452802638,"lastCarbTime":0},"microBolusAllowed":false,"currentTime":1704501698796,"flatBGsDetected":false,"tdd1D":9.141249999999994,"tdd7D":15.753158928571422,"tddLast24H":9.33374999999999,"tddLast4H":1.6024166666666662,"tddLast8to4H":1.835499999999999},"output":{"temp":"absolute","bg":64,"tick":"+0","eventualBG":54,"targetBG":144,"insulinReq":0,"deliverAt":"2024-01-06T00:41:38.796Z","sensitivityRatio":1,"variable_sens":312.1,"predBGs":{"IOB":[64,63,62,62,62,62,62,63,63,64,65,66,67,68,68,69,70,71,71,72,73,73,74,75,75,76,76,76,77,77,77,78,78,78,79,79,79,79,79,79,79,80],"ZT":[64,63,63,63,63,64,65,67,69,72,74,77,81,84,88,92,96,100,104,108,112,116,121,125,129,134,138,142]},"reason":"COB: 0, Dev: -30, BGI: -1, ISF: 312, CR: 14.62, Target: 144, minPredBG 71, minGuardBG 62, IOBpredBG 80; minGuardBG 62<92 75m left and 0 ~ req 0U\/hr: no temp required","COB":0,"IOB":-0.065,"timestamp":"2024-01-06T00:41:38.834Z"}}