{"algorithm":"OpenAPSSMBDynamicISFPlugin","input":{"glucoseStatus":{"glucose":96,"noise":0,"delta":-15,"short_avgdelta":-17.72,"long_avgdelta":-14.26,"date":1704449400000},"currenttemp":{"temp":"absolute","duration":80,"rate":0,"minutesrunning":10},"iob_data":[{"iob":-0.079,"basaliob":-0.079,"bolussnooze":0,"activity":-3.0E-4,"lastBolusTime":0,"time":"2024-01-05T10:11:23.865Z","iobWithZeroTemp":{"iob":-0.079,"basaliob":-0.079,"bolussnooze":0,"activity":-3.0E-4,"lastBolusTime":0,"time":"2024-01-05T10:11:23.865Z"}},{"iob":-0.077,"basaliob":-0.077,"bolussnooze":0,"activity":-4.0E-4,"lastBolusTime":0,"time":"2024-01-05T10:16:23.865Z","iobWithZeroTemp":{"iob":-0.1,"basaliob":-0.1,"bolussnooze":0,"activity":-4.0E-4,"lastBolusTime":0,"time":"2024-01-05T10:16:23.865Z"}},{"iob":-0.075,"basaliob":-0.075,"bolussnooze":0,"activity":-5.0E-4,"lastBolusTime":0,"time":"2024-01-05T10:21:23.865Z","iobWithZeroTemp":{"iob":-0.127,"basaliob":-0.127,"bolussnooze":0,"activity":-6.0E-4,"lastBolusTime":0,"time":"2024-01-05T10:21:23.865Z"}},{"iob":-0.073,"basaliob":-0.073,"bolussnooze":0,"activity":-6.0E-4,"lastBolusTime":0,"time":"2024-01-05T10:26:23.865Z","iobWithZeroTemp":{"iob":-0.154,"basaliob":-0.154,"bolussnooze":0,"activity":-8.0E-4,"lastBolusTime":0,"time":"2024-01-05T10:26:23.865Z"}},{"iob":-0.07,"basaliob":-0.07,"bolussnooze":0,"activity":-6.0E-4,"lastBolusTime":0,"time":"2024-01-05T10:31:23.865Z","iobWithZeroTemp":{"iob":-0.178,"basaliob":-0.178,"bolussnooze":0,"activity":-0.001,"lastBolusTime":0,"time":"2024-01-05T10:31:23.865Z"}},{"iob":-0.066,"basaliob":-0.066,"bolussnooze":0,"activity":-6.0E-4,"lastBolusTime":0,"time":"2024-01-05T10:36:23.865Z","iobWithZeroTemp":{"iob":-0.201,"basaliob":-0.201,"bolussnooze":0,"activity":-0.0012,"lastBolusTime":0,"time":"2024-01-05T10:36:23.865Z"}},{"iob":-0.063,"basaliob":-0.063,"bolussnooze":0,"activity":-7.0E-4,"lastBolusTime":0,"time":"2024-01-05T10:41:23.865Z","iobWithZeroTemp":{"iob":-0.223,"basaliob":-0.223,"bolussnooze":0,"activity":-0.0015,"lastBolusTime":0,"time":"2024-01-05T10:41:23.865Z"}},{"iob":-0.06,"basaliob":-0.06,"bolussnooze":0,"activity":-7.0E-4,"lastBolusTime":0,"time":"2024-01-05T10:46:23.865Z","iobWithZeroTemp":{"iob":-0.245,"basaliob":-0.245,"bolussnooze":0,"activity":-0.0017,"lastBolusTime":0,"time":"2024-01-05T10:46:23.865Z"}},{"iob":-0.057,"basaliob":-0.057,"bolussnooze":0,"activity":-7.0E-4,"lastBolusTime":0,"time":"2024-01-05T10:51:23.865Z","iobWithZeroTemp":{"iob":-0.265,"basaliob":-0.265,"bolussnooze":0,"activity":-0.002,"lastBolusTime":0,"time":"2024-01-05T10:51:23.865Z"}},{"iob":-0.053,"basaliob":-0.053,"bolussnooze":0,"activity":-7.0E-4,"lastBolusTime":0,"time":"2024-01-05T10:56:23.865Z","iobWithZeroTemp":{"iob":-0.284,"basaliob":-0.284,"bolussnooze":0,"activity":-0.0022,"lastBolusTime":0,"time":"2024-01-05T10:56:23.865Z"}},{"iob":-0.05,"basaliob":-0.05,"bolussnooze":0,"activity":-6.0E-4,"lastBolusTime":0,"time":"2024-01-05T11:01:23.865Z","iobWithZeroTemp":{"iob":-0.301,"basaliob":-0.301,"bolussnooze":0,"activity":-0.0024,"lastBolusTime":0,"time":"2024-01-05T11:01:23.865Z"}},{"iob":-0.047,"basaliob":-0.047,"bolussnooze":0,"activity":-6.0E-4,"lastBolusTime":0,"time":"2024-01-05T11:06:23.865Z","iobWithZeroTemp":{"iob":-0.319,"basaliob":-0.319,"bolussnooze":0,"activity":-0.0026,"lastBolusTime":0,"time":"2024-01-05T11:06:23.865Z"}},{"iob":-0.044,"basaliob":-0.044,"bolussnooze":0,"activity":-6.0E-4,"lastBolusTime":0,"time":"2024-01-05T11:11:23.865Z","iobWithZeroTemp":{"iob":-0.335,"basaliob":-0.335,"bolussnooze":0,"activity":-0.0029,"lastBolusTime":0,"time":"2024-01-05T11:11:23.865Z"}},{"iob":-0.041,"basaliob":-0.041,"bolussnooze":0,"activity":-6.0E-4,"lastBolusTime":0,"time":"2024-01-05T11:16:23.865Z","iobWithZeroTemp":{"iob":-0.351,"basaliob":-0.351,"bolussnooze":0,"activity":-0.0031,"lastBolusTime":0,"time":"2024-01-05T11:16:23.865Z"}},{"iob":-0.038,"basaliob":-0.038,"bolussnooze":0,"activity":-6.0E-4,"lastBolusTime":0,"time":"2024-01-05T11:21:23.865Z","iobWithZeroTemp":{"iob":-0.365,"basaliob":-0.365,"bolussnooze":0,"activity":-0.0033,"lastBolusTime":0,"time":"2024-01-05T11:21:23.865Z"}},{"iob":-0.035,"basaliob":-0.035,"bolussnooze":0,"activity":-5.0E-4,"lastBolusTime":0,"time":"2024-01-05T11:26:23.865Z","iobWithZeroTemp":{"iob":-0.377,"basaliob":-0.377,"bolussnooze":0,"activity":-0.0034,"lastBolusTime":0,"time":"2024-01-05T11:26:23.865Z"}},{"iob":-0.033,"basaliob":-0.033,"bolussnooze":0,"activity":-5.0E-4,"lastBolusTime":0,"time":"2024-01-05T11:31:23.865Z","iobWithZeroTemp":{"iob":-0.39,"basaliob":-0.39,"bolussnooze":0,"activity":-0.0036,"lastBolusTime":0,"time":"2024-01-05T11:31:23.865Z"}},{"iob":-0.03,"basaliob":-0.03,"bolussnooze":0,"activity":-5.0E-4,"lastBolusTime":0,"time":"2024-01-05T11:36:23.865Z","iobWithZeroTemp":{"iob":-0.401,"basaliob":-0.401,"bolussnooze":0,"activity":-0.0038,"lastBolusTime":0,"time":"2024-01-05T11:36:23.865Z"}},{"iob":-0.028,"basaliob":-0.028,"bolussnooze":0,"activity":-4.0E-4,"lastBolusTime":0,"time":"2024-01-05T11:41:23.865Z","iobWithZeroTemp":{"iob":-0.412,"basaliob":-0.412,"bolussnooze":0,"activity":-0.0039,"lastBolusTime":0,"time":"2024-01-05T11:41:23.865Z"}},{"iob":-0.026,"basaliob":-0.026,"bolussnooze":0,"activity":-4.0E-4,"lastBolusTime":0,"time":"2024-01-05T11:46:23.865Z","iobWithZeroTemp":{"iob":-0.422,"basaliob":-0.422,"bolussnooze":0,"activity":-0.0041,"lastBolusTime":0,"time":"2024-01-05T11:46:23.865Z"}},{"iob":-0.024,"basaliob":-0.024,"bolussnooze":0,"activity":-4.0E-4,"lastBolusTime":0,"time":"2024-01-05T11:51:23.865Z","iobWithZeroTemp":{"iob":-0.431,"basaliob":-0.431,"bolussnooze":0,"activity":-0.0043,"lastBolusTime":0,"time":"2024-01-05T11:51:23.865Z"}},{"iob":-0.022,"basaliob":-0.022,"bolussnooze":0,"activity":-4.0E-4,"lastBolusTime":0,"time":"2024-01-05T11:56:23.865Z","iobWithZeroTemp":{"iob":-0.439,"basaliob":-0.439,"bolussnooze":0,"activity":-0.0045,"lastBolusTime":0,"time":"2024-01-05T11:56:23.865Z"}},{"iob":-0.02,"basaliob":-0.02,"bolussnooze":0,"activity":-3.0E-4,"lastBolusTime":0,"time":"2024-01-05T12:01:23.865Z","iobWithZeroTemp":{"iob":-0.446,"basaliob":-0.446,"bolussnooze":0,"activity":-0.0045,"lastBolusTime":0,"time":"2024-01-05T12:01:23.865Z"}},{"iob":-0.018,"basaliob":-0.018,"bolussnooze":0,"activity":-3.0E-4,"lastBolusTime":0,"time":"2024-01-05T12:06:23.865Z","iobWithZeroTemp":{"iob":-0.452,"basaliob":-0.452,"bolussnooze":0,"activity":-0.0046,"lastBolusTime":0,"time":"2024-01-05T12:06:23.865Z"}},{"iob":-0.017,"basaliob":-0.017,"bolussnooze":0,"activity":-3.0E-4,"lastBolusTime":0,"time":"2024-01-05T12:11:23.865Z","iobWithZeroTemp":{"iob":-0.458,"basaliob":-0.458,"bolussnooze":0,"activity":-0.0048,"lastBolusTime":0,"time":"2024-01-05T12:11:23.865Z"}},{"iob":-0.015,"basaliob":-0.015,"bolussnooze":0,"activity":-3.0E-4,"lastBolusTime":0,"time":"2024-01-05T12:16:23.865Z","iobWithZeroTemp":{"iob":-0.463,"basaliob":-0.463,"bolussnooze":0,"activity":-0.0049,"lastBolusTime":0,"time":"2024-01-05T12:16:23.865Z"}},{"iob":-0.014,"basaliob":-0.014,"bolussnooze":0,"activity":-3.0E-4,"lastBolusTime":0,"time":"2024-01-05T12:21:23.865Z","iobWithZeroTemp":{"iob":-0.468,"basaliob":-0.468,"bolussnooze":0,"activity":-0.005,"lastBolusTime":0,"time":"2024-01-05T12:21:23.865Z"}},{"iob":-0.013,"basaliob":-0.013,"bolussnooze":0,"activity":-2.0E-4,"lastBolusTime":0,"time":"2024-01-05T12:26:23.865Z","iobWithZeroTemp":{"iob":-0.472,"basaliob":-0.472,"bolussnooze":0,"activity":-0.005,"lastBolusTime":0,"time":"2024-01-05T12:26:23.865Z"}},{"iob":-0.012,"basaliob":-0.012,"bolussnooze":0,"activity":-2.0E-4,"lastBolusTime":0,"time":"2024-01-05T12:31:23.865Z","iobWithZeroTemp":{"iob":-0.476,"basaliob":-0.476,"bolussnooze":0,"activity":-0.0051,"lastBolusTime":0,"time":"2024-01-05T12:31:23.865Z"}},{"iob":-0.011,"basaliob":-0.011,"bolussnooze":0,"activity":-2.0E-4,"lastBolusTime":0,"time":"2024-01-05T12:36:23.865Z","iobWithZeroTemp":{"iob":-0.48,"basaliob":-0.48,"bolussnooze":0,"activity":-0.0052,"lastBolusTime":0,"time":"2024-01-05T12:36:23.865Z"}},{"iob":-0.01,"basaliob":-0.01,"bolussnooze":0,"activity":-2.0E-4,"lastBolusTime":0,"time":"2024-01-05T12:41:23.865Z","iobWithZeroTemp":{"iob":-0.483,"basaliob":-0.483,"bolussnooze":0,"activity":-0.0053,"lastBolusTime":0,"time":"2024-01-05T12:41:23.865Z"}},{"iob":-0.009,"basaliob":-0.009,"bolussnooze":0,"activity":-2.0E-4,"lastBolusTime":0,"time":"2024-01-05T12:46:23.865Z","iobWithZeroTemp":{"iob":-0.486,"basaliob":-0.486,"bolussnooze":0,"activity":-0.0053,"lastBolusTime":0,"time":"2024-01-05T12:46:23.865Z"}},{"iob":-0.008,"basaliob":-0.008,"bolussnooze":0,"activity":-2.0E-4,"lastBolusTime":0,"time":"2024-01-05T12:51:23.865Z","iobWithZeroTemp":{"iob":-0.488,"basaliob":-0.488,"bolussnooze":0,"activity":-0.0054,"lastBolusTime":0,"time":"2024-01-05T12:51:23.865Z"}},{"iob":-0.007,"basaliob":-0.007,"bolussnooze":0,"activity":-1.0E-4,"lastBolusTime":0,"time":"2024-01-05T12:56:23.865Z","iobWithZeroTemp":{"iob":-0.49,"basaliob":-0.49,"bolussnooze":0,"activity":-0.0054,"lastBolusTime":0,"time":"2024-01-05T12:56:23.865Z"}},{"iob":-0.007,"basaliob":-0.007,"bolussnooze":0,"activity":-1.0E-4,"lastBolusTime":0,"time":"2024-01-05T13:01:23.865Z","iobWithZeroTemp":{"iob":-0.493,"basaliob":-0.493,"bolussnooze":0,"activity":-0.0054,"lastBolusTime":0,"time":"2024-01-05T13:01:23.865Z"}},{"iob":-0.006,"basaliob":-0.006,"bolussnooze":0,"activity":-1.0E-4,"lastBolusTime":0,"time":"2024-01-05T13:06:23.865Z","iobWithZeroTemp":{"iob":-0.494,"basaliob":-0.494,"bolussnooze":0,"activity":-0.0055,"lastBolusTime":0,"time":"2024-01-05T13:06:23.865Z"}},{"iob":-0.005,"basaliob":-0.005,"bolussnooze":0,"activity":-1.0E-4,"lastBolusTime":0,"time":"2024-01-05T13:11:23.865Z","iobWithZeroTemp":{"iob":-0.495,"basaliob":-0.495,"bolussnooze":0,"activity":-0.0055,"lastBolusTime":0,"time":"2024-01-05T13:11:23.865Z"}},{"iob":-0.005,"basaliob":-0.005,"bolussnooze":0,"activity":-1.0E-4,"lastBolusTime":0,"time":"2024-01-05T13:16:23.865Z","iobWithZeroTemp":{"iob":-0.497,"basaliob":-0.497,"bolussnooze":0,"activity":-0.0056,"lastBolusTime":0,"time":"2024-01-05T13:16:23.865Z"}},{"iob":-0.004,"basaliob":-0.004,"bolussnooze":0,"activity":-1.0E-4,"lastBolusTime":0,"time":"2024-01-05T13:21:23.865Z","iobWithZeroTemp":{"iob":-0.498,"basaliob":-0.498,"bolussnooze":0,"activity":-0.0056,"lastBolusTime":0,"time":"2024-01-05T13:21:23.865Z"}},{"iob":-0.004,"basaliob":-0.004,"bolussnooze":0,"activity":-1.0E-4,"lastBolusTime":0,"time":"2024-01-05T13:26:23.865Z","iobWithZeroTemp":{"iob":-0.499,"basaliob":-0.499,"bolussnooze":0,"activity":-0.0056,"lastBolusTime":0,"time":"2024-01-05T13:26:23.865Z"}},{"iob":-0.004,"basaliob":-0.004,"bolussnooze":0,"activity":-1.0E-4,"lastBolusTime":0,"time":"2024-01-05T13:31:23.865Z","iobWithZeroTemp":{"iob":-0.501,"basaliob":-0.501,"bolussnooze":0,"activity":-0.0057,"lastBolusTime":0,"time":"2024-01-05T13:31:23.865Z"}},{"iob":-0.003,"basaliob":-0.003,"bolussnooze":0,"activity":-1.0E-4,"lastBolusTime":0,"time":"2024-01-05T13:36:23.865Z","iobWithZeroTemp":{"iob":-0.501,"basaliob":-0.501,"bolussnooze":0,"activity":-0.0057,"lastBolusTime":0,"time":"2024-01-05T13:36:23.865Z"}},{"iob":-0.003,"basaliob":-0.003,"bolussnooze":0,"activity":-1.0E-4,"lastBolusTime":0,"time":"2024-01-05T13:41:23.865Z","iobWithZeroTemp":{"iob":-0.502,"basaliob":-0.502,"bolussnooze":0,"activity":-0.0057,"lastBolusTime":0,"time":"2024-01-05T13:41:23.865Z"}},{"iob":-0.003,"basaliob":-0.003,"bolussnooze":0,"activity":-1.0E-4,"lastBolusTime":0,"time":"2024-01-05T13:46:23.865Z","iobWithZeroTemp":{"iob":-0.503,"basaliob":-0.503,"bolussnooze":0,"activity":-0.0057,"lastBolusTime":0,"time":"2024-01-05T13:46:23.865Z"}},{"iob":-0.002,"basaliob":-0.002,"bolussnooze":0,"activity":-1.0E-4,"lastBolusTime":0,"time":"2024-01-05T13:51:23.865Z","iobWithZeroTemp":{"iob":-0.503,"basaliob":-0.503,"bolussnooze":0,"activity":-0.0058,"lastBolusTime":0,"time":"2024-01-05T13:51:23.865Z"}},{"iob":-0.002,"basaliob":-0.002,"bolussnooze":0,"activity":0,"lastBolusTime":0,"time":"2024-01-05T13:56:23.865Z","iobWithZeroTemp":{"iob":-0.504,"basaliob":-0.504,"bolussnooze":0,"activity":-0.0057,"lastBolusTime":0,"time":"2024-01-05T13:56:23.865Z"}},{"iob":-0.002,"basaliob":-0.002,"bolussnooze":0,"activity":0,"lastBolusTime":0,"time":"2024-01-05T14:01:23.865Z","iobWithZeroTemp":{"iob":-0.504,"basaliob":-0.504,"bolussnooze":0,"activity":-0.0057,"lastBolusTime":0,"time":"2024-01-05T14:01:23.865Z"}},{"iob":-0.002,"basaliob":-0.002,"bolussnooze":0,"activity":0,"lastBolusTime":0,"time":"2024-01-05T14:06:23.865Z","iobWithZeroTemp":{"iob":-0.506,"basaliob":-0.506,"bolussnooze":0,"activity":-0.0057,"lastBolusTime":0,"time":"2024-01-05T14:06:23.865Z"}}],"profile":{"max_iob":10,"type":"current","max_daily_basal":0.391,"max_basal":1.15,"min_bg":99,"max_bg":99,"target_bg":99,"carb_ratio":11.244890705526924,"sens":153.96499999999997,"max_daily_safety_multiplier":3,"current_basal_safety_multiplier":4,"lgsThreshold":69,"high_temptarget_raises_sensitivity":false,"low_temptarget_lowers_sensitivity":false,"sensitivity_raises_target":true,"resistance_lowers_target":true,"adv_target_adjustments":false,"exercise_mode":false,"half_basal_exercise_target":160,"maxCOB":120,"skip_neutral_temps":false,"remainingCarbsCap":90,"enableUAM":true,"A52_risk_enable":false,"SMBInterval":3,"enableSMB_with_COB":true,"enableSMB_with_temptarget":true,"allowSMB_with_high_temptarget":true,"enableSMB_always":true,"enableSMB_after_carbs":true,"maxSMBBasalMinutes":30,"maxUAMSMBBasalMinutes":30,"bolus_increment":0.05,"carbsReqThreshold":1,"current_basal":0.35,"temptargetSet":false,"autosens_max":1.2,"autosens_min":0.7,"variable_sens":345.5,"insulinDivisor":75,"TDD":6.321051793333335},"autosens_data":{"ratio":0.4884808580765684},"meal_data":{"carbs":0,"mealCOB":0,"slopeFromMaxDeviation":-3.5154000000000005,"slopeFromMinDeviation":0,"lastBolusTime":1704303367153,"lastCarbTime":0},"microBolusAllowed":true,"currentTime":1704449487160,"flatBGsDetected":false,"tdd1D":8.32800000000001,"tdd7D":16.942322023809517,"tddLast24H":8.276000000000016,"tddLast4H":1.3741666666666654,"tddLast8to4H":1.4720000000000002},"output":{"temp":"absolute","bg":96,"tick":-15,"eventualBG":34,"targetBG":140,"insulinReq":0,"deliverAt":"2024-01-05T10:11:27.160Z","sensitivityRatio":0.4884808580765684,"variable_sens":345.5,"predBGs":{"IOB":[96,80,65,53,42,39,39,39,39,39,39,39,39,39,39,39,39,39,39,39,39,39,39,39,39,39,39,39,40,41,41,42,43,43,43,44,44,44,45,45,45,46,46,46,47],"ZT":[96,97,97,98,100,101,103,106,109,112,115,119,123,127,131,136]},"reason":"COB: 0, Dev: -89, BGI: 1, ISF: 346, CR: 11.24, Target: 140, minPredBG 64, minGuardBG 15, IOBpredBG 47; minGuardBG 15<90 80m left and 0 ~ req 0U\/hr: no temp required","COB":0,"IOB":-0.079,"timestamp":"2024-01-05T10:11:27.187Z"}}