{"algorithm":"OpenAPSSMBDynamicISFPlugin","input":{"glucoseStatus":{"glucose":66,"noise":0,"delta":-15,"short_avgdelta":-10.44,"long_avgdelta":-12.33,"date":1704465000000},"currenttemp":{"temp":"absolute","duration":50,"rate":0,"minutesrunning":10},"iob_data":[{"iob":0.009,"basaliob":-0.003,"bolussnooze":0,"activity":0.0011,"lastBolusTime":1704452802638,"time":"2024-01-05T14:31:26.864Z","iobWithZeroTemp":{"iob":0.009,"basaliob":-0.003,"bolussnooze":0,"activity":0.0011,"lastBolusTime":1704452802638,"time":"2024-01-05T14:31:26.864Z"}},{"iob":0.004,"basaliob":-0.007,"bolussnooze":0,"activity":9.0E-4,"lastBolusTime":1704452802638,"time":"2024-01-05T14:36:26.864Z","iobWithZeroTemp":{"iob":-0.02,"basaliob":-0.031,"bolussnooze":0,"activity":9.0E-4,"lastBolusTime":1704452802638,"time":"2024-01-05T14:36:26.864Z"}},{"iob":0,"basaliob":-0.01,"bolussnooze":0,"activity":8.0E-4,"lastBolusTime":1704452802638,"time":"2024-01-05T14:41:26.864Z","iobWithZeroTemp":{"iob":-0.054,"basaliob":-0.064,"bolussnooze":0,"activity":7.0E-4,"lastBolusTime":1704452802638,"time":"2024-01-05T14:41:26.864Z"}},{"iob":-0.003,"basaliob":-0.012,"bolussnooze":0,"activity":6.0E-4,"lastBolusTime":1704452802638,"time":"2024-01-05T14:46:26.864Z","iobWithZeroTemp":{"iob":-0.086,"basaliob":-0.095,"bolussnooze":0,"activity":4.0E-4,"lastBolusTime":1704452802638,"time":"2024-01-05T14:46:26.864Z"}},{"iob":-0.006,"basaliob":-0.014,"bolussnooze":0,"activity":5.0E-4,"lastBolusTime":1704452802638,"time":"2024-01-05T14:51:26.864Z","iobWithZeroTemp":{"iob":-0.117,"basaliob":-0.125,"bolussnooze":0,"activity":1.0E-4,"lastBolusTime":1704452802638,"time":"2024-01-05T14:51:26.864Z"}},{"iob":-0.008,"basaliob":-0.015,"bolussnooze":0,"activity":3.0E-4,"lastBolusTime":1704452802638,"time":"2024-01-05T14:56:26.864Z","iobWithZeroTemp":{"iob":-0.146,"basaliob":-0.153,"bolussnooze":0,"activity":-3.0E-4,"lastBolusTime":1704452802638,"time":"2024-01-05T14:56:26.864Z"}},{"iob":-0.01,"basaliob":-0.016,"bolussnooze":0,"activity":2.0E-4,"lastBolusTime":1704452802638,"time":"2024-01-05T15:01:26.864Z","iobWithZeroTemp":{"iob":-0.175,"basaliob":-0.181,"bolussnooze":0,"activity":-6.0E-4,"lastBolusTime":1704452802638,"time":"2024-01-05T15:01:26.864Z"}},{"iob":-0.011,"basaliob":-0.017,"bolussnooze":0,"activity":2.0E-4,"lastBolusTime":1704452802638,"time":"2024-01-05T15:06:26.864Z","iobWithZeroTemp":{"iob":-0.2,"basaliob":-0.206,"bolussnooze":0,"activity":-9.0E-4,"lastBolusTime":1704452802638,"time":"2024-01-05T15:06:26.864Z"}},{"iob":-0.012,"basaliob":-0.017,"bolussnooze":0,"activity":1.0E-4,"lastBolusTime":1704452802638,"time":"2024-01-05T15:11:26.864Z","iobWithZeroTemp":{"iob":-0.225,"basaliob":-0.23,"bolussnooze":0,"activity":-0.0012,"lastBolusTime":1704452802638,"time":"2024-01-05T15:11:26.864Z"}},{"iob":-0.013,"basaliob":-0.017,"bolussnooze":0,"activity":1.0E-4,"lastBolusTime":1704452802638,"time":"2024-01-05T15:16:26.864Z","iobWithZeroTemp":{"iob":-0.248,"basaliob":-0.252,"bolussnooze":0,"activity":-0.0015,"lastBolusTime":1704452802638,"time":"2024-01-05T15:16:26.864Z"}},{"iob":-0.013,"basaliob":-0.017,"bolussnooze":0,"activity":0,"lastBolusTime":1704452802638,"time":"2024-01-05T15:21:26.864Z","iobWithZeroTemp":{"iob":-0.269,"basaliob":-0.273,"bolussnooze":0,"activity":-0.0018,"lastBolusTime":1704452802638,"time":"2024-01-05T15:21:26.864Z"}},{"iob":-0.012,"basaliob":-0.016,"bolussnooze":0,"activity":0,"lastBolusTime":1704452802638,"time":"2024-01-05T15:26:26.864Z","iobWithZeroTemp":{"iob":-0.288,"basaliob":-0.292,"bolussnooze":0,"activity":-0.0021,"lastBolusTime":1704452802638,"time":"2024-01-05T15:26:26.864Z"}},{"iob":-0.013,"basaliob":-0.016,"bolussnooze":0,"activity":0,"lastBolusTime":1704452802638,"time":"2024-01-05T15:31:26.864Z","iobWithZeroTemp":{"iob":-0.308,"basaliob":-0.311,"bolussnooze":0,"activity":-0.0023,"lastBolusTime":1704452802638,"time":"2024-01-05T15:31:26.864Z"}},{"iob":-0.012,"basaliob":-0.015,"bolussnooze":0,"activity":0,"lastBolusTime":1704452802638,"time":"2024-01-05T15:36:26.864Z","iobWithZeroTemp":{"iob":-0.324,"basaliob":-0.327,"bolussnooze":0,"activity":-0.0025,"lastBolusTime":1704452802638,"time":"2024-01-05T15:36:26.864Z"}},{"iob":-0.012,"basaliob":-0.015,"bolussnooze":0,"activity":0,"lastBolusTime":1704452802638,"time":"2024-01-05T15:41:26.864Z","iobWithZeroTemp":{"iob":-0.341,"basaliob":-0.344,"bolussnooze":0,"activity":-0.0028,"lastBolusTime":1704452802638,"time":"2024-01-05T15:41:26.864Z"}},{"iob":-0.012,"basaliob":-0.014,"bolussnooze":0,"activity":0,"lastBolusTime":1704452802638,"time":"2024-01-05T15:46:26.864Z","iobWithZeroTemp":{"iob":-0.356,"basaliob":-0.358,"bolussnooze":0,"activity":-0.003,"lastBolusTime":1704452802638,"time":"2024-01-05T15:46:26.864Z"}},{"iob":-0.012,"basaliob":-0.014,"bolussnooze":0,"activity":-1.0E-4,"lastBolusTime":1704452802638,"time":"2024-01-05T15:51:26.864Z","iobWithZeroTemp":{"iob":-0.37,"basaliob":-0.372,"bolussnooze":0,"activity":-0.0033,"lastBolusTime":1704452802638,"time":"2024-01-05T15:51:26.864Z"}},{"iob":-0.011,"basaliob":-0.013,"bolussnooze":0,"activity":-1.0E-4,"lastBolusTime":1704452802638,"time":"2024-01-05T15:56:26.864Z","iobWithZeroTemp":{"iob":-0.382,"basaliob":-0.384,"bolussnooze":0,"activity":-0.0035,"lastBolusTime":1704452802638,"time":"2024-01-05T15:56:26.864Z"}},{"iob":-0.01,"basaliob":-0.012,"bolussnooze":0,"activity":-1.0E-4,"lastBolusTime":1704452802638,"time":"2024-01-05T16:01:26.864Z","iobWithZeroTemp":{"iob":-0.393,"basaliob":-0.395,"bolussnooze":0,"activity":-0.0037,"lastBolusTime":1704452802638,"time":"2024-01-05T16:01:26.864Z"}},{"iob":-0.01,"basaliob":-0.011,"bolussnooze":0,"activity":-1.0E-4,"lastBolusTime":1704452802638,"time":"2024-01-05T16:06:26.864Z","iobWithZeroTemp":{"iob":-0.403,"basaliob":-0.404,"bolussnooze":0,"activity":-0.0038,"lastBolusTime":1704452802638,"time":"2024-01-05T16:06:26.864Z"}},{"iob":-0.01,"basaliob":-0.011,"bolussnooze":0,"activity":-1.0E-4,"lastBolusTime":1704452802638,"time":"2024-01-05T16:11:26.864Z","iobWithZeroTemp":{"iob":-0.412,"basaliob":-0.413,"bolussnooze":0,"activity":-0.004,"lastBolusTime":1704452802638,"time":"2024-01-05T16:11:26.864Z"}},{"iob":-0.009,"basaliob":-0.01,"bolussnooze":0,"activity":-1.0E-4,"lastBolusTime":1704452802638,"time":"2024-01-05T16:16:26.864Z","iobWithZeroTemp":{"iob":-0.419,"basaliob":-0.42,"bolussnooze":0,"activity":-0.0041,"lastBolusTime":1704452802638,"time":"2024-01-05T16:16:26.864Z"}},{"iob":-0.008,"basaliob":-0.009,"bolussnooze":0,"activity":-1.0E-4,"lastBolusTime":1704452802638,"time":"2024-01-05T16:21:26.864Z","iobWithZeroTemp":{"iob":-0.426,"basaliob":-0.427,"bolussnooze":0,"activity":-0.0043,"lastBolusTime":1704452802638,"time":"2024-01-05T16:21:26.864Z"}},{"iob":-0.008,"basaliob":-0.009,"bolussnooze":0,"activity":-1.0E-4,"lastBolusTime":1704452802638,"time":"2024-01-05T16:26:26.864Z","iobWithZeroTemp":{"iob":-0.433,"basaliob":-0.434,"bolussnooze":0,"activity":-0.0044,"lastBolusTime":1704452802638,"time":"2024-01-05T16:26:26.864Z"}},{"iob":-0.007,"basaliob":-0.008,"bolussnooze":0,"activity":-1.0E-4,"lastBolusTime":1704452802638,"time":"2024-01-05T16:31:26.864Z","iobWithZeroTemp":{"iob":-0.438,"basaliob":-0.439,"bolussnooze":0,"activity":-0.0045,"lastBolusTime":1704452802638,"time":"2024-01-05T16:31:26.864Z"}},{"iob":-0.007,"basaliob":-0.008,"bolussnooze":0,"activity":-1.0E-4,"lastBolusTime":1704452802638,"time":"2024-01-05T16:36:26.864Z","iobWithZeroTemp":{"iob":-0.443,"basaliob":-0.444,"bolussnooze":0,"activity":-0.0046,"lastBolusTime":1704452802638,"time":"2024-01-05T16:36:26.864Z"}},{"iob":-0.006,"basaliob":-0.007,"bolussnooze":0,"activity":-1.0E-4,"lastBolusTime":1704452802638,"time":"2024-01-05T16:41:26.864Z","iobWithZeroTemp":{"iob":-0.447,"basaliob":-0.448,"bolussnooze":0,"activity":-0.0047,"lastBolusTime":1704452802638,"time":"2024-01-05T16:41:26.864Z"}},{"iob":-0.007,"basaliob":-0.007,"bolussnooze":0,"activity":-1.0E-4,"lastBolusTime":1704452802638,"time":"2024-01-05T16:46:26.864Z","iobWithZeroTemp":{"iob":-0.453,"basaliob":-0.453,"bolussnooze":0,"activity":-0.0048,"lastBolusTime":1704452802638,"time":"2024-01-05T16:46:26.864Z"}},{"iob":-0.006,"basaliob":-0.006,"bolussnooze":0,"activity":-1.0E-4,"lastBolusTime":1704452802638,"time":"2024-01-05T16:51:26.864Z","iobWithZeroTemp":{"iob":-0.456,"basaliob":-0.456,"bolussnooze":0,"activity":-0.0049,"lastBolusTime":1704452802638,"time":"2024-01-05T16:51:26.864Z"}},{"iob":-0.006,"basaliob":-0.006,"bolussnooze":0,"activity":-1.0E-4,"lastBolusTime":1704452802638,"time":"2024-01-05T16:56:26.864Z","iobWithZeroTemp":{"iob":-0.46,"basaliob":-0.46,"bolussnooze":0,"activity":-0.005,"lastBolusTime":1704452802638,"time":"2024-01-05T16:56:26.864Z"}},{"iob":-0.005,"basaliob":-0.005,"bolussnooze":0,"activity":-1.0E-4,"lastBolusTime":1704452802638,"time":"2024-01-05T17:01:26.864Z","iobWithZeroTemp":{"iob":-0.463,"basaliob":-0.463,"bolussnooze":0,"activity":-0.005,"lastBolusTime":1704452802638,"time":"2024-01-05T17:01:26.864Z"}},{"iob":-0.005,"basaliob":-0.005,"bolussnooze":0,"activity":-1.0E-4,"lastBolusTime":1704452802638,"time":"2024-01-05T17:06:26.864Z","iobWithZeroTemp":{"iob":-0.466,"basaliob":-0.466,"bolussnooze":0,"activity":-0.0051,"lastBolusTime":1704452802638,"time":"2024-01-05T17:06:26.864Z"}},{"iob":-0.004,"basaliob":-0.004,"bolussnooze":0,"activity":-1.0E-4,"lastBolusTime":1704452802638,"time":"2024-01-05T17:11:26.864Z","iobWithZeroTemp":{"iob":-0.468,"basaliob":-0.468,"bolussnooze":0,"activity":-0.0052,"lastBolusTime":1704452802638,"time":"2024-01-05T17:11:26.864Z"}},{"iob":-0.004,"basaliob":-0.004,"bolussnooze":0,"activity":-1.0E-4,"lastBolusTime":1704452802638,"time":"2024-01-05T17:16:26.864Z","iobWithZeroTemp":{"iob":-0.471,"basaliob":-0.471,"bolussnooze":0,"activity":-0.0052,"lastBolusTime":1704452802638,"time":"2024-01-05T17:16:26.864Z"}},{"iob":-0.004,"basaliob":-0.004,"bolussnooze":0,"activity":-1.0E-4,"lastBolusTime":1704452802638,"time":"2024-01-05T17:21:26.864Z","iobWithZeroTemp":{"iob":-0.473,"basaliob":-0.473,"bolussnooze":0,"activity":-0.0053,"lastBolusTime":1704452802638,"time":"2024-01-05T17:21:26.864Z"}},{"iob":-0.003,"basaliob":-0.003,"bolussnooze":0,"activity":-1.0E-4,"lastBolusTime":1704452802638,"time":"2024-01-05T17:26:26.864Z","iobWithZeroTemp":{"iob":-0.475,"basaliob":-0.475,"bolussnooze":0,"activity":-0.0053,"lastBolusTime":1704452802638,"time":"2024-01-05T17:26:26.864Z"}},{"iob":-0.003,"basaliob":-0.003,"bolussnooze":0,"activity":-1.0E-4,"lastBolusTime":1704452802638,"time":"2024-01-05T17:31:26.864Z","iobWithZeroTemp":{"iob":-0.477,"basaliob":-0.477,"bolussnooze":0,"activity":-0.0054,"lastBolusTime":1704452802638,"time":"2024-01-05T17:31:26.864Z"}},{"iob":-0.003,"basaliob":-0.003,"bolussnooze":0,"activity":-1.0E-4,"lastBolusTime":1704452802638,"time":"2024-01-05T17:36:26.864Z","iobWithZeroTemp":{"iob":-0.479,"basaliob":-0.479,"bolussnooze":0,"activity":-0.0054,"lastBolusTime":1704452802638,"time":"2024-01-05T17:36:26.864Z"}},{"iob":-0.003,"basaliob":-0.003,"bolussnooze":0,"activity":0,"lastBolusTime":1704452802638,"time":"2024-01-05T17:41:26.864Z","iobWithZeroTemp":{"iob":-0.48,"basaliob":-0.48,"bolussnooze":0,"activity":-0.0053,"lastBolusTime":1704452802638,"time":"2024-01-05T17:41:26.864Z"}},{"iob":-0.002,"basaliob":-0.002,"bolussnooze":0,"activity":0,"lastBolusTime":1704452802638,"time":"2024-01-05T17:46:26.864Z","iobWithZeroTemp":{"iob":-0.481,"basaliob":-0.481,"bolussnooze":0,"activity":-0.0054,"lastBolusTime":1704452802638,"time":"2024-01-05T17:46:26.864Z"}},{"iob":-0.002,"basaliob":-0.002,"bolussnooze":0,"activity":0,"lastBolusTime":1704452802638,"time":"2024-01-05T17:51:26.864Z","iobWithZeroTemp":{"iob":-0.482,"basaliob":-0.482,"bolussnooze":0,"activity":-0.0054,"lastBolusTime":1704452802638,"time":"2024-01-05T17:51:26.864Z"}},{"iob":-0.002,"basaliob":-0.002,"bolussnooze":0,"activity":0,"lastBolusTime":1704452802638,"time":"2024-01-05T17:56:26.864Z","iobWithZeroTemp":{"iob":-0.484,"basaliob":-0.484,"bolussnooze":0,"activity":-0.0054,"lastBolusTime":1704452802638,"time":"2024-01-05T17:56:26.864Z"}},{"iob":-0.002,"basaliob":-0.002,"bolussnooze":0,"activity":0,"lastBolusTime":1704452802638,"time":"2024-01-05T18:01:26.864Z","iobWithZeroTemp":{"iob":-0.485,"basaliob":-0.485,"bolussnooze":0,"activity":-0.0054,"lastBolusTime":1704452802638,"time":"2024-01-05T18:01:26.864Z"}},{"iob":-0.002,"basaliob":-0.002,"bolussnooze":0,"activity":0,"lastBolusTime":1704452802638,"time":"2024-01-05T18:06:26.864Z","iobWithZeroTemp":{"iob":-0.487,"basaliob":-0.487,"bolussnooze":0,"activity":-0.0055,"lastBolusTime":1704452802638,"time":"2024-01-05T18:06:26.864Z"}},{"iob":-0.001,"basaliob":-0.001,"bolussnooze":0,"activity":0,"lastBolusTime":1704452802638,"time":"2024-01-05T18:11:26.864Z","iobWithZeroTemp":{"iob":-0.489,"basaliob":-0.489,"bolussnooze":0,"activity":-0.0055,"lastBolusTime":1704452802638,"time":"2024-01-05T18:11:26.864Z"}},{"iob":-0.001,"basaliob":-0.001,"bolussnooze":0,"activity":0,"lastBolusTime":1704452802638,"time":"2024-01-05T18:16:26.864Z","iobWithZeroTemp":{"iob":-0.491,"basaliob":-0.491,"bolussnooze":0,"activity":-0.0055,"lastBolusTime":1704452802638,"time":"2024-01-05T18:16:26.864Z"}},{"iob":-0.001,"basaliob":-0.001,"bolussnooze":0,"activity":0,"lastBolusTime":1704452802638,"time":"2024-01-05T18:21:26.864Z","iobWithZeroTemp":{"iob":-0.493,"basaliob":-0.493,"bolussnooze":0,"activity":-0.0055,"lastBolusTime":1704452802638,"time":"2024-01-05T18:21:26.864Z"}},{"iob":-0.001,"basaliob":-0.001,"bolussnooze":0,"activity":0,"lastBolusTime":1704452802638,"time":"2024-01-05T18:26:26.864Z","iobWithZeroTemp":{"iob":-0.495,"basaliob":-0.495,"bolussnooze":0,"activity":-0.0056,"lastBolusTime":1704452802638,"time":"2024-01-05T18:26:26.864Z"}}],"profile":{"max_iob":1,"type":"current","max_daily_basal":0.391,"max_basal":1.15,"min_bg":99,"max_bg":99,"target_bg":99,"carb_ratio":13.493868846632308,"sens":153.96499999999997,"max_daily_safety_multiplier":3,"current_basal_safety_multiplier":4,"lgsThreshold":69,"high_temptarget_raises_sensitivity":false,"low_temptarget_lowers_sensitivity":false,"sensitivity_raises_target":false,"resistance_lowers_target":false,"adv_target_adjustments":false,"exercise_mode":false,"half_basal_exercise_target":160,"maxCOB":120,"skip_neutral_temps":false,"remainingCarbsCap":90,"enableUAM":false,"A52_risk_enable":false,"SMBInterval":3,"enableSMB_with_COB":false,"enableSMB_with_temptarget":false,"allowSMB_with_high_temptarget":false,"enableSMB_always":false,"enableSMB_after_carbs":false,"maxSMBBasalMinutes":30,"maxUAMSMBBasalMinutes":30,"bolus_increment":0.05,"carbsReqThreshold":1,"current_basal":0.359,"temptargetSet":false,"autosens_max":1.2,"autosens_min":0.7,"variable_sens":308,"insulinDivisor":75,"TDD":9.25743079047619},"autosens_data":{"ratio":1},"meal_data":{"carbs":0,"mealCOB":0,"slopeFromMaxDeviation":-0.7669090909090909,"slopeFromMinDeviation":3.897333333333333,"lastBolusTime":1704452802638,"lastCarbTime":0},"microBolusAllowed":false,"currentTime":1704465090158,"flatBGsDetected":false,"tdd1D":8.32800000000001,"tdd7D":16.942322023809517,"tddLast24H":8.421833333333334,"tddLast4H":1.6769999999999998,"tddLast8to4H":1.2438333333333322},"output":{"temp":"absolute","bg":66,"tick":-15,"eventualBG":-1,"targetBG":99,"insulinReq":0,"deliverAt":"2024-01-05T14:31:30.158Z","sensitivityRatio":1,"variable_sens":308,"predBGs":{"IOB":[66,52,39,39,39,39,39,39,39,39,39,39,39],"ZT":[66,64,63,62,61,61,61,62,64,66,68,71,74,77,81,84,88,92,97]},"reason":"COB: 0, Dev: -64, BGI: -2, ISF: 308, CR: 13.49, Target: 99, minPredBG 39, minGuardBG -17, IOBpredBG 39; minGuardBG -17<70","COB":0,"IOB":0.009,"duration":60,"rate":0,"timestamp":"2024-01-05T14:31:30.192Z"}}