{"algorithm":"OpenAPSSMBDynamicISFPlugin","input":{"glucoseStatus":{"glucose":115,"noise":0,"delta":20,"short_avgdelta":16.06,"long_avgdelta":5.74,"date":1704510000000},"currenttemp":{"temp":"absolute","duration":25,"rate":0.7,"minutesrunning":5},"iob_data":[{"iob":-0.042,"basaliob":-0.042,"bolussnooze":0,"activity":-4.0E-4,"lastBolusTime":0,"time":"2024-01-06T03:01:38.232Z","iobWithZeroTemp":{"iob":-0.042,"basaliob":-0.042,"bolussnooze":0,"activity":-4.0E-4,"lastBolusTime":0,"time":"2024-01-06T03:01:38.232Z"}},{"iob":-0.04,"basaliob":-0.04,"bolussnooze":0,"activity":-4.0E-4,"lastBolusTime":0,"time":"2024-01-06T03:06:38.232Z","iobWithZeroTemp":{"iob":-0.063,"basaliob":-0.063,"bolussnooze":0,"activity":-4.0E-4,"lastBolusTime":0,"time":"2024-01-06T03:06:38.232Z"}},{"iob":-0.038,"basaliob":-0.038,"bolussnooze":0,"activity":-4.0E-4,"lastBolusTime":0,"time":"2024-01-06T03:11:38.232Z","iobWithZeroTemp":{"iob":-0.09,"basaliob":-0.09,"bolussnooze":0,"activity":-5.0E-4,"lastBolusTime":0,"time":"2024-01-06T03:11:38.232Z"}},{"iob":-0.036,"basaliob":-0.036,"bolussnooze":0,"activity":-4.0E-4,"lastBolusTime":0,"time":"2024-01-06T03:16:38.232Z","iobWithZeroTemp":{"iob":-0.117,"basaliob":-0.117,"bolussnooze":0,"activity":-6.0E-4,"lastBolusTime":0,"time":"2024-01-06T03:16:38.232Z"}},{"iob":-0.034,"basaliob":-0.034,"bolussnooze":0,"activity":-4.0E-4,"lastBolusTime":0,"time":"2024-01-06T03:21:38.232Z","iobWithZeroTemp":{"iob":-0.142,"basaliob":-0.142,"bolussnooze":0,"activity":-8.0E-4,"lastBolusTime":0,"time":"2024-01-06T03:21:38.232Z"}},{"iob":-0.032,"basaliob":-0.032,"bolussnooze":0,"activity":-4.0E-4,"lastBolusTime":0,"time":"2024-01-06T03:26:38.232Z","iobWithZeroTemp":{"iob":-0.167,"basaliob":-0.167,"bolussnooze":0,"activity":-0.001,"lastBolusTime":0,"time":"2024-01-06T03:26:38.232Z"}},{"iob":-0.03,"basaliob":-0.03,"bolussnooze":0,"activity":-4.0E-4,"lastBolusTime":0,"time":"2024-01-06T03:31:38.232Z","iobWithZeroTemp":{"iob":-0.19,"basaliob":-0.19,"bolussnooze":0,"activity":-0.0012,"lastBolusTime":0,"time":"2024-01-06T03:31:38.232Z"}},{"iob":-0.028,"basaliob":-0.028,"bolussnooze":0,"activity":-4.0E-4,"lastBolusTime":0,"time":"2024-01-06T03:36:38.232Z","iobWithZeroTemp":{"iob":-0.213,"basaliob":-0.213,"bolussnooze":0,"activity":-0.0014,"lastBolusTime":0,"time":"2024-01-06T03:36:38.232Z"}},{"iob":-0.026,"basaliob":-0.026,"bolussnooze":0,"activity":-4.0E-4,"lastBolusTime":0,"time":"2024-01-06T03:41:38.232Z","iobWithZeroTemp":{"iob":-0.234,"basaliob":-0.234,"bolussnooze":0,"activity":-0.0017,"lastBolusTime":0,"time":"2024-01-06T03:41:38.232Z"}},{"iob":-0.024,"basaliob":-0.024,"bolussnooze":0,"activity":-3.0E-4,"lastBolusTime":0,"time":"2024-01-06T03:46:38.232Z","iobWithZeroTemp":{"iob":-0.255,"basaliob":-0.255,"bolussnooze":0,"activity":-0.0018,"lastBolusTime":0,"time":"2024-01-06T03:46:38.232Z"}},{"iob":-0.022,"basaliob":-0.022,"bolussnooze":0,"activity":-3.0E-4,"lastBolusTime":0,"time":"2024-01-06T03:51:38.232Z","iobWithZeroTemp":{"iob":-0.273,"basaliob":-0.273,"bolussnooze":0,"activity":-0.0021,"lastBolusTime":0,"time":"2024-01-06T03:51:38.232Z"}},{"iob":-0.021,"basaliob":-0.021,"bolussnooze":0,"activity":-3.0E-4,"lastBolusTime":0,"time":"2024-01-06T03:56:38.232Z","iobWithZeroTemp":{"iob":-0.292,"basaliob":-0.292,"bolussnooze":0,"activity":-0.0023,"lastBolusTime":0,"time":"2024-01-06T03:56:38.232Z"}},{"iob":-0.019,"basaliob":-0.019,"bolussnooze":0,"activity":-3.0E-4,"lastBolusTime":0,"time":"2024-01-06T04:01:38.232Z","iobWithZeroTemp":{"iob":-0.309,"basaliob":-0.309,"bolussnooze":0,"activity":-0.0025,"lastBolusTime":0,"time":"2024-01-06T04:01:38.232Z"}},{"iob":-0.018,"basaliob":-0.018,"bolussnooze":0,"activity":-3.0E-4,"lastBolusTime":0,"time":"2024-01-06T04:06:38.232Z","iobWithZeroTemp":{"iob":-0.328,"basaliob":-0.328,"bolussnooze":0,"activity":-0.0028,"lastBolusTime":0,"time":"2024-01-06T04:06:38.232Z"}},{"iob":-0.016,"basaliob":-0.016,"bolussnooze":0,"activity":-3.0E-4,"lastBolusTime":0,"time":"2024-01-06T04:11:38.232Z","iobWithZeroTemp":{"iob":-0.346,"basaliob":-0.346,"bolussnooze":0,"activity":-0.003,"lastBolusTime":0,"time":"2024-01-06T04:11:38.232Z"}},{"iob":-0.015,"basaliob":-0.015,"bolussnooze":0,"activity":-2.0E-4,"lastBolusTime":0,"time":"2024-01-06T04:16:38.232Z","iobWithZeroTemp":{"iob":-0.363,"basaliob":-0.363,"bolussnooze":0,"activity":-0.0031,"lastBolusTime":0,"time":"2024-01-06T04:16:38.232Z"}},{"iob":-0.014,"basaliob":-0.014,"bolussnooze":0,"activity":-2.0E-4,"lastBolusTime":0,"time":"2024-01-06T04:21:38.232Z","iobWithZeroTemp":{"iob":-0.379,"basaliob":-0.379,"bolussnooze":0,"activity":-0.0034,"lastBolusTime":0,"time":"2024-01-06T04:21:38.232Z"}},{"iob":-0.013,"basaliob":-0.013,"bolussnooze":0,"activity":-2.0E-4,"lastBolusTime":0,"time":"2024-01-06T04:26:38.232Z","iobWithZeroTemp":{"iob":-0.394,"basaliob":-0.394,"bolussnooze":0,"activity":-0.0036,"lastBolusTime":0,"time":"2024-01-06T04:26:38.232Z"}},{"iob":-0.012,"basaliob":-0.012,"bolussnooze":0,"activity":-2.0E-4,"lastBolusTime":0,"time":"2024-01-06T04:31:38.232Z","iobWithZeroTemp":{"iob":-0.408,"basaliob":-0.408,"bolussnooze":0,"activity":-0.0038,"lastBolusTime":0,"time":"2024-01-06T04:31:38.232Z"}},{"iob":-0.011,"basaliob":-0.011,"bolussnooze":0,"activity":-2.0E-4,"lastBolusTime":0,"time":"2024-01-06T04:36:38.232Z","iobWithZeroTemp":{"iob":-0.42,"basaliob":-0.42,"bolussnooze":0,"activity":-0.004,"lastBolusTime":0,"time":"2024-01-06T04:36:38.232Z"}},{"iob":-0.01,"basaliob":-0.01,"bolussnooze":0,"activity":-2.0E-4,"lastBolusTime":0,"time":"2024-01-06T04:41:38.232Z","iobWithZeroTemp":{"iob":-0.432,"basaliob":-0.432,"bolussnooze":0,"activity":-0.0042,"lastBolusTime":0,"time":"2024-01-06T04:41:38.232Z"}},{"iob":-0.009,"basaliob":-0.009,"bolussnooze":0,"activity":-2.0E-4,"lastBolusTime":0,"time":"2024-01-06T04:46:38.232Z","iobWithZeroTemp":{"iob":-0.443,"basaliob":-0.443,"bolussnooze":0,"activity":-0.0044,"lastBolusTime":0,"time":"2024-01-06T04:46:38.232Z"}},{"iob":-0.008,"basaliob":-0.008,"bolussnooze":0,"activity":-1.0E-4,"lastBolusTime":0,"time":"2024-01-06T04:51:38.232Z","iobWithZeroTemp":{"iob":-0.453,"basaliob":-0.453,"bolussnooze":0,"activity":-0.0044,"lastBolusTime":0,"time":"2024-01-06T04:51:38.232Z"}},{"iob":-0.008,"basaliob":-0.008,"bolussnooze":0,"activity":-1.0E-4,"lastBolusTime":0,"time":"2024-01-06T04:56:38.232Z","iobWithZeroTemp":{"iob":-0.464,"basaliob":-0.464,"bolussnooze":0,"activity":-0.0046,"lastBolusTime":0,"time":"2024-01-06T04:56:38.232Z"}},{"iob":-0.007,"basaliob":-0.007,"bolussnooze":0,"activity":-1.0E-4,"lastBolusTime":0,"time":"2024-01-06T05:01:38.232Z","iobWithZeroTemp":{"iob":-0.472,"basaliob":-0.472,"bolussnooze":0,"activity":-0.0048,"lastBolusTime":0,"time":"2024-01-06T05:01:38.232Z"}},{"iob":-0.006,"basaliob":-0.006,"bolussnooze":0,"activity":-1.0E-4,"lastBolusTime":0,"time":"2024-01-06T05:06:38.232Z","iobWithZeroTemp":{"iob":-0.48,"basaliob":-0.48,"bolussnooze":0,"activity":-0.0049,"lastBolusTime":0,"time":"2024-01-06T05:06:38.232Z"}},{"iob":-0.006,"basaliob":-0.006,"bolussnooze":0,"activity":-1.0E-4,"lastBolusTime":0,"time":"2024-01-06T05:11:38.232Z","iobWithZeroTemp":{"iob":-0.488,"basaliob":-0.488,"bolussnooze":0,"activity":-0.005,"lastBolusTime":0,"time":"2024-01-06T05:11:38.232Z"}},{"iob":-0.005,"basaliob":-0.005,"bolussnooze":0,"activity":-1.0E-4,"lastBolusTime":0,"time":"2024-01-06T05:16:38.232Z","iobWithZeroTemp":{"iob":-0.494,"basaliob":-0.494,"bolussnooze":0,"activity":-0.0052,"lastBolusTime":0,"time":"2024-01-06T05:16:38.232Z"}},{"iob":-0.005,"basaliob":-0.005,"bolussnooze":0,"activity":-1.0E-4,"lastBolusTime":0,"time":"2024-01-06T05:21:38.232Z","iobWithZeroTemp":{"iob":-0.501,"basaliob":-0.501,"bolussnooze":0,"activity":-0.0053,"lastBolusTime":0,"time":"2024-01-06T05:21:38.232Z"}},{"iob":-0.004,"basaliob":-0.004,"bolussnooze":0,"activity":-1.0E-4,"lastBolusTime":0,"time":"2024-01-06T05:26:38.232Z","iobWithZeroTemp":{"iob":-0.506,"basaliob":-0.506,"bolussnooze":0,"activity":-0.0054,"lastBolusTime":0,"time":"2024-01-06T05:26:38.232Z"}},{"iob":-0.004,"basaliob":-0.004,"bolussnooze":0,"activity":-1.0E-4,"lastBolusTime":0,"time":"2024-01-06T05:31:38.232Z","iobWithZeroTemp":{"iob":-0.512,"basaliob":-0.512,"bolussnooze":0,"activity":-0.0055,"lastBolusTime":0,"time":"2024-01-06T05:31:38.232Z"}},{"iob":-0.004,"basaliob":-0.004,"bolussnooze":0,"activity":-1.0E-4,"lastBolusTime":0,"time":"2024-01-06T05:36:38.232Z","iobWithZeroTemp":{"iob":-0.517,"basaliob":-0.517,"bolussnooze":0,"activity":-0.0056,"lastBolusTime":0,"time":"2024-01-06T05:36:38.232Z"}},{"iob":-0.003,"basaliob":-0.003,"bolussnooze":0,"activity":-1.0E-4,"lastBolusTime":0,"time":"2024-01-06T05:41:38.232Z","iobWithZeroTemp":{"iob":-0.521,"basaliob":-0.521,"bolussnooze":0,"activity":-0.0057,"lastBolusTime":0,"time":"2024-01-06T05:41:38.232Z"}},{"iob":-0.003,"basaliob":-0.003,"bolussnooze":0,"activity":-1.0E-4,"lastBolusTime":0,"time":"2024-01-06T05:46:38.232Z","iobWithZeroTemp":{"iob":-0.525,"basaliob":-0.525,"bolussnooze":0,"activity":-0.0057,"lastBolusTime":0,"time":"2024-01-06T05:46:38.232Z"}},{"iob":-0.003,"basaliob":-0.003,"bolussnooze":0,"activity":-1.0E-4,"lastBolusTime":0,"time":"2024-01-06T05:51:38.232Z","iobWithZeroTemp":{"iob":-0.529,"basaliob":-0.529,"bolussnooze":0,"activity":-0.0058,"lastBolusTime":0,"time":"2024-01-06T05:51:38.232Z"}},{"iob":-0.002,"basaliob":-0.002,"bolussnooze":0,"activity":0,"lastBolusTime":0,"time":"2024-01-06T05:56:38.232Z","iobWithZeroTemp":{"iob":-0.532,"basaliob":-0.532,"bolussnooze":0,"activity":-0.0058,"lastBolusTime":0,"time":"2024-01-06T05:56:38.232Z"}},{"iob":-0.002,"basaliob":-0.002,"bolussnooze":0,"activity":0,"lastBolusTime":0,"time":"2024-01-06T06:01:38.232Z","iobWithZeroTemp":{"iob":-0.535,"basaliob":-0.535,"bolussnooze":0,"activity":-0.0058,"lastBolusTime":0,"time":"2024-01-06T06:01:38.232Z"}},{"iob":-0.002,"basaliob":-0.002,"bolussnooze":0,"activity":0,"lastBolusTime":0,"time":"2024-01-06T06:06:38.232Z","iobWithZeroTemp":{"iob":-0.538,"basaliob":-0.538,"bolussnooze":0,"activity":-0.0059,"lastBolusTime":0,"time":"2024-01-06T06:06:38.232Z"}},{"iob":-0.002,"basaliob":-0.002,"bolussnooze":0,"activity":0,"lastBolusTime":0,"time":"2024-01-06T06:11:38.232Z","iobWithZeroTemp":{"iob":-0.541,"basaliob":-0.541,"bolussnooze":0,"activity":-0.006,"lastBolusTime":0,"time":"2024-01-06T06:11:38.232Z"}},{"iob":-0.002,"basaliob":-0.002,"bolussnooze":0,"activity":0,"lastBolusTime":0,"time":"2024-01-06T06:16:38.232Z","iobWithZeroTemp":{"iob":-0.544,"basaliob":-0.544,"bolussnooze":0,"activity":-0.006,"lastBolusTime":0,"time":"2024-01-06T06:16:38.232Z"}},{"iob":-0.001,"basaliob":-0.001,"bolussnooze":0,"activity":0,"lastBolusTime":0,"time":"2024-01-06T06:21:38.232Z","iobWithZeroTemp":{"iob":-0.546,"basaliob":-0.546,"bolussnooze":0,"activity":-0.006,"lastBolusTime":0,"time":"2024-01-06T06:21:38.232Z"}},{"iob":-0.001,"basaliob":-0.001,"bolussnooze":0,"activity":0,"lastBolusTime":0,"time":"2024-01-06T06:26:38.232Z","iobWithZeroTemp":{"iob":-0.548,"basaliob":-0.548,"bolussnooze":0,"activity":-0.0061,"lastBolusTime":0,"time":"2024-01-06T06:26:38.232Z"}},{"iob":-0.001,"basaliob":-0.001,"bolussnooze":0,"activity":0,"lastBolusTime":0,"time":"2024-01-06T06:31:38.232Z","iobWithZeroTemp":{"iob":-0.55,"basaliob":-0.55,"bolussnooze":0,"activity":-0.0061,"lastBolusTime":0,"time":"2024-01-06T06:31:38.232Z"}},{"iob":-0.001,"basaliob":-0.001,"bolussnooze":0,"activity":0,"lastBolusTime":0,"time":"2024-01-06T06:36:38.232Z","iobWithZeroTemp":{"iob":-0.552,"basaliob":-0.552,"bolussnooze":0,"activity":-0.0062,"lastBolusTime":0,"time":"2024-01-06T06:36:38.232Z"}},{"iob":-0.001,"basaliob":-0.001,"bolussnooze":0,"activity":0,"lastBolusTime":0,"time":"2024-01-06T06:41:38.232Z","iobWithZeroTemp":{"iob":-0.554,"basaliob":-0.554,"bolussnooze":0,"activity":-0.0062,"lastBolusTime":0,"time":"2024-01-06T06:41:38.232Z"}},{"iob":-0.001,"basaliob":-0.001,"bolussnooze":0,"activity":0,"lastBolusTime":0,"time":"2024-01-06T06:46:38.232Z","iobWithZeroTemp":{"iob":-0.555,"basaliob":-0.555,"bolussnooze":0,"activity":-0.0062,"lastBolusTime":0,"time":"2024-01-06T06:46:38.232Z"}},{"iob":-0.001,"basaliob":-0.001,"bolussnooze":0,"activity":0,"lastBolusTime":0,"time":"2024-01-06T06:51:38.232Z","iobWithZeroTemp":{"iob":-0.557,"basaliob":-0.557,"bolussnooze":0,"activity":-0.0063,"lastBolusTime":0,"time":"2024-01-06T06:51:38.232Z"}},{"iob":-0.001,"basaliob":-0.001,"bolussnooze":0,"activity":0,"lastBolusTime":0,"time":"2024-01-06T06:56:38.232Z","iobWithZeroTemp":{"iob":-0.558,"basaliob":-0.558,"bolussnooze":0,"activity":-0.0063,"lastBolusTime":0,"time":"2024-01-06T06:56:38.232Z"}}],"profile":{"max_iob":1,"type":"current","max_daily_basal":0.391,"max_basal":1.15,"min_bg":99,"max_bg":99,"target_bg":99,"carb_ratio":14.618357917185001,"sens":153.96499999999997,"max_daily_safety_multiplier":3,"current_basal_safety_multiplier":4,"lgsThreshold":69,"high_temptarget_raises_sensitivity":false,"low_temptarget_lowers_sensitivity":false,"sensitivity_raises_target":false,"resistance_lowers_target":false,"adv_target_adjustments":false,"exercise_mode":false,"half_basal_exercise_target":160,"maxCOB":120,"skip_neutral_temps":false,"remainingCarbsCap":90,"enableUAM":true,"A52_risk_enable":false,"SMBInterval":3,"enableSMB_with_COB":false,"enableSMB_with_temptarget":false,"allowSMB_with_high_temptarget":false,"enableSMB_always":false,"enableSMB_after_carbs":false,"maxSMBBasalMinutes":30,"maxUAMSMBBasalMinutes":30,"bolus_increment":0.05,"carbsReqThreshold":1,"current_basal":0.35,"temptargetSet":false,"autosens_max":1.2,"autosens_min":0.7,"variable_sens":211,"insulinDivisor":75,"TDD":9.177294028571424},"autosens_data":{"ratio":1},"meal_data":{"carbs":0,"mealCOB":0,"slopeFromMaxDeviation":0,"slopeFromMinDeviation":3.3532222222222225,"lastBolusTime":1704452802638,"lastCarbTime":0},"microBolusAllowed":false,"currentTime":1704510100883,"flatBGsDetected":false,"tdd1D":9.141249999999994,"tdd7D":15.753158928571422,"tddLast24H":9.34191666666666,"tddLast4H":1.4836666666666662,"tddLast8to4H":1.7551666666666659},"output":{"temp":"absolute","bg":115,"tick":"+20","eventualBG":222,"targetBG":99,"insulinReq":0.55,"deliverAt":"2024-01-06T03:01:40.883Z","sensitivityRatio":1,"variable_sens":211,"predBGs":{"IOB":[115,130,143,155,166,175,184,190,196,200,203,204,205,205,205,205,205,206,206,206,206,206,206,206,206,207],"ZT":[115,115,116,116,117,118,119],"UAM":[115,130,144,156,168,178,187,195,202,208,213,216,219,220,220,221,221,221,221,221,221,221,222]},"reason":"COB: 0, Dev: 94, BGI: 0, ISF: 211, CR: 14.62, Target: 99, minPredBG 215, minGuardBG 130, IOBpredBG 207, UAMpredBG 222; Eventual BG 222 >= 99, adj. req. rate: 1.45 to maxSafeBasal: 1.15, temp 0.70 < 1.15U\/hr. ","COB":0,"IOB":-0.042,"duration":30,"rate":1.15,"timestamp":"2024-01-06T03:01:40.911Z"}}