{"algorithm":"OpenAPSSMBDynamicISFPlugin","input":{"glucoseStatus":{"glucose":171,"noise":0,"delta":29,"short_avgdelta":26.94,"long_avgdelta":14.46,"date":1704525000000},"currenttemp":{"temp":"absolute","duration":0,"rate":0},"iob_data":[{"iob":0.047,"basaliob":0.047,"bolussnooze":0,"activity":4.0E-4,"lastBolusTime":0,"time":"2024-01-06T07:11:42.107Z","iobWithZeroTemp":{"iob":0.047,"basaliob":0.047,"bolussnooze":0,"activity":4.0E-4,"lastBolusTime":0,"time":"2024-01-06T07:11:42.107Z"}},{"iob":0.044,"basaliob":0.044,"bolussnooze":0,"activity":4.0E-4,"lastBolusTime":0,"time":"2024-01-06T07:16:42.107Z","iobWithZeroTemp":{"iob":0.02,"basaliob":0.02,"bolussnooze":0,"activity":4.0E-4,"lastBolusTime":0,"time":"2024-01-06T07:16:42.107Z"}},{"iob":0.042,"basaliob":0.042,"bolussnooze":0,"activity":4.0E-4,"lastBolusTime":0,"time":"2024-01-06T07:21:42.107Z","iobWithZeroTemp":{"iob":-0.012,"basaliob":-0.012,"bolussnooze":0,"activity":3.0E-4,"lastBolusTime":0,"time":"2024-01-06T07:21:42.107Z"}},{"iob":0.04,"basaliob":0.04,"bolussnooze":0,"activity":5.0E-4,"lastBolusTime":0,"time":"2024-01-06T07:26:42.107Z","iobWithZeroTemp":{"iob":-0.044,"basaliob":-0.044,"bolussnooze":0,"activity":3.0E-4,"lastBolusTime":0,"time":"2024-01-06T07:26:42.107Z"}},{"iob":0.038,"basaliob":0.038,"bolussnooze":0,"activity":5.0E-4,"lastBolusTime":0,"time":"2024-01-06T07:31:42.107Z","iobWithZeroTemp":{"iob":-0.075,"basaliob":-0.075,"bolussnooze":0,"activity":1.0E-4,"lastBolusTime":0,"time":"2024-01-06T07:31:42.107Z"}},{"iob":0.035,"basaliob":0.035,"bolussnooze":0,"activity":4.0E-4,"lastBolusTime":0,"time":"2024-01-06T07:36:42.107Z","iobWithZeroTemp":{"iob":-0.106,"basaliob":-0.106,"bolussnooze":0,"activity":-2.0E-4,"lastBolusTime":0,"time":"2024-01-06T07:36:42.107Z"}},{"iob":0.033,"basaliob":0.033,"bolussnooze":0,"activity":4.0E-4,"lastBolusTime":0,"time":"2024-01-06T07:41:42.107Z","iobWithZeroTemp":{"iob":-0.134,"basaliob":-0.134,"bolussnooze":0,"activity":-5.0E-4,"lastBolusTime":0,"time":"2024-01-06T07:41:42.107Z"}},{"iob":0.031,"basaliob":0.031,"bolussnooze":0,"activity":4.0E-4,"lastBolusTime":0,"time":"2024-01-06T07:46:42.107Z","iobWithZeroTemp":{"iob":-0.162,"basaliob":-0.162,"bolussnooze":0,"activity":-7.0E-4,"lastBolusTime":0,"time":"2024-01-06T07:46:42.107Z"}},{"iob":0.029,"basaliob":0.029,"bolussnooze":0,"activity":4.0E-4,"lastBolusTime":0,"time":"2024-01-06T07:51:42.107Z","iobWithZeroTemp":{"iob":-0.188,"basaliob":-0.188,"bolussnooze":0,"activity":-9.0E-4,"lastBolusTime":0,"time":"2024-01-06T07:51:42.107Z"}},{"iob":0.027,"basaliob":0.027,"bolussnooze":0,"activity":4.0E-4,"lastBolusTime":0,"time":"2024-01-06T07:56:42.107Z","iobWithZeroTemp":{"iob":-0.213,"basaliob":-0.213,"bolussnooze":0,"activity":-0.0012,"lastBolusTime":0,"time":"2024-01-06T07:56:42.107Z"}},{"iob":0.025,"basaliob":0.025,"bolussnooze":0,"activity":4.0E-4,"lastBolusTime":0,"time":"2024-01-06T08:01:42.107Z","iobWithZeroTemp":{"iob":-0.237,"basaliob":-0.237,"bolussnooze":0,"activity":-0.0014,"lastBolusTime":0,"time":"2024-01-06T08:01:42.107Z"}},{"iob":0.023,"basaliob":0.023,"bolussnooze":0,"activity":4.0E-4,"lastBolusTime":0,"time":"2024-01-06T08:06:42.107Z","iobWithZeroTemp":{"iob":-0.258,"basaliob":-0.258,"bolussnooze":0,"activity":-0.0017,"lastBolusTime":0,"time":"2024-01-06T08:06:42.107Z"}},{"iob":0.022,"basaliob":0.022,"bolussnooze":0,"activity":3.0E-4,"lastBolusTime":0,"time":"2024-01-06T08:11:42.107Z","iobWithZeroTemp":{"iob":-0.276,"basaliob":-0.276,"bolussnooze":0,"activity":-0.002,"lastBolusTime":0,"time":"2024-01-06T08:11:42.107Z"}},{"iob":0.02,"basaliob":0.02,"bolussnooze":0,"activity":3.0E-4,"lastBolusTime":0,"time":"2024-01-06T08:16:42.107Z","iobWithZeroTemp":{"iob":-0.294,"basaliob":-0.294,"bolussnooze":0,"activity":-0.0023,"lastBolusTime":0,"time":"2024-01-06T08:16:42.107Z"}},{"iob":0.018,"basaliob":0.018,"bolussnooze":0,"activity":3.0E-4,"lastBolusTime":0,"time":"2024-01-06T08:21:42.107Z","iobWithZeroTemp":{"iob":-0.311,"basaliob":-0.311,"bolussnooze":0,"activity":-0.0025,"lastBolusTime":0,"time":"2024-01-06T08:21:42.107Z"}},{"iob":0.017,"basaliob":0.017,"bolussnooze":0,"activity":3.0E-4,"lastBolusTime":0,"time":"2024-01-06T08:26:42.107Z","iobWithZeroTemp":{"iob":-0.326,"basaliob":-0.326,"bolussnooze":0,"activity":-0.0027,"lastBolusTime":0,"time":"2024-01-06T08:26:42.107Z"}},{"iob":0.016,"basaliob":0.016,"bolussnooze":0,"activity":3.0E-4,"lastBolusTime":0,"time":"2024-01-06T08:31:42.107Z","iobWithZeroTemp":{"iob":-0.34,"basaliob":-0.34,"bolussnooze":0,"activity":-0.0029,"lastBolusTime":0,"time":"2024-01-06T08:31:42.107Z"}},{"iob":0.014,"basaliob":0.014,"bolussnooze":0,"activity":2.0E-4,"lastBolusTime":0,"time":"2024-01-06T08:36:42.107Z","iobWithZeroTemp":{"iob":-0.354,"basaliob":-0.354,"bolussnooze":0,"activity":-0.0032,"lastBolusTime":0,"time":"2024-01-06T08:36:42.107Z"}},{"iob":0.013,"basaliob":0.013,"bolussnooze":0,"activity":2.0E-4,"lastBolusTime":0,"time":"2024-01-06T08:41:42.107Z","iobWithZeroTemp":{"iob":-0.366,"basaliob":-0.366,"bolussnooze":0,"activity":-0.0034,"lastBolusTime":0,"time":"2024-01-06T08:41:42.107Z"}},{"iob":0.012,"basaliob":0.012,"bolussnooze":0,"activity":2.0E-4,"lastBolusTime":0,"time":"2024-01-06T08:46:42.107Z","iobWithZeroTemp":{"iob":-0.377,"basaliob":-0.377,"bolussnooze":0,"activity":-0.0035,"lastBolusTime":0,"time":"2024-01-06T08:46:42.107Z"}},{"iob":0.011,"basaliob":0.011,"bolussnooze":0,"activity":2.0E-4,"lastBolusTime":0,"time":"2024-01-06T08:51:42.107Z","iobWithZeroTemp":{"iob":-0.387,"basaliob":-0.387,"bolussnooze":0,"activity":-0.0037,"lastBolusTime":0,"time":"2024-01-06T08:51:42.107Z"}},{"iob":0.01,"basaliob":0.01,"bolussnooze":0,"activity":2.0E-4,"lastBolusTime":0,"time":"2024-01-06T08:56:42.107Z","iobWithZeroTemp":{"iob":-0.397,"basaliob":-0.397,"bolussnooze":0,"activity":-0.0038,"lastBolusTime":0,"time":"2024-01-06T08:56:42.107Z"}},{"iob":0.009,"basaliob":0.009,"bolussnooze":0,"activity":2.0E-4,"lastBolusTime":0,"time":"2024-01-06T09:01:42.107Z","iobWithZeroTemp":{"iob":-0.406,"basaliob":-0.406,"bolussnooze":0,"activity":-0.004,"lastBolusTime":0,"time":"2024-01-06T09:01:42.107Z"}},{"iob":0.008,"basaliob":0.008,"bolussnooze":0,"activity":2.0E-4,"lastBolusTime":0,"time":"2024-01-06T09:06:42.107Z","iobWithZeroTemp":{"iob":-0.414,"basaliob":-0.414,"bolussnooze":0,"activity":-0.0041,"lastBolusTime":0,"time":"2024-01-06T09:06:42.107Z"}},{"iob":0.008,"basaliob":0.008,"bolussnooze":0,"activity":1.0E-4,"lastBolusTime":0,"time":"2024-01-06T09:11:42.107Z","iobWithZeroTemp":{"iob":-0.42,"basaliob":-0.42,"bolussnooze":0,"activity":-0.0043,"lastBolusTime":0,"time":"2024-01-06T09:11:42.107Z"}},{"iob":0.007,"basaliob":0.007,"bolussnooze":0,"activity":1.0E-4,"lastBolusTime":0,"time":"2024-01-06T09:16:42.107Z","iobWithZeroTemp":{"iob":-0.427,"basaliob":-0.427,"bolussnooze":0,"activity":-0.0044,"lastBolusTime":0,"time":"2024-01-06T09:16:42.107Z"}},{"iob":0.006,"basaliob":0.006,"bolussnooze":0,"activity":1.0E-4,"lastBolusTime":0,"time":"2024-01-06T09:21:42.107Z","iobWithZeroTemp":{"iob":-0.433,"basaliob":-0.433,"bolussnooze":0,"activity":-0.0045,"lastBolusTime":0,"time":"2024-01-06T09:21:42.107Z"}},{"iob":0.006,"basaliob":0.006,"bolussnooze":0,"activity":1.0E-4,"lastBolusTime":0,"time":"2024-01-06T09:26:42.107Z","iobWithZeroTemp":{"iob":-0.438,"basaliob":-0.438,"bolussnooze":0,"activity":-0.0046,"lastBolusTime":0,"time":"2024-01-06T09:26:42.107Z"}},{"iob":0.005,"basaliob":0.005,"bolussnooze":0,"activity":1.0E-4,"lastBolusTime":0,"time":"2024-01-06T09:31:42.107Z","iobWithZeroTemp":{"iob":-0.444,"basaliob":-0.444,"bolussnooze":0,"activity":-0.0047,"lastBolusTime":0,"time":"2024-01-06T09:31:42.107Z"}},{"iob":0.005,"basaliob":0.005,"bolussnooze":0,"activity":1.0E-4,"lastBolusTime":0,"time":"2024-01-06T09:36:42.107Z","iobWithZeroTemp":{"iob":-0.448,"basaliob":-0.448,"bolussnooze":0,"activity":-0.0048,"lastBolusTime":0,"time":"2024-01-06T09:36:42.107Z"}},{"iob":0.004,"basaliob":0.004,"bolussnooze":0,"activity":1.0E-4,"lastBolusTime":0,"time":"2024-01-06T09:41:42.107Z","iobWithZeroTemp":{"iob":-0.452,"basaliob":-0.452,"bolussnooze":0,"activity":-0.0048,"lastBolusTime":0,"time":"2024-01-06T09:41:42.107Z"}},{"iob":0.004,"basaliob":0.004,"bolussnooze":0,"activity":1.0E-4,"lastBolusTime":0,"time":"2024-01-06T09:46:42.107Z","iobWithZeroTemp":{"iob":-0.456,"basaliob":-0.456,"bolussnooze":0,"activity":-0.0049,"lastBolusTime":0,"time":"2024-01-06T09:46:42.107Z"}},{"iob":0.004,"basaliob":0.004,"bolussnooze":0,"activity":1.0E-4,"lastBolusTime":0,"time":"2024-01-06T09:51:42.107Z","iobWithZeroTemp":{"iob":-0.459,"basaliob":-0.459,"bolussnooze":0,"activity":-0.0049,"lastBolusTime":0,"time":"2024-01-06T09:51:42.107Z"}},{"iob":0.003,"basaliob":0.003,"bolussnooze":0,"activity":1.0E-4,"lastBolusTime":0,"time":"2024-01-06T09:56:42.107Z","iobWithZeroTemp":{"iob":-0.462,"basaliob":-0.462,"bolussnooze":0,"activity":-0.005,"lastBolusTime":0,"time":"2024-01-06T09:56:42.107Z"}},{"iob":0.003,"basaliob":0.003,"bolussnooze":0,"activity":1.0E-4,"lastBolusTime":0,"time":"2024-01-06T10:01:42.107Z","iobWithZeroTemp":{"iob":-0.465,"basaliob":-0.465,"bolussnooze":0,"activity":-0.005,"lastBolusTime":0,"time":"2024-01-06T10:01:42.107Z"}},{"iob":0.003,"basaliob":0.003,"bolussnooze":0,"activity":1.0E-4,"lastBolusTime":0,"time":"2024-01-06T10:06:42.107Z","iobWithZeroTemp":{"iob":-0.468,"basaliob":-0.468,"bolussnooze":0,"activity":-0.0051,"lastBolusTime":0,"time":"2024-01-06T10:06:42.107Z"}},{"iob":0.002,"basaliob":0.002,"bolussnooze":0,"activity":0,"lastBolusTime":0,"time":"2024-01-06T10:11:42.107Z","iobWithZeroTemp":{"iob":-0.472,"basaliob":-0.472,"bolussnooze":0,"activity":-0.0052,"lastBolusTime":0,"time":"2024-01-06T10:11:42.107Z"}},{"iob":0.002,"basaliob":0.002,"bolussnooze":0,"activity":0,"lastBolusTime":0,"time":"2024-01-06T10:16:42.107Z","iobWithZeroTemp":{"iob":-0.475,"basaliob":-0.475,"bolussnooze":0,"activity":-0.0053,"lastBolusTime":0,"time":"2024-01-06T10:16:42.107Z"}},{"iob":0.002,"basaliob":0.002,"bolussnooze":0,"activity":0,"lastBolusTime":0,"time":"2024-01-06T10:21:42.107Z","iobWithZeroTemp":{"iob":-0.478,"basaliob":-0.478,"bolussnooze":0,"activity":-0.0053,"lastBolusTime":0,"time":"2024-01-06T10:21:42.107Z"}},{"iob":0.002,"basaliob":0.002,"bolussnooze":0,"activity":0,"lastBolusTime":0,"time":"2024-01-06T10:26:42.107Z","iobWithZeroTemp":{"iob":-0.48,"basaliob":-0.48,"bolussnooze":0,"activity":-0.0054,"lastBolusTime":0,"time":"2024-01-06T10:26:42.107Z"}},{"iob":0.002,"basaliob":0.002,"bolussnooze":0,"activity":0,"lastBolusTime":0,"time":"2024-01-06T10:31:42.107Z","iobWithZeroTemp":{"iob":-0.483,"basaliob":-0.483,"bolussnooze":0,"activity":-0.0054,"lastBolusTime":0,"time":"2024-01-06T10:31:42.107Z"}},{"iob":0.001,"basaliob":0.001,"bolussnooze":0,"activity":0,"lastBolusTime":0,"time":"2024-01-06T10:36:42.107Z","iobWithZeroTemp":{"iob":-0.486,"basaliob":-0.486,"bolussnooze":0,"activity":-0.0054,"lastBolusTime":0,"time":"2024-01-06T10:36:42.107Z"}},{"iob":0.001,"basaliob":0.001,"bolussnooze":0,"activity":0,"lastBolusTime":0,"time":"2024-01-06T10:41:42.107Z","iobWithZeroTemp":{"iob":-0.488,"basaliob":-0.488,"bolussnooze":0,"activity":-0.0055,"lastBolusTime":0,"time":"2024-01-06T10:41:42.107Z"}},{"iob":0.001,"basaliob":0.001,"bolussnooze":0,"activity":0,"lastBolusTime":0,"time":"2024-01-06T10:46:42.107Z","iobWithZeroTemp":{"iob":-0.49,"basaliob":-0.49,"bolussnooze":0,"activity":-0.0055,"lastBolusTime":0,"time":"2024-01-06T10:46:42.107Z"}},{"iob":0.001,"basaliob":0.001,"bolussnooze":0,"activity":0,"lastBolusTime":0,"time":"2024-01-06T10:51:42.107Z","iobWithZeroTemp":{"iob":-0.491,"basaliob":-0.491,"bolussnooze":0,"activity":-0.0055,"lastBolusTime":0,"time":"2024-01-06T10:51:42.107Z"}},{"iob":0.001,"basaliob":0.001,"bolussnooze":0,"activity":0,"lastBolusTime":0,"time":"2024-01-06T10:56:42.107Z","iobWithZeroTemp":{"iob":-0.492,"basaliob":-0.492,"bolussnooze":0,"activity":-0.0055,"lastBolusTime":0,"time":"2024-01-06T10:56:42.107Z"}},{"iob":0.001,"basaliob":0.001,"bolussnooze":0,"activity":0,"lastBolusTime":0,"time":"2024-01-06T11:01:42.107Z","iobWithZeroTemp":{"iob":-0.494,"basaliob":-0.494,"bolussnooze":0,"activity":-0.0056,"lastBolusTime":0,"time":"2024-01-06T11:01:42.107Z"}},{"iob":0.001,"basaliob":0.001,"bolussnooze":0,"activity":0,"lastBolusTime":0,"time":"2024-01-06T11:06:42.107Z","iobWithZeroTemp":{"iob":-0.496,"basaliob":-0.496,"bolussnooze":0,"activity":-0.0056,"lastBolusTime":0,"time":"2024-01-06T11:06:42.107Z"}}],"profile":{"max_iob":1,"type":"current","max_daily_basal":0.391,"max_basal":1.15,"min_bg":99,"max_bg":99,"target_bg":99,"carb_ratio":9.2,"sens":153.96499999999997,"max_daily_safety_multiplier":3,"current_basal_safety_multiplier":4,"lgsThreshold":69,"high_temptarget_raises_sensitivity":false,"low_temptarget_lowers_sensitivity":false,"sensitivity_raises_target":false,"resistance_lowers_target":false,"adv_target_adjustments":false,"exercise_mode":false,"half_basal_exercise_target":160,"maxCOB":120,"skip_neutral_temps":false,"remainingCarbsCap":90,"enableUAM":true,"A52_risk_enable":false,"SMBInterval":3,"enableSMB_with_COB":false,"enableSMB_with_temptarget":false,"allowSMB_with_high_temptarget":false,"enableSMB_always":false,"enableSMB_after_carbs":false,"maxSMBBasalMinutes":30,"maxUAMSMBBasalMinutes":30,"bolus_increment":0.05,"carbsReqThreshold":1,"current_basal":0.365,"temptargetSet":false,"autosens_max":1.2,"autosens_min":0.7,"variable_sens":159.9,"insulinDivisor":75,"TDD":9.479508028571425},"autosens_data":{"ratio":1},"meal_data":{"carbs":0,"mealCOB":0,"slopeFromMaxDeviation":0,"slopeFromMinDeviation":3.5103636363636364,"lastBolusTime":1704452802638,"lastCarbTime":0},"microBolusAllowed":false,"currentTime":1704525104253,"flatBGsDetected":false,"tdd1D":9.141249999999994,"tdd7D":15.753158928571422,"tddLast24H":9.738666666666667,"tddLast4H":1.887083333333334,"tddLast8to4H":1.4498333333333329},"output":{"temp":"absolute","bg":171,"tick":"+29","eventualBG":401,"targetBG":99,"insulinReq":0.953,"deliverAt":"2024-01-06T07:11:44.253Z","sensitivityRatio":1,"variable_sens":159.9,"predBGs":{"IOB":[171,196,218,238,256,272,285,296,305,312,316,318,318,318,318,317,317,317,317,317,317,317,317,316],"ZT":[171,171,170,170,170,170,170,170],"UAM":[171,197,221,245,267,288,308,327,345,362,377,391,401]},"reason":"COB: 0, Dev: 164, BGI: 0, ISF: 160, CR: 9.2, Target: 99, minPredBG 393, minGuardBG 197, IOBpredBG 316, UAMpredBG 401; Eventual BG 401 >= 99, max_iob 1, adj. req. rate: 2.27 to maxSafeBasal: 1.15, no temp, setting 1.15U\/hr. ","COB":0,"IOB":0.047,"duration":30,"rate":1.15,"timestamp":"2024-01-06T07:11:44.298Z"}}