{"algorithm":"OpenAPSSMBDynamicISFPlugin","input":{"glucoseStatus":{"glucose":163,"noise":0,"delta":13,"short_avgdelta":10.67,"long_avgdelta":11.14,"date":1704482100000},"currenttemp":{"temp":"absolute","duration":10,"rate":1.15,"minutesrunning":20},"iob_data":[{"iob":0.213,"basaliob":0.213,"bolussnooze":0,"activity":9.0E-4,"lastBolusTime":0,"time":"2024-01-05T19:16:31.767Z","iobWithZeroTemp":{"iob":0.213,"basaliob":0.213,"bolussnooze":0,"activity":9.0E-4,"lastBolusTime":0,"time":"2024-01-05T19:16:31.767Z"}},{"iob":0.207,"basaliob":0.207,"bolussnooze":0,"activity":0.0012,"lastBolusTime":0,"time":"2024-01-05T19:21:31.767Z","iobWithZeroTemp":{"iob":0.182,"basaliob":0.182,"bolussnooze":0,"activity":0.0012,"lastBolusTime":0,"time":"2024-01-05T19:21:31.767Z"}},{"iob":0.201,"basaliob":0.201,"bolussnooze":0,"activity":0.0014,"lastBolusTime":0,"time":"2024-01-05T19:26:31.767Z","iobWithZeroTemp":{"iob":0.146,"basaliob":0.146,"bolussnooze":0,"activity":0.0013,"lastBolusTime":0,"time":"2024-01-05T19:26:31.767Z"}},{"iob":0.194,"basaliob":0.194,"bolussnooze":0,"activity":0.0016,"lastBolusTime":0,"time":"2024-01-05T19:31:31.767Z","iobWithZeroTemp":{"iob":0.109,"basaliob":0.109,"bolussnooze":0,"activity":0.0014,"lastBolusTime":0,"time":"2024-01-05T19:31:31.767Z"}},{"iob":0.185,"basaliob":0.185,"bolussnooze":0,"activity":0.0017,"lastBolusTime":0,"time":"2024-01-05T19:36:31.767Z","iobWithZeroTemp":{"iob":0.071,"basaliob":0.071,"bolussnooze":0,"activity":0.0013,"lastBolusTime":0,"time":"2024-01-05T19:36:31.767Z"}},{"iob":0.177,"basaliob":0.177,"bolussnooze":0,"activity":0.0018,"lastBolusTime":0,"time":"2024-01-05T19:41:31.767Z","iobWithZeroTemp":{"iob":0.035,"basaliob":0.035,"bolussnooze":0,"activity":0.0012,"lastBolusTime":0,"time":"2024-01-05T19:41:31.767Z"}},{"iob":0.168,"basaliob":0.168,"bolussnooze":0,"activity":0.0018,"lastBolusTime":0,"time":"2024-01-05T19:46:31.767Z","iobWithZeroTemp":{"iob":-0.001,"basaliob":-0.001,"bolussnooze":0,"activity":9.0E-4,"lastBolusTime":0,"time":"2024-01-05T19:46:31.767Z"}},{"iob":0.159,"basaliob":0.159,"bolussnooze":0,"activity":0.0018,"lastBolusTime":0,"time":"2024-01-05T19:51:31.767Z","iobWithZeroTemp":{"iob":-0.036,"basaliob":-0.036,"bolussnooze":0,"activity":7.0E-4,"lastBolusTime":0,"time":"2024-01-05T19:51:31.767Z"}},{"iob":0.15,"basaliob":0.15,"bolussnooze":0,"activity":0.0018,"lastBolusTime":0,"time":"2024-01-05T19:56:31.767Z","iobWithZeroTemp":{"iob":-0.069,"basaliob":-0.069,"bolussnooze":0,"activity":5.0E-4,"lastBolusTime":0,"time":"2024-01-05T19:56:31.767Z"}},{"iob":0.141,"basaliob":0.141,"bolussnooze":0,"activity":0.0018,"lastBolusTime":0,"time":"2024-01-05T20:01:31.767Z","iobWithZeroTemp":{"iob":-0.101,"basaliob":-0.101,"bolussnooze":0,"activity":2.0E-4,"lastBolusTime":0,"time":"2024-01-05T20:01:31.767Z"}},{"iob":0.132,"basaliob":0.132,"bolussnooze":0,"activity":0.0017,"lastBolusTime":0,"time":"2024-01-05T20:06:31.767Z","iobWithZeroTemp":{"iob":-0.129,"basaliob":-0.129,"bolussnooze":0,"activity":-2.0E-4,"lastBolusTime":0,"time":"2024-01-05T20:06:31.767Z"}},{"iob":0.123,"basaliob":0.123,"bolussnooze":0,"activity":0.0017,"lastBolusTime":0,"time":"2024-01-05T20:11:31.767Z","iobWithZeroTemp":{"iob":-0.155,"basaliob":-0.155,"bolussnooze":0,"activity":-4.0E-4,"lastBolusTime":0,"time":"2024-01-05T20:11:31.767Z"}},{"iob":0.115,"basaliob":0.115,"bolussnooze":0,"activity":0.0016,"lastBolusTime":0,"time":"2024-01-05T20:16:31.767Z","iobWithZeroTemp":{"iob":-0.18,"basaliob":-0.18,"bolussnooze":0,"activity":-7.0E-4,"lastBolusTime":0,"time":"2024-01-05T20:16:31.767Z"}},{"iob":0.107,"basaliob":0.107,"bolussnooze":0,"activity":0.0016,"lastBolusTime":0,"time":"2024-01-05T20:21:31.767Z","iobWithZeroTemp":{"iob":-0.203,"basaliob":-0.203,"bolussnooze":0,"activity":-0.001,"lastBolusTime":0,"time":"2024-01-05T20:21:31.767Z"}},{"iob":0.1,"basaliob":0.1,"bolussnooze":0,"activity":0.0015,"lastBolusTime":0,"time":"2024-01-05T20:26:31.767Z","iobWithZeroTemp":{"iob":-0.224,"basaliob":-0.224,"bolussnooze":0,"activity":-0.0013,"lastBolusTime":0,"time":"2024-01-05T20:26:31.767Z"}},{"iob":0.092,"basaliob":0.092,"bolussnooze":0,"activity":0.0014,"lastBolusTime":0,"time":"2024-01-05T20:31:31.767Z","iobWithZeroTemp":{"iob":-0.245,"basaliob":-0.245,"bolussnooze":0,"activity":-0.0016,"lastBolusTime":0,"time":"2024-01-05T20:31:31.767Z"}},{"iob":0.086,"basaliob":0.086,"bolussnooze":0,"activity":0.0013,"lastBolusTime":0,"time":"2024-01-05T20:36:31.767Z","iobWithZeroTemp":{"iob":-0.263,"basaliob":-0.263,"bolussnooze":0,"activity":-0.0019,"lastBolusTime":0,"time":"2024-01-05T20:36:31.767Z"}},{"iob":0.079,"basaliob":0.079,"bolussnooze":0,"activity":0.0013,"lastBolusTime":0,"time":"2024-01-05T20:41:31.767Z","iobWithZeroTemp":{"iob":-0.281,"basaliob":-0.281,"bolussnooze":0,"activity":-0.002,"lastBolusTime":0,"time":"2024-01-05T20:41:31.767Z"}},{"iob":0.073,"basaliob":0.073,"bolussnooze":0,"activity":0.0012,"lastBolusTime":0,"time":"2024-01-05T20:46:31.767Z","iobWithZeroTemp":{"iob":-0.297,"basaliob":-0.297,"bolussnooze":0,"activity":-0.0023,"lastBolusTime":0,"time":"2024-01-05T20:46:31.767Z"}},{"iob":0.067,"basaliob":0.067,"bolussnooze":0,"activity":0.0011,"lastBolusTime":0,"time":"2024-01-05T20:51:31.767Z","iobWithZeroTemp":{"iob":-0.312,"basaliob":-0.312,"bolussnooze":0,"activity":-0.0026,"lastBolusTime":0,"time":"2024-01-05T20:51:31.767Z"}},{"iob":0.062,"basaliob":0.062,"bolussnooze":0,"activity":0.001,"lastBolusTime":0,"time":"2024-01-05T20:56:31.767Z","iobWithZeroTemp":{"iob":-0.326,"basaliob":-0.326,"bolussnooze":0,"activity":-0.0028,"lastBolusTime":0,"time":"2024-01-05T20:56:31.767Z"}},{"iob":0.057,"basaliob":0.057,"bolussnooze":0,"activity":0.001,"lastBolusTime":0,"time":"2024-01-05T21:01:31.767Z","iobWithZeroTemp":{"iob":-0.339,"basaliob":-0.339,"bolussnooze":0,"activity":-0.0029,"lastBolusTime":0,"time":"2024-01-05T21:01:31.767Z"}},{"iob":0.052,"basaliob":0.052,"bolussnooze":0,"activity":9.0E-4,"lastBolusTime":0,"time":"2024-01-05T21:06:31.767Z","iobWithZeroTemp":{"iob":-0.35,"basaliob":-0.35,"bolussnooze":0,"activity":-0.0032,"lastBolusTime":0,"time":"2024-01-05T21:06:31.767Z"}},{"iob":0.048,"basaliob":0.048,"bolussnooze":0,"activity":8.0E-4,"lastBolusTime":0,"time":"2024-01-05T21:11:31.767Z","iobWithZeroTemp":{"iob":-0.36,"basaliob":-0.36,"bolussnooze":0,"activity":-0.0034,"lastBolusTime":0,"time":"2024-01-05T21:11:31.767Z"}},{"iob":0.044,"basaliob":0.044,"bolussnooze":0,"activity":8.0E-4,"lastBolusTime":0,"time":"2024-01-05T21:16:31.767Z","iobWithZeroTemp":{"iob":-0.37,"basaliob":-0.37,"bolussnooze":0,"activity":-0.0035,"lastBolusTime":0,"time":"2024-01-05T21:16:31.767Z"}},{"iob":0.04,"basaliob":0.04,"bolussnooze":0,"activity":7.0E-4,"lastBolusTime":0,"time":"2024-01-05T21:21:31.767Z","iobWithZeroTemp":{"iob":-0.379,"basaliob":-0.379,"bolussnooze":0,"activity":-0.0037,"lastBolusTime":0,"time":"2024-01-05T21:21:31.767Z"}},{"iob":0.037,"basaliob":0.037,"bolussnooze":0,"activity":7.0E-4,"lastBolusTime":0,"time":"2024-01-05T21:26:31.767Z","iobWithZeroTemp":{"iob":-0.386,"basaliob":-0.386,"bolussnooze":0,"activity":-0.0038,"lastBolusTime":0,"time":"2024-01-05T21:26:31.767Z"}},{"iob":0.034,"basaliob":0.034,"bolussnooze":0,"activity":6.0E-4,"lastBolusTime":0,"time":"2024-01-05T21:31:31.767Z","iobWithZeroTemp":{"iob":-0.393,"basaliob":-0.393,"bolussnooze":0,"activity":-0.0039,"lastBolusTime":0,"time":"2024-01-05T21:31:31.767Z"}},{"iob":0.031,"basaliob":0.031,"bolussnooze":0,"activity":6.0E-4,"lastBolusTime":0,"time":"2024-01-05T21:36:31.767Z","iobWithZeroTemp":{"iob":-0.4,"basaliob":-0.4,"bolussnooze":0,"activity":-0.004,"lastBolusTime":0,"time":"2024-01-05T21:36:31.767Z"}},{"iob":0.028,"basaliob":0.028,"bolussnooze":0,"activity":5.0E-4,"lastBolusTime":0,"time":"2024-01-05T21:41:31.767Z","iobWithZeroTemp":{"iob":-0.406,"basaliob":-0.406,"bolussnooze":0,"activity":-0.0042,"lastBolusTime":0,"time":"2024-01-05T21:41:31.767Z"}},{"iob":0.025,"basaliob":0.025,"bolussnooze":0,"activity":5.0E-4,"lastBolusTime":0,"time":"2024-01-05T21:46:31.767Z","iobWithZeroTemp":{"iob":-0.412,"basaliob":-0.412,"bolussnooze":0,"activity":-0.0042,"lastBolusTime":0,"time":"2024-01-05T21:46:31.767Z"}},{"iob":0.023,"basaliob":0.023,"bolussnooze":0,"activity":4.0E-4,"lastBolusTime":0,"time":"2024-01-05T21:51:31.767Z","iobWithZeroTemp":{"iob":-0.417,"basaliob":-0.417,"bolussnooze":0,"activity":-0.0044,"lastBolusTime":0,"time":"2024-01-05T21:51:31.767Z"}},{"iob":0.021,"basaliob":0.021,"bolussnooze":0,"activity":4.0E-4,"lastBolusTime":0,"time":"2024-01-05T21:56:31.767Z","iobWithZeroTemp":{"iob":-0.421,"basaliob":-0.421,"bolussnooze":0,"activity":-0.0044,"lastBolusTime":0,"time":"2024-01-05T21:56:31.767Z"}},{"iob":0.019,"basaliob":0.019,"bolussnooze":0,"activity":4.0E-4,"lastBolusTime":0,"time":"2024-01-05T22:01:31.767Z","iobWithZeroTemp":{"iob":-0.425,"basaliob":-0.425,"bolussnooze":0,"activity":-0.0045,"lastBolusTime":0,"time":"2024-01-05T22:01:31.767Z"}},{"iob":0.017,"basaliob":0.017,"bolussnooze":0,"activity":3.0E-4,"lastBolusTime":0,"time":"2024-01-05T22:06:31.767Z","iobWithZeroTemp":{"iob":-0.429,"basaliob":-0.429,"bolussnooze":0,"activity":-0.0046,"lastBolusTime":0,"time":"2024-01-05T22:06:31.767Z"}},{"iob":0.016,"basaliob":0.016,"bolussnooze":0,"activity":3.0E-4,"lastBolusTime":0,"time":"2024-01-05T22:11:31.767Z","iobWithZeroTemp":{"iob":-0.432,"basaliob":-0.432,"bolussnooze":0,"activity":-0.0047,"lastBolusTime":0,"time":"2024-01-05T22:11:31.767Z"}},{"iob":0.014,"basaliob":0.014,"bolussnooze":0,"activity":3.0E-4,"lastBolusTime":0,"time":"2024-01-05T22:16:31.767Z","iobWithZeroTemp":{"iob":-0.435,"basaliob":-0.435,"bolussnooze":0,"activity":-0.0047,"lastBolusTime":0,"time":"2024-01-05T22:16:31.767Z"}},{"iob":0.013,"basaliob":0.013,"bolussnooze":0,"activity":3.0E-4,"lastBolusTime":0,"time":"2024-01-05T22:21:31.767Z","iobWithZeroTemp":{"iob":-0.438,"basaliob":-0.438,"bolussnooze":0,"activity":-0.0047,"lastBolusTime":0,"time":"2024-01-05T22:21:31.767Z"}},{"iob":0.012,"basaliob":0.012,"bolussnooze":0,"activity":2.0E-4,"lastBolusTime":0,"time":"2024-01-05T22:26:31.767Z","iobWithZeroTemp":{"iob":-0.44,"basaliob":-0.44,"bolussnooze":0,"activity":-0.0049,"lastBolusTime":0,"time":"2024-01-05T22:26:31.767Z"}},{"iob":0.01,"basaliob":0.01,"bolussnooze":0,"activity":2.0E-4,"lastBolusTime":0,"time":"2024-01-05T22:31:31.767Z","iobWithZeroTemp":{"iob":-0.443,"basaliob":-0.443,"bolussnooze":0,"activity":-0.0049,"lastBolusTime":0,"time":"2024-01-05T22:31:31.767Z"}},{"iob":0.009,"basaliob":0.009,"bolussnooze":0,"activity":2.0E-4,"lastBolusTime":0,"time":"2024-01-05T22:36:31.767Z","iobWithZeroTemp":{"iob":-0.445,"basaliob":-0.445,"bolussnooze":0,"activity":-0.0049,"lastBolusTime":0,"time":"2024-01-05T22:36:31.767Z"}},{"iob":0.009,"basaliob":0.009,"bolussnooze":0,"activity":2.0E-4,"lastBolusTime":0,"time":"2024-01-05T22:41:31.767Z","iobWithZeroTemp":{"iob":-0.446,"basaliob":-0.446,"bolussnooze":0,"activity":-0.0049,"lastBolusTime":0,"time":"2024-01-05T22:41:31.767Z"}},{"iob":0.008,"basaliob":0.008,"bolussnooze":0,"activity":2.0E-4,"lastBolusTime":0,"time":"2024-01-05T22:46:31.767Z","iobWithZeroTemp":{"iob":-0.448,"basaliob":-0.448,"bolussnooze":0,"activity":-0.0049,"lastBolusTime":0,"time":"2024-01-05T22:46:31.767Z"}},{"iob":0.007,"basaliob":0.007,"bolussnooze":0,"activity":1.0E-4,"lastBolusTime":0,"time":"2024-01-05T22:51:31.767Z","iobWithZeroTemp":{"iob":-0.45,"basaliob":-0.45,"bolussnooze":0,"activity":-0.0051,"lastBolusTime":0,"time":"2024-01-05T22:51:31.767Z"}},{"iob":0.006,"basaliob":0.006,"bolussnooze":0,"activity":1.0E-4,"lastBolusTime":0,"time":"2024-01-05T22:56:31.767Z","iobWithZeroTemp":{"iob":-0.451,"basaliob":-0.451,"bolussnooze":0,"activity":-0.0051,"lastBolusTime":0,"time":"2024-01-05T22:56:31.767Z"}},{"iob":0.006,"basaliob":0.006,"bolussnooze":0,"activity":1.0E-4,"lastBolusTime":0,"time":"2024-01-05T23:01:31.767Z","iobWithZeroTemp":{"iob":-0.452,"basaliob":-0.452,"bolussnooze":0,"activity":-0.0051,"lastBolusTime":0,"time":"2024-01-05T23:01:31.767Z"}},{"iob":0.005,"basaliob":0.005,"bolussnooze":0,"activity":1.0E-4,"lastBolusTime":0,"time":"2024-01-05T23:06:31.767Z","iobWithZeroTemp":{"iob":-0.452,"basaliob":-0.452,"bolussnooze":0,"activity":-0.0051,"lastBolusTime":0,"time":"2024-01-05T23:06:31.767Z"}},{"iob":0.004,"basaliob":0.004,"bolussnooze":0,"activity":1.0E-4,"lastBolusTime":0,"time":"2024-01-05T23:11:31.767Z","iobWithZeroTemp":{"iob":-0.453,"basaliob":-0.453,"bolussnooze":0,"activity":-0.0051,"lastBolusTime":0,"time":"2024-01-05T23:11:31.767Z"}}],"profile":{"max_iob":1,"type":"current","max_daily_basal":0.391,"max_basal":1.15,"min_bg":99,"max_bg":99,"target_bg":99,"carb_ratio":13.493868846632308,"sens":153.96499999999997,"max_daily_safety_multiplier":3,"current_basal_safety_multiplier":4,"lgsThreshold":69,"high_temptarget_raises_sensitivity":false,"low_temptarget_lowers_sensitivity":false,"sensitivity_raises_target":false,"resistance_lowers_target":false,"adv_target_adjustments":false,"exercise_mode":false,"half_basal_exercise_target":160,"maxCOB":120,"skip_neutral_temps":false,"remainingCarbsCap":90,"enableUAM":false,"A52_risk_enable":false,"SMBInterval":3,"enableSMB_with_COB":false,"enableSMB_with_temptarget":false,"allowSMB_with_high_temptarget":false,"enableSMB_always":false,"enableSMB_after_carbs":false,"maxSMBBasalMinutes":30,"maxUAMSMBBasalMinutes":30,"bolus_increment":0.05,"carbsReqThreshold":1,"current_basal":0.368,"temptargetSet":false,"autosens_max":1.2,"autosens_min":0.7,"variable_sens":161.8,"insulinDivisor":75,"TDD":9.635095990476191},"autosens_data":{"ratio":1},"meal_data":{"carbs":0,"mealCOB":0,"slopeFromMaxDeviation":-1.8716666666666668,"slopeFromMinDeviation":1.5407272727272732,"lastBolusTime":1704452802638,"lastCarbTime":0},"microBolusAllowed":false,"currentTime":1704482194981,"flatBGsDetected":false,"tdd1D":8.32800000000001,"tdd7D":16.942322023809517,"tddLast24H":8.912583333333325,"tddLast4H":1.9297499999999999,"tddLast8to4H":1.448833333333333},"output":{"temp":"absolute","bg":163,"tick":"+13","eventualBG":197,"targetBG":99,"insulinReq":0.59,"deliverAt":"2024-01-05T19:16:34.981Z","sensitivityRatio":1,"variable_sens":161.8,"predBGs":{"IOB":[163,173,181,189,195,201,205,208,211,213,213,213,212,211,210,209,208,207,206,205,204,203,203,202,201,201,200,200,199,199,199,198,198,198,197,197,197,197,197,196],"ZT":[163,162,161,160,159,158,157,156,156,155,155,155,156,156]},"reason":"COB: 0, Dev: 68, BGI: -1, ISF: 162, CR: 13.49, Target: 99, minPredBG 195, minGuardBG 173, IOBpredBG 196; Eventual BG 197 >= 99, adj. req. rate: 1.55 to maxSafeBasal: 1.15, temp 1.15 >~ req 1.15U\/hr. ","COB":0,"IOB":0.213,"timestamp":"2024-01-05T19:16:35.013Z"}}