{"algorithm":"OpenAPSSMBDynamicISFPlugin","input":{"glucoseStatus":{"glucose":83,"noise":0,"delta":21,"short_avgdelta":14.39,"long_avgdelta":-0.41,"date":1704487500000},"currenttemp":{"temp":"absolute","duration":70,"rate":0,"minutesrunning":20},"iob_data":[{"iob":-0.056,"basaliob":-0.056,"bolussnooze":0,"activity":0.001,"lastBolusTime":0,"time":"2024-01-05T20:46:32.703Z","iobWithZeroTemp":{"iob":-0.056,"basaliob":-0.056,"bolussnooze":0,"activity":0.001,"lastBolusTime":0,"time":"2024-01-05T20:46:32.703Z"}},{"iob":-0.06,"basaliob":-0.06,"bolussnooze":0,"activity":7.0E-4,"lastBolusTime":0,"time":"2024-01-05T20:51:32.703Z","iobWithZeroTemp":{"iob":-0.082,"basaliob":-0.082,"bolussnooze":0,"activity":7.0E-4,"lastBolusTime":0,"time":"2024-01-05T20:51:32.703Z"}},{"iob":-0.063,"basaliob":-0.063,"bolussnooze":0,"activity":4.0E-4,"lastBolusTime":0,"time":"2024-01-05T20:56:32.703Z","iobWithZeroTemp":{"iob":-0.112,"basaliob":-0.112,"bolussnooze":0,"activity":3.0E-4,"lastBolusTime":0,"time":"2024-01-05T20:56:32.703Z"}},{"iob":-0.064,"basaliob":-0.064,"bolussnooze":0,"activity":2.0E-4,"lastBolusTime":0,"time":"2024-01-05T21:01:32.703Z","iobWithZeroTemp":{"iob":-0.139,"basaliob":-0.139,"bolussnooze":0,"activity":0,"lastBolusTime":0,"time":"2024-01-05T21:01:32.703Z"}},{"iob":-0.065,"basaliob":-0.065,"bolussnooze":0,"activity":0,"lastBolusTime":0,"time":"2024-01-05T21:06:32.703Z","iobWithZeroTemp":{"iob":-0.165,"basaliob":-0.165,"bolussnooze":0,"activity":-4.0E-4,"lastBolusTime":0,"time":"2024-01-05T21:06:32.703Z"}},{"iob":-0.064,"basaliob":-0.064,"bolussnooze":0,"activity":-1.0E-4,"lastBolusTime":0,"time":"2024-01-05T21:11:32.703Z","iobWithZeroTemp":{"iob":-0.189,"basaliob":-0.189,"bolussnooze":0,"activity":-7.0E-4,"lastBolusTime":0,"time":"2024-01-05T21:11:32.703Z"}},{"iob":-0.063,"basaliob":-0.063,"bolussnooze":0,"activity":-3.0E-4,"lastBolusTime":0,"time":"2024-01-05T21:16:32.703Z","iobWithZeroTemp":{"iob":-0.211,"basaliob":-0.211,"bolussnooze":0,"activity":-0.0011,"lastBolusTime":0,"time":"2024-01-05T21:16:32.703Z"}},{"iob":-0.062,"basaliob":-0.062,"bolussnooze":0,"activity":-3.0E-4,"lastBolusTime":0,"time":"2024-01-05T21:21:32.703Z","iobWithZeroTemp":{"iob":-0.232,"basaliob":-0.232,"bolussnooze":0,"activity":-0.0013,"lastBolusTime":0,"time":"2024-01-05T21:21:32.703Z"}},{"iob":-0.06,"basaliob":-0.06,"bolussnooze":0,"activity":-4.0E-4,"lastBolusTime":0,"time":"2024-01-05T21:26:32.703Z","iobWithZeroTemp":{"iob":-0.251,"basaliob":-0.251,"bolussnooze":0,"activity":-0.0016,"lastBolusTime":0,"time":"2024-01-05T21:26:32.703Z"}},{"iob":-0.058,"basaliob":-0.058,"bolussnooze":0,"activity":-5.0E-4,"lastBolusTime":0,"time":"2024-01-05T21:31:32.703Z","iobWithZeroTemp":{"iob":-0.269,"basaliob":-0.269,"bolussnooze":0,"activity":-0.0019,"lastBolusTime":0,"time":"2024-01-05T21:31:32.703Z"}},{"iob":-0.055,"basaliob":-0.055,"bolussnooze":0,"activity":-5.0E-4,"lastBolusTime":0,"time":"2024-01-05T21:36:32.703Z","iobWithZeroTemp":{"iob":-0.285,"basaliob":-0.285,"bolussnooze":0,"activity":-0.0021,"lastBolusTime":0,"time":"2024-01-05T21:36:32.703Z"}},{"iob":-0.053,"basaliob":-0.053,"bolussnooze":0,"activity":-5.0E-4,"lastBolusTime":0,"time":"2024-01-05T21:41:32.703Z","iobWithZeroTemp":{"iob":-0.301,"basaliob":-0.301,"bolussnooze":0,"activity":-0.0023,"lastBolusTime":0,"time":"2024-01-05T21:41:32.703Z"}},{"iob":-0.05,"basaliob":-0.05,"bolussnooze":0,"activity":-5.0E-4,"lastBolusTime":0,"time":"2024-01-05T21:46:32.703Z","iobWithZeroTemp":{"iob":-0.315,"basaliob":-0.315,"bolussnooze":0,"activity":-0.0026,"lastBolusTime":0,"time":"2024-01-05T21:46:32.703Z"}},{"iob":-0.047,"basaliob":-0.047,"bolussnooze":0,"activity":-5.0E-4,"lastBolusTime":0,"time":"2024-01-05T21:51:32.703Z","iobWithZeroTemp":{"iob":-0.327,"basaliob":-0.327,"bolussnooze":0,"activity":-0.0028,"lastBolusTime":0,"time":"2024-01-05T21:51:32.703Z"}},{"iob":-0.045,"basaliob":-0.045,"bolussnooze":0,"activity":-5.0E-4,"lastBolusTime":0,"time":"2024-01-05T21:56:32.703Z","iobWithZeroTemp":{"iob":-0.34,"basaliob":-0.34,"bolussnooze":0,"activity":-0.003,"lastBolusTime":0,"time":"2024-01-05T21:56:32.703Z"}},{"iob":-0.042,"basaliob":-0.042,"bolussnooze":0,"activity":-5.0E-4,"lastBolusTime":0,"time":"2024-01-05T22:01:32.703Z","iobWithZeroTemp":{"iob":-0.351,"basaliob":-0.351,"bolussnooze":0,"activity":-0.0032,"lastBolusTime":0,"time":"2024-01-05T22:01:32.703Z"}},{"iob":-0.039,"basaliob":-0.039,"bolussnooze":0,"activity":-5.0E-4,"lastBolusTime":0,"time":"2024-01-05T22:06:32.703Z","iobWithZeroTemp":{"iob":-0.36,"basaliob":-0.36,"bolussnooze":0,"activity":-0.0034,"lastBolusTime":0,"time":"2024-01-05T22:06:32.703Z"}},{"iob":-0.037,"basaliob":-0.037,"bolussnooze":0,"activity":-5.0E-4,"lastBolusTime":0,"time":"2024-01-05T22:11:32.703Z","iobWithZeroTemp":{"iob":-0.37,"basaliob":-0.37,"bolussnooze":0,"activity":-0.0035,"lastBolusTime":0,"time":"2024-01-05T22:11:32.703Z"}},{"iob":-0.034,"basaliob":-0.034,"bolussnooze":0,"activity":-5.0E-4,"lastBolusTime":0,"time":"2024-01-05T22:16:32.703Z","iobWithZeroTemp":{"iob":-0.378,"basaliob":-0.378,"bolussnooze":0,"activity":-0.0037,"lastBolusTime":0,"time":"2024-01-05T22:16:32.703Z"}},{"iob":-0.032,"basaliob":-0.032,"bolussnooze":0,"activity":-5.0E-4,"lastBolusTime":0,"time":"2024-01-05T22:21:32.703Z","iobWithZeroTemp":{"iob":-0.386,"basaliob":-0.386,"bolussnooze":0,"activity":-0.0039,"lastBolusTime":0,"time":"2024-01-05T22:21:32.703Z"}},{"iob":-0.03,"basaliob":-0.03,"bolussnooze":0,"activity":-4.0E-4,"lastBolusTime":0,"time":"2024-01-05T22:26:32.703Z","iobWithZeroTemp":{"iob":-0.394,"basaliob":-0.394,"bolussnooze":0,"activity":-0.0039,"lastBolusTime":0,"time":"2024-01-05T22:26:32.703Z"}},{"iob":-0.028,"basaliob":-0.028,"bolussnooze":0,"activity":-4.0E-4,"lastBolusTime":0,"time":"2024-01-05T22:31:32.703Z","iobWithZeroTemp":{"iob":-0.4,"basaliob":-0.4,"bolussnooze":0,"activity":-0.004,"lastBolusTime":0,"time":"2024-01-05T22:31:32.703Z"}},{"iob":-0.026,"basaliob":-0.026,"bolussnooze":0,"activity":-4.0E-4,"lastBolusTime":0,"time":"2024-01-05T22:36:32.703Z","iobWithZeroTemp":{"iob":-0.406,"basaliob":-0.406,"bolussnooze":0,"activity":-0.0042,"lastBolusTime":0,"time":"2024-01-05T22:36:32.703Z"}},{"iob":-0.024,"basaliob":-0.024,"bolussnooze":0,"activity":-4.0E-4,"lastBolusTime":0,"time":"2024-01-05T22:41:32.703Z","iobWithZeroTemp":{"iob":-0.412,"basaliob":-0.412,"bolussnooze":0,"activity":-0.0043,"lastBolusTime":0,"time":"2024-01-05T22:41:32.703Z"}},{"iob":-0.022,"basaliob":-0.022,"bolussnooze":0,"activity":-4.0E-4,"lastBolusTime":0,"time":"2024-01-05T22:46:32.703Z","iobWithZeroTemp":{"iob":-0.416,"basaliob":-0.416,"bolussnooze":0,"activity":-0.0044,"lastBolusTime":0,"time":"2024-01-05T22:46:32.703Z"}},{"iob":-0.02,"basaliob":-0.02,"bolussnooze":0,"activity":-3.0E-4,"lastBolusTime":0,"time":"2024-01-05T22:51:32.703Z","iobWithZeroTemp":{"iob":-0.421,"basaliob":-0.421,"bolussnooze":0,"activity":-0.0044,"lastBolusTime":0,"time":"2024-01-05T22:51:32.703Z"}},{"iob":-0.019,"basaliob":-0.019,"bolussnooze":0,"activity":-3.0E-4,"lastBolusTime":0,"time":"2024-01-05T22:56:32.703Z","iobWithZeroTemp":{"iob":-0.425,"basaliob":-0.425,"bolussnooze":0,"activity":-0.0045,"lastBolusTime":0,"time":"2024-01-05T22:56:32.703Z"}},{"iob":-0.017,"basaliob":-0.017,"bolussnooze":0,"activity":-3.0E-4,"lastBolusTime":0,"time":"2024-01-05T23:01:32.703Z","iobWithZeroTemp":{"iob":-0.428,"basaliob":-0.428,"bolussnooze":0,"activity":-0.0046,"lastBolusTime":0,"time":"2024-01-05T23:01:32.703Z"}},{"iob":-0.016,"basaliob":-0.016,"bolussnooze":0,"activity":-3.0E-4,"lastBolusTime":0,"time":"2024-01-05T23:06:32.703Z","iobWithZeroTemp":{"iob":-0.431,"basaliob":-0.431,"bolussnooze":0,"activity":-0.0047,"lastBolusTime":0,"time":"2024-01-05T23:06:32.703Z"}},{"iob":-0.015,"basaliob":-0.015,"bolussnooze":0,"activity":-2.0E-4,"lastBolusTime":0,"time":"2024-01-05T23:11:32.703Z","iobWithZeroTemp":{"iob":-0.434,"basaliob":-0.434,"bolussnooze":0,"activity":-0.0047,"lastBolusTime":0,"time":"2024-01-05T23:11:32.703Z"}},{"iob":-0.013,"basaliob":-0.013,"bolussnooze":0,"activity":-2.0E-4,"lastBolusTime":0,"time":"2024-01-05T23:16:32.703Z","iobWithZeroTemp":{"iob":-0.435,"basaliob":-0.435,"bolussnooze":0,"activity":-0.0047,"lastBolusTime":0,"time":"2024-01-05T23:16:32.703Z"}},{"iob":-0.012,"basaliob":-0.012,"bolussnooze":0,"activity":-2.0E-4,"lastBolusTime":0,"time":"2024-01-05T23:21:32.703Z","iobWithZeroTemp":{"iob":-0.436,"basaliob":-0.436,"bolussnooze":0,"activity":-0.0048,"lastBolusTime":0,"time":"2024-01-05T23:21:32.703Z"}},{"iob":-0.011,"basaliob":-0.011,"bolussnooze":0,"activity":-2.0E-4,"lastBolusTime":0,"time":"2024-01-05T23:26:32.703Z","iobWithZeroTemp":{"iob":-0.438,"basaliob":-0.438,"bolussnooze":0,"activity":-0.0049,"lastBolusTime":0,"time":"2024-01-05T23:26:32.703Z"}},{"iob":-0.01,"basaliob":-0.01,"bolussnooze":0,"activity":-2.0E-4,"lastBolusTime":0,"time":"2024-01-05T23:31:32.703Z","iobWithZeroTemp":{"iob":-0.439,"basaliob":-0.439,"bolussnooze":0,"activity":-0.0049,"lastBolusTime":0,"time":"2024-01-05T23:31:32.703Z"}},{"iob":-0.009,"basaliob":-0.009,"bolussnooze":0,"activity":-2.0E-4,"lastBolusTime":0,"time":"2024-01-05T23:36:32.703Z","iobWithZeroTemp":{"iob":-0.44,"basaliob":-0.44,"bolussnooze":0,"activity":-0.0049,"lastBolusTime":0,"time":"2024-01-05T23:36:32.703Z"}},{"iob":-0.009,"basaliob":-0.009,"bolussnooze":0,"activity":-2.0E-4,"lastBolusTime":0,"time":"2024-01-05T23:41:32.703Z","iobWithZeroTemp":{"iob":-0.441,"basaliob":-0.441,"bolussnooze":0,"activity":-0.005,"lastBolusTime":0,"time":"2024-01-05T23:41:32.703Z"}},{"iob":-0.008,"basaliob":-0.008,"bolussnooze":0,"activity":-1.0E-4,"lastBolusTime":0,"time":"2024-01-05T23:46:32.703Z","iobWithZeroTemp":{"iob":-0.442,"basaliob":-0.442,"bolussnooze":0,"activity":-0.0049,"lastBolusTime":0,"time":"2024-01-05T23:46:32.703Z"}},{"iob":-0.007,"basaliob":-0.007,"bolussnooze":0,"activity":-1.0E-4,"lastBolusTime":0,"time":"2024-01-05T23:51:32.703Z","iobWithZeroTemp":{"iob":-0.442,"basaliob":-0.442,"bolussnooze":0,"activity":-0.005,"lastBolusTime":0,"time":"2024-01-05T23:51:32.703Z"}},{"iob":-0.006,"basaliob":-0.006,"bolussnooze":0,"activity":-1.0E-4,"lastBolusTime":0,"time":"2024-01-05T23:56:32.703Z","iobWithZeroTemp":{"iob":-0.442,"basaliob":-0.442,"bolussnooze":0,"activity":-0.005,"lastBolusTime":0,"time":"2024-01-05T23:56:32.703Z"}},{"iob":-0.006,"basaliob":-0.006,"bolussnooze":0,"activity":-1.0E-4,"lastBolusTime":0,"time":"2024-01-06T00:01:32.703Z","iobWithZeroTemp":{"iob":-0.443,"basaliob":-0.443,"bolussnooze":0,"activity":-0.005,"lastBolusTime":0,"time":"2024-01-06T00:01:32.703Z"}},{"iob":-0.005,"basaliob":-0.005,"bolussnooze":0,"activity":-1.0E-4,"lastBolusTime":0,"time":"2024-01-06T00:06:32.703Z","iobWithZeroTemp":{"iob":-0.443,"basaliob":-0.443,"bolussnooze":0,"activity":-0.005,"lastBolusTime":0,"time":"2024-01-06T00:06:32.703Z"}},{"iob":-0.005,"basaliob":-0.005,"bolussnooze":0,"activity":-1.0E-4,"lastBolusTime":0,"time":"2024-01-06T00:11:32.703Z","iobWithZeroTemp":{"iob":-0.444,"basaliob":-0.444,"bolussnooze":0,"activity":-0.005,"lastBolusTime":0,"time":"2024-01-06T00:11:32.703Z"}},{"iob":-0.004,"basaliob":-0.004,"bolussnooze":0,"activity":-1.0E-4,"lastBolusTime":0,"time":"2024-01-06T00:16:32.703Z","iobWithZeroTemp":{"iob":-0.444,"basaliob":-0.444,"bolussnooze":0,"activity":-0.0051,"lastBolusTime":0,"time":"2024-01-06T00:16:32.703Z"}},{"iob":-0.004,"basaliob":-0.004,"bolussnooze":0,"activity":-1.0E-4,"lastBolusTime":0,"time":"2024-01-06T00:21:32.703Z","iobWithZeroTemp":{"iob":-0.445,"basaliob":-0.445,"bolussnooze":0,"activity":-0.0051,"lastBolusTime":0,"time":"2024-01-06T00:21:32.703Z"}},{"iob":-0.004,"basaliob":-0.004,"bolussnooze":0,"activity":-1.0E-4,"lastBolusTime":0,"time":"2024-01-06T00:26:32.703Z","iobWithZeroTemp":{"iob":-0.445,"basaliob":-0.445,"bolussnooze":0,"activity":-0.0051,"lastBolusTime":0,"time":"2024-01-06T00:26:32.703Z"}},{"iob":-0.003,"basaliob":-0.003,"bolussnooze":0,"activity":-1.0E-4,"lastBolusTime":0,"time":"2024-01-06T00:31:32.703Z","iobWithZeroTemp":{"iob":-0.445,"basaliob":-0.445,"bolussnooze":0,"activity":-0.0051,"lastBolusTime":0,"time":"2024-01-06T00:31:32.703Z"}},{"iob":-0.003,"basaliob":-0.003,"bolussnooze":0,"activity":-1.0E-4,"lastBolusTime":0,"time":"2024-01-06T00:36:32.703Z","iobWithZeroTemp":{"iob":-0.445,"basaliob":-0.445,"bolussnooze":0,"activity":-0.0051,"lastBolusTime":0,"time":"2024-01-06T00:36:32.703Z"}},{"iob":-0.003,"basaliob":-0.003,"bolussnooze":0,"activity":-1.0E-4,"lastBolusTime":0,"time":"2024-01-06T00:41:32.703Z","iobWithZeroTemp":{"iob":-0.445,"basaliob":-0.445,"bolussnooze":0,"activity":-0.0051,"lastBolusTime":0,"time":"2024-01-06T00:41:32.703Z"}}],"profile":{"max_iob":1,"type":"current","max_daily_basal":0.391,"max_basal":1.15,"min_bg":144,"max_bg":144,"target_bg":144,"carb_ratio":13.493868846632308,"sens":153.96499999999997,"max_daily_safety_multiplier":3,"current_basal_safety_multiplier":4,"lgsThreshold":69,"high_temptarget_raises_sensitivity":false,"low_temptarget_lowers_sensitivity":false,"sensitivity_raises_target":false,"resistance_lowers_target":false,"adv_target_adjustments":false,"exercise_mode":false,"half_basal_exercise_target":160,"maxCOB":120,"skip_neutral_temps":false,"remainingCarbsCap":90,"enableUAM":false,"A52_risk_enable":false,"SMBInterval":3,"enableSMB_with_COB":false,"enableSMB_with_temptarget":false,"allowSMB_with_high_temptarget":false,"enableSMB_always":false,"enableSMB_after_carbs":false,"maxSMBBasalMinutes":30,"maxUAMSMBBasalMinutes":30,"bolus_increment":0.05,"carbsReqThreshold":1,"current_basal":0.327,"temptargetSet":true,"autosens_max":1.2,"autosens_min":0.7,"variable_sens":249.9,"insulinDivisor":75,"TDD":9.667369990476189},"autosens_data":{"ratio":1},"meal_data":{"carbs":0,"mealCOB":0,"slopeFromMaxDeviation":0,"slopeFromMinDeviation":4.589499999999999,"lastBolusTime":1704452802638,"lastCarbTime":0},"microBolusAllowed":false,"currentTime":1704487595719,"flatBGsDetected":false,"tdd1D":8.32800000000001,"tdd7D":16.942322023809517,"tddLast24H":8.959083333333325,"tddLast4H":1.835499999999999,"tddLast8to4H":1.7366666666666664},"output":{"temp":"absolute","bg":83,"tick":"+21","eventualBG":191,"targetBG":144,"insulinReq":0,"deliverAt":"2024-01-05T20:46:35.719Z","sensitivityRatio":1,"variable_sens":249.9,"predBGs":{"IOB":[83,96,108,120,130,139,147,153,159,163,166,168,168,169,169,169,170,170,171,171,171,172,172,172,173,173,173,173,174,174,174,174,174,175,175,175,175,175,175,175,175,175,175,176],"ZT":[83,82,81,80,80,81,82,83,85,87,89,92,94,97,100,104,107,111,114,118,122,126,129,133,137,141]},"reason":"COB: 0, Dev: 94, BGI: -1, ISF: 250, CR: 13.49, Target: 144, minPredBG 171, minGuardBG 96, IOBpredBG 176; maxDelta 21 > 20% of BG 83: SMB disabled; minGuardBG 96<92 70m left and 0 ~ req 0U\/hr: no temp required","COB":0,"IOB":-0.056,"timestamp":"2024-01-05T20:46:35.753Z"}}