{"algorithm":"OpenAPSSMBDynamicISFPlugin","input":{"glucoseStatus":{"glucose":131,"noise":0,"delta":-2.5,"short_avgdelta":-2.5,"long_avgdelta":-2.1,"date":1703797365000},"currenttemp":{"temp":"absolute","duration":90,"rate":0,"minutesrunning":30},"iob_data":[{"iob":0.713,"basaliob":-0.329,"bolussnooze":0.2534,"activity":0.013,"lastBolusTime":1703794854293,"time":"2023-12-28T21:03:08.852Z","iobWithZeroTemp":{"iob":0.713,"basaliob":-0.329,"bolussnooze":0.2534,"activity":0.013,"lastBolusTime":1703794854293,"time":"2023-12-28T21:03:08.852Z"}},{"iob":0.65,"basaliob":-0.313,"bolussnooze":0.2124,"activity":0.0121,"lastBolusTime":1703794854293,"time":"2023-12-28T21:08:08.852Z","iobWithZeroTemp":{"iob":0.63,"basaliob":-0.333,"bolussnooze":0.2124,"activity":0.0121,"lastBolusTime":1703794854293,"time":"2023-12-28T21:08:08.852Z"}},{"iob":0.592,"basaliob":-0.296,"bolussnooze":0.1769,"activity":0.0113,"lastBolusTime":1703794854293,"time":"2023-12-28T21:13:08.852Z","iobWithZeroTemp":{"iob":0.547,"basaliob":-0.341,"bolussnooze":0.1769,"activity":0.0112,"lastBolusTime":1703794854293,"time":"2023-12-28T21:13:08.852Z"}},{"iob":0.538,"basaliob":-0.279,"bolussnooze":0.1463,"activity":0.0103,"lastBolusTime":1703794854293,"time":"2023-12-28T21:18:08.852Z","iobWithZeroTemp":{"iob":0.469,"basaliob":-0.348,"bolussnooze":0.1463,"activity":0.0101,"lastBolusTime":1703794854293,"time":"2023-12-28T21:18:08.852Z"}},{"iob":0.488,"basaliob":-0.263,"bolussnooze":0.1204,"activity":0.0096,"lastBolusTime":1703794854293,"time":"2023-12-28T21:23:08.852Z","iobWithZeroTemp":{"iob":0.395,"basaliob":-0.356,"bolussnooze":0.1204,"activity":0.0092,"lastBolusTime":1703794854293,"time":"2023-12-28T21:23:08.852Z"}},{"iob":0.442,"basaliob":-0.246,"bolussnooze":0.0985,"activity":0.0088,"lastBolusTime":1703794854293,"time":"2023-12-28T21:28:08.852Z","iobWithZeroTemp":{"iob":0.327,"basaliob":-0.361,"bolussnooze":0.0985,"activity":0.0083,"lastBolusTime":1703794854293,"time":"2023-12-28T21:28:08.852Z"}},{"iob":0.4,"basaliob":-0.23,"bolussnooze":0.0801,"activity":0.0081,"lastBolusTime":1703794854293,"time":"2023-12-28T21:33:08.852Z","iobWithZeroTemp":{"iob":0.263,"basaliob":-0.367,"bolussnooze":0.0801,"activity":0.0074,"lastBolusTime":1703794854293,"time":"2023-12-28T21:33:08.852Z"}},{"iob":0.362,"basaliob":-0.214,"bolussnooze":0.0648,"activity":0.0074,"lastBolusTime":1703794854293,"time":"2023-12-28T21:38:08.852Z","iobWithZeroTemp":{"iob":0.204,"basaliob":-0.372,"bolussnooze":0.0648,"activity":0.0065,"lastBolusTime":1703794854293,"time":"2023-12-28T21:38:08.852Z"}},{"iob":0.326,"basaliob":-0.199,"bolussnooze":0.0521,"activity":0.0068,"lastBolusTime":1703794854293,"time":"2023-12-28T21:43:08.852Z","iobWithZeroTemp":{"iob":0.148,"basaliob":-0.377,"bolussnooze":0.0521,"activity":0.0057,"lastBolusTime":1703794854293,"time":"2023-12-28T21:43:08.852Z"}},{"iob":0.293,"basaliob":-0.185,"bolussnooze":0.0418,"activity":0.0062,"lastBolusTime":1703794854293,"time":"2023-12-28T21:48:08.852Z","iobWithZeroTemp":{"iob":0.096,"basaliob":-0.382,"bolussnooze":0.0418,"activity":0.0049,"lastBolusTime":1703794854293,"time":"2023-12-28T21:48:08.852Z"}},{"iob":0.264,"basaliob":-0.171,"bolussnooze":0.0333,"activity":0.0056,"lastBolusTime":1703794854293,"time":"2023-12-28T21:53:08.852Z","iobWithZeroTemp":{"iob":0.049,"basaliob":-0.386,"bolussnooze":0.0333,"activity":0.004,"lastBolusTime":1703794854293,"time":"2023-12-28T21:53:08.852Z"}},{"iob":0.237,"basaliob":-0.158,"bolussnooze":0.0264,"activity":0.0052,"lastBolusTime":1703794854293,"time":"2023-12-28T21:58:08.852Z","iobWithZeroTemp":{"iob":0.005,"basaliob":-0.39,"bolussnooze":0.0264,"activity":0.0034,"lastBolusTime":1703794854293,"time":"2023-12-28T21:58:08.852Z"}},{"iob":0.212,"basaliob":-0.146,"bolussnooze":0.0208,"activity":0.0047,"lastBolusTime":1703794854293,"time":"2023-12-28T22:03:08.852Z","iobWithZeroTemp":{"iob":-0.031,"basaliob":-0.389,"bolussnooze":0.0208,"activity":0.0027,"lastBolusTime":1703794854293,"time":"2023-12-28T22:03:08.852Z"}},{"iob":0.19,"basaliob":-0.134,"bolussnooze":0.0163,"activity":0.0042,"lastBolusTime":1703794854293,"time":"2023-12-28T22:08:08.852Z","iobWithZeroTemp":{"iob":-0.064,"basaliob":-0.388,"bolussnooze":0.0163,"activity":0.002,"lastBolusTime":1703794854293,"time":"2023-12-28T22:08:08.852Z"}},{"iob":0.17,"basaliob":-0.123,"bolussnooze":0.0126,"activity":0.0039,"lastBolusTime":1703794854293,"time":"2023-12-28T22:13:08.852Z","iobWithZeroTemp":{"iob":-0.094,"basaliob":-0.387,"bolussnooze":0.0126,"activity":0.0016,"lastBolusTime":1703794854293,"time":"2023-12-28T22:13:08.852Z"}},{"iob":0.151,"basaliob":-0.113,"bolussnooze":0.0096,"activity":0.0035,"lastBolusTime":1703794854293,"time":"2023-12-28T22:18:08.852Z","iobWithZeroTemp":{"iob":-0.121,"basaliob":-0.385,"bolussnooze":0.0096,"activity":0.001,"lastBolusTime":1703794854293,"time":"2023-12-28T22:18:08.852Z"}},{"iob":0.135,"basaliob":-0.103,"bolussnooze":0.0073,"activity":0.0032,"lastBolusTime":1703794854293,"time":"2023-12-28T22:23:08.852Z","iobWithZeroTemp":{"iob":-0.145,"basaliob":-0.383,"bolussnooze":0.0073,"activity":6.0E-4,"lastBolusTime":1703794854293,"time":"2023-12-28T22:23:08.852Z"}},{"iob":0.12,"basaliob":-0.094,"bolussnooze":0.0054,"activity":0.0029,"lastBolusTime":1703794854293,"time":"2023-12-28T22:28:08.852Z","iobWithZeroTemp":{"iob":-0.168,"basaliob":-0.382,"bolussnooze":0.0054,"activity":1.0E-4,"lastBolusTime":1703794854293,"time":"2023-12-28T22:28:08.852Z"}},{"iob":0.106,"basaliob":-0.086,"bolussnooze":0.0039,"activity":0.0026,"lastBolusTime":1703794854293,"time":"2023-12-28T22:33:08.852Z","iobWithZeroTemp":{"iob":-0.188,"basaliob":-0.38,"bolussnooze":0.0039,"activity":-3.0E-4,"lastBolusTime":1703794854293,"time":"2023-12-28T22:33:08.852Z"}},{"iob":0.094,"basaliob":-0.078,"bolussnooze":0.0028,"activity":0.0023,"lastBolusTime":1703794854293,"time":"2023-12-28T22:38:08.852Z","iobWithZeroTemp":{"iob":-0.206,"basaliob":-0.378,"bolussnooze":0.0028,"activity":-7.0E-4,"lastBolusTime":1703794854293,"time":"2023-12-28T22:38:08.852Z"}},{"iob":0.083,"basaliob":-0.071,"bolussnooze":0.002,"activity":0.0021,"lastBolusTime":1703794854293,"time":"2023-12-28T22:43:08.852Z","iobWithZeroTemp":{"iob":-0.223,"basaliob":-0.377,"bolussnooze":0.002,"activity":-0.001,"lastBolusTime":1703794854293,"time":"2023-12-28T22:43:08.852Z"}},{"iob":0.072,"basaliob":-0.065,"bolussnooze":0.0013,"activity":0.0018,"lastBolusTime":1703794854293,"time":"2023-12-28T22:48:08.852Z","iobWithZeroTemp":{"iob":-0.239,"basaliob":-0.376,"bolussnooze":0.0013,"activity":-0.0014,"lastBolusTime":1703794854293,"time":"2023-12-28T22:48:08.852Z"}},{"iob":0.063,"basaliob":-0.059,"bolussnooze":8.0E-4,"activity":0.0016,"lastBolusTime":1703794854293,"time":"2023-12-28T22:53:08.852Z","iobWithZeroTemp":{"iob":-0.252,"basaliob":-0.374,"bolussnooze":8.0E-4,"activity":-0.0017,"lastBolusTime":1703794854293,"time":"2023-12-28T22:53:08.852Z"}},{"iob":0.056,"basaliob":-0.053,"bolussnooze":5.0E-4,"activity":0.0015,"lastBolusTime":1703794854293,"time":"2023-12-28T22:58:08.852Z","iobWithZeroTemp":{"iob":-0.263,"basaliob":-0.372,"bolussnooze":5.0E-4,"activity":-0.0019,"lastBolusTime":1703794854293,"time":"2023-12-28T22:58:08.852Z"}},{"iob":0.048,"basaliob":-0.048,"bolussnooze":3.0E-4,"activity":0.0013,"lastBolusTime":1703794854293,"time":"2023-12-28T23:03:08.852Z","iobWithZeroTemp":{"iob":-0.275,"basaliob":-0.371,"bolussnooze":3.0E-4,"activity":-0.0022,"lastBolusTime":1703794854293,"time":"2023-12-28T23:03:08.852Z"}},{"iob":0.042,"basaliob":-0.043,"bolussnooze":1.0E-4,"activity":0.0012,"lastBolusTime":1703794854293,"time":"2023-12-28T23:08:08.852Z","iobWithZeroTemp":{"iob":-0.284,"basaliob":-0.369,"bolussnooze":1.0E-4,"activity":-0.0024,"lastBolusTime":1703794854293,"time":"2023-12-28T23:08:08.852Z"}},{"iob":0.036,"basaliob":-0.039,"bolussnooze":0,"activity":0.0011,"lastBolusTime":1703794854293,"time":"2023-12-28T23:13:08.852Z","iobWithZeroTemp":{"iob":-0.293,"basaliob":-0.368,"bolussnooze":0,"activity":-0.0025,"lastBolusTime":1703794854293,"time":"2023-12-28T23:13:08.852Z"}},{"iob":0.032,"basaliob":-0.035,"bolussnooze":0,"activity":9.0E-4,"lastBolusTime":1703794854293,"time":"2023-12-28T23:18:08.852Z","iobWithZeroTemp":{"iob":-0.3,"basaliob":-0.367,"bolussnooze":0,"activity":-0.0028,"lastBolusTime":1703794854293,"time":"2023-12-28T23:18:08.852Z"}},{"iob":0.028,"basaliob":-0.031,"bolussnooze":0,"activity":8.0E-4,"lastBolusTime":1703794854293,"time":"2023-12-28T23:23:08.852Z","iobWithZeroTemp":{"iob":-0.306,"basaliob":-0.365,"bolussnooze":0,"activity":-0.0029,"lastBolusTime":1703794854293,"time":"2023-12-28T23:23:08.852Z"}},{"iob":0.023,"basaliob":-0.028,"bolussnooze":0,"activity":8.0E-4,"lastBolusTime":1703794854293,"time":"2023-12-28T23:28:08.852Z","iobWithZeroTemp":{"iob":-0.313,"basaliob":-0.364,"bolussnooze":0,"activity":-0.003,"lastBolusTime":1703794854293,"time":"2023-12-28T23:28:08.852Z"}},{"iob":0.02,"basaliob":-0.025,"bolussnooze":0,"activity":6.0E-4,"lastBolusTime":1703794854293,"time":"2023-12-28T23:33:08.852Z","iobWithZeroTemp":{"iob":-0.318,"basaliob":-0.363,"bolussnooze":0,"activity":-0.0032,"lastBolusTime":1703794854293,"time":"2023-12-28T23:33:08.852Z"}},{"iob":0.017,"basaliob":-0.022,"bolussnooze":0,"activity":6.0E-4,"lastBolusTime":1703794854293,"time":"2023-12-28T23:38:08.852Z","iobWithZeroTemp":{"iob":-0.323,"basaliob":-0.362,"bolussnooze":0,"activity":-0.0033,"lastBolusTime":1703794854293,"time":"2023-12-28T23:38:08.852Z"}},{"iob":0.014,"basaliob":-0.02,"bolussnooze":0,"activity":5.0E-4,"lastBolusTime":1703794854293,"time":"2023-12-28T23:43:08.852Z","iobWithZeroTemp":{"iob":-0.327,"basaliob":-0.361,"bolussnooze":0,"activity":-0.0034,"lastBolusTime":1703794854293,"time":"2023-12-28T23:43:08.852Z"}},{"iob":0.012,"basaliob":-0.018,"bolussnooze":0,"activity":5.0E-4,"lastBolusTime":1703794854293,"time":"2023-12-28T23:48:08.852Z","iobWithZeroTemp":{"iob":-0.33,"basaliob":-0.36,"bolussnooze":0,"activity":-0.0034,"lastBolusTime":1703794854293,"time":"2023-12-28T23:48:08.852Z"}},{"iob":0.01,"basaliob":-0.016,"bolussnooze":0,"activity":4.0E-4,"lastBolusTime":1703794854293,"time":"2023-12-28T23:53:08.852Z","iobWithZeroTemp":{"iob":-0.333,"basaliob":-0.359,"bolussnooze":0,"activity":-0.0036,"lastBolusTime":1703794854293,"time":"2023-12-28T23:53:08.852Z"}},{"iob":0.008,"basaliob":-0.014,"bolussnooze":0,"activity":4.0E-4,"lastBolusTime":1703794854293,"time":"2023-12-28T23:58:08.852Z","iobWithZeroTemp":{"iob":-0.336,"basaliob":-0.358,"bolussnooze":0,"activity":-0.0036,"lastBolusTime":1703794854293,"time":"2023-12-28T23:58:08.852Z"}},{"iob":0.007,"basaliob":-0.012,"bolussnooze":0,"activity":3.0E-4,"lastBolusTime":1703794854293,"time":"2023-12-29T00:03:08.852Z","iobWithZeroTemp":{"iob":-0.334,"basaliob":-0.353,"bolussnooze":0,"activity":-0.0037,"lastBolusTime":1703794854293,"time":"2023-12-29T00:03:08.852Z"}},{"iob":0.005,"basaliob":-0.011,"bolussnooze":0,"activity":2.0E-4,"lastBolusTime":1703794854293,"time":"2023-12-29T00:08:08.852Z","iobWithZeroTemp":{"iob":-0.333,"basaliob":-0.349,"bolussnooze":0,"activity":-0.0038,"lastBolusTime":1703794854293,"time":"2023-12-29T00:08:08.852Z"}},{"iob":0.004,"basaliob":-0.01,"bolussnooze":0,"activity":2.0E-4,"lastBolusTime":1703794854293,"time":"2023-12-29T00:13:08.852Z","iobWithZeroTemp":{"iob":-0.331,"basaliob":-0.345,"bolussnooze":0,"activity":-0.0038,"lastBolusTime":1703794854293,"time":"2023-12-29T00:13:08.852Z"}},{"iob":0.004,"basaliob":-0.008,"bolussnooze":0,"activity":2.0E-4,"lastBolusTime":1703794854293,"time":"2023-12-29T00:18:08.852Z","iobWithZeroTemp":{"iob":-0.327,"basaliob":-0.339,"bolussnooze":0,"activity":-0.0038,"lastBolusTime":1703794854293,"time":"2023-12-29T00:18:08.852Z"}},{"iob":0.003,"basaliob":-0.007,"bolussnooze":0,"activity":1.0E-4,"lastBolusTime":1703794854293,"time":"2023-12-29T00:23:08.852Z","iobWithZeroTemp":{"iob":-0.325,"basaliob":-0.335,"bolussnooze":0,"activity":-0.0039,"lastBolusTime":1703794854293,"time":"2023-12-29T00:23:08.852Z"}},{"iob":0.002,"basaliob":-0.006,"bolussnooze":0,"activity":1.0E-4,"lastBolusTime":1703794854293,"time":"2023-12-29T00:28:08.852Z","iobWithZeroTemp":{"iob":-0.323,"basaliob":-0.331,"bolussnooze":0,"activity":-0.0039,"lastBolusTime":1703794854293,"time":"2023-12-29T00:28:08.852Z"}},{"iob":0.001,"basaliob":-0.006,"bolussnooze":0,"activity":0,"lastBolusTime":1703794854293,"time":"2023-12-29T00:33:08.852Z","iobWithZeroTemp":{"iob":-0.321,"basaliob":-0.328,"bolussnooze":0,"activity":-0.0039,"lastBolusTime":1703794854293,"time":"2023-12-29T00:33:08.852Z"}},{"iob":0.001,"basaliob":-0.005,"bolussnooze":0,"activity":1.0E-4,"lastBolusTime":1703794854293,"time":"2023-12-29T00:38:08.852Z","iobWithZeroTemp":{"iob":-0.318,"basaliob":-0.324,"bolussnooze":0,"activity":-0.0038,"lastBolusTime":1703794854293,"time":"2023-12-29T00:38:08.852Z"}},{"iob":0.001,"basaliob":-0.004,"bolussnooze":0,"activity":1.0E-4,"lastBolusTime":1703794854293,"time":"2023-12-29T00:43:08.852Z","iobWithZeroTemp":{"iob":-0.315,"basaliob":-0.32,"bolussnooze":0,"activity":-0.0038,"lastBolusTime":1703794854293,"time":"2023-12-29T00:43:08.852Z"}},{"iob":0,"basaliob":-0.004,"bolussnooze":0,"activity":0,"lastBolusTime":1703794854293,"time":"2023-12-29T00:48:08.852Z","iobWithZeroTemp":{"iob":-0.313,"basaliob":-0.317,"bolussnooze":0,"activity":-0.0039,"lastBolusTime":1703794854293,"time":"2023-12-29T00:48:08.852Z"}},{"iob":0,"basaliob":-0.003,"bolussnooze":0,"activity":0,"lastBolusTime":1703794854293,"time":"2023-12-29T00:53:08.852Z","iobWithZeroTemp":{"iob":-0.311,"basaliob":-0.314,"bolussnooze":0,"activity":-0.0038,"lastBolusTime":1703794854293,"time":"2023-12-29T00:53:08.852Z"}},{"iob":0,"basaliob":-0.003,"bolussnooze":0,"activity":0,"lastBolusTime":1703794854293,"time":"2023-12-29T00:58:08.852Z","iobWithZeroTemp":{"iob":-0.309,"basaliob":-0.312,"bolussnooze":0,"activity":-0.0038,"lastBolusTime":1703794854293,"time":"2023-12-29T00:58:08.852Z"}}],"profile":{"max_iob":10,"type":"current","max_daily_basal":0.35,"max_basal":1.05,"min_bg":90,"max_bg":90,"target_bg":90,"carb_ratio":8.5,"sens":110,"max_daily_safety_multiplier":3,"current_basal_safety_multiplier":4,"lgsThreshold":95,"high_temptarget_raises_sensitivity":true,"low_temptarget_lowers_sensitivity":true,"sensitivity_raises_target":true,"resistance_lowers_target":true,"adv_target_adjustments":false,"exercise_mode":false,"half_basal_exercise_target":160,"maxCOB":120,"skip_neutral_temps":false,"remainingCarbsCap":90,"enableUAM":true,"A52_risk_enable":false,"SMBInterval":3,"enableSMB_with_COB":true,"enableSMB_with_temptarget":true,"allowSMB_with_high_temptarget":false,"enableSMB_always":false,"enableSMB_after_carbs":true,"maxSMBBasalMinutes":45,"maxUAMSMBBasalMinutes":45,"bolus_increment":0.05,"carbsReqThreshold":2,"current_basal":0.3,"temptargetSet":true,"autosens_max":1.3,"autosens_min":0.7,"variable_sens":116,"insulinDivisor":75,"TDD":15.351475898809522},"autosens_data":{"ratio":0.8539754946162417},"meal_data":{"carbs":20,"mealCOB":1.2578863636363695,"slopeFromMaxDeviation":-0.40563636363636363,"slopeFromMinDeviation":0,"lastBolusTime":1703794854293,"lastCarbTime":1703789723443},"microBolusAllowed":true,"currentTime":1703797390518,"flatBGsDetected":false,"tdd1D":17.627083333333335,"tdd7D":16.608595238095237,"tddLast24H":14.183333333333335,"tddLast4H":3.9541666666666666,"tddLast8to4H":1.8791666666666667},"output":{"temp":"absolute","bg":131,"tick":-2,"eventualBG":78,"targetBG":90,"insulinReq":0,"deliverAt":"2023-12-28T21:03:10.518Z","sensitivityRatio":1.2,"variable_sens":116,"predBGs":{"IOB":[131,128,125,122,119,116,113,110,107,104,100,97,93,90,87,84,81,78,76,74,72,70,68,67,66,64,63,62,61,61,60,59,59,58,58,57,57,56,56,56,56,56,56,56,55],"ZT":[131,123,116,109,103,96,90,85,80,75,71,68,65,62,60,58,57,57,57,57,58,59,60,62,64,66,68,70,73,75,78,80,83,86,88],"COB":[131,128,124,121,117,112,108,103,99,95,91,88,85,82,80,78,76,74,72,71,69,68,67,66,65,65,64,63,63,62,62,61,61,61,60,60,60,60,60,60,59],"UAM":[131,128,125,122,119,116,113,110,107,104,101,97,94,90,87,84,82,79,77,75,73,71,69,68,66,65,64,63,62,61,61,60,59,59,58,58,58,57,57,57,57,57,56]},"reason":"COB: 1.3, Dev: 30, BGI: -8, ISF: 116, CR: 8.5, Target: 90, minPredBG 57, minGuardBG 56, IOBpredBG 55, COBpredBG 59, UAMpredBG 56; minGuardBG 56<95 90m left and 0 ~ req 0U\/hr: no temp required","COB":1.2578863636363695,"IOB":0.713,"timestamp":"2023-12-28T21:03:10.550Z"}}