{"algorithm":"OpenAPSSMBDynamicISFPlugin","input":{"glucoseStatus":{"glucose":130,"noise":0,"delta":-9.83,"short_avgdelta":-9.83,"long_avgdelta":-7.79,"date":1703874466000},"currenttemp":{"temp":"absolute","duration":95,"rate":0,"minutesrunning":25},"iob_data":[{"iob":2.112,"basaliob":-0.082,"bolussnooze":0.8938,"activity":0.0276,"lastBolusTime":1703872396833,"time":"2023-12-29T18:28:06.972Z","iobWithZeroTemp":{"iob":2.112,"basaliob":-0.082,"bolussnooze":0.8938,"activity":0.0276,"lastBolusTime":1703872396833,"time":"2023-12-29T18:28:06.972Z"}},{"iob":1.977,"basaliob":-0.078,"bolussnooze":0.7525,"activity":0.0269,"lastBolusTime":1703872396833,"time":"2023-12-29T18:33:06.972Z","iobWithZeroTemp":{"iob":1.97,"basaliob":-0.085,"bolussnooze":0.7525,"activity":0.0269,"lastBolusTime":1703872396833,"time":"2023-12-29T18:33:06.972Z"}},{"iob":1.844,"basaliob":-0.075,"bolussnooze":0.6291,"activity":0.0261,"lastBolusTime":1703872396833,"time":"2023-12-29T18:38:06.972Z","iobWithZeroTemp":{"iob":1.829,"basaliob":-0.09,"bolussnooze":0.6291,"activity":0.0261,"lastBolusTime":1703872396833,"time":"2023-12-29T18:38:06.972Z"}},{"iob":1.716,"basaliob":-0.071,"bolussnooze":0.5225,"activity":0.0251,"lastBolusTime":1703872396833,"time":"2023-12-29T18:43:06.972Z","iobWithZeroTemp":{"iob":1.693,"basaliob":-0.094,"bolussnooze":0.5225,"activity":0.025,"lastBolusTime":1703872396833,"time":"2023-12-29T18:43:06.972Z"}},{"iob":1.594,"basaliob":-0.067,"bolussnooze":0.4312,"activity":0.024,"lastBolusTime":1703872396833,"time":"2023-12-29T18:48:06.972Z","iobWithZeroTemp":{"iob":1.563,"basaliob":-0.098,"bolussnooze":0.4312,"activity":0.0239,"lastBolusTime":1703872396833,"time":"2023-12-29T18:48:06.972Z"}},{"iob":1.476,"basaliob":-0.064,"bolussnooze":0.3536,"activity":0.0228,"lastBolusTime":1703872396833,"time":"2023-12-29T18:53:06.972Z","iobWithZeroTemp":{"iob":1.438,"basaliob":-0.102,"bolussnooze":0.3536,"activity":0.0226,"lastBolusTime":1703872396833,"time":"2023-12-29T18:53:06.972Z"}},{"iob":1.364,"basaliob":-0.06,"bolussnooze":0.2881,"activity":0.0217,"lastBolusTime":1703872396833,"time":"2023-12-29T18:58:06.972Z","iobWithZeroTemp":{"iob":1.318,"basaliob":-0.106,"bolussnooze":0.2881,"activity":0.0215,"lastBolusTime":1703872396833,"time":"2023-12-29T18:58:06.972Z"}},{"iob":1.259,"basaliob":-0.056,"bolussnooze":0.2332,"activity":0.0206,"lastBolusTime":1703872396833,"time":"2023-12-29T19:03:06.972Z","iobWithZeroTemp":{"iob":1.186,"basaliob":-0.129,"bolussnooze":0.2332,"activity":0.0203,"lastBolusTime":1703872396833,"time":"2023-12-29T19:03:06.972Z"}},{"iob":1.159,"basaliob":-0.053,"bolussnooze":0.1874,"activity":0.0194,"lastBolusTime":1703872396833,"time":"2023-12-29T19:08:06.972Z","iobWithZeroTemp":{"iob":1.059,"basaliob":-0.153,"bolussnooze":0.1874,"activity":0.0189,"lastBolusTime":1703872396833,"time":"2023-12-29T19:08:06.972Z"}},{"iob":1.066,"basaliob":-0.049,"bolussnooze":0.1496,"activity":0.0182,"lastBolusTime":1703872396833,"time":"2023-12-29T19:13:06.972Z","iobWithZeroTemp":{"iob":0.94,"basaliob":-0.175,"bolussnooze":0.1496,"activity":0.0176,"lastBolusTime":1703872396833,"time":"2023-12-29T19:13:06.972Z"}},{"iob":0.977,"basaliob":-0.046,"bolussnooze":0.1185,"activity":0.017,"lastBolusTime":1703872396833,"time":"2023-12-29T19:18:06.972Z","iobWithZeroTemp":{"iob":0.826,"basaliob":-0.197,"bolussnooze":0.1185,"activity":0.0162,"lastBolusTime":1703872396833,"time":"2023-12-29T19:18:06.972Z"}},{"iob":0.896,"basaliob":-0.042,"bolussnooze":0.0931,"activity":0.0159,"lastBolusTime":1703872396833,"time":"2023-12-29T19:23:06.972Z","iobWithZeroTemp":{"iob":0.721,"basaliob":-0.217,"bolussnooze":0.0931,"activity":0.0149,"lastBolusTime":1703872396833,"time":"2023-12-29T19:23:06.972Z"}},{"iob":0.819,"basaliob":-0.039,"bolussnooze":0.0724,"activity":0.0148,"lastBolusTime":1703872396833,"time":"2023-12-29T19:28:06.972Z","iobWithZeroTemp":{"iob":0.62,"basaliob":-0.238,"bolussnooze":0.0724,"activity":0.0135,"lastBolusTime":1703872396833,"time":"2023-12-29T19:28:06.972Z"}},{"iob":0.748,"basaliob":-0.036,"bolussnooze":0.0558,"activity":0.0137,"lastBolusTime":1703872396833,"time":"2023-12-29T19:33:06.972Z","iobWithZeroTemp":{"iob":0.527,"basaliob":-0.257,"bolussnooze":0.0558,"activity":0.0122,"lastBolusTime":1703872396833,"time":"2023-12-29T19:33:06.972Z"}},{"iob":0.682,"basaliob":-0.033,"bolussnooze":0.0425,"activity":0.0128,"lastBolusTime":1703872396833,"time":"2023-12-29T19:38:06.972Z","iobWithZeroTemp":{"iob":0.44,"basaliob":-0.275,"bolussnooze":0.0425,"activity":0.0111,"lastBolusTime":1703872396833,"time":"2023-12-29T19:38:06.972Z"}},{"iob":0.62,"basaliob":-0.031,"bolussnooze":0.032,"activity":0.0118,"lastBolusTime":1703872396833,"time":"2023-12-29T19:43:06.972Z","iobWithZeroTemp":{"iob":0.358,"basaliob":-0.293,"bolussnooze":0.032,"activity":0.0098,"lastBolusTime":1703872396833,"time":"2023-12-29T19:43:06.972Z"}},{"iob":0.563,"basaliob":-0.028,"bolussnooze":0.0237,"activity":0.0109,"lastBolusTime":1703872396833,"time":"2023-12-29T19:48:06.972Z","iobWithZeroTemp":{"iob":0.283,"basaliob":-0.308,"bolussnooze":0.0237,"activity":0.0087,"lastBolusTime":1703872396833,"time":"2023-12-29T19:48:06.972Z"}},{"iob":0.511,"basaliob":-0.026,"bolussnooze":0.0173,"activity":0.0101,"lastBolusTime":1703872396833,"time":"2023-12-29T19:53:06.972Z","iobWithZeroTemp":{"iob":0.213,"basaliob":-0.324,"bolussnooze":0.0173,"activity":0.0077,"lastBolusTime":1703872396833,"time":"2023-12-29T19:53:06.972Z"}},{"iob":0.462,"basaliob":-0.024,"bolussnooze":0.0123,"activity":0.0093,"lastBolusTime":1703872396833,"time":"2023-12-29T19:58:06.972Z","iobWithZeroTemp":{"iob":0.148,"basaliob":-0.338,"bolussnooze":0.0123,"activity":0.0066,"lastBolusTime":1703872396833,"time":"2023-12-29T19:58:06.972Z"}},{"iob":0.418,"basaliob":-0.022,"bolussnooze":0.0086,"activity":0.0085,"lastBolusTime":1703872396833,"time":"2023-12-29T20:03:06.972Z","iobWithZeroTemp":{"iob":0.089,"basaliob":-0.351,"bolussnooze":0.0086,"activity":0.0056,"lastBolusTime":1703872396833,"time":"2023-12-29T20:03:06.972Z"}},{"iob":0.378,"basaliob":-0.02,"bolussnooze":0.0058,"activity":0.0078,"lastBolusTime":1703872396833,"time":"2023-12-29T20:08:06.972Z","iobWithZeroTemp":{"iob":0.035,"basaliob":-0.363,"bolussnooze":0.0058,"activity":0.0047,"lastBolusTime":1703872396833,"time":"2023-12-29T20:08:06.972Z"}},{"iob":0.341,"basaliob":-0.018,"bolussnooze":0.0038,"activity":0.0072,"lastBolusTime":1703872396833,"time":"2023-12-29T20:13:06.972Z","iobWithZeroTemp":{"iob":-0.015,"basaliob":-0.374,"bolussnooze":0.0038,"activity":0.0039,"lastBolusTime":1703872396833,"time":"2023-12-29T20:13:06.972Z"}},{"iob":0.307,"basaliob":-0.016,"bolussnooze":0.0025,"activity":0.0065,"lastBolusTime":1703872396833,"time":"2023-12-29T20:18:06.972Z","iobWithZeroTemp":{"iob":-0.062,"basaliob":-0.385,"bolussnooze":0.0025,"activity":0.003,"lastBolusTime":1703872396833,"time":"2023-12-29T20:18:06.972Z"}},{"iob":0.275,"basaliob":-0.015,"bolussnooze":0.0015,"activity":0.0059,"lastBolusTime":1703872396833,"time":"2023-12-29T20:23:06.972Z","iobWithZeroTemp":{"iob":-0.105,"basaliob":-0.395,"bolussnooze":0.0015,"activity":0.0022,"lastBolusTime":1703872396833,"time":"2023-12-29T20:23:06.972Z"}},{"iob":0.246,"basaliob":-0.014,"bolussnooze":0.001,"activity":0.0054,"lastBolusTime":1703872396833,"time":"2023-12-29T20:28:06.972Z","iobWithZeroTemp":{"iob":-0.144,"basaliob":-0.404,"bolussnooze":0.001,"activity":0.0016,"lastBolusTime":1703872396833,"time":"2023-12-29T20:28:06.972Z"}},{"iob":0.221,"basaliob":-0.012,"bolussnooze":5.0E-4,"activity":0.005,"lastBolusTime":1703872396833,"time":"2023-12-29T20:33:06.972Z","iobWithZeroTemp":{"iob":-0.179,"basaliob":-0.412,"bolussnooze":5.0E-4,"activity":0.001,"lastBolusTime":1703872396833,"time":"2023-12-29T20:33:06.972Z"}},{"iob":0.198,"basaliob":-0.011,"bolussnooze":3.0E-4,"activity":0.0045,"lastBolusTime":1703872396833,"time":"2023-12-29T20:38:06.972Z","iobWithZeroTemp":{"iob":-0.211,"basaliob":-0.42,"bolussnooze":3.0E-4,"activity":3.0E-4,"lastBolusTime":1703872396833,"time":"2023-12-29T20:38:06.972Z"}},{"iob":0.176,"basaliob":-0.01,"bolussnooze":1.0E-4,"activity":0.0041,"lastBolusTime":1703872396833,"time":"2023-12-29T20:43:06.972Z","iobWithZeroTemp":{"iob":-0.241,"basaliob":-0.427,"bolussnooze":1.0E-4,"activity":-2.0E-4,"lastBolusTime":1703872396833,"time":"2023-12-29T20:43:06.972Z"}},{"iob":0.157,"basaliob":-0.009,"bolussnooze":0,"activity":0.0037,"lastBolusTime":1703872396833,"time":"2023-12-29T20:48:06.972Z","iobWithZeroTemp":{"iob":-0.267,"basaliob":-0.433,"bolussnooze":0,"activity":-7.0E-4,"lastBolusTime":1703872396833,"time":"2023-12-29T20:48:06.972Z"}},{"iob":0.139,"basaliob":-0.008,"bolussnooze":0,"activity":0.0033,"lastBolusTime":1703872396833,"time":"2023-12-29T20:53:06.972Z","iobWithZeroTemp":{"iob":-0.292,"basaliob":-0.439,"bolussnooze":0,"activity":-0.0013,"lastBolusTime":1703872396833,"time":"2023-12-29T20:53:06.972Z"}},{"iob":0.124,"basaliob":-0.007,"bolussnooze":0,"activity":0.003,"lastBolusTime":1703872396833,"time":"2023-12-29T20:58:06.972Z","iobWithZeroTemp":{"iob":-0.313,"basaliob":-0.444,"bolussnooze":0,"activity":-0.0017,"lastBolusTime":1703872396833,"time":"2023-12-29T20:58:06.972Z"}},{"iob":0.109,"basaliob":-0.007,"bolussnooze":0,"activity":0.0027,"lastBolusTime":1703872396833,"time":"2023-12-29T21:03:06.972Z","iobWithZeroTemp":{"iob":-0.333,"basaliob":-0.449,"bolussnooze":0,"activity":-0.0021,"lastBolusTime":1703872396833,"time":"2023-12-29T21:03:06.972Z"}},{"iob":0.096,"basaliob":-0.006,"bolussnooze":0,"activity":0.0025,"lastBolusTime":1703872396833,"time":"2023-12-29T21:08:06.972Z","iobWithZeroTemp":{"iob":-0.351,"basaliob":-0.453,"bolussnooze":0,"activity":-0.0024,"lastBolusTime":1703872396833,"time":"2023-12-29T21:08:06.972Z"}},{"iob":0.085,"basaliob":-0.005,"bolussnooze":0,"activity":0.0022,"lastBolusTime":1703872396833,"time":"2023-12-29T21:13:06.972Z","iobWithZeroTemp":{"iob":-0.367,"basaliob":-0.457,"bolussnooze":0,"activity":-0.0028,"lastBolusTime":1703872396833,"time":"2023-12-29T21:13:06.972Z"}},{"iob":0.074,"basaliob":-0.005,"bolussnooze":0,"activity":0.002,"lastBolusTime":1703872396833,"time":"2023-12-29T21:18:06.972Z","iobWithZeroTemp":{"iob":-0.382,"basaliob":-0.461,"bolussnooze":0,"activity":-0.003,"lastBolusTime":1703872396833,"time":"2023-12-29T21:18:06.972Z"}},{"iob":0.065,"basaliob":-0.004,"bolussnooze":0,"activity":0.0017,"lastBolusTime":1703872396833,"time":"2023-12-29T21:23:06.972Z","iobWithZeroTemp":{"iob":-0.395,"basaliob":-0.464,"bolussnooze":0,"activity":-0.0034,"lastBolusTime":1703872396833,"time":"2023-12-29T21:23:06.972Z"}},{"iob":0.057,"basaliob":-0.004,"bolussnooze":0,"activity":0.0016,"lastBolusTime":1703872396833,"time":"2023-12-29T21:28:06.972Z","iobWithZeroTemp":{"iob":-0.406,"basaliob":-0.467,"bolussnooze":0,"activity":-0.0036,"lastBolusTime":1703872396833,"time":"2023-12-29T21:28:06.972Z"}},{"iob":0.05,"basaliob":-0.003,"bolussnooze":0,"activity":0.0014,"lastBolusTime":1703872396833,"time":"2023-12-29T21:33:06.972Z","iobWithZeroTemp":{"iob":-0.417,"basaliob":-0.47,"bolussnooze":0,"activity":-0.0038,"lastBolusTime":1703872396833,"time":"2023-12-29T21:33:06.972Z"}},{"iob":0.043,"basaliob":-0.003,"bolussnooze":0,"activity":0.0012,"lastBolusTime":1703872396833,"time":"2023-12-29T21:38:06.972Z","iobWithZeroTemp":{"iob":-0.426,"basaliob":-0.472,"bolussnooze":0,"activity":-0.0041,"lastBolusTime":1703872396833,"time":"2023-12-29T21:38:06.972Z"}},{"iob":0.037,"basaliob":-0.003,"bolussnooze":0,"activity":0.0011,"lastBolusTime":1703872396833,"time":"2023-12-29T21:43:06.972Z","iobWithZeroTemp":{"iob":-0.435,"basaliob":-0.475,"bolussnooze":0,"activity":-0.0043,"lastBolusTime":1703872396833,"time":"2023-12-29T21:43:06.972Z"}},{"iob":0.032,"basaliob":-0.002,"bolussnooze":0,"activity":9.0E-4,"lastBolusTime":1703872396833,"time":"2023-12-29T21:48:06.972Z","iobWithZeroTemp":{"iob":-0.442,"basaliob":-0.476,"bolussnooze":0,"activity":-0.0045,"lastBolusTime":1703872396833,"time":"2023-12-29T21:48:06.972Z"}},{"iob":0.027,"basaliob":-0.002,"bolussnooze":0,"activity":8.0E-4,"lastBolusTime":1703872396833,"time":"2023-12-29T21:53:06.972Z","iobWithZeroTemp":{"iob":-0.449,"basaliob":-0.478,"bolussnooze":0,"activity":-0.0047,"lastBolusTime":1703872396833,"time":"2023-12-29T21:53:06.972Z"}},{"iob":0.023,"basaliob":-0.002,"bolussnooze":0,"activity":8.0E-4,"lastBolusTime":1703872396833,"time":"2023-12-29T21:58:06.972Z","iobWithZeroTemp":{"iob":-0.455,"basaliob":-0.48,"bolussnooze":0,"activity":-0.0047,"lastBolusTime":1703872396833,"time":"2023-12-29T21:58:06.972Z"}},{"iob":0.02,"basaliob":-0.001,"bolussnooze":0,"activity":7.0E-4,"lastBolusTime":1703872396833,"time":"2023-12-29T22:03:06.972Z","iobWithZeroTemp":{"iob":-0.455,"basaliob":-0.476,"bolussnooze":0,"activity":-0.0048,"lastBolusTime":1703872396833,"time":"2023-12-29T22:03:06.972Z"}},{"iob":0.017,"basaliob":-0.001,"bolussnooze":0,"activity":6.0E-4,"lastBolusTime":1703872396833,"time":"2023-12-29T22:08:06.972Z","iobWithZeroTemp":{"iob":-0.456,"basaliob":-0.474,"bolussnooze":0,"activity":-0.0049,"lastBolusTime":1703872396833,"time":"2023-12-29T22:08:06.972Z"}},{"iob":0.014,"basaliob":-0.001,"bolussnooze":0,"activity":5.0E-4,"lastBolusTime":1703872396833,"time":"2023-12-29T22:13:06.972Z","iobWithZeroTemp":{"iob":-0.456,"basaliob":-0.471,"bolussnooze":0,"activity":-0.0051,"lastBolusTime":1703872396833,"time":"2023-12-29T22:13:06.972Z"}},{"iob":0.012,"basaliob":-0.001,"bolussnooze":0,"activity":5.0E-4,"lastBolusTime":1703872396833,"time":"2023-12-29T22:18:06.972Z","iobWithZeroTemp":{"iob":-0.455,"basaliob":-0.468,"bolussnooze":0,"activity":-0.0051,"lastBolusTime":1703872396833,"time":"2023-12-29T22:18:06.972Z"}},{"iob":0.009,"basaliob":-0.001,"bolussnooze":0,"activity":4.0E-4,"lastBolusTime":1703872396833,"time":"2023-12-29T22:23:06.972Z","iobWithZeroTemp":{"iob":-0.455,"basaliob":-0.465,"bolussnooze":0,"activity":-0.0052,"lastBolusTime":1703872396833,"time":"2023-12-29T22:23:06.972Z"}}],"profile":{"max_iob":10,"type":"current","max_daily_basal":0.35,"max_basal":0.4,"min_bg":75,"max_bg":75,"target_bg":75,"carb_ratio":8.5,"sens":110,"max_daily_safety_multiplier":3,"current_basal_safety_multiplier":4,"lgsThreshold":95,"high_temptarget_raises_sensitivity":true,"low_temptarget_lowers_sensitivity":true,"sensitivity_raises_target":true,"resistance_lowers_target":true,"adv_target_adjustments":false,"exercise_mode":false,"half_basal_exercise_target":160,"maxCOB":120,"skip_neutral_temps":false,"remainingCarbsCap":90,"enableUAM":true,"A52_risk_enable":false,"SMBInterval":3,"enableSMB_with_COB":true,"enableSMB_with_temptarget":true,"allowSMB_with_high_temptarget":false,"enableSMB_always":false,"enableSMB_after_carbs":true,"maxSMBBasalMinutes":45,"maxUAMSMBBasalMinutes":45,"bolus_increment":0.05,"carbsReqThreshold":2,"current_basal":0.1,"temptargetSet":true,"autosens_max":1.3,"autosens_min":0.7,"variable_sens":118,"insulinDivisor":75,"TDD":15.175184380952379},"autosens_data":{"ratio":1.053031083683715},"meal_data":{"carbs":20,"mealCOB":7.8477045454545475,"slopeFromMaxDeviation":-3.2908333333333335,"slopeFromMinDeviation":0,"lastBolusTime":1703872396833,"lastCarbTime":1703870672687},"microBolusAllowed":true,"currentTime":1703874487697,"flatBGsDetected":false,"tdd1D":13.99583333333333,"tdd7D":16.405023809523808,"tddLast24H":17.275,"tddLast4H":3.9583333333333335,"tddLast8to4H":3.6541666666666672},"output":{"temp":"absolute","bg":130,"tick":-10,"eventualBG":39,"targetBG":75,"insulinReq":0,"deliverAt":"2023-12-29T18:28:07.697Z","sensitivityRatio":1.3,"variable_sens":118,"predBGs":{"IOB":[130,120,108,96,82,67,49,39,39,39,39,39,39],"ZT":[130,114,96,78,57,39,39,39,39,39,39,39,39,39,39,39,39,39,39,39,39,39,39,39,39,39,39,39,39,39,39,39,39,39,39,39,39,39,39,39,39,39,39,39,39,39,39,39],"COB":[130,120,110,101,92,83,75,67,60,53,47,42,39],"UAM":[130,117,100,82,61,39,39,39,39,39,39,39,39]},"reason":"COB: 7.8, Dev: 39, BGI: -16, ISF: 118, CR: 8.5, Target: 75, minPredBG -248, minGuardBG -248, IOBpredBG 39, COBpredBG 39, UAMpredBG 39; 22 add'l carbs req w\/in 20m; minGuardBG -248<95","COB":7.8477045454545475,"IOB":2.112,"carbsReq":22,"carbsReqWithin":20,"duration":120,"rate":0,"timestamp":"2023-12-29T18:28:07.710Z"}}