{"algorithm":"OpenAPSSMBDynamicISFPlugin","input":{"glucoseStatus":{"glucose":96,"noise":0,"delta":-0.33,"short_avgdelta":-0.33,"long_avgdelta":0.96,"date":1703854966000},"currenttemp":{"temp":"absolute","duration":85,"rate":0,"minutesrunning":35},"iob_data":[{"iob":0.395,"basaliob":-0.362,"bolussnooze":0.0325,"activity":0.0082,"lastBolusTime":1703853794263,"time":"2023-12-29T13:03:11.051Z","iobWithZeroTemp":{"iob":0.395,"basaliob":-0.362,"bolussnooze":0.0325,"activity":0.0082,"lastBolusTime":1703853794263,"time":"2023-12-29T13:03:11.051Z"}},{"iob":0.356,"basaliob":-0.343,"bolussnooze":0.0244,"activity":0.0074,"lastBolusTime":1703853794263,"time":"2023-12-29T13:08:11.051Z","iobWithZeroTemp":{"iob":0.336,"basaliob":-0.363,"bolussnooze":0.0244,"activity":0.0074,"lastBolusTime":1703853794263,"time":"2023-12-29T13:08:11.051Z"}},{"iob":0.321,"basaliob":-0.323,"bolussnooze":0.0179,"activity":0.0068,"lastBolusTime":1703853794263,"time":"2023-12-29T13:13:11.051Z","iobWithZeroTemp":{"iob":0.276,"basaliob":-0.368,"bolussnooze":0.0179,"activity":0.0067,"lastBolusTime":1703853794263,"time":"2023-12-29T13:13:11.051Z"}},{"iob":0.288,"basaliob":-0.304,"bolussnooze":0.013,"activity":0.0061,"lastBolusTime":1703853794263,"time":"2023-12-29T13:18:11.051Z","iobWithZeroTemp":{"iob":0.219,"basaliob":-0.373,"bolussnooze":0.013,"activity":0.0059,"lastBolusTime":1703853794263,"time":"2023-12-29T13:18:11.051Z"}},{"iob":0.258,"basaliob":-0.285,"bolussnooze":0.0091,"activity":0.0056,"lastBolusTime":1703853794263,"time":"2023-12-29T13:23:11.051Z","iobWithZeroTemp":{"iob":0.165,"basaliob":-0.378,"bolussnooze":0.0091,"activity":0.0052,"lastBolusTime":1703853794263,"time":"2023-12-29T13:23:11.051Z"}},{"iob":0.232,"basaliob":-0.266,"bolussnooze":0.0062,"activity":0.0051,"lastBolusTime":1703853794263,"time":"2023-12-29T13:28:11.051Z","iobWithZeroTemp":{"iob":0.117,"basaliob":-0.381,"bolussnooze":0.0062,"activity":0.0046,"lastBolusTime":1703853794263,"time":"2023-12-29T13:28:11.051Z"}},{"iob":0.207,"basaliob":-0.248,"bolussnooze":0.0041,"activity":0.0046,"lastBolusTime":1703853794263,"time":"2023-12-29T13:33:11.051Z","iobWithZeroTemp":{"iob":0.07,"basaliob":-0.385,"bolussnooze":0.0041,"activity":0.0039,"lastBolusTime":1703853794263,"time":"2023-12-29T13:33:11.051Z"}},{"iob":0.185,"basaliob":-0.231,"bolussnooze":0.0025,"activity":0.0042,"lastBolusTime":1703853794263,"time":"2023-12-29T13:38:11.051Z","iobWithZeroTemp":{"iob":0.027,"basaliob":-0.389,"bolussnooze":0.0025,"activity":0.0033,"lastBolusTime":1703853794263,"time":"2023-12-29T13:38:11.051Z"}},{"iob":0.165,"basaliob":-0.214,"bolussnooze":0.0015,"activity":0.0038,"lastBolusTime":1703853794263,"time":"2023-12-29T13:43:11.051Z","iobWithZeroTemp":{"iob":-0.013,"basaliob":-0.392,"bolussnooze":0.0015,"activity":0.0027,"lastBolusTime":1703853794263,"time":"2023-12-29T13:43:11.051Z"}},{"iob":0.147,"basaliob":-0.198,"bolussnooze":7.0E-4,"activity":0.0035,"lastBolusTime":1703853794263,"time":"2023-12-29T13:48:11.051Z","iobWithZeroTemp":{"iob":-0.05,"basaliob":-0.395,"bolussnooze":7.0E-4,"activity":0.0022,"lastBolusTime":1703853794263,"time":"2023-12-29T13:48:11.051Z"}},{"iob":0.13,"basaliob":-0.183,"bolussnooze":3.0E-4,"activity":0.0032,"lastBolusTime":1703853794263,"time":"2023-12-29T13:53:11.051Z","iobWithZeroTemp":{"iob":-0.085,"basaliob":-0.398,"bolussnooze":3.0E-4,"activity":0.0016,"lastBolusTime":1703853794263,"time":"2023-12-29T13:53:11.051Z"}},{"iob":0.116,"basaliob":-0.168,"bolussnooze":1.0E-4,"activity":0.0028,"lastBolusTime":1703853794263,"time":"2023-12-29T13:58:11.051Z","iobWithZeroTemp":{"iob":-0.116,"basaliob":-0.4,"bolussnooze":1.0E-4,"activity":0.001,"lastBolusTime":1703853794263,"time":"2023-12-29T13:58:11.051Z"}},{"iob":0.102,"basaliob":-0.155,"bolussnooze":0,"activity":0.0026,"lastBolusTime":1703853794263,"time":"2023-12-29T14:03:11.051Z","iobWithZeroTemp":{"iob":-0.129,"basaliob":-0.386,"bolussnooze":0,"activity":6.0E-4,"lastBolusTime":1703853794263,"time":"2023-12-29T14:03:11.051Z"}},{"iob":0.09,"basaliob":-0.142,"bolussnooze":0,"activity":0.0023,"lastBolusTime":1703853794263,"time":"2023-12-29T14:08:11.051Z","iobWithZeroTemp":{"iob":-0.139,"basaliob":-0.371,"bolussnooze":0,"activity":2.0E-4,"lastBolusTime":1703853794263,"time":"2023-12-29T14:08:11.051Z"}},{"iob":0.08,"basaliob":-0.13,"bolussnooze":0,"activity":0.002,"lastBolusTime":1703853794263,"time":"2023-12-29T14:13:11.051Z","iobWithZeroTemp":{"iob":-0.147,"basaliob":-0.357,"bolussnooze":0,"activity":-2.0E-4,"lastBolusTime":1703853794263,"time":"2023-12-29T14:13:11.051Z"}},{"iob":0.07,"basaliob":-0.119,"bolussnooze":0,"activity":0.0019,"lastBolusTime":1703853794263,"time":"2023-12-29T14:18:11.051Z","iobWithZeroTemp":{"iob":-0.154,"basaliob":-0.343,"bolussnooze":0,"activity":-4.0E-4,"lastBolusTime":1703853794263,"time":"2023-12-29T14:18:11.051Z"}},{"iob":0.061,"basaliob":-0.109,"bolussnooze":0,"activity":0.0016,"lastBolusTime":1703853794263,"time":"2023-12-29T14:23:11.051Z","iobWithZeroTemp":{"iob":-0.16,"basaliob":-0.33,"bolussnooze":0,"activity":-8.0E-4,"lastBolusTime":1703853794263,"time":"2023-12-29T14:23:11.051Z"}},{"iob":0.053,"basaliob":-0.1,"bolussnooze":0,"activity":0.0015,"lastBolusTime":1703853794263,"time":"2023-12-29T14:28:11.051Z","iobWithZeroTemp":{"iob":-0.165,"basaliob":-0.318,"bolussnooze":0,"activity":-9.0E-4,"lastBolusTime":1703853794263,"time":"2023-12-29T14:28:11.051Z"}},{"iob":0.046,"basaliob":-0.091,"bolussnooze":0,"activity":0.0013,"lastBolusTime":1703853794263,"time":"2023-12-29T14:33:11.051Z","iobWithZeroTemp":{"iob":-0.168,"basaliob":-0.305,"bolussnooze":0,"activity":-0.0011,"lastBolusTime":1703853794263,"time":"2023-12-29T14:33:11.051Z"}},{"iob":0.04,"basaliob":-0.082,"bolussnooze":0,"activity":0.0011,"lastBolusTime":1703853794263,"time":"2023-12-29T14:38:11.051Z","iobWithZeroTemp":{"iob":-0.17,"basaliob":-0.292,"bolussnooze":0,"activity":-0.0014,"lastBolusTime":1703853794263,"time":"2023-12-29T14:38:11.051Z"}},{"iob":0.034,"basaliob":-0.075,"bolussnooze":0,"activity":0.001,"lastBolusTime":1703853794263,"time":"2023-12-29T14:43:11.051Z","iobWithZeroTemp":{"iob":-0.172,"basaliob":-0.281,"bolussnooze":0,"activity":-0.0015,"lastBolusTime":1703853794263,"time":"2023-12-29T14:43:11.051Z"}},{"iob":0.029,"basaliob":-0.068,"bolussnooze":0,"activity":0.001,"lastBolusTime":1703853794263,"time":"2023-12-29T14:48:11.051Z","iobWithZeroTemp":{"iob":-0.173,"basaliob":-0.27,"bolussnooze":0,"activity":-0.0014,"lastBolusTime":1703853794263,"time":"2023-12-29T14:48:11.051Z"}},{"iob":0.026,"basaliob":-0.061,"bolussnooze":0,"activity":8.0E-4,"lastBolusTime":1703853794263,"time":"2023-12-29T14:53:11.051Z","iobWithZeroTemp":{"iob":-0.173,"basaliob":-0.26,"bolussnooze":0,"activity":-0.0016,"lastBolusTime":1703853794263,"time":"2023-12-29T14:53:11.051Z"}},{"iob":0.022,"basaliob":-0.055,"bolussnooze":0,"activity":7.0E-4,"lastBolusTime":1703853794263,"time":"2023-12-29T14:58:11.051Z","iobWithZeroTemp":{"iob":-0.173,"basaliob":-0.25,"bolussnooze":0,"activity":-0.0017,"lastBolusTime":1703853794263,"time":"2023-12-29T14:58:11.051Z"}},{"iob":0.018,"basaliob":-0.05,"bolussnooze":0,"activity":7.0E-4,"lastBolusTime":1703853794263,"time":"2023-12-29T15:03:11.051Z","iobWithZeroTemp":{"iob":-0.173,"basaliob":-0.241,"bolussnooze":0,"activity":-0.0017,"lastBolusTime":1703853794263,"time":"2023-12-29T15:03:11.051Z"}},{"iob":0.015,"basaliob":-0.045,"bolussnooze":0,"activity":6.0E-4,"lastBolusTime":1703853794263,"time":"2023-12-29T15:08:11.051Z","iobWithZeroTemp":{"iob":-0.173,"basaliob":-0.233,"bolussnooze":0,"activity":-0.0018,"lastBolusTime":1703853794263,"time":"2023-12-29T15:08:11.051Z"}},{"iob":0.012,"basaliob":-0.041,"bolussnooze":0,"activity":4.0E-4,"lastBolusTime":1703853794263,"time":"2023-12-29T15:13:11.051Z","iobWithZeroTemp":{"iob":-0.172,"basaliob":-0.225,"bolussnooze":0,"activity":-0.0019,"lastBolusTime":1703853794263,"time":"2023-12-29T15:13:11.051Z"}},{"iob":0.011,"basaliob":-0.036,"bolussnooze":0,"activity":4.0E-4,"lastBolusTime":1703853794263,"time":"2023-12-29T15:18:11.051Z","iobWithZeroTemp":{"iob":-0.17,"basaliob":-0.217,"bolussnooze":0,"activity":-0.0019,"lastBolusTime":1703853794263,"time":"2023-12-29T15:18:11.051Z"}},{"iob":0.008,"basaliob":-0.033,"bolussnooze":0,"activity":4.0E-4,"lastBolusTime":1703853794263,"time":"2023-12-29T15:23:11.051Z","iobWithZeroTemp":{"iob":-0.17,"basaliob":-0.211,"bolussnooze":0,"activity":-0.0019,"lastBolusTime":1703853794263,"time":"2023-12-29T15:23:11.051Z"}},{"iob":0.007,"basaliob":-0.029,"bolussnooze":0,"activity":3.0E-4,"lastBolusTime":1703853794263,"time":"2023-12-29T15:28:11.051Z","iobWithZeroTemp":{"iob":-0.168,"basaliob":-0.204,"bolussnooze":0,"activity":-0.0019,"lastBolusTime":1703853794263,"time":"2023-12-29T15:28:11.051Z"}},{"iob":0.005,"basaliob":-0.026,"bolussnooze":0,"activity":3.0E-4,"lastBolusTime":1703853794263,"time":"2023-12-29T15:33:11.051Z","iobWithZeroTemp":{"iob":-0.167,"basaliob":-0.198,"bolussnooze":0,"activity":-0.0019,"lastBolusTime":1703853794263,"time":"2023-12-29T15:33:11.051Z"}},{"iob":0.004,"basaliob":-0.023,"bolussnooze":0,"activity":3.0E-4,"lastBolusTime":1703853794263,"time":"2023-12-29T15:38:11.051Z","iobWithZeroTemp":{"iob":-0.166,"basaliob":-0.193,"bolussnooze":0,"activity":-0.0019,"lastBolusTime":1703853794263,"time":"2023-12-29T15:38:11.051Z"}},{"iob":0.003,"basaliob":-0.021,"bolussnooze":0,"activity":2.0E-4,"lastBolusTime":1703853794263,"time":"2023-12-29T15:43:11.051Z","iobWithZeroTemp":{"iob":-0.164,"basaliob":-0.188,"bolussnooze":0,"activity":-0.0019,"lastBolusTime":1703853794263,"time":"2023-12-29T15:43:11.051Z"}},{"iob":0.002,"basaliob":-0.018,"bolussnooze":0,"activity":2.0E-4,"lastBolusTime":1703853794263,"time":"2023-12-29T15:48:11.051Z","iobWithZeroTemp":{"iob":-0.163,"basaliob":-0.183,"bolussnooze":0,"activity":-0.0019,"lastBolusTime":1703853794263,"time":"2023-12-29T15:48:11.051Z"}},{"iob":0.002,"basaliob":-0.016,"bolussnooze":0,"activity":1.0E-4,"lastBolusTime":1703853794263,"time":"2023-12-29T15:53:11.051Z","iobWithZeroTemp":{"iob":-0.161,"basaliob":-0.179,"bolussnooze":0,"activity":-0.002,"lastBolusTime":1703853794263,"time":"2023-12-29T15:53:11.051Z"}},{"iob":0.001,"basaliob":-0.014,"bolussnooze":0,"activity":1.0E-4,"lastBolusTime":1703853794263,"time":"2023-12-29T15:58:11.051Z","iobWithZeroTemp":{"iob":-0.16,"basaliob":-0.175,"bolussnooze":0,"activity":-0.0019,"lastBolusTime":1703853794263,"time":"2023-12-29T15:58:11.051Z"}},{"iob":0,"basaliob":-0.013,"bolussnooze":0,"activity":1.0E-4,"lastBolusTime":1703853794263,"time":"2023-12-29T16:03:11.051Z","iobWithZeroTemp":{"iob":-0.159,"basaliob":-0.172,"bolussnooze":0,"activity":-0.0019,"lastBolusTime":1703853794263,"time":"2023-12-29T16:03:11.051Z"}},{"iob":0,"basaliob":-0.011,"bolussnooze":0,"activity":1.0E-4,"lastBolusTime":1703853794263,"time":"2023-12-29T16:08:11.051Z","iobWithZeroTemp":{"iob":-0.157,"basaliob":-0.168,"bolussnooze":0,"activity":-0.0019,"lastBolusTime":1703853794263,"time":"2023-12-29T16:08:11.051Z"}},{"iob":-0.001,"basaliob":-0.01,"bolussnooze":0,"activity":0,"lastBolusTime":1703853794263,"time":"2023-12-29T16:13:11.051Z","iobWithZeroTemp":{"iob":-0.157,"basaliob":-0.166,"bolussnooze":0,"activity":-0.002,"lastBolusTime":1703853794263,"time":"2023-12-29T16:13:11.051Z"}},{"iob":-0.001,"basaliob":-0.009,"bolussnooze":0,"activity":1.0E-4,"lastBolusTime":1703853794263,"time":"2023-12-29T16:18:11.051Z","iobWithZeroTemp":{"iob":-0.155,"basaliob":-0.163,"bolussnooze":0,"activity":-0.0018,"lastBolusTime":1703853794263,"time":"2023-12-29T16:18:11.051Z"}},{"iob":-0.001,"basaliob":-0.008,"bolussnooze":0,"activity":0,"lastBolusTime":1703853794263,"time":"2023-12-29T16:23:11.051Z","iobWithZeroTemp":{"iob":-0.154,"basaliob":-0.161,"bolussnooze":0,"activity":-0.0019,"lastBolusTime":1703853794263,"time":"2023-12-29T16:23:11.051Z"}},{"iob":-0.001,"basaliob":-0.007,"bolussnooze":0,"activity":0,"lastBolusTime":1703853794263,"time":"2023-12-29T16:28:11.051Z","iobWithZeroTemp":{"iob":-0.153,"basaliob":-0.159,"bolussnooze":0,"activity":-0.0019,"lastBolusTime":1703853794263,"time":"2023-12-29T16:28:11.051Z"}},{"iob":-0.001,"basaliob":-0.006,"bolussnooze":0,"activity":0,"lastBolusTime":1703853794263,"time":"2023-12-29T16:33:11.051Z","iobWithZeroTemp":{"iob":-0.152,"basaliob":-0.157,"bolussnooze":0,"activity":-0.0019,"lastBolusTime":1703853794263,"time":"2023-12-29T16:33:11.051Z"}},{"iob":-0.001,"basaliob":-0.005,"bolussnooze":0,"activity":0,"lastBolusTime":1703853794263,"time":"2023-12-29T16:38:11.051Z","iobWithZeroTemp":{"iob":-0.151,"basaliob":-0.155,"bolussnooze":0,"activity":-0.0019,"lastBolusTime":1703853794263,"time":"2023-12-29T16:38:11.051Z"}},{"iob":-0.001,"basaliob":-0.004,"bolussnooze":0,"activity":0,"lastBolusTime":1703853794263,"time":"2023-12-29T16:43:11.051Z","iobWithZeroTemp":{"iob":-0.15,"basaliob":-0.153,"bolussnooze":0,"activity":-0.0018,"lastBolusTime":1703853794263,"time":"2023-12-29T16:43:11.051Z"}},{"iob":-0.001,"basaliob":-0.004,"bolussnooze":0,"activity":0,"lastBolusTime":1703853794263,"time":"2023-12-29T16:48:11.051Z","iobWithZeroTemp":{"iob":-0.149,"basaliob":-0.152,"bolussnooze":0,"activity":-0.0018,"lastBolusTime":1703853794263,"time":"2023-12-29T16:48:11.051Z"}},{"iob":-0.001,"basaliob":-0.003,"bolussnooze":0,"activity":0,"lastBolusTime":1703853794263,"time":"2023-12-29T16:53:11.051Z","iobWithZeroTemp":{"iob":-0.148,"basaliob":-0.15,"bolussnooze":0,"activity":-0.0018,"lastBolusTime":1703853794263,"time":"2023-12-29T16:53:11.051Z"}},{"iob":-0.001,"basaliob":-0.003,"bolussnooze":0,"activity":0,"lastBolusTime":1703853794263,"time":"2023-12-29T16:58:11.051Z","iobWithZeroTemp":{"iob":-0.147,"basaliob":-0.149,"bolussnooze":0,"activity":-0.0018,"lastBolusTime":1703853794263,"time":"2023-12-29T16:58:11.051Z"}}],"profile":{"max_iob":10,"type":"current","max_daily_basal":0.35,"max_basal":1.05,"min_bg":90,"max_bg":90,"target_bg":90,"carb_ratio":8.5,"sens":110,"max_daily_safety_multiplier":3,"current_basal_safety_multiplier":4,"lgsThreshold":95,"high_temptarget_raises_sensitivity":true,"low_temptarget_lowers_sensitivity":true,"sensitivity_raises_target":true,"resistance_lowers_target":true,"adv_target_adjustments":false,"exercise_mode":false,"half_basal_exercise_target":160,"maxCOB":120,"skip_neutral_temps":false,"remainingCarbsCap":90,"enableUAM":true,"A52_risk_enable":false,"SMBInterval":3,"enableSMB_with_COB":true,"enableSMB_with_temptarget":true,"allowSMB_with_high_temptarget":false,"enableSMB_always":false,"enableSMB_after_carbs":true,"maxSMBBasalMinutes":45,"maxUAMSMBBasalMinutes":45,"bolus_increment":0.05,"carbsReqThreshold":2,"current_basal":0.3,"temptargetSet":false,"autosens_max":1.3,"autosens_min":0.7,"variable_sens":154.8,"insulinDivisor":75,"TDD":14.10998563095238},"autosens_data":{"ratio":0.9067344352992913},"meal_data":{"carbs":35,"mealCOB":13.729727272727253,"slopeFromMaxDeviation":-0.8344444444444444,"slopeFromMinDeviation":0,"lastBolusTime":1703853794263,"lastCarbTime":1703847796675},"microBolusAllowed":true,"currentTime":1703854992756,"flatBGsDetected":false,"tdd1D":13.99583333333333,"tdd7D":16.405023809523808,"tddLast24H":14.874999999999998,"tddLast4H":3.141666666666667,"tddLast8to4H":3.45},"output":{"temp":"absolute","bg":96,"tick":"+0","eventualBG":241,"targetBG":93,"insulinReq":0,"deliverAt":"2023-12-29T13:03:12.756Z","sensitivityRatio":0.9067344352992913,"variable_sens":154.8,"predBGs":{"IOB":[96,95,94,94,93,92,91,90,88,87,85,82,80,78,76,74,72,71,69,68,67,66,65,64,63,62,62,61,61,61,60,60,60,59],"ZT":[96,90,84,78,73,68,63,59,56,52,50,48,46,46,45,46,46,47,48,50,52,53,55,57,59,61,63,65,67,69,70,72,74,76,78,79,81,83,84,86,87,89,91,92],"COB":[96,96,96,96,97,99,100,102,105,107,110,113,116,119,122,126,129,133,137,140,144,148,152,156,160,164,168,172,176,179,183,187,191,195,198,202,206,209,213,216,220,223,226,229,232,235,238,241],"UAM":[96,95,93,92,89,87,83,80,76,73,69,66,63,61,58,56,54,52,50,48,47,46,44,43,42,41,40,40,39]},"reason":"COB: 13.7, Dev: 36, BGI: -6, ISF: 155, CR: 8.5, Target: 93, minPredBG 117, minGuardBG 60, IOBpredBG 59, COBpredBG 241, UAMpredBG 39; minGuardBG 60<95 85m left and 0 ~ req 0U\/hr: no temp required","COB":13.729727272727253,"IOB":0.395,"timestamp":"2023-12-29T13:03:12.788Z"}}