{"algorithm":"OpenAPSSMBDynamicISFPlugin","input":{"glucoseStatus":{"glucose":151,"noise":0,"delta":0.11,"short_avgdelta":0.11,"long_avgdelta":-0.77,"date":1703794664000},"currenttemp":{"temp":"absolute","duration":50,"rate":0,"minutesrunning":10},"iob_data":[{"iob":1.116,"basaliob":-0.224,"bolussnooze":0.2347,"activity":0.0181,"lastBolusTime":1703793197806,"time":"2023-12-28T20:18:06.625Z","iobWithZeroTemp":{"iob":1.116,"basaliob":-0.224,"bolussnooze":0.2347,"activity":0.0181,"lastBolusTime":1703793197806,"time":"2023-12-28T20:18:06.625Z"}},{"iob":1.028,"basaliob":-0.214,"bolussnooze":0.189,"activity":0.017,"lastBolusTime":1703793197806,"time":"2023-12-28T20:23:06.625Z","iobWithZeroTemp":{"iob":1.005,"basaliob":-0.237,"bolussnooze":0.189,"activity":0.017,"lastBolusTime":1703793197806,"time":"2023-12-28T20:23:06.625Z"}},{"iob":0.946,"basaliob":-0.203,"bolussnooze":0.1512,"activity":0.0161,"lastBolusTime":1703793197806,"time":"2023-12-28T20:28:06.625Z","iobWithZeroTemp":{"iob":0.894,"basaliob":-0.255,"bolussnooze":0.1512,"activity":0.016,"lastBolusTime":1703793197806,"time":"2023-12-28T20:28:06.625Z"}},{"iob":0.868,"basaliob":-0.192,"bolussnooze":0.1201,"activity":0.015,"lastBolusTime":1703793197806,"time":"2023-12-28T20:33:06.625Z","iobWithZeroTemp":{"iob":0.787,"basaliob":-0.273,"bolussnooze":0.1201,"activity":0.0148,"lastBolusTime":1703793197806,"time":"2023-12-28T20:33:06.625Z"}},{"iob":0.796,"basaliob":-0.181,"bolussnooze":0.0945,"activity":0.014,"lastBolusTime":1703793197806,"time":"2023-12-28T20:38:06.625Z","iobWithZeroTemp":{"iob":0.688,"basaliob":-0.289,"bolussnooze":0.0945,"activity":0.0136,"lastBolusTime":1703793197806,"time":"2023-12-28T20:38:06.625Z"}},{"iob":0.727,"basaliob":-0.171,"bolussnooze":0.0738,"activity":0.013,"lastBolusTime":1703793197806,"time":"2023-12-28T20:43:06.625Z","iobWithZeroTemp":{"iob":0.592,"basaliob":-0.306,"bolussnooze":0.0738,"activity":0.0124,"lastBolusTime":1703793197806,"time":"2023-12-28T20:43:06.625Z"}},{"iob":0.664,"basaliob":-0.16,"bolussnooze":0.057,"activity":0.0122,"lastBolusTime":1703793197806,"time":"2023-12-28T20:48:06.625Z","iobWithZeroTemp":{"iob":0.504,"basaliob":-0.32,"bolussnooze":0.057,"activity":0.0114,"lastBolusTime":1703793197806,"time":"2023-12-28T20:48:06.625Z"}},{"iob":0.605,"basaliob":-0.15,"bolussnooze":0.0435,"activity":0.0112,"lastBolusTime":1703793197806,"time":"2023-12-28T20:53:06.625Z","iobWithZeroTemp":{"iob":0.42,"basaliob":-0.335,"bolussnooze":0.0435,"activity":0.0101,"lastBolusTime":1703793197806,"time":"2023-12-28T20:53:06.625Z"}},{"iob":0.552,"basaliob":-0.139,"bolussnooze":0.0328,"activity":0.0104,"lastBolusTime":1703793197806,"time":"2023-12-28T20:58:06.625Z","iobWithZeroTemp":{"iob":0.344,"basaliob":-0.347,"bolussnooze":0.0328,"activity":0.0091,"lastBolusTime":1703793197806,"time":"2023-12-28T20:58:06.625Z"}},{"iob":0.501,"basaliob":-0.13,"bolussnooze":0.0244,"activity":0.0097,"lastBolusTime":1703793197806,"time":"2023-12-28T21:03:06.625Z","iobWithZeroTemp":{"iob":0.275,"basaliob":-0.356,"bolussnooze":0.0244,"activity":0.0081,"lastBolusTime":1703793197806,"time":"2023-12-28T21:03:06.625Z"}},{"iob":0.455,"basaliob":-0.12,"bolussnooze":0.0178,"activity":0.0089,"lastBolusTime":1703793197806,"time":"2023-12-28T21:08:06.625Z","iobWithZeroTemp":{"iob":0.212,"basaliob":-0.363,"bolussnooze":0.0178,"activity":0.0071,"lastBolusTime":1703793197806,"time":"2023-12-28T21:08:06.625Z"}},{"iob":0.413,"basaliob":-0.111,"bolussnooze":0.0127,"activity":0.0082,"lastBolusTime":1703793197806,"time":"2023-12-28T21:13:06.625Z","iobWithZeroTemp":{"iob":0.155,"basaliob":-0.369,"bolussnooze":0.0127,"activity":0.0062,"lastBolusTime":1703793197806,"time":"2023-12-28T21:13:06.625Z"}},{"iob":0.373,"basaliob":-0.103,"bolussnooze":0.0088,"activity":0.0076,"lastBolusTime":1703793197806,"time":"2023-12-28T21:18:06.625Z","iobWithZeroTemp":{"iob":0.1,"basaliob":-0.376,"bolussnooze":0.0088,"activity":0.0054,"lastBolusTime":1703793197806,"time":"2023-12-28T21:18:06.625Z"}},{"iob":0.337,"basaliob":-0.095,"bolussnooze":0.0059,"activity":0.0069,"lastBolusTime":1703793197806,"time":"2023-12-28T21:23:06.625Z","iobWithZeroTemp":{"iob":0.051,"basaliob":-0.381,"bolussnooze":0.0059,"activity":0.0045,"lastBolusTime":1703793197806,"time":"2023-12-28T21:23:06.625Z"}},{"iob":0.304,"basaliob":-0.087,"bolussnooze":0.0038,"activity":0.0063,"lastBolusTime":1703793197806,"time":"2023-12-28T21:28:06.625Z","iobWithZeroTemp":{"iob":0.006,"basaliob":-0.385,"bolussnooze":0.0038,"activity":0.0037,"lastBolusTime":1703793197806,"time":"2023-12-28T21:28:06.625Z"}},{"iob":0.274,"basaliob":-0.08,"bolussnooze":0.0022,"activity":0.0058,"lastBolusTime":1703793197806,"time":"2023-12-28T21:33:06.625Z","iobWithZeroTemp":{"iob":-0.036,"basaliob":-0.39,"bolussnooze":0.0022,"activity":0.003,"lastBolusTime":1703793197806,"time":"2023-12-28T21:33:06.625Z"}},{"iob":0.246,"basaliob":-0.074,"bolussnooze":0.0012,"activity":0.0053,"lastBolusTime":1703793197806,"time":"2023-12-28T21:38:06.625Z","iobWithZeroTemp":{"iob":-0.074,"basaliob":-0.394,"bolussnooze":0.0012,"activity":0.0023,"lastBolusTime":1703793197806,"time":"2023-12-28T21:38:06.625Z"}},{"iob":0.221,"basaliob":-0.067,"bolussnooze":5.0E-4,"activity":0.0048,"lastBolusTime":1703793197806,"time":"2023-12-28T21:43:06.625Z","iobWithZeroTemp":{"iob":-0.109,"basaliob":-0.397,"bolussnooze":5.0E-4,"activity":0.0016,"lastBolusTime":1703793197806,"time":"2023-12-28T21:43:06.625Z"}},{"iob":0.198,"basaliob":-0.062,"bolussnooze":2.0E-4,"activity":0.0044,"lastBolusTime":1703793197806,"time":"2023-12-28T21:48:06.625Z","iobWithZeroTemp":{"iob":-0.141,"basaliob":-0.401,"bolussnooze":2.0E-4,"activity":0.0011,"lastBolusTime":1703793197806,"time":"2023-12-28T21:48:06.625Z"}},{"iob":0.177,"basaliob":-0.056,"bolussnooze":0,"activity":0.004,"lastBolusTime":1703793197806,"time":"2023-12-28T21:53:06.625Z","iobWithZeroTemp":{"iob":-0.17,"basaliob":-0.403,"bolussnooze":0,"activity":5.0E-4,"lastBolusTime":1703793197806,"time":"2023-12-28T21:53:06.625Z"}},{"iob":0.158,"basaliob":-0.051,"bolussnooze":0,"activity":0.0036,"lastBolusTime":1703793197806,"time":"2023-12-28T21:58:06.625Z","iobWithZeroTemp":{"iob":-0.196,"basaliob":-0.405,"bolussnooze":0,"activity":0,"lastBolusTime":1703793197806,"time":"2023-12-28T21:58:06.625Z"}},{"iob":0.14,"basaliob":-0.047,"bolussnooze":0,"activity":0.0033,"lastBolusTime":1703793197806,"time":"2023-12-28T22:03:06.625Z","iobWithZeroTemp":{"iob":-0.217,"basaliob":-0.404,"bolussnooze":0,"activity":-4.0E-4,"lastBolusTime":1703793197806,"time":"2023-12-28T22:03:06.625Z"}},{"iob":0.126,"basaliob":-0.042,"bolussnooze":0,"activity":0.003,"lastBolusTime":1703793197806,"time":"2023-12-28T22:08:06.625Z","iobWithZeroTemp":{"iob":-0.233,"basaliob":-0.401,"bolussnooze":0,"activity":-8.0E-4,"lastBolusTime":1703793197806,"time":"2023-12-28T22:08:06.625Z"}},{"iob":0.112,"basaliob":-0.038,"bolussnooze":0,"activity":0.0026,"lastBolusTime":1703793197806,"time":"2023-12-28T22:13:06.625Z","iobWithZeroTemp":{"iob":-0.248,"basaliob":-0.398,"bolussnooze":0,"activity":-0.0013,"lastBolusTime":1703793197806,"time":"2023-12-28T22:13:06.625Z"}},{"iob":0.098,"basaliob":-0.035,"bolussnooze":0,"activity":0.0024,"lastBolusTime":1703793197806,"time":"2023-12-28T22:18:06.625Z","iobWithZeroTemp":{"iob":-0.264,"basaliob":-0.397,"bolussnooze":0,"activity":-0.0016,"lastBolusTime":1703793197806,"time":"2023-12-28T22:18:06.625Z"}},{"iob":0.087,"basaliob":-0.031,"bolussnooze":0,"activity":0.0022,"lastBolusTime":1703793197806,"time":"2023-12-28T22:23:06.625Z","iobWithZeroTemp":{"iob":-0.275,"basaliob":-0.393,"bolussnooze":0,"activity":-0.0018,"lastBolusTime":1703793197806,"time":"2023-12-28T22:23:06.625Z"}},{"iob":0.077,"basaliob":-0.028,"bolussnooze":0,"activity":0.0019,"lastBolusTime":1703793197806,"time":"2023-12-28T22:28:06.625Z","iobWithZeroTemp":{"iob":-0.286,"basaliob":-0.391,"bolussnooze":0,"activity":-0.0022,"lastBolusTime":1703793197806,"time":"2023-12-28T22:28:06.625Z"}},{"iob":0.067,"basaliob":-0.026,"bolussnooze":0,"activity":0.0018,"lastBolusTime":1703793197806,"time":"2023-12-28T22:33:06.625Z","iobWithZeroTemp":{"iob":-0.296,"basaliob":-0.389,"bolussnooze":0,"activity":-0.0023,"lastBolusTime":1703793197806,"time":"2023-12-28T22:33:06.625Z"}},{"iob":0.059,"basaliob":-0.023,"bolussnooze":0,"activity":0.0016,"lastBolusTime":1703793197806,"time":"2023-12-28T22:38:06.625Z","iobWithZeroTemp":{"iob":-0.304,"basaliob":-0.386,"bolussnooze":0,"activity":-0.0026,"lastBolusTime":1703793197806,"time":"2023-12-28T22:38:06.625Z"}},{"iob":0.051,"basaliob":-0.021,"bolussnooze":0,"activity":0.0015,"lastBolusTime":1703793197806,"time":"2023-12-28T22:43:06.625Z","iobWithZeroTemp":{"iob":-0.312,"basaliob":-0.384,"bolussnooze":0,"activity":-0.0027,"lastBolusTime":1703793197806,"time":"2023-12-28T22:43:06.625Z"}},{"iob":0.046,"basaliob":-0.018,"bolussnooze":0,"activity":0.0013,"lastBolusTime":1703793197806,"time":"2023-12-28T22:48:06.625Z","iobWithZeroTemp":{"iob":-0.317,"basaliob":-0.381,"bolussnooze":0,"activity":-0.0029,"lastBolusTime":1703793197806,"time":"2023-12-28T22:48:06.625Z"}},{"iob":0.039,"basaliob":-0.017,"bolussnooze":0,"activity":0.0011,"lastBolusTime":1703793197806,"time":"2023-12-28T22:53:06.625Z","iobWithZeroTemp":{"iob":-0.324,"basaliob":-0.38,"bolussnooze":0,"activity":-0.0031,"lastBolusTime":1703793197806,"time":"2023-12-28T22:53:06.625Z"}},{"iob":0.034,"basaliob":-0.015,"bolussnooze":0,"activity":0.001,"lastBolusTime":1703793197806,"time":"2023-12-28T22:58:06.625Z","iobWithZeroTemp":{"iob":-0.329,"basaliob":-0.378,"bolussnooze":0,"activity":-0.0032,"lastBolusTime":1703793197806,"time":"2023-12-28T22:58:06.625Z"}},{"iob":0.029,"basaliob":-0.013,"bolussnooze":0,"activity":9.0E-4,"lastBolusTime":1703793197806,"time":"2023-12-28T23:03:06.625Z","iobWithZeroTemp":{"iob":-0.333,"basaliob":-0.375,"bolussnooze":0,"activity":-0.0034,"lastBolusTime":1703793197806,"time":"2023-12-28T23:03:06.625Z"}},{"iob":0.025,"basaliob":-0.012,"bolussnooze":0,"activity":8.0E-4,"lastBolusTime":1703793197806,"time":"2023-12-28T23:08:06.625Z","iobWithZeroTemp":{"iob":-0.337,"basaliob":-0.374,"bolussnooze":0,"activity":-0.0035,"lastBolusTime":1703793197806,"time":"2023-12-28T23:08:06.625Z"}},{"iob":0.022,"basaliob":-0.01,"bolussnooze":0,"activity":6.0E-4,"lastBolusTime":1703793197806,"time":"2023-12-28T23:13:06.625Z","iobWithZeroTemp":{"iob":-0.339,"basaliob":-0.371,"bolussnooze":0,"activity":-0.0037,"lastBolusTime":1703793197806,"time":"2023-12-28T23:13:06.625Z"}},{"iob":0.018,"basaliob":-0.009,"bolussnooze":0,"activity":6.0E-4,"lastBolusTime":1703793197806,"time":"2023-12-28T23:18:06.625Z","iobWithZeroTemp":{"iob":-0.343,"basaliob":-0.37,"bolussnooze":0,"activity":-0.0037,"lastBolusTime":1703793197806,"time":"2023-12-28T23:18:06.625Z"}},{"iob":0.016,"basaliob":-0.008,"bolussnooze":0,"activity":5.0E-4,"lastBolusTime":1703793197806,"time":"2023-12-28T23:23:06.625Z","iobWithZeroTemp":{"iob":-0.344,"basaliob":-0.368,"bolussnooze":0,"activity":-0.0038,"lastBolusTime":1703793197806,"time":"2023-12-28T23:23:06.625Z"}},{"iob":0.013,"basaliob":-0.007,"bolussnooze":0,"activity":4.0E-4,"lastBolusTime":1703793197806,"time":"2023-12-28T23:28:06.625Z","iobWithZeroTemp":{"iob":-0.347,"basaliob":-0.367,"bolussnooze":0,"activity":-0.0039,"lastBolusTime":1703793197806,"time":"2023-12-28T23:28:06.625Z"}},{"iob":0.011,"basaliob":-0.006,"bolussnooze":0,"activity":4.0E-4,"lastBolusTime":1703793197806,"time":"2023-12-28T23:33:06.625Z","iobWithZeroTemp":{"iob":-0.348,"basaliob":-0.365,"bolussnooze":0,"activity":-0.0039,"lastBolusTime":1703793197806,"time":"2023-12-28T23:33:06.625Z"}},{"iob":0.008,"basaliob":-0.006,"bolussnooze":0,"activity":4.0E-4,"lastBolusTime":1703793197806,"time":"2023-12-28T23:38:06.625Z","iobWithZeroTemp":{"iob":-0.351,"basaliob":-0.365,"bolussnooze":0,"activity":-0.0039,"lastBolusTime":1703793197806,"time":"2023-12-28T23:38:06.625Z"}},{"iob":0.007,"basaliob":-0.005,"bolussnooze":0,"activity":3.0E-4,"lastBolusTime":1703793197806,"time":"2023-12-28T23:43:06.625Z","iobWithZeroTemp":{"iob":-0.351,"basaliob":-0.363,"bolussnooze":0,"activity":-0.004,"lastBolusTime":1703793197806,"time":"2023-12-28T23:43:06.625Z"}},{"iob":0.006,"basaliob":-0.004,"bolussnooze":0,"activity":3.0E-4,"lastBolusTime":1703793197806,"time":"2023-12-28T23:48:06.625Z","iobWithZeroTemp":{"iob":-0.352,"basaliob":-0.362,"bolussnooze":0,"activity":-0.004,"lastBolusTime":1703793197806,"time":"2023-12-28T23:48:06.625Z"}},{"iob":0.004,"basaliob":-0.004,"bolussnooze":0,"activity":2.0E-4,"lastBolusTime":1703793197806,"time":"2023-12-28T23:53:06.625Z","iobWithZeroTemp":{"iob":-0.353,"basaliob":-0.361,"bolussnooze":0,"activity":-0.0041,"lastBolusTime":1703793197806,"time":"2023-12-28T23:53:06.625Z"}},{"iob":0.004,"basaliob":-0.003,"bolussnooze":0,"activity":2.0E-4,"lastBolusTime":1703793197806,"time":"2023-12-28T23:58:06.625Z","iobWithZeroTemp":{"iob":-0.353,"basaliob":-0.36,"bolussnooze":0,"activity":-0.0041,"lastBolusTime":1703793197806,"time":"2023-12-28T23:58:06.625Z"}},{"iob":0.003,"basaliob":-0.003,"bolussnooze":0,"activity":1.0E-4,"lastBolusTime":1703793197806,"time":"2023-12-29T00:03:06.625Z","iobWithZeroTemp":{"iob":-0.349,"basaliob":-0.355,"bolussnooze":0,"activity":-0.0042,"lastBolusTime":1703793197806,"time":"2023-12-29T00:03:06.625Z"}},{"iob":0.002,"basaliob":-0.002,"bolussnooze":0,"activity":1.0E-4,"lastBolusTime":1703793197806,"time":"2023-12-29T00:08:06.625Z","iobWithZeroTemp":{"iob":-0.346,"basaliob":-0.35,"bolussnooze":0,"activity":-0.0041,"lastBolusTime":1703793197806,"time":"2023-12-29T00:08:06.625Z"}},{"iob":0.002,"basaliob":-0.002,"bolussnooze":0,"activity":1.0E-4,"lastBolusTime":1703793197806,"time":"2023-12-29T00:13:06.625Z","iobWithZeroTemp":{"iob":-0.341,"basaliob":-0.345,"bolussnooze":0,"activity":-0.0041,"lastBolusTime":1703793197806,"time":"2023-12-29T00:13:06.625Z"}}],"profile":{"max_iob":10,"type":"current","max_daily_basal":0.35,"max_basal":1.05,"min_bg":90,"max_bg":90,"target_bg":90,"carb_ratio":8.5,"sens":110,"max_daily_safety_multiplier":3,"current_basal_safety_multiplier":4,"lgsThreshold":95,"high_temptarget_raises_sensitivity":true,"low_temptarget_lowers_sensitivity":true,"sensitivity_raises_target":true,"resistance_lowers_target":true,"adv_target_adjustments":false,"exercise_mode":false,"half_basal_exercise_target":160,"maxCOB":120,"skip_neutral_temps":false,"remainingCarbsCap":90,"enableUAM":true,"A52_risk_enable":false,"SMBInterval":3,"enableSMB_with_COB":true,"enableSMB_with_temptarget":true,"allowSMB_with_high_temptarget":false,"enableSMB_always":false,"enableSMB_after_carbs":true,"maxSMBBasalMinutes":45,"maxUAMSMBBasalMinutes":45,"bolus_increment":0.05,"carbsReqThreshold":2,"current_basal":0.35,"temptargetSet":true,"autosens_max":1.3,"autosens_min":0.7,"variable_sens":105.5,"insulinDivisor":75,"TDD":15.470688398809523},"autosens_data":{"ratio":0.8243723487981699},"meal_data":{"carbs":20,"mealCOB":5.927863636363642,"slopeFromMaxDeviation":-0.41245454545454535,"slopeFromMinDeviation":0.45000000000000107,"lastBolusTime":1703793197806,"lastCarbTime":1703789723443},"microBolusAllowed":true,"currentTime":1703794687245,"flatBGsDetected":false,"tdd1D":17.627083333333335,"tdd7D":16.608595238095237,"tddLast24H":13.69166666666667,"tddLast4H":3.7124999999999995,"tddLast8to4H":2.6791666666666667},"output":{"temp":"absolute","bg":151,"tick":"+0","eventualBG":139,"targetBG":90,"insulinReq":0.05,"deliverAt":"2023-12-28T20:18:07.245Z","sensitivityRatio":1.2,"variable_sens":105.5,"predBGs":{"IOB":[151,150,149,148,147,145,143,140,137,134,130,125,121,116,112,108,104,100,97,94,91,88,86,84,82,80,78,76,75,74,72,71,70,69,68,68,67,67,66,66,65,65,65,65,64],"ZT":[151,141,132,123,114,106,97,89,82,75,68,61,55,50,45,40,39,39,39,39,39,39,39,39,39,39,39,40,43,46,49,53,56,59,63,66,70,73,76,79,82,86,89],"COB":[151,151,150,149,148,148,147,145,144,143,141,139,136,134,131,128,125,122,119,117,115,113,111,110,108,107,106,105,104,103,102,102,101,100,100,100,99,99,99,98,98,98,98,98,98,97],"UAM":[151,151,151,151,151,151,151,152,152,153,153,154,154,155,155,156,156,156,155,155,155,154,153,151,150,149,148,147,146,145,144,143,143,142,142,141,141,140,140,140,140,140,139]},"reason":"COB: 5.9, Dev: 58, BGI: -10, ISF: 106, CR: 8.5, Target: 90, minPredBG 97, minGuardBG 127, IOBpredBG 64, COBpredBG 97, UAMpredBG 139; Eventual BG 139 >= 90,  insulinReq 0.05. temp 0.00 < 0.52U\/hr. ","COB":5.927863636363642,"IOB":1.116,"duration":30,"rate":0.52,"timestamp":"2023-12-28T20:18:07.257Z"}}