{"algorithm":"OpenAPSSMBDynamicISFPlugin","input":{"glucoseStatus":{"glucose":90,"noise":0,"delta":-2,"short_avgdelta":-2,"long_avgdelta":-1.98,"date":1703733463000},"currenttemp":{"temp":"absolute","duration":25,"rate":0,"minutesrunning":5},"iob_data":[{"iob":-0.073,"basaliob":-0.074,"bolussnooze":0,"activity":-3.0E-4,"lastBolusTime":1703717591088,"time":"2023-12-28T03:18:10.450Z","iobWithZeroTemp":{"iob":-0.073,"basaliob":-0.074,"bolussnooze":0,"activity":-3.0E-4,"lastBolusTime":1703717591088,"time":"2023-12-28T03:18:10.450Z"}},{"iob":-0.071,"basaliob":-0.072,"bolussnooze":0,"activity":-4.0E-4,"lastBolusTime":1703717591088,"time":"2023-12-28T03:23:10.450Z","iobWithZeroTemp":{"iob":-0.091,"basaliob":-0.092,"bolussnooze":0,"activity":-4.0E-4,"lastBolusTime":1703717591088,"time":"2023-12-28T03:23:10.450Z"}},{"iob":-0.068,"basaliob":-0.069,"bolussnooze":0,"activity":-5.0E-4,"lastBolusTime":1703717591088,"time":"2023-12-28T03:28:10.450Z","iobWithZeroTemp":{"iob":-0.113,"basaliob":-0.114,"bolussnooze":0,"activity":-6.0E-4,"lastBolusTime":1703717591088,"time":"2023-12-28T03:28:10.450Z"}},{"iob":-0.067,"basaliob":-0.067,"bolussnooze":0,"activity":-6.0E-4,"lastBolusTime":1703717591088,"time":"2023-12-28T03:33:10.450Z","iobWithZeroTemp":{"iob":-0.136,"basaliob":-0.136,"bolussnooze":0,"activity":-8.0E-4,"lastBolusTime":1703717591088,"time":"2023-12-28T03:33:10.450Z"}},{"iob":-0.064,"basaliob":-0.064,"bolussnooze":0,"activity":-6.0E-4,"lastBolusTime":1703717591088,"time":"2023-12-28T03:38:10.450Z","iobWithZeroTemp":{"iob":-0.157,"basaliob":-0.157,"bolussnooze":0,"activity":-0.001,"lastBolusTime":1703717591088,"time":"2023-12-28T03:38:10.450Z"}},{"iob":-0.061,"basaliob":-0.061,"bolussnooze":0,"activity":-6.0E-4,"lastBolusTime":1703717591088,"time":"2023-12-28T03:43:10.450Z","iobWithZeroTemp":{"iob":-0.176,"basaliob":-0.176,"bolussnooze":0,"activity":-0.0011,"lastBolusTime":1703717591088,"time":"2023-12-28T03:43:10.450Z"}},{"iob":-0.057,"basaliob":-0.057,"bolussnooze":0,"activity":-6.0E-4,"lastBolusTime":1703717591088,"time":"2023-12-28T03:48:10.450Z","iobWithZeroTemp":{"iob":-0.194,"basaliob":-0.194,"bolussnooze":0,"activity":-0.0013,"lastBolusTime":1703717591088,"time":"2023-12-28T03:48:10.450Z"}},{"iob":-0.054,"basaliob":-0.054,"bolussnooze":0,"activity":-7.0E-4,"lastBolusTime":1703717591088,"time":"2023-12-28T03:53:10.450Z","iobWithZeroTemp":{"iob":-0.212,"basaliob":-0.212,"bolussnooze":0,"activity":-0.0016,"lastBolusTime":1703717591088,"time":"2023-12-28T03:53:10.450Z"}},{"iob":-0.051,"basaliob":-0.051,"bolussnooze":0,"activity":-6.0E-4,"lastBolusTime":1703717591088,"time":"2023-12-28T03:58:10.450Z","iobWithZeroTemp":{"iob":-0.229,"basaliob":-0.229,"bolussnooze":0,"activity":-0.0017,"lastBolusTime":1703717591088,"time":"2023-12-28T03:58:10.450Z"}},{"iob":-0.048,"basaliob":-0.048,"bolussnooze":0,"activity":-6.0E-4,"lastBolusTime":1703717591088,"time":"2023-12-28T04:03:10.450Z","iobWithZeroTemp":{"iob":-0.245,"basaliob":-0.245,"bolussnooze":0,"activity":-0.0019,"lastBolusTime":1703717591088,"time":"2023-12-28T04:03:10.450Z"}},{"iob":-0.045,"basaliob":-0.045,"bolussnooze":0,"activity":-6.0E-4,"lastBolusTime":1703717591088,"time":"2023-12-28T04:08:10.450Z","iobWithZeroTemp":{"iob":-0.26,"basaliob":-0.26,"bolussnooze":0,"activity":-0.0022,"lastBolusTime":1703717591088,"time":"2023-12-28T04:08:10.450Z"}},{"iob":-0.042,"basaliob":-0.042,"bolussnooze":0,"activity":-6.0E-4,"lastBolusTime":1703717591088,"time":"2023-12-28T04:13:10.450Z","iobWithZeroTemp":{"iob":-0.274,"basaliob":-0.274,"bolussnooze":0,"activity":-0.0024,"lastBolusTime":1703717591088,"time":"2023-12-28T04:13:10.450Z"}},{"iob":-0.039,"basaliob":-0.039,"bolussnooze":0,"activity":-6.0E-4,"lastBolusTime":1703717591088,"time":"2023-12-28T04:18:10.450Z","iobWithZeroTemp":{"iob":-0.286,"basaliob":-0.286,"bolussnooze":0,"activity":-0.0026,"lastBolusTime":1703717591088,"time":"2023-12-28T04:18:10.450Z"}},{"iob":-0.036,"basaliob":-0.036,"bolussnooze":0,"activity":-5.0E-4,"lastBolusTime":1703717591088,"time":"2023-12-28T04:23:10.450Z","iobWithZeroTemp":{"iob":-0.298,"basaliob":-0.298,"bolussnooze":0,"activity":-0.0027,"lastBolusTime":1703717591088,"time":"2023-12-28T04:23:10.450Z"}},{"iob":-0.033,"basaliob":-0.033,"bolussnooze":0,"activity":-5.0E-4,"lastBolusTime":1703717591088,"time":"2023-12-28T04:28:10.450Z","iobWithZeroTemp":{"iob":-0.309,"basaliob":-0.309,"bolussnooze":0,"activity":-0.0029,"lastBolusTime":1703717591088,"time":"2023-12-28T04:28:10.450Z"}},{"iob":-0.031,"basaliob":-0.031,"bolussnooze":0,"activity":-5.0E-4,"lastBolusTime":1703717591088,"time":"2023-12-28T04:33:10.450Z","iobWithZeroTemp":{"iob":-0.319,"basaliob":-0.319,"bolussnooze":0,"activity":-0.0031,"lastBolusTime":1703717591088,"time":"2023-12-28T04:33:10.450Z"}},{"iob":-0.028,"basaliob":-0.028,"bolussnooze":0,"activity":-5.0E-4,"lastBolusTime":1703717591088,"time":"2023-12-28T04:38:10.450Z","iobWithZeroTemp":{"iob":-0.328,"basaliob":-0.328,"bolussnooze":0,"activity":-0.0032,"lastBolusTime":1703717591088,"time":"2023-12-28T04:38:10.450Z"}},{"iob":-0.026,"basaliob":-0.026,"bolussnooze":0,"activity":-4.0E-4,"lastBolusTime":1703717591088,"time":"2023-12-28T04:43:10.450Z","iobWithZeroTemp":{"iob":-0.337,"basaliob":-0.337,"bolussnooze":0,"activity":-0.0033,"lastBolusTime":1703717591088,"time":"2023-12-28T04:43:10.450Z"}},{"iob":-0.024,"basaliob":-0.024,"bolussnooze":0,"activity":-4.0E-4,"lastBolusTime":1703717591088,"time":"2023-12-28T04:48:10.450Z","iobWithZeroTemp":{"iob":-0.345,"basaliob":-0.345,"bolussnooze":0,"activity":-0.0035,"lastBolusTime":1703717591088,"time":"2023-12-28T04:48:10.450Z"}},{"iob":-0.022,"basaliob":-0.022,"bolussnooze":0,"activity":-4.0E-4,"lastBolusTime":1703717591088,"time":"2023-12-28T04:53:10.450Z","iobWithZeroTemp":{"iob":-0.352,"basaliob":-0.352,"bolussnooze":0,"activity":-0.0036,"lastBolusTime":1703717591088,"time":"2023-12-28T04:53:10.450Z"}},{"iob":-0.02,"basaliob":-0.02,"bolussnooze":0,"activity":-4.0E-4,"lastBolusTime":0,"time":"2023-12-28T04:58:10.450Z","iobWithZeroTemp":{"iob":-0.359,"basaliob":-0.359,"bolussnooze":0,"activity":-0.0038,"lastBolusTime":0,"time":"2023-12-28T04:58:10.450Z"}},{"iob":-0.018,"basaliob":-0.018,"bolussnooze":0,"activity":-3.0E-4,"lastBolusTime":0,"time":"2023-12-28T05:03:10.450Z","iobWithZeroTemp":{"iob":-0.365,"basaliob":-0.365,"bolussnooze":0,"activity":-0.0038,"lastBolusTime":0,"time":"2023-12-28T05:03:10.450Z"}},{"iob":-0.017,"basaliob":-0.017,"bolussnooze":0,"activity":-3.0E-4,"lastBolusTime":0,"time":"2023-12-28T05:08:10.450Z","iobWithZeroTemp":{"iob":-0.371,"basaliob":-0.371,"bolussnooze":0,"activity":-0.0039,"lastBolusTime":0,"time":"2023-12-28T05:08:10.450Z"}},{"iob":-0.015,"basaliob":-0.015,"bolussnooze":0,"activity":-3.0E-4,"lastBolusTime":0,"time":"2023-12-28T05:13:10.450Z","iobWithZeroTemp":{"iob":-0.376,"basaliob":-0.376,"bolussnooze":0,"activity":-0.004,"lastBolusTime":0,"time":"2023-12-28T05:13:10.450Z"}},{"iob":-0.014,"basaliob":-0.014,"bolussnooze":0,"activity":-3.0E-4,"lastBolusTime":0,"time":"2023-12-28T05:18:10.450Z","iobWithZeroTemp":{"iob":-0.381,"basaliob":-0.381,"bolussnooze":0,"activity":-0.0042,"lastBolusTime":0,"time":"2023-12-28T05:18:10.450Z"}},{"iob":-0.013,"basaliob":-0.013,"bolussnooze":0,"activity":-2.0E-4,"lastBolusTime":0,"time":"2023-12-28T05:23:10.450Z","iobWithZeroTemp":{"iob":-0.385,"basaliob":-0.385,"bolussnooze":0,"activity":-0.0042,"lastBolusTime":0,"time":"2023-12-28T05:23:10.450Z"}},{"iob":-0.011,"basaliob":-0.011,"bolussnooze":0,"activity":-2.0E-4,"lastBolusTime":0,"time":"2023-12-28T05:28:10.450Z","iobWithZeroTemp":{"iob":-0.388,"basaliob":-0.388,"bolussnooze":0,"activity":-0.0042,"lastBolusTime":0,"time":"2023-12-28T05:28:10.450Z"}},{"iob":-0.01,"basaliob":-0.01,"bolussnooze":0,"activity":-2.0E-4,"lastBolusTime":0,"time":"2023-12-28T05:33:10.450Z","iobWithZeroTemp":{"iob":-0.392,"basaliob":-0.392,"bolussnooze":0,"activity":-0.0043,"lastBolusTime":0,"time":"2023-12-28T05:33:10.450Z"}},{"iob":-0.009,"basaliob":-0.009,"bolussnooze":0,"activity":-2.0E-4,"lastBolusTime":0,"time":"2023-12-28T05:38:10.450Z","iobWithZeroTemp":{"iob":-0.395,"basaliob":-0.395,"bolussnooze":0,"activity":-0.0044,"lastBolusTime":0,"time":"2023-12-28T05:38:10.450Z"}},{"iob":-0.008,"basaliob":-0.008,"bolussnooze":0,"activity":-2.0E-4,"lastBolusTime":0,"time":"2023-12-28T05:43:10.450Z","iobWithZeroTemp":{"iob":-0.398,"basaliob":-0.398,"bolussnooze":0,"activity":-0.0045,"lastBolusTime":0,"time":"2023-12-28T05:43:10.450Z"}},{"iob":-0.008,"basaliob":-0.008,"bolussnooze":0,"activity":-2.0E-4,"lastBolusTime":0,"time":"2023-12-28T05:48:10.450Z","iobWithZeroTemp":{"iob":-0.401,"basaliob":-0.401,"bolussnooze":0,"activity":-0.0046,"lastBolusTime":0,"time":"2023-12-28T05:48:10.450Z"}},{"iob":-0.007,"basaliob":-0.007,"bolussnooze":0,"activity":-1.0E-4,"lastBolusTime":0,"time":"2023-12-28T05:53:10.450Z","iobWithZeroTemp":{"iob":-0.403,"basaliob":-0.403,"bolussnooze":0,"activity":-0.0045,"lastBolusTime":0,"time":"2023-12-28T05:53:10.450Z"}},{"iob":-0.006,"basaliob":-0.006,"bolussnooze":0,"activity":-1.0E-4,"lastBolusTime":0,"time":"2023-12-28T05:58:10.450Z","iobWithZeroTemp":{"iob":-0.405,"basaliob":-0.405,"bolussnooze":0,"activity":-0.0046,"lastBolusTime":0,"time":"2023-12-28T05:58:10.450Z"}},{"iob":-0.005,"basaliob":-0.005,"bolussnooze":0,"activity":-1.0E-4,"lastBolusTime":0,"time":"2023-12-28T06:03:10.450Z","iobWithZeroTemp":{"iob":-0.406,"basaliob":-0.406,"bolussnooze":0,"activity":-0.0046,"lastBolusTime":0,"time":"2023-12-28T06:03:10.450Z"}},{"iob":-0.005,"basaliob":-0.005,"bolussnooze":0,"activity":-1.0E-4,"lastBolusTime":0,"time":"2023-12-28T06:08:10.450Z","iobWithZeroTemp":{"iob":-0.409,"basaliob":-0.409,"bolussnooze":0,"activity":-0.0047,"lastBolusTime":0,"time":"2023-12-28T06:08:10.450Z"}},{"iob":-0.004,"basaliob":-0.004,"bolussnooze":0,"activity":-1.0E-4,"lastBolusTime":0,"time":"2023-12-28T06:13:10.450Z","iobWithZeroTemp":{"iob":-0.41,"basaliob":-0.41,"bolussnooze":0,"activity":-0.0047,"lastBolusTime":0,"time":"2023-12-28T06:13:10.450Z"}},{"iob":-0.004,"basaliob":-0.004,"bolussnooze":0,"activity":-1.0E-4,"lastBolusTime":0,"time":"2023-12-28T06:18:10.450Z","iobWithZeroTemp":{"iob":-0.411,"basaliob":-0.411,"bolussnooze":0,"activity":-0.0048,"lastBolusTime":0,"time":"2023-12-28T06:18:10.450Z"}},{"iob":-0.003,"basaliob":-0.003,"bolussnooze":0,"activity":-1.0E-4,"lastBolusTime":0,"time":"2023-12-28T06:23:10.450Z","iobWithZeroTemp":{"iob":-0.412,"basaliob":-0.412,"bolussnooze":0,"activity":-0.0048,"lastBolusTime":0,"time":"2023-12-28T06:23:10.450Z"}},{"iob":-0.003,"basaliob":-0.003,"bolussnooze":0,"activity":-1.0E-4,"lastBolusTime":0,"time":"2023-12-28T06:28:10.450Z","iobWithZeroTemp":{"iob":-0.414,"basaliob":-0.414,"bolussnooze":0,"activity":-0.0048,"lastBolusTime":0,"time":"2023-12-28T06:28:10.450Z"}},{"iob":-0.003,"basaliob":-0.003,"bolussnooze":0,"activity":-1.0E-4,"lastBolusTime":0,"time":"2023-12-28T06:33:10.450Z","iobWithZeroTemp":{"iob":-0.415,"basaliob":-0.415,"bolussnooze":0,"activity":-0.0049,"lastBolusTime":0,"time":"2023-12-28T06:33:10.450Z"}},{"iob":-0.002,"basaliob":-0.002,"bolussnooze":0,"activity":-1.0E-4,"lastBolusTime":0,"time":"2023-12-28T06:38:10.450Z","iobWithZeroTemp":{"iob":-0.415,"basaliob":-0.415,"bolussnooze":0,"activity":-0.0049,"lastBolusTime":0,"time":"2023-12-28T06:38:10.450Z"}},{"iob":-0.002,"basaliob":-0.002,"bolussnooze":0,"activity":-1.0E-4,"lastBolusTime":0,"time":"2023-12-28T06:43:10.450Z","iobWithZeroTemp":{"iob":-0.416,"basaliob":-0.416,"bolussnooze":0,"activity":-0.0049,"lastBolusTime":0,"time":"2023-12-28T06:43:10.450Z"}},{"iob":-0.002,"basaliob":-0.002,"bolussnooze":0,"activity":0,"lastBolusTime":0,"time":"2023-12-28T06:48:10.450Z","iobWithZeroTemp":{"iob":-0.417,"basaliob":-0.417,"bolussnooze":0,"activity":-0.0048,"lastBolusTime":0,"time":"2023-12-28T06:48:10.450Z"}},{"iob":-0.002,"basaliob":-0.002,"bolussnooze":0,"activity":0,"lastBolusTime":0,"time":"2023-12-28T06:53:10.450Z","iobWithZeroTemp":{"iob":-0.418,"basaliob":-0.418,"bolussnooze":0,"activity":-0.0049,"lastBolusTime":0,"time":"2023-12-28T06:53:10.450Z"}},{"iob":-0.001,"basaliob":-0.001,"bolussnooze":0,"activity":0,"lastBolusTime":0,"time":"2023-12-28T06:58:10.450Z","iobWithZeroTemp":{"iob":-0.417,"basaliob":-0.417,"bolussnooze":0,"activity":-0.0049,"lastBolusTime":0,"time":"2023-12-28T06:58:10.450Z"}},{"iob":-0.001,"basaliob":-0.001,"bolussnooze":0,"activity":0,"lastBolusTime":0,"time":"2023-12-28T07:03:10.450Z","iobWithZeroTemp":{"iob":-0.418,"basaliob":-0.418,"bolussnooze":0,"activity":-0.0049,"lastBolusTime":0,"time":"2023-12-28T07:03:10.450Z"}},{"iob":-0.001,"basaliob":-0.001,"bolussnooze":0,"activity":0,"lastBolusTime":0,"time":"2023-12-28T07:08:10.450Z","iobWithZeroTemp":{"iob":-0.419,"basaliob":-0.419,"bolussnooze":0,"activity":-0.0049,"lastBolusTime":0,"time":"2023-12-28T07:08:10.450Z"}},{"iob":-0.001,"basaliob":-0.001,"bolussnooze":0,"activity":0,"lastBolusTime":0,"time":"2023-12-28T07:13:10.450Z","iobWithZeroTemp":{"iob":-0.419,"basaliob":-0.419,"bolussnooze":0,"activity":-0.0049,"lastBolusTime":0,"time":"2023-12-28T07:13:10.450Z"}}],"profile":{"max_iob":10,"type":"current","max_daily_basal":0.35,"max_basal":1.05,"min_bg":95,"max_bg":95,"target_bg":95,"carb_ratio":8.2,"sens":120,"max_daily_safety_multiplier":3,"current_basal_safety_multiplier":4,"lgsThreshold":95,"high_temptarget_raises_sensitivity":true,"low_temptarget_lowers_sensitivity":true,"sensitivity_raises_target":true,"resistance_lowers_target":true,"adv_target_adjustments":false,"exercise_mode":false,"half_basal_exercise_target":160,"maxCOB":120,"skip_neutral_temps":false,"remainingCarbsCap":90,"enableUAM":true,"A52_risk_enable":false,"SMBInterval":3,"enableSMB_with_COB":true,"enableSMB_with_temptarget":true,"allowSMB_with_high_temptarget":false,"enableSMB_always":false,"enableSMB_after_carbs":true,"maxSMBBasalMinutes":30,"maxUAMSMBBasalMinutes":45,"bolus_increment":0.05,"carbsReqThreshold":2,"current_basal":0.3,"temptargetSet":false,"autosens_max":1.3,"autosens_min":0.7,"variable_sens":204.1,"insulinDivisor":75,"TDD":11.183245898809524},"autosens_data":{"ratio":1.040374963623253},"meal_data":{"carbs":0,"mealCOB":0,"slopeFromMaxDeviation":-0.4955555555555555,"slopeFromMinDeviation":0.0909999999999999,"lastBolusTime":1703717591088,"lastCarbTime":0},"microBolusAllowed":true,"currentTime":1703733491845,"flatBGsDetected":false,"tdd1D":17.627083333333335,"tdd7D":16.608595238095237,"tddLast24H":17.27916666666667,"tddLast4H":0.6499999999999998,"tddLast8to4H":1.3333333333333335},"output":{"temp":"absolute","bg":90,"tick":-2,"eventualBG":91,"targetBG":94,"insulinReq":0,"deliverAt":"2023-12-28T03:18:11.845Z","sensitivityRatio":1.040374963623253,"variable_sens":204.1,"predBGs":{"IOB":[90,88,87,85,85,84,83,83,83,83,83,84,85,85,86,86,87,87,88,88,89,89,89,90,90,90,90,91,91,91,91,91,91,92],"ZT":[90,90,91,91,92,93,94]},"reason":"COB: 0, Dev: -14, BGI: 0, ISF: 204, CR: 8.2, Target: 94, minPredBG 88, minGuardBG 83, IOBpredBG 92; minGuardBG 83<95 25m left and 0 ~ req 0U\/hr: no temp required","COB":0,"IOB":-0.073,"timestamp":"2023-12-28T03:18:11.878Z"}}