{"algorithm":"OpenAPSSMBDynamicISFPlugin","input":{"glucoseStatus":{"glucose":125,"noise":0,"delta":0,"short_avgdelta":0,"long_avgdelta":0.74,"date":1703782965000},"currenttemp":{"temp":"absolute","duration":50,"rate":0,"minutesrunning":10},"iob_data":[{"iob":0.268,"basaliob":-0.041,"bolussnooze":0,"activity":0.0035,"lastBolusTime":1703781193937,"time":"2023-12-28T17:03:08.538Z","iobWithZeroTemp":{"iob":0.268,"basaliob":-0.041,"bolussnooze":0,"activity":0.0035,"lastBolusTime":1703781193937,"time":"2023-12-28T17:03:08.538Z"}},{"iob":0.25,"basaliob":-0.038,"bolussnooze":0,"activity":0.0035,"lastBolusTime":1703781193937,"time":"2023-12-28T17:08:08.538Z","iobWithZeroTemp":{"iob":0.243,"basaliob":-0.045,"bolussnooze":0,"activity":0.0035,"lastBolusTime":1703781193937,"time":"2023-12-28T17:08:08.538Z"}},{"iob":0.233,"basaliob":-0.035,"bolussnooze":0,"activity":0.0033,"lastBolusTime":1703781193937,"time":"2023-12-28T17:13:08.538Z","iobWithZeroTemp":{"iob":0.218,"basaliob":-0.05,"bolussnooze":0,"activity":0.0033,"lastBolusTime":1703781193937,"time":"2023-12-28T17:13:08.538Z"}},{"iob":0.217,"basaliob":-0.032,"bolussnooze":0,"activity":0.0032,"lastBolusTime":1703781193937,"time":"2023-12-28T17:18:08.538Z","iobWithZeroTemp":{"iob":0.194,"basaliob":-0.055,"bolussnooze":0,"activity":0.0031,"lastBolusTime":1703781193937,"time":"2023-12-28T17:18:08.538Z"}},{"iob":0.201,"basaliob":-0.029,"bolussnooze":0,"activity":0.0031,"lastBolusTime":1703781193937,"time":"2023-12-28T17:23:08.538Z","iobWithZeroTemp":{"iob":0.17,"basaliob":-0.06,"bolussnooze":0,"activity":0.003,"lastBolusTime":1703781193937,"time":"2023-12-28T17:23:08.538Z"}},{"iob":0.186,"basaliob":-0.027,"bolussnooze":0,"activity":0.0029,"lastBolusTime":1703781193937,"time":"2023-12-28T17:28:08.538Z","iobWithZeroTemp":{"iob":0.148,"basaliob":-0.065,"bolussnooze":0,"activity":0.0027,"lastBolusTime":1703781193937,"time":"2023-12-28T17:28:08.538Z"}},{"iob":0.171,"basaliob":-0.025,"bolussnooze":0,"activity":0.0027,"lastBolusTime":1703781193937,"time":"2023-12-28T17:33:08.538Z","iobWithZeroTemp":{"iob":0.125,"basaliob":-0.071,"bolussnooze":0,"activity":0.0025,"lastBolusTime":1703781193937,"time":"2023-12-28T17:33:08.538Z"}},{"iob":0.159,"basaliob":-0.022,"bolussnooze":0,"activity":0.0026,"lastBolusTime":1703781193937,"time":"2023-12-28T17:38:08.538Z","iobWithZeroTemp":{"iob":0.106,"basaliob":-0.075,"bolussnooze":0,"activity":0.0023,"lastBolusTime":1703781193937,"time":"2023-12-28T17:38:08.538Z"}},{"iob":0.146,"basaliob":-0.02,"bolussnooze":0,"activity":0.0024,"lastBolusTime":1703781193937,"time":"2023-12-28T17:43:08.538Z","iobWithZeroTemp":{"iob":0.087,"basaliob":-0.079,"bolussnooze":0,"activity":0.002,"lastBolusTime":1703781193937,"time":"2023-12-28T17:43:08.538Z"}},{"iob":0.133,"basaliob":-0.019,"bolussnooze":0,"activity":0.0023,"lastBolusTime":1703781193937,"time":"2023-12-28T17:48:08.538Z","iobWithZeroTemp":{"iob":0.067,"basaliob":-0.085,"bolussnooze":0,"activity":0.0019,"lastBolusTime":1703781193937,"time":"2023-12-28T17:48:08.538Z"}},{"iob":0.123,"basaliob":-0.017,"bolussnooze":0,"activity":0.0022,"lastBolusTime":1703781193937,"time":"2023-12-28T17:53:08.538Z","iobWithZeroTemp":{"iob":0.051,"basaliob":-0.089,"bolussnooze":0,"activity":0.0017,"lastBolusTime":1703781193937,"time":"2023-12-28T17:53:08.538Z"}},{"iob":0.113,"basaliob":-0.015,"bolussnooze":0,"activity":0.002,"lastBolusTime":1703781193937,"time":"2023-12-28T17:58:08.538Z","iobWithZeroTemp":{"iob":0.036,"basaliob":-0.092,"bolussnooze":0,"activity":0.0014,"lastBolusTime":1703781193937,"time":"2023-12-28T17:58:08.538Z"}},{"iob":0.103,"basaliob":-0.014,"bolussnooze":0,"activity":0.0018,"lastBolusTime":1703781193937,"time":"2023-12-28T18:03:08.538Z","iobWithZeroTemp":{"iob":0.021,"basaliob":-0.096,"bolussnooze":0,"activity":0.0011,"lastBolusTime":1703781193937,"time":"2023-12-28T18:03:08.538Z"}},{"iob":0.094,"basaliob":-0.012,"bolussnooze":0,"activity":0.0017,"lastBolusTime":1703781193937,"time":"2023-12-28T18:08:08.538Z","iobWithZeroTemp":{"iob":0.007,"basaliob":-0.099,"bolussnooze":0,"activity":0.001,"lastBolusTime":1703781193937,"time":"2023-12-28T18:08:08.538Z"}},{"iob":0.086,"basaliob":-0.011,"bolussnooze":0,"activity":0.0016,"lastBolusTime":1703781193937,"time":"2023-12-28T18:13:08.538Z","iobWithZeroTemp":{"iob":-0.006,"basaliob":-0.103,"bolussnooze":0,"activity":8.0E-4,"lastBolusTime":1703781193937,"time":"2023-12-28T18:13:08.538Z"}},{"iob":0.078,"basaliob":-0.01,"bolussnooze":0,"activity":0.0015,"lastBolusTime":1703781193937,"time":"2023-12-28T18:18:08.538Z","iobWithZeroTemp":{"iob":-0.018,"basaliob":-0.106,"bolussnooze":0,"activity":6.0E-4,"lastBolusTime":1703781193937,"time":"2023-12-28T18:18:08.538Z"}},{"iob":0.071,"basaliob":-0.009,"bolussnooze":0,"activity":0.0014,"lastBolusTime":1703781193937,"time":"2023-12-28T18:23:08.538Z","iobWithZeroTemp":{"iob":-0.029,"basaliob":-0.109,"bolussnooze":0,"activity":5.0E-4,"lastBolusTime":1703781193937,"time":"2023-12-28T18:23:08.538Z"}},{"iob":0.064,"basaliob":-0.008,"bolussnooze":0,"activity":0.0012,"lastBolusTime":1703781193937,"time":"2023-12-28T18:28:08.538Z","iobWithZeroTemp":{"iob":-0.04,"basaliob":-0.112,"bolussnooze":0,"activity":2.0E-4,"lastBolusTime":1703781193937,"time":"2023-12-28T18:28:08.538Z"}},{"iob":0.058,"basaliob":-0.007,"bolussnooze":0,"activity":0.0011,"lastBolusTime":1703781193937,"time":"2023-12-28T18:33:08.538Z","iobWithZeroTemp":{"iob":-0.049,"basaliob":-0.114,"bolussnooze":0,"activity":1.0E-4,"lastBolusTime":1703781193937,"time":"2023-12-28T18:33:08.538Z"}},{"iob":0.052,"basaliob":-0.007,"bolussnooze":0,"activity":0.0011,"lastBolusTime":1703781193937,"time":"2023-12-28T18:38:08.538Z","iobWithZeroTemp":{"iob":-0.058,"basaliob":-0.117,"bolussnooze":0,"activity":0,"lastBolusTime":1703781193937,"time":"2023-12-28T18:38:08.538Z"}},{"iob":0.047,"basaliob":-0.006,"bolussnooze":0,"activity":0.001,"lastBolusTime":1703781193937,"time":"2023-12-28T18:43:08.538Z","iobWithZeroTemp":{"iob":-0.066,"basaliob":-0.119,"bolussnooze":0,"activity":-1.0E-4,"lastBolusTime":1703781193937,"time":"2023-12-28T18:43:08.538Z"}},{"iob":0.043,"basaliob":-0.005,"bolussnooze":0,"activity":9.0E-4,"lastBolusTime":1703781193937,"time":"2023-12-28T18:48:08.538Z","iobWithZeroTemp":{"iob":-0.073,"basaliob":-0.121,"bolussnooze":0,"activity":-3.0E-4,"lastBolusTime":1703781193937,"time":"2023-12-28T18:48:08.538Z"}},{"iob":0.038,"basaliob":-0.005,"bolussnooze":0,"activity":8.0E-4,"lastBolusTime":1703781193937,"time":"2023-12-28T18:53:08.538Z","iobWithZeroTemp":{"iob":-0.08,"basaliob":-0.123,"bolussnooze":0,"activity":-4.0E-4,"lastBolusTime":1703781193937,"time":"2023-12-28T18:53:08.538Z"}},{"iob":0.035,"basaliob":-0.004,"bolussnooze":0,"activity":7.0E-4,"lastBolusTime":1703781193937,"time":"2023-12-28T18:58:08.538Z","iobWithZeroTemp":{"iob":-0.085,"basaliob":-0.124,"bolussnooze":0,"activity":-5.0E-4,"lastBolusTime":1703781193937,"time":"2023-12-28T18:58:08.538Z"}},{"iob":0.031,"basaliob":-0.004,"bolussnooze":0,"activity":7.0E-4,"lastBolusTime":1703781193937,"time":"2023-12-28T19:03:08.538Z","iobWithZeroTemp":{"iob":-0.112,"basaliob":-0.147,"bolussnooze":0,"activity":-6.0E-4,"lastBolusTime":1703781193937,"time":"2023-12-28T19:03:08.538Z"}},{"iob":0.028,"basaliob":-0.003,"bolussnooze":0,"activity":6.0E-4,"lastBolusTime":1703781193937,"time":"2023-12-28T19:08:08.538Z","iobWithZeroTemp":{"iob":-0.137,"basaliob":-0.168,"bolussnooze":0,"activity":-8.0E-4,"lastBolusTime":1703781193937,"time":"2023-12-28T19:08:08.538Z"}},{"iob":0.025,"basaliob":-0.003,"bolussnooze":0,"activity":5.0E-4,"lastBolusTime":1703781193937,"time":"2023-12-28T19:13:08.538Z","iobWithZeroTemp":{"iob":-0.162,"basaliob":-0.19,"bolussnooze":0,"activity":-0.001,"lastBolusTime":1703781193937,"time":"2023-12-28T19:13:08.538Z"}},{"iob":0.022,"basaliob":-0.003,"bolussnooze":0,"activity":5.0E-4,"lastBolusTime":1703781193937,"time":"2023-12-28T19:18:08.538Z","iobWithZeroTemp":{"iob":-0.186,"basaliob":-0.211,"bolussnooze":0,"activity":-0.0012,"lastBolusTime":1703781193937,"time":"2023-12-28T19:18:08.538Z"}},{"iob":0.02,"basaliob":-0.002,"bolussnooze":0,"activity":4.0E-4,"lastBolusTime":1703781193937,"time":"2023-12-28T19:23:08.538Z","iobWithZeroTemp":{"iob":-0.208,"basaliob":-0.23,"bolussnooze":0,"activity":-0.0015,"lastBolusTime":1703781193937,"time":"2023-12-28T19:23:08.538Z"}},{"iob":0.018,"basaliob":-0.002,"bolussnooze":0,"activity":4.0E-4,"lastBolusTime":1703781193937,"time":"2023-12-28T19:28:08.538Z","iobWithZeroTemp":{"iob":-0.229,"basaliob":-0.249,"bolussnooze":0,"activity":-0.0017,"lastBolusTime":1703781193937,"time":"2023-12-28T19:28:08.538Z"}},{"iob":0.016,"basaliob":-0.002,"bolussnooze":0,"activity":4.0E-4,"lastBolusTime":1703781193937,"time":"2023-12-28T19:33:08.538Z","iobWithZeroTemp":{"iob":-0.25,"basaliob":-0.268,"bolussnooze":0,"activity":-0.0018,"lastBolusTime":1703781193937,"time":"2023-12-28T19:33:08.538Z"}},{"iob":0.014,"basaliob":-0.002,"bolussnooze":0,"activity":4.0E-4,"lastBolusTime":1703781193937,"time":"2023-12-28T19:38:08.538Z","iobWithZeroTemp":{"iob":-0.269,"basaliob":-0.285,"bolussnooze":0,"activity":-0.002,"lastBolusTime":1703781193937,"time":"2023-12-28T19:38:08.538Z"}},{"iob":0.013,"basaliob":-0.001,"bolussnooze":0,"activity":3.0E-4,"lastBolusTime":1703781193937,"time":"2023-12-28T19:43:08.538Z","iobWithZeroTemp":{"iob":-0.286,"basaliob":-0.3,"bolussnooze":0,"activity":-0.0023,"lastBolusTime":1703781193937,"time":"2023-12-28T19:43:08.538Z"}},{"iob":0.011,"basaliob":-0.001,"bolussnooze":0,"activity":3.0E-4,"lastBolusTime":1703781193937,"time":"2023-12-28T19:48:08.538Z","iobWithZeroTemp":{"iob":-0.304,"basaliob":-0.316,"bolussnooze":0,"activity":-0.0025,"lastBolusTime":1703781193937,"time":"2023-12-28T19:48:08.538Z"}},{"iob":0.01,"basaliob":-0.001,"bolussnooze":0,"activity":3.0E-4,"lastBolusTime":1703781193937,"time":"2023-12-28T19:53:08.538Z","iobWithZeroTemp":{"iob":-0.319,"basaliob":-0.33,"bolussnooze":0,"activity":-0.0027,"lastBolusTime":1703781193937,"time":"2023-12-28T19:53:08.538Z"}},{"iob":0.009,"basaliob":-0.001,"bolussnooze":0,"activity":2.0E-4,"lastBolusTime":1703781193937,"time":"2023-12-28T19:58:08.538Z","iobWithZeroTemp":{"iob":-0.334,"basaliob":-0.344,"bolussnooze":0,"activity":-0.003,"lastBolusTime":1703781193937,"time":"2023-12-28T19:58:08.538Z"}},{"iob":0.008,"basaliob":-0.001,"bolussnooze":0,"activity":2.0E-4,"lastBolusTime":1703781193937,"time":"2023-12-28T20:03:08.538Z","iobWithZeroTemp":{"iob":-0.348,"basaliob":-0.357,"bolussnooze":0,"activity":-0.0032,"lastBolusTime":1703781193937,"time":"2023-12-28T20:03:08.538Z"}},{"iob":0.007,"basaliob":-0.001,"bolussnooze":0,"activity":2.0E-4,"lastBolusTime":1703781193937,"time":"2023-12-28T20:08:08.538Z","iobWithZeroTemp":{"iob":-0.36,"basaliob":-0.368,"bolussnooze":0,"activity":-0.0034,"lastBolusTime":1703781193937,"time":"2023-12-28T20:08:08.538Z"}},{"iob":0.006,"basaliob":-0.001,"bolussnooze":0,"activity":2.0E-4,"lastBolusTime":1703781193937,"time":"2023-12-28T20:13:08.538Z","iobWithZeroTemp":{"iob":-0.372,"basaliob":-0.379,"bolussnooze":0,"activity":-0.0035,"lastBolusTime":1703781193937,"time":"2023-12-28T20:13:08.538Z"}},{"iob":0.005,"basaliob":-0.001,"bolussnooze":0,"activity":2.0E-4,"lastBolusTime":1703781193937,"time":"2023-12-28T20:18:08.538Z","iobWithZeroTemp":{"iob":-0.384,"basaliob":-0.39,"bolussnooze":0,"activity":-0.0037,"lastBolusTime":1703781193937,"time":"2023-12-28T20:18:08.538Z"}},{"iob":0.005,"basaliob":0,"bolussnooze":0,"activity":1.0E-4,"lastBolusTime":1703781193937,"time":"2023-12-28T20:23:08.538Z","iobWithZeroTemp":{"iob":-0.393,"basaliob":-0.398,"bolussnooze":0,"activity":-0.0039,"lastBolusTime":1703781193937,"time":"2023-12-28T20:23:08.538Z"}},{"iob":0.004,"basaliob":0,"bolussnooze":0,"activity":1.0E-4,"lastBolusTime":1703781193937,"time":"2023-12-28T20:28:08.538Z","iobWithZeroTemp":{"iob":-0.403,"basaliob":-0.407,"bolussnooze":0,"activity":-0.0041,"lastBolusTime":1703781193937,"time":"2023-12-28T20:28:08.538Z"}},{"iob":0.004,"basaliob":0,"bolussnooze":0,"activity":1.0E-4,"lastBolusTime":1703781193937,"time":"2023-12-28T20:33:08.538Z","iobWithZeroTemp":{"iob":-0.41,"basaliob":-0.414,"bolussnooze":0,"activity":-0.0042,"lastBolusTime":1703781193937,"time":"2023-12-28T20:33:08.538Z"}},{"iob":0.003,"basaliob":0,"bolussnooze":0,"activity":1.0E-4,"lastBolusTime":1703781193937,"time":"2023-12-28T20:38:08.538Z","iobWithZeroTemp":{"iob":-0.419,"basaliob":-0.422,"bolussnooze":0,"activity":-0.0043,"lastBolusTime":1703781193937,"time":"2023-12-28T20:38:08.538Z"}},{"iob":0.003,"basaliob":0,"bolussnooze":0,"activity":1.0E-4,"lastBolusTime":1703781193937,"time":"2023-12-28T20:43:08.538Z","iobWithZeroTemp":{"iob":-0.426,"basaliob":-0.429,"bolussnooze":0,"activity":-0.0044,"lastBolusTime":1703781193937,"time":"2023-12-28T20:43:08.538Z"}},{"iob":0.002,"basaliob":0,"bolussnooze":0,"activity":1.0E-4,"lastBolusTime":1703781193937,"time":"2023-12-28T20:48:08.538Z","iobWithZeroTemp":{"iob":-0.433,"basaliob":-0.435,"bolussnooze":0,"activity":-0.0046,"lastBolusTime":1703781193937,"time":"2023-12-28T20:48:08.538Z"}},{"iob":0.002,"basaliob":0,"bolussnooze":0,"activity":1.0E-4,"lastBolusTime":1703781193937,"time":"2023-12-28T20:53:08.538Z","iobWithZeroTemp":{"iob":-0.438,"basaliob":-0.44,"bolussnooze":0,"activity":-0.0047,"lastBolusTime":1703781193937,"time":"2023-12-28T20:53:08.538Z"}},{"iob":0.002,"basaliob":0,"bolussnooze":0,"activity":1.0E-4,"lastBolusTime":1703781193937,"time":"2023-12-28T20:58:08.538Z","iobWithZeroTemp":{"iob":-0.443,"basaliob":-0.445,"bolussnooze":0,"activity":-0.0048,"lastBolusTime":1703781193937,"time":"2023-12-28T20:58:08.538Z"}}],"profile":{"max_iob":10,"type":"current","max_daily_basal":0.35,"max_basal":0.4,"min_bg":90,"max_bg":90,"target_bg":90,"carb_ratio":8.5,"sens":110,"max_daily_safety_multiplier":3,"current_basal_safety_multiplier":4,"lgsThreshold":95,"high_temptarget_raises_sensitivity":true,"low_temptarget_lowers_sensitivity":true,"sensitivity_raises_target":true,"resistance_lowers_target":true,"adv_target_adjustments":false,"exercise_mode":false,"half_basal_exercise_target":160,"maxCOB":120,"skip_neutral_temps":false,"remainingCarbsCap":90,"enableUAM":true,"A52_risk_enable":false,"SMBInterval":3,"enableSMB_with_COB":true,"enableSMB_with_temptarget":true,"allowSMB_with_high_temptarget":false,"enableSMB_always":false,"enableSMB_after_carbs":true,"maxSMBBasalMinutes":45,"maxUAMSMBBasalMinutes":45,"bolus_increment":0.05,"carbsReqThreshold":2,"current_basal":0.1,"temptargetSet":false,"autosens_max":1.3,"autosens_min":0.7,"variable_sens":131.6,"insulinDivisor":75,"TDD":13.950378398809525},"autosens_data":{"ratio":0.8236197264468628},"meal_data":{"carbs":10,"mealCOB":0,"slopeFromMaxDeviation":-0.3897777777777778,"slopeFromMinDeviation":0,"lastBolusTime":1703781193937,"lastCarbTime":1703765896469},"microBolusAllowed":true,"currentTime":1703782990094,"flatBGsDetected":false,"tdd1D":17.627083333333335,"tdd7D":16.608595238095237,"tddLast24H":13.679166666666667,"tddLast4H":1.8791666666666667,"tddLast8to4H":3.9458333333333333},"output":{"temp":"absolute","bg":125,"tick":"+0","eventualBG":104,"targetBG":96,"insulinReq":0,"deliverAt":"2023-12-28T17:03:10.094Z","sensitivityRatio":0.8236197264468628,"variable_sens":131.6,"predBGs":{"IOB":[125,125,124,124,123,123,122,121,120,119,118,117,115,114,113,112,111,110,109,108,107,106,106,105,105,104,104,103,103,103,102,102,102,101,101,101,101,101,101,100],"ZT":[125,123,120,118,116,114,112,110,109,107,106,105,104,103,102,101,101,101,100,100,100,100,101,101,101,102,102],"UAM":[125,125,124,123,121,120,118,116,114,112,111,109,108,106,105,104,103,102,101,100,99,99,98,97,97,96,96,95,95,95,94,94,94,93,93,93,93,93,92]},"reason":"COB: 0, Dev: 14, BGI: -2, ISF: 132, CR: 8.5, Target: 96, minPredBG 96, minGuardBG 91, IOBpredBG 100, UAMpredBG 92; minGuardBG 91<95 50m left and 0 ~ req 0U\/hr: no temp required","COB":0,"IOB":0.268,"timestamp":"2023-12-28T17:03:10.122Z"}}