{"algorithm":"OpenAPSSMBDynamicISFPlugin","input":{"glucoseStatus":{"glucose":103,"noise":0,"delta":-0.5,"short_avgdelta":-0.5,"long_avgdelta":1.38,"date":1703731663000},"currenttemp":{"temp":"absolute","duration":10,"rate":0.5,"minutesrunning":20},"iob_data":[{"iob":0.054,"basaliob":0.052,"bolussnooze":0,"activity":-5.0E-4,"lastBolusTime":1703717591088,"time":"2023-12-28T02:48:08.170Z","iobWithZeroTemp":{"iob":0.054,"basaliob":0.052,"bolussnooze":0,"activity":-5.0E-4,"lastBolusTime":1703717591088,"time":"2023-12-28T02:48:08.170Z"}},{"iob":0.056,"basaliob":0.054,"bolussnooze":0,"activity":-3.0E-4,"lastBolusTime":1703717591088,"time":"2023-12-28T02:53:08.170Z","iobWithZeroTemp":{"iob":0.043,"basaliob":0.041,"bolussnooze":0,"activity":-3.0E-4,"lastBolusTime":1703717591088,"time":"2023-12-28T02:53:08.170Z"}},{"iob":0.057,"basaliob":0.055,"bolussnooze":0,"activity":-1.0E-4,"lastBolusTime":1703717591088,"time":"2023-12-28T02:58:08.170Z","iobWithZeroTemp":{"iob":0.027,"basaliob":0.025,"bolussnooze":0,"activity":-2.0E-4,"lastBolusTime":1703717591088,"time":"2023-12-28T02:58:08.170Z"}},{"iob":0.057,"basaliob":0.056,"bolussnooze":0,"activity":0,"lastBolusTime":1703717591088,"time":"2023-12-28T03:03:08.170Z","iobWithZeroTemp":{"iob":0.003,"basaliob":0.002,"bolussnooze":0,"activity":-1.0E-4,"lastBolusTime":1703717591088,"time":"2023-12-28T03:03:08.170Z"}},{"iob":0.056,"basaliob":0.055,"bolussnooze":0,"activity":1.0E-4,"lastBolusTime":1703717591088,"time":"2023-12-28T03:08:08.170Z","iobWithZeroTemp":{"iob":-0.021,"basaliob":-0.022,"bolussnooze":0,"activity":-2.0E-4,"lastBolusTime":1703717591088,"time":"2023-12-28T03:08:08.170Z"}},{"iob":0.056,"basaliob":0.055,"bolussnooze":0,"activity":2.0E-4,"lastBolusTime":1703717591088,"time":"2023-12-28T03:13:08.170Z","iobWithZeroTemp":{"iob":-0.045,"basaliob":-0.046,"bolussnooze":0,"activity":-2.0E-4,"lastBolusTime":1703717591088,"time":"2023-12-28T03:13:08.170Z"}},{"iob":0.054,"basaliob":0.053,"bolussnooze":0,"activity":3.0E-4,"lastBolusTime":1703717591088,"time":"2023-12-28T03:18:08.170Z","iobWithZeroTemp":{"iob":-0.069,"basaliob":-0.07,"bolussnooze":0,"activity":-3.0E-4,"lastBolusTime":1703717591088,"time":"2023-12-28T03:18:08.170Z"}},{"iob":0.053,"basaliob":0.052,"bolussnooze":0,"activity":4.0E-4,"lastBolusTime":1703717591088,"time":"2023-12-28T03:23:08.170Z","iobWithZeroTemp":{"iob":-0.091,"basaliob":-0.092,"bolussnooze":0,"activity":-4.0E-4,"lastBolusTime":1703717591088,"time":"2023-12-28T03:23:08.170Z"}},{"iob":0.051,"basaliob":0.05,"bolussnooze":0,"activity":4.0E-4,"lastBolusTime":1703717591088,"time":"2023-12-28T03:28:08.170Z","iobWithZeroTemp":{"iob":-0.114,"basaliob":-0.115,"bolussnooze":0,"activity":-6.0E-4,"lastBolusTime":1703717591088,"time":"2023-12-28T03:28:08.170Z"}},{"iob":0.048,"basaliob":0.048,"bolussnooze":0,"activity":4.0E-4,"lastBolusTime":1703717591088,"time":"2023-12-28T03:33:08.170Z","iobWithZeroTemp":{"iob":-0.136,"basaliob":-0.136,"bolussnooze":0,"activity":-8.0E-4,"lastBolusTime":1703717591088,"time":"2023-12-28T03:33:08.170Z"}},{"iob":0.045,"basaliob":0.045,"bolussnooze":0,"activity":5.0E-4,"lastBolusTime":1703717591088,"time":"2023-12-28T03:38:08.170Z","iobWithZeroTemp":{"iob":-0.158,"basaliob":-0.158,"bolussnooze":0,"activity":-9.0E-4,"lastBolusTime":1703717591088,"time":"2023-12-28T03:38:08.170Z"}},{"iob":0.043,"basaliob":0.043,"bolussnooze":0,"activity":5.0E-4,"lastBolusTime":1703717591088,"time":"2023-12-28T03:43:08.170Z","iobWithZeroTemp":{"iob":-0.177,"basaliob":-0.177,"bolussnooze":0,"activity":-0.0011,"lastBolusTime":1703717591088,"time":"2023-12-28T03:43:08.170Z"}},{"iob":0.041,"basaliob":0.041,"bolussnooze":0,"activity":5.0E-4,"lastBolusTime":1703717591088,"time":"2023-12-28T03:48:08.170Z","iobWithZeroTemp":{"iob":-0.196,"basaliob":-0.196,"bolussnooze":0,"activity":-0.0013,"lastBolusTime":1703717591088,"time":"2023-12-28T03:48:08.170Z"}},{"iob":0.038,"basaliob":0.038,"bolussnooze":0,"activity":5.0E-4,"lastBolusTime":1703717591088,"time":"2023-12-28T03:53:08.170Z","iobWithZeroTemp":{"iob":-0.214,"basaliob":-0.214,"bolussnooze":0,"activity":-0.0015,"lastBolusTime":1703717591088,"time":"2023-12-28T03:53:08.170Z"}},{"iob":0.036,"basaliob":0.036,"bolussnooze":0,"activity":5.0E-4,"lastBolusTime":1703717591088,"time":"2023-12-28T03:58:08.170Z","iobWithZeroTemp":{"iob":-0.23,"basaliob":-0.23,"bolussnooze":0,"activity":-0.0017,"lastBolusTime":1703717591088,"time":"2023-12-28T03:58:08.170Z"}},{"iob":0.034,"basaliob":0.034,"bolussnooze":0,"activity":5.0E-4,"lastBolusTime":1703717591088,"time":"2023-12-28T04:03:08.170Z","iobWithZeroTemp":{"iob":-0.246,"basaliob":-0.246,"bolussnooze":0,"activity":-0.0019,"lastBolusTime":1703717591088,"time":"2023-12-28T04:03:08.170Z"}},{"iob":0.032,"basaliob":0.032,"bolussnooze":0,"activity":4.0E-4,"lastBolusTime":1703717591088,"time":"2023-12-28T04:08:08.170Z","iobWithZeroTemp":{"iob":-0.26,"basaliob":-0.26,"bolussnooze":0,"activity":-0.0022,"lastBolusTime":1703717591088,"time":"2023-12-28T04:08:08.170Z"}},{"iob":0.029,"basaliob":0.029,"bolussnooze":0,"activity":4.0E-4,"lastBolusTime":1703717591088,"time":"2023-12-28T04:13:08.170Z","iobWithZeroTemp":{"iob":-0.275,"basaliob":-0.275,"bolussnooze":0,"activity":-0.0024,"lastBolusTime":1703717591088,"time":"2023-12-28T04:13:08.170Z"}},{"iob":0.027,"basaliob":0.027,"bolussnooze":0,"activity":4.0E-4,"lastBolusTime":1703717591088,"time":"2023-12-28T04:18:08.170Z","iobWithZeroTemp":{"iob":-0.287,"basaliob":-0.287,"bolussnooze":0,"activity":-0.0026,"lastBolusTime":1703717591088,"time":"2023-12-28T04:18:08.170Z"}},{"iob":0.025,"basaliob":0.025,"bolussnooze":0,"activity":4.0E-4,"lastBolusTime":1703717591088,"time":"2023-12-28T04:23:08.170Z","iobWithZeroTemp":{"iob":-0.299,"basaliob":-0.299,"bolussnooze":0,"activity":-0.0027,"lastBolusTime":1703717591088,"time":"2023-12-28T04:23:08.170Z"}},{"iob":0.023,"basaliob":0.023,"bolussnooze":0,"activity":4.0E-4,"lastBolusTime":1703717591088,"time":"2023-12-28T04:28:08.170Z","iobWithZeroTemp":{"iob":-0.31,"basaliob":-0.31,"bolussnooze":0,"activity":-0.0029,"lastBolusTime":1703717591088,"time":"2023-12-28T04:28:08.170Z"}},{"iob":0.022,"basaliob":0.022,"bolussnooze":0,"activity":3.0E-4,"lastBolusTime":1703717591088,"time":"2023-12-28T04:33:08.170Z","iobWithZeroTemp":{"iob":-0.319,"basaliob":-0.319,"bolussnooze":0,"activity":-0.0031,"lastBolusTime":1703717591088,"time":"2023-12-28T04:33:08.170Z"}},{"iob":0.02,"basaliob":0.02,"bolussnooze":0,"activity":3.0E-4,"lastBolusTime":1703717591088,"time":"2023-12-28T04:38:08.170Z","iobWithZeroTemp":{"iob":-0.329,"basaliob":-0.329,"bolussnooze":0,"activity":-0.0032,"lastBolusTime":1703717591088,"time":"2023-12-28T04:38:08.170Z"}},{"iob":0.018,"basaliob":0.018,"bolussnooze":0,"activity":3.0E-4,"lastBolusTime":1703717591088,"time":"2023-12-28T04:43:08.170Z","iobWithZeroTemp":{"iob":-0.338,"basaliob":-0.338,"bolussnooze":0,"activity":-0.0034,"lastBolusTime":1703717591088,"time":"2023-12-28T04:43:08.170Z"}},{"iob":0.017,"basaliob":0.017,"bolussnooze":0,"activity":3.0E-4,"lastBolusTime":1703717591088,"time":"2023-12-28T04:48:08.170Z","iobWithZeroTemp":{"iob":-0.346,"basaliob":-0.346,"bolussnooze":0,"activity":-0.0035,"lastBolusTime":1703717591088,"time":"2023-12-28T04:48:08.170Z"}},{"iob":0.015,"basaliob":0.015,"bolussnooze":0,"activity":3.0E-4,"lastBolusTime":1703717591088,"time":"2023-12-28T04:53:08.170Z","iobWithZeroTemp":{"iob":-0.353,"basaliob":-0.353,"bolussnooze":0,"activity":-0.0036,"lastBolusTime":1703717591088,"time":"2023-12-28T04:53:08.170Z"}},{"iob":0.014,"basaliob":0.014,"bolussnooze":0,"activity":3.0E-4,"lastBolusTime":0,"time":"2023-12-28T04:58:08.170Z","iobWithZeroTemp":{"iob":-0.36,"basaliob":-0.36,"bolussnooze":0,"activity":-0.0037,"lastBolusTime":0,"time":"2023-12-28T04:58:08.170Z"}},{"iob":0.013,"basaliob":0.013,"bolussnooze":0,"activity":2.0E-4,"lastBolusTime":0,"time":"2023-12-28T05:03:08.170Z","iobWithZeroTemp":{"iob":-0.366,"basaliob":-0.366,"bolussnooze":0,"activity":-0.0039,"lastBolusTime":0,"time":"2023-12-28T05:03:08.170Z"}},{"iob":0.012,"basaliob":0.012,"bolussnooze":0,"activity":2.0E-4,"lastBolusTime":0,"time":"2023-12-28T05:08:08.170Z","iobWithZeroTemp":{"iob":-0.371,"basaliob":-0.371,"bolussnooze":0,"activity":-0.004,"lastBolusTime":0,"time":"2023-12-28T05:08:08.170Z"}},{"iob":0.011,"basaliob":0.011,"bolussnooze":0,"activity":2.0E-4,"lastBolusTime":0,"time":"2023-12-28T05:13:08.170Z","iobWithZeroTemp":{"iob":-0.376,"basaliob":-0.376,"bolussnooze":0,"activity":-0.004,"lastBolusTime":0,"time":"2023-12-28T05:13:08.170Z"}},{"iob":0.01,"basaliob":0.01,"bolussnooze":0,"activity":2.0E-4,"lastBolusTime":0,"time":"2023-12-28T05:18:08.170Z","iobWithZeroTemp":{"iob":-0.381,"basaliob":-0.381,"bolussnooze":0,"activity":-0.0041,"lastBolusTime":0,"time":"2023-12-28T05:18:08.170Z"}},{"iob":0.009,"basaliob":0.009,"bolussnooze":0,"activity":2.0E-4,"lastBolusTime":0,"time":"2023-12-28T05:23:08.170Z","iobWithZeroTemp":{"iob":-0.385,"basaliob":-0.385,"bolussnooze":0,"activity":-0.0042,"lastBolusTime":0,"time":"2023-12-28T05:23:08.170Z"}},{"iob":0.008,"basaliob":0.008,"bolussnooze":0,"activity":2.0E-4,"lastBolusTime":0,"time":"2023-12-28T05:28:08.170Z","iobWithZeroTemp":{"iob":-0.389,"basaliob":-0.389,"bolussnooze":0,"activity":-0.0042,"lastBolusTime":0,"time":"2023-12-28T05:28:08.170Z"}},{"iob":0.007,"basaliob":0.007,"bolussnooze":0,"activity":1.0E-4,"lastBolusTime":0,"time":"2023-12-28T05:33:08.170Z","iobWithZeroTemp":{"iob":-0.393,"basaliob":-0.393,"bolussnooze":0,"activity":-0.0044,"lastBolusTime":0,"time":"2023-12-28T05:33:08.170Z"}},{"iob":0.007,"basaliob":0.007,"bolussnooze":0,"activity":1.0E-4,"lastBolusTime":0,"time":"2023-12-28T05:38:08.170Z","iobWithZeroTemp":{"iob":-0.395,"basaliob":-0.395,"bolussnooze":0,"activity":-0.0044,"lastBolusTime":0,"time":"2023-12-28T05:38:08.170Z"}},{"iob":0.006,"basaliob":0.006,"bolussnooze":0,"activity":1.0E-4,"lastBolusTime":0,"time":"2023-12-28T05:43:08.170Z","iobWithZeroTemp":{"iob":-0.398,"basaliob":-0.398,"bolussnooze":0,"activity":-0.0045,"lastBolusTime":0,"time":"2023-12-28T05:43:08.170Z"}},{"iob":0.005,"basaliob":0.005,"bolussnooze":0,"activity":1.0E-4,"lastBolusTime":0,"time":"2023-12-28T05:48:08.170Z","iobWithZeroTemp":{"iob":-0.401,"basaliob":-0.401,"bolussnooze":0,"activity":-0.0045,"lastBolusTime":0,"time":"2023-12-28T05:48:08.170Z"}},{"iob":0.005,"basaliob":0.005,"bolussnooze":0,"activity":1.0E-4,"lastBolusTime":0,"time":"2023-12-28T05:53:08.170Z","iobWithZeroTemp":{"iob":-0.403,"basaliob":-0.403,"bolussnooze":0,"activity":-0.0046,"lastBolusTime":0,"time":"2023-12-28T05:53:08.170Z"}},{"iob":0.004,"basaliob":0.004,"bolussnooze":0,"activity":1.0E-4,"lastBolusTime":0,"time":"2023-12-28T05:58:08.170Z","iobWithZeroTemp":{"iob":-0.406,"basaliob":-0.406,"bolussnooze":0,"activity":-0.0046,"lastBolusTime":0,"time":"2023-12-28T05:58:08.170Z"}},{"iob":0.004,"basaliob":0.004,"bolussnooze":0,"activity":1.0E-4,"lastBolusTime":0,"time":"2023-12-28T06:03:08.170Z","iobWithZeroTemp":{"iob":-0.407,"basaliob":-0.407,"bolussnooze":0,"activity":-0.0046,"lastBolusTime":0,"time":"2023-12-28T06:03:08.170Z"}},{"iob":0.003,"basaliob":0.003,"bolussnooze":0,"activity":1.0E-4,"lastBolusTime":0,"time":"2023-12-28T06:08:08.170Z","iobWithZeroTemp":{"iob":-0.409,"basaliob":-0.409,"bolussnooze":0,"activity":-0.0047,"lastBolusTime":0,"time":"2023-12-28T06:08:08.170Z"}},{"iob":0.003,"basaliob":0.003,"bolussnooze":0,"activity":1.0E-4,"lastBolusTime":0,"time":"2023-12-28T06:13:08.170Z","iobWithZeroTemp":{"iob":-0.41,"basaliob":-0.41,"bolussnooze":0,"activity":-0.0047,"lastBolusTime":0,"time":"2023-12-28T06:13:08.170Z"}},{"iob":0.003,"basaliob":0.003,"bolussnooze":0,"activity":1.0E-4,"lastBolusTime":0,"time":"2023-12-28T06:18:08.170Z","iobWithZeroTemp":{"iob":-0.411,"basaliob":-0.411,"bolussnooze":0,"activity":-0.0047,"lastBolusTime":0,"time":"2023-12-28T06:18:08.170Z"}},{"iob":0.002,"basaliob":0.002,"bolussnooze":0,"activity":1.0E-4,"lastBolusTime":0,"time":"2023-12-28T06:23:08.170Z","iobWithZeroTemp":{"iob":-0.413,"basaliob":-0.413,"bolussnooze":0,"activity":-0.0047,"lastBolusTime":0,"time":"2023-12-28T06:23:08.170Z"}},{"iob":0.002,"basaliob":0.002,"bolussnooze":0,"activity":1.0E-4,"lastBolusTime":0,"time":"2023-12-28T06:28:08.170Z","iobWithZeroTemp":{"iob":-0.414,"basaliob":-0.414,"bolussnooze":0,"activity":-0.0048,"lastBolusTime":0,"time":"2023-12-28T06:28:08.170Z"}},{"iob":0.002,"basaliob":0.002,"bolussnooze":0,"activity":0,"lastBolusTime":0,"time":"2023-12-28T06:33:08.170Z","iobWithZeroTemp":{"iob":-0.415,"basaliob":-0.415,"bolussnooze":0,"activity":-0.0049,"lastBolusTime":0,"time":"2023-12-28T06:33:08.170Z"}},{"iob":0.002,"basaliob":0.002,"bolussnooze":0,"activity":0,"lastBolusTime":0,"time":"2023-12-28T06:38:08.170Z","iobWithZeroTemp":{"iob":-0.415,"basaliob":-0.415,"bolussnooze":0,"activity":-0.0049,"lastBolusTime":0,"time":"2023-12-28T06:38:08.170Z"}},{"iob":0.001,"basaliob":0.001,"bolussnooze":0,"activity":0,"lastBolusTime":0,"time":"2023-12-28T06:43:08.170Z","iobWithZeroTemp":{"iob":-0.417,"basaliob":-0.417,"bolussnooze":0,"activity":-0.0049,"lastBolusTime":0,"time":"2023-12-28T06:43:08.170Z"}}],"profile":{"max_iob":10,"type":"current","max_daily_basal":0.35,"max_basal":0.8,"min_bg":95,"max_bg":95,"target_bg":95,"carb_ratio":8.2,"sens":120,"max_daily_safety_multiplier":3,"current_basal_safety_multiplier":4,"lgsThreshold":95,"high_temptarget_raises_sensitivity":true,"low_temptarget_lowers_sensitivity":true,"sensitivity_raises_target":true,"resistance_lowers_target":true,"adv_target_adjustments":false,"exercise_mode":false,"half_basal_exercise_target":160,"maxCOB":120,"skip_neutral_temps":false,"remainingCarbsCap":90,"enableUAM":true,"A52_risk_enable":false,"SMBInterval":3,"enableSMB_with_COB":true,"enableSMB_with_temptarget":true,"allowSMB_with_high_temptarget":false,"enableSMB_always":false,"enableSMB_after_carbs":true,"maxSMBBasalMinutes":30,"maxUAMSMBBasalMinutes":45,"bolus_increment":0.05,"carbsReqThreshold":2,"current_basal":0.2,"temptargetSet":false,"autosens_max":1.3,"autosens_min":0.7,"variable_sens":179.2,"insulinDivisor":75,"TDD":11.622228398809524},"autosens_data":{"ratio":1.0388697189206395},"meal_data":{"carbs":0,"mealCOB":0,"slopeFromMaxDeviation":-0.8599999999999999,"slopeFromMinDeviation":0.08790909090909091,"lastBolusTime":1703717591088,"lastCarbTime":0},"microBolusAllowed":true,"currentTime":1703731689505,"flatBGsDetected":false,"tdd1D":17.627083333333335,"tdd7D":16.608595238095237,"tddLast24H":17.25416666666667,"tddLast4H":0.8083333333333331,"tddLast8to4H":1.8333333333333333},"output":{"temp":"absolute","bg":103,"tick":0,"eventualBG":99,"targetBG":94,"insulinReq":0,"deliverAt":"2023-12-28T02:48:09.505Z","sensitivityRatio":1.0388697189206395,"variable_sens":179.2,"predBGs":{"IOB":[103,103,102,102,101,100,100,99,98,98,97,97,96,96,95,95,94,94,94,93,93,92,92,92,92,91,91,91,91,90,90,90,90,90,89,89,89,89,89,89,89,89,89,89,88],"ZT":[103,103,104,104,104,104,104,105,105,106,106]},"reason":"COB: 0, Dev: 6, BGI: 0, ISF: 179, CR: 8.2, Target: 94, minPredBG 96, minGuardBG 88, IOBpredBG 88; minGuardBG 88<95","COB":0,"IOB":0.054,"duration":30,"rate":0,"timestamp":"2023-12-28T02:48:09.536Z"}}