{"algorithm":"OpenAPSSMBDynamicISFPlugin","input":{"glucoseStatus":{"glucose":129,"noise":0,"delta":3.11,"short_avgdelta":3.11,"long_avgdelta":1.81,"date":1703788965000},"currenttemp":{"temp":"absolute","duration":20,"rate":0.4,"minutesrunning":10},"iob_data":[{"iob":0.126,"basaliob":0.073,"bolussnooze":0,"activity":0.0016,"lastBolusTime":1703781193937,"time":"2023-12-28T18:43:10.769Z","iobWithZeroTemp":{"iob":0.126,"basaliob":0.073,"bolussnooze":0,"activity":0.0016,"lastBolusTime":1703781193937,"time":"2023-12-28T18:43:10.769Z"}},{"iob":0.118,"basaliob":0.07,"bolussnooze":0,"activity":0.0015,"lastBolusTime":1703781193937,"time":"2023-12-28T18:48:10.769Z","iobWithZeroTemp":{"iob":0.111,"basaliob":0.063,"bolussnooze":0,"activity":0.0015,"lastBolusTime":1703781193937,"time":"2023-12-28T18:48:10.769Z"}},{"iob":0.111,"basaliob":0.068,"bolussnooze":0,"activity":0.0015,"lastBolusTime":1703781193937,"time":"2023-12-28T18:53:10.769Z","iobWithZeroTemp":{"iob":0.096,"basaliob":0.053,"bolussnooze":0,"activity":0.0015,"lastBolusTime":1703781193937,"time":"2023-12-28T18:53:10.769Z"}},{"iob":0.104,"basaliob":0.065,"bolussnooze":0,"activity":0.0014,"lastBolusTime":1703781193937,"time":"2023-12-28T18:58:10.769Z","iobWithZeroTemp":{"iob":0.081,"basaliob":0.042,"bolussnooze":0,"activity":0.0013,"lastBolusTime":1703781193937,"time":"2023-12-28T18:58:10.769Z"}},{"iob":0.096,"basaliob":0.061,"bolussnooze":0,"activity":0.0014,"lastBolusTime":1703781193937,"time":"2023-12-28T19:03:10.769Z","iobWithZeroTemp":{"iob":0.045,"basaliob":0.01,"bolussnooze":0,"activity":0.0013,"lastBolusTime":1703781193937,"time":"2023-12-28T19:03:10.769Z"}},{"iob":0.089,"basaliob":0.058,"bolussnooze":0,"activity":0.0014,"lastBolusTime":1703781193937,"time":"2023-12-28T19:08:10.769Z","iobWithZeroTemp":{"iob":0.011,"basaliob":-0.02,"bolussnooze":0,"activity":0.0011,"lastBolusTime":1703781193937,"time":"2023-12-28T19:08:10.769Z"}},{"iob":0.083,"basaliob":0.055,"bolussnooze":0,"activity":0.0013,"lastBolusTime":1703781193937,"time":"2023-12-28T19:13:10.769Z","iobWithZeroTemp":{"iob":-0.022,"basaliob":-0.05,"bolussnooze":0,"activity":9.0E-4,"lastBolusTime":1703781193937,"time":"2023-12-28T19:13:10.769Z"}},{"iob":0.077,"basaliob":0.052,"bolussnooze":0,"activity":0.0013,"lastBolusTime":1703781193937,"time":"2023-12-28T19:18:10.769Z","iobWithZeroTemp":{"iob":-0.055,"basaliob":-0.08,"bolussnooze":0,"activity":7.0E-4,"lastBolusTime":1703781193937,"time":"2023-12-28T19:18:10.769Z"}},{"iob":0.07,"basaliob":0.048,"bolussnooze":0,"activity":0.0011,"lastBolusTime":1703781193937,"time":"2023-12-28T19:23:10.769Z","iobWithZeroTemp":{"iob":-0.087,"basaliob":-0.109,"bolussnooze":0,"activity":3.0E-4,"lastBolusTime":1703781193937,"time":"2023-12-28T19:23:10.769Z"}},{"iob":0.065,"basaliob":0.045,"bolussnooze":0,"activity":0.0011,"lastBolusTime":1703781193937,"time":"2023-12-28T19:28:10.769Z","iobWithZeroTemp":{"iob":-0.116,"basaliob":-0.136,"bolussnooze":0,"activity":0,"lastBolusTime":1703781193937,"time":"2023-12-28T19:28:10.769Z"}},{"iob":0.06,"basaliob":0.042,"bolussnooze":0,"activity":0.001,"lastBolusTime":1703781193937,"time":"2023-12-28T19:33:10.769Z","iobWithZeroTemp":{"iob":-0.145,"basaliob":-0.163,"bolussnooze":0,"activity":-3.0E-4,"lastBolusTime":1703781193937,"time":"2023-12-28T19:33:10.769Z"}},{"iob":0.055,"basaliob":0.039,"bolussnooze":0,"activity":0.001,"lastBolusTime":1703781193937,"time":"2023-12-28T19:38:10.769Z","iobWithZeroTemp":{"iob":-0.172,"basaliob":-0.188,"bolussnooze":0,"activity":-5.0E-4,"lastBolusTime":1703781193937,"time":"2023-12-28T19:38:10.769Z"}},{"iob":0.05,"basaliob":0.036,"bolussnooze":0,"activity":9.0E-4,"lastBolusTime":1703781193937,"time":"2023-12-28T19:43:10.769Z","iobWithZeroTemp":{"iob":-0.197,"basaliob":-0.211,"bolussnooze":0,"activity":-9.0E-4,"lastBolusTime":1703781193937,"time":"2023-12-28T19:43:10.769Z"}},{"iob":0.046,"basaliob":0.034,"bolussnooze":0,"activity":8.0E-4,"lastBolusTime":1703781193937,"time":"2023-12-28T19:48:10.769Z","iobWithZeroTemp":{"iob":-0.221,"basaliob":-0.233,"bolussnooze":0,"activity":-0.0012,"lastBolusTime":1703781193937,"time":"2023-12-28T19:48:10.769Z"}},{"iob":0.042,"basaliob":0.031,"bolussnooze":0,"activity":8.0E-4,"lastBolusTime":1703781193937,"time":"2023-12-28T19:53:10.769Z","iobWithZeroTemp":{"iob":-0.243,"basaliob":-0.254,"bolussnooze":0,"activity":-0.0015,"lastBolusTime":1703781193937,"time":"2023-12-28T19:53:10.769Z"}},{"iob":0.039,"basaliob":0.029,"bolussnooze":0,"activity":7.0E-4,"lastBolusTime":1703781193937,"time":"2023-12-28T19:58:10.769Z","iobWithZeroTemp":{"iob":-0.264,"basaliob":-0.274,"bolussnooze":0,"activity":-0.0018,"lastBolusTime":1703781193937,"time":"2023-12-28T19:58:10.769Z"}},{"iob":0.035,"basaliob":0.026,"bolussnooze":0,"activity":6.0E-4,"lastBolusTime":1703781193937,"time":"2023-12-28T20:03:10.769Z","iobWithZeroTemp":{"iob":-0.284,"basaliob":-0.293,"bolussnooze":0,"activity":-0.0021,"lastBolusTime":1703781193937,"time":"2023-12-28T20:03:10.769Z"}},{"iob":0.032,"basaliob":0.024,"bolussnooze":0,"activity":6.0E-4,"lastBolusTime":1703781193937,"time":"2023-12-28T20:08:10.769Z","iobWithZeroTemp":{"iob":-0.302,"basaliob":-0.31,"bolussnooze":0,"activity":-0.0023,"lastBolusTime":1703781193937,"time":"2023-12-28T20:08:10.769Z"}},{"iob":0.029,"basaliob":0.022,"bolussnooze":0,"activity":6.0E-4,"lastBolusTime":1703781193937,"time":"2023-12-28T20:13:10.769Z","iobWithZeroTemp":{"iob":-0.319,"basaliob":-0.326,"bolussnooze":0,"activity":-0.0026,"lastBolusTime":1703781193937,"time":"2023-12-28T20:13:10.769Z"}},{"iob":0.026,"basaliob":0.02,"bolussnooze":0,"activity":6.0E-4,"lastBolusTime":1703781193937,"time":"2023-12-28T20:18:10.769Z","iobWithZeroTemp":{"iob":-0.335,"basaliob":-0.341,"bolussnooze":0,"activity":-0.0028,"lastBolusTime":1703781193937,"time":"2023-12-28T20:18:10.769Z"}},{"iob":0.023,"basaliob":0.018,"bolussnooze":0,"activity":4.0E-4,"lastBolusTime":1703781193937,"time":"2023-12-28T20:23:10.769Z","iobWithZeroTemp":{"iob":-0.349,"basaliob":-0.354,"bolussnooze":0,"activity":-0.0031,"lastBolusTime":1703781193937,"time":"2023-12-28T20:23:10.769Z"}},{"iob":0.021,"basaliob":0.017,"bolussnooze":0,"activity":4.0E-4,"lastBolusTime":1703781193937,"time":"2023-12-28T20:28:10.769Z","iobWithZeroTemp":{"iob":-0.362,"basaliob":-0.366,"bolussnooze":0,"activity":-0.0033,"lastBolusTime":1703781193937,"time":"2023-12-28T20:28:10.769Z"}},{"iob":0.019,"basaliob":0.015,"bolussnooze":0,"activity":4.0E-4,"lastBolusTime":1703781193937,"time":"2023-12-28T20:33:10.769Z","iobWithZeroTemp":{"iob":-0.375,"basaliob":-0.379,"bolussnooze":0,"activity":-0.0035,"lastBolusTime":1703781193937,"time":"2023-12-28T20:33:10.769Z"}},{"iob":0.017,"basaliob":0.014,"bolussnooze":0,"activity":4.0E-4,"lastBolusTime":1703781193937,"time":"2023-12-28T20:38:10.769Z","iobWithZeroTemp":{"iob":-0.386,"basaliob":-0.389,"bolussnooze":0,"activity":-0.0037,"lastBolusTime":1703781193937,"time":"2023-12-28T20:38:10.769Z"}},{"iob":0.016,"basaliob":0.013,"bolussnooze":0,"activity":3.0E-4,"lastBolusTime":1703781193937,"time":"2023-12-28T20:43:10.769Z","iobWithZeroTemp":{"iob":-0.395,"basaliob":-0.398,"bolussnooze":0,"activity":-0.0039,"lastBolusTime":1703781193937,"time":"2023-12-28T20:43:10.769Z"}},{"iob":0.013,"basaliob":0.011,"bolussnooze":0,"activity":3.0E-4,"lastBolusTime":1703781193937,"time":"2023-12-28T20:48:10.769Z","iobWithZeroTemp":{"iob":-0.406,"basaliob":-0.408,"bolussnooze":0,"activity":-0.004,"lastBolusTime":1703781193937,"time":"2023-12-28T20:48:10.769Z"}},{"iob":0.012,"basaliob":0.01,"bolussnooze":0,"activity":3.0E-4,"lastBolusTime":1703781193937,"time":"2023-12-28T20:53:10.769Z","iobWithZeroTemp":{"iob":-0.414,"basaliob":-0.416,"bolussnooze":0,"activity":-0.0042,"lastBolusTime":1703781193937,"time":"2023-12-28T20:53:10.769Z"}},{"iob":0.011,"basaliob":0.009,"bolussnooze":0,"activity":3.0E-4,"lastBolusTime":1703781193937,"time":"2023-12-28T20:58:10.769Z","iobWithZeroTemp":{"iob":-0.422,"basaliob":-0.424,"bolussnooze":0,"activity":-0.0043,"lastBolusTime":1703781193937,"time":"2023-12-28T20:58:10.769Z"}},{"iob":0.009,"basaliob":0.008,"bolussnooze":0,"activity":3.0E-4,"lastBolusTime":1703781193937,"time":"2023-12-28T21:03:10.769Z","iobWithZeroTemp":{"iob":-0.426,"basaliob":-0.427,"bolussnooze":0,"activity":-0.0044,"lastBolusTime":1703781193937,"time":"2023-12-28T21:03:10.769Z"}},{"iob":0.009,"basaliob":0.008,"bolussnooze":0,"activity":2.0E-4,"lastBolusTime":1703781193937,"time":"2023-12-28T21:08:10.769Z","iobWithZeroTemp":{"iob":-0.427,"basaliob":-0.428,"bolussnooze":0,"activity":-0.0046,"lastBolusTime":1703781193937,"time":"2023-12-28T21:08:10.769Z"}},{"iob":0.008,"basaliob":0.007,"bolussnooze":0,"activity":1.0E-4,"lastBolusTime":1703781193937,"time":"2023-12-28T21:13:10.769Z","iobWithZeroTemp":{"iob":-0.429,"basaliob":-0.43,"bolussnooze":0,"activity":-0.0048,"lastBolusTime":1703781193937,"time":"2023-12-28T21:13:10.769Z"}},{"iob":0.007,"basaliob":0.006,"bolussnooze":0,"activity":1.0E-4,"lastBolusTime":1703781193937,"time":"2023-12-28T21:18:10.769Z","iobWithZeroTemp":{"iob":-0.431,"basaliob":-0.432,"bolussnooze":0,"activity":-0.0048,"lastBolusTime":1703781193937,"time":"2023-12-28T21:18:10.769Z"}},{"iob":0.006,"basaliob":0.005,"bolussnooze":0,"activity":1.0E-4,"lastBolusTime":1703781193937,"time":"2023-12-28T21:23:10.769Z","iobWithZeroTemp":{"iob":-0.432,"basaliob":-0.433,"bolussnooze":0,"activity":-0.0049,"lastBolusTime":1703781193937,"time":"2023-12-28T21:23:10.769Z"}},{"iob":0.005,"basaliob":0.005,"bolussnooze":0,"activity":1.0E-4,"lastBolusTime":1703781193937,"time":"2023-12-28T21:28:10.769Z","iobWithZeroTemp":{"iob":-0.433,"basaliob":-0.433,"bolussnooze":0,"activity":-0.0049,"lastBolusTime":1703781193937,"time":"2023-12-28T21:28:10.769Z"}},{"iob":0.004,"basaliob":0.004,"bolussnooze":0,"activity":1.0E-4,"lastBolusTime":1703781193937,"time":"2023-12-28T21:33:10.769Z","iobWithZeroTemp":{"iob":-0.434,"basaliob":-0.434,"bolussnooze":0,"activity":-0.005,"lastBolusTime":1703781193937,"time":"2023-12-28T21:33:10.769Z"}},{"iob":0.004,"basaliob":0.004,"bolussnooze":0,"activity":1.0E-4,"lastBolusTime":1703781193937,"time":"2023-12-28T21:38:10.769Z","iobWithZeroTemp":{"iob":-0.433,"basaliob":-0.433,"bolussnooze":0,"activity":-0.005,"lastBolusTime":1703781193937,"time":"2023-12-28T21:38:10.769Z"}},{"iob":0.003,"basaliob":0.003,"bolussnooze":0,"activity":1.0E-4,"lastBolusTime":1703781193937,"time":"2023-12-28T21:43:10.769Z","iobWithZeroTemp":{"iob":-0.434,"basaliob":-0.434,"bolussnooze":0,"activity":-0.005,"lastBolusTime":1703781193937,"time":"2023-12-28T21:43:10.769Z"}},{"iob":0.003,"basaliob":0.003,"bolussnooze":0,"activity":1.0E-4,"lastBolusTime":1703781193937,"time":"2023-12-28T21:48:10.769Z","iobWithZeroTemp":{"iob":-0.434,"basaliob":-0.434,"bolussnooze":0,"activity":-0.005,"lastBolusTime":1703781193937,"time":"2023-12-28T21:48:10.769Z"}},{"iob":0.003,"basaliob":0.003,"bolussnooze":0,"activity":1.0E-4,"lastBolusTime":1703781193937,"time":"2023-12-28T21:53:10.769Z","iobWithZeroTemp":{"iob":-0.433,"basaliob":-0.433,"bolussnooze":0,"activity":-0.005,"lastBolusTime":1703781193937,"time":"2023-12-28T21:53:10.769Z"}},{"iob":0.002,"basaliob":0.002,"bolussnooze":0,"activity":1.0E-4,"lastBolusTime":1703781193937,"time":"2023-12-28T21:58:10.769Z","iobWithZeroTemp":{"iob":-0.433,"basaliob":-0.433,"bolussnooze":0,"activity":-0.005,"lastBolusTime":1703781193937,"time":"2023-12-28T21:58:10.769Z"}},{"iob":0.002,"basaliob":0.002,"bolussnooze":0,"activity":1.0E-4,"lastBolusTime":1703781193937,"time":"2023-12-28T22:03:10.769Z","iobWithZeroTemp":{"iob":-0.428,"basaliob":-0.428,"bolussnooze":0,"activity":-0.005,"lastBolusTime":1703781193937,"time":"2023-12-28T22:03:10.769Z"}},{"iob":0.002,"basaliob":0.002,"bolussnooze":0,"activity":0,"lastBolusTime":1703781193937,"time":"2023-12-28T22:08:10.769Z","iobWithZeroTemp":{"iob":-0.424,"basaliob":-0.424,"bolussnooze":0,"activity":-0.0051,"lastBolusTime":1703781193937,"time":"2023-12-28T22:08:10.769Z"}},{"iob":0.002,"basaliob":0.002,"bolussnooze":0,"activity":0,"lastBolusTime":1703781193937,"time":"2023-12-28T22:13:10.769Z","iobWithZeroTemp":{"iob":-0.419,"basaliob":-0.419,"bolussnooze":0,"activity":-0.0051,"lastBolusTime":1703781193937,"time":"2023-12-28T22:13:10.769Z"}},{"iob":0.001,"basaliob":0.001,"bolussnooze":0,"activity":0,"lastBolusTime":1703781193937,"time":"2023-12-28T22:18:10.769Z","iobWithZeroTemp":{"iob":-0.415,"basaliob":-0.415,"bolussnooze":0,"activity":-0.0051,"lastBolusTime":1703781193937,"time":"2023-12-28T22:18:10.769Z"}},{"iob":0.001,"basaliob":0.001,"bolussnooze":0,"activity":0,"lastBolusTime":1703781193937,"time":"2023-12-28T22:23:10.769Z","iobWithZeroTemp":{"iob":-0.411,"basaliob":-0.411,"bolussnooze":0,"activity":-0.0051,"lastBolusTime":1703781193937,"time":"2023-12-28T22:23:10.769Z"}},{"iob":0.001,"basaliob":0.001,"bolussnooze":0,"activity":0,"lastBolusTime":1703781193937,"time":"2023-12-28T22:28:10.769Z","iobWithZeroTemp":{"iob":-0.407,"basaliob":-0.407,"bolussnooze":0,"activity":-0.005,"lastBolusTime":1703781193937,"time":"2023-12-28T22:28:10.769Z"}},{"iob":0.001,"basaliob":0.001,"bolussnooze":0,"activity":0,"lastBolusTime":1703781193937,"time":"2023-12-28T22:33:10.769Z","iobWithZeroTemp":{"iob":-0.402,"basaliob":-0.402,"bolussnooze":0,"activity":-0.005,"lastBolusTime":1703781193937,"time":"2023-12-28T22:33:10.769Z"}},{"iob":0.001,"basaliob":0.001,"bolussnooze":0,"activity":0,"lastBolusTime":0,"time":"2023-12-28T22:38:10.769Z","iobWithZeroTemp":{"iob":-0.398,"basaliob":-0.398,"bolussnooze":0,"activity":-0.0049,"lastBolusTime":0,"time":"2023-12-28T22:38:10.769Z"}}],"profile":{"max_iob":10,"type":"current","max_daily_basal":0.35,"max_basal":0.4,"min_bg":90,"max_bg":90,"target_bg":90,"carb_ratio":8.5,"sens":110,"max_daily_safety_multiplier":3,"current_basal_safety_multiplier":4,"lgsThreshold":95,"high_temptarget_raises_sensitivity":true,"low_temptarget_lowers_sensitivity":true,"sensitivity_raises_target":true,"resistance_lowers_target":true,"adv_target_adjustments":false,"exercise_mode":false,"half_basal_exercise_target":160,"maxCOB":120,"skip_neutral_temps":false,"remainingCarbsCap":90,"enableUAM":true,"A52_risk_enable":false,"SMBInterval":3,"enableSMB_with_COB":true,"enableSMB_with_temptarget":true,"allowSMB_with_high_temptarget":false,"enableSMB_always":false,"enableSMB_after_carbs":true,"maxSMBBasalMinutes":45,"maxUAMSMBBasalMinutes":45,"bolus_increment":0.05,"carbsReqThreshold":2,"current_basal":0.1,"temptargetSet":false,"autosens_max":1.3,"autosens_min":0.7,"variable_sens":135.5,"insulinDivisor":75,"TDD":13.271568398809524},"autosens_data":{"ratio":0.6909073184997441},"meal_data":{"carbs":0,"mealCOB":0,"slopeFromMaxDeviation":-0,"slopeFromMinDeviation":1.056,"lastBolusTime":1703781193937,"lastCarbTime":0},"microBolusAllowed":true,"currentTime":1703788992349,"flatBGsDetected":false,"tdd1D":17.627083333333335,"tdd7D":16.608595238095237,"tddLast24H":11.474999999999998,"tddLast4H":0.7333333333333334,"tddLast8to4H":5.275},"output":{"temp":"absolute","bg":129,"tick":"+3","eventualBG":137,"targetBG":103,"insulinReq":0.24,"deliverAt":"2023-12-28T18:43:12.349Z","sensitivityRatio":0.6909073184997441,"variable_sens":135.5,"predBGs":{"IOB":[129,132,134,136,138,140,141,142,143,143,143,143,142,141,141,140,140,140,139,139,138,138,138,138,137,137,137,137,137,136,136,136,136,136,136,136,136,136,136,136,135],"ZT":[129,128,127,126,125,124,123,123,122,122,122,122,123,123],"UAM":[129,132,134,136,138,140,141,142,142,143,143,142,142,141,141,140,140,139,139,139,138,138,138,137,137,137,137,136,136,136,136,136,136,136,136,136,136,135]},"reason":"COB: 0, Dev: 25, BGI: -1, ISF: 136, CR: 8.5, Target: 103, minPredBG 135, minGuardBG 132, IOBpredBG 135, UAMpredBG 135; Eventual BG 137 >= 103, adj. req. rate: 0.55 to maxSafeBasal: 0.4, temp 0.40 >~ req 0.4U\/hr. ","COB":0,"IOB":0.126,"timestamp":"2023-12-28T18:43:12.380Z"}}