{"algorithm":"OpenAPSSMBDynamicISFPlugin","input":{"glucoseStatus":{"glucose":51,"noise":0,"delta":-4.61,"short_avgdelta":-4.61,"long_avgdelta":-5.46,"date":1703935969000},"currenttemp":{"temp":"absolute","duration":84,"rate":0,"minutesrunning":36},"iob_data":[{"iob":0.124,"basaliob":-0.196,"bolussnooze":0,"activity":0.0038,"lastBolusTime":1703933301435,"time":"2023-12-30T11:34:50.357Z","iobWithZeroTemp":{"iob":0.124,"basaliob":-0.196,"bolussnooze":0,"activity":0.0038,"lastBolusTime":1703933301435,"time":"2023-12-30T11:34:50.357Z"}},{"iob":0.106,"basaliob":-0.187,"bolussnooze":0,"activity":0.0033,"lastBolusTime":1703933301435,"time":"2023-12-30T11:39:50.357Z","iobWithZeroTemp":{"iob":0.086,"basaliob":-0.207,"bolussnooze":0,"activity":0.0033,"lastBolusTime":1703933301435,"time":"2023-12-30T11:39:50.357Z"}},{"iob":0.091,"basaliob":-0.177,"bolussnooze":0,"activity":0.003,"lastBolusTime":1703933301435,"time":"2023-12-30T11:44:50.357Z","iobWithZeroTemp":{"iob":0.046,"basaliob":-0.222,"bolussnooze":0,"activity":0.0029,"lastBolusTime":1703933301435,"time":"2023-12-30T11:44:50.357Z"}},{"iob":0.077,"basaliob":-0.168,"bolussnooze":0,"activity":0.0025,"lastBolusTime":1703933301435,"time":"2023-12-30T11:49:50.357Z","iobWithZeroTemp":{"iob":0.008,"basaliob":-0.237,"bolussnooze":0,"activity":0.0023,"lastBolusTime":1703933301435,"time":"2023-12-30T11:49:50.357Z"}},{"iob":0.065,"basaliob":-0.158,"bolussnooze":0,"activity":0.0023,"lastBolusTime":1703933301435,"time":"2023-12-30T11:54:50.357Z","iobWithZeroTemp":{"iob":-0.028,"basaliob":-0.251,"bolussnooze":0,"activity":0.0019,"lastBolusTime":1703933301435,"time":"2023-12-30T11:54:50.357Z"}},{"iob":0.055,"basaliob":-0.148,"bolussnooze":0,"activity":0.002,"lastBolusTime":1703933301435,"time":"2023-12-30T11:59:50.357Z","iobWithZeroTemp":{"iob":-0.06,"basaliob":-0.263,"bolussnooze":0,"activity":0.0015,"lastBolusTime":1703933301435,"time":"2023-12-30T11:59:50.357Z"}},{"iob":0.045,"basaliob":-0.139,"bolussnooze":0,"activity":0.0017,"lastBolusTime":1703933301435,"time":"2023-12-30T12:04:50.357Z","iobWithZeroTemp":{"iob":-0.092,"basaliob":-0.276,"bolussnooze":0,"activity":0.001,"lastBolusTime":1703933301435,"time":"2023-12-30T12:04:50.357Z"}},{"iob":0.038,"basaliob":-0.129,"bolussnooze":0,"activity":0.0015,"lastBolusTime":1703933301435,"time":"2023-12-30T12:09:50.357Z","iobWithZeroTemp":{"iob":-0.12,"basaliob":-0.287,"bolussnooze":0,"activity":6.0E-4,"lastBolusTime":1703933301435,"time":"2023-12-30T12:09:50.357Z"}},{"iob":0.031,"basaliob":-0.12,"bolussnooze":0,"activity":0.0012,"lastBolusTime":1703933301435,"time":"2023-12-30T12:14:50.357Z","iobWithZeroTemp":{"iob":-0.147,"basaliob":-0.298,"bolussnooze":0,"activity":1.0E-4,"lastBolusTime":1703933301435,"time":"2023-12-30T12:14:50.357Z"}},{"iob":0.024,"basaliob":-0.112,"bolussnooze":0,"activity":0.0011,"lastBolusTime":1703933301435,"time":"2023-12-30T12:19:50.357Z","iobWithZeroTemp":{"iob":-0.173,"basaliob":-0.309,"bolussnooze":0,"activity":-2.0E-4,"lastBolusTime":1703933301435,"time":"2023-12-30T12:19:50.357Z"}},{"iob":0.02,"basaliob":-0.103,"bolussnooze":0,"activity":0.001,"lastBolusTime":1703933301435,"time":"2023-12-30T12:24:50.357Z","iobWithZeroTemp":{"iob":-0.195,"basaliob":-0.318,"bolussnooze":0,"activity":-6.0E-4,"lastBolusTime":1703933301435,"time":"2023-12-30T12:24:50.357Z"}},{"iob":0.015,"basaliob":-0.096,"bolussnooze":0,"activity":8.0E-4,"lastBolusTime":1703933301435,"time":"2023-12-30T12:29:50.357Z","iobWithZeroTemp":{"iob":-0.217,"basaliob":-0.328,"bolussnooze":0,"activity":-0.001,"lastBolusTime":1703933301435,"time":"2023-12-30T12:29:50.357Z"}},{"iob":0.012,"basaliob":-0.088,"bolussnooze":0,"activity":7.0E-4,"lastBolusTime":1703933301435,"time":"2023-12-30T12:34:50.357Z","iobWithZeroTemp":{"iob":-0.235,"basaliob":-0.335,"bolussnooze":0,"activity":-0.0013,"lastBolusTime":1703933301435,"time":"2023-12-30T12:34:50.357Z"}},{"iob":0.008,"basaliob":-0.081,"bolussnooze":0,"activity":6.0E-4,"lastBolusTime":1703933301435,"time":"2023-12-30T12:39:50.357Z","iobWithZeroTemp":{"iob":-0.254,"basaliob":-0.343,"bolussnooze":0,"activity":-0.0016,"lastBolusTime":1703933301435,"time":"2023-12-30T12:39:50.357Z"}},{"iob":0.005,"basaliob":-0.075,"bolussnooze":0,"activity":5.0E-4,"lastBolusTime":1703933301435,"time":"2023-12-30T12:44:50.357Z","iobWithZeroTemp":{"iob":-0.271,"basaliob":-0.351,"bolussnooze":0,"activity":-0.0019,"lastBolusTime":1703933301435,"time":"2023-12-30T12:44:50.357Z"}},{"iob":0.004,"basaliob":-0.068,"bolussnooze":0,"activity":4.0E-4,"lastBolusTime":1703933301435,"time":"2023-12-30T12:49:50.357Z","iobWithZeroTemp":{"iob":-0.284,"basaliob":-0.356,"bolussnooze":0,"activity":-0.0022,"lastBolusTime":1703933301435,"time":"2023-12-30T12:49:50.357Z"}},{"iob":0.001,"basaliob":-0.063,"bolussnooze":0,"activity":4.0E-4,"lastBolusTime":1703933301435,"time":"2023-12-30T12:54:50.357Z","iobWithZeroTemp":{"iob":-0.299,"basaliob":-0.363,"bolussnooze":0,"activity":-0.0023,"lastBolusTime":1703933301435,"time":"2023-12-30T12:54:50.357Z"}},{"iob":0,"basaliob":-0.057,"bolussnooze":0,"activity":3.0E-4,"lastBolusTime":1703933301435,"time":"2023-12-30T12:59:50.357Z","iobWithZeroTemp":{"iob":-0.311,"basaliob":-0.368,"bolussnooze":0,"activity":-0.0026,"lastBolusTime":1703933301435,"time":"2023-12-30T12:59:50.357Z"}},{"iob":-0.001,"basaliob":-0.052,"bolussnooze":0,"activity":2.0E-4,"lastBolusTime":1703933301435,"time":"2023-12-30T13:04:50.357Z","iobWithZeroTemp":{"iob":-0.322,"basaliob":-0.373,"bolussnooze":0,"activity":-0.0029,"lastBolusTime":1703933301435,"time":"2023-12-30T13:04:50.357Z"}},{"iob":-0.003,"basaliob":-0.048,"bolussnooze":0,"activity":2.0E-4,"lastBolusTime":1703933301435,"time":"2023-12-30T13:09:50.357Z","iobWithZeroTemp":{"iob":-0.333,"basaliob":-0.378,"bolussnooze":0,"activity":-0.003,"lastBolusTime":1703933301435,"time":"2023-12-30T13:09:50.357Z"}},{"iob":-0.003,"basaliob":-0.043,"bolussnooze":0,"activity":2.0E-4,"lastBolusTime":1703933301435,"time":"2023-12-30T13:14:50.357Z","iobWithZeroTemp":{"iob":-0.342,"basaliob":-0.382,"bolussnooze":0,"activity":-0.0032,"lastBolusTime":1703933301435,"time":"2023-12-30T13:14:50.357Z"}},{"iob":-0.004,"basaliob":-0.039,"bolussnooze":0,"activity":1.0E-4,"lastBolusTime":1703933301435,"time":"2023-12-30T13:19:50.357Z","iobWithZeroTemp":{"iob":-0.351,"basaliob":-0.386,"bolussnooze":0,"activity":-0.0034,"lastBolusTime":1703933301435,"time":"2023-12-30T13:19:50.357Z"}},{"iob":-0.005,"basaliob":-0.036,"bolussnooze":0,"activity":1.0E-4,"lastBolusTime":1703933301435,"time":"2023-12-30T13:24:50.357Z","iobWithZeroTemp":{"iob":-0.359,"basaliob":-0.39,"bolussnooze":0,"activity":-0.0035,"lastBolusTime":1703933301435,"time":"2023-12-30T13:24:50.357Z"}},{"iob":-0.005,"basaliob":-0.032,"bolussnooze":0,"activity":1.0E-4,"lastBolusTime":1703933301435,"time":"2023-12-30T13:29:50.357Z","iobWithZeroTemp":{"iob":-0.366,"basaliob":-0.393,"bolussnooze":0,"activity":-0.0036,"lastBolusTime":1703933301435,"time":"2023-12-30T13:29:50.357Z"}},{"iob":-0.005,"basaliob":-0.029,"bolussnooze":0,"activity":0,"lastBolusTime":1703933301435,"time":"2023-12-30T13:34:50.357Z","iobWithZeroTemp":{"iob":-0.372,"basaliob":-0.396,"bolussnooze":0,"activity":-0.0039,"lastBolusTime":1703933301435,"time":"2023-12-30T13:34:50.357Z"}},{"iob":-0.005,"basaliob":-0.026,"bolussnooze":0,"activity":1.0E-4,"lastBolusTime":1703933301435,"time":"2023-12-30T13:39:50.357Z","iobWithZeroTemp":{"iob":-0.377,"basaliob":-0.398,"bolussnooze":0,"activity":-0.0039,"lastBolusTime":1703933301435,"time":"2023-12-30T13:39:50.357Z"}},{"iob":-0.006,"basaliob":-0.024,"bolussnooze":0,"activity":0,"lastBolusTime":1703933301435,"time":"2023-12-30T13:44:50.357Z","iobWithZeroTemp":{"iob":-0.383,"basaliob":-0.401,"bolussnooze":0,"activity":-0.004,"lastBolusTime":1703933301435,"time":"2023-12-30T13:44:50.357Z"}},{"iob":-0.005,"basaliob":-0.021,"bolussnooze":0,"activity":-1.0E-4,"lastBolusTime":1703933301435,"time":"2023-12-30T13:49:50.357Z","iobWithZeroTemp":{"iob":-0.387,"basaliob":-0.403,"bolussnooze":0,"activity":-0.0042,"lastBolusTime":1703933301435,"time":"2023-12-30T13:49:50.357Z"}},{"iob":-0.005,"basaliob":-0.019,"bolussnooze":0,"activity":0,"lastBolusTime":1703933301435,"time":"2023-12-30T13:54:50.357Z","iobWithZeroTemp":{"iob":-0.391,"basaliob":-0.405,"bolussnooze":0,"activity":-0.0042,"lastBolusTime":1703933301435,"time":"2023-12-30T13:54:50.357Z"}},{"iob":-0.005,"basaliob":-0.017,"bolussnooze":0,"activity":-1.0E-4,"lastBolusTime":1703933301435,"time":"2023-12-30T13:59:50.357Z","iobWithZeroTemp":{"iob":-0.395,"basaliob":-0.407,"bolussnooze":0,"activity":-0.0044,"lastBolusTime":1703933301435,"time":"2023-12-30T13:59:50.357Z"}},{"iob":-0.004,"basaliob":-0.015,"bolussnooze":0,"activity":0,"lastBolusTime":1703933301435,"time":"2023-12-30T14:04:50.357Z","iobWithZeroTemp":{"iob":-0.381,"basaliob":-0.392,"bolussnooze":0,"activity":-0.0043,"lastBolusTime":1703933301435,"time":"2023-12-30T14:04:50.357Z"}},{"iob":-0.005,"basaliob":-0.014,"bolussnooze":0,"activity":0,"lastBolusTime":1703933301435,"time":"2023-12-30T14:09:50.357Z","iobWithZeroTemp":{"iob":-0.368,"basaliob":-0.377,"bolussnooze":0,"activity":-0.0043,"lastBolusTime":1703933301435,"time":"2023-12-30T14:09:50.357Z"}},{"iob":-0.004,"basaliob":-0.012,"bolussnooze":0,"activity":-1.0E-4,"lastBolusTime":1703933301435,"time":"2023-12-30T14:14:50.357Z","iobWithZeroTemp":{"iob":-0.354,"basaliob":-0.362,"bolussnooze":0,"activity":-0.0044,"lastBolusTime":1703933301435,"time":"2023-12-30T14:14:50.357Z"}},{"iob":-0.004,"basaliob":-0.011,"bolussnooze":0,"activity":-1.0E-4,"lastBolusTime":1703933301435,"time":"2023-12-30T14:19:50.357Z","iobWithZeroTemp":{"iob":-0.341,"basaliob":-0.348,"bolussnooze":0,"activity":-0.0044,"lastBolusTime":1703933301435,"time":"2023-12-30T14:19:50.357Z"}},{"iob":-0.004,"basaliob":-0.01,"bolussnooze":0,"activity":0,"lastBolusTime":1703933301435,"time":"2023-12-30T14:24:50.357Z","iobWithZeroTemp":{"iob":-0.328,"basaliob":-0.334,"bolussnooze":0,"activity":-0.0042,"lastBolusTime":1703933301435,"time":"2023-12-30T14:24:50.357Z"}},{"iob":-0.004,"basaliob":-0.009,"bolussnooze":0,"activity":-1.0E-4,"lastBolusTime":1703933301435,"time":"2023-12-30T14:29:50.357Z","iobWithZeroTemp":{"iob":-0.316,"basaliob":-0.321,"bolussnooze":0,"activity":-0.0042,"lastBolusTime":1703933301435,"time":"2023-12-30T14:29:50.357Z"}},{"iob":-0.003,"basaliob":-0.008,"bolussnooze":0,"activity":-1.0E-4,"lastBolusTime":1703933301435,"time":"2023-12-30T14:34:50.357Z","iobWithZeroTemp":{"iob":-0.303,"basaliob":-0.308,"bolussnooze":0,"activity":-0.0041,"lastBolusTime":1703933301435,"time":"2023-12-30T14:34:50.357Z"}},{"iob":-0.003,"basaliob":-0.007,"bolussnooze":0,"activity":-1.0E-4,"lastBolusTime":1703933301435,"time":"2023-12-30T14:39:50.357Z","iobWithZeroTemp":{"iob":-0.291,"basaliob":-0.295,"bolussnooze":0,"activity":-0.004,"lastBolusTime":1703933301435,"time":"2023-12-30T14:39:50.357Z"}},{"iob":-0.003,"basaliob":-0.006,"bolussnooze":0,"activity":0,"lastBolusTime":1703933301435,"time":"2023-12-30T14:44:50.357Z","iobWithZeroTemp":{"iob":-0.28,"basaliob":-0.283,"bolussnooze":0,"activity":-0.0038,"lastBolusTime":1703933301435,"time":"2023-12-30T14:44:50.357Z"}},{"iob":-0.002,"basaliob":-0.005,"bolussnooze":0,"activity":0,"lastBolusTime":1703933301435,"time":"2023-12-30T14:49:50.357Z","iobWithZeroTemp":{"iob":-0.269,"basaliob":-0.272,"bolussnooze":0,"activity":-0.0037,"lastBolusTime":1703933301435,"time":"2023-12-30T14:49:50.357Z"}},{"iob":-0.002,"basaliob":-0.005,"bolussnooze":0,"activity":0,"lastBolusTime":1703933301435,"time":"2023-12-30T14:54:50.357Z","iobWithZeroTemp":{"iob":-0.259,"basaliob":-0.262,"bolussnooze":0,"activity":-0.0036,"lastBolusTime":1703933301435,"time":"2023-12-30T14:54:50.357Z"}},{"iob":-0.002,"basaliob":-0.004,"bolussnooze":0,"activity":0,"lastBolusTime":1703933301435,"time":"2023-12-30T14:59:50.357Z","iobWithZeroTemp":{"iob":-0.25,"basaliob":-0.252,"bolussnooze":0,"activity":-0.0035,"lastBolusTime":1703933301435,"time":"2023-12-30T14:59:50.357Z"}},{"iob":-0.002,"basaliob":-0.004,"bolussnooze":0,"activity":0,"lastBolusTime":1703933301435,"time":"2023-12-30T15:04:50.357Z","iobWithZeroTemp":{"iob":-0.241,"basaliob":-0.243,"bolussnooze":0,"activity":-0.0034,"lastBolusTime":1703933301435,"time":"2023-12-30T15:04:50.357Z"}},{"iob":-0.001,"basaliob":-0.003,"bolussnooze":0,"activity":0,"lastBolusTime":1703933301435,"time":"2023-12-30T15:09:50.357Z","iobWithZeroTemp":{"iob":-0.232,"basaliob":-0.234,"bolussnooze":0,"activity":-0.0033,"lastBolusTime":1703933301435,"time":"2023-12-30T15:09:50.357Z"}},{"iob":-0.002,"basaliob":-0.003,"bolussnooze":0,"activity":-1.0E-4,"lastBolusTime":1703933301435,"time":"2023-12-30T15:14:50.357Z","iobWithZeroTemp":{"iob":-0.225,"basaliob":-0.226,"bolussnooze":0,"activity":-0.0033,"lastBolusTime":1703933301435,"time":"2023-12-30T15:14:50.357Z"}},{"iob":-0.001,"basaliob":-0.002,"bolussnooze":0,"activity":-1.0E-4,"lastBolusTime":1703933301435,"time":"2023-12-30T15:19:50.357Z","iobWithZeroTemp":{"iob":-0.217,"basaliob":-0.218,"bolussnooze":0,"activity":-0.0031,"lastBolusTime":1703933301435,"time":"2023-12-30T15:19:50.357Z"}},{"iob":-0.001,"basaliob":-0.002,"bolussnooze":0,"activity":-1.0E-4,"lastBolusTime":1703933301435,"time":"2023-12-30T15:24:50.357Z","iobWithZeroTemp":{"iob":-0.21,"basaliob":-0.211,"bolussnooze":0,"activity":-0.0031,"lastBolusTime":1703933301435,"time":"2023-12-30T15:24:50.357Z"}},{"iob":-0.001,"basaliob":-0.002,"bolussnooze":0,"activity":-1.0E-4,"lastBolusTime":1703933301435,"time":"2023-12-30T15:29:50.357Z","iobWithZeroTemp":{"iob":-0.204,"basaliob":-0.205,"bolussnooze":0,"activity":-0.003,"lastBolusTime":1703933301435,"time":"2023-12-30T15:29:50.357Z"}}],"profile":{"max_iob":10,"type":"current","max_daily_basal":0.35,"max_basal":1.05,"min_bg":130,"max_bg":130,"target_bg":130,"carb_ratio":8.5,"sens":110,"max_daily_safety_multiplier":3,"current_basal_safety_multiplier":4,"lgsThreshold":95,"high_temptarget_raises_sensitivity":true,"low_temptarget_lowers_sensitivity":true,"sensitivity_raises_target":true,"resistance_lowers_target":true,"adv_target_adjustments":false,"exercise_mode":false,"half_basal_exercise_target":160,"maxCOB":120,"skip_neutral_temps":false,"remainingCarbsCap":90,"enableUAM":true,"A52_risk_enable":false,"SMBInterval":3,"enableSMB_with_COB":true,"enableSMB_with_temptarget":true,"allowSMB_with_high_temptarget":false,"enableSMB_always":false,"enableSMB_after_carbs":true,"maxSMBBasalMinutes":45,"maxUAMSMBBasalMinutes":45,"bolus_increment":0.05,"carbsReqThreshold":2,"current_basal":0.3,"temptargetSet":true,"autosens_max":1.3,"autosens_min":0.7,"variable_sens":247.8,"insulinDivisor":75,"TDD":13.998988785714287},"autosens_data":{"ratio":0.8269781342084112},"meal_data":{"carbs":30,"mealCOB":14.820545454545439,"slopeFromMaxDeviation":-1.1206,"slopeFromMinDeviation":0.78,"lastBolusTime":1703933301435,"lastCarbTime":1703929147000},"microBolusAllowed":true,"currentTime":1703936091445,"flatBGsDetected":false,"tdd1D":16.6625,"tdd7D":17.065142857142856,"tddLast24H":14.112499999999994,"tddLast4H":3.0041666666666664,"tddLast8to4H":1.6916666666666675},"output":{"temp":"absolute","bg":51,"tick":-5,"eventualBG":263,"targetBG":130,"insulinReq":0,"deliverAt":"2023-12-30T11:34:51.445Z","sensitivityRatio":0.67,"variable_sens":247.8,"predBGs":{"IOB":[51,46,42,39,39,39,39,39,39,39,39,39,39],"ZT":[51,46,42,39,39,39,39,39,39,39,39,39,39,39,39,39,40,43,47,51,55,58,62,66,70,73,77,81,84,88,92,95,98,102,105,108,111,114,117,119,122,124,127,129],"COB":[51,47,43,40,39,39,39,39,39,39,39,39,39,41,43,46,49,52,56,60,64,69,73,78,83,89,95,100,107,113,120,127,134,141,148,156,164,172,181,189,198,207,216,225,235,245,254,263],"UAM":[51,46,42,39,39,39,39,39,39,39,39,39,39]},"reason":"COB: 14.8, Dev: 1, BGI: -5, ISF: 248, CR: 8.5, Target: 130, minPredBG 56, minGuardBG 22, IOBpredBG 39, COBpredBG 263, UAMpredBG 39; minGuardBG 22<95 84m left and 0 ~ req 0U\/hr: no temp required","COB":14.820545454545439,"IOB":0.124,"timestamp":"2023-12-30T11:34:51.473Z"}}