{"algorithm":"OpenAPSSMBDynamicISFPlugin","input":{"glucoseStatus":{"glucose":87,"noise":0,"delta":1.78,"short_avgdelta":1.78,"long_avgdelta":0.3,"date":1703728962000},"currenttemp":{"temp":"absolute","duration":65,"rate":0,"minutesrunning":25},"iob_data":[{"iob":-0.149,"basaliob":-0.158,"bolussnooze":0,"activity":-0.0012,"lastBolusTime":1703717591088,"time":"2023-12-28T02:03:09.161Z","iobWithZeroTemp":{"iob":-0.149,"basaliob":-0.158,"bolussnooze":0,"activity":-0.0012,"lastBolusTime":1703717591088,"time":"2023-12-28T02:03:09.161Z"}},{"iob":-0.142,"basaliob":-0.15,"bolussnooze":0,"activity":-0.0013,"lastBolusTime":1703717591088,"time":"2023-12-28T02:08:09.161Z","iobWithZeroTemp":{"iob":-0.155,"basaliob":-0.163,"bolussnooze":0,"activity":-0.0013,"lastBolusTime":1703717591088,"time":"2023-12-28T02:08:09.161Z"}},{"iob":-0.136,"basaliob":-0.143,"bolussnooze":0,"activity":-0.0014,"lastBolusTime":1703717591088,"time":"2023-12-28T02:13:09.161Z","iobWithZeroTemp":{"iob":-0.166,"basaliob":-0.173,"bolussnooze":0,"activity":-0.0015,"lastBolusTime":1703717591088,"time":"2023-12-28T02:13:09.161Z"}},{"iob":-0.129,"basaliob":-0.135,"bolussnooze":0,"activity":-0.0014,"lastBolusTime":1703717591088,"time":"2023-12-28T02:18:09.161Z","iobWithZeroTemp":{"iob":-0.175,"basaliob":-0.181,"bolussnooze":0,"activity":-0.0015,"lastBolusTime":1703717591088,"time":"2023-12-28T02:18:09.161Z"}},{"iob":-0.122,"basaliob":-0.127,"bolussnooze":0,"activity":-0.0015,"lastBolusTime":1703717591088,"time":"2023-12-28T02:23:09.161Z","iobWithZeroTemp":{"iob":-0.184,"basaliob":-0.189,"bolussnooze":0,"activity":-0.0017,"lastBolusTime":1703717591088,"time":"2023-12-28T02:23:09.161Z"}},{"iob":-0.115,"basaliob":-0.119,"bolussnooze":0,"activity":-0.0014,"lastBolusTime":1703717591088,"time":"2023-12-28T02:28:09.161Z","iobWithZeroTemp":{"iob":-0.192,"basaliob":-0.196,"bolussnooze":0,"activity":-0.0017,"lastBolusTime":1703717591088,"time":"2023-12-28T02:28:09.161Z"}},{"iob":-0.107,"basaliob":-0.111,"bolussnooze":0,"activity":-0.0014,"lastBolusTime":1703717591088,"time":"2023-12-28T02:33:09.161Z","iobWithZeroTemp":{"iob":-0.199,"basaliob":-0.203,"bolussnooze":0,"activity":-0.0019,"lastBolusTime":1703717591088,"time":"2023-12-28T02:33:09.161Z"}},{"iob":-0.101,"basaliob":-0.104,"bolussnooze":0,"activity":-0.0014,"lastBolusTime":1703717591088,"time":"2023-12-28T02:38:09.161Z","iobWithZeroTemp":{"iob":-0.207,"basaliob":-0.21,"bolussnooze":0,"activity":-0.002,"lastBolusTime":1703717591088,"time":"2023-12-28T02:38:09.161Z"}},{"iob":-0.094,"basaliob":-0.097,"bolussnooze":0,"activity":-0.0013,"lastBolusTime":1703717591088,"time":"2023-12-28T02:43:09.161Z","iobWithZeroTemp":{"iob":-0.213,"basaliob":-0.216,"bolussnooze":0,"activity":-0.002,"lastBolusTime":1703717591088,"time":"2023-12-28T02:43:09.161Z"}},{"iob":-0.088,"basaliob":-0.09,"bolussnooze":0,"activity":-0.0013,"lastBolusTime":1703717591088,"time":"2023-12-28T02:48:09.161Z","iobWithZeroTemp":{"iob":-0.219,"basaliob":-0.221,"bolussnooze":0,"activity":-0.0022,"lastBolusTime":1703717591088,"time":"2023-12-28T02:48:09.161Z"}},{"iob":-0.081,"basaliob":-0.083,"bolussnooze":0,"activity":-0.0012,"lastBolusTime":1703717591088,"time":"2023-12-28T02:53:09.161Z","iobWithZeroTemp":{"iob":-0.224,"basaliob":-0.226,"bolussnooze":0,"activity":-0.0022,"lastBolusTime":1703717591088,"time":"2023-12-28T02:53:09.161Z"}},{"iob":-0.075,"basaliob":-0.077,"bolussnooze":0,"activity":-0.0011,"lastBolusTime":1703717591088,"time":"2023-12-28T02:58:09.161Z","iobWithZeroTemp":{"iob":-0.229,"basaliob":-0.231,"bolussnooze":0,"activity":-0.0023,"lastBolusTime":1703717591088,"time":"2023-12-28T02:58:09.161Z"}},{"iob":-0.07,"basaliob":-0.071,"bolussnooze":0,"activity":-0.0012,"lastBolusTime":1703717591088,"time":"2023-12-28T03:03:09.161Z","iobWithZeroTemp":{"iob":-0.243,"basaliob":-0.244,"bolussnooze":0,"activity":-0.0025,"lastBolusTime":1703717591088,"time":"2023-12-28T03:03:09.161Z"}},{"iob":-0.064,"basaliob":-0.065,"bolussnooze":0,"activity":-0.0011,"lastBolusTime":1703717591088,"time":"2023-12-28T03:08:09.161Z","iobWithZeroTemp":{"iob":-0.255,"basaliob":-0.256,"bolussnooze":0,"activity":-0.0026,"lastBolusTime":1703717591088,"time":"2023-12-28T03:08:09.161Z"}},{"iob":-0.059,"basaliob":-0.06,"bolussnooze":0,"activity":-0.001,"lastBolusTime":1703717591088,"time":"2023-12-28T03:13:09.161Z","iobWithZeroTemp":{"iob":-0.267,"basaliob":-0.268,"bolussnooze":0,"activity":-0.0027,"lastBolusTime":1703717591088,"time":"2023-12-28T03:13:09.161Z"}},{"iob":-0.054,"basaliob":-0.055,"bolussnooze":0,"activity":-0.001,"lastBolusTime":1703717591088,"time":"2023-12-28T03:18:09.161Z","iobWithZeroTemp":{"iob":-0.278,"basaliob":-0.279,"bolussnooze":0,"activity":-0.0028,"lastBolusTime":1703717591088,"time":"2023-12-28T03:18:09.161Z"}},{"iob":-0.05,"basaliob":-0.051,"bolussnooze":0,"activity":-9.0E-4,"lastBolusTime":1703717591088,"time":"2023-12-28T03:23:09.161Z","iobWithZeroTemp":{"iob":-0.29,"basaliob":-0.291,"bolussnooze":0,"activity":-0.0029,"lastBolusTime":1703717591088,"time":"2023-12-28T03:23:09.161Z"}},{"iob":-0.045,"basaliob":-0.046,"bolussnooze":0,"activity":-8.0E-4,"lastBolusTime":1703717591088,"time":"2023-12-28T03:28:09.161Z","iobWithZeroTemp":{"iob":-0.299,"basaliob":-0.3,"bolussnooze":0,"activity":-0.003,"lastBolusTime":1703717591088,"time":"2023-12-28T03:28:09.161Z"}},{"iob":-0.042,"basaliob":-0.042,"bolussnooze":0,"activity":-8.0E-4,"lastBolusTime":1703717591088,"time":"2023-12-28T03:33:09.161Z","iobWithZeroTemp":{"iob":-0.31,"basaliob":-0.31,"bolussnooze":0,"activity":-0.0032,"lastBolusTime":1703717591088,"time":"2023-12-28T03:33:09.161Z"}},{"iob":-0.038,"basaliob":-0.038,"bolussnooze":0,"activity":-7.0E-4,"lastBolusTime":1703717591088,"time":"2023-12-28T03:38:09.161Z","iobWithZeroTemp":{"iob":-0.318,"basaliob":-0.318,"bolussnooze":0,"activity":-0.0032,"lastBolusTime":1703717591088,"time":"2023-12-28T03:38:09.161Z"}},{"iob":-0.035,"basaliob":-0.035,"bolussnooze":0,"activity":-7.0E-4,"lastBolusTime":1703717591088,"time":"2023-12-28T03:43:09.161Z","iobWithZeroTemp":{"iob":-0.327,"basaliob":-0.327,"bolussnooze":0,"activity":-0.0034,"lastBolusTime":1703717591088,"time":"2023-12-28T03:43:09.161Z"}},{"iob":-0.032,"basaliob":-0.032,"bolussnooze":0,"activity":-6.0E-4,"lastBolusTime":1703717591088,"time":"2023-12-28T03:48:09.161Z","iobWithZeroTemp":{"iob":-0.335,"basaliob":-0.335,"bolussnooze":0,"activity":-0.0035,"lastBolusTime":1703717591088,"time":"2023-12-28T03:48:09.161Z"}},{"iob":-0.029,"basaliob":-0.029,"bolussnooze":0,"activity":-6.0E-4,"lastBolusTime":1703717591088,"time":"2023-12-28T03:53:09.161Z","iobWithZeroTemp":{"iob":-0.343,"basaliob":-0.343,"bolussnooze":0,"activity":-0.0036,"lastBolusTime":1703717591088,"time":"2023-12-28T03:53:09.161Z"}},{"iob":-0.026,"basaliob":-0.026,"bolussnooze":0,"activity":-5.0E-4,"lastBolusTime":1703717591088,"time":"2023-12-28T03:58:09.161Z","iobWithZeroTemp":{"iob":-0.349,"basaliob":-0.349,"bolussnooze":0,"activity":-0.0037,"lastBolusTime":1703717591088,"time":"2023-12-28T03:58:09.161Z"}},{"iob":-0.024,"basaliob":-0.024,"bolussnooze":0,"activity":-5.0E-4,"lastBolusTime":1703717591088,"time":"2023-12-28T04:03:09.161Z","iobWithZeroTemp":{"iob":-0.356,"basaliob":-0.356,"bolussnooze":0,"activity":-0.0038,"lastBolusTime":1703717591088,"time":"2023-12-28T04:03:09.161Z"}},{"iob":-0.021,"basaliob":-0.021,"bolussnooze":0,"activity":-4.0E-4,"lastBolusTime":1703717591088,"time":"2023-12-28T04:08:09.161Z","iobWithZeroTemp":{"iob":-0.361,"basaliob":-0.361,"bolussnooze":0,"activity":-0.0038,"lastBolusTime":1703717591088,"time":"2023-12-28T04:08:09.161Z"}},{"iob":-0.019,"basaliob":-0.019,"bolussnooze":0,"activity":-4.0E-4,"lastBolusTime":1703717591088,"time":"2023-12-28T04:13:09.161Z","iobWithZeroTemp":{"iob":-0.367,"basaliob":-0.367,"bolussnooze":0,"activity":-0.004,"lastBolusTime":1703717591088,"time":"2023-12-28T04:13:09.161Z"}},{"iob":-0.017,"basaliob":-0.017,"bolussnooze":0,"activity":-4.0E-4,"lastBolusTime":1703717591088,"time":"2023-12-28T04:18:09.161Z","iobWithZeroTemp":{"iob":-0.372,"basaliob":-0.372,"bolussnooze":0,"activity":-0.0041,"lastBolusTime":1703717591088,"time":"2023-12-28T04:18:09.161Z"}},{"iob":-0.016,"basaliob":-0.016,"bolussnooze":0,"activity":-3.0E-4,"lastBolusTime":1703717591088,"time":"2023-12-28T04:23:09.161Z","iobWithZeroTemp":{"iob":-0.377,"basaliob":-0.377,"bolussnooze":0,"activity":-0.0041,"lastBolusTime":1703717591088,"time":"2023-12-28T04:23:09.161Z"}},{"iob":-0.014,"basaliob":-0.014,"bolussnooze":0,"activity":-3.0E-4,"lastBolusTime":1703717591088,"time":"2023-12-28T04:28:09.161Z","iobWithZeroTemp":{"iob":-0.381,"basaliob":-0.381,"bolussnooze":0,"activity":-0.0042,"lastBolusTime":1703717591088,"time":"2023-12-28T04:28:09.161Z"}},{"iob":-0.013,"basaliob":-0.013,"bolussnooze":0,"activity":-3.0E-4,"lastBolusTime":1703717591088,"time":"2023-12-28T04:33:09.161Z","iobWithZeroTemp":{"iob":-0.385,"basaliob":-0.385,"bolussnooze":0,"activity":-0.0043,"lastBolusTime":1703717591088,"time":"2023-12-28T04:33:09.161Z"}},{"iob":-0.011,"basaliob":-0.011,"bolussnooze":0,"activity":-3.0E-4,"lastBolusTime":1703717591088,"time":"2023-12-28T04:38:09.161Z","iobWithZeroTemp":{"iob":-0.388,"basaliob":-0.388,"bolussnooze":0,"activity":-0.0044,"lastBolusTime":1703717591088,"time":"2023-12-28T04:38:09.161Z"}},{"iob":-0.01,"basaliob":-0.01,"bolussnooze":0,"activity":-2.0E-4,"lastBolusTime":1703717591088,"time":"2023-12-28T04:43:09.161Z","iobWithZeroTemp":{"iob":-0.392,"basaliob":-0.392,"bolussnooze":0,"activity":-0.0044,"lastBolusTime":1703717591088,"time":"2023-12-28T04:43:09.161Z"}},{"iob":-0.009,"basaliob":-0.009,"bolussnooze":0,"activity":-2.0E-4,"lastBolusTime":1703717591088,"time":"2023-12-28T04:48:09.161Z","iobWithZeroTemp":{"iob":-0.395,"basaliob":-0.395,"bolussnooze":0,"activity":-0.0044,"lastBolusTime":1703717591088,"time":"2023-12-28T04:48:09.161Z"}},{"iob":-0.008,"basaliob":-0.008,"bolussnooze":0,"activity":-2.0E-4,"lastBolusTime":1703717591088,"time":"2023-12-28T04:53:09.161Z","iobWithZeroTemp":{"iob":-0.397,"basaliob":-0.397,"bolussnooze":0,"activity":-0.0045,"lastBolusTime":1703717591088,"time":"2023-12-28T04:53:09.161Z"}},{"iob":-0.007,"basaliob":-0.007,"bolussnooze":0,"activity":-2.0E-4,"lastBolusTime":0,"time":"2023-12-28T04:58:09.161Z","iobWithZeroTemp":{"iob":-0.4,"basaliob":-0.4,"bolussnooze":0,"activity":-0.0046,"lastBolusTime":0,"time":"2023-12-28T04:58:09.161Z"}},{"iob":-0.006,"basaliob":-0.006,"bolussnooze":0,"activity":-2.0E-4,"lastBolusTime":0,"time":"2023-12-28T05:03:09.161Z","iobWithZeroTemp":{"iob":-0.402,"basaliob":-0.402,"bolussnooze":0,"activity":-0.0046,"lastBolusTime":0,"time":"2023-12-28T05:03:09.161Z"}},{"iob":-0.006,"basaliob":-0.006,"bolussnooze":0,"activity":-1.0E-4,"lastBolusTime":0,"time":"2023-12-28T05:08:09.161Z","iobWithZeroTemp":{"iob":-0.405,"basaliob":-0.405,"bolussnooze":0,"activity":-0.0046,"lastBolusTime":0,"time":"2023-12-28T05:08:09.161Z"}},{"iob":-0.005,"basaliob":-0.005,"bolussnooze":0,"activity":-1.0E-4,"lastBolusTime":0,"time":"2023-12-28T05:13:09.161Z","iobWithZeroTemp":{"iob":-0.406,"basaliob":-0.406,"bolussnooze":0,"activity":-0.0046,"lastBolusTime":0,"time":"2023-12-28T05:13:09.161Z"}},{"iob":-0.004,"basaliob":-0.004,"bolussnooze":0,"activity":-1.0E-4,"lastBolusTime":0,"time":"2023-12-28T05:18:09.161Z","iobWithZeroTemp":{"iob":-0.407,"basaliob":-0.407,"bolussnooze":0,"activity":-0.0047,"lastBolusTime":0,"time":"2023-12-28T05:18:09.161Z"}},{"iob":-0.004,"basaliob":-0.004,"bolussnooze":0,"activity":-1.0E-4,"lastBolusTime":0,"time":"2023-12-28T05:23:09.161Z","iobWithZeroTemp":{"iob":-0.409,"basaliob":-0.409,"bolussnooze":0,"activity":-0.0047,"lastBolusTime":0,"time":"2023-12-28T05:23:09.161Z"}},{"iob":-0.003,"basaliob":-0.003,"bolussnooze":0,"activity":-1.0E-4,"lastBolusTime":0,"time":"2023-12-28T05:28:09.161Z","iobWithZeroTemp":{"iob":-0.41,"basaliob":-0.41,"bolussnooze":0,"activity":-0.0048,"lastBolusTime":0,"time":"2023-12-28T05:28:09.161Z"}},{"iob":-0.003,"basaliob":-0.003,"bolussnooze":0,"activity":-1.0E-4,"lastBolusTime":0,"time":"2023-12-28T05:33:09.161Z","iobWithZeroTemp":{"iob":-0.412,"basaliob":-0.412,"bolussnooze":0,"activity":-0.0048,"lastBolusTime":0,"time":"2023-12-28T05:33:09.161Z"}},{"iob":-0.002,"basaliob":-0.002,"bolussnooze":0,"activity":-1.0E-4,"lastBolusTime":0,"time":"2023-12-28T05:38:09.161Z","iobWithZeroTemp":{"iob":-0.412,"basaliob":-0.412,"bolussnooze":0,"activity":-0.0048,"lastBolusTime":0,"time":"2023-12-28T05:38:09.161Z"}},{"iob":-0.002,"basaliob":-0.002,"bolussnooze":0,"activity":-1.0E-4,"lastBolusTime":0,"time":"2023-12-28T05:43:09.161Z","iobWithZeroTemp":{"iob":-0.413,"basaliob":-0.413,"bolussnooze":0,"activity":-0.0049,"lastBolusTime":0,"time":"2023-12-28T05:43:09.161Z"}},{"iob":-0.002,"basaliob":-0.002,"bolussnooze":0,"activity":-1.0E-4,"lastBolusTime":0,"time":"2023-12-28T05:48:09.161Z","iobWithZeroTemp":{"iob":-0.415,"basaliob":-0.415,"bolussnooze":0,"activity":-0.0049,"lastBolusTime":0,"time":"2023-12-28T05:48:09.161Z"}},{"iob":-0.002,"basaliob":-0.002,"bolussnooze":0,"activity":0,"lastBolusTime":0,"time":"2023-12-28T05:53:09.161Z","iobWithZeroTemp":{"iob":-0.416,"basaliob":-0.416,"bolussnooze":0,"activity":-0.0048,"lastBolusTime":0,"time":"2023-12-28T05:53:09.161Z"}},{"iob":-0.001,"basaliob":-0.001,"bolussnooze":0,"activity":0,"lastBolusTime":0,"time":"2023-12-28T05:58:09.161Z","iobWithZeroTemp":{"iob":-0.416,"basaliob":-0.416,"bolussnooze":0,"activity":-0.0048,"lastBolusTime":0,"time":"2023-12-28T05:58:09.161Z"}}],"profile":{"max_iob":10,"type":"current","max_daily_basal":0.35,"max_basal":0.8,"min_bg":130,"max_bg":130,"target_bg":130,"carb_ratio":8.2,"sens":120,"max_daily_safety_multiplier":3,"current_basal_safety_multiplier":4,"lgsThreshold":95,"high_temptarget_raises_sensitivity":true,"low_temptarget_lowers_sensitivity":true,"sensitivity_raises_target":true,"resistance_lowers_target":true,"adv_target_adjustments":false,"exercise_mode":false,"half_basal_exercise_target":160,"maxCOB":120,"skip_neutral_temps":false,"remainingCarbsCap":90,"enableUAM":true,"A52_risk_enable":false,"SMBInterval":3,"enableSMB_with_COB":true,"enableSMB_with_temptarget":true,"allowSMB_with_high_temptarget":false,"enableSMB_always":false,"enableSMB_after_carbs":true,"maxSMBBasalMinutes":30,"maxUAMSMBBasalMinutes":45,"bolus_increment":0.05,"carbsReqThreshold":2,"current_basal":0.2,"temptargetSet":true,"autosens_max":1.3,"autosens_min":0.7,"variable_sens":205.3,"insulinDivisor":75,"TDD":11.382400898809523},"autosens_data":{"ratio":1.0233155236602967},"meal_data":{"carbs":0,"mealCOB":0,"slopeFromMaxDeviation":0,"slopeFromMinDeviation":0.39899999999999997,"lastBolusTime":1703717591088,"lastCarbTime":0},"microBolusAllowed":true,"currentTime":1703728990515,"flatBGsDetected":false,"tdd1D":17.627083333333335,"tdd7D":16.608595238095237,"tddLast24H":16.995833333333337,"tddLast4H":0.6458333333333334,"tddLast8to4H":1.7374999999999998},"output":{"temp":"absolute","bg":87,"tick":"+2","eventualBG":121,"targetBG":130,"insulinReq":0,"deliverAt":"2023-12-28T02:03:10.515Z","sensitivityRatio":0.67,"variable_sens":205.3,"predBGs":{"IOB":[87,89,91,92,94,96,98,99,101,102,103,105,106,107,108,109,109,110,111,112,112,113,113,114,114,115,115,115,116,116,116,116,117,117,117,117,117,118],"ZT":[87,88,90,91,93,94,96,98,100,101,103,106,108,110,112,114,117,119,122,124,127,130],"UAM":[87,89,90,92,93,95,96,98,99,100,101,102,103,105,106,106,107,108,109,110,110,111,111,112,112,113,113,113,114,114,114,114,115,115,115,115,115,116]},"reason":"COB: 0, Dev: 3, BGI: 1, ISF: 205, CR: 8.2, Target: 130, minPredBG 111, minGuardBG 89, IOBpredBG 118, UAMpredBG 116; IOB -0.149 < -0.07 and minDelta 2 > expectedDelta 2; Eventual BG 121 < 130, 65m@0.00 is a lot less than needed.  65m left and 0 ~ req 0U\/hr: no temp required","COB":0,"IOB":-0.149,"timestamp":"2023-12-28T02:03:10.546Z"}}