{"algorithm":"OpenAPSSMBDynamicISFPlugin","input":{"glucoseStatus":{"glucose":130,"noise":0,"delta":-4,"short_avgdelta":-4,"long_avgdelta":1.23,"date":1703838466000},"currenttemp":{"temp":"absolute","duration":115,"rate":0,"minutesrunning":5},"iob_data":[{"iob":1.136,"basaliob":-0.219,"bolussnooze":0.5208,"activity":0.0165,"lastBolusTime":1703835302548,"time":"2023-12-29T08:28:11.064Z","iobWithZeroTemp":{"iob":1.136,"basaliob":-0.219,"bolussnooze":0.5208,"activity":0.0165,"lastBolusTime":1703835302548,"time":"2023-12-29T08:28:11.064Z"}},{"iob":1.055,"basaliob":-0.211,"bolussnooze":0.4359,"activity":0.0158,"lastBolusTime":1703835302548,"time":"2023-12-29T08:33:11.064Z","iobWithZeroTemp":{"iob":1.038,"basaliob":-0.228,"bolussnooze":0.4359,"activity":0.0158,"lastBolusTime":1703835302548,"time":"2023-12-29T08:33:11.064Z"}},{"iob":0.978,"basaliob":-0.202,"bolussnooze":0.3624,"activity":0.015,"lastBolusTime":1703835302548,"time":"2023-12-29T08:38:11.064Z","iobWithZeroTemp":{"iob":0.941,"basaliob":-0.239,"bolussnooze":0.3624,"activity":0.0149,"lastBolusTime":1703835302548,"time":"2023-12-29T08:38:11.064Z"}},{"iob":0.905,"basaliob":-0.192,"bolussnooze":0.2994,"activity":0.0143,"lastBolusTime":1703835302548,"time":"2023-12-29T08:43:11.064Z","iobWithZeroTemp":{"iob":0.847,"basaliob":-0.25,"bolussnooze":0.2994,"activity":0.0141,"lastBolusTime":1703835302548,"time":"2023-12-29T08:43:11.064Z"}},{"iob":0.836,"basaliob":-0.182,"bolussnooze":0.2458,"activity":0.0135,"lastBolusTime":1703835302548,"time":"2023-12-29T08:48:11.064Z","iobWithZeroTemp":{"iob":0.759,"basaliob":-0.259,"bolussnooze":0.2458,"activity":0.0132,"lastBolusTime":1703835302548,"time":"2023-12-29T08:48:11.064Z"}},{"iob":0.77,"basaliob":-0.172,"bolussnooze":0.2005,"activity":0.0128,"lastBolusTime":1703835302548,"time":"2023-12-29T08:53:11.064Z","iobWithZeroTemp":{"iob":0.674,"basaliob":-0.268,"bolussnooze":0.2005,"activity":0.0124,"lastBolusTime":1703835302548,"time":"2023-12-29T08:53:11.064Z"}},{"iob":0.708,"basaliob":-0.162,"bolussnooze":0.1625,"activity":0.012,"lastBolusTime":1703835302548,"time":"2023-12-29T08:58:11.064Z","iobWithZeroTemp":{"iob":0.594,"basaliob":-0.276,"bolussnooze":0.1625,"activity":0.0114,"lastBolusTime":1703835302548,"time":"2023-12-29T08:58:11.064Z"}},{"iob":0.65,"basaliob":-0.152,"bolussnooze":0.1308,"activity":0.0112,"lastBolusTime":1703835302548,"time":"2023-12-29T09:03:11.064Z","iobWithZeroTemp":{"iob":0.522,"basaliob":-0.28,"bolussnooze":0.1308,"activity":0.0104,"lastBolusTime":1703835302548,"time":"2023-12-29T09:03:11.064Z"}},{"iob":0.596,"basaliob":-0.142,"bolussnooze":0.1046,"activity":0.0105,"lastBolusTime":1703835302548,"time":"2023-12-29T09:08:11.064Z","iobWithZeroTemp":{"iob":0.456,"basaliob":-0.282,"bolussnooze":0.1046,"activity":0.0096,"lastBolusTime":1703835302548,"time":"2023-12-29T09:08:11.064Z"}},{"iob":0.545,"basaliob":-0.133,"bolussnooze":0.083,"activity":0.0098,"lastBolusTime":1703835302548,"time":"2023-12-29T09:13:11.064Z","iobWithZeroTemp":{"iob":0.393,"basaliob":-0.285,"bolussnooze":0.083,"activity":0.0087,"lastBolusTime":1703835302548,"time":"2023-12-29T09:13:11.064Z"}},{"iob":0.498,"basaliob":-0.124,"bolussnooze":0.0653,"activity":0.0091,"lastBolusTime":1703835302548,"time":"2023-12-29T09:18:11.064Z","iobWithZeroTemp":{"iob":0.335,"basaliob":-0.287,"bolussnooze":0.0653,"activity":0.0079,"lastBolusTime":1703835302548,"time":"2023-12-29T09:18:11.064Z"}},{"iob":0.454,"basaliob":-0.115,"bolussnooze":0.0509,"activity":0.0085,"lastBolusTime":1703835302548,"time":"2023-12-29T09:23:11.064Z","iobWithZeroTemp":{"iob":0.281,"basaliob":-0.288,"bolussnooze":0.0509,"activity":0.0071,"lastBolusTime":1703835302548,"time":"2023-12-29T09:23:11.064Z"}},{"iob":0.414,"basaliob":-0.106,"bolussnooze":0.0393,"activity":0.0079,"lastBolusTime":1703835302548,"time":"2023-12-29T09:28:11.064Z","iobWithZeroTemp":{"iob":0.231,"basaliob":-0.289,"bolussnooze":0.0393,"activity":0.0064,"lastBolusTime":1703835302548,"time":"2023-12-29T09:28:11.064Z"}},{"iob":0.376,"basaliob":-0.098,"bolussnooze":0.03,"activity":0.0072,"lastBolusTime":1703835302548,"time":"2023-12-29T09:33:11.064Z","iobWithZeroTemp":{"iob":0.184,"basaliob":-0.29,"bolussnooze":0.03,"activity":0.0055,"lastBolusTime":1703835302548,"time":"2023-12-29T09:33:11.064Z"}},{"iob":0.341,"basaliob":-0.091,"bolussnooze":0.0226,"activity":0.0066,"lastBolusTime":1703835302548,"time":"2023-12-29T09:38:11.064Z","iobWithZeroTemp":{"iob":0.141,"basaliob":-0.291,"bolussnooze":0.0226,"activity":0.0048,"lastBolusTime":1703835302548,"time":"2023-12-29T09:38:11.064Z"}},{"iob":0.309,"basaliob":-0.084,"bolussnooze":0.0167,"activity":0.0061,"lastBolusTime":1703835302548,"time":"2023-12-29T09:43:11.064Z","iobWithZeroTemp":{"iob":0.102,"basaliob":-0.291,"bolussnooze":0.0167,"activity":0.0042,"lastBolusTime":1703835302548,"time":"2023-12-29T09:43:11.064Z"}},{"iob":0.28,"basaliob":-0.077,"bolussnooze":0.0122,"activity":0.0056,"lastBolusTime":1703835302548,"time":"2023-12-29T09:48:11.064Z","iobWithZeroTemp":{"iob":0.066,"basaliob":-0.291,"bolussnooze":0.0122,"activity":0.0036,"lastBolusTime":1703835302548,"time":"2023-12-29T09:48:11.064Z"}},{"iob":0.252,"basaliob":-0.071,"bolussnooze":0.0087,"activity":0.0052,"lastBolusTime":1703835302548,"time":"2023-12-29T09:53:11.064Z","iobWithZeroTemp":{"iob":0.032,"basaliob":-0.291,"bolussnooze":0.0087,"activity":0.0031,"lastBolusTime":1703835302548,"time":"2023-12-29T09:53:11.064Z"}},{"iob":0.228,"basaliob":-0.065,"bolussnooze":0.006,"activity":0.0048,"lastBolusTime":1703835302548,"time":"2023-12-29T09:58:11.064Z","iobWithZeroTemp":{"iob":0.002,"basaliob":-0.291,"bolussnooze":0.006,"activity":0.0026,"lastBolusTime":1703835302548,"time":"2023-12-29T09:58:11.064Z"}},{"iob":0.205,"basaliob":-0.059,"bolussnooze":0.004,"activity":0.0043,"lastBolusTime":1703835302548,"time":"2023-12-29T10:03:11.064Z","iobWithZeroTemp":{"iob":-0.027,"basaliob":-0.291,"bolussnooze":0.004,"activity":0.002,"lastBolusTime":1703835302548,"time":"2023-12-29T10:03:11.064Z"}},{"iob":0.185,"basaliob":-0.054,"bolussnooze":0.0025,"activity":0.0039,"lastBolusTime":1703835302548,"time":"2023-12-29T10:08:11.064Z","iobWithZeroTemp":{"iob":-0.051,"basaliob":-0.29,"bolussnooze":0.0025,"activity":0.0015,"lastBolusTime":1703835302548,"time":"2023-12-29T10:08:11.064Z"}},{"iob":0.166,"basaliob":-0.049,"bolussnooze":0.0015,"activity":0.0036,"lastBolusTime":1703835302548,"time":"2023-12-29T10:13:11.064Z","iobWithZeroTemp":{"iob":-0.075,"basaliob":-0.29,"bolussnooze":0.0015,"activity":0.0011,"lastBolusTime":1703835302548,"time":"2023-12-29T10:13:11.064Z"}},{"iob":0.148,"basaliob":-0.045,"bolussnooze":8.0E-4,"activity":0.0032,"lastBolusTime":1703835302548,"time":"2023-12-29T10:18:11.064Z","iobWithZeroTemp":{"iob":-0.097,"basaliob":-0.29,"bolussnooze":8.0E-4,"activity":6.0E-4,"lastBolusTime":1703835302548,"time":"2023-12-29T10:18:11.064Z"}},{"iob":0.133,"basaliob":-0.041,"bolussnooze":4.0E-4,"activity":0.003,"lastBolusTime":1703835302548,"time":"2023-12-29T10:23:11.064Z","iobWithZeroTemp":{"iob":-0.116,"basaliob":-0.29,"bolussnooze":4.0E-4,"activity":4.0E-4,"lastBolusTime":1703835302548,"time":"2023-12-29T10:23:11.064Z"}},{"iob":0.119,"basaliob":-0.037,"bolussnooze":1.0E-4,"activity":0.0027,"lastBolusTime":1703835302548,"time":"2023-12-29T10:28:11.064Z","iobWithZeroTemp":{"iob":-0.133,"basaliob":-0.289,"bolussnooze":1.0E-4,"activity":0,"lastBolusTime":1703835302548,"time":"2023-12-29T10:28:11.064Z"}},{"iob":0.106,"basaliob":-0.033,"bolussnooze":0,"activity":0.0024,"lastBolusTime":1703835302548,"time":"2023-12-29T10:33:11.064Z","iobWithZeroTemp":{"iob":-0.149,"basaliob":-0.288,"bolussnooze":0,"activity":-4.0E-4,"lastBolusTime":1703835302548,"time":"2023-12-29T10:33:11.064Z"}},{"iob":0.094,"basaliob":-0.03,"bolussnooze":0,"activity":0.0022,"lastBolusTime":1703835302548,"time":"2023-12-29T10:38:11.064Z","iobWithZeroTemp":{"iob":-0.164,"basaliob":-0.288,"bolussnooze":0,"activity":-6.0E-4,"lastBolusTime":1703835302548,"time":"2023-12-29T10:38:11.064Z"}},{"iob":0.084,"basaliob":-0.027,"bolussnooze":0,"activity":0.002,"lastBolusTime":1703835302548,"time":"2023-12-29T10:43:11.064Z","iobWithZeroTemp":{"iob":-0.176,"basaliob":-0.287,"bolussnooze":0,"activity":-9.0E-4,"lastBolusTime":1703835302548,"time":"2023-12-29T10:43:11.064Z"}},{"iob":0.074,"basaliob":-0.025,"bolussnooze":0,"activity":0.0018,"lastBolusTime":1703835302548,"time":"2023-12-29T10:48:11.064Z","iobWithZeroTemp":{"iob":-0.189,"basaliob":-0.288,"bolussnooze":0,"activity":-0.0011,"lastBolusTime":1703835302548,"time":"2023-12-29T10:48:11.064Z"}},{"iob":0.065,"basaliob":-0.022,"bolussnooze":0,"activity":0.0016,"lastBolusTime":1703835302548,"time":"2023-12-29T10:53:11.064Z","iobWithZeroTemp":{"iob":-0.2,"basaliob":-0.287,"bolussnooze":0,"activity":-0.0013,"lastBolusTime":1703835302548,"time":"2023-12-29T10:53:11.064Z"}},{"iob":0.058,"basaliob":-0.02,"bolussnooze":0,"activity":0.0015,"lastBolusTime":1703835302548,"time":"2023-12-29T10:58:11.064Z","iobWithZeroTemp":{"iob":-0.208,"basaliob":-0.286,"bolussnooze":0,"activity":-0.0015,"lastBolusTime":1703835302548,"time":"2023-12-29T10:58:11.064Z"}},{"iob":0.051,"basaliob":-0.018,"bolussnooze":0,"activity":0.0013,"lastBolusTime":1703835302548,"time":"2023-12-29T11:03:11.064Z","iobWithZeroTemp":{"iob":-0.225,"basaliob":-0.294,"bolussnooze":0,"activity":-0.0017,"lastBolusTime":1703835302548,"time":"2023-12-29T11:03:11.064Z"}},{"iob":0.044,"basaliob":-0.016,"bolussnooze":0,"activity":0.0011,"lastBolusTime":1703835302548,"time":"2023-12-29T11:08:11.064Z","iobWithZeroTemp":{"iob":-0.242,"basaliob":-0.302,"bolussnooze":0,"activity":-0.002,"lastBolusTime":1703835302548,"time":"2023-12-29T11:08:11.064Z"}},{"iob":0.039,"basaliob":-0.014,"bolussnooze":0,"activity":0.0011,"lastBolusTime":1703835302548,"time":"2023-12-29T11:13:11.064Z","iobWithZeroTemp":{"iob":-0.256,"basaliob":-0.309,"bolussnooze":0,"activity":-0.0021,"lastBolusTime":1703835302548,"time":"2023-12-29T11:13:11.064Z"}},{"iob":0.034,"basaliob":-0.013,"bolussnooze":0,"activity":9.0E-4,"lastBolusTime":1703835302548,"time":"2023-12-29T11:18:11.064Z","iobWithZeroTemp":{"iob":-0.27,"basaliob":-0.317,"bolussnooze":0,"activity":-0.0023,"lastBolusTime":1703835302548,"time":"2023-12-29T11:18:11.064Z"}},{"iob":0.03,"basaliob":-0.011,"bolussnooze":0,"activity":8.0E-4,"lastBolusTime":1703835302548,"time":"2023-12-29T11:23:11.064Z","iobWithZeroTemp":{"iob":-0.283,"basaliob":-0.324,"bolussnooze":0,"activity":-0.0025,"lastBolusTime":1703835302548,"time":"2023-12-29T11:23:11.064Z"}},{"iob":0.026,"basaliob":-0.01,"bolussnooze":0,"activity":8.0E-4,"lastBolusTime":1703835302548,"time":"2023-12-29T11:28:11.064Z","iobWithZeroTemp":{"iob":-0.295,"basaliob":-0.331,"bolussnooze":0,"activity":-0.0026,"lastBolusTime":1703835302548,"time":"2023-12-29T11:28:11.064Z"}},{"iob":0.022,"basaliob":-0.009,"bolussnooze":0,"activity":7.0E-4,"lastBolusTime":1703835302548,"time":"2023-12-29T11:33:11.064Z","iobWithZeroTemp":{"iob":-0.307,"basaliob":-0.338,"bolussnooze":0,"activity":-0.0028,"lastBolusTime":1703835302548,"time":"2023-12-29T11:33:11.064Z"}},{"iob":0.019,"basaliob":-0.008,"bolussnooze":0,"activity":6.0E-4,"lastBolusTime":1703835302548,"time":"2023-12-29T11:38:11.064Z","iobWithZeroTemp":{"iob":-0.317,"basaliob":-0.344,"bolussnooze":0,"activity":-0.003,"lastBolusTime":1703835302548,"time":"2023-12-29T11:38:11.064Z"}},{"iob":0.016,"basaliob":-0.007,"bolussnooze":0,"activity":5.0E-4,"lastBolusTime":1703835302548,"time":"2023-12-29T11:43:11.064Z","iobWithZeroTemp":{"iob":-0.327,"basaliob":-0.35,"bolussnooze":0,"activity":-0.0032,"lastBolusTime":1703835302548,"time":"2023-12-29T11:43:11.064Z"}},{"iob":0.014,"basaliob":-0.006,"bolussnooze":0,"activity":4.0E-4,"lastBolusTime":1703835302548,"time":"2023-12-29T11:48:11.064Z","iobWithZeroTemp":{"iob":-0.335,"basaliob":-0.355,"bolussnooze":0,"activity":-0.0034,"lastBolusTime":1703835302548,"time":"2023-12-29T11:48:11.064Z"}},{"iob":0.012,"basaliob":-0.005,"bolussnooze":0,"activity":4.0E-4,"lastBolusTime":1703835302548,"time":"2023-12-29T11:53:11.064Z","iobWithZeroTemp":{"iob":-0.343,"basaliob":-0.36,"bolussnooze":0,"activity":-0.0034,"lastBolusTime":1703835302548,"time":"2023-12-29T11:53:11.064Z"}},{"iob":0.01,"basaliob":-0.005,"bolussnooze":0,"activity":4.0E-4,"lastBolusTime":1703835302548,"time":"2023-12-29T11:58:11.064Z","iobWithZeroTemp":{"iob":-0.351,"basaliob":-0.366,"bolussnooze":0,"activity":-0.0035,"lastBolusTime":1703835302548,"time":"2023-12-29T11:58:11.064Z"}},{"iob":0.008,"basaliob":-0.004,"bolussnooze":0,"activity":3.0E-4,"lastBolusTime":1703835302548,"time":"2023-12-29T12:03:11.064Z","iobWithZeroTemp":{"iob":-0.358,"basaliob":-0.37,"bolussnooze":0,"activity":-0.0037,"lastBolusTime":1703835302548,"time":"2023-12-29T12:03:11.064Z"}},{"iob":0.006,"basaliob":-0.004,"bolussnooze":0,"activity":3.0E-4,"lastBolusTime":1703835302548,"time":"2023-12-29T12:08:11.064Z","iobWithZeroTemp":{"iob":-0.365,"basaliob":-0.375,"bolussnooze":0,"activity":-0.0038,"lastBolusTime":1703835302548,"time":"2023-12-29T12:08:11.064Z"}},{"iob":0.006,"basaliob":-0.003,"bolussnooze":0,"activity":2.0E-4,"lastBolusTime":1703835302548,"time":"2023-12-29T12:13:11.064Z","iobWithZeroTemp":{"iob":-0.37,"basaliob":-0.379,"bolussnooze":0,"activity":-0.0039,"lastBolusTime":1703835302548,"time":"2023-12-29T12:13:11.064Z"}},{"iob":0.004,"basaliob":-0.003,"bolussnooze":0,"activity":2.0E-4,"lastBolusTime":1703835302548,"time":"2023-12-29T12:18:11.064Z","iobWithZeroTemp":{"iob":-0.376,"basaliob":-0.383,"bolussnooze":0,"activity":-0.004,"lastBolusTime":1703835302548,"time":"2023-12-29T12:18:11.064Z"}},{"iob":0.004,"basaliob":-0.002,"bolussnooze":0,"activity":1.0E-4,"lastBolusTime":1703835302548,"time":"2023-12-29T12:23:11.064Z","iobWithZeroTemp":{"iob":-0.379,"basaliob":-0.385,"bolussnooze":0,"activity":-0.0042,"lastBolusTime":1703835302548,"time":"2023-12-29T12:23:11.064Z"}}],"profile":{"max_iob":10,"type":"current","max_daily_basal":0.35,"max_basal":1,"min_bg":90,"max_bg":90,"target_bg":90,"carb_ratio":8.5,"sens":110,"max_daily_safety_multiplier":3,"current_basal_safety_multiplier":4,"lgsThreshold":95,"high_temptarget_raises_sensitivity":true,"low_temptarget_lowers_sensitivity":true,"sensitivity_raises_target":true,"resistance_lowers_target":true,"adv_target_adjustments":false,"exercise_mode":false,"half_basal_exercise_target":160,"maxCOB":120,"skip_neutral_temps":false,"remainingCarbsCap":90,"enableUAM":true,"A52_risk_enable":false,"SMBInterval":3,"enableSMB_with_COB":true,"enableSMB_with_temptarget":true,"allowSMB_with_high_temptarget":false,"enableSMB_always":false,"enableSMB_after_carbs":true,"maxSMBBasalMinutes":45,"maxUAMSMBBasalMinutes":45,"bolus_increment":0.05,"carbsReqThreshold":2,"current_basal":0.25,"temptargetSet":true,"autosens_max":1.3,"autosens_min":0.7,"variable_sens":132.1,"insulinDivisor":75,"TDD":13.551790630952379},"autosens_data":{"ratio":0.9557539719975441},"meal_data":{"carbs":15,"mealCOB":7.693090909090909,"slopeFromMaxDeviation":-2.8866666666666663,"slopeFromMinDeviation":0.670909090909091,"lastBolusTime":1703835302548,"lastCarbTime":1703835301115},"microBolusAllowed":true,"currentTime":1703838492747,"flatBGsDetected":false,"tdd1D":13.99583333333333,"tdd7D":16.405023809523808,"tddLast24H":15.679166666666662,"tddLast4H":3.7249999999999996,"tddLast8to4H":0.9833333333333338},"output":{"temp":"absolute","bg":130,"tick":-4,"eventualBG":91,"targetBG":90,"insulinReq":0,"deliverAt":"2023-12-29T08:28:12.747Z","sensitivityRatio":1.2,"variable_sens":132.1,"predBGs":{"IOB":[130,125,120,115,110,104,97,91,84,76,68,59,49,39],"ZT":[130,119,108,97,86,74,62,50,39,39,39,39,39,39,39,39,39,39,39,39,39,39,39,39,39,39,39,39,39,39,39,39,39,39,39,39,39,39,39,39,39,39,39,39,39,39,39,39],"COB":[130,126,122,118,115,112,109,107,105,103,101,100,99,98,97,97,97,96,96,96,96,96,97,97,97,97,97,97,97,97,97,97,96,96,95,95,94,94,93,93,93,92,92,92,92,91],"UAM":[130,123,113,103,92,80,69,56,43,39,39,39,39]},"reason":"COB: 7.7, Dev: 41, BGI: -11, ISF: 132, CR: 8.5, Target: 90, minPredBG -27, minGuardBG -27, IOBpredBG 39, COBpredBG 91, UAMpredBG 39; minGuardBG -27<95 115m left and 0 ~ req 0U\/hr: no temp required","COB":7.693090909090909,"IOB":1.136,"timestamp":"2023-12-29T08:28:12.778Z"}}