{"algorithm":"OpenAPSSMBDynamicISFPlugin","input":{"glucoseStatus":{"glucose":158,"noise":0,"delta":4.11,"short_avgdelta":4.11,"long_avgdelta":4.54,"date":1703790765000},"currenttemp":{"temp":"absolute","duration":45,"rate":0,"minutesrunning":15},"iob_data":[{"iob":2.548,"basaliob":0.037,"bolussnooze":2.0522,"activity":0.0179,"lastBolusTime":1703789725280,"time":"2023-12-28T19:13:10.805Z","iobWithZeroTemp":{"iob":2.548,"basaliob":0.037,"bolussnooze":2.0522,"activity":0.0179,"lastBolusTime":1703789725280,"time":"2023-12-28T19:13:10.805Z"}},{"iob":2.452,"basaliob":0.032,"bolussnooze":1.8361,"activity":0.0201,"lastBolusTime":1703789725280,"time":"2023-12-28T19:18:10.805Z","iobWithZeroTemp":{"iob":2.429,"basaliob":0.009,"bolussnooze":1.8361,"activity":0.0201,"lastBolusTime":1703789725280,"time":"2023-12-28T19:18:10.805Z"}},{"iob":2.348,"basaliob":0.029,"bolussnooze":1.6202,"activity":0.0217,"lastBolusTime":1703789725280,"time":"2023-12-28T19:23:10.805Z","iobWithZeroTemp":{"iob":2.296,"basaliob":-0.023,"bolussnooze":1.6202,"activity":0.0216,"lastBolusTime":1703789725280,"time":"2023-12-28T19:23:10.805Z"}},{"iob":2.236,"basaliob":0.025,"bolussnooze":1.4131,"activity":0.0227,"lastBolusTime":1703789725280,"time":"2023-12-28T19:28:10.805Z","iobWithZeroTemp":{"iob":2.155,"basaliob":-0.056,"bolussnooze":1.4131,"activity":0.0225,"lastBolusTime":1703789725280,"time":"2023-12-28T19:28:10.805Z"}},{"iob":2.121,"basaliob":0.022,"bolussnooze":1.2203,"activity":0.0233,"lastBolusTime":1703789725280,"time":"2023-12-28T19:33:10.805Z","iobWithZeroTemp":{"iob":2.013,"basaliob":-0.086,"bolussnooze":1.2203,"activity":0.0229,"lastBolusTime":1703789725280,"time":"2023-12-28T19:33:10.805Z"}},{"iob":2.004,"basaliob":0.019,"bolussnooze":1.0446,"activity":0.0235,"lastBolusTime":1703789725280,"time":"2023-12-28T19:38:10.805Z","iobWithZeroTemp":{"iob":1.869,"basaliob":-0.116,"bolussnooze":1.0446,"activity":0.0229,"lastBolusTime":1703789725280,"time":"2023-12-28T19:38:10.805Z"}},{"iob":1.887,"basaliob":0.017,"bolussnooze":0.887,"activity":0.0234,"lastBolusTime":1703789725280,"time":"2023-12-28T19:43:10.805Z","iobWithZeroTemp":{"iob":1.727,"basaliob":-0.143,"bolussnooze":0.887,"activity":0.0226,"lastBolusTime":1703789725280,"time":"2023-12-28T19:43:10.805Z"}},{"iob":1.771,"basaliob":0.015,"bolussnooze":0.7478,"activity":0.023,"lastBolusTime":1703789725280,"time":"2023-12-28T19:48:10.805Z","iobWithZeroTemp":{"iob":1.586,"basaliob":-0.17,"bolussnooze":0.7478,"activity":0.0219,"lastBolusTime":1703789725280,"time":"2023-12-28T19:48:10.805Z"}},{"iob":1.657,"basaliob":0.013,"bolussnooze":0.6261,"activity":0.0225,"lastBolusTime":1703789725280,"time":"2023-12-28T19:53:10.805Z","iobWithZeroTemp":{"iob":1.449,"basaliob":-0.195,"bolussnooze":0.6261,"activity":0.0212,"lastBolusTime":1703789725280,"time":"2023-12-28T19:53:10.805Z"}},{"iob":1.546,"basaliob":0.011,"bolussnooze":0.5208,"activity":0.0218,"lastBolusTime":1703789725280,"time":"2023-12-28T19:58:10.805Z","iobWithZeroTemp":{"iob":1.316,"basaliob":-0.219,"bolussnooze":0.5208,"activity":0.0202,"lastBolusTime":1703789725280,"time":"2023-12-28T19:58:10.805Z"}},{"iob":1.439,"basaliob":0.01,"bolussnooze":0.4304,"activity":0.021,"lastBolusTime":1703789725280,"time":"2023-12-28T20:03:10.805Z","iobWithZeroTemp":{"iob":1.188,"basaliob":-0.241,"bolussnooze":0.4304,"activity":0.0192,"lastBolusTime":1703789725280,"time":"2023-12-28T20:03:10.805Z"}},{"iob":1.336,"basaliob":0.008,"bolussnooze":0.3535,"activity":0.0201,"lastBolusTime":1703789725280,"time":"2023-12-28T20:08:10.805Z","iobWithZeroTemp":{"iob":1.066,"basaliob":-0.262,"bolussnooze":0.3535,"activity":0.018,"lastBolusTime":1703789725280,"time":"2023-12-28T20:08:10.805Z"}},{"iob":1.238,"basaliob":0.007,"bolussnooze":0.2885,"activity":0.0191,"lastBolusTime":1703789725280,"time":"2023-12-28T20:13:10.805Z","iobWithZeroTemp":{"iob":0.949,"basaliob":-0.282,"bolussnooze":0.2885,"activity":0.0168,"lastBolusTime":1703789725280,"time":"2023-12-28T20:13:10.805Z"}},{"iob":1.144,"basaliob":0.006,"bolussnooze":0.234,"activity":0.0182,"lastBolusTime":1703789725280,"time":"2023-12-28T20:18:10.805Z","iobWithZeroTemp":{"iob":0.838,"basaliob":-0.3,"bolussnooze":0.234,"activity":0.0157,"lastBolusTime":1703789725280,"time":"2023-12-28T20:18:10.805Z"}},{"iob":1.056,"basaliob":0.005,"bolussnooze":0.1885,"activity":0.0172,"lastBolusTime":1703789725280,"time":"2023-12-28T20:23:10.805Z","iobWithZeroTemp":{"iob":0.734,"basaliob":-0.317,"bolussnooze":0.1885,"activity":0.0144,"lastBolusTime":1703789725280,"time":"2023-12-28T20:23:10.805Z"}},{"iob":0.972,"basaliob":0.004,"bolussnooze":0.1507,"activity":0.0163,"lastBolusTime":1703789725280,"time":"2023-12-28T20:28:10.805Z","iobWithZeroTemp":{"iob":0.636,"basaliob":-0.332,"bolussnooze":0.1507,"activity":0.0133,"lastBolusTime":1703789725280,"time":"2023-12-28T20:28:10.805Z"}},{"iob":0.894,"basaliob":0.004,"bolussnooze":0.1197,"activity":0.0152,"lastBolusTime":1703789725280,"time":"2023-12-28T20:33:10.805Z","iobWithZeroTemp":{"iob":0.544,"basaliob":-0.346,"bolussnooze":0.1197,"activity":0.012,"lastBolusTime":1703789725280,"time":"2023-12-28T20:33:10.805Z"}},{"iob":0.82,"basaliob":0.003,"bolussnooze":0.0942,"activity":0.0142,"lastBolusTime":1703789725280,"time":"2023-12-28T20:38:10.805Z","iobWithZeroTemp":{"iob":0.457,"basaliob":-0.36,"bolussnooze":0.0942,"activity":0.0108,"lastBolusTime":1703789725280,"time":"2023-12-28T20:38:10.805Z"}},{"iob":0.752,"basaliob":0.003,"bolussnooze":0.0735,"activity":0.0133,"lastBolusTime":1703789725280,"time":"2023-12-28T20:43:10.805Z","iobWithZeroTemp":{"iob":0.377,"basaliob":-0.372,"bolussnooze":0.0735,"activity":0.0097,"lastBolusTime":1703789725280,"time":"2023-12-28T20:43:10.805Z"}},{"iob":0.687,"basaliob":0.002,"bolussnooze":0.0568,"activity":0.0124,"lastBolusTime":1703789725280,"time":"2023-12-28T20:48:10.805Z","iobWithZeroTemp":{"iob":0.302,"basaliob":-0.383,"bolussnooze":0.0568,"activity":0.0086,"lastBolusTime":1703789725280,"time":"2023-12-28T20:48:10.805Z"}},{"iob":0.628,"basaliob":0.002,"bolussnooze":0.0434,"activity":0.0115,"lastBolusTime":1703789725280,"time":"2023-12-28T20:53:10.805Z","iobWithZeroTemp":{"iob":0.233,"basaliob":-0.393,"bolussnooze":0.0434,"activity":0.0076,"lastBolusTime":1703789725280,"time":"2023-12-28T20:53:10.805Z"}},{"iob":0.572,"basaliob":0.001,"bolussnooze":0.0327,"activity":0.0107,"lastBolusTime":1703789725280,"time":"2023-12-28T20:58:10.805Z","iobWithZeroTemp":{"iob":0.167,"basaliob":-0.404,"bolussnooze":0.0327,"activity":0.0066,"lastBolusTime":1703789725280,"time":"2023-12-28T20:58:10.805Z"}},{"iob":0.52,"basaliob":0.001,"bolussnooze":0.0243,"activity":0.0099,"lastBolusTime":1703789725280,"time":"2023-12-28T21:03:10.805Z","iobWithZeroTemp":{"iob":0.111,"basaliob":-0.408,"bolussnooze":0.0243,"activity":0.0057,"lastBolusTime":1703789725280,"time":"2023-12-28T21:03:10.805Z"}},{"iob":0.473,"basaliob":0.001,"bolussnooze":0.0177,"activity":0.0091,"lastBolusTime":1703789725280,"time":"2023-12-28T21:08:10.805Z","iobWithZeroTemp":{"iob":0.06,"basaliob":-0.412,"bolussnooze":0.0177,"activity":0.0048,"lastBolusTime":1703789725280,"time":"2023-12-28T21:08:10.805Z"}},{"iob":0.43,"basaliob":0.001,"bolussnooze":0.0126,"activity":0.0084,"lastBolusTime":1703789725280,"time":"2023-12-28T21:13:10.805Z","iobWithZeroTemp":{"iob":0.014,"basaliob":-0.415,"bolussnooze":0.0126,"activity":0.0039,"lastBolusTime":1703789725280,"time":"2023-12-28T21:13:10.805Z"}},{"iob":0.388,"basaliob":0,"bolussnooze":0.0087,"activity":0.0077,"lastBolusTime":1703789725280,"time":"2023-12-28T21:18:10.805Z","iobWithZeroTemp":{"iob":-0.03,"basaliob":-0.418,"bolussnooze":0.0087,"activity":0.0032,"lastBolusTime":1703789725280,"time":"2023-12-28T21:18:10.805Z"}},{"iob":0.351,"basaliob":0,"bolussnooze":0.0058,"activity":0.0071,"lastBolusTime":1703789725280,"time":"2023-12-28T21:23:10.805Z","iobWithZeroTemp":{"iob":-0.069,"basaliob":-0.42,"bolussnooze":0.0058,"activity":0.0025,"lastBolusTime":1703789725280,"time":"2023-12-28T21:23:10.805Z"}},{"iob":0.317,"basaliob":0,"bolussnooze":0.0037,"activity":0.0065,"lastBolusTime":1703789725280,"time":"2023-12-28T21:28:10.805Z","iobWithZeroTemp":{"iob":-0.105,"basaliob":-0.422,"bolussnooze":0.0037,"activity":0.0018,"lastBolusTime":1703789725280,"time":"2023-12-28T21:28:10.805Z"}},{"iob":0.286,"basaliob":0,"bolussnooze":0.0022,"activity":0.006,"lastBolusTime":1703789725280,"time":"2023-12-28T21:33:10.805Z","iobWithZeroTemp":{"iob":-0.137,"basaliob":-0.423,"bolussnooze":0.0022,"activity":0.0012,"lastBolusTime":1703789725280,"time":"2023-12-28T21:33:10.805Z"}},{"iob":0.258,"basaliob":0,"bolussnooze":0.0012,"activity":0.0054,"lastBolusTime":1703789725280,"time":"2023-12-28T21:38:10.805Z","iobWithZeroTemp":{"iob":-0.166,"basaliob":-0.424,"bolussnooze":0.0012,"activity":6.0E-4,"lastBolusTime":1703789725280,"time":"2023-12-28T21:38:10.805Z"}},{"iob":0.232,"basaliob":0,"bolussnooze":5.0E-4,"activity":0.005,"lastBolusTime":1703789725280,"time":"2023-12-28T21:43:10.805Z","iobWithZeroTemp":{"iob":-0.193,"basaliob":-0.425,"bolussnooze":5.0E-4,"activity":1.0E-4,"lastBolusTime":1703789725280,"time":"2023-12-28T21:43:10.805Z"}},{"iob":0.208,"basaliob":0,"bolussnooze":2.0E-4,"activity":0.0045,"lastBolusTime":1703789725280,"time":"2023-12-28T21:48:10.805Z","iobWithZeroTemp":{"iob":-0.218,"basaliob":-0.426,"bolussnooze":2.0E-4,"activity":-4.0E-4,"lastBolusTime":1703789725280,"time":"2023-12-28T21:48:10.805Z"}},{"iob":0.186,"basaliob":0,"bolussnooze":0,"activity":0.0041,"lastBolusTime":1703789725280,"time":"2023-12-28T21:53:10.805Z","iobWithZeroTemp":{"iob":-0.24,"basaliob":-0.426,"bolussnooze":0,"activity":-8.0E-4,"lastBolusTime":1703789725280,"time":"2023-12-28T21:53:10.805Z"}},{"iob":0.167,"basaliob":0,"bolussnooze":0,"activity":0.0038,"lastBolusTime":1703789725280,"time":"2023-12-28T21:58:10.805Z","iobWithZeroTemp":{"iob":-0.26,"basaliob":-0.427,"bolussnooze":0,"activity":-0.0012,"lastBolusTime":1703789725280,"time":"2023-12-28T21:58:10.805Z"}},{"iob":0.149,"basaliob":0,"bolussnooze":0,"activity":0.0034,"lastBolusTime":1703789725280,"time":"2023-12-28T22:03:10.805Z","iobWithZeroTemp":{"iob":-0.274,"basaliob":-0.423,"bolussnooze":0,"activity":-0.0016,"lastBolusTime":1703789725280,"time":"2023-12-28T22:03:10.805Z"}},{"iob":0.132,"basaliob":0,"bolussnooze":0,"activity":0.0031,"lastBolusTime":1703789725280,"time":"2023-12-28T22:08:10.805Z","iobWithZeroTemp":{"iob":-0.287,"basaliob":-0.419,"bolussnooze":0,"activity":-0.0019,"lastBolusTime":1703789725280,"time":"2023-12-28T22:08:10.805Z"}},{"iob":0.118,"basaliob":0,"bolussnooze":0,"activity":0.0028,"lastBolusTime":1703789725280,"time":"2023-12-28T22:13:10.805Z","iobWithZeroTemp":{"iob":-0.297,"basaliob":-0.415,"bolussnooze":0,"activity":-0.0022,"lastBolusTime":1703789725280,"time":"2023-12-28T22:13:10.805Z"}},{"iob":0.104,"basaliob":0,"bolussnooze":0,"activity":0.0025,"lastBolusTime":1703789725280,"time":"2023-12-28T22:18:10.805Z","iobWithZeroTemp":{"iob":-0.307,"basaliob":-0.411,"bolussnooze":0,"activity":-0.0025,"lastBolusTime":1703789725280,"time":"2023-12-28T22:18:10.805Z"}},{"iob":0.093,"basaliob":0,"bolussnooze":0,"activity":0.0023,"lastBolusTime":1703789725280,"time":"2023-12-28T22:23:10.805Z","iobWithZeroTemp":{"iob":-0.314,"basaliob":-0.407,"bolussnooze":0,"activity":-0.0026,"lastBolusTime":1703789725280,"time":"2023-12-28T22:23:10.805Z"}},{"iob":0.082,"basaliob":0,"bolussnooze":0,"activity":0.002,"lastBolusTime":1703789725280,"time":"2023-12-28T22:28:10.805Z","iobWithZeroTemp":{"iob":-0.321,"basaliob":-0.403,"bolussnooze":0,"activity":-0.0029,"lastBolusTime":1703789725280,"time":"2023-12-28T22:28:10.805Z"}},{"iob":0.072,"basaliob":0,"bolussnooze":0,"activity":0.0018,"lastBolusTime":1703789725280,"time":"2023-12-28T22:33:10.805Z","iobWithZeroTemp":{"iob":-0.328,"basaliob":-0.4,"bolussnooze":0,"activity":-0.0031,"lastBolusTime":1703789725280,"time":"2023-12-28T22:33:10.805Z"}},{"iob":0.063,"basaliob":0,"bolussnooze":0,"activity":0.0016,"lastBolusTime":1703789725280,"time":"2023-12-28T22:38:10.805Z","iobWithZeroTemp":{"iob":-0.333,"basaliob":-0.396,"bolussnooze":0,"activity":-0.0033,"lastBolusTime":1703789725280,"time":"2023-12-28T22:38:10.805Z"}},{"iob":0.056,"basaliob":0,"bolussnooze":0,"activity":0.0015,"lastBolusTime":1703789725280,"time":"2023-12-28T22:43:10.805Z","iobWithZeroTemp":{"iob":-0.337,"basaliob":-0.393,"bolussnooze":0,"activity":-0.0033,"lastBolusTime":1703789725280,"time":"2023-12-28T22:43:10.805Z"}},{"iob":0.049,"basaliob":0,"bolussnooze":0,"activity":0.0013,"lastBolusTime":1703789725280,"time":"2023-12-28T22:48:10.805Z","iobWithZeroTemp":{"iob":-0.341,"basaliob":-0.39,"bolussnooze":0,"activity":-0.0035,"lastBolusTime":1703789725280,"time":"2023-12-28T22:48:10.805Z"}},{"iob":0.042,"basaliob":0,"bolussnooze":0,"activity":0.0012,"lastBolusTime":1703789725280,"time":"2023-12-28T22:53:10.805Z","iobWithZeroTemp":{"iob":-0.345,"basaliob":-0.387,"bolussnooze":0,"activity":-0.0036,"lastBolusTime":1703789725280,"time":"2023-12-28T22:53:10.805Z"}},{"iob":0.037,"basaliob":0,"bolussnooze":0,"activity":0.001,"lastBolusTime":1703789725280,"time":"2023-12-28T22:58:10.805Z","iobWithZeroTemp":{"iob":-0.347,"basaliob":-0.384,"bolussnooze":0,"activity":-0.0037,"lastBolusTime":1703789725280,"time":"2023-12-28T22:58:10.805Z"}},{"iob":0.032,"basaliob":0,"bolussnooze":0,"activity":9.0E-4,"lastBolusTime":1703789725280,"time":"2023-12-28T23:03:10.805Z","iobWithZeroTemp":{"iob":-0.349,"basaliob":-0.381,"bolussnooze":0,"activity":-0.0038,"lastBolusTime":1703789725280,"time":"2023-12-28T23:03:10.805Z"}},{"iob":0.027,"basaliob":0,"bolussnooze":0,"activity":8.0E-4,"lastBolusTime":1703789725280,"time":"2023-12-28T23:08:10.805Z","iobWithZeroTemp":{"iob":-0.352,"basaliob":-0.379,"bolussnooze":0,"activity":-0.0039,"lastBolusTime":1703789725280,"time":"2023-12-28T23:08:10.805Z"}}],"profile":{"max_iob":10,"type":"current","max_daily_basal":0.35,"max_basal":1.05,"min_bg":75,"max_bg":75,"target_bg":75,"carb_ratio":8.5,"sens":110,"max_daily_safety_multiplier":3,"current_basal_safety_multiplier":4,"lgsThreshold":95,"high_temptarget_raises_sensitivity":true,"low_temptarget_lowers_sensitivity":true,"sensitivity_raises_target":true,"resistance_lowers_target":true,"adv_target_adjustments":false,"exercise_mode":false,"half_basal_exercise_target":160,"maxCOB":120,"skip_neutral_temps":false,"remainingCarbsCap":90,"enableUAM":true,"A52_risk_enable":false,"SMBInterval":3,"enableSMB_with_COB":true,"enableSMB_with_temptarget":true,"allowSMB_with_high_temptarget":false,"enableSMB_always":false,"enableSMB_after_carbs":true,"maxSMBBasalMinutes":45,"maxUAMSMBBasalMinutes":45,"bolus_increment":0.05,"carbsReqThreshold":2,"current_basal":0.35,"temptargetSet":true,"autosens_max":1.3,"autosens_min":0.7,"variable_sens":96.3,"insulinDivisor":75,"TDD":16.48960464880952},"autosens_data":{"ratio":0.8163443770508961},"meal_data":{"carbs":20,"mealCOB":17.16795454545455,"slopeFromMaxDeviation":0,"slopeFromMinDeviation":1.4769090909090907,"lastBolusTime":1703789725280,"lastCarbTime":1703789723443},"microBolusAllowed":true,"currentTime":1703790792420,"flatBGsDetected":false,"tdd1D":17.627083333333335,"tdd7D":16.608595238095237,"tddLast24H":13.558333333333335,"tddLast4H":3.516666666666666,"tddLast8to4H":5.154166666666668},"output":{"temp":"absolute","bg":158,"tick":"+4","eventualBG":100,"targetBG":75,"insulinReq":0,"deliverAt":"2023-12-28T19:13:12.420Z","sensitivityRatio":1.3,"variable_sens":96.3,"predBGs":{"IOB":[158,161,162,161,159,155,150,144,136,128,118,107,94,81,68,53,39],"ZT":[158,149,139,128,116,102,88,72,54,39,39,39,39,39,39,39,39,39,39,39,39,39,39,39,39,39,39,39,39,39,39,39,39,39,39,39,39,39,39,39,39,39,39,39,39,39,39,39],"COB":[158,162,164,165,165,164,163,162,160,158,156,154,152,150,149,147,145,143,142,140,139,137,136,134,132,131,129,127,125,123,120,118,116,114,112,110,109,107,106,105,104,103,103,102,101,101,100],"UAM":[158,162,164,165,165,164,163,161,159,156,153,150,147,144,140,137,133,129,125,121,117,113,108,103,99,94,88,83,79,74,70,66,62,58,54,51,48,45,42,39]},"reason":"COB: 17.2, Dev: 76, BGI: -9, ISF: 96, CR: 8.5, Target: 75, minPredBG 88, minGuardBG 88, IOBpredBG 39, COBpredBG 100, UAMpredBG 39; minGuardBG 88<95 45m left and 0 ~ req 0U\/hr: no temp required","COB":17.16795454545455,"IOB":2.548,"timestamp":"2023-12-28T19:13:12.451Z"}}