{"algorithm":"OpenAPSSMBDynamicISFPlugin","input":{"glucoseStatus":{"glucose":79,"noise":0,"delta":-3,"short_avgdelta":-3,"long_avgdelta":-4.63,"date":1703851066000},"currenttemp":{"temp":"absolute","duration":100,"rate":0,"minutesrunning":20},"iob_data":[{"iob":1.418,"basaliob":-0.23,"bolussnooze":0.5845,"activity":0.0202,"lastBolusTime":1703847798420,"time":"2023-12-29T11:58:13.204Z","iobWithZeroTemp":{"iob":1.418,"basaliob":-0.23,"bolussnooze":0.5845,"activity":0.0202,"lastBolusTime":1703847798420,"time":"2023-12-29T11:58:13.204Z"}},{"iob":1.319,"basaliob":-0.219,"bolussnooze":0.488,"activity":0.0195,"lastBolusTime":1703847798420,"time":"2023-12-29T12:03:13.204Z","iobWithZeroTemp":{"iob":1.299,"basaliob":-0.239,"bolussnooze":0.488,"activity":0.0195,"lastBolusTime":1703847798420,"time":"2023-12-29T12:03:13.204Z"}},{"iob":1.224,"basaliob":-0.209,"bolussnooze":0.4048,"activity":0.0186,"lastBolusTime":1703847798420,"time":"2023-12-29T12:08:13.204Z","iobWithZeroTemp":{"iob":1.179,"basaliob":-0.254,"bolussnooze":0.4048,"activity":0.0185,"lastBolusTime":1703847798420,"time":"2023-12-29T12:08:13.204Z"}},{"iob":1.133,"basaliob":-0.198,"bolussnooze":0.3337,"activity":0.0177,"lastBolusTime":1703847798420,"time":"2023-12-29T12:13:13.204Z","iobWithZeroTemp":{"iob":1.064,"basaliob":-0.267,"bolussnooze":0.3337,"activity":0.0175,"lastBolusTime":1703847798420,"time":"2023-12-29T12:13:13.204Z"}},{"iob":1.047,"basaliob":-0.186,"bolussnooze":0.2733,"activity":0.0168,"lastBolusTime":1703847798420,"time":"2023-12-29T12:18:13.204Z","iobWithZeroTemp":{"iob":0.954,"basaliob":-0.279,"bolussnooze":0.2733,"activity":0.0164,"lastBolusTime":1703847798420,"time":"2023-12-29T12:18:13.204Z"}},{"iob":0.966,"basaliob":-0.175,"bolussnooze":0.2225,"activity":0.0158,"lastBolusTime":1703847798420,"time":"2023-12-29T12:23:13.204Z","iobWithZeroTemp":{"iob":0.851,"basaliob":-0.29,"bolussnooze":0.2225,"activity":0.0153,"lastBolusTime":1703847798420,"time":"2023-12-29T12:23:13.204Z"}},{"iob":0.889,"basaliob":-0.164,"bolussnooze":0.1799,"activity":0.0149,"lastBolusTime":1703847798420,"time":"2023-12-29T12:28:13.204Z","iobWithZeroTemp":{"iob":0.752,"basaliob":-0.301,"bolussnooze":0.1799,"activity":0.0142,"lastBolusTime":1703847798420,"time":"2023-12-29T12:28:13.204Z"}},{"iob":0.817,"basaliob":-0.153,"bolussnooze":0.1445,"activity":0.014,"lastBolusTime":1703847798420,"time":"2023-12-29T12:33:13.204Z","iobWithZeroTemp":{"iob":0.659,"basaliob":-0.311,"bolussnooze":0.1445,"activity":0.0131,"lastBolusTime":1703847798420,"time":"2023-12-29T12:33:13.204Z"}},{"iob":0.749,"basaliob":-0.143,"bolussnooze":0.1152,"activity":0.013,"lastBolusTime":1703847798420,"time":"2023-12-29T12:38:13.204Z","iobWithZeroTemp":{"iob":0.571,"basaliob":-0.321,"bolussnooze":0.1152,"activity":0.0119,"lastBolusTime":1703847798420,"time":"2023-12-29T12:38:13.204Z"}},{"iob":0.686,"basaliob":-0.133,"bolussnooze":0.0911,"activity":0.0122,"lastBolusTime":1703847798420,"time":"2023-12-29T12:43:13.204Z","iobWithZeroTemp":{"iob":0.489,"basaliob":-0.33,"bolussnooze":0.0911,"activity":0.0109,"lastBolusTime":1703847798420,"time":"2023-12-29T12:43:13.204Z"}},{"iob":0.627,"basaliob":-0.123,"bolussnooze":0.0715,"activity":0.0113,"lastBolusTime":1703847798420,"time":"2023-12-29T12:48:13.204Z","iobWithZeroTemp":{"iob":0.412,"basaliob":-0.338,"bolussnooze":0.0715,"activity":0.0097,"lastBolusTime":1703847798420,"time":"2023-12-29T12:48:13.204Z"}},{"iob":0.573,"basaliob":-0.114,"bolussnooze":0.0555,"activity":0.0105,"lastBolusTime":1703847798420,"time":"2023-12-29T12:53:13.204Z","iobWithZeroTemp":{"iob":0.341,"basaliob":-0.346,"bolussnooze":0.0555,"activity":0.0087,"lastBolusTime":1703847798420,"time":"2023-12-29T12:53:13.204Z"}},{"iob":0.522,"basaliob":-0.105,"bolussnooze":0.0427,"activity":0.0098,"lastBolusTime":1703847798420,"time":"2023-12-29T12:58:13.204Z","iobWithZeroTemp":{"iob":0.275,"basaliob":-0.352,"bolussnooze":0.0427,"activity":0.0078,"lastBolusTime":1703847798420,"time":"2023-12-29T12:58:13.204Z"}},{"iob":0.475,"basaliob":-0.097,"bolussnooze":0.0324,"activity":0.009,"lastBolusTime":1703847798420,"time":"2023-12-29T13:03:13.204Z","iobWithZeroTemp":{"iob":0.213,"basaliob":-0.359,"bolussnooze":0.0324,"activity":0.0068,"lastBolusTime":1703847798420,"time":"2023-12-29T13:03:13.204Z"}},{"iob":0.432,"basaliob":-0.089,"bolussnooze":0.0243,"activity":0.0083,"lastBolusTime":1703847798420,"time":"2023-12-29T13:08:13.204Z","iobWithZeroTemp":{"iob":0.156,"basaliob":-0.365,"bolussnooze":0.0243,"activity":0.0059,"lastBolusTime":1703847798420,"time":"2023-12-29T13:08:13.204Z"}},{"iob":0.391,"basaliob":-0.082,"bolussnooze":0.0179,"activity":0.0077,"lastBolusTime":1703847798420,"time":"2023-12-29T13:13:13.204Z","iobWithZeroTemp":{"iob":0.103,"basaliob":-0.37,"bolussnooze":0.0179,"activity":0.0051,"lastBolusTime":1703847798420,"time":"2023-12-29T13:13:13.204Z"}},{"iob":0.355,"basaliob":-0.075,"bolussnooze":0.0129,"activity":0.0071,"lastBolusTime":1703847798420,"time":"2023-12-29T13:18:13.204Z","iobWithZeroTemp":{"iob":0.055,"basaliob":-0.375,"bolussnooze":0.0129,"activity":0.0044,"lastBolusTime":1703847798420,"time":"2023-12-29T13:18:13.204Z"}},{"iob":0.32,"basaliob":-0.069,"bolussnooze":0.0091,"activity":0.0065,"lastBolusTime":1703847798420,"time":"2023-12-29T13:23:13.204Z","iobWithZeroTemp":{"iob":0.009,"basaliob":-0.38,"bolussnooze":0.0091,"activity":0.0036,"lastBolusTime":1703847798420,"time":"2023-12-29T13:23:13.204Z"}},{"iob":0.289,"basaliob":-0.063,"bolussnooze":0.0062,"activity":0.006,"lastBolusTime":1703847798420,"time":"2023-12-29T13:28:13.204Z","iobWithZeroTemp":{"iob":-0.032,"basaliob":-0.384,"bolussnooze":0.0062,"activity":0.0029,"lastBolusTime":1703847798420,"time":"2023-12-29T13:28:13.204Z"}},{"iob":0.261,"basaliob":-0.057,"bolussnooze":0.0041,"activity":0.0054,"lastBolusTime":1703847798420,"time":"2023-12-29T13:33:13.204Z","iobWithZeroTemp":{"iob":-0.069,"basaliob":-0.387,"bolussnooze":0.0041,"activity":0.0022,"lastBolusTime":1703847798420,"time":"2023-12-29T13:33:13.204Z"}},{"iob":0.235,"basaliob":-0.052,"bolussnooze":0.0025,"activity":0.005,"lastBolusTime":1703847798420,"time":"2023-12-29T13:38:13.204Z","iobWithZeroTemp":{"iob":-0.104,"basaliob":-0.391,"bolussnooze":0.0025,"activity":0.0016,"lastBolusTime":1703847798420,"time":"2023-12-29T13:38:13.204Z"}},{"iob":0.212,"basaliob":-0.047,"bolussnooze":0.0015,"activity":0.0046,"lastBolusTime":1703847798420,"time":"2023-12-29T13:43:13.204Z","iobWithZeroTemp":{"iob":-0.135,"basaliob":-0.394,"bolussnooze":0.0015,"activity":0.0011,"lastBolusTime":1703847798420,"time":"2023-12-29T13:43:13.204Z"}},{"iob":0.19,"basaliob":-0.043,"bolussnooze":7.0E-4,"activity":0.0042,"lastBolusTime":1703847798420,"time":"2023-12-29T13:48:13.204Z","iobWithZeroTemp":{"iob":-0.164,"basaliob":-0.397,"bolussnooze":7.0E-4,"activity":6.0E-4,"lastBolusTime":1703847798420,"time":"2023-12-29T13:48:13.204Z"}},{"iob":0.17,"basaliob":-0.039,"bolussnooze":3.0E-4,"activity":0.0037,"lastBolusTime":1703847798420,"time":"2023-12-29T13:53:13.204Z","iobWithZeroTemp":{"iob":-0.191,"basaliob":-0.4,"bolussnooze":3.0E-4,"activity":0,"lastBolusTime":1703847798420,"time":"2023-12-29T13:53:13.204Z"}},{"iob":0.152,"basaliob":-0.035,"bolussnooze":1.0E-4,"activity":0.0034,"lastBolusTime":1703847798420,"time":"2023-12-29T13:58:13.204Z","iobWithZeroTemp":{"iob":-0.215,"basaliob":-0.402,"bolussnooze":1.0E-4,"activity":-5.0E-4,"lastBolusTime":1703847798420,"time":"2023-12-29T13:58:13.204Z"}},{"iob":0.135,"basaliob":-0.032,"bolussnooze":0,"activity":0.0032,"lastBolusTime":1703847798420,"time":"2023-12-29T14:03:13.204Z","iobWithZeroTemp":{"iob":-0.221,"basaliob":-0.388,"bolussnooze":0,"activity":-7.0E-4,"lastBolusTime":1703847798420,"time":"2023-12-29T14:03:13.204Z"}},{"iob":0.121,"basaliob":-0.029,"bolussnooze":0,"activity":0.0028,"lastBolusTime":1703847798420,"time":"2023-12-29T14:08:13.204Z","iobWithZeroTemp":{"iob":-0.223,"basaliob":-0.373,"bolussnooze":0,"activity":-0.0012,"lastBolusTime":1703847798420,"time":"2023-12-29T14:08:13.204Z"}},{"iob":0.107,"basaliob":-0.026,"bolussnooze":0,"activity":0.0026,"lastBolusTime":1703847798420,"time":"2023-12-29T14:13:13.204Z","iobWithZeroTemp":{"iob":-0.226,"basaliob":-0.359,"bolussnooze":0,"activity":-0.0014,"lastBolusTime":1703847798420,"time":"2023-12-29T14:13:13.204Z"}},{"iob":0.096,"basaliob":-0.023,"bolussnooze":0,"activity":0.0023,"lastBolusTime":1703847798420,"time":"2023-12-29T14:18:13.204Z","iobWithZeroTemp":{"iob":-0.225,"basaliob":-0.344,"bolussnooze":0,"activity":-0.0017,"lastBolusTime":1703847798420,"time":"2023-12-29T14:18:13.204Z"}},{"iob":0.084,"basaliob":-0.021,"bolussnooze":0,"activity":0.002,"lastBolusTime":1703847798420,"time":"2023-12-29T14:23:13.204Z","iobWithZeroTemp":{"iob":-0.226,"basaliob":-0.331,"bolussnooze":0,"activity":-0.0019,"lastBolusTime":1703847798420,"time":"2023-12-29T14:23:13.204Z"}},{"iob":0.074,"basaliob":-0.019,"bolussnooze":0,"activity":0.0019,"lastBolusTime":1703847798420,"time":"2023-12-29T14:28:13.204Z","iobWithZeroTemp":{"iob":-0.225,"basaliob":-0.318,"bolussnooze":0,"activity":-0.002,"lastBolusTime":1703847798420,"time":"2023-12-29T14:28:13.204Z"}},{"iob":0.065,"basaliob":-0.017,"bolussnooze":0,"activity":0.0017,"lastBolusTime":1703847798420,"time":"2023-12-29T14:33:13.204Z","iobWithZeroTemp":{"iob":-0.223,"basaliob":-0.305,"bolussnooze":0,"activity":-0.0021,"lastBolusTime":1703847798420,"time":"2023-12-29T14:33:13.204Z"}},{"iob":0.058,"basaliob":-0.015,"bolussnooze":0,"activity":0.0015,"lastBolusTime":1703847798420,"time":"2023-12-29T14:38:13.204Z","iobWithZeroTemp":{"iob":-0.22,"basaliob":-0.293,"bolussnooze":0,"activity":-0.0022,"lastBolusTime":1703847798420,"time":"2023-12-29T14:38:13.204Z"}},{"iob":0.051,"basaliob":-0.013,"bolussnooze":0,"activity":0.0014,"lastBolusTime":1703847798420,"time":"2023-12-29T14:43:13.204Z","iobWithZeroTemp":{"iob":-0.217,"basaliob":-0.281,"bolussnooze":0,"activity":-0.0022,"lastBolusTime":1703847798420,"time":"2023-12-29T14:43:13.204Z"}},{"iob":0.044,"basaliob":-0.012,"bolussnooze":0,"activity":0.0012,"lastBolusTime":1703847798420,"time":"2023-12-29T14:48:13.204Z","iobWithZeroTemp":{"iob":-0.215,"basaliob":-0.271,"bolussnooze":0,"activity":-0.0023,"lastBolusTime":1703847798420,"time":"2023-12-29T14:48:13.204Z"}},{"iob":0.038,"basaliob":-0.011,"bolussnooze":0,"activity":0.001,"lastBolusTime":1703847798420,"time":"2023-12-29T14:53:13.204Z","iobWithZeroTemp":{"iob":-0.212,"basaliob":-0.261,"bolussnooze":0,"activity":-0.0024,"lastBolusTime":1703847798420,"time":"2023-12-29T14:53:13.204Z"}},{"iob":0.034,"basaliob":-0.009,"bolussnooze":0,"activity":0.001,"lastBolusTime":1703847798420,"time":"2023-12-29T14:58:13.204Z","iobWithZeroTemp":{"iob":-0.207,"basaliob":-0.25,"bolussnooze":0,"activity":-0.0023,"lastBolusTime":1703847798420,"time":"2023-12-29T14:58:13.204Z"}},{"iob":0.029,"basaliob":-0.008,"bolussnooze":0,"activity":9.0E-4,"lastBolusTime":1703847798420,"time":"2023-12-29T15:03:13.204Z","iobWithZeroTemp":{"iob":-0.204,"basaliob":-0.241,"bolussnooze":0,"activity":-0.0023,"lastBolusTime":1703847798420,"time":"2023-12-29T15:03:13.204Z"}},{"iob":0.025,"basaliob":-0.007,"bolussnooze":0,"activity":7.0E-4,"lastBolusTime":1703847798420,"time":"2023-12-29T15:08:13.204Z","iobWithZeroTemp":{"iob":-0.201,"basaliob":-0.233,"bolussnooze":0,"activity":-0.0024,"lastBolusTime":1703847798420,"time":"2023-12-29T15:08:13.204Z"}},{"iob":0.021,"basaliob":-0.007,"bolussnooze":0,"activity":6.0E-4,"lastBolusTime":1703847798420,"time":"2023-12-29T15:13:13.204Z","iobWithZeroTemp":{"iob":-0.198,"basaliob":-0.226,"bolussnooze":0,"activity":-0.0024,"lastBolusTime":1703847798420,"time":"2023-12-29T15:13:13.204Z"}},{"iob":0.018,"basaliob":-0.006,"bolussnooze":0,"activity":6.0E-4,"lastBolusTime":1703847798420,"time":"2023-12-29T15:18:13.204Z","iobWithZeroTemp":{"iob":-0.194,"basaliob":-0.218,"bolussnooze":0,"activity":-0.0024,"lastBolusTime":1703847798420,"time":"2023-12-29T15:18:13.204Z"}},{"iob":0.015,"basaliob":-0.005,"bolussnooze":0,"activity":5.0E-4,"lastBolusTime":1703847798420,"time":"2023-12-29T15:23:13.204Z","iobWithZeroTemp":{"iob":-0.191,"basaliob":-0.211,"bolussnooze":0,"activity":-0.0024,"lastBolusTime":1703847798420,"time":"2023-12-29T15:23:13.204Z"}},{"iob":0.013,"basaliob":-0.004,"bolussnooze":0,"activity":5.0E-4,"lastBolusTime":1703847798420,"time":"2023-12-29T15:28:13.204Z","iobWithZeroTemp":{"iob":-0.187,"basaliob":-0.204,"bolussnooze":0,"activity":-0.0023,"lastBolusTime":1703847798420,"time":"2023-12-29T15:28:13.204Z"}},{"iob":0.011,"basaliob":-0.004,"bolussnooze":0,"activity":4.0E-4,"lastBolusTime":1703847798420,"time":"2023-12-29T15:33:13.204Z","iobWithZeroTemp":{"iob":-0.184,"basaliob":-0.199,"bolussnooze":0,"activity":-0.0023,"lastBolusTime":1703847798420,"time":"2023-12-29T15:33:13.204Z"}},{"iob":0.009,"basaliob":-0.003,"bolussnooze":0,"activity":3.0E-4,"lastBolusTime":1703847798420,"time":"2023-12-29T15:38:13.204Z","iobWithZeroTemp":{"iob":-0.181,"basaliob":-0.193,"bolussnooze":0,"activity":-0.0023,"lastBolusTime":1703847798420,"time":"2023-12-29T15:38:13.204Z"}},{"iob":0.007,"basaliob":-0.003,"bolussnooze":0,"activity":3.0E-4,"lastBolusTime":1703847798420,"time":"2023-12-29T15:43:13.204Z","iobWithZeroTemp":{"iob":-0.178,"basaliob":-0.188,"bolussnooze":0,"activity":-0.0022,"lastBolusTime":1703847798420,"time":"2023-12-29T15:43:13.204Z"}},{"iob":0.005,"basaliob":-0.003,"bolussnooze":0,"activity":2.0E-4,"lastBolusTime":1703847798420,"time":"2023-12-29T15:48:13.204Z","iobWithZeroTemp":{"iob":-0.176,"basaliob":-0.184,"bolussnooze":0,"activity":-0.0023,"lastBolusTime":1703847798420,"time":"2023-12-29T15:48:13.204Z"}},{"iob":0.005,"basaliob":-0.002,"bolussnooze":0,"activity":2.0E-4,"lastBolusTime":1703847798420,"time":"2023-12-29T15:53:13.204Z","iobWithZeroTemp":{"iob":-0.172,"basaliob":-0.179,"bolussnooze":0,"activity":-0.0022,"lastBolusTime":1703847798420,"time":"2023-12-29T15:53:13.204Z"}}],"profile":{"max_iob":10,"type":"current","max_daily_basal":0.35,"max_basal":1.05,"min_bg":130,"max_bg":130,"target_bg":130,"carb_ratio":8.5,"sens":110,"max_daily_safety_multiplier":3,"current_basal_safety_multiplier":4,"lgsThreshold":95,"high_temptarget_raises_sensitivity":true,"low_temptarget_lowers_sensitivity":true,"sensitivity_raises_target":true,"resistance_lowers_target":true,"adv_target_adjustments":false,"exercise_mode":false,"half_basal_exercise_target":160,"maxCOB":120,"skip_neutral_temps":false,"remainingCarbsCap":90,"enableUAM":true,"A52_risk_enable":false,"SMBInterval":3,"enableSMB_with_COB":true,"enableSMB_with_temptarget":true,"allowSMB_with_high_temptarget":false,"enableSMB_always":false,"enableSMB_after_carbs":true,"maxSMBBasalMinutes":45,"maxUAMSMBBasalMinutes":45,"bolus_increment":0.05,"carbsReqThreshold":2,"current_basal":0.3,"temptargetSet":true,"autosens_max":1.3,"autosens_min":0.7,"variable_sens":177.7,"insulinDivisor":75,"TDD":14.076325630952377},"autosens_data":{"ratio":0.9646435252847921},"meal_data":{"carbs":50,"mealCOB":22.561999999999983,"slopeFromMaxDeviation":0,"slopeFromMinDeviation":0.3448181818181818,"lastBolusTime":1703847798420,"lastCarbTime":1703847796675},"microBolusAllowed":true,"currentTime":1703851094910,"flatBGsDetected":false,"tdd1D":13.99583333333333,"tdd7D":16.405023809523808,"tddLast24H":15.824999999999996,"tddLast4H":2.941666666666667,"tddLast8to4H":3.8499999999999996},"output":{"temp":"absolute","bg":79,"tick":-3,"eventualBG":255,"targetBG":130,"insulinReq":0,"deliverAt":"2023-12-29T11:58:14.910Z","sensitivityRatio":0.67,"variable_sens":177.7,"predBGs":{"IOB":[79,75,69,62,54,42,39,39,39,39,39,39,39],"ZT":[79,61,40,39,39,39,39,39,39,39,39,39,39,39,39,39,39,39,39,39,39,39,39,39,39,39,39,39,39,39,39,39,39,39,39,39,39,39,39,39,39,39,39,39,39,39,39,39],"COB":[79,76,73,71,69,68,67,68,68,70,71,74,76,80,83,87,92,96,101,106,112,117,123,129,135,141,147,153,159,165,171,177,183,189,194,200,205,211,216,221,226,230,235,239,243,247,251,255],"UAM":[79,76,72,68,64,59,54,49,43,39,39,39,39]},"reason":"COB: 22.6, Dev: 90, BGI: -18, ISF: 178, CR: 8.5, Target: 130, minPredBG 97, minGuardBG 10, IOBpredBG 39, COBpredBG 255, UAMpredBG 39; 3 add'l carbs req w\/in 0m; minGuardBG 10<95","COB":22.561999999999983,"IOB":1.418,"carbsReq":3,"carbsReqWithin":0,"duration":120,"rate":0,"timestamp":"2023-12-29T11:58:14.942Z"}}