{"algorithm":"OpenAPSSMBDynamicISFPlugin","input":{"glucoseStatus":{"glucose":118,"noise":0,"delta":3.72,"short_avgdelta":3.72,"long_avgdelta":3.5,"date":1703780864000},"currenttemp":{"temp":"absolute","duration":20,"rate":0.35,"minutesrunning":10},"iob_data":[{"iob":0.315,"basaliob":-0.042,"bolussnooze":0,"activity":0.0023,"lastBolusTime":1703780593988,"time":"2023-12-28T16:28:10.021Z","iobWithZeroTemp":{"iob":0.315,"basaliob":-0.042,"bolussnooze":0,"activity":0.0023,"lastBolusTime":1703780593988,"time":"2023-12-28T16:28:10.021Z"}},{"iob":0.303,"basaliob":-0.035,"bolussnooze":0,"activity":0.0026,"lastBolusTime":1703780593988,"time":"2023-12-28T16:33:10.021Z","iobWithZeroTemp":{"iob":0.296,"basaliob":-0.042,"bolussnooze":0,"activity":0.0026,"lastBolusTime":1703780593988,"time":"2023-12-28T16:33:10.021Z"}},{"iob":0.289,"basaliob":-0.029,"bolussnooze":0,"activity":0.0028,"lastBolusTime":1703780593988,"time":"2023-12-28T16:38:10.021Z","iobWithZeroTemp":{"iob":0.274,"basaliob":-0.044,"bolussnooze":0,"activity":0.0028,"lastBolusTime":1703780593988,"time":"2023-12-28T16:38:10.021Z"}},{"iob":0.275,"basaliob":-0.024,"bolussnooze":0,"activity":0.0029,"lastBolusTime":1703780593988,"time":"2023-12-28T16:43:10.021Z","iobWithZeroTemp":{"iob":0.252,"basaliob":-0.047,"bolussnooze":0,"activity":0.0028,"lastBolusTime":1703780593988,"time":"2023-12-28T16:43:10.021Z"}},{"iob":0.261,"basaliob":-0.019,"bolussnooze":0,"activity":0.003,"lastBolusTime":1703780593988,"time":"2023-12-28T16:48:10.021Z","iobWithZeroTemp":{"iob":0.23,"basaliob":-0.05,"bolussnooze":0,"activity":0.0029,"lastBolusTime":1703780593988,"time":"2023-12-28T16:48:10.021Z"}},{"iob":0.246,"basaliob":-0.015,"bolussnooze":0,"activity":0.003,"lastBolusTime":1703780593988,"time":"2023-12-28T16:53:10.021Z","iobWithZeroTemp":{"iob":0.208,"basaliob":-0.053,"bolussnooze":0,"activity":0.0028,"lastBolusTime":1703780593988,"time":"2023-12-28T16:53:10.021Z"}},{"iob":0.231,"basaliob":-0.012,"bolussnooze":0,"activity":0.0029,"lastBolusTime":1703780593988,"time":"2023-12-28T16:58:10.021Z","iobWithZeroTemp":{"iob":0.185,"basaliob":-0.058,"bolussnooze":0,"activity":0.0027,"lastBolusTime":1703780593988,"time":"2023-12-28T16:58:10.021Z"}},{"iob":0.217,"basaliob":-0.009,"bolussnooze":0,"activity":0.0029,"lastBolusTime":1703780593988,"time":"2023-12-28T17:03:10.021Z","iobWithZeroTemp":{"iob":0.164,"basaliob":-0.062,"bolussnooze":0,"activity":0.0026,"lastBolusTime":1703780593988,"time":"2023-12-28T17:03:10.021Z"}},{"iob":0.202,"basaliob":-0.007,"bolussnooze":0,"activity":0.0028,"lastBolusTime":1703780593988,"time":"2023-12-28T17:08:10.021Z","iobWithZeroTemp":{"iob":0.143,"basaliob":-0.066,"bolussnooze":0,"activity":0.0024,"lastBolusTime":1703780593988,"time":"2023-12-28T17:08:10.021Z"}},{"iob":0.188,"basaliob":-0.005,"bolussnooze":0,"activity":0.0027,"lastBolusTime":1703780593988,"time":"2023-12-28T17:13:10.021Z","iobWithZeroTemp":{"iob":0.122,"basaliob":-0.071,"bolussnooze":0,"activity":0.0023,"lastBolusTime":1703780593988,"time":"2023-12-28T17:13:10.021Z"}},{"iob":0.175,"basaliob":-0.003,"bolussnooze":0,"activity":0.0026,"lastBolusTime":1703780593988,"time":"2023-12-28T17:18:10.021Z","iobWithZeroTemp":{"iob":0.103,"basaliob":-0.075,"bolussnooze":0,"activity":0.0021,"lastBolusTime":1703780593988,"time":"2023-12-28T17:18:10.021Z"}},{"iob":0.162,"basaliob":-0.002,"bolussnooze":0,"activity":0.0024,"lastBolusTime":1703780593988,"time":"2023-12-28T17:23:10.021Z","iobWithZeroTemp":{"iob":0.085,"basaliob":-0.079,"bolussnooze":0,"activity":0.0018,"lastBolusTime":1703780593988,"time":"2023-12-28T17:23:10.021Z"}},{"iob":0.15,"basaliob":-0.001,"bolussnooze":0,"activity":0.0024,"lastBolusTime":1703780593988,"time":"2023-12-28T17:28:10.021Z","iobWithZeroTemp":{"iob":0.068,"basaliob":-0.083,"bolussnooze":0,"activity":0.0017,"lastBolusTime":1703780593988,"time":"2023-12-28T17:28:10.021Z"}},{"iob":0.138,"basaliob":0,"bolussnooze":0,"activity":0.0022,"lastBolusTime":1703780593988,"time":"2023-12-28T17:33:10.021Z","iobWithZeroTemp":{"iob":0.051,"basaliob":-0.087,"bolussnooze":0,"activity":0.0015,"lastBolusTime":1703780593988,"time":"2023-12-28T17:33:10.021Z"}},{"iob":0.128,"basaliob":0.001,"bolussnooze":0,"activity":0.0021,"lastBolusTime":1703780593988,"time":"2023-12-28T17:38:10.021Z","iobWithZeroTemp":{"iob":0.036,"basaliob":-0.091,"bolussnooze":0,"activity":0.0013,"lastBolusTime":1703780593988,"time":"2023-12-28T17:38:10.021Z"}},{"iob":0.118,"basaliob":0.002,"bolussnooze":0,"activity":0.002,"lastBolusTime":1703780593988,"time":"2023-12-28T17:43:10.021Z","iobWithZeroTemp":{"iob":0.022,"basaliob":-0.094,"bolussnooze":0,"activity":0.0011,"lastBolusTime":1703780593988,"time":"2023-12-28T17:43:10.021Z"}},{"iob":0.108,"basaliob":0.002,"bolussnooze":0,"activity":0.0018,"lastBolusTime":1703780593988,"time":"2023-12-28T17:48:10.021Z","iobWithZeroTemp":{"iob":0.008,"basaliob":-0.098,"bolussnooze":0,"activity":9.0E-4,"lastBolusTime":1703780593988,"time":"2023-12-28T17:48:10.021Z"}},{"iob":0.1,"basaliob":0.003,"bolussnooze":0,"activity":0.0017,"lastBolusTime":1703780593988,"time":"2023-12-28T17:53:10.021Z","iobWithZeroTemp":{"iob":-0.004,"basaliob":-0.101,"bolussnooze":0,"activity":7.0E-4,"lastBolusTime":1703780593988,"time":"2023-12-28T17:53:10.021Z"}},{"iob":0.091,"basaliob":0.003,"bolussnooze":0,"activity":0.0017,"lastBolusTime":1703780593988,"time":"2023-12-28T17:58:10.021Z","iobWithZeroTemp":{"iob":-0.016,"basaliob":-0.104,"bolussnooze":0,"activity":7.0E-4,"lastBolusTime":1703780593988,"time":"2023-12-28T17:58:10.021Z"}},{"iob":0.083,"basaliob":0.003,"bolussnooze":0,"activity":0.0015,"lastBolusTime":1703780593988,"time":"2023-12-28T18:03:10.021Z","iobWithZeroTemp":{"iob":-0.027,"basaliob":-0.107,"bolussnooze":0,"activity":4.0E-4,"lastBolusTime":1703780593988,"time":"2023-12-28T18:03:10.021Z"}},{"iob":0.075,"basaliob":0.003,"bolussnooze":0,"activity":0.0014,"lastBolusTime":1703780593988,"time":"2023-12-28T18:08:10.021Z","iobWithZeroTemp":{"iob":-0.038,"basaliob":-0.11,"bolussnooze":0,"activity":3.0E-4,"lastBolusTime":1703780593988,"time":"2023-12-28T18:08:10.021Z"}},{"iob":0.069,"basaliob":0.003,"bolussnooze":0,"activity":0.0013,"lastBolusTime":1703780593988,"time":"2023-12-28T18:13:10.021Z","iobWithZeroTemp":{"iob":-0.047,"basaliob":-0.113,"bolussnooze":0,"activity":1.0E-4,"lastBolusTime":1703780593988,"time":"2023-12-28T18:13:10.021Z"}},{"iob":0.062,"basaliob":0.003,"bolussnooze":0,"activity":0.0012,"lastBolusTime":1703780593988,"time":"2023-12-28T18:18:10.021Z","iobWithZeroTemp":{"iob":-0.056,"basaliob":-0.115,"bolussnooze":0,"activity":0,"lastBolusTime":1703780593988,"time":"2023-12-28T18:18:10.021Z"}},{"iob":0.057,"basaliob":0.003,"bolussnooze":0,"activity":0.0011,"lastBolusTime":1703780593988,"time":"2023-12-28T18:23:10.021Z","iobWithZeroTemp":{"iob":-0.063,"basaliob":-0.117,"bolussnooze":0,"activity":-1.0E-4,"lastBolusTime":1703780593988,"time":"2023-12-28T18:23:10.021Z"}},{"iob":0.052,"basaliob":0.003,"bolussnooze":0,"activity":0.001,"lastBolusTime":1703780593988,"time":"2023-12-28T18:28:10.021Z","iobWithZeroTemp":{"iob":-0.07,"basaliob":-0.119,"bolussnooze":0,"activity":-3.0E-4,"lastBolusTime":1703780593988,"time":"2023-12-28T18:28:10.021Z"}},{"iob":0.047,"basaliob":0.003,"bolussnooze":0,"activity":9.0E-4,"lastBolusTime":1703780593988,"time":"2023-12-28T18:33:10.021Z","iobWithZeroTemp":{"iob":-0.077,"basaliob":-0.121,"bolussnooze":0,"activity":-4.0E-4,"lastBolusTime":1703780593988,"time":"2023-12-28T18:33:10.021Z"}},{"iob":0.042,"basaliob":0.003,"bolussnooze":0,"activity":8.0E-4,"lastBolusTime":1703780593988,"time":"2023-12-28T18:38:10.021Z","iobWithZeroTemp":{"iob":-0.084,"basaliob":-0.123,"bolussnooze":0,"activity":-5.0E-4,"lastBolusTime":1703780593988,"time":"2023-12-28T18:38:10.021Z"}},{"iob":0.038,"basaliob":0.003,"bolussnooze":0,"activity":8.0E-4,"lastBolusTime":1703780593988,"time":"2023-12-28T18:43:10.021Z","iobWithZeroTemp":{"iob":-0.089,"basaliob":-0.124,"bolussnooze":0,"activity":-6.0E-4,"lastBolusTime":1703780593988,"time":"2023-12-28T18:43:10.021Z"}},{"iob":0.035,"basaliob":0.003,"bolussnooze":0,"activity":7.0E-4,"lastBolusTime":1703780593988,"time":"2023-12-28T18:48:10.021Z","iobWithZeroTemp":{"iob":-0.094,"basaliob":-0.126,"bolussnooze":0,"activity":-7.0E-4,"lastBolusTime":1703780593988,"time":"2023-12-28T18:48:10.021Z"}},{"iob":0.032,"basaliob":0.003,"bolussnooze":0,"activity":6.0E-4,"lastBolusTime":1703780593988,"time":"2023-12-28T18:53:10.021Z","iobWithZeroTemp":{"iob":-0.098,"basaliob":-0.127,"bolussnooze":0,"activity":-8.0E-4,"lastBolusTime":1703780593988,"time":"2023-12-28T18:53:10.021Z"}},{"iob":0.029,"basaliob":0.003,"bolussnooze":0,"activity":6.0E-4,"lastBolusTime":1703780593988,"time":"2023-12-28T18:58:10.021Z","iobWithZeroTemp":{"iob":-0.102,"basaliob":-0.128,"bolussnooze":0,"activity":-9.0E-4,"lastBolusTime":1703780593988,"time":"2023-12-28T18:58:10.021Z"}},{"iob":0.025,"basaliob":0.002,"bolussnooze":0,"activity":5.0E-4,"lastBolusTime":1703780593988,"time":"2023-12-28T19:03:10.021Z","iobWithZeroTemp":{"iob":-0.128,"basaliob":-0.151,"bolussnooze":0,"activity":-0.001,"lastBolusTime":1703780593988,"time":"2023-12-28T19:03:10.021Z"}},{"iob":0.022,"basaliob":0.002,"bolussnooze":0,"activity":5.0E-4,"lastBolusTime":1703780593988,"time":"2023-12-28T19:08:10.021Z","iobWithZeroTemp":{"iob":-0.152,"basaliob":-0.172,"bolussnooze":0,"activity":-0.0011,"lastBolusTime":1703780593988,"time":"2023-12-28T19:08:10.021Z"}},{"iob":0.02,"basaliob":0.002,"bolussnooze":0,"activity":4.0E-4,"lastBolusTime":1703780593988,"time":"2023-12-28T19:13:10.021Z","iobWithZeroTemp":{"iob":-0.175,"basaliob":-0.193,"bolussnooze":0,"activity":-0.0013,"lastBolusTime":1703780593988,"time":"2023-12-28T19:13:10.021Z"}},{"iob":0.018,"basaliob":0.002,"bolussnooze":0,"activity":4.0E-4,"lastBolusTime":1703780593988,"time":"2023-12-28T19:18:10.021Z","iobWithZeroTemp":{"iob":-0.197,"basaliob":-0.213,"bolussnooze":0,"activity":-0.0014,"lastBolusTime":1703780593988,"time":"2023-12-28T19:18:10.021Z"}},{"iob":0.017,"basaliob":0.002,"bolussnooze":0,"activity":3.0E-4,"lastBolusTime":1703780593988,"time":"2023-12-28T19:23:10.021Z","iobWithZeroTemp":{"iob":-0.218,"basaliob":-0.233,"bolussnooze":0,"activity":-0.0017,"lastBolusTime":1703780593988,"time":"2023-12-28T19:23:10.021Z"}},{"iob":0.015,"basaliob":0.002,"bolussnooze":0,"activity":3.0E-4,"lastBolusTime":1703780593988,"time":"2023-12-28T19:28:10.021Z","iobWithZeroTemp":{"iob":-0.238,"basaliob":-0.251,"bolussnooze":0,"activity":-0.0019,"lastBolusTime":1703780593988,"time":"2023-12-28T19:28:10.021Z"}},{"iob":0.013,"basaliob":0.002,"bolussnooze":0,"activity":3.0E-4,"lastBolusTime":1703780593988,"time":"2023-12-28T19:33:10.021Z","iobWithZeroTemp":{"iob":-0.258,"basaliob":-0.269,"bolussnooze":0,"activity":-0.0021,"lastBolusTime":1703780593988,"time":"2023-12-28T19:33:10.021Z"}},{"iob":0.011,"basaliob":0.001,"bolussnooze":0,"activity":2.0E-4,"lastBolusTime":1703780593988,"time":"2023-12-28T19:38:10.021Z","iobWithZeroTemp":{"iob":-0.277,"basaliob":-0.287,"bolussnooze":0,"activity":-0.0023,"lastBolusTime":1703780593988,"time":"2023-12-28T19:38:10.021Z"}},{"iob":0.01,"basaliob":0.001,"bolussnooze":0,"activity":2.0E-4,"lastBolusTime":1703780593988,"time":"2023-12-28T19:43:10.021Z","iobWithZeroTemp":{"iob":-0.294,"basaliob":-0.303,"bolussnooze":0,"activity":-0.0025,"lastBolusTime":1703780593988,"time":"2023-12-28T19:43:10.021Z"}},{"iob":0.009,"basaliob":0.001,"bolussnooze":0,"activity":2.0E-4,"lastBolusTime":1703780593988,"time":"2023-12-28T19:48:10.021Z","iobWithZeroTemp":{"iob":-0.31,"basaliob":-0.318,"bolussnooze":0,"activity":-0.0027,"lastBolusTime":1703780593988,"time":"2023-12-28T19:48:10.021Z"}},{"iob":0.008,"basaliob":0.001,"bolussnooze":0,"activity":2.0E-4,"lastBolusTime":1703780593988,"time":"2023-12-28T19:53:10.021Z","iobWithZeroTemp":{"iob":-0.325,"basaliob":-0.332,"bolussnooze":0,"activity":-0.0029,"lastBolusTime":1703780593988,"time":"2023-12-28T19:53:10.021Z"}},{"iob":0.007,"basaliob":0.001,"bolussnooze":0,"activity":2.0E-4,"lastBolusTime":1703780593988,"time":"2023-12-28T19:58:10.021Z","iobWithZeroTemp":{"iob":-0.339,"basaliob":-0.345,"bolussnooze":0,"activity":-0.0031,"lastBolusTime":1703780593988,"time":"2023-12-28T19:58:10.021Z"}},{"iob":0.006,"basaliob":0.001,"bolussnooze":0,"activity":1.0E-4,"lastBolusTime":1703780593988,"time":"2023-12-28T20:03:10.021Z","iobWithZeroTemp":{"iob":-0.353,"basaliob":-0.358,"bolussnooze":0,"activity":-0.0034,"lastBolusTime":1703780593988,"time":"2023-12-28T20:03:10.021Z"}},{"iob":0.006,"basaliob":0.001,"bolussnooze":0,"activity":1.0E-4,"lastBolusTime":1703780593988,"time":"2023-12-28T20:08:10.021Z","iobWithZeroTemp":{"iob":-0.364,"basaliob":-0.369,"bolussnooze":0,"activity":-0.0035,"lastBolusTime":1703780593988,"time":"2023-12-28T20:08:10.021Z"}},{"iob":0.005,"basaliob":0.001,"bolussnooze":0,"activity":1.0E-4,"lastBolusTime":1703780593988,"time":"2023-12-28T20:13:10.021Z","iobWithZeroTemp":{"iob":-0.376,"basaliob":-0.38,"bolussnooze":0,"activity":-0.0037,"lastBolusTime":1703780593988,"time":"2023-12-28T20:13:10.021Z"}},{"iob":0.005,"basaliob":0.001,"bolussnooze":0,"activity":1.0E-4,"lastBolusTime":1703780593988,"time":"2023-12-28T20:18:10.021Z","iobWithZeroTemp":{"iob":-0.386,"basaliob":-0.39,"bolussnooze":0,"activity":-0.0038,"lastBolusTime":1703780593988,"time":"2023-12-28T20:18:10.021Z"}},{"iob":0.004,"basaliob":0.001,"bolussnooze":0,"activity":1.0E-4,"lastBolusTime":1703780593988,"time":"2023-12-28T20:23:10.021Z","iobWithZeroTemp":{"iob":-0.396,"basaliob":-0.399,"bolussnooze":0,"activity":-0.004,"lastBolusTime":1703780593988,"time":"2023-12-28T20:23:10.021Z"}}],"profile":{"max_iob":10,"type":"current","max_daily_basal":0.35,"max_basal":0.4,"min_bg":90,"max_bg":90,"target_bg":90,"carb_ratio":8.5,"sens":110,"max_daily_safety_multiplier":3,"current_basal_safety_multiplier":4,"lgsThreshold":95,"high_temptarget_raises_sensitivity":true,"low_temptarget_lowers_sensitivity":true,"sensitivity_raises_target":true,"resistance_lowers_target":true,"adv_target_adjustments":false,"exercise_mode":false,"half_basal_exercise_target":160,"maxCOB":120,"skip_neutral_temps":false,"remainingCarbsCap":90,"enableUAM":true,"A52_risk_enable":false,"SMBInterval":3,"enableSMB_with_COB":true,"enableSMB_with_temptarget":true,"allowSMB_with_high_temptarget":false,"enableSMB_always":false,"enableSMB_after_carbs":true,"maxSMBBasalMinutes":45,"maxUAMSMBBasalMinutes":45,"bolus_increment":0.05,"carbsReqThreshold":2,"current_basal":0.1,"temptargetSet":false,"autosens_max":1.3,"autosens_min":0.7,"variable_sens":133.4,"insulinDivisor":75,"TDD":14.273654648809524},"autosens_data":{"ratio":0.8143373841140774},"meal_data":{"carbs":10,"mealCOB":0,"slopeFromMaxDeviation":-0.2504999999999997,"slopeFromMinDeviation":0.7875,"lastBolusTime":1703780593988,"lastCarbTime":1703765896469},"microBolusAllowed":true,"currentTime":1703780891456,"flatBGsDetected":false,"tdd1D":17.627083333333335,"tdd7D":16.608595238095237,"tddLast24H":13.524999999999999,"tddLast4H":2.3249999999999997,"tddLast8to4H":3.545833333333333},"output":{"temp":"absolute","bg":118,"tick":"+4","eventualBG":130,"targetBG":97,"insulinReq":0.1,"deliverAt":"2023-12-28T16:28:11.456Z","sensitivityRatio":0.8143373841140774,"variable_sens":133.4,"predBGs":{"IOB":[118,121,124,126,128,129,130,130,130,130,129,128,126,125,123,122,121,119,118,117,116,115,114,114,113,112,111,111,110,110,109,109,109,108,108,108,108,107,107,107,107,107,107,106],"ZT":[118,116,115,113,111,109,107,105,103,101,100,98,97,95,94,93,92,92,91,91,90,90,90,90,90,90,91,91,92,92,93,93,94,95,96,97],"UAM":[118,122,125,127,130,132,134,135,137,138,139,140,141,141,141,141,141,141,141,140,139,138,137,137,136,135,135,134,134,133,133,133,132,132,132,132,131,131,131,131,131,131,131,130]},"reason":"COB: 0, Dev: 32, BGI: -2, ISF: 133, CR: 8.5, Target: 97, minPredBG 110, minGuardBG 122, IOBpredBG 106, UAMpredBG 130; Eventual BG 130 >= 97,  insulinReq 0.1; setting 30m low temp of 0.07U\/h. Microbolusing 0.05U. ","COB":0,"IOB":0.315,"units":0.05,"rate":0.07,"duration":30,"timestamp":"2023-12-28T16:28:11.488Z"}}