{"algorithm":"OpenAPSSMBDynamicISFPlugin","input":{"glucoseStatus":{"glucose":121,"noise":0,"delta":3.28,"short_avgdelta":3.28,"long_avgdelta":3.58,"date":1703781164000},"currenttemp":{"temp":"absolute","duration":25,"rate":0.05,"minutesrunning":5},"iob_data":[{"iob":0.349,"basaliob":-0.039,"bolussnooze":0,"activity":0.0027,"lastBolusTime":1703780895726,"time":"2023-12-28T16:33:09.613Z","iobWithZeroTemp":{"iob":0.349,"basaliob":-0.039,"bolussnooze":0,"activity":0.0027,"lastBolusTime":1703780895726,"time":"2023-12-28T16:33:09.613Z"}},{"iob":0.334,"basaliob":-0.033,"bolussnooze":0,"activity":0.003,"lastBolusTime":1703780895726,"time":"2023-12-28T16:38:09.613Z","iobWithZeroTemp":{"iob":0.327,"basaliob":-0.04,"bolussnooze":0,"activity":0.003,"lastBolusTime":1703780895726,"time":"2023-12-28T16:38:09.613Z"}},{"iob":0.319,"basaliob":-0.028,"bolussnooze":0,"activity":0.0031,"lastBolusTime":1703780895726,"time":"2023-12-28T16:43:09.613Z","iobWithZeroTemp":{"iob":0.304,"basaliob":-0.043,"bolussnooze":0,"activity":0.0031,"lastBolusTime":1703780895726,"time":"2023-12-28T16:43:09.613Z"}},{"iob":0.303,"basaliob":-0.023,"bolussnooze":0,"activity":0.0033,"lastBolusTime":1703780895726,"time":"2023-12-28T16:48:09.613Z","iobWithZeroTemp":{"iob":0.28,"basaliob":-0.046,"bolussnooze":0,"activity":0.0032,"lastBolusTime":1703780895726,"time":"2023-12-28T16:48:09.613Z"}},{"iob":0.286,"basaliob":-0.019,"bolussnooze":0,"activity":0.0033,"lastBolusTime":1703780895726,"time":"2023-12-28T16:53:09.613Z","iobWithZeroTemp":{"iob":0.255,"basaliob":-0.05,"bolussnooze":0,"activity":0.0032,"lastBolusTime":1703780895726,"time":"2023-12-28T16:53:09.613Z"}},{"iob":0.269,"basaliob":-0.016,"bolussnooze":0,"activity":0.0033,"lastBolusTime":1703780895726,"time":"2023-12-28T16:58:09.613Z","iobWithZeroTemp":{"iob":0.231,"basaliob":-0.054,"bolussnooze":0,"activity":0.0031,"lastBolusTime":1703780895726,"time":"2023-12-28T16:58:09.613Z"}},{"iob":0.253,"basaliob":-0.013,"bolussnooze":0,"activity":0.0032,"lastBolusTime":1703780895726,"time":"2023-12-28T17:03:09.613Z","iobWithZeroTemp":{"iob":0.207,"basaliob":-0.059,"bolussnooze":0,"activity":0.003,"lastBolusTime":1703780895726,"time":"2023-12-28T17:03:09.613Z"}},{"iob":0.237,"basaliob":-0.01,"bolussnooze":0,"activity":0.0032,"lastBolusTime":1703780895726,"time":"2023-12-28T17:08:09.613Z","iobWithZeroTemp":{"iob":0.184,"basaliob":-0.063,"bolussnooze":0,"activity":0.0029,"lastBolusTime":1703780895726,"time":"2023-12-28T17:08:09.613Z"}},{"iob":0.221,"basaliob":-0.008,"bolussnooze":0,"activity":0.0031,"lastBolusTime":1703780895726,"time":"2023-12-28T17:13:09.613Z","iobWithZeroTemp":{"iob":0.162,"basaliob":-0.067,"bolussnooze":0,"activity":0.0027,"lastBolusTime":1703780895726,"time":"2023-12-28T17:13:09.613Z"}},{"iob":0.206,"basaliob":-0.006,"bolussnooze":0,"activity":0.003,"lastBolusTime":1703780895726,"time":"2023-12-28T17:18:09.613Z","iobWithZeroTemp":{"iob":0.14,"basaliob":-0.072,"bolussnooze":0,"activity":0.0026,"lastBolusTime":1703780895726,"time":"2023-12-28T17:18:09.613Z"}},{"iob":0.191,"basaliob":-0.005,"bolussnooze":0,"activity":0.0029,"lastBolusTime":1703780895726,"time":"2023-12-28T17:23:09.613Z","iobWithZeroTemp":{"iob":0.119,"basaliob":-0.077,"bolussnooze":0,"activity":0.0024,"lastBolusTime":1703780895726,"time":"2023-12-28T17:23:09.613Z"}},{"iob":0.178,"basaliob":-0.003,"bolussnooze":0,"activity":0.0028,"lastBolusTime":1703780895726,"time":"2023-12-28T17:28:09.613Z","iobWithZeroTemp":{"iob":0.101,"basaliob":-0.08,"bolussnooze":0,"activity":0.0022,"lastBolusTime":1703780895726,"time":"2023-12-28T17:28:09.613Z"}},{"iob":0.164,"basaliob":-0.002,"bolussnooze":0,"activity":0.0026,"lastBolusTime":1703780895726,"time":"2023-12-28T17:33:09.613Z","iobWithZeroTemp":{"iob":0.082,"basaliob":-0.084,"bolussnooze":0,"activity":0.0019,"lastBolusTime":1703780895726,"time":"2023-12-28T17:33:09.613Z"}},{"iob":0.152,"basaliob":-0.001,"bolussnooze":0,"activity":0.0024,"lastBolusTime":1703780895726,"time":"2023-12-28T17:38:09.613Z","iobWithZeroTemp":{"iob":0.065,"basaliob":-0.088,"bolussnooze":0,"activity":0.0017,"lastBolusTime":1703780895726,"time":"2023-12-28T17:38:09.613Z"}},{"iob":0.14,"basaliob":0,"bolussnooze":0,"activity":0.0024,"lastBolusTime":1703780895726,"time":"2023-12-28T17:43:09.613Z","iobWithZeroTemp":{"iob":0.048,"basaliob":-0.092,"bolussnooze":0,"activity":0.0016,"lastBolusTime":1703780895726,"time":"2023-12-28T17:43:09.613Z"}},{"iob":0.128,"basaliob":0,"bolussnooze":0,"activity":0.0022,"lastBolusTime":1703780895726,"time":"2023-12-28T17:48:09.613Z","iobWithZeroTemp":{"iob":0.032,"basaliob":-0.096,"bolussnooze":0,"activity":0.0013,"lastBolusTime":1703780895726,"time":"2023-12-28T17:48:09.613Z"}},{"iob":0.118,"basaliob":0.001,"bolussnooze":0,"activity":0.002,"lastBolusTime":1703780895726,"time":"2023-12-28T17:53:09.613Z","iobWithZeroTemp":{"iob":0.018,"basaliob":-0.099,"bolussnooze":0,"activity":0.0011,"lastBolusTime":1703780895726,"time":"2023-12-28T17:53:09.613Z"}},{"iob":0.108,"basaliob":0.001,"bolussnooze":0,"activity":0.0019,"lastBolusTime":1703780895726,"time":"2023-12-28T17:58:09.613Z","iobWithZeroTemp":{"iob":0.004,"basaliob":-0.103,"bolussnooze":0,"activity":9.0E-4,"lastBolusTime":1703780895726,"time":"2023-12-28T17:58:09.613Z"}},{"iob":0.099,"basaliob":0.002,"bolussnooze":0,"activity":0.0017,"lastBolusTime":1703780895726,"time":"2023-12-28T18:03:09.613Z","iobWithZeroTemp":{"iob":-0.008,"basaliob":-0.105,"bolussnooze":0,"activity":7.0E-4,"lastBolusTime":1703780895726,"time":"2023-12-28T18:03:09.613Z"}},{"iob":0.091,"basaliob":0.002,"bolussnooze":0,"activity":0.0017,"lastBolusTime":1703780895726,"time":"2023-12-28T18:08:09.613Z","iobWithZeroTemp":{"iob":-0.019,"basaliob":-0.108,"bolussnooze":0,"activity":6.0E-4,"lastBolusTime":1703780895726,"time":"2023-12-28T18:08:09.613Z"}},{"iob":0.083,"basaliob":0.002,"bolussnooze":0,"activity":0.0016,"lastBolusTime":1703780895726,"time":"2023-12-28T18:13:09.613Z","iobWithZeroTemp":{"iob":-0.03,"basaliob":-0.111,"bolussnooze":0,"activity":5.0E-4,"lastBolusTime":1703780895726,"time":"2023-12-28T18:13:09.613Z"}},{"iob":0.075,"basaliob":0.002,"bolussnooze":0,"activity":0.0014,"lastBolusTime":1703780895726,"time":"2023-12-28T18:18:09.613Z","iobWithZeroTemp":{"iob":-0.041,"basaliob":-0.114,"bolussnooze":0,"activity":2.0E-4,"lastBolusTime":1703780895726,"time":"2023-12-28T18:18:09.613Z"}},{"iob":0.068,"basaliob":0.002,"bolussnooze":0,"activity":0.0013,"lastBolusTime":1703780895726,"time":"2023-12-28T18:23:09.613Z","iobWithZeroTemp":{"iob":-0.05,"basaliob":-0.116,"bolussnooze":0,"activity":1.0E-4,"lastBolusTime":1703780895726,"time":"2023-12-28T18:23:09.613Z"}},{"iob":0.062,"basaliob":0.002,"bolussnooze":0,"activity":0.0012,"lastBolusTime":1703780895726,"time":"2023-12-28T18:28:09.613Z","iobWithZeroTemp":{"iob":-0.058,"basaliob":-0.118,"bolussnooze":0,"activity":0,"lastBolusTime":1703780895726,"time":"2023-12-28T18:28:09.613Z"}},{"iob":0.056,"basaliob":0.002,"bolussnooze":0,"activity":0.0011,"lastBolusTime":1703780895726,"time":"2023-12-28T18:33:09.613Z","iobWithZeroTemp":{"iob":-0.066,"basaliob":-0.12,"bolussnooze":0,"activity":-2.0E-4,"lastBolusTime":1703780895726,"time":"2023-12-28T18:33:09.613Z"}},{"iob":0.051,"basaliob":0.002,"bolussnooze":0,"activity":0.001,"lastBolusTime":1703780895726,"time":"2023-12-28T18:38:09.613Z","iobWithZeroTemp":{"iob":-0.073,"basaliob":-0.122,"bolussnooze":0,"activity":-3.0E-4,"lastBolusTime":1703780895726,"time":"2023-12-28T18:38:09.613Z"}},{"iob":0.046,"basaliob":0.002,"bolussnooze":0,"activity":9.0E-4,"lastBolusTime":1703780895726,"time":"2023-12-28T18:43:09.613Z","iobWithZeroTemp":{"iob":-0.08,"basaliob":-0.124,"bolussnooze":0,"activity":-4.0E-4,"lastBolusTime":1703780895726,"time":"2023-12-28T18:43:09.613Z"}},{"iob":0.042,"basaliob":0.002,"bolussnooze":0,"activity":8.0E-4,"lastBolusTime":1703780895726,"time":"2023-12-28T18:48:09.613Z","iobWithZeroTemp":{"iob":-0.085,"basaliob":-0.125,"bolussnooze":0,"activity":-6.0E-4,"lastBolusTime":1703780895726,"time":"2023-12-28T18:48:09.613Z"}},{"iob":0.038,"basaliob":0.002,"bolussnooze":0,"activity":8.0E-4,"lastBolusTime":1703780895726,"time":"2023-12-28T18:53:09.613Z","iobWithZeroTemp":{"iob":-0.091,"basaliob":-0.127,"bolussnooze":0,"activity":-6.0E-4,"lastBolusTime":1703780895726,"time":"2023-12-28T18:53:09.613Z"}},{"iob":0.034,"basaliob":0.002,"bolussnooze":0,"activity":7.0E-4,"lastBolusTime":1703780895726,"time":"2023-12-28T18:58:09.613Z","iobWithZeroTemp":{"iob":-0.096,"basaliob":-0.128,"bolussnooze":0,"activity":-7.0E-4,"lastBolusTime":1703780895726,"time":"2023-12-28T18:58:09.613Z"}},{"iob":0.031,"basaliob":0.002,"bolussnooze":0,"activity":6.0E-4,"lastBolusTime":1703780895726,"time":"2023-12-28T19:03:09.613Z","iobWithZeroTemp":{"iob":-0.121,"basaliob":-0.15,"bolussnooze":0,"activity":-9.0E-4,"lastBolusTime":1703780895726,"time":"2023-12-28T19:03:09.613Z"}},{"iob":0.028,"basaliob":0.002,"bolussnooze":0,"activity":6.0E-4,"lastBolusTime":1703780895726,"time":"2023-12-28T19:08:09.613Z","iobWithZeroTemp":{"iob":-0.145,"basaliob":-0.171,"bolussnooze":0,"activity":-0.001,"lastBolusTime":1703780895726,"time":"2023-12-28T19:08:09.613Z"}},{"iob":0.025,"basaliob":0.002,"bolussnooze":0,"activity":5.0E-4,"lastBolusTime":1703780895726,"time":"2023-12-28T19:13:09.613Z","iobWithZeroTemp":{"iob":-0.169,"basaliob":-0.192,"bolussnooze":0,"activity":-0.0012,"lastBolusTime":1703780895726,"time":"2023-12-28T19:13:09.613Z"}},{"iob":0.022,"basaliob":0.002,"bolussnooze":0,"activity":5.0E-4,"lastBolusTime":1703780895726,"time":"2023-12-28T19:18:09.613Z","iobWithZeroTemp":{"iob":-0.192,"basaliob":-0.212,"bolussnooze":0,"activity":-0.0013,"lastBolusTime":1703780895726,"time":"2023-12-28T19:18:09.613Z"}},{"iob":0.019,"basaliob":0.001,"bolussnooze":0,"activity":4.0E-4,"lastBolusTime":1703780895726,"time":"2023-12-28T19:23:09.613Z","iobWithZeroTemp":{"iob":-0.215,"basaliob":-0.233,"bolussnooze":0,"activity":-0.0016,"lastBolusTime":1703780895726,"time":"2023-12-28T19:23:09.613Z"}},{"iob":0.017,"basaliob":0.001,"bolussnooze":0,"activity":4.0E-4,"lastBolusTime":1703780895726,"time":"2023-12-28T19:28:09.613Z","iobWithZeroTemp":{"iob":-0.236,"basaliob":-0.252,"bolussnooze":0,"activity":-0.0018,"lastBolusTime":1703780895726,"time":"2023-12-28T19:28:09.613Z"}},{"iob":0.015,"basaliob":0.001,"bolussnooze":0,"activity":3.0E-4,"lastBolusTime":1703780895726,"time":"2023-12-28T19:33:09.613Z","iobWithZeroTemp":{"iob":-0.256,"basaliob":-0.27,"bolussnooze":0,"activity":-0.002,"lastBolusTime":1703780895726,"time":"2023-12-28T19:33:09.613Z"}},{"iob":0.014,"basaliob":0.001,"bolussnooze":0,"activity":3.0E-4,"lastBolusTime":1703780895726,"time":"2023-12-28T19:38:09.613Z","iobWithZeroTemp":{"iob":-0.273,"basaliob":-0.286,"bolussnooze":0,"activity":-0.0022,"lastBolusTime":1703780895726,"time":"2023-12-28T19:38:09.613Z"}},{"iob":0.012,"basaliob":0.001,"bolussnooze":0,"activity":3.0E-4,"lastBolusTime":1703780895726,"time":"2023-12-28T19:43:09.613Z","iobWithZeroTemp":{"iob":-0.291,"basaliob":-0.302,"bolussnooze":0,"activity":-0.0024,"lastBolusTime":1703780895726,"time":"2023-12-28T19:43:09.613Z"}},{"iob":0.011,"basaliob":0.001,"bolussnooze":0,"activity":2.0E-4,"lastBolusTime":1703780895726,"time":"2023-12-28T19:48:09.613Z","iobWithZeroTemp":{"iob":-0.308,"basaliob":-0.318,"bolussnooze":0,"activity":-0.0027,"lastBolusTime":1703780895726,"time":"2023-12-28T19:48:09.613Z"}},{"iob":0.01,"basaliob":0.001,"bolussnooze":0,"activity":2.0E-4,"lastBolusTime":1703780895726,"time":"2023-12-28T19:53:09.613Z","iobWithZeroTemp":{"iob":-0.323,"basaliob":-0.332,"bolussnooze":0,"activity":-0.0029,"lastBolusTime":1703780895726,"time":"2023-12-28T19:53:09.613Z"}},{"iob":0.009,"basaliob":0.001,"bolussnooze":0,"activity":2.0E-4,"lastBolusTime":1703780895726,"time":"2023-12-28T19:58:09.613Z","iobWithZeroTemp":{"iob":-0.337,"basaliob":-0.345,"bolussnooze":0,"activity":-0.0031,"lastBolusTime":1703780895726,"time":"2023-12-28T19:58:09.613Z"}},{"iob":0.008,"basaliob":0.001,"bolussnooze":0,"activity":2.0E-4,"lastBolusTime":1703780895726,"time":"2023-12-28T20:03:09.613Z","iobWithZeroTemp":{"iob":-0.35,"basaliob":-0.357,"bolussnooze":0,"activity":-0.0032,"lastBolusTime":1703780895726,"time":"2023-12-28T20:03:09.613Z"}},{"iob":0.007,"basaliob":0.001,"bolussnooze":0,"activity":2.0E-4,"lastBolusTime":1703780895726,"time":"2023-12-28T20:08:09.613Z","iobWithZeroTemp":{"iob":-0.363,"basaliob":-0.369,"bolussnooze":0,"activity":-0.0034,"lastBolusTime":1703780895726,"time":"2023-12-28T20:08:09.613Z"}},{"iob":0.006,"basaliob":0.001,"bolussnooze":0,"activity":1.0E-4,"lastBolusTime":1703780895726,"time":"2023-12-28T20:13:09.613Z","iobWithZeroTemp":{"iob":-0.374,"basaliob":-0.379,"bolussnooze":0,"activity":-0.0037,"lastBolusTime":1703780895726,"time":"2023-12-28T20:13:09.613Z"}},{"iob":0.006,"basaliob":0.001,"bolussnooze":0,"activity":1.0E-4,"lastBolusTime":1703780895726,"time":"2023-12-28T20:18:09.613Z","iobWithZeroTemp":{"iob":-0.384,"basaliob":-0.389,"bolussnooze":0,"activity":-0.0038,"lastBolusTime":1703780895726,"time":"2023-12-28T20:18:09.613Z"}},{"iob":0.005,"basaliob":0.001,"bolussnooze":0,"activity":1.0E-4,"lastBolusTime":1703780895726,"time":"2023-12-28T20:23:09.613Z","iobWithZeroTemp":{"iob":-0.395,"basaliob":-0.399,"bolussnooze":0,"activity":-0.004,"lastBolusTime":1703780895726,"time":"2023-12-28T20:23:09.613Z"}},{"iob":0.003,"basaliob":0,"bolussnooze":0,"activity":1.0E-4,"lastBolusTime":1703780895726,"time":"2023-12-28T20:28:09.613Z","iobWithZeroTemp":{"iob":-0.405,"basaliob":-0.408,"bolussnooze":0,"activity":-0.0041,"lastBolusTime":1703780895726,"time":"2023-12-28T20:28:09.613Z"}}],"profile":{"max_iob":10,"type":"current","max_daily_basal":0.35,"max_basal":0.4,"min_bg":90,"max_bg":90,"target_bg":90,"carb_ratio":8.5,"sens":110,"max_daily_safety_multiplier":3,"current_basal_safety_multiplier":4,"lgsThreshold":95,"high_temptarget_raises_sensitivity":true,"low_temptarget_lowers_sensitivity":true,"sensitivity_raises_target":true,"resistance_lowers_target":true,"adv_target_adjustments":false,"exercise_mode":false,"half_basal_exercise_target":160,"maxCOB":120,"skip_neutral_temps":false,"remainingCarbsCap":90,"enableUAM":true,"A52_risk_enable":false,"SMBInterval":3,"enableSMB_with_COB":true,"enableSMB_with_temptarget":true,"allowSMB_with_high_temptarget":false,"enableSMB_always":false,"enableSMB_after_carbs":true,"maxSMBBasalMinutes":45,"maxUAMSMBBasalMinutes":45,"bolus_increment":0.05,"carbsReqThreshold":2,"current_basal":0.1,"temptargetSet":false,"autosens_max":1.3,"autosens_min":0.7,"variable_sens":132.6,"insulinDivisor":75,"TDD":14.131300898809524},"autosens_data":{"ratio":0.8191039923390213},"meal_data":{"carbs":10,"mealCOB":0,"slopeFromMaxDeviation":-0.20500000000000007,"slopeFromMinDeviation":0.6587142857142857,"lastBolusTime":1703780895726,"lastCarbTime":1703765896469},"microBolusAllowed":true,"currentTime":1703781191061,"flatBGsDetected":false,"tdd1D":17.627083333333335,"tdd7D":16.608595238095237,"tddLast24H":13.604166666666666,"tddLast4H":2.2041666666666666,"tddLast8to4H":3.545833333333333},"output":{"temp":"absolute","bg":121,"tick":"+3","eventualBG":135,"targetBG":97,"insulinReq":0.11,"deliverAt":"2023-12-28T16:33:11.061Z","sensitivityRatio":0.8191039923390213,"variable_sens":132.6,"predBGs":{"IOB":[121,124,126,128,129,130,131,131,130,130,129,127,125,124,122,121,119,118,117,115,114,113,112,111,110,110,109,108,108,107,107,106,106,105,105,105,104,104,104,104,104,104,103],"ZT":[121,119,117,115,113,111,109,106,104,102,100,99,97,95,94,93,92,91,90,90,89,89,89,89,89,89,89,89,90,90,91,92,92,93,94,96,97],"UAM":[121,124,127,129,131,133,135,137,138,139,140,141,142,143,143,144,144,144,144,144,144,143,143,142,141,141,140,139,139,138,138,138,137,137,137,136,136,136,136,136,135]},"reason":"COB: 0, Dev: 30, BGI: -2, ISF: 133, CR: 8.5, Target: 97, minPredBG 112, minGuardBG 124, IOBpredBG 103, UAMpredBG 135; Eventual BG 135 >= 97,  insulinReq 0.11; setting 30m low temp of 0U\/h. Microbolusing 0.05U. ","COB":0,"IOB":0.349,"units":0.05,"rate":0,"duration":30,"timestamp":"2023-12-28T16:33:11.093Z"}}