{"algorithm":"OpenAPSSMBDynamicISFPlugin","input":{"glucoseStatus":{"glucose":102,"noise":0,"delta":3.39,"short_avgdelta":3.39,"long_avgdelta":2.77,"date":1703749063000},"currenttemp":{"temp":"absolute","duration":30,"rate":0,"minutesrunning":30},"iob_data":[{"iob":1.633,"basaliob":-0.316,"bolussnooze":1.6378,"activity":0.0106,"lastBolusTime":1703747935735,"time":"2023-12-28T07:38:10.246Z","iobWithZeroTemp":{"iob":1.633,"basaliob":-0.316,"bolussnooze":1.6378,"activity":0.0106,"lastBolusTime":1703747935735,"time":"2023-12-28T07:38:10.246Z"}},{"iob":1.576,"basaliob":-0.301,"bolussnooze":1.4589,"activity":0.0122,"lastBolusTime":1703747935735,"time":"2023-12-28T07:43:10.246Z","iobWithZeroTemp":{"iob":1.556,"basaliob":-0.321,"bolussnooze":1.4589,"activity":0.0122,"lastBolusTime":1703747935735,"time":"2023-12-28T07:43:10.246Z"}},{"iob":1.512,"basaliob":-0.285,"bolussnooze":1.2827,"activity":0.0133,"lastBolusTime":1703747935735,"time":"2023-12-28T07:48:10.246Z","iobWithZeroTemp":{"iob":1.467,"basaliob":-0.33,"bolussnooze":1.2827,"activity":0.0132,"lastBolusTime":1703747935735,"time":"2023-12-28T07:48:10.246Z"}},{"iob":1.443,"basaliob":-0.269,"bolussnooze":1.1153,"activity":0.0141,"lastBolusTime":1703747935735,"time":"2023-12-28T07:53:10.246Z","iobWithZeroTemp":{"iob":1.374,"basaliob":-0.338,"bolussnooze":1.1153,"activity":0.0139,"lastBolusTime":1703747935735,"time":"2023-12-28T07:53:10.246Z"}},{"iob":1.371,"basaliob":-0.253,"bolussnooze":0.9605,"activity":0.0146,"lastBolusTime":1703747935735,"time":"2023-12-28T07:58:10.246Z","iobWithZeroTemp":{"iob":1.278,"basaliob":-0.346,"bolussnooze":0.9605,"activity":0.0142,"lastBolusTime":1703747935735,"time":"2023-12-28T07:58:10.246Z"}},{"iob":1.298,"basaliob":-0.237,"bolussnooze":0.8202,"activity":0.0148,"lastBolusTime":1703747935735,"time":"2023-12-28T08:03:10.246Z","iobWithZeroTemp":{"iob":1.183,"basaliob":-0.352,"bolussnooze":0.8202,"activity":0.0143,"lastBolusTime":1703747935735,"time":"2023-12-28T08:03:10.246Z"}},{"iob":1.223,"basaliob":-0.222,"bolussnooze":0.6949,"activity":0.0149,"lastBolusTime":1703747935735,"time":"2023-12-28T08:08:10.246Z","iobWithZeroTemp":{"iob":1.086,"basaliob":-0.359,"bolussnooze":0.6949,"activity":0.0142,"lastBolusTime":1703747935735,"time":"2023-12-28T08:08:10.246Z"}},{"iob":1.15,"basaliob":-0.207,"bolussnooze":0.5846,"activity":0.0147,"lastBolusTime":1703747935735,"time":"2023-12-28T08:13:10.246Z","iobWithZeroTemp":{"iob":0.992,"basaliob":-0.365,"bolussnooze":0.5846,"activity":0.0138,"lastBolusTime":1703747935735,"time":"2023-12-28T08:13:10.246Z"}},{"iob":1.078,"basaliob":-0.192,"bolussnooze":0.4885,"activity":0.0144,"lastBolusTime":1703747935735,"time":"2023-12-28T08:18:10.246Z","iobWithZeroTemp":{"iob":0.9,"basaliob":-0.37,"bolussnooze":0.4885,"activity":0.0133,"lastBolusTime":1703747935735,"time":"2023-12-28T08:18:10.246Z"}},{"iob":1.007,"basaliob":-0.178,"bolussnooze":0.4056,"activity":0.014,"lastBolusTime":1703747935735,"time":"2023-12-28T08:23:10.246Z","iobWithZeroTemp":{"iob":0.81,"basaliob":-0.375,"bolussnooze":0.4056,"activity":0.0127,"lastBolusTime":1703747935735,"time":"2023-12-28T08:23:10.246Z"}},{"iob":0.938,"basaliob":-0.165,"bolussnooze":0.3346,"activity":0.0135,"lastBolusTime":1703747935735,"time":"2023-12-28T08:28:10.246Z","iobWithZeroTemp":{"iob":0.723,"basaliob":-0.38,"bolussnooze":0.3346,"activity":0.0119,"lastBolusTime":1703747935735,"time":"2023-12-28T08:28:10.246Z"}},{"iob":0.871,"basaliob":-0.153,"bolussnooze":0.2743,"activity":0.013,"lastBolusTime":1703747935735,"time":"2023-12-28T08:33:10.246Z","iobWithZeroTemp":{"iob":0.639,"basaliob":-0.385,"bolussnooze":0.2743,"activity":0.0112,"lastBolusTime":1703747935735,"time":"2023-12-28T08:33:10.246Z"}},{"iob":0.808,"basaliob":-0.141,"bolussnooze":0.2235,"activity":0.0124,"lastBolusTime":1703747935735,"time":"2023-12-28T08:38:10.246Z","iobWithZeroTemp":{"iob":0.561,"basaliob":-0.388,"bolussnooze":0.2235,"activity":0.0104,"lastBolusTime":1703747935735,"time":"2023-12-28T08:38:10.246Z"}},{"iob":0.749,"basaliob":-0.129,"bolussnooze":0.1808,"activity":0.0117,"lastBolusTime":1703747935735,"time":"2023-12-28T08:43:10.246Z","iobWithZeroTemp":{"iob":0.487,"basaliob":-0.391,"bolussnooze":0.1808,"activity":0.0095,"lastBolusTime":1703747935735,"time":"2023-12-28T08:43:10.246Z"}},{"iob":0.691,"basaliob":-0.119,"bolussnooze":0.1454,"activity":0.0112,"lastBolusTime":1703747935735,"time":"2023-12-28T08:48:10.246Z","iobWithZeroTemp":{"iob":0.415,"basaliob":-0.395,"bolussnooze":0.1454,"activity":0.0088,"lastBolusTime":1703747935735,"time":"2023-12-28T08:48:10.246Z"}},{"iob":0.637,"basaliob":-0.109,"bolussnooze":0.116,"activity":0.0105,"lastBolusTime":1703747935735,"time":"2023-12-28T08:53:10.246Z","iobWithZeroTemp":{"iob":0.349,"basaliob":-0.397,"bolussnooze":0.116,"activity":0.0079,"lastBolusTime":1703747935735,"time":"2023-12-28T08:53:10.246Z"}},{"iob":0.586,"basaliob":-0.1,"bolussnooze":0.0919,"activity":0.0099,"lastBolusTime":1703747935735,"time":"2023-12-28T08:58:10.246Z","iobWithZeroTemp":{"iob":0.286,"basaliob":-0.4,"bolussnooze":0.0919,"activity":0.0072,"lastBolusTime":1703747935735,"time":"2023-12-28T08:58:10.246Z"}},{"iob":0.539,"basaliob":-0.091,"bolussnooze":0.0722,"activity":0.0092,"lastBolusTime":1703747935735,"time":"2023-12-28T09:03:10.246Z","iobWithZeroTemp":{"iob":0.232,"basaliob":-0.398,"bolussnooze":0.0722,"activity":0.0063,"lastBolusTime":1703747935735,"time":"2023-12-28T09:03:10.246Z"}},{"iob":0.494,"basaliob":-0.083,"bolussnooze":0.0561,"activity":0.0087,"lastBolusTime":1703747935735,"time":"2023-12-28T09:08:10.246Z","iobWithZeroTemp":{"iob":0.181,"basaliob":-0.396,"bolussnooze":0.0561,"activity":0.0057,"lastBolusTime":1703747935735,"time":"2023-12-28T09:08:10.246Z"}},{"iob":0.452,"basaliob":-0.076,"bolussnooze":0.0432,"activity":0.0081,"lastBolusTime":1703747935735,"time":"2023-12-28T09:13:10.246Z","iobWithZeroTemp":{"iob":0.134,"basaliob":-0.394,"bolussnooze":0.0432,"activity":0.0049,"lastBolusTime":1703747935735,"time":"2023-12-28T09:13:10.246Z"}},{"iob":0.413,"basaliob":-0.069,"bolussnooze":0.0329,"activity":0.0075,"lastBolusTime":1703747935735,"time":"2023-12-28T09:18:10.246Z","iobWithZeroTemp":{"iob":0.09,"basaliob":-0.392,"bolussnooze":0.0329,"activity":0.0042,"lastBolusTime":1703747935735,"time":"2023-12-28T09:18:10.246Z"}},{"iob":0.376,"basaliob":-0.063,"bolussnooze":0.0247,"activity":0.007,"lastBolusTime":1703747935735,"time":"2023-12-28T09:23:10.246Z","iobWithZeroTemp":{"iob":0.049,"basaliob":-0.39,"bolussnooze":0.0247,"activity":0.0036,"lastBolusTime":1703747935735,"time":"2023-12-28T09:23:10.246Z"}},{"iob":0.343,"basaliob":-0.057,"bolussnooze":0.0182,"activity":0.0065,"lastBolusTime":1703747935735,"time":"2023-12-28T09:28:10.246Z","iobWithZeroTemp":{"iob":0.012,"basaliob":-0.388,"bolussnooze":0.0182,"activity":0.003,"lastBolusTime":1703747935735,"time":"2023-12-28T09:28:10.246Z"}},{"iob":0.311,"basaliob":-0.052,"bolussnooze":0.0132,"activity":0.006,"lastBolusTime":1703747935735,"time":"2023-12-28T09:33:10.246Z","iobWithZeroTemp":{"iob":-0.023,"basaliob":-0.386,"bolussnooze":0.0132,"activity":0.0024,"lastBolusTime":1703747935735,"time":"2023-12-28T09:33:10.246Z"}},{"iob":0.284,"basaliob":-0.046,"bolussnooze":0.0093,"activity":0.0056,"lastBolusTime":1703747935735,"time":"2023-12-28T09:38:10.246Z","iobWithZeroTemp":{"iob":-0.053,"basaliob":-0.383,"bolussnooze":0.0093,"activity":0.0019,"lastBolusTime":1703747935735,"time":"2023-12-28T09:38:10.246Z"}},{"iob":0.257,"basaliob":-0.042,"bolussnooze":0.0064,"activity":0.005,"lastBolusTime":1703747935735,"time":"2023-12-28T09:43:10.246Z","iobWithZeroTemp":{"iob":-0.082,"basaliob":-0.381,"bolussnooze":0.0064,"activity":0.0013,"lastBolusTime":1703747935735,"time":"2023-12-28T09:43:10.246Z"}},{"iob":0.232,"basaliob":-0.038,"bolussnooze":0.0042,"activity":0.0047,"lastBolusTime":1703747935735,"time":"2023-12-28T09:48:10.246Z","iobWithZeroTemp":{"iob":-0.109,"basaliob":-0.379,"bolussnooze":0.0042,"activity":9.0E-4,"lastBolusTime":1703747935735,"time":"2023-12-28T09:48:10.246Z"}},{"iob":0.21,"basaliob":-0.034,"bolussnooze":0.0027,"activity":0.0043,"lastBolusTime":1703747935735,"time":"2023-12-28T09:53:10.246Z","iobWithZeroTemp":{"iob":-0.133,"basaliob":-0.377,"bolussnooze":0.0027,"activity":5.0E-4,"lastBolusTime":1703747935735,"time":"2023-12-28T09:53:10.246Z"}},{"iob":0.189,"basaliob":-0.031,"bolussnooze":0.0015,"activity":0.0039,"lastBolusTime":1703747935735,"time":"2023-12-28T09:58:10.246Z","iobWithZeroTemp":{"iob":-0.155,"basaliob":-0.375,"bolussnooze":0.0015,"activity":0,"lastBolusTime":1703747935735,"time":"2023-12-28T09:58:10.246Z"}},{"iob":0.171,"basaliob":-0.027,"bolussnooze":8.0E-4,"activity":0.0036,"lastBolusTime":1703747935735,"time":"2023-12-28T10:03:10.246Z","iobWithZeroTemp":{"iob":-0.175,"basaliob":-0.373,"bolussnooze":8.0E-4,"activity":-3.0E-4,"lastBolusTime":1703747935735,"time":"2023-12-28T10:03:10.246Z"}},{"iob":0.153,"basaliob":-0.025,"bolussnooze":3.0E-4,"activity":0.0033,"lastBolusTime":1703747935735,"time":"2023-12-28T10:08:10.246Z","iobWithZeroTemp":{"iob":-0.194,"basaliob":-0.372,"bolussnooze":3.0E-4,"activity":-7.0E-4,"lastBolusTime":1703747935735,"time":"2023-12-28T10:08:10.246Z"}},{"iob":0.138,"basaliob":-0.022,"bolussnooze":1.0E-4,"activity":0.003,"lastBolusTime":1703747935735,"time":"2023-12-28T10:13:10.246Z","iobWithZeroTemp":{"iob":-0.21,"basaliob":-0.37,"bolussnooze":1.0E-4,"activity":-0.001,"lastBolusTime":1703747935735,"time":"2023-12-28T10:13:10.246Z"}},{"iob":0.123,"basaliob":-0.02,"bolussnooze":0,"activity":0.0027,"lastBolusTime":1703747935735,"time":"2023-12-28T10:18:10.246Z","iobWithZeroTemp":{"iob":-0.226,"basaliob":-0.369,"bolussnooze":0,"activity":-0.0013,"lastBolusTime":1703747935735,"time":"2023-12-28T10:18:10.246Z"}},{"iob":0.111,"basaliob":-0.017,"bolussnooze":0,"activity":0.0025,"lastBolusTime":1703747935735,"time":"2023-12-28T10:23:10.246Z","iobWithZeroTemp":{"iob":-0.238,"basaliob":-0.366,"bolussnooze":0,"activity":-0.0015,"lastBolusTime":1703747935735,"time":"2023-12-28T10:23:10.246Z"}},{"iob":0.098,"basaliob":-0.016,"bolussnooze":0,"activity":0.0022,"lastBolusTime":1703747935735,"time":"2023-12-28T10:28:10.246Z","iobWithZeroTemp":{"iob":-0.252,"basaliob":-0.366,"bolussnooze":0,"activity":-0.0019,"lastBolusTime":1703747935735,"time":"2023-12-28T10:28:10.246Z"}},{"iob":0.088,"basaliob":-0.014,"bolussnooze":0,"activity":0.0021,"lastBolusTime":1703747935735,"time":"2023-12-28T10:33:10.246Z","iobWithZeroTemp":{"iob":-0.262,"basaliob":-0.364,"bolussnooze":0,"activity":-0.002,"lastBolusTime":1703747935735,"time":"2023-12-28T10:33:10.246Z"}},{"iob":0.078,"basaliob":-0.012,"bolussnooze":0,"activity":0.0018,"lastBolusTime":1703747935735,"time":"2023-12-28T10:38:10.246Z","iobWithZeroTemp":{"iob":-0.273,"basaliob":-0.363,"bolussnooze":0,"activity":-0.0023,"lastBolusTime":1703747935735,"time":"2023-12-28T10:38:10.246Z"}},{"iob":0.069,"basaliob":-0.011,"bolussnooze":0,"activity":0.0016,"lastBolusTime":1703747935735,"time":"2023-12-28T10:43:10.246Z","iobWithZeroTemp":{"iob":-0.282,"basaliob":-0.362,"bolussnooze":0,"activity":-0.0025,"lastBolusTime":1703747935735,"time":"2023-12-28T10:43:10.246Z"}},{"iob":0.062,"basaliob":-0.009,"bolussnooze":0,"activity":0.0015,"lastBolusTime":1703747935735,"time":"2023-12-28T10:48:10.246Z","iobWithZeroTemp":{"iob":-0.289,"basaliob":-0.36,"bolussnooze":0,"activity":-0.0026,"lastBolusTime":1703747935735,"time":"2023-12-28T10:48:10.246Z"}},{"iob":0.055,"basaliob":-0.008,"bolussnooze":0,"activity":0.0014,"lastBolusTime":1703747935735,"time":"2023-12-28T10:53:10.246Z","iobWithZeroTemp":{"iob":-0.297,"basaliob":-0.36,"bolussnooze":0,"activity":-0.0027,"lastBolusTime":1703747935735,"time":"2023-12-28T10:53:10.246Z"}},{"iob":0.048,"basaliob":-0.007,"bolussnooze":0,"activity":0.0012,"lastBolusTime":1703747935735,"time":"2023-12-28T10:58:10.246Z","iobWithZeroTemp":{"iob":-0.304,"basaliob":-0.359,"bolussnooze":0,"activity":-0.0029,"lastBolusTime":1703747935735,"time":"2023-12-28T10:58:10.246Z"}},{"iob":0.042,"basaliob":-0.006,"bolussnooze":0,"activity":0.0011,"lastBolusTime":1703747935735,"time":"2023-12-28T11:03:10.246Z","iobWithZeroTemp":{"iob":-0.314,"basaliob":-0.362,"bolussnooze":0,"activity":-0.0031,"lastBolusTime":1703747935735,"time":"2023-12-28T11:03:10.246Z"}},{"iob":0.036,"basaliob":-0.006,"bolussnooze":0,"activity":9.0E-4,"lastBolusTime":1703747935735,"time":"2023-12-28T11:08:10.246Z","iobWithZeroTemp":{"iob":-0.324,"basaliob":-0.366,"bolussnooze":0,"activity":-0.0033,"lastBolusTime":1703747935735,"time":"2023-12-28T11:08:10.246Z"}},{"iob":0.032,"basaliob":-0.005,"bolussnooze":0,"activity":9.0E-4,"lastBolusTime":1703747935735,"time":"2023-12-28T11:13:10.246Z","iobWithZeroTemp":{"iob":-0.332,"basaliob":-0.369,"bolussnooze":0,"activity":-0.0033,"lastBolusTime":1703747935735,"time":"2023-12-28T11:13:10.246Z"}},{"iob":0.028,"basaliob":-0.004,"bolussnooze":0,"activity":8.0E-4,"lastBolusTime":1703747935735,"time":"2023-12-28T11:18:10.246Z","iobWithZeroTemp":{"iob":-0.34,"basaliob":-0.372,"bolussnooze":0,"activity":-0.0034,"lastBolusTime":1703747935735,"time":"2023-12-28T11:18:10.246Z"}},{"iob":0.024,"basaliob":-0.004,"bolussnooze":0,"activity":7.0E-4,"lastBolusTime":1703747935735,"time":"2023-12-28T11:23:10.246Z","iobWithZeroTemp":{"iob":-0.348,"basaliob":-0.376,"bolussnooze":0,"activity":-0.0036,"lastBolusTime":1703747935735,"time":"2023-12-28T11:23:10.246Z"}},{"iob":0.021,"basaliob":-0.003,"bolussnooze":0,"activity":6.0E-4,"lastBolusTime":1703747935735,"time":"2023-12-28T11:28:10.246Z","iobWithZeroTemp":{"iob":-0.355,"basaliob":-0.379,"bolussnooze":0,"activity":-0.0037,"lastBolusTime":1703747935735,"time":"2023-12-28T11:28:10.246Z"}},{"iob":0.018,"basaliob":-0.003,"bolussnooze":0,"activity":5.0E-4,"lastBolusTime":1703747935735,"time":"2023-12-28T11:33:10.246Z","iobWithZeroTemp":{"iob":-0.361,"basaliob":-0.382,"bolussnooze":0,"activity":-0.0038,"lastBolusTime":1703747935735,"time":"2023-12-28T11:33:10.246Z"}}],"profile":{"max_iob":10,"type":"current","max_daily_basal":0.35,"max_basal":1.05,"min_bg":90,"max_bg":90,"target_bg":90,"carb_ratio":8.2,"sens":110,"max_daily_safety_multiplier":3,"current_basal_safety_multiplier":4,"lgsThreshold":95,"high_temptarget_raises_sensitivity":true,"low_temptarget_lowers_sensitivity":true,"sensitivity_raises_target":true,"resistance_lowers_target":true,"adv_target_adjustments":false,"exercise_mode":false,"half_basal_exercise_target":160,"maxCOB":120,"skip_neutral_temps":false,"remainingCarbsCap":90,"enableUAM":true,"A52_risk_enable":false,"SMBInterval":3,"enableSMB_with_COB":true,"enableSMB_with_temptarget":true,"allowSMB_with_high_temptarget":false,"enableSMB_always":false,"enableSMB_after_carbs":true,"maxSMBBasalMinutes":30,"maxUAMSMBBasalMinutes":45,"bolus_increment":0.05,"carbsReqThreshold":2,"current_basal":0.3,"temptargetSet":false,"autosens_max":1.3,"autosens_min":0.7,"variable_sens":158.4,"insulinDivisor":75,"TDD":13.233700898809523},"autosens_data":{"ratio":1.109114471709284},"meal_data":{"carbs":15,"mealCOB":13.1919,"slopeFromMaxDeviation":0,"slopeFromMinDeviation":1.672857142857143,"lastBolusTime":1703747935735,"lastCarbTime":1703747927125},"microBolusAllowed":true,"currentTime":1703749091551,"flatBGsDetected":false,"tdd1D":17.627083333333335,"tdd7D":16.608595238095237,"tddLast24H":18.42083333333333,"tddLast4H":2.6958333333333333,"tddLast8to4H":0.6208333333333332},"output":{"temp":"absolute","bg":102,"tick":"+3","eventualBG":91,"targetBG":87,"insulinReq":0,"deliverAt":"2023-12-28T07:38:11.551Z","sensitivityRatio":1.109114471709284,"variable_sens":158.4,"predBGs":{"IOB":[102,104,105,103,100,95,89,81,71,59,45,39,39],"ZT":[102,94,83,71,57,40,39,39,39,39,39,39,39,39,39,39,39,39,39,39,39,39,39,39,39,39,39,39,39,39,39,39,39,39,39,39,39,39,39,39,39,39,39,39,39,39,39,39],"COB":[102,105,107,107,107,106,105,103,102,100,98,97,96,95,94,93,93,93,94,94,95,96,96,97,98,99,99,100,101,101,101,102,102,102,101,101,100,99,98,97,96,95,94,93,93,92,92,91],"UAM":[102,105,106,106,105,102,99,95,90,84,78,71,63,53,42,39]},"reason":"COB: 13.2, Dev: 71, BGI: -8, ISF: 158, CR: 8.2, Target: 87, minPredBG 59, minGuardBG 59, IOBpredBG 39, COBpredBG 91, UAMpredBG 39; minGuardBG 59<95 30m left and 0 ~ req 0U\/hr: no temp required","COB":13.1919,"IOB":1.633,"timestamp":"2023-12-28T07:38:11.582Z"}}