{"algorithm":"OpenAPSSMBDynamicISFPlugin","input":{"glucoseStatus":{"glucose":131,"noise":0,"delta":-1.06,"short_avgdelta":-1.06,"long_avgdelta":-6.17,"date":1703875067000},"currenttemp":{"temp":"absolute","duration":115,"rate":0,"minutesrunning":5},"iob_data":[{"iob":1.829,"basaliob":-0.091,"bolussnooze":0.63,"activity":0.0261,"lastBolusTime":1703872396833,"time":"2023-12-29T18:38:04.632Z","iobWithZeroTemp":{"iob":1.829,"basaliob":-0.091,"bolussnooze":0.63,"activity":0.0261,"lastBolusTime":1703872396833,"time":"2023-12-29T18:38:04.632Z"}},{"iob":1.7,"basaliob":-0.088,"bolussnooze":0.5233,"activity":0.025,"lastBolusTime":1703872396833,"time":"2023-12-29T18:43:04.632Z","iobWithZeroTemp":{"iob":1.693,"basaliob":-0.095,"bolussnooze":0.5233,"activity":0.025,"lastBolusTime":1703872396833,"time":"2023-12-29T18:43:04.632Z"}},{"iob":1.579,"basaliob":-0.083,"bolussnooze":0.4319,"activity":0.024,"lastBolusTime":1703872396833,"time":"2023-12-29T18:48:04.632Z","iobWithZeroTemp":{"iob":1.564,"basaliob":-0.098,"bolussnooze":0.4319,"activity":0.024,"lastBolusTime":1703872396833,"time":"2023-12-29T18:48:04.632Z"}},{"iob":1.462,"basaliob":-0.079,"bolussnooze":0.3541,"activity":0.0228,"lastBolusTime":1703872396833,"time":"2023-12-29T18:53:04.632Z","iobWithZeroTemp":{"iob":1.439,"basaliob":-0.102,"bolussnooze":0.3541,"activity":0.0227,"lastBolusTime":1703872396833,"time":"2023-12-29T18:53:04.632Z"}},{"iob":1.35,"basaliob":-0.075,"bolussnooze":0.2885,"activity":0.0216,"lastBolusTime":1703872396833,"time":"2023-12-29T18:58:04.632Z","iobWithZeroTemp":{"iob":1.319,"basaliob":-0.106,"bolussnooze":0.2885,"activity":0.0215,"lastBolusTime":1703872396833,"time":"2023-12-29T18:58:04.632Z"}},{"iob":1.246,"basaliob":-0.07,"bolussnooze":0.2336,"activity":0.0204,"lastBolusTime":1703872396833,"time":"2023-12-29T19:03:04.632Z","iobWithZeroTemp":{"iob":1.188,"basaliob":-0.128,"bolussnooze":0.2336,"activity":0.0202,"lastBolusTime":1703872396833,"time":"2023-12-29T19:03:04.632Z"}},{"iob":1.147,"basaliob":-0.066,"bolussnooze":0.1878,"activity":0.0192,"lastBolusTime":1703872396833,"time":"2023-12-29T19:08:04.632Z","iobWithZeroTemp":{"iob":1.061,"basaliob":-0.152,"bolussnooze":0.1878,"activity":0.0189,"lastBolusTime":1703872396833,"time":"2023-12-29T19:08:04.632Z"}},{"iob":1.053,"basaliob":-0.062,"bolussnooze":0.1499,"activity":0.0181,"lastBolusTime":1703872396833,"time":"2023-12-29T19:13:04.632Z","iobWithZeroTemp":{"iob":0.94,"basaliob":-0.175,"bolussnooze":0.1499,"activity":0.0176,"lastBolusTime":1703872396833,"time":"2023-12-29T19:13:04.632Z"}},{"iob":0.966,"basaliob":-0.058,"bolussnooze":0.1187,"activity":0.0169,"lastBolusTime":1703872396833,"time":"2023-12-29T19:18:04.632Z","iobWithZeroTemp":{"iob":0.827,"basaliob":-0.197,"bolussnooze":0.1187,"activity":0.0162,"lastBolusTime":1703872396833,"time":"2023-12-29T19:18:04.632Z"}},{"iob":0.884,"basaliob":-0.054,"bolussnooze":0.0932,"activity":0.0157,"lastBolusTime":1703872396833,"time":"2023-12-29T19:23:04.632Z","iobWithZeroTemp":{"iob":0.72,"basaliob":-0.218,"bolussnooze":0.0932,"activity":0.0148,"lastBolusTime":1703872396833,"time":"2023-12-29T19:23:04.632Z"}},{"iob":0.809,"basaliob":-0.05,"bolussnooze":0.0726,"activity":0.0147,"lastBolusTime":1703872396833,"time":"2023-12-29T19:28:04.632Z","iobWithZeroTemp":{"iob":0.621,"basaliob":-0.238,"bolussnooze":0.0726,"activity":0.0136,"lastBolusTime":1703872396833,"time":"2023-12-29T19:28:04.632Z"}},{"iob":0.738,"basaliob":-0.046,"bolussnooze":0.0559,"activity":0.0136,"lastBolusTime":1703872396833,"time":"2023-12-29T19:33:04.632Z","iobWithZeroTemp":{"iob":0.528,"basaliob":-0.256,"bolussnooze":0.0559,"activity":0.0122,"lastBolusTime":1703872396833,"time":"2023-12-29T19:33:04.632Z"}},{"iob":0.672,"basaliob":-0.043,"bolussnooze":0.0426,"activity":0.0126,"lastBolusTime":1703872396833,"time":"2023-12-29T19:38:04.632Z","iobWithZeroTemp":{"iob":0.44,"basaliob":-0.275,"bolussnooze":0.0426,"activity":0.011,"lastBolusTime":1703872396833,"time":"2023-12-29T19:38:04.632Z"}},{"iob":0.612,"basaliob":-0.039,"bolussnooze":0.0321,"activity":0.0117,"lastBolusTime":1703872396833,"time":"2023-12-29T19:43:04.632Z","iobWithZeroTemp":{"iob":0.359,"basaliob":-0.292,"bolussnooze":0.0321,"activity":0.0099,"lastBolusTime":1703872396833,"time":"2023-12-29T19:43:04.632Z"}},{"iob":0.556,"basaliob":-0.036,"bolussnooze":0.0238,"activity":0.0108,"lastBolusTime":1703872396833,"time":"2023-12-29T19:48:04.632Z","iobWithZeroTemp":{"iob":0.284,"basaliob":-0.308,"bolussnooze":0.0238,"activity":0.0087,"lastBolusTime":1703872396833,"time":"2023-12-29T19:48:04.632Z"}},{"iob":0.504,"basaliob":-0.033,"bolussnooze":0.0173,"activity":0.0099,"lastBolusTime":1703872396833,"time":"2023-12-29T19:53:04.632Z","iobWithZeroTemp":{"iob":0.214,"basaliob":-0.323,"bolussnooze":0.0173,"activity":0.0076,"lastBolusTime":1703872396833,"time":"2023-12-29T19:53:04.632Z"}},{"iob":0.456,"basaliob":-0.031,"bolussnooze":0.0124,"activity":0.0092,"lastBolusTime":1703872396833,"time":"2023-12-29T19:58:04.632Z","iobWithZeroTemp":{"iob":0.149,"basaliob":-0.338,"bolussnooze":0.0124,"activity":0.0066,"lastBolusTime":1703872396833,"time":"2023-12-29T19:58:04.632Z"}},{"iob":0.412,"basaliob":-0.028,"bolussnooze":0.0086,"activity":0.0084,"lastBolusTime":1703872396833,"time":"2023-12-29T20:03:04.632Z","iobWithZeroTemp":{"iob":0.089,"basaliob":-0.351,"bolussnooze":0.0086,"activity":0.0056,"lastBolusTime":1703872396833,"time":"2023-12-29T20:03:04.632Z"}},{"iob":0.372,"basaliob":-0.026,"bolussnooze":0.0059,"activity":0.0077,"lastBolusTime":1703872396833,"time":"2023-12-29T20:08:04.632Z","iobWithZeroTemp":{"iob":0.035,"basaliob":-0.363,"bolussnooze":0.0059,"activity":0.0047,"lastBolusTime":1703872396833,"time":"2023-12-29T20:08:04.632Z"}},{"iob":0.335,"basaliob":-0.024,"bolussnooze":0.0039,"activity":0.0071,"lastBolusTime":1703872396833,"time":"2023-12-29T20:13:04.632Z","iobWithZeroTemp":{"iob":-0.016,"basaliob":-0.375,"bolussnooze":0.0039,"activity":0.0039,"lastBolusTime":1703872396833,"time":"2023-12-29T20:13:04.632Z"}},{"iob":0.302,"basaliob":-0.021,"bolussnooze":0.0025,"activity":0.0064,"lastBolusTime":1703872396833,"time":"2023-12-29T20:18:04.632Z","iobWithZeroTemp":{"iob":-0.061,"basaliob":-0.384,"bolussnooze":0.0025,"activity":0.003,"lastBolusTime":1703872396833,"time":"2023-12-29T20:18:04.632Z"}},{"iob":0.27,"basaliob":-0.02,"bolussnooze":0.0015,"activity":0.0058,"lastBolusTime":1703872396833,"time":"2023-12-29T20:23:04.632Z","iobWithZeroTemp":{"iob":-0.105,"basaliob":-0.395,"bolussnooze":0.0015,"activity":0.0022,"lastBolusTime":1703872396833,"time":"2023-12-29T20:23:04.632Z"}},{"iob":0.243,"basaliob":-0.018,"bolussnooze":0.001,"activity":0.0054,"lastBolusTime":1703872396833,"time":"2023-12-29T20:28:04.632Z","iobWithZeroTemp":{"iob":-0.143,"basaliob":-0.404,"bolussnooze":0.001,"activity":0.0016,"lastBolusTime":1703872396833,"time":"2023-12-29T20:28:04.632Z"}},{"iob":0.217,"basaliob":-0.016,"bolussnooze":5.0E-4,"activity":0.0049,"lastBolusTime":1703872396833,"time":"2023-12-29T20:33:04.632Z","iobWithZeroTemp":{"iob":-0.179,"basaliob":-0.412,"bolussnooze":5.0E-4,"activity":0.001,"lastBolusTime":1703872396833,"time":"2023-12-29T20:33:04.632Z"}},{"iob":0.194,"basaliob":-0.015,"bolussnooze":3.0E-4,"activity":0.0044,"lastBolusTime":1703872396833,"time":"2023-12-29T20:38:04.632Z","iobWithZeroTemp":{"iob":-0.211,"basaliob":-0.42,"bolussnooze":3.0E-4,"activity":3.0E-4,"lastBolusTime":1703872396833,"time":"2023-12-29T20:38:04.632Z"}},{"iob":0.173,"basaliob":-0.013,"bolussnooze":1.0E-4,"activity":0.004,"lastBolusTime":1703872396833,"time":"2023-12-29T20:43:04.632Z","iobWithZeroTemp":{"iob":-0.24,"basaliob":-0.426,"bolussnooze":1.0E-4,"activity":-2.0E-4,"lastBolusTime":1703872396833,"time":"2023-12-29T20:43:04.632Z"}},{"iob":0.154,"basaliob":-0.012,"bolussnooze":0,"activity":0.0037,"lastBolusTime":1703872396833,"time":"2023-12-29T20:48:04.632Z","iobWithZeroTemp":{"iob":-0.267,"basaliob":-0.433,"bolussnooze":0,"activity":-7.0E-4,"lastBolusTime":1703872396833,"time":"2023-12-29T20:48:04.632Z"}},{"iob":0.137,"basaliob":-0.011,"bolussnooze":0,"activity":0.0033,"lastBolusTime":1703872396833,"time":"2023-12-29T20:53:04.632Z","iobWithZeroTemp":{"iob":-0.291,"basaliob":-0.439,"bolussnooze":0,"activity":-0.0012,"lastBolusTime":1703872396833,"time":"2023-12-29T20:53:04.632Z"}},{"iob":0.121,"basaliob":-0.01,"bolussnooze":0,"activity":0.003,"lastBolusTime":1703872396833,"time":"2023-12-29T20:58:04.632Z","iobWithZeroTemp":{"iob":-0.313,"basaliob":-0.444,"bolussnooze":0,"activity":-0.0016,"lastBolusTime":1703872396833,"time":"2023-12-29T20:58:04.632Z"}},{"iob":0.107,"basaliob":-0.009,"bolussnooze":0,"activity":0.0027,"lastBolusTime":1703872396833,"time":"2023-12-29T21:03:04.632Z","iobWithZeroTemp":{"iob":-0.333,"basaliob":-0.449,"bolussnooze":0,"activity":-0.002,"lastBolusTime":1703872396833,"time":"2023-12-29T21:03:04.632Z"}},{"iob":0.094,"basaliob":-0.008,"bolussnooze":0,"activity":0.0024,"lastBolusTime":1703872396833,"time":"2023-12-29T21:08:04.632Z","iobWithZeroTemp":{"iob":-0.351,"basaliob":-0.453,"bolussnooze":0,"activity":-0.0024,"lastBolusTime":1703872396833,"time":"2023-12-29T21:08:04.632Z"}},{"iob":0.083,"basaliob":-0.007,"bolussnooze":0,"activity":0.0021,"lastBolusTime":1703872396833,"time":"2023-12-29T21:13:04.632Z","iobWithZeroTemp":{"iob":-0.367,"basaliob":-0.457,"bolussnooze":0,"activity":-0.0028,"lastBolusTime":1703872396833,"time":"2023-12-29T21:13:04.632Z"}},{"iob":0.073,"basaliob":-0.006,"bolussnooze":0,"activity":0.002,"lastBolusTime":1703872396833,"time":"2023-12-29T21:18:04.632Z","iobWithZeroTemp":{"iob":-0.382,"basaliob":-0.461,"bolussnooze":0,"activity":-0.003,"lastBolusTime":1703872396833,"time":"2023-12-29T21:18:04.632Z"}},{"iob":0.063,"basaliob":-0.006,"bolussnooze":0,"activity":0.0018,"lastBolusTime":1703872396833,"time":"2023-12-29T21:23:04.632Z","iobWithZeroTemp":{"iob":-0.396,"basaliob":-0.465,"bolussnooze":0,"activity":-0.0033,"lastBolusTime":1703872396833,"time":"2023-12-29T21:23:04.632Z"}},{"iob":0.056,"basaliob":-0.005,"bolussnooze":0,"activity":0.0016,"lastBolusTime":1703872396833,"time":"2023-12-29T21:28:04.632Z","iobWithZeroTemp":{"iob":-0.406,"basaliob":-0.467,"bolussnooze":0,"activity":-0.0036,"lastBolusTime":1703872396833,"time":"2023-12-29T21:28:04.632Z"}},{"iob":0.049,"basaliob":-0.004,"bolussnooze":0,"activity":0.0014,"lastBolusTime":1703872396833,"time":"2023-12-29T21:33:04.632Z","iobWithZeroTemp":{"iob":-0.416,"basaliob":-0.469,"bolussnooze":0,"activity":-0.0038,"lastBolusTime":1703872396833,"time":"2023-12-29T21:33:04.632Z"}},{"iob":0.042,"basaliob":-0.004,"bolussnooze":0,"activity":0.0012,"lastBolusTime":1703872396833,"time":"2023-12-29T21:38:04.632Z","iobWithZeroTemp":{"iob":-0.426,"basaliob":-0.472,"bolussnooze":0,"activity":-0.0041,"lastBolusTime":1703872396833,"time":"2023-12-29T21:38:04.632Z"}},{"iob":0.037,"basaliob":-0.003,"bolussnooze":0,"activity":0.0011,"lastBolusTime":1703872396833,"time":"2023-12-29T21:43:04.632Z","iobWithZeroTemp":{"iob":-0.434,"basaliob":-0.474,"bolussnooze":0,"activity":-0.0042,"lastBolusTime":1703872396833,"time":"2023-12-29T21:43:04.632Z"}},{"iob":0.031,"basaliob":-0.003,"bolussnooze":0,"activity":9.0E-4,"lastBolusTime":1703872396833,"time":"2023-12-29T21:48:04.632Z","iobWithZeroTemp":{"iob":-0.442,"basaliob":-0.476,"bolussnooze":0,"activity":-0.0045,"lastBolusTime":1703872396833,"time":"2023-12-29T21:48:04.632Z"}},{"iob":0.026,"basaliob":-0.003,"bolussnooze":0,"activity":8.0E-4,"lastBolusTime":1703872396833,"time":"2023-12-29T21:53:04.632Z","iobWithZeroTemp":{"iob":-0.449,"basaliob":-0.478,"bolussnooze":0,"activity":-0.0046,"lastBolusTime":1703872396833,"time":"2023-12-29T21:53:04.632Z"}},{"iob":0.023,"basaliob":-0.002,"bolussnooze":0,"activity":7.0E-4,"lastBolusTime":1703872396833,"time":"2023-12-29T21:58:04.632Z","iobWithZeroTemp":{"iob":-0.454,"basaliob":-0.479,"bolussnooze":0,"activity":-0.0048,"lastBolusTime":1703872396833,"time":"2023-12-29T21:58:04.632Z"}},{"iob":0.019,"basaliob":-0.002,"bolussnooze":0,"activity":6.0E-4,"lastBolusTime":1703872396833,"time":"2023-12-29T22:03:04.632Z","iobWithZeroTemp":{"iob":-0.456,"basaliob":-0.477,"bolussnooze":0,"activity":-0.0049,"lastBolusTime":1703872396833,"time":"2023-12-29T22:03:04.632Z"}},{"iob":0.016,"basaliob":-0.002,"bolussnooze":0,"activity":5.0E-4,"lastBolusTime":1703872396833,"time":"2023-12-29T22:08:04.632Z","iobWithZeroTemp":{"iob":-0.456,"basaliob":-0.474,"bolussnooze":0,"activity":-0.005,"lastBolusTime":1703872396833,"time":"2023-12-29T22:08:04.632Z"}},{"iob":0.013,"basaliob":-0.002,"bolussnooze":0,"activity":5.0E-4,"lastBolusTime":1703872396833,"time":"2023-12-29T22:13:04.632Z","iobWithZeroTemp":{"iob":-0.456,"basaliob":-0.471,"bolussnooze":0,"activity":-0.005,"lastBolusTime":1703872396833,"time":"2023-12-29T22:13:04.632Z"}},{"iob":0.012,"basaliob":-0.001,"bolussnooze":0,"activity":5.0E-4,"lastBolusTime":1703872396833,"time":"2023-12-29T22:18:04.632Z","iobWithZeroTemp":{"iob":-0.455,"basaliob":-0.468,"bolussnooze":0,"activity":-0.005,"lastBolusTime":1703872396833,"time":"2023-12-29T22:18:04.632Z"}},{"iob":0.01,"basaliob":-0.001,"bolussnooze":0,"activity":4.0E-4,"lastBolusTime":1703872396833,"time":"2023-12-29T22:23:04.632Z","iobWithZeroTemp":{"iob":-0.454,"basaliob":-0.465,"bolussnooze":0,"activity":-0.0051,"lastBolusTime":1703872396833,"time":"2023-12-29T22:23:04.632Z"}},{"iob":0.008,"basaliob":-0.001,"bolussnooze":0,"activity":3.0E-4,"lastBolusTime":1703872396833,"time":"2023-12-29T22:28:04.632Z","iobWithZeroTemp":{"iob":-0.453,"basaliob":-0.462,"bolussnooze":0,"activity":-0.0052,"lastBolusTime":1703872396833,"time":"2023-12-29T22:28:04.632Z"}},{"iob":0.006,"basaliob":-0.001,"bolussnooze":0,"activity":3.0E-4,"lastBolusTime":1703872396833,"time":"2023-12-29T22:33:04.632Z","iobWithZeroTemp":{"iob":-0.453,"basaliob":-0.46,"bolussnooze":0,"activity":-0.0052,"lastBolusTime":1703872396833,"time":"2023-12-29T22:33:04.632Z"}}],"profile":{"max_iob":10,"type":"current","max_daily_basal":0.35,"max_basal":0.4,"min_bg":75,"max_bg":75,"target_bg":75,"carb_ratio":8.5,"sens":110,"max_daily_safety_multiplier":3,"current_basal_safety_multiplier":4,"lgsThreshold":95,"high_temptarget_raises_sensitivity":true,"low_temptarget_lowers_sensitivity":true,"sensitivity_raises_target":true,"resistance_lowers_target":true,"adv_target_adjustments":false,"exercise_mode":false,"half_basal_exercise_target":160,"maxCOB":120,"skip_neutral_temps":false,"remainingCarbsCap":90,"enableUAM":true,"A52_risk_enable":false,"SMBInterval":3,"enableSMB_with_COB":true,"enableSMB_with_temptarget":true,"allowSMB_with_high_temptarget":false,"enableSMB_always":false,"enableSMB_after_carbs":true,"maxSMBBasalMinutes":45,"maxUAMSMBBasalMinutes":45,"bolus_increment":0.05,"carbsReqThreshold":2,"current_basal":0.1,"temptargetSet":true,"autosens_max":1.3,"autosens_min":0.7,"variable_sens":117.7,"insulinDivisor":75,"TDD":15.13100563095238},"autosens_data":{"ratio":1.0517611474998223},"meal_data":{"carbs":20,"mealCOB":5.51793181818182,"slopeFromMaxDeviation":-1.529625,"slopeFromMinDeviation":2.4293333333333336,"lastBolusTime":1703872396833,"lastCarbTime":1703870672687},"microBolusAllowed":true,"currentTime":1703875085234,"flatBGsDetected":false,"tdd1D":13.99583333333333,"tdd7D":16.405023809523808,"tddLast24H":17.254166666666666,"tddLast4H":3.9583333333333335,"tddLast8to4H":3.5666666666666673},"output":{"temp":"absolute","bg":131,"tick":-1,"eventualBG":39,"targetBG":75,"insulinReq":0,"deliverAt":"2023-12-29T18:38:05.234Z","sensitivityRatio":1.3,"variable_sens":117.7,"predBGs":{"IOB":[131,129,126,122,118,112,106,99,91,82,72,60,46,39],"ZT":[131,116,100,83,65,44,39,39,39,39,39,39,39,39,39,39,39,39,39,39,39,39,39,39,39,39,39,39,39,39,39,39,39,39,39,39,39,39,39,39,39,39,39,39,39,39,39,39],"COB":[131,129,126,122,117,112,106,100,93,85,77,68,60,53,46,40,39],"UAM":[131,128,125,120,114,107,98,88,76,62,47,39,39]},"reason":"COB: 5.5, Dev: 86, BGI: -15, ISF: 118, CR: 8.5, Target: 75, minPredBG -143, minGuardBG -143, IOBpredBG 39, COBpredBG 39, UAMpredBG 39; 16 add'l carbs req w\/in 40m; minGuardBG -143<95 115m left and 0 ~ req 0U\/hr: no temp required","COB":5.51793181818182,"IOB":1.829,"carbsReq":16,"carbsReqWithin":40,"timestamp":"2023-12-29T18:38:05.244Z"}}