{"algorithm":"OpenAPSSMBDynamicISFPlugin","input":{"glucoseStatus":{"glucose":90,"noise":0,"delta":0.5,"short_avgdelta":0.5,"long_avgdelta":0.56,"date":1703738863000},"currenttemp":{"temp":"absolute","duration":15,"rate":0,"minutesrunning":15},"iob_data":[{"iob":-0.332,"basaliob":-0.332,"bolussnooze":0,"activity":-0.0034,"lastBolusTime":1703717591088,"time":"2023-12-28T04:48:09.109Z","iobWithZeroTemp":{"iob":-0.332,"basaliob":-0.332,"bolussnooze":0,"activity":-0.0034,"lastBolusTime":1703717591088,"time":"2023-12-28T04:48:09.109Z"}},{"iob":-0.314,"basaliob":-0.314,"bolussnooze":0,"activity":-0.0035,"lastBolusTime":1703717591088,"time":"2023-12-28T04:53:09.109Z","iobWithZeroTemp":{"iob":-0.334,"basaliob":-0.334,"bolussnooze":0,"activity":-0.0035,"lastBolusTime":1703717591088,"time":"2023-12-28T04:53:09.109Z"}},{"iob":-0.297,"basaliob":-0.297,"bolussnooze":0,"activity":-0.0035,"lastBolusTime":0,"time":"2023-12-28T04:58:09.109Z","iobWithZeroTemp":{"iob":-0.342,"basaliob":-0.342,"bolussnooze":0,"activity":-0.0036,"lastBolusTime":0,"time":"2023-12-28T04:58:09.109Z"}},{"iob":-0.279,"basaliob":-0.279,"bolussnooze":0,"activity":-0.0035,"lastBolusTime":0,"time":"2023-12-28T05:03:09.109Z","iobWithZeroTemp":{"iob":-0.348,"basaliob":-0.348,"bolussnooze":0,"activity":-0.0037,"lastBolusTime":0,"time":"2023-12-28T05:03:09.109Z"}},{"iob":-0.262,"basaliob":-0.262,"bolussnooze":0,"activity":-0.0034,"lastBolusTime":0,"time":"2023-12-28T05:08:09.109Z","iobWithZeroTemp":{"iob":-0.355,"basaliob":-0.355,"bolussnooze":0,"activity":-0.0038,"lastBolusTime":0,"time":"2023-12-28T05:08:09.109Z"}},{"iob":-0.245,"basaliob":-0.245,"bolussnooze":0,"activity":-0.0033,"lastBolusTime":0,"time":"2023-12-28T05:13:09.109Z","iobWithZeroTemp":{"iob":-0.36,"basaliob":-0.36,"bolussnooze":0,"activity":-0.0038,"lastBolusTime":0,"time":"2023-12-28T05:13:09.109Z"}},{"iob":-0.228,"basaliob":-0.228,"bolussnooze":0,"activity":-0.0032,"lastBolusTime":0,"time":"2023-12-28T05:18:09.109Z","iobWithZeroTemp":{"iob":-0.365,"basaliob":-0.365,"bolussnooze":0,"activity":-0.0039,"lastBolusTime":0,"time":"2023-12-28T05:18:09.109Z"}},{"iob":-0.213,"basaliob":-0.213,"bolussnooze":0,"activity":-0.0031,"lastBolusTime":0,"time":"2023-12-28T05:23:09.109Z","iobWithZeroTemp":{"iob":-0.371,"basaliob":-0.371,"bolussnooze":0,"activity":-0.004,"lastBolusTime":0,"time":"2023-12-28T05:23:09.109Z"}},{"iob":-0.197,"basaliob":-0.197,"bolussnooze":0,"activity":-0.003,"lastBolusTime":0,"time":"2023-12-28T05:28:09.109Z","iobWithZeroTemp":{"iob":-0.375,"basaliob":-0.375,"bolussnooze":0,"activity":-0.0041,"lastBolusTime":0,"time":"2023-12-28T05:28:09.109Z"}},{"iob":-0.183,"basaliob":-0.183,"bolussnooze":0,"activity":-0.0028,"lastBolusTime":0,"time":"2023-12-28T05:33:09.109Z","iobWithZeroTemp":{"iob":-0.38,"basaliob":-0.38,"bolussnooze":0,"activity":-0.0041,"lastBolusTime":0,"time":"2023-12-28T05:33:09.109Z"}},{"iob":-0.169,"basaliob":-0.169,"bolussnooze":0,"activity":-0.0027,"lastBolusTime":0,"time":"2023-12-28T05:38:09.109Z","iobWithZeroTemp":{"iob":-0.384,"basaliob":-0.384,"bolussnooze":0,"activity":-0.0043,"lastBolusTime":0,"time":"2023-12-28T05:38:09.109Z"}},{"iob":-0.156,"basaliob":-0.156,"bolussnooze":0,"activity":-0.0026,"lastBolusTime":0,"time":"2023-12-28T05:43:09.109Z","iobWithZeroTemp":{"iob":-0.388,"basaliob":-0.388,"bolussnooze":0,"activity":-0.0044,"lastBolusTime":0,"time":"2023-12-28T05:43:09.109Z"}},{"iob":-0.143,"basaliob":-0.143,"bolussnooze":0,"activity":-0.0024,"lastBolusTime":0,"time":"2023-12-28T05:48:09.109Z","iobWithZeroTemp":{"iob":-0.39,"basaliob":-0.39,"bolussnooze":0,"activity":-0.0044,"lastBolusTime":0,"time":"2023-12-28T05:48:09.109Z"}},{"iob":-0.132,"basaliob":-0.132,"bolussnooze":0,"activity":-0.0023,"lastBolusTime":0,"time":"2023-12-28T05:53:09.109Z","iobWithZeroTemp":{"iob":-0.394,"basaliob":-0.394,"bolussnooze":0,"activity":-0.0045,"lastBolusTime":0,"time":"2023-12-28T05:53:09.109Z"}},{"iob":-0.121,"basaliob":-0.121,"bolussnooze":0,"activity":-0.0021,"lastBolusTime":0,"time":"2023-12-28T05:58:09.109Z","iobWithZeroTemp":{"iob":-0.397,"basaliob":-0.397,"bolussnooze":0,"activity":-0.0045,"lastBolusTime":0,"time":"2023-12-28T05:58:09.109Z"}},{"iob":-0.111,"basaliob":-0.111,"bolussnooze":0,"activity":-0.002,"lastBolusTime":0,"time":"2023-12-28T06:03:09.109Z","iobWithZeroTemp":{"iob":-0.399,"basaliob":-0.399,"bolussnooze":0,"activity":-0.0046,"lastBolusTime":0,"time":"2023-12-28T06:03:09.109Z"}},{"iob":-0.101,"basaliob":-0.101,"bolussnooze":0,"activity":-0.0018,"lastBolusTime":0,"time":"2023-12-28T06:08:09.109Z","iobWithZeroTemp":{"iob":-0.401,"basaliob":-0.401,"bolussnooze":0,"activity":-0.0045,"lastBolusTime":0,"time":"2023-12-28T06:08:09.109Z"}},{"iob":-0.092,"basaliob":-0.092,"bolussnooze":0,"activity":-0.0017,"lastBolusTime":0,"time":"2023-12-28T06:13:09.109Z","iobWithZeroTemp":{"iob":-0.403,"basaliob":-0.403,"bolussnooze":0,"activity":-0.0046,"lastBolusTime":0,"time":"2023-12-28T06:13:09.109Z"}},{"iob":-0.084,"basaliob":-0.084,"bolussnooze":0,"activity":-0.0016,"lastBolusTime":0,"time":"2023-12-28T06:18:09.109Z","iobWithZeroTemp":{"iob":-0.405,"basaliob":-0.405,"bolussnooze":0,"activity":-0.0047,"lastBolusTime":0,"time":"2023-12-28T06:18:09.109Z"}},{"iob":-0.076,"basaliob":-0.076,"bolussnooze":0,"activity":-0.0015,"lastBolusTime":0,"time":"2023-12-28T06:23:09.109Z","iobWithZeroTemp":{"iob":-0.406,"basaliob":-0.406,"bolussnooze":0,"activity":-0.0047,"lastBolusTime":0,"time":"2023-12-28T06:23:09.109Z"}},{"iob":-0.069,"basaliob":-0.069,"bolussnooze":0,"activity":-0.0013,"lastBolusTime":0,"time":"2023-12-28T06:28:09.109Z","iobWithZeroTemp":{"iob":-0.408,"basaliob":-0.408,"bolussnooze":0,"activity":-0.0047,"lastBolusTime":0,"time":"2023-12-28T06:28:09.109Z"}},{"iob":-0.063,"basaliob":-0.063,"bolussnooze":0,"activity":-0.0012,"lastBolusTime":0,"time":"2023-12-28T06:33:09.109Z","iobWithZeroTemp":{"iob":-0.41,"basaliob":-0.41,"bolussnooze":0,"activity":-0.0047,"lastBolusTime":0,"time":"2023-12-28T06:33:09.109Z"}},{"iob":-0.057,"basaliob":-0.057,"bolussnooze":0,"activity":-0.0011,"lastBolusTime":0,"time":"2023-12-28T06:38:09.109Z","iobWithZeroTemp":{"iob":-0.411,"basaliob":-0.411,"bolussnooze":0,"activity":-0.0047,"lastBolusTime":0,"time":"2023-12-28T06:38:09.109Z"}},{"iob":-0.051,"basaliob":-0.051,"bolussnooze":0,"activity":-0.001,"lastBolusTime":0,"time":"2023-12-28T06:43:09.109Z","iobWithZeroTemp":{"iob":-0.412,"basaliob":-0.412,"bolussnooze":0,"activity":-0.0047,"lastBolusTime":0,"time":"2023-12-28T06:43:09.109Z"}},{"iob":-0.046,"basaliob":-0.046,"bolussnooze":0,"activity":-0.001,"lastBolusTime":0,"time":"2023-12-28T06:48:09.109Z","iobWithZeroTemp":{"iob":-0.413,"basaliob":-0.413,"bolussnooze":0,"activity":-0.0049,"lastBolusTime":0,"time":"2023-12-28T06:48:09.109Z"}},{"iob":-0.042,"basaliob":-0.042,"bolussnooze":0,"activity":-9.0E-4,"lastBolusTime":0,"time":"2023-12-28T06:53:09.109Z","iobWithZeroTemp":{"iob":-0.414,"basaliob":-0.414,"bolussnooze":0,"activity":-0.0049,"lastBolusTime":0,"time":"2023-12-28T06:53:09.109Z"}},{"iob":-0.038,"basaliob":-0.038,"bolussnooze":0,"activity":-8.0E-4,"lastBolusTime":0,"time":"2023-12-28T06:58:09.109Z","iobWithZeroTemp":{"iob":-0.415,"basaliob":-0.415,"bolussnooze":0,"activity":-0.0048,"lastBolusTime":0,"time":"2023-12-28T06:58:09.109Z"}},{"iob":-0.034,"basaliob":-0.034,"bolussnooze":0,"activity":-7.0E-4,"lastBolusTime":0,"time":"2023-12-28T07:03:09.109Z","iobWithZeroTemp":{"iob":-0.416,"basaliob":-0.416,"bolussnooze":0,"activity":-0.0048,"lastBolusTime":0,"time":"2023-12-28T07:03:09.109Z"}},{"iob":-0.03,"basaliob":-0.03,"bolussnooze":0,"activity":-7.0E-4,"lastBolusTime":0,"time":"2023-12-28T07:08:09.109Z","iobWithZeroTemp":{"iob":-0.416,"basaliob":-0.416,"bolussnooze":0,"activity":-0.0049,"lastBolusTime":0,"time":"2023-12-28T07:08:09.109Z"}},{"iob":-0.027,"basaliob":-0.027,"bolussnooze":0,"activity":-6.0E-4,"lastBolusTime":0,"time":"2023-12-28T07:13:09.109Z","iobWithZeroTemp":{"iob":-0.417,"basaliob":-0.417,"bolussnooze":0,"activity":-0.0049,"lastBolusTime":0,"time":"2023-12-28T07:13:09.109Z"}},{"iob":-0.024,"basaliob":-0.024,"bolussnooze":0,"activity":-6.0E-4,"lastBolusTime":0,"time":"2023-12-28T07:18:09.109Z","iobWithZeroTemp":{"iob":-0.417,"basaliob":-0.417,"bolussnooze":0,"activity":-0.005,"lastBolusTime":0,"time":"2023-12-28T07:18:09.109Z"}},{"iob":-0.022,"basaliob":-0.022,"bolussnooze":0,"activity":-5.0E-4,"lastBolusTime":0,"time":"2023-12-28T07:23:09.109Z","iobWithZeroTemp":{"iob":-0.418,"basaliob":-0.418,"bolussnooze":0,"activity":-0.0049,"lastBolusTime":0,"time":"2023-12-28T07:23:09.109Z"}},{"iob":-0.019,"basaliob":-0.019,"bolussnooze":0,"activity":-5.0E-4,"lastBolusTime":0,"time":"2023-12-28T07:28:09.109Z","iobWithZeroTemp":{"iob":-0.418,"basaliob":-0.418,"bolussnooze":0,"activity":-0.005,"lastBolusTime":0,"time":"2023-12-28T07:28:09.109Z"}},{"iob":-0.017,"basaliob":-0.017,"bolussnooze":0,"activity":-4.0E-4,"lastBolusTime":0,"time":"2023-12-28T07:33:09.109Z","iobWithZeroTemp":{"iob":-0.418,"basaliob":-0.418,"bolussnooze":0,"activity":-0.0049,"lastBolusTime":0,"time":"2023-12-28T07:33:09.109Z"}},{"iob":-0.015,"basaliob":-0.015,"bolussnooze":0,"activity":-4.0E-4,"lastBolusTime":0,"time":"2023-12-28T07:38:09.109Z","iobWithZeroTemp":{"iob":-0.419,"basaliob":-0.419,"bolussnooze":0,"activity":-0.005,"lastBolusTime":0,"time":"2023-12-28T07:38:09.109Z"}},{"iob":-0.013,"basaliob":-0.013,"bolussnooze":0,"activity":-3.0E-4,"lastBolusTime":0,"time":"2023-12-28T07:43:09.109Z","iobWithZeroTemp":{"iob":-0.419,"basaliob":-0.419,"bolussnooze":0,"activity":-0.0049,"lastBolusTime":0,"time":"2023-12-28T07:43:09.109Z"}},{"iob":-0.012,"basaliob":-0.012,"bolussnooze":0,"activity":-3.0E-4,"lastBolusTime":0,"time":"2023-12-28T07:48:09.109Z","iobWithZeroTemp":{"iob":-0.419,"basaliob":-0.419,"bolussnooze":0,"activity":-0.005,"lastBolusTime":0,"time":"2023-12-28T07:48:09.109Z"}},{"iob":-0.01,"basaliob":-0.01,"bolussnooze":0,"activity":-3.0E-4,"lastBolusTime":0,"time":"2023-12-28T07:53:09.109Z","iobWithZeroTemp":{"iob":-0.419,"basaliob":-0.419,"bolussnooze":0,"activity":-0.005,"lastBolusTime":0,"time":"2023-12-28T07:53:09.109Z"}},{"iob":-0.009,"basaliob":-0.009,"bolussnooze":0,"activity":-2.0E-4,"lastBolusTime":0,"time":"2023-12-28T07:58:09.109Z","iobWithZeroTemp":{"iob":-0.42,"basaliob":-0.42,"bolussnooze":0,"activity":-0.0049,"lastBolusTime":0,"time":"2023-12-28T07:58:09.109Z"}},{"iob":-0.008,"basaliob":-0.008,"bolussnooze":0,"activity":-2.0E-4,"lastBolusTime":0,"time":"2023-12-28T08:03:09.109Z","iobWithZeroTemp":{"iob":-0.42,"basaliob":-0.42,"bolussnooze":0,"activity":-0.005,"lastBolusTime":0,"time":"2023-12-28T08:03:09.109Z"}},{"iob":-0.007,"basaliob":-0.007,"bolussnooze":0,"activity":-2.0E-4,"lastBolusTime":0,"time":"2023-12-28T08:08:09.109Z","iobWithZeroTemp":{"iob":-0.42,"basaliob":-0.42,"bolussnooze":0,"activity":-0.005,"lastBolusTime":0,"time":"2023-12-28T08:08:09.109Z"}},{"iob":-0.006,"basaliob":-0.006,"bolussnooze":0,"activity":-2.0E-4,"lastBolusTime":0,"time":"2023-12-28T08:13:09.109Z","iobWithZeroTemp":{"iob":-0.42,"basaliob":-0.42,"bolussnooze":0,"activity":-0.005,"lastBolusTime":0,"time":"2023-12-28T08:13:09.109Z"}},{"iob":-0.005,"basaliob":-0.005,"bolussnooze":0,"activity":-2.0E-4,"lastBolusTime":0,"time":"2023-12-28T08:18:09.109Z","iobWithZeroTemp":{"iob":-0.42,"basaliob":-0.42,"bolussnooze":0,"activity":-0.005,"lastBolusTime":0,"time":"2023-12-28T08:18:09.109Z"}},{"iob":-0.005,"basaliob":-0.005,"bolussnooze":0,"activity":-1.0E-4,"lastBolusTime":0,"time":"2023-12-28T08:23:09.109Z","iobWithZeroTemp":{"iob":-0.421,"basaliob":-0.421,"bolussnooze":0,"activity":-0.005,"lastBolusTime":0,"time":"2023-12-28T08:23:09.109Z"}},{"iob":-0.004,"basaliob":-0.004,"bolussnooze":0,"activity":-1.0E-4,"lastBolusTime":0,"time":"2023-12-28T08:28:09.109Z","iobWithZeroTemp":{"iob":-0.42,"basaliob":-0.42,"bolussnooze":0,"activity":-0.005,"lastBolusTime":0,"time":"2023-12-28T08:28:09.109Z"}},{"iob":-0.003,"basaliob":-0.003,"bolussnooze":0,"activity":-1.0E-4,"lastBolusTime":0,"time":"2023-12-28T08:33:09.109Z","iobWithZeroTemp":{"iob":-0.42,"basaliob":-0.42,"bolussnooze":0,"activity":-0.005,"lastBolusTime":0,"time":"2023-12-28T08:33:09.109Z"}},{"iob":-0.003,"basaliob":-0.003,"bolussnooze":0,"activity":-1.0E-4,"lastBolusTime":0,"time":"2023-12-28T08:38:09.109Z","iobWithZeroTemp":{"iob":-0.421,"basaliob":-0.421,"bolussnooze":0,"activity":-0.005,"lastBolusTime":0,"time":"2023-12-28T08:38:09.109Z"}},{"iob":-0.002,"basaliob":-0.002,"bolussnooze":0,"activity":-1.0E-4,"lastBolusTime":0,"time":"2023-12-28T08:43:09.109Z","iobWithZeroTemp":{"iob":-0.42,"basaliob":-0.42,"bolussnooze":0,"activity":-0.005,"lastBolusTime":0,"time":"2023-12-28T08:43:09.109Z"}}],"profile":{"max_iob":10,"type":"current","max_daily_basal":0.35,"max_basal":1.05,"min_bg":95,"max_bg":95,"target_bg":95,"carb_ratio":8.2,"sens":120,"max_daily_safety_multiplier":3,"current_basal_safety_multiplier":4,"lgsThreshold":95,"high_temptarget_raises_sensitivity":true,"low_temptarget_lowers_sensitivity":true,"sensitivity_raises_target":true,"resistance_lowers_target":true,"adv_target_adjustments":false,"exercise_mode":false,"half_basal_exercise_target":160,"maxCOB":120,"skip_neutral_temps":false,"remainingCarbsCap":90,"enableUAM":true,"A52_risk_enable":false,"SMBInterval":3,"enableSMB_with_COB":true,"enableSMB_with_temptarget":true,"allowSMB_with_high_temptarget":false,"enableSMB_always":false,"enableSMB_after_carbs":true,"maxSMBBasalMinutes":30,"maxUAMSMBBasalMinutes":45,"bolus_increment":0.05,"carbsReqThreshold":2,"current_basal":0.3,"temptargetSet":false,"autosens_max":1.3,"autosens_min":0.7,"variable_sens":209.9,"insulinDivisor":75,"TDD":10.877500898809524},"autosens_data":{"ratio":1.002242097823703},"meal_data":{"carbs":0,"mealCOB":0,"slopeFromMaxDeviation":-0.5749999999999998,"slopeFromMinDeviation":0.27300000000000013,"lastBolusTime":1703717591088,"lastCarbTime":0},"microBolusAllowed":true,"currentTime":1703738890484,"flatBGsDetected":false,"tdd1D":17.627083333333335,"tdd7D":16.608595238095237,"tddLast24H":16.645833333333336,"tddLast4H":0.3333333333333333,"tddLast8to4H":1.4666666666666668},"output":{"temp":"absolute","bg":90,"tick":"+1","eventualBG":142,"targetBG":95,"insulinReq":0,"deliverAt":"2023-12-28T04:48:10.484Z","sensitivityRatio":1.002242097823703,"variable_sens":209.9,"predBGs":{"IOB":[90,91,92,93,95,96,98,100,102,104,106,108,111,113,115,117,119,120,122,123,124,126,127,127,128,129,130,131,131,132,132,133,133,133,134,134,134,135,135,135,135,135,135,136],"ZT":[90,94,97,101,104,108,111]},"reason":"COB: 0, Dev: -18, BGI: 4, ISF: 210, CR: 8.2, Target: 95, minPredBG 122, minGuardBG 91, IOBpredBG 136; minGuardBG 91<95","COB":0,"IOB":-0.332,"duration":30,"rate":0,"timestamp":"2023-12-28T04:48:10.516Z"}}