{"algorithm":"OpenAPSSMBDynamicISFPlugin","input":{"glucoseStatus":{"glucose":96,"noise":0,"delta":4.11,"short_avgdelta":4.11,"long_avgdelta":1.69,"date":1703748463000},"currenttemp":{"temp":"absolute","duration":40,"rate":0,"minutesrunning":20},"iob_data":[{"iob":1.766,"basaliob":-0.295,"bolussnooze":1.9631,"activity":0.0053,"lastBolusTime":1703747935735,"time":"2023-12-28T07:28:01.648Z","iobWithZeroTemp":{"iob":1.766,"basaliob":-0.295,"bolussnooze":1.9631,"activity":0.0053,"lastBolusTime":1703747935735,"time":"2023-12-28T07:28:01.648Z"}},{"iob":1.732,"basaliob":-0.281,"bolussnooze":1.8142,"activity":0.0083,"lastBolusTime":1703747935735,"time":"2023-12-28T07:33:01.648Z","iobWithZeroTemp":{"iob":1.712,"basaliob":-0.301,"bolussnooze":1.8142,"activity":0.0083,"lastBolusTime":1703747935735,"time":"2023-12-28T07:33:01.648Z"}},{"iob":1.684,"basaliob":-0.267,"bolussnooze":1.6429,"activity":0.0106,"lastBolusTime":1703747935735,"time":"2023-12-28T07:38:01.648Z","iobWithZeroTemp":{"iob":1.639,"basaliob":-0.312,"bolussnooze":1.6429,"activity":0.0105,"lastBolusTime":1703747935735,"time":"2023-12-28T07:38:01.648Z"}},{"iob":1.627,"basaliob":-0.252,"bolussnooze":1.4641,"activity":0.0124,"lastBolusTime":1703747935735,"time":"2023-12-28T07:43:01.648Z","iobWithZeroTemp":{"iob":1.558,"basaliob":-0.321,"bolussnooze":1.4641,"activity":0.0122,"lastBolusTime":1703747935735,"time":"2023-12-28T07:43:01.648Z"}},{"iob":1.562,"basaliob":-0.237,"bolussnooze":1.2876,"activity":0.0136,"lastBolusTime":1703747935735,"time":"2023-12-28T07:48:01.648Z","iobWithZeroTemp":{"iob":1.469,"basaliob":-0.33,"bolussnooze":1.2876,"activity":0.0132,"lastBolusTime":1703747935735,"time":"2023-12-28T07:48:01.648Z"}},{"iob":1.492,"basaliob":-0.223,"bolussnooze":1.1199,"activity":0.0144,"lastBolusTime":1703747935735,"time":"2023-12-28T07:53:01.648Z","iobWithZeroTemp":{"iob":1.377,"basaliob":-0.338,"bolussnooze":1.1199,"activity":0.0139,"lastBolusTime":1703747935735,"time":"2023-12-28T07:53:01.648Z"}},{"iob":1.418,"basaliob":-0.209,"bolussnooze":0.9647,"activity":0.015,"lastBolusTime":1703747935735,"time":"2023-12-28T07:58:01.648Z","iobWithZeroTemp":{"iob":1.281,"basaliob":-0.346,"bolussnooze":0.9647,"activity":0.0143,"lastBolusTime":1703747935735,"time":"2023-12-28T07:58:01.648Z"}},{"iob":1.343,"basaliob":-0.195,"bolussnooze":0.824,"activity":0.0152,"lastBolusTime":1703747935735,"time":"2023-12-28T08:03:01.648Z","iobWithZeroTemp":{"iob":1.185,"basaliob":-0.353,"bolussnooze":0.824,"activity":0.0143,"lastBolusTime":1703747935735,"time":"2023-12-28T08:03:01.648Z"}},{"iob":1.267,"basaliob":-0.181,"bolussnooze":0.6983,"activity":0.0153,"lastBolusTime":1703747935735,"time":"2023-12-28T08:08:01.648Z","iobWithZeroTemp":{"iob":1.089,"basaliob":-0.359,"bolussnooze":0.6983,"activity":0.0142,"lastBolusTime":1703747935735,"time":"2023-12-28T08:08:01.648Z"}},{"iob":1.19,"basaliob":-0.169,"bolussnooze":0.5876,"activity":0.0151,"lastBolusTime":1703747935735,"time":"2023-12-28T08:13:01.648Z","iobWithZeroTemp":{"iob":0.993,"basaliob":-0.366,"bolussnooze":0.5876,"activity":0.0138,"lastBolusTime":1703747935735,"time":"2023-12-28T08:13:01.648Z"}},{"iob":1.116,"basaliob":-0.156,"bolussnooze":0.4911,"activity":0.0148,"lastBolusTime":1703747935735,"time":"2023-12-28T08:18:01.648Z","iobWithZeroTemp":{"iob":0.901,"basaliob":-0.371,"bolussnooze":0.4911,"activity":0.0132,"lastBolusTime":1703747935735,"time":"2023-12-28T08:18:01.648Z"}},{"iob":1.042,"basaliob":-0.145,"bolussnooze":0.4078,"activity":0.0144,"lastBolusTime":1703747935735,"time":"2023-12-28T08:23:01.648Z","iobWithZeroTemp":{"iob":0.81,"basaliob":-0.377,"bolussnooze":0.4078,"activity":0.0126,"lastBolusTime":1703747935735,"time":"2023-12-28T08:23:01.648Z"}},{"iob":0.972,"basaliob":-0.133,"bolussnooze":0.3365,"activity":0.0139,"lastBolusTime":1703747935735,"time":"2023-12-28T08:28:01.648Z","iobWithZeroTemp":{"iob":0.725,"basaliob":-0.38,"bolussnooze":0.3365,"activity":0.0119,"lastBolusTime":1703747935735,"time":"2023-12-28T08:28:01.648Z"}},{"iob":0.904,"basaliob":-0.123,"bolussnooze":0.2759,"activity":0.0134,"lastBolusTime":1703747935735,"time":"2023-12-28T08:33:01.648Z","iobWithZeroTemp":{"iob":0.642,"basaliob":-0.385,"bolussnooze":0.2759,"activity":0.0112,"lastBolusTime":1703747935735,"time":"2023-12-28T08:33:01.648Z"}},{"iob":0.838,"basaliob":-0.113,"bolussnooze":0.2248,"activity":0.0128,"lastBolusTime":1703747935735,"time":"2023-12-28T08:38:01.648Z","iobWithZeroTemp":{"iob":0.562,"basaliob":-0.389,"bolussnooze":0.2248,"activity":0.0104,"lastBolusTime":1703747935735,"time":"2023-12-28T08:38:01.648Z"}},{"iob":0.776,"basaliob":-0.104,"bolussnooze":0.182,"activity":0.0121,"lastBolusTime":1703747935735,"time":"2023-12-28T08:43:01.648Z","iobWithZeroTemp":{"iob":0.488,"basaliob":-0.392,"bolussnooze":0.182,"activity":0.0095,"lastBolusTime":1703747935735,"time":"2023-12-28T08:43:01.648Z"}},{"iob":0.717,"basaliob":-0.095,"bolussnooze":0.1463,"activity":0.0115,"lastBolusTime":1703747935735,"time":"2023-12-28T08:48:01.648Z","iobWithZeroTemp":{"iob":0.417,"basaliob":-0.395,"bolussnooze":0.1463,"activity":0.0088,"lastBolusTime":1703747935735,"time":"2023-12-28T08:48:01.648Z"}},{"iob":0.661,"basaliob":-0.087,"bolussnooze":0.1168,"activity":0.0108,"lastBolusTime":1703747935735,"time":"2023-12-28T08:53:01.648Z","iobWithZeroTemp":{"iob":0.35,"basaliob":-0.398,"bolussnooze":0.1168,"activity":0.0079,"lastBolusTime":1703747935735,"time":"2023-12-28T08:53:01.648Z"}},{"iob":0.609,"basaliob":-0.079,"bolussnooze":0.0925,"activity":0.0102,"lastBolusTime":1703747935735,"time":"2023-12-28T08:58:01.648Z","iobWithZeroTemp":{"iob":0.288,"basaliob":-0.4,"bolussnooze":0.0925,"activity":0.0071,"lastBolusTime":1703747935735,"time":"2023-12-28T08:58:01.648Z"}},{"iob":0.559,"basaliob":-0.072,"bolussnooze":0.0727,"activity":0.0096,"lastBolusTime":1703747935735,"time":"2023-12-28T09:03:01.648Z","iobWithZeroTemp":{"iob":0.233,"basaliob":-0.398,"bolussnooze":0.0727,"activity":0.0064,"lastBolusTime":1703747935735,"time":"2023-12-28T09:03:01.648Z"}},{"iob":0.512,"basaliob":-0.066,"bolussnooze":0.0566,"activity":0.009,"lastBolusTime":1703747935735,"time":"2023-12-28T09:08:01.648Z","iobWithZeroTemp":{"iob":0.181,"basaliob":-0.397,"bolussnooze":0.0566,"activity":0.0057,"lastBolusTime":1703747935735,"time":"2023-12-28T09:08:01.648Z"}},{"iob":0.469,"basaliob":-0.06,"bolussnooze":0.0436,"activity":0.0083,"lastBolusTime":1703747935735,"time":"2023-12-28T09:13:01.648Z","iobWithZeroTemp":{"iob":0.134,"basaliob":-0.395,"bolussnooze":0.0436,"activity":0.0048,"lastBolusTime":1703747935735,"time":"2023-12-28T09:13:01.648Z"}},{"iob":0.429,"basaliob":-0.054,"bolussnooze":0.0332,"activity":0.0078,"lastBolusTime":1703747935735,"time":"2023-12-28T09:18:01.648Z","iobWithZeroTemp":{"iob":0.091,"basaliob":-0.392,"bolussnooze":0.0332,"activity":0.0042,"lastBolusTime":1703747935735,"time":"2023-12-28T09:18:01.648Z"}},{"iob":0.391,"basaliob":-0.049,"bolussnooze":0.0249,"activity":0.0072,"lastBolusTime":1703747935735,"time":"2023-12-28T09:23:01.648Z","iobWithZeroTemp":{"iob":0.05,"basaliob":-0.39,"bolussnooze":0.0249,"activity":0.0036,"lastBolusTime":1703747935735,"time":"2023-12-28T09:23:01.648Z"}},{"iob":0.356,"basaliob":-0.045,"bolussnooze":0.0184,"activity":0.0067,"lastBolusTime":1703747935735,"time":"2023-12-28T09:28:01.648Z","iobWithZeroTemp":{"iob":0.013,"basaliob":-0.388,"bolussnooze":0.0184,"activity":0.003,"lastBolusTime":1703747935735,"time":"2023-12-28T09:28:01.648Z"}},{"iob":0.324,"basaliob":-0.04,"bolussnooze":0.0133,"activity":0.0062,"lastBolusTime":1703747935735,"time":"2023-12-28T09:33:01.648Z","iobWithZeroTemp":{"iob":-0.021,"basaliob":-0.385,"bolussnooze":0.0133,"activity":0.0024,"lastBolusTime":1703747935735,"time":"2023-12-28T09:33:01.648Z"}},{"iob":0.295,"basaliob":-0.036,"bolussnooze":0.0094,"activity":0.0058,"lastBolusTime":1703747935735,"time":"2023-12-28T09:38:01.648Z","iobWithZeroTemp":{"iob":-0.052,"basaliob":-0.383,"bolussnooze":0.0094,"activity":0.0019,"lastBolusTime":1703747935735,"time":"2023-12-28T09:38:01.648Z"}},{"iob":0.267,"basaliob":-0.033,"bolussnooze":0.0065,"activity":0.0053,"lastBolusTime":1703747935735,"time":"2023-12-28T09:43:01.648Z","iobWithZeroTemp":{"iob":-0.081,"basaliob":-0.381,"bolussnooze":0.0065,"activity":0.0014,"lastBolusTime":1703747935735,"time":"2023-12-28T09:43:01.648Z"}},{"iob":0.242,"basaliob":-0.029,"bolussnooze":0.0043,"activity":0.0049,"lastBolusTime":1703747935735,"time":"2023-12-28T09:48:01.648Z","iobWithZeroTemp":{"iob":-0.108,"basaliob":-0.379,"bolussnooze":0.0043,"activity":9.0E-4,"lastBolusTime":1703747935735,"time":"2023-12-28T09:48:01.648Z"}},{"iob":0.219,"basaliob":-0.026,"bolussnooze":0.0027,"activity":0.0044,"lastBolusTime":1703747935735,"time":"2023-12-28T09:53:01.648Z","iobWithZeroTemp":{"iob":-0.132,"basaliob":-0.377,"bolussnooze":0.0027,"activity":4.0E-4,"lastBolusTime":1703747935735,"time":"2023-12-28T09:53:01.648Z"}},{"iob":0.197,"basaliob":-0.024,"bolussnooze":0.0016,"activity":0.0041,"lastBolusTime":1703747935735,"time":"2023-12-28T09:58:01.648Z","iobWithZeroTemp":{"iob":-0.155,"basaliob":-0.376,"bolussnooze":0.0016,"activity":1.0E-4,"lastBolusTime":1703747935735,"time":"2023-12-28T09:58:01.648Z"}},{"iob":0.178,"basaliob":-0.021,"bolussnooze":8.0E-4,"activity":0.0037,"lastBolusTime":1703747935735,"time":"2023-12-28T10:03:01.648Z","iobWithZeroTemp":{"iob":-0.174,"basaliob":-0.373,"bolussnooze":8.0E-4,"activity":-4.0E-4,"lastBolusTime":1703747935735,"time":"2023-12-28T10:03:01.648Z"}},{"iob":0.159,"basaliob":-0.019,"bolussnooze":3.0E-4,"activity":0.0034,"lastBolusTime":1703747935735,"time":"2023-12-28T10:08:01.648Z","iobWithZeroTemp":{"iob":-0.194,"basaliob":-0.372,"bolussnooze":3.0E-4,"activity":-7.0E-4,"lastBolusTime":1703747935735,"time":"2023-12-28T10:08:01.648Z"}},{"iob":0.143,"basaliob":-0.017,"bolussnooze":1.0E-4,"activity":0.0031,"lastBolusTime":1703747935735,"time":"2023-12-28T10:13:01.648Z","iobWithZeroTemp":{"iob":-0.21,"basaliob":-0.37,"bolussnooze":1.0E-4,"activity":-0.001,"lastBolusTime":1703747935735,"time":"2023-12-28T10:13:01.648Z"}},{"iob":0.128,"basaliob":-0.015,"bolussnooze":0,"activity":0.0028,"lastBolusTime":1703747935735,"time":"2023-12-28T10:18:01.648Z","iobWithZeroTemp":{"iob":-0.225,"basaliob":-0.368,"bolussnooze":0,"activity":-0.0013,"lastBolusTime":1703747935735,"time":"2023-12-28T10:18:01.648Z"}},{"iob":0.115,"basaliob":-0.013,"bolussnooze":0,"activity":0.0026,"lastBolusTime":1703747935735,"time":"2023-12-28T10:23:01.648Z","iobWithZeroTemp":{"iob":-0.239,"basaliob":-0.367,"bolussnooze":0,"activity":-0.0015,"lastBolusTime":1703747935735,"time":"2023-12-28T10:23:01.648Z"}},{"iob":0.102,"basaliob":-0.012,"bolussnooze":0,"activity":0.0023,"lastBolusTime":1703747935735,"time":"2023-12-28T10:28:01.648Z","iobWithZeroTemp":{"iob":-0.252,"basaliob":-0.366,"bolussnooze":0,"activity":-0.0018,"lastBolusTime":1703747935735,"time":"2023-12-28T10:28:01.648Z"}},{"iob":0.092,"basaliob":-0.01,"bolussnooze":0,"activity":0.0021,"lastBolusTime":1703747935735,"time":"2023-12-28T10:33:01.648Z","iobWithZeroTemp":{"iob":-0.262,"basaliob":-0.364,"bolussnooze":0,"activity":-0.0021,"lastBolusTime":1703747935735,"time":"2023-12-28T10:33:01.648Z"}},{"iob":0.082,"basaliob":-0.009,"bolussnooze":0,"activity":0.002,"lastBolusTime":1703747935735,"time":"2023-12-28T10:38:01.648Z","iobWithZeroTemp":{"iob":-0.272,"basaliob":-0.363,"bolussnooze":0,"activity":-0.0022,"lastBolusTime":1703747935735,"time":"2023-12-28T10:38:01.648Z"}},{"iob":0.072,"basaliob":-0.008,"bolussnooze":0,"activity":0.0017,"lastBolusTime":1703747935735,"time":"2023-12-28T10:43:01.648Z","iobWithZeroTemp":{"iob":-0.282,"basaliob":-0.362,"bolussnooze":0,"activity":-0.0025,"lastBolusTime":1703747935735,"time":"2023-12-28T10:43:01.648Z"}},{"iob":0.064,"basaliob":-0.007,"bolussnooze":0,"activity":0.0016,"lastBolusTime":1703747935735,"time":"2023-12-28T10:48:01.648Z","iobWithZeroTemp":{"iob":-0.29,"basaliob":-0.361,"bolussnooze":0,"activity":-0.0026,"lastBolusTime":1703747935735,"time":"2023-12-28T10:48:01.648Z"}},{"iob":0.057,"basaliob":-0.006,"bolussnooze":0,"activity":0.0014,"lastBolusTime":1703747935735,"time":"2023-12-28T10:53:01.648Z","iobWithZeroTemp":{"iob":-0.297,"basaliob":-0.36,"bolussnooze":0,"activity":-0.0028,"lastBolusTime":1703747935735,"time":"2023-12-28T10:53:01.648Z"}},{"iob":0.05,"basaliob":-0.005,"bolussnooze":0,"activity":0.0012,"lastBolusTime":1703747935735,"time":"2023-12-28T10:58:01.648Z","iobWithZeroTemp":{"iob":-0.304,"basaliob":-0.359,"bolussnooze":0,"activity":-0.003,"lastBolusTime":1703747935735,"time":"2023-12-28T10:58:01.648Z"}},{"iob":0.044,"basaliob":-0.005,"bolussnooze":0,"activity":0.0012,"lastBolusTime":1703747935735,"time":"2023-12-28T11:03:01.648Z","iobWithZeroTemp":{"iob":-0.314,"basaliob":-0.363,"bolussnooze":0,"activity":-0.003,"lastBolusTime":1703747935735,"time":"2023-12-28T11:03:01.648Z"}},{"iob":0.039,"basaliob":-0.004,"bolussnooze":0,"activity":0.001,"lastBolusTime":1703747935735,"time":"2023-12-28T11:08:01.648Z","iobWithZeroTemp":{"iob":-0.323,"basaliob":-0.366,"bolussnooze":0,"activity":-0.0032,"lastBolusTime":1703747935735,"time":"2023-12-28T11:08:01.648Z"}},{"iob":0.033,"basaliob":-0.004,"bolussnooze":0,"activity":9.0E-4,"lastBolusTime":1703747935735,"time":"2023-12-28T11:13:01.648Z","iobWithZeroTemp":{"iob":-0.333,"basaliob":-0.37,"bolussnooze":0,"activity":-0.0033,"lastBolusTime":1703747935735,"time":"2023-12-28T11:13:01.648Z"}},{"iob":0.029,"basaliob":-0.003,"bolussnooze":0,"activity":8.0E-4,"lastBolusTime":1703747935735,"time":"2023-12-28T11:18:01.648Z","iobWithZeroTemp":{"iob":-0.34,"basaliob":-0.372,"bolussnooze":0,"activity":-0.0035,"lastBolusTime":1703747935735,"time":"2023-12-28T11:18:01.648Z"}},{"iob":0.025,"basaliob":-0.003,"bolussnooze":0,"activity":7.0E-4,"lastBolusTime":1703747935735,"time":"2023-12-28T11:23:01.648Z","iobWithZeroTemp":{"iob":-0.348,"basaliob":-0.376,"bolussnooze":0,"activity":-0.0036,"lastBolusTime":1703747935735,"time":"2023-12-28T11:23:01.648Z"}}],"profile":{"max_iob":10,"type":"current","max_daily_basal":0.35,"max_basal":1.05,"min_bg":90,"max_bg":90,"target_bg":90,"carb_ratio":8.2,"sens":110,"max_daily_safety_multiplier":3,"current_basal_safety_multiplier":4,"lgsThreshold":95,"high_temptarget_raises_sensitivity":true,"low_temptarget_lowers_sensitivity":true,"sensitivity_raises_target":true,"resistance_lowers_target":true,"adv_target_adjustments":false,"exercise_mode":false,"half_basal_exercise_target":160,"maxCOB":120,"skip_neutral_temps":false,"remainingCarbsCap":90,"enableUAM":true,"A52_risk_enable":false,"SMBInterval":3,"enableSMB_with_COB":true,"enableSMB_with_temptarget":true,"allowSMB_with_high_temptarget":false,"enableSMB_always":false,"enableSMB_after_carbs":true,"maxSMBBasalMinutes":30,"maxUAMSMBBasalMinutes":45,"bolus_increment":0.05,"carbsReqThreshold":2,"current_basal":0.3,"temptargetSet":false,"autosens_max":1.3,"autosens_min":0.7,"variable_sens":164.8,"insulinDivisor":75,"TDD":13.248427148809526},"autosens_data":{"ratio":1.116389821105251},"meal_data":{"carbs":15,"mealCOB":14.409972727272727,"slopeFromMaxDeviation":0,"slopeFromMinDeviation":1.7031999999999998,"lastBolusTime":1703747935735,"lastCarbTime":1703747927125},"microBolusAllowed":true,"currentTime":1703748481968,"flatBGsDetected":false,"tdd1D":17.627083333333335,"tdd7D":16.608595238095237,"tddLast24H":18.541666666666664,"tddLast4H":2.6958333333333333,"tddLast8to4H":0.6499999999999998},"output":{"temp":"absolute","bg":96,"tick":"+4","eventualBG":93,"targetBG":87,"insulinReq":0,"deliverAt":"2023-12-28T07:28:01.968Z","sensitivityRatio":1.116389821105251,"variable_sens":164.8,"predBGs":{"IOB":[96,99,100,98,93,87,78,68,54,39,39,39,39],"ZT":[96,92,85,75,63,49,39,39,39,39,39,39,39,39,39,39,39,39,39,39,39,39,39,39,39,39,39,39,39,39,39,39,39,39,39,39,39,39,39,39,39,39,39,39,39,39,39,39],"COB":[96,100,102,103,102,100,98,96,94,92,90,89,88,88,89,90,92,95,98,101,104,106,108,110,112,113,115,115,116,116,116,115,114,112,111,108,106,104,102,101,99,98,97,96,95,94,93],"UAM":[96,100,100,99,95,89,82,72,61,47,39,39,39]},"reason":"COB: 14.4, Dev: 51, BGI: -4, ISF: 165, CR: 8.2, Target: 87, minPredBG 75, minGuardBG 71, IOBpredBG 39, COBpredBG 93, UAMpredBG 39; 2 add'l carbs req w\/in 40m; minGuardBG 71<95 40m left and 0 ~ req 0U\/hr: no temp required","COB":14.409972727272727,"IOB":1.766,"carbsReq":2,"carbsReqWithin":40,"timestamp":"2023-12-28T07:28:01.973Z"}}