{"algorithm":"OpenAPSSMBDynamicISFPlugin","input":{"glucoseStatus":{"glucose":88,"noise":0,"delta":-7.17,"short_avgdelta":-7.17,"long_avgdelta":-2.14,"date":1703750563000},"currenttemp":{"temp":"absolute","duration":115,"rate":0,"minutesrunning":5},"iob_data":[{"iob":1.178,"basaliob":-0.357,"bolussnooze":0.8208,"activity":0.0142,"lastBolusTime":1703747935735,"time":"2023-12-28T08:03:08.822Z","iobWithZeroTemp":{"iob":1.178,"basaliob":-0.357,"bolussnooze":0.8208,"activity":0.0142,"lastBolusTime":1703747935735,"time":"2023-12-28T08:03:08.822Z"}},{"iob":1.108,"basaliob":-0.338,"bolussnooze":0.6955,"activity":0.0141,"lastBolusTime":1703747935735,"time":"2023-12-28T08:08:08.822Z","iobWithZeroTemp":{"iob":1.088,"basaliob":-0.358,"bolussnooze":0.6955,"activity":0.0141,"lastBolusTime":1703747935735,"time":"2023-12-28T08:08:08.822Z"}},{"iob":1.037,"basaliob":-0.32,"bolussnooze":0.5851,"activity":0.0138,"lastBolusTime":1703747935735,"time":"2023-12-28T08:13:08.822Z","iobWithZeroTemp":{"iob":0.992,"basaliob":-0.365,"bolussnooze":0.5851,"activity":0.0137,"lastBolusTime":1703747935735,"time":"2023-12-28T08:13:08.822Z"}},{"iob":0.969,"basaliob":-0.301,"bolussnooze":0.4889,"activity":0.0134,"lastBolusTime":1703747935735,"time":"2023-12-28T08:18:08.822Z","iobWithZeroTemp":{"iob":0.9,"basaliob":-0.37,"bolussnooze":0.4889,"activity":0.0132,"lastBolusTime":1703747935735,"time":"2023-12-28T08:18:08.822Z"}},{"iob":0.903,"basaliob":-0.282,"bolussnooze":0.4059,"activity":0.013,"lastBolusTime":1703747935735,"time":"2023-12-28T08:23:08.822Z","iobWithZeroTemp":{"iob":0.81,"basaliob":-0.375,"bolussnooze":0.4059,"activity":0.0126,"lastBolusTime":1703747935735,"time":"2023-12-28T08:23:08.822Z"}},{"iob":0.839,"basaliob":-0.264,"bolussnooze":0.3349,"activity":0.0125,"lastBolusTime":1703747935735,"time":"2023-12-28T08:28:08.822Z","iobWithZeroTemp":{"iob":0.724,"basaliob":-0.379,"bolussnooze":0.3349,"activity":0.012,"lastBolusTime":1703747935735,"time":"2023-12-28T08:28:08.822Z"}},{"iob":0.779,"basaliob":-0.246,"bolussnooze":0.2746,"activity":0.0119,"lastBolusTime":1703747935735,"time":"2023-12-28T08:33:08.822Z","iobWithZeroTemp":{"iob":0.642,"basaliob":-0.383,"bolussnooze":0.2746,"activity":0.0112,"lastBolusTime":1703747935735,"time":"2023-12-28T08:33:08.822Z"}},{"iob":0.721,"basaliob":-0.229,"bolussnooze":0.2237,"activity":0.0113,"lastBolusTime":1703747935735,"time":"2023-12-28T08:38:08.822Z","iobWithZeroTemp":{"iob":0.563,"basaliob":-0.387,"bolussnooze":0.2237,"activity":0.0104,"lastBolusTime":1703747935735,"time":"2023-12-28T08:38:08.822Z"}},{"iob":0.666,"basaliob":-0.212,"bolussnooze":0.181,"activity":0.0107,"lastBolusTime":1703747935735,"time":"2023-12-28T08:43:08.822Z","iobWithZeroTemp":{"iob":0.488,"basaliob":-0.39,"bolussnooze":0.181,"activity":0.0096,"lastBolusTime":1703747935735,"time":"2023-12-28T08:43:08.822Z"}},{"iob":0.613,"basaliob":-0.197,"bolussnooze":0.1455,"activity":0.0101,"lastBolusTime":1703747935735,"time":"2023-12-28T08:48:08.822Z","iobWithZeroTemp":{"iob":0.416,"basaliob":-0.394,"bolussnooze":0.1455,"activity":0.0088,"lastBolusTime":1703747935735,"time":"2023-12-28T08:48:08.822Z"}},{"iob":0.564,"basaliob":-0.182,"bolussnooze":0.1161,"activity":0.0095,"lastBolusTime":1703747935735,"time":"2023-12-28T08:53:08.822Z","iobWithZeroTemp":{"iob":0.349,"basaliob":-0.397,"bolussnooze":0.1161,"activity":0.0079,"lastBolusTime":1703747935735,"time":"2023-12-28T08:53:08.822Z"}},{"iob":0.518,"basaliob":-0.168,"bolussnooze":0.092,"activity":0.009,"lastBolusTime":1703747935735,"time":"2023-12-28T08:58:08.822Z","iobWithZeroTemp":{"iob":0.286,"basaliob":-0.4,"bolussnooze":0.092,"activity":0.0072,"lastBolusTime":1703747935735,"time":"2023-12-28T08:58:08.822Z"}},{"iob":0.476,"basaliob":-0.154,"bolussnooze":0.0722,"activity":0.0083,"lastBolusTime":1703747935735,"time":"2023-12-28T09:03:08.822Z","iobWithZeroTemp":{"iob":0.233,"basaliob":-0.397,"bolussnooze":0.0722,"activity":0.0063,"lastBolusTime":1703747935735,"time":"2023-12-28T09:03:08.822Z"}},{"iob":0.435,"basaliob":-0.142,"bolussnooze":0.0562,"activity":0.0078,"lastBolusTime":1703747935735,"time":"2023-12-28T09:08:08.822Z","iobWithZeroTemp":{"iob":0.181,"basaliob":-0.396,"bolussnooze":0.0562,"activity":0.0056,"lastBolusTime":1703747935735,"time":"2023-12-28T09:08:08.822Z"}},{"iob":0.398,"basaliob":-0.13,"bolussnooze":0.0433,"activity":0.0072,"lastBolusTime":1703747935735,"time":"2023-12-28T09:13:08.822Z","iobWithZeroTemp":{"iob":0.134,"basaliob":-0.394,"bolussnooze":0.0433,"activity":0.0049,"lastBolusTime":1703747935735,"time":"2023-12-28T09:13:08.822Z"}},{"iob":0.363,"basaliob":-0.119,"bolussnooze":0.0329,"activity":0.0067,"lastBolusTime":1703747935735,"time":"2023-12-28T09:18:08.822Z","iobWithZeroTemp":{"iob":0.091,"basaliob":-0.391,"bolussnooze":0.0329,"activity":0.0042,"lastBolusTime":1703747935735,"time":"2023-12-28T09:18:08.822Z"}},{"iob":0.33,"basaliob":-0.109,"bolussnooze":0.0247,"activity":0.0062,"lastBolusTime":1703747935735,"time":"2023-12-28T09:23:08.822Z","iobWithZeroTemp":{"iob":0.05,"basaliob":-0.389,"bolussnooze":0.0247,"activity":0.0036,"lastBolusTime":1703747935735,"time":"2023-12-28T09:23:08.822Z"}},{"iob":0.301,"basaliob":-0.099,"bolussnooze":0.0183,"activity":0.0058,"lastBolusTime":1703747935735,"time":"2023-12-28T09:28:08.822Z","iobWithZeroTemp":{"iob":0.013,"basaliob":-0.387,"bolussnooze":0.0183,"activity":0.003,"lastBolusTime":1703747935735,"time":"2023-12-28T09:28:08.822Z"}},{"iob":0.273,"basaliob":-0.09,"bolussnooze":0.0132,"activity":0.0053,"lastBolusTime":1703747935735,"time":"2023-12-28T09:33:08.822Z","iobWithZeroTemp":{"iob":-0.021,"basaliob":-0.384,"bolussnooze":0.0132,"activity":0.0024,"lastBolusTime":1703747935735,"time":"2023-12-28T09:33:08.822Z"}},{"iob":0.248,"basaliob":-0.082,"bolussnooze":0.0094,"activity":0.0049,"lastBolusTime":1703747935735,"time":"2023-12-28T09:38:08.822Z","iobWithZeroTemp":{"iob":-0.052,"basaliob":-0.382,"bolussnooze":0.0094,"activity":0.0019,"lastBolusTime":1703747935735,"time":"2023-12-28T09:38:08.822Z"}},{"iob":0.224,"basaliob":-0.075,"bolussnooze":0.0064,"activity":0.0046,"lastBolusTime":1703747935735,"time":"2023-12-28T09:43:08.822Z","iobWithZeroTemp":{"iob":-0.082,"basaliob":-0.381,"bolussnooze":0.0064,"activity":0.0015,"lastBolusTime":1703747935735,"time":"2023-12-28T09:43:08.822Z"}},{"iob":0.202,"basaliob":-0.068,"bolussnooze":0.0042,"activity":0.0042,"lastBolusTime":1703747935735,"time":"2023-12-28T09:48:08.822Z","iobWithZeroTemp":{"iob":-0.109,"basaliob":-0.379,"bolussnooze":0.0042,"activity":0.001,"lastBolusTime":1703747935735,"time":"2023-12-28T09:48:08.822Z"}},{"iob":0.183,"basaliob":-0.061,"bolussnooze":0.0027,"activity":0.0038,"lastBolusTime":1703747935735,"time":"2023-12-28T09:53:08.822Z","iobWithZeroTemp":{"iob":-0.132,"basaliob":-0.376,"bolussnooze":0.0027,"activity":5.0E-4,"lastBolusTime":1703747935735,"time":"2023-12-28T09:53:08.822Z"}},{"iob":0.165,"basaliob":-0.055,"bolussnooze":0.0015,"activity":0.0035,"lastBolusTime":1703747935735,"time":"2023-12-28T09:58:08.822Z","iobWithZeroTemp":{"iob":-0.154,"basaliob":-0.374,"bolussnooze":0.0015,"activity":1.0E-4,"lastBolusTime":1703747935735,"time":"2023-12-28T09:58:08.822Z"}},{"iob":0.148,"basaliob":-0.05,"bolussnooze":8.0E-4,"activity":0.0032,"lastBolusTime":1703747935735,"time":"2023-12-28T10:03:08.822Z","iobWithZeroTemp":{"iob":-0.175,"basaliob":-0.373,"bolussnooze":8.0E-4,"activity":-3.0E-4,"lastBolusTime":1703747935735,"time":"2023-12-28T10:03:08.822Z"}},{"iob":0.133,"basaliob":-0.045,"bolussnooze":3.0E-4,"activity":0.0029,"lastBolusTime":1703747935735,"time":"2023-12-28T10:08:08.822Z","iobWithZeroTemp":{"iob":-0.193,"basaliob":-0.371,"bolussnooze":3.0E-4,"activity":-7.0E-4,"lastBolusTime":1703747935735,"time":"2023-12-28T10:08:08.822Z"}},{"iob":0.119,"basaliob":-0.041,"bolussnooze":1.0E-4,"activity":0.0026,"lastBolusTime":1703747935735,"time":"2023-12-28T10:13:08.822Z","iobWithZeroTemp":{"iob":-0.21,"basaliob":-0.37,"bolussnooze":1.0E-4,"activity":-0.001,"lastBolusTime":1703747935735,"time":"2023-12-28T10:13:08.822Z"}},{"iob":0.107,"basaliob":-0.036,"bolussnooze":0,"activity":0.0024,"lastBolusTime":1703747935735,"time":"2023-12-28T10:18:08.822Z","iobWithZeroTemp":{"iob":-0.225,"basaliob":-0.368,"bolussnooze":0,"activity":-0.0013,"lastBolusTime":1703747935735,"time":"2023-12-28T10:18:08.822Z"}},{"iob":0.095,"basaliob":-0.033,"bolussnooze":0,"activity":0.0022,"lastBolusTime":1703747935735,"time":"2023-12-28T10:23:08.822Z","iobWithZeroTemp":{"iob":-0.239,"basaliob":-0.367,"bolussnooze":0,"activity":-0.0015,"lastBolusTime":1703747935735,"time":"2023-12-28T10:23:08.822Z"}},{"iob":0.085,"basaliob":-0.029,"bolussnooze":0,"activity":0.0019,"lastBolusTime":1703747935735,"time":"2023-12-28T10:28:08.822Z","iobWithZeroTemp":{"iob":-0.251,"basaliob":-0.365,"bolussnooze":0,"activity":-0.0019,"lastBolusTime":1703747935735,"time":"2023-12-28T10:28:08.822Z"}},{"iob":0.076,"basaliob":-0.026,"bolussnooze":0,"activity":0.0018,"lastBolusTime":1703747935735,"time":"2023-12-28T10:33:08.822Z","iobWithZeroTemp":{"iob":-0.262,"basaliob":-0.364,"bolussnooze":0,"activity":-0.002,"lastBolusTime":1703747935735,"time":"2023-12-28T10:33:08.822Z"}},{"iob":0.067,"basaliob":-0.023,"bolussnooze":0,"activity":0.0016,"lastBolusTime":1703747935735,"time":"2023-12-28T10:38:08.822Z","iobWithZeroTemp":{"iob":-0.273,"basaliob":-0.363,"bolussnooze":0,"activity":-0.0023,"lastBolusTime":1703747935735,"time":"2023-12-28T10:38:08.822Z"}},{"iob":0.059,"basaliob":-0.021,"bolussnooze":0,"activity":0.0014,"lastBolusTime":1703747935735,"time":"2023-12-28T10:43:08.822Z","iobWithZeroTemp":{"iob":-0.282,"basaliob":-0.362,"bolussnooze":0,"activity":-0.0025,"lastBolusTime":1703747935735,"time":"2023-12-28T10:43:08.822Z"}},{"iob":0.053,"basaliob":-0.018,"bolussnooze":0,"activity":0.0013,"lastBolusTime":1703747935735,"time":"2023-12-28T10:48:08.822Z","iobWithZeroTemp":{"iob":-0.289,"basaliob":-0.36,"bolussnooze":0,"activity":-0.0026,"lastBolusTime":1703747935735,"time":"2023-12-28T10:48:08.822Z"}},{"iob":0.047,"basaliob":-0.016,"bolussnooze":0,"activity":0.0012,"lastBolusTime":1703747935735,"time":"2023-12-28T10:53:08.822Z","iobWithZeroTemp":{"iob":-0.296,"basaliob":-0.359,"bolussnooze":0,"activity":-0.0028,"lastBolusTime":1703747935735,"time":"2023-12-28T10:53:08.822Z"}},{"iob":0.041,"basaliob":-0.014,"bolussnooze":0,"activity":0.001,"lastBolusTime":1703747935735,"time":"2023-12-28T10:58:08.822Z","iobWithZeroTemp":{"iob":-0.303,"basaliob":-0.358,"bolussnooze":0,"activity":-0.003,"lastBolusTime":1703747935735,"time":"2023-12-28T10:58:08.822Z"}},{"iob":0.035,"basaliob":-0.013,"bolussnooze":0,"activity":0.001,"lastBolusTime":1703747935735,"time":"2023-12-28T11:03:08.822Z","iobWithZeroTemp":{"iob":-0.315,"basaliob":-0.363,"bolussnooze":0,"activity":-0.003,"lastBolusTime":1703747935735,"time":"2023-12-28T11:03:08.822Z"}},{"iob":0.031,"basaliob":-0.011,"bolussnooze":0,"activity":8.0E-4,"lastBolusTime":1703747935735,"time":"2023-12-28T11:08:08.822Z","iobWithZeroTemp":{"iob":-0.323,"basaliob":-0.365,"bolussnooze":0,"activity":-0.0032,"lastBolusTime":1703747935735,"time":"2023-12-28T11:08:08.822Z"}},{"iob":0.027,"basaliob":-0.01,"bolussnooze":0,"activity":7.0E-4,"lastBolusTime":1703747935735,"time":"2023-12-28T11:13:08.822Z","iobWithZeroTemp":{"iob":-0.332,"basaliob":-0.369,"bolussnooze":0,"activity":-0.0034,"lastBolusTime":1703747935735,"time":"2023-12-28T11:13:08.822Z"}},{"iob":0.023,"basaliob":-0.009,"bolussnooze":0,"activity":7.0E-4,"lastBolusTime":1703747935735,"time":"2023-12-28T11:18:08.822Z","iobWithZeroTemp":{"iob":-0.341,"basaliob":-0.373,"bolussnooze":0,"activity":-0.0034,"lastBolusTime":1703747935735,"time":"2023-12-28T11:18:08.822Z"}},{"iob":0.02,"basaliob":-0.008,"bolussnooze":0,"activity":6.0E-4,"lastBolusTime":1703747935735,"time":"2023-12-28T11:23:08.822Z","iobWithZeroTemp":{"iob":-0.348,"basaliob":-0.376,"bolussnooze":0,"activity":-0.0036,"lastBolusTime":1703747935735,"time":"2023-12-28T11:23:08.822Z"}},{"iob":0.017,"basaliob":-0.007,"bolussnooze":0,"activity":5.0E-4,"lastBolusTime":1703747935735,"time":"2023-12-28T11:28:08.822Z","iobWithZeroTemp":{"iob":-0.355,"basaliob":-0.379,"bolussnooze":0,"activity":-0.0037,"lastBolusTime":1703747935735,"time":"2023-12-28T11:28:08.822Z"}},{"iob":0.015,"basaliob":-0.006,"bolussnooze":0,"activity":4.0E-4,"lastBolusTime":1703747935735,"time":"2023-12-28T11:33:08.822Z","iobWithZeroTemp":{"iob":-0.361,"basaliob":-0.382,"bolussnooze":0,"activity":-0.0039,"lastBolusTime":1703747935735,"time":"2023-12-28T11:33:08.822Z"}},{"iob":0.013,"basaliob":-0.005,"bolussnooze":0,"activity":5.0E-4,"lastBolusTime":1703747935735,"time":"2023-12-28T11:38:08.822Z","iobWithZeroTemp":{"iob":-0.366,"basaliob":-0.384,"bolussnooze":0,"activity":-0.0038,"lastBolusTime":1703747935735,"time":"2023-12-28T11:38:08.822Z"}},{"iob":0.011,"basaliob":-0.004,"bolussnooze":0,"activity":4.0E-4,"lastBolusTime":1703747935735,"time":"2023-12-28T11:43:08.822Z","iobWithZeroTemp":{"iob":-0.372,"basaliob":-0.387,"bolussnooze":0,"activity":-0.0039,"lastBolusTime":1703747935735,"time":"2023-12-28T11:43:08.822Z"}},{"iob":0.009,"basaliob":-0.004,"bolussnooze":0,"activity":3.0E-4,"lastBolusTime":1703747935735,"time":"2023-12-28T11:48:08.822Z","iobWithZeroTemp":{"iob":-0.377,"basaliob":-0.39,"bolussnooze":0,"activity":-0.0041,"lastBolusTime":1703747935735,"time":"2023-12-28T11:48:08.822Z"}},{"iob":0.008,"basaliob":-0.003,"bolussnooze":0,"activity":3.0E-4,"lastBolusTime":1703747935735,"time":"2023-12-28T11:53:08.822Z","iobWithZeroTemp":{"iob":-0.381,"basaliob":-0.392,"bolussnooze":0,"activity":-0.0041,"lastBolusTime":1703747935735,"time":"2023-12-28T11:53:08.822Z"}},{"iob":0.006,"basaliob":-0.003,"bolussnooze":0,"activity":2.0E-4,"lastBolusTime":1703747935735,"time":"2023-12-28T11:58:08.822Z","iobWithZeroTemp":{"iob":-0.386,"basaliob":-0.395,"bolussnooze":0,"activity":-0.0043,"lastBolusTime":1703747935735,"time":"2023-12-28T11:58:08.822Z"}}],"profile":{"max_iob":10,"type":"current","max_daily_basal":0.35,"max_basal":1.05,"min_bg":90,"max_bg":90,"target_bg":90,"carb_ratio":8.2,"sens":110,"max_daily_safety_multiplier":3,"current_basal_safety_multiplier":4,"lgsThreshold":95,"high_temptarget_raises_sensitivity":true,"low_temptarget_lowers_sensitivity":true,"sensitivity_raises_target":true,"resistance_lowers_target":true,"adv_target_adjustments":false,"exercise_mode":false,"half_basal_exercise_target":160,"maxCOB":120,"skip_neutral_temps":false,"remainingCarbsCap":90,"enableUAM":true,"A52_risk_enable":false,"SMBInterval":3,"enableSMB_with_COB":true,"enableSMB_with_temptarget":true,"allowSMB_with_high_temptarget":false,"enableSMB_always":false,"enableSMB_after_carbs":true,"maxSMBBasalMinutes":30,"maxUAMSMBBasalMinutes":45,"bolus_increment":0.05,"carbsReqThreshold":2,"current_basal":0.3,"temptargetSet":false,"autosens_max":1.3,"autosens_min":0.7,"variable_sens":175.9,"insulinDivisor":75,"TDD":13.183210898809524},"autosens_data":{"ratio":1.1051004858356472},"meal_data":{"carbs":15,"mealCOB":10.738236363636364,"slopeFromMaxDeviation":-2.1279999999999997,"slopeFromMinDeviation":0.35045454545454546,"lastBolusTime":1703747935735,"lastCarbTime":1703747927125},"microBolusAllowed":true,"currentTime":1703750590169,"flatBGsDetected":false,"tdd1D":17.627083333333335,"tdd7D":16.608595238095237,"tddLast24H":18.354166666666664,"tddLast4H":2.6958333333333333,"tddLast8to4H":0.5208333333333334},"output":{"temp":"absolute","bg":88,"tick":-7,"eventualBG":103,"targetBG":87,"insulinReq":0,"deliverAt":"2023-12-28T08:03:10.169Z","sensitivityRatio":1.1051004858356472,"variable_sens":175.9,"predBGs":{"IOB":[88,80,72,61,50,39,39,39,39,39,39,39,39],"ZT":[88,76,62,46,39,39,39,39,39,39,39,39,39,39,39,39,39,39,39,39,39,39,39,39,39,39,39,39,39,39,39,39,39,39,39,39,39,39,39,39,39,39,39,39,39,39,39,39],"COB":[88,81,74,67,61,56,51,46,42,39,39,39,39,39,39,39,39,39,39,39,42,45,49,53,57,61,64,68,72,75,79,82,85,88,91,93,95,97,99,100,102,103,103,104,104,104,104,103],"UAM":[88,79,66,51,39,39,39,39,39,39,39,39,39]},"reason":"COB: 10.7, Dev: 32, BGI: -12, ISF: 176, CR: 8.2, Target: 87, minPredBG -3, minGuardBG -54, IOBpredBG 39, COBpredBG 103, UAMpredBG 39; 3 add'l carbs req w\/in 0m; minGuardBG -54<95 115m left and 0 ~ req 0U\/hr: no temp required","COB":10.738236363636364,"IOB":1.178,"carbsReq":3,"carbsReqWithin":0,"timestamp":"2023-12-28T08:03:10.198Z"}}