{"algorithm":"OpenAPSSMBDynamicISFPlugin","input":{"glucoseStatus":{"glucose":118,"noise":0,"delta":0.61,"short_avgdelta":0.61,"long_avgdelta":0.07,"date":1703812965000},"currenttemp":{"temp":"absolute","duration":10,"rate":0.2,"minutesrunning":20},"iob_data":[{"iob":0.092,"basaliob":0.036,"bolussnooze":0,"activity":0.0012,"lastBolusTime":1703807594487,"time":"2023-12-29T01:23:12.145Z","iobWithZeroTemp":{"iob":0.092,"basaliob":0.036,"bolussnooze":0,"activity":0.0012,"lastBolusTime":1703807594487,"time":"2023-12-29T01:23:12.145Z"}},{"iob":0.086,"basaliob":0.035,"bolussnooze":0,"activity":0.0012,"lastBolusTime":1703807594487,"time":"2023-12-29T01:28:12.145Z","iobWithZeroTemp":{"iob":0.076,"basaliob":0.025,"bolussnooze":0,"activity":0.0012,"lastBolusTime":1703807594487,"time":"2023-12-29T01:28:12.145Z"}},{"iob":0.08,"basaliob":0.034,"bolussnooze":0,"activity":0.0011,"lastBolusTime":1703807594487,"time":"2023-12-29T01:33:12.145Z","iobWithZeroTemp":{"iob":0.058,"basaliob":0.012,"bolussnooze":0,"activity":0.0011,"lastBolusTime":1703807594487,"time":"2023-12-29T01:33:12.145Z"}},{"iob":0.074,"basaliob":0.033,"bolussnooze":0,"activity":0.0011,"lastBolusTime":1703807594487,"time":"2023-12-29T01:38:12.145Z","iobWithZeroTemp":{"iob":0.039,"basaliob":-0.002,"bolussnooze":0,"activity":0.001,"lastBolusTime":1703807594487,"time":"2023-12-29T01:38:12.145Z"}},{"iob":0.068,"basaliob":0.031,"bolussnooze":0,"activity":0.0011,"lastBolusTime":1703807594487,"time":"2023-12-29T01:43:12.145Z","iobWithZeroTemp":{"iob":0.022,"basaliob":-0.015,"bolussnooze":0,"activity":9.0E-4,"lastBolusTime":1703807594487,"time":"2023-12-29T01:43:12.145Z"}},{"iob":0.064,"basaliob":0.03,"bolussnooze":0,"activity":0.001,"lastBolusTime":1703807594487,"time":"2023-12-29T01:48:12.145Z","iobWithZeroTemp":{"iob":0.006,"basaliob":-0.028,"bolussnooze":0,"activity":7.0E-4,"lastBolusTime":1703807594487,"time":"2023-12-29T01:48:12.145Z"}},{"iob":0.058,"basaliob":0.028,"bolussnooze":0,"activity":9.0E-4,"lastBolusTime":1703807594487,"time":"2023-12-29T01:53:12.145Z","iobWithZeroTemp":{"iob":-0.011,"basaliob":-0.041,"bolussnooze":0,"activity":5.0E-4,"lastBolusTime":1703807594487,"time":"2023-12-29T01:53:12.145Z"}},{"iob":0.054,"basaliob":0.027,"bolussnooze":0,"activity":9.0E-4,"lastBolusTime":1703807594487,"time":"2023-12-29T01:58:12.145Z","iobWithZeroTemp":{"iob":-0.025,"basaliob":-0.052,"bolussnooze":0,"activity":4.0E-4,"lastBolusTime":1703807594487,"time":"2023-12-29T01:58:12.145Z"}},{"iob":0.049,"basaliob":0.025,"bolussnooze":0,"activity":8.0E-4,"lastBolusTime":1703807594487,"time":"2023-12-29T02:03:12.145Z","iobWithZeroTemp":{"iob":-0.044,"basaliob":-0.068,"bolussnooze":0,"activity":2.0E-4,"lastBolusTime":1703807594487,"time":"2023-12-29T02:03:12.145Z"}},{"iob":0.046,"basaliob":0.024,"bolussnooze":0,"activity":8.0E-4,"lastBolusTime":1703807594487,"time":"2023-12-29T02:08:12.145Z","iobWithZeroTemp":{"iob":-0.061,"basaliob":-0.083,"bolussnooze":0,"activity":1.0E-4,"lastBolusTime":1703807594487,"time":"2023-12-29T02:08:12.145Z"}},{"iob":0.041,"basaliob":0.022,"bolussnooze":0,"activity":7.0E-4,"lastBolusTime":1703807594487,"time":"2023-12-29T02:13:12.145Z","iobWithZeroTemp":{"iob":-0.079,"basaliob":-0.098,"bolussnooze":0,"activity":-1.0E-4,"lastBolusTime":1703807594487,"time":"2023-12-29T02:13:12.145Z"}},{"iob":0.038,"basaliob":0.021,"bolussnooze":0,"activity":7.0E-4,"lastBolusTime":1703807594487,"time":"2023-12-29T02:18:12.145Z","iobWithZeroTemp":{"iob":-0.094,"basaliob":-0.111,"bolussnooze":0,"activity":-2.0E-4,"lastBolusTime":1703807594487,"time":"2023-12-29T02:18:12.145Z"}},{"iob":0.035,"basaliob":0.019,"bolussnooze":0,"activity":7.0E-4,"lastBolusTime":1703807594487,"time":"2023-12-29T02:23:12.145Z","iobWithZeroTemp":{"iob":-0.108,"basaliob":-0.124,"bolussnooze":0,"activity":-4.0E-4,"lastBolusTime":1703807594487,"time":"2023-12-29T02:23:12.145Z"}},{"iob":0.032,"basaliob":0.018,"bolussnooze":0,"activity":6.0E-4,"lastBolusTime":1703807594487,"time":"2023-12-29T02:28:12.145Z","iobWithZeroTemp":{"iob":-0.122,"basaliob":-0.136,"bolussnooze":0,"activity":-6.0E-4,"lastBolusTime":1703807594487,"time":"2023-12-29T02:28:12.145Z"}},{"iob":0.029,"basaliob":0.017,"bolussnooze":0,"activity":6.0E-4,"lastBolusTime":1703807594487,"time":"2023-12-29T02:33:12.145Z","iobWithZeroTemp":{"iob":-0.136,"basaliob":-0.148,"bolussnooze":0,"activity":-7.0E-4,"lastBolusTime":1703807594487,"time":"2023-12-29T02:33:12.145Z"}},{"iob":0.027,"basaliob":0.016,"bolussnooze":0,"activity":5.0E-4,"lastBolusTime":1703807594487,"time":"2023-12-29T02:38:12.145Z","iobWithZeroTemp":{"iob":-0.147,"basaliob":-0.158,"bolussnooze":0,"activity":-0.001,"lastBolusTime":1703807594487,"time":"2023-12-29T02:38:12.145Z"}},{"iob":0.024,"basaliob":0.014,"bolussnooze":0,"activity":4.0E-4,"lastBolusTime":1703807594487,"time":"2023-12-29T02:43:12.145Z","iobWithZeroTemp":{"iob":-0.159,"basaliob":-0.169,"bolussnooze":0,"activity":-0.0012,"lastBolusTime":1703807594487,"time":"2023-12-29T02:43:12.145Z"}},{"iob":0.021,"basaliob":0.013,"bolussnooze":0,"activity":4.0E-4,"lastBolusTime":1703807594487,"time":"2023-12-29T02:48:12.145Z","iobWithZeroTemp":{"iob":-0.171,"basaliob":-0.179,"bolussnooze":0,"activity":-0.0013,"lastBolusTime":1703807594487,"time":"2023-12-29T02:48:12.145Z"}},{"iob":0.019,"basaliob":0.012,"bolussnooze":0,"activity":4.0E-4,"lastBolusTime":1703807594487,"time":"2023-12-29T02:53:12.145Z","iobWithZeroTemp":{"iob":-0.18,"basaliob":-0.187,"bolussnooze":0,"activity":-0.0014,"lastBolusTime":1703807594487,"time":"2023-12-29T02:53:12.145Z"}},{"iob":0.018,"basaliob":0.011,"bolussnooze":0,"activity":4.0E-4,"lastBolusTime":1703807594487,"time":"2023-12-29T02:58:12.145Z","iobWithZeroTemp":{"iob":-0.189,"basaliob":-0.196,"bolussnooze":0,"activity":-0.0015,"lastBolusTime":1703807594487,"time":"2023-12-29T02:58:12.145Z"}},{"iob":0.016,"basaliob":0.01,"bolussnooze":0,"activity":4.0E-4,"lastBolusTime":1703807594487,"time":"2023-12-29T03:03:12.145Z","iobWithZeroTemp":{"iob":-0.206,"basaliob":-0.212,"bolussnooze":0,"activity":-0.0017,"lastBolusTime":1703807594487,"time":"2023-12-29T03:03:12.145Z"}},{"iob":0.014,"basaliob":0.009,"bolussnooze":0,"activity":3.0E-4,"lastBolusTime":1703807594487,"time":"2023-12-29T03:08:12.145Z","iobWithZeroTemp":{"iob":-0.222,"basaliob":-0.227,"bolussnooze":0,"activity":-0.0019,"lastBolusTime":1703807594487,"time":"2023-12-29T03:08:12.145Z"}},{"iob":0.013,"basaliob":0.009,"bolussnooze":0,"activity":3.0E-4,"lastBolusTime":1703807594487,"time":"2023-12-29T03:13:12.145Z","iobWithZeroTemp":{"iob":-0.237,"basaliob":-0.241,"bolussnooze":0,"activity":-0.002,"lastBolusTime":1703807594487,"time":"2023-12-29T03:13:12.145Z"}},{"iob":0.012,"basaliob":0.008,"bolussnooze":0,"activity":2.0E-4,"lastBolusTime":1703807594487,"time":"2023-12-29T03:18:12.145Z","iobWithZeroTemp":{"iob":-0.251,"basaliob":-0.255,"bolussnooze":0,"activity":-0.0023,"lastBolusTime":1703807594487,"time":"2023-12-29T03:18:12.145Z"}},{"iob":0.01,"basaliob":0.007,"bolussnooze":0,"activity":2.0E-4,"lastBolusTime":1703807594487,"time":"2023-12-29T03:23:12.145Z","iobWithZeroTemp":{"iob":-0.265,"basaliob":-0.268,"bolussnooze":0,"activity":-0.0024,"lastBolusTime":1703807594487,"time":"2023-12-29T03:23:12.145Z"}},{"iob":0.009,"basaliob":0.006,"bolussnooze":0,"activity":2.0E-4,"lastBolusTime":1703807594487,"time":"2023-12-29T03:28:12.145Z","iobWithZeroTemp":{"iob":-0.278,"basaliob":-0.281,"bolussnooze":0,"activity":-0.0025,"lastBolusTime":1703807594487,"time":"2023-12-29T03:28:12.145Z"}},{"iob":0.009,"basaliob":0.006,"bolussnooze":0,"activity":2.0E-4,"lastBolusTime":1703807594487,"time":"2023-12-29T03:33:12.145Z","iobWithZeroTemp":{"iob":-0.289,"basaliob":-0.292,"bolussnooze":0,"activity":-0.0027,"lastBolusTime":1703807594487,"time":"2023-12-29T03:33:12.145Z"}},{"iob":0.007,"basaliob":0.005,"bolussnooze":0,"activity":2.0E-4,"lastBolusTime":1703807594487,"time":"2023-12-29T03:38:12.145Z","iobWithZeroTemp":{"iob":-0.301,"basaliob":-0.303,"bolussnooze":0,"activity":-0.0028,"lastBolusTime":1703807594487,"time":"2023-12-29T03:38:12.145Z"}},{"iob":0.007,"basaliob":0.005,"bolussnooze":0,"activity":2.0E-4,"lastBolusTime":1703807594487,"time":"2023-12-29T03:43:12.145Z","iobWithZeroTemp":{"iob":-0.31,"basaliob":-0.312,"bolussnooze":0,"activity":-0.0029,"lastBolusTime":1703807594487,"time":"2023-12-29T03:43:12.145Z"}},{"iob":0.006,"basaliob":0.004,"bolussnooze":0,"activity":1.0E-4,"lastBolusTime":1703807594487,"time":"2023-12-29T03:48:12.145Z","iobWithZeroTemp":{"iob":-0.32,"basaliob":-0.322,"bolussnooze":0,"activity":-0.0032,"lastBolusTime":1703807594487,"time":"2023-12-29T03:48:12.145Z"}},{"iob":0.005,"basaliob":0.004,"bolussnooze":0,"activity":1.0E-4,"lastBolusTime":1703807594487,"time":"2023-12-29T03:53:12.145Z","iobWithZeroTemp":{"iob":-0.33,"basaliob":-0.331,"bolussnooze":0,"activity":-0.0033,"lastBolusTime":1703807594487,"time":"2023-12-29T03:53:12.145Z"}},{"iob":0.004,"basaliob":0.003,"bolussnooze":0,"activity":1.0E-4,"lastBolusTime":1703807594487,"time":"2023-12-29T03:58:12.145Z","iobWithZeroTemp":{"iob":-0.338,"basaliob":-0.339,"bolussnooze":0,"activity":-0.0034,"lastBolusTime":1703807594487,"time":"2023-12-29T03:58:12.145Z"}},{"iob":0.004,"basaliob":0.003,"bolussnooze":0,"activity":1.0E-4,"lastBolusTime":1703807594487,"time":"2023-12-29T04:03:12.145Z","iobWithZeroTemp":{"iob":-0.345,"basaliob":-0.346,"bolussnooze":0,"activity":-0.0035,"lastBolusTime":1703807594487,"time":"2023-12-29T04:03:12.145Z"}},{"iob":0.004,"basaliob":0.003,"bolussnooze":0,"activity":1.0E-4,"lastBolusTime":1703807594487,"time":"2023-12-29T04:08:12.145Z","iobWithZeroTemp":{"iob":-0.352,"basaliob":-0.353,"bolussnooze":0,"activity":-0.0036,"lastBolusTime":1703807594487,"time":"2023-12-29T04:08:12.145Z"}},{"iob":0.004,"basaliob":0.003,"bolussnooze":0,"activity":1.0E-4,"lastBolusTime":1703807594487,"time":"2023-12-29T04:13:12.145Z","iobWithZeroTemp":{"iob":-0.358,"basaliob":-0.359,"bolussnooze":0,"activity":-0.0037,"lastBolusTime":1703807594487,"time":"2023-12-29T04:13:12.145Z"}},{"iob":0.003,"basaliob":0.002,"bolussnooze":0,"activity":1.0E-4,"lastBolusTime":1703807594487,"time":"2023-12-29T04:18:12.145Z","iobWithZeroTemp":{"iob":-0.365,"basaliob":-0.366,"bolussnooze":0,"activity":-0.0038,"lastBolusTime":1703807594487,"time":"2023-12-29T04:18:12.145Z"}},{"iob":0.003,"basaliob":0.002,"bolussnooze":0,"activity":0,"lastBolusTime":1703807594487,"time":"2023-12-29T04:23:12.145Z","iobWithZeroTemp":{"iob":-0.37,"basaliob":-0.371,"bolussnooze":0,"activity":-0.004,"lastBolusTime":1703807594487,"time":"2023-12-29T04:23:12.145Z"}},{"iob":0.002,"basaliob":0.002,"bolussnooze":0,"activity":0,"lastBolusTime":1703807594487,"time":"2023-12-29T04:28:12.145Z","iobWithZeroTemp":{"iob":-0.375,"basaliob":-0.375,"bolussnooze":0,"activity":-0.0041,"lastBolusTime":1703807594487,"time":"2023-12-29T04:28:12.145Z"}},{"iob":0.002,"basaliob":0.002,"bolussnooze":0,"activity":0,"lastBolusTime":1703807594487,"time":"2023-12-29T04:33:12.145Z","iobWithZeroTemp":{"iob":-0.38,"basaliob":-0.38,"bolussnooze":0,"activity":-0.0042,"lastBolusTime":1703807594487,"time":"2023-12-29T04:33:12.145Z"}},{"iob":0.001,"basaliob":0.001,"bolussnooze":0,"activity":0,"lastBolusTime":1703807594487,"time":"2023-12-29T04:38:12.145Z","iobWithZeroTemp":{"iob":-0.385,"basaliob":-0.385,"bolussnooze":0,"activity":-0.0043,"lastBolusTime":1703807594487,"time":"2023-12-29T04:38:12.145Z"}},{"iob":0.001,"basaliob":0.001,"bolussnooze":0,"activity":0,"lastBolusTime":1703807594487,"time":"2023-12-29T04:43:12.145Z","iobWithZeroTemp":{"iob":-0.388,"basaliob":-0.388,"bolussnooze":0,"activity":-0.0043,"lastBolusTime":1703807594487,"time":"2023-12-29T04:43:12.145Z"}},{"iob":0.001,"basaliob":0.001,"bolussnooze":0,"activity":0,"lastBolusTime":1703807594487,"time":"2023-12-29T04:48:12.145Z","iobWithZeroTemp":{"iob":-0.392,"basaliob":-0.392,"bolussnooze":0,"activity":-0.0044,"lastBolusTime":1703807594487,"time":"2023-12-29T04:48:12.145Z"}},{"iob":0.001,"basaliob":0.001,"bolussnooze":0,"activity":0,"lastBolusTime":1703807594487,"time":"2023-12-29T04:53:12.145Z","iobWithZeroTemp":{"iob":-0.394,"basaliob":-0.394,"bolussnooze":0,"activity":-0.0044,"lastBolusTime":1703807594487,"time":"2023-12-29T04:53:12.145Z"}},{"iob":0.001,"basaliob":0.001,"bolussnooze":0,"activity":0,"lastBolusTime":1703807594487,"time":"2023-12-29T04:58:12.145Z","iobWithZeroTemp":{"iob":-0.397,"basaliob":-0.397,"bolussnooze":0,"activity":-0.0045,"lastBolusTime":1703807594487,"time":"2023-12-29T04:58:12.145Z"}},{"iob":0.001,"basaliob":0.001,"bolussnooze":0,"activity":0,"lastBolusTime":1703807594487,"time":"2023-12-29T05:03:12.145Z","iobWithZeroTemp":{"iob":-0.4,"basaliob":-0.4,"bolussnooze":0,"activity":-0.0045,"lastBolusTime":1703807594487,"time":"2023-12-29T05:03:12.145Z"}},{"iob":0.001,"basaliob":0.001,"bolussnooze":0,"activity":0,"lastBolusTime":1703807594487,"time":"2023-12-29T05:08:12.145Z","iobWithZeroTemp":{"iob":-0.402,"basaliob":-0.402,"bolussnooze":0,"activity":-0.0046,"lastBolusTime":1703807594487,"time":"2023-12-29T05:08:12.145Z"}},{"iob":0,"basaliob":0,"bolussnooze":0,"activity":0,"lastBolusTime":1703807594487,"time":"2023-12-29T05:13:12.145Z","iobWithZeroTemp":{"iob":-0.405,"basaliob":-0.405,"bolussnooze":0,"activity":-0.0046,"lastBolusTime":1703807594487,"time":"2023-12-29T05:13:12.145Z"}},{"iob":0,"basaliob":0,"bolussnooze":0,"activity":0,"lastBolusTime":1703807594487,"time":"2023-12-29T05:18:12.145Z","iobWithZeroTemp":{"iob":-0.407,"basaliob":-0.407,"bolussnooze":0,"activity":-0.0047,"lastBolusTime":1703807594487,"time":"2023-12-29T05:18:12.145Z"}}],"profile":{"max_iob":10,"type":"current","max_daily_basal":0.35,"max_basal":0.6,"min_bg":95,"max_bg":95,"target_bg":95,"carb_ratio":8.5,"sens":120,"max_daily_safety_multiplier":3,"current_basal_safety_multiplier":4,"lgsThreshold":95,"high_temptarget_raises_sensitivity":true,"low_temptarget_lowers_sensitivity":true,"sensitivity_raises_target":true,"resistance_lowers_target":true,"adv_target_adjustments":false,"exercise_mode":false,"half_basal_exercise_target":160,"maxCOB":120,"skip_neutral_temps":false,"remainingCarbsCap":90,"enableUAM":true,"A52_risk_enable":false,"SMBInterval":3,"enableSMB_with_COB":true,"enableSMB_with_temptarget":true,"allowSMB_with_high_temptarget":false,"enableSMB_always":false,"enableSMB_after_carbs":true,"maxSMBBasalMinutes":45,"maxUAMSMBBasalMinutes":45,"bolus_increment":0.05,"carbsReqThreshold":2,"current_basal":0.15,"temptargetSet":false,"autosens_max":1.3,"autosens_min":0.7,"variable_sens":154.6,"insulinDivisor":75,"TDD":12.31829188095238},"autosens_data":{"ratio":0.8671124263618433},"meal_data":{"carbs":0,"mealCOB":0,"slopeFromMaxDeviation":-0.13518181818181818,"slopeFromMinDeviation":0.25766666666666665,"lastBolusTime":1703807594487,"lastCarbTime":0},"microBolusAllowed":true,"currentTime":1703812993711,"flatBGsDetected":false,"tdd1D":13.99583333333333,"tdd7D":16.405023809523808,"tddLast24H":14.224999999999998,"tddLast4H":1.4083333333333334,"tddLast8to4H":3.945833333333333},"output":{"temp":"absolute","bg":118,"tick":"+1","eventualBG":113,"targetBG":100,"insulinReq":0.08,"deliverAt":"2023-12-29T01:23:13.711Z","sensitivityRatio":0.8671124263618433,"variable_sens":154.6,"predBGs":{"IOB":[118,118,119,119,119,119,119,119,119,119,118,118,117,117,116,116,116,115,115,115,114,114,114,113,113,113,113,113,113,113,112],"ZT":[118,117,116,115,114,114,113,113,113,112,112,112,113,113,113],"UAM":[118,118,119,119,119,119,119,119,118,118,117,117,116,116,115,115,115,114,114,114,113,113,113,112,112,112,112,112,112,112,111]},"reason":"COB: 0, Dev: 9, BGI: -1, ISF: 155, CR: 8.5, Target: 100, minPredBG 112, minGuardBG 111, IOBpredBG 112, UAMpredBG 111; Eventual BG 113 >= 100, temp 0.20 < 0.29U\/hr. ","COB":0,"IOB":0.092,"duration":30,"rate":0.2900668639542765,"timestamp":"2023-12-29T01:23:13.743Z"}}