{"algorithm":"OpenAPSSMBDynamicISFPlugin","input":{"glucoseStatus":{"glucose":41,"noise":0,"delta":-6.61,"short_avgdelta":-6.61,"long_avgdelta":-8.73,"date":1703752063000},"currenttemp":{"temp":"absolute","duration":115,"rate":0,"minutesrunning":5},"iob_data":[{"iob":0.746,"basaliob":-0.359,"bolussnooze":0.3361,"activity":0.012,"lastBolusTime":1703747935735,"time":"2023-12-28T08:28:03.340Z","iobWithZeroTemp":{"iob":0.746,"basaliob":-0.359,"bolussnooze":0.3361,"activity":0.012,"lastBolusTime":1703747935735,"time":"2023-12-28T08:28:03.340Z"}},{"iob":0.687,"basaliob":-0.339,"bolussnooze":0.2756,"activity":0.0113,"lastBolusTime":1703747935735,"time":"2023-12-28T08:33:03.340Z","iobWithZeroTemp":{"iob":0.667,"basaliob":-0.359,"bolussnooze":0.2756,"activity":0.0113,"lastBolusTime":1703747935735,"time":"2023-12-28T08:33:03.340Z"}},{"iob":0.632,"basaliob":-0.319,"bolussnooze":0.2245,"activity":0.0106,"lastBolusTime":1703747935735,"time":"2023-12-28T08:38:03.340Z","iobWithZeroTemp":{"iob":0.587,"basaliob":-0.364,"bolussnooze":0.2245,"activity":0.0105,"lastBolusTime":1703747935735,"time":"2023-12-28T08:38:03.340Z"}},{"iob":0.58,"basaliob":-0.299,"bolussnooze":0.1817,"activity":0.0099,"lastBolusTime":1703747935735,"time":"2023-12-28T08:43:03.340Z","iobWithZeroTemp":{"iob":0.511,"basaliob":-0.368,"bolussnooze":0.1817,"activity":0.0097,"lastBolusTime":1703747935735,"time":"2023-12-28T08:43:03.340Z"}},{"iob":0.533,"basaliob":-0.279,"bolussnooze":0.1461,"activity":0.0093,"lastBolusTime":1703747935735,"time":"2023-12-28T08:48:03.340Z","iobWithZeroTemp":{"iob":0.44,"basaliob":-0.372,"bolussnooze":0.1461,"activity":0.0089,"lastBolusTime":1703747935735,"time":"2023-12-28T08:48:03.340Z"}},{"iob":0.488,"basaliob":-0.26,"bolussnooze":0.1166,"activity":0.0087,"lastBolusTime":1703747935735,"time":"2023-12-28T08:53:03.340Z","iobWithZeroTemp":{"iob":0.373,"basaliob":-0.375,"bolussnooze":0.1166,"activity":0.0082,"lastBolusTime":1703747935735,"time":"2023-12-28T08:53:03.340Z"}},{"iob":0.445,"basaliob":-0.242,"bolussnooze":0.0924,"activity":0.0081,"lastBolusTime":1703747935735,"time":"2023-12-28T08:58:03.340Z","iobWithZeroTemp":{"iob":0.308,"basaliob":-0.379,"bolussnooze":0.0924,"activity":0.0074,"lastBolusTime":1703747935735,"time":"2023-12-28T08:58:03.340Z"}},{"iob":0.407,"basaliob":-0.224,"bolussnooze":0.0726,"activity":0.0075,"lastBolusTime":1703747935735,"time":"2023-12-28T09:03:03.340Z","iobWithZeroTemp":{"iob":0.253,"basaliob":-0.378,"bolussnooze":0.0726,"activity":0.0066,"lastBolusTime":1703747935735,"time":"2023-12-28T09:03:03.340Z"}},{"iob":0.371,"basaliob":-0.207,"bolussnooze":0.0565,"activity":0.0069,"lastBolusTime":1703747935735,"time":"2023-12-28T09:08:03.340Z","iobWithZeroTemp":{"iob":0.201,"basaliob":-0.377,"bolussnooze":0.0565,"activity":0.0058,"lastBolusTime":1703747935735,"time":"2023-12-28T09:08:03.340Z"}},{"iob":0.338,"basaliob":-0.191,"bolussnooze":0.0435,"activity":0.0064,"lastBolusTime":1703747935735,"time":"2023-12-28T09:13:03.340Z","iobWithZeroTemp":{"iob":0.153,"basaliob":-0.376,"bolussnooze":0.0435,"activity":0.0051,"lastBolusTime":1703747935735,"time":"2023-12-28T09:13:03.340Z"}},{"iob":0.307,"basaliob":-0.176,"bolussnooze":0.0331,"activity":0.0059,"lastBolusTime":1703747935735,"time":"2023-12-28T09:18:03.340Z","iobWithZeroTemp":{"iob":0.108,"basaliob":-0.375,"bolussnooze":0.0331,"activity":0.0044,"lastBolusTime":1703747935735,"time":"2023-12-28T09:18:03.340Z"}},{"iob":0.278,"basaliob":-0.162,"bolussnooze":0.0249,"activity":0.0055,"lastBolusTime":1703747935735,"time":"2023-12-28T09:23:03.340Z","iobWithZeroTemp":{"iob":0.066,"basaliob":-0.374,"bolussnooze":0.0249,"activity":0.0038,"lastBolusTime":1703747935735,"time":"2023-12-28T09:23:03.340Z"}},{"iob":0.252,"basaliob":-0.149,"bolussnooze":0.0184,"activity":0.005,"lastBolusTime":1703747935735,"time":"2023-12-28T09:28:03.340Z","iobWithZeroTemp":{"iob":0.028,"basaliob":-0.373,"bolussnooze":0.0184,"activity":0.0032,"lastBolusTime":1703747935735,"time":"2023-12-28T09:28:03.340Z"}},{"iob":0.227,"basaliob":-0.137,"bolussnooze":0.0133,"activity":0.0046,"lastBolusTime":1703747935735,"time":"2023-12-28T09:33:03.340Z","iobWithZeroTemp":{"iob":-0.008,"basaliob":-0.372,"bolussnooze":0.0133,"activity":0.0026,"lastBolusTime":1703747935735,"time":"2023-12-28T09:33:03.340Z"}},{"iob":0.205,"basaliob":-0.125,"bolussnooze":0.0094,"activity":0.0043,"lastBolusTime":1703747935735,"time":"2023-12-28T09:38:03.340Z","iobWithZeroTemp":{"iob":-0.041,"basaliob":-0.371,"bolussnooze":0.0094,"activity":0.0021,"lastBolusTime":1703747935735,"time":"2023-12-28T09:38:03.340Z"}},{"iob":0.185,"basaliob":-0.114,"bolussnooze":0.0065,"activity":0.0039,"lastBolusTime":1703747935735,"time":"2023-12-28T09:43:03.340Z","iobWithZeroTemp":{"iob":-0.07,"basaliob":-0.369,"bolussnooze":0.0065,"activity":0.0016,"lastBolusTime":1703747935735,"time":"2023-12-28T09:43:03.340Z"}},{"iob":0.167,"basaliob":-0.104,"bolussnooze":0.0043,"activity":0.0036,"lastBolusTime":1703747935735,"time":"2023-12-28T09:48:03.340Z","iobWithZeroTemp":{"iob":-0.097,"basaliob":-0.368,"bolussnooze":0.0043,"activity":0.0011,"lastBolusTime":1703747935735,"time":"2023-12-28T09:48:03.340Z"}},{"iob":0.15,"basaliob":-0.095,"bolussnooze":0.0027,"activity":0.0032,"lastBolusTime":1703747935735,"time":"2023-12-28T09:53:03.340Z","iobWithZeroTemp":{"iob":-0.122,"basaliob":-0.367,"bolussnooze":0.0027,"activity":6.0E-4,"lastBolusTime":1703747935735,"time":"2023-12-28T09:53:03.340Z"}},{"iob":0.134,"basaliob":-0.086,"bolussnooze":0.0016,"activity":0.0029,"lastBolusTime":1703747935735,"time":"2023-12-28T09:58:03.340Z","iobWithZeroTemp":{"iob":-0.146,"basaliob":-0.366,"bolussnooze":0.0016,"activity":2.0E-4,"lastBolusTime":1703747935735,"time":"2023-12-28T09:58:03.340Z"}},{"iob":0.12,"basaliob":-0.078,"bolussnooze":8.0E-4,"activity":0.0027,"lastBolusTime":1703747935735,"time":"2023-12-28T10:03:03.340Z","iobWithZeroTemp":{"iob":-0.167,"basaliob":-0.365,"bolussnooze":8.0E-4,"activity":-2.0E-4,"lastBolusTime":1703747935735,"time":"2023-12-28T10:03:03.340Z"}},{"iob":0.107,"basaliob":-0.071,"bolussnooze":3.0E-4,"activity":0.0024,"lastBolusTime":1703747935735,"time":"2023-12-28T10:08:03.340Z","iobWithZeroTemp":{"iob":-0.186,"basaliob":-0.364,"bolussnooze":3.0E-4,"activity":-6.0E-4,"lastBolusTime":1703747935735,"time":"2023-12-28T10:08:03.340Z"}},{"iob":0.096,"basaliob":-0.064,"bolussnooze":1.0E-4,"activity":0.0022,"lastBolusTime":1703747935735,"time":"2023-12-28T10:13:03.340Z","iobWithZeroTemp":{"iob":-0.203,"basaliob":-0.363,"bolussnooze":1.0E-4,"activity":-9.0E-4,"lastBolusTime":1703747935735,"time":"2023-12-28T10:13:03.340Z"}},{"iob":0.085,"basaliob":-0.058,"bolussnooze":0,"activity":0.002,"lastBolusTime":1703747935735,"time":"2023-12-28T10:18:03.340Z","iobWithZeroTemp":{"iob":-0.219,"basaliob":-0.362,"bolussnooze":0,"activity":-0.0012,"lastBolusTime":1703747935735,"time":"2023-12-28T10:18:03.340Z"}},{"iob":0.076,"basaliob":-0.052,"bolussnooze":0,"activity":0.0018,"lastBolusTime":1703747935735,"time":"2023-12-28T10:23:03.340Z","iobWithZeroTemp":{"iob":-0.233,"basaliob":-0.361,"bolussnooze":0,"activity":-0.0015,"lastBolusTime":1703747935735,"time":"2023-12-28T10:23:03.340Z"}},{"iob":0.067,"basaliob":-0.047,"bolussnooze":0,"activity":0.0016,"lastBolusTime":1703747935735,"time":"2023-12-28T10:28:03.340Z","iobWithZeroTemp":{"iob":-0.246,"basaliob":-0.36,"bolussnooze":0,"activity":-0.0017,"lastBolusTime":1703747935735,"time":"2023-12-28T10:28:03.340Z"}},{"iob":0.06,"basaliob":-0.042,"bolussnooze":0,"activity":0.0015,"lastBolusTime":1703747935735,"time":"2023-12-28T10:33:03.340Z","iobWithZeroTemp":{"iob":-0.257,"basaliob":-0.359,"bolussnooze":0,"activity":-0.0019,"lastBolusTime":1703747935735,"time":"2023-12-28T10:33:03.340Z"}},{"iob":0.052,"basaliob":-0.038,"bolussnooze":0,"activity":0.0014,"lastBolusTime":1703747935735,"time":"2023-12-28T10:38:03.340Z","iobWithZeroTemp":{"iob":-0.269,"basaliob":-0.359,"bolussnooze":0,"activity":-0.0021,"lastBolusTime":1703747935735,"time":"2023-12-28T10:38:03.340Z"}},{"iob":0.046,"basaliob":-0.034,"bolussnooze":0,"activity":0.0011,"lastBolusTime":1703747935735,"time":"2023-12-28T10:43:03.340Z","iobWithZeroTemp":{"iob":-0.278,"basaliob":-0.358,"bolussnooze":0,"activity":-0.0024,"lastBolusTime":1703747935735,"time":"2023-12-28T10:43:03.340Z"}},{"iob":0.041,"basaliob":-0.03,"bolussnooze":0,"activity":0.0011,"lastBolusTime":1703747935735,"time":"2023-12-28T10:48:03.340Z","iobWithZeroTemp":{"iob":-0.286,"basaliob":-0.357,"bolussnooze":0,"activity":-0.0025,"lastBolusTime":1703747935735,"time":"2023-12-28T10:48:03.340Z"}},{"iob":0.036,"basaliob":-0.027,"bolussnooze":0,"activity":0.001,"lastBolusTime":1703747935735,"time":"2023-12-28T10:53:03.340Z","iobWithZeroTemp":{"iob":-0.293,"basaliob":-0.356,"bolussnooze":0,"activity":-0.0027,"lastBolusTime":1703747935735,"time":"2023-12-28T10:53:03.340Z"}},{"iob":0.031,"basaliob":-0.024,"bolussnooze":0,"activity":8.0E-4,"lastBolusTime":1703747935735,"time":"2023-12-28T10:58:03.340Z","iobWithZeroTemp":{"iob":-0.301,"basaliob":-0.356,"bolussnooze":0,"activity":-0.0029,"lastBolusTime":1703747935735,"time":"2023-12-28T10:58:03.340Z"}},{"iob":0.028,"basaliob":-0.021,"bolussnooze":0,"activity":8.0E-4,"lastBolusTime":1703747935735,"time":"2023-12-28T11:03:03.340Z","iobWithZeroTemp":{"iob":-0.31,"basaliob":-0.359,"bolussnooze":0,"activity":-0.003,"lastBolusTime":1703747935735,"time":"2023-12-28T11:03:03.340Z"}},{"iob":0.023,"basaliob":-0.019,"bolussnooze":0,"activity":6.0E-4,"lastBolusTime":1703747935735,"time":"2023-12-28T11:08:03.340Z","iobWithZeroTemp":{"iob":-0.321,"basaliob":-0.363,"bolussnooze":0,"activity":-0.0032,"lastBolusTime":1703747935735,"time":"2023-12-28T11:08:03.340Z"}},{"iob":0.02,"basaliob":-0.017,"bolussnooze":0,"activity":6.0E-4,"lastBolusTime":1703747935735,"time":"2023-12-28T11:13:03.340Z","iobWithZeroTemp":{"iob":-0.33,"basaliob":-0.367,"bolussnooze":0,"activity":-0.0033,"lastBolusTime":1703747935735,"time":"2023-12-28T11:13:03.340Z"}},{"iob":0.017,"basaliob":-0.015,"bolussnooze":0,"activity":5.0E-4,"lastBolusTime":1703747935735,"time":"2023-12-28T11:18:03.340Z","iobWithZeroTemp":{"iob":-0.338,"basaliob":-0.37,"bolussnooze":0,"activity":-0.0034,"lastBolusTime":1703747935735,"time":"2023-12-28T11:18:03.340Z"}},{"iob":0.015,"basaliob":-0.013,"bolussnooze":0,"activity":5.0E-4,"lastBolusTime":1703747935735,"time":"2023-12-28T11:23:03.340Z","iobWithZeroTemp":{"iob":-0.346,"basaliob":-0.374,"bolussnooze":0,"activity":-0.0035,"lastBolusTime":1703747935735,"time":"2023-12-28T11:23:03.340Z"}},{"iob":0.012,"basaliob":-0.012,"bolussnooze":0,"activity":4.0E-4,"lastBolusTime":1703747935735,"time":"2023-12-28T11:28:03.340Z","iobWithZeroTemp":{"iob":-0.353,"basaliob":-0.377,"bolussnooze":0,"activity":-0.0037,"lastBolusTime":1703747935735,"time":"2023-12-28T11:28:03.340Z"}},{"iob":0.011,"basaliob":-0.01,"bolussnooze":0,"activity":3.0E-4,"lastBolusTime":1703747935735,"time":"2023-12-28T11:33:03.340Z","iobWithZeroTemp":{"iob":-0.359,"basaliob":-0.38,"bolussnooze":0,"activity":-0.0038,"lastBolusTime":1703747935735,"time":"2023-12-28T11:33:03.340Z"}},{"iob":0.009,"basaliob":-0.009,"bolussnooze":0,"activity":4.0E-4,"lastBolusTime":1703747935735,"time":"2023-12-28T11:38:03.340Z","iobWithZeroTemp":{"iob":-0.365,"basaliob":-0.383,"bolussnooze":0,"activity":-0.0038,"lastBolusTime":1703747935735,"time":"2023-12-28T11:38:03.340Z"}},{"iob":0.007,"basaliob":-0.008,"bolussnooze":0,"activity":3.0E-4,"lastBolusTime":1703747935735,"time":"2023-12-28T11:43:03.340Z","iobWithZeroTemp":{"iob":-0.371,"basaliob":-0.386,"bolussnooze":0,"activity":-0.0039,"lastBolusTime":1703747935735,"time":"2023-12-28T11:43:03.340Z"}},{"iob":0.006,"basaliob":-0.007,"bolussnooze":0,"activity":2.0E-4,"lastBolusTime":1703747935735,"time":"2023-12-28T11:48:03.340Z","iobWithZeroTemp":{"iob":-0.376,"basaliob":-0.389,"bolussnooze":0,"activity":-0.0041,"lastBolusTime":1703747935735,"time":"2023-12-28T11:48:03.340Z"}},{"iob":0.005,"basaliob":-0.006,"bolussnooze":0,"activity":2.0E-4,"lastBolusTime":1703747935735,"time":"2023-12-28T11:53:03.340Z","iobWithZeroTemp":{"iob":-0.38,"basaliob":-0.391,"bolussnooze":0,"activity":-0.0041,"lastBolusTime":1703747935735,"time":"2023-12-28T11:53:03.340Z"}},{"iob":0.004,"basaliob":-0.005,"bolussnooze":0,"activity":2.0E-4,"lastBolusTime":1703747935735,"time":"2023-12-28T11:58:03.340Z","iobWithZeroTemp":{"iob":-0.385,"basaliob":-0.394,"bolussnooze":0,"activity":-0.0042,"lastBolusTime":1703747935735,"time":"2023-12-28T11:58:03.340Z"}},{"iob":0.004,"basaliob":-0.004,"bolussnooze":0,"activity":2.0E-4,"lastBolusTime":1703747935735,"time":"2023-12-28T12:03:03.340Z","iobWithZeroTemp":{"iob":-0.387,"basaliob":-0.395,"bolussnooze":0,"activity":-0.0042,"lastBolusTime":1703747935735,"time":"2023-12-28T12:03:03.340Z"}},{"iob":0.002,"basaliob":-0.004,"bolussnooze":0,"activity":1.0E-4,"lastBolusTime":1703747935735,"time":"2023-12-28T12:08:03.340Z","iobWithZeroTemp":{"iob":-0.392,"basaliob":-0.398,"bolussnooze":0,"activity":-0.0044,"lastBolusTime":1703747935735,"time":"2023-12-28T12:08:03.340Z"}},{"iob":0.002,"basaliob":-0.003,"bolussnooze":0,"activity":1.0E-4,"lastBolusTime":1703747935735,"time":"2023-12-28T12:13:03.340Z","iobWithZeroTemp":{"iob":-0.395,"basaliob":-0.4,"bolussnooze":0,"activity":-0.0044,"lastBolusTime":1703747935735,"time":"2023-12-28T12:13:03.340Z"}},{"iob":0.001,"basaliob":-0.003,"bolussnooze":0,"activity":1.0E-4,"lastBolusTime":1703747935735,"time":"2023-12-28T12:18:03.340Z","iobWithZeroTemp":{"iob":-0.398,"basaliob":-0.402,"bolussnooze":0,"activity":-0.0045,"lastBolusTime":1703747935735,"time":"2023-12-28T12:18:03.340Z"}},{"iob":0.001,"basaliob":-0.002,"bolussnooze":0,"activity":1.0E-4,"lastBolusTime":1703747935735,"time":"2023-12-28T12:23:03.340Z","iobWithZeroTemp":{"iob":-0.4,"basaliob":-0.403,"bolussnooze":0,"activity":-0.0045,"lastBolusTime":1703747935735,"time":"2023-12-28T12:23:03.340Z"}}],"profile":{"max_iob":0,"type":"current","max_daily_basal":0.35,"max_basal":1.05,"min_bg":135,"max_bg":135,"target_bg":135,"carb_ratio":8.5,"sens":110,"max_daily_safety_multiplier":3,"current_basal_safety_multiplier":4,"lgsThreshold":95,"high_temptarget_raises_sensitivity":true,"low_temptarget_lowers_sensitivity":true,"sensitivity_raises_target":true,"resistance_lowers_target":true,"adv_target_adjustments":false,"exercise_mode":false,"half_basal_exercise_target":160,"maxCOB":120,"skip_neutral_temps":false,"remainingCarbsCap":90,"enableUAM":true,"A52_risk_enable":false,"SMBInterval":3,"enableSMB_with_COB":true,"enableSMB_with_temptarget":true,"allowSMB_with_high_temptarget":false,"enableSMB_always":false,"enableSMB_after_carbs":true,"maxSMBBasalMinutes":30,"maxUAMSMBBasalMinutes":45,"bolus_increment":0.05,"carbsReqThreshold":2,"current_basal":0.3,"temptargetSet":true,"autosens_max":1.3,"autosens_min":0.7,"variable_sens":314.6,"insulinDivisor":75,"TDD":13.117994648809523},"autosens_data":{"ratio":0.9856844060949509},"meal_data":{"carbs":28,"mealCOB":21.84732727272727,"slopeFromMaxDeviation":-1.2283333333333333,"slopeFromMinDeviation":0.9106666666666665,"lastBolusTime":1703747935735,"lastCarbTime":1703752057000},"microBolusAllowed":true,"currentTime":1703752083899,"flatBGsDetected":false,"tdd1D":17.627083333333335,"tdd7D":16.608595238095237,"tddLast24H":16.370833333333334,"tddLast4H":2.720833333333333,"tddLast8to4H":0.3333333333333333},"output":{"temp":"absolute","bg":41,"tick":-7,"eventualBG":401,"targetBG":135,"insulinReq":0,"deliverAt":"2023-12-28T08:28:03.899Z","sensitivityRatio":0.63,"variable_sens":314.6,"predBGs":{"IOB":[41,39,39,39,39,39,39,39,39,39,39,39,39],"ZT":[41,39,39,39,39,39,39,39,39,39,39,39,39,39,39,39,39,39,39,39,39,39,39,39,39,39,39,39,39,39,39,39,39,39,39,39,39,39,39,39,39,39,39,39,39,39,39,39],"COB":[41,39,39,39,39,39,39,39,39,39,40,46,54,63,73,83,95,107,120,134,149,165,181,198,215,233,252,271,291,311,330,349,368,385,401],"UAM":[41,39,39,39,39,39,39,39,39,39,39,39,39]},"reason":"COB: 21.8, Dev: 74, BGI: -19, ISF: 315, CR: 8.5, Target: 135, minPredBG 120, minGuardBG -16, IOBpredBG 39, COBpredBG 401, UAMpredBG 39; minGuardBG -16<95 115m left and 0 ~ req 0U\/hr: no temp required","COB":21.84732727272727,"IOB":0.746,"timestamp":"2023-12-28T08:28:03.908Z"}}