{"algorithm":"OpenAPSSMBDynamicISFPlugin","input":{"glucoseStatus":{"glucose":135,"noise":0,"delta":-13.44,"short_avgdelta":-13.44,"long_avgdelta":-6.41,"date":1703874167000},"currenttemp":{"temp":"absolute","duration":100,"rate":0,"minutesrunning":20},"iob_data":[{"iob":2.26,"basaliob":-0.076,"bolussnooze":1.0539,"activity":0.028,"lastBolusTime":1703872396833,"time":"2023-12-29T18:23:07.084Z","iobWithZeroTemp":{"iob":2.26,"basaliob":-0.076,"bolussnooze":1.0539,"activity":0.028,"lastBolusTime":1703872396833,"time":"2023-12-29T18:23:07.084Z"}},{"iob":2.121,"basaliob":-0.073,"bolussnooze":0.8938,"activity":0.0276,"lastBolusTime":1703872396833,"time":"2023-12-29T18:28:07.084Z","iobWithZeroTemp":{"iob":2.114,"basaliob":-0.08,"bolussnooze":0.8938,"activity":0.0276,"lastBolusTime":1703872396833,"time":"2023-12-29T18:28:07.084Z"}},{"iob":1.985,"basaliob":-0.07,"bolussnooze":0.7524,"activity":0.027,"lastBolusTime":1703872396833,"time":"2023-12-29T18:33:07.084Z","iobWithZeroTemp":{"iob":1.97,"basaliob":-0.085,"bolussnooze":0.7524,"activity":0.027,"lastBolusTime":1703872396833,"time":"2023-12-29T18:33:07.084Z"}},{"iob":1.852,"basaliob":-0.067,"bolussnooze":0.6291,"activity":0.0261,"lastBolusTime":1703872396833,"time":"2023-12-29T18:38:07.084Z","iobWithZeroTemp":{"iob":1.829,"basaliob":-0.09,"bolussnooze":0.6291,"activity":0.026,"lastBolusTime":1703872396833,"time":"2023-12-29T18:38:07.084Z"}},{"iob":1.724,"basaliob":-0.063,"bolussnooze":0.5225,"activity":0.0251,"lastBolusTime":1703872396833,"time":"2023-12-29T18:43:07.084Z","iobWithZeroTemp":{"iob":1.693,"basaliob":-0.094,"bolussnooze":0.5225,"activity":0.025,"lastBolusTime":1703872396833,"time":"2023-12-29T18:43:07.084Z"}},{"iob":1.601,"basaliob":-0.06,"bolussnooze":0.4312,"activity":0.0241,"lastBolusTime":1703872396833,"time":"2023-12-29T18:48:07.084Z","iobWithZeroTemp":{"iob":1.563,"basaliob":-0.098,"bolussnooze":0.4312,"activity":0.0239,"lastBolusTime":1703872396833,"time":"2023-12-29T18:48:07.084Z"}},{"iob":1.484,"basaliob":-0.056,"bolussnooze":0.3536,"activity":0.0229,"lastBolusTime":1703872396833,"time":"2023-12-29T18:53:07.084Z","iobWithZeroTemp":{"iob":1.438,"basaliob":-0.102,"bolussnooze":0.3536,"activity":0.0227,"lastBolusTime":1703872396833,"time":"2023-12-29T18:53:07.084Z"}},{"iob":1.371,"basaliob":-0.053,"bolussnooze":0.2881,"activity":0.0218,"lastBolusTime":1703872396833,"time":"2023-12-29T18:58:07.084Z","iobWithZeroTemp":{"iob":1.318,"basaliob":-0.106,"bolussnooze":0.2881,"activity":0.0215,"lastBolusTime":1703872396833,"time":"2023-12-29T18:58:07.084Z"}},{"iob":1.265,"basaliob":-0.05,"bolussnooze":0.2331,"activity":0.0206,"lastBolusTime":1703872396833,"time":"2023-12-29T19:03:07.084Z","iobWithZeroTemp":{"iob":1.185,"basaliob":-0.13,"bolussnooze":0.2331,"activity":0.0202,"lastBolusTime":1703872396833,"time":"2023-12-29T19:03:07.084Z"}},{"iob":1.166,"basaliob":-0.046,"bolussnooze":0.1874,"activity":0.0195,"lastBolusTime":1703872396833,"time":"2023-12-29T19:08:07.084Z","iobWithZeroTemp":{"iob":1.06,"basaliob":-0.152,"bolussnooze":0.1874,"activity":0.019,"lastBolusTime":1703872396833,"time":"2023-12-29T19:08:07.084Z"}},{"iob":1.071,"basaliob":-0.043,"bolussnooze":0.1496,"activity":0.0183,"lastBolusTime":1703872396833,"time":"2023-12-29T19:13:07.084Z","iobWithZeroTemp":{"iob":0.939,"basaliob":-0.175,"bolussnooze":0.1496,"activity":0.0176,"lastBolusTime":1703872396833,"time":"2023-12-29T19:13:07.084Z"}},{"iob":0.983,"basaliob":-0.04,"bolussnooze":0.1185,"activity":0.0171,"lastBolusTime":1703872396833,"time":"2023-12-29T19:18:07.084Z","iobWithZeroTemp":{"iob":0.826,"basaliob":-0.197,"bolussnooze":0.1185,"activity":0.0162,"lastBolusTime":1703872396833,"time":"2023-12-29T19:18:07.084Z"}},{"iob":0.901,"basaliob":-0.037,"bolussnooze":0.0931,"activity":0.0159,"lastBolusTime":1703872396833,"time":"2023-12-29T19:23:07.084Z","iobWithZeroTemp":{"iob":0.72,"basaliob":-0.218,"bolussnooze":0.0931,"activity":0.0148,"lastBolusTime":1703872396833,"time":"2023-12-29T19:23:07.084Z"}},{"iob":0.824,"basaliob":-0.034,"bolussnooze":0.0724,"activity":0.0149,"lastBolusTime":1703872396833,"time":"2023-12-29T19:28:07.084Z","iobWithZeroTemp":{"iob":0.62,"basaliob":-0.238,"bolussnooze":0.0724,"activity":0.0136,"lastBolusTime":1703872396833,"time":"2023-12-29T19:28:07.084Z"}},{"iob":0.752,"basaliob":-0.032,"bolussnooze":0.0558,"activity":0.0138,"lastBolusTime":1703872396833,"time":"2023-12-29T19:33:07.084Z","iobWithZeroTemp":{"iob":0.526,"basaliob":-0.258,"bolussnooze":0.0558,"activity":0.0122,"lastBolusTime":1703872396833,"time":"2023-12-29T19:33:07.084Z"}},{"iob":0.686,"basaliob":-0.029,"bolussnooze":0.0425,"activity":0.0128,"lastBolusTime":1703872396833,"time":"2023-12-29T19:38:07.084Z","iobWithZeroTemp":{"iob":0.44,"basaliob":-0.275,"bolussnooze":0.0425,"activity":0.011,"lastBolusTime":1703872396833,"time":"2023-12-29T19:38:07.084Z"}},{"iob":0.624,"basaliob":-0.027,"bolussnooze":0.032,"activity":0.0118,"lastBolusTime":1703872396833,"time":"2023-12-29T19:43:07.084Z","iobWithZeroTemp":{"iob":0.358,"basaliob":-0.293,"bolussnooze":0.032,"activity":0.0098,"lastBolusTime":1703872396833,"time":"2023-12-29T19:43:07.084Z"}},{"iob":0.566,"basaliob":-0.025,"bolussnooze":0.0237,"activity":0.011,"lastBolusTime":1703872396833,"time":"2023-12-29T19:48:07.084Z","iobWithZeroTemp":{"iob":0.282,"basaliob":-0.309,"bolussnooze":0.0237,"activity":0.0087,"lastBolusTime":1703872396833,"time":"2023-12-29T19:48:07.084Z"}},{"iob":0.514,"basaliob":-0.023,"bolussnooze":0.0173,"activity":0.0101,"lastBolusTime":1703872396833,"time":"2023-12-29T19:53:07.084Z","iobWithZeroTemp":{"iob":0.213,"basaliob":-0.324,"bolussnooze":0.0173,"activity":0.0076,"lastBolusTime":1703872396833,"time":"2023-12-29T19:53:07.084Z"}},{"iob":0.465,"basaliob":-0.021,"bolussnooze":0.0123,"activity":0.0093,"lastBolusTime":1703872396833,"time":"2023-12-29T19:58:07.084Z","iobWithZeroTemp":{"iob":0.148,"basaliob":-0.338,"bolussnooze":0.0123,"activity":0.0066,"lastBolusTime":1703872396833,"time":"2023-12-29T19:58:07.084Z"}},{"iob":0.421,"basaliob":-0.019,"bolussnooze":0.0086,"activity":0.0086,"lastBolusTime":1703872396833,"time":"2023-12-29T20:03:07.084Z","iobWithZeroTemp":{"iob":0.089,"basaliob":-0.351,"bolussnooze":0.0086,"activity":0.0057,"lastBolusTime":1703872396833,"time":"2023-12-29T20:03:07.084Z"}},{"iob":0.381,"basaliob":-0.017,"bolussnooze":0.0058,"activity":0.0079,"lastBolusTime":1703872396833,"time":"2023-12-29T20:08:07.084Z","iobWithZeroTemp":{"iob":0.035,"basaliob":-0.363,"bolussnooze":0.0058,"activity":0.0048,"lastBolusTime":1703872396833,"time":"2023-12-29T20:08:07.084Z"}},{"iob":0.342,"basaliob":-0.016,"bolussnooze":0.0038,"activity":0.0072,"lastBolusTime":1703872396833,"time":"2023-12-29T20:13:07.084Z","iobWithZeroTemp":{"iob":-0.017,"basaliob":-0.375,"bolussnooze":0.0038,"activity":0.0039,"lastBolusTime":1703872396833,"time":"2023-12-29T20:13:07.084Z"}},{"iob":0.309,"basaliob":-0.014,"bolussnooze":0.0025,"activity":0.0065,"lastBolusTime":1703872396833,"time":"2023-12-29T20:18:07.084Z","iobWithZeroTemp":{"iob":-0.062,"basaliob":-0.385,"bolussnooze":0.0025,"activity":0.003,"lastBolusTime":1703872396833,"time":"2023-12-29T20:18:07.084Z"}},{"iob":0.277,"basaliob":-0.013,"bolussnooze":0.0015,"activity":0.0059,"lastBolusTime":1703872396833,"time":"2023-12-29T20:23:07.084Z","iobWithZeroTemp":{"iob":-0.105,"basaliob":-0.395,"bolussnooze":0.0015,"activity":0.0022,"lastBolusTime":1703872396833,"time":"2023-12-29T20:23:07.084Z"}},{"iob":0.248,"basaliob":-0.012,"bolussnooze":0.001,"activity":0.0055,"lastBolusTime":1703872396833,"time":"2023-12-29T20:28:07.084Z","iobWithZeroTemp":{"iob":-0.144,"basaliob":-0.404,"bolussnooze":0.001,"activity":0.0016,"lastBolusTime":1703872396833,"time":"2023-12-29T20:28:07.084Z"}},{"iob":0.222,"basaliob":-0.011,"bolussnooze":5.0E-4,"activity":0.005,"lastBolusTime":1703872396833,"time":"2023-12-29T20:33:07.084Z","iobWithZeroTemp":{"iob":-0.179,"basaliob":-0.412,"bolussnooze":5.0E-4,"activity":0.001,"lastBolusTime":1703872396833,"time":"2023-12-29T20:33:07.084Z"}},{"iob":0.199,"basaliob":-0.01,"bolussnooze":3.0E-4,"activity":0.0045,"lastBolusTime":1703872396833,"time":"2023-12-29T20:38:07.084Z","iobWithZeroTemp":{"iob":-0.211,"basaliob":-0.42,"bolussnooze":3.0E-4,"activity":3.0E-4,"lastBolusTime":1703872396833,"time":"2023-12-29T20:38:07.084Z"}},{"iob":0.177,"basaliob":-0.009,"bolussnooze":1.0E-4,"activity":0.0041,"lastBolusTime":1703872396833,"time":"2023-12-29T20:43:07.084Z","iobWithZeroTemp":{"iob":-0.241,"basaliob":-0.427,"bolussnooze":1.0E-4,"activity":-2.0E-4,"lastBolusTime":1703872396833,"time":"2023-12-29T20:43:07.084Z"}},{"iob":0.158,"basaliob":-0.008,"bolussnooze":0,"activity":0.0037,"lastBolusTime":1703872396833,"time":"2023-12-29T20:48:07.084Z","iobWithZeroTemp":{"iob":-0.267,"basaliob":-0.433,"bolussnooze":0,"activity":-8.0E-4,"lastBolusTime":1703872396833,"time":"2023-12-29T20:48:07.084Z"}},{"iob":0.14,"basaliob":-0.007,"bolussnooze":0,"activity":0.0034,"lastBolusTime":1703872396833,"time":"2023-12-29T20:53:07.084Z","iobWithZeroTemp":{"iob":-0.292,"basaliob":-0.439,"bolussnooze":0,"activity":-0.0012,"lastBolusTime":1703872396833,"time":"2023-12-29T20:53:07.084Z"}},{"iob":0.125,"basaliob":-0.006,"bolussnooze":0,"activity":0.0031,"lastBolusTime":1703872396833,"time":"2023-12-29T20:58:07.084Z","iobWithZeroTemp":{"iob":-0.313,"basaliob":-0.444,"bolussnooze":0,"activity":-0.0016,"lastBolusTime":1703872396833,"time":"2023-12-29T20:58:07.084Z"}},{"iob":0.11,"basaliob":-0.006,"bolussnooze":0,"activity":0.0027,"lastBolusTime":1703872396833,"time":"2023-12-29T21:03:07.084Z","iobWithZeroTemp":{"iob":-0.333,"basaliob":-0.449,"bolussnooze":0,"activity":-0.0021,"lastBolusTime":1703872396833,"time":"2023-12-29T21:03:07.084Z"}},{"iob":0.097,"basaliob":-0.005,"bolussnooze":0,"activity":0.0025,"lastBolusTime":1703872396833,"time":"2023-12-29T21:08:07.084Z","iobWithZeroTemp":{"iob":-0.351,"basaliob":-0.453,"bolussnooze":0,"activity":-0.0024,"lastBolusTime":1703872396833,"time":"2023-12-29T21:08:07.084Z"}},{"iob":0.085,"basaliob":-0.005,"bolussnooze":0,"activity":0.0022,"lastBolusTime":1703872396833,"time":"2023-12-29T21:13:07.084Z","iobWithZeroTemp":{"iob":-0.368,"basaliob":-0.458,"bolussnooze":0,"activity":-0.0028,"lastBolusTime":1703872396833,"time":"2023-12-29T21:13:07.084Z"}},{"iob":0.075,"basaliob":-0.004,"bolussnooze":0,"activity":0.002,"lastBolusTime":1703872396833,"time":"2023-12-29T21:18:07.084Z","iobWithZeroTemp":{"iob":-0.382,"basaliob":-0.461,"bolussnooze":0,"activity":-0.0031,"lastBolusTime":1703872396833,"time":"2023-12-29T21:18:07.084Z"}},{"iob":0.065,"basaliob":-0.004,"bolussnooze":0,"activity":0.0017,"lastBolusTime":1703872396833,"time":"2023-12-29T21:23:07.084Z","iobWithZeroTemp":{"iob":-0.396,"basaliob":-0.465,"bolussnooze":0,"activity":-0.0034,"lastBolusTime":1703872396833,"time":"2023-12-29T21:23:07.084Z"}},{"iob":0.058,"basaliob":-0.003,"bolussnooze":0,"activity":0.0016,"lastBolusTime":1703872396833,"time":"2023-12-29T21:28:07.084Z","iobWithZeroTemp":{"iob":-0.406,"basaliob":-0.467,"bolussnooze":0,"activity":-0.0036,"lastBolusTime":1703872396833,"time":"2023-12-29T21:28:07.084Z"}},{"iob":0.05,"basaliob":-0.003,"bolussnooze":0,"activity":0.0014,"lastBolusTime":1703872396833,"time":"2023-12-29T21:33:07.084Z","iobWithZeroTemp":{"iob":-0.417,"basaliob":-0.47,"bolussnooze":0,"activity":-0.0039,"lastBolusTime":1703872396833,"time":"2023-12-29T21:33:07.084Z"}},{"iob":0.044,"basaliob":-0.002,"bolussnooze":0,"activity":0.0012,"lastBolusTime":1703872396833,"time":"2023-12-29T21:38:07.084Z","iobWithZeroTemp":{"iob":-0.426,"basaliob":-0.472,"bolussnooze":0,"activity":-0.0041,"lastBolusTime":1703872396833,"time":"2023-12-29T21:38:07.084Z"}},{"iob":0.038,"basaliob":-0.002,"bolussnooze":0,"activity":0.0011,"lastBolusTime":1703872396833,"time":"2023-12-29T21:43:07.084Z","iobWithZeroTemp":{"iob":-0.434,"basaliob":-0.474,"bolussnooze":0,"activity":-0.0043,"lastBolusTime":1703872396833,"time":"2023-12-29T21:43:07.084Z"}},{"iob":0.032,"basaliob":-0.002,"bolussnooze":0,"activity":9.0E-4,"lastBolusTime":1703872396833,"time":"2023-12-29T21:48:07.084Z","iobWithZeroTemp":{"iob":-0.442,"basaliob":-0.476,"bolussnooze":0,"activity":-0.0045,"lastBolusTime":1703872396833,"time":"2023-12-29T21:48:07.084Z"}},{"iob":0.027,"basaliob":-0.002,"bolussnooze":0,"activity":9.0E-4,"lastBolusTime":1703872396833,"time":"2023-12-29T21:53:07.084Z","iobWithZeroTemp":{"iob":-0.449,"basaliob":-0.478,"bolussnooze":0,"activity":-0.0046,"lastBolusTime":1703872396833,"time":"2023-12-29T21:53:07.084Z"}},{"iob":0.024,"basaliob":-0.001,"bolussnooze":0,"activity":8.0E-4,"lastBolusTime":1703872396833,"time":"2023-12-29T21:58:07.084Z","iobWithZeroTemp":{"iob":-0.454,"basaliob":-0.479,"bolussnooze":0,"activity":-0.0047,"lastBolusTime":1703872396833,"time":"2023-12-29T21:58:07.084Z"}},{"iob":0.02,"basaliob":-0.001,"bolussnooze":0,"activity":7.0E-4,"lastBolusTime":1703872396833,"time":"2023-12-29T22:03:07.084Z","iobWithZeroTemp":{"iob":-0.456,"basaliob":-0.477,"bolussnooze":0,"activity":-0.0048,"lastBolusTime":1703872396833,"time":"2023-12-29T22:03:07.084Z"}},{"iob":0.017,"basaliob":-0.001,"bolussnooze":0,"activity":6.0E-4,"lastBolusTime":1703872396833,"time":"2023-12-29T22:08:07.084Z","iobWithZeroTemp":{"iob":-0.456,"basaliob":-0.474,"bolussnooze":0,"activity":-0.005,"lastBolusTime":1703872396833,"time":"2023-12-29T22:08:07.084Z"}},{"iob":0.014,"basaliob":-0.001,"bolussnooze":0,"activity":5.0E-4,"lastBolusTime":1703872396833,"time":"2023-12-29T22:13:07.084Z","iobWithZeroTemp":{"iob":-0.456,"basaliob":-0.471,"bolussnooze":0,"activity":-0.0051,"lastBolusTime":1703872396833,"time":"2023-12-29T22:13:07.084Z"}},{"iob":0.012,"basaliob":-0.001,"bolussnooze":0,"activity":5.0E-4,"lastBolusTime":1703872396833,"time":"2023-12-29T22:18:07.084Z","iobWithZeroTemp":{"iob":-0.455,"basaliob":-0.468,"bolussnooze":0,"activity":-0.0051,"lastBolusTime":1703872396833,"time":"2023-12-29T22:18:07.084Z"}}],"profile":{"max_iob":10,"type":"current","max_daily_basal":0.35,"max_basal":0.4,"min_bg":75,"max_bg":75,"target_bg":75,"carb_ratio":8.5,"sens":110,"max_daily_safety_multiplier":3,"current_basal_safety_multiplier":4,"lgsThreshold":95,"high_temptarget_raises_sensitivity":true,"low_temptarget_lowers_sensitivity":true,"sensitivity_raises_target":true,"resistance_lowers_target":true,"adv_target_adjustments":false,"exercise_mode":false,"half_basal_exercise_target":160,"maxCOB":120,"skip_neutral_temps":false,"remainingCarbsCap":90,"enableUAM":true,"A52_risk_enable":false,"SMBInterval":3,"enableSMB_with_COB":true,"enableSMB_with_temptarget":true,"allowSMB_with_high_temptarget":false,"enableSMB_always":false,"enableSMB_after_carbs":true,"maxSMBBasalMinutes":45,"maxUAMSMBBasalMinutes":45,"bolus_increment":0.05,"carbsReqThreshold":2,"current_basal":0.1,"temptargetSet":true,"autosens_max":1.3,"autosens_min":0.7,"variable_sens":115.2,"insulinDivisor":75,"TDD":15.175184380952379},"autosens_data":{"ratio":1.053031083683715},"meal_data":{"carbs":20,"mealCOB":8.356159090909093,"slopeFromMaxDeviation":-4.171600000000001,"slopeFromMinDeviation":0,"lastBolusTime":1703872396833,"lastCarbTime":1703870672687},"microBolusAllowed":true,"currentTime":1703874187834,"flatBGsDetected":false,"tdd1D":13.99583333333333,"tdd7D":16.405023809523808,"tddLast24H":17.275,"tddLast4H":3.9583333333333335,"tddLast8to4H":3.6541666666666672},"output":{"temp":"absolute","bg":135,"tick":-13,"eventualBG":39,"targetBG":75,"insulinReq":0,"deliverAt":"2023-12-29T18:23:07.834Z","sensitivityRatio":1.3,"variable_sens":115.2,"predBGs":{"IOB":[135,121,107,91,73,52,39,39,39,39,39,39,39],"ZT":[135,119,102,83,62,39,39,39,39,39,39,39,39,39,39,39,39,39,39,39,39,39,39,39,39,39,39,39,39,39,39,39,39,39,39,39,39,39,39,39,39,39,39,39,39,39,39,39],"COB":[135,122,108,96,84,72,61,51,41,39,39,39,39],"UAM":[135,119,102,83,62,39,39,39,39,39,39,39,39]},"reason":"COB: 8.4, Dev: 16, BGI: -16, ISF: 115, CR: 8.5, Target: 75, minPredBG -259, minGuardBG -261, IOBpredBG 39, COBpredBG 39, UAMpredBG 39; 23 add'l carbs req w\/in 20m; minGuardBG -261<95","COB":8.356159090909093,"IOB":2.26,"carbsReq":23,"carbsReqWithin":20,"duration":120,"rate":0,"timestamp":"2023-12-29T18:23:07.848Z"}}