{"algorithm":"OpenAPSSMBDynamicISFPlugin","input":{"glucoseStatus":{"glucose":171,"noise":0,"delta":0.39,"short_avgdelta":0.39,"long_avgdelta":0.8,"date":1703764964000},"currenttemp":{"temp":"absolute","duration":95,"rate":0,"minutesrunning":25},"iob_data":[{"iob":1.693,"basaliob":-0.108,"bolussnooze":0.8163,"activity":0.0193,"lastBolusTime":1703763199819,"time":"2023-12-28T12:03:07.859Z","iobWithZeroTemp":{"iob":1.693,"basaliob":-0.108,"bolussnooze":0.8163,"activity":0.0193,"lastBolusTime":1703763199819,"time":"2023-12-28T12:03:07.859Z"}},{"iob":1.596,"basaliob":-0.104,"bolussnooze":0.6939,"activity":0.0193,"lastBolusTime":1703763199819,"time":"2023-12-28T12:08:07.859Z","iobWithZeroTemp":{"iob":1.576,"basaliob":-0.124,"bolussnooze":0.6939,"activity":0.0193,"lastBolusTime":1703763199819,"time":"2023-12-28T12:08:07.859Z"}},{"iob":1.5,"basaliob":-0.099,"bolussnooze":0.5856,"activity":0.0192,"lastBolusTime":1703763199819,"time":"2023-12-28T12:13:07.859Z","iobWithZeroTemp":{"iob":1.455,"basaliob":-0.144,"bolussnooze":0.5856,"activity":0.0191,"lastBolusTime":1703763199819,"time":"2023-12-28T12:13:07.859Z"}},{"iob":1.406,"basaliob":-0.094,"bolussnooze":0.4907,"activity":0.0187,"lastBolusTime":1703763199819,"time":"2023-12-28T12:18:07.859Z","iobWithZeroTemp":{"iob":1.337,"basaliob":-0.163,"bolussnooze":0.4907,"activity":0.0185,"lastBolusTime":1703763199819,"time":"2023-12-28T12:18:07.859Z"}},{"iob":1.313,"basaliob":-0.089,"bolussnooze":0.4085,"activity":0.0182,"lastBolusTime":1703763199819,"time":"2023-12-28T12:23:07.859Z","iobWithZeroTemp":{"iob":1.22,"basaliob":-0.182,"bolussnooze":0.4085,"activity":0.0178,"lastBolusTime":1703763199819,"time":"2023-12-28T12:23:07.859Z"}},{"iob":1.224,"basaliob":-0.084,"bolussnooze":0.338,"activity":0.0176,"lastBolusTime":1703763199819,"time":"2023-12-28T12:28:07.859Z","iobWithZeroTemp":{"iob":1.109,"basaliob":-0.199,"bolussnooze":0.338,"activity":0.0171,"lastBolusTime":1703763199819,"time":"2023-12-28T12:28:07.859Z"}},{"iob":1.137,"basaliob":-0.079,"bolussnooze":0.2778,"activity":0.0169,"lastBolusTime":1703763199819,"time":"2023-12-28T12:33:07.859Z","iobWithZeroTemp":{"iob":1,"basaliob":-0.216,"bolussnooze":0.2778,"activity":0.0162,"lastBolusTime":1703763199819,"time":"2023-12-28T12:33:07.859Z"}},{"iob":1.055,"basaliob":-0.074,"bolussnooze":0.2269,"activity":0.0161,"lastBolusTime":1703763199819,"time":"2023-12-28T12:38:07.859Z","iobWithZeroTemp":{"iob":0.897,"basaliob":-0.232,"bolussnooze":0.2269,"activity":0.0152,"lastBolusTime":1703763199819,"time":"2023-12-28T12:38:07.859Z"}},{"iob":0.976,"basaliob":-0.069,"bolussnooze":0.1842,"activity":0.0153,"lastBolusTime":1703763199819,"time":"2023-12-28T12:43:07.859Z","iobWithZeroTemp":{"iob":0.798,"basaliob":-0.247,"bolussnooze":0.1842,"activity":0.0142,"lastBolusTime":1703763199819,"time":"2023-12-28T12:43:07.859Z"}},{"iob":0.901,"basaliob":-0.065,"bolussnooze":0.1485,"activity":0.0145,"lastBolusTime":1703763199819,"time":"2023-12-28T12:48:07.859Z","iobWithZeroTemp":{"iob":0.704,"basaliob":-0.262,"bolussnooze":0.1485,"activity":0.0132,"lastBolusTime":1703763199819,"time":"2023-12-28T12:48:07.859Z"}},{"iob":0.831,"basaliob":-0.06,"bolussnooze":0.1189,"activity":0.0137,"lastBolusTime":1703763199819,"time":"2023-12-28T12:53:07.859Z","iobWithZeroTemp":{"iob":0.616,"basaliob":-0.275,"bolussnooze":0.1189,"activity":0.0121,"lastBolusTime":1703763199819,"time":"2023-12-28T12:53:07.859Z"}},{"iob":0.764,"basaliob":-0.056,"bolussnooze":0.0945,"activity":0.0128,"lastBolusTime":1703763199819,"time":"2023-12-28T12:58:07.859Z","iobWithZeroTemp":{"iob":0.532,"basaliob":-0.288,"bolussnooze":0.0945,"activity":0.011,"lastBolusTime":1703763199819,"time":"2023-12-28T12:58:07.859Z"}},{"iob":0.702,"basaliob":-0.052,"bolussnooze":0.0745,"activity":0.0121,"lastBolusTime":1703763199819,"time":"2023-12-28T13:03:07.859Z","iobWithZeroTemp":{"iob":0.455,"basaliob":-0.299,"bolussnooze":0.0745,"activity":0.0101,"lastBolusTime":1703763199819,"time":"2023-12-28T13:03:07.859Z"}},{"iob":0.644,"basaliob":-0.048,"bolussnooze":0.0582,"activity":0.0112,"lastBolusTime":1703763199819,"time":"2023-12-28T13:08:07.859Z","iobWithZeroTemp":{"iob":0.382,"basaliob":-0.31,"bolussnooze":0.0582,"activity":0.009,"lastBolusTime":1703763199819,"time":"2023-12-28T13:08:07.859Z"}},{"iob":0.589,"basaliob":-0.044,"bolussnooze":0.045,"activity":0.0105,"lastBolusTime":1703763199819,"time":"2023-12-28T13:13:07.859Z","iobWithZeroTemp":{"iob":0.313,"basaliob":-0.32,"bolussnooze":0.045,"activity":0.0081,"lastBolusTime":1703763199819,"time":"2023-12-28T13:13:07.859Z"}},{"iob":0.539,"basaliob":-0.04,"bolussnooze":0.0344,"activity":0.0098,"lastBolusTime":1703763199819,"time":"2023-12-28T13:18:07.859Z","iobWithZeroTemp":{"iob":0.251,"basaliob":-0.328,"bolussnooze":0.0344,"activity":0.0072,"lastBolusTime":1703763199819,"time":"2023-12-28T13:18:07.859Z"}},{"iob":0.492,"basaliob":-0.037,"bolussnooze":0.026,"activity":0.0091,"lastBolusTime":1703763199819,"time":"2023-12-28T13:23:07.859Z","iobWithZeroTemp":{"iob":0.192,"basaliob":-0.337,"bolussnooze":0.026,"activity":0.0064,"lastBolusTime":1703763199819,"time":"2023-12-28T13:23:07.859Z"}},{"iob":0.448,"basaliob":-0.034,"bolussnooze":0.0194,"activity":0.0084,"lastBolusTime":1703763199819,"time":"2023-12-28T13:28:07.859Z","iobWithZeroTemp":{"iob":0.137,"basaliob":-0.345,"bolussnooze":0.0194,"activity":0.0055,"lastBolusTime":1703763199819,"time":"2023-12-28T13:28:07.859Z"}},{"iob":0.407,"basaliob":-0.031,"bolussnooze":0.0141,"activity":0.0077,"lastBolusTime":1703763199819,"time":"2023-12-28T13:33:07.859Z","iobWithZeroTemp":{"iob":0.086,"basaliob":-0.352,"bolussnooze":0.0141,"activity":0.0046,"lastBolusTime":1703763199819,"time":"2023-12-28T13:33:07.859Z"}},{"iob":0.37,"basaliob":-0.028,"bolussnooze":0.0101,"activity":0.0072,"lastBolusTime":1703763199819,"time":"2023-12-28T13:38:07.859Z","iobWithZeroTemp":{"iob":0.04,"basaliob":-0.358,"bolussnooze":0.0101,"activity":0.004,"lastBolusTime":1703763199819,"time":"2023-12-28T13:38:07.859Z"}},{"iob":0.335,"basaliob":-0.026,"bolussnooze":0.007,"activity":0.0066,"lastBolusTime":1703763199819,"time":"2023-12-28T13:43:07.859Z","iobWithZeroTemp":{"iob":-0.004,"basaliob":-0.365,"bolussnooze":0.007,"activity":0.0032,"lastBolusTime":1703763199819,"time":"2023-12-28T13:43:07.859Z"}},{"iob":0.303,"basaliob":-0.024,"bolussnooze":0.0047,"activity":0.0061,"lastBolusTime":1703763199819,"time":"2023-12-28T13:48:07.859Z","iobWithZeroTemp":{"iob":-0.044,"basaliob":-0.371,"bolussnooze":0.0047,"activity":0.0026,"lastBolusTime":1703763199819,"time":"2023-12-28T13:48:07.859Z"}},{"iob":0.275,"basaliob":-0.021,"bolussnooze":0.003,"activity":0.0056,"lastBolusTime":1703763199819,"time":"2023-12-28T13:53:07.859Z","iobWithZeroTemp":{"iob":-0.079,"basaliob":-0.375,"bolussnooze":0.003,"activity":0.002,"lastBolusTime":1703763199819,"time":"2023-12-28T13:53:07.859Z"}},{"iob":0.248,"basaliob":-0.019,"bolussnooze":0.0018,"activity":0.0051,"lastBolusTime":1703763199819,"time":"2023-12-28T13:58:07.859Z","iobWithZeroTemp":{"iob":-0.113,"basaliob":-0.38,"bolussnooze":0.0018,"activity":0.0014,"lastBolusTime":1703763199819,"time":"2023-12-28T13:58:07.859Z"}},{"iob":0.223,"basaliob":-0.018,"bolussnooze":0.001,"activity":0.0047,"lastBolusTime":1703763199819,"time":"2023-12-28T14:03:07.859Z","iobWithZeroTemp":{"iob":-0.127,"basaliob":-0.368,"bolussnooze":0.001,"activity":9.0E-4,"lastBolusTime":1703763199819,"time":"2023-12-28T14:03:07.859Z"}},{"iob":0.201,"basaliob":-0.016,"bolussnooze":5.0E-4,"activity":0.0043,"lastBolusTime":1703763199819,"time":"2023-12-28T14:08:07.859Z","iobWithZeroTemp":{"iob":-0.138,"basaliob":-0.355,"bolussnooze":5.0E-4,"activity":4.0E-4,"lastBolusTime":1703763199819,"time":"2023-12-28T14:08:07.859Z"}},{"iob":0.181,"basaliob":-0.014,"bolussnooze":2.0E-4,"activity":0.0039,"lastBolusTime":1703763199819,"time":"2023-12-28T14:13:07.859Z","iobWithZeroTemp":{"iob":-0.147,"basaliob":-0.342,"bolussnooze":2.0E-4,"activity":0,"lastBolusTime":1703763199819,"time":"2023-12-28T14:13:07.859Z"}},{"iob":0.162,"basaliob":-0.013,"bolussnooze":0,"activity":0.0035,"lastBolusTime":1703763199819,"time":"2023-12-28T14:18:07.859Z","iobWithZeroTemp":{"iob":-0.155,"basaliob":-0.33,"bolussnooze":0,"activity":-4.0E-4,"lastBolusTime":1703763199819,"time":"2023-12-28T14:18:07.859Z"}},{"iob":0.144,"basaliob":-0.012,"bolussnooze":0,"activity":0.0033,"lastBolusTime":1703763199819,"time":"2023-12-28T14:23:07.859Z","iobWithZeroTemp":{"iob":-0.162,"basaliob":-0.318,"bolussnooze":0,"activity":-5.0E-4,"lastBolusTime":1703763199819,"time":"2023-12-28T14:23:07.859Z"}},{"iob":0.129,"basaliob":-0.011,"bolussnooze":0,"activity":0.003,"lastBolusTime":1703763199819,"time":"2023-12-28T14:28:07.859Z","iobWithZeroTemp":{"iob":-0.167,"basaliob":-0.307,"bolussnooze":0,"activity":-8.0E-4,"lastBolusTime":1703763199819,"time":"2023-12-28T14:28:07.859Z"}},{"iob":0.115,"basaliob":-0.01,"bolussnooze":0,"activity":0.0027,"lastBolusTime":1703763199819,"time":"2023-12-28T14:33:07.859Z","iobWithZeroTemp":{"iob":-0.17,"basaliob":-0.295,"bolussnooze":0,"activity":-0.001,"lastBolusTime":1703763199819,"time":"2023-12-28T14:33:07.859Z"}},{"iob":0.102,"basaliob":-0.009,"bolussnooze":0,"activity":0.0024,"lastBolusTime":1703763199819,"time":"2023-12-28T14:38:07.859Z","iobWithZeroTemp":{"iob":-0.173,"basaliob":-0.284,"bolussnooze":0,"activity":-0.0012,"lastBolusTime":1703763199819,"time":"2023-12-28T14:38:07.859Z"}},{"iob":0.091,"basaliob":-0.008,"bolussnooze":0,"activity":0.0022,"lastBolusTime":1703763199819,"time":"2023-12-28T14:43:07.859Z","iobWithZeroTemp":{"iob":-0.175,"basaliob":-0.274,"bolussnooze":0,"activity":-0.0014,"lastBolusTime":1703763199819,"time":"2023-12-28T14:43:07.859Z"}},{"iob":0.08,"basaliob":-0.007,"bolussnooze":0,"activity":0.0019,"lastBolusTime":1703763199819,"time":"2023-12-28T14:48:07.859Z","iobWithZeroTemp":{"iob":-0.177,"basaliob":-0.264,"bolussnooze":0,"activity":-0.0016,"lastBolusTime":1703763199819,"time":"2023-12-28T14:48:07.859Z"}},{"iob":0.071,"basaliob":-0.006,"bolussnooze":0,"activity":0.0018,"lastBolusTime":1703763199819,"time":"2023-12-28T14:53:07.859Z","iobWithZeroTemp":{"iob":-0.177,"basaliob":-0.254,"bolussnooze":0,"activity":-0.0016,"lastBolusTime":1703763199819,"time":"2023-12-28T14:53:07.859Z"}},{"iob":0.062,"basaliob":-0.006,"bolussnooze":0,"activity":0.0016,"lastBolusTime":1703763199819,"time":"2023-12-28T14:58:07.859Z","iobWithZeroTemp":{"iob":-0.177,"basaliob":-0.245,"bolussnooze":0,"activity":-0.0017,"lastBolusTime":1703763199819,"time":"2023-12-28T14:58:07.859Z"}},{"iob":0.055,"basaliob":-0.005,"bolussnooze":0,"activity":0.0014,"lastBolusTime":1703763199819,"time":"2023-12-28T15:03:07.859Z","iobWithZeroTemp":{"iob":-0.177,"basaliob":-0.237,"bolussnooze":0,"activity":-0.0018,"lastBolusTime":1703763199819,"time":"2023-12-28T15:03:07.859Z"}},{"iob":0.049,"basaliob":-0.004,"bolussnooze":0,"activity":0.0013,"lastBolusTime":1703763199819,"time":"2023-12-28T15:08:07.859Z","iobWithZeroTemp":{"iob":-0.175,"basaliob":-0.228,"bolussnooze":0,"activity":-0.0018,"lastBolusTime":1703763199819,"time":"2023-12-28T15:08:07.859Z"}},{"iob":0.042,"basaliob":-0.004,"bolussnooze":0,"activity":0.0011,"lastBolusTime":1703763199819,"time":"2023-12-28T15:13:07.859Z","iobWithZeroTemp":{"iob":-0.175,"basaliob":-0.221,"bolussnooze":0,"activity":-0.0019,"lastBolusTime":1703763199819,"time":"2023-12-28T15:13:07.859Z"}},{"iob":0.037,"basaliob":-0.003,"bolussnooze":0,"activity":0.001,"lastBolusTime":1703763199819,"time":"2023-12-28T15:18:07.859Z","iobWithZeroTemp":{"iob":-0.174,"basaliob":-0.214,"bolussnooze":0,"activity":-0.0019,"lastBolusTime":1703763199819,"time":"2023-12-28T15:18:07.859Z"}},{"iob":0.032,"basaliob":-0.003,"bolussnooze":0,"activity":9.0E-4,"lastBolusTime":1703763199819,"time":"2023-12-28T15:23:07.859Z","iobWithZeroTemp":{"iob":-0.173,"basaliob":-0.208,"bolussnooze":0,"activity":-0.0019,"lastBolusTime":1703763199819,"time":"2023-12-28T15:23:07.859Z"}},{"iob":0.027,"basaliob":-0.003,"bolussnooze":0,"activity":8.0E-4,"lastBolusTime":1703763199819,"time":"2023-12-28T15:28:07.859Z","iobWithZeroTemp":{"iob":-0.172,"basaliob":-0.202,"bolussnooze":0,"activity":-0.002,"lastBolusTime":1703763199819,"time":"2023-12-28T15:28:07.859Z"}},{"iob":0.024,"basaliob":-0.002,"bolussnooze":0,"activity":7.0E-4,"lastBolusTime":1703763199819,"time":"2023-12-28T15:33:07.859Z","iobWithZeroTemp":{"iob":-0.17,"basaliob":-0.196,"bolussnooze":0,"activity":-0.002,"lastBolusTime":1703763199819,"time":"2023-12-28T15:33:07.859Z"}},{"iob":0.021,"basaliob":-0.002,"bolussnooze":0,"activity":6.0E-4,"lastBolusTime":1703763199819,"time":"2023-12-28T15:38:07.859Z","iobWithZeroTemp":{"iob":-0.168,"basaliob":-0.191,"bolussnooze":0,"activity":-0.002,"lastBolusTime":1703763199819,"time":"2023-12-28T15:38:07.859Z"}},{"iob":0.017,"basaliob":-0.002,"bolussnooze":0,"activity":6.0E-4,"lastBolusTime":1703763199819,"time":"2023-12-28T15:43:07.859Z","iobWithZeroTemp":{"iob":-0.168,"basaliob":-0.187,"bolussnooze":0,"activity":-0.0019,"lastBolusTime":1703763199819,"time":"2023-12-28T15:43:07.859Z"}},{"iob":0.014,"basaliob":-0.002,"bolussnooze":0,"activity":5.0E-4,"lastBolusTime":1703763199819,"time":"2023-12-28T15:48:07.859Z","iobWithZeroTemp":{"iob":-0.167,"basaliob":-0.183,"bolussnooze":0,"activity":-0.002,"lastBolusTime":1703763199819,"time":"2023-12-28T15:48:07.859Z"}},{"iob":0.013,"basaliob":-0.001,"bolussnooze":0,"activity":5.0E-4,"lastBolusTime":1703763199819,"time":"2023-12-28T15:53:07.859Z","iobWithZeroTemp":{"iob":-0.164,"basaliob":-0.178,"bolussnooze":0,"activity":-0.0019,"lastBolusTime":1703763199819,"time":"2023-12-28T15:53:07.859Z"}},{"iob":0.011,"basaliob":-0.001,"bolussnooze":0,"activity":4.0E-4,"lastBolusTime":1703763199819,"time":"2023-12-28T15:58:07.859Z","iobWithZeroTemp":{"iob":-0.162,"basaliob":-0.174,"bolussnooze":0,"activity":-0.0019,"lastBolusTime":1703763199819,"time":"2023-12-28T15:58:07.859Z"}}],"profile":{"max_iob":10,"type":"current","max_daily_basal":0.35,"max_basal":1.05,"min_bg":90,"max_bg":90,"target_bg":90,"carb_ratio":8.5,"sens":110,"max_daily_safety_multiplier":3,"current_basal_safety_multiplier":4,"lgsThreshold":95,"high_temptarget_raises_sensitivity":true,"low_temptarget_lowers_sensitivity":true,"sensitivity_raises_target":true,"resistance_lowers_target":true,"adv_target_adjustments":false,"exercise_mode":false,"half_basal_exercise_target":160,"maxCOB":120,"skip_neutral_temps":false,"remainingCarbsCap":90,"enableUAM":true,"A52_risk_enable":false,"SMBInterval":3,"enableSMB_with_COB":true,"enableSMB_with_temptarget":true,"allowSMB_with_high_temptarget":false,"enableSMB_always":false,"enableSMB_after_carbs":true,"maxSMBBasalMinutes":30,"maxUAMSMBBasalMinutes":45,"bolus_increment":0.05,"carbsReqThreshold":2,"current_basal":0.3,"temptargetSet":true,"autosens_max":1.3,"autosens_min":0.7,"variable_sens":105,"insulinDivisor":75,"TDD":14.428630898809525},"autosens_data":{"ratio":0.9267289885759094},"meal_data":{"carbs":48,"mealCOB":14.417827272727262,"slopeFromMaxDeviation":-1.9075,"slopeFromMinDeviation":0.21154545454545456,"lastBolusTime":1703763199819,"lastCarbTime":1703762460785},"microBolusAllowed":true,"currentTime":1703764989315,"flatBGsDetected":false,"tdd1D":17.627083333333335,"tdd7D":16.608595238095237,"tddLast24H":15.391666666666664,"tddLast4H":2.8208333333333333,"tddLast8to4H":2.6958333333333333},"output":{"temp":"absolute","bg":171,"tick":"+0","eventualBG":162,"targetBG":90,"insulinReq":0,"deliverAt":"2023-12-28T12:03:09.315Z","sensitivityRatio":1.2,"variable_sens":105,"predBGs":{"IOB":[171,170,169,167,164,160,156,151,145,139,132,125,116,108,101,93,85,78,70,63,56,48,41,39],"ZT":[171,161,150,140,129,117,106,95,83,71,59,46,39,39,39,39,39,39,39,39,39,39,39,39,39,39,39,39,39,39,39,39,39,39,39,39,39,39,39,39,39,39,39,39,39,39,39,39],"COB":[171,171,171,170,170,169,169,168,168,167,167,167,167,167,167,168,168,169,169,170,170,171,171,172,172,172,173,173,173,173,172,172,171,170,169,168,167,167,166,165,165,164,164,164,163,163,163,162],"UAM":[171,169,166,160,153,144,134,123,113,103,92,81,71,59,47,39]},"reason":"COB: 14.4, Dev: 63, BGI: -10, ISF: 105, CR: 8.5, Target: 90, minPredBG -43, minGuardBG -43, IOBpredBG 39, COBpredBG 162, UAMpredBG 39; minGuardBG -43<95","COB":14.417827272727262,"IOB":1.693,"duration":120,"rate":0,"timestamp":"2023-12-28T12:03:09.343Z"}}