{"algorithm":"OpenAPSSMBDynamicISFPlugin","input":{"glucoseStatus":{"glucose":106,"noise":0,"delta":0.72,"short_avgdelta":0.72,"long_avgdelta":0.58,"date":1703722362000},"currenttemp":{"temp":"absolute","duration":15,"rate":0.45,"minutesrunning":15},"iob_data":[{"iob":0.067,"basaliob":-0.034,"bolussnooze":0,"activity":5.0E-4,"lastBolusTime":1703717591088,"time":"2023-12-28T00:13:08.453Z","iobWithZeroTemp":{"iob":0.067,"basaliob":-0.034,"bolussnooze":0,"activity":5.0E-4,"lastBolusTime":1703717591088,"time":"2023-12-28T00:13:08.453Z"}},{"iob":0.064,"basaliob":-0.028,"bolussnooze":0,"activity":5.0E-4,"lastBolusTime":1703717591088,"time":"2023-12-28T00:18:08.453Z","iobWithZeroTemp":{"iob":0.051,"basaliob":-0.041,"bolussnooze":0,"activity":5.0E-4,"lastBolusTime":1703717591088,"time":"2023-12-28T00:18:08.453Z"}},{"iob":0.06,"basaliob":-0.023,"bolussnooze":0,"activity":6.0E-4,"lastBolusTime":1703717591088,"time":"2023-12-28T00:23:08.453Z","iobWithZeroTemp":{"iob":0.03,"basaliob":-0.053,"bolussnooze":0,"activity":5.0E-4,"lastBolusTime":1703717591088,"time":"2023-12-28T00:23:08.453Z"}},{"iob":0.058,"basaliob":-0.018,"bolussnooze":0,"activity":6.0E-4,"lastBolusTime":1703717591088,"time":"2023-12-28T00:28:08.453Z","iobWithZeroTemp":{"iob":0.012,"basaliob":-0.064,"bolussnooze":0,"activity":5.0E-4,"lastBolusTime":1703717591088,"time":"2023-12-28T00:28:08.453Z"}},{"iob":0.054,"basaliob":-0.014,"bolussnooze":0,"activity":7.0E-4,"lastBolusTime":1703717591088,"time":"2023-12-28T00:33:08.453Z","iobWithZeroTemp":{"iob":-0.008,"basaliob":-0.076,"bolussnooze":0,"activity":5.0E-4,"lastBolusTime":1703717591088,"time":"2023-12-28T00:33:08.453Z"}},{"iob":0.051,"basaliob":-0.011,"bolussnooze":0,"activity":7.0E-4,"lastBolusTime":1703717591088,"time":"2023-12-28T00:38:08.453Z","iobWithZeroTemp":{"iob":-0.026,"basaliob":-0.088,"bolussnooze":0,"activity":4.0E-4,"lastBolusTime":1703717591088,"time":"2023-12-28T00:38:08.453Z"}},{"iob":0.048,"basaliob":-0.008,"bolussnooze":0,"activity":6.0E-4,"lastBolusTime":1703717591088,"time":"2023-12-28T00:43:08.453Z","iobWithZeroTemp":{"iob":-0.044,"basaliob":-0.1,"bolussnooze":0,"activity":1.0E-4,"lastBolusTime":1703717591088,"time":"2023-12-28T00:43:08.453Z"}},{"iob":0.044,"basaliob":-0.006,"bolussnooze":0,"activity":6.0E-4,"lastBolusTime":1703717591088,"time":"2023-12-28T00:48:08.453Z","iobWithZeroTemp":{"iob":-0.062,"basaliob":-0.112,"bolussnooze":0,"activity":0,"lastBolusTime":1703717591088,"time":"2023-12-28T00:48:08.453Z"}},{"iob":0.041,"basaliob":-0.004,"bolussnooze":0,"activity":6.0E-4,"lastBolusTime":1703717591088,"time":"2023-12-28T00:53:08.453Z","iobWithZeroTemp":{"iob":-0.078,"basaliob":-0.123,"bolussnooze":0,"activity":-1.0E-4,"lastBolusTime":1703717591088,"time":"2023-12-28T00:53:08.453Z"}},{"iob":0.039,"basaliob":-0.002,"bolussnooze":0,"activity":6.0E-4,"lastBolusTime":1703717591088,"time":"2023-12-28T00:58:08.453Z","iobWithZeroTemp":{"iob":-0.092,"basaliob":-0.133,"bolussnooze":0,"activity":-3.0E-4,"lastBolusTime":1703717591088,"time":"2023-12-28T00:58:08.453Z"}},{"iob":0.037,"basaliob":0,"bolussnooze":0,"activity":6.0E-4,"lastBolusTime":1703717591088,"time":"2023-12-28T01:03:08.453Z","iobWithZeroTemp":{"iob":-0.102,"basaliob":-0.139,"bolussnooze":0,"activity":-4.0E-4,"lastBolusTime":1703717591088,"time":"2023-12-28T01:03:08.453Z"}},{"iob":0.034,"basaliob":0.001,"bolussnooze":0,"activity":5.0E-4,"lastBolusTime":1703717591088,"time":"2023-12-28T01:08:08.453Z","iobWithZeroTemp":{"iob":-0.112,"basaliob":-0.145,"bolussnooze":0,"activity":-7.0E-4,"lastBolusTime":1703717591088,"time":"2023-12-28T01:08:08.453Z"}},{"iob":0.031,"basaliob":0.002,"bolussnooze":0,"activity":5.0E-4,"lastBolusTime":1703717591088,"time":"2023-12-28T01:13:08.453Z","iobWithZeroTemp":{"iob":-0.122,"basaliob":-0.151,"bolussnooze":0,"activity":-8.0E-4,"lastBolusTime":1703717591088,"time":"2023-12-28T01:13:08.453Z"}},{"iob":0.028,"basaliob":0.002,"bolussnooze":0,"activity":5.0E-4,"lastBolusTime":1703717591088,"time":"2023-12-28T01:18:08.453Z","iobWithZeroTemp":{"iob":-0.131,"basaliob":-0.157,"bolussnooze":0,"activity":-9.0E-4,"lastBolusTime":1703717591088,"time":"2023-12-28T01:18:08.453Z"}},{"iob":0.026,"basaliob":0.003,"bolussnooze":0,"activity":4.0E-4,"lastBolusTime":1703717591088,"time":"2023-12-28T01:23:08.453Z","iobWithZeroTemp":{"iob":-0.138,"basaliob":-0.161,"bolussnooze":0,"activity":-0.0011,"lastBolusTime":1703717591088,"time":"2023-12-28T01:23:08.453Z"}},{"iob":0.024,"basaliob":0.003,"bolussnooze":0,"activity":4.0E-4,"lastBolusTime":1703717591088,"time":"2023-12-28T01:28:08.453Z","iobWithZeroTemp":{"iob":-0.145,"basaliob":-0.166,"bolussnooze":0,"activity":-0.0012,"lastBolusTime":1703717591088,"time":"2023-12-28T01:28:08.453Z"}},{"iob":0.023,"basaliob":0.004,"bolussnooze":0,"activity":3.0E-4,"lastBolusTime":1703717591088,"time":"2023-12-28T01:33:08.453Z","iobWithZeroTemp":{"iob":-0.15,"basaliob":-0.169,"bolussnooze":0,"activity":-0.0014,"lastBolusTime":1703717591088,"time":"2023-12-28T01:33:08.453Z"}},{"iob":0.02,"basaliob":0.004,"bolussnooze":0,"activity":4.0E-4,"lastBolusTime":1703717591088,"time":"2023-12-28T01:38:08.453Z","iobWithZeroTemp":{"iob":-0.157,"basaliob":-0.173,"bolussnooze":0,"activity":-0.0013,"lastBolusTime":1703717591088,"time":"2023-12-28T01:38:08.453Z"}},{"iob":0.019,"basaliob":0.004,"bolussnooze":0,"activity":4.0E-4,"lastBolusTime":1703717591088,"time":"2023-12-28T01:43:08.453Z","iobWithZeroTemp":{"iob":-0.162,"basaliob":-0.177,"bolussnooze":0,"activity":-0.0014,"lastBolusTime":1703717591088,"time":"2023-12-28T01:43:08.453Z"}},{"iob":0.017,"basaliob":0.004,"bolussnooze":0,"activity":3.0E-4,"lastBolusTime":1703717591088,"time":"2023-12-28T01:48:08.453Z","iobWithZeroTemp":{"iob":-0.167,"basaliob":-0.18,"bolussnooze":0,"activity":-0.0016,"lastBolusTime":1703717591088,"time":"2023-12-28T01:48:08.453Z"}},{"iob":0.015,"basaliob":0.004,"bolussnooze":0,"activity":3.0E-4,"lastBolusTime":1703717591088,"time":"2023-12-28T01:53:08.453Z","iobWithZeroTemp":{"iob":-0.172,"basaliob":-0.183,"bolussnooze":0,"activity":-0.0016,"lastBolusTime":1703717591088,"time":"2023-12-28T01:53:08.453Z"}},{"iob":0.014,"basaliob":0.004,"bolussnooze":0,"activity":3.0E-4,"lastBolusTime":1703717591088,"time":"2023-12-28T01:58:08.453Z","iobWithZeroTemp":{"iob":-0.176,"basaliob":-0.186,"bolussnooze":0,"activity":-0.0017,"lastBolusTime":1703717591088,"time":"2023-12-28T01:58:08.453Z"}},{"iob":0.013,"basaliob":0.004,"bolussnooze":0,"activity":2.0E-4,"lastBolusTime":1703717591088,"time":"2023-12-28T02:03:08.453Z","iobWithZeroTemp":{"iob":-0.183,"basaliob":-0.192,"bolussnooze":0,"activity":-0.0019,"lastBolusTime":1703717591088,"time":"2023-12-28T02:03:08.453Z"}},{"iob":0.012,"basaliob":0.004,"bolussnooze":0,"activity":2.0E-4,"lastBolusTime":1703717591088,"time":"2023-12-28T02:08:08.453Z","iobWithZeroTemp":{"iob":-0.191,"basaliob":-0.199,"bolussnooze":0,"activity":-0.0019,"lastBolusTime":1703717591088,"time":"2023-12-28T02:08:08.453Z"}},{"iob":0.011,"basaliob":0.004,"bolussnooze":0,"activity":2.0E-4,"lastBolusTime":1703717591088,"time":"2023-12-28T02:13:08.453Z","iobWithZeroTemp":{"iob":-0.197,"basaliob":-0.204,"bolussnooze":0,"activity":-0.002,"lastBolusTime":1703717591088,"time":"2023-12-28T02:13:08.453Z"}},{"iob":0.01,"basaliob":0.004,"bolussnooze":0,"activity":2.0E-4,"lastBolusTime":1703717591088,"time":"2023-12-28T02:18:08.453Z","iobWithZeroTemp":{"iob":-0.204,"basaliob":-0.21,"bolussnooze":0,"activity":-0.002,"lastBolusTime":1703717591088,"time":"2023-12-28T02:18:08.453Z"}},{"iob":0.008,"basaliob":0.003,"bolussnooze":0,"activity":1.0E-4,"lastBolusTime":1703717591088,"time":"2023-12-28T02:23:08.453Z","iobWithZeroTemp":{"iob":-0.211,"basaliob":-0.216,"bolussnooze":0,"activity":-0.0022,"lastBolusTime":1703717591088,"time":"2023-12-28T02:23:08.453Z"}},{"iob":0.007,"basaliob":0.003,"bolussnooze":0,"activity":1.0E-4,"lastBolusTime":1703717591088,"time":"2023-12-28T02:28:08.453Z","iobWithZeroTemp":{"iob":-0.217,"basaliob":-0.221,"bolussnooze":0,"activity":-0.0023,"lastBolusTime":1703717591088,"time":"2023-12-28T02:28:08.453Z"}},{"iob":0.007,"basaliob":0.003,"bolussnooze":0,"activity":1.0E-4,"lastBolusTime":1703717591088,"time":"2023-12-28T02:33:08.453Z","iobWithZeroTemp":{"iob":-0.222,"basaliob":-0.226,"bolussnooze":0,"activity":-0.0023,"lastBolusTime":1703717591088,"time":"2023-12-28T02:33:08.453Z"}},{"iob":0.006,"basaliob":0.003,"bolussnooze":0,"activity":1.0E-4,"lastBolusTime":1703717591088,"time":"2023-12-28T02:38:08.453Z","iobWithZeroTemp":{"iob":-0.227,"basaliob":-0.23,"bolussnooze":0,"activity":-0.0024,"lastBolusTime":1703717591088,"time":"2023-12-28T02:38:08.453Z"}},{"iob":0.006,"basaliob":0.003,"bolussnooze":0,"activity":1.0E-4,"lastBolusTime":1703717591088,"time":"2023-12-28T02:43:08.453Z","iobWithZeroTemp":{"iob":-0.231,"basaliob":-0.234,"bolussnooze":0,"activity":-0.0024,"lastBolusTime":1703717591088,"time":"2023-12-28T02:43:08.453Z"}},{"iob":0.005,"basaliob":0.003,"bolussnooze":0,"activity":1.0E-4,"lastBolusTime":1703717591088,"time":"2023-12-28T02:48:08.453Z","iobWithZeroTemp":{"iob":-0.236,"basaliob":-0.238,"bolussnooze":0,"activity":-0.0025,"lastBolusTime":1703717591088,"time":"2023-12-28T02:48:08.453Z"}},{"iob":0.004,"basaliob":0.002,"bolussnooze":0,"activity":1.0E-4,"lastBolusTime":1703717591088,"time":"2023-12-28T02:53:08.453Z","iobWithZeroTemp":{"iob":-0.241,"basaliob":-0.243,"bolussnooze":0,"activity":-0.0026,"lastBolusTime":1703717591088,"time":"2023-12-28T02:53:08.453Z"}},{"iob":0.004,"basaliob":0.002,"bolussnooze":0,"activity":1.0E-4,"lastBolusTime":1703717591088,"time":"2023-12-28T02:58:08.453Z","iobWithZeroTemp":{"iob":-0.244,"basaliob":-0.246,"bolussnooze":0,"activity":-0.0026,"lastBolusTime":1703717591088,"time":"2023-12-28T02:58:08.453Z"}},{"iob":0.003,"basaliob":0.002,"bolussnooze":0,"activity":0,"lastBolusTime":1703717591088,"time":"2023-12-28T03:03:08.453Z","iobWithZeroTemp":{"iob":-0.256,"basaliob":-0.257,"bolussnooze":0,"activity":-0.0028,"lastBolusTime":1703717591088,"time":"2023-12-28T03:03:08.453Z"}},{"iob":0.003,"basaliob":0.002,"bolussnooze":0,"activity":0,"lastBolusTime":1703717591088,"time":"2023-12-28T03:08:08.453Z","iobWithZeroTemp":{"iob":-0.267,"basaliob":-0.268,"bolussnooze":0,"activity":-0.0028,"lastBolusTime":1703717591088,"time":"2023-12-28T03:08:08.453Z"}},{"iob":0.003,"basaliob":0.002,"bolussnooze":0,"activity":0,"lastBolusTime":1703717591088,"time":"2023-12-28T03:13:08.453Z","iobWithZeroTemp":{"iob":-0.278,"basaliob":-0.279,"bolussnooze":0,"activity":-0.0029,"lastBolusTime":1703717591088,"time":"2023-12-28T03:13:08.453Z"}},{"iob":0.003,"basaliob":0.002,"bolussnooze":0,"activity":0,"lastBolusTime":1703717591088,"time":"2023-12-28T03:18:08.453Z","iobWithZeroTemp":{"iob":-0.288,"basaliob":-0.289,"bolussnooze":0,"activity":-0.003,"lastBolusTime":1703717591088,"time":"2023-12-28T03:18:08.453Z"}},{"iob":0.003,"basaliob":0.002,"bolussnooze":0,"activity":0,"lastBolusTime":1703717591088,"time":"2023-12-28T03:23:08.453Z","iobWithZeroTemp":{"iob":-0.298,"basaliob":-0.299,"bolussnooze":0,"activity":-0.0031,"lastBolusTime":1703717591088,"time":"2023-12-28T03:23:08.453Z"}},{"iob":0.002,"basaliob":0.001,"bolussnooze":0,"activity":0,"lastBolusTime":1703717591088,"time":"2023-12-28T03:28:08.453Z","iobWithZeroTemp":{"iob":-0.308,"basaliob":-0.309,"bolussnooze":0,"activity":-0.0032,"lastBolusTime":1703717591088,"time":"2023-12-28T03:28:08.453Z"}},{"iob":0.001,"basaliob":0.001,"bolussnooze":0,"activity":0,"lastBolusTime":1703717591088,"time":"2023-12-28T03:33:08.453Z","iobWithZeroTemp":{"iob":-0.317,"basaliob":-0.317,"bolussnooze":0,"activity":-0.0033,"lastBolusTime":1703717591088,"time":"2023-12-28T03:33:08.453Z"}},{"iob":0.001,"basaliob":0.001,"bolussnooze":0,"activity":0,"lastBolusTime":1703717591088,"time":"2023-12-28T03:38:08.453Z","iobWithZeroTemp":{"iob":-0.326,"basaliob":-0.326,"bolussnooze":0,"activity":-0.0034,"lastBolusTime":1703717591088,"time":"2023-12-28T03:38:08.453Z"}},{"iob":0.001,"basaliob":0.001,"bolussnooze":0,"activity":0,"lastBolusTime":1703717591088,"time":"2023-12-28T03:43:08.453Z","iobWithZeroTemp":{"iob":-0.333,"basaliob":-0.333,"bolussnooze":0,"activity":-0.0035,"lastBolusTime":1703717591088,"time":"2023-12-28T03:43:08.453Z"}},{"iob":0.001,"basaliob":0.001,"bolussnooze":0,"activity":0,"lastBolusTime":1703717591088,"time":"2023-12-28T03:48:08.453Z","iobWithZeroTemp":{"iob":-0.34,"basaliob":-0.34,"bolussnooze":0,"activity":-0.0036,"lastBolusTime":1703717591088,"time":"2023-12-28T03:48:08.453Z"}},{"iob":0.001,"basaliob":0.001,"bolussnooze":0,"activity":0,"lastBolusTime":1703717591088,"time":"2023-12-28T03:53:08.453Z","iobWithZeroTemp":{"iob":-0.347,"basaliob":-0.347,"bolussnooze":0,"activity":-0.0037,"lastBolusTime":1703717591088,"time":"2023-12-28T03:53:08.453Z"}},{"iob":0.001,"basaliob":0.001,"bolussnooze":0,"activity":0,"lastBolusTime":1703717591088,"time":"2023-12-28T03:58:08.453Z","iobWithZeroTemp":{"iob":-0.353,"basaliob":-0.353,"bolussnooze":0,"activity":-0.0038,"lastBolusTime":1703717591088,"time":"2023-12-28T03:58:08.453Z"}},{"iob":0.001,"basaliob":0.001,"bolussnooze":0,"activity":0,"lastBolusTime":1703717591088,"time":"2023-12-28T04:03:08.453Z","iobWithZeroTemp":{"iob":-0.359,"basaliob":-0.359,"bolussnooze":0,"activity":-0.0039,"lastBolusTime":1703717591088,"time":"2023-12-28T04:03:08.453Z"}},{"iob":0.001,"basaliob":0.001,"bolussnooze":0,"activity":0,"lastBolusTime":1703717591088,"time":"2023-12-28T04:08:08.453Z","iobWithZeroTemp":{"iob":-0.365,"basaliob":-0.365,"bolussnooze":0,"activity":-0.004,"lastBolusTime":1703717591088,"time":"2023-12-28T04:08:08.453Z"}}],"profile":{"max_iob":10,"type":"current","max_daily_basal":0.35,"max_basal":0.8,"min_bg":95,"max_bg":95,"target_bg":95,"carb_ratio":8.2,"sens":120,"max_daily_safety_multiplier":3,"current_basal_safety_multiplier":4,"lgsThreshold":95,"high_temptarget_raises_sensitivity":true,"low_temptarget_lowers_sensitivity":true,"sensitivity_raises_target":true,"resistance_lowers_target":true,"adv_target_adjustments":false,"exercise_mode":false,"half_basal_exercise_target":160,"maxCOB":120,"skip_neutral_temps":false,"remainingCarbsCap":90,"enableUAM":true,"A52_risk_enable":false,"SMBInterval":3,"enableSMB_with_COB":true,"enableSMB_with_temptarget":true,"allowSMB_with_high_temptarget":false,"enableSMB_always":false,"enableSMB_after_carbs":true,"maxSMBBasalMinutes":30,"maxUAMSMBBasalMinutes":45,"bolus_increment":0.05,"carbsReqThreshold":2,"current_basal":0.2,"temptargetSet":false,"autosens_max":1.3,"autosens_min":0.7,"variable_sens":157,"insulinDivisor":75,"TDD":13.011404648809524},"autosens_data":{"ratio":1.066465871801893},"meal_data":{"carbs":0,"mealCOB":0,"slopeFromMaxDeviation":-0.1665,"slopeFromMinDeviation":0.282,"lastBolusTime":1703717591088,"lastCarbTime":0},"microBolusAllowed":true,"currentTime":1703722389886,"flatBGsDetected":false,"tdd1D":17.627083333333335,"tdd7D":16.608595238095237,"tddLast24H":17.712500000000002,"tddLast4H":1.3375000000000001,"tddLast8to4H":3.35},"output":{"temp":"absolute","bg":106,"tick":"+1","eventualBG":102,"targetBG":93,"insulinReq":0.06,"deliverAt":"2023-12-28T00:13:09.886Z","sensitivityRatio":1.066465871801893,"variable_sens":157,"predBGs":{"IOB":[106,107,107,108,108,108,108,108,108,108,107,107,107,106,106,105,105,105,105,104,104,104,104,103,103,103,103,103,103,103,103,102],"ZT":[106,106,105,105,104,104,104,104,104,104,104,104,105,105],"UAM":[106,107,107,107,107,107,106,106,105,105,104,104,103,103,103,102,102,102,101,101,101,101,100,100,100,100,100,100,100,100,99]},"reason":"COB: 0, Dev: 7, BGI: 0, ISF: 157, CR: 8.2, Target: 93, minPredBG 102, minGuardBG 99, IOBpredBG 102, UAMpredBG 99; Eventual BG 102 >= 93, temp 0.45 >~ req 0.33U\/hr. ","COB":0,"IOB":0.067,"timestamp":"2023-12-28T00:13:09.917Z"}}