{"algorithm":"OpenAPSSMBDynamicISFPlugin","input":{"glucoseStatus":{"glucose":106,"noise":0,"delta":-1.61,"short_avgdelta":-1.61,"long_avgdelta":-0.74,"date":1703719662000},"currenttemp":{"temp":"absolute","duration":25,"rate":0.35,"minutesrunning":5},"iob_data":[{"iob":0.066,"basaliob":-0.152,"bolussnooze":0,"activity":0.0016,"lastBolusTime":1703717591088,"time":"2023-12-27T23:28:07.220Z","iobWithZeroTemp":{"iob":0.066,"basaliob":-0.152,"bolussnooze":0,"activity":0.0016,"lastBolusTime":1703717591088,"time":"2023-12-27T23:28:07.220Z"}},{"iob":0.059,"basaliob":-0.143,"bolussnooze":0,"activity":0.0014,"lastBolusTime":1703717591088,"time":"2023-12-27T23:33:07.220Z","iobWithZeroTemp":{"iob":0.042,"basaliob":-0.16,"bolussnooze":0,"activity":0.0014,"lastBolusTime":1703717591088,"time":"2023-12-27T23:33:07.220Z"}},{"iob":0.052,"basaliob":-0.134,"bolussnooze":0,"activity":0.0012,"lastBolusTime":1703717591088,"time":"2023-12-27T23:38:07.220Z","iobWithZeroTemp":{"iob":0.015,"basaliob":-0.171,"bolussnooze":0,"activity":0.0011,"lastBolusTime":1703717591088,"time":"2023-12-27T23:38:07.220Z"}},{"iob":0.046,"basaliob":-0.125,"bolussnooze":0,"activity":0.0012,"lastBolusTime":1703717591088,"time":"2023-12-27T23:43:07.220Z","iobWithZeroTemp":{"iob":-0.012,"basaliob":-0.183,"bolussnooze":0,"activity":0.001,"lastBolusTime":1703717591088,"time":"2023-12-27T23:43:07.220Z"}},{"iob":0.041,"basaliob":-0.117,"bolussnooze":0,"activity":0.001,"lastBolusTime":1703717591088,"time":"2023-12-27T23:48:07.220Z","iobWithZeroTemp":{"iob":-0.036,"basaliob":-0.194,"bolussnooze":0,"activity":7.0E-4,"lastBolusTime":1703717591088,"time":"2023-12-27T23:48:07.220Z"}},{"iob":0.036,"basaliob":-0.109,"bolussnooze":0,"activity":9.0E-4,"lastBolusTime":1703717591088,"time":"2023-12-27T23:53:07.220Z","iobWithZeroTemp":{"iob":-0.06,"basaliob":-0.205,"bolussnooze":0,"activity":5.0E-4,"lastBolusTime":1703717591088,"time":"2023-12-27T23:53:07.220Z"}},{"iob":0.031,"basaliob":-0.101,"bolussnooze":0,"activity":8.0E-4,"lastBolusTime":1703717591088,"time":"2023-12-27T23:58:07.220Z","iobWithZeroTemp":{"iob":-0.083,"basaliob":-0.215,"bolussnooze":0,"activity":2.0E-4,"lastBolusTime":1703717591088,"time":"2023-12-27T23:58:07.220Z"}},{"iob":0.028,"basaliob":-0.093,"bolussnooze":0,"activity":7.0E-4,"lastBolusTime":1703717591088,"time":"2023-12-28T00:03:07.220Z","iobWithZeroTemp":{"iob":-0.1,"basaliob":-0.221,"bolussnooze":0,"activity":-1.0E-4,"lastBolusTime":1703717591088,"time":"2023-12-28T00:03:07.220Z"}},{"iob":0.025,"basaliob":-0.086,"bolussnooze":0,"activity":6.0E-4,"lastBolusTime":1703717591088,"time":"2023-12-28T00:08:07.220Z","iobWithZeroTemp":{"iob":-0.115,"basaliob":-0.226,"bolussnooze":0,"activity":-3.0E-4,"lastBolusTime":1703717591088,"time":"2023-12-28T00:08:07.220Z"}},{"iob":0.022,"basaliob":-0.079,"bolussnooze":0,"activity":6.0E-4,"lastBolusTime":1703717591088,"time":"2023-12-28T00:13:07.220Z","iobWithZeroTemp":{"iob":-0.13,"basaliob":-0.231,"bolussnooze":0,"activity":-5.0E-4,"lastBolusTime":1703717591088,"time":"2023-12-28T00:13:07.220Z"}},{"iob":0.019,"basaliob":-0.073,"bolussnooze":0,"activity":5.0E-4,"lastBolusTime":1703717591088,"time":"2023-12-28T00:18:07.220Z","iobWithZeroTemp":{"iob":-0.144,"basaliob":-0.236,"bolussnooze":0,"activity":-7.0E-4,"lastBolusTime":1703717591088,"time":"2023-12-28T00:18:07.220Z"}},{"iob":0.016,"basaliob":-0.067,"bolussnooze":0,"activity":4.0E-4,"lastBolusTime":1703717591088,"time":"2023-12-28T00:23:07.220Z","iobWithZeroTemp":{"iob":-0.157,"basaliob":-0.24,"bolussnooze":0,"activity":-0.001,"lastBolusTime":1703717591088,"time":"2023-12-28T00:23:07.220Z"}},{"iob":0.014,"basaliob":-0.062,"bolussnooze":0,"activity":4.0E-4,"lastBolusTime":1703717591088,"time":"2023-12-28T00:28:07.220Z","iobWithZeroTemp":{"iob":-0.169,"basaliob":-0.245,"bolussnooze":0,"activity":-0.0011,"lastBolusTime":1703717591088,"time":"2023-12-28T00:28:07.220Z"}},{"iob":0.012,"basaliob":-0.056,"bolussnooze":0,"activity":4.0E-4,"lastBolusTime":1703717591088,"time":"2023-12-28T00:33:07.220Z","iobWithZeroTemp":{"iob":-0.18,"basaliob":-0.248,"bolussnooze":0,"activity":-0.0013,"lastBolusTime":1703717591088,"time":"2023-12-28T00:33:07.220Z"}},{"iob":0.011,"basaliob":-0.051,"bolussnooze":0,"activity":4.0E-4,"lastBolusTime":1703717591088,"time":"2023-12-28T00:38:07.220Z","iobWithZeroTemp":{"iob":-0.189,"basaliob":-0.251,"bolussnooze":0,"activity":-0.0014,"lastBolusTime":1703717591088,"time":"2023-12-28T00:38:07.220Z"}},{"iob":0.009,"basaliob":-0.047,"bolussnooze":0,"activity":2.0E-4,"lastBolusTime":1703717591088,"time":"2023-12-28T00:43:07.220Z","iobWithZeroTemp":{"iob":-0.198,"basaliob":-0.254,"bolussnooze":0,"activity":-0.0017,"lastBolusTime":1703717591088,"time":"2023-12-28T00:43:07.220Z"}},{"iob":0.007,"basaliob":-0.043,"bolussnooze":0,"activity":2.0E-4,"lastBolusTime":1703717591088,"time":"2023-12-28T00:48:07.220Z","iobWithZeroTemp":{"iob":-0.207,"basaliob":-0.257,"bolussnooze":0,"activity":-0.0018,"lastBolusTime":1703717591088,"time":"2023-12-28T00:48:07.220Z"}},{"iob":0.006,"basaliob":-0.039,"bolussnooze":0,"activity":3.0E-4,"lastBolusTime":1703717591088,"time":"2023-12-28T00:53:07.220Z","iobWithZeroTemp":{"iob":-0.214,"basaliob":-0.259,"bolussnooze":0,"activity":-0.0018,"lastBolusTime":1703717591088,"time":"2023-12-28T00:53:07.220Z"}},{"iob":0.006,"basaliob":-0.035,"bolussnooze":0,"activity":2.0E-4,"lastBolusTime":1703717591088,"time":"2023-12-28T00:58:07.220Z","iobWithZeroTemp":{"iob":-0.22,"basaliob":-0.261,"bolussnooze":0,"activity":-0.002,"lastBolusTime":1703717591088,"time":"2023-12-28T00:58:07.220Z"}},{"iob":0.005,"basaliob":-0.032,"bolussnooze":0,"activity":2.0E-4,"lastBolusTime":1703717591088,"time":"2023-12-28T01:03:07.220Z","iobWithZeroTemp":{"iob":-0.222,"basaliob":-0.259,"bolussnooze":0,"activity":-0.0021,"lastBolusTime":1703717591088,"time":"2023-12-28T01:03:07.220Z"}},{"iob":0.004,"basaliob":-0.029,"bolussnooze":0,"activity":1.0E-4,"lastBolusTime":1703717591088,"time":"2023-12-28T01:08:07.220Z","iobWithZeroTemp":{"iob":-0.224,"basaliob":-0.257,"bolussnooze":0,"activity":-0.0023,"lastBolusTime":1703717591088,"time":"2023-12-28T01:08:07.220Z"}},{"iob":0.003,"basaliob":-0.026,"bolussnooze":0,"activity":2.0E-4,"lastBolusTime":1703717591088,"time":"2023-12-28T01:13:07.220Z","iobWithZeroTemp":{"iob":-0.226,"basaliob":-0.255,"bolussnooze":0,"activity":-0.0022,"lastBolusTime":1703717591088,"time":"2023-12-28T01:13:07.220Z"}},{"iob":0.002,"basaliob":-0.024,"bolussnooze":0,"activity":1.0E-4,"lastBolusTime":1703717591088,"time":"2023-12-28T01:18:07.220Z","iobWithZeroTemp":{"iob":-0.227,"basaliob":-0.253,"bolussnooze":0,"activity":-0.0024,"lastBolusTime":1703717591088,"time":"2023-12-28T01:18:07.220Z"}},{"iob":0.002,"basaliob":-0.021,"bolussnooze":0,"activity":1.0E-4,"lastBolusTime":1703717591088,"time":"2023-12-28T01:23:07.220Z","iobWithZeroTemp":{"iob":-0.227,"basaliob":-0.25,"bolussnooze":0,"activity":-0.0024,"lastBolusTime":1703717591088,"time":"2023-12-28T01:23:07.220Z"}},{"iob":0.002,"basaliob":-0.019,"bolussnooze":0,"activity":1.0E-4,"lastBolusTime":1703717591088,"time":"2023-12-28T01:28:07.220Z","iobWithZeroTemp":{"iob":-0.227,"basaliob":-0.248,"bolussnooze":0,"activity":-0.0025,"lastBolusTime":1703717591088,"time":"2023-12-28T01:28:07.220Z"}},{"iob":0.002,"basaliob":-0.017,"bolussnooze":0,"activity":0,"lastBolusTime":1703717591088,"time":"2023-12-28T01:33:07.220Z","iobWithZeroTemp":{"iob":-0.226,"basaliob":-0.245,"bolussnooze":0,"activity":-0.0026,"lastBolusTime":1703717591088,"time":"2023-12-28T01:33:07.220Z"}},{"iob":0.001,"basaliob":-0.015,"bolussnooze":0,"activity":1.0E-4,"lastBolusTime":1703717591088,"time":"2023-12-28T01:38:07.220Z","iobWithZeroTemp":{"iob":-0.227,"basaliob":-0.243,"bolussnooze":0,"activity":-0.0025,"lastBolusTime":1703717591088,"time":"2023-12-28T01:38:07.220Z"}},{"iob":0.001,"basaliob":-0.014,"bolussnooze":0,"activity":1.0E-4,"lastBolusTime":1703717591088,"time":"2023-12-28T01:43:07.220Z","iobWithZeroTemp":{"iob":-0.226,"basaliob":-0.241,"bolussnooze":0,"activity":-0.0025,"lastBolusTime":1703717591088,"time":"2023-12-28T01:43:07.220Z"}},{"iob":0.001,"basaliob":-0.012,"bolussnooze":0,"activity":0,"lastBolusTime":1703717591088,"time":"2023-12-28T01:48:07.220Z","iobWithZeroTemp":{"iob":-0.225,"basaliob":-0.238,"bolussnooze":0,"activity":-0.0026,"lastBolusTime":1703717591088,"time":"2023-12-28T01:48:07.220Z"}},{"iob":0,"basaliob":-0.011,"bolussnooze":0,"activity":0,"lastBolusTime":1703717591088,"time":"2023-12-28T01:53:07.220Z","iobWithZeroTemp":{"iob":-0.226,"basaliob":-0.237,"bolussnooze":0,"activity":-0.0027,"lastBolusTime":1703717591088,"time":"2023-12-28T01:53:07.220Z"}},{"iob":0,"basaliob":-0.01,"bolussnooze":0,"activity":1.0E-4,"lastBolusTime":1703717591088,"time":"2023-12-28T01:58:07.220Z","iobWithZeroTemp":{"iob":-0.225,"basaliob":-0.235,"bolussnooze":0,"activity":-0.0026,"lastBolusTime":1703717591088,"time":"2023-12-28T01:58:07.220Z"}},{"iob":0,"basaliob":-0.009,"bolussnooze":0,"activity":0,"lastBolusTime":1703717591088,"time":"2023-12-28T02:03:07.220Z","iobWithZeroTemp":{"iob":-0.228,"basaliob":-0.237,"bolussnooze":0,"activity":-0.0027,"lastBolusTime":1703717591088,"time":"2023-12-28T02:03:07.220Z"}},{"iob":0,"basaliob":-0.008,"bolussnooze":0,"activity":0,"lastBolusTime":1703717591088,"time":"2023-12-28T02:08:07.220Z","iobWithZeroTemp":{"iob":-0.232,"basaliob":-0.24,"bolussnooze":0,"activity":-0.0027,"lastBolusTime":1703717591088,"time":"2023-12-28T02:08:07.220Z"}},{"iob":0,"basaliob":-0.007,"bolussnooze":0,"activity":0,"lastBolusTime":1703717591088,"time":"2023-12-28T02:13:07.220Z","iobWithZeroTemp":{"iob":-0.235,"basaliob":-0.242,"bolussnooze":0,"activity":-0.0027,"lastBolusTime":1703717591088,"time":"2023-12-28T02:13:07.220Z"}},{"iob":0,"basaliob":-0.006,"bolussnooze":0,"activity":1.0E-4,"lastBolusTime":1703717591088,"time":"2023-12-28T02:18:07.220Z","iobWithZeroTemp":{"iob":-0.238,"basaliob":-0.244,"bolussnooze":0,"activity":-0.0026,"lastBolusTime":1703717591088,"time":"2023-12-28T02:18:07.220Z"}},{"iob":0,"basaliob":-0.005,"bolussnooze":0,"activity":0,"lastBolusTime":1703717591088,"time":"2023-12-28T02:23:07.220Z","iobWithZeroTemp":{"iob":-0.241,"basaliob":-0.246,"bolussnooze":0,"activity":-0.0027,"lastBolusTime":1703717591088,"time":"2023-12-28T02:23:07.220Z"}},{"iob":-0.001,"basaliob":-0.005,"bolussnooze":0,"activity":0,"lastBolusTime":1703717591088,"time":"2023-12-28T02:28:07.220Z","iobWithZeroTemp":{"iob":-0.245,"basaliob":-0.249,"bolussnooze":0,"activity":-0.0028,"lastBolusTime":1703717591088,"time":"2023-12-28T02:28:07.220Z"}},{"iob":0,"basaliob":-0.004,"bolussnooze":0,"activity":0,"lastBolusTime":1703717591088,"time":"2023-12-28T02:33:07.220Z","iobWithZeroTemp":{"iob":-0.247,"basaliob":-0.251,"bolussnooze":0,"activity":-0.0028,"lastBolusTime":1703717591088,"time":"2023-12-28T02:33:07.220Z"}},{"iob":-0.001,"basaliob":-0.004,"bolussnooze":0,"activity":0,"lastBolusTime":1703717591088,"time":"2023-12-28T02:38:07.220Z","iobWithZeroTemp":{"iob":-0.25,"basaliob":-0.253,"bolussnooze":0,"activity":-0.0028,"lastBolusTime":1703717591088,"time":"2023-12-28T02:38:07.220Z"}},{"iob":0,"basaliob":-0.003,"bolussnooze":0,"activity":0,"lastBolusTime":1703717591088,"time":"2023-12-28T02:43:07.220Z","iobWithZeroTemp":{"iob":-0.252,"basaliob":-0.255,"bolussnooze":0,"activity":-0.0029,"lastBolusTime":1703717591088,"time":"2023-12-28T02:43:07.220Z"}},{"iob":-0.001,"basaliob":-0.003,"bolussnooze":0,"activity":0,"lastBolusTime":1703717591088,"time":"2023-12-28T02:48:07.220Z","iobWithZeroTemp":{"iob":-0.255,"basaliob":-0.257,"bolussnooze":0,"activity":-0.0029,"lastBolusTime":1703717591088,"time":"2023-12-28T02:48:07.220Z"}},{"iob":0,"basaliob":-0.002,"bolussnooze":0,"activity":0,"lastBolusTime":1703717591088,"time":"2023-12-28T02:53:07.220Z","iobWithZeroTemp":{"iob":-0.256,"basaliob":-0.258,"bolussnooze":0,"activity":-0.0029,"lastBolusTime":1703717591088,"time":"2023-12-28T02:53:07.220Z"}},{"iob":0,"basaliob":-0.002,"bolussnooze":0,"activity":0,"lastBolusTime":1703717591088,"time":"2023-12-28T02:58:07.220Z","iobWithZeroTemp":{"iob":-0.258,"basaliob":-0.26,"bolussnooze":0,"activity":-0.0029,"lastBolusTime":1703717591088,"time":"2023-12-28T02:58:07.220Z"}},{"iob":-0.001,"basaliob":-0.002,"bolussnooze":0,"activity":-1.0E-4,"lastBolusTime":1703717591088,"time":"2023-12-28T03:03:07.220Z","iobWithZeroTemp":{"iob":-0.269,"basaliob":-0.27,"bolussnooze":0,"activity":-0.0031,"lastBolusTime":1703717591088,"time":"2023-12-28T03:03:07.220Z"}},{"iob":-0.001,"basaliob":-0.002,"bolussnooze":0,"activity":0,"lastBolusTime":1703717591088,"time":"2023-12-28T03:08:07.220Z","iobWithZeroTemp":{"iob":-0.279,"basaliob":-0.28,"bolussnooze":0,"activity":-0.003,"lastBolusTime":1703717591088,"time":"2023-12-28T03:08:07.220Z"}},{"iob":0,"basaliob":-0.001,"bolussnooze":0,"activity":0,"lastBolusTime":1703717591088,"time":"2023-12-28T03:13:07.220Z","iobWithZeroTemp":{"iob":-0.288,"basaliob":-0.289,"bolussnooze":0,"activity":-0.0031,"lastBolusTime":1703717591088,"time":"2023-12-28T03:13:07.220Z"}},{"iob":0,"basaliob":-0.001,"bolussnooze":0,"activity":0,"lastBolusTime":1703717591088,"time":"2023-12-28T03:18:07.220Z","iobWithZeroTemp":{"iob":-0.297,"basaliob":-0.298,"bolussnooze":0,"activity":-0.0032,"lastBolusTime":1703717591088,"time":"2023-12-28T03:18:07.220Z"}},{"iob":0,"basaliob":-0.001,"bolussnooze":0,"activity":0,"lastBolusTime":1703717591088,"time":"2023-12-28T03:23:07.220Z","iobWithZeroTemp":{"iob":-0.306,"basaliob":-0.307,"bolussnooze":0,"activity":-0.0033,"lastBolusTime":1703717591088,"time":"2023-12-28T03:23:07.220Z"}}],"profile":{"max_iob":10,"type":"current","max_daily_basal":0.35,"max_basal":1,"min_bg":95,"max_bg":95,"target_bg":95,"carb_ratio":8.2,"sens":120,"max_daily_safety_multiplier":3,"current_basal_safety_multiplier":4,"lgsThreshold":95,"high_temptarget_raises_sensitivity":true,"low_temptarget_lowers_sensitivity":true,"sensitivity_raises_target":true,"resistance_lowers_target":true,"adv_target_adjustments":false,"exercise_mode":false,"half_basal_exercise_target":160,"maxCOB":120,"skip_neutral_temps":false,"remainingCarbsCap":90,"enableUAM":true,"A52_risk_enable":false,"SMBInterval":3,"enableSMB_with_COB":true,"enableSMB_with_temptarget":true,"allowSMB_with_high_temptarget":false,"enableSMB_always":false,"enableSMB_after_carbs":true,"maxSMBBasalMinutes":30,"maxUAMSMBBasalMinutes":45,"bolus_increment":0.05,"carbsReqThreshold":2,"current_basal":0.25,"temptargetSet":false,"autosens_max":1.3,"autosens_min":0.7,"variable_sens":154.9,"insulinDivisor":75,"TDD":13.193729648809525},"autosens_data":{"ratio":1.0541730400638798},"meal_data":{"carbs":10,"mealCOB":0,"slopeFromMaxDeviation":-0.5992857142857143,"slopeFromMinDeviation":0.0809,"lastBolusTime":1703717591088,"lastCarbTime":1703704251074},"microBolusAllowed":true,"currentTime":1703719689004,"flatBGsDetected":false,"tdd1D":17.627083333333335,"tdd7D":16.608595238095237,"tddLast24H":17.508333333333333,"tddLast4H":1.3333333333333335,"tddLast8to4H":3.7208333333333337},"output":{"temp":"absolute","bg":106,"tick":-2,"eventualBG":99,"targetBG":93,"insulinReq":0,"deliverAt":"2023-12-27T23:28:09.004Z","sensitivityRatio":1.0541730400638798,"variable_sens":154.9,"predBGs":{"IOB":[106,104,103,102,100,99,99,98,97,96,96,95,95,95,94,94,94,94,93,93,93,93,93,93,93,93,93,93,93,93,93,92],"ZT":[106,105,104,103,102,101,101,101,101,101,102,102]},"reason":"COB: 0, Dev: 3, BGI: -1, ISF: 155, CR: 8.2, Target: 93, minPredBG 97, minGuardBG 92, IOBpredBG 92; minGuardBG 92<95","COB":0,"IOB":0.066,"duration":30,"rate":0,"timestamp":"2023-12-27T23:28:09.034Z"}}