{"algorithm":"OpenAPSSMBDynamicISFPlugin","input":{"glucoseStatus":{"glucose":75,"noise":0,"delta":3.61,"short_avgdelta":3.61,"long_avgdelta":2.58,"date":1703761064000},"currenttemp":{"temp":"absolute","duration":0,"rate":0},"iob_data":[{"iob":-0.181,"basaliob":-0.236,"bolussnooze":0,"activity":-0.0018,"lastBolusTime":1703747935735,"time":"2023-12-28T10:58:08.575Z","iobWithZeroTemp":{"iob":-0.181,"basaliob":-0.236,"bolussnooze":0,"activity":-0.0018,"lastBolusTime":1703747935735,"time":"2023-12-28T10:58:08.575Z"}},{"iob":-0.172,"basaliob":-0.22,"bolussnooze":0,"activity":-0.0018,"lastBolusTime":1703747935735,"time":"2023-12-28T11:03:08.575Z","iobWithZeroTemp":{"iob":-0.192,"basaliob":-0.24,"bolussnooze":0,"activity":-0.0018,"lastBolusTime":1703747935735,"time":"2023-12-28T11:03:08.575Z"}},{"iob":-0.163,"basaliob":-0.205,"bolussnooze":0,"activity":-0.0019,"lastBolusTime":1703747935735,"time":"2023-12-28T11:08:08.575Z","iobWithZeroTemp":{"iob":-0.208,"basaliob":-0.25,"bolussnooze":0,"activity":-0.002,"lastBolusTime":1703747935735,"time":"2023-12-28T11:08:08.575Z"}},{"iob":-0.153,"basaliob":-0.19,"bolussnooze":0,"activity":-0.0019,"lastBolusTime":1703747935735,"time":"2023-12-28T11:13:08.575Z","iobWithZeroTemp":{"iob":-0.222,"basaliob":-0.259,"bolussnooze":0,"activity":-0.0021,"lastBolusTime":1703747935735,"time":"2023-12-28T11:13:08.575Z"}},{"iob":-0.144,"basaliob":-0.176,"bolussnooze":0,"activity":-0.0018,"lastBolusTime":1703747935735,"time":"2023-12-28T11:18:08.575Z","iobWithZeroTemp":{"iob":-0.237,"basaliob":-0.269,"bolussnooze":0,"activity":-0.0022,"lastBolusTime":1703747935735,"time":"2023-12-28T11:18:08.575Z"}},{"iob":-0.135,"basaliob":-0.163,"bolussnooze":0,"activity":-0.0018,"lastBolusTime":1703747935735,"time":"2023-12-28T11:23:08.575Z","iobWithZeroTemp":{"iob":-0.25,"basaliob":-0.278,"bolussnooze":0,"activity":-0.0023,"lastBolusTime":1703747935735,"time":"2023-12-28T11:23:08.575Z"}},{"iob":-0.126,"basaliob":-0.15,"bolussnooze":0,"activity":-0.0018,"lastBolusTime":1703747935735,"time":"2023-12-28T11:28:08.575Z","iobWithZeroTemp":{"iob":-0.263,"basaliob":-0.287,"bolussnooze":0,"activity":-0.0025,"lastBolusTime":1703747935735,"time":"2023-12-28T11:28:08.575Z"}},{"iob":-0.117,"basaliob":-0.138,"bolussnooze":0,"activity":-0.0017,"lastBolusTime":1703747935735,"time":"2023-12-28T11:33:08.575Z","iobWithZeroTemp":{"iob":-0.275,"basaliob":-0.296,"bolussnooze":0,"activity":-0.0026,"lastBolusTime":1703747935735,"time":"2023-12-28T11:33:08.575Z"}},{"iob":-0.109,"basaliob":-0.127,"bolussnooze":0,"activity":-0.0016,"lastBolusTime":1703747935735,"time":"2023-12-28T11:38:08.575Z","iobWithZeroTemp":{"iob":-0.287,"basaliob":-0.305,"bolussnooze":0,"activity":-0.0027,"lastBolusTime":1703747935735,"time":"2023-12-28T11:38:08.575Z"}},{"iob":-0.101,"basaliob":-0.116,"bolussnooze":0,"activity":-0.0015,"lastBolusTime":1703747935735,"time":"2023-12-28T11:43:08.575Z","iobWithZeroTemp":{"iob":-0.298,"basaliob":-0.313,"bolussnooze":0,"activity":-0.0028,"lastBolusTime":1703747935735,"time":"2023-12-28T11:43:08.575Z"}},{"iob":-0.093,"basaliob":-0.106,"bolussnooze":0,"activity":-0.0015,"lastBolusTime":1703747935735,"time":"2023-12-28T11:48:08.575Z","iobWithZeroTemp":{"iob":-0.308,"basaliob":-0.321,"bolussnooze":0,"activity":-0.0031,"lastBolusTime":1703747935735,"time":"2023-12-28T11:48:08.575Z"}},{"iob":-0.086,"basaliob":-0.097,"bolussnooze":0,"activity":-0.0014,"lastBolusTime":1703747935735,"time":"2023-12-28T11:53:08.575Z","iobWithZeroTemp":{"iob":-0.318,"basaliob":-0.329,"bolussnooze":0,"activity":-0.0032,"lastBolusTime":1703747935735,"time":"2023-12-28T11:53:08.575Z"}},{"iob":-0.08,"basaliob":-0.089,"bolussnooze":0,"activity":-0.0013,"lastBolusTime":1703747935735,"time":"2023-12-28T11:58:08.575Z","iobWithZeroTemp":{"iob":-0.327,"basaliob":-0.336,"bolussnooze":0,"activity":-0.0033,"lastBolusTime":1703747935735,"time":"2023-12-28T11:58:08.575Z"}},{"iob":-0.073,"basaliob":-0.081,"bolussnooze":0,"activity":-0.0012,"lastBolusTime":1703747935735,"time":"2023-12-28T12:03:08.575Z","iobWithZeroTemp":{"iob":-0.335,"basaliob":-0.343,"bolussnooze":0,"activity":-0.0034,"lastBolusTime":1703747935735,"time":"2023-12-28T12:03:08.575Z"}},{"iob":-0.067,"basaliob":-0.073,"bolussnooze":0,"activity":-0.0012,"lastBolusTime":1703747935735,"time":"2023-12-28T12:08:08.575Z","iobWithZeroTemp":{"iob":-0.343,"basaliob":-0.349,"bolussnooze":0,"activity":-0.0036,"lastBolusTime":1703747935735,"time":"2023-12-28T12:08:08.575Z"}},{"iob":-0.062,"basaliob":-0.067,"bolussnooze":0,"activity":-0.0011,"lastBolusTime":1703747935735,"time":"2023-12-28T12:13:08.575Z","iobWithZeroTemp":{"iob":-0.35,"basaliob":-0.355,"bolussnooze":0,"activity":-0.0037,"lastBolusTime":1703747935735,"time":"2023-12-28T12:13:08.575Z"}},{"iob":-0.056,"basaliob":-0.06,"bolussnooze":0,"activity":-0.001,"lastBolusTime":1703747935735,"time":"2023-12-28T12:18:08.575Z","iobWithZeroTemp":{"iob":-0.356,"basaliob":-0.36,"bolussnooze":0,"activity":-0.0037,"lastBolusTime":1703747935735,"time":"2023-12-28T12:18:08.575Z"}},{"iob":-0.052,"basaliob":-0.055,"bolussnooze":0,"activity":-9.0E-4,"lastBolusTime":1703747935735,"time":"2023-12-28T12:23:08.575Z","iobWithZeroTemp":{"iob":-0.363,"basaliob":-0.366,"bolussnooze":0,"activity":-0.0038,"lastBolusTime":1703747935735,"time":"2023-12-28T12:23:08.575Z"}},{"iob":-0.046,"basaliob":-0.049,"bolussnooze":0,"activity":-9.0E-4,"lastBolusTime":1703747935735,"time":"2023-12-28T12:28:08.575Z","iobWithZeroTemp":{"iob":-0.367,"basaliob":-0.37,"bolussnooze":0,"activity":-0.004,"lastBolusTime":1703747935735,"time":"2023-12-28T12:28:08.575Z"}},{"iob":-0.043,"basaliob":-0.045,"bolussnooze":0,"activity":-8.0E-4,"lastBolusTime":1703747935735,"time":"2023-12-28T12:33:08.575Z","iobWithZeroTemp":{"iob":-0.373,"basaliob":-0.375,"bolussnooze":0,"activity":-0.004,"lastBolusTime":1703747935735,"time":"2023-12-28T12:33:08.575Z"}},{"iob":-0.039,"basaliob":-0.04,"bolussnooze":0,"activity":-7.0E-4,"lastBolusTime":1703747935735,"time":"2023-12-28T12:38:08.575Z","iobWithZeroTemp":{"iob":-0.378,"basaliob":-0.379,"bolussnooze":0,"activity":-0.0041,"lastBolusTime":1703747935735,"time":"2023-12-28T12:38:08.575Z"}},{"iob":-0.035,"basaliob":-0.036,"bolussnooze":0,"activity":-7.0E-4,"lastBolusTime":1703747935735,"time":"2023-12-28T12:43:08.575Z","iobWithZeroTemp":{"iob":-0.382,"basaliob":-0.383,"bolussnooze":0,"activity":-0.0042,"lastBolusTime":1703747935735,"time":"2023-12-28T12:43:08.575Z"}},{"iob":-0.031,"basaliob":-0.032,"bolussnooze":0,"activity":-6.0E-4,"lastBolusTime":1703747935735,"time":"2023-12-28T12:48:08.575Z","iobWithZeroTemp":{"iob":-0.385,"basaliob":-0.386,"bolussnooze":0,"activity":-0.0042,"lastBolusTime":1703747935735,"time":"2023-12-28T12:48:08.575Z"}},{"iob":-0.029,"basaliob":-0.029,"bolussnooze":0,"activity":-6.0E-4,"lastBolusTime":1703747935735,"time":"2023-12-28T12:53:08.575Z","iobWithZeroTemp":{"iob":-0.39,"basaliob":-0.39,"bolussnooze":0,"activity":-0.0043,"lastBolusTime":1703747935735,"time":"2023-12-28T12:53:08.575Z"}},{"iob":-0.026,"basaliob":-0.026,"bolussnooze":0,"activity":-6.0E-4,"lastBolusTime":1703747935735,"time":"2023-12-28T12:58:08.575Z","iobWithZeroTemp":{"iob":-0.393,"basaliob":-0.393,"bolussnooze":0,"activity":-0.0045,"lastBolusTime":1703747935735,"time":"2023-12-28T12:58:08.575Z"}},{"iob":-0.023,"basaliob":-0.023,"bolussnooze":0,"activity":-5.0E-4,"lastBolusTime":1703747935735,"time":"2023-12-28T13:03:08.575Z","iobWithZeroTemp":{"iob":-0.395,"basaliob":-0.395,"bolussnooze":0,"activity":-0.0045,"lastBolusTime":1703747935735,"time":"2023-12-28T13:03:08.575Z"}},{"iob":-0.021,"basaliob":-0.021,"bolussnooze":0,"activity":-5.0E-4,"lastBolusTime":1703747935735,"time":"2023-12-28T13:08:08.575Z","iobWithZeroTemp":{"iob":-0.398,"basaliob":-0.398,"bolussnooze":0,"activity":-0.0045,"lastBolusTime":1703747935735,"time":"2023-12-28T13:08:08.575Z"}},{"iob":-0.018,"basaliob":-0.018,"bolussnooze":0,"activity":-4.0E-4,"lastBolusTime":1703747935735,"time":"2023-12-28T13:13:08.575Z","iobWithZeroTemp":{"iob":-0.4,"basaliob":-0.4,"bolussnooze":0,"activity":-0.0045,"lastBolusTime":1703747935735,"time":"2023-12-28T13:13:08.575Z"}},{"iob":-0.016,"basaliob":-0.016,"bolussnooze":0,"activity":-4.0E-4,"lastBolusTime":1703747935735,"time":"2023-12-28T13:18:08.575Z","iobWithZeroTemp":{"iob":-0.402,"basaliob":-0.402,"bolussnooze":0,"activity":-0.0046,"lastBolusTime":1703747935735,"time":"2023-12-28T13:18:08.575Z"}},{"iob":-0.015,"basaliob":-0.015,"bolussnooze":0,"activity":-3.0E-4,"lastBolusTime":0,"time":"2023-12-28T13:23:08.575Z","iobWithZeroTemp":{"iob":-0.405,"basaliob":-0.405,"bolussnooze":0,"activity":-0.0046,"lastBolusTime":0,"time":"2023-12-28T13:23:08.575Z"}},{"iob":-0.013,"basaliob":-0.013,"bolussnooze":0,"activity":-3.0E-4,"lastBolusTime":0,"time":"2023-12-28T13:28:08.575Z","iobWithZeroTemp":{"iob":-0.406,"basaliob":-0.406,"bolussnooze":0,"activity":-0.0047,"lastBolusTime":0,"time":"2023-12-28T13:28:08.575Z"}},{"iob":-0.011,"basaliob":-0.011,"bolussnooze":0,"activity":-3.0E-4,"lastBolusTime":0,"time":"2023-12-28T13:33:08.575Z","iobWithZeroTemp":{"iob":-0.407,"basaliob":-0.407,"bolussnooze":0,"activity":-0.0047,"lastBolusTime":0,"time":"2023-12-28T13:33:08.575Z"}},{"iob":-0.01,"basaliob":-0.01,"bolussnooze":0,"activity":-3.0E-4,"lastBolusTime":0,"time":"2023-12-28T13:38:08.575Z","iobWithZeroTemp":{"iob":-0.409,"basaliob":-0.409,"bolussnooze":0,"activity":-0.0048,"lastBolusTime":0,"time":"2023-12-28T13:38:08.575Z"}},{"iob":-0.009,"basaliob":-0.009,"bolussnooze":0,"activity":-2.0E-4,"lastBolusTime":0,"time":"2023-12-28T13:43:08.575Z","iobWithZeroTemp":{"iob":-0.41,"basaliob":-0.41,"bolussnooze":0,"activity":-0.0047,"lastBolusTime":0,"time":"2023-12-28T13:43:08.575Z"}},{"iob":-0.008,"basaliob":-0.008,"bolussnooze":0,"activity":-2.0E-4,"lastBolusTime":0,"time":"2023-12-28T13:48:08.575Z","iobWithZeroTemp":{"iob":-0.412,"basaliob":-0.412,"bolussnooze":0,"activity":-0.0048,"lastBolusTime":0,"time":"2023-12-28T13:48:08.575Z"}},{"iob":-0.007,"basaliob":-0.007,"bolussnooze":0,"activity":-2.0E-4,"lastBolusTime":0,"time":"2023-12-28T13:53:08.575Z","iobWithZeroTemp":{"iob":-0.413,"basaliob":-0.413,"bolussnooze":0,"activity":-0.0048,"lastBolusTime":0,"time":"2023-12-28T13:53:08.575Z"}},{"iob":-0.006,"basaliob":-0.006,"bolussnooze":0,"activity":-2.0E-4,"lastBolusTime":0,"time":"2023-12-28T13:58:08.575Z","iobWithZeroTemp":{"iob":-0.413,"basaliob":-0.413,"bolussnooze":0,"activity":-0.0049,"lastBolusTime":0,"time":"2023-12-28T13:58:08.575Z"}},{"iob":-0.005,"basaliob":-0.005,"bolussnooze":0,"activity":-1.0E-4,"lastBolusTime":0,"time":"2023-12-28T14:03:08.575Z","iobWithZeroTemp":{"iob":-0.398,"basaliob":-0.398,"bolussnooze":0,"activity":-0.0048,"lastBolusTime":0,"time":"2023-12-28T14:03:08.575Z"}},{"iob":-0.005,"basaliob":-0.005,"bolussnooze":0,"activity":-1.0E-4,"lastBolusTime":0,"time":"2023-12-28T14:08:08.575Z","iobWithZeroTemp":{"iob":-0.383,"basaliob":-0.383,"bolussnooze":0,"activity":-0.0048,"lastBolusTime":0,"time":"2023-12-28T14:08:08.575Z"}},{"iob":-0.004,"basaliob":-0.004,"bolussnooze":0,"activity":-1.0E-4,"lastBolusTime":0,"time":"2023-12-28T14:13:08.575Z","iobWithZeroTemp":{"iob":-0.367,"basaliob":-0.367,"bolussnooze":0,"activity":-0.0047,"lastBolusTime":0,"time":"2023-12-28T14:13:08.575Z"}},{"iob":-0.003,"basaliob":-0.003,"bolussnooze":0,"activity":-1.0E-4,"lastBolusTime":0,"time":"2023-12-28T14:18:08.575Z","iobWithZeroTemp":{"iob":-0.351,"basaliob":-0.351,"bolussnooze":0,"activity":-0.0046,"lastBolusTime":0,"time":"2023-12-28T14:18:08.575Z"}},{"iob":-0.003,"basaliob":-0.003,"bolussnooze":0,"activity":-1.0E-4,"lastBolusTime":0,"time":"2023-12-28T14:23:08.575Z","iobWithZeroTemp":{"iob":-0.337,"basaliob":-0.337,"bolussnooze":0,"activity":-0.0045,"lastBolusTime":0,"time":"2023-12-28T14:23:08.575Z"}},{"iob":-0.003,"basaliob":-0.003,"bolussnooze":0,"activity":-1.0E-4,"lastBolusTime":0,"time":"2023-12-28T14:28:08.575Z","iobWithZeroTemp":{"iob":-0.324,"basaliob":-0.324,"bolussnooze":0,"activity":-0.0044,"lastBolusTime":0,"time":"2023-12-28T14:28:08.575Z"}},{"iob":-0.002,"basaliob":-0.002,"bolussnooze":0,"activity":-1.0E-4,"lastBolusTime":0,"time":"2023-12-28T14:33:08.575Z","iobWithZeroTemp":{"iob":-0.31,"basaliob":-0.31,"bolussnooze":0,"activity":-0.0043,"lastBolusTime":0,"time":"2023-12-28T14:33:08.575Z"}},{"iob":-0.002,"basaliob":-0.002,"bolussnooze":0,"activity":-1.0E-4,"lastBolusTime":0,"time":"2023-12-28T14:38:08.575Z","iobWithZeroTemp":{"iob":-0.297,"basaliob":-0.297,"bolussnooze":0,"activity":-0.0042,"lastBolusTime":0,"time":"2023-12-28T14:38:08.575Z"}},{"iob":-0.002,"basaliob":-0.002,"bolussnooze":0,"activity":-1.0E-4,"lastBolusTime":0,"time":"2023-12-28T14:43:08.575Z","iobWithZeroTemp":{"iob":-0.286,"basaliob":-0.286,"bolussnooze":0,"activity":-0.0041,"lastBolusTime":0,"time":"2023-12-28T14:43:08.575Z"}},{"iob":-0.001,"basaliob":-0.001,"bolussnooze":0,"activity":0,"lastBolusTime":0,"time":"2023-12-28T14:48:08.575Z","iobWithZeroTemp":{"iob":-0.273,"basaliob":-0.273,"bolussnooze":0,"activity":-0.0038,"lastBolusTime":0,"time":"2023-12-28T14:48:08.575Z"}},{"iob":-0.001,"basaliob":-0.001,"bolussnooze":0,"activity":0,"lastBolusTime":0,"time":"2023-12-28T14:53:08.575Z","iobWithZeroTemp":{"iob":-0.263,"basaliob":-0.263,"bolussnooze":0,"activity":-0.0037,"lastBolusTime":0,"time":"2023-12-28T14:53:08.575Z"}}],"profile":{"max_iob":10,"type":"current","max_daily_basal":0.35,"max_basal":0.8,"min_bg":130,"max_bg":130,"target_bg":130,"carb_ratio":8.5,"sens":110,"max_daily_safety_multiplier":3,"current_basal_safety_multiplier":4,"lgsThreshold":95,"high_temptarget_raises_sensitivity":true,"low_temptarget_lowers_sensitivity":true,"sensitivity_raises_target":true,"resistance_lowers_target":true,"adv_target_adjustments":false,"exercise_mode":false,"half_basal_exercise_target":160,"maxCOB":120,"skip_neutral_temps":false,"remainingCarbsCap":90,"enableUAM":true,"A52_risk_enable":false,"SMBInterval":3,"enableSMB_with_COB":true,"enableSMB_with_temptarget":true,"allowSMB_with_high_temptarget":false,"enableSMB_always":false,"enableSMB_after_carbs":true,"maxSMBBasalMinutes":30,"maxUAMSMBBasalMinutes":45,"bolus_increment":0.05,"carbsReqThreshold":2,"current_basal":0.2,"temptargetSet":true,"autosens_max":1.3,"autosens_min":0.7,"variable_sens":205.4,"insulinDivisor":75,"TDD":12.641845898809523},"autosens_data":{"ratio":0.9666179731951756},"meal_data":{"carbs":33,"mealCOB":11.44648636363635,"slopeFromMaxDeviation":0,"slopeFromMinDeviation":0.7676,"lastBolusTime":1703747935735,"lastCarbTime":1703753560000},"microBolusAllowed":true,"currentTime":1703761089964,"flatBGsDetected":false,"tdd1D":17.627083333333335,"tdd7D":16.608595238095237,"tddLast24H":16.054166666666664,"tddLast4H":2.2041666666666666,"tddLast8to4H":0.5958333333333333},"output":{"temp":"absolute","bg":75,"tick":"+4","eventualBG":280,"targetBG":130,"insulinReq":0.09,"deliverAt":"2023-12-28T10:58:09.964Z","sensitivityRatio":0.67,"variable_sens":205.4,"predBGs":{"IOB":[75,79,82,85,88,91,93,96,98,99,101,102,104,105,106,107,107,108,109,110,110,111,111,112,112,113,113,114,114,114,114,115,115,115,115,115,116],"ZT":[75,77,79,81,83,85,87,89,92,94,96,99,102,105,107,110,113,116,119,122,125,128],"COB":[75,79,83,86,91,95,99,103,107,111,115,119,123,128,132,136,140,144,148,152,156,160,164,169,173,177,181,186,190,194,198,203,207,212,216,221,226,230,235,240,245,250,255,260,265,270,275,280],"UAM":[75,78,81,84,87,89,91,93,94,96,97,98,99,100,101,102,103,104,105,106,106,107,107,108,108,109,109,110,110,110,110,111,111,111,111,112,112,112,112,112,112,112,112,112,112,112,113]},"reason":"COB: 11.4, Dev: 11, BGI: 2, ISF: 205, CR: 8.5, Target: 130, minPredBG 148, minGuardBG 78, IOBpredBG 116, COBpredBG 280, UAMpredBG 113; IOB -0.181 < -0.07 and minDelta 4 > expectedDelta 2; Eventual BG 280 >= 130, no temp, setting 0.31U\/hr. ","COB":11.44648636363635,"IOB":-0.181,"duration":30,"rate":0.314,"timestamp":"2023-12-28T10:58:10.042Z"}}