{"algorithm":"OpenAPSSMBDynamicISFPlugin","input":{"glucoseStatus":{"glucose":58,"noise":0,"delta":-5.33,"short_avgdelta":-5.33,"long_avgdelta":-6.86,"date":1703883467000},"currenttemp":{"temp":"absolute","duration":115,"rate":0,"minutesrunning":5},"iob_data":[{"iob":1.051,"basaliob":-0.417,"bolussnooze":0.3785,"activity":0.0182,"lastBolusTime":1703879448213,"time":"2023-12-29T20:58:12.309Z","iobWithZeroTemp":{"iob":1.051,"basaliob":-0.417,"bolussnooze":0.3785,"activity":0.0182,"lastBolusTime":1703879448213,"time":"2023-12-29T20:58:12.309Z"}},{"iob":0.964,"basaliob":-0.394,"bolussnooze":0.3104,"activity":0.017,"lastBolusTime":1703879448213,"time":"2023-12-29T21:03:12.309Z","iobWithZeroTemp":{"iob":0.941,"basaliob":-0.417,"bolussnooze":0.3104,"activity":0.017,"lastBolusTime":1703879448213,"time":"2023-12-29T21:03:12.309Z"}},{"iob":0.881,"basaliob":-0.372,"bolussnooze":0.2529,"activity":0.0158,"lastBolusTime":1703879448213,"time":"2023-12-29T21:08:12.309Z","iobWithZeroTemp":{"iob":0.829,"basaliob":-0.424,"bolussnooze":0.2529,"activity":0.0157,"lastBolusTime":1703879448213,"time":"2023-12-29T21:08:12.309Z"}},{"iob":0.804,"basaliob":-0.35,"bolussnooze":0.2048,"activity":0.0148,"lastBolusTime":1703879448213,"time":"2023-12-29T21:13:12.309Z","iobWithZeroTemp":{"iob":0.723,"basaliob":-0.431,"bolussnooze":0.2048,"activity":0.0146,"lastBolusTime":1703879448213,"time":"2023-12-29T21:13:12.309Z"}},{"iob":0.733,"basaliob":-0.328,"bolussnooze":0.1647,"activity":0.0136,"lastBolusTime":1703879448213,"time":"2023-12-29T21:18:12.309Z","iobWithZeroTemp":{"iob":0.625,"basaliob":-0.436,"bolussnooze":0.1647,"activity":0.0132,"lastBolusTime":1703879448213,"time":"2023-12-29T21:18:12.309Z"}},{"iob":0.668,"basaliob":-0.306,"bolussnooze":0.1315,"activity":0.0127,"lastBolusTime":1703879448213,"time":"2023-12-29T21:23:12.309Z","iobWithZeroTemp":{"iob":0.533,"basaliob":-0.441,"bolussnooze":0.1315,"activity":0.0121,"lastBolusTime":1703879448213,"time":"2023-12-29T21:23:12.309Z"}},{"iob":0.607,"basaliob":-0.285,"bolussnooze":0.1042,"activity":0.0117,"lastBolusTime":1703879448213,"time":"2023-12-29T21:28:12.309Z","iobWithZeroTemp":{"iob":0.447,"basaliob":-0.445,"bolussnooze":0.1042,"activity":0.0109,"lastBolusTime":1703879448213,"time":"2023-12-29T21:28:12.309Z"}},{"iob":0.551,"basaliob":-0.265,"bolussnooze":0.0819,"activity":0.0108,"lastBolusTime":1703879448213,"time":"2023-12-29T21:33:12.309Z","iobWithZeroTemp":{"iob":0.366,"basaliob":-0.45,"bolussnooze":0.0819,"activity":0.0097,"lastBolusTime":1703879448213,"time":"2023-12-29T21:33:12.309Z"}},{"iob":0.499,"basaliob":-0.246,"bolussnooze":0.0637,"activity":0.0099,"lastBolusTime":1703879448213,"time":"2023-12-29T21:38:12.309Z","iobWithZeroTemp":{"iob":0.291,"basaliob":-0.454,"bolussnooze":0.0637,"activity":0.0086,"lastBolusTime":1703879448213,"time":"2023-12-29T21:38:12.309Z"}},{"iob":0.452,"basaliob":-0.227,"bolussnooze":0.0491,"activity":0.0091,"lastBolusTime":1703879448213,"time":"2023-12-29T21:43:12.309Z","iobWithZeroTemp":{"iob":0.222,"basaliob":-0.457,"bolussnooze":0.0491,"activity":0.0075,"lastBolusTime":1703879448213,"time":"2023-12-29T21:43:12.309Z"}},{"iob":0.408,"basaliob":-0.21,"bolussnooze":0.0374,"activity":0.0083,"lastBolusTime":1703879448213,"time":"2023-12-29T21:48:12.309Z","iobWithZeroTemp":{"iob":0.157,"basaliob":-0.461,"bolussnooze":0.0374,"activity":0.0065,"lastBolusTime":1703879448213,"time":"2023-12-29T21:48:12.309Z"}},{"iob":0.369,"basaliob":-0.193,"bolussnooze":0.0281,"activity":0.0076,"lastBolusTime":1703879448213,"time":"2023-12-29T21:53:12.309Z","iobWithZeroTemp":{"iob":0.099,"basaliob":-0.463,"bolussnooze":0.0281,"activity":0.0055,"lastBolusTime":1703879448213,"time":"2023-12-29T21:53:12.309Z"}},{"iob":0.332,"basaliob":-0.178,"bolussnooze":0.0208,"activity":0.007,"lastBolusTime":1703879448213,"time":"2023-12-29T21:58:12.309Z","iobWithZeroTemp":{"iob":0.043,"basaliob":-0.467,"bolussnooze":0.0208,"activity":0.0047,"lastBolusTime":1703879448213,"time":"2023-12-29T21:58:12.309Z"}},{"iob":0.299,"basaliob":-0.163,"bolussnooze":0.0151,"activity":0.0064,"lastBolusTime":1703879448213,"time":"2023-12-29T22:03:12.309Z","iobWithZeroTemp":{"iob":-0.003,"basaliob":-0.465,"bolussnooze":0.0151,"activity":0.0039,"lastBolusTime":1703879448213,"time":"2023-12-29T22:03:12.309Z"}},{"iob":0.268,"basaliob":-0.15,"bolussnooze":0.0107,"activity":0.0058,"lastBolusTime":1703879448213,"time":"2023-12-29T22:08:12.309Z","iobWithZeroTemp":{"iob":-0.045,"basaliob":-0.463,"bolussnooze":0.0107,"activity":0.0031,"lastBolusTime":1703879448213,"time":"2023-12-29T22:08:12.309Z"}},{"iob":0.24,"basaliob":-0.137,"bolussnooze":0.0073,"activity":0.0052,"lastBolusTime":1703879448213,"time":"2023-12-29T22:13:12.309Z","iobWithZeroTemp":{"iob":-0.084,"basaliob":-0.461,"bolussnooze":0.0073,"activity":0.0023,"lastBolusTime":1703879448213,"time":"2023-12-29T22:13:12.309Z"}},{"iob":0.215,"basaliob":-0.125,"bolussnooze":0.0049,"activity":0.0048,"lastBolusTime":1703879448213,"time":"2023-12-29T22:18:12.309Z","iobWithZeroTemp":{"iob":-0.119,"basaliob":-0.459,"bolussnooze":0.0049,"activity":0.0017,"lastBolusTime":1703879448213,"time":"2023-12-29T22:18:12.309Z"}},{"iob":0.192,"basaliob":-0.114,"bolussnooze":0.0031,"activity":0.0044,"lastBolusTime":1703879448213,"time":"2023-12-29T22:23:12.309Z","iobWithZeroTemp":{"iob":-0.151,"basaliob":-0.457,"bolussnooze":0.0031,"activity":0.0011,"lastBolusTime":1703879448213,"time":"2023-12-29T22:23:12.309Z"}},{"iob":0.171,"basaliob":-0.104,"bolussnooze":0.0018,"activity":0.0039,"lastBolusTime":1703879448213,"time":"2023-12-29T22:28:12.309Z","iobWithZeroTemp":{"iob":-0.18,"basaliob":-0.455,"bolussnooze":0.0018,"activity":4.0E-4,"lastBolusTime":1703879448213,"time":"2023-12-29T22:28:12.309Z"}},{"iob":0.153,"basaliob":-0.094,"bolussnooze":9.0E-4,"activity":0.0036,"lastBolusTime":1703879448213,"time":"2023-12-29T22:33:12.309Z","iobWithZeroTemp":{"iob":-0.206,"basaliob":-0.453,"bolussnooze":9.0E-4,"activity":0,"lastBolusTime":1703879448213,"time":"2023-12-29T22:33:12.309Z"}},{"iob":0.135,"basaliob":-0.086,"bolussnooze":4.0E-4,"activity":0.0032,"lastBolusTime":1703879448213,"time":"2023-12-29T22:38:12.309Z","iobWithZeroTemp":{"iob":-0.23,"basaliob":-0.451,"bolussnooze":4.0E-4,"activity":-5.0E-4,"lastBolusTime":1703879448213,"time":"2023-12-29T22:38:12.309Z"}},{"iob":0.12,"basaliob":-0.078,"bolussnooze":1.0E-4,"activity":0.0029,"lastBolusTime":1703879448213,"time":"2023-12-29T22:43:12.309Z","iobWithZeroTemp":{"iob":-0.251,"basaliob":-0.449,"bolussnooze":1.0E-4,"activity":-0.001,"lastBolusTime":1703879448213,"time":"2023-12-29T22:43:12.309Z"}},{"iob":0.107,"basaliob":-0.07,"bolussnooze":0,"activity":0.0026,"lastBolusTime":1703879448213,"time":"2023-12-29T22:48:12.309Z","iobWithZeroTemp":{"iob":-0.27,"basaliob":-0.447,"bolussnooze":0,"activity":-0.0014,"lastBolusTime":1703879448213,"time":"2023-12-29T22:48:12.309Z"}},{"iob":0.095,"basaliob":-0.063,"bolussnooze":0,"activity":0.0023,"lastBolusTime":1703879448213,"time":"2023-12-29T22:53:12.309Z","iobWithZeroTemp":{"iob":-0.287,"basaliob":-0.445,"bolussnooze":0,"activity":-0.0018,"lastBolusTime":1703879448213,"time":"2023-12-29T22:53:12.309Z"}},{"iob":0.083,"basaliob":-0.057,"bolussnooze":0,"activity":0.0021,"lastBolusTime":1703879448213,"time":"2023-12-29T22:58:12.309Z","iobWithZeroTemp":{"iob":-0.303,"basaliob":-0.443,"bolussnooze":0,"activity":-0.0021,"lastBolusTime":1703879448213,"time":"2023-12-29T22:58:12.309Z"}},{"iob":0.074,"basaliob":-0.051,"bolussnooze":0,"activity":0.0019,"lastBolusTime":1703879448213,"time":"2023-12-29T23:03:12.309Z","iobWithZeroTemp":{"iob":-0.312,"basaliob":-0.437,"bolussnooze":0,"activity":-0.0023,"lastBolusTime":1703879448213,"time":"2023-12-29T23:03:12.309Z"}},{"iob":0.064,"basaliob":-0.046,"bolussnooze":0,"activity":0.0017,"lastBolusTime":1703879448213,"time":"2023-12-29T23:08:12.309Z","iobWithZeroTemp":{"iob":-0.322,"basaliob":-0.432,"bolussnooze":0,"activity":-0.0026,"lastBolusTime":1703879448213,"time":"2023-12-29T23:08:12.309Z"}},{"iob":0.057,"basaliob":-0.041,"bolussnooze":0,"activity":0.0015,"lastBolusTime":1703879448213,"time":"2023-12-29T23:13:12.309Z","iobWithZeroTemp":{"iob":-0.328,"basaliob":-0.426,"bolussnooze":0,"activity":-0.0029,"lastBolusTime":1703879448213,"time":"2023-12-29T23:13:12.309Z"}},{"iob":0.049,"basaliob":-0.037,"bolussnooze":0,"activity":0.0014,"lastBolusTime":1703879448213,"time":"2023-12-29T23:18:12.309Z","iobWithZeroTemp":{"iob":-0.335,"basaliob":-0.421,"bolussnooze":0,"activity":-0.003,"lastBolusTime":1703879448213,"time":"2023-12-29T23:18:12.309Z"}},{"iob":0.043,"basaliob":-0.033,"bolussnooze":0,"activity":0.0012,"lastBolusTime":1703879448213,"time":"2023-12-29T23:23:12.309Z","iobWithZeroTemp":{"iob":-0.34,"basaliob":-0.416,"bolussnooze":0,"activity":-0.0032,"lastBolusTime":1703879448213,"time":"2023-12-29T23:23:12.309Z"}},{"iob":0.037,"basaliob":-0.03,"bolussnooze":0,"activity":0.001,"lastBolusTime":1703879448213,"time":"2023-12-29T23:28:12.309Z","iobWithZeroTemp":{"iob":-0.344,"basaliob":-0.411,"bolussnooze":0,"activity":-0.0034,"lastBolusTime":1703879448213,"time":"2023-12-29T23:28:12.309Z"}},{"iob":0.033,"basaliob":-0.026,"bolussnooze":0,"activity":0.001,"lastBolusTime":1703879448213,"time":"2023-12-29T23:33:12.309Z","iobWithZeroTemp":{"iob":-0.347,"basaliob":-0.406,"bolussnooze":0,"activity":-0.0035,"lastBolusTime":1703879448213,"time":"2023-12-29T23:33:12.309Z"}},{"iob":0.028,"basaliob":-0.023,"bolussnooze":0,"activity":8.0E-4,"lastBolusTime":1703879448213,"time":"2023-12-29T23:38:12.309Z","iobWithZeroTemp":{"iob":-0.351,"basaliob":-0.402,"bolussnooze":0,"activity":-0.0037,"lastBolusTime":1703879448213,"time":"2023-12-29T23:38:12.309Z"}},{"iob":0.024,"basaliob":-0.021,"bolussnooze":0,"activity":7.0E-4,"lastBolusTime":1703879448213,"time":"2023-12-29T23:43:12.309Z","iobWithZeroTemp":{"iob":-0.353,"basaliob":-0.398,"bolussnooze":0,"activity":-0.0038,"lastBolusTime":1703879448213,"time":"2023-12-29T23:43:12.309Z"}},{"iob":0.021,"basaliob":-0.018,"bolussnooze":0,"activity":6.0E-4,"lastBolusTime":1703879448213,"time":"2023-12-29T23:48:12.309Z","iobWithZeroTemp":{"iob":-0.355,"basaliob":-0.394,"bolussnooze":0,"activity":-0.0039,"lastBolusTime":1703879448213,"time":"2023-12-29T23:48:12.309Z"}},{"iob":0.018,"basaliob":-0.016,"bolussnooze":0,"activity":6.0E-4,"lastBolusTime":1703879448213,"time":"2023-12-29T23:53:12.309Z","iobWithZeroTemp":{"iob":-0.356,"basaliob":-0.39,"bolussnooze":0,"activity":-0.0039,"lastBolusTime":1703879448213,"time":"2023-12-29T23:53:12.309Z"}},{"iob":0.015,"basaliob":-0.014,"bolussnooze":0,"activity":5.0E-4,"lastBolusTime":1703879448213,"time":"2023-12-29T23:58:12.309Z","iobWithZeroTemp":{"iob":-0.358,"basaliob":-0.387,"bolussnooze":0,"activity":-0.004,"lastBolusTime":1703879448213,"time":"2023-12-29T23:58:12.309Z"}},{"iob":0.012,"basaliob":-0.013,"bolussnooze":0,"activity":5.0E-4,"lastBolusTime":1703879448213,"time":"2023-12-30T00:03:12.309Z","iobWithZeroTemp":{"iob":-0.355,"basaliob":-0.38,"bolussnooze":0,"activity":-0.0039,"lastBolusTime":1703879448213,"time":"2023-12-30T00:03:12.309Z"}},{"iob":0.011,"basaliob":-0.011,"bolussnooze":0,"activity":4.0E-4,"lastBolusTime":1703879448213,"time":"2023-12-30T00:08:12.309Z","iobWithZeroTemp":{"iob":-0.351,"basaliob":-0.373,"bolussnooze":0,"activity":-0.004,"lastBolusTime":1703879448213,"time":"2023-12-30T00:08:12.309Z"}},{"iob":0.008,"basaliob":-0.01,"bolussnooze":0,"activity":3.0E-4,"lastBolusTime":1703879448213,"time":"2023-12-30T00:13:12.309Z","iobWithZeroTemp":{"iob":-0.348,"basaliob":-0.366,"bolussnooze":0,"activity":-0.0041,"lastBolusTime":1703879448213,"time":"2023-12-30T00:13:12.309Z"}},{"iob":0.008,"basaliob":-0.008,"bolussnooze":0,"activity":3.0E-4,"lastBolusTime":1703879448213,"time":"2023-12-30T00:18:12.309Z","iobWithZeroTemp":{"iob":-0.343,"basaliob":-0.359,"bolussnooze":0,"activity":-0.0041,"lastBolusTime":1703879448213,"time":"2023-12-30T00:18:12.309Z"}},{"iob":0.006,"basaliob":-0.007,"bolussnooze":0,"activity":3.0E-4,"lastBolusTime":1703879448213,"time":"2023-12-30T00:23:12.309Z","iobWithZeroTemp":{"iob":-0.34,"basaliob":-0.353,"bolussnooze":0,"activity":-0.004,"lastBolusTime":1703879448213,"time":"2023-12-30T00:23:12.309Z"}},{"iob":0.005,"basaliob":-0.006,"bolussnooze":0,"activity":2.0E-4,"lastBolusTime":1703879448213,"time":"2023-12-30T00:28:12.309Z","iobWithZeroTemp":{"iob":-0.336,"basaliob":-0.347,"bolussnooze":0,"activity":-0.0041,"lastBolusTime":1703879448213,"time":"2023-12-30T00:28:12.309Z"}},{"iob":0.003,"basaliob":-0.006,"bolussnooze":0,"activity":1.0E-4,"lastBolusTime":1703879448213,"time":"2023-12-30T00:33:12.309Z","iobWithZeroTemp":{"iob":-0.334,"basaliob":-0.343,"bolussnooze":0,"activity":-0.0041,"lastBolusTime":1703879448213,"time":"2023-12-30T00:33:12.309Z"}},{"iob":0.003,"basaliob":-0.005,"bolussnooze":0,"activity":2.0E-4,"lastBolusTime":1703879448213,"time":"2023-12-30T00:38:12.309Z","iobWithZeroTemp":{"iob":-0.329,"basaliob":-0.337,"bolussnooze":0,"activity":-0.004,"lastBolusTime":1703879448213,"time":"2023-12-30T00:38:12.309Z"}},{"iob":0.002,"basaliob":-0.004,"bolussnooze":0,"activity":2.0E-4,"lastBolusTime":1703879448213,"time":"2023-12-30T00:43:12.309Z","iobWithZeroTemp":{"iob":-0.326,"basaliob":-0.332,"bolussnooze":0,"activity":-0.0039,"lastBolusTime":1703879448213,"time":"2023-12-30T00:43:12.309Z"}},{"iob":0.002,"basaliob":-0.003,"bolussnooze":0,"activity":1.0E-4,"lastBolusTime":1703879448213,"time":"2023-12-30T00:48:12.309Z","iobWithZeroTemp":{"iob":-0.322,"basaliob":-0.327,"bolussnooze":0,"activity":-0.004,"lastBolusTime":1703879448213,"time":"2023-12-30T00:48:12.309Z"}},{"iob":0.001,"basaliob":-0.003,"bolussnooze":0,"activity":1.0E-4,"lastBolusTime":1703879448213,"time":"2023-12-30T00:53:12.309Z","iobWithZeroTemp":{"iob":-0.32,"basaliob":-0.324,"bolussnooze":0,"activity":-0.0039,"lastBolusTime":1703879448213,"time":"2023-12-30T00:53:12.309Z"}}],"profile":{"max_iob":0,"type":"current","max_daily_basal":0.35,"max_basal":1.05,"min_bg":135,"max_bg":135,"target_bg":135,"carb_ratio":8.5,"sens":110,"max_daily_safety_multiplier":3,"current_basal_safety_multiplier":4,"lgsThreshold":95,"high_temptarget_raises_sensitivity":true,"low_temptarget_lowers_sensitivity":true,"sensitivity_raises_target":true,"resistance_lowers_target":true,"adv_target_adjustments":false,"exercise_mode":false,"half_basal_exercise_target":160,"maxCOB":120,"skip_neutral_temps":false,"remainingCarbsCap":90,"enableUAM":true,"A52_risk_enable":false,"SMBInterval":3,"enableSMB_with_COB":true,"enableSMB_with_temptarget":true,"allowSMB_with_high_temptarget":false,"enableSMB_always":false,"enableSMB_after_carbs":true,"maxSMBBasalMinutes":45,"maxUAMSMBBasalMinutes":45,"bolus_increment":0.05,"carbsReqThreshold":2,"current_basal":0.35,"temptargetSet":true,"autosens_max":1.3,"autosens_min":0.7,"variable_sens":193.1,"insulinDivisor":75,"TDD":16.27123813095238},"autosens_data":{"ratio":0.9829306063328453},"meal_data":{"carbs":45,"mealCOB":17.6815,"slopeFromMaxDeviation":-0.5448181818181818,"slopeFromMinDeviation":0.8950000000000002,"lastBolusTime":1703879448213,"lastCarbTime":1703882928000},"microBolusAllowed":true,"currentTime":1703883494176,"flatBGsDetected":false,"tdd1D":13.99583333333333,"tdd7D":16.405023809523808,"tddLast24H":16.125,"tddLast4H":5.9833333333333325,"tddLast8to4H":1.1},"output":{"temp":"absolute","bg":58,"tick":-5,"eventualBG":223,"targetBG":135,"insulinReq":0,"deliverAt":"2023-12-29T20:58:14.176Z","sensitivityRatio":0.63,"variable_sens":193.1,"predBGs":{"IOB":[58,52,44,39,39,39,39,39,39,39,39,39,39],"ZT":[58,40,39,39,39,39,39,39,39,39,39,39,39,39,39,39,39,39,39,39,39,39,39,39,39,39,39,39,39,39,39,39,39,39,39,39,39,39,39,39,39,39,39,39,39,39,39,39],"COB":[58,52,48,44,42,40,39,39,39,40,42,44,47,51,54,58,63,68,73,78,84,89,95,101,107,113,119,125,132,138,144,150,156,161,167,173,178,183,188,193,197,201,206,209,213,217,220,223],"UAM":[58,52,45,39,39,39,39,39,39,39,39,39,39]},"reason":"COB: 17.7, Dev: 73, BGI: -18, ISF: 193, CR: 8.5, Target: 135, minPredBG 36, minGuardBG -37, IOBpredBG 39, COBpredBG 223, UAMpredBG 39; 4 add'l carbs req w\/in 0m; minGuardBG -37<95 115m left and 0 ~ req 0U\/hr: no temp required","COB":17.6815,"IOB":1.051,"carbsReq":4,"carbsReqWithin":0,"timestamp":"2023-12-29T20:58:14.207Z"}}