{"algorithm":"OpenAPSSMBDynamicISFPlugin","input":{"glucoseStatus":{"glucose":139,"noise":0,"delta":-0.67,"short_avgdelta":-0.67,"long_avgdelta":1.1,"date":1703803065000},"currenttemp":{"temp":"absolute","duration":20,"rate":0,"minutesrunning":10},"iob_data":[{"iob":0.443,"basaliob":-0.108,"bolussnooze":0.0028,"activity":0.0062,"lastBolusTime":1703800997128,"time":"2023-12-28T22:38:10.479Z","iobWithZeroTemp":{"iob":0.443,"basaliob":-0.108,"bolussnooze":0.0028,"activity":0.0062,"lastBolusTime":1703800997128,"time":"2023-12-28T22:38:10.479Z"}},{"iob":0.412,"basaliob":-0.1,"bolussnooze":0.002,"activity":0.006,"lastBolusTime":1703800997128,"time":"2023-12-28T22:43:10.479Z","iobWithZeroTemp":{"iob":0.395,"basaliob":-0.117,"bolussnooze":0.002,"activity":0.006,"lastBolusTime":1703800997128,"time":"2023-12-28T22:43:10.479Z"}},{"iob":0.383,"basaliob":-0.091,"bolussnooze":0.0013,"activity":0.0058,"lastBolusTime":1703800997128,"time":"2023-12-28T22:48:10.479Z","iobWithZeroTemp":{"iob":0.346,"basaliob":-0.128,"bolussnooze":0.0013,"activity":0.0057,"lastBolusTime":1703800997128,"time":"2023-12-28T22:48:10.479Z"}},{"iob":0.354,"basaliob":-0.084,"bolussnooze":8.0E-4,"activity":0.0055,"lastBolusTime":1703800997128,"time":"2023-12-28T22:53:10.479Z","iobWithZeroTemp":{"iob":0.296,"basaliob":-0.142,"bolussnooze":8.0E-4,"activity":0.0053,"lastBolusTime":1703800997128,"time":"2023-12-28T22:53:10.479Z"}},{"iob":0.328,"basaliob":-0.076,"bolussnooze":5.0E-4,"activity":0.0052,"lastBolusTime":1703800997128,"time":"2023-12-28T22:58:10.479Z","iobWithZeroTemp":{"iob":0.251,"basaliob":-0.153,"bolussnooze":5.0E-4,"activity":0.0049,"lastBolusTime":1703800997128,"time":"2023-12-28T22:58:10.479Z"}},{"iob":0.302,"basaliob":-0.07,"bolussnooze":3.0E-4,"activity":0.0049,"lastBolusTime":1703800997128,"time":"2023-12-28T23:03:10.479Z","iobWithZeroTemp":{"iob":0.206,"basaliob":-0.166,"bolussnooze":3.0E-4,"activity":0.0045,"lastBolusTime":1703800997128,"time":"2023-12-28T23:03:10.479Z"}},{"iob":0.279,"basaliob":-0.063,"bolussnooze":1.0E-4,"activity":0.0047,"lastBolusTime":1703800997128,"time":"2023-12-28T23:08:10.479Z","iobWithZeroTemp":{"iob":0.165,"basaliob":-0.177,"bolussnooze":1.0E-4,"activity":0.0041,"lastBolusTime":1703800997128,"time":"2023-12-28T23:08:10.479Z"}},{"iob":0.255,"basaliob":-0.058,"bolussnooze":0,"activity":0.0044,"lastBolusTime":1703800997128,"time":"2023-12-28T23:13:10.479Z","iobWithZeroTemp":{"iob":0.123,"basaliob":-0.19,"bolussnooze":0,"activity":0.0036,"lastBolusTime":1703800997128,"time":"2023-12-28T23:13:10.479Z"}},{"iob":0.235,"basaliob":-0.052,"bolussnooze":0,"activity":0.0041,"lastBolusTime":1703800997128,"time":"2023-12-28T23:18:10.479Z","iobWithZeroTemp":{"iob":0.086,"basaliob":-0.201,"bolussnooze":0,"activity":0.0032,"lastBolusTime":1703800997128,"time":"2023-12-28T23:18:10.479Z"}},{"iob":0.215,"basaliob":-0.047,"bolussnooze":0,"activity":0.0039,"lastBolusTime":1703800997128,"time":"2023-12-28T23:23:10.479Z","iobWithZeroTemp":{"iob":0.051,"basaliob":-0.211,"bolussnooze":0,"activity":0.0028,"lastBolusTime":1703800997128,"time":"2023-12-28T23:23:10.479Z"}},{"iob":0.196,"basaliob":-0.043,"bolussnooze":0,"activity":0.0035,"lastBolusTime":1703800997128,"time":"2023-12-28T23:28:10.479Z","iobWithZeroTemp":{"iob":0.017,"basaliob":-0.222,"bolussnooze":0,"activity":0.0022,"lastBolusTime":1703800997128,"time":"2023-12-28T23:28:10.479Z"}},{"iob":0.179,"basaliob":-0.039,"bolussnooze":0,"activity":0.0033,"lastBolusTime":1703800997128,"time":"2023-12-28T23:33:10.479Z","iobWithZeroTemp":{"iob":-0.014,"basaliob":-0.232,"bolussnooze":0,"activity":0.0018,"lastBolusTime":1703800997128,"time":"2023-12-28T23:33:10.479Z"}},{"iob":0.163,"basaliob":-0.035,"bolussnooze":0,"activity":0.0031,"lastBolusTime":1703800997128,"time":"2023-12-28T23:38:10.479Z","iobWithZeroTemp":{"iob":-0.043,"basaliob":-0.241,"bolussnooze":0,"activity":0.0015,"lastBolusTime":1703800997128,"time":"2023-12-28T23:38:10.479Z"}},{"iob":0.149,"basaliob":-0.031,"bolussnooze":0,"activity":0.0028,"lastBolusTime":1703800997128,"time":"2023-12-28T23:43:10.479Z","iobWithZeroTemp":{"iob":-0.069,"basaliob":-0.249,"bolussnooze":0,"activity":0.001,"lastBolusTime":1703800997128,"time":"2023-12-28T23:43:10.479Z"}},{"iob":0.135,"basaliob":-0.028,"bolussnooze":0,"activity":0.0026,"lastBolusTime":1703800997128,"time":"2023-12-28T23:48:10.479Z","iobWithZeroTemp":{"iob":-0.095,"basaliob":-0.258,"bolussnooze":0,"activity":6.0E-4,"lastBolusTime":1703800997128,"time":"2023-12-28T23:48:10.479Z"}},{"iob":0.123,"basaliob":-0.025,"bolussnooze":0,"activity":0.0024,"lastBolusTime":1703800997128,"time":"2023-12-28T23:53:10.479Z","iobWithZeroTemp":{"iob":-0.117,"basaliob":-0.265,"bolussnooze":0,"activity":3.0E-4,"lastBolusTime":1703800997128,"time":"2023-12-28T23:53:10.479Z"}},{"iob":0.11,"basaliob":-0.023,"bolussnooze":0,"activity":0.0022,"lastBolusTime":1703800997128,"time":"2023-12-28T23:58:10.479Z","iobWithZeroTemp":{"iob":-0.14,"basaliob":-0.273,"bolussnooze":0,"activity":-1.0E-4,"lastBolusTime":1703800997128,"time":"2023-12-28T23:58:10.479Z"}},{"iob":0.1,"basaliob":-0.02,"bolussnooze":0,"activity":0.002,"lastBolusTime":1703800997128,"time":"2023-12-29T00:03:10.479Z","iobWithZeroTemp":{"iob":-0.155,"basaliob":-0.275,"bolussnooze":0,"activity":-4.0E-4,"lastBolusTime":1703800997128,"time":"2023-12-29T00:03:10.479Z"}},{"iob":0.091,"basaliob":-0.018,"bolussnooze":0,"activity":0.0019,"lastBolusTime":1703800997128,"time":"2023-12-29T00:08:10.479Z","iobWithZeroTemp":{"iob":-0.168,"basaliob":-0.277,"bolussnooze":0,"activity":-6.0E-4,"lastBolusTime":1703800997128,"time":"2023-12-29T00:08:10.479Z"}},{"iob":0.082,"basaliob":-0.016,"bolussnooze":0,"activity":0.0017,"lastBolusTime":1703800997128,"time":"2023-12-29T00:13:10.479Z","iobWithZeroTemp":{"iob":-0.181,"basaliob":-0.279,"bolussnooze":0,"activity":-9.0E-4,"lastBolusTime":1703800997128,"time":"2023-12-29T00:13:10.479Z"}},{"iob":0.074,"basaliob":-0.014,"bolussnooze":0,"activity":0.0016,"lastBolusTime":1703800997128,"time":"2023-12-29T00:18:10.479Z","iobWithZeroTemp":{"iob":-0.192,"basaliob":-0.28,"bolussnooze":0,"activity":-0.0011,"lastBolusTime":1703800997128,"time":"2023-12-29T00:18:10.479Z"}},{"iob":0.066,"basaliob":-0.013,"bolussnooze":0,"activity":0.0014,"lastBolusTime":1703800997128,"time":"2023-12-29T00:23:10.479Z","iobWithZeroTemp":{"iob":-0.203,"basaliob":-0.282,"bolussnooze":0,"activity":-0.0014,"lastBolusTime":1703800997128,"time":"2023-12-29T00:23:10.479Z"}},{"iob":0.06,"basaliob":-0.011,"bolussnooze":0,"activity":0.0013,"lastBolusTime":1703800997128,"time":"2023-12-29T00:28:10.479Z","iobWithZeroTemp":{"iob":-0.212,"basaliob":-0.283,"bolussnooze":0,"activity":-0.0016,"lastBolusTime":1703800997128,"time":"2023-12-29T00:28:10.479Z"}},{"iob":0.053,"basaliob":-0.01,"bolussnooze":0,"activity":0.0012,"lastBolusTime":1703800997128,"time":"2023-12-29T00:33:10.479Z","iobWithZeroTemp":{"iob":-0.221,"basaliob":-0.284,"bolussnooze":0,"activity":-0.0018,"lastBolusTime":1703800997128,"time":"2023-12-29T00:33:10.479Z"}},{"iob":0.047,"basaliob":-0.009,"bolussnooze":0,"activity":0.0011,"lastBolusTime":1703800997128,"time":"2023-12-29T00:38:10.479Z","iobWithZeroTemp":{"iob":-0.228,"basaliob":-0.284,"bolussnooze":0,"activity":-0.0019,"lastBolusTime":1703800997128,"time":"2023-12-29T00:38:10.479Z"}},{"iob":0.042,"basaliob":-0.008,"bolussnooze":0,"activity":9.0E-4,"lastBolusTime":1703800997128,"time":"2023-12-29T00:43:10.479Z","iobWithZeroTemp":{"iob":-0.235,"basaliob":-0.285,"bolussnooze":0,"activity":-0.0022,"lastBolusTime":1703800997128,"time":"2023-12-29T00:43:10.479Z"}},{"iob":0.038,"basaliob":-0.007,"bolussnooze":0,"activity":8.0E-4,"lastBolusTime":1703800997128,"time":"2023-12-29T00:48:10.479Z","iobWithZeroTemp":{"iob":-0.24,"basaliob":-0.285,"bolussnooze":0,"activity":-0.0023,"lastBolusTime":1703800997128,"time":"2023-12-29T00:48:10.479Z"}},{"iob":0.034,"basaliob":-0.006,"bolussnooze":0,"activity":7.0E-4,"lastBolusTime":1703800997128,"time":"2023-12-29T00:53:10.479Z","iobWithZeroTemp":{"iob":-0.245,"basaliob":-0.285,"bolussnooze":0,"activity":-0.0024,"lastBolusTime":1703800997128,"time":"2023-12-29T00:53:10.479Z"}},{"iob":0.031,"basaliob":-0.005,"bolussnooze":0,"activity":7.0E-4,"lastBolusTime":1703800997128,"time":"2023-12-29T00:58:10.479Z","iobWithZeroTemp":{"iob":-0.249,"basaliob":-0.285,"bolussnooze":0,"activity":-0.0025,"lastBolusTime":1703800997128,"time":"2023-12-29T00:58:10.479Z"}},{"iob":0.028,"basaliob":-0.004,"bolussnooze":0,"activity":7.0E-4,"lastBolusTime":1703800997128,"time":"2023-12-29T01:03:10.479Z","iobWithZeroTemp":{"iob":-0.249,"basaliob":-0.281,"bolussnooze":0,"activity":-0.0025,"lastBolusTime":1703800997128,"time":"2023-12-29T01:03:10.479Z"}},{"iob":0.024,"basaliob":-0.004,"bolussnooze":0,"activity":6.0E-4,"lastBolusTime":1703800997128,"time":"2023-12-29T01:08:10.479Z","iobWithZeroTemp":{"iob":-0.249,"basaliob":-0.277,"bolussnooze":0,"activity":-0.0026,"lastBolusTime":1703800997128,"time":"2023-12-29T01:08:10.479Z"}},{"iob":0.022,"basaliob":-0.003,"bolussnooze":0,"activity":5.0E-4,"lastBolusTime":1703800997128,"time":"2023-12-29T01:13:10.479Z","iobWithZeroTemp":{"iob":-0.248,"basaliob":-0.273,"bolussnooze":0,"activity":-0.0027,"lastBolusTime":1703800997128,"time":"2023-12-29T01:13:10.479Z"}},{"iob":0.019,"basaliob":-0.003,"bolussnooze":0,"activity":5.0E-4,"lastBolusTime":1703800997128,"time":"2023-12-29T01:18:10.479Z","iobWithZeroTemp":{"iob":-0.247,"basaliob":-0.269,"bolussnooze":0,"activity":-0.0027,"lastBolusTime":1703800997128,"time":"2023-12-29T01:18:10.479Z"}},{"iob":0.017,"basaliob":-0.002,"bolussnooze":0,"activity":4.0E-4,"lastBolusTime":1703800997128,"time":"2023-12-29T01:23:10.479Z","iobWithZeroTemp":{"iob":-0.246,"basaliob":-0.265,"bolussnooze":0,"activity":-0.0028,"lastBolusTime":1703800997128,"time":"2023-12-29T01:23:10.479Z"}},{"iob":0.015,"basaliob":-0.002,"bolussnooze":0,"activity":3.0E-4,"lastBolusTime":1703800997128,"time":"2023-12-29T01:28:10.479Z","iobWithZeroTemp":{"iob":-0.244,"basaliob":-0.261,"bolussnooze":0,"activity":-0.0029,"lastBolusTime":1703800997128,"time":"2023-12-29T01:28:10.479Z"}},{"iob":0.013,"basaliob":-0.002,"bolussnooze":0,"activity":3.0E-4,"lastBolusTime":1703800997128,"time":"2023-12-29T01:33:10.479Z","iobWithZeroTemp":{"iob":-0.243,"basaliob":-0.258,"bolussnooze":0,"activity":-0.0029,"lastBolusTime":1703800997128,"time":"2023-12-29T01:33:10.479Z"}},{"iob":0.012,"basaliob":-0.001,"bolussnooze":0,"activity":4.0E-4,"lastBolusTime":1703800997128,"time":"2023-12-29T01:38:10.479Z","iobWithZeroTemp":{"iob":-0.241,"basaliob":-0.254,"bolussnooze":0,"activity":-0.0027,"lastBolusTime":1703800997128,"time":"2023-12-29T01:38:10.479Z"}},{"iob":0.01,"basaliob":-0.001,"bolussnooze":0,"activity":3.0E-4,"lastBolusTime":1703800997128,"time":"2023-12-29T01:43:10.479Z","iobWithZeroTemp":{"iob":-0.24,"basaliob":-0.251,"bolussnooze":0,"activity":-0.0028,"lastBolusTime":1703800997128,"time":"2023-12-29T01:43:10.479Z"}},{"iob":0.009,"basaliob":-0.001,"bolussnooze":0,"activity":3.0E-4,"lastBolusTime":1703800997128,"time":"2023-12-29T01:48:10.479Z","iobWithZeroTemp":{"iob":-0.238,"basaliob":-0.248,"bolussnooze":0,"activity":-0.0028,"lastBolusTime":1703800997128,"time":"2023-12-29T01:48:10.479Z"}},{"iob":0.008,"basaliob":-0.001,"bolussnooze":0,"activity":2.0E-4,"lastBolusTime":1703800997128,"time":"2023-12-29T01:53:10.479Z","iobWithZeroTemp":{"iob":-0.236,"basaliob":-0.245,"bolussnooze":0,"activity":-0.0028,"lastBolusTime":1703800997128,"time":"2023-12-29T01:53:10.479Z"}},{"iob":0.006,"basaliob":-0.001,"bolussnooze":0,"activity":2.0E-4,"lastBolusTime":1703800997128,"time":"2023-12-29T01:58:10.479Z","iobWithZeroTemp":{"iob":-0.235,"basaliob":-0.242,"bolussnooze":0,"activity":-0.0028,"lastBolusTime":1703800997128,"time":"2023-12-29T01:58:10.479Z"}},{"iob":0.005,"basaliob":-0.001,"bolussnooze":0,"activity":2.0E-4,"lastBolusTime":1703800997128,"time":"2023-12-29T02:03:10.479Z","iobWithZeroTemp":{"iob":-0.238,"basaliob":-0.244,"bolussnooze":0,"activity":-0.0028,"lastBolusTime":1703800997128,"time":"2023-12-29T02:03:10.479Z"}},{"iob":0.005,"basaliob":-0.001,"bolussnooze":0,"activity":2.0E-4,"lastBolusTime":1703800997128,"time":"2023-12-29T02:08:10.479Z","iobWithZeroTemp":{"iob":-0.24,"basaliob":-0.246,"bolussnooze":0,"activity":-0.0028,"lastBolusTime":1703800997128,"time":"2023-12-29T02:08:10.479Z"}},{"iob":0.005,"basaliob":0,"bolussnooze":0,"activity":1.0E-4,"lastBolusTime":1703800997128,"time":"2023-12-29T02:13:10.479Z","iobWithZeroTemp":{"iob":-0.242,"basaliob":-0.247,"bolussnooze":0,"activity":-0.0029,"lastBolusTime":1703800997128,"time":"2023-12-29T02:13:10.479Z"}},{"iob":0.004,"basaliob":0,"bolussnooze":0,"activity":1.0E-4,"lastBolusTime":1703800997128,"time":"2023-12-29T02:18:10.479Z","iobWithZeroTemp":{"iob":-0.245,"basaliob":-0.249,"bolussnooze":0,"activity":-0.0029,"lastBolusTime":1703800997128,"time":"2023-12-29T02:18:10.479Z"}},{"iob":0.003,"basaliob":0,"bolussnooze":0,"activity":1.0E-4,"lastBolusTime":1703800997128,"time":"2023-12-29T02:23:10.479Z","iobWithZeroTemp":{"iob":-0.247,"basaliob":-0.25,"bolussnooze":0,"activity":-0.0029,"lastBolusTime":1703800997128,"time":"2023-12-29T02:23:10.479Z"}},{"iob":0.003,"basaliob":0,"bolussnooze":0,"activity":1.0E-4,"lastBolusTime":1703800997128,"time":"2023-12-29T02:28:10.479Z","iobWithZeroTemp":{"iob":-0.249,"basaliob":-0.252,"bolussnooze":0,"activity":-0.0029,"lastBolusTime":1703800997128,"time":"2023-12-29T02:28:10.479Z"}},{"iob":0.002,"basaliob":0,"bolussnooze":0,"activity":1.0E-4,"lastBolusTime":1703800997128,"time":"2023-12-29T02:33:10.479Z","iobWithZeroTemp":{"iob":-0.252,"basaliob":-0.254,"bolussnooze":0,"activity":-0.0029,"lastBolusTime":1703800997128,"time":"2023-12-29T02:33:10.479Z"}}],"profile":{"max_iob":10,"type":"current","max_daily_basal":0.35,"max_basal":1,"min_bg":90,"max_bg":90,"target_bg":90,"carb_ratio":8.5,"sens":110,"max_daily_safety_multiplier":3,"current_basal_safety_multiplier":4,"lgsThreshold":95,"high_temptarget_raises_sensitivity":true,"low_temptarget_lowers_sensitivity":true,"sensitivity_raises_target":true,"resistance_lowers_target":true,"adv_target_adjustments":false,"exercise_mode":false,"half_basal_exercise_target":160,"maxCOB":120,"skip_neutral_temps":false,"remainingCarbsCap":90,"enableUAM":true,"A52_risk_enable":false,"SMBInterval":3,"enableSMB_with_COB":true,"enableSMB_with_temptarget":true,"allowSMB_with_high_temptarget":false,"enableSMB_always":false,"enableSMB_after_carbs":true,"maxSMBBasalMinutes":45,"maxUAMSMBBasalMinutes":45,"bolus_increment":0.05,"carbsReqThreshold":2,"current_basal":0.25,"temptargetSet":false,"autosens_max":1.3,"autosens_min":0.7,"variable_sens":110.7,"insulinDivisor":75,"TDD":15.502244648809523},"autosens_data":{"ratio":0.8547281169675482},"meal_data":{"carbs":20,"mealCOB":0,"slopeFromMaxDeviation":-1.0092857142857143,"slopeFromMinDeviation":0.35836363636363633,"lastBolusTime":1703800997128,"lastCarbTime":1703789723443},"microBolusAllowed":true,"currentTime":1703803092018,"flatBGsDetected":false,"tdd1D":17.627083333333335,"tdd7D":16.608595238095237,"tddLast24H":14.195833333333331,"tddLast4H":4.5875,"tddLast8to4H":0.7},"output":{"temp":"absolute","bg":139,"tick":-1,"eventualBG":107,"targetBG":95,"insulinReq":0,"deliverAt":"2023-12-28T22:38:12.018Z","sensitivityRatio":0.8547281169675482,"variable_sens":110.7,"predBGs":{"IOB":[139,138,137,136,135,133,132,131,129,127,125,124,122,120,118,116,115,114,112,111,110,109,108,107,107,106,105,105,104,104,103,103,103,102,102,102,102,101,101,101,101,101,100],"ZT":[139,136,132,129,126,123,120,118,116,114,112,110,109,108,108,107,107,107,107,108,108],"UAM":[139,137,135,132,128,125,122,120,117,114,112,110,108,106,104,102,100,99,98,96,95,94,93,92,91,90,90,89,88,88,87,87,87,86,86,86,85,85,85,85,85,84]},"reason":"COB: 0, Dev: 17, BGI: -3, ISF: 111, CR: 8.5, Target: 95, minPredBG 96, minGuardBG 84, IOBpredBG 100, UAMpredBG 84; minGuardBG 84<95","COB":0,"IOB":0.443,"duration":30,"rate":0,"timestamp":"2023-12-28T22:38:12.050Z"}}