{"algorithm":"OpenAPSSMBDynamicISFPlugin","input":{"glucoseStatus":{"glucose":108,"noise":0,"delta":0,"short_avgdelta":0,"long_avgdelta":1.72,"date":1703865466000},"currenttemp":{"temp":"absolute","duration":115,"rate":0,"minutesrunning":5},"iob_data":[{"iob":-0.024,"basaliob":-0.098,"bolussnooze":0,"activity":0,"lastBolusTime":1703857095582,"time":"2023-12-29T15:58:08.765Z","iobWithZeroTemp":{"iob":-0.024,"basaliob":-0.098,"bolussnooze":0,"activity":0,"lastBolusTime":1703857095582,"time":"2023-12-29T15:58:08.765Z"}},{"iob":-0.025,"basaliob":-0.091,"bolussnooze":0,"activity":0,"lastBolusTime":1703857095582,"time":"2023-12-29T16:03:08.765Z","iobWithZeroTemp":{"iob":-0.032,"basaliob":-0.098,"bolussnooze":0,"activity":0,"lastBolusTime":1703857095582,"time":"2023-12-29T16:03:08.765Z"}},{"iob":-0.024,"basaliob":-0.083,"bolussnooze":0,"activity":-1.0E-4,"lastBolusTime":1703857095582,"time":"2023-12-29T16:08:08.765Z","iobWithZeroTemp":{"iob":-0.039,"basaliob":-0.098,"bolussnooze":0,"activity":-1.0E-4,"lastBolusTime":1703857095582,"time":"2023-12-29T16:08:08.765Z"}},{"iob":-0.023,"basaliob":-0.076,"bolussnooze":0,"activity":-1.0E-4,"lastBolusTime":1703857095582,"time":"2023-12-29T16:13:08.765Z","iobWithZeroTemp":{"iob":-0.046,"basaliob":-0.099,"bolussnooze":0,"activity":-2.0E-4,"lastBolusTime":1703857095582,"time":"2023-12-29T16:13:08.765Z"}},{"iob":-0.023,"basaliob":-0.07,"bolussnooze":0,"activity":-1.0E-4,"lastBolusTime":1703857095582,"time":"2023-12-29T16:18:08.765Z","iobWithZeroTemp":{"iob":-0.054,"basaliob":-0.101,"bolussnooze":0,"activity":-2.0E-4,"lastBolusTime":1703857095582,"time":"2023-12-29T16:18:08.765Z"}},{"iob":-0.022,"basaliob":-0.064,"bolussnooze":0,"activity":-2.0E-4,"lastBolusTime":1703857095582,"time":"2023-12-29T16:23:08.765Z","iobWithZeroTemp":{"iob":-0.06,"basaliob":-0.102,"bolussnooze":0,"activity":-4.0E-4,"lastBolusTime":1703857095582,"time":"2023-12-29T16:23:08.765Z"}},{"iob":-0.021,"basaliob":-0.058,"bolussnooze":0,"activity":-2.0E-4,"lastBolusTime":1703857095582,"time":"2023-12-29T16:28:08.765Z","iobWithZeroTemp":{"iob":-0.067,"basaliob":-0.104,"bolussnooze":0,"activity":-4.0E-4,"lastBolusTime":1703857095582,"time":"2023-12-29T16:28:08.765Z"}},{"iob":-0.02,"basaliob":-0.053,"bolussnooze":0,"activity":-2.0E-4,"lastBolusTime":1703857095582,"time":"2023-12-29T16:33:08.765Z","iobWithZeroTemp":{"iob":-0.073,"basaliob":-0.106,"bolussnooze":0,"activity":-5.0E-4,"lastBolusTime":1703857095582,"time":"2023-12-29T16:33:08.765Z"}},{"iob":-0.019,"basaliob":-0.048,"bolussnooze":0,"activity":-2.0E-4,"lastBolusTime":1703857095582,"time":"2023-12-29T16:38:08.765Z","iobWithZeroTemp":{"iob":-0.078,"basaliob":-0.107,"bolussnooze":0,"activity":-6.0E-4,"lastBolusTime":1703857095582,"time":"2023-12-29T16:38:08.765Z"}},{"iob":-0.018,"basaliob":-0.044,"bolussnooze":0,"activity":-3.0E-4,"lastBolusTime":1703857095582,"time":"2023-12-29T16:43:08.765Z","iobWithZeroTemp":{"iob":-0.084,"basaliob":-0.11,"bolussnooze":0,"activity":-7.0E-4,"lastBolusTime":1703857095582,"time":"2023-12-29T16:43:08.765Z"}},{"iob":-0.017,"basaliob":-0.04,"bolussnooze":0,"activity":-2.0E-4,"lastBolusTime":1703857095582,"time":"2023-12-29T16:48:08.765Z","iobWithZeroTemp":{"iob":-0.089,"basaliob":-0.112,"bolussnooze":0,"activity":-7.0E-4,"lastBolusTime":1703857095582,"time":"2023-12-29T16:48:08.765Z"}},{"iob":-0.016,"basaliob":-0.036,"bolussnooze":0,"activity":-2.0E-4,"lastBolusTime":1703857095582,"time":"2023-12-29T16:53:08.765Z","iobWithZeroTemp":{"iob":-0.093,"basaliob":-0.113,"bolussnooze":0,"activity":-8.0E-4,"lastBolusTime":1703857095582,"time":"2023-12-29T16:53:08.765Z"}},{"iob":-0.014,"basaliob":-0.032,"bolussnooze":0,"activity":-2.0E-4,"lastBolusTime":1703857095582,"time":"2023-12-29T16:58:08.765Z","iobWithZeroTemp":{"iob":-0.096,"basaliob":-0.114,"bolussnooze":0,"activity":-9.0E-4,"lastBolusTime":1703857095582,"time":"2023-12-29T16:58:08.765Z"}},{"iob":-0.013,"basaliob":-0.029,"bolussnooze":0,"activity":-2.0E-4,"lastBolusTime":1703857095582,"time":"2023-12-29T17:03:08.765Z","iobWithZeroTemp":{"iob":-0.1,"basaliob":-0.116,"bolussnooze":0,"activity":-9.0E-4,"lastBolusTime":1703857095582,"time":"2023-12-29T17:03:08.765Z"}},{"iob":-0.012,"basaliob":-0.026,"bolussnooze":0,"activity":-2.0E-4,"lastBolusTime":1703857095582,"time":"2023-12-29T17:08:08.765Z","iobWithZeroTemp":{"iob":-0.104,"basaliob":-0.118,"bolussnooze":0,"activity":-0.001,"lastBolusTime":1703857095582,"time":"2023-12-29T17:08:08.765Z"}},{"iob":-0.012,"basaliob":-0.024,"bolussnooze":0,"activity":-2.0E-4,"lastBolusTime":1703857095582,"time":"2023-12-29T17:13:08.765Z","iobWithZeroTemp":{"iob":-0.108,"basaliob":-0.12,"bolussnooze":0,"activity":-0.0011,"lastBolusTime":1703857095582,"time":"2023-12-29T17:13:08.765Z"}},{"iob":-0.01,"basaliob":-0.021,"bolussnooze":0,"activity":-2.0E-4,"lastBolusTime":1703857095582,"time":"2023-12-29T17:18:08.765Z","iobWithZeroTemp":{"iob":-0.11,"basaliob":-0.121,"bolussnooze":0,"activity":-0.0011,"lastBolusTime":1703857095582,"time":"2023-12-29T17:18:08.765Z"}},{"iob":-0.01,"basaliob":-0.019,"bolussnooze":0,"activity":-1.0E-4,"lastBolusTime":1703857095582,"time":"2023-12-29T17:23:08.765Z","iobWithZeroTemp":{"iob":-0.114,"basaliob":-0.123,"bolussnooze":0,"activity":-0.0011,"lastBolusTime":1703857095582,"time":"2023-12-29T17:23:08.765Z"}},{"iob":-0.009,"basaliob":-0.017,"bolussnooze":0,"activity":-2.0E-4,"lastBolusTime":1703857095582,"time":"2023-12-29T17:28:08.765Z","iobWithZeroTemp":{"iob":-0.116,"basaliob":-0.124,"bolussnooze":0,"activity":-0.0012,"lastBolusTime":1703857095582,"time":"2023-12-29T17:28:08.765Z"}},{"iob":-0.008,"basaliob":-0.015,"bolussnooze":0,"activity":-1.0E-4,"lastBolusTime":1703857095582,"time":"2023-12-29T17:33:08.765Z","iobWithZeroTemp":{"iob":-0.118,"basaliob":-0.125,"bolussnooze":0,"activity":-0.0012,"lastBolusTime":1703857095582,"time":"2023-12-29T17:33:08.765Z"}},{"iob":-0.008,"basaliob":-0.014,"bolussnooze":0,"activity":-1.0E-4,"lastBolusTime":1703857095582,"time":"2023-12-29T17:38:08.765Z","iobWithZeroTemp":{"iob":-0.121,"basaliob":-0.127,"bolussnooze":0,"activity":-0.0012,"lastBolusTime":1703857095582,"time":"2023-12-29T17:38:08.765Z"}},{"iob":-0.007,"basaliob":-0.012,"bolussnooze":0,"activity":-1.0E-4,"lastBolusTime":1703857095582,"time":"2023-12-29T17:43:08.765Z","iobWithZeroTemp":{"iob":-0.123,"basaliob":-0.128,"bolussnooze":0,"activity":-0.0013,"lastBolusTime":1703857095582,"time":"2023-12-29T17:43:08.765Z"}},{"iob":-0.006,"basaliob":-0.011,"bolussnooze":0,"activity":-2.0E-4,"lastBolusTime":1703857095582,"time":"2023-12-29T17:48:08.765Z","iobWithZeroTemp":{"iob":-0.124,"basaliob":-0.129,"bolussnooze":0,"activity":-0.0014,"lastBolusTime":1703857095582,"time":"2023-12-29T17:48:08.765Z"}},{"iob":-0.006,"basaliob":-0.01,"bolussnooze":0,"activity":-1.0E-4,"lastBolusTime":1703857095582,"time":"2023-12-29T17:53:08.765Z","iobWithZeroTemp":{"iob":-0.126,"basaliob":-0.13,"bolussnooze":0,"activity":-0.0013,"lastBolusTime":1703857095582,"time":"2023-12-29T17:53:08.765Z"}},{"iob":-0.005,"basaliob":-0.008,"bolussnooze":0,"activity":-1.0E-4,"lastBolusTime":1703857095582,"time":"2023-12-29T17:58:08.765Z","iobWithZeroTemp":{"iob":-0.127,"basaliob":-0.13,"bolussnooze":0,"activity":-0.0014,"lastBolusTime":1703857095582,"time":"2023-12-29T17:58:08.765Z"}},{"iob":-0.005,"basaliob":-0.008,"bolussnooze":0,"activity":-1.0E-4,"lastBolusTime":1703857095582,"time":"2023-12-29T18:03:08.765Z","iobWithZeroTemp":{"iob":-0.129,"basaliob":-0.132,"bolussnooze":0,"activity":-0.0014,"lastBolusTime":1703857095582,"time":"2023-12-29T18:03:08.765Z"}},{"iob":-0.005,"basaliob":-0.007,"bolussnooze":0,"activity":-1.0E-4,"lastBolusTime":1703857095582,"time":"2023-12-29T18:08:08.765Z","iobWithZeroTemp":{"iob":-0.131,"basaliob":-0.133,"bolussnooze":0,"activity":-0.0014,"lastBolusTime":1703857095582,"time":"2023-12-29T18:08:08.765Z"}},{"iob":-0.004,"basaliob":-0.006,"bolussnooze":0,"activity":0,"lastBolusTime":1703857095582,"time":"2023-12-29T18:13:08.765Z","iobWithZeroTemp":{"iob":-0.131,"basaliob":-0.133,"bolussnooze":0,"activity":-0.0014,"lastBolusTime":1703857095582,"time":"2023-12-29T18:13:08.765Z"}},{"iob":-0.003,"basaliob":-0.005,"bolussnooze":0,"activity":0,"lastBolusTime":1703857095582,"time":"2023-12-29T18:18:08.765Z","iobWithZeroTemp":{"iob":-0.132,"basaliob":-0.134,"bolussnooze":0,"activity":-0.0014,"lastBolusTime":1703857095582,"time":"2023-12-29T18:18:08.765Z"}},{"iob":-0.004,"basaliob":-0.005,"bolussnooze":0,"activity":0,"lastBolusTime":1703857095582,"time":"2023-12-29T18:23:08.765Z","iobWithZeroTemp":{"iob":-0.134,"basaliob":-0.135,"bolussnooze":0,"activity":-0.0014,"lastBolusTime":1703857095582,"time":"2023-12-29T18:23:08.765Z"}},{"iob":-0.003,"basaliob":-0.004,"bolussnooze":0,"activity":-1.0E-4,"lastBolusTime":1703857095582,"time":"2023-12-29T18:28:08.765Z","iobWithZeroTemp":{"iob":-0.134,"basaliob":-0.135,"bolussnooze":0,"activity":-0.0016,"lastBolusTime":1703857095582,"time":"2023-12-29T18:28:08.765Z"}},{"iob":-0.002,"basaliob":-0.003,"bolussnooze":0,"activity":-1.0E-4,"lastBolusTime":1703857095582,"time":"2023-12-29T18:33:08.765Z","iobWithZeroTemp":{"iob":-0.134,"basaliob":-0.135,"bolussnooze":0,"activity":-0.0016,"lastBolusTime":1703857095582,"time":"2023-12-29T18:33:08.765Z"}},{"iob":-0.002,"basaliob":-0.003,"bolussnooze":0,"activity":-1.0E-4,"lastBolusTime":1703857095582,"time":"2023-12-29T18:38:08.765Z","iobWithZeroTemp":{"iob":-0.135,"basaliob":-0.136,"bolussnooze":0,"activity":-0.0016,"lastBolusTime":1703857095582,"time":"2023-12-29T18:38:08.765Z"}},{"iob":-0.002,"basaliob":-0.003,"bolussnooze":0,"activity":-1.0E-4,"lastBolusTime":1703857095582,"time":"2023-12-29T18:43:08.765Z","iobWithZeroTemp":{"iob":-0.136,"basaliob":-0.137,"bolussnooze":0,"activity":-0.0016,"lastBolusTime":1703857095582,"time":"2023-12-29T18:43:08.765Z"}},{"iob":-0.002,"basaliob":-0.002,"bolussnooze":0,"activity":-1.0E-4,"lastBolusTime":1703857095582,"time":"2023-12-29T18:48:08.765Z","iobWithZeroTemp":{"iob":-0.137,"basaliob":-0.137,"bolussnooze":0,"activity":-0.0016,"lastBolusTime":1703857095582,"time":"2023-12-29T18:48:08.765Z"}},{"iob":-0.002,"basaliob":-0.002,"bolussnooze":0,"activity":-1.0E-4,"lastBolusTime":1703857095582,"time":"2023-12-29T18:53:08.765Z","iobWithZeroTemp":{"iob":-0.137,"basaliob":-0.137,"bolussnooze":0,"activity":-0.0016,"lastBolusTime":1703857095582,"time":"2023-12-29T18:53:08.765Z"}},{"iob":-0.002,"basaliob":-0.002,"bolussnooze":0,"activity":0,"lastBolusTime":1703857095582,"time":"2023-12-29T18:58:08.765Z","iobWithZeroTemp":{"iob":-0.138,"basaliob":-0.138,"bolussnooze":0,"activity":-0.0016,"lastBolusTime":1703857095582,"time":"2023-12-29T18:58:08.765Z"}},{"iob":-0.001,"basaliob":-0.001,"bolussnooze":0,"activity":0,"lastBolusTime":1703857095582,"time":"2023-12-29T19:03:08.765Z","iobWithZeroTemp":{"iob":-0.158,"basaliob":-0.158,"bolussnooze":0,"activity":-0.0016,"lastBolusTime":1703857095582,"time":"2023-12-29T19:03:08.765Z"}},{"iob":-0.001,"basaliob":-0.001,"bolussnooze":0,"activity":0,"lastBolusTime":1703857095582,"time":"2023-12-29T19:08:08.765Z","iobWithZeroTemp":{"iob":-0.179,"basaliob":-0.179,"bolussnooze":0,"activity":-0.0017,"lastBolusTime":1703857095582,"time":"2023-12-29T19:08:08.765Z"}},{"iob":-0.001,"basaliob":-0.001,"bolussnooze":0,"activity":0,"lastBolusTime":1703857095582,"time":"2023-12-29T19:13:08.765Z","iobWithZeroTemp":{"iob":-0.199,"basaliob":-0.199,"bolussnooze":0,"activity":-0.0018,"lastBolusTime":1703857095582,"time":"2023-12-29T19:13:08.765Z"}},{"iob":-0.001,"basaliob":-0.001,"bolussnooze":0,"activity":0,"lastBolusTime":1703857095582,"time":"2023-12-29T19:18:08.765Z","iobWithZeroTemp":{"iob":-0.219,"basaliob":-0.219,"bolussnooze":0,"activity":-0.0019,"lastBolusTime":1703857095582,"time":"2023-12-29T19:18:08.765Z"}},{"iob":-0.001,"basaliob":-0.001,"bolussnooze":0,"activity":0,"lastBolusTime":1703857095582,"time":"2023-12-29T19:23:08.765Z","iobWithZeroTemp":{"iob":-0.238,"basaliob":-0.238,"bolussnooze":0,"activity":-0.0021,"lastBolusTime":1703857095582,"time":"2023-12-29T19:23:08.765Z"}},{"iob":-0.001,"basaliob":-0.001,"bolussnooze":0,"activity":0,"lastBolusTime":1703857095582,"time":"2023-12-29T19:28:08.765Z","iobWithZeroTemp":{"iob":-0.257,"basaliob":-0.257,"bolussnooze":0,"activity":-0.0022,"lastBolusTime":1703857095582,"time":"2023-12-29T19:28:08.765Z"}},{"iob":-0.001,"basaliob":-0.001,"bolussnooze":0,"activity":0,"lastBolusTime":1703857095582,"time":"2023-12-29T19:33:08.765Z","iobWithZeroTemp":{"iob":-0.274,"basaliob":-0.274,"bolussnooze":0,"activity":-0.0024,"lastBolusTime":1703857095582,"time":"2023-12-29T19:33:08.765Z"}},{"iob":0,"basaliob":0,"bolussnooze":0,"activity":0,"lastBolusTime":1703857095582,"time":"2023-12-29T19:38:08.765Z","iobWithZeroTemp":{"iob":-0.29,"basaliob":-0.29,"bolussnooze":0,"activity":-0.0026,"lastBolusTime":1703857095582,"time":"2023-12-29T19:38:08.765Z"}},{"iob":0,"basaliob":0,"bolussnooze":0,"activity":0,"lastBolusTime":0,"time":"2023-12-29T19:43:08.765Z","iobWithZeroTemp":{"iob":-0.306,"basaliob":-0.306,"bolussnooze":0,"activity":-0.0028,"lastBolusTime":0,"time":"2023-12-29T19:43:08.765Z"}},{"iob":0,"basaliob":0,"bolussnooze":0,"activity":0,"lastBolusTime":0,"time":"2023-12-29T19:48:08.765Z","iobWithZeroTemp":{"iob":-0.321,"basaliob":-0.321,"bolussnooze":0,"activity":-0.003,"lastBolusTime":0,"time":"2023-12-29T19:48:08.765Z"}},{"iob":0,"basaliob":0,"bolussnooze":0,"activity":0,"lastBolusTime":0,"time":"2023-12-29T19:53:08.765Z","iobWithZeroTemp":{"iob":-0.334,"basaliob":-0.334,"bolussnooze":0,"activity":-0.0031,"lastBolusTime":0,"time":"2023-12-29T19:53:08.765Z"}}],"profile":{"max_iob":10,"type":"current","max_daily_basal":0.35,"max_basal":0.4,"min_bg":90,"max_bg":90,"target_bg":90,"carb_ratio":8.5,"sens":110,"max_daily_safety_multiplier":3,"current_basal_safety_multiplier":4,"lgsThreshold":95,"high_temptarget_raises_sensitivity":true,"low_temptarget_lowers_sensitivity":true,"sensitivity_raises_target":true,"resistance_lowers_target":true,"adv_target_adjustments":false,"exercise_mode":false,"half_basal_exercise_target":160,"maxCOB":120,"skip_neutral_temps":false,"remainingCarbsCap":90,"enableUAM":true,"A52_risk_enable":false,"SMBInterval":3,"enableSMB_with_COB":true,"enableSMB_with_temptarget":true,"allowSMB_with_high_temptarget":false,"enableSMB_always":false,"enableSMB_after_carbs":true,"maxSMBBasalMinutes":45,"maxUAMSMBBasalMinutes":45,"bolus_increment":0.05,"carbsReqThreshold":2,"current_basal":0.1,"temptargetSet":false,"autosens_max":1.3,"autosens_min":0.7,"variable_sens":182.3,"insulinDivisor":75,"TDD":11.070066880952378},"autosens_data":{"ratio":0.8572069241274813},"meal_data":{"carbs":20,"mealCOB":0,"slopeFromMaxDeviation":-2.4995999999999996,"slopeFromMinDeviation":1.278,"lastBolusTime":1703857095582,"lastCarbTime":1703847796675},"microBolusAllowed":true,"currentTime":1703865490725,"flatBGsDetected":false,"tdd1D":13.99583333333333,"tdd7D":16.405023809523808,"tddLast24H":14.0625,"tddLast4H":0.7791666666666668,"tddLast8to4H":2.941666666666667},"output":{"temp":"absolute","bg":108,"tick":"+0","eventualBG":112,"targetBG":95,"insulinReq":0.08,"deliverAt":"2023-12-29T15:58:10.725Z","sensitivityRatio":0.8572069241274813,"variable_sens":182.3,"predBGs":{"IOB":[108,108,108,108,108,108,108,109,109,109,109,109,110,110,110,110,110,111,111,111,111,111,111,111,111,111,112],"ZT":[108,108,108,108,108,108,109,109,110,110,111,111,112,113,114,115,116,117,117]},"reason":"COB: 0, Dev: 0, BGI: 0, ISF: 182, CR: 8.5, Target: 95, minPredBG 110, minGuardBG 108, IOBpredBG 112; Eventual BG 112 >= 95,  insulinReq 0.08. temp 0.00 < 0.25U\/hr. ","COB":0,"IOB":-0.024,"duration":30,"rate":0.24572069241274813,"timestamp":"2023-12-29T15:58:10.758Z"}}