{"algorithm":"OpenAPSSMBDynamicISFPlugin","input":{"glucoseStatus":{"glucose":107,"noise":0,"delta":-5.11,"short_avgdelta":-5.11,"long_avgdelta":-4.82,"date":1703776064000},"currenttemp":{"temp":"absolute","duration":105,"rate":0,"minutesrunning":15},"iob_data":[{"iob":0.425,"basaliob":-0.195,"bolussnooze":0.0354,"activity":0.0087,"lastBolusTime":1703770992245,"time":"2023-12-28T15:08:08.529Z","iobWithZeroTemp":{"iob":0.425,"basaliob":-0.195,"bolussnooze":0.0354,"activity":0.0087,"lastBolusTime":1703770992245,"time":"2023-12-28T15:08:08.529Z"}},{"iob":0.384,"basaliob":-0.182,"bolussnooze":0.028,"activity":0.0079,"lastBolusTime":1703770992245,"time":"2023-12-28T15:13:08.529Z","iobWithZeroTemp":{"iob":0.377,"basaliob":-0.189,"bolussnooze":0.028,"activity":0.0079,"lastBolusTime":1703770992245,"time":"2023-12-28T15:13:08.529Z"}},{"iob":0.346,"basaliob":-0.169,"bolussnooze":0.022,"activity":0.0073,"lastBolusTime":1703770992245,"time":"2023-12-28T15:18:08.529Z","iobWithZeroTemp":{"iob":0.331,"basaliob":-0.184,"bolussnooze":0.022,"activity":0.0073,"lastBolusTime":1703770992245,"time":"2023-12-28T15:18:08.529Z"}},{"iob":0.311,"basaliob":-0.157,"bolussnooze":0.0171,"activity":0.0066,"lastBolusTime":1703770992245,"time":"2023-12-28T15:23:08.529Z","iobWithZeroTemp":{"iob":0.288,"basaliob":-0.18,"bolussnooze":0.0171,"activity":0.0065,"lastBolusTime":1703770992245,"time":"2023-12-28T15:23:08.529Z"}},{"iob":0.279,"basaliob":-0.146,"bolussnooze":0.0131,"activity":0.006,"lastBolusTime":1703770992245,"time":"2023-12-28T15:28:08.529Z","iobWithZeroTemp":{"iob":0.248,"basaliob":-0.177,"bolussnooze":0.0131,"activity":0.0059,"lastBolusTime":1703770992245,"time":"2023-12-28T15:28:08.529Z"}},{"iob":0.25,"basaliob":-0.135,"bolussnooze":0.01,"activity":0.0055,"lastBolusTime":1703770992245,"time":"2023-12-28T15:33:08.529Z","iobWithZeroTemp":{"iob":0.212,"basaliob":-0.173,"bolussnooze":0.01,"activity":0.0053,"lastBolusTime":1703770992245,"time":"2023-12-28T15:33:08.529Z"}},{"iob":0.224,"basaliob":-0.124,"bolussnooze":0.0075,"activity":0.005,"lastBolusTime":1703770992245,"time":"2023-12-28T15:38:08.529Z","iobWithZeroTemp":{"iob":0.178,"basaliob":-0.17,"bolussnooze":0.0075,"activity":0.0048,"lastBolusTime":1703770992245,"time":"2023-12-28T15:38:08.529Z"}},{"iob":0.2,"basaliob":-0.114,"bolussnooze":0.0055,"activity":0.0046,"lastBolusTime":1703770992245,"time":"2023-12-28T15:43:08.529Z","iobWithZeroTemp":{"iob":0.147,"basaliob":-0.167,"bolussnooze":0.0055,"activity":0.0043,"lastBolusTime":1703770992245,"time":"2023-12-28T15:43:08.529Z"}},{"iob":0.178,"basaliob":-0.105,"bolussnooze":0.004,"activity":0.0041,"lastBolusTime":1703770992245,"time":"2023-12-28T15:48:08.529Z","iobWithZeroTemp":{"iob":0.119,"basaliob":-0.164,"bolussnooze":0.004,"activity":0.0037,"lastBolusTime":1703770992245,"time":"2023-12-28T15:48:08.529Z"}},{"iob":0.159,"basaliob":-0.096,"bolussnooze":0.0028,"activity":0.0037,"lastBolusTime":1703770992245,"time":"2023-12-28T15:53:08.529Z","iobWithZeroTemp":{"iob":0.093,"basaliob":-0.162,"bolussnooze":0.0028,"activity":0.0033,"lastBolusTime":1703770992245,"time":"2023-12-28T15:53:08.529Z"}},{"iob":0.141,"basaliob":-0.088,"bolussnooze":0.0019,"activity":0.0033,"lastBolusTime":1703770992245,"time":"2023-12-28T15:58:08.529Z","iobWithZeroTemp":{"iob":0.069,"basaliob":-0.16,"bolussnooze":0.0019,"activity":0.0028,"lastBolusTime":1703770992245,"time":"2023-12-28T15:58:08.529Z"}},{"iob":0.126,"basaliob":-0.08,"bolussnooze":0.0013,"activity":0.003,"lastBolusTime":1703770992245,"time":"2023-12-28T16:03:08.529Z","iobWithZeroTemp":{"iob":0.049,"basaliob":-0.157,"bolussnooze":0.0013,"activity":0.0024,"lastBolusTime":1703770992245,"time":"2023-12-28T16:03:08.529Z"}},{"iob":0.111,"basaliob":-0.073,"bolussnooze":8.0E-4,"activity":0.0027,"lastBolusTime":1703770992245,"time":"2023-12-28T16:08:08.529Z","iobWithZeroTemp":{"iob":0.029,"basaliob":-0.155,"bolussnooze":8.0E-4,"activity":0.002,"lastBolusTime":1703770992245,"time":"2023-12-28T16:08:08.529Z"}},{"iob":0.098,"basaliob":-0.067,"bolussnooze":5.0E-4,"activity":0.0024,"lastBolusTime":1703770992245,"time":"2023-12-28T16:13:08.529Z","iobWithZeroTemp":{"iob":0.011,"basaliob":-0.154,"bolussnooze":5.0E-4,"activity":0.0017,"lastBolusTime":1703770992245,"time":"2023-12-28T16:13:08.529Z"}},{"iob":0.086,"basaliob":-0.061,"bolussnooze":2.0E-4,"activity":0.0022,"lastBolusTime":1703770992245,"time":"2023-12-28T16:18:08.529Z","iobWithZeroTemp":{"iob":-0.006,"basaliob":-0.153,"bolussnooze":2.0E-4,"activity":0.0014,"lastBolusTime":1703770992245,"time":"2023-12-28T16:18:08.529Z"}},{"iob":0.076,"basaliob":-0.055,"bolussnooze":1.0E-4,"activity":0.0019,"lastBolusTime":1703770992245,"time":"2023-12-28T16:23:08.529Z","iobWithZeroTemp":{"iob":-0.02,"basaliob":-0.151,"bolussnooze":1.0E-4,"activity":0.001,"lastBolusTime":1703770992245,"time":"2023-12-28T16:23:08.529Z"}},{"iob":0.067,"basaliob":-0.05,"bolussnooze":0,"activity":0.0018,"lastBolusTime":1703770992245,"time":"2023-12-28T16:28:08.529Z","iobWithZeroTemp":{"iob":-0.033,"basaliob":-0.15,"bolussnooze":0,"activity":9.0E-4,"lastBolusTime":1703770992245,"time":"2023-12-28T16:28:08.529Z"}},{"iob":0.058,"basaliob":-0.045,"bolussnooze":0,"activity":0.0016,"lastBolusTime":1703770992245,"time":"2023-12-28T16:33:08.529Z","iobWithZeroTemp":{"iob":-0.046,"basaliob":-0.149,"bolussnooze":0,"activity":6.0E-4,"lastBolusTime":1703770992245,"time":"2023-12-28T16:33:08.529Z"}},{"iob":0.051,"basaliob":-0.041,"bolussnooze":0,"activity":0.0014,"lastBolusTime":1703770992245,"time":"2023-12-28T16:38:08.529Z","iobWithZeroTemp":{"iob":-0.056,"basaliob":-0.148,"bolussnooze":0,"activity":4.0E-4,"lastBolusTime":1703770992245,"time":"2023-12-28T16:38:08.529Z"}},{"iob":0.044,"basaliob":-0.037,"bolussnooze":0,"activity":0.0012,"lastBolusTime":1703770992245,"time":"2023-12-28T16:43:08.529Z","iobWithZeroTemp":{"iob":-0.066,"basaliob":-0.147,"bolussnooze":0,"activity":1.0E-4,"lastBolusTime":1703770992245,"time":"2023-12-28T16:43:08.529Z"}},{"iob":0.039,"basaliob":-0.033,"bolussnooze":0,"activity":0.0011,"lastBolusTime":1703770992245,"time":"2023-12-28T16:48:08.529Z","iobWithZeroTemp":{"iob":-0.074,"basaliob":-0.146,"bolussnooze":0,"activity":0,"lastBolusTime":1703770992245,"time":"2023-12-28T16:48:08.529Z"}},{"iob":0.033,"basaliob":-0.03,"bolussnooze":0,"activity":0.001,"lastBolusTime":1703770992245,"time":"2023-12-28T16:53:08.529Z","iobWithZeroTemp":{"iob":-0.083,"basaliob":-0.146,"bolussnooze":0,"activity":-2.0E-4,"lastBolusTime":1703770992245,"time":"2023-12-28T16:53:08.529Z"}},{"iob":0.028,"basaliob":-0.027,"bolussnooze":0,"activity":8.0E-4,"lastBolusTime":1703770992245,"time":"2023-12-28T16:58:08.529Z","iobWithZeroTemp":{"iob":-0.09,"basaliob":-0.145,"bolussnooze":0,"activity":-4.0E-4,"lastBolusTime":1703770992245,"time":"2023-12-28T16:58:08.529Z"}},{"iob":0.025,"basaliob":-0.024,"bolussnooze":0,"activity":8.0E-4,"lastBolusTime":1703770992245,"time":"2023-12-28T17:03:08.529Z","iobWithZeroTemp":{"iob":-0.095,"basaliob":-0.144,"bolussnooze":0,"activity":-4.0E-4,"lastBolusTime":1703770992245,"time":"2023-12-28T17:03:08.529Z"}},{"iob":0.021,"basaliob":-0.021,"bolussnooze":0,"activity":6.0E-4,"lastBolusTime":1703770992245,"time":"2023-12-28T17:08:08.529Z","iobWithZeroTemp":{"iob":-0.101,"basaliob":-0.143,"bolussnooze":0,"activity":-7.0E-4,"lastBolusTime":1703770992245,"time":"2023-12-28T17:08:08.529Z"}},{"iob":0.018,"basaliob":-0.019,"bolussnooze":0,"activity":6.0E-4,"lastBolusTime":1703770992245,"time":"2023-12-28T17:13:08.529Z","iobWithZeroTemp":{"iob":-0.106,"basaliob":-0.143,"bolussnooze":0,"activity":-7.0E-4,"lastBolusTime":1703770992245,"time":"2023-12-28T17:13:08.529Z"}},{"iob":0.015,"basaliob":-0.017,"bolussnooze":0,"activity":5.0E-4,"lastBolusTime":1703770992245,"time":"2023-12-28T17:18:08.529Z","iobWithZeroTemp":{"iob":-0.111,"basaliob":-0.143,"bolussnooze":0,"activity":-8.0E-4,"lastBolusTime":1703770992245,"time":"2023-12-28T17:18:08.529Z"}},{"iob":0.013,"basaliob":-0.015,"bolussnooze":0,"activity":4.0E-4,"lastBolusTime":1703770992245,"time":"2023-12-28T17:23:08.529Z","iobWithZeroTemp":{"iob":-0.114,"basaliob":-0.142,"bolussnooze":0,"activity":-0.001,"lastBolusTime":1703770992245,"time":"2023-12-28T17:23:08.529Z"}},{"iob":0.011,"basaliob":-0.013,"bolussnooze":0,"activity":4.0E-4,"lastBolusTime":1703770992245,"time":"2023-12-28T17:28:08.529Z","iobWithZeroTemp":{"iob":-0.118,"basaliob":-0.142,"bolussnooze":0,"activity":-0.001,"lastBolusTime":1703770992245,"time":"2023-12-28T17:28:08.529Z"}},{"iob":0.009,"basaliob":-0.012,"bolussnooze":0,"activity":3.0E-4,"lastBolusTime":1703770992245,"time":"2023-12-28T17:33:08.529Z","iobWithZeroTemp":{"iob":-0.121,"basaliob":-0.142,"bolussnooze":0,"activity":-0.0011,"lastBolusTime":1703770992245,"time":"2023-12-28T17:33:08.529Z"}},{"iob":0.007,"basaliob":-0.011,"bolussnooze":0,"activity":3.0E-4,"lastBolusTime":1703770992245,"time":"2023-12-28T17:38:08.529Z","iobWithZeroTemp":{"iob":-0.124,"basaliob":-0.142,"bolussnooze":0,"activity":-0.0012,"lastBolusTime":1703770992245,"time":"2023-12-28T17:38:08.529Z"}},{"iob":0.006,"basaliob":-0.009,"bolussnooze":0,"activity":3.0E-4,"lastBolusTime":1703770992245,"time":"2023-12-28T17:43:08.529Z","iobWithZeroTemp":{"iob":-0.126,"basaliob":-0.141,"bolussnooze":0,"activity":-0.0012,"lastBolusTime":1703770992245,"time":"2023-12-28T17:43:08.529Z"}},{"iob":0.005,"basaliob":-0.008,"bolussnooze":0,"activity":2.0E-4,"lastBolusTime":1703770992245,"time":"2023-12-28T17:48:08.529Z","iobWithZeroTemp":{"iob":-0.128,"basaliob":-0.141,"bolussnooze":0,"activity":-0.0013,"lastBolusTime":1703770992245,"time":"2023-12-28T17:48:08.529Z"}},{"iob":0.004,"basaliob":-0.007,"bolussnooze":0,"activity":2.0E-4,"lastBolusTime":1703770992245,"time":"2023-12-28T17:53:08.529Z","iobWithZeroTemp":{"iob":-0.13,"basaliob":-0.141,"bolussnooze":0,"activity":-0.0013,"lastBolusTime":1703770992245,"time":"2023-12-28T17:53:08.529Z"}},{"iob":0.003,"basaliob":-0.006,"bolussnooze":0,"activity":1.0E-4,"lastBolusTime":1703770992245,"time":"2023-12-28T17:58:08.529Z","iobWithZeroTemp":{"iob":-0.132,"basaliob":-0.141,"bolussnooze":0,"activity":-0.0014,"lastBolusTime":1703770992245,"time":"2023-12-28T17:58:08.529Z"}},{"iob":0.002,"basaliob":-0.006,"bolussnooze":0,"activity":2.0E-4,"lastBolusTime":1703770992245,"time":"2023-12-28T18:03:08.529Z","iobWithZeroTemp":{"iob":-0.133,"basaliob":-0.141,"bolussnooze":0,"activity":-0.0013,"lastBolusTime":1703770992245,"time":"2023-12-28T18:03:08.529Z"}},{"iob":0.002,"basaliob":-0.005,"bolussnooze":0,"activity":1.0E-4,"lastBolusTime":1703770992245,"time":"2023-12-28T18:08:08.529Z","iobWithZeroTemp":{"iob":-0.134,"basaliob":-0.141,"bolussnooze":0,"activity":-0.0015,"lastBolusTime":1703770992245,"time":"2023-12-28T18:08:08.529Z"}},{"iob":0.002,"basaliob":-0.004,"bolussnooze":0,"activity":1.0E-4,"lastBolusTime":1703770992245,"time":"2023-12-28T18:13:08.529Z","iobWithZeroTemp":{"iob":-0.134,"basaliob":-0.14,"bolussnooze":0,"activity":-0.0015,"lastBolusTime":1703770992245,"time":"2023-12-28T18:13:08.529Z"}},{"iob":0.001,"basaliob":-0.004,"bolussnooze":0,"activity":1.0E-4,"lastBolusTime":1703770992245,"time":"2023-12-28T18:18:08.529Z","iobWithZeroTemp":{"iob":-0.136,"basaliob":-0.141,"bolussnooze":0,"activity":-0.0015,"lastBolusTime":1703770992245,"time":"2023-12-28T18:18:08.529Z"}},{"iob":0.001,"basaliob":-0.003,"bolussnooze":0,"activity":1.0E-4,"lastBolusTime":1703770992245,"time":"2023-12-28T18:23:08.529Z","iobWithZeroTemp":{"iob":-0.136,"basaliob":-0.14,"bolussnooze":0,"activity":-0.0015,"lastBolusTime":1703770992245,"time":"2023-12-28T18:23:08.529Z"}},{"iob":0,"basaliob":-0.003,"bolussnooze":0,"activity":0,"lastBolusTime":1703770992245,"time":"2023-12-28T18:28:08.529Z","iobWithZeroTemp":{"iob":-0.138,"basaliob":-0.141,"bolussnooze":0,"activity":-0.0016,"lastBolusTime":1703770992245,"time":"2023-12-28T18:28:08.529Z"}},{"iob":0,"basaliob":-0.002,"bolussnooze":0,"activity":0,"lastBolusTime":1703770992245,"time":"2023-12-28T18:33:08.529Z","iobWithZeroTemp":{"iob":-0.138,"basaliob":-0.14,"bolussnooze":0,"activity":-0.0016,"lastBolusTime":1703770992245,"time":"2023-12-28T18:33:08.529Z"}},{"iob":0,"basaliob":-0.002,"bolussnooze":0,"activity":0,"lastBolusTime":1703770992245,"time":"2023-12-28T18:38:08.529Z","iobWithZeroTemp":{"iob":-0.138,"basaliob":-0.14,"bolussnooze":0,"activity":-0.0016,"lastBolusTime":1703770992245,"time":"2023-12-28T18:38:08.529Z"}},{"iob":0,"basaliob":-0.002,"bolussnooze":0,"activity":0,"lastBolusTime":1703770992245,"time":"2023-12-28T18:43:08.529Z","iobWithZeroTemp":{"iob":-0.139,"basaliob":-0.141,"bolussnooze":0,"activity":-0.0016,"lastBolusTime":1703770992245,"time":"2023-12-28T18:43:08.529Z"}},{"iob":0,"basaliob":-0.001,"bolussnooze":0,"activity":1.0E-4,"lastBolusTime":1703770992245,"time":"2023-12-28T18:48:08.529Z","iobWithZeroTemp":{"iob":-0.139,"basaliob":-0.14,"bolussnooze":0,"activity":-0.0015,"lastBolusTime":1703770992245,"time":"2023-12-28T18:48:08.529Z"}},{"iob":0,"basaliob":-0.001,"bolussnooze":0,"activity":1.0E-4,"lastBolusTime":1703770992245,"time":"2023-12-28T18:53:08.529Z","iobWithZeroTemp":{"iob":-0.139,"basaliob":-0.14,"bolussnooze":0,"activity":-0.0015,"lastBolusTime":1703770992245,"time":"2023-12-28T18:53:08.529Z"}},{"iob":0,"basaliob":-0.001,"bolussnooze":0,"activity":0,"lastBolusTime":1703770992245,"time":"2023-12-28T18:58:08.529Z","iobWithZeroTemp":{"iob":-0.139,"basaliob":-0.14,"bolussnooze":0,"activity":-0.0016,"lastBolusTime":1703770992245,"time":"2023-12-28T18:58:08.529Z"}},{"iob":-0.001,"basaliob":-0.001,"bolussnooze":0,"activity":0,"lastBolusTime":1703770992245,"time":"2023-12-28T19:03:08.529Z","iobWithZeroTemp":{"iob":-0.161,"basaliob":-0.161,"bolussnooze":0,"activity":-0.0017,"lastBolusTime":1703770992245,"time":"2023-12-28T19:03:08.529Z"}}],"profile":{"max_iob":10,"type":"current","max_daily_basal":0.35,"max_basal":0.4,"min_bg":90,"max_bg":90,"target_bg":90,"carb_ratio":8.5,"sens":110,"max_daily_safety_multiplier":3,"current_basal_safety_multiplier":4,"lgsThreshold":95,"high_temptarget_raises_sensitivity":true,"low_temptarget_lowers_sensitivity":true,"sensitivity_raises_target":true,"resistance_lowers_target":true,"adv_target_adjustments":false,"exercise_mode":false,"half_basal_exercise_target":160,"maxCOB":120,"skip_neutral_temps":false,"remainingCarbsCap":90,"enableUAM":true,"A52_risk_enable":false,"SMBInterval":3,"enableSMB_with_COB":true,"enableSMB_with_temptarget":true,"allowSMB_with_high_temptarget":false,"enableSMB_always":false,"enableSMB_after_carbs":true,"maxSMBBasalMinutes":45,"maxUAMSMBBasalMinutes":45,"bolus_increment":0.05,"carbsReqThreshold":2,"current_basal":0.1,"temptargetSet":false,"autosens_max":1.3,"autosens_min":0.7,"variable_sens":119.3,"insulinDivisor":75,"TDD":17.023957148809526},"autosens_data":{"ratio":0.8286372087889088},"meal_data":{"carbs":25,"mealCOB":0.8898272727272619,"slopeFromMaxDeviation":-0.7177272727272728,"slopeFromMinDeviation":0,"lastBolusTime":1703770992245,"lastCarbTime":1703765896469},"microBolusAllowed":true,"currentTime":1703776090059,"flatBGsDetected":false,"tdd1D":17.627083333333335,"tdd7D":16.608595238095237,"tddLast24H":13.7625,"tddLast4H":5.216666666666668,"tddLast8to4H":2.2458333333333336},"output":{"temp":"absolute","bg":107,"tick":-5,"eventualBG":61,"targetBG":96,"insulinReq":0,"deliverAt":"2023-12-28T15:08:10.059Z","sensitivityRatio":0.8286372087889088,"variable_sens":119.3,"predBGs":{"IOB":[107,102,97,93,88,84,80,77,73,70,67,65,62,60,58,55,54,52,50,49,48,46,45,44,44,43,42,42,41,41,40,40,39],"ZT":[107,102,97,92,88,84,80,77,74,71,68,66,64,62,61,59,58,58,57,57,57,57,57,57,57,58,59,59,60,61,62,63,64,65,67,68,69,70,71,72,74,75,76,77,78,80,81,82],"COB":[107,102,97,93,89,86,83,80,77,75,73,71,69,68,66,65,64,63,63,62,61,61,60,60,60,59,59,59,59,59,59,59,59,59,59,59,59,59,60,60,60,60,60,60,61],"UAM":[107,102,97,92,88,84,80,76,73,70,67,64,61,59,57,55,53,51,50,48,47,46,44,44,43,42,41,41,40,40,39]},"reason":"COB: 0.9, Dev: 0, BGI: -5, ISF: 119, CR: 8.5, Target: 96, minPredBG 57, minGuardBG 38, IOBpredBG 39, COBpredBG 61, UAMpredBG 39; 3 add'l carbs req w\/in 15m; minGuardBG 38<95","COB":0.8898272727272619,"IOB":0.425,"carbsReq":3,"carbsReqWithin":15,"duration":120,"rate":0,"timestamp":"2023-12-28T15:08:10.091Z"}}