{"algorithm":"OpenAPSSMBDynamicISFPlugin","input":{"glucoseStatus":{"glucose":103,"noise":0,"delta":-2,"short_avgdelta":-2,"long_avgdelta":-2.52,"date":1703806365000},"currenttemp":{"temp":"absolute","duration":25,"rate":0,"minutesrunning":5},"iob_data":[{"iob":-0.012,"basaliob":-0.23,"bolussnooze":0,"activity":0.0018,"lastBolusTime":1703800997128,"time":"2023-12-28T23:33:11.607Z","iobWithZeroTemp":{"iob":-0.012,"basaliob":-0.23,"bolussnooze":0,"activity":0.0018,"lastBolusTime":1703800997128,"time":"2023-12-28T23:33:11.607Z"}},{"iob":-0.021,"basaliob":-0.219,"bolussnooze":0,"activity":0.0014,"lastBolusTime":1703800997128,"time":"2023-12-28T23:38:11.607Z","iobWithZeroTemp":{"iob":-0.038,"basaliob":-0.236,"bolussnooze":0,"activity":0.0014,"lastBolusTime":1703800997128,"time":"2023-12-28T23:38:11.607Z"}},{"iob":-0.027,"basaliob":-0.207,"bolussnooze":0,"activity":0.0011,"lastBolusTime":1703800997128,"time":"2023-12-28T23:43:11.607Z","iobWithZeroTemp":{"iob":-0.064,"basaliob":-0.244,"bolussnooze":0,"activity":0.001,"lastBolusTime":1703800997128,"time":"2023-12-28T23:43:11.607Z"}},{"iob":-0.032,"basaliob":-0.195,"bolussnooze":0,"activity":8.0E-4,"lastBolusTime":1703800997128,"time":"2023-12-28T23:48:11.607Z","iobWithZeroTemp":{"iob":-0.09,"basaliob":-0.253,"bolussnooze":0,"activity":6.0E-4,"lastBolusTime":1703800997128,"time":"2023-12-28T23:48:11.607Z"}},{"iob":-0.035,"basaliob":-0.183,"bolussnooze":0,"activity":6.0E-4,"lastBolusTime":1703800997128,"time":"2023-12-28T23:53:11.607Z","iobWithZeroTemp":{"iob":-0.112,"basaliob":-0.26,"bolussnooze":0,"activity":3.0E-4,"lastBolusTime":1703800997128,"time":"2023-12-28T23:53:11.607Z"}},{"iob":-0.038,"basaliob":-0.171,"bolussnooze":0,"activity":4.0E-4,"lastBolusTime":1703800997128,"time":"2023-12-28T23:58:11.607Z","iobWithZeroTemp":{"iob":-0.134,"basaliob":-0.267,"bolussnooze":0,"activity":0,"lastBolusTime":1703800997128,"time":"2023-12-28T23:58:11.607Z"}},{"iob":-0.04,"basaliob":-0.16,"bolussnooze":0,"activity":3.0E-4,"lastBolusTime":1703800997128,"time":"2023-12-29T00:03:11.607Z","iobWithZeroTemp":{"iob":-0.15,"basaliob":-0.27,"bolussnooze":0,"activity":-3.0E-4,"lastBolusTime":1703800997128,"time":"2023-12-29T00:03:11.607Z"}},{"iob":-0.041,"basaliob":-0.149,"bolussnooze":0,"activity":1.0E-4,"lastBolusTime":1703800997128,"time":"2023-12-29T00:08:11.607Z","iobWithZeroTemp":{"iob":-0.165,"basaliob":-0.273,"bolussnooze":0,"activity":-6.0E-4,"lastBolusTime":1703800997128,"time":"2023-12-29T00:08:11.607Z"}},{"iob":-0.04,"basaliob":-0.138,"bolussnooze":0,"activity":0,"lastBolusTime":1703800997128,"time":"2023-12-29T00:13:11.607Z","iobWithZeroTemp":{"iob":-0.177,"basaliob":-0.275,"bolussnooze":0,"activity":-9.0E-4,"lastBolusTime":1703800997128,"time":"2023-12-29T00:13:11.607Z"}},{"iob":-0.04,"basaliob":-0.128,"bolussnooze":0,"activity":-1.0E-4,"lastBolusTime":1703800997128,"time":"2023-12-29T00:18:11.607Z","iobWithZeroTemp":{"iob":-0.188,"basaliob":-0.276,"bolussnooze":0,"activity":-0.0012,"lastBolusTime":1703800997128,"time":"2023-12-29T00:18:11.607Z"}},{"iob":-0.039,"basaliob":-0.118,"bolussnooze":0,"activity":-2.0E-4,"lastBolusTime":1703800997128,"time":"2023-12-29T00:23:11.607Z","iobWithZeroTemp":{"iob":-0.198,"basaliob":-0.277,"bolussnooze":0,"activity":-0.0014,"lastBolusTime":1703800997128,"time":"2023-12-29T00:23:11.607Z"}},{"iob":-0.038,"basaliob":-0.109,"bolussnooze":0,"activity":-2.0E-4,"lastBolusTime":1703800997128,"time":"2023-12-29T00:28:11.607Z","iobWithZeroTemp":{"iob":-0.208,"basaliob":-0.279,"bolussnooze":0,"activity":-0.0015,"lastBolusTime":1703800997128,"time":"2023-12-29T00:28:11.607Z"}},{"iob":-0.038,"basaliob":-0.101,"bolussnooze":0,"activity":-3.0E-4,"lastBolusTime":1703800997128,"time":"2023-12-29T00:33:11.607Z","iobWithZeroTemp":{"iob":-0.217,"basaliob":-0.28,"bolussnooze":0,"activity":-0.0018,"lastBolusTime":1703800997128,"time":"2023-12-29T00:33:11.607Z"}},{"iob":-0.036,"basaliob":-0.092,"bolussnooze":0,"activity":-3.0E-4,"lastBolusTime":1703800997128,"time":"2023-12-29T00:38:11.607Z","iobWithZeroTemp":{"iob":-0.224,"basaliob":-0.28,"bolussnooze":0,"activity":-0.0019,"lastBolusTime":1703800997128,"time":"2023-12-29T00:38:11.607Z"}},{"iob":-0.035,"basaliob":-0.085,"bolussnooze":0,"activity":-4.0E-4,"lastBolusTime":1703800997128,"time":"2023-12-29T00:43:11.607Z","iobWithZeroTemp":{"iob":-0.232,"basaliob":-0.282,"bolussnooze":0,"activity":-0.0021,"lastBolusTime":1703800997128,"time":"2023-12-29T00:43:11.607Z"}},{"iob":-0.033,"basaliob":-0.078,"bolussnooze":0,"activity":-4.0E-4,"lastBolusTime":1703800997128,"time":"2023-12-29T00:48:11.607Z","iobWithZeroTemp":{"iob":-0.237,"basaliob":-0.282,"bolussnooze":0,"activity":-0.0023,"lastBolusTime":1703800997128,"time":"2023-12-29T00:48:11.607Z"}},{"iob":-0.031,"basaliob":-0.071,"bolussnooze":0,"activity":-4.0E-4,"lastBolusTime":1703800997128,"time":"2023-12-29T00:53:11.607Z","iobWithZeroTemp":{"iob":-0.242,"basaliob":-0.282,"bolussnooze":0,"activity":-0.0024,"lastBolusTime":1703800997128,"time":"2023-12-29T00:53:11.607Z"}},{"iob":-0.029,"basaliob":-0.065,"bolussnooze":0,"activity":-4.0E-4,"lastBolusTime":1703800997128,"time":"2023-12-29T00:58:11.607Z","iobWithZeroTemp":{"iob":-0.247,"basaliob":-0.283,"bolussnooze":0,"activity":-0.0025,"lastBolusTime":1703800997128,"time":"2023-12-29T00:58:11.607Z"}},{"iob":-0.027,"basaliob":-0.059,"bolussnooze":0,"activity":-3.0E-4,"lastBolusTime":1703800997128,"time":"2023-12-29T01:03:11.607Z","iobWithZeroTemp":{"iob":-0.247,"basaliob":-0.279,"bolussnooze":0,"activity":-0.0025,"lastBolusTime":1703800997128,"time":"2023-12-29T01:03:11.607Z"}},{"iob":-0.026,"basaliob":-0.054,"bolussnooze":0,"activity":-3.0E-4,"lastBolusTime":1703800997128,"time":"2023-12-29T01:08:11.607Z","iobWithZeroTemp":{"iob":-0.247,"basaliob":-0.275,"bolussnooze":0,"activity":-0.0026,"lastBolusTime":1703800997128,"time":"2023-12-29T01:08:11.607Z"}},{"iob":-0.024,"basaliob":-0.049,"bolussnooze":0,"activity":-3.0E-4,"lastBolusTime":1703800997128,"time":"2023-12-29T01:13:11.607Z","iobWithZeroTemp":{"iob":-0.246,"basaliob":-0.271,"bolussnooze":0,"activity":-0.0026,"lastBolusTime":1703800997128,"time":"2023-12-29T01:13:11.607Z"}},{"iob":-0.022,"basaliob":-0.044,"bolussnooze":0,"activity":-3.0E-4,"lastBolusTime":1703800997128,"time":"2023-12-29T01:18:11.607Z","iobWithZeroTemp":{"iob":-0.245,"basaliob":-0.267,"bolussnooze":0,"activity":-0.0027,"lastBolusTime":1703800997128,"time":"2023-12-29T01:18:11.607Z"}},{"iob":-0.021,"basaliob":-0.04,"bolussnooze":0,"activity":-3.0E-4,"lastBolusTime":1703800997128,"time":"2023-12-29T01:23:11.607Z","iobWithZeroTemp":{"iob":-0.244,"basaliob":-0.263,"bolussnooze":0,"activity":-0.0027,"lastBolusTime":1703800997128,"time":"2023-12-29T01:23:11.607Z"}},{"iob":-0.019,"basaliob":-0.036,"bolussnooze":0,"activity":-3.0E-4,"lastBolusTime":1703800997128,"time":"2023-12-29T01:28:11.607Z","iobWithZeroTemp":{"iob":-0.243,"basaliob":-0.26,"bolussnooze":0,"activity":-0.0028,"lastBolusTime":1703800997128,"time":"2023-12-29T01:28:11.607Z"}},{"iob":-0.018,"basaliob":-0.033,"bolussnooze":0,"activity":-3.0E-4,"lastBolusTime":1703800997128,"time":"2023-12-29T01:33:11.607Z","iobWithZeroTemp":{"iob":-0.242,"basaliob":-0.257,"bolussnooze":0,"activity":-0.0028,"lastBolusTime":1703800997128,"time":"2023-12-29T01:33:11.607Z"}},{"iob":-0.017,"basaliob":-0.03,"bolussnooze":0,"activity":-2.0E-4,"lastBolusTime":1703800997128,"time":"2023-12-29T01:38:11.607Z","iobWithZeroTemp":{"iob":-0.24,"basaliob":-0.253,"bolussnooze":0,"activity":-0.0027,"lastBolusTime":1703800997128,"time":"2023-12-29T01:38:11.607Z"}},{"iob":-0.016,"basaliob":-0.027,"bolussnooze":0,"activity":-3.0E-4,"lastBolusTime":1703800997128,"time":"2023-12-29T01:43:11.607Z","iobWithZeroTemp":{"iob":-0.239,"basaliob":-0.25,"bolussnooze":0,"activity":-0.0029,"lastBolusTime":1703800997128,"time":"2023-12-29T01:43:11.607Z"}},{"iob":-0.014,"basaliob":-0.024,"bolussnooze":0,"activity":-2.0E-4,"lastBolusTime":1703800997128,"time":"2023-12-29T01:48:11.607Z","iobWithZeroTemp":{"iob":-0.237,"basaliob":-0.247,"bolussnooze":0,"activity":-0.0028,"lastBolusTime":1703800997128,"time":"2023-12-29T01:48:11.607Z"}},{"iob":-0.013,"basaliob":-0.022,"bolussnooze":0,"activity":-3.0E-4,"lastBolusTime":1703800997128,"time":"2023-12-29T01:53:11.607Z","iobWithZeroTemp":{"iob":-0.236,"basaliob":-0.245,"bolussnooze":0,"activity":-0.0029,"lastBolusTime":1703800997128,"time":"2023-12-29T01:53:11.607Z"}},{"iob":-0.012,"basaliob":-0.019,"bolussnooze":0,"activity":-2.0E-4,"lastBolusTime":1703800997128,"time":"2023-12-29T01:58:11.607Z","iobWithZeroTemp":{"iob":-0.234,"basaliob":-0.241,"bolussnooze":0,"activity":-0.0028,"lastBolusTime":1703800997128,"time":"2023-12-29T01:58:11.607Z"}},{"iob":-0.011,"basaliob":-0.017,"bolussnooze":0,"activity":-2.0E-4,"lastBolusTime":1703800997128,"time":"2023-12-29T02:03:11.607Z","iobWithZeroTemp":{"iob":-0.237,"basaliob":-0.243,"bolussnooze":0,"activity":-0.0028,"lastBolusTime":1703800997128,"time":"2023-12-29T02:03:11.607Z"}},{"iob":-0.009,"basaliob":-0.015,"bolussnooze":0,"activity":-1.0E-4,"lastBolusTime":1703800997128,"time":"2023-12-29T02:08:11.607Z","iobWithZeroTemp":{"iob":-0.238,"basaliob":-0.244,"bolussnooze":0,"activity":-0.0027,"lastBolusTime":1703800997128,"time":"2023-12-29T02:08:11.607Z"}},{"iob":-0.009,"basaliob":-0.014,"bolussnooze":0,"activity":-2.0E-4,"lastBolusTime":1703800997128,"time":"2023-12-29T02:13:11.607Z","iobWithZeroTemp":{"iob":-0.242,"basaliob":-0.247,"bolussnooze":0,"activity":-0.0029,"lastBolusTime":1703800997128,"time":"2023-12-29T02:13:11.607Z"}},{"iob":-0.008,"basaliob":-0.012,"bolussnooze":0,"activity":-2.0E-4,"lastBolusTime":1703800997128,"time":"2023-12-29T02:18:11.607Z","iobWithZeroTemp":{"iob":-0.244,"basaliob":-0.248,"bolussnooze":0,"activity":-0.0029,"lastBolusTime":1703800997128,"time":"2023-12-29T02:18:11.607Z"}},{"iob":-0.008,"basaliob":-0.011,"bolussnooze":0,"activity":-2.0E-4,"lastBolusTime":1703800997128,"time":"2023-12-29T02:23:11.607Z","iobWithZeroTemp":{"iob":-0.247,"basaliob":-0.25,"bolussnooze":0,"activity":-0.0029,"lastBolusTime":1703800997128,"time":"2023-12-29T02:23:11.607Z"}},{"iob":-0.007,"basaliob":-0.01,"bolussnooze":0,"activity":-1.0E-4,"lastBolusTime":1703800997128,"time":"2023-12-29T02:28:11.607Z","iobWithZeroTemp":{"iob":-0.249,"basaliob":-0.252,"bolussnooze":0,"activity":-0.0028,"lastBolusTime":1703800997128,"time":"2023-12-29T02:28:11.607Z"}},{"iob":-0.007,"basaliob":-0.009,"bolussnooze":0,"activity":-1.0E-4,"lastBolusTime":1703800997128,"time":"2023-12-29T02:33:11.607Z","iobWithZeroTemp":{"iob":-0.252,"basaliob":-0.254,"bolussnooze":0,"activity":-0.0029,"lastBolusTime":1703800997128,"time":"2023-12-29T02:33:11.607Z"}},{"iob":-0.006,"basaliob":-0.008,"bolussnooze":0,"activity":-1.0E-4,"lastBolusTime":1703800997128,"time":"2023-12-29T02:38:11.607Z","iobWithZeroTemp":{"iob":-0.254,"basaliob":-0.256,"bolussnooze":0,"activity":-0.0029,"lastBolusTime":1703800997128,"time":"2023-12-29T02:38:11.607Z"}},{"iob":-0.005,"basaliob":-0.007,"bolussnooze":0,"activity":-1.0E-4,"lastBolusTime":1703800997128,"time":"2023-12-29T02:43:11.607Z","iobWithZeroTemp":{"iob":-0.256,"basaliob":-0.258,"bolussnooze":0,"activity":-0.0029,"lastBolusTime":1703800997128,"time":"2023-12-29T02:43:11.607Z"}},{"iob":-0.005,"basaliob":-0.006,"bolussnooze":0,"activity":0,"lastBolusTime":1703800997128,"time":"2023-12-29T02:48:11.607Z","iobWithZeroTemp":{"iob":-0.258,"basaliob":-0.259,"bolussnooze":0,"activity":-0.0029,"lastBolusTime":1703800997128,"time":"2023-12-29T02:48:11.607Z"}},{"iob":-0.004,"basaliob":-0.005,"bolussnooze":0,"activity":-1.0E-4,"lastBolusTime":1703800997128,"time":"2023-12-29T02:53:11.607Z","iobWithZeroTemp":{"iob":-0.259,"basaliob":-0.26,"bolussnooze":0,"activity":-0.003,"lastBolusTime":1703800997128,"time":"2023-12-29T02:53:11.607Z"}},{"iob":-0.004,"basaliob":-0.005,"bolussnooze":0,"activity":-1.0E-4,"lastBolusTime":1703800997128,"time":"2023-12-29T02:58:11.607Z","iobWithZeroTemp":{"iob":-0.261,"basaliob":-0.262,"bolussnooze":0,"activity":-0.003,"lastBolusTime":1703800997128,"time":"2023-12-29T02:58:11.607Z"}},{"iob":-0.003,"basaliob":-0.004,"bolussnooze":0,"activity":-1.0E-4,"lastBolusTime":1703800997128,"time":"2023-12-29T03:03:11.607Z","iobWithZeroTemp":{"iob":-0.271,"basaliob":-0.272,"bolussnooze":0,"activity":-0.0031,"lastBolusTime":1703800997128,"time":"2023-12-29T03:03:11.607Z"}},{"iob":-0.002,"basaliob":-0.003,"bolussnooze":0,"activity":-1.0E-4,"lastBolusTime":1703800997128,"time":"2023-12-29T03:08:11.607Z","iobWithZeroTemp":{"iob":-0.28,"basaliob":-0.281,"bolussnooze":0,"activity":-0.0031,"lastBolusTime":1703800997128,"time":"2023-12-29T03:08:11.607Z"}},{"iob":-0.003,"basaliob":-0.003,"bolussnooze":0,"activity":-1.0E-4,"lastBolusTime":1703800997128,"time":"2023-12-29T03:13:11.607Z","iobWithZeroTemp":{"iob":-0.29,"basaliob":-0.29,"bolussnooze":0,"activity":-0.0032,"lastBolusTime":1703800997128,"time":"2023-12-29T03:13:11.607Z"}},{"iob":-0.003,"basaliob":-0.003,"bolussnooze":0,"activity":-1.0E-4,"lastBolusTime":1703800997128,"time":"2023-12-29T03:18:11.607Z","iobWithZeroTemp":{"iob":-0.3,"basaliob":-0.3,"bolussnooze":0,"activity":-0.0033,"lastBolusTime":1703800997128,"time":"2023-12-29T03:18:11.607Z"}},{"iob":-0.002,"basaliob":-0.002,"bolussnooze":0,"activity":-1.0E-4,"lastBolusTime":1703800997128,"time":"2023-12-29T03:23:11.607Z","iobWithZeroTemp":{"iob":-0.308,"basaliob":-0.308,"bolussnooze":0,"activity":-0.0033,"lastBolusTime":1703800997128,"time":"2023-12-29T03:23:11.607Z"}},{"iob":-0.002,"basaliob":-0.002,"bolussnooze":0,"activity":-1.0E-4,"lastBolusTime":1703800997128,"time":"2023-12-29T03:28:11.607Z","iobWithZeroTemp":{"iob":-0.316,"basaliob":-0.316,"bolussnooze":0,"activity":-0.0034,"lastBolusTime":1703800997128,"time":"2023-12-29T03:28:11.607Z"}}],"profile":{"max_iob":10,"type":"current","max_daily_basal":0.35,"max_basal":1,"min_bg":95,"max_bg":95,"target_bg":95,"carb_ratio":8.5,"sens":120,"max_daily_safety_multiplier":3,"current_basal_safety_multiplier":4,"lgsThreshold":95,"high_temptarget_raises_sensitivity":true,"low_temptarget_lowers_sensitivity":true,"sensitivity_raises_target":true,"resistance_lowers_target":true,"adv_target_adjustments":false,"exercise_mode":false,"half_basal_exercise_target":160,"maxCOB":120,"skip_neutral_temps":false,"remainingCarbsCap":90,"enableUAM":true,"A52_risk_enable":false,"SMBInterval":3,"enableSMB_with_COB":true,"enableSMB_with_temptarget":true,"allowSMB_with_high_temptarget":false,"enableSMB_always":false,"enableSMB_after_carbs":true,"maxSMBBasalMinutes":45,"maxUAMSMBBasalMinutes":45,"bolus_increment":0.05,"carbsReqThreshold":2,"current_basal":0.25,"temptargetSet":false,"autosens_max":1.3,"autosens_min":0.7,"variable_sens":166.2,"insulinDivisor":75,"TDD":12.53357563095238},"autosens_data":{"ratio":0.8516192049183539},"meal_data":{"carbs":20,"mealCOB":0,"slopeFromMaxDeviation":-0.3986363636363637,"slopeFromMinDeviation":0.4574,"lastBolusTime":1703800997128,"lastCarbTime":1703789723443},"microBolusAllowed":true,"currentTime":1703806393266,"flatBGsDetected":false,"tdd1D":13.99583333333333,"tdd7D":16.405023809523808,"tddLast24H":13.97083333333333,"tddLast4H":1.7750000000000004,"tddLast8to4H":3.516666666666666},"output":{"temp":"absolute","bg":103,"tick":-2,"eventualBG":99,"targetBG":101,"insulinReq":0,"deliverAt":"2023-12-28T23:33:13.266Z","sensitivityRatio":0.8516192049183539,"variable_sens":166.2,"predBGs":{"IOB":[103,101,99,98,97,96,96,95,95,95,95,95,95,95,96,96,96,97,97,97,98,98,98,98,99,99,99,99,100,100,100,100,100,100,101,101,101,101,101,101,101,101,101,101,101,101,102],"ZT":[103,102,100,99,99,99,99,99,99,100,101]},"reason":"COB: 0, Dev: -6, BGI: -1, ISF: 166, CR: 8.5, Target: 101, minPredBG 96, minGuardBG 95, IOBpredBG 102; Eventual BG 99 < 101, 25m@0.00 is a lot less than needed. ","COB":0,"IOB":-0.012,"duration":30,"rate":0.17290480122958846,"timestamp":"2023-12-28T23:33:13.298Z"}}