{"algorithm":"OpenAPSSMBDynamicISFPlugin","input":{"glucoseStatus":{"glucose":131,"noise":0,"delta":-0.5,"short_avgdelta":-0.5,"long_avgdelta":-1.31,"date":1703797965000},"currenttemp":{"temp":"absolute","duration":80,"rate":0,"minutesrunning":40},"iob_data":[{"iob":0.542,"basaliob":-0.346,"bolussnooze":0.1767,"activity":0.0112,"lastBolusTime":1703794854293,"time":"2023-12-28T21:13:10.321Z","iobWithZeroTemp":{"iob":0.542,"basaliob":-0.346,"bolussnooze":0.1767,"activity":0.0112,"lastBolusTime":1703794854293,"time":"2023-12-28T21:13:10.321Z"}},{"iob":0.489,"basaliob":-0.328,"bolussnooze":0.1462,"activity":0.0101,"lastBolusTime":1703794854293,"time":"2023-12-28T21:18:10.321Z","iobWithZeroTemp":{"iob":0.469,"basaliob":-0.348,"bolussnooze":0.1462,"activity":0.0101,"lastBolusTime":1703794854293,"time":"2023-12-28T21:18:10.321Z"}},{"iob":0.441,"basaliob":-0.31,"bolussnooze":0.1203,"activity":0.0093,"lastBolusTime":1703794854293,"time":"2023-12-28T21:23:10.321Z","iobWithZeroTemp":{"iob":0.396,"basaliob":-0.355,"bolussnooze":0.1203,"activity":0.0092,"lastBolusTime":1703794854293,"time":"2023-12-28T21:23:10.321Z"}},{"iob":0.396,"basaliob":-0.292,"bolussnooze":0.0984,"activity":0.0085,"lastBolusTime":1703794854293,"time":"2023-12-28T21:28:10.321Z","iobWithZeroTemp":{"iob":0.327,"basaliob":-0.361,"bolussnooze":0.0984,"activity":0.0083,"lastBolusTime":1703794854293,"time":"2023-12-28T21:28:10.321Z"}},{"iob":0.356,"basaliob":-0.274,"bolussnooze":0.08,"activity":0.0078,"lastBolusTime":1703794854293,"time":"2023-12-28T21:33:10.321Z","iobWithZeroTemp":{"iob":0.263,"basaliob":-0.367,"bolussnooze":0.08,"activity":0.0074,"lastBolusTime":1703794854293,"time":"2023-12-28T21:33:10.321Z"}},{"iob":0.319,"basaliob":-0.257,"bolussnooze":0.0647,"activity":0.007,"lastBolusTime":1703794854293,"time":"2023-12-28T21:38:10.321Z","iobWithZeroTemp":{"iob":0.204,"basaliob":-0.372,"bolussnooze":0.0647,"activity":0.0065,"lastBolusTime":1703794854293,"time":"2023-12-28T21:38:10.321Z"}},{"iob":0.285,"basaliob":-0.24,"bolussnooze":0.0521,"activity":0.0063,"lastBolusTime":1703794854293,"time":"2023-12-28T21:43:10.321Z","iobWithZeroTemp":{"iob":0.148,"basaliob":-0.377,"bolussnooze":0.0521,"activity":0.0056,"lastBolusTime":1703794854293,"time":"2023-12-28T21:43:10.321Z"}},{"iob":0.255,"basaliob":-0.223,"bolussnooze":0.0417,"activity":0.0058,"lastBolusTime":1703794854293,"time":"2023-12-28T21:48:10.321Z","iobWithZeroTemp":{"iob":0.097,"basaliob":-0.381,"bolussnooze":0.0417,"activity":0.0049,"lastBolusTime":1703794854293,"time":"2023-12-28T21:48:10.321Z"}},{"iob":0.228,"basaliob":-0.207,"bolussnooze":0.0333,"activity":0.0052,"lastBolusTime":1703794854293,"time":"2023-12-28T21:53:10.321Z","iobWithZeroTemp":{"iob":0.05,"basaliob":-0.385,"bolussnooze":0.0333,"activity":0.0041,"lastBolusTime":1703794854293,"time":"2023-12-28T21:53:10.321Z"}},{"iob":0.203,"basaliob":-0.192,"bolussnooze":0.0264,"activity":0.0047,"lastBolusTime":1703794854293,"time":"2023-12-28T21:58:10.321Z","iobWithZeroTemp":{"iob":0.006,"basaliob":-0.389,"bolussnooze":0.0264,"activity":0.0034,"lastBolusTime":1703794854293,"time":"2023-12-28T21:58:10.321Z"}},{"iob":0.18,"basaliob":-0.178,"bolussnooze":0.0208,"activity":0.0043,"lastBolusTime":1703794854293,"time":"2023-12-28T22:03:10.321Z","iobWithZeroTemp":{"iob":-0.031,"basaliob":-0.389,"bolussnooze":0.0208,"activity":0.0028,"lastBolusTime":1703794854293,"time":"2023-12-28T22:03:10.321Z"}},{"iob":0.16,"basaliob":-0.164,"bolussnooze":0.0163,"activity":0.0038,"lastBolusTime":1703794854293,"time":"2023-12-28T22:08:10.321Z","iobWithZeroTemp":{"iob":-0.064,"basaliob":-0.388,"bolussnooze":0.0163,"activity":0.0021,"lastBolusTime":1703794854293,"time":"2023-12-28T22:08:10.321Z"}},{"iob":0.142,"basaliob":-0.151,"bolussnooze":0.0126,"activity":0.0035,"lastBolusTime":1703794854293,"time":"2023-12-28T22:13:10.321Z","iobWithZeroTemp":{"iob":-0.093,"basaliob":-0.386,"bolussnooze":0.0126,"activity":0.0016,"lastBolusTime":1703794854293,"time":"2023-12-28T22:13:10.321Z"}},{"iob":0.125,"basaliob":-0.139,"bolussnooze":0.0096,"activity":0.0031,"lastBolusTime":1703794854293,"time":"2023-12-28T22:18:10.321Z","iobWithZeroTemp":{"iob":-0.121,"basaliob":-0.385,"bolussnooze":0.0096,"activity":0.001,"lastBolusTime":1703794854293,"time":"2023-12-28T22:18:10.321Z"}},{"iob":0.111,"basaliob":-0.127,"bolussnooze":0.0073,"activity":0.0028,"lastBolusTime":1703794854293,"time":"2023-12-28T22:23:10.321Z","iobWithZeroTemp":{"iob":-0.145,"basaliob":-0.383,"bolussnooze":0.0073,"activity":5.0E-4,"lastBolusTime":1703794854293,"time":"2023-12-28T22:23:10.321Z"}},{"iob":0.097,"basaliob":-0.117,"bolussnooze":0.0054,"activity":0.0025,"lastBolusTime":1703794854293,"time":"2023-12-28T22:28:10.321Z","iobWithZeroTemp":{"iob":-0.168,"basaliob":-0.382,"bolussnooze":0.0054,"activity":1.0E-4,"lastBolusTime":1703794854293,"time":"2023-12-28T22:28:10.321Z"}},{"iob":0.085,"basaliob":-0.107,"bolussnooze":0.0039,"activity":0.0023,"lastBolusTime":1703794854293,"time":"2023-12-28T22:33:10.321Z","iobWithZeroTemp":{"iob":-0.188,"basaliob":-0.38,"bolussnooze":0.0039,"activity":-3.0E-4,"lastBolusTime":1703794854293,"time":"2023-12-28T22:33:10.321Z"}},{"iob":0.075,"basaliob":-0.097,"bolussnooze":0.0028,"activity":0.002,"lastBolusTime":1703794854293,"time":"2023-12-28T22:38:10.321Z","iobWithZeroTemp":{"iob":-0.206,"basaliob":-0.378,"bolussnooze":0.0028,"activity":-7.0E-4,"lastBolusTime":1703794854293,"time":"2023-12-28T22:38:10.321Z"}},{"iob":0.065,"basaliob":-0.089,"bolussnooze":0.002,"activity":0.0018,"lastBolusTime":1703794854293,"time":"2023-12-28T22:43:10.321Z","iobWithZeroTemp":{"iob":-0.223,"basaliob":-0.377,"bolussnooze":0.002,"activity":-0.001,"lastBolusTime":1703794854293,"time":"2023-12-28T22:43:10.321Z"}},{"iob":0.056,"basaliob":-0.081,"bolussnooze":0.0013,"activity":0.0016,"lastBolusTime":1703794854293,"time":"2023-12-28T22:48:10.321Z","iobWithZeroTemp":{"iob":-0.238,"basaliob":-0.375,"bolussnooze":0.0013,"activity":-0.0014,"lastBolusTime":1703794854293,"time":"2023-12-28T22:48:10.321Z"}},{"iob":0.049,"basaliob":-0.073,"bolussnooze":8.0E-4,"activity":0.0014,"lastBolusTime":1703794854293,"time":"2023-12-28T22:53:10.321Z","iobWithZeroTemp":{"iob":-0.251,"basaliob":-0.373,"bolussnooze":8.0E-4,"activity":-0.0017,"lastBolusTime":1703794854293,"time":"2023-12-28T22:53:10.321Z"}},{"iob":0.042,"basaliob":-0.067,"bolussnooze":5.0E-4,"activity":0.0013,"lastBolusTime":1703794854293,"time":"2023-12-28T22:58:10.321Z","iobWithZeroTemp":{"iob":-0.263,"basaliob":-0.372,"bolussnooze":5.0E-4,"activity":-0.0019,"lastBolusTime":1703794854293,"time":"2023-12-28T22:58:10.321Z"}},{"iob":0.036,"basaliob":-0.06,"bolussnooze":3.0E-4,"activity":0.0011,"lastBolusTime":1703794854293,"time":"2023-12-28T23:03:10.321Z","iobWithZeroTemp":{"iob":-0.274,"basaliob":-0.37,"bolussnooze":3.0E-4,"activity":-0.0022,"lastBolusTime":1703794854293,"time":"2023-12-28T23:03:10.321Z"}},{"iob":0.03,"basaliob":-0.055,"bolussnooze":1.0E-4,"activity":0.001,"lastBolusTime":1703794854293,"time":"2023-12-28T23:08:10.321Z","iobWithZeroTemp":{"iob":-0.285,"basaliob":-0.37,"bolussnooze":1.0E-4,"activity":-0.0023,"lastBolusTime":1703794854293,"time":"2023-12-28T23:08:10.321Z"}},{"iob":0.026,"basaliob":-0.049,"bolussnooze":0,"activity":9.0E-4,"lastBolusTime":1703794854293,"time":"2023-12-28T23:13:10.321Z","iobWithZeroTemp":{"iob":-0.292,"basaliob":-0.367,"bolussnooze":0,"activity":-0.0025,"lastBolusTime":1703794854293,"time":"2023-12-28T23:13:10.321Z"}},{"iob":0.022,"basaliob":-0.044,"bolussnooze":0,"activity":8.0E-4,"lastBolusTime":1703794854293,"time":"2023-12-28T23:18:10.321Z","iobWithZeroTemp":{"iob":-0.3,"basaliob":-0.366,"bolussnooze":0,"activity":-0.0027,"lastBolusTime":1703794854293,"time":"2023-12-28T23:18:10.321Z"}},{"iob":0.018,"basaliob":-0.04,"bolussnooze":0,"activity":6.0E-4,"lastBolusTime":1703794854293,"time":"2023-12-28T23:23:10.321Z","iobWithZeroTemp":{"iob":-0.307,"basaliob":-0.365,"bolussnooze":0,"activity":-0.003,"lastBolusTime":1703794854293,"time":"2023-12-28T23:23:10.321Z"}},{"iob":0.015,"basaliob":-0.036,"bolussnooze":0,"activity":6.0E-4,"lastBolusTime":1703794854293,"time":"2023-12-28T23:28:10.321Z","iobWithZeroTemp":{"iob":-0.313,"basaliob":-0.364,"bolussnooze":0,"activity":-0.003,"lastBolusTime":1703794854293,"time":"2023-12-28T23:28:10.321Z"}},{"iob":0.013,"basaliob":-0.032,"bolussnooze":0,"activity":5.0E-4,"lastBolusTime":1703794854293,"time":"2023-12-28T23:33:10.321Z","iobWithZeroTemp":{"iob":-0.318,"basaliob":-0.363,"bolussnooze":0,"activity":-0.0032,"lastBolusTime":1703794854293,"time":"2023-12-28T23:33:10.321Z"}},{"iob":0.01,"basaliob":-0.029,"bolussnooze":0,"activity":5.0E-4,"lastBolusTime":1703794854293,"time":"2023-12-28T23:38:10.321Z","iobWithZeroTemp":{"iob":-0.323,"basaliob":-0.362,"bolussnooze":0,"activity":-0.0032,"lastBolusTime":1703794854293,"time":"2023-12-28T23:38:10.321Z"}},{"iob":0.008,"basaliob":-0.026,"bolussnooze":0,"activity":4.0E-4,"lastBolusTime":1703794854293,"time":"2023-12-28T23:43:10.321Z","iobWithZeroTemp":{"iob":-0.327,"basaliob":-0.361,"bolussnooze":0,"activity":-0.0034,"lastBolusTime":1703794854293,"time":"2023-12-28T23:43:10.321Z"}},{"iob":0.007,"basaliob":-0.023,"bolussnooze":0,"activity":4.0E-4,"lastBolusTime":1703794854293,"time":"2023-12-28T23:48:10.321Z","iobWithZeroTemp":{"iob":-0.33,"basaliob":-0.36,"bolussnooze":0,"activity":-0.0034,"lastBolusTime":1703794854293,"time":"2023-12-28T23:48:10.321Z"}},{"iob":0.006,"basaliob":-0.02,"bolussnooze":0,"activity":3.0E-4,"lastBolusTime":1703794854293,"time":"2023-12-28T23:53:10.321Z","iobWithZeroTemp":{"iob":-0.333,"basaliob":-0.359,"bolussnooze":0,"activity":-0.0036,"lastBolusTime":1703794854293,"time":"2023-12-28T23:53:10.321Z"}},{"iob":0.004,"basaliob":-0.018,"bolussnooze":0,"activity":3.0E-4,"lastBolusTime":1703794854293,"time":"2023-12-28T23:58:10.321Z","iobWithZeroTemp":{"iob":-0.336,"basaliob":-0.358,"bolussnooze":0,"activity":-0.0036,"lastBolusTime":1703794854293,"time":"2023-12-28T23:58:10.321Z"}},{"iob":0.003,"basaliob":-0.016,"bolussnooze":0,"activity":2.0E-4,"lastBolusTime":1703794854293,"time":"2023-12-29T00:03:10.321Z","iobWithZeroTemp":{"iob":-0.334,"basaliob":-0.353,"bolussnooze":0,"activity":-0.0037,"lastBolusTime":1703794854293,"time":"2023-12-29T00:03:10.321Z"}},{"iob":0.002,"basaliob":-0.014,"bolussnooze":0,"activity":1.0E-4,"lastBolusTime":1703794854293,"time":"2023-12-29T00:08:10.321Z","iobWithZeroTemp":{"iob":-0.333,"basaliob":-0.349,"bolussnooze":0,"activity":-0.0038,"lastBolusTime":1703794854293,"time":"2023-12-29T00:08:10.321Z"}},{"iob":0.001,"basaliob":-0.013,"bolussnooze":0,"activity":1.0E-4,"lastBolusTime":1703794854293,"time":"2023-12-29T00:13:10.321Z","iobWithZeroTemp":{"iob":-0.331,"basaliob":-0.345,"bolussnooze":0,"activity":-0.0038,"lastBolusTime":1703794854293,"time":"2023-12-29T00:13:10.321Z"}},{"iob":0.001,"basaliob":-0.011,"bolussnooze":0,"activity":1.0E-4,"lastBolusTime":1703794854293,"time":"2023-12-29T00:18:10.321Z","iobWithZeroTemp":{"iob":-0.328,"basaliob":-0.34,"bolussnooze":0,"activity":-0.0038,"lastBolusTime":1703794854293,"time":"2023-12-29T00:18:10.321Z"}},{"iob":0,"basaliob":-0.01,"bolussnooze":0,"activity":0,"lastBolusTime":1703794854293,"time":"2023-12-29T00:23:10.321Z","iobWithZeroTemp":{"iob":-0.326,"basaliob":-0.336,"bolussnooze":0,"activity":-0.0039,"lastBolusTime":1703794854293,"time":"2023-12-29T00:23:10.321Z"}},{"iob":0,"basaliob":-0.008,"bolussnooze":0,"activity":1.0E-4,"lastBolusTime":1703794854293,"time":"2023-12-29T00:28:10.321Z","iobWithZeroTemp":{"iob":-0.323,"basaliob":-0.331,"bolussnooze":0,"activity":-0.0038,"lastBolusTime":1703794854293,"time":"2023-12-29T00:28:10.321Z"}},{"iob":0,"basaliob":-0.007,"bolussnooze":0,"activity":0,"lastBolusTime":1703794854293,"time":"2023-12-29T00:33:10.321Z","iobWithZeroTemp":{"iob":-0.32,"basaliob":-0.327,"bolussnooze":0,"activity":-0.0039,"lastBolusTime":1703794854293,"time":"2023-12-29T00:33:10.321Z"}},{"iob":0,"basaliob":-0.006,"bolussnooze":0,"activity":0,"lastBolusTime":1703794854293,"time":"2023-12-29T00:38:10.321Z","iobWithZeroTemp":{"iob":-0.317,"basaliob":-0.323,"bolussnooze":0,"activity":-0.0039,"lastBolusTime":1703794854293,"time":"2023-12-29T00:38:10.321Z"}},{"iob":-0.001,"basaliob":-0.006,"bolussnooze":0,"activity":0,"lastBolusTime":1703794854293,"time":"2023-12-29T00:43:10.321Z","iobWithZeroTemp":{"iob":-0.316,"basaliob":-0.321,"bolussnooze":0,"activity":-0.0038,"lastBolusTime":1703794854293,"time":"2023-12-29T00:43:10.321Z"}},{"iob":-0.001,"basaliob":-0.005,"bolussnooze":0,"activity":0,"lastBolusTime":1703794854293,"time":"2023-12-29T00:48:10.321Z","iobWithZeroTemp":{"iob":-0.313,"basaliob":-0.317,"bolussnooze":0,"activity":-0.0038,"lastBolusTime":1703794854293,"time":"2023-12-29T00:48:10.321Z"}},{"iob":-0.001,"basaliob":-0.004,"bolussnooze":0,"activity":0,"lastBolusTime":1703794854293,"time":"2023-12-29T00:53:10.321Z","iobWithZeroTemp":{"iob":-0.311,"basaliob":-0.314,"bolussnooze":0,"activity":-0.0038,"lastBolusTime":1703794854293,"time":"2023-12-29T00:53:10.321Z"}},{"iob":-0.001,"basaliob":-0.004,"bolussnooze":0,"activity":0,"lastBolusTime":1703794854293,"time":"2023-12-29T00:58:10.321Z","iobWithZeroTemp":{"iob":-0.309,"basaliob":-0.312,"bolussnooze":0,"activity":-0.0038,"lastBolusTime":1703794854293,"time":"2023-12-29T00:58:10.321Z"}},{"iob":-0.001,"basaliob":-0.003,"bolussnooze":0,"activity":0,"lastBolusTime":1703794854293,"time":"2023-12-29T01:03:10.321Z","iobWithZeroTemp":{"iob":-0.302,"basaliob":-0.304,"bolussnooze":0,"activity":-0.0037,"lastBolusTime":1703794854293,"time":"2023-12-29T01:03:10.321Z"}},{"iob":-0.001,"basaliob":-0.003,"bolussnooze":0,"activity":0,"lastBolusTime":1703794854293,"time":"2023-12-29T01:08:10.321Z","iobWithZeroTemp":{"iob":-0.296,"basaliob":-0.298,"bolussnooze":0,"activity":-0.0037,"lastBolusTime":1703794854293,"time":"2023-12-29T01:08:10.321Z"}}],"profile":{"max_iob":10,"type":"current","max_daily_basal":0.35,"max_basal":1.05,"min_bg":90,"max_bg":90,"target_bg":90,"carb_ratio":8.5,"sens":110,"max_daily_safety_multiplier":3,"current_basal_safety_multiplier":4,"lgsThreshold":95,"high_temptarget_raises_sensitivity":true,"low_temptarget_lowers_sensitivity":true,"sensitivity_raises_target":true,"resistance_lowers_target":true,"adv_target_adjustments":false,"exercise_mode":false,"half_basal_exercise_target":160,"maxCOB":120,"skip_neutral_temps":false,"remainingCarbsCap":90,"enableUAM":true,"A52_risk_enable":false,"SMBInterval":3,"enableSMB_with_COB":true,"enableSMB_with_temptarget":true,"allowSMB_with_high_temptarget":false,"enableSMB_always":false,"enableSMB_after_carbs":true,"maxSMBBasalMinutes":45,"maxUAMSMBBasalMinutes":45,"bolus_increment":0.05,"carbsReqThreshold":2,"current_basal":0.3,"temptargetSet":false,"autosens_max":1.3,"autosens_min":0.7,"variable_sens":116,"insulinDivisor":75,"TDD":15.351475898809522},"autosens_data":{"ratio":0.8354108099506712},"meal_data":{"carbs":20,"mealCOB":0.32906818181818775,"slopeFromMaxDeviation":-0.4241999999999999,"slopeFromMinDeviation":0.1719999999999997,"lastBolusTime":1703794854293,"lastCarbTime":1703789723443},"microBolusAllowed":true,"currentTime":1703797991888,"flatBGsDetected":false,"tdd1D":17.627083333333335,"tdd7D":16.608595238095237,"tddLast24H":13.875000000000002,"tddLast4H":3.9541666666666666,"tddLast8to4H":1.8791666666666667},"output":{"temp":"absolute","bg":131,"tick":0,"eventualBG":104,"targetBG":96,"insulinReq":-0.02,"deliverAt":"2023-12-28T21:13:11.888Z","sensitivityRatio":0.8354108099506712,"variable_sens":116,"predBGs":{"IOB":[131,130,129,128,127,126,125,124,122,120,119,116,114,112,110,108,106,105,104,102,101,100,99,99,98,97,97,96,96,95,95,95,95,94],"ZT":[131,125,118,113,107,103,98,94,91,88,85,83,81,80,79,79,79,79,80,80,81,83,84,86,88,90,92,94,96],"COB":[131,126,121,115,110,106,102,98,95,92,89,86,84,82,80,79,77,76,75,74,73,72,71,71,70,70,69,69,68,68,68,68,67],"UAM":[131,130,129,129,128,127,127,126,125,124,123,122,121,119,117,116,114,113,111,110,109,108,107,107,106,105,105,104,104,104,103,103,103,103,102]},"reason":"COB: 0.3, Dev: 36, BGI: -6, ISF: 116, CR: 8.5, Target: 96, minPredBG 94, minGuardBG 101, IOBpredBG 94, COBpredBG 67, UAMpredBG 102; Eventual BG 104 >= 96,  insulinReq -0.02; setting 30m low temp of 0.22U\/h. ","COB":0.32906818181818775,"IOB":0.542,"rate":0.22,"duration":30,"timestamp":"2023-12-28T21:13:11.919Z"}}