{"algorithm":"OpenAPSSMBDynamicISFPlugin","input":{"glucoseStatus":{"glucose":154,"noise":0,"delta":-3.5,"short_avgdelta":-3.5,"long_avgdelta":-2.21,"date":1703773064000},"currenttemp":{"temp":"absolute","duration":95,"rate":0,"minutesrunning":25},"iob_data":[{"iob":1.15,"basaliob":-0.263,"bolussnooze":0.2595,"activity":0.0169,"lastBolusTime":1703770992245,"time":"2023-12-28T14:18:08.208Z","iobWithZeroTemp":{"iob":1.15,"basaliob":-0.263,"bolussnooze":0.2595,"activity":0.0169,"lastBolusTime":1703770992245,"time":"2023-12-28T14:18:08.208Z"}},{"iob":1.068,"basaliob":-0.246,"bolussnooze":0.2189,"activity":0.0162,"lastBolusTime":1703770992245,"time":"2023-12-28T14:23:08.208Z","iobWithZeroTemp":{"iob":1.061,"basaliob":-0.253,"bolussnooze":0.2189,"activity":0.0162,"lastBolusTime":1703770992245,"time":"2023-12-28T14:23:08.208Z"}},{"iob":0.989,"basaliob":-0.23,"bolussnooze":0.1835,"activity":0.0154,"lastBolusTime":1703770992245,"time":"2023-12-28T14:28:08.208Z","iobWithZeroTemp":{"iob":0.974,"basaliob":-0.245,"bolussnooze":0.1835,"activity":0.0154,"lastBolusTime":1703770992245,"time":"2023-12-28T14:28:08.208Z"}},{"iob":0.914,"basaliob":-0.214,"bolussnooze":0.1527,"activity":0.0146,"lastBolusTime":1703770992245,"time":"2023-12-28T14:33:08.208Z","iobWithZeroTemp":{"iob":0.891,"basaliob":-0.237,"bolussnooze":0.1527,"activity":0.0145,"lastBolusTime":1703770992245,"time":"2023-12-28T14:33:08.208Z"}},{"iob":0.842,"basaliob":-0.199,"bolussnooze":0.1263,"activity":0.0138,"lastBolusTime":1703770992245,"time":"2023-12-28T14:38:08.208Z","iobWithZeroTemp":{"iob":0.811,"basaliob":-0.23,"bolussnooze":0.1263,"activity":0.0137,"lastBolusTime":1703770992245,"time":"2023-12-28T14:38:08.208Z"}},{"iob":0.776,"basaliob":-0.184,"bolussnooze":0.1038,"activity":0.0131,"lastBolusTime":1703770992245,"time":"2023-12-28T14:43:08.208Z","iobWithZeroTemp":{"iob":0.738,"basaliob":-0.222,"bolussnooze":0.1038,"activity":0.0129,"lastBolusTime":1703770992245,"time":"2023-12-28T14:43:08.208Z"}},{"iob":0.713,"basaliob":-0.17,"bolussnooze":0.0848,"activity":0.0122,"lastBolusTime":1703770992245,"time":"2023-12-28T14:48:08.208Z","iobWithZeroTemp":{"iob":0.667,"basaliob":-0.216,"bolussnooze":0.0848,"activity":0.012,"lastBolusTime":1703770992245,"time":"2023-12-28T14:48:08.208Z"}},{"iob":0.653,"basaliob":-0.157,"bolussnooze":0.0689,"activity":0.0114,"lastBolusTime":1703770992245,"time":"2023-12-28T14:53:08.208Z","iobWithZeroTemp":{"iob":0.6,"basaliob":-0.21,"bolussnooze":0.0689,"activity":0.0111,"lastBolusTime":1703770992245,"time":"2023-12-28T14:53:08.208Z"}},{"iob":0.598,"basaliob":-0.145,"bolussnooze":0.0556,"activity":0.0107,"lastBolusTime":1703770992245,"time":"2023-12-28T14:58:08.208Z","iobWithZeroTemp":{"iob":0.539,"basaliob":-0.204,"bolussnooze":0.0556,"activity":0.0103,"lastBolusTime":1703770992245,"time":"2023-12-28T14:58:08.208Z"}},{"iob":0.546,"basaliob":-0.133,"bolussnooze":0.0445,"activity":0.0099,"lastBolusTime":1703770992245,"time":"2023-12-28T15:03:08.208Z","iobWithZeroTemp":{"iob":0.48,"basaliob":-0.199,"bolussnooze":0.0445,"activity":0.0095,"lastBolusTime":1703770992245,"time":"2023-12-28T15:03:08.208Z"}},{"iob":0.499,"basaliob":-0.122,"bolussnooze":0.0354,"activity":0.0093,"lastBolusTime":1703770992245,"time":"2023-12-28T15:08:08.208Z","iobWithZeroTemp":{"iob":0.427,"basaliob":-0.194,"bolussnooze":0.0354,"activity":0.0088,"lastBolusTime":1703770992245,"time":"2023-12-28T15:08:08.208Z"}},{"iob":0.454,"basaliob":-0.112,"bolussnooze":0.028,"activity":0.0085,"lastBolusTime":1703770992245,"time":"2023-12-28T15:13:08.208Z","iobWithZeroTemp":{"iob":0.377,"basaliob":-0.189,"bolussnooze":0.028,"activity":0.0079,"lastBolusTime":1703770992245,"time":"2023-12-28T15:13:08.208Z"}},{"iob":0.413,"basaliob":-0.102,"bolussnooze":0.022,"activity":0.008,"lastBolusTime":1703770992245,"time":"2023-12-28T15:18:08.208Z","iobWithZeroTemp":{"iob":0.331,"basaliob":-0.184,"bolussnooze":0.022,"activity":0.0073,"lastBolusTime":1703770992245,"time":"2023-12-28T15:18:08.208Z"}},{"iob":0.375,"basaliob":-0.093,"bolussnooze":0.0171,"activity":0.0073,"lastBolusTime":1703770992245,"time":"2023-12-28T15:23:08.208Z","iobWithZeroTemp":{"iob":0.288,"basaliob":-0.18,"bolussnooze":0.0171,"activity":0.0066,"lastBolusTime":1703770992245,"time":"2023-12-28T15:23:08.208Z"}},{"iob":0.34,"basaliob":-0.085,"bolussnooze":0.0131,"activity":0.0067,"lastBolusTime":1703770992245,"time":"2023-12-28T15:28:08.208Z","iobWithZeroTemp":{"iob":0.248,"basaliob":-0.177,"bolussnooze":0.0131,"activity":0.0059,"lastBolusTime":1703770992245,"time":"2023-12-28T15:28:08.208Z"}},{"iob":0.307,"basaliob":-0.078,"bolussnooze":0.01,"activity":0.0062,"lastBolusTime":1703770992245,"time":"2023-12-28T15:33:08.208Z","iobWithZeroTemp":{"iob":0.211,"basaliob":-0.174,"bolussnooze":0.01,"activity":0.0053,"lastBolusTime":1703770992245,"time":"2023-12-28T15:33:08.208Z"}},{"iob":0.278,"basaliob":-0.07,"bolussnooze":0.0075,"activity":0.0056,"lastBolusTime":1703770992245,"time":"2023-12-28T15:38:08.208Z","iobWithZeroTemp":{"iob":0.178,"basaliob":-0.17,"bolussnooze":0.0075,"activity":0.0047,"lastBolusTime":1703770992245,"time":"2023-12-28T15:38:08.208Z"}},{"iob":0.25,"basaliob":-0.064,"bolussnooze":0.0055,"activity":0.0052,"lastBolusTime":1703770992245,"time":"2023-12-28T15:43:08.208Z","iobWithZeroTemp":{"iob":0.146,"basaliob":-0.168,"bolussnooze":0.0055,"activity":0.0042,"lastBolusTime":1703770992245,"time":"2023-12-28T15:43:08.208Z"}},{"iob":0.225,"basaliob":-0.058,"bolussnooze":0.004,"activity":0.0047,"lastBolusTime":1703770992245,"time":"2023-12-28T15:48:08.208Z","iobWithZeroTemp":{"iob":0.118,"basaliob":-0.165,"bolussnooze":0.004,"activity":0.0037,"lastBolusTime":1703770992245,"time":"2023-12-28T15:48:08.208Z"}},{"iob":0.203,"basaliob":-0.052,"bolussnooze":0.0028,"activity":0.0043,"lastBolusTime":1703770992245,"time":"2023-12-28T15:53:08.208Z","iobWithZeroTemp":{"iob":0.093,"basaliob":-0.162,"bolussnooze":0.0028,"activity":0.0032,"lastBolusTime":1703770992245,"time":"2023-12-28T15:53:08.208Z"}},{"iob":0.182,"basaliob":-0.047,"bolussnooze":0.0019,"activity":0.0039,"lastBolusTime":1703770992245,"time":"2023-12-28T15:58:08.208Z","iobWithZeroTemp":{"iob":0.069,"basaliob":-0.16,"bolussnooze":0.0019,"activity":0.0028,"lastBolusTime":1703770992245,"time":"2023-12-28T15:58:08.208Z"}},{"iob":0.163,"basaliob":-0.043,"bolussnooze":0.0013,"activity":0.0036,"lastBolusTime":1703770992245,"time":"2023-12-28T16:03:08.208Z","iobWithZeroTemp":{"iob":0.047,"basaliob":-0.159,"bolussnooze":0.0013,"activity":0.0024,"lastBolusTime":1703770992245,"time":"2023-12-28T16:03:08.208Z"}},{"iob":0.146,"basaliob":-0.038,"bolussnooze":8.0E-4,"activity":0.0033,"lastBolusTime":1703770992245,"time":"2023-12-28T16:08:08.208Z","iobWithZeroTemp":{"iob":0.028,"basaliob":-0.156,"bolussnooze":8.0E-4,"activity":0.0021,"lastBolusTime":1703770992245,"time":"2023-12-28T16:08:08.208Z"}},{"iob":0.131,"basaliob":-0.034,"bolussnooze":5.0E-4,"activity":0.003,"lastBolusTime":1703770992245,"time":"2023-12-28T16:13:08.208Z","iobWithZeroTemp":{"iob":0.011,"basaliob":-0.154,"bolussnooze":5.0E-4,"activity":0.0018,"lastBolusTime":1703770992245,"time":"2023-12-28T16:13:08.208Z"}},{"iob":0.116,"basaliob":-0.031,"bolussnooze":2.0E-4,"activity":0.0027,"lastBolusTime":1703770992245,"time":"2023-12-28T16:18:08.208Z","iobWithZeroTemp":{"iob":-0.006,"basaliob":-0.153,"bolussnooze":2.0E-4,"activity":0.0014,"lastBolusTime":1703770992245,"time":"2023-12-28T16:18:08.208Z"}},{"iob":0.103,"basaliob":-0.028,"bolussnooze":1.0E-4,"activity":0.0024,"lastBolusTime":1703770992245,"time":"2023-12-28T16:23:08.208Z","iobWithZeroTemp":{"iob":-0.021,"basaliob":-0.152,"bolussnooze":1.0E-4,"activity":0.0011,"lastBolusTime":1703770992245,"time":"2023-12-28T16:23:08.208Z"}},{"iob":0.092,"basaliob":-0.025,"bolussnooze":0,"activity":0.0022,"lastBolusTime":1703770992245,"time":"2023-12-28T16:28:08.208Z","iobWithZeroTemp":{"iob":-0.034,"basaliob":-0.151,"bolussnooze":0,"activity":9.0E-4,"lastBolusTime":1703770992245,"time":"2023-12-28T16:28:08.208Z"}},{"iob":0.081,"basaliob":-0.022,"bolussnooze":0,"activity":0.002,"lastBolusTime":1703770992245,"time":"2023-12-28T16:33:08.208Z","iobWithZeroTemp":{"iob":-0.046,"basaliob":-0.149,"bolussnooze":0,"activity":6.0E-4,"lastBolusTime":1703770992245,"time":"2023-12-28T16:33:08.208Z"}},{"iob":0.072,"basaliob":-0.02,"bolussnooze":0,"activity":0.0017,"lastBolusTime":1703770992245,"time":"2023-12-28T16:38:08.208Z","iobWithZeroTemp":{"iob":-0.057,"basaliob":-0.149,"bolussnooze":0,"activity":3.0E-4,"lastBolusTime":1703770992245,"time":"2023-12-28T16:38:08.208Z"}},{"iob":0.064,"basaliob":-0.017,"bolussnooze":0,"activity":0.0016,"lastBolusTime":1703770992245,"time":"2023-12-28T16:43:08.208Z","iobWithZeroTemp":{"iob":-0.066,"basaliob":-0.147,"bolussnooze":0,"activity":2.0E-4,"lastBolusTime":1703770992245,"time":"2023-12-28T16:43:08.208Z"}},{"iob":0.057,"basaliob":-0.015,"bolussnooze":0,"activity":0.0014,"lastBolusTime":1703770992245,"time":"2023-12-28T16:48:08.208Z","iobWithZeroTemp":{"iob":-0.074,"basaliob":-0.146,"bolussnooze":0,"activity":-1.0E-4,"lastBolusTime":1703770992245,"time":"2023-12-28T16:48:08.208Z"}},{"iob":0.049,"basaliob":-0.014,"bolussnooze":0,"activity":0.0013,"lastBolusTime":1703770992245,"time":"2023-12-28T16:53:08.208Z","iobWithZeroTemp":{"iob":-0.083,"basaliob":-0.146,"bolussnooze":0,"activity":-2.0E-4,"lastBolusTime":1703770992245,"time":"2023-12-28T16:53:08.208Z"}},{"iob":0.043,"basaliob":-0.012,"bolussnooze":0,"activity":0.0011,"lastBolusTime":1703770992245,"time":"2023-12-28T16:58:08.208Z","iobWithZeroTemp":{"iob":-0.09,"basaliob":-0.145,"bolussnooze":0,"activity":-4.0E-4,"lastBolusTime":1703770992245,"time":"2023-12-28T16:58:08.208Z"}},{"iob":0.038,"basaliob":-0.011,"bolussnooze":0,"activity":0.001,"lastBolusTime":1703770992245,"time":"2023-12-28T17:03:08.208Z","iobWithZeroTemp":{"iob":-0.096,"basaliob":-0.145,"bolussnooze":0,"activity":-5.0E-4,"lastBolusTime":1703770992245,"time":"2023-12-28T17:03:08.208Z"}},{"iob":0.033,"basaliob":-0.009,"bolussnooze":0,"activity":9.0E-4,"lastBolusTime":1703770992245,"time":"2023-12-28T17:08:08.208Z","iobWithZeroTemp":{"iob":-0.102,"basaliob":-0.144,"bolussnooze":0,"activity":-6.0E-4,"lastBolusTime":1703770992245,"time":"2023-12-28T17:08:08.208Z"}},{"iob":0.029,"basaliob":-0.008,"bolussnooze":0,"activity":8.0E-4,"lastBolusTime":1703770992245,"time":"2023-12-28T17:13:08.208Z","iobWithZeroTemp":{"iob":-0.106,"basaliob":-0.143,"bolussnooze":0,"activity":-7.0E-4,"lastBolusTime":1703770992245,"time":"2023-12-28T17:13:08.208Z"}},{"iob":0.025,"basaliob":-0.007,"bolussnooze":0,"activity":7.0E-4,"lastBolusTime":1703770992245,"time":"2023-12-28T17:18:08.208Z","iobWithZeroTemp":{"iob":-0.111,"basaliob":-0.143,"bolussnooze":0,"activity":-9.0E-4,"lastBolusTime":1703770992245,"time":"2023-12-28T17:18:08.208Z"}},{"iob":0.022,"basaliob":-0.006,"bolussnooze":0,"activity":6.0E-4,"lastBolusTime":1703770992245,"time":"2023-12-28T17:23:08.208Z","iobWithZeroTemp":{"iob":-0.114,"basaliob":-0.142,"bolussnooze":0,"activity":-0.001,"lastBolusTime":1703770992245,"time":"2023-12-28T17:23:08.208Z"}},{"iob":0.019,"basaliob":-0.005,"bolussnooze":0,"activity":5.0E-4,"lastBolusTime":1703770992245,"time":"2023-12-28T17:28:08.208Z","iobWithZeroTemp":{"iob":-0.118,"basaliob":-0.142,"bolussnooze":0,"activity":-0.0011,"lastBolusTime":1703770992245,"time":"2023-12-28T17:28:08.208Z"}},{"iob":0.016,"basaliob":-0.005,"bolussnooze":0,"activity":5.0E-4,"lastBolusTime":1703770992245,"time":"2023-12-28T17:33:08.208Z","iobWithZeroTemp":{"iob":-0.121,"basaliob":-0.142,"bolussnooze":0,"activity":-0.0011,"lastBolusTime":1703770992245,"time":"2023-12-28T17:33:08.208Z"}},{"iob":0.014,"basaliob":-0.004,"bolussnooze":0,"activity":5.0E-4,"lastBolusTime":1703770992245,"time":"2023-12-28T17:38:08.208Z","iobWithZeroTemp":{"iob":-0.124,"basaliob":-0.142,"bolussnooze":0,"activity":-0.0011,"lastBolusTime":1703770992245,"time":"2023-12-28T17:38:08.208Z"}},{"iob":0.012,"basaliob":-0.003,"bolussnooze":0,"activity":4.0E-4,"lastBolusTime":1703770992245,"time":"2023-12-28T17:43:08.208Z","iobWithZeroTemp":{"iob":-0.126,"basaliob":-0.141,"bolussnooze":0,"activity":-0.0012,"lastBolusTime":1703770992245,"time":"2023-12-28T17:43:08.208Z"}},{"iob":0.01,"basaliob":-0.003,"bolussnooze":0,"activity":3.0E-4,"lastBolusTime":1703770992245,"time":"2023-12-28T17:48:08.208Z","iobWithZeroTemp":{"iob":-0.128,"basaliob":-0.141,"bolussnooze":0,"activity":-0.0013,"lastBolusTime":1703770992245,"time":"2023-12-28T17:48:08.208Z"}},{"iob":0.008,"basaliob":-0.003,"bolussnooze":0,"activity":3.0E-4,"lastBolusTime":1703770992245,"time":"2023-12-28T17:53:08.208Z","iobWithZeroTemp":{"iob":-0.131,"basaliob":-0.142,"bolussnooze":0,"activity":-0.0013,"lastBolusTime":1703770992245,"time":"2023-12-28T17:53:08.208Z"}},{"iob":0.007,"basaliob":-0.002,"bolussnooze":0,"activity":2.0E-4,"lastBolusTime":1703770992245,"time":"2023-12-28T17:58:08.208Z","iobWithZeroTemp":{"iob":-0.132,"basaliob":-0.141,"bolussnooze":0,"activity":-0.0014,"lastBolusTime":1703770992245,"time":"2023-12-28T17:58:08.208Z"}},{"iob":0.006,"basaliob":-0.002,"bolussnooze":0,"activity":2.0E-4,"lastBolusTime":1703770992245,"time":"2023-12-28T18:03:08.208Z","iobWithZeroTemp":{"iob":-0.133,"basaliob":-0.141,"bolussnooze":0,"activity":-0.0014,"lastBolusTime":1703770992245,"time":"2023-12-28T18:03:08.208Z"}},{"iob":0.005,"basaliob":-0.002,"bolussnooze":0,"activity":1.0E-4,"lastBolusTime":1703770992245,"time":"2023-12-28T18:08:08.208Z","iobWithZeroTemp":{"iob":-0.134,"basaliob":-0.141,"bolussnooze":0,"activity":-0.0015,"lastBolusTime":1703770992245,"time":"2023-12-28T18:08:08.208Z"}},{"iob":0.005,"basaliob":-0.001,"bolussnooze":0,"activity":2.0E-4,"lastBolusTime":1703770992245,"time":"2023-12-28T18:13:08.208Z","iobWithZeroTemp":{"iob":-0.134,"basaliob":-0.14,"bolussnooze":0,"activity":-0.0014,"lastBolusTime":1703770992245,"time":"2023-12-28T18:13:08.208Z"}}],"profile":{"max_iob":10,"type":"current","max_daily_basal":0.35,"max_basal":0.4,"min_bg":75,"max_bg":75,"target_bg":75,"carb_ratio":8.5,"sens":110,"max_daily_safety_multiplier":3,"current_basal_safety_multiplier":4,"lgsThreshold":95,"high_temptarget_raises_sensitivity":true,"low_temptarget_lowers_sensitivity":true,"sensitivity_raises_target":true,"resistance_lowers_target":true,"adv_target_adjustments":false,"exercise_mode":false,"half_basal_exercise_target":160,"maxCOB":120,"skip_neutral_temps":false,"remainingCarbsCap":90,"enableUAM":true,"A52_risk_enable":false,"SMBInterval":3,"enableSMB_with_COB":true,"enableSMB_with_temptarget":true,"allowSMB_with_high_temptarget":false,"enableSMB_always":false,"enableSMB_after_carbs":true,"maxSMBBasalMinutes":45,"maxUAMSMBBasalMinutes":45,"bolus_increment":0.05,"carbsReqThreshold":2,"current_basal":0.1,"temptargetSet":true,"autosens_max":1.3,"autosens_min":0.7,"variable_sens":94.5,"insulinDivisor":75,"TDD":17.063227148809524},"autosens_data":{"ratio":0.8286372087889088},"meal_data":{"carbs":25,"mealCOB":4.753463636363625,"slopeFromMaxDeviation":-0.924375,"slopeFromMinDeviation":0,"lastBolusTime":1703770992245,"lastCarbTime":1703765896469},"microBolusAllowed":true,"currentTime":1703773089689,"flatBGsDetected":false,"tdd1D":17.627083333333335,"tdd7D":16.608595238095237,"tddLast24H":13.7625,"tddLast4H":5.275,"tddLast8to4H":2.1875},"output":{"temp":"absolute","bg":154,"tick":-3,"eventualBG":93,"targetBG":75,"insulinReq":0,"deliverAt":"2023-12-28T14:18:09.689Z","sensitivityRatio":1.3,"variable_sens":94.5,"predBGs":{"IOB":[154,150,146,142,138,133,129,124,120,115,110,105,100,95,90,86,81,77,73,70,66,63,60,57,54,52,49,47,45,43,41,39],"ZT":[154,146,138,130,123,115,108,101,94,87,81,74,68,62,57,51,46,41,39,39,39,39,39,39,39,39,39,39,39,39,39,39,39,39,39,39,39,39,39,39,39,39,39,39,39,39,39,39],"COB":[154,150,147,143,140,137,134,132,129,127,125,123,121,119,118,116,115,113,112,111,109,108,106,105,104,102,101,100,99,98,98,97,96,96,95,95,95,94,94,94,93],"UAM":[154,150,144,139,132,125,118,111,104,98,92,86,80,74,68,63,57,52,47,42,39]},"reason":"COB: 4.8, Dev: 27, BGI: -8, ISF: 95, CR: 8.5, Target: 75, minPredBG 10, minGuardBG 9, IOBpredBG 39, COBpredBG 93, UAMpredBG 39; minGuardBG 9<95","COB":4.753463636363625,"IOB":1.15,"duration":120,"rate":0,"timestamp":"2023-12-28T14:18:09.719Z"}}