{"algorithm":"OpenAPSSMBDynamicISFPlugin","input":{"glucoseStatus":{"glucose":70,"noise":0,"delta":-6.39,"short_avgdelta":-6.39,"long_avgdelta":1.24,"date":1703754463000},"currenttemp":{"temp":"absolute","duration":75,"rate":0,"minutesrunning":45},"iob_data":[{"iob":0.197,"basaliob":-0.381,"bolussnooze":0.0564,"activity":0.0058,"lastBolusTime":1703747935735,"time":"2023-12-28T09:08:04.079Z","iobWithZeroTemp":{"iob":0.197,"basaliob":-0.381,"bolussnooze":0.0564,"activity":0.0058,"lastBolusTime":1703747935735,"time":"2023-12-28T09:08:04.079Z"}},{"iob":0.17,"basaliob":-0.359,"bolussnooze":0.0435,"activity":0.0051,"lastBolusTime":1703747935735,"time":"2023-12-28T09:13:04.079Z","iobWithZeroTemp":{"iob":0.153,"basaliob":-0.376,"bolussnooze":0.0435,"activity":0.0051,"lastBolusTime":1703747935735,"time":"2023-12-28T09:13:04.079Z"}},{"iob":0.146,"basaliob":-0.337,"bolussnooze":0.0331,"activity":0.0045,"lastBolusTime":1703747935735,"time":"2023-12-28T09:18:04.079Z","iobWithZeroTemp":{"iob":0.109,"basaliob":-0.374,"bolussnooze":0.0331,"activity":0.0044,"lastBolusTime":1703747935735,"time":"2023-12-28T09:18:04.079Z"}},{"iob":0.124,"basaliob":-0.316,"bolussnooze":0.0248,"activity":0.0039,"lastBolusTime":1703747935735,"time":"2023-12-28T09:23:04.079Z","iobWithZeroTemp":{"iob":0.066,"basaliob":-0.374,"bolussnooze":0.0248,"activity":0.0037,"lastBolusTime":1703747935735,"time":"2023-12-28T09:23:04.079Z"}},{"iob":0.106,"basaliob":-0.295,"bolussnooze":0.0184,"activity":0.0035,"lastBolusTime":1703747935735,"time":"2023-12-28T09:28:04.079Z","iobWithZeroTemp":{"iob":0.029,"basaliob":-0.372,"bolussnooze":0.0184,"activity":0.0032,"lastBolusTime":1703747935735,"time":"2023-12-28T09:28:04.079Z"}},{"iob":0.09,"basaliob":-0.274,"bolussnooze":0.0133,"activity":0.003,"lastBolusTime":1703747935735,"time":"2023-12-28T09:33:04.079Z","iobWithZeroTemp":{"iob":-0.006,"basaliob":-0.37,"bolussnooze":0.0133,"activity":0.0026,"lastBolusTime":1703747935735,"time":"2023-12-28T09:33:04.079Z"}},{"iob":0.075,"basaliob":-0.255,"bolussnooze":0.0094,"activity":0.0027,"lastBolusTime":1703747935735,"time":"2023-12-28T09:38:04.079Z","iobWithZeroTemp":{"iob":-0.039,"basaliob":-0.369,"bolussnooze":0.0094,"activity":0.0021,"lastBolusTime":1703747935735,"time":"2023-12-28T09:38:04.079Z"}},{"iob":0.063,"basaliob":-0.236,"bolussnooze":0.0065,"activity":0.0024,"lastBolusTime":1703747935735,"time":"2023-12-28T09:43:04.079Z","iobWithZeroTemp":{"iob":-0.069,"basaliob":-0.368,"bolussnooze":0.0065,"activity":0.0016,"lastBolusTime":1703747935735,"time":"2023-12-28T09:43:04.079Z"}},{"iob":0.053,"basaliob":-0.218,"bolussnooze":0.0043,"activity":0.002,"lastBolusTime":1703747935735,"time":"2023-12-28T09:48:04.079Z","iobWithZeroTemp":{"iob":-0.096,"basaliob":-0.367,"bolussnooze":0.0043,"activity":0.0011,"lastBolusTime":1703747935735,"time":"2023-12-28T09:48:04.079Z"}},{"iob":0.042,"basaliob":-0.202,"bolussnooze":0.0027,"activity":0.0017,"lastBolusTime":1703747935735,"time":"2023-12-28T09:53:04.079Z","iobWithZeroTemp":{"iob":-0.122,"basaliob":-0.366,"bolussnooze":0.0027,"activity":6.0E-4,"lastBolusTime":1703747935735,"time":"2023-12-28T09:53:04.079Z"}},{"iob":0.034,"basaliob":-0.186,"bolussnooze":0.0016,"activity":0.0015,"lastBolusTime":1703747935735,"time":"2023-12-28T09:58:04.079Z","iobWithZeroTemp":{"iob":-0.145,"basaliob":-0.365,"bolussnooze":0.0016,"activity":2.0E-4,"lastBolusTime":1703747935735,"time":"2023-12-28T09:58:04.079Z"}},{"iob":0.027,"basaliob":-0.171,"bolussnooze":8.0E-4,"activity":0.0013,"lastBolusTime":1703747935735,"time":"2023-12-28T10:03:04.079Z","iobWithZeroTemp":{"iob":-0.166,"basaliob":-0.364,"bolussnooze":8.0E-4,"activity":-2.0E-4,"lastBolusTime":1703747935735,"time":"2023-12-28T10:03:04.079Z"}},{"iob":0.021,"basaliob":-0.157,"bolussnooze":3.0E-4,"activity":0.0011,"lastBolusTime":1703747935735,"time":"2023-12-28T10:08:04.079Z","iobWithZeroTemp":{"iob":-0.185,"basaliob":-0.363,"bolussnooze":3.0E-4,"activity":-5.0E-4,"lastBolusTime":1703747935735,"time":"2023-12-28T10:08:04.079Z"}},{"iob":0.017,"basaliob":-0.143,"bolussnooze":1.0E-4,"activity":0.001,"lastBolusTime":1703747935735,"time":"2023-12-28T10:13:04.079Z","iobWithZeroTemp":{"iob":-0.201,"basaliob":-0.361,"bolussnooze":1.0E-4,"activity":-8.0E-4,"lastBolusTime":1703747935735,"time":"2023-12-28T10:13:04.079Z"}},{"iob":0.012,"basaliob":-0.131,"bolussnooze":0,"activity":8.0E-4,"lastBolusTime":1703747935735,"time":"2023-12-28T10:18:04.079Z","iobWithZeroTemp":{"iob":-0.218,"basaliob":-0.361,"bolussnooze":0,"activity":-0.0012,"lastBolusTime":1703747935735,"time":"2023-12-28T10:18:04.079Z"}},{"iob":0.008,"basaliob":-0.12,"bolussnooze":0,"activity":7.0E-4,"lastBolusTime":1703747935735,"time":"2023-12-28T10:23:04.079Z","iobWithZeroTemp":{"iob":-0.232,"basaliob":-0.36,"bolussnooze":0,"activity":-0.0014,"lastBolusTime":1703747935735,"time":"2023-12-28T10:23:04.079Z"}},{"iob":0.005,"basaliob":-0.109,"bolussnooze":0,"activity":6.0E-4,"lastBolusTime":1703747935735,"time":"2023-12-28T10:28:04.079Z","iobWithZeroTemp":{"iob":-0.245,"basaliob":-0.359,"bolussnooze":0,"activity":-0.0017,"lastBolusTime":1703747935735,"time":"2023-12-28T10:28:04.079Z"}},{"iob":0.003,"basaliob":-0.099,"bolussnooze":0,"activity":5.0E-4,"lastBolusTime":1703747935735,"time":"2023-12-28T10:33:04.079Z","iobWithZeroTemp":{"iob":-0.256,"basaliob":-0.358,"bolussnooze":0,"activity":-0.0019,"lastBolusTime":1703747935735,"time":"2023-12-28T10:33:04.079Z"}},{"iob":0,"basaliob":-0.09,"bolussnooze":0,"activity":5.0E-4,"lastBolusTime":1703747935735,"time":"2023-12-28T10:38:04.079Z","iobWithZeroTemp":{"iob":-0.268,"basaliob":-0.358,"bolussnooze":0,"activity":-0.0021,"lastBolusTime":1703747935735,"time":"2023-12-28T10:38:04.079Z"}},{"iob":-0.002,"basaliob":-0.082,"bolussnooze":0,"activity":3.0E-4,"lastBolusTime":1703747935735,"time":"2023-12-28T10:43:04.079Z","iobWithZeroTemp":{"iob":-0.277,"basaliob":-0.357,"bolussnooze":0,"activity":-0.0024,"lastBolusTime":1703747935735,"time":"2023-12-28T10:43:04.079Z"}},{"iob":-0.003,"basaliob":-0.074,"bolussnooze":0,"activity":3.0E-4,"lastBolusTime":1703747935735,"time":"2023-12-28T10:48:04.079Z","iobWithZeroTemp":{"iob":-0.285,"basaliob":-0.356,"bolussnooze":0,"activity":-0.0025,"lastBolusTime":1703747935735,"time":"2023-12-28T10:48:04.079Z"}},{"iob":-0.004,"basaliob":-0.067,"bolussnooze":0,"activity":2.0E-4,"lastBolusTime":1703747935735,"time":"2023-12-28T10:53:04.079Z","iobWithZeroTemp":{"iob":-0.293,"basaliob":-0.356,"bolussnooze":0,"activity":-0.0027,"lastBolusTime":1703747935735,"time":"2023-12-28T10:53:04.079Z"}},{"iob":-0.005,"basaliob":-0.06,"bolussnooze":0,"activity":1.0E-4,"lastBolusTime":1703747935735,"time":"2023-12-28T10:58:04.079Z","iobWithZeroTemp":{"iob":-0.3,"basaliob":-0.355,"bolussnooze":0,"activity":-0.0029,"lastBolusTime":1703747935735,"time":"2023-12-28T10:58:04.079Z"}},{"iob":-0.006,"basaliob":-0.054,"bolussnooze":0,"activity":2.0E-4,"lastBolusTime":1703747935735,"time":"2023-12-28T11:03:04.079Z","iobWithZeroTemp":{"iob":-0.311,"basaliob":-0.359,"bolussnooze":0,"activity":-0.0029,"lastBolusTime":1703747935735,"time":"2023-12-28T11:03:04.079Z"}},{"iob":-0.007,"basaliob":-0.049,"bolussnooze":0,"activity":1.0E-4,"lastBolusTime":1703747935735,"time":"2023-12-28T11:08:04.079Z","iobWithZeroTemp":{"iob":-0.321,"basaliob":-0.363,"bolussnooze":0,"activity":-0.0031,"lastBolusTime":1703747935735,"time":"2023-12-28T11:08:04.079Z"}},{"iob":-0.007,"basaliob":-0.044,"bolussnooze":0,"activity":0,"lastBolusTime":1703747935735,"time":"2023-12-28T11:13:04.079Z","iobWithZeroTemp":{"iob":-0.329,"basaliob":-0.366,"bolussnooze":0,"activity":-0.0033,"lastBolusTime":1703747935735,"time":"2023-12-28T11:13:04.079Z"}},{"iob":-0.007,"basaliob":-0.039,"bolussnooze":0,"activity":0,"lastBolusTime":1703747935735,"time":"2023-12-28T11:18:04.079Z","iobWithZeroTemp":{"iob":-0.337,"basaliob":-0.369,"bolussnooze":0,"activity":-0.0034,"lastBolusTime":1703747935735,"time":"2023-12-28T11:18:04.079Z"}},{"iob":-0.007,"basaliob":-0.035,"bolussnooze":0,"activity":0,"lastBolusTime":1703747935735,"time":"2023-12-28T11:23:04.079Z","iobWithZeroTemp":{"iob":-0.345,"basaliob":-0.373,"bolussnooze":0,"activity":-0.0035,"lastBolusTime":1703747935735,"time":"2023-12-28T11:23:04.079Z"}},{"iob":-0.008,"basaliob":-0.032,"bolussnooze":0,"activity":0,"lastBolusTime":1703747935735,"time":"2023-12-28T11:28:04.079Z","iobWithZeroTemp":{"iob":-0.353,"basaliob":-0.377,"bolussnooze":0,"activity":-0.0036,"lastBolusTime":1703747935735,"time":"2023-12-28T11:28:04.079Z"}},{"iob":-0.007,"basaliob":-0.028,"bolussnooze":0,"activity":0,"lastBolusTime":1703747935735,"time":"2023-12-28T11:33:04.079Z","iobWithZeroTemp":{"iob":-0.359,"basaliob":-0.38,"bolussnooze":0,"activity":-0.0037,"lastBolusTime":1703747935735,"time":"2023-12-28T11:33:04.079Z"}},{"iob":-0.007,"basaliob":-0.025,"bolussnooze":0,"activity":0,"lastBolusTime":1703747935735,"time":"2023-12-28T11:38:04.079Z","iobWithZeroTemp":{"iob":-0.365,"basaliob":-0.383,"bolussnooze":0,"activity":-0.0038,"lastBolusTime":1703747935735,"time":"2023-12-28T11:38:04.079Z"}},{"iob":-0.007,"basaliob":-0.022,"bolussnooze":0,"activity":0,"lastBolusTime":1703747935735,"time":"2023-12-28T11:43:04.079Z","iobWithZeroTemp":{"iob":-0.37,"basaliob":-0.385,"bolussnooze":0,"activity":-0.0039,"lastBolusTime":1703747935735,"time":"2023-12-28T11:43:04.079Z"}},{"iob":-0.007,"basaliob":-0.02,"bolussnooze":0,"activity":-1.0E-4,"lastBolusTime":1703747935735,"time":"2023-12-28T11:48:04.079Z","iobWithZeroTemp":{"iob":-0.376,"basaliob":-0.389,"bolussnooze":0,"activity":-0.0041,"lastBolusTime":1703747935735,"time":"2023-12-28T11:48:04.079Z"}},{"iob":-0.006,"basaliob":-0.017,"bolussnooze":0,"activity":0,"lastBolusTime":1703747935735,"time":"2023-12-28T11:53:04.079Z","iobWithZeroTemp":{"iob":-0.379,"basaliob":-0.39,"bolussnooze":0,"activity":-0.0041,"lastBolusTime":1703747935735,"time":"2023-12-28T11:53:04.079Z"}},{"iob":-0.006,"basaliob":-0.015,"bolussnooze":0,"activity":-1.0E-4,"lastBolusTime":1703747935735,"time":"2023-12-28T11:58:04.079Z","iobWithZeroTemp":{"iob":-0.384,"basaliob":-0.393,"bolussnooze":0,"activity":-0.0042,"lastBolusTime":1703747935735,"time":"2023-12-28T11:58:04.079Z"}},{"iob":-0.006,"basaliob":-0.014,"bolussnooze":0,"activity":0,"lastBolusTime":1703747935735,"time":"2023-12-28T12:03:04.079Z","iobWithZeroTemp":{"iob":-0.388,"basaliob":-0.396,"bolussnooze":0,"activity":-0.0042,"lastBolusTime":1703747935735,"time":"2023-12-28T12:03:04.079Z"}},{"iob":-0.006,"basaliob":-0.012,"bolussnooze":0,"activity":-1.0E-4,"lastBolusTime":1703747935735,"time":"2023-12-28T12:08:04.079Z","iobWithZeroTemp":{"iob":-0.392,"basaliob":-0.398,"bolussnooze":0,"activity":-0.0044,"lastBolusTime":1703747935735,"time":"2023-12-28T12:08:04.079Z"}},{"iob":-0.005,"basaliob":-0.01,"bolussnooze":0,"activity":-1.0E-4,"lastBolusTime":1703747935735,"time":"2023-12-28T12:13:04.079Z","iobWithZeroTemp":{"iob":-0.394,"basaliob":-0.399,"bolussnooze":0,"activity":-0.0044,"lastBolusTime":1703747935735,"time":"2023-12-28T12:13:04.079Z"}},{"iob":-0.005,"basaliob":-0.009,"bolussnooze":0,"activity":0,"lastBolusTime":1703747935735,"time":"2023-12-28T12:18:04.079Z","iobWithZeroTemp":{"iob":-0.397,"basaliob":-0.401,"bolussnooze":0,"activity":-0.0044,"lastBolusTime":1703747935735,"time":"2023-12-28T12:18:04.079Z"}},{"iob":-0.005,"basaliob":-0.008,"bolussnooze":0,"activity":0,"lastBolusTime":1703747935735,"time":"2023-12-28T12:23:04.079Z","iobWithZeroTemp":{"iob":-0.4,"basaliob":-0.403,"bolussnooze":0,"activity":-0.0045,"lastBolusTime":1703747935735,"time":"2023-12-28T12:23:04.079Z"}},{"iob":-0.004,"basaliob":-0.007,"bolussnooze":0,"activity":-1.0E-4,"lastBolusTime":1703747935735,"time":"2023-12-28T12:28:04.079Z","iobWithZeroTemp":{"iob":-0.402,"basaliob":-0.405,"bolussnooze":0,"activity":-0.0046,"lastBolusTime":1703747935735,"time":"2023-12-28T12:28:04.079Z"}},{"iob":-0.004,"basaliob":-0.006,"bolussnooze":0,"activity":-1.0E-4,"lastBolusTime":1703747935735,"time":"2023-12-28T12:33:04.079Z","iobWithZeroTemp":{"iob":-0.404,"basaliob":-0.406,"bolussnooze":0,"activity":-0.0046,"lastBolusTime":1703747935735,"time":"2023-12-28T12:33:04.079Z"}},{"iob":-0.004,"basaliob":-0.005,"bolussnooze":0,"activity":-1.0E-4,"lastBolusTime":1703747935735,"time":"2023-12-28T12:38:04.079Z","iobWithZeroTemp":{"iob":-0.406,"basaliob":-0.407,"bolussnooze":0,"activity":-0.0047,"lastBolusTime":1703747935735,"time":"2023-12-28T12:38:04.079Z"}},{"iob":-0.003,"basaliob":-0.004,"bolussnooze":0,"activity":0,"lastBolusTime":1703747935735,"time":"2023-12-28T12:43:04.079Z","iobWithZeroTemp":{"iob":-0.407,"basaliob":-0.408,"bolussnooze":0,"activity":-0.0046,"lastBolusTime":1703747935735,"time":"2023-12-28T12:43:04.079Z"}},{"iob":-0.003,"basaliob":-0.004,"bolussnooze":0,"activity":0,"lastBolusTime":1703747935735,"time":"2023-12-28T12:48:04.079Z","iobWithZeroTemp":{"iob":-0.409,"basaliob":-0.41,"bolussnooze":0,"activity":-0.0047,"lastBolusTime":1703747935735,"time":"2023-12-28T12:48:04.079Z"}},{"iob":-0.002,"basaliob":-0.003,"bolussnooze":0,"activity":-1.0E-4,"lastBolusTime":1703747935735,"time":"2023-12-28T12:53:04.079Z","iobWithZeroTemp":{"iob":-0.41,"basaliob":-0.411,"bolussnooze":0,"activity":-0.0048,"lastBolusTime":1703747935735,"time":"2023-12-28T12:53:04.079Z"}},{"iob":-0.003,"basaliob":-0.003,"bolussnooze":0,"activity":-1.0E-4,"lastBolusTime":1703747935735,"time":"2023-12-28T12:58:04.079Z","iobWithZeroTemp":{"iob":-0.412,"basaliob":-0.412,"bolussnooze":0,"activity":-0.0048,"lastBolusTime":1703747935735,"time":"2023-12-28T12:58:04.079Z"}},{"iob":-0.002,"basaliob":-0.002,"bolussnooze":0,"activity":-1.0E-4,"lastBolusTime":1703747935735,"time":"2023-12-28T13:03:04.079Z","iobWithZeroTemp":{"iob":-0.412,"basaliob":-0.412,"bolussnooze":0,"activity":-0.0049,"lastBolusTime":1703747935735,"time":"2023-12-28T13:03:04.079Z"}}],"profile":{"max_iob":10,"type":"current","max_daily_basal":0.35,"max_basal":1,"min_bg":130,"max_bg":130,"target_bg":130,"carb_ratio":8.5,"sens":110,"max_daily_safety_multiplier":3,"current_basal_safety_multiplier":4,"lgsThreshold":95,"high_temptarget_raises_sensitivity":true,"low_temptarget_lowers_sensitivity":true,"sensitivity_raises_target":true,"resistance_lowers_target":true,"adv_target_adjustments":false,"exercise_mode":false,"half_basal_exercise_target":160,"maxCOB":120,"skip_neutral_temps":false,"remainingCarbsCap":90,"enableUAM":true,"A52_risk_enable":false,"SMBInterval":3,"enableSMB_with_COB":true,"enableSMB_with_temptarget":true,"allowSMB_with_high_temptarget":false,"enableSMB_always":false,"enableSMB_after_carbs":true,"maxSMBBasalMinutes":30,"maxUAMSMBBasalMinutes":45,"bolus_increment":0.05,"carbsReqThreshold":2,"current_basal":0.25,"temptargetSet":true,"autosens_max":1.3,"autosens_min":0.7,"variable_sens":209.8,"insulinDivisor":75,"TDD":13.017014648809523},"autosens_data":{"ratio":0.9806669237529049},"meal_data":{"carbs":33,"mealCOB":20.609099999999994,"slopeFromMaxDeviation":-4.1899999999999995,"slopeFromMinDeviation":0.1807272727272727,"lastBolusTime":1703747935735,"lastCarbTime":1703753560000},"microBolusAllowed":true,"currentTime":1703754484483,"flatBGsDetected":false,"tdd1D":17.627083333333335,"tdd7D":16.608595238095237,"tddLast24H":16.2875,"tddLast4H":2.5958333333333337,"tddLast8to4H":0.42500000000000004},"output":{"temp":"absolute","bg":70,"tick":-6,"eventualBG":401,"targetBG":130,"insulinReq":0,"deliverAt":"2023-12-28T09:08:04.483Z","sensitivityRatio":0.67,"variable_sens":209.8,"predBGs":{"IOB":[70,64,58,52,47,41,39,39,39,39,39,39,39],"ZT":[70,64,58,53,48,44,40,39,39,39,39,39,39,39,39,39,39,40,43,46,50,53,57,60,64,67,71,74,78,81,85,88,92,95,99,102,106,109,112,116,119,122,126,129],"COB":[70,64,60,57,55,54,54,55,57,60,64,69,75,82,89,97,105,115,125,136,147,159,172,185,199,214,229,245,261,278,295,312,328,343,357,372,385,398,401],"UAM":[70,64,58,52,47,41,39,39,39,39,39,39,39]},"reason":"COB: 20.6, Dev: 44, BGI: -6, ISF: 210, CR: 8.5, Target: 130, minPredBG 125, minGuardBG 36, IOBpredBG 39, COBpredBG 401, UAMpredBG 39; minGuardBG 36<95","COB":20.609099999999994,"IOB":0.197,"duration":120,"rate":0,"timestamp":"2023-12-28T09:08:04.489Z"}}