{"algorithm":"OpenAPSSMBDynamicISFPlugin","input":{"glucoseStatus":{"glucose":114,"noise":0,"delta":-1.61,"short_avgdelta":-1.61,"long_avgdelta":-0.62,"date":1703814465000},"currenttemp":{"temp":"absolute","duration":0,"rate":0},"iob_data":[{"iob":0.099,"basaliob":0.065,"bolussnooze":0,"activity":0.0012,"lastBolusTime":1703807594487,"time":"2023-12-29T01:48:12.209Z","iobWithZeroTemp":{"iob":0.099,"basaliob":0.065,"bolussnooze":0,"activity":0.0012,"lastBolusTime":1703807594487,"time":"2023-12-29T01:48:12.209Z"}},{"iob":0.092,"basaliob":0.062,"bolussnooze":0,"activity":0.0012,"lastBolusTime":1703807594487,"time":"2023-12-29T01:53:12.209Z","iobWithZeroTemp":{"iob":0.082,"basaliob":0.052,"bolussnooze":0,"activity":0.0012,"lastBolusTime":1703807594487,"time":"2023-12-29T01:53:12.209Z"}},{"iob":0.086,"basaliob":0.059,"bolussnooze":0,"activity":0.0012,"lastBolusTime":1703807594487,"time":"2023-12-29T01:58:12.209Z","iobWithZeroTemp":{"iob":0.064,"basaliob":0.037,"bolussnooze":0,"activity":0.0012,"lastBolusTime":1703807594487,"time":"2023-12-29T01:58:12.209Z"}},{"iob":0.08,"basaliob":0.056,"bolussnooze":0,"activity":0.0011,"lastBolusTime":1703807594487,"time":"2023-12-29T02:03:12.209Z","iobWithZeroTemp":{"iob":0.042,"basaliob":0.018,"bolussnooze":0,"activity":0.001,"lastBolusTime":1703807594487,"time":"2023-12-29T02:03:12.209Z"}},{"iob":0.075,"basaliob":0.053,"bolussnooze":0,"activity":0.0011,"lastBolusTime":1703807594487,"time":"2023-12-29T02:08:12.209Z","iobWithZeroTemp":{"iob":0.021,"basaliob":-0.001,"bolussnooze":0,"activity":9.0E-4,"lastBolusTime":1703807594487,"time":"2023-12-29T02:08:12.209Z"}},{"iob":0.069,"basaliob":0.05,"bolussnooze":0,"activity":0.001,"lastBolusTime":1703807594487,"time":"2023-12-29T02:13:12.209Z","iobWithZeroTemp":{"iob":-0.001,"basaliob":-0.02,"bolussnooze":0,"activity":7.0E-4,"lastBolusTime":1703807594487,"time":"2023-12-29T02:13:12.209Z"}},{"iob":0.064,"basaliob":0.047,"bolussnooze":0,"activity":0.001,"lastBolusTime":1703807594487,"time":"2023-12-29T02:18:12.209Z","iobWithZeroTemp":{"iob":-0.02,"basaliob":-0.037,"bolussnooze":0,"activity":6.0E-4,"lastBolusTime":1703807594487,"time":"2023-12-29T02:18:12.209Z"}},{"iob":0.06,"basaliob":0.044,"bolussnooze":0,"activity":0.001,"lastBolusTime":1703807594487,"time":"2023-12-29T02:23:12.209Z","iobWithZeroTemp":{"iob":-0.039,"basaliob":-0.055,"bolussnooze":0,"activity":5.0E-4,"lastBolusTime":1703807594487,"time":"2023-12-29T02:23:12.209Z"}},{"iob":0.055,"basaliob":0.041,"bolussnooze":0,"activity":9.0E-4,"lastBolusTime":1703807594487,"time":"2023-12-29T02:28:12.209Z","iobWithZeroTemp":{"iob":-0.057,"basaliob":-0.071,"bolussnooze":0,"activity":2.0E-4,"lastBolusTime":1703807594487,"time":"2023-12-29T02:28:12.209Z"}},{"iob":0.05,"basaliob":0.038,"bolussnooze":0,"activity":9.0E-4,"lastBolusTime":1703807594487,"time":"2023-12-29T02:33:12.209Z","iobWithZeroTemp":{"iob":-0.075,"basaliob":-0.087,"bolussnooze":0,"activity":1.0E-4,"lastBolusTime":1703807594487,"time":"2023-12-29T02:33:12.209Z"}},{"iob":0.047,"basaliob":0.036,"bolussnooze":0,"activity":8.0E-4,"lastBolusTime":1703807594487,"time":"2023-12-29T02:38:12.209Z","iobWithZeroTemp":{"iob":-0.09,"basaliob":-0.101,"bolussnooze":0,"activity":-2.0E-4,"lastBolusTime":1703807594487,"time":"2023-12-29T02:38:12.209Z"}},{"iob":0.043,"basaliob":0.033,"bolussnooze":0,"activity":7.0E-4,"lastBolusTime":1703807594487,"time":"2023-12-29T02:43:12.209Z","iobWithZeroTemp":{"iob":-0.106,"basaliob":-0.116,"bolussnooze":0,"activity":-4.0E-4,"lastBolusTime":1703807594487,"time":"2023-12-29T02:43:12.209Z"}},{"iob":0.039,"basaliob":0.031,"bolussnooze":0,"activity":7.0E-4,"lastBolusTime":1703807594487,"time":"2023-12-29T02:48:12.209Z","iobWithZeroTemp":{"iob":-0.121,"basaliob":-0.129,"bolussnooze":0,"activity":-5.0E-4,"lastBolusTime":1703807594487,"time":"2023-12-29T02:48:12.209Z"}},{"iob":0.035,"basaliob":0.028,"bolussnooze":0,"activity":7.0E-4,"lastBolusTime":1703807594487,"time":"2023-12-29T02:53:12.209Z","iobWithZeroTemp":{"iob":-0.135,"basaliob":-0.142,"bolussnooze":0,"activity":-7.0E-4,"lastBolusTime":1703807594487,"time":"2023-12-29T02:53:12.209Z"}},{"iob":0.033,"basaliob":0.026,"bolussnooze":0,"activity":6.0E-4,"lastBolusTime":1703807594487,"time":"2023-12-29T02:58:12.209Z","iobWithZeroTemp":{"iob":-0.146,"basaliob":-0.153,"bolussnooze":0,"activity":-9.0E-4,"lastBolusTime":1703807594487,"time":"2023-12-29T02:58:12.209Z"}},{"iob":0.03,"basaliob":0.024,"bolussnooze":0,"activity":6.0E-4,"lastBolusTime":1703807594487,"time":"2023-12-29T03:03:12.209Z","iobWithZeroTemp":{"iob":-0.166,"basaliob":-0.172,"bolussnooze":0,"activity":-0.0011,"lastBolusTime":1703807594487,"time":"2023-12-29T03:03:12.209Z"}},{"iob":0.027,"basaliob":0.022,"bolussnooze":0,"activity":5.0E-4,"lastBolusTime":1703807594487,"time":"2023-12-29T03:08:12.209Z","iobWithZeroTemp":{"iob":-0.185,"basaliob":-0.19,"bolussnooze":0,"activity":-0.0013,"lastBolusTime":1703807594487,"time":"2023-12-29T03:08:12.209Z"}},{"iob":0.024,"basaliob":0.02,"bolussnooze":0,"activity":5.0E-4,"lastBolusTime":1703807594487,"time":"2023-12-29T03:13:12.209Z","iobWithZeroTemp":{"iob":-0.204,"basaliob":-0.208,"bolussnooze":0,"activity":-0.0015,"lastBolusTime":1703807594487,"time":"2023-12-29T03:13:12.209Z"}},{"iob":0.022,"basaliob":0.018,"bolussnooze":0,"activity":4.0E-4,"lastBolusTime":1703807594487,"time":"2023-12-29T03:18:12.209Z","iobWithZeroTemp":{"iob":-0.221,"basaliob":-0.225,"bolussnooze":0,"activity":-0.0017,"lastBolusTime":1703807594487,"time":"2023-12-29T03:18:12.209Z"}},{"iob":0.02,"basaliob":0.017,"bolussnooze":0,"activity":4.0E-4,"lastBolusTime":1703807594487,"time":"2023-12-29T03:23:12.209Z","iobWithZeroTemp":{"iob":-0.237,"basaliob":-0.24,"bolussnooze":0,"activity":-0.0019,"lastBolusTime":1703807594487,"time":"2023-12-29T03:23:12.209Z"}},{"iob":0.018,"basaliob":0.015,"bolussnooze":0,"activity":4.0E-4,"lastBolusTime":1703807594487,"time":"2023-12-29T03:28:12.209Z","iobWithZeroTemp":{"iob":-0.252,"basaliob":-0.255,"bolussnooze":0,"activity":-0.002,"lastBolusTime":1703807594487,"time":"2023-12-29T03:28:12.209Z"}},{"iob":0.017,"basaliob":0.014,"bolussnooze":0,"activity":4.0E-4,"lastBolusTime":1703807594487,"time":"2023-12-29T03:33:12.209Z","iobWithZeroTemp":{"iob":-0.265,"basaliob":-0.268,"bolussnooze":0,"activity":-0.0022,"lastBolusTime":1703807594487,"time":"2023-12-29T03:33:12.209Z"}},{"iob":0.015,"basaliob":0.013,"bolussnooze":0,"activity":3.0E-4,"lastBolusTime":1703807594487,"time":"2023-12-29T03:38:12.209Z","iobWithZeroTemp":{"iob":-0.279,"basaliob":-0.281,"bolussnooze":0,"activity":-0.0025,"lastBolusTime":1703807594487,"time":"2023-12-29T03:38:12.209Z"}},{"iob":0.014,"basaliob":0.012,"bolussnooze":0,"activity":3.0E-4,"lastBolusTime":1703807594487,"time":"2023-12-29T03:43:12.209Z","iobWithZeroTemp":{"iob":-0.291,"basaliob":-0.293,"bolussnooze":0,"activity":-0.0026,"lastBolusTime":1703807594487,"time":"2023-12-29T03:43:12.209Z"}},{"iob":0.012,"basaliob":0.01,"bolussnooze":0,"activity":2.0E-4,"lastBolusTime":1703807594487,"time":"2023-12-29T03:48:12.209Z","iobWithZeroTemp":{"iob":-0.303,"basaliob":-0.305,"bolussnooze":0,"activity":-0.0029,"lastBolusTime":1703807594487,"time":"2023-12-29T03:48:12.209Z"}},{"iob":0.01,"basaliob":0.009,"bolussnooze":0,"activity":2.0E-4,"lastBolusTime":1703807594487,"time":"2023-12-29T03:53:12.209Z","iobWithZeroTemp":{"iob":-0.314,"basaliob":-0.315,"bolussnooze":0,"activity":-0.003,"lastBolusTime":1703807594487,"time":"2023-12-29T03:53:12.209Z"}},{"iob":0.01,"basaliob":0.009,"bolussnooze":0,"activity":2.0E-4,"lastBolusTime":1703807594487,"time":"2023-12-29T03:58:12.209Z","iobWithZeroTemp":{"iob":-0.323,"basaliob":-0.324,"bolussnooze":0,"activity":-0.0031,"lastBolusTime":1703807594487,"time":"2023-12-29T03:58:12.209Z"}},{"iob":0.009,"basaliob":0.008,"bolussnooze":0,"activity":2.0E-4,"lastBolusTime":1703807594487,"time":"2023-12-29T04:03:12.209Z","iobWithZeroTemp":{"iob":-0.332,"basaliob":-0.333,"bolussnooze":0,"activity":-0.0033,"lastBolusTime":1703807594487,"time":"2023-12-29T04:03:12.209Z"}},{"iob":0.008,"basaliob":0.007,"bolussnooze":0,"activity":1.0E-4,"lastBolusTime":1703807594487,"time":"2023-12-29T04:08:12.209Z","iobWithZeroTemp":{"iob":-0.34,"basaliob":-0.341,"bolussnooze":0,"activity":-0.0035,"lastBolusTime":1703807594487,"time":"2023-12-29T04:08:12.209Z"}},{"iob":0.007,"basaliob":0.006,"bolussnooze":0,"activity":1.0E-4,"lastBolusTime":1703807594487,"time":"2023-12-29T04:13:12.209Z","iobWithZeroTemp":{"iob":-0.348,"basaliob":-0.349,"bolussnooze":0,"activity":-0.0036,"lastBolusTime":1703807594487,"time":"2023-12-29T04:13:12.209Z"}},{"iob":0.007,"basaliob":0.006,"bolussnooze":0,"activity":1.0E-4,"lastBolusTime":1703807594487,"time":"2023-12-29T04:18:12.209Z","iobWithZeroTemp":{"iob":-0.354,"basaliob":-0.355,"bolussnooze":0,"activity":-0.0037,"lastBolusTime":1703807594487,"time":"2023-12-29T04:18:12.209Z"}},{"iob":0.006,"basaliob":0.005,"bolussnooze":0,"activity":1.0E-4,"lastBolusTime":1703807594487,"time":"2023-12-29T04:23:12.209Z","iobWithZeroTemp":{"iob":-0.361,"basaliob":-0.362,"bolussnooze":0,"activity":-0.0038,"lastBolusTime":1703807594487,"time":"2023-12-29T04:23:12.209Z"}},{"iob":0.004,"basaliob":0.004,"bolussnooze":0,"activity":1.0E-4,"lastBolusTime":1703807594487,"time":"2023-12-29T04:28:12.209Z","iobWithZeroTemp":{"iob":-0.368,"basaliob":-0.368,"bolussnooze":0,"activity":-0.0039,"lastBolusTime":1703807594487,"time":"2023-12-29T04:28:12.209Z"}},{"iob":0.004,"basaliob":0.004,"bolussnooze":0,"activity":1.0E-4,"lastBolusTime":1703807594487,"time":"2023-12-29T04:33:12.209Z","iobWithZeroTemp":{"iob":-0.373,"basaliob":-0.373,"bolussnooze":0,"activity":-0.004,"lastBolusTime":1703807594487,"time":"2023-12-29T04:33:12.209Z"}},{"iob":0.003,"basaliob":0.003,"bolussnooze":0,"activity":1.0E-4,"lastBolusTime":1703807594487,"time":"2023-12-29T04:38:12.209Z","iobWithZeroTemp":{"iob":-0.379,"basaliob":-0.379,"bolussnooze":0,"activity":-0.0041,"lastBolusTime":1703807594487,"time":"2023-12-29T04:38:12.209Z"}},{"iob":0.003,"basaliob":0.003,"bolussnooze":0,"activity":1.0E-4,"lastBolusTime":1703807594487,"time":"2023-12-29T04:43:12.209Z","iobWithZeroTemp":{"iob":-0.383,"basaliob":-0.383,"bolussnooze":0,"activity":-0.0041,"lastBolusTime":1703807594487,"time":"2023-12-29T04:43:12.209Z"}},{"iob":0.003,"basaliob":0.003,"bolussnooze":0,"activity":1.0E-4,"lastBolusTime":1703807594487,"time":"2023-12-29T04:48:12.209Z","iobWithZeroTemp":{"iob":-0.386,"basaliob":-0.386,"bolussnooze":0,"activity":-0.0042,"lastBolusTime":1703807594487,"time":"2023-12-29T04:48:12.209Z"}},{"iob":0.002,"basaliob":0.002,"bolussnooze":0,"activity":1.0E-4,"lastBolusTime":1703807594487,"time":"2023-12-29T04:53:12.209Z","iobWithZeroTemp":{"iob":-0.391,"basaliob":-0.391,"bolussnooze":0,"activity":-0.0043,"lastBolusTime":1703807594487,"time":"2023-12-29T04:53:12.209Z"}},{"iob":0.002,"basaliob":0.002,"bolussnooze":0,"activity":1.0E-4,"lastBolusTime":1703807594487,"time":"2023-12-29T04:58:12.209Z","iobWithZeroTemp":{"iob":-0.394,"basaliob":-0.394,"bolussnooze":0,"activity":-0.0043,"lastBolusTime":1703807594487,"time":"2023-12-29T04:58:12.209Z"}},{"iob":0.002,"basaliob":0.002,"bolussnooze":0,"activity":1.0E-4,"lastBolusTime":1703807594487,"time":"2023-12-29T05:03:12.209Z","iobWithZeroTemp":{"iob":-0.396,"basaliob":-0.396,"bolussnooze":0,"activity":-0.0044,"lastBolusTime":1703807594487,"time":"2023-12-29T05:03:12.209Z"}},{"iob":0.002,"basaliob":0.002,"bolussnooze":0,"activity":0,"lastBolusTime":1703807594487,"time":"2023-12-29T05:08:12.209Z","iobWithZeroTemp":{"iob":-0.399,"basaliob":-0.399,"bolussnooze":0,"activity":-0.0045,"lastBolusTime":1703807594487,"time":"2023-12-29T05:08:12.209Z"}},{"iob":0.001,"basaliob":0.001,"bolussnooze":0,"activity":0,"lastBolusTime":1703807594487,"time":"2023-12-29T05:13:12.209Z","iobWithZeroTemp":{"iob":-0.402,"basaliob":-0.402,"bolussnooze":0,"activity":-0.0046,"lastBolusTime":1703807594487,"time":"2023-12-29T05:13:12.209Z"}},{"iob":0.001,"basaliob":0.001,"bolussnooze":0,"activity":0,"lastBolusTime":1703807594487,"time":"2023-12-29T05:18:12.209Z","iobWithZeroTemp":{"iob":-0.404,"basaliob":-0.404,"bolussnooze":0,"activity":-0.0046,"lastBolusTime":1703807594487,"time":"2023-12-29T05:18:12.209Z"}},{"iob":0.001,"basaliob":0.001,"bolussnooze":0,"activity":0,"lastBolusTime":1703807594487,"time":"2023-12-29T05:23:12.209Z","iobWithZeroTemp":{"iob":-0.406,"basaliob":-0.406,"bolussnooze":0,"activity":-0.0047,"lastBolusTime":1703807594487,"time":"2023-12-29T05:23:12.209Z"}},{"iob":0.001,"basaliob":0.001,"bolussnooze":0,"activity":0,"lastBolusTime":1703807594487,"time":"2023-12-29T05:28:12.209Z","iobWithZeroTemp":{"iob":-0.407,"basaliob":-0.407,"bolussnooze":0,"activity":-0.0047,"lastBolusTime":1703807594487,"time":"2023-12-29T05:28:12.209Z"}},{"iob":0.001,"basaliob":0.001,"bolussnooze":0,"activity":0,"lastBolusTime":1703807594487,"time":"2023-12-29T05:33:12.209Z","iobWithZeroTemp":{"iob":-0.409,"basaliob":-0.409,"bolussnooze":0,"activity":-0.0047,"lastBolusTime":1703807594487,"time":"2023-12-29T05:33:12.209Z"}},{"iob":0.001,"basaliob":0.001,"bolussnooze":0,"activity":0,"lastBolusTime":1703807594487,"time":"2023-12-29T05:38:12.209Z","iobWithZeroTemp":{"iob":-0.41,"basaliob":-0.41,"bolussnooze":0,"activity":-0.0048,"lastBolusTime":1703807594487,"time":"2023-12-29T05:38:12.209Z"}},{"iob":0.001,"basaliob":0.001,"bolussnooze":0,"activity":0,"lastBolusTime":1703807594487,"time":"2023-12-29T05:43:12.209Z","iobWithZeroTemp":{"iob":-0.411,"basaliob":-0.411,"bolussnooze":0,"activity":-0.0048,"lastBolusTime":1703807594487,"time":"2023-12-29T05:43:12.209Z"}}],"profile":{"max_iob":10,"type":"current","max_daily_basal":0.35,"max_basal":0.6,"min_bg":95,"max_bg":95,"target_bg":95,"carb_ratio":8.5,"sens":120,"max_daily_safety_multiplier":3,"current_basal_safety_multiplier":4,"lgsThreshold":95,"high_temptarget_raises_sensitivity":true,"low_temptarget_lowers_sensitivity":true,"sensitivity_raises_target":true,"resistance_lowers_target":true,"adv_target_adjustments":false,"exercise_mode":false,"half_basal_exercise_target":160,"maxCOB":120,"skip_neutral_temps":false,"remainingCarbsCap":90,"enableUAM":true,"A52_risk_enable":false,"SMBInterval":3,"enableSMB_with_COB":true,"enableSMB_with_temptarget":true,"allowSMB_with_high_temptarget":false,"enableSMB_always":false,"enableSMB_after_carbs":true,"maxSMBBasalMinutes":45,"maxUAMSMBBasalMinutes":45,"bolus_increment":0.05,"carbsReqThreshold":2,"current_basal":0.15,"temptargetSet":false,"autosens_max":1.3,"autosens_min":0.7,"variable_sens":157.2,"insulinDivisor":75,"TDD":12.39052063095238},"autosens_data":{"ratio":0.873462107281306},"meal_data":{"carbs":0,"mealCOB":0,"slopeFromMaxDeviation":-0.33320000000000005,"slopeFromMinDeviation":0,"lastBolusTime":1703807594487,"lastCarbTime":0},"microBolusAllowed":true,"currentTime":1703814493618,"flatBGsDetected":false,"tdd1D":13.99583333333333,"tdd7D":16.405023809523808,"tddLast24H":14.329166666666664,"tddLast4H":1.5125000000000002,"tddLast8to4H":3.845833333333333},"output":{"temp":"absolute","bg":114,"tick":-2,"eventualBG":100,"targetBG":100,"insulinReq":0,"deliverAt":"2023-12-29T01:48:13.618Z","sensitivityRatio":0.873462107281306,"variable_sens":157.2,"predBGs":{"IOB":[114,112,111,109,108,107,106,104,103,102,102,101,100,100,99,99,98,98,97,97,96,96,96,95,95,95,95,95,94,94,94,94,94,94,94,94,94,94,94,93],"ZT":[114,113,112,111,110,110,109,109,108,108,108,108,108,109,109]},"reason":"COB: 0, Dev: 2, BGI: -1, ISF: 157, CR: 8.5, Target: 100, minPredBG 101, minGuardBG 93, IOBpredBG 93; minGuardBG 93<95","COB":0,"IOB":0.099,"duration":30,"rate":0,"timestamp":"2023-12-29T01:48:13.699Z"}}