{"algorithm":"OpenAPSSMBDynamicISFPlugin","input":{"glucoseStatus":{"glucose":102,"noise":0,"delta":-1.39,"short_avgdelta":-1.39,"long_avgdelta":-2.04,"date":1703806665000},"currenttemp":{"temp":"absolute","duration":25,"rate":0.15,"minutesrunning":5},"iob_data":[{"iob":-0.029,"basaliob":-0.227,"bolussnooze":0,"activity":0.0014,"lastBolusTime":1703800997128,"time":"2023-12-28T23:38:11.013Z","iobWithZeroTemp":{"iob":-0.029,"basaliob":-0.227,"bolussnooze":0,"activity":0.0014,"lastBolusTime":1703800997128,"time":"2023-12-28T23:38:11.013Z"}},{"iob":-0.035,"basaliob":-0.215,"bolussnooze":0,"activity":0.0011,"lastBolusTime":1703800997128,"time":"2023-12-28T23:43:11.013Z","iobWithZeroTemp":{"iob":-0.052,"basaliob":-0.232,"bolussnooze":0,"activity":0.0011,"lastBolusTime":1703800997128,"time":"2023-12-28T23:43:11.013Z"}},{"iob":-0.04,"basaliob":-0.203,"bolussnooze":0,"activity":8.0E-4,"lastBolusTime":1703800997128,"time":"2023-12-28T23:48:11.013Z","iobWithZeroTemp":{"iob":-0.077,"basaliob":-0.24,"bolussnooze":0,"activity":7.0E-4,"lastBolusTime":1703800997128,"time":"2023-12-28T23:48:11.013Z"}},{"iob":-0.043,"basaliob":-0.191,"bolussnooze":0,"activity":6.0E-4,"lastBolusTime":1703800997128,"time":"2023-12-28T23:53:11.013Z","iobWithZeroTemp":{"iob":-0.101,"basaliob":-0.249,"bolussnooze":0,"activity":4.0E-4,"lastBolusTime":1703800997128,"time":"2023-12-28T23:53:11.013Z"}},{"iob":-0.046,"basaliob":-0.179,"bolussnooze":0,"activity":3.0E-4,"lastBolusTime":1703800997128,"time":"2023-12-28T23:58:11.013Z","iobWithZeroTemp":{"iob":-0.123,"basaliob":-0.256,"bolussnooze":0,"activity":0,"lastBolusTime":1703800997128,"time":"2023-12-28T23:58:11.013Z"}},{"iob":-0.047,"basaliob":-0.167,"bolussnooze":0,"activity":2.0E-4,"lastBolusTime":1703800997128,"time":"2023-12-29T00:03:11.013Z","iobWithZeroTemp":{"iob":-0.139,"basaliob":-0.259,"bolussnooze":0,"activity":-2.0E-4,"lastBolusTime":1703800997128,"time":"2023-12-29T00:03:11.013Z"}},{"iob":-0.047,"basaliob":-0.156,"bolussnooze":0,"activity":1.0E-4,"lastBolusTime":1703800997128,"time":"2023-12-29T00:08:11.013Z","iobWithZeroTemp":{"iob":-0.153,"basaliob":-0.262,"bolussnooze":0,"activity":-5.0E-4,"lastBolusTime":1703800997128,"time":"2023-12-29T00:08:11.013Z"}},{"iob":-0.047,"basaliob":-0.145,"bolussnooze":0,"activity":0,"lastBolusTime":1703800997128,"time":"2023-12-29T00:13:11.013Z","iobWithZeroTemp":{"iob":-0.167,"basaliob":-0.265,"bolussnooze":0,"activity":-7.0E-4,"lastBolusTime":1703800997128,"time":"2023-12-29T00:13:11.013Z"}},{"iob":-0.046,"basaliob":-0.134,"bolussnooze":0,"activity":-2.0E-4,"lastBolusTime":1703800997128,"time":"2023-12-29T00:18:11.013Z","iobWithZeroTemp":{"iob":-0.179,"basaliob":-0.267,"bolussnooze":0,"activity":-0.0011,"lastBolusTime":1703800997128,"time":"2023-12-29T00:18:11.013Z"}},{"iob":-0.045,"basaliob":-0.124,"bolussnooze":0,"activity":-3.0E-4,"lastBolusTime":1703800997128,"time":"2023-12-29T00:23:11.013Z","iobWithZeroTemp":{"iob":-0.19,"basaliob":-0.269,"bolussnooze":0,"activity":-0.0013,"lastBolusTime":1703800997128,"time":"2023-12-29T00:23:11.013Z"}},{"iob":-0.044,"basaliob":-0.115,"bolussnooze":0,"activity":-3.0E-4,"lastBolusTime":1703800997128,"time":"2023-12-29T00:28:11.013Z","iobWithZeroTemp":{"iob":-0.2,"basaliob":-0.271,"bolussnooze":0,"activity":-0.0015,"lastBolusTime":1703800997128,"time":"2023-12-29T00:28:11.013Z"}},{"iob":-0.043,"basaliob":-0.106,"bolussnooze":0,"activity":-3.0E-4,"lastBolusTime":1703800997128,"time":"2023-12-29T00:33:11.013Z","iobWithZeroTemp":{"iob":-0.209,"basaliob":-0.272,"bolussnooze":0,"activity":-0.0016,"lastBolusTime":1703800997128,"time":"2023-12-29T00:33:11.013Z"}},{"iob":-0.041,"basaliob":-0.097,"bolussnooze":0,"activity":-3.0E-4,"lastBolusTime":1703800997128,"time":"2023-12-29T00:38:11.013Z","iobWithZeroTemp":{"iob":-0.217,"basaliob":-0.273,"bolussnooze":0,"activity":-0.0018,"lastBolusTime":1703800997128,"time":"2023-12-29T00:38:11.013Z"}},{"iob":-0.039,"basaliob":-0.089,"bolussnooze":0,"activity":-4.0E-4,"lastBolusTime":1703800997128,"time":"2023-12-29T00:43:11.013Z","iobWithZeroTemp":{"iob":-0.224,"basaliob":-0.274,"bolussnooze":0,"activity":-0.002,"lastBolusTime":1703800997128,"time":"2023-12-29T00:43:11.013Z"}},{"iob":-0.037,"basaliob":-0.082,"bolussnooze":0,"activity":-4.0E-4,"lastBolusTime":1703800997128,"time":"2023-12-29T00:48:11.013Z","iobWithZeroTemp":{"iob":-0.231,"basaliob":-0.276,"bolussnooze":0,"activity":-0.0021,"lastBolusTime":1703800997128,"time":"2023-12-29T00:48:11.013Z"}},{"iob":-0.035,"basaliob":-0.075,"bolussnooze":0,"activity":-4.0E-4,"lastBolusTime":1703800997128,"time":"2023-12-29T00:53:11.013Z","iobWithZeroTemp":{"iob":-0.237,"basaliob":-0.277,"bolussnooze":0,"activity":-0.0022,"lastBolusTime":1703800997128,"time":"2023-12-29T00:53:11.013Z"}},{"iob":-0.032,"basaliob":-0.068,"bolussnooze":0,"activity":-4.0E-4,"lastBolusTime":1703800997128,"time":"2023-12-29T00:58:11.013Z","iobWithZeroTemp":{"iob":-0.241,"basaliob":-0.277,"bolussnooze":0,"activity":-0.0023,"lastBolusTime":1703800997128,"time":"2023-12-29T00:58:11.013Z"}},{"iob":-0.03,"basaliob":-0.062,"bolussnooze":0,"activity":-4.0E-4,"lastBolusTime":1703800997128,"time":"2023-12-29T01:03:11.013Z","iobWithZeroTemp":{"iob":-0.241,"basaliob":-0.273,"bolussnooze":0,"activity":-0.0025,"lastBolusTime":1703800997128,"time":"2023-12-29T01:03:11.013Z"}},{"iob":-0.029,"basaliob":-0.057,"bolussnooze":0,"activity":-4.0E-4,"lastBolusTime":1703800997128,"time":"2023-12-29T01:08:11.013Z","iobWithZeroTemp":{"iob":-0.242,"basaliob":-0.27,"bolussnooze":0,"activity":-0.0025,"lastBolusTime":1703800997128,"time":"2023-12-29T01:08:11.013Z"}},{"iob":-0.027,"basaliob":-0.052,"bolussnooze":0,"activity":-4.0E-4,"lastBolusTime":1703800997128,"time":"2023-12-29T01:13:11.013Z","iobWithZeroTemp":{"iob":-0.242,"basaliob":-0.267,"bolussnooze":0,"activity":-0.0026,"lastBolusTime":1703800997128,"time":"2023-12-29T01:13:11.013Z"}},{"iob":-0.025,"basaliob":-0.047,"bolussnooze":0,"activity":-3.0E-4,"lastBolusTime":1703800997128,"time":"2023-12-29T01:18:11.013Z","iobWithZeroTemp":{"iob":-0.241,"basaliob":-0.263,"bolussnooze":0,"activity":-0.0026,"lastBolusTime":1703800997128,"time":"2023-12-29T01:18:11.013Z"}},{"iob":-0.024,"basaliob":-0.043,"bolussnooze":0,"activity":-3.0E-4,"lastBolusTime":1703800997128,"time":"2023-12-29T01:23:11.013Z","iobWithZeroTemp":{"iob":-0.241,"basaliob":-0.26,"bolussnooze":0,"activity":-0.0026,"lastBolusTime":1703800997128,"time":"2023-12-29T01:23:11.013Z"}},{"iob":-0.022,"basaliob":-0.039,"bolussnooze":0,"activity":-4.0E-4,"lastBolusTime":1703800997128,"time":"2023-12-29T01:28:11.013Z","iobWithZeroTemp":{"iob":-0.24,"basaliob":-0.257,"bolussnooze":0,"activity":-0.0028,"lastBolusTime":1703800997128,"time":"2023-12-29T01:28:11.013Z"}},{"iob":-0.02,"basaliob":-0.035,"bolussnooze":0,"activity":-3.0E-4,"lastBolusTime":1703800997128,"time":"2023-12-29T01:33:11.013Z","iobWithZeroTemp":{"iob":-0.239,"basaliob":-0.254,"bolussnooze":0,"activity":-0.0027,"lastBolusTime":1703800997128,"time":"2023-12-29T01:33:11.013Z"}},{"iob":-0.018,"basaliob":-0.031,"bolussnooze":0,"activity":-2.0E-4,"lastBolusTime":1703800997128,"time":"2023-12-29T01:38:11.013Z","iobWithZeroTemp":{"iob":-0.237,"basaliob":-0.25,"bolussnooze":0,"activity":-0.0027,"lastBolusTime":1703800997128,"time":"2023-12-29T01:38:11.013Z"}},{"iob":-0.017,"basaliob":-0.028,"bolussnooze":0,"activity":-3.0E-4,"lastBolusTime":1703800997128,"time":"2023-12-29T01:43:11.013Z","iobWithZeroTemp":{"iob":-0.236,"basaliob":-0.247,"bolussnooze":0,"activity":-0.0028,"lastBolusTime":1703800997128,"time":"2023-12-29T01:43:11.013Z"}},{"iob":-0.015,"basaliob":-0.025,"bolussnooze":0,"activity":-2.0E-4,"lastBolusTime":1703800997128,"time":"2023-12-29T01:48:11.013Z","iobWithZeroTemp":{"iob":-0.234,"basaliob":-0.244,"bolussnooze":0,"activity":-0.0027,"lastBolusTime":1703800997128,"time":"2023-12-29T01:48:11.013Z"}},{"iob":-0.014,"basaliob":-0.023,"bolussnooze":0,"activity":-3.0E-4,"lastBolusTime":1703800997128,"time":"2023-12-29T01:53:11.013Z","iobWithZeroTemp":{"iob":-0.233,"basaliob":-0.242,"bolussnooze":0,"activity":-0.0028,"lastBolusTime":1703800997128,"time":"2023-12-29T01:53:11.013Z"}},{"iob":-0.014,"basaliob":-0.021,"bolussnooze":0,"activity":-2.0E-4,"lastBolusTime":1703800997128,"time":"2023-12-29T01:58:11.013Z","iobWithZeroTemp":{"iob":-0.233,"basaliob":-0.24,"bolussnooze":0,"activity":-0.0027,"lastBolusTime":1703800997128,"time":"2023-12-29T01:58:11.013Z"}},{"iob":-0.012,"basaliob":-0.018,"bolussnooze":0,"activity":-2.0E-4,"lastBolusTime":1703800997128,"time":"2023-12-29T02:03:11.013Z","iobWithZeroTemp":{"iob":-0.235,"basaliob":-0.241,"bolussnooze":0,"activity":-0.0028,"lastBolusTime":1703800997128,"time":"2023-12-29T02:03:11.013Z"}},{"iob":-0.01,"basaliob":-0.016,"bolussnooze":0,"activity":-2.0E-4,"lastBolusTime":1703800997128,"time":"2023-12-29T02:08:11.013Z","iobWithZeroTemp":{"iob":-0.237,"basaliob":-0.243,"bolussnooze":0,"activity":-0.0028,"lastBolusTime":1703800997128,"time":"2023-12-29T02:08:11.013Z"}},{"iob":-0.01,"basaliob":-0.015,"bolussnooze":0,"activity":-2.0E-4,"lastBolusTime":1703800997128,"time":"2023-12-29T02:13:11.013Z","iobWithZeroTemp":{"iob":-0.24,"basaliob":-0.245,"bolussnooze":0,"activity":-0.0028,"lastBolusTime":1703800997128,"time":"2023-12-29T02:13:11.013Z"}},{"iob":-0.009,"basaliob":-0.013,"bolussnooze":0,"activity":-2.0E-4,"lastBolusTime":1703800997128,"time":"2023-12-29T02:18:11.013Z","iobWithZeroTemp":{"iob":-0.243,"basaliob":-0.247,"bolussnooze":0,"activity":-0.0028,"lastBolusTime":1703800997128,"time":"2023-12-29T02:18:11.013Z"}},{"iob":-0.009,"basaliob":-0.012,"bolussnooze":0,"activity":-2.0E-4,"lastBolusTime":1703800997128,"time":"2023-12-29T02:23:11.013Z","iobWithZeroTemp":{"iob":-0.246,"basaliob":-0.249,"bolussnooze":0,"activity":-0.0029,"lastBolusTime":1703800997128,"time":"2023-12-29T02:23:11.013Z"}},{"iob":-0.007,"basaliob":-0.01,"bolussnooze":0,"activity":-1.0E-4,"lastBolusTime":1703800997128,"time":"2023-12-29T02:28:11.013Z","iobWithZeroTemp":{"iob":-0.248,"basaliob":-0.251,"bolussnooze":0,"activity":-0.0028,"lastBolusTime":1703800997128,"time":"2023-12-29T02:28:11.013Z"}},{"iob":-0.007,"basaliob":-0.009,"bolussnooze":0,"activity":-1.0E-4,"lastBolusTime":1703800997128,"time":"2023-12-29T02:33:11.013Z","iobWithZeroTemp":{"iob":-0.251,"basaliob":-0.253,"bolussnooze":0,"activity":-0.0028,"lastBolusTime":1703800997128,"time":"2023-12-29T02:33:11.013Z"}},{"iob":-0.006,"basaliob":-0.008,"bolussnooze":0,"activity":-1.0E-4,"lastBolusTime":1703800997128,"time":"2023-12-29T02:38:11.013Z","iobWithZeroTemp":{"iob":-0.253,"basaliob":-0.255,"bolussnooze":0,"activity":-0.0029,"lastBolusTime":1703800997128,"time":"2023-12-29T02:38:11.013Z"}},{"iob":-0.005,"basaliob":-0.007,"bolussnooze":0,"activity":-1.0E-4,"lastBolusTime":1703800997128,"time":"2023-12-29T02:43:11.013Z","iobWithZeroTemp":{"iob":-0.254,"basaliob":-0.256,"bolussnooze":0,"activity":-0.0029,"lastBolusTime":1703800997128,"time":"2023-12-29T02:43:11.013Z"}},{"iob":-0.005,"basaliob":-0.006,"bolussnooze":0,"activity":-1.0E-4,"lastBolusTime":1703800997128,"time":"2023-12-29T02:48:11.013Z","iobWithZeroTemp":{"iob":-0.257,"basaliob":-0.258,"bolussnooze":0,"activity":-0.0029,"lastBolusTime":1703800997128,"time":"2023-12-29T02:48:11.013Z"}},{"iob":-0.005,"basaliob":-0.006,"bolussnooze":0,"activity":-1.0E-4,"lastBolusTime":1703800997128,"time":"2023-12-29T02:53:11.013Z","iobWithZeroTemp":{"iob":-0.259,"basaliob":-0.26,"bolussnooze":0,"activity":-0.003,"lastBolusTime":1703800997128,"time":"2023-12-29T02:53:11.013Z"}},{"iob":-0.004,"basaliob":-0.005,"bolussnooze":0,"activity":-1.0E-4,"lastBolusTime":1703800997128,"time":"2023-12-29T02:58:11.013Z","iobWithZeroTemp":{"iob":-0.261,"basaliob":-0.262,"bolussnooze":0,"activity":-0.003,"lastBolusTime":1703800997128,"time":"2023-12-29T02:58:11.013Z"}},{"iob":-0.003,"basaliob":-0.004,"bolussnooze":0,"activity":-1.0E-4,"lastBolusTime":1703800997128,"time":"2023-12-29T03:03:11.013Z","iobWithZeroTemp":{"iob":-0.27,"basaliob":-0.271,"bolussnooze":0,"activity":-0.003,"lastBolusTime":1703800997128,"time":"2023-12-29T03:03:11.013Z"}},{"iob":-0.003,"basaliob":-0.004,"bolussnooze":0,"activity":-1.0E-4,"lastBolusTime":1703800997128,"time":"2023-12-29T03:08:11.013Z","iobWithZeroTemp":{"iob":-0.28,"basaliob":-0.281,"bolussnooze":0,"activity":-0.0031,"lastBolusTime":1703800997128,"time":"2023-12-29T03:08:11.013Z"}},{"iob":-0.003,"basaliob":-0.003,"bolussnooze":0,"activity":-1.0E-4,"lastBolusTime":1703800997128,"time":"2023-12-29T03:13:11.013Z","iobWithZeroTemp":{"iob":-0.29,"basaliob":-0.29,"bolussnooze":0,"activity":-0.0032,"lastBolusTime":1703800997128,"time":"2023-12-29T03:13:11.013Z"}},{"iob":-0.003,"basaliob":-0.003,"bolussnooze":0,"activity":-1.0E-4,"lastBolusTime":1703800997128,"time":"2023-12-29T03:18:11.013Z","iobWithZeroTemp":{"iob":-0.299,"basaliob":-0.299,"bolussnooze":0,"activity":-0.0032,"lastBolusTime":1703800997128,"time":"2023-12-29T03:18:11.013Z"}},{"iob":-0.002,"basaliob":-0.002,"bolussnooze":0,"activity":-1.0E-4,"lastBolusTime":1703800997128,"time":"2023-12-29T03:23:11.013Z","iobWithZeroTemp":{"iob":-0.307,"basaliob":-0.307,"bolussnooze":0,"activity":-0.0033,"lastBolusTime":1703800997128,"time":"2023-12-29T03:23:11.013Z"}},{"iob":-0.002,"basaliob":-0.002,"bolussnooze":0,"activity":-1.0E-4,"lastBolusTime":1703800997128,"time":"2023-12-29T03:28:11.013Z","iobWithZeroTemp":{"iob":-0.316,"basaliob":-0.316,"bolussnooze":0,"activity":-0.0034,"lastBolusTime":1703800997128,"time":"2023-12-29T03:28:11.013Z"}},{"iob":-0.002,"basaliob":-0.002,"bolussnooze":0,"activity":-1.0E-4,"lastBolusTime":1703800997128,"time":"2023-12-29T03:33:11.013Z","iobWithZeroTemp":{"iob":-0.324,"basaliob":-0.324,"bolussnooze":0,"activity":-0.0035,"lastBolusTime":1703800997128,"time":"2023-12-29T03:33:11.013Z"}}],"profile":{"max_iob":10,"type":"current","max_daily_basal":0.35,"max_basal":1,"min_bg":95,"max_bg":95,"target_bg":95,"carb_ratio":8.5,"sens":120,"max_daily_safety_multiplier":3,"current_basal_safety_multiplier":4,"lgsThreshold":95,"high_temptarget_raises_sensitivity":true,"low_temptarget_lowers_sensitivity":true,"sensitivity_raises_target":true,"resistance_lowers_target":true,"adv_target_adjustments":false,"exercise_mode":false,"half_basal_exercise_target":160,"maxCOB":120,"skip_neutral_temps":false,"remainingCarbsCap":90,"enableUAM":true,"A52_risk_enable":false,"SMBInterval":3,"enableSMB_with_COB":true,"enableSMB_with_temptarget":true,"allowSMB_with_high_temptarget":false,"enableSMB_always":false,"enableSMB_after_carbs":true,"maxSMBBasalMinutes":45,"maxUAMSMBBasalMinutes":45,"bolus_increment":0.05,"carbsReqThreshold":2,"current_basal":0.25,"temptargetSet":false,"autosens_max":1.3,"autosens_min":0.7,"variable_sens":168.2,"insulinDivisor":75,"TDD":12.466255630952379},"autosens_data":{"ratio":0.8516192049183539},"meal_data":{"carbs":20,"mealCOB":0,"slopeFromMaxDeviation":-0.254,"slopeFromMinDeviation":0.3966666666666667,"lastBolusTime":1703800997128,"lastCarbTime":1703789723443},"microBolusAllowed":true,"currentTime":1703806692718,"flatBGsDetected":false,"tdd1D":13.99583333333333,"tdd7D":16.405023809523808,"tddLast24H":13.97083333333333,"tddLast4H":1.6750000000000003,"tddLast8to4H":3.6166666666666663},"output":{"temp":"absolute","bg":102,"tick":-1,"eventualBG":102,"targetBG":101,"insulinReq":-0.02,"deliverAt":"2023-12-28T23:38:12.718Z","sensitivityRatio":0.8516192049183539,"variable_sens":168.2,"predBGs":{"IOB":[102,101,100,99,98,98,97,97,97,97,98,98,98,98,99,99,99,100,100,100,101,101,101,102,102,102,102,102,103,103,103,103,103,103,104,104,104,104,104,104,104,104,104,104,104,104,105],"ZT":[102,101,100,99,99,99,99,100,100,101]},"reason":"COB: 0, Dev: -5, BGI: -1, ISF: 168, CR: 8.5, Target: 101, minPredBG 98, minGuardBG 97, IOBpredBG 105; Eventual BG 102 >= 101,  insulinReq -0.02. 25m@0.15 > 2 * insulinReq. Setting temp basal of 0.17U\/hr.  25m left and 0.15 ~ req 0.17290480122958846U\/hr: no temp required","COB":0,"IOB":-0.029,"timestamp":"2023-12-28T23:38:12.749Z"}}