{"algorithm":"OpenAPSSMBDynamicISFPlugin","input":{"glucoseStatus":{"glucose":73,"noise":0,"delta":-10.78,"short_avgdelta":-10.78,"long_avgdelta":-6.56,"date":1703882566000},"currenttemp":{"temp":"absolute","duration":100,"rate":0,"minutesrunning":20},"iob_data":[{"iob":1.439,"basaliob":-0.392,"bolussnooze":0.6608,"activity":0.0216,"lastBolusTime":1703879448213,"time":"2023-12-29T20:43:11.785Z","iobWithZeroTemp":{"iob":1.439,"basaliob":-0.392,"bolussnooze":0.6608,"activity":0.0216,"lastBolusTime":1703879448213,"time":"2023-12-29T20:43:11.785Z"}},{"iob":1.333,"basaliob":-0.372,"bolussnooze":0.5523,"activity":0.0206,"lastBolusTime":1703879448213,"time":"2023-12-29T20:48:11.785Z","iobWithZeroTemp":{"iob":1.31,"basaliob":-0.395,"bolussnooze":0.5523,"activity":0.0206,"lastBolusTime":1703879448213,"time":"2023-12-29T20:48:11.785Z"}},{"iob":1.233,"basaliob":-0.351,"bolussnooze":0.4587,"activity":0.0195,"lastBolusTime":1703879448213,"time":"2023-12-29T20:53:11.785Z","iobWithZeroTemp":{"iob":1.181,"basaliob":-0.403,"bolussnooze":0.4587,"activity":0.0194,"lastBolusTime":1703879448213,"time":"2023-12-29T20:53:11.785Z"}},{"iob":1.138,"basaliob":-0.33,"bolussnooze":0.3786,"activity":0.0185,"lastBolusTime":1703879448213,"time":"2023-12-29T20:58:11.785Z","iobWithZeroTemp":{"iob":1.057,"basaliob":-0.411,"bolussnooze":0.3786,"activity":0.0183,"lastBolusTime":1703879448213,"time":"2023-12-29T20:58:11.785Z"}},{"iob":1.048,"basaliob":-0.31,"bolussnooze":0.3105,"activity":0.0174,"lastBolusTime":1703879448213,"time":"2023-12-29T21:03:11.785Z","iobWithZeroTemp":{"iob":0.94,"basaliob":-0.418,"bolussnooze":0.3105,"activity":0.017,"lastBolusTime":1703879448213,"time":"2023-12-29T21:03:11.785Z"}},{"iob":0.963,"basaliob":-0.29,"bolussnooze":0.253,"activity":0.0163,"lastBolusTime":1703879448213,"time":"2023-12-29T21:08:11.785Z","iobWithZeroTemp":{"iob":0.828,"basaliob":-0.425,"bolussnooze":0.253,"activity":0.0157,"lastBolusTime":1703879448213,"time":"2023-12-29T21:08:11.785Z"}},{"iob":0.884,"basaliob":-0.27,"bolussnooze":0.2049,"activity":0.0154,"lastBolusTime":1703879448213,"time":"2023-12-29T21:13:11.785Z","iobWithZeroTemp":{"iob":0.724,"basaliob":-0.43,"bolussnooze":0.2049,"activity":0.0146,"lastBolusTime":1703879448213,"time":"2023-12-29T21:13:11.785Z"}},{"iob":0.809,"basaliob":-0.252,"bolussnooze":0.1648,"activity":0.0143,"lastBolusTime":1703879448213,"time":"2023-12-29T21:18:11.785Z","iobWithZeroTemp":{"iob":0.624,"basaliob":-0.437,"bolussnooze":0.1648,"activity":0.0132,"lastBolusTime":1703879448213,"time":"2023-12-29T21:18:11.785Z"}},{"iob":0.741,"basaliob":-0.233,"bolussnooze":0.1315,"activity":0.0134,"lastBolusTime":1703879448213,"time":"2023-12-29T21:23:11.785Z","iobWithZeroTemp":{"iob":0.533,"basaliob":-0.441,"bolussnooze":0.1315,"activity":0.0121,"lastBolusTime":1703879448213,"time":"2023-12-29T21:23:11.785Z"}},{"iob":0.676,"basaliob":-0.216,"bolussnooze":0.1042,"activity":0.0124,"lastBolusTime":1703879448213,"time":"2023-12-29T21:28:11.785Z","iobWithZeroTemp":{"iob":0.446,"basaliob":-0.446,"bolussnooze":0.1042,"activity":0.0108,"lastBolusTime":1703879448213,"time":"2023-12-29T21:28:11.785Z"}},{"iob":0.616,"basaliob":-0.2,"bolussnooze":0.0819,"activity":0.0115,"lastBolusTime":1703879448213,"time":"2023-12-29T21:33:11.785Z","iobWithZeroTemp":{"iob":0.365,"basaliob":-0.451,"bolussnooze":0.0819,"activity":0.0097,"lastBolusTime":1703879448213,"time":"2023-12-29T21:33:11.785Z"}},{"iob":0.561,"basaliob":-0.184,"bolussnooze":0.0638,"activity":0.0107,"lastBolusTime":1703879448213,"time":"2023-12-29T21:38:11.785Z","iobWithZeroTemp":{"iob":0.291,"basaliob":-0.454,"bolussnooze":0.0638,"activity":0.0086,"lastBolusTime":1703879448213,"time":"2023-12-29T21:38:11.785Z"}},{"iob":0.509,"basaliob":-0.17,"bolussnooze":0.0491,"activity":0.0099,"lastBolusTime":1703879448213,"time":"2023-12-29T21:43:11.785Z","iobWithZeroTemp":{"iob":0.22,"basaliob":-0.459,"bolussnooze":0.0491,"activity":0.0076,"lastBolusTime":1703879448213,"time":"2023-12-29T21:43:11.785Z"}},{"iob":0.462,"basaliob":-0.156,"bolussnooze":0.0374,"activity":0.009,"lastBolusTime":1703879448213,"time":"2023-12-29T21:48:11.785Z","iobWithZeroTemp":{"iob":0.156,"basaliob":-0.462,"bolussnooze":0.0374,"activity":0.0065,"lastBolusTime":1703879448213,"time":"2023-12-29T21:48:11.785Z"}},{"iob":0.419,"basaliob":-0.143,"bolussnooze":0.0281,"activity":0.0083,"lastBolusTime":1703879448213,"time":"2023-12-29T21:53:11.785Z","iobWithZeroTemp":{"iob":0.097,"basaliob":-0.465,"bolussnooze":0.0281,"activity":0.0055,"lastBolusTime":1703879448213,"time":"2023-12-29T21:53:11.785Z"}},{"iob":0.379,"basaliob":-0.131,"bolussnooze":0.0208,"activity":0.0077,"lastBolusTime":1703879448213,"time":"2023-12-29T21:58:11.785Z","iobWithZeroTemp":{"iob":0.043,"basaliob":-0.467,"bolussnooze":0.0208,"activity":0.0047,"lastBolusTime":1703879448213,"time":"2023-12-29T21:58:11.785Z"}},{"iob":0.343,"basaliob":-0.119,"bolussnooze":0.0151,"activity":0.007,"lastBolusTime":1703879448213,"time":"2023-12-29T22:03:11.785Z","iobWithZeroTemp":{"iob":-0.003,"basaliob":-0.465,"bolussnooze":0.0151,"activity":0.0038,"lastBolusTime":1703879448213,"time":"2023-12-29T22:03:11.785Z"}},{"iob":0.309,"basaliob":-0.109,"bolussnooze":0.0107,"activity":0.0065,"lastBolusTime":1703879448213,"time":"2023-12-29T22:08:11.785Z","iobWithZeroTemp":{"iob":-0.046,"basaliob":-0.464,"bolussnooze":0.0107,"activity":0.0031,"lastBolusTime":1703879448213,"time":"2023-12-29T22:08:11.785Z"}},{"iob":0.278,"basaliob":-0.099,"bolussnooze":0.0074,"activity":0.0058,"lastBolusTime":1703879448213,"time":"2023-12-29T22:13:11.785Z","iobWithZeroTemp":{"iob":-0.084,"basaliob":-0.461,"bolussnooze":0.0074,"activity":0.0023,"lastBolusTime":1703879448213,"time":"2023-12-29T22:13:11.785Z"}},{"iob":0.25,"basaliob":-0.09,"bolussnooze":0.0049,"activity":0.0054,"lastBolusTime":1703879448213,"time":"2023-12-29T22:18:11.785Z","iobWithZeroTemp":{"iob":-0.119,"basaliob":-0.459,"bolussnooze":0.0049,"activity":0.0017,"lastBolusTime":1703879448213,"time":"2023-12-29T22:18:11.785Z"}},{"iob":0.224,"basaliob":-0.082,"bolussnooze":0.0031,"activity":0.0049,"lastBolusTime":1703879448213,"time":"2023-12-29T22:23:11.785Z","iobWithZeroTemp":{"iob":-0.152,"basaliob":-0.458,"bolussnooze":0.0031,"activity":0.0011,"lastBolusTime":1703879448213,"time":"2023-12-29T22:23:11.785Z"}},{"iob":0.201,"basaliob":-0.074,"bolussnooze":0.0018,"activity":0.0044,"lastBolusTime":1703879448213,"time":"2023-12-29T22:28:11.785Z","iobWithZeroTemp":{"iob":-0.18,"basaliob":-0.455,"bolussnooze":0.0018,"activity":4.0E-4,"lastBolusTime":1703879448213,"time":"2023-12-29T22:28:11.785Z"}},{"iob":0.18,"basaliob":-0.067,"bolussnooze":9.0E-4,"activity":0.004,"lastBolusTime":1703879448213,"time":"2023-12-29T22:33:11.785Z","iobWithZeroTemp":{"iob":-0.206,"basaliob":-0.453,"bolussnooze":9.0E-4,"activity":-1.0E-4,"lastBolusTime":1703879448213,"time":"2023-12-29T22:33:11.785Z"}},{"iob":0.16,"basaliob":-0.061,"bolussnooze":4.0E-4,"activity":0.0037,"lastBolusTime":1703879448213,"time":"2023-12-29T22:38:11.785Z","iobWithZeroTemp":{"iob":-0.231,"basaliob":-0.452,"bolussnooze":4.0E-4,"activity":-5.0E-4,"lastBolusTime":1703879448213,"time":"2023-12-29T22:38:11.785Z"}},{"iob":0.143,"basaliob":-0.055,"bolussnooze":1.0E-4,"activity":0.0033,"lastBolusTime":1703879448213,"time":"2023-12-29T22:43:11.785Z","iobWithZeroTemp":{"iob":-0.252,"basaliob":-0.45,"bolussnooze":1.0E-4,"activity":-0.001,"lastBolusTime":1703879448213,"time":"2023-12-29T22:43:11.785Z"}},{"iob":0.128,"basaliob":-0.049,"bolussnooze":0,"activity":0.003,"lastBolusTime":1703879448213,"time":"2023-12-29T22:48:11.785Z","iobWithZeroTemp":{"iob":-0.27,"basaliob":-0.447,"bolussnooze":0,"activity":-0.0013,"lastBolusTime":1703879448213,"time":"2023-12-29T22:48:11.785Z"}},{"iob":0.114,"basaliob":-0.044,"bolussnooze":0,"activity":0.0026,"lastBolusTime":1703879448213,"time":"2023-12-29T22:53:11.785Z","iobWithZeroTemp":{"iob":-0.287,"basaliob":-0.445,"bolussnooze":0,"activity":-0.0018,"lastBolusTime":1703879448213,"time":"2023-12-29T22:53:11.785Z"}},{"iob":0.1,"basaliob":-0.04,"bolussnooze":0,"activity":0.0024,"lastBolusTime":1703879448213,"time":"2023-12-29T22:58:11.785Z","iobWithZeroTemp":{"iob":-0.304,"basaliob":-0.444,"bolussnooze":0,"activity":-0.0021,"lastBolusTime":1703879448213,"time":"2023-12-29T22:58:11.785Z"}},{"iob":0.089,"basaliob":-0.036,"bolussnooze":0,"activity":0.0022,"lastBolusTime":1703879448213,"time":"2023-12-29T23:03:11.785Z","iobWithZeroTemp":{"iob":-0.313,"basaliob":-0.438,"bolussnooze":0,"activity":-0.0023,"lastBolusTime":1703879448213,"time":"2023-12-29T23:03:11.785Z"}},{"iob":0.078,"basaliob":-0.032,"bolussnooze":0,"activity":0.002,"lastBolusTime":1703879448213,"time":"2023-12-29T23:08:11.785Z","iobWithZeroTemp":{"iob":-0.322,"basaliob":-0.432,"bolussnooze":0,"activity":-0.0026,"lastBolusTime":1703879448213,"time":"2023-12-29T23:08:11.785Z"}},{"iob":0.069,"basaliob":-0.029,"bolussnooze":0,"activity":0.0017,"lastBolusTime":1703879448213,"time":"2023-12-29T23:13:11.785Z","iobWithZeroTemp":{"iob":-0.329,"basaliob":-0.427,"bolussnooze":0,"activity":-0.0029,"lastBolusTime":1703879448213,"time":"2023-12-29T23:13:11.785Z"}},{"iob":0.061,"basaliob":-0.025,"bolussnooze":0,"activity":0.0016,"lastBolusTime":1703879448213,"time":"2023-12-29T23:18:11.785Z","iobWithZeroTemp":{"iob":-0.335,"basaliob":-0.421,"bolussnooze":0,"activity":-0.003,"lastBolusTime":1703879448213,"time":"2023-12-29T23:18:11.785Z"}},{"iob":0.053,"basaliob":-0.023,"bolussnooze":0,"activity":0.0014,"lastBolusTime":1703879448213,"time":"2023-12-29T23:23:11.785Z","iobWithZeroTemp":{"iob":-0.341,"basaliob":-0.417,"bolussnooze":0,"activity":-0.0032,"lastBolusTime":1703879448213,"time":"2023-12-29T23:23:11.785Z"}},{"iob":0.047,"basaliob":-0.02,"bolussnooze":0,"activity":0.0012,"lastBolusTime":1703879448213,"time":"2023-12-29T23:28:11.785Z","iobWithZeroTemp":{"iob":-0.344,"basaliob":-0.411,"bolussnooze":0,"activity":-0.0034,"lastBolusTime":1703879448213,"time":"2023-12-29T23:28:11.785Z"}},{"iob":0.041,"basaliob":-0.018,"bolussnooze":0,"activity":0.0012,"lastBolusTime":1703879448213,"time":"2023-12-29T23:33:11.785Z","iobWithZeroTemp":{"iob":-0.348,"basaliob":-0.407,"bolussnooze":0,"activity":-0.0034,"lastBolusTime":1703879448213,"time":"2023-12-29T23:33:11.785Z"}},{"iob":0.035,"basaliob":-0.016,"bolussnooze":0,"activity":0.001,"lastBolusTime":1703879448213,"time":"2023-12-29T23:38:11.785Z","iobWithZeroTemp":{"iob":-0.351,"basaliob":-0.402,"bolussnooze":0,"activity":-0.0036,"lastBolusTime":1703879448213,"time":"2023-12-29T23:38:11.785Z"}},{"iob":0.031,"basaliob":-0.014,"bolussnooze":0,"activity":8.0E-4,"lastBolusTime":1703879448213,"time":"2023-12-29T23:43:11.785Z","iobWithZeroTemp":{"iob":-0.353,"basaliob":-0.398,"bolussnooze":0,"activity":-0.0038,"lastBolusTime":1703879448213,"time":"2023-12-29T23:43:11.785Z"}},{"iob":0.027,"basaliob":-0.012,"bolussnooze":0,"activity":8.0E-4,"lastBolusTime":1703879448213,"time":"2023-12-29T23:48:11.785Z","iobWithZeroTemp":{"iob":-0.355,"basaliob":-0.394,"bolussnooze":0,"activity":-0.0038,"lastBolusTime":1703879448213,"time":"2023-12-29T23:48:11.785Z"}},{"iob":0.023,"basaliob":-0.011,"bolussnooze":0,"activity":7.0E-4,"lastBolusTime":1703879448213,"time":"2023-12-29T23:53:11.785Z","iobWithZeroTemp":{"iob":-0.357,"basaliob":-0.391,"bolussnooze":0,"activity":-0.0039,"lastBolusTime":1703879448213,"time":"2023-12-29T23:53:11.785Z"}},{"iob":0.02,"basaliob":-0.009,"bolussnooze":0,"activity":6.0E-4,"lastBolusTime":1703879448213,"time":"2023-12-29T23:58:11.785Z","iobWithZeroTemp":{"iob":-0.358,"basaliob":-0.387,"bolussnooze":0,"activity":-0.004,"lastBolusTime":1703879448213,"time":"2023-12-29T23:58:11.785Z"}},{"iob":0.017,"basaliob":-0.008,"bolussnooze":0,"activity":6.0E-4,"lastBolusTime":1703879448213,"time":"2023-12-30T00:03:11.785Z","iobWithZeroTemp":{"iob":-0.355,"basaliob":-0.38,"bolussnooze":0,"activity":-0.004,"lastBolusTime":1703879448213,"time":"2023-12-30T00:03:11.785Z"}},{"iob":0.015,"basaliob":-0.007,"bolussnooze":0,"activity":5.0E-4,"lastBolusTime":1703879448213,"time":"2023-12-30T00:08:11.785Z","iobWithZeroTemp":{"iob":-0.351,"basaliob":-0.373,"bolussnooze":0,"activity":-0.004,"lastBolusTime":1703879448213,"time":"2023-12-30T00:08:11.785Z"}},{"iob":0.012,"basaliob":-0.006,"bolussnooze":0,"activity":4.0E-4,"lastBolusTime":1703879448213,"time":"2023-12-30T00:13:11.785Z","iobWithZeroTemp":{"iob":-0.348,"basaliob":-0.366,"bolussnooze":0,"activity":-0.0041,"lastBolusTime":1703879448213,"time":"2023-12-30T00:13:11.785Z"}},{"iob":0.011,"basaliob":-0.005,"bolussnooze":0,"activity":3.0E-4,"lastBolusTime":1703879448213,"time":"2023-12-30T00:18:11.785Z","iobWithZeroTemp":{"iob":-0.343,"basaliob":-0.359,"bolussnooze":0,"activity":-0.0041,"lastBolusTime":1703879448213,"time":"2023-12-30T00:18:11.785Z"}},{"iob":0.008,"basaliob":-0.005,"bolussnooze":0,"activity":4.0E-4,"lastBolusTime":1703879448213,"time":"2023-12-30T00:23:11.785Z","iobWithZeroTemp":{"iob":-0.341,"basaliob":-0.354,"bolussnooze":0,"activity":-0.004,"lastBolusTime":1703879448213,"time":"2023-12-30T00:23:11.785Z"}},{"iob":0.007,"basaliob":-0.004,"bolussnooze":0,"activity":3.0E-4,"lastBolusTime":1703879448213,"time":"2023-12-30T00:28:11.785Z","iobWithZeroTemp":{"iob":-0.337,"basaliob":-0.348,"bolussnooze":0,"activity":-0.004,"lastBolusTime":1703879448213,"time":"2023-12-30T00:28:11.785Z"}},{"iob":0.006,"basaliob":-0.003,"bolussnooze":0,"activity":2.0E-4,"lastBolusTime":1703879448213,"time":"2023-12-30T00:33:11.785Z","iobWithZeroTemp":{"iob":-0.333,"basaliob":-0.342,"bolussnooze":0,"activity":-0.0041,"lastBolusTime":1703879448213,"time":"2023-12-30T00:33:11.785Z"}},{"iob":0.005,"basaliob":-0.003,"bolussnooze":0,"activity":2.0E-4,"lastBolusTime":1703879448213,"time":"2023-12-30T00:38:11.785Z","iobWithZeroTemp":{"iob":-0.329,"basaliob":-0.337,"bolussnooze":0,"activity":-0.004,"lastBolusTime":1703879448213,"time":"2023-12-30T00:38:11.785Z"}}],"profile":{"max_iob":10,"type":"current","max_daily_basal":0.35,"max_basal":1.05,"min_bg":130,"max_bg":130,"target_bg":130,"carb_ratio":8.5,"sens":110,"max_daily_safety_multiplier":3,"current_basal_safety_multiplier":4,"lgsThreshold":95,"high_temptarget_raises_sensitivity":true,"low_temptarget_lowers_sensitivity":true,"sensitivity_raises_target":true,"resistance_lowers_target":true,"adv_target_adjustments":false,"exercise_mode":false,"half_basal_exercise_target":160,"maxCOB":120,"skip_neutral_temps":false,"remainingCarbsCap":90,"enableUAM":true,"A52_risk_enable":false,"SMBInterval":3,"enableSMB_with_COB":true,"enableSMB_with_temptarget":true,"allowSMB_with_high_temptarget":false,"enableSMB_always":false,"enableSMB_after_carbs":true,"maxSMBBasalMinutes":45,"maxUAMSMBBasalMinutes":45,"bolus_increment":0.05,"carbsReqThreshold":2,"current_basal":0.35,"temptargetSet":true,"autosens_max":1.3,"autosens_min":0.7,"variable_sens":161.7,"insulinDivisor":75,"TDD":16.372218130952376},"autosens_data":{"ratio":0.9829306063328453},"meal_data":{"carbs":40,"mealCOB":13.897386363636365,"slopeFromMaxDeviation":-0.9227777777777778,"slopeFromMinDeviation":0,"lastBolusTime":1703879448213,"lastCarbTime":1703879442278},"microBolusAllowed":true,"currentTime":1703882593562,"flatBGsDetected":false,"tdd1D":13.99583333333333,"tdd7D":16.405023809523808,"tddLast24H":16.125,"tddLast4H":5.9833333333333325,"tddLast8to4H":1.2999999999999998},"output":{"temp":"absolute","bg":73,"tick":-11,"eventualBG":64,"targetBG":130,"insulinReq":0,"deliverAt":"2023-12-29T20:43:13.562Z","sensitivityRatio":0.67,"variable_sens":161.7,"predBGs":{"IOB":[73,62,48,39,39,39,39,39,39,39,39,39,39],"ZT":[73,56,39,39,39,39,39,39,39,39,39,39,39,39,39,39,39,39,39,39,39,39,39,39,39,39,39,39,39,39,39,39,39,39,39,39,39,39,39,39,39,39,39,39,39,39,39,39],"COB":[73,62,52,43,39,39,39,39,39,39,39,39,39,39,39,39,39,39,39,39,39,39,39,39,39,39,39,39,39,39,39,39,39,39,39,39,39,39,39,41,44,47,50,53,56,59,61,64],"UAM":[73,61,47,39,39,39,39,39,39,39,39,39,39]},"reason":"COB: 13.9, Dev: 40, BGI: -17, ISF: 162, CR: 8.5, Target: 130, minPredBG -156, minGuardBG -183, IOBpredBG 39, COBpredBG 64, UAMpredBG 39; 11 add'l carbs req w\/in 0m; minGuardBG -183<95","COB":13.897386363636365,"IOB":1.439,"carbsReq":11,"carbsReqWithin":0,"duration":120,"rate":0,"timestamp":"2023-12-29T20:43:13.594Z"}}