{"algorithm":"OpenAPSSMBDynamicISFPlugin","input":{"glucoseStatus":{"glucose":101,"noise":0,"delta":-3.17,"short_avgdelta":-3.17,"long_avgdelta":0.74,"date":1703887967000},"currenttemp":{"temp":"absolute","duration":25,"rate":0,"minutesrunning":5},"iob_data":[{"iob":0.027,"basaliob":-0.351,"bolussnooze":0.0074,"activity":0.003,"lastBolusTime":1703879448213,"time":"2023-12-29T22:13:07.883Z","iobWithZeroTemp":{"iob":0.027,"basaliob":-0.351,"bolussnooze":0.0074,"activity":0.003,"lastBolusTime":1703879448213,"time":"2023-12-29T22:13:07.883Z"}},{"iob":0.013,"basaliob":-0.328,"bolussnooze":0.0049,"activity":0.0025,"lastBolusTime":1703879448213,"time":"2023-12-29T22:18:07.883Z","iobWithZeroTemp":{"iob":-0.007,"basaliob":-0.348,"bolussnooze":0.0049,"activity":0.0025,"lastBolusTime":1703879448213,"time":"2023-12-29T22:18:07.883Z"}},{"iob":0.002,"basaliob":-0.305,"bolussnooze":0.0031,"activity":0.002,"lastBolusTime":1703879448213,"time":"2023-12-29T22:23:07.883Z","iobWithZeroTemp":{"iob":-0.043,"basaliob":-0.35,"bolussnooze":0.0031,"activity":0.0019,"lastBolusTime":1703879448213,"time":"2023-12-29T22:23:07.883Z"}},{"iob":-0.007,"basaliob":-0.283,"bolussnooze":0.0018,"activity":0.0016,"lastBolusTime":1703879448213,"time":"2023-12-29T22:28:07.883Z","iobWithZeroTemp":{"iob":-0.076,"basaliob":-0.352,"bolussnooze":0.0018,"activity":0.0014,"lastBolusTime":1703879448213,"time":"2023-12-29T22:28:07.883Z"}},{"iob":-0.015,"basaliob":-0.262,"bolussnooze":9.0E-4,"activity":0.0013,"lastBolusTime":1703879448213,"time":"2023-12-29T22:33:07.883Z","iobWithZeroTemp":{"iob":-0.108,"basaliob":-0.355,"bolussnooze":9.0E-4,"activity":9.0E-4,"lastBolusTime":1703879448213,"time":"2023-12-29T22:33:07.883Z"}},{"iob":-0.02,"basaliob":-0.242,"bolussnooze":4.0E-4,"activity":0.001,"lastBolusTime":1703879448213,"time":"2023-12-29T22:38:07.883Z","iobWithZeroTemp":{"iob":-0.135,"basaliob":-0.357,"bolussnooze":4.0E-4,"activity":5.0E-4,"lastBolusTime":1703879448213,"time":"2023-12-29T22:38:07.883Z"}},{"iob":-0.026,"basaliob":-0.224,"bolussnooze":1.0E-4,"activity":8.0E-4,"lastBolusTime":1703879448213,"time":"2023-12-29T22:43:07.883Z","iobWithZeroTemp":{"iob":-0.163,"basaliob":-0.361,"bolussnooze":1.0E-4,"activity":1.0E-4,"lastBolusTime":1703879448213,"time":"2023-12-29T22:43:07.883Z"}},{"iob":-0.029,"basaliob":-0.206,"bolussnooze":0,"activity":6.0E-4,"lastBolusTime":1703879448213,"time":"2023-12-29T22:48:07.883Z","iobWithZeroTemp":{"iob":-0.187,"basaliob":-0.364,"bolussnooze":0,"activity":-3.0E-4,"lastBolusTime":1703879448213,"time":"2023-12-29T22:48:07.883Z"}},{"iob":-0.031,"basaliob":-0.189,"bolussnooze":0,"activity":5.0E-4,"lastBolusTime":1703879448213,"time":"2023-12-29T22:53:07.883Z","iobWithZeroTemp":{"iob":-0.209,"basaliob":-0.367,"bolussnooze":0,"activity":-6.0E-4,"lastBolusTime":1703879448213,"time":"2023-12-29T22:53:07.883Z"}},{"iob":-0.034,"basaliob":-0.174,"bolussnooze":0,"activity":3.0E-4,"lastBolusTime":1703879448213,"time":"2023-12-29T22:58:07.883Z","iobWithZeroTemp":{"iob":-0.231,"basaliob":-0.371,"bolussnooze":0,"activity":-0.001,"lastBolusTime":1703879448213,"time":"2023-12-29T22:58:07.883Z"}},{"iob":-0.034,"basaliob":-0.159,"bolussnooze":0,"activity":2.0E-4,"lastBolusTime":1703879448213,"time":"2023-12-29T23:03:07.883Z","iobWithZeroTemp":{"iob":-0.245,"basaliob":-0.37,"bolussnooze":0,"activity":-0.0013,"lastBolusTime":1703879448213,"time":"2023-12-29T23:03:07.883Z"}},{"iob":-0.034,"basaliob":-0.145,"bolussnooze":0,"activity":1.0E-4,"lastBolusTime":1703879448213,"time":"2023-12-29T23:08:07.883Z","iobWithZeroTemp":{"iob":-0.258,"basaliob":-0.369,"bolussnooze":0,"activity":-0.0016,"lastBolusTime":1703879448213,"time":"2023-12-29T23:08:07.883Z"}},{"iob":-0.035,"basaliob":-0.133,"bolussnooze":0,"activity":0,"lastBolusTime":1703879448213,"time":"2023-12-29T23:13:07.883Z","iobWithZeroTemp":{"iob":-0.27,"basaliob":-0.368,"bolussnooze":0,"activity":-0.0019,"lastBolusTime":1703879448213,"time":"2023-12-29T23:13:07.883Z"}},{"iob":-0.035,"basaliob":-0.121,"bolussnooze":0,"activity":-1.0E-4,"lastBolusTime":1703879448213,"time":"2023-12-29T23:18:07.883Z","iobWithZeroTemp":{"iob":-0.281,"basaliob":-0.367,"bolussnooze":0,"activity":-0.0022,"lastBolusTime":1703879448213,"time":"2023-12-29T23:18:07.883Z"}},{"iob":-0.034,"basaliob":-0.11,"bolussnooze":0,"activity":-2.0E-4,"lastBolusTime":1703879448213,"time":"2023-12-29T23:23:07.883Z","iobWithZeroTemp":{"iob":-0.29,"basaliob":-0.366,"bolussnooze":0,"activity":-0.0025,"lastBolusTime":1703879448213,"time":"2023-12-29T23:23:07.883Z"}},{"iob":-0.033,"basaliob":-0.1,"bolussnooze":0,"activity":-2.0E-4,"lastBolusTime":1703879448213,"time":"2023-12-29T23:28:07.883Z","iobWithZeroTemp":{"iob":-0.298,"basaliob":-0.365,"bolussnooze":0,"activity":-0.0026,"lastBolusTime":1703879448213,"time":"2023-12-29T23:28:07.883Z"}},{"iob":-0.031,"basaliob":-0.09,"bolussnooze":0,"activity":-2.0E-4,"lastBolusTime":1703879448213,"time":"2023-12-29T23:33:07.883Z","iobWithZeroTemp":{"iob":-0.304,"basaliob":-0.363,"bolussnooze":0,"activity":-0.0028,"lastBolusTime":1703879448213,"time":"2023-12-29T23:33:07.883Z"}},{"iob":-0.03,"basaliob":-0.082,"bolussnooze":0,"activity":-2.0E-4,"lastBolusTime":1703879448213,"time":"2023-12-29T23:38:07.883Z","iobWithZeroTemp":{"iob":-0.311,"basaliob":-0.363,"bolussnooze":0,"activity":-0.0029,"lastBolusTime":1703879448213,"time":"2023-12-29T23:38:07.883Z"}},{"iob":-0.029,"basaliob":-0.074,"bolussnooze":0,"activity":-3.0E-4,"lastBolusTime":1703879448213,"time":"2023-12-29T23:43:07.883Z","iobWithZeroTemp":{"iob":-0.317,"basaliob":-0.362,"bolussnooze":0,"activity":-0.0031,"lastBolusTime":1703879448213,"time":"2023-12-29T23:43:07.883Z"}},{"iob":-0.028,"basaliob":-0.067,"bolussnooze":0,"activity":-3.0E-4,"lastBolusTime":1703879448213,"time":"2023-12-29T23:48:07.883Z","iobWithZeroTemp":{"iob":-0.322,"basaliob":-0.361,"bolussnooze":0,"activity":-0.0033,"lastBolusTime":1703879448213,"time":"2023-12-29T23:48:07.883Z"}},{"iob":-0.026,"basaliob":-0.06,"bolussnooze":0,"activity":-3.0E-4,"lastBolusTime":1703879448213,"time":"2023-12-29T23:53:07.883Z","iobWithZeroTemp":{"iob":-0.326,"basaliob":-0.36,"bolussnooze":0,"activity":-0.0034,"lastBolusTime":1703879448213,"time":"2023-12-29T23:53:07.883Z"}},{"iob":-0.025,"basaliob":-0.054,"bolussnooze":0,"activity":-3.0E-4,"lastBolusTime":1703879448213,"time":"2023-12-29T23:58:07.883Z","iobWithZeroTemp":{"iob":-0.33,"basaliob":-0.359,"bolussnooze":0,"activity":-0.0035,"lastBolusTime":1703879448213,"time":"2023-12-29T23:58:07.883Z"}},{"iob":-0.024,"basaliob":-0.049,"bolussnooze":0,"activity":-3.0E-4,"lastBolusTime":1703879448213,"time":"2023-12-30T00:03:07.883Z","iobWithZeroTemp":{"iob":-0.33,"basaliob":-0.355,"bolussnooze":0,"activity":-0.0036,"lastBolusTime":1703879448213,"time":"2023-12-30T00:03:07.883Z"}},{"iob":-0.022,"basaliob":-0.044,"bolussnooze":0,"activity":-3.0E-4,"lastBolusTime":1703879448213,"time":"2023-12-30T00:08:07.883Z","iobWithZeroTemp":{"iob":-0.328,"basaliob":-0.35,"bolussnooze":0,"activity":-0.0036,"lastBolusTime":1703879448213,"time":"2023-12-30T00:08:07.883Z"}},{"iob":-0.021,"basaliob":-0.039,"bolussnooze":0,"activity":-3.0E-4,"lastBolusTime":1703879448213,"time":"2023-12-30T00:13:07.883Z","iobWithZeroTemp":{"iob":-0.327,"basaliob":-0.345,"bolussnooze":0,"activity":-0.0037,"lastBolusTime":1703879448213,"time":"2023-12-30T00:13:07.883Z"}},{"iob":-0.019,"basaliob":-0.035,"bolussnooze":0,"activity":-3.0E-4,"lastBolusTime":1703879448213,"time":"2023-12-30T00:18:07.883Z","iobWithZeroTemp":{"iob":-0.325,"basaliob":-0.341,"bolussnooze":0,"activity":-0.0037,"lastBolusTime":1703879448213,"time":"2023-12-30T00:18:07.883Z"}},{"iob":-0.018,"basaliob":-0.031,"bolussnooze":0,"activity":-2.0E-4,"lastBolusTime":1703879448213,"time":"2023-12-30T00:23:07.883Z","iobWithZeroTemp":{"iob":-0.323,"basaliob":-0.336,"bolussnooze":0,"activity":-0.0037,"lastBolusTime":1703879448213,"time":"2023-12-30T00:23:07.883Z"}},{"iob":-0.017,"basaliob":-0.028,"bolussnooze":0,"activity":-2.0E-4,"lastBolusTime":1703879448213,"time":"2023-12-30T00:28:07.883Z","iobWithZeroTemp":{"iob":-0.322,"basaliob":-0.333,"bolussnooze":0,"activity":-0.0037,"lastBolusTime":1703879448213,"time":"2023-12-30T00:28:07.883Z"}},{"iob":-0.016,"basaliob":-0.025,"bolussnooze":0,"activity":-3.0E-4,"lastBolusTime":1703879448213,"time":"2023-12-30T00:33:07.883Z","iobWithZeroTemp":{"iob":-0.32,"basaliob":-0.329,"bolussnooze":0,"activity":-0.0038,"lastBolusTime":1703879448213,"time":"2023-12-30T00:33:07.883Z"}},{"iob":-0.014,"basaliob":-0.022,"bolussnooze":0,"activity":-2.0E-4,"lastBolusTime":1703879448213,"time":"2023-12-30T00:38:07.883Z","iobWithZeroTemp":{"iob":-0.317,"basaliob":-0.325,"bolussnooze":0,"activity":-0.0037,"lastBolusTime":1703879448213,"time":"2023-12-30T00:38:07.883Z"}},{"iob":-0.013,"basaliob":-0.019,"bolussnooze":0,"activity":-2.0E-4,"lastBolusTime":1703879448213,"time":"2023-12-30T00:43:07.883Z","iobWithZeroTemp":{"iob":-0.315,"basaliob":-0.321,"bolussnooze":0,"activity":-0.0037,"lastBolusTime":1703879448213,"time":"2023-12-30T00:43:07.883Z"}},{"iob":-0.012,"basaliob":-0.017,"bolussnooze":0,"activity":-2.0E-4,"lastBolusTime":1703879448213,"time":"2023-12-30T00:48:07.883Z","iobWithZeroTemp":{"iob":-0.313,"basaliob":-0.318,"bolussnooze":0,"activity":-0.0038,"lastBolusTime":1703879448213,"time":"2023-12-30T00:48:07.883Z"}},{"iob":-0.011,"basaliob":-0.015,"bolussnooze":0,"activity":-2.0E-4,"lastBolusTime":1703879448213,"time":"2023-12-30T00:53:07.883Z","iobWithZeroTemp":{"iob":-0.311,"basaliob":-0.315,"bolussnooze":0,"activity":-0.0038,"lastBolusTime":1703879448213,"time":"2023-12-30T00:53:07.883Z"}},{"iob":-0.01,"basaliob":-0.013,"bolussnooze":0,"activity":-1.0E-4,"lastBolusTime":1703879448213,"time":"2023-12-30T00:58:07.883Z","iobWithZeroTemp":{"iob":-0.309,"basaliob":-0.312,"bolussnooze":0,"activity":-0.0037,"lastBolusTime":1703879448213,"time":"2023-12-30T00:58:07.883Z"}},{"iob":-0.01,"basaliob":-0.012,"bolussnooze":0,"activity":-2.0E-4,"lastBolusTime":1703879448213,"time":"2023-12-30T01:03:07.883Z","iobWithZeroTemp":{"iob":-0.303,"basaliob":-0.305,"bolussnooze":0,"activity":-0.0037,"lastBolusTime":1703879448213,"time":"2023-12-30T01:03:07.883Z"}},{"iob":-0.008,"basaliob":-0.01,"bolussnooze":0,"activity":-2.0E-4,"lastBolusTime":1703879448213,"time":"2023-12-30T01:08:07.883Z","iobWithZeroTemp":{"iob":-0.296,"basaliob":-0.298,"bolussnooze":0,"activity":-0.0037,"lastBolusTime":1703879448213,"time":"2023-12-30T01:08:07.883Z"}},{"iob":-0.008,"basaliob":-0.009,"bolussnooze":0,"activity":-1.0E-4,"lastBolusTime":1703879448213,"time":"2023-12-30T01:13:07.883Z","iobWithZeroTemp":{"iob":-0.291,"basaliob":-0.292,"bolussnooze":0,"activity":-0.0036,"lastBolusTime":1703879448213,"time":"2023-12-30T01:13:07.883Z"}},{"iob":-0.007,"basaliob":-0.008,"bolussnooze":0,"activity":-1.0E-4,"lastBolusTime":1703879448213,"time":"2023-12-30T01:18:07.883Z","iobWithZeroTemp":{"iob":-0.285,"basaliob":-0.286,"bolussnooze":0,"activity":-0.0036,"lastBolusTime":1703879448213,"time":"2023-12-30T01:18:07.883Z"}},{"iob":-0.006,"basaliob":-0.007,"bolussnooze":0,"activity":-1.0E-4,"lastBolusTime":1703879448213,"time":"2023-12-30T01:23:07.883Z","iobWithZeroTemp":{"iob":-0.28,"basaliob":-0.281,"bolussnooze":0,"activity":-0.0035,"lastBolusTime":1703879448213,"time":"2023-12-30T01:23:07.883Z"}},{"iob":-0.006,"basaliob":-0.006,"bolussnooze":0,"activity":-2.0E-4,"lastBolusTime":1703879448213,"time":"2023-12-30T01:28:07.883Z","iobWithZeroTemp":{"iob":-0.275,"basaliob":-0.275,"bolussnooze":0,"activity":-0.0036,"lastBolusTime":1703879448213,"time":"2023-12-30T01:28:07.883Z"}},{"iob":-0.005,"basaliob":-0.005,"bolussnooze":0,"activity":-1.0E-4,"lastBolusTime":1703879448213,"time":"2023-12-30T01:33:07.883Z","iobWithZeroTemp":{"iob":-0.27,"basaliob":-0.27,"bolussnooze":0,"activity":-0.0035,"lastBolusTime":1703879448213,"time":"2023-12-30T01:33:07.883Z"}},{"iob":-0.004,"basaliob":-0.004,"bolussnooze":0,"activity":-1.0E-4,"lastBolusTime":1703879448213,"time":"2023-12-30T01:38:07.883Z","iobWithZeroTemp":{"iob":-0.265,"basaliob":-0.265,"bolussnooze":0,"activity":-0.0034,"lastBolusTime":1703879448213,"time":"2023-12-30T01:38:07.883Z"}},{"iob":-0.004,"basaliob":-0.004,"bolussnooze":0,"activity":-1.0E-4,"lastBolusTime":1703879448213,"time":"2023-12-30T01:43:07.883Z","iobWithZeroTemp":{"iob":-0.261,"basaliob":-0.261,"bolussnooze":0,"activity":-0.0034,"lastBolusTime":1703879448213,"time":"2023-12-30T01:43:07.883Z"}},{"iob":-0.003,"basaliob":-0.003,"bolussnooze":0,"activity":-1.0E-4,"lastBolusTime":1703879448213,"time":"2023-12-30T01:48:07.883Z","iobWithZeroTemp":{"iob":-0.256,"basaliob":-0.256,"bolussnooze":0,"activity":-0.0033,"lastBolusTime":1703879448213,"time":"2023-12-30T01:48:07.883Z"}},{"iob":-0.003,"basaliob":-0.003,"bolussnooze":0,"activity":-1.0E-4,"lastBolusTime":0,"time":"2023-12-30T01:53:07.883Z","iobWithZeroTemp":{"iob":-0.253,"basaliob":-0.253,"bolussnooze":0,"activity":-0.0033,"lastBolusTime":0,"time":"2023-12-30T01:53:07.883Z"}},{"iob":-0.002,"basaliob":-0.002,"bolussnooze":0,"activity":-1.0E-4,"lastBolusTime":0,"time":"2023-12-30T01:58:07.883Z","iobWithZeroTemp":{"iob":-0.248,"basaliob":-0.248,"bolussnooze":0,"activity":-0.0032,"lastBolusTime":0,"time":"2023-12-30T01:58:07.883Z"}},{"iob":-0.002,"basaliob":-0.002,"bolussnooze":0,"activity":-1.0E-4,"lastBolusTime":0,"time":"2023-12-30T02:03:07.883Z","iobWithZeroTemp":{"iob":-0.249,"basaliob":-0.249,"bolussnooze":0,"activity":-0.0032,"lastBolusTime":0,"time":"2023-12-30T02:03:07.883Z"}},{"iob":-0.002,"basaliob":-0.002,"bolussnooze":0,"activity":-1.0E-4,"lastBolusTime":0,"time":"2023-12-30T02:08:07.883Z","iobWithZeroTemp":{"iob":-0.251,"basaliob":-0.251,"bolussnooze":0,"activity":-0.0032,"lastBolusTime":0,"time":"2023-12-30T02:08:07.883Z"}}],"profile":{"max_iob":10,"type":"current","max_daily_basal":0.35,"max_basal":1.05,"min_bg":90,"max_bg":90,"target_bg":90,"carb_ratio":8.5,"sens":110,"max_daily_safety_multiplier":3,"current_basal_safety_multiplier":4,"lgsThreshold":95,"high_temptarget_raises_sensitivity":true,"low_temptarget_lowers_sensitivity":true,"sensitivity_raises_target":true,"resistance_lowers_target":true,"adv_target_adjustments":false,"exercise_mode":false,"half_basal_exercise_target":160,"maxCOB":120,"skip_neutral_temps":false,"remainingCarbsCap":90,"enableUAM":true,"A52_risk_enable":false,"SMBInterval":3,"enableSMB_with_COB":true,"enableSMB_with_temptarget":true,"allowSMB_with_high_temptarget":false,"enableSMB_always":false,"enableSMB_after_carbs":true,"maxSMBBasalMinutes":45,"maxUAMSMBBasalMinutes":45,"bolus_increment":0.05,"carbsReqThreshold":2,"current_basal":0.3,"temptargetSet":false,"autosens_max":1.3,"autosens_min":0.7,"variable_sens":152,"insulinDivisor":75,"TDD":13.885585630952377},"autosens_data":{"ratio":0.9412766995011691},"meal_data":{"carbs":45,"mealCOB":7.364045454545453,"slopeFromMaxDeviation":-1.678142857142857,"slopeFromMinDeviation":0,"lastBolusTime":1703879448213,"lastCarbTime":1703882928000},"microBolusAllowed":true,"currentTime":1703887988597,"flatBGsDetected":false,"tdd1D":13.99583333333333,"tdd7D":16.405023809523808,"tddLast24H":15.441666666666666,"tddLast4H":2.733333333333333,"tddLast8to4H":3.9583333333333335},"output":{"temp":"absolute","bg":101,"tick":-3,"eventualBG":205,"targetBG":92,"insulinReq":0,"deliverAt":"2023-12-29T22:13:08.597Z","sensitivityRatio":0.9412766995011691,"variable_sens":152,"predBGs":{"IOB":[101,98,95,93,91,89,88,87,86,86,85,85,85,85,85,85,85,86,86,86,86,86,87,87,87,87,88,88,88,88,89,89,89,89,89,89,89,90],"ZT":[101,99,97,95,94,93,93,93,93],"COB":[101,98,96,94,93,92,91,91,91,92,93,94,96,97,99,101,104,106,108,111,114,117,120,123,127,130,134,137,141,145,149,153,158,162,166,170,173,177,180,184,187,190,193,196,198,201,203,205],"UAM":[101,98,95,93,91,89,88,87,86,86,85,85,85,85,85,85,85,86,86,86,86,86,87,87,87,87,88,88,88,88,89,89,89,89,89,89,89,90]},"reason":"COB: 7.4, Dev: 18, BGI: -2, ISF: 152, CR: 8.5, Target: 92, minPredBG 108, minGuardBG 86, IOBpredBG 90, COBpredBG 205, UAMpredBG 90; minGuardBG 86<95 25m left and 0 ~ req 0U\/hr: no temp required","COB":7.364045454545453,"IOB":0.027,"timestamp":"2023-12-29T22:13:08.610Z"}}