{"algorithm":"OpenAPSSMBDynamicISFPlugin","input":{"glucoseStatus":{"glucose":162,"noise":0,"delta":5.78,"short_avgdelta":5.78,"long_avgdelta":0.81,"date":1703770364000},"currenttemp":{"temp":"absolute","duration":25,"rate":0.05,"minutesrunning":5},"iob_data":[{"iob":1.012,"basaliob":-0.35,"bolussnooze":0.0846,"activity":0.0145,"lastBolusTime":1703770088564,"time":"2023-12-28T13:33:05.546Z","iobWithZeroTemp":{"iob":1.012,"basaliob":-0.35,"bolussnooze":0.0846,"activity":0.0145,"lastBolusTime":1703770088564,"time":"2023-12-28T13:33:05.546Z"}},{"iob":0.94,"basaliob":-0.332,"bolussnooze":0.0674,"activity":0.0139,"lastBolusTime":1703770088564,"time":"2023-12-28T13:38:05.546Z","iobWithZeroTemp":{"iob":0.92,"basaliob":-0.352,"bolussnooze":0.0674,"activity":0.0139,"lastBolusTime":1703770088564,"time":"2023-12-28T13:38:05.546Z"}},{"iob":0.872,"basaliob":-0.313,"bolussnooze":0.0534,"activity":0.0134,"lastBolusTime":1703770088564,"time":"2023-12-28T13:43:05.546Z","iobWithZeroTemp":{"iob":0.827,"basaliob":-0.358,"bolussnooze":0.0534,"activity":0.0133,"lastBolusTime":1703770088564,"time":"2023-12-28T13:43:05.546Z"}},{"iob":0.807,"basaliob":-0.295,"bolussnooze":0.042,"activity":0.0127,"lastBolusTime":1703770088564,"time":"2023-12-28T13:48:05.546Z","iobWithZeroTemp":{"iob":0.738,"basaliob":-0.364,"bolussnooze":0.042,"activity":0.0125,"lastBolusTime":1703770088564,"time":"2023-12-28T13:48:05.546Z"}},{"iob":0.746,"basaliob":-0.276,"bolussnooze":0.0327,"activity":0.0121,"lastBolusTime":1703770088564,"time":"2023-12-28T13:53:05.546Z","iobWithZeroTemp":{"iob":0.653,"basaliob":-0.369,"bolussnooze":0.0327,"activity":0.0117,"lastBolusTime":1703770088564,"time":"2023-12-28T13:53:05.546Z"}},{"iob":0.687,"basaliob":-0.258,"bolussnooze":0.0253,"activity":0.0113,"lastBolusTime":1703770088564,"time":"2023-12-28T13:58:05.546Z","iobWithZeroTemp":{"iob":0.572,"basaliob":-0.373,"bolussnooze":0.0253,"activity":0.0108,"lastBolusTime":1703770088564,"time":"2023-12-28T13:58:05.546Z"}},{"iob":0.632,"basaliob":-0.241,"bolussnooze":0.0194,"activity":0.0107,"lastBolusTime":1703770088564,"time":"2023-12-28T14:03:05.546Z","iobWithZeroTemp":{"iob":0.511,"basaliob":-0.362,"bolussnooze":0.0194,"activity":0.01,"lastBolusTime":1703770088564,"time":"2023-12-28T14:03:05.546Z"}},{"iob":0.58,"basaliob":-0.224,"bolussnooze":0.0148,"activity":0.01,"lastBolusTime":1703770088564,"time":"2023-12-28T14:08:05.546Z","iobWithZeroTemp":{"iob":0.454,"basaliob":-0.35,"bolussnooze":0.0148,"activity":0.0092,"lastBolusTime":1703770088564,"time":"2023-12-28T14:08:05.546Z"}},{"iob":0.531,"basaliob":-0.208,"bolussnooze":0.0112,"activity":0.0093,"lastBolusTime":1703770088564,"time":"2023-12-28T14:13:05.546Z","iobWithZeroTemp":{"iob":0.401,"basaliob":-0.338,"bolussnooze":0.0112,"activity":0.0083,"lastBolusTime":1703770088564,"time":"2023-12-28T14:13:05.546Z"}},{"iob":0.486,"basaliob":-0.192,"bolussnooze":0.0084,"activity":0.0088,"lastBolusTime":1703770088564,"time":"2023-12-28T14:18:05.546Z","iobWithZeroTemp":{"iob":0.352,"basaliob":-0.326,"bolussnooze":0.0084,"activity":0.0077,"lastBolusTime":1703770088564,"time":"2023-12-28T14:18:05.546Z"}},{"iob":0.444,"basaliob":-0.178,"bolussnooze":0.0063,"activity":0.0082,"lastBolusTime":1703770088564,"time":"2023-12-28T14:23:05.546Z","iobWithZeroTemp":{"iob":0.308,"basaliob":-0.314,"bolussnooze":0.0063,"activity":0.007,"lastBolusTime":1703770088564,"time":"2023-12-28T14:23:05.546Z"}},{"iob":0.404,"basaliob":-0.164,"bolussnooze":0.0046,"activity":0.0076,"lastBolusTime":1703770088564,"time":"2023-12-28T14:28:05.546Z","iobWithZeroTemp":{"iob":0.265,"basaliob":-0.303,"bolussnooze":0.0046,"activity":0.0063,"lastBolusTime":1703770088564,"time":"2023-12-28T14:28:05.546Z"}},{"iob":0.368,"basaliob":-0.151,"bolussnooze":0.0033,"activity":0.007,"lastBolusTime":1703770088564,"time":"2023-12-28T14:33:05.546Z","iobWithZeroTemp":{"iob":0.227,"basaliob":-0.292,"bolussnooze":0.0033,"activity":0.0057,"lastBolusTime":1703770088564,"time":"2023-12-28T14:33:05.546Z"}},{"iob":0.335,"basaliob":-0.138,"bolussnooze":0.0024,"activity":0.0065,"lastBolusTime":1703770088564,"time":"2023-12-28T14:38:05.546Z","iobWithZeroTemp":{"iob":0.193,"basaliob":-0.28,"bolussnooze":0.0024,"activity":0.0051,"lastBolusTime":1703770088564,"time":"2023-12-28T14:38:05.546Z"}},{"iob":0.303,"basaliob":-0.127,"bolussnooze":0.0016,"activity":0.006,"lastBolusTime":1703770088564,"time":"2023-12-28T14:43:05.546Z","iobWithZeroTemp":{"iob":0.16,"basaliob":-0.27,"bolussnooze":0.0016,"activity":0.0045,"lastBolusTime":1703770088564,"time":"2023-12-28T14:43:05.546Z"}},{"iob":0.275,"basaliob":-0.116,"bolussnooze":0.0011,"activity":0.0055,"lastBolusTime":1703770088564,"time":"2023-12-28T14:48:05.546Z","iobWithZeroTemp":{"iob":0.131,"basaliob":-0.26,"bolussnooze":0.0011,"activity":0.004,"lastBolusTime":1703770088564,"time":"2023-12-28T14:48:05.546Z"}},{"iob":0.249,"basaliob":-0.106,"bolussnooze":7.0E-4,"activity":0.0051,"lastBolusTime":1703770088564,"time":"2023-12-28T14:53:05.546Z","iobWithZeroTemp":{"iob":0.104,"basaliob":-0.251,"bolussnooze":7.0E-4,"activity":0.0035,"lastBolusTime":1703770088564,"time":"2023-12-28T14:53:05.546Z"}},{"iob":0.224,"basaliob":-0.097,"bolussnooze":4.0E-4,"activity":0.0046,"lastBolusTime":1703770088564,"time":"2023-12-28T14:58:05.546Z","iobWithZeroTemp":{"iob":0.078,"basaliob":-0.243,"bolussnooze":4.0E-4,"activity":0.003,"lastBolusTime":1703770088564,"time":"2023-12-28T14:58:05.546Z"}},{"iob":0.202,"basaliob":-0.088,"bolussnooze":2.0E-4,"activity":0.0042,"lastBolusTime":1703770088564,"time":"2023-12-28T15:03:05.546Z","iobWithZeroTemp":{"iob":0.056,"basaliob":-0.234,"bolussnooze":2.0E-4,"activity":0.0026,"lastBolusTime":1703770088564,"time":"2023-12-28T15:03:05.546Z"}},{"iob":0.182,"basaliob":-0.08,"bolussnooze":1.0E-4,"activity":0.0039,"lastBolusTime":1703770088564,"time":"2023-12-28T15:08:05.546Z","iobWithZeroTemp":{"iob":0.036,"basaliob":-0.226,"bolussnooze":1.0E-4,"activity":0.0023,"lastBolusTime":1703770088564,"time":"2023-12-28T15:08:05.546Z"}},{"iob":0.163,"basaliob":-0.073,"bolussnooze":0,"activity":0.0036,"lastBolusTime":1703770088564,"time":"2023-12-28T15:13:05.546Z","iobWithZeroTemp":{"iob":0.017,"basaliob":-0.219,"bolussnooze":0,"activity":0.0019,"lastBolusTime":1703770088564,"time":"2023-12-28T15:13:05.546Z"}},{"iob":0.146,"basaliob":-0.066,"bolussnooze":0,"activity":0.0032,"lastBolusTime":1703770088564,"time":"2023-12-28T15:18:05.546Z","iobWithZeroTemp":{"iob":0,"basaliob":-0.212,"bolussnooze":0,"activity":0.0015,"lastBolusTime":1703770088564,"time":"2023-12-28T15:18:05.546Z"}},{"iob":0.131,"basaliob":-0.06,"bolussnooze":0,"activity":0.0029,"lastBolusTime":1703770088564,"time":"2023-12-28T15:23:05.546Z","iobWithZeroTemp":{"iob":-0.015,"basaliob":-0.206,"bolussnooze":0,"activity":0.0012,"lastBolusTime":1703770088564,"time":"2023-12-28T15:23:05.546Z"}},{"iob":0.117,"basaliob":-0.054,"bolussnooze":0,"activity":0.0027,"lastBolusTime":1703770088564,"time":"2023-12-28T15:28:05.546Z","iobWithZeroTemp":{"iob":-0.029,"basaliob":-0.2,"bolussnooze":0,"activity":0.001,"lastBolusTime":1703770088564,"time":"2023-12-28T15:28:05.546Z"}},{"iob":0.104,"basaliob":-0.049,"bolussnooze":0,"activity":0.0024,"lastBolusTime":1703770088564,"time":"2023-12-28T15:33:05.546Z","iobWithZeroTemp":{"iob":-0.042,"basaliob":-0.195,"bolussnooze":0,"activity":7.0E-4,"lastBolusTime":1703770088564,"time":"2023-12-28T15:33:05.546Z"}},{"iob":0.093,"basaliob":-0.044,"bolussnooze":0,"activity":0.0022,"lastBolusTime":1703770088564,"time":"2023-12-28T15:38:05.546Z","iobWithZeroTemp":{"iob":-0.053,"basaliob":-0.19,"bolussnooze":0,"activity":5.0E-4,"lastBolusTime":1703770088564,"time":"2023-12-28T15:38:05.546Z"}},{"iob":0.082,"basaliob":-0.04,"bolussnooze":0,"activity":0.002,"lastBolusTime":1703770088564,"time":"2023-12-28T15:43:05.546Z","iobWithZeroTemp":{"iob":-0.064,"basaliob":-0.186,"bolussnooze":0,"activity":3.0E-4,"lastBolusTime":1703770088564,"time":"2023-12-28T15:43:05.546Z"}},{"iob":0.072,"basaliob":-0.036,"bolussnooze":0,"activity":0.0017,"lastBolusTime":1703770088564,"time":"2023-12-28T15:48:05.546Z","iobWithZeroTemp":{"iob":-0.074,"basaliob":-0.182,"bolussnooze":0,"activity":0,"lastBolusTime":1703770088564,"time":"2023-12-28T15:48:05.546Z"}},{"iob":0.064,"basaliob":-0.032,"bolussnooze":0,"activity":0.0016,"lastBolusTime":1703770088564,"time":"2023-12-28T15:53:05.546Z","iobWithZeroTemp":{"iob":-0.081,"basaliob":-0.177,"bolussnooze":0,"activity":-1.0E-4,"lastBolusTime":1703770088564,"time":"2023-12-28T15:53:05.546Z"}},{"iob":0.056,"basaliob":-0.029,"bolussnooze":0,"activity":0.0015,"lastBolusTime":1703770088564,"time":"2023-12-28T15:58:05.546Z","iobWithZeroTemp":{"iob":-0.089,"basaliob":-0.174,"bolussnooze":0,"activity":-2.0E-4,"lastBolusTime":1703770088564,"time":"2023-12-28T15:58:05.546Z"}},{"iob":0.051,"basaliob":-0.025,"bolussnooze":0,"activity":0.0013,"lastBolusTime":1703770088564,"time":"2023-12-28T16:03:05.546Z","iobWithZeroTemp":{"iob":-0.094,"basaliob":-0.17,"bolussnooze":0,"activity":-4.0E-4,"lastBolusTime":1703770088564,"time":"2023-12-28T16:03:05.546Z"}},{"iob":0.044,"basaliob":-0.023,"bolussnooze":0,"activity":0.0012,"lastBolusTime":1703770088564,"time":"2023-12-28T16:08:05.546Z","iobWithZeroTemp":{"iob":-0.101,"basaliob":-0.168,"bolussnooze":0,"activity":-5.0E-4,"lastBolusTime":1703770088564,"time":"2023-12-28T16:08:05.546Z"}},{"iob":0.039,"basaliob":-0.02,"bolussnooze":0,"activity":0.001,"lastBolusTime":1703770088564,"time":"2023-12-28T16:13:05.546Z","iobWithZeroTemp":{"iob":-0.105,"basaliob":-0.164,"bolussnooze":0,"activity":-7.0E-4,"lastBolusTime":1703770088564,"time":"2023-12-28T16:13:05.546Z"}},{"iob":0.034,"basaliob":-0.018,"bolussnooze":0,"activity":9.0E-4,"lastBolusTime":1703770088564,"time":"2023-12-28T16:18:05.546Z","iobWithZeroTemp":{"iob":-0.11,"basaliob":-0.162,"bolussnooze":0,"activity":-8.0E-4,"lastBolusTime":1703770088564,"time":"2023-12-28T16:18:05.546Z"}},{"iob":0.029,"basaliob":-0.016,"bolussnooze":0,"activity":8.0E-4,"lastBolusTime":1703770088564,"time":"2023-12-28T16:23:05.546Z","iobWithZeroTemp":{"iob":-0.115,"basaliob":-0.16,"bolussnooze":0,"activity":-9.0E-4,"lastBolusTime":1703770088564,"time":"2023-12-28T16:23:05.546Z"}},{"iob":0.026,"basaliob":-0.014,"bolussnooze":0,"activity":8.0E-4,"lastBolusTime":1703770088564,"time":"2023-12-28T16:28:05.546Z","iobWithZeroTemp":{"iob":-0.118,"basaliob":-0.158,"bolussnooze":0,"activity":-9.0E-4,"lastBolusTime":1703770088564,"time":"2023-12-28T16:28:05.546Z"}},{"iob":0.023,"basaliob":-0.012,"bolussnooze":0,"activity":7.0E-4,"lastBolusTime":1703770088564,"time":"2023-12-28T16:33:05.546Z","iobWithZeroTemp":{"iob":-0.12,"basaliob":-0.155,"bolussnooze":0,"activity":-0.001,"lastBolusTime":1703770088564,"time":"2023-12-28T16:33:05.546Z"}},{"iob":0.019,"basaliob":-0.011,"bolussnooze":0,"activity":5.0E-4,"lastBolusTime":1703770088564,"time":"2023-12-28T16:38:05.546Z","iobWithZeroTemp":{"iob":-0.124,"basaliob":-0.154,"bolussnooze":0,"activity":-0.0012,"lastBolusTime":1703770088564,"time":"2023-12-28T16:38:05.546Z"}},{"iob":0.016,"basaliob":-0.01,"bolussnooze":0,"activity":4.0E-4,"lastBolusTime":1703770088564,"time":"2023-12-28T16:43:05.546Z","iobWithZeroTemp":{"iob":-0.127,"basaliob":-0.153,"bolussnooze":0,"activity":-0.0013,"lastBolusTime":1703770088564,"time":"2023-12-28T16:43:05.546Z"}},{"iob":0.015,"basaliob":-0.008,"bolussnooze":0,"activity":5.0E-4,"lastBolusTime":1703770088564,"time":"2023-12-28T16:48:05.546Z","iobWithZeroTemp":{"iob":-0.128,"basaliob":-0.151,"bolussnooze":0,"activity":-0.0012,"lastBolusTime":1703770088564,"time":"2023-12-28T16:48:05.546Z"}},{"iob":0.012,"basaliob":-0.007,"bolussnooze":0,"activity":4.0E-4,"lastBolusTime":1703770088564,"time":"2023-12-28T16:53:05.546Z","iobWithZeroTemp":{"iob":-0.13,"basaliob":-0.149,"bolussnooze":0,"activity":-0.0013,"lastBolusTime":1703770088564,"time":"2023-12-28T16:53:05.546Z"}},{"iob":0.011,"basaliob":-0.006,"bolussnooze":0,"activity":3.0E-4,"lastBolusTime":1703770088564,"time":"2023-12-28T16:58:05.546Z","iobWithZeroTemp":{"iob":-0.131,"basaliob":-0.148,"bolussnooze":0,"activity":-0.0014,"lastBolusTime":1703770088564,"time":"2023-12-28T16:58:05.546Z"}},{"iob":0.008,"basaliob":-0.006,"bolussnooze":0,"activity":2.0E-4,"lastBolusTime":1703770088564,"time":"2023-12-28T17:03:05.546Z","iobWithZeroTemp":{"iob":-0.134,"basaliob":-0.148,"bolussnooze":0,"activity":-0.0015,"lastBolusTime":1703770088564,"time":"2023-12-28T17:03:05.546Z"}},{"iob":0.007,"basaliob":-0.005,"bolussnooze":0,"activity":3.0E-4,"lastBolusTime":1703770088564,"time":"2023-12-28T17:08:05.546Z","iobWithZeroTemp":{"iob":-0.135,"basaliob":-0.147,"bolussnooze":0,"activity":-0.0014,"lastBolusTime":1703770088564,"time":"2023-12-28T17:08:05.546Z"}},{"iob":0.006,"basaliob":-0.004,"bolussnooze":0,"activity":2.0E-4,"lastBolusTime":1703770088564,"time":"2023-12-28T17:13:05.546Z","iobWithZeroTemp":{"iob":-0.136,"basaliob":-0.146,"bolussnooze":0,"activity":-0.0015,"lastBolusTime":1703770088564,"time":"2023-12-28T17:13:05.546Z"}},{"iob":0.005,"basaliob":-0.004,"bolussnooze":0,"activity":2.0E-4,"lastBolusTime":1703770088564,"time":"2023-12-28T17:18:05.546Z","iobWithZeroTemp":{"iob":-0.137,"basaliob":-0.146,"bolussnooze":0,"activity":-0.0015,"lastBolusTime":1703770088564,"time":"2023-12-28T17:18:05.546Z"}},{"iob":0.005,"basaliob":-0.003,"bolussnooze":0,"activity":1.0E-4,"lastBolusTime":1703770088564,"time":"2023-12-28T17:23:05.546Z","iobWithZeroTemp":{"iob":-0.137,"basaliob":-0.145,"bolussnooze":0,"activity":-0.0016,"lastBolusTime":1703770088564,"time":"2023-12-28T17:23:05.546Z"}},{"iob":0.003,"basaliob":-0.003,"bolussnooze":0,"activity":1.0E-4,"lastBolusTime":1703770088564,"time":"2023-12-28T17:28:05.546Z","iobWithZeroTemp":{"iob":-0.138,"basaliob":-0.144,"bolussnooze":0,"activity":-0.0016,"lastBolusTime":1703770088564,"time":"2023-12-28T17:28:05.546Z"}}],"profile":{"max_iob":10,"type":"current","max_daily_basal":0.35,"max_basal":1.05,"min_bg":90,"max_bg":90,"target_bg":90,"carb_ratio":8.5,"sens":110,"max_daily_safety_multiplier":3,"current_basal_safety_multiplier":4,"lgsThreshold":95,"high_temptarget_raises_sensitivity":true,"low_temptarget_lowers_sensitivity":true,"sensitivity_raises_target":true,"resistance_lowers_target":true,"adv_target_adjustments":false,"exercise_mode":false,"half_basal_exercise_target":160,"maxCOB":120,"skip_neutral_temps":false,"remainingCarbsCap":90,"enableUAM":true,"A52_risk_enable":false,"SMBInterval":3,"enableSMB_with_COB":true,"enableSMB_with_temptarget":true,"allowSMB_with_high_temptarget":false,"enableSMB_always":false,"enableSMB_after_carbs":true,"maxSMBBasalMinutes":30,"maxUAMSMBBasalMinutes":45,"bolus_increment":0.05,"carbsReqThreshold":2,"current_basal":0.3,"temptargetSet":true,"autosens_max":1.3,"autosens_min":0.7,"variable_sens":98.4,"insulinDivisor":75,"TDD":15.904762148809526},"autosens_data":{"ratio":0.8785611580922672},"meal_data":{"carbs":30,"mealCOB":10.884281818181808,"slopeFromMaxDeviation":-0.03763636363636361,"slopeFromMinDeviation":1.6294999999999997,"lastBolusTime":1703770088564,"lastCarbTime":1703765896469},"microBolusAllowed":true,"currentTime":1703770386057,"flatBGsDetected":false,"tdd1D":17.627083333333335,"tdd7D":16.608595238095237,"tddLast24H":14.591666666666665,"tddLast4H":4.229166666666666,"tddLast8to4H":2.3333333333333335},"output":{"temp":"absolute","bg":162,"tick":"+6","eventualBG":217,"targetBG":90,"insulinReq":0.9,"deliverAt":"2023-12-28T13:33:06.057Z","sensitivityRatio":1.2,"variable_sens":98.4,"predBGs":{"IOB":[162,167,171,174,177,178,180,180,180,179,177,174,170,167,164,161,158,156,153,151,149,147,146,144,143,142,140,139,138,138,137,136,135,135,134,134,133,133,133,133,132,132,132,132,132,132,131],"ZT":[162,155,148,141,134,128,122,116,110,105,100,95,91,87,83,80,77,74,71,69,67,66,64,63,62,61,61,61,61,61,61,61,62,63,63,64,65,66,67,68,69,70,71,73,74,75,76,78],"COB":[162,167,172,176,180,184,187,190,193,195,197,199,200,201,201,201,201,200,199,197,195,194,192,191,189,188,187,186,185,184,184,183,182,182,182,181,181,180,180,180,180,180,179],"UAM":[162,167,172,177,182,187,191,196,200,204,207,211,214,217,219,222,224,225,226,227,228,228,227,227,226,225,224,223,222,221,221,220,220,219,219,219,218,218,218,218,217]},"reason":"COB: 10.9, Dev: 77, BGI: -7, ISF: 98, CR: 8.5, Target: 90, minPredBG 179, minGuardBG 167, IOBpredBG 131, COBpredBG 179, UAMpredBG 217; Eventual BG 217 >= 90,  insulinReq 0.9; maxBolus 0.2. Microbolusing 0.2U. adj. req. rate: 2.16 to maxSafeBasal: 1.0499999999999998, temp 0.05 < 1.05U\/hr. ","COB":10.884281818181808,"IOB":1.012,"units":0.2,"duration":30,"rate":1.0499999999999998,"timestamp":"2023-12-28T13:33:06.071Z"}}