{"algorithm":"OpenAPSSMBDynamicISFPlugin","input":{"glucoseStatus":{"glucose":128,"noise":0,"delta":-1.61,"short_avgdelta":-1.61,"long_avgdelta":-1.51,"date":1703798265000},"currenttemp":{"temp":"absolute","duration":25,"rate":0.2,"minutesrunning":5},"iob_data":[{"iob":0.481,"basaliob":-0.336,"bolussnooze":0.1461,"activity":0.0101,"lastBolusTime":1703794854293,"time":"2023-12-28T21:18:11.071Z","iobWithZeroTemp":{"iob":0.481,"basaliob":-0.336,"bolussnooze":0.1461,"activity":0.0101,"lastBolusTime":1703794854293,"time":"2023-12-28T21:18:11.071Z"}},{"iob":0.432,"basaliob":-0.318,"bolussnooze":0.1202,"activity":0.0093,"lastBolusTime":1703794854293,"time":"2023-12-28T21:23:11.071Z","iobWithZeroTemp":{"iob":0.412,"basaliob":-0.338,"bolussnooze":0.1202,"activity":0.0093,"lastBolusTime":1703794854293,"time":"2023-12-28T21:23:11.071Z"}},{"iob":0.388,"basaliob":-0.3,"bolussnooze":0.0983,"activity":0.0085,"lastBolusTime":1703794854293,"time":"2023-12-28T21:28:11.071Z","iobWithZeroTemp":{"iob":0.343,"basaliob":-0.345,"bolussnooze":0.0983,"activity":0.0084,"lastBolusTime":1703794854293,"time":"2023-12-28T21:28:11.071Z"}},{"iob":0.348,"basaliob":-0.282,"bolussnooze":0.0799,"activity":0.0076,"lastBolusTime":1703794854293,"time":"2023-12-28T21:33:11.071Z","iobWithZeroTemp":{"iob":0.279,"basaliob":-0.351,"bolussnooze":0.0799,"activity":0.0074,"lastBolusTime":1703794854293,"time":"2023-12-28T21:33:11.071Z"}},{"iob":0.312,"basaliob":-0.264,"bolussnooze":0.0647,"activity":0.007,"lastBolusTime":1703794854293,"time":"2023-12-28T21:38:11.071Z","iobWithZeroTemp":{"iob":0.219,"basaliob":-0.357,"bolussnooze":0.0647,"activity":0.0066,"lastBolusTime":1703794854293,"time":"2023-12-28T21:38:11.071Z"}},{"iob":0.278,"basaliob":-0.247,"bolussnooze":0.052,"activity":0.0063,"lastBolusTime":1703794854293,"time":"2023-12-28T21:43:11.071Z","iobWithZeroTemp":{"iob":0.163,"basaliob":-0.362,"bolussnooze":0.052,"activity":0.0058,"lastBolusTime":1703794854293,"time":"2023-12-28T21:43:11.071Z"}},{"iob":0.248,"basaliob":-0.23,"bolussnooze":0.0417,"activity":0.0057,"lastBolusTime":1703794854293,"time":"2023-12-28T21:48:11.071Z","iobWithZeroTemp":{"iob":0.111,"basaliob":-0.367,"bolussnooze":0.0417,"activity":0.005,"lastBolusTime":1703794854293,"time":"2023-12-28T21:48:11.071Z"}},{"iob":0.221,"basaliob":-0.214,"bolussnooze":0.0332,"activity":0.0051,"lastBolusTime":1703794854293,"time":"2023-12-28T21:53:11.071Z","iobWithZeroTemp":{"iob":0.063,"basaliob":-0.372,"bolussnooze":0.0332,"activity":0.0042,"lastBolusTime":1703794854293,"time":"2023-12-28T21:53:11.071Z"}},{"iob":0.197,"basaliob":-0.198,"bolussnooze":0.0264,"activity":0.0047,"lastBolusTime":1703794854293,"time":"2023-12-28T21:58:11.071Z","iobWithZeroTemp":{"iob":0.019,"basaliob":-0.376,"bolussnooze":0.0264,"activity":0.0036,"lastBolusTime":1703794854293,"time":"2023-12-28T21:58:11.071Z"}},{"iob":0.174,"basaliob":-0.184,"bolussnooze":0.0208,"activity":0.0042,"lastBolusTime":1703794854293,"time":"2023-12-28T22:03:11.071Z","iobWithZeroTemp":{"iob":-0.019,"basaliob":-0.377,"bolussnooze":0.0208,"activity":0.0029,"lastBolusTime":1703794854293,"time":"2023-12-28T22:03:11.071Z"}},{"iob":0.155,"basaliob":-0.169,"bolussnooze":0.0162,"activity":0.0038,"lastBolusTime":1703794854293,"time":"2023-12-28T22:08:11.071Z","iobWithZeroTemp":{"iob":-0.052,"basaliob":-0.376,"bolussnooze":0.0162,"activity":0.0023,"lastBolusTime":1703794854293,"time":"2023-12-28T22:08:11.071Z"}},{"iob":0.136,"basaliob":-0.156,"bolussnooze":0.0126,"activity":0.0034,"lastBolusTime":1703794854293,"time":"2023-12-28T22:13:11.071Z","iobWithZeroTemp":{"iob":-0.084,"basaliob":-0.376,"bolussnooze":0.0126,"activity":0.0017,"lastBolusTime":1703794854293,"time":"2023-12-28T22:13:11.071Z"}},{"iob":0.12,"basaliob":-0.144,"bolussnooze":0.0096,"activity":0.0031,"lastBolusTime":1703794854293,"time":"2023-12-28T22:18:11.071Z","iobWithZeroTemp":{"iob":-0.111,"basaliob":-0.375,"bolussnooze":0.0096,"activity":0.0012,"lastBolusTime":1703794854293,"time":"2023-12-28T22:18:11.071Z"}},{"iob":0.106,"basaliob":-0.132,"bolussnooze":0.0073,"activity":0.0027,"lastBolusTime":1703794854293,"time":"2023-12-28T22:23:11.071Z","iobWithZeroTemp":{"iob":-0.136,"basaliob":-0.374,"bolussnooze":0.0073,"activity":6.0E-4,"lastBolusTime":1703794854293,"time":"2023-12-28T22:23:11.071Z"}},{"iob":0.093,"basaliob":-0.121,"bolussnooze":0.0054,"activity":0.0025,"lastBolusTime":1703794854293,"time":"2023-12-28T22:28:11.071Z","iobWithZeroTemp":{"iob":-0.159,"basaliob":-0.373,"bolussnooze":0.0054,"activity":3.0E-4,"lastBolusTime":1703794854293,"time":"2023-12-28T22:28:11.071Z"}},{"iob":0.081,"basaliob":-0.111,"bolussnooze":0.0039,"activity":0.0022,"lastBolusTime":1703794854293,"time":"2023-12-28T22:33:11.071Z","iobWithZeroTemp":{"iob":-0.181,"basaliob":-0.373,"bolussnooze":0.0039,"activity":-2.0E-4,"lastBolusTime":1703794854293,"time":"2023-12-28T22:33:11.071Z"}},{"iob":0.071,"basaliob":-0.101,"bolussnooze":0.0028,"activity":0.002,"lastBolusTime":1703794854293,"time":"2023-12-28T22:38:11.071Z","iobWithZeroTemp":{"iob":-0.199,"basaliob":-0.371,"bolussnooze":0.0028,"activity":-5.0E-4,"lastBolusTime":1703794854293,"time":"2023-12-28T22:38:11.071Z"}},{"iob":0.062,"basaliob":-0.092,"bolussnooze":0.002,"activity":0.0018,"lastBolusTime":1703794854293,"time":"2023-12-28T22:43:11.071Z","iobWithZeroTemp":{"iob":-0.216,"basaliob":-0.37,"bolussnooze":0.002,"activity":-9.0E-4,"lastBolusTime":1703794854293,"time":"2023-12-28T22:43:11.071Z"}},{"iob":0.053,"basaliob":-0.084,"bolussnooze":0.0013,"activity":0.0015,"lastBolusTime":1703794854293,"time":"2023-12-28T22:48:11.071Z","iobWithZeroTemp":{"iob":-0.232,"basaliob":-0.369,"bolussnooze":0.0013,"activity":-0.0013,"lastBolusTime":1703794854293,"time":"2023-12-28T22:48:11.071Z"}},{"iob":0.046,"basaliob":-0.076,"bolussnooze":8.0E-4,"activity":0.0013,"lastBolusTime":1703794854293,"time":"2023-12-28T22:53:11.071Z","iobWithZeroTemp":{"iob":-0.246,"basaliob":-0.368,"bolussnooze":8.0E-4,"activity":-0.0016,"lastBolusTime":1703794854293,"time":"2023-12-28T22:53:11.071Z"}},{"iob":0.04,"basaliob":-0.069,"bolussnooze":5.0E-4,"activity":0.0012,"lastBolusTime":1703794854293,"time":"2023-12-28T22:58:11.071Z","iobWithZeroTemp":{"iob":-0.258,"basaliob":-0.367,"bolussnooze":5.0E-4,"activity":-0.0018,"lastBolusTime":1703794854293,"time":"2023-12-28T22:58:11.071Z"}},{"iob":0.033,"basaliob":-0.063,"bolussnooze":3.0E-4,"activity":0.0011,"lastBolusTime":1703794854293,"time":"2023-12-28T23:03:11.071Z","iobWithZeroTemp":{"iob":-0.27,"basaliob":-0.366,"bolussnooze":3.0E-4,"activity":-0.002,"lastBolusTime":1703794854293,"time":"2023-12-28T23:03:11.071Z"}},{"iob":0.028,"basaliob":-0.057,"bolussnooze":1.0E-4,"activity":0.001,"lastBolusTime":1703794854293,"time":"2023-12-28T23:08:11.071Z","iobWithZeroTemp":{"iob":-0.28,"basaliob":-0.365,"bolussnooze":1.0E-4,"activity":-0.0022,"lastBolusTime":1703794854293,"time":"2023-12-28T23:08:11.071Z"}},{"iob":0.024,"basaliob":-0.051,"bolussnooze":0,"activity":8.0E-4,"lastBolusTime":1703794854293,"time":"2023-12-28T23:13:11.071Z","iobWithZeroTemp":{"iob":-0.288,"basaliob":-0.363,"bolussnooze":0,"activity":-0.0025,"lastBolusTime":1703794854293,"time":"2023-12-28T23:13:11.071Z"}},{"iob":0.02,"basaliob":-0.046,"bolussnooze":0,"activity":7.0E-4,"lastBolusTime":1703794854293,"time":"2023-12-28T23:18:11.071Z","iobWithZeroTemp":{"iob":-0.297,"basaliob":-0.363,"bolussnooze":0,"activity":-0.0027,"lastBolusTime":1703794854293,"time":"2023-12-28T23:18:11.071Z"}},{"iob":0.016,"basaliob":-0.042,"bolussnooze":0,"activity":6.0E-4,"lastBolusTime":1703794854293,"time":"2023-12-28T23:23:11.071Z","iobWithZeroTemp":{"iob":-0.304,"basaliob":-0.362,"bolussnooze":0,"activity":-0.0029,"lastBolusTime":1703794854293,"time":"2023-12-28T23:23:11.071Z"}},{"iob":0.014,"basaliob":-0.037,"bolussnooze":0,"activity":6.0E-4,"lastBolusTime":1703794854293,"time":"2023-12-28T23:28:11.071Z","iobWithZeroTemp":{"iob":-0.31,"basaliob":-0.361,"bolussnooze":0,"activity":-0.0029,"lastBolusTime":1703794854293,"time":"2023-12-28T23:28:11.071Z"}},{"iob":0.012,"basaliob":-0.033,"bolussnooze":0,"activity":5.0E-4,"lastBolusTime":1703794854293,"time":"2023-12-28T23:33:11.071Z","iobWithZeroTemp":{"iob":-0.315,"basaliob":-0.36,"bolussnooze":0,"activity":-0.0031,"lastBolusTime":1703794854293,"time":"2023-12-28T23:33:11.071Z"}},{"iob":0.009,"basaliob":-0.03,"bolussnooze":0,"activity":4.0E-4,"lastBolusTime":1703794854293,"time":"2023-12-28T23:38:11.071Z","iobWithZeroTemp":{"iob":-0.32,"basaliob":-0.359,"bolussnooze":0,"activity":-0.0033,"lastBolusTime":1703794854293,"time":"2023-12-28T23:38:11.071Z"}},{"iob":0.007,"basaliob":-0.027,"bolussnooze":0,"activity":4.0E-4,"lastBolusTime":1703794854293,"time":"2023-12-28T23:43:11.071Z","iobWithZeroTemp":{"iob":-0.325,"basaliob":-0.359,"bolussnooze":0,"activity":-0.0033,"lastBolusTime":1703794854293,"time":"2023-12-28T23:43:11.071Z"}},{"iob":0.006,"basaliob":-0.024,"bolussnooze":0,"activity":3.0E-4,"lastBolusTime":1703794854293,"time":"2023-12-28T23:48:11.071Z","iobWithZeroTemp":{"iob":-0.328,"basaliob":-0.358,"bolussnooze":0,"activity":-0.0035,"lastBolusTime":1703794854293,"time":"2023-12-28T23:48:11.071Z"}},{"iob":0.005,"basaliob":-0.021,"bolussnooze":0,"activity":3.0E-4,"lastBolusTime":1703794854293,"time":"2023-12-28T23:53:11.071Z","iobWithZeroTemp":{"iob":-0.331,"basaliob":-0.357,"bolussnooze":0,"activity":-0.0035,"lastBolusTime":1703794854293,"time":"2023-12-28T23:53:11.071Z"}},{"iob":0.003,"basaliob":-0.019,"bolussnooze":0,"activity":2.0E-4,"lastBolusTime":1703794854293,"time":"2023-12-28T23:58:11.071Z","iobWithZeroTemp":{"iob":-0.335,"basaliob":-0.357,"bolussnooze":0,"activity":-0.0036,"lastBolusTime":1703794854293,"time":"2023-12-28T23:58:11.071Z"}},{"iob":0.002,"basaliob":-0.017,"bolussnooze":0,"activity":2.0E-4,"lastBolusTime":1703794854293,"time":"2023-12-29T00:03:11.071Z","iobWithZeroTemp":{"iob":-0.333,"basaliob":-0.352,"bolussnooze":0,"activity":-0.0037,"lastBolusTime":1703794854293,"time":"2023-12-29T00:03:11.071Z"}},{"iob":0.001,"basaliob":-0.015,"bolussnooze":0,"activity":1.0E-4,"lastBolusTime":1703794854293,"time":"2023-12-29T00:08:11.071Z","iobWithZeroTemp":{"iob":-0.332,"basaliob":-0.348,"bolussnooze":0,"activity":-0.0038,"lastBolusTime":1703794854293,"time":"2023-12-29T00:08:11.071Z"}},{"iob":0.001,"basaliob":-0.013,"bolussnooze":0,"activity":1.0E-4,"lastBolusTime":1703794854293,"time":"2023-12-29T00:13:11.071Z","iobWithZeroTemp":{"iob":-0.329,"basaliob":-0.343,"bolussnooze":0,"activity":-0.0038,"lastBolusTime":1703794854293,"time":"2023-12-29T00:13:11.071Z"}},{"iob":0,"basaliob":-0.012,"bolussnooze":0,"activity":1.0E-4,"lastBolusTime":1703794854293,"time":"2023-12-29T00:18:11.071Z","iobWithZeroTemp":{"iob":-0.327,"basaliob":-0.339,"bolussnooze":0,"activity":-0.0038,"lastBolusTime":1703794854293,"time":"2023-12-29T00:18:11.071Z"}},{"iob":0,"basaliob":-0.01,"bolussnooze":0,"activity":0,"lastBolusTime":1703794854293,"time":"2023-12-29T00:23:11.071Z","iobWithZeroTemp":{"iob":-0.324,"basaliob":-0.334,"bolussnooze":0,"activity":-0.0039,"lastBolusTime":1703794854293,"time":"2023-12-29T00:23:11.071Z"}},{"iob":-0.001,"basaliob":-0.009,"bolussnooze":0,"activity":1.0E-4,"lastBolusTime":1703794854293,"time":"2023-12-29T00:28:11.071Z","iobWithZeroTemp":{"iob":-0.323,"basaliob":-0.331,"bolussnooze":0,"activity":-0.0038,"lastBolusTime":1703794854293,"time":"2023-12-29T00:28:11.071Z"}},{"iob":-0.001,"basaliob":-0.008,"bolussnooze":0,"activity":0,"lastBolusTime":1703794854293,"time":"2023-12-29T00:33:11.071Z","iobWithZeroTemp":{"iob":-0.32,"basaliob":-0.327,"bolussnooze":0,"activity":-0.0039,"lastBolusTime":1703794854293,"time":"2023-12-29T00:33:11.071Z"}},{"iob":-0.001,"basaliob":-0.007,"bolussnooze":0,"activity":0,"lastBolusTime":1703794854293,"time":"2023-12-29T00:38:11.071Z","iobWithZeroTemp":{"iob":-0.317,"basaliob":-0.323,"bolussnooze":0,"activity":-0.0038,"lastBolusTime":1703794854293,"time":"2023-12-29T00:38:11.071Z"}},{"iob":-0.001,"basaliob":-0.006,"bolussnooze":0,"activity":0,"lastBolusTime":1703794854293,"time":"2023-12-29T00:43:11.071Z","iobWithZeroTemp":{"iob":-0.315,"basaliob":-0.32,"bolussnooze":0,"activity":-0.0038,"lastBolusTime":1703794854293,"time":"2023-12-29T00:43:11.071Z"}},{"iob":-0.001,"basaliob":-0.005,"bolussnooze":0,"activity":0,"lastBolusTime":1703794854293,"time":"2023-12-29T00:48:11.071Z","iobWithZeroTemp":{"iob":-0.312,"basaliob":-0.316,"bolussnooze":0,"activity":-0.0038,"lastBolusTime":1703794854293,"time":"2023-12-29T00:48:11.071Z"}},{"iob":-0.001,"basaliob":-0.004,"bolussnooze":0,"activity":0,"lastBolusTime":1703794854293,"time":"2023-12-29T00:53:11.071Z","iobWithZeroTemp":{"iob":-0.31,"basaliob":-0.313,"bolussnooze":0,"activity":-0.0038,"lastBolusTime":1703794854293,"time":"2023-12-29T00:53:11.071Z"}},{"iob":-0.001,"basaliob":-0.004,"bolussnooze":0,"activity":0,"lastBolusTime":1703794854293,"time":"2023-12-29T00:58:11.071Z","iobWithZeroTemp":{"iob":-0.308,"basaliob":-0.311,"bolussnooze":0,"activity":-0.0038,"lastBolusTime":1703794854293,"time":"2023-12-29T00:58:11.071Z"}},{"iob":-0.001,"basaliob":-0.003,"bolussnooze":0,"activity":0,"lastBolusTime":1703794854293,"time":"2023-12-29T01:03:11.071Z","iobWithZeroTemp":{"iob":-0.302,"basaliob":-0.304,"bolussnooze":0,"activity":-0.0037,"lastBolusTime":1703794854293,"time":"2023-12-29T01:03:11.071Z"}},{"iob":-0.001,"basaliob":-0.003,"bolussnooze":0,"activity":0,"lastBolusTime":1703794854293,"time":"2023-12-29T01:08:11.071Z","iobWithZeroTemp":{"iob":-0.296,"basaliob":-0.298,"bolussnooze":0,"activity":-0.0037,"lastBolusTime":1703794854293,"time":"2023-12-29T01:08:11.071Z"}},{"iob":0,"basaliob":-0.002,"bolussnooze":0,"activity":0,"lastBolusTime":1703794854293,"time":"2023-12-29T01:13:11.071Z","iobWithZeroTemp":{"iob":-0.289,"basaliob":-0.291,"bolussnooze":0,"activity":-0.0037,"lastBolusTime":1703794854293,"time":"2023-12-29T01:13:11.071Z"}}],"profile":{"max_iob":10,"type":"current","max_daily_basal":0.35,"max_basal":1.05,"min_bg":90,"max_bg":90,"target_bg":90,"carb_ratio":8.5,"sens":110,"max_daily_safety_multiplier":3,"current_basal_safety_multiplier":4,"lgsThreshold":95,"high_temptarget_raises_sensitivity":true,"low_temptarget_lowers_sensitivity":true,"sensitivity_raises_target":true,"resistance_lowers_target":true,"adv_target_adjustments":false,"exercise_mode":false,"half_basal_exercise_target":160,"maxCOB":120,"skip_neutral_temps":false,"remainingCarbsCap":90,"enableUAM":true,"A52_risk_enable":false,"SMBInterval":3,"enableSMB_with_COB":true,"enableSMB_with_temptarget":true,"allowSMB_with_high_temptarget":false,"enableSMB_always":false,"enableSMB_after_carbs":true,"maxSMBBasalMinutes":45,"maxUAMSMBBasalMinutes":45,"bolus_increment":0.05,"carbsReqThreshold":2,"current_basal":0.3,"temptargetSet":false,"autosens_max":1.3,"autosens_min":0.7,"variable_sens":117.8,"insulinDivisor":75,"TDD":15.345865898809523},"autosens_data":{"ratio":0.8306442017257273},"meal_data":{"carbs":20,"mealCOB":0.019977272727278672,"slopeFromMaxDeviation":-0.4709090909090908,"slopeFromMinDeviation":0,"lastBolusTime":1703794854293,"lastCarbTime":1703789723443},"microBolusAllowed":true,"currentTime":1703798292760,"flatBGsDetected":false,"tdd1D":17.627083333333335,"tdd7D":16.608595238095237,"tddLast24H":13.795833333333334,"tddLast4H":3.945833333333333,"tddLast8to4H":1.8875},"output":{"temp":"absolute","bg":128,"tick":-2,"eventualBG":97,"targetBG":96,"insulinReq":0,"deliverAt":"2023-12-28T21:18:12.760Z","sensitivityRatio":0.8306442017257273,"variable_sens":117.8,"predBGs":{"IOB":[128,126,124,122,120,119,117,115,113,111,109,107,105,103,101,99,98,96,95,94,93,92,92,91,90,90,89,89,88,88,88,88,87],"ZT":[128,122,116,111,106,102,98,95,92,89,87,85,84,83,82,82,82,83,83,84,85,87,88,90,92,94,96],"COB":[128,122,117,112,107,103,99,96,93,90,88,85,83,82,80,79,77,76,75,74,73,73,72,71,71,71,70,70,70,69,69,69,69,69,68],"UAM":[128,126,124,121,119,117,114,112,109,106,103,101,98,96,94,93,91,89,88,87,86,85,84,83,83,82,82,81,81,81,80,80,80,80,79]},"reason":"COB: 0, Dev: 26, BGI: -6, ISF: 118, CR: 8.5, Target: 96, minPredBG 82, minGuardBG 79, IOBpredBG 87, COBpredBG 68, UAMpredBG 79; minGuardBG 79<95","COB":0.019977272727278672,"IOB":0.481,"duration":30,"rate":0,"timestamp":"2023-12-28T21:18:12.801Z"}}