{"algorithm":"OpenAPSSMBDynamicISFPlugin","input":{"glucoseStatus":{"glucose":92,"noise":0,"delta":-2.61,"short_avgdelta":-2.61,"long_avgdelta":-1.09,"date":1703779064000},"currenttemp":{"temp":"absolute","duration":85,"rate":0,"minutesrunning":35},"iob_data":[{"iob":0.068,"basaliob":-0.161,"bolussnooze":0.0019,"activity":0.0028,"lastBolusTime":1703770992245,"time":"2023-12-28T15:58:06.818Z","iobWithZeroTemp":{"iob":0.068,"basaliob":-0.161,"bolussnooze":0.0019,"activity":0.0028,"lastBolusTime":1703770992245,"time":"2023-12-28T15:58:06.818Z"}},{"iob":0.055,"basaliob":-0.151,"bolussnooze":0.0013,"activity":0.0024,"lastBolusTime":1703770992245,"time":"2023-12-28T16:03:06.818Z","iobWithZeroTemp":{"iob":0.048,"basaliob":-0.158,"bolussnooze":0.0013,"activity":0.0024,"lastBolusTime":1703770992245,"time":"2023-12-28T16:03:06.818Z"}},{"iob":0.044,"basaliob":-0.14,"bolussnooze":8.0E-4,"activity":0.0021,"lastBolusTime":1703770992245,"time":"2023-12-28T16:08:06.818Z","iobWithZeroTemp":{"iob":0.029,"basaliob":-0.155,"bolussnooze":8.0E-4,"activity":0.0021,"lastBolusTime":1703770992245,"time":"2023-12-28T16:08:06.818Z"}},{"iob":0.034,"basaliob":-0.131,"bolussnooze":5.0E-4,"activity":0.0018,"lastBolusTime":1703770992245,"time":"2023-12-28T16:13:06.818Z","iobWithZeroTemp":{"iob":0.011,"basaliob":-0.154,"bolussnooze":5.0E-4,"activity":0.0017,"lastBolusTime":1703770992245,"time":"2023-12-28T16:13:06.818Z"}},{"iob":0.026,"basaliob":-0.121,"bolussnooze":2.0E-4,"activity":0.0016,"lastBolusTime":1703770992245,"time":"2023-12-28T16:18:06.818Z","iobWithZeroTemp":{"iob":-0.005,"basaliob":-0.152,"bolussnooze":2.0E-4,"activity":0.0015,"lastBolusTime":1703770992245,"time":"2023-12-28T16:18:06.818Z"}},{"iob":0.019,"basaliob":-0.112,"bolussnooze":1.0E-4,"activity":0.0012,"lastBolusTime":1703770992245,"time":"2023-12-28T16:23:06.818Z","iobWithZeroTemp":{"iob":-0.019,"basaliob":-0.15,"bolussnooze":1.0E-4,"activity":0.001,"lastBolusTime":1703770992245,"time":"2023-12-28T16:23:06.818Z"}},{"iob":0.013,"basaliob":-0.104,"bolussnooze":0,"activity":0.0011,"lastBolusTime":1703770992245,"time":"2023-12-28T16:28:06.818Z","iobWithZeroTemp":{"iob":-0.033,"basaliob":-0.15,"bolussnooze":0,"activity":9.0E-4,"lastBolusTime":1703770992245,"time":"2023-12-28T16:28:06.818Z"}},{"iob":0.008,"basaliob":-0.096,"bolussnooze":0,"activity":9.0E-4,"lastBolusTime":1703770992245,"time":"2023-12-28T16:33:06.818Z","iobWithZeroTemp":{"iob":-0.045,"basaliob":-0.149,"bolussnooze":0,"activity":6.0E-4,"lastBolusTime":1703770992245,"time":"2023-12-28T16:33:06.818Z"}},{"iob":0.004,"basaliob":-0.088,"bolussnooze":0,"activity":7.0E-4,"lastBolusTime":1703770992245,"time":"2023-12-28T16:38:06.818Z","iobWithZeroTemp":{"iob":-0.055,"basaliob":-0.147,"bolussnooze":0,"activity":3.0E-4,"lastBolusTime":1703770992245,"time":"2023-12-28T16:38:06.818Z"}},{"iob":0,"basaliob":-0.081,"bolussnooze":0,"activity":6.0E-4,"lastBolusTime":1703770992245,"time":"2023-12-28T16:43:06.818Z","iobWithZeroTemp":{"iob":-0.066,"basaliob":-0.147,"bolussnooze":0,"activity":2.0E-4,"lastBolusTime":1703770992245,"time":"2023-12-28T16:43:06.818Z"}},{"iob":-0.002,"basaliob":-0.074,"bolussnooze":0,"activity":5.0E-4,"lastBolusTime":1703770992245,"time":"2023-12-28T16:48:06.818Z","iobWithZeroTemp":{"iob":-0.074,"basaliob":-0.146,"bolussnooze":0,"activity":0,"lastBolusTime":1703770992245,"time":"2023-12-28T16:48:06.818Z"}},{"iob":-0.005,"basaliob":-0.068,"bolussnooze":0,"activity":4.0E-4,"lastBolusTime":1703770992245,"time":"2023-12-28T16:53:06.818Z","iobWithZeroTemp":{"iob":-0.082,"basaliob":-0.145,"bolussnooze":0,"activity":-2.0E-4,"lastBolusTime":1703770992245,"time":"2023-12-28T16:53:06.818Z"}},{"iob":-0.007,"basaliob":-0.062,"bolussnooze":0,"activity":3.0E-4,"lastBolusTime":1703770992245,"time":"2023-12-28T16:58:06.818Z","iobWithZeroTemp":{"iob":-0.089,"basaliob":-0.144,"bolussnooze":0,"activity":-4.0E-4,"lastBolusTime":1703770992245,"time":"2023-12-28T16:58:06.818Z"}},{"iob":-0.007,"basaliob":-0.056,"bolussnooze":0,"activity":2.0E-4,"lastBolusTime":1703770992245,"time":"2023-12-28T17:03:06.818Z","iobWithZeroTemp":{"iob":-0.094,"basaliob":-0.143,"bolussnooze":0,"activity":-5.0E-4,"lastBolusTime":1703770992245,"time":"2023-12-28T17:03:06.818Z"}},{"iob":-0.009,"basaliob":-0.051,"bolussnooze":0,"activity":1.0E-4,"lastBolusTime":1703770992245,"time":"2023-12-28T17:08:06.818Z","iobWithZeroTemp":{"iob":-0.101,"basaliob":-0.143,"bolussnooze":0,"activity":-7.0E-4,"lastBolusTime":1703770992245,"time":"2023-12-28T17:08:06.818Z"}},{"iob":-0.01,"basaliob":-0.047,"bolussnooze":0,"activity":1.0E-4,"lastBolusTime":1703770992245,"time":"2023-12-28T17:13:06.818Z","iobWithZeroTemp":{"iob":-0.106,"basaliob":-0.143,"bolussnooze":0,"activity":-8.0E-4,"lastBolusTime":1703770992245,"time":"2023-12-28T17:13:06.818Z"}},{"iob":-0.01,"basaliob":-0.042,"bolussnooze":0,"activity":1.0E-4,"lastBolusTime":1703770992245,"time":"2023-12-28T17:18:06.818Z","iobWithZeroTemp":{"iob":-0.11,"basaliob":-0.142,"bolussnooze":0,"activity":-8.0E-4,"lastBolusTime":1703770992245,"time":"2023-12-28T17:18:06.818Z"}},{"iob":-0.01,"basaliob":-0.038,"bolussnooze":0,"activity":0,"lastBolusTime":1703770992245,"time":"2023-12-28T17:23:06.818Z","iobWithZeroTemp":{"iob":-0.114,"basaliob":-0.142,"bolussnooze":0,"activity":-0.001,"lastBolusTime":1703770992245,"time":"2023-12-28T17:23:06.818Z"}},{"iob":-0.011,"basaliob":-0.035,"bolussnooze":0,"activity":0,"lastBolusTime":1703770992245,"time":"2023-12-28T17:28:06.818Z","iobWithZeroTemp":{"iob":-0.118,"basaliob":-0.142,"bolussnooze":0,"activity":-0.001,"lastBolusTime":1703770992245,"time":"2023-12-28T17:28:06.818Z"}},{"iob":-0.01,"basaliob":-0.031,"bolussnooze":0,"activity":0,"lastBolusTime":1703770992245,"time":"2023-12-28T17:33:06.818Z","iobWithZeroTemp":{"iob":-0.12,"basaliob":-0.141,"bolussnooze":0,"activity":-0.0011,"lastBolusTime":1703770992245,"time":"2023-12-28T17:33:06.818Z"}},{"iob":-0.01,"basaliob":-0.028,"bolussnooze":0,"activity":0,"lastBolusTime":1703770992245,"time":"2023-12-28T17:38:06.818Z","iobWithZeroTemp":{"iob":-0.123,"basaliob":-0.141,"bolussnooze":0,"activity":-0.0011,"lastBolusTime":1703770992245,"time":"2023-12-28T17:38:06.818Z"}},{"iob":-0.01,"basaliob":-0.025,"bolussnooze":0,"activity":0,"lastBolusTime":1703770992245,"time":"2023-12-28T17:43:06.818Z","iobWithZeroTemp":{"iob":-0.126,"basaliob":-0.141,"bolussnooze":0,"activity":-0.0012,"lastBolusTime":1703770992245,"time":"2023-12-28T17:43:06.818Z"}},{"iob":-0.01,"basaliob":-0.023,"bolussnooze":0,"activity":-1.0E-4,"lastBolusTime":1703770992245,"time":"2023-12-28T17:48:06.818Z","iobWithZeroTemp":{"iob":-0.128,"basaliob":-0.141,"bolussnooze":0,"activity":-0.0013,"lastBolusTime":1703770992245,"time":"2023-12-28T17:48:06.818Z"}},{"iob":-0.01,"basaliob":-0.021,"bolussnooze":0,"activity":0,"lastBolusTime":1703770992245,"time":"2023-12-28T17:53:06.818Z","iobWithZeroTemp":{"iob":-0.13,"basaliob":-0.141,"bolussnooze":0,"activity":-0.0012,"lastBolusTime":1703770992245,"time":"2023-12-28T17:53:06.818Z"}},{"iob":-0.009,"basaliob":-0.018,"bolussnooze":0,"activity":-1.0E-4,"lastBolusTime":1703770992245,"time":"2023-12-28T17:58:06.818Z","iobWithZeroTemp":{"iob":-0.131,"basaliob":-0.14,"bolussnooze":0,"activity":-0.0014,"lastBolusTime":1703770992245,"time":"2023-12-28T17:58:06.818Z"}},{"iob":-0.009,"basaliob":-0.017,"bolussnooze":0,"activity":-1.0E-4,"lastBolusTime":1703770992245,"time":"2023-12-28T18:03:06.818Z","iobWithZeroTemp":{"iob":-0.133,"basaliob":-0.141,"bolussnooze":0,"activity":-0.0014,"lastBolusTime":1703770992245,"time":"2023-12-28T18:03:06.818Z"}},{"iob":-0.008,"basaliob":-0.015,"bolussnooze":0,"activity":-1.0E-4,"lastBolusTime":1703770992245,"time":"2023-12-28T18:08:06.818Z","iobWithZeroTemp":{"iob":-0.134,"basaliob":-0.141,"bolussnooze":0,"activity":-0.0014,"lastBolusTime":1703770992245,"time":"2023-12-28T18:08:06.818Z"}},{"iob":-0.007,"basaliob":-0.013,"bolussnooze":0,"activity":-1.0E-4,"lastBolusTime":1703770992245,"time":"2023-12-28T18:13:06.818Z","iobWithZeroTemp":{"iob":-0.134,"basaliob":-0.14,"bolussnooze":0,"activity":-0.0015,"lastBolusTime":1703770992245,"time":"2023-12-28T18:13:06.818Z"}},{"iob":-0.007,"basaliob":-0.012,"bolussnooze":0,"activity":-1.0E-4,"lastBolusTime":1703770992245,"time":"2023-12-28T18:18:06.818Z","iobWithZeroTemp":{"iob":-0.136,"basaliob":-0.141,"bolussnooze":0,"activity":-0.0015,"lastBolusTime":1703770992245,"time":"2023-12-28T18:18:06.818Z"}},{"iob":-0.006,"basaliob":-0.01,"bolussnooze":0,"activity":0,"lastBolusTime":1703770992245,"time":"2023-12-28T18:23:06.818Z","iobWithZeroTemp":{"iob":-0.136,"basaliob":-0.14,"bolussnooze":0,"activity":-0.0014,"lastBolusTime":1703770992245,"time":"2023-12-28T18:23:06.818Z"}},{"iob":-0.006,"basaliob":-0.009,"bolussnooze":0,"activity":-1.0E-4,"lastBolusTime":1703770992245,"time":"2023-12-28T18:28:06.818Z","iobWithZeroTemp":{"iob":-0.137,"basaliob":-0.14,"bolussnooze":0,"activity":-0.0016,"lastBolusTime":1703770992245,"time":"2023-12-28T18:28:06.818Z"}},{"iob":-0.006,"basaliob":-0.008,"bolussnooze":0,"activity":-1.0E-4,"lastBolusTime":1703770992245,"time":"2023-12-28T18:33:06.818Z","iobWithZeroTemp":{"iob":-0.138,"basaliob":-0.14,"bolussnooze":0,"activity":-0.0016,"lastBolusTime":1703770992245,"time":"2023-12-28T18:33:06.818Z"}},{"iob":-0.005,"basaliob":-0.007,"bolussnooze":0,"activity":-1.0E-4,"lastBolusTime":1703770992245,"time":"2023-12-28T18:38:06.818Z","iobWithZeroTemp":{"iob":-0.138,"basaliob":-0.14,"bolussnooze":0,"activity":-0.0016,"lastBolusTime":1703770992245,"time":"2023-12-28T18:38:06.818Z"}},{"iob":-0.004,"basaliob":-0.006,"bolussnooze":0,"activity":-1.0E-4,"lastBolusTime":1703770992245,"time":"2023-12-28T18:43:06.818Z","iobWithZeroTemp":{"iob":-0.138,"basaliob":-0.14,"bolussnooze":0,"activity":-0.0016,"lastBolusTime":1703770992245,"time":"2023-12-28T18:43:06.818Z"}},{"iob":-0.005,"basaliob":-0.006,"bolussnooze":0,"activity":0,"lastBolusTime":1703770992245,"time":"2023-12-28T18:48:06.818Z","iobWithZeroTemp":{"iob":-0.14,"basaliob":-0.141,"bolussnooze":0,"activity":-0.0015,"lastBolusTime":1703770992245,"time":"2023-12-28T18:48:06.818Z"}},{"iob":-0.004,"basaliob":-0.005,"bolussnooze":0,"activity":0,"lastBolusTime":1703770992245,"time":"2023-12-28T18:53:06.818Z","iobWithZeroTemp":{"iob":-0.139,"basaliob":-0.14,"bolussnooze":0,"activity":-0.0015,"lastBolusTime":1703770992245,"time":"2023-12-28T18:53:06.818Z"}},{"iob":-0.003,"basaliob":-0.004,"bolussnooze":0,"activity":-1.0E-4,"lastBolusTime":1703770992245,"time":"2023-12-28T18:58:06.818Z","iobWithZeroTemp":{"iob":-0.139,"basaliob":-0.14,"bolussnooze":0,"activity":-0.0017,"lastBolusTime":1703770992245,"time":"2023-12-28T18:58:06.818Z"}},{"iob":-0.004,"basaliob":-0.004,"bolussnooze":0,"activity":-1.0E-4,"lastBolusTime":1703770992245,"time":"2023-12-28T19:03:06.818Z","iobWithZeroTemp":{"iob":-0.161,"basaliob":-0.161,"bolussnooze":0,"activity":-0.0017,"lastBolusTime":1703770992245,"time":"2023-12-28T19:03:06.818Z"}},{"iob":-0.003,"basaliob":-0.003,"bolussnooze":0,"activity":-1.0E-4,"lastBolusTime":1703770992245,"time":"2023-12-28T19:08:06.818Z","iobWithZeroTemp":{"iob":-0.181,"basaliob":-0.181,"bolussnooze":0,"activity":-0.0018,"lastBolusTime":1703770992245,"time":"2023-12-28T19:08:06.818Z"}},{"iob":-0.003,"basaliob":-0.003,"bolussnooze":0,"activity":-1.0E-4,"lastBolusTime":1703770992245,"time":"2023-12-28T19:13:06.818Z","iobWithZeroTemp":{"iob":-0.201,"basaliob":-0.201,"bolussnooze":0,"activity":-0.0019,"lastBolusTime":1703770992245,"time":"2023-12-28T19:13:06.818Z"}},{"iob":-0.003,"basaliob":-0.003,"bolussnooze":0,"activity":-1.0E-4,"lastBolusTime":1703770992245,"time":"2023-12-28T19:18:06.818Z","iobWithZeroTemp":{"iob":-0.221,"basaliob":-0.221,"bolussnooze":0,"activity":-0.002,"lastBolusTime":1703770992245,"time":"2023-12-28T19:18:06.818Z"}},{"iob":-0.002,"basaliob":-0.002,"bolussnooze":0,"activity":-1.0E-4,"lastBolusTime":1703770992245,"time":"2023-12-28T19:23:06.818Z","iobWithZeroTemp":{"iob":-0.239,"basaliob":-0.239,"bolussnooze":0,"activity":-0.0022,"lastBolusTime":1703770992245,"time":"2023-12-28T19:23:06.818Z"}},{"iob":-0.002,"basaliob":-0.002,"bolussnooze":0,"activity":-1.0E-4,"lastBolusTime":1703770992245,"time":"2023-12-28T19:28:06.818Z","iobWithZeroTemp":{"iob":-0.258,"basaliob":-0.258,"bolussnooze":0,"activity":-0.0023,"lastBolusTime":1703770992245,"time":"2023-12-28T19:28:06.818Z"}},{"iob":-0.002,"basaliob":-0.002,"bolussnooze":0,"activity":0,"lastBolusTime":1703770992245,"time":"2023-12-28T19:33:06.818Z","iobWithZeroTemp":{"iob":-0.275,"basaliob":-0.275,"bolussnooze":0,"activity":-0.0024,"lastBolusTime":1703770992245,"time":"2023-12-28T19:33:06.818Z"}},{"iob":-0.001,"basaliob":-0.001,"bolussnooze":0,"activity":0,"lastBolusTime":1703770992245,"time":"2023-12-28T19:38:06.818Z","iobWithZeroTemp":{"iob":-0.291,"basaliob":-0.291,"bolussnooze":0,"activity":-0.0026,"lastBolusTime":1703770992245,"time":"2023-12-28T19:38:06.818Z"}},{"iob":-0.001,"basaliob":-0.001,"bolussnooze":0,"activity":0,"lastBolusTime":1703770992245,"time":"2023-12-28T19:43:06.818Z","iobWithZeroTemp":{"iob":-0.307,"basaliob":-0.307,"bolussnooze":0,"activity":-0.0028,"lastBolusTime":1703770992245,"time":"2023-12-28T19:43:06.818Z"}},{"iob":-0.001,"basaliob":-0.001,"bolussnooze":0,"activity":0,"lastBolusTime":0,"time":"2023-12-28T19:48:06.818Z","iobWithZeroTemp":{"iob":-0.322,"basaliob":-0.322,"bolussnooze":0,"activity":-0.003,"lastBolusTime":0,"time":"2023-12-28T19:48:06.818Z"}},{"iob":-0.001,"basaliob":-0.001,"bolussnooze":0,"activity":0,"lastBolusTime":0,"time":"2023-12-28T19:53:06.818Z","iobWithZeroTemp":{"iob":-0.335,"basaliob":-0.335,"bolussnooze":0,"activity":-0.0031,"lastBolusTime":0,"time":"2023-12-28T19:53:06.818Z"}}],"profile":{"max_iob":10,"type":"current","max_daily_basal":0.35,"max_basal":0.4,"min_bg":90,"max_bg":90,"target_bg":90,"carb_ratio":8.5,"sens":110,"max_daily_safety_multiplier":3,"current_basal_safety_multiplier":4,"lgsThreshold":95,"high_temptarget_raises_sensitivity":true,"low_temptarget_lowers_sensitivity":true,"sensitivity_raises_target":true,"resistance_lowers_target":true,"adv_target_adjustments":false,"exercise_mode":false,"half_basal_exercise_target":160,"maxCOB":120,"skip_neutral_temps":false,"remainingCarbsCap":90,"enableUAM":true,"A52_risk_enable":false,"SMBInterval":3,"enableSMB_with_COB":true,"enableSMB_with_temptarget":true,"allowSMB_with_high_temptarget":false,"enableSMB_always":false,"enableSMB_after_carbs":true,"maxSMBBasalMinutes":45,"maxUAMSMBBasalMinutes":45,"bolus_increment":0.05,"carbsReqThreshold":2,"current_basal":0.1,"temptargetSet":false,"autosens_max":1.3,"autosens_min":0.7,"variable_sens":158.8,"insulinDivisor":75,"TDD":14.162857148809524},"autosens_data":{"ratio":0.7955218253314047},"meal_data":{"carbs":25,"mealCOB":0,"slopeFromMaxDeviation":-1.275,"slopeFromMinDeviation":0,"lastBolusTime":1703770992245,"lastCarbTime":1703765896469},"microBolusAllowed":true,"currentTime":1703779088219,"flatBGsDetected":false,"tdd1D":17.627083333333335,"tdd7D":16.608595238095237,"tddLast24H":13.212499999999999,"tddLast4H":2.541666666666667,"tddLast8to4H":2.8208333333333333},"output":{"temp":"absolute","bg":92,"tick":-3,"eventualBG":88,"targetBG":98,"insulinReq":0,"deliverAt":"2023-12-28T15:58:08.219Z","sensitivityRatio":0.7955218253314047,"variable_sens":158.8,"predBGs":{"IOB":[92,89,87,85,83,82,81,79,78,78,77,77,76,76,76,76,76,76,76,76,76,76,76,76,76,76,76,76,76,76,76,76,76,76,76,76,76,77],"ZT":[92,90,88,86,85,83,83,82,81,81,81,81,81,81,82,82,83,84,85,85,86,87,88,89,90,91,93,94,95,96,97,98]},"reason":"COB: 0, Dev: 7, BGI: -2, ISF: 159, CR: 8.5, Target: 98, minPredBG 79, minGuardBG 76, IOBpredBG 77; minGuardBG 76<95 85m left and 0 ~ req 0U\/hr: no temp required","COB":0,"IOB":0.068,"timestamp":"2023-12-28T15:58:08.251Z"}}