{"algorithm":"OpenAPSSMBDynamicISFPlugin","input":{"glucoseStatus":{"glucose":100,"noise":0,"delta":-2.11,"short_avgdelta":-2.11,"long_avgdelta":0.35,"date":1703731963000},"currenttemp":{"temp":"absolute","duration":25,"rate":0,"minutesrunning":5},"iob_data":[{"iob":0.039,"basaliob":0.037,"bolussnooze":0,"activity":-3.0E-4,"lastBolusTime":1703717591088,"time":"2023-12-28T02:53:08.494Z","iobWithZeroTemp":{"iob":0.039,"basaliob":0.037,"bolussnooze":0,"activity":-3.0E-4,"lastBolusTime":1703717591088,"time":"2023-12-28T02:53:08.494Z"}},{"iob":0.041,"basaliob":0.039,"bolussnooze":0,"activity":-1.0E-4,"lastBolusTime":1703717591088,"time":"2023-12-28T02:58:08.494Z","iobWithZeroTemp":{"iob":0.028,"basaliob":0.026,"bolussnooze":0,"activity":-1.0E-4,"lastBolusTime":1703717591088,"time":"2023-12-28T02:58:08.494Z"}},{"iob":0.041,"basaliob":0.04,"bolussnooze":0,"activity":-1.0E-4,"lastBolusTime":1703717591088,"time":"2023-12-28T03:03:08.494Z","iobWithZeroTemp":{"iob":0.004,"basaliob":0.003,"bolussnooze":0,"activity":-2.0E-4,"lastBolusTime":1703717591088,"time":"2023-12-28T03:03:08.494Z"}},{"iob":0.041,"basaliob":0.04,"bolussnooze":0,"activity":0,"lastBolusTime":1703717591088,"time":"2023-12-28T03:08:08.494Z","iobWithZeroTemp":{"iob":-0.02,"basaliob":-0.021,"bolussnooze":0,"activity":-2.0E-4,"lastBolusTime":1703717591088,"time":"2023-12-28T03:08:08.494Z"}},{"iob":0.04,"basaliob":0.039,"bolussnooze":0,"activity":1.0E-4,"lastBolusTime":1703717591088,"time":"2023-12-28T03:13:08.494Z","iobWithZeroTemp":{"iob":-0.045,"basaliob":-0.046,"bolussnooze":0,"activity":-2.0E-4,"lastBolusTime":1703717591088,"time":"2023-12-28T03:13:08.494Z"}},{"iob":0.04,"basaliob":0.039,"bolussnooze":0,"activity":2.0E-4,"lastBolusTime":1703717591088,"time":"2023-12-28T03:18:08.494Z","iobWithZeroTemp":{"iob":-0.068,"basaliob":-0.069,"bolussnooze":0,"activity":-3.0E-4,"lastBolusTime":1703717591088,"time":"2023-12-28T03:18:08.494Z"}},{"iob":0.039,"basaliob":0.038,"bolussnooze":0,"activity":2.0E-4,"lastBolusTime":1703717591088,"time":"2023-12-28T03:23:08.494Z","iobWithZeroTemp":{"iob":-0.091,"basaliob":-0.092,"bolussnooze":0,"activity":-5.0E-4,"lastBolusTime":1703717591088,"time":"2023-12-28T03:23:08.494Z"}},{"iob":0.038,"basaliob":0.037,"bolussnooze":0,"activity":3.0E-4,"lastBolusTime":1703717591088,"time":"2023-12-28T03:28:08.494Z","iobWithZeroTemp":{"iob":-0.114,"basaliob":-0.115,"bolussnooze":0,"activity":-6.0E-4,"lastBolusTime":1703717591088,"time":"2023-12-28T03:28:08.494Z"}},{"iob":0.035,"basaliob":0.035,"bolussnooze":0,"activity":3.0E-4,"lastBolusTime":1703717591088,"time":"2023-12-28T03:33:08.494Z","iobWithZeroTemp":{"iob":-0.137,"basaliob":-0.137,"bolussnooze":0,"activity":-8.0E-4,"lastBolusTime":1703717591088,"time":"2023-12-28T03:33:08.494Z"}},{"iob":0.034,"basaliob":0.034,"bolussnooze":0,"activity":3.0E-4,"lastBolusTime":1703717591088,"time":"2023-12-28T03:38:08.494Z","iobWithZeroTemp":{"iob":-0.157,"basaliob":-0.157,"bolussnooze":0,"activity":-0.001,"lastBolusTime":1703717591088,"time":"2023-12-28T03:38:08.494Z"}},{"iob":0.032,"basaliob":0.032,"bolussnooze":0,"activity":3.0E-4,"lastBolusTime":1703717591088,"time":"2023-12-28T03:43:08.494Z","iobWithZeroTemp":{"iob":-0.177,"basaliob":-0.177,"bolussnooze":0,"activity":-0.0012,"lastBolusTime":1703717591088,"time":"2023-12-28T03:43:08.494Z"}},{"iob":0.03,"basaliob":0.03,"bolussnooze":0,"activity":3.0E-4,"lastBolusTime":1703717591088,"time":"2023-12-28T03:48:08.494Z","iobWithZeroTemp":{"iob":-0.196,"basaliob":-0.196,"bolussnooze":0,"activity":-0.0014,"lastBolusTime":1703717591088,"time":"2023-12-28T03:48:08.494Z"}},{"iob":0.029,"basaliob":0.029,"bolussnooze":0,"activity":3.0E-4,"lastBolusTime":1703717591088,"time":"2023-12-28T03:53:08.494Z","iobWithZeroTemp":{"iob":-0.213,"basaliob":-0.213,"bolussnooze":0,"activity":-0.0016,"lastBolusTime":1703717591088,"time":"2023-12-28T03:53:08.494Z"}},{"iob":0.027,"basaliob":0.027,"bolussnooze":0,"activity":3.0E-4,"lastBolusTime":1703717591088,"time":"2023-12-28T03:58:08.494Z","iobWithZeroTemp":{"iob":-0.23,"basaliob":-0.23,"bolussnooze":0,"activity":-0.0018,"lastBolusTime":1703717591088,"time":"2023-12-28T03:58:08.494Z"}},{"iob":0.025,"basaliob":0.025,"bolussnooze":0,"activity":3.0E-4,"lastBolusTime":1703717591088,"time":"2023-12-28T04:03:08.494Z","iobWithZeroTemp":{"iob":-0.246,"basaliob":-0.246,"bolussnooze":0,"activity":-0.002,"lastBolusTime":1703717591088,"time":"2023-12-28T04:03:08.494Z"}},{"iob":0.024,"basaliob":0.024,"bolussnooze":0,"activity":3.0E-4,"lastBolusTime":1703717591088,"time":"2023-12-28T04:08:08.494Z","iobWithZeroTemp":{"iob":-0.26,"basaliob":-0.26,"bolussnooze":0,"activity":-0.0022,"lastBolusTime":1703717591088,"time":"2023-12-28T04:08:08.494Z"}},{"iob":0.022,"basaliob":0.022,"bolussnooze":0,"activity":3.0E-4,"lastBolusTime":1703717591088,"time":"2023-12-28T04:13:08.494Z","iobWithZeroTemp":{"iob":-0.274,"basaliob":-0.274,"bolussnooze":0,"activity":-0.0024,"lastBolusTime":1703717591088,"time":"2023-12-28T04:13:08.494Z"}},{"iob":0.021,"basaliob":0.021,"bolussnooze":0,"activity":3.0E-4,"lastBolusTime":1703717591088,"time":"2023-12-28T04:18:08.494Z","iobWithZeroTemp":{"iob":-0.286,"basaliob":-0.286,"bolussnooze":0,"activity":-0.0025,"lastBolusTime":1703717591088,"time":"2023-12-28T04:18:08.494Z"}},{"iob":0.019,"basaliob":0.019,"bolussnooze":0,"activity":3.0E-4,"lastBolusTime":1703717591088,"time":"2023-12-28T04:23:08.494Z","iobWithZeroTemp":{"iob":-0.299,"basaliob":-0.299,"bolussnooze":0,"activity":-0.0027,"lastBolusTime":1703717591088,"time":"2023-12-28T04:23:08.494Z"}},{"iob":0.018,"basaliob":0.018,"bolussnooze":0,"activity":3.0E-4,"lastBolusTime":1703717591088,"time":"2023-12-28T04:28:08.494Z","iobWithZeroTemp":{"iob":-0.309,"basaliob":-0.309,"bolussnooze":0,"activity":-0.0029,"lastBolusTime":1703717591088,"time":"2023-12-28T04:28:08.494Z"}},{"iob":0.016,"basaliob":0.016,"bolussnooze":0,"activity":3.0E-4,"lastBolusTime":1703717591088,"time":"2023-12-28T04:33:08.494Z","iobWithZeroTemp":{"iob":-0.32,"basaliob":-0.32,"bolussnooze":0,"activity":-0.003,"lastBolusTime":1703717591088,"time":"2023-12-28T04:33:08.494Z"}},{"iob":0.015,"basaliob":0.015,"bolussnooze":0,"activity":2.0E-4,"lastBolusTime":1703717591088,"time":"2023-12-28T04:38:08.494Z","iobWithZeroTemp":{"iob":-0.329,"basaliob":-0.329,"bolussnooze":0,"activity":-0.0033,"lastBolusTime":1703717591088,"time":"2023-12-28T04:38:08.494Z"}},{"iob":0.014,"basaliob":0.014,"bolussnooze":0,"activity":2.0E-4,"lastBolusTime":1703717591088,"time":"2023-12-28T04:43:08.494Z","iobWithZeroTemp":{"iob":-0.338,"basaliob":-0.338,"bolussnooze":0,"activity":-0.0034,"lastBolusTime":1703717591088,"time":"2023-12-28T04:43:08.494Z"}},{"iob":0.013,"basaliob":0.013,"bolussnooze":0,"activity":2.0E-4,"lastBolusTime":1703717591088,"time":"2023-12-28T04:48:08.494Z","iobWithZeroTemp":{"iob":-0.345,"basaliob":-0.345,"bolussnooze":0,"activity":-0.0035,"lastBolusTime":1703717591088,"time":"2023-12-28T04:48:08.494Z"}},{"iob":0.012,"basaliob":0.012,"bolussnooze":0,"activity":2.0E-4,"lastBolusTime":1703717591088,"time":"2023-12-28T04:53:08.494Z","iobWithZeroTemp":{"iob":-0.353,"basaliob":-0.353,"bolussnooze":0,"activity":-0.0036,"lastBolusTime":1703717591088,"time":"2023-12-28T04:53:08.494Z"}},{"iob":0.011,"basaliob":0.011,"bolussnooze":0,"activity":2.0E-4,"lastBolusTime":0,"time":"2023-12-28T04:58:08.494Z","iobWithZeroTemp":{"iob":-0.359,"basaliob":-0.359,"bolussnooze":0,"activity":-0.0037,"lastBolusTime":0,"time":"2023-12-28T04:58:08.494Z"}},{"iob":0.01,"basaliob":0.01,"bolussnooze":0,"activity":2.0E-4,"lastBolusTime":0,"time":"2023-12-28T05:03:08.494Z","iobWithZeroTemp":{"iob":-0.366,"basaliob":-0.366,"bolussnooze":0,"activity":-0.0038,"lastBolusTime":0,"time":"2023-12-28T05:03:08.494Z"}},{"iob":0.009,"basaliob":0.009,"bolussnooze":0,"activity":2.0E-4,"lastBolusTime":0,"time":"2023-12-28T05:08:08.494Z","iobWithZeroTemp":{"iob":-0.371,"basaliob":-0.371,"bolussnooze":0,"activity":-0.0039,"lastBolusTime":0,"time":"2023-12-28T05:08:08.494Z"}},{"iob":0.008,"basaliob":0.008,"bolussnooze":0,"activity":2.0E-4,"lastBolusTime":0,"time":"2023-12-28T05:13:08.494Z","iobWithZeroTemp":{"iob":-0.377,"basaliob":-0.377,"bolussnooze":0,"activity":-0.004,"lastBolusTime":0,"time":"2023-12-28T05:13:08.494Z"}},{"iob":0.008,"basaliob":0.008,"bolussnooze":0,"activity":1.0E-4,"lastBolusTime":0,"time":"2023-12-28T05:18:08.494Z","iobWithZeroTemp":{"iob":-0.38,"basaliob":-0.38,"bolussnooze":0,"activity":-0.0042,"lastBolusTime":0,"time":"2023-12-28T05:18:08.494Z"}},{"iob":0.007,"basaliob":0.007,"bolussnooze":0,"activity":1.0E-4,"lastBolusTime":0,"time":"2023-12-28T05:23:08.494Z","iobWithZeroTemp":{"iob":-0.385,"basaliob":-0.385,"bolussnooze":0,"activity":-0.0042,"lastBolusTime":0,"time":"2023-12-28T05:23:08.494Z"}},{"iob":0.006,"basaliob":0.006,"bolussnooze":0,"activity":1.0E-4,"lastBolusTime":0,"time":"2023-12-28T05:28:08.494Z","iobWithZeroTemp":{"iob":-0.389,"basaliob":-0.389,"bolussnooze":0,"activity":-0.0043,"lastBolusTime":0,"time":"2023-12-28T05:28:08.494Z"}},{"iob":0.006,"basaliob":0.006,"bolussnooze":0,"activity":1.0E-4,"lastBolusTime":0,"time":"2023-12-28T05:33:08.494Z","iobWithZeroTemp":{"iob":-0.392,"basaliob":-0.392,"bolussnooze":0,"activity":-0.0044,"lastBolusTime":0,"time":"2023-12-28T05:33:08.494Z"}},{"iob":0.005,"basaliob":0.005,"bolussnooze":0,"activity":1.0E-4,"lastBolusTime":0,"time":"2023-12-28T05:38:08.494Z","iobWithZeroTemp":{"iob":-0.396,"basaliob":-0.396,"bolussnooze":0,"activity":-0.0044,"lastBolusTime":0,"time":"2023-12-28T05:38:08.494Z"}},{"iob":0.005,"basaliob":0.005,"bolussnooze":0,"activity":1.0E-4,"lastBolusTime":0,"time":"2023-12-28T05:43:08.494Z","iobWithZeroTemp":{"iob":-0.398,"basaliob":-0.398,"bolussnooze":0,"activity":-0.0045,"lastBolusTime":0,"time":"2023-12-28T05:43:08.494Z"}},{"iob":0.004,"basaliob":0.004,"bolussnooze":0,"activity":1.0E-4,"lastBolusTime":0,"time":"2023-12-28T05:48:08.494Z","iobWithZeroTemp":{"iob":-0.401,"basaliob":-0.401,"bolussnooze":0,"activity":-0.0045,"lastBolusTime":0,"time":"2023-12-28T05:48:08.494Z"}},{"iob":0.004,"basaliob":0.004,"bolussnooze":0,"activity":1.0E-4,"lastBolusTime":0,"time":"2023-12-28T05:53:08.494Z","iobWithZeroTemp":{"iob":-0.403,"basaliob":-0.403,"bolussnooze":0,"activity":-0.0045,"lastBolusTime":0,"time":"2023-12-28T05:53:08.494Z"}},{"iob":0.003,"basaliob":0.003,"bolussnooze":0,"activity":1.0E-4,"lastBolusTime":0,"time":"2023-12-28T05:58:08.494Z","iobWithZeroTemp":{"iob":-0.406,"basaliob":-0.406,"bolussnooze":0,"activity":-0.0046,"lastBolusTime":0,"time":"2023-12-28T05:58:08.494Z"}},{"iob":0.003,"basaliob":0.003,"bolussnooze":0,"activity":1.0E-4,"lastBolusTime":0,"time":"2023-12-28T06:03:08.494Z","iobWithZeroTemp":{"iob":-0.407,"basaliob":-0.407,"bolussnooze":0,"activity":-0.0046,"lastBolusTime":0,"time":"2023-12-28T06:03:08.494Z"}},{"iob":0.003,"basaliob":0.003,"bolussnooze":0,"activity":1.0E-4,"lastBolusTime":0,"time":"2023-12-28T06:08:08.494Z","iobWithZeroTemp":{"iob":-0.408,"basaliob":-0.408,"bolussnooze":0,"activity":-0.0046,"lastBolusTime":0,"time":"2023-12-28T06:08:08.494Z"}},{"iob":0.002,"basaliob":0.002,"bolussnooze":0,"activity":1.0E-4,"lastBolusTime":0,"time":"2023-12-28T06:13:08.494Z","iobWithZeroTemp":{"iob":-0.411,"basaliob":-0.411,"bolussnooze":0,"activity":-0.0047,"lastBolusTime":0,"time":"2023-12-28T06:13:08.494Z"}},{"iob":0.002,"basaliob":0.002,"bolussnooze":0,"activity":1.0E-4,"lastBolusTime":0,"time":"2023-12-28T06:18:08.494Z","iobWithZeroTemp":{"iob":-0.412,"basaliob":-0.412,"bolussnooze":0,"activity":-0.0047,"lastBolusTime":0,"time":"2023-12-28T06:18:08.494Z"}},{"iob":0.002,"basaliob":0.002,"bolussnooze":0,"activity":0,"lastBolusTime":0,"time":"2023-12-28T06:23:08.494Z","iobWithZeroTemp":{"iob":-0.413,"basaliob":-0.413,"bolussnooze":0,"activity":-0.0048,"lastBolusTime":0,"time":"2023-12-28T06:23:08.494Z"}},{"iob":0.002,"basaliob":0.002,"bolussnooze":0,"activity":0,"lastBolusTime":0,"time":"2023-12-28T06:28:08.494Z","iobWithZeroTemp":{"iob":-0.413,"basaliob":-0.413,"bolussnooze":0,"activity":-0.0048,"lastBolusTime":0,"time":"2023-12-28T06:28:08.494Z"}},{"iob":0.002,"basaliob":0.002,"bolussnooze":0,"activity":0,"lastBolusTime":0,"time":"2023-12-28T06:33:08.494Z","iobWithZeroTemp":{"iob":-0.414,"basaliob":-0.414,"bolussnooze":0,"activity":-0.0049,"lastBolusTime":0,"time":"2023-12-28T06:33:08.494Z"}},{"iob":0.001,"basaliob":0.001,"bolussnooze":0,"activity":0,"lastBolusTime":0,"time":"2023-12-28T06:38:08.494Z","iobWithZeroTemp":{"iob":-0.416,"basaliob":-0.416,"bolussnooze":0,"activity":-0.0049,"lastBolusTime":0,"time":"2023-12-28T06:38:08.494Z"}},{"iob":0.001,"basaliob":0.001,"bolussnooze":0,"activity":0,"lastBolusTime":0,"time":"2023-12-28T06:43:08.494Z","iobWithZeroTemp":{"iob":-0.416,"basaliob":-0.416,"bolussnooze":0,"activity":-0.0049,"lastBolusTime":0,"time":"2023-12-28T06:43:08.494Z"}},{"iob":0.001,"basaliob":0.001,"bolussnooze":0,"activity":0,"lastBolusTime":0,"time":"2023-12-28T06:48:08.494Z","iobWithZeroTemp":{"iob":-0.417,"basaliob":-0.417,"bolussnooze":0,"activity":-0.0049,"lastBolusTime":0,"time":"2023-12-28T06:48:08.494Z"}}],"profile":{"max_iob":10,"type":"current","max_daily_basal":0.35,"max_basal":0.8,"min_bg":95,"max_bg":95,"target_bg":95,"carb_ratio":8.2,"sens":120,"max_daily_safety_multiplier":3,"current_basal_safety_multiplier":4,"lgsThreshold":95,"high_temptarget_raises_sensitivity":true,"low_temptarget_lowers_sensitivity":true,"sensitivity_raises_target":true,"resistance_lowers_target":true,"adv_target_adjustments":false,"exercise_mode":false,"half_basal_exercise_target":160,"maxCOB":120,"skip_neutral_temps":false,"remainingCarbsCap":90,"enableUAM":true,"A52_risk_enable":false,"SMBInterval":3,"enableSMB_with_COB":true,"enableSMB_with_temptarget":true,"allowSMB_with_high_temptarget":false,"enableSMB_always":false,"enableSMB_after_carbs":true,"maxSMBBasalMinutes":30,"maxUAMSMBBasalMinutes":45,"bolus_increment":0.05,"carbsReqThreshold":2,"current_basal":0.2,"temptargetSet":false,"autosens_max":1.3,"autosens_min":0.7,"variable_sens":182.5,"insulinDivisor":75,"TDD":11.637655898809523},"autosens_data":{"ratio":1.0413784600916625},"meal_data":{"carbs":0,"mealCOB":0,"slopeFromMaxDeviation":-0.9482499999999999,"slopeFromMinDeviation":0,"lastBolusTime":1703717591088,"lastCarbTime":0},"microBolusAllowed":true,"currentTime":1703731989906,"flatBGsDetected":false,"tdd1D":17.627083333333335,"tdd7D":16.608595238095237,"tddLast24H":17.295833333333334,"tddLast4H":0.7999999999999998,"tddLast8to4H":1.8833333333333333},"output":{"temp":"absolute","bg":100,"tick":-2,"eventualBG":93,"targetBG":94,"insulinReq":0,"deliverAt":"2023-12-28T02:53:09.906Z","sensitivityRatio":1.0413784600916625,"variable_sens":182.5,"predBGs":{"IOB":[100,98,96,94,93,91,90,89,88,87,86,86,85,85,85,84,84,84,83,83,83,82,82,82,82,82,81,81,81,81,81,81,80,80,80,80,80,80,80,80,80,79],"ZT":[100,100,100,101,101,101,101,102,102]},"reason":"COB: 0, Dev: 0, BGI: 0, ISF: 183, CR: 8.2, Target: 94, minPredBG 90, minGuardBG 79, IOBpredBG 79; minGuardBG 79<95 25m left and 0 ~ req 0U\/hr: no temp required","COB":0,"IOB":0.039,"timestamp":"2023-12-28T02:53:09.938Z"}}