{"algorithm":"OpenAPSSMBDynamicISFPlugin","input":{"glucoseStatus":{"glucose":98,"noise":0,"delta":2.61,"short_avgdelta":2.61,"long_avgdelta":1.56,"date":1703739763000},"currenttemp":{"temp":"absolute","duration":20,"rate":0.65,"minutesrunning":10},"iob_data":[{"iob":-0.245,"basaliob":-0.245,"bolussnooze":0,"activity":-0.0035,"lastBolusTime":0,"time":"2023-12-28T05:03:08.900Z","iobWithZeroTemp":{"iob":-0.245,"basaliob":-0.245,"bolussnooze":0,"activity":-0.0035,"lastBolusTime":0,"time":"2023-12-28T05:03:08.900Z"}},{"iob":-0.228,"basaliob":-0.228,"bolussnooze":0,"activity":-0.0033,"lastBolusTime":0,"time":"2023-12-28T05:08:08.900Z","iobWithZeroTemp":{"iob":-0.248,"basaliob":-0.248,"bolussnooze":0,"activity":-0.0033,"lastBolusTime":0,"time":"2023-12-28T05:08:08.900Z"}},{"iob":-0.212,"basaliob":-0.212,"bolussnooze":0,"activity":-0.0032,"lastBolusTime":0,"time":"2023-12-28T05:13:08.900Z","iobWithZeroTemp":{"iob":-0.257,"basaliob":-0.257,"bolussnooze":0,"activity":-0.0033,"lastBolusTime":0,"time":"2023-12-28T05:13:08.900Z"}},{"iob":-0.196,"basaliob":-0.196,"bolussnooze":0,"activity":-0.0031,"lastBolusTime":0,"time":"2023-12-28T05:18:08.900Z","iobWithZeroTemp":{"iob":-0.265,"basaliob":-0.265,"bolussnooze":0,"activity":-0.0033,"lastBolusTime":0,"time":"2023-12-28T05:18:08.900Z"}},{"iob":-0.182,"basaliob":-0.182,"bolussnooze":0,"activity":-0.0029,"lastBolusTime":0,"time":"2023-12-28T05:23:08.900Z","iobWithZeroTemp":{"iob":-0.275,"basaliob":-0.275,"bolussnooze":0,"activity":-0.0033,"lastBolusTime":0,"time":"2023-12-28T05:23:08.900Z"}},{"iob":-0.167,"basaliob":-0.167,"bolussnooze":0,"activity":-0.0027,"lastBolusTime":0,"time":"2023-12-28T05:28:08.900Z","iobWithZeroTemp":{"iob":-0.282,"basaliob":-0.282,"bolussnooze":0,"activity":-0.0032,"lastBolusTime":0,"time":"2023-12-28T05:28:08.900Z"}},{"iob":-0.154,"basaliob":-0.154,"bolussnooze":0,"activity":-0.0026,"lastBolusTime":0,"time":"2023-12-28T05:33:08.900Z","iobWithZeroTemp":{"iob":-0.291,"basaliob":-0.291,"bolussnooze":0,"activity":-0.0033,"lastBolusTime":0,"time":"2023-12-28T05:33:08.900Z"}},{"iob":-0.142,"basaliob":-0.142,"bolussnooze":0,"activity":-0.0024,"lastBolusTime":0,"time":"2023-12-28T05:38:08.900Z","iobWithZeroTemp":{"iob":-0.3,"basaliob":-0.3,"bolussnooze":0,"activity":-0.0033,"lastBolusTime":0,"time":"2023-12-28T05:38:08.900Z"}},{"iob":-0.13,"basaliob":-0.13,"bolussnooze":0,"activity":-0.0023,"lastBolusTime":0,"time":"2023-12-28T05:43:08.900Z","iobWithZeroTemp":{"iob":-0.308,"basaliob":-0.308,"bolussnooze":0,"activity":-0.0034,"lastBolusTime":0,"time":"2023-12-28T05:43:08.900Z"}},{"iob":-0.119,"basaliob":-0.119,"bolussnooze":0,"activity":-0.0021,"lastBolusTime":0,"time":"2023-12-28T05:48:08.900Z","iobWithZeroTemp":{"iob":-0.316,"basaliob":-0.316,"bolussnooze":0,"activity":-0.0034,"lastBolusTime":0,"time":"2023-12-28T05:48:08.900Z"}},{"iob":-0.109,"basaliob":-0.109,"bolussnooze":0,"activity":-0.002,"lastBolusTime":0,"time":"2023-12-28T05:53:08.900Z","iobWithZeroTemp":{"iob":-0.324,"basaliob":-0.324,"bolussnooze":0,"activity":-0.0036,"lastBolusTime":0,"time":"2023-12-28T05:53:08.900Z"}},{"iob":-0.099,"basaliob":-0.099,"bolussnooze":0,"activity":-0.0018,"lastBolusTime":0,"time":"2023-12-28T05:58:08.900Z","iobWithZeroTemp":{"iob":-0.331,"basaliob":-0.331,"bolussnooze":0,"activity":-0.0036,"lastBolusTime":0,"time":"2023-12-28T05:58:08.900Z"}},{"iob":-0.091,"basaliob":-0.091,"bolussnooze":0,"activity":-0.0017,"lastBolusTime":0,"time":"2023-12-28T06:03:08.900Z","iobWithZeroTemp":{"iob":-0.338,"basaliob":-0.338,"bolussnooze":0,"activity":-0.0037,"lastBolusTime":0,"time":"2023-12-28T06:03:08.900Z"}},{"iob":-0.082,"basaliob":-0.082,"bolussnooze":0,"activity":-0.0016,"lastBolusTime":0,"time":"2023-12-28T06:08:08.900Z","iobWithZeroTemp":{"iob":-0.344,"basaliob":-0.344,"bolussnooze":0,"activity":-0.0038,"lastBolusTime":0,"time":"2023-12-28T06:08:08.900Z"}},{"iob":-0.075,"basaliob":-0.075,"bolussnooze":0,"activity":-0.0014,"lastBolusTime":0,"time":"2023-12-28T06:13:08.900Z","iobWithZeroTemp":{"iob":-0.351,"basaliob":-0.351,"bolussnooze":0,"activity":-0.0038,"lastBolusTime":0,"time":"2023-12-28T06:13:08.900Z"}},{"iob":-0.068,"basaliob":-0.068,"bolussnooze":0,"activity":-0.0013,"lastBolusTime":0,"time":"2023-12-28T06:18:08.900Z","iobWithZeroTemp":{"iob":-0.356,"basaliob":-0.356,"bolussnooze":0,"activity":-0.0039,"lastBolusTime":0,"time":"2023-12-28T06:18:08.900Z"}},{"iob":-0.061,"basaliob":-0.061,"bolussnooze":0,"activity":-0.0012,"lastBolusTime":0,"time":"2023-12-28T06:23:08.900Z","iobWithZeroTemp":{"iob":-0.361,"basaliob":-0.361,"bolussnooze":0,"activity":-0.0039,"lastBolusTime":0,"time":"2023-12-28T06:23:08.900Z"}},{"iob":-0.056,"basaliob":-0.056,"bolussnooze":0,"activity":-0.0011,"lastBolusTime":0,"time":"2023-12-28T06:28:08.900Z","iobWithZeroTemp":{"iob":-0.367,"basaliob":-0.367,"bolussnooze":0,"activity":-0.004,"lastBolusTime":0,"time":"2023-12-28T06:28:08.900Z"}},{"iob":-0.05,"basaliob":-0.05,"bolussnooze":0,"activity":-0.001,"lastBolusTime":0,"time":"2023-12-28T06:33:08.900Z","iobWithZeroTemp":{"iob":-0.371,"basaliob":-0.371,"bolussnooze":0,"activity":-0.0041,"lastBolusTime":0,"time":"2023-12-28T06:33:08.900Z"}},{"iob":-0.045,"basaliob":-0.045,"bolussnooze":0,"activity":-9.0E-4,"lastBolusTime":0,"time":"2023-12-28T06:38:08.900Z","iobWithZeroTemp":{"iob":-0.375,"basaliob":-0.375,"bolussnooze":0,"activity":-0.0041,"lastBolusTime":0,"time":"2023-12-28T06:38:08.900Z"}},{"iob":-0.041,"basaliob":-0.041,"bolussnooze":0,"activity":-9.0E-4,"lastBolusTime":0,"time":"2023-12-28T06:43:08.900Z","iobWithZeroTemp":{"iob":-0.38,"basaliob":-0.38,"bolussnooze":0,"activity":-0.0043,"lastBolusTime":0,"time":"2023-12-28T06:43:08.900Z"}},{"iob":-0.037,"basaliob":-0.037,"bolussnooze":0,"activity":-8.0E-4,"lastBolusTime":0,"time":"2023-12-28T06:48:08.900Z","iobWithZeroTemp":{"iob":-0.384,"basaliob":-0.384,"bolussnooze":0,"activity":-0.0043,"lastBolusTime":0,"time":"2023-12-28T06:48:08.900Z"}},{"iob":-0.033,"basaliob":-0.033,"bolussnooze":0,"activity":-7.0E-4,"lastBolusTime":0,"time":"2023-12-28T06:53:08.900Z","iobWithZeroTemp":{"iob":-0.387,"basaliob":-0.387,"bolussnooze":0,"activity":-0.0043,"lastBolusTime":0,"time":"2023-12-28T06:53:08.900Z"}},{"iob":-0.029,"basaliob":-0.029,"bolussnooze":0,"activity":-7.0E-4,"lastBolusTime":0,"time":"2023-12-28T06:58:08.900Z","iobWithZeroTemp":{"iob":-0.39,"basaliob":-0.39,"bolussnooze":0,"activity":-0.0044,"lastBolusTime":0,"time":"2023-12-28T06:58:08.900Z"}},{"iob":-0.026,"basaliob":-0.026,"bolussnooze":0,"activity":-6.0E-4,"lastBolusTime":0,"time":"2023-12-28T07:03:08.900Z","iobWithZeroTemp":{"iob":-0.393,"basaliob":-0.393,"bolussnooze":0,"activity":-0.0045,"lastBolusTime":0,"time":"2023-12-28T07:03:08.900Z"}},{"iob":-0.023,"basaliob":-0.023,"bolussnooze":0,"activity":-5.0E-4,"lastBolusTime":0,"time":"2023-12-28T07:08:08.900Z","iobWithZeroTemp":{"iob":-0.395,"basaliob":-0.395,"bolussnooze":0,"activity":-0.0045,"lastBolusTime":0,"time":"2023-12-28T07:08:08.900Z"}},{"iob":-0.021,"basaliob":-0.021,"bolussnooze":0,"activity":-5.0E-4,"lastBolusTime":0,"time":"2023-12-28T07:13:08.900Z","iobWithZeroTemp":{"iob":-0.398,"basaliob":-0.398,"bolussnooze":0,"activity":-0.0045,"lastBolusTime":0,"time":"2023-12-28T07:13:08.900Z"}},{"iob":-0.019,"basaliob":-0.019,"bolussnooze":0,"activity":-4.0E-4,"lastBolusTime":0,"time":"2023-12-28T07:18:08.900Z","iobWithZeroTemp":{"iob":-0.401,"basaliob":-0.401,"bolussnooze":0,"activity":-0.0045,"lastBolusTime":0,"time":"2023-12-28T07:18:08.900Z"}},{"iob":-0.016,"basaliob":-0.016,"bolussnooze":0,"activity":-4.0E-4,"lastBolusTime":0,"time":"2023-12-28T07:23:08.900Z","iobWithZeroTemp":{"iob":-0.402,"basaliob":-0.402,"bolussnooze":0,"activity":-0.0046,"lastBolusTime":0,"time":"2023-12-28T07:23:08.900Z"}},{"iob":-0.015,"basaliob":-0.015,"bolussnooze":0,"activity":-4.0E-4,"lastBolusTime":0,"time":"2023-12-28T07:28:08.900Z","iobWithZeroTemp":{"iob":-0.405,"basaliob":-0.405,"bolussnooze":0,"activity":-0.0047,"lastBolusTime":0,"time":"2023-12-28T07:28:08.900Z"}},{"iob":-0.013,"basaliob":-0.013,"bolussnooze":0,"activity":-3.0E-4,"lastBolusTime":0,"time":"2023-12-28T07:33:08.900Z","iobWithZeroTemp":{"iob":-0.406,"basaliob":-0.406,"bolussnooze":0,"activity":-0.0047,"lastBolusTime":0,"time":"2023-12-28T07:33:08.900Z"}},{"iob":-0.011,"basaliob":-0.011,"bolussnooze":0,"activity":-3.0E-4,"lastBolusTime":0,"time":"2023-12-28T07:38:08.900Z","iobWithZeroTemp":{"iob":-0.407,"basaliob":-0.407,"bolussnooze":0,"activity":-0.0047,"lastBolusTime":0,"time":"2023-12-28T07:38:08.900Z"}},{"iob":-0.01,"basaliob":-0.01,"bolussnooze":0,"activity":-3.0E-4,"lastBolusTime":0,"time":"2023-12-28T07:43:08.900Z","iobWithZeroTemp":{"iob":-0.409,"basaliob":-0.409,"bolussnooze":0,"activity":-0.0048,"lastBolusTime":0,"time":"2023-12-28T07:43:08.900Z"}},{"iob":-0.009,"basaliob":-0.009,"bolussnooze":0,"activity":-2.0E-4,"lastBolusTime":0,"time":"2023-12-28T07:48:08.900Z","iobWithZeroTemp":{"iob":-0.41,"basaliob":-0.41,"bolussnooze":0,"activity":-0.0047,"lastBolusTime":0,"time":"2023-12-28T07:48:08.900Z"}},{"iob":-0.008,"basaliob":-0.008,"bolussnooze":0,"activity":-2.0E-4,"lastBolusTime":0,"time":"2023-12-28T07:53:08.900Z","iobWithZeroTemp":{"iob":-0.412,"basaliob":-0.412,"bolussnooze":0,"activity":-0.0048,"lastBolusTime":0,"time":"2023-12-28T07:53:08.900Z"}},{"iob":-0.007,"basaliob":-0.007,"bolussnooze":0,"activity":-2.0E-4,"lastBolusTime":0,"time":"2023-12-28T07:58:08.900Z","iobWithZeroTemp":{"iob":-0.413,"basaliob":-0.413,"bolussnooze":0,"activity":-0.0048,"lastBolusTime":0,"time":"2023-12-28T07:58:08.900Z"}},{"iob":-0.006,"basaliob":-0.006,"bolussnooze":0,"activity":-2.0E-4,"lastBolusTime":0,"time":"2023-12-28T08:03:08.900Z","iobWithZeroTemp":{"iob":-0.413,"basaliob":-0.413,"bolussnooze":0,"activity":-0.0049,"lastBolusTime":0,"time":"2023-12-28T08:03:08.900Z"}},{"iob":-0.005,"basaliob":-0.005,"bolussnooze":0,"activity":-1.0E-4,"lastBolusTime":0,"time":"2023-12-28T08:08:08.900Z","iobWithZeroTemp":{"iob":-0.414,"basaliob":-0.414,"bolussnooze":0,"activity":-0.0048,"lastBolusTime":0,"time":"2023-12-28T08:08:08.900Z"}},{"iob":-0.004,"basaliob":-0.004,"bolussnooze":0,"activity":-1.0E-4,"lastBolusTime":0,"time":"2023-12-28T08:13:08.900Z","iobWithZeroTemp":{"iob":-0.415,"basaliob":-0.415,"bolussnooze":0,"activity":-0.0048,"lastBolusTime":0,"time":"2023-12-28T08:13:08.900Z"}},{"iob":-0.004,"basaliob":-0.004,"bolussnooze":0,"activity":-1.0E-4,"lastBolusTime":0,"time":"2023-12-28T08:18:08.900Z","iobWithZeroTemp":{"iob":-0.416,"basaliob":-0.416,"bolussnooze":0,"activity":-0.0049,"lastBolusTime":0,"time":"2023-12-28T08:18:08.900Z"}},{"iob":-0.003,"basaliob":-0.003,"bolussnooze":0,"activity":-1.0E-4,"lastBolusTime":0,"time":"2023-12-28T08:23:08.900Z","iobWithZeroTemp":{"iob":-0.416,"basaliob":-0.416,"bolussnooze":0,"activity":-0.0049,"lastBolusTime":0,"time":"2023-12-28T08:23:08.900Z"}},{"iob":-0.003,"basaliob":-0.003,"bolussnooze":0,"activity":-1.0E-4,"lastBolusTime":0,"time":"2023-12-28T08:28:08.900Z","iobWithZeroTemp":{"iob":-0.417,"basaliob":-0.417,"bolussnooze":0,"activity":-0.0049,"lastBolusTime":0,"time":"2023-12-28T08:28:08.900Z"}},{"iob":-0.002,"basaliob":-0.002,"bolussnooze":0,"activity":-1.0E-4,"lastBolusTime":0,"time":"2023-12-28T08:33:08.900Z","iobWithZeroTemp":{"iob":-0.417,"basaliob":-0.417,"bolussnooze":0,"activity":-0.0049,"lastBolusTime":0,"time":"2023-12-28T08:33:08.900Z"}},{"iob":-0.002,"basaliob":-0.002,"bolussnooze":0,"activity":-1.0E-4,"lastBolusTime":0,"time":"2023-12-28T08:38:08.900Z","iobWithZeroTemp":{"iob":-0.418,"basaliob":-0.418,"bolussnooze":0,"activity":-0.005,"lastBolusTime":0,"time":"2023-12-28T08:38:08.900Z"}},{"iob":-0.002,"basaliob":-0.002,"bolussnooze":0,"activity":-1.0E-4,"lastBolusTime":0,"time":"2023-12-28T08:43:08.900Z","iobWithZeroTemp":{"iob":-0.418,"basaliob":-0.418,"bolussnooze":0,"activity":-0.005,"lastBolusTime":0,"time":"2023-12-28T08:43:08.900Z"}},{"iob":-0.001,"basaliob":-0.001,"bolussnooze":0,"activity":-1.0E-4,"lastBolusTime":0,"time":"2023-12-28T08:48:08.900Z","iobWithZeroTemp":{"iob":-0.418,"basaliob":-0.418,"bolussnooze":0,"activity":-0.005,"lastBolusTime":0,"time":"2023-12-28T08:48:08.900Z"}},{"iob":-0.001,"basaliob":-0.001,"bolussnooze":0,"activity":0,"lastBolusTime":0,"time":"2023-12-28T08:53:08.900Z","iobWithZeroTemp":{"iob":-0.419,"basaliob":-0.419,"bolussnooze":0,"activity":-0.0049,"lastBolusTime":0,"time":"2023-12-28T08:53:08.900Z"}},{"iob":-0.001,"basaliob":-0.001,"bolussnooze":0,"activity":0,"lastBolusTime":0,"time":"2023-12-28T08:58:08.900Z","iobWithZeroTemp":{"iob":-0.419,"basaliob":-0.419,"bolussnooze":0,"activity":-0.0049,"lastBolusTime":0,"time":"2023-12-28T08:58:08.900Z"}}],"profile":{"max_iob":10,"type":"current","max_daily_basal":0.35,"max_basal":1.05,"min_bg":95,"max_bg":95,"target_bg":95,"carb_ratio":8.2,"sens":120,"max_daily_safety_multiplier":3,"current_basal_safety_multiplier":4,"lgsThreshold":95,"high_temptarget_raises_sensitivity":true,"low_temptarget_lowers_sensitivity":true,"sensitivity_raises_target":true,"resistance_lowers_target":true,"adv_target_adjustments":false,"exercise_mode":false,"half_basal_exercise_target":160,"maxCOB":120,"skip_neutral_temps":false,"remainingCarbsCap":90,"enableUAM":true,"A52_risk_enable":false,"SMBInterval":3,"enableSMB_with_COB":true,"enableSMB_with_temptarget":true,"allowSMB_with_high_temptarget":false,"enableSMB_always":false,"enableSMB_after_carbs":true,"maxSMBBasalMinutes":30,"maxUAMSMBBasalMinutes":45,"bolus_increment":0.05,"carbsReqThreshold":2,"current_basal":0.3,"temptargetSet":false,"autosens_max":1.3,"autosens_min":0.7,"variable_sens":197.9,"insulinDivisor":75,"TDD":10.879604648809526},"autosens_data":{"ratio":1.005503461346033},"meal_data":{"carbs":0,"mealCOB":0,"slopeFromMaxDeviation":-0.0038571428571428567,"slopeFromMinDeviation":0.6365000000000001,"lastBolusTime":1703717591088,"lastCarbTime":0},"microBolusAllowed":true,"currentTime":1703739790282,"flatBGsDetected":false,"tdd1D":17.627083333333335,"tdd7D":16.608595238095237,"tddLast24H":16.700000000000003,"tddLast4H":0.37083333333333335,"tddLast8to4H":1.3833333333333335},"output":{"temp":"absolute","bg":98,"tick":"+3","eventualBG":135,"targetBG":95,"insulinReq":0.18,"deliverAt":"2023-12-28T05:03:10.282Z","sensitivityRatio":1.005503461346033,"variable_sens":197.9,"predBGs":{"IOB":[98,101,103,106,108,110,112,114,116,118,120,121,123,124,126,127,128,129,130,131,132,132,133,134,134,135,135,135,136,136,136,137,137,137,137,137,138],"ZT":[98,101,105,108,111,114,117]},"reason":"COB: 0, Dev: -11, BGI: 3, ISF: 198, CR: 8.2, Target: 95, minPredBG 130, minGuardBG 101, IOBpredBG 138; Eventual BG 135 >= 95, temp 0.65 < 0.66U\/hr. ","COB":0,"IOB":-0.245,"duration":30,"rate":0.6616510384038099,"timestamp":"2023-12-28T05:03:10.314Z"}}