{"algorithm":"OpenAPSSMBDynamicISFPlugin","input":{"glucoseStatus":{"glucose":60,"noise":0,"delta":-2.61,"short_avgdelta":-2.61,"long_avgdelta":-3.29,"date":1703758664000},"currenttemp":{"temp":"absolute","duration":105,"rate":0,"minutesrunning":15},"iob_data":[{"iob":-0.128,"basaliob":-0.271,"bolussnooze":0,"activity":-4.0E-4,"lastBolusTime":1703747935735,"time":"2023-12-28T10:18:08.282Z","iobWithZeroTemp":{"iob":-0.128,"basaliob":-0.271,"bolussnooze":0,"activity":-4.0E-4,"lastBolusTime":1703747935735,"time":"2023-12-28T10:18:08.282Z"}},{"iob":-0.125,"basaliob":-0.253,"bolussnooze":0,"activity":-6.0E-4,"lastBolusTime":1703747935735,"time":"2023-12-28T10:23:08.282Z","iobWithZeroTemp":{"iob":-0.138,"basaliob":-0.266,"bolussnooze":0,"activity":-6.0E-4,"lastBolusTime":1703747935735,"time":"2023-12-28T10:23:08.282Z"}},{"iob":-0.122,"basaliob":-0.236,"bolussnooze":0,"activity":-8.0E-4,"lastBolusTime":1703747935735,"time":"2023-12-28T10:28:08.282Z","iobWithZeroTemp":{"iob":-0.152,"basaliob":-0.266,"bolussnooze":0,"activity":-9.0E-4,"lastBolusTime":1703747935735,"time":"2023-12-28T10:28:08.282Z"}},{"iob":-0.118,"basaliob":-0.22,"bolussnooze":0,"activity":-9.0E-4,"lastBolusTime":1703747935735,"time":"2023-12-28T10:33:08.282Z","iobWithZeroTemp":{"iob":-0.164,"basaliob":-0.266,"bolussnooze":0,"activity":-0.001,"lastBolusTime":1703747935735,"time":"2023-12-28T10:33:08.282Z"}},{"iob":-0.114,"basaliob":-0.204,"bolussnooze":0,"activity":-0.001,"lastBolusTime":1703747935735,"time":"2023-12-28T10:38:08.282Z","iobWithZeroTemp":{"iob":-0.176,"basaliob":-0.266,"bolussnooze":0,"activity":-0.0012,"lastBolusTime":1703747935735,"time":"2023-12-28T10:38:08.282Z"}},{"iob":-0.108,"basaliob":-0.188,"bolussnooze":0,"activity":-0.0011,"lastBolusTime":1703747935735,"time":"2023-12-28T10:43:08.282Z","iobWithZeroTemp":{"iob":-0.185,"basaliob":-0.265,"bolussnooze":0,"activity":-0.0014,"lastBolusTime":1703747935735,"time":"2023-12-28T10:43:08.282Z"}},{"iob":-0.103,"basaliob":-0.174,"bolussnooze":0,"activity":-0.0011,"lastBolusTime":1703747935735,"time":"2023-12-28T10:48:08.282Z","iobWithZeroTemp":{"iob":-0.195,"basaliob":-0.266,"bolussnooze":0,"activity":-0.0016,"lastBolusTime":1703747935735,"time":"2023-12-28T10:48:08.282Z"}},{"iob":-0.097,"basaliob":-0.16,"bolussnooze":0,"activity":-0.0011,"lastBolusTime":1703747935735,"time":"2023-12-28T10:53:08.282Z","iobWithZeroTemp":{"iob":-0.203,"basaliob":-0.266,"bolussnooze":0,"activity":-0.0017,"lastBolusTime":1703747935735,"time":"2023-12-28T10:53:08.282Z"}},{"iob":-0.092,"basaliob":-0.147,"bolussnooze":0,"activity":-0.0011,"lastBolusTime":1703747935735,"time":"2023-12-28T10:58:08.282Z","iobWithZeroTemp":{"iob":-0.211,"basaliob":-0.266,"bolussnooze":0,"activity":-0.0018,"lastBolusTime":1703747935735,"time":"2023-12-28T10:58:08.282Z"}},{"iob":-0.087,"basaliob":-0.135,"bolussnooze":0,"activity":-0.001,"lastBolusTime":1703747935735,"time":"2023-12-28T11:03:08.282Z","iobWithZeroTemp":{"iob":-0.227,"basaliob":-0.275,"bolussnooze":0,"activity":-0.0019,"lastBolusTime":1703747935735,"time":"2023-12-28T11:03:08.282Z"}},{"iob":-0.082,"basaliob":-0.124,"bolussnooze":0,"activity":-0.0011,"lastBolusTime":1703747935735,"time":"2023-12-28T11:08:08.282Z","iobWithZeroTemp":{"iob":-0.241,"basaliob":-0.283,"bolussnooze":0,"activity":-0.0022,"lastBolusTime":1703747935735,"time":"2023-12-28T11:08:08.282Z"}},{"iob":-0.076,"basaliob":-0.113,"bolussnooze":0,"activity":-0.001,"lastBolusTime":1703747935735,"time":"2023-12-28T11:13:08.282Z","iobWithZeroTemp":{"iob":-0.255,"basaliob":-0.292,"bolussnooze":0,"activity":-0.0023,"lastBolusTime":1703747935735,"time":"2023-12-28T11:13:08.282Z"}},{"iob":-0.071,"basaliob":-0.103,"bolussnooze":0,"activity":-0.001,"lastBolusTime":1703747935735,"time":"2023-12-28T11:18:08.282Z","iobWithZeroTemp":{"iob":-0.268,"basaliob":-0.3,"bolussnooze":0,"activity":-0.0024,"lastBolusTime":1703747935735,"time":"2023-12-28T11:18:08.282Z"}},{"iob":-0.066,"basaliob":-0.094,"bolussnooze":0,"activity":-0.001,"lastBolusTime":1703747935735,"time":"2023-12-28T11:23:08.282Z","iobWithZeroTemp":{"iob":-0.28,"basaliob":-0.308,"bolussnooze":0,"activity":-0.0026,"lastBolusTime":1703747935735,"time":"2023-12-28T11:23:08.282Z"}},{"iob":-0.062,"basaliob":-0.086,"bolussnooze":0,"activity":-9.0E-4,"lastBolusTime":1703747935735,"time":"2023-12-28T11:28:08.282Z","iobWithZeroTemp":{"iob":-0.292,"basaliob":-0.316,"bolussnooze":0,"activity":-0.0027,"lastBolusTime":1703747935735,"time":"2023-12-28T11:28:08.282Z"}},{"iob":-0.057,"basaliob":-0.078,"bolussnooze":0,"activity":-9.0E-4,"lastBolusTime":1703747935735,"time":"2023-12-28T11:33:08.282Z","iobWithZeroTemp":{"iob":-0.303,"basaliob":-0.324,"bolussnooze":0,"activity":-0.0029,"lastBolusTime":1703747935735,"time":"2023-12-28T11:33:08.282Z"}},{"iob":-0.053,"basaliob":-0.071,"bolussnooze":0,"activity":-8.0E-4,"lastBolusTime":1703747935735,"time":"2023-12-28T11:38:08.282Z","iobWithZeroTemp":{"iob":-0.313,"basaliob":-0.331,"bolussnooze":0,"activity":-0.003,"lastBolusTime":1703747935735,"time":"2023-12-28T11:38:08.282Z"}},{"iob":-0.049,"basaliob":-0.064,"bolussnooze":0,"activity":-8.0E-4,"lastBolusTime":1703747935735,"time":"2023-12-28T11:43:08.282Z","iobWithZeroTemp":{"iob":-0.323,"basaliob":-0.338,"bolussnooze":0,"activity":-0.0032,"lastBolusTime":1703747935735,"time":"2023-12-28T11:43:08.282Z"}},{"iob":-0.045,"basaliob":-0.058,"bolussnooze":0,"activity":-8.0E-4,"lastBolusTime":1703747935735,"time":"2023-12-28T11:48:08.282Z","iobWithZeroTemp":{"iob":-0.331,"basaliob":-0.344,"bolussnooze":0,"activity":-0.0034,"lastBolusTime":1703747935735,"time":"2023-12-28T11:48:08.282Z"}},{"iob":-0.041,"basaliob":-0.052,"bolussnooze":0,"activity":-7.0E-4,"lastBolusTime":1703747935735,"time":"2023-12-28T11:53:08.282Z","iobWithZeroTemp":{"iob":-0.339,"basaliob":-0.35,"bolussnooze":0,"activity":-0.0034,"lastBolusTime":1703747935735,"time":"2023-12-28T11:53:08.282Z"}},{"iob":-0.038,"basaliob":-0.047,"bolussnooze":0,"activity":-7.0E-4,"lastBolusTime":1703747935735,"time":"2023-12-28T11:58:08.282Z","iobWithZeroTemp":{"iob":-0.347,"basaliob":-0.356,"bolussnooze":0,"activity":-0.0036,"lastBolusTime":1703747935735,"time":"2023-12-28T11:58:08.282Z"}},{"iob":-0.034,"basaliob":-0.042,"bolussnooze":0,"activity":-6.0E-4,"lastBolusTime":1703747935735,"time":"2023-12-28T12:03:08.282Z","iobWithZeroTemp":{"iob":-0.353,"basaliob":-0.361,"bolussnooze":0,"activity":-0.0037,"lastBolusTime":1703747935735,"time":"2023-12-28T12:03:08.282Z"}},{"iob":-0.032,"basaliob":-0.038,"bolussnooze":0,"activity":-6.0E-4,"lastBolusTime":1703747935735,"time":"2023-12-28T12:08:08.282Z","iobWithZeroTemp":{"iob":-0.36,"basaliob":-0.366,"bolussnooze":0,"activity":-0.0038,"lastBolusTime":1703747935735,"time":"2023-12-28T12:08:08.282Z"}},{"iob":-0.029,"basaliob":-0.034,"bolussnooze":0,"activity":-5.0E-4,"lastBolusTime":1703747935735,"time":"2023-12-28T12:13:08.282Z","iobWithZeroTemp":{"iob":-0.366,"basaliob":-0.371,"bolussnooze":0,"activity":-0.0038,"lastBolusTime":1703747935735,"time":"2023-12-28T12:13:08.282Z"}},{"iob":-0.027,"basaliob":-0.031,"bolussnooze":0,"activity":-5.0E-4,"lastBolusTime":1703747935735,"time":"2023-12-28T12:18:08.282Z","iobWithZeroTemp":{"iob":-0.372,"basaliob":-0.376,"bolussnooze":0,"activity":-0.004,"lastBolusTime":1703747935735,"time":"2023-12-28T12:18:08.282Z"}},{"iob":-0.024,"basaliob":-0.027,"bolussnooze":0,"activity":-4.0E-4,"lastBolusTime":1703747935735,"time":"2023-12-28T12:23:08.282Z","iobWithZeroTemp":{"iob":-0.376,"basaliob":-0.379,"bolussnooze":0,"activity":-0.004,"lastBolusTime":1703747935735,"time":"2023-12-28T12:23:08.282Z"}},{"iob":-0.021,"basaliob":-0.024,"bolussnooze":0,"activity":-5.0E-4,"lastBolusTime":1703747935735,"time":"2023-12-28T12:28:08.282Z","iobWithZeroTemp":{"iob":-0.38,"basaliob":-0.383,"bolussnooze":0,"activity":-0.0042,"lastBolusTime":1703747935735,"time":"2023-12-28T12:28:08.282Z"}},{"iob":-0.02,"basaliob":-0.022,"bolussnooze":0,"activity":-4.0E-4,"lastBolusTime":1703747935735,"time":"2023-12-28T12:33:08.282Z","iobWithZeroTemp":{"iob":-0.385,"basaliob":-0.387,"bolussnooze":0,"activity":-0.0042,"lastBolusTime":1703747935735,"time":"2023-12-28T12:33:08.282Z"}},{"iob":-0.018,"basaliob":-0.019,"bolussnooze":0,"activity":-4.0E-4,"lastBolusTime":1703747935735,"time":"2023-12-28T12:38:08.282Z","iobWithZeroTemp":{"iob":-0.388,"basaliob":-0.389,"bolussnooze":0,"activity":-0.0043,"lastBolusTime":1703747935735,"time":"2023-12-28T12:38:08.282Z"}},{"iob":-0.016,"basaliob":-0.017,"bolussnooze":0,"activity":-3.0E-4,"lastBolusTime":1703747935735,"time":"2023-12-28T12:43:08.282Z","iobWithZeroTemp":{"iob":-0.392,"basaliob":-0.393,"bolussnooze":0,"activity":-0.0043,"lastBolusTime":1703747935735,"time":"2023-12-28T12:43:08.282Z"}},{"iob":-0.014,"basaliob":-0.015,"bolussnooze":0,"activity":-3.0E-4,"lastBolusTime":1703747935735,"time":"2023-12-28T12:48:08.282Z","iobWithZeroTemp":{"iob":-0.394,"basaliob":-0.395,"bolussnooze":0,"activity":-0.0044,"lastBolusTime":1703747935735,"time":"2023-12-28T12:48:08.282Z"}},{"iob":-0.013,"basaliob":-0.013,"bolussnooze":0,"activity":-3.0E-4,"lastBolusTime":1703747935735,"time":"2023-12-28T12:53:08.282Z","iobWithZeroTemp":{"iob":-0.397,"basaliob":-0.397,"bolussnooze":0,"activity":-0.0045,"lastBolusTime":1703747935735,"time":"2023-12-28T12:53:08.282Z"}},{"iob":-0.012,"basaliob":-0.012,"bolussnooze":0,"activity":-3.0E-4,"lastBolusTime":1703747935735,"time":"2023-12-28T12:58:08.282Z","iobWithZeroTemp":{"iob":-0.4,"basaliob":-0.4,"bolussnooze":0,"activity":-0.0046,"lastBolusTime":1703747935735,"time":"2023-12-28T12:58:08.282Z"}},{"iob":-0.01,"basaliob":-0.01,"bolussnooze":0,"activity":-3.0E-4,"lastBolusTime":1703747935735,"time":"2023-12-28T13:03:08.282Z","iobWithZeroTemp":{"iob":-0.402,"basaliob":-0.402,"bolussnooze":0,"activity":-0.0046,"lastBolusTime":1703747935735,"time":"2023-12-28T13:03:08.282Z"}},{"iob":-0.009,"basaliob":-0.009,"bolussnooze":0,"activity":-2.0E-4,"lastBolusTime":1703747935735,"time":"2023-12-28T13:08:08.282Z","iobWithZeroTemp":{"iob":-0.404,"basaliob":-0.404,"bolussnooze":0,"activity":-0.0046,"lastBolusTime":1703747935735,"time":"2023-12-28T13:08:08.282Z"}},{"iob":-0.008,"basaliob":-0.008,"bolussnooze":0,"activity":-2.0E-4,"lastBolusTime":1703747935735,"time":"2023-12-28T13:13:08.282Z","iobWithZeroTemp":{"iob":-0.406,"basaliob":-0.406,"bolussnooze":0,"activity":-0.0047,"lastBolusTime":1703747935735,"time":"2023-12-28T13:13:08.282Z"}},{"iob":-0.007,"basaliob":-0.007,"bolussnooze":0,"activity":-2.0E-4,"lastBolusTime":1703747935735,"time":"2023-12-28T13:18:08.282Z","iobWithZeroTemp":{"iob":-0.407,"basaliob":-0.407,"bolussnooze":0,"activity":-0.0047,"lastBolusTime":1703747935735,"time":"2023-12-28T13:18:08.282Z"}},{"iob":-0.006,"basaliob":-0.006,"bolussnooze":0,"activity":-2.0E-4,"lastBolusTime":0,"time":"2023-12-28T13:23:08.282Z","iobWithZeroTemp":{"iob":-0.409,"basaliob":-0.409,"bolussnooze":0,"activity":-0.0048,"lastBolusTime":0,"time":"2023-12-28T13:23:08.282Z"}},{"iob":-0.005,"basaliob":-0.005,"bolussnooze":0,"activity":-1.0E-4,"lastBolusTime":0,"time":"2023-12-28T13:28:08.282Z","iobWithZeroTemp":{"iob":-0.41,"basaliob":-0.41,"bolussnooze":0,"activity":-0.0047,"lastBolusTime":0,"time":"2023-12-28T13:28:08.282Z"}},{"iob":-0.005,"basaliob":-0.005,"bolussnooze":0,"activity":-1.0E-4,"lastBolusTime":0,"time":"2023-12-28T13:33:08.282Z","iobWithZeroTemp":{"iob":-0.412,"basaliob":-0.412,"bolussnooze":0,"activity":-0.0047,"lastBolusTime":0,"time":"2023-12-28T13:33:08.282Z"}},{"iob":-0.004,"basaliob":-0.004,"bolussnooze":0,"activity":-1.0E-4,"lastBolusTime":0,"time":"2023-12-28T13:38:08.282Z","iobWithZeroTemp":{"iob":-0.412,"basaliob":-0.412,"bolussnooze":0,"activity":-0.0048,"lastBolusTime":0,"time":"2023-12-28T13:38:08.282Z"}},{"iob":-0.003,"basaliob":-0.003,"bolussnooze":0,"activity":-1.0E-4,"lastBolusTime":0,"time":"2023-12-28T13:43:08.282Z","iobWithZeroTemp":{"iob":-0.413,"basaliob":-0.413,"bolussnooze":0,"activity":-0.0048,"lastBolusTime":0,"time":"2023-12-28T13:43:08.282Z"}},{"iob":-0.003,"basaliob":-0.003,"bolussnooze":0,"activity":-1.0E-4,"lastBolusTime":0,"time":"2023-12-28T13:48:08.282Z","iobWithZeroTemp":{"iob":-0.414,"basaliob":-0.414,"bolussnooze":0,"activity":-0.0048,"lastBolusTime":0,"time":"2023-12-28T13:48:08.282Z"}},{"iob":-0.003,"basaliob":-0.003,"bolussnooze":0,"activity":-1.0E-4,"lastBolusTime":0,"time":"2023-12-28T13:53:08.282Z","iobWithZeroTemp":{"iob":-0.415,"basaliob":-0.415,"bolussnooze":0,"activity":-0.0049,"lastBolusTime":0,"time":"2023-12-28T13:53:08.282Z"}},{"iob":-0.002,"basaliob":-0.002,"bolussnooze":0,"activity":-1.0E-4,"lastBolusTime":0,"time":"2023-12-28T13:58:08.282Z","iobWithZeroTemp":{"iob":-0.415,"basaliob":-0.415,"bolussnooze":0,"activity":-0.0049,"lastBolusTime":0,"time":"2023-12-28T13:58:08.282Z"}},{"iob":-0.002,"basaliob":-0.002,"bolussnooze":0,"activity":-1.0E-4,"lastBolusTime":0,"time":"2023-12-28T14:03:08.282Z","iobWithZeroTemp":{"iob":-0.4,"basaliob":-0.4,"bolussnooze":0,"activity":-0.0049,"lastBolusTime":0,"time":"2023-12-28T14:03:08.282Z"}},{"iob":-0.002,"basaliob":-0.002,"bolussnooze":0,"activity":-1.0E-4,"lastBolusTime":0,"time":"2023-12-28T14:08:08.282Z","iobWithZeroTemp":{"iob":-0.384,"basaliob":-0.384,"bolussnooze":0,"activity":-0.0049,"lastBolusTime":0,"time":"2023-12-28T14:08:08.282Z"}},{"iob":-0.001,"basaliob":-0.001,"bolussnooze":0,"activity":0,"lastBolusTime":0,"time":"2023-12-28T14:13:08.282Z","iobWithZeroTemp":{"iob":-0.368,"basaliob":-0.368,"bolussnooze":0,"activity":-0.0047,"lastBolusTime":0,"time":"2023-12-28T14:13:08.282Z"}}],"profile":{"max_iob":10,"type":"current","max_daily_basal":0.35,"max_basal":0.8,"min_bg":130,"max_bg":130,"target_bg":130,"carb_ratio":8.5,"sens":110,"max_daily_safety_multiplier":3,"current_basal_safety_multiplier":4,"lgsThreshold":95,"high_temptarget_raises_sensitivity":true,"low_temptarget_lowers_sensitivity":true,"sensitivity_raises_target":true,"resistance_lowers_target":true,"adv_target_adjustments":false,"exercise_mode":false,"half_basal_exercise_target":160,"maxCOB":120,"skip_neutral_temps":false,"remainingCarbsCap":90,"enableUAM":true,"A52_risk_enable":false,"SMBInterval":3,"enableSMB_with_COB":true,"enableSMB_with_temptarget":true,"allowSMB_with_high_temptarget":false,"enableSMB_always":false,"enableSMB_after_carbs":true,"maxSMBBasalMinutes":30,"maxUAMSMBBasalMinutes":45,"bolus_increment":0.05,"carbsReqThreshold":2,"current_basal":0.2,"temptargetSet":true,"autosens_max":1.3,"autosens_min":0.7,"variable_sens":240.1,"insulinDivisor":75,"TDD":12.756850898809523},"autosens_data":{"ratio":0.9826739166897233},"meal_data":{"carbs":33,"mealCOB":14.537395454545443,"slopeFromMaxDeviation":-1.5935714285714286,"slopeFromMinDeviation":0.8900000000000001,"lastBolusTime":1703747935735,"lastCarbTime":1703753560000},"microBolusAllowed":true,"currentTime":1703758689727,"flatBGsDetected":false,"tdd1D":17.627083333333335,"tdd7D":16.608595238095237,"tddLast24H":16.320833333333333,"tddLast4H":2.1875,"tddLast8to4H":0.8625000000000002},"output":{"temp":"absolute","bg":60,"tick":-3,"eventualBG":353,"targetBG":130,"insulinReq":0,"deliverAt":"2023-12-28T10:18:09.727Z","sensitivityRatio":0.67,"variable_sens":240.1,"predBGs":{"IOB":[60,58,56,54,54,53,53,53,54,54,55,56,57,59,60,61,62,63,64,65,66,66,67,68,68,69,69,70,70,71,71,71,72,72,72,72,73,73,73,73,73,73,73,74],"ZT":[60,60,61,62,63,65,66,68,70,72,74,76,79,81,83,86,89,91,94,97,100,103,106,109,112,115,118,121,124,127],"COB":[60,58,57,56,56,57,58,60,62,65,69,72,77,81,86,91,97,102,108,114,120,126,132,139,146,153,161,168,176,184,192,201,210,219,228,237,247,257,267,277,288,298,308,317,327,336,345,353],"UAM":[60,58,56,54,54,53,53,53,54,54,55,56,57,59,60,61,62,63,64,65,66,66,67,68,68,69,69,70,70,71,71,71,72,72,72,72,73,73,73,73,73,73,73,74]},"reason":"COB: 14.5, Dev: -23, BGI: 0, ISF: 240, CR: 8.5, Target: 130, minPredBG 108, minGuardBG 54, IOBpredBG 74, COBpredBG 353, UAMpredBG 74; minGuardBG 54<95 105m left and 0 ~ req 0U\/hr: no temp required","COB":14.537395454545443,"IOB":-0.128,"timestamp":"2023-12-28T10:18:09.759Z"}}