{"algorithm":"OpenAPSSMBDynamicISFPlugin","input":{"glucoseStatus":{"glucose":132,"noise":0,"delta":-1.5,"short_avgdelta":-1.5,"long_avgdelta":-1.44,"date":1703875966000},"currenttemp":{"temp":"absolute","duration":100,"rate":0,"minutesrunning":20},"iob_data":[{"iob":1.435,"basaliob":-0.104,"bolussnooze":0.353,"activity":0.0227,"lastBolusTime":1703872396833,"time":"2023-12-29T18:53:09.312Z","iobWithZeroTemp":{"iob":1.435,"basaliob":-0.104,"bolussnooze":0.353,"activity":0.0227,"lastBolusTime":1703872396833,"time":"2023-12-29T18:53:09.312Z"}},{"iob":1.325,"basaliob":-0.099,"bolussnooze":0.2876,"activity":0.0215,"lastBolusTime":1703872396833,"time":"2023-12-29T18:58:09.312Z","iobWithZeroTemp":{"iob":1.318,"basaliob":-0.106,"bolussnooze":0.2876,"activity":0.0215,"lastBolusTime":1703872396833,"time":"2023-12-29T18:58:09.312Z"}},{"iob":1.22,"basaliob":-0.094,"bolussnooze":0.2328,"activity":0.0203,"lastBolusTime":1703872396833,"time":"2023-12-29T19:03:09.312Z","iobWithZeroTemp":{"iob":1.186,"basaliob":-0.128,"bolussnooze":0.2328,"activity":0.0202,"lastBolusTime":1703872396833,"time":"2023-12-29T19:03:09.312Z"}},{"iob":1.122,"basaliob":-0.089,"bolussnooze":0.1871,"activity":0.019,"lastBolusTime":1703872396833,"time":"2023-12-29T19:08:09.312Z","iobWithZeroTemp":{"iob":1.06,"basaliob":-0.151,"bolussnooze":0.1871,"activity":0.0188,"lastBolusTime":1703872396833,"time":"2023-12-29T19:08:09.312Z"}},{"iob":1.031,"basaliob":-0.083,"bolussnooze":0.1493,"activity":0.0178,"lastBolusTime":1703872396833,"time":"2023-12-29T19:13:09.312Z","iobWithZeroTemp":{"iob":0.942,"basaliob":-0.172,"bolussnooze":0.1493,"activity":0.0175,"lastBolusTime":1703872396833,"time":"2023-12-29T19:13:09.312Z"}},{"iob":0.945,"basaliob":-0.078,"bolussnooze":0.1183,"activity":0.0167,"lastBolusTime":1703872396833,"time":"2023-12-29T19:18:09.312Z","iobWithZeroTemp":{"iob":0.829,"basaliob":-0.194,"bolussnooze":0.1183,"activity":0.0162,"lastBolusTime":1703872396833,"time":"2023-12-29T19:18:09.312Z"}},{"iob":0.864,"basaliob":-0.073,"bolussnooze":0.0929,"activity":0.0155,"lastBolusTime":1703872396833,"time":"2023-12-29T19:23:09.312Z","iobWithZeroTemp":{"iob":0.721,"basaliob":-0.216,"bolussnooze":0.0929,"activity":0.0148,"lastBolusTime":1703872396833,"time":"2023-12-29T19:23:09.312Z"}},{"iob":0.789,"basaliob":-0.068,"bolussnooze":0.0723,"activity":0.0144,"lastBolusTime":1703872396833,"time":"2023-12-29T19:28:09.312Z","iobWithZeroTemp":{"iob":0.621,"basaliob":-0.236,"bolussnooze":0.0723,"activity":0.0135,"lastBolusTime":1703872396833,"time":"2023-12-29T19:28:09.312Z"}},{"iob":0.719,"basaliob":-0.064,"bolussnooze":0.0557,"activity":0.0134,"lastBolusTime":1703872396833,"time":"2023-12-29T19:33:09.312Z","iobWithZeroTemp":{"iob":0.527,"basaliob":-0.256,"bolussnooze":0.0557,"activity":0.0123,"lastBolusTime":1703872396833,"time":"2023-12-29T19:33:09.312Z"}},{"iob":0.655,"basaliob":-0.059,"bolussnooze":0.0424,"activity":0.0124,"lastBolusTime":1703872396833,"time":"2023-12-29T19:38:09.312Z","iobWithZeroTemp":{"iob":0.44,"basaliob":-0.274,"bolussnooze":0.0424,"activity":0.011,"lastBolusTime":1703872396833,"time":"2023-12-29T19:38:09.312Z"}},{"iob":0.595,"basaliob":-0.055,"bolussnooze":0.0319,"activity":0.0115,"lastBolusTime":1703872396833,"time":"2023-12-29T19:43:09.312Z","iobWithZeroTemp":{"iob":0.359,"basaliob":-0.291,"bolussnooze":0.0319,"activity":0.0099,"lastBolusTime":1703872396833,"time":"2023-12-29T19:43:09.312Z"}},{"iob":0.54,"basaliob":-0.051,"bolussnooze":0.0237,"activity":0.0106,"lastBolusTime":1703872396833,"time":"2023-12-29T19:48:09.312Z","iobWithZeroTemp":{"iob":0.283,"basaliob":-0.308,"bolussnooze":0.0237,"activity":0.0087,"lastBolusTime":1703872396833,"time":"2023-12-29T19:48:09.312Z"}},{"iob":0.489,"basaliob":-0.047,"bolussnooze":0.0172,"activity":0.0097,"lastBolusTime":1703872396833,"time":"2023-12-29T19:53:09.312Z","iobWithZeroTemp":{"iob":0.213,"basaliob":-0.323,"bolussnooze":0.0172,"activity":0.0076,"lastBolusTime":1703872396833,"time":"2023-12-29T19:53:09.312Z"}},{"iob":0.443,"basaliob":-0.043,"bolussnooze":0.0123,"activity":0.009,"lastBolusTime":1703872396833,"time":"2023-12-29T19:58:09.312Z","iobWithZeroTemp":{"iob":0.149,"basaliob":-0.337,"bolussnooze":0.0123,"activity":0.0066,"lastBolusTime":1703872396833,"time":"2023-12-29T19:58:09.312Z"}},{"iob":0.4,"basaliob":-0.04,"bolussnooze":0.0086,"activity":0.0082,"lastBolusTime":1703872396833,"time":"2023-12-29T20:03:09.312Z","iobWithZeroTemp":{"iob":0.09,"basaliob":-0.35,"bolussnooze":0.0086,"activity":0.0056,"lastBolusTime":1703872396833,"time":"2023-12-29T20:03:09.312Z"}},{"iob":0.361,"basaliob":-0.036,"bolussnooze":0.0058,"activity":0.0075,"lastBolusTime":1703872396833,"time":"2023-12-29T20:08:09.312Z","iobWithZeroTemp":{"iob":0.035,"basaliob":-0.362,"bolussnooze":0.0058,"activity":0.0047,"lastBolusTime":1703872396833,"time":"2023-12-29T20:08:09.312Z"}},{"iob":0.325,"basaliob":-0.033,"bolussnooze":0.0038,"activity":0.0069,"lastBolusTime":1703872396833,"time":"2023-12-29T20:13:09.312Z","iobWithZeroTemp":{"iob":-0.015,"basaliob":-0.373,"bolussnooze":0.0038,"activity":0.0039,"lastBolusTime":1703872396833,"time":"2023-12-29T20:13:09.312Z"}},{"iob":0.292,"basaliob":-0.031,"bolussnooze":0.0024,"activity":0.0063,"lastBolusTime":1703872396833,"time":"2023-12-29T20:18:09.312Z","iobWithZeroTemp":{"iob":-0.062,"basaliob":-0.385,"bolussnooze":0.0024,"activity":0.0031,"lastBolusTime":1703872396833,"time":"2023-12-29T20:18:09.312Z"}},{"iob":0.262,"basaliob":-0.028,"bolussnooze":0.0015,"activity":0.0057,"lastBolusTime":1703872396833,"time":"2023-12-29T20:23:09.312Z","iobWithZeroTemp":{"iob":-0.104,"basaliob":-0.394,"bolussnooze":0.0015,"activity":0.0023,"lastBolusTime":1703872396833,"time":"2023-12-29T20:23:09.312Z"}},{"iob":0.235,"basaliob":-0.025,"bolussnooze":9.0E-4,"activity":0.0052,"lastBolusTime":1703872396833,"time":"2023-12-29T20:28:09.312Z","iobWithZeroTemp":{"iob":-0.143,"basaliob":-0.403,"bolussnooze":9.0E-4,"activity":0.0016,"lastBolusTime":1703872396833,"time":"2023-12-29T20:28:09.312Z"}},{"iob":0.21,"basaliob":-0.023,"bolussnooze":5.0E-4,"activity":0.0048,"lastBolusTime":1703872396833,"time":"2023-12-29T20:33:09.312Z","iobWithZeroTemp":{"iob":-0.178,"basaliob":-0.411,"bolussnooze":5.0E-4,"activity":0.001,"lastBolusTime":1703872396833,"time":"2023-12-29T20:33:09.312Z"}},{"iob":0.187,"basaliob":-0.021,"bolussnooze":3.0E-4,"activity":0.0043,"lastBolusTime":1703872396833,"time":"2023-12-29T20:38:09.312Z","iobWithZeroTemp":{"iob":-0.211,"basaliob":-0.419,"bolussnooze":3.0E-4,"activity":3.0E-4,"lastBolusTime":1703872396833,"time":"2023-12-29T20:38:09.312Z"}},{"iob":0.167,"basaliob":-0.019,"bolussnooze":1.0E-4,"activity":0.0039,"lastBolusTime":1703872396833,"time":"2023-12-29T20:43:09.312Z","iobWithZeroTemp":{"iob":-0.24,"basaliob":-0.426,"bolussnooze":1.0E-4,"activity":-2.0E-4,"lastBolusTime":1703872396833,"time":"2023-12-29T20:43:09.312Z"}},{"iob":0.149,"basaliob":-0.017,"bolussnooze":0,"activity":0.0036,"lastBolusTime":1703872396833,"time":"2023-12-29T20:48:09.312Z","iobWithZeroTemp":{"iob":-0.266,"basaliob":-0.432,"bolussnooze":0,"activity":-7.0E-4,"lastBolusTime":1703872396833,"time":"2023-12-29T20:48:09.312Z"}},{"iob":0.131,"basaliob":-0.016,"bolussnooze":0,"activity":0.0032,"lastBolusTime":1703872396833,"time":"2023-12-29T20:53:09.312Z","iobWithZeroTemp":{"iob":-0.292,"basaliob":-0.439,"bolussnooze":0,"activity":-0.0012,"lastBolusTime":1703872396833,"time":"2023-12-29T20:53:09.312Z"}},{"iob":0.117,"basaliob":-0.014,"bolussnooze":0,"activity":0.0029,"lastBolusTime":1703872396833,"time":"2023-12-29T20:58:09.312Z","iobWithZeroTemp":{"iob":-0.313,"basaliob":-0.444,"bolussnooze":0,"activity":-0.0016,"lastBolusTime":1703872396833,"time":"2023-12-29T20:58:09.312Z"}},{"iob":0.103,"basaliob":-0.013,"bolussnooze":0,"activity":0.0025,"lastBolusTime":1703872396833,"time":"2023-12-29T21:03:09.312Z","iobWithZeroTemp":{"iob":-0.333,"basaliob":-0.449,"bolussnooze":0,"activity":-0.0021,"lastBolusTime":1703872396833,"time":"2023-12-29T21:03:09.312Z"}},{"iob":0.09,"basaliob":-0.012,"bolussnooze":0,"activity":0.0024,"lastBolusTime":1703872396833,"time":"2023-12-29T21:08:09.312Z","iobWithZeroTemp":{"iob":-0.352,"basaliob":-0.454,"bolussnooze":0,"activity":-0.0024,"lastBolusTime":1703872396833,"time":"2023-12-29T21:08:09.312Z"}},{"iob":0.08,"basaliob":-0.01,"bolussnooze":0,"activity":0.0021,"lastBolusTime":1703872396833,"time":"2023-12-29T21:13:09.312Z","iobWithZeroTemp":{"iob":-0.367,"basaliob":-0.457,"bolussnooze":0,"activity":-0.0027,"lastBolusTime":1703872396833,"time":"2023-12-29T21:13:09.312Z"}},{"iob":0.07,"basaliob":-0.009,"bolussnooze":0,"activity":0.0019,"lastBolusTime":1703872396833,"time":"2023-12-29T21:18:09.312Z","iobWithZeroTemp":{"iob":-0.381,"basaliob":-0.46,"bolussnooze":0,"activity":-0.003,"lastBolusTime":1703872396833,"time":"2023-12-29T21:18:09.312Z"}},{"iob":0.061,"basaliob":-0.008,"bolussnooze":0,"activity":0.0016,"lastBolusTime":1703872396833,"time":"2023-12-29T21:23:09.312Z","iobWithZeroTemp":{"iob":-0.395,"basaliob":-0.464,"bolussnooze":0,"activity":-0.0034,"lastBolusTime":1703872396833,"time":"2023-12-29T21:23:09.312Z"}},{"iob":0.054,"basaliob":-0.007,"bolussnooze":0,"activity":0.0015,"lastBolusTime":1703872396833,"time":"2023-12-29T21:28:09.312Z","iobWithZeroTemp":{"iob":-0.406,"basaliob":-0.467,"bolussnooze":0,"activity":-0.0036,"lastBolusTime":1703872396833,"time":"2023-12-29T21:28:09.312Z"}},{"iob":0.046,"basaliob":-0.007,"bolussnooze":0,"activity":0.0013,"lastBolusTime":1703872396833,"time":"2023-12-29T21:33:09.312Z","iobWithZeroTemp":{"iob":-0.417,"basaliob":-0.47,"bolussnooze":0,"activity":-0.0039,"lastBolusTime":1703872396833,"time":"2023-12-29T21:33:09.312Z"}},{"iob":0.04,"basaliob":-0.006,"bolussnooze":0,"activity":0.0012,"lastBolusTime":1703872396833,"time":"2023-12-29T21:38:09.312Z","iobWithZeroTemp":{"iob":-0.426,"basaliob":-0.472,"bolussnooze":0,"activity":-0.004,"lastBolusTime":1703872396833,"time":"2023-12-29T21:38:09.312Z"}},{"iob":0.035,"basaliob":-0.005,"bolussnooze":0,"activity":0.0011,"lastBolusTime":1703872396833,"time":"2023-12-29T21:43:09.312Z","iobWithZeroTemp":{"iob":-0.434,"basaliob":-0.474,"bolussnooze":0,"activity":-0.0042,"lastBolusTime":1703872396833,"time":"2023-12-29T21:43:09.312Z"}},{"iob":0.029,"basaliob":-0.005,"bolussnooze":0,"activity":9.0E-4,"lastBolusTime":1703872396833,"time":"2023-12-29T21:48:09.312Z","iobWithZeroTemp":{"iob":-0.443,"basaliob":-0.477,"bolussnooze":0,"activity":-0.0045,"lastBolusTime":1703872396833,"time":"2023-12-29T21:48:09.312Z"}},{"iob":0.025,"basaliob":-0.004,"bolussnooze":0,"activity":8.0E-4,"lastBolusTime":1703872396833,"time":"2023-12-29T21:53:09.312Z","iobWithZeroTemp":{"iob":-0.449,"basaliob":-0.478,"bolussnooze":0,"activity":-0.0046,"lastBolusTime":1703872396833,"time":"2023-12-29T21:53:09.312Z"}},{"iob":0.021,"basaliob":-0.004,"bolussnooze":0,"activity":7.0E-4,"lastBolusTime":1703872396833,"time":"2023-12-29T21:58:09.312Z","iobWithZeroTemp":{"iob":-0.455,"basaliob":-0.48,"bolussnooze":0,"activity":-0.0047,"lastBolusTime":1703872396833,"time":"2023-12-29T21:58:09.312Z"}},{"iob":0.018,"basaliob":-0.003,"bolussnooze":0,"activity":6.0E-4,"lastBolusTime":1703872396833,"time":"2023-12-29T22:03:09.312Z","iobWithZeroTemp":{"iob":-0.456,"basaliob":-0.477,"bolussnooze":0,"activity":-0.0049,"lastBolusTime":1703872396833,"time":"2023-12-29T22:03:09.312Z"}},{"iob":0.015,"basaliob":-0.003,"bolussnooze":0,"activity":5.0E-4,"lastBolusTime":1703872396833,"time":"2023-12-29T22:08:09.312Z","iobWithZeroTemp":{"iob":-0.456,"basaliob":-0.474,"bolussnooze":0,"activity":-0.005,"lastBolusTime":1703872396833,"time":"2023-12-29T22:08:09.312Z"}},{"iob":0.013,"basaliob":-0.002,"bolussnooze":0,"activity":4.0E-4,"lastBolusTime":1703872396833,"time":"2023-12-29T22:13:09.312Z","iobWithZeroTemp":{"iob":-0.456,"basaliob":-0.471,"bolussnooze":0,"activity":-0.0051,"lastBolusTime":1703872396833,"time":"2023-12-29T22:13:09.312Z"}},{"iob":0.011,"basaliob":-0.002,"bolussnooze":0,"activity":4.0E-4,"lastBolusTime":1703872396833,"time":"2023-12-29T22:18:09.312Z","iobWithZeroTemp":{"iob":-0.455,"basaliob":-0.468,"bolussnooze":0,"activity":-0.0051,"lastBolusTime":1703872396833,"time":"2023-12-29T22:18:09.312Z"}},{"iob":0.008,"basaliob":-0.002,"bolussnooze":0,"activity":3.0E-4,"lastBolusTime":1703872396833,"time":"2023-12-29T22:23:09.312Z","iobWithZeroTemp":{"iob":-0.455,"basaliob":-0.465,"bolussnooze":0,"activity":-0.0052,"lastBolusTime":1703872396833,"time":"2023-12-29T22:23:09.312Z"}},{"iob":0.007,"basaliob":-0.002,"bolussnooze":0,"activity":3.0E-4,"lastBolusTime":1703872396833,"time":"2023-12-29T22:28:09.312Z","iobWithZeroTemp":{"iob":-0.454,"basaliob":-0.463,"bolussnooze":0,"activity":-0.0052,"lastBolusTime":1703872396833,"time":"2023-12-29T22:28:09.312Z"}},{"iob":0.006,"basaliob":-0.001,"bolussnooze":0,"activity":3.0E-4,"lastBolusTime":1703872396833,"time":"2023-12-29T22:33:09.312Z","iobWithZeroTemp":{"iob":-0.452,"basaliob":-0.459,"bolussnooze":0,"activity":-0.0052,"lastBolusTime":1703872396833,"time":"2023-12-29T22:33:09.312Z"}},{"iob":0.005,"basaliob":-0.001,"bolussnooze":0,"activity":3.0E-4,"lastBolusTime":1703872396833,"time":"2023-12-29T22:38:09.312Z","iobWithZeroTemp":{"iob":-0.451,"basaliob":-0.457,"bolussnooze":0,"activity":-0.0052,"lastBolusTime":1703872396833,"time":"2023-12-29T22:38:09.312Z"}},{"iob":0.003,"basaliob":-0.001,"bolussnooze":0,"activity":2.0E-4,"lastBolusTime":1703872396833,"time":"2023-12-29T22:43:09.312Z","iobWithZeroTemp":{"iob":-0.45,"basaliob":-0.454,"bolussnooze":0,"activity":-0.0053,"lastBolusTime":1703872396833,"time":"2023-12-29T22:43:09.312Z"}},{"iob":0.002,"basaliob":-0.001,"bolussnooze":0,"activity":2.0E-4,"lastBolusTime":1703872396833,"time":"2023-12-29T22:48:09.312Z","iobWithZeroTemp":{"iob":-0.449,"basaliob":-0.452,"bolussnooze":0,"activity":-0.0053,"lastBolusTime":1703872396833,"time":"2023-12-29T22:48:09.312Z"}}],"profile":{"max_iob":10,"type":"current","max_daily_basal":0.35,"max_basal":0.4,"min_bg":90,"max_bg":90,"target_bg":90,"carb_ratio":8.5,"sens":110,"max_daily_safety_multiplier":3,"current_basal_safety_multiplier":4,"lgsThreshold":95,"high_temptarget_raises_sensitivity":true,"low_temptarget_lowers_sensitivity":true,"sensitivity_raises_target":true,"resistance_lowers_target":true,"adv_target_adjustments":false,"exercise_mode":false,"half_basal_exercise_target":160,"maxCOB":120,"skip_neutral_temps":false,"remainingCarbsCap":90,"enableUAM":true,"A52_risk_enable":false,"SMBInterval":3,"enableSMB_with_COB":true,"enableSMB_with_temptarget":true,"allowSMB_with_high_temptarget":false,"enableSMB_always":false,"enableSMB_after_carbs":true,"maxSMBBasalMinutes":45,"maxUAMSMBBasalMinutes":45,"bolus_increment":0.05,"carbsReqThreshold":2,"current_basal":0.1,"temptargetSet":true,"autosens_max":1.3,"autosens_min":0.7,"variable_sens":119.3,"insulinDivisor":75,"TDD":14.86172563095238},"autosens_data":{"ratio":1.0456654538171382},"meal_data":{"carbs":20,"mealCOB":2.3934090909090937,"slopeFromMaxDeviation":-1.0350000000000001,"slopeFromMinDeviation":1.3566666666666665,"lastBolusTime":1703872396833,"lastCarbTime":1703870672687},"microBolusAllowed":true,"currentTime":1703875991110,"flatBGsDetected":false,"tdd1D":13.99583333333333,"tdd7D":16.405023809523808,"tddLast24H":17.15416666666667,"tddLast4H":3.9583333333333335,"tddLast8to4H":3.033333333333333},"output":{"temp":"absolute","bg":132,"tick":-1,"eventualBG":39,"targetBG":90,"insulinReq":0,"deliverAt":"2023-12-29T18:53:11.110Z","sensitivityRatio":1.2,"variable_sens":119.3,"predBGs":{"IOB":[132,129,126,123,119,115,110,105,99,92,85,76,67,58,48,39],"ZT":[132,118,105,91,76,61,45,39,39,39,39,39,39,39,39,39,39,39,39,39,39,39,39,39,39,39,39,39,39,39,39,39,39,39,39,39,39,39,39,39,39,39,39,39,39,39,39,39],"COB":[132,128,123,117,109,99,89,80,72,64,56,49,43,39],"UAM":[132,129,126,123,119,114,109,103,97,90,82,73,63,54,44,39]},"reason":"COB: 2.4, Dev: 72, BGI: -14, ISF: 119, CR: 8.5, Target: 90, minPredBG -70, minGuardBG -70, IOBpredBG 39, COBpredBG 39, UAMpredBG 39; 11 add'l carbs req w\/in 30m; minGuardBG -70<95","COB":2.3934090909090937,"IOB":1.435,"carbsReq":11,"carbsReqWithin":30,"duration":120,"rate":0,"timestamp":"2023-12-29T18:53:11.137Z"}}