{"algorithm":"OpenAPSSMBDynamicISFPlugin","input":{"glucoseStatus":{"glucose":121,"noise":0,"delta":-1,"short_avgdelta":-1,"long_avgdelta":1.86,"date":1703848366000},"currenttemp":{"temp":"absolute","duration":115,"rate":0,"minutesrunning":5},"iob_data":[{"iob":2.529,"basaliob":-0.068,"bolussnooze":1.9882,"activity":0.0126,"lastBolusTime":1703847798420,"time":"2023-12-29T11:13:11.494Z","iobWithZeroTemp":{"iob":2.529,"basaliob":-0.068,"bolussnooze":1.9882,"activity":0.0126,"lastBolusTime":1703847798420,"time":"2023-12-29T11:13:11.494Z"}},{"iob":2.456,"basaliob":-0.063,"bolussnooze":1.8309,"activity":0.0159,"lastBolusTime":1703847798420,"time":"2023-12-29T11:18:11.494Z","iobWithZeroTemp":{"iob":2.436,"basaliob":-0.083,"bolussnooze":1.8309,"activity":0.0159,"lastBolusTime":1703847798420,"time":"2023-12-29T11:18:11.494Z"}},{"iob":2.371,"basaliob":-0.057,"bolussnooze":1.6534,"activity":0.0184,"lastBolusTime":1703847798420,"time":"2023-12-29T11:23:11.494Z","iobWithZeroTemp":{"iob":2.326,"basaliob":-0.102,"bolussnooze":1.6534,"activity":0.0183,"lastBolusTime":1703847798420,"time":"2023-12-29T11:23:11.494Z"}},{"iob":2.275,"basaliob":-0.052,"bolussnooze":1.4702,"activity":0.0201,"lastBolusTime":1703847798420,"time":"2023-12-29T11:28:11.494Z","iobWithZeroTemp":{"iob":2.206,"basaliob":-0.121,"bolussnooze":1.4702,"activity":0.0199,"lastBolusTime":1703847798420,"time":"2023-12-29T11:28:11.494Z"}},{"iob":2.171,"basaliob":-0.047,"bolussnooze":1.2906,"activity":0.0213,"lastBolusTime":1703847798420,"time":"2023-12-29T11:33:11.494Z","iobWithZeroTemp":{"iob":2.078,"basaliob":-0.14,"bolussnooze":1.2906,"activity":0.0209,"lastBolusTime":1703847798420,"time":"2023-12-29T11:33:11.494Z"}},{"iob":2.063,"basaliob":-0.043,"bolussnooze":1.1207,"activity":0.022,"lastBolusTime":1703847798420,"time":"2023-12-29T11:38:11.494Z","iobWithZeroTemp":{"iob":1.948,"basaliob":-0.158,"bolussnooze":1.1207,"activity":0.0215,"lastBolusTime":1703847798420,"time":"2023-12-29T11:38:11.494Z"}},{"iob":1.952,"basaliob":-0.039,"bolussnooze":0.964,"activity":0.0223,"lastBolusTime":1703847798420,"time":"2023-12-29T11:43:11.494Z","iobWithZeroTemp":{"iob":1.815,"basaliob":-0.176,"bolussnooze":0.964,"activity":0.0216,"lastBolusTime":1703847798420,"time":"2023-12-29T11:43:11.494Z"}},{"iob":1.84,"basaliob":-0.035,"bolussnooze":0.8223,"activity":0.0223,"lastBolusTime":1703847798420,"time":"2023-12-29T11:48:11.494Z","iobWithZeroTemp":{"iob":1.682,"basaliob":-0.193,"bolussnooze":0.8223,"activity":0.0214,"lastBolusTime":1703847798420,"time":"2023-12-29T11:48:11.494Z"}},{"iob":1.729,"basaliob":-0.032,"bolussnooze":0.6961,"activity":0.022,"lastBolusTime":1703847798420,"time":"2023-12-29T11:53:11.494Z","iobWithZeroTemp":{"iob":1.551,"basaliob":-0.21,"bolussnooze":0.6961,"activity":0.0209,"lastBolusTime":1703847798420,"time":"2023-12-29T11:53:11.494Z"}},{"iob":1.619,"basaliob":-0.029,"bolussnooze":0.5851,"activity":0.0216,"lastBolusTime":1703847798420,"time":"2023-12-29T11:58:11.494Z","iobWithZeroTemp":{"iob":1.422,"basaliob":-0.226,"bolussnooze":0.5851,"activity":0.0203,"lastBolusTime":1703847798420,"time":"2023-12-29T11:58:11.494Z"}},{"iob":1.513,"basaliob":-0.026,"bolussnooze":0.4885,"activity":0.021,"lastBolusTime":1703847798420,"time":"2023-12-29T12:03:11.494Z","iobWithZeroTemp":{"iob":1.298,"basaliob":-0.241,"bolussnooze":0.4885,"activity":0.0194,"lastBolusTime":1703847798420,"time":"2023-12-29T12:03:11.494Z"}},{"iob":1.41,"basaliob":-0.023,"bolussnooze":0.4052,"activity":0.0203,"lastBolusTime":1703847798420,"time":"2023-12-29T12:08:11.494Z","iobWithZeroTemp":{"iob":1.178,"basaliob":-0.255,"bolussnooze":0.4052,"activity":0.0185,"lastBolusTime":1703847798420,"time":"2023-12-29T12:08:11.494Z"}},{"iob":1.31,"basaliob":-0.021,"bolussnooze":0.334,"activity":0.0194,"lastBolusTime":1703847798420,"time":"2023-12-29T12:13:11.494Z","iobWithZeroTemp":{"iob":1.063,"basaliob":-0.268,"bolussnooze":0.334,"activity":0.0174,"lastBolusTime":1703847798420,"time":"2023-12-29T12:13:11.494Z"}},{"iob":1.215,"basaliob":-0.019,"bolussnooze":0.2736,"activity":0.0186,"lastBolusTime":1703847798420,"time":"2023-12-29T12:18:11.494Z","iobWithZeroTemp":{"iob":0.953,"basaliob":-0.281,"bolussnooze":0.2736,"activity":0.0164,"lastBolusTime":1703847798420,"time":"2023-12-29T12:18:11.494Z"}},{"iob":1.124,"basaliob":-0.017,"bolussnooze":0.2227,"activity":0.0177,"lastBolusTime":1703847798420,"time":"2023-12-29T12:23:11.494Z","iobWithZeroTemp":{"iob":0.848,"basaliob":-0.293,"bolussnooze":0.2227,"activity":0.0153,"lastBolusTime":1703847798420,"time":"2023-12-29T12:23:11.494Z"}},{"iob":1.038,"basaliob":-0.015,"bolussnooze":0.1801,"activity":0.0168,"lastBolusTime":1703847798420,"time":"2023-12-29T12:28:11.494Z","iobWithZeroTemp":{"iob":0.75,"basaliob":-0.303,"bolussnooze":0.1801,"activity":0.0142,"lastBolusTime":1703847798420,"time":"2023-12-29T12:28:11.494Z"}},{"iob":0.958,"basaliob":-0.013,"bolussnooze":0.1446,"activity":0.0158,"lastBolusTime":1703847798420,"time":"2023-12-29T12:33:11.494Z","iobWithZeroTemp":{"iob":0.658,"basaliob":-0.313,"bolussnooze":0.1446,"activity":0.0131,"lastBolusTime":1703847798420,"time":"2023-12-29T12:33:11.494Z"}},{"iob":0.881,"basaliob":-0.012,"bolussnooze":0.1153,"activity":0.0148,"lastBolusTime":1703847798420,"time":"2023-12-29T12:38:11.494Z","iobWithZeroTemp":{"iob":0.57,"basaliob":-0.323,"bolussnooze":0.1153,"activity":0.0119,"lastBolusTime":1703847798420,"time":"2023-12-29T12:38:11.494Z"}},{"iob":0.809,"basaliob":-0.01,"bolussnooze":0.0912,"activity":0.0139,"lastBolusTime":1703847798420,"time":"2023-12-29T12:43:11.494Z","iobWithZeroTemp":{"iob":0.488,"basaliob":-0.331,"bolussnooze":0.0912,"activity":0.0108,"lastBolusTime":1703847798420,"time":"2023-12-29T12:43:11.494Z"}},{"iob":0.742,"basaliob":-0.009,"bolussnooze":0.0716,"activity":0.013,"lastBolusTime":1703847798420,"time":"2023-12-29T12:48:11.494Z","iobWithZeroTemp":{"iob":0.412,"basaliob":-0.339,"bolussnooze":0.0716,"activity":0.0098,"lastBolusTime":1703847798420,"time":"2023-12-29T12:48:11.494Z"}},{"iob":0.679,"basaliob":-0.008,"bolussnooze":0.0556,"activity":0.0121,"lastBolusTime":1703847798420,"time":"2023-12-29T12:53:11.494Z","iobWithZeroTemp":{"iob":0.34,"basaliob":-0.347,"bolussnooze":0.0556,"activity":0.0087,"lastBolusTime":1703847798420,"time":"2023-12-29T12:53:11.494Z"}},{"iob":0.62,"basaliob":-0.007,"bolussnooze":0.0428,"activity":0.0113,"lastBolusTime":1703847798420,"time":"2023-12-29T12:58:11.494Z","iobWithZeroTemp":{"iob":0.273,"basaliob":-0.354,"bolussnooze":0.0428,"activity":0.0078,"lastBolusTime":1703847798420,"time":"2023-12-29T12:58:11.494Z"}},{"iob":0.566,"basaliob":-0.006,"bolussnooze":0.0325,"activity":0.0104,"lastBolusTime":1703847798420,"time":"2023-12-29T13:03:11.494Z","iobWithZeroTemp":{"iob":0.212,"basaliob":-0.36,"bolussnooze":0.0325,"activity":0.0068,"lastBolusTime":1703847798420,"time":"2023-12-29T13:03:11.494Z"}},{"iob":0.516,"basaliob":-0.005,"bolussnooze":0.0243,"activity":0.0097,"lastBolusTime":1703847798420,"time":"2023-12-29T13:08:11.494Z","iobWithZeroTemp":{"iob":0.155,"basaliob":-0.366,"bolussnooze":0.0243,"activity":0.006,"lastBolusTime":1703847798420,"time":"2023-12-29T13:08:11.494Z"}},{"iob":0.469,"basaliob":-0.005,"bolussnooze":0.0179,"activity":0.009,"lastBolusTime":1703847798420,"time":"2023-12-29T13:13:11.494Z","iobWithZeroTemp":{"iob":0.102,"basaliob":-0.372,"bolussnooze":0.0179,"activity":0.0051,"lastBolusTime":1703847798420,"time":"2023-12-29T13:13:11.494Z"}},{"iob":0.426,"basaliob":-0.004,"bolussnooze":0.013,"activity":0.0083,"lastBolusTime":1703847798420,"time":"2023-12-29T13:18:11.494Z","iobWithZeroTemp":{"iob":0.054,"basaliob":-0.376,"bolussnooze":0.013,"activity":0.0043,"lastBolusTime":1703847798420,"time":"2023-12-29T13:18:11.494Z"}},{"iob":0.386,"basaliob":-0.004,"bolussnooze":0.0091,"activity":0.0076,"lastBolusTime":1703847798420,"time":"2023-12-29T13:23:11.494Z","iobWithZeroTemp":{"iob":0.009,"basaliob":-0.381,"bolussnooze":0.0091,"activity":0.0036,"lastBolusTime":1703847798420,"time":"2023-12-29T13:23:11.494Z"}},{"iob":0.35,"basaliob":-0.003,"bolussnooze":0.0062,"activity":0.007,"lastBolusTime":1703847798420,"time":"2023-12-29T13:28:11.494Z","iobWithZeroTemp":{"iob":-0.032,"basaliob":-0.385,"bolussnooze":0.0062,"activity":0.0029,"lastBolusTime":1703847798420,"time":"2023-12-29T13:28:11.494Z"}},{"iob":0.316,"basaliob":-0.003,"bolussnooze":0.0041,"activity":0.0064,"lastBolusTime":1703847798420,"time":"2023-12-29T13:33:11.494Z","iobWithZeroTemp":{"iob":-0.07,"basaliob":-0.389,"bolussnooze":0.0041,"activity":0.0022,"lastBolusTime":1703847798420,"time":"2023-12-29T13:33:11.494Z"}},{"iob":0.285,"basaliob":-0.002,"bolussnooze":0.0025,"activity":0.0059,"lastBolusTime":1703847798420,"time":"2023-12-29T13:38:11.494Z","iobWithZeroTemp":{"iob":-0.105,"basaliob":-0.392,"bolussnooze":0.0025,"activity":0.0016,"lastBolusTime":1703847798420,"time":"2023-12-29T13:38:11.494Z"}},{"iob":0.257,"basaliob":-0.002,"bolussnooze":0.0015,"activity":0.0054,"lastBolusTime":1703847798420,"time":"2023-12-29T13:43:11.494Z","iobWithZeroTemp":{"iob":-0.136,"basaliob":-0.395,"bolussnooze":0.0015,"activity":0.001,"lastBolusTime":1703847798420,"time":"2023-12-29T13:43:11.494Z"}},{"iob":0.231,"basaliob":-0.002,"bolussnooze":7.0E-4,"activity":0.0049,"lastBolusTime":1703847798420,"time":"2023-12-29T13:48:11.494Z","iobWithZeroTemp":{"iob":-0.165,"basaliob":-0.398,"bolussnooze":7.0E-4,"activity":5.0E-4,"lastBolusTime":1703847798420,"time":"2023-12-29T13:48:11.494Z"}},{"iob":0.208,"basaliob":-0.001,"bolussnooze":3.0E-4,"activity":0.0045,"lastBolusTime":1703847798420,"time":"2023-12-29T13:53:11.494Z","iobWithZeroTemp":{"iob":-0.191,"basaliob":-0.4,"bolussnooze":3.0E-4,"activity":0,"lastBolusTime":1703847798420,"time":"2023-12-29T13:53:11.494Z"}},{"iob":0.186,"basaliob":-0.001,"bolussnooze":1.0E-4,"activity":0.0041,"lastBolusTime":1703847798420,"time":"2023-12-29T13:58:11.494Z","iobWithZeroTemp":{"iob":-0.215,"basaliob":-0.402,"bolussnooze":1.0E-4,"activity":-4.0E-4,"lastBolusTime":1703847798420,"time":"2023-12-29T13:58:11.494Z"}},{"iob":0.167,"basaliob":-0.001,"bolussnooze":0,"activity":0.0038,"lastBolusTime":1703847798420,"time":"2023-12-29T14:03:11.494Z","iobWithZeroTemp":{"iob":-0.22,"basaliob":-0.388,"bolussnooze":0,"activity":-8.0E-4,"lastBolusTime":1703847798420,"time":"2023-12-29T14:03:11.494Z"}},{"iob":0.149,"basaliob":-0.001,"bolussnooze":0,"activity":0.0034,"lastBolusTime":1703847798420,"time":"2023-12-29T14:08:11.494Z","iobWithZeroTemp":{"iob":-0.224,"basaliob":-0.374,"bolussnooze":0,"activity":-0.0011,"lastBolusTime":1703847798420,"time":"2023-12-29T14:08:11.494Z"}},{"iob":0.132,"basaliob":-0.001,"bolussnooze":0,"activity":0.0031,"lastBolusTime":1703847798420,"time":"2023-12-29T14:13:11.494Z","iobWithZeroTemp":{"iob":-0.227,"basaliob":-0.36,"bolussnooze":0,"activity":-0.0014,"lastBolusTime":1703847798420,"time":"2023-12-29T14:13:11.494Z"}},{"iob":0.118,"basaliob":-0.001,"bolussnooze":0,"activity":0.0028,"lastBolusTime":1703847798420,"time":"2023-12-29T14:18:11.494Z","iobWithZeroTemp":{"iob":-0.227,"basaliob":-0.346,"bolussnooze":0,"activity":-0.0016,"lastBolusTime":1703847798420,"time":"2023-12-29T14:18:11.494Z"}},{"iob":0.104,"basaliob":-0.001,"bolussnooze":0,"activity":0.0025,"lastBolusTime":1703847798420,"time":"2023-12-29T14:23:11.494Z","iobWithZeroTemp":{"iob":-0.227,"basaliob":-0.332,"bolussnooze":0,"activity":-0.0019,"lastBolusTime":1703847798420,"time":"2023-12-29T14:23:11.494Z"}},{"iob":0.093,"basaliob":0,"bolussnooze":0,"activity":0.0023,"lastBolusTime":1703847798420,"time":"2023-12-29T14:28:11.494Z","iobWithZeroTemp":{"iob":-0.225,"basaliob":-0.318,"bolussnooze":0,"activity":-0.002,"lastBolusTime":1703847798420,"time":"2023-12-29T14:28:11.494Z"}},{"iob":0.082,"basaliob":0,"bolussnooze":0,"activity":0.0021,"lastBolusTime":1703847798420,"time":"2023-12-29T14:33:11.494Z","iobWithZeroTemp":{"iob":-0.223,"basaliob":-0.305,"bolussnooze":0,"activity":-0.0021,"lastBolusTime":1703847798420,"time":"2023-12-29T14:33:11.494Z"}},{"iob":0.073,"basaliob":0,"bolussnooze":0,"activity":0.0019,"lastBolusTime":1703847798420,"time":"2023-12-29T14:38:11.494Z","iobWithZeroTemp":{"iob":-0.22,"basaliob":-0.293,"bolussnooze":0,"activity":-0.0021,"lastBolusTime":1703847798420,"time":"2023-12-29T14:38:11.494Z"}},{"iob":0.064,"basaliob":0,"bolussnooze":0,"activity":0.0017,"lastBolusTime":1703847798420,"time":"2023-12-29T14:43:11.494Z","iobWithZeroTemp":{"iob":-0.218,"basaliob":-0.282,"bolussnooze":0,"activity":-0.0022,"lastBolusTime":1703847798420,"time":"2023-12-29T14:43:11.494Z"}},{"iob":0.056,"basaliob":0,"bolussnooze":0,"activity":0.0015,"lastBolusTime":1703847798420,"time":"2023-12-29T14:48:11.494Z","iobWithZeroTemp":{"iob":-0.215,"basaliob":-0.271,"bolussnooze":0,"activity":-0.0023,"lastBolusTime":1703847798420,"time":"2023-12-29T14:48:11.494Z"}},{"iob":0.049,"basaliob":0,"bolussnooze":0,"activity":0.0013,"lastBolusTime":1703847798420,"time":"2023-12-29T14:53:11.494Z","iobWithZeroTemp":{"iob":-0.211,"basaliob":-0.26,"bolussnooze":0,"activity":-0.0024,"lastBolusTime":1703847798420,"time":"2023-12-29T14:53:11.494Z"}},{"iob":0.043,"basaliob":0,"bolussnooze":0,"activity":0.0012,"lastBolusTime":1703847798420,"time":"2023-12-29T14:58:11.494Z","iobWithZeroTemp":{"iob":-0.208,"basaliob":-0.251,"bolussnooze":0,"activity":-0.0024,"lastBolusTime":1703847798420,"time":"2023-12-29T14:58:11.494Z"}},{"iob":0.037,"basaliob":0,"bolussnooze":0,"activity":0.0011,"lastBolusTime":1703847798420,"time":"2023-12-29T15:03:11.494Z","iobWithZeroTemp":{"iob":-0.205,"basaliob":-0.242,"bolussnooze":0,"activity":-0.0023,"lastBolusTime":1703847798420,"time":"2023-12-29T15:03:11.494Z"}},{"iob":0.032,"basaliob":0,"bolussnooze":0,"activity":9.0E-4,"lastBolusTime":1703847798420,"time":"2023-12-29T15:08:11.494Z","iobWithZeroTemp":{"iob":-0.201,"basaliob":-0.233,"bolussnooze":0,"activity":-0.0024,"lastBolusTime":1703847798420,"time":"2023-12-29T15:08:11.494Z"}}],"profile":{"max_iob":10,"type":"current","max_daily_basal":0.35,"max_basal":1.05,"min_bg":90,"max_bg":90,"target_bg":90,"carb_ratio":8.5,"sens":110,"max_daily_safety_multiplier":3,"current_basal_safety_multiplier":4,"lgsThreshold":95,"high_temptarget_raises_sensitivity":true,"low_temptarget_lowers_sensitivity":true,"sensitivity_raises_target":true,"resistance_lowers_target":true,"adv_target_adjustments":false,"exercise_mode":false,"half_basal_exercise_target":160,"maxCOB":120,"skip_neutral_temps":false,"remainingCarbsCap":90,"enableUAM":true,"A52_risk_enable":false,"SMBInterval":3,"enableSMB_with_COB":true,"enableSMB_with_temptarget":true,"allowSMB_with_high_temptarget":false,"enableSMB_always":false,"enableSMB_after_carbs":true,"maxSMBBasalMinutes":45,"maxUAMSMBBasalMinutes":45,"bolus_increment":0.05,"carbsReqThreshold":2,"current_basal":0.3,"temptargetSet":false,"autosens_max":1.3,"autosens_min":0.7,"variable_sens":120.9,"insulinDivisor":75,"TDD":15.503369380952378},"autosens_data":{"ratio":1.1238935227449196},"meal_data":{"carbs":50,"mealCOB":26.999386363636354,"slopeFromMaxDeviation":-0.7711666666666668,"slopeFromMinDeviation":0.5900000000000001,"lastBolusTime":1703847798420,"lastCarbTime":1703847796675},"microBolusAllowed":true,"currentTime":1703848393233,"flatBGsDetected":false,"tdd1D":13.99583333333333,"tdd7D":16.405023809523808,"tddLast24H":18.437499999999993,"tddLast4H":4.820833333333333,"tddLast8to4H":2.291666666666667},"output":{"temp":"absolute","bg":121,"tick":-1,"eventualBG":196,"targetBG":87,"insulinReq":0,"deliverAt":"2023-12-29T11:13:13.233Z","sensitivityRatio":1.1238935227449196,"variable_sens":120.9,"predBGs":{"IOB":[121,119,115,109,100,89,76,61,41,39,39,39,39],"ZT":[121,113,103,91,77,59,39,39,39,39,39,39,39,39,39,39,39,39,39,39,39,39,39,39,39,39,39,39,39,39,39,39,39,39,39,39,39,39,39,39,39,39,39,39,39,39,39,39],"COB":[121,121,119,117,114,111,109,107,105,105,105,107,110,114,119,125,133,142,151,160,168,175,182,189,195,200,204,208,211,214,215,216,216,215,214,211,209,207,206,204,203,202,200,199,198,198,197,196],"UAM":[121,119,115,107,98,86,71,53,39,39,39,39,39]},"reason":"COB: 27, Dev: 40, BGI: -8, ISF: 121, CR: 8.5, Target: 87, minPredBG -105, minGuardBG -154, IOBpredBG 39, COBpredBG 196, UAMpredBG 39; minGuardBG -154<95 115m left and 0 ~ req 0U\/hr: no temp required","COB":26.999386363636354,"IOB":2.529,"timestamp":"2023-12-29T11:13:13.264Z"}}