{"algorithm":"OpenAPSSMBDynamicISFPlugin","input":{"glucoseStatus":{"glucose":106,"noise":0,"delta":0.11,"short_avgdelta":0.11,"long_avgdelta":0.28,"date":1703913768000},"currenttemp":{"temp":"absolute","duration":20,"rate":0.5,"minutesrunning":10},"iob_data":[{"iob":0.034,"basaliob":-0.002,"bolussnooze":0,"activity":3.0E-4,"lastBolusTime":1703907797250,"time":"2023-12-30T05:23:14.950Z","iobWithZeroTemp":{"iob":0.034,"basaliob":-0.002,"bolussnooze":0,"activity":3.0E-4,"lastBolusTime":1703907797250,"time":"2023-12-30T05:23:14.950Z"}},{"iob":0.032,"basaliob":0,"bolussnooze":0,"activity":3.0E-4,"lastBolusTime":1703907797250,"time":"2023-12-30T05:28:14.950Z","iobWithZeroTemp":{"iob":0.009,"basaliob":-0.023,"bolussnooze":0,"activity":3.0E-4,"lastBolusTime":1703907797250,"time":"2023-12-30T05:28:14.950Z"}},{"iob":0.03,"basaliob":0.001,"bolussnooze":0,"activity":4.0E-4,"lastBolusTime":1703907797250,"time":"2023-12-30T05:33:14.950Z","iobWithZeroTemp":{"iob":-0.022,"basaliob":-0.051,"bolussnooze":0,"activity":3.0E-4,"lastBolusTime":1703907797250,"time":"2023-12-30T05:33:14.950Z"}},{"iob":0.03,"basaliob":0.003,"bolussnooze":0,"activity":3.0E-4,"lastBolusTime":1703907797250,"time":"2023-12-30T05:38:14.950Z","iobWithZeroTemp":{"iob":-0.051,"basaliob":-0.078,"bolussnooze":0,"activity":1.0E-4,"lastBolusTime":1703907797250,"time":"2023-12-30T05:38:14.950Z"}},{"iob":0.027,"basaliob":0.003,"bolussnooze":0,"activity":4.0E-4,"lastBolusTime":1703907797250,"time":"2023-12-30T05:43:14.950Z","iobWithZeroTemp":{"iob":-0.081,"basaliob":-0.105,"bolussnooze":0,"activity":0,"lastBolusTime":1703907797250,"time":"2023-12-30T05:43:14.950Z"}},{"iob":0.026,"basaliob":0.004,"bolussnooze":0,"activity":3.0E-4,"lastBolusTime":1703907797250,"time":"2023-12-30T05:48:14.950Z","iobWithZeroTemp":{"iob":-0.109,"basaliob":-0.131,"bolussnooze":0,"activity":-3.0E-4,"lastBolusTime":1703907797250,"time":"2023-12-30T05:48:14.950Z"}},{"iob":0.025,"basaliob":0.005,"bolussnooze":0,"activity":3.0E-4,"lastBolusTime":1703907797250,"time":"2023-12-30T05:53:14.950Z","iobWithZeroTemp":{"iob":-0.135,"basaliob":-0.155,"bolussnooze":0,"activity":-5.0E-4,"lastBolusTime":1703907797250,"time":"2023-12-30T05:53:14.950Z"}},{"iob":0.023,"basaliob":0.005,"bolussnooze":0,"activity":3.0E-4,"lastBolusTime":1703907797250,"time":"2023-12-30T05:58:14.950Z","iobWithZeroTemp":{"iob":-0.162,"basaliob":-0.18,"bolussnooze":0,"activity":-8.0E-4,"lastBolusTime":1703907797250,"time":"2023-12-30T05:58:14.950Z"}},{"iob":0.021,"basaliob":0.005,"bolussnooze":0,"activity":3.0E-4,"lastBolusTime":1703907797250,"time":"2023-12-30T06:03:14.950Z","iobWithZeroTemp":{"iob":-0.187,"basaliob":-0.203,"bolussnooze":0,"activity":-0.001,"lastBolusTime":1703907797250,"time":"2023-12-30T06:03:14.950Z"}},{"iob":0.019,"basaliob":0.005,"bolussnooze":0,"activity":3.0E-4,"lastBolusTime":1703907797250,"time":"2023-12-30T06:08:14.950Z","iobWithZeroTemp":{"iob":-0.211,"basaliob":-0.225,"bolussnooze":0,"activity":-0.0013,"lastBolusTime":1703907797250,"time":"2023-12-30T06:08:14.950Z"}},{"iob":0.018,"basaliob":0.005,"bolussnooze":0,"activity":3.0E-4,"lastBolusTime":1703907797250,"time":"2023-12-30T06:13:14.950Z","iobWithZeroTemp":{"iob":-0.233,"basaliob":-0.246,"bolussnooze":0,"activity":-0.0015,"lastBolusTime":1703907797250,"time":"2023-12-30T06:13:14.950Z"}},{"iob":0.017,"basaliob":0.005,"bolussnooze":0,"activity":3.0E-4,"lastBolusTime":1703907797250,"time":"2023-12-30T06:18:14.950Z","iobWithZeroTemp":{"iob":-0.253,"basaliob":-0.265,"bolussnooze":0,"activity":-0.0018,"lastBolusTime":1703907797250,"time":"2023-12-30T06:18:14.950Z"}},{"iob":0.015,"basaliob":0.005,"bolussnooze":0,"activity":2.0E-4,"lastBolusTime":1703907797250,"time":"2023-12-30T06:23:14.950Z","iobWithZeroTemp":{"iob":-0.274,"basaliob":-0.284,"bolussnooze":0,"activity":-0.0021,"lastBolusTime":1703907797250,"time":"2023-12-30T06:23:14.950Z"}},{"iob":0.014,"basaliob":0.005,"bolussnooze":0,"activity":2.0E-4,"lastBolusTime":1703907797250,"time":"2023-12-30T06:28:14.950Z","iobWithZeroTemp":{"iob":-0.292,"basaliob":-0.301,"bolussnooze":0,"activity":-0.0023,"lastBolusTime":1703907797250,"time":"2023-12-30T06:28:14.950Z"}},{"iob":0.013,"basaliob":0.005,"bolussnooze":0,"activity":2.0E-4,"lastBolusTime":1703907797250,"time":"2023-12-30T06:33:14.950Z","iobWithZeroTemp":{"iob":-0.309,"basaliob":-0.317,"bolussnooze":0,"activity":-0.0026,"lastBolusTime":1703907797250,"time":"2023-12-30T06:33:14.950Z"}},{"iob":0.012,"basaliob":0.005,"bolussnooze":0,"activity":2.0E-4,"lastBolusTime":1703907797250,"time":"2023-12-30T06:38:14.950Z","iobWithZeroTemp":{"iob":-0.324,"basaliob":-0.331,"bolussnooze":0,"activity":-0.0028,"lastBolusTime":1703907797250,"time":"2023-12-30T06:38:14.950Z"}},{"iob":0.011,"basaliob":0.004,"bolussnooze":0,"activity":2.0E-4,"lastBolusTime":1703907797250,"time":"2023-12-30T06:43:14.950Z","iobWithZeroTemp":{"iob":-0.339,"basaliob":-0.346,"bolussnooze":0,"activity":-0.003,"lastBolusTime":1703907797250,"time":"2023-12-30T06:43:14.950Z"}},{"iob":0.01,"basaliob":0.004,"bolussnooze":0,"activity":1.0E-4,"lastBolusTime":1703907797250,"time":"2023-12-30T06:48:14.950Z","iobWithZeroTemp":{"iob":-0.353,"basaliob":-0.359,"bolussnooze":0,"activity":-0.0033,"lastBolusTime":1703907797250,"time":"2023-12-30T06:48:14.950Z"}},{"iob":0.009,"basaliob":0.004,"bolussnooze":0,"activity":1.0E-4,"lastBolusTime":1703907797250,"time":"2023-12-30T06:53:14.950Z","iobWithZeroTemp":{"iob":-0.366,"basaliob":-0.371,"bolussnooze":0,"activity":-0.0035,"lastBolusTime":1703907797250,"time":"2023-12-30T06:53:14.950Z"}},{"iob":0.009,"basaliob":0.004,"bolussnooze":0,"activity":1.0E-4,"lastBolusTime":1703907797250,"time":"2023-12-30T06:58:14.950Z","iobWithZeroTemp":{"iob":-0.376,"basaliob":-0.381,"bolussnooze":0,"activity":-0.0037,"lastBolusTime":1703907797250,"time":"2023-12-30T06:58:14.950Z"}},{"iob":0.008,"basaliob":0.004,"bolussnooze":0,"activity":1.0E-4,"lastBolusTime":1703907797250,"time":"2023-12-30T07:03:14.950Z","iobWithZeroTemp":{"iob":-0.387,"basaliob":-0.391,"bolussnooze":0,"activity":-0.0038,"lastBolusTime":1703907797250,"time":"2023-12-30T07:03:14.950Z"}},{"iob":0.007,"basaliob":0.003,"bolussnooze":0,"activity":1.0E-4,"lastBolusTime":1703907797250,"time":"2023-12-30T07:08:14.950Z","iobWithZeroTemp":{"iob":-0.398,"basaliob":-0.402,"bolussnooze":0,"activity":-0.004,"lastBolusTime":1703907797250,"time":"2023-12-30T07:08:14.950Z"}},{"iob":0.006,"basaliob":0.003,"bolussnooze":0,"activity":1.0E-4,"lastBolusTime":1703907797250,"time":"2023-12-30T07:13:14.950Z","iobWithZeroTemp":{"iob":-0.407,"basaliob":-0.41,"bolussnooze":0,"activity":-0.0041,"lastBolusTime":1703907797250,"time":"2023-12-30T07:13:14.950Z"}},{"iob":0.006,"basaliob":0.003,"bolussnooze":0,"activity":1.0E-4,"lastBolusTime":1703907797250,"time":"2023-12-30T07:18:14.950Z","iobWithZeroTemp":{"iob":-0.415,"basaliob":-0.418,"bolussnooze":0,"activity":-0.0043,"lastBolusTime":1703907797250,"time":"2023-12-30T07:18:14.950Z"}},{"iob":0.005,"basaliob":0.003,"bolussnooze":0,"activity":1.0E-4,"lastBolusTime":1703907797250,"time":"2023-12-30T07:23:14.950Z","iobWithZeroTemp":{"iob":-0.423,"basaliob":-0.425,"bolussnooze":0,"activity":-0.0044,"lastBolusTime":1703907797250,"time":"2023-12-30T07:23:14.950Z"}},{"iob":0.005,"basaliob":0.003,"bolussnooze":0,"activity":1.0E-4,"lastBolusTime":1703907797250,"time":"2023-12-30T07:28:14.950Z","iobWithZeroTemp":{"iob":-0.429,"basaliob":-0.431,"bolussnooze":0,"activity":-0.0045,"lastBolusTime":1703907797250,"time":"2023-12-30T07:28:14.950Z"}},{"iob":0.004,"basaliob":0.002,"bolussnooze":0,"activity":1.0E-4,"lastBolusTime":1703907797250,"time":"2023-12-30T07:33:14.950Z","iobWithZeroTemp":{"iob":-0.436,"basaliob":-0.438,"bolussnooze":0,"activity":-0.0046,"lastBolusTime":1703907797250,"time":"2023-12-30T07:33:14.950Z"}},{"iob":0.004,"basaliob":0.002,"bolussnooze":0,"activity":0,"lastBolusTime":1703907797250,"time":"2023-12-30T07:38:14.950Z","iobWithZeroTemp":{"iob":-0.441,"basaliob":-0.443,"bolussnooze":0,"activity":-0.0048,"lastBolusTime":1703907797250,"time":"2023-12-30T07:38:14.950Z"}},{"iob":0.003,"basaliob":0.002,"bolussnooze":0,"activity":0,"lastBolusTime":1703907797250,"time":"2023-12-30T07:43:14.950Z","iobWithZeroTemp":{"iob":-0.447,"basaliob":-0.448,"bolussnooze":0,"activity":-0.0049,"lastBolusTime":1703907797250,"time":"2023-12-30T07:43:14.950Z"}},{"iob":0.003,"basaliob":0.002,"bolussnooze":0,"activity":0,"lastBolusTime":1703907797250,"time":"2023-12-30T07:48:14.950Z","iobWithZeroTemp":{"iob":-0.452,"basaliob":-0.453,"bolussnooze":0,"activity":-0.005,"lastBolusTime":1703907797250,"time":"2023-12-30T07:48:14.950Z"}},{"iob":0.003,"basaliob":0.002,"bolussnooze":0,"activity":0,"lastBolusTime":1703907797250,"time":"2023-12-30T07:53:14.950Z","iobWithZeroTemp":{"iob":-0.456,"basaliob":-0.457,"bolussnooze":0,"activity":-0.0051,"lastBolusTime":1703907797250,"time":"2023-12-30T07:53:14.950Z"}},{"iob":0.003,"basaliob":0.002,"bolussnooze":0,"activity":0,"lastBolusTime":1703907797250,"time":"2023-12-30T07:58:14.950Z","iobWithZeroTemp":{"iob":-0.459,"basaliob":-0.46,"bolussnooze":0,"activity":-0.0052,"lastBolusTime":1703907797250,"time":"2023-12-30T07:58:14.950Z"}},{"iob":0.003,"basaliob":0.002,"bolussnooze":0,"activity":0,"lastBolusTime":1703907797250,"time":"2023-12-30T08:03:14.950Z","iobWithZeroTemp":{"iob":-0.454,"basaliob":-0.455,"bolussnooze":0,"activity":-0.0052,"lastBolusTime":1703907797250,"time":"2023-12-30T08:03:14.950Z"}},{"iob":0.002,"basaliob":0.001,"bolussnooze":0,"activity":0,"lastBolusTime":1703907797250,"time":"2023-12-30T08:08:14.950Z","iobWithZeroTemp":{"iob":-0.45,"basaliob":-0.451,"bolussnooze":0,"activity":-0.0052,"lastBolusTime":1703907797250,"time":"2023-12-30T08:08:14.950Z"}},{"iob":0.002,"basaliob":0.001,"bolussnooze":0,"activity":0,"lastBolusTime":1703907797250,"time":"2023-12-30T08:13:14.950Z","iobWithZeroTemp":{"iob":-0.444,"basaliob":-0.445,"bolussnooze":0,"activity":-0.0053,"lastBolusTime":1703907797250,"time":"2023-12-30T08:13:14.950Z"}},{"iob":0.001,"basaliob":0.001,"bolussnooze":0,"activity":0,"lastBolusTime":1703907797250,"time":"2023-12-30T08:18:14.950Z","iobWithZeroTemp":{"iob":-0.44,"basaliob":-0.44,"bolussnooze":0,"activity":-0.0053,"lastBolusTime":1703907797250,"time":"2023-12-30T08:18:14.950Z"}},{"iob":0.001,"basaliob":0.001,"bolussnooze":0,"activity":0,"lastBolusTime":1703907797250,"time":"2023-12-30T08:23:14.950Z","iobWithZeroTemp":{"iob":-0.435,"basaliob":-0.435,"bolussnooze":0,"activity":-0.0053,"lastBolusTime":1703907797250,"time":"2023-12-30T08:23:14.950Z"}},{"iob":0.001,"basaliob":0.001,"bolussnooze":0,"activity":0,"lastBolusTime":1703907797250,"time":"2023-12-30T08:28:14.950Z","iobWithZeroTemp":{"iob":-0.429,"basaliob":-0.429,"bolussnooze":0,"activity":-0.0052,"lastBolusTime":1703907797250,"time":"2023-12-30T08:28:14.950Z"}},{"iob":0.001,"basaliob":0.001,"bolussnooze":0,"activity":0,"lastBolusTime":1703907797250,"time":"2023-12-30T08:33:14.950Z","iobWithZeroTemp":{"iob":-0.424,"basaliob":-0.424,"bolussnooze":0,"activity":-0.0052,"lastBolusTime":1703907797250,"time":"2023-12-30T08:33:14.950Z"}},{"iob":0.001,"basaliob":0.001,"bolussnooze":0,"activity":0,"lastBolusTime":1703907797250,"time":"2023-12-30T08:38:14.950Z","iobWithZeroTemp":{"iob":-0.419,"basaliob":-0.419,"bolussnooze":0,"activity":-0.0052,"lastBolusTime":1703907797250,"time":"2023-12-30T08:38:14.950Z"}},{"iob":0.001,"basaliob":0.001,"bolussnooze":0,"activity":0,"lastBolusTime":1703907797250,"time":"2023-12-30T08:43:14.950Z","iobWithZeroTemp":{"iob":-0.414,"basaliob":-0.414,"bolussnooze":0,"activity":-0.0051,"lastBolusTime":1703907797250,"time":"2023-12-30T08:43:14.950Z"}},{"iob":0.001,"basaliob":0.001,"bolussnooze":0,"activity":0,"lastBolusTime":1703907797250,"time":"2023-12-30T08:48:14.950Z","iobWithZeroTemp":{"iob":-0.409,"basaliob":-0.409,"bolussnooze":0,"activity":-0.0051,"lastBolusTime":1703907797250,"time":"2023-12-30T08:48:14.950Z"}},{"iob":0.001,"basaliob":0.001,"bolussnooze":0,"activity":0,"lastBolusTime":1703907797250,"time":"2023-12-30T08:53:14.950Z","iobWithZeroTemp":{"iob":-0.405,"basaliob":-0.405,"bolussnooze":0,"activity":-0.005,"lastBolusTime":1703907797250,"time":"2023-12-30T08:53:14.950Z"}},{"iob":0,"basaliob":0,"bolussnooze":0,"activity":0,"lastBolusTime":1703907797250,"time":"2023-12-30T08:58:14.950Z","iobWithZeroTemp":{"iob":-0.402,"basaliob":-0.402,"bolussnooze":0,"activity":-0.005,"lastBolusTime":1703907797250,"time":"2023-12-30T08:58:14.950Z"}},{"iob":0,"basaliob":0,"bolussnooze":0,"activity":0,"lastBolusTime":1703907797250,"time":"2023-12-30T09:03:14.950Z","iobWithZeroTemp":{"iob":-0.394,"basaliob":-0.394,"bolussnooze":0,"activity":-0.0049,"lastBolusTime":1703907797250,"time":"2023-12-30T09:03:14.950Z"}},{"iob":0,"basaliob":0,"bolussnooze":0,"activity":0,"lastBolusTime":1703907797250,"time":"2023-12-30T09:08:14.950Z","iobWithZeroTemp":{"iob":-0.386,"basaliob":-0.386,"bolussnooze":0,"activity":-0.0049,"lastBolusTime":1703907797250,"time":"2023-12-30T09:08:14.950Z"}},{"iob":0,"basaliob":0,"bolussnooze":0,"activity":0,"lastBolusTime":1703907797250,"time":"2023-12-30T09:13:14.950Z","iobWithZeroTemp":{"iob":-0.378,"basaliob":-0.378,"bolussnooze":0,"activity":-0.0048,"lastBolusTime":1703907797250,"time":"2023-12-30T09:13:14.950Z"}},{"iob":0,"basaliob":0,"bolussnooze":0,"activity":0,"lastBolusTime":1703907797250,"time":"2023-12-30T09:18:14.950Z","iobWithZeroTemp":{"iob":-0.371,"basaliob":-0.371,"bolussnooze":0,"activity":-0.0048,"lastBolusTime":1703907797250,"time":"2023-12-30T09:18:14.950Z"}}],"profile":{"max_iob":10,"type":"current","max_daily_basal":0.35,"max_basal":1.05,"min_bg":95,"max_bg":95,"target_bg":95,"carb_ratio":8.5,"sens":120,"max_daily_safety_multiplier":3,"current_basal_safety_multiplier":4,"lgsThreshold":95,"high_temptarget_raises_sensitivity":true,"low_temptarget_lowers_sensitivity":true,"sensitivity_raises_target":true,"resistance_lowers_target":true,"adv_target_adjustments":false,"exercise_mode":false,"half_basal_exercise_target":160,"maxCOB":120,"skip_neutral_temps":false,"remainingCarbsCap":90,"enableUAM":true,"A52_risk_enable":false,"SMBInterval":3,"enableSMB_with_COB":true,"enableSMB_with_temptarget":true,"allowSMB_with_high_temptarget":false,"enableSMB_always":false,"enableSMB_after_carbs":true,"maxSMBBasalMinutes":45,"maxUAMSMBBasalMinutes":45,"bolus_increment":0.05,"carbsReqThreshold":2,"current_basal":0.35,"temptargetSet":false,"autosens_max":1.3,"autosens_min":0.7,"variable_sens":170.8,"insulinDivisor":75,"TDD":11.960455035714286},"autosens_data":{"ratio":0.9534542704705775},"meal_data":{"carbs":0,"mealCOB":0,"slopeFromMaxDeviation":-0.3334999999999999,"slopeFromMinDeviation":0.25460000000000005,"lastBolusTime":1703907797250,"lastCarbTime":0},"microBolusAllowed":true,"currentTime":1703913796428,"flatBGsDetected":false,"tdd1D":16.6625,"tdd7D":17.065142857142856,"tddLast24H":16.27083333333333,"tddLast4H":1.3416666666666668,"tddLast8to4H":1.5333333333333332},"output":{"temp":"absolute","bg":106,"tick":"+0","eventualBG":102,"targetBG":97,"insulinReq":0.03,"deliverAt":"2023-12-30T05:23:16.428Z","sensitivityRatio":0.9534542704705775,"variable_sens":170.8,"predBGs":{"IOB":[106,106,106,106,106,106,106,106,106,106,105,105,105,105,105,104,104,104,104,104,104,104,104,104,103],"ZT":[106,106,105,105,105,105,105,106,107,107],"UAM":[106,106,106,105,105,105,104,104,104,104,103,103,103,103,102,102,102,102,102,102,102,102,101]},"reason":"COB: 0, Dev: 2, BGI: 0, ISF: 171, CR: 8.5, Target: 97, minPredBG 103, minGuardBG 101, IOBpredBG 103, UAMpredBG 101; Eventual BG 102 >= 97, temp 0.50 >~ req 0.39U\/hr. ","COB":0,"IOB":0.034,"timestamp":"2023-12-30T05:23:16.458Z"}}