{"algorithm":"OpenAPSSMBDynamicISFPlugin","input":{"glucoseStatus":{"glucose":86,"noise":0,"delta":3.28,"short_avgdelta":3.28,"long_avgdelta":-0.62,"date":1703851965000},"currenttemp":{"temp":"absolute","duration":85,"rate":0,"minutesrunning":35},"iob_data":[{"iob":1.058,"basaliob":-0.271,"bolussnooze":0.3327,"activity":0.0174,"lastBolusTime":1703847798420,"time":"2023-12-29T12:13:17.461Z","iobWithZeroTemp":{"iob":1.058,"basaliob":-0.271,"bolussnooze":0.3327,"activity":0.0174,"lastBolusTime":1703847798420,"time":"2023-12-29T12:13:17.461Z"}},{"iob":0.974,"basaliob":-0.258,"bolussnooze":0.2725,"activity":0.0164,"lastBolusTime":1703847798420,"time":"2023-12-29T12:18:17.461Z","iobWithZeroTemp":{"iob":0.954,"basaliob":-0.278,"bolussnooze":0.2725,"activity":0.0164,"lastBolusTime":1703847798420,"time":"2023-12-29T12:18:17.461Z"}},{"iob":0.895,"basaliob":-0.245,"bolussnooze":0.2218,"activity":0.0153,"lastBolusTime":1703847798420,"time":"2023-12-29T12:23:17.461Z","iobWithZeroTemp":{"iob":0.85,"basaliob":-0.29,"bolussnooze":0.2218,"activity":0.0152,"lastBolusTime":1703847798420,"time":"2023-12-29T12:23:17.461Z"}},{"iob":0.82,"basaliob":-0.232,"bolussnooze":0.1793,"activity":0.0144,"lastBolusTime":1703847798420,"time":"2023-12-29T12:28:17.461Z","iobWithZeroTemp":{"iob":0.751,"basaliob":-0.301,"bolussnooze":0.1793,"activity":0.0142,"lastBolusTime":1703847798420,"time":"2023-12-29T12:28:17.461Z"}},{"iob":0.751,"basaliob":-0.218,"bolussnooze":0.144,"activity":0.0134,"lastBolusTime":1703847798420,"time":"2023-12-29T12:33:17.461Z","iobWithZeroTemp":{"iob":0.658,"basaliob":-0.311,"bolussnooze":0.144,"activity":0.013,"lastBolusTime":1703847798420,"time":"2023-12-29T12:33:17.461Z"}},{"iob":0.686,"basaliob":-0.205,"bolussnooze":0.1148,"activity":0.0124,"lastBolusTime":1703847798420,"time":"2023-12-29T12:38:17.461Z","iobWithZeroTemp":{"iob":0.571,"basaliob":-0.32,"bolussnooze":0.1148,"activity":0.0119,"lastBolusTime":1703847798420,"time":"2023-12-29T12:38:17.461Z"}},{"iob":0.626,"basaliob":-0.192,"bolussnooze":0.0908,"activity":0.0115,"lastBolusTime":1703847798420,"time":"2023-12-29T12:43:17.461Z","iobWithZeroTemp":{"iob":0.489,"basaliob":-0.329,"bolussnooze":0.0908,"activity":0.0108,"lastBolusTime":1703847798420,"time":"2023-12-29T12:43:17.461Z"}},{"iob":0.57,"basaliob":-0.179,"bolussnooze":0.0712,"activity":0.0107,"lastBolusTime":1703847798420,"time":"2023-12-29T12:48:17.461Z","iobWithZeroTemp":{"iob":0.412,"basaliob":-0.337,"bolussnooze":0.0712,"activity":0.0098,"lastBolusTime":1703847798420,"time":"2023-12-29T12:48:17.461Z"}},{"iob":0.52,"basaliob":-0.166,"bolussnooze":0.0553,"activity":0.0099,"lastBolusTime":1703847798420,"time":"2023-12-29T12:53:17.461Z","iobWithZeroTemp":{"iob":0.342,"basaliob":-0.344,"bolussnooze":0.0553,"activity":0.0088,"lastBolusTime":1703847798420,"time":"2023-12-29T12:53:17.461Z"}},{"iob":0.471,"basaliob":-0.155,"bolussnooze":0.0425,"activity":0.0092,"lastBolusTime":1703847798420,"time":"2023-12-29T12:58:17.461Z","iobWithZeroTemp":{"iob":0.274,"basaliob":-0.352,"bolussnooze":0.0425,"activity":0.0079,"lastBolusTime":1703847798420,"time":"2023-12-29T12:58:17.461Z"}},{"iob":0.428,"basaliob":-0.143,"bolussnooze":0.0323,"activity":0.0084,"lastBolusTime":1703847798420,"time":"2023-12-29T13:03:17.461Z","iobWithZeroTemp":{"iob":0.213,"basaliob":-0.358,"bolussnooze":0.0323,"activity":0.0068,"lastBolusTime":1703847798420,"time":"2023-12-29T13:03:17.461Z"}},{"iob":0.388,"basaliob":-0.132,"bolussnooze":0.0242,"activity":0.0077,"lastBolusTime":1703847798420,"time":"2023-12-29T13:08:17.461Z","iobWithZeroTemp":{"iob":0.156,"basaliob":-0.364,"bolussnooze":0.0242,"activity":0.0059,"lastBolusTime":1703847798420,"time":"2023-12-29T13:08:17.461Z"}},{"iob":0.351,"basaliob":-0.122,"bolussnooze":0.0178,"activity":0.0071,"lastBolusTime":1703847798420,"time":"2023-12-29T13:13:17.461Z","iobWithZeroTemp":{"iob":0.104,"basaliob":-0.369,"bolussnooze":0.0178,"activity":0.0051,"lastBolusTime":1703847798420,"time":"2023-12-29T13:13:17.461Z"}},{"iob":0.317,"basaliob":-0.112,"bolussnooze":0.0129,"activity":0.0065,"lastBolusTime":1703847798420,"time":"2023-12-29T13:18:17.461Z","iobWithZeroTemp":{"iob":0.055,"basaliob":-0.374,"bolussnooze":0.0129,"activity":0.0043,"lastBolusTime":1703847798420,"time":"2023-12-29T13:18:17.461Z"}},{"iob":0.286,"basaliob":-0.103,"bolussnooze":0.0091,"activity":0.0059,"lastBolusTime":1703847798420,"time":"2023-12-29T13:23:17.461Z","iobWithZeroTemp":{"iob":0.01,"basaliob":-0.379,"bolussnooze":0.0091,"activity":0.0035,"lastBolusTime":1703847798420,"time":"2023-12-29T13:23:17.461Z"}},{"iob":0.257,"basaliob":-0.095,"bolussnooze":0.0062,"activity":0.0055,"lastBolusTime":1703847798420,"time":"2023-12-29T13:28:17.461Z","iobWithZeroTemp":{"iob":-0.031,"basaliob":-0.383,"bolussnooze":0.0062,"activity":0.0029,"lastBolusTime":1703847798420,"time":"2023-12-29T13:28:17.461Z"}},{"iob":0.231,"basaliob":-0.087,"bolussnooze":0.0041,"activity":0.005,"lastBolusTime":1703847798420,"time":"2023-12-29T13:33:17.461Z","iobWithZeroTemp":{"iob":-0.069,"basaliob":-0.387,"bolussnooze":0.0041,"activity":0.0023,"lastBolusTime":1703847798420,"time":"2023-12-29T13:33:17.461Z"}},{"iob":0.208,"basaliob":-0.079,"bolussnooze":0.0025,"activity":0.0046,"lastBolusTime":1703847798420,"time":"2023-12-29T13:38:17.461Z","iobWithZeroTemp":{"iob":-0.103,"basaliob":-0.39,"bolussnooze":0.0025,"activity":0.0017,"lastBolusTime":1703847798420,"time":"2023-12-29T13:38:17.461Z"}},{"iob":0.185,"basaliob":-0.073,"bolussnooze":0.0014,"activity":0.0041,"lastBolusTime":1703847798420,"time":"2023-12-29T13:43:17.461Z","iobWithZeroTemp":{"iob":-0.136,"basaliob":-0.394,"bolussnooze":0.0014,"activity":0.001,"lastBolusTime":1703847798420,"time":"2023-12-29T13:43:17.461Z"}},{"iob":0.166,"basaliob":-0.066,"bolussnooze":7.0E-4,"activity":0.0038,"lastBolusTime":1703847798420,"time":"2023-12-29T13:48:17.461Z","iobWithZeroTemp":{"iob":-0.164,"basaliob":-0.396,"bolussnooze":7.0E-4,"activity":6.0E-4,"lastBolusTime":1703847798420,"time":"2023-12-29T13:48:17.461Z"}},{"iob":0.149,"basaliob":-0.06,"bolussnooze":3.0E-4,"activity":0.0034,"lastBolusTime":1703847798420,"time":"2023-12-29T13:53:17.461Z","iobWithZeroTemp":{"iob":-0.19,"basaliob":-0.399,"bolussnooze":3.0E-4,"activity":0,"lastBolusTime":1703847798420,"time":"2023-12-29T13:53:17.461Z"}},{"iob":0.132,"basaliob":-0.055,"bolussnooze":1.0E-4,"activity":0.003,"lastBolusTime":1703847798420,"time":"2023-12-29T13:58:17.461Z","iobWithZeroTemp":{"iob":-0.215,"basaliob":-0.402,"bolussnooze":1.0E-4,"activity":-5.0E-4,"lastBolusTime":1703847798420,"time":"2023-12-29T13:58:17.461Z"}},{"iob":0.117,"basaliob":-0.05,"bolussnooze":0,"activity":0.0028,"lastBolusTime":1703847798420,"time":"2023-12-29T14:03:17.461Z","iobWithZeroTemp":{"iob":-0.221,"basaliob":-0.388,"bolussnooze":0,"activity":-8.0E-4,"lastBolusTime":1703847798420,"time":"2023-12-29T14:03:17.461Z"}},{"iob":0.104,"basaliob":-0.045,"bolussnooze":0,"activity":0.0025,"lastBolusTime":1703847798420,"time":"2023-12-29T14:08:17.461Z","iobWithZeroTemp":{"iob":-0.224,"basaliob":-0.373,"bolussnooze":0,"activity":-0.0012,"lastBolusTime":1703847798420,"time":"2023-12-29T14:08:17.461Z"}},{"iob":0.092,"basaliob":-0.041,"bolussnooze":0,"activity":0.0023,"lastBolusTime":1703847798420,"time":"2023-12-29T14:13:17.461Z","iobWithZeroTemp":{"iob":-0.226,"basaliob":-0.359,"bolussnooze":0,"activity":-0.0014,"lastBolusTime":1703847798420,"time":"2023-12-29T14:13:17.461Z"}},{"iob":0.081,"basaliob":-0.037,"bolussnooze":0,"activity":0.002,"lastBolusTime":1703847798420,"time":"2023-12-29T14:18:17.461Z","iobWithZeroTemp":{"iob":-0.227,"basaliob":-0.345,"bolussnooze":0,"activity":-0.0017,"lastBolusTime":1703847798420,"time":"2023-12-29T14:18:17.461Z"}},{"iob":0.072,"basaliob":-0.033,"bolussnooze":0,"activity":0.0018,"lastBolusTime":1703847798420,"time":"2023-12-29T14:23:17.461Z","iobWithZeroTemp":{"iob":-0.226,"basaliob":-0.331,"bolussnooze":0,"activity":-0.0019,"lastBolusTime":1703847798420,"time":"2023-12-29T14:23:17.461Z"}},{"iob":0.063,"basaliob":-0.03,"bolussnooze":0,"activity":0.0017,"lastBolusTime":1703847798420,"time":"2023-12-29T14:28:17.461Z","iobWithZeroTemp":{"iob":-0.225,"basaliob":-0.318,"bolussnooze":0,"activity":-0.0019,"lastBolusTime":1703847798420,"time":"2023-12-29T14:28:17.461Z"}},{"iob":0.055,"basaliob":-0.027,"bolussnooze":0,"activity":0.0015,"lastBolusTime":1703847798420,"time":"2023-12-29T14:33:17.461Z","iobWithZeroTemp":{"iob":-0.223,"basaliob":-0.305,"bolussnooze":0,"activity":-0.0021,"lastBolusTime":1703847798420,"time":"2023-12-29T14:33:17.461Z"}},{"iob":0.048,"basaliob":-0.024,"bolussnooze":0,"activity":0.0013,"lastBolusTime":1703847798420,"time":"2023-12-29T14:38:17.461Z","iobWithZeroTemp":{"iob":-0.221,"basaliob":-0.293,"bolussnooze":0,"activity":-0.0022,"lastBolusTime":1703847798420,"time":"2023-12-29T14:38:17.461Z"}},{"iob":0.042,"basaliob":-0.022,"bolussnooze":0,"activity":0.0012,"lastBolusTime":1703847798420,"time":"2023-12-29T14:43:17.461Z","iobWithZeroTemp":{"iob":-0.218,"basaliob":-0.282,"bolussnooze":0,"activity":-0.0022,"lastBolusTime":1703847798420,"time":"2023-12-29T14:43:17.461Z"}},{"iob":0.037,"basaliob":-0.019,"bolussnooze":0,"activity":0.0011,"lastBolusTime":1703847798420,"time":"2023-12-29T14:48:17.461Z","iobWithZeroTemp":{"iob":-0.214,"basaliob":-0.27,"bolussnooze":0,"activity":-0.0023,"lastBolusTime":1703847798420,"time":"2023-12-29T14:48:17.461Z"}},{"iob":0.032,"basaliob":-0.017,"bolussnooze":0,"activity":9.0E-4,"lastBolusTime":1703847798420,"time":"2023-12-29T14:53:17.461Z","iobWithZeroTemp":{"iob":-0.211,"basaliob":-0.26,"bolussnooze":0,"activity":-0.0024,"lastBolusTime":1703847798420,"time":"2023-12-29T14:53:17.461Z"}},{"iob":0.028,"basaliob":-0.015,"bolussnooze":0,"activity":8.0E-4,"lastBolusTime":1703847798420,"time":"2023-12-29T14:58:17.461Z","iobWithZeroTemp":{"iob":-0.207,"basaliob":-0.25,"bolussnooze":0,"activity":-0.0024,"lastBolusTime":1703847798420,"time":"2023-12-29T14:58:17.461Z"}},{"iob":0.023,"basaliob":-0.014,"bolussnooze":0,"activity":8.0E-4,"lastBolusTime":1703847798420,"time":"2023-12-29T15:03:17.461Z","iobWithZeroTemp":{"iob":-0.205,"basaliob":-0.242,"bolussnooze":0,"activity":-0.0023,"lastBolusTime":1703847798420,"time":"2023-12-29T15:03:17.461Z"}},{"iob":0.02,"basaliob":-0.012,"bolussnooze":0,"activity":6.0E-4,"lastBolusTime":1703847798420,"time":"2023-12-29T15:08:17.461Z","iobWithZeroTemp":{"iob":-0.201,"basaliob":-0.233,"bolussnooze":0,"activity":-0.0024,"lastBolusTime":1703847798420,"time":"2023-12-29T15:08:17.461Z"}},{"iob":0.017,"basaliob":-0.011,"bolussnooze":0,"activity":5.0E-4,"lastBolusTime":1703847798420,"time":"2023-12-29T15:13:17.461Z","iobWithZeroTemp":{"iob":-0.197,"basaliob":-0.225,"bolussnooze":0,"activity":-0.0024,"lastBolusTime":1703847798420,"time":"2023-12-29T15:13:17.461Z"}},{"iob":0.014,"basaliob":-0.01,"bolussnooze":0,"activity":5.0E-4,"lastBolusTime":1703847798420,"time":"2023-12-29T15:18:17.461Z","iobWithZeroTemp":{"iob":-0.194,"basaliob":-0.218,"bolussnooze":0,"activity":-0.0024,"lastBolusTime":1703847798420,"time":"2023-12-29T15:18:17.461Z"}},{"iob":0.012,"basaliob":-0.008,"bolussnooze":0,"activity":4.0E-4,"lastBolusTime":1703847798420,"time":"2023-12-29T15:23:17.461Z","iobWithZeroTemp":{"iob":-0.19,"basaliob":-0.21,"bolussnooze":0,"activity":-0.0024,"lastBolusTime":1703847798420,"time":"2023-12-29T15:23:17.461Z"}},{"iob":0.01,"basaliob":-0.007,"bolussnooze":0,"activity":4.0E-4,"lastBolusTime":1703847798420,"time":"2023-12-29T15:28:17.461Z","iobWithZeroTemp":{"iob":-0.187,"basaliob":-0.204,"bolussnooze":0,"activity":-0.0023,"lastBolusTime":1703847798420,"time":"2023-12-29T15:28:17.461Z"}},{"iob":0.008,"basaliob":-0.007,"bolussnooze":0,"activity":3.0E-4,"lastBolusTime":1703847798420,"time":"2023-12-29T15:33:17.461Z","iobWithZeroTemp":{"iob":-0.184,"basaliob":-0.199,"bolussnooze":0,"activity":-0.0023,"lastBolusTime":1703847798420,"time":"2023-12-29T15:33:17.461Z"}},{"iob":0.006,"basaliob":-0.006,"bolussnooze":0,"activity":2.0E-4,"lastBolusTime":1703847798420,"time":"2023-12-29T15:38:17.461Z","iobWithZeroTemp":{"iob":-0.181,"basaliob":-0.193,"bolussnooze":0,"activity":-0.0024,"lastBolusTime":1703847798420,"time":"2023-12-29T15:38:17.461Z"}},{"iob":0.005,"basaliob":-0.005,"bolussnooze":0,"activity":3.0E-4,"lastBolusTime":1703847798420,"time":"2023-12-29T15:43:17.461Z","iobWithZeroTemp":{"iob":-0.178,"basaliob":-0.188,"bolussnooze":0,"activity":-0.0022,"lastBolusTime":1703847798420,"time":"2023-12-29T15:43:17.461Z"}},{"iob":0.004,"basaliob":-0.004,"bolussnooze":0,"activity":2.0E-4,"lastBolusTime":1703847798420,"time":"2023-12-29T15:48:17.461Z","iobWithZeroTemp":{"iob":-0.175,"basaliob":-0.183,"bolussnooze":0,"activity":-0.0022,"lastBolusTime":1703847798420,"time":"2023-12-29T15:48:17.461Z"}},{"iob":0.003,"basaliob":-0.004,"bolussnooze":0,"activity":2.0E-4,"lastBolusTime":1703847798420,"time":"2023-12-29T15:53:17.461Z","iobWithZeroTemp":{"iob":-0.173,"basaliob":-0.18,"bolussnooze":0,"activity":-0.0022,"lastBolusTime":1703847798420,"time":"2023-12-29T15:53:17.461Z"}},{"iob":0.003,"basaliob":-0.003,"bolussnooze":0,"activity":1.0E-4,"lastBolusTime":1703847798420,"time":"2023-12-29T15:58:17.461Z","iobWithZeroTemp":{"iob":-0.169,"basaliob":-0.175,"bolussnooze":0,"activity":-0.0022,"lastBolusTime":1703847798420,"time":"2023-12-29T15:58:17.461Z"}},{"iob":0.001,"basaliob":-0.003,"bolussnooze":0,"activity":1.0E-4,"lastBolusTime":1703847798420,"time":"2023-12-29T16:03:17.461Z","iobWithZeroTemp":{"iob":-0.168,"basaliob":-0.172,"bolussnooze":0,"activity":-0.0022,"lastBolusTime":1703847798420,"time":"2023-12-29T16:03:17.461Z"}},{"iob":0.002,"basaliob":-0.002,"bolussnooze":0,"activity":1.0E-4,"lastBolusTime":1703847798420,"time":"2023-12-29T16:08:17.461Z","iobWithZeroTemp":{"iob":-0.164,"basaliob":-0.168,"bolussnooze":0,"activity":-0.0021,"lastBolusTime":1703847798420,"time":"2023-12-29T16:08:17.461Z"}}],"profile":{"max_iob":10,"type":"current","max_daily_basal":0.35,"max_basal":1.05,"min_bg":130,"max_bg":130,"target_bg":130,"carb_ratio":8.5,"sens":110,"max_daily_safety_multiplier":3,"current_basal_safety_multiplier":4,"lgsThreshold":95,"high_temptarget_raises_sensitivity":true,"low_temptarget_lowers_sensitivity":true,"sensitivity_raises_target":true,"resistance_lowers_target":true,"adv_target_adjustments":false,"exercise_mode":false,"half_basal_exercise_target":160,"maxCOB":120,"skip_neutral_temps":false,"remainingCarbsCap":90,"enableUAM":true,"A52_risk_enable":false,"SMBInterval":3,"enableSMB_with_COB":true,"enableSMB_with_temptarget":true,"allowSMB_with_high_temptarget":false,"enableSMB_always":false,"enableSMB_after_carbs":true,"maxSMBBasalMinutes":45,"maxUAMSMBBasalMinutes":45,"bolus_increment":0.05,"carbsReqThreshold":2,"current_basal":0.3,"temptargetSet":true,"autosens_max":1.3,"autosens_min":0.7,"variable_sens":167.7,"insulinDivisor":75,"TDD":14.051080630952379},"autosens_data":{"ratio":0.9646435252847921},"meal_data":{"carbs":50,"mealCOB":19.66234090909089,"slopeFromMaxDeviation":0,"slopeFromMinDeviation":1.2486,"lastBolusTime":1703847798420,"lastCarbTime":1703847796675},"microBolusAllowed":true,"currentTime":1703851999194,"flatBGsDetected":false,"tdd1D":13.99583333333333,"tdd7D":16.405023809523808,"tddLast24H":15.824999999999996,"tddLast4H":2.941666666666667,"tddLast8to4H":3.8},"output":{"temp":"absolute","bg":86,"tick":"+3","eventualBG":280,"targetBG":130,"insulinReq":0,"deliverAt":"2023-12-29T12:13:19.194Z","sensitivityRatio":0.67,"variable_sens":167.7,"predBGs":{"IOB":[86,88,89,90,90,90,89,87,84,80,75,68,61,53,45,39],"ZT":[86,71,56,39,39,39,39,39,39,39,39,39,39,39,39,39,39,39,39,39,39,39,39,39,39,39,39,39,39,39,39,39,39,39,39,39,39,39,39,39,39,39,39,39,39,39,39,39],"COB":[86,89,92,96,100,105,110,115,121,127,133,139,146,152,159,166,172,179,186,192,199,205,211,217,223,229,234,240,245,249,254,258,261,265,268,271,273,276,277,279,280,281,281,281,281,281,281,280],"UAM":[86,89,92,96,101,107,113,119,126,133,140,147,154,162,169,176,183,190,197,203,209,215,221,226,231,235,239,243,246,249,251,253,255,256,257,257,256,256,256,256,256,256,255]},"reason":"COB: 19.7, Dev: 107, BGI: -15, ISF: 168, CR: 8.5, Target: 130, minPredBG 186, minGuardBG 89, IOBpredBG 39, COBpredBG 280, UAMpredBG 255; 2 add'l carbs req w\/in 0m; minGuardBG 89<95 85m left and 0 ~ req 0U\/hr: no temp required","COB":19.66234090909089,"IOB":1.058,"carbsReq":2,"carbsReqWithin":0,"timestamp":"2023-12-29T12:13:19.223Z"}}