{"algorithm":"OpenAPSSMBDynamicISFPlugin","input":{"glucoseStatus":{"glucose":162,"noise":0,"delta":-8.28,"short_avgdelta":-8.28,"long_avgdelta":1.21,"date":1703873566000},"currenttemp":{"temp":"absolute","duration":110,"rate":0,"minutesrunning":10},"iob_data":[{"iob":2.557,"basaliob":-0.064,"bolussnooze":1.4302,"activity":0.0277,"lastBolusTime":1703872396833,"time":"2023-12-29T18:13:06.045Z","iobWithZeroTemp":{"iob":2.557,"basaliob":-0.064,"bolussnooze":1.4302,"activity":0.0277,"lastBolusTime":1703872396833,"time":"2023-12-29T18:13:06.045Z"}},{"iob":2.417,"basaliob":-0.062,"bolussnooze":1.2335,"activity":0.028,"lastBolusTime":1703872396833,"time":"2023-12-29T18:18:06.045Z","iobWithZeroTemp":{"iob":2.41,"basaliob":-0.069,"bolussnooze":1.2335,"activity":0.028,"lastBolusTime":1703872396833,"time":"2023-12-29T18:18:06.045Z"}},{"iob":2.276,"basaliob":-0.06,"bolussnooze":1.0545,"activity":0.028,"lastBolusTime":1703872396833,"time":"2023-12-29T18:23:06.045Z","iobWithZeroTemp":{"iob":2.261,"basaliob":-0.075,"bolussnooze":1.0545,"activity":0.028,"lastBolusTime":1703872396833,"time":"2023-12-29T18:23:06.045Z"}},{"iob":2.138,"basaliob":-0.057,"bolussnooze":0.8943,"activity":0.0277,"lastBolusTime":1703872396833,"time":"2023-12-29T18:28:06.045Z","iobWithZeroTemp":{"iob":2.115,"basaliob":-0.08,"bolussnooze":0.8943,"activity":0.0276,"lastBolusTime":1703872396833,"time":"2023-12-29T18:28:06.045Z"}},{"iob":2.001,"basaliob":-0.054,"bolussnooze":0.7529,"activity":0.0271,"lastBolusTime":1703872396833,"time":"2023-12-29T18:33:06.045Z","iobWithZeroTemp":{"iob":1.97,"basaliob":-0.085,"bolussnooze":0.7529,"activity":0.027,"lastBolusTime":1703872396833,"time":"2023-12-29T18:33:06.045Z"}},{"iob":1.868,"basaliob":-0.051,"bolussnooze":0.6295,"activity":0.0262,"lastBolusTime":1703872396833,"time":"2023-12-29T18:38:06.045Z","iobWithZeroTemp":{"iob":1.83,"basaliob":-0.089,"bolussnooze":0.6295,"activity":0.026,"lastBolusTime":1703872396833,"time":"2023-12-29T18:38:06.045Z"}},{"iob":1.739,"basaliob":-0.049,"bolussnooze":0.5228,"activity":0.0252,"lastBolusTime":1703872396833,"time":"2023-12-29T18:43:06.045Z","iobWithZeroTemp":{"iob":1.693,"basaliob":-0.095,"bolussnooze":0.5228,"activity":0.025,"lastBolusTime":1703872396833,"time":"2023-12-29T18:43:06.045Z"}},{"iob":1.615,"basaliob":-0.046,"bolussnooze":0.4315,"activity":0.0242,"lastBolusTime":1703872396833,"time":"2023-12-29T18:48:06.045Z","iobWithZeroTemp":{"iob":1.562,"basaliob":-0.099,"bolussnooze":0.4315,"activity":0.0239,"lastBolusTime":1703872396833,"time":"2023-12-29T18:48:06.045Z"}},{"iob":1.497,"basaliob":-0.043,"bolussnooze":0.3538,"activity":0.023,"lastBolusTime":1703872396833,"time":"2023-12-29T18:53:06.045Z","iobWithZeroTemp":{"iob":1.438,"basaliob":-0.102,"bolussnooze":0.3538,"activity":0.0226,"lastBolusTime":1703872396833,"time":"2023-12-29T18:53:06.045Z"}},{"iob":1.385,"basaliob":-0.04,"bolussnooze":0.2883,"activity":0.022,"lastBolusTime":1703872396833,"time":"2023-12-29T18:58:06.045Z","iobWithZeroTemp":{"iob":1.319,"basaliob":-0.106,"bolussnooze":0.2883,"activity":0.0216,"lastBolusTime":1703872396833,"time":"2023-12-29T18:58:06.045Z"}},{"iob":1.278,"basaliob":-0.037,"bolussnooze":0.2333,"activity":0.0208,"lastBolusTime":1703872396833,"time":"2023-12-29T19:03:06.045Z","iobWithZeroTemp":{"iob":1.186,"basaliob":-0.129,"bolussnooze":0.2333,"activity":0.0203,"lastBolusTime":1703872396833,"time":"2023-12-29T19:03:06.045Z"}},{"iob":1.177,"basaliob":-0.035,"bolussnooze":0.1876,"activity":0.0196,"lastBolusTime":1703872396833,"time":"2023-12-29T19:08:06.045Z","iobWithZeroTemp":{"iob":1.059,"basaliob":-0.153,"bolussnooze":0.1876,"activity":0.0189,"lastBolusTime":1703872396833,"time":"2023-12-29T19:08:06.045Z"}},{"iob":1.083,"basaliob":-0.032,"bolussnooze":0.1497,"activity":0.0184,"lastBolusTime":1703872396833,"time":"2023-12-29T19:13:06.045Z","iobWithZeroTemp":{"iob":0.94,"basaliob":-0.175,"bolussnooze":0.1497,"activity":0.0176,"lastBolusTime":1703872396833,"time":"2023-12-29T19:13:06.045Z"}},{"iob":0.993,"basaliob":-0.03,"bolussnooze":0.1186,"activity":0.0172,"lastBolusTime":1703872396833,"time":"2023-12-29T19:18:06.045Z","iobWithZeroTemp":{"iob":0.826,"basaliob":-0.197,"bolussnooze":0.1186,"activity":0.0162,"lastBolusTime":1703872396833,"time":"2023-12-29T19:18:06.045Z"}},{"iob":0.91,"basaliob":-0.028,"bolussnooze":0.0931,"activity":0.0161,"lastBolusTime":1703872396833,"time":"2023-12-29T19:23:06.045Z","iobWithZeroTemp":{"iob":0.719,"basaliob":-0.219,"bolussnooze":0.0931,"activity":0.0149,"lastBolusTime":1703872396833,"time":"2023-12-29T19:23:06.045Z"}},{"iob":0.832,"basaliob":-0.026,"bolussnooze":0.0725,"activity":0.015,"lastBolusTime":1703872396833,"time":"2023-12-29T19:28:06.045Z","iobWithZeroTemp":{"iob":0.619,"basaliob":-0.239,"bolussnooze":0.0725,"activity":0.0135,"lastBolusTime":1703872396833,"time":"2023-12-29T19:28:06.045Z"}},{"iob":0.76,"basaliob":-0.024,"bolussnooze":0.0559,"activity":0.0139,"lastBolusTime":1703872396833,"time":"2023-12-29T19:33:06.045Z","iobWithZeroTemp":{"iob":0.526,"basaliob":-0.258,"bolussnooze":0.0559,"activity":0.0122,"lastBolusTime":1703872396833,"time":"2023-12-29T19:33:06.045Z"}},{"iob":0.693,"basaliob":-0.022,"bolussnooze":0.0426,"activity":0.0129,"lastBolusTime":1703872396833,"time":"2023-12-29T19:38:06.045Z","iobWithZeroTemp":{"iob":0.439,"basaliob":-0.276,"bolussnooze":0.0426,"activity":0.011,"lastBolusTime":1703872396833,"time":"2023-12-29T19:38:06.045Z"}},{"iob":0.631,"basaliob":-0.02,"bolussnooze":0.032,"activity":0.012,"lastBolusTime":1703872396833,"time":"2023-12-29T19:43:06.045Z","iobWithZeroTemp":{"iob":0.358,"basaliob":-0.293,"bolussnooze":0.032,"activity":0.0098,"lastBolusTime":1703872396833,"time":"2023-12-29T19:43:06.045Z"}},{"iob":0.574,"basaliob":-0.018,"bolussnooze":0.0237,"activity":0.0111,"lastBolusTime":1703872396833,"time":"2023-12-29T19:48:06.045Z","iobWithZeroTemp":{"iob":0.283,"basaliob":-0.309,"bolussnooze":0.0237,"activity":0.0087,"lastBolusTime":1703872396833,"time":"2023-12-29T19:48:06.045Z"}},{"iob":0.52,"basaliob":-0.017,"bolussnooze":0.0173,"activity":0.0102,"lastBolusTime":1703872396833,"time":"2023-12-29T19:53:06.045Z","iobWithZeroTemp":{"iob":0.213,"basaliob":-0.324,"bolussnooze":0.0173,"activity":0.0076,"lastBolusTime":1703872396833,"time":"2023-12-29T19:53:06.045Z"}},{"iob":0.472,"basaliob":-0.015,"bolussnooze":0.0124,"activity":0.0094,"lastBolusTime":1703872396833,"time":"2023-12-29T19:58:06.045Z","iobWithZeroTemp":{"iob":0.149,"basaliob":-0.338,"bolussnooze":0.0124,"activity":0.0066,"lastBolusTime":1703872396833,"time":"2023-12-29T19:58:06.045Z"}},{"iob":0.426,"basaliob":-0.014,"bolussnooze":0.0086,"activity":0.0086,"lastBolusTime":1703872396833,"time":"2023-12-29T20:03:06.045Z","iobWithZeroTemp":{"iob":0.089,"basaliob":-0.351,"bolussnooze":0.0086,"activity":0.0056,"lastBolusTime":1703872396833,"time":"2023-12-29T20:03:06.045Z"}},{"iob":0.385,"basaliob":-0.013,"bolussnooze":0.0059,"activity":0.008,"lastBolusTime":1703872396833,"time":"2023-12-29T20:08:06.045Z","iobWithZeroTemp":{"iob":0.034,"basaliob":-0.364,"bolussnooze":0.0059,"activity":0.0048,"lastBolusTime":1703872396833,"time":"2023-12-29T20:08:06.045Z"}},{"iob":0.347,"basaliob":-0.012,"bolussnooze":0.0039,"activity":0.0073,"lastBolusTime":1703872396833,"time":"2023-12-29T20:13:06.045Z","iobWithZeroTemp":{"iob":-0.016,"basaliob":-0.375,"bolussnooze":0.0039,"activity":0.0039,"lastBolusTime":1703872396833,"time":"2023-12-29T20:13:06.045Z"}},{"iob":0.312,"basaliob":-0.011,"bolussnooze":0.0025,"activity":0.0066,"lastBolusTime":1703872396833,"time":"2023-12-29T20:18:06.045Z","iobWithZeroTemp":{"iob":-0.063,"basaliob":-0.386,"bolussnooze":0.0025,"activity":0.003,"lastBolusTime":1703872396833,"time":"2023-12-29T20:18:06.045Z"}},{"iob":0.28,"basaliob":-0.01,"bolussnooze":0.0015,"activity":0.006,"lastBolusTime":1703872396833,"time":"2023-12-29T20:23:06.045Z","iobWithZeroTemp":{"iob":-0.106,"basaliob":-0.396,"bolussnooze":0.0015,"activity":0.0022,"lastBolusTime":1703872396833,"time":"2023-12-29T20:23:06.045Z"}},{"iob":0.251,"basaliob":-0.009,"bolussnooze":0.001,"activity":0.0055,"lastBolusTime":1703872396833,"time":"2023-12-29T20:28:06.045Z","iobWithZeroTemp":{"iob":-0.144,"basaliob":-0.404,"bolussnooze":0.001,"activity":0.0016,"lastBolusTime":1703872396833,"time":"2023-12-29T20:28:06.045Z"}},{"iob":0.225,"basaliob":-0.008,"bolussnooze":5.0E-4,"activity":0.005,"lastBolusTime":1703872396833,"time":"2023-12-29T20:33:06.045Z","iobWithZeroTemp":{"iob":-0.179,"basaliob":-0.412,"bolussnooze":5.0E-4,"activity":9.0E-4,"lastBolusTime":1703872396833,"time":"2023-12-29T20:33:06.045Z"}},{"iob":0.202,"basaliob":-0.007,"bolussnooze":3.0E-4,"activity":0.0046,"lastBolusTime":1703872396833,"time":"2023-12-29T20:38:06.045Z","iobWithZeroTemp":{"iob":-0.211,"basaliob":-0.42,"bolussnooze":3.0E-4,"activity":4.0E-4,"lastBolusTime":1703872396833,"time":"2023-12-29T20:38:06.045Z"}},{"iob":0.18,"basaliob":-0.006,"bolussnooze":1.0E-4,"activity":0.0042,"lastBolusTime":1703872396833,"time":"2023-12-29T20:43:06.045Z","iobWithZeroTemp":{"iob":-0.24,"basaliob":-0.426,"bolussnooze":1.0E-4,"activity":-2.0E-4,"lastBolusTime":1703872396833,"time":"2023-12-29T20:43:06.045Z"}},{"iob":0.16,"basaliob":-0.006,"bolussnooze":0,"activity":0.0038,"lastBolusTime":1703872396833,"time":"2023-12-29T20:48:06.045Z","iobWithZeroTemp":{"iob":-0.267,"basaliob":-0.433,"bolussnooze":0,"activity":-7.0E-4,"lastBolusTime":1703872396833,"time":"2023-12-29T20:48:06.045Z"}},{"iob":0.142,"basaliob":-0.005,"bolussnooze":0,"activity":0.0034,"lastBolusTime":1703872396833,"time":"2023-12-29T20:53:06.045Z","iobWithZeroTemp":{"iob":-0.292,"basaliob":-0.439,"bolussnooze":0,"activity":-0.0012,"lastBolusTime":1703872396833,"time":"2023-12-29T20:53:06.045Z"}},{"iob":0.126,"basaliob":-0.005,"bolussnooze":0,"activity":0.0031,"lastBolusTime":1703872396833,"time":"2023-12-29T20:58:06.045Z","iobWithZeroTemp":{"iob":-0.314,"basaliob":-0.445,"bolussnooze":0,"activity":-0.0016,"lastBolusTime":1703872396833,"time":"2023-12-29T20:58:06.045Z"}},{"iob":0.112,"basaliob":-0.004,"bolussnooze":0,"activity":0.0027,"lastBolusTime":1703872396833,"time":"2023-12-29T21:03:06.045Z","iobWithZeroTemp":{"iob":-0.333,"basaliob":-0.449,"bolussnooze":0,"activity":-0.0021,"lastBolusTime":1703872396833,"time":"2023-12-29T21:03:06.045Z"}},{"iob":0.098,"basaliob":-0.004,"bolussnooze":0,"activity":0.0025,"lastBolusTime":1703872396833,"time":"2023-12-29T21:08:06.045Z","iobWithZeroTemp":{"iob":-0.352,"basaliob":-0.454,"bolussnooze":0,"activity":-0.0024,"lastBolusTime":1703872396833,"time":"2023-12-29T21:08:06.045Z"}},{"iob":0.087,"basaliob":-0.003,"bolussnooze":0,"activity":0.0022,"lastBolusTime":1703872396833,"time":"2023-12-29T21:13:06.045Z","iobWithZeroTemp":{"iob":-0.367,"basaliob":-0.457,"bolussnooze":0,"activity":-0.0028,"lastBolusTime":1703872396833,"time":"2023-12-29T21:13:06.045Z"}},{"iob":0.076,"basaliob":-0.003,"bolussnooze":0,"activity":0.002,"lastBolusTime":1703872396833,"time":"2023-12-29T21:18:06.045Z","iobWithZeroTemp":{"iob":-0.382,"basaliob":-0.461,"bolussnooze":0,"activity":-0.0031,"lastBolusTime":1703872396833,"time":"2023-12-29T21:18:06.045Z"}},{"iob":0.066,"basaliob":-0.003,"bolussnooze":0,"activity":0.0018,"lastBolusTime":1703872396833,"time":"2023-12-29T21:23:06.045Z","iobWithZeroTemp":{"iob":-0.396,"basaliob":-0.465,"bolussnooze":0,"activity":-0.0034,"lastBolusTime":1703872396833,"time":"2023-12-29T21:23:06.045Z"}},{"iob":0.059,"basaliob":-0.002,"bolussnooze":0,"activity":0.0016,"lastBolusTime":1703872396833,"time":"2023-12-29T21:28:06.045Z","iobWithZeroTemp":{"iob":-0.406,"basaliob":-0.467,"bolussnooze":0,"activity":-0.0036,"lastBolusTime":1703872396833,"time":"2023-12-29T21:28:06.045Z"}},{"iob":0.051,"basaliob":-0.002,"bolussnooze":0,"activity":0.0014,"lastBolusTime":1703872396833,"time":"2023-12-29T21:33:06.045Z","iobWithZeroTemp":{"iob":-0.417,"basaliob":-0.47,"bolussnooze":0,"activity":-0.0039,"lastBolusTime":1703872396833,"time":"2023-12-29T21:33:06.045Z"}},{"iob":0.044,"basaliob":-0.002,"bolussnooze":0,"activity":0.0013,"lastBolusTime":1703872396833,"time":"2023-12-29T21:38:06.045Z","iobWithZeroTemp":{"iob":-0.426,"basaliob":-0.472,"bolussnooze":0,"activity":-0.004,"lastBolusTime":1703872396833,"time":"2023-12-29T21:38:06.045Z"}},{"iob":0.038,"basaliob":-0.002,"bolussnooze":0,"activity":0.0012,"lastBolusTime":1703872396833,"time":"2023-12-29T21:43:06.045Z","iobWithZeroTemp":{"iob":-0.435,"basaliob":-0.475,"bolussnooze":0,"activity":-0.0042,"lastBolusTime":1703872396833,"time":"2023-12-29T21:43:06.045Z"}},{"iob":0.033,"basaliob":-0.001,"bolussnooze":0,"activity":0.001,"lastBolusTime":1703872396833,"time":"2023-12-29T21:48:06.045Z","iobWithZeroTemp":{"iob":-0.442,"basaliob":-0.476,"bolussnooze":0,"activity":-0.0044,"lastBolusTime":1703872396833,"time":"2023-12-29T21:48:06.045Z"}},{"iob":0.028,"basaliob":-0.001,"bolussnooze":0,"activity":9.0E-4,"lastBolusTime":1703872396833,"time":"2023-12-29T21:53:06.045Z","iobWithZeroTemp":{"iob":-0.449,"basaliob":-0.478,"bolussnooze":0,"activity":-0.0046,"lastBolusTime":1703872396833,"time":"2023-12-29T21:53:06.045Z"}},{"iob":0.024,"basaliob":-0.001,"bolussnooze":0,"activity":8.0E-4,"lastBolusTime":1703872396833,"time":"2023-12-29T21:58:06.045Z","iobWithZeroTemp":{"iob":-0.455,"basaliob":-0.48,"bolussnooze":0,"activity":-0.0047,"lastBolusTime":1703872396833,"time":"2023-12-29T21:58:06.045Z"}},{"iob":0.02,"basaliob":-0.001,"bolussnooze":0,"activity":7.0E-4,"lastBolusTime":1703872396833,"time":"2023-12-29T22:03:06.045Z","iobWithZeroTemp":{"iob":-0.456,"basaliob":-0.477,"bolussnooze":0,"activity":-0.0048,"lastBolusTime":1703872396833,"time":"2023-12-29T22:03:06.045Z"}},{"iob":0.017,"basaliob":-0.001,"bolussnooze":0,"activity":6.0E-4,"lastBolusTime":1703872396833,"time":"2023-12-29T22:08:06.045Z","iobWithZeroTemp":{"iob":-0.456,"basaliob":-0.474,"bolussnooze":0,"activity":-0.005,"lastBolusTime":1703872396833,"time":"2023-12-29T22:08:06.045Z"}}],"profile":{"max_iob":10,"type":"current","max_daily_basal":0.35,"max_basal":0.4,"min_bg":75,"max_bg":75,"target_bg":75,"carb_ratio":8.5,"sens":110,"max_daily_safety_multiplier":3,"current_basal_safety_multiplier":4,"lgsThreshold":95,"high_temptarget_raises_sensitivity":true,"low_temptarget_lowers_sensitivity":true,"sensitivity_raises_target":true,"resistance_lowers_target":true,"adv_target_adjustments":false,"exercise_mode":false,"half_basal_exercise_target":160,"maxCOB":120,"skip_neutral_temps":false,"remainingCarbsCap":90,"enableUAM":true,"A52_risk_enable":false,"SMBInterval":3,"enableSMB_with_COB":true,"enableSMB_with_temptarget":true,"allowSMB_with_high_temptarget":false,"enableSMB_always":false,"enableSMB_after_carbs":true,"maxSMBBasalMinutes":45,"maxUAMSMBBasalMinutes":45,"bolus_increment":0.05,"carbsReqThreshold":2,"current_basal":0.1,"temptargetSet":true,"autosens_max":1.3,"autosens_min":0.7,"variable_sens":103.1,"insulinDivisor":75,"TDD":15.175184380952379},"autosens_data":{"ratio":1.053031083683715},"meal_data":{"carbs":20,"mealCOB":9.206159090909093,"slopeFromMaxDeviation":-5.007666666666667,"slopeFromMinDeviation":0.6542727272727272,"lastBolusTime":1703872396833,"lastCarbTime":1703870672687},"microBolusAllowed":true,"currentTime":1703873586851,"flatBGsDetected":false,"tdd1D":13.99583333333333,"tdd7D":16.405023809523808,"tddLast24H":17.275,"tddLast4H":3.9583333333333335,"tddLast8to4H":3.6541666666666672},"output":{"temp":"absolute","bg":162,"tick":-8,"eventualBG":39,"targetBG":75,"insulinReq":0,"deliverAt":"2023-12-29T18:13:06.851Z","sensitivityRatio":1.3,"variable_sens":103.1,"predBGs":{"IOB":[162,153,143,132,120,107,92,76,58,39,39,39,39],"ZT":[162,148,132,116,99,80,58,39,39,39,39,39,39,39,39,39,39,39,39,39,39,39,39,39,39,39,39,39,39,39,39,39,39,39,39,39,39,39,39,39,39,39,39,39,39,39,39,39],"COB":[162,154,145,136,127,118,110,102,94,87,80,73,67,61,56,52,47,43,40,39],"UAM":[162,149,134,117,100,81,60,39,39,39,39,39,39]},"reason":"COB: 9.2, Dev: 36, BGI: -14, ISF: 103, CR: 8.5, Target: 75, minPredBG -235, minGuardBG -235, IOBpredBG 39, COBpredBG 39, UAMpredBG 39; 22 add'l carbs req w\/in 40m; minGuardBG -235<95","COB":9.206159090909093,"IOB":2.557,"carbsReq":22,"carbsReqWithin":40,"duration":120,"rate":0,"timestamp":"2023-12-29T18:13:06.854Z"}}