{"algorithm":"OpenAPSSMBDynamicISFPlugin","input":{"glucoseStatus":{"glucose":125,"noise":0,"delta":8.56,"short_avgdelta":8.56,"long_avgdelta":2.4,"date":1703800665000},"currenttemp":{"temp":"absolute","duration":25,"rate":1.05,"minutesrunning":5},"iob_data":[{"iob":0.325,"basaliob":-0.269,"bolussnooze":0.0264,"activity":0.0042,"lastBolusTime":1703800396686,"time":"2023-12-28T21:58:08.901Z","iobWithZeroTemp":{"iob":0.325,"basaliob":-0.269,"bolussnooze":0.0264,"activity":0.0042,"lastBolusTime":1703800396686,"time":"2023-12-28T21:58:08.901Z"}},{"iob":0.305,"basaliob":-0.249,"bolussnooze":0.0208,"activity":0.0041,"lastBolusTime":1703800396686,"time":"2023-12-28T22:03:08.901Z","iobWithZeroTemp":{"iob":0.288,"basaliob":-0.266,"bolussnooze":0.0208,"activity":0.0041,"lastBolusTime":1703800396686,"time":"2023-12-28T22:03:08.901Z"}},{"iob":0.285,"basaliob":-0.23,"bolussnooze":0.0163,"activity":0.004,"lastBolusTime":1703800396686,"time":"2023-12-28T22:08:08.901Z","iobWithZeroTemp":{"iob":0.248,"basaliob":-0.267,"bolussnooze":0.0163,"activity":0.0039,"lastBolusTime":1703800396686,"time":"2023-12-28T22:08:08.901Z"}},{"iob":0.264,"basaliob":-0.213,"bolussnooze":0.0126,"activity":0.0039,"lastBolusTime":1703800396686,"time":"2023-12-28T22:13:08.901Z","iobWithZeroTemp":{"iob":0.206,"basaliob":-0.271,"bolussnooze":0.0126,"activity":0.0037,"lastBolusTime":1703800396686,"time":"2023-12-28T22:13:08.901Z"}},{"iob":0.246,"basaliob":-0.196,"bolussnooze":0.0096,"activity":0.0038,"lastBolusTime":1703800396686,"time":"2023-12-28T22:18:08.901Z","iobWithZeroTemp":{"iob":0.169,"basaliob":-0.273,"bolussnooze":0.0096,"activity":0.0035,"lastBolusTime":1703800396686,"time":"2023-12-28T22:18:08.901Z"}},{"iob":0.228,"basaliob":-0.18,"bolussnooze":0.0073,"activity":0.0035,"lastBolusTime":1703800396686,"time":"2023-12-28T22:23:08.901Z","iobWithZeroTemp":{"iob":0.132,"basaliob":-0.276,"bolussnooze":0.0073,"activity":0.0031,"lastBolusTime":1703800396686,"time":"2023-12-28T22:23:08.901Z"}},{"iob":0.211,"basaliob":-0.165,"bolussnooze":0.0054,"activity":0.0033,"lastBolusTime":1703800396686,"time":"2023-12-28T22:28:08.901Z","iobWithZeroTemp":{"iob":0.097,"basaliob":-0.279,"bolussnooze":0.0054,"activity":0.0027,"lastBolusTime":1703800396686,"time":"2023-12-28T22:28:08.901Z"}},{"iob":0.194,"basaliob":-0.151,"bolussnooze":0.0039,"activity":0.0032,"lastBolusTime":1703800396686,"time":"2023-12-28T22:33:08.901Z","iobWithZeroTemp":{"iob":0.062,"basaliob":-0.283,"bolussnooze":0.0039,"activity":0.0024,"lastBolusTime":1703800396686,"time":"2023-12-28T22:33:08.901Z"}},{"iob":0.178,"basaliob":-0.139,"bolussnooze":0.0028,"activity":0.003,"lastBolusTime":1703800396686,"time":"2023-12-28T22:38:08.901Z","iobWithZeroTemp":{"iob":0.029,"basaliob":-0.288,"bolussnooze":0.0028,"activity":0.0021,"lastBolusTime":1703800396686,"time":"2023-12-28T22:38:08.901Z"}},{"iob":0.163,"basaliob":-0.127,"bolussnooze":0.002,"activity":0.0029,"lastBolusTime":1703800396686,"time":"2023-12-28T22:43:08.901Z","iobWithZeroTemp":{"iob":-0.001,"basaliob":-0.291,"bolussnooze":0.002,"activity":0.0018,"lastBolusTime":1703800396686,"time":"2023-12-28T22:43:08.901Z"}},{"iob":0.15,"basaliob":-0.115,"bolussnooze":0.0013,"activity":0.0027,"lastBolusTime":1703800396686,"time":"2023-12-28T22:48:08.901Z","iobWithZeroTemp":{"iob":-0.029,"basaliob":-0.294,"bolussnooze":0.0013,"activity":0.0014,"lastBolusTime":1703800396686,"time":"2023-12-28T22:48:08.901Z"}},{"iob":0.137,"basaliob":-0.105,"bolussnooze":8.0E-4,"activity":0.0025,"lastBolusTime":1703800396686,"time":"2023-12-28T22:53:08.901Z","iobWithZeroTemp":{"iob":-0.056,"basaliob":-0.298,"bolussnooze":8.0E-4,"activity":0.001,"lastBolusTime":1703800396686,"time":"2023-12-28T22:53:08.901Z"}},{"iob":0.126,"basaliob":-0.095,"bolussnooze":5.0E-4,"activity":0.0024,"lastBolusTime":1703800396686,"time":"2023-12-28T22:58:08.901Z","iobWithZeroTemp":{"iob":-0.08,"basaliob":-0.301,"bolussnooze":5.0E-4,"activity":8.0E-4,"lastBolusTime":1703800396686,"time":"2023-12-28T22:58:08.901Z"}},{"iob":0.114,"basaliob":-0.087,"bolussnooze":3.0E-4,"activity":0.0021,"lastBolusTime":1703800396686,"time":"2023-12-28T23:03:08.901Z","iobWithZeroTemp":{"iob":-0.104,"basaliob":-0.305,"bolussnooze":3.0E-4,"activity":3.0E-4,"lastBolusTime":1703800396686,"time":"2023-12-28T23:03:08.901Z"}},{"iob":0.103,"basaliob":-0.079,"bolussnooze":1.0E-4,"activity":0.002,"lastBolusTime":1703800396686,"time":"2023-12-28T23:08:08.901Z","iobWithZeroTemp":{"iob":-0.127,"basaliob":-0.309,"bolussnooze":1.0E-4,"activity":0,"lastBolusTime":1703800396686,"time":"2023-12-28T23:08:08.901Z"}},{"iob":0.094,"basaliob":-0.071,"bolussnooze":0,"activity":0.0019,"lastBolusTime":1703800396686,"time":"2023-12-28T23:13:08.901Z","iobWithZeroTemp":{"iob":-0.146,"basaliob":-0.311,"bolussnooze":0,"activity":-2.0E-4,"lastBolusTime":1703800396686,"time":"2023-12-28T23:13:08.901Z"}},{"iob":0.085,"basaliob":-0.064,"bolussnooze":0,"activity":0.0017,"lastBolusTime":1703800396686,"time":"2023-12-28T23:18:08.901Z","iobWithZeroTemp":{"iob":-0.165,"basaliob":-0.314,"bolussnooze":0,"activity":-6.0E-4,"lastBolusTime":1703800396686,"time":"2023-12-28T23:18:08.901Z"}},{"iob":0.077,"basaliob":-0.058,"bolussnooze":0,"activity":0.0016,"lastBolusTime":1703800396686,"time":"2023-12-28T23:23:08.901Z","iobWithZeroTemp":{"iob":-0.182,"basaliob":-0.317,"bolussnooze":0,"activity":-8.0E-4,"lastBolusTime":1703800396686,"time":"2023-12-28T23:23:08.901Z"}},{"iob":0.07,"basaliob":-0.052,"bolussnooze":0,"activity":0.0014,"lastBolusTime":1703800396686,"time":"2023-12-28T23:28:08.901Z","iobWithZeroTemp":{"iob":-0.198,"basaliob":-0.32,"bolussnooze":0,"activity":-0.0012,"lastBolusTime":1703800396686,"time":"2023-12-28T23:28:08.901Z"}},{"iob":0.063,"basaliob":-0.047,"bolussnooze":0,"activity":0.0013,"lastBolusTime":1703800396686,"time":"2023-12-28T23:33:08.901Z","iobWithZeroTemp":{"iob":-0.212,"basaliob":-0.322,"bolussnooze":0,"activity":-0.0014,"lastBolusTime":1703800396686,"time":"2023-12-28T23:33:08.901Z"}},{"iob":0.056,"basaliob":-0.042,"bolussnooze":0,"activity":0.0012,"lastBolusTime":1703800396686,"time":"2023-12-28T23:38:08.901Z","iobWithZeroTemp":{"iob":-0.226,"basaliob":-0.324,"bolussnooze":0,"activity":-0.0016,"lastBolusTime":1703800396686,"time":"2023-12-28T23:38:08.901Z"}},{"iob":0.05,"basaliob":-0.038,"bolussnooze":0,"activity":0.0011,"lastBolusTime":1703800396686,"time":"2023-12-28T23:43:08.901Z","iobWithZeroTemp":{"iob":-0.239,"basaliob":-0.327,"bolussnooze":0,"activity":-0.0018,"lastBolusTime":1703800396686,"time":"2023-12-28T23:43:08.901Z"}},{"iob":0.045,"basaliob":-0.034,"bolussnooze":0,"activity":9.0E-4,"lastBolusTime":1703800396686,"time":"2023-12-28T23:48:08.901Z","iobWithZeroTemp":{"iob":-0.25,"basaliob":-0.329,"bolussnooze":0,"activity":-0.0021,"lastBolusTime":1703800396686,"time":"2023-12-28T23:48:08.901Z"}},{"iob":0.041,"basaliob":-0.03,"bolussnooze":0,"activity":9.0E-4,"lastBolusTime":1703800396686,"time":"2023-12-28T23:53:08.901Z","iobWithZeroTemp":{"iob":-0.26,"basaliob":-0.331,"bolussnooze":0,"activity":-0.0022,"lastBolusTime":1703800396686,"time":"2023-12-28T23:53:08.901Z"}},{"iob":0.036,"basaliob":-0.027,"bolussnooze":0,"activity":8.0E-4,"lastBolusTime":1703800396686,"time":"2023-12-28T23:58:08.901Z","iobWithZeroTemp":{"iob":-0.27,"basaliob":-0.333,"bolussnooze":0,"activity":-0.0024,"lastBolusTime":1703800396686,"time":"2023-12-28T23:58:08.901Z"}},{"iob":0.033,"basaliob":-0.024,"bolussnooze":0,"activity":7.0E-4,"lastBolusTime":1703800396686,"time":"2023-12-29T00:03:08.901Z","iobWithZeroTemp":{"iob":-0.273,"basaliob":-0.33,"bolussnooze":0,"activity":-0.0026,"lastBolusTime":1703800396686,"time":"2023-12-29T00:03:08.901Z"}},{"iob":0.029,"basaliob":-0.021,"bolussnooze":0,"activity":7.0E-4,"lastBolusTime":1703800396686,"time":"2023-12-29T00:08:08.901Z","iobWithZeroTemp":{"iob":-0.277,"basaliob":-0.327,"bolussnooze":0,"activity":-0.0027,"lastBolusTime":1703800396686,"time":"2023-12-29T00:08:08.901Z"}},{"iob":0.026,"basaliob":-0.019,"bolussnooze":0,"activity":6.0E-4,"lastBolusTime":1703800396686,"time":"2023-12-29T00:13:08.901Z","iobWithZeroTemp":{"iob":-0.28,"basaliob":-0.325,"bolussnooze":0,"activity":-0.0028,"lastBolusTime":1703800396686,"time":"2023-12-29T00:13:08.901Z"}},{"iob":0.024,"basaliob":-0.016,"bolussnooze":0,"activity":5.0E-4,"lastBolusTime":1703800396686,"time":"2023-12-29T00:18:08.901Z","iobWithZeroTemp":{"iob":-0.281,"basaliob":-0.321,"bolussnooze":0,"activity":-0.0029,"lastBolusTime":1703800396686,"time":"2023-12-29T00:18:08.901Z"}},{"iob":0.02,"basaliob":-0.015,"bolussnooze":0,"activity":5.0E-4,"lastBolusTime":1703800396686,"time":"2023-12-29T00:23:08.901Z","iobWithZeroTemp":{"iob":-0.285,"basaliob":-0.32,"bolussnooze":0,"activity":-0.003,"lastBolusTime":1703800396686,"time":"2023-12-29T00:23:08.901Z"}},{"iob":0.018,"basaliob":-0.013,"bolussnooze":0,"activity":5.0E-4,"lastBolusTime":1703800396686,"time":"2023-12-29T00:28:08.901Z","iobWithZeroTemp":{"iob":-0.286,"basaliob":-0.317,"bolussnooze":0,"activity":-0.003,"lastBolusTime":1703800396686,"time":"2023-12-29T00:28:08.901Z"}},{"iob":0.017,"basaliob":-0.011,"bolussnooze":0,"activity":4.0E-4,"lastBolusTime":1703800396686,"time":"2023-12-29T00:33:08.901Z","iobWithZeroTemp":{"iob":-0.286,"basaliob":-0.314,"bolussnooze":0,"activity":-0.0031,"lastBolusTime":1703800396686,"time":"2023-12-29T00:33:08.901Z"}},{"iob":0.014,"basaliob":-0.01,"bolussnooze":0,"activity":3.0E-4,"lastBolusTime":1703800396686,"time":"2023-12-29T00:38:08.901Z","iobWithZeroTemp":{"iob":-0.288,"basaliob":-0.312,"bolussnooze":0,"activity":-0.0032,"lastBolusTime":1703800396686,"time":"2023-12-29T00:38:08.901Z"}},{"iob":0.013,"basaliob":-0.009,"bolussnooze":0,"activity":3.0E-4,"lastBolusTime":1703800396686,"time":"2023-12-29T00:43:08.901Z","iobWithZeroTemp":{"iob":-0.288,"basaliob":-0.31,"bolussnooze":0,"activity":-0.0032,"lastBolusTime":1703800396686,"time":"2023-12-29T00:43:08.901Z"}},{"iob":0.012,"basaliob":-0.007,"bolussnooze":0,"activity":3.0E-4,"lastBolusTime":1703800396686,"time":"2023-12-29T00:48:08.901Z","iobWithZeroTemp":{"iob":-0.288,"basaliob":-0.307,"bolussnooze":0,"activity":-0.0033,"lastBolusTime":1703800396686,"time":"2023-12-29T00:48:08.901Z"}},{"iob":0.011,"basaliob":-0.006,"bolussnooze":0,"activity":2.0E-4,"lastBolusTime":1703800396686,"time":"2023-12-29T00:53:08.901Z","iobWithZeroTemp":{"iob":-0.288,"basaliob":-0.305,"bolussnooze":0,"activity":-0.0034,"lastBolusTime":1703800396686,"time":"2023-12-29T00:53:08.901Z"}},{"iob":0.009,"basaliob":-0.006,"bolussnooze":0,"activity":2.0E-4,"lastBolusTime":1703800396686,"time":"2023-12-29T00:58:08.901Z","iobWithZeroTemp":{"iob":-0.289,"basaliob":-0.304,"bolussnooze":0,"activity":-0.0034,"lastBolusTime":1703800396686,"time":"2023-12-29T00:58:08.901Z"}},{"iob":0.008,"basaliob":-0.005,"bolussnooze":0,"activity":2.0E-4,"lastBolusTime":1703800396686,"time":"2023-12-29T01:03:08.901Z","iobWithZeroTemp":{"iob":-0.285,"basaliob":-0.298,"bolussnooze":0,"activity":-0.0033,"lastBolusTime":1703800396686,"time":"2023-12-29T01:03:08.901Z"}},{"iob":0.007,"basaliob":-0.004,"bolussnooze":0,"activity":2.0E-4,"lastBolusTime":1703800396686,"time":"2023-12-29T01:08:08.901Z","iobWithZeroTemp":{"iob":-0.281,"basaliob":-0.292,"bolussnooze":0,"activity":-0.0033,"lastBolusTime":1703800396686,"time":"2023-12-29T01:08:08.901Z"}},{"iob":0.007,"basaliob":-0.003,"bolussnooze":0,"activity":2.0E-4,"lastBolusTime":1703800396686,"time":"2023-12-29T01:13:08.901Z","iobWithZeroTemp":{"iob":-0.276,"basaliob":-0.286,"bolussnooze":0,"activity":-0.0033,"lastBolusTime":1703800396686,"time":"2023-12-29T01:13:08.901Z"}},{"iob":0.006,"basaliob":-0.003,"bolussnooze":0,"activity":1.0E-4,"lastBolusTime":1703800396686,"time":"2023-12-29T01:18:08.901Z","iobWithZeroTemp":{"iob":-0.272,"basaliob":-0.281,"bolussnooze":0,"activity":-0.0034,"lastBolusTime":1703800396686,"time":"2023-12-29T01:18:08.901Z"}},{"iob":0.005,"basaliob":-0.003,"bolussnooze":0,"activity":1.0E-4,"lastBolusTime":1703800396686,"time":"2023-12-29T01:23:08.901Z","iobWithZeroTemp":{"iob":-0.268,"basaliob":-0.276,"bolussnooze":0,"activity":-0.0033,"lastBolusTime":1703800396686,"time":"2023-12-29T01:23:08.901Z"}},{"iob":0.005,"basaliob":-0.002,"bolussnooze":0,"activity":1.0E-4,"lastBolusTime":1703800396686,"time":"2023-12-29T01:28:08.901Z","iobWithZeroTemp":{"iob":-0.264,"basaliob":-0.271,"bolussnooze":0,"activity":-0.0033,"lastBolusTime":1703800396686,"time":"2023-12-29T01:28:08.901Z"}},{"iob":0.004,"basaliob":-0.002,"bolussnooze":0,"activity":1.0E-4,"lastBolusTime":1703800396686,"time":"2023-12-29T01:33:08.901Z","iobWithZeroTemp":{"iob":-0.26,"basaliob":-0.266,"bolussnooze":0,"activity":-0.0032,"lastBolusTime":1703800396686,"time":"2023-12-29T01:33:08.901Z"}},{"iob":0.004,"basaliob":-0.001,"bolussnooze":0,"activity":0,"lastBolusTime":1703800396686,"time":"2023-12-29T01:38:08.901Z","iobWithZeroTemp":{"iob":-0.256,"basaliob":-0.261,"bolussnooze":0,"activity":-0.0033,"lastBolusTime":1703800396686,"time":"2023-12-29T01:38:08.901Z"}},{"iob":0.003,"basaliob":-0.001,"bolussnooze":0,"activity":1.0E-4,"lastBolusTime":1703800396686,"time":"2023-12-29T01:43:08.901Z","iobWithZeroTemp":{"iob":-0.253,"basaliob":-0.257,"bolussnooze":0,"activity":-0.0032,"lastBolusTime":1703800396686,"time":"2023-12-29T01:43:08.901Z"}},{"iob":0.003,"basaliob":-0.001,"bolussnooze":0,"activity":1.0E-4,"lastBolusTime":1703800396686,"time":"2023-12-29T01:48:08.901Z","iobWithZeroTemp":{"iob":-0.25,"basaliob":-0.254,"bolussnooze":0,"activity":-0.0031,"lastBolusTime":1703800396686,"time":"2023-12-29T01:48:08.901Z"}},{"iob":0.002,"basaliob":-0.001,"bolussnooze":0,"activity":1.0E-4,"lastBolusTime":1703800396686,"time":"2023-12-29T01:53:08.901Z","iobWithZeroTemp":{"iob":-0.247,"basaliob":-0.25,"bolussnooze":0,"activity":-0.0031,"lastBolusTime":1703800396686,"time":"2023-12-29T01:53:08.901Z"}}],"profile":{"max_iob":10,"type":"current","max_daily_basal":0.35,"max_basal":1.05,"min_bg":90,"max_bg":90,"target_bg":90,"carb_ratio":8.5,"sens":110,"max_daily_safety_multiplier":3,"current_basal_safety_multiplier":4,"lgsThreshold":95,"high_temptarget_raises_sensitivity":true,"low_temptarget_lowers_sensitivity":true,"sensitivity_raises_target":true,"resistance_lowers_target":true,"adv_target_adjustments":false,"exercise_mode":false,"half_basal_exercise_target":160,"maxCOB":120,"skip_neutral_temps":false,"remainingCarbsCap":90,"enableUAM":true,"A52_risk_enable":false,"SMBInterval":3,"enableSMB_with_COB":true,"enableSMB_with_temptarget":true,"allowSMB_with_high_temptarget":false,"enableSMB_always":false,"enableSMB_after_carbs":true,"maxSMBBasalMinutes":45,"maxUAMSMBBasalMinutes":45,"bolus_increment":0.05,"carbsReqThreshold":2,"current_basal":0.3,"temptargetSet":false,"autosens_max":1.3,"autosens_min":0.7,"variable_sens":123.8,"insulinDivisor":75,"TDD":14.821330898809526},"autosens_data":{"ratio":0.8306442017257273},"meal_data":{"carbs":20,"mealCOB":0,"slopeFromMaxDeviation":0,"slopeFromMinDeviation":2.5704,"lastBolusTime":1703800396686,"lastCarbTime":1703789723443},"microBolusAllowed":true,"currentTime":1703800689770,"flatBGsDetected":false,"tdd1D":17.627083333333335,"tdd7D":16.608595238095237,"tddLast24H":13.795833333333334,"tddLast4H":4.029166666666667,"tddLast8to4H":0.6541666666666666},"output":{"temp":"absolute","bg":125,"tick":"+9","eventualBG":157,"targetBG":96,"insulinReq":0.46,"deliverAt":"2023-12-28T21:58:09.770Z","sensitivityRatio":0.8306442017257273,"variable_sens":123.8,"predBGs":{"IOB":[125,133,140,146,151,155,159,162,164,165,166,165,164,163,161,160,159,158,158,157,156,156,155,154,154,154,153,153,152,152,152,152,151,151,151,151,151,151,151,150],"ZT":[125,122,120,117,115,113,111,109,107,106,105,104,103,102,102,102,102,103,103],"UAM":[125,133,140,146,152,157,161,164,167,169,170,170,170,169,168,167,166,165,164,163,163,162,161,161,160,160,160,159,159,159,158,158,158,158,158,157]},"reason":"COB: 0, Dev: 67, BGI: -3, ISF: 124, CR: 8.5, Target: 96, minPredBG 153, minGuardBG 133, IOBpredBG 150, UAMpredBG 157; Eventual BG 157 >= 96,  insulinReq 0.46; maxBolus 0.2. Microbolusing 0.2U. adj. req. rate: 1.17 to maxSafeBasal: 1.0499999999999998, temp 1.05 >~ req 1.05U\/hr. ","COB":0,"IOB":0.325,"units":0.2,"timestamp":"2023-12-28T21:58:09.785Z"}}