{"algorithm":"OpenAPSSMBDynamicISFPlugin","input":{"glucoseStatus":{"glucose":61,"noise":0,"delta":-2.61,"short_avgdelta":-2.61,"long_avgdelta":-3.95,"date":1703841766000},"currenttemp":{"temp":"absolute","duration":90,"rate":0,"minutesrunning":30},"iob_data":[{"iob":0.278,"basaliob":-0.291,"bolussnooze":0.0508,"activity":0.0071,"lastBolusTime":1703835302548,"time":"2023-12-29T09:23:12.621Z","iobWithZeroTemp":{"iob":0.278,"basaliob":-0.291,"bolussnooze":0.0508,"activity":0.0071,"lastBolusTime":1703835302548,"time":"2023-12-29T09:23:12.621Z"}},{"iob":0.245,"basaliob":-0.275,"bolussnooze":0.0392,"activity":0.0063,"lastBolusTime":1703835302548,"time":"2023-12-29T09:28:12.621Z","iobWithZeroTemp":{"iob":0.232,"basaliob":-0.288,"bolussnooze":0.0392,"activity":0.0063,"lastBolusTime":1703835302548,"time":"2023-12-29T09:28:12.621Z"}},{"iob":0.215,"basaliob":-0.259,"bolussnooze":0.0299,"activity":0.0056,"lastBolusTime":1703835302548,"time":"2023-12-29T09:33:12.621Z","iobWithZeroTemp":{"iob":0.185,"basaliob":-0.289,"bolussnooze":0.0299,"activity":0.0055,"lastBolusTime":1703835302548,"time":"2023-12-29T09:33:12.621Z"}},{"iob":0.189,"basaliob":-0.243,"bolussnooze":0.0225,"activity":0.005,"lastBolusTime":1703835302548,"time":"2023-12-29T09:38:12.621Z","iobWithZeroTemp":{"iob":0.143,"basaliob":-0.289,"bolussnooze":0.0225,"activity":0.0049,"lastBolusTime":1703835302548,"time":"2023-12-29T09:38:12.621Z"}},{"iob":0.165,"basaliob":-0.228,"bolussnooze":0.0167,"activity":0.0044,"lastBolusTime":1703835302548,"time":"2023-12-29T09:43:12.621Z","iobWithZeroTemp":{"iob":0.103,"basaliob":-0.29,"bolussnooze":0.0167,"activity":0.0042,"lastBolusTime":1703835302548,"time":"2023-12-29T09:43:12.621Z"}},{"iob":0.143,"basaliob":-0.213,"bolussnooze":0.0122,"activity":0.0039,"lastBolusTime":1703835302548,"time":"2023-12-29T09:48:12.621Z","iobWithZeroTemp":{"iob":0.066,"basaliob":-0.29,"bolussnooze":0.0122,"activity":0.0036,"lastBolusTime":1703835302548,"time":"2023-12-29T09:48:12.621Z"}},{"iob":0.125,"basaliob":-0.198,"bolussnooze":0.0087,"activity":0.0035,"lastBolusTime":1703835302548,"time":"2023-12-29T09:53:12.621Z","iobWithZeroTemp":{"iob":0.033,"basaliob":-0.29,"bolussnooze":0.0087,"activity":0.003,"lastBolusTime":1703835302548,"time":"2023-12-29T09:53:12.621Z"}},{"iob":0.108,"basaliob":-0.184,"bolussnooze":0.006,"activity":0.0031,"lastBolusTime":1703835302548,"time":"2023-12-29T09:58:12.621Z","iobWithZeroTemp":{"iob":0.002,"basaliob":-0.29,"bolussnooze":0.006,"activity":0.0025,"lastBolusTime":1703835302548,"time":"2023-12-29T09:58:12.621Z"}},{"iob":0.093,"basaliob":-0.171,"bolussnooze":0.004,"activity":0.0028,"lastBolusTime":1703835302548,"time":"2023-12-29T10:03:12.621Z","iobWithZeroTemp":{"iob":-0.026,"basaliob":-0.29,"bolussnooze":0.004,"activity":0.0021,"lastBolusTime":1703835302548,"time":"2023-12-29T10:03:12.621Z"}},{"iob":0.08,"basaliob":-0.158,"bolussnooze":0.0025,"activity":0.0024,"lastBolusTime":1703835302548,"time":"2023-12-29T10:08:12.621Z","iobWithZeroTemp":{"iob":-0.051,"basaliob":-0.289,"bolussnooze":0.0025,"activity":0.0015,"lastBolusTime":1703835302548,"time":"2023-12-29T10:08:12.621Z"}},{"iob":0.069,"basaliob":-0.146,"bolussnooze":0.0015,"activity":0.0021,"lastBolusTime":1703835302548,"time":"2023-12-29T10:13:12.621Z","iobWithZeroTemp":{"iob":-0.074,"basaliob":-0.289,"bolussnooze":0.0015,"activity":0.0011,"lastBolusTime":1703835302548,"time":"2023-12-29T10:13:12.621Z"}},{"iob":0.059,"basaliob":-0.134,"bolussnooze":8.0E-4,"activity":0.0019,"lastBolusTime":1703835302548,"time":"2023-12-29T10:18:12.621Z","iobWithZeroTemp":{"iob":-0.095,"basaliob":-0.288,"bolussnooze":8.0E-4,"activity":7.0E-4,"lastBolusTime":1703835302548,"time":"2023-12-29T10:18:12.621Z"}},{"iob":0.05,"basaliob":-0.123,"bolussnooze":4.0E-4,"activity":0.0017,"lastBolusTime":1703835302548,"time":"2023-12-29T10:23:12.621Z","iobWithZeroTemp":{"iob":-0.115,"basaliob":-0.288,"bolussnooze":4.0E-4,"activity":4.0E-4,"lastBolusTime":1703835302548,"time":"2023-12-29T10:23:12.621Z"}},{"iob":0.042,"basaliob":-0.113,"bolussnooze":1.0E-4,"activity":0.0014,"lastBolusTime":1703835302548,"time":"2023-12-29T10:28:12.621Z","iobWithZeroTemp":{"iob":-0.133,"basaliob":-0.288,"bolussnooze":1.0E-4,"activity":0,"lastBolusTime":1703835302548,"time":"2023-12-29T10:28:12.621Z"}},{"iob":0.035,"basaliob":-0.104,"bolussnooze":0,"activity":0.0013,"lastBolusTime":1703835302548,"time":"2023-12-29T10:33:12.621Z","iobWithZeroTemp":{"iob":-0.149,"basaliob":-0.288,"bolussnooze":0,"activity":-3.0E-4,"lastBolusTime":1703835302548,"time":"2023-12-29T10:33:12.621Z"}},{"iob":0.029,"basaliob":-0.095,"bolussnooze":0,"activity":0.0011,"lastBolusTime":1703835302548,"time":"2023-12-29T10:38:12.621Z","iobWithZeroTemp":{"iob":-0.163,"basaliob":-0.287,"bolussnooze":0,"activity":-6.0E-4,"lastBolusTime":1703835302548,"time":"2023-12-29T10:38:12.621Z"}},{"iob":0.024,"basaliob":-0.087,"bolussnooze":0,"activity":0.001,"lastBolusTime":1703835302548,"time":"2023-12-29T10:43:12.621Z","iobWithZeroTemp":{"iob":-0.176,"basaliob":-0.287,"bolussnooze":0,"activity":-8.0E-4,"lastBolusTime":1703835302548,"time":"2023-12-29T10:43:12.621Z"}},{"iob":0.019,"basaliob":-0.079,"bolussnooze":0,"activity":8.0E-4,"lastBolusTime":1703835302548,"time":"2023-12-29T10:48:12.621Z","iobWithZeroTemp":{"iob":-0.188,"basaliob":-0.286,"bolussnooze":0,"activity":-0.0011,"lastBolusTime":1703835302548,"time":"2023-12-29T10:48:12.621Z"}},{"iob":0.015,"basaliob":-0.072,"bolussnooze":0,"activity":7.0E-4,"lastBolusTime":1703835302548,"time":"2023-12-29T10:53:12.621Z","iobWithZeroTemp":{"iob":-0.199,"basaliob":-0.286,"bolussnooze":0,"activity":-0.0013,"lastBolusTime":1703835302548,"time":"2023-12-29T10:53:12.621Z"}},{"iob":0.012,"basaliob":-0.065,"bolussnooze":0,"activity":6.0E-4,"lastBolusTime":1703835302548,"time":"2023-12-29T10:58:12.621Z","iobWithZeroTemp":{"iob":-0.208,"basaliob":-0.285,"bolussnooze":0,"activity":-0.0015,"lastBolusTime":1703835302548,"time":"2023-12-29T10:58:12.621Z"}},{"iob":0.009,"basaliob":-0.059,"bolussnooze":0,"activity":5.0E-4,"lastBolusTime":1703835302548,"time":"2023-12-29T11:03:12.621Z","iobWithZeroTemp":{"iob":-0.225,"basaliob":-0.293,"bolussnooze":0,"activity":-0.0018,"lastBolusTime":1703835302548,"time":"2023-12-29T11:03:12.621Z"}},{"iob":0.006,"basaliob":-0.054,"bolussnooze":0,"activity":4.0E-4,"lastBolusTime":1703835302548,"time":"2023-12-29T11:08:12.621Z","iobWithZeroTemp":{"iob":-0.242,"basaliob":-0.302,"bolussnooze":0,"activity":-0.002,"lastBolusTime":1703835302548,"time":"2023-12-29T11:08:12.621Z"}},{"iob":0.005,"basaliob":-0.048,"bolussnooze":0,"activity":4.0E-4,"lastBolusTime":1703835302548,"time":"2023-12-29T11:13:12.621Z","iobWithZeroTemp":{"iob":-0.255,"basaliob":-0.308,"bolussnooze":0,"activity":-0.0021,"lastBolusTime":1703835302548,"time":"2023-12-29T11:13:12.621Z"}},{"iob":0.003,"basaliob":-0.044,"bolussnooze":0,"activity":3.0E-4,"lastBolusTime":1703835302548,"time":"2023-12-29T11:18:12.621Z","iobWithZeroTemp":{"iob":-0.27,"basaliob":-0.317,"bolussnooze":0,"activity":-0.0023,"lastBolusTime":1703835302548,"time":"2023-12-29T11:18:12.621Z"}},{"iob":0.002,"basaliob":-0.039,"bolussnooze":0,"activity":3.0E-4,"lastBolusTime":1703835302548,"time":"2023-12-29T11:23:12.621Z","iobWithZeroTemp":{"iob":-0.282,"basaliob":-0.323,"bolussnooze":0,"activity":-0.0025,"lastBolusTime":1703835302548,"time":"2023-12-29T11:23:12.621Z"}},{"iob":0.001,"basaliob":-0.035,"bolussnooze":0,"activity":2.0E-4,"lastBolusTime":1703835302548,"time":"2023-12-29T11:28:12.621Z","iobWithZeroTemp":{"iob":-0.294,"basaliob":-0.33,"bolussnooze":0,"activity":-0.0027,"lastBolusTime":1703835302548,"time":"2023-12-29T11:28:12.621Z"}},{"iob":-0.001,"basaliob":-0.032,"bolussnooze":0,"activity":2.0E-4,"lastBolusTime":1703835302548,"time":"2023-12-29T11:33:12.621Z","iobWithZeroTemp":{"iob":-0.306,"basaliob":-0.337,"bolussnooze":0,"activity":-0.0028,"lastBolusTime":1703835302548,"time":"2023-12-29T11:33:12.621Z"}},{"iob":-0.002,"basaliob":-0.029,"bolussnooze":0,"activity":2.0E-4,"lastBolusTime":1703835302548,"time":"2023-12-29T11:38:12.621Z","iobWithZeroTemp":{"iob":-0.317,"basaliob":-0.344,"bolussnooze":0,"activity":-0.0029,"lastBolusTime":1703835302548,"time":"2023-12-29T11:38:12.621Z"}},{"iob":-0.003,"basaliob":-0.026,"bolussnooze":0,"activity":1.0E-4,"lastBolusTime":1703835302548,"time":"2023-12-29T11:43:12.621Z","iobWithZeroTemp":{"iob":-0.327,"basaliob":-0.35,"bolussnooze":0,"activity":-0.0032,"lastBolusTime":1703835302548,"time":"2023-12-29T11:43:12.621Z"}},{"iob":-0.003,"basaliob":-0.023,"bolussnooze":0,"activity":1.0E-4,"lastBolusTime":1703835302548,"time":"2023-12-29T11:48:12.621Z","iobWithZeroTemp":{"iob":-0.335,"basaliob":-0.355,"bolussnooze":0,"activity":-0.0033,"lastBolusTime":1703835302548,"time":"2023-12-29T11:48:12.621Z"}},{"iob":-0.003,"basaliob":-0.02,"bolussnooze":0,"activity":0,"lastBolusTime":1703835302548,"time":"2023-12-29T11:53:12.621Z","iobWithZeroTemp":{"iob":-0.343,"basaliob":-0.36,"bolussnooze":0,"activity":-0.0035,"lastBolusTime":1703835302548,"time":"2023-12-29T11:53:12.621Z"}},{"iob":-0.003,"basaliob":-0.018,"bolussnooze":0,"activity":1.0E-4,"lastBolusTime":1703835302548,"time":"2023-12-29T11:58:12.621Z","iobWithZeroTemp":{"iob":-0.35,"basaliob":-0.365,"bolussnooze":0,"activity":-0.0035,"lastBolusTime":1703835302548,"time":"2023-12-29T11:58:12.621Z"}},{"iob":-0.004,"basaliob":-0.016,"bolussnooze":0,"activity":0,"lastBolusTime":1703835302548,"time":"2023-12-29T12:03:12.621Z","iobWithZeroTemp":{"iob":-0.358,"basaliob":-0.37,"bolussnooze":0,"activity":-0.0037,"lastBolusTime":1703835302548,"time":"2023-12-29T12:03:12.621Z"}},{"iob":-0.004,"basaliob":-0.014,"bolussnooze":0,"activity":1.0E-4,"lastBolusTime":1703835302548,"time":"2023-12-29T12:08:12.621Z","iobWithZeroTemp":{"iob":-0.364,"basaliob":-0.374,"bolussnooze":0,"activity":-0.0037,"lastBolusTime":1703835302548,"time":"2023-12-29T12:08:12.621Z"}},{"iob":-0.004,"basaliob":-0.013,"bolussnooze":0,"activity":0,"lastBolusTime":1703835302548,"time":"2023-12-29T12:13:12.621Z","iobWithZeroTemp":{"iob":-0.37,"basaliob":-0.379,"bolussnooze":0,"activity":-0.0039,"lastBolusTime":1703835302548,"time":"2023-12-29T12:13:12.621Z"}},{"iob":-0.004,"basaliob":-0.011,"bolussnooze":0,"activity":0,"lastBolusTime":1703835302548,"time":"2023-12-29T12:18:12.621Z","iobWithZeroTemp":{"iob":-0.375,"basaliob":-0.382,"bolussnooze":0,"activity":-0.004,"lastBolusTime":1703835302548,"time":"2023-12-29T12:18:12.621Z"}},{"iob":-0.004,"basaliob":-0.01,"bolussnooze":0,"activity":-1.0E-4,"lastBolusTime":1703835302548,"time":"2023-12-29T12:23:12.621Z","iobWithZeroTemp":{"iob":-0.38,"basaliob":-0.386,"bolussnooze":0,"activity":-0.0042,"lastBolusTime":1703835302548,"time":"2023-12-29T12:23:12.621Z"}},{"iob":-0.004,"basaliob":-0.009,"bolussnooze":0,"activity":0,"lastBolusTime":1703835302548,"time":"2023-12-29T12:28:12.621Z","iobWithZeroTemp":{"iob":-0.384,"basaliob":-0.389,"bolussnooze":0,"activity":-0.0042,"lastBolusTime":1703835302548,"time":"2023-12-29T12:28:12.621Z"}},{"iob":-0.004,"basaliob":-0.008,"bolussnooze":0,"activity":0,"lastBolusTime":1703835302548,"time":"2023-12-29T12:33:12.621Z","iobWithZeroTemp":{"iob":-0.388,"basaliob":-0.392,"bolussnooze":0,"activity":-0.0042,"lastBolusTime":1703835302548,"time":"2023-12-29T12:33:12.621Z"}},{"iob":-0.004,"basaliob":-0.007,"bolussnooze":0,"activity":-1.0E-4,"lastBolusTime":1703835302548,"time":"2023-12-29T12:38:12.621Z","iobWithZeroTemp":{"iob":-0.392,"basaliob":-0.395,"bolussnooze":0,"activity":-0.0044,"lastBolusTime":1703835302548,"time":"2023-12-29T12:38:12.621Z"}},{"iob":-0.004,"basaliob":-0.006,"bolussnooze":0,"activity":-1.0E-4,"lastBolusTime":1703835302548,"time":"2023-12-29T12:43:12.621Z","iobWithZeroTemp":{"iob":-0.395,"basaliob":-0.397,"bolussnooze":0,"activity":-0.0045,"lastBolusTime":1703835302548,"time":"2023-12-29T12:43:12.621Z"}},{"iob":-0.003,"basaliob":-0.005,"bolussnooze":0,"activity":0,"lastBolusTime":1703835302548,"time":"2023-12-29T12:48:12.621Z","iobWithZeroTemp":{"iob":-0.397,"basaliob":-0.399,"bolussnooze":0,"activity":-0.0044,"lastBolusTime":1703835302548,"time":"2023-12-29T12:48:12.621Z"}},{"iob":-0.003,"basaliob":-0.004,"bolussnooze":0,"activity":0,"lastBolusTime":1703835302548,"time":"2023-12-29T12:53:12.621Z","iobWithZeroTemp":{"iob":-0.4,"basaliob":-0.401,"bolussnooze":0,"activity":-0.0045,"lastBolusTime":1703835302548,"time":"2023-12-29T12:53:12.621Z"}},{"iob":-0.003,"basaliob":-0.004,"bolussnooze":0,"activity":0,"lastBolusTime":1703835302548,"time":"2023-12-29T12:58:12.621Z","iobWithZeroTemp":{"iob":-0.403,"basaliob":-0.404,"bolussnooze":0,"activity":-0.0045,"lastBolusTime":1703835302548,"time":"2023-12-29T12:58:12.621Z"}},{"iob":-0.002,"basaliob":-0.003,"bolussnooze":0,"activity":0,"lastBolusTime":1703835302548,"time":"2023-12-29T13:03:12.621Z","iobWithZeroTemp":{"iob":-0.404,"basaliob":-0.405,"bolussnooze":0,"activity":-0.0046,"lastBolusTime":1703835302548,"time":"2023-12-29T13:03:12.621Z"}},{"iob":-0.003,"basaliob":-0.003,"bolussnooze":0,"activity":-1.0E-4,"lastBolusTime":1703835302548,"time":"2023-12-29T13:08:12.621Z","iobWithZeroTemp":{"iob":-0.407,"basaliob":-0.407,"bolussnooze":0,"activity":-0.0047,"lastBolusTime":1703835302548,"time":"2023-12-29T13:08:12.621Z"}},{"iob":-0.002,"basaliob":-0.002,"bolussnooze":0,"activity":-1.0E-4,"lastBolusTime":1703835302548,"time":"2023-12-29T13:13:12.621Z","iobWithZeroTemp":{"iob":-0.408,"basaliob":-0.408,"bolussnooze":0,"activity":-0.0047,"lastBolusTime":1703835302548,"time":"2023-12-29T13:13:12.621Z"}},{"iob":-0.002,"basaliob":-0.002,"bolussnooze":0,"activity":-1.0E-4,"lastBolusTime":1703835302548,"time":"2023-12-29T13:18:12.621Z","iobWithZeroTemp":{"iob":-0.409,"basaliob":-0.409,"bolussnooze":0,"activity":-0.0048,"lastBolusTime":1703835302548,"time":"2023-12-29T13:18:12.621Z"}}],"profile":{"max_iob":10,"type":"current","max_daily_basal":0.35,"max_basal":0.8,"min_bg":135,"max_bg":135,"target_bg":135,"carb_ratio":8.5,"sens":110,"max_daily_safety_multiplier":3,"current_basal_safety_multiplier":4,"lgsThreshold":95,"high_temptarget_raises_sensitivity":true,"low_temptarget_lowers_sensitivity":true,"sensitivity_raises_target":true,"resistance_lowers_target":true,"adv_target_adjustments":false,"exercise_mode":false,"half_basal_exercise_target":160,"maxCOB":120,"skip_neutral_temps":false,"remainingCarbsCap":90,"enableUAM":true,"A52_risk_enable":false,"SMBInterval":3,"enableSMB_with_COB":true,"enableSMB_with_temptarget":true,"allowSMB_with_high_temptarget":false,"enableSMB_always":false,"enableSMB_after_carbs":true,"maxSMBBasalMinutes":45,"maxUAMSMBBasalMinutes":45,"bolus_increment":0.05,"carbsReqThreshold":2,"current_basal":0.2,"temptargetSet":true,"autosens_max":1.3,"autosens_min":0.7,"variable_sens":231.6,"insulinDivisor":75,"TDD":13.06091563095238},"autosens_data":{"ratio":0.9557539719975441},"meal_data":{"carbs":25,"mealCOB":13.443090909090905,"slopeFromMaxDeviation":-0.5609090909090909,"slopeFromMinDeviation":0.47025000000000006,"lastBolusTime":1703835302548,"lastCarbTime":1703841414000},"microBolusAllowed":true,"currentTime":1703841794307,"flatBGsDetected":false,"tdd1D":13.99583333333333,"tdd7D":16.405023809523808,"tddLast24H":15.679166666666662,"tddLast4H":3.1708333333333334,"tddLast8to4H":1.304166666666667},"output":{"temp":"absolute","bg":61,"tick":-3,"eventualBG":335,"targetBG":135,"insulinReq":0,"deliverAt":"2023-12-29T09:23:14.307Z","sensitivityRatio":0.63,"variable_sens":231.6,"predBGs":{"IOB":[61,58,55,52,49,47,44,41,39,39,39,39,39],"ZT":[61,53,45,39,39,39,39,39,39,39,39,39,39,39,39,39,39,39,39,39,39,39,39,39,39,39,39,39,39,43,48,53,57,62,66,70,75,79,83,87,91,95,98,102,106,109,113,116],"COB":[61,59,57,57,57,58,60,63,66,69,74,78,83,89,95,101,107,114,121,129,136,144,152,161,169,178,187,196,205,215,224,233,242,250,258,266,274,281,288,294,301,307,312,317,322,327,331,335],"UAM":[61,58,55,52,48,45,42,39,39,39,39,39,39]},"reason":"COB: 13.4, Dev: 34, BGI: -8, ISF: 232, CR: 8.5, Target: 135, minPredBG 121, minGuardBG 31, IOBpredBG 39, COBpredBG 335, UAMpredBG 39; minGuardBG 31<95","COB":13.443090909090905,"IOB":0.278,"duration":120,"rate":0,"timestamp":"2023-12-29T09:23:14.338Z"}}