{"algorithm":"OpenAPSSMBDynamicISFPlugin","input":{"glucoseStatus":{"glucose":118,"noise":0,"delta":0.78,"short_avgdelta":0.78,"long_avgdelta":-1.32,"date":1703870267000},"currenttemp":{"temp":"absolute","duration":110,"rate":0,"minutesrunning":10},"iob_data":[{"iob":0.2,"basaliob":0.008,"bolussnooze":0,"activity":0.0031,"lastBolusTime":1703867303222,"time":"2023-12-29T17:18:09.779Z","iobWithZeroTemp":{"iob":0.2,"basaliob":0.008,"bolussnooze":0,"activity":0.0031,"lastBolusTime":1703867303222,"time":"2023-12-29T17:18:09.779Z"}},{"iob":0.184,"basaliob":0.006,"bolussnooze":0,"activity":0.0029,"lastBolusTime":1703867303222,"time":"2023-12-29T17:23:09.779Z","iobWithZeroTemp":{"iob":0.177,"basaliob":-0.001,"bolussnooze":0,"activity":0.0029,"lastBolusTime":1703867303222,"time":"2023-12-29T17:23:09.779Z"}},{"iob":0.17,"basaliob":0.004,"bolussnooze":0,"activity":0.0028,"lastBolusTime":1703867303222,"time":"2023-12-29T17:28:09.779Z","iobWithZeroTemp":{"iob":0.155,"basaliob":-0.011,"bolussnooze":0,"activity":0.0028,"lastBolusTime":1703867303222,"time":"2023-12-29T17:28:09.779Z"}},{"iob":0.156,"basaliob":0.003,"bolussnooze":0,"activity":0.0026,"lastBolusTime":1703867303222,"time":"2023-12-29T17:33:09.779Z","iobWithZeroTemp":{"iob":0.133,"basaliob":-0.02,"bolussnooze":0,"activity":0.0025,"lastBolusTime":1703867303222,"time":"2023-12-29T17:33:09.779Z"}},{"iob":0.144,"basaliob":0.002,"bolussnooze":0,"activity":0.0025,"lastBolusTime":1703867303222,"time":"2023-12-29T17:38:09.779Z","iobWithZeroTemp":{"iob":0.113,"basaliob":-0.029,"bolussnooze":0,"activity":0.0024,"lastBolusTime":1703867303222,"time":"2023-12-29T17:38:09.779Z"}},{"iob":0.132,"basaliob":0.001,"bolussnooze":0,"activity":0.0023,"lastBolusTime":1703867303222,"time":"2023-12-29T17:43:09.779Z","iobWithZeroTemp":{"iob":0.094,"basaliob":-0.037,"bolussnooze":0,"activity":0.0021,"lastBolusTime":1703867303222,"time":"2023-12-29T17:43:09.779Z"}},{"iob":0.121,"basaliob":0.001,"bolussnooze":0,"activity":0.0021,"lastBolusTime":1703867303222,"time":"2023-12-29T17:48:09.779Z","iobWithZeroTemp":{"iob":0.075,"basaliob":-0.045,"bolussnooze":0,"activity":0.0019,"lastBolusTime":1703867303222,"time":"2023-12-29T17:48:09.779Z"}},{"iob":0.111,"basaliob":0,"bolussnooze":0,"activity":0.002,"lastBolusTime":1703867303222,"time":"2023-12-29T17:53:09.779Z","iobWithZeroTemp":{"iob":0.058,"basaliob":-0.053,"bolussnooze":0,"activity":0.0017,"lastBolusTime":1703867303222,"time":"2023-12-29T17:53:09.779Z"}},{"iob":0.102,"basaliob":0,"bolussnooze":0,"activity":0.0019,"lastBolusTime":1703867303222,"time":"2023-12-29T17:58:09.779Z","iobWithZeroTemp":{"iob":0.043,"basaliob":-0.059,"bolussnooze":0,"activity":0.0015,"lastBolusTime":1703867303222,"time":"2023-12-29T17:58:09.779Z"}},{"iob":0.092,"basaliob":-0.001,"bolussnooze":0,"activity":0.0017,"lastBolusTime":1703867303222,"time":"2023-12-29T18:03:09.779Z","iobWithZeroTemp":{"iob":0.026,"basaliob":-0.067,"bolussnooze":0,"activity":0.0013,"lastBolusTime":1703867303222,"time":"2023-12-29T18:03:09.779Z"}},{"iob":0.084,"basaliob":-0.001,"bolussnooze":0,"activity":0.0016,"lastBolusTime":1703867303222,"time":"2023-12-29T18:08:09.779Z","iobWithZeroTemp":{"iob":0.012,"basaliob":-0.073,"bolussnooze":0,"activity":0.0011,"lastBolusTime":1703867303222,"time":"2023-12-29T18:08:09.779Z"}},{"iob":0.077,"basaliob":-0.001,"bolussnooze":0,"activity":0.0014,"lastBolusTime":1703867303222,"time":"2023-12-29T18:13:09.779Z","iobWithZeroTemp":{"iob":0,"basaliob":-0.078,"bolussnooze":0,"activity":8.0E-4,"lastBolusTime":1703867303222,"time":"2023-12-29T18:13:09.779Z"}},{"iob":0.07,"basaliob":-0.001,"bolussnooze":0,"activity":0.0013,"lastBolusTime":1703867303222,"time":"2023-12-29T18:18:09.779Z","iobWithZeroTemp":{"iob":-0.012,"basaliob":-0.083,"bolussnooze":0,"activity":6.0E-4,"lastBolusTime":1703867303222,"time":"2023-12-29T18:18:09.779Z"}},{"iob":0.062,"basaliob":-0.002,"bolussnooze":0,"activity":0.0012,"lastBolusTime":1703867303222,"time":"2023-12-29T18:23:09.779Z","iobWithZeroTemp":{"iob":-0.025,"basaliob":-0.089,"bolussnooze":0,"activity":5.0E-4,"lastBolusTime":1703867303222,"time":"2023-12-29T18:23:09.779Z"}},{"iob":0.057,"basaliob":-0.002,"bolussnooze":0,"activity":0.0011,"lastBolusTime":1703867303222,"time":"2023-12-29T18:28:09.779Z","iobWithZeroTemp":{"iob":-0.035,"basaliob":-0.094,"bolussnooze":0,"activity":3.0E-4,"lastBolusTime":1703867303222,"time":"2023-12-29T18:28:09.779Z"}},{"iob":0.051,"basaliob":-0.002,"bolussnooze":0,"activity":0.001,"lastBolusTime":1703867303222,"time":"2023-12-29T18:33:09.779Z","iobWithZeroTemp":{"iob":-0.045,"basaliob":-0.098,"bolussnooze":0,"activity":1.0E-4,"lastBolusTime":1703867303222,"time":"2023-12-29T18:33:09.779Z"}},{"iob":0.046,"basaliob":-0.002,"bolussnooze":0,"activity":0.001,"lastBolusTime":1703867303222,"time":"2023-12-29T18:38:09.779Z","iobWithZeroTemp":{"iob":-0.054,"basaliob":-0.102,"bolussnooze":0,"activity":1.0E-4,"lastBolusTime":1703867303222,"time":"2023-12-29T18:38:09.779Z"}},{"iob":0.042,"basaliob":-0.002,"bolussnooze":0,"activity":9.0E-4,"lastBolusTime":1703867303222,"time":"2023-12-29T18:43:09.779Z","iobWithZeroTemp":{"iob":-0.062,"basaliob":-0.106,"bolussnooze":0,"activity":-1.0E-4,"lastBolusTime":1703867303222,"time":"2023-12-29T18:43:09.779Z"}},{"iob":0.037,"basaliob":-0.002,"bolussnooze":0,"activity":8.0E-4,"lastBolusTime":1703867303222,"time":"2023-12-29T18:48:09.779Z","iobWithZeroTemp":{"iob":-0.07,"basaliob":-0.109,"bolussnooze":0,"activity":-2.0E-4,"lastBolusTime":1703867303222,"time":"2023-12-29T18:48:09.779Z"}},{"iob":0.033,"basaliob":-0.002,"bolussnooze":0,"activity":7.0E-4,"lastBolusTime":1703867303222,"time":"2023-12-29T18:53:09.779Z","iobWithZeroTemp":{"iob":-0.077,"basaliob":-0.112,"bolussnooze":0,"activity":-4.0E-4,"lastBolusTime":1703867303222,"time":"2023-12-29T18:53:09.779Z"}},{"iob":0.03,"basaliob":-0.002,"bolussnooze":0,"activity":7.0E-4,"lastBolusTime":1703867303222,"time":"2023-12-29T18:58:09.779Z","iobWithZeroTemp":{"iob":-0.083,"basaliob":-0.115,"bolussnooze":0,"activity":-4.0E-4,"lastBolusTime":1703867303222,"time":"2023-12-29T18:58:09.779Z"}},{"iob":0.027,"basaliob":-0.002,"bolussnooze":0,"activity":6.0E-4,"lastBolusTime":1703867303222,"time":"2023-12-29T19:03:09.779Z","iobWithZeroTemp":{"iob":-0.109,"basaliob":-0.138,"bolussnooze":0,"activity":-6.0E-4,"lastBolusTime":1703867303222,"time":"2023-12-29T19:03:09.779Z"}},{"iob":0.024,"basaliob":-0.002,"bolussnooze":0,"activity":6.0E-4,"lastBolusTime":1703867303222,"time":"2023-12-29T19:08:09.779Z","iobWithZeroTemp":{"iob":-0.135,"basaliob":-0.161,"bolussnooze":0,"activity":-7.0E-4,"lastBolusTime":1703867303222,"time":"2023-12-29T19:08:09.779Z"}},{"iob":0.021,"basaliob":-0.002,"bolussnooze":0,"activity":5.0E-4,"lastBolusTime":1703867303222,"time":"2023-12-29T19:13:09.779Z","iobWithZeroTemp":{"iob":-0.16,"basaliob":-0.183,"bolussnooze":0,"activity":-9.0E-4,"lastBolusTime":1703867303222,"time":"2023-12-29T19:13:09.779Z"}},{"iob":0.019,"basaliob":-0.002,"bolussnooze":0,"activity":5.0E-4,"lastBolusTime":1703867303222,"time":"2023-12-29T19:18:09.779Z","iobWithZeroTemp":{"iob":-0.184,"basaliob":-0.205,"bolussnooze":0,"activity":-0.0011,"lastBolusTime":1703867303222,"time":"2023-12-29T19:18:09.779Z"}},{"iob":0.017,"basaliob":-0.001,"bolussnooze":0,"activity":4.0E-4,"lastBolusTime":1703867303222,"time":"2023-12-29T19:23:09.779Z","iobWithZeroTemp":{"iob":-0.206,"basaliob":-0.224,"bolussnooze":0,"activity":-0.0014,"lastBolusTime":1703867303222,"time":"2023-12-29T19:23:09.779Z"}},{"iob":0.015,"basaliob":-0.001,"bolussnooze":0,"activity":4.0E-4,"lastBolusTime":1703867303222,"time":"2023-12-29T19:28:09.779Z","iobWithZeroTemp":{"iob":-0.228,"basaliob":-0.244,"bolussnooze":0,"activity":-0.0016,"lastBolusTime":1703867303222,"time":"2023-12-29T19:28:09.779Z"}},{"iob":0.014,"basaliob":-0.001,"bolussnooze":0,"activity":3.0E-4,"lastBolusTime":1703867303222,"time":"2023-12-29T19:33:09.779Z","iobWithZeroTemp":{"iob":-0.248,"basaliob":-0.263,"bolussnooze":0,"activity":-0.0019,"lastBolusTime":1703867303222,"time":"2023-12-29T19:33:09.779Z"}},{"iob":0.012,"basaliob":-0.001,"bolussnooze":0,"activity":3.0E-4,"lastBolusTime":1703867303222,"time":"2023-12-29T19:38:09.779Z","iobWithZeroTemp":{"iob":-0.267,"basaliob":-0.28,"bolussnooze":0,"activity":-0.0021,"lastBolusTime":1703867303222,"time":"2023-12-29T19:38:09.779Z"}},{"iob":0.011,"basaliob":-0.001,"bolussnooze":0,"activity":3.0E-4,"lastBolusTime":1703867303222,"time":"2023-12-29T19:43:09.779Z","iobWithZeroTemp":{"iob":-0.285,"basaliob":-0.297,"bolussnooze":0,"activity":-0.0023,"lastBolusTime":1703867303222,"time":"2023-12-29T19:43:09.779Z"}},{"iob":0.009,"basaliob":-0.001,"bolussnooze":0,"activity":3.0E-4,"lastBolusTime":1703867303222,"time":"2023-12-29T19:48:09.779Z","iobWithZeroTemp":{"iob":-0.303,"basaliob":-0.313,"bolussnooze":0,"activity":-0.0025,"lastBolusTime":1703867303222,"time":"2023-12-29T19:48:09.779Z"}},{"iob":0.008,"basaliob":-0.001,"bolussnooze":0,"activity":2.0E-4,"lastBolusTime":1703867303222,"time":"2023-12-29T19:53:09.779Z","iobWithZeroTemp":{"iob":-0.319,"basaliob":-0.328,"bolussnooze":0,"activity":-0.0028,"lastBolusTime":1703867303222,"time":"2023-12-29T19:53:09.779Z"}},{"iob":0.007,"basaliob":-0.001,"bolussnooze":0,"activity":2.0E-4,"lastBolusTime":1703867303222,"time":"2023-12-29T19:58:09.779Z","iobWithZeroTemp":{"iob":-0.334,"basaliob":-0.342,"bolussnooze":0,"activity":-0.003,"lastBolusTime":1703867303222,"time":"2023-12-29T19:58:09.779Z"}},{"iob":0.006,"basaliob":-0.001,"bolussnooze":0,"activity":2.0E-4,"lastBolusTime":1703867303222,"time":"2023-12-29T20:03:09.779Z","iobWithZeroTemp":{"iob":-0.348,"basaliob":-0.355,"bolussnooze":0,"activity":-0.0031,"lastBolusTime":1703867303222,"time":"2023-12-29T20:03:09.779Z"}},{"iob":0.005,"basaliob":-0.001,"bolussnooze":0,"activity":2.0E-4,"lastBolusTime":1703867303222,"time":"2023-12-29T20:08:09.779Z","iobWithZeroTemp":{"iob":-0.361,"basaliob":-0.367,"bolussnooze":0,"activity":-0.0033,"lastBolusTime":1703867303222,"time":"2023-12-29T20:08:09.779Z"}},{"iob":0.004,"basaliob":-0.001,"bolussnooze":0,"activity":1.0E-4,"lastBolusTime":1703867303222,"time":"2023-12-29T20:13:09.779Z","iobWithZeroTemp":{"iob":-0.373,"basaliob":-0.378,"bolussnooze":0,"activity":-0.0036,"lastBolusTime":1703867303222,"time":"2023-12-29T20:13:09.779Z"}},{"iob":0.004,"basaliob":-0.001,"bolussnooze":0,"activity":1.0E-4,"lastBolusTime":1703867303222,"time":"2023-12-29T20:18:09.779Z","iobWithZeroTemp":{"iob":-0.383,"basaliob":-0.388,"bolussnooze":0,"activity":-0.0037,"lastBolusTime":1703867303222,"time":"2023-12-29T20:18:09.779Z"}},{"iob":0.003,"basaliob":-0.001,"bolussnooze":0,"activity":1.0E-4,"lastBolusTime":1703867303222,"time":"2023-12-29T20:23:09.779Z","iobWithZeroTemp":{"iob":-0.394,"basaliob":-0.398,"bolussnooze":0,"activity":-0.0039,"lastBolusTime":1703867303222,"time":"2023-12-29T20:23:09.779Z"}},{"iob":0.003,"basaliob":-0.001,"bolussnooze":0,"activity":1.0E-4,"lastBolusTime":1703867303222,"time":"2023-12-29T20:28:09.779Z","iobWithZeroTemp":{"iob":-0.402,"basaliob":-0.406,"bolussnooze":0,"activity":-0.004,"lastBolusTime":1703867303222,"time":"2023-12-29T20:28:09.779Z"}},{"iob":0.002,"basaliob":-0.001,"bolussnooze":0,"activity":1.0E-4,"lastBolusTime":1703867303222,"time":"2023-12-29T20:33:09.779Z","iobWithZeroTemp":{"iob":-0.411,"basaliob":-0.414,"bolussnooze":0,"activity":-0.0042,"lastBolusTime":1703867303222,"time":"2023-12-29T20:33:09.779Z"}},{"iob":0.002,"basaliob":-0.001,"bolussnooze":0,"activity":1.0E-4,"lastBolusTime":1703867303222,"time":"2023-12-29T20:38:09.779Z","iobWithZeroTemp":{"iob":-0.419,"basaliob":-0.422,"bolussnooze":0,"activity":-0.0043,"lastBolusTime":1703867303222,"time":"2023-12-29T20:38:09.779Z"}},{"iob":0.001,"basaliob":-0.001,"bolussnooze":0,"activity":1.0E-4,"lastBolusTime":1703867303222,"time":"2023-12-29T20:43:09.779Z","iobWithZeroTemp":{"iob":-0.427,"basaliob":-0.429,"bolussnooze":0,"activity":-0.0044,"lastBolusTime":1703867303222,"time":"2023-12-29T20:43:09.779Z"}},{"iob":0.001,"basaliob":-0.001,"bolussnooze":0,"activity":1.0E-4,"lastBolusTime":1703867303222,"time":"2023-12-29T20:48:09.779Z","iobWithZeroTemp":{"iob":-0.433,"basaliob":-0.435,"bolussnooze":0,"activity":-0.0045,"lastBolusTime":1703867303222,"time":"2023-12-29T20:48:09.779Z"}},{"iob":0.002,"basaliob":0,"bolussnooze":0,"activity":1.0E-4,"lastBolusTime":1703867303222,"time":"2023-12-29T20:53:09.779Z","iobWithZeroTemp":{"iob":-0.438,"basaliob":-0.44,"bolussnooze":0,"activity":-0.0046,"lastBolusTime":1703867303222,"time":"2023-12-29T20:53:09.779Z"}},{"iob":0.001,"basaliob":0,"bolussnooze":0,"activity":0,"lastBolusTime":1703867303222,"time":"2023-12-29T20:58:09.779Z","iobWithZeroTemp":{"iob":-0.444,"basaliob":-0.445,"bolussnooze":0,"activity":-0.0048,"lastBolusTime":1703867303222,"time":"2023-12-29T20:58:09.779Z"}},{"iob":0.001,"basaliob":0,"bolussnooze":0,"activity":0,"lastBolusTime":1703867303222,"time":"2023-12-29T21:03:09.779Z","iobWithZeroTemp":{"iob":-0.449,"basaliob":-0.45,"bolussnooze":0,"activity":-0.0049,"lastBolusTime":1703867303222,"time":"2023-12-29T21:03:09.779Z"}},{"iob":0.001,"basaliob":0,"bolussnooze":0,"activity":0,"lastBolusTime":1703867303222,"time":"2023-12-29T21:08:09.779Z","iobWithZeroTemp":{"iob":-0.453,"basaliob":-0.454,"bolussnooze":0,"activity":-0.005,"lastBolusTime":1703867303222,"time":"2023-12-29T21:08:09.779Z"}},{"iob":0.001,"basaliob":0,"bolussnooze":0,"activity":0,"lastBolusTime":1703867303222,"time":"2023-12-29T21:13:09.779Z","iobWithZeroTemp":{"iob":-0.457,"basaliob":-0.458,"bolussnooze":0,"activity":-0.0051,"lastBolusTime":1703867303222,"time":"2023-12-29T21:13:09.779Z"}}],"profile":{"max_iob":10,"type":"current","max_daily_basal":0.35,"max_basal":0.4,"min_bg":90,"max_bg":90,"target_bg":90,"carb_ratio":8.5,"sens":110,"max_daily_safety_multiplier":3,"current_basal_safety_multiplier":4,"lgsThreshold":95,"high_temptarget_raises_sensitivity":true,"low_temptarget_lowers_sensitivity":true,"sensitivity_raises_target":true,"resistance_lowers_target":true,"adv_target_adjustments":false,"exercise_mode":false,"half_basal_exercise_target":160,"maxCOB":120,"skip_neutral_temps":false,"remainingCarbsCap":90,"enableUAM":true,"A52_risk_enable":false,"SMBInterval":3,"enableSMB_with_COB":true,"enableSMB_with_temptarget":true,"allowSMB_with_high_temptarget":false,"enableSMB_always":false,"enableSMB_after_carbs":true,"maxSMBBasalMinutes":45,"maxUAMSMBBasalMinutes":45,"bolus_increment":0.05,"carbsReqThreshold":2,"current_basal":0.1,"temptargetSet":false,"autosens_max":1.3,"autosens_min":0.7,"variable_sens":164.9,"insulinDivisor":75,"TDD":11.549020630952379},"autosens_data":{"ratio":0.8587308475481523},"meal_data":{"carbs":0,"mealCOB":0,"slopeFromMaxDeviation":-0.5263636363636365,"slopeFromMinDeviation":0.9125714285714286,"lastBolusTime":1703867303222,"lastCarbTime":0},"microBolusAllowed":true,"currentTime":1703870291817,"flatBGsDetected":false,"tdd1D":13.99583333333333,"tdd7D":16.405023809523808,"tddLast24H":14.087499999999999,"tddLast4H":1.1,"tddLast8to4H":3.141666666666667},"output":{"temp":"absolute","bg":118,"tick":"+1","eventualBG":105,"targetBG":95,"insulinReq":0,"deliverAt":"2023-12-29T17:18:11.817Z","sensitivityRatio":0.8587308475481523,"variable_sens":164.9,"predBGs":{"IOB":[118,118,119,119,119,119,119,118,118,117,116,115,114,113,112,111,110,109,108,108,107,107,106,105,105,105,104,104,104,103,103,103,103,102,102,102,102,102,102,102,102,102,101],"ZT":[118,115,113,111,108,106,105,103,101,100,99,98,97,96,96,96,96,95,96,96,96,97,97],"UAM":[118,118,118,117,116,115,113,111,110,108,107,105,104,103,102,101,100,99,98,97,97,96,95,95,94,94,94,93,93,93,92,92,92,92,91,91,91,91,91,91,91,91,90]},"reason":"COB: 0, Dev: 20, BGI: -3, ISF: 165, CR: 8.5, Target: 95, minPredBG 96, minGuardBG 90, IOBpredBG 101, UAMpredBG 90; minGuardBG 90<95 110m left and 0 ~ req 0U\/hr: no temp required","COB":0,"IOB":0.2,"timestamp":"2023-12-29T17:18:11.848Z"}}