{"algorithm":"OpenAPSSMBDynamicISFPlugin","input":{"glucoseStatus":{"glucose":88,"noise":0,"delta":-0.89,"short_avgdelta":-0.89,"long_avgdelta":-0.75,"date":1703746363000},"currenttemp":{"temp":"absolute","duration":5,"rate":0,"minutesrunning":25},"iob_data":[{"iob":-0.189,"basaliob":-0.189,"bolussnooze":0,"activity":-0.0013,"lastBolusTime":0,"time":"2023-12-28T06:53:09.830Z","iobWithZeroTemp":{"iob":-0.189,"basaliob":-0.189,"bolussnooze":0,"activity":-0.0013,"lastBolusTime":0,"time":"2023-12-28T06:53:09.830Z"}},{"iob":-0.182,"basaliob":-0.182,"bolussnooze":0,"activity":-0.0015,"lastBolusTime":0,"time":"2023-12-28T06:58:09.830Z","iobWithZeroTemp":{"iob":-0.202,"basaliob":-0.202,"bolussnooze":0,"activity":-0.0015,"lastBolusTime":0,"time":"2023-12-28T06:58:09.830Z"}},{"iob":-0.174,"basaliob":-0.174,"bolussnooze":0,"activity":-0.0016,"lastBolusTime":0,"time":"2023-12-28T07:03:09.830Z","iobWithZeroTemp":{"iob":-0.219,"basaliob":-0.219,"bolussnooze":0,"activity":-0.0017,"lastBolusTime":0,"time":"2023-12-28T07:03:09.830Z"}},{"iob":-0.166,"basaliob":-0.166,"bolussnooze":0,"activity":-0.0017,"lastBolusTime":0,"time":"2023-12-28T07:08:09.830Z","iobWithZeroTemp":{"iob":-0.235,"basaliob":-0.235,"bolussnooze":0,"activity":-0.0019,"lastBolusTime":0,"time":"2023-12-28T07:08:09.830Z"}},{"iob":-0.158,"basaliob":-0.158,"bolussnooze":0,"activity":-0.0017,"lastBolusTime":0,"time":"2023-12-28T07:13:09.830Z","iobWithZeroTemp":{"iob":-0.251,"basaliob":-0.251,"bolussnooze":0,"activity":-0.0021,"lastBolusTime":0,"time":"2023-12-28T07:13:09.830Z"}},{"iob":-0.149,"basaliob":-0.149,"bolussnooze":0,"activity":-0.0017,"lastBolusTime":0,"time":"2023-12-28T07:18:09.830Z","iobWithZeroTemp":{"iob":-0.264,"basaliob":-0.264,"bolussnooze":0,"activity":-0.0022,"lastBolusTime":0,"time":"2023-12-28T07:18:09.830Z"}},{"iob":-0.14,"basaliob":-0.14,"bolussnooze":0,"activity":-0.0017,"lastBolusTime":0,"time":"2023-12-28T07:23:09.830Z","iobWithZeroTemp":{"iob":-0.277,"basaliob":-0.277,"bolussnooze":0,"activity":-0.0024,"lastBolusTime":0,"time":"2023-12-28T07:23:09.830Z"}},{"iob":-0.132,"basaliob":-0.132,"bolussnooze":0,"activity":-0.0017,"lastBolusTime":0,"time":"2023-12-28T07:28:09.830Z","iobWithZeroTemp":{"iob":-0.29,"basaliob":-0.29,"bolussnooze":0,"activity":-0.0026,"lastBolusTime":0,"time":"2023-12-28T07:28:09.830Z"}},{"iob":-0.123,"basaliob":-0.123,"bolussnooze":0,"activity":-0.0017,"lastBolusTime":0,"time":"2023-12-28T07:33:09.830Z","iobWithZeroTemp":{"iob":-0.301,"basaliob":-0.301,"bolussnooze":0,"activity":-0.0028,"lastBolusTime":0,"time":"2023-12-28T07:33:09.830Z"}},{"iob":-0.115,"basaliob":-0.115,"bolussnooze":0,"activity":-0.0016,"lastBolusTime":0,"time":"2023-12-28T07:38:09.830Z","iobWithZeroTemp":{"iob":-0.312,"basaliob":-0.312,"bolussnooze":0,"activity":-0.0029,"lastBolusTime":0,"time":"2023-12-28T07:38:09.830Z"}},{"iob":-0.107,"basaliob":-0.107,"bolussnooze":0,"activity":-0.0016,"lastBolusTime":0,"time":"2023-12-28T07:43:09.830Z","iobWithZeroTemp":{"iob":-0.322,"basaliob":-0.322,"bolussnooze":0,"activity":-0.0032,"lastBolusTime":0,"time":"2023-12-28T07:43:09.830Z"}},{"iob":-0.099,"basaliob":-0.099,"bolussnooze":0,"activity":-0.0015,"lastBolusTime":0,"time":"2023-12-28T07:48:09.830Z","iobWithZeroTemp":{"iob":-0.331,"basaliob":-0.331,"bolussnooze":0,"activity":-0.0033,"lastBolusTime":0,"time":"2023-12-28T07:48:09.830Z"}},{"iob":-0.092,"basaliob":-0.092,"bolussnooze":0,"activity":-0.0014,"lastBolusTime":0,"time":"2023-12-28T07:53:09.830Z","iobWithZeroTemp":{"iob":-0.339,"basaliob":-0.339,"bolussnooze":0,"activity":-0.0034,"lastBolusTime":0,"time":"2023-12-28T07:53:09.830Z"}},{"iob":-0.085,"basaliob":-0.085,"bolussnooze":0,"activity":-0.0014,"lastBolusTime":0,"time":"2023-12-28T07:58:09.830Z","iobWithZeroTemp":{"iob":-0.347,"basaliob":-0.347,"bolussnooze":0,"activity":-0.0036,"lastBolusTime":0,"time":"2023-12-28T07:58:09.830Z"}},{"iob":-0.078,"basaliob":-0.078,"bolussnooze":0,"activity":-0.0013,"lastBolusTime":0,"time":"2023-12-28T08:03:09.830Z","iobWithZeroTemp":{"iob":-0.354,"basaliob":-0.354,"bolussnooze":0,"activity":-0.0037,"lastBolusTime":0,"time":"2023-12-28T08:03:09.830Z"}},{"iob":-0.072,"basaliob":-0.072,"bolussnooze":0,"activity":-0.0012,"lastBolusTime":0,"time":"2023-12-28T08:08:09.830Z","iobWithZeroTemp":{"iob":-0.36,"basaliob":-0.36,"bolussnooze":0,"activity":-0.0038,"lastBolusTime":0,"time":"2023-12-28T08:08:09.830Z"}},{"iob":-0.066,"basaliob":-0.066,"bolussnooze":0,"activity":-0.0011,"lastBolusTime":0,"time":"2023-12-28T08:13:09.830Z","iobWithZeroTemp":{"iob":-0.366,"basaliob":-0.366,"bolussnooze":0,"activity":-0.0038,"lastBolusTime":0,"time":"2023-12-28T08:13:09.830Z"}},{"iob":-0.061,"basaliob":-0.061,"bolussnooze":0,"activity":-0.0011,"lastBolusTime":0,"time":"2023-12-28T08:18:09.830Z","iobWithZeroTemp":{"iob":-0.372,"basaliob":-0.372,"bolussnooze":0,"activity":-0.004,"lastBolusTime":0,"time":"2023-12-28T08:18:09.830Z"}},{"iob":-0.056,"basaliob":-0.056,"bolussnooze":0,"activity":-0.001,"lastBolusTime":0,"time":"2023-12-28T08:23:09.830Z","iobWithZeroTemp":{"iob":-0.377,"basaliob":-0.377,"bolussnooze":0,"activity":-0.0041,"lastBolusTime":0,"time":"2023-12-28T08:23:09.830Z"}},{"iob":-0.051,"basaliob":-0.051,"bolussnooze":0,"activity":-9.0E-4,"lastBolusTime":0,"time":"2023-12-28T08:28:09.830Z","iobWithZeroTemp":{"iob":-0.381,"basaliob":-0.381,"bolussnooze":0,"activity":-0.0041,"lastBolusTime":0,"time":"2023-12-28T08:28:09.830Z"}},{"iob":-0.047,"basaliob":-0.047,"bolussnooze":0,"activity":-9.0E-4,"lastBolusTime":0,"time":"2023-12-28T08:33:09.830Z","iobWithZeroTemp":{"iob":-0.386,"basaliob":-0.386,"bolussnooze":0,"activity":-0.0043,"lastBolusTime":0,"time":"2023-12-28T08:33:09.830Z"}},{"iob":-0.042,"basaliob":-0.042,"bolussnooze":0,"activity":-8.0E-4,"lastBolusTime":0,"time":"2023-12-28T08:38:09.830Z","iobWithZeroTemp":{"iob":-0.389,"basaliob":-0.389,"bolussnooze":0,"activity":-0.0043,"lastBolusTime":0,"time":"2023-12-28T08:38:09.830Z"}},{"iob":-0.039,"basaliob":-0.039,"bolussnooze":0,"activity":-7.0E-4,"lastBolusTime":0,"time":"2023-12-28T08:43:09.830Z","iobWithZeroTemp":{"iob":-0.393,"basaliob":-0.393,"bolussnooze":0,"activity":-0.0043,"lastBolusTime":0,"time":"2023-12-28T08:43:09.830Z"}},{"iob":-0.035,"basaliob":-0.035,"bolussnooze":0,"activity":-7.0E-4,"lastBolusTime":0,"time":"2023-12-28T08:48:09.830Z","iobWithZeroTemp":{"iob":-0.396,"basaliob":-0.396,"bolussnooze":0,"activity":-0.0044,"lastBolusTime":0,"time":"2023-12-28T08:48:09.830Z"}},{"iob":-0.032,"basaliob":-0.032,"bolussnooze":0,"activity":-6.0E-4,"lastBolusTime":0,"time":"2023-12-28T08:53:09.830Z","iobWithZeroTemp":{"iob":-0.399,"basaliob":-0.399,"bolussnooze":0,"activity":-0.0045,"lastBolusTime":0,"time":"2023-12-28T08:53:09.830Z"}},{"iob":-0.029,"basaliob":-0.029,"bolussnooze":0,"activity":-6.0E-4,"lastBolusTime":0,"time":"2023-12-28T08:58:09.830Z","iobWithZeroTemp":{"iob":-0.401,"basaliob":-0.401,"bolussnooze":0,"activity":-0.0046,"lastBolusTime":0,"time":"2023-12-28T08:58:09.830Z"}},{"iob":-0.026,"basaliob":-0.026,"bolussnooze":0,"activity":-5.0E-4,"lastBolusTime":0,"time":"2023-12-28T09:03:09.830Z","iobWithZeroTemp":{"iob":-0.399,"basaliob":-0.399,"bolussnooze":0,"activity":-0.0045,"lastBolusTime":0,"time":"2023-12-28T09:03:09.830Z"}},{"iob":-0.024,"basaliob":-0.024,"bolussnooze":0,"activity":-5.0E-4,"lastBolusTime":0,"time":"2023-12-28T09:08:09.830Z","iobWithZeroTemp":{"iob":-0.398,"basaliob":-0.398,"bolussnooze":0,"activity":-0.0046,"lastBolusTime":0,"time":"2023-12-28T09:08:09.830Z"}},{"iob":-0.021,"basaliob":-0.021,"bolussnooze":0,"activity":-4.0E-4,"lastBolusTime":0,"time":"2023-12-28T09:13:09.830Z","iobWithZeroTemp":{"iob":-0.395,"basaliob":-0.395,"bolussnooze":0,"activity":-0.0046,"lastBolusTime":0,"time":"2023-12-28T09:13:09.830Z"}},{"iob":-0.019,"basaliob":-0.019,"bolussnooze":0,"activity":-4.0E-4,"lastBolusTime":0,"time":"2023-12-28T09:18:09.830Z","iobWithZeroTemp":{"iob":-0.393,"basaliob":-0.393,"bolussnooze":0,"activity":-0.0046,"lastBolusTime":0,"time":"2023-12-28T09:18:09.830Z"}},{"iob":-0.017,"basaliob":-0.017,"bolussnooze":0,"activity":-4.0E-4,"lastBolusTime":0,"time":"2023-12-28T09:23:09.830Z","iobWithZeroTemp":{"iob":-0.39,"basaliob":-0.39,"bolussnooze":0,"activity":-0.0047,"lastBolusTime":0,"time":"2023-12-28T09:23:09.830Z"}},{"iob":-0.016,"basaliob":-0.016,"bolussnooze":0,"activity":-3.0E-4,"lastBolusTime":0,"time":"2023-12-28T09:28:09.830Z","iobWithZeroTemp":{"iob":-0.389,"basaliob":-0.389,"bolussnooze":0,"activity":-0.0046,"lastBolusTime":0,"time":"2023-12-28T09:28:09.830Z"}},{"iob":-0.014,"basaliob":-0.014,"bolussnooze":0,"activity":-3.0E-4,"lastBolusTime":0,"time":"2023-12-28T09:33:09.830Z","iobWithZeroTemp":{"iob":-0.386,"basaliob":-0.386,"bolussnooze":0,"activity":-0.0046,"lastBolusTime":0,"time":"2023-12-28T09:33:09.830Z"}},{"iob":-0.012,"basaliob":-0.012,"bolussnooze":0,"activity":-3.0E-4,"lastBolusTime":0,"time":"2023-12-28T09:38:09.830Z","iobWithZeroTemp":{"iob":-0.383,"basaliob":-0.383,"bolussnooze":0,"activity":-0.0046,"lastBolusTime":0,"time":"2023-12-28T09:38:09.830Z"}},{"iob":-0.011,"basaliob":-0.011,"bolussnooze":0,"activity":-2.0E-4,"lastBolusTime":0,"time":"2023-12-28T09:43:09.830Z","iobWithZeroTemp":{"iob":-0.381,"basaliob":-0.381,"bolussnooze":0,"activity":-0.0045,"lastBolusTime":0,"time":"2023-12-28T09:43:09.830Z"}},{"iob":-0.01,"basaliob":-0.01,"bolussnooze":0,"activity":-2.0E-4,"lastBolusTime":0,"time":"2023-12-28T09:48:09.830Z","iobWithZeroTemp":{"iob":-0.379,"basaliob":-0.379,"bolussnooze":0,"activity":-0.0046,"lastBolusTime":0,"time":"2023-12-28T09:48:09.830Z"}},{"iob":-0.009,"basaliob":-0.009,"bolussnooze":0,"activity":-2.0E-4,"lastBolusTime":0,"time":"2023-12-28T09:53:09.830Z","iobWithZeroTemp":{"iob":-0.377,"basaliob":-0.377,"bolussnooze":0,"activity":-0.0046,"lastBolusTime":0,"time":"2023-12-28T09:53:09.830Z"}},{"iob":-0.008,"basaliob":-0.008,"bolussnooze":0,"activity":-2.0E-4,"lastBolusTime":0,"time":"2023-12-28T09:58:09.830Z","iobWithZeroTemp":{"iob":-0.376,"basaliob":-0.376,"bolussnooze":0,"activity":-0.0046,"lastBolusTime":0,"time":"2023-12-28T09:58:09.830Z"}},{"iob":-0.007,"basaliob":-0.007,"bolussnooze":0,"activity":-2.0E-4,"lastBolusTime":0,"time":"2023-12-28T10:03:09.830Z","iobWithZeroTemp":{"iob":-0.374,"basaliob":-0.374,"bolussnooze":0,"activity":-0.0046,"lastBolusTime":0,"time":"2023-12-28T10:03:09.830Z"}},{"iob":-0.006,"basaliob":-0.006,"bolussnooze":0,"activity":-2.0E-4,"lastBolusTime":0,"time":"2023-12-28T10:08:09.830Z","iobWithZeroTemp":{"iob":-0.372,"basaliob":-0.372,"bolussnooze":0,"activity":-0.0046,"lastBolusTime":0,"time":"2023-12-28T10:08:09.830Z"}},{"iob":-0.005,"basaliob":-0.005,"bolussnooze":0,"activity":-1.0E-4,"lastBolusTime":0,"time":"2023-12-28T10:13:09.830Z","iobWithZeroTemp":{"iob":-0.37,"basaliob":-0.37,"bolussnooze":0,"activity":-0.0045,"lastBolusTime":0,"time":"2023-12-28T10:13:09.830Z"}},{"iob":-0.005,"basaliob":-0.005,"bolussnooze":0,"activity":-1.0E-4,"lastBolusTime":0,"time":"2023-12-28T10:18:09.830Z","iobWithZeroTemp":{"iob":-0.369,"basaliob":-0.369,"bolussnooze":0,"activity":-0.0045,"lastBolusTime":0,"time":"2023-12-28T10:18:09.830Z"}},{"iob":-0.004,"basaliob":-0.004,"bolussnooze":0,"activity":-1.0E-4,"lastBolusTime":0,"time":"2023-12-28T10:23:09.830Z","iobWithZeroTemp":{"iob":-0.367,"basaliob":-0.367,"bolussnooze":0,"activity":-0.0044,"lastBolusTime":0,"time":"2023-12-28T10:23:09.830Z"}},{"iob":-0.004,"basaliob":-0.004,"bolussnooze":0,"activity":-1.0E-4,"lastBolusTime":0,"time":"2023-12-28T10:28:09.830Z","iobWithZeroTemp":{"iob":-0.366,"basaliob":-0.366,"bolussnooze":0,"activity":-0.0044,"lastBolusTime":0,"time":"2023-12-28T10:28:09.830Z"}},{"iob":-0.003,"basaliob":-0.003,"bolussnooze":0,"activity":-1.0E-4,"lastBolusTime":0,"time":"2023-12-28T10:33:09.830Z","iobWithZeroTemp":{"iob":-0.364,"basaliob":-0.364,"bolussnooze":0,"activity":-0.0044,"lastBolusTime":0,"time":"2023-12-28T10:33:09.830Z"}},{"iob":-0.003,"basaliob":-0.003,"bolussnooze":0,"activity":-1.0E-4,"lastBolusTime":0,"time":"2023-12-28T10:38:09.830Z","iobWithZeroTemp":{"iob":-0.363,"basaliob":-0.363,"bolussnooze":0,"activity":-0.0044,"lastBolusTime":0,"time":"2023-12-28T10:38:09.830Z"}},{"iob":-0.002,"basaliob":-0.002,"bolussnooze":0,"activity":-1.0E-4,"lastBolusTime":0,"time":"2023-12-28T10:43:09.830Z","iobWithZeroTemp":{"iob":-0.362,"basaliob":-0.362,"bolussnooze":0,"activity":-0.0044,"lastBolusTime":0,"time":"2023-12-28T10:43:09.830Z"}},{"iob":-0.002,"basaliob":-0.002,"bolussnooze":0,"activity":-1.0E-4,"lastBolusTime":0,"time":"2023-12-28T10:48:09.830Z","iobWithZeroTemp":{"iob":-0.361,"basaliob":-0.361,"bolussnooze":0,"activity":-0.0044,"lastBolusTime":0,"time":"2023-12-28T10:48:09.830Z"}}],"profile":{"max_iob":10,"type":"current","max_daily_basal":0.35,"max_basal":1.05,"min_bg":95,"max_bg":95,"target_bg":95,"carb_ratio":8.2,"sens":110,"max_daily_safety_multiplier":3,"current_basal_safety_multiplier":4,"lgsThreshold":95,"high_temptarget_raises_sensitivity":true,"low_temptarget_lowers_sensitivity":true,"sensitivity_raises_target":true,"resistance_lowers_target":true,"adv_target_adjustments":false,"exercise_mode":false,"half_basal_exercise_target":160,"maxCOB":120,"skip_neutral_temps":false,"remainingCarbsCap":90,"enableUAM":true,"A52_risk_enable":false,"SMBInterval":3,"enableSMB_with_COB":true,"enableSMB_with_temptarget":true,"allowSMB_with_high_temptarget":false,"enableSMB_always":false,"enableSMB_after_carbs":true,"maxSMBBasalMinutes":30,"maxUAMSMBBasalMinutes":45,"bolus_increment":0.05,"carbsReqThreshold":2,"current_basal":0.3,"temptargetSet":false,"autosens_max":1.3,"autosens_min":0.7,"variable_sens":214.2,"insulinDivisor":75,"TDD":10.824907148809524},"autosens_data":{"ratio":0.9992316084184754},"meal_data":{"carbs":0,"mealCOB":0,"slopeFromMaxDeviation":-0.1286363636363636,"slopeFromMinDeviation":0.3410000000000001,"lastBolusTime":1703717591088,"lastCarbTime":0},"microBolusAllowed":true,"currentTime":1703746391215,"flatBGsDetected":false,"tdd1D":17.627083333333335,"tdd7D":16.608595238095237,"tddLast24H":16.595833333333335,"tddLast4H":0.5958333333333333,"tddLast8to4H":0.7499999999999998},"output":{"temp":"absolute","bg":88,"tick":-1,"eventualBG":115,"targetBG":95,"insulinReq":0,"deliverAt":"2023-12-28T06:53:11.215Z","sensitivityRatio":0.9992316084184754,"variable_sens":214.2,"predBGs":{"IOB":[88,87,87,87,87,88,88,89,90,92,93,94,96,97,99,100,101,102,103,104,105,106,107,107,108,109,109,110,110,110,111,111,111,112,112,112,112,112,113,113,113,113,113,113,113,113,114],"ZT":[88,89,91,93,95,97,99]},"reason":"COB: 0, Dev: -13, BGI: 1, ISF: 214, CR: 8.2, Target: 95, minPredBG 103, minGuardBG 87, IOBpredBG 114; minGuardBG 87<95","COB":0,"IOB":-0.189,"duration":30,"rate":0,"timestamp":"2023-12-28T06:53:11.242Z"}}