{"algorithm":"OpenAPSSMBDynamicISFPlugin","input":{"glucoseStatus":{"glucose":86,"noise":0,"delta":-7.61,"short_avgdelta":-7.61,"long_avgdelta":-4.82,"date":1703882267000},"currenttemp":{"temp":"absolute","duration":105,"rate":0,"minutesrunning":15},"iob_data":[{"iob":1.578,"basaliob":-0.383,"bolussnooze":0.7854,"activity":0.0225,"lastBolusTime":1703879448213,"time":"2023-12-29T20:38:11.376Z","iobWithZeroTemp":{"iob":1.578,"basaliob":-0.383,"bolussnooze":0.7854,"activity":0.0225,"lastBolusTime":1703879448213,"time":"2023-12-29T20:38:11.376Z"}},{"iob":1.468,"basaliob":-0.363,"bolussnooze":0.6609,"activity":0.0216,"lastBolusTime":1703879448213,"time":"2023-12-29T20:43:11.376Z","iobWithZeroTemp":{"iob":1.445,"basaliob":-0.386,"bolussnooze":0.6609,"activity":0.0216,"lastBolusTime":1703879448213,"time":"2023-12-29T20:43:11.376Z"}},{"iob":1.362,"basaliob":-0.343,"bolussnooze":0.5525,"activity":0.0207,"lastBolusTime":1703879448213,"time":"2023-12-29T20:48:11.376Z","iobWithZeroTemp":{"iob":1.31,"basaliob":-0.395,"bolussnooze":0.5525,"activity":0.0206,"lastBolusTime":1703879448213,"time":"2023-12-29T20:48:11.376Z"}},{"iob":1.261,"basaliob":-0.323,"bolussnooze":0.4588,"activity":0.0197,"lastBolusTime":1703879448213,"time":"2023-12-29T20:53:11.376Z","iobWithZeroTemp":{"iob":1.18,"basaliob":-0.404,"bolussnooze":0.4588,"activity":0.0195,"lastBolusTime":1703879448213,"time":"2023-12-29T20:53:11.376Z"}},{"iob":1.165,"basaliob":-0.303,"bolussnooze":0.3787,"activity":0.0186,"lastBolusTime":1703879448213,"time":"2023-12-29T20:58:11.376Z","iobWithZeroTemp":{"iob":1.057,"basaliob":-0.411,"bolussnooze":0.3787,"activity":0.0182,"lastBolusTime":1703879448213,"time":"2023-12-29T20:58:11.376Z"}},{"iob":1.074,"basaliob":-0.284,"bolussnooze":0.3106,"activity":0.0176,"lastBolusTime":1703879448213,"time":"2023-12-29T21:03:11.376Z","iobWithZeroTemp":{"iob":0.939,"basaliob":-0.419,"bolussnooze":0.3106,"activity":0.017,"lastBolusTime":1703879448213,"time":"2023-12-29T21:03:11.376Z"}},{"iob":0.988,"basaliob":-0.265,"bolussnooze":0.2531,"activity":0.0166,"lastBolusTime":1703879448213,"time":"2023-12-29T21:08:11.376Z","iobWithZeroTemp":{"iob":0.828,"basaliob":-0.425,"bolussnooze":0.2531,"activity":0.0158,"lastBolusTime":1703879448213,"time":"2023-12-29T21:08:11.376Z"}},{"iob":0.909,"basaliob":-0.246,"bolussnooze":0.2049,"activity":0.0156,"lastBolusTime":1703879448213,"time":"2023-12-29T21:13:11.376Z","iobWithZeroTemp":{"iob":0.724,"basaliob":-0.431,"bolussnooze":0.2049,"activity":0.0145,"lastBolusTime":1703879448213,"time":"2023-12-29T21:13:11.376Z"}},{"iob":0.833,"basaliob":-0.229,"bolussnooze":0.1648,"activity":0.0145,"lastBolusTime":1703879448213,"time":"2023-12-29T21:18:11.376Z","iobWithZeroTemp":{"iob":0.625,"basaliob":-0.437,"bolussnooze":0.1648,"activity":0.0132,"lastBolusTime":1703879448213,"time":"2023-12-29T21:18:11.376Z"}},{"iob":0.762,"basaliob":-0.212,"bolussnooze":0.1316,"activity":0.0136,"lastBolusTime":1703879448213,"time":"2023-12-29T21:23:11.376Z","iobWithZeroTemp":{"iob":0.532,"basaliob":-0.442,"bolussnooze":0.1316,"activity":0.012,"lastBolusTime":1703879448213,"time":"2023-12-29T21:23:11.376Z"}},{"iob":0.697,"basaliob":-0.196,"bolussnooze":0.1043,"activity":0.0127,"lastBolusTime":1703879448213,"time":"2023-12-29T21:28:11.376Z","iobWithZeroTemp":{"iob":0.446,"basaliob":-0.447,"bolussnooze":0.1043,"activity":0.0109,"lastBolusTime":1703879448213,"time":"2023-12-29T21:28:11.376Z"}},{"iob":0.636,"basaliob":-0.18,"bolussnooze":0.0819,"activity":0.0117,"lastBolusTime":1703879448213,"time":"2023-12-29T21:33:11.376Z","iobWithZeroTemp":{"iob":0.366,"basaliob":-0.45,"bolussnooze":0.0819,"activity":0.0096,"lastBolusTime":1703879448213,"time":"2023-12-29T21:33:11.376Z"}},{"iob":0.579,"basaliob":-0.166,"bolussnooze":0.0638,"activity":0.0109,"lastBolusTime":1703879448213,"time":"2023-12-29T21:38:11.376Z","iobWithZeroTemp":{"iob":0.29,"basaliob":-0.455,"bolussnooze":0.0638,"activity":0.0086,"lastBolusTime":1703879448213,"time":"2023-12-29T21:38:11.376Z"}},{"iob":0.526,"basaliob":-0.153,"bolussnooze":0.0492,"activity":0.0101,"lastBolusTime":1703879448213,"time":"2023-12-29T21:43:11.376Z","iobWithZeroTemp":{"iob":0.22,"basaliob":-0.459,"bolussnooze":0.0492,"activity":0.0076,"lastBolusTime":1703879448213,"time":"2023-12-29T21:43:11.376Z"}},{"iob":0.478,"basaliob":-0.14,"bolussnooze":0.0374,"activity":0.0093,"lastBolusTime":1703879448213,"time":"2023-12-29T21:48:11.376Z","iobWithZeroTemp":{"iob":0.156,"basaliob":-0.462,"bolussnooze":0.0374,"activity":0.0065,"lastBolusTime":1703879448213,"time":"2023-12-29T21:48:11.376Z"}},{"iob":0.434,"basaliob":-0.128,"bolussnooze":0.0281,"activity":0.0085,"lastBolusTime":1703879448213,"time":"2023-12-29T21:53:11.376Z","iobWithZeroTemp":{"iob":0.098,"basaliob":-0.464,"bolussnooze":0.0281,"activity":0.0055,"lastBolusTime":1703879448213,"time":"2023-12-29T21:53:11.376Z"}},{"iob":0.393,"basaliob":-0.117,"bolussnooze":0.0208,"activity":0.0079,"lastBolusTime":1703879448213,"time":"2023-12-29T21:58:11.376Z","iobWithZeroTemp":{"iob":0.043,"basaliob":-0.467,"bolussnooze":0.0208,"activity":0.0047,"lastBolusTime":1703879448213,"time":"2023-12-29T21:58:11.376Z"}},{"iob":0.355,"basaliob":-0.107,"bolussnooze":0.0151,"activity":0.0072,"lastBolusTime":1703879448213,"time":"2023-12-29T22:03:11.376Z","iobWithZeroTemp":{"iob":-0.004,"basaliob":-0.466,"bolussnooze":0.0151,"activity":0.0038,"lastBolusTime":1703879448213,"time":"2023-12-29T22:03:11.376Z"}},{"iob":0.321,"basaliob":-0.097,"bolussnooze":0.0107,"activity":0.0067,"lastBolusTime":1703879448213,"time":"2023-12-29T22:08:11.376Z","iobWithZeroTemp":{"iob":-0.045,"basaliob":-0.463,"bolussnooze":0.0107,"activity":0.0031,"lastBolusTime":1703879448213,"time":"2023-12-29T22:08:11.376Z"}},{"iob":0.288,"basaliob":-0.089,"bolussnooze":0.0074,"activity":0.006,"lastBolusTime":1703879448213,"time":"2023-12-29T22:13:11.376Z","iobWithZeroTemp":{"iob":-0.085,"basaliob":-0.462,"bolussnooze":0.0074,"activity":0.0023,"lastBolusTime":1703879448213,"time":"2023-12-29T22:13:11.376Z"}},{"iob":0.26,"basaliob":-0.08,"bolussnooze":0.0049,"activity":0.0055,"lastBolusTime":1703879448213,"time":"2023-12-29T22:18:11.376Z","iobWithZeroTemp":{"iob":-0.119,"basaliob":-0.459,"bolussnooze":0.0049,"activity":0.0016,"lastBolusTime":1703879448213,"time":"2023-12-29T22:18:11.376Z"}},{"iob":0.233,"basaliob":-0.073,"bolussnooze":0.0031,"activity":0.0051,"lastBolusTime":1703879448213,"time":"2023-12-29T22:23:11.376Z","iobWithZeroTemp":{"iob":-0.152,"basaliob":-0.458,"bolussnooze":0.0031,"activity":0.0011,"lastBolusTime":1703879448213,"time":"2023-12-29T22:23:11.376Z"}},{"iob":0.209,"basaliob":-0.066,"bolussnooze":0.0018,"activity":0.0046,"lastBolusTime":1703879448213,"time":"2023-12-29T22:28:11.376Z","iobWithZeroTemp":{"iob":-0.181,"basaliob":-0.456,"bolussnooze":0.0018,"activity":5.0E-4,"lastBolusTime":1703879448213,"time":"2023-12-29T22:28:11.376Z"}},{"iob":0.187,"basaliob":-0.06,"bolussnooze":9.0E-4,"activity":0.0042,"lastBolusTime":1703879448213,"time":"2023-12-29T22:33:11.376Z","iobWithZeroTemp":{"iob":-0.207,"basaliob":-0.454,"bolussnooze":9.0E-4,"activity":0,"lastBolusTime":1703879448213,"time":"2023-12-29T22:33:11.376Z"}},{"iob":0.167,"basaliob":-0.054,"bolussnooze":4.0E-4,"activity":0.0038,"lastBolusTime":1703879448213,"time":"2023-12-29T22:38:11.376Z","iobWithZeroTemp":{"iob":-0.231,"basaliob":-0.452,"bolussnooze":4.0E-4,"activity":-5.0E-4,"lastBolusTime":1703879448213,"time":"2023-12-29T22:38:11.376Z"}},{"iob":0.149,"basaliob":-0.049,"bolussnooze":1.0E-4,"activity":0.0034,"lastBolusTime":1703879448213,"time":"2023-12-29T22:43:11.376Z","iobWithZeroTemp":{"iob":-0.252,"basaliob":-0.45,"bolussnooze":1.0E-4,"activity":-0.001,"lastBolusTime":1703879448213,"time":"2023-12-29T22:43:11.376Z"}},{"iob":0.133,"basaliob":-0.044,"bolussnooze":0,"activity":0.0031,"lastBolusTime":1703879448213,"time":"2023-12-29T22:48:11.376Z","iobWithZeroTemp":{"iob":-0.271,"basaliob":-0.448,"bolussnooze":0,"activity":-0.0014,"lastBolusTime":1703879448213,"time":"2023-12-29T22:48:11.376Z"}},{"iob":0.119,"basaliob":-0.039,"bolussnooze":0,"activity":0.0028,"lastBolusTime":1703879448213,"time":"2023-12-29T22:53:11.376Z","iobWithZeroTemp":{"iob":-0.287,"basaliob":-0.445,"bolussnooze":0,"activity":-0.0017,"lastBolusTime":1703879448213,"time":"2023-12-29T22:53:11.376Z"}},{"iob":0.105,"basaliob":-0.035,"bolussnooze":0,"activity":0.0025,"lastBolusTime":1703879448213,"time":"2023-12-29T22:58:11.376Z","iobWithZeroTemp":{"iob":-0.304,"basaliob":-0.444,"bolussnooze":0,"activity":-0.0021,"lastBolusTime":1703879448213,"time":"2023-12-29T22:58:11.376Z"}},{"iob":0.094,"basaliob":-0.031,"bolussnooze":0,"activity":0.0023,"lastBolusTime":1703879448213,"time":"2023-12-29T23:03:11.376Z","iobWithZeroTemp":{"iob":-0.313,"basaliob":-0.438,"bolussnooze":0,"activity":-0.0023,"lastBolusTime":1703879448213,"time":"2023-12-29T23:03:11.376Z"}},{"iob":0.082,"basaliob":-0.028,"bolussnooze":0,"activity":0.0021,"lastBolusTime":1703879448213,"time":"2023-12-29T23:08:11.376Z","iobWithZeroTemp":{"iob":-0.322,"basaliob":-0.432,"bolussnooze":0,"activity":-0.0026,"lastBolusTime":1703879448213,"time":"2023-12-29T23:08:11.376Z"}},{"iob":0.073,"basaliob":-0.025,"bolussnooze":0,"activity":0.0018,"lastBolusTime":1703879448213,"time":"2023-12-29T23:13:11.376Z","iobWithZeroTemp":{"iob":-0.329,"basaliob":-0.427,"bolussnooze":0,"activity":-0.0029,"lastBolusTime":1703879448213,"time":"2023-12-29T23:13:11.376Z"}},{"iob":0.064,"basaliob":-0.022,"bolussnooze":0,"activity":0.0017,"lastBolusTime":1703879448213,"time":"2023-12-29T23:18:11.376Z","iobWithZeroTemp":{"iob":-0.335,"basaliob":-0.421,"bolussnooze":0,"activity":-0.003,"lastBolusTime":1703879448213,"time":"2023-12-29T23:18:11.376Z"}},{"iob":0.056,"basaliob":-0.02,"bolussnooze":0,"activity":0.0014,"lastBolusTime":1703879448213,"time":"2023-12-29T23:23:11.376Z","iobWithZeroTemp":{"iob":-0.34,"basaliob":-0.416,"bolussnooze":0,"activity":-0.0033,"lastBolusTime":1703879448213,"time":"2023-12-29T23:23:11.376Z"}},{"iob":0.049,"basaliob":-0.018,"bolussnooze":0,"activity":0.0013,"lastBolusTime":1703879448213,"time":"2023-12-29T23:28:11.376Z","iobWithZeroTemp":{"iob":-0.345,"basaliob":-0.412,"bolussnooze":0,"activity":-0.0034,"lastBolusTime":1703879448213,"time":"2023-12-29T23:28:11.376Z"}},{"iob":0.043,"basaliob":-0.016,"bolussnooze":0,"activity":0.0012,"lastBolusTime":1703879448213,"time":"2023-12-29T23:33:11.376Z","iobWithZeroTemp":{"iob":-0.348,"basaliob":-0.407,"bolussnooze":0,"activity":-0.0035,"lastBolusTime":1703879448213,"time":"2023-12-29T23:33:11.376Z"}},{"iob":0.037,"basaliob":-0.014,"bolussnooze":0,"activity":0.0011,"lastBolusTime":1703879448213,"time":"2023-12-29T23:38:11.376Z","iobWithZeroTemp":{"iob":-0.352,"basaliob":-0.403,"bolussnooze":0,"activity":-0.0036,"lastBolusTime":1703879448213,"time":"2023-12-29T23:38:11.376Z"}},{"iob":0.033,"basaliob":-0.012,"bolussnooze":0,"activity":9.0E-4,"lastBolusTime":1703879448213,"time":"2023-12-29T23:43:11.376Z","iobWithZeroTemp":{"iob":-0.353,"basaliob":-0.398,"bolussnooze":0,"activity":-0.0038,"lastBolusTime":1703879448213,"time":"2023-12-29T23:43:11.376Z"}},{"iob":0.028,"basaliob":-0.011,"bolussnooze":0,"activity":8.0E-4,"lastBolusTime":1703879448213,"time":"2023-12-29T23:48:11.376Z","iobWithZeroTemp":{"iob":-0.356,"basaliob":-0.395,"bolussnooze":0,"activity":-0.0038,"lastBolusTime":1703879448213,"time":"2023-12-29T23:48:11.376Z"}},{"iob":0.025,"basaliob":-0.009,"bolussnooze":0,"activity":8.0E-4,"lastBolusTime":1703879448213,"time":"2023-12-29T23:53:11.376Z","iobWithZeroTemp":{"iob":-0.356,"basaliob":-0.39,"bolussnooze":0,"activity":-0.0038,"lastBolusTime":1703879448213,"time":"2023-12-29T23:53:11.376Z"}},{"iob":0.021,"basaliob":-0.008,"bolussnooze":0,"activity":7.0E-4,"lastBolusTime":1703879448213,"time":"2023-12-29T23:58:11.376Z","iobWithZeroTemp":{"iob":-0.358,"basaliob":-0.387,"bolussnooze":0,"activity":-0.0039,"lastBolusTime":1703879448213,"time":"2023-12-29T23:58:11.376Z"}},{"iob":0.018,"basaliob":-0.007,"bolussnooze":0,"activity":6.0E-4,"lastBolusTime":1703879448213,"time":"2023-12-30T00:03:11.376Z","iobWithZeroTemp":{"iob":-0.355,"basaliob":-0.38,"bolussnooze":0,"activity":-0.004,"lastBolusTime":1703879448213,"time":"2023-12-30T00:03:11.376Z"}},{"iob":0.016,"basaliob":-0.006,"bolussnooze":0,"activity":5.0E-4,"lastBolusTime":1703879448213,"time":"2023-12-30T00:08:11.376Z","iobWithZeroTemp":{"iob":-0.351,"basaliob":-0.373,"bolussnooze":0,"activity":-0.004,"lastBolusTime":1703879448213,"time":"2023-12-30T00:08:11.376Z"}},{"iob":0.013,"basaliob":-0.005,"bolussnooze":0,"activity":4.0E-4,"lastBolusTime":1703879448213,"time":"2023-12-30T00:13:11.376Z","iobWithZeroTemp":{"iob":-0.348,"basaliob":-0.366,"bolussnooze":0,"activity":-0.0041,"lastBolusTime":1703879448213,"time":"2023-12-30T00:13:11.376Z"}},{"iob":0.011,"basaliob":-0.005,"bolussnooze":0,"activity":4.0E-4,"lastBolusTime":1703879448213,"time":"2023-12-30T00:18:11.376Z","iobWithZeroTemp":{"iob":-0.344,"basaliob":-0.36,"bolussnooze":0,"activity":-0.0041,"lastBolusTime":1703879448213,"time":"2023-12-30T00:18:11.376Z"}},{"iob":0.009,"basaliob":-0.004,"bolussnooze":0,"activity":4.0E-4,"lastBolusTime":1703879448213,"time":"2023-12-30T00:23:11.376Z","iobWithZeroTemp":{"iob":-0.341,"basaliob":-0.354,"bolussnooze":0,"activity":-0.004,"lastBolusTime":1703879448213,"time":"2023-12-30T00:23:11.376Z"}},{"iob":0.008,"basaliob":-0.003,"bolussnooze":0,"activity":3.0E-4,"lastBolusTime":1703879448213,"time":"2023-12-30T00:28:11.376Z","iobWithZeroTemp":{"iob":-0.336,"basaliob":-0.347,"bolussnooze":0,"activity":-0.0041,"lastBolusTime":1703879448213,"time":"2023-12-30T00:28:11.376Z"}},{"iob":0.006,"basaliob":-0.003,"bolussnooze":0,"activity":2.0E-4,"lastBolusTime":1703879448213,"time":"2023-12-30T00:33:11.376Z","iobWithZeroTemp":{"iob":-0.333,"basaliob":-0.342,"bolussnooze":0,"activity":-0.0041,"lastBolusTime":1703879448213,"time":"2023-12-30T00:33:11.376Z"}}],"profile":{"max_iob":10,"type":"current","max_daily_basal":0.35,"max_basal":1.05,"min_bg":90,"max_bg":90,"target_bg":90,"carb_ratio":8.5,"sens":110,"max_daily_safety_multiplier":3,"current_basal_safety_multiplier":4,"lgsThreshold":95,"high_temptarget_raises_sensitivity":true,"low_temptarget_lowers_sensitivity":true,"sensitivity_raises_target":true,"resistance_lowers_target":true,"adv_target_adjustments":false,"exercise_mode":false,"half_basal_exercise_target":160,"maxCOB":120,"skip_neutral_temps":false,"remainingCarbsCap":90,"enableUAM":true,"A52_risk_enable":false,"SMBInterval":3,"enableSMB_with_COB":true,"enableSMB_with_temptarget":true,"allowSMB_with_high_temptarget":false,"enableSMB_always":false,"enableSMB_after_carbs":true,"maxSMBBasalMinutes":45,"maxUAMSMBBasalMinutes":45,"bolus_increment":0.05,"carbsReqThreshold":2,"current_basal":0.35,"temptargetSet":false,"autosens_max":1.3,"autosens_min":0.7,"variable_sens":143.9,"insulinDivisor":75,"TDD":16.372218130952376},"autosens_data":{"ratio":0.9829306063328453},"meal_data":{"carbs":40,"mealCOB":14.283750000000001,"slopeFromMaxDeviation":-0.60125,"slopeFromMinDeviation":0,"lastBolusTime":1703879448213,"lastCarbTime":1703879442278},"microBolusAllowed":true,"currentTime":1703882293229,"flatBGsDetected":false,"tdd1D":13.99583333333333,"tdd7D":16.405023809523808,"tddLast24H":16.125,"tddLast4H":5.9833333333333325,"tddLast8to4H":1.2999999999999998},"output":{"temp":"absolute","bg":86,"tick":-8,"eventualBG":88,"targetBG":91,"insulinReq":0,"deliverAt":"2023-12-29T20:38:13.229Z","sensitivityRatio":0.9829306063328453,"variable_sens":143.9,"predBGs":{"IOB":[86,78,68,57,44,39,39,39,39,39,39,39,39],"ZT":[86,70,52,39,39,39,39,39,39,39,39,39,39,39,39,39,39,39,39,39,39,39,39,39,39,39,39,39,39,39,39,39,39,39,39,39,39,39,39,39,39,39,39,39,39,39,39,39],"COB":[86,78,71,64,58,53,48,44,40,39,39,39,39,39,39,39,39,39,39,39,39,39,39,39,42,44,47,49,52,55,57,60,62,65,67,70,72,74,76,78,79,81,83,84,85,86,87,88],"UAM":[86,78,69,58,45,39,39,39,39,39,39,39,39]},"reason":"COB: 14.3, Dev: 51, BGI: -16, ISF: 144, CR: 8.5, Target: 91, minPredBG -123, minGuardBG -144, IOBpredBG 39, COBpredBG 88, UAMpredBG 39; 10 add'l carbs req w\/in 0m; minGuardBG -144<95","COB":14.283750000000001,"IOB":1.578,"carbsReq":10,"carbsReqWithin":0,"duration":120,"rate":0,"timestamp":"2023-12-29T20:38:13.261Z"}}