{"algorithm":"OpenAPSSMBDynamicISFPlugin","input":{"glucoseStatus":{"glucose":73,"noise":0,"delta":-6.56,"short_avgdelta":-6.56,"long_avgdelta":-5.23,"date":1703893967000},"currenttemp":{"temp":"absolute","duration":110,"rate":0,"minutesrunning":10},"iob_data":[{"iob":0.25,"basaliob":-0.168,"bolussnooze":0,"activity":0.0055,"lastBolusTime":1703889798813,"time":"2023-12-29T23:53:10.064Z","iobWithZeroTemp":{"iob":0.25,"basaliob":-0.168,"bolussnooze":0,"activity":0.0055,"lastBolusTime":1703889798813,"time":"2023-12-29T23:53:10.064Z"}},{"iob":0.223,"basaliob":-0.161,"bolussnooze":0,"activity":0.005,"lastBolusTime":1703889798813,"time":"2023-12-29T23:58:10.064Z","iobWithZeroTemp":{"iob":0.206,"basaliob":-0.178,"bolussnooze":0,"activity":0.005,"lastBolusTime":1703889798813,"time":"2023-12-29T23:58:10.064Z"}},{"iob":0.2,"basaliob":-0.153,"bolussnooze":0,"activity":0.0045,"lastBolusTime":1703889798813,"time":"2023-12-30T00:03:10.064Z","iobWithZeroTemp":{"iob":0.166,"basaliob":-0.187,"bolussnooze":0,"activity":0.0044,"lastBolusTime":1703889798813,"time":"2023-12-30T00:03:10.064Z"}},{"iob":0.178,"basaliob":-0.145,"bolussnooze":0,"activity":0.0041,"lastBolusTime":1703889798813,"time":"2023-12-30T00:08:10.064Z","iobWithZeroTemp":{"iob":0.128,"basaliob":-0.195,"bolussnooze":0,"activity":0.0039,"lastBolusTime":1703889798813,"time":"2023-12-30T00:08:10.064Z"}},{"iob":0.159,"basaliob":-0.137,"bolussnooze":0,"activity":0.0037,"lastBolusTime":1703889798813,"time":"2023-12-30T00:13:10.064Z","iobWithZeroTemp":{"iob":0.093,"basaliob":-0.203,"bolussnooze":0,"activity":0.0034,"lastBolusTime":1703889798813,"time":"2023-12-30T00:13:10.064Z"}},{"iob":0.141,"basaliob":-0.129,"bolussnooze":0,"activity":0.0033,"lastBolusTime":1703889798813,"time":"2023-12-30T00:18:10.064Z","iobWithZeroTemp":{"iob":0.06,"basaliob":-0.21,"bolussnooze":0,"activity":0.0029,"lastBolusTime":1703889798813,"time":"2023-12-30T00:18:10.064Z"}},{"iob":0.126,"basaliob":-0.121,"bolussnooze":0,"activity":0.003,"lastBolusTime":1703889798813,"time":"2023-12-30T00:23:10.064Z","iobWithZeroTemp":{"iob":0.031,"basaliob":-0.216,"bolussnooze":0,"activity":0.0025,"lastBolusTime":1703889798813,"time":"2023-12-30T00:23:10.064Z"}},{"iob":0.112,"basaliob":-0.113,"bolussnooze":0,"activity":0.0026,"lastBolusTime":1703889798813,"time":"2023-12-30T00:28:10.064Z","iobWithZeroTemp":{"iob":0.003,"basaliob":-0.222,"bolussnooze":0,"activity":0.002,"lastBolusTime":1703889798813,"time":"2023-12-30T00:28:10.064Z"}},{"iob":0.099,"basaliob":-0.105,"bolussnooze":0,"activity":0.0024,"lastBolusTime":1703889798813,"time":"2023-12-30T00:33:10.064Z","iobWithZeroTemp":{"iob":-0.023,"basaliob":-0.227,"bolussnooze":0,"activity":0.0016,"lastBolusTime":1703889798813,"time":"2023-12-30T00:33:10.064Z"}},{"iob":0.087,"basaliob":-0.098,"bolussnooze":0,"activity":0.0022,"lastBolusTime":1703889798813,"time":"2023-12-30T00:38:10.064Z","iobWithZeroTemp":{"iob":-0.047,"basaliob":-0.232,"bolussnooze":0,"activity":0.0013,"lastBolusTime":1703889798813,"time":"2023-12-30T00:38:10.064Z"}},{"iob":0.077,"basaliob":-0.091,"bolussnooze":0,"activity":0.0019,"lastBolusTime":1703889798813,"time":"2023-12-30T00:43:10.064Z","iobWithZeroTemp":{"iob":-0.069,"basaliob":-0.237,"bolussnooze":0,"activity":8.0E-4,"lastBolusTime":1703889798813,"time":"2023-12-30T00:43:10.064Z"}},{"iob":0.068,"basaliob":-0.084,"bolussnooze":0,"activity":0.0018,"lastBolusTime":1703889798813,"time":"2023-12-30T00:48:10.064Z","iobWithZeroTemp":{"iob":-0.089,"basaliob":-0.241,"bolussnooze":0,"activity":6.0E-4,"lastBolusTime":1703889798813,"time":"2023-12-30T00:48:10.064Z"}},{"iob":0.061,"basaliob":-0.077,"bolussnooze":0,"activity":0.0016,"lastBolusTime":1703889798813,"time":"2023-12-30T00:53:10.064Z","iobWithZeroTemp":{"iob":-0.106,"basaliob":-0.244,"bolussnooze":0,"activity":3.0E-4,"lastBolusTime":1703889798813,"time":"2023-12-30T00:53:10.064Z"}},{"iob":0.053,"basaliob":-0.071,"bolussnooze":0,"activity":0.0014,"lastBolusTime":1703889798813,"time":"2023-12-30T00:58:10.064Z","iobWithZeroTemp":{"iob":-0.124,"basaliob":-0.248,"bolussnooze":0,"activity":-1.0E-4,"lastBolusTime":1703889798813,"time":"2023-12-30T00:58:10.064Z"}},{"iob":0.046,"basaliob":-0.066,"bolussnooze":0,"activity":0.0012,"lastBolusTime":1703889798813,"time":"2023-12-30T01:03:10.064Z","iobWithZeroTemp":{"iob":-0.136,"basaliob":-0.248,"bolussnooze":0,"activity":-4.0E-4,"lastBolusTime":1703889798813,"time":"2023-12-30T01:03:10.064Z"}},{"iob":0.041,"basaliob":-0.06,"bolussnooze":0,"activity":0.0011,"lastBolusTime":1703889798813,"time":"2023-12-30T01:08:10.064Z","iobWithZeroTemp":{"iob":-0.145,"basaliob":-0.246,"bolussnooze":0,"activity":-6.0E-4,"lastBolusTime":1703889798813,"time":"2023-12-30T01:08:10.064Z"}},{"iob":0.035,"basaliob":-0.055,"bolussnooze":0,"activity":9.0E-4,"lastBolusTime":1703889798813,"time":"2023-12-30T01:13:10.064Z","iobWithZeroTemp":{"iob":-0.155,"basaliob":-0.245,"bolussnooze":0,"activity":-9.0E-4,"lastBolusTime":1703889798813,"time":"2023-12-30T01:13:10.064Z"}},{"iob":0.03,"basaliob":-0.051,"bolussnooze":0,"activity":9.0E-4,"lastBolusTime":1703889798813,"time":"2023-12-30T01:18:10.064Z","iobWithZeroTemp":{"iob":-0.163,"basaliob":-0.244,"bolussnooze":0,"activity":-0.001,"lastBolusTime":1703889798813,"time":"2023-12-30T01:18:10.064Z"}},{"iob":0.027,"basaliob":-0.046,"bolussnooze":0,"activity":8.0E-4,"lastBolusTime":1703889798813,"time":"2023-12-30T01:23:10.064Z","iobWithZeroTemp":{"iob":-0.169,"basaliob":-0.242,"bolussnooze":0,"activity":-0.0012,"lastBolusTime":1703889798813,"time":"2023-12-30T01:23:10.064Z"}},{"iob":0.023,"basaliob":-0.042,"bolussnooze":0,"activity":7.0E-4,"lastBolusTime":1703889798813,"time":"2023-12-30T01:28:10.064Z","iobWithZeroTemp":{"iob":-0.175,"basaliob":-0.24,"bolussnooze":0,"activity":-0.0013,"lastBolusTime":1703889798813,"time":"2023-12-30T01:28:10.064Z"}},{"iob":0.02,"basaliob":-0.038,"bolussnooze":0,"activity":6.0E-4,"lastBolusTime":1703889798813,"time":"2023-12-30T01:33:10.064Z","iobWithZeroTemp":{"iob":-0.181,"basaliob":-0.239,"bolussnooze":0,"activity":-0.0015,"lastBolusTime":1703889798813,"time":"2023-12-30T01:33:10.064Z"}},{"iob":0.017,"basaliob":-0.035,"bolussnooze":0,"activity":5.0E-4,"lastBolusTime":1703889798813,"time":"2023-12-30T01:38:10.064Z","iobWithZeroTemp":{"iob":-0.185,"basaliob":-0.237,"bolussnooze":0,"activity":-0.0017,"lastBolusTime":1703889798813,"time":"2023-12-30T01:38:10.064Z"}},{"iob":0.014,"basaliob":-0.032,"bolussnooze":0,"activity":5.0E-4,"lastBolusTime":1703889798813,"time":"2023-12-30T01:43:10.064Z","iobWithZeroTemp":{"iob":-0.19,"basaliob":-0.236,"bolussnooze":0,"activity":-0.0017,"lastBolusTime":1703889798813,"time":"2023-12-30T01:43:10.064Z"}},{"iob":0.012,"basaliob":-0.029,"bolussnooze":0,"activity":4.0E-4,"lastBolusTime":1703889798813,"time":"2023-12-30T01:48:10.064Z","iobWithZeroTemp":{"iob":-0.193,"basaliob":-0.234,"bolussnooze":0,"activity":-0.0019,"lastBolusTime":1703889798813,"time":"2023-12-30T01:48:10.064Z"}},{"iob":0.011,"basaliob":-0.026,"bolussnooze":0,"activity":4.0E-4,"lastBolusTime":1703889798813,"time":"2023-12-30T01:53:10.064Z","iobWithZeroTemp":{"iob":-0.196,"basaliob":-0.233,"bolussnooze":0,"activity":-0.0019,"lastBolusTime":1703889798813,"time":"2023-12-30T01:53:10.064Z"}},{"iob":0.009,"basaliob":-0.024,"bolussnooze":0,"activity":3.0E-4,"lastBolusTime":1703889798813,"time":"2023-12-30T01:58:10.064Z","iobWithZeroTemp":{"iob":-0.199,"basaliob":-0.232,"bolussnooze":0,"activity":-0.002,"lastBolusTime":1703889798813,"time":"2023-12-30T01:58:10.064Z"}},{"iob":0.008,"basaliob":-0.021,"bolussnooze":0,"activity":3.0E-4,"lastBolusTime":1703889798813,"time":"2023-12-30T02:03:10.064Z","iobWithZeroTemp":{"iob":-0.205,"basaliob":-0.234,"bolussnooze":0,"activity":-0.0021,"lastBolusTime":1703889798813,"time":"2023-12-30T02:03:10.064Z"}},{"iob":0.006,"basaliob":-0.019,"bolussnooze":0,"activity":2.0E-4,"lastBolusTime":1703889798813,"time":"2023-12-30T02:08:10.064Z","iobWithZeroTemp":{"iob":-0.211,"basaliob":-0.236,"bolussnooze":0,"activity":-0.0022,"lastBolusTime":1703889798813,"time":"2023-12-30T02:08:10.064Z"}},{"iob":0.005,"basaliob":-0.017,"bolussnooze":0,"activity":2.0E-4,"lastBolusTime":1703889798813,"time":"2023-12-30T02:13:10.064Z","iobWithZeroTemp":{"iob":-0.217,"basaliob":-0.239,"bolussnooze":0,"activity":-0.0022,"lastBolusTime":1703889798813,"time":"2023-12-30T02:13:10.064Z"}},{"iob":0.004,"basaliob":-0.016,"bolussnooze":0,"activity":2.0E-4,"lastBolusTime":1703889798813,"time":"2023-12-30T02:18:10.064Z","iobWithZeroTemp":{"iob":-0.222,"basaliob":-0.242,"bolussnooze":0,"activity":-0.0023,"lastBolusTime":1703889798813,"time":"2023-12-30T02:18:10.064Z"}},{"iob":0.003,"basaliob":-0.014,"bolussnooze":0,"activity":2.0E-4,"lastBolusTime":1703889798813,"time":"2023-12-30T02:23:10.064Z","iobWithZeroTemp":{"iob":-0.227,"basaliob":-0.244,"bolussnooze":0,"activity":-0.0023,"lastBolusTime":1703889798813,"time":"2023-12-30T02:23:10.064Z"}},{"iob":0.002,"basaliob":-0.013,"bolussnooze":0,"activity":1.0E-4,"lastBolusTime":1703889798813,"time":"2023-12-30T02:28:10.064Z","iobWithZeroTemp":{"iob":-0.232,"basaliob":-0.247,"bolussnooze":0,"activity":-0.0025,"lastBolusTime":1703889798813,"time":"2023-12-30T02:28:10.064Z"}},{"iob":0.002,"basaliob":-0.011,"bolussnooze":0,"activity":2.0E-4,"lastBolusTime":1703889798813,"time":"2023-12-30T02:33:10.064Z","iobWithZeroTemp":{"iob":-0.236,"basaliob":-0.249,"bolussnooze":0,"activity":-0.0024,"lastBolusTime":1703889798813,"time":"2023-12-30T02:33:10.064Z"}},{"iob":0.001,"basaliob":-0.01,"bolussnooze":0,"activity":1.0E-4,"lastBolusTime":1703889798813,"time":"2023-12-30T02:38:10.064Z","iobWithZeroTemp":{"iob":-0.241,"basaliob":-0.252,"bolussnooze":0,"activity":-0.0026,"lastBolusTime":1703889798813,"time":"2023-12-30T02:38:10.064Z"}},{"iob":0.001,"basaliob":-0.009,"bolussnooze":0,"activity":1.0E-4,"lastBolusTime":1703889798813,"time":"2023-12-30T02:43:10.064Z","iobWithZeroTemp":{"iob":-0.244,"basaliob":-0.254,"bolussnooze":0,"activity":-0.0026,"lastBolusTime":1703889798813,"time":"2023-12-30T02:43:10.064Z"}},{"iob":0,"basaliob":-0.008,"bolussnooze":0,"activity":1.0E-4,"lastBolusTime":1703889798813,"time":"2023-12-30T02:48:10.064Z","iobWithZeroTemp":{"iob":-0.248,"basaliob":-0.256,"bolussnooze":0,"activity":-0.0026,"lastBolusTime":1703889798813,"time":"2023-12-30T02:48:10.064Z"}},{"iob":0,"basaliob":-0.007,"bolussnooze":0,"activity":0,"lastBolusTime":1703889798813,"time":"2023-12-30T02:53:10.064Z","iobWithZeroTemp":{"iob":-0.251,"basaliob":-0.258,"bolussnooze":0,"activity":-0.0028,"lastBolusTime":1703889798813,"time":"2023-12-30T02:53:10.064Z"}},{"iob":0,"basaliob":-0.006,"bolussnooze":0,"activity":1.0E-4,"lastBolusTime":1703889798813,"time":"2023-12-30T02:58:10.064Z","iobWithZeroTemp":{"iob":-0.253,"basaliob":-0.259,"bolussnooze":0,"activity":-0.0027,"lastBolusTime":1703889798813,"time":"2023-12-30T02:58:10.064Z"}},{"iob":-0.001,"basaliob":-0.006,"bolussnooze":0,"activity":1.0E-4,"lastBolusTime":1703889798813,"time":"2023-12-30T03:03:10.064Z","iobWithZeroTemp":{"iob":-0.265,"basaliob":-0.27,"bolussnooze":0,"activity":-0.0028,"lastBolusTime":1703889798813,"time":"2023-12-30T03:03:10.064Z"}},{"iob":-0.001,"basaliob":-0.005,"bolussnooze":0,"activity":1.0E-4,"lastBolusTime":1703889798813,"time":"2023-12-30T03:08:10.064Z","iobWithZeroTemp":{"iob":-0.276,"basaliob":-0.28,"bolussnooze":0,"activity":-0.0028,"lastBolusTime":1703889798813,"time":"2023-12-30T03:08:10.064Z"}},{"iob":0,"basaliob":-0.004,"bolussnooze":0,"activity":0,"lastBolusTime":1703889798813,"time":"2023-12-30T03:13:10.064Z","iobWithZeroTemp":{"iob":-0.285,"basaliob":-0.289,"bolussnooze":0,"activity":-0.003,"lastBolusTime":1703889798813,"time":"2023-12-30T03:13:10.064Z"}},{"iob":-0.001,"basaliob":-0.004,"bolussnooze":0,"activity":0,"lastBolusTime":1703889798813,"time":"2023-12-30T03:18:10.064Z","iobWithZeroTemp":{"iob":-0.295,"basaliob":-0.298,"bolussnooze":0,"activity":-0.0031,"lastBolusTime":1703889798813,"time":"2023-12-30T03:18:10.064Z"}},{"iob":0,"basaliob":-0.003,"bolussnooze":0,"activity":0,"lastBolusTime":1703889798813,"time":"2023-12-30T03:23:10.064Z","iobWithZeroTemp":{"iob":-0.304,"basaliob":-0.307,"bolussnooze":0,"activity":-0.0032,"lastBolusTime":1703889798813,"time":"2023-12-30T03:23:10.064Z"}},{"iob":-0.001,"basaliob":-0.003,"bolussnooze":0,"activity":0,"lastBolusTime":1703889798813,"time":"2023-12-30T03:28:10.064Z","iobWithZeroTemp":{"iob":-0.313,"basaliob":-0.315,"bolussnooze":0,"activity":-0.0033,"lastBolusTime":1703889798813,"time":"2023-12-30T03:28:10.064Z"}},{"iob":-0.001,"basaliob":-0.003,"bolussnooze":0,"activity":0,"lastBolusTime":1703889798813,"time":"2023-12-30T03:33:10.064Z","iobWithZeroTemp":{"iob":-0.322,"basaliob":-0.324,"bolussnooze":0,"activity":-0.0034,"lastBolusTime":1703889798813,"time":"2023-12-30T03:33:10.064Z"}},{"iob":-0.001,"basaliob":-0.002,"bolussnooze":0,"activity":0,"lastBolusTime":1703889798813,"time":"2023-12-30T03:38:10.064Z","iobWithZeroTemp":{"iob":-0.33,"basaliob":-0.331,"bolussnooze":0,"activity":-0.0035,"lastBolusTime":1703889798813,"time":"2023-12-30T03:38:10.064Z"}},{"iob":-0.001,"basaliob":-0.002,"bolussnooze":0,"activity":0,"lastBolusTime":1703889798813,"time":"2023-12-30T03:43:10.064Z","iobWithZeroTemp":{"iob":-0.337,"basaliob":-0.338,"bolussnooze":0,"activity":-0.0036,"lastBolusTime":1703889798813,"time":"2023-12-30T03:43:10.064Z"}},{"iob":-0.001,"basaliob":-0.002,"bolussnooze":0,"activity":-1.0E-4,"lastBolusTime":1703889798813,"time":"2023-12-30T03:48:10.064Z","iobWithZeroTemp":{"iob":-0.344,"basaliob":-0.345,"bolussnooze":0,"activity":-0.0037,"lastBolusTime":1703889798813,"time":"2023-12-30T03:48:10.064Z"}}],"profile":{"max_iob":10,"type":"current","max_daily_basal":0.35,"max_basal":1,"min_bg":130,"max_bg":130,"target_bg":130,"carb_ratio":8.5,"sens":120,"max_daily_safety_multiplier":3,"current_basal_safety_multiplier":4,"lgsThreshold":95,"high_temptarget_raises_sensitivity":true,"low_temptarget_lowers_sensitivity":true,"sensitivity_raises_target":true,"resistance_lowers_target":true,"adv_target_adjustments":false,"exercise_mode":false,"half_basal_exercise_target":160,"maxCOB":120,"skip_neutral_temps":false,"remainingCarbsCap":90,"enableUAM":true,"A52_risk_enable":false,"SMBInterval":3,"enableSMB_with_COB":true,"enableSMB_with_temptarget":true,"allowSMB_with_high_temptarget":false,"enableSMB_always":false,"enableSMB_after_carbs":true,"maxSMBBasalMinutes":45,"maxUAMSMBBasalMinutes":45,"bolus_increment":0.05,"carbsReqThreshold":2,"current_basal":0.25,"temptargetSet":true,"autosens_max":1.3,"autosens_min":0.7,"variable_sens":182.3,"insulinDivisor":75,"TDD":14.524225035714284},"autosens_data":{"ratio":0.9700573153853024},"meal_data":{"carbs":30,"mealCOB":2.236810606060602,"slopeFromMaxDeviation":-2.05,"slopeFromMinDeviation":0.3228571428571428,"lastBolusTime":1703889798813,"lastCarbTime":1703889944000},"microBolusAllowed":true,"currentTime":1703893991909,"flatBGsDetected":false,"tdd1D":16.6625,"tdd7D":17.065142857142856,"tddLast24H":16.554166666666667,"tddLast4H":1.3875000000000002,"tddLast8to4H":6.504166666666665},"output":{"temp":"absolute","bg":73,"tick":-7,"eventualBG":52,"targetBG":130,"insulinReq":0,"deliverAt":"2023-12-29T23:53:11.909Z","sensitivityRatio":0.67,"variable_sens":182.3,"predBGs":{"IOB":[73,67,60,55,49,44,39,39,39,39,39,39,39],"ZT":[73,68,63,59,55,51,47,44,41,39,39,39,39,39,39,39,39,39,39,41,43,45,47,49,52,54,56,58,61,63,65,68,70,72,75,77,79,82,84,86,89,91,93,96,98,101,103,106],"COB":[73,67,61,56,51,47,44,40,39,39,39,39,39,39,39,39,39,39,39,39,39,39,39,39,39,39,39,39,39,39,39,39,39,39,39,39,40,41,42,43,44,45,47,48,49,50,51,52],"UAM":[73,67,60,55,49,44,39,39,39,39,39,39,39]},"reason":"COB: 2.2, Dev: -1, BGI: -5, ISF: 182, CR: 8.5, Target: 130, minPredBG 35, minGuardBG -2, IOBpredBG 39, COBpredBG 52, UAMpredBG 39; 5 add'l carbs req w\/in 0m; minGuardBG -2<95","COB":2.236810606060602,"IOB":0.25,"carbsReq":5,"carbsReqWithin":0,"duration":120,"rate":0,"timestamp":"2023-12-29T23:53:11.938Z"}}