{"algorithm":"OpenAPSSMBDynamicISFPlugin","input":{"glucoseStatus":{"glucose":106,"noise":0,"delta":-1.17,"short_avgdelta":-1.17,"long_avgdelta":-0.19,"date":1703910467000},"currenttemp":{"temp":"absolute","duration":25,"rate":0,"minutesrunning":5},"iob_data":[{"iob":0.037,"basaliob":-0.051,"bolussnooze":0,"activity":7.0E-4,"lastBolusTime":1703907797250,"time":"2023-12-30T04:28:14.871Z","iobWithZeroTemp":{"iob":0.037,"basaliob":-0.051,"bolussnooze":0,"activity":7.0E-4,"lastBolusTime":1703907797250,"time":"2023-12-30T04:28:14.871Z"}},{"iob":0.035,"basaliob":-0.047,"bolussnooze":0,"activity":6.0E-4,"lastBolusTime":1703907797250,"time":"2023-12-30T04:33:14.871Z","iobWithZeroTemp":{"iob":0.012,"basaliob":-0.07,"bolussnooze":0,"activity":6.0E-4,"lastBolusTime":1703907797250,"time":"2023-12-30T04:33:14.871Z"}},{"iob":0.032,"basaliob":-0.044,"bolussnooze":0,"activity":6.0E-4,"lastBolusTime":1703907797250,"time":"2023-12-30T04:38:14.871Z","iobWithZeroTemp":{"iob":-0.02,"basaliob":-0.096,"bolussnooze":0,"activity":5.0E-4,"lastBolusTime":1703907797250,"time":"2023-12-30T04:38:14.871Z"}},{"iob":0.03,"basaliob":-0.041,"bolussnooze":0,"activity":5.0E-4,"lastBolusTime":1703907797250,"time":"2023-12-30T04:43:14.871Z","iobWithZeroTemp":{"iob":-0.051,"basaliob":-0.122,"bolussnooze":0,"activity":3.0E-4,"lastBolusTime":1703907797250,"time":"2023-12-30T04:43:14.871Z"}},{"iob":0.026,"basaliob":-0.039,"bolussnooze":0,"activity":4.0E-4,"lastBolusTime":1703907797250,"time":"2023-12-30T04:48:14.871Z","iobWithZeroTemp":{"iob":-0.082,"basaliob":-0.147,"bolussnooze":0,"activity":0,"lastBolusTime":1703907797250,"time":"2023-12-30T04:48:14.871Z"}},{"iob":0.024,"basaliob":-0.036,"bolussnooze":0,"activity":5.0E-4,"lastBolusTime":1703907797250,"time":"2023-12-30T04:53:14.871Z","iobWithZeroTemp":{"iob":-0.111,"basaliob":-0.171,"bolussnooze":0,"activity":-1.0E-4,"lastBolusTime":1703907797250,"time":"2023-12-30T04:53:14.871Z"}},{"iob":0.022,"basaliob":-0.033,"bolussnooze":0,"activity":4.0E-4,"lastBolusTime":1703907797250,"time":"2023-12-30T04:58:14.871Z","iobWithZeroTemp":{"iob":-0.138,"basaliob":-0.193,"bolussnooze":0,"activity":-4.0E-4,"lastBolusTime":1703907797250,"time":"2023-12-30T04:58:14.871Z"}},{"iob":0.02,"basaliob":-0.031,"bolussnooze":0,"activity":4.0E-4,"lastBolusTime":1703907797250,"time":"2023-12-30T05:03:14.871Z","iobWithZeroTemp":{"iob":-0.165,"basaliob":-0.216,"bolussnooze":0,"activity":-7.0E-4,"lastBolusTime":1703907797250,"time":"2023-12-30T05:03:14.871Z"}},{"iob":0.019,"basaliob":-0.028,"bolussnooze":0,"activity":3.0E-4,"lastBolusTime":1703907797250,"time":"2023-12-30T05:08:14.871Z","iobWithZeroTemp":{"iob":-0.189,"basaliob":-0.236,"bolussnooze":0,"activity":-0.001,"lastBolusTime":1703907797250,"time":"2023-12-30T05:08:14.871Z"}},{"iob":0.017,"basaliob":-0.026,"bolussnooze":0,"activity":4.0E-4,"lastBolusTime":1703907797250,"time":"2023-12-30T05:13:14.871Z","iobWithZeroTemp":{"iob":-0.213,"basaliob":-0.256,"bolussnooze":0,"activity":-0.0012,"lastBolusTime":1703907797250,"time":"2023-12-30T05:13:14.871Z"}},{"iob":0.015,"basaliob":-0.024,"bolussnooze":0,"activity":3.0E-4,"lastBolusTime":1703907797250,"time":"2023-12-30T05:18:14.871Z","iobWithZeroTemp":{"iob":-0.236,"basaliob":-0.275,"bolussnooze":0,"activity":-0.0015,"lastBolusTime":1703907797250,"time":"2023-12-30T05:18:14.871Z"}},{"iob":0.014,"basaliob":-0.022,"bolussnooze":0,"activity":3.0E-4,"lastBolusTime":1703907797250,"time":"2023-12-30T05:23:14.871Z","iobWithZeroTemp":{"iob":-0.256,"basaliob":-0.292,"bolussnooze":0,"activity":-0.0018,"lastBolusTime":1703907797250,"time":"2023-12-30T05:23:14.871Z"}},{"iob":0.012,"basaliob":-0.02,"bolussnooze":0,"activity":2.0E-4,"lastBolusTime":1703907797250,"time":"2023-12-30T05:28:14.871Z","iobWithZeroTemp":{"iob":-0.277,"basaliob":-0.309,"bolussnooze":0,"activity":-0.0021,"lastBolusTime":1703907797250,"time":"2023-12-30T05:28:14.871Z"}},{"iob":0.011,"basaliob":-0.018,"bolussnooze":0,"activity":3.0E-4,"lastBolusTime":1703907797250,"time":"2023-12-30T05:33:14.871Z","iobWithZeroTemp":{"iob":-0.295,"basaliob":-0.324,"bolussnooze":0,"activity":-0.0022,"lastBolusTime":1703907797250,"time":"2023-12-30T05:33:14.871Z"}},{"iob":0.01,"basaliob":-0.017,"bolussnooze":0,"activity":2.0E-4,"lastBolusTime":1703907797250,"time":"2023-12-30T05:38:14.871Z","iobWithZeroTemp":{"iob":-0.312,"basaliob":-0.339,"bolussnooze":0,"activity":-0.0026,"lastBolusTime":1703907797250,"time":"2023-12-30T05:38:14.871Z"}},{"iob":0.009,"basaliob":-0.015,"bolussnooze":0,"activity":2.0E-4,"lastBolusTime":1703907797250,"time":"2023-12-30T05:43:14.871Z","iobWithZeroTemp":{"iob":-0.327,"basaliob":-0.351,"bolussnooze":0,"activity":-0.0028,"lastBolusTime":1703907797250,"time":"2023-12-30T05:43:14.871Z"}},{"iob":0.008,"basaliob":-0.014,"bolussnooze":0,"activity":1.0E-4,"lastBolusTime":1703907797250,"time":"2023-12-30T05:48:14.871Z","iobWithZeroTemp":{"iob":-0.342,"basaliob":-0.364,"bolussnooze":0,"activity":-0.0031,"lastBolusTime":1703907797250,"time":"2023-12-30T05:48:14.871Z"}},{"iob":0.007,"basaliob":-0.013,"bolussnooze":0,"activity":2.0E-4,"lastBolusTime":1703907797250,"time":"2023-12-30T05:53:14.871Z","iobWithZeroTemp":{"iob":-0.356,"basaliob":-0.376,"bolussnooze":0,"activity":-0.0032,"lastBolusTime":1703907797250,"time":"2023-12-30T05:53:14.871Z"}},{"iob":0.007,"basaliob":-0.011,"bolussnooze":0,"activity":2.0E-4,"lastBolusTime":1703907797250,"time":"2023-12-30T05:58:14.871Z","iobWithZeroTemp":{"iob":-0.368,"basaliob":-0.386,"bolussnooze":0,"activity":-0.0034,"lastBolusTime":1703907797250,"time":"2023-12-30T05:58:14.871Z"}},{"iob":0.006,"basaliob":-0.01,"bolussnooze":0,"activity":1.0E-4,"lastBolusTime":1703907797250,"time":"2023-12-30T06:03:14.871Z","iobWithZeroTemp":{"iob":-0.379,"basaliob":-0.395,"bolussnooze":0,"activity":-0.0037,"lastBolusTime":1703907797250,"time":"2023-12-30T06:03:14.871Z"}},{"iob":0.005,"basaliob":-0.009,"bolussnooze":0,"activity":1.0E-4,"lastBolusTime":1703907797250,"time":"2023-12-30T06:08:14.871Z","iobWithZeroTemp":{"iob":-0.39,"basaliob":-0.404,"bolussnooze":0,"activity":-0.0038,"lastBolusTime":1703907797250,"time":"2023-12-30T06:08:14.871Z"}},{"iob":0.005,"basaliob":-0.008,"bolussnooze":0,"activity":1.0E-4,"lastBolusTime":1703907797250,"time":"2023-12-30T06:13:14.871Z","iobWithZeroTemp":{"iob":-0.4,"basaliob":-0.413,"bolussnooze":0,"activity":-0.004,"lastBolusTime":1703907797250,"time":"2023-12-30T06:13:14.871Z"}},{"iob":0.004,"basaliob":-0.008,"bolussnooze":0,"activity":1.0E-4,"lastBolusTime":1703907797250,"time":"2023-12-30T06:18:14.871Z","iobWithZeroTemp":{"iob":-0.409,"basaliob":-0.421,"bolussnooze":0,"activity":-0.0041,"lastBolusTime":1703907797250,"time":"2023-12-30T06:18:14.871Z"}},{"iob":0.003,"basaliob":-0.007,"bolussnooze":0,"activity":1.0E-4,"lastBolusTime":1703907797250,"time":"2023-12-30T06:23:14.871Z","iobWithZeroTemp":{"iob":-0.418,"basaliob":-0.428,"bolussnooze":0,"activity":-0.0043,"lastBolusTime":1703907797250,"time":"2023-12-30T06:23:14.871Z"}},{"iob":0.003,"basaliob":-0.006,"bolussnooze":0,"activity":1.0E-4,"lastBolusTime":1703907797250,"time":"2023-12-30T06:28:14.871Z","iobWithZeroTemp":{"iob":-0.425,"basaliob":-0.434,"bolussnooze":0,"activity":-0.0044,"lastBolusTime":1703907797250,"time":"2023-12-30T06:28:14.871Z"}},{"iob":0.002,"basaliob":-0.006,"bolussnooze":0,"activity":1.0E-4,"lastBolusTime":1703907797250,"time":"2023-12-30T06:33:14.871Z","iobWithZeroTemp":{"iob":-0.432,"basaliob":-0.44,"bolussnooze":0,"activity":-0.0045,"lastBolusTime":1703907797250,"time":"2023-12-30T06:33:14.871Z"}},{"iob":0.002,"basaliob":-0.005,"bolussnooze":0,"activity":1.0E-4,"lastBolusTime":1703907797250,"time":"2023-12-30T06:38:14.871Z","iobWithZeroTemp":{"iob":-0.438,"basaliob":-0.445,"bolussnooze":0,"activity":-0.0046,"lastBolusTime":1703907797250,"time":"2023-12-30T06:38:14.871Z"}},{"iob":0.003,"basaliob":-0.004,"bolussnooze":0,"activity":1.0E-4,"lastBolusTime":1703907797250,"time":"2023-12-30T06:43:14.871Z","iobWithZeroTemp":{"iob":-0.442,"basaliob":-0.449,"bolussnooze":0,"activity":-0.0047,"lastBolusTime":1703907797250,"time":"2023-12-30T06:43:14.871Z"}},{"iob":0.002,"basaliob":-0.004,"bolussnooze":0,"activity":0,"lastBolusTime":1703907797250,"time":"2023-12-30T06:48:14.871Z","iobWithZeroTemp":{"iob":-0.448,"basaliob":-0.454,"bolussnooze":0,"activity":-0.0049,"lastBolusTime":1703907797250,"time":"2023-12-30T06:48:14.871Z"}},{"iob":0.001,"basaliob":-0.004,"bolussnooze":0,"activity":0,"lastBolusTime":1703907797250,"time":"2023-12-30T06:53:14.871Z","iobWithZeroTemp":{"iob":-0.454,"basaliob":-0.459,"bolussnooze":0,"activity":-0.005,"lastBolusTime":1703907797250,"time":"2023-12-30T06:53:14.871Z"}},{"iob":0.002,"basaliob":-0.003,"bolussnooze":0,"activity":0,"lastBolusTime":1703907797250,"time":"2023-12-30T06:58:14.871Z","iobWithZeroTemp":{"iob":-0.457,"basaliob":-0.462,"bolussnooze":0,"activity":-0.0051,"lastBolusTime":1703907797250,"time":"2023-12-30T06:58:14.871Z"}},{"iob":0.001,"basaliob":-0.003,"bolussnooze":0,"activity":0,"lastBolusTime":1703907797250,"time":"2023-12-30T07:03:14.871Z","iobWithZeroTemp":{"iob":-0.461,"basaliob":-0.465,"bolussnooze":0,"activity":-0.0052,"lastBolusTime":1703907797250,"time":"2023-12-30T07:03:14.871Z"}},{"iob":0.002,"basaliob":-0.002,"bolussnooze":0,"activity":0,"lastBolusTime":1703907797250,"time":"2023-12-30T07:08:14.871Z","iobWithZeroTemp":{"iob":-0.463,"basaliob":-0.467,"bolussnooze":0,"activity":-0.0052,"lastBolusTime":1703907797250,"time":"2023-12-30T07:08:14.871Z"}},{"iob":0.001,"basaliob":-0.002,"bolussnooze":0,"activity":0,"lastBolusTime":1703907797250,"time":"2023-12-30T07:13:14.871Z","iobWithZeroTemp":{"iob":-0.467,"basaliob":-0.47,"bolussnooze":0,"activity":-0.0053,"lastBolusTime":1703907797250,"time":"2023-12-30T07:13:14.871Z"}},{"iob":0.001,"basaliob":-0.002,"bolussnooze":0,"activity":1.0E-4,"lastBolusTime":1703907797250,"time":"2023-12-30T07:18:14.871Z","iobWithZeroTemp":{"iob":-0.47,"basaliob":-0.473,"bolussnooze":0,"activity":-0.0052,"lastBolusTime":1703907797250,"time":"2023-12-30T07:18:14.871Z"}},{"iob":0,"basaliob":-0.002,"bolussnooze":0,"activity":1.0E-4,"lastBolusTime":1703907797250,"time":"2023-12-30T07:23:14.871Z","iobWithZeroTemp":{"iob":-0.473,"basaliob":-0.475,"bolussnooze":0,"activity":-0.0053,"lastBolusTime":1703907797250,"time":"2023-12-30T07:23:14.871Z"}},{"iob":0.001,"basaliob":-0.001,"bolussnooze":0,"activity":1.0E-4,"lastBolusTime":1703907797250,"time":"2023-12-30T07:28:14.871Z","iobWithZeroTemp":{"iob":-0.474,"basaliob":-0.476,"bolussnooze":0,"activity":-0.0053,"lastBolusTime":1703907797250,"time":"2023-12-30T07:28:14.871Z"}},{"iob":0.001,"basaliob":-0.001,"bolussnooze":0,"activity":1.0E-4,"lastBolusTime":1703907797250,"time":"2023-12-30T07:33:14.871Z","iobWithZeroTemp":{"iob":-0.476,"basaliob":-0.478,"bolussnooze":0,"activity":-0.0054,"lastBolusTime":1703907797250,"time":"2023-12-30T07:33:14.871Z"}},{"iob":0.001,"basaliob":-0.001,"bolussnooze":0,"activity":0,"lastBolusTime":1703907797250,"time":"2023-12-30T07:38:14.871Z","iobWithZeroTemp":{"iob":-0.478,"basaliob":-0.48,"bolussnooze":0,"activity":-0.0055,"lastBolusTime":1703907797250,"time":"2023-12-30T07:38:14.871Z"}},{"iob":0,"basaliob":-0.001,"bolussnooze":0,"activity":0,"lastBolusTime":1703907797250,"time":"2023-12-30T07:43:14.871Z","iobWithZeroTemp":{"iob":-0.48,"basaliob":-0.481,"bolussnooze":0,"activity":-0.0056,"lastBolusTime":1703907797250,"time":"2023-12-30T07:43:14.871Z"}},{"iob":0,"basaliob":-0.001,"bolussnooze":0,"activity":0,"lastBolusTime":1703907797250,"time":"2023-12-30T07:48:14.871Z","iobWithZeroTemp":{"iob":-0.482,"basaliob":-0.483,"bolussnooze":0,"activity":-0.0056,"lastBolusTime":1703907797250,"time":"2023-12-30T07:48:14.871Z"}},{"iob":0,"basaliob":-0.001,"bolussnooze":0,"activity":0,"lastBolusTime":1703907797250,"time":"2023-12-30T07:53:14.871Z","iobWithZeroTemp":{"iob":-0.483,"basaliob":-0.484,"bolussnooze":0,"activity":-0.0056,"lastBolusTime":1703907797250,"time":"2023-12-30T07:53:14.871Z"}},{"iob":0,"basaliob":-0.001,"bolussnooze":0,"activity":0,"lastBolusTime":1703907797250,"time":"2023-12-30T07:58:14.871Z","iobWithZeroTemp":{"iob":-0.484,"basaliob":-0.485,"bolussnooze":0,"activity":-0.0056,"lastBolusTime":1703907797250,"time":"2023-12-30T07:58:14.871Z"}},{"iob":0,"basaliob":-0.001,"bolussnooze":0,"activity":0,"lastBolusTime":1703907797250,"time":"2023-12-30T08:03:14.871Z","iobWithZeroTemp":{"iob":-0.477,"basaliob":-0.478,"bolussnooze":0,"activity":-0.0057,"lastBolusTime":1703907797250,"time":"2023-12-30T08:03:14.871Z"}},{"iob":0.001,"basaliob":0,"bolussnooze":0,"activity":0,"lastBolusTime":1703907797250,"time":"2023-12-30T08:08:14.871Z","iobWithZeroTemp":{"iob":-0.468,"basaliob":-0.469,"bolussnooze":0,"activity":-0.0056,"lastBolusTime":1703907797250,"time":"2023-12-30T08:08:14.871Z"}},{"iob":0.001,"basaliob":0,"bolussnooze":0,"activity":0,"lastBolusTime":1703907797250,"time":"2023-12-30T08:13:14.871Z","iobWithZeroTemp":{"iob":-0.461,"basaliob":-0.462,"bolussnooze":0,"activity":-0.0056,"lastBolusTime":1703907797250,"time":"2023-12-30T08:13:14.871Z"}},{"iob":0,"basaliob":0,"bolussnooze":0,"activity":0,"lastBolusTime":1703907797250,"time":"2023-12-30T08:18:14.871Z","iobWithZeroTemp":{"iob":-0.455,"basaliob":-0.455,"bolussnooze":0,"activity":-0.0056,"lastBolusTime":1703907797250,"time":"2023-12-30T08:18:14.871Z"}},{"iob":0,"basaliob":0,"bolussnooze":0,"activity":0,"lastBolusTime":1703907797250,"time":"2023-12-30T08:23:14.871Z","iobWithZeroTemp":{"iob":-0.448,"basaliob":-0.448,"bolussnooze":0,"activity":-0.0055,"lastBolusTime":1703907797250,"time":"2023-12-30T08:23:14.871Z"}}],"profile":{"max_iob":10,"type":"current","max_daily_basal":0.35,"max_basal":1.05,"min_bg":95,"max_bg":95,"target_bg":95,"carb_ratio":8.5,"sens":120,"max_daily_safety_multiplier":3,"current_basal_safety_multiplier":4,"lgsThreshold":95,"high_temptarget_raises_sensitivity":true,"low_temptarget_lowers_sensitivity":true,"sensitivity_raises_target":true,"resistance_lowers_target":true,"adv_target_adjustments":false,"exercise_mode":false,"half_basal_exercise_target":160,"maxCOB":120,"skip_neutral_temps":false,"remainingCarbsCap":90,"enableUAM":true,"A52_risk_enable":false,"SMBInterval":3,"enableSMB_with_COB":true,"enableSMB_with_temptarget":true,"allowSMB_with_high_temptarget":false,"enableSMB_always":false,"enableSMB_after_carbs":true,"maxSMBBasalMinutes":45,"maxUAMSMBBasalMinutes":45,"bolus_increment":0.05,"carbsReqThreshold":2,"current_basal":0.35,"temptargetSet":false,"autosens_max":1.3,"autosens_min":0.7,"variable_sens":174.5,"insulinDivisor":75,"TDD":11.708005035714285},"autosens_data":{"ratio":0.9683481784087863},"meal_data":{"carbs":0,"mealCOB":0,"slopeFromMaxDeviation":-0.33,"slopeFromMinDeviation":0,"lastBolusTime":1703907797250,"lastCarbTime":0},"microBolusAllowed":true,"currentTime":1703910496274,"flatBGsDetected":false,"tdd1D":16.6625,"tdd7D":17.065142857142856,"tddLast24H":16.524999999999995,"tddLast4H":1.1916666666666667,"tddLast8to4H":1.3833333333333335},"output":{"temp":"absolute","bg":106,"tick":-1,"eventualBG":103,"targetBG":96,"insulinReq":0,"deliverAt":"2023-12-30T04:28:16.274Z","sensitivityRatio":0.9683481784087863,"variable_sens":174.5,"predBGs":{"IOB":[106,105,104,103,102,101,101,100,99,99,98,98,98,98,97,97,97,97,97,97,96,96,96,96,96,96,96,96,96,96,96,96,96,96,96,96,96,95],"ZT":[106,105,105,104,104,104,104,105,105]},"reason":"COB: 0, Dev: 3, BGI: -1, ISF: 175, CR: 8.5, Target: 96, minPredBG 100, minGuardBG 95, IOBpredBG 95; Eventual BG 103 > 96 but Min. Delta -1.17 < Exp. Delta -1; setting current basal of 0.34 as temp. ","COB":0,"IOB":0.037,"duration":30,"rate":0.3389218624430752,"timestamp":"2023-12-30T04:28:16.306Z"}}