{"algorithm":"OpenAPSAMAPlugin","input":{"glucoseStatus":{"glucose":69,"delta":5,"short_avgdelta":2.15,"long_avgdelta":-4.88},"currenttemp":{"temp":"absolute","duration":5,"rate":0,"minutesrunning":25},"iob_data":[{"iob":-0.197,"basaliob":-0.197,"bolussnooze":0,"activity":7.0E-4,"lastBolusTime":0,"time":"2023-12-23T20:52:00.000Z","iobWithZeroTemp":{"iob":-0.197,"basaliob":-0.197,"bolussnooze":0,"activity":7.0E-4,"lastBolusTime":0,"time":"2023-12-23T20:52:00.000Z"}},{"iob":-0.2,"basaliob":-0.2,"bolussnooze":0,"activity":3.0E-4,"lastBolusTime":0,"time":"2023-12-23T20:57:00.000Z","iobWithZeroTemp":{"iob":-0.242,"basaliob":-0.242,"bolussnooze":0,"activity":3.0E-4,"lastBolusTime":0,"time":"2023-12-23T20:57:00.000Z"}},{"iob":-0.2,"basaliob":-0.2,"bolussnooze":0,"activity":0,"lastBolusTime":0,"time":"2023-12-23T21:02:00.000Z","iobWithZeroTemp":{"iob":-0.283,"basaliob":-0.283,"bolussnooze":0,"activity":-1.0E-4,"lastBolusTime":0,"time":"2023-12-23T21:02:00.000Z"}},{"iob":-0.199,"basaliob":-0.199,"bolussnooze":0,"activity":-3.0E-4,"lastBolusTime":0,"time":"2023-12-23T21:07:00.000Z","iobWithZeroTemp":{"iob":-0.323,"basaliob":-0.323,"bolussnooze":0,"activity":-6.0E-4,"lastBolusTime":0,"time":"2023-12-23T21:07:00.000Z"}},{"iob":-0.197,"basaliob":-0.197,"bolussnooze":0,"activity":-6.0E-4,"lastBolusTime":0,"time":"2023-12-23T21:12:00.000Z","iobWithZeroTemp":{"iob":-0.361,"basaliob":-0.361,"bolussnooze":0,"activity":-0.001,"lastBolusTime":0,"time":"2023-12-23T21:12:00.000Z"}},{"iob":-0.194,"basaliob":-0.194,"bolussnooze":0,"activity":-8.0E-4,"lastBolusTime":0,"time":"2023-12-23T21:17:00.000Z","iobWithZeroTemp":{"iob":-0.397,"basaliob":-0.397,"bolussnooze":0,"activity":-0.0015,"lastBolusTime":0,"time":"2023-12-23T21:17:00.000Z"}},{"iob":-0.189,"basaliob":-0.189,"bolussnooze":0,"activity":-9.0E-4,"lastBolusTime":0,"time":"2023-12-23T21:22:00.000Z","iobWithZeroTemp":{"iob":-0.429,"basaliob":-0.429,"bolussnooze":0,"activity":-0.0018,"lastBolusTime":0,"time":"2023-12-23T21:22:00.000Z"}},{"iob":-0.184,"basaliob":-0.184,"bolussnooze":0,"activity":-0.0011,"lastBolusTime":0,"time":"2023-12-23T21:27:00.000Z","iobWithZeroTemp":{"iob":-0.461,"basaliob":-0.461,"bolussnooze":0,"activity":-0.0022,"lastBolusTime":0,"time":"2023-12-23T21:27:00.000Z"}},{"iob":-0.179,"basaliob":-0.179,"bolussnooze":0,"activity":-0.0012,"lastBolusTime":0,"time":"2023-12-23T21:32:00.000Z","iobWithZeroTemp":{"iob":-0.491,"basaliob":-0.491,"bolussnooze":0,"activity":-0.0026,"lastBolusTime":0,"time":"2023-12-23T21:32:00.000Z"}},{"iob":-0.173,"basaliob":-0.173,"bolussnooze":0,"activity":-0.0012,"lastBolusTime":0,"time":"2023-12-23T21:37:00.000Z","iobWithZeroTemp":{"iob":-0.519,"basaliob":-0.519,"bolussnooze":0,"activity":-0.0029,"lastBolusTime":0,"time":"2023-12-23T21:37:00.000Z"}},{"iob":-0.166,"basaliob":-0.166,"bolussnooze":0,"activity":-0.0013,"lastBolusTime":0,"time":"2023-12-23T21:42:00.000Z","iobWithZeroTemp":{"iob":-0.545,"basaliob":-0.545,"bolussnooze":0,"activity":-0.0033,"lastBolusTime":0,"time":"2023-12-23T21:42:00.000Z"}},{"iob":-0.16,"basaliob":-0.16,"bolussnooze":0,"activity":-0.0013,"lastBolusTime":0,"time":"2023-12-23T21:47:00.000Z","iobWithZeroTemp":{"iob":-0.57,"basaliob":-0.57,"bolussnooze":0,"activity":-0.0036,"lastBolusTime":0,"time":"2023-12-23T21:47:00.000Z"}},{"iob":-0.153,"basaliob":-0.153,"bolussnooze":0,"activity":-0.0014,"lastBolusTime":0,"time":"2023-12-23T21:52:00.000Z","iobWithZeroTemp":{"iob":-0.593,"basaliob":-0.593,"bolussnooze":0,"activity":-0.0039,"lastBolusTime":0,"time":"2023-12-23T21:52:00.000Z"}},{"iob":-0.146,"basaliob":-0.146,"bolussnooze":0,"activity":-0.0014,"lastBolusTime":0,"time":"2023-12-23T21:57:00.000Z","iobWithZeroTemp":{"iob":-0.614,"basaliob":-0.614,"bolussnooze":0,"activity":-0.0042,"lastBolusTime":0,"time":"2023-12-23T21:57:00.000Z"}},{"iob":-0.139,"basaliob":-0.139,"bolussnooze":0,"activity":-0.0014,"lastBolusTime":0,"time":"2023-12-23T22:02:00.000Z","iobWithZeroTemp":{"iob":-0.634,"basaliob":-0.634,"bolussnooze":0,"activity":-0.0045,"lastBolusTime":0,"time":"2023-12-23T22:02:00.000Z"}},{"iob":-0.133,"basaliob":-0.133,"bolussnooze":0,"activity":-0.0013,"lastBolusTime":0,"time":"2023-12-23T22:07:00.000Z","iobWithZeroTemp":{"iob":-0.653,"basaliob":-0.653,"bolussnooze":0,"activity":-0.0047,"lastBolusTime":0,"time":"2023-12-23T22:07:00.000Z"}},{"iob":-0.126,"basaliob":-0.126,"bolussnooze":0,"activity":-0.0013,"lastBolusTime":0,"time":"2023-12-23T22:12:00.000Z","iobWithZeroTemp":{"iob":-0.67,"basaliob":-0.67,"bolussnooze":0,"activity":-0.0049,"lastBolusTime":0,"time":"2023-12-23T22:12:00.000Z"}},{"iob":-0.119,"basaliob":-0.119,"bolussnooze":0,"activity":-0.0013,"lastBolusTime":0,"time":"2023-12-23T22:17:00.000Z","iobWithZeroTemp":{"iob":-0.686,"basaliob":-0.686,"bolussnooze":0,"activity":-0.0052,"lastBolusTime":0,"time":"2023-12-23T22:17:00.000Z"}},{"iob":-0.113,"basaliob":-0.113,"bolussnooze":0,"activity":-0.0013,"lastBolusTime":0,"time":"2023-12-23T22:22:00.000Z","iobWithZeroTemp":{"iob":-0.702,"basaliob":-0.702,"bolussnooze":0,"activity":-0.0055,"lastBolusTime":0,"time":"2023-12-23T22:22:00.000Z"}},{"iob":-0.107,"basaliob":-0.107,"bolussnooze":0,"activity":-0.0012,"lastBolusTime":0,"time":"2023-12-23T22:27:00.000Z","iobWithZeroTemp":{"iob":-0.716,"basaliob":-0.716,"bolussnooze":0,"activity":-0.0056,"lastBolusTime":0,"time":"2023-12-23T22:27:00.000Z"}},{"iob":-0.101,"basaliob":-0.101,"bolussnooze":0,"activity":-0.0012,"lastBolusTime":0,"time":"2023-12-23T22:32:00.000Z","iobWithZeroTemp":{"iob":-0.729,"basaliob":-0.729,"bolussnooze":0,"activity":-0.0058,"lastBolusTime":0,"time":"2023-12-23T22:32:00.000Z"}},{"iob":-0.095,"basaliob":-0.095,"bolussnooze":0,"activity":-0.0011,"lastBolusTime":0,"time":"2023-12-23T22:37:00.000Z","iobWithZeroTemp":{"iob":-0.741,"basaliob":-0.741,"bolussnooze":0,"activity":-0.006,"lastBolusTime":0,"time":"2023-12-23T22:37:00.000Z"}},{"iob":-0.089,"basaliob":-0.089,"bolussnooze":0,"activity":-0.0011,"lastBolusTime":0,"time":"2023-12-23T22:42:00.000Z","iobWithZeroTemp":{"iob":-0.752,"basaliob":-0.752,"bolussnooze":0,"activity":-0.0062,"lastBolusTime":0,"time":"2023-12-23T22:42:00.000Z"}},{"iob":-0.084,"basaliob":-0.084,"bolussnooze":0,"activity":-0.001,"lastBolusTime":0,"time":"2023-12-23T22:47:00.000Z","iobWithZeroTemp":{"iob":-0.763,"basaliob":-0.763,"bolussnooze":0,"activity":-0.0063,"lastBolusTime":0,"time":"2023-12-23T22:47:00.000Z"}},{"iob":-0.079,"basaliob":-0.079,"bolussnooze":0,"activity":-0.001,"lastBolusTime":0,"time":"2023-12-23T22:52:00.000Z","iobWithZeroTemp":{"iob":-0.773,"basaliob":-0.773,"bolussnooze":0,"activity":-0.0065,"lastBolusTime":0,"time":"2023-12-23T22:52:00.000Z"}},{"iob":-0.074,"basaliob":-0.074,"bolussnooze":0,"activity":-0.001,"lastBolusTime":0,"time":"2023-12-23T22:57:00.000Z","iobWithZeroTemp":{"iob":-0.781,"basaliob":-0.781,"bolussnooze":0,"activity":-0.0067,"lastBolusTime":0,"time":"2023-12-23T22:57:00.000Z"}},{"iob":-0.069,"basaliob":-0.069,"bolussnooze":0,"activity":-9.0E-4,"lastBolusTime":0,"time":"2023-12-23T23:02:00.000Z","iobWithZeroTemp":{"iob":-0.789,"basaliob":-0.789,"bolussnooze":0,"activity":-0.0067,"lastBolusTime":0,"time":"2023-12-23T23:02:00.000Z"}},{"iob":-0.065,"basaliob":-0.065,"bolussnooze":0,"activity":-9.0E-4,"lastBolusTime":0,"time":"2023-12-23T23:07:00.000Z","iobWithZeroTemp":{"iob":-0.777,"basaliob":-0.777,"bolussnooze":0,"activity":-0.0069,"lastBolusTime":0,"time":"2023-12-23T23:07:00.000Z"}},{"iob":-0.061,"basaliob":-0.061,"bolussnooze":0,"activity":-8.0E-4,"lastBolusTime":0,"time":"2023-12-23T23:12:00.000Z","iobWithZeroTemp":{"iob":-0.763,"basaliob":-0.763,"bolussnooze":0,"activity":-0.0069,"lastBolusTime":0,"time":"2023-12-23T23:12:00.000Z"}},{"iob":-0.057,"basaliob":-0.057,"bolussnooze":0,"activity":-8.0E-4,"lastBolusTime":0,"time":"2023-12-23T23:17:00.000Z","iobWithZeroTemp":{"iob":-0.749,"basaliob":-0.749,"bolussnooze":0,"activity":-0.007,"lastBolusTime":0,"time":"2023-12-23T23:17:00.000Z"}},{"iob":-0.053,"basaliob":-0.053,"bolussnooze":0,"activity":-7.0E-4,"lastBolusTime":0,"time":"2023-12-23T23:22:00.000Z","iobWithZeroTemp":{"iob":-0.735,"basaliob":-0.735,"bolussnooze":0,"activity":-0.0069,"lastBolusTime":0,"time":"2023-12-23T23:22:00.000Z"}},{"iob":-0.049,"basaliob":-0.049,"bolussnooze":0,"activity":-7.0E-4,"lastBolusTime":0,"time":"2023-12-23T23:27:00.000Z","iobWithZeroTemp":{"iob":-0.721,"basaliob":-0.721,"bolussnooze":0,"activity":-0.0069,"lastBolusTime":0,"time":"2023-12-23T23:27:00.000Z"}},{"iob":-0.046,"basaliob":-0.046,"bolussnooze":0,"activity":-7.0E-4,"lastBolusTime":0,"time":"2023-12-23T23:32:00.000Z","iobWithZeroTemp":{"iob":-0.708,"basaliob":-0.708,"bolussnooze":0,"activity":-0.007,"lastBolusTime":0,"time":"2023-12-23T23:32:00.000Z"}},{"iob":-0.043,"basaliob":-0.043,"bolussnooze":0,"activity":-6.0E-4,"lastBolusTime":0,"time":"2023-12-23T23:37:00.000Z","iobWithZeroTemp":{"iob":-0.694,"basaliob":-0.694,"bolussnooze":0,"activity":-0.0068,"lastBolusTime":0,"time":"2023-12-23T23:37:00.000Z"}},{"iob":-0.04,"basaliob":-0.04,"bolussnooze":0,"activity":-6.0E-4,"lastBolusTime":0,"time":"2023-12-23T23:42:00.000Z","iobWithZeroTemp":{"iob":-0.681,"basaliob":-0.681,"bolussnooze":0,"activity":-0.0068,"lastBolusTime":0,"time":"2023-12-23T23:42:00.000Z"}},{"iob":-0.037,"basaliob":-0.037,"bolussnooze":0,"activity":-5.0E-4,"lastBolusTime":0,"time":"2023-12-23T23:47:00.000Z","iobWithZeroTemp":{"iob":-0.668,"basaliob":-0.668,"bolussnooze":0,"activity":-0.0067,"lastBolusTime":0,"time":"2023-12-23T23:47:00.000Z"}},{"iob":-0.035,"basaliob":-0.035,"bolussnooze":0,"activity":-5.0E-4,"lastBolusTime":0,"time":"2023-12-23T23:52:00.000Z","iobWithZeroTemp":{"iob":-0.656,"basaliob":-0.656,"bolussnooze":0,"activity":-0.0066,"lastBolusTime":0,"time":"2023-12-23T23:52:00.000Z"}},{"iob":-0.032,"basaliob":-0.032,"bolussnooze":0,"activity":-5.0E-4,"lastBolusTime":0,"time":"2023-12-23T23:57:00.000Z","iobWithZeroTemp":{"iob":-0.643,"basaliob":-0.643,"bolussnooze":0,"activity":-0.0066,"lastBolusTime":0,"time":"2023-12-23T23:57:00.000Z"}},{"iob":-0.03,"basaliob":-0.03,"bolussnooze":0,"activity":-4.0E-4,"lastBolusTime":0,"time":"2023-12-24T00:02:00.000Z","iobWithZeroTemp":{"iob":-0.632,"basaliob":-0.632,"bolussnooze":0,"activity":-0.0064,"lastBolusTime":0,"time":"2023-12-24T00:02:00.000Z"}},{"iob":-0.028,"basaliob":-0.028,"bolussnooze":0,"activity":-4.0E-4,"lastBolusTime":0,"time":"2023-12-24T00:07:00.000Z","iobWithZeroTemp":{"iob":-0.62,"basaliob":-0.62,"bolussnooze":0,"activity":-0.0064,"lastBolusTime":0,"time":"2023-12-24T00:07:00.000Z"}},{"iob":-0.026,"basaliob":-0.026,"bolussnooze":0,"activity":-4.0E-4,"lastBolusTime":0,"time":"2023-12-24T00:12:00.000Z","iobWithZeroTemp":{"iob":-0.61,"basaliob":-0.61,"bolussnooze":0,"activity":-0.0063,"lastBolusTime":0,"time":"2023-12-24T00:12:00.000Z"}},{"iob":-0.024,"basaliob":-0.024,"bolussnooze":0,"activity":-4.0E-4,"lastBolusTime":0,"time":"2023-12-24T00:17:00.000Z","iobWithZeroTemp":{"iob":-0.599,"basaliob":-0.599,"bolussnooze":0,"activity":-0.0062,"lastBolusTime":0,"time":"2023-12-24T00:17:00.000Z"}},{"iob":-0.022,"basaliob":-0.022,"bolussnooze":0,"activity":-3.0E-4,"lastBolusTime":0,"time":"2023-12-24T00:22:00.000Z","iobWithZeroTemp":{"iob":-0.589,"basaliob":-0.589,"bolussnooze":0,"activity":-0.0061,"lastBolusTime":0,"time":"2023-12-24T00:22:00.000Z"}},{"iob":-0.02,"basaliob":-0.02,"bolussnooze":0,"activity":-3.0E-4,"lastBolusTime":0,"time":"2023-12-24T00:27:00.000Z","iobWithZeroTemp":{"iob":-0.579,"basaliob":-0.579,"bolussnooze":0,"activity":-0.006,"lastBolusTime":0,"time":"2023-12-24T00:27:00.000Z"}},{"iob":-0.019,"basaliob":-0.019,"bolussnooze":0,"activity":-3.0E-4,"lastBolusTime":0,"time":"2023-12-24T00:32:00.000Z","iobWithZeroTemp":{"iob":-0.571,"basaliob":-0.571,"bolussnooze":0,"activity":-0.0059,"lastBolusTime":0,"time":"2023-12-24T00:32:00.000Z"}},{"iob":-0.017,"basaliob":-0.017,"bolussnooze":0,"activity":-3.0E-4,"lastBolusTime":0,"time":"2023-12-24T00:37:00.000Z","iobWithZeroTemp":{"iob":-0.562,"basaliob":-0.562,"bolussnooze":0,"activity":-0.0058,"lastBolusTime":0,"time":"2023-12-24T00:37:00.000Z"}},{"iob":-0.016,"basaliob":-0.016,"bolussnooze":0,"activity":-3.0E-4,"lastBolusTime":0,"time":"2023-12-24T00:42:00.000Z","iobWithZeroTemp":{"iob":-0.554,"basaliob":-0.554,"bolussnooze":0,"activity":-0.0058,"lastBolusTime":0,"time":"2023-12-24T00:42:00.000Z"}},{"iob":-0.015,"basaliob":-0.015,"bolussnooze":0,"activity":-2.0E-4,"lastBolusTime":0,"time":"2023-12-24T00:47:00.000Z","iobWithZeroTemp":{"iob":-0.547,"basaliob":-0.547,"bolussnooze":0,"activity":-0.0056,"lastBolusTime":0,"time":"2023-12-24T00:47:00.000Z"}},{"iob":-0.013,"basaliob":-0.013,"bolussnooze":0,"activity":-2.0E-4,"lastBolusTime":0,"time":"2023-12-24T00:52:00.000Z","iobWithZeroTemp":{"iob":-0.539,"basaliob":-0.539,"bolussnooze":0,"activity":-0.0055,"lastBolusTime":0,"time":"2023-12-24T00:52:00.000Z"}},{"iob":-0.012,"basaliob":-0.012,"bolussnooze":0,"activity":-2.0E-4,"lastBolusTime":0,"time":"2023-12-24T00:57:00.000Z","iobWithZeroTemp":{"iob":-0.511,"basaliob":-0.511,"bolussnooze":0,"activity":-0.0055,"lastBolusTime":0,"time":"2023-12-24T00:57:00.000Z"}},{"iob":-0.011,"basaliob":-0.011,"bolussnooze":0,"activity":-2.0E-4,"lastBolusTime":0,"time":"2023-12-24T01:02:00.000Z","iobWithZeroTemp":{"iob":-0.484,"basaliob":-0.484,"bolussnooze":0,"activity":-0.0054,"lastBolusTime":0,"time":"2023-12-24T01:02:00.000Z"}},{"iob":-0.01,"basaliob":-0.01,"bolussnooze":0,"activity":-2.0E-4,"lastBolusTime":0,"time":"2023-12-24T01:07:00.000Z","iobWithZeroTemp":{"iob":-0.458,"basaliob":-0.458,"bolussnooze":0,"activity":-0.0052,"lastBolusTime":0,"time":"2023-12-24T01:07:00.000Z"}},{"iob":-0.01,"basaliob":-0.01,"bolussnooze":0,"activity":-2.0E-4,"lastBolusTime":0,"time":"2023-12-24T01:12:00.000Z","iobWithZeroTemp":{"iob":-0.433,"basaliob":-0.433,"bolussnooze":0,"activity":-0.0051,"lastBolusTime":0,"time":"2023-12-24T01:12:00.000Z"}},{"iob":-0.009,"basaliob":-0.009,"bolussnooze":0,"activity":-2.0E-4,"lastBolusTime":0,"time":"2023-12-24T01:17:00.000Z","iobWithZeroTemp":{"iob":-0.408,"basaliob":-0.408,"bolussnooze":0,"activity":-0.0049,"lastBolusTime":0,"time":"2023-12-24T01:17:00.000Z"}},{"iob":-0.008,"basaliob":-0.008,"bolussnooze":0,"activity":-1.0E-4,"lastBolusTime":0,"time":"2023-12-24T01:22:00.000Z","iobWithZeroTemp":{"iob":-0.384,"basaliob":-0.384,"bolussnooze":0,"activity":-0.0046,"lastBolusTime":0,"time":"2023-12-24T01:22:00.000Z"}},{"iob":-0.007,"basaliob":-0.007,"bolussnooze":0,"activity":-1.0E-4,"lastBolusTime":0,"time":"2023-12-24T01:27:00.000Z","iobWithZeroTemp":{"iob":-0.361,"basaliob":-0.361,"bolussnooze":0,"activity":-0.0045,"lastBolusTime":0,"time":"2023-12-24T01:27:00.000Z"}},{"iob":-0.007,"basaliob":-0.007,"bolussnooze":0,"activity":-1.0E-4,"lastBolusTime":0,"time":"2023-12-24T01:32:00.000Z","iobWithZeroTemp":{"iob":-0.339,"basaliob":-0.339,"bolussnooze":0,"activity":-0.0043,"lastBolusTime":0,"time":"2023-12-24T01:32:00.000Z"}},{"iob":-0.006,"basaliob":-0.006,"bolussnooze":0,"activity":-1.0E-4,"lastBolusTime":0,"time":"2023-12-24T01:37:00.000Z","iobWithZeroTemp":{"iob":-0.318,"basaliob":-0.318,"bolussnooze":0,"activity":-0.0041,"lastBolusTime":0,"time":"2023-12-24T01:37:00.000Z"}},{"iob":-0.006,"basaliob":-0.006,"bolussnooze":0,"activity":-1.0E-4,"lastBolusTime":0,"time":"2023-12-24T01:42:00.000Z","iobWithZeroTemp":{"iob":-0.298,"basaliob":-0.298,"bolussnooze":0,"activity":-0.0039,"lastBolusTime":0,"time":"2023-12-24T01:42:00.000Z"}},{"iob":-0.005,"basaliob":-0.005,"bolussnooze":0,"activity":-1.0E-4,"lastBolusTime":0,"time":"2023-12-24T01:47:00.000Z","iobWithZeroTemp":{"iob":-0.279,"basaliob":-0.279,"bolussnooze":0,"activity":-0.0037,"lastBolusTime":0,"time":"2023-12-24T01:47:00.000Z"}},{"iob":-0.005,"basaliob":-0.005,"bolussnooze":0,"activity":-1.0E-4,"lastBolusTime":0,"time":"2023-12-24T01:52:00.000Z","iobWithZeroTemp":{"iob":-0.261,"basaliob":-0.261,"bolussnooze":0,"activity":-0.0035,"lastBolusTime":0,"time":"2023-12-24T01:52:00.000Z"}},{"iob":-0.004,"basaliob":-0.004,"bolussnooze":0,"activity":-1.0E-4,"lastBolusTime":0,"time":"2023-12-24T01:57:00.000Z","iobWithZeroTemp":{"iob":-0.243,"basaliob":-0.243,"bolussnooze":0,"activity":-0.0034,"lastBolusTime":0,"time":"2023-12-24T01:57:00.000Z"}},{"iob":-0.004,"basaliob":-0.004,"bolussnooze":0,"activity":-1.0E-4,"lastBolusTime":0,"time":"2023-12-24T02:02:00.000Z","iobWithZeroTemp":{"iob":-0.227,"basaliob":-0.227,"bolussnooze":0,"activity":-0.0032,"lastBolusTime":0,"time":"2023-12-24T02:02:00.000Z"}},{"iob":-0.004,"basaliob":-0.004,"bolussnooze":0,"activity":-1.0E-4,"lastBolusTime":0,"time":"2023-12-24T02:07:00.000Z","iobWithZeroTemp":{"iob":-0.212,"basaliob":-0.212,"bolussnooze":0,"activity":-0.003,"lastBolusTime":0,"time":"2023-12-24T02:07:00.000Z"}},{"iob":-0.003,"basaliob":-0.003,"bolussnooze":0,"activity":-1.0E-4,"lastBolusTime":0,"time":"2023-12-24T02:12:00.000Z","iobWithZeroTemp":{"iob":-0.197,"basaliob":-0.197,"bolussnooze":0,"activity":-0.0029,"lastBolusTime":0,"time":"2023-12-24T02:12:00.000Z"}},{"iob":-0.003,"basaliob":-0.003,"bolussnooze":0,"activity":-1.0E-4,"lastBolusTime":0,"time":"2023-12-24T02:17:00.000Z","iobWithZeroTemp":{"iob":-0.184,"basaliob":-0.184,"bolussnooze":0,"activity":-0.0027,"lastBolusTime":0,"time":"2023-12-24T02:17:00.000Z"}},{"iob":-0.003,"basaliob":-0.003,"bolussnooze":0,"activity":-1.0E-4,"lastBolusTime":0,"time":"2023-12-24T02:22:00.000Z","iobWithZeroTemp":{"iob":-0.171,"basaliob":-0.171,"bolussnooze":0,"activity":-0.0025,"lastBolusTime":0,"time":"2023-12-24T02:22:00.000Z"}},{"iob":-0.002,"basaliob":-0.002,"bolussnooze":0,"activity":0,"lastBolusTime":0,"time":"2023-12-24T02:27:00.000Z","iobWithZeroTemp":{"iob":-0.158,"basaliob":-0.158,"bolussnooze":0,"activity":-0.0023,"lastBolusTime":0,"time":"2023-12-24T02:27:00.000Z"}},{"iob":-0.002,"basaliob":-0.002,"bolussnooze":0,"activity":0,"lastBolusTime":0,"time":"2023-12-24T02:32:00.000Z","iobWithZeroTemp":{"iob":-0.147,"basaliob":-0.147,"bolussnooze":0,"activity":-0.0022,"lastBolusTime":0,"time":"2023-12-24T02:32:00.000Z"}},{"iob":-0.002,"basaliob":-0.002,"bolussnooze":0,"activity":0,"lastBolusTime":0,"time":"2023-12-24T02:37:00.000Z","iobWithZeroTemp":{"iob":-0.137,"basaliob":-0.137,"bolussnooze":0,"activity":-0.002,"lastBolusTime":0,"time":"2023-12-24T02:37:00.000Z"}},{"iob":-0.002,"basaliob":-0.002,"bolussnooze":0,"activity":0,"lastBolusTime":0,"time":"2023-12-24T02:42:00.000Z","iobWithZeroTemp":{"iob":-0.127,"basaliob":-0.127,"bolussnooze":0,"activity":-0.0019,"lastBolusTime":0,"time":"2023-12-24T02:42:00.000Z"}},{"iob":-0.002,"basaliob":-0.002,"bolussnooze":0,"activity":0,"lastBolusTime":0,"time":"2023-12-24T02:47:00.000Z","iobWithZeroTemp":{"iob":-0.118,"basaliob":-0.118,"bolussnooze":0,"activity":-0.0018,"lastBolusTime":0,"time":"2023-12-24T02:47:00.000Z"}},{"iob":-0.001,"basaliob":-0.001,"bolussnooze":0,"activity":0,"lastBolusTime":0,"time":"2023-12-24T02:52:00.000Z","iobWithZeroTemp":{"iob":-0.108,"basaliob":-0.108,"bolussnooze":0,"activity":-0.0017,"lastBolusTime":0,"time":"2023-12-24T02:52:00.000Z"}},{"iob":-0.001,"basaliob":-0.001,"bolussnooze":0,"activity":0,"lastBolusTime":0,"time":"2023-12-24T02:57:00.000Z","iobWithZeroTemp":{"iob":-0.1,"basaliob":-0.1,"bolussnooze":0,"activity":-0.0015,"lastBolusTime":0,"time":"2023-12-24T02:57:00.000Z"}},{"iob":-0.001,"basaliob":-0.001,"bolussnooze":0,"activity":0,"lastBolusTime":0,"time":"2023-12-24T03:02:00.000Z","iobWithZeroTemp":{"iob":-0.093,"basaliob":-0.093,"bolussnooze":0,"activity":-0.0014,"lastBolusTime":0,"time":"2023-12-24T03:02:00.000Z"}},{"iob":-0.001,"basaliob":-0.001,"bolussnooze":0,"activity":0,"lastBolusTime":0,"time":"2023-12-24T03:07:00.000Z","iobWithZeroTemp":{"iob":-0.086,"basaliob":-0.086,"bolussnooze":0,"activity":-0.0013,"lastBolusTime":0,"time":"2023-12-24T03:07:00.000Z"}},{"iob":-0.001,"basaliob":-0.001,"bolussnooze":0,"activity":0,"lastBolusTime":0,"time":"2023-12-24T03:12:00.000Z","iobWithZeroTemp":{"iob":-0.079,"basaliob":-0.079,"bolussnooze":0,"activity":-0.0013,"lastBolusTime":0,"time":"2023-12-24T03:12:00.000Z"}},{"iob":-0.001,"basaliob":-0.001,"bolussnooze":0,"activity":0,"lastBolusTime":0,"time":"2023-12-24T03:17:00.000Z","iobWithZeroTemp":{"iob":-0.073,"basaliob":-0.073,"bolussnooze":0,"activity":-0.0012,"lastBolusTime":0,"time":"2023-12-24T03:17:00.000Z"}},{"iob":-0.001,"basaliob":-0.001,"bolussnooze":0,"activity":0,"lastBolusTime":0,"time":"2023-12-24T03:22:00.000Z","iobWithZeroTemp":{"iob":-0.067,"basaliob":-0.067,"bolussnooze":0,"activity":-0.0011,"lastBolusTime":0,"time":"2023-12-24T03:22:00.000Z"}},{"iob":-0.001,"basaliob":-0.001,"bolussnooze":0,"activity":0,"lastBolusTime":0,"time":"2023-12-24T03:27:00.000Z","iobWithZeroTemp":{"iob":-0.062,"basaliob":-0.062,"bolussnooze":0,"activity":-0.001,"lastBolusTime":0,"time":"2023-12-24T03:27:00.000Z"}},{"iob":-0.001,"basaliob":-0.001,"bolussnooze":0,"activity":0,"lastBolusTime":0,"time":"2023-12-24T03:32:00.000Z","iobWithZeroTemp":{"iob":-0.057,"basaliob":-0.057,"bolussnooze":0,"activity":-9.0E-4,"lastBolusTime":0,"time":"2023-12-24T03:32:00.000Z"}},{"iob":0,"basaliob":0,"bolussnooze":0,"activity":0,"lastBolusTime":0,"time":"2023-12-24T03:37:00.000Z","iobWithZeroTemp":{"iob":-0.052,"basaliob":-0.052,"bolussnooze":0,"activity":-9.0E-4,"lastBolusTime":0,"time":"2023-12-24T03:37:00.000Z"}},{"iob":0,"basaliob":0,"bolussnooze":0,"activity":0,"lastBolusTime":0,"time":"2023-12-24T03:42:00.000Z","iobWithZeroTemp":{"iob":-0.048,"basaliob":-0.048,"bolussnooze":0,"activity":-8.0E-4,"lastBolusTime":0,"time":"2023-12-24T03:42:00.000Z"}},{"iob":0,"basaliob":0,"bolussnooze":0,"activity":0,"lastBolusTime":0,"time":"2023-12-24T03:47:00.000Z","iobWithZeroTemp":{"iob":-0.044,"basaliob":-0.044,"bolussnooze":0,"activity":-7.0E-4,"lastBolusTime":0,"time":"2023-12-24T03:47:00.000Z"}},{"iob":0,"basaliob":0,"bolussnooze":0,"activity":0,"lastBolusTime":0,"time":"2023-12-24T03:52:00.000Z","iobWithZeroTemp":{"iob":-0.04,"basaliob":-0.04,"bolussnooze":0,"activity":-7.0E-4,"lastBolusTime":0,"time":"2023-12-24T03:52:00.000Z"}},{"iob":0,"basaliob":0,"bolussnooze":0,"activity":0,"lastBolusTime":0,"time":"2023-12-24T03:57:00.000Z","iobWithZeroTemp":{"iob":-0.037,"basaliob":-0.037,"bolussnooze":0,"activity":-6.0E-4,"lastBolusTime":0,"time":"2023-12-24T03:57:00.000Z"}},{"iob":0,"basaliob":0,"bolussnooze":0,"activity":0,"lastBolusTime":0,"time":"2023-12-24T04:02:00.000Z","iobWithZeroTemp":{"iob":-0.034,"basaliob":-0.034,"bolussnooze":0,"activity":-6.0E-4,"lastBolusTime":0,"time":"2023-12-24T04:02:00.000Z"}},{"iob":0,"basaliob":0,"bolussnooze":0,"activity":0,"lastBolusTime":0,"time":"2023-12-24T04:07:00.000Z","iobWithZeroTemp":{"iob":-0.031,"basaliob":-0.031,"bolussnooze":0,"activity":-5.0E-4,"lastBolusTime":0,"time":"2023-12-24T04:07:00.000Z"}},{"iob":0,"basaliob":0,"bolussnooze":0,"activity":0,"lastBolusTime":0,"time":"2023-12-24T04:12:00.000Z","iobWithZeroTemp":{"iob":-0.028,"basaliob":-0.028,"bolussnooze":0,"activity":-5.0E-4,"lastBolusTime":0,"time":"2023-12-24T04:12:00.000Z"}},{"iob":0,"basaliob":0,"bolussnooze":0,"activity":0,"lastBolusTime":0,"time":"2023-12-24T04:17:00.000Z","iobWithZeroTemp":{"iob":-0.026,"basaliob":-0.026,"bolussnooze":0,"activity":-5.0E-4,"lastBolusTime":0,"time":"2023-12-24T04:17:00.000Z"}},{"iob":0,"basaliob":0,"bolussnooze":0,"activity":0,"lastBolusTime":0,"time":"2023-12-24T04:22:00.000Z","iobWithZeroTemp":{"iob":-0.024,"basaliob":-0.024,"bolussnooze":0,"activity":-4.0E-4,"lastBolusTime":0,"time":"2023-12-24T04:22:00.000Z"}},{"iob":0,"basaliob":0,"bolussnooze":0,"activity":0,"lastBolusTime":0,"time":"2023-12-24T04:27:00.000Z","iobWithZeroTemp":{"iob":-0.022,"basaliob":-0.022,"bolussnooze":0,"activity":-4.0E-4,"lastBolusTime":0,"time":"2023-12-24T04:27:00.000Z"}},{"iob":0,"basaliob":0,"bolussnooze":0,"activity":0,"lastBolusTime":0,"time":"2023-12-24T04:32:00.000Z","iobWithZeroTemp":{"iob":-0.02,"basaliob":-0.02,"bolussnooze":0,"activity":-4.0E-4,"lastBolusTime":0,"time":"2023-12-24T04:32:00.000Z"}},{"iob":0,"basaliob":0,"bolussnooze":0,"activity":0,"lastBolusTime":0,"time":"2023-12-24T04:37:00.000Z","iobWithZeroTemp":{"iob":-0.018,"basaliob":-0.018,"bolussnooze":0,"activity":-3.0E-4,"lastBolusTime":0,"time":"2023-12-24T04:37:00.000Z"}},{"iob":0,"basaliob":0,"bolussnooze":0,"activity":0,"lastBolusTime":0,"time":"2023-12-24T04:42:00.000Z","iobWithZeroTemp":{"iob":-0.016,"basaliob":-0.016,"bolussnooze":0,"activity":-3.0E-4,"lastBolusTime":0,"time":"2023-12-24T04:42:00.000Z"}},{"iob":0,"basaliob":0,"bolussnooze":0,"activity":0,"lastBolusTime":0,"time":"2023-12-24T04:47:00.000Z","iobWithZeroTemp":{"iob":-0.015,"basaliob":-0.015,"bolussnooze":0,"activity":-3.0E-4,"lastBolusTime":0,"time":"2023-12-24T04:47:00.000Z"}},{"iob":0,"basaliob":0,"bolussnooze":0,"activity":0,"lastBolusTime":0,"time":"2023-12-24T04:52:00.000Z","iobWithZeroTemp":{"iob":-0.013,"basaliob":-0.013,"bolussnooze":0,"activity":-3.0E-4,"lastBolusTime":0,"time":"2023-12-24T04:52:00.000Z"}},{"iob":0,"basaliob":0,"bolussnooze":0,"activity":0,"lastBolusTime":0,"time":"2023-12-24T04:57:00.000Z","iobWithZeroTemp":{"iob":-0.012,"basaliob":-0.012,"bolussnooze":0,"activity":-2.0E-4,"lastBolusTime":0,"time":"2023-12-24T04:57:00.000Z"}},{"iob":0,"basaliob":0,"bolussnooze":0,"activity":0,"lastBolusTime":0,"time":"2023-12-24T05:02:00.000Z","iobWithZeroTemp":{"iob":-0.011,"basaliob":-0.011,"bolussnooze":0,"activity":-2.0E-4,"lastBolusTime":0,"time":"2023-12-24T05:02:00.000Z"}},{"iob":0,"basaliob":0,"bolussnooze":0,"activity":0,"lastBolusTime":0,"time":"2023-12-24T05:07:00.000Z","iobWithZeroTemp":{"iob":-0.01,"basaliob":-0.01,"bolussnooze":0,"activity":-2.0E-4,"lastBolusTime":0,"time":"2023-12-24T05:07:00.000Z"}},{"iob":0,"basaliob":0,"bolussnooze":0,"activity":0,"lastBolusTime":0,"time":"2023-12-24T05:12:00.000Z","iobWithZeroTemp":{"iob":-0.009,"basaliob":-0.009,"bolussnooze":0,"activity":-2.0E-4,"lastBolusTime":0,"time":"2023-12-24T05:12:00.000Z"}},{"iob":0,"basaliob":0,"bolussnooze":0,"activity":0,"lastBolusTime":0,"time":"2023-12-24T05:17:00.000Z","iobWithZeroTemp":{"iob":-0.008,"basaliob":-0.008,"bolussnooze":0,"activity":-2.0E-4,"lastBolusTime":0,"time":"2023-12-24T05:17:00.000Z"}},{"iob":0,"basaliob":0,"bolussnooze":0,"activity":0,"lastBolusTime":0,"time":"2023-12-24T05:22:00.000Z","iobWithZeroTemp":{"iob":-0.007,"basaliob":-0.007,"bolussnooze":0,"activity":-2.0E-4,"lastBolusTime":0,"time":"2023-12-24T05:22:00.000Z"}},{"iob":0,"basaliob":0,"bolussnooze":0,"activity":0,"lastBolusTime":0,"time":"2023-12-24T05:27:00.000Z","iobWithZeroTemp":{"iob":-0.007,"basaliob":-0.007,"bolussnooze":0,"activity":-1.0E-4,"lastBolusTime":0,"time":"2023-12-24T05:27:00.000Z"}},{"iob":0,"basaliob":0,"bolussnooze":0,"activity":0,"lastBolusTime":0,"time":"2023-12-24T05:32:00.000Z","iobWithZeroTemp":{"iob":-0.006,"basaliob":-0.006,"bolussnooze":0,"activity":-1.0E-4,"lastBolusTime":0,"time":"2023-12-24T05:32:00.000Z"}},{"iob":0,"basaliob":0,"bolussnooze":0,"activity":0,"lastBolusTime":0,"time":"2023-12-24T05:37:00.000Z","iobWithZeroTemp":{"iob":-0.005,"basaliob":-0.005,"bolussnooze":0,"activity":-1.0E-4,"lastBolusTime":0,"time":"2023-12-24T05:37:00.000Z"}},{"iob":0,"basaliob":0,"bolussnooze":0,"activity":0,"lastBolusTime":0,"time":"2023-12-24T05:42:00.000Z","iobWithZeroTemp":{"iob":-0.005,"basaliob":-0.005,"bolussnooze":0,"activity":-1.0E-4,"lastBolusTime":0,"time":"2023-12-24T05:42:00.000Z"}},{"iob":0,"basaliob":0,"bolussnooze":0,"activity":0,"lastBolusTime":0,"time":"2023-12-24T05:47:00.000Z","iobWithZeroTemp":{"iob":-0.004,"basaliob":-0.004,"bolussnooze":0,"activity":-1.0E-4,"lastBolusTime":0,"time":"2023-12-24T05:47:00.000Z"}},{"iob":0,"basaliob":0,"bolussnooze":0,"activity":0,"lastBolusTime":0,"time":"2023-12-24T05:52:00.000Z","iobWithZeroTemp":{"iob":-0.004,"basaliob":-0.004,"bolussnooze":0,"activity":-1.0E-4,"lastBolusTime":0,"time":"2023-12-24T05:52:00.000Z"}},{"iob":0,"basaliob":0,"bolussnooze":0,"activity":0,"lastBolusTime":0,"time":"2023-12-24T05:57:00.000Z","iobWithZeroTemp":{"iob":-0.004,"basaliob":-0.004,"bolussnooze":0,"activity":-1.0E-4,"lastBolusTime":0,"time":"2023-12-24T05:57:00.000Z"}},{"iob":0,"basaliob":0,"bolussnooze":0,"activity":0,"lastBolusTime":0,"time":"2023-12-24T06:02:00.000Z","iobWithZeroTemp":{"iob":-0.003,"basaliob":-0.003,"bolussnooze":0,"activity":-1.0E-4,"lastBolusTime":0,"time":"2023-12-24T06:02:00.000Z"}},{"iob":0,"basaliob":0,"bolussnooze":0,"activity":0,"lastBolusTime":0,"time":"2023-12-24T06:07:00.000Z","iobWithZeroTemp":{"iob":-0.003,"basaliob":-0.003,"bolussnooze":0,"activity":-1.0E-4,"lastBolusTime":0,"time":"2023-12-24T06:07:00.000Z"}},{"iob":0,"basaliob":0,"bolussnooze":0,"activity":0,"lastBolusTime":0,"time":"2023-12-24T06:12:00.000Z","iobWithZeroTemp":{"iob":-0.003,"basaliob":-0.003,"bolussnooze":0,"activity":-1.0E-4,"lastBolusTime":0,"time":"2023-12-24T06:12:00.000Z"}},{"iob":0,"basaliob":0,"bolussnooze":0,"activity":0,"lastBolusTime":0,"time":"2023-12-24T06:17:00.000Z","iobWithZeroTemp":{"iob":-0.002,"basaliob":-0.002,"bolussnooze":0,"activity":-1.0E-4,"lastBolusTime":0,"time":"2023-12-24T06:17:00.000Z"}}],"profile":{"max_iob":1.5,"dia":3,"type":"current","max_daily_basal":0.5,"max_basal":1.5,"min_bg":90,"max_bg":90,"target_bg":90,"carb_ratio":20,"sens":117,"max_daily_safety_multiplier":3,"current_basal_safety_multiplier":4,"skip_neutral_temps":true,"current_basal":0.5,"temptargetSet":false,"autosens_adjust_targets":true,"min_5m_carbimpact":5.5,"out_units":"mmol\/L"},"autosens_data":{"ratio":1.01},"meal_data":{"carbs":0,"mealCOB":0}},"output":{"temp":"absolute","bg":69,"tick":"+5","eventualBG":65,"snoozeBG":65,"predBGs":{"IOB":[69,64,61,57,54,52,50,49,48,48,48,48,49,50,50,51,52,53,53,54,55,56,56,57,57,58,59,59,60,60,60,61,61,62,62,62,63,63,63,64,64,64,64,64,65,65,65,65,65,65,65,66,66,66,66,66,66,66,66,66,66,66,66,66,66,67]},"COB":0,"IOB":-0.197,"reason":"COB: 0, Dev: -27, BGI: -0.41, ISF: 6.4, Target: 5.0; Autosens: 1.01; BG 3.8<3.9, delta 5>0; setting current basal of 0.51 as temp","duration":30,"rate":0.505,"timestamp":"2023-12-23T20:51:06.724Z"}}