{"algorithm":"OpenAPSAMAPlugin","input":{"glucoseStatus":{"glucose":111,"delta":-16.33,"short_avgdelta":-15.83,"long_avgdelta":-10.83},"currenttemp":{"temp":"absolute","duration":25,"rate":0,"minutesrunning":5},"iob_data":[{"iob":0.453,"basaliob":0.407,"bolussnooze":0.0372,"activity":0.0056,"lastBolusTime":1703254530927,"time":"2023-12-22T14:42:00.000Z","iobWithZeroTemp":{"iob":0.453,"basaliob":0.407,"bolussnooze":0.0372,"activity":0.0056,"lastBolusTime":1703254530927,"time":"2023-12-22T14:42:00.000Z"}},{"iob":0.425,"basaliob":0.381,"bolussnooze":0.0337,"activity":0.0053,"lastBolusTime":1703254530927,"time":"2023-12-22T14:47:00.000Z","iobWithZeroTemp":{"iob":0.4,"basaliob":0.356,"bolussnooze":0.0337,"activity":0.0053,"lastBolusTime":1703254530927,"time":"2023-12-22T14:47:00.000Z"}},{"iob":0.399,"basaliob":0.356,"bolussnooze":0.0304,"activity":0.0051,"lastBolusTime":1703254530927,"time":"2023-12-22T14:52:00.000Z","iobWithZeroTemp":{"iob":0.349,"basaliob":0.306,"bolussnooze":0.0304,"activity":0.005,"lastBolusTime":1703254530927,"time":"2023-12-22T14:52:00.000Z"}},{"iob":0.374,"basaliob":0.333,"bolussnooze":0.0272,"activity":0.0048,"lastBolusTime":1703254530927,"time":"2023-12-22T14:57:00.000Z","iobWithZeroTemp":{"iob":0.3,"basaliob":0.259,"bolussnooze":0.0272,"activity":0.0046,"lastBolusTime":1703254530927,"time":"2023-12-22T14:57:00.000Z"}},{"iob":0.35,"basaliob":0.311,"bolussnooze":0.0242,"activity":0.0046,"lastBolusTime":1703254530927,"time":"2023-12-22T15:02:00.000Z","iobWithZeroTemp":{"iob":0.252,"basaliob":0.213,"bolussnooze":0.0242,"activity":0.0043,"lastBolusTime":1703254530927,"time":"2023-12-22T15:02:00.000Z"}},{"iob":0.329,"basaliob":0.291,"bolussnooze":0.0214,"activity":0.0043,"lastBolusTime":1703254530927,"time":"2023-12-22T15:07:00.000Z","iobWithZeroTemp":{"iob":0.207,"basaliob":0.169,"bolussnooze":0.0214,"activity":0.0039,"lastBolusTime":1703254530927,"time":"2023-12-22T15:07:00.000Z"}},{"iob":0.307,"basaliob":0.271,"bolussnooze":0.0188,"activity":0.0041,"lastBolusTime":1703254530927,"time":"2023-12-22T15:12:00.000Z","iobWithZeroTemp":{"iob":0.163,"basaliob":0.127,"bolussnooze":0.0188,"activity":0.0036,"lastBolusTime":1703254530927,"time":"2023-12-22T15:12:00.000Z"}},{"iob":0.286,"basaliob":0.252,"bolussnooze":0.0165,"activity":0.0039,"lastBolusTime":1703254530927,"time":"2023-12-22T15:17:00.000Z","iobWithZeroTemp":{"iob":0.12,"basaliob":0.086,"bolussnooze":0.0165,"activity":0.0032,"lastBolusTime":1703254530927,"time":"2023-12-22T15:17:00.000Z"}},{"iob":0.268,"basaliob":0.235,"bolussnooze":0.0144,"activity":0.0037,"lastBolusTime":1703254530927,"time":"2023-12-22T15:22:00.000Z","iobWithZeroTemp":{"iob":0.081,"basaliob":0.048,"bolussnooze":0.0144,"activity":0.0029,"lastBolusTime":1703254530927,"time":"2023-12-22T15:22:00.000Z"}},{"iob":0.25,"basaliob":0.219,"bolussnooze":0.0125,"activity":0.0035,"lastBolusTime":1703254530927,"time":"2023-12-22T15:27:00.000Z","iobWithZeroTemp":{"iob":0.042,"basaliob":0.011,"bolussnooze":0.0125,"activity":0.0025,"lastBolusTime":1703254530927,"time":"2023-12-22T15:27:00.000Z"}},{"iob":0.232,"basaliob":0.203,"bolussnooze":0.0109,"activity":0.0033,"lastBolusTime":1703254530927,"time":"2023-12-22T15:32:00.000Z","iobWithZeroTemp":{"iob":0.005,"basaliob":-0.024,"bolussnooze":0.0109,"activity":0.0021,"lastBolusTime":1703254530927,"time":"2023-12-22T15:32:00.000Z"}},{"iob":0.217,"basaliob":0.189,"bolussnooze":0.0094,"activity":0.0031,"lastBolusTime":1703254530927,"time":"2023-12-22T15:37:00.000Z","iobWithZeroTemp":{"iob":-0.029,"basaliob":-0.057,"bolussnooze":0.0094,"activity":0.0017,"lastBolusTime":1703254530927,"time":"2023-12-22T15:37:00.000Z"}},{"iob":0.201,"basaliob":0.175,"bolussnooze":0.0081,"activity":0.0029,"lastBolusTime":1703254530927,"time":"2023-12-22T15:42:00.000Z","iobWithZeroTemp":{"iob":-0.063,"basaliob":-0.089,"bolussnooze":0.0081,"activity":0.0014,"lastBolusTime":1703254530927,"time":"2023-12-22T15:42:00.000Z"}},{"iob":0.187,"basaliob":0.162,"bolussnooze":0.007,"activity":0.0028,"lastBolusTime":1703254530927,"time":"2023-12-22T15:47:00.000Z","iobWithZeroTemp":{"iob":-0.094,"basaliob":-0.119,"bolussnooze":0.007,"activity":0.0011,"lastBolusTime":1703254530927,"time":"2023-12-22T15:47:00.000Z"}},{"iob":0.173,"basaliob":0.15,"bolussnooze":0.006,"activity":0.0026,"lastBolusTime":1703254530927,"time":"2023-12-22T15:52:00.000Z","iobWithZeroTemp":{"iob":-0.124,"basaliob":-0.147,"bolussnooze":0.006,"activity":7.0E-4,"lastBolusTime":1703254530927,"time":"2023-12-22T15:52:00.000Z"}},{"iob":0.161,"basaliob":0.139,"bolussnooze":0.0051,"activity":0.0025,"lastBolusTime":1703254530927,"time":"2023-12-22T15:57:00.000Z","iobWithZeroTemp":{"iob":-0.151,"basaliob":-0.173,"bolussnooze":0.0051,"activity":5.0E-4,"lastBolusTime":1703254530927,"time":"2023-12-22T15:57:00.000Z"}},{"iob":0.149,"basaliob":0.129,"bolussnooze":0.0043,"activity":0.0023,"lastBolusTime":1703254530927,"time":"2023-12-22T16:02:00.000Z","iobWithZeroTemp":{"iob":-0.178,"basaliob":-0.198,"bolussnooze":0.0043,"activity":1.0E-4,"lastBolusTime":1703254530927,"time":"2023-12-22T16:02:00.000Z"}},{"iob":0.138,"basaliob":0.119,"bolussnooze":0.0037,"activity":0.0021,"lastBolusTime":1703254530927,"time":"2023-12-22T16:07:00.000Z","iobWithZeroTemp":{"iob":-0.211,"basaliob":-0.23,"bolussnooze":0.0037,"activity":-3.0E-4,"lastBolusTime":1703254530927,"time":"2023-12-22T16:07:00.000Z"}},{"iob":0.128,"basaliob":0.11,"bolussnooze":0.0031,"activity":0.0019,"lastBolusTime":1703254530927,"time":"2023-12-22T16:12:00.000Z","iobWithZeroTemp":{"iob":-0.242,"basaliob":-0.26,"bolussnooze":0.0031,"activity":-6.0E-4,"lastBolusTime":1703254530927,"time":"2023-12-22T16:12:00.000Z"}},{"iob":0.119,"basaliob":0.102,"bolussnooze":0.0026,"activity":0.0018,"lastBolusTime":1703254530927,"time":"2023-12-22T16:17:00.000Z","iobWithZeroTemp":{"iob":-0.271,"basaliob":-0.288,"bolussnooze":0.0026,"activity":-9.0E-4,"lastBolusTime":1703254530927,"time":"2023-12-22T16:17:00.000Z"}},{"iob":0.11,"basaliob":0.094,"bolussnooze":0.0022,"activity":0.0017,"lastBolusTime":1703254530927,"time":"2023-12-22T16:22:00.000Z","iobWithZeroTemp":{"iob":-0.299,"basaliob":-0.315,"bolussnooze":0.0022,"activity":-0.0012,"lastBolusTime":1703254530927,"time":"2023-12-22T16:22:00.000Z"}},{"iob":0.101,"basaliob":0.086,"bolussnooze":0.0019,"activity":0.0016,"lastBolusTime":1703254530927,"time":"2023-12-22T16:27:00.000Z","iobWithZeroTemp":{"iob":-0.327,"basaliob":-0.342,"bolussnooze":0.0019,"activity":-0.0014,"lastBolusTime":1703254530927,"time":"2023-12-22T16:27:00.000Z"}},{"iob":0.094,"basaliob":0.08,"bolussnooze":0.0016,"activity":0.0015,"lastBolusTime":1703254530927,"time":"2023-12-22T16:32:00.000Z","iobWithZeroTemp":{"iob":-0.352,"basaliob":-0.366,"bolussnooze":0.0016,"activity":-0.0017,"lastBolusTime":1703254530927,"time":"2023-12-22T16:32:00.000Z"}},{"iob":0.086,"basaliob":0.073,"bolussnooze":0.0013,"activity":0.0014,"lastBolusTime":1703254530927,"time":"2023-12-22T16:37:00.000Z","iobWithZeroTemp":{"iob":-0.377,"basaliob":-0.39,"bolussnooze":0.0013,"activity":-0.002,"lastBolusTime":1703254530927,"time":"2023-12-22T16:37:00.000Z"}},{"iob":0.08,"basaliob":0.068,"bolussnooze":0.0011,"activity":0.0013,"lastBolusTime":1703254530927,"time":"2023-12-22T16:42:00.000Z","iobWithZeroTemp":{"iob":-0.398,"basaliob":-0.41,"bolussnooze":0.0011,"activity":-0.0023,"lastBolusTime":1703254530927,"time":"2023-12-22T16:42:00.000Z"}},{"iob":0.073,"basaliob":0.062,"bolussnooze":9.0E-4,"activity":0.0012,"lastBolusTime":1703254530927,"time":"2023-12-22T16:47:00.000Z","iobWithZeroTemp":{"iob":-0.421,"basaliob":-0.432,"bolussnooze":9.0E-4,"activity":-0.0025,"lastBolusTime":1703254530927,"time":"2023-12-22T16:47:00.000Z"}},{"iob":0.067,"basaliob":0.057,"bolussnooze":7.0E-4,"activity":0.0012,"lastBolusTime":1703254530927,"time":"2023-12-22T16:52:00.000Z","iobWithZeroTemp":{"iob":-0.441,"basaliob":-0.451,"bolussnooze":7.0E-4,"activity":-0.0027,"lastBolusTime":1703254530927,"time":"2023-12-22T16:52:00.000Z"}},{"iob":0.062,"basaliob":0.052,"bolussnooze":6.0E-4,"activity":0.001,"lastBolusTime":1703254530927,"time":"2023-12-22T16:57:00.000Z","iobWithZeroTemp":{"iob":-0.459,"basaliob":-0.469,"bolussnooze":6.0E-4,"activity":-0.003,"lastBolusTime":1703254530927,"time":"2023-12-22T16:57:00.000Z"}},{"iob":0.057,"basaliob":0.048,"bolussnooze":5.0E-4,"activity":9.0E-4,"lastBolusTime":1703254530927,"time":"2023-12-22T17:02:00.000Z","iobWithZeroTemp":{"iob":-0.477,"basaliob":-0.486,"bolussnooze":5.0E-4,"activity":-0.0033,"lastBolusTime":1703254530927,"time":"2023-12-22T17:02:00.000Z"}},{"iob":0.052,"basaliob":0.044,"bolussnooze":4.0E-4,"activity":9.0E-4,"lastBolusTime":1703254530927,"time":"2023-12-22T17:07:00.000Z","iobWithZeroTemp":{"iob":-0.494,"basaliob":-0.502,"bolussnooze":4.0E-4,"activity":-0.0034,"lastBolusTime":1703254530927,"time":"2023-12-22T17:07:00.000Z"}},{"iob":0.048,"basaliob":0.04,"bolussnooze":3.0E-4,"activity":8.0E-4,"lastBolusTime":1703254530927,"time":"2023-12-22T17:12:00.000Z","iobWithZeroTemp":{"iob":-0.509,"basaliob":-0.517,"bolussnooze":3.0E-4,"activity":-0.0037,"lastBolusTime":1703254530927,"time":"2023-12-22T17:12:00.000Z"}},{"iob":0.044,"basaliob":0.037,"bolussnooze":3.0E-4,"activity":8.0E-4,"lastBolusTime":1703254530927,"time":"2023-12-22T17:17:00.000Z","iobWithZeroTemp":{"iob":-0.524,"basaliob":-0.531,"bolussnooze":3.0E-4,"activity":-0.0038,"lastBolusTime":1703254530927,"time":"2023-12-22T17:17:00.000Z"}},{"iob":0.041,"basaliob":0.034,"bolussnooze":2.0E-4,"activity":7.0E-4,"lastBolusTime":1703254530927,"time":"2023-12-22T17:22:00.000Z","iobWithZeroTemp":{"iob":-0.537,"basaliob":-0.544,"bolussnooze":2.0E-4,"activity":-0.004,"lastBolusTime":1703254530927,"time":"2023-12-22T17:22:00.000Z"}},{"iob":0.037,"basaliob":0.031,"bolussnooze":2.0E-4,"activity":7.0E-4,"lastBolusTime":1703254530927,"time":"2023-12-22T17:27:00.000Z","iobWithZeroTemp":{"iob":-0.55,"basaliob":-0.556,"bolussnooze":2.0E-4,"activity":-0.0042,"lastBolusTime":1703254530927,"time":"2023-12-22T17:27:00.000Z"}},{"iob":0.034,"basaliob":0.028,"bolussnooze":1.0E-4,"activity":6.0E-4,"lastBolusTime":1703254530927,"time":"2023-12-22T17:32:00.000Z","iobWithZeroTemp":{"iob":-0.562,"basaliob":-0.568,"bolussnooze":1.0E-4,"activity":-0.0044,"lastBolusTime":1703254530927,"time":"2023-12-22T17:32:00.000Z"}},{"iob":0.031,"basaliob":0.026,"bolussnooze":1.0E-4,"activity":6.0E-4,"lastBolusTime":1703254530927,"time":"2023-12-22T17:37:00.000Z","iobWithZeroTemp":{"iob":-0.573,"basaliob":-0.578,"bolussnooze":1.0E-4,"activity":-0.0045,"lastBolusTime":1703254530927,"time":"2023-12-22T17:37:00.000Z"}},{"iob":0.029,"basaliob":0.024,"bolussnooze":1.0E-4,"activity":5.0E-4,"lastBolusTime":1703254530927,"time":"2023-12-22T17:42:00.000Z","iobWithZeroTemp":{"iob":-0.583,"basaliob":-0.588,"bolussnooze":1.0E-4,"activity":-0.0047,"lastBolusTime":1703254530927,"time":"2023-12-22T17:42:00.000Z"}},{"iob":0.025,"basaliob":0.021,"bolussnooze":1.0E-4,"activity":5.0E-4,"lastBolusTime":1703254530927,"time":"2023-12-22T17:47:00.000Z","iobWithZeroTemp":{"iob":-0.594,"basaliob":-0.598,"bolussnooze":1.0E-4,"activity":-0.0048,"lastBolusTime":1703254530927,"time":"2023-12-22T17:47:00.000Z"}},{"iob":0.023,"basaliob":0.019,"bolussnooze":0,"activity":5.0E-4,"lastBolusTime":1703254530927,"time":"2023-12-22T17:52:00.000Z","iobWithZeroTemp":{"iob":-0.602,"basaliob":-0.606,"bolussnooze":0,"activity":-0.0049,"lastBolusTime":1703254530927,"time":"2023-12-22T17:52:00.000Z"}},{"iob":0.022,"basaliob":0.018,"bolussnooze":0,"activity":4.0E-4,"lastBolusTime":1703254530927,"time":"2023-12-22T17:57:00.000Z","iobWithZeroTemp":{"iob":-0.609,"basaliob":-0.613,"bolussnooze":0,"activity":-0.0051,"lastBolusTime":1703254530927,"time":"2023-12-22T17:57:00.000Z"}},{"iob":0.019,"basaliob":0.016,"bolussnooze":0,"activity":4.0E-4,"lastBolusTime":1703254530927,"time":"2023-12-22T18:02:00.000Z","iobWithZeroTemp":{"iob":-0.618,"basaliob":-0.621,"bolussnooze":0,"activity":-0.0052,"lastBolusTime":1703254530927,"time":"2023-12-22T18:02:00.000Z"}},{"iob":0.018,"basaliob":0.015,"bolussnooze":0,"activity":4.0E-4,"lastBolusTime":1703254530927,"time":"2023-12-22T18:07:00.000Z","iobWithZeroTemp":{"iob":-0.625,"basaliob":-0.628,"bolussnooze":0,"activity":-0.0052,"lastBolusTime":1703254530927,"time":"2023-12-22T18:07:00.000Z"}},{"iob":0.016,"basaliob":0.013,"bolussnooze":0,"activity":3.0E-4,"lastBolusTime":1703254530927,"time":"2023-12-22T18:12:00.000Z","iobWithZeroTemp":{"iob":-0.631,"basaliob":-0.634,"bolussnooze":0,"activity":-0.0054,"lastBolusTime":1703254530927,"time":"2023-12-22T18:12:00.000Z"}},{"iob":0.015,"basaliob":0.012,"bolussnooze":0,"activity":2.0E-4,"lastBolusTime":1703254530927,"time":"2023-12-22T18:17:00.000Z","iobWithZeroTemp":{"iob":-0.637,"basaliob":-0.64,"bolussnooze":0,"activity":-0.0056,"lastBolusTime":1703254530927,"time":"2023-12-22T18:17:00.000Z"}},{"iob":0.013,"basaliob":0.011,"bolussnooze":0,"activity":2.0E-4,"lastBolusTime":1703254530927,"time":"2023-12-22T18:22:00.000Z","iobWithZeroTemp":{"iob":-0.643,"basaliob":-0.645,"bolussnooze":0,"activity":-0.0056,"lastBolusTime":1703254530927,"time":"2023-12-22T18:22:00.000Z"}},{"iob":0.012,"basaliob":0.01,"bolussnooze":0,"activity":2.0E-4,"lastBolusTime":1703254530927,"time":"2023-12-22T18:27:00.000Z","iobWithZeroTemp":{"iob":-0.648,"basaliob":-0.65,"bolussnooze":0,"activity":-0.0057,"lastBolusTime":1703254530927,"time":"2023-12-22T18:27:00.000Z"}},{"iob":0.011,"basaliob":0.009,"bolussnooze":0,"activity":2.0E-4,"lastBolusTime":1703254530927,"time":"2023-12-22T18:32:00.000Z","iobWithZeroTemp":{"iob":-0.653,"basaliob":-0.655,"bolussnooze":0,"activity":-0.0058,"lastBolusTime":1703254530927,"time":"2023-12-22T18:32:00.000Z"}},{"iob":0.01,"basaliob":0.008,"bolussnooze":0,"activity":2.0E-4,"lastBolusTime":1703254530927,"time":"2023-12-22T18:37:00.000Z","iobWithZeroTemp":{"iob":-0.657,"basaliob":-0.659,"bolussnooze":0,"activity":-0.0058,"lastBolusTime":1703254530927,"time":"2023-12-22T18:37:00.000Z"}},{"iob":0.009,"basaliob":0.007,"bolussnooze":0,"activity":2.0E-4,"lastBolusTime":1703254530927,"time":"2023-12-22T18:42:00.000Z","iobWithZeroTemp":{"iob":-0.662,"basaliob":-0.664,"bolussnooze":0,"activity":-0.0059,"lastBolusTime":1703254530927,"time":"2023-12-22T18:42:00.000Z"}},{"iob":0.008,"basaliob":0.006,"bolussnooze":0,"activity":1.0E-4,"lastBolusTime":1703254530927,"time":"2023-12-22T18:47:00.000Z","iobWithZeroTemp":{"iob":-0.632,"basaliob":-0.634,"bolussnooze":0,"activity":-0.006,"lastBolusTime":1703254530927,"time":"2023-12-22T18:47:00.000Z"}},{"iob":0.007,"basaliob":0.006,"bolussnooze":0,"activity":1.0E-4,"lastBolusTime":1703254530927,"time":"2023-12-22T18:52:00.000Z","iobWithZeroTemp":{"iob":-0.603,"basaliob":-0.604,"bolussnooze":0,"activity":-0.006,"lastBolusTime":1703254530927,"time":"2023-12-22T18:52:00.000Z"}},{"iob":0.006,"basaliob":0.005,"bolussnooze":0,"activity":1.0E-4,"lastBolusTime":1703254530927,"time":"2023-12-22T18:57:00.000Z","iobWithZeroTemp":{"iob":-0.574,"basaliob":-0.575,"bolussnooze":0,"activity":-0.0059,"lastBolusTime":1703254530927,"time":"2023-12-22T18:57:00.000Z"}},{"iob":0.006,"basaliob":0.005,"bolussnooze":0,"activity":1.0E-4,"lastBolusTime":1703254530927,"time":"2023-12-22T19:02:00.000Z","iobWithZeroTemp":{"iob":-0.544,"basaliob":-0.545,"bolussnooze":0,"activity":-0.0058,"lastBolusTime":1703254530927,"time":"2023-12-22T19:02:00.000Z"}},{"iob":0.005,"basaliob":0.004,"bolussnooze":0,"activity":1.0E-4,"lastBolusTime":1703254530927,"time":"2023-12-22T19:07:00.000Z","iobWithZeroTemp":{"iob":-0.516,"basaliob":-0.517,"bolussnooze":0,"activity":-0.0056,"lastBolusTime":1703254530927,"time":"2023-12-22T19:07:00.000Z"}},{"iob":0.005,"basaliob":0.004,"bolussnooze":0,"activity":1.0E-4,"lastBolusTime":1703254530927,"time":"2023-12-22T19:12:00.000Z","iobWithZeroTemp":{"iob":-0.488,"basaliob":-0.489,"bolussnooze":0,"activity":-0.0055,"lastBolusTime":1703254530927,"time":"2023-12-22T19:12:00.000Z"}},{"iob":0.004,"basaliob":0.003,"bolussnooze":0,"activity":1.0E-4,"lastBolusTime":1703254530927,"time":"2023-12-22T19:17:00.000Z","iobWithZeroTemp":{"iob":-0.461,"basaliob":-0.462,"bolussnooze":0,"activity":-0.0053,"lastBolusTime":1703254530927,"time":"2023-12-22T19:17:00.000Z"}},{"iob":0.004,"basaliob":0.003,"bolussnooze":0,"activity":1.0E-4,"lastBolusTime":1703254530927,"time":"2023-12-22T19:22:00.000Z","iobWithZeroTemp":{"iob":-0.435,"basaliob":-0.436,"bolussnooze":0,"activity":-0.0051,"lastBolusTime":1703254530927,"time":"2023-12-22T19:22:00.000Z"}},{"iob":0.004,"basaliob":0.003,"bolussnooze":0,"activity":1.0E-4,"lastBolusTime":1703254530927,"time":"2023-12-22T19:27:00.000Z","iobWithZeroTemp":{"iob":-0.409,"basaliob":-0.41,"bolussnooze":0,"activity":-0.0049,"lastBolusTime":1703254530927,"time":"2023-12-22T19:27:00.000Z"}},{"iob":0.003,"basaliob":0.002,"bolussnooze":0,"activity":1.0E-4,"lastBolusTime":1703254530927,"time":"2023-12-22T19:32:00.000Z","iobWithZeroTemp":{"iob":-0.385,"basaliob":-0.386,"bolussnooze":0,"activity":-0.0047,"lastBolusTime":1703254530927,"time":"2023-12-22T19:32:00.000Z"}},{"iob":0.003,"basaliob":0.002,"bolussnooze":0,"activity":1.0E-4,"lastBolusTime":1703254530927,"time":"2023-12-22T19:37:00.000Z","iobWithZeroTemp":{"iob":-0.362,"basaliob":-0.363,"bolussnooze":0,"activity":-0.0045,"lastBolusTime":1703254530927,"time":"2023-12-22T19:37:00.000Z"}},{"iob":0.003,"basaliob":0.002,"bolussnooze":0,"activity":0,"lastBolusTime":1703254530927,"time":"2023-12-22T19:42:00.000Z","iobWithZeroTemp":{"iob":-0.339,"basaliob":-0.34,"bolussnooze":0,"activity":-0.0044,"lastBolusTime":1703254530927,"time":"2023-12-22T19:42:00.000Z"}},{"iob":0.003,"basaliob":0.002,"bolussnooze":0,"activity":0,"lastBolusTime":1703254530927,"time":"2023-12-22T19:47:00.000Z","iobWithZeroTemp":{"iob":-0.317,"basaliob":-0.318,"bolussnooze":0,"activity":-0.0042,"lastBolusTime":1703254530927,"time":"2023-12-22T19:47:00.000Z"}},{"iob":0.001,"basaliob":0.001,"bolussnooze":0,"activity":0,"lastBolusTime":1703254530927,"time":"2023-12-22T19:52:00.000Z","iobWithZeroTemp":{"iob":-0.299,"basaliob":-0.299,"bolussnooze":0,"activity":-0.004,"lastBolusTime":1703254530927,"time":"2023-12-22T19:52:00.000Z"}},{"iob":0.001,"basaliob":0.001,"bolussnooze":0,"activity":0,"lastBolusTime":1703254530927,"time":"2023-12-22T19:57:00.000Z","iobWithZeroTemp":{"iob":-0.28,"basaliob":-0.28,"bolussnooze":0,"activity":-0.0038,"lastBolusTime":1703254530927,"time":"2023-12-22T19:57:00.000Z"}},{"iob":0.001,"basaliob":0.001,"bolussnooze":0,"activity":0,"lastBolusTime":1703254530927,"time":"2023-12-22T20:02:00.000Z","iobWithZeroTemp":{"iob":-0.261,"basaliob":-0.261,"bolussnooze":0,"activity":-0.0036,"lastBolusTime":1703254530927,"time":"2023-12-22T20:02:00.000Z"}},{"iob":0.001,"basaliob":0.001,"bolussnooze":0,"activity":0,"lastBolusTime":1703254530927,"time":"2023-12-22T20:07:00.000Z","iobWithZeroTemp":{"iob":-0.244,"basaliob":-0.244,"bolussnooze":0,"activity":-0.0034,"lastBolusTime":1703254530927,"time":"2023-12-22T20:07:00.000Z"}},{"iob":0.001,"basaliob":0.001,"bolussnooze":0,"activity":0,"lastBolusTime":1703254530927,"time":"2023-12-22T20:12:00.000Z","iobWithZeroTemp":{"iob":-0.227,"basaliob":-0.227,"bolussnooze":0,"activity":-0.0032,"lastBolusTime":1703254530927,"time":"2023-12-22T20:12:00.000Z"}},{"iob":0.001,"basaliob":0.001,"bolussnooze":0,"activity":0,"lastBolusTime":1703254530927,"time":"2023-12-22T20:17:00.000Z","iobWithZeroTemp":{"iob":-0.211,"basaliob":-0.211,"bolussnooze":0,"activity":-0.003,"lastBolusTime":1703254530927,"time":"2023-12-22T20:17:00.000Z"}},{"iob":0.001,"basaliob":0.001,"bolussnooze":0,"activity":0,"lastBolusTime":1703254530927,"time":"2023-12-22T20:22:00.000Z","iobWithZeroTemp":{"iob":-0.197,"basaliob":-0.197,"bolussnooze":0,"activity":-0.0029,"lastBolusTime":1703254530927,"time":"2023-12-22T20:22:00.000Z"}},{"iob":0.001,"basaliob":0.001,"bolussnooze":0,"activity":0,"lastBolusTime":1703254530927,"time":"2023-12-22T20:27:00.000Z","iobWithZeroTemp":{"iob":-0.183,"basaliob":-0.183,"bolussnooze":0,"activity":-0.0027,"lastBolusTime":1703254530927,"time":"2023-12-22T20:27:00.000Z"}},{"iob":0,"basaliob":0,"bolussnooze":0,"activity":0,"lastBolusTime":1703254530927,"time":"2023-12-22T20:32:00.000Z","iobWithZeroTemp":{"iob":-0.171,"basaliob":-0.171,"bolussnooze":0,"activity":-0.0025,"lastBolusTime":1703254530927,"time":"2023-12-22T20:32:00.000Z"}},{"iob":0,"basaliob":0,"bolussnooze":0,"activity":0,"lastBolusTime":1703254530927,"time":"2023-12-22T20:37:00.000Z","iobWithZeroTemp":{"iob":-0.159,"basaliob":-0.159,"bolussnooze":0,"activity":-0.0024,"lastBolusTime":1703254530927,"time":"2023-12-22T20:37:00.000Z"}},{"iob":0,"basaliob":0,"bolussnooze":0,"activity":0,"lastBolusTime":1703254530927,"time":"2023-12-22T20:42:00.000Z","iobWithZeroTemp":{"iob":-0.147,"basaliob":-0.147,"bolussnooze":0,"activity":-0.0022,"lastBolusTime":1703254530927,"time":"2023-12-22T20:42:00.000Z"}},{"iob":0,"basaliob":0,"bolussnooze":0,"activity":0,"lastBolusTime":1703254530927,"time":"2023-12-22T20:47:00.000Z","iobWithZeroTemp":{"iob":-0.136,"basaliob":-0.136,"bolussnooze":0,"activity":-0.0021,"lastBolusTime":1703254530927,"time":"2023-12-22T20:47:00.000Z"}},{"iob":0,"basaliob":0,"bolussnooze":0,"activity":0,"lastBolusTime":1703254530927,"time":"2023-12-22T20:52:00.000Z","iobWithZeroTemp":{"iob":-0.126,"basaliob":-0.126,"bolussnooze":0,"activity":-0.0019,"lastBolusTime":1703254530927,"time":"2023-12-22T20:52:00.000Z"}},{"iob":0,"basaliob":0,"bolussnooze":0,"activity":0,"lastBolusTime":1703254530927,"time":"2023-12-22T20:57:00.000Z","iobWithZeroTemp":{"iob":-0.117,"basaliob":-0.117,"bolussnooze":0,"activity":-0.0018,"lastBolusTime":1703254530927,"time":"2023-12-22T20:57:00.000Z"}},{"iob":0,"basaliob":0,"bolussnooze":0,"activity":0,"lastBolusTime":1703254530927,"time":"2023-12-22T21:02:00.000Z","iobWithZeroTemp":{"iob":-0.108,"basaliob":-0.108,"bolussnooze":0,"activity":-0.0017,"lastBolusTime":1703254530927,"time":"2023-12-22T21:02:00.000Z"}},{"iob":0,"basaliob":0,"bolussnooze":0,"activity":0,"lastBolusTime":1703254530927,"time":"2023-12-22T21:07:00.000Z","iobWithZeroTemp":{"iob":-0.1,"basaliob":-0.1,"bolussnooze":0,"activity":-0.0016,"lastBolusTime":1703254530927,"time":"2023-12-22T21:07:00.000Z"}},{"iob":0,"basaliob":0,"bolussnooze":0,"activity":0,"lastBolusTime":1703254530927,"time":"2023-12-22T21:12:00.000Z","iobWithZeroTemp":{"iob":-0.092,"basaliob":-0.092,"bolussnooze":0,"activity":-0.0015,"lastBolusTime":1703254530927,"time":"2023-12-22T21:12:00.000Z"}},{"iob":0,"basaliob":0,"bolussnooze":0,"activity":0,"lastBolusTime":1703254530927,"time":"2023-12-22T21:17:00.000Z","iobWithZeroTemp":{"iob":-0.085,"basaliob":-0.085,"bolussnooze":0,"activity":-0.0014,"lastBolusTime":1703254530927,"time":"2023-12-22T21:17:00.000Z"}},{"iob":0,"basaliob":0,"bolussnooze":0,"activity":0,"lastBolusTime":1703254530927,"time":"2023-12-22T21:22:00.000Z","iobWithZeroTemp":{"iob":-0.079,"basaliob":-0.079,"bolussnooze":0,"activity":-0.0013,"lastBolusTime":1703254530927,"time":"2023-12-22T21:22:00.000Z"}},{"iob":0,"basaliob":0,"bolussnooze":0,"activity":0,"lastBolusTime":1703254530927,"time":"2023-12-22T21:27:00.000Z","iobWithZeroTemp":{"iob":-0.072,"basaliob":-0.072,"bolussnooze":0,"activity":-0.0012,"lastBolusTime":1703254530927,"time":"2023-12-22T21:27:00.000Z"}},{"iob":0,"basaliob":0,"bolussnooze":0,"activity":0,"lastBolusTime":1703254530927,"time":"2023-12-22T21:32:00.000Z","iobWithZeroTemp":{"iob":-0.067,"basaliob":-0.067,"bolussnooze":0,"activity":-0.0011,"lastBolusTime":1703254530927,"time":"2023-12-22T21:32:00.000Z"}},{"iob":0,"basaliob":0,"bolussnooze":0,"activity":0,"lastBolusTime":1703254530927,"time":"2023-12-22T21:37:00.000Z","iobWithZeroTemp":{"iob":-0.061,"basaliob":-0.061,"bolussnooze":0,"activity":-0.001,"lastBolusTime":1703254530927,"time":"2023-12-22T21:37:00.000Z"}},{"iob":0,"basaliob":0,"bolussnooze":0,"activity":0,"lastBolusTime":1703254530927,"time":"2023-12-22T21:42:00.000Z","iobWithZeroTemp":{"iob":-0.056,"basaliob":-0.056,"bolussnooze":0,"activity":-0.001,"lastBolusTime":1703254530927,"time":"2023-12-22T21:42:00.000Z"}},{"iob":0,"basaliob":0,"bolussnooze":0,"activity":0,"lastBolusTime":1703254530927,"time":"2023-12-22T21:47:00.000Z","iobWithZeroTemp":{"iob":-0.052,"basaliob":-0.052,"bolussnooze":0,"activity":-9.0E-4,"lastBolusTime":1703254530927,"time":"2023-12-22T21:47:00.000Z"}},{"iob":0,"basaliob":0,"bolussnooze":0,"activity":0,"lastBolusTime":1703254530927,"time":"2023-12-22T21:52:00.000Z","iobWithZeroTemp":{"iob":-0.048,"basaliob":-0.048,"bolussnooze":0,"activity":-8.0E-4,"lastBolusTime":1703254530927,"time":"2023-12-22T21:52:00.000Z"}},{"iob":0,"basaliob":0,"bolussnooze":0,"activity":0,"lastBolusTime":1703254530927,"time":"2023-12-22T21:57:00.000Z","iobWithZeroTemp":{"iob":-0.044,"basaliob":-0.044,"bolussnooze":0,"activity":-8.0E-4,"lastBolusTime":1703254530927,"time":"2023-12-22T21:57:00.000Z"}},{"iob":0,"basaliob":0,"bolussnooze":0,"activity":0,"lastBolusTime":1703254530927,"time":"2023-12-22T22:02:00.000Z","iobWithZeroTemp":{"iob":-0.04,"basaliob":-0.04,"bolussnooze":0,"activity":-7.0E-4,"lastBolusTime":1703254530927,"time":"2023-12-22T22:02:00.000Z"}},{"iob":0,"basaliob":0,"bolussnooze":0,"activity":0,"lastBolusTime":1703254530927,"time":"2023-12-22T22:07:00.000Z","iobWithZeroTemp":{"iob":-0.037,"basaliob":-0.037,"bolussnooze":0,"activity":-6.0E-4,"lastBolusTime":1703254530927,"time":"2023-12-22T22:07:00.000Z"}},{"iob":0,"basaliob":0,"bolussnooze":0,"activity":0,"lastBolusTime":1703254530927,"time":"2023-12-22T22:12:00.000Z","iobWithZeroTemp":{"iob":-0.034,"basaliob":-0.034,"bolussnooze":0,"activity":-6.0E-4,"lastBolusTime":1703254530927,"time":"2023-12-22T22:12:00.000Z"}},{"iob":0,"basaliob":0,"bolussnooze":0,"activity":0,"lastBolusTime":1703254530927,"time":"2023-12-22T22:17:00.000Z","iobWithZeroTemp":{"iob":-0.031,"basaliob":-0.031,"bolussnooze":0,"activity":-6.0E-4,"lastBolusTime":1703254530927,"time":"2023-12-22T22:17:00.000Z"}},{"iob":0,"basaliob":0,"bolussnooze":0,"activity":0,"lastBolusTime":1703254530927,"time":"2023-12-22T22:22:00.000Z","iobWithZeroTemp":{"iob":-0.028,"basaliob":-0.028,"bolussnooze":0,"activity":-5.0E-4,"lastBolusTime":1703254530927,"time":"2023-12-22T22:22:00.000Z"}},{"iob":0,"basaliob":0,"bolussnooze":0,"activity":0,"lastBolusTime":1703254530927,"time":"2023-12-22T22:27:00.000Z","iobWithZeroTemp":{"iob":-0.026,"basaliob":-0.026,"bolussnooze":0,"activity":-5.0E-4,"lastBolusTime":1703254530927,"time":"2023-12-22T22:27:00.000Z"}},{"iob":0,"basaliob":0,"bolussnooze":0,"activity":0,"lastBolusTime":1703254530927,"time":"2023-12-22T22:32:00.000Z","iobWithZeroTemp":{"iob":-0.023,"basaliob":-0.023,"bolussnooze":0,"activity":-4.0E-4,"lastBolusTime":1703254530927,"time":"2023-12-22T22:32:00.000Z"}},{"iob":0,"basaliob":0,"bolussnooze":0,"activity":0,"lastBolusTime":1703254530927,"time":"2023-12-22T22:37:00.000Z","iobWithZeroTemp":{"iob":-0.021,"basaliob":-0.021,"bolussnooze":0,"activity":-4.0E-4,"lastBolusTime":1703254530927,"time":"2023-12-22T22:37:00.000Z"}},{"iob":0,"basaliob":0,"bolussnooze":0,"activity":0,"lastBolusTime":1703254530927,"time":"2023-12-22T22:42:00.000Z","iobWithZeroTemp":{"iob":-0.02,"basaliob":-0.02,"bolussnooze":0,"activity":-4.0E-4,"lastBolusTime":1703254530927,"time":"2023-12-22T22:42:00.000Z"}},{"iob":0,"basaliob":0,"bolussnooze":0,"activity":0,"lastBolusTime":1703254530927,"time":"2023-12-22T22:47:00.000Z","iobWithZeroTemp":{"iob":-0.018,"basaliob":-0.018,"bolussnooze":0,"activity":-3.0E-4,"lastBolusTime":1703254530927,"time":"2023-12-22T22:47:00.000Z"}},{"iob":0,"basaliob":0,"bolussnooze":0,"activity":0,"lastBolusTime":1703254530927,"time":"2023-12-22T22:52:00.000Z","iobWithZeroTemp":{"iob":-0.016,"basaliob":-0.016,"bolussnooze":0,"activity":-3.0E-4,"lastBolusTime":1703254530927,"time":"2023-12-22T22:52:00.000Z"}},{"iob":0,"basaliob":0,"bolussnooze":0,"activity":0,"lastBolusTime":1703254530927,"time":"2023-12-22T22:57:00.000Z","iobWithZeroTemp":{"iob":-0.015,"basaliob":-0.015,"bolussnooze":0,"activity":-3.0E-4,"lastBolusTime":1703254530927,"time":"2023-12-22T22:57:00.000Z"}},{"iob":0,"basaliob":0,"bolussnooze":0,"activity":0,"lastBolusTime":1703254530927,"time":"2023-12-22T23:02:00.000Z","iobWithZeroTemp":{"iob":-0.013,"basaliob":-0.013,"bolussnooze":0,"activity":-3.0E-4,"lastBolusTime":1703254530927,"time":"2023-12-22T23:02:00.000Z"}},{"iob":0,"basaliob":0,"bolussnooze":0,"activity":0,"lastBolusTime":1703254530927,"time":"2023-12-22T23:07:00.000Z","iobWithZeroTemp":{"iob":-0.012,"basaliob":-0.012,"bolussnooze":0,"activity":-2.0E-4,"lastBolusTime":1703254530927,"time":"2023-12-22T23:07:00.000Z"}},{"iob":0,"basaliob":0,"bolussnooze":0,"activity":0,"lastBolusTime":1703254530927,"time":"2023-12-22T23:12:00.000Z","iobWithZeroTemp":{"iob":-0.011,"basaliob":-0.011,"bolussnooze":0,"activity":-2.0E-4,"lastBolusTime":1703254530927,"time":"2023-12-22T23:12:00.000Z"}},{"iob":0,"basaliob":0,"bolussnooze":0,"activity":0,"lastBolusTime":0,"time":"2023-12-22T23:17:00.000Z","iobWithZeroTemp":{"iob":-0.01,"basaliob":-0.01,"bolussnooze":0,"activity":-2.0E-4,"lastBolusTime":0,"time":"2023-12-22T23:17:00.000Z"}},{"iob":0,"basaliob":0,"bolussnooze":0,"activity":0,"lastBolusTime":0,"time":"2023-12-22T23:22:00.000Z","iobWithZeroTemp":{"iob":-0.009,"basaliob":-0.009,"bolussnooze":0,"activity":-2.0E-4,"lastBolusTime":0,"time":"2023-12-22T23:22:00.000Z"}},{"iob":0,"basaliob":0,"bolussnooze":0,"activity":0,"lastBolusTime":0,"time":"2023-12-22T23:27:00.000Z","iobWithZeroTemp":{"iob":-0.008,"basaliob":-0.008,"bolussnooze":0,"activity":-2.0E-4,"lastBolusTime":0,"time":"2023-12-22T23:27:00.000Z"}},{"iob":0,"basaliob":0,"bolussnooze":0,"activity":0,"lastBolusTime":0,"time":"2023-12-22T23:32:00.000Z","iobWithZeroTemp":{"iob":-0.007,"basaliob":-0.007,"bolussnooze":0,"activity":-2.0E-4,"lastBolusTime":0,"time":"2023-12-22T23:32:00.000Z"}},{"iob":0,"basaliob":0,"bolussnooze":0,"activity":0,"lastBolusTime":0,"time":"2023-12-22T23:37:00.000Z","iobWithZeroTemp":{"iob":-0.007,"basaliob":-0.007,"bolussnooze":0,"activity":-1.0E-4,"lastBolusTime":0,"time":"2023-12-22T23:37:00.000Z"}},{"iob":0,"basaliob":0,"bolussnooze":0,"activity":0,"lastBolusTime":0,"time":"2023-12-22T23:42:00.000Z","iobWithZeroTemp":{"iob":-0.006,"basaliob":-0.006,"bolussnooze":0,"activity":-1.0E-4,"lastBolusTime":0,"time":"2023-12-22T23:42:00.000Z"}},{"iob":0,"basaliob":0,"bolussnooze":0,"activity":0,"lastBolusTime":0,"time":"2023-12-22T23:47:00.000Z","iobWithZeroTemp":{"iob":-0.005,"basaliob":-0.005,"bolussnooze":0,"activity":-1.0E-4,"lastBolusTime":0,"time":"2023-12-22T23:47:00.000Z"}},{"iob":0,"basaliob":0,"bolussnooze":0,"activity":0,"lastBolusTime":0,"time":"2023-12-22T23:52:00.000Z","iobWithZeroTemp":{"iob":-0.005,"basaliob":-0.005,"bolussnooze":0,"activity":-1.0E-4,"lastBolusTime":0,"time":"2023-12-22T23:52:00.000Z"}},{"iob":0,"basaliob":0,"bolussnooze":0,"activity":0,"lastBolusTime":0,"time":"2023-12-22T23:57:00.000Z","iobWithZeroTemp":{"iob":-0.004,"basaliob":-0.004,"bolussnooze":0,"activity":-1.0E-4,"lastBolusTime":0,"time":"2023-12-22T23:57:00.000Z"}},{"iob":0,"basaliob":0,"bolussnooze":0,"activity":0,"lastBolusTime":0,"time":"2023-12-23T00:02:00.000Z","iobWithZeroTemp":{"iob":-0.004,"basaliob":-0.004,"bolussnooze":0,"activity":-1.0E-4,"lastBolusTime":0,"time":"2023-12-23T00:02:00.000Z"}},{"iob":0,"basaliob":0,"bolussnooze":0,"activity":0,"lastBolusTime":0,"time":"2023-12-23T00:07:00.000Z","iobWithZeroTemp":{"iob":-0.003,"basaliob":-0.003,"bolussnooze":0,"activity":-1.0E-4,"lastBolusTime":0,"time":"2023-12-23T00:07:00.000Z"}}],"profile":{"max_iob":1.5,"dia":3,"type":"current","max_daily_basal":0.5,"max_basal":1.2,"min_bg":100.8,"max_bg":100.8,"target_bg":100.8,"carb_ratio":30,"sens":126,"max_daily_safety_multiplier":3,"current_basal_safety_multiplier":4,"skip_neutral_temps":true,"current_basal":0.3,"temptargetSet":false,"autosens_adjust_targets":true,"min_5m_carbimpact":5.5,"out_units":"mmol\/L"},"autosens_data":{"ratio":1},"meal_data":{"carbs":10,"mealCOB":3.4523809523809526}},"output":{"temp":"absolute","bg":111,"tick":-16,"eventualBG":-20,"snoozeBG":-13,"predBGs":{"IOB":[111,96,82,69,57,47,39,39,39,39,39,39,39],"aCOB":[111,102,91,79,67,57,48,40,39,39,39,39,39]},"COB":3.4523809523809526,"IOB":0.453,"reason":"COB: 3.5, Dev: -74, BGI: -3.53, ISF: 7.0, Target: 5.6; Eventual BG -1.1 < 5.6, setting -3.32U\/hr, but 25m left and 0 ~ req 0U\/hr: no action required","timestamp":"2023-12-22T14:41:04.927Z"}}