{"algorithm":"OpenAPSAMAPlugin","input":{"glucoseStatus":{"glucose":178,"delta":-3.33,"short_avgdelta":-3.33,"long_avgdelta":-4.24},"currenttemp":{"temp":"absolute","duration":20,"rate":0,"minutesrunning":10},"iob_data":[{"iob":0.666,"basaliob":0.666,"bolussnooze":0,"activity":0.0069,"lastBolusTime":0,"time":"2023-12-23T19:27:00.000Z","iobWithZeroTemp":{"iob":0.666,"basaliob":0.666,"bolussnooze":0,"activity":0.0069,"lastBolusTime":0,"time":"2023-12-23T19:27:00.000Z"}},{"iob":0.632,"basaliob":0.632,"bolussnooze":0,"activity":0.0068,"lastBolusTime":0,"time":"2023-12-23T19:32:00.000Z","iobWithZeroTemp":{"iob":0.599,"basaliob":0.599,"bolussnooze":0,"activity":0.0068,"lastBolusTime":0,"time":"2023-12-23T19:32:00.000Z"}},{"iob":0.598,"basaliob":0.598,"bolussnooze":0,"activity":0.0066,"lastBolusTime":0,"time":"2023-12-23T19:37:00.000Z","iobWithZeroTemp":{"iob":0.532,"basaliob":0.532,"bolussnooze":0,"activity":0.0065,"lastBolusTime":0,"time":"2023-12-23T19:37:00.000Z"}},{"iob":0.565,"basaliob":0.565,"bolussnooze":0,"activity":0.0065,"lastBolusTime":0,"time":"2023-12-23T19:42:00.000Z","iobWithZeroTemp":{"iob":0.466,"basaliob":0.466,"bolussnooze":0,"activity":0.0063,"lastBolusTime":0,"time":"2023-12-23T19:42:00.000Z"}},{"iob":0.534,"basaliob":0.534,"bolussnooze":0,"activity":0.0062,"lastBolusTime":0,"time":"2023-12-23T19:47:00.000Z","iobWithZeroTemp":{"iob":0.403,"basaliob":0.403,"bolussnooze":0,"activity":0.0058,"lastBolusTime":0,"time":"2023-12-23T19:47:00.000Z"}},{"iob":0.503,"basaliob":0.503,"bolussnooze":0,"activity":0.006,"lastBolusTime":0,"time":"2023-12-23T19:52:00.000Z","iobWithZeroTemp":{"iob":0.341,"basaliob":0.341,"bolussnooze":0,"activity":0.0055,"lastBolusTime":0,"time":"2023-12-23T19:52:00.000Z"}},{"iob":0.473,"basaliob":0.473,"bolussnooze":0,"activity":0.0058,"lastBolusTime":0,"time":"2023-12-23T19:57:00.000Z","iobWithZeroTemp":{"iob":0.281,"basaliob":0.281,"bolussnooze":0,"activity":0.0051,"lastBolusTime":0,"time":"2023-12-23T19:57:00.000Z"}},{"iob":0.445,"basaliob":0.445,"bolussnooze":0,"activity":0.0056,"lastBolusTime":0,"time":"2023-12-23T20:02:00.000Z","iobWithZeroTemp":{"iob":0.223,"basaliob":0.223,"bolussnooze":0,"activity":0.0047,"lastBolusTime":0,"time":"2023-12-23T20:02:00.000Z"}},{"iob":0.418,"basaliob":0.418,"bolussnooze":0,"activity":0.0053,"lastBolusTime":0,"time":"2023-12-23T20:07:00.000Z","iobWithZeroTemp":{"iob":0.16,"basaliob":0.16,"bolussnooze":0,"activity":0.0042,"lastBolusTime":0,"time":"2023-12-23T20:07:00.000Z"}},{"iob":0.392,"basaliob":0.392,"bolussnooze":0,"activity":0.0051,"lastBolusTime":0,"time":"2023-12-23T20:12:00.000Z","iobWithZeroTemp":{"iob":0.098,"basaliob":0.098,"bolussnooze":0,"activity":0.0037,"lastBolusTime":0,"time":"2023-12-23T20:12:00.000Z"}},{"iob":0.367,"basaliob":0.367,"bolussnooze":0,"activity":0.0048,"lastBolusTime":0,"time":"2023-12-23T20:17:00.000Z","iobWithZeroTemp":{"iob":0.039,"basaliob":0.039,"bolussnooze":0,"activity":0.0032,"lastBolusTime":0,"time":"2023-12-23T20:17:00.000Z"}},{"iob":0.343,"basaliob":0.343,"bolussnooze":0,"activity":0.0046,"lastBolusTime":0,"time":"2023-12-23T20:22:00.000Z","iobWithZeroTemp":{"iob":-0.018,"basaliob":-0.018,"bolussnooze":0,"activity":0.0027,"lastBolusTime":0,"time":"2023-12-23T20:22:00.000Z"}},{"iob":0.321,"basaliob":0.321,"bolussnooze":0,"activity":0.0044,"lastBolusTime":0,"time":"2023-12-23T20:27:00.000Z","iobWithZeroTemp":{"iob":-0.071,"basaliob":-0.071,"bolussnooze":0,"activity":0.0022,"lastBolusTime":0,"time":"2023-12-23T20:27:00.000Z"}},{"iob":0.3,"basaliob":0.3,"bolussnooze":0,"activity":0.0041,"lastBolusTime":0,"time":"2023-12-23T20:32:00.000Z","iobWithZeroTemp":{"iob":-0.123,"basaliob":-0.123,"bolussnooze":0,"activity":0.0017,"lastBolusTime":0,"time":"2023-12-23T20:32:00.000Z"}},{"iob":0.28,"basaliob":0.28,"bolussnooze":0,"activity":0.0039,"lastBolusTime":0,"time":"2023-12-23T20:37:00.000Z","iobWithZeroTemp":{"iob":-0.171,"basaliob":-0.171,"bolussnooze":0,"activity":0.0012,"lastBolusTime":0,"time":"2023-12-23T20:37:00.000Z"}},{"iob":0.261,"basaliob":0.261,"bolussnooze":0,"activity":0.0037,"lastBolusTime":0,"time":"2023-12-23T20:42:00.000Z","iobWithZeroTemp":{"iob":-0.218,"basaliob":-0.218,"bolussnooze":0,"activity":7.0E-4,"lastBolusTime":0,"time":"2023-12-23T20:42:00.000Z"}},{"iob":0.243,"basaliob":0.243,"bolussnooze":0,"activity":0.0035,"lastBolusTime":0,"time":"2023-12-23T20:47:00.000Z","iobWithZeroTemp":{"iob":-0.262,"basaliob":-0.262,"bolussnooze":0,"activity":2.0E-4,"lastBolusTime":0,"time":"2023-12-23T20:47:00.000Z"}},{"iob":0.226,"basaliob":0.226,"bolussnooze":0,"activity":0.0033,"lastBolusTime":0,"time":"2023-12-23T20:52:00.000Z","iobWithZeroTemp":{"iob":-0.304,"basaliob":-0.304,"bolussnooze":0,"activity":-2.0E-4,"lastBolusTime":0,"time":"2023-12-23T20:52:00.000Z"}},{"iob":0.21,"basaliob":0.21,"bolussnooze":0,"activity":0.0031,"lastBolusTime":0,"time":"2023-12-23T20:57:00.000Z","iobWithZeroTemp":{"iob":-0.343,"basaliob":-0.343,"bolussnooze":0,"activity":-7.0E-4,"lastBolusTime":0,"time":"2023-12-23T20:57:00.000Z"}},{"iob":0.195,"basaliob":0.195,"bolussnooze":0,"activity":0.0029,"lastBolusTime":0,"time":"2023-12-23T21:02:00.000Z","iobWithZeroTemp":{"iob":-0.38,"basaliob":-0.38,"bolussnooze":0,"activity":-0.0011,"lastBolusTime":0,"time":"2023-12-23T21:02:00.000Z"}},{"iob":0.181,"basaliob":0.181,"bolussnooze":0,"activity":0.0027,"lastBolusTime":0,"time":"2023-12-23T21:07:00.000Z","iobWithZeroTemp":{"iob":-0.415,"basaliob":-0.415,"bolussnooze":0,"activity":-0.0016,"lastBolusTime":0,"time":"2023-12-23T21:07:00.000Z"}},{"iob":0.168,"basaliob":0.168,"bolussnooze":0,"activity":0.0025,"lastBolusTime":0,"time":"2023-12-23T21:12:00.000Z","iobWithZeroTemp":{"iob":-0.448,"basaliob":-0.448,"bolussnooze":0,"activity":-0.002,"lastBolusTime":0,"time":"2023-12-23T21:12:00.000Z"}},{"iob":0.156,"basaliob":0.156,"bolussnooze":0,"activity":0.0024,"lastBolusTime":0,"time":"2023-12-23T21:17:00.000Z","iobWithZeroTemp":{"iob":-0.479,"basaliob":-0.479,"bolussnooze":0,"activity":-0.0023,"lastBolusTime":0,"time":"2023-12-23T21:17:00.000Z"}},{"iob":0.144,"basaliob":0.144,"bolussnooze":0,"activity":0.0022,"lastBolusTime":0,"time":"2023-12-23T21:22:00.000Z","iobWithZeroTemp":{"iob":-0.508,"basaliob":-0.508,"bolussnooze":0,"activity":-0.0027,"lastBolusTime":0,"time":"2023-12-23T21:22:00.000Z"}},{"iob":0.134,"basaliob":0.134,"bolussnooze":0,"activity":0.0021,"lastBolusTime":0,"time":"2023-12-23T21:27:00.000Z","iobWithZeroTemp":{"iob":-0.534,"basaliob":-0.534,"bolussnooze":0,"activity":-0.0031,"lastBolusTime":0,"time":"2023-12-23T21:27:00.000Z"}},{"iob":0.124,"basaliob":0.124,"bolussnooze":0,"activity":0.0019,"lastBolusTime":0,"time":"2023-12-23T21:32:00.000Z","iobWithZeroTemp":{"iob":-0.56,"basaliob":-0.56,"bolussnooze":0,"activity":-0.0035,"lastBolusTime":0,"time":"2023-12-23T21:32:00.000Z"}},{"iob":0.114,"basaliob":0.114,"bolussnooze":0,"activity":0.0018,"lastBolusTime":0,"time":"2023-12-23T21:37:00.000Z","iobWithZeroTemp":{"iob":-0.584,"basaliob":-0.584,"bolussnooze":0,"activity":-0.0037,"lastBolusTime":0,"time":"2023-12-23T21:37:00.000Z"}},{"iob":0.106,"basaliob":0.106,"bolussnooze":0,"activity":0.0017,"lastBolusTime":0,"time":"2023-12-23T21:42:00.000Z","iobWithZeroTemp":{"iob":-0.606,"basaliob":-0.606,"bolussnooze":0,"activity":-0.004,"lastBolusTime":0,"time":"2023-12-23T21:42:00.000Z"}},{"iob":0.097,"basaliob":0.097,"bolussnooze":0,"activity":0.0016,"lastBolusTime":0,"time":"2023-12-23T21:47:00.000Z","iobWithZeroTemp":{"iob":-0.627,"basaliob":-0.627,"bolussnooze":0,"activity":-0.0043,"lastBolusTime":0,"time":"2023-12-23T21:47:00.000Z"}},{"iob":0.09,"basaliob":0.09,"bolussnooze":0,"activity":0.0015,"lastBolusTime":0,"time":"2023-12-23T21:52:00.000Z","iobWithZeroTemp":{"iob":-0.646,"basaliob":-0.646,"bolussnooze":0,"activity":-0.0046,"lastBolusTime":0,"time":"2023-12-23T21:52:00.000Z"}},{"iob":0.083,"basaliob":0.083,"bolussnooze":0,"activity":0.0014,"lastBolusTime":0,"time":"2023-12-23T21:57:00.000Z","iobWithZeroTemp":{"iob":-0.664,"basaliob":-0.664,"bolussnooze":0,"activity":-0.0048,"lastBolusTime":0,"time":"2023-12-23T21:57:00.000Z"}},{"iob":0.076,"basaliob":0.076,"bolussnooze":0,"activity":0.0013,"lastBolusTime":0,"time":"2023-12-23T22:02:00.000Z","iobWithZeroTemp":{"iob":-0.682,"basaliob":-0.682,"bolussnooze":0,"activity":-0.0051,"lastBolusTime":0,"time":"2023-12-23T22:02:00.000Z"}},{"iob":0.07,"basaliob":0.07,"bolussnooze":0,"activity":0.0012,"lastBolusTime":0,"time":"2023-12-23T22:07:00.000Z","iobWithZeroTemp":{"iob":-0.697,"basaliob":-0.697,"bolussnooze":0,"activity":-0.0053,"lastBolusTime":0,"time":"2023-12-23T22:07:00.000Z"}},{"iob":0.065,"basaliob":0.065,"bolussnooze":0,"activity":0.0011,"lastBolusTime":0,"time":"2023-12-23T22:12:00.000Z","iobWithZeroTemp":{"iob":-0.711,"basaliob":-0.711,"bolussnooze":0,"activity":-0.0055,"lastBolusTime":0,"time":"2023-12-23T22:12:00.000Z"}},{"iob":0.059,"basaliob":0.059,"bolussnooze":0,"activity":0.001,"lastBolusTime":0,"time":"2023-12-23T22:17:00.000Z","iobWithZeroTemp":{"iob":-0.725,"basaliob":-0.725,"bolussnooze":0,"activity":-0.0057,"lastBolusTime":0,"time":"2023-12-23T22:17:00.000Z"}},{"iob":0.054,"basaliob":0.054,"bolussnooze":0,"activity":9.0E-4,"lastBolusTime":0,"time":"2023-12-23T22:22:00.000Z","iobWithZeroTemp":{"iob":-0.738,"basaliob":-0.738,"bolussnooze":0,"activity":-0.006,"lastBolusTime":0,"time":"2023-12-23T22:22:00.000Z"}},{"iob":0.05,"basaliob":0.05,"bolussnooze":0,"activity":9.0E-4,"lastBolusTime":0,"time":"2023-12-23T22:27:00.000Z","iobWithZeroTemp":{"iob":-0.749,"basaliob":-0.749,"bolussnooze":0,"activity":-0.0061,"lastBolusTime":0,"time":"2023-12-23T22:27:00.000Z"}},{"iob":0.046,"basaliob":0.046,"bolussnooze":0,"activity":8.0E-4,"lastBolusTime":0,"time":"2023-12-23T22:32:00.000Z","iobWithZeroTemp":{"iob":-0.76,"basaliob":-0.76,"bolussnooze":0,"activity":-0.0063,"lastBolusTime":0,"time":"2023-12-23T22:32:00.000Z"}},{"iob":0.042,"basaliob":0.042,"bolussnooze":0,"activity":7.0E-4,"lastBolusTime":0,"time":"2023-12-23T22:37:00.000Z","iobWithZeroTemp":{"iob":-0.77,"basaliob":-0.77,"bolussnooze":0,"activity":-0.0064,"lastBolusTime":0,"time":"2023-12-23T22:37:00.000Z"}},{"iob":0.038,"basaliob":0.038,"bolussnooze":0,"activity":7.0E-4,"lastBolusTime":0,"time":"2023-12-23T22:42:00.000Z","iobWithZeroTemp":{"iob":-0.78,"basaliob":-0.78,"bolussnooze":0,"activity":-0.0065,"lastBolusTime":0,"time":"2023-12-23T22:42:00.000Z"}},{"iob":0.035,"basaliob":0.035,"bolussnooze":0,"activity":6.0E-4,"lastBolusTime":0,"time":"2023-12-23T22:47:00.000Z","iobWithZeroTemp":{"iob":-0.788,"basaliob":-0.788,"bolussnooze":0,"activity":-0.0067,"lastBolusTime":0,"time":"2023-12-23T22:47:00.000Z"}},{"iob":0.032,"basaliob":0.032,"bolussnooze":0,"activity":6.0E-4,"lastBolusTime":0,"time":"2023-12-23T22:52:00.000Z","iobWithZeroTemp":{"iob":-0.796,"basaliob":-0.796,"bolussnooze":0,"activity":-0.0068,"lastBolusTime":0,"time":"2023-12-23T22:52:00.000Z"}},{"iob":0.029,"basaliob":0.029,"bolussnooze":0,"activity":5.0E-4,"lastBolusTime":0,"time":"2023-12-23T22:57:00.000Z","iobWithZeroTemp":{"iob":-0.804,"basaliob":-0.804,"bolussnooze":0,"activity":-0.007,"lastBolusTime":0,"time":"2023-12-23T22:57:00.000Z"}},{"iob":0.027,"basaliob":0.027,"bolussnooze":0,"activity":5.0E-4,"lastBolusTime":0,"time":"2023-12-23T23:02:00.000Z","iobWithZeroTemp":{"iob":-0.81,"basaliob":-0.81,"bolussnooze":0,"activity":-0.007,"lastBolusTime":0,"time":"2023-12-23T23:02:00.000Z"}},{"iob":0.024,"basaliob":0.024,"bolussnooze":0,"activity":5.0E-4,"lastBolusTime":0,"time":"2023-12-23T23:07:00.000Z","iobWithZeroTemp":{"iob":-0.796,"basaliob":-0.796,"bolussnooze":0,"activity":-0.0071,"lastBolusTime":0,"time":"2023-12-23T23:07:00.000Z"}},{"iob":0.022,"basaliob":0.022,"bolussnooze":0,"activity":4.0E-4,"lastBolusTime":0,"time":"2023-12-23T23:12:00.000Z","iobWithZeroTemp":{"iob":-0.781,"basaliob":-0.781,"bolussnooze":0,"activity":-0.0072,"lastBolusTime":0,"time":"2023-12-23T23:12:00.000Z"}},{"iob":0.02,"basaliob":0.02,"bolussnooze":0,"activity":4.0E-4,"lastBolusTime":0,"time":"2023-12-23T23:17:00.000Z","iobWithZeroTemp":{"iob":-0.766,"basaliob":-0.766,"bolussnooze":0,"activity":-0.0072,"lastBolusTime":0,"time":"2023-12-23T23:17:00.000Z"}},{"iob":0.018,"basaliob":0.018,"bolussnooze":0,"activity":4.0E-4,"lastBolusTime":0,"time":"2023-12-23T23:22:00.000Z","iobWithZeroTemp":{"iob":-0.751,"basaliob":-0.751,"bolussnooze":0,"activity":-0.0071,"lastBolusTime":0,"time":"2023-12-23T23:22:00.000Z"}},{"iob":0.017,"basaliob":0.017,"bolussnooze":0,"activity":3.0E-4,"lastBolusTime":0,"time":"2023-12-23T23:27:00.000Z","iobWithZeroTemp":{"iob":-0.735,"basaliob":-0.735,"bolussnooze":0,"activity":-0.0072,"lastBolusTime":0,"time":"2023-12-23T23:27:00.000Z"}},{"iob":0.015,"basaliob":0.015,"bolussnooze":0,"activity":3.0E-4,"lastBolusTime":0,"time":"2023-12-23T23:32:00.000Z","iobWithZeroTemp":{"iob":-0.7,"basaliob":-0.7,"bolussnooze":0,"activity":-0.0071,"lastBolusTime":0,"time":"2023-12-23T23:32:00.000Z"}},{"iob":0.014,"basaliob":0.014,"bolussnooze":0,"activity":3.0E-4,"lastBolusTime":0,"time":"2023-12-23T23:37:00.000Z","iobWithZeroTemp":{"iob":-0.664,"basaliob":-0.664,"bolussnooze":0,"activity":-0.007,"lastBolusTime":0,"time":"2023-12-23T23:37:00.000Z"}},{"iob":0.013,"basaliob":0.013,"bolussnooze":0,"activity":2.0E-4,"lastBolusTime":0,"time":"2023-12-23T23:42:00.000Z","iobWithZeroTemp":{"iob":-0.629,"basaliob":-0.629,"bolussnooze":0,"activity":-0.0069,"lastBolusTime":0,"time":"2023-12-23T23:42:00.000Z"}},{"iob":0.011,"basaliob":0.011,"bolussnooze":0,"activity":2.0E-4,"lastBolusTime":0,"time":"2023-12-23T23:47:00.000Z","iobWithZeroTemp":{"iob":-0.596,"basaliob":-0.596,"bolussnooze":0,"activity":-0.0067,"lastBolusTime":0,"time":"2023-12-23T23:47:00.000Z"}},{"iob":0.01,"basaliob":0.01,"bolussnooze":0,"activity":2.0E-4,"lastBolusTime":0,"time":"2023-12-23T23:52:00.000Z","iobWithZeroTemp":{"iob":-0.563,"basaliob":-0.563,"bolussnooze":0,"activity":-0.0065,"lastBolusTime":0,"time":"2023-12-23T23:52:00.000Z"}},{"iob":0.009,"basaliob":0.009,"bolussnooze":0,"activity":2.0E-4,"lastBolusTime":0,"time":"2023-12-23T23:57:00.000Z","iobWithZeroTemp":{"iob":-0.532,"basaliob":-0.532,"bolussnooze":0,"activity":-0.0062,"lastBolusTime":0,"time":"2023-12-23T23:57:00.000Z"}},{"iob":0.008,"basaliob":0.008,"bolussnooze":0,"activity":2.0E-4,"lastBolusTime":0,"time":"2023-12-24T00:02:00.000Z","iobWithZeroTemp":{"iob":-0.501,"basaliob":-0.501,"bolussnooze":0,"activity":-0.006,"lastBolusTime":0,"time":"2023-12-24T00:02:00.000Z"}},{"iob":0.008,"basaliob":0.008,"bolussnooze":0,"activity":2.0E-4,"lastBolusTime":0,"time":"2023-12-24T00:07:00.000Z","iobWithZeroTemp":{"iob":-0.47,"basaliob":-0.47,"bolussnooze":0,"activity":-0.0058,"lastBolusTime":0,"time":"2023-12-24T00:07:00.000Z"}},{"iob":0.007,"basaliob":0.007,"bolussnooze":0,"activity":1.0E-4,"lastBolusTime":0,"time":"2023-12-24T00:12:00.000Z","iobWithZeroTemp":{"iob":-0.442,"basaliob":-0.442,"bolussnooze":0,"activity":-0.0056,"lastBolusTime":0,"time":"2023-12-24T00:12:00.000Z"}},{"iob":0.006,"basaliob":0.006,"bolussnooze":0,"activity":1.0E-4,"lastBolusTime":0,"time":"2023-12-24T00:17:00.000Z","iobWithZeroTemp":{"iob":-0.415,"basaliob":-0.415,"bolussnooze":0,"activity":-0.0053,"lastBolusTime":0,"time":"2023-12-24T00:17:00.000Z"}},{"iob":0.005,"basaliob":0.005,"bolussnooze":0,"activity":1.0E-4,"lastBolusTime":0,"time":"2023-12-24T00:22:00.000Z","iobWithZeroTemp":{"iob":-0.39,"basaliob":-0.39,"bolussnooze":0,"activity":-0.0051,"lastBolusTime":0,"time":"2023-12-24T00:22:00.000Z"}},{"iob":0.005,"basaliob":0.005,"bolussnooze":0,"activity":1.0E-4,"lastBolusTime":0,"time":"2023-12-24T00:27:00.000Z","iobWithZeroTemp":{"iob":-0.365,"basaliob":-0.365,"bolussnooze":0,"activity":-0.0048,"lastBolusTime":0,"time":"2023-12-24T00:27:00.000Z"}},{"iob":0.004,"basaliob":0.004,"bolussnooze":0,"activity":1.0E-4,"lastBolusTime":0,"time":"2023-12-24T00:32:00.000Z","iobWithZeroTemp":{"iob":-0.342,"basaliob":-0.342,"bolussnooze":0,"activity":-0.0046,"lastBolusTime":0,"time":"2023-12-24T00:32:00.000Z"}},{"iob":0.004,"basaliob":0.004,"bolussnooze":0,"activity":1.0E-4,"lastBolusTime":0,"time":"2023-12-24T00:37:00.000Z","iobWithZeroTemp":{"iob":-0.319,"basaliob":-0.319,"bolussnooze":0,"activity":-0.0043,"lastBolusTime":0,"time":"2023-12-24T00:37:00.000Z"}},{"iob":0.004,"basaliob":0.004,"bolussnooze":0,"activity":1.0E-4,"lastBolusTime":0,"time":"2023-12-24T00:42:00.000Z","iobWithZeroTemp":{"iob":-0.297,"basaliob":-0.297,"bolussnooze":0,"activity":-0.0041,"lastBolusTime":0,"time":"2023-12-24T00:42:00.000Z"}},{"iob":0.003,"basaliob":0.003,"bolussnooze":0,"activity":1.0E-4,"lastBolusTime":0,"time":"2023-12-24T00:47:00.000Z","iobWithZeroTemp":{"iob":-0.278,"basaliob":-0.278,"bolussnooze":0,"activity":-0.0039,"lastBolusTime":0,"time":"2023-12-24T00:47:00.000Z"}},{"iob":0.003,"basaliob":0.003,"bolussnooze":0,"activity":1.0E-4,"lastBolusTime":0,"time":"2023-12-24T00:52:00.000Z","iobWithZeroTemp":{"iob":-0.259,"basaliob":-0.259,"bolussnooze":0,"activity":-0.0036,"lastBolusTime":0,"time":"2023-12-24T00:52:00.000Z"}},{"iob":0.002,"basaliob":0.002,"bolussnooze":0,"activity":1.0E-4,"lastBolusTime":0,"time":"2023-12-24T00:57:00.000Z","iobWithZeroTemp":{"iob":-0.242,"basaliob":-0.242,"bolussnooze":0,"activity":-0.0034,"lastBolusTime":0,"time":"2023-12-24T00:57:00.000Z"}},{"iob":0.002,"basaliob":0.002,"bolussnooze":0,"activity":1.0E-4,"lastBolusTime":0,"time":"2023-12-24T01:02:00.000Z","iobWithZeroTemp":{"iob":-0.224,"basaliob":-0.224,"bolussnooze":0,"activity":-0.0032,"lastBolusTime":0,"time":"2023-12-24T01:02:00.000Z"}},{"iob":0.002,"basaliob":0.002,"bolussnooze":0,"activity":0,"lastBolusTime":0,"time":"2023-12-24T01:07:00.000Z","iobWithZeroTemp":{"iob":-0.208,"basaliob":-0.208,"bolussnooze":0,"activity":-0.0031,"lastBolusTime":0,"time":"2023-12-24T01:07:00.000Z"}},{"iob":0.002,"basaliob":0.002,"bolussnooze":0,"activity":0,"lastBolusTime":0,"time":"2023-12-24T01:12:00.000Z","iobWithZeroTemp":{"iob":-0.193,"basaliob":-0.193,"bolussnooze":0,"activity":-0.0029,"lastBolusTime":0,"time":"2023-12-24T01:12:00.000Z"}},{"iob":0.001,"basaliob":0.001,"bolussnooze":0,"activity":0,"lastBolusTime":0,"time":"2023-12-24T01:17:00.000Z","iobWithZeroTemp":{"iob":-0.18,"basaliob":-0.18,"bolussnooze":0,"activity":-0.0027,"lastBolusTime":0,"time":"2023-12-24T01:17:00.000Z"}},{"iob":0.001,"basaliob":0.001,"bolussnooze":0,"activity":0,"lastBolusTime":0,"time":"2023-12-24T01:22:00.000Z","iobWithZeroTemp":{"iob":-0.167,"basaliob":-0.167,"bolussnooze":0,"activity":-0.0026,"lastBolusTime":0,"time":"2023-12-24T01:22:00.000Z"}},{"iob":0.001,"basaliob":0.001,"bolussnooze":0,"activity":0,"lastBolusTime":0,"time":"2023-12-24T01:27:00.000Z","iobWithZeroTemp":{"iob":-0.155,"basaliob":-0.155,"bolussnooze":0,"activity":-0.0024,"lastBolusTime":0,"time":"2023-12-24T01:27:00.000Z"}},{"iob":0.001,"basaliob":0.001,"bolussnooze":0,"activity":0,"lastBolusTime":0,"time":"2023-12-24T01:32:00.000Z","iobWithZeroTemp":{"iob":-0.143,"basaliob":-0.143,"bolussnooze":0,"activity":-0.0022,"lastBolusTime":0,"time":"2023-12-24T01:32:00.000Z"}},{"iob":0.001,"basaliob":0.001,"bolussnooze":0,"activity":0,"lastBolusTime":0,"time":"2023-12-24T01:37:00.000Z","iobWithZeroTemp":{"iob":-0.132,"basaliob":-0.132,"bolussnooze":0,"activity":-0.0021,"lastBolusTime":0,"time":"2023-12-24T01:37:00.000Z"}},{"iob":0.001,"basaliob":0.001,"bolussnooze":0,"activity":0,"lastBolusTime":0,"time":"2023-12-24T01:42:00.000Z","iobWithZeroTemp":{"iob":-0.122,"basaliob":-0.122,"bolussnooze":0,"activity":-0.0019,"lastBolusTime":0,"time":"2023-12-24T01:42:00.000Z"}},{"iob":0.001,"basaliob":0.001,"bolussnooze":0,"activity":0,"lastBolusTime":0,"time":"2023-12-24T01:47:00.000Z","iobWithZeroTemp":{"iob":-0.113,"basaliob":-0.113,"bolussnooze":0,"activity":-0.0018,"lastBolusTime":0,"time":"2023-12-24T01:47:00.000Z"}},{"iob":0.001,"basaliob":0.001,"bolussnooze":0,"activity":0,"lastBolusTime":0,"time":"2023-12-24T01:52:00.000Z","iobWithZeroTemp":{"iob":-0.104,"basaliob":-0.104,"bolussnooze":0,"activity":-0.0017,"lastBolusTime":0,"time":"2023-12-24T01:52:00.000Z"}},{"iob":0,"basaliob":0,"bolussnooze":0,"activity":0,"lastBolusTime":0,"time":"2023-12-24T01:57:00.000Z","iobWithZeroTemp":{"iob":-0.097,"basaliob":-0.097,"bolussnooze":0,"activity":-0.0016,"lastBolusTime":0,"time":"2023-12-24T01:57:00.000Z"}},{"iob":0,"basaliob":0,"bolussnooze":0,"activity":0,"lastBolusTime":0,"time":"2023-12-24T02:02:00.000Z","iobWithZeroTemp":{"iob":-0.089,"basaliob":-0.089,"bolussnooze":0,"activity":-0.0015,"lastBolusTime":0,"time":"2023-12-24T02:02:00.000Z"}},{"iob":0,"basaliob":0,"bolussnooze":0,"activity":0,"lastBolusTime":0,"time":"2023-12-24T02:07:00.000Z","iobWithZeroTemp":{"iob":-0.082,"basaliob":-0.082,"bolussnooze":0,"activity":-0.0014,"lastBolusTime":0,"time":"2023-12-24T02:07:00.000Z"}},{"iob":0,"basaliob":0,"bolussnooze":0,"activity":0,"lastBolusTime":0,"time":"2023-12-24T02:12:00.000Z","iobWithZeroTemp":{"iob":-0.076,"basaliob":-0.076,"bolussnooze":0,"activity":-0.0013,"lastBolusTime":0,"time":"2023-12-24T02:12:00.000Z"}},{"iob":0,"basaliob":0,"bolussnooze":0,"activity":0,"lastBolusTime":0,"time":"2023-12-24T02:17:00.000Z","iobWithZeroTemp":{"iob":-0.07,"basaliob":-0.07,"bolussnooze":0,"activity":-0.0012,"lastBolusTime":0,"time":"2023-12-24T02:17:00.000Z"}},{"iob":0,"basaliob":0,"bolussnooze":0,"activity":0,"lastBolusTime":0,"time":"2023-12-24T02:22:00.000Z","iobWithZeroTemp":{"iob":-0.064,"basaliob":-0.064,"bolussnooze":0,"activity":-0.0011,"lastBolusTime":0,"time":"2023-12-24T02:22:00.000Z"}},{"iob":0,"basaliob":0,"bolussnooze":0,"activity":0,"lastBolusTime":0,"time":"2023-12-24T02:27:00.000Z","iobWithZeroTemp":{"iob":-0.059,"basaliob":-0.059,"bolussnooze":0,"activity":-0.001,"lastBolusTime":0,"time":"2023-12-24T02:27:00.000Z"}},{"iob":0,"basaliob":0,"bolussnooze":0,"activity":0,"lastBolusTime":0,"time":"2023-12-24T02:32:00.000Z","iobWithZeroTemp":{"iob":-0.054,"basaliob":-0.054,"bolussnooze":0,"activity":-9.0E-4,"lastBolusTime":0,"time":"2023-12-24T02:32:00.000Z"}},{"iob":0,"basaliob":0,"bolussnooze":0,"activity":0,"lastBolusTime":0,"time":"2023-12-24T02:37:00.000Z","iobWithZeroTemp":{"iob":-0.049,"basaliob":-0.049,"bolussnooze":0,"activity":-9.0E-4,"lastBolusTime":0,"time":"2023-12-24T02:37:00.000Z"}},{"iob":0,"basaliob":0,"bolussnooze":0,"activity":0,"lastBolusTime":0,"time":"2023-12-24T02:42:00.000Z","iobWithZeroTemp":{"iob":-0.045,"basaliob":-0.045,"bolussnooze":0,"activity":-8.0E-4,"lastBolusTime":0,"time":"2023-12-24T02:42:00.000Z"}},{"iob":0,"basaliob":0,"bolussnooze":0,"activity":0,"lastBolusTime":0,"time":"2023-12-24T02:47:00.000Z","iobWithZeroTemp":{"iob":-0.041,"basaliob":-0.041,"bolussnooze":0,"activity":-7.0E-4,"lastBolusTime":0,"time":"2023-12-24T02:47:00.000Z"}},{"iob":0,"basaliob":0,"bolussnooze":0,"activity":0,"lastBolusTime":0,"time":"2023-12-24T02:52:00.000Z","iobWithZeroTemp":{"iob":-0.038,"basaliob":-0.038,"bolussnooze":0,"activity":-7.0E-4,"lastBolusTime":0,"time":"2023-12-24T02:52:00.000Z"}},{"iob":0,"basaliob":0,"bolussnooze":0,"activity":0,"lastBolusTime":0,"time":"2023-12-24T02:57:00.000Z","iobWithZeroTemp":{"iob":-0.035,"basaliob":-0.035,"bolussnooze":0,"activity":-6.0E-4,"lastBolusTime":0,"time":"2023-12-24T02:57:00.000Z"}},{"iob":0,"basaliob":0,"bolussnooze":0,"activity":0,"lastBolusTime":0,"time":"2023-12-24T03:02:00.000Z","iobWithZeroTemp":{"iob":-0.032,"basaliob":-0.032,"bolussnooze":0,"activity":-6.0E-4,"lastBolusTime":0,"time":"2023-12-24T03:02:00.000Z"}},{"iob":0,"basaliob":0,"bolussnooze":0,"activity":0,"lastBolusTime":0,"time":"2023-12-24T03:07:00.000Z","iobWithZeroTemp":{"iob":-0.029,"basaliob":-0.029,"bolussnooze":0,"activity":-5.0E-4,"lastBolusTime":0,"time":"2023-12-24T03:07:00.000Z"}},{"iob":0,"basaliob":0,"bolussnooze":0,"activity":0,"lastBolusTime":0,"time":"2023-12-24T03:12:00.000Z","iobWithZeroTemp":{"iob":-0.026,"basaliob":-0.026,"bolussnooze":0,"activity":-5.0E-4,"lastBolusTime":0,"time":"2023-12-24T03:12:00.000Z"}},{"iob":0,"basaliob":0,"bolussnooze":0,"activity":0,"lastBolusTime":0,"time":"2023-12-24T03:17:00.000Z","iobWithZeroTemp":{"iob":-0.024,"basaliob":-0.024,"bolussnooze":0,"activity":-4.0E-4,"lastBolusTime":0,"time":"2023-12-24T03:17:00.000Z"}},{"iob":0,"basaliob":0,"bolussnooze":0,"activity":0,"lastBolusTime":0,"time":"2023-12-24T03:22:00.000Z","iobWithZeroTemp":{"iob":-0.022,"basaliob":-0.022,"bolussnooze":0,"activity":-4.0E-4,"lastBolusTime":0,"time":"2023-12-24T03:22:00.000Z"}},{"iob":0,"basaliob":0,"bolussnooze":0,"activity":0,"lastBolusTime":0,"time":"2023-12-24T03:27:00.000Z","iobWithZeroTemp":{"iob":-0.02,"basaliob":-0.02,"bolussnooze":0,"activity":-4.0E-4,"lastBolusTime":0,"time":"2023-12-24T03:27:00.000Z"}},{"iob":0,"basaliob":0,"bolussnooze":0,"activity":0,"lastBolusTime":0,"time":"2023-12-24T03:32:00.000Z","iobWithZeroTemp":{"iob":-0.018,"basaliob":-0.018,"bolussnooze":0,"activity":-3.0E-4,"lastBolusTime":0,"time":"2023-12-24T03:32:00.000Z"}},{"iob":0,"basaliob":0,"bolussnooze":0,"activity":0,"lastBolusTime":0,"time":"2023-12-24T03:37:00.000Z","iobWithZeroTemp":{"iob":-0.016,"basaliob":-0.016,"bolussnooze":0,"activity":-3.0E-4,"lastBolusTime":0,"time":"2023-12-24T03:37:00.000Z"}},{"iob":0,"basaliob":0,"bolussnooze":0,"activity":0,"lastBolusTime":0,"time":"2023-12-24T03:42:00.000Z","iobWithZeroTemp":{"iob":-0.015,"basaliob":-0.015,"bolussnooze":0,"activity":-3.0E-4,"lastBolusTime":0,"time":"2023-12-24T03:42:00.000Z"}},{"iob":0,"basaliob":0,"bolussnooze":0,"activity":0,"lastBolusTime":0,"time":"2023-12-24T03:47:00.000Z","iobWithZeroTemp":{"iob":-0.013,"basaliob":-0.013,"bolussnooze":0,"activity":-3.0E-4,"lastBolusTime":0,"time":"2023-12-24T03:47:00.000Z"}},{"iob":0,"basaliob":0,"bolussnooze":0,"activity":0,"lastBolusTime":0,"time":"2023-12-24T03:52:00.000Z","iobWithZeroTemp":{"iob":-0.012,"basaliob":-0.012,"bolussnooze":0,"activity":-2.0E-4,"lastBolusTime":0,"time":"2023-12-24T03:52:00.000Z"}},{"iob":0,"basaliob":0,"bolussnooze":0,"activity":0,"lastBolusTime":0,"time":"2023-12-24T03:57:00.000Z","iobWithZeroTemp":{"iob":-0.011,"basaliob":-0.011,"bolussnooze":0,"activity":-2.0E-4,"lastBolusTime":0,"time":"2023-12-24T03:57:00.000Z"}},{"iob":0,"basaliob":0,"bolussnooze":0,"activity":0,"lastBolusTime":0,"time":"2023-12-24T04:02:00.000Z","iobWithZeroTemp":{"iob":-0.01,"basaliob":-0.01,"bolussnooze":0,"activity":-2.0E-4,"lastBolusTime":0,"time":"2023-12-24T04:02:00.000Z"}},{"iob":0,"basaliob":0,"bolussnooze":0,"activity":0,"lastBolusTime":0,"time":"2023-12-24T04:07:00.000Z","iobWithZeroTemp":{"iob":-0.009,"basaliob":-0.009,"bolussnooze":0,"activity":-2.0E-4,"lastBolusTime":0,"time":"2023-12-24T04:07:00.000Z"}},{"iob":0,"basaliob":0,"bolussnooze":0,"activity":0,"lastBolusTime":0,"time":"2023-12-24T04:12:00.000Z","iobWithZeroTemp":{"iob":-0.008,"basaliob":-0.008,"bolussnooze":0,"activity":-2.0E-4,"lastBolusTime":0,"time":"2023-12-24T04:12:00.000Z"}},{"iob":0,"basaliob":0,"bolussnooze":0,"activity":0,"lastBolusTime":0,"time":"2023-12-24T04:17:00.000Z","iobWithZeroTemp":{"iob":-0.007,"basaliob":-0.007,"bolussnooze":0,"activity":-2.0E-4,"lastBolusTime":0,"time":"2023-12-24T04:17:00.000Z"}},{"iob":0,"basaliob":0,"bolussnooze":0,"activity":0,"lastBolusTime":0,"time":"2023-12-24T04:22:00.000Z","iobWithZeroTemp":{"iob":-0.007,"basaliob":-0.007,"bolussnooze":0,"activity":-1.0E-4,"lastBolusTime":0,"time":"2023-12-24T04:22:00.000Z"}},{"iob":0,"basaliob":0,"bolussnooze":0,"activity":0,"lastBolusTime":0,"time":"2023-12-24T04:27:00.000Z","iobWithZeroTemp":{"iob":-0.006,"basaliob":-0.006,"bolussnooze":0,"activity":-1.0E-4,"lastBolusTime":0,"time":"2023-12-24T04:27:00.000Z"}},{"iob":0,"basaliob":0,"bolussnooze":0,"activity":0,"lastBolusTime":0,"time":"2023-12-24T04:32:00.000Z","iobWithZeroTemp":{"iob":-0.005,"basaliob":-0.005,"bolussnooze":0,"activity":-1.0E-4,"lastBolusTime":0,"time":"2023-12-24T04:32:00.000Z"}},{"iob":0,"basaliob":0,"bolussnooze":0,"activity":0,"lastBolusTime":0,"time":"2023-12-24T04:37:00.000Z","iobWithZeroTemp":{"iob":-0.005,"basaliob":-0.005,"bolussnooze":0,"activity":-1.0E-4,"lastBolusTime":0,"time":"2023-12-24T04:37:00.000Z"}},{"iob":0,"basaliob":0,"bolussnooze":0,"activity":0,"lastBolusTime":0,"time":"2023-12-24T04:42:00.000Z","iobWithZeroTemp":{"iob":-0.004,"basaliob":-0.004,"bolussnooze":0,"activity":-1.0E-4,"lastBolusTime":0,"time":"2023-12-24T04:42:00.000Z"}},{"iob":0,"basaliob":0,"bolussnooze":0,"activity":0,"lastBolusTime":0,"time":"2023-12-24T04:47:00.000Z","iobWithZeroTemp":{"iob":-0.004,"basaliob":-0.004,"bolussnooze":0,"activity":-1.0E-4,"lastBolusTime":0,"time":"2023-12-24T04:47:00.000Z"}},{"iob":0,"basaliob":0,"bolussnooze":0,"activity":0,"lastBolusTime":0,"time":"2023-12-24T04:52:00.000Z","iobWithZeroTemp":{"iob":-0.003,"basaliob":-0.003,"bolussnooze":0,"activity":-1.0E-4,"lastBolusTime":0,"time":"2023-12-24T04:52:00.000Z"}}],"profile":{"max_iob":1.5,"dia":3,"type":"current","max_daily_basal":0.5,"max_basal":1.5,"min_bg":90,"max_bg":90,"target_bg":90,"carb_ratio":20,"sens":117,"max_daily_safety_multiplier":3,"current_basal_safety_multiplier":4,"skip_neutral_temps":true,"current_basal":0.4,"temptargetSet":false,"autosens_adjust_targets":true,"min_5m_carbimpact":5.5,"out_units":"mmol\/L"},"autosens_data":{"ratio":1.09},"meal_data":{"carbs":0,"mealCOB":0}},"output":{"temp":"absolute","bg":178,"tick":-3,"eventualBG":104,"snoozeBG":104,"predBGs":{"IOB":[178,174,170,166,162,158,155,152,148,145,143,140,138,135,133,131,129,127,125,124,122,121,119,118,117,116,115,114,113,112,111,110,110,109,108,108,107,107,107,106,106,105,105,105,105,104,104,104,104,104,103,103,103,103,103,103,103,103,102]},"COB":0,"IOB":0.666,"reason":"COB: 0, Dev: -3, BGI: -3.7, ISF: 6.0, Target: 4.9; Autosens: 1.09; Eventual BG 5.8 >= 4.9, temp 0.000 < 0.46U\/hr","duration":30,"rate":0.45600000000000007,"timestamp":"2023-12-23T19:26:09.390Z"}}