{"algorithm":"OpenAPSAMAPlugin","input":{"glucoseStatus":{"glucose":47,"delta":-9.67,"short_avgdelta":-10.87,"long_avgdelta":-10.99},"currenttemp":{"temp":"absolute","duration":20,"rate":0,"minutesrunning":10},"iob_data":[{"iob":0.017,"basaliob":0.017,"bolussnooze":0,"activity":0.0011,"lastBolusTime":0,"time":"2023-12-23T11:37:00.000Z","iobWithZeroTemp":{"iob":0.017,"basaliob":0.017,"bolussnooze":0,"activity":0.0011,"lastBolusTime":0,"time":"2023-12-23T11:37:00.000Z"}},{"iob":0.012,"basaliob":0.012,"bolussnooze":0,"activity":9.0E-4,"lastBolusTime":0,"time":"2023-12-23T11:42:00.000Z","iobWithZeroTemp":{"iob":-0.013,"basaliob":-0.013,"bolussnooze":0,"activity":9.0E-4,"lastBolusTime":0,"time":"2023-12-23T11:42:00.000Z"}},{"iob":0.008,"basaliob":0.008,"bolussnooze":0,"activity":8.0E-4,"lastBolusTime":0,"time":"2023-12-23T11:47:00.000Z","iobWithZeroTemp":{"iob":-0.042,"basaliob":-0.042,"bolussnooze":0,"activity":7.0E-4,"lastBolusTime":0,"time":"2023-12-23T11:47:00.000Z"}},{"iob":0.004,"basaliob":0.004,"bolussnooze":0,"activity":7.0E-4,"lastBolusTime":0,"time":"2023-12-23T11:52:00.000Z","iobWithZeroTemp":{"iob":-0.07,"basaliob":-0.07,"bolussnooze":0,"activity":5.0E-4,"lastBolusTime":0,"time":"2023-12-23T11:52:00.000Z"}},{"iob":0.001,"basaliob":0.001,"bolussnooze":0,"activity":6.0E-4,"lastBolusTime":0,"time":"2023-12-23T11:57:00.000Z","iobWithZeroTemp":{"iob":-0.097,"basaliob":-0.097,"bolussnooze":0,"activity":3.0E-4,"lastBolusTime":0,"time":"2023-12-23T11:57:00.000Z"}},{"iob":-0.002,"basaliob":-0.002,"bolussnooze":0,"activity":5.0E-4,"lastBolusTime":0,"time":"2023-12-23T12:02:00.000Z","iobWithZeroTemp":{"iob":-0.124,"basaliob":-0.124,"bolussnooze":0,"activity":1.0E-4,"lastBolusTime":0,"time":"2023-12-23T12:02:00.000Z"}},{"iob":-0.004,"basaliob":-0.004,"bolussnooze":0,"activity":4.0E-4,"lastBolusTime":0,"time":"2023-12-23T12:07:00.000Z","iobWithZeroTemp":{"iob":-0.148,"basaliob":-0.148,"bolussnooze":0,"activity":-1.0E-4,"lastBolusTime":0,"time":"2023-12-23T12:07:00.000Z"}},{"iob":-0.006,"basaliob":-0.006,"bolussnooze":0,"activity":3.0E-4,"lastBolusTime":0,"time":"2023-12-23T12:12:00.000Z","iobWithZeroTemp":{"iob":-0.172,"basaliob":-0.172,"bolussnooze":0,"activity":-4.0E-4,"lastBolusTime":0,"time":"2023-12-23T12:12:00.000Z"}},{"iob":-0.007,"basaliob":-0.007,"bolussnooze":0,"activity":3.0E-4,"lastBolusTime":0,"time":"2023-12-23T12:17:00.000Z","iobWithZeroTemp":{"iob":-0.194,"basaliob":-0.194,"bolussnooze":0,"activity":-5.0E-4,"lastBolusTime":0,"time":"2023-12-23T12:17:00.000Z"}},{"iob":-0.008,"basaliob":-0.008,"bolussnooze":0,"activity":2.0E-4,"lastBolusTime":0,"time":"2023-12-23T12:22:00.000Z","iobWithZeroTemp":{"iob":-0.216,"basaliob":-0.216,"bolussnooze":0,"activity":-8.0E-4,"lastBolusTime":0,"time":"2023-12-23T12:22:00.000Z"}},{"iob":-0.009,"basaliob":-0.009,"bolussnooze":0,"activity":2.0E-4,"lastBolusTime":0,"time":"2023-12-23T12:27:00.000Z","iobWithZeroTemp":{"iob":-0.236,"basaliob":-0.236,"bolussnooze":0,"activity":-0.001,"lastBolusTime":0,"time":"2023-12-23T12:27:00.000Z"}},{"iob":-0.01,"basaliob":-0.01,"bolussnooze":0,"activity":1.0E-4,"lastBolusTime":0,"time":"2023-12-23T12:32:00.000Z","iobWithZeroTemp":{"iob":-0.256,"basaliob":-0.256,"bolussnooze":0,"activity":-0.0013,"lastBolusTime":0,"time":"2023-12-23T12:32:00.000Z"}},{"iob":-0.011,"basaliob":-0.011,"bolussnooze":0,"activity":1.0E-4,"lastBolusTime":0,"time":"2023-12-23T12:37:00.000Z","iobWithZeroTemp":{"iob":-0.275,"basaliob":-0.275,"bolussnooze":0,"activity":-0.0014,"lastBolusTime":0,"time":"2023-12-23T12:37:00.000Z"}},{"iob":-0.011,"basaliob":-0.011,"bolussnooze":0,"activity":1.0E-4,"lastBolusTime":0,"time":"2023-12-23T12:42:00.000Z","iobWithZeroTemp":{"iob":-0.292,"basaliob":-0.292,"bolussnooze":0,"activity":-0.0016,"lastBolusTime":0,"time":"2023-12-23T12:42:00.000Z"}},{"iob":-0.011,"basaliob":-0.011,"bolussnooze":0,"activity":0,"lastBolusTime":0,"time":"2023-12-23T12:47:00.000Z","iobWithZeroTemp":{"iob":-0.308,"basaliob":-0.308,"bolussnooze":0,"activity":-0.0019,"lastBolusTime":0,"time":"2023-12-23T12:47:00.000Z"}},{"iob":-0.011,"basaliob":-0.011,"bolussnooze":0,"activity":0,"lastBolusTime":0,"time":"2023-12-23T12:52:00.000Z","iobWithZeroTemp":{"iob":-0.323,"basaliob":-0.323,"bolussnooze":0,"activity":-0.002,"lastBolusTime":0,"time":"2023-12-23T12:52:00.000Z"}},{"iob":-0.011,"basaliob":-0.011,"bolussnooze":0,"activity":0,"lastBolusTime":0,"time":"2023-12-23T12:57:00.000Z","iobWithZeroTemp":{"iob":-0.338,"basaliob":-0.338,"bolussnooze":0,"activity":-0.0022,"lastBolusTime":0,"time":"2023-12-23T12:57:00.000Z"}},{"iob":-0.011,"basaliob":-0.011,"bolussnooze":0,"activity":0,"lastBolusTime":0,"time":"2023-12-23T13:02:00.000Z","iobWithZeroTemp":{"iob":-0.351,"basaliob":-0.351,"bolussnooze":0,"activity":-0.0023,"lastBolusTime":0,"time":"2023-12-23T13:02:00.000Z"}},{"iob":-0.011,"basaliob":-0.011,"bolussnooze":0,"activity":0,"lastBolusTime":0,"time":"2023-12-23T13:07:00.000Z","iobWithZeroTemp":{"iob":-0.364,"basaliob":-0.364,"bolussnooze":0,"activity":-0.0025,"lastBolusTime":0,"time":"2023-12-23T13:07:00.000Z"}},{"iob":-0.011,"basaliob":-0.011,"bolussnooze":0,"activity":0,"lastBolusTime":0,"time":"2023-12-23T13:12:00.000Z","iobWithZeroTemp":{"iob":-0.376,"basaliob":-0.376,"bolussnooze":0,"activity":-0.0026,"lastBolusTime":0,"time":"2023-12-23T13:12:00.000Z"}},{"iob":-0.011,"basaliob":-0.011,"bolussnooze":0,"activity":-1.0E-4,"lastBolusTime":0,"time":"2023-12-23T13:17:00.000Z","iobWithZeroTemp":{"iob":-0.388,"basaliob":-0.388,"bolussnooze":0,"activity":-0.0029,"lastBolusTime":0,"time":"2023-12-23T13:17:00.000Z"}},{"iob":-0.01,"basaliob":-0.01,"bolussnooze":0,"activity":-1.0E-4,"lastBolusTime":0,"time":"2023-12-23T13:22:00.000Z","iobWithZeroTemp":{"iob":-0.398,"basaliob":-0.398,"bolussnooze":0,"activity":-0.003,"lastBolusTime":0,"time":"2023-12-23T13:22:00.000Z"}},{"iob":-0.01,"basaliob":-0.01,"bolussnooze":0,"activity":-1.0E-4,"lastBolusTime":0,"time":"2023-12-23T13:27:00.000Z","iobWithZeroTemp":{"iob":-0.408,"basaliob":-0.408,"bolussnooze":0,"activity":-0.0031,"lastBolusTime":0,"time":"2023-12-23T13:27:00.000Z"}},{"iob":-0.01,"basaliob":-0.01,"bolussnooze":0,"activity":-1.0E-4,"lastBolusTime":0,"time":"2023-12-23T13:32:00.000Z","iobWithZeroTemp":{"iob":-0.417,"basaliob":-0.417,"bolussnooze":0,"activity":-0.0033,"lastBolusTime":0,"time":"2023-12-23T13:32:00.000Z"}},{"iob":-0.009,"basaliob":-0.009,"bolussnooze":0,"activity":-1.0E-4,"lastBolusTime":0,"time":"2023-12-23T13:37:00.000Z","iobWithZeroTemp":{"iob":-0.425,"basaliob":-0.425,"bolussnooze":0,"activity":-0.0034,"lastBolusTime":0,"time":"2023-12-23T13:37:00.000Z"}},{"iob":-0.009,"basaliob":-0.009,"bolussnooze":0,"activity":-1.0E-4,"lastBolusTime":0,"time":"2023-12-23T13:42:00.000Z","iobWithZeroTemp":{"iob":-0.433,"basaliob":-0.433,"bolussnooze":0,"activity":-0.0035,"lastBolusTime":0,"time":"2023-12-23T13:42:00.000Z"}},{"iob":-0.009,"basaliob":-0.009,"bolussnooze":0,"activity":-1.0E-4,"lastBolusTime":0,"time":"2023-12-23T13:47:00.000Z","iobWithZeroTemp":{"iob":-0.441,"basaliob":-0.441,"bolussnooze":0,"activity":-0.0036,"lastBolusTime":0,"time":"2023-12-23T13:47:00.000Z"}},{"iob":-0.008,"basaliob":-0.008,"bolussnooze":0,"activity":-1.0E-4,"lastBolusTime":0,"time":"2023-12-23T13:52:00.000Z","iobWithZeroTemp":{"iob":-0.447,"basaliob":-0.447,"bolussnooze":0,"activity":-0.0037,"lastBolusTime":0,"time":"2023-12-23T13:52:00.000Z"}},{"iob":-0.008,"basaliob":-0.008,"bolussnooze":0,"activity":-1.0E-4,"lastBolusTime":0,"time":"2023-12-23T13:57:00.000Z","iobWithZeroTemp":{"iob":-0.454,"basaliob":-0.454,"bolussnooze":0,"activity":-0.0038,"lastBolusTime":0,"time":"2023-12-23T13:57:00.000Z"}},{"iob":-0.007,"basaliob":-0.007,"bolussnooze":0,"activity":-1.0E-4,"lastBolusTime":0,"time":"2023-12-23T14:02:00.000Z","iobWithZeroTemp":{"iob":-0.46,"basaliob":-0.46,"bolussnooze":0,"activity":-0.0039,"lastBolusTime":0,"time":"2023-12-23T14:02:00.000Z"}},{"iob":-0.007,"basaliob":-0.007,"bolussnooze":0,"activity":-1.0E-4,"lastBolusTime":0,"time":"2023-12-23T14:07:00.000Z","iobWithZeroTemp":{"iob":-0.465,"basaliob":-0.465,"bolussnooze":0,"activity":-0.004,"lastBolusTime":0,"time":"2023-12-23T14:07:00.000Z"}},{"iob":-0.007,"basaliob":-0.007,"bolussnooze":0,"activity":-1.0E-4,"lastBolusTime":0,"time":"2023-12-23T14:12:00.000Z","iobWithZeroTemp":{"iob":-0.471,"basaliob":-0.471,"bolussnooze":0,"activity":-0.004,"lastBolusTime":0,"time":"2023-12-23T14:12:00.000Z"}},{"iob":-0.006,"basaliob":-0.006,"bolussnooze":0,"activity":-1.0E-4,"lastBolusTime":0,"time":"2023-12-23T14:17:00.000Z","iobWithZeroTemp":{"iob":-0.475,"basaliob":-0.475,"bolussnooze":0,"activity":-0.0041,"lastBolusTime":0,"time":"2023-12-23T14:17:00.000Z"}},{"iob":-0.006,"basaliob":-0.006,"bolussnooze":0,"activity":-1.0E-4,"lastBolusTime":0,"time":"2023-12-23T14:22:00.000Z","iobWithZeroTemp":{"iob":-0.48,"basaliob":-0.48,"bolussnooze":0,"activity":-0.0042,"lastBolusTime":0,"time":"2023-12-23T14:22:00.000Z"}},{"iob":-0.006,"basaliob":-0.006,"bolussnooze":0,"activity":-1.0E-4,"lastBolusTime":0,"time":"2023-12-23T14:27:00.000Z","iobWithZeroTemp":{"iob":-0.484,"basaliob":-0.484,"bolussnooze":0,"activity":-0.0043,"lastBolusTime":0,"time":"2023-12-23T14:27:00.000Z"}},{"iob":-0.005,"basaliob":-0.005,"bolussnooze":0,"activity":-1.0E-4,"lastBolusTime":0,"time":"2023-12-23T14:32:00.000Z","iobWithZeroTemp":{"iob":-0.487,"basaliob":-0.487,"bolussnooze":0,"activity":-0.0043,"lastBolusTime":0,"time":"2023-12-23T14:32:00.000Z"}},{"iob":-0.005,"basaliob":-0.005,"bolussnooze":0,"activity":-1.0E-4,"lastBolusTime":0,"time":"2023-12-23T14:37:00.000Z","iobWithZeroTemp":{"iob":-0.491,"basaliob":-0.491,"bolussnooze":0,"activity":-0.0044,"lastBolusTime":0,"time":"2023-12-23T14:37:00.000Z"}},{"iob":-0.005,"basaliob":-0.005,"bolussnooze":0,"activity":-1.0E-4,"lastBolusTime":0,"time":"2023-12-23T14:42:00.000Z","iobWithZeroTemp":{"iob":-0.494,"basaliob":-0.494,"bolussnooze":0,"activity":-0.0044,"lastBolusTime":0,"time":"2023-12-23T14:42:00.000Z"}},{"iob":-0.004,"basaliob":-0.004,"bolussnooze":0,"activity":-1.0E-4,"lastBolusTime":0,"time":"2023-12-23T14:47:00.000Z","iobWithZeroTemp":{"iob":-0.497,"basaliob":-0.497,"bolussnooze":0,"activity":-0.0045,"lastBolusTime":0,"time":"2023-12-23T14:47:00.000Z"}},{"iob":-0.004,"basaliob":-0.004,"bolussnooze":0,"activity":-1.0E-4,"lastBolusTime":0,"time":"2023-12-23T14:52:00.000Z","iobWithZeroTemp":{"iob":-0.5,"basaliob":-0.5,"bolussnooze":0,"activity":-0.0045,"lastBolusTime":0,"time":"2023-12-23T14:52:00.000Z"}},{"iob":-0.004,"basaliob":-0.004,"bolussnooze":0,"activity":-1.0E-4,"lastBolusTime":0,"time":"2023-12-23T14:57:00.000Z","iobWithZeroTemp":{"iob":-0.503,"basaliob":-0.503,"bolussnooze":0,"activity":-0.0046,"lastBolusTime":0,"time":"2023-12-23T14:57:00.000Z"}},{"iob":-0.004,"basaliob":-0.004,"bolussnooze":0,"activity":0,"lastBolusTime":0,"time":"2023-12-23T15:02:00.000Z","iobWithZeroTemp":{"iob":-0.505,"basaliob":-0.505,"bolussnooze":0,"activity":-0.0045,"lastBolusTime":0,"time":"2023-12-23T15:02:00.000Z"}},{"iob":-0.003,"basaliob":-0.003,"bolussnooze":0,"activity":0,"lastBolusTime":0,"time":"2023-12-23T15:07:00.000Z","iobWithZeroTemp":{"iob":-0.506,"basaliob":-0.506,"bolussnooze":0,"activity":-0.0045,"lastBolusTime":0,"time":"2023-12-23T15:07:00.000Z"}},{"iob":-0.003,"basaliob":-0.003,"bolussnooze":0,"activity":0,"lastBolusTime":0,"time":"2023-12-23T15:12:00.000Z","iobWithZeroTemp":{"iob":-0.509,"basaliob":-0.509,"bolussnooze":0,"activity":-0.0046,"lastBolusTime":0,"time":"2023-12-23T15:12:00.000Z"}},{"iob":-0.003,"basaliob":-0.003,"bolussnooze":0,"activity":0,"lastBolusTime":0,"time":"2023-12-23T15:17:00.000Z","iobWithZeroTemp":{"iob":-0.511,"basaliob":-0.511,"bolussnooze":0,"activity":-0.0046,"lastBolusTime":0,"time":"2023-12-23T15:17:00.000Z"}},{"iob":-0.003,"basaliob":-0.003,"bolussnooze":0,"activity":0,"lastBolusTime":0,"time":"2023-12-23T15:22:00.000Z","iobWithZeroTemp":{"iob":-0.513,"basaliob":-0.513,"bolussnooze":0,"activity":-0.0046,"lastBolusTime":0,"time":"2023-12-23T15:22:00.000Z"}},{"iob":-0.003,"basaliob":-0.003,"bolussnooze":0,"activity":0,"lastBolusTime":0,"time":"2023-12-23T15:27:00.000Z","iobWithZeroTemp":{"iob":-0.514,"basaliob":-0.514,"bolussnooze":0,"activity":-0.0047,"lastBolusTime":0,"time":"2023-12-23T15:27:00.000Z"}},{"iob":-0.002,"basaliob":-0.002,"bolussnooze":0,"activity":0,"lastBolusTime":0,"time":"2023-12-23T15:32:00.000Z","iobWithZeroTemp":{"iob":-0.515,"basaliob":-0.515,"bolussnooze":0,"activity":-0.0047,"lastBolusTime":0,"time":"2023-12-23T15:32:00.000Z"}},{"iob":-0.002,"basaliob":-0.002,"bolussnooze":0,"activity":0,"lastBolusTime":0,"time":"2023-12-23T15:37:00.000Z","iobWithZeroTemp":{"iob":-0.516,"basaliob":-0.516,"bolussnooze":0,"activity":-0.0047,"lastBolusTime":0,"time":"2023-12-23T15:37:00.000Z"}},{"iob":-0.002,"basaliob":-0.002,"bolussnooze":0,"activity":0,"lastBolusTime":0,"time":"2023-12-23T15:42:00.000Z","iobWithZeroTemp":{"iob":-0.493,"basaliob":-0.493,"bolussnooze":0,"activity":-0.0047,"lastBolusTime":0,"time":"2023-12-23T15:42:00.000Z"}},{"iob":-0.002,"basaliob":-0.002,"bolussnooze":0,"activity":0,"lastBolusTime":0,"time":"2023-12-23T15:47:00.000Z","iobWithZeroTemp":{"iob":-0.469,"basaliob":-0.469,"bolussnooze":0,"activity":-0.0047,"lastBolusTime":0,"time":"2023-12-23T15:47:00.000Z"}},{"iob":-0.002,"basaliob":-0.002,"bolussnooze":0,"activity":0,"lastBolusTime":0,"time":"2023-12-23T15:52:00.000Z","iobWithZeroTemp":{"iob":-0.446,"basaliob":-0.446,"bolussnooze":0,"activity":-0.0046,"lastBolusTime":0,"time":"2023-12-23T15:52:00.000Z"}},{"iob":-0.002,"basaliob":-0.002,"bolussnooze":0,"activity":0,"lastBolusTime":0,"time":"2023-12-23T15:57:00.000Z","iobWithZeroTemp":{"iob":-0.423,"basaliob":-0.423,"bolussnooze":0,"activity":-0.0045,"lastBolusTime":0,"time":"2023-12-23T15:57:00.000Z"}},{"iob":-0.002,"basaliob":-0.002,"bolussnooze":0,"activity":0,"lastBolusTime":0,"time":"2023-12-23T16:02:00.000Z","iobWithZeroTemp":{"iob":-0.4,"basaliob":-0.4,"bolussnooze":0,"activity":-0.0044,"lastBolusTime":0,"time":"2023-12-23T16:02:00.000Z"}},{"iob":-0.001,"basaliob":-0.001,"bolussnooze":0,"activity":0,"lastBolusTime":0,"time":"2023-12-23T16:07:00.000Z","iobWithZeroTemp":{"iob":-0.377,"basaliob":-0.377,"bolussnooze":0,"activity":-0.0043,"lastBolusTime":0,"time":"2023-12-23T16:07:00.000Z"}},{"iob":-0.001,"basaliob":-0.001,"bolussnooze":0,"activity":0,"lastBolusTime":0,"time":"2023-12-23T16:12:00.000Z","iobWithZeroTemp":{"iob":-0.356,"basaliob":-0.356,"bolussnooze":0,"activity":-0.0042,"lastBolusTime":0,"time":"2023-12-23T16:12:00.000Z"}},{"iob":-0.001,"basaliob":-0.001,"bolussnooze":0,"activity":0,"lastBolusTime":0,"time":"2023-12-23T16:17:00.000Z","iobWithZeroTemp":{"iob":-0.336,"basaliob":-0.336,"bolussnooze":0,"activity":-0.004,"lastBolusTime":0,"time":"2023-12-23T16:17:00.000Z"}},{"iob":-0.001,"basaliob":-0.001,"bolussnooze":0,"activity":0,"lastBolusTime":0,"time":"2023-12-23T16:22:00.000Z","iobWithZeroTemp":{"iob":-0.316,"basaliob":-0.316,"bolussnooze":0,"activity":-0.0039,"lastBolusTime":0,"time":"2023-12-23T16:22:00.000Z"}},{"iob":-0.001,"basaliob":-0.001,"bolussnooze":0,"activity":0,"lastBolusTime":0,"time":"2023-12-23T16:27:00.000Z","iobWithZeroTemp":{"iob":-0.297,"basaliob":-0.297,"bolussnooze":0,"activity":-0.0037,"lastBolusTime":0,"time":"2023-12-23T16:27:00.000Z"}},{"iob":-0.001,"basaliob":-0.001,"bolussnooze":0,"activity":0,"lastBolusTime":0,"time":"2023-12-23T16:32:00.000Z","iobWithZeroTemp":{"iob":-0.279,"basaliob":-0.279,"bolussnooze":0,"activity":-0.0035,"lastBolusTime":0,"time":"2023-12-23T16:32:00.000Z"}},{"iob":-0.001,"basaliob":-0.001,"bolussnooze":0,"activity":0,"lastBolusTime":0,"time":"2023-12-23T16:37:00.000Z","iobWithZeroTemp":{"iob":-0.262,"basaliob":-0.262,"bolussnooze":0,"activity":-0.0034,"lastBolusTime":0,"time":"2023-12-23T16:37:00.000Z"}},{"iob":-0.001,"basaliob":-0.001,"bolussnooze":0,"activity":0,"lastBolusTime":0,"time":"2023-12-23T16:42:00.000Z","iobWithZeroTemp":{"iob":-0.245,"basaliob":-0.245,"bolussnooze":0,"activity":-0.0032,"lastBolusTime":0,"time":"2023-12-23T16:42:00.000Z"}},{"iob":-0.001,"basaliob":-0.001,"bolussnooze":0,"activity":0,"lastBolusTime":0,"time":"2023-12-23T16:47:00.000Z","iobWithZeroTemp":{"iob":-0.23,"basaliob":-0.23,"bolussnooze":0,"activity":-0.0031,"lastBolusTime":0,"time":"2023-12-23T16:47:00.000Z"}},{"iob":-0.001,"basaliob":-0.001,"bolussnooze":0,"activity":0,"lastBolusTime":0,"time":"2023-12-23T16:52:00.000Z","iobWithZeroTemp":{"iob":-0.215,"basaliob":-0.215,"bolussnooze":0,"activity":-0.0029,"lastBolusTime":0,"time":"2023-12-23T16:52:00.000Z"}},{"iob":-0.001,"basaliob":-0.001,"bolussnooze":0,"activity":0,"lastBolusTime":0,"time":"2023-12-23T16:57:00.000Z","iobWithZeroTemp":{"iob":-0.201,"basaliob":-0.201,"bolussnooze":0,"activity":-0.0027,"lastBolusTime":0,"time":"2023-12-23T16:57:00.000Z"}},{"iob":-0.001,"basaliob":-0.001,"bolussnooze":0,"activity":0,"lastBolusTime":0,"time":"2023-12-23T17:02:00.000Z","iobWithZeroTemp":{"iob":-0.187,"basaliob":-0.187,"bolussnooze":0,"activity":-0.0026,"lastBolusTime":0,"time":"2023-12-23T17:02:00.000Z"}},{"iob":-0.001,"basaliob":-0.001,"bolussnooze":0,"activity":0,"lastBolusTime":0,"time":"2023-12-23T17:07:00.000Z","iobWithZeroTemp":{"iob":-0.174,"basaliob":-0.174,"bolussnooze":0,"activity":-0.0025,"lastBolusTime":0,"time":"2023-12-23T17:07:00.000Z"}},{"iob":-0.001,"basaliob":-0.001,"bolussnooze":0,"activity":0,"lastBolusTime":0,"time":"2023-12-23T17:12:00.000Z","iobWithZeroTemp":{"iob":-0.163,"basaliob":-0.163,"bolussnooze":0,"activity":-0.0023,"lastBolusTime":0,"time":"2023-12-23T17:12:00.000Z"}},{"iob":0,"basaliob":0,"bolussnooze":0,"activity":0,"lastBolusTime":0,"time":"2023-12-23T17:17:00.000Z","iobWithZeroTemp":{"iob":-0.15,"basaliob":-0.15,"bolussnooze":0,"activity":-0.0022,"lastBolusTime":0,"time":"2023-12-23T17:17:00.000Z"}},{"iob":0,"basaliob":0,"bolussnooze":0,"activity":0,"lastBolusTime":0,"time":"2023-12-23T17:22:00.000Z","iobWithZeroTemp":{"iob":-0.14,"basaliob":-0.14,"bolussnooze":0,"activity":-0.002,"lastBolusTime":0,"time":"2023-12-23T17:22:00.000Z"}},{"iob":0,"basaliob":0,"bolussnooze":0,"activity":0,"lastBolusTime":0,"time":"2023-12-23T17:27:00.000Z","iobWithZeroTemp":{"iob":-0.13,"basaliob":-0.13,"bolussnooze":0,"activity":-0.0019,"lastBolusTime":0,"time":"2023-12-23T17:27:00.000Z"}},{"iob":0,"basaliob":0,"bolussnooze":0,"activity":0,"lastBolusTime":0,"time":"2023-12-23T17:32:00.000Z","iobWithZeroTemp":{"iob":-0.121,"basaliob":-0.121,"bolussnooze":0,"activity":-0.0018,"lastBolusTime":0,"time":"2023-12-23T17:32:00.000Z"}},{"iob":0,"basaliob":0,"bolussnooze":0,"activity":0,"lastBolusTime":0,"time":"2023-12-23T17:37:00.000Z","iobWithZeroTemp":{"iob":-0.112,"basaliob":-0.112,"bolussnooze":0,"activity":-0.0017,"lastBolusTime":0,"time":"2023-12-23T17:37:00.000Z"}},{"iob":0,"basaliob":0,"bolussnooze":0,"activity":0,"lastBolusTime":0,"time":"2023-12-23T17:42:00.000Z","iobWithZeroTemp":{"iob":-0.104,"basaliob":-0.104,"bolussnooze":0,"activity":-0.0016,"lastBolusTime":0,"time":"2023-12-23T17:42:00.000Z"}},{"iob":0,"basaliob":0,"bolussnooze":0,"activity":0,"lastBolusTime":0,"time":"2023-12-23T17:47:00.000Z","iobWithZeroTemp":{"iob":-0.096,"basaliob":-0.096,"bolussnooze":0,"activity":-0.0015,"lastBolusTime":0,"time":"2023-12-23T17:47:00.000Z"}},{"iob":0,"basaliob":0,"bolussnooze":0,"activity":0,"lastBolusTime":0,"time":"2023-12-23T17:52:00.000Z","iobWithZeroTemp":{"iob":-0.089,"basaliob":-0.089,"bolussnooze":0,"activity":-0.0014,"lastBolusTime":0,"time":"2023-12-23T17:52:00.000Z"}},{"iob":0,"basaliob":0,"bolussnooze":0,"activity":0,"lastBolusTime":0,"time":"2023-12-23T17:57:00.000Z","iobWithZeroTemp":{"iob":-0.082,"basaliob":-0.082,"bolussnooze":0,"activity":-0.0013,"lastBolusTime":0,"time":"2023-12-23T17:57:00.000Z"}},{"iob":0,"basaliob":0,"bolussnooze":0,"activity":0,"lastBolusTime":0,"time":"2023-12-23T18:02:00.000Z","iobWithZeroTemp":{"iob":-0.076,"basaliob":-0.076,"bolussnooze":0,"activity":-0.0012,"lastBolusTime":0,"time":"2023-12-23T18:02:00.000Z"}},{"iob":0,"basaliob":0,"bolussnooze":0,"activity":0,"lastBolusTime":0,"time":"2023-12-23T18:07:00.000Z","iobWithZeroTemp":{"iob":-0.07,"basaliob":-0.07,"bolussnooze":0,"activity":-0.0011,"lastBolusTime":0,"time":"2023-12-23T18:07:00.000Z"}},{"iob":0,"basaliob":0,"bolussnooze":0,"activity":0,"lastBolusTime":0,"time":"2023-12-23T18:12:00.000Z","iobWithZeroTemp":{"iob":-0.065,"basaliob":-0.065,"bolussnooze":0,"activity":-0.001,"lastBolusTime":0,"time":"2023-12-23T18:12:00.000Z"}},{"iob":0,"basaliob":0,"bolussnooze":0,"activity":0,"lastBolusTime":0,"time":"2023-12-23T18:17:00.000Z","iobWithZeroTemp":{"iob":-0.06,"basaliob":-0.06,"bolussnooze":0,"activity":-0.001,"lastBolusTime":0,"time":"2023-12-23T18:17:00.000Z"}},{"iob":0,"basaliob":0,"bolussnooze":0,"activity":0,"lastBolusTime":0,"time":"2023-12-23T18:22:00.000Z","iobWithZeroTemp":{"iob":-0.055,"basaliob":-0.055,"bolussnooze":0,"activity":-9.0E-4,"lastBolusTime":0,"time":"2023-12-23T18:22:00.000Z"}},{"iob":0,"basaliob":0,"bolussnooze":0,"activity":0,"lastBolusTime":0,"time":"2023-12-23T18:27:00.000Z","iobWithZeroTemp":{"iob":-0.051,"basaliob":-0.051,"bolussnooze":0,"activity":-8.0E-4,"lastBolusTime":0,"time":"2023-12-23T18:27:00.000Z"}},{"iob":0,"basaliob":0,"bolussnooze":0,"activity":0,"lastBolusTime":0,"time":"2023-12-23T18:32:00.000Z","iobWithZeroTemp":{"iob":-0.047,"basaliob":-0.047,"bolussnooze":0,"activity":-8.0E-4,"lastBolusTime":0,"time":"2023-12-23T18:32:00.000Z"}},{"iob":0,"basaliob":0,"bolussnooze":0,"activity":0,"lastBolusTime":0,"time":"2023-12-23T18:37:00.000Z","iobWithZeroTemp":{"iob":-0.043,"basaliob":-0.043,"bolussnooze":0,"activity":-7.0E-4,"lastBolusTime":0,"time":"2023-12-23T18:37:00.000Z"}},{"iob":0,"basaliob":0,"bolussnooze":0,"activity":0,"lastBolusTime":0,"time":"2023-12-23T18:42:00.000Z","iobWithZeroTemp":{"iob":-0.039,"basaliob":-0.039,"bolussnooze":0,"activity":-7.0E-4,"lastBolusTime":0,"time":"2023-12-23T18:42:00.000Z"}},{"iob":0,"basaliob":0,"bolussnooze":0,"activity":0,"lastBolusTime":0,"time":"2023-12-23T18:47:00.000Z","iobWithZeroTemp":{"iob":-0.036,"basaliob":-0.036,"bolussnooze":0,"activity":-6.0E-4,"lastBolusTime":0,"time":"2023-12-23T18:47:00.000Z"}},{"iob":0,"basaliob":0,"bolussnooze":0,"activity":0,"lastBolusTime":0,"time":"2023-12-23T18:52:00.000Z","iobWithZeroTemp":{"iob":-0.033,"basaliob":-0.033,"bolussnooze":0,"activity":-6.0E-4,"lastBolusTime":0,"time":"2023-12-23T18:52:00.000Z"}},{"iob":0,"basaliob":0,"bolussnooze":0,"activity":0,"lastBolusTime":0,"time":"2023-12-23T18:57:00.000Z","iobWithZeroTemp":{"iob":-0.03,"basaliob":-0.03,"bolussnooze":0,"activity":-5.0E-4,"lastBolusTime":0,"time":"2023-12-23T18:57:00.000Z"}},{"iob":0,"basaliob":0,"bolussnooze":0,"activity":0,"lastBolusTime":0,"time":"2023-12-23T19:02:00.000Z","iobWithZeroTemp":{"iob":-0.028,"basaliob":-0.028,"bolussnooze":0,"activity":-5.0E-4,"lastBolusTime":0,"time":"2023-12-23T19:02:00.000Z"}},{"iob":0,"basaliob":0,"bolussnooze":0,"activity":0,"lastBolusTime":0,"time":"2023-12-23T19:07:00.000Z","iobWithZeroTemp":{"iob":-0.025,"basaliob":-0.025,"bolussnooze":0,"activity":-5.0E-4,"lastBolusTime":0,"time":"2023-12-23T19:07:00.000Z"}},{"iob":0,"basaliob":0,"bolussnooze":0,"activity":0,"lastBolusTime":0,"time":"2023-12-23T19:12:00.000Z","iobWithZeroTemp":{"iob":-0.023,"basaliob":-0.023,"bolussnooze":0,"activity":-4.0E-4,"lastBolusTime":0,"time":"2023-12-23T19:12:00.000Z"}},{"iob":0,"basaliob":0,"bolussnooze":0,"activity":0,"lastBolusTime":0,"time":"2023-12-23T19:17:00.000Z","iobWithZeroTemp":{"iob":-0.021,"basaliob":-0.021,"bolussnooze":0,"activity":-4.0E-4,"lastBolusTime":0,"time":"2023-12-23T19:17:00.000Z"}},{"iob":0,"basaliob":0,"bolussnooze":0,"activity":0,"lastBolusTime":0,"time":"2023-12-23T19:22:00.000Z","iobWithZeroTemp":{"iob":-0.019,"basaliob":-0.019,"bolussnooze":0,"activity":-4.0E-4,"lastBolusTime":0,"time":"2023-12-23T19:22:00.000Z"}},{"iob":0,"basaliob":0,"bolussnooze":0,"activity":0,"lastBolusTime":0,"time":"2023-12-23T19:27:00.000Z","iobWithZeroTemp":{"iob":-0.018,"basaliob":-0.018,"bolussnooze":0,"activity":-3.0E-4,"lastBolusTime":0,"time":"2023-12-23T19:27:00.000Z"}},{"iob":0,"basaliob":0,"bolussnooze":0,"activity":0,"lastBolusTime":0,"time":"2023-12-23T19:32:00.000Z","iobWithZeroTemp":{"iob":-0.016,"basaliob":-0.016,"bolussnooze":0,"activity":-3.0E-4,"lastBolusTime":0,"time":"2023-12-23T19:32:00.000Z"}},{"iob":0,"basaliob":0,"bolussnooze":0,"activity":0,"lastBolusTime":0,"time":"2023-12-23T19:37:00.000Z","iobWithZeroTemp":{"iob":-0.015,"basaliob":-0.015,"bolussnooze":0,"activity":-3.0E-4,"lastBolusTime":0,"time":"2023-12-23T19:37:00.000Z"}},{"iob":0,"basaliob":0,"bolussnooze":0,"activity":0,"lastBolusTime":0,"time":"2023-12-23T19:42:00.000Z","iobWithZeroTemp":{"iob":-0.013,"basaliob":-0.013,"bolussnooze":0,"activity":-3.0E-4,"lastBolusTime":0,"time":"2023-12-23T19:42:00.000Z"}},{"iob":0,"basaliob":0,"bolussnooze":0,"activity":0,"lastBolusTime":0,"time":"2023-12-23T19:47:00.000Z","iobWithZeroTemp":{"iob":-0.012,"basaliob":-0.012,"bolussnooze":0,"activity":-2.0E-4,"lastBolusTime":0,"time":"2023-12-23T19:47:00.000Z"}},{"iob":0,"basaliob":0,"bolussnooze":0,"activity":0,"lastBolusTime":0,"time":"2023-12-23T19:52:00.000Z","iobWithZeroTemp":{"iob":-0.011,"basaliob":-0.011,"bolussnooze":0,"activity":-2.0E-4,"lastBolusTime":0,"time":"2023-12-23T19:52:00.000Z"}},{"iob":0,"basaliob":0,"bolussnooze":0,"activity":0,"lastBolusTime":0,"time":"2023-12-23T19:57:00.000Z","iobWithZeroTemp":{"iob":-0.01,"basaliob":-0.01,"bolussnooze":0,"activity":-2.0E-4,"lastBolusTime":0,"time":"2023-12-23T19:57:00.000Z"}},{"iob":0,"basaliob":0,"bolussnooze":0,"activity":0,"lastBolusTime":0,"time":"2023-12-23T20:02:00.000Z","iobWithZeroTemp":{"iob":-0.009,"basaliob":-0.009,"bolussnooze":0,"activity":-2.0E-4,"lastBolusTime":0,"time":"2023-12-23T20:02:00.000Z"}},{"iob":0,"basaliob":0,"bolussnooze":0,"activity":0,"lastBolusTime":0,"time":"2023-12-23T20:07:00.000Z","iobWithZeroTemp":{"iob":-0.008,"basaliob":-0.008,"bolussnooze":0,"activity":-2.0E-4,"lastBolusTime":0,"time":"2023-12-23T20:07:00.000Z"}},{"iob":0,"basaliob":0,"bolussnooze":0,"activity":0,"lastBolusTime":0,"time":"2023-12-23T20:12:00.000Z","iobWithZeroTemp":{"iob":-0.007,"basaliob":-0.007,"bolussnooze":0,"activity":-1.0E-4,"lastBolusTime":0,"time":"2023-12-23T20:12:00.000Z"}},{"iob":0,"basaliob":0,"bolussnooze":0,"activity":0,"lastBolusTime":0,"time":"2023-12-23T20:17:00.000Z","iobWithZeroTemp":{"iob":-0.007,"basaliob":-0.007,"bolussnooze":0,"activity":-1.0E-4,"lastBolusTime":0,"time":"2023-12-23T20:17:00.000Z"}},{"iob":0,"basaliob":0,"bolussnooze":0,"activity":0,"lastBolusTime":0,"time":"2023-12-23T20:22:00.000Z","iobWithZeroTemp":{"iob":-0.006,"basaliob":-0.006,"bolussnooze":0,"activity":-1.0E-4,"lastBolusTime":0,"time":"2023-12-23T20:22:00.000Z"}},{"iob":0,"basaliob":0,"bolussnooze":0,"activity":0,"lastBolusTime":0,"time":"2023-12-23T20:27:00.000Z","iobWithZeroTemp":{"iob":-0.006,"basaliob":-0.006,"bolussnooze":0,"activity":-1.0E-4,"lastBolusTime":0,"time":"2023-12-23T20:27:00.000Z"}},{"iob":0,"basaliob":0,"bolussnooze":0,"activity":0,"lastBolusTime":0,"time":"2023-12-23T20:32:00.000Z","iobWithZeroTemp":{"iob":-0.005,"basaliob":-0.005,"bolussnooze":0,"activity":-1.0E-4,"lastBolusTime":0,"time":"2023-12-23T20:32:00.000Z"}},{"iob":0,"basaliob":0,"bolussnooze":0,"activity":0,"lastBolusTime":0,"time":"2023-12-23T20:37:00.000Z","iobWithZeroTemp":{"iob":-0.004,"basaliob":-0.004,"bolussnooze":0,"activity":-1.0E-4,"lastBolusTime":0,"time":"2023-12-23T20:37:00.000Z"}},{"iob":0,"basaliob":0,"bolussnooze":0,"activity":0,"lastBolusTime":0,"time":"2023-12-23T20:42:00.000Z","iobWithZeroTemp":{"iob":-0.004,"basaliob":-0.004,"bolussnooze":0,"activity":-1.0E-4,"lastBolusTime":0,"time":"2023-12-23T20:42:00.000Z"}},{"iob":0,"basaliob":0,"bolussnooze":0,"activity":0,"lastBolusTime":0,"time":"2023-12-23T20:47:00.000Z","iobWithZeroTemp":{"iob":-0.004,"basaliob":-0.004,"bolussnooze":0,"activity":-1.0E-4,"lastBolusTime":0,"time":"2023-12-23T20:47:00.000Z"}},{"iob":0,"basaliob":0,"bolussnooze":0,"activity":0,"lastBolusTime":0,"time":"2023-12-23T20:52:00.000Z","iobWithZeroTemp":{"iob":-0.003,"basaliob":-0.003,"bolussnooze":0,"activity":-1.0E-4,"lastBolusTime":0,"time":"2023-12-23T20:52:00.000Z"}},{"iob":0,"basaliob":0,"bolussnooze":0,"activity":0,"lastBolusTime":0,"time":"2023-12-23T20:57:00.000Z","iobWithZeroTemp":{"iob":-0.003,"basaliob":-0.003,"bolussnooze":0,"activity":-1.0E-4,"lastBolusTime":0,"time":"2023-12-23T20:57:00.000Z"}},{"iob":0,"basaliob":0,"bolussnooze":0,"activity":0,"lastBolusTime":0,"time":"2023-12-23T21:02:00.000Z","iobWithZeroTemp":{"iob":-0.003,"basaliob":-0.003,"bolussnooze":0,"activity":-1.0E-4,"lastBolusTime":0,"time":"2023-12-23T21:02:00.000Z"}}],"profile":{"max_iob":1.5,"dia":3,"type":"current","max_daily_basal":0.5,"max_basal":1.2,"min_bg":100.8,"max_bg":100.8,"target_bg":100.8,"carb_ratio":30,"sens":126,"max_daily_safety_multiplier":3,"current_basal_safety_multiplier":4,"skip_neutral_temps":true,"current_basal":0.3,"temptargetSet":false,"autosens_adjust_targets":true,"min_5m_carbimpact":5.5,"out_units":"mmol\/L"},"autosens_data":{"ratio":0.97},"meal_data":{"carbs":0,"mealCOB":0}},"output":{"temp":"absolute","bg":47,"tick":-10,"eventualBG":-17,"snoozeBG":-17,"predBGs":{"IOB":[47,39,39,39,39,39,39,39,39,39,39,39,39]},"COB":0,"IOB":0.017,"reason":"COB: 0, Dev: -62, BGI: -0.71, ISF: 7.2, Target: 5.7; Autosens: 0.97; BG 2.6<4.2","duration":30,"rate":0,"timestamp":"2023-12-23T11:36:05.269Z"}}