{"algorithm":"OpenAPSAMAPlugin","input":{"glucoseStatus":{"glucose":107,"delta":-1.67,"short_avgdelta":-0.44,"long_avgdelta":0.58},"currenttemp":{"temp":"absolute","duration":20,"rate":0.9,"minutesrunning":10},"iob_data":[{"iob":0.055,"basaliob":0.055,"bolussnooze":0,"activity":7.0E-4,"lastBolusTime":1703254530927,"time":"2023-12-22T20:12:00.000Z","iobWithZeroTemp":{"iob":0.055,"basaliob":0.055,"bolussnooze":0,"activity":7.0E-4,"lastBolusTime":1703254530927,"time":"2023-12-22T20:12:00.000Z"}},{"iob":0.052,"basaliob":0.052,"bolussnooze":0,"activity":6.0E-4,"lastBolusTime":1703254530927,"time":"2023-12-22T20:17:00.000Z","iobWithZeroTemp":{"iob":0.01,"basaliob":0.01,"bolussnooze":0,"activity":6.0E-4,"lastBolusTime":1703254530927,"time":"2023-12-22T20:17:00.000Z"}},{"iob":0.049,"basaliob":0.049,"bolussnooze":0,"activity":6.0E-4,"lastBolusTime":1703254530927,"time":"2023-12-22T20:22:00.000Z","iobWithZeroTemp":{"iob":-0.034,"basaliob":-0.034,"bolussnooze":0,"activity":5.0E-4,"lastBolusTime":1703254530927,"time":"2023-12-22T20:22:00.000Z"}},{"iob":0.046,"basaliob":0.046,"bolussnooze":0,"activity":6.0E-4,"lastBolusTime":1703254530927,"time":"2023-12-22T20:27:00.000Z","iobWithZeroTemp":{"iob":-0.078,"basaliob":-0.078,"bolussnooze":0,"activity":3.0E-4,"lastBolusTime":1703254530927,"time":"2023-12-22T20:27:00.000Z"}},{"iob":0.043,"basaliob":0.043,"bolussnooze":0,"activity":6.0E-4,"lastBolusTime":1703254530927,"time":"2023-12-22T20:32:00.000Z","iobWithZeroTemp":{"iob":-0.121,"basaliob":-0.121,"bolussnooze":0,"activity":2.0E-4,"lastBolusTime":1703254530927,"time":"2023-12-22T20:32:00.000Z"}},{"iob":0.04,"basaliob":0.04,"bolussnooze":0,"activity":5.0E-4,"lastBolusTime":1703254530927,"time":"2023-12-22T20:37:00.000Z","iobWithZeroTemp":{"iob":-0.163,"basaliob":-0.163,"bolussnooze":0,"activity":-2.0E-4,"lastBolusTime":1703254530927,"time":"2023-12-22T20:37:00.000Z"}},{"iob":0.038,"basaliob":0.038,"bolussnooze":0,"activity":5.0E-4,"lastBolusTime":1703254530927,"time":"2023-12-22T20:42:00.000Z","iobWithZeroTemp":{"iob":-0.202,"basaliob":-0.202,"bolussnooze":0,"activity":-4.0E-4,"lastBolusTime":1703254530927,"time":"2023-12-22T20:42:00.000Z"}},{"iob":0.035,"basaliob":0.035,"bolussnooze":0,"activity":5.0E-4,"lastBolusTime":1703254530927,"time":"2023-12-22T20:47:00.000Z","iobWithZeroTemp":{"iob":-0.242,"basaliob":-0.242,"bolussnooze":0,"activity":-6.0E-4,"lastBolusTime":1703254530927,"time":"2023-12-22T20:47:00.000Z"}},{"iob":0.033,"basaliob":0.033,"bolussnooze":0,"activity":5.0E-4,"lastBolusTime":1703254530927,"time":"2023-12-22T20:52:00.000Z","iobWithZeroTemp":{"iob":-0.279,"basaliob":-0.279,"bolussnooze":0,"activity":-9.0E-4,"lastBolusTime":1703254530927,"time":"2023-12-22T20:52:00.000Z"}},{"iob":0.031,"basaliob":0.031,"bolussnooze":0,"activity":4.0E-4,"lastBolusTime":1703254530927,"time":"2023-12-22T20:57:00.000Z","iobWithZeroTemp":{"iob":-0.315,"basaliob":-0.315,"bolussnooze":0,"activity":-0.0013,"lastBolusTime":1703254530927,"time":"2023-12-22T20:57:00.000Z"}},{"iob":0.029,"basaliob":0.029,"bolussnooze":0,"activity":4.0E-4,"lastBolusTime":1703254530927,"time":"2023-12-22T21:02:00.000Z","iobWithZeroTemp":{"iob":-0.35,"basaliob":-0.35,"bolussnooze":0,"activity":-0.0016,"lastBolusTime":1703254530927,"time":"2023-12-22T21:02:00.000Z"}},{"iob":0.027,"basaliob":0.027,"bolussnooze":0,"activity":4.0E-4,"lastBolusTime":1703254530927,"time":"2023-12-22T21:07:00.000Z","iobWithZeroTemp":{"iob":-0.383,"basaliob":-0.383,"bolussnooze":0,"activity":-0.0019,"lastBolusTime":1703254530927,"time":"2023-12-22T21:07:00.000Z"}},{"iob":0.025,"basaliob":0.025,"bolussnooze":0,"activity":4.0E-4,"lastBolusTime":1703254530927,"time":"2023-12-22T21:12:00.000Z","iobWithZeroTemp":{"iob":-0.415,"basaliob":-0.415,"bolussnooze":0,"activity":-0.0021,"lastBolusTime":1703254530927,"time":"2023-12-22T21:12:00.000Z"}},{"iob":0.023,"basaliob":0.023,"bolussnooze":0,"activity":3.0E-4,"lastBolusTime":1703254530927,"time":"2023-12-22T21:17:00.000Z","iobWithZeroTemp":{"iob":-0.445,"basaliob":-0.445,"bolussnooze":0,"activity":-0.0025,"lastBolusTime":1703254530927,"time":"2023-12-22T21:17:00.000Z"}},{"iob":0.021,"basaliob":0.021,"bolussnooze":0,"activity":3.0E-4,"lastBolusTime":1703254530927,"time":"2023-12-22T21:22:00.000Z","iobWithZeroTemp":{"iob":-0.474,"basaliob":-0.474,"bolussnooze":0,"activity":-0.0028,"lastBolusTime":1703254530927,"time":"2023-12-22T21:22:00.000Z"}},{"iob":0.02,"basaliob":0.02,"bolussnooze":0,"activity":3.0E-4,"lastBolusTime":1703254530927,"time":"2023-12-22T21:27:00.000Z","iobWithZeroTemp":{"iob":-0.5,"basaliob":-0.5,"bolussnooze":0,"activity":-0.0031,"lastBolusTime":1703254530927,"time":"2023-12-22T21:27:00.000Z"}},{"iob":0.018,"basaliob":0.018,"bolussnooze":0,"activity":3.0E-4,"lastBolusTime":1703254530927,"time":"2023-12-22T21:32:00.000Z","iobWithZeroTemp":{"iob":-0.526,"basaliob":-0.526,"bolussnooze":0,"activity":-0.0033,"lastBolusTime":1703254530927,"time":"2023-12-22T21:32:00.000Z"}},{"iob":0.017,"basaliob":0.017,"bolussnooze":0,"activity":3.0E-4,"lastBolusTime":1703254530927,"time":"2023-12-22T21:37:00.000Z","iobWithZeroTemp":{"iob":-0.55,"basaliob":-0.55,"bolussnooze":0,"activity":-0.0036,"lastBolusTime":1703254530927,"time":"2023-12-22T21:37:00.000Z"}},{"iob":0.016,"basaliob":0.016,"bolussnooze":0,"activity":2.0E-4,"lastBolusTime":1703254530927,"time":"2023-12-22T21:42:00.000Z","iobWithZeroTemp":{"iob":-0.573,"basaliob":-0.573,"bolussnooze":0,"activity":-0.004,"lastBolusTime":1703254530927,"time":"2023-12-22T21:42:00.000Z"}},{"iob":0.014,"basaliob":0.014,"bolussnooze":0,"activity":2.0E-4,"lastBolusTime":1703254530927,"time":"2023-12-22T21:47:00.000Z","iobWithZeroTemp":{"iob":-0.595,"basaliob":-0.595,"bolussnooze":0,"activity":-0.0042,"lastBolusTime":1703254530927,"time":"2023-12-22T21:47:00.000Z"}},{"iob":0.013,"basaliob":0.013,"bolussnooze":0,"activity":2.0E-4,"lastBolusTime":1703254530927,"time":"2023-12-22T21:52:00.000Z","iobWithZeroTemp":{"iob":-0.615,"basaliob":-0.615,"bolussnooze":0,"activity":-0.0044,"lastBolusTime":1703254530927,"time":"2023-12-22T21:52:00.000Z"}},{"iob":0.012,"basaliob":0.012,"bolussnooze":0,"activity":2.0E-4,"lastBolusTime":1703254530927,"time":"2023-12-22T21:57:00.000Z","iobWithZeroTemp":{"iob":-0.634,"basaliob":-0.634,"bolussnooze":0,"activity":-0.0047,"lastBolusTime":1703254530927,"time":"2023-12-22T21:57:00.000Z"}},{"iob":0.011,"basaliob":0.011,"bolussnooze":0,"activity":2.0E-4,"lastBolusTime":1703254530927,"time":"2023-12-22T22:02:00.000Z","iobWithZeroTemp":{"iob":-0.652,"basaliob":-0.652,"bolussnooze":0,"activity":-0.0049,"lastBolusTime":1703254530927,"time":"2023-12-22T22:02:00.000Z"}},{"iob":0.01,"basaliob":0.01,"bolussnooze":0,"activity":2.0E-4,"lastBolusTime":1703254530927,"time":"2023-12-22T22:07:00.000Z","iobWithZeroTemp":{"iob":-0.669,"basaliob":-0.669,"bolussnooze":0,"activity":-0.0051,"lastBolusTime":1703254530927,"time":"2023-12-22T22:07:00.000Z"}},{"iob":0.01,"basaliob":0.01,"bolussnooze":0,"activity":2.0E-4,"lastBolusTime":1703254530927,"time":"2023-12-22T22:12:00.000Z","iobWithZeroTemp":{"iob":-0.683,"basaliob":-0.683,"bolussnooze":0,"activity":-0.0053,"lastBolusTime":1703254530927,"time":"2023-12-22T22:12:00.000Z"}},{"iob":0.009,"basaliob":0.009,"bolussnooze":0,"activity":1.0E-4,"lastBolusTime":1703254530927,"time":"2023-12-22T22:17:00.000Z","iobWithZeroTemp":{"iob":-0.698,"basaliob":-0.698,"bolussnooze":0,"activity":-0.0056,"lastBolusTime":1703254530927,"time":"2023-12-22T22:17:00.000Z"}},{"iob":0.008,"basaliob":0.008,"bolussnooze":0,"activity":1.0E-4,"lastBolusTime":1703254530927,"time":"2023-12-22T22:22:00.000Z","iobWithZeroTemp":{"iob":-0.712,"basaliob":-0.712,"bolussnooze":0,"activity":-0.0057,"lastBolusTime":1703254530927,"time":"2023-12-22T22:22:00.000Z"}},{"iob":0.007,"basaliob":0.007,"bolussnooze":0,"activity":1.0E-4,"lastBolusTime":1703254530927,"time":"2023-12-22T22:27:00.000Z","iobWithZeroTemp":{"iob":-0.725,"basaliob":-0.725,"bolussnooze":0,"activity":-0.0059,"lastBolusTime":1703254530927,"time":"2023-12-22T22:27:00.000Z"}},{"iob":0.007,"basaliob":0.007,"bolussnooze":0,"activity":1.0E-4,"lastBolusTime":1703254530927,"time":"2023-12-22T22:32:00.000Z","iobWithZeroTemp":{"iob":-0.737,"basaliob":-0.737,"bolussnooze":0,"activity":-0.0061,"lastBolusTime":1703254530927,"time":"2023-12-22T22:32:00.000Z"}},{"iob":0.006,"basaliob":0.006,"bolussnooze":0,"activity":1.0E-4,"lastBolusTime":1703254530927,"time":"2023-12-22T22:37:00.000Z","iobWithZeroTemp":{"iob":-0.748,"basaliob":-0.748,"bolussnooze":0,"activity":-0.0062,"lastBolusTime":1703254530927,"time":"2023-12-22T22:37:00.000Z"}},{"iob":0.006,"basaliob":0.006,"bolussnooze":0,"activity":1.0E-4,"lastBolusTime":1703254530927,"time":"2023-12-22T22:42:00.000Z","iobWithZeroTemp":{"iob":-0.758,"basaliob":-0.758,"bolussnooze":0,"activity":-0.0063,"lastBolusTime":1703254530927,"time":"2023-12-22T22:42:00.000Z"}},{"iob":0.005,"basaliob":0.005,"bolussnooze":0,"activity":1.0E-4,"lastBolusTime":1703254530927,"time":"2023-12-22T22:47:00.000Z","iobWithZeroTemp":{"iob":-0.768,"basaliob":-0.768,"bolussnooze":0,"activity":-0.0065,"lastBolusTime":1703254530927,"time":"2023-12-22T22:47:00.000Z"}},{"iob":0.005,"basaliob":0.005,"bolussnooze":0,"activity":1.0E-4,"lastBolusTime":1703254530927,"time":"2023-12-22T22:52:00.000Z","iobWithZeroTemp":{"iob":-0.777,"basaliob":-0.777,"bolussnooze":0,"activity":-0.0066,"lastBolusTime":1703254530927,"time":"2023-12-22T22:52:00.000Z"}},{"iob":0.004,"basaliob":0.004,"bolussnooze":0,"activity":1.0E-4,"lastBolusTime":1703254530927,"time":"2023-12-22T22:57:00.000Z","iobWithZeroTemp":{"iob":-0.786,"basaliob":-0.786,"bolussnooze":0,"activity":-0.0067,"lastBolusTime":1703254530927,"time":"2023-12-22T22:57:00.000Z"}},{"iob":0.004,"basaliob":0.004,"bolussnooze":0,"activity":1.0E-4,"lastBolusTime":1703254530927,"time":"2023-12-22T23:02:00.000Z","iobWithZeroTemp":{"iob":-0.793,"basaliob":-0.793,"bolussnooze":0,"activity":-0.0068,"lastBolusTime":1703254530927,"time":"2023-12-22T23:02:00.000Z"}},{"iob":0.004,"basaliob":0.004,"bolussnooze":0,"activity":1.0E-4,"lastBolusTime":1703254530927,"time":"2023-12-22T23:07:00.000Z","iobWithZeroTemp":{"iob":-0.779,"basaliob":-0.779,"bolussnooze":0,"activity":-0.0069,"lastBolusTime":1703254530927,"time":"2023-12-22T23:07:00.000Z"}},{"iob":0.003,"basaliob":0.003,"bolussnooze":0,"activity":1.0E-4,"lastBolusTime":1703254530927,"time":"2023-12-22T23:12:00.000Z","iobWithZeroTemp":{"iob":-0.765,"basaliob":-0.765,"bolussnooze":0,"activity":-0.007,"lastBolusTime":1703254530927,"time":"2023-12-22T23:12:00.000Z"}},{"iob":0.003,"basaliob":0.003,"bolussnooze":0,"activity":1.0E-4,"lastBolusTime":0,"time":"2023-12-22T23:17:00.000Z","iobWithZeroTemp":{"iob":-0.751,"basaliob":-0.751,"bolussnooze":0,"activity":-0.007,"lastBolusTime":0,"time":"2023-12-22T23:17:00.000Z"}},{"iob":0.003,"basaliob":0.003,"bolussnooze":0,"activity":1.0E-4,"lastBolusTime":0,"time":"2023-12-22T23:22:00.000Z","iobWithZeroTemp":{"iob":-0.736,"basaliob":-0.736,"bolussnooze":0,"activity":-0.007,"lastBolusTime":0,"time":"2023-12-22T23:22:00.000Z"}},{"iob":0.002,"basaliob":0.002,"bolussnooze":0,"activity":0,"lastBolusTime":0,"time":"2023-12-22T23:27:00.000Z","iobWithZeroTemp":{"iob":-0.723,"basaliob":-0.723,"bolussnooze":0,"activity":-0.007,"lastBolusTime":0,"time":"2023-12-22T23:27:00.000Z"}},{"iob":0.002,"basaliob":0.002,"bolussnooze":0,"activity":0,"lastBolusTime":0,"time":"2023-12-22T23:32:00.000Z","iobWithZeroTemp":{"iob":-0.709,"basaliob":-0.709,"bolussnooze":0,"activity":-0.007,"lastBolusTime":0,"time":"2023-12-22T23:32:00.000Z"}},{"iob":0.002,"basaliob":0.002,"bolussnooze":0,"activity":0,"lastBolusTime":0,"time":"2023-12-22T23:37:00.000Z","iobWithZeroTemp":{"iob":-0.695,"basaliob":-0.695,"bolussnooze":0,"activity":-0.0069,"lastBolusTime":0,"time":"2023-12-22T23:37:00.000Z"}},{"iob":0.002,"basaliob":0.002,"bolussnooze":0,"activity":0,"lastBolusTime":0,"time":"2023-12-22T23:42:00.000Z","iobWithZeroTemp":{"iob":-0.681,"basaliob":-0.681,"bolussnooze":0,"activity":-0.0069,"lastBolusTime":0,"time":"2023-12-22T23:42:00.000Z"}},{"iob":0.002,"basaliob":0.002,"bolussnooze":0,"activity":0,"lastBolusTime":0,"time":"2023-12-22T23:47:00.000Z","iobWithZeroTemp":{"iob":-0.668,"basaliob":-0.668,"bolussnooze":0,"activity":-0.0068,"lastBolusTime":0,"time":"2023-12-22T23:47:00.000Z"}},{"iob":0.001,"basaliob":0.001,"bolussnooze":0,"activity":0,"lastBolusTime":0,"time":"2023-12-22T23:52:00.000Z","iobWithZeroTemp":{"iob":-0.656,"basaliob":-0.656,"bolussnooze":0,"activity":-0.0067,"lastBolusTime":0,"time":"2023-12-22T23:52:00.000Z"}},{"iob":0.001,"basaliob":0.001,"bolussnooze":0,"activity":0,"lastBolusTime":0,"time":"2023-12-22T23:57:00.000Z","iobWithZeroTemp":{"iob":-0.643,"basaliob":-0.643,"bolussnooze":0,"activity":-0.0066,"lastBolusTime":0,"time":"2023-12-22T23:57:00.000Z"}},{"iob":0.001,"basaliob":0.001,"bolussnooze":0,"activity":0,"lastBolusTime":0,"time":"2023-12-23T00:02:00.000Z","iobWithZeroTemp":{"iob":-0.631,"basaliob":-0.631,"bolussnooze":0,"activity":-0.0065,"lastBolusTime":0,"time":"2023-12-23T00:02:00.000Z"}},{"iob":0.001,"basaliob":0.001,"bolussnooze":0,"activity":0,"lastBolusTime":0,"time":"2023-12-23T00:07:00.000Z","iobWithZeroTemp":{"iob":-0.62,"basaliob":-0.62,"bolussnooze":0,"activity":-0.0064,"lastBolusTime":0,"time":"2023-12-23T00:07:00.000Z"}},{"iob":0.001,"basaliob":0.001,"bolussnooze":0,"activity":0,"lastBolusTime":0,"time":"2023-12-23T00:12:00.000Z","iobWithZeroTemp":{"iob":-0.609,"basaliob":-0.609,"bolussnooze":0,"activity":-0.0063,"lastBolusTime":0,"time":"2023-12-23T00:12:00.000Z"}},{"iob":0.001,"basaliob":0.001,"bolussnooze":0,"activity":0,"lastBolusTime":0,"time":"2023-12-23T00:17:00.000Z","iobWithZeroTemp":{"iob":-0.577,"basaliob":-0.577,"bolussnooze":0,"activity":-0.0062,"lastBolusTime":0,"time":"2023-12-23T00:17:00.000Z"}},{"iob":0.001,"basaliob":0.001,"bolussnooze":0,"activity":0,"lastBolusTime":0,"time":"2023-12-23T00:22:00.000Z","iobWithZeroTemp":{"iob":-0.547,"basaliob":-0.547,"bolussnooze":0,"activity":-0.0061,"lastBolusTime":0,"time":"2023-12-23T00:22:00.000Z"}},{"iob":0.001,"basaliob":0.001,"bolussnooze":0,"activity":0,"lastBolusTime":0,"time":"2023-12-23T00:27:00.000Z","iobWithZeroTemp":{"iob":-0.517,"basaliob":-0.517,"bolussnooze":0,"activity":-0.0059,"lastBolusTime":0,"time":"2023-12-23T00:27:00.000Z"}},{"iob":0.001,"basaliob":0.001,"bolussnooze":0,"activity":0,"lastBolusTime":0,"time":"2023-12-23T00:32:00.000Z","iobWithZeroTemp":{"iob":-0.488,"basaliob":-0.488,"bolussnooze":0,"activity":-0.0057,"lastBolusTime":0,"time":"2023-12-23T00:32:00.000Z"}},{"iob":0.001,"basaliob":0.001,"bolussnooze":0,"activity":0,"lastBolusTime":0,"time":"2023-12-23T00:37:00.000Z","iobWithZeroTemp":{"iob":-0.46,"basaliob":-0.46,"bolussnooze":0,"activity":-0.0055,"lastBolusTime":0,"time":"2023-12-23T00:37:00.000Z"}},{"iob":0.001,"basaliob":0.001,"bolussnooze":0,"activity":0,"lastBolusTime":0,"time":"2023-12-23T00:42:00.000Z","iobWithZeroTemp":{"iob":-0.433,"basaliob":-0.433,"bolussnooze":0,"activity":-0.0053,"lastBolusTime":0,"time":"2023-12-23T00:42:00.000Z"}},{"iob":0,"basaliob":0,"bolussnooze":0,"activity":0,"lastBolusTime":0,"time":"2023-12-23T00:47:00.000Z","iobWithZeroTemp":{"iob":-0.408,"basaliob":-0.408,"bolussnooze":0,"activity":-0.0051,"lastBolusTime":0,"time":"2023-12-23T00:47:00.000Z"}},{"iob":0,"basaliob":0,"bolussnooze":0,"activity":0,"lastBolusTime":0,"time":"2023-12-23T00:52:00.000Z","iobWithZeroTemp":{"iob":-0.383,"basaliob":-0.383,"bolussnooze":0,"activity":-0.0049,"lastBolusTime":0,"time":"2023-12-23T00:52:00.000Z"}},{"iob":0,"basaliob":0,"bolussnooze":0,"activity":0,"lastBolusTime":0,"time":"2023-12-23T00:57:00.000Z","iobWithZeroTemp":{"iob":-0.359,"basaliob":-0.359,"bolussnooze":0,"activity":-0.0046,"lastBolusTime":0,"time":"2023-12-23T00:57:00.000Z"}},{"iob":0,"basaliob":0,"bolussnooze":0,"activity":0,"lastBolusTime":0,"time":"2023-12-23T01:02:00.000Z","iobWithZeroTemp":{"iob":-0.336,"basaliob":-0.336,"bolussnooze":0,"activity":-0.0044,"lastBolusTime":0,"time":"2023-12-23T01:02:00.000Z"}},{"iob":0,"basaliob":0,"bolussnooze":0,"activity":0,"lastBolusTime":0,"time":"2023-12-23T01:07:00.000Z","iobWithZeroTemp":{"iob":-0.315,"basaliob":-0.315,"bolussnooze":0,"activity":-0.0042,"lastBolusTime":0,"time":"2023-12-23T01:07:00.000Z"}},{"iob":0,"basaliob":0,"bolussnooze":0,"activity":0,"lastBolusTime":0,"time":"2023-12-23T01:12:00.000Z","iobWithZeroTemp":{"iob":-0.294,"basaliob":-0.294,"bolussnooze":0,"activity":-0.004,"lastBolusTime":0,"time":"2023-12-23T01:12:00.000Z"}},{"iob":0,"basaliob":0,"bolussnooze":0,"activity":0,"lastBolusTime":0,"time":"2023-12-23T01:17:00.000Z","iobWithZeroTemp":{"iob":-0.275,"basaliob":-0.275,"bolussnooze":0,"activity":-0.0038,"lastBolusTime":0,"time":"2023-12-23T01:17:00.000Z"}},{"iob":0,"basaliob":0,"bolussnooze":0,"activity":0,"lastBolusTime":0,"time":"2023-12-23T01:22:00.000Z","iobWithZeroTemp":{"iob":-0.256,"basaliob":-0.256,"bolussnooze":0,"activity":-0.0036,"lastBolusTime":0,"time":"2023-12-23T01:22:00.000Z"}},{"iob":0,"basaliob":0,"bolussnooze":0,"activity":0,"lastBolusTime":0,"time":"2023-12-23T01:27:00.000Z","iobWithZeroTemp":{"iob":-0.239,"basaliob":-0.239,"bolussnooze":0,"activity":-0.0034,"lastBolusTime":0,"time":"2023-12-23T01:27:00.000Z"}},{"iob":0,"basaliob":0,"bolussnooze":0,"activity":0,"lastBolusTime":0,"time":"2023-12-23T01:32:00.000Z","iobWithZeroTemp":{"iob":-0.223,"basaliob":-0.223,"bolussnooze":0,"activity":-0.0032,"lastBolusTime":0,"time":"2023-12-23T01:32:00.000Z"}},{"iob":0,"basaliob":0,"bolussnooze":0,"activity":0,"lastBolusTime":0,"time":"2023-12-23T01:37:00.000Z","iobWithZeroTemp":{"iob":-0.207,"basaliob":-0.207,"bolussnooze":0,"activity":-0.003,"lastBolusTime":0,"time":"2023-12-23T01:37:00.000Z"}},{"iob":0,"basaliob":0,"bolussnooze":0,"activity":0,"lastBolusTime":0,"time":"2023-12-23T01:42:00.000Z","iobWithZeroTemp":{"iob":-0.193,"basaliob":-0.193,"bolussnooze":0,"activity":-0.0028,"lastBolusTime":0,"time":"2023-12-23T01:42:00.000Z"}},{"iob":0,"basaliob":0,"bolussnooze":0,"activity":0,"lastBolusTime":0,"time":"2023-12-23T01:47:00.000Z","iobWithZeroTemp":{"iob":-0.179,"basaliob":-0.179,"bolussnooze":0,"activity":-0.0026,"lastBolusTime":0,"time":"2023-12-23T01:47:00.000Z"}},{"iob":0,"basaliob":0,"bolussnooze":0,"activity":0,"lastBolusTime":0,"time":"2023-12-23T01:52:00.000Z","iobWithZeroTemp":{"iob":-0.166,"basaliob":-0.166,"bolussnooze":0,"activity":-0.0025,"lastBolusTime":0,"time":"2023-12-23T01:52:00.000Z"}},{"iob":0,"basaliob":0,"bolussnooze":0,"activity":0,"lastBolusTime":0,"time":"2023-12-23T01:57:00.000Z","iobWithZeroTemp":{"iob":-0.154,"basaliob":-0.154,"bolussnooze":0,"activity":-0.0023,"lastBolusTime":0,"time":"2023-12-23T01:57:00.000Z"}},{"iob":0,"basaliob":0,"bolussnooze":0,"activity":0,"lastBolusTime":0,"time":"2023-12-23T02:02:00.000Z","iobWithZeroTemp":{"iob":-0.143,"basaliob":-0.143,"bolussnooze":0,"activity":-0.0022,"lastBolusTime":0,"time":"2023-12-23T02:02:00.000Z"}},{"iob":0,"basaliob":0,"bolussnooze":0,"activity":0,"lastBolusTime":0,"time":"2023-12-23T02:07:00.000Z","iobWithZeroTemp":{"iob":-0.132,"basaliob":-0.132,"bolussnooze":0,"activity":-0.002,"lastBolusTime":0,"time":"2023-12-23T02:07:00.000Z"}},{"iob":0,"basaliob":0,"bolussnooze":0,"activity":0,"lastBolusTime":0,"time":"2023-12-23T02:12:00.000Z","iobWithZeroTemp":{"iob":-0.122,"basaliob":-0.122,"bolussnooze":0,"activity":-0.0019,"lastBolusTime":0,"time":"2023-12-23T02:12:00.000Z"}},{"iob":0,"basaliob":0,"bolussnooze":0,"activity":0,"lastBolusTime":0,"time":"2023-12-23T02:17:00.000Z","iobWithZeroTemp":{"iob":-0.113,"basaliob":-0.113,"bolussnooze":0,"activity":-0.0018,"lastBolusTime":0,"time":"2023-12-23T02:17:00.000Z"}},{"iob":0,"basaliob":0,"bolussnooze":0,"activity":0,"lastBolusTime":0,"time":"2023-12-23T02:22:00.000Z","iobWithZeroTemp":{"iob":-0.105,"basaliob":-0.105,"bolussnooze":0,"activity":-0.0017,"lastBolusTime":0,"time":"2023-12-23T02:22:00.000Z"}},{"iob":0,"basaliob":0,"bolussnooze":0,"activity":0,"lastBolusTime":0,"time":"2023-12-23T02:27:00.000Z","iobWithZeroTemp":{"iob":-0.097,"basaliob":-0.097,"bolussnooze":0,"activity":-0.0015,"lastBolusTime":0,"time":"2023-12-23T02:27:00.000Z"}},{"iob":0,"basaliob":0,"bolussnooze":0,"activity":0,"lastBolusTime":0,"time":"2023-12-23T02:32:00.000Z","iobWithZeroTemp":{"iob":-0.089,"basaliob":-0.089,"bolussnooze":0,"activity":-0.0014,"lastBolusTime":0,"time":"2023-12-23T02:32:00.000Z"}},{"iob":0,"basaliob":0,"bolussnooze":0,"activity":0,"lastBolusTime":0,"time":"2023-12-23T02:37:00.000Z","iobWithZeroTemp":{"iob":-0.082,"basaliob":-0.082,"bolussnooze":0,"activity":-0.0013,"lastBolusTime":0,"time":"2023-12-23T02:37:00.000Z"}},{"iob":0,"basaliob":0,"bolussnooze":0,"activity":0,"lastBolusTime":0,"time":"2023-12-23T02:42:00.000Z","iobWithZeroTemp":{"iob":-0.076,"basaliob":-0.076,"bolussnooze":0,"activity":-0.0012,"lastBolusTime":0,"time":"2023-12-23T02:42:00.000Z"}},{"iob":0,"basaliob":0,"bolussnooze":0,"activity":0,"lastBolusTime":0,"time":"2023-12-23T02:47:00.000Z","iobWithZeroTemp":{"iob":-0.07,"basaliob":-0.07,"bolussnooze":0,"activity":-0.0012,"lastBolusTime":0,"time":"2023-12-23T02:47:00.000Z"}},{"iob":0,"basaliob":0,"bolussnooze":0,"activity":0,"lastBolusTime":0,"time":"2023-12-23T02:52:00.000Z","iobWithZeroTemp":{"iob":-0.064,"basaliob":-0.064,"bolussnooze":0,"activity":-0.0011,"lastBolusTime":0,"time":"2023-12-23T02:52:00.000Z"}},{"iob":0,"basaliob":0,"bolussnooze":0,"activity":0,"lastBolusTime":0,"time":"2023-12-23T02:57:00.000Z","iobWithZeroTemp":{"iob":-0.059,"basaliob":-0.059,"bolussnooze":0,"activity":-0.001,"lastBolusTime":0,"time":"2023-12-23T02:57:00.000Z"}},{"iob":0,"basaliob":0,"bolussnooze":0,"activity":0,"lastBolusTime":0,"time":"2023-12-23T03:02:00.000Z","iobWithZeroTemp":{"iob":-0.054,"basaliob":-0.054,"bolussnooze":0,"activity":-9.0E-4,"lastBolusTime":0,"time":"2023-12-23T03:02:00.000Z"}},{"iob":0,"basaliob":0,"bolussnooze":0,"activity":0,"lastBolusTime":0,"time":"2023-12-23T03:07:00.000Z","iobWithZeroTemp":{"iob":-0.05,"basaliob":-0.05,"bolussnooze":0,"activity":-9.0E-4,"lastBolusTime":0,"time":"2023-12-23T03:07:00.000Z"}},{"iob":0,"basaliob":0,"bolussnooze":0,"activity":0,"lastBolusTime":0,"time":"2023-12-23T03:12:00.000Z","iobWithZeroTemp":{"iob":-0.046,"basaliob":-0.046,"bolussnooze":0,"activity":-8.0E-4,"lastBolusTime":0,"time":"2023-12-23T03:12:00.000Z"}},{"iob":0,"basaliob":0,"bolussnooze":0,"activity":0,"lastBolusTime":0,"time":"2023-12-23T03:17:00.000Z","iobWithZeroTemp":{"iob":-0.042,"basaliob":-0.042,"bolussnooze":0,"activity":-7.0E-4,"lastBolusTime":0,"time":"2023-12-23T03:17:00.000Z"}},{"iob":0,"basaliob":0,"bolussnooze":0,"activity":0,"lastBolusTime":0,"time":"2023-12-23T03:22:00.000Z","iobWithZeroTemp":{"iob":-0.038,"basaliob":-0.038,"bolussnooze":0,"activity":-7.0E-4,"lastBolusTime":0,"time":"2023-12-23T03:22:00.000Z"}},{"iob":0,"basaliob":0,"bolussnooze":0,"activity":0,"lastBolusTime":0,"time":"2023-12-23T03:27:00.000Z","iobWithZeroTemp":{"iob":-0.035,"basaliob":-0.035,"bolussnooze":0,"activity":-6.0E-4,"lastBolusTime":0,"time":"2023-12-23T03:27:00.000Z"}},{"iob":0,"basaliob":0,"bolussnooze":0,"activity":0,"lastBolusTime":0,"time":"2023-12-23T03:32:00.000Z","iobWithZeroTemp":{"iob":-0.032,"basaliob":-0.032,"bolussnooze":0,"activity":-6.0E-4,"lastBolusTime":0,"time":"2023-12-23T03:32:00.000Z"}},{"iob":0,"basaliob":0,"bolussnooze":0,"activity":0,"lastBolusTime":0,"time":"2023-12-23T03:37:00.000Z","iobWithZeroTemp":{"iob":-0.029,"basaliob":-0.029,"bolussnooze":0,"activity":-5.0E-4,"lastBolusTime":0,"time":"2023-12-23T03:37:00.000Z"}},{"iob":0,"basaliob":0,"bolussnooze":0,"activity":0,"lastBolusTime":0,"time":"2023-12-23T03:42:00.000Z","iobWithZeroTemp":{"iob":-0.027,"basaliob":-0.027,"bolussnooze":0,"activity":-5.0E-4,"lastBolusTime":0,"time":"2023-12-23T03:42:00.000Z"}},{"iob":0,"basaliob":0,"bolussnooze":0,"activity":0,"lastBolusTime":0,"time":"2023-12-23T03:47:00.000Z","iobWithZeroTemp":{"iob":-0.024,"basaliob":-0.024,"bolussnooze":0,"activity":-4.0E-4,"lastBolusTime":0,"time":"2023-12-23T03:47:00.000Z"}},{"iob":0,"basaliob":0,"bolussnooze":0,"activity":0,"lastBolusTime":0,"time":"2023-12-23T03:52:00.000Z","iobWithZeroTemp":{"iob":-0.022,"basaliob":-0.022,"bolussnooze":0,"activity":-4.0E-4,"lastBolusTime":0,"time":"2023-12-23T03:52:00.000Z"}},{"iob":0,"basaliob":0,"bolussnooze":0,"activity":0,"lastBolusTime":0,"time":"2023-12-23T03:57:00.000Z","iobWithZeroTemp":{"iob":-0.02,"basaliob":-0.02,"bolussnooze":0,"activity":-4.0E-4,"lastBolusTime":0,"time":"2023-12-23T03:57:00.000Z"}},{"iob":0,"basaliob":0,"bolussnooze":0,"activity":0,"lastBolusTime":0,"time":"2023-12-23T04:02:00.000Z","iobWithZeroTemp":{"iob":-0.018,"basaliob":-0.018,"bolussnooze":0,"activity":-3.0E-4,"lastBolusTime":0,"time":"2023-12-23T04:02:00.000Z"}},{"iob":0,"basaliob":0,"bolussnooze":0,"activity":0,"lastBolusTime":0,"time":"2023-12-23T04:07:00.000Z","iobWithZeroTemp":{"iob":-0.017,"basaliob":-0.017,"bolussnooze":0,"activity":-3.0E-4,"lastBolusTime":0,"time":"2023-12-23T04:07:00.000Z"}},{"iob":0,"basaliob":0,"bolussnooze":0,"activity":0,"lastBolusTime":0,"time":"2023-12-23T04:12:00.000Z","iobWithZeroTemp":{"iob":-0.015,"basaliob":-0.015,"bolussnooze":0,"activity":-3.0E-4,"lastBolusTime":0,"time":"2023-12-23T04:12:00.000Z"}},{"iob":0,"basaliob":0,"bolussnooze":0,"activity":0,"lastBolusTime":0,"time":"2023-12-23T04:17:00.000Z","iobWithZeroTemp":{"iob":-0.014,"basaliob":-0.014,"bolussnooze":0,"activity":-3.0E-4,"lastBolusTime":0,"time":"2023-12-23T04:17:00.000Z"}},{"iob":0,"basaliob":0,"bolussnooze":0,"activity":0,"lastBolusTime":0,"time":"2023-12-23T04:22:00.000Z","iobWithZeroTemp":{"iob":-0.013,"basaliob":-0.013,"bolussnooze":0,"activity":-2.0E-4,"lastBolusTime":0,"time":"2023-12-23T04:22:00.000Z"}},{"iob":0,"basaliob":0,"bolussnooze":0,"activity":0,"lastBolusTime":0,"time":"2023-12-23T04:27:00.000Z","iobWithZeroTemp":{"iob":-0.011,"basaliob":-0.011,"bolussnooze":0,"activity":-2.0E-4,"lastBolusTime":0,"time":"2023-12-23T04:27:00.000Z"}},{"iob":0,"basaliob":0,"bolussnooze":0,"activity":0,"lastBolusTime":0,"time":"2023-12-23T04:32:00.000Z","iobWithZeroTemp":{"iob":-0.01,"basaliob":-0.01,"bolussnooze":0,"activity":-2.0E-4,"lastBolusTime":0,"time":"2023-12-23T04:32:00.000Z"}},{"iob":0,"basaliob":0,"bolussnooze":0,"activity":0,"lastBolusTime":0,"time":"2023-12-23T04:37:00.000Z","iobWithZeroTemp":{"iob":-0.009,"basaliob":-0.009,"bolussnooze":0,"activity":-2.0E-4,"lastBolusTime":0,"time":"2023-12-23T04:37:00.000Z"}},{"iob":0,"basaliob":0,"bolussnooze":0,"activity":0,"lastBolusTime":0,"time":"2023-12-23T04:42:00.000Z","iobWithZeroTemp":{"iob":-0.008,"basaliob":-0.008,"bolussnooze":0,"activity":-2.0E-4,"lastBolusTime":0,"time":"2023-12-23T04:42:00.000Z"}},{"iob":0,"basaliob":0,"bolussnooze":0,"activity":0,"lastBolusTime":0,"time":"2023-12-23T04:47:00.000Z","iobWithZeroTemp":{"iob":-0.008,"basaliob":-0.008,"bolussnooze":0,"activity":-2.0E-4,"lastBolusTime":0,"time":"2023-12-23T04:47:00.000Z"}},{"iob":0,"basaliob":0,"bolussnooze":0,"activity":0,"lastBolusTime":0,"time":"2023-12-23T04:52:00.000Z","iobWithZeroTemp":{"iob":-0.007,"basaliob":-0.007,"bolussnooze":0,"activity":-1.0E-4,"lastBolusTime":0,"time":"2023-12-23T04:52:00.000Z"}},{"iob":0,"basaliob":0,"bolussnooze":0,"activity":0,"lastBolusTime":0,"time":"2023-12-23T04:57:00.000Z","iobWithZeroTemp":{"iob":-0.006,"basaliob":-0.006,"bolussnooze":0,"activity":-1.0E-4,"lastBolusTime":0,"time":"2023-12-23T04:57:00.000Z"}},{"iob":0,"basaliob":0,"bolussnooze":0,"activity":0,"lastBolusTime":0,"time":"2023-12-23T05:02:00.000Z","iobWithZeroTemp":{"iob":-0.006,"basaliob":-0.006,"bolussnooze":0,"activity":-1.0E-4,"lastBolusTime":0,"time":"2023-12-23T05:02:00.000Z"}},{"iob":0,"basaliob":0,"bolussnooze":0,"activity":0,"lastBolusTime":0,"time":"2023-12-23T05:07:00.000Z","iobWithZeroTemp":{"iob":-0.005,"basaliob":-0.005,"bolussnooze":0,"activity":-1.0E-4,"lastBolusTime":0,"time":"2023-12-23T05:07:00.000Z"}},{"iob":0,"basaliob":0,"bolussnooze":0,"activity":0,"lastBolusTime":0,"time":"2023-12-23T05:12:00.000Z","iobWithZeroTemp":{"iob":-0.004,"basaliob":-0.004,"bolussnooze":0,"activity":-1.0E-4,"lastBolusTime":0,"time":"2023-12-23T05:12:00.000Z"}},{"iob":0,"basaliob":0,"bolussnooze":0,"activity":0,"lastBolusTime":0,"time":"2023-12-23T05:17:00.000Z","iobWithZeroTemp":{"iob":-0.004,"basaliob":-0.004,"bolussnooze":0,"activity":-1.0E-4,"lastBolusTime":0,"time":"2023-12-23T05:17:00.000Z"}},{"iob":0,"basaliob":0,"bolussnooze":0,"activity":0,"lastBolusTime":0,"time":"2023-12-23T05:22:00.000Z","iobWithZeroTemp":{"iob":-0.004,"basaliob":-0.004,"bolussnooze":0,"activity":-1.0E-4,"lastBolusTime":0,"time":"2023-12-23T05:22:00.000Z"}},{"iob":0,"basaliob":0,"bolussnooze":0,"activity":0,"lastBolusTime":0,"time":"2023-12-23T05:27:00.000Z","iobWithZeroTemp":{"iob":-0.003,"basaliob":-0.003,"bolussnooze":0,"activity":-1.0E-4,"lastBolusTime":0,"time":"2023-12-23T05:27:00.000Z"}},{"iob":0,"basaliob":0,"bolussnooze":0,"activity":0,"lastBolusTime":0,"time":"2023-12-23T05:32:00.000Z","iobWithZeroTemp":{"iob":-0.003,"basaliob":-0.003,"bolussnooze":0,"activity":-1.0E-4,"lastBolusTime":0,"time":"2023-12-23T05:32:00.000Z"}},{"iob":0,"basaliob":0,"bolussnooze":0,"activity":0,"lastBolusTime":0,"time":"2023-12-23T05:37:00.000Z","iobWithZeroTemp":{"iob":-0.003,"basaliob":-0.003,"bolussnooze":0,"activity":-1.0E-4,"lastBolusTime":0,"time":"2023-12-23T05:37:00.000Z"}}],"profile":{"max_iob":1.5,"dia":3,"type":"current","max_daily_basal":0.5,"max_basal":1.5,"min_bg":90,"max_bg":90,"target_bg":90,"carb_ratio":20,"sens":117,"max_daily_safety_multiplier":3,"current_basal_safety_multiplier":4,"skip_neutral_temps":true,"current_basal":0.5,"temptargetSet":false,"autosens_adjust_targets":true,"min_5m_carbimpact":5.5,"out_units":"mmol\/L"},"autosens_data":{"ratio":1},"meal_data":{"carbs":10,"mealCOB":0}},"output":{"temp":"absolute","bg":107,"tick":-2,"eventualBG":101,"snoozeBG":101,"predBGs":{"IOB":[107,105,104,103,101,100,99,99,98,97,97,96,96,96,96,96,95,95,95,95,95,95,95,94,94,94,94,94,94,94,94,94,94,94,94,94,94,93]},"COB":0,"IOB":0.055,"reason":"COB: 0, Dev: 0, BGI: -0.41, ISF: 6.5, Target: 5.0; Eventual BG 5.6 > 5.0 but Min. Delta -1.67 < Exp. Delta -1; setting current basal of 0.5 as temp. Suggested rate is same as profile rate, a temp basal is active, canceling current temp","duration":0,"rate":0,"timestamp":"2023-12-22T20:11:05.256Z"}}