{"algorithm":"OpenAPSAMAPlugin","input":{"glucoseStatus":{"glucose":119,"delta":7.67,"short_avgdelta":6.67,"long_avgdelta":3.11},"currenttemp":{"temp":"absolute","duration":25,"rate":0.65,"minutesrunning":5},"iob_data":[{"iob":0.018,"basaliob":0.018,"bolussnooze":0,"activity":0.0012,"lastBolusTime":0,"time":"2023-12-22T12:22:00.000Z","iobWithZeroTemp":{"iob":0.018,"basaliob":0.018,"bolussnooze":0,"activity":0.0012,"lastBolusTime":0,"time":"2023-12-22T12:22:00.000Z"}},{"iob":0.012,"basaliob":0.012,"bolussnooze":0,"activity":0.001,"lastBolusTime":0,"time":"2023-12-22T12:27:00.000Z","iobWithZeroTemp":{"iob":-0.013,"basaliob":-0.013,"bolussnooze":0,"activity":0.001,"lastBolusTime":0,"time":"2023-12-22T12:27:00.000Z"}},{"iob":0.008,"basaliob":0.008,"bolussnooze":0,"activity":9.0E-4,"lastBolusTime":0,"time":"2023-12-22T12:32:00.000Z","iobWithZeroTemp":{"iob":-0.042,"basaliob":-0.042,"bolussnooze":0,"activity":8.0E-4,"lastBolusTime":0,"time":"2023-12-22T12:32:00.000Z"}},{"iob":0.003,"basaliob":0.003,"bolussnooze":0,"activity":8.0E-4,"lastBolusTime":0,"time":"2023-12-22T12:37:00.000Z","iobWithZeroTemp":{"iob":-0.071,"basaliob":-0.071,"bolussnooze":0,"activity":6.0E-4,"lastBolusTime":0,"time":"2023-12-22T12:37:00.000Z"}},{"iob":0,"basaliob":0,"bolussnooze":0,"activity":6.0E-4,"lastBolusTime":0,"time":"2023-12-22T12:42:00.000Z","iobWithZeroTemp":{"iob":-0.098,"basaliob":-0.098,"bolussnooze":0,"activity":3.0E-4,"lastBolusTime":0,"time":"2023-12-22T12:42:00.000Z"}},{"iob":-0.003,"basaliob":-0.003,"bolussnooze":0,"activity":5.0E-4,"lastBolusTime":0,"time":"2023-12-22T12:47:00.000Z","iobWithZeroTemp":{"iob":-0.125,"basaliob":-0.125,"bolussnooze":0,"activity":1.0E-4,"lastBolusTime":0,"time":"2023-12-22T12:47:00.000Z"}},{"iob":-0.005,"basaliob":-0.005,"bolussnooze":0,"activity":4.0E-4,"lastBolusTime":0,"time":"2023-12-22T12:52:00.000Z","iobWithZeroTemp":{"iob":-0.149,"basaliob":-0.149,"bolussnooze":0,"activity":-1.0E-4,"lastBolusTime":0,"time":"2023-12-22T12:52:00.000Z"}},{"iob":-0.007,"basaliob":-0.007,"bolussnooze":0,"activity":4.0E-4,"lastBolusTime":0,"time":"2023-12-22T12:57:00.000Z","iobWithZeroTemp":{"iob":-0.173,"basaliob":-0.173,"bolussnooze":0,"activity":-3.0E-4,"lastBolusTime":0,"time":"2023-12-22T12:57:00.000Z"}},{"iob":-0.009,"basaliob":-0.009,"bolussnooze":0,"activity":3.0E-4,"lastBolusTime":0,"time":"2023-12-22T13:02:00.000Z","iobWithZeroTemp":{"iob":-0.196,"basaliob":-0.196,"bolussnooze":0,"activity":-5.0E-4,"lastBolusTime":0,"time":"2023-12-22T13:02:00.000Z"}},{"iob":-0.01,"basaliob":-0.01,"bolussnooze":0,"activity":2.0E-4,"lastBolusTime":0,"time":"2023-12-22T13:07:00.000Z","iobWithZeroTemp":{"iob":-0.218,"basaliob":-0.218,"bolussnooze":0,"activity":-8.0E-4,"lastBolusTime":0,"time":"2023-12-22T13:07:00.000Z"}},{"iob":-0.011,"basaliob":-0.011,"bolussnooze":0,"activity":2.0E-4,"lastBolusTime":0,"time":"2023-12-22T13:12:00.000Z","iobWithZeroTemp":{"iob":-0.238,"basaliob":-0.238,"bolussnooze":0,"activity":-0.001,"lastBolusTime":0,"time":"2023-12-22T13:12:00.000Z"}},{"iob":-0.012,"basaliob":-0.012,"bolussnooze":0,"activity":1.0E-4,"lastBolusTime":0,"time":"2023-12-22T13:17:00.000Z","iobWithZeroTemp":{"iob":-0.258,"basaliob":-0.258,"bolussnooze":0,"activity":-0.0013,"lastBolusTime":0,"time":"2023-12-22T13:17:00.000Z"}},{"iob":-0.013,"basaliob":-0.013,"bolussnooze":0,"activity":1.0E-4,"lastBolusTime":0,"time":"2023-12-22T13:22:00.000Z","iobWithZeroTemp":{"iob":-0.277,"basaliob":-0.277,"bolussnooze":0,"activity":-0.0014,"lastBolusTime":0,"time":"2023-12-22T13:22:00.000Z"}},{"iob":-0.013,"basaliob":-0.013,"bolussnooze":0,"activity":1.0E-4,"lastBolusTime":0,"time":"2023-12-22T13:27:00.000Z","iobWithZeroTemp":{"iob":-0.294,"basaliob":-0.294,"bolussnooze":0,"activity":-0.0016,"lastBolusTime":0,"time":"2023-12-22T13:27:00.000Z"}},{"iob":-0.013,"basaliob":-0.013,"bolussnooze":0,"activity":0,"lastBolusTime":0,"time":"2023-12-22T13:32:00.000Z","iobWithZeroTemp":{"iob":-0.31,"basaliob":-0.31,"bolussnooze":0,"activity":-0.0019,"lastBolusTime":0,"time":"2023-12-22T13:32:00.000Z"}},{"iob":-0.013,"basaliob":-0.013,"bolussnooze":0,"activity":0,"lastBolusTime":0,"time":"2023-12-22T13:37:00.000Z","iobWithZeroTemp":{"iob":-0.325,"basaliob":-0.325,"bolussnooze":0,"activity":-0.002,"lastBolusTime":0,"time":"2023-12-22T13:37:00.000Z"}},{"iob":-0.013,"basaliob":-0.013,"bolussnooze":0,"activity":0,"lastBolusTime":0,"time":"2023-12-22T13:42:00.000Z","iobWithZeroTemp":{"iob":-0.34,"basaliob":-0.34,"bolussnooze":0,"activity":-0.0022,"lastBolusTime":0,"time":"2023-12-22T13:42:00.000Z"}},{"iob":-0.013,"basaliob":-0.013,"bolussnooze":0,"activity":0,"lastBolusTime":0,"time":"2023-12-22T13:47:00.000Z","iobWithZeroTemp":{"iob":-0.353,"basaliob":-0.353,"bolussnooze":0,"activity":-0.0023,"lastBolusTime":0,"time":"2023-12-22T13:47:00.000Z"}},{"iob":-0.013,"basaliob":-0.013,"bolussnooze":0,"activity":0,"lastBolusTime":0,"time":"2023-12-22T13:52:00.000Z","iobWithZeroTemp":{"iob":-0.366,"basaliob":-0.366,"bolussnooze":0,"activity":-0.0025,"lastBolusTime":0,"time":"2023-12-22T13:52:00.000Z"}},{"iob":-0.013,"basaliob":-0.013,"bolussnooze":0,"activity":-1.0E-4,"lastBolusTime":0,"time":"2023-12-22T13:57:00.000Z","iobWithZeroTemp":{"iob":-0.378,"basaliob":-0.378,"bolussnooze":0,"activity":-0.0027,"lastBolusTime":0,"time":"2023-12-22T13:57:00.000Z"}},{"iob":-0.012,"basaliob":-0.012,"bolussnooze":0,"activity":-1.0E-4,"lastBolusTime":0,"time":"2023-12-22T14:02:00.000Z","iobWithZeroTemp":{"iob":-0.389,"basaliob":-0.389,"bolussnooze":0,"activity":-0.0029,"lastBolusTime":0,"time":"2023-12-22T14:02:00.000Z"}},{"iob":-0.012,"basaliob":-0.012,"bolussnooze":0,"activity":-1.0E-4,"lastBolusTime":0,"time":"2023-12-22T14:07:00.000Z","iobWithZeroTemp":{"iob":-0.4,"basaliob":-0.4,"bolussnooze":0,"activity":-0.003,"lastBolusTime":0,"time":"2023-12-22T14:07:00.000Z"}},{"iob":-0.012,"basaliob":-0.012,"bolussnooze":0,"activity":-1.0E-4,"lastBolusTime":0,"time":"2023-12-22T14:12:00.000Z","iobWithZeroTemp":{"iob":-0.41,"basaliob":-0.41,"bolussnooze":0,"activity":-0.0031,"lastBolusTime":0,"time":"2023-12-22T14:12:00.000Z"}},{"iob":-0.011,"basaliob":-0.011,"bolussnooze":0,"activity":-1.0E-4,"lastBolusTime":0,"time":"2023-12-22T14:17:00.000Z","iobWithZeroTemp":{"iob":-0.418,"basaliob":-0.418,"bolussnooze":0,"activity":-0.0033,"lastBolusTime":0,"time":"2023-12-22T14:17:00.000Z"}},{"iob":-0.011,"basaliob":-0.011,"bolussnooze":0,"activity":-1.0E-4,"lastBolusTime":0,"time":"2023-12-22T14:22:00.000Z","iobWithZeroTemp":{"iob":-0.427,"basaliob":-0.427,"bolussnooze":0,"activity":-0.0034,"lastBolusTime":0,"time":"2023-12-22T14:22:00.000Z"}},{"iob":-0.01,"basaliob":-0.01,"bolussnooze":0,"activity":-1.0E-4,"lastBolusTime":0,"time":"2023-12-22T14:27:00.000Z","iobWithZeroTemp":{"iob":-0.434,"basaliob":-0.434,"bolussnooze":0,"activity":-0.0035,"lastBolusTime":0,"time":"2023-12-22T14:27:00.000Z"}},{"iob":-0.01,"basaliob":-0.01,"bolussnooze":0,"activity":-1.0E-4,"lastBolusTime":0,"time":"2023-12-22T14:32:00.000Z","iobWithZeroTemp":{"iob":-0.442,"basaliob":-0.442,"bolussnooze":0,"activity":-0.0036,"lastBolusTime":0,"time":"2023-12-22T14:32:00.000Z"}},{"iob":-0.01,"basaliob":-0.01,"bolussnooze":0,"activity":-1.0E-4,"lastBolusTime":0,"time":"2023-12-22T14:37:00.000Z","iobWithZeroTemp":{"iob":-0.449,"basaliob":-0.449,"bolussnooze":0,"activity":-0.0037,"lastBolusTime":0,"time":"2023-12-22T14:37:00.000Z"}},{"iob":-0.009,"basaliob":-0.009,"bolussnooze":0,"activity":-1.0E-4,"lastBolusTime":0,"time":"2023-12-22T14:42:00.000Z","iobWithZeroTemp":{"iob":-0.455,"basaliob":-0.455,"bolussnooze":0,"activity":-0.0038,"lastBolusTime":0,"time":"2023-12-22T14:42:00.000Z"}},{"iob":-0.009,"basaliob":-0.009,"bolussnooze":0,"activity":-1.0E-4,"lastBolusTime":0,"time":"2023-12-22T14:47:00.000Z","iobWithZeroTemp":{"iob":-0.461,"basaliob":-0.461,"bolussnooze":0,"activity":-0.0039,"lastBolusTime":0,"time":"2023-12-22T14:47:00.000Z"}},{"iob":-0.008,"basaliob":-0.008,"bolussnooze":0,"activity":-1.0E-4,"lastBolusTime":0,"time":"2023-12-22T14:52:00.000Z","iobWithZeroTemp":{"iob":-0.466,"basaliob":-0.466,"bolussnooze":0,"activity":-0.004,"lastBolusTime":0,"time":"2023-12-22T14:52:00.000Z"}},{"iob":-0.008,"basaliob":-0.008,"bolussnooze":0,"activity":-1.0E-4,"lastBolusTime":0,"time":"2023-12-22T14:57:00.000Z","iobWithZeroTemp":{"iob":-0.472,"basaliob":-0.472,"bolussnooze":0,"activity":-0.004,"lastBolusTime":0,"time":"2023-12-22T14:57:00.000Z"}},{"iob":-0.007,"basaliob":-0.007,"bolussnooze":0,"activity":-1.0E-4,"lastBolusTime":0,"time":"2023-12-22T15:02:00.000Z","iobWithZeroTemp":{"iob":-0.476,"basaliob":-0.476,"bolussnooze":0,"activity":-0.0041,"lastBolusTime":0,"time":"2023-12-22T15:02:00.000Z"}},{"iob":-0.007,"basaliob":-0.007,"bolussnooze":0,"activity":-1.0E-4,"lastBolusTime":0,"time":"2023-12-22T15:07:00.000Z","iobWithZeroTemp":{"iob":-0.481,"basaliob":-0.481,"bolussnooze":0,"activity":-0.0042,"lastBolusTime":0,"time":"2023-12-22T15:07:00.000Z"}},{"iob":-0.007,"basaliob":-0.007,"bolussnooze":0,"activity":-1.0E-4,"lastBolusTime":0,"time":"2023-12-22T15:12:00.000Z","iobWithZeroTemp":{"iob":-0.485,"basaliob":-0.485,"bolussnooze":0,"activity":-0.0043,"lastBolusTime":0,"time":"2023-12-22T15:12:00.000Z"}},{"iob":-0.006,"basaliob":-0.006,"bolussnooze":0,"activity":-1.0E-4,"lastBolusTime":0,"time":"2023-12-22T15:17:00.000Z","iobWithZeroTemp":{"iob":-0.488,"basaliob":-0.488,"bolussnooze":0,"activity":-0.0043,"lastBolusTime":0,"time":"2023-12-22T15:17:00.000Z"}},{"iob":-0.006,"basaliob":-0.006,"bolussnooze":0,"activity":-1.0E-4,"lastBolusTime":0,"time":"2023-12-22T15:22:00.000Z","iobWithZeroTemp":{"iob":-0.492,"basaliob":-0.492,"bolussnooze":0,"activity":-0.0044,"lastBolusTime":0,"time":"2023-12-22T15:22:00.000Z"}},{"iob":-0.005,"basaliob":-0.005,"bolussnooze":0,"activity":-1.0E-4,"lastBolusTime":0,"time":"2023-12-22T15:27:00.000Z","iobWithZeroTemp":{"iob":-0.494,"basaliob":-0.494,"bolussnooze":0,"activity":-0.0044,"lastBolusTime":0,"time":"2023-12-22T15:27:00.000Z"}},{"iob":-0.005,"basaliob":-0.005,"bolussnooze":0,"activity":-1.0E-4,"lastBolusTime":0,"time":"2023-12-22T15:32:00.000Z","iobWithZeroTemp":{"iob":-0.498,"basaliob":-0.498,"bolussnooze":0,"activity":-0.0045,"lastBolusTime":0,"time":"2023-12-22T15:32:00.000Z"}},{"iob":-0.005,"basaliob":-0.005,"bolussnooze":0,"activity":-1.0E-4,"lastBolusTime":0,"time":"2023-12-22T15:37:00.000Z","iobWithZeroTemp":{"iob":-0.501,"basaliob":-0.501,"bolussnooze":0,"activity":-0.0045,"lastBolusTime":0,"time":"2023-12-22T15:37:00.000Z"}},{"iob":-0.005,"basaliob":-0.005,"bolussnooze":0,"activity":-1.0E-4,"lastBolusTime":0,"time":"2023-12-22T15:42:00.000Z","iobWithZeroTemp":{"iob":-0.503,"basaliob":-0.503,"bolussnooze":0,"activity":-0.0046,"lastBolusTime":0,"time":"2023-12-22T15:42:00.000Z"}},{"iob":-0.004,"basaliob":-0.004,"bolussnooze":0,"activity":-1.0E-4,"lastBolusTime":0,"time":"2023-12-22T15:47:00.000Z","iobWithZeroTemp":{"iob":-0.505,"basaliob":-0.505,"bolussnooze":0,"activity":-0.0046,"lastBolusTime":0,"time":"2023-12-22T15:47:00.000Z"}},{"iob":-0.004,"basaliob":-0.004,"bolussnooze":0,"activity":-1.0E-4,"lastBolusTime":0,"time":"2023-12-22T15:52:00.000Z","iobWithZeroTemp":{"iob":-0.507,"basaliob":-0.507,"bolussnooze":0,"activity":-0.0046,"lastBolusTime":0,"time":"2023-12-22T15:52:00.000Z"}},{"iob":-0.004,"basaliob":-0.004,"bolussnooze":0,"activity":-1.0E-4,"lastBolusTime":0,"time":"2023-12-22T15:57:00.000Z","iobWithZeroTemp":{"iob":-0.51,"basaliob":-0.51,"bolussnooze":0,"activity":-0.0047,"lastBolusTime":0,"time":"2023-12-22T15:57:00.000Z"}},{"iob":-0.003,"basaliob":-0.003,"bolussnooze":0,"activity":0,"lastBolusTime":0,"time":"2023-12-22T16:02:00.000Z","iobWithZeroTemp":{"iob":-0.511,"basaliob":-0.511,"bolussnooze":0,"activity":-0.0046,"lastBolusTime":0,"time":"2023-12-22T16:02:00.000Z"}},{"iob":-0.003,"basaliob":-0.003,"bolussnooze":0,"activity":0,"lastBolusTime":0,"time":"2023-12-22T16:07:00.000Z","iobWithZeroTemp":{"iob":-0.521,"basaliob":-0.521,"bolussnooze":0,"activity":-0.0047,"lastBolusTime":0,"time":"2023-12-22T16:07:00.000Z"}},{"iob":-0.003,"basaliob":-0.003,"bolussnooze":0,"activity":0,"lastBolusTime":0,"time":"2023-12-22T16:12:00.000Z","iobWithZeroTemp":{"iob":-0.531,"basaliob":-0.531,"bolussnooze":0,"activity":-0.0047,"lastBolusTime":0,"time":"2023-12-22T16:12:00.000Z"}},{"iob":-0.003,"basaliob":-0.003,"bolussnooze":0,"activity":0,"lastBolusTime":0,"time":"2023-12-22T16:17:00.000Z","iobWithZeroTemp":{"iob":-0.54,"basaliob":-0.54,"bolussnooze":0,"activity":-0.0048,"lastBolusTime":0,"time":"2023-12-22T16:17:00.000Z"}},{"iob":-0.003,"basaliob":-0.003,"bolussnooze":0,"activity":0,"lastBolusTime":0,"time":"2023-12-22T16:22:00.000Z","iobWithZeroTemp":{"iob":-0.55,"basaliob":-0.55,"bolussnooze":0,"activity":-0.0048,"lastBolusTime":0,"time":"2023-12-22T16:22:00.000Z"}},{"iob":-0.002,"basaliob":-0.002,"bolussnooze":0,"activity":0,"lastBolusTime":0,"time":"2023-12-22T16:27:00.000Z","iobWithZeroTemp":{"iob":-0.525,"basaliob":-0.525,"bolussnooze":0,"activity":-0.0049,"lastBolusTime":0,"time":"2023-12-22T16:27:00.000Z"}},{"iob":-0.002,"basaliob":-0.002,"bolussnooze":0,"activity":0,"lastBolusTime":0,"time":"2023-12-22T16:32:00.000Z","iobWithZeroTemp":{"iob":-0.5,"basaliob":-0.5,"bolussnooze":0,"activity":-0.0048,"lastBolusTime":0,"time":"2023-12-22T16:32:00.000Z"}},{"iob":-0.002,"basaliob":-0.002,"bolussnooze":0,"activity":0,"lastBolusTime":0,"time":"2023-12-22T16:37:00.000Z","iobWithZeroTemp":{"iob":-0.476,"basaliob":-0.476,"bolussnooze":0,"activity":-0.0048,"lastBolusTime":0,"time":"2023-12-22T16:37:00.000Z"}},{"iob":-0.002,"basaliob":-0.002,"bolussnooze":0,"activity":0,"lastBolusTime":0,"time":"2023-12-22T16:42:00.000Z","iobWithZeroTemp":{"iob":-0.452,"basaliob":-0.452,"bolussnooze":0,"activity":-0.0047,"lastBolusTime":0,"time":"2023-12-22T16:42:00.000Z"}},{"iob":-0.002,"basaliob":-0.002,"bolussnooze":0,"activity":0,"lastBolusTime":0,"time":"2023-12-22T16:47:00.000Z","iobWithZeroTemp":{"iob":-0.429,"basaliob":-0.429,"bolussnooze":0,"activity":-0.0046,"lastBolusTime":0,"time":"2023-12-22T16:47:00.000Z"}},{"iob":-0.002,"basaliob":-0.002,"bolussnooze":0,"activity":0,"lastBolusTime":0,"time":"2023-12-22T16:52:00.000Z","iobWithZeroTemp":{"iob":-0.406,"basaliob":-0.406,"bolussnooze":0,"activity":-0.0045,"lastBolusTime":0,"time":"2023-12-22T16:52:00.000Z"}},{"iob":-0.002,"basaliob":-0.002,"bolussnooze":0,"activity":0,"lastBolusTime":0,"time":"2023-12-22T16:57:00.000Z","iobWithZeroTemp":{"iob":-0.384,"basaliob":-0.384,"bolussnooze":0,"activity":-0.0044,"lastBolusTime":0,"time":"2023-12-22T16:57:00.000Z"}},{"iob":-0.001,"basaliob":-0.001,"bolussnooze":0,"activity":0,"lastBolusTime":0,"time":"2023-12-22T17:02:00.000Z","iobWithZeroTemp":{"iob":-0.361,"basaliob":-0.361,"bolussnooze":0,"activity":-0.0042,"lastBolusTime":0,"time":"2023-12-22T17:02:00.000Z"}},{"iob":-0.001,"basaliob":-0.001,"bolussnooze":0,"activity":0,"lastBolusTime":0,"time":"2023-12-22T17:07:00.000Z","iobWithZeroTemp":{"iob":-0.34,"basaliob":-0.34,"bolussnooze":0,"activity":-0.0041,"lastBolusTime":0,"time":"2023-12-22T17:07:00.000Z"}},{"iob":-0.001,"basaliob":-0.001,"bolussnooze":0,"activity":0,"lastBolusTime":0,"time":"2023-12-22T17:12:00.000Z","iobWithZeroTemp":{"iob":-0.32,"basaliob":-0.32,"bolussnooze":0,"activity":-0.0039,"lastBolusTime":0,"time":"2023-12-22T17:12:00.000Z"}},{"iob":-0.001,"basaliob":-0.001,"bolussnooze":0,"activity":0,"lastBolusTime":0,"time":"2023-12-22T17:17:00.000Z","iobWithZeroTemp":{"iob":-0.301,"basaliob":-0.301,"bolussnooze":0,"activity":-0.0038,"lastBolusTime":0,"time":"2023-12-22T17:17:00.000Z"}},{"iob":-0.001,"basaliob":-0.001,"bolussnooze":0,"activity":0,"lastBolusTime":0,"time":"2023-12-22T17:22:00.000Z","iobWithZeroTemp":{"iob":-0.283,"basaliob":-0.283,"bolussnooze":0,"activity":-0.0036,"lastBolusTime":0,"time":"2023-12-22T17:22:00.000Z"}},{"iob":-0.001,"basaliob":-0.001,"bolussnooze":0,"activity":0,"lastBolusTime":0,"time":"2023-12-22T17:27:00.000Z","iobWithZeroTemp":{"iob":-0.265,"basaliob":-0.265,"bolussnooze":0,"activity":-0.0034,"lastBolusTime":0,"time":"2023-12-22T17:27:00.000Z"}},{"iob":-0.001,"basaliob":-0.001,"bolussnooze":0,"activity":0,"lastBolusTime":0,"time":"2023-12-22T17:32:00.000Z","iobWithZeroTemp":{"iob":-0.248,"basaliob":-0.248,"bolussnooze":0,"activity":-0.0033,"lastBolusTime":0,"time":"2023-12-22T17:32:00.000Z"}},{"iob":-0.001,"basaliob":-0.001,"bolussnooze":0,"activity":0,"lastBolusTime":0,"time":"2023-12-22T17:37:00.000Z","iobWithZeroTemp":{"iob":-0.232,"basaliob":-0.232,"bolussnooze":0,"activity":-0.0031,"lastBolusTime":0,"time":"2023-12-22T17:37:00.000Z"}},{"iob":-0.001,"basaliob":-0.001,"bolussnooze":0,"activity":0,"lastBolusTime":0,"time":"2023-12-22T17:42:00.000Z","iobWithZeroTemp":{"iob":-0.217,"basaliob":-0.217,"bolussnooze":0,"activity":-0.0029,"lastBolusTime":0,"time":"2023-12-22T17:42:00.000Z"}},{"iob":-0.001,"basaliob":-0.001,"bolussnooze":0,"activity":0,"lastBolusTime":0,"time":"2023-12-22T17:47:00.000Z","iobWithZeroTemp":{"iob":-0.203,"basaliob":-0.203,"bolussnooze":0,"activity":-0.0028,"lastBolusTime":0,"time":"2023-12-22T17:47:00.000Z"}},{"iob":-0.001,"basaliob":-0.001,"bolussnooze":0,"activity":0,"lastBolusTime":0,"time":"2023-12-22T17:52:00.000Z","iobWithZeroTemp":{"iob":-0.189,"basaliob":-0.189,"bolussnooze":0,"activity":-0.0026,"lastBolusTime":0,"time":"2023-12-22T17:52:00.000Z"}},{"iob":-0.001,"basaliob":-0.001,"bolussnooze":0,"activity":0,"lastBolusTime":0,"time":"2023-12-22T17:57:00.000Z","iobWithZeroTemp":{"iob":-0.176,"basaliob":-0.176,"bolussnooze":0,"activity":-0.0025,"lastBolusTime":0,"time":"2023-12-22T17:57:00.000Z"}},{"iob":-0.001,"basaliob":-0.001,"bolussnooze":0,"activity":0,"lastBolusTime":0,"time":"2023-12-22T18:02:00.000Z","iobWithZeroTemp":{"iob":-0.164,"basaliob":-0.164,"bolussnooze":0,"activity":-0.0023,"lastBolusTime":0,"time":"2023-12-22T18:02:00.000Z"}},{"iob":0,"basaliob":0,"bolussnooze":0,"activity":0,"lastBolusTime":0,"time":"2023-12-22T18:07:00.000Z","iobWithZeroTemp":{"iob":-0.152,"basaliob":-0.152,"bolussnooze":0,"activity":-0.0022,"lastBolusTime":0,"time":"2023-12-22T18:07:00.000Z"}},{"iob":0,"basaliob":0,"bolussnooze":0,"activity":0,"lastBolusTime":0,"time":"2023-12-22T18:12:00.000Z","iobWithZeroTemp":{"iob":-0.141,"basaliob":-0.141,"bolussnooze":0,"activity":-0.0021,"lastBolusTime":0,"time":"2023-12-22T18:12:00.000Z"}},{"iob":0,"basaliob":0,"bolussnooze":0,"activity":0,"lastBolusTime":0,"time":"2023-12-22T18:17:00.000Z","iobWithZeroTemp":{"iob":-0.131,"basaliob":-0.131,"bolussnooze":0,"activity":-0.0019,"lastBolusTime":0,"time":"2023-12-22T18:17:00.000Z"}},{"iob":0,"basaliob":0,"bolussnooze":0,"activity":0,"lastBolusTime":0,"time":"2023-12-22T18:22:00.000Z","iobWithZeroTemp":{"iob":-0.122,"basaliob":-0.122,"bolussnooze":0,"activity":-0.0018,"lastBolusTime":0,"time":"2023-12-22T18:22:00.000Z"}},{"iob":0,"basaliob":0,"bolussnooze":0,"activity":0,"lastBolusTime":0,"time":"2023-12-22T18:27:00.000Z","iobWithZeroTemp":{"iob":-0.113,"basaliob":-0.113,"bolussnooze":0,"activity":-0.0017,"lastBolusTime":0,"time":"2023-12-22T18:27:00.000Z"}},{"iob":0,"basaliob":0,"bolussnooze":0,"activity":0,"lastBolusTime":0,"time":"2023-12-22T18:32:00.000Z","iobWithZeroTemp":{"iob":-0.105,"basaliob":-0.105,"bolussnooze":0,"activity":-0.0016,"lastBolusTime":0,"time":"2023-12-22T18:32:00.000Z"}},{"iob":0,"basaliob":0,"bolussnooze":0,"activity":0,"lastBolusTime":0,"time":"2023-12-22T18:37:00.000Z","iobWithZeroTemp":{"iob":-0.097,"basaliob":-0.097,"bolussnooze":0,"activity":-0.0015,"lastBolusTime":0,"time":"2023-12-22T18:37:00.000Z"}},{"iob":0,"basaliob":0,"bolussnooze":0,"activity":0,"lastBolusTime":0,"time":"2023-12-22T18:42:00.000Z","iobWithZeroTemp":{"iob":-0.09,"basaliob":-0.09,"bolussnooze":0,"activity":-0.0014,"lastBolusTime":0,"time":"2023-12-22T18:42:00.000Z"}},{"iob":0,"basaliob":0,"bolussnooze":0,"activity":0,"lastBolusTime":0,"time":"2023-12-22T18:47:00.000Z","iobWithZeroTemp":{"iob":-0.083,"basaliob":-0.083,"bolussnooze":0,"activity":-0.0013,"lastBolusTime":0,"time":"2023-12-22T18:47:00.000Z"}},{"iob":0,"basaliob":0,"bolussnooze":0,"activity":0,"lastBolusTime":0,"time":"2023-12-22T18:52:00.000Z","iobWithZeroTemp":{"iob":-0.077,"basaliob":-0.077,"bolussnooze":0,"activity":-0.0012,"lastBolusTime":0,"time":"2023-12-22T18:52:00.000Z"}},{"iob":0,"basaliob":0,"bolussnooze":0,"activity":0,"lastBolusTime":0,"time":"2023-12-22T18:57:00.000Z","iobWithZeroTemp":{"iob":-0.071,"basaliob":-0.071,"bolussnooze":0,"activity":-0.0011,"lastBolusTime":0,"time":"2023-12-22T18:57:00.000Z"}},{"iob":0,"basaliob":0,"bolussnooze":0,"activity":0,"lastBolusTime":0,"time":"2023-12-22T19:02:00.000Z","iobWithZeroTemp":{"iob":-0.065,"basaliob":-0.065,"bolussnooze":0,"activity":-0.0011,"lastBolusTime":0,"time":"2023-12-22T19:02:00.000Z"}},{"iob":0,"basaliob":0,"bolussnooze":0,"activity":0,"lastBolusTime":0,"time":"2023-12-22T19:07:00.000Z","iobWithZeroTemp":{"iob":-0.06,"basaliob":-0.06,"bolussnooze":0,"activity":-0.001,"lastBolusTime":0,"time":"2023-12-22T19:07:00.000Z"}},{"iob":0,"basaliob":0,"bolussnooze":0,"activity":0,"lastBolusTime":0,"time":"2023-12-22T19:12:00.000Z","iobWithZeroTemp":{"iob":-0.055,"basaliob":-0.055,"bolussnooze":0,"activity":-9.0E-4,"lastBolusTime":0,"time":"2023-12-22T19:12:00.000Z"}},{"iob":0,"basaliob":0,"bolussnooze":0,"activity":0,"lastBolusTime":0,"time":"2023-12-22T19:17:00.000Z","iobWithZeroTemp":{"iob":-0.051,"basaliob":-0.051,"bolussnooze":0,"activity":-8.0E-4,"lastBolusTime":0,"time":"2023-12-22T19:17:00.000Z"}},{"iob":0,"basaliob":0,"bolussnooze":0,"activity":0,"lastBolusTime":0,"time":"2023-12-22T19:22:00.000Z","iobWithZeroTemp":{"iob":-0.047,"basaliob":-0.047,"bolussnooze":0,"activity":-8.0E-4,"lastBolusTime":0,"time":"2023-12-22T19:22:00.000Z"}},{"iob":0,"basaliob":0,"bolussnooze":0,"activity":0,"lastBolusTime":0,"time":"2023-12-22T19:27:00.000Z","iobWithZeroTemp":{"iob":-0.043,"basaliob":-0.043,"bolussnooze":0,"activity":-7.0E-4,"lastBolusTime":0,"time":"2023-12-22T19:27:00.000Z"}},{"iob":0,"basaliob":0,"bolussnooze":0,"activity":0,"lastBolusTime":0,"time":"2023-12-22T19:32:00.000Z","iobWithZeroTemp":{"iob":-0.04,"basaliob":-0.04,"bolussnooze":0,"activity":-7.0E-4,"lastBolusTime":0,"time":"2023-12-22T19:32:00.000Z"}},{"iob":0,"basaliob":0,"bolussnooze":0,"activity":0,"lastBolusTime":0,"time":"2023-12-22T19:37:00.000Z","iobWithZeroTemp":{"iob":-0.036,"basaliob":-0.036,"bolussnooze":0,"activity":-6.0E-4,"lastBolusTime":0,"time":"2023-12-22T19:37:00.000Z"}},{"iob":0,"basaliob":0,"bolussnooze":0,"activity":0,"lastBolusTime":0,"time":"2023-12-22T19:42:00.000Z","iobWithZeroTemp":{"iob":-0.033,"basaliob":-0.033,"bolussnooze":0,"activity":-6.0E-4,"lastBolusTime":0,"time":"2023-12-22T19:42:00.000Z"}},{"iob":0,"basaliob":0,"bolussnooze":0,"activity":0,"lastBolusTime":0,"time":"2023-12-22T19:47:00.000Z","iobWithZeroTemp":{"iob":-0.031,"basaliob":-0.031,"bolussnooze":0,"activity":-5.0E-4,"lastBolusTime":0,"time":"2023-12-22T19:47:00.000Z"}},{"iob":0,"basaliob":0,"bolussnooze":0,"activity":0,"lastBolusTime":0,"time":"2023-12-22T19:52:00.000Z","iobWithZeroTemp":{"iob":-0.028,"basaliob":-0.028,"bolussnooze":0,"activity":-5.0E-4,"lastBolusTime":0,"time":"2023-12-22T19:52:00.000Z"}},{"iob":0,"basaliob":0,"bolussnooze":0,"activity":0,"lastBolusTime":0,"time":"2023-12-22T19:57:00.000Z","iobWithZeroTemp":{"iob":-0.026,"basaliob":-0.026,"bolussnooze":0,"activity":-5.0E-4,"lastBolusTime":0,"time":"2023-12-22T19:57:00.000Z"}},{"iob":0,"basaliob":0,"bolussnooze":0,"activity":0,"lastBolusTime":0,"time":"2023-12-22T20:02:00.000Z","iobWithZeroTemp":{"iob":-0.023,"basaliob":-0.023,"bolussnooze":0,"activity":-4.0E-4,"lastBolusTime":0,"time":"2023-12-22T20:02:00.000Z"}},{"iob":0,"basaliob":0,"bolussnooze":0,"activity":0,"lastBolusTime":0,"time":"2023-12-22T20:07:00.000Z","iobWithZeroTemp":{"iob":-0.021,"basaliob":-0.021,"bolussnooze":0,"activity":-4.0E-4,"lastBolusTime":0,"time":"2023-12-22T20:07:00.000Z"}},{"iob":0,"basaliob":0,"bolussnooze":0,"activity":0,"lastBolusTime":0,"time":"2023-12-22T20:12:00.000Z","iobWithZeroTemp":{"iob":-0.02,"basaliob":-0.02,"bolussnooze":0,"activity":-4.0E-4,"lastBolusTime":0,"time":"2023-12-22T20:12:00.000Z"}},{"iob":0,"basaliob":0,"bolussnooze":0,"activity":0,"lastBolusTime":0,"time":"2023-12-22T20:17:00.000Z","iobWithZeroTemp":{"iob":-0.018,"basaliob":-0.018,"bolussnooze":0,"activity":-3.0E-4,"lastBolusTime":0,"time":"2023-12-22T20:17:00.000Z"}},{"iob":0,"basaliob":0,"bolussnooze":0,"activity":0,"lastBolusTime":0,"time":"2023-12-22T20:22:00.000Z","iobWithZeroTemp":{"iob":-0.016,"basaliob":-0.016,"bolussnooze":0,"activity":-3.0E-4,"lastBolusTime":0,"time":"2023-12-22T20:22:00.000Z"}},{"iob":0,"basaliob":0,"bolussnooze":0,"activity":0,"lastBolusTime":0,"time":"2023-12-22T20:27:00.000Z","iobWithZeroTemp":{"iob":-0.015,"basaliob":-0.015,"bolussnooze":0,"activity":-3.0E-4,"lastBolusTime":0,"time":"2023-12-22T20:27:00.000Z"}},{"iob":0,"basaliob":0,"bolussnooze":0,"activity":0,"lastBolusTime":0,"time":"2023-12-22T20:32:00.000Z","iobWithZeroTemp":{"iob":-0.013,"basaliob":-0.013,"bolussnooze":0,"activity":-3.0E-4,"lastBolusTime":0,"time":"2023-12-22T20:32:00.000Z"}},{"iob":0,"basaliob":0,"bolussnooze":0,"activity":0,"lastBolusTime":0,"time":"2023-12-22T20:37:00.000Z","iobWithZeroTemp":{"iob":-0.012,"basaliob":-0.012,"bolussnooze":0,"activity":-2.0E-4,"lastBolusTime":0,"time":"2023-12-22T20:37:00.000Z"}},{"iob":0,"basaliob":0,"bolussnooze":0,"activity":0,"lastBolusTime":0,"time":"2023-12-22T20:42:00.000Z","iobWithZeroTemp":{"iob":-0.011,"basaliob":-0.011,"bolussnooze":0,"activity":-2.0E-4,"lastBolusTime":0,"time":"2023-12-22T20:42:00.000Z"}},{"iob":0,"basaliob":0,"bolussnooze":0,"activity":0,"lastBolusTime":0,"time":"2023-12-22T20:47:00.000Z","iobWithZeroTemp":{"iob":-0.01,"basaliob":-0.01,"bolussnooze":0,"activity":-2.0E-4,"lastBolusTime":0,"time":"2023-12-22T20:47:00.000Z"}},{"iob":0,"basaliob":0,"bolussnooze":0,"activity":0,"lastBolusTime":0,"time":"2023-12-22T20:52:00.000Z","iobWithZeroTemp":{"iob":-0.009,"basaliob":-0.009,"bolussnooze":0,"activity":-2.0E-4,"lastBolusTime":0,"time":"2023-12-22T20:52:00.000Z"}},{"iob":0,"basaliob":0,"bolussnooze":0,"activity":0,"lastBolusTime":0,"time":"2023-12-22T20:57:00.000Z","iobWithZeroTemp":{"iob":-0.008,"basaliob":-0.008,"bolussnooze":0,"activity":-2.0E-4,"lastBolusTime":0,"time":"2023-12-22T20:57:00.000Z"}},{"iob":0,"basaliob":0,"bolussnooze":0,"activity":0,"lastBolusTime":0,"time":"2023-12-22T21:02:00.000Z","iobWithZeroTemp":{"iob":-0.008,"basaliob":-0.008,"bolussnooze":0,"activity":-2.0E-4,"lastBolusTime":0,"time":"2023-12-22T21:02:00.000Z"}},{"iob":0,"basaliob":0,"bolussnooze":0,"activity":0,"lastBolusTime":0,"time":"2023-12-22T21:07:00.000Z","iobWithZeroTemp":{"iob":-0.007,"basaliob":-0.007,"bolussnooze":0,"activity":-1.0E-4,"lastBolusTime":0,"time":"2023-12-22T21:07:00.000Z"}},{"iob":0,"basaliob":0,"bolussnooze":0,"activity":0,"lastBolusTime":0,"time":"2023-12-22T21:12:00.000Z","iobWithZeroTemp":{"iob":-0.006,"basaliob":-0.006,"bolussnooze":0,"activity":-1.0E-4,"lastBolusTime":0,"time":"2023-12-22T21:12:00.000Z"}},{"iob":0,"basaliob":0,"bolussnooze":0,"activity":0,"lastBolusTime":0,"time":"2023-12-22T21:17:00.000Z","iobWithZeroTemp":{"iob":-0.006,"basaliob":-0.006,"bolussnooze":0,"activity":-1.0E-4,"lastBolusTime":0,"time":"2023-12-22T21:17:00.000Z"}},{"iob":0,"basaliob":0,"bolussnooze":0,"activity":0,"lastBolusTime":0,"time":"2023-12-22T21:22:00.000Z","iobWithZeroTemp":{"iob":-0.005,"basaliob":-0.005,"bolussnooze":0,"activity":-1.0E-4,"lastBolusTime":0,"time":"2023-12-22T21:22:00.000Z"}},{"iob":0,"basaliob":0,"bolussnooze":0,"activity":0,"lastBolusTime":0,"time":"2023-12-22T21:27:00.000Z","iobWithZeroTemp":{"iob":-0.004,"basaliob":-0.004,"bolussnooze":0,"activity":-1.0E-4,"lastBolusTime":0,"time":"2023-12-22T21:27:00.000Z"}},{"iob":0,"basaliob":0,"bolussnooze":0,"activity":0,"lastBolusTime":0,"time":"2023-12-22T21:32:00.000Z","iobWithZeroTemp":{"iob":-0.004,"basaliob":-0.004,"bolussnooze":0,"activity":-1.0E-4,"lastBolusTime":0,"time":"2023-12-22T21:32:00.000Z"}},{"iob":0,"basaliob":0,"bolussnooze":0,"activity":0,"lastBolusTime":0,"time":"2023-12-22T21:37:00.000Z","iobWithZeroTemp":{"iob":-0.004,"basaliob":-0.004,"bolussnooze":0,"activity":-1.0E-4,"lastBolusTime":0,"time":"2023-12-22T21:37:00.000Z"}},{"iob":0,"basaliob":0,"bolussnooze":0,"activity":0,"lastBolusTime":0,"time":"2023-12-22T21:42:00.000Z","iobWithZeroTemp":{"iob":-0.003,"basaliob":-0.003,"bolussnooze":0,"activity":-1.0E-4,"lastBolusTime":0,"time":"2023-12-22T21:42:00.000Z"}},{"iob":0,"basaliob":0,"bolussnooze":0,"activity":0,"lastBolusTime":0,"time":"2023-12-22T21:47:00.000Z","iobWithZeroTemp":{"iob":-0.003,"basaliob":-0.003,"bolussnooze":0,"activity":-1.0E-4,"lastBolusTime":0,"time":"2023-12-22T21:47:00.000Z"}}],"profile":{"max_iob":1.5,"dia":3,"type":"current","max_daily_basal":0.5,"max_basal":1.2,"min_bg":100.8,"max_bg":100.8,"target_bg":100.8,"carb_ratio":30,"sens":126,"max_daily_safety_multiplier":3,"current_basal_safety_multiplier":4,"skip_neutral_temps":true,"current_basal":0.3,"temptargetSet":false,"autosens_adjust_targets":true,"min_5m_carbimpact":5.5,"out_units":"mmol\/L"},"autosens_data":{"ratio":1},"meal_data":{"carbs":0,"mealCOB":0}},"output":{"temp":"absolute","bg":119,"tick":"+8","eventualBG":140,"snoozeBG":140,"predBGs":{"IOB":[119,122,124,127,129,131,132,134,135,136,136,136,136,136,136,136,136,136,136,136,136,136,136,136,136,137,137,137,137,137,137,137,137,137,137,137,137,137,137,137,137,137,138]},"COB":0,"IOB":0.018,"reason":"COB: 0, Dev: 23, BGI: -0.76, ISF: 7.0, Target: 5.6; Eventual BG 7.8 >= 5.6, temp 0.650 < 0.92U\/hr","duration":30,"rate":0.9199999999999999,"timestamp":"2023-12-22T12:21:04.651Z"}}