{"algorithm":"OpenAPSAMAPlugin","input":{"glucoseStatus":{"glucose":84,"delta":-6,"short_avgdelta":-7.02,"long_avgdelta":-8.33},"currenttemp":{"temp":"absolute","duration":25,"rate":0,"minutesrunning":5},"iob_data":[{"iob":0.004,"basaliob":0.004,"bolussnooze":0,"activity":0.0027,"lastBolusTime":0,"time":"2023-12-23T20:32:00.000Z","iobWithZeroTemp":{"iob":0.004,"basaliob":0.004,"bolussnooze":0,"activity":0.0027,"lastBolusTime":0,"time":"2023-12-23T20:32:00.000Z"}},{"iob":-0.009,"basaliob":-0.009,"bolussnooze":0,"activity":0.0022,"lastBolusTime":0,"time":"2023-12-23T20:37:00.000Z","iobWithZeroTemp":{"iob":-0.051,"basaliob":-0.051,"bolussnooze":0,"activity":0.0022,"lastBolusTime":0,"time":"2023-12-23T20:37:00.000Z"}},{"iob":-0.019,"basaliob":-0.019,"bolussnooze":0,"activity":0.0018,"lastBolusTime":0,"time":"2023-12-23T20:42:00.000Z","iobWithZeroTemp":{"iob":-0.102,"basaliob":-0.102,"bolussnooze":0,"activity":0.0017,"lastBolusTime":0,"time":"2023-12-23T20:42:00.000Z"}},{"iob":-0.027,"basaliob":-0.027,"bolussnooze":0,"activity":0.0015,"lastBolusTime":0,"time":"2023-12-23T20:47:00.000Z","iobWithZeroTemp":{"iob":-0.151,"basaliob":-0.151,"bolussnooze":0,"activity":0.0012,"lastBolusTime":0,"time":"2023-12-23T20:47:00.000Z"}},{"iob":-0.034,"basaliob":-0.034,"bolussnooze":0,"activity":0.0012,"lastBolusTime":0,"time":"2023-12-23T20:52:00.000Z","iobWithZeroTemp":{"iob":-0.198,"basaliob":-0.198,"bolussnooze":0,"activity":8.0E-4,"lastBolusTime":0,"time":"2023-12-23T20:52:00.000Z"}},{"iob":-0.039,"basaliob":-0.039,"bolussnooze":0,"activity":0.001,"lastBolusTime":0,"time":"2023-12-23T20:57:00.000Z","iobWithZeroTemp":{"iob":-0.242,"basaliob":-0.242,"bolussnooze":0,"activity":3.0E-4,"lastBolusTime":0,"time":"2023-12-23T20:57:00.000Z"}},{"iob":-0.044,"basaliob":-0.044,"bolussnooze":0,"activity":8.0E-4,"lastBolusTime":0,"time":"2023-12-23T21:02:00.000Z","iobWithZeroTemp":{"iob":-0.284,"basaliob":-0.284,"bolussnooze":0,"activity":-1.0E-4,"lastBolusTime":0,"time":"2023-12-23T21:02:00.000Z"}},{"iob":-0.047,"basaliob":-0.047,"bolussnooze":0,"activity":6.0E-4,"lastBolusTime":0,"time":"2023-12-23T21:07:00.000Z","iobWithZeroTemp":{"iob":-0.324,"basaliob":-0.324,"bolussnooze":0,"activity":-5.0E-4,"lastBolusTime":0,"time":"2023-12-23T21:07:00.000Z"}},{"iob":-0.049,"basaliob":-0.049,"bolussnooze":0,"activity":4.0E-4,"lastBolusTime":0,"time":"2023-12-23T21:12:00.000Z","iobWithZeroTemp":{"iob":-0.361,"basaliob":-0.361,"bolussnooze":0,"activity":-0.001,"lastBolusTime":0,"time":"2023-12-23T21:12:00.000Z"}},{"iob":-0.051,"basaliob":-0.051,"bolussnooze":0,"activity":3.0E-4,"lastBolusTime":0,"time":"2023-12-23T21:17:00.000Z","iobWithZeroTemp":{"iob":-0.397,"basaliob":-0.397,"bolussnooze":0,"activity":-0.0014,"lastBolusTime":0,"time":"2023-12-23T21:17:00.000Z"}},{"iob":-0.052,"basaliob":-0.052,"bolussnooze":0,"activity":1.0E-4,"lastBolusTime":0,"time":"2023-12-23T21:22:00.000Z","iobWithZeroTemp":{"iob":-0.431,"basaliob":-0.431,"bolussnooze":0,"activity":-0.0019,"lastBolusTime":0,"time":"2023-12-23T21:22:00.000Z"}},{"iob":-0.052,"basaliob":-0.052,"bolussnooze":0,"activity":0,"lastBolusTime":0,"time":"2023-12-23T21:27:00.000Z","iobWithZeroTemp":{"iob":-0.462,"basaliob":-0.462,"bolussnooze":0,"activity":-0.0023,"lastBolusTime":0,"time":"2023-12-23T21:27:00.000Z"}},{"iob":-0.052,"basaliob":-0.052,"bolussnooze":0,"activity":0,"lastBolusTime":0,"time":"2023-12-23T21:32:00.000Z","iobWithZeroTemp":{"iob":-0.492,"basaliob":-0.492,"bolussnooze":0,"activity":-0.0025,"lastBolusTime":0,"time":"2023-12-23T21:32:00.000Z"}},{"iob":-0.052,"basaliob":-0.052,"bolussnooze":0,"activity":-1.0E-4,"lastBolusTime":0,"time":"2023-12-23T21:37:00.000Z","iobWithZeroTemp":{"iob":-0.52,"basaliob":-0.52,"bolussnooze":0,"activity":-0.0029,"lastBolusTime":0,"time":"2023-12-23T21:37:00.000Z"}},{"iob":-0.051,"basaliob":-0.051,"bolussnooze":0,"activity":-2.0E-4,"lastBolusTime":0,"time":"2023-12-23T21:42:00.000Z","iobWithZeroTemp":{"iob":-0.546,"basaliob":-0.546,"bolussnooze":0,"activity":-0.0033,"lastBolusTime":0,"time":"2023-12-23T21:42:00.000Z"}},{"iob":-0.05,"basaliob":-0.05,"bolussnooze":0,"activity":-2.0E-4,"lastBolusTime":0,"time":"2023-12-23T21:47:00.000Z","iobWithZeroTemp":{"iob":-0.57,"basaliob":-0.57,"bolussnooze":0,"activity":-0.0036,"lastBolusTime":0,"time":"2023-12-23T21:47:00.000Z"}},{"iob":-0.049,"basaliob":-0.049,"bolussnooze":0,"activity":-3.0E-4,"lastBolusTime":0,"time":"2023-12-23T21:52:00.000Z","iobWithZeroTemp":{"iob":-0.593,"basaliob":-0.593,"bolussnooze":0,"activity":-0.0039,"lastBolusTime":0,"time":"2023-12-23T21:52:00.000Z"}},{"iob":-0.048,"basaliob":-0.048,"bolussnooze":0,"activity":-3.0E-4,"lastBolusTime":0,"time":"2023-12-23T21:57:00.000Z","iobWithZeroTemp":{"iob":-0.615,"basaliob":-0.615,"bolussnooze":0,"activity":-0.0042,"lastBolusTime":0,"time":"2023-12-23T21:57:00.000Z"}},{"iob":-0.046,"basaliob":-0.046,"bolussnooze":0,"activity":-3.0E-4,"lastBolusTime":0,"time":"2023-12-23T22:02:00.000Z","iobWithZeroTemp":{"iob":-0.635,"basaliob":-0.635,"bolussnooze":0,"activity":-0.0045,"lastBolusTime":0,"time":"2023-12-23T22:02:00.000Z"}},{"iob":-0.045,"basaliob":-0.045,"bolussnooze":0,"activity":-3.0E-4,"lastBolusTime":0,"time":"2023-12-23T22:07:00.000Z","iobWithZeroTemp":{"iob":-0.654,"basaliob":-0.654,"bolussnooze":0,"activity":-0.0047,"lastBolusTime":0,"time":"2023-12-23T22:07:00.000Z"}},{"iob":-0.043,"basaliob":-0.043,"bolussnooze":0,"activity":-3.0E-4,"lastBolusTime":0,"time":"2023-12-23T22:12:00.000Z","iobWithZeroTemp":{"iob":-0.671,"basaliob":-0.671,"bolussnooze":0,"activity":-0.0049,"lastBolusTime":0,"time":"2023-12-23T22:12:00.000Z"}},{"iob":-0.041,"basaliob":-0.041,"bolussnooze":0,"activity":-3.0E-4,"lastBolusTime":0,"time":"2023-12-23T22:17:00.000Z","iobWithZeroTemp":{"iob":-0.687,"basaliob":-0.687,"bolussnooze":0,"activity":-0.0052,"lastBolusTime":0,"time":"2023-12-23T22:17:00.000Z"}},{"iob":-0.04,"basaliob":-0.04,"bolussnooze":0,"activity":-4.0E-4,"lastBolusTime":0,"time":"2023-12-23T22:22:00.000Z","iobWithZeroTemp":{"iob":-0.703,"basaliob":-0.703,"bolussnooze":0,"activity":-0.0055,"lastBolusTime":0,"time":"2023-12-23T22:22:00.000Z"}},{"iob":-0.038,"basaliob":-0.038,"bolussnooze":0,"activity":-4.0E-4,"lastBolusTime":0,"time":"2023-12-23T22:27:00.000Z","iobWithZeroTemp":{"iob":-0.717,"basaliob":-0.717,"bolussnooze":0,"activity":-0.0057,"lastBolusTime":0,"time":"2023-12-23T22:27:00.000Z"}},{"iob":-0.036,"basaliob":-0.036,"bolussnooze":0,"activity":-3.0E-4,"lastBolusTime":0,"time":"2023-12-23T22:32:00.000Z","iobWithZeroTemp":{"iob":-0.73,"basaliob":-0.73,"bolussnooze":0,"activity":-0.0058,"lastBolusTime":0,"time":"2023-12-23T22:32:00.000Z"}},{"iob":-0.034,"basaliob":-0.034,"bolussnooze":0,"activity":-3.0E-4,"lastBolusTime":0,"time":"2023-12-23T22:37:00.000Z","iobWithZeroTemp":{"iob":-0.741,"basaliob":-0.741,"bolussnooze":0,"activity":-0.006,"lastBolusTime":0,"time":"2023-12-23T22:37:00.000Z"}},{"iob":-0.033,"basaliob":-0.033,"bolussnooze":0,"activity":-3.0E-4,"lastBolusTime":0,"time":"2023-12-23T22:42:00.000Z","iobWithZeroTemp":{"iob":-0.753,"basaliob":-0.753,"bolussnooze":0,"activity":-0.0061,"lastBolusTime":0,"time":"2023-12-23T22:42:00.000Z"}},{"iob":-0.031,"basaliob":-0.031,"bolussnooze":0,"activity":-3.0E-4,"lastBolusTime":0,"time":"2023-12-23T22:47:00.000Z","iobWithZeroTemp":{"iob":-0.764,"basaliob":-0.764,"bolussnooze":0,"activity":-0.0063,"lastBolusTime":0,"time":"2023-12-23T22:47:00.000Z"}},{"iob":-0.029,"basaliob":-0.029,"bolussnooze":0,"activity":-3.0E-4,"lastBolusTime":0,"time":"2023-12-23T22:52:00.000Z","iobWithZeroTemp":{"iob":-0.773,"basaliob":-0.773,"bolussnooze":0,"activity":-0.0065,"lastBolusTime":0,"time":"2023-12-23T22:52:00.000Z"}},{"iob":-0.028,"basaliob":-0.028,"bolussnooze":0,"activity":-3.0E-4,"lastBolusTime":0,"time":"2023-12-23T22:57:00.000Z","iobWithZeroTemp":{"iob":-0.782,"basaliob":-0.782,"bolussnooze":0,"activity":-0.0066,"lastBolusTime":0,"time":"2023-12-23T22:57:00.000Z"}},{"iob":-0.026,"basaliob":-0.026,"bolussnooze":0,"activity":-3.0E-4,"lastBolusTime":0,"time":"2023-12-23T23:02:00.000Z","iobWithZeroTemp":{"iob":-0.79,"basaliob":-0.79,"bolussnooze":0,"activity":-0.0067,"lastBolusTime":0,"time":"2023-12-23T23:02:00.000Z"}},{"iob":-0.025,"basaliob":-0.025,"bolussnooze":0,"activity":-3.0E-4,"lastBolusTime":0,"time":"2023-12-23T23:07:00.000Z","iobWithZeroTemp":{"iob":-0.778,"basaliob":-0.778,"bolussnooze":0,"activity":-0.0069,"lastBolusTime":0,"time":"2023-12-23T23:07:00.000Z"}},{"iob":-0.023,"basaliob":-0.023,"bolussnooze":0,"activity":-3.0E-4,"lastBolusTime":0,"time":"2023-12-23T23:12:00.000Z","iobWithZeroTemp":{"iob":-0.763,"basaliob":-0.763,"bolussnooze":0,"activity":-0.0069,"lastBolusTime":0,"time":"2023-12-23T23:12:00.000Z"}},{"iob":-0.022,"basaliob":-0.022,"bolussnooze":0,"activity":-3.0E-4,"lastBolusTime":0,"time":"2023-12-23T23:17:00.000Z","iobWithZeroTemp":{"iob":-0.75,"basaliob":-0.75,"bolussnooze":0,"activity":-0.007,"lastBolusTime":0,"time":"2023-12-23T23:17:00.000Z"}},{"iob":-0.021,"basaliob":-0.021,"bolussnooze":0,"activity":-3.0E-4,"lastBolusTime":0,"time":"2023-12-23T23:22:00.000Z","iobWithZeroTemp":{"iob":-0.736,"basaliob":-0.736,"bolussnooze":0,"activity":-0.007,"lastBolusTime":0,"time":"2023-12-23T23:22:00.000Z"}},{"iob":-0.019,"basaliob":-0.019,"bolussnooze":0,"activity":-2.0E-4,"lastBolusTime":0,"time":"2023-12-23T23:27:00.000Z","iobWithZeroTemp":{"iob":-0.722,"basaliob":-0.722,"bolussnooze":0,"activity":-0.0069,"lastBolusTime":0,"time":"2023-12-23T23:27:00.000Z"}},{"iob":-0.018,"basaliob":-0.018,"bolussnooze":0,"activity":-2.0E-4,"lastBolusTime":0,"time":"2023-12-23T23:32:00.000Z","iobWithZeroTemp":{"iob":-0.708,"basaliob":-0.708,"bolussnooze":0,"activity":-0.0069,"lastBolusTime":0,"time":"2023-12-23T23:32:00.000Z"}},{"iob":-0.017,"basaliob":-0.017,"bolussnooze":0,"activity":-2.0E-4,"lastBolusTime":0,"time":"2023-12-23T23:37:00.000Z","iobWithZeroTemp":{"iob":-0.695,"basaliob":-0.695,"bolussnooze":0,"activity":-0.0068,"lastBolusTime":0,"time":"2023-12-23T23:37:00.000Z"}},{"iob":-0.016,"basaliob":-0.016,"bolussnooze":0,"activity":-2.0E-4,"lastBolusTime":0,"time":"2023-12-23T23:42:00.000Z","iobWithZeroTemp":{"iob":-0.681,"basaliob":-0.681,"bolussnooze":0,"activity":-0.0068,"lastBolusTime":0,"time":"2023-12-23T23:42:00.000Z"}},{"iob":-0.015,"basaliob":-0.015,"bolussnooze":0,"activity":-2.0E-4,"lastBolusTime":0,"time":"2023-12-23T23:47:00.000Z","iobWithZeroTemp":{"iob":-0.668,"basaliob":-0.668,"bolussnooze":0,"activity":-0.0067,"lastBolusTime":0,"time":"2023-12-23T23:47:00.000Z"}},{"iob":-0.014,"basaliob":-0.014,"bolussnooze":0,"activity":-2.0E-4,"lastBolusTime":0,"time":"2023-12-23T23:52:00.000Z","iobWithZeroTemp":{"iob":-0.656,"basaliob":-0.656,"bolussnooze":0,"activity":-0.0067,"lastBolusTime":0,"time":"2023-12-23T23:52:00.000Z"}},{"iob":-0.013,"basaliob":-0.013,"bolussnooze":0,"activity":-2.0E-4,"lastBolusTime":0,"time":"2023-12-23T23:57:00.000Z","iobWithZeroTemp":{"iob":-0.643,"basaliob":-0.643,"bolussnooze":0,"activity":-0.0066,"lastBolusTime":0,"time":"2023-12-23T23:57:00.000Z"}},{"iob":-0.012,"basaliob":-0.012,"bolussnooze":0,"activity":-2.0E-4,"lastBolusTime":0,"time":"2023-12-24T00:02:00.000Z","iobWithZeroTemp":{"iob":-0.631,"basaliob":-0.631,"bolussnooze":0,"activity":-0.0065,"lastBolusTime":0,"time":"2023-12-24T00:02:00.000Z"}},{"iob":-0.011,"basaliob":-0.011,"bolussnooze":0,"activity":-2.0E-4,"lastBolusTime":0,"time":"2023-12-24T00:07:00.000Z","iobWithZeroTemp":{"iob":-0.62,"basaliob":-0.62,"bolussnooze":0,"activity":-0.0064,"lastBolusTime":0,"time":"2023-12-24T00:07:00.000Z"}},{"iob":-0.011,"basaliob":-0.011,"bolussnooze":0,"activity":-2.0E-4,"lastBolusTime":0,"time":"2023-12-24T00:12:00.000Z","iobWithZeroTemp":{"iob":-0.61,"basaliob":-0.61,"bolussnooze":0,"activity":-0.0063,"lastBolusTime":0,"time":"2023-12-24T00:12:00.000Z"}},{"iob":-0.01,"basaliob":-0.01,"bolussnooze":0,"activity":-1.0E-4,"lastBolusTime":0,"time":"2023-12-24T00:17:00.000Z","iobWithZeroTemp":{"iob":-0.599,"basaliob":-0.599,"bolussnooze":0,"activity":-0.0062,"lastBolusTime":0,"time":"2023-12-24T00:17:00.000Z"}},{"iob":-0.009,"basaliob":-0.009,"bolussnooze":0,"activity":-1.0E-4,"lastBolusTime":0,"time":"2023-12-24T00:22:00.000Z","iobWithZeroTemp":{"iob":-0.589,"basaliob":-0.589,"bolussnooze":0,"activity":-0.0061,"lastBolusTime":0,"time":"2023-12-24T00:22:00.000Z"}},{"iob":-0.008,"basaliob":-0.008,"bolussnooze":0,"activity":-1.0E-4,"lastBolusTime":0,"time":"2023-12-24T00:27:00.000Z","iobWithZeroTemp":{"iob":-0.579,"basaliob":-0.579,"bolussnooze":0,"activity":-0.006,"lastBolusTime":0,"time":"2023-12-24T00:27:00.000Z"}},{"iob":-0.008,"basaliob":-0.008,"bolussnooze":0,"activity":-1.0E-4,"lastBolusTime":0,"time":"2023-12-24T00:32:00.000Z","iobWithZeroTemp":{"iob":-0.571,"basaliob":-0.571,"bolussnooze":0,"activity":-0.0059,"lastBolusTime":0,"time":"2023-12-24T00:32:00.000Z"}},{"iob":-0.007,"basaliob":-0.007,"bolussnooze":0,"activity":-1.0E-4,"lastBolusTime":0,"time":"2023-12-24T00:37:00.000Z","iobWithZeroTemp":{"iob":-0.541,"basaliob":-0.541,"bolussnooze":0,"activity":-0.0058,"lastBolusTime":0,"time":"2023-12-24T00:37:00.000Z"}},{"iob":-0.007,"basaliob":-0.007,"bolussnooze":0,"activity":-1.0E-4,"lastBolusTime":0,"time":"2023-12-24T00:42:00.000Z","iobWithZeroTemp":{"iob":-0.513,"basaliob":-0.513,"bolussnooze":0,"activity":-0.0057,"lastBolusTime":0,"time":"2023-12-24T00:42:00.000Z"}},{"iob":-0.006,"basaliob":-0.006,"bolussnooze":0,"activity":-1.0E-4,"lastBolusTime":0,"time":"2023-12-24T00:47:00.000Z","iobWithZeroTemp":{"iob":-0.485,"basaliob":-0.485,"bolussnooze":0,"activity":-0.0055,"lastBolusTime":0,"time":"2023-12-24T00:47:00.000Z"}},{"iob":-0.006,"basaliob":-0.006,"bolussnooze":0,"activity":-1.0E-4,"lastBolusTime":0,"time":"2023-12-24T00:52:00.000Z","iobWithZeroTemp":{"iob":-0.458,"basaliob":-0.458,"bolussnooze":0,"activity":-0.0054,"lastBolusTime":0,"time":"2023-12-24T00:52:00.000Z"}},{"iob":-0.005,"basaliob":-0.005,"bolussnooze":0,"activity":-1.0E-4,"lastBolusTime":0,"time":"2023-12-24T00:57:00.000Z","iobWithZeroTemp":{"iob":-0.431,"basaliob":-0.431,"bolussnooze":0,"activity":-0.0052,"lastBolusTime":0,"time":"2023-12-24T00:57:00.000Z"}},{"iob":-0.005,"basaliob":-0.005,"bolussnooze":0,"activity":-1.0E-4,"lastBolusTime":0,"time":"2023-12-24T01:02:00.000Z","iobWithZeroTemp":{"iob":-0.406,"basaliob":-0.406,"bolussnooze":0,"activity":-0.005,"lastBolusTime":0,"time":"2023-12-24T01:02:00.000Z"}},{"iob":-0.005,"basaliob":-0.005,"bolussnooze":0,"activity":-1.0E-4,"lastBolusTime":0,"time":"2023-12-24T01:07:00.000Z","iobWithZeroTemp":{"iob":-0.382,"basaliob":-0.382,"bolussnooze":0,"activity":-0.0048,"lastBolusTime":0,"time":"2023-12-24T01:07:00.000Z"}},{"iob":-0.004,"basaliob":-0.004,"bolussnooze":0,"activity":-1.0E-4,"lastBolusTime":0,"time":"2023-12-24T01:12:00.000Z","iobWithZeroTemp":{"iob":-0.358,"basaliob":-0.358,"bolussnooze":0,"activity":-0.0046,"lastBolusTime":0,"time":"2023-12-24T01:12:00.000Z"}},{"iob":-0.004,"basaliob":-0.004,"bolussnooze":0,"activity":-1.0E-4,"lastBolusTime":0,"time":"2023-12-24T01:17:00.000Z","iobWithZeroTemp":{"iob":-0.336,"basaliob":-0.336,"bolussnooze":0,"activity":-0.0044,"lastBolusTime":0,"time":"2023-12-24T01:17:00.000Z"}},{"iob":-0.004,"basaliob":-0.004,"bolussnooze":0,"activity":-1.0E-4,"lastBolusTime":0,"time":"2023-12-24T01:22:00.000Z","iobWithZeroTemp":{"iob":-0.315,"basaliob":-0.315,"bolussnooze":0,"activity":-0.0042,"lastBolusTime":0,"time":"2023-12-24T01:22:00.000Z"}},{"iob":-0.003,"basaliob":-0.003,"bolussnooze":0,"activity":-1.0E-4,"lastBolusTime":0,"time":"2023-12-24T01:27:00.000Z","iobWithZeroTemp":{"iob":-0.294,"basaliob":-0.294,"bolussnooze":0,"activity":-0.004,"lastBolusTime":0,"time":"2023-12-24T01:27:00.000Z"}},{"iob":-0.003,"basaliob":-0.003,"bolussnooze":0,"activity":-1.0E-4,"lastBolusTime":0,"time":"2023-12-24T01:32:00.000Z","iobWithZeroTemp":{"iob":-0.276,"basaliob":-0.276,"bolussnooze":0,"activity":-0.0038,"lastBolusTime":0,"time":"2023-12-24T01:32:00.000Z"}},{"iob":-0.003,"basaliob":-0.003,"bolussnooze":0,"activity":0,"lastBolusTime":0,"time":"2023-12-24T01:37:00.000Z","iobWithZeroTemp":{"iob":-0.258,"basaliob":-0.258,"bolussnooze":0,"activity":-0.0035,"lastBolusTime":0,"time":"2023-12-24T01:37:00.000Z"}},{"iob":-0.003,"basaliob":-0.003,"bolussnooze":0,"activity":0,"lastBolusTime":0,"time":"2023-12-24T01:42:00.000Z","iobWithZeroTemp":{"iob":-0.241,"basaliob":-0.241,"bolussnooze":0,"activity":-0.0033,"lastBolusTime":0,"time":"2023-12-24T01:42:00.000Z"}},{"iob":-0.002,"basaliob":-0.002,"bolussnooze":0,"activity":0,"lastBolusTime":0,"time":"2023-12-24T01:47:00.000Z","iobWithZeroTemp":{"iob":-0.223,"basaliob":-0.223,"bolussnooze":0,"activity":-0.0031,"lastBolusTime":0,"time":"2023-12-24T01:47:00.000Z"}},{"iob":-0.002,"basaliob":-0.002,"bolussnooze":0,"activity":0,"lastBolusTime":0,"time":"2023-12-24T01:52:00.000Z","iobWithZeroTemp":{"iob":-0.208,"basaliob":-0.208,"bolussnooze":0,"activity":-0.0029,"lastBolusTime":0,"time":"2023-12-24T01:52:00.000Z"}},{"iob":-0.002,"basaliob":-0.002,"bolussnooze":0,"activity":0,"lastBolusTime":0,"time":"2023-12-24T01:57:00.000Z","iobWithZeroTemp":{"iob":-0.194,"basaliob":-0.194,"bolussnooze":0,"activity":-0.0028,"lastBolusTime":0,"time":"2023-12-24T01:57:00.000Z"}},{"iob":-0.002,"basaliob":-0.002,"bolussnooze":0,"activity":0,"lastBolusTime":0,"time":"2023-12-24T02:02:00.000Z","iobWithZeroTemp":{"iob":-0.181,"basaliob":-0.181,"bolussnooze":0,"activity":-0.0026,"lastBolusTime":0,"time":"2023-12-24T02:02:00.000Z"}},{"iob":-0.002,"basaliob":-0.002,"bolussnooze":0,"activity":0,"lastBolusTime":0,"time":"2023-12-24T02:07:00.000Z","iobWithZeroTemp":{"iob":-0.168,"basaliob":-0.168,"bolussnooze":0,"activity":-0.0025,"lastBolusTime":0,"time":"2023-12-24T02:07:00.000Z"}},{"iob":-0.001,"basaliob":-0.001,"bolussnooze":0,"activity":0,"lastBolusTime":0,"time":"2023-12-24T02:12:00.000Z","iobWithZeroTemp":{"iob":-0.155,"basaliob":-0.155,"bolussnooze":0,"activity":-0.0023,"lastBolusTime":0,"time":"2023-12-24T02:12:00.000Z"}},{"iob":-0.001,"basaliob":-0.001,"bolussnooze":0,"activity":0,"lastBolusTime":0,"time":"2023-12-24T02:17:00.000Z","iobWithZeroTemp":{"iob":-0.144,"basaliob":-0.144,"bolussnooze":0,"activity":-0.0022,"lastBolusTime":0,"time":"2023-12-24T02:17:00.000Z"}},{"iob":-0.001,"basaliob":-0.001,"bolussnooze":0,"activity":0,"lastBolusTime":0,"time":"2023-12-24T02:22:00.000Z","iobWithZeroTemp":{"iob":-0.133,"basaliob":-0.133,"bolussnooze":0,"activity":-0.002,"lastBolusTime":0,"time":"2023-12-24T02:22:00.000Z"}},{"iob":-0.001,"basaliob":-0.001,"bolussnooze":0,"activity":0,"lastBolusTime":0,"time":"2023-12-24T02:27:00.000Z","iobWithZeroTemp":{"iob":-0.124,"basaliob":-0.124,"bolussnooze":0,"activity":-0.0019,"lastBolusTime":0,"time":"2023-12-24T02:27:00.000Z"}},{"iob":-0.001,"basaliob":-0.001,"bolussnooze":0,"activity":0,"lastBolusTime":0,"time":"2023-12-24T02:32:00.000Z","iobWithZeroTemp":{"iob":-0.115,"basaliob":-0.115,"bolussnooze":0,"activity":-0.0018,"lastBolusTime":0,"time":"2023-12-24T02:32:00.000Z"}},{"iob":-0.001,"basaliob":-0.001,"bolussnooze":0,"activity":0,"lastBolusTime":0,"time":"2023-12-24T02:37:00.000Z","iobWithZeroTemp":{"iob":-0.106,"basaliob":-0.106,"bolussnooze":0,"activity":-0.0016,"lastBolusTime":0,"time":"2023-12-24T02:37:00.000Z"}},{"iob":-0.001,"basaliob":-0.001,"bolussnooze":0,"activity":0,"lastBolusTime":0,"time":"2023-12-24T02:42:00.000Z","iobWithZeroTemp":{"iob":-0.098,"basaliob":-0.098,"bolussnooze":0,"activity":-0.0015,"lastBolusTime":0,"time":"2023-12-24T02:42:00.000Z"}},{"iob":-0.001,"basaliob":-0.001,"bolussnooze":0,"activity":0,"lastBolusTime":0,"time":"2023-12-24T02:47:00.000Z","iobWithZeroTemp":{"iob":-0.091,"basaliob":-0.091,"bolussnooze":0,"activity":-0.0014,"lastBolusTime":0,"time":"2023-12-24T02:47:00.000Z"}},{"iob":-0.001,"basaliob":-0.001,"bolussnooze":0,"activity":0,"lastBolusTime":0,"time":"2023-12-24T02:52:00.000Z","iobWithZeroTemp":{"iob":-0.084,"basaliob":-0.084,"bolussnooze":0,"activity":-0.0013,"lastBolusTime":0,"time":"2023-12-24T02:52:00.000Z"}},{"iob":-0.001,"basaliob":-0.001,"bolussnooze":0,"activity":0,"lastBolusTime":0,"time":"2023-12-24T02:57:00.000Z","iobWithZeroTemp":{"iob":-0.077,"basaliob":-0.077,"bolussnooze":0,"activity":-0.0012,"lastBolusTime":0,"time":"2023-12-24T02:57:00.000Z"}},{"iob":-0.001,"basaliob":-0.001,"bolussnooze":0,"activity":0,"lastBolusTime":0,"time":"2023-12-24T03:02:00.000Z","iobWithZeroTemp":{"iob":-0.071,"basaliob":-0.071,"bolussnooze":0,"activity":-0.0012,"lastBolusTime":0,"time":"2023-12-24T03:02:00.000Z"}},{"iob":0,"basaliob":0,"bolussnooze":0,"activity":0,"lastBolusTime":0,"time":"2023-12-24T03:07:00.000Z","iobWithZeroTemp":{"iob":-0.065,"basaliob":-0.065,"bolussnooze":0,"activity":-0.0011,"lastBolusTime":0,"time":"2023-12-24T03:07:00.000Z"}},{"iob":0,"basaliob":0,"bolussnooze":0,"activity":0,"lastBolusTime":0,"time":"2023-12-24T03:12:00.000Z","iobWithZeroTemp":{"iob":-0.06,"basaliob":-0.06,"bolussnooze":0,"activity":-0.001,"lastBolusTime":0,"time":"2023-12-24T03:12:00.000Z"}},{"iob":0,"basaliob":0,"bolussnooze":0,"activity":0,"lastBolusTime":0,"time":"2023-12-24T03:17:00.000Z","iobWithZeroTemp":{"iob":-0.055,"basaliob":-0.055,"bolussnooze":0,"activity":-9.0E-4,"lastBolusTime":0,"time":"2023-12-24T03:17:00.000Z"}},{"iob":0,"basaliob":0,"bolussnooze":0,"activity":0,"lastBolusTime":0,"time":"2023-12-24T03:22:00.000Z","iobWithZeroTemp":{"iob":-0.05,"basaliob":-0.05,"bolussnooze":0,"activity":-9.0E-4,"lastBolusTime":0,"time":"2023-12-24T03:22:00.000Z"}},{"iob":0,"basaliob":0,"bolussnooze":0,"activity":0,"lastBolusTime":0,"time":"2023-12-24T03:27:00.000Z","iobWithZeroTemp":{"iob":-0.046,"basaliob":-0.046,"bolussnooze":0,"activity":-8.0E-4,"lastBolusTime":0,"time":"2023-12-24T03:27:00.000Z"}},{"iob":0,"basaliob":0,"bolussnooze":0,"activity":0,"lastBolusTime":0,"time":"2023-12-24T03:32:00.000Z","iobWithZeroTemp":{"iob":-0.042,"basaliob":-0.042,"bolussnooze":0,"activity":-7.0E-4,"lastBolusTime":0,"time":"2023-12-24T03:32:00.000Z"}},{"iob":0,"basaliob":0,"bolussnooze":0,"activity":0,"lastBolusTime":0,"time":"2023-12-24T03:37:00.000Z","iobWithZeroTemp":{"iob":-0.039,"basaliob":-0.039,"bolussnooze":0,"activity":-7.0E-4,"lastBolusTime":0,"time":"2023-12-24T03:37:00.000Z"}},{"iob":0,"basaliob":0,"bolussnooze":0,"activity":0,"lastBolusTime":0,"time":"2023-12-24T03:42:00.000Z","iobWithZeroTemp":{"iob":-0.036,"basaliob":-0.036,"bolussnooze":0,"activity":-6.0E-4,"lastBolusTime":0,"time":"2023-12-24T03:42:00.000Z"}},{"iob":0,"basaliob":0,"bolussnooze":0,"activity":0,"lastBolusTime":0,"time":"2023-12-24T03:47:00.000Z","iobWithZeroTemp":{"iob":-0.033,"basaliob":-0.033,"bolussnooze":0,"activity":-6.0E-4,"lastBolusTime":0,"time":"2023-12-24T03:47:00.000Z"}},{"iob":0,"basaliob":0,"bolussnooze":0,"activity":0,"lastBolusTime":0,"time":"2023-12-24T03:52:00.000Z","iobWithZeroTemp":{"iob":-0.03,"basaliob":-0.03,"bolussnooze":0,"activity":-5.0E-4,"lastBolusTime":0,"time":"2023-12-24T03:52:00.000Z"}},{"iob":0,"basaliob":0,"bolussnooze":0,"activity":0,"lastBolusTime":0,"time":"2023-12-24T03:57:00.000Z","iobWithZeroTemp":{"iob":-0.027,"basaliob":-0.027,"bolussnooze":0,"activity":-5.0E-4,"lastBolusTime":0,"time":"2023-12-24T03:57:00.000Z"}},{"iob":0,"basaliob":0,"bolussnooze":0,"activity":0,"lastBolusTime":0,"time":"2023-12-24T04:02:00.000Z","iobWithZeroTemp":{"iob":-0.025,"basaliob":-0.025,"bolussnooze":0,"activity":-5.0E-4,"lastBolusTime":0,"time":"2023-12-24T04:02:00.000Z"}},{"iob":0,"basaliob":0,"bolussnooze":0,"activity":0,"lastBolusTime":0,"time":"2023-12-24T04:07:00.000Z","iobWithZeroTemp":{"iob":-0.023,"basaliob":-0.023,"bolussnooze":0,"activity":-4.0E-4,"lastBolusTime":0,"time":"2023-12-24T04:07:00.000Z"}},{"iob":0,"basaliob":0,"bolussnooze":0,"activity":0,"lastBolusTime":0,"time":"2023-12-24T04:12:00.000Z","iobWithZeroTemp":{"iob":-0.021,"basaliob":-0.021,"bolussnooze":0,"activity":-4.0E-4,"lastBolusTime":0,"time":"2023-12-24T04:12:00.000Z"}},{"iob":0,"basaliob":0,"bolussnooze":0,"activity":0,"lastBolusTime":0,"time":"2023-12-24T04:17:00.000Z","iobWithZeroTemp":{"iob":-0.019,"basaliob":-0.019,"bolussnooze":0,"activity":-4.0E-4,"lastBolusTime":0,"time":"2023-12-24T04:17:00.000Z"}},{"iob":0,"basaliob":0,"bolussnooze":0,"activity":0,"lastBolusTime":0,"time":"2023-12-24T04:22:00.000Z","iobWithZeroTemp":{"iob":-0.017,"basaliob":-0.017,"bolussnooze":0,"activity":-3.0E-4,"lastBolusTime":0,"time":"2023-12-24T04:22:00.000Z"}},{"iob":0,"basaliob":0,"bolussnooze":0,"activity":0,"lastBolusTime":0,"time":"2023-12-24T04:27:00.000Z","iobWithZeroTemp":{"iob":-0.016,"basaliob":-0.016,"bolussnooze":0,"activity":-3.0E-4,"lastBolusTime":0,"time":"2023-12-24T04:27:00.000Z"}},{"iob":0,"basaliob":0,"bolussnooze":0,"activity":0,"lastBolusTime":0,"time":"2023-12-24T04:32:00.000Z","iobWithZeroTemp":{"iob":-0.014,"basaliob":-0.014,"bolussnooze":0,"activity":-3.0E-4,"lastBolusTime":0,"time":"2023-12-24T04:32:00.000Z"}},{"iob":0,"basaliob":0,"bolussnooze":0,"activity":0,"lastBolusTime":0,"time":"2023-12-24T04:37:00.000Z","iobWithZeroTemp":{"iob":-0.013,"basaliob":-0.013,"bolussnooze":0,"activity":-3.0E-4,"lastBolusTime":0,"time":"2023-12-24T04:37:00.000Z"}},{"iob":0,"basaliob":0,"bolussnooze":0,"activity":0,"lastBolusTime":0,"time":"2023-12-24T04:42:00.000Z","iobWithZeroTemp":{"iob":-0.012,"basaliob":-0.012,"bolussnooze":0,"activity":-2.0E-4,"lastBolusTime":0,"time":"2023-12-24T04:42:00.000Z"}},{"iob":0,"basaliob":0,"bolussnooze":0,"activity":0,"lastBolusTime":0,"time":"2023-12-24T04:47:00.000Z","iobWithZeroTemp":{"iob":-0.011,"basaliob":-0.011,"bolussnooze":0,"activity":-2.0E-4,"lastBolusTime":0,"time":"2023-12-24T04:47:00.000Z"}},{"iob":0,"basaliob":0,"bolussnooze":0,"activity":0,"lastBolusTime":0,"time":"2023-12-24T04:52:00.000Z","iobWithZeroTemp":{"iob":-0.01,"basaliob":-0.01,"bolussnooze":0,"activity":-2.0E-4,"lastBolusTime":0,"time":"2023-12-24T04:52:00.000Z"}},{"iob":0,"basaliob":0,"bolussnooze":0,"activity":0,"lastBolusTime":0,"time":"2023-12-24T04:57:00.000Z","iobWithZeroTemp":{"iob":-0.009,"basaliob":-0.009,"bolussnooze":0,"activity":-2.0E-4,"lastBolusTime":0,"time":"2023-12-24T04:57:00.000Z"}},{"iob":0,"basaliob":0,"bolussnooze":0,"activity":0,"lastBolusTime":0,"time":"2023-12-24T05:02:00.000Z","iobWithZeroTemp":{"iob":-0.008,"basaliob":-0.008,"bolussnooze":0,"activity":-2.0E-4,"lastBolusTime":0,"time":"2023-12-24T05:02:00.000Z"}},{"iob":0,"basaliob":0,"bolussnooze":0,"activity":0,"lastBolusTime":0,"time":"2023-12-24T05:07:00.000Z","iobWithZeroTemp":{"iob":-0.007,"basaliob":-0.007,"bolussnooze":0,"activity":-1.0E-4,"lastBolusTime":0,"time":"2023-12-24T05:07:00.000Z"}},{"iob":0,"basaliob":0,"bolussnooze":0,"activity":0,"lastBolusTime":0,"time":"2023-12-24T05:12:00.000Z","iobWithZeroTemp":{"iob":-0.006,"basaliob":-0.006,"bolussnooze":0,"activity":-1.0E-4,"lastBolusTime":0,"time":"2023-12-24T05:12:00.000Z"}},{"iob":0,"basaliob":0,"bolussnooze":0,"activity":0,"lastBolusTime":0,"time":"2023-12-24T05:17:00.000Z","iobWithZeroTemp":{"iob":-0.006,"basaliob":-0.006,"bolussnooze":0,"activity":-1.0E-4,"lastBolusTime":0,"time":"2023-12-24T05:17:00.000Z"}},{"iob":0,"basaliob":0,"bolussnooze":0,"activity":0,"lastBolusTime":0,"time":"2023-12-24T05:22:00.000Z","iobWithZeroTemp":{"iob":-0.005,"basaliob":-0.005,"bolussnooze":0,"activity":-1.0E-4,"lastBolusTime":0,"time":"2023-12-24T05:22:00.000Z"}},{"iob":0,"basaliob":0,"bolussnooze":0,"activity":0,"lastBolusTime":0,"time":"2023-12-24T05:27:00.000Z","iobWithZeroTemp":{"iob":-0.005,"basaliob":-0.005,"bolussnooze":0,"activity":-1.0E-4,"lastBolusTime":0,"time":"2023-12-24T05:27:00.000Z"}},{"iob":0,"basaliob":0,"bolussnooze":0,"activity":0,"lastBolusTime":0,"time":"2023-12-24T05:32:00.000Z","iobWithZeroTemp":{"iob":-0.004,"basaliob":-0.004,"bolussnooze":0,"activity":-1.0E-4,"lastBolusTime":0,"time":"2023-12-24T05:32:00.000Z"}},{"iob":0,"basaliob":0,"bolussnooze":0,"activity":0,"lastBolusTime":0,"time":"2023-12-24T05:37:00.000Z","iobWithZeroTemp":{"iob":-0.004,"basaliob":-0.004,"bolussnooze":0,"activity":-1.0E-4,"lastBolusTime":0,"time":"2023-12-24T05:37:00.000Z"}},{"iob":0,"basaliob":0,"bolussnooze":0,"activity":0,"lastBolusTime":0,"time":"2023-12-24T05:42:00.000Z","iobWithZeroTemp":{"iob":-0.003,"basaliob":-0.003,"bolussnooze":0,"activity":-1.0E-4,"lastBolusTime":0,"time":"2023-12-24T05:42:00.000Z"}},{"iob":0,"basaliob":0,"bolussnooze":0,"activity":0,"lastBolusTime":0,"time":"2023-12-24T05:47:00.000Z","iobWithZeroTemp":{"iob":-0.003,"basaliob":-0.003,"bolussnooze":0,"activity":-1.0E-4,"lastBolusTime":0,"time":"2023-12-24T05:47:00.000Z"}},{"iob":0,"basaliob":0,"bolussnooze":0,"activity":0,"lastBolusTime":0,"time":"2023-12-24T05:52:00.000Z","iobWithZeroTemp":{"iob":-0.003,"basaliob":-0.003,"bolussnooze":0,"activity":-1.0E-4,"lastBolusTime":0,"time":"2023-12-24T05:52:00.000Z"}},{"iob":0,"basaliob":0,"bolussnooze":0,"activity":0,"lastBolusTime":0,"time":"2023-12-24T05:57:00.000Z","iobWithZeroTemp":{"iob":-0.002,"basaliob":-0.002,"bolussnooze":0,"activity":-1.0E-4,"lastBolusTime":0,"time":"2023-12-24T05:57:00.000Z"}}],"profile":{"max_iob":1.5,"dia":3,"type":"current","max_daily_basal":0.5,"max_basal":1.5,"min_bg":90,"max_bg":90,"target_bg":90,"carb_ratio":20,"sens":117,"max_daily_safety_multiplier":3,"current_basal_safety_multiplier":4,"skip_neutral_temps":true,"current_basal":0.5,"temptargetSet":false,"autosens_adjust_targets":true,"min_5m_carbimpact":5.5,"out_units":"mmol\/L"},"autosens_data":{"ratio":1.01},"meal_data":{"carbs":0,"mealCOB":0}},"output":{"temp":"absolute","bg":84,"tick":-6,"eventualBG":43,"snoozeBG":43,"predBGs":{"IOB":[84,76,69,63,58,53,49,46,43,41,40,39,39,39,39,39,40,40,40,40,40,40,41,41,41,41,41,42,42,42,42,42,42,43,43,43,43,43,43,43,44,44,44,44,44,44,44,44,44,44,44,45]},"COB":0,"IOB":0.004,"reason":"COB: 0, Dev: -41, BGI: -1.56, ISF: 6.4, Target: 5.0; Autosens: 1.01; Eventual BG 2.4 < 5.0, setting -1.12U\/hr, but 25m left and 0 ~ req 0U\/hr: no action required","timestamp":"2023-12-23T20:31:07.126Z"}}