{"algorithm":"OpenAPSAMAPlugin","input":{"glucoseStatus":{"glucose":200,"delta":-3.33,"short_avgdelta":-1.19,"long_avgdelta":4.48},"currenttemp":{"temp":"absolute","duration":10,"rate":1.5,"minutesrunning":20},"iob_data":[{"iob":0.859,"basaliob":0.859,"bolussnooze":0,"activity":0.0066,"lastBolusTime":0,"time":"2023-12-23T19:07:00.000Z","iobWithZeroTemp":{"iob":0.859,"basaliob":0.859,"bolussnooze":0,"activity":0.0066,"lastBolusTime":0,"time":"2023-12-23T19:07:00.000Z"}},{"iob":0.825,"basaliob":0.825,"bolussnooze":0,"activity":0.0068,"lastBolusTime":0,"time":"2023-12-23T19:12:00.000Z","iobWithZeroTemp":{"iob":0.792,"basaliob":0.792,"bolussnooze":0,"activity":0.0068,"lastBolusTime":0,"time":"2023-12-23T19:12:00.000Z"}},{"iob":0.791,"basaliob":0.791,"bolussnooze":0,"activity":0.007,"lastBolusTime":0,"time":"2023-12-23T19:17:00.000Z","iobWithZeroTemp":{"iob":0.725,"basaliob":0.725,"bolussnooze":0,"activity":0.0069,"lastBolusTime":0,"time":"2023-12-23T19:17:00.000Z"}},{"iob":0.756,"basaliob":0.756,"bolussnooze":0,"activity":0.007,"lastBolusTime":0,"time":"2023-12-23T19:22:00.000Z","iobWithZeroTemp":{"iob":0.657,"basaliob":0.657,"bolussnooze":0,"activity":0.0068,"lastBolusTime":0,"time":"2023-12-23T19:22:00.000Z"}},{"iob":0.721,"basaliob":0.721,"bolussnooze":0,"activity":0.007,"lastBolusTime":0,"time":"2023-12-23T19:27:00.000Z","iobWithZeroTemp":{"iob":0.59,"basaliob":0.59,"bolussnooze":0,"activity":0.0066,"lastBolusTime":0,"time":"2023-12-23T19:27:00.000Z"}},{"iob":0.686,"basaliob":0.686,"bolussnooze":0,"activity":0.0069,"lastBolusTime":0,"time":"2023-12-23T19:32:00.000Z","iobWithZeroTemp":{"iob":0.524,"basaliob":0.524,"bolussnooze":0,"activity":0.0064,"lastBolusTime":0,"time":"2023-12-23T19:32:00.000Z"}},{"iob":0.651,"basaliob":0.651,"bolussnooze":0,"activity":0.0068,"lastBolusTime":0,"time":"2023-12-23T19:37:00.000Z","iobWithZeroTemp":{"iob":0.459,"basaliob":0.459,"bolussnooze":0,"activity":0.0061,"lastBolusTime":0,"time":"2023-12-23T19:37:00.000Z"}},{"iob":0.617,"basaliob":0.617,"bolussnooze":0,"activity":0.0067,"lastBolusTime":0,"time":"2023-12-23T19:42:00.000Z","iobWithZeroTemp":{"iob":0.395,"basaliob":0.395,"bolussnooze":0,"activity":0.0058,"lastBolusTime":0,"time":"2023-12-23T19:42:00.000Z"}},{"iob":0.584,"basaliob":0.584,"bolussnooze":0,"activity":0.0065,"lastBolusTime":0,"time":"2023-12-23T19:47:00.000Z","iobWithZeroTemp":{"iob":0.334,"basaliob":0.334,"bolussnooze":0,"activity":0.0054,"lastBolusTime":0,"time":"2023-12-23T19:47:00.000Z"}},{"iob":0.552,"basaliob":0.552,"bolussnooze":0,"activity":0.0063,"lastBolusTime":0,"time":"2023-12-23T19:52:00.000Z","iobWithZeroTemp":{"iob":0.275,"basaliob":0.275,"bolussnooze":0,"activity":0.005,"lastBolusTime":0,"time":"2023-12-23T19:52:00.000Z"}},{"iob":0.521,"basaliob":0.521,"bolussnooze":0,"activity":0.0061,"lastBolusTime":0,"time":"2023-12-23T19:57:00.000Z","iobWithZeroTemp":{"iob":0.218,"basaliob":0.218,"bolussnooze":0,"activity":0.0045,"lastBolusTime":0,"time":"2023-12-23T19:57:00.000Z"}},{"iob":0.491,"basaliob":0.491,"bolussnooze":0,"activity":0.0059,"lastBolusTime":0,"time":"2023-12-23T20:02:00.000Z","iobWithZeroTemp":{"iob":0.163,"basaliob":0.163,"bolussnooze":0,"activity":0.0041,"lastBolusTime":0,"time":"2023-12-23T20:02:00.000Z"}},{"iob":0.462,"basaliob":0.462,"bolussnooze":0,"activity":0.0057,"lastBolusTime":0,"time":"2023-12-23T20:07:00.000Z","iobWithZeroTemp":{"iob":0.102,"basaliob":0.102,"bolussnooze":0,"activity":0.0037,"lastBolusTime":0,"time":"2023-12-23T20:07:00.000Z"}},{"iob":0.434,"basaliob":0.434,"bolussnooze":0,"activity":0.0054,"lastBolusTime":0,"time":"2023-12-23T20:12:00.000Z","iobWithZeroTemp":{"iob":0.043,"basaliob":0.043,"bolussnooze":0,"activity":0.0031,"lastBolusTime":0,"time":"2023-12-23T20:12:00.000Z"}},{"iob":0.407,"basaliob":0.407,"bolussnooze":0,"activity":0.0052,"lastBolusTime":0,"time":"2023-12-23T20:17:00.000Z","iobWithZeroTemp":{"iob":-0.014,"basaliob":-0.014,"bolussnooze":0,"activity":0.0027,"lastBolusTime":0,"time":"2023-12-23T20:17:00.000Z"}},{"iob":0.382,"basaliob":0.382,"bolussnooze":0,"activity":0.005,"lastBolusTime":0,"time":"2023-12-23T20:22:00.000Z","iobWithZeroTemp":{"iob":-0.067,"basaliob":-0.067,"bolussnooze":0,"activity":0.0022,"lastBolusTime":0,"time":"2023-12-23T20:22:00.000Z"}},{"iob":0.358,"basaliob":0.358,"bolussnooze":0,"activity":0.0047,"lastBolusTime":0,"time":"2023-12-23T20:27:00.000Z","iobWithZeroTemp":{"iob":-0.118,"basaliob":-0.118,"bolussnooze":0,"activity":0.0017,"lastBolusTime":0,"time":"2023-12-23T20:27:00.000Z"}},{"iob":0.335,"basaliob":0.335,"bolussnooze":0,"activity":0.0045,"lastBolusTime":0,"time":"2023-12-23T20:32:00.000Z","iobWithZeroTemp":{"iob":-0.167,"basaliob":-0.167,"bolussnooze":0,"activity":0.0012,"lastBolusTime":0,"time":"2023-12-23T20:32:00.000Z"}},{"iob":0.313,"basaliob":0.313,"bolussnooze":0,"activity":0.0043,"lastBolusTime":0,"time":"2023-12-23T20:37:00.000Z","iobWithZeroTemp":{"iob":-0.213,"basaliob":-0.213,"bolussnooze":0,"activity":7.0E-4,"lastBolusTime":0,"time":"2023-12-23T20:37:00.000Z"}},{"iob":0.292,"basaliob":0.292,"bolussnooze":0,"activity":0.004,"lastBolusTime":0,"time":"2023-12-23T20:42:00.000Z","iobWithZeroTemp":{"iob":-0.258,"basaliob":-0.258,"bolussnooze":0,"activity":2.0E-4,"lastBolusTime":0,"time":"2023-12-23T20:42:00.000Z"}},{"iob":0.272,"basaliob":0.272,"bolussnooze":0,"activity":0.0038,"lastBolusTime":0,"time":"2023-12-23T20:47:00.000Z","iobWithZeroTemp":{"iob":-0.3,"basaliob":-0.3,"bolussnooze":0,"activity":-2.0E-4,"lastBolusTime":0,"time":"2023-12-23T20:47:00.000Z"}},{"iob":0.254,"basaliob":0.254,"bolussnooze":0,"activity":0.0036,"lastBolusTime":0,"time":"2023-12-23T20:52:00.000Z","iobWithZeroTemp":{"iob":-0.339,"basaliob":-0.339,"bolussnooze":0,"activity":-7.0E-4,"lastBolusTime":0,"time":"2023-12-23T20:52:00.000Z"}},{"iob":0.236,"basaliob":0.236,"bolussnooze":0,"activity":0.0034,"lastBolusTime":0,"time":"2023-12-23T20:57:00.000Z","iobWithZeroTemp":{"iob":-0.376,"basaliob":-0.376,"bolussnooze":0,"activity":-0.0011,"lastBolusTime":0,"time":"2023-12-23T20:57:00.000Z"}},{"iob":0.22,"basaliob":0.22,"bolussnooze":0,"activity":0.0032,"lastBolusTime":0,"time":"2023-12-23T21:02:00.000Z","iobWithZeroTemp":{"iob":-0.411,"basaliob":-0.411,"bolussnooze":0,"activity":-0.0015,"lastBolusTime":0,"time":"2023-12-23T21:02:00.000Z"}},{"iob":0.204,"basaliob":0.204,"bolussnooze":0,"activity":0.003,"lastBolusTime":0,"time":"2023-12-23T21:07:00.000Z","iobWithZeroTemp":{"iob":-0.444,"basaliob":-0.444,"bolussnooze":0,"activity":-0.0019,"lastBolusTime":0,"time":"2023-12-23T21:07:00.000Z"}},{"iob":0.19,"basaliob":0.19,"bolussnooze":0,"activity":0.0028,"lastBolusTime":0,"time":"2023-12-23T21:12:00.000Z","iobWithZeroTemp":{"iob":-0.475,"basaliob":-0.475,"bolussnooze":0,"activity":-0.0023,"lastBolusTime":0,"time":"2023-12-23T21:12:00.000Z"}},{"iob":0.176,"basaliob":0.176,"bolussnooze":0,"activity":0.0026,"lastBolusTime":0,"time":"2023-12-23T21:17:00.000Z","iobWithZeroTemp":{"iob":-0.504,"basaliob":-0.504,"bolussnooze":0,"activity":-0.0027,"lastBolusTime":0,"time":"2023-12-23T21:17:00.000Z"}},{"iob":0.163,"basaliob":0.163,"bolussnooze":0,"activity":0.0025,"lastBolusTime":0,"time":"2023-12-23T21:22:00.000Z","iobWithZeroTemp":{"iob":-0.532,"basaliob":-0.532,"bolussnooze":0,"activity":-0.003,"lastBolusTime":0,"time":"2023-12-23T21:22:00.000Z"}},{"iob":0.152,"basaliob":0.152,"bolussnooze":0,"activity":0.0023,"lastBolusTime":0,"time":"2023-12-23T21:27:00.000Z","iobWithZeroTemp":{"iob":-0.557,"basaliob":-0.557,"bolussnooze":0,"activity":-0.0034,"lastBolusTime":0,"time":"2023-12-23T21:27:00.000Z"}},{"iob":0.14,"basaliob":0.14,"bolussnooze":0,"activity":0.0022,"lastBolusTime":0,"time":"2023-12-23T21:32:00.000Z","iobWithZeroTemp":{"iob":-0.581,"basaliob":-0.581,"bolussnooze":0,"activity":-0.0037,"lastBolusTime":0,"time":"2023-12-23T21:32:00.000Z"}},{"iob":0.13,"basaliob":0.13,"bolussnooze":0,"activity":0.002,"lastBolusTime":0,"time":"2023-12-23T21:37:00.000Z","iobWithZeroTemp":{"iob":-0.603,"basaliob":-0.603,"bolussnooze":0,"activity":-0.004,"lastBolusTime":0,"time":"2023-12-23T21:37:00.000Z"}},{"iob":0.12,"basaliob":0.12,"bolussnooze":0,"activity":0.0019,"lastBolusTime":0,"time":"2023-12-23T21:42:00.000Z","iobWithZeroTemp":{"iob":-0.624,"basaliob":-0.624,"bolussnooze":0,"activity":-0.0043,"lastBolusTime":0,"time":"2023-12-23T21:42:00.000Z"}},{"iob":0.111,"basaliob":0.111,"bolussnooze":0,"activity":0.0018,"lastBolusTime":0,"time":"2023-12-23T21:47:00.000Z","iobWithZeroTemp":{"iob":-0.644,"basaliob":-0.644,"bolussnooze":0,"activity":-0.0045,"lastBolusTime":0,"time":"2023-12-23T21:47:00.000Z"}},{"iob":0.102,"basaliob":0.102,"bolussnooze":0,"activity":0.0016,"lastBolusTime":0,"time":"2023-12-23T21:52:00.000Z","iobWithZeroTemp":{"iob":-0.662,"basaliob":-0.662,"bolussnooze":0,"activity":-0.0049,"lastBolusTime":0,"time":"2023-12-23T21:52:00.000Z"}},{"iob":0.095,"basaliob":0.095,"bolussnooze":0,"activity":0.0015,"lastBolusTime":0,"time":"2023-12-23T21:57:00.000Z","iobWithZeroTemp":{"iob":-0.678,"basaliob":-0.678,"bolussnooze":0,"activity":-0.0051,"lastBolusTime":0,"time":"2023-12-23T21:57:00.000Z"}},{"iob":0.087,"basaliob":0.087,"bolussnooze":0,"activity":0.0014,"lastBolusTime":0,"time":"2023-12-23T22:02:00.000Z","iobWithZeroTemp":{"iob":-0.695,"basaliob":-0.695,"bolussnooze":0,"activity":-0.0053,"lastBolusTime":0,"time":"2023-12-23T22:02:00.000Z"}},{"iob":0.08,"basaliob":0.08,"bolussnooze":0,"activity":0.0013,"lastBolusTime":0,"time":"2023-12-23T22:07:00.000Z","iobWithZeroTemp":{"iob":-0.71,"basaliob":-0.71,"bolussnooze":0,"activity":-0.0055,"lastBolusTime":0,"time":"2023-12-23T22:07:00.000Z"}},{"iob":0.074,"basaliob":0.074,"bolussnooze":0,"activity":0.0012,"lastBolusTime":0,"time":"2023-12-23T22:12:00.000Z","iobWithZeroTemp":{"iob":-0.723,"basaliob":-0.723,"bolussnooze":0,"activity":-0.0057,"lastBolusTime":0,"time":"2023-12-23T22:12:00.000Z"}},{"iob":0.068,"basaliob":0.068,"bolussnooze":0,"activity":0.0011,"lastBolusTime":0,"time":"2023-12-23T22:17:00.000Z","iobWithZeroTemp":{"iob":-0.736,"basaliob":-0.736,"bolussnooze":0,"activity":-0.0059,"lastBolusTime":0,"time":"2023-12-23T22:17:00.000Z"}},{"iob":0.063,"basaliob":0.063,"bolussnooze":0,"activity":0.0011,"lastBolusTime":0,"time":"2023-12-23T22:22:00.000Z","iobWithZeroTemp":{"iob":-0.747,"basaliob":-0.747,"bolussnooze":0,"activity":-0.006,"lastBolusTime":0,"time":"2023-12-23T22:22:00.000Z"}},{"iob":0.057,"basaliob":0.057,"bolussnooze":0,"activity":0.001,"lastBolusTime":0,"time":"2023-12-23T22:27:00.000Z","iobWithZeroTemp":{"iob":-0.759,"basaliob":-0.759,"bolussnooze":0,"activity":-0.0062,"lastBolusTime":0,"time":"2023-12-23T22:27:00.000Z"}},{"iob":0.053,"basaliob":0.053,"bolussnooze":0,"activity":9.0E-4,"lastBolusTime":0,"time":"2023-12-23T22:32:00.000Z","iobWithZeroTemp":{"iob":-0.768,"basaliob":-0.768,"bolussnooze":0,"activity":-0.0064,"lastBolusTime":0,"time":"2023-12-23T22:32:00.000Z"}},{"iob":0.048,"basaliob":0.048,"bolussnooze":0,"activity":8.0E-4,"lastBolusTime":0,"time":"2023-12-23T22:37:00.000Z","iobWithZeroTemp":{"iob":-0.778,"basaliob":-0.778,"bolussnooze":0,"activity":-0.0066,"lastBolusTime":0,"time":"2023-12-23T22:37:00.000Z"}},{"iob":0.044,"basaliob":0.044,"bolussnooze":0,"activity":8.0E-4,"lastBolusTime":0,"time":"2023-12-23T22:42:00.000Z","iobWithZeroTemp":{"iob":-0.787,"basaliob":-0.787,"bolussnooze":0,"activity":-0.0066,"lastBolusTime":0,"time":"2023-12-23T22:42:00.000Z"}},{"iob":0.041,"basaliob":0.041,"bolussnooze":0,"activity":7.0E-4,"lastBolusTime":0,"time":"2023-12-23T22:47:00.000Z","iobWithZeroTemp":{"iob":-0.794,"basaliob":-0.794,"bolussnooze":0,"activity":-0.0068,"lastBolusTime":0,"time":"2023-12-23T22:47:00.000Z"}},{"iob":0.037,"basaliob":0.037,"bolussnooze":0,"activity":7.0E-4,"lastBolusTime":0,"time":"2023-12-23T22:52:00.000Z","iobWithZeroTemp":{"iob":-0.802,"basaliob":-0.802,"bolussnooze":0,"activity":-0.0069,"lastBolusTime":0,"time":"2023-12-23T22:52:00.000Z"}},{"iob":0.034,"basaliob":0.034,"bolussnooze":0,"activity":6.0E-4,"lastBolusTime":0,"time":"2023-12-23T22:57:00.000Z","iobWithZeroTemp":{"iob":-0.809,"basaliob":-0.809,"bolussnooze":0,"activity":-0.007,"lastBolusTime":0,"time":"2023-12-23T22:57:00.000Z"}},{"iob":0.031,"basaliob":0.031,"bolussnooze":0,"activity":6.0E-4,"lastBolusTime":0,"time":"2023-12-23T23:02:00.000Z","iobWithZeroTemp":{"iob":-0.815,"basaliob":-0.815,"bolussnooze":0,"activity":-0.0071,"lastBolusTime":0,"time":"2023-12-23T23:02:00.000Z"}},{"iob":0.028,"basaliob":0.028,"bolussnooze":0,"activity":5.0E-4,"lastBolusTime":0,"time":"2023-12-23T23:07:00.000Z","iobWithZeroTemp":{"iob":-0.8,"basaliob":-0.8,"bolussnooze":0,"activity":-0.0072,"lastBolusTime":0,"time":"2023-12-23T23:07:00.000Z"}},{"iob":0.026,"basaliob":0.026,"bolussnooze":0,"activity":5.0E-4,"lastBolusTime":0,"time":"2023-12-23T23:12:00.000Z","iobWithZeroTemp":{"iob":-0.764,"basaliob":-0.764,"bolussnooze":0,"activity":-0.0072,"lastBolusTime":0,"time":"2023-12-23T23:12:00.000Z"}},{"iob":0.024,"basaliob":0.024,"bolussnooze":0,"activity":4.0E-4,"lastBolusTime":0,"time":"2023-12-23T23:17:00.000Z","iobWithZeroTemp":{"iob":-0.727,"basaliob":-0.727,"bolussnooze":0,"activity":-0.0072,"lastBolusTime":0,"time":"2023-12-23T23:17:00.000Z"}},{"iob":0.022,"basaliob":0.022,"bolussnooze":0,"activity":4.0E-4,"lastBolusTime":0,"time":"2023-12-23T23:22:00.000Z","iobWithZeroTemp":{"iob":-0.691,"basaliob":-0.691,"bolussnooze":0,"activity":-0.0071,"lastBolusTime":0,"time":"2023-12-23T23:22:00.000Z"}},{"iob":0.02,"basaliob":0.02,"bolussnooze":0,"activity":4.0E-4,"lastBolusTime":0,"time":"2023-12-23T23:27:00.000Z","iobWithZeroTemp":{"iob":-0.656,"basaliob":-0.656,"bolussnooze":0,"activity":-0.007,"lastBolusTime":0,"time":"2023-12-23T23:27:00.000Z"}},{"iob":0.018,"basaliob":0.018,"bolussnooze":0,"activity":3.0E-4,"lastBolusTime":0,"time":"2023-12-23T23:32:00.000Z","iobWithZeroTemp":{"iob":-0.622,"basaliob":-0.622,"bolussnooze":0,"activity":-0.0069,"lastBolusTime":0,"time":"2023-12-23T23:32:00.000Z"}},{"iob":0.016,"basaliob":0.016,"bolussnooze":0,"activity":3.0E-4,"lastBolusTime":0,"time":"2023-12-23T23:37:00.000Z","iobWithZeroTemp":{"iob":-0.588,"basaliob":-0.588,"bolussnooze":0,"activity":-0.0067,"lastBolusTime":0,"time":"2023-12-23T23:37:00.000Z"}},{"iob":0.015,"basaliob":0.015,"bolussnooze":0,"activity":3.0E-4,"lastBolusTime":0,"time":"2023-12-23T23:42:00.000Z","iobWithZeroTemp":{"iob":-0.555,"basaliob":-0.555,"bolussnooze":0,"activity":-0.0064,"lastBolusTime":0,"time":"2023-12-23T23:42:00.000Z"}},{"iob":0.013,"basaliob":0.013,"bolussnooze":0,"activity":3.0E-4,"lastBolusTime":0,"time":"2023-12-23T23:47:00.000Z","iobWithZeroTemp":{"iob":-0.524,"basaliob":-0.524,"bolussnooze":0,"activity":-0.0062,"lastBolusTime":0,"time":"2023-12-23T23:47:00.000Z"}},{"iob":0.012,"basaliob":0.012,"bolussnooze":0,"activity":2.0E-4,"lastBolusTime":0,"time":"2023-12-23T23:52:00.000Z","iobWithZeroTemp":{"iob":-0.493,"basaliob":-0.493,"bolussnooze":0,"activity":-0.006,"lastBolusTime":0,"time":"2023-12-23T23:52:00.000Z"}},{"iob":0.011,"basaliob":0.011,"bolussnooze":0,"activity":2.0E-4,"lastBolusTime":0,"time":"2023-12-23T23:57:00.000Z","iobWithZeroTemp":{"iob":-0.464,"basaliob":-0.464,"bolussnooze":0,"activity":-0.0058,"lastBolusTime":0,"time":"2023-12-23T23:57:00.000Z"}},{"iob":0.01,"basaliob":0.01,"bolussnooze":0,"activity":2.0E-4,"lastBolusTime":0,"time":"2023-12-24T00:02:00.000Z","iobWithZeroTemp":{"iob":-0.436,"basaliob":-0.436,"bolussnooze":0,"activity":-0.0055,"lastBolusTime":0,"time":"2023-12-24T00:02:00.000Z"}},{"iob":0.009,"basaliob":0.009,"bolussnooze":0,"activity":2.0E-4,"lastBolusTime":0,"time":"2023-12-24T00:07:00.000Z","iobWithZeroTemp":{"iob":-0.409,"basaliob":-0.409,"bolussnooze":0,"activity":-0.0052,"lastBolusTime":0,"time":"2023-12-24T00:07:00.000Z"}},{"iob":0.008,"basaliob":0.008,"bolussnooze":0,"activity":2.0E-4,"lastBolusTime":0,"time":"2023-12-24T00:12:00.000Z","iobWithZeroTemp":{"iob":-0.383,"basaliob":-0.383,"bolussnooze":0,"activity":-0.005,"lastBolusTime":0,"time":"2023-12-24T00:12:00.000Z"}},{"iob":0.007,"basaliob":0.007,"bolussnooze":0,"activity":2.0E-4,"lastBolusTime":0,"time":"2023-12-24T00:17:00.000Z","iobWithZeroTemp":{"iob":-0.359,"basaliob":-0.359,"bolussnooze":0,"activity":-0.0047,"lastBolusTime":0,"time":"2023-12-24T00:17:00.000Z"}},{"iob":0.007,"basaliob":0.007,"bolussnooze":0,"activity":1.0E-4,"lastBolusTime":0,"time":"2023-12-24T00:22:00.000Z","iobWithZeroTemp":{"iob":-0.335,"basaliob":-0.335,"bolussnooze":0,"activity":-0.0046,"lastBolusTime":0,"time":"2023-12-24T00:22:00.000Z"}},{"iob":0.006,"basaliob":0.006,"bolussnooze":0,"activity":1.0E-4,"lastBolusTime":0,"time":"2023-12-24T00:27:00.000Z","iobWithZeroTemp":{"iob":-0.313,"basaliob":-0.313,"bolussnooze":0,"activity":-0.0043,"lastBolusTime":0,"time":"2023-12-24T00:27:00.000Z"}},{"iob":0.005,"basaliob":0.005,"bolussnooze":0,"activity":1.0E-4,"lastBolusTime":0,"time":"2023-12-24T00:32:00.000Z","iobWithZeroTemp":{"iob":-0.293,"basaliob":-0.293,"bolussnooze":0,"activity":-0.0041,"lastBolusTime":0,"time":"2023-12-24T00:32:00.000Z"}},{"iob":0.005,"basaliob":0.005,"bolussnooze":0,"activity":1.0E-4,"lastBolusTime":0,"time":"2023-12-24T00:37:00.000Z","iobWithZeroTemp":{"iob":-0.272,"basaliob":-0.272,"bolussnooze":0,"activity":-0.0038,"lastBolusTime":0,"time":"2023-12-24T00:37:00.000Z"}},{"iob":0.004,"basaliob":0.004,"bolussnooze":0,"activity":1.0E-4,"lastBolusTime":0,"time":"2023-12-24T00:42:00.000Z","iobWithZeroTemp":{"iob":-0.254,"basaliob":-0.254,"bolussnooze":0,"activity":-0.0036,"lastBolusTime":0,"time":"2023-12-24T00:42:00.000Z"}},{"iob":0.004,"basaliob":0.004,"bolussnooze":0,"activity":1.0E-4,"lastBolusTime":0,"time":"2023-12-24T00:47:00.000Z","iobWithZeroTemp":{"iob":-0.236,"basaliob":-0.236,"bolussnooze":0,"activity":-0.0034,"lastBolusTime":0,"time":"2023-12-24T00:47:00.000Z"}},{"iob":0.003,"basaliob":0.003,"bolussnooze":0,"activity":1.0E-4,"lastBolusTime":0,"time":"2023-12-24T00:52:00.000Z","iobWithZeroTemp":{"iob":-0.22,"basaliob":-0.22,"bolussnooze":0,"activity":-0.0032,"lastBolusTime":0,"time":"2023-12-24T00:52:00.000Z"}},{"iob":0.003,"basaliob":0.003,"bolussnooze":0,"activity":1.0E-4,"lastBolusTime":0,"time":"2023-12-24T00:57:00.000Z","iobWithZeroTemp":{"iob":-0.204,"basaliob":-0.204,"bolussnooze":0,"activity":-0.003,"lastBolusTime":0,"time":"2023-12-24T00:57:00.000Z"}},{"iob":0.003,"basaliob":0.003,"bolussnooze":0,"activity":1.0E-4,"lastBolusTime":0,"time":"2023-12-24T01:02:00.000Z","iobWithZeroTemp":{"iob":-0.19,"basaliob":-0.19,"bolussnooze":0,"activity":-0.0028,"lastBolusTime":0,"time":"2023-12-24T01:02:00.000Z"}},{"iob":0.002,"basaliob":0.002,"bolussnooze":0,"activity":1.0E-4,"lastBolusTime":0,"time":"2023-12-24T01:07:00.000Z","iobWithZeroTemp":{"iob":-0.177,"basaliob":-0.177,"bolussnooze":0,"activity":-0.0026,"lastBolusTime":0,"time":"2023-12-24T01:07:00.000Z"}},{"iob":0.002,"basaliob":0.002,"bolussnooze":0,"activity":1.0E-4,"lastBolusTime":0,"time":"2023-12-24T01:12:00.000Z","iobWithZeroTemp":{"iob":-0.163,"basaliob":-0.163,"bolussnooze":0,"activity":-0.0024,"lastBolusTime":0,"time":"2023-12-24T01:12:00.000Z"}},{"iob":0.002,"basaliob":0.002,"bolussnooze":0,"activity":0,"lastBolusTime":0,"time":"2023-12-24T01:17:00.000Z","iobWithZeroTemp":{"iob":-0.151,"basaliob":-0.151,"bolussnooze":0,"activity":-0.0024,"lastBolusTime":0,"time":"2023-12-24T01:17:00.000Z"}},{"iob":0.002,"basaliob":0.002,"bolussnooze":0,"activity":0,"lastBolusTime":0,"time":"2023-12-24T01:22:00.000Z","iobWithZeroTemp":{"iob":-0.14,"basaliob":-0.14,"bolussnooze":0,"activity":-0.0022,"lastBolusTime":0,"time":"2023-12-24T01:22:00.000Z"}},{"iob":0.001,"basaliob":0.001,"bolussnooze":0,"activity":0,"lastBolusTime":0,"time":"2023-12-24T01:27:00.000Z","iobWithZeroTemp":{"iob":-0.13,"basaliob":-0.13,"bolussnooze":0,"activity":-0.0021,"lastBolusTime":0,"time":"2023-12-24T01:27:00.000Z"}},{"iob":0.001,"basaliob":0.001,"bolussnooze":0,"activity":0,"lastBolusTime":0,"time":"2023-12-24T01:32:00.000Z","iobWithZeroTemp":{"iob":-0.12,"basaliob":-0.12,"bolussnooze":0,"activity":-0.0019,"lastBolusTime":0,"time":"2023-12-24T01:32:00.000Z"}},{"iob":0.001,"basaliob":0.001,"bolussnooze":0,"activity":0,"lastBolusTime":0,"time":"2023-12-24T01:37:00.000Z","iobWithZeroTemp":{"iob":-0.111,"basaliob":-0.111,"bolussnooze":0,"activity":-0.0018,"lastBolusTime":0,"time":"2023-12-24T01:37:00.000Z"}},{"iob":0.001,"basaliob":0.001,"bolussnooze":0,"activity":0,"lastBolusTime":0,"time":"2023-12-24T01:42:00.000Z","iobWithZeroTemp":{"iob":-0.102,"basaliob":-0.102,"bolussnooze":0,"activity":-0.0017,"lastBolusTime":0,"time":"2023-12-24T01:42:00.000Z"}},{"iob":0.001,"basaliob":0.001,"bolussnooze":0,"activity":0,"lastBolusTime":0,"time":"2023-12-24T01:47:00.000Z","iobWithZeroTemp":{"iob":-0.094,"basaliob":-0.094,"bolussnooze":0,"activity":-0.0016,"lastBolusTime":0,"time":"2023-12-24T01:47:00.000Z"}},{"iob":0.001,"basaliob":0.001,"bolussnooze":0,"activity":0,"lastBolusTime":0,"time":"2023-12-24T01:52:00.000Z","iobWithZeroTemp":{"iob":-0.087,"basaliob":-0.087,"bolussnooze":0,"activity":-0.0014,"lastBolusTime":0,"time":"2023-12-24T01:52:00.000Z"}},{"iob":0.001,"basaliob":0.001,"bolussnooze":0,"activity":0,"lastBolusTime":0,"time":"2023-12-24T01:57:00.000Z","iobWithZeroTemp":{"iob":-0.08,"basaliob":-0.08,"bolussnooze":0,"activity":-0.0013,"lastBolusTime":0,"time":"2023-12-24T01:57:00.000Z"}},{"iob":0.001,"basaliob":0.001,"bolussnooze":0,"activity":0,"lastBolusTime":0,"time":"2023-12-24T02:02:00.000Z","iobWithZeroTemp":{"iob":-0.073,"basaliob":-0.073,"bolussnooze":0,"activity":-0.0012,"lastBolusTime":0,"time":"2023-12-24T02:02:00.000Z"}},{"iob":0,"basaliob":0,"bolussnooze":0,"activity":0,"lastBolusTime":0,"time":"2023-12-24T02:07:00.000Z","iobWithZeroTemp":{"iob":-0.068,"basaliob":-0.068,"bolussnooze":0,"activity":-0.0012,"lastBolusTime":0,"time":"2023-12-24T02:07:00.000Z"}},{"iob":0,"basaliob":0,"bolussnooze":0,"activity":0,"lastBolusTime":0,"time":"2023-12-24T02:12:00.000Z","iobWithZeroTemp":{"iob":-0.063,"basaliob":-0.063,"bolussnooze":0,"activity":-0.0011,"lastBolusTime":0,"time":"2023-12-24T02:12:00.000Z"}},{"iob":0,"basaliob":0,"bolussnooze":0,"activity":0,"lastBolusTime":0,"time":"2023-12-24T02:17:00.000Z","iobWithZeroTemp":{"iob":-0.057,"basaliob":-0.057,"bolussnooze":0,"activity":-0.001,"lastBolusTime":0,"time":"2023-12-24T02:17:00.000Z"}},{"iob":0,"basaliob":0,"bolussnooze":0,"activity":0,"lastBolusTime":0,"time":"2023-12-24T02:22:00.000Z","iobWithZeroTemp":{"iob":-0.053,"basaliob":-0.053,"bolussnooze":0,"activity":-9.0E-4,"lastBolusTime":0,"time":"2023-12-24T02:22:00.000Z"}},{"iob":0,"basaliob":0,"bolussnooze":0,"activity":0,"lastBolusTime":0,"time":"2023-12-24T02:27:00.000Z","iobWithZeroTemp":{"iob":-0.048,"basaliob":-0.048,"bolussnooze":0,"activity":-8.0E-4,"lastBolusTime":0,"time":"2023-12-24T02:27:00.000Z"}},{"iob":0,"basaliob":0,"bolussnooze":0,"activity":0,"lastBolusTime":0,"time":"2023-12-24T02:32:00.000Z","iobWithZeroTemp":{"iob":-0.044,"basaliob":-0.044,"bolussnooze":0,"activity":-8.0E-4,"lastBolusTime":0,"time":"2023-12-24T02:32:00.000Z"}},{"iob":0,"basaliob":0,"bolussnooze":0,"activity":0,"lastBolusTime":0,"time":"2023-12-24T02:37:00.000Z","iobWithZeroTemp":{"iob":-0.041,"basaliob":-0.041,"bolussnooze":0,"activity":-7.0E-4,"lastBolusTime":0,"time":"2023-12-24T02:37:00.000Z"}},{"iob":0,"basaliob":0,"bolussnooze":0,"activity":0,"lastBolusTime":0,"time":"2023-12-24T02:42:00.000Z","iobWithZeroTemp":{"iob":-0.037,"basaliob":-0.037,"bolussnooze":0,"activity":-7.0E-4,"lastBolusTime":0,"time":"2023-12-24T02:42:00.000Z"}},{"iob":0,"basaliob":0,"bolussnooze":0,"activity":0,"lastBolusTime":0,"time":"2023-12-24T02:47:00.000Z","iobWithZeroTemp":{"iob":-0.034,"basaliob":-0.034,"bolussnooze":0,"activity":-6.0E-4,"lastBolusTime":0,"time":"2023-12-24T02:47:00.000Z"}},{"iob":0,"basaliob":0,"bolussnooze":0,"activity":0,"lastBolusTime":0,"time":"2023-12-24T02:52:00.000Z","iobWithZeroTemp":{"iob":-0.031,"basaliob":-0.031,"bolussnooze":0,"activity":-6.0E-4,"lastBolusTime":0,"time":"2023-12-24T02:52:00.000Z"}},{"iob":0,"basaliob":0,"bolussnooze":0,"activity":0,"lastBolusTime":0,"time":"2023-12-24T02:57:00.000Z","iobWithZeroTemp":{"iob":-0.028,"basaliob":-0.028,"bolussnooze":0,"activity":-5.0E-4,"lastBolusTime":0,"time":"2023-12-24T02:57:00.000Z"}},{"iob":0,"basaliob":0,"bolussnooze":0,"activity":0,"lastBolusTime":0,"time":"2023-12-24T03:02:00.000Z","iobWithZeroTemp":{"iob":-0.026,"basaliob":-0.026,"bolussnooze":0,"activity":-5.0E-4,"lastBolusTime":0,"time":"2023-12-24T03:02:00.000Z"}},{"iob":0,"basaliob":0,"bolussnooze":0,"activity":0,"lastBolusTime":0,"time":"2023-12-24T03:07:00.000Z","iobWithZeroTemp":{"iob":-0.023,"basaliob":-0.023,"bolussnooze":0,"activity":-4.0E-4,"lastBolusTime":0,"time":"2023-12-24T03:07:00.000Z"}},{"iob":0,"basaliob":0,"bolussnooze":0,"activity":0,"lastBolusTime":0,"time":"2023-12-24T03:12:00.000Z","iobWithZeroTemp":{"iob":-0.021,"basaliob":-0.021,"bolussnooze":0,"activity":-4.0E-4,"lastBolusTime":0,"time":"2023-12-24T03:12:00.000Z"}},{"iob":0,"basaliob":0,"bolussnooze":0,"activity":0,"lastBolusTime":0,"time":"2023-12-24T03:17:00.000Z","iobWithZeroTemp":{"iob":-0.019,"basaliob":-0.019,"bolussnooze":0,"activity":-4.0E-4,"lastBolusTime":0,"time":"2023-12-24T03:17:00.000Z"}},{"iob":0,"basaliob":0,"bolussnooze":0,"activity":0,"lastBolusTime":0,"time":"2023-12-24T03:22:00.000Z","iobWithZeroTemp":{"iob":-0.018,"basaliob":-0.018,"bolussnooze":0,"activity":-3.0E-4,"lastBolusTime":0,"time":"2023-12-24T03:22:00.000Z"}},{"iob":0,"basaliob":0,"bolussnooze":0,"activity":0,"lastBolusTime":0,"time":"2023-12-24T03:27:00.000Z","iobWithZeroTemp":{"iob":-0.016,"basaliob":-0.016,"bolussnooze":0,"activity":-3.0E-4,"lastBolusTime":0,"time":"2023-12-24T03:27:00.000Z"}},{"iob":0,"basaliob":0,"bolussnooze":0,"activity":0,"lastBolusTime":0,"time":"2023-12-24T03:32:00.000Z","iobWithZeroTemp":{"iob":-0.014,"basaliob":-0.014,"bolussnooze":0,"activity":-3.0E-4,"lastBolusTime":0,"time":"2023-12-24T03:32:00.000Z"}},{"iob":0,"basaliob":0,"bolussnooze":0,"activity":0,"lastBolusTime":0,"time":"2023-12-24T03:37:00.000Z","iobWithZeroTemp":{"iob":-0.013,"basaliob":-0.013,"bolussnooze":0,"activity":-3.0E-4,"lastBolusTime":0,"time":"2023-12-24T03:37:00.000Z"}},{"iob":0,"basaliob":0,"bolussnooze":0,"activity":0,"lastBolusTime":0,"time":"2023-12-24T03:42:00.000Z","iobWithZeroTemp":{"iob":-0.012,"basaliob":-0.012,"bolussnooze":0,"activity":-2.0E-4,"lastBolusTime":0,"time":"2023-12-24T03:42:00.000Z"}},{"iob":0,"basaliob":0,"bolussnooze":0,"activity":0,"lastBolusTime":0,"time":"2023-12-24T03:47:00.000Z","iobWithZeroTemp":{"iob":-0.011,"basaliob":-0.011,"bolussnooze":0,"activity":-2.0E-4,"lastBolusTime":0,"time":"2023-12-24T03:47:00.000Z"}},{"iob":0,"basaliob":0,"bolussnooze":0,"activity":0,"lastBolusTime":0,"time":"2023-12-24T03:52:00.000Z","iobWithZeroTemp":{"iob":-0.01,"basaliob":-0.01,"bolussnooze":0,"activity":-2.0E-4,"lastBolusTime":0,"time":"2023-12-24T03:52:00.000Z"}},{"iob":0,"basaliob":0,"bolussnooze":0,"activity":0,"lastBolusTime":0,"time":"2023-12-24T03:57:00.000Z","iobWithZeroTemp":{"iob":-0.009,"basaliob":-0.009,"bolussnooze":0,"activity":-2.0E-4,"lastBolusTime":0,"time":"2023-12-24T03:57:00.000Z"}},{"iob":0,"basaliob":0,"bolussnooze":0,"activity":0,"lastBolusTime":0,"time":"2023-12-24T04:02:00.000Z","iobWithZeroTemp":{"iob":-0.008,"basaliob":-0.008,"bolussnooze":0,"activity":-2.0E-4,"lastBolusTime":0,"time":"2023-12-24T04:02:00.000Z"}},{"iob":0,"basaliob":0,"bolussnooze":0,"activity":0,"lastBolusTime":0,"time":"2023-12-24T04:07:00.000Z","iobWithZeroTemp":{"iob":-0.007,"basaliob":-0.007,"bolussnooze":0,"activity":-2.0E-4,"lastBolusTime":0,"time":"2023-12-24T04:07:00.000Z"}},{"iob":0,"basaliob":0,"bolussnooze":0,"activity":0,"lastBolusTime":0,"time":"2023-12-24T04:12:00.000Z","iobWithZeroTemp":{"iob":-0.006,"basaliob":-0.006,"bolussnooze":0,"activity":-1.0E-4,"lastBolusTime":0,"time":"2023-12-24T04:12:00.000Z"}},{"iob":0,"basaliob":0,"bolussnooze":0,"activity":0,"lastBolusTime":0,"time":"2023-12-24T04:17:00.000Z","iobWithZeroTemp":{"iob":-0.006,"basaliob":-0.006,"bolussnooze":0,"activity":-1.0E-4,"lastBolusTime":0,"time":"2023-12-24T04:17:00.000Z"}},{"iob":0,"basaliob":0,"bolussnooze":0,"activity":0,"lastBolusTime":0,"time":"2023-12-24T04:22:00.000Z","iobWithZeroTemp":{"iob":-0.005,"basaliob":-0.005,"bolussnooze":0,"activity":-1.0E-4,"lastBolusTime":0,"time":"2023-12-24T04:22:00.000Z"}},{"iob":0,"basaliob":0,"bolussnooze":0,"activity":0,"lastBolusTime":0,"time":"2023-12-24T04:27:00.000Z","iobWithZeroTemp":{"iob":-0.005,"basaliob":-0.005,"bolussnooze":0,"activity":-1.0E-4,"lastBolusTime":0,"time":"2023-12-24T04:27:00.000Z"}},{"iob":0,"basaliob":0,"bolussnooze":0,"activity":0,"lastBolusTime":0,"time":"2023-12-24T04:32:00.000Z","iobWithZeroTemp":{"iob":-0.004,"basaliob":-0.004,"bolussnooze":0,"activity":-1.0E-4,"lastBolusTime":0,"time":"2023-12-24T04:32:00.000Z"}}],"profile":{"max_iob":1.5,"dia":3,"type":"current","max_daily_basal":0.5,"max_basal":1.5,"min_bg":90,"max_bg":90,"target_bg":90,"carb_ratio":20,"sens":117,"max_daily_safety_multiplier":3,"current_basal_safety_multiplier":4,"skip_neutral_temps":true,"current_basal":0.4,"temptargetSet":false,"autosens_adjust_targets":true,"min_5m_carbimpact":5.5,"out_units":"mmol\/L"},"autosens_data":{"ratio":1.09},"meal_data":{"carbs":0,"mealCOB":0}},"output":{"temp":"absolute","bg":200,"tick":-3,"eventualBG":109,"snoozeBG":109,"predBGs":{"IOB":[200,197,193,190,186,182,179,175,172,168,165,162,158,155,152,150,147,144,142,140,138,136,134,132,130,128,127,126,124,123,122,121,120,119,118,117,116,116,115,114,114,113,113,112,112,112,111,111,111,110,110,110,110,109,109,109,109,109,109,109,108]},"COB":0,"IOB":0.859,"reason":"COB: 0, Dev: 1, BGI: -3.54, ISF: 6.0, Target: 4.9; Autosens: 1.09; Eventual BG 6.1 >= 4.9, 10m@1.064 = 0.177 > 2 * req 0.06. Setting temp basal of 0.56U\/hr","duration":30,"rate":0.556,"timestamp":"2023-12-23T19:06:07.613Z"}}