{"algorithm":"OpenAPSAMAPlugin","input":{"glucoseStatus":{"glucose":170,"delta":4,"short_avgdelta":3.37,"long_avgdelta":2.65},"currenttemp":{"temp":"absolute","duration":25,"rate":0.7,"minutesrunning":5},"iob_data":[{"iob":0.534,"basaliob":0.534,"bolussnooze":0,"activity":0.0036,"lastBolusTime":0,"time":"2023-12-22T13:17:00.000Z","iobWithZeroTemp":{"iob":0.534,"basaliob":0.534,"bolussnooze":0,"activity":0.0036,"lastBolusTime":0,"time":"2023-12-22T13:17:00.000Z"}},{"iob":0.515,"basaliob":0.515,"bolussnooze":0,"activity":0.0038,"lastBolusTime":0,"time":"2023-12-22T13:22:00.000Z","iobWithZeroTemp":{"iob":0.49,"basaliob":0.49,"bolussnooze":0,"activity":0.0038,"lastBolusTime":0,"time":"2023-12-22T13:22:00.000Z"}},{"iob":0.496,"basaliob":0.496,"bolussnooze":0,"activity":0.004,"lastBolusTime":0,"time":"2023-12-22T13:27:00.000Z","iobWithZeroTemp":{"iob":0.446,"basaliob":0.446,"bolussnooze":0,"activity":0.0039,"lastBolusTime":0,"time":"2023-12-22T13:27:00.000Z"}},{"iob":0.475,"basaliob":0.475,"bolussnooze":0,"activity":0.0041,"lastBolusTime":0,"time":"2023-12-22T13:32:00.000Z","iobWithZeroTemp":{"iob":0.401,"basaliob":0.401,"bolussnooze":0,"activity":0.0039,"lastBolusTime":0,"time":"2023-12-22T13:32:00.000Z"}},{"iob":0.455,"basaliob":0.455,"bolussnooze":0,"activity":0.0041,"lastBolusTime":0,"time":"2023-12-22T13:37:00.000Z","iobWithZeroTemp":{"iob":0.357,"basaliob":0.357,"bolussnooze":0,"activity":0.0038,"lastBolusTime":0,"time":"2023-12-22T13:37:00.000Z"}},{"iob":0.434,"basaliob":0.434,"bolussnooze":0,"activity":0.0041,"lastBolusTime":0,"time":"2023-12-22T13:42:00.000Z","iobWithZeroTemp":{"iob":0.312,"basaliob":0.312,"bolussnooze":0,"activity":0.0037,"lastBolusTime":0,"time":"2023-12-22T13:42:00.000Z"}},{"iob":0.414,"basaliob":0.414,"bolussnooze":0,"activity":0.0041,"lastBolusTime":0,"time":"2023-12-22T13:47:00.000Z","iobWithZeroTemp":{"iob":0.27,"basaliob":0.27,"bolussnooze":0,"activity":0.0036,"lastBolusTime":0,"time":"2023-12-22T13:47:00.000Z"}},{"iob":0.393,"basaliob":0.393,"bolussnooze":0,"activity":0.0041,"lastBolusTime":0,"time":"2023-12-22T13:52:00.000Z","iobWithZeroTemp":{"iob":0.227,"basaliob":0.227,"bolussnooze":0,"activity":0.0034,"lastBolusTime":0,"time":"2023-12-22T13:52:00.000Z"}},{"iob":0.373,"basaliob":0.373,"bolussnooze":0,"activity":0.004,"lastBolusTime":0,"time":"2023-12-22T13:57:00.000Z","iobWithZeroTemp":{"iob":0.186,"basaliob":0.186,"bolussnooze":0,"activity":0.0032,"lastBolusTime":0,"time":"2023-12-22T13:57:00.000Z"}},{"iob":0.353,"basaliob":0.353,"bolussnooze":0,"activity":0.0039,"lastBolusTime":0,"time":"2023-12-22T14:02:00.000Z","iobWithZeroTemp":{"iob":0.145,"basaliob":0.145,"bolussnooze":0,"activity":0.0029,"lastBolusTime":0,"time":"2023-12-22T14:02:00.000Z"}},{"iob":0.334,"basaliob":0.334,"bolussnooze":0,"activity":0.0038,"lastBolusTime":0,"time":"2023-12-22T14:07:00.000Z","iobWithZeroTemp":{"iob":0.107,"basaliob":0.107,"bolussnooze":0,"activity":0.0026,"lastBolusTime":0,"time":"2023-12-22T14:07:00.000Z"}},{"iob":0.315,"basaliob":0.315,"bolussnooze":0,"activity":0.0037,"lastBolusTime":0,"time":"2023-12-22T14:12:00.000Z","iobWithZeroTemp":{"iob":0.069,"basaliob":0.069,"bolussnooze":0,"activity":0.0023,"lastBolusTime":0,"time":"2023-12-22T14:12:00.000Z"}},{"iob":0.297,"basaliob":0.297,"bolussnooze":0,"activity":0.0035,"lastBolusTime":0,"time":"2023-12-22T14:17:00.000Z","iobWithZeroTemp":{"iob":0.033,"basaliob":0.033,"bolussnooze":0,"activity":0.002,"lastBolusTime":0,"time":"2023-12-22T14:17:00.000Z"}},{"iob":0.28,"basaliob":0.28,"bolussnooze":0,"activity":0.0034,"lastBolusTime":0,"time":"2023-12-22T14:22:00.000Z","iobWithZeroTemp":{"iob":-0.001,"basaliob":-0.001,"bolussnooze":0,"activity":0.0017,"lastBolusTime":0,"time":"2023-12-22T14:22:00.000Z"}},{"iob":0.263,"basaliob":0.263,"bolussnooze":0,"activity":0.0033,"lastBolusTime":0,"time":"2023-12-22T14:27:00.000Z","iobWithZeroTemp":{"iob":-0.034,"basaliob":-0.034,"bolussnooze":0,"activity":0.0014,"lastBolusTime":0,"time":"2023-12-22T14:27:00.000Z"}},{"iob":0.247,"basaliob":0.247,"bolussnooze":0,"activity":0.0031,"lastBolusTime":0,"time":"2023-12-22T14:32:00.000Z","iobWithZeroTemp":{"iob":-0.065,"basaliob":-0.065,"bolussnooze":0,"activity":0.0011,"lastBolusTime":0,"time":"2023-12-22T14:32:00.000Z"}},{"iob":0.232,"basaliob":0.232,"bolussnooze":0,"activity":0.003,"lastBolusTime":0,"time":"2023-12-22T14:37:00.000Z","iobWithZeroTemp":{"iob":-0.095,"basaliob":-0.095,"bolussnooze":0,"activity":8.0E-4,"lastBolusTime":0,"time":"2023-12-22T14:37:00.000Z"}},{"iob":0.217,"basaliob":0.217,"bolussnooze":0,"activity":0.0028,"lastBolusTime":0,"time":"2023-12-22T14:42:00.000Z","iobWithZeroTemp":{"iob":-0.123,"basaliob":-0.123,"bolussnooze":0,"activity":5.0E-4,"lastBolusTime":0,"time":"2023-12-22T14:42:00.000Z"}},{"iob":0.203,"basaliob":0.203,"bolussnooze":0,"activity":0.0027,"lastBolusTime":0,"time":"2023-12-22T14:47:00.000Z","iobWithZeroTemp":{"iob":-0.15,"basaliob":-0.15,"bolussnooze":0,"activity":2.0E-4,"lastBolusTime":0,"time":"2023-12-22T14:47:00.000Z"}},{"iob":0.19,"basaliob":0.19,"bolussnooze":0,"activity":0.0026,"lastBolusTime":0,"time":"2023-12-22T14:52:00.000Z","iobWithZeroTemp":{"iob":-0.175,"basaliob":-0.175,"bolussnooze":0,"activity":0,"lastBolusTime":0,"time":"2023-12-22T14:52:00.000Z"}},{"iob":0.178,"basaliob":0.178,"bolussnooze":0,"activity":0.0024,"lastBolusTime":0,"time":"2023-12-22T14:57:00.000Z","iobWithZeroTemp":{"iob":-0.199,"basaliob":-0.199,"bolussnooze":0,"activity":-4.0E-4,"lastBolusTime":0,"time":"2023-12-22T14:57:00.000Z"}},{"iob":0.166,"basaliob":0.166,"bolussnooze":0,"activity":0.0023,"lastBolusTime":0,"time":"2023-12-22T15:02:00.000Z","iobWithZeroTemp":{"iob":-0.222,"basaliob":-0.222,"bolussnooze":0,"activity":-6.0E-4,"lastBolusTime":0,"time":"2023-12-22T15:02:00.000Z"}},{"iob":0.155,"basaliob":0.155,"bolussnooze":0,"activity":0.0022,"lastBolusTime":0,"time":"2023-12-22T15:07:00.000Z","iobWithZeroTemp":{"iob":-0.243,"basaliob":-0.243,"bolussnooze":0,"activity":-8.0E-4,"lastBolusTime":0,"time":"2023-12-22T15:07:00.000Z"}},{"iob":0.144,"basaliob":0.144,"bolussnooze":0,"activity":0.0021,"lastBolusTime":0,"time":"2023-12-22T15:12:00.000Z","iobWithZeroTemp":{"iob":-0.263,"basaliob":-0.263,"bolussnooze":0,"activity":-0.0011,"lastBolusTime":0,"time":"2023-12-22T15:12:00.000Z"}},{"iob":0.134,"basaliob":0.134,"bolussnooze":0,"activity":0.0019,"lastBolusTime":0,"time":"2023-12-22T15:17:00.000Z","iobWithZeroTemp":{"iob":-0.282,"basaliob":-0.282,"bolussnooze":0,"activity":-0.0014,"lastBolusTime":0,"time":"2023-12-22T15:17:00.000Z"}},{"iob":0.125,"basaliob":0.125,"bolussnooze":0,"activity":0.0018,"lastBolusTime":0,"time":"2023-12-22T15:22:00.000Z","iobWithZeroTemp":{"iob":-0.299,"basaliob":-0.299,"bolussnooze":0,"activity":-0.0016,"lastBolusTime":0,"time":"2023-12-22T15:22:00.000Z"}},{"iob":0.116,"basaliob":0.116,"bolussnooze":0,"activity":0.0017,"lastBolusTime":0,"time":"2023-12-22T15:27:00.000Z","iobWithZeroTemp":{"iob":-0.316,"basaliob":-0.316,"bolussnooze":0,"activity":-0.0018,"lastBolusTime":0,"time":"2023-12-22T15:27:00.000Z"}},{"iob":0.108,"basaliob":0.108,"bolussnooze":0,"activity":0.0016,"lastBolusTime":0,"time":"2023-12-22T15:32:00.000Z","iobWithZeroTemp":{"iob":-0.331,"basaliob":-0.331,"bolussnooze":0,"activity":-0.002,"lastBolusTime":0,"time":"2023-12-22T15:32:00.000Z"}},{"iob":0.1,"basaliob":0.1,"bolussnooze":0,"activity":0.0015,"lastBolusTime":0,"time":"2023-12-22T15:37:00.000Z","iobWithZeroTemp":{"iob":-0.346,"basaliob":-0.346,"bolussnooze":0,"activity":-0.0022,"lastBolusTime":0,"time":"2023-12-22T15:37:00.000Z"}},{"iob":0.093,"basaliob":0.093,"bolussnooze":0,"activity":0.0014,"lastBolusTime":0,"time":"2023-12-22T15:42:00.000Z","iobWithZeroTemp":{"iob":-0.359,"basaliob":-0.359,"bolussnooze":0,"activity":-0.0024,"lastBolusTime":0,"time":"2023-12-22T15:42:00.000Z"}},{"iob":0.086,"basaliob":0.086,"bolussnooze":0,"activity":0.0013,"lastBolusTime":0,"time":"2023-12-22T15:47:00.000Z","iobWithZeroTemp":{"iob":-0.372,"basaliob":-0.372,"bolussnooze":0,"activity":-0.0026,"lastBolusTime":0,"time":"2023-12-22T15:47:00.000Z"}},{"iob":0.079,"basaliob":0.079,"bolussnooze":0,"activity":0.0012,"lastBolusTime":0,"time":"2023-12-22T15:52:00.000Z","iobWithZeroTemp":{"iob":-0.385,"basaliob":-0.385,"bolussnooze":0,"activity":-0.0027,"lastBolusTime":0,"time":"2023-12-22T15:52:00.000Z"}},{"iob":0.074,"basaliob":0.074,"bolussnooze":0,"activity":0.0011,"lastBolusTime":0,"time":"2023-12-22T15:57:00.000Z","iobWithZeroTemp":{"iob":-0.395,"basaliob":-0.395,"bolussnooze":0,"activity":-0.0029,"lastBolusTime":0,"time":"2023-12-22T15:57:00.000Z"}},{"iob":0.068,"basaliob":0.068,"bolussnooze":0,"activity":0.0011,"lastBolusTime":0,"time":"2023-12-22T16:02:00.000Z","iobWithZeroTemp":{"iob":-0.406,"basaliob":-0.406,"bolussnooze":0,"activity":-0.003,"lastBolusTime":0,"time":"2023-12-22T16:02:00.000Z"}},{"iob":0.063,"basaliob":0.063,"bolussnooze":0,"activity":0.001,"lastBolusTime":0,"time":"2023-12-22T16:07:00.000Z","iobWithZeroTemp":{"iob":-0.423,"basaliob":-0.423,"bolussnooze":0,"activity":-0.0032,"lastBolusTime":0,"time":"2023-12-22T16:07:00.000Z"}},{"iob":0.058,"basaliob":0.058,"bolussnooze":0,"activity":9.0E-4,"lastBolusTime":0,"time":"2023-12-22T16:12:00.000Z","iobWithZeroTemp":{"iob":-0.441,"basaliob":-0.441,"bolussnooze":0,"activity":-0.0033,"lastBolusTime":0,"time":"2023-12-22T16:12:00.000Z"}},{"iob":0.054,"basaliob":0.054,"bolussnooze":0,"activity":9.0E-4,"lastBolusTime":0,"time":"2023-12-22T16:17:00.000Z","iobWithZeroTemp":{"iob":-0.457,"basaliob":-0.457,"bolussnooze":0,"activity":-0.0034,"lastBolusTime":0,"time":"2023-12-22T16:17:00.000Z"}},{"iob":0.049,"basaliob":0.049,"bolussnooze":0,"activity":8.0E-4,"lastBolusTime":0,"time":"2023-12-22T16:22:00.000Z","iobWithZeroTemp":{"iob":-0.473,"basaliob":-0.473,"bolussnooze":0,"activity":-0.0036,"lastBolusTime":0,"time":"2023-12-22T16:22:00.000Z"}},{"iob":0.045,"basaliob":0.045,"bolussnooze":0,"activity":7.0E-4,"lastBolusTime":0,"time":"2023-12-22T16:27:00.000Z","iobWithZeroTemp":{"iob":-0.488,"basaliob":-0.488,"bolussnooze":0,"activity":-0.0038,"lastBolusTime":0,"time":"2023-12-22T16:27:00.000Z"}},{"iob":0.042,"basaliob":0.042,"bolussnooze":0,"activity":7.0E-4,"lastBolusTime":0,"time":"2023-12-22T16:32:00.000Z","iobWithZeroTemp":{"iob":-0.502,"basaliob":-0.502,"bolussnooze":0,"activity":-0.0039,"lastBolusTime":0,"time":"2023-12-22T16:32:00.000Z"}},{"iob":0.038,"basaliob":0.038,"bolussnooze":0,"activity":6.0E-4,"lastBolusTime":0,"time":"2023-12-22T16:37:00.000Z","iobWithZeroTemp":{"iob":-0.516,"basaliob":-0.516,"bolussnooze":0,"activity":-0.0041,"lastBolusTime":0,"time":"2023-12-22T16:37:00.000Z"}},{"iob":0.035,"basaliob":0.035,"bolussnooze":0,"activity":6.0E-4,"lastBolusTime":0,"time":"2023-12-22T16:42:00.000Z","iobWithZeroTemp":{"iob":-0.529,"basaliob":-0.529,"bolussnooze":0,"activity":-0.0042,"lastBolusTime":0,"time":"2023-12-22T16:42:00.000Z"}},{"iob":0.033,"basaliob":0.033,"bolussnooze":0,"activity":6.0E-4,"lastBolusTime":0,"time":"2023-12-22T16:47:00.000Z","iobWithZeroTemp":{"iob":-0.54,"basaliob":-0.54,"bolussnooze":0,"activity":-0.0043,"lastBolusTime":0,"time":"2023-12-22T16:47:00.000Z"}},{"iob":0.03,"basaliob":0.03,"bolussnooze":0,"activity":5.0E-4,"lastBolusTime":0,"time":"2023-12-22T16:52:00.000Z","iobWithZeroTemp":{"iob":-0.551,"basaliob":-0.551,"bolussnooze":0,"activity":-0.0045,"lastBolusTime":0,"time":"2023-12-22T16:52:00.000Z"}},{"iob":0.027,"basaliob":0.027,"bolussnooze":0,"activity":5.0E-4,"lastBolusTime":0,"time":"2023-12-22T16:57:00.000Z","iobWithZeroTemp":{"iob":-0.563,"basaliob":-0.563,"bolussnooze":0,"activity":-0.0046,"lastBolusTime":0,"time":"2023-12-22T16:57:00.000Z"}},{"iob":0.025,"basaliob":0.025,"bolussnooze":0,"activity":4.0E-4,"lastBolusTime":0,"time":"2023-12-22T17:02:00.000Z","iobWithZeroTemp":{"iob":-0.572,"basaliob":-0.572,"bolussnooze":0,"activity":-0.0048,"lastBolusTime":0,"time":"2023-12-22T17:02:00.000Z"}},{"iob":0.023,"basaliob":0.023,"bolussnooze":0,"activity":4.0E-4,"lastBolusTime":0,"time":"2023-12-22T17:07:00.000Z","iobWithZeroTemp":{"iob":-0.582,"basaliob":-0.582,"bolussnooze":0,"activity":-0.0048,"lastBolusTime":0,"time":"2023-12-22T17:07:00.000Z"}},{"iob":0.021,"basaliob":0.021,"bolussnooze":0,"activity":4.0E-4,"lastBolusTime":0,"time":"2023-12-22T17:12:00.000Z","iobWithZeroTemp":{"iob":-0.591,"basaliob":-0.591,"bolussnooze":0,"activity":-0.0049,"lastBolusTime":0,"time":"2023-12-22T17:12:00.000Z"}},{"iob":0.019,"basaliob":0.019,"bolussnooze":0,"activity":3.0E-4,"lastBolusTime":0,"time":"2023-12-22T17:17:00.000Z","iobWithZeroTemp":{"iob":-0.599,"basaliob":-0.599,"bolussnooze":0,"activity":-0.0051,"lastBolusTime":0,"time":"2023-12-22T17:17:00.000Z"}},{"iob":0.018,"basaliob":0.018,"bolussnooze":0,"activity":3.0E-4,"lastBolusTime":0,"time":"2023-12-22T17:22:00.000Z","iobWithZeroTemp":{"iob":-0.573,"basaliob":-0.573,"bolussnooze":0,"activity":-0.0052,"lastBolusTime":0,"time":"2023-12-22T17:22:00.000Z"}},{"iob":0.016,"basaliob":0.016,"bolussnooze":0,"activity":3.0E-4,"lastBolusTime":0,"time":"2023-12-22T17:27:00.000Z","iobWithZeroTemp":{"iob":-0.548,"basaliob":-0.548,"bolussnooze":0,"activity":-0.0052,"lastBolusTime":0,"time":"2023-12-22T17:27:00.000Z"}},{"iob":0.015,"basaliob":0.015,"bolussnooze":0,"activity":3.0E-4,"lastBolusTime":0,"time":"2023-12-22T17:32:00.000Z","iobWithZeroTemp":{"iob":-0.522,"basaliob":-0.522,"bolussnooze":0,"activity":-0.0051,"lastBolusTime":0,"time":"2023-12-22T17:32:00.000Z"}},{"iob":0.013,"basaliob":0.013,"bolussnooze":0,"activity":2.0E-4,"lastBolusTime":0,"time":"2023-12-22T17:37:00.000Z","iobWithZeroTemp":{"iob":-0.497,"basaliob":-0.497,"bolussnooze":0,"activity":-0.0051,"lastBolusTime":0,"time":"2023-12-22T17:37:00.000Z"}},{"iob":0.012,"basaliob":0.012,"bolussnooze":0,"activity":2.0E-4,"lastBolusTime":0,"time":"2023-12-22T17:42:00.000Z","iobWithZeroTemp":{"iob":-0.471,"basaliob":-0.471,"bolussnooze":0,"activity":-0.005,"lastBolusTime":0,"time":"2023-12-22T17:42:00.000Z"}},{"iob":0.011,"basaliob":0.011,"bolussnooze":0,"activity":2.0E-4,"lastBolusTime":0,"time":"2023-12-22T17:47:00.000Z","iobWithZeroTemp":{"iob":-0.447,"basaliob":-0.447,"bolussnooze":0,"activity":-0.0049,"lastBolusTime":0,"time":"2023-12-22T17:47:00.000Z"}},{"iob":0.01,"basaliob":0.01,"bolussnooze":0,"activity":2.0E-4,"lastBolusTime":0,"time":"2023-12-22T17:52:00.000Z","iobWithZeroTemp":{"iob":-0.422,"basaliob":-0.422,"bolussnooze":0,"activity":-0.0048,"lastBolusTime":0,"time":"2023-12-22T17:52:00.000Z"}},{"iob":0.009,"basaliob":0.009,"bolussnooze":0,"activity":2.0E-4,"lastBolusTime":0,"time":"2023-12-22T17:57:00.000Z","iobWithZeroTemp":{"iob":-0.399,"basaliob":-0.399,"bolussnooze":0,"activity":-0.0046,"lastBolusTime":0,"time":"2023-12-22T17:57:00.000Z"}},{"iob":0.008,"basaliob":0.008,"bolussnooze":0,"activity":2.0E-4,"lastBolusTime":0,"time":"2023-12-22T18:02:00.000Z","iobWithZeroTemp":{"iob":-0.377,"basaliob":-0.377,"bolussnooze":0,"activity":-0.0044,"lastBolusTime":0,"time":"2023-12-22T18:02:00.000Z"}},{"iob":0.008,"basaliob":0.008,"bolussnooze":0,"activity":1.0E-4,"lastBolusTime":0,"time":"2023-12-22T18:07:00.000Z","iobWithZeroTemp":{"iob":-0.354,"basaliob":-0.354,"bolussnooze":0,"activity":-0.0043,"lastBolusTime":0,"time":"2023-12-22T18:07:00.000Z"}},{"iob":0.007,"basaliob":0.007,"bolussnooze":0,"activity":1.0E-4,"lastBolusTime":0,"time":"2023-12-22T18:12:00.000Z","iobWithZeroTemp":{"iob":-0.333,"basaliob":-0.333,"bolussnooze":0,"activity":-0.0042,"lastBolusTime":0,"time":"2023-12-22T18:12:00.000Z"}},{"iob":0.006,"basaliob":0.006,"bolussnooze":0,"activity":1.0E-4,"lastBolusTime":0,"time":"2023-12-22T18:17:00.000Z","iobWithZeroTemp":{"iob":-0.313,"basaliob":-0.313,"bolussnooze":0,"activity":-0.004,"lastBolusTime":0,"time":"2023-12-22T18:17:00.000Z"}},{"iob":0.006,"basaliob":0.006,"bolussnooze":0,"activity":1.0E-4,"lastBolusTime":0,"time":"2023-12-22T18:22:00.000Z","iobWithZeroTemp":{"iob":-0.293,"basaliob":-0.293,"bolussnooze":0,"activity":-0.0038,"lastBolusTime":0,"time":"2023-12-22T18:22:00.000Z"}},{"iob":0.005,"basaliob":0.005,"bolussnooze":0,"activity":1.0E-4,"lastBolusTime":0,"time":"2023-12-22T18:27:00.000Z","iobWithZeroTemp":{"iob":-0.275,"basaliob":-0.275,"bolussnooze":0,"activity":-0.0036,"lastBolusTime":0,"time":"2023-12-22T18:27:00.000Z"}},{"iob":0.005,"basaliob":0.005,"bolussnooze":0,"activity":1.0E-4,"lastBolusTime":0,"time":"2023-12-22T18:32:00.000Z","iobWithZeroTemp":{"iob":-0.257,"basaliob":-0.257,"bolussnooze":0,"activity":-0.0034,"lastBolusTime":0,"time":"2023-12-22T18:32:00.000Z"}},{"iob":0.004,"basaliob":0.004,"bolussnooze":0,"activity":1.0E-4,"lastBolusTime":0,"time":"2023-12-22T18:37:00.000Z","iobWithZeroTemp":{"iob":-0.241,"basaliob":-0.241,"bolussnooze":0,"activity":-0.0032,"lastBolusTime":0,"time":"2023-12-22T18:37:00.000Z"}},{"iob":0.004,"basaliob":0.004,"bolussnooze":0,"activity":1.0E-4,"lastBolusTime":0,"time":"2023-12-22T18:42:00.000Z","iobWithZeroTemp":{"iob":-0.225,"basaliob":-0.225,"bolussnooze":0,"activity":-0.0031,"lastBolusTime":0,"time":"2023-12-22T18:42:00.000Z"}},{"iob":0.003,"basaliob":0.003,"bolussnooze":0,"activity":1.0E-4,"lastBolusTime":0,"time":"2023-12-22T18:47:00.000Z","iobWithZeroTemp":{"iob":-0.211,"basaliob":-0.211,"bolussnooze":0,"activity":-0.0029,"lastBolusTime":0,"time":"2023-12-22T18:47:00.000Z"}},{"iob":0.003,"basaliob":0.003,"bolussnooze":0,"activity":1.0E-4,"lastBolusTime":0,"time":"2023-12-22T18:52:00.000Z","iobWithZeroTemp":{"iob":-0.196,"basaliob":-0.196,"bolussnooze":0,"activity":-0.0027,"lastBolusTime":0,"time":"2023-12-22T18:52:00.000Z"}},{"iob":0.003,"basaliob":0.003,"bolussnooze":0,"activity":1.0E-4,"lastBolusTime":0,"time":"2023-12-22T18:57:00.000Z","iobWithZeroTemp":{"iob":-0.182,"basaliob":-0.182,"bolussnooze":0,"activity":-0.0026,"lastBolusTime":0,"time":"2023-12-22T18:57:00.000Z"}},{"iob":0.002,"basaliob":0.002,"bolussnooze":0,"activity":1.0E-4,"lastBolusTime":0,"time":"2023-12-22T19:02:00.000Z","iobWithZeroTemp":{"iob":-0.171,"basaliob":-0.171,"bolussnooze":0,"activity":-0.0024,"lastBolusTime":0,"time":"2023-12-22T19:02:00.000Z"}},{"iob":0.002,"basaliob":0.002,"bolussnooze":0,"activity":0,"lastBolusTime":0,"time":"2023-12-22T19:07:00.000Z","iobWithZeroTemp":{"iob":-0.158,"basaliob":-0.158,"bolussnooze":0,"activity":-0.0024,"lastBolusTime":0,"time":"2023-12-22T19:07:00.000Z"}},{"iob":0.002,"basaliob":0.002,"bolussnooze":0,"activity":0,"lastBolusTime":0,"time":"2023-12-22T19:12:00.000Z","iobWithZeroTemp":{"iob":-0.147,"basaliob":-0.147,"bolussnooze":0,"activity":-0.0022,"lastBolusTime":0,"time":"2023-12-22T19:12:00.000Z"}},{"iob":0.002,"basaliob":0.002,"bolussnooze":0,"activity":0,"lastBolusTime":0,"time":"2023-12-22T19:17:00.000Z","iobWithZeroTemp":{"iob":-0.136,"basaliob":-0.136,"bolussnooze":0,"activity":-0.0021,"lastBolusTime":0,"time":"2023-12-22T19:17:00.000Z"}},{"iob":0.001,"basaliob":0.001,"bolussnooze":0,"activity":0,"lastBolusTime":0,"time":"2023-12-22T19:22:00.000Z","iobWithZeroTemp":{"iob":-0.127,"basaliob":-0.127,"bolussnooze":0,"activity":-0.0019,"lastBolusTime":0,"time":"2023-12-22T19:22:00.000Z"}},{"iob":0.001,"basaliob":0.001,"bolussnooze":0,"activity":0,"lastBolusTime":0,"time":"2023-12-22T19:27:00.000Z","iobWithZeroTemp":{"iob":-0.118,"basaliob":-0.118,"bolussnooze":0,"activity":-0.0018,"lastBolusTime":0,"time":"2023-12-22T19:27:00.000Z"}},{"iob":0.001,"basaliob":0.001,"bolussnooze":0,"activity":0,"lastBolusTime":0,"time":"2023-12-22T19:32:00.000Z","iobWithZeroTemp":{"iob":-0.109,"basaliob":-0.109,"bolussnooze":0,"activity":-0.0017,"lastBolusTime":0,"time":"2023-12-22T19:32:00.000Z"}},{"iob":0.001,"basaliob":0.001,"bolussnooze":0,"activity":0,"lastBolusTime":0,"time":"2023-12-22T19:37:00.000Z","iobWithZeroTemp":{"iob":-0.101,"basaliob":-0.101,"bolussnooze":0,"activity":-0.0016,"lastBolusTime":0,"time":"2023-12-22T19:37:00.000Z"}},{"iob":0.001,"basaliob":0.001,"bolussnooze":0,"activity":0,"lastBolusTime":0,"time":"2023-12-22T19:42:00.000Z","iobWithZeroTemp":{"iob":-0.093,"basaliob":-0.093,"bolussnooze":0,"activity":-0.0015,"lastBolusTime":0,"time":"2023-12-22T19:42:00.000Z"}},{"iob":0.001,"basaliob":0.001,"bolussnooze":0,"activity":0,"lastBolusTime":0,"time":"2023-12-22T19:47:00.000Z","iobWithZeroTemp":{"iob":-0.086,"basaliob":-0.086,"bolussnooze":0,"activity":-0.0014,"lastBolusTime":0,"time":"2023-12-22T19:47:00.000Z"}},{"iob":0.001,"basaliob":0.001,"bolussnooze":0,"activity":0,"lastBolusTime":0,"time":"2023-12-22T19:52:00.000Z","iobWithZeroTemp":{"iob":-0.079,"basaliob":-0.079,"bolussnooze":0,"activity":-0.0013,"lastBolusTime":0,"time":"2023-12-22T19:52:00.000Z"}},{"iob":0.001,"basaliob":0.001,"bolussnooze":0,"activity":0,"lastBolusTime":0,"time":"2023-12-22T19:57:00.000Z","iobWithZeroTemp":{"iob":-0.073,"basaliob":-0.073,"bolussnooze":0,"activity":-0.0012,"lastBolusTime":0,"time":"2023-12-22T19:57:00.000Z"}},{"iob":0.001,"basaliob":0.001,"bolussnooze":0,"activity":0,"lastBolusTime":0,"time":"2023-12-22T20:02:00.000Z","iobWithZeroTemp":{"iob":-0.067,"basaliob":-0.067,"bolussnooze":0,"activity":-0.0011,"lastBolusTime":0,"time":"2023-12-22T20:02:00.000Z"}},{"iob":0,"basaliob":0,"bolussnooze":0,"activity":0,"lastBolusTime":0,"time":"2023-12-22T20:07:00.000Z","iobWithZeroTemp":{"iob":-0.063,"basaliob":-0.063,"bolussnooze":0,"activity":-0.001,"lastBolusTime":0,"time":"2023-12-22T20:07:00.000Z"}},{"iob":0,"basaliob":0,"bolussnooze":0,"activity":0,"lastBolusTime":0,"time":"2023-12-22T20:12:00.000Z","iobWithZeroTemp":{"iob":-0.058,"basaliob":-0.058,"bolussnooze":0,"activity":-0.001,"lastBolusTime":0,"time":"2023-12-22T20:12:00.000Z"}},{"iob":0,"basaliob":0,"bolussnooze":0,"activity":0,"lastBolusTime":0,"time":"2023-12-22T20:17:00.000Z","iobWithZeroTemp":{"iob":-0.053,"basaliob":-0.053,"bolussnooze":0,"activity":-9.0E-4,"lastBolusTime":0,"time":"2023-12-22T20:17:00.000Z"}},{"iob":0,"basaliob":0,"bolussnooze":0,"activity":0,"lastBolusTime":0,"time":"2023-12-22T20:22:00.000Z","iobWithZeroTemp":{"iob":-0.049,"basaliob":-0.049,"bolussnooze":0,"activity":-8.0E-4,"lastBolusTime":0,"time":"2023-12-22T20:22:00.000Z"}},{"iob":0,"basaliob":0,"bolussnooze":0,"activity":0,"lastBolusTime":0,"time":"2023-12-22T20:27:00.000Z","iobWithZeroTemp":{"iob":-0.045,"basaliob":-0.045,"bolussnooze":0,"activity":-8.0E-4,"lastBolusTime":0,"time":"2023-12-22T20:27:00.000Z"}},{"iob":0,"basaliob":0,"bolussnooze":0,"activity":0,"lastBolusTime":0,"time":"2023-12-22T20:32:00.000Z","iobWithZeroTemp":{"iob":-0.041,"basaliob":-0.041,"bolussnooze":0,"activity":-7.0E-4,"lastBolusTime":0,"time":"2023-12-22T20:32:00.000Z"}},{"iob":0,"basaliob":0,"bolussnooze":0,"activity":0,"lastBolusTime":0,"time":"2023-12-22T20:37:00.000Z","iobWithZeroTemp":{"iob":-0.038,"basaliob":-0.038,"bolussnooze":0,"activity":-7.0E-4,"lastBolusTime":0,"time":"2023-12-22T20:37:00.000Z"}},{"iob":0,"basaliob":0,"bolussnooze":0,"activity":0,"lastBolusTime":0,"time":"2023-12-22T20:42:00.000Z","iobWithZeroTemp":{"iob":-0.035,"basaliob":-0.035,"bolussnooze":0,"activity":-6.0E-4,"lastBolusTime":0,"time":"2023-12-22T20:42:00.000Z"}},{"iob":0,"basaliob":0,"bolussnooze":0,"activity":0,"lastBolusTime":0,"time":"2023-12-22T20:47:00.000Z","iobWithZeroTemp":{"iob":-0.032,"basaliob":-0.032,"bolussnooze":0,"activity":-6.0E-4,"lastBolusTime":0,"time":"2023-12-22T20:47:00.000Z"}},{"iob":0,"basaliob":0,"bolussnooze":0,"activity":0,"lastBolusTime":0,"time":"2023-12-22T20:52:00.000Z","iobWithZeroTemp":{"iob":-0.029,"basaliob":-0.029,"bolussnooze":0,"activity":-5.0E-4,"lastBolusTime":0,"time":"2023-12-22T20:52:00.000Z"}},{"iob":0,"basaliob":0,"bolussnooze":0,"activity":0,"lastBolusTime":0,"time":"2023-12-22T20:57:00.000Z","iobWithZeroTemp":{"iob":-0.027,"basaliob":-0.027,"bolussnooze":0,"activity":-5.0E-4,"lastBolusTime":0,"time":"2023-12-22T20:57:00.000Z"}},{"iob":0,"basaliob":0,"bolussnooze":0,"activity":0,"lastBolusTime":0,"time":"2023-12-22T21:02:00.000Z","iobWithZeroTemp":{"iob":-0.024,"basaliob":-0.024,"bolussnooze":0,"activity":-4.0E-4,"lastBolusTime":0,"time":"2023-12-22T21:02:00.000Z"}},{"iob":0,"basaliob":0,"bolussnooze":0,"activity":0,"lastBolusTime":0,"time":"2023-12-22T21:07:00.000Z","iobWithZeroTemp":{"iob":-0.022,"basaliob":-0.022,"bolussnooze":0,"activity":-4.0E-4,"lastBolusTime":0,"time":"2023-12-22T21:07:00.000Z"}},{"iob":0,"basaliob":0,"bolussnooze":0,"activity":0,"lastBolusTime":0,"time":"2023-12-22T21:12:00.000Z","iobWithZeroTemp":{"iob":-0.02,"basaliob":-0.02,"bolussnooze":0,"activity":-4.0E-4,"lastBolusTime":0,"time":"2023-12-22T21:12:00.000Z"}},{"iob":0,"basaliob":0,"bolussnooze":0,"activity":0,"lastBolusTime":0,"time":"2023-12-22T21:17:00.000Z","iobWithZeroTemp":{"iob":-0.019,"basaliob":-0.019,"bolussnooze":0,"activity":-3.0E-4,"lastBolusTime":0,"time":"2023-12-22T21:17:00.000Z"}},{"iob":0,"basaliob":0,"bolussnooze":0,"activity":0,"lastBolusTime":0,"time":"2023-12-22T21:22:00.000Z","iobWithZeroTemp":{"iob":-0.017,"basaliob":-0.017,"bolussnooze":0,"activity":-3.0E-4,"lastBolusTime":0,"time":"2023-12-22T21:22:00.000Z"}},{"iob":0,"basaliob":0,"bolussnooze":0,"activity":0,"lastBolusTime":0,"time":"2023-12-22T21:27:00.000Z","iobWithZeroTemp":{"iob":-0.015,"basaliob":-0.015,"bolussnooze":0,"activity":-3.0E-4,"lastBolusTime":0,"time":"2023-12-22T21:27:00.000Z"}},{"iob":0,"basaliob":0,"bolussnooze":0,"activity":0,"lastBolusTime":0,"time":"2023-12-22T21:32:00.000Z","iobWithZeroTemp":{"iob":-0.014,"basaliob":-0.014,"bolussnooze":0,"activity":-3.0E-4,"lastBolusTime":0,"time":"2023-12-22T21:32:00.000Z"}},{"iob":0,"basaliob":0,"bolussnooze":0,"activity":0,"lastBolusTime":0,"time":"2023-12-22T21:37:00.000Z","iobWithZeroTemp":{"iob":-0.013,"basaliob":-0.013,"bolussnooze":0,"activity":-2.0E-4,"lastBolusTime":0,"time":"2023-12-22T21:37:00.000Z"}},{"iob":0,"basaliob":0,"bolussnooze":0,"activity":0,"lastBolusTime":0,"time":"2023-12-22T21:42:00.000Z","iobWithZeroTemp":{"iob":-0.012,"basaliob":-0.012,"bolussnooze":0,"activity":-2.0E-4,"lastBolusTime":0,"time":"2023-12-22T21:42:00.000Z"}},{"iob":0,"basaliob":0,"bolussnooze":0,"activity":0,"lastBolusTime":0,"time":"2023-12-22T21:47:00.000Z","iobWithZeroTemp":{"iob":-0.01,"basaliob":-0.01,"bolussnooze":0,"activity":-2.0E-4,"lastBolusTime":0,"time":"2023-12-22T21:47:00.000Z"}},{"iob":0,"basaliob":0,"bolussnooze":0,"activity":0,"lastBolusTime":0,"time":"2023-12-22T21:52:00.000Z","iobWithZeroTemp":{"iob":-0.009,"basaliob":-0.009,"bolussnooze":0,"activity":-2.0E-4,"lastBolusTime":0,"time":"2023-12-22T21:52:00.000Z"}},{"iob":0,"basaliob":0,"bolussnooze":0,"activity":0,"lastBolusTime":0,"time":"2023-12-22T21:57:00.000Z","iobWithZeroTemp":{"iob":-0.009,"basaliob":-0.009,"bolussnooze":0,"activity":-2.0E-4,"lastBolusTime":0,"time":"2023-12-22T21:57:00.000Z"}},{"iob":0,"basaliob":0,"bolussnooze":0,"activity":0,"lastBolusTime":0,"time":"2023-12-22T22:02:00.000Z","iobWithZeroTemp":{"iob":-0.008,"basaliob":-0.008,"bolussnooze":0,"activity":-2.0E-4,"lastBolusTime":0,"time":"2023-12-22T22:02:00.000Z"}},{"iob":0,"basaliob":0,"bolussnooze":0,"activity":0,"lastBolusTime":0,"time":"2023-12-22T22:07:00.000Z","iobWithZeroTemp":{"iob":-0.007,"basaliob":-0.007,"bolussnooze":0,"activity":-1.0E-4,"lastBolusTime":0,"time":"2023-12-22T22:07:00.000Z"}},{"iob":0,"basaliob":0,"bolussnooze":0,"activity":0,"lastBolusTime":0,"time":"2023-12-22T22:12:00.000Z","iobWithZeroTemp":{"iob":-0.006,"basaliob":-0.006,"bolussnooze":0,"activity":-1.0E-4,"lastBolusTime":0,"time":"2023-12-22T22:12:00.000Z"}},{"iob":0,"basaliob":0,"bolussnooze":0,"activity":0,"lastBolusTime":0,"time":"2023-12-22T22:17:00.000Z","iobWithZeroTemp":{"iob":-0.006,"basaliob":-0.006,"bolussnooze":0,"activity":-1.0E-4,"lastBolusTime":0,"time":"2023-12-22T22:17:00.000Z"}},{"iob":0,"basaliob":0,"bolussnooze":0,"activity":0,"lastBolusTime":0,"time":"2023-12-22T22:22:00.000Z","iobWithZeroTemp":{"iob":-0.005,"basaliob":-0.005,"bolussnooze":0,"activity":-1.0E-4,"lastBolusTime":0,"time":"2023-12-22T22:22:00.000Z"}},{"iob":0,"basaliob":0,"bolussnooze":0,"activity":0,"lastBolusTime":0,"time":"2023-12-22T22:27:00.000Z","iobWithZeroTemp":{"iob":-0.005,"basaliob":-0.005,"bolussnooze":0,"activity":-1.0E-4,"lastBolusTime":0,"time":"2023-12-22T22:27:00.000Z"}},{"iob":0,"basaliob":0,"bolussnooze":0,"activity":0,"lastBolusTime":0,"time":"2023-12-22T22:32:00.000Z","iobWithZeroTemp":{"iob":-0.004,"basaliob":-0.004,"bolussnooze":0,"activity":-1.0E-4,"lastBolusTime":0,"time":"2023-12-22T22:32:00.000Z"}},{"iob":0,"basaliob":0,"bolussnooze":0,"activity":0,"lastBolusTime":0,"time":"2023-12-22T22:37:00.000Z","iobWithZeroTemp":{"iob":-0.004,"basaliob":-0.004,"bolussnooze":0,"activity":-1.0E-4,"lastBolusTime":0,"time":"2023-12-22T22:37:00.000Z"}},{"iob":0,"basaliob":0,"bolussnooze":0,"activity":0,"lastBolusTime":0,"time":"2023-12-22T22:42:00.000Z","iobWithZeroTemp":{"iob":-0.003,"basaliob":-0.003,"bolussnooze":0,"activity":-1.0E-4,"lastBolusTime":0,"time":"2023-12-22T22:42:00.000Z"}}],"profile":{"max_iob":1.5,"dia":3,"type":"current","max_daily_basal":0.5,"max_basal":1.2,"min_bg":100.8,"max_bg":100.8,"target_bg":100.8,"carb_ratio":30,"sens":126,"max_daily_safety_multiplier":3,"current_basal_safety_multiplier":4,"skip_neutral_temps":true,"current_basal":0.3,"temptargetSet":false,"autosens_adjust_targets":true,"min_5m_carbimpact":5.5,"out_units":"mmol\/L"},"autosens_data":{"ratio":1},"meal_data":{"carbs":0,"mealCOB":0}},"output":{"temp":"absolute","bg":170,"tick":"+4","eventualBG":133,"snoozeBG":133,"predBGs":{"IOB":[170,172,174,175,176,176,176,175,174,173,171,169,167,165,163,161,159,157,155,153,152,150,149,147,146,145,144,143,142,141,140,139,138,138,137,136,136,135,135,134,134,133,133,133,132,132,132,132,131,131,131,131,131,130,130,130,130,130,130,130,130,130,130,129]},"COB":0,"IOB":0.534,"reason":"COB: 0, Dev: 30, BGI: -2.27, ISF: 7.0, Target: 5.6; Eventual BG 7.4 >= 5.6, temp 0.700 < 0.8U\/hr, but 25m left and 0.7 ~ req 0.8U\/hr: no action required","timestamp":"2023-12-22T13:16:04.919Z"}}