{"algorithm":"OpenAPSAMAPlugin","input":{"glucoseStatus":{"glucose":115,"delta":29.67,"short_avgdelta":26.22,"long_avgdelta":10.64},"currenttemp":{"temp":"absolute","duration":25,"rate":0.8,"minutesrunning":5},"iob_data":[{"iob":-0.171,"basaliob":-0.171,"bolussnooze":0,"activity":-8.0E-4,"lastBolusTime":0,"time":"2023-12-22T10:22:00.000Z","iobWithZeroTemp":{"iob":-0.171,"basaliob":-0.171,"bolussnooze":0,"activity":-8.0E-4,"lastBolusTime":0,"time":"2023-12-22T10:22:00.000Z"}},{"iob":-0.167,"basaliob":-0.167,"bolussnooze":0,"activity":-9.0E-4,"lastBolusTime":0,"time":"2023-12-22T10:27:00.000Z","iobWithZeroTemp":{"iob":-0.192,"basaliob":-0.192,"bolussnooze":0,"activity":-9.0E-4,"lastBolusTime":0,"time":"2023-12-22T10:27:00.000Z"}},{"iob":-0.162,"basaliob":-0.162,"bolussnooze":0,"activity":-0.001,"lastBolusTime":0,"time":"2023-12-22T10:32:00.000Z","iobWithZeroTemp":{"iob":-0.212,"basaliob":-0.212,"bolussnooze":0,"activity":-0.0011,"lastBolusTime":0,"time":"2023-12-22T10:32:00.000Z"}},{"iob":-0.157,"basaliob":-0.157,"bolussnooze":0,"activity":-0.0011,"lastBolusTime":0,"time":"2023-12-22T10:37:00.000Z","iobWithZeroTemp":{"iob":-0.231,"basaliob":-0.231,"bolussnooze":0,"activity":-0.0013,"lastBolusTime":0,"time":"2023-12-22T10:37:00.000Z"}},{"iob":-0.151,"basaliob":-0.151,"bolussnooze":0,"activity":-0.0011,"lastBolusTime":0,"time":"2023-12-22T10:42:00.000Z","iobWithZeroTemp":{"iob":-0.249,"basaliob":-0.249,"bolussnooze":0,"activity":-0.0014,"lastBolusTime":0,"time":"2023-12-22T10:42:00.000Z"}},{"iob":-0.146,"basaliob":-0.146,"bolussnooze":0,"activity":-0.0012,"lastBolusTime":0,"time":"2023-12-22T10:47:00.000Z","iobWithZeroTemp":{"iob":-0.268,"basaliob":-0.268,"bolussnooze":0,"activity":-0.0016,"lastBolusTime":0,"time":"2023-12-22T10:47:00.000Z"}},{"iob":-0.14,"basaliob":-0.14,"bolussnooze":0,"activity":-0.0012,"lastBolusTime":0,"time":"2023-12-22T10:52:00.000Z","iobWithZeroTemp":{"iob":-0.284,"basaliob":-0.284,"bolussnooze":0,"activity":-0.0017,"lastBolusTime":0,"time":"2023-12-22T10:52:00.000Z"}},{"iob":-0.134,"basaliob":-0.134,"bolussnooze":0,"activity":-0.0012,"lastBolusTime":0,"time":"2023-12-22T10:57:00.000Z","iobWithZeroTemp":{"iob":-0.3,"basaliob":-0.3,"bolussnooze":0,"activity":-0.0019,"lastBolusTime":0,"time":"2023-12-22T10:57:00.000Z"}},{"iob":-0.128,"basaliob":-0.128,"bolussnooze":0,"activity":-0.0012,"lastBolusTime":0,"time":"2023-12-22T11:02:00.000Z","iobWithZeroTemp":{"iob":-0.315,"basaliob":-0.315,"bolussnooze":0,"activity":-0.002,"lastBolusTime":0,"time":"2023-12-22T11:02:00.000Z"}},{"iob":-0.122,"basaliob":-0.122,"bolussnooze":0,"activity":-0.0012,"lastBolusTime":0,"time":"2023-12-22T11:07:00.000Z","iobWithZeroTemp":{"iob":-0.33,"basaliob":-0.33,"bolussnooze":0,"activity":-0.0022,"lastBolusTime":0,"time":"2023-12-22T11:07:00.000Z"}},{"iob":-0.116,"basaliob":-0.116,"bolussnooze":0,"activity":-0.0012,"lastBolusTime":0,"time":"2023-12-22T11:12:00.000Z","iobWithZeroTemp":{"iob":-0.343,"basaliob":-0.343,"bolussnooze":0,"activity":-0.0024,"lastBolusTime":0,"time":"2023-12-22T11:12:00.000Z"}},{"iob":-0.11,"basaliob":-0.11,"bolussnooze":0,"activity":-0.0012,"lastBolusTime":0,"time":"2023-12-22T11:17:00.000Z","iobWithZeroTemp":{"iob":-0.356,"basaliob":-0.356,"bolussnooze":0,"activity":-0.0026,"lastBolusTime":0,"time":"2023-12-22T11:17:00.000Z"}},{"iob":-0.104,"basaliob":-0.104,"bolussnooze":0,"activity":-0.0011,"lastBolusTime":0,"time":"2023-12-22T11:22:00.000Z","iobWithZeroTemp":{"iob":-0.368,"basaliob":-0.368,"bolussnooze":0,"activity":-0.0026,"lastBolusTime":0,"time":"2023-12-22T11:22:00.000Z"}},{"iob":-0.098,"basaliob":-0.098,"bolussnooze":0,"activity":-0.0011,"lastBolusTime":0,"time":"2023-12-22T11:27:00.000Z","iobWithZeroTemp":{"iob":-0.379,"basaliob":-0.379,"bolussnooze":0,"activity":-0.0028,"lastBolusTime":0,"time":"2023-12-22T11:27:00.000Z"}},{"iob":-0.093,"basaliob":-0.093,"bolussnooze":0,"activity":-0.0011,"lastBolusTime":0,"time":"2023-12-22T11:32:00.000Z","iobWithZeroTemp":{"iob":-0.39,"basaliob":-0.39,"bolussnooze":0,"activity":-0.003,"lastBolusTime":0,"time":"2023-12-22T11:32:00.000Z"}},{"iob":-0.088,"basaliob":-0.088,"bolussnooze":0,"activity":-0.001,"lastBolusTime":0,"time":"2023-12-22T11:37:00.000Z","iobWithZeroTemp":{"iob":-0.4,"basaliob":-0.4,"bolussnooze":0,"activity":-0.003,"lastBolusTime":0,"time":"2023-12-22T11:37:00.000Z"}},{"iob":-0.082,"basaliob":-0.082,"bolussnooze":0,"activity":-0.001,"lastBolusTime":0,"time":"2023-12-22T11:42:00.000Z","iobWithZeroTemp":{"iob":-0.409,"basaliob":-0.409,"bolussnooze":0,"activity":-0.0032,"lastBolusTime":0,"time":"2023-12-22T11:42:00.000Z"}},{"iob":-0.078,"basaliob":-0.078,"bolussnooze":0,"activity":-0.001,"lastBolusTime":0,"time":"2023-12-22T11:47:00.000Z","iobWithZeroTemp":{"iob":-0.418,"basaliob":-0.418,"bolussnooze":0,"activity":-0.0033,"lastBolusTime":0,"time":"2023-12-22T11:47:00.000Z"}},{"iob":-0.073,"basaliob":-0.073,"bolussnooze":0,"activity":-9.0E-4,"lastBolusTime":0,"time":"2023-12-22T11:52:00.000Z","iobWithZeroTemp":{"iob":-0.426,"basaliob":-0.426,"bolussnooze":0,"activity":-0.0034,"lastBolusTime":0,"time":"2023-12-22T11:52:00.000Z"}},{"iob":-0.068,"basaliob":-0.068,"bolussnooze":0,"activity":-9.0E-4,"lastBolusTime":0,"time":"2023-12-22T11:57:00.000Z","iobWithZeroTemp":{"iob":-0.433,"basaliob":-0.433,"bolussnooze":0,"activity":-0.0035,"lastBolusTime":0,"time":"2023-12-22T11:57:00.000Z"}},{"iob":-0.064,"basaliob":-0.064,"bolussnooze":0,"activity":-8.0E-4,"lastBolusTime":0,"time":"2023-12-22T12:02:00.000Z","iobWithZeroTemp":{"iob":-0.441,"basaliob":-0.441,"bolussnooze":0,"activity":-0.0036,"lastBolusTime":0,"time":"2023-12-22T12:02:00.000Z"}},{"iob":-0.06,"basaliob":-0.06,"bolussnooze":0,"activity":-8.0E-4,"lastBolusTime":0,"time":"2023-12-22T12:07:00.000Z","iobWithZeroTemp":{"iob":-0.448,"basaliob":-0.448,"bolussnooze":0,"activity":-0.0037,"lastBolusTime":0,"time":"2023-12-22T12:07:00.000Z"}},{"iob":-0.056,"basaliob":-0.056,"bolussnooze":0,"activity":-8.0E-4,"lastBolusTime":0,"time":"2023-12-22T12:12:00.000Z","iobWithZeroTemp":{"iob":-0.454,"basaliob":-0.454,"bolussnooze":0,"activity":-0.0038,"lastBolusTime":0,"time":"2023-12-22T12:12:00.000Z"}},{"iob":-0.053,"basaliob":-0.053,"bolussnooze":0,"activity":-7.0E-4,"lastBolusTime":0,"time":"2023-12-22T12:17:00.000Z","iobWithZeroTemp":{"iob":-0.46,"basaliob":-0.46,"bolussnooze":0,"activity":-0.0039,"lastBolusTime":0,"time":"2023-12-22T12:17:00.000Z"}},{"iob":-0.049,"basaliob":-0.049,"bolussnooze":0,"activity":-7.0E-4,"lastBolusTime":0,"time":"2023-12-22T12:22:00.000Z","iobWithZeroTemp":{"iob":-0.465,"basaliob":-0.465,"bolussnooze":0,"activity":-0.004,"lastBolusTime":0,"time":"2023-12-22T12:22:00.000Z"}},{"iob":-0.046,"basaliob":-0.046,"bolussnooze":0,"activity":-6.0E-4,"lastBolusTime":0,"time":"2023-12-22T12:27:00.000Z","iobWithZeroTemp":{"iob":-0.47,"basaliob":-0.47,"bolussnooze":0,"activity":-0.004,"lastBolusTime":0,"time":"2023-12-22T12:27:00.000Z"}},{"iob":-0.043,"basaliob":-0.043,"bolussnooze":0,"activity":-6.0E-4,"lastBolusTime":0,"time":"2023-12-22T12:32:00.000Z","iobWithZeroTemp":{"iob":-0.475,"basaliob":-0.475,"bolussnooze":0,"activity":-0.0041,"lastBolusTime":0,"time":"2023-12-22T12:32:00.000Z"}},{"iob":-0.04,"basaliob":-0.04,"bolussnooze":0,"activity":-6.0E-4,"lastBolusTime":0,"time":"2023-12-22T12:37:00.000Z","iobWithZeroTemp":{"iob":-0.479,"basaliob":-0.479,"bolussnooze":0,"activity":-0.0042,"lastBolusTime":0,"time":"2023-12-22T12:37:00.000Z"}},{"iob":-0.037,"basaliob":-0.037,"bolussnooze":0,"activity":-5.0E-4,"lastBolusTime":0,"time":"2023-12-22T12:42:00.000Z","iobWithZeroTemp":{"iob":-0.483,"basaliob":-0.483,"bolussnooze":0,"activity":-0.0042,"lastBolusTime":0,"time":"2023-12-22T12:42:00.000Z"}},{"iob":-0.034,"basaliob":-0.034,"bolussnooze":0,"activity":-5.0E-4,"lastBolusTime":0,"time":"2023-12-22T12:47:00.000Z","iobWithZeroTemp":{"iob":-0.486,"basaliob":-0.486,"bolussnooze":0,"activity":-0.0043,"lastBolusTime":0,"time":"2023-12-22T12:47:00.000Z"}},{"iob":-0.032,"basaliob":-0.032,"bolussnooze":0,"activity":-5.0E-4,"lastBolusTime":0,"time":"2023-12-22T12:52:00.000Z","iobWithZeroTemp":{"iob":-0.49,"basaliob":-0.49,"bolussnooze":0,"activity":-0.0044,"lastBolusTime":0,"time":"2023-12-22T12:52:00.000Z"}},{"iob":-0.03,"basaliob":-0.03,"bolussnooze":0,"activity":-4.0E-4,"lastBolusTime":0,"time":"2023-12-22T12:57:00.000Z","iobWithZeroTemp":{"iob":-0.494,"basaliob":-0.494,"bolussnooze":0,"activity":-0.0043,"lastBolusTime":0,"time":"2023-12-22T12:57:00.000Z"}},{"iob":-0.028,"basaliob":-0.028,"bolussnooze":0,"activity":-4.0E-4,"lastBolusTime":0,"time":"2023-12-22T13:02:00.000Z","iobWithZeroTemp":{"iob":-0.497,"basaliob":-0.497,"bolussnooze":0,"activity":-0.0044,"lastBolusTime":0,"time":"2023-12-22T13:02:00.000Z"}},{"iob":-0.026,"basaliob":-0.026,"bolussnooze":0,"activity":-4.0E-4,"lastBolusTime":0,"time":"2023-12-22T13:07:00.000Z","iobWithZeroTemp":{"iob":-0.5,"basaliob":-0.5,"bolussnooze":0,"activity":-0.0045,"lastBolusTime":0,"time":"2023-12-22T13:07:00.000Z"}},{"iob":-0.024,"basaliob":-0.024,"bolussnooze":0,"activity":-4.0E-4,"lastBolusTime":0,"time":"2023-12-22T13:12:00.000Z","iobWithZeroTemp":{"iob":-0.502,"basaliob":-0.502,"bolussnooze":0,"activity":-0.0046,"lastBolusTime":0,"time":"2023-12-22T13:12:00.000Z"}},{"iob":-0.022,"basaliob":-0.022,"bolussnooze":0,"activity":-3.0E-4,"lastBolusTime":0,"time":"2023-12-22T13:17:00.000Z","iobWithZeroTemp":{"iob":-0.504,"basaliob":-0.504,"bolussnooze":0,"activity":-0.0045,"lastBolusTime":0,"time":"2023-12-22T13:17:00.000Z"}},{"iob":-0.02,"basaliob":-0.02,"bolussnooze":0,"activity":-3.0E-4,"lastBolusTime":0,"time":"2023-12-22T13:22:00.000Z","iobWithZeroTemp":{"iob":-0.506,"basaliob":-0.506,"bolussnooze":0,"activity":-0.0046,"lastBolusTime":0,"time":"2023-12-22T13:22:00.000Z"}},{"iob":-0.019,"basaliob":-0.019,"bolussnooze":0,"activity":-3.0E-4,"lastBolusTime":0,"time":"2023-12-22T13:27:00.000Z","iobWithZeroTemp":{"iob":-0.508,"basaliob":-0.508,"bolussnooze":0,"activity":-0.0046,"lastBolusTime":0,"time":"2023-12-22T13:27:00.000Z"}},{"iob":-0.017,"basaliob":-0.017,"bolussnooze":0,"activity":-3.0E-4,"lastBolusTime":0,"time":"2023-12-22T13:32:00.000Z","iobWithZeroTemp":{"iob":-0.51,"basaliob":-0.51,"bolussnooze":0,"activity":-0.0047,"lastBolusTime":0,"time":"2023-12-22T13:32:00.000Z"}},{"iob":-0.016,"basaliob":-0.016,"bolussnooze":0,"activity":-3.0E-4,"lastBolusTime":0,"time":"2023-12-22T13:37:00.000Z","iobWithZeroTemp":{"iob":-0.512,"basaliob":-0.512,"bolussnooze":0,"activity":-0.0047,"lastBolusTime":0,"time":"2023-12-22T13:37:00.000Z"}},{"iob":-0.015,"basaliob":-0.015,"bolussnooze":0,"activity":-2.0E-4,"lastBolusTime":0,"time":"2023-12-22T13:42:00.000Z","iobWithZeroTemp":{"iob":-0.513,"basaliob":-0.513,"bolussnooze":0,"activity":-0.0047,"lastBolusTime":0,"time":"2023-12-22T13:42:00.000Z"}},{"iob":-0.014,"basaliob":-0.014,"bolussnooze":0,"activity":-2.0E-4,"lastBolusTime":0,"time":"2023-12-22T13:47:00.000Z","iobWithZeroTemp":{"iob":-0.515,"basaliob":-0.515,"bolussnooze":0,"activity":-0.0047,"lastBolusTime":0,"time":"2023-12-22T13:47:00.000Z"}},{"iob":-0.013,"basaliob":-0.013,"bolussnooze":0,"activity":-2.0E-4,"lastBolusTime":0,"time":"2023-12-22T13:52:00.000Z","iobWithZeroTemp":{"iob":-0.516,"basaliob":-0.516,"bolussnooze":0,"activity":-0.0047,"lastBolusTime":0,"time":"2023-12-22T13:52:00.000Z"}},{"iob":-0.012,"basaliob":-0.012,"bolussnooze":0,"activity":-2.0E-4,"lastBolusTime":0,"time":"2023-12-22T13:57:00.000Z","iobWithZeroTemp":{"iob":-0.518,"basaliob":-0.518,"bolussnooze":0,"activity":-0.0048,"lastBolusTime":0,"time":"2023-12-22T13:57:00.000Z"}},{"iob":-0.011,"basaliob":-0.011,"bolussnooze":0,"activity":-2.0E-4,"lastBolusTime":0,"time":"2023-12-22T14:02:00.000Z","iobWithZeroTemp":{"iob":-0.519,"basaliob":-0.519,"bolussnooze":0,"activity":-0.0048,"lastBolusTime":0,"time":"2023-12-22T14:02:00.000Z"}},{"iob":-0.01,"basaliob":-0.01,"bolussnooze":0,"activity":-2.0E-4,"lastBolusTime":0,"time":"2023-12-22T14:07:00.000Z","iobWithZeroTemp":{"iob":-0.519,"basaliob":-0.519,"bolussnooze":0,"activity":-0.0048,"lastBolusTime":0,"time":"2023-12-22T14:07:00.000Z"}},{"iob":-0.009,"basaliob":-0.009,"bolussnooze":0,"activity":-2.0E-4,"lastBolusTime":0,"time":"2023-12-22T14:12:00.000Z","iobWithZeroTemp":{"iob":-0.52,"basaliob":-0.52,"bolussnooze":0,"activity":-0.0049,"lastBolusTime":0,"time":"2023-12-22T14:12:00.000Z"}},{"iob":-0.008,"basaliob":-0.008,"bolussnooze":0,"activity":-1.0E-4,"lastBolusTime":0,"time":"2023-12-22T14:17:00.000Z","iobWithZeroTemp":{"iob":-0.521,"basaliob":-0.521,"bolussnooze":0,"activity":-0.0048,"lastBolusTime":0,"time":"2023-12-22T14:17:00.000Z"}},{"iob":-0.008,"basaliob":-0.008,"bolussnooze":0,"activity":-1.0E-4,"lastBolusTime":0,"time":"2023-12-22T14:22:00.000Z","iobWithZeroTemp":{"iob":-0.522,"basaliob":-0.522,"bolussnooze":0,"activity":-0.0048,"lastBolusTime":0,"time":"2023-12-22T14:22:00.000Z"}},{"iob":-0.007,"basaliob":-0.007,"bolussnooze":0,"activity":-1.0E-4,"lastBolusTime":0,"time":"2023-12-22T14:27:00.000Z","iobWithZeroTemp":{"iob":-0.498,"basaliob":-0.498,"bolussnooze":0,"activity":-0.0048,"lastBolusTime":0,"time":"2023-12-22T14:27:00.000Z"}},{"iob":-0.006,"basaliob":-0.006,"bolussnooze":0,"activity":-1.0E-4,"lastBolusTime":0,"time":"2023-12-22T14:32:00.000Z","iobWithZeroTemp":{"iob":-0.473,"basaliob":-0.473,"bolussnooze":0,"activity":-0.0048,"lastBolusTime":0,"time":"2023-12-22T14:32:00.000Z"}},{"iob":-0.006,"basaliob":-0.006,"bolussnooze":0,"activity":-1.0E-4,"lastBolusTime":0,"time":"2023-12-22T14:37:00.000Z","iobWithZeroTemp":{"iob":-0.45,"basaliob":-0.45,"bolussnooze":0,"activity":-0.0047,"lastBolusTime":0,"time":"2023-12-22T14:37:00.000Z"}},{"iob":-0.005,"basaliob":-0.005,"bolussnooze":0,"activity":-1.0E-4,"lastBolusTime":0,"time":"2023-12-22T14:42:00.000Z","iobWithZeroTemp":{"iob":-0.426,"basaliob":-0.426,"bolussnooze":0,"activity":-0.0046,"lastBolusTime":0,"time":"2023-12-22T14:42:00.000Z"}},{"iob":-0.005,"basaliob":-0.005,"bolussnooze":0,"activity":-1.0E-4,"lastBolusTime":0,"time":"2023-12-22T14:47:00.000Z","iobWithZeroTemp":{"iob":-0.403,"basaliob":-0.403,"bolussnooze":0,"activity":-0.0045,"lastBolusTime":0,"time":"2023-12-22T14:47:00.000Z"}},{"iob":-0.004,"basaliob":-0.004,"bolussnooze":0,"activity":-1.0E-4,"lastBolusTime":0,"time":"2023-12-22T14:52:00.000Z","iobWithZeroTemp":{"iob":-0.38,"basaliob":-0.38,"bolussnooze":0,"activity":-0.0044,"lastBolusTime":0,"time":"2023-12-22T14:52:00.000Z"}},{"iob":-0.004,"basaliob":-0.004,"bolussnooze":0,"activity":-1.0E-4,"lastBolusTime":0,"time":"2023-12-22T14:57:00.000Z","iobWithZeroTemp":{"iob":-0.359,"basaliob":-0.359,"bolussnooze":0,"activity":-0.0043,"lastBolusTime":0,"time":"2023-12-22T14:57:00.000Z"}},{"iob":-0.004,"basaliob":-0.004,"bolussnooze":0,"activity":-1.0E-4,"lastBolusTime":0,"time":"2023-12-22T15:02:00.000Z","iobWithZeroTemp":{"iob":-0.339,"basaliob":-0.339,"bolussnooze":0,"activity":-0.0041,"lastBolusTime":0,"time":"2023-12-22T15:02:00.000Z"}},{"iob":-0.003,"basaliob":-0.003,"bolussnooze":0,"activity":-1.0E-4,"lastBolusTime":0,"time":"2023-12-22T15:07:00.000Z","iobWithZeroTemp":{"iob":-0.318,"basaliob":-0.318,"bolussnooze":0,"activity":-0.004,"lastBolusTime":0,"time":"2023-12-22T15:07:00.000Z"}},{"iob":-0.003,"basaliob":-0.003,"bolussnooze":0,"activity":-1.0E-4,"lastBolusTime":0,"time":"2023-12-22T15:12:00.000Z","iobWithZeroTemp":{"iob":-0.299,"basaliob":-0.299,"bolussnooze":0,"activity":-0.0038,"lastBolusTime":0,"time":"2023-12-22T15:12:00.000Z"}},{"iob":-0.003,"basaliob":-0.003,"bolussnooze":0,"activity":-1.0E-4,"lastBolusTime":0,"time":"2023-12-22T15:17:00.000Z","iobWithZeroTemp":{"iob":-0.281,"basaliob":-0.281,"bolussnooze":0,"activity":-0.0036,"lastBolusTime":0,"time":"2023-12-22T15:17:00.000Z"}},{"iob":-0.003,"basaliob":-0.003,"bolussnooze":0,"activity":0,"lastBolusTime":0,"time":"2023-12-22T15:22:00.000Z","iobWithZeroTemp":{"iob":-0.264,"basaliob":-0.264,"bolussnooze":0,"activity":-0.0034,"lastBolusTime":0,"time":"2023-12-22T15:22:00.000Z"}},{"iob":-0.002,"basaliob":-0.002,"bolussnooze":0,"activity":0,"lastBolusTime":0,"time":"2023-12-22T15:27:00.000Z","iobWithZeroTemp":{"iob":-0.246,"basaliob":-0.246,"bolussnooze":0,"activity":-0.0032,"lastBolusTime":0,"time":"2023-12-22T15:27:00.000Z"}},{"iob":-0.002,"basaliob":-0.002,"bolussnooze":0,"activity":0,"lastBolusTime":0,"time":"2023-12-22T15:32:00.000Z","iobWithZeroTemp":{"iob":-0.231,"basaliob":-0.231,"bolussnooze":0,"activity":-0.0031,"lastBolusTime":0,"time":"2023-12-22T15:32:00.000Z"}},{"iob":-0.002,"basaliob":-0.002,"bolussnooze":0,"activity":0,"lastBolusTime":0,"time":"2023-12-22T15:37:00.000Z","iobWithZeroTemp":{"iob":-0.216,"basaliob":-0.216,"bolussnooze":0,"activity":-0.0029,"lastBolusTime":0,"time":"2023-12-22T15:37:00.000Z"}},{"iob":-0.002,"basaliob":-0.002,"bolussnooze":0,"activity":0,"lastBolusTime":0,"time":"2023-12-22T15:42:00.000Z","iobWithZeroTemp":{"iob":-0.201,"basaliob":-0.201,"bolussnooze":0,"activity":-0.0027,"lastBolusTime":0,"time":"2023-12-22T15:42:00.000Z"}},{"iob":-0.002,"basaliob":-0.002,"bolussnooze":0,"activity":0,"lastBolusTime":0,"time":"2023-12-22T15:47:00.000Z","iobWithZeroTemp":{"iob":-0.188,"basaliob":-0.188,"bolussnooze":0,"activity":-0.0026,"lastBolusTime":0,"time":"2023-12-22T15:47:00.000Z"}},{"iob":-0.001,"basaliob":-0.001,"bolussnooze":0,"activity":0,"lastBolusTime":0,"time":"2023-12-22T15:52:00.000Z","iobWithZeroTemp":{"iob":-0.174,"basaliob":-0.174,"bolussnooze":0,"activity":-0.0025,"lastBolusTime":0,"time":"2023-12-22T15:52:00.000Z"}},{"iob":-0.001,"basaliob":-0.001,"bolussnooze":0,"activity":0,"lastBolusTime":0,"time":"2023-12-22T15:57:00.000Z","iobWithZeroTemp":{"iob":-0.163,"basaliob":-0.163,"bolussnooze":0,"activity":-0.0023,"lastBolusTime":0,"time":"2023-12-22T15:57:00.000Z"}},{"iob":-0.001,"basaliob":-0.001,"bolussnooze":0,"activity":0,"lastBolusTime":0,"time":"2023-12-22T16:02:00.000Z","iobWithZeroTemp":{"iob":-0.151,"basaliob":-0.151,"bolussnooze":0,"activity":-0.0022,"lastBolusTime":0,"time":"2023-12-22T16:02:00.000Z"}},{"iob":-0.001,"basaliob":-0.001,"bolussnooze":0,"activity":0,"lastBolusTime":0,"time":"2023-12-22T16:07:00.000Z","iobWithZeroTemp":{"iob":-0.141,"basaliob":-0.141,"bolussnooze":0,"activity":-0.002,"lastBolusTime":0,"time":"2023-12-22T16:07:00.000Z"}},{"iob":-0.001,"basaliob":-0.001,"bolussnooze":0,"activity":0,"lastBolusTime":0,"time":"2023-12-22T16:12:00.000Z","iobWithZeroTemp":{"iob":-0.131,"basaliob":-0.131,"bolussnooze":0,"activity":-0.0019,"lastBolusTime":0,"time":"2023-12-22T16:12:00.000Z"}},{"iob":-0.001,"basaliob":-0.001,"bolussnooze":0,"activity":0,"lastBolusTime":0,"time":"2023-12-22T16:17:00.000Z","iobWithZeroTemp":{"iob":-0.122,"basaliob":-0.122,"bolussnooze":0,"activity":-0.0018,"lastBolusTime":0,"time":"2023-12-22T16:17:00.000Z"}},{"iob":-0.001,"basaliob":-0.001,"bolussnooze":0,"activity":0,"lastBolusTime":0,"time":"2023-12-22T16:22:00.000Z","iobWithZeroTemp":{"iob":-0.113,"basaliob":-0.113,"bolussnooze":0,"activity":-0.0017,"lastBolusTime":0,"time":"2023-12-22T16:22:00.000Z"}},{"iob":-0.001,"basaliob":-0.001,"bolussnooze":0,"activity":0,"lastBolusTime":0,"time":"2023-12-22T16:27:00.000Z","iobWithZeroTemp":{"iob":-0.105,"basaliob":-0.105,"bolussnooze":0,"activity":-0.0016,"lastBolusTime":0,"time":"2023-12-22T16:27:00.000Z"}},{"iob":-0.001,"basaliob":-0.001,"bolussnooze":0,"activity":0,"lastBolusTime":0,"time":"2023-12-22T16:32:00.000Z","iobWithZeroTemp":{"iob":-0.097,"basaliob":-0.097,"bolussnooze":0,"activity":-0.0015,"lastBolusTime":0,"time":"2023-12-22T16:32:00.000Z"}},{"iob":0,"basaliob":0,"bolussnooze":0,"activity":0,"lastBolusTime":0,"time":"2023-12-22T16:37:00.000Z","iobWithZeroTemp":{"iob":-0.089,"basaliob":-0.089,"bolussnooze":0,"activity":-0.0014,"lastBolusTime":0,"time":"2023-12-22T16:37:00.000Z"}},{"iob":0,"basaliob":0,"bolussnooze":0,"activity":0,"lastBolusTime":0,"time":"2023-12-22T16:42:00.000Z","iobWithZeroTemp":{"iob":-0.082,"basaliob":-0.082,"bolussnooze":0,"activity":-0.0013,"lastBolusTime":0,"time":"2023-12-22T16:42:00.000Z"}},{"iob":0,"basaliob":0,"bolussnooze":0,"activity":0,"lastBolusTime":0,"time":"2023-12-22T16:47:00.000Z","iobWithZeroTemp":{"iob":-0.076,"basaliob":-0.076,"bolussnooze":0,"activity":-0.0012,"lastBolusTime":0,"time":"2023-12-22T16:47:00.000Z"}},{"iob":0,"basaliob":0,"bolussnooze":0,"activity":0,"lastBolusTime":0,"time":"2023-12-22T16:52:00.000Z","iobWithZeroTemp":{"iob":-0.07,"basaliob":-0.07,"bolussnooze":0,"activity":-0.0011,"lastBolusTime":0,"time":"2023-12-22T16:52:00.000Z"}},{"iob":0,"basaliob":0,"bolussnooze":0,"activity":0,"lastBolusTime":0,"time":"2023-12-22T16:57:00.000Z","iobWithZeroTemp":{"iob":-0.065,"basaliob":-0.065,"bolussnooze":0,"activity":-0.001,"lastBolusTime":0,"time":"2023-12-22T16:57:00.000Z"}},{"iob":0,"basaliob":0,"bolussnooze":0,"activity":0,"lastBolusTime":0,"time":"2023-12-22T17:02:00.000Z","iobWithZeroTemp":{"iob":-0.06,"basaliob":-0.06,"bolussnooze":0,"activity":-0.001,"lastBolusTime":0,"time":"2023-12-22T17:02:00.000Z"}},{"iob":0,"basaliob":0,"bolussnooze":0,"activity":0,"lastBolusTime":0,"time":"2023-12-22T17:07:00.000Z","iobWithZeroTemp":{"iob":-0.055,"basaliob":-0.055,"bolussnooze":0,"activity":-9.0E-4,"lastBolusTime":0,"time":"2023-12-22T17:07:00.000Z"}},{"iob":0,"basaliob":0,"bolussnooze":0,"activity":0,"lastBolusTime":0,"time":"2023-12-22T17:12:00.000Z","iobWithZeroTemp":{"iob":-0.051,"basaliob":-0.051,"bolussnooze":0,"activity":-8.0E-4,"lastBolusTime":0,"time":"2023-12-22T17:12:00.000Z"}},{"iob":0,"basaliob":0,"bolussnooze":0,"activity":0,"lastBolusTime":0,"time":"2023-12-22T17:17:00.000Z","iobWithZeroTemp":{"iob":-0.047,"basaliob":-0.047,"bolussnooze":0,"activity":-8.0E-4,"lastBolusTime":0,"time":"2023-12-22T17:17:00.000Z"}},{"iob":0,"basaliob":0,"bolussnooze":0,"activity":0,"lastBolusTime":0,"time":"2023-12-22T17:22:00.000Z","iobWithZeroTemp":{"iob":-0.043,"basaliob":-0.043,"bolussnooze":0,"activity":-7.0E-4,"lastBolusTime":0,"time":"2023-12-22T17:22:00.000Z"}},{"iob":0,"basaliob":0,"bolussnooze":0,"activity":0,"lastBolusTime":0,"time":"2023-12-22T17:27:00.000Z","iobWithZeroTemp":{"iob":-0.039,"basaliob":-0.039,"bolussnooze":0,"activity":-7.0E-4,"lastBolusTime":0,"time":"2023-12-22T17:27:00.000Z"}},{"iob":0,"basaliob":0,"bolussnooze":0,"activity":0,"lastBolusTime":0,"time":"2023-12-22T17:32:00.000Z","iobWithZeroTemp":{"iob":-0.036,"basaliob":-0.036,"bolussnooze":0,"activity":-6.0E-4,"lastBolusTime":0,"time":"2023-12-22T17:32:00.000Z"}},{"iob":0,"basaliob":0,"bolussnooze":0,"activity":0,"lastBolusTime":0,"time":"2023-12-22T17:37:00.000Z","iobWithZeroTemp":{"iob":-0.033,"basaliob":-0.033,"bolussnooze":0,"activity":-6.0E-4,"lastBolusTime":0,"time":"2023-12-22T17:37:00.000Z"}},{"iob":0,"basaliob":0,"bolussnooze":0,"activity":0,"lastBolusTime":0,"time":"2023-12-22T17:42:00.000Z","iobWithZeroTemp":{"iob":-0.03,"basaliob":-0.03,"bolussnooze":0,"activity":-5.0E-4,"lastBolusTime":0,"time":"2023-12-22T17:42:00.000Z"}},{"iob":0,"basaliob":0,"bolussnooze":0,"activity":0,"lastBolusTime":0,"time":"2023-12-22T17:47:00.000Z","iobWithZeroTemp":{"iob":-0.028,"basaliob":-0.028,"bolussnooze":0,"activity":-5.0E-4,"lastBolusTime":0,"time":"2023-12-22T17:47:00.000Z"}},{"iob":0,"basaliob":0,"bolussnooze":0,"activity":0,"lastBolusTime":0,"time":"2023-12-22T17:52:00.000Z","iobWithZeroTemp":{"iob":-0.025,"basaliob":-0.025,"bolussnooze":0,"activity":-5.0E-4,"lastBolusTime":0,"time":"2023-12-22T17:52:00.000Z"}},{"iob":0,"basaliob":0,"bolussnooze":0,"activity":0,"lastBolusTime":0,"time":"2023-12-22T17:57:00.000Z","iobWithZeroTemp":{"iob":-0.023,"basaliob":-0.023,"bolussnooze":0,"activity":-4.0E-4,"lastBolusTime":0,"time":"2023-12-22T17:57:00.000Z"}},{"iob":0,"basaliob":0,"bolussnooze":0,"activity":0,"lastBolusTime":0,"time":"2023-12-22T18:02:00.000Z","iobWithZeroTemp":{"iob":-0.021,"basaliob":-0.021,"bolussnooze":0,"activity":-4.0E-4,"lastBolusTime":0,"time":"2023-12-22T18:02:00.000Z"}},{"iob":0,"basaliob":0,"bolussnooze":0,"activity":0,"lastBolusTime":0,"time":"2023-12-22T18:07:00.000Z","iobWithZeroTemp":{"iob":-0.019,"basaliob":-0.019,"bolussnooze":0,"activity":-4.0E-4,"lastBolusTime":0,"time":"2023-12-22T18:07:00.000Z"}},{"iob":0,"basaliob":0,"bolussnooze":0,"activity":0,"lastBolusTime":0,"time":"2023-12-22T18:12:00.000Z","iobWithZeroTemp":{"iob":-0.018,"basaliob":-0.018,"bolussnooze":0,"activity":-3.0E-4,"lastBolusTime":0,"time":"2023-12-22T18:12:00.000Z"}},{"iob":0,"basaliob":0,"bolussnooze":0,"activity":0,"lastBolusTime":0,"time":"2023-12-22T18:17:00.000Z","iobWithZeroTemp":{"iob":-0.016,"basaliob":-0.016,"bolussnooze":0,"activity":-3.0E-4,"lastBolusTime":0,"time":"2023-12-22T18:17:00.000Z"}},{"iob":0,"basaliob":0,"bolussnooze":0,"activity":0,"lastBolusTime":0,"time":"2023-12-22T18:22:00.000Z","iobWithZeroTemp":{"iob":-0.015,"basaliob":-0.015,"bolussnooze":0,"activity":-3.0E-4,"lastBolusTime":0,"time":"2023-12-22T18:22:00.000Z"}},{"iob":0,"basaliob":0,"bolussnooze":0,"activity":0,"lastBolusTime":0,"time":"2023-12-22T18:27:00.000Z","iobWithZeroTemp":{"iob":-0.013,"basaliob":-0.013,"bolussnooze":0,"activity":-3.0E-4,"lastBolusTime":0,"time":"2023-12-22T18:27:00.000Z"}},{"iob":0,"basaliob":0,"bolussnooze":0,"activity":0,"lastBolusTime":0,"time":"2023-12-22T18:32:00.000Z","iobWithZeroTemp":{"iob":-0.012,"basaliob":-0.012,"bolussnooze":0,"activity":-2.0E-4,"lastBolusTime":0,"time":"2023-12-22T18:32:00.000Z"}},{"iob":0,"basaliob":0,"bolussnooze":0,"activity":0,"lastBolusTime":0,"time":"2023-12-22T18:37:00.000Z","iobWithZeroTemp":{"iob":-0.011,"basaliob":-0.011,"bolussnooze":0,"activity":-2.0E-4,"lastBolusTime":0,"time":"2023-12-22T18:37:00.000Z"}},{"iob":0,"basaliob":0,"bolussnooze":0,"activity":0,"lastBolusTime":0,"time":"2023-12-22T18:42:00.000Z","iobWithZeroTemp":{"iob":-0.01,"basaliob":-0.01,"bolussnooze":0,"activity":-2.0E-4,"lastBolusTime":0,"time":"2023-12-22T18:42:00.000Z"}},{"iob":0,"basaliob":0,"bolussnooze":0,"activity":0,"lastBolusTime":0,"time":"2023-12-22T18:47:00.000Z","iobWithZeroTemp":{"iob":-0.009,"basaliob":-0.009,"bolussnooze":0,"activity":-2.0E-4,"lastBolusTime":0,"time":"2023-12-22T18:47:00.000Z"}},{"iob":0,"basaliob":0,"bolussnooze":0,"activity":0,"lastBolusTime":0,"time":"2023-12-22T18:52:00.000Z","iobWithZeroTemp":{"iob":-0.008,"basaliob":-0.008,"bolussnooze":0,"activity":-2.0E-4,"lastBolusTime":0,"time":"2023-12-22T18:52:00.000Z"}},{"iob":0,"basaliob":0,"bolussnooze":0,"activity":0,"lastBolusTime":0,"time":"2023-12-22T18:57:00.000Z","iobWithZeroTemp":{"iob":-0.007,"basaliob":-0.007,"bolussnooze":0,"activity":-1.0E-4,"lastBolusTime":0,"time":"2023-12-22T18:57:00.000Z"}},{"iob":0,"basaliob":0,"bolussnooze":0,"activity":0,"lastBolusTime":0,"time":"2023-12-22T19:02:00.000Z","iobWithZeroTemp":{"iob":-0.007,"basaliob":-0.007,"bolussnooze":0,"activity":-1.0E-4,"lastBolusTime":0,"time":"2023-12-22T19:02:00.000Z"}},{"iob":0,"basaliob":0,"bolussnooze":0,"activity":0,"lastBolusTime":0,"time":"2023-12-22T19:07:00.000Z","iobWithZeroTemp":{"iob":-0.006,"basaliob":-0.006,"bolussnooze":0,"activity":-1.0E-4,"lastBolusTime":0,"time":"2023-12-22T19:07:00.000Z"}},{"iob":0,"basaliob":0,"bolussnooze":0,"activity":0,"lastBolusTime":0,"time":"2023-12-22T19:12:00.000Z","iobWithZeroTemp":{"iob":-0.005,"basaliob":-0.005,"bolussnooze":0,"activity":-1.0E-4,"lastBolusTime":0,"time":"2023-12-22T19:12:00.000Z"}},{"iob":0,"basaliob":0,"bolussnooze":0,"activity":0,"lastBolusTime":0,"time":"2023-12-22T19:17:00.000Z","iobWithZeroTemp":{"iob":-0.005,"basaliob":-0.005,"bolussnooze":0,"activity":-1.0E-4,"lastBolusTime":0,"time":"2023-12-22T19:17:00.000Z"}},{"iob":0,"basaliob":0,"bolussnooze":0,"activity":0,"lastBolusTime":0,"time":"2023-12-22T19:22:00.000Z","iobWithZeroTemp":{"iob":-0.004,"basaliob":-0.004,"bolussnooze":0,"activity":-1.0E-4,"lastBolusTime":0,"time":"2023-12-22T19:22:00.000Z"}},{"iob":0,"basaliob":0,"bolussnooze":0,"activity":0,"lastBolusTime":0,"time":"2023-12-22T19:27:00.000Z","iobWithZeroTemp":{"iob":-0.004,"basaliob":-0.004,"bolussnooze":0,"activity":-1.0E-4,"lastBolusTime":0,"time":"2023-12-22T19:27:00.000Z"}},{"iob":0,"basaliob":0,"bolussnooze":0,"activity":0,"lastBolusTime":0,"time":"2023-12-22T19:32:00.000Z","iobWithZeroTemp":{"iob":-0.004,"basaliob":-0.004,"bolussnooze":0,"activity":-1.0E-4,"lastBolusTime":0,"time":"2023-12-22T19:32:00.000Z"}},{"iob":0,"basaliob":0,"bolussnooze":0,"activity":0,"lastBolusTime":0,"time":"2023-12-22T19:37:00.000Z","iobWithZeroTemp":{"iob":-0.003,"basaliob":-0.003,"bolussnooze":0,"activity":-1.0E-4,"lastBolusTime":0,"time":"2023-12-22T19:37:00.000Z"}},{"iob":0,"basaliob":0,"bolussnooze":0,"activity":0,"lastBolusTime":0,"time":"2023-12-22T19:42:00.000Z","iobWithZeroTemp":{"iob":-0.003,"basaliob":-0.003,"bolussnooze":0,"activity":-1.0E-4,"lastBolusTime":0,"time":"2023-12-22T19:42:00.000Z"}},{"iob":0,"basaliob":0,"bolussnooze":0,"activity":0,"lastBolusTime":0,"time":"2023-12-22T19:47:00.000Z","iobWithZeroTemp":{"iob":-0.003,"basaliob":-0.003,"bolussnooze":0,"activity":-1.0E-4,"lastBolusTime":0,"time":"2023-12-22T19:47:00.000Z"}}],"profile":{"max_iob":1.5,"dia":3,"type":"current","max_daily_basal":0.5,"max_basal":1.2,"min_bg":100.8,"max_bg":100.8,"target_bg":100.8,"carb_ratio":30,"sens":126,"max_daily_safety_multiplier":3,"current_basal_safety_multiplier":4,"skip_neutral_temps":true,"current_basal":0.3,"temptargetSet":false,"autosens_adjust_targets":true,"min_5m_carbimpact":5.5,"out_units":"mmol\/L"},"autosens_data":{"ratio":1},"meal_data":{"carbs":0,"mealCOB":0}},"output":{"temp":"absolute","bg":115,"tick":"+30","eventualBG":198,"snoozeBG":198,"predBGs":{"IOB":[115,125,134,142,149,156,162,167,171,174,177,178,179,180,180,181,182,182,183,183,184,185,185,186,186,186,187,187,188,188,188,189,189,189,189,190,190,190,190,190,190,191,191,191,191,191,191,191,191,192]},"COB":0,"IOB":-0.171,"reason":"COB: 0, Dev: 61, BGI: 0.5, ISF: 7.0, Target: 5.6; Eventual BG 11.0 >= 5.6, adj. req. rate: 1.84 to maxSafeBasal: 1.2, temp 0.800 < 1.2U\/hr","duration":30,"rate":1.2,"timestamp":"2023-12-22T10:21:04.829Z"}}