{"algorithm":"OpenAPSAMAPlugin","input":{"glucoseStatus":{"glucose":157,"delta":16.67,"short_avgdelta":16.15,"long_avgdelta":8.73},"currenttemp":{"temp":"absolute","duration":25,"rate":1.2,"minutesrunning":5},"iob_data":[{"iob":0.044,"basaliob":0.044,"bolussnooze":0,"activity":-1.0E-4,"lastBolusTime":1703198619642,"time":"2023-12-22T07:02:00.000Z","iobWithZeroTemp":{"iob":0.044,"basaliob":0.044,"bolussnooze":0,"activity":-1.0E-4,"lastBolusTime":1703198619642,"time":"2023-12-22T07:02:00.000Z"}},{"iob":0.044,"basaliob":0.044,"bolussnooze":0,"activity":0,"lastBolusTime":1703198619642,"time":"2023-12-22T07:07:00.000Z","iobWithZeroTemp":{"iob":0.019,"basaliob":0.019,"bolussnooze":0,"activity":0,"lastBolusTime":1703198619642,"time":"2023-12-22T07:07:00.000Z"}},{"iob":0.044,"basaliob":0.044,"bolussnooze":0,"activity":1.0E-4,"lastBolusTime":1703198619642,"time":"2023-12-22T07:12:00.000Z","iobWithZeroTemp":{"iob":-0.006,"basaliob":-0.006,"bolussnooze":0,"activity":0,"lastBolusTime":1703198619642,"time":"2023-12-22T07:12:00.000Z"}},{"iob":0.044,"basaliob":0.044,"bolussnooze":0,"activity":1.0E-4,"lastBolusTime":1703198619642,"time":"2023-12-22T07:17:00.000Z","iobWithZeroTemp":{"iob":-0.03,"basaliob":-0.03,"bolussnooze":0,"activity":-1.0E-4,"lastBolusTime":1703198619642,"time":"2023-12-22T07:17:00.000Z"}},{"iob":0.043,"basaliob":0.043,"bolussnooze":0,"activity":2.0E-4,"lastBolusTime":1703198619642,"time":"2023-12-22T07:22:00.000Z","iobWithZeroTemp":{"iob":-0.055,"basaliob":-0.055,"bolussnooze":0,"activity":-1.0E-4,"lastBolusTime":1703198619642,"time":"2023-12-22T07:22:00.000Z"}},{"iob":0.042,"basaliob":0.042,"bolussnooze":0,"activity":2.0E-4,"lastBolusTime":1703198619642,"time":"2023-12-22T07:27:00.000Z","iobWithZeroTemp":{"iob":-0.08,"basaliob":-0.08,"bolussnooze":0,"activity":-2.0E-4,"lastBolusTime":1703198619642,"time":"2023-12-22T07:27:00.000Z"}},{"iob":0.041,"basaliob":0.041,"bolussnooze":0,"activity":2.0E-4,"lastBolusTime":1703198619642,"time":"2023-12-22T07:32:00.000Z","iobWithZeroTemp":{"iob":-0.103,"basaliob":-0.103,"bolussnooze":0,"activity":-3.0E-4,"lastBolusTime":1703198619642,"time":"2023-12-22T07:32:00.000Z"}},{"iob":0.04,"basaliob":0.04,"bolussnooze":0,"activity":3.0E-4,"lastBolusTime":1703198619642,"time":"2023-12-22T07:37:00.000Z","iobWithZeroTemp":{"iob":-0.126,"basaliob":-0.126,"bolussnooze":0,"activity":-4.0E-4,"lastBolusTime":1703198619642,"time":"2023-12-22T07:37:00.000Z"}},{"iob":0.038,"basaliob":0.038,"bolussnooze":0,"activity":3.0E-4,"lastBolusTime":1703198619642,"time":"2023-12-22T07:42:00.000Z","iobWithZeroTemp":{"iob":-0.149,"basaliob":-0.149,"bolussnooze":0,"activity":-5.0E-4,"lastBolusTime":1703198619642,"time":"2023-12-22T07:42:00.000Z"}},{"iob":0.037,"basaliob":0.037,"bolussnooze":0,"activity":3.0E-4,"lastBolusTime":0,"time":"2023-12-22T07:47:00.000Z","iobWithZeroTemp":{"iob":-0.171,"basaliob":-0.171,"bolussnooze":0,"activity":-7.0E-4,"lastBolusTime":0,"time":"2023-12-22T07:47:00.000Z"}},{"iob":0.035,"basaliob":0.035,"bolussnooze":0,"activity":3.0E-4,"lastBolusTime":0,"time":"2023-12-22T07:52:00.000Z","iobWithZeroTemp":{"iob":-0.192,"basaliob":-0.192,"bolussnooze":0,"activity":-9.0E-4,"lastBolusTime":0,"time":"2023-12-22T07:52:00.000Z"}},{"iob":0.034,"basaliob":0.034,"bolussnooze":0,"activity":3.0E-4,"lastBolusTime":0,"time":"2023-12-22T07:57:00.000Z","iobWithZeroTemp":{"iob":-0.212,"basaliob":-0.212,"bolussnooze":0,"activity":-0.0011,"lastBolusTime":0,"time":"2023-12-22T07:57:00.000Z"}},{"iob":0.032,"basaliob":0.032,"bolussnooze":0,"activity":3.0E-4,"lastBolusTime":0,"time":"2023-12-22T08:02:00.000Z","iobWithZeroTemp":{"iob":-0.232,"basaliob":-0.232,"bolussnooze":0,"activity":-0.0012,"lastBolusTime":0,"time":"2023-12-22T08:02:00.000Z"}},{"iob":0.031,"basaliob":0.031,"bolussnooze":0,"activity":3.0E-4,"lastBolusTime":0,"time":"2023-12-22T08:07:00.000Z","iobWithZeroTemp":{"iob":-0.25,"basaliob":-0.25,"bolussnooze":0,"activity":-0.0014,"lastBolusTime":0,"time":"2023-12-22T08:07:00.000Z"}},{"iob":0.029,"basaliob":0.029,"bolussnooze":0,"activity":3.0E-4,"lastBolusTime":0,"time":"2023-12-22T08:12:00.000Z","iobWithZeroTemp":{"iob":-0.268,"basaliob":-0.268,"bolussnooze":0,"activity":-0.0016,"lastBolusTime":0,"time":"2023-12-22T08:12:00.000Z"}},{"iob":0.028,"basaliob":0.028,"bolussnooze":0,"activity":3.0E-4,"lastBolusTime":0,"time":"2023-12-22T08:17:00.000Z","iobWithZeroTemp":{"iob":-0.284,"basaliob":-0.284,"bolussnooze":0,"activity":-0.0017,"lastBolusTime":0,"time":"2023-12-22T08:17:00.000Z"}},{"iob":0.026,"basaliob":0.026,"bolussnooze":0,"activity":3.0E-4,"lastBolusTime":0,"time":"2023-12-22T08:22:00.000Z","iobWithZeroTemp":{"iob":-0.301,"basaliob":-0.301,"bolussnooze":0,"activity":-0.0019,"lastBolusTime":0,"time":"2023-12-22T08:22:00.000Z"}},{"iob":0.025,"basaliob":0.025,"bolussnooze":0,"activity":3.0E-4,"lastBolusTime":0,"time":"2023-12-22T08:27:00.000Z","iobWithZeroTemp":{"iob":-0.315,"basaliob":-0.315,"bolussnooze":0,"activity":-0.002,"lastBolusTime":0,"time":"2023-12-22T08:27:00.000Z"}},{"iob":0.024,"basaliob":0.024,"bolussnooze":0,"activity":3.0E-4,"lastBolusTime":0,"time":"2023-12-22T08:32:00.000Z","iobWithZeroTemp":{"iob":-0.329,"basaliob":-0.329,"bolussnooze":0,"activity":-0.0022,"lastBolusTime":0,"time":"2023-12-22T08:32:00.000Z"}},{"iob":0.022,"basaliob":0.022,"bolussnooze":0,"activity":3.0E-4,"lastBolusTime":0,"time":"2023-12-22T08:37:00.000Z","iobWithZeroTemp":{"iob":-0.343,"basaliob":-0.343,"bolussnooze":0,"activity":-0.0023,"lastBolusTime":0,"time":"2023-12-22T08:37:00.000Z"}},{"iob":0.021,"basaliob":0.021,"bolussnooze":0,"activity":3.0E-4,"lastBolusTime":0,"time":"2023-12-22T08:42:00.000Z","iobWithZeroTemp":{"iob":-0.356,"basaliob":-0.356,"bolussnooze":0,"activity":-0.0025,"lastBolusTime":0,"time":"2023-12-22T08:42:00.000Z"}},{"iob":0.02,"basaliob":0.02,"bolussnooze":0,"activity":2.0E-4,"lastBolusTime":0,"time":"2023-12-22T08:47:00.000Z","iobWithZeroTemp":{"iob":-0.368,"basaliob":-0.368,"bolussnooze":0,"activity":-0.0027,"lastBolusTime":0,"time":"2023-12-22T08:47:00.000Z"}},{"iob":0.019,"basaliob":0.019,"bolussnooze":0,"activity":2.0E-4,"lastBolusTime":0,"time":"2023-12-22T08:52:00.000Z","iobWithZeroTemp":{"iob":-0.379,"basaliob":-0.379,"bolussnooze":0,"activity":-0.0028,"lastBolusTime":0,"time":"2023-12-22T08:52:00.000Z"}},{"iob":0.017,"basaliob":0.017,"bolussnooze":0,"activity":2.0E-4,"lastBolusTime":0,"time":"2023-12-22T08:57:00.000Z","iobWithZeroTemp":{"iob":-0.39,"basaliob":-0.39,"bolussnooze":0,"activity":-0.003,"lastBolusTime":0,"time":"2023-12-22T08:57:00.000Z"}},{"iob":0.016,"basaliob":0.016,"bolussnooze":0,"activity":2.0E-4,"lastBolusTime":0,"time":"2023-12-22T09:02:00.000Z","iobWithZeroTemp":{"iob":-0.4,"basaliob":-0.4,"bolussnooze":0,"activity":-0.0031,"lastBolusTime":0,"time":"2023-12-22T09:02:00.000Z"}},{"iob":0.015,"basaliob":0.015,"bolussnooze":0,"activity":2.0E-4,"lastBolusTime":0,"time":"2023-12-22T09:07:00.000Z","iobWithZeroTemp":{"iob":-0.409,"basaliob":-0.409,"bolussnooze":0,"activity":-0.0032,"lastBolusTime":0,"time":"2023-12-22T09:07:00.000Z"}},{"iob":0.014,"basaliob":0.014,"bolussnooze":0,"activity":2.0E-4,"lastBolusTime":0,"time":"2023-12-22T09:12:00.000Z","iobWithZeroTemp":{"iob":-0.418,"basaliob":-0.418,"bolussnooze":0,"activity":-0.0033,"lastBolusTime":0,"time":"2023-12-22T09:12:00.000Z"}},{"iob":0.013,"basaliob":0.013,"bolussnooze":0,"activity":2.0E-4,"lastBolusTime":0,"time":"2023-12-22T09:17:00.000Z","iobWithZeroTemp":{"iob":-0.426,"basaliob":-0.426,"bolussnooze":0,"activity":-0.0034,"lastBolusTime":0,"time":"2023-12-22T09:17:00.000Z"}},{"iob":0.012,"basaliob":0.012,"bolussnooze":0,"activity":2.0E-4,"lastBolusTime":0,"time":"2023-12-22T09:22:00.000Z","iobWithZeroTemp":{"iob":-0.434,"basaliob":-0.434,"bolussnooze":0,"activity":-0.0035,"lastBolusTime":0,"time":"2023-12-22T09:22:00.000Z"}},{"iob":0.012,"basaliob":0.012,"bolussnooze":0,"activity":2.0E-4,"lastBolusTime":0,"time":"2023-12-22T09:27:00.000Z","iobWithZeroTemp":{"iob":-0.44,"basaliob":-0.44,"bolussnooze":0,"activity":-0.0036,"lastBolusTime":0,"time":"2023-12-22T09:27:00.000Z"}},{"iob":0.011,"basaliob":0.011,"bolussnooze":0,"activity":2.0E-4,"lastBolusTime":0,"time":"2023-12-22T09:32:00.000Z","iobWithZeroTemp":{"iob":-0.447,"basaliob":-0.447,"bolussnooze":0,"activity":-0.0037,"lastBolusTime":0,"time":"2023-12-22T09:32:00.000Z"}},{"iob":0.01,"basaliob":0.01,"bolussnooze":0,"activity":1.0E-4,"lastBolusTime":0,"time":"2023-12-22T09:37:00.000Z","iobWithZeroTemp":{"iob":-0.454,"basaliob":-0.454,"bolussnooze":0,"activity":-0.0038,"lastBolusTime":0,"time":"2023-12-22T09:37:00.000Z"}},{"iob":0.009,"basaliob":0.009,"bolussnooze":0,"activity":1.0E-4,"lastBolusTime":0,"time":"2023-12-22T09:42:00.000Z","iobWithZeroTemp":{"iob":-0.46,"basaliob":-0.46,"bolussnooze":0,"activity":-0.0039,"lastBolusTime":0,"time":"2023-12-22T09:42:00.000Z"}},{"iob":0.009,"basaliob":0.009,"bolussnooze":0,"activity":1.0E-4,"lastBolusTime":0,"time":"2023-12-22T09:47:00.000Z","iobWithZeroTemp":{"iob":-0.465,"basaliob":-0.465,"bolussnooze":0,"activity":-0.004,"lastBolusTime":0,"time":"2023-12-22T09:47:00.000Z"}},{"iob":0.008,"basaliob":0.008,"bolussnooze":0,"activity":1.0E-4,"lastBolusTime":0,"time":"2023-12-22T09:52:00.000Z","iobWithZeroTemp":{"iob":-0.47,"basaliob":-0.47,"bolussnooze":0,"activity":-0.0041,"lastBolusTime":0,"time":"2023-12-22T09:52:00.000Z"}},{"iob":0.008,"basaliob":0.008,"bolussnooze":0,"activity":1.0E-4,"lastBolusTime":0,"time":"2023-12-22T09:57:00.000Z","iobWithZeroTemp":{"iob":-0.474,"basaliob":-0.474,"bolussnooze":0,"activity":-0.0041,"lastBolusTime":0,"time":"2023-12-22T09:57:00.000Z"}},{"iob":0.007,"basaliob":0.007,"bolussnooze":0,"activity":1.0E-4,"lastBolusTime":0,"time":"2023-12-22T10:02:00.000Z","iobWithZeroTemp":{"iob":-0.479,"basaliob":-0.479,"bolussnooze":0,"activity":-0.0042,"lastBolusTime":0,"time":"2023-12-22T10:02:00.000Z"}},{"iob":0.006,"basaliob":0.006,"bolussnooze":0,"activity":1.0E-4,"lastBolusTime":0,"time":"2023-12-22T10:07:00.000Z","iobWithZeroTemp":{"iob":-0.483,"basaliob":-0.483,"bolussnooze":0,"activity":-0.0042,"lastBolusTime":0,"time":"2023-12-22T10:07:00.000Z"}},{"iob":0.006,"basaliob":0.006,"bolussnooze":0,"activity":1.0E-4,"lastBolusTime":0,"time":"2023-12-22T10:12:00.000Z","iobWithZeroTemp":{"iob":-0.487,"basaliob":-0.487,"bolussnooze":0,"activity":-0.0043,"lastBolusTime":0,"time":"2023-12-22T10:12:00.000Z"}},{"iob":0.006,"basaliob":0.006,"bolussnooze":0,"activity":1.0E-4,"lastBolusTime":0,"time":"2023-12-22T10:17:00.000Z","iobWithZeroTemp":{"iob":-0.49,"basaliob":-0.49,"bolussnooze":0,"activity":-0.0043,"lastBolusTime":0,"time":"2023-12-22T10:17:00.000Z"}},{"iob":0.005,"basaliob":0.005,"bolussnooze":0,"activity":1.0E-4,"lastBolusTime":0,"time":"2023-12-22T10:22:00.000Z","iobWithZeroTemp":{"iob":-0.493,"basaliob":-0.493,"bolussnooze":0,"activity":-0.0044,"lastBolusTime":0,"time":"2023-12-22T10:22:00.000Z"}},{"iob":0.005,"basaliob":0.005,"bolussnooze":0,"activity":1.0E-4,"lastBolusTime":0,"time":"2023-12-22T10:27:00.000Z","iobWithZeroTemp":{"iob":-0.496,"basaliob":-0.496,"bolussnooze":0,"activity":-0.0044,"lastBolusTime":0,"time":"2023-12-22T10:27:00.000Z"}},{"iob":0.004,"basaliob":0.004,"bolussnooze":0,"activity":1.0E-4,"lastBolusTime":0,"time":"2023-12-22T10:32:00.000Z","iobWithZeroTemp":{"iob":-0.499,"basaliob":-0.499,"bolussnooze":0,"activity":-0.0044,"lastBolusTime":0,"time":"2023-12-22T10:32:00.000Z"}},{"iob":0.004,"basaliob":0.004,"bolussnooze":0,"activity":1.0E-4,"lastBolusTime":0,"time":"2023-12-22T10:37:00.000Z","iobWithZeroTemp":{"iob":-0.502,"basaliob":-0.502,"bolussnooze":0,"activity":-0.0045,"lastBolusTime":0,"time":"2023-12-22T10:37:00.000Z"}},{"iob":0.004,"basaliob":0.004,"bolussnooze":0,"activity":1.0E-4,"lastBolusTime":0,"time":"2023-12-22T10:42:00.000Z","iobWithZeroTemp":{"iob":-0.504,"basaliob":-0.504,"bolussnooze":0,"activity":-0.0045,"lastBolusTime":0,"time":"2023-12-22T10:42:00.000Z"}},{"iob":0.003,"basaliob":0.003,"bolussnooze":0,"activity":1.0E-4,"lastBolusTime":0,"time":"2023-12-22T10:47:00.000Z","iobWithZeroTemp":{"iob":-0.506,"basaliob":-0.506,"bolussnooze":0,"activity":-0.0045,"lastBolusTime":0,"time":"2023-12-22T10:47:00.000Z"}},{"iob":0.003,"basaliob":0.003,"bolussnooze":0,"activity":1.0E-4,"lastBolusTime":0,"time":"2023-12-22T10:52:00.000Z","iobWithZeroTemp":{"iob":-0.508,"basaliob":-0.508,"bolussnooze":0,"activity":-0.0046,"lastBolusTime":0,"time":"2023-12-22T10:52:00.000Z"}},{"iob":0.003,"basaliob":0.003,"bolussnooze":0,"activity":0,"lastBolusTime":0,"time":"2023-12-22T10:57:00.000Z","iobWithZeroTemp":{"iob":-0.51,"basaliob":-0.51,"bolussnooze":0,"activity":-0.0047,"lastBolusTime":0,"time":"2023-12-22T10:57:00.000Z"}},{"iob":0.003,"basaliob":0.003,"bolussnooze":0,"activity":0,"lastBolusTime":0,"time":"2023-12-22T11:02:00.000Z","iobWithZeroTemp":{"iob":-0.511,"basaliob":-0.511,"bolussnooze":0,"activity":-0.0047,"lastBolusTime":0,"time":"2023-12-22T11:02:00.000Z"}},{"iob":0.002,"basaliob":0.002,"bolussnooze":0,"activity":0,"lastBolusTime":0,"time":"2023-12-22T11:07:00.000Z","iobWithZeroTemp":{"iob":-0.489,"basaliob":-0.489,"bolussnooze":0,"activity":-0.0047,"lastBolusTime":0,"time":"2023-12-22T11:07:00.000Z"}},{"iob":0.002,"basaliob":0.002,"bolussnooze":0,"activity":0,"lastBolusTime":0,"time":"2023-12-22T11:12:00.000Z","iobWithZeroTemp":{"iob":-0.465,"basaliob":-0.465,"bolussnooze":0,"activity":-0.0047,"lastBolusTime":0,"time":"2023-12-22T11:12:00.000Z"}},{"iob":0.002,"basaliob":0.002,"bolussnooze":0,"activity":0,"lastBolusTime":0,"time":"2023-12-22T11:17:00.000Z","iobWithZeroTemp":{"iob":-0.442,"basaliob":-0.442,"bolussnooze":0,"activity":-0.0046,"lastBolusTime":0,"time":"2023-12-22T11:17:00.000Z"}},{"iob":0.002,"basaliob":0.002,"bolussnooze":0,"activity":0,"lastBolusTime":0,"time":"2023-12-22T11:22:00.000Z","iobWithZeroTemp":{"iob":-0.419,"basaliob":-0.419,"bolussnooze":0,"activity":-0.0045,"lastBolusTime":0,"time":"2023-12-22T11:22:00.000Z"}},{"iob":0.002,"basaliob":0.002,"bolussnooze":0,"activity":0,"lastBolusTime":0,"time":"2023-12-22T11:27:00.000Z","iobWithZeroTemp":{"iob":-0.396,"basaliob":-0.396,"bolussnooze":0,"activity":-0.0044,"lastBolusTime":0,"time":"2023-12-22T11:27:00.000Z"}},{"iob":0.002,"basaliob":0.002,"bolussnooze":0,"activity":0,"lastBolusTime":0,"time":"2023-12-22T11:32:00.000Z","iobWithZeroTemp":{"iob":-0.374,"basaliob":-0.374,"bolussnooze":0,"activity":-0.0043,"lastBolusTime":0,"time":"2023-12-22T11:32:00.000Z"}},{"iob":0.001,"basaliob":0.001,"bolussnooze":0,"activity":0,"lastBolusTime":0,"time":"2023-12-22T11:37:00.000Z","iobWithZeroTemp":{"iob":-0.354,"basaliob":-0.354,"bolussnooze":0,"activity":-0.0042,"lastBolusTime":0,"time":"2023-12-22T11:37:00.000Z"}},{"iob":0.001,"basaliob":0.001,"bolussnooze":0,"activity":0,"lastBolusTime":0,"time":"2023-12-22T11:42:00.000Z","iobWithZeroTemp":{"iob":-0.334,"basaliob":-0.334,"bolussnooze":0,"activity":-0.004,"lastBolusTime":0,"time":"2023-12-22T11:42:00.000Z"}},{"iob":0.001,"basaliob":0.001,"bolussnooze":0,"activity":0,"lastBolusTime":0,"time":"2023-12-22T11:47:00.000Z","iobWithZeroTemp":{"iob":-0.314,"basaliob":-0.314,"bolussnooze":0,"activity":-0.0039,"lastBolusTime":0,"time":"2023-12-22T11:47:00.000Z"}},{"iob":0.001,"basaliob":0.001,"bolussnooze":0,"activity":0,"lastBolusTime":0,"time":"2023-12-22T11:52:00.000Z","iobWithZeroTemp":{"iob":-0.295,"basaliob":-0.295,"bolussnooze":0,"activity":-0.0037,"lastBolusTime":0,"time":"2023-12-22T11:52:00.000Z"}},{"iob":0.001,"basaliob":0.001,"bolussnooze":0,"activity":0,"lastBolusTime":0,"time":"2023-12-22T11:57:00.000Z","iobWithZeroTemp":{"iob":-0.277,"basaliob":-0.277,"bolussnooze":0,"activity":-0.0035,"lastBolusTime":0,"time":"2023-12-22T11:57:00.000Z"}},{"iob":0.001,"basaliob":0.001,"bolussnooze":0,"activity":0,"lastBolusTime":0,"time":"2023-12-22T12:02:00.000Z","iobWithZeroTemp":{"iob":-0.26,"basaliob":-0.26,"bolussnooze":0,"activity":-0.0034,"lastBolusTime":0,"time":"2023-12-22T12:02:00.000Z"}},{"iob":0.001,"basaliob":0.001,"bolussnooze":0,"activity":0,"lastBolusTime":0,"time":"2023-12-22T12:07:00.000Z","iobWithZeroTemp":{"iob":-0.243,"basaliob":-0.243,"bolussnooze":0,"activity":-0.0032,"lastBolusTime":0,"time":"2023-12-22T12:07:00.000Z"}},{"iob":0.001,"basaliob":0.001,"bolussnooze":0,"activity":0,"lastBolusTime":0,"time":"2023-12-22T12:12:00.000Z","iobWithZeroTemp":{"iob":-0.228,"basaliob":-0.228,"bolussnooze":0,"activity":-0.0031,"lastBolusTime":0,"time":"2023-12-22T12:12:00.000Z"}},{"iob":0.001,"basaliob":0.001,"bolussnooze":0,"activity":0,"lastBolusTime":0,"time":"2023-12-22T12:17:00.000Z","iobWithZeroTemp":{"iob":-0.213,"basaliob":-0.213,"bolussnooze":0,"activity":-0.0029,"lastBolusTime":0,"time":"2023-12-22T12:17:00.000Z"}},{"iob":0.001,"basaliob":0.001,"bolussnooze":0,"activity":0,"lastBolusTime":0,"time":"2023-12-22T12:22:00.000Z","iobWithZeroTemp":{"iob":-0.198,"basaliob":-0.198,"bolussnooze":0,"activity":-0.0027,"lastBolusTime":0,"time":"2023-12-22T12:22:00.000Z"}},{"iob":0.001,"basaliob":0.001,"bolussnooze":0,"activity":0,"lastBolusTime":0,"time":"2023-12-22T12:27:00.000Z","iobWithZeroTemp":{"iob":-0.185,"basaliob":-0.185,"bolussnooze":0,"activity":-0.0026,"lastBolusTime":0,"time":"2023-12-22T12:27:00.000Z"}},{"iob":0,"basaliob":0,"bolussnooze":0,"activity":0,"lastBolusTime":0,"time":"2023-12-22T12:32:00.000Z","iobWithZeroTemp":{"iob":-0.173,"basaliob":-0.173,"bolussnooze":0,"activity":-0.0025,"lastBolusTime":0,"time":"2023-12-22T12:32:00.000Z"}},{"iob":0,"basaliob":0,"bolussnooze":0,"activity":0,"lastBolusTime":0,"time":"2023-12-22T12:37:00.000Z","iobWithZeroTemp":{"iob":-0.162,"basaliob":-0.162,"bolussnooze":0,"activity":-0.0023,"lastBolusTime":0,"time":"2023-12-22T12:37:00.000Z"}},{"iob":0,"basaliob":0,"bolussnooze":0,"activity":0,"lastBolusTime":0,"time":"2023-12-22T12:42:00.000Z","iobWithZeroTemp":{"iob":-0.15,"basaliob":-0.15,"bolussnooze":0,"activity":-0.0022,"lastBolusTime":0,"time":"2023-12-22T12:42:00.000Z"}},{"iob":0,"basaliob":0,"bolussnooze":0,"activity":0,"lastBolusTime":0,"time":"2023-12-22T12:47:00.000Z","iobWithZeroTemp":{"iob":-0.14,"basaliob":-0.14,"bolussnooze":0,"activity":-0.002,"lastBolusTime":0,"time":"2023-12-22T12:47:00.000Z"}},{"iob":0,"basaliob":0,"bolussnooze":0,"activity":0,"lastBolusTime":0,"time":"2023-12-22T12:52:00.000Z","iobWithZeroTemp":{"iob":-0.13,"basaliob":-0.13,"bolussnooze":0,"activity":-0.0019,"lastBolusTime":0,"time":"2023-12-22T12:52:00.000Z"}},{"iob":0,"basaliob":0,"bolussnooze":0,"activity":0,"lastBolusTime":0,"time":"2023-12-22T12:57:00.000Z","iobWithZeroTemp":{"iob":-0.121,"basaliob":-0.121,"bolussnooze":0,"activity":-0.0018,"lastBolusTime":0,"time":"2023-12-22T12:57:00.000Z"}},{"iob":0,"basaliob":0,"bolussnooze":0,"activity":0,"lastBolusTime":0,"time":"2023-12-22T13:02:00.000Z","iobWithZeroTemp":{"iob":-0.112,"basaliob":-0.112,"bolussnooze":0,"activity":-0.0017,"lastBolusTime":0,"time":"2023-12-22T13:02:00.000Z"}},{"iob":0,"basaliob":0,"bolussnooze":0,"activity":0,"lastBolusTime":0,"time":"2023-12-22T13:07:00.000Z","iobWithZeroTemp":{"iob":-0.104,"basaliob":-0.104,"bolussnooze":0,"activity":-0.0016,"lastBolusTime":0,"time":"2023-12-22T13:07:00.000Z"}},{"iob":0,"basaliob":0,"bolussnooze":0,"activity":0,"lastBolusTime":0,"time":"2023-12-22T13:12:00.000Z","iobWithZeroTemp":{"iob":-0.096,"basaliob":-0.096,"bolussnooze":0,"activity":-0.0015,"lastBolusTime":0,"time":"2023-12-22T13:12:00.000Z"}},{"iob":0,"basaliob":0,"bolussnooze":0,"activity":0,"lastBolusTime":0,"time":"2023-12-22T13:17:00.000Z","iobWithZeroTemp":{"iob":-0.089,"basaliob":-0.089,"bolussnooze":0,"activity":-0.0014,"lastBolusTime":0,"time":"2023-12-22T13:17:00.000Z"}},{"iob":0,"basaliob":0,"bolussnooze":0,"activity":0,"lastBolusTime":0,"time":"2023-12-22T13:22:00.000Z","iobWithZeroTemp":{"iob":-0.082,"basaliob":-0.082,"bolussnooze":0,"activity":-0.0013,"lastBolusTime":0,"time":"2023-12-22T13:22:00.000Z"}},{"iob":0,"basaliob":0,"bolussnooze":0,"activity":0,"lastBolusTime":0,"time":"2023-12-22T13:27:00.000Z","iobWithZeroTemp":{"iob":-0.076,"basaliob":-0.076,"bolussnooze":0,"activity":-0.0012,"lastBolusTime":0,"time":"2023-12-22T13:27:00.000Z"}},{"iob":0,"basaliob":0,"bolussnooze":0,"activity":0,"lastBolusTime":0,"time":"2023-12-22T13:32:00.000Z","iobWithZeroTemp":{"iob":-0.07,"basaliob":-0.07,"bolussnooze":0,"activity":-0.0011,"lastBolusTime":0,"time":"2023-12-22T13:32:00.000Z"}},{"iob":0,"basaliob":0,"bolussnooze":0,"activity":0,"lastBolusTime":0,"time":"2023-12-22T13:37:00.000Z","iobWithZeroTemp":{"iob":-0.065,"basaliob":-0.065,"bolussnooze":0,"activity":-0.001,"lastBolusTime":0,"time":"2023-12-22T13:37:00.000Z"}},{"iob":0,"basaliob":0,"bolussnooze":0,"activity":0,"lastBolusTime":0,"time":"2023-12-22T13:42:00.000Z","iobWithZeroTemp":{"iob":-0.06,"basaliob":-0.06,"bolussnooze":0,"activity":-0.001,"lastBolusTime":0,"time":"2023-12-22T13:42:00.000Z"}},{"iob":0,"basaliob":0,"bolussnooze":0,"activity":0,"lastBolusTime":0,"time":"2023-12-22T13:47:00.000Z","iobWithZeroTemp":{"iob":-0.055,"basaliob":-0.055,"bolussnooze":0,"activity":-9.0E-4,"lastBolusTime":0,"time":"2023-12-22T13:47:00.000Z"}},{"iob":0,"basaliob":0,"bolussnooze":0,"activity":0,"lastBolusTime":0,"time":"2023-12-22T13:52:00.000Z","iobWithZeroTemp":{"iob":-0.051,"basaliob":-0.051,"bolussnooze":0,"activity":-8.0E-4,"lastBolusTime":0,"time":"2023-12-22T13:52:00.000Z"}},{"iob":0,"basaliob":0,"bolussnooze":0,"activity":0,"lastBolusTime":0,"time":"2023-12-22T13:57:00.000Z","iobWithZeroTemp":{"iob":-0.047,"basaliob":-0.047,"bolussnooze":0,"activity":-8.0E-4,"lastBolusTime":0,"time":"2023-12-22T13:57:00.000Z"}},{"iob":0,"basaliob":0,"bolussnooze":0,"activity":0,"lastBolusTime":0,"time":"2023-12-22T14:02:00.000Z","iobWithZeroTemp":{"iob":-0.043,"basaliob":-0.043,"bolussnooze":0,"activity":-7.0E-4,"lastBolusTime":0,"time":"2023-12-22T14:02:00.000Z"}},{"iob":0,"basaliob":0,"bolussnooze":0,"activity":0,"lastBolusTime":0,"time":"2023-12-22T14:07:00.000Z","iobWithZeroTemp":{"iob":-0.039,"basaliob":-0.039,"bolussnooze":0,"activity":-7.0E-4,"lastBolusTime":0,"time":"2023-12-22T14:07:00.000Z"}},{"iob":0,"basaliob":0,"bolussnooze":0,"activity":0,"lastBolusTime":0,"time":"2023-12-22T14:12:00.000Z","iobWithZeroTemp":{"iob":-0.036,"basaliob":-0.036,"bolussnooze":0,"activity":-6.0E-4,"lastBolusTime":0,"time":"2023-12-22T14:12:00.000Z"}},{"iob":0,"basaliob":0,"bolussnooze":0,"activity":0,"lastBolusTime":0,"time":"2023-12-22T14:17:00.000Z","iobWithZeroTemp":{"iob":-0.033,"basaliob":-0.033,"bolussnooze":0,"activity":-6.0E-4,"lastBolusTime":0,"time":"2023-12-22T14:17:00.000Z"}},{"iob":0,"basaliob":0,"bolussnooze":0,"activity":0,"lastBolusTime":0,"time":"2023-12-22T14:22:00.000Z","iobWithZeroTemp":{"iob":-0.03,"basaliob":-0.03,"bolussnooze":0,"activity":-5.0E-4,"lastBolusTime":0,"time":"2023-12-22T14:22:00.000Z"}},{"iob":0,"basaliob":0,"bolussnooze":0,"activity":0,"lastBolusTime":0,"time":"2023-12-22T14:27:00.000Z","iobWithZeroTemp":{"iob":-0.028,"basaliob":-0.028,"bolussnooze":0,"activity":-5.0E-4,"lastBolusTime":0,"time":"2023-12-22T14:27:00.000Z"}},{"iob":0,"basaliob":0,"bolussnooze":0,"activity":0,"lastBolusTime":0,"time":"2023-12-22T14:32:00.000Z","iobWithZeroTemp":{"iob":-0.025,"basaliob":-0.025,"bolussnooze":0,"activity":-5.0E-4,"lastBolusTime":0,"time":"2023-12-22T14:32:00.000Z"}},{"iob":0,"basaliob":0,"bolussnooze":0,"activity":0,"lastBolusTime":0,"time":"2023-12-22T14:37:00.000Z","iobWithZeroTemp":{"iob":-0.023,"basaliob":-0.023,"bolussnooze":0,"activity":-4.0E-4,"lastBolusTime":0,"time":"2023-12-22T14:37:00.000Z"}},{"iob":0,"basaliob":0,"bolussnooze":0,"activity":0,"lastBolusTime":0,"time":"2023-12-22T14:42:00.000Z","iobWithZeroTemp":{"iob":-0.021,"basaliob":-0.021,"bolussnooze":0,"activity":-4.0E-4,"lastBolusTime":0,"time":"2023-12-22T14:42:00.000Z"}},{"iob":0,"basaliob":0,"bolussnooze":0,"activity":0,"lastBolusTime":0,"time":"2023-12-22T14:47:00.000Z","iobWithZeroTemp":{"iob":-0.019,"basaliob":-0.019,"bolussnooze":0,"activity":-4.0E-4,"lastBolusTime":0,"time":"2023-12-22T14:47:00.000Z"}},{"iob":0,"basaliob":0,"bolussnooze":0,"activity":0,"lastBolusTime":0,"time":"2023-12-22T14:52:00.000Z","iobWithZeroTemp":{"iob":-0.018,"basaliob":-0.018,"bolussnooze":0,"activity":-3.0E-4,"lastBolusTime":0,"time":"2023-12-22T14:52:00.000Z"}},{"iob":0,"basaliob":0,"bolussnooze":0,"activity":0,"lastBolusTime":0,"time":"2023-12-22T14:57:00.000Z","iobWithZeroTemp":{"iob":-0.016,"basaliob":-0.016,"bolussnooze":0,"activity":-3.0E-4,"lastBolusTime":0,"time":"2023-12-22T14:57:00.000Z"}},{"iob":0,"basaliob":0,"bolussnooze":0,"activity":0,"lastBolusTime":0,"time":"2023-12-22T15:02:00.000Z","iobWithZeroTemp":{"iob":-0.015,"basaliob":-0.015,"bolussnooze":0,"activity":-3.0E-4,"lastBolusTime":0,"time":"2023-12-22T15:02:00.000Z"}},{"iob":0,"basaliob":0,"bolussnooze":0,"activity":0,"lastBolusTime":0,"time":"2023-12-22T15:07:00.000Z","iobWithZeroTemp":{"iob":-0.013,"basaliob":-0.013,"bolussnooze":0,"activity":-3.0E-4,"lastBolusTime":0,"time":"2023-12-22T15:07:00.000Z"}},{"iob":0,"basaliob":0,"bolussnooze":0,"activity":0,"lastBolusTime":0,"time":"2023-12-22T15:12:00.000Z","iobWithZeroTemp":{"iob":-0.012,"basaliob":-0.012,"bolussnooze":0,"activity":-2.0E-4,"lastBolusTime":0,"time":"2023-12-22T15:12:00.000Z"}},{"iob":0,"basaliob":0,"bolussnooze":0,"activity":0,"lastBolusTime":0,"time":"2023-12-22T15:17:00.000Z","iobWithZeroTemp":{"iob":-0.011,"basaliob":-0.011,"bolussnooze":0,"activity":-2.0E-4,"lastBolusTime":0,"time":"2023-12-22T15:17:00.000Z"}},{"iob":0,"basaliob":0,"bolussnooze":0,"activity":0,"lastBolusTime":0,"time":"2023-12-22T15:22:00.000Z","iobWithZeroTemp":{"iob":-0.01,"basaliob":-0.01,"bolussnooze":0,"activity":-2.0E-4,"lastBolusTime":0,"time":"2023-12-22T15:22:00.000Z"}},{"iob":0,"basaliob":0,"bolussnooze":0,"activity":0,"lastBolusTime":0,"time":"2023-12-22T15:27:00.000Z","iobWithZeroTemp":{"iob":-0.009,"basaliob":-0.009,"bolussnooze":0,"activity":-2.0E-4,"lastBolusTime":0,"time":"2023-12-22T15:27:00.000Z"}},{"iob":0,"basaliob":0,"bolussnooze":0,"activity":0,"lastBolusTime":0,"time":"2023-12-22T15:32:00.000Z","iobWithZeroTemp":{"iob":-0.008,"basaliob":-0.008,"bolussnooze":0,"activity":-2.0E-4,"lastBolusTime":0,"time":"2023-12-22T15:32:00.000Z"}},{"iob":0,"basaliob":0,"bolussnooze":0,"activity":0,"lastBolusTime":0,"time":"2023-12-22T15:37:00.000Z","iobWithZeroTemp":{"iob":-0.007,"basaliob":-0.007,"bolussnooze":0,"activity":-1.0E-4,"lastBolusTime":0,"time":"2023-12-22T15:37:00.000Z"}},{"iob":0,"basaliob":0,"bolussnooze":0,"activity":0,"lastBolusTime":0,"time":"2023-12-22T15:42:00.000Z","iobWithZeroTemp":{"iob":-0.007,"basaliob":-0.007,"bolussnooze":0,"activity":-1.0E-4,"lastBolusTime":0,"time":"2023-12-22T15:42:00.000Z"}},{"iob":0,"basaliob":0,"bolussnooze":0,"activity":0,"lastBolusTime":0,"time":"2023-12-22T15:47:00.000Z","iobWithZeroTemp":{"iob":-0.006,"basaliob":-0.006,"bolussnooze":0,"activity":-1.0E-4,"lastBolusTime":0,"time":"2023-12-22T15:47:00.000Z"}},{"iob":0,"basaliob":0,"bolussnooze":0,"activity":0,"lastBolusTime":0,"time":"2023-12-22T15:52:00.000Z","iobWithZeroTemp":{"iob":-0.005,"basaliob":-0.005,"bolussnooze":0,"activity":-1.0E-4,"lastBolusTime":0,"time":"2023-12-22T15:52:00.000Z"}},{"iob":0,"basaliob":0,"bolussnooze":0,"activity":0,"lastBolusTime":0,"time":"2023-12-22T15:57:00.000Z","iobWithZeroTemp":{"iob":-0.005,"basaliob":-0.005,"bolussnooze":0,"activity":-1.0E-4,"lastBolusTime":0,"time":"2023-12-22T15:57:00.000Z"}},{"iob":0,"basaliob":0,"bolussnooze":0,"activity":0,"lastBolusTime":0,"time":"2023-12-22T16:02:00.000Z","iobWithZeroTemp":{"iob":-0.004,"basaliob":-0.004,"bolussnooze":0,"activity":-1.0E-4,"lastBolusTime":0,"time":"2023-12-22T16:02:00.000Z"}},{"iob":0,"basaliob":0,"bolussnooze":0,"activity":0,"lastBolusTime":0,"time":"2023-12-22T16:07:00.000Z","iobWithZeroTemp":{"iob":-0.004,"basaliob":-0.004,"bolussnooze":0,"activity":-1.0E-4,"lastBolusTime":0,"time":"2023-12-22T16:07:00.000Z"}},{"iob":0,"basaliob":0,"bolussnooze":0,"activity":0,"lastBolusTime":0,"time":"2023-12-22T16:12:00.000Z","iobWithZeroTemp":{"iob":-0.004,"basaliob":-0.004,"bolussnooze":0,"activity":-1.0E-4,"lastBolusTime":0,"time":"2023-12-22T16:12:00.000Z"}},{"iob":0,"basaliob":0,"bolussnooze":0,"activity":0,"lastBolusTime":0,"time":"2023-12-22T16:17:00.000Z","iobWithZeroTemp":{"iob":-0.003,"basaliob":-0.003,"bolussnooze":0,"activity":-1.0E-4,"lastBolusTime":0,"time":"2023-12-22T16:17:00.000Z"}},{"iob":0,"basaliob":0,"bolussnooze":0,"activity":0,"lastBolusTime":0,"time":"2023-12-22T16:22:00.000Z","iobWithZeroTemp":{"iob":-0.003,"basaliob":-0.003,"bolussnooze":0,"activity":-1.0E-4,"lastBolusTime":0,"time":"2023-12-22T16:22:00.000Z"}},{"iob":0,"basaliob":0,"bolussnooze":0,"activity":0,"lastBolusTime":0,"time":"2023-12-22T16:27:00.000Z","iobWithZeroTemp":{"iob":-0.003,"basaliob":-0.003,"bolussnooze":0,"activity":-1.0E-4,"lastBolusTime":0,"time":"2023-12-22T16:27:00.000Z"}}],"profile":{"max_iob":1.5,"dia":3,"type":"current","max_daily_basal":0.5,"max_basal":1.2,"min_bg":100.8,"max_bg":100.8,"target_bg":100.8,"carb_ratio":30,"sens":126,"max_daily_safety_multiplier":3,"current_basal_safety_multiplier":4,"skip_neutral_temps":true,"current_basal":0.3,"temptargetSet":false,"autosens_adjust_targets":true,"min_5m_carbimpact":5.5,"out_units":"mmol\/L"},"autosens_data":{"ratio":1},"meal_data":{"carbs":0,"mealCOB":0}},"output":{"temp":"absolute","bg":157,"tick":"+17","eventualBG":203,"snoozeBG":203,"predBGs":{"IOB":[157,165,172,179,184,189,194,197,200,202,203,204,203,203,203,203,203,203,202,202,202,202,202,201,201,201,201,201,201,201,201,200,200,200,200,200,200,200,200,200,200,200,200,200,200,200,200,199]},"COB":0,"IOB":0.044,"reason":"COB: 0, Dev: 52, BGI: 0.06, ISF: 7.0, Target: 5.6; Eventual BG 11.3 >= 5.6, adj. req. rate: 1.92 to maxSafeBasal: 1.2, temp 1.200 >~ req 1.2U\/hr","timestamp":"2023-12-22T07:01:04.606Z"}}