{"algorithm":"OpenAPSAMAPlugin","input":{"glucoseStatus":{"glucose":98,"delta":-3.67,"short_avgdelta":-3,"long_avgdelta":-1.95},"currenttemp":{"temp":"absolute","duration":0,"rate":0},"iob_data":[{"iob":-0.016,"basaliob":-0.016,"bolussnooze":0,"activity":0.0013,"lastBolusTime":1703254530927,"time":"2023-12-22T22:27:00.000Z","iobWithZeroTemp":{"iob":-0.016,"basaliob":-0.016,"bolussnooze":0,"activity":0.0013,"lastBolusTime":1703254530927,"time":"2023-12-22T22:27:00.000Z"}},{"iob":-0.022,"basaliob":-0.022,"bolussnooze":0,"activity":0.0011,"lastBolusTime":1703254530927,"time":"2023-12-22T22:32:00.000Z","iobWithZeroTemp":{"iob":-0.064,"basaliob":-0.064,"bolussnooze":0,"activity":0.0011,"lastBolusTime":1703254530927,"time":"2023-12-22T22:32:00.000Z"}},{"iob":-0.027,"basaliob":-0.027,"bolussnooze":0,"activity":9.0E-4,"lastBolusTime":1703254530927,"time":"2023-12-22T22:37:00.000Z","iobWithZeroTemp":{"iob":-0.11,"basaliob":-0.11,"bolussnooze":0,"activity":8.0E-4,"lastBolusTime":1703254530927,"time":"2023-12-22T22:37:00.000Z"}},{"iob":-0.031,"basaliob":-0.031,"bolussnooze":0,"activity":7.0E-4,"lastBolusTime":1703254530927,"time":"2023-12-22T22:42:00.000Z","iobWithZeroTemp":{"iob":-0.155,"basaliob":-0.155,"bolussnooze":0,"activity":4.0E-4,"lastBolusTime":1703254530927,"time":"2023-12-22T22:42:00.000Z"}},{"iob":-0.034,"basaliob":-0.034,"bolussnooze":0,"activity":5.0E-4,"lastBolusTime":1703254530927,"time":"2023-12-22T22:47:00.000Z","iobWithZeroTemp":{"iob":-0.198,"basaliob":-0.198,"bolussnooze":0,"activity":1.0E-4,"lastBolusTime":1703254530927,"time":"2023-12-22T22:47:00.000Z"}},{"iob":-0.036,"basaliob":-0.036,"bolussnooze":0,"activity":4.0E-4,"lastBolusTime":1703254530927,"time":"2023-12-22T22:52:00.000Z","iobWithZeroTemp":{"iob":-0.239,"basaliob":-0.239,"bolussnooze":0,"activity":-3.0E-4,"lastBolusTime":1703254530927,"time":"2023-12-22T22:52:00.000Z"}},{"iob":-0.038,"basaliob":-0.038,"bolussnooze":0,"activity":3.0E-4,"lastBolusTime":1703254530927,"time":"2023-12-22T22:57:00.000Z","iobWithZeroTemp":{"iob":-0.278,"basaliob":-0.278,"bolussnooze":0,"activity":-6.0E-4,"lastBolusTime":1703254530927,"time":"2023-12-22T22:57:00.000Z"}},{"iob":-0.039,"basaliob":-0.039,"bolussnooze":0,"activity":2.0E-4,"lastBolusTime":1703254530927,"time":"2023-12-22T23:02:00.000Z","iobWithZeroTemp":{"iob":-0.316,"basaliob":-0.316,"bolussnooze":0,"activity":-9.0E-4,"lastBolusTime":1703254530927,"time":"2023-12-22T23:02:00.000Z"}},{"iob":-0.04,"basaliob":-0.04,"bolussnooze":0,"activity":1.0E-4,"lastBolusTime":1703254530927,"time":"2023-12-22T23:07:00.000Z","iobWithZeroTemp":{"iob":-0.331,"basaliob":-0.331,"bolussnooze":0,"activity":-0.0013,"lastBolusTime":1703254530927,"time":"2023-12-22T23:07:00.000Z"}},{"iob":-0.04,"basaliob":-0.04,"bolussnooze":0,"activity":0,"lastBolusTime":1703254530927,"time":"2023-12-22T23:12:00.000Z","iobWithZeroTemp":{"iob":-0.345,"basaliob":-0.345,"bolussnooze":0,"activity":-0.0016,"lastBolusTime":1703254530927,"time":"2023-12-22T23:12:00.000Z"}},{"iob":-0.04,"basaliob":-0.04,"bolussnooze":0,"activity":0,"lastBolusTime":0,"time":"2023-12-22T23:17:00.000Z","iobWithZeroTemp":{"iob":-0.357,"basaliob":-0.357,"bolussnooze":0,"activity":-0.0018,"lastBolusTime":0,"time":"2023-12-22T23:17:00.000Z"}},{"iob":-0.04,"basaliob":-0.04,"bolussnooze":0,"activity":-1.0E-4,"lastBolusTime":0,"time":"2023-12-22T23:22:00.000Z","iobWithZeroTemp":{"iob":-0.368,"basaliob":-0.368,"bolussnooze":0,"activity":-0.0021,"lastBolusTime":0,"time":"2023-12-22T23:22:00.000Z"}},{"iob":-0.039,"basaliob":-0.039,"bolussnooze":0,"activity":-1.0E-4,"lastBolusTime":0,"time":"2023-12-22T23:27:00.000Z","iobWithZeroTemp":{"iob":-0.377,"basaliob":-0.377,"bolussnooze":0,"activity":-0.0023,"lastBolusTime":0,"time":"2023-12-22T23:27:00.000Z"}},{"iob":-0.038,"basaliob":-0.038,"bolussnooze":0,"activity":-2.0E-4,"lastBolusTime":0,"time":"2023-12-22T23:32:00.000Z","iobWithZeroTemp":{"iob":-0.386,"basaliob":-0.386,"bolussnooze":0,"activity":-0.0026,"lastBolusTime":0,"time":"2023-12-22T23:32:00.000Z"}},{"iob":-0.037,"basaliob":-0.037,"bolussnooze":0,"activity":-2.0E-4,"lastBolusTime":0,"time":"2023-12-22T23:37:00.000Z","iobWithZeroTemp":{"iob":-0.393,"basaliob":-0.393,"bolussnooze":0,"activity":-0.0027,"lastBolusTime":0,"time":"2023-12-22T23:37:00.000Z"}},{"iob":-0.036,"basaliob":-0.036,"bolussnooze":0,"activity":-2.0E-4,"lastBolusTime":0,"time":"2023-12-22T23:42:00.000Z","iobWithZeroTemp":{"iob":-0.4,"basaliob":-0.4,"bolussnooze":0,"activity":-0.0029,"lastBolusTime":0,"time":"2023-12-22T23:42:00.000Z"}},{"iob":-0.035,"basaliob":-0.035,"bolussnooze":0,"activity":-2.0E-4,"lastBolusTime":0,"time":"2023-12-22T23:47:00.000Z","iobWithZeroTemp":{"iob":-0.406,"basaliob":-0.406,"bolussnooze":0,"activity":-0.003,"lastBolusTime":0,"time":"2023-12-22T23:47:00.000Z"}},{"iob":-0.034,"basaliob":-0.034,"bolussnooze":0,"activity":-3.0E-4,"lastBolusTime":0,"time":"2023-12-22T23:52:00.000Z","iobWithZeroTemp":{"iob":-0.412,"basaliob":-0.412,"bolussnooze":0,"activity":-0.0032,"lastBolusTime":0,"time":"2023-12-22T23:52:00.000Z"}},{"iob":-0.032,"basaliob":-0.032,"bolussnooze":0,"activity":-3.0E-4,"lastBolusTime":0,"time":"2023-12-22T23:57:00.000Z","iobWithZeroTemp":{"iob":-0.416,"basaliob":-0.416,"bolussnooze":0,"activity":-0.0033,"lastBolusTime":0,"time":"2023-12-22T23:57:00.000Z"}},{"iob":-0.031,"basaliob":-0.031,"bolussnooze":0,"activity":-3.0E-4,"lastBolusTime":0,"time":"2023-12-23T00:02:00.000Z","iobWithZeroTemp":{"iob":-0.42,"basaliob":-0.42,"bolussnooze":0,"activity":-0.0034,"lastBolusTime":0,"time":"2023-12-23T00:02:00.000Z"}},{"iob":-0.03,"basaliob":-0.03,"bolussnooze":0,"activity":-3.0E-4,"lastBolusTime":0,"time":"2023-12-23T00:07:00.000Z","iobWithZeroTemp":{"iob":-0.424,"basaliob":-0.424,"bolussnooze":0,"activity":-0.0035,"lastBolusTime":0,"time":"2023-12-23T00:07:00.000Z"}},{"iob":-0.028,"basaliob":-0.028,"bolussnooze":0,"activity":-3.0E-4,"lastBolusTime":0,"time":"2023-12-23T00:12:00.000Z","iobWithZeroTemp":{"iob":-0.427,"basaliob":-0.427,"bolussnooze":0,"activity":-0.0036,"lastBolusTime":0,"time":"2023-12-23T00:12:00.000Z"}},{"iob":-0.027,"basaliob":-0.027,"bolussnooze":0,"activity":-3.0E-4,"lastBolusTime":0,"time":"2023-12-23T00:17:00.000Z","iobWithZeroTemp":{"iob":-0.43,"basaliob":-0.43,"bolussnooze":0,"activity":-0.0037,"lastBolusTime":0,"time":"2023-12-23T00:17:00.000Z"}},{"iob":-0.026,"basaliob":-0.026,"bolussnooze":0,"activity":-3.0E-4,"lastBolusTime":0,"time":"2023-12-23T00:22:00.000Z","iobWithZeroTemp":{"iob":-0.432,"basaliob":-0.432,"bolussnooze":0,"activity":-0.0038,"lastBolusTime":0,"time":"2023-12-23T00:22:00.000Z"}},{"iob":-0.024,"basaliob":-0.024,"bolussnooze":0,"activity":-3.0E-4,"lastBolusTime":0,"time":"2023-12-23T00:27:00.000Z","iobWithZeroTemp":{"iob":-0.434,"basaliob":-0.434,"bolussnooze":0,"activity":-0.0038,"lastBolusTime":0,"time":"2023-12-23T00:27:00.000Z"}},{"iob":-0.023,"basaliob":-0.023,"bolussnooze":0,"activity":-3.0E-4,"lastBolusTime":0,"time":"2023-12-23T00:32:00.000Z","iobWithZeroTemp":{"iob":-0.436,"basaliob":-0.436,"bolussnooze":0,"activity":-0.0039,"lastBolusTime":0,"time":"2023-12-23T00:32:00.000Z"}},{"iob":-0.022,"basaliob":-0.022,"bolussnooze":0,"activity":-2.0E-4,"lastBolusTime":0,"time":"2023-12-23T00:37:00.000Z","iobWithZeroTemp":{"iob":-0.438,"basaliob":-0.438,"bolussnooze":0,"activity":-0.0038,"lastBolusTime":0,"time":"2023-12-23T00:37:00.000Z"}},{"iob":-0.021,"basaliob":-0.021,"bolussnooze":0,"activity":-2.0E-4,"lastBolusTime":0,"time":"2023-12-23T00:42:00.000Z","iobWithZeroTemp":{"iob":-0.439,"basaliob":-0.439,"bolussnooze":0,"activity":-0.0039,"lastBolusTime":0,"time":"2023-12-23T00:42:00.000Z"}},{"iob":-0.019,"basaliob":-0.019,"bolussnooze":0,"activity":-2.0E-4,"lastBolusTime":0,"time":"2023-12-23T00:47:00.000Z","iobWithZeroTemp":{"iob":-0.44,"basaliob":-0.44,"bolussnooze":0,"activity":-0.0039,"lastBolusTime":0,"time":"2023-12-23T00:47:00.000Z"}},{"iob":-0.018,"basaliob":-0.018,"bolussnooze":0,"activity":-2.0E-4,"lastBolusTime":0,"time":"2023-12-23T00:52:00.000Z","iobWithZeroTemp":{"iob":-0.441,"basaliob":-0.441,"bolussnooze":0,"activity":-0.004,"lastBolusTime":0,"time":"2023-12-23T00:52:00.000Z"}},{"iob":-0.017,"basaliob":-0.017,"bolussnooze":0,"activity":-2.0E-4,"lastBolusTime":0,"time":"2023-12-23T00:57:00.000Z","iobWithZeroTemp":{"iob":-0.442,"basaliob":-0.442,"bolussnooze":0,"activity":-0.004,"lastBolusTime":0,"time":"2023-12-23T00:57:00.000Z"}},{"iob":-0.016,"basaliob":-0.016,"bolussnooze":0,"activity":-2.0E-4,"lastBolusTime":0,"time":"2023-12-23T01:02:00.000Z","iobWithZeroTemp":{"iob":-0.442,"basaliob":-0.442,"bolussnooze":0,"activity":-0.004,"lastBolusTime":0,"time":"2023-12-23T01:02:00.000Z"}},{"iob":-0.015,"basaliob":-0.015,"bolussnooze":0,"activity":-2.0E-4,"lastBolusTime":0,"time":"2023-12-23T01:07:00.000Z","iobWithZeroTemp":{"iob":-0.443,"basaliob":-0.443,"bolussnooze":0,"activity":-0.0041,"lastBolusTime":0,"time":"2023-12-23T01:07:00.000Z"}},{"iob":-0.014,"basaliob":-0.014,"bolussnooze":0,"activity":-2.0E-4,"lastBolusTime":0,"time":"2023-12-23T01:12:00.000Z","iobWithZeroTemp":{"iob":-0.443,"basaliob":-0.443,"bolussnooze":0,"activity":-0.0041,"lastBolusTime":0,"time":"2023-12-23T01:12:00.000Z"}},{"iob":-0.013,"basaliob":-0.013,"bolussnooze":0,"activity":-2.0E-4,"lastBolusTime":0,"time":"2023-12-23T01:17:00.000Z","iobWithZeroTemp":{"iob":-0.444,"basaliob":-0.444,"bolussnooze":0,"activity":-0.0041,"lastBolusTime":0,"time":"2023-12-23T01:17:00.000Z"}},{"iob":-0.013,"basaliob":-0.013,"bolussnooze":0,"activity":-2.0E-4,"lastBolusTime":0,"time":"2023-12-23T01:22:00.000Z","iobWithZeroTemp":{"iob":-0.445,"basaliob":-0.445,"bolussnooze":0,"activity":-0.0041,"lastBolusTime":0,"time":"2023-12-23T01:22:00.000Z"}},{"iob":-0.012,"basaliob":-0.012,"bolussnooze":0,"activity":-2.0E-4,"lastBolusTime":0,"time":"2023-12-23T01:27:00.000Z","iobWithZeroTemp":{"iob":-0.445,"basaliob":-0.445,"bolussnooze":0,"activity":-0.0042,"lastBolusTime":0,"time":"2023-12-23T01:27:00.000Z"}},{"iob":-0.011,"basaliob":-0.011,"bolussnooze":0,"activity":-1.0E-4,"lastBolusTime":0,"time":"2023-12-23T01:32:00.000Z","iobWithZeroTemp":{"iob":-0.445,"basaliob":-0.445,"bolussnooze":0,"activity":-0.0041,"lastBolusTime":0,"time":"2023-12-23T01:32:00.000Z"}},{"iob":-0.01,"basaliob":-0.01,"bolussnooze":0,"activity":-1.0E-4,"lastBolusTime":0,"time":"2023-12-23T01:37:00.000Z","iobWithZeroTemp":{"iob":-0.445,"basaliob":-0.445,"bolussnooze":0,"activity":-0.0041,"lastBolusTime":0,"time":"2023-12-23T01:37:00.000Z"}},{"iob":-0.01,"basaliob":-0.01,"bolussnooze":0,"activity":-1.0E-4,"lastBolusTime":0,"time":"2023-12-23T01:42:00.000Z","iobWithZeroTemp":{"iob":-0.445,"basaliob":-0.445,"bolussnooze":0,"activity":-0.0041,"lastBolusTime":0,"time":"2023-12-23T01:42:00.000Z"}},{"iob":-0.009,"basaliob":-0.009,"bolussnooze":0,"activity":-1.0E-4,"lastBolusTime":0,"time":"2023-12-23T01:47:00.000Z","iobWithZeroTemp":{"iob":-0.445,"basaliob":-0.445,"bolussnooze":0,"activity":-0.0041,"lastBolusTime":0,"time":"2023-12-23T01:47:00.000Z"}},{"iob":-0.008,"basaliob":-0.008,"bolussnooze":0,"activity":-1.0E-4,"lastBolusTime":0,"time":"2023-12-23T01:52:00.000Z","iobWithZeroTemp":{"iob":-0.445,"basaliob":-0.445,"bolussnooze":0,"activity":-0.0042,"lastBolusTime":0,"time":"2023-12-23T01:52:00.000Z"}},{"iob":-0.008,"basaliob":-0.008,"bolussnooze":0,"activity":-1.0E-4,"lastBolusTime":0,"time":"2023-12-23T01:57:00.000Z","iobWithZeroTemp":{"iob":-0.445,"basaliob":-0.445,"bolussnooze":0,"activity":-0.0042,"lastBolusTime":0,"time":"2023-12-23T01:57:00.000Z"}},{"iob":-0.007,"basaliob":-0.007,"bolussnooze":0,"activity":-1.0E-4,"lastBolusTime":0,"time":"2023-12-23T02:02:00.000Z","iobWithZeroTemp":{"iob":-0.445,"basaliob":-0.445,"bolussnooze":0,"activity":-0.0042,"lastBolusTime":0,"time":"2023-12-23T02:02:00.000Z"}},{"iob":-0.007,"basaliob":-0.007,"bolussnooze":0,"activity":-1.0E-4,"lastBolusTime":0,"time":"2023-12-23T02:07:00.000Z","iobWithZeroTemp":{"iob":-0.445,"basaliob":-0.445,"bolussnooze":0,"activity":-0.0042,"lastBolusTime":0,"time":"2023-12-23T02:07:00.000Z"}},{"iob":-0.006,"basaliob":-0.006,"bolussnooze":0,"activity":-1.0E-4,"lastBolusTime":0,"time":"2023-12-23T02:12:00.000Z","iobWithZeroTemp":{"iob":-0.445,"basaliob":-0.445,"bolussnooze":0,"activity":-0.0042,"lastBolusTime":0,"time":"2023-12-23T02:12:00.000Z"}},{"iob":-0.006,"basaliob":-0.006,"bolussnooze":0,"activity":-1.0E-4,"lastBolusTime":0,"time":"2023-12-23T02:17:00.000Z","iobWithZeroTemp":{"iob":-0.445,"basaliob":-0.445,"bolussnooze":0,"activity":-0.0042,"lastBolusTime":0,"time":"2023-12-23T02:17:00.000Z"}},{"iob":-0.005,"basaliob":-0.005,"bolussnooze":0,"activity":-1.0E-4,"lastBolusTime":0,"time":"2023-12-23T02:22:00.000Z","iobWithZeroTemp":{"iob":-0.444,"basaliob":-0.444,"bolussnooze":0,"activity":-0.0042,"lastBolusTime":0,"time":"2023-12-23T02:22:00.000Z"}},{"iob":-0.005,"basaliob":-0.005,"bolussnooze":0,"activity":-1.0E-4,"lastBolusTime":0,"time":"2023-12-23T02:27:00.000Z","iobWithZeroTemp":{"iob":-0.444,"basaliob":-0.444,"bolussnooze":0,"activity":-0.0042,"lastBolusTime":0,"time":"2023-12-23T02:27:00.000Z"}},{"iob":-0.005,"basaliob":-0.005,"bolussnooze":0,"activity":-1.0E-4,"lastBolusTime":0,"time":"2023-12-23T02:32:00.000Z","iobWithZeroTemp":{"iob":-0.424,"basaliob":-0.424,"bolussnooze":0,"activity":-0.0042,"lastBolusTime":0,"time":"2023-12-23T02:32:00.000Z"}},{"iob":-0.004,"basaliob":-0.004,"bolussnooze":0,"activity":-1.0E-4,"lastBolusTime":0,"time":"2023-12-23T02:37:00.000Z","iobWithZeroTemp":{"iob":-0.402,"basaliob":-0.402,"bolussnooze":0,"activity":-0.0042,"lastBolusTime":0,"time":"2023-12-23T02:37:00.000Z"}},{"iob":-0.004,"basaliob":-0.004,"bolussnooze":0,"activity":-1.0E-4,"lastBolusTime":0,"time":"2023-12-23T02:42:00.000Z","iobWithZeroTemp":{"iob":-0.382,"basaliob":-0.382,"bolussnooze":0,"activity":-0.0041,"lastBolusTime":0,"time":"2023-12-23T02:42:00.000Z"}},{"iob":-0.004,"basaliob":-0.004,"bolussnooze":0,"activity":-1.0E-4,"lastBolusTime":0,"time":"2023-12-23T02:47:00.000Z","iobWithZeroTemp":{"iob":-0.362,"basaliob":-0.362,"bolussnooze":0,"activity":-0.004,"lastBolusTime":0,"time":"2023-12-23T02:47:00.000Z"}},{"iob":-0.003,"basaliob":-0.003,"bolussnooze":0,"activity":-1.0E-4,"lastBolusTime":0,"time":"2023-12-23T02:52:00.000Z","iobWithZeroTemp":{"iob":-0.342,"basaliob":-0.342,"bolussnooze":0,"activity":-0.0039,"lastBolusTime":0,"time":"2023-12-23T02:52:00.000Z"}},{"iob":-0.003,"basaliob":-0.003,"bolussnooze":0,"activity":-1.0E-4,"lastBolusTime":0,"time":"2023-12-23T02:57:00.000Z","iobWithZeroTemp":{"iob":-0.323,"basaliob":-0.323,"bolussnooze":0,"activity":-0.0038,"lastBolusTime":0,"time":"2023-12-23T02:57:00.000Z"}},{"iob":-0.003,"basaliob":-0.003,"bolussnooze":0,"activity":0,"lastBolusTime":0,"time":"2023-12-23T03:02:00.000Z","iobWithZeroTemp":{"iob":-0.305,"basaliob":-0.305,"bolussnooze":0,"activity":-0.0036,"lastBolusTime":0,"time":"2023-12-23T03:02:00.000Z"}},{"iob":-0.003,"basaliob":-0.003,"bolussnooze":0,"activity":0,"lastBolusTime":0,"time":"2023-12-23T03:07:00.000Z","iobWithZeroTemp":{"iob":-0.288,"basaliob":-0.288,"bolussnooze":0,"activity":-0.0034,"lastBolusTime":0,"time":"2023-12-23T03:07:00.000Z"}},{"iob":-0.002,"basaliob":-0.002,"bolussnooze":0,"activity":0,"lastBolusTime":0,"time":"2023-12-23T03:12:00.000Z","iobWithZeroTemp":{"iob":-0.27,"basaliob":-0.27,"bolussnooze":0,"activity":-0.0033,"lastBolusTime":0,"time":"2023-12-23T03:12:00.000Z"}},{"iob":-0.002,"basaliob":-0.002,"bolussnooze":0,"activity":0,"lastBolusTime":0,"time":"2023-12-23T03:17:00.000Z","iobWithZeroTemp":{"iob":-0.253,"basaliob":-0.253,"bolussnooze":0,"activity":-0.0032,"lastBolusTime":0,"time":"2023-12-23T03:17:00.000Z"}},{"iob":-0.002,"basaliob":-0.002,"bolussnooze":0,"activity":0,"lastBolusTime":0,"time":"2023-12-23T03:22:00.000Z","iobWithZeroTemp":{"iob":-0.238,"basaliob":-0.238,"bolussnooze":0,"activity":-0.003,"lastBolusTime":0,"time":"2023-12-23T03:22:00.000Z"}},{"iob":-0.002,"basaliob":-0.002,"bolussnooze":0,"activity":0,"lastBolusTime":0,"time":"2023-12-23T03:27:00.000Z","iobWithZeroTemp":{"iob":-0.223,"basaliob":-0.223,"bolussnooze":0,"activity":-0.0029,"lastBolusTime":0,"time":"2023-12-23T03:27:00.000Z"}},{"iob":-0.002,"basaliob":-0.002,"bolussnooze":0,"activity":0,"lastBolusTime":0,"time":"2023-12-23T03:32:00.000Z","iobWithZeroTemp":{"iob":-0.209,"basaliob":-0.209,"bolussnooze":0,"activity":-0.0027,"lastBolusTime":0,"time":"2023-12-23T03:32:00.000Z"}},{"iob":-0.002,"basaliob":-0.002,"bolussnooze":0,"activity":0,"lastBolusTime":0,"time":"2023-12-23T03:37:00.000Z","iobWithZeroTemp":{"iob":-0.196,"basaliob":-0.196,"bolussnooze":0,"activity":-0.0026,"lastBolusTime":0,"time":"2023-12-23T03:37:00.000Z"}},{"iob":-0.001,"basaliob":-0.001,"bolussnooze":0,"activity":0,"lastBolusTime":0,"time":"2023-12-23T03:42:00.000Z","iobWithZeroTemp":{"iob":-0.182,"basaliob":-0.182,"bolussnooze":0,"activity":-0.0025,"lastBolusTime":0,"time":"2023-12-23T03:42:00.000Z"}},{"iob":-0.001,"basaliob":-0.001,"bolussnooze":0,"activity":0,"lastBolusTime":0,"time":"2023-12-23T03:47:00.000Z","iobWithZeroTemp":{"iob":-0.17,"basaliob":-0.17,"bolussnooze":0,"activity":-0.0023,"lastBolusTime":0,"time":"2023-12-23T03:47:00.000Z"}},{"iob":-0.001,"basaliob":-0.001,"bolussnooze":0,"activity":0,"lastBolusTime":0,"time":"2023-12-23T03:52:00.000Z","iobWithZeroTemp":{"iob":-0.159,"basaliob":-0.159,"bolussnooze":0,"activity":-0.0022,"lastBolusTime":0,"time":"2023-12-23T03:52:00.000Z"}},{"iob":-0.001,"basaliob":-0.001,"bolussnooze":0,"activity":0,"lastBolusTime":0,"time":"2023-12-23T03:57:00.000Z","iobWithZeroTemp":{"iob":-0.148,"basaliob":-0.148,"bolussnooze":0,"activity":-0.0021,"lastBolusTime":0,"time":"2023-12-23T03:57:00.000Z"}},{"iob":-0.001,"basaliob":-0.001,"bolussnooze":0,"activity":0,"lastBolusTime":0,"time":"2023-12-23T04:02:00.000Z","iobWithZeroTemp":{"iob":-0.138,"basaliob":-0.138,"bolussnooze":0,"activity":-0.002,"lastBolusTime":0,"time":"2023-12-23T04:02:00.000Z"}},{"iob":-0.001,"basaliob":-0.001,"bolussnooze":0,"activity":0,"lastBolusTime":0,"time":"2023-12-23T04:07:00.000Z","iobWithZeroTemp":{"iob":-0.128,"basaliob":-0.128,"bolussnooze":0,"activity":-0.0019,"lastBolusTime":0,"time":"2023-12-23T04:07:00.000Z"}},{"iob":-0.001,"basaliob":-0.001,"bolussnooze":0,"activity":0,"lastBolusTime":0,"time":"2023-12-23T04:12:00.000Z","iobWithZeroTemp":{"iob":-0.119,"basaliob":-0.119,"bolussnooze":0,"activity":-0.0017,"lastBolusTime":0,"time":"2023-12-23T04:12:00.000Z"}},{"iob":-0.001,"basaliob":-0.001,"bolussnooze":0,"activity":0,"lastBolusTime":0,"time":"2023-12-23T04:17:00.000Z","iobWithZeroTemp":{"iob":-0.111,"basaliob":-0.111,"bolussnooze":0,"activity":-0.0016,"lastBolusTime":0,"time":"2023-12-23T04:17:00.000Z"}},{"iob":-0.001,"basaliob":-0.001,"bolussnooze":0,"activity":0,"lastBolusTime":0,"time":"2023-12-23T04:22:00.000Z","iobWithZeroTemp":{"iob":-0.103,"basaliob":-0.103,"bolussnooze":0,"activity":-0.0015,"lastBolusTime":0,"time":"2023-12-23T04:22:00.000Z"}},{"iob":-0.001,"basaliob":-0.001,"bolussnooze":0,"activity":0,"lastBolusTime":0,"time":"2023-12-23T04:27:00.000Z","iobWithZeroTemp":{"iob":-0.095,"basaliob":-0.095,"bolussnooze":0,"activity":-0.0014,"lastBolusTime":0,"time":"2023-12-23T04:27:00.000Z"}},{"iob":-0.001,"basaliob":-0.001,"bolussnooze":0,"activity":0,"lastBolusTime":0,"time":"2023-12-23T04:32:00.000Z","iobWithZeroTemp":{"iob":-0.088,"basaliob":-0.088,"bolussnooze":0,"activity":-0.0013,"lastBolusTime":0,"time":"2023-12-23T04:32:00.000Z"}},{"iob":-0.001,"basaliob":-0.001,"bolussnooze":0,"activity":0,"lastBolusTime":0,"time":"2023-12-23T04:37:00.000Z","iobWithZeroTemp":{"iob":-0.082,"basaliob":-0.082,"bolussnooze":0,"activity":-0.0013,"lastBolusTime":0,"time":"2023-12-23T04:37:00.000Z"}},{"iob":0,"basaliob":0,"bolussnooze":0,"activity":0,"lastBolusTime":0,"time":"2023-12-23T04:42:00.000Z","iobWithZeroTemp":{"iob":-0.075,"basaliob":-0.075,"bolussnooze":0,"activity":-0.0012,"lastBolusTime":0,"time":"2023-12-23T04:42:00.000Z"}},{"iob":0,"basaliob":0,"bolussnooze":0,"activity":0,"lastBolusTime":0,"time":"2023-12-23T04:47:00.000Z","iobWithZeroTemp":{"iob":-0.069,"basaliob":-0.069,"bolussnooze":0,"activity":-0.0011,"lastBolusTime":0,"time":"2023-12-23T04:47:00.000Z"}},{"iob":0,"basaliob":0,"bolussnooze":0,"activity":0,"lastBolusTime":0,"time":"2023-12-23T04:52:00.000Z","iobWithZeroTemp":{"iob":-0.064,"basaliob":-0.064,"bolussnooze":0,"activity":-0.001,"lastBolusTime":0,"time":"2023-12-23T04:52:00.000Z"}},{"iob":0,"basaliob":0,"bolussnooze":0,"activity":0,"lastBolusTime":0,"time":"2023-12-23T04:57:00.000Z","iobWithZeroTemp":{"iob":-0.059,"basaliob":-0.059,"bolussnooze":0,"activity":-9.0E-4,"lastBolusTime":0,"time":"2023-12-23T04:57:00.000Z"}},{"iob":0,"basaliob":0,"bolussnooze":0,"activity":0,"lastBolusTime":0,"time":"2023-12-23T05:02:00.000Z","iobWithZeroTemp":{"iob":-0.054,"basaliob":-0.054,"bolussnooze":0,"activity":-9.0E-4,"lastBolusTime":0,"time":"2023-12-23T05:02:00.000Z"}},{"iob":0,"basaliob":0,"bolussnooze":0,"activity":0,"lastBolusTime":0,"time":"2023-12-23T05:07:00.000Z","iobWithZeroTemp":{"iob":-0.05,"basaliob":-0.05,"bolussnooze":0,"activity":-8.0E-4,"lastBolusTime":0,"time":"2023-12-23T05:07:00.000Z"}},{"iob":0,"basaliob":0,"bolussnooze":0,"activity":0,"lastBolusTime":0,"time":"2023-12-23T05:12:00.000Z","iobWithZeroTemp":{"iob":-0.046,"basaliob":-0.046,"bolussnooze":0,"activity":-8.0E-4,"lastBolusTime":0,"time":"2023-12-23T05:12:00.000Z"}},{"iob":0,"basaliob":0,"bolussnooze":0,"activity":0,"lastBolusTime":0,"time":"2023-12-23T05:17:00.000Z","iobWithZeroTemp":{"iob":-0.043,"basaliob":-0.043,"bolussnooze":0,"activity":-7.0E-4,"lastBolusTime":0,"time":"2023-12-23T05:17:00.000Z"}},{"iob":0,"basaliob":0,"bolussnooze":0,"activity":0,"lastBolusTime":0,"time":"2023-12-23T05:22:00.000Z","iobWithZeroTemp":{"iob":-0.039,"basaliob":-0.039,"bolussnooze":0,"activity":-7.0E-4,"lastBolusTime":0,"time":"2023-12-23T05:22:00.000Z"}},{"iob":0,"basaliob":0,"bolussnooze":0,"activity":0,"lastBolusTime":0,"time":"2023-12-23T05:27:00.000Z","iobWithZeroTemp":{"iob":-0.036,"basaliob":-0.036,"bolussnooze":0,"activity":-6.0E-4,"lastBolusTime":0,"time":"2023-12-23T05:27:00.000Z"}},{"iob":0,"basaliob":0,"bolussnooze":0,"activity":0,"lastBolusTime":0,"time":"2023-12-23T05:32:00.000Z","iobWithZeroTemp":{"iob":-0.033,"basaliob":-0.033,"bolussnooze":0,"activity":-6.0E-4,"lastBolusTime":0,"time":"2023-12-23T05:32:00.000Z"}},{"iob":0,"basaliob":0,"bolussnooze":0,"activity":0,"lastBolusTime":0,"time":"2023-12-23T05:37:00.000Z","iobWithZeroTemp":{"iob":-0.03,"basaliob":-0.03,"bolussnooze":0,"activity":-5.0E-4,"lastBolusTime":0,"time":"2023-12-23T05:37:00.000Z"}},{"iob":0,"basaliob":0,"bolussnooze":0,"activity":0,"lastBolusTime":0,"time":"2023-12-23T05:42:00.000Z","iobWithZeroTemp":{"iob":-0.028,"basaliob":-0.028,"bolussnooze":0,"activity":-5.0E-4,"lastBolusTime":0,"time":"2023-12-23T05:42:00.000Z"}},{"iob":0,"basaliob":0,"bolussnooze":0,"activity":0,"lastBolusTime":0,"time":"2023-12-23T05:47:00.000Z","iobWithZeroTemp":{"iob":-0.025,"basaliob":-0.025,"bolussnooze":0,"activity":-4.0E-4,"lastBolusTime":0,"time":"2023-12-23T05:47:00.000Z"}},{"iob":0,"basaliob":0,"bolussnooze":0,"activity":0,"lastBolusTime":0,"time":"2023-12-23T05:52:00.000Z","iobWithZeroTemp":{"iob":-0.023,"basaliob":-0.023,"bolussnooze":0,"activity":-4.0E-4,"lastBolusTime":0,"time":"2023-12-23T05:52:00.000Z"}},{"iob":0,"basaliob":0,"bolussnooze":0,"activity":0,"lastBolusTime":0,"time":"2023-12-23T05:57:00.000Z","iobWithZeroTemp":{"iob":-0.021,"basaliob":-0.021,"bolussnooze":0,"activity":-4.0E-4,"lastBolusTime":0,"time":"2023-12-23T05:57:00.000Z"}},{"iob":0,"basaliob":0,"bolussnooze":0,"activity":0,"lastBolusTime":0,"time":"2023-12-23T06:02:00.000Z","iobWithZeroTemp":{"iob":-0.02,"basaliob":-0.02,"bolussnooze":0,"activity":-4.0E-4,"lastBolusTime":0,"time":"2023-12-23T06:02:00.000Z"}},{"iob":0,"basaliob":0,"bolussnooze":0,"activity":0,"lastBolusTime":0,"time":"2023-12-23T06:07:00.000Z","iobWithZeroTemp":{"iob":-0.018,"basaliob":-0.018,"bolussnooze":0,"activity":-3.0E-4,"lastBolusTime":0,"time":"2023-12-23T06:07:00.000Z"}},{"iob":0,"basaliob":0,"bolussnooze":0,"activity":0,"lastBolusTime":0,"time":"2023-12-23T06:12:00.000Z","iobWithZeroTemp":{"iob":-0.016,"basaliob":-0.016,"bolussnooze":0,"activity":-3.0E-4,"lastBolusTime":0,"time":"2023-12-23T06:12:00.000Z"}},{"iob":0,"basaliob":0,"bolussnooze":0,"activity":0,"lastBolusTime":0,"time":"2023-12-23T06:17:00.000Z","iobWithZeroTemp":{"iob":-0.015,"basaliob":-0.015,"bolussnooze":0,"activity":-3.0E-4,"lastBolusTime":0,"time":"2023-12-23T06:17:00.000Z"}},{"iob":0,"basaliob":0,"bolussnooze":0,"activity":0,"lastBolusTime":0,"time":"2023-12-23T06:22:00.000Z","iobWithZeroTemp":{"iob":-0.014,"basaliob":-0.014,"bolussnooze":0,"activity":-3.0E-4,"lastBolusTime":0,"time":"2023-12-23T06:22:00.000Z"}},{"iob":0,"basaliob":0,"bolussnooze":0,"activity":0,"lastBolusTime":0,"time":"2023-12-23T06:27:00.000Z","iobWithZeroTemp":{"iob":-0.012,"basaliob":-0.012,"bolussnooze":0,"activity":-2.0E-4,"lastBolusTime":0,"time":"2023-12-23T06:27:00.000Z"}},{"iob":0,"basaliob":0,"bolussnooze":0,"activity":0,"lastBolusTime":0,"time":"2023-12-23T06:32:00.000Z","iobWithZeroTemp":{"iob":-0.011,"basaliob":-0.011,"bolussnooze":0,"activity":-2.0E-4,"lastBolusTime":0,"time":"2023-12-23T06:32:00.000Z"}},{"iob":0,"basaliob":0,"bolussnooze":0,"activity":0,"lastBolusTime":0,"time":"2023-12-23T06:37:00.000Z","iobWithZeroTemp":{"iob":-0.01,"basaliob":-0.01,"bolussnooze":0,"activity":-2.0E-4,"lastBolusTime":0,"time":"2023-12-23T06:37:00.000Z"}},{"iob":0,"basaliob":0,"bolussnooze":0,"activity":0,"lastBolusTime":0,"time":"2023-12-23T06:42:00.000Z","iobWithZeroTemp":{"iob":-0.009,"basaliob":-0.009,"bolussnooze":0,"activity":-2.0E-4,"lastBolusTime":0,"time":"2023-12-23T06:42:00.000Z"}},{"iob":0,"basaliob":0,"bolussnooze":0,"activity":0,"lastBolusTime":0,"time":"2023-12-23T06:47:00.000Z","iobWithZeroTemp":{"iob":-0.008,"basaliob":-0.008,"bolussnooze":0,"activity":-2.0E-4,"lastBolusTime":0,"time":"2023-12-23T06:47:00.000Z"}},{"iob":0,"basaliob":0,"bolussnooze":0,"activity":0,"lastBolusTime":0,"time":"2023-12-23T06:52:00.000Z","iobWithZeroTemp":{"iob":-0.008,"basaliob":-0.008,"bolussnooze":0,"activity":-2.0E-4,"lastBolusTime":0,"time":"2023-12-23T06:52:00.000Z"}},{"iob":0,"basaliob":0,"bolussnooze":0,"activity":0,"lastBolusTime":0,"time":"2023-12-23T06:57:00.000Z","iobWithZeroTemp":{"iob":-0.007,"basaliob":-0.007,"bolussnooze":0,"activity":-1.0E-4,"lastBolusTime":0,"time":"2023-12-23T06:57:00.000Z"}},{"iob":0,"basaliob":0,"bolussnooze":0,"activity":0,"lastBolusTime":0,"time":"2023-12-23T07:02:00.000Z","iobWithZeroTemp":{"iob":-0.006,"basaliob":-0.006,"bolussnooze":0,"activity":-1.0E-4,"lastBolusTime":0,"time":"2023-12-23T07:02:00.000Z"}},{"iob":0,"basaliob":0,"bolussnooze":0,"activity":0,"lastBolusTime":0,"time":"2023-12-23T07:07:00.000Z","iobWithZeroTemp":{"iob":-0.006,"basaliob":-0.006,"bolussnooze":0,"activity":-1.0E-4,"lastBolusTime":0,"time":"2023-12-23T07:07:00.000Z"}},{"iob":0,"basaliob":0,"bolussnooze":0,"activity":0,"lastBolusTime":0,"time":"2023-12-23T07:12:00.000Z","iobWithZeroTemp":{"iob":-0.005,"basaliob":-0.005,"bolussnooze":0,"activity":-1.0E-4,"lastBolusTime":0,"time":"2023-12-23T07:12:00.000Z"}},{"iob":0,"basaliob":0,"bolussnooze":0,"activity":0,"lastBolusTime":0,"time":"2023-12-23T07:17:00.000Z","iobWithZeroTemp":{"iob":-0.005,"basaliob":-0.005,"bolussnooze":0,"activity":-1.0E-4,"lastBolusTime":0,"time":"2023-12-23T07:17:00.000Z"}},{"iob":0,"basaliob":0,"bolussnooze":0,"activity":0,"lastBolusTime":0,"time":"2023-12-23T07:22:00.000Z","iobWithZeroTemp":{"iob":-0.004,"basaliob":-0.004,"bolussnooze":0,"activity":-1.0E-4,"lastBolusTime":0,"time":"2023-12-23T07:22:00.000Z"}},{"iob":0,"basaliob":0,"bolussnooze":0,"activity":0,"lastBolusTime":0,"time":"2023-12-23T07:27:00.000Z","iobWithZeroTemp":{"iob":-0.004,"basaliob":-0.004,"bolussnooze":0,"activity":-1.0E-4,"lastBolusTime":0,"time":"2023-12-23T07:27:00.000Z"}},{"iob":0,"basaliob":0,"bolussnooze":0,"activity":0,"lastBolusTime":0,"time":"2023-12-23T07:32:00.000Z","iobWithZeroTemp":{"iob":-0.003,"basaliob":-0.003,"bolussnooze":0,"activity":-1.0E-4,"lastBolusTime":0,"time":"2023-12-23T07:32:00.000Z"}},{"iob":0,"basaliob":0,"bolussnooze":0,"activity":0,"lastBolusTime":0,"time":"2023-12-23T07:37:00.000Z","iobWithZeroTemp":{"iob":-0.003,"basaliob":-0.003,"bolussnooze":0,"activity":-1.0E-4,"lastBolusTime":0,"time":"2023-12-23T07:37:00.000Z"}},{"iob":0,"basaliob":0,"bolussnooze":0,"activity":0,"lastBolusTime":0,"time":"2023-12-23T07:42:00.000Z","iobWithZeroTemp":{"iob":-0.003,"basaliob":-0.003,"bolussnooze":0,"activity":-1.0E-4,"lastBolusTime":0,"time":"2023-12-23T07:42:00.000Z"}},{"iob":0,"basaliob":0,"bolussnooze":0,"activity":0,"lastBolusTime":0,"time":"2023-12-23T07:47:00.000Z","iobWithZeroTemp":{"iob":-0.002,"basaliob":-0.002,"bolussnooze":0,"activity":-1.0E-4,"lastBolusTime":0,"time":"2023-12-23T07:47:00.000Z"}},{"iob":0,"basaliob":0,"bolussnooze":0,"activity":0,"lastBolusTime":0,"time":"2023-12-23T07:52:00.000Z","iobWithZeroTemp":{"iob":-0.002,"basaliob":-0.002,"bolussnooze":0,"activity":0,"lastBolusTime":0,"time":"2023-12-23T07:52:00.000Z"}}],"profile":{"max_iob":1.5,"dia":3,"type":"current","max_daily_basal":0.5,"max_basal":1.5,"min_bg":90,"max_bg":90,"target_bg":90,"carb_ratio":20,"sens":117,"max_daily_safety_multiplier":3,"current_basal_safety_multiplier":4,"skip_neutral_temps":true,"current_basal":0.5,"temptargetSet":false,"autosens_adjust_targets":true,"min_5m_carbimpact":5.5,"out_units":"mmol\/L"},"autosens_data":{"ratio":1},"meal_data":{"carbs":0,"mealCOB":0}},"output":{"temp":"absolute","bg":98,"tick":-4,"eventualBG":87,"snoozeBG":87,"predBGs":{"IOB":[98,95,92,89,86,84,83,81,80,80,79,79,79,79,79,79,79,79,80,80,80,80,80,81,81,81,81,81,81,81,82,82,82,82,82,82,82,82,82,82,83]},"COB":0,"IOB":-0.016,"reason":"COB: 0, Dev: -13, BGI: -0.76, ISF: 6.5, Target: 5.0; Eventual BG 4.8 < 5.0, setting 0.4U\/hr","duration":30,"rate":0.4,"timestamp":"2023-12-22T22:26:05.392Z"}}