{"algorithm":"OpenAPSAMAPlugin","input":{"glucoseStatus":{"glucose":176,"delta":-1.33,"short_avgdelta":1.11,"long_avgdelta":8.84},"currenttemp":{"temp":"absolute","duration":10,"rate":1.5,"minutesrunning":20},"iob_data":[{"iob":0.562,"basaliob":0.559,"bolussnooze":0,"activity":0.0032,"lastBolusTime":1703254530927,"time":"2023-12-22T18:07:00.000Z","iobWithZeroTemp":{"iob":0.562,"basaliob":0.559,"bolussnooze":0,"activity":0.0032,"lastBolusTime":1703254530927,"time":"2023-12-22T18:07:00.000Z"}},{"iob":0.545,"basaliob":0.542,"bolussnooze":0,"activity":0.0034,"lastBolusTime":1703254530927,"time":"2023-12-22T18:12:00.000Z","iobWithZeroTemp":{"iob":0.512,"basaliob":0.509,"bolussnooze":0,"activity":0.0034,"lastBolusTime":1703254530927,"time":"2023-12-22T18:12:00.000Z"}},{"iob":0.528,"basaliob":0.525,"bolussnooze":0,"activity":0.0037,"lastBolusTime":1703254530927,"time":"2023-12-22T18:17:00.000Z","iobWithZeroTemp":{"iob":0.462,"basaliob":0.459,"bolussnooze":0,"activity":0.0036,"lastBolusTime":1703254530927,"time":"2023-12-22T18:17:00.000Z"}},{"iob":0.508,"basaliob":0.506,"bolussnooze":0,"activity":0.0039,"lastBolusTime":1703254530927,"time":"2023-12-22T18:22:00.000Z","iobWithZeroTemp":{"iob":0.409,"basaliob":0.407,"bolussnooze":0,"activity":0.0037,"lastBolusTime":1703254530927,"time":"2023-12-22T18:22:00.000Z"}},{"iob":0.488,"basaliob":0.486,"bolussnooze":0,"activity":0.004,"lastBolusTime":1703254530927,"time":"2023-12-22T18:27:00.000Z","iobWithZeroTemp":{"iob":0.357,"basaliob":0.355,"bolussnooze":0,"activity":0.0036,"lastBolusTime":1703254530927,"time":"2023-12-22T18:27:00.000Z"}},{"iob":0.468,"basaliob":0.466,"bolussnooze":0,"activity":0.0041,"lastBolusTime":1703254530927,"time":"2023-12-22T18:32:00.000Z","iobWithZeroTemp":{"iob":0.306,"basaliob":0.304,"bolussnooze":0,"activity":0.0036,"lastBolusTime":1703254530927,"time":"2023-12-22T18:32:00.000Z"}},{"iob":0.447,"basaliob":0.445,"bolussnooze":0,"activity":0.0041,"lastBolusTime":1703254530927,"time":"2023-12-22T18:37:00.000Z","iobWithZeroTemp":{"iob":0.255,"basaliob":0.253,"bolussnooze":0,"activity":0.0034,"lastBolusTime":1703254530927,"time":"2023-12-22T18:37:00.000Z"}},{"iob":0.426,"basaliob":0.424,"bolussnooze":0,"activity":0.0041,"lastBolusTime":1703254530927,"time":"2023-12-22T18:42:00.000Z","iobWithZeroTemp":{"iob":0.204,"basaliob":0.202,"bolussnooze":0,"activity":0.0032,"lastBolusTime":1703254530927,"time":"2023-12-22T18:42:00.000Z"}},{"iob":0.406,"basaliob":0.404,"bolussnooze":0,"activity":0.0041,"lastBolusTime":1703254530927,"time":"2023-12-22T18:47:00.000Z","iobWithZeroTemp":{"iob":0.156,"basaliob":0.154,"bolussnooze":0,"activity":0.003,"lastBolusTime":1703254530927,"time":"2023-12-22T18:47:00.000Z"}},{"iob":0.385,"basaliob":0.384,"bolussnooze":0,"activity":0.004,"lastBolusTime":1703254530927,"time":"2023-12-22T18:52:00.000Z","iobWithZeroTemp":{"iob":0.108,"basaliob":0.107,"bolussnooze":0,"activity":0.0027,"lastBolusTime":1703254530927,"time":"2023-12-22T18:52:00.000Z"}},{"iob":0.365,"basaliob":0.364,"bolussnooze":0,"activity":0.0039,"lastBolusTime":1703254530927,"time":"2023-12-22T18:57:00.000Z","iobWithZeroTemp":{"iob":0.062,"basaliob":0.061,"bolussnooze":0,"activity":0.0023,"lastBolusTime":1703254530927,"time":"2023-12-22T18:57:00.000Z"}},{"iob":0.345,"basaliob":0.344,"bolussnooze":0,"activity":0.0038,"lastBolusTime":1703254530927,"time":"2023-12-22T19:02:00.000Z","iobWithZeroTemp":{"iob":0.017,"basaliob":0.016,"bolussnooze":0,"activity":0.002,"lastBolusTime":1703254530927,"time":"2023-12-22T19:02:00.000Z"}},{"iob":0.326,"basaliob":0.325,"bolussnooze":0,"activity":0.0037,"lastBolusTime":1703254530927,"time":"2023-12-22T19:07:00.000Z","iobWithZeroTemp":{"iob":-0.026,"basaliob":-0.027,"bolussnooze":0,"activity":0.0017,"lastBolusTime":1703254530927,"time":"2023-12-22T19:07:00.000Z"}},{"iob":0.308,"basaliob":0.307,"bolussnooze":0,"activity":0.0036,"lastBolusTime":1703254530927,"time":"2023-12-22T19:12:00.000Z","iobWithZeroTemp":{"iob":-0.066,"basaliob":-0.067,"bolussnooze":0,"activity":0.0013,"lastBolusTime":1703254530927,"time":"2023-12-22T19:12:00.000Z"}},{"iob":0.29,"basaliob":0.289,"bolussnooze":0,"activity":0.0035,"lastBolusTime":1703254530927,"time":"2023-12-22T19:17:00.000Z","iobWithZeroTemp":{"iob":-0.106,"basaliob":-0.107,"bolussnooze":0,"activity":0.001,"lastBolusTime":1703254530927,"time":"2023-12-22T19:17:00.000Z"}},{"iob":0.273,"basaliob":0.272,"bolussnooze":0,"activity":0.0033,"lastBolusTime":1703254530927,"time":"2023-12-22T19:22:00.000Z","iobWithZeroTemp":{"iob":-0.143,"basaliob":-0.144,"bolussnooze":0,"activity":6.0E-4,"lastBolusTime":1703254530927,"time":"2023-12-22T19:22:00.000Z"}},{"iob":0.257,"basaliob":0.256,"bolussnooze":0,"activity":0.0032,"lastBolusTime":1703254530927,"time":"2023-12-22T19:27:00.000Z","iobWithZeroTemp":{"iob":-0.178,"basaliob":-0.179,"bolussnooze":0,"activity":3.0E-4,"lastBolusTime":1703254530927,"time":"2023-12-22T19:27:00.000Z"}},{"iob":0.241,"basaliob":0.24,"bolussnooze":0,"activity":0.0031,"lastBolusTime":1703254530927,"time":"2023-12-22T19:32:00.000Z","iobWithZeroTemp":{"iob":-0.213,"basaliob":-0.214,"bolussnooze":0,"activity":0,"lastBolusTime":1703254530927,"time":"2023-12-22T19:32:00.000Z"}},{"iob":0.226,"basaliob":0.225,"bolussnooze":0,"activity":0.0029,"lastBolusTime":1703254530927,"time":"2023-12-22T19:37:00.000Z","iobWithZeroTemp":{"iob":-0.245,"basaliob":-0.246,"bolussnooze":0,"activity":-4.0E-4,"lastBolusTime":1703254530927,"time":"2023-12-22T19:37:00.000Z"}},{"iob":0.212,"basaliob":0.211,"bolussnooze":0,"activity":0.0028,"lastBolusTime":1703254530927,"time":"2023-12-22T19:42:00.000Z","iobWithZeroTemp":{"iob":-0.275,"basaliob":-0.276,"bolussnooze":0,"activity":-7.0E-4,"lastBolusTime":1703254530927,"time":"2023-12-22T19:42:00.000Z"}},{"iob":0.198,"basaliob":0.197,"bolussnooze":0,"activity":0.0026,"lastBolusTime":1703254530927,"time":"2023-12-22T19:47:00.000Z","iobWithZeroTemp":{"iob":-0.304,"basaliob":-0.305,"bolussnooze":0,"activity":-0.0011,"lastBolusTime":1703254530927,"time":"2023-12-22T19:47:00.000Z"}},{"iob":0.185,"basaliob":0.185,"bolussnooze":0,"activity":0.0025,"lastBolusTime":1703254530927,"time":"2023-12-22T19:52:00.000Z","iobWithZeroTemp":{"iob":-0.332,"basaliob":-0.332,"bolussnooze":0,"activity":-0.0014,"lastBolusTime":1703254530927,"time":"2023-12-22T19:52:00.000Z"}},{"iob":0.172,"basaliob":0.172,"bolussnooze":0,"activity":0.0024,"lastBolusTime":1703254530927,"time":"2023-12-22T19:57:00.000Z","iobWithZeroTemp":{"iob":-0.358,"basaliob":-0.358,"bolussnooze":0,"activity":-0.0017,"lastBolusTime":1703254530927,"time":"2023-12-22T19:57:00.000Z"}},{"iob":0.161,"basaliob":0.161,"bolussnooze":0,"activity":0.0022,"lastBolusTime":1703254530927,"time":"2023-12-22T20:02:00.000Z","iobWithZeroTemp":{"iob":-0.382,"basaliob":-0.382,"bolussnooze":0,"activity":-0.002,"lastBolusTime":1703254530927,"time":"2023-12-22T20:02:00.000Z"}},{"iob":0.15,"basaliob":0.15,"bolussnooze":0,"activity":0.0021,"lastBolusTime":1703254530927,"time":"2023-12-22T20:07:00.000Z","iobWithZeroTemp":{"iob":-0.413,"basaliob":-0.413,"bolussnooze":0,"activity":-0.0023,"lastBolusTime":1703254530927,"time":"2023-12-22T20:07:00.000Z"}},{"iob":0.14,"basaliob":0.14,"bolussnooze":0,"activity":0.002,"lastBolusTime":1703254530927,"time":"2023-12-22T20:12:00.000Z","iobWithZeroTemp":{"iob":-0.442,"basaliob":-0.442,"bolussnooze":0,"activity":-0.0025,"lastBolusTime":1703254530927,"time":"2023-12-22T20:12:00.000Z"}},{"iob":0.13,"basaliob":0.13,"bolussnooze":0,"activity":0.0019,"lastBolusTime":1703254530927,"time":"2023-12-22T20:17:00.000Z","iobWithZeroTemp":{"iob":-0.471,"basaliob":-0.471,"bolussnooze":0,"activity":-0.0028,"lastBolusTime":1703254530927,"time":"2023-12-22T20:17:00.000Z"}},{"iob":0.121,"basaliob":0.121,"bolussnooze":0,"activity":0.0018,"lastBolusTime":1703254530927,"time":"2023-12-22T20:22:00.000Z","iobWithZeroTemp":{"iob":-0.498,"basaliob":-0.498,"bolussnooze":0,"activity":-0.0031,"lastBolusTime":1703254530927,"time":"2023-12-22T20:22:00.000Z"}},{"iob":0.112,"basaliob":0.112,"bolussnooze":0,"activity":0.0017,"lastBolusTime":1703254530927,"time":"2023-12-22T20:27:00.000Z","iobWithZeroTemp":{"iob":-0.523,"basaliob":-0.523,"bolussnooze":0,"activity":-0.0034,"lastBolusTime":1703254530927,"time":"2023-12-22T20:27:00.000Z"}},{"iob":0.104,"basaliob":0.104,"bolussnooze":0,"activity":0.0016,"lastBolusTime":1703254530927,"time":"2023-12-22T20:32:00.000Z","iobWithZeroTemp":{"iob":-0.547,"basaliob":-0.547,"bolussnooze":0,"activity":-0.0036,"lastBolusTime":1703254530927,"time":"2023-12-22T20:32:00.000Z"}},{"iob":0.097,"basaliob":0.097,"bolussnooze":0,"activity":0.0015,"lastBolusTime":1703254530927,"time":"2023-12-22T20:37:00.000Z","iobWithZeroTemp":{"iob":-0.57,"basaliob":-0.57,"bolussnooze":0,"activity":-0.0039,"lastBolusTime":1703254530927,"time":"2023-12-22T20:37:00.000Z"}},{"iob":0.09,"basaliob":0.09,"bolussnooze":0,"activity":0.0014,"lastBolusTime":1703254530927,"time":"2023-12-22T20:42:00.000Z","iobWithZeroTemp":{"iob":-0.591,"basaliob":-0.591,"bolussnooze":0,"activity":-0.0041,"lastBolusTime":1703254530927,"time":"2023-12-22T20:42:00.000Z"}},{"iob":0.083,"basaliob":0.083,"bolussnooze":0,"activity":0.0013,"lastBolusTime":1703254530927,"time":"2023-12-22T20:47:00.000Z","iobWithZeroTemp":{"iob":-0.612,"basaliob":-0.612,"bolussnooze":0,"activity":-0.0044,"lastBolusTime":1703254530927,"time":"2023-12-22T20:47:00.000Z"}},{"iob":0.077,"basaliob":0.077,"bolussnooze":0,"activity":0.0012,"lastBolusTime":1703254530927,"time":"2023-12-22T20:52:00.000Z","iobWithZeroTemp":{"iob":-0.63,"basaliob":-0.63,"bolussnooze":0,"activity":-0.0046,"lastBolusTime":1703254530927,"time":"2023-12-22T20:52:00.000Z"}},{"iob":0.071,"basaliob":0.071,"bolussnooze":0,"activity":0.0011,"lastBolusTime":1703254530927,"time":"2023-12-22T20:57:00.000Z","iobWithZeroTemp":{"iob":-0.649,"basaliob":-0.649,"bolussnooze":0,"activity":-0.0049,"lastBolusTime":1703254530927,"time":"2023-12-22T20:57:00.000Z"}},{"iob":0.066,"basaliob":0.066,"bolussnooze":0,"activity":0.001,"lastBolusTime":1703254530927,"time":"2023-12-22T21:02:00.000Z","iobWithZeroTemp":{"iob":-0.665,"basaliob":-0.665,"bolussnooze":0,"activity":-0.0051,"lastBolusTime":1703254530927,"time":"2023-12-22T21:02:00.000Z"}},{"iob":0.061,"basaliob":0.061,"bolussnooze":0,"activity":0.001,"lastBolusTime":1703254530927,"time":"2023-12-22T21:07:00.000Z","iobWithZeroTemp":{"iob":-0.681,"basaliob":-0.681,"bolussnooze":0,"activity":-0.0053,"lastBolusTime":1703254530927,"time":"2023-12-22T21:07:00.000Z"}},{"iob":0.056,"basaliob":0.056,"bolussnooze":0,"activity":9.0E-4,"lastBolusTime":1703254530927,"time":"2023-12-22T21:12:00.000Z","iobWithZeroTemp":{"iob":-0.696,"basaliob":-0.696,"bolussnooze":0,"activity":-0.0055,"lastBolusTime":1703254530927,"time":"2023-12-22T21:12:00.000Z"}},{"iob":0.052,"basaliob":0.052,"bolussnooze":0,"activity":8.0E-4,"lastBolusTime":1703254530927,"time":"2023-12-22T21:17:00.000Z","iobWithZeroTemp":{"iob":-0.709,"basaliob":-0.709,"bolussnooze":0,"activity":-0.0057,"lastBolusTime":1703254530927,"time":"2023-12-22T21:17:00.000Z"}},{"iob":0.048,"basaliob":0.048,"bolussnooze":0,"activity":8.0E-4,"lastBolusTime":1703254530927,"time":"2023-12-22T21:22:00.000Z","iobWithZeroTemp":{"iob":-0.722,"basaliob":-0.722,"bolussnooze":0,"activity":-0.0058,"lastBolusTime":1703254530927,"time":"2023-12-22T21:22:00.000Z"}},{"iob":0.044,"basaliob":0.044,"bolussnooze":0,"activity":7.0E-4,"lastBolusTime":1703254530927,"time":"2023-12-22T21:27:00.000Z","iobWithZeroTemp":{"iob":-0.734,"basaliob":-0.734,"bolussnooze":0,"activity":-0.006,"lastBolusTime":1703254530927,"time":"2023-12-22T21:27:00.000Z"}},{"iob":0.04,"basaliob":0.04,"bolussnooze":0,"activity":7.0E-4,"lastBolusTime":1703254530927,"time":"2023-12-22T21:32:00.000Z","iobWithZeroTemp":{"iob":-0.746,"basaliob":-0.746,"bolussnooze":0,"activity":-0.0061,"lastBolusTime":1703254530927,"time":"2023-12-22T21:32:00.000Z"}},{"iob":0.037,"basaliob":0.037,"bolussnooze":0,"activity":6.0E-4,"lastBolusTime":1703254530927,"time":"2023-12-22T21:37:00.000Z","iobWithZeroTemp":{"iob":-0.756,"basaliob":-0.756,"bolussnooze":0,"activity":-0.0063,"lastBolusTime":1703254530927,"time":"2023-12-22T21:37:00.000Z"}},{"iob":0.034,"basaliob":0.034,"bolussnooze":0,"activity":6.0E-4,"lastBolusTime":1703254530927,"time":"2023-12-22T21:42:00.000Z","iobWithZeroTemp":{"iob":-0.766,"basaliob":-0.766,"bolussnooze":0,"activity":-0.0064,"lastBolusTime":1703254530927,"time":"2023-12-22T21:42:00.000Z"}},{"iob":0.031,"basaliob":0.031,"bolussnooze":0,"activity":5.0E-4,"lastBolusTime":1703254530927,"time":"2023-12-22T21:47:00.000Z","iobWithZeroTemp":{"iob":-0.775,"basaliob":-0.775,"bolussnooze":0,"activity":-0.0066,"lastBolusTime":1703254530927,"time":"2023-12-22T21:47:00.000Z"}},{"iob":0.029,"basaliob":0.029,"bolussnooze":0,"activity":5.0E-4,"lastBolusTime":1703254530927,"time":"2023-12-22T21:52:00.000Z","iobWithZeroTemp":{"iob":-0.783,"basaliob":-0.783,"bolussnooze":0,"activity":-0.0067,"lastBolusTime":1703254530927,"time":"2023-12-22T21:52:00.000Z"}},{"iob":0.026,"basaliob":0.026,"bolussnooze":0,"activity":5.0E-4,"lastBolusTime":1703254530927,"time":"2023-12-22T21:57:00.000Z","iobWithZeroTemp":{"iob":-0.791,"basaliob":-0.791,"bolussnooze":0,"activity":-0.0068,"lastBolusTime":1703254530927,"time":"2023-12-22T21:57:00.000Z"}},{"iob":0.024,"basaliob":0.024,"bolussnooze":0,"activity":4.0E-4,"lastBolusTime":1703254530927,"time":"2023-12-22T22:02:00.000Z","iobWithZeroTemp":{"iob":-0.798,"basaliob":-0.798,"bolussnooze":0,"activity":-0.007,"lastBolusTime":1703254530927,"time":"2023-12-22T22:02:00.000Z"}},{"iob":0.022,"basaliob":0.022,"bolussnooze":0,"activity":4.0E-4,"lastBolusTime":1703254530927,"time":"2023-12-22T22:07:00.000Z","iobWithZeroTemp":{"iob":-0.805,"basaliob":-0.805,"bolussnooze":0,"activity":-0.007,"lastBolusTime":1703254530927,"time":"2023-12-22T22:07:00.000Z"}},{"iob":0.02,"basaliob":0.02,"bolussnooze":0,"activity":4.0E-4,"lastBolusTime":1703254530927,"time":"2023-12-22T22:12:00.000Z","iobWithZeroTemp":{"iob":-0.77,"basaliob":-0.77,"bolussnooze":0,"activity":-0.0071,"lastBolusTime":1703254530927,"time":"2023-12-22T22:12:00.000Z"}},{"iob":0.019,"basaliob":0.019,"bolussnooze":0,"activity":3.0E-4,"lastBolusTime":1703254530927,"time":"2023-12-22T22:17:00.000Z","iobWithZeroTemp":{"iob":-0.734,"basaliob":-0.734,"bolussnooze":0,"activity":-0.0071,"lastBolusTime":1703254530927,"time":"2023-12-22T22:17:00.000Z"}},{"iob":0.017,"basaliob":0.017,"bolussnooze":0,"activity":3.0E-4,"lastBolusTime":1703254530927,"time":"2023-12-22T22:22:00.000Z","iobWithZeroTemp":{"iob":-0.699,"basaliob":-0.699,"bolussnooze":0,"activity":-0.0071,"lastBolusTime":1703254530927,"time":"2023-12-22T22:22:00.000Z"}},{"iob":0.015,"basaliob":0.015,"bolussnooze":0,"activity":3.0E-4,"lastBolusTime":1703254530927,"time":"2023-12-22T22:27:00.000Z","iobWithZeroTemp":{"iob":-0.664,"basaliob":-0.664,"bolussnooze":0,"activity":-0.0069,"lastBolusTime":1703254530927,"time":"2023-12-22T22:27:00.000Z"}},{"iob":0.014,"basaliob":0.014,"bolussnooze":0,"activity":3.0E-4,"lastBolusTime":1703254530927,"time":"2023-12-22T22:32:00.000Z","iobWithZeroTemp":{"iob":-0.629,"basaliob":-0.629,"bolussnooze":0,"activity":-0.0068,"lastBolusTime":1703254530927,"time":"2023-12-22T22:32:00.000Z"}},{"iob":0.013,"basaliob":0.013,"bolussnooze":0,"activity":2.0E-4,"lastBolusTime":1703254530927,"time":"2023-12-22T22:37:00.000Z","iobWithZeroTemp":{"iob":-0.596,"basaliob":-0.596,"bolussnooze":0,"activity":-0.0067,"lastBolusTime":1703254530927,"time":"2023-12-22T22:37:00.000Z"}},{"iob":0.012,"basaliob":0.012,"bolussnooze":0,"activity":2.0E-4,"lastBolusTime":1703254530927,"time":"2023-12-22T22:42:00.000Z","iobWithZeroTemp":{"iob":-0.563,"basaliob":-0.563,"bolussnooze":0,"activity":-0.0065,"lastBolusTime":1703254530927,"time":"2023-12-22T22:42:00.000Z"}},{"iob":0.011,"basaliob":0.011,"bolussnooze":0,"activity":2.0E-4,"lastBolusTime":1703254530927,"time":"2023-12-22T22:47:00.000Z","iobWithZeroTemp":{"iob":-0.531,"basaliob":-0.531,"bolussnooze":0,"activity":-0.0062,"lastBolusTime":1703254530927,"time":"2023-12-22T22:47:00.000Z"}},{"iob":0.01,"basaliob":0.01,"bolussnooze":0,"activity":2.0E-4,"lastBolusTime":1703254530927,"time":"2023-12-22T22:52:00.000Z","iobWithZeroTemp":{"iob":-0.5,"basaliob":-0.5,"bolussnooze":0,"activity":-0.006,"lastBolusTime":1703254530927,"time":"2023-12-22T22:52:00.000Z"}},{"iob":0.009,"basaliob":0.009,"bolussnooze":0,"activity":2.0E-4,"lastBolusTime":1703254530927,"time":"2023-12-22T22:57:00.000Z","iobWithZeroTemp":{"iob":-0.471,"basaliob":-0.471,"bolussnooze":0,"activity":-0.0058,"lastBolusTime":1703254530927,"time":"2023-12-22T22:57:00.000Z"}},{"iob":0.008,"basaliob":0.008,"bolussnooze":0,"activity":2.0E-4,"lastBolusTime":1703254530927,"time":"2023-12-22T23:02:00.000Z","iobWithZeroTemp":{"iob":-0.443,"basaliob":-0.443,"bolussnooze":0,"activity":-0.0055,"lastBolusTime":1703254530927,"time":"2023-12-22T23:02:00.000Z"}},{"iob":0.007,"basaliob":0.007,"bolussnooze":0,"activity":1.0E-4,"lastBolusTime":1703254530927,"time":"2023-12-22T23:07:00.000Z","iobWithZeroTemp":{"iob":-0.416,"basaliob":-0.416,"bolussnooze":0,"activity":-0.0053,"lastBolusTime":1703254530927,"time":"2023-12-22T23:07:00.000Z"}},{"iob":0.007,"basaliob":0.007,"bolussnooze":0,"activity":1.0E-4,"lastBolusTime":1703254530927,"time":"2023-12-22T23:12:00.000Z","iobWithZeroTemp":{"iob":-0.389,"basaliob":-0.389,"bolussnooze":0,"activity":-0.0051,"lastBolusTime":1703254530927,"time":"2023-12-22T23:12:00.000Z"}},{"iob":0.006,"basaliob":0.006,"bolussnooze":0,"activity":1.0E-4,"lastBolusTime":0,"time":"2023-12-22T23:17:00.000Z","iobWithZeroTemp":{"iob":-0.365,"basaliob":-0.365,"bolussnooze":0,"activity":-0.0048,"lastBolusTime":0,"time":"2023-12-22T23:17:00.000Z"}},{"iob":0.005,"basaliob":0.005,"bolussnooze":0,"activity":1.0E-4,"lastBolusTime":0,"time":"2023-12-22T23:22:00.000Z","iobWithZeroTemp":{"iob":-0.342,"basaliob":-0.342,"bolussnooze":0,"activity":-0.0046,"lastBolusTime":0,"time":"2023-12-22T23:22:00.000Z"}},{"iob":0.005,"basaliob":0.005,"bolussnooze":0,"activity":1.0E-4,"lastBolusTime":0,"time":"2023-12-22T23:27:00.000Z","iobWithZeroTemp":{"iob":-0.319,"basaliob":-0.319,"bolussnooze":0,"activity":-0.0043,"lastBolusTime":0,"time":"2023-12-22T23:27:00.000Z"}},{"iob":0.004,"basaliob":0.004,"bolussnooze":0,"activity":1.0E-4,"lastBolusTime":0,"time":"2023-12-22T23:32:00.000Z","iobWithZeroTemp":{"iob":-0.299,"basaliob":-0.299,"bolussnooze":0,"activity":-0.0041,"lastBolusTime":0,"time":"2023-12-22T23:32:00.000Z"}},{"iob":0.004,"basaliob":0.004,"bolussnooze":0,"activity":1.0E-4,"lastBolusTime":0,"time":"2023-12-22T23:37:00.000Z","iobWithZeroTemp":{"iob":-0.278,"basaliob":-0.278,"bolussnooze":0,"activity":-0.0039,"lastBolusTime":0,"time":"2023-12-22T23:37:00.000Z"}},{"iob":0.004,"basaliob":0.004,"bolussnooze":0,"activity":1.0E-4,"lastBolusTime":0,"time":"2023-12-22T23:42:00.000Z","iobWithZeroTemp":{"iob":-0.259,"basaliob":-0.259,"bolussnooze":0,"activity":-0.0036,"lastBolusTime":0,"time":"2023-12-22T23:42:00.000Z"}},{"iob":0.003,"basaliob":0.003,"bolussnooze":0,"activity":1.0E-4,"lastBolusTime":0,"time":"2023-12-22T23:47:00.000Z","iobWithZeroTemp":{"iob":-0.242,"basaliob":-0.242,"bolussnooze":0,"activity":-0.0034,"lastBolusTime":0,"time":"2023-12-22T23:47:00.000Z"}},{"iob":0.003,"basaliob":0.003,"bolussnooze":0,"activity":1.0E-4,"lastBolusTime":0,"time":"2023-12-22T23:52:00.000Z","iobWithZeroTemp":{"iob":-0.225,"basaliob":-0.225,"bolussnooze":0,"activity":-0.0032,"lastBolusTime":0,"time":"2023-12-22T23:52:00.000Z"}},{"iob":0.003,"basaliob":0.003,"bolussnooze":0,"activity":1.0E-4,"lastBolusTime":0,"time":"2023-12-22T23:57:00.000Z","iobWithZeroTemp":{"iob":-0.209,"basaliob":-0.209,"bolussnooze":0,"activity":-0.003,"lastBolusTime":0,"time":"2023-12-22T23:57:00.000Z"}},{"iob":0.002,"basaliob":0.002,"bolussnooze":0,"activity":1.0E-4,"lastBolusTime":0,"time":"2023-12-23T00:02:00.000Z","iobWithZeroTemp":{"iob":-0.194,"basaliob":-0.194,"bolussnooze":0,"activity":-0.0028,"lastBolusTime":0,"time":"2023-12-23T00:02:00.000Z"}},{"iob":0.002,"basaliob":0.002,"bolussnooze":0,"activity":0,"lastBolusTime":0,"time":"2023-12-23T00:07:00.000Z","iobWithZeroTemp":{"iob":-0.18,"basaliob":-0.18,"bolussnooze":0,"activity":-0.0027,"lastBolusTime":0,"time":"2023-12-23T00:07:00.000Z"}},{"iob":0.002,"basaliob":0.002,"bolussnooze":0,"activity":0,"lastBolusTime":0,"time":"2023-12-23T00:12:00.000Z","iobWithZeroTemp":{"iob":-0.167,"basaliob":-0.167,"bolussnooze":0,"activity":-0.0026,"lastBolusTime":0,"time":"2023-12-23T00:12:00.000Z"}},{"iob":0.002,"basaliob":0.002,"bolussnooze":0,"activity":0,"lastBolusTime":0,"time":"2023-12-23T00:17:00.000Z","iobWithZeroTemp":{"iob":-0.155,"basaliob":-0.155,"bolussnooze":0,"activity":-0.0024,"lastBolusTime":0,"time":"2023-12-23T00:17:00.000Z"}},{"iob":0.001,"basaliob":0.001,"bolussnooze":0,"activity":0,"lastBolusTime":0,"time":"2023-12-23T00:22:00.000Z","iobWithZeroTemp":{"iob":-0.144,"basaliob":-0.144,"bolussnooze":0,"activity":-0.0022,"lastBolusTime":0,"time":"2023-12-23T00:22:00.000Z"}},{"iob":0.001,"basaliob":0.001,"bolussnooze":0,"activity":0,"lastBolusTime":0,"time":"2023-12-23T00:27:00.000Z","iobWithZeroTemp":{"iob":-0.133,"basaliob":-0.133,"bolussnooze":0,"activity":-0.0021,"lastBolusTime":0,"time":"2023-12-23T00:27:00.000Z"}},{"iob":0.001,"basaliob":0.001,"bolussnooze":0,"activity":0,"lastBolusTime":0,"time":"2023-12-23T00:32:00.000Z","iobWithZeroTemp":{"iob":-0.123,"basaliob":-0.123,"bolussnooze":0,"activity":-0.002,"lastBolusTime":0,"time":"2023-12-23T00:32:00.000Z"}},{"iob":0.001,"basaliob":0.001,"bolussnooze":0,"activity":0,"lastBolusTime":0,"time":"2023-12-23T00:37:00.000Z","iobWithZeroTemp":{"iob":-0.113,"basaliob":-0.113,"bolussnooze":0,"activity":-0.0018,"lastBolusTime":0,"time":"2023-12-23T00:37:00.000Z"}},{"iob":0.001,"basaliob":0.001,"bolussnooze":0,"activity":0,"lastBolusTime":0,"time":"2023-12-23T00:42:00.000Z","iobWithZeroTemp":{"iob":-0.105,"basaliob":-0.105,"bolussnooze":0,"activity":-0.0017,"lastBolusTime":0,"time":"2023-12-23T00:42:00.000Z"}},{"iob":0.001,"basaliob":0.001,"bolussnooze":0,"activity":0,"lastBolusTime":0,"time":"2023-12-23T00:47:00.000Z","iobWithZeroTemp":{"iob":-0.096,"basaliob":-0.096,"bolussnooze":0,"activity":-0.0016,"lastBolusTime":0,"time":"2023-12-23T00:47:00.000Z"}},{"iob":0.001,"basaliob":0.001,"bolussnooze":0,"activity":0,"lastBolusTime":0,"time":"2023-12-23T00:52:00.000Z","iobWithZeroTemp":{"iob":-0.089,"basaliob":-0.089,"bolussnooze":0,"activity":-0.0015,"lastBolusTime":0,"time":"2023-12-23T00:52:00.000Z"}},{"iob":0.001,"basaliob":0.001,"bolussnooze":0,"activity":0,"lastBolusTime":0,"time":"2023-12-23T00:57:00.000Z","iobWithZeroTemp":{"iob":-0.082,"basaliob":-0.082,"bolussnooze":0,"activity":-0.0014,"lastBolusTime":0,"time":"2023-12-23T00:57:00.000Z"}},{"iob":0,"basaliob":0,"bolussnooze":0,"activity":0,"lastBolusTime":0,"time":"2023-12-23T01:02:00.000Z","iobWithZeroTemp":{"iob":-0.076,"basaliob":-0.076,"bolussnooze":0,"activity":-0.0013,"lastBolusTime":0,"time":"2023-12-23T01:02:00.000Z"}},{"iob":0,"basaliob":0,"bolussnooze":0,"activity":0,"lastBolusTime":0,"time":"2023-12-23T01:07:00.000Z","iobWithZeroTemp":{"iob":-0.07,"basaliob":-0.07,"bolussnooze":0,"activity":-0.0012,"lastBolusTime":0,"time":"2023-12-23T01:07:00.000Z"}},{"iob":0,"basaliob":0,"bolussnooze":0,"activity":0,"lastBolusTime":0,"time":"2023-12-23T01:12:00.000Z","iobWithZeroTemp":{"iob":-0.064,"basaliob":-0.064,"bolussnooze":0,"activity":-0.0011,"lastBolusTime":0,"time":"2023-12-23T01:12:00.000Z"}},{"iob":0,"basaliob":0,"bolussnooze":0,"activity":0,"lastBolusTime":0,"time":"2023-12-23T01:17:00.000Z","iobWithZeroTemp":{"iob":-0.059,"basaliob":-0.059,"bolussnooze":0,"activity":-0.001,"lastBolusTime":0,"time":"2023-12-23T01:17:00.000Z"}},{"iob":0,"basaliob":0,"bolussnooze":0,"activity":0,"lastBolusTime":0,"time":"2023-12-23T01:22:00.000Z","iobWithZeroTemp":{"iob":-0.054,"basaliob":-0.054,"bolussnooze":0,"activity":-9.0E-4,"lastBolusTime":0,"time":"2023-12-23T01:22:00.000Z"}},{"iob":0,"basaliob":0,"bolussnooze":0,"activity":0,"lastBolusTime":0,"time":"2023-12-23T01:27:00.000Z","iobWithZeroTemp":{"iob":-0.05,"basaliob":-0.05,"bolussnooze":0,"activity":-9.0E-4,"lastBolusTime":0,"time":"2023-12-23T01:27:00.000Z"}},{"iob":0,"basaliob":0,"bolussnooze":0,"activity":0,"lastBolusTime":0,"time":"2023-12-23T01:32:00.000Z","iobWithZeroTemp":{"iob":-0.046,"basaliob":-0.046,"bolussnooze":0,"activity":-8.0E-4,"lastBolusTime":0,"time":"2023-12-23T01:32:00.000Z"}},{"iob":0,"basaliob":0,"bolussnooze":0,"activity":0,"lastBolusTime":0,"time":"2023-12-23T01:37:00.000Z","iobWithZeroTemp":{"iob":-0.042,"basaliob":-0.042,"bolussnooze":0,"activity":-7.0E-4,"lastBolusTime":0,"time":"2023-12-23T01:37:00.000Z"}},{"iob":0,"basaliob":0,"bolussnooze":0,"activity":0,"lastBolusTime":0,"time":"2023-12-23T01:42:00.000Z","iobWithZeroTemp":{"iob":-0.038,"basaliob":-0.038,"bolussnooze":0,"activity":-7.0E-4,"lastBolusTime":0,"time":"2023-12-23T01:42:00.000Z"}},{"iob":0,"basaliob":0,"bolussnooze":0,"activity":0,"lastBolusTime":0,"time":"2023-12-23T01:47:00.000Z","iobWithZeroTemp":{"iob":-0.035,"basaliob":-0.035,"bolussnooze":0,"activity":-6.0E-4,"lastBolusTime":0,"time":"2023-12-23T01:47:00.000Z"}},{"iob":0,"basaliob":0,"bolussnooze":0,"activity":0,"lastBolusTime":0,"time":"2023-12-23T01:52:00.000Z","iobWithZeroTemp":{"iob":-0.032,"basaliob":-0.032,"bolussnooze":0,"activity":-6.0E-4,"lastBolusTime":0,"time":"2023-12-23T01:52:00.000Z"}},{"iob":0,"basaliob":0,"bolussnooze":0,"activity":0,"lastBolusTime":0,"time":"2023-12-23T01:57:00.000Z","iobWithZeroTemp":{"iob":-0.029,"basaliob":-0.029,"bolussnooze":0,"activity":-5.0E-4,"lastBolusTime":0,"time":"2023-12-23T01:57:00.000Z"}},{"iob":0,"basaliob":0,"bolussnooze":0,"activity":0,"lastBolusTime":0,"time":"2023-12-23T02:02:00.000Z","iobWithZeroTemp":{"iob":-0.027,"basaliob":-0.027,"bolussnooze":0,"activity":-5.0E-4,"lastBolusTime":0,"time":"2023-12-23T02:02:00.000Z"}},{"iob":0,"basaliob":0,"bolussnooze":0,"activity":0,"lastBolusTime":0,"time":"2023-12-23T02:07:00.000Z","iobWithZeroTemp":{"iob":-0.024,"basaliob":-0.024,"bolussnooze":0,"activity":-5.0E-4,"lastBolusTime":0,"time":"2023-12-23T02:07:00.000Z"}},{"iob":0,"basaliob":0,"bolussnooze":0,"activity":0,"lastBolusTime":0,"time":"2023-12-23T02:12:00.000Z","iobWithZeroTemp":{"iob":-0.022,"basaliob":-0.022,"bolussnooze":0,"activity":-4.0E-4,"lastBolusTime":0,"time":"2023-12-23T02:12:00.000Z"}},{"iob":0,"basaliob":0,"bolussnooze":0,"activity":0,"lastBolusTime":0,"time":"2023-12-23T02:17:00.000Z","iobWithZeroTemp":{"iob":-0.02,"basaliob":-0.02,"bolussnooze":0,"activity":-4.0E-4,"lastBolusTime":0,"time":"2023-12-23T02:17:00.000Z"}},{"iob":0,"basaliob":0,"bolussnooze":0,"activity":0,"lastBolusTime":0,"time":"2023-12-23T02:22:00.000Z","iobWithZeroTemp":{"iob":-0.018,"basaliob":-0.018,"bolussnooze":0,"activity":-3.0E-4,"lastBolusTime":0,"time":"2023-12-23T02:22:00.000Z"}},{"iob":0,"basaliob":0,"bolussnooze":0,"activity":0,"lastBolusTime":0,"time":"2023-12-23T02:27:00.000Z","iobWithZeroTemp":{"iob":-0.017,"basaliob":-0.017,"bolussnooze":0,"activity":-3.0E-4,"lastBolusTime":0,"time":"2023-12-23T02:27:00.000Z"}},{"iob":0,"basaliob":0,"bolussnooze":0,"activity":0,"lastBolusTime":0,"time":"2023-12-23T02:32:00.000Z","iobWithZeroTemp":{"iob":-0.015,"basaliob":-0.015,"bolussnooze":0,"activity":-3.0E-4,"lastBolusTime":0,"time":"2023-12-23T02:32:00.000Z"}},{"iob":0,"basaliob":0,"bolussnooze":0,"activity":0,"lastBolusTime":0,"time":"2023-12-23T02:37:00.000Z","iobWithZeroTemp":{"iob":-0.014,"basaliob":-0.014,"bolussnooze":0,"activity":-3.0E-4,"lastBolusTime":0,"time":"2023-12-23T02:37:00.000Z"}},{"iob":0,"basaliob":0,"bolussnooze":0,"activity":0,"lastBolusTime":0,"time":"2023-12-23T02:42:00.000Z","iobWithZeroTemp":{"iob":-0.012,"basaliob":-0.012,"bolussnooze":0,"activity":-2.0E-4,"lastBolusTime":0,"time":"2023-12-23T02:42:00.000Z"}},{"iob":0,"basaliob":0,"bolussnooze":0,"activity":0,"lastBolusTime":0,"time":"2023-12-23T02:47:00.000Z","iobWithZeroTemp":{"iob":-0.011,"basaliob":-0.011,"bolussnooze":0,"activity":-2.0E-4,"lastBolusTime":0,"time":"2023-12-23T02:47:00.000Z"}},{"iob":0,"basaliob":0,"bolussnooze":0,"activity":0,"lastBolusTime":0,"time":"2023-12-23T02:52:00.000Z","iobWithZeroTemp":{"iob":-0.01,"basaliob":-0.01,"bolussnooze":0,"activity":-2.0E-4,"lastBolusTime":0,"time":"2023-12-23T02:52:00.000Z"}},{"iob":0,"basaliob":0,"bolussnooze":0,"activity":0,"lastBolusTime":0,"time":"2023-12-23T02:57:00.000Z","iobWithZeroTemp":{"iob":-0.009,"basaliob":-0.009,"bolussnooze":0,"activity":-2.0E-4,"lastBolusTime":0,"time":"2023-12-23T02:57:00.000Z"}},{"iob":0,"basaliob":0,"bolussnooze":0,"activity":0,"lastBolusTime":0,"time":"2023-12-23T03:02:00.000Z","iobWithZeroTemp":{"iob":-0.008,"basaliob":-0.008,"bolussnooze":0,"activity":-2.0E-4,"lastBolusTime":0,"time":"2023-12-23T03:02:00.000Z"}},{"iob":0,"basaliob":0,"bolussnooze":0,"activity":0,"lastBolusTime":0,"time":"2023-12-23T03:07:00.000Z","iobWithZeroTemp":{"iob":-0.007,"basaliob":-0.007,"bolussnooze":0,"activity":-2.0E-4,"lastBolusTime":0,"time":"2023-12-23T03:07:00.000Z"}},{"iob":0,"basaliob":0,"bolussnooze":0,"activity":0,"lastBolusTime":0,"time":"2023-12-23T03:12:00.000Z","iobWithZeroTemp":{"iob":-0.007,"basaliob":-0.007,"bolussnooze":0,"activity":-1.0E-4,"lastBolusTime":0,"time":"2023-12-23T03:12:00.000Z"}},{"iob":0,"basaliob":0,"bolussnooze":0,"activity":0,"lastBolusTime":0,"time":"2023-12-23T03:17:00.000Z","iobWithZeroTemp":{"iob":-0.006,"basaliob":-0.006,"bolussnooze":0,"activity":-1.0E-4,"lastBolusTime":0,"time":"2023-12-23T03:17:00.000Z"}},{"iob":0,"basaliob":0,"bolussnooze":0,"activity":0,"lastBolusTime":0,"time":"2023-12-23T03:22:00.000Z","iobWithZeroTemp":{"iob":-0.005,"basaliob":-0.005,"bolussnooze":0,"activity":-1.0E-4,"lastBolusTime":0,"time":"2023-12-23T03:22:00.000Z"}},{"iob":0,"basaliob":0,"bolussnooze":0,"activity":0,"lastBolusTime":0,"time":"2023-12-23T03:27:00.000Z","iobWithZeroTemp":{"iob":-0.005,"basaliob":-0.005,"bolussnooze":0,"activity":-1.0E-4,"lastBolusTime":0,"time":"2023-12-23T03:27:00.000Z"}},{"iob":0,"basaliob":0,"bolussnooze":0,"activity":0,"lastBolusTime":0,"time":"2023-12-23T03:32:00.000Z","iobWithZeroTemp":{"iob":-0.004,"basaliob":-0.004,"bolussnooze":0,"activity":-1.0E-4,"lastBolusTime":0,"time":"2023-12-23T03:32:00.000Z"}}],"profile":{"max_iob":1.5,"dia":3,"type":"current","max_daily_basal":0.5,"max_basal":1.5,"min_bg":90,"max_bg":90,"target_bg":90,"carb_ratio":20,"sens":117,"max_daily_safety_multiplier":3,"current_basal_safety_multiplier":4,"skip_neutral_temps":true,"current_basal":0.4,"temptargetSet":false,"autosens_adjust_targets":true,"min_5m_carbimpact":5.5,"out_units":"mmol\/L"},"autosens_data":{"ratio":1},"meal_data":{"carbs":10,"mealCOB":0}},"output":{"temp":"absolute","bg":176,"tick":-1,"eventualBG":113,"snoozeBG":113,"predBGs":{"IOB":[176,175,173,171,169,167,165,163,161,158,156,154,152,150,147,145,143,142,140,138,136,135,133,132,131,129,128,127,126,125,124,123,123,122,121,120,120,119,119,118,118,117,117,117,116,116,116,115,115,115,115,115,114,114,114,114,114,114,114,113]},"COB":0,"IOB":0.562,"reason":"COB: 0, Dev: 3, BGI: -1.87, ISF: 6.5, Target: 5.0; Eventual BG 6.3 >= 5.0, temp 1.500 >~ req 0.62U\/hr","timestamp":"2023-12-22T18:06:05.791Z"}}