{"algorithm":"OpenAPSAMAPlugin","input":{"glucoseStatus":{"glucose":117,"delta":2.33,"short_avgdelta":2.33,"long_avgdelta":-2.75},"currenttemp":{"temp":"absolute","duration":5,"rate":0,"minutesrunning":25},"iob_data":[{"iob":0.123,"basaliob":0.123,"bolussnooze":0,"activity":0.0027,"lastBolusTime":0,"time":"2023-12-23T14:52:00.000Z","iobWithZeroTemp":{"iob":0.123,"basaliob":0.123,"bolussnooze":0,"activity":0.0027,"lastBolusTime":0,"time":"2023-12-23T14:52:00.000Z"}},{"iob":0.11,"basaliob":0.11,"bolussnooze":0,"activity":0.0024,"lastBolusTime":0,"time":"2023-12-23T14:57:00.000Z","iobWithZeroTemp":{"iob":0.085,"basaliob":0.085,"bolussnooze":0,"activity":0.0024,"lastBolusTime":0,"time":"2023-12-23T14:57:00.000Z"}},{"iob":0.098,"basaliob":0.098,"bolussnooze":0,"activity":0.0022,"lastBolusTime":0,"time":"2023-12-23T15:02:00.000Z","iobWithZeroTemp":{"iob":0.048,"basaliob":0.048,"bolussnooze":0,"activity":0.0021,"lastBolusTime":0,"time":"2023-12-23T15:02:00.000Z"}},{"iob":0.088,"basaliob":0.088,"bolussnooze":0,"activity":0.002,"lastBolusTime":0,"time":"2023-12-23T15:07:00.000Z","iobWithZeroTemp":{"iob":0.014,"basaliob":0.014,"bolussnooze":0,"activity":0.0018,"lastBolusTime":0,"time":"2023-12-23T15:07:00.000Z"}},{"iob":0.078,"basaliob":0.078,"bolussnooze":0,"activity":0.0018,"lastBolusTime":0,"time":"2023-12-23T15:12:00.000Z","iobWithZeroTemp":{"iob":-0.02,"basaliob":-0.02,"bolussnooze":0,"activity":0.0015,"lastBolusTime":0,"time":"2023-12-23T15:12:00.000Z"}},{"iob":0.07,"basaliob":0.07,"bolussnooze":0,"activity":0.0016,"lastBolusTime":0,"time":"2023-12-23T15:17:00.000Z","iobWithZeroTemp":{"iob":-0.052,"basaliob":-0.052,"bolussnooze":0,"activity":0.0012,"lastBolusTime":0,"time":"2023-12-23T15:17:00.000Z"}},{"iob":0.062,"basaliob":0.062,"bolussnooze":0,"activity":0.0015,"lastBolusTime":0,"time":"2023-12-23T15:22:00.000Z","iobWithZeroTemp":{"iob":-0.082,"basaliob":-0.082,"bolussnooze":0,"activity":0.001,"lastBolusTime":0,"time":"2023-12-23T15:22:00.000Z"}},{"iob":0.055,"basaliob":0.055,"bolussnooze":0,"activity":0.0013,"lastBolusTime":0,"time":"2023-12-23T15:27:00.000Z","iobWithZeroTemp":{"iob":-0.111,"basaliob":-0.111,"bolussnooze":0,"activity":6.0E-4,"lastBolusTime":0,"time":"2023-12-23T15:27:00.000Z"}},{"iob":0.049,"basaliob":0.049,"bolussnooze":0,"activity":0.0012,"lastBolusTime":0,"time":"2023-12-23T15:32:00.000Z","iobWithZeroTemp":{"iob":-0.138,"basaliob":-0.138,"bolussnooze":0,"activity":4.0E-4,"lastBolusTime":0,"time":"2023-12-23T15:32:00.000Z"}},{"iob":0.043,"basaliob":0.043,"bolussnooze":0,"activity":0.0011,"lastBolusTime":0,"time":"2023-12-23T15:37:00.000Z","iobWithZeroTemp":{"iob":-0.165,"basaliob":-0.165,"bolussnooze":0,"activity":1.0E-4,"lastBolusTime":0,"time":"2023-12-23T15:37:00.000Z"}},{"iob":0.038,"basaliob":0.038,"bolussnooze":0,"activity":0.001,"lastBolusTime":0,"time":"2023-12-23T15:42:00.000Z","iobWithZeroTemp":{"iob":-0.189,"basaliob":-0.189,"bolussnooze":0,"activity":-2.0E-4,"lastBolusTime":0,"time":"2023-12-23T15:42:00.000Z"}},{"iob":0.034,"basaliob":0.034,"bolussnooze":0,"activity":9.0E-4,"lastBolusTime":0,"time":"2023-12-23T15:47:00.000Z","iobWithZeroTemp":{"iob":-0.212,"basaliob":-0.212,"bolussnooze":0,"activity":-5.0E-4,"lastBolusTime":0,"time":"2023-12-23T15:47:00.000Z"}},{"iob":0.03,"basaliob":0.03,"bolussnooze":0,"activity":8.0E-4,"lastBolusTime":0,"time":"2023-12-23T15:52:00.000Z","iobWithZeroTemp":{"iob":-0.234,"basaliob":-0.234,"bolussnooze":0,"activity":-7.0E-4,"lastBolusTime":0,"time":"2023-12-23T15:52:00.000Z"}},{"iob":0.026,"basaliob":0.026,"bolussnooze":0,"activity":7.0E-4,"lastBolusTime":0,"time":"2023-12-23T15:57:00.000Z","iobWithZeroTemp":{"iob":-0.255,"basaliob":-0.255,"bolussnooze":0,"activity":-0.001,"lastBolusTime":0,"time":"2023-12-23T15:57:00.000Z"}},{"iob":0.023,"basaliob":0.023,"bolussnooze":0,"activity":6.0E-4,"lastBolusTime":0,"time":"2023-12-23T16:02:00.000Z","iobWithZeroTemp":{"iob":-0.274,"basaliob":-0.274,"bolussnooze":0,"activity":-0.0013,"lastBolusTime":0,"time":"2023-12-23T16:02:00.000Z"}},{"iob":0.02,"basaliob":0.02,"bolussnooze":0,"activity":5.0E-4,"lastBolusTime":0,"time":"2023-12-23T16:07:00.000Z","iobWithZeroTemp":{"iob":-0.3,"basaliob":-0.3,"bolussnooze":0,"activity":-0.0015,"lastBolusTime":0,"time":"2023-12-23T16:07:00.000Z"}},{"iob":0.018,"basaliob":0.018,"bolussnooze":0,"activity":5.0E-4,"lastBolusTime":0,"time":"2023-12-23T16:12:00.000Z","iobWithZeroTemp":{"iob":-0.325,"basaliob":-0.325,"bolussnooze":0,"activity":-0.0017,"lastBolusTime":0,"time":"2023-12-23T16:12:00.000Z"}},{"iob":0.015,"basaliob":0.015,"bolussnooze":0,"activity":4.0E-4,"lastBolusTime":0,"time":"2023-12-23T16:17:00.000Z","iobWithZeroTemp":{"iob":-0.35,"basaliob":-0.35,"bolussnooze":0,"activity":-0.002,"lastBolusTime":0,"time":"2023-12-23T16:17:00.000Z"}},{"iob":0.013,"basaliob":0.013,"bolussnooze":0,"activity":4.0E-4,"lastBolusTime":0,"time":"2023-12-23T16:22:00.000Z","iobWithZeroTemp":{"iob":-0.373,"basaliob":-0.373,"bolussnooze":0,"activity":-0.0022,"lastBolusTime":0,"time":"2023-12-23T16:22:00.000Z"}},{"iob":0.011,"basaliob":0.011,"bolussnooze":0,"activity":3.0E-4,"lastBolusTime":0,"time":"2023-12-23T16:27:00.000Z","iobWithZeroTemp":{"iob":-0.395,"basaliob":-0.395,"bolussnooze":0,"activity":-0.0025,"lastBolusTime":0,"time":"2023-12-23T16:27:00.000Z"}},{"iob":0.01,"basaliob":0.01,"bolussnooze":0,"activity":3.0E-4,"lastBolusTime":0,"time":"2023-12-23T16:32:00.000Z","iobWithZeroTemp":{"iob":-0.415,"basaliob":-0.415,"bolussnooze":0,"activity":-0.0027,"lastBolusTime":0,"time":"2023-12-23T16:32:00.000Z"}},{"iob":0.008,"basaliob":0.008,"bolussnooze":0,"activity":3.0E-4,"lastBolusTime":0,"time":"2023-12-23T16:37:00.000Z","iobWithZeroTemp":{"iob":-0.435,"basaliob":-0.435,"bolussnooze":0,"activity":-0.0028,"lastBolusTime":0,"time":"2023-12-23T16:37:00.000Z"}},{"iob":0.007,"basaliob":0.007,"bolussnooze":0,"activity":2.0E-4,"lastBolusTime":0,"time":"2023-12-23T16:42:00.000Z","iobWithZeroTemp":{"iob":-0.453,"basaliob":-0.453,"bolussnooze":0,"activity":-0.0031,"lastBolusTime":0,"time":"2023-12-23T16:42:00.000Z"}},{"iob":0.006,"basaliob":0.006,"bolussnooze":0,"activity":2.0E-4,"lastBolusTime":0,"time":"2023-12-23T16:47:00.000Z","iobWithZeroTemp":{"iob":-0.47,"basaliob":-0.47,"bolussnooze":0,"activity":-0.0033,"lastBolusTime":0,"time":"2023-12-23T16:47:00.000Z"}},{"iob":0.005,"basaliob":0.005,"bolussnooze":0,"activity":2.0E-4,"lastBolusTime":0,"time":"2023-12-23T16:52:00.000Z","iobWithZeroTemp":{"iob":-0.487,"basaliob":-0.487,"bolussnooze":0,"activity":-0.0035,"lastBolusTime":0,"time":"2023-12-23T16:52:00.000Z"}},{"iob":0.004,"basaliob":0.004,"bolussnooze":0,"activity":2.0E-4,"lastBolusTime":0,"time":"2023-12-23T16:57:00.000Z","iobWithZeroTemp":{"iob":-0.502,"basaliob":-0.502,"bolussnooze":0,"activity":-0.0036,"lastBolusTime":0,"time":"2023-12-23T16:57:00.000Z"}},{"iob":0.003,"basaliob":0.003,"bolussnooze":0,"activity":1.0E-4,"lastBolusTime":0,"time":"2023-12-23T17:02:00.000Z","iobWithZeroTemp":{"iob":-0.517,"basaliob":-0.517,"bolussnooze":0,"activity":-0.0039,"lastBolusTime":0,"time":"2023-12-23T17:02:00.000Z"}},{"iob":0.003,"basaliob":0.003,"bolussnooze":0,"activity":1.0E-4,"lastBolusTime":0,"time":"2023-12-23T17:07:00.000Z","iobWithZeroTemp":{"iob":-0.53,"basaliob":-0.53,"bolussnooze":0,"activity":-0.0041,"lastBolusTime":0,"time":"2023-12-23T17:07:00.000Z"}},{"iob":0.002,"basaliob":0.002,"bolussnooze":0,"activity":1.0E-4,"lastBolusTime":0,"time":"2023-12-23T17:12:00.000Z","iobWithZeroTemp":{"iob":-0.543,"basaliob":-0.543,"bolussnooze":0,"activity":-0.0042,"lastBolusTime":0,"time":"2023-12-23T17:12:00.000Z"}},{"iob":0.001,"basaliob":0.001,"bolussnooze":0,"activity":1.0E-4,"lastBolusTime":0,"time":"2023-12-23T17:17:00.000Z","iobWithZeroTemp":{"iob":-0.556,"basaliob":-0.556,"bolussnooze":0,"activity":-0.0044,"lastBolusTime":0,"time":"2023-12-23T17:17:00.000Z"}},{"iob":0.001,"basaliob":0.001,"bolussnooze":0,"activity":1.0E-4,"lastBolusTime":0,"time":"2023-12-23T17:22:00.000Z","iobWithZeroTemp":{"iob":-0.566,"basaliob":-0.566,"bolussnooze":0,"activity":-0.0045,"lastBolusTime":0,"time":"2023-12-23T17:22:00.000Z"}},{"iob":0.001,"basaliob":0.001,"bolussnooze":0,"activity":1.0E-4,"lastBolusTime":0,"time":"2023-12-23T17:27:00.000Z","iobWithZeroTemp":{"iob":-0.576,"basaliob":-0.576,"bolussnooze":0,"activity":-0.0046,"lastBolusTime":0,"time":"2023-12-23T17:27:00.000Z"}},{"iob":0,"basaliob":0,"bolussnooze":0,"activity":1.0E-4,"lastBolusTime":0,"time":"2023-12-23T17:32:00.000Z","iobWithZeroTemp":{"iob":-0.587,"basaliob":-0.587,"bolussnooze":0,"activity":-0.0047,"lastBolusTime":0,"time":"2023-12-23T17:32:00.000Z"}},{"iob":0,"basaliob":0,"bolussnooze":0,"activity":1.0E-4,"lastBolusTime":0,"time":"2023-12-23T17:37:00.000Z","iobWithZeroTemp":{"iob":-0.596,"basaliob":-0.596,"bolussnooze":0,"activity":-0.0049,"lastBolusTime":0,"time":"2023-12-23T17:37:00.000Z"}},{"iob":0,"basaliob":0,"bolussnooze":0,"activity":0,"lastBolusTime":0,"time":"2023-12-23T17:42:00.000Z","iobWithZeroTemp":{"iob":-0.604,"basaliob":-0.604,"bolussnooze":0,"activity":-0.0051,"lastBolusTime":0,"time":"2023-12-23T17:42:00.000Z"}},{"iob":0,"basaliob":0,"bolussnooze":0,"activity":0,"lastBolusTime":0,"time":"2023-12-23T17:47:00.000Z","iobWithZeroTemp":{"iob":-0.612,"basaliob":-0.612,"bolussnooze":0,"activity":-0.0052,"lastBolusTime":0,"time":"2023-12-23T17:47:00.000Z"}},{"iob":-0.001,"basaliob":-0.001,"bolussnooze":0,"activity":0,"lastBolusTime":0,"time":"2023-12-23T17:52:00.000Z","iobWithZeroTemp":{"iob":-0.62,"basaliob":-0.62,"bolussnooze":0,"activity":-0.0053,"lastBolusTime":0,"time":"2023-12-23T17:52:00.000Z"}},{"iob":-0.001,"basaliob":-0.001,"bolussnooze":0,"activity":0,"lastBolusTime":0,"time":"2023-12-23T17:57:00.000Z","iobWithZeroTemp":{"iob":-0.626,"basaliob":-0.626,"bolussnooze":0,"activity":-0.0054,"lastBolusTime":0,"time":"2023-12-23T17:57:00.000Z"}},{"iob":-0.001,"basaliob":-0.001,"bolussnooze":0,"activity":0,"lastBolusTime":0,"time":"2023-12-23T18:02:00.000Z","iobWithZeroTemp":{"iob":-0.633,"basaliob":-0.633,"bolussnooze":0,"activity":-0.0055,"lastBolusTime":0,"time":"2023-12-23T18:02:00.000Z"}},{"iob":-0.001,"basaliob":-0.001,"bolussnooze":0,"activity":0,"lastBolusTime":0,"time":"2023-12-23T18:07:00.000Z","iobWithZeroTemp":{"iob":-0.638,"basaliob":-0.638,"bolussnooze":0,"activity":-0.0056,"lastBolusTime":0,"time":"2023-12-23T18:07:00.000Z"}},{"iob":-0.001,"basaliob":-0.001,"bolussnooze":0,"activity":0,"lastBolusTime":0,"time":"2023-12-23T18:12:00.000Z","iobWithZeroTemp":{"iob":-0.644,"basaliob":-0.644,"bolussnooze":0,"activity":-0.0056,"lastBolusTime":0,"time":"2023-12-23T18:12:00.000Z"}},{"iob":-0.001,"basaliob":-0.001,"bolussnooze":0,"activity":0,"lastBolusTime":0,"time":"2023-12-23T18:17:00.000Z","iobWithZeroTemp":{"iob":-0.649,"basaliob":-0.649,"bolussnooze":0,"activity":-0.0057,"lastBolusTime":0,"time":"2023-12-23T18:17:00.000Z"}},{"iob":-0.001,"basaliob":-0.001,"bolussnooze":0,"activity":0,"lastBolusTime":0,"time":"2023-12-23T18:22:00.000Z","iobWithZeroTemp":{"iob":-0.653,"basaliob":-0.653,"bolussnooze":0,"activity":-0.0058,"lastBolusTime":0,"time":"2023-12-23T18:22:00.000Z"}},{"iob":-0.001,"basaliob":-0.001,"bolussnooze":0,"activity":0,"lastBolusTime":0,"time":"2023-12-23T18:27:00.000Z","iobWithZeroTemp":{"iob":-0.658,"basaliob":-0.658,"bolussnooze":0,"activity":-0.0058,"lastBolusTime":0,"time":"2023-12-23T18:27:00.000Z"}},{"iob":-0.001,"basaliob":-0.001,"bolussnooze":0,"activity":0,"lastBolusTime":0,"time":"2023-12-23T18:32:00.000Z","iobWithZeroTemp":{"iob":-0.662,"basaliob":-0.662,"bolussnooze":0,"activity":-0.0059,"lastBolusTime":0,"time":"2023-12-23T18:32:00.000Z"}},{"iob":-0.001,"basaliob":-0.001,"bolussnooze":0,"activity":0,"lastBolusTime":0,"time":"2023-12-23T18:37:00.000Z","iobWithZeroTemp":{"iob":-0.665,"basaliob":-0.665,"bolussnooze":0,"activity":-0.006,"lastBolusTime":0,"time":"2023-12-23T18:37:00.000Z"}},{"iob":-0.001,"basaliob":-0.001,"bolussnooze":0,"activity":0,"lastBolusTime":0,"time":"2023-12-23T18:42:00.000Z","iobWithZeroTemp":{"iob":-0.669,"basaliob":-0.669,"bolussnooze":0,"activity":-0.006,"lastBolusTime":0,"time":"2023-12-23T18:42:00.000Z"}},{"iob":-0.001,"basaliob":-0.001,"bolussnooze":0,"activity":0,"lastBolusTime":0,"time":"2023-12-23T18:47:00.000Z","iobWithZeroTemp":{"iob":-0.672,"basaliob":-0.672,"bolussnooze":0,"activity":-0.0061,"lastBolusTime":0,"time":"2023-12-23T18:47:00.000Z"}},{"iob":-0.001,"basaliob":-0.001,"bolussnooze":0,"activity":0,"lastBolusTime":0,"time":"2023-12-23T18:52:00.000Z","iobWithZeroTemp":{"iob":-0.675,"basaliob":-0.675,"bolussnooze":0,"activity":-0.0061,"lastBolusTime":0,"time":"2023-12-23T18:52:00.000Z"}},{"iob":-0.001,"basaliob":-0.001,"bolussnooze":0,"activity":0,"lastBolusTime":0,"time":"2023-12-23T18:57:00.000Z","iobWithZeroTemp":{"iob":-0.644,"basaliob":-0.644,"bolussnooze":0,"activity":-0.0061,"lastBolusTime":0,"time":"2023-12-23T18:57:00.000Z"}},{"iob":-0.001,"basaliob":-0.001,"bolussnooze":0,"activity":0,"lastBolusTime":0,"time":"2023-12-23T19:02:00.000Z","iobWithZeroTemp":{"iob":-0.614,"basaliob":-0.614,"bolussnooze":0,"activity":-0.0061,"lastBolusTime":0,"time":"2023-12-23T19:02:00.000Z"}},{"iob":-0.001,"basaliob":-0.001,"bolussnooze":0,"activity":0,"lastBolusTime":0,"time":"2023-12-23T19:07:00.000Z","iobWithZeroTemp":{"iob":-0.583,"basaliob":-0.583,"bolussnooze":0,"activity":-0.006,"lastBolusTime":0,"time":"2023-12-23T19:07:00.000Z"}},{"iob":-0.001,"basaliob":-0.001,"bolussnooze":0,"activity":0,"lastBolusTime":0,"time":"2023-12-23T19:12:00.000Z","iobWithZeroTemp":{"iob":-0.553,"basaliob":-0.553,"bolussnooze":0,"activity":-0.0059,"lastBolusTime":0,"time":"2023-12-23T19:12:00.000Z"}},{"iob":-0.001,"basaliob":-0.001,"bolussnooze":0,"activity":0,"lastBolusTime":0,"time":"2023-12-23T19:17:00.000Z","iobWithZeroTemp":{"iob":-0.524,"basaliob":-0.524,"bolussnooze":0,"activity":-0.0058,"lastBolusTime":0,"time":"2023-12-23T19:17:00.000Z"}},{"iob":-0.001,"basaliob":-0.001,"bolussnooze":0,"activity":0,"lastBolusTime":0,"time":"2023-12-23T19:22:00.000Z","iobWithZeroTemp":{"iob":-0.496,"basaliob":-0.496,"bolussnooze":0,"activity":-0.0056,"lastBolusTime":0,"time":"2023-12-23T19:22:00.000Z"}},{"iob":-0.001,"basaliob":-0.001,"bolussnooze":0,"activity":0,"lastBolusTime":0,"time":"2023-12-23T19:27:00.000Z","iobWithZeroTemp":{"iob":-0.468,"basaliob":-0.468,"bolussnooze":0,"activity":-0.0054,"lastBolusTime":0,"time":"2023-12-23T19:27:00.000Z"}},{"iob":-0.001,"basaliob":-0.001,"bolussnooze":0,"activity":0,"lastBolusTime":0,"time":"2023-12-23T19:32:00.000Z","iobWithZeroTemp":{"iob":-0.441,"basaliob":-0.441,"bolussnooze":0,"activity":-0.0053,"lastBolusTime":0,"time":"2023-12-23T19:32:00.000Z"}},{"iob":-0.001,"basaliob":-0.001,"bolussnooze":0,"activity":0,"lastBolusTime":0,"time":"2023-12-23T19:37:00.000Z","iobWithZeroTemp":{"iob":-0.416,"basaliob":-0.416,"bolussnooze":0,"activity":-0.0051,"lastBolusTime":0,"time":"2023-12-23T19:37:00.000Z"}},{"iob":-0.001,"basaliob":-0.001,"bolussnooze":0,"activity":0,"lastBolusTime":0,"time":"2023-12-23T19:42:00.000Z","iobWithZeroTemp":{"iob":-0.391,"basaliob":-0.391,"bolussnooze":0,"activity":-0.0049,"lastBolusTime":0,"time":"2023-12-23T19:42:00.000Z"}},{"iob":-0.001,"basaliob":-0.001,"bolussnooze":0,"activity":0,"lastBolusTime":0,"time":"2023-12-23T19:47:00.000Z","iobWithZeroTemp":{"iob":-0.367,"basaliob":-0.367,"bolussnooze":0,"activity":-0.0046,"lastBolusTime":0,"time":"2023-12-23T19:47:00.000Z"}},{"iob":-0.001,"basaliob":-0.001,"bolussnooze":0,"activity":0,"lastBolusTime":0,"time":"2023-12-23T19:52:00.000Z","iobWithZeroTemp":{"iob":-0.344,"basaliob":-0.344,"bolussnooze":0,"activity":-0.0044,"lastBolusTime":0,"time":"2023-12-23T19:52:00.000Z"}},{"iob":-0.001,"basaliob":-0.001,"bolussnooze":0,"activity":0,"lastBolusTime":0,"time":"2023-12-23T19:57:00.000Z","iobWithZeroTemp":{"iob":-0.323,"basaliob":-0.323,"bolussnooze":0,"activity":-0.0042,"lastBolusTime":0,"time":"2023-12-23T19:57:00.000Z"}},{"iob":-0.001,"basaliob":-0.001,"bolussnooze":0,"activity":0,"lastBolusTime":0,"time":"2023-12-23T20:02:00.000Z","iobWithZeroTemp":{"iob":-0.302,"basaliob":-0.302,"bolussnooze":0,"activity":-0.004,"lastBolusTime":0,"time":"2023-12-23T20:02:00.000Z"}},{"iob":-0.001,"basaliob":-0.001,"bolussnooze":0,"activity":0,"lastBolusTime":0,"time":"2023-12-23T20:07:00.000Z","iobWithZeroTemp":{"iob":-0.283,"basaliob":-0.283,"bolussnooze":0,"activity":-0.0038,"lastBolusTime":0,"time":"2023-12-23T20:07:00.000Z"}},{"iob":-0.001,"basaliob":-0.001,"bolussnooze":0,"activity":0,"lastBolusTime":0,"time":"2023-12-23T20:12:00.000Z","iobWithZeroTemp":{"iob":-0.264,"basaliob":-0.264,"bolussnooze":0,"activity":-0.0036,"lastBolusTime":0,"time":"2023-12-23T20:12:00.000Z"}},{"iob":-0.001,"basaliob":-0.001,"bolussnooze":0,"activity":0,"lastBolusTime":0,"time":"2023-12-23T20:17:00.000Z","iobWithZeroTemp":{"iob":-0.246,"basaliob":-0.246,"bolussnooze":0,"activity":-0.0034,"lastBolusTime":0,"time":"2023-12-23T20:17:00.000Z"}},{"iob":-0.001,"basaliob":-0.001,"bolussnooze":0,"activity":0,"lastBolusTime":0,"time":"2023-12-23T20:22:00.000Z","iobWithZeroTemp":{"iob":-0.23,"basaliob":-0.23,"bolussnooze":0,"activity":-0.0032,"lastBolusTime":0,"time":"2023-12-23T20:22:00.000Z"}},{"iob":0,"basaliob":0,"bolussnooze":0,"activity":0,"lastBolusTime":0,"time":"2023-12-23T20:27:00.000Z","iobWithZeroTemp":{"iob":-0.213,"basaliob":-0.213,"bolussnooze":0,"activity":-0.003,"lastBolusTime":0,"time":"2023-12-23T20:27:00.000Z"}},{"iob":0,"basaliob":0,"bolussnooze":0,"activity":0,"lastBolusTime":0,"time":"2023-12-23T20:32:00.000Z","iobWithZeroTemp":{"iob":-0.198,"basaliob":-0.198,"bolussnooze":0,"activity":-0.0029,"lastBolusTime":0,"time":"2023-12-23T20:32:00.000Z"}},{"iob":0,"basaliob":0,"bolussnooze":0,"activity":0,"lastBolusTime":0,"time":"2023-12-23T20:37:00.000Z","iobWithZeroTemp":{"iob":-0.185,"basaliob":-0.185,"bolussnooze":0,"activity":-0.0027,"lastBolusTime":0,"time":"2023-12-23T20:37:00.000Z"}},{"iob":0,"basaliob":0,"bolussnooze":0,"activity":0,"lastBolusTime":0,"time":"2023-12-23T20:42:00.000Z","iobWithZeroTemp":{"iob":-0.171,"basaliob":-0.171,"bolussnooze":0,"activity":-0.0025,"lastBolusTime":0,"time":"2023-12-23T20:42:00.000Z"}},{"iob":0,"basaliob":0,"bolussnooze":0,"activity":0,"lastBolusTime":0,"time":"2023-12-23T20:47:00.000Z","iobWithZeroTemp":{"iob":-0.159,"basaliob":-0.159,"bolussnooze":0,"activity":-0.0024,"lastBolusTime":0,"time":"2023-12-23T20:47:00.000Z"}},{"iob":0,"basaliob":0,"bolussnooze":0,"activity":0,"lastBolusTime":0,"time":"2023-12-23T20:52:00.000Z","iobWithZeroTemp":{"iob":-0.148,"basaliob":-0.148,"bolussnooze":0,"activity":-0.0022,"lastBolusTime":0,"time":"2023-12-23T20:52:00.000Z"}},{"iob":0,"basaliob":0,"bolussnooze":0,"activity":0,"lastBolusTime":0,"time":"2023-12-23T20:57:00.000Z","iobWithZeroTemp":{"iob":-0.137,"basaliob":-0.137,"bolussnooze":0,"activity":-0.0021,"lastBolusTime":0,"time":"2023-12-23T20:57:00.000Z"}},{"iob":0,"basaliob":0,"bolussnooze":0,"activity":0,"lastBolusTime":0,"time":"2023-12-23T21:02:00.000Z","iobWithZeroTemp":{"iob":-0.127,"basaliob":-0.127,"bolussnooze":0,"activity":-0.002,"lastBolusTime":0,"time":"2023-12-23T21:02:00.000Z"}},{"iob":0,"basaliob":0,"bolussnooze":0,"activity":0,"lastBolusTime":0,"time":"2023-12-23T21:07:00.000Z","iobWithZeroTemp":{"iob":-0.117,"basaliob":-0.117,"bolussnooze":0,"activity":-0.0018,"lastBolusTime":0,"time":"2023-12-23T21:07:00.000Z"}},{"iob":0,"basaliob":0,"bolussnooze":0,"activity":0,"lastBolusTime":0,"time":"2023-12-23T21:12:00.000Z","iobWithZeroTemp":{"iob":-0.109,"basaliob":-0.109,"bolussnooze":0,"activity":-0.0017,"lastBolusTime":0,"time":"2023-12-23T21:12:00.000Z"}},{"iob":0,"basaliob":0,"bolussnooze":0,"activity":0,"lastBolusTime":0,"time":"2023-12-23T21:17:00.000Z","iobWithZeroTemp":{"iob":-0.1,"basaliob":-0.1,"bolussnooze":0,"activity":-0.0016,"lastBolusTime":0,"time":"2023-12-23T21:17:00.000Z"}},{"iob":0,"basaliob":0,"bolussnooze":0,"activity":0,"lastBolusTime":0,"time":"2023-12-23T21:22:00.000Z","iobWithZeroTemp":{"iob":-0.093,"basaliob":-0.093,"bolussnooze":0,"activity":-0.0015,"lastBolusTime":0,"time":"2023-12-23T21:22:00.000Z"}},{"iob":0,"basaliob":0,"bolussnooze":0,"activity":0,"lastBolusTime":0,"time":"2023-12-23T21:27:00.000Z","iobWithZeroTemp":{"iob":-0.086,"basaliob":-0.086,"bolussnooze":0,"activity":-0.0014,"lastBolusTime":0,"time":"2023-12-23T21:27:00.000Z"}},{"iob":0,"basaliob":0,"bolussnooze":0,"activity":0,"lastBolusTime":0,"time":"2023-12-23T21:32:00.000Z","iobWithZeroTemp":{"iob":-0.079,"basaliob":-0.079,"bolussnooze":0,"activity":-0.0013,"lastBolusTime":0,"time":"2023-12-23T21:32:00.000Z"}},{"iob":0,"basaliob":0,"bolussnooze":0,"activity":0,"lastBolusTime":0,"time":"2023-12-23T21:37:00.000Z","iobWithZeroTemp":{"iob":-0.073,"basaliob":-0.073,"bolussnooze":0,"activity":-0.0012,"lastBolusTime":0,"time":"2023-12-23T21:37:00.000Z"}},{"iob":0,"basaliob":0,"bolussnooze":0,"activity":0,"lastBolusTime":0,"time":"2023-12-23T21:42:00.000Z","iobWithZeroTemp":{"iob":-0.067,"basaliob":-0.067,"bolussnooze":0,"activity":-0.0011,"lastBolusTime":0,"time":"2023-12-23T21:42:00.000Z"}},{"iob":0,"basaliob":0,"bolussnooze":0,"activity":0,"lastBolusTime":0,"time":"2023-12-23T21:47:00.000Z","iobWithZeroTemp":{"iob":-0.062,"basaliob":-0.062,"bolussnooze":0,"activity":-0.001,"lastBolusTime":0,"time":"2023-12-23T21:47:00.000Z"}},{"iob":0,"basaliob":0,"bolussnooze":0,"activity":0,"lastBolusTime":0,"time":"2023-12-23T21:52:00.000Z","iobWithZeroTemp":{"iob":-0.057,"basaliob":-0.057,"bolussnooze":0,"activity":-0.001,"lastBolusTime":0,"time":"2023-12-23T21:52:00.000Z"}},{"iob":0,"basaliob":0,"bolussnooze":0,"activity":0,"lastBolusTime":0,"time":"2023-12-23T21:57:00.000Z","iobWithZeroTemp":{"iob":-0.052,"basaliob":-0.052,"bolussnooze":0,"activity":-9.0E-4,"lastBolusTime":0,"time":"2023-12-23T21:57:00.000Z"}},{"iob":0,"basaliob":0,"bolussnooze":0,"activity":0,"lastBolusTime":0,"time":"2023-12-23T22:02:00.000Z","iobWithZeroTemp":{"iob":-0.048,"basaliob":-0.048,"bolussnooze":0,"activity":-8.0E-4,"lastBolusTime":0,"time":"2023-12-23T22:02:00.000Z"}},{"iob":0,"basaliob":0,"bolussnooze":0,"activity":0,"lastBolusTime":0,"time":"2023-12-23T22:07:00.000Z","iobWithZeroTemp":{"iob":-0.044,"basaliob":-0.044,"bolussnooze":0,"activity":-8.0E-4,"lastBolusTime":0,"time":"2023-12-23T22:07:00.000Z"}},{"iob":0,"basaliob":0,"bolussnooze":0,"activity":0,"lastBolusTime":0,"time":"2023-12-23T22:12:00.000Z","iobWithZeroTemp":{"iob":-0.04,"basaliob":-0.04,"bolussnooze":0,"activity":-7.0E-4,"lastBolusTime":0,"time":"2023-12-23T22:12:00.000Z"}},{"iob":0,"basaliob":0,"bolussnooze":0,"activity":0,"lastBolusTime":0,"time":"2023-12-23T22:17:00.000Z","iobWithZeroTemp":{"iob":-0.037,"basaliob":-0.037,"bolussnooze":0,"activity":-6.0E-4,"lastBolusTime":0,"time":"2023-12-23T22:17:00.000Z"}},{"iob":0,"basaliob":0,"bolussnooze":0,"activity":0,"lastBolusTime":0,"time":"2023-12-23T22:22:00.000Z","iobWithZeroTemp":{"iob":-0.034,"basaliob":-0.034,"bolussnooze":0,"activity":-6.0E-4,"lastBolusTime":0,"time":"2023-12-23T22:22:00.000Z"}},{"iob":0,"basaliob":0,"bolussnooze":0,"activity":0,"lastBolusTime":0,"time":"2023-12-23T22:27:00.000Z","iobWithZeroTemp":{"iob":-0.031,"basaliob":-0.031,"bolussnooze":0,"activity":-6.0E-4,"lastBolusTime":0,"time":"2023-12-23T22:27:00.000Z"}},{"iob":0,"basaliob":0,"bolussnooze":0,"activity":0,"lastBolusTime":0,"time":"2023-12-23T22:32:00.000Z","iobWithZeroTemp":{"iob":-0.028,"basaliob":-0.028,"bolussnooze":0,"activity":-5.0E-4,"lastBolusTime":0,"time":"2023-12-23T22:32:00.000Z"}},{"iob":0,"basaliob":0,"bolussnooze":0,"activity":0,"lastBolusTime":0,"time":"2023-12-23T22:37:00.000Z","iobWithZeroTemp":{"iob":-0.026,"basaliob":-0.026,"bolussnooze":0,"activity":-5.0E-4,"lastBolusTime":0,"time":"2023-12-23T22:37:00.000Z"}},{"iob":0,"basaliob":0,"bolussnooze":0,"activity":0,"lastBolusTime":0,"time":"2023-12-23T22:42:00.000Z","iobWithZeroTemp":{"iob":-0.024,"basaliob":-0.024,"bolussnooze":0,"activity":-4.0E-4,"lastBolusTime":0,"time":"2023-12-23T22:42:00.000Z"}},{"iob":0,"basaliob":0,"bolussnooze":0,"activity":0,"lastBolusTime":0,"time":"2023-12-23T22:47:00.000Z","iobWithZeroTemp":{"iob":-0.021,"basaliob":-0.021,"bolussnooze":0,"activity":-4.0E-4,"lastBolusTime":0,"time":"2023-12-23T22:47:00.000Z"}},{"iob":0,"basaliob":0,"bolussnooze":0,"activity":0,"lastBolusTime":0,"time":"2023-12-23T22:52:00.000Z","iobWithZeroTemp":{"iob":-0.02,"basaliob":-0.02,"bolussnooze":0,"activity":-4.0E-4,"lastBolusTime":0,"time":"2023-12-23T22:52:00.000Z"}},{"iob":0,"basaliob":0,"bolussnooze":0,"activity":0,"lastBolusTime":0,"time":"2023-12-23T22:57:00.000Z","iobWithZeroTemp":{"iob":-0.018,"basaliob":-0.018,"bolussnooze":0,"activity":-3.0E-4,"lastBolusTime":0,"time":"2023-12-23T22:57:00.000Z"}},{"iob":0,"basaliob":0,"bolussnooze":0,"activity":0,"lastBolusTime":0,"time":"2023-12-23T23:02:00.000Z","iobWithZeroTemp":{"iob":-0.016,"basaliob":-0.016,"bolussnooze":0,"activity":-3.0E-4,"lastBolusTime":0,"time":"2023-12-23T23:02:00.000Z"}},{"iob":0,"basaliob":0,"bolussnooze":0,"activity":0,"lastBolusTime":0,"time":"2023-12-23T23:07:00.000Z","iobWithZeroTemp":{"iob":-0.015,"basaliob":-0.015,"bolussnooze":0,"activity":-3.0E-4,"lastBolusTime":0,"time":"2023-12-23T23:07:00.000Z"}},{"iob":0,"basaliob":0,"bolussnooze":0,"activity":0,"lastBolusTime":0,"time":"2023-12-23T23:12:00.000Z","iobWithZeroTemp":{"iob":-0.013,"basaliob":-0.013,"bolussnooze":0,"activity":-3.0E-4,"lastBolusTime":0,"time":"2023-12-23T23:12:00.000Z"}},{"iob":0,"basaliob":0,"bolussnooze":0,"activity":0,"lastBolusTime":0,"time":"2023-12-23T23:17:00.000Z","iobWithZeroTemp":{"iob":-0.012,"basaliob":-0.012,"bolussnooze":0,"activity":-2.0E-4,"lastBolusTime":0,"time":"2023-12-23T23:17:00.000Z"}},{"iob":0,"basaliob":0,"bolussnooze":0,"activity":0,"lastBolusTime":0,"time":"2023-12-23T23:22:00.000Z","iobWithZeroTemp":{"iob":-0.011,"basaliob":-0.011,"bolussnooze":0,"activity":-2.0E-4,"lastBolusTime":0,"time":"2023-12-23T23:22:00.000Z"}},{"iob":0,"basaliob":0,"bolussnooze":0,"activity":0,"lastBolusTime":0,"time":"2023-12-23T23:27:00.000Z","iobWithZeroTemp":{"iob":-0.01,"basaliob":-0.01,"bolussnooze":0,"activity":-2.0E-4,"lastBolusTime":0,"time":"2023-12-23T23:27:00.000Z"}},{"iob":0,"basaliob":0,"bolussnooze":0,"activity":0,"lastBolusTime":0,"time":"2023-12-23T23:32:00.000Z","iobWithZeroTemp":{"iob":-0.009,"basaliob":-0.009,"bolussnooze":0,"activity":-2.0E-4,"lastBolusTime":0,"time":"2023-12-23T23:32:00.000Z"}},{"iob":0,"basaliob":0,"bolussnooze":0,"activity":0,"lastBolusTime":0,"time":"2023-12-23T23:37:00.000Z","iobWithZeroTemp":{"iob":-0.008,"basaliob":-0.008,"bolussnooze":0,"activity":-2.0E-4,"lastBolusTime":0,"time":"2023-12-23T23:37:00.000Z"}},{"iob":0,"basaliob":0,"bolussnooze":0,"activity":0,"lastBolusTime":0,"time":"2023-12-23T23:42:00.000Z","iobWithZeroTemp":{"iob":-0.007,"basaliob":-0.007,"bolussnooze":0,"activity":-2.0E-4,"lastBolusTime":0,"time":"2023-12-23T23:42:00.000Z"}},{"iob":0,"basaliob":0,"bolussnooze":0,"activity":0,"lastBolusTime":0,"time":"2023-12-23T23:47:00.000Z","iobWithZeroTemp":{"iob":-0.007,"basaliob":-0.007,"bolussnooze":0,"activity":-1.0E-4,"lastBolusTime":0,"time":"2023-12-23T23:47:00.000Z"}},{"iob":0,"basaliob":0,"bolussnooze":0,"activity":0,"lastBolusTime":0,"time":"2023-12-23T23:52:00.000Z","iobWithZeroTemp":{"iob":-0.006,"basaliob":-0.006,"bolussnooze":0,"activity":-1.0E-4,"lastBolusTime":0,"time":"2023-12-23T23:52:00.000Z"}},{"iob":0,"basaliob":0,"bolussnooze":0,"activity":0,"lastBolusTime":0,"time":"2023-12-23T23:57:00.000Z","iobWithZeroTemp":{"iob":-0.005,"basaliob":-0.005,"bolussnooze":0,"activity":-1.0E-4,"lastBolusTime":0,"time":"2023-12-23T23:57:00.000Z"}},{"iob":0,"basaliob":0,"bolussnooze":0,"activity":0,"lastBolusTime":0,"time":"2023-12-24T00:02:00.000Z","iobWithZeroTemp":{"iob":-0.005,"basaliob":-0.005,"bolussnooze":0,"activity":-1.0E-4,"lastBolusTime":0,"time":"2023-12-24T00:02:00.000Z"}},{"iob":0,"basaliob":0,"bolussnooze":0,"activity":0,"lastBolusTime":0,"time":"2023-12-24T00:07:00.000Z","iobWithZeroTemp":{"iob":-0.004,"basaliob":-0.004,"bolussnooze":0,"activity":-1.0E-4,"lastBolusTime":0,"time":"2023-12-24T00:07:00.000Z"}},{"iob":0,"basaliob":0,"bolussnooze":0,"activity":0,"lastBolusTime":0,"time":"2023-12-24T00:12:00.000Z","iobWithZeroTemp":{"iob":-0.004,"basaliob":-0.004,"bolussnooze":0,"activity":-1.0E-4,"lastBolusTime":0,"time":"2023-12-24T00:12:00.000Z"}},{"iob":0,"basaliob":0,"bolussnooze":0,"activity":0,"lastBolusTime":0,"time":"2023-12-24T00:17:00.000Z","iobWithZeroTemp":{"iob":-0.003,"basaliob":-0.003,"bolussnooze":0,"activity":-1.0E-4,"lastBolusTime":0,"time":"2023-12-24T00:17:00.000Z"}}],"profile":{"max_iob":1.5,"dia":3,"type":"current","max_daily_basal":0.5,"max_basal":1.2,"min_bg":100.8,"max_bg":100.8,"target_bg":100.8,"carb_ratio":30,"sens":126,"max_daily_safety_multiplier":3,"current_basal_safety_multiplier":4,"skip_neutral_temps":true,"current_basal":0.3,"temptargetSet":false,"autosens_adjust_targets":true,"min_5m_carbimpact":5.5,"out_units":"mmol\/L"},"autosens_data":{"ratio":1},"meal_data":{"carbs":0,"mealCOB":0}},"output":{"temp":"absolute","bg":117,"tick":"+2","eventualBG":96,"snoozeBG":96,"predBGs":{"IOB":[117,114,112,110,108,106,105,103,102,101,100,100,99,99,98,98,97,97,97,97,96,96,96,96,96,96,96,96,95]},"COB":0,"IOB":0.123,"reason":"COB: 0, Dev: -6, BGI: -1.7, ISF: 7.0, Target: 5.6; Eventual BG 5.3 < 5.6, setting 0.14U\/hr","duration":30,"rate":0.13999999999999999,"timestamp":"2023-12-23T14:51:06.798Z"}}