{"algorithm":"OpenAPSAMAPlugin","input":{"glucoseStatus":{"glucose":134,"delta":11,"short_avgdelta":9.31,"long_avgdelta":3.66},"currenttemp":{"temp":"absolute","duration":25,"rate":0.95,"minutesrunning":5},"iob_data":[{"iob":0.057,"basaliob":0.057,"bolussnooze":0,"activity":3.0E-4,"lastBolusTime":0,"time":"2023-12-23T06:07:00.000Z","iobWithZeroTemp":{"iob":0.057,"basaliob":0.057,"bolussnooze":0,"activity":3.0E-4,"lastBolusTime":0,"time":"2023-12-23T06:07:00.000Z"}},{"iob":0.055,"basaliob":0.055,"bolussnooze":0,"activity":3.0E-4,"lastBolusTime":0,"time":"2023-12-23T06:12:00.000Z","iobWithZeroTemp":{"iob":0.03,"basaliob":0.03,"bolussnooze":0,"activity":3.0E-4,"lastBolusTime":0,"time":"2023-12-23T06:12:00.000Z"}},{"iob":0.054,"basaliob":0.054,"bolussnooze":0,"activity":4.0E-4,"lastBolusTime":0,"time":"2023-12-23T06:17:00.000Z","iobWithZeroTemp":{"iob":0.004,"basaliob":0.004,"bolussnooze":0,"activity":3.0E-4,"lastBolusTime":0,"time":"2023-12-23T06:17:00.000Z"}},{"iob":0.052,"basaliob":0.052,"bolussnooze":0,"activity":4.0E-4,"lastBolusTime":0,"time":"2023-12-23T06:22:00.000Z","iobWithZeroTemp":{"iob":-0.022,"basaliob":-0.022,"bolussnooze":0,"activity":2.0E-4,"lastBolusTime":0,"time":"2023-12-23T06:22:00.000Z"}},{"iob":0.05,"basaliob":0.05,"bolussnooze":0,"activity":4.0E-4,"lastBolusTime":0,"time":"2023-12-23T06:27:00.000Z","iobWithZeroTemp":{"iob":-0.048,"basaliob":-0.048,"bolussnooze":0,"activity":1.0E-4,"lastBolusTime":0,"time":"2023-12-23T06:27:00.000Z"}},{"iob":0.048,"basaliob":0.048,"bolussnooze":0,"activity":4.0E-4,"lastBolusTime":0,"time":"2023-12-23T06:32:00.000Z","iobWithZeroTemp":{"iob":-0.074,"basaliob":-0.074,"bolussnooze":0,"activity":0,"lastBolusTime":0,"time":"2023-12-23T06:32:00.000Z"}},{"iob":0.046,"basaliob":0.046,"bolussnooze":0,"activity":4.0E-4,"lastBolusTime":0,"time":"2023-12-23T06:37:00.000Z","iobWithZeroTemp":{"iob":-0.098,"basaliob":-0.098,"bolussnooze":0,"activity":-1.0E-4,"lastBolusTime":0,"time":"2023-12-23T06:37:00.000Z"}},{"iob":0.044,"basaliob":0.044,"bolussnooze":0,"activity":4.0E-4,"lastBolusTime":0,"time":"2023-12-23T06:42:00.000Z","iobWithZeroTemp":{"iob":-0.122,"basaliob":-0.122,"bolussnooze":0,"activity":-3.0E-4,"lastBolusTime":0,"time":"2023-12-23T06:42:00.000Z"}},{"iob":0.042,"basaliob":0.042,"bolussnooze":0,"activity":4.0E-4,"lastBolusTime":0,"time":"2023-12-23T06:47:00.000Z","iobWithZeroTemp":{"iob":-0.145,"basaliob":-0.145,"bolussnooze":0,"activity":-4.0E-4,"lastBolusTime":0,"time":"2023-12-23T06:47:00.000Z"}},{"iob":0.04,"basaliob":0.04,"bolussnooze":0,"activity":4.0E-4,"lastBolusTime":0,"time":"2023-12-23T06:52:00.000Z","iobWithZeroTemp":{"iob":-0.168,"basaliob":-0.168,"bolussnooze":0,"activity":-6.0E-4,"lastBolusTime":0,"time":"2023-12-23T06:52:00.000Z"}},{"iob":0.038,"basaliob":0.038,"bolussnooze":0,"activity":4.0E-4,"lastBolusTime":0,"time":"2023-12-23T06:57:00.000Z","iobWithZeroTemp":{"iob":-0.189,"basaliob":-0.189,"bolussnooze":0,"activity":-8.0E-4,"lastBolusTime":0,"time":"2023-12-23T06:57:00.000Z"}},{"iob":0.036,"basaliob":0.036,"bolussnooze":0,"activity":4.0E-4,"lastBolusTime":0,"time":"2023-12-23T07:02:00.000Z","iobWithZeroTemp":{"iob":-0.21,"basaliob":-0.21,"bolussnooze":0,"activity":-0.001,"lastBolusTime":0,"time":"2023-12-23T07:02:00.000Z"}},{"iob":0.034,"basaliob":0.034,"bolussnooze":0,"activity":4.0E-4,"lastBolusTime":0,"time":"2023-12-23T07:07:00.000Z","iobWithZeroTemp":{"iob":-0.23,"basaliob":-0.23,"bolussnooze":0,"activity":-0.0011,"lastBolusTime":0,"time":"2023-12-23T07:07:00.000Z"}},{"iob":0.032,"basaliob":0.032,"bolussnooze":0,"activity":4.0E-4,"lastBolusTime":0,"time":"2023-12-23T07:12:00.000Z","iobWithZeroTemp":{"iob":-0.249,"basaliob":-0.249,"bolussnooze":0,"activity":-0.0013,"lastBolusTime":0,"time":"2023-12-23T07:12:00.000Z"}},{"iob":0.03,"basaliob":0.03,"bolussnooze":0,"activity":4.0E-4,"lastBolusTime":0,"time":"2023-12-23T07:17:00.000Z","iobWithZeroTemp":{"iob":-0.267,"basaliob":-0.267,"bolussnooze":0,"activity":-0.0015,"lastBolusTime":0,"time":"2023-12-23T07:17:00.000Z"}},{"iob":0.028,"basaliob":0.028,"bolussnooze":0,"activity":3.0E-4,"lastBolusTime":0,"time":"2023-12-23T07:22:00.000Z","iobWithZeroTemp":{"iob":-0.284,"basaliob":-0.284,"bolussnooze":0,"activity":-0.0017,"lastBolusTime":0,"time":"2023-12-23T07:22:00.000Z"}},{"iob":0.027,"basaliob":0.027,"bolussnooze":0,"activity":3.0E-4,"lastBolusTime":0,"time":"2023-12-23T07:27:00.000Z","iobWithZeroTemp":{"iob":-0.3,"basaliob":-0.3,"bolussnooze":0,"activity":-0.0019,"lastBolusTime":0,"time":"2023-12-23T07:27:00.000Z"}},{"iob":0.025,"basaliob":0.025,"bolussnooze":0,"activity":3.0E-4,"lastBolusTime":0,"time":"2023-12-23T07:32:00.000Z","iobWithZeroTemp":{"iob":-0.315,"basaliob":-0.315,"bolussnooze":0,"activity":-0.002,"lastBolusTime":0,"time":"2023-12-23T07:32:00.000Z"}},{"iob":0.023,"basaliob":0.023,"bolussnooze":0,"activity":3.0E-4,"lastBolusTime":0,"time":"2023-12-23T07:37:00.000Z","iobWithZeroTemp":{"iob":-0.33,"basaliob":-0.33,"bolussnooze":0,"activity":-0.0022,"lastBolusTime":0,"time":"2023-12-23T07:37:00.000Z"}},{"iob":0.022,"basaliob":0.022,"bolussnooze":0,"activity":3.0E-4,"lastBolusTime":0,"time":"2023-12-23T07:42:00.000Z","iobWithZeroTemp":{"iob":-0.343,"basaliob":-0.343,"bolussnooze":0,"activity":-0.0023,"lastBolusTime":0,"time":"2023-12-23T07:42:00.000Z"}},{"iob":0.02,"basaliob":0.02,"bolussnooze":0,"activity":3.0E-4,"lastBolusTime":0,"time":"2023-12-23T07:47:00.000Z","iobWithZeroTemp":{"iob":-0.357,"basaliob":-0.357,"bolussnooze":0,"activity":-0.0025,"lastBolusTime":0,"time":"2023-12-23T07:47:00.000Z"}},{"iob":0.019,"basaliob":0.019,"bolussnooze":0,"activity":3.0E-4,"lastBolusTime":0,"time":"2023-12-23T07:52:00.000Z","iobWithZeroTemp":{"iob":-0.369,"basaliob":-0.369,"bolussnooze":0,"activity":-0.0026,"lastBolusTime":0,"time":"2023-12-23T07:52:00.000Z"}},{"iob":0.018,"basaliob":0.018,"bolussnooze":0,"activity":2.0E-4,"lastBolusTime":0,"time":"2023-12-23T07:57:00.000Z","iobWithZeroTemp":{"iob":-0.38,"basaliob":-0.38,"bolussnooze":0,"activity":-0.0028,"lastBolusTime":0,"time":"2023-12-23T07:57:00.000Z"}},{"iob":0.017,"basaliob":0.017,"bolussnooze":0,"activity":2.0E-4,"lastBolusTime":0,"time":"2023-12-23T08:02:00.000Z","iobWithZeroTemp":{"iob":-0.39,"basaliob":-0.39,"bolussnooze":0,"activity":-0.003,"lastBolusTime":0,"time":"2023-12-23T08:02:00.000Z"}},{"iob":0.016,"basaliob":0.016,"bolussnooze":0,"activity":2.0E-4,"lastBolusTime":0,"time":"2023-12-23T08:07:00.000Z","iobWithZeroTemp":{"iob":-0.4,"basaliob":-0.4,"bolussnooze":0,"activity":-0.0031,"lastBolusTime":0,"time":"2023-12-23T08:07:00.000Z"}},{"iob":0.014,"basaliob":0.014,"bolussnooze":0,"activity":2.0E-4,"lastBolusTime":0,"time":"2023-12-23T08:12:00.000Z","iobWithZeroTemp":{"iob":-0.41,"basaliob":-0.41,"bolussnooze":0,"activity":-0.0032,"lastBolusTime":0,"time":"2023-12-23T08:12:00.000Z"}},{"iob":0.013,"basaliob":0.013,"bolussnooze":0,"activity":2.0E-4,"lastBolusTime":0,"time":"2023-12-23T08:17:00.000Z","iobWithZeroTemp":{"iob":-0.419,"basaliob":-0.419,"bolussnooze":0,"activity":-0.0033,"lastBolusTime":0,"time":"2023-12-23T08:17:00.000Z"}},{"iob":0.013,"basaliob":0.013,"bolussnooze":0,"activity":2.0E-4,"lastBolusTime":0,"time":"2023-12-23T08:22:00.000Z","iobWithZeroTemp":{"iob":-0.426,"basaliob":-0.426,"bolussnooze":0,"activity":-0.0034,"lastBolusTime":0,"time":"2023-12-23T08:22:00.000Z"}},{"iob":0.012,"basaliob":0.012,"bolussnooze":0,"activity":2.0E-4,"lastBolusTime":0,"time":"2023-12-23T08:27:00.000Z","iobWithZeroTemp":{"iob":-0.434,"basaliob":-0.434,"bolussnooze":0,"activity":-0.0035,"lastBolusTime":0,"time":"2023-12-23T08:27:00.000Z"}},{"iob":0.011,"basaliob":0.011,"bolussnooze":0,"activity":2.0E-4,"lastBolusTime":0,"time":"2023-12-23T08:32:00.000Z","iobWithZeroTemp":{"iob":-0.442,"basaliob":-0.442,"bolussnooze":0,"activity":-0.0036,"lastBolusTime":0,"time":"2023-12-23T08:32:00.000Z"}},{"iob":0.01,"basaliob":0.01,"bolussnooze":0,"activity":2.0E-4,"lastBolusTime":0,"time":"2023-12-23T08:37:00.000Z","iobWithZeroTemp":{"iob":-0.448,"basaliob":-0.448,"bolussnooze":0,"activity":-0.0037,"lastBolusTime":0,"time":"2023-12-23T08:37:00.000Z"}},{"iob":0.009,"basaliob":0.009,"bolussnooze":0,"activity":1.0E-4,"lastBolusTime":0,"time":"2023-12-23T08:42:00.000Z","iobWithZeroTemp":{"iob":-0.455,"basaliob":-0.455,"bolussnooze":0,"activity":-0.0038,"lastBolusTime":0,"time":"2023-12-23T08:42:00.000Z"}},{"iob":0.009,"basaliob":0.009,"bolussnooze":0,"activity":1.0E-4,"lastBolusTime":0,"time":"2023-12-23T08:47:00.000Z","iobWithZeroTemp":{"iob":-0.46,"basaliob":-0.46,"bolussnooze":0,"activity":-0.0039,"lastBolusTime":0,"time":"2023-12-23T08:47:00.000Z"}},{"iob":0.008,"basaliob":0.008,"bolussnooze":0,"activity":1.0E-4,"lastBolusTime":0,"time":"2023-12-23T08:52:00.000Z","iobWithZeroTemp":{"iob":-0.466,"basaliob":-0.466,"bolussnooze":0,"activity":-0.004,"lastBolusTime":0,"time":"2023-12-23T08:52:00.000Z"}},{"iob":0.007,"basaliob":0.007,"bolussnooze":0,"activity":1.0E-4,"lastBolusTime":0,"time":"2023-12-23T08:57:00.000Z","iobWithZeroTemp":{"iob":-0.471,"basaliob":-0.471,"bolussnooze":0,"activity":-0.0041,"lastBolusTime":0,"time":"2023-12-23T08:57:00.000Z"}},{"iob":0.007,"basaliob":0.007,"bolussnooze":0,"activity":1.0E-4,"lastBolusTime":0,"time":"2023-12-23T09:02:00.000Z","iobWithZeroTemp":{"iob":-0.475,"basaliob":-0.475,"bolussnooze":0,"activity":-0.0041,"lastBolusTime":0,"time":"2023-12-23T09:02:00.000Z"}},{"iob":0.006,"basaliob":0.006,"bolussnooze":0,"activity":1.0E-4,"lastBolusTime":0,"time":"2023-12-23T09:07:00.000Z","iobWithZeroTemp":{"iob":-0.48,"basaliob":-0.48,"bolussnooze":0,"activity":-0.0042,"lastBolusTime":0,"time":"2023-12-23T09:07:00.000Z"}},{"iob":0.006,"basaliob":0.006,"bolussnooze":0,"activity":1.0E-4,"lastBolusTime":0,"time":"2023-12-23T09:12:00.000Z","iobWithZeroTemp":{"iob":-0.484,"basaliob":-0.484,"bolussnooze":0,"activity":-0.0042,"lastBolusTime":0,"time":"2023-12-23T09:12:00.000Z"}},{"iob":0.005,"basaliob":0.005,"bolussnooze":0,"activity":1.0E-4,"lastBolusTime":0,"time":"2023-12-23T09:17:00.000Z","iobWithZeroTemp":{"iob":-0.488,"basaliob":-0.488,"bolussnooze":0,"activity":-0.0043,"lastBolusTime":0,"time":"2023-12-23T09:17:00.000Z"}},{"iob":0.005,"basaliob":0.005,"bolussnooze":0,"activity":1.0E-4,"lastBolusTime":0,"time":"2023-12-23T09:22:00.000Z","iobWithZeroTemp":{"iob":-0.491,"basaliob":-0.491,"bolussnooze":0,"activity":-0.0043,"lastBolusTime":0,"time":"2023-12-23T09:22:00.000Z"}},{"iob":0.005,"basaliob":0.005,"bolussnooze":0,"activity":1.0E-4,"lastBolusTime":0,"time":"2023-12-23T09:27:00.000Z","iobWithZeroTemp":{"iob":-0.494,"basaliob":-0.494,"bolussnooze":0,"activity":-0.0044,"lastBolusTime":0,"time":"2023-12-23T09:27:00.000Z"}},{"iob":0.004,"basaliob":0.004,"bolussnooze":0,"activity":1.0E-4,"lastBolusTime":0,"time":"2023-12-23T09:32:00.000Z","iobWithZeroTemp":{"iob":-0.497,"basaliob":-0.497,"bolussnooze":0,"activity":-0.0044,"lastBolusTime":0,"time":"2023-12-23T09:32:00.000Z"}},{"iob":0.004,"basaliob":0.004,"bolussnooze":0,"activity":1.0E-4,"lastBolusTime":0,"time":"2023-12-23T09:37:00.000Z","iobWithZeroTemp":{"iob":-0.499,"basaliob":-0.499,"bolussnooze":0,"activity":-0.0044,"lastBolusTime":0,"time":"2023-12-23T09:37:00.000Z"}},{"iob":0.004,"basaliob":0.004,"bolussnooze":0,"activity":1.0E-4,"lastBolusTime":0,"time":"2023-12-23T09:42:00.000Z","iobWithZeroTemp":{"iob":-0.502,"basaliob":-0.502,"bolussnooze":0,"activity":-0.0045,"lastBolusTime":0,"time":"2023-12-23T09:42:00.000Z"}},{"iob":0.003,"basaliob":0.003,"bolussnooze":0,"activity":1.0E-4,"lastBolusTime":0,"time":"2023-12-23T09:47:00.000Z","iobWithZeroTemp":{"iob":-0.505,"basaliob":-0.505,"bolussnooze":0,"activity":-0.0045,"lastBolusTime":0,"time":"2023-12-23T09:47:00.000Z"}},{"iob":0.003,"basaliob":0.003,"bolussnooze":0,"activity":1.0E-4,"lastBolusTime":0,"time":"2023-12-23T09:52:00.000Z","iobWithZeroTemp":{"iob":-0.507,"basaliob":-0.507,"bolussnooze":0,"activity":-0.0045,"lastBolusTime":0,"time":"2023-12-23T09:52:00.000Z"}},{"iob":0.003,"basaliob":0.003,"bolussnooze":0,"activity":0,"lastBolusTime":0,"time":"2023-12-23T09:57:00.000Z","iobWithZeroTemp":{"iob":-0.508,"basaliob":-0.508,"bolussnooze":0,"activity":-0.0047,"lastBolusTime":0,"time":"2023-12-23T09:57:00.000Z"}},{"iob":0.002,"basaliob":0.002,"bolussnooze":0,"activity":0,"lastBolusTime":0,"time":"2023-12-23T10:02:00.000Z","iobWithZeroTemp":{"iob":-0.511,"basaliob":-0.511,"bolussnooze":0,"activity":-0.0047,"lastBolusTime":0,"time":"2023-12-23T10:02:00.000Z"}},{"iob":0.002,"basaliob":0.002,"bolussnooze":0,"activity":0,"lastBolusTime":0,"time":"2023-12-23T10:07:00.000Z","iobWithZeroTemp":{"iob":-0.512,"basaliob":-0.512,"bolussnooze":0,"activity":-0.0047,"lastBolusTime":0,"time":"2023-12-23T10:07:00.000Z"}},{"iob":0.002,"basaliob":0.002,"bolussnooze":0,"activity":0,"lastBolusTime":0,"time":"2023-12-23T10:12:00.000Z","iobWithZeroTemp":{"iob":-0.489,"basaliob":-0.489,"bolussnooze":0,"activity":-0.0047,"lastBolusTime":0,"time":"2023-12-23T10:12:00.000Z"}},{"iob":0.002,"basaliob":0.002,"bolussnooze":0,"activity":0,"lastBolusTime":0,"time":"2023-12-23T10:17:00.000Z","iobWithZeroTemp":{"iob":-0.465,"basaliob":-0.465,"bolussnooze":0,"activity":-0.0047,"lastBolusTime":0,"time":"2023-12-23T10:17:00.000Z"}},{"iob":0.002,"basaliob":0.002,"bolussnooze":0,"activity":0,"lastBolusTime":0,"time":"2023-12-23T10:22:00.000Z","iobWithZeroTemp":{"iob":-0.442,"basaliob":-0.442,"bolussnooze":0,"activity":-0.0046,"lastBolusTime":0,"time":"2023-12-23T10:22:00.000Z"}},{"iob":0.002,"basaliob":0.002,"bolussnooze":0,"activity":0,"lastBolusTime":0,"time":"2023-12-23T10:27:00.000Z","iobWithZeroTemp":{"iob":-0.419,"basaliob":-0.419,"bolussnooze":0,"activity":-0.0045,"lastBolusTime":0,"time":"2023-12-23T10:27:00.000Z"}},{"iob":0.001,"basaliob":0.001,"bolussnooze":0,"activity":0,"lastBolusTime":0,"time":"2023-12-23T10:32:00.000Z","iobWithZeroTemp":{"iob":-0.397,"basaliob":-0.397,"bolussnooze":0,"activity":-0.0044,"lastBolusTime":0,"time":"2023-12-23T10:32:00.000Z"}},{"iob":0.001,"basaliob":0.001,"bolussnooze":0,"activity":0,"lastBolusTime":0,"time":"2023-12-23T10:37:00.000Z","iobWithZeroTemp":{"iob":-0.376,"basaliob":-0.376,"bolussnooze":0,"activity":-0.0043,"lastBolusTime":0,"time":"2023-12-23T10:37:00.000Z"}},{"iob":0.001,"basaliob":0.001,"bolussnooze":0,"activity":0,"lastBolusTime":0,"time":"2023-12-23T10:42:00.000Z","iobWithZeroTemp":{"iob":-0.354,"basaliob":-0.354,"bolussnooze":0,"activity":-0.0042,"lastBolusTime":0,"time":"2023-12-23T10:42:00.000Z"}},{"iob":0.001,"basaliob":0.001,"bolussnooze":0,"activity":0,"lastBolusTime":0,"time":"2023-12-23T10:47:00.000Z","iobWithZeroTemp":{"iob":-0.334,"basaliob":-0.334,"bolussnooze":0,"activity":-0.004,"lastBolusTime":0,"time":"2023-12-23T10:47:00.000Z"}},{"iob":0.001,"basaliob":0.001,"bolussnooze":0,"activity":0,"lastBolusTime":0,"time":"2023-12-23T10:52:00.000Z","iobWithZeroTemp":{"iob":-0.314,"basaliob":-0.314,"bolussnooze":0,"activity":-0.0039,"lastBolusTime":0,"time":"2023-12-23T10:52:00.000Z"}},{"iob":0.001,"basaliob":0.001,"bolussnooze":0,"activity":0,"lastBolusTime":0,"time":"2023-12-23T10:57:00.000Z","iobWithZeroTemp":{"iob":-0.295,"basaliob":-0.295,"bolussnooze":0,"activity":-0.0037,"lastBolusTime":0,"time":"2023-12-23T10:57:00.000Z"}},{"iob":0.001,"basaliob":0.001,"bolussnooze":0,"activity":0,"lastBolusTime":0,"time":"2023-12-23T11:02:00.000Z","iobWithZeroTemp":{"iob":-0.277,"basaliob":-0.277,"bolussnooze":0,"activity":-0.0035,"lastBolusTime":0,"time":"2023-12-23T11:02:00.000Z"}},{"iob":0.001,"basaliob":0.001,"bolussnooze":0,"activity":0,"lastBolusTime":0,"time":"2023-12-23T11:07:00.000Z","iobWithZeroTemp":{"iob":-0.26,"basaliob":-0.26,"bolussnooze":0,"activity":-0.0034,"lastBolusTime":0,"time":"2023-12-23T11:07:00.000Z"}},{"iob":0.001,"basaliob":0.001,"bolussnooze":0,"activity":0,"lastBolusTime":0,"time":"2023-12-23T11:12:00.000Z","iobWithZeroTemp":{"iob":-0.243,"basaliob":-0.243,"bolussnooze":0,"activity":-0.0032,"lastBolusTime":0,"time":"2023-12-23T11:12:00.000Z"}},{"iob":0.001,"basaliob":0.001,"bolussnooze":0,"activity":0,"lastBolusTime":0,"time":"2023-12-23T11:17:00.000Z","iobWithZeroTemp":{"iob":-0.228,"basaliob":-0.228,"bolussnooze":0,"activity":-0.0031,"lastBolusTime":0,"time":"2023-12-23T11:17:00.000Z"}},{"iob":0.001,"basaliob":0.001,"bolussnooze":0,"activity":0,"lastBolusTime":0,"time":"2023-12-23T11:22:00.000Z","iobWithZeroTemp":{"iob":-0.213,"basaliob":-0.213,"bolussnooze":0,"activity":-0.0029,"lastBolusTime":0,"time":"2023-12-23T11:22:00.000Z"}},{"iob":0.001,"basaliob":0.001,"bolussnooze":0,"activity":0,"lastBolusTime":0,"time":"2023-12-23T11:27:00.000Z","iobWithZeroTemp":{"iob":-0.199,"basaliob":-0.199,"bolussnooze":0,"activity":-0.0027,"lastBolusTime":0,"time":"2023-12-23T11:27:00.000Z"}},{"iob":0,"basaliob":0,"bolussnooze":0,"activity":0,"lastBolusTime":0,"time":"2023-12-23T11:32:00.000Z","iobWithZeroTemp":{"iob":-0.186,"basaliob":-0.186,"bolussnooze":0,"activity":-0.0026,"lastBolusTime":0,"time":"2023-12-23T11:32:00.000Z"}},{"iob":0,"basaliob":0,"bolussnooze":0,"activity":0,"lastBolusTime":0,"time":"2023-12-23T11:37:00.000Z","iobWithZeroTemp":{"iob":-0.174,"basaliob":-0.174,"bolussnooze":0,"activity":-0.0025,"lastBolusTime":0,"time":"2023-12-23T11:37:00.000Z"}},{"iob":0,"basaliob":0,"bolussnooze":0,"activity":0,"lastBolusTime":0,"time":"2023-12-23T11:42:00.000Z","iobWithZeroTemp":{"iob":-0.162,"basaliob":-0.162,"bolussnooze":0,"activity":-0.0023,"lastBolusTime":0,"time":"2023-12-23T11:42:00.000Z"}},{"iob":0,"basaliob":0,"bolussnooze":0,"activity":0,"lastBolusTime":0,"time":"2023-12-23T11:47:00.000Z","iobWithZeroTemp":{"iob":-0.15,"basaliob":-0.15,"bolussnooze":0,"activity":-0.0022,"lastBolusTime":0,"time":"2023-12-23T11:47:00.000Z"}},{"iob":0,"basaliob":0,"bolussnooze":0,"activity":0,"lastBolusTime":0,"time":"2023-12-23T11:52:00.000Z","iobWithZeroTemp":{"iob":-0.14,"basaliob":-0.14,"bolussnooze":0,"activity":-0.002,"lastBolusTime":0,"time":"2023-12-23T11:52:00.000Z"}},{"iob":0,"basaliob":0,"bolussnooze":0,"activity":0,"lastBolusTime":0,"time":"2023-12-23T11:57:00.000Z","iobWithZeroTemp":{"iob":-0.13,"basaliob":-0.13,"bolussnooze":0,"activity":-0.0019,"lastBolusTime":0,"time":"2023-12-23T11:57:00.000Z"}},{"iob":0,"basaliob":0,"bolussnooze":0,"activity":0,"lastBolusTime":0,"time":"2023-12-23T12:02:00.000Z","iobWithZeroTemp":{"iob":-0.121,"basaliob":-0.121,"bolussnooze":0,"activity":-0.0018,"lastBolusTime":0,"time":"2023-12-23T12:02:00.000Z"}},{"iob":0,"basaliob":0,"bolussnooze":0,"activity":0,"lastBolusTime":0,"time":"2023-12-23T12:07:00.000Z","iobWithZeroTemp":{"iob":-0.112,"basaliob":-0.112,"bolussnooze":0,"activity":-0.0017,"lastBolusTime":0,"time":"2023-12-23T12:07:00.000Z"}},{"iob":0,"basaliob":0,"bolussnooze":0,"activity":0,"lastBolusTime":0,"time":"2023-12-23T12:12:00.000Z","iobWithZeroTemp":{"iob":-0.104,"basaliob":-0.104,"bolussnooze":0,"activity":-0.0016,"lastBolusTime":0,"time":"2023-12-23T12:12:00.000Z"}},{"iob":0,"basaliob":0,"bolussnooze":0,"activity":0,"lastBolusTime":0,"time":"2023-12-23T12:17:00.000Z","iobWithZeroTemp":{"iob":-0.096,"basaliob":-0.096,"bolussnooze":0,"activity":-0.0015,"lastBolusTime":0,"time":"2023-12-23T12:17:00.000Z"}},{"iob":0,"basaliob":0,"bolussnooze":0,"activity":0,"lastBolusTime":0,"time":"2023-12-23T12:22:00.000Z","iobWithZeroTemp":{"iob":-0.089,"basaliob":-0.089,"bolussnooze":0,"activity":-0.0014,"lastBolusTime":0,"time":"2023-12-23T12:22:00.000Z"}},{"iob":0,"basaliob":0,"bolussnooze":0,"activity":0,"lastBolusTime":0,"time":"2023-12-23T12:27:00.000Z","iobWithZeroTemp":{"iob":-0.082,"basaliob":-0.082,"bolussnooze":0,"activity":-0.0013,"lastBolusTime":0,"time":"2023-12-23T12:27:00.000Z"}},{"iob":0,"basaliob":0,"bolussnooze":0,"activity":0,"lastBolusTime":0,"time":"2023-12-23T12:32:00.000Z","iobWithZeroTemp":{"iob":-0.076,"basaliob":-0.076,"bolussnooze":0,"activity":-0.0012,"lastBolusTime":0,"time":"2023-12-23T12:32:00.000Z"}},{"iob":0,"basaliob":0,"bolussnooze":0,"activity":0,"lastBolusTime":0,"time":"2023-12-23T12:37:00.000Z","iobWithZeroTemp":{"iob":-0.07,"basaliob":-0.07,"bolussnooze":0,"activity":-0.0011,"lastBolusTime":0,"time":"2023-12-23T12:37:00.000Z"}},{"iob":0,"basaliob":0,"bolussnooze":0,"activity":0,"lastBolusTime":0,"time":"2023-12-23T12:42:00.000Z","iobWithZeroTemp":{"iob":-0.065,"basaliob":-0.065,"bolussnooze":0,"activity":-0.001,"lastBolusTime":0,"time":"2023-12-23T12:42:00.000Z"}},{"iob":0,"basaliob":0,"bolussnooze":0,"activity":0,"lastBolusTime":0,"time":"2023-12-23T12:47:00.000Z","iobWithZeroTemp":{"iob":-0.06,"basaliob":-0.06,"bolussnooze":0,"activity":-0.001,"lastBolusTime":0,"time":"2023-12-23T12:47:00.000Z"}},{"iob":0,"basaliob":0,"bolussnooze":0,"activity":0,"lastBolusTime":0,"time":"2023-12-23T12:52:00.000Z","iobWithZeroTemp":{"iob":-0.055,"basaliob":-0.055,"bolussnooze":0,"activity":-9.0E-4,"lastBolusTime":0,"time":"2023-12-23T12:52:00.000Z"}},{"iob":0,"basaliob":0,"bolussnooze":0,"activity":0,"lastBolusTime":0,"time":"2023-12-23T12:57:00.000Z","iobWithZeroTemp":{"iob":-0.051,"basaliob":-0.051,"bolussnooze":0,"activity":-8.0E-4,"lastBolusTime":0,"time":"2023-12-23T12:57:00.000Z"}},{"iob":0,"basaliob":0,"bolussnooze":0,"activity":0,"lastBolusTime":0,"time":"2023-12-23T13:02:00.000Z","iobWithZeroTemp":{"iob":-0.047,"basaliob":-0.047,"bolussnooze":0,"activity":-8.0E-4,"lastBolusTime":0,"time":"2023-12-23T13:02:00.000Z"}},{"iob":0,"basaliob":0,"bolussnooze":0,"activity":0,"lastBolusTime":0,"time":"2023-12-23T13:07:00.000Z","iobWithZeroTemp":{"iob":-0.043,"basaliob":-0.043,"bolussnooze":0,"activity":-7.0E-4,"lastBolusTime":0,"time":"2023-12-23T13:07:00.000Z"}},{"iob":0,"basaliob":0,"bolussnooze":0,"activity":0,"lastBolusTime":0,"time":"2023-12-23T13:12:00.000Z","iobWithZeroTemp":{"iob":-0.039,"basaliob":-0.039,"bolussnooze":0,"activity":-7.0E-4,"lastBolusTime":0,"time":"2023-12-23T13:12:00.000Z"}},{"iob":0,"basaliob":0,"bolussnooze":0,"activity":0,"lastBolusTime":0,"time":"2023-12-23T13:17:00.000Z","iobWithZeroTemp":{"iob":-0.036,"basaliob":-0.036,"bolussnooze":0,"activity":-6.0E-4,"lastBolusTime":0,"time":"2023-12-23T13:17:00.000Z"}},{"iob":0,"basaliob":0,"bolussnooze":0,"activity":0,"lastBolusTime":0,"time":"2023-12-23T13:22:00.000Z","iobWithZeroTemp":{"iob":-0.033,"basaliob":-0.033,"bolussnooze":0,"activity":-6.0E-4,"lastBolusTime":0,"time":"2023-12-23T13:22:00.000Z"}},{"iob":0,"basaliob":0,"bolussnooze":0,"activity":0,"lastBolusTime":0,"time":"2023-12-23T13:27:00.000Z","iobWithZeroTemp":{"iob":-0.03,"basaliob":-0.03,"bolussnooze":0,"activity":-5.0E-4,"lastBolusTime":0,"time":"2023-12-23T13:27:00.000Z"}},{"iob":0,"basaliob":0,"bolussnooze":0,"activity":0,"lastBolusTime":0,"time":"2023-12-23T13:32:00.000Z","iobWithZeroTemp":{"iob":-0.028,"basaliob":-0.028,"bolussnooze":0,"activity":-5.0E-4,"lastBolusTime":0,"time":"2023-12-23T13:32:00.000Z"}},{"iob":0,"basaliob":0,"bolussnooze":0,"activity":0,"lastBolusTime":0,"time":"2023-12-23T13:37:00.000Z","iobWithZeroTemp":{"iob":-0.025,"basaliob":-0.025,"bolussnooze":0,"activity":-5.0E-4,"lastBolusTime":0,"time":"2023-12-23T13:37:00.000Z"}},{"iob":0,"basaliob":0,"bolussnooze":0,"activity":0,"lastBolusTime":0,"time":"2023-12-23T13:42:00.000Z","iobWithZeroTemp":{"iob":-0.023,"basaliob":-0.023,"bolussnooze":0,"activity":-4.0E-4,"lastBolusTime":0,"time":"2023-12-23T13:42:00.000Z"}},{"iob":0,"basaliob":0,"bolussnooze":0,"activity":0,"lastBolusTime":0,"time":"2023-12-23T13:47:00.000Z","iobWithZeroTemp":{"iob":-0.021,"basaliob":-0.021,"bolussnooze":0,"activity":-4.0E-4,"lastBolusTime":0,"time":"2023-12-23T13:47:00.000Z"}},{"iob":0,"basaliob":0,"bolussnooze":0,"activity":0,"lastBolusTime":0,"time":"2023-12-23T13:52:00.000Z","iobWithZeroTemp":{"iob":-0.019,"basaliob":-0.019,"bolussnooze":0,"activity":-4.0E-4,"lastBolusTime":0,"time":"2023-12-23T13:52:00.000Z"}},{"iob":0,"basaliob":0,"bolussnooze":0,"activity":0,"lastBolusTime":0,"time":"2023-12-23T13:57:00.000Z","iobWithZeroTemp":{"iob":-0.018,"basaliob":-0.018,"bolussnooze":0,"activity":-3.0E-4,"lastBolusTime":0,"time":"2023-12-23T13:57:00.000Z"}},{"iob":0,"basaliob":0,"bolussnooze":0,"activity":0,"lastBolusTime":0,"time":"2023-12-23T14:02:00.000Z","iobWithZeroTemp":{"iob":-0.016,"basaliob":-0.016,"bolussnooze":0,"activity":-3.0E-4,"lastBolusTime":0,"time":"2023-12-23T14:02:00.000Z"}},{"iob":0,"basaliob":0,"bolussnooze":0,"activity":0,"lastBolusTime":0,"time":"2023-12-23T14:07:00.000Z","iobWithZeroTemp":{"iob":-0.015,"basaliob":-0.015,"bolussnooze":0,"activity":-3.0E-4,"lastBolusTime":0,"time":"2023-12-23T14:07:00.000Z"}},{"iob":0,"basaliob":0,"bolussnooze":0,"activity":0,"lastBolusTime":0,"time":"2023-12-23T14:12:00.000Z","iobWithZeroTemp":{"iob":-0.013,"basaliob":-0.013,"bolussnooze":0,"activity":-3.0E-4,"lastBolusTime":0,"time":"2023-12-23T14:12:00.000Z"}},{"iob":0,"basaliob":0,"bolussnooze":0,"activity":0,"lastBolusTime":0,"time":"2023-12-23T14:17:00.000Z","iobWithZeroTemp":{"iob":-0.012,"basaliob":-0.012,"bolussnooze":0,"activity":-2.0E-4,"lastBolusTime":0,"time":"2023-12-23T14:17:00.000Z"}},{"iob":0,"basaliob":0,"bolussnooze":0,"activity":0,"lastBolusTime":0,"time":"2023-12-23T14:22:00.000Z","iobWithZeroTemp":{"iob":-0.011,"basaliob":-0.011,"bolussnooze":0,"activity":-2.0E-4,"lastBolusTime":0,"time":"2023-12-23T14:22:00.000Z"}},{"iob":0,"basaliob":0,"bolussnooze":0,"activity":0,"lastBolusTime":0,"time":"2023-12-23T14:27:00.000Z","iobWithZeroTemp":{"iob":-0.01,"basaliob":-0.01,"bolussnooze":0,"activity":-2.0E-4,"lastBolusTime":0,"time":"2023-12-23T14:27:00.000Z"}},{"iob":0,"basaliob":0,"bolussnooze":0,"activity":0,"lastBolusTime":0,"time":"2023-12-23T14:32:00.000Z","iobWithZeroTemp":{"iob":-0.009,"basaliob":-0.009,"bolussnooze":0,"activity":-2.0E-4,"lastBolusTime":0,"time":"2023-12-23T14:32:00.000Z"}},{"iob":0,"basaliob":0,"bolussnooze":0,"activity":0,"lastBolusTime":0,"time":"2023-12-23T14:37:00.000Z","iobWithZeroTemp":{"iob":-0.008,"basaliob":-0.008,"bolussnooze":0,"activity":-2.0E-4,"lastBolusTime":0,"time":"2023-12-23T14:37:00.000Z"}},{"iob":0,"basaliob":0,"bolussnooze":0,"activity":0,"lastBolusTime":0,"time":"2023-12-23T14:42:00.000Z","iobWithZeroTemp":{"iob":-0.007,"basaliob":-0.007,"bolussnooze":0,"activity":-1.0E-4,"lastBolusTime":0,"time":"2023-12-23T14:42:00.000Z"}},{"iob":0,"basaliob":0,"bolussnooze":0,"activity":0,"lastBolusTime":0,"time":"2023-12-23T14:47:00.000Z","iobWithZeroTemp":{"iob":-0.007,"basaliob":-0.007,"bolussnooze":0,"activity":-1.0E-4,"lastBolusTime":0,"time":"2023-12-23T14:47:00.000Z"}},{"iob":0,"basaliob":0,"bolussnooze":0,"activity":0,"lastBolusTime":0,"time":"2023-12-23T14:52:00.000Z","iobWithZeroTemp":{"iob":-0.006,"basaliob":-0.006,"bolussnooze":0,"activity":-1.0E-4,"lastBolusTime":0,"time":"2023-12-23T14:52:00.000Z"}},{"iob":0,"basaliob":0,"bolussnooze":0,"activity":0,"lastBolusTime":0,"time":"2023-12-23T14:57:00.000Z","iobWithZeroTemp":{"iob":-0.006,"basaliob":-0.006,"bolussnooze":0,"activity":-1.0E-4,"lastBolusTime":0,"time":"2023-12-23T14:57:00.000Z"}},{"iob":0,"basaliob":0,"bolussnooze":0,"activity":0,"lastBolusTime":0,"time":"2023-12-23T15:02:00.000Z","iobWithZeroTemp":{"iob":-0.005,"basaliob":-0.005,"bolussnooze":0,"activity":-1.0E-4,"lastBolusTime":0,"time":"2023-12-23T15:02:00.000Z"}},{"iob":0,"basaliob":0,"bolussnooze":0,"activity":0,"lastBolusTime":0,"time":"2023-12-23T15:07:00.000Z","iobWithZeroTemp":{"iob":-0.004,"basaliob":-0.004,"bolussnooze":0,"activity":-1.0E-4,"lastBolusTime":0,"time":"2023-12-23T15:07:00.000Z"}},{"iob":0,"basaliob":0,"bolussnooze":0,"activity":0,"lastBolusTime":0,"time":"2023-12-23T15:12:00.000Z","iobWithZeroTemp":{"iob":-0.004,"basaliob":-0.004,"bolussnooze":0,"activity":-1.0E-4,"lastBolusTime":0,"time":"2023-12-23T15:12:00.000Z"}},{"iob":0,"basaliob":0,"bolussnooze":0,"activity":0,"lastBolusTime":0,"time":"2023-12-23T15:17:00.000Z","iobWithZeroTemp":{"iob":-0.004,"basaliob":-0.004,"bolussnooze":0,"activity":-1.0E-4,"lastBolusTime":0,"time":"2023-12-23T15:17:00.000Z"}},{"iob":0,"basaliob":0,"bolussnooze":0,"activity":0,"lastBolusTime":0,"time":"2023-12-23T15:22:00.000Z","iobWithZeroTemp":{"iob":-0.003,"basaliob":-0.003,"bolussnooze":0,"activity":-1.0E-4,"lastBolusTime":0,"time":"2023-12-23T15:22:00.000Z"}},{"iob":0,"basaliob":0,"bolussnooze":0,"activity":0,"lastBolusTime":0,"time":"2023-12-23T15:27:00.000Z","iobWithZeroTemp":{"iob":-0.003,"basaliob":-0.003,"bolussnooze":0,"activity":-1.0E-4,"lastBolusTime":0,"time":"2023-12-23T15:27:00.000Z"}},{"iob":0,"basaliob":0,"bolussnooze":0,"activity":0,"lastBolusTime":0,"time":"2023-12-23T15:32:00.000Z","iobWithZeroTemp":{"iob":-0.003,"basaliob":-0.003,"bolussnooze":0,"activity":-1.0E-4,"lastBolusTime":0,"time":"2023-12-23T15:32:00.000Z"}}],"profile":{"max_iob":1.5,"dia":3,"type":"current","max_daily_basal":0.5,"max_basal":1.2,"min_bg":100.8,"max_bg":100.8,"target_bg":100.8,"carb_ratio":25,"sens":126,"max_daily_safety_multiplier":3,"current_basal_safety_multiplier":4,"skip_neutral_temps":true,"current_basal":0.3,"temptargetSet":false,"autosens_adjust_targets":true,"min_5m_carbimpact":5.5,"out_units":"mmol\/L"},"autosens_data":{"ratio":1},"meal_data":{"carbs":0,"mealCOB":0}},"output":{"temp":"absolute","bg":134,"tick":"+11","eventualBG":150,"snoozeBG":150,"predBGs":{"IOB":[134,137,140,143,145,147,149,151,152,152,153,153,153,152,152,152,152,151,151,151,151,151,150,150,150,150,150,150,150,150,149,149,149,149,149,149,149,149,149,149,149,149,149,149,149,148]},"COB":0,"IOB":0.057,"reason":"COB: 0, Dev: 23, BGI: -0.19, ISF: 7.0, Target: 5.6; Eventual BG 8.3 >= 5.6, temp 0.950 < 1.08U\/hr, but 25m left and 0.95 ~ req 1.08U\/hr: no action required","timestamp":"2023-12-23T06:06:05.612Z"}}