{"algorithm":"OpenAPSAMAPlugin","input":{"glucoseStatus":{"glucose":62,"delta":-9,"short_avgdelta":-9.33,"long_avgdelta":-9.51},"currenttemp":{"temp":"absolute","duration":10,"rate":0,"minutesrunning":20},"iob_data":[{"iob":-0.057,"basaliob":-0.057,"bolussnooze":0,"activity":0.0012,"lastBolusTime":0,"time":"2023-12-22T09:47:00.000Z","iobWithZeroTemp":{"iob":-0.057,"basaliob":-0.057,"bolussnooze":0,"activity":0.0012,"lastBolusTime":0,"time":"2023-12-22T09:47:00.000Z"}},{"iob":-0.063,"basaliob":-0.063,"bolussnooze":0,"activity":9.0E-4,"lastBolusTime":0,"time":"2023-12-22T09:52:00.000Z","iobWithZeroTemp":{"iob":-0.088,"basaliob":-0.088,"bolussnooze":0,"activity":9.0E-4,"lastBolusTime":0,"time":"2023-12-22T09:52:00.000Z"}},{"iob":-0.066,"basaliob":-0.066,"bolussnooze":0,"activity":7.0E-4,"lastBolusTime":0,"time":"2023-12-22T09:57:00.000Z","iobWithZeroTemp":{"iob":-0.116,"basaliob":-0.116,"bolussnooze":0,"activity":6.0E-4,"lastBolusTime":0,"time":"2023-12-22T09:57:00.000Z"}},{"iob":-0.069,"basaliob":-0.069,"bolussnooze":0,"activity":5.0E-4,"lastBolusTime":0,"time":"2023-12-22T10:02:00.000Z","iobWithZeroTemp":{"iob":-0.143,"basaliob":-0.143,"bolussnooze":0,"activity":3.0E-4,"lastBolusTime":0,"time":"2023-12-22T10:02:00.000Z"}},{"iob":-0.071,"basaliob":-0.071,"bolussnooze":0,"activity":3.0E-4,"lastBolusTime":0,"time":"2023-12-22T10:07:00.000Z","iobWithZeroTemp":{"iob":-0.169,"basaliob":-0.169,"bolussnooze":0,"activity":0,"lastBolusTime":0,"time":"2023-12-22T10:07:00.000Z"}},{"iob":-0.072,"basaliob":-0.072,"bolussnooze":0,"activity":1.0E-4,"lastBolusTime":0,"time":"2023-12-22T10:12:00.000Z","iobWithZeroTemp":{"iob":-0.194,"basaliob":-0.194,"bolussnooze":0,"activity":-3.0E-4,"lastBolusTime":0,"time":"2023-12-22T10:12:00.000Z"}},{"iob":-0.072,"basaliob":-0.072,"bolussnooze":0,"activity":0,"lastBolusTime":0,"time":"2023-12-22T10:17:00.000Z","iobWithZeroTemp":{"iob":-0.216,"basaliob":-0.216,"bolussnooze":0,"activity":-5.0E-4,"lastBolusTime":0,"time":"2023-12-22T10:17:00.000Z"}},{"iob":-0.072,"basaliob":-0.072,"bolussnooze":0,"activity":-1.0E-4,"lastBolusTime":0,"time":"2023-12-22T10:22:00.000Z","iobWithZeroTemp":{"iob":-0.238,"basaliob":-0.238,"bolussnooze":0,"activity":-8.0E-4,"lastBolusTime":0,"time":"2023-12-22T10:22:00.000Z"}},{"iob":-0.071,"basaliob":-0.071,"bolussnooze":0,"activity":-2.0E-4,"lastBolusTime":0,"time":"2023-12-22T10:27:00.000Z","iobWithZeroTemp":{"iob":-0.258,"basaliob":-0.258,"bolussnooze":0,"activity":-0.001,"lastBolusTime":0,"time":"2023-12-22T10:27:00.000Z"}},{"iob":-0.07,"basaliob":-0.07,"bolussnooze":0,"activity":-3.0E-4,"lastBolusTime":0,"time":"2023-12-22T10:32:00.000Z","iobWithZeroTemp":{"iob":-0.278,"basaliob":-0.278,"bolussnooze":0,"activity":-0.0013,"lastBolusTime":0,"time":"2023-12-22T10:32:00.000Z"}},{"iob":-0.069,"basaliob":-0.069,"bolussnooze":0,"activity":-3.0E-4,"lastBolusTime":0,"time":"2023-12-22T10:37:00.000Z","iobWithZeroTemp":{"iob":-0.296,"basaliob":-0.296,"bolussnooze":0,"activity":-0.0015,"lastBolusTime":0,"time":"2023-12-22T10:37:00.000Z"}},{"iob":-0.067,"basaliob":-0.067,"bolussnooze":0,"activity":-4.0E-4,"lastBolusTime":0,"time":"2023-12-22T10:42:00.000Z","iobWithZeroTemp":{"iob":-0.313,"basaliob":-0.313,"bolussnooze":0,"activity":-0.0018,"lastBolusTime":0,"time":"2023-12-22T10:42:00.000Z"}},{"iob":-0.065,"basaliob":-0.065,"bolussnooze":0,"activity":-4.0E-4,"lastBolusTime":0,"time":"2023-12-22T10:47:00.000Z","iobWithZeroTemp":{"iob":-0.329,"basaliob":-0.329,"bolussnooze":0,"activity":-0.0019,"lastBolusTime":0,"time":"2023-12-22T10:47:00.000Z"}},{"iob":-0.063,"basaliob":-0.063,"bolussnooze":0,"activity":-4.0E-4,"lastBolusTime":0,"time":"2023-12-22T10:52:00.000Z","iobWithZeroTemp":{"iob":-0.344,"basaliob":-0.344,"bolussnooze":0,"activity":-0.0021,"lastBolusTime":0,"time":"2023-12-22T10:52:00.000Z"}},{"iob":-0.06,"basaliob":-0.06,"bolussnooze":0,"activity":-5.0E-4,"lastBolusTime":0,"time":"2023-12-22T10:57:00.000Z","iobWithZeroTemp":{"iob":-0.357,"basaliob":-0.357,"bolussnooze":0,"activity":-0.0024,"lastBolusTime":0,"time":"2023-12-22T10:57:00.000Z"}},{"iob":-0.058,"basaliob":-0.058,"bolussnooze":0,"activity":-5.0E-4,"lastBolusTime":0,"time":"2023-12-22T11:02:00.000Z","iobWithZeroTemp":{"iob":-0.37,"basaliob":-0.37,"bolussnooze":0,"activity":-0.0025,"lastBolusTime":0,"time":"2023-12-22T11:02:00.000Z"}},{"iob":-0.056,"basaliob":-0.056,"bolussnooze":0,"activity":-5.0E-4,"lastBolusTime":0,"time":"2023-12-22T11:07:00.000Z","iobWithZeroTemp":{"iob":-0.383,"basaliob":-0.383,"bolussnooze":0,"activity":-0.0027,"lastBolusTime":0,"time":"2023-12-22T11:07:00.000Z"}},{"iob":-0.053,"basaliob":-0.053,"bolussnooze":0,"activity":-5.0E-4,"lastBolusTime":0,"time":"2023-12-22T11:12:00.000Z","iobWithZeroTemp":{"iob":-0.393,"basaliob":-0.393,"bolussnooze":0,"activity":-0.0028,"lastBolusTime":0,"time":"2023-12-22T11:12:00.000Z"}},{"iob":-0.051,"basaliob":-0.051,"bolussnooze":0,"activity":-5.0E-4,"lastBolusTime":0,"time":"2023-12-22T11:17:00.000Z","iobWithZeroTemp":{"iob":-0.404,"basaliob":-0.404,"bolussnooze":0,"activity":-0.003,"lastBolusTime":0,"time":"2023-12-22T11:17:00.000Z"}},{"iob":-0.048,"basaliob":-0.048,"bolussnooze":0,"activity":-5.0E-4,"lastBolusTime":0,"time":"2023-12-22T11:22:00.000Z","iobWithZeroTemp":{"iob":-0.413,"basaliob":-0.413,"bolussnooze":0,"activity":-0.0031,"lastBolusTime":0,"time":"2023-12-22T11:22:00.000Z"}},{"iob":-0.046,"basaliob":-0.046,"bolussnooze":0,"activity":-5.0E-4,"lastBolusTime":0,"time":"2023-12-22T11:27:00.000Z","iobWithZeroTemp":{"iob":-0.423,"basaliob":-0.423,"bolussnooze":0,"activity":-0.0033,"lastBolusTime":0,"time":"2023-12-22T11:27:00.000Z"}},{"iob":-0.043,"basaliob":-0.043,"bolussnooze":0,"activity":-5.0E-4,"lastBolusTime":0,"time":"2023-12-22T11:32:00.000Z","iobWithZeroTemp":{"iob":-0.431,"basaliob":-0.431,"bolussnooze":0,"activity":-0.0034,"lastBolusTime":0,"time":"2023-12-22T11:32:00.000Z"}},{"iob":-0.041,"basaliob":-0.041,"bolussnooze":0,"activity":-5.0E-4,"lastBolusTime":0,"time":"2023-12-22T11:37:00.000Z","iobWithZeroTemp":{"iob":-0.439,"basaliob":-0.439,"bolussnooze":0,"activity":-0.0035,"lastBolusTime":0,"time":"2023-12-22T11:37:00.000Z"}},{"iob":-0.039,"basaliob":-0.039,"bolussnooze":0,"activity":-4.0E-4,"lastBolusTime":0,"time":"2023-12-22T11:42:00.000Z","iobWithZeroTemp":{"iob":-0.446,"basaliob":-0.446,"bolussnooze":0,"activity":-0.0036,"lastBolusTime":0,"time":"2023-12-22T11:42:00.000Z"}},{"iob":-0.037,"basaliob":-0.037,"bolussnooze":0,"activity":-4.0E-4,"lastBolusTime":0,"time":"2023-12-22T11:47:00.000Z","iobWithZeroTemp":{"iob":-0.453,"basaliob":-0.453,"bolussnooze":0,"activity":-0.0037,"lastBolusTime":0,"time":"2023-12-22T11:47:00.000Z"}},{"iob":-0.035,"basaliob":-0.035,"bolussnooze":0,"activity":-4.0E-4,"lastBolusTime":0,"time":"2023-12-22T11:52:00.000Z","iobWithZeroTemp":{"iob":-0.459,"basaliob":-0.459,"bolussnooze":0,"activity":-0.0038,"lastBolusTime":0,"time":"2023-12-22T11:52:00.000Z"}},{"iob":-0.033,"basaliob":-0.033,"bolussnooze":0,"activity":-4.0E-4,"lastBolusTime":0,"time":"2023-12-22T11:57:00.000Z","iobWithZeroTemp":{"iob":-0.465,"basaliob":-0.465,"bolussnooze":0,"activity":-0.0039,"lastBolusTime":0,"time":"2023-12-22T11:57:00.000Z"}},{"iob":-0.031,"basaliob":-0.031,"bolussnooze":0,"activity":-4.0E-4,"lastBolusTime":0,"time":"2023-12-22T12:02:00.000Z","iobWithZeroTemp":{"iob":-0.47,"basaliob":-0.47,"bolussnooze":0,"activity":-0.004,"lastBolusTime":0,"time":"2023-12-22T12:02:00.000Z"}},{"iob":-0.029,"basaliob":-0.029,"bolussnooze":0,"activity":-4.0E-4,"lastBolusTime":0,"time":"2023-12-22T12:07:00.000Z","iobWithZeroTemp":{"iob":-0.475,"basaliob":-0.475,"bolussnooze":0,"activity":-0.0041,"lastBolusTime":0,"time":"2023-12-22T12:07:00.000Z"}},{"iob":-0.027,"basaliob":-0.027,"bolussnooze":0,"activity":-3.0E-4,"lastBolusTime":0,"time":"2023-12-22T12:12:00.000Z","iobWithZeroTemp":{"iob":-0.479,"basaliob":-0.479,"bolussnooze":0,"activity":-0.0041,"lastBolusTime":0,"time":"2023-12-22T12:12:00.000Z"}},{"iob":-0.025,"basaliob":-0.025,"bolussnooze":0,"activity":-3.0E-4,"lastBolusTime":0,"time":"2023-12-22T12:17:00.000Z","iobWithZeroTemp":{"iob":-0.483,"basaliob":-0.483,"bolussnooze":0,"activity":-0.0042,"lastBolusTime":0,"time":"2023-12-22T12:17:00.000Z"}},{"iob":-0.024,"basaliob":-0.024,"bolussnooze":0,"activity":-3.0E-4,"lastBolusTime":0,"time":"2023-12-22T12:22:00.000Z","iobWithZeroTemp":{"iob":-0.488,"basaliob":-0.488,"bolussnooze":0,"activity":-0.0042,"lastBolusTime":0,"time":"2023-12-22T12:22:00.000Z"}},{"iob":-0.022,"basaliob":-0.022,"bolussnooze":0,"activity":-3.0E-4,"lastBolusTime":0,"time":"2023-12-22T12:27:00.000Z","iobWithZeroTemp":{"iob":-0.491,"basaliob":-0.491,"bolussnooze":0,"activity":-0.0043,"lastBolusTime":0,"time":"2023-12-22T12:27:00.000Z"}},{"iob":-0.021,"basaliob":-0.021,"bolussnooze":0,"activity":-3.0E-4,"lastBolusTime":0,"time":"2023-12-22T12:32:00.000Z","iobWithZeroTemp":{"iob":-0.495,"basaliob":-0.495,"bolussnooze":0,"activity":-0.0044,"lastBolusTime":0,"time":"2023-12-22T12:32:00.000Z"}},{"iob":-0.02,"basaliob":-0.02,"bolussnooze":0,"activity":-3.0E-4,"lastBolusTime":0,"time":"2023-12-22T12:37:00.000Z","iobWithZeroTemp":{"iob":-0.498,"basaliob":-0.498,"bolussnooze":0,"activity":-0.0045,"lastBolusTime":0,"time":"2023-12-22T12:37:00.000Z"}},{"iob":-0.018,"basaliob":-0.018,"bolussnooze":0,"activity":-3.0E-4,"lastBolusTime":0,"time":"2023-12-22T12:42:00.000Z","iobWithZeroTemp":{"iob":-0.5,"basaliob":-0.5,"bolussnooze":0,"activity":-0.0045,"lastBolusTime":0,"time":"2023-12-22T12:42:00.000Z"}},{"iob":-0.017,"basaliob":-0.017,"bolussnooze":0,"activity":-2.0E-4,"lastBolusTime":0,"time":"2023-12-22T12:47:00.000Z","iobWithZeroTemp":{"iob":-0.503,"basaliob":-0.503,"bolussnooze":0,"activity":-0.0045,"lastBolusTime":0,"time":"2023-12-22T12:47:00.000Z"}},{"iob":-0.016,"basaliob":-0.016,"bolussnooze":0,"activity":-2.0E-4,"lastBolusTime":0,"time":"2023-12-22T12:52:00.000Z","iobWithZeroTemp":{"iob":-0.505,"basaliob":-0.505,"bolussnooze":0,"activity":-0.0045,"lastBolusTime":0,"time":"2023-12-22T12:52:00.000Z"}},{"iob":-0.015,"basaliob":-0.015,"bolussnooze":0,"activity":-2.0E-4,"lastBolusTime":0,"time":"2023-12-22T12:57:00.000Z","iobWithZeroTemp":{"iob":-0.508,"basaliob":-0.508,"bolussnooze":0,"activity":-0.0046,"lastBolusTime":0,"time":"2023-12-22T12:57:00.000Z"}},{"iob":-0.014,"basaliob":-0.014,"bolussnooze":0,"activity":-2.0E-4,"lastBolusTime":0,"time":"2023-12-22T13:02:00.000Z","iobWithZeroTemp":{"iob":-0.51,"basaliob":-0.51,"bolussnooze":0,"activity":-0.0046,"lastBolusTime":0,"time":"2023-12-22T13:02:00.000Z"}},{"iob":-0.013,"basaliob":-0.013,"bolussnooze":0,"activity":-2.0E-4,"lastBolusTime":0,"time":"2023-12-22T13:07:00.000Z","iobWithZeroTemp":{"iob":-0.511,"basaliob":-0.511,"bolussnooze":0,"activity":-0.0047,"lastBolusTime":0,"time":"2023-12-22T13:07:00.000Z"}},{"iob":-0.012,"basaliob":-0.012,"bolussnooze":0,"activity":-2.0E-4,"lastBolusTime":0,"time":"2023-12-22T13:12:00.000Z","iobWithZeroTemp":{"iob":-0.513,"basaliob":-0.513,"bolussnooze":0,"activity":-0.0047,"lastBolusTime":0,"time":"2023-12-22T13:12:00.000Z"}},{"iob":-0.011,"basaliob":-0.011,"bolussnooze":0,"activity":-2.0E-4,"lastBolusTime":0,"time":"2023-12-22T13:17:00.000Z","iobWithZeroTemp":{"iob":-0.514,"basaliob":-0.514,"bolussnooze":0,"activity":-0.0047,"lastBolusTime":0,"time":"2023-12-22T13:17:00.000Z"}},{"iob":-0.01,"basaliob":-0.01,"bolussnooze":0,"activity":-2.0E-4,"lastBolusTime":0,"time":"2023-12-22T13:22:00.000Z","iobWithZeroTemp":{"iob":-0.516,"basaliob":-0.516,"bolussnooze":0,"activity":-0.0048,"lastBolusTime":0,"time":"2023-12-22T13:22:00.000Z"}},{"iob":-0.009,"basaliob":-0.009,"bolussnooze":0,"activity":-1.0E-4,"lastBolusTime":0,"time":"2023-12-22T13:27:00.000Z","iobWithZeroTemp":{"iob":-0.517,"basaliob":-0.517,"bolussnooze":0,"activity":-0.0047,"lastBolusTime":0,"time":"2023-12-22T13:27:00.000Z"}},{"iob":-0.009,"basaliob":-0.009,"bolussnooze":0,"activity":-1.0E-4,"lastBolusTime":0,"time":"2023-12-22T13:32:00.000Z","iobWithZeroTemp":{"iob":-0.518,"basaliob":-0.518,"bolussnooze":0,"activity":-0.0047,"lastBolusTime":0,"time":"2023-12-22T13:32:00.000Z"}},{"iob":-0.008,"basaliob":-0.008,"bolussnooze":0,"activity":-1.0E-4,"lastBolusTime":0,"time":"2023-12-22T13:37:00.000Z","iobWithZeroTemp":{"iob":-0.519,"basaliob":-0.519,"bolussnooze":0,"activity":-0.0048,"lastBolusTime":0,"time":"2023-12-22T13:37:00.000Z"}},{"iob":-0.008,"basaliob":-0.008,"bolussnooze":0,"activity":-1.0E-4,"lastBolusTime":0,"time":"2023-12-22T13:42:00.000Z","iobWithZeroTemp":{"iob":-0.521,"basaliob":-0.521,"bolussnooze":0,"activity":-0.0048,"lastBolusTime":0,"time":"2023-12-22T13:42:00.000Z"}},{"iob":-0.007,"basaliob":-0.007,"bolussnooze":0,"activity":-1.0E-4,"lastBolusTime":0,"time":"2023-12-22T13:47:00.000Z","iobWithZeroTemp":{"iob":-0.521,"basaliob":-0.521,"bolussnooze":0,"activity":-0.0048,"lastBolusTime":0,"time":"2023-12-22T13:47:00.000Z"}},{"iob":-0.006,"basaliob":-0.006,"bolussnooze":0,"activity":-1.0E-4,"lastBolusTime":0,"time":"2023-12-22T13:52:00.000Z","iobWithZeroTemp":{"iob":-0.496,"basaliob":-0.496,"bolussnooze":0,"activity":-0.0048,"lastBolusTime":0,"time":"2023-12-22T13:52:00.000Z"}},{"iob":-0.006,"basaliob":-0.006,"bolussnooze":0,"activity":-1.0E-4,"lastBolusTime":0,"time":"2023-12-22T13:57:00.000Z","iobWithZeroTemp":{"iob":-0.473,"basaliob":-0.473,"bolussnooze":0,"activity":-0.0048,"lastBolusTime":0,"time":"2023-12-22T13:57:00.000Z"}},{"iob":-0.005,"basaliob":-0.005,"bolussnooze":0,"activity":-1.0E-4,"lastBolusTime":0,"time":"2023-12-22T14:02:00.000Z","iobWithZeroTemp":{"iob":-0.449,"basaliob":-0.449,"bolussnooze":0,"activity":-0.0047,"lastBolusTime":0,"time":"2023-12-22T14:02:00.000Z"}},{"iob":-0.005,"basaliob":-0.005,"bolussnooze":0,"activity":-1.0E-4,"lastBolusTime":0,"time":"2023-12-22T14:07:00.000Z","iobWithZeroTemp":{"iob":-0.426,"basaliob":-0.426,"bolussnooze":0,"activity":-0.0046,"lastBolusTime":0,"time":"2023-12-22T14:07:00.000Z"}},{"iob":-0.005,"basaliob":-0.005,"bolussnooze":0,"activity":-1.0E-4,"lastBolusTime":0,"time":"2023-12-22T14:12:00.000Z","iobWithZeroTemp":{"iob":-0.403,"basaliob":-0.403,"bolussnooze":0,"activity":-0.0045,"lastBolusTime":0,"time":"2023-12-22T14:12:00.000Z"}},{"iob":-0.004,"basaliob":-0.004,"bolussnooze":0,"activity":-1.0E-4,"lastBolusTime":0,"time":"2023-12-22T14:17:00.000Z","iobWithZeroTemp":{"iob":-0.38,"basaliob":-0.38,"bolussnooze":0,"activity":-0.0044,"lastBolusTime":0,"time":"2023-12-22T14:17:00.000Z"}},{"iob":-0.004,"basaliob":-0.004,"bolussnooze":0,"activity":-1.0E-4,"lastBolusTime":0,"time":"2023-12-22T14:22:00.000Z","iobWithZeroTemp":{"iob":-0.359,"basaliob":-0.359,"bolussnooze":0,"activity":-0.0043,"lastBolusTime":0,"time":"2023-12-22T14:22:00.000Z"}},{"iob":-0.004,"basaliob":-0.004,"bolussnooze":0,"activity":-1.0E-4,"lastBolusTime":0,"time":"2023-12-22T14:27:00.000Z","iobWithZeroTemp":{"iob":-0.339,"basaliob":-0.339,"bolussnooze":0,"activity":-0.0041,"lastBolusTime":0,"time":"2023-12-22T14:27:00.000Z"}},{"iob":-0.003,"basaliob":-0.003,"bolussnooze":0,"activity":-1.0E-4,"lastBolusTime":0,"time":"2023-12-22T14:32:00.000Z","iobWithZeroTemp":{"iob":-0.318,"basaliob":-0.318,"bolussnooze":0,"activity":-0.004,"lastBolusTime":0,"time":"2023-12-22T14:32:00.000Z"}},{"iob":-0.003,"basaliob":-0.003,"bolussnooze":0,"activity":-1.0E-4,"lastBolusTime":0,"time":"2023-12-22T14:37:00.000Z","iobWithZeroTemp":{"iob":-0.299,"basaliob":-0.299,"bolussnooze":0,"activity":-0.0038,"lastBolusTime":0,"time":"2023-12-22T14:37:00.000Z"}},{"iob":-0.003,"basaliob":-0.003,"bolussnooze":0,"activity":0,"lastBolusTime":0,"time":"2023-12-22T14:42:00.000Z","iobWithZeroTemp":{"iob":-0.281,"basaliob":-0.281,"bolussnooze":0,"activity":-0.0035,"lastBolusTime":0,"time":"2023-12-22T14:42:00.000Z"}},{"iob":-0.003,"basaliob":-0.003,"bolussnooze":0,"activity":0,"lastBolusTime":0,"time":"2023-12-22T14:47:00.000Z","iobWithZeroTemp":{"iob":-0.264,"basaliob":-0.264,"bolussnooze":0,"activity":-0.0034,"lastBolusTime":0,"time":"2023-12-22T14:47:00.000Z"}},{"iob":-0.002,"basaliob":-0.002,"bolussnooze":0,"activity":0,"lastBolusTime":0,"time":"2023-12-22T14:52:00.000Z","iobWithZeroTemp":{"iob":-0.246,"basaliob":-0.246,"bolussnooze":0,"activity":-0.0032,"lastBolusTime":0,"time":"2023-12-22T14:52:00.000Z"}},{"iob":-0.002,"basaliob":-0.002,"bolussnooze":0,"activity":0,"lastBolusTime":0,"time":"2023-12-22T14:57:00.000Z","iobWithZeroTemp":{"iob":-0.23,"basaliob":-0.23,"bolussnooze":0,"activity":-0.0031,"lastBolusTime":0,"time":"2023-12-22T14:57:00.000Z"}},{"iob":-0.002,"basaliob":-0.002,"bolussnooze":0,"activity":0,"lastBolusTime":0,"time":"2023-12-22T15:02:00.000Z","iobWithZeroTemp":{"iob":-0.216,"basaliob":-0.216,"bolussnooze":0,"activity":-0.0029,"lastBolusTime":0,"time":"2023-12-22T15:02:00.000Z"}},{"iob":-0.002,"basaliob":-0.002,"bolussnooze":0,"activity":0,"lastBolusTime":0,"time":"2023-12-22T15:07:00.000Z","iobWithZeroTemp":{"iob":-0.201,"basaliob":-0.201,"bolussnooze":0,"activity":-0.0027,"lastBolusTime":0,"time":"2023-12-22T15:07:00.000Z"}},{"iob":-0.002,"basaliob":-0.002,"bolussnooze":0,"activity":0,"lastBolusTime":0,"time":"2023-12-22T15:12:00.000Z","iobWithZeroTemp":{"iob":-0.188,"basaliob":-0.188,"bolussnooze":0,"activity":-0.0026,"lastBolusTime":0,"time":"2023-12-22T15:12:00.000Z"}},{"iob":-0.001,"basaliob":-0.001,"bolussnooze":0,"activity":0,"lastBolusTime":0,"time":"2023-12-22T15:17:00.000Z","iobWithZeroTemp":{"iob":-0.174,"basaliob":-0.174,"bolussnooze":0,"activity":-0.0025,"lastBolusTime":0,"time":"2023-12-22T15:17:00.000Z"}},{"iob":-0.001,"basaliob":-0.001,"bolussnooze":0,"activity":0,"lastBolusTime":0,"time":"2023-12-22T15:22:00.000Z","iobWithZeroTemp":{"iob":-0.163,"basaliob":-0.163,"bolussnooze":0,"activity":-0.0023,"lastBolusTime":0,"time":"2023-12-22T15:22:00.000Z"}},{"iob":-0.001,"basaliob":-0.001,"bolussnooze":0,"activity":0,"lastBolusTime":0,"time":"2023-12-22T15:27:00.000Z","iobWithZeroTemp":{"iob":-0.151,"basaliob":-0.151,"bolussnooze":0,"activity":-0.0022,"lastBolusTime":0,"time":"2023-12-22T15:27:00.000Z"}},{"iob":-0.001,"basaliob":-0.001,"bolussnooze":0,"activity":0,"lastBolusTime":0,"time":"2023-12-22T15:32:00.000Z","iobWithZeroTemp":{"iob":-0.141,"basaliob":-0.141,"bolussnooze":0,"activity":-0.002,"lastBolusTime":0,"time":"2023-12-22T15:32:00.000Z"}},{"iob":-0.001,"basaliob":-0.001,"bolussnooze":0,"activity":0,"lastBolusTime":0,"time":"2023-12-22T15:37:00.000Z","iobWithZeroTemp":{"iob":-0.131,"basaliob":-0.131,"bolussnooze":0,"activity":-0.0019,"lastBolusTime":0,"time":"2023-12-22T15:37:00.000Z"}},{"iob":-0.001,"basaliob":-0.001,"bolussnooze":0,"activity":0,"lastBolusTime":0,"time":"2023-12-22T15:42:00.000Z","iobWithZeroTemp":{"iob":-0.122,"basaliob":-0.122,"bolussnooze":0,"activity":-0.0018,"lastBolusTime":0,"time":"2023-12-22T15:42:00.000Z"}},{"iob":-0.001,"basaliob":-0.001,"bolussnooze":0,"activity":0,"lastBolusTime":0,"time":"2023-12-22T15:47:00.000Z","iobWithZeroTemp":{"iob":-0.113,"basaliob":-0.113,"bolussnooze":0,"activity":-0.0017,"lastBolusTime":0,"time":"2023-12-22T15:47:00.000Z"}},{"iob":-0.001,"basaliob":-0.001,"bolussnooze":0,"activity":0,"lastBolusTime":0,"time":"2023-12-22T15:52:00.000Z","iobWithZeroTemp":{"iob":-0.105,"basaliob":-0.105,"bolussnooze":0,"activity":-0.0016,"lastBolusTime":0,"time":"2023-12-22T15:52:00.000Z"}},{"iob":-0.001,"basaliob":-0.001,"bolussnooze":0,"activity":0,"lastBolusTime":0,"time":"2023-12-22T15:57:00.000Z","iobWithZeroTemp":{"iob":-0.097,"basaliob":-0.097,"bolussnooze":0,"activity":-0.0015,"lastBolusTime":0,"time":"2023-12-22T15:57:00.000Z"}},{"iob":-0.001,"basaliob":-0.001,"bolussnooze":0,"activity":0,"lastBolusTime":0,"time":"2023-12-22T16:02:00.000Z","iobWithZeroTemp":{"iob":-0.09,"basaliob":-0.09,"bolussnooze":0,"activity":-0.0014,"lastBolusTime":0,"time":"2023-12-22T16:02:00.000Z"}},{"iob":-0.001,"basaliob":-0.001,"bolussnooze":0,"activity":0,"lastBolusTime":0,"time":"2023-12-22T16:07:00.000Z","iobWithZeroTemp":{"iob":-0.083,"basaliob":-0.083,"bolussnooze":0,"activity":-0.0013,"lastBolusTime":0,"time":"2023-12-22T16:07:00.000Z"}},{"iob":0,"basaliob":0,"bolussnooze":0,"activity":0,"lastBolusTime":0,"time":"2023-12-22T16:12:00.000Z","iobWithZeroTemp":{"iob":-0.076,"basaliob":-0.076,"bolussnooze":0,"activity":-0.0012,"lastBolusTime":0,"time":"2023-12-22T16:12:00.000Z"}},{"iob":0,"basaliob":0,"bolussnooze":0,"activity":0,"lastBolusTime":0,"time":"2023-12-22T16:17:00.000Z","iobWithZeroTemp":{"iob":-0.07,"basaliob":-0.07,"bolussnooze":0,"activity":-0.0011,"lastBolusTime":0,"time":"2023-12-22T16:17:00.000Z"}},{"iob":0,"basaliob":0,"bolussnooze":0,"activity":0,"lastBolusTime":0,"time":"2023-12-22T16:22:00.000Z","iobWithZeroTemp":{"iob":-0.065,"basaliob":-0.065,"bolussnooze":0,"activity":-0.001,"lastBolusTime":0,"time":"2023-12-22T16:22:00.000Z"}},{"iob":0,"basaliob":0,"bolussnooze":0,"activity":0,"lastBolusTime":0,"time":"2023-12-22T16:27:00.000Z","iobWithZeroTemp":{"iob":-0.06,"basaliob":-0.06,"bolussnooze":0,"activity":-0.001,"lastBolusTime":0,"time":"2023-12-22T16:27:00.000Z"}},{"iob":0,"basaliob":0,"bolussnooze":0,"activity":0,"lastBolusTime":0,"time":"2023-12-22T16:32:00.000Z","iobWithZeroTemp":{"iob":-0.055,"basaliob":-0.055,"bolussnooze":0,"activity":-9.0E-4,"lastBolusTime":0,"time":"2023-12-22T16:32:00.000Z"}},{"iob":0,"basaliob":0,"bolussnooze":0,"activity":0,"lastBolusTime":0,"time":"2023-12-22T16:37:00.000Z","iobWithZeroTemp":{"iob":-0.051,"basaliob":-0.051,"bolussnooze":0,"activity":-8.0E-4,"lastBolusTime":0,"time":"2023-12-22T16:37:00.000Z"}},{"iob":0,"basaliob":0,"bolussnooze":0,"activity":0,"lastBolusTime":0,"time":"2023-12-22T16:42:00.000Z","iobWithZeroTemp":{"iob":-0.047,"basaliob":-0.047,"bolussnooze":0,"activity":-8.0E-4,"lastBolusTime":0,"time":"2023-12-22T16:42:00.000Z"}},{"iob":0,"basaliob":0,"bolussnooze":0,"activity":0,"lastBolusTime":0,"time":"2023-12-22T16:47:00.000Z","iobWithZeroTemp":{"iob":-0.043,"basaliob":-0.043,"bolussnooze":0,"activity":-7.0E-4,"lastBolusTime":0,"time":"2023-12-22T16:47:00.000Z"}},{"iob":0,"basaliob":0,"bolussnooze":0,"activity":0,"lastBolusTime":0,"time":"2023-12-22T16:52:00.000Z","iobWithZeroTemp":{"iob":-0.039,"basaliob":-0.039,"bolussnooze":0,"activity":-7.0E-4,"lastBolusTime":0,"time":"2023-12-22T16:52:00.000Z"}},{"iob":0,"basaliob":0,"bolussnooze":0,"activity":0,"lastBolusTime":0,"time":"2023-12-22T16:57:00.000Z","iobWithZeroTemp":{"iob":-0.036,"basaliob":-0.036,"bolussnooze":0,"activity":-6.0E-4,"lastBolusTime":0,"time":"2023-12-22T16:57:00.000Z"}},{"iob":0,"basaliob":0,"bolussnooze":0,"activity":0,"lastBolusTime":0,"time":"2023-12-22T17:02:00.000Z","iobWithZeroTemp":{"iob":-0.033,"basaliob":-0.033,"bolussnooze":0,"activity":-6.0E-4,"lastBolusTime":0,"time":"2023-12-22T17:02:00.000Z"}},{"iob":0,"basaliob":0,"bolussnooze":0,"activity":0,"lastBolusTime":0,"time":"2023-12-22T17:07:00.000Z","iobWithZeroTemp":{"iob":-0.03,"basaliob":-0.03,"bolussnooze":0,"activity":-5.0E-4,"lastBolusTime":0,"time":"2023-12-22T17:07:00.000Z"}},{"iob":0,"basaliob":0,"bolussnooze":0,"activity":0,"lastBolusTime":0,"time":"2023-12-22T17:12:00.000Z","iobWithZeroTemp":{"iob":-0.028,"basaliob":-0.028,"bolussnooze":0,"activity":-5.0E-4,"lastBolusTime":0,"time":"2023-12-22T17:12:00.000Z"}},{"iob":0,"basaliob":0,"bolussnooze":0,"activity":0,"lastBolusTime":0,"time":"2023-12-22T17:17:00.000Z","iobWithZeroTemp":{"iob":-0.025,"basaliob":-0.025,"bolussnooze":0,"activity":-5.0E-4,"lastBolusTime":0,"time":"2023-12-22T17:17:00.000Z"}},{"iob":0,"basaliob":0,"bolussnooze":0,"activity":0,"lastBolusTime":0,"time":"2023-12-22T17:22:00.000Z","iobWithZeroTemp":{"iob":-0.023,"basaliob":-0.023,"bolussnooze":0,"activity":-4.0E-4,"lastBolusTime":0,"time":"2023-12-22T17:22:00.000Z"}},{"iob":0,"basaliob":0,"bolussnooze":0,"activity":0,"lastBolusTime":0,"time":"2023-12-22T17:27:00.000Z","iobWithZeroTemp":{"iob":-0.021,"basaliob":-0.021,"bolussnooze":0,"activity":-4.0E-4,"lastBolusTime":0,"time":"2023-12-22T17:27:00.000Z"}},{"iob":0,"basaliob":0,"bolussnooze":0,"activity":0,"lastBolusTime":0,"time":"2023-12-22T17:32:00.000Z","iobWithZeroTemp":{"iob":-0.019,"basaliob":-0.019,"bolussnooze":0,"activity":-4.0E-4,"lastBolusTime":0,"time":"2023-12-22T17:32:00.000Z"}},{"iob":0,"basaliob":0,"bolussnooze":0,"activity":0,"lastBolusTime":0,"time":"2023-12-22T17:37:00.000Z","iobWithZeroTemp":{"iob":-0.018,"basaliob":-0.018,"bolussnooze":0,"activity":-3.0E-4,"lastBolusTime":0,"time":"2023-12-22T17:37:00.000Z"}},{"iob":0,"basaliob":0,"bolussnooze":0,"activity":0,"lastBolusTime":0,"time":"2023-12-22T17:42:00.000Z","iobWithZeroTemp":{"iob":-0.016,"basaliob":-0.016,"bolussnooze":0,"activity":-3.0E-4,"lastBolusTime":0,"time":"2023-12-22T17:42:00.000Z"}},{"iob":0,"basaliob":0,"bolussnooze":0,"activity":0,"lastBolusTime":0,"time":"2023-12-22T17:47:00.000Z","iobWithZeroTemp":{"iob":-0.015,"basaliob":-0.015,"bolussnooze":0,"activity":-3.0E-4,"lastBolusTime":0,"time":"2023-12-22T17:47:00.000Z"}},{"iob":0,"basaliob":0,"bolussnooze":0,"activity":0,"lastBolusTime":0,"time":"2023-12-22T17:52:00.000Z","iobWithZeroTemp":{"iob":-0.013,"basaliob":-0.013,"bolussnooze":0,"activity":-3.0E-4,"lastBolusTime":0,"time":"2023-12-22T17:52:00.000Z"}},{"iob":0,"basaliob":0,"bolussnooze":0,"activity":0,"lastBolusTime":0,"time":"2023-12-22T17:57:00.000Z","iobWithZeroTemp":{"iob":-0.012,"basaliob":-0.012,"bolussnooze":0,"activity":-2.0E-4,"lastBolusTime":0,"time":"2023-12-22T17:57:00.000Z"}},{"iob":0,"basaliob":0,"bolussnooze":0,"activity":0,"lastBolusTime":0,"time":"2023-12-22T18:02:00.000Z","iobWithZeroTemp":{"iob":-0.011,"basaliob":-0.011,"bolussnooze":0,"activity":-2.0E-4,"lastBolusTime":0,"time":"2023-12-22T18:02:00.000Z"}},{"iob":0,"basaliob":0,"bolussnooze":0,"activity":0,"lastBolusTime":0,"time":"2023-12-22T18:07:00.000Z","iobWithZeroTemp":{"iob":-0.01,"basaliob":-0.01,"bolussnooze":0,"activity":-2.0E-4,"lastBolusTime":0,"time":"2023-12-22T18:07:00.000Z"}},{"iob":0,"basaliob":0,"bolussnooze":0,"activity":0,"lastBolusTime":0,"time":"2023-12-22T18:12:00.000Z","iobWithZeroTemp":{"iob":-0.009,"basaliob":-0.009,"bolussnooze":0,"activity":-2.0E-4,"lastBolusTime":0,"time":"2023-12-22T18:12:00.000Z"}},{"iob":0,"basaliob":0,"bolussnooze":0,"activity":0,"lastBolusTime":0,"time":"2023-12-22T18:17:00.000Z","iobWithZeroTemp":{"iob":-0.008,"basaliob":-0.008,"bolussnooze":0,"activity":-2.0E-4,"lastBolusTime":0,"time":"2023-12-22T18:17:00.000Z"}},{"iob":0,"basaliob":0,"bolussnooze":0,"activity":0,"lastBolusTime":0,"time":"2023-12-22T18:22:00.000Z","iobWithZeroTemp":{"iob":-0.007,"basaliob":-0.007,"bolussnooze":0,"activity":-1.0E-4,"lastBolusTime":0,"time":"2023-12-22T18:22:00.000Z"}},{"iob":0,"basaliob":0,"bolussnooze":0,"activity":0,"lastBolusTime":0,"time":"2023-12-22T18:27:00.000Z","iobWithZeroTemp":{"iob":-0.007,"basaliob":-0.007,"bolussnooze":0,"activity":-1.0E-4,"lastBolusTime":0,"time":"2023-12-22T18:27:00.000Z"}},{"iob":0,"basaliob":0,"bolussnooze":0,"activity":0,"lastBolusTime":0,"time":"2023-12-22T18:32:00.000Z","iobWithZeroTemp":{"iob":-0.006,"basaliob":-0.006,"bolussnooze":0,"activity":-1.0E-4,"lastBolusTime":0,"time":"2023-12-22T18:32:00.000Z"}},{"iob":0,"basaliob":0,"bolussnooze":0,"activity":0,"lastBolusTime":0,"time":"2023-12-22T18:37:00.000Z","iobWithZeroTemp":{"iob":-0.005,"basaliob":-0.005,"bolussnooze":0,"activity":-1.0E-4,"lastBolusTime":0,"time":"2023-12-22T18:37:00.000Z"}},{"iob":0,"basaliob":0,"bolussnooze":0,"activity":0,"lastBolusTime":0,"time":"2023-12-22T18:42:00.000Z","iobWithZeroTemp":{"iob":-0.005,"basaliob":-0.005,"bolussnooze":0,"activity":-1.0E-4,"lastBolusTime":0,"time":"2023-12-22T18:42:00.000Z"}},{"iob":0,"basaliob":0,"bolussnooze":0,"activity":0,"lastBolusTime":0,"time":"2023-12-22T18:47:00.000Z","iobWithZeroTemp":{"iob":-0.004,"basaliob":-0.004,"bolussnooze":0,"activity":-1.0E-4,"lastBolusTime":0,"time":"2023-12-22T18:47:00.000Z"}},{"iob":0,"basaliob":0,"bolussnooze":0,"activity":0,"lastBolusTime":0,"time":"2023-12-22T18:52:00.000Z","iobWithZeroTemp":{"iob":-0.004,"basaliob":-0.004,"bolussnooze":0,"activity":-1.0E-4,"lastBolusTime":0,"time":"2023-12-22T18:52:00.000Z"}},{"iob":0,"basaliob":0,"bolussnooze":0,"activity":0,"lastBolusTime":0,"time":"2023-12-22T18:57:00.000Z","iobWithZeroTemp":{"iob":-0.004,"basaliob":-0.004,"bolussnooze":0,"activity":-1.0E-4,"lastBolusTime":0,"time":"2023-12-22T18:57:00.000Z"}},{"iob":0,"basaliob":0,"bolussnooze":0,"activity":0,"lastBolusTime":0,"time":"2023-12-22T19:02:00.000Z","iobWithZeroTemp":{"iob":-0.003,"basaliob":-0.003,"bolussnooze":0,"activity":-1.0E-4,"lastBolusTime":0,"time":"2023-12-22T19:02:00.000Z"}},{"iob":0,"basaliob":0,"bolussnooze":0,"activity":0,"lastBolusTime":0,"time":"2023-12-22T19:07:00.000Z","iobWithZeroTemp":{"iob":-0.003,"basaliob":-0.003,"bolussnooze":0,"activity":-1.0E-4,"lastBolusTime":0,"time":"2023-12-22T19:07:00.000Z"}},{"iob":0,"basaliob":0,"bolussnooze":0,"activity":0,"lastBolusTime":0,"time":"2023-12-22T19:12:00.000Z","iobWithZeroTemp":{"iob":-0.003,"basaliob":-0.003,"bolussnooze":0,"activity":-1.0E-4,"lastBolusTime":0,"time":"2023-12-22T19:12:00.000Z"}}],"profile":{"max_iob":1.5,"dia":3,"type":"current","max_daily_basal":0.5,"max_basal":1.2,"min_bg":100.8,"max_bg":100.8,"target_bg":100.8,"carb_ratio":30,"sens":126,"max_daily_safety_multiplier":3,"current_basal_safety_multiplier":4,"skip_neutral_temps":true,"current_basal":0.3,"temptargetSet":false,"autosens_adjust_targets":true,"min_5m_carbimpact":5.5,"out_units":"mmol\/L"},"autosens_data":{"ratio":1},"meal_data":{"carbs":0,"mealCOB":0}},"output":{"temp":"absolute","bg":62,"tick":-9,"eventualBG":17,"snoozeBG":17,"predBGs":{"IOB":[62,53,45,39,39,39,39,39,39,39,39,39,39]},"COB":0,"IOB":-0.057,"reason":"COB: 0, Dev: -52, BGI: -0.76, ISF: 7.0, Target: 5.6; BG 3.4<4.2","duration":30,"rate":0,"timestamp":"2023-12-22T09:46:04.123Z"}}