{"algorithm":"OpenAPSAMAPlugin","input":{"glucoseStatus":{"glucose":88,"delta":-19.33,"short_avgdelta":-18.3,"long_avgdelta":-11.22},"currenttemp":{"temp":"absolute","duration":15,"rate":0,"minutesrunning":15},"iob_data":[{"iob":0.373,"basaliob":0.364,"bolussnooze":5.0E-4,"activity":0.0032,"lastBolusTime":1703254530927,"time":"2023-12-22T17:02:00.000Z","iobWithZeroTemp":{"iob":0.373,"basaliob":0.364,"bolussnooze":5.0E-4,"activity":0.0032,"lastBolusTime":1703254530927,"time":"2023-12-22T17:02:00.000Z"}},{"iob":0.356,"basaliob":0.348,"bolussnooze":4.0E-4,"activity":0.0033,"lastBolusTime":1703254530927,"time":"2023-12-22T17:07:00.000Z","iobWithZeroTemp":{"iob":0.323,"basaliob":0.315,"bolussnooze":4.0E-4,"activity":0.0033,"lastBolusTime":1703254530927,"time":"2023-12-22T17:07:00.000Z"}},{"iob":0.34,"basaliob":0.332,"bolussnooze":3.0E-4,"activity":0.0033,"lastBolusTime":1703254530927,"time":"2023-12-22T17:12:00.000Z","iobWithZeroTemp":{"iob":0.274,"basaliob":0.266,"bolussnooze":3.0E-4,"activity":0.0032,"lastBolusTime":1703254530927,"time":"2023-12-22T17:12:00.000Z"}},{"iob":0.324,"basaliob":0.317,"bolussnooze":3.0E-4,"activity":0.0033,"lastBolusTime":1703254530927,"time":"2023-12-22T17:17:00.000Z","iobWithZeroTemp":{"iob":0.225,"basaliob":0.218,"bolussnooze":3.0E-4,"activity":0.0031,"lastBolusTime":1703254530927,"time":"2023-12-22T17:17:00.000Z"}},{"iob":0.308,"basaliob":0.301,"bolussnooze":2.0E-4,"activity":0.0032,"lastBolusTime":1703254530927,"time":"2023-12-22T17:22:00.000Z","iobWithZeroTemp":{"iob":0.177,"basaliob":0.17,"bolussnooze":2.0E-4,"activity":0.0028,"lastBolusTime":1703254530927,"time":"2023-12-22T17:22:00.000Z"}},{"iob":0.291,"basaliob":0.285,"bolussnooze":2.0E-4,"activity":0.0032,"lastBolusTime":1703254530927,"time":"2023-12-22T17:27:00.000Z","iobWithZeroTemp":{"iob":0.129,"basaliob":0.123,"bolussnooze":2.0E-4,"activity":0.0027,"lastBolusTime":1703254530927,"time":"2023-12-22T17:27:00.000Z"}},{"iob":0.276,"basaliob":0.27,"bolussnooze":1.0E-4,"activity":0.0031,"lastBolusTime":1703254530927,"time":"2023-12-22T17:32:00.000Z","iobWithZeroTemp":{"iob":0.084,"basaliob":0.078,"bolussnooze":1.0E-4,"activity":0.0024,"lastBolusTime":1703254530927,"time":"2023-12-22T17:32:00.000Z"}},{"iob":0.261,"basaliob":0.256,"bolussnooze":1.0E-4,"activity":0.003,"lastBolusTime":1703254530927,"time":"2023-12-22T17:37:00.000Z","iobWithZeroTemp":{"iob":0.039,"basaliob":0.034,"bolussnooze":1.0E-4,"activity":0.0021,"lastBolusTime":1703254530927,"time":"2023-12-22T17:37:00.000Z"}},{"iob":0.246,"basaliob":0.241,"bolussnooze":1.0E-4,"activity":0.0029,"lastBolusTime":1703254530927,"time":"2023-12-22T17:42:00.000Z","iobWithZeroTemp":{"iob":-0.004,"basaliob":-0.009,"bolussnooze":1.0E-4,"activity":0.0018,"lastBolusTime":1703254530927,"time":"2023-12-22T17:42:00.000Z"}},{"iob":0.231,"basaliob":0.227,"bolussnooze":1.0E-4,"activity":0.0028,"lastBolusTime":1703254530927,"time":"2023-12-22T17:47:00.000Z","iobWithZeroTemp":{"iob":-0.046,"basaliob":-0.05,"bolussnooze":1.0E-4,"activity":0.0014,"lastBolusTime":1703254530927,"time":"2023-12-22T17:47:00.000Z"}},{"iob":0.218,"basaliob":0.214,"bolussnooze":0,"activity":0.0027,"lastBolusTime":1703254530927,"time":"2023-12-22T17:52:00.000Z","iobWithZeroTemp":{"iob":-0.085,"basaliob":-0.089,"bolussnooze":0,"activity":0.0011,"lastBolusTime":1703254530927,"time":"2023-12-22T17:52:00.000Z"}},{"iob":0.205,"basaliob":0.201,"bolussnooze":0,"activity":0.0026,"lastBolusTime":1703254530927,"time":"2023-12-22T17:57:00.000Z","iobWithZeroTemp":{"iob":-0.123,"basaliob":-0.127,"bolussnooze":0,"activity":8.0E-4,"lastBolusTime":1703254530927,"time":"2023-12-22T17:57:00.000Z"}},{"iob":0.192,"basaliob":0.189,"bolussnooze":0,"activity":0.0025,"lastBolusTime":1703254530927,"time":"2023-12-22T18:02:00.000Z","iobWithZeroTemp":{"iob":-0.16,"basaliob":-0.163,"bolussnooze":0,"activity":5.0E-4,"lastBolusTime":1703254530927,"time":"2023-12-22T18:02:00.000Z"}},{"iob":0.18,"basaliob":0.177,"bolussnooze":0,"activity":0.0024,"lastBolusTime":1703254530927,"time":"2023-12-22T18:07:00.000Z","iobWithZeroTemp":{"iob":-0.194,"basaliob":-0.197,"bolussnooze":0,"activity":1.0E-4,"lastBolusTime":1703254530927,"time":"2023-12-22T18:07:00.000Z"}},{"iob":0.169,"basaliob":0.166,"bolussnooze":0,"activity":0.0022,"lastBolusTime":1703254530927,"time":"2023-12-22T18:12:00.000Z","iobWithZeroTemp":{"iob":-0.227,"basaliob":-0.23,"bolussnooze":0,"activity":-3.0E-4,"lastBolusTime":1703254530927,"time":"2023-12-22T18:12:00.000Z"}},{"iob":0.158,"basaliob":0.155,"bolussnooze":0,"activity":0.0021,"lastBolusTime":1703254530927,"time":"2023-12-22T18:17:00.000Z","iobWithZeroTemp":{"iob":-0.258,"basaliob":-0.261,"bolussnooze":0,"activity":-6.0E-4,"lastBolusTime":1703254530927,"time":"2023-12-22T18:17:00.000Z"}},{"iob":0.147,"basaliob":0.145,"bolussnooze":0,"activity":0.002,"lastBolusTime":1703254530927,"time":"2023-12-22T18:22:00.000Z","iobWithZeroTemp":{"iob":-0.288,"basaliob":-0.29,"bolussnooze":0,"activity":-9.0E-4,"lastBolusTime":1703254530927,"time":"2023-12-22T18:22:00.000Z"}},{"iob":0.138,"basaliob":0.136,"bolussnooze":0,"activity":0.0019,"lastBolusTime":1703254530927,"time":"2023-12-22T18:27:00.000Z","iobWithZeroTemp":{"iob":-0.316,"basaliob":-0.318,"bolussnooze":0,"activity":-0.0012,"lastBolusTime":1703254530927,"time":"2023-12-22T18:27:00.000Z"}},{"iob":0.129,"basaliob":0.127,"bolussnooze":0,"activity":0.0018,"lastBolusTime":1703254530927,"time":"2023-12-22T18:32:00.000Z","iobWithZeroTemp":{"iob":-0.342,"basaliob":-0.344,"bolussnooze":0,"activity":-0.0015,"lastBolusTime":1703254530927,"time":"2023-12-22T18:32:00.000Z"}},{"iob":0.12,"basaliob":0.118,"bolussnooze":0,"activity":0.0017,"lastBolusTime":1703254530927,"time":"2023-12-22T18:37:00.000Z","iobWithZeroTemp":{"iob":-0.367,"basaliob":-0.369,"bolussnooze":0,"activity":-0.0018,"lastBolusTime":1703254530927,"time":"2023-12-22T18:37:00.000Z"}},{"iob":0.112,"basaliob":0.11,"bolussnooze":0,"activity":0.0016,"lastBolusTime":1703254530927,"time":"2023-12-22T18:42:00.000Z","iobWithZeroTemp":{"iob":-0.39,"basaliob":-0.392,"bolussnooze":0,"activity":-0.0021,"lastBolusTime":1703254530927,"time":"2023-12-22T18:42:00.000Z"}},{"iob":0.104,"basaliob":0.102,"bolussnooze":0,"activity":0.0015,"lastBolusTime":1703254530927,"time":"2023-12-22T18:47:00.000Z","iobWithZeroTemp":{"iob":-0.413,"basaliob":-0.415,"bolussnooze":0,"activity":-0.0024,"lastBolusTime":1703254530927,"time":"2023-12-22T18:47:00.000Z"}},{"iob":0.096,"basaliob":0.095,"bolussnooze":0,"activity":0.0014,"lastBolusTime":1703254530927,"time":"2023-12-22T18:52:00.000Z","iobWithZeroTemp":{"iob":-0.434,"basaliob":-0.435,"bolussnooze":0,"activity":-0.0027,"lastBolusTime":1703254530927,"time":"2023-12-22T18:52:00.000Z"}},{"iob":0.089,"basaliob":0.088,"bolussnooze":0,"activity":0.0013,"lastBolusTime":1703254530927,"time":"2023-12-22T18:57:00.000Z","iobWithZeroTemp":{"iob":-0.454,"basaliob":-0.455,"bolussnooze":0,"activity":-0.0029,"lastBolusTime":1703254530927,"time":"2023-12-22T18:57:00.000Z"}},{"iob":0.083,"basaliob":0.082,"bolussnooze":0,"activity":0.0012,"lastBolusTime":1703254530927,"time":"2023-12-22T19:02:00.000Z","iobWithZeroTemp":{"iob":-0.472,"basaliob":-0.473,"bolussnooze":0,"activity":-0.0032,"lastBolusTime":1703254530927,"time":"2023-12-22T19:02:00.000Z"}},{"iob":0.077,"basaliob":0.076,"bolussnooze":0,"activity":0.0011,"lastBolusTime":1703254530927,"time":"2023-12-22T19:07:00.000Z","iobWithZeroTemp":{"iob":-0.489,"basaliob":-0.49,"bolussnooze":0,"activity":-0.0034,"lastBolusTime":1703254530927,"time":"2023-12-22T19:07:00.000Z"}},{"iob":0.072,"basaliob":0.071,"bolussnooze":0,"activity":0.0011,"lastBolusTime":1703254530927,"time":"2023-12-22T19:12:00.000Z","iobWithZeroTemp":{"iob":-0.504,"basaliob":-0.505,"bolussnooze":0,"activity":-0.0036,"lastBolusTime":1703254530927,"time":"2023-12-22T19:12:00.000Z"}},{"iob":0.066,"basaliob":0.065,"bolussnooze":0,"activity":0.001,"lastBolusTime":1703254530927,"time":"2023-12-22T19:17:00.000Z","iobWithZeroTemp":{"iob":-0.52,"basaliob":-0.521,"bolussnooze":0,"activity":-0.0038,"lastBolusTime":1703254530927,"time":"2023-12-22T19:17:00.000Z"}},{"iob":0.062,"basaliob":0.061,"bolussnooze":0,"activity":9.0E-4,"lastBolusTime":1703254530927,"time":"2023-12-22T19:22:00.000Z","iobWithZeroTemp":{"iob":-0.533,"basaliob":-0.534,"bolussnooze":0,"activity":-0.004,"lastBolusTime":1703254530927,"time":"2023-12-22T19:22:00.000Z"}},{"iob":0.057,"basaliob":0.056,"bolussnooze":0,"activity":9.0E-4,"lastBolusTime":1703254530927,"time":"2023-12-22T19:27:00.000Z","iobWithZeroTemp":{"iob":-0.546,"basaliob":-0.547,"bolussnooze":0,"activity":-0.0041,"lastBolusTime":1703254530927,"time":"2023-12-22T19:27:00.000Z"}},{"iob":0.053,"basaliob":0.052,"bolussnooze":0,"activity":8.0E-4,"lastBolusTime":1703254530927,"time":"2023-12-22T19:32:00.000Z","iobWithZeroTemp":{"iob":-0.558,"basaliob":-0.559,"bolussnooze":0,"activity":-0.0044,"lastBolusTime":1703254530927,"time":"2023-12-22T19:32:00.000Z"}},{"iob":0.049,"basaliob":0.048,"bolussnooze":0,"activity":8.0E-4,"lastBolusTime":1703254530927,"time":"2023-12-22T19:37:00.000Z","iobWithZeroTemp":{"iob":-0.569,"basaliob":-0.57,"bolussnooze":0,"activity":-0.0045,"lastBolusTime":1703254530927,"time":"2023-12-22T19:37:00.000Z"}},{"iob":0.045,"basaliob":0.044,"bolussnooze":0,"activity":7.0E-4,"lastBolusTime":1703254530927,"time":"2023-12-22T19:42:00.000Z","iobWithZeroTemp":{"iob":-0.58,"basaliob":-0.581,"bolussnooze":0,"activity":-0.0047,"lastBolusTime":1703254530927,"time":"2023-12-22T19:42:00.000Z"}},{"iob":0.042,"basaliob":0.041,"bolussnooze":0,"activity":7.0E-4,"lastBolusTime":1703254530927,"time":"2023-12-22T19:47:00.000Z","iobWithZeroTemp":{"iob":-0.59,"basaliob":-0.591,"bolussnooze":0,"activity":-0.0048,"lastBolusTime":1703254530927,"time":"2023-12-22T19:47:00.000Z"}},{"iob":0.038,"basaliob":0.038,"bolussnooze":0,"activity":6.0E-4,"lastBolusTime":1703254530927,"time":"2023-12-22T19:52:00.000Z","iobWithZeroTemp":{"iob":-0.599,"basaliob":-0.599,"bolussnooze":0,"activity":-0.0049,"lastBolusTime":1703254530927,"time":"2023-12-22T19:52:00.000Z"}},{"iob":0.035,"basaliob":0.035,"bolussnooze":0,"activity":6.0E-4,"lastBolusTime":1703254530927,"time":"2023-12-22T19:57:00.000Z","iobWithZeroTemp":{"iob":-0.608,"basaliob":-0.608,"bolussnooze":0,"activity":-0.005,"lastBolusTime":1703254530927,"time":"2023-12-22T19:57:00.000Z"}},{"iob":0.032,"basaliob":0.032,"bolussnooze":0,"activity":5.0E-4,"lastBolusTime":1703254530927,"time":"2023-12-22T20:02:00.000Z","iobWithZeroTemp":{"iob":-0.616,"basaliob":-0.616,"bolussnooze":0,"activity":-0.0052,"lastBolusTime":1703254530927,"time":"2023-12-22T20:02:00.000Z"}},{"iob":0.029,"basaliob":0.029,"bolussnooze":0,"activity":5.0E-4,"lastBolusTime":1703254530927,"time":"2023-12-22T20:07:00.000Z","iobWithZeroTemp":{"iob":-0.632,"basaliob":-0.632,"bolussnooze":0,"activity":-0.0053,"lastBolusTime":1703254530927,"time":"2023-12-22T20:07:00.000Z"}},{"iob":0.027,"basaliob":0.027,"bolussnooze":0,"activity":5.0E-4,"lastBolusTime":1703254530927,"time":"2023-12-22T20:12:00.000Z","iobWithZeroTemp":{"iob":-0.646,"basaliob":-0.646,"bolussnooze":0,"activity":-0.0054,"lastBolusTime":1703254530927,"time":"2023-12-22T20:12:00.000Z"}},{"iob":0.025,"basaliob":0.025,"bolussnooze":0,"activity":4.0E-4,"lastBolusTime":1703254530927,"time":"2023-12-22T20:17:00.000Z","iobWithZeroTemp":{"iob":-0.661,"basaliob":-0.661,"bolussnooze":0,"activity":-0.0056,"lastBolusTime":1703254530927,"time":"2023-12-22T20:17:00.000Z"}},{"iob":0.023,"basaliob":0.023,"bolussnooze":0,"activity":4.0E-4,"lastBolusTime":1703254530927,"time":"2023-12-22T20:22:00.000Z","iobWithZeroTemp":{"iob":-0.674,"basaliob":-0.674,"bolussnooze":0,"activity":-0.0056,"lastBolusTime":1703254530927,"time":"2023-12-22T20:22:00.000Z"}},{"iob":0.021,"basaliob":0.021,"bolussnooze":0,"activity":4.0E-4,"lastBolusTime":1703254530927,"time":"2023-12-22T20:27:00.000Z","iobWithZeroTemp":{"iob":-0.688,"basaliob":-0.688,"bolussnooze":0,"activity":-0.0057,"lastBolusTime":1703254530927,"time":"2023-12-22T20:27:00.000Z"}},{"iob":0.019,"basaliob":0.019,"bolussnooze":0,"activity":3.0E-4,"lastBolusTime":1703254530927,"time":"2023-12-22T20:32:00.000Z","iobWithZeroTemp":{"iob":-0.7,"basaliob":-0.7,"bolussnooze":0,"activity":-0.0059,"lastBolusTime":1703254530927,"time":"2023-12-22T20:32:00.000Z"}},{"iob":0.018,"basaliob":0.018,"bolussnooze":0,"activity":3.0E-4,"lastBolusTime":1703254530927,"time":"2023-12-22T20:37:00.000Z","iobWithZeroTemp":{"iob":-0.711,"basaliob":-0.711,"bolussnooze":0,"activity":-0.006,"lastBolusTime":1703254530927,"time":"2023-12-22T20:37:00.000Z"}},{"iob":0.016,"basaliob":0.016,"bolussnooze":0,"activity":3.0E-4,"lastBolusTime":1703254530927,"time":"2023-12-22T20:42:00.000Z","iobWithZeroTemp":{"iob":-0.723,"basaliob":-0.723,"bolussnooze":0,"activity":-0.0061,"lastBolusTime":1703254530927,"time":"2023-12-22T20:42:00.000Z"}},{"iob":0.015,"basaliob":0.015,"bolussnooze":0,"activity":3.0E-4,"lastBolusTime":1703254530927,"time":"2023-12-22T20:47:00.000Z","iobWithZeroTemp":{"iob":-0.733,"basaliob":-0.733,"bolussnooze":0,"activity":-0.0062,"lastBolusTime":1703254530927,"time":"2023-12-22T20:47:00.000Z"}},{"iob":0.013,"basaliob":0.013,"bolussnooze":0,"activity":2.0E-4,"lastBolusTime":1703254530927,"time":"2023-12-22T20:52:00.000Z","iobWithZeroTemp":{"iob":-0.744,"basaliob":-0.744,"bolussnooze":0,"activity":-0.0064,"lastBolusTime":1703254530927,"time":"2023-12-22T20:52:00.000Z"}},{"iob":0.012,"basaliob":0.012,"bolussnooze":0,"activity":2.0E-4,"lastBolusTime":1703254530927,"time":"2023-12-22T20:57:00.000Z","iobWithZeroTemp":{"iob":-0.754,"basaliob":-0.754,"bolussnooze":0,"activity":-0.0065,"lastBolusTime":1703254530927,"time":"2023-12-22T20:57:00.000Z"}},{"iob":0.011,"basaliob":0.011,"bolussnooze":0,"activity":2.0E-4,"lastBolusTime":1703254530927,"time":"2023-12-22T21:02:00.000Z","iobWithZeroTemp":{"iob":-0.762,"basaliob":-0.762,"bolussnooze":0,"activity":-0.0066,"lastBolusTime":1703254530927,"time":"2023-12-22T21:02:00.000Z"}},{"iob":0.01,"basaliob":0.01,"bolussnooze":0,"activity":2.0E-4,"lastBolusTime":1703254530927,"time":"2023-12-22T21:07:00.000Z","iobWithZeroTemp":{"iob":-0.729,"basaliob":-0.729,"bolussnooze":0,"activity":-0.0067,"lastBolusTime":1703254530927,"time":"2023-12-22T21:07:00.000Z"}},{"iob":0.009,"basaliob":0.009,"bolussnooze":0,"activity":2.0E-4,"lastBolusTime":1703254530927,"time":"2023-12-22T21:12:00.000Z","iobWithZeroTemp":{"iob":-0.696,"basaliob":-0.696,"bolussnooze":0,"activity":-0.0067,"lastBolusTime":1703254530927,"time":"2023-12-22T21:12:00.000Z"}},{"iob":0.008,"basaliob":0.008,"bolussnooze":0,"activity":2.0E-4,"lastBolusTime":1703254530927,"time":"2023-12-22T21:17:00.000Z","iobWithZeroTemp":{"iob":-0.663,"basaliob":-0.663,"bolussnooze":0,"activity":-0.0066,"lastBolusTime":1703254530927,"time":"2023-12-22T21:17:00.000Z"}},{"iob":0.008,"basaliob":0.008,"bolussnooze":0,"activity":1.0E-4,"lastBolusTime":1703254530927,"time":"2023-12-22T21:22:00.000Z","iobWithZeroTemp":{"iob":-0.629,"basaliob":-0.629,"bolussnooze":0,"activity":-0.0066,"lastBolusTime":1703254530927,"time":"2023-12-22T21:22:00.000Z"}},{"iob":0.007,"basaliob":0.007,"bolussnooze":0,"activity":1.0E-4,"lastBolusTime":1703254530927,"time":"2023-12-22T21:27:00.000Z","iobWithZeroTemp":{"iob":-0.597,"basaliob":-0.597,"bolussnooze":0,"activity":-0.0065,"lastBolusTime":1703254530927,"time":"2023-12-22T21:27:00.000Z"}},{"iob":0.006,"basaliob":0.006,"bolussnooze":0,"activity":1.0E-4,"lastBolusTime":1703254530927,"time":"2023-12-22T21:32:00.000Z","iobWithZeroTemp":{"iob":-0.565,"basaliob":-0.565,"bolussnooze":0,"activity":-0.0063,"lastBolusTime":1703254530927,"time":"2023-12-22T21:32:00.000Z"}},{"iob":0.006,"basaliob":0.006,"bolussnooze":0,"activity":1.0E-4,"lastBolusTime":1703254530927,"time":"2023-12-22T21:37:00.000Z","iobWithZeroTemp":{"iob":-0.534,"basaliob":-0.534,"bolussnooze":0,"activity":-0.0061,"lastBolusTime":1703254530927,"time":"2023-12-22T21:37:00.000Z"}},{"iob":0.005,"basaliob":0.005,"bolussnooze":0,"activity":1.0E-4,"lastBolusTime":1703254530927,"time":"2023-12-22T21:42:00.000Z","iobWithZeroTemp":{"iob":-0.504,"basaliob":-0.504,"bolussnooze":0,"activity":-0.0059,"lastBolusTime":1703254530927,"time":"2023-12-22T21:42:00.000Z"}},{"iob":0.005,"basaliob":0.005,"bolussnooze":0,"activity":1.0E-4,"lastBolusTime":1703254530927,"time":"2023-12-22T21:47:00.000Z","iobWithZeroTemp":{"iob":-0.475,"basaliob":-0.475,"bolussnooze":0,"activity":-0.0057,"lastBolusTime":1703254530927,"time":"2023-12-22T21:47:00.000Z"}},{"iob":0.004,"basaliob":0.004,"bolussnooze":0,"activity":1.0E-4,"lastBolusTime":1703254530927,"time":"2023-12-22T21:52:00.000Z","iobWithZeroTemp":{"iob":-0.448,"basaliob":-0.448,"bolussnooze":0,"activity":-0.0055,"lastBolusTime":1703254530927,"time":"2023-12-22T21:52:00.000Z"}},{"iob":0.004,"basaliob":0.004,"bolussnooze":0,"activity":1.0E-4,"lastBolusTime":1703254530927,"time":"2023-12-22T21:57:00.000Z","iobWithZeroTemp":{"iob":-0.42,"basaliob":-0.42,"bolussnooze":0,"activity":-0.0052,"lastBolusTime":1703254530927,"time":"2023-12-22T21:57:00.000Z"}},{"iob":0.004,"basaliob":0.004,"bolussnooze":0,"activity":1.0E-4,"lastBolusTime":1703254530927,"time":"2023-12-22T22:02:00.000Z","iobWithZeroTemp":{"iob":-0.394,"basaliob":-0.394,"bolussnooze":0,"activity":-0.005,"lastBolusTime":1703254530927,"time":"2023-12-22T22:02:00.000Z"}},{"iob":0.003,"basaliob":0.003,"bolussnooze":0,"activity":1.0E-4,"lastBolusTime":1703254530927,"time":"2023-12-22T22:07:00.000Z","iobWithZeroTemp":{"iob":-0.37,"basaliob":-0.37,"bolussnooze":0,"activity":-0.0048,"lastBolusTime":1703254530927,"time":"2023-12-22T22:07:00.000Z"}},{"iob":0.003,"basaliob":0.003,"bolussnooze":0,"activity":1.0E-4,"lastBolusTime":1703254530927,"time":"2023-12-22T22:12:00.000Z","iobWithZeroTemp":{"iob":-0.347,"basaliob":-0.347,"bolussnooze":0,"activity":-0.0045,"lastBolusTime":1703254530927,"time":"2023-12-22T22:12:00.000Z"}},{"iob":0.003,"basaliob":0.003,"bolussnooze":0,"activity":1.0E-4,"lastBolusTime":1703254530927,"time":"2023-12-22T22:17:00.000Z","iobWithZeroTemp":{"iob":-0.324,"basaliob":-0.324,"bolussnooze":0,"activity":-0.0043,"lastBolusTime":1703254530927,"time":"2023-12-22T22:17:00.000Z"}},{"iob":0.002,"basaliob":0.002,"bolussnooze":0,"activity":0,"lastBolusTime":1703254530927,"time":"2023-12-22T22:22:00.000Z","iobWithZeroTemp":{"iob":-0.304,"basaliob":-0.304,"bolussnooze":0,"activity":-0.0042,"lastBolusTime":1703254530927,"time":"2023-12-22T22:22:00.000Z"}},{"iob":0.002,"basaliob":0.002,"bolussnooze":0,"activity":0,"lastBolusTime":1703254530927,"time":"2023-12-22T22:27:00.000Z","iobWithZeroTemp":{"iob":-0.284,"basaliob":-0.284,"bolussnooze":0,"activity":-0.0039,"lastBolusTime":1703254530927,"time":"2023-12-22T22:27:00.000Z"}},{"iob":0.002,"basaliob":0.002,"bolussnooze":0,"activity":0,"lastBolusTime":1703254530927,"time":"2023-12-22T22:32:00.000Z","iobWithZeroTemp":{"iob":-0.264,"basaliob":-0.264,"bolussnooze":0,"activity":-0.0037,"lastBolusTime":1703254530927,"time":"2023-12-22T22:32:00.000Z"}},{"iob":0.002,"basaliob":0.002,"bolussnooze":0,"activity":0,"lastBolusTime":1703254530927,"time":"2023-12-22T22:37:00.000Z","iobWithZeroTemp":{"iob":-0.246,"basaliob":-0.246,"bolussnooze":0,"activity":-0.0035,"lastBolusTime":1703254530927,"time":"2023-12-22T22:37:00.000Z"}},{"iob":0.001,"basaliob":0.001,"bolussnooze":0,"activity":0,"lastBolusTime":1703254530927,"time":"2023-12-22T22:42:00.000Z","iobWithZeroTemp":{"iob":-0.23,"basaliob":-0.23,"bolussnooze":0,"activity":-0.0033,"lastBolusTime":1703254530927,"time":"2023-12-22T22:42:00.000Z"}},{"iob":0.001,"basaliob":0.001,"bolussnooze":0,"activity":0,"lastBolusTime":1703254530927,"time":"2023-12-22T22:47:00.000Z","iobWithZeroTemp":{"iob":-0.214,"basaliob":-0.214,"bolussnooze":0,"activity":-0.0031,"lastBolusTime":1703254530927,"time":"2023-12-22T22:47:00.000Z"}},{"iob":0.001,"basaliob":0.001,"bolussnooze":0,"activity":0,"lastBolusTime":1703254530927,"time":"2023-12-22T22:52:00.000Z","iobWithZeroTemp":{"iob":-0.199,"basaliob":-0.199,"bolussnooze":0,"activity":-0.0029,"lastBolusTime":1703254530927,"time":"2023-12-22T22:52:00.000Z"}},{"iob":0.001,"basaliob":0.001,"bolussnooze":0,"activity":0,"lastBolusTime":1703254530927,"time":"2023-12-22T22:57:00.000Z","iobWithZeroTemp":{"iob":-0.185,"basaliob":-0.185,"bolussnooze":0,"activity":-0.0028,"lastBolusTime":1703254530927,"time":"2023-12-22T22:57:00.000Z"}},{"iob":0.001,"basaliob":0.001,"bolussnooze":0,"activity":0,"lastBolusTime":1703254530927,"time":"2023-12-22T23:02:00.000Z","iobWithZeroTemp":{"iob":-0.171,"basaliob":-0.171,"bolussnooze":0,"activity":-0.0026,"lastBolusTime":1703254530927,"time":"2023-12-22T23:02:00.000Z"}},{"iob":0.001,"basaliob":0.001,"bolussnooze":0,"activity":0,"lastBolusTime":1703254530927,"time":"2023-12-22T23:07:00.000Z","iobWithZeroTemp":{"iob":-0.159,"basaliob":-0.159,"bolussnooze":0,"activity":-0.0024,"lastBolusTime":1703254530927,"time":"2023-12-22T23:07:00.000Z"}},{"iob":0.001,"basaliob":0.001,"bolussnooze":0,"activity":0,"lastBolusTime":1703254530927,"time":"2023-12-22T23:12:00.000Z","iobWithZeroTemp":{"iob":-0.147,"basaliob":-0.147,"bolussnooze":0,"activity":-0.0023,"lastBolusTime":1703254530927,"time":"2023-12-22T23:12:00.000Z"}},{"iob":0.001,"basaliob":0.001,"bolussnooze":0,"activity":0,"lastBolusTime":0,"time":"2023-12-22T23:17:00.000Z","iobWithZeroTemp":{"iob":-0.136,"basaliob":-0.136,"bolussnooze":0,"activity":-0.0021,"lastBolusTime":0,"time":"2023-12-22T23:17:00.000Z"}},{"iob":0.001,"basaliob":0.001,"bolussnooze":0,"activity":0,"lastBolusTime":0,"time":"2023-12-22T23:22:00.000Z","iobWithZeroTemp":{"iob":-0.126,"basaliob":-0.126,"bolussnooze":0,"activity":-0.002,"lastBolusTime":0,"time":"2023-12-22T23:22:00.000Z"}},{"iob":0,"basaliob":0,"bolussnooze":0,"activity":0,"lastBolusTime":0,"time":"2023-12-22T23:27:00.000Z","iobWithZeroTemp":{"iob":-0.117,"basaliob":-0.117,"bolussnooze":0,"activity":-0.0018,"lastBolusTime":0,"time":"2023-12-22T23:27:00.000Z"}},{"iob":0,"basaliob":0,"bolussnooze":0,"activity":0,"lastBolusTime":0,"time":"2023-12-22T23:32:00.000Z","iobWithZeroTemp":{"iob":-0.108,"basaliob":-0.108,"bolussnooze":0,"activity":-0.0017,"lastBolusTime":0,"time":"2023-12-22T23:32:00.000Z"}},{"iob":0,"basaliob":0,"bolussnooze":0,"activity":0,"lastBolusTime":0,"time":"2023-12-22T23:37:00.000Z","iobWithZeroTemp":{"iob":-0.1,"basaliob":-0.1,"bolussnooze":0,"activity":-0.0016,"lastBolusTime":0,"time":"2023-12-22T23:37:00.000Z"}},{"iob":0,"basaliob":0,"bolussnooze":0,"activity":0,"lastBolusTime":0,"time":"2023-12-22T23:42:00.000Z","iobWithZeroTemp":{"iob":-0.092,"basaliob":-0.092,"bolussnooze":0,"activity":-0.0015,"lastBolusTime":0,"time":"2023-12-22T23:42:00.000Z"}},{"iob":0,"basaliob":0,"bolussnooze":0,"activity":0,"lastBolusTime":0,"time":"2023-12-22T23:47:00.000Z","iobWithZeroTemp":{"iob":-0.085,"basaliob":-0.085,"bolussnooze":0,"activity":-0.0014,"lastBolusTime":0,"time":"2023-12-22T23:47:00.000Z"}},{"iob":0,"basaliob":0,"bolussnooze":0,"activity":0,"lastBolusTime":0,"time":"2023-12-22T23:52:00.000Z","iobWithZeroTemp":{"iob":-0.078,"basaliob":-0.078,"bolussnooze":0,"activity":-0.0013,"lastBolusTime":0,"time":"2023-12-22T23:52:00.000Z"}},{"iob":0,"basaliob":0,"bolussnooze":0,"activity":0,"lastBolusTime":0,"time":"2023-12-22T23:57:00.000Z","iobWithZeroTemp":{"iob":-0.072,"basaliob":-0.072,"bolussnooze":0,"activity":-0.0012,"lastBolusTime":0,"time":"2023-12-22T23:57:00.000Z"}},{"iob":0,"basaliob":0,"bolussnooze":0,"activity":0,"lastBolusTime":0,"time":"2023-12-23T00:02:00.000Z","iobWithZeroTemp":{"iob":-0.066,"basaliob":-0.066,"bolussnooze":0,"activity":-0.0011,"lastBolusTime":0,"time":"2023-12-23T00:02:00.000Z"}},{"iob":0,"basaliob":0,"bolussnooze":0,"activity":0,"lastBolusTime":0,"time":"2023-12-23T00:07:00.000Z","iobWithZeroTemp":{"iob":-0.061,"basaliob":-0.061,"bolussnooze":0,"activity":-0.001,"lastBolusTime":0,"time":"2023-12-23T00:07:00.000Z"}},{"iob":0,"basaliob":0,"bolussnooze":0,"activity":0,"lastBolusTime":0,"time":"2023-12-23T00:12:00.000Z","iobWithZeroTemp":{"iob":-0.056,"basaliob":-0.056,"bolussnooze":0,"activity":-0.001,"lastBolusTime":0,"time":"2023-12-23T00:12:00.000Z"}},{"iob":0,"basaliob":0,"bolussnooze":0,"activity":0,"lastBolusTime":0,"time":"2023-12-23T00:17:00.000Z","iobWithZeroTemp":{"iob":-0.052,"basaliob":-0.052,"bolussnooze":0,"activity":-9.0E-4,"lastBolusTime":0,"time":"2023-12-23T00:17:00.000Z"}},{"iob":0,"basaliob":0,"bolussnooze":0,"activity":0,"lastBolusTime":0,"time":"2023-12-23T00:22:00.000Z","iobWithZeroTemp":{"iob":-0.047,"basaliob":-0.047,"bolussnooze":0,"activity":-8.0E-4,"lastBolusTime":0,"time":"2023-12-23T00:22:00.000Z"}},{"iob":0,"basaliob":0,"bolussnooze":0,"activity":0,"lastBolusTime":0,"time":"2023-12-23T00:27:00.000Z","iobWithZeroTemp":{"iob":-0.043,"basaliob":-0.043,"bolussnooze":0,"activity":-8.0E-4,"lastBolusTime":0,"time":"2023-12-23T00:27:00.000Z"}},{"iob":0,"basaliob":0,"bolussnooze":0,"activity":0,"lastBolusTime":0,"time":"2023-12-23T00:32:00.000Z","iobWithZeroTemp":{"iob":-0.04,"basaliob":-0.04,"bolussnooze":0,"activity":-7.0E-4,"lastBolusTime":0,"time":"2023-12-23T00:32:00.000Z"}},{"iob":0,"basaliob":0,"bolussnooze":0,"activity":0,"lastBolusTime":0,"time":"2023-12-23T00:37:00.000Z","iobWithZeroTemp":{"iob":-0.036,"basaliob":-0.036,"bolussnooze":0,"activity":-6.0E-4,"lastBolusTime":0,"time":"2023-12-23T00:37:00.000Z"}},{"iob":0,"basaliob":0,"bolussnooze":0,"activity":0,"lastBolusTime":0,"time":"2023-12-23T00:42:00.000Z","iobWithZeroTemp":{"iob":-0.033,"basaliob":-0.033,"bolussnooze":0,"activity":-6.0E-4,"lastBolusTime":0,"time":"2023-12-23T00:42:00.000Z"}},{"iob":0,"basaliob":0,"bolussnooze":0,"activity":0,"lastBolusTime":0,"time":"2023-12-23T00:47:00.000Z","iobWithZeroTemp":{"iob":-0.03,"basaliob":-0.03,"bolussnooze":0,"activity":-5.0E-4,"lastBolusTime":0,"time":"2023-12-23T00:47:00.000Z"}},{"iob":0,"basaliob":0,"bolussnooze":0,"activity":0,"lastBolusTime":0,"time":"2023-12-23T00:52:00.000Z","iobWithZeroTemp":{"iob":-0.028,"basaliob":-0.028,"bolussnooze":0,"activity":-5.0E-4,"lastBolusTime":0,"time":"2023-12-23T00:52:00.000Z"}},{"iob":0,"basaliob":0,"bolussnooze":0,"activity":0,"lastBolusTime":0,"time":"2023-12-23T00:57:00.000Z","iobWithZeroTemp":{"iob":-0.025,"basaliob":-0.025,"bolussnooze":0,"activity":-5.0E-4,"lastBolusTime":0,"time":"2023-12-23T00:57:00.000Z"}},{"iob":0,"basaliob":0,"bolussnooze":0,"activity":0,"lastBolusTime":0,"time":"2023-12-23T01:02:00.000Z","iobWithZeroTemp":{"iob":-0.023,"basaliob":-0.023,"bolussnooze":0,"activity":-4.0E-4,"lastBolusTime":0,"time":"2023-12-23T01:02:00.000Z"}},{"iob":0,"basaliob":0,"bolussnooze":0,"activity":0,"lastBolusTime":0,"time":"2023-12-23T01:07:00.000Z","iobWithZeroTemp":{"iob":-0.021,"basaliob":-0.021,"bolussnooze":0,"activity":-4.0E-4,"lastBolusTime":0,"time":"2023-12-23T01:07:00.000Z"}},{"iob":0,"basaliob":0,"bolussnooze":0,"activity":0,"lastBolusTime":0,"time":"2023-12-23T01:12:00.000Z","iobWithZeroTemp":{"iob":-0.019,"basaliob":-0.019,"bolussnooze":0,"activity":-4.0E-4,"lastBolusTime":0,"time":"2023-12-23T01:12:00.000Z"}},{"iob":0,"basaliob":0,"bolussnooze":0,"activity":0,"lastBolusTime":0,"time":"2023-12-23T01:17:00.000Z","iobWithZeroTemp":{"iob":-0.017,"basaliob":-0.017,"bolussnooze":0,"activity":-3.0E-4,"lastBolusTime":0,"time":"2023-12-23T01:17:00.000Z"}},{"iob":0,"basaliob":0,"bolussnooze":0,"activity":0,"lastBolusTime":0,"time":"2023-12-23T01:22:00.000Z","iobWithZeroTemp":{"iob":-0.016,"basaliob":-0.016,"bolussnooze":0,"activity":-3.0E-4,"lastBolusTime":0,"time":"2023-12-23T01:22:00.000Z"}},{"iob":0,"basaliob":0,"bolussnooze":0,"activity":0,"lastBolusTime":0,"time":"2023-12-23T01:27:00.000Z","iobWithZeroTemp":{"iob":-0.014,"basaliob":-0.014,"bolussnooze":0,"activity":-3.0E-4,"lastBolusTime":0,"time":"2023-12-23T01:27:00.000Z"}},{"iob":0,"basaliob":0,"bolussnooze":0,"activity":0,"lastBolusTime":0,"time":"2023-12-23T01:32:00.000Z","iobWithZeroTemp":{"iob":-0.013,"basaliob":-0.013,"bolussnooze":0,"activity":-3.0E-4,"lastBolusTime":0,"time":"2023-12-23T01:32:00.000Z"}},{"iob":0,"basaliob":0,"bolussnooze":0,"activity":0,"lastBolusTime":0,"time":"2023-12-23T01:37:00.000Z","iobWithZeroTemp":{"iob":-0.012,"basaliob":-0.012,"bolussnooze":0,"activity":-2.0E-4,"lastBolusTime":0,"time":"2023-12-23T01:37:00.000Z"}},{"iob":0,"basaliob":0,"bolussnooze":0,"activity":0,"lastBolusTime":0,"time":"2023-12-23T01:42:00.000Z","iobWithZeroTemp":{"iob":-0.011,"basaliob":-0.011,"bolussnooze":0,"activity":-2.0E-4,"lastBolusTime":0,"time":"2023-12-23T01:42:00.000Z"}},{"iob":0,"basaliob":0,"bolussnooze":0,"activity":0,"lastBolusTime":0,"time":"2023-12-23T01:47:00.000Z","iobWithZeroTemp":{"iob":-0.01,"basaliob":-0.01,"bolussnooze":0,"activity":-2.0E-4,"lastBolusTime":0,"time":"2023-12-23T01:47:00.000Z"}},{"iob":0,"basaliob":0,"bolussnooze":0,"activity":0,"lastBolusTime":0,"time":"2023-12-23T01:52:00.000Z","iobWithZeroTemp":{"iob":-0.009,"basaliob":-0.009,"bolussnooze":0,"activity":-2.0E-4,"lastBolusTime":0,"time":"2023-12-23T01:52:00.000Z"}},{"iob":0,"basaliob":0,"bolussnooze":0,"activity":0,"lastBolusTime":0,"time":"2023-12-23T01:57:00.000Z","iobWithZeroTemp":{"iob":-0.008,"basaliob":-0.008,"bolussnooze":0,"activity":-2.0E-4,"lastBolusTime":0,"time":"2023-12-23T01:57:00.000Z"}},{"iob":0,"basaliob":0,"bolussnooze":0,"activity":0,"lastBolusTime":0,"time":"2023-12-23T02:02:00.000Z","iobWithZeroTemp":{"iob":-0.007,"basaliob":-0.007,"bolussnooze":0,"activity":-1.0E-4,"lastBolusTime":0,"time":"2023-12-23T02:02:00.000Z"}},{"iob":0,"basaliob":0,"bolussnooze":0,"activity":0,"lastBolusTime":0,"time":"2023-12-23T02:07:00.000Z","iobWithZeroTemp":{"iob":-0.006,"basaliob":-0.006,"bolussnooze":0,"activity":-1.0E-4,"lastBolusTime":0,"time":"2023-12-23T02:07:00.000Z"}},{"iob":0,"basaliob":0,"bolussnooze":0,"activity":0,"lastBolusTime":0,"time":"2023-12-23T02:12:00.000Z","iobWithZeroTemp":{"iob":-0.006,"basaliob":-0.006,"bolussnooze":0,"activity":-1.0E-4,"lastBolusTime":0,"time":"2023-12-23T02:12:00.000Z"}},{"iob":0,"basaliob":0,"bolussnooze":0,"activity":0,"lastBolusTime":0,"time":"2023-12-23T02:17:00.000Z","iobWithZeroTemp":{"iob":-0.005,"basaliob":-0.005,"bolussnooze":0,"activity":-1.0E-4,"lastBolusTime":0,"time":"2023-12-23T02:17:00.000Z"}},{"iob":0,"basaliob":0,"bolussnooze":0,"activity":0,"lastBolusTime":0,"time":"2023-12-23T02:22:00.000Z","iobWithZeroTemp":{"iob":-0.005,"basaliob":-0.005,"bolussnooze":0,"activity":-1.0E-4,"lastBolusTime":0,"time":"2023-12-23T02:22:00.000Z"}},{"iob":0,"basaliob":0,"bolussnooze":0,"activity":0,"lastBolusTime":0,"time":"2023-12-23T02:27:00.000Z","iobWithZeroTemp":{"iob":-0.004,"basaliob":-0.004,"bolussnooze":0,"activity":-1.0E-4,"lastBolusTime":0,"time":"2023-12-23T02:27:00.000Z"}}],"profile":{"max_iob":1.5,"dia":3,"type":"current","max_daily_basal":0.5,"max_basal":1.5,"min_bg":90,"max_bg":90,"target_bg":90,"carb_ratio":20,"sens":117,"max_daily_safety_multiplier":3,"current_basal_safety_multiplier":4,"skip_neutral_temps":true,"current_basal":0.4,"temptargetSet":false,"autosens_adjust_targets":true,"min_5m_carbimpact":5.5,"out_units":"mmol\/L"},"autosens_data":{"ratio":1},"meal_data":{"carbs":10,"mealCOB":0}},"output":{"temp":"absolute","bg":88,"tick":-19,"eventualBG":-55,"snoozeBG":-55,"predBGs":{"IOB":[88,70,54,39,39,39,39,39,39,39,39,39,39]},"COB":0,"IOB":0.373,"reason":"COB: 0, Dev: -99, BGI: -1.87, ISF: 6.5, Target: 5.0; Eventual BG -3.1 < 5.0, setting -4.56U\/hr","duration":30,"rate":0,"timestamp":"2023-12-22T17:01:04.119Z"}}