{"algorithm":"OpenAPSAMAPlugin","input":{"glucoseStatus":{"glucose":161,"delta":8.22,"short_avgdelta":8.22,"long_avgdelta":6.03},"currenttemp":{"temp":"absolute","duration":0,"rate":0},"iob_data":[{"iob":0.313,"basaliob":0.313,"bolussnooze":0,"activity":0.0031,"lastBolusTime":0,"time":"2023-12-23T17:02:00.000Z","iobWithZeroTemp":{"iob":0.313,"basaliob":0.313,"bolussnooze":0,"activity":0.0031,"lastBolusTime":0,"time":"2023-12-23T17:02:00.000Z"}},{"iob":0.298,"basaliob":0.298,"bolussnooze":0,"activity":0.0031,"lastBolusTime":0,"time":"2023-12-23T17:07:00.000Z","iobWithZeroTemp":{"iob":0.265,"basaliob":0.265,"bolussnooze":0,"activity":0.0031,"lastBolusTime":0,"time":"2023-12-23T17:07:00.000Z"}},{"iob":0.283,"basaliob":0.283,"bolussnooze":0,"activity":0.003,"lastBolusTime":0,"time":"2023-12-23T17:12:00.000Z","iobWithZeroTemp":{"iob":0.217,"basaliob":0.217,"bolussnooze":0,"activity":0.0029,"lastBolusTime":0,"time":"2023-12-23T17:12:00.000Z"}},{"iob":0.268,"basaliob":0.268,"bolussnooze":0,"activity":0.0029,"lastBolusTime":0,"time":"2023-12-23T17:17:00.000Z","iobWithZeroTemp":{"iob":0.169,"basaliob":0.169,"bolussnooze":0,"activity":0.0027,"lastBolusTime":0,"time":"2023-12-23T17:17:00.000Z"}},{"iob":0.253,"basaliob":0.253,"bolussnooze":0,"activity":0.0029,"lastBolusTime":0,"time":"2023-12-23T17:22:00.000Z","iobWithZeroTemp":{"iob":0.122,"basaliob":0.122,"bolussnooze":0,"activity":0.0025,"lastBolusTime":0,"time":"2023-12-23T17:22:00.000Z"}},{"iob":0.239,"basaliob":0.239,"bolussnooze":0,"activity":0.0028,"lastBolusTime":0,"time":"2023-12-23T17:27:00.000Z","iobWithZeroTemp":{"iob":0.077,"basaliob":0.077,"bolussnooze":0,"activity":0.0023,"lastBolusTime":0,"time":"2023-12-23T17:27:00.000Z"}},{"iob":0.226,"basaliob":0.226,"bolussnooze":0,"activity":0.0027,"lastBolusTime":0,"time":"2023-12-23T17:32:00.000Z","iobWithZeroTemp":{"iob":0.034,"basaliob":0.034,"bolussnooze":0,"activity":0.002,"lastBolusTime":0,"time":"2023-12-23T17:32:00.000Z"}},{"iob":0.212,"basaliob":0.212,"bolussnooze":0,"activity":0.0026,"lastBolusTime":0,"time":"2023-12-23T17:37:00.000Z","iobWithZeroTemp":{"iob":-0.01,"basaliob":-0.01,"bolussnooze":0,"activity":0.0017,"lastBolusTime":0,"time":"2023-12-23T17:37:00.000Z"}},{"iob":0.2,"basaliob":0.2,"bolussnooze":0,"activity":0.0025,"lastBolusTime":0,"time":"2023-12-23T17:42:00.000Z","iobWithZeroTemp":{"iob":-0.05,"basaliob":-0.05,"bolussnooze":0,"activity":0.0014,"lastBolusTime":0,"time":"2023-12-23T17:42:00.000Z"}},{"iob":0.188,"basaliob":0.188,"bolussnooze":0,"activity":0.0024,"lastBolusTime":0,"time":"2023-12-23T17:47:00.000Z","iobWithZeroTemp":{"iob":-0.089,"basaliob":-0.089,"bolussnooze":0,"activity":0.0011,"lastBolusTime":0,"time":"2023-12-23T17:47:00.000Z"}},{"iob":0.176,"basaliob":0.176,"bolussnooze":0,"activity":0.0023,"lastBolusTime":0,"time":"2023-12-23T17:52:00.000Z","iobWithZeroTemp":{"iob":-0.127,"basaliob":-0.127,"bolussnooze":0,"activity":7.0E-4,"lastBolusTime":0,"time":"2023-12-23T17:52:00.000Z"}},{"iob":0.165,"basaliob":0.165,"bolussnooze":0,"activity":0.0022,"lastBolusTime":0,"time":"2023-12-23T17:57:00.000Z","iobWithZeroTemp":{"iob":-0.163,"basaliob":-0.163,"bolussnooze":0,"activity":4.0E-4,"lastBolusTime":0,"time":"2023-12-23T17:57:00.000Z"}},{"iob":0.154,"basaliob":0.154,"bolussnooze":0,"activity":0.0021,"lastBolusTime":0,"time":"2023-12-23T18:02:00.000Z","iobWithZeroTemp":{"iob":-0.198,"basaliob":-0.198,"bolussnooze":0,"activity":1.0E-4,"lastBolusTime":0,"time":"2023-12-23T18:02:00.000Z"}},{"iob":0.144,"basaliob":0.144,"bolussnooze":0,"activity":0.002,"lastBolusTime":0,"time":"2023-12-23T18:07:00.000Z","iobWithZeroTemp":{"iob":-0.23,"basaliob":-0.23,"bolussnooze":0,"activity":-3.0E-4,"lastBolusTime":0,"time":"2023-12-23T18:07:00.000Z"}},{"iob":0.135,"basaliob":0.135,"bolussnooze":0,"activity":0.0018,"lastBolusTime":0,"time":"2023-12-23T18:12:00.000Z","iobWithZeroTemp":{"iob":-0.261,"basaliob":-0.261,"bolussnooze":0,"activity":-7.0E-4,"lastBolusTime":0,"time":"2023-12-23T18:12:00.000Z"}},{"iob":0.126,"basaliob":0.126,"bolussnooze":0,"activity":0.0018,"lastBolusTime":0,"time":"2023-12-23T18:17:00.000Z","iobWithZeroTemp":{"iob":-0.29,"basaliob":-0.29,"bolussnooze":0,"activity":-9.0E-4,"lastBolusTime":0,"time":"2023-12-23T18:17:00.000Z"}},{"iob":0.117,"basaliob":0.117,"bolussnooze":0,"activity":0.0017,"lastBolusTime":0,"time":"2023-12-23T18:22:00.000Z","iobWithZeroTemp":{"iob":-0.319,"basaliob":-0.319,"bolussnooze":0,"activity":-0.0012,"lastBolusTime":0,"time":"2023-12-23T18:22:00.000Z"}},{"iob":0.109,"basaliob":0.109,"bolussnooze":0,"activity":0.0016,"lastBolusTime":0,"time":"2023-12-23T18:27:00.000Z","iobWithZeroTemp":{"iob":-0.345,"basaliob":-0.345,"bolussnooze":0,"activity":-0.0015,"lastBolusTime":0,"time":"2023-12-23T18:27:00.000Z"}},{"iob":0.102,"basaliob":0.102,"bolussnooze":0,"activity":0.0015,"lastBolusTime":0,"time":"2023-12-23T18:32:00.000Z","iobWithZeroTemp":{"iob":-0.369,"basaliob":-0.369,"bolussnooze":0,"activity":-0.0018,"lastBolusTime":0,"time":"2023-12-23T18:32:00.000Z"}},{"iob":0.095,"basaliob":0.095,"bolussnooze":0,"activity":0.0014,"lastBolusTime":0,"time":"2023-12-23T18:37:00.000Z","iobWithZeroTemp":{"iob":-0.392,"basaliob":-0.392,"bolussnooze":0,"activity":-0.0021,"lastBolusTime":0,"time":"2023-12-23T18:37:00.000Z"}},{"iob":0.088,"basaliob":0.088,"bolussnooze":0,"activity":0.0013,"lastBolusTime":0,"time":"2023-12-23T18:42:00.000Z","iobWithZeroTemp":{"iob":-0.414,"basaliob":-0.414,"bolussnooze":0,"activity":-0.0024,"lastBolusTime":0,"time":"2023-12-23T18:42:00.000Z"}},{"iob":0.082,"basaliob":0.082,"bolussnooze":0,"activity":0.0012,"lastBolusTime":0,"time":"2023-12-23T18:47:00.000Z","iobWithZeroTemp":{"iob":-0.435,"basaliob":-0.435,"bolussnooze":0,"activity":-0.0027,"lastBolusTime":0,"time":"2023-12-23T18:47:00.000Z"}},{"iob":0.076,"basaliob":0.076,"bolussnooze":0,"activity":0.0011,"lastBolusTime":0,"time":"2023-12-23T18:52:00.000Z","iobWithZeroTemp":{"iob":-0.454,"basaliob":-0.454,"bolussnooze":0,"activity":-0.003,"lastBolusTime":0,"time":"2023-12-23T18:52:00.000Z"}},{"iob":0.07,"basaliob":0.07,"bolussnooze":0,"activity":0.0011,"lastBolusTime":0,"time":"2023-12-23T18:57:00.000Z","iobWithZeroTemp":{"iob":-0.473,"basaliob":-0.473,"bolussnooze":0,"activity":-0.0031,"lastBolusTime":0,"time":"2023-12-23T18:57:00.000Z"}},{"iob":0.065,"basaliob":0.065,"bolussnooze":0,"activity":0.001,"lastBolusTime":0,"time":"2023-12-23T19:02:00.000Z","iobWithZeroTemp":{"iob":-0.49,"basaliob":-0.49,"bolussnooze":0,"activity":-0.0034,"lastBolusTime":0,"time":"2023-12-23T19:02:00.000Z"}},{"iob":0.06,"basaliob":0.06,"bolussnooze":0,"activity":9.0E-4,"lastBolusTime":0,"time":"2023-12-23T19:07:00.000Z","iobWithZeroTemp":{"iob":-0.506,"basaliob":-0.506,"bolussnooze":0,"activity":-0.0036,"lastBolusTime":0,"time":"2023-12-23T19:07:00.000Z"}},{"iob":0.056,"basaliob":0.056,"bolussnooze":0,"activity":9.0E-4,"lastBolusTime":0,"time":"2023-12-23T19:12:00.000Z","iobWithZeroTemp":{"iob":-0.52,"basaliob":-0.52,"bolussnooze":0,"activity":-0.0038,"lastBolusTime":0,"time":"2023-12-23T19:12:00.000Z"}},{"iob":0.051,"basaliob":0.051,"bolussnooze":0,"activity":8.0E-4,"lastBolusTime":0,"time":"2023-12-23T19:17:00.000Z","iobWithZeroTemp":{"iob":-0.535,"basaliob":-0.535,"bolussnooze":0,"activity":-0.004,"lastBolusTime":0,"time":"2023-12-23T19:17:00.000Z"}},{"iob":0.047,"basaliob":0.047,"bolussnooze":0,"activity":8.0E-4,"lastBolusTime":0,"time":"2023-12-23T19:22:00.000Z","iobWithZeroTemp":{"iob":-0.548,"basaliob":-0.548,"bolussnooze":0,"activity":-0.0041,"lastBolusTime":0,"time":"2023-12-23T19:22:00.000Z"}},{"iob":0.044,"basaliob":0.044,"bolussnooze":0,"activity":7.0E-4,"lastBolusTime":0,"time":"2023-12-23T19:27:00.000Z","iobWithZeroTemp":{"iob":-0.559,"basaliob":-0.559,"bolussnooze":0,"activity":-0.0043,"lastBolusTime":0,"time":"2023-12-23T19:27:00.000Z"}},{"iob":0.04,"basaliob":0.04,"bolussnooze":0,"activity":7.0E-4,"lastBolusTime":0,"time":"2023-12-23T19:32:00.000Z","iobWithZeroTemp":{"iob":-0.571,"basaliob":-0.571,"bolussnooze":0,"activity":-0.0045,"lastBolusTime":0,"time":"2023-12-23T19:32:00.000Z"}},{"iob":0.037,"basaliob":0.037,"bolussnooze":0,"activity":6.0E-4,"lastBolusTime":0,"time":"2023-12-23T19:37:00.000Z","iobWithZeroTemp":{"iob":-0.582,"basaliob":-0.582,"bolussnooze":0,"activity":-0.0047,"lastBolusTime":0,"time":"2023-12-23T19:37:00.000Z"}},{"iob":0.034,"basaliob":0.034,"bolussnooze":0,"activity":6.0E-4,"lastBolusTime":0,"time":"2023-12-23T19:42:00.000Z","iobWithZeroTemp":{"iob":-0.591,"basaliob":-0.591,"bolussnooze":0,"activity":-0.0048,"lastBolusTime":0,"time":"2023-12-23T19:42:00.000Z"}},{"iob":0.032,"basaliob":0.032,"bolussnooze":0,"activity":5.0E-4,"lastBolusTime":0,"time":"2023-12-23T19:47:00.000Z","iobWithZeroTemp":{"iob":-0.6,"basaliob":-0.6,"bolussnooze":0,"activity":-0.005,"lastBolusTime":0,"time":"2023-12-23T19:47:00.000Z"}},{"iob":0.029,"basaliob":0.029,"bolussnooze":0,"activity":5.0E-4,"lastBolusTime":0,"time":"2023-12-23T19:52:00.000Z","iobWithZeroTemp":{"iob":-0.609,"basaliob":-0.609,"bolussnooze":0,"activity":-0.005,"lastBolusTime":0,"time":"2023-12-23T19:52:00.000Z"}},{"iob":0.027,"basaliob":0.027,"bolussnooze":0,"activity":5.0E-4,"lastBolusTime":0,"time":"2023-12-23T19:57:00.000Z","iobWithZeroTemp":{"iob":-0.616,"basaliob":-0.616,"bolussnooze":0,"activity":-0.0051,"lastBolusTime":0,"time":"2023-12-23T19:57:00.000Z"}},{"iob":0.024,"basaliob":0.024,"bolussnooze":0,"activity":4.0E-4,"lastBolusTime":0,"time":"2023-12-23T20:02:00.000Z","iobWithZeroTemp":{"iob":-0.624,"basaliob":-0.624,"bolussnooze":0,"activity":-0.0053,"lastBolusTime":0,"time":"2023-12-23T20:02:00.000Z"}},{"iob":0.022,"basaliob":0.022,"bolussnooze":0,"activity":4.0E-4,"lastBolusTime":0,"time":"2023-12-23T20:07:00.000Z","iobWithZeroTemp":{"iob":-0.639,"basaliob":-0.639,"bolussnooze":0,"activity":-0.0054,"lastBolusTime":0,"time":"2023-12-23T20:07:00.000Z"}},{"iob":0.021,"basaliob":0.021,"bolussnooze":0,"activity":4.0E-4,"lastBolusTime":0,"time":"2023-12-23T20:12:00.000Z","iobWithZeroTemp":{"iob":-0.653,"basaliob":-0.653,"bolussnooze":0,"activity":-0.0055,"lastBolusTime":0,"time":"2023-12-23T20:12:00.000Z"}},{"iob":0.019,"basaliob":0.019,"bolussnooze":0,"activity":3.0E-4,"lastBolusTime":0,"time":"2023-12-23T20:17:00.000Z","iobWithZeroTemp":{"iob":-0.667,"basaliob":-0.667,"bolussnooze":0,"activity":-0.0057,"lastBolusTime":0,"time":"2023-12-23T20:17:00.000Z"}},{"iob":0.017,"basaliob":0.017,"bolussnooze":0,"activity":3.0E-4,"lastBolusTime":0,"time":"2023-12-23T20:22:00.000Z","iobWithZeroTemp":{"iob":-0.681,"basaliob":-0.681,"bolussnooze":0,"activity":-0.0057,"lastBolusTime":0,"time":"2023-12-23T20:22:00.000Z"}},{"iob":0.016,"basaliob":0.016,"bolussnooze":0,"activity":3.0E-4,"lastBolusTime":0,"time":"2023-12-23T20:27:00.000Z","iobWithZeroTemp":{"iob":-0.693,"basaliob":-0.693,"bolussnooze":0,"activity":-0.0058,"lastBolusTime":0,"time":"2023-12-23T20:27:00.000Z"}},{"iob":0.014,"basaliob":0.014,"bolussnooze":0,"activity":3.0E-4,"lastBolusTime":0,"time":"2023-12-23T20:32:00.000Z","iobWithZeroTemp":{"iob":-0.706,"basaliob":-0.706,"bolussnooze":0,"activity":-0.0059,"lastBolusTime":0,"time":"2023-12-23T20:32:00.000Z"}},{"iob":0.013,"basaliob":0.013,"bolussnooze":0,"activity":2.0E-4,"lastBolusTime":0,"time":"2023-12-23T20:37:00.000Z","iobWithZeroTemp":{"iob":-0.717,"basaliob":-0.717,"bolussnooze":0,"activity":-0.0061,"lastBolusTime":0,"time":"2023-12-23T20:37:00.000Z"}},{"iob":0.012,"basaliob":0.012,"bolussnooze":0,"activity":2.0E-4,"lastBolusTime":0,"time":"2023-12-23T20:42:00.000Z","iobWithZeroTemp":{"iob":-0.727,"basaliob":-0.727,"bolussnooze":0,"activity":-0.0062,"lastBolusTime":0,"time":"2023-12-23T20:42:00.000Z"}},{"iob":0.011,"basaliob":0.011,"bolussnooze":0,"activity":2.0E-4,"lastBolusTime":0,"time":"2023-12-23T20:47:00.000Z","iobWithZeroTemp":{"iob":-0.738,"basaliob":-0.738,"bolussnooze":0,"activity":-0.0063,"lastBolusTime":0,"time":"2023-12-23T20:47:00.000Z"}},{"iob":0.01,"basaliob":0.01,"bolussnooze":0,"activity":2.0E-4,"lastBolusTime":0,"time":"2023-12-23T20:52:00.000Z","iobWithZeroTemp":{"iob":-0.748,"basaliob":-0.748,"bolussnooze":0,"activity":-0.0064,"lastBolusTime":0,"time":"2023-12-23T20:52:00.000Z"}},{"iob":0.009,"basaliob":0.009,"bolussnooze":0,"activity":2.0E-4,"lastBolusTime":0,"time":"2023-12-23T20:57:00.000Z","iobWithZeroTemp":{"iob":-0.757,"basaliob":-0.757,"bolussnooze":0,"activity":-0.0065,"lastBolusTime":0,"time":"2023-12-23T20:57:00.000Z"}},{"iob":0.008,"basaliob":0.008,"bolussnooze":0,"activity":2.0E-4,"lastBolusTime":0,"time":"2023-12-23T21:02:00.000Z","iobWithZeroTemp":{"iob":-0.766,"basaliob":-0.766,"bolussnooze":0,"activity":-0.0066,"lastBolusTime":0,"time":"2023-12-23T21:02:00.000Z"}},{"iob":0.008,"basaliob":0.008,"bolussnooze":0,"activity":1.0E-4,"lastBolusTime":0,"time":"2023-12-23T21:07:00.000Z","iobWithZeroTemp":{"iob":-0.732,"basaliob":-0.732,"bolussnooze":0,"activity":-0.0068,"lastBolusTime":0,"time":"2023-12-23T21:07:00.000Z"}},{"iob":0.007,"basaliob":0.007,"bolussnooze":0,"activity":1.0E-4,"lastBolusTime":0,"time":"2023-12-23T21:12:00.000Z","iobWithZeroTemp":{"iob":-0.698,"basaliob":-0.698,"bolussnooze":0,"activity":-0.0068,"lastBolusTime":0,"time":"2023-12-23T21:12:00.000Z"}},{"iob":0.006,"basaliob":0.006,"bolussnooze":0,"activity":1.0E-4,"lastBolusTime":0,"time":"2023-12-23T21:17:00.000Z","iobWithZeroTemp":{"iob":-0.665,"basaliob":-0.665,"bolussnooze":0,"activity":-0.0067,"lastBolusTime":0,"time":"2023-12-23T21:17:00.000Z"}},{"iob":0.006,"basaliob":0.006,"bolussnooze":0,"activity":1.0E-4,"lastBolusTime":0,"time":"2023-12-23T21:22:00.000Z","iobWithZeroTemp":{"iob":-0.631,"basaliob":-0.631,"bolussnooze":0,"activity":-0.0066,"lastBolusTime":0,"time":"2023-12-23T21:22:00.000Z"}},{"iob":0.005,"basaliob":0.005,"bolussnooze":0,"activity":1.0E-4,"lastBolusTime":0,"time":"2023-12-23T21:27:00.000Z","iobWithZeroTemp":{"iob":-0.599,"basaliob":-0.599,"bolussnooze":0,"activity":-0.0065,"lastBolusTime":0,"time":"2023-12-23T21:27:00.000Z"}},{"iob":0.005,"basaliob":0.005,"bolussnooze":0,"activity":1.0E-4,"lastBolusTime":0,"time":"2023-12-23T21:32:00.000Z","iobWithZeroTemp":{"iob":-0.567,"basaliob":-0.567,"bolussnooze":0,"activity":-0.0063,"lastBolusTime":0,"time":"2023-12-23T21:32:00.000Z"}},{"iob":0.004,"basaliob":0.004,"bolussnooze":0,"activity":1.0E-4,"lastBolusTime":0,"time":"2023-12-23T21:37:00.000Z","iobWithZeroTemp":{"iob":-0.536,"basaliob":-0.536,"bolussnooze":0,"activity":-0.0061,"lastBolusTime":0,"time":"2023-12-23T21:37:00.000Z"}},{"iob":0.004,"basaliob":0.004,"bolussnooze":0,"activity":1.0E-4,"lastBolusTime":0,"time":"2023-12-23T21:42:00.000Z","iobWithZeroTemp":{"iob":-0.506,"basaliob":-0.506,"bolussnooze":0,"activity":-0.0059,"lastBolusTime":0,"time":"2023-12-23T21:42:00.000Z"}},{"iob":0.003,"basaliob":0.003,"bolussnooze":0,"activity":1.0E-4,"lastBolusTime":0,"time":"2023-12-23T21:47:00.000Z","iobWithZeroTemp":{"iob":-0.477,"basaliob":-0.477,"bolussnooze":0,"activity":-0.0057,"lastBolusTime":0,"time":"2023-12-23T21:47:00.000Z"}},{"iob":0.003,"basaliob":0.003,"bolussnooze":0,"activity":1.0E-4,"lastBolusTime":0,"time":"2023-12-23T21:52:00.000Z","iobWithZeroTemp":{"iob":-0.449,"basaliob":-0.449,"bolussnooze":0,"activity":-0.0055,"lastBolusTime":0,"time":"2023-12-23T21:52:00.000Z"}},{"iob":0.003,"basaliob":0.003,"bolussnooze":0,"activity":1.0E-4,"lastBolusTime":0,"time":"2023-12-23T21:57:00.000Z","iobWithZeroTemp":{"iob":-0.422,"basaliob":-0.422,"bolussnooze":0,"activity":-0.0052,"lastBolusTime":0,"time":"2023-12-23T21:57:00.000Z"}},{"iob":0.002,"basaliob":0.002,"bolussnooze":0,"activity":1.0E-4,"lastBolusTime":0,"time":"2023-12-23T22:02:00.000Z","iobWithZeroTemp":{"iob":-0.397,"basaliob":-0.397,"bolussnooze":0,"activity":-0.005,"lastBolusTime":0,"time":"2023-12-23T22:02:00.000Z"}},{"iob":0.002,"basaliob":0.002,"bolussnooze":0,"activity":0,"lastBolusTime":0,"time":"2023-12-23T22:07:00.000Z","iobWithZeroTemp":{"iob":-0.372,"basaliob":-0.372,"bolussnooze":0,"activity":-0.0049,"lastBolusTime":0,"time":"2023-12-23T22:07:00.000Z"}},{"iob":0.002,"basaliob":0.002,"bolussnooze":0,"activity":0,"lastBolusTime":0,"time":"2023-12-23T22:12:00.000Z","iobWithZeroTemp":{"iob":-0.348,"basaliob":-0.348,"bolussnooze":0,"activity":-0.0046,"lastBolusTime":0,"time":"2023-12-23T22:12:00.000Z"}},{"iob":0.002,"basaliob":0.002,"bolussnooze":0,"activity":0,"lastBolusTime":0,"time":"2023-12-23T22:17:00.000Z","iobWithZeroTemp":{"iob":-0.325,"basaliob":-0.325,"bolussnooze":0,"activity":-0.0044,"lastBolusTime":0,"time":"2023-12-23T22:17:00.000Z"}},{"iob":0.002,"basaliob":0.002,"bolussnooze":0,"activity":0,"lastBolusTime":0,"time":"2023-12-23T22:22:00.000Z","iobWithZeroTemp":{"iob":-0.304,"basaliob":-0.304,"bolussnooze":0,"activity":-0.0042,"lastBolusTime":0,"time":"2023-12-23T22:22:00.000Z"}},{"iob":0.001,"basaliob":0.001,"bolussnooze":0,"activity":0,"lastBolusTime":0,"time":"2023-12-23T22:27:00.000Z","iobWithZeroTemp":{"iob":-0.285,"basaliob":-0.285,"bolussnooze":0,"activity":-0.0039,"lastBolusTime":0,"time":"2023-12-23T22:27:00.000Z"}},{"iob":0.001,"basaliob":0.001,"bolussnooze":0,"activity":0,"lastBolusTime":0,"time":"2023-12-23T22:32:00.000Z","iobWithZeroTemp":{"iob":-0.266,"basaliob":-0.266,"bolussnooze":0,"activity":-0.0037,"lastBolusTime":0,"time":"2023-12-23T22:32:00.000Z"}},{"iob":0.001,"basaliob":0.001,"bolussnooze":0,"activity":0,"lastBolusTime":0,"time":"2023-12-23T22:37:00.000Z","iobWithZeroTemp":{"iob":-0.247,"basaliob":-0.247,"bolussnooze":0,"activity":-0.0035,"lastBolusTime":0,"time":"2023-12-23T22:37:00.000Z"}},{"iob":0.001,"basaliob":0.001,"bolussnooze":0,"activity":0,"lastBolusTime":0,"time":"2023-12-23T22:42:00.000Z","iobWithZeroTemp":{"iob":-0.23,"basaliob":-0.23,"bolussnooze":0,"activity":-0.0033,"lastBolusTime":0,"time":"2023-12-23T22:42:00.000Z"}},{"iob":0.001,"basaliob":0.001,"bolussnooze":0,"activity":0,"lastBolusTime":0,"time":"2023-12-23T22:47:00.000Z","iobWithZeroTemp":{"iob":-0.214,"basaliob":-0.214,"bolussnooze":0,"activity":-0.0031,"lastBolusTime":0,"time":"2023-12-23T22:47:00.000Z"}},{"iob":0.001,"basaliob":0.001,"bolussnooze":0,"activity":0,"lastBolusTime":0,"time":"2023-12-23T22:52:00.000Z","iobWithZeroTemp":{"iob":-0.199,"basaliob":-0.199,"bolussnooze":0,"activity":-0.0029,"lastBolusTime":0,"time":"2023-12-23T22:52:00.000Z"}},{"iob":0.001,"basaliob":0.001,"bolussnooze":0,"activity":0,"lastBolusTime":0,"time":"2023-12-23T22:57:00.000Z","iobWithZeroTemp":{"iob":-0.185,"basaliob":-0.185,"bolussnooze":0,"activity":-0.0028,"lastBolusTime":0,"time":"2023-12-23T22:57:00.000Z"}},{"iob":0.001,"basaliob":0.001,"bolussnooze":0,"activity":0,"lastBolusTime":0,"time":"2023-12-23T23:02:00.000Z","iobWithZeroTemp":{"iob":-0.171,"basaliob":-0.171,"bolussnooze":0,"activity":-0.0026,"lastBolusTime":0,"time":"2023-12-23T23:02:00.000Z"}},{"iob":0.001,"basaliob":0.001,"bolussnooze":0,"activity":0,"lastBolusTime":0,"time":"2023-12-23T23:07:00.000Z","iobWithZeroTemp":{"iob":-0.159,"basaliob":-0.159,"bolussnooze":0,"activity":-0.0024,"lastBolusTime":0,"time":"2023-12-23T23:07:00.000Z"}},{"iob":0,"basaliob":0,"bolussnooze":0,"activity":0,"lastBolusTime":0,"time":"2023-12-23T23:12:00.000Z","iobWithZeroTemp":{"iob":-0.148,"basaliob":-0.148,"bolussnooze":0,"activity":-0.0023,"lastBolusTime":0,"time":"2023-12-23T23:12:00.000Z"}},{"iob":0,"basaliob":0,"bolussnooze":0,"activity":0,"lastBolusTime":0,"time":"2023-12-23T23:17:00.000Z","iobWithZeroTemp":{"iob":-0.137,"basaliob":-0.137,"bolussnooze":0,"activity":-0.0021,"lastBolusTime":0,"time":"2023-12-23T23:17:00.000Z"}},{"iob":0,"basaliob":0,"bolussnooze":0,"activity":0,"lastBolusTime":0,"time":"2023-12-23T23:22:00.000Z","iobWithZeroTemp":{"iob":-0.127,"basaliob":-0.127,"bolussnooze":0,"activity":-0.002,"lastBolusTime":0,"time":"2023-12-23T23:22:00.000Z"}},{"iob":0,"basaliob":0,"bolussnooze":0,"activity":0,"lastBolusTime":0,"time":"2023-12-23T23:27:00.000Z","iobWithZeroTemp":{"iob":-0.117,"basaliob":-0.117,"bolussnooze":0,"activity":-0.0018,"lastBolusTime":0,"time":"2023-12-23T23:27:00.000Z"}},{"iob":0,"basaliob":0,"bolussnooze":0,"activity":0,"lastBolusTime":0,"time":"2023-12-23T23:32:00.000Z","iobWithZeroTemp":{"iob":-0.108,"basaliob":-0.108,"bolussnooze":0,"activity":-0.0017,"lastBolusTime":0,"time":"2023-12-23T23:32:00.000Z"}},{"iob":0,"basaliob":0,"bolussnooze":0,"activity":0,"lastBolusTime":0,"time":"2023-12-23T23:37:00.000Z","iobWithZeroTemp":{"iob":-0.1,"basaliob":-0.1,"bolussnooze":0,"activity":-0.0016,"lastBolusTime":0,"time":"2023-12-23T23:37:00.000Z"}},{"iob":0,"basaliob":0,"bolussnooze":0,"activity":0,"lastBolusTime":0,"time":"2023-12-23T23:42:00.000Z","iobWithZeroTemp":{"iob":-0.092,"basaliob":-0.092,"bolussnooze":0,"activity":-0.0015,"lastBolusTime":0,"time":"2023-12-23T23:42:00.000Z"}},{"iob":0,"basaliob":0,"bolussnooze":0,"activity":0,"lastBolusTime":0,"time":"2023-12-23T23:47:00.000Z","iobWithZeroTemp":{"iob":-0.085,"basaliob":-0.085,"bolussnooze":0,"activity":-0.0014,"lastBolusTime":0,"time":"2023-12-23T23:47:00.000Z"}},{"iob":0,"basaliob":0,"bolussnooze":0,"activity":0,"lastBolusTime":0,"time":"2023-12-23T23:52:00.000Z","iobWithZeroTemp":{"iob":-0.079,"basaliob":-0.079,"bolussnooze":0,"activity":-0.0013,"lastBolusTime":0,"time":"2023-12-23T23:52:00.000Z"}},{"iob":0,"basaliob":0,"bolussnooze":0,"activity":0,"lastBolusTime":0,"time":"2023-12-23T23:57:00.000Z","iobWithZeroTemp":{"iob":-0.072,"basaliob":-0.072,"bolussnooze":0,"activity":-0.0012,"lastBolusTime":0,"time":"2023-12-23T23:57:00.000Z"}},{"iob":0,"basaliob":0,"bolussnooze":0,"activity":0,"lastBolusTime":0,"time":"2023-12-24T00:02:00.000Z","iobWithZeroTemp":{"iob":-0.066,"basaliob":-0.066,"bolussnooze":0,"activity":-0.0011,"lastBolusTime":0,"time":"2023-12-24T00:02:00.000Z"}},{"iob":0,"basaliob":0,"bolussnooze":0,"activity":0,"lastBolusTime":0,"time":"2023-12-24T00:07:00.000Z","iobWithZeroTemp":{"iob":-0.061,"basaliob":-0.061,"bolussnooze":0,"activity":-0.001,"lastBolusTime":0,"time":"2023-12-24T00:07:00.000Z"}},{"iob":0,"basaliob":0,"bolussnooze":0,"activity":0,"lastBolusTime":0,"time":"2023-12-24T00:12:00.000Z","iobWithZeroTemp":{"iob":-0.056,"basaliob":-0.056,"bolussnooze":0,"activity":-0.001,"lastBolusTime":0,"time":"2023-12-24T00:12:00.000Z"}},{"iob":0,"basaliob":0,"bolussnooze":0,"activity":0,"lastBolusTime":0,"time":"2023-12-24T00:17:00.000Z","iobWithZeroTemp":{"iob":-0.052,"basaliob":-0.052,"bolussnooze":0,"activity":-9.0E-4,"lastBolusTime":0,"time":"2023-12-24T00:17:00.000Z"}},{"iob":0,"basaliob":0,"bolussnooze":0,"activity":0,"lastBolusTime":0,"time":"2023-12-24T00:22:00.000Z","iobWithZeroTemp":{"iob":-0.047,"basaliob":-0.047,"bolussnooze":0,"activity":-8.0E-4,"lastBolusTime":0,"time":"2023-12-24T00:22:00.000Z"}},{"iob":0,"basaliob":0,"bolussnooze":0,"activity":0,"lastBolusTime":0,"time":"2023-12-24T00:27:00.000Z","iobWithZeroTemp":{"iob":-0.043,"basaliob":-0.043,"bolussnooze":0,"activity":-8.0E-4,"lastBolusTime":0,"time":"2023-12-24T00:27:00.000Z"}},{"iob":0,"basaliob":0,"bolussnooze":0,"activity":0,"lastBolusTime":0,"time":"2023-12-24T00:32:00.000Z","iobWithZeroTemp":{"iob":-0.04,"basaliob":-0.04,"bolussnooze":0,"activity":-7.0E-4,"lastBolusTime":0,"time":"2023-12-24T00:32:00.000Z"}},{"iob":0,"basaliob":0,"bolussnooze":0,"activity":0,"lastBolusTime":0,"time":"2023-12-24T00:37:00.000Z","iobWithZeroTemp":{"iob":-0.036,"basaliob":-0.036,"bolussnooze":0,"activity":-6.0E-4,"lastBolusTime":0,"time":"2023-12-24T00:37:00.000Z"}},{"iob":0,"basaliob":0,"bolussnooze":0,"activity":0,"lastBolusTime":0,"time":"2023-12-24T00:42:00.000Z","iobWithZeroTemp":{"iob":-0.033,"basaliob":-0.033,"bolussnooze":0,"activity":-6.0E-4,"lastBolusTime":0,"time":"2023-12-24T00:42:00.000Z"}},{"iob":0,"basaliob":0,"bolussnooze":0,"activity":0,"lastBolusTime":0,"time":"2023-12-24T00:47:00.000Z","iobWithZeroTemp":{"iob":-0.03,"basaliob":-0.03,"bolussnooze":0,"activity":-5.0E-4,"lastBolusTime":0,"time":"2023-12-24T00:47:00.000Z"}},{"iob":0,"basaliob":0,"bolussnooze":0,"activity":0,"lastBolusTime":0,"time":"2023-12-24T00:52:00.000Z","iobWithZeroTemp":{"iob":-0.028,"basaliob":-0.028,"bolussnooze":0,"activity":-5.0E-4,"lastBolusTime":0,"time":"2023-12-24T00:52:00.000Z"}},{"iob":0,"basaliob":0,"bolussnooze":0,"activity":0,"lastBolusTime":0,"time":"2023-12-24T00:57:00.000Z","iobWithZeroTemp":{"iob":-0.025,"basaliob":-0.025,"bolussnooze":0,"activity":-5.0E-4,"lastBolusTime":0,"time":"2023-12-24T00:57:00.000Z"}},{"iob":0,"basaliob":0,"bolussnooze":0,"activity":0,"lastBolusTime":0,"time":"2023-12-24T01:02:00.000Z","iobWithZeroTemp":{"iob":-0.023,"basaliob":-0.023,"bolussnooze":0,"activity":-4.0E-4,"lastBolusTime":0,"time":"2023-12-24T01:02:00.000Z"}},{"iob":0,"basaliob":0,"bolussnooze":0,"activity":0,"lastBolusTime":0,"time":"2023-12-24T01:07:00.000Z","iobWithZeroTemp":{"iob":-0.021,"basaliob":-0.021,"bolussnooze":0,"activity":-4.0E-4,"lastBolusTime":0,"time":"2023-12-24T01:07:00.000Z"}},{"iob":0,"basaliob":0,"bolussnooze":0,"activity":0,"lastBolusTime":0,"time":"2023-12-24T01:12:00.000Z","iobWithZeroTemp":{"iob":-0.019,"basaliob":-0.019,"bolussnooze":0,"activity":-4.0E-4,"lastBolusTime":0,"time":"2023-12-24T01:12:00.000Z"}},{"iob":0,"basaliob":0,"bolussnooze":0,"activity":0,"lastBolusTime":0,"time":"2023-12-24T01:17:00.000Z","iobWithZeroTemp":{"iob":-0.017,"basaliob":-0.017,"bolussnooze":0,"activity":-3.0E-4,"lastBolusTime":0,"time":"2023-12-24T01:17:00.000Z"}},{"iob":0,"basaliob":0,"bolussnooze":0,"activity":0,"lastBolusTime":0,"time":"2023-12-24T01:22:00.000Z","iobWithZeroTemp":{"iob":-0.016,"basaliob":-0.016,"bolussnooze":0,"activity":-3.0E-4,"lastBolusTime":0,"time":"2023-12-24T01:22:00.000Z"}},{"iob":0,"basaliob":0,"bolussnooze":0,"activity":0,"lastBolusTime":0,"time":"2023-12-24T01:27:00.000Z","iobWithZeroTemp":{"iob":-0.014,"basaliob":-0.014,"bolussnooze":0,"activity":-3.0E-4,"lastBolusTime":0,"time":"2023-12-24T01:27:00.000Z"}},{"iob":0,"basaliob":0,"bolussnooze":0,"activity":0,"lastBolusTime":0,"time":"2023-12-24T01:32:00.000Z","iobWithZeroTemp":{"iob":-0.013,"basaliob":-0.013,"bolussnooze":0,"activity":-3.0E-4,"lastBolusTime":0,"time":"2023-12-24T01:32:00.000Z"}},{"iob":0,"basaliob":0,"bolussnooze":0,"activity":0,"lastBolusTime":0,"time":"2023-12-24T01:37:00.000Z","iobWithZeroTemp":{"iob":-0.012,"basaliob":-0.012,"bolussnooze":0,"activity":-2.0E-4,"lastBolusTime":0,"time":"2023-12-24T01:37:00.000Z"}},{"iob":0,"basaliob":0,"bolussnooze":0,"activity":0,"lastBolusTime":0,"time":"2023-12-24T01:42:00.000Z","iobWithZeroTemp":{"iob":-0.011,"basaliob":-0.011,"bolussnooze":0,"activity":-2.0E-4,"lastBolusTime":0,"time":"2023-12-24T01:42:00.000Z"}},{"iob":0,"basaliob":0,"bolussnooze":0,"activity":0,"lastBolusTime":0,"time":"2023-12-24T01:47:00.000Z","iobWithZeroTemp":{"iob":-0.01,"basaliob":-0.01,"bolussnooze":0,"activity":-2.0E-4,"lastBolusTime":0,"time":"2023-12-24T01:47:00.000Z"}},{"iob":0,"basaliob":0,"bolussnooze":0,"activity":0,"lastBolusTime":0,"time":"2023-12-24T01:52:00.000Z","iobWithZeroTemp":{"iob":-0.009,"basaliob":-0.009,"bolussnooze":0,"activity":-2.0E-4,"lastBolusTime":0,"time":"2023-12-24T01:52:00.000Z"}},{"iob":0,"basaliob":0,"bolussnooze":0,"activity":0,"lastBolusTime":0,"time":"2023-12-24T01:57:00.000Z","iobWithZeroTemp":{"iob":-0.008,"basaliob":-0.008,"bolussnooze":0,"activity":-2.0E-4,"lastBolusTime":0,"time":"2023-12-24T01:57:00.000Z"}},{"iob":0,"basaliob":0,"bolussnooze":0,"activity":0,"lastBolusTime":0,"time":"2023-12-24T02:02:00.000Z","iobWithZeroTemp":{"iob":-0.007,"basaliob":-0.007,"bolussnooze":0,"activity":-1.0E-4,"lastBolusTime":0,"time":"2023-12-24T02:02:00.000Z"}},{"iob":0,"basaliob":0,"bolussnooze":0,"activity":0,"lastBolusTime":0,"time":"2023-12-24T02:07:00.000Z","iobWithZeroTemp":{"iob":-0.006,"basaliob":-0.006,"bolussnooze":0,"activity":-1.0E-4,"lastBolusTime":0,"time":"2023-12-24T02:07:00.000Z"}},{"iob":0,"basaliob":0,"bolussnooze":0,"activity":0,"lastBolusTime":0,"time":"2023-12-24T02:12:00.000Z","iobWithZeroTemp":{"iob":-0.006,"basaliob":-0.006,"bolussnooze":0,"activity":-1.0E-4,"lastBolusTime":0,"time":"2023-12-24T02:12:00.000Z"}},{"iob":0,"basaliob":0,"bolussnooze":0,"activity":0,"lastBolusTime":0,"time":"2023-12-24T02:17:00.000Z","iobWithZeroTemp":{"iob":-0.005,"basaliob":-0.005,"bolussnooze":0,"activity":-1.0E-4,"lastBolusTime":0,"time":"2023-12-24T02:17:00.000Z"}},{"iob":0,"basaliob":0,"bolussnooze":0,"activity":0,"lastBolusTime":0,"time":"2023-12-24T02:22:00.000Z","iobWithZeroTemp":{"iob":-0.005,"basaliob":-0.005,"bolussnooze":0,"activity":-1.0E-4,"lastBolusTime":0,"time":"2023-12-24T02:22:00.000Z"}},{"iob":0,"basaliob":0,"bolussnooze":0,"activity":0,"lastBolusTime":0,"time":"2023-12-24T02:27:00.000Z","iobWithZeroTemp":{"iob":-0.004,"basaliob":-0.004,"bolussnooze":0,"activity":-1.0E-4,"lastBolusTime":0,"time":"2023-12-24T02:27:00.000Z"}}],"profile":{"max_iob":1.5,"dia":3,"type":"current","max_daily_basal":0.5,"max_basal":1.5,"min_bg":90,"max_bg":90,"target_bg":90,"carb_ratio":20,"sens":117,"max_daily_safety_multiplier":3,"current_basal_safety_multiplier":4,"skip_neutral_temps":true,"current_basal":0.4,"temptargetSet":false,"autosens_adjust_targets":true,"min_5m_carbimpact":5.5,"out_units":"mmol\/L"},"autosens_data":{"ratio":1.03},"meal_data":{"carbs":0,"mealCOB":0}},"output":{"temp":"absolute","bg":161,"tick":"+8","eventualBG":172,"snoozeBG":172,"predBGs":{"IOB":[161,166,171,175,179,182,184,186,187,187,187,187,185,184,183,182,181,180,179,178,178,177,176,176,175,174,174,173,173,172,172,172,171,171,171,170,170,170,170,169,169,169,169,169,169,168,168,168,168,168,168,168,168,168,168,168,168,168,168,167]},"COB":0,"IOB":0.313,"reason":"COB: 0, Dev: 47, BGI: -1.76, ISF: 6.3, Target: 4.9; Autosens: 1.03; Eventual BG 9.6 >= 4.9, adj. req. rate: 1.87 to maxSafeBasal: 1.5, no temp, setting 1.5U\/hr","duration":30,"rate":1.5,"timestamp":"2023-12-23T17:01:06.827Z"}}