{"algorithm":"OpenAPSAMAPlugin","input":{"glucoseStatus":{"glucose":195,"delta":6.33,"short_avgdelta":7.19,"long_avgdelta":11.13},"currenttemp":{"temp":"absolute","duration":5,"rate":1.2,"minutesrunning":25},"iob_data":[{"iob":0.337,"basaliob":0.337,"bolussnooze":0,"activity":0.001,"lastBolusTime":1703198619642,"time":"2023-12-22T07:22:00.000Z","iobWithZeroTemp":{"iob":0.337,"basaliob":0.337,"bolussnooze":0,"activity":0.001,"lastBolusTime":1703198619642,"time":"2023-12-22T07:22:00.000Z"}},{"iob":0.331,"basaliob":0.331,"bolussnooze":0,"activity":0.0014,"lastBolusTime":1703198619642,"time":"2023-12-22T07:27:00.000Z","iobWithZeroTemp":{"iob":0.306,"basaliob":0.306,"bolussnooze":0,"activity":0.0014,"lastBolusTime":1703198619642,"time":"2023-12-22T07:27:00.000Z"}},{"iob":0.323,"basaliob":0.323,"bolussnooze":0,"activity":0.0017,"lastBolusTime":1703198619642,"time":"2023-12-22T07:32:00.000Z","iobWithZeroTemp":{"iob":0.273,"basaliob":0.273,"bolussnooze":0,"activity":0.0016,"lastBolusTime":1703198619642,"time":"2023-12-22T07:32:00.000Z"}},{"iob":0.314,"basaliob":0.314,"bolussnooze":0,"activity":0.0019,"lastBolusTime":1703198619642,"time":"2023-12-22T07:37:00.000Z","iobWithZeroTemp":{"iob":0.24,"basaliob":0.24,"bolussnooze":0,"activity":0.0017,"lastBolusTime":1703198619642,"time":"2023-12-22T07:37:00.000Z"}},{"iob":0.304,"basaliob":0.304,"bolussnooze":0,"activity":0.002,"lastBolusTime":1703198619642,"time":"2023-12-22T07:42:00.000Z","iobWithZeroTemp":{"iob":0.206,"basaliob":0.206,"bolussnooze":0,"activity":0.0017,"lastBolusTime":1703198619642,"time":"2023-12-22T07:42:00.000Z"}},{"iob":0.294,"basaliob":0.294,"bolussnooze":0,"activity":0.0022,"lastBolusTime":0,"time":"2023-12-22T07:47:00.000Z","iobWithZeroTemp":{"iob":0.172,"basaliob":0.172,"bolussnooze":0,"activity":0.0018,"lastBolusTime":0,"time":"2023-12-22T07:47:00.000Z"}},{"iob":0.283,"basaliob":0.283,"bolussnooze":0,"activity":0.0023,"lastBolusTime":0,"time":"2023-12-22T07:52:00.000Z","iobWithZeroTemp":{"iob":0.139,"basaliob":0.139,"bolussnooze":0,"activity":0.0018,"lastBolusTime":0,"time":"2023-12-22T07:52:00.000Z"}},{"iob":0.271,"basaliob":0.271,"bolussnooze":0,"activity":0.0023,"lastBolusTime":0,"time":"2023-12-22T07:57:00.000Z","iobWithZeroTemp":{"iob":0.105,"basaliob":0.105,"bolussnooze":0,"activity":0.0016,"lastBolusTime":0,"time":"2023-12-22T07:57:00.000Z"}},{"iob":0.26,"basaliob":0.26,"bolussnooze":0,"activity":0.0023,"lastBolusTime":0,"time":"2023-12-22T08:02:00.000Z","iobWithZeroTemp":{"iob":0.073,"basaliob":0.073,"bolussnooze":0,"activity":0.0015,"lastBolusTime":0,"time":"2023-12-22T08:02:00.000Z"}},{"iob":0.248,"basaliob":0.248,"bolussnooze":0,"activity":0.0024,"lastBolusTime":0,"time":"2023-12-22T08:07:00.000Z","iobWithZeroTemp":{"iob":0.04,"basaliob":0.04,"bolussnooze":0,"activity":0.0014,"lastBolusTime":0,"time":"2023-12-22T08:07:00.000Z"}},{"iob":0.236,"basaliob":0.236,"bolussnooze":0,"activity":0.0023,"lastBolusTime":0,"time":"2023-12-22T08:12:00.000Z","iobWithZeroTemp":{"iob":0.009,"basaliob":0.009,"bolussnooze":0,"activity":0.0011,"lastBolusTime":0,"time":"2023-12-22T08:12:00.000Z"}},{"iob":0.224,"basaliob":0.224,"bolussnooze":0,"activity":0.0023,"lastBolusTime":0,"time":"2023-12-22T08:17:00.000Z","iobWithZeroTemp":{"iob":-0.022,"basaliob":-0.022,"bolussnooze":0,"activity":9.0E-4,"lastBolusTime":0,"time":"2023-12-22T08:17:00.000Z"}},{"iob":0.213,"basaliob":0.213,"bolussnooze":0,"activity":0.0023,"lastBolusTime":0,"time":"2023-12-22T08:22:00.000Z","iobWithZeroTemp":{"iob":-0.051,"basaliob":-0.051,"bolussnooze":0,"activity":8.0E-4,"lastBolusTime":0,"time":"2023-12-22T08:22:00.000Z"}},{"iob":0.202,"basaliob":0.202,"bolussnooze":0,"activity":0.0022,"lastBolusTime":0,"time":"2023-12-22T08:27:00.000Z","iobWithZeroTemp":{"iob":-0.079,"basaliob":-0.079,"bolussnooze":0,"activity":5.0E-4,"lastBolusTime":0,"time":"2023-12-22T08:27:00.000Z"}},{"iob":0.191,"basaliob":0.191,"bolussnooze":0,"activity":0.0022,"lastBolusTime":0,"time":"2023-12-22T08:32:00.000Z","iobWithZeroTemp":{"iob":-0.106,"basaliob":-0.106,"bolussnooze":0,"activity":3.0E-4,"lastBolusTime":0,"time":"2023-12-22T08:32:00.000Z"}},{"iob":0.18,"basaliob":0.18,"bolussnooze":0,"activity":0.0021,"lastBolusTime":0,"time":"2023-12-22T08:37:00.000Z","iobWithZeroTemp":{"iob":-0.132,"basaliob":-0.132,"bolussnooze":0,"activity":1.0E-4,"lastBolusTime":0,"time":"2023-12-22T08:37:00.000Z"}},{"iob":0.17,"basaliob":0.17,"bolussnooze":0,"activity":0.002,"lastBolusTime":0,"time":"2023-12-22T08:42:00.000Z","iobWithZeroTemp":{"iob":-0.157,"basaliob":-0.157,"bolussnooze":0,"activity":-2.0E-4,"lastBolusTime":0,"time":"2023-12-22T08:42:00.000Z"}},{"iob":0.16,"basaliob":0.16,"bolussnooze":0,"activity":0.0019,"lastBolusTime":0,"time":"2023-12-22T08:47:00.000Z","iobWithZeroTemp":{"iob":-0.18,"basaliob":-0.18,"bolussnooze":0,"activity":-4.0E-4,"lastBolusTime":0,"time":"2023-12-22T08:47:00.000Z"}},{"iob":0.15,"basaliob":0.15,"bolussnooze":0,"activity":0.0019,"lastBolusTime":0,"time":"2023-12-22T08:52:00.000Z","iobWithZeroTemp":{"iob":-0.203,"basaliob":-0.203,"bolussnooze":0,"activity":-6.0E-4,"lastBolusTime":0,"time":"2023-12-22T08:52:00.000Z"}},{"iob":0.141,"basaliob":0.141,"bolussnooze":0,"activity":0.0018,"lastBolusTime":0,"time":"2023-12-22T08:57:00.000Z","iobWithZeroTemp":{"iob":-0.224,"basaliob":-0.224,"bolussnooze":0,"activity":-8.0E-4,"lastBolusTime":0,"time":"2023-12-22T08:57:00.000Z"}},{"iob":0.133,"basaliob":0.133,"bolussnooze":0,"activity":0.0017,"lastBolusTime":0,"time":"2023-12-22T09:02:00.000Z","iobWithZeroTemp":{"iob":-0.244,"basaliob":-0.244,"bolussnooze":0,"activity":-0.0011,"lastBolusTime":0,"time":"2023-12-22T09:02:00.000Z"}},{"iob":0.124,"basaliob":0.124,"bolussnooze":0,"activity":0.0016,"lastBolusTime":0,"time":"2023-12-22T09:07:00.000Z","iobWithZeroTemp":{"iob":-0.264,"basaliob":-0.264,"bolussnooze":0,"activity":-0.0013,"lastBolusTime":0,"time":"2023-12-22T09:07:00.000Z"}},{"iob":0.116,"basaliob":0.116,"bolussnooze":0,"activity":0.0015,"lastBolusTime":0,"time":"2023-12-22T09:12:00.000Z","iobWithZeroTemp":{"iob":-0.282,"basaliob":-0.282,"bolussnooze":0,"activity":-0.0015,"lastBolusTime":0,"time":"2023-12-22T09:12:00.000Z"}},{"iob":0.109,"basaliob":0.109,"bolussnooze":0,"activity":0.0015,"lastBolusTime":0,"time":"2023-12-22T09:17:00.000Z","iobWithZeroTemp":{"iob":-0.298,"basaliob":-0.298,"bolussnooze":0,"activity":-0.0017,"lastBolusTime":0,"time":"2023-12-22T09:17:00.000Z"}},{"iob":0.102,"basaliob":0.102,"bolussnooze":0,"activity":0.0014,"lastBolusTime":0,"time":"2023-12-22T09:22:00.000Z","iobWithZeroTemp":{"iob":-0.314,"basaliob":-0.314,"bolussnooze":0,"activity":-0.0019,"lastBolusTime":0,"time":"2023-12-22T09:22:00.000Z"}},{"iob":0.095,"basaliob":0.095,"bolussnooze":0,"activity":0.0013,"lastBolusTime":0,"time":"2023-12-22T09:27:00.000Z","iobWithZeroTemp":{"iob":-0.329,"basaliob":-0.329,"bolussnooze":0,"activity":-0.0021,"lastBolusTime":0,"time":"2023-12-22T09:27:00.000Z"}},{"iob":0.089,"basaliob":0.089,"bolussnooze":0,"activity":0.0012,"lastBolusTime":0,"time":"2023-12-22T09:32:00.000Z","iobWithZeroTemp":{"iob":-0.343,"basaliob":-0.343,"bolussnooze":0,"activity":-0.0023,"lastBolusTime":0,"time":"2023-12-22T09:32:00.000Z"}},{"iob":0.083,"basaliob":0.083,"bolussnooze":0,"activity":0.0012,"lastBolusTime":0,"time":"2023-12-22T09:37:00.000Z","iobWithZeroTemp":{"iob":-0.356,"basaliob":-0.356,"bolussnooze":0,"activity":-0.0024,"lastBolusTime":0,"time":"2023-12-22T09:37:00.000Z"}},{"iob":0.077,"basaliob":0.077,"bolussnooze":0,"activity":0.0011,"lastBolusTime":0,"time":"2023-12-22T09:42:00.000Z","iobWithZeroTemp":{"iob":-0.369,"basaliob":-0.369,"bolussnooze":0,"activity":-0.0026,"lastBolusTime":0,"time":"2023-12-22T09:42:00.000Z"}},{"iob":0.071,"basaliob":0.071,"bolussnooze":0,"activity":0.001,"lastBolusTime":0,"time":"2023-12-22T09:47:00.000Z","iobWithZeroTemp":{"iob":-0.381,"basaliob":-0.381,"bolussnooze":0,"activity":-0.0028,"lastBolusTime":0,"time":"2023-12-22T09:47:00.000Z"}},{"iob":0.066,"basaliob":0.066,"bolussnooze":0,"activity":0.001,"lastBolusTime":0,"time":"2023-12-22T09:52:00.000Z","iobWithZeroTemp":{"iob":-0.392,"basaliob":-0.392,"bolussnooze":0,"activity":-0.0029,"lastBolusTime":0,"time":"2023-12-22T09:52:00.000Z"}},{"iob":0.062,"basaliob":0.062,"bolussnooze":0,"activity":9.0E-4,"lastBolusTime":0,"time":"2023-12-22T09:57:00.000Z","iobWithZeroTemp":{"iob":-0.402,"basaliob":-0.402,"bolussnooze":0,"activity":-0.003,"lastBolusTime":0,"time":"2023-12-22T09:57:00.000Z"}},{"iob":0.057,"basaliob":0.057,"bolussnooze":0,"activity":9.0E-4,"lastBolusTime":0,"time":"2023-12-22T10:02:00.000Z","iobWithZeroTemp":{"iob":-0.412,"basaliob":-0.412,"bolussnooze":0,"activity":-0.0031,"lastBolusTime":0,"time":"2023-12-22T10:02:00.000Z"}},{"iob":0.053,"basaliob":0.053,"bolussnooze":0,"activity":8.0E-4,"lastBolusTime":0,"time":"2023-12-22T10:07:00.000Z","iobWithZeroTemp":{"iob":-0.421,"basaliob":-0.421,"bolussnooze":0,"activity":-0.0033,"lastBolusTime":0,"time":"2023-12-22T10:07:00.000Z"}},{"iob":0.049,"basaliob":0.049,"bolussnooze":0,"activity":8.0E-4,"lastBolusTime":0,"time":"2023-12-22T10:12:00.000Z","iobWithZeroTemp":{"iob":-0.429,"basaliob":-0.429,"bolussnooze":0,"activity":-0.0034,"lastBolusTime":0,"time":"2023-12-22T10:12:00.000Z"}},{"iob":0.046,"basaliob":0.046,"bolussnooze":0,"activity":7.0E-4,"lastBolusTime":0,"time":"2023-12-22T10:17:00.000Z","iobWithZeroTemp":{"iob":-0.436,"basaliob":-0.436,"bolussnooze":0,"activity":-0.0035,"lastBolusTime":0,"time":"2023-12-22T10:17:00.000Z"}},{"iob":0.042,"basaliob":0.042,"bolussnooze":0,"activity":7.0E-4,"lastBolusTime":0,"time":"2023-12-22T10:22:00.000Z","iobWithZeroTemp":{"iob":-0.444,"basaliob":-0.444,"bolussnooze":0,"activity":-0.0036,"lastBolusTime":0,"time":"2023-12-22T10:22:00.000Z"}},{"iob":0.039,"basaliob":0.039,"bolussnooze":0,"activity":6.0E-4,"lastBolusTime":0,"time":"2023-12-22T10:27:00.000Z","iobWithZeroTemp":{"iob":-0.45,"basaliob":-0.45,"bolussnooze":0,"activity":-0.0037,"lastBolusTime":0,"time":"2023-12-22T10:27:00.000Z"}},{"iob":0.036,"basaliob":0.036,"bolussnooze":0,"activity":6.0E-4,"lastBolusTime":0,"time":"2023-12-22T10:32:00.000Z","iobWithZeroTemp":{"iob":-0.457,"basaliob":-0.457,"bolussnooze":0,"activity":-0.0038,"lastBolusTime":0,"time":"2023-12-22T10:32:00.000Z"}},{"iob":0.033,"basaliob":0.033,"bolussnooze":0,"activity":5.0E-4,"lastBolusTime":0,"time":"2023-12-22T10:37:00.000Z","iobWithZeroTemp":{"iob":-0.463,"basaliob":-0.463,"bolussnooze":0,"activity":-0.0039,"lastBolusTime":0,"time":"2023-12-22T10:37:00.000Z"}},{"iob":0.031,"basaliob":0.031,"bolussnooze":0,"activity":5.0E-4,"lastBolusTime":0,"time":"2023-12-22T10:42:00.000Z","iobWithZeroTemp":{"iob":-0.467,"basaliob":-0.467,"bolussnooze":0,"activity":-0.004,"lastBolusTime":0,"time":"2023-12-22T10:42:00.000Z"}},{"iob":0.028,"basaliob":0.028,"bolussnooze":0,"activity":5.0E-4,"lastBolusTime":0,"time":"2023-12-22T10:47:00.000Z","iobWithZeroTemp":{"iob":-0.473,"basaliob":-0.473,"bolussnooze":0,"activity":-0.004,"lastBolusTime":0,"time":"2023-12-22T10:47:00.000Z"}},{"iob":0.026,"basaliob":0.026,"bolussnooze":0,"activity":4.0E-4,"lastBolusTime":0,"time":"2023-12-22T10:52:00.000Z","iobWithZeroTemp":{"iob":-0.477,"basaliob":-0.477,"bolussnooze":0,"activity":-0.0041,"lastBolusTime":0,"time":"2023-12-22T10:52:00.000Z"}},{"iob":0.024,"basaliob":0.024,"bolussnooze":0,"activity":4.0E-4,"lastBolusTime":0,"time":"2023-12-22T10:57:00.000Z","iobWithZeroTemp":{"iob":-0.482,"basaliob":-0.482,"bolussnooze":0,"activity":-0.0042,"lastBolusTime":0,"time":"2023-12-22T10:57:00.000Z"}},{"iob":0.022,"basaliob":0.022,"bolussnooze":0,"activity":4.0E-4,"lastBolusTime":0,"time":"2023-12-22T11:02:00.000Z","iobWithZeroTemp":{"iob":-0.486,"basaliob":-0.486,"bolussnooze":0,"activity":-0.0042,"lastBolusTime":0,"time":"2023-12-22T11:02:00.000Z"}},{"iob":0.02,"basaliob":0.02,"bolussnooze":0,"activity":3.0E-4,"lastBolusTime":0,"time":"2023-12-22T11:07:00.000Z","iobWithZeroTemp":{"iob":-0.489,"basaliob":-0.489,"bolussnooze":0,"activity":-0.0043,"lastBolusTime":0,"time":"2023-12-22T11:07:00.000Z"}},{"iob":0.019,"basaliob":0.019,"bolussnooze":0,"activity":3.0E-4,"lastBolusTime":0,"time":"2023-12-22T11:12:00.000Z","iobWithZeroTemp":{"iob":-0.492,"basaliob":-0.492,"bolussnooze":0,"activity":-0.0044,"lastBolusTime":0,"time":"2023-12-22T11:12:00.000Z"}},{"iob":0.017,"basaliob":0.017,"bolussnooze":0,"activity":3.0E-4,"lastBolusTime":0,"time":"2023-12-22T11:17:00.000Z","iobWithZeroTemp":{"iob":-0.496,"basaliob":-0.496,"bolussnooze":0,"activity":-0.0044,"lastBolusTime":0,"time":"2023-12-22T11:17:00.000Z"}},{"iob":0.016,"basaliob":0.016,"bolussnooze":0,"activity":3.0E-4,"lastBolusTime":0,"time":"2023-12-22T11:22:00.000Z","iobWithZeroTemp":{"iob":-0.498,"basaliob":-0.498,"bolussnooze":0,"activity":-0.0044,"lastBolusTime":0,"time":"2023-12-22T11:22:00.000Z"}},{"iob":0.014,"basaliob":0.014,"bolussnooze":0,"activity":3.0E-4,"lastBolusTime":0,"time":"2023-12-22T11:27:00.000Z","iobWithZeroTemp":{"iob":-0.477,"basaliob":-0.477,"bolussnooze":0,"activity":-0.0044,"lastBolusTime":0,"time":"2023-12-22T11:27:00.000Z"}},{"iob":0.013,"basaliob":0.013,"bolussnooze":0,"activity":2.0E-4,"lastBolusTime":0,"time":"2023-12-22T11:32:00.000Z","iobWithZeroTemp":{"iob":-0.454,"basaliob":-0.454,"bolussnooze":0,"activity":-0.0045,"lastBolusTime":0,"time":"2023-12-22T11:32:00.000Z"}},{"iob":0.012,"basaliob":0.012,"bolussnooze":0,"activity":2.0E-4,"lastBolusTime":0,"time":"2023-12-22T11:37:00.000Z","iobWithZeroTemp":{"iob":-0.432,"basaliob":-0.432,"bolussnooze":0,"activity":-0.0044,"lastBolusTime":0,"time":"2023-12-22T11:37:00.000Z"}},{"iob":0.011,"basaliob":0.011,"bolussnooze":0,"activity":2.0E-4,"lastBolusTime":0,"time":"2023-12-22T11:42:00.000Z","iobWithZeroTemp":{"iob":-0.41,"basaliob":-0.41,"bolussnooze":0,"activity":-0.0043,"lastBolusTime":0,"time":"2023-12-22T11:42:00.000Z"}},{"iob":0.01,"basaliob":0.01,"bolussnooze":0,"activity":2.0E-4,"lastBolusTime":0,"time":"2023-12-22T11:47:00.000Z","iobWithZeroTemp":{"iob":-0.388,"basaliob":-0.388,"bolussnooze":0,"activity":-0.0042,"lastBolusTime":0,"time":"2023-12-22T11:47:00.000Z"}},{"iob":0.009,"basaliob":0.009,"bolussnooze":0,"activity":2.0E-4,"lastBolusTime":0,"time":"2023-12-22T11:52:00.000Z","iobWithZeroTemp":{"iob":-0.367,"basaliob":-0.367,"bolussnooze":0,"activity":-0.0041,"lastBolusTime":0,"time":"2023-12-22T11:52:00.000Z"}},{"iob":0.008,"basaliob":0.008,"bolussnooze":0,"activity":2.0E-4,"lastBolusTime":0,"time":"2023-12-22T11:57:00.000Z","iobWithZeroTemp":{"iob":-0.347,"basaliob":-0.347,"bolussnooze":0,"activity":-0.004,"lastBolusTime":0,"time":"2023-12-22T11:57:00.000Z"}},{"iob":0.008,"basaliob":0.008,"bolussnooze":0,"activity":1.0E-4,"lastBolusTime":0,"time":"2023-12-22T12:02:00.000Z","iobWithZeroTemp":{"iob":-0.327,"basaliob":-0.327,"bolussnooze":0,"activity":-0.0039,"lastBolusTime":0,"time":"2023-12-22T12:02:00.000Z"}},{"iob":0.007,"basaliob":0.007,"bolussnooze":0,"activity":1.0E-4,"lastBolusTime":0,"time":"2023-12-22T12:07:00.000Z","iobWithZeroTemp":{"iob":-0.308,"basaliob":-0.308,"bolussnooze":0,"activity":-0.0038,"lastBolusTime":0,"time":"2023-12-22T12:07:00.000Z"}},{"iob":0.006,"basaliob":0.006,"bolussnooze":0,"activity":1.0E-4,"lastBolusTime":0,"time":"2023-12-22T12:12:00.000Z","iobWithZeroTemp":{"iob":-0.29,"basaliob":-0.29,"bolussnooze":0,"activity":-0.0036,"lastBolusTime":0,"time":"2023-12-22T12:12:00.000Z"}},{"iob":0.006,"basaliob":0.006,"bolussnooze":0,"activity":1.0E-4,"lastBolusTime":0,"time":"2023-12-22T12:17:00.000Z","iobWithZeroTemp":{"iob":-0.272,"basaliob":-0.272,"bolussnooze":0,"activity":-0.0034,"lastBolusTime":0,"time":"2023-12-22T12:17:00.000Z"}},{"iob":0.005,"basaliob":0.005,"bolussnooze":0,"activity":1.0E-4,"lastBolusTime":0,"time":"2023-12-22T12:22:00.000Z","iobWithZeroTemp":{"iob":-0.256,"basaliob":-0.256,"bolussnooze":0,"activity":-0.0033,"lastBolusTime":0,"time":"2023-12-22T12:22:00.000Z"}},{"iob":0.005,"basaliob":0.005,"bolussnooze":0,"activity":1.0E-4,"lastBolusTime":0,"time":"2023-12-22T12:27:00.000Z","iobWithZeroTemp":{"iob":-0.239,"basaliob":-0.239,"bolussnooze":0,"activity":-0.0031,"lastBolusTime":0,"time":"2023-12-22T12:27:00.000Z"}},{"iob":0.004,"basaliob":0.004,"bolussnooze":0,"activity":1.0E-4,"lastBolusTime":0,"time":"2023-12-22T12:32:00.000Z","iobWithZeroTemp":{"iob":-0.225,"basaliob":-0.225,"bolussnooze":0,"activity":-0.003,"lastBolusTime":0,"time":"2023-12-22T12:32:00.000Z"}},{"iob":0.004,"basaliob":0.004,"bolussnooze":0,"activity":1.0E-4,"lastBolusTime":0,"time":"2023-12-22T12:37:00.000Z","iobWithZeroTemp":{"iob":-0.21,"basaliob":-0.21,"bolussnooze":0,"activity":-0.0028,"lastBolusTime":0,"time":"2023-12-22T12:37:00.000Z"}},{"iob":0.004,"basaliob":0.004,"bolussnooze":0,"activity":1.0E-4,"lastBolusTime":0,"time":"2023-12-22T12:42:00.000Z","iobWithZeroTemp":{"iob":-0.195,"basaliob":-0.195,"bolussnooze":0,"activity":-0.0026,"lastBolusTime":0,"time":"2023-12-22T12:42:00.000Z"}},{"iob":0.003,"basaliob":0.003,"bolussnooze":0,"activity":1.0E-4,"lastBolusTime":0,"time":"2023-12-22T12:47:00.000Z","iobWithZeroTemp":{"iob":-0.183,"basaliob":-0.183,"bolussnooze":0,"activity":-0.0025,"lastBolusTime":0,"time":"2023-12-22T12:47:00.000Z"}},{"iob":0.003,"basaliob":0.003,"bolussnooze":0,"activity":1.0E-4,"lastBolusTime":0,"time":"2023-12-22T12:52:00.000Z","iobWithZeroTemp":{"iob":-0.17,"basaliob":-0.17,"bolussnooze":0,"activity":-0.0024,"lastBolusTime":0,"time":"2023-12-22T12:52:00.000Z"}},{"iob":0.003,"basaliob":0.003,"bolussnooze":0,"activity":1.0E-4,"lastBolusTime":0,"time":"2023-12-22T12:57:00.000Z","iobWithZeroTemp":{"iob":-0.159,"basaliob":-0.159,"bolussnooze":0,"activity":-0.0022,"lastBolusTime":0,"time":"2023-12-22T12:57:00.000Z"}},{"iob":0.002,"basaliob":0.002,"bolussnooze":0,"activity":0,"lastBolusTime":0,"time":"2023-12-22T13:02:00.000Z","iobWithZeroTemp":{"iob":-0.148,"basaliob":-0.148,"bolussnooze":0,"activity":-0.0022,"lastBolusTime":0,"time":"2023-12-22T13:02:00.000Z"}},{"iob":0.002,"basaliob":0.002,"bolussnooze":0,"activity":0,"lastBolusTime":0,"time":"2023-12-22T13:07:00.000Z","iobWithZeroTemp":{"iob":-0.138,"basaliob":-0.138,"bolussnooze":0,"activity":-0.002,"lastBolusTime":0,"time":"2023-12-22T13:07:00.000Z"}},{"iob":0.002,"basaliob":0.002,"bolussnooze":0,"activity":0,"lastBolusTime":0,"time":"2023-12-22T13:12:00.000Z","iobWithZeroTemp":{"iob":-0.128,"basaliob":-0.128,"bolussnooze":0,"activity":-0.0019,"lastBolusTime":0,"time":"2023-12-22T13:12:00.000Z"}},{"iob":0.002,"basaliob":0.002,"bolussnooze":0,"activity":0,"lastBolusTime":0,"time":"2023-12-22T13:17:00.000Z","iobWithZeroTemp":{"iob":-0.119,"basaliob":-0.119,"bolussnooze":0,"activity":-0.0018,"lastBolusTime":0,"time":"2023-12-22T13:17:00.000Z"}},{"iob":0.002,"basaliob":0.002,"bolussnooze":0,"activity":0,"lastBolusTime":0,"time":"2023-12-22T13:22:00.000Z","iobWithZeroTemp":{"iob":-0.11,"basaliob":-0.11,"bolussnooze":0,"activity":-0.0017,"lastBolusTime":0,"time":"2023-12-22T13:22:00.000Z"}},{"iob":0.001,"basaliob":0.001,"bolussnooze":0,"activity":0,"lastBolusTime":0,"time":"2023-12-22T13:27:00.000Z","iobWithZeroTemp":{"iob":-0.103,"basaliob":-0.103,"bolussnooze":0,"activity":-0.0016,"lastBolusTime":0,"time":"2023-12-22T13:27:00.000Z"}},{"iob":0.001,"basaliob":0.001,"bolussnooze":0,"activity":0,"lastBolusTime":0,"time":"2023-12-22T13:32:00.000Z","iobWithZeroTemp":{"iob":-0.095,"basaliob":-0.095,"bolussnooze":0,"activity":-0.0015,"lastBolusTime":0,"time":"2023-12-22T13:32:00.000Z"}},{"iob":0.001,"basaliob":0.001,"bolussnooze":0,"activity":0,"lastBolusTime":0,"time":"2023-12-22T13:37:00.000Z","iobWithZeroTemp":{"iob":-0.088,"basaliob":-0.088,"bolussnooze":0,"activity":-0.0014,"lastBolusTime":0,"time":"2023-12-22T13:37:00.000Z"}},{"iob":0.001,"basaliob":0.001,"bolussnooze":0,"activity":0,"lastBolusTime":0,"time":"2023-12-22T13:42:00.000Z","iobWithZeroTemp":{"iob":-0.081,"basaliob":-0.081,"bolussnooze":0,"activity":-0.0013,"lastBolusTime":0,"time":"2023-12-22T13:42:00.000Z"}},{"iob":0.001,"basaliob":0.001,"bolussnooze":0,"activity":0,"lastBolusTime":0,"time":"2023-12-22T13:47:00.000Z","iobWithZeroTemp":{"iob":-0.075,"basaliob":-0.075,"bolussnooze":0,"activity":-0.0012,"lastBolusTime":0,"time":"2023-12-22T13:47:00.000Z"}},{"iob":0.001,"basaliob":0.001,"bolussnooze":0,"activity":0,"lastBolusTime":0,"time":"2023-12-22T13:52:00.000Z","iobWithZeroTemp":{"iob":-0.069,"basaliob":-0.069,"bolussnooze":0,"activity":-0.0011,"lastBolusTime":0,"time":"2023-12-22T13:52:00.000Z"}},{"iob":0.001,"basaliob":0.001,"bolussnooze":0,"activity":0,"lastBolusTime":0,"time":"2023-12-22T13:57:00.000Z","iobWithZeroTemp":{"iob":-0.064,"basaliob":-0.064,"bolussnooze":0,"activity":-0.001,"lastBolusTime":0,"time":"2023-12-22T13:57:00.000Z"}},{"iob":0.001,"basaliob":0.001,"bolussnooze":0,"activity":0,"lastBolusTime":0,"time":"2023-12-22T14:02:00.000Z","iobWithZeroTemp":{"iob":-0.059,"basaliob":-0.059,"bolussnooze":0,"activity":-0.001,"lastBolusTime":0,"time":"2023-12-22T14:02:00.000Z"}},{"iob":0.001,"basaliob":0.001,"bolussnooze":0,"activity":0,"lastBolusTime":0,"time":"2023-12-22T14:07:00.000Z","iobWithZeroTemp":{"iob":-0.054,"basaliob":-0.054,"bolussnooze":0,"activity":-9.0E-4,"lastBolusTime":0,"time":"2023-12-22T14:07:00.000Z"}},{"iob":0,"basaliob":0,"bolussnooze":0,"activity":0,"lastBolusTime":0,"time":"2023-12-22T14:12:00.000Z","iobWithZeroTemp":{"iob":-0.051,"basaliob":-0.051,"bolussnooze":0,"activity":-8.0E-4,"lastBolusTime":0,"time":"2023-12-22T14:12:00.000Z"}},{"iob":0,"basaliob":0,"bolussnooze":0,"activity":0,"lastBolusTime":0,"time":"2023-12-22T14:17:00.000Z","iobWithZeroTemp":{"iob":-0.047,"basaliob":-0.047,"bolussnooze":0,"activity":-8.0E-4,"lastBolusTime":0,"time":"2023-12-22T14:17:00.000Z"}},{"iob":0,"basaliob":0,"bolussnooze":0,"activity":0,"lastBolusTime":0,"time":"2023-12-22T14:22:00.000Z","iobWithZeroTemp":{"iob":-0.043,"basaliob":-0.043,"bolussnooze":0,"activity":-7.0E-4,"lastBolusTime":0,"time":"2023-12-22T14:22:00.000Z"}},{"iob":0,"basaliob":0,"bolussnooze":0,"activity":0,"lastBolusTime":0,"time":"2023-12-22T14:27:00.000Z","iobWithZeroTemp":{"iob":-0.039,"basaliob":-0.039,"bolussnooze":0,"activity":-7.0E-4,"lastBolusTime":0,"time":"2023-12-22T14:27:00.000Z"}},{"iob":0,"basaliob":0,"bolussnooze":0,"activity":0,"lastBolusTime":0,"time":"2023-12-22T14:32:00.000Z","iobWithZeroTemp":{"iob":-0.036,"basaliob":-0.036,"bolussnooze":0,"activity":-6.0E-4,"lastBolusTime":0,"time":"2023-12-22T14:32:00.000Z"}},{"iob":0,"basaliob":0,"bolussnooze":0,"activity":0,"lastBolusTime":0,"time":"2023-12-22T14:37:00.000Z","iobWithZeroTemp":{"iob":-0.033,"basaliob":-0.033,"bolussnooze":0,"activity":-6.0E-4,"lastBolusTime":0,"time":"2023-12-22T14:37:00.000Z"}},{"iob":0,"basaliob":0,"bolussnooze":0,"activity":0,"lastBolusTime":0,"time":"2023-12-22T14:42:00.000Z","iobWithZeroTemp":{"iob":-0.03,"basaliob":-0.03,"bolussnooze":0,"activity":-5.0E-4,"lastBolusTime":0,"time":"2023-12-22T14:42:00.000Z"}},{"iob":0,"basaliob":0,"bolussnooze":0,"activity":0,"lastBolusTime":0,"time":"2023-12-22T14:47:00.000Z","iobWithZeroTemp":{"iob":-0.028,"basaliob":-0.028,"bolussnooze":0,"activity":-5.0E-4,"lastBolusTime":0,"time":"2023-12-22T14:47:00.000Z"}},{"iob":0,"basaliob":0,"bolussnooze":0,"activity":0,"lastBolusTime":0,"time":"2023-12-22T14:52:00.000Z","iobWithZeroTemp":{"iob":-0.025,"basaliob":-0.025,"bolussnooze":0,"activity":-5.0E-4,"lastBolusTime":0,"time":"2023-12-22T14:52:00.000Z"}},{"iob":0,"basaliob":0,"bolussnooze":0,"activity":0,"lastBolusTime":0,"time":"2023-12-22T14:57:00.000Z","iobWithZeroTemp":{"iob":-0.023,"basaliob":-0.023,"bolussnooze":0,"activity":-4.0E-4,"lastBolusTime":0,"time":"2023-12-22T14:57:00.000Z"}},{"iob":0,"basaliob":0,"bolussnooze":0,"activity":0,"lastBolusTime":0,"time":"2023-12-22T15:02:00.000Z","iobWithZeroTemp":{"iob":-0.021,"basaliob":-0.021,"bolussnooze":0,"activity":-4.0E-4,"lastBolusTime":0,"time":"2023-12-22T15:02:00.000Z"}},{"iob":0,"basaliob":0,"bolussnooze":0,"activity":0,"lastBolusTime":0,"time":"2023-12-22T15:07:00.000Z","iobWithZeroTemp":{"iob":-0.019,"basaliob":-0.019,"bolussnooze":0,"activity":-4.0E-4,"lastBolusTime":0,"time":"2023-12-22T15:07:00.000Z"}},{"iob":0,"basaliob":0,"bolussnooze":0,"activity":0,"lastBolusTime":0,"time":"2023-12-22T15:12:00.000Z","iobWithZeroTemp":{"iob":-0.018,"basaliob":-0.018,"bolussnooze":0,"activity":-3.0E-4,"lastBolusTime":0,"time":"2023-12-22T15:12:00.000Z"}},{"iob":0,"basaliob":0,"bolussnooze":0,"activity":0,"lastBolusTime":0,"time":"2023-12-22T15:17:00.000Z","iobWithZeroTemp":{"iob":-0.016,"basaliob":-0.016,"bolussnooze":0,"activity":-3.0E-4,"lastBolusTime":0,"time":"2023-12-22T15:17:00.000Z"}},{"iob":0,"basaliob":0,"bolussnooze":0,"activity":0,"lastBolusTime":0,"time":"2023-12-22T15:22:00.000Z","iobWithZeroTemp":{"iob":-0.015,"basaliob":-0.015,"bolussnooze":0,"activity":-3.0E-4,"lastBolusTime":0,"time":"2023-12-22T15:22:00.000Z"}},{"iob":0,"basaliob":0,"bolussnooze":0,"activity":0,"lastBolusTime":0,"time":"2023-12-22T15:27:00.000Z","iobWithZeroTemp":{"iob":-0.013,"basaliob":-0.013,"bolussnooze":0,"activity":-3.0E-4,"lastBolusTime":0,"time":"2023-12-22T15:27:00.000Z"}},{"iob":0,"basaliob":0,"bolussnooze":0,"activity":0,"lastBolusTime":0,"time":"2023-12-22T15:32:00.000Z","iobWithZeroTemp":{"iob":-0.012,"basaliob":-0.012,"bolussnooze":0,"activity":-2.0E-4,"lastBolusTime":0,"time":"2023-12-22T15:32:00.000Z"}},{"iob":0,"basaliob":0,"bolussnooze":0,"activity":0,"lastBolusTime":0,"time":"2023-12-22T15:37:00.000Z","iobWithZeroTemp":{"iob":-0.011,"basaliob":-0.011,"bolussnooze":0,"activity":-2.0E-4,"lastBolusTime":0,"time":"2023-12-22T15:37:00.000Z"}},{"iob":0,"basaliob":0,"bolussnooze":0,"activity":0,"lastBolusTime":0,"time":"2023-12-22T15:42:00.000Z","iobWithZeroTemp":{"iob":-0.01,"basaliob":-0.01,"bolussnooze":0,"activity":-2.0E-4,"lastBolusTime":0,"time":"2023-12-22T15:42:00.000Z"}},{"iob":0,"basaliob":0,"bolussnooze":0,"activity":0,"lastBolusTime":0,"time":"2023-12-22T15:47:00.000Z","iobWithZeroTemp":{"iob":-0.009,"basaliob":-0.009,"bolussnooze":0,"activity":-2.0E-4,"lastBolusTime":0,"time":"2023-12-22T15:47:00.000Z"}},{"iob":0,"basaliob":0,"bolussnooze":0,"activity":0,"lastBolusTime":0,"time":"2023-12-22T15:52:00.000Z","iobWithZeroTemp":{"iob":-0.008,"basaliob":-0.008,"bolussnooze":0,"activity":-2.0E-4,"lastBolusTime":0,"time":"2023-12-22T15:52:00.000Z"}},{"iob":0,"basaliob":0,"bolussnooze":0,"activity":0,"lastBolusTime":0,"time":"2023-12-22T15:57:00.000Z","iobWithZeroTemp":{"iob":-0.007,"basaliob":-0.007,"bolussnooze":0,"activity":-1.0E-4,"lastBolusTime":0,"time":"2023-12-22T15:57:00.000Z"}},{"iob":0,"basaliob":0,"bolussnooze":0,"activity":0,"lastBolusTime":0,"time":"2023-12-22T16:02:00.000Z","iobWithZeroTemp":{"iob":-0.007,"basaliob":-0.007,"bolussnooze":0,"activity":-1.0E-4,"lastBolusTime":0,"time":"2023-12-22T16:02:00.000Z"}},{"iob":0,"basaliob":0,"bolussnooze":0,"activity":0,"lastBolusTime":0,"time":"2023-12-22T16:07:00.000Z","iobWithZeroTemp":{"iob":-0.006,"basaliob":-0.006,"bolussnooze":0,"activity":-1.0E-4,"lastBolusTime":0,"time":"2023-12-22T16:07:00.000Z"}},{"iob":0,"basaliob":0,"bolussnooze":0,"activity":0,"lastBolusTime":0,"time":"2023-12-22T16:12:00.000Z","iobWithZeroTemp":{"iob":-0.005,"basaliob":-0.005,"bolussnooze":0,"activity":-1.0E-4,"lastBolusTime":0,"time":"2023-12-22T16:12:00.000Z"}},{"iob":0,"basaliob":0,"bolussnooze":0,"activity":0,"lastBolusTime":0,"time":"2023-12-22T16:17:00.000Z","iobWithZeroTemp":{"iob":-0.005,"basaliob":-0.005,"bolussnooze":0,"activity":-1.0E-4,"lastBolusTime":0,"time":"2023-12-22T16:17:00.000Z"}},{"iob":0,"basaliob":0,"bolussnooze":0,"activity":0,"lastBolusTime":0,"time":"2023-12-22T16:22:00.000Z","iobWithZeroTemp":{"iob":-0.004,"basaliob":-0.004,"bolussnooze":0,"activity":-1.0E-4,"lastBolusTime":0,"time":"2023-12-22T16:22:00.000Z"}},{"iob":0,"basaliob":0,"bolussnooze":0,"activity":0,"lastBolusTime":0,"time":"2023-12-22T16:27:00.000Z","iobWithZeroTemp":{"iob":-0.004,"basaliob":-0.004,"bolussnooze":0,"activity":-1.0E-4,"lastBolusTime":0,"time":"2023-12-22T16:27:00.000Z"}},{"iob":0,"basaliob":0,"bolussnooze":0,"activity":0,"lastBolusTime":0,"time":"2023-12-22T16:32:00.000Z","iobWithZeroTemp":{"iob":-0.004,"basaliob":-0.004,"bolussnooze":0,"activity":-1.0E-4,"lastBolusTime":0,"time":"2023-12-22T16:32:00.000Z"}},{"iob":0,"basaliob":0,"bolussnooze":0,"activity":0,"lastBolusTime":0,"time":"2023-12-22T16:37:00.000Z","iobWithZeroTemp":{"iob":-0.003,"basaliob":-0.003,"bolussnooze":0,"activity":-1.0E-4,"lastBolusTime":0,"time":"2023-12-22T16:37:00.000Z"}},{"iob":0,"basaliob":0,"bolussnooze":0,"activity":0,"lastBolusTime":0,"time":"2023-12-22T16:42:00.000Z","iobWithZeroTemp":{"iob":-0.003,"basaliob":-0.003,"bolussnooze":0,"activity":-1.0E-4,"lastBolusTime":0,"time":"2023-12-22T16:42:00.000Z"}},{"iob":0,"basaliob":0,"bolussnooze":0,"activity":0,"lastBolusTime":0,"time":"2023-12-22T16:47:00.000Z","iobWithZeroTemp":{"iob":-0.003,"basaliob":-0.003,"bolussnooze":0,"activity":-1.0E-4,"lastBolusTime":0,"time":"2023-12-22T16:47:00.000Z"}}],"profile":{"max_iob":1.5,"dia":3,"type":"current","max_daily_basal":0.5,"max_basal":1.2,"min_bg":100.8,"max_bg":100.8,"target_bg":100.8,"carb_ratio":30,"sens":126,"max_daily_safety_multiplier":3,"current_basal_safety_multiplier":4,"skip_neutral_temps":true,"current_basal":0.3,"temptargetSet":false,"autosens_adjust_targets":true,"min_5m_carbimpact":5.5,"out_units":"mmol\/L"},"autosens_data":{"ratio":1},"meal_data":{"carbs":0,"mealCOB":0}},"output":{"temp":"absolute","bg":195,"tick":"+6","eventualBG":195,"snoozeBG":195,"predBGs":{"IOB":[195,201,206,210,213,216,218,220,221,221,221,220,218,217,215,214,213,212,210,209,208,207,206,205,204,203,202,202,201,200,199,199,198,198,197,197,196,196,195,195,195,194,194,194,194,193,193,193,193,193,192,192,192,192,192,192,192,192,192,191]},"COB":0,"IOB":0.337,"reason":"COB: 0, Dev: 42, BGI: -0.63, ISF: 7.0, Target: 5.6; Eventual BG 10.8 >= 5.6, adj. req. rate: 1.8 to maxSafeBasal: 1.2, temp 1.200 < 1.2U\/hr","duration":30,"rate":1.2,"timestamp":"2023-12-22T07:21:04.838Z"}}