{"algorithm":"OpenAPSAMAPlugin","input":{"glucoseStatus":{"glucose":92,"delta":1.67,"short_avgdelta":0.46,"long_avgdelta":-1.84},"currenttemp":{"temp":"absolute","duration":25,"rate":0,"minutesrunning":5},"iob_data":[{"iob":-0.131,"basaliob":-0.131,"bolussnooze":0,"activity":-4.0E-4,"lastBolusTime":0,"time":"2023-12-23T08:37:00.000Z","iobWithZeroTemp":{"iob":-0.131,"basaliob":-0.131,"bolussnooze":0,"activity":-4.0E-4,"lastBolusTime":0,"time":"2023-12-23T08:37:00.000Z"}},{"iob":-0.129,"basaliob":-0.129,"bolussnooze":0,"activity":-5.0E-4,"lastBolusTime":0,"time":"2023-12-23T08:42:00.000Z","iobWithZeroTemp":{"iob":-0.154,"basaliob":-0.154,"bolussnooze":0,"activity":-5.0E-4,"lastBolusTime":0,"time":"2023-12-23T08:42:00.000Z"}},{"iob":-0.126,"basaliob":-0.126,"bolussnooze":0,"activity":-6.0E-4,"lastBolusTime":0,"time":"2023-12-23T08:47:00.000Z","iobWithZeroTemp":{"iob":-0.176,"basaliob":-0.176,"bolussnooze":0,"activity":-7.0E-4,"lastBolusTime":0,"time":"2023-12-23T08:47:00.000Z"}},{"iob":-0.123,"basaliob":-0.123,"bolussnooze":0,"activity":-7.0E-4,"lastBolusTime":0,"time":"2023-12-23T08:52:00.000Z","iobWithZeroTemp":{"iob":-0.197,"basaliob":-0.197,"bolussnooze":0,"activity":-9.0E-4,"lastBolusTime":0,"time":"2023-12-23T08:52:00.000Z"}},{"iob":-0.119,"basaliob":-0.119,"bolussnooze":0,"activity":-8.0E-4,"lastBolusTime":0,"time":"2023-12-23T08:57:00.000Z","iobWithZeroTemp":{"iob":-0.217,"basaliob":-0.217,"bolussnooze":0,"activity":-0.0011,"lastBolusTime":0,"time":"2023-12-23T08:57:00.000Z"}},{"iob":-0.115,"basaliob":-0.115,"bolussnooze":0,"activity":-8.0E-4,"lastBolusTime":0,"time":"2023-12-23T09:02:00.000Z","iobWithZeroTemp":{"iob":-0.237,"basaliob":-0.237,"bolussnooze":0,"activity":-0.0012,"lastBolusTime":0,"time":"2023-12-23T09:02:00.000Z"}},{"iob":-0.111,"basaliob":-0.111,"bolussnooze":0,"activity":-9.0E-4,"lastBolusTime":0,"time":"2023-12-23T09:07:00.000Z","iobWithZeroTemp":{"iob":-0.255,"basaliob":-0.255,"bolussnooze":0,"activity":-0.0014,"lastBolusTime":0,"time":"2023-12-23T09:07:00.000Z"}},{"iob":-0.106,"basaliob":-0.106,"bolussnooze":0,"activity":-9.0E-4,"lastBolusTime":0,"time":"2023-12-23T09:12:00.000Z","iobWithZeroTemp":{"iob":-0.272,"basaliob":-0.272,"bolussnooze":0,"activity":-0.0016,"lastBolusTime":0,"time":"2023-12-23T09:12:00.000Z"}},{"iob":-0.102,"basaliob":-0.102,"bolussnooze":0,"activity":-9.0E-4,"lastBolusTime":0,"time":"2023-12-23T09:17:00.000Z","iobWithZeroTemp":{"iob":-0.289,"basaliob":-0.289,"bolussnooze":0,"activity":-0.0017,"lastBolusTime":0,"time":"2023-12-23T09:17:00.000Z"}},{"iob":-0.097,"basaliob":-0.097,"bolussnooze":0,"activity":-9.0E-4,"lastBolusTime":0,"time":"2023-12-23T09:22:00.000Z","iobWithZeroTemp":{"iob":-0.305,"basaliob":-0.305,"bolussnooze":0,"activity":-0.0019,"lastBolusTime":0,"time":"2023-12-23T09:22:00.000Z"}},{"iob":-0.093,"basaliob":-0.093,"bolussnooze":0,"activity":-9.0E-4,"lastBolusTime":0,"time":"2023-12-23T09:27:00.000Z","iobWithZeroTemp":{"iob":-0.32,"basaliob":-0.32,"bolussnooze":0,"activity":-0.0021,"lastBolusTime":0,"time":"2023-12-23T09:27:00.000Z"}},{"iob":-0.088,"basaliob":-0.088,"bolussnooze":0,"activity":-9.0E-4,"lastBolusTime":0,"time":"2023-12-23T09:32:00.000Z","iobWithZeroTemp":{"iob":-0.334,"basaliob":-0.334,"bolussnooze":0,"activity":-0.0023,"lastBolusTime":0,"time":"2023-12-23T09:32:00.000Z"}},{"iob":-0.084,"basaliob":-0.084,"bolussnooze":0,"activity":-9.0E-4,"lastBolusTime":0,"time":"2023-12-23T09:37:00.000Z","iobWithZeroTemp":{"iob":-0.348,"basaliob":-0.348,"bolussnooze":0,"activity":-0.0024,"lastBolusTime":0,"time":"2023-12-23T09:37:00.000Z"}},{"iob":-0.079,"basaliob":-0.079,"bolussnooze":0,"activity":-9.0E-4,"lastBolusTime":0,"time":"2023-12-23T09:42:00.000Z","iobWithZeroTemp":{"iob":-0.36,"basaliob":-0.36,"bolussnooze":0,"activity":-0.0026,"lastBolusTime":0,"time":"2023-12-23T09:42:00.000Z"}},{"iob":-0.075,"basaliob":-0.075,"bolussnooze":0,"activity":-8.0E-4,"lastBolusTime":0,"time":"2023-12-23T09:47:00.000Z","iobWithZeroTemp":{"iob":-0.372,"basaliob":-0.372,"bolussnooze":0,"activity":-0.0027,"lastBolusTime":0,"time":"2023-12-23T09:47:00.000Z"}},{"iob":-0.071,"basaliob":-0.071,"bolussnooze":0,"activity":-8.0E-4,"lastBolusTime":0,"time":"2023-12-23T09:52:00.000Z","iobWithZeroTemp":{"iob":-0.383,"basaliob":-0.383,"bolussnooze":0,"activity":-0.0028,"lastBolusTime":0,"time":"2023-12-23T09:52:00.000Z"}},{"iob":-0.067,"basaliob":-0.067,"bolussnooze":0,"activity":-8.0E-4,"lastBolusTime":0,"time":"2023-12-23T09:57:00.000Z","iobWithZeroTemp":{"iob":-0.394,"basaliob":-0.394,"bolussnooze":0,"activity":-0.003,"lastBolusTime":0,"time":"2023-12-23T09:57:00.000Z"}},{"iob":-0.063,"basaliob":-0.063,"bolussnooze":0,"activity":-8.0E-4,"lastBolusTime":0,"time":"2023-12-23T10:02:00.000Z","iobWithZeroTemp":{"iob":-0.403,"basaliob":-0.403,"bolussnooze":0,"activity":-0.0031,"lastBolusTime":0,"time":"2023-12-23T10:02:00.000Z"}},{"iob":-0.059,"basaliob":-0.059,"bolussnooze":0,"activity":-7.0E-4,"lastBolusTime":0,"time":"2023-12-23T10:07:00.000Z","iobWithZeroTemp":{"iob":-0.412,"basaliob":-0.412,"bolussnooze":0,"activity":-0.0032,"lastBolusTime":0,"time":"2023-12-23T10:07:00.000Z"}},{"iob":-0.056,"basaliob":-0.056,"bolussnooze":0,"activity":-7.0E-4,"lastBolusTime":0,"time":"2023-12-23T10:12:00.000Z","iobWithZeroTemp":{"iob":-0.421,"basaliob":-0.421,"bolussnooze":0,"activity":-0.0033,"lastBolusTime":0,"time":"2023-12-23T10:12:00.000Z"}},{"iob":-0.052,"basaliob":-0.052,"bolussnooze":0,"activity":-7.0E-4,"lastBolusTime":0,"time":"2023-12-23T10:17:00.000Z","iobWithZeroTemp":{"iob":-0.429,"basaliob":-0.429,"bolussnooze":0,"activity":-0.0035,"lastBolusTime":0,"time":"2023-12-23T10:17:00.000Z"}},{"iob":-0.049,"basaliob":-0.049,"bolussnooze":0,"activity":-6.0E-4,"lastBolusTime":0,"time":"2023-12-23T10:22:00.000Z","iobWithZeroTemp":{"iob":-0.437,"basaliob":-0.437,"bolussnooze":0,"activity":-0.0035,"lastBolusTime":0,"time":"2023-12-23T10:22:00.000Z"}},{"iob":-0.046,"basaliob":-0.046,"bolussnooze":0,"activity":-6.0E-4,"lastBolusTime":0,"time":"2023-12-23T10:27:00.000Z","iobWithZeroTemp":{"iob":-0.444,"basaliob":-0.444,"bolussnooze":0,"activity":-0.0036,"lastBolusTime":0,"time":"2023-12-23T10:27:00.000Z"}},{"iob":-0.043,"basaliob":-0.043,"bolussnooze":0,"activity":-6.0E-4,"lastBolusTime":0,"time":"2023-12-23T10:32:00.000Z","iobWithZeroTemp":{"iob":-0.45,"basaliob":-0.45,"bolussnooze":0,"activity":-0.0038,"lastBolusTime":0,"time":"2023-12-23T10:32:00.000Z"}},{"iob":-0.04,"basaliob":-0.04,"bolussnooze":0,"activity":-5.0E-4,"lastBolusTime":0,"time":"2023-12-23T10:37:00.000Z","iobWithZeroTemp":{"iob":-0.456,"basaliob":-0.456,"bolussnooze":0,"activity":-0.0038,"lastBolusTime":0,"time":"2023-12-23T10:37:00.000Z"}},{"iob":-0.038,"basaliob":-0.038,"bolussnooze":0,"activity":-5.0E-4,"lastBolusTime":0,"time":"2023-12-23T10:42:00.000Z","iobWithZeroTemp":{"iob":-0.462,"basaliob":-0.462,"bolussnooze":0,"activity":-0.0039,"lastBolusTime":0,"time":"2023-12-23T10:42:00.000Z"}},{"iob":-0.035,"basaliob":-0.035,"bolussnooze":0,"activity":-5.0E-4,"lastBolusTime":0,"time":"2023-12-23T10:47:00.000Z","iobWithZeroTemp":{"iob":-0.467,"basaliob":-0.467,"bolussnooze":0,"activity":-0.004,"lastBolusTime":0,"time":"2023-12-23T10:47:00.000Z"}},{"iob":-0.033,"basaliob":-0.033,"bolussnooze":0,"activity":-5.0E-4,"lastBolusTime":0,"time":"2023-12-23T10:52:00.000Z","iobWithZeroTemp":{"iob":-0.472,"basaliob":-0.472,"bolussnooze":0,"activity":-0.0041,"lastBolusTime":0,"time":"2023-12-23T10:52:00.000Z"}},{"iob":-0.031,"basaliob":-0.031,"bolussnooze":0,"activity":-4.0E-4,"lastBolusTime":0,"time":"2023-12-23T10:57:00.000Z","iobWithZeroTemp":{"iob":-0.477,"basaliob":-0.477,"bolussnooze":0,"activity":-0.0041,"lastBolusTime":0,"time":"2023-12-23T10:57:00.000Z"}},{"iob":-0.028,"basaliob":-0.028,"bolussnooze":0,"activity":-4.0E-4,"lastBolusTime":0,"time":"2023-12-23T11:02:00.000Z","iobWithZeroTemp":{"iob":-0.481,"basaliob":-0.481,"bolussnooze":0,"activity":-0.0042,"lastBolusTime":0,"time":"2023-12-23T11:02:00.000Z"}},{"iob":-0.026,"basaliob":-0.026,"bolussnooze":0,"activity":-4.0E-4,"lastBolusTime":0,"time":"2023-12-23T11:07:00.000Z","iobWithZeroTemp":{"iob":-0.484,"basaliob":-0.484,"bolussnooze":0,"activity":-0.0043,"lastBolusTime":0,"time":"2023-12-23T11:07:00.000Z"}},{"iob":-0.025,"basaliob":-0.025,"bolussnooze":0,"activity":-4.0E-4,"lastBolusTime":0,"time":"2023-12-23T11:12:00.000Z","iobWithZeroTemp":{"iob":-0.489,"basaliob":-0.489,"bolussnooze":0,"activity":-0.0043,"lastBolusTime":0,"time":"2023-12-23T11:12:00.000Z"}},{"iob":-0.023,"basaliob":-0.023,"bolussnooze":0,"activity":-3.0E-4,"lastBolusTime":0,"time":"2023-12-23T11:17:00.000Z","iobWithZeroTemp":{"iob":-0.492,"basaliob":-0.492,"bolussnooze":0,"activity":-0.0043,"lastBolusTime":0,"time":"2023-12-23T11:17:00.000Z"}},{"iob":-0.021,"basaliob":-0.021,"bolussnooze":0,"activity":-3.0E-4,"lastBolusTime":0,"time":"2023-12-23T11:22:00.000Z","iobWithZeroTemp":{"iob":-0.495,"basaliob":-0.495,"bolussnooze":0,"activity":-0.0044,"lastBolusTime":0,"time":"2023-12-23T11:22:00.000Z"}},{"iob":-0.02,"basaliob":-0.02,"bolussnooze":0,"activity":-3.0E-4,"lastBolusTime":0,"time":"2023-12-23T11:27:00.000Z","iobWithZeroTemp":{"iob":-0.498,"basaliob":-0.498,"bolussnooze":0,"activity":-0.0045,"lastBolusTime":0,"time":"2023-12-23T11:27:00.000Z"}},{"iob":-0.018,"basaliob":-0.018,"bolussnooze":0,"activity":-3.0E-4,"lastBolusTime":0,"time":"2023-12-23T11:32:00.000Z","iobWithZeroTemp":{"iob":-0.5,"basaliob":-0.5,"bolussnooze":0,"activity":-0.0045,"lastBolusTime":0,"time":"2023-12-23T11:32:00.000Z"}},{"iob":-0.017,"basaliob":-0.017,"bolussnooze":0,"activity":-3.0E-4,"lastBolusTime":0,"time":"2023-12-23T11:37:00.000Z","iobWithZeroTemp":{"iob":-0.503,"basaliob":-0.503,"bolussnooze":0,"activity":-0.0046,"lastBolusTime":0,"time":"2023-12-23T11:37:00.000Z"}},{"iob":-0.016,"basaliob":-0.016,"bolussnooze":0,"activity":-2.0E-4,"lastBolusTime":0,"time":"2023-12-23T11:42:00.000Z","iobWithZeroTemp":{"iob":-0.506,"basaliob":-0.506,"bolussnooze":0,"activity":-0.0045,"lastBolusTime":0,"time":"2023-12-23T11:42:00.000Z"}},{"iob":-0.014,"basaliob":-0.014,"bolussnooze":0,"activity":-2.0E-4,"lastBolusTime":0,"time":"2023-12-23T11:47:00.000Z","iobWithZeroTemp":{"iob":-0.507,"basaliob":-0.507,"bolussnooze":0,"activity":-0.0046,"lastBolusTime":0,"time":"2023-12-23T11:47:00.000Z"}},{"iob":-0.013,"basaliob":-0.013,"bolussnooze":0,"activity":-2.0E-4,"lastBolusTime":0,"time":"2023-12-23T11:52:00.000Z","iobWithZeroTemp":{"iob":-0.509,"basaliob":-0.509,"bolussnooze":0,"activity":-0.0046,"lastBolusTime":0,"time":"2023-12-23T11:52:00.000Z"}},{"iob":-0.012,"basaliob":-0.012,"bolussnooze":0,"activity":-2.0E-4,"lastBolusTime":0,"time":"2023-12-23T11:57:00.000Z","iobWithZeroTemp":{"iob":-0.511,"basaliob":-0.511,"bolussnooze":0,"activity":-0.0047,"lastBolusTime":0,"time":"2023-12-23T11:57:00.000Z"}},{"iob":-0.011,"basaliob":-0.011,"bolussnooze":0,"activity":-2.0E-4,"lastBolusTime":0,"time":"2023-12-23T12:02:00.000Z","iobWithZeroTemp":{"iob":-0.512,"basaliob":-0.512,"bolussnooze":0,"activity":-0.0047,"lastBolusTime":0,"time":"2023-12-23T12:02:00.000Z"}},{"iob":-0.01,"basaliob":-0.01,"bolussnooze":0,"activity":-2.0E-4,"lastBolusTime":0,"time":"2023-12-23T12:07:00.000Z","iobWithZeroTemp":{"iob":-0.514,"basaliob":-0.514,"bolussnooze":0,"activity":-0.0047,"lastBolusTime":0,"time":"2023-12-23T12:07:00.000Z"}},{"iob":-0.01,"basaliob":-0.01,"bolussnooze":0,"activity":-2.0E-4,"lastBolusTime":0,"time":"2023-12-23T12:12:00.000Z","iobWithZeroTemp":{"iob":-0.516,"basaliob":-0.516,"bolussnooze":0,"activity":-0.0048,"lastBolusTime":0,"time":"2023-12-23T12:12:00.000Z"}},{"iob":-0.009,"basaliob":-0.009,"bolussnooze":0,"activity":-1.0E-4,"lastBolusTime":0,"time":"2023-12-23T12:17:00.000Z","iobWithZeroTemp":{"iob":-0.517,"basaliob":-0.517,"bolussnooze":0,"activity":-0.0047,"lastBolusTime":0,"time":"2023-12-23T12:17:00.000Z"}},{"iob":-0.008,"basaliob":-0.008,"bolussnooze":0,"activity":-1.0E-4,"lastBolusTime":0,"time":"2023-12-23T12:22:00.000Z","iobWithZeroTemp":{"iob":-0.518,"basaliob":-0.518,"bolussnooze":0,"activity":-0.0047,"lastBolusTime":0,"time":"2023-12-23T12:22:00.000Z"}},{"iob":-0.007,"basaliob":-0.007,"bolussnooze":0,"activity":-1.0E-4,"lastBolusTime":0,"time":"2023-12-23T12:27:00.000Z","iobWithZeroTemp":{"iob":-0.518,"basaliob":-0.518,"bolussnooze":0,"activity":-0.0048,"lastBolusTime":0,"time":"2023-12-23T12:27:00.000Z"}},{"iob":-0.007,"basaliob":-0.007,"bolussnooze":0,"activity":-1.0E-4,"lastBolusTime":0,"time":"2023-12-23T12:32:00.000Z","iobWithZeroTemp":{"iob":-0.52,"basaliob":-0.52,"bolussnooze":0,"activity":-0.0048,"lastBolusTime":0,"time":"2023-12-23T12:32:00.000Z"}},{"iob":-0.006,"basaliob":-0.006,"bolussnooze":0,"activity":-1.0E-4,"lastBolusTime":0,"time":"2023-12-23T12:37:00.000Z","iobWithZeroTemp":{"iob":-0.52,"basaliob":-0.52,"bolussnooze":0,"activity":-0.0048,"lastBolusTime":0,"time":"2023-12-23T12:37:00.000Z"}},{"iob":-0.006,"basaliob":-0.006,"bolussnooze":0,"activity":-1.0E-4,"lastBolusTime":0,"time":"2023-12-23T12:42:00.000Z","iobWithZeroTemp":{"iob":-0.497,"basaliob":-0.497,"bolussnooze":0,"activity":-0.0048,"lastBolusTime":0,"time":"2023-12-23T12:42:00.000Z"}},{"iob":-0.005,"basaliob":-0.005,"bolussnooze":0,"activity":-1.0E-4,"lastBolusTime":0,"time":"2023-12-23T12:47:00.000Z","iobWithZeroTemp":{"iob":-0.472,"basaliob":-0.472,"bolussnooze":0,"activity":-0.0048,"lastBolusTime":0,"time":"2023-12-23T12:47:00.000Z"}},{"iob":-0.005,"basaliob":-0.005,"bolussnooze":0,"activity":-1.0E-4,"lastBolusTime":0,"time":"2023-12-23T12:52:00.000Z","iobWithZeroTemp":{"iob":-0.449,"basaliob":-0.449,"bolussnooze":0,"activity":-0.0047,"lastBolusTime":0,"time":"2023-12-23T12:52:00.000Z"}},{"iob":-0.004,"basaliob":-0.004,"bolussnooze":0,"activity":-1.0E-4,"lastBolusTime":0,"time":"2023-12-23T12:57:00.000Z","iobWithZeroTemp":{"iob":-0.425,"basaliob":-0.425,"bolussnooze":0,"activity":-0.0046,"lastBolusTime":0,"time":"2023-12-23T12:57:00.000Z"}},{"iob":-0.004,"basaliob":-0.004,"bolussnooze":0,"activity":-1.0E-4,"lastBolusTime":0,"time":"2023-12-23T13:02:00.000Z","iobWithZeroTemp":{"iob":-0.402,"basaliob":-0.402,"bolussnooze":0,"activity":-0.0045,"lastBolusTime":0,"time":"2023-12-23T13:02:00.000Z"}},{"iob":-0.004,"basaliob":-0.004,"bolussnooze":0,"activity":-1.0E-4,"lastBolusTime":0,"time":"2023-12-23T13:07:00.000Z","iobWithZeroTemp":{"iob":-0.381,"basaliob":-0.381,"bolussnooze":0,"activity":-0.0044,"lastBolusTime":0,"time":"2023-12-23T13:07:00.000Z"}},{"iob":-0.003,"basaliob":-0.003,"bolussnooze":0,"activity":-1.0E-4,"lastBolusTime":0,"time":"2023-12-23T13:12:00.000Z","iobWithZeroTemp":{"iob":-0.358,"basaliob":-0.358,"bolussnooze":0,"activity":-0.0043,"lastBolusTime":0,"time":"2023-12-23T13:12:00.000Z"}},{"iob":-0.003,"basaliob":-0.003,"bolussnooze":0,"activity":-1.0E-4,"lastBolusTime":0,"time":"2023-12-23T13:17:00.000Z","iobWithZeroTemp":{"iob":-0.338,"basaliob":-0.338,"bolussnooze":0,"activity":-0.0041,"lastBolusTime":0,"time":"2023-12-23T13:17:00.000Z"}},{"iob":-0.003,"basaliob":-0.003,"bolussnooze":0,"activity":-1.0E-4,"lastBolusTime":0,"time":"2023-12-23T13:22:00.000Z","iobWithZeroTemp":{"iob":-0.318,"basaliob":-0.318,"bolussnooze":0,"activity":-0.004,"lastBolusTime":0,"time":"2023-12-23T13:22:00.000Z"}},{"iob":-0.003,"basaliob":-0.003,"bolussnooze":0,"activity":0,"lastBolusTime":0,"time":"2023-12-23T13:27:00.000Z","iobWithZeroTemp":{"iob":-0.299,"basaliob":-0.299,"bolussnooze":0,"activity":-0.0037,"lastBolusTime":0,"time":"2023-12-23T13:27:00.000Z"}},{"iob":-0.002,"basaliob":-0.002,"bolussnooze":0,"activity":0,"lastBolusTime":0,"time":"2023-12-23T13:32:00.000Z","iobWithZeroTemp":{"iob":-0.28,"basaliob":-0.28,"bolussnooze":0,"activity":-0.0035,"lastBolusTime":0,"time":"2023-12-23T13:32:00.000Z"}},{"iob":-0.002,"basaliob":-0.002,"bolussnooze":0,"activity":0,"lastBolusTime":0,"time":"2023-12-23T13:37:00.000Z","iobWithZeroTemp":{"iob":-0.263,"basaliob":-0.263,"bolussnooze":0,"activity":-0.0034,"lastBolusTime":0,"time":"2023-12-23T13:37:00.000Z"}},{"iob":-0.002,"basaliob":-0.002,"bolussnooze":0,"activity":0,"lastBolusTime":0,"time":"2023-12-23T13:42:00.000Z","iobWithZeroTemp":{"iob":-0.246,"basaliob":-0.246,"bolussnooze":0,"activity":-0.0032,"lastBolusTime":0,"time":"2023-12-23T13:42:00.000Z"}},{"iob":-0.002,"basaliob":-0.002,"bolussnooze":0,"activity":0,"lastBolusTime":0,"time":"2023-12-23T13:47:00.000Z","iobWithZeroTemp":{"iob":-0.231,"basaliob":-0.231,"bolussnooze":0,"activity":-0.0031,"lastBolusTime":0,"time":"2023-12-23T13:47:00.000Z"}},{"iob":-0.002,"basaliob":-0.002,"bolussnooze":0,"activity":0,"lastBolusTime":0,"time":"2023-12-23T13:52:00.000Z","iobWithZeroTemp":{"iob":-0.216,"basaliob":-0.216,"bolussnooze":0,"activity":-0.0029,"lastBolusTime":0,"time":"2023-12-23T13:52:00.000Z"}},{"iob":-0.001,"basaliob":-0.001,"bolussnooze":0,"activity":0,"lastBolusTime":0,"time":"2023-12-23T13:57:00.000Z","iobWithZeroTemp":{"iob":-0.201,"basaliob":-0.201,"bolussnooze":0,"activity":-0.0028,"lastBolusTime":0,"time":"2023-12-23T13:57:00.000Z"}},{"iob":-0.001,"basaliob":-0.001,"bolussnooze":0,"activity":0,"lastBolusTime":0,"time":"2023-12-23T14:02:00.000Z","iobWithZeroTemp":{"iob":-0.187,"basaliob":-0.187,"bolussnooze":0,"activity":-0.0026,"lastBolusTime":0,"time":"2023-12-23T14:02:00.000Z"}},{"iob":-0.001,"basaliob":-0.001,"bolussnooze":0,"activity":0,"lastBolusTime":0,"time":"2023-12-23T14:07:00.000Z","iobWithZeroTemp":{"iob":-0.175,"basaliob":-0.175,"bolussnooze":0,"activity":-0.0025,"lastBolusTime":0,"time":"2023-12-23T14:07:00.000Z"}},{"iob":-0.001,"basaliob":-0.001,"bolussnooze":0,"activity":0,"lastBolusTime":0,"time":"2023-12-23T14:12:00.000Z","iobWithZeroTemp":{"iob":-0.163,"basaliob":-0.163,"bolussnooze":0,"activity":-0.0023,"lastBolusTime":0,"time":"2023-12-23T14:12:00.000Z"}},{"iob":-0.001,"basaliob":-0.001,"bolussnooze":0,"activity":0,"lastBolusTime":0,"time":"2023-12-23T14:17:00.000Z","iobWithZeroTemp":{"iob":-0.151,"basaliob":-0.151,"bolussnooze":0,"activity":-0.0022,"lastBolusTime":0,"time":"2023-12-23T14:17:00.000Z"}},{"iob":-0.001,"basaliob":-0.001,"bolussnooze":0,"activity":0,"lastBolusTime":0,"time":"2023-12-23T14:22:00.000Z","iobWithZeroTemp":{"iob":-0.141,"basaliob":-0.141,"bolussnooze":0,"activity":-0.002,"lastBolusTime":0,"time":"2023-12-23T14:22:00.000Z"}},{"iob":-0.001,"basaliob":-0.001,"bolussnooze":0,"activity":0,"lastBolusTime":0,"time":"2023-12-23T14:27:00.000Z","iobWithZeroTemp":{"iob":-0.131,"basaliob":-0.131,"bolussnooze":0,"activity":-0.0019,"lastBolusTime":0,"time":"2023-12-23T14:27:00.000Z"}},{"iob":-0.001,"basaliob":-0.001,"bolussnooze":0,"activity":0,"lastBolusTime":0,"time":"2023-12-23T14:32:00.000Z","iobWithZeroTemp":{"iob":-0.122,"basaliob":-0.122,"bolussnooze":0,"activity":-0.0018,"lastBolusTime":0,"time":"2023-12-23T14:32:00.000Z"}},{"iob":-0.001,"basaliob":-0.001,"bolussnooze":0,"activity":0,"lastBolusTime":0,"time":"2023-12-23T14:37:00.000Z","iobWithZeroTemp":{"iob":-0.113,"basaliob":-0.113,"bolussnooze":0,"activity":-0.0017,"lastBolusTime":0,"time":"2023-12-23T14:37:00.000Z"}},{"iob":-0.001,"basaliob":-0.001,"bolussnooze":0,"activity":0,"lastBolusTime":0,"time":"2023-12-23T14:42:00.000Z","iobWithZeroTemp":{"iob":-0.105,"basaliob":-0.105,"bolussnooze":0,"activity":-0.0016,"lastBolusTime":0,"time":"2023-12-23T14:42:00.000Z"}},{"iob":0,"basaliob":0,"bolussnooze":0,"activity":0,"lastBolusTime":0,"time":"2023-12-23T14:47:00.000Z","iobWithZeroTemp":{"iob":-0.096,"basaliob":-0.096,"bolussnooze":0,"activity":-0.0015,"lastBolusTime":0,"time":"2023-12-23T14:47:00.000Z"}},{"iob":0,"basaliob":0,"bolussnooze":0,"activity":0,"lastBolusTime":0,"time":"2023-12-23T14:52:00.000Z","iobWithZeroTemp":{"iob":-0.089,"basaliob":-0.089,"bolussnooze":0,"activity":-0.0014,"lastBolusTime":0,"time":"2023-12-23T14:52:00.000Z"}},{"iob":0,"basaliob":0,"bolussnooze":0,"activity":0,"lastBolusTime":0,"time":"2023-12-23T14:57:00.000Z","iobWithZeroTemp":{"iob":-0.082,"basaliob":-0.082,"bolussnooze":0,"activity":-0.0013,"lastBolusTime":0,"time":"2023-12-23T14:57:00.000Z"}},{"iob":0,"basaliob":0,"bolussnooze":0,"activity":0,"lastBolusTime":0,"time":"2023-12-23T15:02:00.000Z","iobWithZeroTemp":{"iob":-0.076,"basaliob":-0.076,"bolussnooze":0,"activity":-0.0012,"lastBolusTime":0,"time":"2023-12-23T15:02:00.000Z"}},{"iob":0,"basaliob":0,"bolussnooze":0,"activity":0,"lastBolusTime":0,"time":"2023-12-23T15:07:00.000Z","iobWithZeroTemp":{"iob":-0.07,"basaliob":-0.07,"bolussnooze":0,"activity":-0.0011,"lastBolusTime":0,"time":"2023-12-23T15:07:00.000Z"}},{"iob":0,"basaliob":0,"bolussnooze":0,"activity":0,"lastBolusTime":0,"time":"2023-12-23T15:12:00.000Z","iobWithZeroTemp":{"iob":-0.065,"basaliob":-0.065,"bolussnooze":0,"activity":-0.001,"lastBolusTime":0,"time":"2023-12-23T15:12:00.000Z"}},{"iob":0,"basaliob":0,"bolussnooze":0,"activity":0,"lastBolusTime":0,"time":"2023-12-23T15:17:00.000Z","iobWithZeroTemp":{"iob":-0.06,"basaliob":-0.06,"bolussnooze":0,"activity":-0.001,"lastBolusTime":0,"time":"2023-12-23T15:17:00.000Z"}},{"iob":0,"basaliob":0,"bolussnooze":0,"activity":0,"lastBolusTime":0,"time":"2023-12-23T15:22:00.000Z","iobWithZeroTemp":{"iob":-0.055,"basaliob":-0.055,"bolussnooze":0,"activity":-9.0E-4,"lastBolusTime":0,"time":"2023-12-23T15:22:00.000Z"}},{"iob":0,"basaliob":0,"bolussnooze":0,"activity":0,"lastBolusTime":0,"time":"2023-12-23T15:27:00.000Z","iobWithZeroTemp":{"iob":-0.051,"basaliob":-0.051,"bolussnooze":0,"activity":-8.0E-4,"lastBolusTime":0,"time":"2023-12-23T15:27:00.000Z"}},{"iob":0,"basaliob":0,"bolussnooze":0,"activity":0,"lastBolusTime":0,"time":"2023-12-23T15:32:00.000Z","iobWithZeroTemp":{"iob":-0.047,"basaliob":-0.047,"bolussnooze":0,"activity":-8.0E-4,"lastBolusTime":0,"time":"2023-12-23T15:32:00.000Z"}},{"iob":0,"basaliob":0,"bolussnooze":0,"activity":0,"lastBolusTime":0,"time":"2023-12-23T15:37:00.000Z","iobWithZeroTemp":{"iob":-0.043,"basaliob":-0.043,"bolussnooze":0,"activity":-7.0E-4,"lastBolusTime":0,"time":"2023-12-23T15:37:00.000Z"}},{"iob":0,"basaliob":0,"bolussnooze":0,"activity":0,"lastBolusTime":0,"time":"2023-12-23T15:42:00.000Z","iobWithZeroTemp":{"iob":-0.039,"basaliob":-0.039,"bolussnooze":0,"activity":-7.0E-4,"lastBolusTime":0,"time":"2023-12-23T15:42:00.000Z"}},{"iob":0,"basaliob":0,"bolussnooze":0,"activity":0,"lastBolusTime":0,"time":"2023-12-23T15:47:00.000Z","iobWithZeroTemp":{"iob":-0.036,"basaliob":-0.036,"bolussnooze":0,"activity":-6.0E-4,"lastBolusTime":0,"time":"2023-12-23T15:47:00.000Z"}},{"iob":0,"basaliob":0,"bolussnooze":0,"activity":0,"lastBolusTime":0,"time":"2023-12-23T15:52:00.000Z","iobWithZeroTemp":{"iob":-0.033,"basaliob":-0.033,"bolussnooze":0,"activity":-6.0E-4,"lastBolusTime":0,"time":"2023-12-23T15:52:00.000Z"}},{"iob":0,"basaliob":0,"bolussnooze":0,"activity":0,"lastBolusTime":0,"time":"2023-12-23T15:57:00.000Z","iobWithZeroTemp":{"iob":-0.03,"basaliob":-0.03,"bolussnooze":0,"activity":-5.0E-4,"lastBolusTime":0,"time":"2023-12-23T15:57:00.000Z"}},{"iob":0,"basaliob":0,"bolussnooze":0,"activity":0,"lastBolusTime":0,"time":"2023-12-23T16:02:00.000Z","iobWithZeroTemp":{"iob":-0.028,"basaliob":-0.028,"bolussnooze":0,"activity":-5.0E-4,"lastBolusTime":0,"time":"2023-12-23T16:02:00.000Z"}},{"iob":0,"basaliob":0,"bolussnooze":0,"activity":0,"lastBolusTime":0,"time":"2023-12-23T16:07:00.000Z","iobWithZeroTemp":{"iob":-0.025,"basaliob":-0.025,"bolussnooze":0,"activity":-5.0E-4,"lastBolusTime":0,"time":"2023-12-23T16:07:00.000Z"}},{"iob":0,"basaliob":0,"bolussnooze":0,"activity":0,"lastBolusTime":0,"time":"2023-12-23T16:12:00.000Z","iobWithZeroTemp":{"iob":-0.023,"basaliob":-0.023,"bolussnooze":0,"activity":-4.0E-4,"lastBolusTime":0,"time":"2023-12-23T16:12:00.000Z"}},{"iob":0,"basaliob":0,"bolussnooze":0,"activity":0,"lastBolusTime":0,"time":"2023-12-23T16:17:00.000Z","iobWithZeroTemp":{"iob":-0.021,"basaliob":-0.021,"bolussnooze":0,"activity":-4.0E-4,"lastBolusTime":0,"time":"2023-12-23T16:17:00.000Z"}},{"iob":0,"basaliob":0,"bolussnooze":0,"activity":0,"lastBolusTime":0,"time":"2023-12-23T16:22:00.000Z","iobWithZeroTemp":{"iob":-0.019,"basaliob":-0.019,"bolussnooze":0,"activity":-4.0E-4,"lastBolusTime":0,"time":"2023-12-23T16:22:00.000Z"}},{"iob":0,"basaliob":0,"bolussnooze":0,"activity":0,"lastBolusTime":0,"time":"2023-12-23T16:27:00.000Z","iobWithZeroTemp":{"iob":-0.018,"basaliob":-0.018,"bolussnooze":0,"activity":-3.0E-4,"lastBolusTime":0,"time":"2023-12-23T16:27:00.000Z"}},{"iob":0,"basaliob":0,"bolussnooze":0,"activity":0,"lastBolusTime":0,"time":"2023-12-23T16:32:00.000Z","iobWithZeroTemp":{"iob":-0.016,"basaliob":-0.016,"bolussnooze":0,"activity":-3.0E-4,"lastBolusTime":0,"time":"2023-12-23T16:32:00.000Z"}},{"iob":0,"basaliob":0,"bolussnooze":0,"activity":0,"lastBolusTime":0,"time":"2023-12-23T16:37:00.000Z","iobWithZeroTemp":{"iob":-0.015,"basaliob":-0.015,"bolussnooze":0,"activity":-3.0E-4,"lastBolusTime":0,"time":"2023-12-23T16:37:00.000Z"}},{"iob":0,"basaliob":0,"bolussnooze":0,"activity":0,"lastBolusTime":0,"time":"2023-12-23T16:42:00.000Z","iobWithZeroTemp":{"iob":-0.013,"basaliob":-0.013,"bolussnooze":0,"activity":-3.0E-4,"lastBolusTime":0,"time":"2023-12-23T16:42:00.000Z"}},{"iob":0,"basaliob":0,"bolussnooze":0,"activity":0,"lastBolusTime":0,"time":"2023-12-23T16:47:00.000Z","iobWithZeroTemp":{"iob":-0.012,"basaliob":-0.012,"bolussnooze":0,"activity":-2.0E-4,"lastBolusTime":0,"time":"2023-12-23T16:47:00.000Z"}},{"iob":0,"basaliob":0,"bolussnooze":0,"activity":0,"lastBolusTime":0,"time":"2023-12-23T16:52:00.000Z","iobWithZeroTemp":{"iob":-0.011,"basaliob":-0.011,"bolussnooze":0,"activity":-2.0E-4,"lastBolusTime":0,"time":"2023-12-23T16:52:00.000Z"}},{"iob":0,"basaliob":0,"bolussnooze":0,"activity":0,"lastBolusTime":0,"time":"2023-12-23T16:57:00.000Z","iobWithZeroTemp":{"iob":-0.01,"basaliob":-0.01,"bolussnooze":0,"activity":-2.0E-4,"lastBolusTime":0,"time":"2023-12-23T16:57:00.000Z"}},{"iob":0,"basaliob":0,"bolussnooze":0,"activity":0,"lastBolusTime":0,"time":"2023-12-23T17:02:00.000Z","iobWithZeroTemp":{"iob":-0.009,"basaliob":-0.009,"bolussnooze":0,"activity":-2.0E-4,"lastBolusTime":0,"time":"2023-12-23T17:02:00.000Z"}},{"iob":0,"basaliob":0,"bolussnooze":0,"activity":0,"lastBolusTime":0,"time":"2023-12-23T17:07:00.000Z","iobWithZeroTemp":{"iob":-0.008,"basaliob":-0.008,"bolussnooze":0,"activity":-2.0E-4,"lastBolusTime":0,"time":"2023-12-23T17:07:00.000Z"}},{"iob":0,"basaliob":0,"bolussnooze":0,"activity":0,"lastBolusTime":0,"time":"2023-12-23T17:12:00.000Z","iobWithZeroTemp":{"iob":-0.007,"basaliob":-0.007,"bolussnooze":0,"activity":-2.0E-4,"lastBolusTime":0,"time":"2023-12-23T17:12:00.000Z"}},{"iob":0,"basaliob":0,"bolussnooze":0,"activity":0,"lastBolusTime":0,"time":"2023-12-23T17:17:00.000Z","iobWithZeroTemp":{"iob":-0.007,"basaliob":-0.007,"bolussnooze":0,"activity":-1.0E-4,"lastBolusTime":0,"time":"2023-12-23T17:17:00.000Z"}},{"iob":0,"basaliob":0,"bolussnooze":0,"activity":0,"lastBolusTime":0,"time":"2023-12-23T17:22:00.000Z","iobWithZeroTemp":{"iob":-0.006,"basaliob":-0.006,"bolussnooze":0,"activity":-1.0E-4,"lastBolusTime":0,"time":"2023-12-23T17:22:00.000Z"}},{"iob":0,"basaliob":0,"bolussnooze":0,"activity":0,"lastBolusTime":0,"time":"2023-12-23T17:27:00.000Z","iobWithZeroTemp":{"iob":-0.006,"basaliob":-0.006,"bolussnooze":0,"activity":-1.0E-4,"lastBolusTime":0,"time":"2023-12-23T17:27:00.000Z"}},{"iob":0,"basaliob":0,"bolussnooze":0,"activity":0,"lastBolusTime":0,"time":"2023-12-23T17:32:00.000Z","iobWithZeroTemp":{"iob":-0.005,"basaliob":-0.005,"bolussnooze":0,"activity":-1.0E-4,"lastBolusTime":0,"time":"2023-12-23T17:32:00.000Z"}},{"iob":0,"basaliob":0,"bolussnooze":0,"activity":0,"lastBolusTime":0,"time":"2023-12-23T17:37:00.000Z","iobWithZeroTemp":{"iob":-0.004,"basaliob":-0.004,"bolussnooze":0,"activity":-1.0E-4,"lastBolusTime":0,"time":"2023-12-23T17:37:00.000Z"}},{"iob":0,"basaliob":0,"bolussnooze":0,"activity":0,"lastBolusTime":0,"time":"2023-12-23T17:42:00.000Z","iobWithZeroTemp":{"iob":-0.004,"basaliob":-0.004,"bolussnooze":0,"activity":-1.0E-4,"lastBolusTime":0,"time":"2023-12-23T17:42:00.000Z"}},{"iob":0,"basaliob":0,"bolussnooze":0,"activity":0,"lastBolusTime":0,"time":"2023-12-23T17:47:00.000Z","iobWithZeroTemp":{"iob":-0.004,"basaliob":-0.004,"bolussnooze":0,"activity":-1.0E-4,"lastBolusTime":0,"time":"2023-12-23T17:47:00.000Z"}},{"iob":0,"basaliob":0,"bolussnooze":0,"activity":0,"lastBolusTime":0,"time":"2023-12-23T17:52:00.000Z","iobWithZeroTemp":{"iob":-0.003,"basaliob":-0.003,"bolussnooze":0,"activity":-1.0E-4,"lastBolusTime":0,"time":"2023-12-23T17:52:00.000Z"}},{"iob":0,"basaliob":0,"bolussnooze":0,"activity":0,"lastBolusTime":0,"time":"2023-12-23T17:57:00.000Z","iobWithZeroTemp":{"iob":-0.003,"basaliob":-0.003,"bolussnooze":0,"activity":-1.0E-4,"lastBolusTime":0,"time":"2023-12-23T17:57:00.000Z"}},{"iob":0,"basaliob":0,"bolussnooze":0,"activity":0,"lastBolusTime":0,"time":"2023-12-23T18:02:00.000Z","iobWithZeroTemp":{"iob":-0.003,"basaliob":-0.003,"bolussnooze":0,"activity":-1.0E-4,"lastBolusTime":0,"time":"2023-12-23T18:02:00.000Z"}}],"profile":{"max_iob":1.5,"dia":3,"type":"current","max_daily_basal":0.5,"max_basal":1.2,"min_bg":100.8,"max_bg":100.8,"target_bg":100.8,"carb_ratio":30,"sens":126,"max_daily_safety_multiplier":3,"current_basal_safety_multiplier":4,"skip_neutral_temps":true,"current_basal":0.3,"temptargetSet":false,"autosens_adjust_targets":true,"min_5m_carbimpact":5.5,"out_units":"mmol\/L"},"autosens_data":{"ratio":1},"meal_data":{"carbs":0,"mealCOB":0}},"output":{"temp":"absolute","bg":92,"tick":"+2","eventualBG":96,"snoozeBG":96,"predBGs":{"IOB":[92,90,89,88,87,86,85,85,85,85,85,86,86,87,87,88,88,89,89,90,90,91,91,91,92,92,92,93,93,93,94,94,94,94,95,95,95,95,95,95,95,96,96,96,96,96,96,96,96,96,96,96,96,97]},"COB":0,"IOB":-0.131,"reason":"COB: 0, Dev: -13, BGI: 0.25, ISF: 7.0, Target: 5.6; Eventual BG 5.3 < 5.6, temp 0.000 ~< req 0.14U\/hr","timestamp":"2023-12-23T08:36:06.089Z"}}