{"algorithm":"OpenAPSAMAPlugin","input":{"glucoseStatus":{"glucose":125,"delta":0.33,"short_avgdelta":0.39,"long_avgdelta":-0.47},"currenttemp":{"temp":"absolute","duration":25,"rate":0.35,"minutesrunning":5},"iob_data":[{"iob":0.121,"basaliob":0.121,"bolussnooze":0,"activity":0.0014,"lastBolusTime":0,"time":"2023-12-23T04:02:00.000Z","iobWithZeroTemp":{"iob":0.121,"basaliob":0.121,"bolussnooze":0,"activity":0.0014,"lastBolusTime":0,"time":"2023-12-23T04:02:00.000Z"}},{"iob":0.114,"basaliob":0.114,"bolussnooze":0,"activity":0.0013,"lastBolusTime":0,"time":"2023-12-23T04:07:00.000Z","iobWithZeroTemp":{"iob":0.093,"basaliob":0.093,"bolussnooze":0,"activity":0.0013,"lastBolusTime":0,"time":"2023-12-23T04:07:00.000Z"}},{"iob":0.108,"basaliob":0.108,"bolussnooze":0,"activity":0.0013,"lastBolusTime":0,"time":"2023-12-23T04:12:00.000Z","iobWithZeroTemp":{"iob":0.067,"basaliob":0.067,"bolussnooze":0,"activity":0.0012,"lastBolusTime":0,"time":"2023-12-23T04:12:00.000Z"}},{"iob":0.101,"basaliob":0.101,"bolussnooze":0,"activity":0.0012,"lastBolusTime":0,"time":"2023-12-23T04:17:00.000Z","iobWithZeroTemp":{"iob":0.039,"basaliob":0.039,"bolussnooze":0,"activity":0.0011,"lastBolusTime":0,"time":"2023-12-23T04:17:00.000Z"}},{"iob":0.095,"basaliob":0.095,"bolussnooze":0,"activity":0.0012,"lastBolusTime":0,"time":"2023-12-23T04:22:00.000Z","iobWithZeroTemp":{"iob":0.013,"basaliob":0.013,"bolussnooze":0,"activity":0.001,"lastBolusTime":0,"time":"2023-12-23T04:22:00.000Z"}},{"iob":0.09,"basaliob":0.09,"bolussnooze":0,"activity":0.0011,"lastBolusTime":0,"time":"2023-12-23T04:27:00.000Z","iobWithZeroTemp":{"iob":-0.011,"basaliob":-0.011,"bolussnooze":0,"activity":8.0E-4,"lastBolusTime":0,"time":"2023-12-23T04:27:00.000Z"}},{"iob":0.084,"basaliob":0.084,"bolussnooze":0,"activity":0.0011,"lastBolusTime":0,"time":"2023-12-23T04:32:00.000Z","iobWithZeroTemp":{"iob":-0.036,"basaliob":-0.036,"bolussnooze":0,"activity":7.0E-4,"lastBolusTime":0,"time":"2023-12-23T04:32:00.000Z"}},{"iob":0.079,"basaliob":0.079,"bolussnooze":0,"activity":0.001,"lastBolusTime":0,"time":"2023-12-23T04:37:00.000Z","iobWithZeroTemp":{"iob":-0.06,"basaliob":-0.06,"bolussnooze":0,"activity":4.0E-4,"lastBolusTime":0,"time":"2023-12-23T04:37:00.000Z"}},{"iob":0.074,"basaliob":0.074,"bolussnooze":0,"activity":0.001,"lastBolusTime":0,"time":"2023-12-23T04:42:00.000Z","iobWithZeroTemp":{"iob":-0.082,"basaliob":-0.082,"bolussnooze":0,"activity":3.0E-4,"lastBolusTime":0,"time":"2023-12-23T04:42:00.000Z"}},{"iob":0.069,"basaliob":0.069,"bolussnooze":0,"activity":9.0E-4,"lastBolusTime":0,"time":"2023-12-23T04:47:00.000Z","iobWithZeroTemp":{"iob":-0.104,"basaliob":-0.104,"bolussnooze":0,"activity":1.0E-4,"lastBolusTime":0,"time":"2023-12-23T04:47:00.000Z"}},{"iob":0.065,"basaliob":0.065,"bolussnooze":0,"activity":9.0E-4,"lastBolusTime":0,"time":"2023-12-23T04:52:00.000Z","iobWithZeroTemp":{"iob":-0.124,"basaliob":-0.124,"bolussnooze":0,"activity":-1.0E-4,"lastBolusTime":0,"time":"2023-12-23T04:52:00.000Z"}},{"iob":0.06,"basaliob":0.06,"bolussnooze":0,"activity":8.0E-4,"lastBolusTime":0,"time":"2023-12-23T04:57:00.000Z","iobWithZeroTemp":{"iob":-0.145,"basaliob":-0.145,"bolussnooze":0,"activity":-3.0E-4,"lastBolusTime":0,"time":"2023-12-23T04:57:00.000Z"}},{"iob":0.056,"basaliob":0.056,"bolussnooze":0,"activity":8.0E-4,"lastBolusTime":0,"time":"2023-12-23T05:02:00.000Z","iobWithZeroTemp":{"iob":-0.164,"basaliob":-0.164,"bolussnooze":0,"activity":-5.0E-4,"lastBolusTime":0,"time":"2023-12-23T05:02:00.000Z"}},{"iob":0.052,"basaliob":0.052,"bolussnooze":0,"activity":7.0E-4,"lastBolusTime":0,"time":"2023-12-23T05:07:00.000Z","iobWithZeroTemp":{"iob":-0.186,"basaliob":-0.186,"bolussnooze":0,"activity":-7.0E-4,"lastBolusTime":0,"time":"2023-12-23T05:07:00.000Z"}},{"iob":0.049,"basaliob":0.049,"bolussnooze":0,"activity":7.0E-4,"lastBolusTime":0,"time":"2023-12-23T05:12:00.000Z","iobWithZeroTemp":{"iob":-0.207,"basaliob":-0.207,"bolussnooze":0,"activity":-9.0E-4,"lastBolusTime":0,"time":"2023-12-23T05:12:00.000Z"}},{"iob":0.045,"basaliob":0.045,"bolussnooze":0,"activity":7.0E-4,"lastBolusTime":0,"time":"2023-12-23T05:17:00.000Z","iobWithZeroTemp":{"iob":-0.227,"basaliob":-0.227,"bolussnooze":0,"activity":-0.001,"lastBolusTime":0,"time":"2023-12-23T05:17:00.000Z"}},{"iob":0.042,"basaliob":0.042,"bolussnooze":0,"activity":6.0E-4,"lastBolusTime":0,"time":"2023-12-23T05:22:00.000Z","iobWithZeroTemp":{"iob":-0.247,"basaliob":-0.247,"bolussnooze":0,"activity":-0.0013,"lastBolusTime":0,"time":"2023-12-23T05:22:00.000Z"}},{"iob":0.039,"basaliob":0.039,"bolussnooze":0,"activity":6.0E-4,"lastBolusTime":0,"time":"2023-12-23T05:27:00.000Z","iobWithZeroTemp":{"iob":-0.265,"basaliob":-0.265,"bolussnooze":0,"activity":-0.0014,"lastBolusTime":0,"time":"2023-12-23T05:27:00.000Z"}},{"iob":0.036,"basaliob":0.036,"bolussnooze":0,"activity":5.0E-4,"lastBolusTime":0,"time":"2023-12-23T05:32:00.000Z","iobWithZeroTemp":{"iob":-0.282,"basaliob":-0.282,"bolussnooze":0,"activity":-0.0017,"lastBolusTime":0,"time":"2023-12-23T05:32:00.000Z"}},{"iob":0.034,"basaliob":0.034,"bolussnooze":0,"activity":5.0E-4,"lastBolusTime":0,"time":"2023-12-23T05:37:00.000Z","iobWithZeroTemp":{"iob":-0.298,"basaliob":-0.298,"bolussnooze":0,"activity":-0.0018,"lastBolusTime":0,"time":"2023-12-23T05:37:00.000Z"}},{"iob":0.031,"basaliob":0.031,"bolussnooze":0,"activity":5.0E-4,"lastBolusTime":0,"time":"2023-12-23T05:42:00.000Z","iobWithZeroTemp":{"iob":-0.314,"basaliob":-0.314,"bolussnooze":0,"activity":-0.002,"lastBolusTime":0,"time":"2023-12-23T05:42:00.000Z"}},{"iob":0.029,"basaliob":0.029,"bolussnooze":0,"activity":4.0E-4,"lastBolusTime":0,"time":"2023-12-23T05:47:00.000Z","iobWithZeroTemp":{"iob":-0.329,"basaliob":-0.329,"bolussnooze":0,"activity":-0.0022,"lastBolusTime":0,"time":"2023-12-23T05:47:00.000Z"}},{"iob":0.027,"basaliob":0.027,"bolussnooze":0,"activity":4.0E-4,"lastBolusTime":0,"time":"2023-12-23T05:52:00.000Z","iobWithZeroTemp":{"iob":-0.342,"basaliob":-0.342,"bolussnooze":0,"activity":-0.0023,"lastBolusTime":0,"time":"2023-12-23T05:52:00.000Z"}},{"iob":0.025,"basaliob":0.025,"bolussnooze":0,"activity":4.0E-4,"lastBolusTime":0,"time":"2023-12-23T05:57:00.000Z","iobWithZeroTemp":{"iob":-0.355,"basaliob":-0.355,"bolussnooze":0,"activity":-0.0025,"lastBolusTime":0,"time":"2023-12-23T05:57:00.000Z"}},{"iob":0.023,"basaliob":0.023,"bolussnooze":0,"activity":4.0E-4,"lastBolusTime":0,"time":"2023-12-23T06:02:00.000Z","iobWithZeroTemp":{"iob":-0.368,"basaliob":-0.368,"bolussnooze":0,"activity":-0.0026,"lastBolusTime":0,"time":"2023-12-23T06:02:00.000Z"}},{"iob":0.021,"basaliob":0.021,"bolussnooze":0,"activity":3.0E-4,"lastBolusTime":0,"time":"2023-12-23T06:07:00.000Z","iobWithZeroTemp":{"iob":-0.379,"basaliob":-0.379,"bolussnooze":0,"activity":-0.0028,"lastBolusTime":0,"time":"2023-12-23T06:07:00.000Z"}},{"iob":0.02,"basaliob":0.02,"bolussnooze":0,"activity":3.0E-4,"lastBolusTime":0,"time":"2023-12-23T06:12:00.000Z","iobWithZeroTemp":{"iob":-0.39,"basaliob":-0.39,"bolussnooze":0,"activity":-0.0029,"lastBolusTime":0,"time":"2023-12-23T06:12:00.000Z"}},{"iob":0.018,"basaliob":0.018,"bolussnooze":0,"activity":3.0E-4,"lastBolusTime":0,"time":"2023-12-23T06:17:00.000Z","iobWithZeroTemp":{"iob":-0.4,"basaliob":-0.4,"bolussnooze":0,"activity":-0.003,"lastBolusTime":0,"time":"2023-12-23T06:17:00.000Z"}},{"iob":0.017,"basaliob":0.017,"bolussnooze":0,"activity":3.0E-4,"lastBolusTime":0,"time":"2023-12-23T06:22:00.000Z","iobWithZeroTemp":{"iob":-0.409,"basaliob":-0.409,"bolussnooze":0,"activity":-0.0031,"lastBolusTime":0,"time":"2023-12-23T06:22:00.000Z"}},{"iob":0.015,"basaliob":0.015,"bolussnooze":0,"activity":3.0E-4,"lastBolusTime":0,"time":"2023-12-23T06:27:00.000Z","iobWithZeroTemp":{"iob":-0.419,"basaliob":-0.419,"bolussnooze":0,"activity":-0.0032,"lastBolusTime":0,"time":"2023-12-23T06:27:00.000Z"}},{"iob":0.014,"basaliob":0.014,"bolussnooze":0,"activity":2.0E-4,"lastBolusTime":0,"time":"2023-12-23T06:32:00.000Z","iobWithZeroTemp":{"iob":-0.427,"basaliob":-0.427,"bolussnooze":0,"activity":-0.0034,"lastBolusTime":0,"time":"2023-12-23T06:32:00.000Z"}},{"iob":0.013,"basaliob":0.013,"bolussnooze":0,"activity":2.0E-4,"lastBolusTime":0,"time":"2023-12-23T06:37:00.000Z","iobWithZeroTemp":{"iob":-0.434,"basaliob":-0.434,"bolussnooze":0,"activity":-0.0035,"lastBolusTime":0,"time":"2023-12-23T06:37:00.000Z"}},{"iob":0.012,"basaliob":0.012,"bolussnooze":0,"activity":2.0E-4,"lastBolusTime":0,"time":"2023-12-23T06:42:00.000Z","iobWithZeroTemp":{"iob":-0.442,"basaliob":-0.442,"bolussnooze":0,"activity":-0.0036,"lastBolusTime":0,"time":"2023-12-23T06:42:00.000Z"}},{"iob":0.011,"basaliob":0.011,"bolussnooze":0,"activity":2.0E-4,"lastBolusTime":0,"time":"2023-12-23T06:47:00.000Z","iobWithZeroTemp":{"iob":-0.448,"basaliob":-0.448,"bolussnooze":0,"activity":-0.0037,"lastBolusTime":0,"time":"2023-12-23T06:47:00.000Z"}},{"iob":0.01,"basaliob":0.01,"bolussnooze":0,"activity":2.0E-4,"lastBolusTime":0,"time":"2023-12-23T06:52:00.000Z","iobWithZeroTemp":{"iob":-0.455,"basaliob":-0.455,"bolussnooze":0,"activity":-0.0038,"lastBolusTime":0,"time":"2023-12-23T06:52:00.000Z"}},{"iob":0.009,"basaliob":0.009,"bolussnooze":0,"activity":2.0E-4,"lastBolusTime":0,"time":"2023-12-23T06:57:00.000Z","iobWithZeroTemp":{"iob":-0.461,"basaliob":-0.461,"bolussnooze":0,"activity":-0.0038,"lastBolusTime":0,"time":"2023-12-23T06:57:00.000Z"}},{"iob":0.008,"basaliob":0.008,"bolussnooze":0,"activity":1.0E-4,"lastBolusTime":0,"time":"2023-12-23T07:02:00.000Z","iobWithZeroTemp":{"iob":-0.466,"basaliob":-0.466,"bolussnooze":0,"activity":-0.004,"lastBolusTime":0,"time":"2023-12-23T07:02:00.000Z"}},{"iob":0.008,"basaliob":0.008,"bolussnooze":0,"activity":1.0E-4,"lastBolusTime":0,"time":"2023-12-23T07:07:00.000Z","iobWithZeroTemp":{"iob":-0.471,"basaliob":-0.471,"bolussnooze":0,"activity":-0.0041,"lastBolusTime":0,"time":"2023-12-23T07:07:00.000Z"}},{"iob":0.007,"basaliob":0.007,"bolussnooze":0,"activity":1.0E-4,"lastBolusTime":0,"time":"2023-12-23T07:12:00.000Z","iobWithZeroTemp":{"iob":-0.476,"basaliob":-0.476,"bolussnooze":0,"activity":-0.0041,"lastBolusTime":0,"time":"2023-12-23T07:12:00.000Z"}},{"iob":0.006,"basaliob":0.006,"bolussnooze":0,"activity":1.0E-4,"lastBolusTime":0,"time":"2023-12-23T07:17:00.000Z","iobWithZeroTemp":{"iob":-0.48,"basaliob":-0.48,"bolussnooze":0,"activity":-0.0042,"lastBolusTime":0,"time":"2023-12-23T07:17:00.000Z"}},{"iob":0.006,"basaliob":0.006,"bolussnooze":0,"activity":1.0E-4,"lastBolusTime":0,"time":"2023-12-23T07:22:00.000Z","iobWithZeroTemp":{"iob":-0.484,"basaliob":-0.484,"bolussnooze":0,"activity":-0.0042,"lastBolusTime":0,"time":"2023-12-23T07:22:00.000Z"}},{"iob":0.005,"basaliob":0.005,"bolussnooze":0,"activity":1.0E-4,"lastBolusTime":0,"time":"2023-12-23T07:27:00.000Z","iobWithZeroTemp":{"iob":-0.488,"basaliob":-0.488,"bolussnooze":0,"activity":-0.0043,"lastBolusTime":0,"time":"2023-12-23T07:27:00.000Z"}},{"iob":0.005,"basaliob":0.005,"bolussnooze":0,"activity":1.0E-4,"lastBolusTime":0,"time":"2023-12-23T07:32:00.000Z","iobWithZeroTemp":{"iob":-0.491,"basaliob":-0.491,"bolussnooze":0,"activity":-0.0043,"lastBolusTime":0,"time":"2023-12-23T07:32:00.000Z"}},{"iob":0.004,"basaliob":0.004,"bolussnooze":0,"activity":1.0E-4,"lastBolusTime":0,"time":"2023-12-23T07:37:00.000Z","iobWithZeroTemp":{"iob":-0.495,"basaliob":-0.495,"bolussnooze":0,"activity":-0.0044,"lastBolusTime":0,"time":"2023-12-23T07:37:00.000Z"}},{"iob":0.004,"basaliob":0.004,"bolussnooze":0,"activity":1.0E-4,"lastBolusTime":0,"time":"2023-12-23T07:42:00.000Z","iobWithZeroTemp":{"iob":-0.497,"basaliob":-0.497,"bolussnooze":0,"activity":-0.0044,"lastBolusTime":0,"time":"2023-12-23T07:42:00.000Z"}},{"iob":0.004,"basaliob":0.004,"bolussnooze":0,"activity":1.0E-4,"lastBolusTime":0,"time":"2023-12-23T07:47:00.000Z","iobWithZeroTemp":{"iob":-0.5,"basaliob":-0.5,"bolussnooze":0,"activity":-0.0045,"lastBolusTime":0,"time":"2023-12-23T07:47:00.000Z"}},{"iob":0.003,"basaliob":0.003,"bolussnooze":0,"activity":1.0E-4,"lastBolusTime":0,"time":"2023-12-23T07:52:00.000Z","iobWithZeroTemp":{"iob":-0.503,"basaliob":-0.503,"bolussnooze":0,"activity":-0.0045,"lastBolusTime":0,"time":"2023-12-23T07:52:00.000Z"}},{"iob":0.003,"basaliob":0.003,"bolussnooze":0,"activity":1.0E-4,"lastBolusTime":0,"time":"2023-12-23T07:57:00.000Z","iobWithZeroTemp":{"iob":-0.505,"basaliob":-0.505,"bolussnooze":0,"activity":-0.0045,"lastBolusTime":0,"time":"2023-12-23T07:57:00.000Z"}},{"iob":0.003,"basaliob":0.003,"bolussnooze":0,"activity":1.0E-4,"lastBolusTime":0,"time":"2023-12-23T08:02:00.000Z","iobWithZeroTemp":{"iob":-0.507,"basaliob":-0.507,"bolussnooze":0,"activity":-0.0045,"lastBolusTime":0,"time":"2023-12-23T08:02:00.000Z"}},{"iob":0.002,"basaliob":0.002,"bolussnooze":0,"activity":0,"lastBolusTime":0,"time":"2023-12-23T08:07:00.000Z","iobWithZeroTemp":{"iob":-0.484,"basaliob":-0.484,"bolussnooze":0,"activity":-0.0047,"lastBolusTime":0,"time":"2023-12-23T08:07:00.000Z"}},{"iob":0.002,"basaliob":0.002,"bolussnooze":0,"activity":0,"lastBolusTime":0,"time":"2023-12-23T08:12:00.000Z","iobWithZeroTemp":{"iob":-0.461,"basaliob":-0.461,"bolussnooze":0,"activity":-0.0046,"lastBolusTime":0,"time":"2023-12-23T08:12:00.000Z"}},{"iob":0.002,"basaliob":0.002,"bolussnooze":0,"activity":0,"lastBolusTime":0,"time":"2023-12-23T08:17:00.000Z","iobWithZeroTemp":{"iob":-0.438,"basaliob":-0.438,"bolussnooze":0,"activity":-0.0046,"lastBolusTime":0,"time":"2023-12-23T08:17:00.000Z"}},{"iob":0.002,"basaliob":0.002,"bolussnooze":0,"activity":0,"lastBolusTime":0,"time":"2023-12-23T08:22:00.000Z","iobWithZeroTemp":{"iob":-0.415,"basaliob":-0.415,"bolussnooze":0,"activity":-0.0045,"lastBolusTime":0,"time":"2023-12-23T08:22:00.000Z"}},{"iob":0.002,"basaliob":0.002,"bolussnooze":0,"activity":0,"lastBolusTime":0,"time":"2023-12-23T08:27:00.000Z","iobWithZeroTemp":{"iob":-0.393,"basaliob":-0.393,"bolussnooze":0,"activity":-0.0044,"lastBolusTime":0,"time":"2023-12-23T08:27:00.000Z"}},{"iob":0.001,"basaliob":0.001,"bolussnooze":0,"activity":0,"lastBolusTime":0,"time":"2023-12-23T08:32:00.000Z","iobWithZeroTemp":{"iob":-0.373,"basaliob":-0.373,"bolussnooze":0,"activity":-0.0043,"lastBolusTime":0,"time":"2023-12-23T08:32:00.000Z"}},{"iob":0.001,"basaliob":0.001,"bolussnooze":0,"activity":0,"lastBolusTime":0,"time":"2023-12-23T08:37:00.000Z","iobWithZeroTemp":{"iob":-0.352,"basaliob":-0.352,"bolussnooze":0,"activity":-0.0041,"lastBolusTime":0,"time":"2023-12-23T08:37:00.000Z"}},{"iob":0.001,"basaliob":0.001,"bolussnooze":0,"activity":0,"lastBolusTime":0,"time":"2023-12-23T08:42:00.000Z","iobWithZeroTemp":{"iob":-0.331,"basaliob":-0.331,"bolussnooze":0,"activity":-0.004,"lastBolusTime":0,"time":"2023-12-23T08:42:00.000Z"}},{"iob":0.001,"basaliob":0.001,"bolussnooze":0,"activity":0,"lastBolusTime":0,"time":"2023-12-23T08:47:00.000Z","iobWithZeroTemp":{"iob":-0.312,"basaliob":-0.312,"bolussnooze":0,"activity":-0.0038,"lastBolusTime":0,"time":"2023-12-23T08:47:00.000Z"}},{"iob":0.001,"basaliob":0.001,"bolussnooze":0,"activity":0,"lastBolusTime":0,"time":"2023-12-23T08:52:00.000Z","iobWithZeroTemp":{"iob":-0.293,"basaliob":-0.293,"bolussnooze":0,"activity":-0.0037,"lastBolusTime":0,"time":"2023-12-23T08:52:00.000Z"}},{"iob":0.001,"basaliob":0.001,"bolussnooze":0,"activity":0,"lastBolusTime":0,"time":"2023-12-23T08:57:00.000Z","iobWithZeroTemp":{"iob":-0.275,"basaliob":-0.275,"bolussnooze":0,"activity":-0.0035,"lastBolusTime":0,"time":"2023-12-23T08:57:00.000Z"}},{"iob":0.001,"basaliob":0.001,"bolussnooze":0,"activity":0,"lastBolusTime":0,"time":"2023-12-23T09:02:00.000Z","iobWithZeroTemp":{"iob":-0.258,"basaliob":-0.258,"bolussnooze":0,"activity":-0.0034,"lastBolusTime":0,"time":"2023-12-23T09:02:00.000Z"}},{"iob":0.001,"basaliob":0.001,"bolussnooze":0,"activity":0,"lastBolusTime":0,"time":"2023-12-23T09:07:00.000Z","iobWithZeroTemp":{"iob":-0.242,"basaliob":-0.242,"bolussnooze":0,"activity":-0.0032,"lastBolusTime":0,"time":"2023-12-23T09:07:00.000Z"}},{"iob":0.001,"basaliob":0.001,"bolussnooze":0,"activity":0,"lastBolusTime":0,"time":"2023-12-23T09:12:00.000Z","iobWithZeroTemp":{"iob":-0.226,"basaliob":-0.226,"bolussnooze":0,"activity":-0.003,"lastBolusTime":0,"time":"2023-12-23T09:12:00.000Z"}},{"iob":0.001,"basaliob":0.001,"bolussnooze":0,"activity":0,"lastBolusTime":0,"time":"2023-12-23T09:17:00.000Z","iobWithZeroTemp":{"iob":-0.211,"basaliob":-0.211,"bolussnooze":0,"activity":-0.0029,"lastBolusTime":0,"time":"2023-12-23T09:17:00.000Z"}},{"iob":0,"basaliob":0,"bolussnooze":0,"activity":0,"lastBolusTime":0,"time":"2023-12-23T09:22:00.000Z","iobWithZeroTemp":{"iob":-0.198,"basaliob":-0.198,"bolussnooze":0,"activity":-0.0027,"lastBolusTime":0,"time":"2023-12-23T09:22:00.000Z"}},{"iob":0,"basaliob":0,"bolussnooze":0,"activity":0,"lastBolusTime":0,"time":"2023-12-23T09:27:00.000Z","iobWithZeroTemp":{"iob":-0.185,"basaliob":-0.185,"bolussnooze":0,"activity":-0.0026,"lastBolusTime":0,"time":"2023-12-23T09:27:00.000Z"}},{"iob":0,"basaliob":0,"bolussnooze":0,"activity":0,"lastBolusTime":0,"time":"2023-12-23T09:32:00.000Z","iobWithZeroTemp":{"iob":-0.173,"basaliob":-0.173,"bolussnooze":0,"activity":-0.0024,"lastBolusTime":0,"time":"2023-12-23T09:32:00.000Z"}},{"iob":0,"basaliob":0,"bolussnooze":0,"activity":0,"lastBolusTime":0,"time":"2023-12-23T09:37:00.000Z","iobWithZeroTemp":{"iob":-0.161,"basaliob":-0.161,"bolussnooze":0,"activity":-0.0023,"lastBolusTime":0,"time":"2023-12-23T09:37:00.000Z"}},{"iob":0,"basaliob":0,"bolussnooze":0,"activity":0,"lastBolusTime":0,"time":"2023-12-23T09:42:00.000Z","iobWithZeroTemp":{"iob":-0.15,"basaliob":-0.15,"bolussnooze":0,"activity":-0.0022,"lastBolusTime":0,"time":"2023-12-23T09:42:00.000Z"}},{"iob":0,"basaliob":0,"bolussnooze":0,"activity":0,"lastBolusTime":0,"time":"2023-12-23T09:47:00.000Z","iobWithZeroTemp":{"iob":-0.139,"basaliob":-0.139,"bolussnooze":0,"activity":-0.002,"lastBolusTime":0,"time":"2023-12-23T09:47:00.000Z"}},{"iob":0,"basaliob":0,"bolussnooze":0,"activity":0,"lastBolusTime":0,"time":"2023-12-23T09:52:00.000Z","iobWithZeroTemp":{"iob":-0.129,"basaliob":-0.129,"bolussnooze":0,"activity":-0.0019,"lastBolusTime":0,"time":"2023-12-23T09:52:00.000Z"}},{"iob":0,"basaliob":0,"bolussnooze":0,"activity":0,"lastBolusTime":0,"time":"2023-12-23T09:57:00.000Z","iobWithZeroTemp":{"iob":-0.12,"basaliob":-0.12,"bolussnooze":0,"activity":-0.0018,"lastBolusTime":0,"time":"2023-12-23T09:57:00.000Z"}},{"iob":0,"basaliob":0,"bolussnooze":0,"activity":0,"lastBolusTime":0,"time":"2023-12-23T10:02:00.000Z","iobWithZeroTemp":{"iob":-0.111,"basaliob":-0.111,"bolussnooze":0,"activity":-0.0017,"lastBolusTime":0,"time":"2023-12-23T10:02:00.000Z"}},{"iob":0,"basaliob":0,"bolussnooze":0,"activity":0,"lastBolusTime":0,"time":"2023-12-23T10:07:00.000Z","iobWithZeroTemp":{"iob":-0.103,"basaliob":-0.103,"bolussnooze":0,"activity":-0.0016,"lastBolusTime":0,"time":"2023-12-23T10:07:00.000Z"}},{"iob":0,"basaliob":0,"bolussnooze":0,"activity":0,"lastBolusTime":0,"time":"2023-12-23T10:12:00.000Z","iobWithZeroTemp":{"iob":-0.096,"basaliob":-0.096,"bolussnooze":0,"activity":-0.0015,"lastBolusTime":0,"time":"2023-12-23T10:12:00.000Z"}},{"iob":0,"basaliob":0,"bolussnooze":0,"activity":0,"lastBolusTime":0,"time":"2023-12-23T10:17:00.000Z","iobWithZeroTemp":{"iob":-0.088,"basaliob":-0.088,"bolussnooze":0,"activity":-0.0014,"lastBolusTime":0,"time":"2023-12-23T10:17:00.000Z"}},{"iob":0,"basaliob":0,"bolussnooze":0,"activity":0,"lastBolusTime":0,"time":"2023-12-23T10:22:00.000Z","iobWithZeroTemp":{"iob":-0.082,"basaliob":-0.082,"bolussnooze":0,"activity":-0.0013,"lastBolusTime":0,"time":"2023-12-23T10:22:00.000Z"}},{"iob":0,"basaliob":0,"bolussnooze":0,"activity":0,"lastBolusTime":0,"time":"2023-12-23T10:27:00.000Z","iobWithZeroTemp":{"iob":-0.076,"basaliob":-0.076,"bolussnooze":0,"activity":-0.0012,"lastBolusTime":0,"time":"2023-12-23T10:27:00.000Z"}},{"iob":0,"basaliob":0,"bolussnooze":0,"activity":0,"lastBolusTime":0,"time":"2023-12-23T10:32:00.000Z","iobWithZeroTemp":{"iob":-0.07,"basaliob":-0.07,"bolussnooze":0,"activity":-0.0011,"lastBolusTime":0,"time":"2023-12-23T10:32:00.000Z"}},{"iob":0,"basaliob":0,"bolussnooze":0,"activity":0,"lastBolusTime":0,"time":"2023-12-23T10:37:00.000Z","iobWithZeroTemp":{"iob":-0.064,"basaliob":-0.064,"bolussnooze":0,"activity":-0.001,"lastBolusTime":0,"time":"2023-12-23T10:37:00.000Z"}},{"iob":0,"basaliob":0,"bolussnooze":0,"activity":0,"lastBolusTime":0,"time":"2023-12-23T10:42:00.000Z","iobWithZeroTemp":{"iob":-0.059,"basaliob":-0.059,"bolussnooze":0,"activity":-0.001,"lastBolusTime":0,"time":"2023-12-23T10:42:00.000Z"}},{"iob":0,"basaliob":0,"bolussnooze":0,"activity":0,"lastBolusTime":0,"time":"2023-12-23T10:47:00.000Z","iobWithZeroTemp":{"iob":-0.055,"basaliob":-0.055,"bolussnooze":0,"activity":-9.0E-4,"lastBolusTime":0,"time":"2023-12-23T10:47:00.000Z"}},{"iob":0,"basaliob":0,"bolussnooze":0,"activity":0,"lastBolusTime":0,"time":"2023-12-23T10:52:00.000Z","iobWithZeroTemp":{"iob":-0.05,"basaliob":-0.05,"bolussnooze":0,"activity":-8.0E-4,"lastBolusTime":0,"time":"2023-12-23T10:52:00.000Z"}},{"iob":0,"basaliob":0,"bolussnooze":0,"activity":0,"lastBolusTime":0,"time":"2023-12-23T10:57:00.000Z","iobWithZeroTemp":{"iob":-0.046,"basaliob":-0.046,"bolussnooze":0,"activity":-8.0E-4,"lastBolusTime":0,"time":"2023-12-23T10:57:00.000Z"}},{"iob":0,"basaliob":0,"bolussnooze":0,"activity":0,"lastBolusTime":0,"time":"2023-12-23T11:02:00.000Z","iobWithZeroTemp":{"iob":-0.043,"basaliob":-0.043,"bolussnooze":0,"activity":-7.0E-4,"lastBolusTime":0,"time":"2023-12-23T11:02:00.000Z"}},{"iob":0,"basaliob":0,"bolussnooze":0,"activity":0,"lastBolusTime":0,"time":"2023-12-23T11:07:00.000Z","iobWithZeroTemp":{"iob":-0.039,"basaliob":-0.039,"bolussnooze":0,"activity":-7.0E-4,"lastBolusTime":0,"time":"2023-12-23T11:07:00.000Z"}},{"iob":0,"basaliob":0,"bolussnooze":0,"activity":0,"lastBolusTime":0,"time":"2023-12-23T11:12:00.000Z","iobWithZeroTemp":{"iob":-0.036,"basaliob":-0.036,"bolussnooze":0,"activity":-6.0E-4,"lastBolusTime":0,"time":"2023-12-23T11:12:00.000Z"}},{"iob":0,"basaliob":0,"bolussnooze":0,"activity":0,"lastBolusTime":0,"time":"2023-12-23T11:17:00.000Z","iobWithZeroTemp":{"iob":-0.033,"basaliob":-0.033,"bolussnooze":0,"activity":-6.0E-4,"lastBolusTime":0,"time":"2023-12-23T11:17:00.000Z"}},{"iob":0,"basaliob":0,"bolussnooze":0,"activity":0,"lastBolusTime":0,"time":"2023-12-23T11:22:00.000Z","iobWithZeroTemp":{"iob":-0.03,"basaliob":-0.03,"bolussnooze":0,"activity":-5.0E-4,"lastBolusTime":0,"time":"2023-12-23T11:22:00.000Z"}},{"iob":0,"basaliob":0,"bolussnooze":0,"activity":0,"lastBolusTime":0,"time":"2023-12-23T11:27:00.000Z","iobWithZeroTemp":{"iob":-0.028,"basaliob":-0.028,"bolussnooze":0,"activity":-5.0E-4,"lastBolusTime":0,"time":"2023-12-23T11:27:00.000Z"}},{"iob":0,"basaliob":0,"bolussnooze":0,"activity":0,"lastBolusTime":0,"time":"2023-12-23T11:32:00.000Z","iobWithZeroTemp":{"iob":-0.025,"basaliob":-0.025,"bolussnooze":0,"activity":-5.0E-4,"lastBolusTime":0,"time":"2023-12-23T11:32:00.000Z"}},{"iob":0,"basaliob":0,"bolussnooze":0,"activity":0,"lastBolusTime":0,"time":"2023-12-23T11:37:00.000Z","iobWithZeroTemp":{"iob":-0.023,"basaliob":-0.023,"bolussnooze":0,"activity":-4.0E-4,"lastBolusTime":0,"time":"2023-12-23T11:37:00.000Z"}},{"iob":0,"basaliob":0,"bolussnooze":0,"activity":0,"lastBolusTime":0,"time":"2023-12-23T11:42:00.000Z","iobWithZeroTemp":{"iob":-0.021,"basaliob":-0.021,"bolussnooze":0,"activity":-4.0E-4,"lastBolusTime":0,"time":"2023-12-23T11:42:00.000Z"}},{"iob":0,"basaliob":0,"bolussnooze":0,"activity":0,"lastBolusTime":0,"time":"2023-12-23T11:47:00.000Z","iobWithZeroTemp":{"iob":-0.019,"basaliob":-0.019,"bolussnooze":0,"activity":-4.0E-4,"lastBolusTime":0,"time":"2023-12-23T11:47:00.000Z"}},{"iob":0,"basaliob":0,"bolussnooze":0,"activity":0,"lastBolusTime":0,"time":"2023-12-23T11:52:00.000Z","iobWithZeroTemp":{"iob":-0.018,"basaliob":-0.018,"bolussnooze":0,"activity":-3.0E-4,"lastBolusTime":0,"time":"2023-12-23T11:52:00.000Z"}},{"iob":0,"basaliob":0,"bolussnooze":0,"activity":0,"lastBolusTime":0,"time":"2023-12-23T11:57:00.000Z","iobWithZeroTemp":{"iob":-0.016,"basaliob":-0.016,"bolussnooze":0,"activity":-3.0E-4,"lastBolusTime":0,"time":"2023-12-23T11:57:00.000Z"}},{"iob":0,"basaliob":0,"bolussnooze":0,"activity":0,"lastBolusTime":0,"time":"2023-12-23T12:02:00.000Z","iobWithZeroTemp":{"iob":-0.015,"basaliob":-0.015,"bolussnooze":0,"activity":-3.0E-4,"lastBolusTime":0,"time":"2023-12-23T12:02:00.000Z"}},{"iob":0,"basaliob":0,"bolussnooze":0,"activity":0,"lastBolusTime":0,"time":"2023-12-23T12:07:00.000Z","iobWithZeroTemp":{"iob":-0.013,"basaliob":-0.013,"bolussnooze":0,"activity":-3.0E-4,"lastBolusTime":0,"time":"2023-12-23T12:07:00.000Z"}},{"iob":0,"basaliob":0,"bolussnooze":0,"activity":0,"lastBolusTime":0,"time":"2023-12-23T12:12:00.000Z","iobWithZeroTemp":{"iob":-0.012,"basaliob":-0.012,"bolussnooze":0,"activity":-2.0E-4,"lastBolusTime":0,"time":"2023-12-23T12:12:00.000Z"}},{"iob":0,"basaliob":0,"bolussnooze":0,"activity":0,"lastBolusTime":0,"time":"2023-12-23T12:17:00.000Z","iobWithZeroTemp":{"iob":-0.011,"basaliob":-0.011,"bolussnooze":0,"activity":-2.0E-4,"lastBolusTime":0,"time":"2023-12-23T12:17:00.000Z"}},{"iob":0,"basaliob":0,"bolussnooze":0,"activity":0,"lastBolusTime":0,"time":"2023-12-23T12:22:00.000Z","iobWithZeroTemp":{"iob":-0.01,"basaliob":-0.01,"bolussnooze":0,"activity":-2.0E-4,"lastBolusTime":0,"time":"2023-12-23T12:22:00.000Z"}},{"iob":0,"basaliob":0,"bolussnooze":0,"activity":0,"lastBolusTime":0,"time":"2023-12-23T12:27:00.000Z","iobWithZeroTemp":{"iob":-0.009,"basaliob":-0.009,"bolussnooze":0,"activity":-2.0E-4,"lastBolusTime":0,"time":"2023-12-23T12:27:00.000Z"}},{"iob":0,"basaliob":0,"bolussnooze":0,"activity":0,"lastBolusTime":0,"time":"2023-12-23T12:32:00.000Z","iobWithZeroTemp":{"iob":-0.008,"basaliob":-0.008,"bolussnooze":0,"activity":-2.0E-4,"lastBolusTime":0,"time":"2023-12-23T12:32:00.000Z"}},{"iob":0,"basaliob":0,"bolussnooze":0,"activity":0,"lastBolusTime":0,"time":"2023-12-23T12:37:00.000Z","iobWithZeroTemp":{"iob":-0.007,"basaliob":-0.007,"bolussnooze":0,"activity":-1.0E-4,"lastBolusTime":0,"time":"2023-12-23T12:37:00.000Z"}},{"iob":0,"basaliob":0,"bolussnooze":0,"activity":0,"lastBolusTime":0,"time":"2023-12-23T12:42:00.000Z","iobWithZeroTemp":{"iob":-0.007,"basaliob":-0.007,"bolussnooze":0,"activity":-1.0E-4,"lastBolusTime":0,"time":"2023-12-23T12:42:00.000Z"}},{"iob":0,"basaliob":0,"bolussnooze":0,"activity":0,"lastBolusTime":0,"time":"2023-12-23T12:47:00.000Z","iobWithZeroTemp":{"iob":-0.006,"basaliob":-0.006,"bolussnooze":0,"activity":-1.0E-4,"lastBolusTime":0,"time":"2023-12-23T12:47:00.000Z"}},{"iob":0,"basaliob":0,"bolussnooze":0,"activity":0,"lastBolusTime":0,"time":"2023-12-23T12:52:00.000Z","iobWithZeroTemp":{"iob":-0.005,"basaliob":-0.005,"bolussnooze":0,"activity":-1.0E-4,"lastBolusTime":0,"time":"2023-12-23T12:52:00.000Z"}},{"iob":0,"basaliob":0,"bolussnooze":0,"activity":0,"lastBolusTime":0,"time":"2023-12-23T12:57:00.000Z","iobWithZeroTemp":{"iob":-0.005,"basaliob":-0.005,"bolussnooze":0,"activity":-1.0E-4,"lastBolusTime":0,"time":"2023-12-23T12:57:00.000Z"}},{"iob":0,"basaliob":0,"bolussnooze":0,"activity":0,"lastBolusTime":0,"time":"2023-12-23T13:02:00.000Z","iobWithZeroTemp":{"iob":-0.004,"basaliob":-0.004,"bolussnooze":0,"activity":-1.0E-4,"lastBolusTime":0,"time":"2023-12-23T13:02:00.000Z"}},{"iob":0,"basaliob":0,"bolussnooze":0,"activity":0,"lastBolusTime":0,"time":"2023-12-23T13:07:00.000Z","iobWithZeroTemp":{"iob":-0.004,"basaliob":-0.004,"bolussnooze":0,"activity":-1.0E-4,"lastBolusTime":0,"time":"2023-12-23T13:07:00.000Z"}},{"iob":0,"basaliob":0,"bolussnooze":0,"activity":0,"lastBolusTime":0,"time":"2023-12-23T13:12:00.000Z","iobWithZeroTemp":{"iob":-0.004,"basaliob":-0.004,"bolussnooze":0,"activity":-1.0E-4,"lastBolusTime":0,"time":"2023-12-23T13:12:00.000Z"}},{"iob":0,"basaliob":0,"bolussnooze":0,"activity":0,"lastBolusTime":0,"time":"2023-12-23T13:17:00.000Z","iobWithZeroTemp":{"iob":-0.003,"basaliob":-0.003,"bolussnooze":0,"activity":-1.0E-4,"lastBolusTime":0,"time":"2023-12-23T13:17:00.000Z"}},{"iob":0,"basaliob":0,"bolussnooze":0,"activity":0,"lastBolusTime":0,"time":"2023-12-23T13:22:00.000Z","iobWithZeroTemp":{"iob":-0.003,"basaliob":-0.003,"bolussnooze":0,"activity":-1.0E-4,"lastBolusTime":0,"time":"2023-12-23T13:22:00.000Z"}},{"iob":0,"basaliob":0,"bolussnooze":0,"activity":0,"lastBolusTime":0,"time":"2023-12-23T13:27:00.000Z","iobWithZeroTemp":{"iob":-0.003,"basaliob":-0.003,"bolussnooze":0,"activity":-1.0E-4,"lastBolusTime":0,"time":"2023-12-23T13:27:00.000Z"}}],"profile":{"max_iob":1.5,"dia":3,"type":"current","max_daily_basal":0.5,"max_basal":1,"min_bg":99,"max_bg":99,"target_bg":99,"carb_ratio":25,"sens":142.20000000000002,"max_daily_safety_multiplier":3,"current_basal_safety_multiplier":4,"skip_neutral_temps":true,"current_basal":0.25,"temptargetSet":false,"autosens_adjust_targets":true,"min_5m_carbimpact":5.5,"out_units":"mmol\/L"},"autosens_data":{"ratio":1.01},"meal_data":{"carbs":0,"mealCOB":0}},"output":{"temp":"absolute","bg":125,"tick":"+0","eventualBG":111,"snoozeBG":111,"predBGs":{"IOB":[125,124,124,123,123,122,122,121,121,120,120,119,118,118,117,117,116,116,116,115,115,115,114,114,114,113,113,113,113,113,112,112,112,112,112,112,112,111]},"COB":0,"IOB":0.121,"reason":"COB: 0, Dev: 3, BGI: -0.99, ISF: 7.8, Target: 5.5; Autosens: 1.01; Eventual BG 6.2 >= 5.5, temp 0.350 < 0.39U\/hr, but 25m left and 0.35 ~ req 0.3925U\/hr: no action required","timestamp":"2023-12-23T04:01:05.957Z"}}