{"algorithm":"OpenAPSAMAPlugin","input":{"glucoseStatus":{"glucose":159,"delta":5.33,"short_avgdelta":4.54,"long_avgdelta":4.77},"currenttemp":{"temp":"absolute","duration":10,"rate":1.5,"minutesrunning":20},"iob_data":[{"iob":0.543,"basaliob":0.543,"bolussnooze":0,"activity":0.0026,"lastBolusTime":1703254530927,"time":"2023-12-22T21:07:00.000Z","iobWithZeroTemp":{"iob":0.543,"basaliob":0.543,"bolussnooze":0,"activity":0.0026,"lastBolusTime":1703254530927,"time":"2023-12-22T21:07:00.000Z"}},{"iob":0.528,"basaliob":0.528,"bolussnooze":0,"activity":0.003,"lastBolusTime":1703254530927,"time":"2023-12-22T21:12:00.000Z","iobWithZeroTemp":{"iob":0.486,"basaliob":0.486,"bolussnooze":0,"activity":0.003,"lastBolusTime":1703254530927,"time":"2023-12-22T21:12:00.000Z"}},{"iob":0.512,"basaliob":0.512,"bolussnooze":0,"activity":0.0033,"lastBolusTime":1703254530927,"time":"2023-12-22T21:17:00.000Z","iobWithZeroTemp":{"iob":0.429,"basaliob":0.429,"bolussnooze":0,"activity":0.0032,"lastBolusTime":1703254530927,"time":"2023-12-22T21:17:00.000Z"}},{"iob":0.495,"basaliob":0.495,"bolussnooze":0,"activity":0.0036,"lastBolusTime":1703254530927,"time":"2023-12-22T21:22:00.000Z","iobWithZeroTemp":{"iob":0.371,"basaliob":0.371,"bolussnooze":0,"activity":0.0033,"lastBolusTime":1703254530927,"time":"2023-12-22T21:22:00.000Z"}},{"iob":0.477,"basaliob":0.477,"bolussnooze":0,"activity":0.0037,"lastBolusTime":1703254530927,"time":"2023-12-22T21:27:00.000Z","iobWithZeroTemp":{"iob":0.313,"basaliob":0.313,"bolussnooze":0,"activity":0.0033,"lastBolusTime":1703254530927,"time":"2023-12-22T21:27:00.000Z"}},{"iob":0.458,"basaliob":0.458,"bolussnooze":0,"activity":0.0038,"lastBolusTime":1703254530927,"time":"2023-12-22T21:32:00.000Z","iobWithZeroTemp":{"iob":0.255,"basaliob":0.255,"bolussnooze":0,"activity":0.0031,"lastBolusTime":1703254530927,"time":"2023-12-22T21:32:00.000Z"}},{"iob":0.439,"basaliob":0.439,"bolussnooze":0,"activity":0.0039,"lastBolusTime":1703254530927,"time":"2023-12-22T21:37:00.000Z","iobWithZeroTemp":{"iob":0.199,"basaliob":0.199,"bolussnooze":0,"activity":0.003,"lastBolusTime":1703254530927,"time":"2023-12-22T21:37:00.000Z"}},{"iob":0.419,"basaliob":0.419,"bolussnooze":0,"activity":0.0039,"lastBolusTime":1703254530927,"time":"2023-12-22T21:42:00.000Z","iobWithZeroTemp":{"iob":0.142,"basaliob":0.142,"bolussnooze":0,"activity":0.0028,"lastBolusTime":1703254530927,"time":"2023-12-22T21:42:00.000Z"}},{"iob":0.399,"basaliob":0.399,"bolussnooze":0,"activity":0.0039,"lastBolusTime":1703254530927,"time":"2023-12-22T21:47:00.000Z","iobWithZeroTemp":{"iob":0.087,"basaliob":0.087,"bolussnooze":0,"activity":0.0025,"lastBolusTime":1703254530927,"time":"2023-12-22T21:47:00.000Z"}},{"iob":0.38,"basaliob":0.38,"bolussnooze":0,"activity":0.0039,"lastBolusTime":1703254530927,"time":"2023-12-22T21:52:00.000Z","iobWithZeroTemp":{"iob":0.034,"basaliob":0.034,"bolussnooze":0,"activity":0.0022,"lastBolusTime":1703254530927,"time":"2023-12-22T21:52:00.000Z"}},{"iob":0.361,"basaliob":0.361,"bolussnooze":0,"activity":0.0038,"lastBolusTime":1703254530927,"time":"2023-12-22T21:57:00.000Z","iobWithZeroTemp":{"iob":-0.018,"basaliob":-0.018,"bolussnooze":0,"activity":0.0018,"lastBolusTime":1703254530927,"time":"2023-12-22T21:57:00.000Z"}},{"iob":0.342,"basaliob":0.342,"bolussnooze":0,"activity":0.0037,"lastBolusTime":1703254530927,"time":"2023-12-22T22:02:00.000Z","iobWithZeroTemp":{"iob":-0.068,"basaliob":-0.068,"bolussnooze":0,"activity":0.0014,"lastBolusTime":1703254530927,"time":"2023-12-22T22:02:00.000Z"}},{"iob":0.323,"basaliob":0.323,"bolussnooze":0,"activity":0.0036,"lastBolusTime":1703254530927,"time":"2023-12-22T22:07:00.000Z","iobWithZeroTemp":{"iob":-0.117,"basaliob":-0.117,"bolussnooze":0,"activity":0.0011,"lastBolusTime":1703254530927,"time":"2023-12-22T22:07:00.000Z"}},{"iob":0.305,"basaliob":0.305,"bolussnooze":0,"activity":0.0035,"lastBolusTime":1703254530927,"time":"2023-12-22T22:12:00.000Z","iobWithZeroTemp":{"iob":-0.163,"basaliob":-0.163,"bolussnooze":0,"activity":7.0E-4,"lastBolusTime":1703254530927,"time":"2023-12-22T22:12:00.000Z"}},{"iob":0.288,"basaliob":0.288,"bolussnooze":0,"activity":0.0034,"lastBolusTime":1703254530927,"time":"2023-12-22T22:17:00.000Z","iobWithZeroTemp":{"iob":-0.207,"basaliob":-0.207,"bolussnooze":0,"activity":3.0E-4,"lastBolusTime":1703254530927,"time":"2023-12-22T22:17:00.000Z"}},{"iob":0.271,"basaliob":0.271,"bolussnooze":0,"activity":0.0033,"lastBolusTime":1703254530927,"time":"2023-12-22T22:22:00.000Z","iobWithZeroTemp":{"iob":-0.249,"basaliob":-0.249,"bolussnooze":0,"activity":-1.0E-4,"lastBolusTime":1703254530927,"time":"2023-12-22T22:22:00.000Z"}},{"iob":0.255,"basaliob":0.255,"bolussnooze":0,"activity":0.0032,"lastBolusTime":1703254530927,"time":"2023-12-22T22:27:00.000Z","iobWithZeroTemp":{"iob":-0.289,"basaliob":-0.289,"bolussnooze":0,"activity":-4.0E-4,"lastBolusTime":1703254530927,"time":"2023-12-22T22:27:00.000Z"}},{"iob":0.24,"basaliob":0.24,"bolussnooze":0,"activity":0.003,"lastBolusTime":1703254530927,"time":"2023-12-22T22:32:00.000Z","iobWithZeroTemp":{"iob":-0.327,"basaliob":-0.327,"bolussnooze":0,"activity":-9.0E-4,"lastBolusTime":1703254530927,"time":"2023-12-22T22:32:00.000Z"}},{"iob":0.225,"basaliob":0.225,"bolussnooze":0,"activity":0.0029,"lastBolusTime":1703254530927,"time":"2023-12-22T22:37:00.000Z","iobWithZeroTemp":{"iob":-0.364,"basaliob":-0.364,"bolussnooze":0,"activity":-0.0013,"lastBolusTime":1703254530927,"time":"2023-12-22T22:37:00.000Z"}},{"iob":0.211,"basaliob":0.211,"bolussnooze":0,"activity":0.0027,"lastBolusTime":1703254530927,"time":"2023-12-22T22:42:00.000Z","iobWithZeroTemp":{"iob":-0.398,"basaliob":-0.398,"bolussnooze":0,"activity":-0.0017,"lastBolusTime":1703254530927,"time":"2023-12-22T22:42:00.000Z"}},{"iob":0.198,"basaliob":0.198,"bolussnooze":0,"activity":0.0026,"lastBolusTime":1703254530927,"time":"2023-12-22T22:47:00.000Z","iobWithZeroTemp":{"iob":-0.43,"basaliob":-0.43,"bolussnooze":0,"activity":-0.002,"lastBolusTime":1703254530927,"time":"2023-12-22T22:47:00.000Z"}},{"iob":0.185,"basaliob":0.185,"bolussnooze":0,"activity":0.0025,"lastBolusTime":1703254530927,"time":"2023-12-22T22:52:00.000Z","iobWithZeroTemp":{"iob":-0.461,"basaliob":-0.461,"bolussnooze":0,"activity":-0.0024,"lastBolusTime":1703254530927,"time":"2023-12-22T22:52:00.000Z"}},{"iob":0.173,"basaliob":0.173,"bolussnooze":0,"activity":0.0024,"lastBolusTime":1703254530927,"time":"2023-12-22T22:57:00.000Z","iobWithZeroTemp":{"iob":-0.49,"basaliob":-0.49,"bolussnooze":0,"activity":-0.0027,"lastBolusTime":1703254530927,"time":"2023-12-22T22:57:00.000Z"}},{"iob":0.161,"basaliob":0.161,"bolussnooze":0,"activity":0.0022,"lastBolusTime":1703254530927,"time":"2023-12-22T23:02:00.000Z","iobWithZeroTemp":{"iob":-0.518,"basaliob":-0.518,"bolussnooze":0,"activity":-0.0031,"lastBolusTime":1703254530927,"time":"2023-12-22T23:02:00.000Z"}},{"iob":0.15,"basaliob":0.15,"bolussnooze":0,"activity":0.0021,"lastBolusTime":1703254530927,"time":"2023-12-22T23:07:00.000Z","iobWithZeroTemp":{"iob":-0.523,"basaliob":-0.523,"bolussnooze":0,"activity":-0.0034,"lastBolusTime":1703254530927,"time":"2023-12-22T23:07:00.000Z"}},{"iob":0.14,"basaliob":0.14,"bolussnooze":0,"activity":0.002,"lastBolusTime":1703254530927,"time":"2023-12-22T23:12:00.000Z","iobWithZeroTemp":{"iob":-0.526,"basaliob":-0.526,"bolussnooze":0,"activity":-0.0036,"lastBolusTime":1703254530927,"time":"2023-12-22T23:12:00.000Z"}},{"iob":0.131,"basaliob":0.131,"bolussnooze":0,"activity":0.0019,"lastBolusTime":0,"time":"2023-12-22T23:17:00.000Z","iobWithZeroTemp":{"iob":-0.527,"basaliob":-0.527,"bolussnooze":0,"activity":-0.0038,"lastBolusTime":0,"time":"2023-12-22T23:17:00.000Z"}},{"iob":0.121,"basaliob":0.121,"bolussnooze":0,"activity":0.0018,"lastBolusTime":0,"time":"2023-12-22T23:22:00.000Z","iobWithZeroTemp":{"iob":-0.53,"basaliob":-0.53,"bolussnooze":0,"activity":-0.004,"lastBolusTime":0,"time":"2023-12-22T23:22:00.000Z"}},{"iob":0.113,"basaliob":0.113,"bolussnooze":0,"activity":0.0017,"lastBolusTime":0,"time":"2023-12-22T23:27:00.000Z","iobWithZeroTemp":{"iob":-0.529,"basaliob":-0.529,"bolussnooze":0,"activity":-0.0041,"lastBolusTime":0,"time":"2023-12-22T23:27:00.000Z"}},{"iob":0.105,"basaliob":0.105,"bolussnooze":0,"activity":0.0016,"lastBolusTime":0,"time":"2023-12-22T23:32:00.000Z","iobWithZeroTemp":{"iob":-0.529,"basaliob":-0.529,"bolussnooze":0,"activity":-0.0043,"lastBolusTime":0,"time":"2023-12-22T23:32:00.000Z"}},{"iob":0.097,"basaliob":0.097,"bolussnooze":0,"activity":0.0015,"lastBolusTime":0,"time":"2023-12-22T23:37:00.000Z","iobWithZeroTemp":{"iob":-0.529,"basaliob":-0.529,"bolussnooze":0,"activity":-0.0044,"lastBolusTime":0,"time":"2023-12-22T23:37:00.000Z"}},{"iob":0.09,"basaliob":0.09,"bolussnooze":0,"activity":0.0014,"lastBolusTime":0,"time":"2023-12-22T23:42:00.000Z","iobWithZeroTemp":{"iob":-0.527,"basaliob":-0.527,"bolussnooze":0,"activity":-0.0045,"lastBolusTime":0,"time":"2023-12-22T23:42:00.000Z"}},{"iob":0.084,"basaliob":0.084,"bolussnooze":0,"activity":0.0013,"lastBolusTime":0,"time":"2023-12-22T23:47:00.000Z","iobWithZeroTemp":{"iob":-0.525,"basaliob":-0.525,"bolussnooze":0,"activity":-0.0046,"lastBolusTime":0,"time":"2023-12-22T23:47:00.000Z"}},{"iob":0.077,"basaliob":0.077,"bolussnooze":0,"activity":0.0012,"lastBolusTime":0,"time":"2023-12-22T23:52:00.000Z","iobWithZeroTemp":{"iob":-0.523,"basaliob":-0.523,"bolussnooze":0,"activity":-0.0046,"lastBolusTime":0,"time":"2023-12-22T23:52:00.000Z"}},{"iob":0.072,"basaliob":0.072,"bolussnooze":0,"activity":0.0011,"lastBolusTime":0,"time":"2023-12-22T23:57:00.000Z","iobWithZeroTemp":{"iob":-0.52,"basaliob":-0.52,"bolussnooze":0,"activity":-0.0047,"lastBolusTime":0,"time":"2023-12-22T23:57:00.000Z"}},{"iob":0.066,"basaliob":0.066,"bolussnooze":0,"activity":0.001,"lastBolusTime":0,"time":"2023-12-23T00:02:00.000Z","iobWithZeroTemp":{"iob":-0.518,"basaliob":-0.518,"bolussnooze":0,"activity":-0.0048,"lastBolusTime":0,"time":"2023-12-23T00:02:00.000Z"}},{"iob":0.061,"basaliob":0.061,"bolussnooze":0,"activity":0.001,"lastBolusTime":0,"time":"2023-12-23T00:07:00.000Z","iobWithZeroTemp":{"iob":-0.515,"basaliob":-0.515,"bolussnooze":0,"activity":-0.0047,"lastBolusTime":0,"time":"2023-12-23T00:07:00.000Z"}},{"iob":0.057,"basaliob":0.057,"bolussnooze":0,"activity":9.0E-4,"lastBolusTime":0,"time":"2023-12-23T00:12:00.000Z","iobWithZeroTemp":{"iob":-0.511,"basaliob":-0.511,"bolussnooze":0,"activity":-0.0048,"lastBolusTime":0,"time":"2023-12-23T00:12:00.000Z"}},{"iob":0.052,"basaliob":0.052,"bolussnooze":0,"activity":8.0E-4,"lastBolusTime":0,"time":"2023-12-23T00:17:00.000Z","iobWithZeroTemp":{"iob":-0.509,"basaliob":-0.509,"bolussnooze":0,"activity":-0.0048,"lastBolusTime":0,"time":"2023-12-23T00:17:00.000Z"}},{"iob":0.048,"basaliob":0.048,"bolussnooze":0,"activity":8.0E-4,"lastBolusTime":0,"time":"2023-12-23T00:22:00.000Z","iobWithZeroTemp":{"iob":-0.506,"basaliob":-0.506,"bolussnooze":0,"activity":-0.0048,"lastBolusTime":0,"time":"2023-12-23T00:22:00.000Z"}},{"iob":0.044,"basaliob":0.044,"bolussnooze":0,"activity":7.0E-4,"lastBolusTime":0,"time":"2023-12-23T00:27:00.000Z","iobWithZeroTemp":{"iob":-0.503,"basaliob":-0.503,"bolussnooze":0,"activity":-0.0048,"lastBolusTime":0,"time":"2023-12-23T00:27:00.000Z"}},{"iob":0.041,"basaliob":0.041,"bolussnooze":0,"activity":7.0E-4,"lastBolusTime":0,"time":"2023-12-23T00:32:00.000Z","iobWithZeroTemp":{"iob":-0.5,"basaliob":-0.5,"bolussnooze":0,"activity":-0.0047,"lastBolusTime":0,"time":"2023-12-23T00:32:00.000Z"}},{"iob":0.038,"basaliob":0.038,"bolussnooze":0,"activity":6.0E-4,"lastBolusTime":0,"time":"2023-12-23T00:37:00.000Z","iobWithZeroTemp":{"iob":-0.497,"basaliob":-0.497,"bolussnooze":0,"activity":-0.0048,"lastBolusTime":0,"time":"2023-12-23T00:37:00.000Z"}},{"iob":0.035,"basaliob":0.035,"bolussnooze":0,"activity":6.0E-4,"lastBolusTime":0,"time":"2023-12-23T00:42:00.000Z","iobWithZeroTemp":{"iob":-0.494,"basaliob":-0.494,"bolussnooze":0,"activity":-0.0047,"lastBolusTime":0,"time":"2023-12-23T00:42:00.000Z"}},{"iob":0.032,"basaliob":0.032,"bolussnooze":0,"activity":5.0E-4,"lastBolusTime":0,"time":"2023-12-23T00:47:00.000Z","iobWithZeroTemp":{"iob":-0.491,"basaliob":-0.491,"bolussnooze":0,"activity":-0.0048,"lastBolusTime":0,"time":"2023-12-23T00:47:00.000Z"}},{"iob":0.029,"basaliob":0.029,"bolussnooze":0,"activity":5.0E-4,"lastBolusTime":0,"time":"2023-12-23T00:52:00.000Z","iobWithZeroTemp":{"iob":-0.489,"basaliob":-0.489,"bolussnooze":0,"activity":-0.0047,"lastBolusTime":0,"time":"2023-12-23T00:52:00.000Z"}},{"iob":0.027,"basaliob":0.027,"bolussnooze":0,"activity":5.0E-4,"lastBolusTime":0,"time":"2023-12-23T00:57:00.000Z","iobWithZeroTemp":{"iob":-0.486,"basaliob":-0.486,"bolussnooze":0,"activity":-0.0047,"lastBolusTime":0,"time":"2023-12-23T00:57:00.000Z"}},{"iob":0.025,"basaliob":0.025,"bolussnooze":0,"activity":4.0E-4,"lastBolusTime":0,"time":"2023-12-23T01:02:00.000Z","iobWithZeroTemp":{"iob":-0.483,"basaliob":-0.483,"bolussnooze":0,"activity":-0.0047,"lastBolusTime":0,"time":"2023-12-23T01:02:00.000Z"}},{"iob":0.022,"basaliob":0.022,"bolussnooze":0,"activity":4.0E-4,"lastBolusTime":0,"time":"2023-12-23T01:07:00.000Z","iobWithZeroTemp":{"iob":-0.481,"basaliob":-0.481,"bolussnooze":0,"activity":-0.0046,"lastBolusTime":0,"time":"2023-12-23T01:07:00.000Z"}},{"iob":0.021,"basaliob":0.021,"bolussnooze":0,"activity":4.0E-4,"lastBolusTime":0,"time":"2023-12-23T01:12:00.000Z","iobWithZeroTemp":{"iob":-0.457,"basaliob":-0.457,"bolussnooze":0,"activity":-0.0046,"lastBolusTime":0,"time":"2023-12-23T01:12:00.000Z"}},{"iob":0.019,"basaliob":0.019,"bolussnooze":0,"activity":3.0E-4,"lastBolusTime":0,"time":"2023-12-23T01:17:00.000Z","iobWithZeroTemp":{"iob":-0.435,"basaliob":-0.435,"bolussnooze":0,"activity":-0.0046,"lastBolusTime":0,"time":"2023-12-23T01:17:00.000Z"}},{"iob":0.017,"basaliob":0.017,"bolussnooze":0,"activity":3.0E-4,"lastBolusTime":0,"time":"2023-12-23T01:22:00.000Z","iobWithZeroTemp":{"iob":-0.413,"basaliob":-0.413,"bolussnooze":0,"activity":-0.0045,"lastBolusTime":0,"time":"2023-12-23T01:22:00.000Z"}},{"iob":0.016,"basaliob":0.016,"bolussnooze":0,"activity":3.0E-4,"lastBolusTime":0,"time":"2023-12-23T01:27:00.000Z","iobWithZeroTemp":{"iob":-0.39,"basaliob":-0.39,"bolussnooze":0,"activity":-0.0043,"lastBolusTime":0,"time":"2023-12-23T01:27:00.000Z"}},{"iob":0.014,"basaliob":0.014,"bolussnooze":0,"activity":3.0E-4,"lastBolusTime":0,"time":"2023-12-23T01:32:00.000Z","iobWithZeroTemp":{"iob":-0.369,"basaliob":-0.369,"bolussnooze":0,"activity":-0.0042,"lastBolusTime":0,"time":"2023-12-23T01:32:00.000Z"}},{"iob":0.013,"basaliob":0.013,"bolussnooze":0,"activity":2.0E-4,"lastBolusTime":0,"time":"2023-12-23T01:37:00.000Z","iobWithZeroTemp":{"iob":-0.348,"basaliob":-0.348,"bolussnooze":0,"activity":-0.0041,"lastBolusTime":0,"time":"2023-12-23T01:37:00.000Z"}},{"iob":0.012,"basaliob":0.012,"bolussnooze":0,"activity":2.0E-4,"lastBolusTime":0,"time":"2023-12-23T01:42:00.000Z","iobWithZeroTemp":{"iob":-0.328,"basaliob":-0.328,"bolussnooze":0,"activity":-0.004,"lastBolusTime":0,"time":"2023-12-23T01:42:00.000Z"}},{"iob":0.011,"basaliob":0.011,"bolussnooze":0,"activity":2.0E-4,"lastBolusTime":0,"time":"2023-12-23T01:47:00.000Z","iobWithZeroTemp":{"iob":-0.308,"basaliob":-0.308,"bolussnooze":0,"activity":-0.0038,"lastBolusTime":0,"time":"2023-12-23T01:47:00.000Z"}},{"iob":0.01,"basaliob":0.01,"bolussnooze":0,"activity":2.0E-4,"lastBolusTime":0,"time":"2023-12-23T01:52:00.000Z","iobWithZeroTemp":{"iob":-0.29,"basaliob":-0.29,"bolussnooze":0,"activity":-0.0036,"lastBolusTime":0,"time":"2023-12-23T01:52:00.000Z"}},{"iob":0.009,"basaliob":0.009,"bolussnooze":0,"activity":2.0E-4,"lastBolusTime":0,"time":"2023-12-23T01:57:00.000Z","iobWithZeroTemp":{"iob":-0.272,"basaliob":-0.272,"bolussnooze":0,"activity":-0.0034,"lastBolusTime":0,"time":"2023-12-23T01:57:00.000Z"}},{"iob":0.008,"basaliob":0.008,"bolussnooze":0,"activity":2.0E-4,"lastBolusTime":0,"time":"2023-12-23T02:02:00.000Z","iobWithZeroTemp":{"iob":-0.255,"basaliob":-0.255,"bolussnooze":0,"activity":-0.0033,"lastBolusTime":0,"time":"2023-12-23T02:02:00.000Z"}},{"iob":0.007,"basaliob":0.007,"bolussnooze":0,"activity":1.0E-4,"lastBolusTime":0,"time":"2023-12-23T02:07:00.000Z","iobWithZeroTemp":{"iob":-0.239,"basaliob":-0.239,"bolussnooze":0,"activity":-0.0032,"lastBolusTime":0,"time":"2023-12-23T02:07:00.000Z"}},{"iob":0.007,"basaliob":0.007,"bolussnooze":0,"activity":1.0E-4,"lastBolusTime":0,"time":"2023-12-23T02:12:00.000Z","iobWithZeroTemp":{"iob":-0.223,"basaliob":-0.223,"bolussnooze":0,"activity":-0.003,"lastBolusTime":0,"time":"2023-12-23T02:12:00.000Z"}},{"iob":0.006,"basaliob":0.006,"bolussnooze":0,"activity":1.0E-4,"lastBolusTime":0,"time":"2023-12-23T02:17:00.000Z","iobWithZeroTemp":{"iob":-0.209,"basaliob":-0.209,"bolussnooze":0,"activity":-0.0029,"lastBolusTime":0,"time":"2023-12-23T02:17:00.000Z"}},{"iob":0.006,"basaliob":0.006,"bolussnooze":0,"activity":1.0E-4,"lastBolusTime":0,"time":"2023-12-23T02:22:00.000Z","iobWithZeroTemp":{"iob":-0.195,"basaliob":-0.195,"bolussnooze":0,"activity":-0.0027,"lastBolusTime":0,"time":"2023-12-23T02:22:00.000Z"}},{"iob":0.005,"basaliob":0.005,"bolussnooze":0,"activity":1.0E-4,"lastBolusTime":0,"time":"2023-12-23T02:27:00.000Z","iobWithZeroTemp":{"iob":-0.182,"basaliob":-0.182,"bolussnooze":0,"activity":-0.0025,"lastBolusTime":0,"time":"2023-12-23T02:27:00.000Z"}},{"iob":0.004,"basaliob":0.004,"bolussnooze":0,"activity":1.0E-4,"lastBolusTime":0,"time":"2023-12-23T02:32:00.000Z","iobWithZeroTemp":{"iob":-0.17,"basaliob":-0.17,"bolussnooze":0,"activity":-0.0024,"lastBolusTime":0,"time":"2023-12-23T02:32:00.000Z"}},{"iob":0.004,"basaliob":0.004,"bolussnooze":0,"activity":1.0E-4,"lastBolusTime":0,"time":"2023-12-23T02:37:00.000Z","iobWithZeroTemp":{"iob":-0.158,"basaliob":-0.158,"bolussnooze":0,"activity":-0.0023,"lastBolusTime":0,"time":"2023-12-23T02:37:00.000Z"}},{"iob":0.004,"basaliob":0.004,"bolussnooze":0,"activity":1.0E-4,"lastBolusTime":0,"time":"2023-12-23T02:42:00.000Z","iobWithZeroTemp":{"iob":-0.147,"basaliob":-0.147,"bolussnooze":0,"activity":-0.0021,"lastBolusTime":0,"time":"2023-12-23T02:42:00.000Z"}},{"iob":0.003,"basaliob":0.003,"bolussnooze":0,"activity":1.0E-4,"lastBolusTime":0,"time":"2023-12-23T02:47:00.000Z","iobWithZeroTemp":{"iob":-0.137,"basaliob":-0.137,"bolussnooze":0,"activity":-0.002,"lastBolusTime":0,"time":"2023-12-23T02:47:00.000Z"}},{"iob":0.003,"basaliob":0.003,"bolussnooze":0,"activity":1.0E-4,"lastBolusTime":0,"time":"2023-12-23T02:52:00.000Z","iobWithZeroTemp":{"iob":-0.127,"basaliob":-0.127,"bolussnooze":0,"activity":-0.0018,"lastBolusTime":0,"time":"2023-12-23T02:52:00.000Z"}},{"iob":0.003,"basaliob":0.003,"bolussnooze":0,"activity":1.0E-4,"lastBolusTime":0,"time":"2023-12-23T02:57:00.000Z","iobWithZeroTemp":{"iob":-0.118,"basaliob":-0.118,"bolussnooze":0,"activity":-0.0017,"lastBolusTime":0,"time":"2023-12-23T02:57:00.000Z"}},{"iob":0.002,"basaliob":0.002,"bolussnooze":0,"activity":1.0E-4,"lastBolusTime":0,"time":"2023-12-23T03:02:00.000Z","iobWithZeroTemp":{"iob":-0.11,"basaliob":-0.11,"bolussnooze":0,"activity":-0.0016,"lastBolusTime":0,"time":"2023-12-23T03:02:00.000Z"}},{"iob":0.002,"basaliob":0.002,"bolussnooze":0,"activity":0,"lastBolusTime":0,"time":"2023-12-23T03:07:00.000Z","iobWithZeroTemp":{"iob":-0.101,"basaliob":-0.101,"bolussnooze":0,"activity":-0.0016,"lastBolusTime":0,"time":"2023-12-23T03:07:00.000Z"}},{"iob":0.002,"basaliob":0.002,"bolussnooze":0,"activity":0,"lastBolusTime":0,"time":"2023-12-23T03:12:00.000Z","iobWithZeroTemp":{"iob":-0.094,"basaliob":-0.094,"bolussnooze":0,"activity":-0.0015,"lastBolusTime":0,"time":"2023-12-23T03:12:00.000Z"}},{"iob":0.002,"basaliob":0.002,"bolussnooze":0,"activity":0,"lastBolusTime":0,"time":"2023-12-23T03:17:00.000Z","iobWithZeroTemp":{"iob":-0.086,"basaliob":-0.086,"bolussnooze":0,"activity":-0.0014,"lastBolusTime":0,"time":"2023-12-23T03:17:00.000Z"}},{"iob":0.001,"basaliob":0.001,"bolussnooze":0,"activity":0,"lastBolusTime":0,"time":"2023-12-23T03:22:00.000Z","iobWithZeroTemp":{"iob":-0.081,"basaliob":-0.081,"bolussnooze":0,"activity":-0.0013,"lastBolusTime":0,"time":"2023-12-23T03:22:00.000Z"}},{"iob":0.001,"basaliob":0.001,"bolussnooze":0,"activity":0,"lastBolusTime":0,"time":"2023-12-23T03:27:00.000Z","iobWithZeroTemp":{"iob":-0.074,"basaliob":-0.074,"bolussnooze":0,"activity":-0.0012,"lastBolusTime":0,"time":"2023-12-23T03:27:00.000Z"}},{"iob":0.001,"basaliob":0.001,"bolussnooze":0,"activity":0,"lastBolusTime":0,"time":"2023-12-23T03:32:00.000Z","iobWithZeroTemp":{"iob":-0.069,"basaliob":-0.069,"bolussnooze":0,"activity":-0.0011,"lastBolusTime":0,"time":"2023-12-23T03:32:00.000Z"}},{"iob":0.001,"basaliob":0.001,"bolussnooze":0,"activity":0,"lastBolusTime":0,"time":"2023-12-23T03:37:00.000Z","iobWithZeroTemp":{"iob":-0.063,"basaliob":-0.063,"bolussnooze":0,"activity":-0.001,"lastBolusTime":0,"time":"2023-12-23T03:37:00.000Z"}},{"iob":0.001,"basaliob":0.001,"bolussnooze":0,"activity":0,"lastBolusTime":0,"time":"2023-12-23T03:42:00.000Z","iobWithZeroTemp":{"iob":-0.058,"basaliob":-0.058,"bolussnooze":0,"activity":-0.001,"lastBolusTime":0,"time":"2023-12-23T03:42:00.000Z"}},{"iob":0.001,"basaliob":0.001,"bolussnooze":0,"activity":0,"lastBolusTime":0,"time":"2023-12-23T03:47:00.000Z","iobWithZeroTemp":{"iob":-0.053,"basaliob":-0.053,"bolussnooze":0,"activity":-9.0E-4,"lastBolusTime":0,"time":"2023-12-23T03:47:00.000Z"}},{"iob":0.001,"basaliob":0.001,"bolussnooze":0,"activity":0,"lastBolusTime":0,"time":"2023-12-23T03:52:00.000Z","iobWithZeroTemp":{"iob":-0.049,"basaliob":-0.049,"bolussnooze":0,"activity":-8.0E-4,"lastBolusTime":0,"time":"2023-12-23T03:52:00.000Z"}},{"iob":0.001,"basaliob":0.001,"bolussnooze":0,"activity":0,"lastBolusTime":0,"time":"2023-12-23T03:57:00.000Z","iobWithZeroTemp":{"iob":-0.045,"basaliob":-0.045,"bolussnooze":0,"activity":-8.0E-4,"lastBolusTime":0,"time":"2023-12-23T03:57:00.000Z"}},{"iob":0.001,"basaliob":0.001,"bolussnooze":0,"activity":0,"lastBolusTime":0,"time":"2023-12-23T04:02:00.000Z","iobWithZeroTemp":{"iob":-0.041,"basaliob":-0.041,"bolussnooze":0,"activity":-7.0E-4,"lastBolusTime":0,"time":"2023-12-23T04:02:00.000Z"}},{"iob":0,"basaliob":0,"bolussnooze":0,"activity":0,"lastBolusTime":0,"time":"2023-12-23T04:07:00.000Z","iobWithZeroTemp":{"iob":-0.039,"basaliob":-0.039,"bolussnooze":0,"activity":-7.0E-4,"lastBolusTime":0,"time":"2023-12-23T04:07:00.000Z"}},{"iob":0,"basaliob":0,"bolussnooze":0,"activity":0,"lastBolusTime":0,"time":"2023-12-23T04:12:00.000Z","iobWithZeroTemp":{"iob":-0.036,"basaliob":-0.036,"bolussnooze":0,"activity":-6.0E-4,"lastBolusTime":0,"time":"2023-12-23T04:12:00.000Z"}},{"iob":0,"basaliob":0,"bolussnooze":0,"activity":0,"lastBolusTime":0,"time":"2023-12-23T04:17:00.000Z","iobWithZeroTemp":{"iob":-0.033,"basaliob":-0.033,"bolussnooze":0,"activity":-6.0E-4,"lastBolusTime":0,"time":"2023-12-23T04:17:00.000Z"}},{"iob":0,"basaliob":0,"bolussnooze":0,"activity":0,"lastBolusTime":0,"time":"2023-12-23T04:22:00.000Z","iobWithZeroTemp":{"iob":-0.03,"basaliob":-0.03,"bolussnooze":0,"activity":-5.0E-4,"lastBolusTime":0,"time":"2023-12-23T04:22:00.000Z"}},{"iob":0,"basaliob":0,"bolussnooze":0,"activity":0,"lastBolusTime":0,"time":"2023-12-23T04:27:00.000Z","iobWithZeroTemp":{"iob":-0.027,"basaliob":-0.027,"bolussnooze":0,"activity":-5.0E-4,"lastBolusTime":0,"time":"2023-12-23T04:27:00.000Z"}},{"iob":0,"basaliob":0,"bolussnooze":0,"activity":0,"lastBolusTime":0,"time":"2023-12-23T04:32:00.000Z","iobWithZeroTemp":{"iob":-0.025,"basaliob":-0.025,"bolussnooze":0,"activity":-4.0E-4,"lastBolusTime":0,"time":"2023-12-23T04:32:00.000Z"}},{"iob":0,"basaliob":0,"bolussnooze":0,"activity":0,"lastBolusTime":0,"time":"2023-12-23T04:37:00.000Z","iobWithZeroTemp":{"iob":-0.023,"basaliob":-0.023,"bolussnooze":0,"activity":-4.0E-4,"lastBolusTime":0,"time":"2023-12-23T04:37:00.000Z"}},{"iob":0,"basaliob":0,"bolussnooze":0,"activity":0,"lastBolusTime":0,"time":"2023-12-23T04:42:00.000Z","iobWithZeroTemp":{"iob":-0.021,"basaliob":-0.021,"bolussnooze":0,"activity":-4.0E-4,"lastBolusTime":0,"time":"2023-12-23T04:42:00.000Z"}},{"iob":0,"basaliob":0,"bolussnooze":0,"activity":0,"lastBolusTime":0,"time":"2023-12-23T04:47:00.000Z","iobWithZeroTemp":{"iob":-0.019,"basaliob":-0.019,"bolussnooze":0,"activity":-4.0E-4,"lastBolusTime":0,"time":"2023-12-23T04:47:00.000Z"}},{"iob":0,"basaliob":0,"bolussnooze":0,"activity":0,"lastBolusTime":0,"time":"2023-12-23T04:52:00.000Z","iobWithZeroTemp":{"iob":-0.017,"basaliob":-0.017,"bolussnooze":0,"activity":-3.0E-4,"lastBolusTime":0,"time":"2023-12-23T04:52:00.000Z"}},{"iob":0,"basaliob":0,"bolussnooze":0,"activity":0,"lastBolusTime":0,"time":"2023-12-23T04:57:00.000Z","iobWithZeroTemp":{"iob":-0.016,"basaliob":-0.016,"bolussnooze":0,"activity":-3.0E-4,"lastBolusTime":0,"time":"2023-12-23T04:57:00.000Z"}},{"iob":0,"basaliob":0,"bolussnooze":0,"activity":0,"lastBolusTime":0,"time":"2023-12-23T05:02:00.000Z","iobWithZeroTemp":{"iob":-0.014,"basaliob":-0.014,"bolussnooze":0,"activity":-3.0E-4,"lastBolusTime":0,"time":"2023-12-23T05:02:00.000Z"}},{"iob":0,"basaliob":0,"bolussnooze":0,"activity":0,"lastBolusTime":0,"time":"2023-12-23T05:07:00.000Z","iobWithZeroTemp":{"iob":-0.013,"basaliob":-0.013,"bolussnooze":0,"activity":-3.0E-4,"lastBolusTime":0,"time":"2023-12-23T05:07:00.000Z"}},{"iob":0,"basaliob":0,"bolussnooze":0,"activity":0,"lastBolusTime":0,"time":"2023-12-23T05:12:00.000Z","iobWithZeroTemp":{"iob":-0.012,"basaliob":-0.012,"bolussnooze":0,"activity":-2.0E-4,"lastBolusTime":0,"time":"2023-12-23T05:12:00.000Z"}},{"iob":0,"basaliob":0,"bolussnooze":0,"activity":0,"lastBolusTime":0,"time":"2023-12-23T05:17:00.000Z","iobWithZeroTemp":{"iob":-0.011,"basaliob":-0.011,"bolussnooze":0,"activity":-2.0E-4,"lastBolusTime":0,"time":"2023-12-23T05:17:00.000Z"}},{"iob":0,"basaliob":0,"bolussnooze":0,"activity":0,"lastBolusTime":0,"time":"2023-12-23T05:22:00.000Z","iobWithZeroTemp":{"iob":-0.01,"basaliob":-0.01,"bolussnooze":0,"activity":-2.0E-4,"lastBolusTime":0,"time":"2023-12-23T05:22:00.000Z"}},{"iob":0,"basaliob":0,"bolussnooze":0,"activity":0,"lastBolusTime":0,"time":"2023-12-23T05:27:00.000Z","iobWithZeroTemp":{"iob":-0.009,"basaliob":-0.009,"bolussnooze":0,"activity":-2.0E-4,"lastBolusTime":0,"time":"2023-12-23T05:27:00.000Z"}},{"iob":0,"basaliob":0,"bolussnooze":0,"activity":0,"lastBolusTime":0,"time":"2023-12-23T05:32:00.000Z","iobWithZeroTemp":{"iob":-0.008,"basaliob":-0.008,"bolussnooze":0,"activity":-2.0E-4,"lastBolusTime":0,"time":"2023-12-23T05:32:00.000Z"}},{"iob":0,"basaliob":0,"bolussnooze":0,"activity":0,"lastBolusTime":0,"time":"2023-12-23T05:37:00.000Z","iobWithZeroTemp":{"iob":-0.007,"basaliob":-0.007,"bolussnooze":0,"activity":-1.0E-4,"lastBolusTime":0,"time":"2023-12-23T05:37:00.000Z"}},{"iob":0,"basaliob":0,"bolussnooze":0,"activity":0,"lastBolusTime":0,"time":"2023-12-23T05:42:00.000Z","iobWithZeroTemp":{"iob":-0.007,"basaliob":-0.007,"bolussnooze":0,"activity":-1.0E-4,"lastBolusTime":0,"time":"2023-12-23T05:42:00.000Z"}},{"iob":0,"basaliob":0,"bolussnooze":0,"activity":0,"lastBolusTime":0,"time":"2023-12-23T05:47:00.000Z","iobWithZeroTemp":{"iob":-0.006,"basaliob":-0.006,"bolussnooze":0,"activity":-1.0E-4,"lastBolusTime":0,"time":"2023-12-23T05:47:00.000Z"}},{"iob":0,"basaliob":0,"bolussnooze":0,"activity":0,"lastBolusTime":0,"time":"2023-12-23T05:52:00.000Z","iobWithZeroTemp":{"iob":-0.005,"basaliob":-0.005,"bolussnooze":0,"activity":-1.0E-4,"lastBolusTime":0,"time":"2023-12-23T05:52:00.000Z"}},{"iob":0,"basaliob":0,"bolussnooze":0,"activity":0,"lastBolusTime":0,"time":"2023-12-23T05:57:00.000Z","iobWithZeroTemp":{"iob":-0.005,"basaliob":-0.005,"bolussnooze":0,"activity":-1.0E-4,"lastBolusTime":0,"time":"2023-12-23T05:57:00.000Z"}},{"iob":0,"basaliob":0,"bolussnooze":0,"activity":0,"lastBolusTime":0,"time":"2023-12-23T06:02:00.000Z","iobWithZeroTemp":{"iob":-0.004,"basaliob":-0.004,"bolussnooze":0,"activity":-1.0E-4,"lastBolusTime":0,"time":"2023-12-23T06:02:00.000Z"}},{"iob":0,"basaliob":0,"bolussnooze":0,"activity":0,"lastBolusTime":0,"time":"2023-12-23T06:07:00.000Z","iobWithZeroTemp":{"iob":-0.004,"basaliob":-0.004,"bolussnooze":0,"activity":-1.0E-4,"lastBolusTime":0,"time":"2023-12-23T06:07:00.000Z"}},{"iob":0,"basaliob":0,"bolussnooze":0,"activity":0,"lastBolusTime":0,"time":"2023-12-23T06:12:00.000Z","iobWithZeroTemp":{"iob":-0.003,"basaliob":-0.003,"bolussnooze":0,"activity":-1.0E-4,"lastBolusTime":0,"time":"2023-12-23T06:12:00.000Z"}},{"iob":0,"basaliob":0,"bolussnooze":0,"activity":0,"lastBolusTime":0,"time":"2023-12-23T06:17:00.000Z","iobWithZeroTemp":{"iob":-0.003,"basaliob":-0.003,"bolussnooze":0,"activity":-1.0E-4,"lastBolusTime":0,"time":"2023-12-23T06:17:00.000Z"}},{"iob":0,"basaliob":0,"bolussnooze":0,"activity":0,"lastBolusTime":0,"time":"2023-12-23T06:22:00.000Z","iobWithZeroTemp":{"iob":-0.003,"basaliob":-0.003,"bolussnooze":0,"activity":-1.0E-4,"lastBolusTime":0,"time":"2023-12-23T06:22:00.000Z"}},{"iob":0,"basaliob":0,"bolussnooze":0,"activity":0,"lastBolusTime":0,"time":"2023-12-23T06:27:00.000Z","iobWithZeroTemp":{"iob":-0.002,"basaliob":-0.002,"bolussnooze":0,"activity":-1.0E-4,"lastBolusTime":0,"time":"2023-12-23T06:27:00.000Z"}},{"iob":0,"basaliob":0,"bolussnooze":0,"activity":0,"lastBolusTime":0,"time":"2023-12-23T06:32:00.000Z","iobWithZeroTemp":{"iob":-0.002,"basaliob":-0.002,"bolussnooze":0,"activity":-1.0E-4,"lastBolusTime":0,"time":"2023-12-23T06:32:00.000Z"}}],"profile":{"max_iob":1.5,"dia":3,"type":"current","max_daily_basal":0.5,"max_basal":1.5,"min_bg":90,"max_bg":90,"target_bg":90,"carb_ratio":20,"sens":117,"max_daily_safety_multiplier":3,"current_basal_safety_multiplier":4,"skip_neutral_temps":true,"current_basal":0.5,"temptargetSet":false,"autosens_adjust_targets":true,"min_5m_carbimpact":5.5,"out_units":"mmol\/L"},"autosens_data":{"ratio":1},"meal_data":{"carbs":0,"mealCOB":0}},"output":{"temp":"absolute","bg":159,"tick":"+5","eventualBG":131,"snoozeBG":131,"predBGs":{"IOB":[159,163,166,169,171,172,173,173,173,172,171,170,167,165,163,161,159,157,156,154,152,151,149,148,147,145,144,143,142,141,140,139,139,138,137,136,136,135,135,134,134,133,133,133,132,132,132,131,131,131,131,131,130,130,130,130,130,130,129]},"COB":0,"IOB":0.543,"reason":"COB: 0, Dev: 36, BGI: -1.52, ISF: 6.5, Target: 5.0; Eventual BG 7.3 >= 5.0, temp 1.500 >~ req 1.2U\/hr","timestamp":"2023-12-22T21:06:05.616Z"}}