{"algorithm":"OpenAPSAMAPlugin","input":{"glucoseStatus":{"glucose":86,"delta":-1.33,"short_avgdelta":-1.78,"long_avgdelta":-0.97},"currenttemp":{"temp":"absolute","duration":15,"rate":0,"minutesrunning":15},"iob_data":[{"iob":-0.051,"basaliob":-0.074,"bolussnooze":0.006,"activity":0.0011,"lastBolusTime":1703254530927,"time":"2023-12-22T15:52:00.000Z","iobWithZeroTemp":{"iob":-0.051,"basaliob":-0.074,"bolussnooze":0.006,"activity":0.0011,"lastBolusTime":1703254530927,"time":"2023-12-22T15:52:00.000Z"}},{"iob":-0.055,"basaliob":-0.077,"bolussnooze":0.0051,"activity":8.0E-4,"lastBolusTime":1703254530927,"time":"2023-12-22T15:57:00.000Z","iobWithZeroTemp":{"iob":-0.08,"basaliob":-0.102,"bolussnooze":0.0051,"activity":8.0E-4,"lastBolusTime":1703254530927,"time":"2023-12-22T15:57:00.000Z"}},{"iob":-0.059,"basaliob":-0.079,"bolussnooze":0.0043,"activity":6.0E-4,"lastBolusTime":1703254530927,"time":"2023-12-22T16:02:00.000Z","iobWithZeroTemp":{"iob":-0.109,"basaliob":-0.129,"bolussnooze":0.0043,"activity":5.0E-4,"lastBolusTime":1703254530927,"time":"2023-12-22T16:02:00.000Z"}},{"iob":-0.061,"basaliob":-0.08,"bolussnooze":0.0037,"activity":4.0E-4,"lastBolusTime":1703254530927,"time":"2023-12-22T16:07:00.000Z","iobWithZeroTemp":{"iob":-0.144,"basaliob":-0.163,"bolussnooze":0.0037,"activity":2.0E-4,"lastBolusTime":1703254530927,"time":"2023-12-22T16:07:00.000Z"}},{"iob":-0.063,"basaliob":-0.081,"bolussnooze":0.0031,"activity":2.0E-4,"lastBolusTime":1703254530927,"time":"2023-12-22T16:12:00.000Z","iobWithZeroTemp":{"iob":-0.178,"basaliob":-0.196,"bolussnooze":0.0031,"activity":-1.0E-4,"lastBolusTime":1703254530927,"time":"2023-12-22T16:12:00.000Z"}},{"iob":-0.064,"basaliob":-0.081,"bolussnooze":0.0026,"activity":1.0E-4,"lastBolusTime":1703254530927,"time":"2023-12-22T16:17:00.000Z","iobWithZeroTemp":{"iob":-0.21,"basaliob":-0.227,"bolussnooze":0.0026,"activity":-3.0E-4,"lastBolusTime":1703254530927,"time":"2023-12-22T16:17:00.000Z"}},{"iob":-0.064,"basaliob":-0.08,"bolussnooze":0.0022,"activity":0,"lastBolusTime":1703254530927,"time":"2023-12-22T16:22:00.000Z","iobWithZeroTemp":{"iob":-0.241,"basaliob":-0.257,"bolussnooze":0.0022,"activity":-6.0E-4,"lastBolusTime":1703254530927,"time":"2023-12-22T16:22:00.000Z"}},{"iob":-0.063,"basaliob":-0.078,"bolussnooze":0.0019,"activity":-1.0E-4,"lastBolusTime":1703254530927,"time":"2023-12-22T16:27:00.000Z","iobWithZeroTemp":{"iob":-0.27,"basaliob":-0.285,"bolussnooze":0.0019,"activity":-9.0E-4,"lastBolusTime":1703254530927,"time":"2023-12-22T16:27:00.000Z"}},{"iob":-0.063,"basaliob":-0.077,"bolussnooze":0.0016,"activity":-2.0E-4,"lastBolusTime":1703254530927,"time":"2023-12-22T16:32:00.000Z","iobWithZeroTemp":{"iob":-0.298,"basaliob":-0.312,"bolussnooze":0.0016,"activity":-0.0012,"lastBolusTime":1703254530927,"time":"2023-12-22T16:32:00.000Z"}},{"iob":-0.062,"basaliob":-0.075,"bolussnooze":0.0013,"activity":-2.0E-4,"lastBolusTime":1703254530927,"time":"2023-12-22T16:37:00.000Z","iobWithZeroTemp":{"iob":-0.325,"basaliob":-0.338,"bolussnooze":0.0013,"activity":-0.0014,"lastBolusTime":1703254530927,"time":"2023-12-22T16:37:00.000Z"}},{"iob":-0.061,"basaliob":-0.073,"bolussnooze":0.0011,"activity":-3.0E-4,"lastBolusTime":1703254530927,"time":"2023-12-22T16:42:00.000Z","iobWithZeroTemp":{"iob":-0.351,"basaliob":-0.363,"bolussnooze":0.0011,"activity":-0.0018,"lastBolusTime":1703254530927,"time":"2023-12-22T16:42:00.000Z"}},{"iob":-0.059,"basaliob":-0.07,"bolussnooze":9.0E-4,"activity":-3.0E-4,"lastBolusTime":1703254530927,"time":"2023-12-22T16:47:00.000Z","iobWithZeroTemp":{"iob":-0.374,"basaliob":-0.385,"bolussnooze":9.0E-4,"activity":-0.002,"lastBolusTime":1703254530927,"time":"2023-12-22T16:47:00.000Z"}},{"iob":-0.058,"basaliob":-0.068,"bolussnooze":7.0E-4,"activity":-3.0E-4,"lastBolusTime":1703254530927,"time":"2023-12-22T16:52:00.000Z","iobWithZeroTemp":{"iob":-0.398,"basaliob":-0.408,"bolussnooze":7.0E-4,"activity":-0.0022,"lastBolusTime":1703254530927,"time":"2023-12-22T16:52:00.000Z"}},{"iob":-0.055,"basaliob":-0.065,"bolussnooze":6.0E-4,"activity":-4.0E-4,"lastBolusTime":1703254530927,"time":"2023-12-22T16:57:00.000Z","iobWithZeroTemp":{"iob":-0.418,"basaliob":-0.428,"bolussnooze":6.0E-4,"activity":-0.0025,"lastBolusTime":1703254530927,"time":"2023-12-22T16:57:00.000Z"}},{"iob":-0.053,"basaliob":-0.062,"bolussnooze":5.0E-4,"activity":-4.0E-4,"lastBolusTime":1703254530927,"time":"2023-12-22T17:02:00.000Z","iobWithZeroTemp":{"iob":-0.438,"basaliob":-0.447,"bolussnooze":5.0E-4,"activity":-0.0028,"lastBolusTime":1703254530927,"time":"2023-12-22T17:02:00.000Z"}},{"iob":-0.052,"basaliob":-0.06,"bolussnooze":4.0E-4,"activity":-4.0E-4,"lastBolusTime":1703254530927,"time":"2023-12-22T17:07:00.000Z","iobWithZeroTemp":{"iob":-0.458,"basaliob":-0.466,"bolussnooze":4.0E-4,"activity":-0.003,"lastBolusTime":1703254530927,"time":"2023-12-22T17:07:00.000Z"}},{"iob":-0.049,"basaliob":-0.057,"bolussnooze":3.0E-4,"activity":-4.0E-4,"lastBolusTime":1703254530927,"time":"2023-12-22T17:12:00.000Z","iobWithZeroTemp":{"iob":-0.475,"basaliob":-0.483,"bolussnooze":3.0E-4,"activity":-0.0032,"lastBolusTime":1703254530927,"time":"2023-12-22T17:12:00.000Z"}},{"iob":-0.047,"basaliob":-0.054,"bolussnooze":3.0E-4,"activity":-4.0E-4,"lastBolusTime":1703254530927,"time":"2023-12-22T17:17:00.000Z","iobWithZeroTemp":{"iob":-0.491,"basaliob":-0.498,"bolussnooze":3.0E-4,"activity":-0.0034,"lastBolusTime":1703254530927,"time":"2023-12-22T17:17:00.000Z"}},{"iob":-0.044,"basaliob":-0.051,"bolussnooze":2.0E-4,"activity":-4.0E-4,"lastBolusTime":1703254530927,"time":"2023-12-22T17:22:00.000Z","iobWithZeroTemp":{"iob":-0.506,"basaliob":-0.513,"bolussnooze":2.0E-4,"activity":-0.0036,"lastBolusTime":1703254530927,"time":"2023-12-22T17:22:00.000Z"}},{"iob":-0.043,"basaliob":-0.049,"bolussnooze":2.0E-4,"activity":-4.0E-4,"lastBolusTime":1703254530927,"time":"2023-12-22T17:27:00.000Z","iobWithZeroTemp":{"iob":-0.522,"basaliob":-0.528,"bolussnooze":2.0E-4,"activity":-0.0038,"lastBolusTime":1703254530927,"time":"2023-12-22T17:27:00.000Z"}},{"iob":-0.04,"basaliob":-0.046,"bolussnooze":1.0E-4,"activity":-4.0E-4,"lastBolusTime":1703254530927,"time":"2023-12-22T17:32:00.000Z","iobWithZeroTemp":{"iob":-0.534,"basaliob":-0.54,"bolussnooze":1.0E-4,"activity":-0.004,"lastBolusTime":1703254530927,"time":"2023-12-22T17:32:00.000Z"}},{"iob":-0.039,"basaliob":-0.044,"bolussnooze":1.0E-4,"activity":-4.0E-4,"lastBolusTime":1703254530927,"time":"2023-12-22T17:37:00.000Z","iobWithZeroTemp":{"iob":-0.548,"basaliob":-0.553,"bolussnooze":1.0E-4,"activity":-0.0042,"lastBolusTime":1703254530927,"time":"2023-12-22T17:37:00.000Z"}},{"iob":-0.036,"basaliob":-0.041,"bolussnooze":1.0E-4,"activity":-4.0E-4,"lastBolusTime":1703254530927,"time":"2023-12-22T17:42:00.000Z","iobWithZeroTemp":{"iob":-0.559,"basaliob":-0.564,"bolussnooze":1.0E-4,"activity":-0.0044,"lastBolusTime":1703254530927,"time":"2023-12-22T17:42:00.000Z"}},{"iob":-0.035,"basaliob":-0.039,"bolussnooze":1.0E-4,"activity":-4.0E-4,"lastBolusTime":1703254530927,"time":"2023-12-22T17:47:00.000Z","iobWithZeroTemp":{"iob":-0.571,"basaliob":-0.575,"bolussnooze":1.0E-4,"activity":-0.0045,"lastBolusTime":1703254530927,"time":"2023-12-22T17:47:00.000Z"}},{"iob":-0.033,"basaliob":-0.037,"bolussnooze":0,"activity":-3.0E-4,"lastBolusTime":1703254530927,"time":"2023-12-22T17:52:00.000Z","iobWithZeroTemp":{"iob":-0.582,"basaliob":-0.586,"bolussnooze":0,"activity":-0.0046,"lastBolusTime":1703254530927,"time":"2023-12-22T17:52:00.000Z"}},{"iob":-0.031,"basaliob":-0.035,"bolussnooze":0,"activity":-3.0E-4,"lastBolusTime":1703254530927,"time":"2023-12-22T17:57:00.000Z","iobWithZeroTemp":{"iob":-0.591,"basaliob":-0.595,"bolussnooze":0,"activity":-0.0047,"lastBolusTime":1703254530927,"time":"2023-12-22T17:57:00.000Z"}},{"iob":-0.029,"basaliob":-0.032,"bolussnooze":0,"activity":-3.0E-4,"lastBolusTime":1703254530927,"time":"2023-12-22T18:02:00.000Z","iobWithZeroTemp":{"iob":-0.6,"basaliob":-0.603,"bolussnooze":0,"activity":-0.0049,"lastBolusTime":1703254530927,"time":"2023-12-22T18:02:00.000Z"}},{"iob":-0.028,"basaliob":-0.031,"bolussnooze":0,"activity":-3.0E-4,"lastBolusTime":1703254530927,"time":"2023-12-22T18:07:00.000Z","iobWithZeroTemp":{"iob":-0.609,"basaliob":-0.612,"bolussnooze":0,"activity":-0.005,"lastBolusTime":1703254530927,"time":"2023-12-22T18:07:00.000Z"}},{"iob":-0.026,"basaliob":-0.029,"bolussnooze":0,"activity":-4.0E-4,"lastBolusTime":1703254530927,"time":"2023-12-22T18:12:00.000Z","iobWithZeroTemp":{"iob":-0.616,"basaliob":-0.619,"bolussnooze":0,"activity":-0.0053,"lastBolusTime":1703254530927,"time":"2023-12-22T18:12:00.000Z"}},{"iob":-0.024,"basaliob":-0.027,"bolussnooze":0,"activity":-4.0E-4,"lastBolusTime":1703254530927,"time":"2023-12-22T18:17:00.000Z","iobWithZeroTemp":{"iob":-0.623,"basaliob":-0.626,"bolussnooze":0,"activity":-0.0054,"lastBolusTime":1703254530927,"time":"2023-12-22T18:17:00.000Z"}},{"iob":-0.023,"basaliob":-0.025,"bolussnooze":0,"activity":-3.0E-4,"lastBolusTime":1703254530927,"time":"2023-12-22T18:22:00.000Z","iobWithZeroTemp":{"iob":-0.63,"basaliob":-0.632,"bolussnooze":0,"activity":-0.0054,"lastBolusTime":1703254530927,"time":"2023-12-22T18:22:00.000Z"}},{"iob":-0.021,"basaliob":-0.023,"bolussnooze":0,"activity":-3.0E-4,"lastBolusTime":1703254530927,"time":"2023-12-22T18:27:00.000Z","iobWithZeroTemp":{"iob":-0.636,"basaliob":-0.638,"bolussnooze":0,"activity":-0.0055,"lastBolusTime":1703254530927,"time":"2023-12-22T18:27:00.000Z"}},{"iob":-0.02,"basaliob":-0.022,"bolussnooze":0,"activity":-3.0E-4,"lastBolusTime":1703254530927,"time":"2023-12-22T18:32:00.000Z","iobWithZeroTemp":{"iob":-0.642,"basaliob":-0.644,"bolussnooze":0,"activity":-0.0056,"lastBolusTime":1703254530927,"time":"2023-12-22T18:32:00.000Z"}},{"iob":-0.018,"basaliob":-0.02,"bolussnooze":0,"activity":-3.0E-4,"lastBolusTime":1703254530927,"time":"2023-12-22T18:37:00.000Z","iobWithZeroTemp":{"iob":-0.646,"basaliob":-0.648,"bolussnooze":0,"activity":-0.0057,"lastBolusTime":1703254530927,"time":"2023-12-22T18:37:00.000Z"}},{"iob":-0.017,"basaliob":-0.019,"bolussnooze":0,"activity":-3.0E-4,"lastBolusTime":1703254530927,"time":"2023-12-22T18:42:00.000Z","iobWithZeroTemp":{"iob":-0.651,"basaliob":-0.653,"bolussnooze":0,"activity":-0.0058,"lastBolusTime":1703254530927,"time":"2023-12-22T18:42:00.000Z"}},{"iob":-0.016,"basaliob":-0.018,"bolussnooze":0,"activity":-3.0E-4,"lastBolusTime":1703254530927,"time":"2023-12-22T18:47:00.000Z","iobWithZeroTemp":{"iob":-0.656,"basaliob":-0.658,"bolussnooze":0,"activity":-0.0059,"lastBolusTime":1703254530927,"time":"2023-12-22T18:47:00.000Z"}},{"iob":-0.016,"basaliob":-0.017,"bolussnooze":0,"activity":-2.0E-4,"lastBolusTime":1703254530927,"time":"2023-12-22T18:52:00.000Z","iobWithZeroTemp":{"iob":-0.661,"basaliob":-0.662,"bolussnooze":0,"activity":-0.0059,"lastBolusTime":1703254530927,"time":"2023-12-22T18:52:00.000Z"}},{"iob":-0.014,"basaliob":-0.015,"bolussnooze":0,"activity":-2.0E-4,"lastBolusTime":1703254530927,"time":"2023-12-22T18:57:00.000Z","iobWithZeroTemp":{"iob":-0.664,"basaliob":-0.665,"bolussnooze":0,"activity":-0.0059,"lastBolusTime":1703254530927,"time":"2023-12-22T18:57:00.000Z"}},{"iob":-0.013,"basaliob":-0.014,"bolussnooze":0,"activity":-2.0E-4,"lastBolusTime":1703254530927,"time":"2023-12-22T19:02:00.000Z","iobWithZeroTemp":{"iob":-0.668,"basaliob":-0.669,"bolussnooze":0,"activity":-0.006,"lastBolusTime":1703254530927,"time":"2023-12-22T19:02:00.000Z"}},{"iob":-0.012,"basaliob":-0.013,"bolussnooze":0,"activity":-2.0E-4,"lastBolusTime":1703254530927,"time":"2023-12-22T19:07:00.000Z","iobWithZeroTemp":{"iob":-0.671,"basaliob":-0.672,"bolussnooze":0,"activity":-0.0061,"lastBolusTime":1703254530927,"time":"2023-12-22T19:07:00.000Z"}},{"iob":-0.011,"basaliob":-0.012,"bolussnooze":0,"activity":-2.0E-4,"lastBolusTime":1703254530927,"time":"2023-12-22T19:12:00.000Z","iobWithZeroTemp":{"iob":-0.674,"basaliob":-0.675,"bolussnooze":0,"activity":-0.0061,"lastBolusTime":1703254530927,"time":"2023-12-22T19:12:00.000Z"}},{"iob":-0.01,"basaliob":-0.011,"bolussnooze":0,"activity":-2.0E-4,"lastBolusTime":1703254530927,"time":"2023-12-22T19:17:00.000Z","iobWithZeroTemp":{"iob":-0.676,"basaliob":-0.677,"bolussnooze":0,"activity":-0.0062,"lastBolusTime":1703254530927,"time":"2023-12-22T19:17:00.000Z"}},{"iob":-0.01,"basaliob":-0.011,"bolussnooze":0,"activity":-2.0E-4,"lastBolusTime":1703254530927,"time":"2023-12-22T19:22:00.000Z","iobWithZeroTemp":{"iob":-0.68,"basaliob":-0.681,"bolussnooze":0,"activity":-0.0062,"lastBolusTime":1703254530927,"time":"2023-12-22T19:22:00.000Z"}},{"iob":-0.009,"basaliob":-0.01,"bolussnooze":0,"activity":-2.0E-4,"lastBolusTime":1703254530927,"time":"2023-12-22T19:27:00.000Z","iobWithZeroTemp":{"iob":-0.682,"basaliob":-0.683,"bolussnooze":0,"activity":-0.0063,"lastBolusTime":1703254530927,"time":"2023-12-22T19:27:00.000Z"}},{"iob":-0.008,"basaliob":-0.009,"bolussnooze":0,"activity":-1.0E-4,"lastBolusTime":1703254530927,"time":"2023-12-22T19:32:00.000Z","iobWithZeroTemp":{"iob":-0.683,"basaliob":-0.684,"bolussnooze":0,"activity":-0.0062,"lastBolusTime":1703254530927,"time":"2023-12-22T19:32:00.000Z"}},{"iob":-0.007,"basaliob":-0.008,"bolussnooze":0,"activity":-1.0E-4,"lastBolusTime":1703254530927,"time":"2023-12-22T19:37:00.000Z","iobWithZeroTemp":{"iob":-0.685,"basaliob":-0.686,"bolussnooze":0,"activity":-0.0063,"lastBolusTime":1703254530927,"time":"2023-12-22T19:37:00.000Z"}},{"iob":-0.007,"basaliob":-0.008,"bolussnooze":0,"activity":-1.0E-4,"lastBolusTime":1703254530927,"time":"2023-12-22T19:42:00.000Z","iobWithZeroTemp":{"iob":-0.687,"basaliob":-0.688,"bolussnooze":0,"activity":-0.0063,"lastBolusTime":1703254530927,"time":"2023-12-22T19:42:00.000Z"}},{"iob":-0.006,"basaliob":-0.007,"bolussnooze":0,"activity":-1.0E-4,"lastBolusTime":1703254530927,"time":"2023-12-22T19:47:00.000Z","iobWithZeroTemp":{"iob":-0.689,"basaliob":-0.69,"bolussnooze":0,"activity":-0.0063,"lastBolusTime":1703254530927,"time":"2023-12-22T19:47:00.000Z"}},{"iob":-0.007,"basaliob":-0.007,"bolussnooze":0,"activity":-1.0E-4,"lastBolusTime":1703254530927,"time":"2023-12-22T19:52:00.000Z","iobWithZeroTemp":{"iob":-0.692,"basaliob":-0.692,"bolussnooze":0,"activity":-0.0064,"lastBolusTime":1703254530927,"time":"2023-12-22T19:52:00.000Z"}},{"iob":-0.006,"basaliob":-0.006,"bolussnooze":0,"activity":-1.0E-4,"lastBolusTime":1703254530927,"time":"2023-12-22T19:57:00.000Z","iobWithZeroTemp":{"iob":-0.659,"basaliob":-0.659,"bolussnooze":0,"activity":-0.0064,"lastBolusTime":1703254530927,"time":"2023-12-22T19:57:00.000Z"}},{"iob":-0.006,"basaliob":-0.006,"bolussnooze":0,"activity":-1.0E-4,"lastBolusTime":1703254530927,"time":"2023-12-22T20:02:00.000Z","iobWithZeroTemp":{"iob":-0.628,"basaliob":-0.628,"bolussnooze":0,"activity":-0.0063,"lastBolusTime":1703254530927,"time":"2023-12-22T20:02:00.000Z"}},{"iob":-0.005,"basaliob":-0.005,"bolussnooze":0,"activity":-1.0E-4,"lastBolusTime":1703254530927,"time":"2023-12-22T20:07:00.000Z","iobWithZeroTemp":{"iob":-0.596,"basaliob":-0.596,"bolussnooze":0,"activity":-0.0063,"lastBolusTime":1703254530927,"time":"2023-12-22T20:07:00.000Z"}},{"iob":-0.005,"basaliob":-0.005,"bolussnooze":0,"activity":-1.0E-4,"lastBolusTime":1703254530927,"time":"2023-12-22T20:12:00.000Z","iobWithZeroTemp":{"iob":-0.565,"basaliob":-0.565,"bolussnooze":0,"activity":-0.0061,"lastBolusTime":1703254530927,"time":"2023-12-22T20:12:00.000Z"}},{"iob":-0.004,"basaliob":-0.004,"bolussnooze":0,"activity":-1.0E-4,"lastBolusTime":1703254530927,"time":"2023-12-22T20:17:00.000Z","iobWithZeroTemp":{"iob":-0.534,"basaliob":-0.534,"bolussnooze":0,"activity":-0.006,"lastBolusTime":1703254530927,"time":"2023-12-22T20:17:00.000Z"}},{"iob":-0.004,"basaliob":-0.004,"bolussnooze":0,"activity":-1.0E-4,"lastBolusTime":1703254530927,"time":"2023-12-22T20:22:00.000Z","iobWithZeroTemp":{"iob":-0.505,"basaliob":-0.505,"bolussnooze":0,"activity":-0.0058,"lastBolusTime":1703254530927,"time":"2023-12-22T20:22:00.000Z"}},{"iob":-0.004,"basaliob":-0.004,"bolussnooze":0,"activity":-1.0E-4,"lastBolusTime":1703254530927,"time":"2023-12-22T20:27:00.000Z","iobWithZeroTemp":{"iob":-0.477,"basaliob":-0.477,"bolussnooze":0,"activity":-0.0056,"lastBolusTime":1703254530927,"time":"2023-12-22T20:27:00.000Z"}},{"iob":-0.003,"basaliob":-0.003,"bolussnooze":0,"activity":-1.0E-4,"lastBolusTime":1703254530927,"time":"2023-12-22T20:32:00.000Z","iobWithZeroTemp":{"iob":-0.449,"basaliob":-0.449,"bolussnooze":0,"activity":-0.0054,"lastBolusTime":1703254530927,"time":"2023-12-22T20:32:00.000Z"}},{"iob":-0.003,"basaliob":-0.003,"bolussnooze":0,"activity":-1.0E-4,"lastBolusTime":1703254530927,"time":"2023-12-22T20:37:00.000Z","iobWithZeroTemp":{"iob":-0.423,"basaliob":-0.423,"bolussnooze":0,"activity":-0.0052,"lastBolusTime":1703254530927,"time":"2023-12-22T20:37:00.000Z"}},{"iob":-0.003,"basaliob":-0.003,"bolussnooze":0,"activity":-1.0E-4,"lastBolusTime":1703254530927,"time":"2023-12-22T20:42:00.000Z","iobWithZeroTemp":{"iob":-0.397,"basaliob":-0.397,"bolussnooze":0,"activity":-0.005,"lastBolusTime":1703254530927,"time":"2023-12-22T20:42:00.000Z"}},{"iob":-0.003,"basaliob":-0.003,"bolussnooze":0,"activity":0,"lastBolusTime":1703254530927,"time":"2023-12-22T20:47:00.000Z","iobWithZeroTemp":{"iob":-0.373,"basaliob":-0.373,"bolussnooze":0,"activity":-0.0047,"lastBolusTime":1703254530927,"time":"2023-12-22T20:47:00.000Z"}},{"iob":-0.002,"basaliob":-0.002,"bolussnooze":0,"activity":0,"lastBolusTime":1703254530927,"time":"2023-12-22T20:52:00.000Z","iobWithZeroTemp":{"iob":-0.349,"basaliob":-0.349,"bolussnooze":0,"activity":-0.0045,"lastBolusTime":1703254530927,"time":"2023-12-22T20:52:00.000Z"}},{"iob":-0.002,"basaliob":-0.002,"bolussnooze":0,"activity":0,"lastBolusTime":1703254530927,"time":"2023-12-22T20:57:00.000Z","iobWithZeroTemp":{"iob":-0.327,"basaliob":-0.327,"bolussnooze":0,"activity":-0.0043,"lastBolusTime":1703254530927,"time":"2023-12-22T20:57:00.000Z"}},{"iob":-0.002,"basaliob":-0.002,"bolussnooze":0,"activity":0,"lastBolusTime":1703254530927,"time":"2023-12-22T21:02:00.000Z","iobWithZeroTemp":{"iob":-0.306,"basaliob":-0.306,"bolussnooze":0,"activity":-0.0041,"lastBolusTime":1703254530927,"time":"2023-12-22T21:02:00.000Z"}},{"iob":-0.002,"basaliob":-0.002,"bolussnooze":0,"activity":0,"lastBolusTime":1703254530927,"time":"2023-12-22T21:07:00.000Z","iobWithZeroTemp":{"iob":-0.287,"basaliob":-0.287,"bolussnooze":0,"activity":-0.0039,"lastBolusTime":1703254530927,"time":"2023-12-22T21:07:00.000Z"}},{"iob":-0.002,"basaliob":-0.002,"bolussnooze":0,"activity":0,"lastBolusTime":1703254530927,"time":"2023-12-22T21:12:00.000Z","iobWithZeroTemp":{"iob":-0.268,"basaliob":-0.268,"bolussnooze":0,"activity":-0.0037,"lastBolusTime":1703254530927,"time":"2023-12-22T21:12:00.000Z"}},{"iob":-0.001,"basaliob":-0.001,"bolussnooze":0,"activity":0,"lastBolusTime":1703254530927,"time":"2023-12-22T21:17:00.000Z","iobWithZeroTemp":{"iob":-0.249,"basaliob":-0.249,"bolussnooze":0,"activity":-0.0035,"lastBolusTime":1703254530927,"time":"2023-12-22T21:17:00.000Z"}},{"iob":-0.001,"basaliob":-0.001,"bolussnooze":0,"activity":0,"lastBolusTime":1703254530927,"time":"2023-12-22T21:22:00.000Z","iobWithZeroTemp":{"iob":-0.232,"basaliob":-0.232,"bolussnooze":0,"activity":-0.0033,"lastBolusTime":1703254530927,"time":"2023-12-22T21:22:00.000Z"}},{"iob":-0.001,"basaliob":-0.001,"bolussnooze":0,"activity":0,"lastBolusTime":1703254530927,"time":"2023-12-22T21:27:00.000Z","iobWithZeroTemp":{"iob":-0.216,"basaliob":-0.216,"bolussnooze":0,"activity":-0.0031,"lastBolusTime":1703254530927,"time":"2023-12-22T21:27:00.000Z"}},{"iob":-0.001,"basaliob":-0.001,"bolussnooze":0,"activity":0,"lastBolusTime":1703254530927,"time":"2023-12-22T21:32:00.000Z","iobWithZeroTemp":{"iob":-0.201,"basaliob":-0.201,"bolussnooze":0,"activity":-0.0029,"lastBolusTime":1703254530927,"time":"2023-12-22T21:32:00.000Z"}},{"iob":-0.001,"basaliob":-0.001,"bolussnooze":0,"activity":0,"lastBolusTime":1703254530927,"time":"2023-12-22T21:37:00.000Z","iobWithZeroTemp":{"iob":-0.187,"basaliob":-0.187,"bolussnooze":0,"activity":-0.0027,"lastBolusTime":1703254530927,"time":"2023-12-22T21:37:00.000Z"}},{"iob":-0.001,"basaliob":-0.001,"bolussnooze":0,"activity":0,"lastBolusTime":1703254530927,"time":"2023-12-22T21:42:00.000Z","iobWithZeroTemp":{"iob":-0.174,"basaliob":-0.174,"bolussnooze":0,"activity":-0.0026,"lastBolusTime":1703254530927,"time":"2023-12-22T21:42:00.000Z"}},{"iob":-0.001,"basaliob":-0.001,"bolussnooze":0,"activity":0,"lastBolusTime":1703254530927,"time":"2023-12-22T21:47:00.000Z","iobWithZeroTemp":{"iob":-0.162,"basaliob":-0.162,"bolussnooze":0,"activity":-0.0024,"lastBolusTime":1703254530927,"time":"2023-12-22T21:47:00.000Z"}},{"iob":-0.001,"basaliob":-0.001,"bolussnooze":0,"activity":0,"lastBolusTime":1703254530927,"time":"2023-12-22T21:52:00.000Z","iobWithZeroTemp":{"iob":-0.15,"basaliob":-0.15,"bolussnooze":0,"activity":-0.0023,"lastBolusTime":1703254530927,"time":"2023-12-22T21:52:00.000Z"}},{"iob":-0.001,"basaliob":-0.001,"bolussnooze":0,"activity":0,"lastBolusTime":1703254530927,"time":"2023-12-22T21:57:00.000Z","iobWithZeroTemp":{"iob":-0.139,"basaliob":-0.139,"bolussnooze":0,"activity":-0.0021,"lastBolusTime":1703254530927,"time":"2023-12-22T21:57:00.000Z"}},{"iob":-0.001,"basaliob":-0.001,"bolussnooze":0,"activity":0,"lastBolusTime":1703254530927,"time":"2023-12-22T22:02:00.000Z","iobWithZeroTemp":{"iob":-0.129,"basaliob":-0.129,"bolussnooze":0,"activity":-0.002,"lastBolusTime":1703254530927,"time":"2023-12-22T22:02:00.000Z"}},{"iob":0,"basaliob":0,"bolussnooze":0,"activity":0,"lastBolusTime":1703254530927,"time":"2023-12-22T22:07:00.000Z","iobWithZeroTemp":{"iob":-0.118,"basaliob":-0.118,"bolussnooze":0,"activity":-0.0018,"lastBolusTime":1703254530927,"time":"2023-12-22T22:07:00.000Z"}},{"iob":0,"basaliob":0,"bolussnooze":0,"activity":0,"lastBolusTime":1703254530927,"time":"2023-12-22T22:12:00.000Z","iobWithZeroTemp":{"iob":-0.109,"basaliob":-0.109,"bolussnooze":0,"activity":-0.0017,"lastBolusTime":1703254530927,"time":"2023-12-22T22:12:00.000Z"}},{"iob":0,"basaliob":0,"bolussnooze":0,"activity":0,"lastBolusTime":1703254530927,"time":"2023-12-22T22:17:00.000Z","iobWithZeroTemp":{"iob":-0.101,"basaliob":-0.101,"bolussnooze":0,"activity":-0.0016,"lastBolusTime":1703254530927,"time":"2023-12-22T22:17:00.000Z"}},{"iob":0,"basaliob":0,"bolussnooze":0,"activity":0,"lastBolusTime":1703254530927,"time":"2023-12-22T22:22:00.000Z","iobWithZeroTemp":{"iob":-0.093,"basaliob":-0.093,"bolussnooze":0,"activity":-0.0015,"lastBolusTime":1703254530927,"time":"2023-12-22T22:22:00.000Z"}},{"iob":0,"basaliob":0,"bolussnooze":0,"activity":0,"lastBolusTime":1703254530927,"time":"2023-12-22T22:27:00.000Z","iobWithZeroTemp":{"iob":-0.086,"basaliob":-0.086,"bolussnooze":0,"activity":-0.0014,"lastBolusTime":1703254530927,"time":"2023-12-22T22:27:00.000Z"}},{"iob":0,"basaliob":0,"bolussnooze":0,"activity":0,"lastBolusTime":1703254530927,"time":"2023-12-22T22:32:00.000Z","iobWithZeroTemp":{"iob":-0.079,"basaliob":-0.079,"bolussnooze":0,"activity":-0.0013,"lastBolusTime":1703254530927,"time":"2023-12-22T22:32:00.000Z"}},{"iob":0,"basaliob":0,"bolussnooze":0,"activity":0,"lastBolusTime":1703254530927,"time":"2023-12-22T22:37:00.000Z","iobWithZeroTemp":{"iob":-0.073,"basaliob":-0.073,"bolussnooze":0,"activity":-0.0012,"lastBolusTime":1703254530927,"time":"2023-12-22T22:37:00.000Z"}},{"iob":0,"basaliob":0,"bolussnooze":0,"activity":0,"lastBolusTime":1703254530927,"time":"2023-12-22T22:42:00.000Z","iobWithZeroTemp":{"iob":-0.067,"basaliob":-0.067,"bolussnooze":0,"activity":-0.0011,"lastBolusTime":1703254530927,"time":"2023-12-22T22:42:00.000Z"}},{"iob":0,"basaliob":0,"bolussnooze":0,"activity":0,"lastBolusTime":1703254530927,"time":"2023-12-22T22:47:00.000Z","iobWithZeroTemp":{"iob":-0.062,"basaliob":-0.062,"bolussnooze":0,"activity":-0.001,"lastBolusTime":1703254530927,"time":"2023-12-22T22:47:00.000Z"}},{"iob":0,"basaliob":0,"bolussnooze":0,"activity":0,"lastBolusTime":1703254530927,"time":"2023-12-22T22:52:00.000Z","iobWithZeroTemp":{"iob":-0.057,"basaliob":-0.057,"bolussnooze":0,"activity":-0.001,"lastBolusTime":1703254530927,"time":"2023-12-22T22:52:00.000Z"}},{"iob":0,"basaliob":0,"bolussnooze":0,"activity":0,"lastBolusTime":1703254530927,"time":"2023-12-22T22:57:00.000Z","iobWithZeroTemp":{"iob":-0.052,"basaliob":-0.052,"bolussnooze":0,"activity":-9.0E-4,"lastBolusTime":1703254530927,"time":"2023-12-22T22:57:00.000Z"}},{"iob":0,"basaliob":0,"bolussnooze":0,"activity":0,"lastBolusTime":1703254530927,"time":"2023-12-22T23:02:00.000Z","iobWithZeroTemp":{"iob":-0.048,"basaliob":-0.048,"bolussnooze":0,"activity":-8.0E-4,"lastBolusTime":1703254530927,"time":"2023-12-22T23:02:00.000Z"}},{"iob":0,"basaliob":0,"bolussnooze":0,"activity":0,"lastBolusTime":1703254530927,"time":"2023-12-22T23:07:00.000Z","iobWithZeroTemp":{"iob":-0.044,"basaliob":-0.044,"bolussnooze":0,"activity":-8.0E-4,"lastBolusTime":1703254530927,"time":"2023-12-22T23:07:00.000Z"}},{"iob":0,"basaliob":0,"bolussnooze":0,"activity":0,"lastBolusTime":1703254530927,"time":"2023-12-22T23:12:00.000Z","iobWithZeroTemp":{"iob":-0.04,"basaliob":-0.04,"bolussnooze":0,"activity":-7.0E-4,"lastBolusTime":1703254530927,"time":"2023-12-22T23:12:00.000Z"}},{"iob":0,"basaliob":0,"bolussnooze":0,"activity":0,"lastBolusTime":0,"time":"2023-12-22T23:17:00.000Z","iobWithZeroTemp":{"iob":-0.037,"basaliob":-0.037,"bolussnooze":0,"activity":-7.0E-4,"lastBolusTime":0,"time":"2023-12-22T23:17:00.000Z"}},{"iob":0,"basaliob":0,"bolussnooze":0,"activity":0,"lastBolusTime":0,"time":"2023-12-22T23:22:00.000Z","iobWithZeroTemp":{"iob":-0.034,"basaliob":-0.034,"bolussnooze":0,"activity":-6.0E-4,"lastBolusTime":0,"time":"2023-12-22T23:22:00.000Z"}},{"iob":0,"basaliob":0,"bolussnooze":0,"activity":0,"lastBolusTime":0,"time":"2023-12-22T23:27:00.000Z","iobWithZeroTemp":{"iob":-0.031,"basaliob":-0.031,"bolussnooze":0,"activity":-6.0E-4,"lastBolusTime":0,"time":"2023-12-22T23:27:00.000Z"}},{"iob":0,"basaliob":0,"bolussnooze":0,"activity":0,"lastBolusTime":0,"time":"2023-12-22T23:32:00.000Z","iobWithZeroTemp":{"iob":-0.028,"basaliob":-0.028,"bolussnooze":0,"activity":-5.0E-4,"lastBolusTime":0,"time":"2023-12-22T23:32:00.000Z"}},{"iob":0,"basaliob":0,"bolussnooze":0,"activity":0,"lastBolusTime":0,"time":"2023-12-22T23:37:00.000Z","iobWithZeroTemp":{"iob":-0.026,"basaliob":-0.026,"bolussnooze":0,"activity":-5.0E-4,"lastBolusTime":0,"time":"2023-12-22T23:37:00.000Z"}},{"iob":0,"basaliob":0,"bolussnooze":0,"activity":0,"lastBolusTime":0,"time":"2023-12-22T23:42:00.000Z","iobWithZeroTemp":{"iob":-0.024,"basaliob":-0.024,"bolussnooze":0,"activity":-4.0E-4,"lastBolusTime":0,"time":"2023-12-22T23:42:00.000Z"}},{"iob":0,"basaliob":0,"bolussnooze":0,"activity":0,"lastBolusTime":0,"time":"2023-12-22T23:47:00.000Z","iobWithZeroTemp":{"iob":-0.022,"basaliob":-0.022,"bolussnooze":0,"activity":-4.0E-4,"lastBolusTime":0,"time":"2023-12-22T23:47:00.000Z"}},{"iob":0,"basaliob":0,"bolussnooze":0,"activity":0,"lastBolusTime":0,"time":"2023-12-22T23:52:00.000Z","iobWithZeroTemp":{"iob":-0.02,"basaliob":-0.02,"bolussnooze":0,"activity":-4.0E-4,"lastBolusTime":0,"time":"2023-12-22T23:52:00.000Z"}},{"iob":0,"basaliob":0,"bolussnooze":0,"activity":0,"lastBolusTime":0,"time":"2023-12-22T23:57:00.000Z","iobWithZeroTemp":{"iob":-0.018,"basaliob":-0.018,"bolussnooze":0,"activity":-3.0E-4,"lastBolusTime":0,"time":"2023-12-22T23:57:00.000Z"}},{"iob":0,"basaliob":0,"bolussnooze":0,"activity":0,"lastBolusTime":0,"time":"2023-12-23T00:02:00.000Z","iobWithZeroTemp":{"iob":-0.016,"basaliob":-0.016,"bolussnooze":0,"activity":-3.0E-4,"lastBolusTime":0,"time":"2023-12-23T00:02:00.000Z"}},{"iob":0,"basaliob":0,"bolussnooze":0,"activity":0,"lastBolusTime":0,"time":"2023-12-23T00:07:00.000Z","iobWithZeroTemp":{"iob":-0.015,"basaliob":-0.015,"bolussnooze":0,"activity":-3.0E-4,"lastBolusTime":0,"time":"2023-12-23T00:07:00.000Z"}},{"iob":0,"basaliob":0,"bolussnooze":0,"activity":0,"lastBolusTime":0,"time":"2023-12-23T00:12:00.000Z","iobWithZeroTemp":{"iob":-0.013,"basaliob":-0.013,"bolussnooze":0,"activity":-3.0E-4,"lastBolusTime":0,"time":"2023-12-23T00:12:00.000Z"}},{"iob":0,"basaliob":0,"bolussnooze":0,"activity":0,"lastBolusTime":0,"time":"2023-12-23T00:17:00.000Z","iobWithZeroTemp":{"iob":-0.012,"basaliob":-0.012,"bolussnooze":0,"activity":-2.0E-4,"lastBolusTime":0,"time":"2023-12-23T00:17:00.000Z"}},{"iob":0,"basaliob":0,"bolussnooze":0,"activity":0,"lastBolusTime":0,"time":"2023-12-23T00:22:00.000Z","iobWithZeroTemp":{"iob":-0.011,"basaliob":-0.011,"bolussnooze":0,"activity":-2.0E-4,"lastBolusTime":0,"time":"2023-12-23T00:22:00.000Z"}},{"iob":0,"basaliob":0,"bolussnooze":0,"activity":0,"lastBolusTime":0,"time":"2023-12-23T00:27:00.000Z","iobWithZeroTemp":{"iob":-0.01,"basaliob":-0.01,"bolussnooze":0,"activity":-2.0E-4,"lastBolusTime":0,"time":"2023-12-23T00:27:00.000Z"}},{"iob":0,"basaliob":0,"bolussnooze":0,"activity":0,"lastBolusTime":0,"time":"2023-12-23T00:32:00.000Z","iobWithZeroTemp":{"iob":-0.009,"basaliob":-0.009,"bolussnooze":0,"activity":-2.0E-4,"lastBolusTime":0,"time":"2023-12-23T00:32:00.000Z"}},{"iob":0,"basaliob":0,"bolussnooze":0,"activity":0,"lastBolusTime":0,"time":"2023-12-23T00:37:00.000Z","iobWithZeroTemp":{"iob":-0.008,"basaliob":-0.008,"bolussnooze":0,"activity":-2.0E-4,"lastBolusTime":0,"time":"2023-12-23T00:37:00.000Z"}},{"iob":0,"basaliob":0,"bolussnooze":0,"activity":0,"lastBolusTime":0,"time":"2023-12-23T00:42:00.000Z","iobWithZeroTemp":{"iob":-0.007,"basaliob":-0.007,"bolussnooze":0,"activity":-2.0E-4,"lastBolusTime":0,"time":"2023-12-23T00:42:00.000Z"}},{"iob":0,"basaliob":0,"bolussnooze":0,"activity":0,"lastBolusTime":0,"time":"2023-12-23T00:47:00.000Z","iobWithZeroTemp":{"iob":-0.007,"basaliob":-0.007,"bolussnooze":0,"activity":-1.0E-4,"lastBolusTime":0,"time":"2023-12-23T00:47:00.000Z"}},{"iob":0,"basaliob":0,"bolussnooze":0,"activity":0,"lastBolusTime":0,"time":"2023-12-23T00:52:00.000Z","iobWithZeroTemp":{"iob":-0.006,"basaliob":-0.006,"bolussnooze":0,"activity":-1.0E-4,"lastBolusTime":0,"time":"2023-12-23T00:52:00.000Z"}},{"iob":0,"basaliob":0,"bolussnooze":0,"activity":0,"lastBolusTime":0,"time":"2023-12-23T00:57:00.000Z","iobWithZeroTemp":{"iob":-0.005,"basaliob":-0.005,"bolussnooze":0,"activity":-1.0E-4,"lastBolusTime":0,"time":"2023-12-23T00:57:00.000Z"}},{"iob":0,"basaliob":0,"bolussnooze":0,"activity":0,"lastBolusTime":0,"time":"2023-12-23T01:02:00.000Z","iobWithZeroTemp":{"iob":-0.005,"basaliob":-0.005,"bolussnooze":0,"activity":-1.0E-4,"lastBolusTime":0,"time":"2023-12-23T01:02:00.000Z"}},{"iob":0,"basaliob":0,"bolussnooze":0,"activity":0,"lastBolusTime":0,"time":"2023-12-23T01:07:00.000Z","iobWithZeroTemp":{"iob":-0.004,"basaliob":-0.004,"bolussnooze":0,"activity":-1.0E-4,"lastBolusTime":0,"time":"2023-12-23T01:07:00.000Z"}},{"iob":0,"basaliob":0,"bolussnooze":0,"activity":0,"lastBolusTime":0,"time":"2023-12-23T01:12:00.000Z","iobWithZeroTemp":{"iob":-0.004,"basaliob":-0.004,"bolussnooze":0,"activity":-1.0E-4,"lastBolusTime":0,"time":"2023-12-23T01:12:00.000Z"}},{"iob":0,"basaliob":0,"bolussnooze":0,"activity":0,"lastBolusTime":0,"time":"2023-12-23T01:17:00.000Z","iobWithZeroTemp":{"iob":-0.003,"basaliob":-0.003,"bolussnooze":0,"activity":-1.0E-4,"lastBolusTime":0,"time":"2023-12-23T01:17:00.000Z"}}],"profile":{"max_iob":1.5,"dia":3,"type":"current","max_daily_basal":0.5,"max_basal":1.2,"min_bg":100.8,"max_bg":100.8,"target_bg":100.8,"carb_ratio":20,"sens":126,"max_daily_safety_multiplier":3,"current_basal_safety_multiplier":4,"skip_neutral_temps":true,"current_basal":0.3,"temptargetSet":false,"autosens_adjust_targets":true,"min_5m_carbimpact":5.5,"out_units":"mmol\/L"},"autosens_data":{"ratio":1},"meal_data":{"carbs":10,"mealCOB":0}},"output":{"temp":"absolute","bg":86,"tick":-1,"eventualBG":85,"snoozeBG":86,"predBGs":{"IOB":[86,84,83,82,81,80,79,79,79,78,78,78,79,79,79,79,80,80,80,80,81,81,81,81,82,82,82,82,82,83,83,83,83,83,84,84,84,84,84,84,84,85,85,85,85,85,85,85,85,85,85,85,85,86]},"COB":0,"IOB":-0.051,"reason":"COB: 0, Dev: -7, BGI: -0.69, ISF: 7.0, Target: 5.6; Eventual BG 4.7 < 5.6, setting -0.18U\/hr","duration":30,"rate":0,"timestamp":"2023-12-22T15:51:04.911Z"}}