{"algorithm":"OpenAPSAMAPlugin","input":{"glucoseStatus":{"glucose":161,"delta":11.67,"short_avgdelta":11.67,"long_avgdelta":5.73},"currenttemp":{"temp":"absolute","duration":25,"rate":0.9,"minutesrunning":5},"iob_data":[{"iob":0.322,"basaliob":0.322,"bolussnooze":0,"activity":0.002,"lastBolusTime":0,"time":"2023-12-23T13:37:00.000Z","iobWithZeroTemp":{"iob":0.322,"basaliob":0.322,"bolussnooze":0,"activity":0.002,"lastBolusTime":0,"time":"2023-12-23T13:37:00.000Z"}},{"iob":0.312,"basaliob":0.312,"bolussnooze":0,"activity":0.0022,"lastBolusTime":0,"time":"2023-12-23T13:42:00.000Z","iobWithZeroTemp":{"iob":0.287,"basaliob":0.287,"bolussnooze":0,"activity":0.0022,"lastBolusTime":0,"time":"2023-12-23T13:42:00.000Z"}},{"iob":0.301,"basaliob":0.301,"bolussnooze":0,"activity":0.0023,"lastBolusTime":0,"time":"2023-12-23T13:47:00.000Z","iobWithZeroTemp":{"iob":0.251,"basaliob":0.251,"bolussnooze":0,"activity":0.0022,"lastBolusTime":0,"time":"2023-12-23T13:47:00.000Z"}},{"iob":0.289,"basaliob":0.289,"bolussnooze":0,"activity":0.0024,"lastBolusTime":0,"time":"2023-12-23T13:52:00.000Z","iobWithZeroTemp":{"iob":0.215,"basaliob":0.215,"bolussnooze":0,"activity":0.0022,"lastBolusTime":0,"time":"2023-12-23T13:52:00.000Z"}},{"iob":0.277,"basaliob":0.277,"bolussnooze":0,"activity":0.0024,"lastBolusTime":0,"time":"2023-12-23T13:57:00.000Z","iobWithZeroTemp":{"iob":0.179,"basaliob":0.179,"bolussnooze":0,"activity":0.0021,"lastBolusTime":0,"time":"2023-12-23T13:57:00.000Z"}},{"iob":0.265,"basaliob":0.265,"bolussnooze":0,"activity":0.0024,"lastBolusTime":0,"time":"2023-12-23T14:02:00.000Z","iobWithZeroTemp":{"iob":0.143,"basaliob":0.143,"bolussnooze":0,"activity":0.002,"lastBolusTime":0,"time":"2023-12-23T14:02:00.000Z"}},{"iob":0.253,"basaliob":0.253,"bolussnooze":0,"activity":0.0024,"lastBolusTime":0,"time":"2023-12-23T14:07:00.000Z","iobWithZeroTemp":{"iob":0.109,"basaliob":0.109,"bolussnooze":0,"activity":0.0019,"lastBolusTime":0,"time":"2023-12-23T14:07:00.000Z"}},{"iob":0.24,"basaliob":0.24,"bolussnooze":0,"activity":0.0024,"lastBolusTime":0,"time":"2023-12-23T14:12:00.000Z","iobWithZeroTemp":{"iob":0.074,"basaliob":0.074,"bolussnooze":0,"activity":0.0017,"lastBolusTime":0,"time":"2023-12-23T14:12:00.000Z"}},{"iob":0.228,"basaliob":0.228,"bolussnooze":0,"activity":0.0024,"lastBolusTime":0,"time":"2023-12-23T14:17:00.000Z","iobWithZeroTemp":{"iob":0.041,"basaliob":0.041,"bolussnooze":0,"activity":0.0016,"lastBolusTime":0,"time":"2023-12-23T14:17:00.000Z"}},{"iob":0.217,"basaliob":0.217,"bolussnooze":0,"activity":0.0023,"lastBolusTime":0,"time":"2023-12-23T14:22:00.000Z","iobWithZeroTemp":{"iob":0.009,"basaliob":0.009,"bolussnooze":0,"activity":0.0013,"lastBolusTime":0,"time":"2023-12-23T14:22:00.000Z"}},{"iob":0.205,"basaliob":0.205,"bolussnooze":0,"activity":0.0023,"lastBolusTime":0,"time":"2023-12-23T14:27:00.000Z","iobWithZeroTemp":{"iob":-0.022,"basaliob":-0.022,"bolussnooze":0,"activity":0.0011,"lastBolusTime":0,"time":"2023-12-23T14:27:00.000Z"}},{"iob":0.194,"basaliob":0.194,"bolussnooze":0,"activity":0.0022,"lastBolusTime":0,"time":"2023-12-23T14:32:00.000Z","iobWithZeroTemp":{"iob":-0.052,"basaliob":-0.052,"bolussnooze":0,"activity":8.0E-4,"lastBolusTime":0,"time":"2023-12-23T14:32:00.000Z"}},{"iob":0.183,"basaliob":0.183,"bolussnooze":0,"activity":0.0021,"lastBolusTime":0,"time":"2023-12-23T14:37:00.000Z","iobWithZeroTemp":{"iob":-0.081,"basaliob":-0.081,"bolussnooze":0,"activity":6.0E-4,"lastBolusTime":0,"time":"2023-12-23T14:37:00.000Z"}},{"iob":0.172,"basaliob":0.172,"bolussnooze":0,"activity":0.0021,"lastBolusTime":0,"time":"2023-12-23T14:42:00.000Z","iobWithZeroTemp":{"iob":-0.109,"basaliob":-0.109,"bolussnooze":0,"activity":4.0E-4,"lastBolusTime":0,"time":"2023-12-23T14:42:00.000Z"}},{"iob":0.162,"basaliob":0.162,"bolussnooze":0,"activity":0.002,"lastBolusTime":0,"time":"2023-12-23T14:47:00.000Z","iobWithZeroTemp":{"iob":-0.135,"basaliob":-0.135,"bolussnooze":0,"activity":1.0E-4,"lastBolusTime":0,"time":"2023-12-23T14:47:00.000Z"}},{"iob":0.152,"basaliob":0.152,"bolussnooze":0,"activity":0.0019,"lastBolusTime":0,"time":"2023-12-23T14:52:00.000Z","iobWithZeroTemp":{"iob":-0.16,"basaliob":-0.16,"bolussnooze":0,"activity":-1.0E-4,"lastBolusTime":0,"time":"2023-12-23T14:52:00.000Z"}},{"iob":0.143,"basaliob":0.143,"bolussnooze":0,"activity":0.0018,"lastBolusTime":0,"time":"2023-12-23T14:57:00.000Z","iobWithZeroTemp":{"iob":-0.184,"basaliob":-0.184,"bolussnooze":0,"activity":-4.0E-4,"lastBolusTime":0,"time":"2023-12-23T14:57:00.000Z"}},{"iob":0.134,"basaliob":0.134,"bolussnooze":0,"activity":0.0017,"lastBolusTime":0,"time":"2023-12-23T15:02:00.000Z","iobWithZeroTemp":{"iob":-0.206,"basaliob":-0.206,"bolussnooze":0,"activity":-6.0E-4,"lastBolusTime":0,"time":"2023-12-23T15:02:00.000Z"}},{"iob":0.126,"basaliob":0.126,"bolussnooze":0,"activity":0.0017,"lastBolusTime":0,"time":"2023-12-23T15:07:00.000Z","iobWithZeroTemp":{"iob":-0.227,"basaliob":-0.227,"bolussnooze":0,"activity":-8.0E-4,"lastBolusTime":0,"time":"2023-12-23T15:07:00.000Z"}},{"iob":0.118,"basaliob":0.118,"bolussnooze":0,"activity":0.0016,"lastBolusTime":0,"time":"2023-12-23T15:12:00.000Z","iobWithZeroTemp":{"iob":-0.247,"basaliob":-0.247,"bolussnooze":0,"activity":-0.001,"lastBolusTime":0,"time":"2023-12-23T15:12:00.000Z"}},{"iob":0.11,"basaliob":0.11,"bolussnooze":0,"activity":0.0015,"lastBolusTime":0,"time":"2023-12-23T15:17:00.000Z","iobWithZeroTemp":{"iob":-0.267,"basaliob":-0.267,"bolussnooze":0,"activity":-0.0013,"lastBolusTime":0,"time":"2023-12-23T15:17:00.000Z"}},{"iob":0.103,"basaliob":0.103,"bolussnooze":0,"activity":0.0014,"lastBolusTime":0,"time":"2023-12-23T15:22:00.000Z","iobWithZeroTemp":{"iob":-0.285,"basaliob":-0.285,"bolussnooze":0,"activity":-0.0015,"lastBolusTime":0,"time":"2023-12-23T15:22:00.000Z"}},{"iob":0.096,"basaliob":0.096,"bolussnooze":0,"activity":0.0013,"lastBolusTime":0,"time":"2023-12-23T15:27:00.000Z","iobWithZeroTemp":{"iob":-0.302,"basaliob":-0.302,"bolussnooze":0,"activity":-0.0017,"lastBolusTime":0,"time":"2023-12-23T15:27:00.000Z"}},{"iob":0.089,"basaliob":0.089,"bolussnooze":0,"activity":0.0013,"lastBolusTime":0,"time":"2023-12-23T15:32:00.000Z","iobWithZeroTemp":{"iob":-0.318,"basaliob":-0.318,"bolussnooze":0,"activity":-0.0019,"lastBolusTime":0,"time":"2023-12-23T15:32:00.000Z"}},{"iob":0.083,"basaliob":0.083,"bolussnooze":0,"activity":0.0012,"lastBolusTime":0,"time":"2023-12-23T15:37:00.000Z","iobWithZeroTemp":{"iob":-0.333,"basaliob":-0.333,"bolussnooze":0,"activity":-0.0021,"lastBolusTime":0,"time":"2023-12-23T15:37:00.000Z"}},{"iob":0.077,"basaliob":0.077,"bolussnooze":0,"activity":0.0011,"lastBolusTime":0,"time":"2023-12-23T15:42:00.000Z","iobWithZeroTemp":{"iob":-0.347,"basaliob":-0.347,"bolussnooze":0,"activity":-0.0023,"lastBolusTime":0,"time":"2023-12-23T15:42:00.000Z"}},{"iob":0.072,"basaliob":0.072,"bolussnooze":0,"activity":0.0011,"lastBolusTime":0,"time":"2023-12-23T15:47:00.000Z","iobWithZeroTemp":{"iob":-0.36,"basaliob":-0.36,"bolussnooze":0,"activity":-0.0024,"lastBolusTime":0,"time":"2023-12-23T15:47:00.000Z"}},{"iob":0.067,"basaliob":0.067,"bolussnooze":0,"activity":0.001,"lastBolusTime":0,"time":"2023-12-23T15:52:00.000Z","iobWithZeroTemp":{"iob":-0.372,"basaliob":-0.372,"bolussnooze":0,"activity":-0.0026,"lastBolusTime":0,"time":"2023-12-23T15:52:00.000Z"}},{"iob":0.062,"basaliob":0.062,"bolussnooze":0,"activity":9.0E-4,"lastBolusTime":0,"time":"2023-12-23T15:57:00.000Z","iobWithZeroTemp":{"iob":-0.384,"basaliob":-0.384,"bolussnooze":0,"activity":-0.0028,"lastBolusTime":0,"time":"2023-12-23T15:57:00.000Z"}},{"iob":0.058,"basaliob":0.058,"bolussnooze":0,"activity":9.0E-4,"lastBolusTime":0,"time":"2023-12-23T16:02:00.000Z","iobWithZeroTemp":{"iob":-0.395,"basaliob":-0.395,"bolussnooze":0,"activity":-0.0029,"lastBolusTime":0,"time":"2023-12-23T16:02:00.000Z"}},{"iob":0.053,"basaliob":0.053,"bolussnooze":0,"activity":8.0E-4,"lastBolusTime":0,"time":"2023-12-23T16:07:00.000Z","iobWithZeroTemp":{"iob":-0.414,"basaliob":-0.414,"bolussnooze":0,"activity":-0.0031,"lastBolusTime":0,"time":"2023-12-23T16:07:00.000Z"}},{"iob":0.049,"basaliob":0.049,"bolussnooze":0,"activity":8.0E-4,"lastBolusTime":0,"time":"2023-12-23T16:12:00.000Z","iobWithZeroTemp":{"iob":-0.432,"basaliob":-0.432,"bolussnooze":0,"activity":-0.0032,"lastBolusTime":0,"time":"2023-12-23T16:12:00.000Z"}},{"iob":0.046,"basaliob":0.046,"bolussnooze":0,"activity":7.0E-4,"lastBolusTime":0,"time":"2023-12-23T16:17:00.000Z","iobWithZeroTemp":{"iob":-0.448,"basaliob":-0.448,"bolussnooze":0,"activity":-0.0034,"lastBolusTime":0,"time":"2023-12-23T16:17:00.000Z"}},{"iob":0.042,"basaliob":0.042,"bolussnooze":0,"activity":7.0E-4,"lastBolusTime":0,"time":"2023-12-23T16:22:00.000Z","iobWithZeroTemp":{"iob":-0.464,"basaliob":-0.464,"bolussnooze":0,"activity":-0.0035,"lastBolusTime":0,"time":"2023-12-23T16:22:00.000Z"}},{"iob":0.039,"basaliob":0.039,"bolussnooze":0,"activity":6.0E-4,"lastBolusTime":0,"time":"2023-12-23T16:27:00.000Z","iobWithZeroTemp":{"iob":-0.48,"basaliob":-0.48,"bolussnooze":0,"activity":-0.0037,"lastBolusTime":0,"time":"2023-12-23T16:27:00.000Z"}},{"iob":0.036,"basaliob":0.036,"bolussnooze":0,"activity":6.0E-4,"lastBolusTime":0,"time":"2023-12-23T16:32:00.000Z","iobWithZeroTemp":{"iob":-0.494,"basaliob":-0.494,"bolussnooze":0,"activity":-0.0038,"lastBolusTime":0,"time":"2023-12-23T16:32:00.000Z"}},{"iob":0.033,"basaliob":0.033,"bolussnooze":0,"activity":5.0E-4,"lastBolusTime":0,"time":"2023-12-23T16:37:00.000Z","iobWithZeroTemp":{"iob":-0.508,"basaliob":-0.508,"bolussnooze":0,"activity":-0.004,"lastBolusTime":0,"time":"2023-12-23T16:37:00.000Z"}},{"iob":0.031,"basaliob":0.031,"bolussnooze":0,"activity":5.0E-4,"lastBolusTime":0,"time":"2023-12-23T16:42:00.000Z","iobWithZeroTemp":{"iob":-0.521,"basaliob":-0.521,"bolussnooze":0,"activity":-0.0041,"lastBolusTime":0,"time":"2023-12-23T16:42:00.000Z"}},{"iob":0.028,"basaliob":0.028,"bolussnooze":0,"activity":5.0E-4,"lastBolusTime":0,"time":"2023-12-23T16:47:00.000Z","iobWithZeroTemp":{"iob":-0.534,"basaliob":-0.534,"bolussnooze":0,"activity":-0.0042,"lastBolusTime":0,"time":"2023-12-23T16:47:00.000Z"}},{"iob":0.026,"basaliob":0.026,"bolussnooze":0,"activity":4.0E-4,"lastBolusTime":0,"time":"2023-12-23T16:52:00.000Z","iobWithZeroTemp":{"iob":-0.546,"basaliob":-0.546,"bolussnooze":0,"activity":-0.0044,"lastBolusTime":0,"time":"2023-12-23T16:52:00.000Z"}},{"iob":0.024,"basaliob":0.024,"bolussnooze":0,"activity":4.0E-4,"lastBolusTime":0,"time":"2023-12-23T16:57:00.000Z","iobWithZeroTemp":{"iob":-0.557,"basaliob":-0.557,"bolussnooze":0,"activity":-0.0045,"lastBolusTime":0,"time":"2023-12-23T16:57:00.000Z"}},{"iob":0.022,"basaliob":0.022,"bolussnooze":0,"activity":4.0E-4,"lastBolusTime":0,"time":"2023-12-23T17:02:00.000Z","iobWithZeroTemp":{"iob":-0.567,"basaliob":-0.567,"bolussnooze":0,"activity":-0.0046,"lastBolusTime":0,"time":"2023-12-23T17:02:00.000Z"}},{"iob":0.02,"basaliob":0.02,"bolussnooze":0,"activity":3.0E-4,"lastBolusTime":0,"time":"2023-12-23T17:07:00.000Z","iobWithZeroTemp":{"iob":-0.577,"basaliob":-0.577,"bolussnooze":0,"activity":-0.0048,"lastBolusTime":0,"time":"2023-12-23T17:07:00.000Z"}},{"iob":0.019,"basaliob":0.019,"bolussnooze":0,"activity":3.0E-4,"lastBolusTime":0,"time":"2023-12-23T17:12:00.000Z","iobWithZeroTemp":{"iob":-0.586,"basaliob":-0.586,"bolussnooze":0,"activity":-0.0049,"lastBolusTime":0,"time":"2023-12-23T17:12:00.000Z"}},{"iob":0.017,"basaliob":0.017,"bolussnooze":0,"activity":3.0E-4,"lastBolusTime":0,"time":"2023-12-23T17:17:00.000Z","iobWithZeroTemp":{"iob":-0.595,"basaliob":-0.595,"bolussnooze":0,"activity":-0.005,"lastBolusTime":0,"time":"2023-12-23T17:17:00.000Z"}},{"iob":0.016,"basaliob":0.016,"bolussnooze":0,"activity":3.0E-4,"lastBolusTime":0,"time":"2023-12-23T17:22:00.000Z","iobWithZeroTemp":{"iob":-0.602,"basaliob":-0.602,"bolussnooze":0,"activity":-0.0051,"lastBolusTime":0,"time":"2023-12-23T17:22:00.000Z"}},{"iob":0.014,"basaliob":0.014,"bolussnooze":0,"activity":3.0E-4,"lastBolusTime":0,"time":"2023-12-23T17:27:00.000Z","iobWithZeroTemp":{"iob":-0.611,"basaliob":-0.611,"bolussnooze":0,"activity":-0.0052,"lastBolusTime":0,"time":"2023-12-23T17:27:00.000Z"}},{"iob":0.013,"basaliob":0.013,"bolussnooze":0,"activity":2.0E-4,"lastBolusTime":0,"time":"2023-12-23T17:32:00.000Z","iobWithZeroTemp":{"iob":-0.618,"basaliob":-0.618,"bolussnooze":0,"activity":-0.0053,"lastBolusTime":0,"time":"2023-12-23T17:32:00.000Z"}},{"iob":0.012,"basaliob":0.012,"bolussnooze":0,"activity":2.0E-4,"lastBolusTime":0,"time":"2023-12-23T17:37:00.000Z","iobWithZeroTemp":{"iob":-0.624,"basaliob":-0.624,"bolussnooze":0,"activity":-0.0054,"lastBolusTime":0,"time":"2023-12-23T17:37:00.000Z"}},{"iob":0.011,"basaliob":0.011,"bolussnooze":0,"activity":2.0E-4,"lastBolusTime":0,"time":"2023-12-23T17:42:00.000Z","iobWithZeroTemp":{"iob":-0.597,"basaliob":-0.597,"bolussnooze":0,"activity":-0.0054,"lastBolusTime":0,"time":"2023-12-23T17:42:00.000Z"}},{"iob":0.01,"basaliob":0.01,"bolussnooze":0,"activity":2.0E-4,"lastBolusTime":0,"time":"2023-12-23T17:47:00.000Z","iobWithZeroTemp":{"iob":-0.57,"basaliob":-0.57,"bolussnooze":0,"activity":-0.0054,"lastBolusTime":0,"time":"2023-12-23T17:47:00.000Z"}},{"iob":0.009,"basaliob":0.009,"bolussnooze":0,"activity":2.0E-4,"lastBolusTime":0,"time":"2023-12-23T17:52:00.000Z","iobWithZeroTemp":{"iob":-0.543,"basaliob":-0.543,"bolussnooze":0,"activity":-0.0054,"lastBolusTime":0,"time":"2023-12-23T17:52:00.000Z"}},{"iob":0.008,"basaliob":0.008,"bolussnooze":0,"activity":2.0E-4,"lastBolusTime":0,"time":"2023-12-23T17:57:00.000Z","iobWithZeroTemp":{"iob":-0.516,"basaliob":-0.516,"bolussnooze":0,"activity":-0.0053,"lastBolusTime":0,"time":"2023-12-23T17:57:00.000Z"}},{"iob":0.008,"basaliob":0.008,"bolussnooze":0,"activity":1.0E-4,"lastBolusTime":0,"time":"2023-12-23T18:02:00.000Z","iobWithZeroTemp":{"iob":-0.489,"basaliob":-0.489,"bolussnooze":0,"activity":-0.0053,"lastBolusTime":0,"time":"2023-12-23T18:02:00.000Z"}},{"iob":0.007,"basaliob":0.007,"bolussnooze":0,"activity":1.0E-4,"lastBolusTime":0,"time":"2023-12-23T18:07:00.000Z","iobWithZeroTemp":{"iob":-0.463,"basaliob":-0.463,"bolussnooze":0,"activity":-0.0052,"lastBolusTime":0,"time":"2023-12-23T18:07:00.000Z"}},{"iob":0.006,"basaliob":0.006,"bolussnooze":0,"activity":1.0E-4,"lastBolusTime":0,"time":"2023-12-23T18:12:00.000Z","iobWithZeroTemp":{"iob":-0.438,"basaliob":-0.438,"bolussnooze":0,"activity":-0.005,"lastBolusTime":0,"time":"2023-12-23T18:12:00.000Z"}},{"iob":0.006,"basaliob":0.006,"bolussnooze":0,"activity":1.0E-4,"lastBolusTime":0,"time":"2023-12-23T18:17:00.000Z","iobWithZeroTemp":{"iob":-0.413,"basaliob":-0.413,"bolussnooze":0,"activity":-0.0048,"lastBolusTime":0,"time":"2023-12-23T18:17:00.000Z"}},{"iob":0.005,"basaliob":0.005,"bolussnooze":0,"activity":1.0E-4,"lastBolusTime":0,"time":"2023-12-23T18:22:00.000Z","iobWithZeroTemp":{"iob":-0.39,"basaliob":-0.39,"bolussnooze":0,"activity":-0.0047,"lastBolusTime":0,"time":"2023-12-23T18:22:00.000Z"}},{"iob":0.005,"basaliob":0.005,"bolussnooze":0,"activity":1.0E-4,"lastBolusTime":0,"time":"2023-12-23T18:27:00.000Z","iobWithZeroTemp":{"iob":-0.366,"basaliob":-0.366,"bolussnooze":0,"activity":-0.0045,"lastBolusTime":0,"time":"2023-12-23T18:27:00.000Z"}},{"iob":0.004,"basaliob":0.004,"bolussnooze":0,"activity":1.0E-4,"lastBolusTime":0,"time":"2023-12-23T18:32:00.000Z","iobWithZeroTemp":{"iob":-0.345,"basaliob":-0.345,"bolussnooze":0,"activity":-0.0043,"lastBolusTime":0,"time":"2023-12-23T18:32:00.000Z"}},{"iob":0.004,"basaliob":0.004,"bolussnooze":0,"activity":1.0E-4,"lastBolusTime":0,"time":"2023-12-23T18:37:00.000Z","iobWithZeroTemp":{"iob":-0.324,"basaliob":-0.324,"bolussnooze":0,"activity":-0.0041,"lastBolusTime":0,"time":"2023-12-23T18:37:00.000Z"}},{"iob":0.004,"basaliob":0.004,"bolussnooze":0,"activity":1.0E-4,"lastBolusTime":0,"time":"2023-12-23T18:42:00.000Z","iobWithZeroTemp":{"iob":-0.303,"basaliob":-0.303,"bolussnooze":0,"activity":-0.0039,"lastBolusTime":0,"time":"2023-12-23T18:42:00.000Z"}},{"iob":0.003,"basaliob":0.003,"bolussnooze":0,"activity":1.0E-4,"lastBolusTime":0,"time":"2023-12-23T18:47:00.000Z","iobWithZeroTemp":{"iob":-0.285,"basaliob":-0.285,"bolussnooze":0,"activity":-0.0037,"lastBolusTime":0,"time":"2023-12-23T18:47:00.000Z"}},{"iob":0.003,"basaliob":0.003,"bolussnooze":0,"activity":1.0E-4,"lastBolusTime":0,"time":"2023-12-23T18:52:00.000Z","iobWithZeroTemp":{"iob":-0.266,"basaliob":-0.266,"bolussnooze":0,"activity":-0.0035,"lastBolusTime":0,"time":"2023-12-23T18:52:00.000Z"}},{"iob":0.003,"basaliob":0.003,"bolussnooze":0,"activity":1.0E-4,"lastBolusTime":0,"time":"2023-12-23T18:57:00.000Z","iobWithZeroTemp":{"iob":-0.248,"basaliob":-0.248,"bolussnooze":0,"activity":-0.0033,"lastBolusTime":0,"time":"2023-12-23T18:57:00.000Z"}},{"iob":0.002,"basaliob":0.002,"bolussnooze":0,"activity":0,"lastBolusTime":0,"time":"2023-12-23T19:02:00.000Z","iobWithZeroTemp":{"iob":-0.233,"basaliob":-0.233,"bolussnooze":0,"activity":-0.0032,"lastBolusTime":0,"time":"2023-12-23T19:02:00.000Z"}},{"iob":0.002,"basaliob":0.002,"bolussnooze":0,"activity":0,"lastBolusTime":0,"time":"2023-12-23T19:07:00.000Z","iobWithZeroTemp":{"iob":-0.217,"basaliob":-0.217,"bolussnooze":0,"activity":-0.0031,"lastBolusTime":0,"time":"2023-12-23T19:07:00.000Z"}},{"iob":0.002,"basaliob":0.002,"bolussnooze":0,"activity":0,"lastBolusTime":0,"time":"2023-12-23T19:12:00.000Z","iobWithZeroTemp":{"iob":-0.202,"basaliob":-0.202,"bolussnooze":0,"activity":-0.0029,"lastBolusTime":0,"time":"2023-12-23T19:12:00.000Z"}},{"iob":0.002,"basaliob":0.002,"bolussnooze":0,"activity":0,"lastBolusTime":0,"time":"2023-12-23T19:17:00.000Z","iobWithZeroTemp":{"iob":-0.188,"basaliob":-0.188,"bolussnooze":0,"activity":-0.0027,"lastBolusTime":0,"time":"2023-12-23T19:17:00.000Z"}},{"iob":0.002,"basaliob":0.002,"bolussnooze":0,"activity":0,"lastBolusTime":0,"time":"2023-12-23T19:22:00.000Z","iobWithZeroTemp":{"iob":-0.175,"basaliob":-0.175,"bolussnooze":0,"activity":-0.0026,"lastBolusTime":0,"time":"2023-12-23T19:22:00.000Z"}},{"iob":0.001,"basaliob":0.001,"bolussnooze":0,"activity":0,"lastBolusTime":0,"time":"2023-12-23T19:27:00.000Z","iobWithZeroTemp":{"iob":-0.163,"basaliob":-0.163,"bolussnooze":0,"activity":-0.0024,"lastBolusTime":0,"time":"2023-12-23T19:27:00.000Z"}},{"iob":0.001,"basaliob":0.001,"bolussnooze":0,"activity":0,"lastBolusTime":0,"time":"2023-12-23T19:32:00.000Z","iobWithZeroTemp":{"iob":-0.152,"basaliob":-0.152,"bolussnooze":0,"activity":-0.0023,"lastBolusTime":0,"time":"2023-12-23T19:32:00.000Z"}},{"iob":0.001,"basaliob":0.001,"bolussnooze":0,"activity":0,"lastBolusTime":0,"time":"2023-12-23T19:37:00.000Z","iobWithZeroTemp":{"iob":-0.141,"basaliob":-0.141,"bolussnooze":0,"activity":-0.0021,"lastBolusTime":0,"time":"2023-12-23T19:37:00.000Z"}},{"iob":0.001,"basaliob":0.001,"bolussnooze":0,"activity":0,"lastBolusTime":0,"time":"2023-12-23T19:42:00.000Z","iobWithZeroTemp":{"iob":-0.13,"basaliob":-0.13,"bolussnooze":0,"activity":-0.002,"lastBolusTime":0,"time":"2023-12-23T19:42:00.000Z"}},{"iob":0.001,"basaliob":0.001,"bolussnooze":0,"activity":0,"lastBolusTime":0,"time":"2023-12-23T19:47:00.000Z","iobWithZeroTemp":{"iob":-0.121,"basaliob":-0.121,"bolussnooze":0,"activity":-0.0019,"lastBolusTime":0,"time":"2023-12-23T19:47:00.000Z"}},{"iob":0.001,"basaliob":0.001,"bolussnooze":0,"activity":0,"lastBolusTime":0,"time":"2023-12-23T19:52:00.000Z","iobWithZeroTemp":{"iob":-0.112,"basaliob":-0.112,"bolussnooze":0,"activity":-0.0017,"lastBolusTime":0,"time":"2023-12-23T19:52:00.000Z"}},{"iob":0.001,"basaliob":0.001,"bolussnooze":0,"activity":0,"lastBolusTime":0,"time":"2023-12-23T19:57:00.000Z","iobWithZeroTemp":{"iob":-0.103,"basaliob":-0.103,"bolussnooze":0,"activity":-0.0016,"lastBolusTime":0,"time":"2023-12-23T19:57:00.000Z"}},{"iob":0.001,"basaliob":0.001,"bolussnooze":0,"activity":0,"lastBolusTime":0,"time":"2023-12-23T20:02:00.000Z","iobWithZeroTemp":{"iob":-0.095,"basaliob":-0.095,"bolussnooze":0,"activity":-0.0015,"lastBolusTime":0,"time":"2023-12-23T20:02:00.000Z"}},{"iob":0.001,"basaliob":0.001,"bolussnooze":0,"activity":0,"lastBolusTime":0,"time":"2023-12-23T20:07:00.000Z","iobWithZeroTemp":{"iob":-0.088,"basaliob":-0.088,"bolussnooze":0,"activity":-0.0014,"lastBolusTime":0,"time":"2023-12-23T20:07:00.000Z"}},{"iob":0,"basaliob":0,"bolussnooze":0,"activity":0,"lastBolusTime":0,"time":"2023-12-23T20:12:00.000Z","iobWithZeroTemp":{"iob":-0.082,"basaliob":-0.082,"bolussnooze":0,"activity":-0.0013,"lastBolusTime":0,"time":"2023-12-23T20:12:00.000Z"}},{"iob":0,"basaliob":0,"bolussnooze":0,"activity":0,"lastBolusTime":0,"time":"2023-12-23T20:17:00.000Z","iobWithZeroTemp":{"iob":-0.076,"basaliob":-0.076,"bolussnooze":0,"activity":-0.0012,"lastBolusTime":0,"time":"2023-12-23T20:17:00.000Z"}},{"iob":0,"basaliob":0,"bolussnooze":0,"activity":0,"lastBolusTime":0,"time":"2023-12-23T20:22:00.000Z","iobWithZeroTemp":{"iob":-0.07,"basaliob":-0.07,"bolussnooze":0,"activity":-0.0011,"lastBolusTime":0,"time":"2023-12-23T20:22:00.000Z"}},{"iob":0,"basaliob":0,"bolussnooze":0,"activity":0,"lastBolusTime":0,"time":"2023-12-23T20:27:00.000Z","iobWithZeroTemp":{"iob":-0.065,"basaliob":-0.065,"bolussnooze":0,"activity":-0.0011,"lastBolusTime":0,"time":"2023-12-23T20:27:00.000Z"}},{"iob":0,"basaliob":0,"bolussnooze":0,"activity":0,"lastBolusTime":0,"time":"2023-12-23T20:32:00.000Z","iobWithZeroTemp":{"iob":-0.059,"basaliob":-0.059,"bolussnooze":0,"activity":-0.001,"lastBolusTime":0,"time":"2023-12-23T20:32:00.000Z"}},{"iob":0,"basaliob":0,"bolussnooze":0,"activity":0,"lastBolusTime":0,"time":"2023-12-23T20:37:00.000Z","iobWithZeroTemp":{"iob":-0.055,"basaliob":-0.055,"bolussnooze":0,"activity":-9.0E-4,"lastBolusTime":0,"time":"2023-12-23T20:37:00.000Z"}},{"iob":0,"basaliob":0,"bolussnooze":0,"activity":0,"lastBolusTime":0,"time":"2023-12-23T20:42:00.000Z","iobWithZeroTemp":{"iob":-0.05,"basaliob":-0.05,"bolussnooze":0,"activity":-8.0E-4,"lastBolusTime":0,"time":"2023-12-23T20:42:00.000Z"}},{"iob":0,"basaliob":0,"bolussnooze":0,"activity":0,"lastBolusTime":0,"time":"2023-12-23T20:47:00.000Z","iobWithZeroTemp":{"iob":-0.046,"basaliob":-0.046,"bolussnooze":0,"activity":-8.0E-4,"lastBolusTime":0,"time":"2023-12-23T20:47:00.000Z"}},{"iob":0,"basaliob":0,"bolussnooze":0,"activity":0,"lastBolusTime":0,"time":"2023-12-23T20:52:00.000Z","iobWithZeroTemp":{"iob":-0.042,"basaliob":-0.042,"bolussnooze":0,"activity":-7.0E-4,"lastBolusTime":0,"time":"2023-12-23T20:52:00.000Z"}},{"iob":0,"basaliob":0,"bolussnooze":0,"activity":0,"lastBolusTime":0,"time":"2023-12-23T20:57:00.000Z","iobWithZeroTemp":{"iob":-0.039,"basaliob":-0.039,"bolussnooze":0,"activity":-7.0E-4,"lastBolusTime":0,"time":"2023-12-23T20:57:00.000Z"}},{"iob":0,"basaliob":0,"bolussnooze":0,"activity":0,"lastBolusTime":0,"time":"2023-12-23T21:02:00.000Z","iobWithZeroTemp":{"iob":-0.036,"basaliob":-0.036,"bolussnooze":0,"activity":-6.0E-4,"lastBolusTime":0,"time":"2023-12-23T21:02:00.000Z"}},{"iob":0,"basaliob":0,"bolussnooze":0,"activity":0,"lastBolusTime":0,"time":"2023-12-23T21:07:00.000Z","iobWithZeroTemp":{"iob":-0.033,"basaliob":-0.033,"bolussnooze":0,"activity":-6.0E-4,"lastBolusTime":0,"time":"2023-12-23T21:07:00.000Z"}},{"iob":0,"basaliob":0,"bolussnooze":0,"activity":0,"lastBolusTime":0,"time":"2023-12-23T21:12:00.000Z","iobWithZeroTemp":{"iob":-0.03,"basaliob":-0.03,"bolussnooze":0,"activity":-5.0E-4,"lastBolusTime":0,"time":"2023-12-23T21:12:00.000Z"}},{"iob":0,"basaliob":0,"bolussnooze":0,"activity":0,"lastBolusTime":0,"time":"2023-12-23T21:17:00.000Z","iobWithZeroTemp":{"iob":-0.027,"basaliob":-0.027,"bolussnooze":0,"activity":-5.0E-4,"lastBolusTime":0,"time":"2023-12-23T21:17:00.000Z"}},{"iob":0,"basaliob":0,"bolussnooze":0,"activity":0,"lastBolusTime":0,"time":"2023-12-23T21:22:00.000Z","iobWithZeroTemp":{"iob":-0.025,"basaliob":-0.025,"bolussnooze":0,"activity":-5.0E-4,"lastBolusTime":0,"time":"2023-12-23T21:22:00.000Z"}},{"iob":0,"basaliob":0,"bolussnooze":0,"activity":0,"lastBolusTime":0,"time":"2023-12-23T21:27:00.000Z","iobWithZeroTemp":{"iob":-0.023,"basaliob":-0.023,"bolussnooze":0,"activity":-4.0E-4,"lastBolusTime":0,"time":"2023-12-23T21:27:00.000Z"}},{"iob":0,"basaliob":0,"bolussnooze":0,"activity":0,"lastBolusTime":0,"time":"2023-12-23T21:32:00.000Z","iobWithZeroTemp":{"iob":-0.021,"basaliob":-0.021,"bolussnooze":0,"activity":-4.0E-4,"lastBolusTime":0,"time":"2023-12-23T21:32:00.000Z"}},{"iob":0,"basaliob":0,"bolussnooze":0,"activity":0,"lastBolusTime":0,"time":"2023-12-23T21:37:00.000Z","iobWithZeroTemp":{"iob":-0.019,"basaliob":-0.019,"bolussnooze":0,"activity":-4.0E-4,"lastBolusTime":0,"time":"2023-12-23T21:37:00.000Z"}},{"iob":0,"basaliob":0,"bolussnooze":0,"activity":0,"lastBolusTime":0,"time":"2023-12-23T21:42:00.000Z","iobWithZeroTemp":{"iob":-0.017,"basaliob":-0.017,"bolussnooze":0,"activity":-3.0E-4,"lastBolusTime":0,"time":"2023-12-23T21:42:00.000Z"}},{"iob":0,"basaliob":0,"bolussnooze":0,"activity":0,"lastBolusTime":0,"time":"2023-12-23T21:47:00.000Z","iobWithZeroTemp":{"iob":-0.016,"basaliob":-0.016,"bolussnooze":0,"activity":-3.0E-4,"lastBolusTime":0,"time":"2023-12-23T21:47:00.000Z"}},{"iob":0,"basaliob":0,"bolussnooze":0,"activity":0,"lastBolusTime":0,"time":"2023-12-23T21:52:00.000Z","iobWithZeroTemp":{"iob":-0.014,"basaliob":-0.014,"bolussnooze":0,"activity":-3.0E-4,"lastBolusTime":0,"time":"2023-12-23T21:52:00.000Z"}},{"iob":0,"basaliob":0,"bolussnooze":0,"activity":0,"lastBolusTime":0,"time":"2023-12-23T21:57:00.000Z","iobWithZeroTemp":{"iob":-0.013,"basaliob":-0.013,"bolussnooze":0,"activity":-3.0E-4,"lastBolusTime":0,"time":"2023-12-23T21:57:00.000Z"}},{"iob":0,"basaliob":0,"bolussnooze":0,"activity":0,"lastBolusTime":0,"time":"2023-12-23T22:02:00.000Z","iobWithZeroTemp":{"iob":-0.012,"basaliob":-0.012,"bolussnooze":0,"activity":-2.0E-4,"lastBolusTime":0,"time":"2023-12-23T22:02:00.000Z"}},{"iob":0,"basaliob":0,"bolussnooze":0,"activity":0,"lastBolusTime":0,"time":"2023-12-23T22:07:00.000Z","iobWithZeroTemp":{"iob":-0.011,"basaliob":-0.011,"bolussnooze":0,"activity":-2.0E-4,"lastBolusTime":0,"time":"2023-12-23T22:07:00.000Z"}},{"iob":0,"basaliob":0,"bolussnooze":0,"activity":0,"lastBolusTime":0,"time":"2023-12-23T22:12:00.000Z","iobWithZeroTemp":{"iob":-0.01,"basaliob":-0.01,"bolussnooze":0,"activity":-2.0E-4,"lastBolusTime":0,"time":"2023-12-23T22:12:00.000Z"}},{"iob":0,"basaliob":0,"bolussnooze":0,"activity":0,"lastBolusTime":0,"time":"2023-12-23T22:17:00.000Z","iobWithZeroTemp":{"iob":-0.009,"basaliob":-0.009,"bolussnooze":0,"activity":-2.0E-4,"lastBolusTime":0,"time":"2023-12-23T22:17:00.000Z"}},{"iob":0,"basaliob":0,"bolussnooze":0,"activity":0,"lastBolusTime":0,"time":"2023-12-23T22:22:00.000Z","iobWithZeroTemp":{"iob":-0.008,"basaliob":-0.008,"bolussnooze":0,"activity":-2.0E-4,"lastBolusTime":0,"time":"2023-12-23T22:22:00.000Z"}},{"iob":0,"basaliob":0,"bolussnooze":0,"activity":0,"lastBolusTime":0,"time":"2023-12-23T22:27:00.000Z","iobWithZeroTemp":{"iob":-0.007,"basaliob":-0.007,"bolussnooze":0,"activity":-1.0E-4,"lastBolusTime":0,"time":"2023-12-23T22:27:00.000Z"}},{"iob":0,"basaliob":0,"bolussnooze":0,"activity":0,"lastBolusTime":0,"time":"2023-12-23T22:32:00.000Z","iobWithZeroTemp":{"iob":-0.006,"basaliob":-0.006,"bolussnooze":0,"activity":-1.0E-4,"lastBolusTime":0,"time":"2023-12-23T22:32:00.000Z"}},{"iob":0,"basaliob":0,"bolussnooze":0,"activity":0,"lastBolusTime":0,"time":"2023-12-23T22:37:00.000Z","iobWithZeroTemp":{"iob":-0.006,"basaliob":-0.006,"bolussnooze":0,"activity":-1.0E-4,"lastBolusTime":0,"time":"2023-12-23T22:37:00.000Z"}},{"iob":0,"basaliob":0,"bolussnooze":0,"activity":0,"lastBolusTime":0,"time":"2023-12-23T22:42:00.000Z","iobWithZeroTemp":{"iob":-0.005,"basaliob":-0.005,"bolussnooze":0,"activity":-1.0E-4,"lastBolusTime":0,"time":"2023-12-23T22:42:00.000Z"}},{"iob":0,"basaliob":0,"bolussnooze":0,"activity":0,"lastBolusTime":0,"time":"2023-12-23T22:47:00.000Z","iobWithZeroTemp":{"iob":-0.005,"basaliob":-0.005,"bolussnooze":0,"activity":-1.0E-4,"lastBolusTime":0,"time":"2023-12-23T22:47:00.000Z"}},{"iob":0,"basaliob":0,"bolussnooze":0,"activity":0,"lastBolusTime":0,"time":"2023-12-23T22:52:00.000Z","iobWithZeroTemp":{"iob":-0.004,"basaliob":-0.004,"bolussnooze":0,"activity":-1.0E-4,"lastBolusTime":0,"time":"2023-12-23T22:52:00.000Z"}},{"iob":0,"basaliob":0,"bolussnooze":0,"activity":0,"lastBolusTime":0,"time":"2023-12-23T22:57:00.000Z","iobWithZeroTemp":{"iob":-0.004,"basaliob":-0.004,"bolussnooze":0,"activity":-1.0E-4,"lastBolusTime":0,"time":"2023-12-23T22:57:00.000Z"}},{"iob":0,"basaliob":0,"bolussnooze":0,"activity":0,"lastBolusTime":0,"time":"2023-12-23T23:02:00.000Z","iobWithZeroTemp":{"iob":-0.003,"basaliob":-0.003,"bolussnooze":0,"activity":-1.0E-4,"lastBolusTime":0,"time":"2023-12-23T23:02:00.000Z"}}],"profile":{"max_iob":1.5,"dia":3,"type":"current","max_daily_basal":0.5,"max_basal":1.2,"min_bg":100.8,"max_bg":100.8,"target_bg":100.8,"carb_ratio":30,"sens":126,"max_daily_safety_multiplier":3,"current_basal_safety_multiplier":4,"skip_neutral_temps":true,"current_basal":0.3,"temptargetSet":false,"autosens_adjust_targets":true,"min_5m_carbimpact":5.5,"out_units":"mmol\/L"},"autosens_data":{"ratio":1.03},"meal_data":{"carbs":0,"mealCOB":0}},"output":{"temp":"absolute","bg":161,"tick":"+12","eventualBG":164,"snoozeBG":164,"predBGs":{"IOB":[161,166,171,175,178,180,182,184,185,185,185,184,183,181,180,179,178,176,175,174,173,173,172,171,170,169,169,168,167,167,166,166,165,165,164,164,164,163,163,163,163,162,162,162,162,162,161,161,161,161,161,161,161,160]},"COB":0,"IOB":0.322,"reason":"COB: 0, Dev: 42, BGI: -1.22, ISF: 6.8, Target: 5.6; Autosens: 1.03; Eventual BG 9.1 >= 5.6, adj. req. rate: 1.35 to maxSafeBasal: 1.2, temp 0.900 < 1.2U\/hr","duration":30,"rate":1.2,"timestamp":"2023-12-23T13:36:06.298Z"}}