{"algorithm":"OpenAPSAMAPlugin","input":{"glucoseStatus":{"glucose":117,"delta":-2,"short_avgdelta":-2,"long_avgdelta":2.94},"currenttemp":{"temp":"absolute","duration":25,"rate":0.45,"minutesrunning":5},"iob_data":[{"iob":0.138,"basaliob":0.138,"bolussnooze":0,"activity":7.0E-4,"lastBolusTime":0,"time":"2023-12-23T07:22:00.000Z","iobWithZeroTemp":{"iob":0.138,"basaliob":0.138,"bolussnooze":0,"activity":7.0E-4,"lastBolusTime":0,"time":"2023-12-23T07:22:00.000Z"}},{"iob":0.135,"basaliob":0.135,"bolussnooze":0,"activity":8.0E-4,"lastBolusTime":0,"time":"2023-12-23T07:27:00.000Z","iobWithZeroTemp":{"iob":0.11,"basaliob":0.11,"bolussnooze":0,"activity":8.0E-4,"lastBolusTime":0,"time":"2023-12-23T07:27:00.000Z"}},{"iob":0.131,"basaliob":0.131,"bolussnooze":0,"activity":9.0E-4,"lastBolusTime":0,"time":"2023-12-23T07:32:00.000Z","iobWithZeroTemp":{"iob":0.081,"basaliob":0.081,"bolussnooze":0,"activity":8.0E-4,"lastBolusTime":0,"time":"2023-12-23T07:32:00.000Z"}},{"iob":0.126,"basaliob":0.126,"bolussnooze":0,"activity":9.0E-4,"lastBolusTime":0,"time":"2023-12-23T07:37:00.000Z","iobWithZeroTemp":{"iob":0.052,"basaliob":0.052,"bolussnooze":0,"activity":7.0E-4,"lastBolusTime":0,"time":"2023-12-23T07:37:00.000Z"}},{"iob":0.122,"basaliob":0.122,"bolussnooze":0,"activity":0.001,"lastBolusTime":0,"time":"2023-12-23T07:42:00.000Z","iobWithZeroTemp":{"iob":0.024,"basaliob":0.024,"bolussnooze":0,"activity":7.0E-4,"lastBolusTime":0,"time":"2023-12-23T07:42:00.000Z"}},{"iob":0.117,"basaliob":0.117,"bolussnooze":0,"activity":0.001,"lastBolusTime":0,"time":"2023-12-23T07:47:00.000Z","iobWithZeroTemp":{"iob":-0.005,"basaliob":-0.005,"bolussnooze":0,"activity":6.0E-4,"lastBolusTime":0,"time":"2023-12-23T07:47:00.000Z"}},{"iob":0.112,"basaliob":0.112,"bolussnooze":0,"activity":0.001,"lastBolusTime":0,"time":"2023-12-23T07:52:00.000Z","iobWithZeroTemp":{"iob":-0.032,"basaliob":-0.032,"bolussnooze":0,"activity":5.0E-4,"lastBolusTime":0,"time":"2023-12-23T07:52:00.000Z"}},{"iob":0.107,"basaliob":0.107,"bolussnooze":0,"activity":0.001,"lastBolusTime":0,"time":"2023-12-23T07:57:00.000Z","iobWithZeroTemp":{"iob":-0.059,"basaliob":-0.059,"bolussnooze":0,"activity":3.0E-4,"lastBolusTime":0,"time":"2023-12-23T07:57:00.000Z"}},{"iob":0.102,"basaliob":0.102,"bolussnooze":0,"activity":0.001,"lastBolusTime":0,"time":"2023-12-23T08:02:00.000Z","iobWithZeroTemp":{"iob":-0.085,"basaliob":-0.085,"bolussnooze":0,"activity":2.0E-4,"lastBolusTime":0,"time":"2023-12-23T08:02:00.000Z"}},{"iob":0.097,"basaliob":0.097,"bolussnooze":0,"activity":0.001,"lastBolusTime":0,"time":"2023-12-23T08:07:00.000Z","iobWithZeroTemp":{"iob":-0.111,"basaliob":-0.111,"bolussnooze":0,"activity":0,"lastBolusTime":0,"time":"2023-12-23T08:07:00.000Z"}},{"iob":0.092,"basaliob":0.092,"bolussnooze":0,"activity":0.001,"lastBolusTime":0,"time":"2023-12-23T08:12:00.000Z","iobWithZeroTemp":{"iob":-0.135,"basaliob":-0.135,"bolussnooze":0,"activity":-2.0E-4,"lastBolusTime":0,"time":"2023-12-23T08:12:00.000Z"}},{"iob":0.087,"basaliob":0.087,"bolussnooze":0,"activity":0.001,"lastBolusTime":0,"time":"2023-12-23T08:17:00.000Z","iobWithZeroTemp":{"iob":-0.159,"basaliob":-0.159,"bolussnooze":0,"activity":-4.0E-4,"lastBolusTime":0,"time":"2023-12-23T08:17:00.000Z"}},{"iob":0.082,"basaliob":0.082,"bolussnooze":0,"activity":9.0E-4,"lastBolusTime":0,"time":"2023-12-23T08:22:00.000Z","iobWithZeroTemp":{"iob":-0.182,"basaliob":-0.182,"bolussnooze":0,"activity":-6.0E-4,"lastBolusTime":0,"time":"2023-12-23T08:22:00.000Z"}},{"iob":0.078,"basaliob":0.078,"bolussnooze":0,"activity":9.0E-4,"lastBolusTime":0,"time":"2023-12-23T08:27:00.000Z","iobWithZeroTemp":{"iob":-0.203,"basaliob":-0.203,"bolussnooze":0,"activity":-8.0E-4,"lastBolusTime":0,"time":"2023-12-23T08:27:00.000Z"}},{"iob":0.073,"basaliob":0.073,"bolussnooze":0,"activity":9.0E-4,"lastBolusTime":0,"time":"2023-12-23T08:32:00.000Z","iobWithZeroTemp":{"iob":-0.224,"basaliob":-0.224,"bolussnooze":0,"activity":-0.001,"lastBolusTime":0,"time":"2023-12-23T08:32:00.000Z"}},{"iob":0.069,"basaliob":0.069,"bolussnooze":0,"activity":8.0E-4,"lastBolusTime":0,"time":"2023-12-23T08:37:00.000Z","iobWithZeroTemp":{"iob":-0.243,"basaliob":-0.243,"bolussnooze":0,"activity":-0.0012,"lastBolusTime":0,"time":"2023-12-23T08:37:00.000Z"}},{"iob":0.065,"basaliob":0.065,"bolussnooze":0,"activity":8.0E-4,"lastBolusTime":0,"time":"2023-12-23T08:42:00.000Z","iobWithZeroTemp":{"iob":-0.262,"basaliob":-0.262,"bolussnooze":0,"activity":-0.0014,"lastBolusTime":0,"time":"2023-12-23T08:42:00.000Z"}},{"iob":0.061,"basaliob":0.061,"bolussnooze":0,"activity":8.0E-4,"lastBolusTime":0,"time":"2023-12-23T08:47:00.000Z","iobWithZeroTemp":{"iob":-0.279,"basaliob":-0.279,"bolussnooze":0,"activity":-0.0015,"lastBolusTime":0,"time":"2023-12-23T08:47:00.000Z"}},{"iob":0.057,"basaliob":0.057,"bolussnooze":0,"activity":7.0E-4,"lastBolusTime":0,"time":"2023-12-23T08:52:00.000Z","iobWithZeroTemp":{"iob":-0.296,"basaliob":-0.296,"bolussnooze":0,"activity":-0.0018,"lastBolusTime":0,"time":"2023-12-23T08:52:00.000Z"}},{"iob":0.054,"basaliob":0.054,"bolussnooze":0,"activity":7.0E-4,"lastBolusTime":0,"time":"2023-12-23T08:57:00.000Z","iobWithZeroTemp":{"iob":-0.311,"basaliob":-0.311,"bolussnooze":0,"activity":-0.0019,"lastBolusTime":0,"time":"2023-12-23T08:57:00.000Z"}},{"iob":0.05,"basaliob":0.05,"bolussnooze":0,"activity":7.0E-4,"lastBolusTime":0,"time":"2023-12-23T09:02:00.000Z","iobWithZeroTemp":{"iob":-0.327,"basaliob":-0.327,"bolussnooze":0,"activity":-0.0021,"lastBolusTime":0,"time":"2023-12-23T09:02:00.000Z"}},{"iob":0.047,"basaliob":0.047,"bolussnooze":0,"activity":6.0E-4,"lastBolusTime":0,"time":"2023-12-23T09:07:00.000Z","iobWithZeroTemp":{"iob":-0.341,"basaliob":-0.341,"bolussnooze":0,"activity":-0.0023,"lastBolusTime":0,"time":"2023-12-23T09:07:00.000Z"}},{"iob":0.044,"basaliob":0.044,"bolussnooze":0,"activity":6.0E-4,"lastBolusTime":0,"time":"2023-12-23T09:12:00.000Z","iobWithZeroTemp":{"iob":-0.354,"basaliob":-0.354,"bolussnooze":0,"activity":-0.0024,"lastBolusTime":0,"time":"2023-12-23T09:12:00.000Z"}},{"iob":0.041,"basaliob":0.041,"bolussnooze":0,"activity":6.0E-4,"lastBolusTime":0,"time":"2023-12-23T09:17:00.000Z","iobWithZeroTemp":{"iob":-0.366,"basaliob":-0.366,"bolussnooze":0,"activity":-0.0026,"lastBolusTime":0,"time":"2023-12-23T09:17:00.000Z"}},{"iob":0.038,"basaliob":0.038,"bolussnooze":0,"activity":5.0E-4,"lastBolusTime":0,"time":"2023-12-23T09:22:00.000Z","iobWithZeroTemp":{"iob":-0.378,"basaliob":-0.378,"bolussnooze":0,"activity":-0.0028,"lastBolusTime":0,"time":"2023-12-23T09:22:00.000Z"}},{"iob":0.036,"basaliob":0.036,"bolussnooze":0,"activity":5.0E-4,"lastBolusTime":0,"time":"2023-12-23T09:27:00.000Z","iobWithZeroTemp":{"iob":-0.388,"basaliob":-0.388,"bolussnooze":0,"activity":-0.0029,"lastBolusTime":0,"time":"2023-12-23T09:27:00.000Z"}},{"iob":0.033,"basaliob":0.033,"bolussnooze":0,"activity":5.0E-4,"lastBolusTime":0,"time":"2023-12-23T09:32:00.000Z","iobWithZeroTemp":{"iob":-0.399,"basaliob":-0.399,"bolussnooze":0,"activity":-0.003,"lastBolusTime":0,"time":"2023-12-23T09:32:00.000Z"}},{"iob":0.031,"basaliob":0.031,"bolussnooze":0,"activity":4.0E-4,"lastBolusTime":0,"time":"2023-12-23T09:37:00.000Z","iobWithZeroTemp":{"iob":-0.408,"basaliob":-0.408,"bolussnooze":0,"activity":-0.0032,"lastBolusTime":0,"time":"2023-12-23T09:37:00.000Z"}},{"iob":0.029,"basaliob":0.029,"bolussnooze":0,"activity":4.0E-4,"lastBolusTime":0,"time":"2023-12-23T09:42:00.000Z","iobWithZeroTemp":{"iob":-0.417,"basaliob":-0.417,"bolussnooze":0,"activity":-0.0033,"lastBolusTime":0,"time":"2023-12-23T09:42:00.000Z"}},{"iob":0.027,"basaliob":0.027,"bolussnooze":0,"activity":4.0E-4,"lastBolusTime":0,"time":"2023-12-23T09:47:00.000Z","iobWithZeroTemp":{"iob":-0.426,"basaliob":-0.426,"bolussnooze":0,"activity":-0.0034,"lastBolusTime":0,"time":"2023-12-23T09:47:00.000Z"}},{"iob":0.025,"basaliob":0.025,"bolussnooze":0,"activity":4.0E-4,"lastBolusTime":0,"time":"2023-12-23T09:52:00.000Z","iobWithZeroTemp":{"iob":-0.433,"basaliob":-0.433,"bolussnooze":0,"activity":-0.0035,"lastBolusTime":0,"time":"2023-12-23T09:52:00.000Z"}},{"iob":0.023,"basaliob":0.023,"bolussnooze":0,"activity":3.0E-4,"lastBolusTime":0,"time":"2023-12-23T09:57:00.000Z","iobWithZeroTemp":{"iob":-0.441,"basaliob":-0.441,"bolussnooze":0,"activity":-0.0036,"lastBolusTime":0,"time":"2023-12-23T09:57:00.000Z"}},{"iob":0.021,"basaliob":0.021,"bolussnooze":0,"activity":3.0E-4,"lastBolusTime":0,"time":"2023-12-23T10:02:00.000Z","iobWithZeroTemp":{"iob":-0.448,"basaliob":-0.448,"bolussnooze":0,"activity":-0.0037,"lastBolusTime":0,"time":"2023-12-23T10:02:00.000Z"}},{"iob":0.02,"basaliob":0.02,"bolussnooze":0,"activity":3.0E-4,"lastBolusTime":0,"time":"2023-12-23T10:07:00.000Z","iobWithZeroTemp":{"iob":-0.454,"basaliob":-0.454,"bolussnooze":0,"activity":-0.0038,"lastBolusTime":0,"time":"2023-12-23T10:07:00.000Z"}},{"iob":0.018,"basaliob":0.018,"bolussnooze":0,"activity":3.0E-4,"lastBolusTime":0,"time":"2023-12-23T10:12:00.000Z","iobWithZeroTemp":{"iob":-0.46,"basaliob":-0.46,"bolussnooze":0,"activity":-0.0039,"lastBolusTime":0,"time":"2023-12-23T10:12:00.000Z"}},{"iob":0.017,"basaliob":0.017,"bolussnooze":0,"activity":3.0E-4,"lastBolusTime":0,"time":"2023-12-23T10:17:00.000Z","iobWithZeroTemp":{"iob":-0.465,"basaliob":-0.465,"bolussnooze":0,"activity":-0.0039,"lastBolusTime":0,"time":"2023-12-23T10:17:00.000Z"}},{"iob":0.016,"basaliob":0.016,"bolussnooze":0,"activity":2.0E-4,"lastBolusTime":0,"time":"2023-12-23T10:22:00.000Z","iobWithZeroTemp":{"iob":-0.47,"basaliob":-0.47,"bolussnooze":0,"activity":-0.0041,"lastBolusTime":0,"time":"2023-12-23T10:22:00.000Z"}},{"iob":0.014,"basaliob":0.014,"bolussnooze":0,"activity":2.0E-4,"lastBolusTime":0,"time":"2023-12-23T10:27:00.000Z","iobWithZeroTemp":{"iob":-0.476,"basaliob":-0.476,"bolussnooze":0,"activity":-0.0041,"lastBolusTime":0,"time":"2023-12-23T10:27:00.000Z"}},{"iob":0.013,"basaliob":0.013,"bolussnooze":0,"activity":2.0E-4,"lastBolusTime":0,"time":"2023-12-23T10:32:00.000Z","iobWithZeroTemp":{"iob":-0.48,"basaliob":-0.48,"bolussnooze":0,"activity":-0.0042,"lastBolusTime":0,"time":"2023-12-23T10:32:00.000Z"}},{"iob":0.012,"basaliob":0.012,"bolussnooze":0,"activity":2.0E-4,"lastBolusTime":0,"time":"2023-12-23T10:37:00.000Z","iobWithZeroTemp":{"iob":-0.484,"basaliob":-0.484,"bolussnooze":0,"activity":-0.0042,"lastBolusTime":0,"time":"2023-12-23T10:37:00.000Z"}},{"iob":0.011,"basaliob":0.011,"bolussnooze":0,"activity":2.0E-4,"lastBolusTime":0,"time":"2023-12-23T10:42:00.000Z","iobWithZeroTemp":{"iob":-0.488,"basaliob":-0.488,"bolussnooze":0,"activity":-0.0043,"lastBolusTime":0,"time":"2023-12-23T10:42:00.000Z"}},{"iob":0.01,"basaliob":0.01,"bolussnooze":0,"activity":2.0E-4,"lastBolusTime":0,"time":"2023-12-23T10:47:00.000Z","iobWithZeroTemp":{"iob":-0.491,"basaliob":-0.491,"bolussnooze":0,"activity":-0.0043,"lastBolusTime":0,"time":"2023-12-23T10:47:00.000Z"}},{"iob":0.01,"basaliob":0.01,"bolussnooze":0,"activity":2.0E-4,"lastBolusTime":0,"time":"2023-12-23T10:52:00.000Z","iobWithZeroTemp":{"iob":-0.494,"basaliob":-0.494,"bolussnooze":0,"activity":-0.0043,"lastBolusTime":0,"time":"2023-12-23T10:52:00.000Z"}},{"iob":0.009,"basaliob":0.009,"bolussnooze":0,"activity":1.0E-4,"lastBolusTime":0,"time":"2023-12-23T10:57:00.000Z","iobWithZeroTemp":{"iob":-0.497,"basaliob":-0.497,"bolussnooze":0,"activity":-0.0045,"lastBolusTime":0,"time":"2023-12-23T10:57:00.000Z"}},{"iob":0.008,"basaliob":0.008,"bolussnooze":0,"activity":1.0E-4,"lastBolusTime":0,"time":"2023-12-23T11:02:00.000Z","iobWithZeroTemp":{"iob":-0.5,"basaliob":-0.5,"bolussnooze":0,"activity":-0.0045,"lastBolusTime":0,"time":"2023-12-23T11:02:00.000Z"}},{"iob":0.007,"basaliob":0.007,"bolussnooze":0,"activity":1.0E-4,"lastBolusTime":0,"time":"2023-12-23T11:07:00.000Z","iobWithZeroTemp":{"iob":-0.503,"basaliob":-0.503,"bolussnooze":0,"activity":-0.0045,"lastBolusTime":0,"time":"2023-12-23T11:07:00.000Z"}},{"iob":0.007,"basaliob":0.007,"bolussnooze":0,"activity":1.0E-4,"lastBolusTime":0,"time":"2023-12-23T11:12:00.000Z","iobWithZeroTemp":{"iob":-0.504,"basaliob":-0.504,"bolussnooze":0,"activity":-0.0046,"lastBolusTime":0,"time":"2023-12-23T11:12:00.000Z"}},{"iob":0.006,"basaliob":0.006,"bolussnooze":0,"activity":1.0E-4,"lastBolusTime":0,"time":"2023-12-23T11:17:00.000Z","iobWithZeroTemp":{"iob":-0.507,"basaliob":-0.507,"bolussnooze":0,"activity":-0.0046,"lastBolusTime":0,"time":"2023-12-23T11:17:00.000Z"}},{"iob":0.006,"basaliob":0.006,"bolussnooze":0,"activity":1.0E-4,"lastBolusTime":0,"time":"2023-12-23T11:22:00.000Z","iobWithZeroTemp":{"iob":-0.508,"basaliob":-0.508,"bolussnooze":0,"activity":-0.0046,"lastBolusTime":0,"time":"2023-12-23T11:22:00.000Z"}},{"iob":0.005,"basaliob":0.005,"bolussnooze":0,"activity":1.0E-4,"lastBolusTime":0,"time":"2023-12-23T11:27:00.000Z","iobWithZeroTemp":{"iob":-0.486,"basaliob":-0.486,"bolussnooze":0,"activity":-0.0046,"lastBolusTime":0,"time":"2023-12-23T11:27:00.000Z"}},{"iob":0.005,"basaliob":0.005,"bolussnooze":0,"activity":1.0E-4,"lastBolusTime":0,"time":"2023-12-23T11:32:00.000Z","iobWithZeroTemp":{"iob":-0.462,"basaliob":-0.462,"bolussnooze":0,"activity":-0.0046,"lastBolusTime":0,"time":"2023-12-23T11:32:00.000Z"}},{"iob":0.004,"basaliob":0.004,"bolussnooze":0,"activity":1.0E-4,"lastBolusTime":0,"time":"2023-12-23T11:37:00.000Z","iobWithZeroTemp":{"iob":-0.44,"basaliob":-0.44,"bolussnooze":0,"activity":-0.0045,"lastBolusTime":0,"time":"2023-12-23T11:37:00.000Z"}},{"iob":0.004,"basaliob":0.004,"bolussnooze":0,"activity":1.0E-4,"lastBolusTime":0,"time":"2023-12-23T11:42:00.000Z","iobWithZeroTemp":{"iob":-0.417,"basaliob":-0.417,"bolussnooze":0,"activity":-0.0044,"lastBolusTime":0,"time":"2023-12-23T11:42:00.000Z"}},{"iob":0.004,"basaliob":0.004,"bolussnooze":0,"activity":1.0E-4,"lastBolusTime":0,"time":"2023-12-23T11:47:00.000Z","iobWithZeroTemp":{"iob":-0.394,"basaliob":-0.394,"bolussnooze":0,"activity":-0.0043,"lastBolusTime":0,"time":"2023-12-23T11:47:00.000Z"}},{"iob":0.003,"basaliob":0.003,"bolussnooze":0,"activity":1.0E-4,"lastBolusTime":0,"time":"2023-12-23T11:52:00.000Z","iobWithZeroTemp":{"iob":-0.374,"basaliob":-0.374,"bolussnooze":0,"activity":-0.0042,"lastBolusTime":0,"time":"2023-12-23T11:52:00.000Z"}},{"iob":0.003,"basaliob":0.003,"bolussnooze":0,"activity":1.0E-4,"lastBolusTime":0,"time":"2023-12-23T11:57:00.000Z","iobWithZeroTemp":{"iob":-0.352,"basaliob":-0.352,"bolussnooze":0,"activity":-0.0041,"lastBolusTime":0,"time":"2023-12-23T11:57:00.000Z"}},{"iob":0.003,"basaliob":0.003,"bolussnooze":0,"activity":1.0E-4,"lastBolusTime":0,"time":"2023-12-23T12:02:00.000Z","iobWithZeroTemp":{"iob":-0.332,"basaliob":-0.332,"bolussnooze":0,"activity":-0.0039,"lastBolusTime":0,"time":"2023-12-23T12:02:00.000Z"}},{"iob":0.003,"basaliob":0.003,"bolussnooze":0,"activity":0,"lastBolusTime":0,"time":"2023-12-23T12:07:00.000Z","iobWithZeroTemp":{"iob":-0.312,"basaliob":-0.312,"bolussnooze":0,"activity":-0.0039,"lastBolusTime":0,"time":"2023-12-23T12:07:00.000Z"}},{"iob":0.002,"basaliob":0.002,"bolussnooze":0,"activity":0,"lastBolusTime":0,"time":"2023-12-23T12:12:00.000Z","iobWithZeroTemp":{"iob":-0.294,"basaliob":-0.294,"bolussnooze":0,"activity":-0.0037,"lastBolusTime":0,"time":"2023-12-23T12:12:00.000Z"}},{"iob":0.002,"basaliob":0.002,"bolussnooze":0,"activity":0,"lastBolusTime":0,"time":"2023-12-23T12:17:00.000Z","iobWithZeroTemp":{"iob":-0.276,"basaliob":-0.276,"bolussnooze":0,"activity":-0.0035,"lastBolusTime":0,"time":"2023-12-23T12:17:00.000Z"}},{"iob":0.002,"basaliob":0.002,"bolussnooze":0,"activity":0,"lastBolusTime":0,"time":"2023-12-23T12:22:00.000Z","iobWithZeroTemp":{"iob":-0.259,"basaliob":-0.259,"bolussnooze":0,"activity":-0.0034,"lastBolusTime":0,"time":"2023-12-23T12:22:00.000Z"}},{"iob":0.002,"basaliob":0.002,"bolussnooze":0,"activity":0,"lastBolusTime":0,"time":"2023-12-23T12:27:00.000Z","iobWithZeroTemp":{"iob":-0.242,"basaliob":-0.242,"bolussnooze":0,"activity":-0.0032,"lastBolusTime":0,"time":"2023-12-23T12:27:00.000Z"}},{"iob":0.002,"basaliob":0.002,"bolussnooze":0,"activity":0,"lastBolusTime":0,"time":"2023-12-23T12:32:00.000Z","iobWithZeroTemp":{"iob":-0.227,"basaliob":-0.227,"bolussnooze":0,"activity":-0.0031,"lastBolusTime":0,"time":"2023-12-23T12:32:00.000Z"}},{"iob":0.001,"basaliob":0.001,"bolussnooze":0,"activity":0,"lastBolusTime":0,"time":"2023-12-23T12:37:00.000Z","iobWithZeroTemp":{"iob":-0.213,"basaliob":-0.213,"bolussnooze":0,"activity":-0.0029,"lastBolusTime":0,"time":"2023-12-23T12:37:00.000Z"}},{"iob":0.001,"basaliob":0.001,"bolussnooze":0,"activity":0,"lastBolusTime":0,"time":"2023-12-23T12:42:00.000Z","iobWithZeroTemp":{"iob":-0.199,"basaliob":-0.199,"bolussnooze":0,"activity":-0.0028,"lastBolusTime":0,"time":"2023-12-23T12:42:00.000Z"}},{"iob":0.001,"basaliob":0.001,"bolussnooze":0,"activity":0,"lastBolusTime":0,"time":"2023-12-23T12:47:00.000Z","iobWithZeroTemp":{"iob":-0.185,"basaliob":-0.185,"bolussnooze":0,"activity":-0.0026,"lastBolusTime":0,"time":"2023-12-23T12:47:00.000Z"}},{"iob":0.001,"basaliob":0.001,"bolussnooze":0,"activity":0,"lastBolusTime":0,"time":"2023-12-23T12:52:00.000Z","iobWithZeroTemp":{"iob":-0.173,"basaliob":-0.173,"bolussnooze":0,"activity":-0.0025,"lastBolusTime":0,"time":"2023-12-23T12:52:00.000Z"}},{"iob":0.001,"basaliob":0.001,"bolussnooze":0,"activity":0,"lastBolusTime":0,"time":"2023-12-23T12:57:00.000Z","iobWithZeroTemp":{"iob":-0.161,"basaliob":-0.161,"bolussnooze":0,"activity":-0.0023,"lastBolusTime":0,"time":"2023-12-23T12:57:00.000Z"}},{"iob":0.001,"basaliob":0.001,"bolussnooze":0,"activity":0,"lastBolusTime":0,"time":"2023-12-23T13:02:00.000Z","iobWithZeroTemp":{"iob":-0.149,"basaliob":-0.149,"bolussnooze":0,"activity":-0.0022,"lastBolusTime":0,"time":"2023-12-23T13:02:00.000Z"}},{"iob":0.001,"basaliob":0.001,"bolussnooze":0,"activity":0,"lastBolusTime":0,"time":"2023-12-23T13:07:00.000Z","iobWithZeroTemp":{"iob":-0.139,"basaliob":-0.139,"bolussnooze":0,"activity":-0.002,"lastBolusTime":0,"time":"2023-12-23T13:07:00.000Z"}},{"iob":0.001,"basaliob":0.001,"bolussnooze":0,"activity":0,"lastBolusTime":0,"time":"2023-12-23T13:12:00.000Z","iobWithZeroTemp":{"iob":-0.129,"basaliob":-0.129,"bolussnooze":0,"activity":-0.0019,"lastBolusTime":0,"time":"2023-12-23T13:12:00.000Z"}},{"iob":0.001,"basaliob":0.001,"bolussnooze":0,"activity":0,"lastBolusTime":0,"time":"2023-12-23T13:17:00.000Z","iobWithZeroTemp":{"iob":-0.12,"basaliob":-0.12,"bolussnooze":0,"activity":-0.0018,"lastBolusTime":0,"time":"2023-12-23T13:17:00.000Z"}},{"iob":0.001,"basaliob":0.001,"bolussnooze":0,"activity":0,"lastBolusTime":0,"time":"2023-12-23T13:22:00.000Z","iobWithZeroTemp":{"iob":-0.111,"basaliob":-0.111,"bolussnooze":0,"activity":-0.0017,"lastBolusTime":0,"time":"2023-12-23T13:22:00.000Z"}},{"iob":0,"basaliob":0,"bolussnooze":0,"activity":0,"lastBolusTime":0,"time":"2023-12-23T13:27:00.000Z","iobWithZeroTemp":{"iob":-0.104,"basaliob":-0.104,"bolussnooze":0,"activity":-0.0016,"lastBolusTime":0,"time":"2023-12-23T13:27:00.000Z"}},{"iob":0,"basaliob":0,"bolussnooze":0,"activity":0,"lastBolusTime":0,"time":"2023-12-23T13:32:00.000Z","iobWithZeroTemp":{"iob":-0.096,"basaliob":-0.096,"bolussnooze":0,"activity":-0.0015,"lastBolusTime":0,"time":"2023-12-23T13:32:00.000Z"}},{"iob":0,"basaliob":0,"bolussnooze":0,"activity":0,"lastBolusTime":0,"time":"2023-12-23T13:37:00.000Z","iobWithZeroTemp":{"iob":-0.089,"basaliob":-0.089,"bolussnooze":0,"activity":-0.0014,"lastBolusTime":0,"time":"2023-12-23T13:37:00.000Z"}},{"iob":0,"basaliob":0,"bolussnooze":0,"activity":0,"lastBolusTime":0,"time":"2023-12-23T13:42:00.000Z","iobWithZeroTemp":{"iob":-0.082,"basaliob":-0.082,"bolussnooze":0,"activity":-0.0013,"lastBolusTime":0,"time":"2023-12-23T13:42:00.000Z"}},{"iob":0,"basaliob":0,"bolussnooze":0,"activity":0,"lastBolusTime":0,"time":"2023-12-23T13:47:00.000Z","iobWithZeroTemp":{"iob":-0.076,"basaliob":-0.076,"bolussnooze":0,"activity":-0.0012,"lastBolusTime":0,"time":"2023-12-23T13:47:00.000Z"}},{"iob":0,"basaliob":0,"bolussnooze":0,"activity":0,"lastBolusTime":0,"time":"2023-12-23T13:52:00.000Z","iobWithZeroTemp":{"iob":-0.07,"basaliob":-0.07,"bolussnooze":0,"activity":-0.0011,"lastBolusTime":0,"time":"2023-12-23T13:52:00.000Z"}},{"iob":0,"basaliob":0,"bolussnooze":0,"activity":0,"lastBolusTime":0,"time":"2023-12-23T13:57:00.000Z","iobWithZeroTemp":{"iob":-0.065,"basaliob":-0.065,"bolussnooze":0,"activity":-0.001,"lastBolusTime":0,"time":"2023-12-23T13:57:00.000Z"}},{"iob":0,"basaliob":0,"bolussnooze":0,"activity":0,"lastBolusTime":0,"time":"2023-12-23T14:02:00.000Z","iobWithZeroTemp":{"iob":-0.06,"basaliob":-0.06,"bolussnooze":0,"activity":-0.001,"lastBolusTime":0,"time":"2023-12-23T14:02:00.000Z"}},{"iob":0,"basaliob":0,"bolussnooze":0,"activity":0,"lastBolusTime":0,"time":"2023-12-23T14:07:00.000Z","iobWithZeroTemp":{"iob":-0.055,"basaliob":-0.055,"bolussnooze":0,"activity":-9.0E-4,"lastBolusTime":0,"time":"2023-12-23T14:07:00.000Z"}},{"iob":0,"basaliob":0,"bolussnooze":0,"activity":0,"lastBolusTime":0,"time":"2023-12-23T14:12:00.000Z","iobWithZeroTemp":{"iob":-0.051,"basaliob":-0.051,"bolussnooze":0,"activity":-8.0E-4,"lastBolusTime":0,"time":"2023-12-23T14:12:00.000Z"}},{"iob":0,"basaliob":0,"bolussnooze":0,"activity":0,"lastBolusTime":0,"time":"2023-12-23T14:17:00.000Z","iobWithZeroTemp":{"iob":-0.047,"basaliob":-0.047,"bolussnooze":0,"activity":-8.0E-4,"lastBolusTime":0,"time":"2023-12-23T14:17:00.000Z"}},{"iob":0,"basaliob":0,"bolussnooze":0,"activity":0,"lastBolusTime":0,"time":"2023-12-23T14:22:00.000Z","iobWithZeroTemp":{"iob":-0.043,"basaliob":-0.043,"bolussnooze":0,"activity":-7.0E-4,"lastBolusTime":0,"time":"2023-12-23T14:22:00.000Z"}},{"iob":0,"basaliob":0,"bolussnooze":0,"activity":0,"lastBolusTime":0,"time":"2023-12-23T14:27:00.000Z","iobWithZeroTemp":{"iob":-0.039,"basaliob":-0.039,"bolussnooze":0,"activity":-7.0E-4,"lastBolusTime":0,"time":"2023-12-23T14:27:00.000Z"}},{"iob":0,"basaliob":0,"bolussnooze":0,"activity":0,"lastBolusTime":0,"time":"2023-12-23T14:32:00.000Z","iobWithZeroTemp":{"iob":-0.036,"basaliob":-0.036,"bolussnooze":0,"activity":-6.0E-4,"lastBolusTime":0,"time":"2023-12-23T14:32:00.000Z"}},{"iob":0,"basaliob":0,"bolussnooze":0,"activity":0,"lastBolusTime":0,"time":"2023-12-23T14:37:00.000Z","iobWithZeroTemp":{"iob":-0.033,"basaliob":-0.033,"bolussnooze":0,"activity":-6.0E-4,"lastBolusTime":0,"time":"2023-12-23T14:37:00.000Z"}},{"iob":0,"basaliob":0,"bolussnooze":0,"activity":0,"lastBolusTime":0,"time":"2023-12-23T14:42:00.000Z","iobWithZeroTemp":{"iob":-0.03,"basaliob":-0.03,"bolussnooze":0,"activity":-5.0E-4,"lastBolusTime":0,"time":"2023-12-23T14:42:00.000Z"}},{"iob":0,"basaliob":0,"bolussnooze":0,"activity":0,"lastBolusTime":0,"time":"2023-12-23T14:47:00.000Z","iobWithZeroTemp":{"iob":-0.028,"basaliob":-0.028,"bolussnooze":0,"activity":-5.0E-4,"lastBolusTime":0,"time":"2023-12-23T14:47:00.000Z"}},{"iob":0,"basaliob":0,"bolussnooze":0,"activity":0,"lastBolusTime":0,"time":"2023-12-23T14:52:00.000Z","iobWithZeroTemp":{"iob":-0.025,"basaliob":-0.025,"bolussnooze":0,"activity":-5.0E-4,"lastBolusTime":0,"time":"2023-12-23T14:52:00.000Z"}},{"iob":0,"basaliob":0,"bolussnooze":0,"activity":0,"lastBolusTime":0,"time":"2023-12-23T14:57:00.000Z","iobWithZeroTemp":{"iob":-0.023,"basaliob":-0.023,"bolussnooze":0,"activity":-4.0E-4,"lastBolusTime":0,"time":"2023-12-23T14:57:00.000Z"}},{"iob":0,"basaliob":0,"bolussnooze":0,"activity":0,"lastBolusTime":0,"time":"2023-12-23T15:02:00.000Z","iobWithZeroTemp":{"iob":-0.021,"basaliob":-0.021,"bolussnooze":0,"activity":-4.0E-4,"lastBolusTime":0,"time":"2023-12-23T15:02:00.000Z"}},{"iob":0,"basaliob":0,"bolussnooze":0,"activity":0,"lastBolusTime":0,"time":"2023-12-23T15:07:00.000Z","iobWithZeroTemp":{"iob":-0.019,"basaliob":-0.019,"bolussnooze":0,"activity":-4.0E-4,"lastBolusTime":0,"time":"2023-12-23T15:07:00.000Z"}},{"iob":0,"basaliob":0,"bolussnooze":0,"activity":0,"lastBolusTime":0,"time":"2023-12-23T15:12:00.000Z","iobWithZeroTemp":{"iob":-0.018,"basaliob":-0.018,"bolussnooze":0,"activity":-3.0E-4,"lastBolusTime":0,"time":"2023-12-23T15:12:00.000Z"}},{"iob":0,"basaliob":0,"bolussnooze":0,"activity":0,"lastBolusTime":0,"time":"2023-12-23T15:17:00.000Z","iobWithZeroTemp":{"iob":-0.016,"basaliob":-0.016,"bolussnooze":0,"activity":-3.0E-4,"lastBolusTime":0,"time":"2023-12-23T15:17:00.000Z"}},{"iob":0,"basaliob":0,"bolussnooze":0,"activity":0,"lastBolusTime":0,"time":"2023-12-23T15:22:00.000Z","iobWithZeroTemp":{"iob":-0.015,"basaliob":-0.015,"bolussnooze":0,"activity":-3.0E-4,"lastBolusTime":0,"time":"2023-12-23T15:22:00.000Z"}},{"iob":0,"basaliob":0,"bolussnooze":0,"activity":0,"lastBolusTime":0,"time":"2023-12-23T15:27:00.000Z","iobWithZeroTemp":{"iob":-0.013,"basaliob":-0.013,"bolussnooze":0,"activity":-3.0E-4,"lastBolusTime":0,"time":"2023-12-23T15:27:00.000Z"}},{"iob":0,"basaliob":0,"bolussnooze":0,"activity":0,"lastBolusTime":0,"time":"2023-12-23T15:32:00.000Z","iobWithZeroTemp":{"iob":-0.012,"basaliob":-0.012,"bolussnooze":0,"activity":-2.0E-4,"lastBolusTime":0,"time":"2023-12-23T15:32:00.000Z"}},{"iob":0,"basaliob":0,"bolussnooze":0,"activity":0,"lastBolusTime":0,"time":"2023-12-23T15:37:00.000Z","iobWithZeroTemp":{"iob":-0.011,"basaliob":-0.011,"bolussnooze":0,"activity":-2.0E-4,"lastBolusTime":0,"time":"2023-12-23T15:37:00.000Z"}},{"iob":0,"basaliob":0,"bolussnooze":0,"activity":0,"lastBolusTime":0,"time":"2023-12-23T15:42:00.000Z","iobWithZeroTemp":{"iob":-0.01,"basaliob":-0.01,"bolussnooze":0,"activity":-2.0E-4,"lastBolusTime":0,"time":"2023-12-23T15:42:00.000Z"}},{"iob":0,"basaliob":0,"bolussnooze":0,"activity":0,"lastBolusTime":0,"time":"2023-12-23T15:47:00.000Z","iobWithZeroTemp":{"iob":-0.009,"basaliob":-0.009,"bolussnooze":0,"activity":-2.0E-4,"lastBolusTime":0,"time":"2023-12-23T15:47:00.000Z"}},{"iob":0,"basaliob":0,"bolussnooze":0,"activity":0,"lastBolusTime":0,"time":"2023-12-23T15:52:00.000Z","iobWithZeroTemp":{"iob":-0.008,"basaliob":-0.008,"bolussnooze":0,"activity":-2.0E-4,"lastBolusTime":0,"time":"2023-12-23T15:52:00.000Z"}},{"iob":0,"basaliob":0,"bolussnooze":0,"activity":0,"lastBolusTime":0,"time":"2023-12-23T15:57:00.000Z","iobWithZeroTemp":{"iob":-0.007,"basaliob":-0.007,"bolussnooze":0,"activity":-2.0E-4,"lastBolusTime":0,"time":"2023-12-23T15:57:00.000Z"}},{"iob":0,"basaliob":0,"bolussnooze":0,"activity":0,"lastBolusTime":0,"time":"2023-12-23T16:02:00.000Z","iobWithZeroTemp":{"iob":-0.007,"basaliob":-0.007,"bolussnooze":0,"activity":-1.0E-4,"lastBolusTime":0,"time":"2023-12-23T16:02:00.000Z"}},{"iob":0,"basaliob":0,"bolussnooze":0,"activity":0,"lastBolusTime":0,"time":"2023-12-23T16:07:00.000Z","iobWithZeroTemp":{"iob":-0.006,"basaliob":-0.006,"bolussnooze":0,"activity":-1.0E-4,"lastBolusTime":0,"time":"2023-12-23T16:07:00.000Z"}},{"iob":0,"basaliob":0,"bolussnooze":0,"activity":0,"lastBolusTime":0,"time":"2023-12-23T16:12:00.000Z","iobWithZeroTemp":{"iob":-0.006,"basaliob":-0.006,"bolussnooze":0,"activity":-1.0E-4,"lastBolusTime":0,"time":"2023-12-23T16:12:00.000Z"}},{"iob":0,"basaliob":0,"bolussnooze":0,"activity":0,"lastBolusTime":0,"time":"2023-12-23T16:17:00.000Z","iobWithZeroTemp":{"iob":-0.005,"basaliob":-0.005,"bolussnooze":0,"activity":-1.0E-4,"lastBolusTime":0,"time":"2023-12-23T16:17:00.000Z"}},{"iob":0,"basaliob":0,"bolussnooze":0,"activity":0,"lastBolusTime":0,"time":"2023-12-23T16:22:00.000Z","iobWithZeroTemp":{"iob":-0.004,"basaliob":-0.004,"bolussnooze":0,"activity":-1.0E-4,"lastBolusTime":0,"time":"2023-12-23T16:22:00.000Z"}},{"iob":0,"basaliob":0,"bolussnooze":0,"activity":0,"lastBolusTime":0,"time":"2023-12-23T16:27:00.000Z","iobWithZeroTemp":{"iob":-0.004,"basaliob":-0.004,"bolussnooze":0,"activity":-1.0E-4,"lastBolusTime":0,"time":"2023-12-23T16:27:00.000Z"}},{"iob":0,"basaliob":0,"bolussnooze":0,"activity":0,"lastBolusTime":0,"time":"2023-12-23T16:32:00.000Z","iobWithZeroTemp":{"iob":-0.004,"basaliob":-0.004,"bolussnooze":0,"activity":-1.0E-4,"lastBolusTime":0,"time":"2023-12-23T16:32:00.000Z"}},{"iob":0,"basaliob":0,"bolussnooze":0,"activity":0,"lastBolusTime":0,"time":"2023-12-23T16:37:00.000Z","iobWithZeroTemp":{"iob":-0.003,"basaliob":-0.003,"bolussnooze":0,"activity":-1.0E-4,"lastBolusTime":0,"time":"2023-12-23T16:37:00.000Z"}},{"iob":0,"basaliob":0,"bolussnooze":0,"activity":0,"lastBolusTime":0,"time":"2023-12-23T16:42:00.000Z","iobWithZeroTemp":{"iob":-0.003,"basaliob":-0.003,"bolussnooze":0,"activity":-1.0E-4,"lastBolusTime":0,"time":"2023-12-23T16:42:00.000Z"}},{"iob":0,"basaliob":0,"bolussnooze":0,"activity":0,"lastBolusTime":0,"time":"2023-12-23T16:47:00.000Z","iobWithZeroTemp":{"iob":-0.003,"basaliob":-0.003,"bolussnooze":0,"activity":-1.0E-4,"lastBolusTime":0,"time":"2023-12-23T16:47:00.000Z"}}],"profile":{"max_iob":1.5,"dia":3,"type":"current","max_daily_basal":0.5,"max_basal":1.2,"min_bg":100.8,"max_bg":100.8,"target_bg":100.8,"carb_ratio":30,"sens":126,"max_daily_safety_multiplier":3,"current_basal_safety_multiplier":4,"skip_neutral_temps":true,"current_basal":0.3,"temptargetSet":false,"autosens_adjust_targets":true,"min_5m_carbimpact":5.5,"out_units":"mmol\/L"},"autosens_data":{"ratio":1},"meal_data":{"carbs":0,"mealCOB":0}},"output":{"temp":"absolute","bg":117,"tick":-2,"eventualBG":91,"snoozeBG":91,"predBGs":{"IOB":[117,115,113,111,110,108,107,106,104,103,102,102,101,101,100,99,99,98,98,97,97,97,96,96,95,95,95,94,94,94,94,93,93,93,93,93,93,92,92,92,92,92,92,92,92,92,91]},"COB":0,"IOB":0.138,"reason":"COB: 0, Dev: -9, BGI: -0.44, ISF: 7.0, Target: 5.6; Eventual BG 5.1 < 5.6, setting -0.02U\/hr","duration":30,"rate":0,"timestamp":"2023-12-23T07:21:06.198Z"}}