{"algorithm":"OpenAPSAMAPlugin","input":{"glucoseStatus":{"glucose":169,"delta":-2,"short_avgdelta":-0.41,"long_avgdelta":4.26},"currenttemp":{"temp":"absolute","duration":10,"rate":1.5,"minutesrunning":20},"iob_data":[{"iob":0.612,"basaliob":0.612,"bolussnooze":0,"activity":0.0039,"lastBolusTime":0,"time":"2023-12-23T17:22:00.000Z","iobWithZeroTemp":{"iob":0.612,"basaliob":0.612,"bolussnooze":0,"activity":0.0039,"lastBolusTime":0,"time":"2023-12-23T17:22:00.000Z"}},{"iob":0.592,"basaliob":0.592,"bolussnooze":0,"activity":0.0042,"lastBolusTime":0,"time":"2023-12-23T17:27:00.000Z","iobWithZeroTemp":{"iob":0.559,"basaliob":0.559,"bolussnooze":0,"activity":0.0042,"lastBolusTime":0,"time":"2023-12-23T17:27:00.000Z"}},{"iob":0.57,"basaliob":0.57,"bolussnooze":0,"activity":0.0044,"lastBolusTime":0,"time":"2023-12-23T17:32:00.000Z","iobWithZeroTemp":{"iob":0.504,"basaliob":0.504,"bolussnooze":0,"activity":0.0043,"lastBolusTime":0,"time":"2023-12-23T17:32:00.000Z"}},{"iob":0.548,"basaliob":0.548,"bolussnooze":0,"activity":0.0046,"lastBolusTime":0,"time":"2023-12-23T17:37:00.000Z","iobWithZeroTemp":{"iob":0.449,"basaliob":0.449,"bolussnooze":0,"activity":0.0044,"lastBolusTime":0,"time":"2023-12-23T17:37:00.000Z"}},{"iob":0.525,"basaliob":0.525,"bolussnooze":0,"activity":0.0046,"lastBolusTime":0,"time":"2023-12-23T17:42:00.000Z","iobWithZeroTemp":{"iob":0.394,"basaliob":0.394,"bolussnooze":0,"activity":0.0042,"lastBolusTime":0,"time":"2023-12-23T17:42:00.000Z"}},{"iob":0.502,"basaliob":0.502,"bolussnooze":0,"activity":0.0047,"lastBolusTime":0,"time":"2023-12-23T17:47:00.000Z","iobWithZeroTemp":{"iob":0.34,"basaliob":0.34,"bolussnooze":0,"activity":0.0042,"lastBolusTime":0,"time":"2023-12-23T17:47:00.000Z"}},{"iob":0.478,"basaliob":0.478,"bolussnooze":0,"activity":0.0047,"lastBolusTime":0,"time":"2023-12-23T17:52:00.000Z","iobWithZeroTemp":{"iob":0.286,"basaliob":0.286,"bolussnooze":0,"activity":0.004,"lastBolusTime":0,"time":"2023-12-23T17:52:00.000Z"}},{"iob":0.455,"basaliob":0.455,"bolussnooze":0,"activity":0.0046,"lastBolusTime":0,"time":"2023-12-23T17:57:00.000Z","iobWithZeroTemp":{"iob":0.233,"basaliob":0.233,"bolussnooze":0,"activity":0.0037,"lastBolusTime":0,"time":"2023-12-23T17:57:00.000Z"}},{"iob":0.432,"basaliob":0.432,"bolussnooze":0,"activity":0.0046,"lastBolusTime":0,"time":"2023-12-23T18:02:00.000Z","iobWithZeroTemp":{"iob":0.182,"basaliob":0.182,"bolussnooze":0,"activity":0.0035,"lastBolusTime":0,"time":"2023-12-23T18:02:00.000Z"}},{"iob":0.409,"basaliob":0.409,"bolussnooze":0,"activity":0.0045,"lastBolusTime":0,"time":"2023-12-23T18:07:00.000Z","iobWithZeroTemp":{"iob":0.132,"basaliob":0.132,"bolussnooze":0,"activity":0.0032,"lastBolusTime":0,"time":"2023-12-23T18:07:00.000Z"}},{"iob":0.387,"basaliob":0.387,"bolussnooze":0,"activity":0.0043,"lastBolusTime":0,"time":"2023-12-23T18:12:00.000Z","iobWithZeroTemp":{"iob":0.084,"basaliob":0.084,"bolussnooze":0,"activity":0.0027,"lastBolusTime":0,"time":"2023-12-23T18:12:00.000Z"}},{"iob":0.366,"basaliob":0.366,"bolussnooze":0,"activity":0.0042,"lastBolusTime":0,"time":"2023-12-23T18:17:00.000Z","iobWithZeroTemp":{"iob":0.038,"basaliob":0.038,"bolussnooze":0,"activity":0.0024,"lastBolusTime":0,"time":"2023-12-23T18:17:00.000Z"}},{"iob":0.345,"basaliob":0.345,"bolussnooze":0,"activity":0.0041,"lastBolusTime":0,"time":"2023-12-23T18:22:00.000Z","iobWithZeroTemp":{"iob":-0.007,"basaliob":-0.007,"bolussnooze":0,"activity":0.0021,"lastBolusTime":0,"time":"2023-12-23T18:22:00.000Z"}},{"iob":0.325,"basaliob":0.325,"bolussnooze":0,"activity":0.0039,"lastBolusTime":0,"time":"2023-12-23T18:27:00.000Z","iobWithZeroTemp":{"iob":-0.049,"basaliob":-0.049,"bolussnooze":0,"activity":0.0016,"lastBolusTime":0,"time":"2023-12-23T18:27:00.000Z"}},{"iob":0.306,"basaliob":0.306,"bolussnooze":0,"activity":0.0038,"lastBolusTime":0,"time":"2023-12-23T18:32:00.000Z","iobWithZeroTemp":{"iob":-0.09,"basaliob":-0.09,"bolussnooze":0,"activity":0.0013,"lastBolusTime":0,"time":"2023-12-23T18:32:00.000Z"}},{"iob":0.288,"basaliob":0.288,"bolussnooze":0,"activity":0.0036,"lastBolusTime":0,"time":"2023-12-23T18:37:00.000Z","iobWithZeroTemp":{"iob":-0.128,"basaliob":-0.128,"bolussnooze":0,"activity":9.0E-4,"lastBolusTime":0,"time":"2023-12-23T18:37:00.000Z"}},{"iob":0.27,"basaliob":0.27,"bolussnooze":0,"activity":0.0035,"lastBolusTime":0,"time":"2023-12-23T18:42:00.000Z","iobWithZeroTemp":{"iob":-0.165,"basaliob":-0.165,"bolussnooze":0,"activity":6.0E-4,"lastBolusTime":0,"time":"2023-12-23T18:42:00.000Z"}},{"iob":0.253,"basaliob":0.253,"bolussnooze":0,"activity":0.0033,"lastBolusTime":0,"time":"2023-12-23T18:47:00.000Z","iobWithZeroTemp":{"iob":-0.201,"basaliob":-0.201,"bolussnooze":0,"activity":2.0E-4,"lastBolusTime":0,"time":"2023-12-23T18:47:00.000Z"}},{"iob":0.237,"basaliob":0.237,"bolussnooze":0,"activity":0.0031,"lastBolusTime":0,"time":"2023-12-23T18:52:00.000Z","iobWithZeroTemp":{"iob":-0.234,"basaliob":-0.234,"bolussnooze":0,"activity":-2.0E-4,"lastBolusTime":0,"time":"2023-12-23T18:52:00.000Z"}},{"iob":0.222,"basaliob":0.222,"bolussnooze":0,"activity":0.003,"lastBolusTime":0,"time":"2023-12-23T18:57:00.000Z","iobWithZeroTemp":{"iob":-0.265,"basaliob":-0.265,"bolussnooze":0,"activity":-5.0E-4,"lastBolusTime":0,"time":"2023-12-23T18:57:00.000Z"}},{"iob":0.207,"basaliob":0.207,"bolussnooze":0,"activity":0.0028,"lastBolusTime":0,"time":"2023-12-23T19:02:00.000Z","iobWithZeroTemp":{"iob":-0.295,"basaliob":-0.295,"bolussnooze":0,"activity":-9.0E-4,"lastBolusTime":0,"time":"2023-12-23T19:02:00.000Z"}},{"iob":0.193,"basaliob":0.193,"bolussnooze":0,"activity":0.0027,"lastBolusTime":0,"time":"2023-12-23T19:07:00.000Z","iobWithZeroTemp":{"iob":-0.324,"basaliob":-0.324,"bolussnooze":0,"activity":-0.0012,"lastBolusTime":0,"time":"2023-12-23T19:07:00.000Z"}},{"iob":0.18,"basaliob":0.18,"bolussnooze":0,"activity":0.0025,"lastBolusTime":0,"time":"2023-12-23T19:12:00.000Z","iobWithZeroTemp":{"iob":-0.35,"basaliob":-0.35,"bolussnooze":0,"activity":-0.0016,"lastBolusTime":0,"time":"2023-12-23T19:12:00.000Z"}},{"iob":0.168,"basaliob":0.168,"bolussnooze":0,"activity":0.0024,"lastBolusTime":0,"time":"2023-12-23T19:17:00.000Z","iobWithZeroTemp":{"iob":-0.375,"basaliob":-0.375,"bolussnooze":0,"activity":-0.0018,"lastBolusTime":0,"time":"2023-12-23T19:17:00.000Z"}},{"iob":0.157,"basaliob":0.157,"bolussnooze":0,"activity":0.0022,"lastBolusTime":0,"time":"2023-12-23T19:22:00.000Z","iobWithZeroTemp":{"iob":-0.398,"basaliob":-0.398,"bolussnooze":0,"activity":-0.0022,"lastBolusTime":0,"time":"2023-12-23T19:22:00.000Z"}},{"iob":0.146,"basaliob":0.146,"bolussnooze":0,"activity":0.0021,"lastBolusTime":0,"time":"2023-12-23T19:27:00.000Z","iobWithZeroTemp":{"iob":-0.42,"basaliob":-0.42,"bolussnooze":0,"activity":-0.0024,"lastBolusTime":0,"time":"2023-12-23T19:27:00.000Z"}},{"iob":0.135,"basaliob":0.135,"bolussnooze":0,"activity":0.002,"lastBolusTime":0,"time":"2023-12-23T19:32:00.000Z","iobWithZeroTemp":{"iob":-0.441,"basaliob":-0.441,"bolussnooze":0,"activity":-0.0027,"lastBolusTime":0,"time":"2023-12-23T19:32:00.000Z"}},{"iob":0.126,"basaliob":0.126,"bolussnooze":0,"activity":0.0019,"lastBolusTime":0,"time":"2023-12-23T19:37:00.000Z","iobWithZeroTemp":{"iob":-0.46,"basaliob":-0.46,"bolussnooze":0,"activity":-0.0029,"lastBolusTime":0,"time":"2023-12-23T19:37:00.000Z"}},{"iob":0.117,"basaliob":0.117,"bolussnooze":0,"activity":0.0018,"lastBolusTime":0,"time":"2023-12-23T19:42:00.000Z","iobWithZeroTemp":{"iob":-0.478,"basaliob":-0.478,"bolussnooze":0,"activity":-0.0031,"lastBolusTime":0,"time":"2023-12-23T19:42:00.000Z"}},{"iob":0.108,"basaliob":0.108,"bolussnooze":0,"activity":0.0016,"lastBolusTime":0,"time":"2023-12-23T19:47:00.000Z","iobWithZeroTemp":{"iob":-0.495,"basaliob":-0.495,"bolussnooze":0,"activity":-0.0034,"lastBolusTime":0,"time":"2023-12-23T19:47:00.000Z"}},{"iob":0.1,"basaliob":0.1,"bolussnooze":0,"activity":0.0015,"lastBolusTime":0,"time":"2023-12-23T19:52:00.000Z","iobWithZeroTemp":{"iob":-0.511,"basaliob":-0.511,"bolussnooze":0,"activity":-0.0037,"lastBolusTime":0,"time":"2023-12-23T19:52:00.000Z"}},{"iob":0.093,"basaliob":0.093,"bolussnooze":0,"activity":0.0014,"lastBolusTime":0,"time":"2023-12-23T19:57:00.000Z","iobWithZeroTemp":{"iob":-0.526,"basaliob":-0.526,"bolussnooze":0,"activity":-0.0039,"lastBolusTime":0,"time":"2023-12-23T19:57:00.000Z"}},{"iob":0.086,"basaliob":0.086,"bolussnooze":0,"activity":0.0013,"lastBolusTime":0,"time":"2023-12-23T20:02:00.000Z","iobWithZeroTemp":{"iob":-0.539,"basaliob":-0.539,"bolussnooze":0,"activity":-0.0041,"lastBolusTime":0,"time":"2023-12-23T20:02:00.000Z"}},{"iob":0.079,"basaliob":0.079,"bolussnooze":0,"activity":0.0013,"lastBolusTime":0,"time":"2023-12-23T20:07:00.000Z","iobWithZeroTemp":{"iob":-0.561,"basaliob":-0.561,"bolussnooze":0,"activity":-0.0042,"lastBolusTime":0,"time":"2023-12-23T20:07:00.000Z"}},{"iob":0.073,"basaliob":0.073,"bolussnooze":0,"activity":0.0012,"lastBolusTime":0,"time":"2023-12-23T20:12:00.000Z","iobWithZeroTemp":{"iob":-0.581,"basaliob":-0.581,"bolussnooze":0,"activity":-0.0044,"lastBolusTime":0,"time":"2023-12-23T20:12:00.000Z"}},{"iob":0.068,"basaliob":0.068,"bolussnooze":0,"activity":0.0011,"lastBolusTime":0,"time":"2023-12-23T20:17:00.000Z","iobWithZeroTemp":{"iob":-0.6,"basaliob":-0.6,"bolussnooze":0,"activity":-0.0046,"lastBolusTime":0,"time":"2023-12-23T20:17:00.000Z"}},{"iob":0.063,"basaliob":0.063,"bolussnooze":0,"activity":0.001,"lastBolusTime":0,"time":"2023-12-23T20:22:00.000Z","iobWithZeroTemp":{"iob":-0.618,"basaliob":-0.618,"bolussnooze":0,"activity":-0.0048,"lastBolusTime":0,"time":"2023-12-23T20:22:00.000Z"}},{"iob":0.058,"basaliob":0.058,"bolussnooze":0,"activity":9.0E-4,"lastBolusTime":0,"time":"2023-12-23T20:27:00.000Z","iobWithZeroTemp":{"iob":-0.635,"basaliob":-0.635,"bolussnooze":0,"activity":-0.005,"lastBolusTime":0,"time":"2023-12-23T20:27:00.000Z"}},{"iob":0.053,"basaliob":0.053,"bolussnooze":0,"activity":9.0E-4,"lastBolusTime":0,"time":"2023-12-23T20:32:00.000Z","iobWithZeroTemp":{"iob":-0.652,"basaliob":-0.652,"bolussnooze":0,"activity":-0.0051,"lastBolusTime":0,"time":"2023-12-23T20:32:00.000Z"}},{"iob":0.049,"basaliob":0.049,"bolussnooze":0,"activity":8.0E-4,"lastBolusTime":0,"time":"2023-12-23T20:37:00.000Z","iobWithZeroTemp":{"iob":-0.668,"basaliob":-0.668,"bolussnooze":0,"activity":-0.0053,"lastBolusTime":0,"time":"2023-12-23T20:37:00.000Z"}},{"iob":0.045,"basaliob":0.045,"bolussnooze":0,"activity":8.0E-4,"lastBolusTime":0,"time":"2023-12-23T20:42:00.000Z","iobWithZeroTemp":{"iob":-0.682,"basaliob":-0.682,"bolussnooze":0,"activity":-0.0054,"lastBolusTime":0,"time":"2023-12-23T20:42:00.000Z"}},{"iob":0.041,"basaliob":0.041,"bolussnooze":0,"activity":7.0E-4,"lastBolusTime":0,"time":"2023-12-23T20:47:00.000Z","iobWithZeroTemp":{"iob":-0.696,"basaliob":-0.696,"bolussnooze":0,"activity":-0.0056,"lastBolusTime":0,"time":"2023-12-23T20:47:00.000Z"}},{"iob":0.038,"basaliob":0.038,"bolussnooze":0,"activity":6.0E-4,"lastBolusTime":0,"time":"2023-12-23T20:52:00.000Z","iobWithZeroTemp":{"iob":-0.709,"basaliob":-0.709,"bolussnooze":0,"activity":-0.0059,"lastBolusTime":0,"time":"2023-12-23T20:52:00.000Z"}},{"iob":0.035,"basaliob":0.035,"bolussnooze":0,"activity":6.0E-4,"lastBolusTime":0,"time":"2023-12-23T20:57:00.000Z","iobWithZeroTemp":{"iob":-0.721,"basaliob":-0.721,"bolussnooze":0,"activity":-0.006,"lastBolusTime":0,"time":"2023-12-23T20:57:00.000Z"}},{"iob":0.032,"basaliob":0.032,"bolussnooze":0,"activity":6.0E-4,"lastBolusTime":0,"time":"2023-12-23T21:02:00.000Z","iobWithZeroTemp":{"iob":-0.733,"basaliob":-0.733,"bolussnooze":0,"activity":-0.0061,"lastBolusTime":0,"time":"2023-12-23T21:02:00.000Z"}},{"iob":0.029,"basaliob":0.029,"bolussnooze":0,"activity":5.0E-4,"lastBolusTime":0,"time":"2023-12-23T21:07:00.000Z","iobWithZeroTemp":{"iob":-0.744,"basaliob":-0.744,"bolussnooze":0,"activity":-0.0063,"lastBolusTime":0,"time":"2023-12-23T21:07:00.000Z"}},{"iob":0.027,"basaliob":0.027,"bolussnooze":0,"activity":5.0E-4,"lastBolusTime":0,"time":"2023-12-23T21:12:00.000Z","iobWithZeroTemp":{"iob":-0.754,"basaliob":-0.754,"bolussnooze":0,"activity":-0.0064,"lastBolusTime":0,"time":"2023-12-23T21:12:00.000Z"}},{"iob":0.025,"basaliob":0.025,"bolussnooze":0,"activity":4.0E-4,"lastBolusTime":0,"time":"2023-12-23T21:17:00.000Z","iobWithZeroTemp":{"iob":-0.763,"basaliob":-0.763,"bolussnooze":0,"activity":-0.0065,"lastBolusTime":0,"time":"2023-12-23T21:17:00.000Z"}},{"iob":0.023,"basaliob":0.023,"bolussnooze":0,"activity":4.0E-4,"lastBolusTime":0,"time":"2023-12-23T21:22:00.000Z","iobWithZeroTemp":{"iob":-0.772,"basaliob":-0.772,"bolussnooze":0,"activity":-0.0066,"lastBolusTime":0,"time":"2023-12-23T21:22:00.000Z"}},{"iob":0.021,"basaliob":0.021,"bolussnooze":0,"activity":4.0E-4,"lastBolusTime":0,"time":"2023-12-23T21:27:00.000Z","iobWithZeroTemp":{"iob":-0.738,"basaliob":-0.738,"bolussnooze":0,"activity":-0.0067,"lastBolusTime":0,"time":"2023-12-23T21:27:00.000Z"}},{"iob":0.019,"basaliob":0.019,"bolussnooze":0,"activity":3.0E-4,"lastBolusTime":0,"time":"2023-12-23T21:32:00.000Z","iobWithZeroTemp":{"iob":-0.705,"basaliob":-0.705,"bolussnooze":0,"activity":-0.0068,"lastBolusTime":0,"time":"2023-12-23T21:32:00.000Z"}},{"iob":0.017,"basaliob":0.017,"bolussnooze":0,"activity":3.0E-4,"lastBolusTime":0,"time":"2023-12-23T21:37:00.000Z","iobWithZeroTemp":{"iob":-0.672,"basaliob":-0.672,"bolussnooze":0,"activity":-0.0067,"lastBolusTime":0,"time":"2023-12-23T21:37:00.000Z"}},{"iob":0.016,"basaliob":0.016,"bolussnooze":0,"activity":3.0E-4,"lastBolusTime":0,"time":"2023-12-23T21:42:00.000Z","iobWithZeroTemp":{"iob":-0.638,"basaliob":-0.638,"bolussnooze":0,"activity":-0.0066,"lastBolusTime":0,"time":"2023-12-23T21:42:00.000Z"}},{"iob":0.014,"basaliob":0.014,"bolussnooze":0,"activity":3.0E-4,"lastBolusTime":0,"time":"2023-12-23T21:47:00.000Z","iobWithZeroTemp":{"iob":-0.606,"basaliob":-0.606,"bolussnooze":0,"activity":-0.0064,"lastBolusTime":0,"time":"2023-12-23T21:47:00.000Z"}},{"iob":0.013,"basaliob":0.013,"bolussnooze":0,"activity":2.0E-4,"lastBolusTime":0,"time":"2023-12-23T21:52:00.000Z","iobWithZeroTemp":{"iob":-0.574,"basaliob":-0.574,"bolussnooze":0,"activity":-0.0064,"lastBolusTime":0,"time":"2023-12-23T21:52:00.000Z"}},{"iob":0.012,"basaliob":0.012,"bolussnooze":0,"activity":2.0E-4,"lastBolusTime":0,"time":"2023-12-23T21:57:00.000Z","iobWithZeroTemp":{"iob":-0.542,"basaliob":-0.542,"bolussnooze":0,"activity":-0.0062,"lastBolusTime":0,"time":"2023-12-23T21:57:00.000Z"}},{"iob":0.011,"basaliob":0.011,"bolussnooze":0,"activity":2.0E-4,"lastBolusTime":0,"time":"2023-12-23T22:02:00.000Z","iobWithZeroTemp":{"iob":-0.512,"basaliob":-0.512,"bolussnooze":0,"activity":-0.006,"lastBolusTime":0,"time":"2023-12-23T22:02:00.000Z"}},{"iob":0.01,"basaliob":0.01,"bolussnooze":0,"activity":2.0E-4,"lastBolusTime":0,"time":"2023-12-23T22:07:00.000Z","iobWithZeroTemp":{"iob":-0.482,"basaliob":-0.482,"bolussnooze":0,"activity":-0.0057,"lastBolusTime":0,"time":"2023-12-23T22:07:00.000Z"}},{"iob":0.009,"basaliob":0.009,"bolussnooze":0,"activity":2.0E-4,"lastBolusTime":0,"time":"2023-12-23T22:12:00.000Z","iobWithZeroTemp":{"iob":-0.454,"basaliob":-0.454,"bolussnooze":0,"activity":-0.0055,"lastBolusTime":0,"time":"2023-12-23T22:12:00.000Z"}},{"iob":0.008,"basaliob":0.008,"bolussnooze":0,"activity":2.0E-4,"lastBolusTime":0,"time":"2023-12-23T22:17:00.000Z","iobWithZeroTemp":{"iob":-0.427,"basaliob":-0.427,"bolussnooze":0,"activity":-0.0053,"lastBolusTime":0,"time":"2023-12-23T22:17:00.000Z"}},{"iob":0.007,"basaliob":0.007,"bolussnooze":0,"activity":1.0E-4,"lastBolusTime":0,"time":"2023-12-23T22:22:00.000Z","iobWithZeroTemp":{"iob":-0.402,"basaliob":-0.402,"bolussnooze":0,"activity":-0.0051,"lastBolusTime":0,"time":"2023-12-23T22:22:00.000Z"}},{"iob":0.007,"basaliob":0.007,"bolussnooze":0,"activity":1.0E-4,"lastBolusTime":0,"time":"2023-12-23T22:27:00.000Z","iobWithZeroTemp":{"iob":-0.376,"basaliob":-0.376,"bolussnooze":0,"activity":-0.0049,"lastBolusTime":0,"time":"2023-12-23T22:27:00.000Z"}},{"iob":0.006,"basaliob":0.006,"bolussnooze":0,"activity":1.0E-4,"lastBolusTime":0,"time":"2023-12-23T22:32:00.000Z","iobWithZeroTemp":{"iob":-0.353,"basaliob":-0.353,"bolussnooze":0,"activity":-0.0046,"lastBolusTime":0,"time":"2023-12-23T22:32:00.000Z"}},{"iob":0.005,"basaliob":0.005,"bolussnooze":0,"activity":1.0E-4,"lastBolusTime":0,"time":"2023-12-23T22:37:00.000Z","iobWithZeroTemp":{"iob":-0.331,"basaliob":-0.331,"bolussnooze":0,"activity":-0.0044,"lastBolusTime":0,"time":"2023-12-23T22:37:00.000Z"}},{"iob":0.005,"basaliob":0.005,"bolussnooze":0,"activity":1.0E-4,"lastBolusTime":0,"time":"2023-12-23T22:42:00.000Z","iobWithZeroTemp":{"iob":-0.309,"basaliob":-0.309,"bolussnooze":0,"activity":-0.0042,"lastBolusTime":0,"time":"2023-12-23T22:42:00.000Z"}},{"iob":0.004,"basaliob":0.004,"bolussnooze":0,"activity":1.0E-4,"lastBolusTime":0,"time":"2023-12-23T22:47:00.000Z","iobWithZeroTemp":{"iob":-0.289,"basaliob":-0.289,"bolussnooze":0,"activity":-0.0039,"lastBolusTime":0,"time":"2023-12-23T22:47:00.000Z"}},{"iob":0.004,"basaliob":0.004,"bolussnooze":0,"activity":1.0E-4,"lastBolusTime":0,"time":"2023-12-23T22:52:00.000Z","iobWithZeroTemp":{"iob":-0.269,"basaliob":-0.269,"bolussnooze":0,"activity":-0.0037,"lastBolusTime":0,"time":"2023-12-23T22:52:00.000Z"}},{"iob":0.003,"basaliob":0.003,"bolussnooze":0,"activity":1.0E-4,"lastBolusTime":0,"time":"2023-12-23T22:57:00.000Z","iobWithZeroTemp":{"iob":-0.251,"basaliob":-0.251,"bolussnooze":0,"activity":-0.0035,"lastBolusTime":0,"time":"2023-12-23T22:57:00.000Z"}},{"iob":0.003,"basaliob":0.003,"bolussnooze":0,"activity":1.0E-4,"lastBolusTime":0,"time":"2023-12-23T23:02:00.000Z","iobWithZeroTemp":{"iob":-0.234,"basaliob":-0.234,"bolussnooze":0,"activity":-0.0033,"lastBolusTime":0,"time":"2023-12-23T23:02:00.000Z"}},{"iob":0.003,"basaliob":0.003,"bolussnooze":0,"activity":1.0E-4,"lastBolusTime":0,"time":"2023-12-23T23:07:00.000Z","iobWithZeroTemp":{"iob":-0.217,"basaliob":-0.217,"bolussnooze":0,"activity":-0.0031,"lastBolusTime":0,"time":"2023-12-23T23:07:00.000Z"}},{"iob":0.003,"basaliob":0.003,"bolussnooze":0,"activity":1.0E-4,"lastBolusTime":0,"time":"2023-12-23T23:12:00.000Z","iobWithZeroTemp":{"iob":-0.202,"basaliob":-0.202,"bolussnooze":0,"activity":-0.0029,"lastBolusTime":0,"time":"2023-12-23T23:12:00.000Z"}},{"iob":0.002,"basaliob":0.002,"bolussnooze":0,"activity":1.0E-4,"lastBolusTime":0,"time":"2023-12-23T23:17:00.000Z","iobWithZeroTemp":{"iob":-0.188,"basaliob":-0.188,"bolussnooze":0,"activity":-0.0027,"lastBolusTime":0,"time":"2023-12-23T23:17:00.000Z"}},{"iob":0.002,"basaliob":0.002,"bolussnooze":0,"activity":0,"lastBolusTime":0,"time":"2023-12-23T23:22:00.000Z","iobWithZeroTemp":{"iob":-0.175,"basaliob":-0.175,"bolussnooze":0,"activity":-0.0027,"lastBolusTime":0,"time":"2023-12-23T23:22:00.000Z"}},{"iob":0.002,"basaliob":0.002,"bolussnooze":0,"activity":0,"lastBolusTime":0,"time":"2023-12-23T23:27:00.000Z","iobWithZeroTemp":{"iob":-0.162,"basaliob":-0.162,"bolussnooze":0,"activity":-0.0025,"lastBolusTime":0,"time":"2023-12-23T23:27:00.000Z"}},{"iob":0.002,"basaliob":0.002,"bolussnooze":0,"activity":0,"lastBolusTime":0,"time":"2023-12-23T23:32:00.000Z","iobWithZeroTemp":{"iob":-0.15,"basaliob":-0.15,"bolussnooze":0,"activity":-0.0023,"lastBolusTime":0,"time":"2023-12-23T23:32:00.000Z"}},{"iob":0.001,"basaliob":0.001,"bolussnooze":0,"activity":0,"lastBolusTime":0,"time":"2023-12-23T23:37:00.000Z","iobWithZeroTemp":{"iob":-0.14,"basaliob":-0.14,"bolussnooze":0,"activity":-0.0022,"lastBolusTime":0,"time":"2023-12-23T23:37:00.000Z"}},{"iob":0.001,"basaliob":0.001,"bolussnooze":0,"activity":0,"lastBolusTime":0,"time":"2023-12-23T23:42:00.000Z","iobWithZeroTemp":{"iob":-0.129,"basaliob":-0.129,"bolussnooze":0,"activity":-0.002,"lastBolusTime":0,"time":"2023-12-23T23:42:00.000Z"}},{"iob":0.001,"basaliob":0.001,"bolussnooze":0,"activity":0,"lastBolusTime":0,"time":"2023-12-23T23:47:00.000Z","iobWithZeroTemp":{"iob":-0.119,"basaliob":-0.119,"bolussnooze":0,"activity":-0.0019,"lastBolusTime":0,"time":"2023-12-23T23:47:00.000Z"}},{"iob":0.001,"basaliob":0.001,"bolussnooze":0,"activity":0,"lastBolusTime":0,"time":"2023-12-23T23:52:00.000Z","iobWithZeroTemp":{"iob":-0.11,"basaliob":-0.11,"bolussnooze":0,"activity":-0.0018,"lastBolusTime":0,"time":"2023-12-23T23:52:00.000Z"}},{"iob":0.001,"basaliob":0.001,"bolussnooze":0,"activity":0,"lastBolusTime":0,"time":"2023-12-23T23:57:00.000Z","iobWithZeroTemp":{"iob":-0.102,"basaliob":-0.102,"bolussnooze":0,"activity":-0.0016,"lastBolusTime":0,"time":"2023-12-23T23:57:00.000Z"}},{"iob":0.001,"basaliob":0.001,"bolussnooze":0,"activity":0,"lastBolusTime":0,"time":"2023-12-24T00:02:00.000Z","iobWithZeroTemp":{"iob":-0.094,"basaliob":-0.094,"bolussnooze":0,"activity":-0.0015,"lastBolusTime":0,"time":"2023-12-24T00:02:00.000Z"}},{"iob":0.001,"basaliob":0.001,"bolussnooze":0,"activity":0,"lastBolusTime":0,"time":"2023-12-24T00:07:00.000Z","iobWithZeroTemp":{"iob":-0.086,"basaliob":-0.086,"bolussnooze":0,"activity":-0.0014,"lastBolusTime":0,"time":"2023-12-24T00:07:00.000Z"}},{"iob":0.001,"basaliob":0.001,"bolussnooze":0,"activity":0,"lastBolusTime":0,"time":"2023-12-24T00:12:00.000Z","iobWithZeroTemp":{"iob":-0.079,"basaliob":-0.079,"bolussnooze":0,"activity":-0.0013,"lastBolusTime":0,"time":"2023-12-24T00:12:00.000Z"}},{"iob":0,"basaliob":0,"bolussnooze":0,"activity":0,"lastBolusTime":0,"time":"2023-12-24T00:17:00.000Z","iobWithZeroTemp":{"iob":-0.074,"basaliob":-0.074,"bolussnooze":0,"activity":-0.0012,"lastBolusTime":0,"time":"2023-12-24T00:17:00.000Z"}},{"iob":0,"basaliob":0,"bolussnooze":0,"activity":0,"lastBolusTime":0,"time":"2023-12-24T00:22:00.000Z","iobWithZeroTemp":{"iob":-0.068,"basaliob":-0.068,"bolussnooze":0,"activity":-0.0011,"lastBolusTime":0,"time":"2023-12-24T00:22:00.000Z"}},{"iob":0,"basaliob":0,"bolussnooze":0,"activity":0,"lastBolusTime":0,"time":"2023-12-24T00:27:00.000Z","iobWithZeroTemp":{"iob":-0.063,"basaliob":-0.063,"bolussnooze":0,"activity":-0.0011,"lastBolusTime":0,"time":"2023-12-24T00:27:00.000Z"}},{"iob":0,"basaliob":0,"bolussnooze":0,"activity":0,"lastBolusTime":0,"time":"2023-12-24T00:32:00.000Z","iobWithZeroTemp":{"iob":-0.057,"basaliob":-0.057,"bolussnooze":0,"activity":-0.001,"lastBolusTime":0,"time":"2023-12-24T00:32:00.000Z"}},{"iob":0,"basaliob":0,"bolussnooze":0,"activity":0,"lastBolusTime":0,"time":"2023-12-24T00:37:00.000Z","iobWithZeroTemp":{"iob":-0.053,"basaliob":-0.053,"bolussnooze":0,"activity":-9.0E-4,"lastBolusTime":0,"time":"2023-12-24T00:37:00.000Z"}},{"iob":0,"basaliob":0,"bolussnooze":0,"activity":0,"lastBolusTime":0,"time":"2023-12-24T00:42:00.000Z","iobWithZeroTemp":{"iob":-0.048,"basaliob":-0.048,"bolussnooze":0,"activity":-8.0E-4,"lastBolusTime":0,"time":"2023-12-24T00:42:00.000Z"}},{"iob":0,"basaliob":0,"bolussnooze":0,"activity":0,"lastBolusTime":0,"time":"2023-12-24T00:47:00.000Z","iobWithZeroTemp":{"iob":-0.044,"basaliob":-0.044,"bolussnooze":0,"activity":-8.0E-4,"lastBolusTime":0,"time":"2023-12-24T00:47:00.000Z"}},{"iob":0,"basaliob":0,"bolussnooze":0,"activity":0,"lastBolusTime":0,"time":"2023-12-24T00:52:00.000Z","iobWithZeroTemp":{"iob":-0.041,"basaliob":-0.041,"bolussnooze":0,"activity":-7.0E-4,"lastBolusTime":0,"time":"2023-12-24T00:52:00.000Z"}},{"iob":0,"basaliob":0,"bolussnooze":0,"activity":0,"lastBolusTime":0,"time":"2023-12-24T00:57:00.000Z","iobWithZeroTemp":{"iob":-0.037,"basaliob":-0.037,"bolussnooze":0,"activity":-7.0E-4,"lastBolusTime":0,"time":"2023-12-24T00:57:00.000Z"}},{"iob":0,"basaliob":0,"bolussnooze":0,"activity":0,"lastBolusTime":0,"time":"2023-12-24T01:02:00.000Z","iobWithZeroTemp":{"iob":-0.034,"basaliob":-0.034,"bolussnooze":0,"activity":-6.0E-4,"lastBolusTime":0,"time":"2023-12-24T01:02:00.000Z"}},{"iob":0,"basaliob":0,"bolussnooze":0,"activity":0,"lastBolusTime":0,"time":"2023-12-24T01:07:00.000Z","iobWithZeroTemp":{"iob":-0.031,"basaliob":-0.031,"bolussnooze":0,"activity":-6.0E-4,"lastBolusTime":0,"time":"2023-12-24T01:07:00.000Z"}},{"iob":0,"basaliob":0,"bolussnooze":0,"activity":0,"lastBolusTime":0,"time":"2023-12-24T01:12:00.000Z","iobWithZeroTemp":{"iob":-0.028,"basaliob":-0.028,"bolussnooze":0,"activity":-5.0E-4,"lastBolusTime":0,"time":"2023-12-24T01:12:00.000Z"}},{"iob":0,"basaliob":0,"bolussnooze":0,"activity":0,"lastBolusTime":0,"time":"2023-12-24T01:17:00.000Z","iobWithZeroTemp":{"iob":-0.026,"basaliob":-0.026,"bolussnooze":0,"activity":-5.0E-4,"lastBolusTime":0,"time":"2023-12-24T01:17:00.000Z"}},{"iob":0,"basaliob":0,"bolussnooze":0,"activity":0,"lastBolusTime":0,"time":"2023-12-24T01:22:00.000Z","iobWithZeroTemp":{"iob":-0.024,"basaliob":-0.024,"bolussnooze":0,"activity":-4.0E-4,"lastBolusTime":0,"time":"2023-12-24T01:22:00.000Z"}},{"iob":0,"basaliob":0,"bolussnooze":0,"activity":0,"lastBolusTime":0,"time":"2023-12-24T01:27:00.000Z","iobWithZeroTemp":{"iob":-0.021,"basaliob":-0.021,"bolussnooze":0,"activity":-4.0E-4,"lastBolusTime":0,"time":"2023-12-24T01:27:00.000Z"}},{"iob":0,"basaliob":0,"bolussnooze":0,"activity":0,"lastBolusTime":0,"time":"2023-12-24T01:32:00.000Z","iobWithZeroTemp":{"iob":-0.02,"basaliob":-0.02,"bolussnooze":0,"activity":-4.0E-4,"lastBolusTime":0,"time":"2023-12-24T01:32:00.000Z"}},{"iob":0,"basaliob":0,"bolussnooze":0,"activity":0,"lastBolusTime":0,"time":"2023-12-24T01:37:00.000Z","iobWithZeroTemp":{"iob":-0.018,"basaliob":-0.018,"bolussnooze":0,"activity":-3.0E-4,"lastBolusTime":0,"time":"2023-12-24T01:37:00.000Z"}},{"iob":0,"basaliob":0,"bolussnooze":0,"activity":0,"lastBolusTime":0,"time":"2023-12-24T01:42:00.000Z","iobWithZeroTemp":{"iob":-0.016,"basaliob":-0.016,"bolussnooze":0,"activity":-3.0E-4,"lastBolusTime":0,"time":"2023-12-24T01:42:00.000Z"}},{"iob":0,"basaliob":0,"bolussnooze":0,"activity":0,"lastBolusTime":0,"time":"2023-12-24T01:47:00.000Z","iobWithZeroTemp":{"iob":-0.015,"basaliob":-0.015,"bolussnooze":0,"activity":-3.0E-4,"lastBolusTime":0,"time":"2023-12-24T01:47:00.000Z"}},{"iob":0,"basaliob":0,"bolussnooze":0,"activity":0,"lastBolusTime":0,"time":"2023-12-24T01:52:00.000Z","iobWithZeroTemp":{"iob":-0.013,"basaliob":-0.013,"bolussnooze":0,"activity":-3.0E-4,"lastBolusTime":0,"time":"2023-12-24T01:52:00.000Z"}},{"iob":0,"basaliob":0,"bolussnooze":0,"activity":0,"lastBolusTime":0,"time":"2023-12-24T01:57:00.000Z","iobWithZeroTemp":{"iob":-0.012,"basaliob":-0.012,"bolussnooze":0,"activity":-2.0E-4,"lastBolusTime":0,"time":"2023-12-24T01:57:00.000Z"}},{"iob":0,"basaliob":0,"bolussnooze":0,"activity":0,"lastBolusTime":0,"time":"2023-12-24T02:02:00.000Z","iobWithZeroTemp":{"iob":-0.011,"basaliob":-0.011,"bolussnooze":0,"activity":-2.0E-4,"lastBolusTime":0,"time":"2023-12-24T02:02:00.000Z"}},{"iob":0,"basaliob":0,"bolussnooze":0,"activity":0,"lastBolusTime":0,"time":"2023-12-24T02:07:00.000Z","iobWithZeroTemp":{"iob":-0.01,"basaliob":-0.01,"bolussnooze":0,"activity":-2.0E-4,"lastBolusTime":0,"time":"2023-12-24T02:07:00.000Z"}},{"iob":0,"basaliob":0,"bolussnooze":0,"activity":0,"lastBolusTime":0,"time":"2023-12-24T02:12:00.000Z","iobWithZeroTemp":{"iob":-0.009,"basaliob":-0.009,"bolussnooze":0,"activity":-2.0E-4,"lastBolusTime":0,"time":"2023-12-24T02:12:00.000Z"}},{"iob":0,"basaliob":0,"bolussnooze":0,"activity":0,"lastBolusTime":0,"time":"2023-12-24T02:17:00.000Z","iobWithZeroTemp":{"iob":-0.008,"basaliob":-0.008,"bolussnooze":0,"activity":-2.0E-4,"lastBolusTime":0,"time":"2023-12-24T02:17:00.000Z"}},{"iob":0,"basaliob":0,"bolussnooze":0,"activity":0,"lastBolusTime":0,"time":"2023-12-24T02:22:00.000Z","iobWithZeroTemp":{"iob":-0.007,"basaliob":-0.007,"bolussnooze":0,"activity":-2.0E-4,"lastBolusTime":0,"time":"2023-12-24T02:22:00.000Z"}},{"iob":0,"basaliob":0,"bolussnooze":0,"activity":0,"lastBolusTime":0,"time":"2023-12-24T02:27:00.000Z","iobWithZeroTemp":{"iob":-0.006,"basaliob":-0.006,"bolussnooze":0,"activity":-1.0E-4,"lastBolusTime":0,"time":"2023-12-24T02:27:00.000Z"}},{"iob":0,"basaliob":0,"bolussnooze":0,"activity":0,"lastBolusTime":0,"time":"2023-12-24T02:32:00.000Z","iobWithZeroTemp":{"iob":-0.006,"basaliob":-0.006,"bolussnooze":0,"activity":-1.0E-4,"lastBolusTime":0,"time":"2023-12-24T02:32:00.000Z"}},{"iob":0,"basaliob":0,"bolussnooze":0,"activity":0,"lastBolusTime":0,"time":"2023-12-24T02:37:00.000Z","iobWithZeroTemp":{"iob":-0.005,"basaliob":-0.005,"bolussnooze":0,"activity":-1.0E-4,"lastBolusTime":0,"time":"2023-12-24T02:37:00.000Z"}},{"iob":0,"basaliob":0,"bolussnooze":0,"activity":0,"lastBolusTime":0,"time":"2023-12-24T02:42:00.000Z","iobWithZeroTemp":{"iob":-0.005,"basaliob":-0.005,"bolussnooze":0,"activity":-1.0E-4,"lastBolusTime":0,"time":"2023-12-24T02:42:00.000Z"}},{"iob":0,"basaliob":0,"bolussnooze":0,"activity":0,"lastBolusTime":0,"time":"2023-12-24T02:47:00.000Z","iobWithZeroTemp":{"iob":-0.004,"basaliob":-0.004,"bolussnooze":0,"activity":-1.0E-4,"lastBolusTime":0,"time":"2023-12-24T02:47:00.000Z"}}],"profile":{"max_iob":1.5,"dia":3,"type":"current","max_daily_basal":0.5,"max_basal":1.5,"min_bg":90,"max_bg":90,"target_bg":90,"carb_ratio":20,"sens":117,"max_daily_safety_multiplier":3,"current_basal_safety_multiplier":4,"skip_neutral_temps":true,"current_basal":0.4,"temptargetSet":false,"autosens_adjust_targets":true,"min_5m_carbimpact":5.5,"out_units":"mmol\/L"},"autosens_data":{"ratio":1.04},"meal_data":{"carbs":0,"mealCOB":0}},"output":{"temp":"absolute","bg":169,"tick":-2,"eventualBG":101,"snoozeBG":101,"predBGs":{"IOB":[169,167,165,162,160,158,155,152,150,147,145,142,140,138,136,133,131,130,128,126,124,123,121,120,118,117,116,115,114,113,112,111,110,109,109,108,107,107,106,106,105,105,105,104,104,104,103,103,103,103,102,102,102,102,102,102,101,101,101,101,101,101,101,101,101,101,101,101,100]},"COB":0,"IOB":0.612,"reason":"COB: 0, Dev: 1, BGI: -2.19, ISF: 6.3, Target: 4.9; Autosens: 1.04; Eventual BG 5.6 >= 4.9, 10m@1.084 = 0.181 > 2 * req 0.03. Setting temp basal of 0.48U\/hr","duration":30,"rate":0.47600000000000003,"timestamp":"2023-12-23T17:21:06.643Z"}}