{"algorithm":"OpenAPSAMAPlugin","input":{"glucoseStatus":{"glucose":101,"delta":-9.67,"short_avgdelta":-9.3,"long_avgdelta":-5.13},"currenttemp":{"temp":"absolute","duration":15,"rate":0,"minutesrunning":15},"iob_data":[{"iob":0.106,"basaliob":0.106,"bolussnooze":0,"activity":0.001,"lastBolusTime":0,"time":"2023-12-23T06:37:00.000Z","iobWithZeroTemp":{"iob":0.106,"basaliob":0.106,"bolussnooze":0,"activity":0.001,"lastBolusTime":0,"time":"2023-12-23T06:37:00.000Z"}},{"iob":0.101,"basaliob":0.101,"bolussnooze":0,"activity":0.001,"lastBolusTime":0,"time":"2023-12-23T06:42:00.000Z","iobWithZeroTemp":{"iob":0.076,"basaliob":0.076,"bolussnooze":0,"activity":0.001,"lastBolusTime":0,"time":"2023-12-23T06:42:00.000Z"}},{"iob":0.096,"basaliob":0.096,"bolussnooze":0,"activity":0.001,"lastBolusTime":0,"time":"2023-12-23T06:47:00.000Z","iobWithZeroTemp":{"iob":0.046,"basaliob":0.046,"bolussnooze":0,"activity":9.0E-4,"lastBolusTime":0,"time":"2023-12-23T06:47:00.000Z"}},{"iob":0.091,"basaliob":0.091,"bolussnooze":0,"activity":0.001,"lastBolusTime":0,"time":"2023-12-23T06:52:00.000Z","iobWithZeroTemp":{"iob":0.017,"basaliob":0.017,"bolussnooze":0,"activity":8.0E-4,"lastBolusTime":0,"time":"2023-12-23T06:52:00.000Z"}},{"iob":0.087,"basaliob":0.087,"bolussnooze":0,"activity":0.001,"lastBolusTime":0,"time":"2023-12-23T06:57:00.000Z","iobWithZeroTemp":{"iob":-0.011,"basaliob":-0.011,"bolussnooze":0,"activity":7.0E-4,"lastBolusTime":0,"time":"2023-12-23T06:57:00.000Z"}},{"iob":0.082,"basaliob":0.082,"bolussnooze":0,"activity":9.0E-4,"lastBolusTime":0,"time":"2023-12-23T07:02:00.000Z","iobWithZeroTemp":{"iob":-0.04,"basaliob":-0.04,"bolussnooze":0,"activity":5.0E-4,"lastBolusTime":0,"time":"2023-12-23T07:02:00.000Z"}},{"iob":0.077,"basaliob":0.077,"bolussnooze":0,"activity":9.0E-4,"lastBolusTime":0,"time":"2023-12-23T07:07:00.000Z","iobWithZeroTemp":{"iob":-0.067,"basaliob":-0.067,"bolussnooze":0,"activity":4.0E-4,"lastBolusTime":0,"time":"2023-12-23T07:07:00.000Z"}},{"iob":0.073,"basaliob":0.073,"bolussnooze":0,"activity":9.0E-4,"lastBolusTime":0,"time":"2023-12-23T07:12:00.000Z","iobWithZeroTemp":{"iob":-0.093,"basaliob":-0.093,"bolussnooze":0,"activity":2.0E-4,"lastBolusTime":0,"time":"2023-12-23T07:12:00.000Z"}},{"iob":0.069,"basaliob":0.069,"bolussnooze":0,"activity":8.0E-4,"lastBolusTime":0,"time":"2023-12-23T07:17:00.000Z","iobWithZeroTemp":{"iob":-0.118,"basaliob":-0.118,"bolussnooze":0,"activity":0,"lastBolusTime":0,"time":"2023-12-23T07:17:00.000Z"}},{"iob":0.065,"basaliob":0.065,"bolussnooze":0,"activity":8.0E-4,"lastBolusTime":0,"time":"2023-12-23T07:22:00.000Z","iobWithZeroTemp":{"iob":-0.143,"basaliob":-0.143,"bolussnooze":0,"activity":-2.0E-4,"lastBolusTime":0,"time":"2023-12-23T07:22:00.000Z"}},{"iob":0.061,"basaliob":0.061,"bolussnooze":0,"activity":8.0E-4,"lastBolusTime":0,"time":"2023-12-23T07:27:00.000Z","iobWithZeroTemp":{"iob":-0.166,"basaliob":-0.166,"bolussnooze":0,"activity":-4.0E-4,"lastBolusTime":0,"time":"2023-12-23T07:27:00.000Z"}},{"iob":0.057,"basaliob":0.057,"bolussnooze":0,"activity":7.0E-4,"lastBolusTime":0,"time":"2023-12-23T07:32:00.000Z","iobWithZeroTemp":{"iob":-0.189,"basaliob":-0.189,"bolussnooze":0,"activity":-7.0E-4,"lastBolusTime":0,"time":"2023-12-23T07:32:00.000Z"}},{"iob":0.053,"basaliob":0.053,"bolussnooze":0,"activity":7.0E-4,"lastBolusTime":0,"time":"2023-12-23T07:37:00.000Z","iobWithZeroTemp":{"iob":-0.211,"basaliob":-0.211,"bolussnooze":0,"activity":-8.0E-4,"lastBolusTime":0,"time":"2023-12-23T07:37:00.000Z"}},{"iob":0.05,"basaliob":0.05,"bolussnooze":0,"activity":7.0E-4,"lastBolusTime":0,"time":"2023-12-23T07:42:00.000Z","iobWithZeroTemp":{"iob":-0.231,"basaliob":-0.231,"bolussnooze":0,"activity":-0.001,"lastBolusTime":0,"time":"2023-12-23T07:42:00.000Z"}},{"iob":0.047,"basaliob":0.047,"bolussnooze":0,"activity":6.0E-4,"lastBolusTime":0,"time":"2023-12-23T07:47:00.000Z","iobWithZeroTemp":{"iob":-0.25,"basaliob":-0.25,"bolussnooze":0,"activity":-0.0013,"lastBolusTime":0,"time":"2023-12-23T07:47:00.000Z"}},{"iob":0.044,"basaliob":0.044,"bolussnooze":0,"activity":6.0E-4,"lastBolusTime":0,"time":"2023-12-23T07:52:00.000Z","iobWithZeroTemp":{"iob":-0.268,"basaliob":-0.268,"bolussnooze":0,"activity":-0.0014,"lastBolusTime":0,"time":"2023-12-23T07:52:00.000Z"}},{"iob":0.041,"basaliob":0.041,"bolussnooze":0,"activity":6.0E-4,"lastBolusTime":0,"time":"2023-12-23T07:57:00.000Z","iobWithZeroTemp":{"iob":-0.286,"basaliob":-0.286,"bolussnooze":0,"activity":-0.0016,"lastBolusTime":0,"time":"2023-12-23T07:57:00.000Z"}},{"iob":0.038,"basaliob":0.038,"bolussnooze":0,"activity":5.0E-4,"lastBolusTime":0,"time":"2023-12-23T08:02:00.000Z","iobWithZeroTemp":{"iob":-0.302,"basaliob":-0.302,"bolussnooze":0,"activity":-0.0018,"lastBolusTime":0,"time":"2023-12-23T08:02:00.000Z"}},{"iob":0.035,"basaliob":0.035,"bolussnooze":0,"activity":5.0E-4,"lastBolusTime":0,"time":"2023-12-23T08:07:00.000Z","iobWithZeroTemp":{"iob":-0.318,"basaliob":-0.318,"bolussnooze":0,"activity":-0.002,"lastBolusTime":0,"time":"2023-12-23T08:07:00.000Z"}},{"iob":0.033,"basaliob":0.033,"bolussnooze":0,"activity":5.0E-4,"lastBolusTime":0,"time":"2023-12-23T08:12:00.000Z","iobWithZeroTemp":{"iob":-0.332,"basaliob":-0.332,"bolussnooze":0,"activity":-0.0021,"lastBolusTime":0,"time":"2023-12-23T08:12:00.000Z"}},{"iob":0.031,"basaliob":0.031,"bolussnooze":0,"activity":4.0E-4,"lastBolusTime":0,"time":"2023-12-23T08:17:00.000Z","iobWithZeroTemp":{"iob":-0.346,"basaliob":-0.346,"bolussnooze":0,"activity":-0.0024,"lastBolusTime":0,"time":"2023-12-23T08:17:00.000Z"}},{"iob":0.028,"basaliob":0.028,"bolussnooze":0,"activity":4.0E-4,"lastBolusTime":0,"time":"2023-12-23T08:22:00.000Z","iobWithZeroTemp":{"iob":-0.36,"basaliob":-0.36,"bolussnooze":0,"activity":-0.0025,"lastBolusTime":0,"time":"2023-12-23T08:22:00.000Z"}},{"iob":0.026,"basaliob":0.026,"bolussnooze":0,"activity":4.0E-4,"lastBolusTime":0,"time":"2023-12-23T08:27:00.000Z","iobWithZeroTemp":{"iob":-0.372,"basaliob":-0.372,"bolussnooze":0,"activity":-0.0026,"lastBolusTime":0,"time":"2023-12-23T08:27:00.000Z"}},{"iob":0.025,"basaliob":0.025,"bolussnooze":0,"activity":4.0E-4,"lastBolusTime":0,"time":"2023-12-23T08:32:00.000Z","iobWithZeroTemp":{"iob":-0.382,"basaliob":-0.382,"bolussnooze":0,"activity":-0.0028,"lastBolusTime":0,"time":"2023-12-23T08:32:00.000Z"}},{"iob":0.023,"basaliob":0.023,"bolussnooze":0,"activity":3.0E-4,"lastBolusTime":0,"time":"2023-12-23T08:37:00.000Z","iobWithZeroTemp":{"iob":-0.393,"basaliob":-0.393,"bolussnooze":0,"activity":-0.003,"lastBolusTime":0,"time":"2023-12-23T08:37:00.000Z"}},{"iob":0.021,"basaliob":0.021,"bolussnooze":0,"activity":3.0E-4,"lastBolusTime":0,"time":"2023-12-23T08:42:00.000Z","iobWithZeroTemp":{"iob":-0.403,"basaliob":-0.403,"bolussnooze":0,"activity":-0.0031,"lastBolusTime":0,"time":"2023-12-23T08:42:00.000Z"}},{"iob":0.02,"basaliob":0.02,"bolussnooze":0,"activity":3.0E-4,"lastBolusTime":0,"time":"2023-12-23T08:47:00.000Z","iobWithZeroTemp":{"iob":-0.412,"basaliob":-0.412,"bolussnooze":0,"activity":-0.0032,"lastBolusTime":0,"time":"2023-12-23T08:47:00.000Z"}},{"iob":0.018,"basaliob":0.018,"bolussnooze":0,"activity":3.0E-4,"lastBolusTime":0,"time":"2023-12-23T08:52:00.000Z","iobWithZeroTemp":{"iob":-0.421,"basaliob":-0.421,"bolussnooze":0,"activity":-0.0033,"lastBolusTime":0,"time":"2023-12-23T08:52:00.000Z"}},{"iob":0.017,"basaliob":0.017,"bolussnooze":0,"activity":3.0E-4,"lastBolusTime":0,"time":"2023-12-23T08:57:00.000Z","iobWithZeroTemp":{"iob":-0.429,"basaliob":-0.429,"bolussnooze":0,"activity":-0.0034,"lastBolusTime":0,"time":"2023-12-23T08:57:00.000Z"}},{"iob":0.015,"basaliob":0.015,"bolussnooze":0,"activity":2.0E-4,"lastBolusTime":0,"time":"2023-12-23T09:02:00.000Z","iobWithZeroTemp":{"iob":-0.438,"basaliob":-0.438,"bolussnooze":0,"activity":-0.0036,"lastBolusTime":0,"time":"2023-12-23T09:02:00.000Z"}},{"iob":0.014,"basaliob":0.014,"bolussnooze":0,"activity":2.0E-4,"lastBolusTime":0,"time":"2023-12-23T09:07:00.000Z","iobWithZeroTemp":{"iob":-0.444,"basaliob":-0.444,"bolussnooze":0,"activity":-0.0037,"lastBolusTime":0,"time":"2023-12-23T09:07:00.000Z"}},{"iob":0.013,"basaliob":0.013,"bolussnooze":0,"activity":2.0E-4,"lastBolusTime":0,"time":"2023-12-23T09:12:00.000Z","iobWithZeroTemp":{"iob":-0.451,"basaliob":-0.451,"bolussnooze":0,"activity":-0.0037,"lastBolusTime":0,"time":"2023-12-23T09:12:00.000Z"}},{"iob":0.012,"basaliob":0.012,"bolussnooze":0,"activity":2.0E-4,"lastBolusTime":0,"time":"2023-12-23T09:17:00.000Z","iobWithZeroTemp":{"iob":-0.457,"basaliob":-0.457,"bolussnooze":0,"activity":-0.0038,"lastBolusTime":0,"time":"2023-12-23T09:17:00.000Z"}},{"iob":0.011,"basaliob":0.011,"bolussnooze":0,"activity":2.0E-4,"lastBolusTime":0,"time":"2023-12-23T09:22:00.000Z","iobWithZeroTemp":{"iob":-0.463,"basaliob":-0.463,"bolussnooze":0,"activity":-0.0039,"lastBolusTime":0,"time":"2023-12-23T09:22:00.000Z"}},{"iob":0.01,"basaliob":0.01,"bolussnooze":0,"activity":2.0E-4,"lastBolusTime":0,"time":"2023-12-23T09:27:00.000Z","iobWithZeroTemp":{"iob":-0.468,"basaliob":-0.468,"bolussnooze":0,"activity":-0.004,"lastBolusTime":0,"time":"2023-12-23T09:27:00.000Z"}},{"iob":0.009,"basaliob":0.009,"bolussnooze":0,"activity":2.0E-4,"lastBolusTime":0,"time":"2023-12-23T09:32:00.000Z","iobWithZeroTemp":{"iob":-0.473,"basaliob":-0.473,"bolussnooze":0,"activity":-0.004,"lastBolusTime":0,"time":"2023-12-23T09:32:00.000Z"}},{"iob":0.009,"basaliob":0.009,"bolussnooze":0,"activity":1.0E-4,"lastBolusTime":0,"time":"2023-12-23T09:37:00.000Z","iobWithZeroTemp":{"iob":-0.477,"basaliob":-0.477,"bolussnooze":0,"activity":-0.0042,"lastBolusTime":0,"time":"2023-12-23T09:37:00.000Z"}},{"iob":0.008,"basaliob":0.008,"bolussnooze":0,"activity":1.0E-4,"lastBolusTime":0,"time":"2023-12-23T09:42:00.000Z","iobWithZeroTemp":{"iob":-0.482,"basaliob":-0.482,"bolussnooze":0,"activity":-0.0042,"lastBolusTime":0,"time":"2023-12-23T09:42:00.000Z"}},{"iob":0.007,"basaliob":0.007,"bolussnooze":0,"activity":1.0E-4,"lastBolusTime":0,"time":"2023-12-23T09:47:00.000Z","iobWithZeroTemp":{"iob":-0.486,"basaliob":-0.486,"bolussnooze":0,"activity":-0.0043,"lastBolusTime":0,"time":"2023-12-23T09:47:00.000Z"}},{"iob":0.007,"basaliob":0.007,"bolussnooze":0,"activity":1.0E-4,"lastBolusTime":0,"time":"2023-12-23T09:52:00.000Z","iobWithZeroTemp":{"iob":-0.489,"basaliob":-0.489,"bolussnooze":0,"activity":-0.0043,"lastBolusTime":0,"time":"2023-12-23T09:52:00.000Z"}},{"iob":0.006,"basaliob":0.006,"bolussnooze":0,"activity":1.0E-4,"lastBolusTime":0,"time":"2023-12-23T09:57:00.000Z","iobWithZeroTemp":{"iob":-0.493,"basaliob":-0.493,"bolussnooze":0,"activity":-0.0044,"lastBolusTime":0,"time":"2023-12-23T09:57:00.000Z"}},{"iob":0.006,"basaliob":0.006,"bolussnooze":0,"activity":1.0E-4,"lastBolusTime":0,"time":"2023-12-23T10:02:00.000Z","iobWithZeroTemp":{"iob":-0.495,"basaliob":-0.495,"bolussnooze":0,"activity":-0.0044,"lastBolusTime":0,"time":"2023-12-23T10:02:00.000Z"}},{"iob":0.005,"basaliob":0.005,"bolussnooze":0,"activity":1.0E-4,"lastBolusTime":0,"time":"2023-12-23T10:07:00.000Z","iobWithZeroTemp":{"iob":-0.498,"basaliob":-0.498,"bolussnooze":0,"activity":-0.0044,"lastBolusTime":0,"time":"2023-12-23T10:07:00.000Z"}},{"iob":0.005,"basaliob":0.005,"bolussnooze":0,"activity":1.0E-4,"lastBolusTime":0,"time":"2023-12-23T10:12:00.000Z","iobWithZeroTemp":{"iob":-0.501,"basaliob":-0.501,"bolussnooze":0,"activity":-0.0045,"lastBolusTime":0,"time":"2023-12-23T10:12:00.000Z"}},{"iob":0.004,"basaliob":0.004,"bolussnooze":0,"activity":1.0E-4,"lastBolusTime":0,"time":"2023-12-23T10:17:00.000Z","iobWithZeroTemp":{"iob":-0.504,"basaliob":-0.504,"bolussnooze":0,"activity":-0.0045,"lastBolusTime":0,"time":"2023-12-23T10:17:00.000Z"}},{"iob":0.004,"basaliob":0.004,"bolussnooze":0,"activity":1.0E-4,"lastBolusTime":0,"time":"2023-12-23T10:22:00.000Z","iobWithZeroTemp":{"iob":-0.506,"basaliob":-0.506,"bolussnooze":0,"activity":-0.0045,"lastBolusTime":0,"time":"2023-12-23T10:22:00.000Z"}},{"iob":0.004,"basaliob":0.004,"bolussnooze":0,"activity":1.0E-4,"lastBolusTime":0,"time":"2023-12-23T10:27:00.000Z","iobWithZeroTemp":{"iob":-0.507,"basaliob":-0.507,"bolussnooze":0,"activity":-0.0046,"lastBolusTime":0,"time":"2023-12-23T10:27:00.000Z"}},{"iob":0.003,"basaliob":0.003,"bolussnooze":0,"activity":1.0E-4,"lastBolusTime":0,"time":"2023-12-23T10:32:00.000Z","iobWithZeroTemp":{"iob":-0.51,"basaliob":-0.51,"bolussnooze":0,"activity":-0.0046,"lastBolusTime":0,"time":"2023-12-23T10:32:00.000Z"}},{"iob":0.003,"basaliob":0.003,"bolussnooze":0,"activity":1.0E-4,"lastBolusTime":0,"time":"2023-12-23T10:37:00.000Z","iobWithZeroTemp":{"iob":-0.511,"basaliob":-0.511,"bolussnooze":0,"activity":-0.0046,"lastBolusTime":0,"time":"2023-12-23T10:37:00.000Z"}},{"iob":0.003,"basaliob":0.003,"bolussnooze":0,"activity":1.0E-4,"lastBolusTime":0,"time":"2023-12-23T10:42:00.000Z","iobWithZeroTemp":{"iob":-0.488,"basaliob":-0.488,"bolussnooze":0,"activity":-0.0046,"lastBolusTime":0,"time":"2023-12-23T10:42:00.000Z"}},{"iob":0.002,"basaliob":0.002,"bolussnooze":0,"activity":0,"lastBolusTime":0,"time":"2023-12-23T10:47:00.000Z","iobWithZeroTemp":{"iob":-0.465,"basaliob":-0.465,"bolussnooze":0,"activity":-0.0047,"lastBolusTime":0,"time":"2023-12-23T10:47:00.000Z"}},{"iob":0.002,"basaliob":0.002,"bolussnooze":0,"activity":0,"lastBolusTime":0,"time":"2023-12-23T10:52:00.000Z","iobWithZeroTemp":{"iob":-0.442,"basaliob":-0.442,"bolussnooze":0,"activity":-0.0046,"lastBolusTime":0,"time":"2023-12-23T10:52:00.000Z"}},{"iob":0.002,"basaliob":0.002,"bolussnooze":0,"activity":0,"lastBolusTime":0,"time":"2023-12-23T10:57:00.000Z","iobWithZeroTemp":{"iob":-0.419,"basaliob":-0.419,"bolussnooze":0,"activity":-0.0045,"lastBolusTime":0,"time":"2023-12-23T10:57:00.000Z"}},{"iob":0.002,"basaliob":0.002,"bolussnooze":0,"activity":0,"lastBolusTime":0,"time":"2023-12-23T11:02:00.000Z","iobWithZeroTemp":{"iob":-0.396,"basaliob":-0.396,"bolussnooze":0,"activity":-0.0044,"lastBolusTime":0,"time":"2023-12-23T11:02:00.000Z"}},{"iob":0.002,"basaliob":0.002,"bolussnooze":0,"activity":0,"lastBolusTime":0,"time":"2023-12-23T11:07:00.000Z","iobWithZeroTemp":{"iob":-0.375,"basaliob":-0.375,"bolussnooze":0,"activity":-0.0043,"lastBolusTime":0,"time":"2023-12-23T11:07:00.000Z"}},{"iob":0.002,"basaliob":0.002,"bolussnooze":0,"activity":0,"lastBolusTime":0,"time":"2023-12-23T11:12:00.000Z","iobWithZeroTemp":{"iob":-0.353,"basaliob":-0.353,"bolussnooze":0,"activity":-0.0042,"lastBolusTime":0,"time":"2023-12-23T11:12:00.000Z"}},{"iob":0.001,"basaliob":0.001,"bolussnooze":0,"activity":0,"lastBolusTime":0,"time":"2023-12-23T11:17:00.000Z","iobWithZeroTemp":{"iob":-0.334,"basaliob":-0.334,"bolussnooze":0,"activity":-0.004,"lastBolusTime":0,"time":"2023-12-23T11:17:00.000Z"}},{"iob":0.001,"basaliob":0.001,"bolussnooze":0,"activity":0,"lastBolusTime":0,"time":"2023-12-23T11:22:00.000Z","iobWithZeroTemp":{"iob":-0.314,"basaliob":-0.314,"bolussnooze":0,"activity":-0.0039,"lastBolusTime":0,"time":"2023-12-23T11:22:00.000Z"}},{"iob":0.001,"basaliob":0.001,"bolussnooze":0,"activity":0,"lastBolusTime":0,"time":"2023-12-23T11:27:00.000Z","iobWithZeroTemp":{"iob":-0.295,"basaliob":-0.295,"bolussnooze":0,"activity":-0.0037,"lastBolusTime":0,"time":"2023-12-23T11:27:00.000Z"}},{"iob":0.001,"basaliob":0.001,"bolussnooze":0,"activity":0,"lastBolusTime":0,"time":"2023-12-23T11:32:00.000Z","iobWithZeroTemp":{"iob":-0.277,"basaliob":-0.277,"bolussnooze":0,"activity":-0.0035,"lastBolusTime":0,"time":"2023-12-23T11:32:00.000Z"}},{"iob":0.001,"basaliob":0.001,"bolussnooze":0,"activity":0,"lastBolusTime":0,"time":"2023-12-23T11:37:00.000Z","iobWithZeroTemp":{"iob":-0.26,"basaliob":-0.26,"bolussnooze":0,"activity":-0.0034,"lastBolusTime":0,"time":"2023-12-23T11:37:00.000Z"}},{"iob":0.001,"basaliob":0.001,"bolussnooze":0,"activity":0,"lastBolusTime":0,"time":"2023-12-23T11:42:00.000Z","iobWithZeroTemp":{"iob":-0.243,"basaliob":-0.243,"bolussnooze":0,"activity":-0.0032,"lastBolusTime":0,"time":"2023-12-23T11:42:00.000Z"}},{"iob":0.001,"basaliob":0.001,"bolussnooze":0,"activity":0,"lastBolusTime":0,"time":"2023-12-23T11:47:00.000Z","iobWithZeroTemp":{"iob":-0.228,"basaliob":-0.228,"bolussnooze":0,"activity":-0.0031,"lastBolusTime":0,"time":"2023-12-23T11:47:00.000Z"}},{"iob":0.001,"basaliob":0.001,"bolussnooze":0,"activity":0,"lastBolusTime":0,"time":"2023-12-23T11:52:00.000Z","iobWithZeroTemp":{"iob":-0.213,"basaliob":-0.213,"bolussnooze":0,"activity":-0.0029,"lastBolusTime":0,"time":"2023-12-23T11:52:00.000Z"}},{"iob":0.001,"basaliob":0.001,"bolussnooze":0,"activity":0,"lastBolusTime":0,"time":"2023-12-23T11:57:00.000Z","iobWithZeroTemp":{"iob":-0.199,"basaliob":-0.199,"bolussnooze":0,"activity":-0.0027,"lastBolusTime":0,"time":"2023-12-23T11:57:00.000Z"}},{"iob":0.001,"basaliob":0.001,"bolussnooze":0,"activity":0,"lastBolusTime":0,"time":"2023-12-23T12:02:00.000Z","iobWithZeroTemp":{"iob":-0.185,"basaliob":-0.185,"bolussnooze":0,"activity":-0.0026,"lastBolusTime":0,"time":"2023-12-23T12:02:00.000Z"}},{"iob":0,"basaliob":0,"bolussnooze":0,"activity":0,"lastBolusTime":0,"time":"2023-12-23T12:07:00.000Z","iobWithZeroTemp":{"iob":-0.174,"basaliob":-0.174,"bolussnooze":0,"activity":-0.0025,"lastBolusTime":0,"time":"2023-12-23T12:07:00.000Z"}},{"iob":0,"basaliob":0,"bolussnooze":0,"activity":0,"lastBolusTime":0,"time":"2023-12-23T12:12:00.000Z","iobWithZeroTemp":{"iob":-0.162,"basaliob":-0.162,"bolussnooze":0,"activity":-0.0023,"lastBolusTime":0,"time":"2023-12-23T12:12:00.000Z"}},{"iob":0,"basaliob":0,"bolussnooze":0,"activity":0,"lastBolusTime":0,"time":"2023-12-23T12:17:00.000Z","iobWithZeroTemp":{"iob":-0.15,"basaliob":-0.15,"bolussnooze":0,"activity":-0.0022,"lastBolusTime":0,"time":"2023-12-23T12:17:00.000Z"}},{"iob":0,"basaliob":0,"bolussnooze":0,"activity":0,"lastBolusTime":0,"time":"2023-12-23T12:22:00.000Z","iobWithZeroTemp":{"iob":-0.14,"basaliob":-0.14,"bolussnooze":0,"activity":-0.002,"lastBolusTime":0,"time":"2023-12-23T12:22:00.000Z"}},{"iob":0,"basaliob":0,"bolussnooze":0,"activity":0,"lastBolusTime":0,"time":"2023-12-23T12:27:00.000Z","iobWithZeroTemp":{"iob":-0.13,"basaliob":-0.13,"bolussnooze":0,"activity":-0.0019,"lastBolusTime":0,"time":"2023-12-23T12:27:00.000Z"}},{"iob":0,"basaliob":0,"bolussnooze":0,"activity":0,"lastBolusTime":0,"time":"2023-12-23T12:32:00.000Z","iobWithZeroTemp":{"iob":-0.121,"basaliob":-0.121,"bolussnooze":0,"activity":-0.0018,"lastBolusTime":0,"time":"2023-12-23T12:32:00.000Z"}},{"iob":0,"basaliob":0,"bolussnooze":0,"activity":0,"lastBolusTime":0,"time":"2023-12-23T12:37:00.000Z","iobWithZeroTemp":{"iob":-0.112,"basaliob":-0.112,"bolussnooze":0,"activity":-0.0017,"lastBolusTime":0,"time":"2023-12-23T12:37:00.000Z"}},{"iob":0,"basaliob":0,"bolussnooze":0,"activity":0,"lastBolusTime":0,"time":"2023-12-23T12:42:00.000Z","iobWithZeroTemp":{"iob":-0.104,"basaliob":-0.104,"bolussnooze":0,"activity":-0.0016,"lastBolusTime":0,"time":"2023-12-23T12:42:00.000Z"}},{"iob":0,"basaliob":0,"bolussnooze":0,"activity":0,"lastBolusTime":0,"time":"2023-12-23T12:47:00.000Z","iobWithZeroTemp":{"iob":-0.096,"basaliob":-0.096,"bolussnooze":0,"activity":-0.0015,"lastBolusTime":0,"time":"2023-12-23T12:47:00.000Z"}},{"iob":0,"basaliob":0,"bolussnooze":0,"activity":0,"lastBolusTime":0,"time":"2023-12-23T12:52:00.000Z","iobWithZeroTemp":{"iob":-0.089,"basaliob":-0.089,"bolussnooze":0,"activity":-0.0014,"lastBolusTime":0,"time":"2023-12-23T12:52:00.000Z"}},{"iob":0,"basaliob":0,"bolussnooze":0,"activity":0,"lastBolusTime":0,"time":"2023-12-23T12:57:00.000Z","iobWithZeroTemp":{"iob":-0.082,"basaliob":-0.082,"bolussnooze":0,"activity":-0.0013,"lastBolusTime":0,"time":"2023-12-23T12:57:00.000Z"}},{"iob":0,"basaliob":0,"bolussnooze":0,"activity":0,"lastBolusTime":0,"time":"2023-12-23T13:02:00.000Z","iobWithZeroTemp":{"iob":-0.076,"basaliob":-0.076,"bolussnooze":0,"activity":-0.0012,"lastBolusTime":0,"time":"2023-12-23T13:02:00.000Z"}},{"iob":0,"basaliob":0,"bolussnooze":0,"activity":0,"lastBolusTime":0,"time":"2023-12-23T13:07:00.000Z","iobWithZeroTemp":{"iob":-0.07,"basaliob":-0.07,"bolussnooze":0,"activity":-0.0011,"lastBolusTime":0,"time":"2023-12-23T13:07:00.000Z"}},{"iob":0,"basaliob":0,"bolussnooze":0,"activity":0,"lastBolusTime":0,"time":"2023-12-23T13:12:00.000Z","iobWithZeroTemp":{"iob":-0.065,"basaliob":-0.065,"bolussnooze":0,"activity":-0.001,"lastBolusTime":0,"time":"2023-12-23T13:12:00.000Z"}},{"iob":0,"basaliob":0,"bolussnooze":0,"activity":0,"lastBolusTime":0,"time":"2023-12-23T13:17:00.000Z","iobWithZeroTemp":{"iob":-0.06,"basaliob":-0.06,"bolussnooze":0,"activity":-0.001,"lastBolusTime":0,"time":"2023-12-23T13:17:00.000Z"}},{"iob":0,"basaliob":0,"bolussnooze":0,"activity":0,"lastBolusTime":0,"time":"2023-12-23T13:22:00.000Z","iobWithZeroTemp":{"iob":-0.055,"basaliob":-0.055,"bolussnooze":0,"activity":-9.0E-4,"lastBolusTime":0,"time":"2023-12-23T13:22:00.000Z"}},{"iob":0,"basaliob":0,"bolussnooze":0,"activity":0,"lastBolusTime":0,"time":"2023-12-23T13:27:00.000Z","iobWithZeroTemp":{"iob":-0.051,"basaliob":-0.051,"bolussnooze":0,"activity":-8.0E-4,"lastBolusTime":0,"time":"2023-12-23T13:27:00.000Z"}},{"iob":0,"basaliob":0,"bolussnooze":0,"activity":0,"lastBolusTime":0,"time":"2023-12-23T13:32:00.000Z","iobWithZeroTemp":{"iob":-0.047,"basaliob":-0.047,"bolussnooze":0,"activity":-8.0E-4,"lastBolusTime":0,"time":"2023-12-23T13:32:00.000Z"}},{"iob":0,"basaliob":0,"bolussnooze":0,"activity":0,"lastBolusTime":0,"time":"2023-12-23T13:37:00.000Z","iobWithZeroTemp":{"iob":-0.043,"basaliob":-0.043,"bolussnooze":0,"activity":-7.0E-4,"lastBolusTime":0,"time":"2023-12-23T13:37:00.000Z"}},{"iob":0,"basaliob":0,"bolussnooze":0,"activity":0,"lastBolusTime":0,"time":"2023-12-23T13:42:00.000Z","iobWithZeroTemp":{"iob":-0.039,"basaliob":-0.039,"bolussnooze":0,"activity":-7.0E-4,"lastBolusTime":0,"time":"2023-12-23T13:42:00.000Z"}},{"iob":0,"basaliob":0,"bolussnooze":0,"activity":0,"lastBolusTime":0,"time":"2023-12-23T13:47:00.000Z","iobWithZeroTemp":{"iob":-0.036,"basaliob":-0.036,"bolussnooze":0,"activity":-6.0E-4,"lastBolusTime":0,"time":"2023-12-23T13:47:00.000Z"}},{"iob":0,"basaliob":0,"bolussnooze":0,"activity":0,"lastBolusTime":0,"time":"2023-12-23T13:52:00.000Z","iobWithZeroTemp":{"iob":-0.033,"basaliob":-0.033,"bolussnooze":0,"activity":-6.0E-4,"lastBolusTime":0,"time":"2023-12-23T13:52:00.000Z"}},{"iob":0,"basaliob":0,"bolussnooze":0,"activity":0,"lastBolusTime":0,"time":"2023-12-23T13:57:00.000Z","iobWithZeroTemp":{"iob":-0.03,"basaliob":-0.03,"bolussnooze":0,"activity":-5.0E-4,"lastBolusTime":0,"time":"2023-12-23T13:57:00.000Z"}},{"iob":0,"basaliob":0,"bolussnooze":0,"activity":0,"lastBolusTime":0,"time":"2023-12-23T14:02:00.000Z","iobWithZeroTemp":{"iob":-0.028,"basaliob":-0.028,"bolussnooze":0,"activity":-5.0E-4,"lastBolusTime":0,"time":"2023-12-23T14:02:00.000Z"}},{"iob":0,"basaliob":0,"bolussnooze":0,"activity":0,"lastBolusTime":0,"time":"2023-12-23T14:07:00.000Z","iobWithZeroTemp":{"iob":-0.025,"basaliob":-0.025,"bolussnooze":0,"activity":-5.0E-4,"lastBolusTime":0,"time":"2023-12-23T14:07:00.000Z"}},{"iob":0,"basaliob":0,"bolussnooze":0,"activity":0,"lastBolusTime":0,"time":"2023-12-23T14:12:00.000Z","iobWithZeroTemp":{"iob":-0.023,"basaliob":-0.023,"bolussnooze":0,"activity":-4.0E-4,"lastBolusTime":0,"time":"2023-12-23T14:12:00.000Z"}},{"iob":0,"basaliob":0,"bolussnooze":0,"activity":0,"lastBolusTime":0,"time":"2023-12-23T14:17:00.000Z","iobWithZeroTemp":{"iob":-0.021,"basaliob":-0.021,"bolussnooze":0,"activity":-4.0E-4,"lastBolusTime":0,"time":"2023-12-23T14:17:00.000Z"}},{"iob":0,"basaliob":0,"bolussnooze":0,"activity":0,"lastBolusTime":0,"time":"2023-12-23T14:22:00.000Z","iobWithZeroTemp":{"iob":-0.019,"basaliob":-0.019,"bolussnooze":0,"activity":-4.0E-4,"lastBolusTime":0,"time":"2023-12-23T14:22:00.000Z"}},{"iob":0,"basaliob":0,"bolussnooze":0,"activity":0,"lastBolusTime":0,"time":"2023-12-23T14:27:00.000Z","iobWithZeroTemp":{"iob":-0.018,"basaliob":-0.018,"bolussnooze":0,"activity":-3.0E-4,"lastBolusTime":0,"time":"2023-12-23T14:27:00.000Z"}},{"iob":0,"basaliob":0,"bolussnooze":0,"activity":0,"lastBolusTime":0,"time":"2023-12-23T14:32:00.000Z","iobWithZeroTemp":{"iob":-0.016,"basaliob":-0.016,"bolussnooze":0,"activity":-3.0E-4,"lastBolusTime":0,"time":"2023-12-23T14:32:00.000Z"}},{"iob":0,"basaliob":0,"bolussnooze":0,"activity":0,"lastBolusTime":0,"time":"2023-12-23T14:37:00.000Z","iobWithZeroTemp":{"iob":-0.015,"basaliob":-0.015,"bolussnooze":0,"activity":-3.0E-4,"lastBolusTime":0,"time":"2023-12-23T14:37:00.000Z"}},{"iob":0,"basaliob":0,"bolussnooze":0,"activity":0,"lastBolusTime":0,"time":"2023-12-23T14:42:00.000Z","iobWithZeroTemp":{"iob":-0.013,"basaliob":-0.013,"bolussnooze":0,"activity":-3.0E-4,"lastBolusTime":0,"time":"2023-12-23T14:42:00.000Z"}},{"iob":0,"basaliob":0,"bolussnooze":0,"activity":0,"lastBolusTime":0,"time":"2023-12-23T14:47:00.000Z","iobWithZeroTemp":{"iob":-0.012,"basaliob":-0.012,"bolussnooze":0,"activity":-2.0E-4,"lastBolusTime":0,"time":"2023-12-23T14:47:00.000Z"}},{"iob":0,"basaliob":0,"bolussnooze":0,"activity":0,"lastBolusTime":0,"time":"2023-12-23T14:52:00.000Z","iobWithZeroTemp":{"iob":-0.011,"basaliob":-0.011,"bolussnooze":0,"activity":-2.0E-4,"lastBolusTime":0,"time":"2023-12-23T14:52:00.000Z"}},{"iob":0,"basaliob":0,"bolussnooze":0,"activity":0,"lastBolusTime":0,"time":"2023-12-23T14:57:00.000Z","iobWithZeroTemp":{"iob":-0.01,"basaliob":-0.01,"bolussnooze":0,"activity":-2.0E-4,"lastBolusTime":0,"time":"2023-12-23T14:57:00.000Z"}},{"iob":0,"basaliob":0,"bolussnooze":0,"activity":0,"lastBolusTime":0,"time":"2023-12-23T15:02:00.000Z","iobWithZeroTemp":{"iob":-0.009,"basaliob":-0.009,"bolussnooze":0,"activity":-2.0E-4,"lastBolusTime":0,"time":"2023-12-23T15:02:00.000Z"}},{"iob":0,"basaliob":0,"bolussnooze":0,"activity":0,"lastBolusTime":0,"time":"2023-12-23T15:07:00.000Z","iobWithZeroTemp":{"iob":-0.008,"basaliob":-0.008,"bolussnooze":0,"activity":-2.0E-4,"lastBolusTime":0,"time":"2023-12-23T15:07:00.000Z"}},{"iob":0,"basaliob":0,"bolussnooze":0,"activity":0,"lastBolusTime":0,"time":"2023-12-23T15:12:00.000Z","iobWithZeroTemp":{"iob":-0.007,"basaliob":-0.007,"bolussnooze":0,"activity":-1.0E-4,"lastBolusTime":0,"time":"2023-12-23T15:12:00.000Z"}},{"iob":0,"basaliob":0,"bolussnooze":0,"activity":0,"lastBolusTime":0,"time":"2023-12-23T15:17:00.000Z","iobWithZeroTemp":{"iob":-0.007,"basaliob":-0.007,"bolussnooze":0,"activity":-1.0E-4,"lastBolusTime":0,"time":"2023-12-23T15:17:00.000Z"}},{"iob":0,"basaliob":0,"bolussnooze":0,"activity":0,"lastBolusTime":0,"time":"2023-12-23T15:22:00.000Z","iobWithZeroTemp":{"iob":-0.006,"basaliob":-0.006,"bolussnooze":0,"activity":-1.0E-4,"lastBolusTime":0,"time":"2023-12-23T15:22:00.000Z"}},{"iob":0,"basaliob":0,"bolussnooze":0,"activity":0,"lastBolusTime":0,"time":"2023-12-23T15:27:00.000Z","iobWithZeroTemp":{"iob":-0.006,"basaliob":-0.006,"bolussnooze":0,"activity":-1.0E-4,"lastBolusTime":0,"time":"2023-12-23T15:27:00.000Z"}},{"iob":0,"basaliob":0,"bolussnooze":0,"activity":0,"lastBolusTime":0,"time":"2023-12-23T15:32:00.000Z","iobWithZeroTemp":{"iob":-0.005,"basaliob":-0.005,"bolussnooze":0,"activity":-1.0E-4,"lastBolusTime":0,"time":"2023-12-23T15:32:00.000Z"}},{"iob":0,"basaliob":0,"bolussnooze":0,"activity":0,"lastBolusTime":0,"time":"2023-12-23T15:37:00.000Z","iobWithZeroTemp":{"iob":-0.004,"basaliob":-0.004,"bolussnooze":0,"activity":-1.0E-4,"lastBolusTime":0,"time":"2023-12-23T15:37:00.000Z"}},{"iob":0,"basaliob":0,"bolussnooze":0,"activity":0,"lastBolusTime":0,"time":"2023-12-23T15:42:00.000Z","iobWithZeroTemp":{"iob":-0.004,"basaliob":-0.004,"bolussnooze":0,"activity":-1.0E-4,"lastBolusTime":0,"time":"2023-12-23T15:42:00.000Z"}},{"iob":0,"basaliob":0,"bolussnooze":0,"activity":0,"lastBolusTime":0,"time":"2023-12-23T15:47:00.000Z","iobWithZeroTemp":{"iob":-0.004,"basaliob":-0.004,"bolussnooze":0,"activity":-1.0E-4,"lastBolusTime":0,"time":"2023-12-23T15:47:00.000Z"}},{"iob":0,"basaliob":0,"bolussnooze":0,"activity":0,"lastBolusTime":0,"time":"2023-12-23T15:52:00.000Z","iobWithZeroTemp":{"iob":-0.003,"basaliob":-0.003,"bolussnooze":0,"activity":-1.0E-4,"lastBolusTime":0,"time":"2023-12-23T15:52:00.000Z"}},{"iob":0,"basaliob":0,"bolussnooze":0,"activity":0,"lastBolusTime":0,"time":"2023-12-23T15:57:00.000Z","iobWithZeroTemp":{"iob":-0.003,"basaliob":-0.003,"bolussnooze":0,"activity":-1.0E-4,"lastBolusTime":0,"time":"2023-12-23T15:57:00.000Z"}},{"iob":0,"basaliob":0,"bolussnooze":0,"activity":0,"lastBolusTime":0,"time":"2023-12-23T16:02:00.000Z","iobWithZeroTemp":{"iob":-0.003,"basaliob":-0.003,"bolussnooze":0,"activity":-1.0E-4,"lastBolusTime":0,"time":"2023-12-23T16:02:00.000Z"}}],"profile":{"max_iob":1.5,"dia":3,"type":"current","max_daily_basal":0.5,"max_basal":1.2,"min_bg":100.8,"max_bg":100.8,"target_bg":100.8,"carb_ratio":25,"sens":126,"max_daily_safety_multiplier":3,"current_basal_safety_multiplier":4,"skip_neutral_temps":true,"current_basal":0.3,"temptargetSet":false,"autosens_adjust_targets":true,"min_5m_carbimpact":5.5,"out_units":"mmol\/L"},"autosens_data":{"ratio":1},"meal_data":{"carbs":0,"mealCOB":0}},"output":{"temp":"absolute","bg":101,"tick":-10,"eventualBG":36,"snoozeBG":36,"predBGs":{"IOB":[101,92,84,77,70,64,59,55,51,48,46,45,45,44,44,43,43,43,42,42,42,42,41,41,41,41,40,40,40,40,40,40,39]},"COB":0,"IOB":0.106,"reason":"COB: 0, Dev: -52, BGI: -0.63, ISF: 7.0, Target: 5.6; Eventual BG 2.0 < 5.6, setting -1.76U\/hr","duration":30,"rate":0,"timestamp":"2023-12-23T06:36:05.881Z"}}