{"algorithm":"OpenAPSSMBDynamicISFPlugin","input":{"glucoseStatus":{"glucose":80,"noise":0,"delta":-4.22,"short_avgdelta":-4.22,"long_avgdelta":-2.09,"date":1703524358000},"currenttemp":{"temp":"absolute","duration":5,"rate":0,"minutesrunning":25},"iob_data":[{"iob":-0.031,"basaliob":-0.142,"bolussnooze":0,"activity":9.0E-4,"lastBolusTime":1703520185271,"time":"2023-12-25T17:12:59.093Z","iobWithZeroTemp":{"iob":-0.031,"basaliob":-0.142,"bolussnooze":0,"activity":9.0E-4,"lastBolusTime":1703520185271,"time":"2023-12-25T17:12:59.093Z"}},{"iob":-0.035,"basaliob":-0.134,"bolussnooze":0,"activity":7.0E-4,"lastBolusTime":1703520185271,"time":"2023-12-25T17:17:59.093Z","iobWithZeroTemp":{"iob":-0.044,"basaliob":-0.143,"bolussnooze":0,"activity":7.0E-4,"lastBolusTime":1703520185271,"time":"2023-12-25T17:17:59.093Z"}},{"iob":-0.036,"basaliob":-0.125,"bolussnooze":0,"activity":4.0E-4,"lastBolusTime":1703520185271,"time":"2023-12-25T17:22:59.093Z","iobWithZeroTemp":{"iob":-0.055,"basaliob":-0.144,"bolussnooze":0,"activity":4.0E-4,"lastBolusTime":1703520185271,"time":"2023-12-25T17:22:59.093Z"}},{"iob":-0.039,"basaliob":-0.118,"bolussnooze":0,"activity":2.0E-4,"lastBolusTime":1703520185271,"time":"2023-12-25T17:27:59.093Z","iobWithZeroTemp":{"iob":-0.069,"basaliob":-0.148,"bolussnooze":0,"activity":1.0E-4,"lastBolusTime":1703520185271,"time":"2023-12-25T17:27:59.093Z"}},{"iob":-0.04,"basaliob":-0.11,"bolussnooze":0,"activity":2.0E-4,"lastBolusTime":1703520185271,"time":"2023-12-25T17:32:59.093Z","iobWithZeroTemp":{"iob":-0.08,"basaliob":-0.15,"bolussnooze":0,"activity":0,"lastBolusTime":1703520185271,"time":"2023-12-25T17:32:59.093Z"}},{"iob":-0.04,"basaliob":-0.102,"bolussnooze":0,"activity":0,"lastBolusTime":1703520185271,"time":"2023-12-25T17:37:59.093Z","iobWithZeroTemp":{"iob":-0.09,"basaliob":-0.152,"bolussnooze":0,"activity":-2.0E-4,"lastBolusTime":1703520185271,"time":"2023-12-25T17:37:59.093Z"}},{"iob":-0.04,"basaliob":-0.095,"bolussnooze":0,"activity":-1.0E-4,"lastBolusTime":1703520185271,"time":"2023-12-25T17:42:59.093Z","iobWithZeroTemp":{"iob":-0.1,"basaliob":-0.155,"bolussnooze":0,"activity":-4.0E-4,"lastBolusTime":1703520185271,"time":"2023-12-25T17:42:59.093Z"}},{"iob":-0.039,"basaliob":-0.088,"bolussnooze":0,"activity":-2.0E-4,"lastBolusTime":1703520185271,"time":"2023-12-25T17:47:59.093Z","iobWithZeroTemp":{"iob":-0.108,"basaliob":-0.157,"bolussnooze":0,"activity":-6.0E-4,"lastBolusTime":1703520185271,"time":"2023-12-25T17:47:59.093Z"}},{"iob":-0.038,"basaliob":-0.081,"bolussnooze":0,"activity":-2.0E-4,"lastBolusTime":1703520185271,"time":"2023-12-25T17:52:59.093Z","iobWithZeroTemp":{"iob":-0.115,"basaliob":-0.158,"bolussnooze":0,"activity":-7.0E-4,"lastBolusTime":1703520185271,"time":"2023-12-25T17:52:59.093Z"}},{"iob":-0.037,"basaliob":-0.075,"bolussnooze":0,"activity":-2.0E-4,"lastBolusTime":1703520185271,"time":"2023-12-25T17:57:59.093Z","iobWithZeroTemp":{"iob":-0.122,"basaliob":-0.16,"bolussnooze":0,"activity":-8.0E-4,"lastBolusTime":1703520185271,"time":"2023-12-25T17:57:59.093Z"}},{"iob":-0.035,"basaliob":-0.069,"bolussnooze":0,"activity":-2.0E-4,"lastBolusTime":1703520185271,"time":"2023-12-25T18:02:59.093Z","iobWithZeroTemp":{"iob":-0.128,"basaliob":-0.162,"bolussnooze":0,"activity":-9.0E-4,"lastBolusTime":1703520185271,"time":"2023-12-25T18:02:59.093Z"}},{"iob":-0.035,"basaliob":-0.064,"bolussnooze":0,"activity":-3.0E-4,"lastBolusTime":1703520185271,"time":"2023-12-25T18:07:59.093Z","iobWithZeroTemp":{"iob":-0.135,"basaliob":-0.164,"bolussnooze":0,"activity":-0.0011,"lastBolusTime":1703520185271,"time":"2023-12-25T18:07:59.093Z"}},{"iob":-0.032,"basaliob":-0.058,"bolussnooze":0,"activity":-3.0E-4,"lastBolusTime":1703520185271,"time":"2023-12-25T18:12:59.093Z","iobWithZeroTemp":{"iob":-0.139,"basaliob":-0.165,"bolussnooze":0,"activity":-0.0012,"lastBolusTime":1703520185271,"time":"2023-12-25T18:12:59.093Z"}},{"iob":-0.031,"basaliob":-0.054,"bolussnooze":0,"activity":-3.0E-4,"lastBolusTime":1703520185271,"time":"2023-12-25T18:17:59.093Z","iobWithZeroTemp":{"iob":-0.145,"basaliob":-0.168,"bolussnooze":0,"activity":-0.0012,"lastBolusTime":1703520185271,"time":"2023-12-25T18:17:59.093Z"}},{"iob":-0.029,"basaliob":-0.049,"bolussnooze":0,"activity":-4.0E-4,"lastBolusTime":1703520185271,"time":"2023-12-25T18:22:59.093Z","iobWithZeroTemp":{"iob":-0.148,"basaliob":-0.168,"bolussnooze":0,"activity":-0.0014,"lastBolusTime":1703520185271,"time":"2023-12-25T18:22:59.093Z"}},{"iob":-0.028,"basaliob":-0.045,"bolussnooze":0,"activity":-3.0E-4,"lastBolusTime":1703520185271,"time":"2023-12-25T18:27:59.093Z","iobWithZeroTemp":{"iob":-0.153,"basaliob":-0.17,"bolussnooze":0,"activity":-0.0014,"lastBolusTime":1703520185271,"time":"2023-12-25T18:27:59.093Z"}},{"iob":-0.026,"basaliob":-0.041,"bolussnooze":0,"activity":-4.0E-4,"lastBolusTime":1703520185271,"time":"2023-12-25T18:32:59.093Z","iobWithZeroTemp":{"iob":-0.156,"basaliob":-0.171,"bolussnooze":0,"activity":-0.0016,"lastBolusTime":1703520185271,"time":"2023-12-25T18:32:59.093Z"}},{"iob":-0.024,"basaliob":-0.037,"bolussnooze":0,"activity":-3.0E-4,"lastBolusTime":1703520185271,"time":"2023-12-25T18:37:59.093Z","iobWithZeroTemp":{"iob":-0.159,"basaliob":-0.172,"bolussnooze":0,"activity":-0.0016,"lastBolusTime":1703520185271,"time":"2023-12-25T18:37:59.093Z"}},{"iob":-0.023,"basaliob":-0.034,"bolussnooze":0,"activity":-3.0E-4,"lastBolusTime":1703520185271,"time":"2023-12-25T18:42:59.093Z","iobWithZeroTemp":{"iob":-0.162,"basaliob":-0.173,"bolussnooze":0,"activity":-0.0016,"lastBolusTime":1703520185271,"time":"2023-12-25T18:42:59.093Z"}},{"iob":-0.021,"basaliob":-0.031,"bolussnooze":0,"activity":-3.0E-4,"lastBolusTime":1703520185271,"time":"2023-12-25T18:47:59.093Z","iobWithZeroTemp":{"iob":-0.164,"basaliob":-0.174,"bolussnooze":0,"activity":-0.0017,"lastBolusTime":1703520185271,"time":"2023-12-25T18:47:59.093Z"}},{"iob":-0.02,"basaliob":-0.028,"bolussnooze":0,"activity":-3.0E-4,"lastBolusTime":1703520185271,"time":"2023-12-25T18:52:59.093Z","iobWithZeroTemp":{"iob":-0.167,"basaliob":-0.175,"bolussnooze":0,"activity":-0.0018,"lastBolusTime":1703520185271,"time":"2023-12-25T18:52:59.093Z"}},{"iob":-0.018,"basaliob":-0.025,"bolussnooze":0,"activity":-3.0E-4,"lastBolusTime":1703520185271,"time":"2023-12-25T18:57:59.093Z","iobWithZeroTemp":{"iob":-0.168,"basaliob":-0.175,"bolussnooze":0,"activity":-0.0018,"lastBolusTime":1703520185271,"time":"2023-12-25T18:57:59.093Z"}},{"iob":-0.017,"basaliob":-0.023,"bolussnooze":0,"activity":-3.0E-4,"lastBolusTime":1703520185271,"time":"2023-12-25T19:02:59.093Z","iobWithZeroTemp":{"iob":-0.184,"basaliob":-0.19,"bolussnooze":0,"activity":-0.0019,"lastBolusTime":1703520185271,"time":"2023-12-25T19:02:59.093Z"}},{"iob":-0.016,"basaliob":-0.021,"bolussnooze":0,"activity":-2.0E-4,"lastBolusTime":1703520185271,"time":"2023-12-25T19:07:59.093Z","iobWithZeroTemp":{"iob":-0.2,"basaliob":-0.205,"bolussnooze":0,"activity":-0.0019,"lastBolusTime":1703520185271,"time":"2023-12-25T19:07:59.093Z"}},{"iob":-0.014,"basaliob":-0.018,"bolussnooze":0,"activity":-3.0E-4,"lastBolusTime":1703520185271,"time":"2023-12-25T19:12:59.093Z","iobWithZeroTemp":{"iob":-0.213,"basaliob":-0.217,"bolussnooze":0,"activity":-0.0021,"lastBolusTime":1703520185271,"time":"2023-12-25T19:12:59.093Z"}},{"iob":-0.013,"basaliob":-0.017,"bolussnooze":0,"activity":-3.0E-4,"lastBolusTime":1703520185271,"time":"2023-12-25T19:17:59.093Z","iobWithZeroTemp":{"iob":-0.228,"basaliob":-0.232,"bolussnooze":0,"activity":-0.0022,"lastBolusTime":1703520185271,"time":"2023-12-25T19:17:59.093Z"}},{"iob":-0.012,"basaliob":-0.015,"bolussnooze":0,"activity":-2.0E-4,"lastBolusTime":1703520185271,"time":"2023-12-25T19:22:59.093Z","iobWithZeroTemp":{"iob":-0.241,"basaliob":-0.244,"bolussnooze":0,"activity":-0.0023,"lastBolusTime":1703520185271,"time":"2023-12-25T19:22:59.093Z"}},{"iob":-0.01,"basaliob":-0.013,"bolussnooze":0,"activity":-2.0E-4,"lastBolusTime":1703520185271,"time":"2023-12-25T19:27:59.093Z","iobWithZeroTemp":{"iob":-0.253,"basaliob":-0.256,"bolussnooze":0,"activity":-0.0024,"lastBolusTime":1703520185271,"time":"2023-12-25T19:27:59.093Z"}},{"iob":-0.01,"basaliob":-0.012,"bolussnooze":0,"activity":-2.0E-4,"lastBolusTime":1703520185271,"time":"2023-12-25T19:32:59.093Z","iobWithZeroTemp":{"iob":-0.267,"basaliob":-0.269,"bolussnooze":0,"activity":-0.0025,"lastBolusTime":1703520185271,"time":"2023-12-25T19:32:59.093Z"}},{"iob":-0.009,"basaliob":-0.011,"bolussnooze":0,"activity":-1.0E-4,"lastBolusTime":1703520185271,"time":"2023-12-25T19:37:59.093Z","iobWithZeroTemp":{"iob":-0.278,"basaliob":-0.28,"bolussnooze":0,"activity":-0.0026,"lastBolusTime":1703520185271,"time":"2023-12-25T19:37:59.093Z"}},{"iob":-0.009,"basaliob":-0.01,"bolussnooze":0,"activity":-1.0E-4,"lastBolusTime":1703520185271,"time":"2023-12-25T19:42:59.093Z","iobWithZeroTemp":{"iob":-0.29,"basaliob":-0.291,"bolussnooze":0,"activity":-0.0027,"lastBolusTime":1703520185271,"time":"2023-12-25T19:42:59.093Z"}},{"iob":-0.008,"basaliob":-0.009,"bolussnooze":0,"activity":-2.0E-4,"lastBolusTime":1703520185271,"time":"2023-12-25T19:47:59.093Z","iobWithZeroTemp":{"iob":-0.3,"basaliob":-0.301,"bolussnooze":0,"activity":-0.003,"lastBolusTime":1703520185271,"time":"2023-12-25T19:47:59.093Z"}},{"iob":-0.007,"basaliob":-0.008,"bolussnooze":0,"activity":-2.0E-4,"lastBolusTime":1703520185271,"time":"2023-12-25T19:52:59.093Z","iobWithZeroTemp":{"iob":-0.309,"basaliob":-0.31,"bolussnooze":0,"activity":-0.0031,"lastBolusTime":1703520185271,"time":"2023-12-25T19:52:59.093Z"}},{"iob":-0.006,"basaliob":-0.007,"bolussnooze":0,"activity":-2.0E-4,"lastBolusTime":1703520185271,"time":"2023-12-25T19:57:59.093Z","iobWithZeroTemp":{"iob":-0.318,"basaliob":-0.319,"bolussnooze":0,"activity":-0.0033,"lastBolusTime":1703520185271,"time":"2023-12-25T19:57:59.093Z"}},{"iob":-0.005,"basaliob":-0.006,"bolussnooze":0,"activity":-1.0E-4,"lastBolusTime":1703520185271,"time":"2023-12-25T20:02:59.093Z","iobWithZeroTemp":{"iob":-0.33,"basaliob":-0.331,"bolussnooze":0,"activity":-0.0033,"lastBolusTime":1703520185271,"time":"2023-12-25T20:02:59.093Z"}},{"iob":-0.004,"basaliob":-0.005,"bolussnooze":0,"activity":-1.0E-4,"lastBolusTime":1703520185271,"time":"2023-12-25T20:07:59.093Z","iobWithZeroTemp":{"iob":-0.341,"basaliob":-0.342,"bolussnooze":0,"activity":-0.0034,"lastBolusTime":1703520185271,"time":"2023-12-25T20:07:59.093Z"}},{"iob":-0.004,"basaliob":-0.005,"bolussnooze":0,"activity":-1.0E-4,"lastBolusTime":1703520185271,"time":"2023-12-25T20:12:59.093Z","iobWithZeroTemp":{"iob":-0.352,"basaliob":-0.353,"bolussnooze":0,"activity":-0.0036,"lastBolusTime":1703520185271,"time":"2023-12-25T20:12:59.093Z"}},{"iob":-0.004,"basaliob":-0.004,"bolussnooze":0,"activity":-1.0E-4,"lastBolusTime":1703520185271,"time":"2023-12-25T20:17:59.093Z","iobWithZeroTemp":{"iob":-0.363,"basaliob":-0.363,"bolussnooze":0,"activity":-0.0037,"lastBolusTime":1703520185271,"time":"2023-12-25T20:17:59.093Z"}},{"iob":-0.004,"basaliob":-0.004,"bolussnooze":0,"activity":-1.0E-4,"lastBolusTime":1703520185271,"time":"2023-12-25T20:22:59.093Z","iobWithZeroTemp":{"iob":-0.373,"basaliob":-0.373,"bolussnooze":0,"activity":-0.0039,"lastBolusTime":1703520185271,"time":"2023-12-25T20:22:59.093Z"}},{"iob":-0.003,"basaliob":-0.003,"bolussnooze":0,"activity":-1.0E-4,"lastBolusTime":1703520185271,"time":"2023-12-25T20:27:59.093Z","iobWithZeroTemp":{"iob":-0.381,"basaliob":-0.381,"bolussnooze":0,"activity":-0.004,"lastBolusTime":1703520185271,"time":"2023-12-25T20:27:59.093Z"}},{"iob":-0.003,"basaliob":-0.003,"bolussnooze":0,"activity":-1.0E-4,"lastBolusTime":1703520185271,"time":"2023-12-25T20:32:59.093Z","iobWithZeroTemp":{"iob":-0.39,"basaliob":-0.39,"bolussnooze":0,"activity":-0.0041,"lastBolusTime":1703520185271,"time":"2023-12-25T20:32:59.093Z"}},{"iob":-0.002,"basaliob":-0.002,"bolussnooze":0,"activity":-1.0E-4,"lastBolusTime":1703520185271,"time":"2023-12-25T20:37:59.093Z","iobWithZeroTemp":{"iob":-0.397,"basaliob":-0.397,"bolussnooze":0,"activity":-0.0042,"lastBolusTime":1703520185271,"time":"2023-12-25T20:37:59.093Z"}},{"iob":-0.002,"basaliob":-0.002,"bolussnooze":0,"activity":-1.0E-4,"lastBolusTime":1703520185271,"time":"2023-12-25T20:42:59.093Z","iobWithZeroTemp":{"iob":-0.404,"basaliob":-0.404,"bolussnooze":0,"activity":-0.0043,"lastBolusTime":1703520185271,"time":"2023-12-25T20:42:59.093Z"}},{"iob":-0.002,"basaliob":-0.002,"bolussnooze":0,"activity":-1.0E-4,"lastBolusTime":1703520185271,"time":"2023-12-25T20:47:59.093Z","iobWithZeroTemp":{"iob":-0.411,"basaliob":-0.411,"bolussnooze":0,"activity":-0.0045,"lastBolusTime":1703520185271,"time":"2023-12-25T20:47:59.093Z"}},{"iob":-0.002,"basaliob":-0.002,"bolussnooze":0,"activity":0,"lastBolusTime":1703520185271,"time":"2023-12-25T20:52:59.093Z","iobWithZeroTemp":{"iob":-0.417,"basaliob":-0.417,"bolussnooze":0,"activity":-0.0045,"lastBolusTime":1703520185271,"time":"2023-12-25T20:52:59.093Z"}},{"iob":-0.001,"basaliob":-0.001,"bolussnooze":0,"activity":0,"lastBolusTime":1703520185271,"time":"2023-12-25T20:57:59.093Z","iobWithZeroTemp":{"iob":-0.422,"basaliob":-0.422,"bolussnooze":0,"activity":-0.0046,"lastBolusTime":1703520185271,"time":"2023-12-25T20:57:59.093Z"}},{"iob":-0.001,"basaliob":-0.001,"bolussnooze":0,"activity":0,"lastBolusTime":1703520185271,"time":"2023-12-25T21:02:59.093Z","iobWithZeroTemp":{"iob":-0.424,"basaliob":-0.424,"bolussnooze":0,"activity":-0.0046,"lastBolusTime":1703520185271,"time":"2023-12-25T21:02:59.093Z"}},{"iob":-0.001,"basaliob":-0.001,"bolussnooze":0,"activity":0,"lastBolusTime":1703520185271,"time":"2023-12-25T21:07:59.093Z","iobWithZeroTemp":{"iob":-0.425,"basaliob":-0.425,"bolussnooze":0,"activity":-0.0047,"lastBolusTime":1703520185271,"time":"2023-12-25T21:07:59.093Z"}}],"profile":{"max_iob":10,"type":"current","max_daily_basal":0.41,"max_basal":0.5,"min_bg":90,"max_bg":90,"target_bg":90,"carb_ratio":7.639,"sens":140.517,"max_daily_safety_multiplier":3,"current_basal_safety_multiplier":4,"lgsThreshold":95,"high_temptarget_raises_sensitivity":true,"low_temptarget_lowers_sensitivity":true,"sensitivity_raises_target":true,"resistance_lowers_target":true,"adv_target_adjustments":false,"exercise_mode":false,"half_basal_exercise_target":160,"maxCOB":120,"skip_neutral_temps":false,"remainingCarbsCap":90,"enableUAM":true,"A52_risk_enable":false,"SMBInterval":3,"enableSMB_with_COB":true,"enableSMB_with_temptarget":true,"allowSMB_with_high_temptarget":false,"enableSMB_always":false,"enableSMB_after_carbs":true,"maxSMBBasalMinutes":30,"maxUAMSMBBasalMinutes":40,"bolus_increment":0.05,"carbsReqThreshold":4,"current_basal":0.15,"temptargetSet":false,"autosens_max":1.3,"autosens_min":0.7,"variable_sens":186.1,"insulinDivisor":75,"TDD":13.322586511904762},"autosens_data":{"ratio":0.9856968877923832},"meal_data":{"carbs":0,"mealCOB":0,"slopeFromMaxDeviation":-0.8914,"slopeFromMinDeviation":0.08355555555555558,"lastBolusTime":1703520185271,"lastCarbTime":0},"microBolusAllowed":true,"currentTime":1703524379777,"flatBGsDetected":false,"tdd1D":15.581666666666663,"tdd7D":15.151547619047617,"tddLast24H":14.93483333333333,"tddLast4H":1.9675000000000002,"tddLast8to4H":4.466666666666667},"output":{"temp":"absolute","bg":80,"tick":-4,"eventualBG":79,"targetBG":90,"insulinReq":0,"deliverAt":"2023-12-25T17:12:59.777Z","sensitivityRatio":0.9856968877923832,"variable_sens":186.1,"predBGs":{"IOB":[80,76,73,70,67,65,63,62,61,60,60,60,60,61,61,61,62,62,63,63,63,64,64,64,64,65,65,65,66,66,66,66,66,66,67,67,67,67,67,67,67,67,67,68],"ZT":[80,79,79,78,78,78,78,79,79,80,81,81,82,84,85,86,87,88,90]},"reason":"COB: 0, Dev: -7, BGI: -1, ISF: 186, CR: 7.64, Target: 90, minPredBG 69, minGuardBG 60, IOBpredBG 68; minGuardBG 60<95","COB":0,"IOB":-0.031,"duration":60,"rate":0,"timestamp":"2023-12-25T17:12:59.787Z"}}