{"algorithm":"OpenAPSSMBDynamicISFPlugin","input":{"glucoseStatus":{"glucose":96,"noise":0,"delta":0,"short_avgdelta":0,"long_avgdelta":-0.81,"date":1703661160000},"currenttemp":{"temp":"absolute","duration":25,"rate":0.6,"minutesrunning":5},"iob_data":[{"iob":-0.034,"basaliob":-0.034,"bolussnooze":0,"activity":3.0E-4,"lastBolusTime":0,"time":"2023-12-27T07:13:07.070Z","iobWithZeroTemp":{"iob":-0.034,"basaliob":-0.034,"bolussnooze":0,"activity":3.0E-4,"lastBolusTime":0,"time":"2023-12-27T07:13:07.070Z"}},{"iob":-0.035,"basaliob":-0.035,"bolussnooze":0,"activity":2.0E-4,"lastBolusTime":0,"time":"2023-12-27T07:18:07.070Z","iobWithZeroTemp":{"iob":-0.055,"basaliob":-0.055,"bolussnooze":0,"activity":2.0E-4,"lastBolusTime":0,"time":"2023-12-27T07:18:07.070Z"}},{"iob":-0.036,"basaliob":-0.036,"bolussnooze":0,"activity":1.0E-4,"lastBolusTime":0,"time":"2023-12-27T07:23:07.070Z","iobWithZeroTemp":{"iob":-0.081,"basaliob":-0.081,"bolussnooze":0,"activity":0,"lastBolusTime":0,"time":"2023-12-27T07:23:07.070Z"}},{"iob":-0.036,"basaliob":-0.036,"bolussnooze":0,"activity":0,"lastBolusTime":0,"time":"2023-12-27T07:28:07.070Z","iobWithZeroTemp":{"iob":-0.105,"basaliob":-0.105,"bolussnooze":0,"activity":-2.0E-4,"lastBolusTime":0,"time":"2023-12-27T07:28:07.070Z"}},{"iob":-0.036,"basaliob":-0.036,"bolussnooze":0,"activity":-1.0E-4,"lastBolusTime":0,"time":"2023-12-27T07:33:07.070Z","iobWithZeroTemp":{"iob":-0.129,"basaliob":-0.129,"bolussnooze":0,"activity":-5.0E-4,"lastBolusTime":0,"time":"2023-12-27T07:33:07.070Z"}},{"iob":-0.035,"basaliob":-0.035,"bolussnooze":0,"activity":-2.0E-4,"lastBolusTime":0,"time":"2023-12-27T07:38:07.070Z","iobWithZeroTemp":{"iob":-0.15,"basaliob":-0.15,"bolussnooze":0,"activity":-7.0E-4,"lastBolusTime":0,"time":"2023-12-27T07:38:07.070Z"}},{"iob":-0.034,"basaliob":-0.034,"bolussnooze":0,"activity":-2.0E-4,"lastBolusTime":0,"time":"2023-12-27T07:43:07.070Z","iobWithZeroTemp":{"iob":-0.171,"basaliob":-0.171,"bolussnooze":0,"activity":-9.0E-4,"lastBolusTime":0,"time":"2023-12-27T07:43:07.070Z"}},{"iob":-0.033,"basaliob":-0.033,"bolussnooze":0,"activity":-2.0E-4,"lastBolusTime":0,"time":"2023-12-27T07:48:07.070Z","iobWithZeroTemp":{"iob":-0.191,"basaliob":-0.191,"bolussnooze":0,"activity":-0.0011,"lastBolusTime":0,"time":"2023-12-27T07:48:07.070Z"}},{"iob":-0.032,"basaliob":-0.032,"bolussnooze":0,"activity":-3.0E-4,"lastBolusTime":0,"time":"2023-12-27T07:53:07.070Z","iobWithZeroTemp":{"iob":-0.21,"basaliob":-0.21,"bolussnooze":0,"activity":-0.0014,"lastBolusTime":0,"time":"2023-12-27T07:53:07.070Z"}},{"iob":-0.03,"basaliob":-0.03,"bolussnooze":0,"activity":-3.0E-4,"lastBolusTime":0,"time":"2023-12-27T07:58:07.070Z","iobWithZeroTemp":{"iob":-0.227,"basaliob":-0.227,"bolussnooze":0,"activity":-0.0016,"lastBolusTime":0,"time":"2023-12-27T07:58:07.070Z"}},{"iob":-0.029,"basaliob":-0.029,"bolussnooze":0,"activity":-3.0E-4,"lastBolusTime":0,"time":"2023-12-27T08:03:07.070Z","iobWithZeroTemp":{"iob":-0.244,"basaliob":-0.244,"bolussnooze":0,"activity":-0.0019,"lastBolusTime":0,"time":"2023-12-27T08:03:07.070Z"}},{"iob":-0.027,"basaliob":-0.027,"bolussnooze":0,"activity":-3.0E-4,"lastBolusTime":0,"time":"2023-12-27T08:08:07.070Z","iobWithZeroTemp":{"iob":-0.259,"basaliob":-0.259,"bolussnooze":0,"activity":-0.0021,"lastBolusTime":0,"time":"2023-12-27T08:08:07.070Z"}},{"iob":-0.026,"basaliob":-0.026,"bolussnooze":0,"activity":-3.0E-4,"lastBolusTime":0,"time":"2023-12-27T08:13:07.070Z","iobWithZeroTemp":{"iob":-0.273,"basaliob":-0.273,"bolussnooze":0,"activity":-0.0023,"lastBolusTime":0,"time":"2023-12-27T08:13:07.070Z"}},{"iob":-0.024,"basaliob":-0.024,"bolussnooze":0,"activity":-3.0E-4,"lastBolusTime":0,"time":"2023-12-27T08:18:07.070Z","iobWithZeroTemp":{"iob":-0.286,"basaliob":-0.286,"bolussnooze":0,"activity":-0.0025,"lastBolusTime":0,"time":"2023-12-27T08:18:07.070Z"}},{"iob":-0.023,"basaliob":-0.023,"bolussnooze":0,"activity":-3.0E-4,"lastBolusTime":0,"time":"2023-12-27T08:23:07.070Z","iobWithZeroTemp":{"iob":-0.299,"basaliob":-0.299,"bolussnooze":0,"activity":-0.0027,"lastBolusTime":0,"time":"2023-12-27T08:23:07.070Z"}},{"iob":-0.021,"basaliob":-0.021,"bolussnooze":0,"activity":-3.0E-4,"lastBolusTime":0,"time":"2023-12-27T08:28:07.070Z","iobWithZeroTemp":{"iob":-0.309,"basaliob":-0.309,"bolussnooze":0,"activity":-0.0029,"lastBolusTime":0,"time":"2023-12-27T08:28:07.070Z"}},{"iob":-0.02,"basaliob":-0.02,"bolussnooze":0,"activity":-3.0E-4,"lastBolusTime":0,"time":"2023-12-27T08:33:07.070Z","iobWithZeroTemp":{"iob":-0.32,"basaliob":-0.32,"bolussnooze":0,"activity":-0.003,"lastBolusTime":0,"time":"2023-12-27T08:33:07.070Z"}},{"iob":-0.019,"basaliob":-0.019,"bolussnooze":0,"activity":-3.0E-4,"lastBolusTime":0,"time":"2023-12-27T08:38:07.070Z","iobWithZeroTemp":{"iob":-0.33,"basaliob":-0.33,"bolussnooze":0,"activity":-0.0032,"lastBolusTime":0,"time":"2023-12-27T08:38:07.070Z"}},{"iob":-0.017,"basaliob":-0.017,"bolussnooze":0,"activity":-3.0E-4,"lastBolusTime":0,"time":"2023-12-27T08:43:07.070Z","iobWithZeroTemp":{"iob":-0.338,"basaliob":-0.338,"bolussnooze":0,"activity":-0.0034,"lastBolusTime":0,"time":"2023-12-27T08:43:07.070Z"}},{"iob":-0.016,"basaliob":-0.016,"bolussnooze":0,"activity":-2.0E-4,"lastBolusTime":0,"time":"2023-12-27T08:48:07.070Z","iobWithZeroTemp":{"iob":-0.346,"basaliob":-0.346,"bolussnooze":0,"activity":-0.0034,"lastBolusTime":0,"time":"2023-12-27T08:48:07.070Z"}},{"iob":-0.015,"basaliob":-0.015,"bolussnooze":0,"activity":-2.0E-4,"lastBolusTime":0,"time":"2023-12-27T08:53:07.070Z","iobWithZeroTemp":{"iob":-0.354,"basaliob":-0.354,"bolussnooze":0,"activity":-0.0036,"lastBolusTime":0,"time":"2023-12-27T08:53:07.070Z"}},{"iob":-0.014,"basaliob":-0.014,"bolussnooze":0,"activity":-2.0E-4,"lastBolusTime":0,"time":"2023-12-27T08:58:07.070Z","iobWithZeroTemp":{"iob":-0.361,"basaliob":-0.361,"bolussnooze":0,"activity":-0.0037,"lastBolusTime":0,"time":"2023-12-27T08:58:07.070Z"}},{"iob":-0.013,"basaliob":-0.013,"bolussnooze":0,"activity":-2.0E-4,"lastBolusTime":0,"time":"2023-12-27T09:03:07.070Z","iobWithZeroTemp":{"iob":-0.363,"basaliob":-0.363,"bolussnooze":0,"activity":-0.0038,"lastBolusTime":0,"time":"2023-12-27T09:03:07.070Z"}},{"iob":-0.012,"basaliob":-0.012,"bolussnooze":0,"activity":-2.0E-4,"lastBolusTime":0,"time":"2023-12-27T09:08:07.070Z","iobWithZeroTemp":{"iob":-0.364,"basaliob":-0.364,"bolussnooze":0,"activity":-0.0039,"lastBolusTime":0,"time":"2023-12-27T09:08:07.070Z"}},{"iob":-0.011,"basaliob":-0.011,"bolussnooze":0,"activity":-2.0E-4,"lastBolusTime":0,"time":"2023-12-27T09:13:07.070Z","iobWithZeroTemp":{"iob":-0.365,"basaliob":-0.365,"bolussnooze":0,"activity":-0.004,"lastBolusTime":0,"time":"2023-12-27T09:13:07.070Z"}},{"iob":-0.01,"basaliob":-0.01,"bolussnooze":0,"activity":-2.0E-4,"lastBolusTime":0,"time":"2023-12-27T09:18:07.070Z","iobWithZeroTemp":{"iob":-0.366,"basaliob":-0.366,"bolussnooze":0,"activity":-0.0041,"lastBolusTime":0,"time":"2023-12-27T09:18:07.070Z"}},{"iob":-0.009,"basaliob":-0.009,"bolussnooze":0,"activity":-2.0E-4,"lastBolusTime":0,"time":"2023-12-27T09:23:07.070Z","iobWithZeroTemp":{"iob":-0.366,"basaliob":-0.366,"bolussnooze":0,"activity":-0.0042,"lastBolusTime":0,"time":"2023-12-27T09:23:07.070Z"}},{"iob":-0.008,"basaliob":-0.008,"bolussnooze":0,"activity":-1.0E-4,"lastBolusTime":0,"time":"2023-12-27T09:28:07.070Z","iobWithZeroTemp":{"iob":-0.366,"basaliob":-0.366,"bolussnooze":0,"activity":-0.0041,"lastBolusTime":0,"time":"2023-12-27T09:28:07.070Z"}},{"iob":-0.008,"basaliob":-0.008,"bolussnooze":0,"activity":-1.0E-4,"lastBolusTime":0,"time":"2023-12-27T09:33:07.070Z","iobWithZeroTemp":{"iob":-0.367,"basaliob":-0.367,"bolussnooze":0,"activity":-0.0042,"lastBolusTime":0,"time":"2023-12-27T09:33:07.070Z"}},{"iob":-0.007,"basaliob":-0.007,"bolussnooze":0,"activity":-1.0E-4,"lastBolusTime":0,"time":"2023-12-27T09:38:07.070Z","iobWithZeroTemp":{"iob":-0.366,"basaliob":-0.366,"bolussnooze":0,"activity":-0.0042,"lastBolusTime":0,"time":"2023-12-27T09:38:07.070Z"}},{"iob":-0.006,"basaliob":-0.006,"bolussnooze":0,"activity":-1.0E-4,"lastBolusTime":0,"time":"2023-12-27T09:43:07.070Z","iobWithZeroTemp":{"iob":-0.366,"basaliob":-0.366,"bolussnooze":0,"activity":-0.0042,"lastBolusTime":0,"time":"2023-12-27T09:43:07.070Z"}},{"iob":-0.006,"basaliob":-0.006,"bolussnooze":0,"activity":-1.0E-4,"lastBolusTime":0,"time":"2023-12-27T09:48:07.070Z","iobWithZeroTemp":{"iob":-0.366,"basaliob":-0.366,"bolussnooze":0,"activity":-0.0043,"lastBolusTime":0,"time":"2023-12-27T09:48:07.070Z"}},{"iob":-0.005,"basaliob":-0.005,"bolussnooze":0,"activity":-1.0E-4,"lastBolusTime":0,"time":"2023-12-27T09:53:07.070Z","iobWithZeroTemp":{"iob":-0.365,"basaliob":-0.365,"bolussnooze":0,"activity":-0.0043,"lastBolusTime":0,"time":"2023-12-27T09:53:07.070Z"}},{"iob":-0.005,"basaliob":-0.005,"bolussnooze":0,"activity":-1.0E-4,"lastBolusTime":0,"time":"2023-12-27T09:58:07.070Z","iobWithZeroTemp":{"iob":-0.365,"basaliob":-0.365,"bolussnooze":0,"activity":-0.0043,"lastBolusTime":0,"time":"2023-12-27T09:58:07.070Z"}},{"iob":-0.004,"basaliob":-0.004,"bolussnooze":0,"activity":-1.0E-4,"lastBolusTime":0,"time":"2023-12-27T10:03:07.070Z","iobWithZeroTemp":{"iob":-0.36,"basaliob":-0.36,"bolussnooze":0,"activity":-0.0043,"lastBolusTime":0,"time":"2023-12-27T10:03:07.070Z"}},{"iob":-0.004,"basaliob":-0.004,"bolussnooze":0,"activity":-1.0E-4,"lastBolusTime":0,"time":"2023-12-27T10:08:07.070Z","iobWithZeroTemp":{"iob":-0.355,"basaliob":-0.355,"bolussnooze":0,"activity":-0.0043,"lastBolusTime":0,"time":"2023-12-27T10:08:07.070Z"}},{"iob":-0.003,"basaliob":-0.003,"bolussnooze":0,"activity":-1.0E-4,"lastBolusTime":0,"time":"2023-12-27T10:13:07.070Z","iobWithZeroTemp":{"iob":-0.35,"basaliob":-0.35,"bolussnooze":0,"activity":-0.0043,"lastBolusTime":0,"time":"2023-12-27T10:13:07.070Z"}},{"iob":-0.003,"basaliob":-0.003,"bolussnooze":0,"activity":-1.0E-4,"lastBolusTime":0,"time":"2023-12-27T10:18:07.070Z","iobWithZeroTemp":{"iob":-0.346,"basaliob":-0.346,"bolussnooze":0,"activity":-0.0043,"lastBolusTime":0,"time":"2023-12-27T10:18:07.070Z"}},{"iob":-0.003,"basaliob":-0.003,"bolussnooze":0,"activity":-1.0E-4,"lastBolusTime":0,"time":"2023-12-27T10:23:07.070Z","iobWithZeroTemp":{"iob":-0.342,"basaliob":-0.342,"bolussnooze":0,"activity":-0.0042,"lastBolusTime":0,"time":"2023-12-27T10:23:07.070Z"}},{"iob":-0.002,"basaliob":-0.002,"bolussnooze":0,"activity":-1.0E-4,"lastBolusTime":0,"time":"2023-12-27T10:28:07.070Z","iobWithZeroTemp":{"iob":-0.337,"basaliob":-0.337,"bolussnooze":0,"activity":-0.0042,"lastBolusTime":0,"time":"2023-12-27T10:28:07.070Z"}},{"iob":-0.002,"basaliob":-0.002,"bolussnooze":0,"activity":0,"lastBolusTime":0,"time":"2023-12-27T10:33:07.070Z","iobWithZeroTemp":{"iob":-0.333,"basaliob":-0.333,"bolussnooze":0,"activity":-0.0041,"lastBolusTime":0,"time":"2023-12-27T10:33:07.070Z"}},{"iob":-0.002,"basaliob":-0.002,"bolussnooze":0,"activity":0,"lastBolusTime":0,"time":"2023-12-27T10:38:07.070Z","iobWithZeroTemp":{"iob":-0.329,"basaliob":-0.329,"bolussnooze":0,"activity":-0.0041,"lastBolusTime":0,"time":"2023-12-27T10:38:07.070Z"}},{"iob":-0.002,"basaliob":-0.002,"bolussnooze":0,"activity":0,"lastBolusTime":0,"time":"2023-12-27T10:43:07.070Z","iobWithZeroTemp":{"iob":-0.326,"basaliob":-0.326,"bolussnooze":0,"activity":-0.004,"lastBolusTime":0,"time":"2023-12-27T10:43:07.070Z"}},{"iob":-0.002,"basaliob":-0.002,"bolussnooze":0,"activity":0,"lastBolusTime":0,"time":"2023-12-27T10:48:07.070Z","iobWithZeroTemp":{"iob":-0.322,"basaliob":-0.322,"bolussnooze":0,"activity":-0.004,"lastBolusTime":0,"time":"2023-12-27T10:48:07.070Z"}},{"iob":-0.001,"basaliob":-0.001,"bolussnooze":0,"activity":0,"lastBolusTime":0,"time":"2023-12-27T10:53:07.070Z","iobWithZeroTemp":{"iob":-0.318,"basaliob":-0.318,"bolussnooze":0,"activity":-0.0039,"lastBolusTime":0,"time":"2023-12-27T10:53:07.070Z"}},{"iob":-0.001,"basaliob":-0.001,"bolussnooze":0,"activity":0,"lastBolusTime":0,"time":"2023-12-27T10:58:07.070Z","iobWithZeroTemp":{"iob":-0.315,"basaliob":-0.315,"bolussnooze":0,"activity":-0.0039,"lastBolusTime":0,"time":"2023-12-27T10:58:07.070Z"}},{"iob":-0.001,"basaliob":-0.001,"bolussnooze":0,"activity":0,"lastBolusTime":0,"time":"2023-12-27T11:03:07.070Z","iobWithZeroTemp":{"iob":-0.317,"basaliob":-0.317,"bolussnooze":0,"activity":-0.0039,"lastBolusTime":0,"time":"2023-12-27T11:03:07.070Z"}},{"iob":-0.001,"basaliob":-0.001,"bolussnooze":0,"activity":0,"lastBolusTime":0,"time":"2023-12-27T11:08:07.070Z","iobWithZeroTemp":{"iob":-0.318,"basaliob":-0.318,"bolussnooze":0,"activity":-0.0039,"lastBolusTime":0,"time":"2023-12-27T11:08:07.070Z"}}],"profile":{"max_iob":10,"type":"current","max_daily_basal":0.35,"max_basal":1.05,"min_bg":90,"max_bg":90,"target_bg":90,"carb_ratio":8.2,"sens":110,"max_daily_safety_multiplier":3,"current_basal_safety_multiplier":4,"lgsThreshold":95,"high_temptarget_raises_sensitivity":true,"low_temptarget_lowers_sensitivity":true,"sensitivity_raises_target":true,"resistance_lowers_target":true,"adv_target_adjustments":false,"exercise_mode":false,"half_basal_exercise_target":160,"maxCOB":120,"skip_neutral_temps":false,"remainingCarbsCap":90,"enableUAM":true,"A52_risk_enable":false,"SMBInterval":3,"enableSMB_with_COB":true,"enableSMB_with_temptarget":true,"allowSMB_with_high_temptarget":false,"enableSMB_always":false,"enableSMB_after_carbs":true,"maxSMBBasalMinutes":30,"maxUAMSMBBasalMinutes":40,"bolus_increment":0.05,"carbsReqThreshold":4,"current_basal":0.3,"temptargetSet":false,"autosens_max":1.3,"autosens_min":0.7,"variable_sens":173.4,"insulinDivisor":75,"TDD":12.593695827380953},"autosens_data":{"ratio":1.296966985023702},"meal_data":{"carbs":0,"mealCOB":0,"slopeFromMaxDeviation":-0.2927272727272727,"slopeFromMinDeviation":0.4771428571428571,"lastBolusTime":1703638991772,"lastCarbTime":0},"microBolusAllowed":true,"currentTime":1703661188476,"flatBGsDetected":false,"tdd1D":21.236583333333336,"tdd7D":16.175559523809522,"tddLast24H":20.979166666666664,"tddLast4H":1.2958333333333334,"tddLast8to4H":0.8625},"output":{"temp":"absolute","bg":96,"tick":"+0","eventualBG":104,"targetBG":83,"insulinReq":0.1,"deliverAt":"2023-12-27T07:13:08.476Z","sensitivityRatio":1.296966985023702,"variable_sens":173.4,"predBGs":{"IOB":[96,96,96,96,96,97,97,97,98,98,98,99,99,99,99,100,100,100,100,101,101,101,101,101,101,102,102,102,102,102,102,102,102,102,102,103],"ZT":[96,96,96,96,96,96,97],"UAM":[96,96,96,95,95,96,96,96,96,96,97,97,97,97,98,98,98,98,99,99,99,99,99,100,100,100,100,100,100,100,101]},"reason":"COB: 0, Dev: 2, BGI: 0, ISF: 173, CR: 8.2, Target: 83, minPredBG 100, minGuardBG 95, IOBpredBG 103, UAMpredBG 101; Eventual BG 104 >= 83, temp 0.60 >~ req 0.59U\/hr. ","COB":0,"IOB":-0.034,"timestamp":"2023-12-27T07:13:08.506Z"}}