{"algorithm":"OpenAPSSMBDynamicISFPlugin","input":{"glucoseStatus":{"glucose":92,"noise":0,"delta":0.89,"short_avgdelta":0.89,"long_avgdelta":-0.23,"date":1703568759000},"currenttemp":{"temp":"absolute","duration":25,"rate":0.5,"minutesrunning":5},"iob_data":[{"iob":-0.17,"basaliob":-0.263,"bolussnooze":0,"activity":-9.0E-4,"lastBolusTime":1703560089010,"time":"2023-12-26T05:33:03.391Z","iobWithZeroTemp":{"iob":-0.17,"basaliob":-0.263,"bolussnooze":0,"activity":-9.0E-4,"lastBolusTime":1703560089010,"time":"2023-12-26T05:33:03.391Z"}},{"iob":-0.165,"basaliob":-0.249,"bolussnooze":0,"activity":-0.0012,"lastBolusTime":1703560089010,"time":"2023-12-26T05:38:03.391Z","iobWithZeroTemp":{"iob":-0.184,"basaliob":-0.268,"bolussnooze":0,"activity":-0.0012,"lastBolusTime":1703560089010,"time":"2023-12-26T05:38:03.391Z"}},{"iob":-0.159,"basaliob":-0.235,"bolussnooze":0,"activity":-0.0013,"lastBolusTime":1703560089010,"time":"2023-12-26T05:43:03.391Z","iobWithZeroTemp":{"iob":-0.201,"basaliob":-0.277,"bolussnooze":0,"activity":-0.0014,"lastBolusTime":1703560089010,"time":"2023-12-26T05:43:03.391Z"}},{"iob":-0.152,"basaliob":-0.22,"bolussnooze":0,"activity":-0.0013,"lastBolusTime":1703560089010,"time":"2023-12-26T05:48:03.391Z","iobWithZeroTemp":{"iob":-0.217,"basaliob":-0.285,"bolussnooze":0,"activity":-0.0015,"lastBolusTime":1703560089010,"time":"2023-12-26T05:48:03.391Z"}},{"iob":-0.145,"basaliob":-0.206,"bolussnooze":0,"activity":-0.0015,"lastBolusTime":1703560089010,"time":"2023-12-26T05:53:03.391Z","iobWithZeroTemp":{"iob":-0.232,"basaliob":-0.293,"bolussnooze":0,"activity":-0.0018,"lastBolusTime":1703560089010,"time":"2023-12-26T05:53:03.391Z"}},{"iob":-0.138,"basaliob":-0.193,"bolussnooze":0,"activity":-0.0015,"lastBolusTime":1703560089010,"time":"2023-12-26T05:58:03.391Z","iobWithZeroTemp":{"iob":-0.246,"basaliob":-0.301,"bolussnooze":0,"activity":-0.002,"lastBolusTime":1703560089010,"time":"2023-12-26T05:58:03.391Z"}},{"iob":-0.13,"basaliob":-0.179,"bolussnooze":0,"activity":-0.0015,"lastBolusTime":1703560089010,"time":"2023-12-26T06:03:03.391Z","iobWithZeroTemp":{"iob":-0.262,"basaliob":-0.311,"bolussnooze":0,"activity":-0.0022,"lastBolusTime":1703560089010,"time":"2023-12-26T06:03:03.391Z"}},{"iob":-0.123,"basaliob":-0.167,"bolussnooze":0,"activity":-0.0015,"lastBolusTime":1703560089010,"time":"2023-12-26T06:08:03.391Z","iobWithZeroTemp":{"iob":-0.278,"basaliob":-0.322,"bolussnooze":0,"activity":-0.0024,"lastBolusTime":1703560089010,"time":"2023-12-26T06:08:03.391Z"}},{"iob":-0.116,"basaliob":-0.155,"bolussnooze":0,"activity":-0.0015,"lastBolusTime":1703560089010,"time":"2023-12-26T06:13:03.391Z","iobWithZeroTemp":{"iob":-0.293,"basaliob":-0.332,"bolussnooze":0,"activity":-0.0026,"lastBolusTime":1703560089010,"time":"2023-12-26T06:13:03.391Z"}},{"iob":-0.108,"basaliob":-0.143,"bolussnooze":0,"activity":-0.0015,"lastBolusTime":1703560089010,"time":"2023-12-26T06:18:03.391Z","iobWithZeroTemp":{"iob":-0.306,"basaliob":-0.341,"bolussnooze":0,"activity":-0.0028,"lastBolusTime":1703560089010,"time":"2023-12-26T06:18:03.391Z"}},{"iob":-0.101,"basaliob":-0.132,"bolussnooze":0,"activity":-0.0014,"lastBolusTime":1703560089010,"time":"2023-12-26T06:23:03.391Z","iobWithZeroTemp":{"iob":-0.319,"basaliob":-0.35,"bolussnooze":0,"activity":-0.0029,"lastBolusTime":1703560089010,"time":"2023-12-26T06:23:03.391Z"}},{"iob":-0.095,"basaliob":-0.122,"bolussnooze":0,"activity":-0.0013,"lastBolusTime":1703560089010,"time":"2023-12-26T06:28:03.391Z","iobWithZeroTemp":{"iob":-0.332,"basaliob":-0.359,"bolussnooze":0,"activity":-0.0031,"lastBolusTime":1703560089010,"time":"2023-12-26T06:28:03.391Z"}},{"iob":-0.088,"basaliob":-0.112,"bolussnooze":0,"activity":-0.0013,"lastBolusTime":1703560089010,"time":"2023-12-26T06:33:03.391Z","iobWithZeroTemp":{"iob":-0.343,"basaliob":-0.367,"bolussnooze":0,"activity":-0.0033,"lastBolusTime":1703560089010,"time":"2023-12-26T06:33:03.391Z"}},{"iob":-0.082,"basaliob":-0.103,"bolussnooze":0,"activity":-0.0013,"lastBolusTime":1703560089010,"time":"2023-12-26T06:38:03.391Z","iobWithZeroTemp":{"iob":-0.353,"basaliob":-0.374,"bolussnooze":0,"activity":-0.0035,"lastBolusTime":1703560089010,"time":"2023-12-26T06:38:03.391Z"}},{"iob":-0.075,"basaliob":-0.094,"bolussnooze":0,"activity":-0.0012,"lastBolusTime":1703560089010,"time":"2023-12-26T06:43:03.391Z","iobWithZeroTemp":{"iob":-0.362,"basaliob":-0.381,"bolussnooze":0,"activity":-0.0036,"lastBolusTime":1703560089010,"time":"2023-12-26T06:43:03.391Z"}},{"iob":-0.07,"basaliob":-0.086,"bolussnooze":0,"activity":-0.0011,"lastBolusTime":1703560089010,"time":"2023-12-26T06:48:03.391Z","iobWithZeroTemp":{"iob":-0.371,"basaliob":-0.387,"bolussnooze":0,"activity":-0.0037,"lastBolusTime":1703560089010,"time":"2023-12-26T06:48:03.391Z"}},{"iob":-0.065,"basaliob":-0.079,"bolussnooze":0,"activity":-0.001,"lastBolusTime":1703560089010,"time":"2023-12-26T06:53:03.391Z","iobWithZeroTemp":{"iob":-0.379,"basaliob":-0.393,"bolussnooze":0,"activity":-0.0038,"lastBolusTime":1703560089010,"time":"2023-12-26T06:53:03.391Z"}},{"iob":-0.06,"basaliob":-0.072,"bolussnooze":0,"activity":-0.001,"lastBolusTime":1703560089010,"time":"2023-12-26T06:58:03.391Z","iobWithZeroTemp":{"iob":-0.387,"basaliob":-0.399,"bolussnooze":0,"activity":-0.004,"lastBolusTime":1703560089010,"time":"2023-12-26T06:58:03.391Z"}},{"iob":-0.054,"basaliob":-0.065,"bolussnooze":0,"activity":-9.0E-4,"lastBolusTime":1703560089010,"time":"2023-12-26T07:03:03.391Z","iobWithZeroTemp":{"iob":-0.392,"basaliob":-0.403,"bolussnooze":0,"activity":-0.0041,"lastBolusTime":1703560089010,"time":"2023-12-26T07:03:03.391Z"}},{"iob":-0.05,"basaliob":-0.059,"bolussnooze":0,"activity":-8.0E-4,"lastBolusTime":1703560089010,"time":"2023-12-26T07:08:03.391Z","iobWithZeroTemp":{"iob":-0.397,"basaliob":-0.406,"bolussnooze":0,"activity":-0.0042,"lastBolusTime":1703560089010,"time":"2023-12-26T07:08:03.391Z"}},{"iob":-0.046,"basaliob":-0.054,"bolussnooze":0,"activity":-8.0E-4,"lastBolusTime":1703560089010,"time":"2023-12-26T07:13:03.391Z","iobWithZeroTemp":{"iob":-0.402,"basaliob":-0.41,"bolussnooze":0,"activity":-0.0043,"lastBolusTime":1703560089010,"time":"2023-12-26T07:13:03.391Z"}},{"iob":-0.042,"basaliob":-0.049,"bolussnooze":0,"activity":-8.0E-4,"lastBolusTime":1703560089010,"time":"2023-12-26T07:18:03.391Z","iobWithZeroTemp":{"iob":-0.407,"basaliob":-0.414,"bolussnooze":0,"activity":-0.0045,"lastBolusTime":1703560089010,"time":"2023-12-26T07:18:03.391Z"}},{"iob":-0.038,"basaliob":-0.044,"bolussnooze":0,"activity":-7.0E-4,"lastBolusTime":1703560089010,"time":"2023-12-26T07:23:03.391Z","iobWithZeroTemp":{"iob":-0.41,"basaliob":-0.416,"bolussnooze":0,"activity":-0.0045,"lastBolusTime":1703560089010,"time":"2023-12-26T07:23:03.391Z"}},{"iob":-0.035,"basaliob":-0.04,"bolussnooze":0,"activity":-6.0E-4,"lastBolusTime":1703560089010,"time":"2023-12-26T07:28:03.391Z","iobWithZeroTemp":{"iob":-0.414,"basaliob":-0.419,"bolussnooze":0,"activity":-0.0045,"lastBolusTime":1703560089010,"time":"2023-12-26T07:28:03.391Z"}},{"iob":-0.032,"basaliob":-0.036,"bolussnooze":0,"activity":-6.0E-4,"lastBolusTime":1703560089010,"time":"2023-12-26T07:33:03.391Z","iobWithZeroTemp":{"iob":-0.417,"basaliob":-0.421,"bolussnooze":0,"activity":-0.0046,"lastBolusTime":1703560089010,"time":"2023-12-26T07:33:03.391Z"}},{"iob":-0.028,"basaliob":-0.032,"bolussnooze":0,"activity":-6.0E-4,"lastBolusTime":1703560089010,"time":"2023-12-26T07:38:03.391Z","iobWithZeroTemp":{"iob":-0.419,"basaliob":-0.423,"bolussnooze":0,"activity":-0.0047,"lastBolusTime":1703560089010,"time":"2023-12-26T07:38:03.391Z"}},{"iob":-0.026,"basaliob":-0.029,"bolussnooze":0,"activity":-5.0E-4,"lastBolusTime":1703560089010,"time":"2023-12-26T07:43:03.391Z","iobWithZeroTemp":{"iob":-0.422,"basaliob":-0.425,"bolussnooze":0,"activity":-0.0047,"lastBolusTime":1703560089010,"time":"2023-12-26T07:43:03.391Z"}},{"iob":-0.024,"basaliob":-0.026,"bolussnooze":0,"activity":-5.0E-4,"lastBolusTime":1703560089010,"time":"2023-12-26T07:48:03.391Z","iobWithZeroTemp":{"iob":-0.425,"basaliob":-0.427,"bolussnooze":0,"activity":-0.0048,"lastBolusTime":1703560089010,"time":"2023-12-26T07:48:03.391Z"}},{"iob":-0.021,"basaliob":-0.023,"bolussnooze":0,"activity":-4.0E-4,"lastBolusTime":1703560089010,"time":"2023-12-26T07:53:03.391Z","iobWithZeroTemp":{"iob":-0.426,"basaliob":-0.428,"bolussnooze":0,"activity":-0.0048,"lastBolusTime":1703560089010,"time":"2023-12-26T07:53:03.391Z"}},{"iob":-0.019,"basaliob":-0.021,"bolussnooze":0,"activity":-4.0E-4,"lastBolusTime":1703560089010,"time":"2023-12-26T07:58:03.391Z","iobWithZeroTemp":{"iob":-0.428,"basaliob":-0.43,"bolussnooze":0,"activity":-0.0049,"lastBolusTime":1703560089010,"time":"2023-12-26T07:58:03.391Z"}},{"iob":-0.018,"basaliob":-0.019,"bolussnooze":0,"activity":-3.0E-4,"lastBolusTime":1703560089010,"time":"2023-12-26T08:03:03.391Z","iobWithZeroTemp":{"iob":-0.431,"basaliob":-0.432,"bolussnooze":0,"activity":-0.0049,"lastBolusTime":1703560089010,"time":"2023-12-26T08:03:03.391Z"}},{"iob":-0.016,"basaliob":-0.017,"bolussnooze":0,"activity":-4.0E-4,"lastBolusTime":1703560089010,"time":"2023-12-26T08:08:03.391Z","iobWithZeroTemp":{"iob":-0.433,"basaliob":-0.434,"bolussnooze":0,"activity":-0.005,"lastBolusTime":1703560089010,"time":"2023-12-26T08:08:03.391Z"}},{"iob":-0.014,"basaliob":-0.015,"bolussnooze":0,"activity":-4.0E-4,"lastBolusTime":1703560089010,"time":"2023-12-26T08:13:03.391Z","iobWithZeroTemp":{"iob":-0.434,"basaliob":-0.435,"bolussnooze":0,"activity":-0.0051,"lastBolusTime":1703560089010,"time":"2023-12-26T08:13:03.391Z"}},{"iob":-0.012,"basaliob":-0.013,"bolussnooze":0,"activity":-3.0E-4,"lastBolusTime":1703560089010,"time":"2023-12-26T08:18:03.391Z","iobWithZeroTemp":{"iob":-0.435,"basaliob":-0.436,"bolussnooze":0,"activity":-0.0051,"lastBolusTime":1703560089010,"time":"2023-12-26T08:18:03.391Z"}},{"iob":-0.012,"basaliob":-0.012,"bolussnooze":0,"activity":-3.0E-4,"lastBolusTime":1703560089010,"time":"2023-12-26T08:23:03.391Z","iobWithZeroTemp":{"iob":-0.437,"basaliob":-0.437,"bolussnooze":0,"activity":-0.0051,"lastBolusTime":1703560089010,"time":"2023-12-26T08:23:03.391Z"}},{"iob":-0.01,"basaliob":-0.01,"bolussnooze":0,"activity":-3.0E-4,"lastBolusTime":1703560089010,"time":"2023-12-26T08:28:03.391Z","iobWithZeroTemp":{"iob":-0.437,"basaliob":-0.437,"bolussnooze":0,"activity":-0.0052,"lastBolusTime":1703560089010,"time":"2023-12-26T08:28:03.391Z"}},{"iob":-0.009,"basaliob":-0.009,"bolussnooze":0,"activity":-2.0E-4,"lastBolusTime":1703560089010,"time":"2023-12-26T08:33:03.391Z","iobWithZeroTemp":{"iob":-0.439,"basaliob":-0.439,"bolussnooze":0,"activity":-0.0051,"lastBolusTime":1703560089010,"time":"2023-12-26T08:33:03.391Z"}},{"iob":-0.008,"basaliob":-0.008,"bolussnooze":0,"activity":-2.0E-4,"lastBolusTime":1703560089010,"time":"2023-12-26T08:38:03.391Z","iobWithZeroTemp":{"iob":-0.439,"basaliob":-0.439,"bolussnooze":0,"activity":-0.0051,"lastBolusTime":1703560089010,"time":"2023-12-26T08:38:03.391Z"}},{"iob":-0.007,"basaliob":-0.007,"bolussnooze":0,"activity":-2.0E-4,"lastBolusTime":1703560089010,"time":"2023-12-26T08:43:03.391Z","iobWithZeroTemp":{"iob":-0.44,"basaliob":-0.44,"bolussnooze":0,"activity":-0.0052,"lastBolusTime":1703560089010,"time":"2023-12-26T08:43:03.391Z"}},{"iob":-0.006,"basaliob":-0.006,"bolussnooze":0,"activity":-2.0E-4,"lastBolusTime":1703560089010,"time":"2023-12-26T08:48:03.391Z","iobWithZeroTemp":{"iob":-0.441,"basaliob":-0.441,"bolussnooze":0,"activity":-0.0052,"lastBolusTime":1703560089010,"time":"2023-12-26T08:48:03.391Z"}},{"iob":-0.005,"basaliob":-0.005,"bolussnooze":0,"activity":-2.0E-4,"lastBolusTime":1703560089010,"time":"2023-12-26T08:53:03.391Z","iobWithZeroTemp":{"iob":-0.441,"basaliob":-0.441,"bolussnooze":0,"activity":-0.0052,"lastBolusTime":1703560089010,"time":"2023-12-26T08:53:03.391Z"}},{"iob":-0.005,"basaliob":-0.005,"bolussnooze":0,"activity":-1.0E-4,"lastBolusTime":1703560089010,"time":"2023-12-26T08:58:03.391Z","iobWithZeroTemp":{"iob":-0.442,"basaliob":-0.442,"bolussnooze":0,"activity":-0.0052,"lastBolusTime":1703560089010,"time":"2023-12-26T08:58:03.391Z"}},{"iob":-0.004,"basaliob":-0.004,"bolussnooze":0,"activity":-1.0E-4,"lastBolusTime":1703560089010,"time":"2023-12-26T09:03:03.391Z","iobWithZeroTemp":{"iob":-0.441,"basaliob":-0.441,"bolussnooze":0,"activity":-0.0052,"lastBolusTime":1703560089010,"time":"2023-12-26T09:03:03.391Z"}},{"iob":-0.003,"basaliob":-0.003,"bolussnooze":0,"activity":-1.0E-4,"lastBolusTime":1703560089010,"time":"2023-12-26T09:08:03.391Z","iobWithZeroTemp":{"iob":-0.439,"basaliob":-0.439,"bolussnooze":0,"activity":-0.0052,"lastBolusTime":1703560089010,"time":"2023-12-26T09:08:03.391Z"}},{"iob":-0.003,"basaliob":-0.003,"bolussnooze":0,"activity":-1.0E-4,"lastBolusTime":0,"time":"2023-12-26T09:13:03.391Z","iobWithZeroTemp":{"iob":-0.439,"basaliob":-0.439,"bolussnooze":0,"activity":-0.0052,"lastBolusTime":0,"time":"2023-12-26T09:13:03.391Z"}},{"iob":-0.002,"basaliob":-0.002,"bolussnooze":0,"activity":-1.0E-4,"lastBolusTime":0,"time":"2023-12-26T09:18:03.391Z","iobWithZeroTemp":{"iob":-0.437,"basaliob":-0.437,"bolussnooze":0,"activity":-0.0052,"lastBolusTime":0,"time":"2023-12-26T09:18:03.391Z"}},{"iob":-0.002,"basaliob":-0.002,"bolussnooze":0,"activity":-1.0E-4,"lastBolusTime":0,"time":"2023-12-26T09:23:03.391Z","iobWithZeroTemp":{"iob":-0.436,"basaliob":-0.436,"bolussnooze":0,"activity":-0.0052,"lastBolusTime":0,"time":"2023-12-26T09:23:03.391Z"}},{"iob":-0.002,"basaliob":-0.002,"bolussnooze":0,"activity":-1.0E-4,"lastBolusTime":0,"time":"2023-12-26T09:28:03.391Z","iobWithZeroTemp":{"iob":-0.436,"basaliob":-0.436,"bolussnooze":0,"activity":-0.0052,"lastBolusTime":0,"time":"2023-12-26T09:28:03.391Z"}}],"profile":{"max_iob":10,"type":"current","max_daily_basal":0.41,"max_basal":1.1,"min_bg":95,"max_bg":95,"target_bg":95,"carb_ratio":7.639,"sens":140.517,"max_daily_safety_multiplier":3,"current_basal_safety_multiplier":4,"lgsThreshold":95,"high_temptarget_raises_sensitivity":true,"low_temptarget_lowers_sensitivity":true,"sensitivity_raises_target":true,"resistance_lowers_target":true,"adv_target_adjustments":false,"exercise_mode":false,"half_basal_exercise_target":160,"maxCOB":120,"skip_neutral_temps":false,"remainingCarbsCap":90,"enableUAM":true,"A52_risk_enable":false,"SMBInterval":3,"enableSMB_with_COB":true,"enableSMB_with_temptarget":true,"allowSMB_with_high_temptarget":false,"enableSMB_always":false,"enableSMB_after_carbs":true,"maxSMBBasalMinutes":30,"maxUAMSMBBasalMinutes":40,"bolus_increment":0.05,"carbsReqThreshold":4,"current_basal":0.3,"temptargetSet":false,"autosens_max":1.3,"autosens_min":0.7,"variable_sens":207.1,"insulinDivisor":75,"TDD":10.855106798809524},"autosens_data":{"ratio":1.0316297456858834},"meal_data":{"carbs":0,"mealCOB":0,"slopeFromMaxDeviation":0,"slopeFromMinDeviation":0.20044444444444445,"lastBolusTime":1703560089010,"lastCarbTime":0},"microBolusAllowed":true,"currentTime":1703568784985,"flatBGsDetected":false,"tdd1D":15.68566666666667,"tdd7D":15.075095238095239,"tddLast24H":15.551916666666664,"tddLast4H":1.49025,"tddLast8to4H":0.6791666666666667},"output":{"temp":"absolute","bg":92,"tick":"+1","eventualBG":127,"targetBG":94,"insulinReq":0.1,"deliverAt":"2023-12-26T05:33:04.985Z","sensitivityRatio":1.0316297456858834,"variable_sens":207.1,"predBGs":{"IOB":[92,93,94,95,97,98,100,101,103,104,106,107,108,109,111,112,113,114,114,115,116,117,117,118,119,119,120,120,120,121,121,121,122,122,122,123,123,123,123,123,124],"ZT":[92,93,94,96,97,99,101]},"reason":"COB: 0, Dev: 0, BGI: 1, ISF: 207, CR: 7.64, Target: 94, minPredBG 114, minGuardBG 93, IOBpredBG 124; IOB -0.17 < -0.1 and minDelta 1 > expectedDelta 0; Eventual BG 127 >= 94, temp 0.50 < 0.51U\/hr.  25m left and 0.5 ~ req 0.509488923705765U\/hr: no temp required","COB":0,"IOB":-0.17,"timestamp":"2023-12-26T05:33:05.022Z"}}