{"algorithm":"OpenAPSSMBDynamicISFPlugin","input":{"glucoseStatus":{"glucose":164,"noise":0,"delta":-5.5,"short_avgdelta":-5.5,"long_avgdelta":-0.45,"date":1703514757000},"currenttemp":{"temp":"absolute","duration":115,"rate":0,"minutesrunning":5},"iob_data":[{"iob":1.622,"basaliob":-0.225,"bolussnooze":0.6207,"activity":0.0206,"lastBolusTime":1703513301313,"time":"2023-12-25T14:33:00.863Z","iobWithZeroTemp":{"iob":1.622,"basaliob":-0.225,"bolussnooze":0.6207,"activity":0.0206,"lastBolusTime":1703513301313,"time":"2023-12-25T14:33:00.863Z"}},{"iob":1.52,"basaliob":-0.21,"bolussnooze":0.5385,"activity":0.0202,"lastBolusTime":1703513301313,"time":"2023-12-25T14:38:00.863Z","iobWithZeroTemp":{"iob":1.511,"basaliob":-0.219,"bolussnooze":0.5385,"activity":0.0202,"lastBolusTime":1703513301313,"time":"2023-12-25T14:38:00.863Z"}},{"iob":1.42,"basaliob":-0.196,"bolussnooze":0.4629,"activity":0.0197,"lastBolusTime":1703513301313,"time":"2023-12-25T14:43:00.863Z","iobWithZeroTemp":{"iob":1.401,"basaliob":-0.215,"bolussnooze":0.4629,"activity":0.0197,"lastBolusTime":1703513301313,"time":"2023-12-25T14:43:00.863Z"}},{"iob":1.323,"basaliob":-0.182,"bolussnooze":0.3947,"activity":0.019,"lastBolusTime":1703513301313,"time":"2023-12-25T14:48:00.863Z","iobWithZeroTemp":{"iob":1.293,"basaliob":-0.212,"bolussnooze":0.3947,"activity":0.0189,"lastBolusTime":1703513301313,"time":"2023-12-25T14:48:00.863Z"}},{"iob":1.23,"basaliob":-0.169,"bolussnooze":0.334,"activity":0.0183,"lastBolusTime":1703513301313,"time":"2023-12-25T14:53:00.863Z","iobWithZeroTemp":{"iob":1.19,"basaliob":-0.209,"bolussnooze":0.334,"activity":0.0181,"lastBolusTime":1703513301313,"time":"2023-12-25T14:53:00.863Z"}},{"iob":1.141,"basaliob":-0.156,"bolussnooze":0.2808,"activity":0.0174,"lastBolusTime":1703513301313,"time":"2023-12-25T14:58:00.863Z","iobWithZeroTemp":{"iob":1.091,"basaliob":-0.206,"bolussnooze":0.2808,"activity":0.0172,"lastBolusTime":1703513301313,"time":"2023-12-25T14:58:00.863Z"}},{"iob":1.055,"basaliob":-0.144,"bolussnooze":0.2346,"activity":0.0167,"lastBolusTime":1703513301313,"time":"2023-12-25T15:03:00.863Z","iobWithZeroTemp":{"iob":0.995,"basaliob":-0.204,"bolussnooze":0.2346,"activity":0.0164,"lastBolusTime":1703513301313,"time":"2023-12-25T15:03:00.863Z"}},{"iob":0.974,"basaliob":-0.133,"bolussnooze":0.1949,"activity":0.0158,"lastBolusTime":1703513301313,"time":"2023-12-25T15:08:00.863Z","iobWithZeroTemp":{"iob":0.905,"basaliob":-0.202,"bolussnooze":0.1949,"activity":0.0154,"lastBolusTime":1703513301313,"time":"2023-12-25T15:08:00.863Z"}},{"iob":0.898,"basaliob":-0.122,"bolussnooze":0.1608,"activity":0.0148,"lastBolusTime":1703513301313,"time":"2023-12-25T15:13:00.863Z","iobWithZeroTemp":{"iob":0.821,"basaliob":-0.199,"bolussnooze":0.1608,"activity":0.0143,"lastBolusTime":1703513301313,"time":"2023-12-25T15:13:00.863Z"}},{"iob":0.826,"basaliob":-0.112,"bolussnooze":0.1318,"activity":0.014,"lastBolusTime":1703513301313,"time":"2023-12-25T15:18:00.863Z","iobWithZeroTemp":{"iob":0.741,"basaliob":-0.197,"bolussnooze":0.1318,"activity":0.0134,"lastBolusTime":1703513301313,"time":"2023-12-25T15:18:00.863Z"}},{"iob":0.757,"basaliob":-0.103,"bolussnooze":0.1074,"activity":0.0131,"lastBolusTime":1703513301313,"time":"2023-12-25T15:23:00.863Z","iobWithZeroTemp":{"iob":0.664,"basaliob":-0.196,"bolussnooze":0.1074,"activity":0.0124,"lastBolusTime":1703513301313,"time":"2023-12-25T15:23:00.863Z"}},{"iob":0.694,"basaliob":-0.094,"bolussnooze":0.0869,"activity":0.0123,"lastBolusTime":1703513301313,"time":"2023-12-25T15:28:00.863Z","iobWithZeroTemp":{"iob":0.594,"basaliob":-0.194,"bolussnooze":0.0869,"activity":0.0115,"lastBolusTime":1703513301313,"time":"2023-12-25T15:28:00.863Z"}},{"iob":0.635,"basaliob":-0.086,"bolussnooze":0.0699,"activity":0.0114,"lastBolusTime":1703513301313,"time":"2023-12-25T15:33:00.863Z","iobWithZeroTemp":{"iob":0.528,"basaliob":-0.193,"bolussnooze":0.0699,"activity":0.0105,"lastBolusTime":1703513301313,"time":"2023-12-25T15:33:00.863Z"}},{"iob":0.58,"basaliob":-0.078,"bolussnooze":0.0558,"activity":0.0106,"lastBolusTime":1703513301313,"time":"2023-12-25T15:38:00.863Z","iobWithZeroTemp":{"iob":0.466,"basaliob":-0.192,"bolussnooze":0.0558,"activity":0.0097,"lastBolusTime":1703513301313,"time":"2023-12-25T15:38:00.863Z"}},{"iob":0.529,"basaliob":-0.071,"bolussnooze":0.0442,"activity":0.0099,"lastBolusTime":1703513301313,"time":"2023-12-25T15:43:00.863Z","iobWithZeroTemp":{"iob":0.41,"basaliob":-0.19,"bolussnooze":0.0442,"activity":0.0089,"lastBolusTime":1703513301313,"time":"2023-12-25T15:43:00.863Z"}},{"iob":0.481,"basaliob":-0.065,"bolussnooze":0.0347,"activity":0.0092,"lastBolusTime":1703513301313,"time":"2023-12-25T15:48:00.863Z","iobWithZeroTemp":{"iob":0.356,"basaliob":-0.19,"bolussnooze":0.0347,"activity":0.0081,"lastBolusTime":1703513301313,"time":"2023-12-25T15:48:00.863Z"}},{"iob":0.437,"basaliob":-0.059,"bolussnooze":0.027,"activity":0.0085,"lastBolusTime":1703513301313,"time":"2023-12-25T15:53:00.863Z","iobWithZeroTemp":{"iob":0.307,"basaliob":-0.189,"bolussnooze":0.027,"activity":0.0073,"lastBolusTime":1703513301313,"time":"2023-12-25T15:53:00.863Z"}},{"iob":0.396,"basaliob":-0.054,"bolussnooze":0.0208,"activity":0.0077,"lastBolusTime":1703513301313,"time":"2023-12-25T15:58:00.863Z","iobWithZeroTemp":{"iob":0.261,"basaliob":-0.189,"bolussnooze":0.0208,"activity":0.0064,"lastBolusTime":1703513301313,"time":"2023-12-25T15:58:00.863Z"}},{"iob":0.359,"basaliob":-0.048,"bolussnooze":0.0158,"activity":0.0071,"lastBolusTime":1703513301313,"time":"2023-12-25T16:03:00.863Z","iobWithZeroTemp":{"iob":0.22,"basaliob":-0.187,"bolussnooze":0.0158,"activity":0.0058,"lastBolusTime":1703513301313,"time":"2023-12-25T16:03:00.863Z"}},{"iob":0.324,"basaliob":-0.044,"bolussnooze":0.0119,"activity":0.0066,"lastBolusTime":1703513301313,"time":"2023-12-25T16:08:00.863Z","iobWithZeroTemp":{"iob":0.181,"basaliob":-0.187,"bolussnooze":0.0119,"activity":0.0052,"lastBolusTime":1703513301313,"time":"2023-12-25T16:08:00.863Z"}},{"iob":0.293,"basaliob":-0.039,"bolussnooze":0.0088,"activity":0.0061,"lastBolusTime":1703513301313,"time":"2023-12-25T16:13:00.863Z","iobWithZeroTemp":{"iob":0.146,"basaliob":-0.186,"bolussnooze":0.0088,"activity":0.0046,"lastBolusTime":1703513301313,"time":"2023-12-25T16:13:00.863Z"}},{"iob":0.264,"basaliob":-0.036,"bolussnooze":0.0064,"activity":0.0056,"lastBolusTime":1703513301313,"time":"2023-12-25T16:18:00.863Z","iobWithZeroTemp":{"iob":0.114,"basaliob":-0.186,"bolussnooze":0.0064,"activity":0.0041,"lastBolusTime":1703513301313,"time":"2023-12-25T16:18:00.863Z"}},{"iob":0.238,"basaliob":-0.032,"bolussnooze":0.0045,"activity":0.005,"lastBolusTime":1703513301313,"time":"2023-12-25T16:23:00.863Z","iobWithZeroTemp":{"iob":0.085,"basaliob":-0.185,"bolussnooze":0.0045,"activity":0.0034,"lastBolusTime":1703513301313,"time":"2023-12-25T16:23:00.863Z"}},{"iob":0.213,"basaliob":-0.029,"bolussnooze":0.0031,"activity":0.0046,"lastBolusTime":1703513301313,"time":"2023-12-25T16:28:00.863Z","iobWithZeroTemp":{"iob":0.057,"basaliob":-0.185,"bolussnooze":0.0031,"activity":0.003,"lastBolusTime":1703513301313,"time":"2023-12-25T16:28:00.863Z"}},{"iob":0.191,"basaliob":-0.026,"bolussnooze":0.0021,"activity":0.0042,"lastBolusTime":1703513301313,"time":"2023-12-25T16:33:00.863Z","iobWithZeroTemp":{"iob":0.032,"basaliob":-0.185,"bolussnooze":0.0021,"activity":0.0025,"lastBolusTime":1703513301313,"time":"2023-12-25T16:33:00.863Z"}},{"iob":0.171,"basaliob":-0.023,"bolussnooze":0.0013,"activity":0.0038,"lastBolusTime":1703513301313,"time":"2023-12-25T16:38:00.863Z","iobWithZeroTemp":{"iob":0.01,"basaliob":-0.184,"bolussnooze":0.0013,"activity":0.0021,"lastBolusTime":1703513301313,"time":"2023-12-25T16:38:00.863Z"}},{"iob":0.153,"basaliob":-0.021,"bolussnooze":8.0E-4,"activity":0.0034,"lastBolusTime":1703513301313,"time":"2023-12-25T16:43:00.863Z","iobWithZeroTemp":{"iob":-0.01,"basaliob":-0.184,"bolussnooze":8.0E-4,"activity":0.0016,"lastBolusTime":1703513301313,"time":"2023-12-25T16:43:00.863Z"}},{"iob":0.137,"basaliob":-0.018,"bolussnooze":4.0E-4,"activity":0.0032,"lastBolusTime":1703513301313,"time":"2023-12-25T16:48:00.863Z","iobWithZeroTemp":{"iob":-0.028,"basaliob":-0.183,"bolussnooze":4.0E-4,"activity":0.0014,"lastBolusTime":1703513301313,"time":"2023-12-25T16:48:00.863Z"}},{"iob":0.122,"basaliob":-0.016,"bolussnooze":2.0E-4,"activity":0.0028,"lastBolusTime":1703513301313,"time":"2023-12-25T16:53:00.863Z","iobWithZeroTemp":{"iob":-0.045,"basaliob":-0.183,"bolussnooze":2.0E-4,"activity":0.001,"lastBolusTime":1703513301313,"time":"2023-12-25T16:53:00.863Z"}},{"iob":0.109,"basaliob":-0.014,"bolussnooze":1.0E-4,"activity":0.0026,"lastBolusTime":1703513301313,"time":"2023-12-25T16:58:00.863Z","iobWithZeroTemp":{"iob":-0.06,"basaliob":-0.183,"bolussnooze":1.0E-4,"activity":7.0E-4,"lastBolusTime":1703513301313,"time":"2023-12-25T16:58:00.863Z"}},{"iob":0.096,"basaliob":-0.013,"bolussnooze":0,"activity":0.0023,"lastBolusTime":1703513301313,"time":"2023-12-25T17:03:00.863Z","iobWithZeroTemp":{"iob":-0.074,"basaliob":-0.183,"bolussnooze":0,"activity":4.0E-4,"lastBolusTime":1703513301313,"time":"2023-12-25T17:03:00.863Z"}},{"iob":0.086,"basaliob":-0.011,"bolussnooze":0,"activity":0.0021,"lastBolusTime":1703513301313,"time":"2023-12-25T17:08:00.863Z","iobWithZeroTemp":{"iob":-0.086,"basaliob":-0.183,"bolussnooze":0,"activity":2.0E-4,"lastBolusTime":1703513301313,"time":"2023-12-25T17:08:00.863Z"}},{"iob":0.075,"basaliob":-0.01,"bolussnooze":0,"activity":0.0018,"lastBolusTime":1703513301313,"time":"2023-12-25T17:13:00.863Z","iobWithZeroTemp":{"iob":-0.098,"basaliob":-0.183,"bolussnooze":0,"activity":-1.0E-4,"lastBolusTime":1703513301313,"time":"2023-12-25T17:13:00.863Z"}},{"iob":0.066,"basaliob":-0.009,"bolussnooze":0,"activity":0.0017,"lastBolusTime":1703513301313,"time":"2023-12-25T17:18:00.863Z","iobWithZeroTemp":{"iob":-0.108,"basaliob":-0.183,"bolussnooze":0,"activity":-3.0E-4,"lastBolusTime":1703513301313,"time":"2023-12-25T17:18:00.863Z"}},{"iob":0.058,"basaliob":-0.008,"bolussnooze":0,"activity":0.0015,"lastBolusTime":1703513301313,"time":"2023-12-25T17:23:00.863Z","iobWithZeroTemp":{"iob":-0.117,"basaliob":-0.183,"bolussnooze":0,"activity":-5.0E-4,"lastBolusTime":1703513301313,"time":"2023-12-25T17:23:00.863Z"}},{"iob":0.051,"basaliob":-0.007,"bolussnooze":0,"activity":0.0013,"lastBolusTime":1703513301313,"time":"2023-12-25T17:28:00.863Z","iobWithZeroTemp":{"iob":-0.125,"basaliob":-0.183,"bolussnooze":0,"activity":-7.0E-4,"lastBolusTime":1703513301313,"time":"2023-12-25T17:28:00.863Z"}},{"iob":0.045,"basaliob":-0.006,"bolussnooze":0,"activity":0.0012,"lastBolusTime":1703513301313,"time":"2023-12-25T17:33:00.863Z","iobWithZeroTemp":{"iob":-0.132,"basaliob":-0.183,"bolussnooze":0,"activity":-8.0E-4,"lastBolusTime":1703513301313,"time":"2023-12-25T17:33:00.863Z"}},{"iob":0.04,"basaliob":-0.005,"bolussnooze":0,"activity":0.0011,"lastBolusTime":1703513301313,"time":"2023-12-25T17:38:00.863Z","iobWithZeroTemp":{"iob":-0.137,"basaliob":-0.182,"bolussnooze":0,"activity":-9.0E-4,"lastBolusTime":1703513301313,"time":"2023-12-25T17:38:00.863Z"}},{"iob":0.035,"basaliob":-0.004,"bolussnooze":0,"activity":0.001,"lastBolusTime":1703513301313,"time":"2023-12-25T17:43:00.863Z","iobWithZeroTemp":{"iob":-0.143,"basaliob":-0.182,"bolussnooze":0,"activity":-0.001,"lastBolusTime":1703513301313,"time":"2023-12-25T17:43:00.863Z"}},{"iob":0.03,"basaliob":-0.004,"bolussnooze":0,"activity":8.0E-4,"lastBolusTime":1703513301313,"time":"2023-12-25T17:48:00.863Z","iobWithZeroTemp":{"iob":-0.148,"basaliob":-0.182,"bolussnooze":0,"activity":-0.0013,"lastBolusTime":1703513301313,"time":"2023-12-25T17:48:00.863Z"}},{"iob":0.027,"basaliob":-0.003,"bolussnooze":0,"activity":7.0E-4,"lastBolusTime":1703513301313,"time":"2023-12-25T17:53:00.863Z","iobWithZeroTemp":{"iob":-0.152,"basaliob":-0.182,"bolussnooze":0,"activity":-0.0014,"lastBolusTime":1703513301313,"time":"2023-12-25T17:53:00.863Z"}},{"iob":0.023,"basaliob":-0.003,"bolussnooze":0,"activity":6.0E-4,"lastBolusTime":1703513301313,"time":"2023-12-25T17:58:00.863Z","iobWithZeroTemp":{"iob":-0.156,"basaliob":-0.182,"bolussnooze":0,"activity":-0.0015,"lastBolusTime":1703513301313,"time":"2023-12-25T17:58:00.863Z"}},{"iob":0.02,"basaliob":-0.002,"bolussnooze":0,"activity":5.0E-4,"lastBolusTime":1703513301313,"time":"2023-12-25T18:03:00.863Z","iobWithZeroTemp":{"iob":-0.16,"basaliob":-0.182,"bolussnooze":0,"activity":-0.0016,"lastBolusTime":1703513301313,"time":"2023-12-25T18:03:00.863Z"}},{"iob":0.017,"basaliob":-0.002,"bolussnooze":0,"activity":5.0E-4,"lastBolusTime":1703513301313,"time":"2023-12-25T18:08:00.863Z","iobWithZeroTemp":{"iob":-0.163,"basaliob":-0.182,"bolussnooze":0,"activity":-0.0016,"lastBolusTime":1703513301313,"time":"2023-12-25T18:08:00.863Z"}},{"iob":0.014,"basaliob":-0.002,"bolussnooze":0,"activity":4.0E-4,"lastBolusTime":1703513301313,"time":"2023-12-25T18:13:00.863Z","iobWithZeroTemp":{"iob":-0.166,"basaliob":-0.182,"bolussnooze":0,"activity":-0.0017,"lastBolusTime":1703513301313,"time":"2023-12-25T18:13:00.863Z"}},{"iob":0.013,"basaliob":-0.001,"bolussnooze":0,"activity":4.0E-4,"lastBolusTime":1703513301313,"time":"2023-12-25T18:18:00.863Z","iobWithZeroTemp":{"iob":-0.168,"basaliob":-0.182,"bolussnooze":0,"activity":-0.0017,"lastBolusTime":1703513301313,"time":"2023-12-25T18:18:00.863Z"}},{"iob":0.011,"basaliob":-0.001,"bolussnooze":0,"activity":4.0E-4,"lastBolusTime":1703513301313,"time":"2023-12-25T18:23:00.863Z","iobWithZeroTemp":{"iob":-0.17,"basaliob":-0.182,"bolussnooze":0,"activity":-0.0017,"lastBolusTime":1703513301313,"time":"2023-12-25T18:23:00.863Z"}},{"iob":0.009,"basaliob":-0.001,"bolussnooze":0,"activity":3.0E-4,"lastBolusTime":1703513301313,"time":"2023-12-25T18:28:00.863Z","iobWithZeroTemp":{"iob":-0.172,"basaliob":-0.182,"bolussnooze":0,"activity":-0.0018,"lastBolusTime":1703513301313,"time":"2023-12-25T18:28:00.863Z"}}],"profile":{"max_iob":10,"type":"current","max_daily_basal":0.41,"max_basal":0.5,"min_bg":75,"max_bg":75,"target_bg":75,"carb_ratio":7.639,"sens":140.517,"max_daily_safety_multiplier":3,"current_basal_safety_multiplier":4,"lgsThreshold":95,"high_temptarget_raises_sensitivity":true,"low_temptarget_lowers_sensitivity":true,"sensitivity_raises_target":true,"resistance_lowers_target":true,"adv_target_adjustments":false,"exercise_mode":false,"half_basal_exercise_target":160,"maxCOB":120,"skip_neutral_temps":false,"remainingCarbsCap":90,"enableUAM":true,"A52_risk_enable":false,"SMBInterval":3,"enableSMB_with_COB":true,"enableSMB_with_temptarget":true,"allowSMB_with_high_temptarget":false,"enableSMB_always":false,"enableSMB_after_carbs":true,"maxSMBBasalMinutes":30,"maxUAMSMBBasalMinutes":40,"bolus_increment":0.05,"carbsReqThreshold":4,"current_basal":0.15,"temptargetSet":true,"autosens_max":1.3,"autosens_min":0.7,"variable_sens":89.3,"insulinDivisor":75,"TDD":17.395923361904757},"autosens_data":{"ratio":1.1176966049358465},"meal_data":{"carbs":25,"mealCOB":0,"slopeFromMaxDeviation":-0.8009999999999999,"slopeFromMinDeviation":0.09057142857142862,"lastBolusTime":1703513301313,"lastCarbTime":1703505757237},"microBolusAllowed":true,"currentTime":1703514782492,"flatBGsDetected":false,"tdd1D":15.581666666666663,"tdd7D":15.151547619047617,"tddLast24H":16.93483333333333,"tddLast4H":6.273333333333333,"tddLast8to4H":2.4873333333333334},"output":{"temp":"absolute","bg":164,"tick":-5,"eventualBG":41,"targetBG":75,"insulinReq":0,"deliverAt":"2023-12-25T14:33:02.492Z","sensitivityRatio":1.3,"variable_sens":89.3,"predBGs":{"IOB":[164,158,152,146,139,132,125,118,110,103,95,87,79,71,62,54,45,39],"ZT":[164,155,145,136,127,117,108,98,89,79,69,60,50,39,39,39,39,39,39,39,39,39,39,39,39,39,39,39,39,39,39,39,39,39,39,39,39,39,39,39,39,39,39,39,39,39,39,39],"UAM":[164,158,151,143,134,125,115,106,97,88,78,69,59,49,39]},"reason":"COB: 0, Dev: 22, BGI: -9, ISF: 89, CR: 7.64, Target: 75, minPredBG -56, minGuardBG -97, IOBpredBG 39, UAMpredBG 39; minGuardBG -97<95 115m left and 0 ~ req 0U\/hr: no temp required","COB":0,"IOB":1.622,"timestamp":"2023-12-25T14:33:02.522Z"}}