{"algorithm":"OpenAPSSMBDynamicISFPlugin","input":{"glucoseStatus":{"glucose":83,"noise":0,"delta":-0.72,"short_avgdelta":-0.72,"long_avgdelta":-1.23,"date":1703541758000},"currenttemp":{"temp":"absolute","duration":46,"rate":0,"minutesrunning":14},"iob_data":[{"iob":-0.199,"basaliob":-0.357,"bolussnooze":0,"activity":-3.0E-4,"lastBolusTime":1703534590488,"time":"2023-12-25T22:03:02.663Z","iobWithZeroTemp":{"iob":-0.199,"basaliob":-0.357,"bolussnooze":0,"activity":-3.0E-4,"lastBolusTime":1703534590488,"time":"2023-12-25T22:03:02.663Z"}},{"iob":-0.197,"basaliob":-0.338,"bolussnooze":0,"activity":-6.0E-4,"lastBolusTime":1703534590488,"time":"2023-12-25T22:08:02.663Z","iobWithZeroTemp":{"iob":-0.215,"basaliob":-0.356,"bolussnooze":0,"activity":-6.0E-4,"lastBolusTime":1703534590488,"time":"2023-12-25T22:08:02.663Z"}},{"iob":-0.193,"basaliob":-0.319,"bolussnooze":0,"activity":-9.0E-4,"lastBolusTime":1703534590488,"time":"2023-12-25T22:13:02.663Z","iobWithZeroTemp":{"iob":-0.234,"basaliob":-0.36,"bolussnooze":0,"activity":-0.001,"lastBolusTime":1703534590488,"time":"2023-12-25T22:13:02.663Z"}},{"iob":-0.188,"basaliob":-0.3,"bolussnooze":0,"activity":-0.0012,"lastBolusTime":1703534590488,"time":"2023-12-25T22:18:02.663Z","iobWithZeroTemp":{"iob":-0.251,"basaliob":-0.363,"bolussnooze":0,"activity":-0.0014,"lastBolusTime":1703534590488,"time":"2023-12-25T22:18:02.663Z"}},{"iob":-0.181,"basaliob":-0.281,"bolussnooze":0,"activity":-0.0013,"lastBolusTime":1703534590488,"time":"2023-12-25T22:23:02.663Z","iobWithZeroTemp":{"iob":-0.266,"basaliob":-0.366,"bolussnooze":0,"activity":-0.0016,"lastBolusTime":1703534590488,"time":"2023-12-25T22:23:02.663Z"}},{"iob":-0.175,"basaliob":-0.263,"bolussnooze":0,"activity":-0.0015,"lastBolusTime":1703534590488,"time":"2023-12-25T22:28:02.663Z","iobWithZeroTemp":{"iob":-0.281,"basaliob":-0.369,"bolussnooze":0,"activity":-0.002,"lastBolusTime":1703534590488,"time":"2023-12-25T22:28:02.663Z"}},{"iob":-0.167,"basaliob":-0.245,"bolussnooze":0,"activity":-0.0016,"lastBolusTime":1703534590488,"time":"2023-12-25T22:33:02.663Z","iobWithZeroTemp":{"iob":-0.293,"basaliob":-0.371,"bolussnooze":0,"activity":-0.0023,"lastBolusTime":1703534590488,"time":"2023-12-25T22:33:02.663Z"}},{"iob":-0.158,"basaliob":-0.227,"bolussnooze":0,"activity":-0.0017,"lastBolusTime":1703534590488,"time":"2023-12-25T22:38:02.663Z","iobWithZeroTemp":{"iob":-0.303,"basaliob":-0.372,"bolussnooze":0,"activity":-0.0025,"lastBolusTime":1703534590488,"time":"2023-12-25T22:38:02.663Z"}},{"iob":-0.15,"basaliob":-0.211,"bolussnooze":0,"activity":-0.0016,"lastBolusTime":1703534590488,"time":"2023-12-25T22:43:02.663Z","iobWithZeroTemp":{"iob":-0.313,"basaliob":-0.374,"bolussnooze":0,"activity":-0.0026,"lastBolusTime":1703534590488,"time":"2023-12-25T22:43:02.663Z"}},{"iob":-0.141,"basaliob":-0.195,"bolussnooze":0,"activity":-0.0017,"lastBolusTime":1703534590488,"time":"2023-12-25T22:48:02.663Z","iobWithZeroTemp":{"iob":-0.322,"basaliob":-0.376,"bolussnooze":0,"activity":-0.0029,"lastBolusTime":1703534590488,"time":"2023-12-25T22:48:02.663Z"}},{"iob":-0.133,"basaliob":-0.18,"bolussnooze":0,"activity":-0.0017,"lastBolusTime":1703534590488,"time":"2023-12-25T22:53:02.663Z","iobWithZeroTemp":{"iob":-0.33,"basaliob":-0.377,"bolussnooze":0,"activity":-0.0031,"lastBolusTime":1703534590488,"time":"2023-12-25T22:53:02.663Z"}},{"iob":-0.125,"basaliob":-0.166,"bolussnooze":0,"activity":-0.0016,"lastBolusTime":1703534590488,"time":"2023-12-25T22:58:02.663Z","iobWithZeroTemp":{"iob":-0.337,"basaliob":-0.378,"bolussnooze":0,"activity":-0.0032,"lastBolusTime":1703534590488,"time":"2023-12-25T22:58:02.663Z"}},{"iob":-0.117,"basaliob":-0.153,"bolussnooze":0,"activity":-0.0016,"lastBolusTime":1703534590488,"time":"2023-12-25T23:03:02.663Z","iobWithZeroTemp":{"iob":-0.343,"basaliob":-0.379,"bolussnooze":0,"activity":-0.0034,"lastBolusTime":1703534590488,"time":"2023-12-25T23:03:02.663Z"}},{"iob":-0.109,"basaliob":-0.14,"bolussnooze":0,"activity":-0.0015,"lastBolusTime":1703534590488,"time":"2023-12-25T23:08:02.663Z","iobWithZeroTemp":{"iob":-0.348,"basaliob":-0.379,"bolussnooze":0,"activity":-0.0035,"lastBolusTime":1703534590488,"time":"2023-12-25T23:08:02.663Z"}},{"iob":-0.102,"basaliob":-0.129,"bolussnooze":0,"activity":-0.0015,"lastBolusTime":1703534590488,"time":"2023-12-25T23:13:02.663Z","iobWithZeroTemp":{"iob":-0.353,"basaliob":-0.38,"bolussnooze":0,"activity":-0.0037,"lastBolusTime":1703534590488,"time":"2023-12-25T23:13:02.663Z"}},{"iob":-0.095,"basaliob":-0.118,"bolussnooze":0,"activity":-0.0014,"lastBolusTime":1703534590488,"time":"2023-12-25T23:18:02.663Z","iobWithZeroTemp":{"iob":-0.357,"basaliob":-0.38,"bolussnooze":0,"activity":-0.0037,"lastBolusTime":1703534590488,"time":"2023-12-25T23:18:02.663Z"}},{"iob":-0.087,"basaliob":-0.107,"bolussnooze":0,"activity":-0.0014,"lastBolusTime":1703534590488,"time":"2023-12-25T23:23:02.663Z","iobWithZeroTemp":{"iob":-0.359,"basaliob":-0.379,"bolussnooze":0,"activity":-0.0039,"lastBolusTime":1703534590488,"time":"2023-12-25T23:23:02.663Z"}},{"iob":-0.081,"basaliob":-0.098,"bolussnooze":0,"activity":-0.0013,"lastBolusTime":1703534590488,"time":"2023-12-25T23:28:02.663Z","iobWithZeroTemp":{"iob":-0.363,"basaliob":-0.38,"bolussnooze":0,"activity":-0.0039,"lastBolusTime":1703534590488,"time":"2023-12-25T23:28:02.663Z"}},{"iob":-0.074,"basaliob":-0.089,"bolussnooze":0,"activity":-0.0012,"lastBolusTime":1703534590488,"time":"2023-12-25T23:33:02.663Z","iobWithZeroTemp":{"iob":-0.365,"basaliob":-0.38,"bolussnooze":0,"activity":-0.004,"lastBolusTime":1703534590488,"time":"2023-12-25T23:33:02.663Z"}},{"iob":-0.068,"basaliob":-0.081,"bolussnooze":0,"activity":-0.0012,"lastBolusTime":1703534590488,"time":"2023-12-25T23:38:02.663Z","iobWithZeroTemp":{"iob":-0.367,"basaliob":-0.38,"bolussnooze":0,"activity":-0.0041,"lastBolusTime":1703534590488,"time":"2023-12-25T23:38:02.663Z"}},{"iob":-0.063,"basaliob":-0.074,"bolussnooze":0,"activity":-0.001,"lastBolusTime":1703534590488,"time":"2023-12-25T23:43:02.663Z","iobWithZeroTemp":{"iob":-0.369,"basaliob":-0.38,"bolussnooze":0,"activity":-0.0041,"lastBolusTime":1703534590488,"time":"2023-12-25T23:43:02.663Z"}},{"iob":-0.058,"basaliob":-0.067,"bolussnooze":0,"activity":-0.001,"lastBolusTime":1703534590488,"time":"2023-12-25T23:48:02.663Z","iobWithZeroTemp":{"iob":-0.371,"basaliob":-0.38,"bolussnooze":0,"activity":-0.0042,"lastBolusTime":1703534590488,"time":"2023-12-25T23:48:02.663Z"}},{"iob":-0.052,"basaliob":-0.06,"bolussnooze":0,"activity":-9.0E-4,"lastBolusTime":1703534590488,"time":"2023-12-25T23:53:02.663Z","iobWithZeroTemp":{"iob":-0.371,"basaliob":-0.379,"bolussnooze":0,"activity":-0.0042,"lastBolusTime":1703534590488,"time":"2023-12-25T23:53:02.663Z"}},{"iob":-0.048,"basaliob":-0.054,"bolussnooze":0,"activity":-9.0E-4,"lastBolusTime":1703534590488,"time":"2023-12-25T23:58:02.663Z","iobWithZeroTemp":{"iob":-0.373,"basaliob":-0.379,"bolussnooze":0,"activity":-0.0043,"lastBolusTime":1703534590488,"time":"2023-12-25T23:58:02.663Z"}},{"iob":-0.044,"basaliob":-0.049,"bolussnooze":0,"activity":-8.0E-4,"lastBolusTime":1703534590488,"time":"2023-12-26T00:03:02.663Z","iobWithZeroTemp":{"iob":-0.372,"basaliob":-0.377,"bolussnooze":0,"activity":-0.0043,"lastBolusTime":1703534590488,"time":"2023-12-26T00:03:02.663Z"}},{"iob":-0.04,"basaliob":-0.044,"bolussnooze":0,"activity":-7.0E-4,"lastBolusTime":1703534590488,"time":"2023-12-26T00:08:02.663Z","iobWithZeroTemp":{"iob":-0.371,"basaliob":-0.375,"bolussnooze":0,"activity":-0.0043,"lastBolusTime":1703534590488,"time":"2023-12-26T00:08:02.663Z"}},{"iob":-0.036,"basaliob":-0.04,"bolussnooze":0,"activity":-8.0E-4,"lastBolusTime":1703534590488,"time":"2023-12-26T00:13:02.663Z","iobWithZeroTemp":{"iob":-0.369,"basaliob":-0.373,"bolussnooze":0,"activity":-0.0044,"lastBolusTime":1703534590488,"time":"2023-12-26T00:13:02.663Z"}},{"iob":-0.033,"basaliob":-0.036,"bolussnooze":0,"activity":-7.0E-4,"lastBolusTime":1703534590488,"time":"2023-12-26T00:18:02.663Z","iobWithZeroTemp":{"iob":-0.368,"basaliob":-0.371,"bolussnooze":0,"activity":-0.0044,"lastBolusTime":1703534590488,"time":"2023-12-26T00:18:02.663Z"}},{"iob":-0.029,"basaliob":-0.032,"bolussnooze":0,"activity":-6.0E-4,"lastBolusTime":1703534590488,"time":"2023-12-26T00:23:02.663Z","iobWithZeroTemp":{"iob":-0.366,"basaliob":-0.369,"bolussnooze":0,"activity":-0.0043,"lastBolusTime":1703534590488,"time":"2023-12-26T00:23:02.663Z"}},{"iob":-0.027,"basaliob":-0.029,"bolussnooze":0,"activity":-5.0E-4,"lastBolusTime":1703534590488,"time":"2023-12-26T00:28:02.663Z","iobWithZeroTemp":{"iob":-0.365,"basaliob":-0.367,"bolussnooze":0,"activity":-0.0043,"lastBolusTime":1703534590488,"time":"2023-12-26T00:28:02.663Z"}},{"iob":-0.023,"basaliob":-0.025,"bolussnooze":0,"activity":-5.0E-4,"lastBolusTime":1703534590488,"time":"2023-12-26T00:33:02.663Z","iobWithZeroTemp":{"iob":-0.362,"basaliob":-0.364,"bolussnooze":0,"activity":-0.0043,"lastBolusTime":1703534590488,"time":"2023-12-26T00:33:02.663Z"}},{"iob":-0.021,"basaliob":-0.023,"bolussnooze":0,"activity":-4.0E-4,"lastBolusTime":1703534590488,"time":"2023-12-26T00:38:02.663Z","iobWithZeroTemp":{"iob":-0.361,"basaliob":-0.363,"bolussnooze":0,"activity":-0.0043,"lastBolusTime":1703534590488,"time":"2023-12-26T00:38:02.663Z"}},{"iob":-0.019,"basaliob":-0.02,"bolussnooze":0,"activity":-5.0E-4,"lastBolusTime":1703534590488,"time":"2023-12-26T00:43:02.663Z","iobWithZeroTemp":{"iob":-0.36,"basaliob":-0.361,"bolussnooze":0,"activity":-0.0044,"lastBolusTime":1703534590488,"time":"2023-12-26T00:43:02.663Z"}},{"iob":-0.017,"basaliob":-0.018,"bolussnooze":0,"activity":-4.0E-4,"lastBolusTime":1703534590488,"time":"2023-12-26T00:48:02.663Z","iobWithZeroTemp":{"iob":-0.359,"basaliob":-0.36,"bolussnooze":0,"activity":-0.0043,"lastBolusTime":1703534590488,"time":"2023-12-26T00:48:02.663Z"}},{"iob":-0.015,"basaliob":-0.016,"bolussnooze":0,"activity":-4.0E-4,"lastBolusTime":1703534590488,"time":"2023-12-26T00:53:02.663Z","iobWithZeroTemp":{"iob":-0.357,"basaliob":-0.358,"bolussnooze":0,"activity":-0.0044,"lastBolusTime":1703534590488,"time":"2023-12-26T00:53:02.663Z"}},{"iob":-0.013,"basaliob":-0.014,"bolussnooze":0,"activity":-3.0E-4,"lastBolusTime":1703534590488,"time":"2023-12-26T00:58:02.663Z","iobWithZeroTemp":{"iob":-0.356,"basaliob":-0.357,"bolussnooze":0,"activity":-0.0043,"lastBolusTime":1703534590488,"time":"2023-12-26T00:58:02.663Z"}},{"iob":-0.011,"basaliob":-0.012,"bolussnooze":0,"activity":-3.0E-4,"lastBolusTime":1703534590488,"time":"2023-12-26T01:03:02.663Z","iobWithZeroTemp":{"iob":-0.35,"basaliob":-0.351,"bolussnooze":0,"activity":-0.0043,"lastBolusTime":1703534590488,"time":"2023-12-26T01:03:02.663Z"}},{"iob":-0.011,"basaliob":-0.011,"bolussnooze":0,"activity":-3.0E-4,"lastBolusTime":1703534590488,"time":"2023-12-26T01:08:02.663Z","iobWithZeroTemp":{"iob":-0.347,"basaliob":-0.347,"bolussnooze":0,"activity":-0.0043,"lastBolusTime":1703534590488,"time":"2023-12-26T01:08:02.663Z"}},{"iob":-0.01,"basaliob":-0.01,"bolussnooze":0,"activity":-3.0E-4,"lastBolusTime":1703534590488,"time":"2023-12-26T01:13:02.663Z","iobWithZeroTemp":{"iob":-0.342,"basaliob":-0.342,"bolussnooze":0,"activity":-0.0043,"lastBolusTime":1703534590488,"time":"2023-12-26T01:13:02.663Z"}},{"iob":-0.008,"basaliob":-0.008,"bolussnooze":0,"activity":-2.0E-4,"lastBolusTime":1703534590488,"time":"2023-12-26T01:18:02.663Z","iobWithZeroTemp":{"iob":-0.337,"basaliob":-0.337,"bolussnooze":0,"activity":-0.0042,"lastBolusTime":1703534590488,"time":"2023-12-26T01:18:02.663Z"}},{"iob":-0.007,"basaliob":-0.007,"bolussnooze":0,"activity":-2.0E-4,"lastBolusTime":1703534590488,"time":"2023-12-26T01:23:02.663Z","iobWithZeroTemp":{"iob":-0.333,"basaliob":-0.333,"bolussnooze":0,"activity":-0.0042,"lastBolusTime":1703534590488,"time":"2023-12-26T01:23:02.663Z"}},{"iob":-0.006,"basaliob":-0.006,"bolussnooze":0,"activity":-2.0E-4,"lastBolusTime":1703534590488,"time":"2023-12-26T01:28:02.663Z","iobWithZeroTemp":{"iob":-0.329,"basaliob":-0.329,"bolussnooze":0,"activity":-0.0041,"lastBolusTime":1703534590488,"time":"2023-12-26T01:28:02.663Z"}},{"iob":-0.006,"basaliob":-0.006,"bolussnooze":0,"activity":-2.0E-4,"lastBolusTime":1703534590488,"time":"2023-12-26T01:33:02.663Z","iobWithZeroTemp":{"iob":-0.326,"basaliob":-0.326,"bolussnooze":0,"activity":-0.0041,"lastBolusTime":1703534590488,"time":"2023-12-26T01:33:02.663Z"}},{"iob":-0.005,"basaliob":-0.005,"bolussnooze":0,"activity":-1.0E-4,"lastBolusTime":1703534590488,"time":"2023-12-26T01:38:02.663Z","iobWithZeroTemp":{"iob":-0.322,"basaliob":-0.322,"bolussnooze":0,"activity":-0.004,"lastBolusTime":1703534590488,"time":"2023-12-26T01:38:02.663Z"}},{"iob":-0.004,"basaliob":-0.004,"bolussnooze":0,"activity":-1.0E-4,"lastBolusTime":1703534590488,"time":"2023-12-26T01:43:02.663Z","iobWithZeroTemp":{"iob":-0.318,"basaliob":-0.318,"bolussnooze":0,"activity":-0.004,"lastBolusTime":1703534590488,"time":"2023-12-26T01:43:02.663Z"}},{"iob":-0.004,"basaliob":-0.004,"bolussnooze":0,"activity":-1.0E-4,"lastBolusTime":1703534590488,"time":"2023-12-26T01:48:02.663Z","iobWithZeroTemp":{"iob":-0.315,"basaliob":-0.315,"bolussnooze":0,"activity":-0.0039,"lastBolusTime":1703534590488,"time":"2023-12-26T01:48:02.663Z"}},{"iob":-0.003,"basaliob":-0.003,"bolussnooze":0,"activity":-1.0E-4,"lastBolusTime":1703534590488,"time":"2023-12-26T01:53:02.663Z","iobWithZeroTemp":{"iob":-0.312,"basaliob":-0.312,"bolussnooze":0,"activity":-0.0039,"lastBolusTime":1703534590488,"time":"2023-12-26T01:53:02.663Z"}},{"iob":-0.003,"basaliob":-0.003,"bolussnooze":0,"activity":-1.0E-4,"lastBolusTime":1703534590488,"time":"2023-12-26T01:58:02.663Z","iobWithZeroTemp":{"iob":-0.309,"basaliob":-0.309,"bolussnooze":0,"activity":-0.0039,"lastBolusTime":1703534590488,"time":"2023-12-26T01:58:02.663Z"}}],"profile":{"max_iob":10,"type":"current","max_daily_basal":0.41,"max_basal":1.1,"min_bg":130,"max_bg":130,"target_bg":130,"carb_ratio":7.639,"sens":140.517,"max_daily_safety_multiplier":3,"current_basal_safety_multiplier":4,"lgsThreshold":95,"high_temptarget_raises_sensitivity":true,"low_temptarget_lowers_sensitivity":true,"sensitivity_raises_target":true,"resistance_lowers_target":true,"adv_target_adjustments":false,"exercise_mode":false,"half_basal_exercise_target":160,"maxCOB":120,"skip_neutral_temps":false,"remainingCarbsCap":90,"enableUAM":true,"A52_risk_enable":false,"SMBInterval":3,"enableSMB_with_COB":true,"enableSMB_with_temptarget":true,"allowSMB_with_high_temptarget":false,"enableSMB_always":false,"enableSMB_after_carbs":true,"maxSMBBasalMinutes":30,"maxUAMSMBBasalMinutes":40,"bolus_increment":0.05,"carbsReqThreshold":4,"current_basal":0.3,"temptargetSet":true,"autosens_max":1.3,"autosens_min":0.7,"variable_sens":177.6,"insulinDivisor":75,"TDD":13.602245011904762},"autosens_data":{"ratio":1.0201268140139705},"meal_data":{"carbs":20,"mealCOB":0,"slopeFromMaxDeviation":-0.09145454545454546,"slopeFromMinDeviation":0.3635,"lastBolusTime":1703534590488,"lastCarbTime":1703529089478},"microBolusAllowed":true,"currentTime":1703541784478,"flatBGsDetected":false,"tdd1D":15.581666666666663,"tdd7D":15.151547619047617,"tddLast24H":15.456500000000005,"tddLast4H":3.329166666666667,"tddLast8to4H":1.8433333333333335},"output":{"temp":"absolute","bg":83,"tick":-1,"eventualBG":109,"targetBG":130,"insulinReq":0,"deliverAt":"2023-12-25T22:03:04.478Z","sensitivityRatio":0.67,"variable_sens":177.6,"predBGs":{"IOB":[83,82,82,82,83,83,84,85,86,87,89,90,91,93,94,95,96,97,98,99,100,101,102,102,103,104,104,105,105,106,106,107,107,107,108,108,108,108,109,109,109,109,109,109,109,109,110],"ZT":[83,83,84,85,86,87,89,91,93,95,97,100,102,105,108,110,113,116,119,122,124,127,130]},"reason":"COB: 0, Dev: -9, BGI: 0, ISF: 178, CR: 7.64, Target: 130, minPredBG 87, minGuardBG 82, IOBpredBG 110; minGuardBG 82<95","COB":0,"IOB":-0.199,"duration":60,"rate":0,"timestamp":"2023-12-25T22:03:04.509Z"}}