{"algorithm":"OpenAPSSMBDynamicISFPlugin","input":{"glucoseStatus":{"glucose":137,"noise":0,"delta":0.83,"short_avgdelta":0.83,"long_avgdelta":1.14,"date":1703693262000},"currenttemp":{"temp":"absolute","duration":25,"rate":0.25,"minutesrunning":5},"iob_data":[{"iob":0.77,"basaliob":-0.111,"bolussnooze":0.2641,"activity":0.0126,"lastBolusTime":1703690957983,"time":"2023-12-27T16:08:03.441Z","iobWithZeroTemp":{"iob":0.77,"basaliob":-0.111,"bolussnooze":0.2641,"activity":0.0126,"lastBolusTime":1703690957983,"time":"2023-12-27T16:08:03.441Z"}},{"iob":0.709,"basaliob":-0.104,"bolussnooze":0.2244,"activity":0.0118,"lastBolusTime":1703690957983,"time":"2023-12-27T16:13:03.441Z","iobWithZeroTemp":{"iob":0.702,"basaliob":-0.111,"bolussnooze":0.2244,"activity":0.0118,"lastBolusTime":1703690957983,"time":"2023-12-27T16:13:03.441Z"}},{"iob":0.651,"basaliob":-0.097,"bolussnooze":0.1893,"activity":0.0112,"lastBolusTime":1703690957983,"time":"2023-12-27T16:18:03.441Z","iobWithZeroTemp":{"iob":0.636,"basaliob":-0.112,"bolussnooze":0.1893,"activity":0.0112,"lastBolusTime":1703690957983,"time":"2023-12-27T16:18:03.441Z"}},{"iob":0.597,"basaliob":-0.09,"bolussnooze":0.1586,"activity":0.0104,"lastBolusTime":1703690957983,"time":"2023-12-27T16:23:03.441Z","iobWithZeroTemp":{"iob":0.574,"basaliob":-0.113,"bolussnooze":0.1586,"activity":0.0103,"lastBolusTime":1703690957983,"time":"2023-12-27T16:23:03.441Z"}},{"iob":0.547,"basaliob":-0.083,"bolussnooze":0.1321,"activity":0.0097,"lastBolusTime":1703690957983,"time":"2023-12-27T16:28:03.441Z","iobWithZeroTemp":{"iob":0.516,"basaliob":-0.114,"bolussnooze":0.1321,"activity":0.0096,"lastBolusTime":1703690957983,"time":"2023-12-27T16:28:03.441Z"}},{"iob":0.5,"basaliob":-0.077,"bolussnooze":0.1093,"activity":0.0091,"lastBolusTime":1703690957983,"time":"2023-12-27T16:33:03.441Z","iobWithZeroTemp":{"iob":0.462,"basaliob":-0.115,"bolussnooze":0.1093,"activity":0.0089,"lastBolusTime":1703690957983,"time":"2023-12-27T16:33:03.441Z"}},{"iob":0.456,"basaliob":-0.071,"bolussnooze":0.0899,"activity":0.0084,"lastBolusTime":1703690957983,"time":"2023-12-27T16:38:03.441Z","iobWithZeroTemp":{"iob":0.41,"basaliob":-0.117,"bolussnooze":0.0899,"activity":0.0082,"lastBolusTime":1703690957983,"time":"2023-12-27T16:38:03.441Z"}},{"iob":0.416,"basaliob":-0.065,"bolussnooze":0.0736,"activity":0.0078,"lastBolusTime":1703690957983,"time":"2023-12-27T16:43:03.441Z","iobWithZeroTemp":{"iob":0.363,"basaliob":-0.118,"bolussnooze":0.0736,"activity":0.0075,"lastBolusTime":1703690957983,"time":"2023-12-27T16:43:03.441Z"}},{"iob":0.378,"basaliob":-0.06,"bolussnooze":0.0598,"activity":0.0073,"lastBolusTime":1703690957983,"time":"2023-12-27T16:48:03.441Z","iobWithZeroTemp":{"iob":0.319,"basaliob":-0.119,"bolussnooze":0.0598,"activity":0.0069,"lastBolusTime":1703690957983,"time":"2023-12-27T16:48:03.441Z"}},{"iob":0.343,"basaliob":-0.055,"bolussnooze":0.0484,"activity":0.0066,"lastBolusTime":1703690957983,"time":"2023-12-27T16:53:03.441Z","iobWithZeroTemp":{"iob":0.277,"basaliob":-0.121,"bolussnooze":0.0484,"activity":0.0062,"lastBolusTime":1703690957983,"time":"2023-12-27T16:53:03.441Z"}},{"iob":0.311,"basaliob":-0.05,"bolussnooze":0.0389,"activity":0.0062,"lastBolusTime":1703690957983,"time":"2023-12-27T16:58:03.441Z","iobWithZeroTemp":{"iob":0.239,"basaliob":-0.122,"bolussnooze":0.0389,"activity":0.0057,"lastBolusTime":1703690957983,"time":"2023-12-27T16:58:03.441Z"}},{"iob":0.281,"basaliob":-0.046,"bolussnooze":0.0311,"activity":0.0057,"lastBolusTime":1703690957983,"time":"2023-12-27T17:03:03.441Z","iobWithZeroTemp":{"iob":0.204,"basaliob":-0.123,"bolussnooze":0.0311,"activity":0.0051,"lastBolusTime":1703690957983,"time":"2023-12-27T17:03:03.441Z"}},{"iob":0.254,"basaliob":-0.042,"bolussnooze":0.0246,"activity":0.0052,"lastBolusTime":1703690957983,"time":"2023-12-27T17:08:03.441Z","iobWithZeroTemp":{"iob":0.172,"basaliob":-0.124,"bolussnooze":0.0246,"activity":0.0045,"lastBolusTime":1703690957983,"time":"2023-12-27T17:08:03.441Z"}},{"iob":0.23,"basaliob":-0.038,"bolussnooze":0.0194,"activity":0.0048,"lastBolusTime":1703690957983,"time":"2023-12-27T17:13:03.441Z","iobWithZeroTemp":{"iob":0.143,"basaliob":-0.125,"bolussnooze":0.0194,"activity":0.0041,"lastBolusTime":1703690957983,"time":"2023-12-27T17:13:03.441Z"}},{"iob":0.206,"basaliob":-0.035,"bolussnooze":0.0151,"activity":0.0043,"lastBolusTime":1703690957983,"time":"2023-12-27T17:18:03.441Z","iobWithZeroTemp":{"iob":0.114,"basaliob":-0.127,"bolussnooze":0.0151,"activity":0.0035,"lastBolusTime":1703690957983,"time":"2023-12-27T17:18:03.441Z"}},{"iob":0.185,"basaliob":-0.032,"bolussnooze":0.0116,"activity":0.004,"lastBolusTime":1703690957983,"time":"2023-12-27T17:23:03.441Z","iobWithZeroTemp":{"iob":0.089,"basaliob":-0.128,"bolussnooze":0.0116,"activity":0.0031,"lastBolusTime":1703690957983,"time":"2023-12-27T17:23:03.441Z"}},{"iob":0.167,"basaliob":-0.029,"bolussnooze":0.0089,"activity":0.0036,"lastBolusTime":1703690957983,"time":"2023-12-27T17:28:03.441Z","iobWithZeroTemp":{"iob":0.067,"basaliob":-0.129,"bolussnooze":0.0089,"activity":0.0027,"lastBolusTime":1703690957983,"time":"2023-12-27T17:28:03.441Z"}},{"iob":0.15,"basaliob":-0.026,"bolussnooze":0.0067,"activity":0.0033,"lastBolusTime":1703690957983,"time":"2023-12-27T17:33:03.441Z","iobWithZeroTemp":{"iob":0.046,"basaliob":-0.13,"bolussnooze":0.0067,"activity":0.0023,"lastBolusTime":1703690957983,"time":"2023-12-27T17:33:03.441Z"}},{"iob":0.134,"basaliob":-0.023,"bolussnooze":0.0049,"activity":0.003,"lastBolusTime":1703690957983,"time":"2023-12-27T17:38:03.441Z","iobWithZeroTemp":{"iob":0.027,"basaliob":-0.13,"bolussnooze":0.0049,"activity":0.002,"lastBolusTime":1703690957983,"time":"2023-12-27T17:38:03.441Z"}},{"iob":0.12,"basaliob":-0.021,"bolussnooze":0.0036,"activity":0.0027,"lastBolusTime":1703690957983,"time":"2023-12-27T17:43:03.441Z","iobWithZeroTemp":{"iob":0.01,"basaliob":-0.131,"bolussnooze":0.0036,"activity":0.0016,"lastBolusTime":1703690957983,"time":"2023-12-27T17:43:03.441Z"}},{"iob":0.107,"basaliob":-0.019,"bolussnooze":0.0025,"activity":0.0024,"lastBolusTime":1703690957983,"time":"2023-12-27T17:48:03.441Z","iobWithZeroTemp":{"iob":-0.006,"basaliob":-0.132,"bolussnooze":0.0025,"activity":0.0013,"lastBolusTime":1703690957983,"time":"2023-12-27T17:48:03.441Z"}},{"iob":0.095,"basaliob":-0.017,"bolussnooze":0.0017,"activity":0.0022,"lastBolusTime":1703690957983,"time":"2023-12-27T17:53:03.441Z","iobWithZeroTemp":{"iob":-0.021,"basaliob":-0.133,"bolussnooze":0.0017,"activity":0.001,"lastBolusTime":1703690957983,"time":"2023-12-27T17:53:03.441Z"}},{"iob":0.085,"basaliob":-0.015,"bolussnooze":0.0012,"activity":0.002,"lastBolusTime":1703690957983,"time":"2023-12-27T17:58:03.441Z","iobWithZeroTemp":{"iob":-0.033,"basaliob":-0.133,"bolussnooze":0.0012,"activity":8.0E-4,"lastBolusTime":1703690957983,"time":"2023-12-27T17:58:03.441Z"}},{"iob":0.075,"basaliob":-0.014,"bolussnooze":7.0E-4,"activity":0.0018,"lastBolusTime":1703690957983,"time":"2023-12-27T18:03:03.441Z","iobWithZeroTemp":{"iob":-0.045,"basaliob":-0.134,"bolussnooze":7.0E-4,"activity":6.0E-4,"lastBolusTime":1703690957983,"time":"2023-12-27T18:03:03.441Z"}},{"iob":0.067,"basaliob":-0.012,"bolussnooze":4.0E-4,"activity":0.0016,"lastBolusTime":1703690957983,"time":"2023-12-27T18:08:03.441Z","iobWithZeroTemp":{"iob":-0.055,"basaliob":-0.134,"bolussnooze":4.0E-4,"activity":3.0E-4,"lastBolusTime":1703690957983,"time":"2023-12-27T18:08:03.441Z"}},{"iob":0.059,"basaliob":-0.011,"bolussnooze":2.0E-4,"activity":0.0015,"lastBolusTime":1703690957983,"time":"2023-12-27T18:13:03.441Z","iobWithZeroTemp":{"iob":-0.065,"basaliob":-0.135,"bolussnooze":2.0E-4,"activity":2.0E-4,"lastBolusTime":1703690957983,"time":"2023-12-27T18:13:03.441Z"}},{"iob":0.052,"basaliob":-0.01,"bolussnooze":1.0E-4,"activity":0.0013,"lastBolusTime":1703690957983,"time":"2023-12-27T18:18:03.441Z","iobWithZeroTemp":{"iob":-0.074,"basaliob":-0.136,"bolussnooze":1.0E-4,"activity":0,"lastBolusTime":1703690957983,"time":"2023-12-27T18:18:03.441Z"}},{"iob":0.046,"basaliob":-0.009,"bolussnooze":0,"activity":0.0012,"lastBolusTime":1703690957983,"time":"2023-12-27T18:23:03.441Z","iobWithZeroTemp":{"iob":-0.081,"basaliob":-0.136,"bolussnooze":0,"activity":-2.0E-4,"lastBolusTime":1703690957983,"time":"2023-12-27T18:23:03.441Z"}},{"iob":0.04,"basaliob":-0.008,"bolussnooze":0,"activity":0.001,"lastBolusTime":1703690957983,"time":"2023-12-27T18:28:03.441Z","iobWithZeroTemp":{"iob":-0.089,"basaliob":-0.137,"bolussnooze":0,"activity":-4.0E-4,"lastBolusTime":1703690957983,"time":"2023-12-27T18:28:03.441Z"}},{"iob":0.035,"basaliob":-0.007,"bolussnooze":0,"activity":9.0E-4,"lastBolusTime":1703690957983,"time":"2023-12-27T18:33:03.441Z","iobWithZeroTemp":{"iob":-0.095,"basaliob":-0.137,"bolussnooze":0,"activity":-5.0E-4,"lastBolusTime":1703690957983,"time":"2023-12-27T18:33:03.441Z"}},{"iob":0.031,"basaliob":-0.006,"bolussnooze":0,"activity":9.0E-4,"lastBolusTime":1703690957983,"time":"2023-12-27T18:38:03.441Z","iobWithZeroTemp":{"iob":-0.1,"basaliob":-0.137,"bolussnooze":0,"activity":-6.0E-4,"lastBolusTime":1703690957983,"time":"2023-12-27T18:38:03.441Z"}},{"iob":0.028,"basaliob":-0.005,"bolussnooze":0,"activity":8.0E-4,"lastBolusTime":1703690957983,"time":"2023-12-27T18:43:03.441Z","iobWithZeroTemp":{"iob":-0.104,"basaliob":-0.137,"bolussnooze":0,"activity":-7.0E-4,"lastBolusTime":1703690957983,"time":"2023-12-27T18:43:03.441Z"}},{"iob":0.023,"basaliob":-0.005,"bolussnooze":0,"activity":7.0E-4,"lastBolusTime":1703690957983,"time":"2023-12-27T18:48:03.441Z","iobWithZeroTemp":{"iob":-0.11,"basaliob":-0.138,"bolussnooze":0,"activity":-8.0E-4,"lastBolusTime":1703690957983,"time":"2023-12-27T18:48:03.441Z"}},{"iob":0.021,"basaliob":-0.004,"bolussnooze":0,"activity":6.0E-4,"lastBolusTime":1703690957983,"time":"2023-12-27T18:53:03.441Z","iobWithZeroTemp":{"iob":-0.113,"basaliob":-0.138,"bolussnooze":0,"activity":-9.0E-4,"lastBolusTime":1703690957983,"time":"2023-12-27T18:53:03.441Z"}},{"iob":0.018,"basaliob":-0.004,"bolussnooze":0,"activity":5.0E-4,"lastBolusTime":1703690957983,"time":"2023-12-27T18:58:03.441Z","iobWithZeroTemp":{"iob":-0.117,"basaliob":-0.139,"bolussnooze":0,"activity":-0.001,"lastBolusTime":1703690957983,"time":"2023-12-27T18:58:03.441Z"}},{"iob":0.016,"basaliob":-0.003,"bolussnooze":0,"activity":4.0E-4,"lastBolusTime":1703690957983,"time":"2023-12-27T19:03:03.441Z","iobWithZeroTemp":{"iob":-0.14,"basaliob":-0.159,"bolussnooze":0,"activity":-0.0012,"lastBolusTime":1703690957983,"time":"2023-12-27T19:03:03.441Z"}},{"iob":0.013,"basaliob":-0.003,"bolussnooze":0,"activity":4.0E-4,"lastBolusTime":1703690957983,"time":"2023-12-27T19:08:03.441Z","iobWithZeroTemp":{"iob":-0.164,"basaliob":-0.18,"bolussnooze":0,"activity":-0.0012,"lastBolusTime":1703690957983,"time":"2023-12-27T19:08:03.441Z"}},{"iob":0.011,"basaliob":-0.003,"bolussnooze":0,"activity":3.0E-4,"lastBolusTime":1703690957983,"time":"2023-12-27T19:13:03.441Z","iobWithZeroTemp":{"iob":-0.187,"basaliob":-0.201,"bolussnooze":0,"activity":-0.0015,"lastBolusTime":1703690957983,"time":"2023-12-27T19:13:03.441Z"}},{"iob":0.01,"basaliob":-0.002,"bolussnooze":0,"activity":3.0E-4,"lastBolusTime":1703690957983,"time":"2023-12-27T19:18:03.441Z","iobWithZeroTemp":{"iob":-0.208,"basaliob":-0.22,"bolussnooze":0,"activity":-0.0016,"lastBolusTime":1703690957983,"time":"2023-12-27T19:18:03.441Z"}},{"iob":0.008,"basaliob":-0.002,"bolussnooze":0,"activity":2.0E-4,"lastBolusTime":1703690957983,"time":"2023-12-27T19:23:03.441Z","iobWithZeroTemp":{"iob":-0.229,"basaliob":-0.239,"bolussnooze":0,"activity":-0.0019,"lastBolusTime":1703690957983,"time":"2023-12-27T19:23:03.441Z"}},{"iob":0.007,"basaliob":-0.002,"bolussnooze":0,"activity":3.0E-4,"lastBolusTime":1703690957983,"time":"2023-12-27T19:28:03.441Z","iobWithZeroTemp":{"iob":-0.248,"basaliob":-0.257,"bolussnooze":0,"activity":-0.0019,"lastBolusTime":1703690957983,"time":"2023-12-27T19:28:03.441Z"}},{"iob":0.007,"basaliob":-0.001,"bolussnooze":0,"activity":2.0E-4,"lastBolusTime":1703690957983,"time":"2023-12-27T19:33:03.441Z","iobWithZeroTemp":{"iob":-0.266,"basaliob":-0.274,"bolussnooze":0,"activity":-0.0022,"lastBolusTime":1703690957983,"time":"2023-12-27T19:33:03.441Z"}},{"iob":0.006,"basaliob":-0.001,"bolussnooze":0,"activity":2.0E-4,"lastBolusTime":1703690957983,"time":"2023-12-27T19:38:03.441Z","iobWithZeroTemp":{"iob":-0.283,"basaliob":-0.29,"bolussnooze":0,"activity":-0.0024,"lastBolusTime":1703690957983,"time":"2023-12-27T19:38:03.441Z"}},{"iob":0.005,"basaliob":-0.001,"bolussnooze":0,"activity":2.0E-4,"lastBolusTime":1703690957983,"time":"2023-12-27T19:43:03.441Z","iobWithZeroTemp":{"iob":-0.3,"basaliob":-0.306,"bolussnooze":0,"activity":-0.0026,"lastBolusTime":1703690957983,"time":"2023-12-27T19:43:03.441Z"}},{"iob":0.004,"basaliob":-0.001,"bolussnooze":0,"activity":2.0E-4,"lastBolusTime":1703690957983,"time":"2023-12-27T19:48:03.441Z","iobWithZeroTemp":{"iob":-0.316,"basaliob":-0.321,"bolussnooze":0,"activity":-0.0027,"lastBolusTime":1703690957983,"time":"2023-12-27T19:48:03.441Z"}},{"iob":0.003,"basaliob":-0.001,"bolussnooze":0,"activity":1.0E-4,"lastBolusTime":1703690957983,"time":"2023-12-27T19:53:03.441Z","iobWithZeroTemp":{"iob":-0.331,"basaliob":-0.335,"bolussnooze":0,"activity":-0.003,"lastBolusTime":1703690957983,"time":"2023-12-27T19:53:03.441Z"}},{"iob":0.002,"basaliob":-0.001,"bolussnooze":0,"activity":1.0E-4,"lastBolusTime":1703690957983,"time":"2023-12-27T19:58:03.441Z","iobWithZeroTemp":{"iob":-0.345,"basaliob":-0.348,"bolussnooze":0,"activity":-0.0032,"lastBolusTime":1703690957983,"time":"2023-12-27T19:58:03.441Z"}},{"iob":0.002,"basaliob":-0.001,"bolussnooze":0,"activity":1.0E-4,"lastBolusTime":1703690957983,"time":"2023-12-27T20:03:03.441Z","iobWithZeroTemp":{"iob":-0.357,"basaliob":-0.36,"bolussnooze":0,"activity":-0.0034,"lastBolusTime":1703690957983,"time":"2023-12-27T20:03:03.441Z"}}],"profile":{"max_iob":10,"type":"current","max_daily_basal":0.35,"max_basal":0.4,"min_bg":90,"max_bg":90,"target_bg":90,"carb_ratio":8.2,"sens":110,"max_daily_safety_multiplier":3,"current_basal_safety_multiplier":4,"lgsThreshold":95,"high_temptarget_raises_sensitivity":true,"low_temptarget_lowers_sensitivity":true,"sensitivity_raises_target":true,"resistance_lowers_target":true,"adv_target_adjustments":false,"exercise_mode":false,"half_basal_exercise_target":160,"maxCOB":120,"skip_neutral_temps":false,"remainingCarbsCap":90,"enableUAM":true,"A52_risk_enable":false,"SMBInterval":3,"enableSMB_with_COB":true,"enableSMB_with_temptarget":true,"allowSMB_with_high_temptarget":false,"enableSMB_always":false,"enableSMB_after_carbs":true,"maxSMBBasalMinutes":30,"maxUAMSMBBasalMinutes":40,"bolus_increment":0.05,"carbsReqThreshold":4,"current_basal":0.1,"temptargetSet":true,"autosens_max":1.3,"autosens_min":0.7,"variable_sens":90.6,"insulinDivisor":75,"TDD":19.113217077380952},"autosens_data":{"ratio":1.3676755128070204},"meal_data":{"carbs":35,"mealCOB":0.3722181818181821,"slopeFromMaxDeviation":-0.8293333333333331,"slopeFromMinDeviation":0.9013333333333333,"lastBolusTime":1703690957983,"lastCarbTime":1703690953739},"microBolusAllowed":true,"currentTime":1703693283931,"flatBGsDetected":false,"tdd1D":21.236583333333336,"tdd7D":16.175559523809522,"tddLast24H":22.12291666666667,"tddLast4H":4.720833333333333,"tddLast8to4H":5.783333333333333},"output":{"temp":"absolute","bg":137,"tick":"+1","eventualBG":106,"targetBG":90,"insulinReq":0,"deliverAt":"2023-12-27T16:08:03.931Z","sensitivityRatio":1.2,"variable_sens":90.6,"predBGs":{"IOB":[137,137,137,137,137,136,135,134,133,131,129,127,124,121,119,117,115,113,111,110,108,107,106,105,104,103,102,102,101,100,100,99,99,99,98,98,98,97,97,97,97,97,97,97,96],"ZT":[137,131,126,120,115,111,106,102,97,93,90,86,83,80,78,76,73,72,70,69,67,66,66,65,65,64,64,64,64,65,65,66,66,67,67,68,69,70,71,72,73,75,76,78,79,81,83,85],"COB":[137,133,127,122,118,113,109,105,102,98,95,93,90,88,85,84,82,80,79,77,76,75,74,73,72,71,71,70,70,69,69,68,68,68,67,67,67,67,67,67,66],"UAM":[137,137,136,135,134,132,129,126,122,118,115,112,109,106,104,101,99,97,95,94,92,91,89,88,87,86,85,84,84,83,82,82,81,81,80,80,80,80,79,79,79,79,79,79,79,78]},"reason":"COB: 0.4, Dev: 39, BGI: -6, ISF: 91, CR: 8.2, Target: 90, minPredBG 78, minGuardBG 78, IOBpredBG 96, COBpredBG 66, UAMpredBG 78; minGuardBG 78<95","COB":0.3722181818181821,"IOB":0.77,"duration":90,"rate":0,"timestamp":"2023-12-27T16:08:03.947Z"}}