{"algorithm":"OpenAPSSMBDynamicISFPlugin","input":{"glucoseStatus":{"glucose":114,"noise":0,"delta":5.61,"short_avgdelta":5.61,"long_avgdelta":5.16,"date":1703545658000},"currenttemp":{"temp":"absolute","duration":15,"rate":0.75,"minutesrunning":15},"iob_data":[{"iob":0.132,"basaliob":-0.142,"bolussnooze":0,"activity":-0.0014,"lastBolusTime":1703545385892,"time":"2023-12-25T23:08:02.981Z","iobWithZeroTemp":{"iob":0.132,"basaliob":-0.142,"bolussnooze":0,"activity":-0.0014,"lastBolusTime":1703545385892,"time":"2023-12-25T23:08:02.981Z"}},{"iob":0.138,"basaliob":-0.126,"bolussnooze":0,"activity":-8.0E-4,"lastBolusTime":1703545385892,"time":"2023-12-25T23:13:02.981Z","iobWithZeroTemp":{"iob":0.12,"basaliob":-0.144,"bolussnooze":0,"activity":-8.0E-4,"lastBolusTime":1703545385892,"time":"2023-12-25T23:13:02.981Z"}},{"iob":0.141,"basaliob":-0.111,"bolussnooze":0,"activity":-3.0E-4,"lastBolusTime":1703545385892,"time":"2023-12-25T23:18:02.981Z","iobWithZeroTemp":{"iob":0.101,"basaliob":-0.151,"bolussnooze":0,"activity":-4.0E-4,"lastBolusTime":1703545385892,"time":"2023-12-25T23:18:02.981Z"}},{"iob":0.142,"basaliob":-0.098,"bolussnooze":0,"activity":1.0E-4,"lastBolusTime":1703545385892,"time":"2023-12-25T23:23:02.981Z","iobWithZeroTemp":{"iob":0.08,"basaliob":-0.16,"bolussnooze":0,"activity":-1.0E-4,"lastBolusTime":1703545385892,"time":"2023-12-25T23:23:02.981Z"}},{"iob":0.141,"basaliob":-0.087,"bolussnooze":0,"activity":3.0E-4,"lastBolusTime":1703545385892,"time":"2023-12-25T23:28:02.981Z","iobWithZeroTemp":{"iob":0.058,"basaliob":-0.17,"bolussnooze":0,"activity":0,"lastBolusTime":1703545385892,"time":"2023-12-25T23:28:02.981Z"}},{"iob":0.138,"basaliob":-0.077,"bolussnooze":0,"activity":5.0E-4,"lastBolusTime":1703545385892,"time":"2023-12-25T23:33:02.981Z","iobWithZeroTemp":{"iob":0.035,"basaliob":-0.18,"bolussnooze":0,"activity":0,"lastBolusTime":1703545385892,"time":"2023-12-25T23:33:02.981Z"}},{"iob":0.135,"basaliob":-0.067,"bolussnooze":0,"activity":8.0E-4,"lastBolusTime":1703545385892,"time":"2023-12-25T23:38:02.981Z","iobWithZeroTemp":{"iob":0.012,"basaliob":-0.19,"bolussnooze":0,"activity":2.0E-4,"lastBolusTime":1703545385892,"time":"2023-12-25T23:38:02.981Z"}},{"iob":0.131,"basaliob":-0.059,"bolussnooze":0,"activity":9.0E-4,"lastBolusTime":1703545385892,"time":"2023-12-25T23:43:02.981Z","iobWithZeroTemp":{"iob":-0.01,"basaliob":-0.2,"bolussnooze":0,"activity":1.0E-4,"lastBolusTime":1703545385892,"time":"2023-12-25T23:43:02.981Z"}},{"iob":0.126,"basaliob":-0.052,"bolussnooze":0,"activity":0.001,"lastBolusTime":1703545385892,"time":"2023-12-25T23:48:02.981Z","iobWithZeroTemp":{"iob":-0.033,"basaliob":-0.211,"bolussnooze":0,"activity":0,"lastBolusTime":1703545385892,"time":"2023-12-25T23:48:02.981Z"}},{"iob":0.121,"basaliob":-0.045,"bolussnooze":0,"activity":0.0011,"lastBolusTime":1703545385892,"time":"2023-12-25T23:53:02.981Z","iobWithZeroTemp":{"iob":-0.055,"basaliob":-0.221,"bolussnooze":0,"activity":-1.0E-4,"lastBolusTime":1703545385892,"time":"2023-12-25T23:53:02.981Z"}},{"iob":0.115,"basaliob":-0.039,"bolussnooze":0,"activity":0.0011,"lastBolusTime":1703545385892,"time":"2023-12-25T23:58:02.981Z","iobWithZeroTemp":{"iob":-0.077,"basaliob":-0.231,"bolussnooze":0,"activity":-3.0E-4,"lastBolusTime":1703545385892,"time":"2023-12-25T23:58:02.981Z"}},{"iob":0.109,"basaliob":-0.034,"bolussnooze":0,"activity":0.0012,"lastBolusTime":1703545385892,"time":"2023-12-26T00:03:02.981Z","iobWithZeroTemp":{"iob":-0.096,"basaliob":-0.239,"bolussnooze":0,"activity":-4.0E-4,"lastBolusTime":1703545385892,"time":"2023-12-26T00:03:02.981Z"}},{"iob":0.103,"basaliob":-0.03,"bolussnooze":0,"activity":0.0011,"lastBolusTime":1703545385892,"time":"2023-12-26T00:08:02.981Z","iobWithZeroTemp":{"iob":-0.114,"basaliob":-0.247,"bolussnooze":0,"activity":-7.0E-4,"lastBolusTime":1703545385892,"time":"2023-12-26T00:08:02.981Z"}},{"iob":0.098,"basaliob":-0.025,"bolussnooze":0,"activity":0.0011,"lastBolusTime":1703545385892,"time":"2023-12-26T00:13:02.981Z","iobWithZeroTemp":{"iob":-0.13,"basaliob":-0.253,"bolussnooze":0,"activity":-8.0E-4,"lastBolusTime":1703545385892,"time":"2023-12-26T00:13:02.981Z"}},{"iob":0.091,"basaliob":-0.022,"bolussnooze":0,"activity":0.0011,"lastBolusTime":1703545385892,"time":"2023-12-26T00:18:02.981Z","iobWithZeroTemp":{"iob":-0.147,"basaliob":-0.26,"bolussnooze":0,"activity":-0.001,"lastBolusTime":1703545385892,"time":"2023-12-26T00:18:02.981Z"}},{"iob":0.086,"basaliob":-0.019,"bolussnooze":0,"activity":0.0011,"lastBolusTime":1703545385892,"time":"2023-12-26T00:23:02.981Z","iobWithZeroTemp":{"iob":-0.162,"basaliob":-0.267,"bolussnooze":0,"activity":-0.0011,"lastBolusTime":1703545385892,"time":"2023-12-26T00:23:02.981Z"}},{"iob":0.08,"basaliob":-0.016,"bolussnooze":0,"activity":0.0011,"lastBolusTime":1703545385892,"time":"2023-12-26T00:28:02.981Z","iobWithZeroTemp":{"iob":-0.176,"basaliob":-0.272,"bolussnooze":0,"activity":-0.0013,"lastBolusTime":1703545385892,"time":"2023-12-26T00:28:02.981Z"}},{"iob":0.075,"basaliob":-0.013,"bolussnooze":0,"activity":0.001,"lastBolusTime":1703545385892,"time":"2023-12-26T00:33:02.981Z","iobWithZeroTemp":{"iob":-0.189,"basaliob":-0.277,"bolussnooze":0,"activity":-0.0015,"lastBolusTime":1703545385892,"time":"2023-12-26T00:33:02.981Z"}},{"iob":0.07,"basaliob":-0.011,"bolussnooze":0,"activity":0.001,"lastBolusTime":1703545385892,"time":"2023-12-26T00:38:02.981Z","iobWithZeroTemp":{"iob":-0.202,"basaliob":-0.283,"bolussnooze":0,"activity":-0.0016,"lastBolusTime":1703545385892,"time":"2023-12-26T00:38:02.981Z"}},{"iob":0.065,"basaliob":-0.009,"bolussnooze":0,"activity":9.0E-4,"lastBolusTime":1703545385892,"time":"2023-12-26T00:43:02.981Z","iobWithZeroTemp":{"iob":-0.214,"basaliob":-0.288,"bolussnooze":0,"activity":-0.0019,"lastBolusTime":1703545385892,"time":"2023-12-26T00:43:02.981Z"}},{"iob":0.06,"basaliob":-0.008,"bolussnooze":0,"activity":9.0E-4,"lastBolusTime":1703545385892,"time":"2023-12-26T00:48:02.981Z","iobWithZeroTemp":{"iob":-0.225,"basaliob":-0.293,"bolussnooze":0,"activity":-0.002,"lastBolusTime":1703545385892,"time":"2023-12-26T00:48:02.981Z"}},{"iob":0.056,"basaliob":-0.006,"bolussnooze":0,"activity":8.0E-4,"lastBolusTime":1703545385892,"time":"2023-12-26T00:53:02.981Z","iobWithZeroTemp":{"iob":-0.234,"basaliob":-0.296,"bolussnooze":0,"activity":-0.0022,"lastBolusTime":1703545385892,"time":"2023-12-26T00:53:02.981Z"}},{"iob":0.051,"basaliob":-0.005,"bolussnooze":0,"activity":9.0E-4,"lastBolusTime":1703545385892,"time":"2023-12-26T00:58:02.981Z","iobWithZeroTemp":{"iob":-0.245,"basaliob":-0.301,"bolussnooze":0,"activity":-0.0022,"lastBolusTime":1703545385892,"time":"2023-12-26T00:58:02.981Z"}},{"iob":0.047,"basaliob":-0.004,"bolussnooze":0,"activity":8.0E-4,"lastBolusTime":1703545385892,"time":"2023-12-26T01:03:02.981Z","iobWithZeroTemp":{"iob":-0.25,"basaliob":-0.301,"bolussnooze":0,"activity":-0.0024,"lastBolusTime":1703545385892,"time":"2023-12-26T01:03:02.981Z"}},{"iob":0.044,"basaliob":-0.003,"bolussnooze":0,"activity":7.0E-4,"lastBolusTime":1703545385892,"time":"2023-12-26T01:08:02.981Z","iobWithZeroTemp":{"iob":-0.253,"basaliob":-0.3,"bolussnooze":0,"activity":-0.0025,"lastBolusTime":1703545385892,"time":"2023-12-26T01:08:02.981Z"}},{"iob":0.04,"basaliob":-0.002,"bolussnooze":0,"activity":7.0E-4,"lastBolusTime":1703545385892,"time":"2023-12-26T01:13:02.981Z","iobWithZeroTemp":{"iob":-0.258,"basaliob":-0.3,"bolussnooze":0,"activity":-0.0026,"lastBolusTime":1703545385892,"time":"2023-12-26T01:13:02.981Z"}},{"iob":0.036,"basaliob":-0.002,"bolussnooze":0,"activity":7.0E-4,"lastBolusTime":1703545385892,"time":"2023-12-26T01:18:02.981Z","iobWithZeroTemp":{"iob":-0.262,"basaliob":-0.3,"bolussnooze":0,"activity":-0.0026,"lastBolusTime":1703545385892,"time":"2023-12-26T01:18:02.981Z"}},{"iob":0.034,"basaliob":-0.001,"bolussnooze":0,"activity":6.0E-4,"lastBolusTime":1703545385892,"time":"2023-12-26T01:23:02.981Z","iobWithZeroTemp":{"iob":-0.264,"basaliob":-0.299,"bolussnooze":0,"activity":-0.0028,"lastBolusTime":1703545385892,"time":"2023-12-26T01:23:02.981Z"}},{"iob":0.03,"basaliob":-0.001,"bolussnooze":0,"activity":5.0E-4,"lastBolusTime":1703545385892,"time":"2023-12-26T01:28:02.981Z","iobWithZeroTemp":{"iob":-0.267,"basaliob":-0.298,"bolussnooze":0,"activity":-0.0029,"lastBolusTime":1703545385892,"time":"2023-12-26T01:28:02.981Z"}},{"iob":0.028,"basaliob":0,"bolussnooze":0,"activity":5.0E-4,"lastBolusTime":1703545385892,"time":"2023-12-26T01:33:02.981Z","iobWithZeroTemp":{"iob":-0.269,"basaliob":-0.297,"bolussnooze":0,"activity":-0.0029,"lastBolusTime":1703545385892,"time":"2023-12-26T01:33:02.981Z"}},{"iob":0.025,"basaliob":0,"bolussnooze":0,"activity":4.0E-4,"lastBolusTime":1703545385892,"time":"2023-12-26T01:38:02.981Z","iobWithZeroTemp":{"iob":-0.271,"basaliob":-0.296,"bolussnooze":0,"activity":-0.003,"lastBolusTime":1703545385892,"time":"2023-12-26T01:38:02.981Z"}},{"iob":0.023,"basaliob":0,"bolussnooze":0,"activity":5.0E-4,"lastBolusTime":1703545385892,"time":"2023-12-26T01:43:02.981Z","iobWithZeroTemp":{"iob":-0.273,"basaliob":-0.296,"bolussnooze":0,"activity":-0.003,"lastBolusTime":1703545385892,"time":"2023-12-26T01:43:02.981Z"}},{"iob":0.022,"basaliob":0.001,"bolussnooze":0,"activity":4.0E-4,"lastBolusTime":1703545385892,"time":"2023-12-26T01:48:02.981Z","iobWithZeroTemp":{"iob":-0.273,"basaliob":-0.294,"bolussnooze":0,"activity":-0.0031,"lastBolusTime":1703545385892,"time":"2023-12-26T01:48:02.981Z"}},{"iob":0.019,"basaliob":0.001,"bolussnooze":0,"activity":4.0E-4,"lastBolusTime":1703545385892,"time":"2023-12-26T01:53:02.981Z","iobWithZeroTemp":{"iob":-0.275,"basaliob":-0.293,"bolussnooze":0,"activity":-0.0031,"lastBolusTime":1703545385892,"time":"2023-12-26T01:53:02.981Z"}},{"iob":0.017,"basaliob":0.001,"bolussnooze":0,"activity":4.0E-4,"lastBolusTime":1703545385892,"time":"2023-12-26T01:58:02.981Z","iobWithZeroTemp":{"iob":-0.276,"basaliob":-0.292,"bolussnooze":0,"activity":-0.0031,"lastBolusTime":1703545385892,"time":"2023-12-26T01:58:02.981Z"}},{"iob":0.016,"basaliob":0.001,"bolussnooze":0,"activity":3.0E-4,"lastBolusTime":1703545385892,"time":"2023-12-26T02:03:02.981Z","iobWithZeroTemp":{"iob":-0.275,"basaliob":-0.29,"bolussnooze":0,"activity":-0.0032,"lastBolusTime":1703545385892,"time":"2023-12-26T02:03:02.981Z"}},{"iob":0.014,"basaliob":0.001,"bolussnooze":0,"activity":3.0E-4,"lastBolusTime":1703545385892,"time":"2023-12-26T02:08:02.981Z","iobWithZeroTemp":{"iob":-0.275,"basaliob":-0.288,"bolussnooze":0,"activity":-0.0032,"lastBolusTime":1703545385892,"time":"2023-12-26T02:08:02.981Z"}},{"iob":0.013,"basaliob":0.001,"bolussnooze":0,"activity":3.0E-4,"lastBolusTime":1703545385892,"time":"2023-12-26T02:13:02.981Z","iobWithZeroTemp":{"iob":-0.274,"basaliob":-0.286,"bolussnooze":0,"activity":-0.0032,"lastBolusTime":1703545385892,"time":"2023-12-26T02:13:02.981Z"}},{"iob":0.012,"basaliob":0.002,"bolussnooze":0,"activity":2.0E-4,"lastBolusTime":1703545385892,"time":"2023-12-26T02:18:02.981Z","iobWithZeroTemp":{"iob":-0.273,"basaliob":-0.283,"bolussnooze":0,"activity":-0.0032,"lastBolusTime":1703545385892,"time":"2023-12-26T02:18:02.981Z"}},{"iob":0.011,"basaliob":0.002,"bolussnooze":0,"activity":2.0E-4,"lastBolusTime":1703545385892,"time":"2023-12-26T02:23:02.981Z","iobWithZeroTemp":{"iob":-0.272,"basaliob":-0.281,"bolussnooze":0,"activity":-0.0032,"lastBolusTime":1703545385892,"time":"2023-12-26T02:23:02.981Z"}},{"iob":0.01,"basaliob":0.002,"bolussnooze":0,"activity":2.0E-4,"lastBolusTime":1703545385892,"time":"2023-12-26T02:28:02.981Z","iobWithZeroTemp":{"iob":-0.271,"basaliob":-0.279,"bolussnooze":0,"activity":-0.0032,"lastBolusTime":1703545385892,"time":"2023-12-26T02:28:02.981Z"}},{"iob":0.008,"basaliob":0.001,"bolussnooze":0,"activity":2.0E-4,"lastBolusTime":1703545385892,"time":"2023-12-26T02:33:02.981Z","iobWithZeroTemp":{"iob":-0.272,"basaliob":-0.279,"bolussnooze":0,"activity":-0.0032,"lastBolusTime":1703545385892,"time":"2023-12-26T02:33:02.981Z"}},{"iob":0.007,"basaliob":0.001,"bolussnooze":0,"activity":2.0E-4,"lastBolusTime":1703545385892,"time":"2023-12-26T02:38:02.981Z","iobWithZeroTemp":{"iob":-0.271,"basaliob":-0.277,"bolussnooze":0,"activity":-0.0032,"lastBolusTime":1703545385892,"time":"2023-12-26T02:38:02.981Z"}},{"iob":0.007,"basaliob":0.001,"bolussnooze":0,"activity":1.0E-4,"lastBolusTime":1703545385892,"time":"2023-12-26T02:43:02.981Z","iobWithZeroTemp":{"iob":-0.269,"basaliob":-0.275,"bolussnooze":0,"activity":-0.0033,"lastBolusTime":1703545385892,"time":"2023-12-26T02:43:02.981Z"}},{"iob":0.006,"basaliob":0.001,"bolussnooze":0,"activity":1.0E-4,"lastBolusTime":1703545385892,"time":"2023-12-26T02:48:02.981Z","iobWithZeroTemp":{"iob":-0.269,"basaliob":-0.274,"bolussnooze":0,"activity":-0.0033,"lastBolusTime":1703545385892,"time":"2023-12-26T02:48:02.981Z"}},{"iob":0.005,"basaliob":0.001,"bolussnooze":0,"activity":1.0E-4,"lastBolusTime":1703545385892,"time":"2023-12-26T02:53:02.981Z","iobWithZeroTemp":{"iob":-0.268,"basaliob":-0.272,"bolussnooze":0,"activity":-0.0032,"lastBolusTime":1703545385892,"time":"2023-12-26T02:53:02.981Z"}},{"iob":0.005,"basaliob":0.001,"bolussnooze":0,"activity":1.0E-4,"lastBolusTime":1703545385892,"time":"2023-12-26T02:58:02.981Z","iobWithZeroTemp":{"iob":-0.267,"basaliob":-0.271,"bolussnooze":0,"activity":-0.0032,"lastBolusTime":1703545385892,"time":"2023-12-26T02:58:02.981Z"}},{"iob":0.004,"basaliob":0.001,"bolussnooze":0,"activity":1.0E-4,"lastBolusTime":1703545385892,"time":"2023-12-26T03:03:02.981Z","iobWithZeroTemp":{"iob":-0.274,"basaliob":-0.277,"bolussnooze":0,"activity":-0.0032,"lastBolusTime":1703545385892,"time":"2023-12-26T03:03:02.981Z"}}],"profile":{"max_iob":10,"type":"current","max_daily_basal":0.41,"max_basal":1.05,"min_bg":95,"max_bg":95,"target_bg":95,"carb_ratio":7.639,"sens":140.517,"max_daily_safety_multiplier":3,"current_basal_safety_multiplier":4,"lgsThreshold":95,"high_temptarget_raises_sensitivity":true,"low_temptarget_lowers_sensitivity":true,"sensitivity_raises_target":true,"resistance_lowers_target":true,"adv_target_adjustments":false,"exercise_mode":false,"half_basal_exercise_target":160,"maxCOB":120,"skip_neutral_temps":false,"remainingCarbsCap":90,"enableUAM":true,"A52_risk_enable":false,"SMBInterval":3,"enableSMB_with_COB":true,"enableSMB_with_temptarget":true,"allowSMB_with_high_temptarget":false,"enableSMB_always":false,"enableSMB_after_carbs":true,"maxSMBBasalMinutes":30,"maxUAMSMBBasalMinutes":40,"bolus_increment":0.05,"carbsReqThreshold":4,"current_basal":0.25,"temptargetSet":false,"autosens_max":1.3,"autosens_min":0.7,"variable_sens":164.1,"insulinDivisor":75,"TDD":11.868960023809525},"autosens_data":{"ratio":1.04796463419642},"meal_data":{"carbs":20,"mealCOB":0,"slopeFromMaxDeviation":0,"slopeFromMinDeviation":0.9561249999999999,"lastBolusTime":1703545385892,"lastCarbTime":1703529089478},"microBolusAllowed":true,"currentTime":1703545684691,"flatBGsDetected":false,"tdd1D":15.68566666666667,"tdd7D":15.075095238095239,"tddLast24H":15.79816666666667,"tddLast4H":1.0958333333333334,"tddLast8to4H":3.6075000000000004},"output":{"temp":"absolute","bg":114,"tick":"+6","eventualBG":126,"targetBG":93,"insulinReq":0.18,"deliverAt":"2023-12-25T23:08:04.691Z","sensitivityRatio":1.04796463419642,"variable_sens":164.1,"predBGs":{"IOB":[114,119,124,127,130,133,134,136,137,137,137,137,136,135,134,133,132,132,131,130,129,129,128,127,127,126,126,125,125,124,124,124,123,123,123,122,122,122,122,121,121,121,121,121,121,121,121,120],"ZT":[114,115,116,116,116,116,116,116,116,116,116,116,117,117,118,119,119],"UAM":[114,119,124,128,131,133,136,137,139,139,140,140,140,140,139,138,137,136,136,135,134,134,133,132,132,131,131,130,130,129,129,129,128,128,128,127,127,127,127,126]},"reason":"COB: 0, Dev: 27, BGI: 1, ISF: 164, CR: 7.64, Target: 93, minPredBG 123, minGuardBG 119, IOBpredBG 120, UAMpredBG 126; Eventual BG 126 >= 93,  insulinReq 0.18. Microbolusing 0.05U. temp 0.75 >~ req 0.62U\/hr. ","COB":0,"IOB":0.132,"units":0.05,"timestamp":"2023-12-25T23:08:04.722Z"}}