{"algorithm":"OpenAPSSMBDynamicISFPlugin","input":{"glucoseStatus":{"glucose":176,"noise":0,"delta":2.61,"short_avgdelta":2.61,"long_avgdelta":3.61,"date":1703513857000},"currenttemp":{"temp":"absolute","duration":55,"rate":0,"minutesrunning":5},"iob_data":[{"iob":1.962,"basaliob":-0.239,"bolussnooze":0.8833,"activity":0.0201,"lastBolusTime":1703513301313,"time":"2023-12-25T14:18:02.677Z","iobWithZeroTemp":{"iob":1.962,"basaliob":-0.239,"bolussnooze":0.8833,"activity":0.0201,"lastBolusTime":1703513301313,"time":"2023-12-25T14:18:02.677Z"}},{"iob":1.861,"basaliob":-0.223,"bolussnooze":0.7965,"activity":0.0206,"lastBolusTime":1703513301313,"time":"2023-12-25T14:23:02.677Z","iobWithZeroTemp":{"iob":1.852,"basaliob":-0.232,"bolussnooze":0.7965,"activity":0.0206,"lastBolusTime":1703513301313,"time":"2023-12-25T14:23:02.677Z"}},{"iob":1.757,"basaliob":-0.208,"bolussnooze":0.7072,"activity":0.0208,"lastBolusTime":1703513301313,"time":"2023-12-25T14:28:02.677Z","iobWithZeroTemp":{"iob":1.738,"basaliob":-0.227,"bolussnooze":0.7072,"activity":0.0208,"lastBolusTime":1703513301313,"time":"2023-12-25T14:28:02.677Z"}},{"iob":1.653,"basaliob":-0.193,"bolussnooze":0.6201,"activity":0.0207,"lastBolusTime":1703513301313,"time":"2023-12-25T14:33:02.677Z","iobWithZeroTemp":{"iob":1.623,"basaliob":-0.223,"bolussnooze":0.6201,"activity":0.0206,"lastBolusTime":1703513301313,"time":"2023-12-25T14:33:02.677Z"}},{"iob":1.55,"basaliob":-0.179,"bolussnooze":0.538,"activity":0.0203,"lastBolusTime":1703513301313,"time":"2023-12-25T14:38:02.677Z","iobWithZeroTemp":{"iob":1.51,"basaliob":-0.219,"bolussnooze":0.538,"activity":0.0201,"lastBolusTime":1703513301313,"time":"2023-12-25T14:38:02.677Z"}},{"iob":1.45,"basaliob":-0.165,"bolussnooze":0.4624,"activity":0.0199,"lastBolusTime":1703513301313,"time":"2023-12-25T14:43:02.677Z","iobWithZeroTemp":{"iob":1.4,"basaliob":-0.215,"bolussnooze":0.4624,"activity":0.0197,"lastBolusTime":1703513301313,"time":"2023-12-25T14:43:02.677Z"}},{"iob":1.352,"basaliob":-0.153,"bolussnooze":0.3943,"activity":0.0192,"lastBolusTime":1703513301313,"time":"2023-12-25T14:48:02.677Z","iobWithZeroTemp":{"iob":1.292,"basaliob":-0.213,"bolussnooze":0.3943,"activity":0.0189,"lastBolusTime":1703513301313,"time":"2023-12-25T14:48:02.677Z"}},{"iob":1.257,"basaliob":-0.141,"bolussnooze":0.3337,"activity":0.0186,"lastBolusTime":1703513301313,"time":"2023-12-25T14:53:02.677Z","iobWithZeroTemp":{"iob":1.188,"basaliob":-0.21,"bolussnooze":0.3337,"activity":0.0182,"lastBolusTime":1703513301313,"time":"2023-12-25T14:53:02.677Z"}},{"iob":1.167,"basaliob":-0.129,"bolussnooze":0.2805,"activity":0.0177,"lastBolusTime":1703513301313,"time":"2023-12-25T14:58:02.677Z","iobWithZeroTemp":{"iob":1.09,"basaliob":-0.206,"bolussnooze":0.2805,"activity":0.0172,"lastBolusTime":1703513301313,"time":"2023-12-25T14:58:02.677Z"}},{"iob":1.08,"basaliob":-0.119,"bolussnooze":0.2344,"activity":0.0169,"lastBolusTime":1703513301313,"time":"2023-12-25T15:03:02.677Z","iobWithZeroTemp":{"iob":0.995,"basaliob":-0.204,"bolussnooze":0.2344,"activity":0.0163,"lastBolusTime":1703513301313,"time":"2023-12-25T15:03:02.677Z"}},{"iob":0.998,"basaliob":-0.109,"bolussnooze":0.1946,"activity":0.0161,"lastBolusTime":1703513301313,"time":"2023-12-25T15:08:02.677Z","iobWithZeroTemp":{"iob":0.905,"basaliob":-0.202,"bolussnooze":0.1946,"activity":0.0154,"lastBolusTime":1703513301313,"time":"2023-12-25T15:08:02.677Z"}},{"iob":0.92,"basaliob":-0.099,"bolussnooze":0.1606,"activity":0.0151,"lastBolusTime":1703513301313,"time":"2023-12-25T15:13:02.677Z","iobWithZeroTemp":{"iob":0.82,"basaliob":-0.199,"bolussnooze":0.1606,"activity":0.0143,"lastBolusTime":1703513301313,"time":"2023-12-25T15:13:02.677Z"}},{"iob":0.846,"basaliob":-0.091,"bolussnooze":0.1317,"activity":0.0142,"lastBolusTime":1703513301313,"time":"2023-12-25T15:18:02.677Z","iobWithZeroTemp":{"iob":0.739,"basaliob":-0.198,"bolussnooze":0.1317,"activity":0.0133,"lastBolusTime":1703513301313,"time":"2023-12-25T15:18:02.677Z"}},{"iob":0.777,"basaliob":-0.083,"bolussnooze":0.1073,"activity":0.0134,"lastBolusTime":1703513301313,"time":"2023-12-25T15:23:02.677Z","iobWithZeroTemp":{"iob":0.663,"basaliob":-0.197,"bolussnooze":0.1073,"activity":0.0125,"lastBolusTime":1703513301313,"time":"2023-12-25T15:23:02.677Z"}},{"iob":0.713,"basaliob":-0.075,"bolussnooze":0.0868,"activity":0.0126,"lastBolusTime":1703513301313,"time":"2023-12-25T15:28:02.677Z","iobWithZeroTemp":{"iob":0.594,"basaliob":-0.194,"bolussnooze":0.0868,"activity":0.0116,"lastBolusTime":1703513301313,"time":"2023-12-25T15:28:02.677Z"}},{"iob":0.652,"basaliob":-0.068,"bolussnooze":0.0698,"activity":0.0117,"lastBolusTime":1703513301313,"time":"2023-12-25T15:33:02.677Z","iobWithZeroTemp":{"iob":0.527,"basaliob":-0.193,"bolussnooze":0.0698,"activity":0.0106,"lastBolusTime":1703513301313,"time":"2023-12-25T15:33:02.677Z"}},{"iob":0.596,"basaliob":-0.062,"bolussnooze":0.0557,"activity":0.0109,"lastBolusTime":1703513301313,"time":"2023-12-25T15:38:02.677Z","iobWithZeroTemp":{"iob":0.466,"basaliob":-0.192,"bolussnooze":0.0557,"activity":0.0097,"lastBolusTime":1703513301313,"time":"2023-12-25T15:38:02.677Z"}},{"iob":0.543,"basaliob":-0.056,"bolussnooze":0.0441,"activity":0.0101,"lastBolusTime":1703513301313,"time":"2023-12-25T15:43:02.677Z","iobWithZeroTemp":{"iob":0.408,"basaliob":-0.191,"bolussnooze":0.0441,"activity":0.0088,"lastBolusTime":1703513301313,"time":"2023-12-25T15:43:02.677Z"}},{"iob":0.495,"basaliob":-0.051,"bolussnooze":0.0347,"activity":0.0094,"lastBolusTime":1703513301313,"time":"2023-12-25T15:48:02.677Z","iobWithZeroTemp":{"iob":0.356,"basaliob":-0.19,"bolussnooze":0.0347,"activity":0.0081,"lastBolusTime":1703513301313,"time":"2023-12-25T15:48:02.677Z"}},{"iob":0.45,"basaliob":-0.046,"bolussnooze":0.027,"activity":0.0087,"lastBolusTime":1703513301313,"time":"2023-12-25T15:53:02.677Z","iobWithZeroTemp":{"iob":0.307,"basaliob":-0.189,"bolussnooze":0.027,"activity":0.0073,"lastBolusTime":1703513301313,"time":"2023-12-25T15:53:02.677Z"}},{"iob":0.407,"basaliob":-0.042,"bolussnooze":0.0208,"activity":0.0079,"lastBolusTime":1703513301313,"time":"2023-12-25T15:58:02.677Z","iobWithZeroTemp":{"iob":0.26,"basaliob":-0.189,"bolussnooze":0.0208,"activity":0.0064,"lastBolusTime":1703513301313,"time":"2023-12-25T15:58:02.677Z"}},{"iob":0.37,"basaliob":-0.037,"bolussnooze":0.0158,"activity":0.0073,"lastBolusTime":1703513301313,"time":"2023-12-25T16:03:02.677Z","iobWithZeroTemp":{"iob":0.22,"basaliob":-0.187,"bolussnooze":0.0158,"activity":0.0058,"lastBolusTime":1703513301313,"time":"2023-12-25T16:03:02.677Z"}},{"iob":0.334,"basaliob":-0.034,"bolussnooze":0.0119,"activity":0.0068,"lastBolusTime":1703513301313,"time":"2023-12-25T16:08:02.677Z","iobWithZeroTemp":{"iob":0.181,"basaliob":-0.187,"bolussnooze":0.0119,"activity":0.0052,"lastBolusTime":1703513301313,"time":"2023-12-25T16:08:02.677Z"}},{"iob":0.302,"basaliob":-0.03,"bolussnooze":0.0088,"activity":0.0062,"lastBolusTime":1703513301313,"time":"2023-12-25T16:13:02.677Z","iobWithZeroTemp":{"iob":0.146,"basaliob":-0.186,"bolussnooze":0.0088,"activity":0.0046,"lastBolusTime":1703513301313,"time":"2023-12-25T16:13:02.677Z"}},{"iob":0.272,"basaliob":-0.027,"bolussnooze":0.0064,"activity":0.0057,"lastBolusTime":1703513301313,"time":"2023-12-25T16:18:02.677Z","iobWithZeroTemp":{"iob":0.113,"basaliob":-0.186,"bolussnooze":0.0064,"activity":0.004,"lastBolusTime":1703513301313,"time":"2023-12-25T16:18:02.677Z"}},{"iob":0.245,"basaliob":-0.024,"bolussnooze":0.0045,"activity":0.0052,"lastBolusTime":1703513301313,"time":"2023-12-25T16:23:02.677Z","iobWithZeroTemp":{"iob":0.084,"basaliob":-0.185,"bolussnooze":0.0045,"activity":0.0035,"lastBolusTime":1703513301313,"time":"2023-12-25T16:23:02.677Z"}},{"iob":0.22,"basaliob":-0.022,"bolussnooze":0.0031,"activity":0.0047,"lastBolusTime":1703513301313,"time":"2023-12-25T16:28:02.677Z","iobWithZeroTemp":{"iob":0.057,"basaliob":-0.185,"bolussnooze":0.0031,"activity":0.0029,"lastBolusTime":1703513301313,"time":"2023-12-25T16:28:02.677Z"}},{"iob":0.198,"basaliob":-0.019,"bolussnooze":0.0021,"activity":0.0044,"lastBolusTime":1703513301313,"time":"2023-12-25T16:33:02.677Z","iobWithZeroTemp":{"iob":0.033,"basaliob":-0.184,"bolussnooze":0.0021,"activity":0.0026,"lastBolusTime":1703513301313,"time":"2023-12-25T16:33:02.677Z"}},{"iob":0.177,"basaliob":-0.017,"bolussnooze":0.0013,"activity":0.0039,"lastBolusTime":1703513301313,"time":"2023-12-25T16:38:02.677Z","iobWithZeroTemp":{"iob":0.01,"basaliob":-0.184,"bolussnooze":0.0013,"activity":0.0021,"lastBolusTime":1703513301313,"time":"2023-12-25T16:38:02.677Z"}},{"iob":0.159,"basaliob":-0.015,"bolussnooze":8.0E-4,"activity":0.0035,"lastBolusTime":1703513301313,"time":"2023-12-25T16:43:02.677Z","iobWithZeroTemp":{"iob":-0.01,"basaliob":-0.184,"bolussnooze":8.0E-4,"activity":0.0016,"lastBolusTime":1703513301313,"time":"2023-12-25T16:43:02.677Z"}},{"iob":0.142,"basaliob":-0.013,"bolussnooze":4.0E-4,"activity":0.0033,"lastBolusTime":1703513301313,"time":"2023-12-25T16:48:02.677Z","iobWithZeroTemp":{"iob":-0.028,"basaliob":-0.183,"bolussnooze":4.0E-4,"activity":0.0014,"lastBolusTime":1703513301313,"time":"2023-12-25T16:48:02.677Z"}},{"iob":0.126,"basaliob":-0.012,"bolussnooze":2.0E-4,"activity":0.0029,"lastBolusTime":1703513301313,"time":"2023-12-25T16:53:02.677Z","iobWithZeroTemp":{"iob":-0.046,"basaliob":-0.184,"bolussnooze":2.0E-4,"activity":0.001,"lastBolusTime":1703513301313,"time":"2023-12-25T16:53:02.677Z"}},{"iob":0.113,"basaliob":-0.01,"bolussnooze":1.0E-4,"activity":0.0026,"lastBolusTime":1703513301313,"time":"2023-12-25T16:58:02.677Z","iobWithZeroTemp":{"iob":-0.06,"basaliob":-0.183,"bolussnooze":1.0E-4,"activity":7.0E-4,"lastBolusTime":1703513301313,"time":"2023-12-25T16:58:02.677Z"}},{"iob":0.1,"basaliob":-0.009,"bolussnooze":0,"activity":0.0024,"lastBolusTime":1703513301313,"time":"2023-12-25T17:03:02.677Z","iobWithZeroTemp":{"iob":-0.074,"basaliob":-0.183,"bolussnooze":0,"activity":4.0E-4,"lastBolusTime":1703513301313,"time":"2023-12-25T17:03:02.677Z"}},{"iob":0.088,"basaliob":-0.008,"bolussnooze":0,"activity":0.0022,"lastBolusTime":1703513301313,"time":"2023-12-25T17:08:02.677Z","iobWithZeroTemp":{"iob":-0.087,"basaliob":-0.183,"bolussnooze":0,"activity":2.0E-4,"lastBolusTime":1703513301313,"time":"2023-12-25T17:08:02.677Z"}},{"iob":0.078,"basaliob":-0.007,"bolussnooze":0,"activity":0.0019,"lastBolusTime":1703513301313,"time":"2023-12-25T17:13:02.677Z","iobWithZeroTemp":{"iob":-0.098,"basaliob":-0.183,"bolussnooze":0,"activity":-1.0E-4,"lastBolusTime":1703513301313,"time":"2023-12-25T17:13:02.677Z"}},{"iob":0.069,"basaliob":-0.006,"bolussnooze":0,"activity":0.0017,"lastBolusTime":1703513301313,"time":"2023-12-25T17:18:02.677Z","iobWithZeroTemp":{"iob":-0.108,"basaliob":-0.183,"bolussnooze":0,"activity":-3.0E-4,"lastBolusTime":1703513301313,"time":"2023-12-25T17:18:02.677Z"}},{"iob":0.061,"basaliob":-0.005,"bolussnooze":0,"activity":0.0015,"lastBolusTime":1703513301313,"time":"2023-12-25T17:23:02.677Z","iobWithZeroTemp":{"iob":-0.116,"basaliob":-0.182,"bolussnooze":0,"activity":-5.0E-4,"lastBolusTime":1703513301313,"time":"2023-12-25T17:23:02.677Z"}},{"iob":0.053,"basaliob":-0.005,"bolussnooze":0,"activity":0.0014,"lastBolusTime":1703513301313,"time":"2023-12-25T17:28:02.677Z","iobWithZeroTemp":{"iob":-0.125,"basaliob":-0.183,"bolussnooze":0,"activity":-6.0E-4,"lastBolusTime":1703513301313,"time":"2023-12-25T17:28:02.677Z"}},{"iob":0.047,"basaliob":-0.004,"bolussnooze":0,"activity":0.0013,"lastBolusTime":1703513301313,"time":"2023-12-25T17:33:02.677Z","iobWithZeroTemp":{"iob":-0.131,"basaliob":-0.182,"bolussnooze":0,"activity":-8.0E-4,"lastBolusTime":1703513301313,"time":"2023-12-25T17:33:02.677Z"}},{"iob":0.042,"basaliob":-0.003,"bolussnooze":0,"activity":0.0011,"lastBolusTime":1703513301313,"time":"2023-12-25T17:38:02.677Z","iobWithZeroTemp":{"iob":-0.137,"basaliob":-0.182,"bolussnooze":0,"activity":-0.001,"lastBolusTime":1703513301313,"time":"2023-12-25T17:38:02.677Z"}},{"iob":0.036,"basaliob":-0.003,"bolussnooze":0,"activity":0.001,"lastBolusTime":1703513301313,"time":"2023-12-25T17:43:02.677Z","iobWithZeroTemp":{"iob":-0.143,"basaliob":-0.182,"bolussnooze":0,"activity":-0.0011,"lastBolusTime":1703513301313,"time":"2023-12-25T17:43:02.677Z"}},{"iob":0.032,"basaliob":-0.002,"bolussnooze":0,"activity":8.0E-4,"lastBolusTime":1703513301313,"time":"2023-12-25T17:48:02.677Z","iobWithZeroTemp":{"iob":-0.148,"basaliob":-0.182,"bolussnooze":0,"activity":-0.0013,"lastBolusTime":1703513301313,"time":"2023-12-25T17:48:02.677Z"}},{"iob":0.027,"basaliob":-0.002,"bolussnooze":0,"activity":7.0E-4,"lastBolusTime":1703513301313,"time":"2023-12-25T17:53:02.677Z","iobWithZeroTemp":{"iob":-0.153,"basaliob":-0.182,"bolussnooze":0,"activity":-0.0014,"lastBolusTime":1703513301313,"time":"2023-12-25T17:53:02.677Z"}},{"iob":0.024,"basaliob":-0.002,"bolussnooze":0,"activity":6.0E-4,"lastBolusTime":1703513301313,"time":"2023-12-25T17:58:02.677Z","iobWithZeroTemp":{"iob":-0.156,"basaliob":-0.182,"bolussnooze":0,"activity":-0.0015,"lastBolusTime":1703513301313,"time":"2023-12-25T17:58:02.677Z"}},{"iob":0.021,"basaliob":-0.001,"bolussnooze":0,"activity":5.0E-4,"lastBolusTime":1703513301313,"time":"2023-12-25T18:03:02.677Z","iobWithZeroTemp":{"iob":-0.16,"basaliob":-0.182,"bolussnooze":0,"activity":-0.0016,"lastBolusTime":1703513301313,"time":"2023-12-25T18:03:02.677Z"}},{"iob":0.018,"basaliob":-0.001,"bolussnooze":0,"activity":6.0E-4,"lastBolusTime":1703513301313,"time":"2023-12-25T18:08:02.677Z","iobWithZeroTemp":{"iob":-0.163,"basaliob":-0.182,"bolussnooze":0,"activity":-0.0015,"lastBolusTime":1703513301313,"time":"2023-12-25T18:08:02.677Z"}},{"iob":0.015,"basaliob":-0.001,"bolussnooze":0,"activity":5.0E-4,"lastBolusTime":1703513301313,"time":"2023-12-25T18:13:02.677Z","iobWithZeroTemp":{"iob":-0.166,"basaliob":-0.182,"bolussnooze":0,"activity":-0.0016,"lastBolusTime":1703513301313,"time":"2023-12-25T18:13:02.677Z"}}],"profile":{"max_iob":10,"type":"current","max_daily_basal":0.41,"max_basal":0.5,"min_bg":75,"max_bg":75,"target_bg":75,"carb_ratio":7.639,"sens":140.517,"max_daily_safety_multiplier":3,"current_basal_safety_multiplier":4,"lgsThreshold":95,"high_temptarget_raises_sensitivity":true,"low_temptarget_lowers_sensitivity":true,"sensitivity_raises_target":true,"resistance_lowers_target":true,"adv_target_adjustments":false,"exercise_mode":false,"half_basal_exercise_target":160,"maxCOB":120,"skip_neutral_temps":false,"remainingCarbsCap":90,"enableUAM":true,"A52_risk_enable":false,"SMBInterval":3,"enableSMB_with_COB":true,"enableSMB_with_temptarget":true,"allowSMB_with_high_temptarget":false,"enableSMB_always":false,"enableSMB_after_carbs":true,"maxSMBBasalMinutes":30,"maxUAMSMBBasalMinutes":40,"bolus_increment":0.05,"carbsReqThreshold":4,"current_basal":0.15,"temptargetSet":true,"autosens_max":1.3,"autosens_min":0.7,"variable_sens":85.4,"insulinDivisor":75,"TDD":17.44212171190476},"autosens_data":{"ratio":1.126496586078744},"meal_data":{"carbs":25,"mealCOB":0,"slopeFromMaxDeviation":-0.4711428571428574,"slopeFromMinDeviation":0.9089999999999997,"lastBolusTime":1703513301313,"lastCarbTime":1703505757237},"microBolusAllowed":true,"currentTime":1703513883221,"flatBGsDetected":false,"tdd1D":15.581666666666663,"tdd7D":15.151547619047617,"tddLast24H":17.068166666666663,"tddLast4H":6.273333333333333,"tddLast8to4H":2.5788333333333338},"output":{"temp":"absolute","bg":176,"tick":"+3","eventualBG":131,"targetBG":75,"insulinReq":-0.49,"deliverAt":"2023-12-25T14:18:03.221Z","sensitivityRatio":1.3,"variable_sens":85.4,"predBGs":{"IOB":[176,178,178,178,177,174,171,168,163,158,152,146,139,132,125,118,112,106,100,94,88,83,78,73,69,64,60,56,51,48,44,40,39],"ZT":[176,167,158,149,139,129,119,109,98,88,77,66,54,41,39,39,39,39,39,39,39,39,39,39,39,39,39,39,39,39,39,39,39,39,39,39,39,39,39,39,39,39,39,39,39,39,39,39],"UAM":[176,178,180,181,181,182,182,181,181,181,180,179,178,178,176,175,174,172,171,169,167,165,162,160,157,154,152,150,148,146,144,143,141,140,139,138,137,136,135,134,134,133,133,132,132,132,131]},"reason":"COB: 0, Dev: 67, BGI: -9, ISF: 85, CR: 7.64, Target: 75, minPredBG 18, minGuardBG 131, IOBpredBG 39, UAMpredBG 131; Eventual BG 131 >= 75,  insulinReq -0.49; setting 60m low temp of 0U\/h. ","COB":0,"IOB":1.962,"rate":0,"duration":60,"timestamp":"2023-12-25T14:18:03.234Z"}}