{"algorithm":"OpenAPSSMBDynamicISFPlugin","input":{"glucoseStatus":{"glucose":87,"noise":0,"delta":1.5,"short_avgdelta":1.5,"long_avgdelta":-0.12,"date":1703542058000},"currenttemp":{"temp":"absolute","duration":41,"rate":0,"minutesrunning":19},"iob_data":[{"iob":-0.22,"basaliob":-0.361,"bolussnooze":0,"activity":-7.0E-4,"lastBolusTime":1703534590488,"time":"2023-12-25T22:08:03.191Z","iobWithZeroTemp":{"iob":-0.22,"basaliob":-0.361,"bolussnooze":0,"activity":-7.0E-4,"lastBolusTime":1703534590488,"time":"2023-12-25T22:08:03.191Z"}},{"iob":-0.216,"basaliob":-0.342,"bolussnooze":0,"activity":-0.001,"lastBolusTime":1703534590488,"time":"2023-12-25T22:13:03.191Z","iobWithZeroTemp":{"iob":-0.234,"basaliob":-0.36,"bolussnooze":0,"activity":-0.001,"lastBolusTime":1703534590488,"time":"2023-12-25T22:13:03.191Z"}},{"iob":-0.21,"basaliob":-0.322,"bolussnooze":0,"activity":-0.0013,"lastBolusTime":1703534590488,"time":"2023-12-25T22:18:03.191Z","iobWithZeroTemp":{"iob":-0.251,"basaliob":-0.363,"bolussnooze":0,"activity":-0.0014,"lastBolusTime":1703534590488,"time":"2023-12-25T22:18:03.191Z"}},{"iob":-0.202,"basaliob":-0.302,"bolussnooze":0,"activity":-0.0015,"lastBolusTime":1703534590488,"time":"2023-12-25T22:23:03.191Z","iobWithZeroTemp":{"iob":-0.265,"basaliob":-0.365,"bolussnooze":0,"activity":-0.0017,"lastBolusTime":1703534590488,"time":"2023-12-25T22:23:03.191Z"}},{"iob":-0.195,"basaliob":-0.283,"bolussnooze":0,"activity":-0.0017,"lastBolusTime":1703534590488,"time":"2023-12-25T22:28:03.191Z","iobWithZeroTemp":{"iob":-0.28,"basaliob":-0.368,"bolussnooze":0,"activity":-0.002,"lastBolusTime":1703534590488,"time":"2023-12-25T22:28:03.191Z"}},{"iob":-0.187,"basaliob":-0.265,"bolussnooze":0,"activity":-0.0018,"lastBolusTime":1703534590488,"time":"2023-12-25T22:33:03.191Z","iobWithZeroTemp":{"iob":-0.293,"basaliob":-0.371,"bolussnooze":0,"activity":-0.0023,"lastBolusTime":1703534590488,"time":"2023-12-25T22:33:03.191Z"}},{"iob":-0.177,"basaliob":-0.246,"bolussnooze":0,"activity":-0.0019,"lastBolusTime":1703534590488,"time":"2023-12-25T22:38:03.191Z","iobWithZeroTemp":{"iob":-0.303,"basaliob":-0.372,"bolussnooze":0,"activity":-0.0026,"lastBolusTime":1703534590488,"time":"2023-12-25T22:38:03.191Z"}},{"iob":-0.168,"basaliob":-0.229,"bolussnooze":0,"activity":-0.0018,"lastBolusTime":1703534590488,"time":"2023-12-25T22:43:03.191Z","iobWithZeroTemp":{"iob":-0.313,"basaliob":-0.374,"bolussnooze":0,"activity":-0.0026,"lastBolusTime":1703534590488,"time":"2023-12-25T22:43:03.191Z"}},{"iob":-0.158,"basaliob":-0.212,"bolussnooze":0,"activity":-0.0019,"lastBolusTime":1703534590488,"time":"2023-12-25T22:48:03.191Z","iobWithZeroTemp":{"iob":-0.321,"basaliob":-0.375,"bolussnooze":0,"activity":-0.0029,"lastBolusTime":1703534590488,"time":"2023-12-25T22:48:03.191Z"}},{"iob":-0.149,"basaliob":-0.196,"bolussnooze":0,"activity":-0.0019,"lastBolusTime":1703534590488,"time":"2023-12-25T22:53:03.191Z","iobWithZeroTemp":{"iob":-0.33,"basaliob":-0.377,"bolussnooze":0,"activity":-0.0031,"lastBolusTime":1703534590488,"time":"2023-12-25T22:53:03.191Z"}},{"iob":-0.14,"basaliob":-0.181,"bolussnooze":0,"activity":-0.0018,"lastBolusTime":1703534590488,"time":"2023-12-25T22:58:03.191Z","iobWithZeroTemp":{"iob":-0.337,"basaliob":-0.378,"bolussnooze":0,"activity":-0.0032,"lastBolusTime":1703534590488,"time":"2023-12-25T22:58:03.191Z"}},{"iob":-0.131,"basaliob":-0.167,"bolussnooze":0,"activity":-0.0018,"lastBolusTime":1703534590488,"time":"2023-12-25T23:03:03.191Z","iobWithZeroTemp":{"iob":-0.343,"basaliob":-0.379,"bolussnooze":0,"activity":-0.0034,"lastBolusTime":1703534590488,"time":"2023-12-25T23:03:03.191Z"}},{"iob":-0.122,"basaliob":-0.153,"bolussnooze":0,"activity":-0.0017,"lastBolusTime":1703534590488,"time":"2023-12-25T23:08:03.191Z","iobWithZeroTemp":{"iob":-0.348,"basaliob":-0.379,"bolussnooze":0,"activity":-0.0035,"lastBolusTime":1703534590488,"time":"2023-12-25T23:08:03.191Z"}},{"iob":-0.114,"basaliob":-0.141,"bolussnooze":0,"activity":-0.0016,"lastBolusTime":1703534590488,"time":"2023-12-25T23:13:03.191Z","iobWithZeroTemp":{"iob":-0.352,"basaliob":-0.379,"bolussnooze":0,"activity":-0.0036,"lastBolusTime":1703534590488,"time":"2023-12-25T23:13:03.191Z"}},{"iob":-0.106,"basaliob":-0.129,"bolussnooze":0,"activity":-0.0016,"lastBolusTime":1703534590488,"time":"2023-12-25T23:18:03.191Z","iobWithZeroTemp":{"iob":-0.356,"basaliob":-0.379,"bolussnooze":0,"activity":-0.0038,"lastBolusTime":1703534590488,"time":"2023-12-25T23:18:03.191Z"}},{"iob":-0.098,"basaliob":-0.118,"bolussnooze":0,"activity":-0.0015,"lastBolusTime":1703534590488,"time":"2023-12-25T23:23:03.191Z","iobWithZeroTemp":{"iob":-0.36,"basaliob":-0.38,"bolussnooze":0,"activity":-0.0038,"lastBolusTime":1703534590488,"time":"2023-12-25T23:23:03.191Z"}},{"iob":-0.091,"basaliob":-0.108,"bolussnooze":0,"activity":-0.0015,"lastBolusTime":1703534590488,"time":"2023-12-25T23:28:03.191Z","iobWithZeroTemp":{"iob":-0.363,"basaliob":-0.38,"bolussnooze":0,"activity":-0.004,"lastBolusTime":1703534590488,"time":"2023-12-25T23:28:03.191Z"}},{"iob":-0.083,"basaliob":-0.098,"bolussnooze":0,"activity":-0.0013,"lastBolusTime":1703534590488,"time":"2023-12-25T23:33:03.191Z","iobWithZeroTemp":{"iob":-0.364,"basaliob":-0.379,"bolussnooze":0,"activity":-0.0039,"lastBolusTime":1703534590488,"time":"2023-12-25T23:33:03.191Z"}},{"iob":-0.076,"basaliob":-0.089,"bolussnooze":0,"activity":-0.0013,"lastBolusTime":1703534590488,"time":"2023-12-25T23:38:03.191Z","iobWithZeroTemp":{"iob":-0.366,"basaliob":-0.379,"bolussnooze":0,"activity":-0.0041,"lastBolusTime":1703534590488,"time":"2023-12-25T23:38:03.191Z"}},{"iob":-0.07,"basaliob":-0.081,"bolussnooze":0,"activity":-0.0012,"lastBolusTime":1703534590488,"time":"2023-12-25T23:43:03.191Z","iobWithZeroTemp":{"iob":-0.368,"basaliob":-0.379,"bolussnooze":0,"activity":-0.0041,"lastBolusTime":1703534590488,"time":"2023-12-25T23:43:03.191Z"}},{"iob":-0.065,"basaliob":-0.074,"bolussnooze":0,"activity":-0.0011,"lastBolusTime":1703534590488,"time":"2023-12-25T23:48:03.191Z","iobWithZeroTemp":{"iob":-0.371,"basaliob":-0.38,"bolussnooze":0,"activity":-0.0041,"lastBolusTime":1703534590488,"time":"2023-12-25T23:48:03.191Z"}},{"iob":-0.059,"basaliob":-0.067,"bolussnooze":0,"activity":-0.001,"lastBolusTime":1703534590488,"time":"2023-12-25T23:53:03.191Z","iobWithZeroTemp":{"iob":-0.371,"basaliob":-0.379,"bolussnooze":0,"activity":-0.0042,"lastBolusTime":1703534590488,"time":"2023-12-25T23:53:03.191Z"}},{"iob":-0.054,"basaliob":-0.06,"bolussnooze":0,"activity":-0.001,"lastBolusTime":1703534590488,"time":"2023-12-25T23:58:03.191Z","iobWithZeroTemp":{"iob":-0.373,"basaliob":-0.379,"bolussnooze":0,"activity":-0.0043,"lastBolusTime":1703534590488,"time":"2023-12-25T23:58:03.191Z"}},{"iob":-0.049,"basaliob":-0.054,"bolussnooze":0,"activity":-9.0E-4,"lastBolusTime":1703534590488,"time":"2023-12-26T00:03:03.191Z","iobWithZeroTemp":{"iob":-0.371,"basaliob":-0.376,"bolussnooze":0,"activity":-0.0043,"lastBolusTime":1703534590488,"time":"2023-12-26T00:03:03.191Z"}},{"iob":-0.045,"basaliob":-0.049,"bolussnooze":0,"activity":-8.0E-4,"lastBolusTime":1703534590488,"time":"2023-12-26T00:08:03.191Z","iobWithZeroTemp":{"iob":-0.371,"basaliob":-0.375,"bolussnooze":0,"activity":-0.0043,"lastBolusTime":1703534590488,"time":"2023-12-26T00:08:03.191Z"}},{"iob":-0.04,"basaliob":-0.044,"bolussnooze":0,"activity":-8.0E-4,"lastBolusTime":1703534590488,"time":"2023-12-26T00:13:03.191Z","iobWithZeroTemp":{"iob":-0.368,"basaliob":-0.372,"bolussnooze":0,"activity":-0.0043,"lastBolusTime":1703534590488,"time":"2023-12-26T00:13:03.191Z"}},{"iob":-0.037,"basaliob":-0.04,"bolussnooze":0,"activity":-8.0E-4,"lastBolusTime":1703534590488,"time":"2023-12-26T00:18:03.191Z","iobWithZeroTemp":{"iob":-0.368,"basaliob":-0.371,"bolussnooze":0,"activity":-0.0044,"lastBolusTime":1703534590488,"time":"2023-12-26T00:18:03.191Z"}},{"iob":-0.033,"basaliob":-0.036,"bolussnooze":0,"activity":-7.0E-4,"lastBolusTime":1703534590488,"time":"2023-12-26T00:23:03.191Z","iobWithZeroTemp":{"iob":-0.366,"basaliob":-0.369,"bolussnooze":0,"activity":-0.0044,"lastBolusTime":1703534590488,"time":"2023-12-26T00:23:03.191Z"}},{"iob":-0.03,"basaliob":-0.032,"bolussnooze":0,"activity":-6.0E-4,"lastBolusTime":1703534590488,"time":"2023-12-26T00:28:03.191Z","iobWithZeroTemp":{"iob":-0.364,"basaliob":-0.366,"bolussnooze":0,"activity":-0.0043,"lastBolusTime":1703534590488,"time":"2023-12-26T00:28:03.191Z"}},{"iob":-0.027,"basaliob":-0.029,"bolussnooze":0,"activity":-5.0E-4,"lastBolusTime":1703534590488,"time":"2023-12-26T00:33:03.191Z","iobWithZeroTemp":{"iob":-0.363,"basaliob":-0.365,"bolussnooze":0,"activity":-0.0043,"lastBolusTime":1703534590488,"time":"2023-12-26T00:33:03.191Z"}},{"iob":-0.023,"basaliob":-0.025,"bolussnooze":0,"activity":-5.0E-4,"lastBolusTime":1703534590488,"time":"2023-12-26T00:38:03.191Z","iobWithZeroTemp":{"iob":-0.36,"basaliob":-0.362,"bolussnooze":0,"activity":-0.0043,"lastBolusTime":1703534590488,"time":"2023-12-26T00:38:03.191Z"}},{"iob":-0.022,"basaliob":-0.023,"bolussnooze":0,"activity":-5.0E-4,"lastBolusTime":1703534590488,"time":"2023-12-26T00:43:03.191Z","iobWithZeroTemp":{"iob":-0.36,"basaliob":-0.361,"bolussnooze":0,"activity":-0.0044,"lastBolusTime":1703534590488,"time":"2023-12-26T00:43:03.191Z"}},{"iob":-0.019,"basaliob":-0.02,"bolussnooze":0,"activity":-5.0E-4,"lastBolusTime":1703534590488,"time":"2023-12-26T00:48:03.191Z","iobWithZeroTemp":{"iob":-0.358,"basaliob":-0.359,"bolussnooze":0,"activity":-0.0044,"lastBolusTime":1703534590488,"time":"2023-12-26T00:48:03.191Z"}},{"iob":-0.017,"basaliob":-0.018,"bolussnooze":0,"activity":-4.0E-4,"lastBolusTime":1703534590488,"time":"2023-12-26T00:53:03.191Z","iobWithZeroTemp":{"iob":-0.357,"basaliob":-0.358,"bolussnooze":0,"activity":-0.0043,"lastBolusTime":1703534590488,"time":"2023-12-26T00:53:03.191Z"}},{"iob":-0.015,"basaliob":-0.016,"bolussnooze":0,"activity":-4.0E-4,"lastBolusTime":1703534590488,"time":"2023-12-26T00:58:03.191Z","iobWithZeroTemp":{"iob":-0.356,"basaliob":-0.357,"bolussnooze":0,"activity":-0.0043,"lastBolusTime":1703534590488,"time":"2023-12-26T00:58:03.191Z"}},{"iob":-0.013,"basaliob":-0.014,"bolussnooze":0,"activity":-3.0E-4,"lastBolusTime":1703534590488,"time":"2023-12-26T01:03:03.191Z","iobWithZeroTemp":{"iob":-0.351,"basaliob":-0.352,"bolussnooze":0,"activity":-0.0043,"lastBolusTime":1703534590488,"time":"2023-12-26T01:03:03.191Z"}},{"iob":-0.012,"basaliob":-0.012,"bolussnooze":0,"activity":-3.0E-4,"lastBolusTime":1703534590488,"time":"2023-12-26T01:08:03.191Z","iobWithZeroTemp":{"iob":-0.346,"basaliob":-0.346,"bolussnooze":0,"activity":-0.0043,"lastBolusTime":1703534590488,"time":"2023-12-26T01:08:03.191Z"}},{"iob":-0.011,"basaliob":-0.011,"bolussnooze":0,"activity":-3.0E-4,"lastBolusTime":1703534590488,"time":"2023-12-26T01:13:03.191Z","iobWithZeroTemp":{"iob":-0.342,"basaliob":-0.342,"bolussnooze":0,"activity":-0.0043,"lastBolusTime":1703534590488,"time":"2023-12-26T01:13:03.191Z"}},{"iob":-0.01,"basaliob":-0.01,"bolussnooze":0,"activity":-3.0E-4,"lastBolusTime":1703534590488,"time":"2023-12-26T01:18:03.191Z","iobWithZeroTemp":{"iob":-0.338,"basaliob":-0.338,"bolussnooze":0,"activity":-0.0043,"lastBolusTime":1703534590488,"time":"2023-12-26T01:18:03.191Z"}},{"iob":-0.008,"basaliob":-0.008,"bolussnooze":0,"activity":-2.0E-4,"lastBolusTime":1703534590488,"time":"2023-12-26T01:23:03.191Z","iobWithZeroTemp":{"iob":-0.333,"basaliob":-0.333,"bolussnooze":0,"activity":-0.0041,"lastBolusTime":1703534590488,"time":"2023-12-26T01:23:03.191Z"}},{"iob":-0.007,"basaliob":-0.007,"bolussnooze":0,"activity":-2.0E-4,"lastBolusTime":1703534590488,"time":"2023-12-26T01:28:03.191Z","iobWithZeroTemp":{"iob":-0.329,"basaliob":-0.329,"bolussnooze":0,"activity":-0.0041,"lastBolusTime":1703534590488,"time":"2023-12-26T01:28:03.191Z"}},{"iob":-0.006,"basaliob":-0.006,"bolussnooze":0,"activity":-2.0E-4,"lastBolusTime":1703534590488,"time":"2023-12-26T01:33:03.191Z","iobWithZeroTemp":{"iob":-0.325,"basaliob":-0.325,"bolussnooze":0,"activity":-0.0041,"lastBolusTime":1703534590488,"time":"2023-12-26T01:33:03.191Z"}},{"iob":-0.005,"basaliob":-0.005,"bolussnooze":0,"activity":-2.0E-4,"lastBolusTime":1703534590488,"time":"2023-12-26T01:38:03.191Z","iobWithZeroTemp":{"iob":-0.321,"basaliob":-0.321,"bolussnooze":0,"activity":-0.0041,"lastBolusTime":1703534590488,"time":"2023-12-26T01:38:03.191Z"}},{"iob":-0.005,"basaliob":-0.005,"bolussnooze":0,"activity":-1.0E-4,"lastBolusTime":1703534590488,"time":"2023-12-26T01:43:03.191Z","iobWithZeroTemp":{"iob":-0.318,"basaliob":-0.318,"bolussnooze":0,"activity":-0.0039,"lastBolusTime":1703534590488,"time":"2023-12-26T01:43:03.191Z"}},{"iob":-0.004,"basaliob":-0.004,"bolussnooze":0,"activity":-1.0E-4,"lastBolusTime":1703534590488,"time":"2023-12-26T01:48:03.191Z","iobWithZeroTemp":{"iob":-0.315,"basaliob":-0.315,"bolussnooze":0,"activity":-0.0039,"lastBolusTime":1703534590488,"time":"2023-12-26T01:48:03.191Z"}},{"iob":-0.003,"basaliob":-0.003,"bolussnooze":0,"activity":-1.0E-4,"lastBolusTime":1703534590488,"time":"2023-12-26T01:53:03.191Z","iobWithZeroTemp":{"iob":-0.311,"basaliob":-0.311,"bolussnooze":0,"activity":-0.0039,"lastBolusTime":1703534590488,"time":"2023-12-26T01:53:03.191Z"}},{"iob":-0.003,"basaliob":-0.003,"bolussnooze":0,"activity":-1.0E-4,"lastBolusTime":1703534590488,"time":"2023-12-26T01:58:03.191Z","iobWithZeroTemp":{"iob":-0.309,"basaliob":-0.309,"bolussnooze":0,"activity":-0.0039,"lastBolusTime":1703534590488,"time":"2023-12-26T01:58:03.191Z"}},{"iob":-0.003,"basaliob":-0.003,"bolussnooze":0,"activity":-1.0E-4,"lastBolusTime":1703534590488,"time":"2023-12-26T02:03:03.191Z","iobWithZeroTemp":{"iob":-0.306,"basaliob":-0.306,"bolussnooze":0,"activity":-0.0038,"lastBolusTime":1703534590488,"time":"2023-12-26T02:03:03.191Z"}}],"profile":{"max_iob":10,"type":"current","max_daily_basal":0.41,"max_basal":1.1,"min_bg":130,"max_bg":130,"target_bg":130,"carb_ratio":7.639,"sens":140.517,"max_daily_safety_multiplier":3,"current_basal_safety_multiplier":4,"lgsThreshold":95,"high_temptarget_raises_sensitivity":true,"low_temptarget_lowers_sensitivity":true,"sensitivity_raises_target":true,"resistance_lowers_target":true,"adv_target_adjustments":false,"exercise_mode":false,"half_basal_exercise_target":160,"maxCOB":120,"skip_neutral_temps":false,"remainingCarbsCap":90,"enableUAM":true,"A52_risk_enable":false,"SMBInterval":3,"enableSMB_with_COB":true,"enableSMB_with_temptarget":true,"allowSMB_with_high_temptarget":false,"enableSMB_always":false,"enableSMB_after_carbs":true,"maxSMBBasalMinutes":30,"maxUAMSMBBasalMinutes":40,"bolus_increment":0.05,"carbsReqThreshold":4,"current_basal":0.3,"temptargetSet":true,"autosens_max":1.3,"autosens_min":0.7,"variable_sens":173.7,"insulinDivisor":75,"TDD":13.45638501190476},"autosens_data":{"ratio":1.016001822853237},"meal_data":{"carbs":20,"mealCOB":0,"slopeFromMaxDeviation":0,"slopeFromMinDeviation":0.41466666666666663,"lastBolusTime":1703534590488,"lastCarbTime":1703529089478},"microBolusAllowed":true,"currentTime":1703542084792,"flatBGsDetected":false,"tdd1D":15.581666666666663,"tdd7D":15.151547619047617,"tddLast24H":15.394000000000004,"tddLast4H":3.1875,"tddLast8to4H":1.8850000000000002},"output":{"temp":"absolute","bg":87,"tick":"+2","eventualBG":130,"targetBG":130,"insulinReq":0,"deliverAt":"2023-12-25T22:08:04.792Z","sensitivityRatio":0.67,"variable_sens":173.7,"predBGs":{"IOB":[87,88,90,92,94,96,98,99,101,103,104,106,107,109,110,111,112,113,114,115,116,117,117,118,119,119,120,120,121,121,122,122,122,123,123,123,124,124,124,124,124,124,125],"ZT":[87,88,88,90,91,93,95,97,99,101,104,106,109,111,114,117,119,122,125,128],"UAM":[87,88,90,91,93,95,96,98,99,101,102,104,105,106,108,109,110,111,112,113,114,115,115,116,117,117,118,118,119,119,120,120,120,121,121,121,121,122,122,122,122,122,122,123]},"reason":"COB: 0, Dev: 5, BGI: 1, ISF: 174, CR: 7.64, Target: 130, minPredBG 97, minGuardBG 88, IOBpredBG 125, UAMpredBG 123; IOB -0.22 < -0.1 and minDelta 2 > expectedDelta 1; 130-97 in range: no temp required; setting current basal of 0.2 as temp. ","COB":0,"IOB":-0.22,"duration":30,"rate":0.201,"timestamp":"2023-12-25T22:08:04.824Z"}}