{"algorithm":"OpenAPSSMBDynamicISFPlugin","input":{"glucoseStatus":{"glucose":77,"noise":0,"delta":1.11,"short_avgdelta":1.11,"long_avgdelta":-0.41,"date":1703553759000},"currenttemp":{"temp":"absolute","duration":74,"rate":0,"minutesrunning":16},"iob_data":[{"iob":-0.235,"basaliob":-0.277,"bolussnooze":0,"activity":-0.0021,"lastBolusTime":1703545689361,"time":"2023-12-26T01:23:52.349Z","iobWithZeroTemp":{"iob":-0.235,"basaliob":-0.277,"bolussnooze":0,"activity":-0.0021,"lastBolusTime":1703545689361,"time":"2023-12-26T01:23:52.349Z"}},{"iob":-0.224,"basaliob":-0.262,"bolussnooze":0,"activity":-0.0023,"lastBolusTime":1703545689361,"time":"2023-12-26T01:28:52.349Z","iobWithZeroTemp":{"iob":-0.237,"basaliob":-0.275,"bolussnooze":0,"activity":-0.0023,"lastBolusTime":1703545689361,"time":"2023-12-26T01:28:52.349Z"}},{"iob":-0.211,"basaliob":-0.246,"bolussnooze":0,"activity":-0.0024,"lastBolusTime":1703545689361,"time":"2023-12-26T01:33:52.349Z","iobWithZeroTemp":{"iob":-0.241,"basaliob":-0.276,"bolussnooze":0,"activity":-0.0025,"lastBolusTime":1703545689361,"time":"2023-12-26T01:33:52.349Z"}},{"iob":-0.2,"basaliob":-0.231,"bolussnooze":0,"activity":-0.0023,"lastBolusTime":1703545689361,"time":"2023-12-26T01:38:52.349Z","iobWithZeroTemp":{"iob":-0.246,"basaliob":-0.277,"bolussnooze":0,"activity":-0.0024,"lastBolusTime":1703545689361,"time":"2023-12-26T01:38:52.349Z"}},{"iob":-0.188,"basaliob":-0.216,"bolussnooze":0,"activity":-0.0023,"lastBolusTime":1703545689361,"time":"2023-12-26T01:43:52.349Z","iobWithZeroTemp":{"iob":-0.249,"basaliob":-0.277,"bolussnooze":0,"activity":-0.0025,"lastBolusTime":1703545689361,"time":"2023-12-26T01:43:52.349Z"}},{"iob":-0.177,"basaliob":-0.202,"bolussnooze":0,"activity":-0.0024,"lastBolusTime":1703545689361,"time":"2023-12-26T01:48:52.349Z","iobWithZeroTemp":{"iob":-0.254,"basaliob":-0.279,"bolussnooze":0,"activity":-0.0027,"lastBolusTime":1703545689361,"time":"2023-12-26T01:48:52.349Z"}},{"iob":-0.165,"basaliob":-0.188,"bolussnooze":0,"activity":-0.0022,"lastBolusTime":1703545689361,"time":"2023-12-26T01:53:52.349Z","iobWithZeroTemp":{"iob":-0.256,"basaliob":-0.279,"bolussnooze":0,"activity":-0.0027,"lastBolusTime":1703545689361,"time":"2023-12-26T01:53:52.349Z"}},{"iob":-0.154,"basaliob":-0.174,"bolussnooze":0,"activity":-0.0021,"lastBolusTime":1703545689361,"time":"2023-12-26T01:58:52.349Z","iobWithZeroTemp":{"iob":-0.259,"basaliob":-0.279,"bolussnooze":0,"activity":-0.0027,"lastBolusTime":1703545689361,"time":"2023-12-26T01:58:52.349Z"}},{"iob":-0.143,"basaliob":-0.161,"bolussnooze":0,"activity":-0.0021,"lastBolusTime":1703545689361,"time":"2023-12-26T02:03:52.349Z","iobWithZeroTemp":{"iob":-0.26,"basaliob":-0.278,"bolussnooze":0,"activity":-0.0028,"lastBolusTime":1703545689361,"time":"2023-12-26T02:03:52.349Z"}},{"iob":-0.133,"basaliob":-0.149,"bolussnooze":0,"activity":-0.002,"lastBolusTime":1703545689361,"time":"2023-12-26T02:08:52.349Z","iobWithZeroTemp":{"iob":-0.261,"basaliob":-0.277,"bolussnooze":0,"activity":-0.0029,"lastBolusTime":1703545689361,"time":"2023-12-26T02:08:52.349Z"}},{"iob":-0.123,"basaliob":-0.137,"bolussnooze":0,"activity":-0.0019,"lastBolusTime":1703545689361,"time":"2023-12-26T02:13:52.349Z","iobWithZeroTemp":{"iob":-0.262,"basaliob":-0.276,"bolussnooze":0,"activity":-0.0029,"lastBolusTime":1703545689361,"time":"2023-12-26T02:13:52.349Z"}},{"iob":-0.113,"basaliob":-0.126,"bolussnooze":0,"activity":-0.0018,"lastBolusTime":1703545689361,"time":"2023-12-26T02:18:52.349Z","iobWithZeroTemp":{"iob":-0.262,"basaliob":-0.275,"bolussnooze":0,"activity":-0.0029,"lastBolusTime":1703545689361,"time":"2023-12-26T02:18:52.349Z"}},{"iob":-0.105,"basaliob":-0.116,"bolussnooze":0,"activity":-0.0017,"lastBolusTime":1703545689361,"time":"2023-12-26T02:23:52.349Z","iobWithZeroTemp":{"iob":-0.263,"basaliob":-0.274,"bolussnooze":0,"activity":-0.003,"lastBolusTime":1703545689361,"time":"2023-12-26T02:23:52.349Z"}},{"iob":-0.096,"basaliob":-0.106,"bolussnooze":0,"activity":-0.0016,"lastBolusTime":1703545689361,"time":"2023-12-26T02:28:52.349Z","iobWithZeroTemp":{"iob":-0.262,"basaliob":-0.272,"bolussnooze":0,"activity":-0.003,"lastBolusTime":1703545689361,"time":"2023-12-26T02:28:52.349Z"}},{"iob":-0.089,"basaliob":-0.098,"bolussnooze":0,"activity":-0.0015,"lastBolusTime":1703545689361,"time":"2023-12-26T02:33:52.349Z","iobWithZeroTemp":{"iob":-0.263,"basaliob":-0.272,"bolussnooze":0,"activity":-0.003,"lastBolusTime":1703545689361,"time":"2023-12-26T02:33:52.349Z"}},{"iob":-0.081,"basaliob":-0.089,"bolussnooze":0,"activity":-0.0014,"lastBolusTime":1703545689361,"time":"2023-12-26T02:38:52.349Z","iobWithZeroTemp":{"iob":-0.263,"basaliob":-0.271,"bolussnooze":0,"activity":-0.003,"lastBolusTime":1703545689361,"time":"2023-12-26T02:38:52.349Z"}},{"iob":-0.074,"basaliob":-0.081,"bolussnooze":0,"activity":-0.0013,"lastBolusTime":1703545689361,"time":"2023-12-26T02:43:52.349Z","iobWithZeroTemp":{"iob":-0.262,"basaliob":-0.269,"bolussnooze":0,"activity":-0.003,"lastBolusTime":1703545689361,"time":"2023-12-26T02:43:52.349Z"}},{"iob":-0.068,"basaliob":-0.074,"bolussnooze":0,"activity":-0.0012,"lastBolusTime":1703545689361,"time":"2023-12-26T02:48:52.349Z","iobWithZeroTemp":{"iob":-0.263,"basaliob":-0.269,"bolussnooze":0,"activity":-0.003,"lastBolusTime":1703545689361,"time":"2023-12-26T02:48:52.349Z"}},{"iob":-0.063,"basaliob":-0.068,"bolussnooze":0,"activity":-0.0012,"lastBolusTime":1703545689361,"time":"2023-12-26T02:53:52.349Z","iobWithZeroTemp":{"iob":-0.264,"basaliob":-0.269,"bolussnooze":0,"activity":-0.0031,"lastBolusTime":1703545689361,"time":"2023-12-26T02:53:52.349Z"}},{"iob":-0.056,"basaliob":-0.061,"bolussnooze":0,"activity":-0.0011,"lastBolusTime":1703545689361,"time":"2023-12-26T02:58:52.349Z","iobWithZeroTemp":{"iob":-0.262,"basaliob":-0.267,"bolussnooze":0,"activity":-0.0031,"lastBolusTime":1703545689361,"time":"2023-12-26T02:58:52.349Z"}},{"iob":-0.052,"basaliob":-0.056,"bolussnooze":0,"activity":-0.001,"lastBolusTime":1703545689361,"time":"2023-12-26T03:03:52.349Z","iobWithZeroTemp":{"iob":-0.27,"basaliob":-0.274,"bolussnooze":0,"activity":-0.0031,"lastBolusTime":1703545689361,"time":"2023-12-26T03:03:52.349Z"}},{"iob":-0.048,"basaliob":-0.051,"bolussnooze":0,"activity":-9.0E-4,"lastBolusTime":1703545689361,"time":"2023-12-26T03:08:52.349Z","iobWithZeroTemp":{"iob":-0.278,"basaliob":-0.281,"bolussnooze":0,"activity":-0.0031,"lastBolusTime":1703545689361,"time":"2023-12-26T03:08:52.349Z"}},{"iob":-0.043,"basaliob":-0.046,"bolussnooze":0,"activity":-8.0E-4,"lastBolusTime":1703545689361,"time":"2023-12-26T03:13:52.349Z","iobWithZeroTemp":{"iob":-0.285,"basaliob":-0.288,"bolussnooze":0,"activity":-0.0031,"lastBolusTime":1703545689361,"time":"2023-12-26T03:13:52.349Z"}},{"iob":-0.038,"basaliob":-0.041,"bolussnooze":0,"activity":-7.0E-4,"lastBolusTime":1703545689361,"time":"2023-12-26T03:18:52.349Z","iobWithZeroTemp":{"iob":-0.291,"basaliob":-0.294,"bolussnooze":0,"activity":-0.0032,"lastBolusTime":1703545689361,"time":"2023-12-26T03:18:52.349Z"}},{"iob":-0.035,"basaliob":-0.037,"bolussnooze":0,"activity":-7.0E-4,"lastBolusTime":1703545689361,"time":"2023-12-26T03:23:52.349Z","iobWithZeroTemp":{"iob":-0.298,"basaliob":-0.3,"bolussnooze":0,"activity":-0.0033,"lastBolusTime":1703545689361,"time":"2023-12-26T03:23:52.349Z"}},{"iob":-0.032,"basaliob":-0.034,"bolussnooze":0,"activity":-6.0E-4,"lastBolusTime":1703545689361,"time":"2023-12-26T03:28:52.349Z","iobWithZeroTemp":{"iob":-0.305,"basaliob":-0.307,"bolussnooze":0,"activity":-0.0033,"lastBolusTime":1703545689361,"time":"2023-12-26T03:28:52.349Z"}},{"iob":-0.028,"basaliob":-0.03,"bolussnooze":0,"activity":-5.0E-4,"lastBolusTime":1703545689361,"time":"2023-12-26T03:33:52.349Z","iobWithZeroTemp":{"iob":-0.31,"basaliob":-0.312,"bolussnooze":0,"activity":-0.0033,"lastBolusTime":1703545689361,"time":"2023-12-26T03:33:52.349Z"}},{"iob":-0.026,"basaliob":-0.027,"bolussnooze":0,"activity":-6.0E-4,"lastBolusTime":1703545689361,"time":"2023-12-26T03:38:52.349Z","iobWithZeroTemp":{"iob":-0.317,"basaliob":-0.318,"bolussnooze":0,"activity":-0.0035,"lastBolusTime":1703545689361,"time":"2023-12-26T03:38:52.349Z"}},{"iob":-0.023,"basaliob":-0.024,"bolussnooze":0,"activity":-5.0E-4,"lastBolusTime":1703545689361,"time":"2023-12-26T03:43:52.349Z","iobWithZeroTemp":{"iob":-0.322,"basaliob":-0.323,"bolussnooze":0,"activity":-0.0035,"lastBolusTime":1703545689361,"time":"2023-12-26T03:43:52.349Z"}},{"iob":-0.021,"basaliob":-0.022,"bolussnooze":0,"activity":-5.0E-4,"lastBolusTime":1703545689361,"time":"2023-12-26T03:48:52.349Z","iobWithZeroTemp":{"iob":-0.327,"basaliob":-0.328,"bolussnooze":0,"activity":-0.0036,"lastBolusTime":1703545689361,"time":"2023-12-26T03:48:52.349Z"}},{"iob":-0.018,"basaliob":-0.019,"bolussnooze":0,"activity":-4.0E-4,"lastBolusTime":1703545689361,"time":"2023-12-26T03:53:52.349Z","iobWithZeroTemp":{"iob":-0.331,"basaliob":-0.332,"bolussnooze":0,"activity":-0.0036,"lastBolusTime":1703545689361,"time":"2023-12-26T03:53:52.349Z"}},{"iob":-0.016,"basaliob":-0.017,"bolussnooze":0,"activity":-4.0E-4,"lastBolusTime":1703545689361,"time":"2023-12-26T03:58:52.349Z","iobWithZeroTemp":{"iob":-0.336,"basaliob":-0.337,"bolussnooze":0,"activity":-0.0037,"lastBolusTime":1703545689361,"time":"2023-12-26T03:58:52.349Z"}},{"iob":-0.015,"basaliob":-0.015,"bolussnooze":0,"activity":-4.0E-4,"lastBolusTime":1703545689361,"time":"2023-12-26T04:03:52.349Z","iobWithZeroTemp":{"iob":-0.339,"basaliob":-0.339,"bolussnooze":0,"activity":-0.0038,"lastBolusTime":1703545689361,"time":"2023-12-26T04:03:52.349Z"}},{"iob":-0.014,"basaliob":-0.014,"bolussnooze":0,"activity":-3.0E-4,"lastBolusTime":1703545689361,"time":"2023-12-26T04:08:52.349Z","iobWithZeroTemp":{"iob":-0.343,"basaliob":-0.343,"bolussnooze":0,"activity":-0.0038,"lastBolusTime":1703545689361,"time":"2023-12-26T04:08:52.349Z"}},{"iob":-0.012,"basaliob":-0.012,"bolussnooze":0,"activity":-3.0E-4,"lastBolusTime":1703545689361,"time":"2023-12-26T04:13:52.349Z","iobWithZeroTemp":{"iob":-0.345,"basaliob":-0.345,"bolussnooze":0,"activity":-0.0039,"lastBolusTime":1703545689361,"time":"2023-12-26T04:13:52.349Z"}},{"iob":-0.011,"basaliob":-0.011,"bolussnooze":0,"activity":-3.0E-4,"lastBolusTime":1703545689361,"time":"2023-12-26T04:18:52.349Z","iobWithZeroTemp":{"iob":-0.347,"basaliob":-0.347,"bolussnooze":0,"activity":-0.004,"lastBolusTime":1703545689361,"time":"2023-12-26T04:18:52.349Z"}},{"iob":-0.009,"basaliob":-0.009,"bolussnooze":0,"activity":-2.0E-4,"lastBolusTime":1703545689361,"time":"2023-12-26T04:23:52.349Z","iobWithZeroTemp":{"iob":-0.348,"basaliob":-0.348,"bolussnooze":0,"activity":-0.0039,"lastBolusTime":1703545689361,"time":"2023-12-26T04:23:52.349Z"}},{"iob":-0.008,"basaliob":-0.008,"bolussnooze":0,"activity":-2.0E-4,"lastBolusTime":1703545689361,"time":"2023-12-26T04:28:52.349Z","iobWithZeroTemp":{"iob":-0.35,"basaliob":-0.35,"bolussnooze":0,"activity":-0.004,"lastBolusTime":1703545689361,"time":"2023-12-26T04:28:52.349Z"}},{"iob":-0.007,"basaliob":-0.007,"bolussnooze":0,"activity":-2.0E-4,"lastBolusTime":1703545689361,"time":"2023-12-26T04:33:52.349Z","iobWithZeroTemp":{"iob":-0.352,"basaliob":-0.352,"bolussnooze":0,"activity":-0.004,"lastBolusTime":1703545689361,"time":"2023-12-26T04:33:52.349Z"}},{"iob":-0.006,"basaliob":-0.006,"bolussnooze":0,"activity":-2.0E-4,"lastBolusTime":1703545689361,"time":"2023-12-26T04:38:52.349Z","iobWithZeroTemp":{"iob":-0.353,"basaliob":-0.353,"bolussnooze":0,"activity":-0.0041,"lastBolusTime":1703545689361,"time":"2023-12-26T04:38:52.349Z"}},{"iob":-0.006,"basaliob":-0.006,"bolussnooze":0,"activity":-2.0E-4,"lastBolusTime":1703545689361,"time":"2023-12-26T04:43:52.349Z","iobWithZeroTemp":{"iob":-0.355,"basaliob":-0.355,"bolussnooze":0,"activity":-0.0041,"lastBolusTime":1703545689361,"time":"2023-12-26T04:43:52.349Z"}},{"iob":-0.005,"basaliob":-0.005,"bolussnooze":0,"activity":-1.0E-4,"lastBolusTime":1703545689361,"time":"2023-12-26T04:48:52.349Z","iobWithZeroTemp":{"iob":-0.356,"basaliob":-0.356,"bolussnooze":0,"activity":-0.0041,"lastBolusTime":1703545689361,"time":"2023-12-26T04:48:52.349Z"}},{"iob":-0.004,"basaliob":-0.004,"bolussnooze":0,"activity":-1.0E-4,"lastBolusTime":1703545689361,"time":"2023-12-26T04:53:52.349Z","iobWithZeroTemp":{"iob":-0.357,"basaliob":-0.357,"bolussnooze":0,"activity":-0.0041,"lastBolusTime":1703545689361,"time":"2023-12-26T04:53:52.349Z"}},{"iob":-0.004,"basaliob":-0.004,"bolussnooze":0,"activity":-1.0E-4,"lastBolusTime":1703545689361,"time":"2023-12-26T04:58:52.349Z","iobWithZeroTemp":{"iob":-0.358,"basaliob":-0.358,"bolussnooze":0,"activity":-0.0042,"lastBolusTime":1703545689361,"time":"2023-12-26T04:58:52.349Z"}},{"iob":-0.003,"basaliob":-0.003,"bolussnooze":0,"activity":-1.0E-4,"lastBolusTime":1703545689361,"time":"2023-12-26T05:03:52.349Z","iobWithZeroTemp":{"iob":-0.36,"basaliob":-0.36,"bolussnooze":0,"activity":-0.0042,"lastBolusTime":1703545689361,"time":"2023-12-26T05:03:52.349Z"}},{"iob":-0.003,"basaliob":-0.003,"bolussnooze":0,"activity":-1.0E-4,"lastBolusTime":0,"time":"2023-12-26T05:08:52.349Z","iobWithZeroTemp":{"iob":-0.363,"basaliob":-0.363,"bolussnooze":0,"activity":-0.0042,"lastBolusTime":0,"time":"2023-12-26T05:08:52.349Z"}},{"iob":-0.002,"basaliob":-0.002,"bolussnooze":0,"activity":-1.0E-4,"lastBolusTime":0,"time":"2023-12-26T05:13:52.349Z","iobWithZeroTemp":{"iob":-0.365,"basaliob":-0.365,"bolussnooze":0,"activity":-0.0043,"lastBolusTime":0,"time":"2023-12-26T05:13:52.349Z"}},{"iob":-0.002,"basaliob":-0.002,"bolussnooze":0,"activity":-1.0E-4,"lastBolusTime":0,"time":"2023-12-26T05:18:52.349Z","iobWithZeroTemp":{"iob":-0.367,"basaliob":-0.367,"bolussnooze":0,"activity":-0.0043,"lastBolusTime":0,"time":"2023-12-26T05:18:52.349Z"}}],"profile":{"max_iob":10,"type":"current","max_daily_basal":0.41,"max_basal":0.8,"min_bg":130,"max_bg":130,"target_bg":130,"carb_ratio":7.639,"sens":140.517,"max_daily_safety_multiplier":3,"current_basal_safety_multiplier":4,"lgsThreshold":95,"high_temptarget_raises_sensitivity":true,"low_temptarget_lowers_sensitivity":true,"sensitivity_raises_target":true,"resistance_lowers_target":true,"adv_target_adjustments":false,"exercise_mode":false,"half_basal_exercise_target":160,"maxCOB":120,"skip_neutral_temps":false,"remainingCarbsCap":90,"enableUAM":true,"A52_risk_enable":false,"SMBInterval":3,"enableSMB_with_COB":true,"enableSMB_with_temptarget":true,"allowSMB_with_high_temptarget":false,"enableSMB_always":false,"enableSMB_after_carbs":true,"maxSMBBasalMinutes":30,"maxUAMSMBBasalMinutes":40,"bolus_increment":0.05,"carbsReqThreshold":4,"current_basal":0.2,"temptargetSet":true,"autosens_max":1.3,"autosens_min":0.7,"variable_sens":218.6,"insulinDivisor":75,"TDD":11.656621523809527},"autosens_data":{"ratio":1.0080643887585008},"meal_data":{"carbs":0,"mealCOB":0,"slopeFromMaxDeviation":0,"slopeFromMinDeviation":0.5269999999999996,"lastBolusTime":1703545689361,"lastCarbTime":0},"microBolusAllowed":true,"currentTime":1703553833425,"flatBGsDetected":false,"tdd1D":15.68566666666667,"tdd7D":15.075095238095239,"tddLast24H":15.196666666666664,"tddLast4H":0.6791666666666667,"tddLast8to4H":4.159166666666668},"output":{"temp":"absolute","bg":77,"tick":"+1","eventualBG":112,"targetBG":130,"insulinReq":0,"deliverAt":"2023-12-26T01:23:53.425Z","sensitivityRatio":0.67,"variable_sens":218.6,"predBGs":{"IOB":[77,78,80,81,83,85,87,88,90,92,93,95,97,98,100,101,102,104,105,106,107,108,108,109,110,110,111,111,112,112,113,113,113,114,114,114,114,115,115,115,115,115,115,115,115,116],"ZT":[77,79,82,84,87,89,92,95,97,100,102,105,108,110,113,115,118,120,123,125,128,130]},"reason":"COB: 0, Dev: -16, BGI: 2, ISF: 219, CR: 7.64, Target: 130, minPredBG 105, minGuardBG 78, IOBpredBG 116; minGuardBG 78<95 74m left and 0 ~ req 0U\/hr: no temp required","COB":0,"IOB":-0.235,"timestamp":"2023-12-26T01:23:53.454Z"}}