{"algorithm":"OpenAPSSMBDynamicISFPlugin","input":{"glucoseStatus":{"glucose":165,"noise":0,"delta":1.89,"short_avgdelta":1.89,"long_avgdelta":4.43,"date":1703534858000},"currenttemp":{"temp":"absolute","duration":90,"rate":0,"minutesrunning":0},"iob_data":[{"iob":1.295,"basaliob":0.009,"bolussnooze":0.118,"activity":0.0164,"lastBolusTime":1703534590488,"time":"2023-12-25T20:08:19.166Z","iobWithZeroTemp":{"iob":1.295,"basaliob":0.009,"bolussnooze":0.118,"activity":0.0164,"lastBolusTime":1703534590488,"time":"2023-12-25T20:08:19.166Z"}},{"iob":1.213,"basaliob":0.014,"bolussnooze":0.0929,"activity":0.0162,"lastBolusTime":1703534590488,"time":"2023-12-25T20:13:19.166Z","iobWithZeroTemp":{"iob":1.19,"basaliob":-0.009,"bolussnooze":0.0929,"activity":0.0162,"lastBolusTime":1703534590488,"time":"2023-12-25T20:13:19.166Z"}},{"iob":1.134,"basaliob":0.018,"bolussnooze":0.0725,"activity":0.0158,"lastBolusTime":1703534590488,"time":"2023-12-25T20:18:19.166Z","iobWithZeroTemp":{"iob":1.083,"basaliob":-0.033,"bolussnooze":0.0725,"activity":0.0157,"lastBolusTime":1703534590488,"time":"2023-12-25T20:18:19.166Z"}},{"iob":1.055,"basaliob":0.02,"bolussnooze":0.056,"activity":0.0152,"lastBolusTime":1703534590488,"time":"2023-12-25T20:23:19.166Z","iobWithZeroTemp":{"iob":0.977,"basaliob":-0.058,"bolussnooze":0.056,"activity":0.015,"lastBolusTime":1703534590488,"time":"2023-12-25T20:23:19.166Z"}},{"iob":0.981,"basaliob":0.022,"bolussnooze":0.0427,"activity":0.0147,"lastBolusTime":1703534590488,"time":"2023-12-25T20:28:19.166Z","iobWithZeroTemp":{"iob":0.876,"basaliob":-0.083,"bolussnooze":0.0427,"activity":0.0143,"lastBolusTime":1703534590488,"time":"2023-12-25T20:28:19.166Z"}},{"iob":0.91,"basaliob":0.024,"bolussnooze":0.0322,"activity":0.014,"lastBolusTime":1703534590488,"time":"2023-12-25T20:33:19.166Z","iobWithZeroTemp":{"iob":0.779,"basaliob":-0.107,"bolussnooze":0.0322,"activity":0.0134,"lastBolusTime":1703534590488,"time":"2023-12-25T20:33:19.166Z"}},{"iob":0.842,"basaliob":0.025,"bolussnooze":0.0239,"activity":0.0133,"lastBolusTime":1703534590488,"time":"2023-12-25T20:38:19.166Z","iobWithZeroTemp":{"iob":0.686,"basaliob":-0.131,"bolussnooze":0.0239,"activity":0.0125,"lastBolusTime":1703534590488,"time":"2023-12-25T20:38:19.166Z"}},{"iob":0.777,"basaliob":0.025,"bolussnooze":0.0175,"activity":0.0126,"lastBolusTime":1703534590488,"time":"2023-12-25T20:43:19.166Z","iobWithZeroTemp":{"iob":0.597,"basaliob":-0.155,"bolussnooze":0.0175,"activity":0.0116,"lastBolusTime":1703534590488,"time":"2023-12-25T20:43:19.166Z"}},{"iob":0.715,"basaliob":0.025,"bolussnooze":0.0125,"activity":0.0119,"lastBolusTime":1703534590488,"time":"2023-12-25T20:48:19.166Z","iobWithZeroTemp":{"iob":0.512,"basaliob":-0.178,"bolussnooze":0.0125,"activity":0.0106,"lastBolusTime":1703534590488,"time":"2023-12-25T20:48:19.166Z"}},{"iob":0.658,"basaliob":0.025,"bolussnooze":0.0087,"activity":0.0112,"lastBolusTime":1703534590488,"time":"2023-12-25T20:53:19.166Z","iobWithZeroTemp":{"iob":0.434,"basaliob":-0.199,"bolussnooze":0.0087,"activity":0.0097,"lastBolusTime":1703534590488,"time":"2023-12-25T20:53:19.166Z"}},{"iob":0.603,"basaliob":0.024,"bolussnooze":0.0059,"activity":0.0105,"lastBolusTime":1703534590488,"time":"2023-12-25T20:58:19.166Z","iobWithZeroTemp":{"iob":0.359,"basaliob":-0.22,"bolussnooze":0.0059,"activity":0.0087,"lastBolusTime":1703534590488,"time":"2023-12-25T20:58:19.166Z"}},{"iob":0.553,"basaliob":0.024,"bolussnooze":0.0038,"activity":0.0098,"lastBolusTime":1703534590488,"time":"2023-12-25T21:03:19.166Z","iobWithZeroTemp":{"iob":0.294,"basaliob":-0.235,"bolussnooze":0.0038,"activity":0.0078,"lastBolusTime":1703534590488,"time":"2023-12-25T21:03:19.166Z"}},{"iob":0.506,"basaliob":0.023,"bolussnooze":0.0023,"activity":0.0092,"lastBolusTime":1703534590488,"time":"2023-12-25T21:08:19.166Z","iobWithZeroTemp":{"iob":0.233,"basaliob":-0.25,"bolussnooze":0.0023,"activity":0.007,"lastBolusTime":1703534590488,"time":"2023-12-25T21:08:19.166Z"}},{"iob":0.461,"basaliob":0.022,"bolussnooze":0.0013,"activity":0.0085,"lastBolusTime":1703534590488,"time":"2023-12-25T21:13:19.166Z","iobWithZeroTemp":{"iob":0.175,"basaliob":-0.264,"bolussnooze":0.0013,"activity":0.0061,"lastBolusTime":1703534590488,"time":"2023-12-25T21:13:19.166Z"}},{"iob":0.42,"basaliob":0.021,"bolussnooze":6.0E-4,"activity":0.0079,"lastBolusTime":1703534590488,"time":"2023-12-25T21:18:19.166Z","iobWithZeroTemp":{"iob":0.122,"basaliob":-0.277,"bolussnooze":6.0E-4,"activity":0.0053,"lastBolusTime":1703534590488,"time":"2023-12-25T21:18:19.166Z"}},{"iob":0.382,"basaliob":0.02,"bolussnooze":2.0E-4,"activity":0.0073,"lastBolusTime":1703534590488,"time":"2023-12-25T21:23:19.166Z","iobWithZeroTemp":{"iob":0.073,"basaliob":-0.289,"bolussnooze":2.0E-4,"activity":0.0045,"lastBolusTime":1703534590488,"time":"2023-12-25T21:23:19.166Z"}},{"iob":0.347,"basaliob":0.019,"bolussnooze":0,"activity":0.0067,"lastBolusTime":1703534590488,"time":"2023-12-25T21:28:19.166Z","iobWithZeroTemp":{"iob":0.028,"basaliob":-0.3,"bolussnooze":0,"activity":0.0037,"lastBolusTime":1703534590488,"time":"2023-12-25T21:28:19.166Z"}},{"iob":0.315,"basaliob":0.018,"bolussnooze":0,"activity":0.0062,"lastBolusTime":1703534590488,"time":"2023-12-25T21:33:19.166Z","iobWithZeroTemp":{"iob":-0.013,"basaliob":-0.31,"bolussnooze":0,"activity":0.003,"lastBolusTime":1703534590488,"time":"2023-12-25T21:33:19.166Z"}},{"iob":0.285,"basaliob":0.017,"bolussnooze":0,"activity":0.0057,"lastBolusTime":1703534590488,"time":"2023-12-25T21:38:19.166Z","iobWithZeroTemp":{"iob":-0.051,"basaliob":-0.319,"bolussnooze":0,"activity":0.0024,"lastBolusTime":1703534590488,"time":"2023-12-25T21:38:19.166Z"}},{"iob":0.258,"basaliob":0.016,"bolussnooze":0,"activity":0.0053,"lastBolusTime":1703534590488,"time":"2023-12-25T21:43:19.166Z","iobWithZeroTemp":{"iob":-0.086,"basaliob":-0.328,"bolussnooze":0,"activity":0.0019,"lastBolusTime":1703534590488,"time":"2023-12-25T21:43:19.166Z"}},{"iob":0.233,"basaliob":0.015,"bolussnooze":0,"activity":0.0048,"lastBolusTime":1703534590488,"time":"2023-12-25T21:48:19.166Z","iobWithZeroTemp":{"iob":-0.118,"basaliob":-0.336,"bolussnooze":0,"activity":0.0012,"lastBolusTime":1703534590488,"time":"2023-12-25T21:48:19.166Z"}},{"iob":0.21,"basaliob":0.014,"bolussnooze":0,"activity":0.0044,"lastBolusTime":1703534590488,"time":"2023-12-25T21:53:19.166Z","iobWithZeroTemp":{"iob":-0.147,"basaliob":-0.343,"bolussnooze":0,"activity":7.0E-4,"lastBolusTime":1703534590488,"time":"2023-12-25T21:53:19.166Z"}},{"iob":0.188,"basaliob":0.013,"bolussnooze":0,"activity":0.004,"lastBolusTime":1703534590488,"time":"2023-12-25T21:58:19.166Z","iobWithZeroTemp":{"iob":-0.175,"basaliob":-0.35,"bolussnooze":0,"activity":2.0E-4,"lastBolusTime":1703534590488,"time":"2023-12-25T21:58:19.166Z"}},{"iob":0.169,"basaliob":0.012,"bolussnooze":0,"activity":0.0037,"lastBolusTime":1703534590488,"time":"2023-12-25T22:03:19.166Z","iobWithZeroTemp":{"iob":-0.197,"basaliob":-0.354,"bolussnooze":0,"activity":-2.0E-4,"lastBolusTime":1703534590488,"time":"2023-12-25T22:03:19.166Z"}},{"iob":0.151,"basaliob":0.011,"bolussnooze":0,"activity":0.0034,"lastBolusTime":1703534590488,"time":"2023-12-25T22:08:19.166Z","iobWithZeroTemp":{"iob":-0.219,"basaliob":-0.359,"bolussnooze":0,"activity":-6.0E-4,"lastBolusTime":1703534590488,"time":"2023-12-25T22:08:19.166Z"}},{"iob":0.135,"basaliob":0.01,"bolussnooze":0,"activity":0.0031,"lastBolusTime":1703534590488,"time":"2023-12-25T22:13:19.166Z","iobWithZeroTemp":{"iob":-0.237,"basaliob":-0.362,"bolussnooze":0,"activity":-0.001,"lastBolusTime":1703534590488,"time":"2023-12-25T22:13:19.166Z"}},{"iob":0.121,"basaliob":0.009,"bolussnooze":0,"activity":0.0028,"lastBolusTime":1703534590488,"time":"2023-12-25T22:18:19.166Z","iobWithZeroTemp":{"iob":-0.254,"basaliob":-0.366,"bolussnooze":0,"activity":-0.0013,"lastBolusTime":1703534590488,"time":"2023-12-25T22:18:19.166Z"}},{"iob":0.108,"basaliob":0.009,"bolussnooze":0,"activity":0.0025,"lastBolusTime":1703534590488,"time":"2023-12-25T22:23:19.166Z","iobWithZeroTemp":{"iob":-0.269,"basaliob":-0.368,"bolussnooze":0,"activity":-0.0017,"lastBolusTime":1703534590488,"time":"2023-12-25T22:23:19.166Z"}},{"iob":0.096,"basaliob":0.008,"bolussnooze":0,"activity":0.0022,"lastBolusTime":1703534590488,"time":"2023-12-25T22:28:19.166Z","iobWithZeroTemp":{"iob":-0.283,"basaliob":-0.371,"bolussnooze":0,"activity":-0.0021,"lastBolusTime":1703534590488,"time":"2023-12-25T22:28:19.166Z"}},{"iob":0.085,"basaliob":0.007,"bolussnooze":0,"activity":0.002,"lastBolusTime":1703534590488,"time":"2023-12-25T22:33:19.166Z","iobWithZeroTemp":{"iob":-0.295,"basaliob":-0.373,"bolussnooze":0,"activity":-0.0023,"lastBolusTime":1703534590488,"time":"2023-12-25T22:33:19.166Z"}},{"iob":0.076,"basaliob":0.007,"bolussnooze":0,"activity":0.0018,"lastBolusTime":1703534590488,"time":"2023-12-25T22:38:19.166Z","iobWithZeroTemp":{"iob":-0.306,"basaliob":-0.375,"bolussnooze":0,"activity":-0.0025,"lastBolusTime":1703534590488,"time":"2023-12-25T22:38:19.166Z"}},{"iob":0.067,"basaliob":0.006,"bolussnooze":0,"activity":0.0016,"lastBolusTime":1703534590488,"time":"2023-12-25T22:43:19.166Z","iobWithZeroTemp":{"iob":-0.316,"basaliob":-0.377,"bolussnooze":0,"activity":-0.0028,"lastBolusTime":1703534590488,"time":"2023-12-25T22:43:19.166Z"}},{"iob":0.059,"basaliob":0.006,"bolussnooze":0,"activity":0.0015,"lastBolusTime":1703534590488,"time":"2023-12-25T22:48:19.166Z","iobWithZeroTemp":{"iob":-0.325,"basaliob":-0.378,"bolussnooze":0,"activity":-0.0029,"lastBolusTime":1703534590488,"time":"2023-12-25T22:48:19.166Z"}},{"iob":0.052,"basaliob":0.005,"bolussnooze":0,"activity":0.0013,"lastBolusTime":1703534590488,"time":"2023-12-25T22:53:19.166Z","iobWithZeroTemp":{"iob":-0.332,"basaliob":-0.379,"bolussnooze":0,"activity":-0.0031,"lastBolusTime":1703534590488,"time":"2023-12-25T22:53:19.166Z"}},{"iob":0.046,"basaliob":0.005,"bolussnooze":0,"activity":0.0012,"lastBolusTime":1703534590488,"time":"2023-12-25T22:58:19.166Z","iobWithZeroTemp":{"iob":-0.339,"basaliob":-0.38,"bolussnooze":0,"activity":-0.0033,"lastBolusTime":1703534590488,"time":"2023-12-25T22:58:19.166Z"}},{"iob":0.04,"basaliob":0.004,"bolussnooze":0,"activity":0.0011,"lastBolusTime":1703534590488,"time":"2023-12-25T23:03:19.166Z","iobWithZeroTemp":{"iob":-0.345,"basaliob":-0.381,"bolussnooze":0,"activity":-0.0034,"lastBolusTime":1703534590488,"time":"2023-12-25T23:03:19.166Z"}},{"iob":0.035,"basaliob":0.004,"bolussnooze":0,"activity":0.001,"lastBolusTime":1703534590488,"time":"2023-12-25T23:08:19.166Z","iobWithZeroTemp":{"iob":-0.35,"basaliob":-0.381,"bolussnooze":0,"activity":-0.0035,"lastBolusTime":1703534590488,"time":"2023-12-25T23:08:19.166Z"}},{"iob":0.03,"basaliob":0.003,"bolussnooze":0,"activity":9.0E-4,"lastBolusTime":1703534590488,"time":"2023-12-25T23:13:19.166Z","iobWithZeroTemp":{"iob":-0.355,"basaliob":-0.382,"bolussnooze":0,"activity":-0.0036,"lastBolusTime":1703534590488,"time":"2023-12-25T23:13:19.166Z"}},{"iob":0.026,"basaliob":0.003,"bolussnooze":0,"activity":8.0E-4,"lastBolusTime":1703534590488,"time":"2023-12-25T23:18:19.166Z","iobWithZeroTemp":{"iob":-0.359,"basaliob":-0.382,"bolussnooze":0,"activity":-0.0037,"lastBolusTime":1703534590488,"time":"2023-12-25T23:18:19.166Z"}},{"iob":0.023,"basaliob":0.003,"bolussnooze":0,"activity":7.0E-4,"lastBolusTime":1703534590488,"time":"2023-12-25T23:23:19.166Z","iobWithZeroTemp":{"iob":-0.361,"basaliob":-0.381,"bolussnooze":0,"activity":-0.0038,"lastBolusTime":1703534590488,"time":"2023-12-25T23:23:19.166Z"}},{"iob":0.02,"basaliob":0.003,"bolussnooze":0,"activity":6.0E-4,"lastBolusTime":1703534590488,"time":"2023-12-25T23:28:19.166Z","iobWithZeroTemp":{"iob":-0.364,"basaliob":-0.381,"bolussnooze":0,"activity":-0.0039,"lastBolusTime":1703534590488,"time":"2023-12-25T23:28:19.166Z"}},{"iob":0.017,"basaliob":0.002,"bolussnooze":0,"activity":5.0E-4,"lastBolusTime":1703534590488,"time":"2023-12-25T23:33:19.166Z","iobWithZeroTemp":{"iob":-0.367,"basaliob":-0.382,"bolussnooze":0,"activity":-0.004,"lastBolusTime":1703534590488,"time":"2023-12-25T23:33:19.166Z"}},{"iob":0.014,"basaliob":0.002,"bolussnooze":0,"activity":4.0E-4,"lastBolusTime":1703534590488,"time":"2023-12-25T23:38:19.166Z","iobWithZeroTemp":{"iob":-0.369,"basaliob":-0.381,"bolussnooze":0,"activity":-0.0041,"lastBolusTime":1703534590488,"time":"2023-12-25T23:38:19.166Z"}},{"iob":0.013,"basaliob":0.002,"bolussnooze":0,"activity":3.0E-4,"lastBolusTime":1703534590488,"time":"2023-12-25T23:43:19.166Z","iobWithZeroTemp":{"iob":-0.37,"basaliob":-0.381,"bolussnooze":0,"activity":-0.0042,"lastBolusTime":1703534590488,"time":"2023-12-25T23:43:19.166Z"}},{"iob":0.011,"basaliob":0.002,"bolussnooze":0,"activity":3.0E-4,"lastBolusTime":1703534590488,"time":"2023-12-25T23:48:19.166Z","iobWithZeroTemp":{"iob":-0.371,"basaliob":-0.38,"bolussnooze":0,"activity":-0.0042,"lastBolusTime":1703534590488,"time":"2023-12-25T23:48:19.166Z"}},{"iob":0.01,"basaliob":0.002,"bolussnooze":0,"activity":3.0E-4,"lastBolusTime":1703534590488,"time":"2023-12-25T23:53:19.166Z","iobWithZeroTemp":{"iob":-0.372,"basaliob":-0.38,"bolussnooze":0,"activity":-0.0042,"lastBolusTime":1703534590488,"time":"2023-12-25T23:53:19.166Z"}},{"iob":0.007,"basaliob":0.001,"bolussnooze":0,"activity":2.0E-4,"lastBolusTime":1703534590488,"time":"2023-12-25T23:58:19.166Z","iobWithZeroTemp":{"iob":-0.375,"basaliob":-0.381,"bolussnooze":0,"activity":-0.0043,"lastBolusTime":1703534590488,"time":"2023-12-25T23:58:19.166Z"}},{"iob":0.006,"basaliob":0.001,"bolussnooze":0,"activity":2.0E-4,"lastBolusTime":1703534590488,"time":"2023-12-26T00:03:19.166Z","iobWithZeroTemp":{"iob":-0.373,"basaliob":-0.378,"bolussnooze":0,"activity":-0.0043,"lastBolusTime":1703534590488,"time":"2023-12-26T00:03:19.166Z"}}],"profile":{"max_iob":10,"type":"current","max_daily_basal":0.41,"max_basal":1.25,"min_bg":90,"max_bg":90,"target_bg":90,"carb_ratio":7.639,"sens":140.517,"max_daily_safety_multiplier":3,"current_basal_safety_multiplier":4,"lgsThreshold":95,"high_temptarget_raises_sensitivity":true,"low_temptarget_lowers_sensitivity":true,"sensitivity_raises_target":true,"resistance_lowers_target":true,"adv_target_adjustments":false,"exercise_mode":false,"half_basal_exercise_target":160,"maxCOB":120,"skip_neutral_temps":false,"remainingCarbsCap":90,"enableUAM":true,"A52_risk_enable":false,"SMBInterval":3,"enableSMB_with_COB":true,"enableSMB_with_temptarget":true,"allowSMB_with_high_temptarget":false,"enableSMB_always":false,"enableSMB_after_carbs":true,"maxSMBBasalMinutes":30,"maxUAMSMBBasalMinutes":40,"bolus_increment":0.05,"carbsReqThreshold":4,"current_basal":0.35,"temptargetSet":true,"autosens_max":1.3,"autosens_min":0.7,"variable_sens":105,"insulinDivisor":75,"TDD":14.736306511904761},"autosens_data":{"ratio":1.076501693210658},"meal_data":{"carbs":20,"mealCOB":2.8480514281830662,"slopeFromMaxDeviation":-1.0651666666666664,"slopeFromMinDeviation":0.23311111111111116,"lastBolusTime":1703534590488,"lastCarbTime":1703529089478},"microBolusAllowed":true,"currentTime":1703534900233,"flatBGsDetected":false,"tdd1D":15.581666666666663,"tdd7D":15.151547619047617,"tddLast24H":16.310666666666673,"tddLast4H":4.107500000000001,"tddLast8to4H":2.273333333333334},"output":{"temp":"absolute","bg":165,"tick":"+2","eventualBG":92,"targetBG":90,"insulinReq":0,"deliverAt":"2023-12-25T20:08:20.233Z","sensitivityRatio":1.2,"variable_sens":105,"predBGs":{"IOB":[165,166,166,166,165,163,161,159,155,151,147,142,136,131,126,121,116,112,108,104,100,97,93,90,87,85,82,80,78,76,74,73,71,70,69,67,66,65,64,64,63,62,62,61,61,61,61,60],"ZT":[165,156,148,139,130,121,113,105,96,89,81,74,67,60,54,48,42,39,39,39,39,39,39,39,39,39,39,39,39,39,39,41,44,48,52,56,60,63,67,70,74,77,81,84,88],"COB":[165,165,165,163,160,155,150,144,137,131,125,119,114,109,105,101,97,93,90,87,84,82,80,78,76,74,72,71,69,68,67,66,65,65,64,63,63,62,62,61,61,61,60],"UAM":[165,166,166,165,163,160,157,153,148,142,135,129,123,118,112,107,102,97,92,88,84,80,76,73,69,66,63,60,58,56,53,51,49,48,46,44,43,42,40,39]},"reason":"COB: 2.8, Dev: 63, BGI: -9, ISF: 105, CR: 7.64, Target: 90, minPredBG 38, minGuardBG 38, IOBpredBG 60, COBpredBG 60, UAMpredBG 39; minGuardBG 38<95 90m left and 0 ~ req 0U\/hr: no temp required","COB":2.8480514281830662,"IOB":1.295,"timestamp":"2023-12-25T20:08:20.266Z"}}