{"algorithm":"OpenAPSSMBDynamicISFPlugin","input":{"glucoseStatus":{"glucose":106,"noise":0,"delta":-1.39,"short_avgdelta":-1.39,"long_avgdelta":0.8,"date":1703572659000},"currenttemp":{"temp":"absolute","duration":25,"rate":0.4,"minutesrunning":5},"iob_data":[{"iob":0.067,"basaliob":0.046,"bolussnooze":0,"activity":-4.0E-4,"lastBolusTime":1703560089010,"time":"2023-12-26T06:38:03.842Z","iobWithZeroTemp":{"iob":0.067,"basaliob":0.046,"bolussnooze":0,"activity":-4.0E-4,"lastBolusTime":1703560089010,"time":"2023-12-26T06:38:03.842Z"}},{"iob":0.069,"basaliob":0.05,"bolussnooze":0,"activity":-1.0E-4,"lastBolusTime":1703560089010,"time":"2023-12-26T06:43:03.842Z","iobWithZeroTemp":{"iob":0.047,"basaliob":0.028,"bolussnooze":0,"activity":-1.0E-4,"lastBolusTime":1703560089010,"time":"2023-12-26T06:43:03.842Z"}},{"iob":0.069,"basaliob":0.053,"bolussnooze":0,"activity":0,"lastBolusTime":1703560089010,"time":"2023-12-26T06:48:03.842Z","iobWithZeroTemp":{"iob":0.021,"basaliob":0.005,"bolussnooze":0,"activity":-1.0E-4,"lastBolusTime":1703560089010,"time":"2023-12-26T06:48:03.842Z"}},{"iob":0.068,"basaliob":0.054,"bolussnooze":0,"activity":2.0E-4,"lastBolusTime":1703560089010,"time":"2023-12-26T06:53:03.842Z","iobWithZeroTemp":{"iob":-0.007,"basaliob":-0.021,"bolussnooze":0,"activity":0,"lastBolusTime":1703560089010,"time":"2023-12-26T06:53:03.842Z"}},{"iob":0.067,"basaliob":0.055,"bolussnooze":0,"activity":3.0E-4,"lastBolusTime":1703560089010,"time":"2023-12-26T06:58:03.842Z","iobWithZeroTemp":{"iob":-0.033,"basaliob":-0.045,"bolussnooze":0,"activity":-1.0E-4,"lastBolusTime":1703560089010,"time":"2023-12-26T06:58:03.842Z"}},{"iob":0.066,"basaliob":0.055,"bolussnooze":0,"activity":4.0E-4,"lastBolusTime":1703560089010,"time":"2023-12-26T07:03:03.842Z","iobWithZeroTemp":{"iob":-0.058,"basaliob":-0.069,"bolussnooze":0,"activity":-2.0E-4,"lastBolusTime":1703560089010,"time":"2023-12-26T07:03:03.842Z"}},{"iob":0.063,"basaliob":0.054,"bolussnooze":0,"activity":5.0E-4,"lastBolusTime":1703560089010,"time":"2023-12-26T07:08:03.842Z","iobWithZeroTemp":{"iob":-0.084,"basaliob":-0.093,"bolussnooze":0,"activity":-3.0E-4,"lastBolusTime":1703560089010,"time":"2023-12-26T07:08:03.842Z"}},{"iob":0.061,"basaliob":0.053,"bolussnooze":0,"activity":5.0E-4,"lastBolusTime":1703560089010,"time":"2023-12-26T07:13:03.842Z","iobWithZeroTemp":{"iob":-0.108,"basaliob":-0.116,"bolussnooze":0,"activity":-5.0E-4,"lastBolusTime":1703560089010,"time":"2023-12-26T07:13:03.842Z"}},{"iob":0.058,"basaliob":0.051,"bolussnooze":0,"activity":5.0E-4,"lastBolusTime":1703560089010,"time":"2023-12-26T07:18:03.842Z","iobWithZeroTemp":{"iob":-0.131,"basaliob":-0.138,"bolussnooze":0,"activity":-7.0E-4,"lastBolusTime":1703560089010,"time":"2023-12-26T07:18:03.842Z"}},{"iob":0.055,"basaliob":0.049,"bolussnooze":0,"activity":6.0E-4,"lastBolusTime":1703560089010,"time":"2023-12-26T07:23:03.842Z","iobWithZeroTemp":{"iob":-0.154,"basaliob":-0.16,"bolussnooze":0,"activity":-8.0E-4,"lastBolusTime":1703560089010,"time":"2023-12-26T07:23:03.842Z"}},{"iob":0.052,"basaliob":0.047,"bolussnooze":0,"activity":6.0E-4,"lastBolusTime":1703560089010,"time":"2023-12-26T07:28:03.842Z","iobWithZeroTemp":{"iob":-0.175,"basaliob":-0.18,"bolussnooze":0,"activity":-0.0011,"lastBolusTime":1703560089010,"time":"2023-12-26T07:28:03.842Z"}},{"iob":0.049,"basaliob":0.045,"bolussnooze":0,"activity":5.0E-4,"lastBolusTime":1703560089010,"time":"2023-12-26T07:33:03.842Z","iobWithZeroTemp":{"iob":-0.196,"basaliob":-0.2,"bolussnooze":0,"activity":-0.0014,"lastBolusTime":1703560089010,"time":"2023-12-26T07:33:03.842Z"}},{"iob":0.047,"basaliob":0.043,"bolussnooze":0,"activity":6.0E-4,"lastBolusTime":1703560089010,"time":"2023-12-26T07:38:03.842Z","iobWithZeroTemp":{"iob":-0.214,"basaliob":-0.218,"bolussnooze":0,"activity":-0.0015,"lastBolusTime":1703560089010,"time":"2023-12-26T07:38:03.842Z"}},{"iob":0.044,"basaliob":0.041,"bolussnooze":0,"activity":6.0E-4,"lastBolusTime":1703560089010,"time":"2023-12-26T07:43:03.842Z","iobWithZeroTemp":{"iob":-0.232,"basaliob":-0.235,"bolussnooze":0,"activity":-0.0017,"lastBolusTime":1703560089010,"time":"2023-12-26T07:43:03.842Z"}},{"iob":0.04,"basaliob":0.038,"bolussnooze":0,"activity":6.0E-4,"lastBolusTime":1703560089010,"time":"2023-12-26T07:48:03.842Z","iobWithZeroTemp":{"iob":-0.25,"basaliob":-0.252,"bolussnooze":0,"activity":-0.0019,"lastBolusTime":1703560089010,"time":"2023-12-26T07:48:03.842Z"}},{"iob":0.038,"basaliob":0.036,"bolussnooze":0,"activity":6.0E-4,"lastBolusTime":1703560089010,"time":"2023-12-26T07:53:03.842Z","iobWithZeroTemp":{"iob":-0.266,"basaliob":-0.268,"bolussnooze":0,"activity":-0.0021,"lastBolusTime":1703560089010,"time":"2023-12-26T07:53:03.842Z"}},{"iob":0.036,"basaliob":0.034,"bolussnooze":0,"activity":5.0E-4,"lastBolusTime":1703560089010,"time":"2023-12-26T07:58:03.842Z","iobWithZeroTemp":{"iob":-0.28,"basaliob":-0.282,"bolussnooze":0,"activity":-0.0024,"lastBolusTime":1703560089010,"time":"2023-12-26T07:58:03.842Z"}},{"iob":0.033,"basaliob":0.032,"bolussnooze":0,"activity":5.0E-4,"lastBolusTime":1703560089010,"time":"2023-12-26T08:03:03.842Z","iobWithZeroTemp":{"iob":-0.295,"basaliob":-0.296,"bolussnooze":0,"activity":-0.0026,"lastBolusTime":1703560089010,"time":"2023-12-26T08:03:03.842Z"}},{"iob":0.031,"basaliob":0.03,"bolussnooze":0,"activity":4.0E-4,"lastBolusTime":1703560089010,"time":"2023-12-26T08:08:03.842Z","iobWithZeroTemp":{"iob":-0.307,"basaliob":-0.308,"bolussnooze":0,"activity":-0.0028,"lastBolusTime":1703560089010,"time":"2023-12-26T08:08:03.842Z"}},{"iob":0.029,"basaliob":0.028,"bolussnooze":0,"activity":4.0E-4,"lastBolusTime":1703560089010,"time":"2023-12-26T08:13:03.842Z","iobWithZeroTemp":{"iob":-0.319,"basaliob":-0.32,"bolussnooze":0,"activity":-0.003,"lastBolusTime":1703560089010,"time":"2023-12-26T08:13:03.842Z"}},{"iob":0.027,"basaliob":0.026,"bolussnooze":0,"activity":4.0E-4,"lastBolusTime":1703560089010,"time":"2023-12-26T08:18:03.842Z","iobWithZeroTemp":{"iob":-0.33,"basaliob":-0.331,"bolussnooze":0,"activity":-0.0031,"lastBolusTime":1703560089010,"time":"2023-12-26T08:18:03.842Z"}},{"iob":0.024,"basaliob":0.024,"bolussnooze":0,"activity":4.0E-4,"lastBolusTime":1703560089010,"time":"2023-12-26T08:23:03.842Z","iobWithZeroTemp":{"iob":-0.342,"basaliob":-0.342,"bolussnooze":0,"activity":-0.0033,"lastBolusTime":1703560089010,"time":"2023-12-26T08:23:03.842Z"}},{"iob":0.022,"basaliob":0.022,"bolussnooze":0,"activity":3.0E-4,"lastBolusTime":1703560089010,"time":"2023-12-26T08:28:03.842Z","iobWithZeroTemp":{"iob":-0.352,"basaliob":-0.352,"bolussnooze":0,"activity":-0.0035,"lastBolusTime":1703560089010,"time":"2023-12-26T08:28:03.842Z"}},{"iob":0.02,"basaliob":0.02,"bolussnooze":0,"activity":3.0E-4,"lastBolusTime":1703560089010,"time":"2023-12-26T08:33:03.842Z","iobWithZeroTemp":{"iob":-0.361,"basaliob":-0.361,"bolussnooze":0,"activity":-0.0036,"lastBolusTime":1703560089010,"time":"2023-12-26T08:33:03.842Z"}},{"iob":0.019,"basaliob":0.019,"bolussnooze":0,"activity":3.0E-4,"lastBolusTime":1703560089010,"time":"2023-12-26T08:38:03.842Z","iobWithZeroTemp":{"iob":-0.368,"basaliob":-0.368,"bolussnooze":0,"activity":-0.0038,"lastBolusTime":1703560089010,"time":"2023-12-26T08:38:03.842Z"}},{"iob":0.017,"basaliob":0.017,"bolussnooze":0,"activity":3.0E-4,"lastBolusTime":1703560089010,"time":"2023-12-26T08:43:03.842Z","iobWithZeroTemp":{"iob":-0.376,"basaliob":-0.376,"bolussnooze":0,"activity":-0.0039,"lastBolusTime":1703560089010,"time":"2023-12-26T08:43:03.842Z"}},{"iob":0.016,"basaliob":0.016,"bolussnooze":0,"activity":3.0E-4,"lastBolusTime":1703560089010,"time":"2023-12-26T08:48:03.842Z","iobWithZeroTemp":{"iob":-0.382,"basaliob":-0.382,"bolussnooze":0,"activity":-0.004,"lastBolusTime":1703560089010,"time":"2023-12-26T08:48:03.842Z"}},{"iob":0.015,"basaliob":0.015,"bolussnooze":0,"activity":3.0E-4,"lastBolusTime":1703560089010,"time":"2023-12-26T08:53:03.842Z","iobWithZeroTemp":{"iob":-0.388,"basaliob":-0.388,"bolussnooze":0,"activity":-0.0041,"lastBolusTime":1703560089010,"time":"2023-12-26T08:53:03.842Z"}},{"iob":0.013,"basaliob":0.013,"bolussnooze":0,"activity":2.0E-4,"lastBolusTime":1703560089010,"time":"2023-12-26T08:58:03.842Z","iobWithZeroTemp":{"iob":-0.395,"basaliob":-0.395,"bolussnooze":0,"activity":-0.0042,"lastBolusTime":1703560089010,"time":"2023-12-26T08:58:03.842Z"}},{"iob":0.012,"basaliob":0.012,"bolussnooze":0,"activity":2.0E-4,"lastBolusTime":1703560089010,"time":"2023-12-26T09:03:03.842Z","iobWithZeroTemp":{"iob":-0.398,"basaliob":-0.398,"bolussnooze":0,"activity":-0.0043,"lastBolusTime":1703560089010,"time":"2023-12-26T09:03:03.842Z"}},{"iob":0.011,"basaliob":0.011,"bolussnooze":0,"activity":2.0E-4,"lastBolusTime":1703560089010,"time":"2023-12-26T09:08:03.842Z","iobWithZeroTemp":{"iob":-0.402,"basaliob":-0.402,"bolussnooze":0,"activity":-0.0044,"lastBolusTime":1703560089010,"time":"2023-12-26T09:08:03.842Z"}},{"iob":0.01,"basaliob":0.01,"bolussnooze":0,"activity":2.0E-4,"lastBolusTime":0,"time":"2023-12-26T09:13:03.842Z","iobWithZeroTemp":{"iob":-0.405,"basaliob":-0.405,"bolussnooze":0,"activity":-0.0045,"lastBolusTime":0,"time":"2023-12-26T09:13:03.842Z"}},{"iob":0.009,"basaliob":0.009,"bolussnooze":0,"activity":2.0E-4,"lastBolusTime":0,"time":"2023-12-26T09:18:03.842Z","iobWithZeroTemp":{"iob":-0.407,"basaliob":-0.407,"bolussnooze":0,"activity":-0.0045,"lastBolusTime":0,"time":"2023-12-26T09:18:03.842Z"}},{"iob":0.008,"basaliob":0.008,"bolussnooze":0,"activity":2.0E-4,"lastBolusTime":0,"time":"2023-12-26T09:23:03.842Z","iobWithZeroTemp":{"iob":-0.41,"basaliob":-0.41,"bolussnooze":0,"activity":-0.0046,"lastBolusTime":0,"time":"2023-12-26T09:23:03.842Z"}},{"iob":0.008,"basaliob":0.008,"bolussnooze":0,"activity":2.0E-4,"lastBolusTime":0,"time":"2023-12-26T09:28:03.842Z","iobWithZeroTemp":{"iob":-0.411,"basaliob":-0.411,"bolussnooze":0,"activity":-0.0046,"lastBolusTime":0,"time":"2023-12-26T09:28:03.842Z"}},{"iob":0.007,"basaliob":0.007,"bolussnooze":0,"activity":1.0E-4,"lastBolusTime":0,"time":"2023-12-26T09:33:03.842Z","iobWithZeroTemp":{"iob":-0.413,"basaliob":-0.413,"bolussnooze":0,"activity":-0.0047,"lastBolusTime":0,"time":"2023-12-26T09:33:03.842Z"}},{"iob":0.006,"basaliob":0.006,"bolussnooze":0,"activity":1.0E-4,"lastBolusTime":0,"time":"2023-12-26T09:38:03.842Z","iobWithZeroTemp":{"iob":-0.414,"basaliob":-0.414,"bolussnooze":0,"activity":-0.0048,"lastBolusTime":0,"time":"2023-12-26T09:38:03.842Z"}},{"iob":0.006,"basaliob":0.006,"bolussnooze":0,"activity":1.0E-4,"lastBolusTime":0,"time":"2023-12-26T09:43:03.842Z","iobWithZeroTemp":{"iob":-0.415,"basaliob":-0.415,"bolussnooze":0,"activity":-0.0048,"lastBolusTime":0,"time":"2023-12-26T09:43:03.842Z"}},{"iob":0.006,"basaliob":0.006,"bolussnooze":0,"activity":1.0E-4,"lastBolusTime":0,"time":"2023-12-26T09:48:03.842Z","iobWithZeroTemp":{"iob":-0.416,"basaliob":-0.416,"bolussnooze":0,"activity":-0.0048,"lastBolusTime":0,"time":"2023-12-26T09:48:03.842Z"}},{"iob":0.005,"basaliob":0.005,"bolussnooze":0,"activity":1.0E-4,"lastBolusTime":0,"time":"2023-12-26T09:53:03.842Z","iobWithZeroTemp":{"iob":-0.417,"basaliob":-0.417,"bolussnooze":0,"activity":-0.0048,"lastBolusTime":0,"time":"2023-12-26T09:53:03.842Z"}},{"iob":0.005,"basaliob":0.005,"bolussnooze":0,"activity":1.0E-4,"lastBolusTime":0,"time":"2023-12-26T09:58:03.842Z","iobWithZeroTemp":{"iob":-0.417,"basaliob":-0.417,"bolussnooze":0,"activity":-0.0048,"lastBolusTime":0,"time":"2023-12-26T09:58:03.842Z"}},{"iob":0.004,"basaliob":0.004,"bolussnooze":0,"activity":1.0E-4,"lastBolusTime":0,"time":"2023-12-26T10:03:03.842Z","iobWithZeroTemp":{"iob":-0.414,"basaliob":-0.414,"bolussnooze":0,"activity":-0.0049,"lastBolusTime":0,"time":"2023-12-26T10:03:03.842Z"}},{"iob":0.004,"basaliob":0.004,"bolussnooze":0,"activity":1.0E-4,"lastBolusTime":0,"time":"2023-12-26T10:08:03.842Z","iobWithZeroTemp":{"iob":-0.411,"basaliob":-0.411,"bolussnooze":0,"activity":-0.0049,"lastBolusTime":0,"time":"2023-12-26T10:08:03.842Z"}},{"iob":0.003,"basaliob":0.003,"bolussnooze":0,"activity":1.0E-4,"lastBolusTime":0,"time":"2023-12-26T10:13:03.842Z","iobWithZeroTemp":{"iob":-0.408,"basaliob":-0.408,"bolussnooze":0,"activity":-0.0048,"lastBolusTime":0,"time":"2023-12-26T10:13:03.842Z"}},{"iob":0.003,"basaliob":0.003,"bolussnooze":0,"activity":1.0E-4,"lastBolusTime":0,"time":"2023-12-26T10:18:03.842Z","iobWithZeroTemp":{"iob":-0.404,"basaliob":-0.404,"bolussnooze":0,"activity":-0.0048,"lastBolusTime":0,"time":"2023-12-26T10:18:03.842Z"}},{"iob":0.002,"basaliob":0.002,"bolussnooze":0,"activity":1.0E-4,"lastBolusTime":0,"time":"2023-12-26T10:23:03.842Z","iobWithZeroTemp":{"iob":-0.401,"basaliob":-0.401,"bolussnooze":0,"activity":-0.0048,"lastBolusTime":0,"time":"2023-12-26T10:23:03.842Z"}},{"iob":0.002,"basaliob":0.002,"bolussnooze":0,"activity":1.0E-4,"lastBolusTime":0,"time":"2023-12-26T10:28:03.842Z","iobWithZeroTemp":{"iob":-0.398,"basaliob":-0.398,"bolussnooze":0,"activity":-0.0048,"lastBolusTime":0,"time":"2023-12-26T10:28:03.842Z"}},{"iob":0.002,"basaliob":0.002,"bolussnooze":0,"activity":1.0E-4,"lastBolusTime":0,"time":"2023-12-26T10:33:03.842Z","iobWithZeroTemp":{"iob":-0.394,"basaliob":-0.394,"bolussnooze":0,"activity":-0.0048,"lastBolusTime":0,"time":"2023-12-26T10:33:03.842Z"}}],"profile":{"max_iob":10,"type":"current","max_daily_basal":0.41,"max_basal":1.25,"min_bg":95,"max_bg":95,"target_bg":95,"carb_ratio":7.639,"sens":140.517,"max_daily_safety_multiplier":3,"current_basal_safety_multiplier":4,"lgsThreshold":95,"high_temptarget_raises_sensitivity":true,"low_temptarget_lowers_sensitivity":true,"sensitivity_raises_target":true,"resistance_lowers_target":true,"adv_target_adjustments":false,"exercise_mode":false,"half_basal_exercise_target":160,"maxCOB":120,"skip_neutral_temps":false,"remainingCarbsCap":90,"enableUAM":true,"A52_risk_enable":false,"SMBInterval":3,"enableSMB_with_COB":true,"enableSMB_with_temptarget":true,"allowSMB_with_high_temptarget":false,"enableSMB_always":false,"enableSMB_after_carbs":true,"maxSMBBasalMinutes":30,"maxUAMSMBBasalMinutes":40,"bolus_increment":0.05,"carbsReqThreshold":4,"current_basal":0.3,"temptargetSet":false,"autosens_max":1.3,"autosens_min":0.7,"variable_sens":180.1,"insulinDivisor":75,"TDD":11.346935498809524},"autosens_data":{"ratio":1.0447750468290493},"meal_data":{"carbs":0,"mealCOB":0,"slopeFromMaxDeviation":-0.6454,"slopeFromMinDeviation":0,"lastBolusTime":1703560089010,"lastCarbTime":0},"microBolusAllowed":true,"currentTime":1703572685348,"flatBGsDetected":false,"tdd1D":15.68566666666667,"tdd7D":15.075095238095239,"tddLast24H":15.75008333333333,"tddLast4H":1.858333333333333,"tddLast8to4H":0.7944166666666668},"output":{"temp":"absolute","bg":106,"tick":-1,"eventualBG":97,"targetBG":94,"insulinReq":0,"deliverAt":"2023-12-26T06:38:05.348Z","sensitivityRatio":1.0447750468290493,"variable_sens":180.1,"predBGs":{"IOB":[106,105,103,102,101,100,98,97,96,95,94,94,93,93,92,91,91,90,90,89,89,89,88,88,88,87,87,87,86,86,86,86,85,85,85,85,85,85,85,84],"ZT":[106,106,106,107,107,107,107,107,108,108]},"reason":"COB: 0, Dev: 3, BGI: 0, ISF: 180, CR: 7.64, Target: 94, minPredBG 95, minGuardBG 83, IOBpredBG 84; minGuardBG 83<95","COB":0,"IOB":0.067,"duration":30,"rate":0,"timestamp":"2023-12-26T06:38:05.381Z"}}