{"algorithm":"OpenAPSSMBDynamicISFPlugin","input":{"glucoseStatus":{"glucose":111,"noise":0,"delta":-7.5,"short_avgdelta":-7.5,"long_avgdelta":-4.1,"date":1703495557000},"currenttemp":{"temp":"absolute","duration":105,"rate":0,"minutesrunning":15},"iob_data":[{"iob":0.956,"basaliob":-0.255,"bolussnooze":0.4552,"activity":0.0137,"lastBolusTime":1703494087446,"time":"2023-12-25T09:13:02.637Z","iobWithZeroTemp":{"iob":0.956,"basaliob":-0.255,"bolussnooze":0.4552,"activity":0.0137,"lastBolusTime":1703494087446,"time":"2023-12-25T09:13:02.637Z"}},{"iob":0.889,"basaliob":-0.245,"bolussnooze":0.379,"activity":0.0132,"lastBolusTime":1703494087446,"time":"2023-12-25T09:18:02.637Z","iobWithZeroTemp":{"iob":0.867,"basaliob":-0.267,"bolussnooze":0.379,"activity":0.0132,"lastBolusTime":1703494087446,"time":"2023-12-25T09:18:02.637Z"}},{"iob":0.824,"basaliob":-0.234,"bolussnooze":0.3136,"activity":0.0126,"lastBolusTime":1703494087446,"time":"2023-12-25T09:23:02.637Z","iobWithZeroTemp":{"iob":0.776,"basaliob":-0.282,"bolussnooze":0.3136,"activity":0.0125,"lastBolusTime":1703494087446,"time":"2023-12-25T09:23:02.637Z"}},{"iob":0.763,"basaliob":-0.223,"bolussnooze":0.2579,"activity":0.012,"lastBolusTime":1703494087446,"time":"2023-12-25T09:28:02.637Z","iobWithZeroTemp":{"iob":0.688,"basaliob":-0.298,"bolussnooze":0.2579,"activity":0.0118,"lastBolusTime":1703494087446,"time":"2023-12-25T09:28:02.637Z"}},{"iob":0.705,"basaliob":-0.211,"bolussnooze":0.2107,"activity":0.0113,"lastBolusTime":1703494087446,"time":"2023-12-25T09:33:02.637Z","iobWithZeroTemp":{"iob":0.605,"basaliob":-0.311,"bolussnooze":0.2107,"activity":0.0109,"lastBolusTime":1703494087446,"time":"2023-12-25T09:33:02.637Z"}},{"iob":0.649,"basaliob":-0.2,"bolussnooze":0.171,"activity":0.0107,"lastBolusTime":1703494087446,"time":"2023-12-25T09:38:02.637Z","iobWithZeroTemp":{"iob":0.524,"basaliob":-0.325,"bolussnooze":0.171,"activity":0.0101,"lastBolusTime":1703494087446,"time":"2023-12-25T09:38:02.637Z"}},{"iob":0.597,"basaliob":-0.188,"bolussnooze":0.1379,"activity":0.01,"lastBolusTime":1703494087446,"time":"2023-12-25T09:43:02.637Z","iobWithZeroTemp":{"iob":0.448,"basaliob":-0.337,"bolussnooze":0.1379,"activity":0.0092,"lastBolusTime":1703494087446,"time":"2023-12-25T09:43:02.637Z"}},{"iob":0.548,"basaliob":-0.176,"bolussnooze":0.1104,"activity":0.0094,"lastBolusTime":1703494087446,"time":"2023-12-25T09:48:02.637Z","iobWithZeroTemp":{"iob":0.376,"basaliob":-0.348,"bolussnooze":0.1104,"activity":0.0084,"lastBolusTime":1703494087446,"time":"2023-12-25T09:48:02.637Z"}},{"iob":0.502,"basaliob":-0.165,"bolussnooze":0.0878,"activity":0.0088,"lastBolusTime":1703494087446,"time":"2023-12-25T09:53:02.637Z","iobWithZeroTemp":{"iob":0.309,"basaliob":-0.358,"bolussnooze":0.0878,"activity":0.0076,"lastBolusTime":1703494087446,"time":"2023-12-25T09:53:02.637Z"}},{"iob":0.46,"basaliob":-0.154,"bolussnooze":0.0692,"activity":0.0082,"lastBolusTime":1703494087446,"time":"2023-12-25T09:58:02.637Z","iobWithZeroTemp":{"iob":0.246,"basaliob":-0.368,"bolussnooze":0.0692,"activity":0.0068,"lastBolusTime":1703494087446,"time":"2023-12-25T09:58:02.637Z"}},{"iob":0.42,"basaliob":-0.143,"bolussnooze":0.0541,"activity":0.0077,"lastBolusTime":1703494087446,"time":"2023-12-25T10:03:02.637Z","iobWithZeroTemp":{"iob":0.192,"basaliob":-0.371,"bolussnooze":0.0541,"activity":0.006,"lastBolusTime":1703494087446,"time":"2023-12-25T10:03:02.637Z"}},{"iob":0.383,"basaliob":-0.133,"bolussnooze":0.0419,"activity":0.0071,"lastBolusTime":1703494087446,"time":"2023-12-25T10:08:02.637Z","iobWithZeroTemp":{"iob":0.143,"basaliob":-0.373,"bolussnooze":0.0419,"activity":0.0052,"lastBolusTime":1703494087446,"time":"2023-12-25T10:08:02.637Z"}},{"iob":0.349,"basaliob":-0.123,"bolussnooze":0.032,"activity":0.0066,"lastBolusTime":1703494087446,"time":"2023-12-25T10:13:02.637Z","iobWithZeroTemp":{"iob":0.097,"basaliob":-0.375,"bolussnooze":0.032,"activity":0.0045,"lastBolusTime":1703494087446,"time":"2023-12-25T10:13:02.637Z"}},{"iob":0.318,"basaliob":-0.113,"bolussnooze":0.0242,"activity":0.0061,"lastBolusTime":1703494087446,"time":"2023-12-25T10:18:02.637Z","iobWithZeroTemp":{"iob":0.055,"basaliob":-0.376,"bolussnooze":0.0242,"activity":0.0038,"lastBolusTime":1703494087446,"time":"2023-12-25T10:18:02.637Z"}},{"iob":0.288,"basaliob":-0.105,"bolussnooze":0.018,"activity":0.0056,"lastBolusTime":1703494087446,"time":"2023-12-25T10:23:02.637Z","iobWithZeroTemp":{"iob":0.015,"basaliob":-0.378,"bolussnooze":0.018,"activity":0.0032,"lastBolusTime":1703494087446,"time":"2023-12-25T10:23:02.637Z"}},{"iob":0.262,"basaliob":-0.096,"bolussnooze":0.0132,"activity":0.0052,"lastBolusTime":1703494087446,"time":"2023-12-25T10:28:02.637Z","iobWithZeroTemp":{"iob":-0.02,"basaliob":-0.378,"bolussnooze":0.0132,"activity":0.0026,"lastBolusTime":1703494087446,"time":"2023-12-25T10:28:02.637Z"}},{"iob":0.236,"basaliob":-0.089,"bolussnooze":0.0094,"activity":0.0048,"lastBolusTime":1703494087446,"time":"2023-12-25T10:33:02.637Z","iobWithZeroTemp":{"iob":-0.054,"basaliob":-0.379,"bolussnooze":0.0094,"activity":0.002,"lastBolusTime":1703494087446,"time":"2023-12-25T10:33:02.637Z"}},{"iob":0.214,"basaliob":-0.081,"bolussnooze":0.0066,"activity":0.0044,"lastBolusTime":1703494087446,"time":"2023-12-25T10:38:02.637Z","iobWithZeroTemp":{"iob":-0.084,"basaliob":-0.379,"bolussnooze":0.0066,"activity":0.0015,"lastBolusTime":1703494087446,"time":"2023-12-25T10:38:02.637Z"}},{"iob":0.193,"basaliob":-0.074,"bolussnooze":0.0044,"activity":0.004,"lastBolusTime":1703494087446,"time":"2023-12-25T10:43:02.637Z","iobWithZeroTemp":{"iob":-0.112,"basaliob":-0.379,"bolussnooze":0.0044,"activity":0.001,"lastBolusTime":1703494087446,"time":"2023-12-25T10:43:02.637Z"}},{"iob":0.174,"basaliob":-0.068,"bolussnooze":0.0028,"activity":0.0037,"lastBolusTime":1703494087446,"time":"2023-12-25T10:48:02.637Z","iobWithZeroTemp":{"iob":-0.137,"basaliob":-0.379,"bolussnooze":0.0028,"activity":6.0E-4,"lastBolusTime":1703494087446,"time":"2023-12-25T10:48:02.637Z"}},{"iob":0.156,"basaliob":-0.062,"bolussnooze":0.0017,"activity":0.0034,"lastBolusTime":1703494087446,"time":"2023-12-25T10:53:02.637Z","iobWithZeroTemp":{"iob":-0.161,"basaliob":-0.379,"bolussnooze":0.0017,"activity":1.0E-4,"lastBolusTime":1703494087446,"time":"2023-12-25T10:53:02.637Z"}},{"iob":0.14,"basaliob":-0.057,"bolussnooze":9.0E-4,"activity":0.003,"lastBolusTime":1703494087446,"time":"2023-12-25T10:58:02.637Z","iobWithZeroTemp":{"iob":-0.182,"basaliob":-0.379,"bolussnooze":9.0E-4,"activity":-4.0E-4,"lastBolusTime":1703494087446,"time":"2023-12-25T10:58:02.637Z"}},{"iob":0.126,"basaliob":-0.051,"bolussnooze":4.0E-4,"activity":0.0028,"lastBolusTime":1703494087446,"time":"2023-12-25T11:03:02.637Z","iobWithZeroTemp":{"iob":-0.206,"basaliob":-0.383,"bolussnooze":4.0E-4,"activity":-7.0E-4,"lastBolusTime":1703494087446,"time":"2023-12-25T11:03:02.637Z"}},{"iob":0.112,"basaliob":-0.047,"bolussnooze":2.0E-4,"activity":0.0025,"lastBolusTime":1703494087446,"time":"2023-12-25T11:08:02.637Z","iobWithZeroTemp":{"iob":-0.229,"basaliob":-0.388,"bolussnooze":2.0E-4,"activity":-0.0011,"lastBolusTime":1703494087446,"time":"2023-12-25T11:08:02.637Z"}},{"iob":0.101,"basaliob":-0.042,"bolussnooze":0,"activity":0.0023,"lastBolusTime":1703494087446,"time":"2023-12-25T11:13:02.637Z","iobWithZeroTemp":{"iob":-0.249,"basaliob":-0.392,"bolussnooze":0,"activity":-0.0014,"lastBolusTime":1703494087446,"time":"2023-12-25T11:13:02.637Z"}},{"iob":0.09,"basaliob":-0.038,"bolussnooze":0,"activity":0.002,"lastBolusTime":1703494087446,"time":"2023-12-25T11:18:02.637Z","iobWithZeroTemp":{"iob":-0.269,"basaliob":-0.397,"bolussnooze":0,"activity":-0.0018,"lastBolusTime":1703494087446,"time":"2023-12-25T11:18:02.637Z"}},{"iob":0.079,"basaliob":-0.035,"bolussnooze":0,"activity":0.0019,"lastBolusTime":1703494087446,"time":"2023-12-25T11:23:02.637Z","iobWithZeroTemp":{"iob":-0.288,"basaliob":-0.402,"bolussnooze":0,"activity":-0.002,"lastBolusTime":1703494087446,"time":"2023-12-25T11:23:02.637Z"}},{"iob":0.071,"basaliob":-0.031,"bolussnooze":0,"activity":0.0017,"lastBolusTime":1703494087446,"time":"2023-12-25T11:28:02.637Z","iobWithZeroTemp":{"iob":-0.303,"basaliob":-0.405,"bolussnooze":0,"activity":-0.0023,"lastBolusTime":1703494087446,"time":"2023-12-25T11:28:02.637Z"}},{"iob":0.063,"basaliob":-0.028,"bolussnooze":0,"activity":0.0015,"lastBolusTime":1703494087446,"time":"2023-12-25T11:33:02.637Z","iobWithZeroTemp":{"iob":-0.318,"basaliob":-0.409,"bolussnooze":0,"activity":-0.0026,"lastBolusTime":1703494087446,"time":"2023-12-25T11:33:02.637Z"}},{"iob":0.056,"basaliob":-0.025,"bolussnooze":0,"activity":0.0014,"lastBolusTime":1703494087446,"time":"2023-12-25T11:38:02.637Z","iobWithZeroTemp":{"iob":-0.332,"basaliob":-0.413,"bolussnooze":0,"activity":-0.0028,"lastBolusTime":1703494087446,"time":"2023-12-25T11:38:02.637Z"}},{"iob":0.049,"basaliob":-0.023,"bolussnooze":0,"activity":0.0012,"lastBolusTime":1703494087446,"time":"2023-12-25T11:43:02.637Z","iobWithZeroTemp":{"iob":-0.345,"basaliob":-0.417,"bolussnooze":0,"activity":-0.0031,"lastBolusTime":1703494087446,"time":"2023-12-25T11:43:02.637Z"}},{"iob":0.043,"basaliob":-0.02,"bolussnooze":0,"activity":0.0012,"lastBolusTime":1703494087446,"time":"2023-12-25T11:48:02.637Z","iobWithZeroTemp":{"iob":-0.356,"basaliob":-0.419,"bolussnooze":0,"activity":-0.0031,"lastBolusTime":1703494087446,"time":"2023-12-25T11:48:02.637Z"}},{"iob":0.038,"basaliob":-0.018,"bolussnooze":0,"activity":0.001,"lastBolusTime":1703494087446,"time":"2023-12-25T11:53:02.637Z","iobWithZeroTemp":{"iob":-0.367,"basaliob":-0.423,"bolussnooze":0,"activity":-0.0034,"lastBolusTime":1703494087446,"time":"2023-12-25T11:53:02.637Z"}},{"iob":0.033,"basaliob":-0.016,"bolussnooze":0,"activity":9.0E-4,"lastBolusTime":1703494087446,"time":"2023-12-25T11:58:02.637Z","iobWithZeroTemp":{"iob":-0.376,"basaliob":-0.425,"bolussnooze":0,"activity":-0.0036,"lastBolusTime":1703494087446,"time":"2023-12-25T11:58:02.637Z"}},{"iob":0.028,"basaliob":-0.015,"bolussnooze":0,"activity":8.0E-4,"lastBolusTime":1703494087446,"time":"2023-12-25T12:03:02.637Z","iobWithZeroTemp":{"iob":-0.386,"basaliob":-0.429,"bolussnooze":0,"activity":-0.0038,"lastBolusTime":1703494087446,"time":"2023-12-25T12:03:02.637Z"}},{"iob":0.025,"basaliob":-0.013,"bolussnooze":0,"activity":7.0E-4,"lastBolusTime":1703494087446,"time":"2023-12-25T12:08:02.637Z","iobWithZeroTemp":{"iob":-0.393,"basaliob":-0.431,"bolussnooze":0,"activity":-0.0039,"lastBolusTime":1703494087446,"time":"2023-12-25T12:08:02.637Z"}},{"iob":0.022,"basaliob":-0.011,"bolussnooze":0,"activity":6.0E-4,"lastBolusTime":1703494087446,"time":"2023-12-25T12:13:02.637Z","iobWithZeroTemp":{"iob":-0.399,"basaliob":-0.432,"bolussnooze":0,"activity":-0.0041,"lastBolusTime":1703494087446,"time":"2023-12-25T12:13:02.637Z"}},{"iob":0.019,"basaliob":-0.01,"bolussnooze":0,"activity":6.0E-4,"lastBolusTime":1703494087446,"time":"2023-12-25T12:18:02.637Z","iobWithZeroTemp":{"iob":-0.406,"basaliob":-0.435,"bolussnooze":0,"activity":-0.0042,"lastBolusTime":1703494087446,"time":"2023-12-25T12:18:02.637Z"}},{"iob":0.016,"basaliob":-0.009,"bolussnooze":0,"activity":5.0E-4,"lastBolusTime":1703494087446,"time":"2023-12-25T12:23:02.637Z","iobWithZeroTemp":{"iob":-0.412,"basaliob":-0.437,"bolussnooze":0,"activity":-0.0043,"lastBolusTime":1703494087446,"time":"2023-12-25T12:23:02.637Z"}},{"iob":0.014,"basaliob":-0.008,"bolussnooze":0,"activity":4.0E-4,"lastBolusTime":1703494087446,"time":"2023-12-25T12:28:02.637Z","iobWithZeroTemp":{"iob":-0.417,"basaliob":-0.439,"bolussnooze":0,"activity":-0.0045,"lastBolusTime":1703494087446,"time":"2023-12-25T12:28:02.637Z"}},{"iob":0.012,"basaliob":-0.007,"bolussnooze":0,"activity":4.0E-4,"lastBolusTime":1703494087446,"time":"2023-12-25T12:33:02.637Z","iobWithZeroTemp":{"iob":-0.421,"basaliob":-0.44,"bolussnooze":0,"activity":-0.0045,"lastBolusTime":1703494087446,"time":"2023-12-25T12:33:02.637Z"}},{"iob":0.01,"basaliob":-0.006,"bolussnooze":0,"activity":3.0E-4,"lastBolusTime":1703494087446,"time":"2023-12-25T12:38:02.637Z","iobWithZeroTemp":{"iob":-0.426,"basaliob":-0.442,"bolussnooze":0,"activity":-0.0047,"lastBolusTime":1703494087446,"time":"2023-12-25T12:38:02.637Z"}},{"iob":0.009,"basaliob":-0.005,"bolussnooze":0,"activity":3.0E-4,"lastBolusTime":1703494087446,"time":"2023-12-25T12:43:02.637Z","iobWithZeroTemp":{"iob":-0.429,"basaliob":-0.443,"bolussnooze":0,"activity":-0.0047,"lastBolusTime":1703494087446,"time":"2023-12-25T12:43:02.637Z"}},{"iob":0.007,"basaliob":-0.005,"bolussnooze":0,"activity":3.0E-4,"lastBolusTime":1703494087446,"time":"2023-12-25T12:48:02.637Z","iobWithZeroTemp":{"iob":-0.433,"basaliob":-0.445,"bolussnooze":0,"activity":-0.0048,"lastBolusTime":1703494087446,"time":"2023-12-25T12:48:02.637Z"}},{"iob":0.006,"basaliob":-0.004,"bolussnooze":0,"activity":2.0E-4,"lastBolusTime":1703494087446,"time":"2023-12-25T12:53:02.637Z","iobWithZeroTemp":{"iob":-0.435,"basaliob":-0.445,"bolussnooze":0,"activity":-0.0049,"lastBolusTime":1703494087446,"time":"2023-12-25T12:53:02.637Z"}},{"iob":0.004,"basaliob":-0.004,"bolussnooze":0,"activity":2.0E-4,"lastBolusTime":1703494087446,"time":"2023-12-25T12:58:02.637Z","iobWithZeroTemp":{"iob":-0.439,"basaliob":-0.447,"bolussnooze":0,"activity":-0.0049,"lastBolusTime":1703494087446,"time":"2023-12-25T12:58:02.637Z"}},{"iob":0.004,"basaliob":-0.003,"bolussnooze":0,"activity":2.0E-4,"lastBolusTime":1703494087446,"time":"2023-12-25T13:03:02.637Z","iobWithZeroTemp":{"iob":-0.447,"basaliob":-0.454,"bolussnooze":0,"activity":-0.005,"lastBolusTime":1703494087446,"time":"2023-12-25T13:03:02.637Z"}},{"iob":0.003,"basaliob":-0.003,"bolussnooze":0,"activity":1.0E-4,"lastBolusTime":1703494087446,"time":"2023-12-25T13:08:02.637Z","iobWithZeroTemp":{"iob":-0.457,"basaliob":-0.463,"bolussnooze":0,"activity":-0.0051,"lastBolusTime":1703494087446,"time":"2023-12-25T13:08:02.637Z"}}],"profile":{"max_iob":10,"type":"current","max_daily_basal":0.41,"max_basal":1.25,"min_bg":90,"max_bg":90,"target_bg":90,"carb_ratio":7.639,"sens":140.517,"max_daily_safety_multiplier":3,"current_basal_safety_multiplier":4,"lgsThreshold":95,"high_temptarget_raises_sensitivity":true,"low_temptarget_lowers_sensitivity":true,"sensitivity_raises_target":true,"resistance_lowers_target":true,"adv_target_adjustments":false,"exercise_mode":false,"half_basal_exercise_target":160,"maxCOB":120,"skip_neutral_temps":false,"remainingCarbsCap":90,"enableUAM":true,"A52_risk_enable":false,"SMBInterval":3,"enableSMB_with_COB":true,"enableSMB_with_temptarget":true,"allowSMB_with_high_temptarget":false,"enableSMB_always":false,"enableSMB_after_carbs":true,"maxSMBBasalMinutes":30,"maxUAMSMBBasalMinutes":40,"bolus_increment":0.05,"carbsReqThreshold":4,"current_basal":0.35,"temptargetSet":true,"autosens_max":1.3,"autosens_min":0.7,"variable_sens":155.1,"insulinDivisor":75,"TDD":12.778136011904762},"autosens_data":{"ratio":1.057031734931996},"meal_data":{"carbs":13,"mealCOB":7.11112378334294,"slopeFromMaxDeviation":-2.6733999999999996,"slopeFromMinDeviation":0.3232727272727273,"lastBolusTime":1703494087446,"lastCarbTime":1703492159954},"microBolusAllowed":true,"currentTime":1703495583831,"flatBGsDetected":false,"tdd1D":15.581666666666663,"tdd7D":15.151547619047617,"tddLast24H":16.015666666666657,"tddLast4H":3.022500000000001,"tddLast8to4H":0.9266666666666667},"output":{"temp":"absolute","bg":111,"tick":-7,"eventualBG":101,"targetBG":90,"insulinReq":0,"deliverAt":"2023-12-25T09:13:03.831Z","sensitivityRatio":1.2,"variable_sens":155.1,"predBGs":{"IOB":[111,103,95,87,78,68,58,47,39,39,39,39,39],"ZT":[111,100,89,78,67,55,42,39,39,39,39,39,39,39,39,39,39,39,39,39,39,39,39,39,39,39,39,39,39,39,39,39,39,39,39,39,39,39,39,39,39,39,42,49,56,62,68,73],"COB":[111,104,97,90,84,79,74,70,66,63,60,58,57,55,55,54,55,55,56,57,59,60,63,65,68,70,73,75,78,80,82,84,86,88,90,92,93,95,96,97,98,99,100,100,101],"UAM":[111,101,90,79,67,54,41,39,39,39,39,39,39]},"reason":"COB: 7.1, Dev: 19, BGI: -11, ISF: 155, CR: 7.64, Target: 90, minPredBG -21, minGuardBG -47, IOBpredBG 39, COBpredBG 101, UAMpredBG 39; minGuardBG -47<95","COB":7.11112378334294,"IOB":0.956,"duration":120,"rate":0,"timestamp":"2023-12-25T09:13:03.859Z"}}