{"algorithm":"OpenAPSSMBDynamicISFPlugin","input":{"glucoseStatus":{"glucose":109,"noise":0,"delta":-3.61,"short_avgdelta":-3.61,"long_avgdelta":-3.66,"date":1703518658000},"currenttemp":{"temp":"absolute","duration":105,"rate":0,"minutesrunning":15},"iob_data":[{"iob":0.505,"basaliob":-0.153,"bolussnooze":0.0557,"activity":0.0102,"lastBolusTime":1703513301313,"time":"2023-12-25T15:38:03.600Z","iobWithZeroTemp":{"iob":0.505,"basaliob":-0.153,"bolussnooze":0.0557,"activity":0.0102,"lastBolusTime":1703513301313,"time":"2023-12-25T15:38:03.600Z"}},{"iob":0.455,"basaliob":-0.144,"bolussnooze":0.0441,"activity":0.0093,"lastBolusTime":1703513301313,"time":"2023-12-25T15:43:03.600Z","iobWithZeroTemp":{"iob":0.446,"basaliob":-0.153,"bolussnooze":0.0441,"activity":0.0093,"lastBolusTime":1703513301313,"time":"2023-12-25T15:43:03.600Z"}},{"iob":0.41,"basaliob":-0.135,"bolussnooze":0.0346,"activity":0.0086,"lastBolusTime":1703513301313,"time":"2023-12-25T15:48:03.600Z","iobWithZeroTemp":{"iob":0.391,"basaliob":-0.154,"bolussnooze":0.0346,"activity":0.0086,"lastBolusTime":1703513301313,"time":"2023-12-25T15:48:03.600Z"}},{"iob":0.37,"basaliob":-0.125,"bolussnooze":0.027,"activity":0.0078,"lastBolusTime":1703513301313,"time":"2023-12-25T15:53:03.600Z","iobWithZeroTemp":{"iob":0.34,"basaliob":-0.155,"bolussnooze":0.027,"activity":0.0077,"lastBolusTime":1703513301313,"time":"2023-12-25T15:53:03.600Z"}},{"iob":0.332,"basaliob":-0.117,"bolussnooze":0.0208,"activity":0.0071,"lastBolusTime":1703513301313,"time":"2023-12-25T15:58:03.600Z","iobWithZeroTemp":{"iob":0.292,"basaliob":-0.157,"bolussnooze":0.0208,"activity":0.0069,"lastBolusTime":1703513301313,"time":"2023-12-25T15:58:03.600Z"}},{"iob":0.299,"basaliob":-0.108,"bolussnooze":0.0158,"activity":0.0065,"lastBolusTime":1703513301313,"time":"2023-12-25T16:03:03.600Z","iobWithZeroTemp":{"iob":0.249,"basaliob":-0.158,"bolussnooze":0.0158,"activity":0.0063,"lastBolusTime":1703513301313,"time":"2023-12-25T16:03:03.600Z"}},{"iob":0.268,"basaliob":-0.1,"bolussnooze":0.0119,"activity":0.0059,"lastBolusTime":1703513301313,"time":"2023-12-25T16:08:03.600Z","iobWithZeroTemp":{"iob":0.208,"basaliob":-0.16,"bolussnooze":0.0119,"activity":0.0056,"lastBolusTime":1703513301313,"time":"2023-12-25T16:08:03.600Z"}},{"iob":0.239,"basaliob":-0.093,"bolussnooze":0.0088,"activity":0.0054,"lastBolusTime":1703513301313,"time":"2023-12-25T16:13:03.600Z","iobWithZeroTemp":{"iob":0.17,"basaliob":-0.162,"bolussnooze":0.0088,"activity":0.005,"lastBolusTime":1703513301313,"time":"2023-12-25T16:13:03.600Z"}},{"iob":0.214,"basaliob":-0.085,"bolussnooze":0.0064,"activity":0.0049,"lastBolusTime":1703513301313,"time":"2023-12-25T16:18:03.600Z","iobWithZeroTemp":{"iob":0.137,"basaliob":-0.162,"bolussnooze":0.0064,"activity":0.0044,"lastBolusTime":1703513301313,"time":"2023-12-25T16:18:03.600Z"}},{"iob":0.19,"basaliob":-0.079,"bolussnooze":0.0045,"activity":0.0044,"lastBolusTime":1703513301313,"time":"2023-12-25T16:23:03.600Z","iobWithZeroTemp":{"iob":0.105,"basaliob":-0.164,"bolussnooze":0.0045,"activity":0.0038,"lastBolusTime":1703513301313,"time":"2023-12-25T16:23:03.600Z"}},{"iob":0.17,"basaliob":-0.072,"bolussnooze":0.0031,"activity":0.004,"lastBolusTime":1703513301313,"time":"2023-12-25T16:28:03.600Z","iobWithZeroTemp":{"iob":0.077,"basaliob":-0.165,"bolussnooze":0.0031,"activity":0.0033,"lastBolusTime":1703513301313,"time":"2023-12-25T16:28:03.600Z"}},{"iob":0.151,"basaliob":-0.066,"bolussnooze":0.0021,"activity":0.0036,"lastBolusTime":1703513301313,"time":"2023-12-25T16:33:03.600Z","iobWithZeroTemp":{"iob":0.051,"basaliob":-0.166,"bolussnooze":0.0021,"activity":0.0028,"lastBolusTime":1703513301313,"time":"2023-12-25T16:33:03.600Z"}},{"iob":0.134,"basaliob":-0.06,"bolussnooze":0.0013,"activity":0.0032,"lastBolusTime":1703513301313,"time":"2023-12-25T16:38:03.600Z","iobWithZeroTemp":{"iob":0.027,"basaliob":-0.167,"bolussnooze":0.0013,"activity":0.0023,"lastBolusTime":1703513301313,"time":"2023-12-25T16:38:03.600Z"}},{"iob":0.119,"basaliob":-0.055,"bolussnooze":8.0E-4,"activity":0.0029,"lastBolusTime":1703513301313,"time":"2023-12-25T16:43:03.600Z","iobWithZeroTemp":{"iob":0.005,"basaliob":-0.169,"bolussnooze":8.0E-4,"activity":0.002,"lastBolusTime":1703513301313,"time":"2023-12-25T16:43:03.600Z"}},{"iob":0.105,"basaliob":-0.05,"bolussnooze":4.0E-4,"activity":0.0027,"lastBolusTime":1703513301313,"time":"2023-12-25T16:48:03.600Z","iobWithZeroTemp":{"iob":-0.014,"basaliob":-0.169,"bolussnooze":4.0E-4,"activity":0.0017,"lastBolusTime":1703513301313,"time":"2023-12-25T16:48:03.600Z"}},{"iob":0.092,"basaliob":-0.046,"bolussnooze":2.0E-4,"activity":0.0023,"lastBolusTime":1703513301313,"time":"2023-12-25T16:53:03.600Z","iobWithZeroTemp":{"iob":-0.033,"basaliob":-0.171,"bolussnooze":2.0E-4,"activity":0.0012,"lastBolusTime":1703513301313,"time":"2023-12-25T16:53:03.600Z"}},{"iob":0.081,"basaliob":-0.042,"bolussnooze":1.0E-4,"activity":0.0021,"lastBolusTime":1703513301313,"time":"2023-12-25T16:58:03.600Z","iobWithZeroTemp":{"iob":-0.049,"basaliob":-0.172,"bolussnooze":1.0E-4,"activity":9.0E-4,"lastBolusTime":1703513301313,"time":"2023-12-25T16:58:03.600Z"}},{"iob":0.071,"basaliob":-0.038,"bolussnooze":0,"activity":0.0019,"lastBolusTime":1703513301313,"time":"2023-12-25T17:03:03.600Z","iobWithZeroTemp":{"iob":-0.064,"basaliob":-0.173,"bolussnooze":0,"activity":6.0E-4,"lastBolusTime":1703513301313,"time":"2023-12-25T17:03:03.600Z"}},{"iob":0.062,"basaliob":-0.034,"bolussnooze":0,"activity":0.0017,"lastBolusTime":1703513301313,"time":"2023-12-25T17:08:03.600Z","iobWithZeroTemp":{"iob":-0.077,"basaliob":-0.173,"bolussnooze":0,"activity":4.0E-4,"lastBolusTime":1703513301313,"time":"2023-12-25T17:08:03.600Z"}},{"iob":0.054,"basaliob":-0.031,"bolussnooze":0,"activity":0.0015,"lastBolusTime":1703513301313,"time":"2023-12-25T17:13:03.600Z","iobWithZeroTemp":{"iob":-0.089,"basaliob":-0.174,"bolussnooze":0,"activity":1.0E-4,"lastBolusTime":1703513301313,"time":"2023-12-25T17:13:03.600Z"}},{"iob":0.047,"basaliob":-0.028,"bolussnooze":0,"activity":0.0013,"lastBolusTime":1703513301313,"time":"2023-12-25T17:18:03.600Z","iobWithZeroTemp":{"iob":-0.1,"basaliob":-0.175,"bolussnooze":0,"activity":-2.0E-4,"lastBolusTime":1703513301313,"time":"2023-12-25T17:18:03.600Z"}},{"iob":0.041,"basaliob":-0.025,"bolussnooze":0,"activity":0.0012,"lastBolusTime":1703513301313,"time":"2023-12-25T17:23:03.600Z","iobWithZeroTemp":{"iob":-0.109,"basaliob":-0.175,"bolussnooze":0,"activity":-3.0E-4,"lastBolusTime":1703513301313,"time":"2023-12-25T17:23:03.600Z"}},{"iob":0.035,"basaliob":-0.023,"bolussnooze":0,"activity":0.001,"lastBolusTime":1703513301313,"time":"2023-12-25T17:28:03.600Z","iobWithZeroTemp":{"iob":-0.118,"basaliob":-0.176,"bolussnooze":0,"activity":-6.0E-4,"lastBolusTime":1703513301313,"time":"2023-12-25T17:28:03.600Z"}},{"iob":0.031,"basaliob":-0.02,"bolussnooze":0,"activity":0.001,"lastBolusTime":1703513301313,"time":"2023-12-25T17:33:03.600Z","iobWithZeroTemp":{"iob":-0.125,"basaliob":-0.176,"bolussnooze":0,"activity":-6.0E-4,"lastBolusTime":1703513301313,"time":"2023-12-25T17:33:03.600Z"}},{"iob":0.027,"basaliob":-0.018,"bolussnooze":0,"activity":8.0E-4,"lastBolusTime":1703513301313,"time":"2023-12-25T17:38:03.600Z","iobWithZeroTemp":{"iob":-0.132,"basaliob":-0.177,"bolussnooze":0,"activity":-9.0E-4,"lastBolusTime":1703513301313,"time":"2023-12-25T17:38:03.600Z"}},{"iob":0.023,"basaliob":-0.016,"bolussnooze":0,"activity":7.0E-4,"lastBolusTime":1703513301313,"time":"2023-12-25T17:43:03.600Z","iobWithZeroTemp":{"iob":-0.138,"basaliob":-0.177,"bolussnooze":0,"activity":-0.001,"lastBolusTime":1703513301313,"time":"2023-12-25T17:43:03.600Z"}},{"iob":0.019,"basaliob":-0.015,"bolussnooze":0,"activity":6.0E-4,"lastBolusTime":1703513301313,"time":"2023-12-25T17:48:03.600Z","iobWithZeroTemp":{"iob":-0.144,"basaliob":-0.178,"bolussnooze":0,"activity":-0.0012,"lastBolusTime":1703513301313,"time":"2023-12-25T17:48:03.600Z"}},{"iob":0.016,"basaliob":-0.013,"bolussnooze":0,"activity":5.0E-4,"lastBolusTime":1703513301313,"time":"2023-12-25T17:53:03.600Z","iobWithZeroTemp":{"iob":-0.149,"basaliob":-0.178,"bolussnooze":0,"activity":-0.0013,"lastBolusTime":1703513301313,"time":"2023-12-25T17:53:03.600Z"}},{"iob":0.014,"basaliob":-0.012,"bolussnooze":0,"activity":4.0E-4,"lastBolusTime":1703513301313,"time":"2023-12-25T17:58:03.600Z","iobWithZeroTemp":{"iob":-0.153,"basaliob":-0.179,"bolussnooze":0,"activity":-0.0014,"lastBolusTime":1703513301313,"time":"2023-12-25T17:58:03.600Z"}},{"iob":0.012,"basaliob":-0.01,"bolussnooze":0,"activity":4.0E-4,"lastBolusTime":1703513301313,"time":"2023-12-25T18:03:03.600Z","iobWithZeroTemp":{"iob":-0.157,"basaliob":-0.179,"bolussnooze":0,"activity":-0.0015,"lastBolusTime":1703513301313,"time":"2023-12-25T18:03:03.600Z"}},{"iob":0.01,"basaliob":-0.009,"bolussnooze":0,"activity":4.0E-4,"lastBolusTime":1703513301313,"time":"2023-12-25T18:08:03.600Z","iobWithZeroTemp":{"iob":-0.16,"basaliob":-0.179,"bolussnooze":0,"activity":-0.0015,"lastBolusTime":1703513301313,"time":"2023-12-25T18:08:03.600Z"}},{"iob":0.008,"basaliob":-0.008,"bolussnooze":0,"activity":3.0E-4,"lastBolusTime":1703513301313,"time":"2023-12-25T18:13:03.600Z","iobWithZeroTemp":{"iob":-0.164,"basaliob":-0.18,"bolussnooze":0,"activity":-0.0016,"lastBolusTime":1703513301313,"time":"2023-12-25T18:13:03.600Z"}},{"iob":0.007,"basaliob":-0.007,"bolussnooze":0,"activity":2.0E-4,"lastBolusTime":1703513301313,"time":"2023-12-25T18:18:03.600Z","iobWithZeroTemp":{"iob":-0.166,"basaliob":-0.18,"bolussnooze":0,"activity":-0.0017,"lastBolusTime":1703513301313,"time":"2023-12-25T18:18:03.600Z"}},{"iob":0.006,"basaliob":-0.006,"bolussnooze":0,"activity":2.0E-4,"lastBolusTime":1703513301313,"time":"2023-12-25T18:23:03.600Z","iobWithZeroTemp":{"iob":-0.168,"basaliob":-0.18,"bolussnooze":0,"activity":-0.0018,"lastBolusTime":1703513301313,"time":"2023-12-25T18:23:03.600Z"}},{"iob":0.004,"basaliob":-0.006,"bolussnooze":0,"activity":2.0E-4,"lastBolusTime":1703513301313,"time":"2023-12-25T18:28:03.600Z","iobWithZeroTemp":{"iob":-0.171,"basaliob":-0.181,"bolussnooze":0,"activity":-0.0018,"lastBolusTime":1703513301313,"time":"2023-12-25T18:28:03.600Z"}},{"iob":0.004,"basaliob":-0.005,"bolussnooze":0,"activity":2.0E-4,"lastBolusTime":1703513301313,"time":"2023-12-25T18:33:03.600Z","iobWithZeroTemp":{"iob":-0.172,"basaliob":-0.181,"bolussnooze":0,"activity":-0.0018,"lastBolusTime":1703513301313,"time":"2023-12-25T18:33:03.600Z"}},{"iob":0.003,"basaliob":-0.004,"bolussnooze":0,"activity":2.0E-4,"lastBolusTime":1703513301313,"time":"2023-12-25T18:38:03.600Z","iobWithZeroTemp":{"iob":-0.174,"basaliob":-0.181,"bolussnooze":0,"activity":-0.0018,"lastBolusTime":1703513301313,"time":"2023-12-25T18:38:03.600Z"}},{"iob":0.002,"basaliob":-0.004,"bolussnooze":0,"activity":1.0E-4,"lastBolusTime":1703513301313,"time":"2023-12-25T18:43:03.600Z","iobWithZeroTemp":{"iob":-0.175,"basaliob":-0.181,"bolussnooze":0,"activity":-0.0019,"lastBolusTime":1703513301313,"time":"2023-12-25T18:43:03.600Z"}},{"iob":0.002,"basaliob":-0.003,"bolussnooze":0,"activity":1.0E-4,"lastBolusTime":1703513301313,"time":"2023-12-25T18:48:03.600Z","iobWithZeroTemp":{"iob":-0.176,"basaliob":-0.181,"bolussnooze":0,"activity":-0.0019,"lastBolusTime":1703513301313,"time":"2023-12-25T18:48:03.600Z"}},{"iob":0.001,"basaliob":-0.003,"bolussnooze":0,"activity":1.0E-4,"lastBolusTime":1703513301313,"time":"2023-12-25T18:53:03.600Z","iobWithZeroTemp":{"iob":-0.177,"basaliob":-0.181,"bolussnooze":0,"activity":-0.002,"lastBolusTime":1703513301313,"time":"2023-12-25T18:53:03.600Z"}},{"iob":0,"basaliob":-0.003,"bolussnooze":0,"activity":0,"lastBolusTime":1703513301313,"time":"2023-12-25T18:58:03.600Z","iobWithZeroTemp":{"iob":-0.179,"basaliob":-0.182,"bolussnooze":0,"activity":-0.0021,"lastBolusTime":1703513301313,"time":"2023-12-25T18:58:03.600Z"}},{"iob":0.001,"basaliob":-0.002,"bolussnooze":0,"activity":0,"lastBolusTime":1703513301313,"time":"2023-12-25T19:03:03.600Z","iobWithZeroTemp":{"iob":-0.192,"basaliob":-0.195,"bolussnooze":0,"activity":-0.0021,"lastBolusTime":1703513301313,"time":"2023-12-25T19:03:03.600Z"}},{"iob":0,"basaliob":-0.002,"bolussnooze":0,"activity":0,"lastBolusTime":1703513301313,"time":"2023-12-25T19:08:03.600Z","iobWithZeroTemp":{"iob":-0.207,"basaliob":-0.209,"bolussnooze":0,"activity":-0.0022,"lastBolusTime":1703513301313,"time":"2023-12-25T19:08:03.600Z"}},{"iob":0,"basaliob":-0.002,"bolussnooze":0,"activity":1.0E-4,"lastBolusTime":1703513301313,"time":"2023-12-25T19:13:03.600Z","iobWithZeroTemp":{"iob":-0.221,"basaliob":-0.223,"bolussnooze":0,"activity":-0.0021,"lastBolusTime":1703513301313,"time":"2023-12-25T19:13:03.600Z"}},{"iob":0,"basaliob":-0.001,"bolussnooze":0,"activity":1.0E-4,"lastBolusTime":1703513301313,"time":"2023-12-25T19:18:03.600Z","iobWithZeroTemp":{"iob":-0.234,"basaliob":-0.235,"bolussnooze":0,"activity":-0.0022,"lastBolusTime":1703513301313,"time":"2023-12-25T19:18:03.600Z"}},{"iob":0,"basaliob":-0.001,"bolussnooze":0,"activity":1.0E-4,"lastBolusTime":1703513301313,"time":"2023-12-25T19:23:03.600Z","iobWithZeroTemp":{"iob":-0.247,"basaliob":-0.248,"bolussnooze":0,"activity":-0.0023,"lastBolusTime":1703513301313,"time":"2023-12-25T19:23:03.600Z"}},{"iob":0,"basaliob":-0.001,"bolussnooze":0,"activity":0,"lastBolusTime":1703513301313,"time":"2023-12-25T19:28:03.600Z","iobWithZeroTemp":{"iob":-0.259,"basaliob":-0.26,"bolussnooze":0,"activity":-0.0025,"lastBolusTime":1703513301313,"time":"2023-12-25T19:28:03.600Z"}},{"iob":-0.001,"basaliob":-0.001,"bolussnooze":0,"activity":0,"lastBolusTime":1703513301313,"time":"2023-12-25T19:33:03.600Z","iobWithZeroTemp":{"iob":-0.272,"basaliob":-0.272,"bolussnooze":0,"activity":-0.0027,"lastBolusTime":1703513301313,"time":"2023-12-25T19:33:03.600Z"}}],"profile":{"max_iob":10,"type":"current","max_daily_basal":0.41,"max_basal":0.5,"min_bg":90,"max_bg":90,"target_bg":90,"carb_ratio":7.639,"sens":140.517,"max_daily_safety_multiplier":3,"current_basal_safety_multiplier":4,"lgsThreshold":95,"high_temptarget_raises_sensitivity":true,"low_temptarget_lowers_sensitivity":true,"sensitivity_raises_target":true,"resistance_lowers_target":true,"adv_target_adjustments":false,"exercise_mode":false,"half_basal_exercise_target":160,"maxCOB":120,"skip_neutral_temps":false,"remainingCarbsCap":90,"enableUAM":true,"A52_risk_enable":false,"SMBInterval":3,"enableSMB_with_COB":true,"enableSMB_with_temptarget":true,"allowSMB_with_high_temptarget":false,"enableSMB_always":false,"enableSMB_after_carbs":true,"maxSMBBasalMinutes":30,"maxUAMSMBBasalMinutes":40,"bolus_increment":0.05,"carbsReqThreshold":4,"current_basal":0.15,"temptargetSet":false,"autosens_max":1.3,"autosens_min":0.7,"variable_sens":118.6,"insulinDivisor":75,"TDD":16.91705376190476},"autosens_data":{"ratio":0.9976318622174379},"meal_data":{"carbs":25,"mealCOB":0,"slopeFromMaxDeviation":-0.9337272727272726,"slopeFromMinDeviation":0.4428571428571429,"lastBolusTime":1703513301313,"lastCarbTime":1703505757237},"microBolusAllowed":true,"currentTime":1703518685236,"flatBGsDetected":false,"tdd1D":15.581666666666663,"tdd7D":15.151547619047617,"tddLast24H":15.115666666666662,"tddLast4H":5.79,"tddLast8to4H":2.666666666666667},"output":{"temp":"absolute","bg":109,"tick":-4,"eventualBG":64,"targetBG":90,"insulinReq":0,"deliverAt":"2023-12-25T15:38:05.236Z","sensitivityRatio":0.9976318622174379,"variable_sens":118.6,"predBGs":{"IOB":[109,105,102,98,95,91,88,85,82,79,76,74,71,68,66,64,62,60,58,56,55,54,53,52,51,50,49,48,48,47,47,46,46,46,46,46,45,45,45,45,45,45,45,45,45,45,44],"ZT":[109,103,97,92,87,82,77,73,69,66,62,59,57,55,53,51,50,49,48,48,48,48,48,49,50,51,52,53,54,55,57,58,60,61,63,64,66,68,69,71,72,74,76,77,79,80,82,84],"UAM":[109,104,99,94,89,84,79,75,71,67,63,60,56,53,51,48,45,43,41,39]},"reason":"COB: 0, Dev: 15, BGI: -6, ISF: 119, CR: 7.64, Target: 90, minPredBG 44, minGuardBG 24, IOBpredBG 44, UAMpredBG 39; minGuardBG 24<95","COB":0,"IOB":0.505,"duration":120,"rate":0,"timestamp":"2023-12-25T15:38:05.266Z"}}