{"algorithm":"OpenAPSSMBDynamicISFPlugin","input":{"glucoseStatus":{"glucose":152,"noise":0,"delta":8.67,"short_avgdelta":8.67,"long_avgdelta":3.53,"date":1703506058000},"currenttemp":{"temp":"absolute","duration":117,"rate":0,"minutesrunning":3},"iob_data":[{"iob":3.556,"basaliob":0.074,"bolussnooze":3.1718,"activity":0.0104,"lastBolusTime":1703505764471,"time":"2023-12-25T12:07:58.390Z","iobWithZeroTemp":{"iob":3.556,"basaliob":0.074,"bolussnooze":3.1718,"activity":0.0104,"lastBolusTime":1703505764471,"time":"2023-12-25T12:07:58.390Z"}},{"iob":3.487,"basaliob":0.074,"bolussnooze":2.9904,"activity":0.0165,"lastBolusTime":1703505764471,"time":"2023-12-25T12:12:58.390Z","iobWithZeroTemp":{"iob":3.465,"basaliob":0.052,"bolussnooze":2.9904,"activity":0.0165,"lastBolusTime":1703505764471,"time":"2023-12-25T12:12:58.390Z"}},{"iob":3.393,"basaliob":0.074,"bolussnooze":2.7496,"activity":0.0212,"lastBolusTime":1703505764471,"time":"2023-12-25T12:17:58.390Z","iobWithZeroTemp":{"iob":3.345,"basaliob":0.026,"bolussnooze":2.7496,"activity":0.0211,"lastBolusTime":1703505764471,"time":"2023-12-25T12:17:58.390Z"}},{"iob":3.278,"basaliob":0.073,"bolussnooze":2.4802,"activity":0.0247,"lastBolusTime":1703505764471,"time":"2023-12-25T12:22:58.390Z","iobWithZeroTemp":{"iob":3.203,"basaliob":-0.002,"bolussnooze":2.4802,"activity":0.0245,"lastBolusTime":1703505764471,"time":"2023-12-25T12:22:58.390Z"}},{"iob":3.148,"basaliob":0.071,"bolussnooze":2.2032,"activity":0.0272,"lastBolusTime":1703505764471,"time":"2023-12-25T12:27:58.390Z","iobWithZeroTemp":{"iob":3.048,"basaliob":-0.029,"bolussnooze":2.2032,"activity":0.0268,"lastBolusTime":1703505764471,"time":"2023-12-25T12:27:58.390Z"}},{"iob":3.007,"basaliob":0.069,"bolussnooze":1.9325,"activity":0.029,"lastBolusTime":1703505764471,"time":"2023-12-25T12:32:58.390Z","iobWithZeroTemp":{"iob":2.882,"basaliob":-0.056,"bolussnooze":1.9325,"activity":0.0284,"lastBolusTime":1703505764471,"time":"2023-12-25T12:32:58.390Z"}},{"iob":2.859,"basaliob":0.066,"bolussnooze":1.6769,"activity":0.03,"lastBolusTime":1703505764471,"time":"2023-12-25T12:37:58.390Z","iobWithZeroTemp":{"iob":2.71,"basaliob":-0.083,"bolussnooze":1.6769,"activity":0.0292,"lastBolusTime":1703505764471,"time":"2023-12-25T12:37:58.390Z"}},{"iob":2.708,"basaliob":0.064,"bolussnooze":1.4416,"activity":0.0306,"lastBolusTime":1703505764471,"time":"2023-12-25T12:42:58.390Z","iobWithZeroTemp":{"iob":2.536,"basaliob":-0.108,"bolussnooze":1.4416,"activity":0.0296,"lastBolusTime":1703505764471,"time":"2023-12-25T12:42:58.390Z"}},{"iob":2.555,"basaliob":0.061,"bolussnooze":1.2291,"activity":0.0307,"lastBolusTime":1703505764471,"time":"2023-12-25T12:47:58.390Z","iobWithZeroTemp":{"iob":2.362,"basaliob":-0.132,"bolussnooze":1.2291,"activity":0.0295,"lastBolusTime":1703505764471,"time":"2023-12-25T12:47:58.390Z"}},{"iob":2.402,"basaliob":0.058,"bolussnooze":1.0399,"activity":0.0304,"lastBolusTime":1703505764471,"time":"2023-12-25T12:52:58.390Z","iobWithZeroTemp":{"iob":2.188,"basaliob":-0.156,"bolussnooze":1.0399,"activity":0.029,"lastBolusTime":1703505764471,"time":"2023-12-25T12:52:58.390Z"}},{"iob":2.252,"basaliob":0.055,"bolussnooze":0.8736,"activity":0.0298,"lastBolusTime":1703505764471,"time":"2023-12-25T12:57:58.390Z","iobWithZeroTemp":{"iob":2.019,"basaliob":-0.178,"bolussnooze":0.8736,"activity":0.0281,"lastBolusTime":1703505764471,"time":"2023-12-25T12:57:58.390Z"}},{"iob":2.105,"basaliob":0.052,"bolussnooze":0.7291,"activity":0.029,"lastBolusTime":1703505764471,"time":"2023-12-25T13:02:58.390Z","iobWithZeroTemp":{"iob":1.847,"basaliob":-0.206,"bolussnooze":0.7291,"activity":0.0271,"lastBolusTime":1703505764471,"time":"2023-12-25T13:02:58.390Z"}},{"iob":1.961,"basaliob":0.048,"bolussnooze":0.6045,"activity":0.028,"lastBolusTime":1703505764471,"time":"2023-12-25T13:07:58.390Z","iobWithZeroTemp":{"iob":1.679,"basaliob":-0.234,"bolussnooze":0.6045,"activity":0.0258,"lastBolusTime":1703505764471,"time":"2023-12-25T13:07:58.390Z"}},{"iob":1.824,"basaliob":0.045,"bolussnooze":0.4981,"activity":0.0269,"lastBolusTime":1703505764471,"time":"2023-12-25T13:12:58.390Z","iobWithZeroTemp":{"iob":1.52,"basaliob":-0.259,"bolussnooze":0.4981,"activity":0.0245,"lastBolusTime":1703505764471,"time":"2023-12-25T13:12:58.390Z"}},{"iob":1.693,"basaliob":0.043,"bolussnooze":0.4078,"activity":0.0258,"lastBolusTime":1703505764471,"time":"2023-12-25T13:17:58.390Z","iobWithZeroTemp":{"iob":1.367,"basaliob":-0.283,"bolussnooze":0.4078,"activity":0.0231,"lastBolusTime":1703505764471,"time":"2023-12-25T13:17:58.390Z"}},{"iob":1.567,"basaliob":0.04,"bolussnooze":0.3318,"activity":0.0245,"lastBolusTime":1703505764471,"time":"2023-12-25T13:22:58.390Z","iobWithZeroTemp":{"iob":1.221,"basaliob":-0.306,"bolussnooze":0.3318,"activity":0.0216,"lastBolusTime":1703505764471,"time":"2023-12-25T13:22:58.390Z"}},{"iob":1.447,"basaliob":0.037,"bolussnooze":0.2682,"activity":0.0232,"lastBolusTime":1703505764471,"time":"2023-12-25T13:27:58.390Z","iobWithZeroTemp":{"iob":1.082,"basaliob":-0.328,"bolussnooze":0.2682,"activity":0.02,"lastBolusTime":1703505764471,"time":"2023-12-25T13:27:58.390Z"}},{"iob":1.334,"basaliob":0.034,"bolussnooze":0.2153,"activity":0.0219,"lastBolusTime":1703505764471,"time":"2023-12-25T13:32:58.390Z","iobWithZeroTemp":{"iob":0.951,"basaliob":-0.349,"bolussnooze":0.2153,"activity":0.0185,"lastBolusTime":1703505764471,"time":"2023-12-25T13:32:58.390Z"}},{"iob":1.229,"basaliob":0.032,"bolussnooze":0.1716,"activity":0.0206,"lastBolusTime":1703505764471,"time":"2023-12-25T13:37:58.390Z","iobWithZeroTemp":{"iob":0.83,"basaliob":-0.367,"bolussnooze":0.1716,"activity":0.017,"lastBolusTime":1703505764471,"time":"2023-12-25T13:37:58.390Z"}},{"iob":1.128,"basaliob":0.029,"bolussnooze":0.1356,"activity":0.0194,"lastBolusTime":1703505764471,"time":"2023-12-25T13:42:58.390Z","iobWithZeroTemp":{"iob":0.714,"basaliob":-0.385,"bolussnooze":0.1356,"activity":0.0155,"lastBolusTime":1703505764471,"time":"2023-12-25T13:42:58.390Z"}},{"iob":1.035,"basaliob":0.027,"bolussnooze":0.1063,"activity":0.018,"lastBolusTime":1703505764471,"time":"2023-12-25T13:47:58.390Z","iobWithZeroTemp":{"iob":0.606,"basaliob":-0.402,"bolussnooze":0.1063,"activity":0.0139,"lastBolusTime":1703505764471,"time":"2023-12-25T13:47:58.390Z"}},{"iob":0.948,"basaliob":0.025,"bolussnooze":0.0826,"activity":0.0169,"lastBolusTime":1703505764471,"time":"2023-12-25T13:52:58.390Z","iobWithZeroTemp":{"iob":0.506,"basaliob":-0.417,"bolussnooze":0.0826,"activity":0.0126,"lastBolusTime":1703505764471,"time":"2023-12-25T13:52:58.390Z"}},{"iob":0.866,"basaliob":0.023,"bolussnooze":0.0634,"activity":0.0157,"lastBolusTime":1703505764471,"time":"2023-12-25T13:57:58.390Z","iobWithZeroTemp":{"iob":0.412,"basaliob":-0.431,"bolussnooze":0.0634,"activity":0.0112,"lastBolusTime":1703505764471,"time":"2023-12-25T13:57:58.390Z"}},{"iob":0.79,"basaliob":0.021,"bolussnooze":0.0482,"activity":0.0146,"lastBolusTime":1703505764471,"time":"2023-12-25T14:02:58.390Z","iobWithZeroTemp":{"iob":0.348,"basaliob":-0.421,"bolussnooze":0.0482,"activity":0.01,"lastBolusTime":1703505764471,"time":"2023-12-25T14:02:58.390Z"}},{"iob":0.72,"basaliob":0.019,"bolussnooze":0.036,"activity":0.0135,"lastBolusTime":1703505764471,"time":"2023-12-25T14:07:58.390Z","iobWithZeroTemp":{"iob":0.29,"basaliob":-0.411,"bolussnooze":0.036,"activity":0.0088,"lastBolusTime":1703505764471,"time":"2023-12-25T14:07:58.390Z"}},{"iob":0.655,"basaliob":0.018,"bolussnooze":0.0265,"activity":0.0125,"lastBolusTime":1703505764471,"time":"2023-12-25T14:12:58.390Z","iobWithZeroTemp":{"iob":0.238,"basaliob":-0.399,"bolussnooze":0.0265,"activity":0.0077,"lastBolusTime":1703505764471,"time":"2023-12-25T14:12:58.390Z"}},{"iob":0.595,"basaliob":0.016,"bolussnooze":0.0191,"activity":0.0115,"lastBolusTime":1703505764471,"time":"2023-12-25T14:17:58.390Z","iobWithZeroTemp":{"iob":0.191,"basaliob":-0.388,"bolussnooze":0.0191,"activity":0.0067,"lastBolusTime":1703505764471,"time":"2023-12-25T14:17:58.390Z"}},{"iob":0.54,"basaliob":0.015,"bolussnooze":0.0135,"activity":0.0107,"lastBolusTime":1703505764471,"time":"2023-12-25T14:22:58.390Z","iobWithZeroTemp":{"iob":0.149,"basaliob":-0.376,"bolussnooze":0.0135,"activity":0.0059,"lastBolusTime":1703505764471,"time":"2023-12-25T14:22:58.390Z"}},{"iob":0.488,"basaliob":0.013,"bolussnooze":0.0092,"activity":0.0098,"lastBolusTime":1703505764471,"time":"2023-12-25T14:27:58.390Z","iobWithZeroTemp":{"iob":0.11,"basaliob":-0.365,"bolussnooze":0.0092,"activity":0.0051,"lastBolusTime":1703505764471,"time":"2023-12-25T14:27:58.390Z"}},{"iob":0.442,"basaliob":0.012,"bolussnooze":0.006,"activity":0.0089,"lastBolusTime":1703505764471,"time":"2023-12-25T14:32:58.390Z","iobWithZeroTemp":{"iob":0.077,"basaliob":-0.353,"bolussnooze":0.006,"activity":0.0042,"lastBolusTime":1703505764471,"time":"2023-12-25T14:32:58.390Z"}},{"iob":0.399,"basaliob":0.011,"bolussnooze":0.0037,"activity":0.0082,"lastBolusTime":1703505764471,"time":"2023-12-25T14:37:58.390Z","iobWithZeroTemp":{"iob":0.046,"basaliob":-0.342,"bolussnooze":0.0037,"activity":0.0036,"lastBolusTime":1703505764471,"time":"2023-12-25T14:37:58.390Z"}},{"iob":0.359,"basaliob":0.01,"bolussnooze":0.0021,"activity":0.0075,"lastBolusTime":1703505764471,"time":"2023-12-25T14:42:58.390Z","iobWithZeroTemp":{"iob":0.018,"basaliob":-0.331,"bolussnooze":0.0021,"activity":0.003,"lastBolusTime":1703505764471,"time":"2023-12-25T14:42:58.390Z"}},{"iob":0.323,"basaliob":0.009,"bolussnooze":0.0011,"activity":0.0069,"lastBolusTime":1703505764471,"time":"2023-12-25T14:47:58.390Z","iobWithZeroTemp":{"iob":-0.007,"basaliob":-0.321,"bolussnooze":0.0011,"activity":0.0025,"lastBolusTime":1703505764471,"time":"2023-12-25T14:47:58.390Z"}},{"iob":0.29,"basaliob":0.008,"bolussnooze":4.0E-4,"activity":0.0063,"lastBolusTime":1703505764471,"time":"2023-12-25T14:52:58.390Z","iobWithZeroTemp":{"iob":-0.029,"basaliob":-0.311,"bolussnooze":4.0E-4,"activity":0.002,"lastBolusTime":1703505764471,"time":"2023-12-25T14:52:58.390Z"}},{"iob":0.26,"basaliob":0.007,"bolussnooze":1.0E-4,"activity":0.0058,"lastBolusTime":1703505764471,"time":"2023-12-25T14:57:58.390Z","iobWithZeroTemp":{"iob":-0.049,"basaliob":-0.302,"bolussnooze":1.0E-4,"activity":0.0016,"lastBolusTime":1703505764471,"time":"2023-12-25T14:57:58.390Z"}},{"iob":0.233,"basaliob":0.007,"bolussnooze":0,"activity":0.0052,"lastBolusTime":1703505764471,"time":"2023-12-25T15:02:58.390Z","iobWithZeroTemp":{"iob":-0.066,"basaliob":-0.292,"bolussnooze":0,"activity":0.0011,"lastBolusTime":1703505764471,"time":"2023-12-25T15:02:58.390Z"}},{"iob":0.208,"basaliob":0.006,"bolussnooze":0,"activity":0.0047,"lastBolusTime":1703505764471,"time":"2023-12-25T15:07:58.390Z","iobWithZeroTemp":{"iob":-0.082,"basaliob":-0.284,"bolussnooze":0,"activity":7.0E-4,"lastBolusTime":1703505764471,"time":"2023-12-25T15:07:58.390Z"}},{"iob":0.185,"basaliob":0.005,"bolussnooze":0,"activity":0.0043,"lastBolusTime":1703505764471,"time":"2023-12-25T15:12:58.390Z","iobWithZeroTemp":{"iob":-0.096,"basaliob":-0.276,"bolussnooze":0,"activity":4.0E-4,"lastBolusTime":1703505764471,"time":"2023-12-25T15:12:58.390Z"}},{"iob":0.165,"basaliob":0.005,"bolussnooze":0,"activity":0.0039,"lastBolusTime":1703505764471,"time":"2023-12-25T15:17:58.390Z","iobWithZeroTemp":{"iob":-0.108,"basaliob":-0.268,"bolussnooze":0,"activity":2.0E-4,"lastBolusTime":1703505764471,"time":"2023-12-25T15:17:58.390Z"}},{"iob":0.146,"basaliob":0.004,"bolussnooze":0,"activity":0.0035,"lastBolusTime":1703505764471,"time":"2023-12-25T15:22:58.390Z","iobWithZeroTemp":{"iob":-0.119,"basaliob":-0.261,"bolussnooze":0,"activity":-1.0E-4,"lastBolusTime":1703505764471,"time":"2023-12-25T15:22:58.390Z"}},{"iob":0.13,"basaliob":0.004,"bolussnooze":0,"activity":0.0032,"lastBolusTime":1703505764471,"time":"2023-12-25T15:27:58.390Z","iobWithZeroTemp":{"iob":-0.128,"basaliob":-0.254,"bolussnooze":0,"activity":-3.0E-4,"lastBolusTime":1703505764471,"time":"2023-12-25T15:27:58.390Z"}},{"iob":0.115,"basaliob":0.003,"bolussnooze":0,"activity":0.0029,"lastBolusTime":1703505764471,"time":"2023-12-25T15:32:58.390Z","iobWithZeroTemp":{"iob":-0.136,"basaliob":-0.248,"bolussnooze":0,"activity":-5.0E-4,"lastBolusTime":1703505764471,"time":"2023-12-25T15:32:58.390Z"}},{"iob":0.101,"basaliob":0.003,"bolussnooze":0,"activity":0.0026,"lastBolusTime":1703505764471,"time":"2023-12-25T15:37:58.390Z","iobWithZeroTemp":{"iob":-0.144,"basaliob":-0.242,"bolussnooze":0,"activity":-8.0E-4,"lastBolusTime":1703505764471,"time":"2023-12-25T15:37:58.390Z"}},{"iob":0.089,"basaliob":0.002,"bolussnooze":0,"activity":0.0023,"lastBolusTime":1703505764471,"time":"2023-12-25T15:42:58.390Z","iobWithZeroTemp":{"iob":-0.151,"basaliob":-0.238,"bolussnooze":0,"activity":-0.001,"lastBolusTime":1703505764471,"time":"2023-12-25T15:42:58.390Z"}},{"iob":0.078,"basaliob":0.002,"bolussnooze":0,"activity":0.0021,"lastBolusTime":1703505764471,"time":"2023-12-25T15:47:58.390Z","iobWithZeroTemp":{"iob":-0.156,"basaliob":-0.232,"bolussnooze":0,"activity":-0.0011,"lastBolusTime":1703505764471,"time":"2023-12-25T15:47:58.390Z"}},{"iob":0.068,"basaliob":0.002,"bolussnooze":0,"activity":0.0019,"lastBolusTime":1703505764471,"time":"2023-12-25T15:52:58.390Z","iobWithZeroTemp":{"iob":-0.162,"basaliob":-0.228,"bolussnooze":0,"activity":-0.0012,"lastBolusTime":1703505764471,"time":"2023-12-25T15:52:58.390Z"}},{"iob":0.06,"basaliob":0.002,"bolussnooze":0,"activity":0.0016,"lastBolusTime":1703505764471,"time":"2023-12-25T15:57:58.390Z","iobWithZeroTemp":{"iob":-0.165,"basaliob":-0.223,"bolussnooze":0,"activity":-0.0014,"lastBolusTime":1703505764471,"time":"2023-12-25T15:57:58.390Z"}},{"iob":0.051,"basaliob":0.001,"bolussnooze":0,"activity":0.0014,"lastBolusTime":1703505764471,"time":"2023-12-25T16:02:58.390Z","iobWithZeroTemp":{"iob":-0.17,"basaliob":-0.22,"bolussnooze":0,"activity":-0.0016,"lastBolusTime":1703505764471,"time":"2023-12-25T16:02:58.390Z"}}],"profile":{"max_iob":10,"type":"current","max_daily_basal":0.41,"max_basal":1.25,"min_bg":90,"max_bg":90,"target_bg":90,"carb_ratio":7.639,"sens":140.517,"max_daily_safety_multiplier":3,"current_basal_safety_multiplier":4,"lgsThreshold":95,"high_temptarget_raises_sensitivity":true,"low_temptarget_lowers_sensitivity":true,"sensitivity_raises_target":true,"resistance_lowers_target":true,"adv_target_adjustments":false,"exercise_mode":false,"half_basal_exercise_target":160,"maxCOB":120,"skip_neutral_temps":false,"remainingCarbsCap":90,"enableUAM":true,"A52_risk_enable":false,"SMBInterval":3,"enableSMB_with_COB":true,"enableSMB_with_temptarget":true,"allowSMB_with_high_temptarget":false,"enableSMB_always":false,"enableSMB_after_carbs":true,"maxSMBBasalMinutes":30,"maxUAMSMBBasalMinutes":40,"bolus_increment":0.05,"carbsReqThreshold":4,"current_basal":0.35,"temptargetSet":true,"autosens_max":1.3,"autosens_min":0.7,"variable_sens":98.2,"insulinDivisor":75,"TDD":16.54483026190476},"autosens_data":{"ratio":1.2715312752901242},"meal_data":{"carbs":38,"mealCOB":25,"slopeFromMaxDeviation":-0.9557499999999999,"slopeFromMinDeviation":4.4215,"lastBolusTime":1703505764471,"lastCarbTime":1703505757237},"microBolusAllowed":true,"currentTime":1703506078901,"flatBGsDetected":false,"tdd1D":15.581666666666663,"tdd7D":15.151547619047617,"tddLast24H":19.26566666666666,"tddLast4H":6.045833333333333,"tddLast8to4H":1.3325000000000005},"output":{"temp":"absolute","bg":152,"tick":"+9","eventualBG":120,"targetBG":90,"insulinReq":0,"deliverAt":"2023-12-25T12:07:58.901Z","sensitivityRatio":1.2,"variable_sens":98.2,"predBGs":{"IOB":[152,160,163,164,161,156,149,140,129,116,100,82,61,39],"ZT":[152,147,139,128,114,98,80,58,39,39,39,39,39,39,39,39,39,39,39,39,39,39,39,39,39,39,39,39,39,39,39,39,39,39,39,39,39,39,39,39,39,39,39,39,39,39,39,39],"COB":[152,161,166,170,171,172,171,170,169,168,167,166,165,165,166,167,168,169,170,170,171,171,171,170,169,168,167,165,162,159,156,152,148,145,142,139,137,134,132,130,129,127,126,124,123,122,121,120],"UAM":[152,159,162,162,158,151,142,130,115,98,78,55,39]},"reason":"COB: 25, Dev: 83, BGI: -5, ISF: 98, CR: 7.64, Target: 90, minPredBG -88, minGuardBG -88, IOBpredBG 39, COBpredBG 120, UAMpredBG 39; minGuardBG -88<95 117m left and 0 ~ req 0U\/hr: no temp required","COB":25,"IOB":3.556,"timestamp":"2023-12-25T12:07:58.911Z"}}