{"algorithm":"OpenAPSSMBDynamicISFPlugin","input":{"glucoseStatus":{"glucose":180,"noise":0,"delta":10.78,"short_avgdelta":10.78,"long_avgdelta":9.3,"date":1703559759000},"currenttemp":{"temp":"absolute","duration":20,"rate":0.75,"minutesrunning":10},"iob_data":[{"iob":0.574,"basaliob":0.184,"bolussnooze":0,"activity":0.0016,"lastBolusTime":1703559487656,"time":"2023-12-26T03:03:03.063Z","iobWithZeroTemp":{"iob":0.574,"basaliob":0.184,"bolussnooze":0,"activity":0.0016,"lastBolusTime":1703559487656,"time":"2023-12-26T03:03:03.063Z"}},{"iob":0.563,"basaliob":0.184,"bolussnooze":0,"activity":0.0026,"lastBolusTime":1703559487656,"time":"2023-12-26T03:08:03.063Z","iobWithZeroTemp":{"iob":0.545,"basaliob":0.166,"bolussnooze":0,"activity":0.0026,"lastBolusTime":1703559487656,"time":"2023-12-26T03:08:03.063Z"}},{"iob":0.548,"basaliob":0.182,"bolussnooze":0,"activity":0.0034,"lastBolusTime":1703559487656,"time":"2023-12-26T03:13:03.063Z","iobWithZeroTemp":{"iob":0.507,"basaliob":0.141,"bolussnooze":0,"activity":0.0033,"lastBolusTime":1703559487656,"time":"2023-12-26T03:13:03.063Z"}},{"iob":0.53,"basaliob":0.179,"bolussnooze":0,"activity":0.004,"lastBolusTime":1703559487656,"time":"2023-12-26T03:18:03.063Z","iobWithZeroTemp":{"iob":0.467,"basaliob":0.116,"bolussnooze":0,"activity":0.0038,"lastBolusTime":1703559487656,"time":"2023-12-26T03:18:03.063Z"}},{"iob":0.509,"basaliob":0.174,"bolussnooze":0,"activity":0.0044,"lastBolusTime":1703559487656,"time":"2023-12-26T03:23:03.063Z","iobWithZeroTemp":{"iob":0.424,"basaliob":0.089,"bolussnooze":0,"activity":0.0041,"lastBolusTime":1703559487656,"time":"2023-12-26T03:23:03.063Z"}},{"iob":0.486,"basaliob":0.168,"bolussnooze":0,"activity":0.0047,"lastBolusTime":1703559487656,"time":"2023-12-26T03:28:03.063Z","iobWithZeroTemp":{"iob":0.38,"basaliob":0.062,"bolussnooze":0,"activity":0.0042,"lastBolusTime":1703559487656,"time":"2023-12-26T03:28:03.063Z"}},{"iob":0.462,"basaliob":0.161,"bolussnooze":0,"activity":0.0048,"lastBolusTime":1703559487656,"time":"2023-12-26T03:33:03.063Z","iobWithZeroTemp":{"iob":0.336,"basaliob":0.035,"bolussnooze":0,"activity":0.0041,"lastBolusTime":1703559487656,"time":"2023-12-26T03:33:03.063Z"}},{"iob":0.438,"basaliob":0.154,"bolussnooze":0,"activity":0.0049,"lastBolusTime":1703559487656,"time":"2023-12-26T03:38:03.063Z","iobWithZeroTemp":{"iob":0.293,"basaliob":0.009,"bolussnooze":0,"activity":0.0041,"lastBolusTime":1703559487656,"time":"2023-12-26T03:38:03.063Z"}},{"iob":0.413,"basaliob":0.146,"bolussnooze":0,"activity":0.0049,"lastBolusTime":1703559487656,"time":"2023-12-26T03:43:03.063Z","iobWithZeroTemp":{"iob":0.25,"basaliob":-0.017,"bolussnooze":0,"activity":0.0039,"lastBolusTime":1703559487656,"time":"2023-12-26T03:43:03.063Z"}},{"iob":0.388,"basaliob":0.138,"bolussnooze":0,"activity":0.0049,"lastBolusTime":1703559487656,"time":"2023-12-26T03:48:03.063Z","iobWithZeroTemp":{"iob":0.207,"basaliob":-0.043,"bolussnooze":0,"activity":0.0037,"lastBolusTime":1703559487656,"time":"2023-12-26T03:48:03.063Z"}},{"iob":0.364,"basaliob":0.131,"bolussnooze":0,"activity":0.0048,"lastBolusTime":1703559487656,"time":"2023-12-26T03:53:03.063Z","iobWithZeroTemp":{"iob":0.167,"basaliob":-0.066,"bolussnooze":0,"activity":0.0034,"lastBolusTime":1703559487656,"time":"2023-12-26T03:53:03.063Z"}},{"iob":0.34,"basaliob":0.123,"bolussnooze":0,"activity":0.0046,"lastBolusTime":1703559487656,"time":"2023-12-26T03:58:03.063Z","iobWithZeroTemp":{"iob":0.128,"basaliob":-0.089,"bolussnooze":0,"activity":0.003,"lastBolusTime":1703559487656,"time":"2023-12-26T03:58:03.063Z"}},{"iob":0.317,"basaliob":0.115,"bolussnooze":0,"activity":0.0045,"lastBolusTime":1703559487656,"time":"2023-12-26T04:03:03.063Z","iobWithZeroTemp":{"iob":0.092,"basaliob":-0.11,"bolussnooze":0,"activity":0.0027,"lastBolusTime":1703559487656,"time":"2023-12-26T04:03:03.063Z"}},{"iob":0.295,"basaliob":0.108,"bolussnooze":0,"activity":0.0044,"lastBolusTime":1703559487656,"time":"2023-12-26T04:08:03.063Z","iobWithZeroTemp":{"iob":0.057,"basaliob":-0.13,"bolussnooze":0,"activity":0.0024,"lastBolusTime":1703559487656,"time":"2023-12-26T04:08:03.063Z"}},{"iob":0.274,"basaliob":0.1,"bolussnooze":0,"activity":0.0041,"lastBolusTime":1703559487656,"time":"2023-12-26T04:13:03.063Z","iobWithZeroTemp":{"iob":0.025,"basaliob":-0.149,"bolussnooze":0,"activity":0.0019,"lastBolusTime":1703559487656,"time":"2023-12-26T04:13:03.063Z"}},{"iob":0.253,"basaliob":0.093,"bolussnooze":0,"activity":0.004,"lastBolusTime":1703559487656,"time":"2023-12-26T04:18:03.063Z","iobWithZeroTemp":{"iob":-0.007,"basaliob":-0.167,"bolussnooze":0,"activity":0.0017,"lastBolusTime":1703559487656,"time":"2023-12-26T04:18:03.063Z"}},{"iob":0.235,"basaliob":0.087,"bolussnooze":0,"activity":0.0037,"lastBolusTime":1703559487656,"time":"2023-12-26T04:23:03.063Z","iobWithZeroTemp":{"iob":-0.034,"basaliob":-0.182,"bolussnooze":0,"activity":0.0012,"lastBolusTime":1703559487656,"time":"2023-12-26T04:23:03.063Z"}},{"iob":0.216,"basaliob":0.08,"bolussnooze":0,"activity":0.0035,"lastBolusTime":1703559487656,"time":"2023-12-26T04:28:03.063Z","iobWithZeroTemp":{"iob":-0.062,"basaliob":-0.198,"bolussnooze":0,"activity":9.0E-4,"lastBolusTime":1703559487656,"time":"2023-12-26T04:28:03.063Z"}},{"iob":0.199,"basaliob":0.074,"bolussnooze":0,"activity":0.0033,"lastBolusTime":1703559487656,"time":"2023-12-26T04:33:03.063Z","iobWithZeroTemp":{"iob":-0.087,"basaliob":-0.212,"bolussnooze":0,"activity":5.0E-4,"lastBolusTime":1703559487656,"time":"2023-12-26T04:33:03.063Z"}},{"iob":0.182,"basaliob":0.068,"bolussnooze":0,"activity":0.0031,"lastBolusTime":1703559487656,"time":"2023-12-26T04:38:03.063Z","iobWithZeroTemp":{"iob":-0.112,"basaliob":-0.226,"bolussnooze":0,"activity":2.0E-4,"lastBolusTime":1703559487656,"time":"2023-12-26T04:38:03.063Z"}},{"iob":0.168,"basaliob":0.063,"bolussnooze":0,"activity":0.003,"lastBolusTime":1703559487656,"time":"2023-12-26T04:43:03.063Z","iobWithZeroTemp":{"iob":-0.133,"basaliob":-0.238,"bolussnooze":0,"activity":0,"lastBolusTime":1703559487656,"time":"2023-12-26T04:43:03.063Z"}},{"iob":0.154,"basaliob":0.058,"bolussnooze":0,"activity":0.0027,"lastBolusTime":1703559487656,"time":"2023-12-26T04:48:03.063Z","iobWithZeroTemp":{"iob":-0.153,"basaliob":-0.249,"bolussnooze":0,"activity":-4.0E-4,"lastBolusTime":1703559487656,"time":"2023-12-26T04:48:03.063Z"}},{"iob":0.14,"basaliob":0.053,"bolussnooze":0,"activity":0.0025,"lastBolusTime":1703559487656,"time":"2023-12-26T04:53:03.063Z","iobWithZeroTemp":{"iob":-0.173,"basaliob":-0.26,"bolussnooze":0,"activity":-7.0E-4,"lastBolusTime":1703559487656,"time":"2023-12-26T04:53:03.063Z"}},{"iob":0.129,"basaliob":0.049,"bolussnooze":0,"activity":0.0024,"lastBolusTime":1703559487656,"time":"2023-12-26T04:58:03.063Z","iobWithZeroTemp":{"iob":-0.189,"basaliob":-0.269,"bolussnooze":0,"activity":-9.0E-4,"lastBolusTime":1703559487656,"time":"2023-12-26T04:58:03.063Z"}},{"iob":0.117,"basaliob":0.045,"bolussnooze":0,"activity":0.0022,"lastBolusTime":1703559487656,"time":"2023-12-26T05:03:03.063Z","iobWithZeroTemp":{"iob":-0.208,"basaliob":-0.28,"bolussnooze":0,"activity":-0.0012,"lastBolusTime":1703559487656,"time":"2023-12-26T05:03:03.063Z"}},{"iob":0.107,"basaliob":0.041,"bolussnooze":0,"activity":0.002,"lastBolusTime":1703559487656,"time":"2023-12-26T05:08:03.063Z","iobWithZeroTemp":{"iob":-0.224,"basaliob":-0.29,"bolussnooze":0,"activity":-0.0015,"lastBolusTime":1703559487656,"time":"2023-12-26T05:08:03.063Z"}},{"iob":0.097,"basaliob":0.037,"bolussnooze":0,"activity":0.0019,"lastBolusTime":1703559487656,"time":"2023-12-26T05:13:03.063Z","iobWithZeroTemp":{"iob":-0.239,"basaliob":-0.299,"bolussnooze":0,"activity":-0.0017,"lastBolusTime":1703559487656,"time":"2023-12-26T05:13:03.063Z"}},{"iob":0.088,"basaliob":0.034,"bolussnooze":0,"activity":0.0017,"lastBolusTime":1703559487656,"time":"2023-12-26T05:18:03.063Z","iobWithZeroTemp":{"iob":-0.254,"basaliob":-0.308,"bolussnooze":0,"activity":-0.002,"lastBolusTime":1703559487656,"time":"2023-12-26T05:18:03.063Z"}},{"iob":0.08,"basaliob":0.031,"bolussnooze":0,"activity":0.0016,"lastBolusTime":1703559487656,"time":"2023-12-26T05:23:03.063Z","iobWithZeroTemp":{"iob":-0.266,"basaliob":-0.315,"bolussnooze":0,"activity":-0.0022,"lastBolusTime":1703559487656,"time":"2023-12-26T05:23:03.063Z"}},{"iob":0.072,"basaliob":0.028,"bolussnooze":0,"activity":0.0014,"lastBolusTime":1703559487656,"time":"2023-12-26T05:28:03.063Z","iobWithZeroTemp":{"iob":-0.279,"basaliob":-0.323,"bolussnooze":0,"activity":-0.0024,"lastBolusTime":1703559487656,"time":"2023-12-26T05:28:03.063Z"}},{"iob":0.065,"basaliob":0.025,"bolussnooze":0,"activity":0.0013,"lastBolusTime":1703559487656,"time":"2023-12-26T05:33:03.063Z","iobWithZeroTemp":{"iob":-0.29,"basaliob":-0.33,"bolussnooze":0,"activity":-0.0026,"lastBolusTime":1703559487656,"time":"2023-12-26T05:33:03.063Z"}},{"iob":0.059,"basaliob":0.023,"bolussnooze":0,"activity":0.0013,"lastBolusTime":1703559487656,"time":"2023-12-26T05:38:03.063Z","iobWithZeroTemp":{"iob":-0.3,"basaliob":-0.336,"bolussnooze":0,"activity":-0.0027,"lastBolusTime":1703559487656,"time":"2023-12-26T05:38:03.063Z"}},{"iob":0.053,"basaliob":0.021,"bolussnooze":0,"activity":0.0011,"lastBolusTime":1703559487656,"time":"2023-12-26T05:43:03.063Z","iobWithZeroTemp":{"iob":-0.309,"basaliob":-0.341,"bolussnooze":0,"activity":-0.0029,"lastBolusTime":1703559487656,"time":"2023-12-26T05:43:03.063Z"}},{"iob":0.048,"basaliob":0.019,"bolussnooze":0,"activity":0.001,"lastBolusTime":1703559487656,"time":"2023-12-26T05:48:03.063Z","iobWithZeroTemp":{"iob":-0.317,"basaliob":-0.346,"bolussnooze":0,"activity":-0.0031,"lastBolusTime":1703559487656,"time":"2023-12-26T05:48:03.063Z"}},{"iob":0.043,"basaliob":0.017,"bolussnooze":0,"activity":0.001,"lastBolusTime":1703559487656,"time":"2023-12-26T05:53:03.063Z","iobWithZeroTemp":{"iob":-0.325,"basaliob":-0.351,"bolussnooze":0,"activity":-0.0031,"lastBolusTime":1703559487656,"time":"2023-12-26T05:53:03.063Z"}},{"iob":0.038,"basaliob":0.015,"bolussnooze":0,"activity":8.0E-4,"lastBolusTime":1703559487656,"time":"2023-12-26T05:58:03.063Z","iobWithZeroTemp":{"iob":-0.333,"basaliob":-0.356,"bolussnooze":0,"activity":-0.0034,"lastBolusTime":1703559487656,"time":"2023-12-26T05:58:03.063Z"}},{"iob":0.033,"basaliob":0.013,"bolussnooze":0,"activity":8.0E-4,"lastBolusTime":1703559487656,"time":"2023-12-26T06:03:03.063Z","iobWithZeroTemp":{"iob":-0.344,"basaliob":-0.364,"bolussnooze":0,"activity":-0.0034,"lastBolusTime":1703559487656,"time":"2023-12-26T06:03:03.063Z"}},{"iob":0.03,"basaliob":0.012,"bolussnooze":0,"activity":7.0E-4,"lastBolusTime":1703559487656,"time":"2023-12-26T06:08:03.063Z","iobWithZeroTemp":{"iob":-0.353,"basaliob":-0.371,"bolussnooze":0,"activity":-0.0036,"lastBolusTime":1703559487656,"time":"2023-12-26T06:08:03.063Z"}},{"iob":0.027,"basaliob":0.011,"bolussnooze":0,"activity":6.0E-4,"lastBolusTime":1703559487656,"time":"2023-12-26T06:13:03.063Z","iobWithZeroTemp":{"iob":-0.361,"basaliob":-0.377,"bolussnooze":0,"activity":-0.0037,"lastBolusTime":1703559487656,"time":"2023-12-26T06:13:03.063Z"}},{"iob":0.024,"basaliob":0.01,"bolussnooze":0,"activity":5.0E-4,"lastBolusTime":1703559487656,"time":"2023-12-26T06:18:03.063Z","iobWithZeroTemp":{"iob":-0.369,"basaliob":-0.383,"bolussnooze":0,"activity":-0.0039,"lastBolusTime":1703559487656,"time":"2023-12-26T06:18:03.063Z"}},{"iob":0.021,"basaliob":0.008,"bolussnooze":0,"activity":5.0E-4,"lastBolusTime":1703559487656,"time":"2023-12-26T06:23:03.063Z","iobWithZeroTemp":{"iob":-0.377,"basaliob":-0.39,"bolussnooze":0,"activity":-0.004,"lastBolusTime":1703559487656,"time":"2023-12-26T06:23:03.063Z"}},{"iob":0.018,"basaliob":0.007,"bolussnooze":0,"activity":5.0E-4,"lastBolusTime":1703559487656,"time":"2023-12-26T06:28:03.063Z","iobWithZeroTemp":{"iob":-0.385,"basaliob":-0.396,"bolussnooze":0,"activity":-0.004,"lastBolusTime":1703559487656,"time":"2023-12-26T06:28:03.063Z"}},{"iob":0.017,"basaliob":0.007,"bolussnooze":0,"activity":5.0E-4,"lastBolusTime":1703559487656,"time":"2023-12-26T06:33:03.063Z","iobWithZeroTemp":{"iob":-0.39,"basaliob":-0.4,"bolussnooze":0,"activity":-0.0041,"lastBolusTime":1703559487656,"time":"2023-12-26T06:33:03.063Z"}},{"iob":0.015,"basaliob":0.006,"bolussnooze":0,"activity":3.0E-4,"lastBolusTime":1703559487656,"time":"2023-12-26T06:38:03.063Z","iobWithZeroTemp":{"iob":-0.396,"basaliob":-0.405,"bolussnooze":0,"activity":-0.0043,"lastBolusTime":1703559487656,"time":"2023-12-26T06:38:03.063Z"}},{"iob":0.013,"basaliob":0.005,"bolussnooze":0,"activity":3.0E-4,"lastBolusTime":1703559487656,"time":"2023-12-26T06:43:03.063Z","iobWithZeroTemp":{"iob":-0.402,"basaliob":-0.41,"bolussnooze":0,"activity":-0.0044,"lastBolusTime":1703559487656,"time":"2023-12-26T06:43:03.063Z"}},{"iob":0.011,"basaliob":0.004,"bolussnooze":0,"activity":3.0E-4,"lastBolusTime":1703559487656,"time":"2023-12-26T06:48:03.063Z","iobWithZeroTemp":{"iob":-0.407,"basaliob":-0.414,"bolussnooze":0,"activity":-0.0044,"lastBolusTime":1703559487656,"time":"2023-12-26T06:48:03.063Z"}},{"iob":0.01,"basaliob":0.004,"bolussnooze":0,"activity":3.0E-4,"lastBolusTime":1703559487656,"time":"2023-12-26T06:53:03.063Z","iobWithZeroTemp":{"iob":-0.411,"basaliob":-0.417,"bolussnooze":0,"activity":-0.0045,"lastBolusTime":1703559487656,"time":"2023-12-26T06:53:03.063Z"}},{"iob":0.008,"basaliob":0.003,"bolussnooze":0,"activity":2.0E-4,"lastBolusTime":1703559487656,"time":"2023-12-26T06:58:03.063Z","iobWithZeroTemp":{"iob":-0.416,"basaliob":-0.421,"bolussnooze":0,"activity":-0.0046,"lastBolusTime":1703559487656,"time":"2023-12-26T06:58:03.063Z"}}],"profile":{"max_iob":10,"type":"current","max_daily_basal":0.41,"max_basal":1.1,"min_bg":90,"max_bg":90,"target_bg":90,"carb_ratio":7.639,"sens":140.517,"max_daily_safety_multiplier":3,"current_basal_safety_multiplier":4,"lgsThreshold":95,"high_temptarget_raises_sensitivity":true,"low_temptarget_lowers_sensitivity":true,"sensitivity_raises_target":true,"resistance_lowers_target":true,"adv_target_adjustments":false,"exercise_mode":false,"half_basal_exercise_target":160,"maxCOB":120,"skip_neutral_temps":false,"remainingCarbsCap":90,"enableUAM":true,"A52_risk_enable":false,"SMBInterval":3,"enableSMB_with_COB":true,"enableSMB_with_temptarget":true,"allowSMB_with_high_temptarget":false,"enableSMB_always":false,"enableSMB_after_carbs":true,"maxSMBBasalMinutes":30,"maxUAMSMBBasalMinutes":40,"bolus_increment":0.05,"carbsReqThreshold":4,"current_basal":0.3,"temptargetSet":true,"autosens_max":1.3,"autosens_min":0.7,"variable_sens":138,"insulinDivisor":75,"TDD":10.660159298809525},"autosens_data":{"ratio":1.0369917903069394},"meal_data":{"carbs":0,"mealCOB":0,"slopeFromMaxDeviation":0,"slopeFromMinDeviation":1.0353636363636365,"lastBolusTime":1703559487656,"lastCarbTime":0},"microBolusAllowed":true,"currentTime":1703559784938,"flatBGsDetected":false,"tdd1D":15.68566666666667,"tdd7D":15.075095238095239,"tddLast24H":15.632749999999998,"tddLast4H":1.1944166666666667,"tddLast8to4H":0.9833333333333334},"output":{"temp":"absolute","bg":180,"tick":"+11","eventualBG":315,"targetBG":90,"insulinReq":1.11,"deliverAt":"2023-12-26T03:03:04.938Z","sensitivityRatio":1.2,"variable_sens":138,"predBGs":{"IOB":[180,190,198,205,210,214,217,219,220,220,219,217,214,211,209,206,203,201,199,197,195,193,191,189,188,186,185,183,182,181,180,179,178,178,177,176,176,175,175,174,174,174,173,173,173,172],"ZT":[180,179,177,175,172,169,166,163,160,157,155,152,150,148,146,144,143,142,141,141,141,141,141,142,142],"UAM":[180,190,200,209,217,224,231,238,244,250,255,261,266,271,275,280,284,288,292,295,299,302,304,307,309,312,313,315,316,317,318,319,319,319,318,318,317,317,317,316,316,316,315]},"reason":"COB: 0, Dev: 71, BGI: -1, ISF: 138, CR: 7.64, Target: 90, minPredBG 243, minGuardBG 190, IOBpredBG 172, UAMpredBG 315; Eventual BG 315 >= 90,  insulinReq 1.11; maxBolus 0.2. Microbolusing 0.2U. adj. req. rate: 2.58 to maxSafeBasal: 1.1, temp 0.75 < 1.1U\/hr. ","COB":0,"IOB":0.574,"units":0.2,"duration":30,"rate":1.1,"timestamp":"2023-12-26T03:03:04.970Z"}}