{"algorithm":"OpenAPSSMBDynamicISFPlugin","input":{"glucoseStatus":{"glucose":141,"noise":0,"delta":2.89,"short_avgdelta":2.89,"long_avgdelta":0.75,"date":1703509358000},"currenttemp":{"temp":"absolute","duration":92,"rate":0,"minutesrunning":28},"iob_data":[{"iob":2.087,"basaliob":-0.21,"bolussnooze":0.7273,"activity":0.0279,"lastBolusTime":1703509089625,"time":"2023-12-25T13:03:02.275Z","iobWithZeroTemp":{"iob":2.087,"basaliob":-0.21,"bolussnooze":0.7273,"activity":0.0279,"lastBolusTime":1703509089625,"time":"2023-12-25T13:03:02.275Z"}},{"iob":1.949,"basaliob":-0.203,"bolussnooze":0.603,"activity":0.0271,"lastBolusTime":1703509089625,"time":"2023-12-25T13:08:02.275Z","iobWithZeroTemp":{"iob":1.922,"basaliob":-0.23,"bolussnooze":0.603,"activity":0.0271,"lastBolusTime":1703509089625,"time":"2023-12-25T13:08:02.275Z"}},{"iob":1.816,"basaliob":-0.195,"bolussnooze":0.4968,"activity":0.0262,"lastBolusTime":1703509089625,"time":"2023-12-25T13:13:02.275Z","iobWithZeroTemp":{"iob":1.755,"basaliob":-0.256,"bolussnooze":0.4968,"activity":0.0261,"lastBolusTime":1703509089625,"time":"2023-12-25T13:13:02.275Z"}},{"iob":1.688,"basaliob":-0.186,"bolussnooze":0.4068,"activity":0.0251,"lastBolusTime":1703509089625,"time":"2023-12-25T13:18:02.275Z","iobWithZeroTemp":{"iob":1.594,"basaliob":-0.28,"bolussnooze":0.4068,"activity":0.0248,"lastBolusTime":1703509089625,"time":"2023-12-25T13:18:02.275Z"}},{"iob":1.565,"basaliob":-0.177,"bolussnooze":0.3309,"activity":0.0239,"lastBolusTime":1703509089625,"time":"2023-12-25T13:23:02.275Z","iobWithZeroTemp":{"iob":1.438,"basaliob":-0.304,"bolussnooze":0.3309,"activity":0.0234,"lastBolusTime":1703509089625,"time":"2023-12-25T13:23:02.275Z"}},{"iob":1.449,"basaliob":-0.167,"bolussnooze":0.2674,"activity":0.0228,"lastBolusTime":1703509089625,"time":"2023-12-25T13:28:02.275Z","iobWithZeroTemp":{"iob":1.291,"basaliob":-0.325,"bolussnooze":0.2674,"activity":0.0221,"lastBolusTime":1703509089625,"time":"2023-12-25T13:28:02.275Z"}},{"iob":1.337,"basaliob":-0.158,"bolussnooze":0.2147,"activity":0.0216,"lastBolusTime":1703509089625,"time":"2023-12-25T13:33:02.275Z","iobWithZeroTemp":{"iob":1.149,"basaliob":-0.346,"bolussnooze":0.2147,"activity":0.0206,"lastBolusTime":1703509089625,"time":"2023-12-25T13:33:02.275Z"}},{"iob":1.233,"basaliob":-0.148,"bolussnooze":0.171,"activity":0.0203,"lastBolusTime":1703509089625,"time":"2023-12-25T13:38:02.275Z","iobWithZeroTemp":{"iob":1.017,"basaliob":-0.364,"bolussnooze":0.171,"activity":0.019,"lastBolusTime":1703509089625,"time":"2023-12-25T13:38:02.275Z"}},{"iob":1.134,"basaliob":-0.139,"bolussnooze":0.1352,"activity":0.0191,"lastBolusTime":1703509089625,"time":"2023-12-25T13:43:02.275Z","iobWithZeroTemp":{"iob":0.89,"basaliob":-0.383,"bolussnooze":0.1352,"activity":0.0176,"lastBolusTime":1703509089625,"time":"2023-12-25T13:43:02.275Z"}},{"iob":1.041,"basaliob":-0.13,"bolussnooze":0.106,"activity":0.0179,"lastBolusTime":1703509089625,"time":"2023-12-25T13:48:02.275Z","iobWithZeroTemp":{"iob":0.772,"basaliob":-0.399,"bolussnooze":0.106,"activity":0.0161,"lastBolusTime":1703509089625,"time":"2023-12-25T13:48:02.275Z"}},{"iob":0.954,"basaliob":-0.121,"bolussnooze":0.0823,"activity":0.0168,"lastBolusTime":1703509089625,"time":"2023-12-25T13:53:02.275Z","iobWithZeroTemp":{"iob":0.66,"basaliob":-0.415,"bolussnooze":0.0823,"activity":0.0147,"lastBolusTime":1703509089625,"time":"2023-12-25T13:53:02.275Z"}},{"iob":0.874,"basaliob":-0.112,"bolussnooze":0.0632,"activity":0.0156,"lastBolusTime":1703509089625,"time":"2023-12-25T13:58:02.275Z","iobWithZeroTemp":{"iob":0.557,"basaliob":-0.429,"bolussnooze":0.0632,"activity":0.0132,"lastBolusTime":1703509089625,"time":"2023-12-25T13:58:02.275Z"}},{"iob":0.798,"basaliob":-0.104,"bolussnooze":0.048,"activity":0.0145,"lastBolusTime":1703509089625,"time":"2023-12-25T14:03:02.275Z","iobWithZeroTemp":{"iob":0.483,"basaliob":-0.419,"bolussnooze":0.048,"activity":0.0118,"lastBolusTime":1703509089625,"time":"2023-12-25T14:03:02.275Z"}},{"iob":0.729,"basaliob":-0.096,"bolussnooze":0.0359,"activity":0.0135,"lastBolusTime":1703509089625,"time":"2023-12-25T14:08:02.275Z","iobWithZeroTemp":{"iob":0.417,"basaliob":-0.408,"bolussnooze":0.0359,"activity":0.0106,"lastBolusTime":1703509089625,"time":"2023-12-25T14:08:02.275Z"}},{"iob":0.663,"basaliob":-0.089,"bolussnooze":0.0264,"activity":0.0125,"lastBolusTime":1703509089625,"time":"2023-12-25T14:13:02.275Z","iobWithZeroTemp":{"iob":0.354,"basaliob":-0.398,"bolussnooze":0.0264,"activity":0.0095,"lastBolusTime":1703509089625,"time":"2023-12-25T14:13:02.275Z"}},{"iob":0.603,"basaliob":-0.082,"bolussnooze":0.0191,"activity":0.0115,"lastBolusTime":1703509089625,"time":"2023-12-25T14:18:02.275Z","iobWithZeroTemp":{"iob":0.299,"basaliob":-0.386,"bolussnooze":0.0191,"activity":0.0084,"lastBolusTime":1703509089625,"time":"2023-12-25T14:18:02.275Z"}},{"iob":0.547,"basaliob":-0.076,"bolussnooze":0.0134,"activity":0.0106,"lastBolusTime":1703509089625,"time":"2023-12-25T14:23:02.275Z","iobWithZeroTemp":{"iob":0.247,"basaliob":-0.376,"bolussnooze":0.0134,"activity":0.0074,"lastBolusTime":1703509089625,"time":"2023-12-25T14:23:02.275Z"}},{"iob":0.497,"basaliob":-0.069,"bolussnooze":0.0091,"activity":0.0098,"lastBolusTime":1703509089625,"time":"2023-12-25T14:28:02.275Z","iobWithZeroTemp":{"iob":0.203,"basaliob":-0.363,"bolussnooze":0.0091,"activity":0.0065,"lastBolusTime":1703509089625,"time":"2023-12-25T14:28:02.275Z"}},{"iob":0.449,"basaliob":-0.064,"bolussnooze":0.006,"activity":0.009,"lastBolusTime":1703509089625,"time":"2023-12-25T14:33:02.275Z","iobWithZeroTemp":{"iob":0.16,"basaliob":-0.353,"bolussnooze":0.006,"activity":0.0057,"lastBolusTime":1703509089625,"time":"2023-12-25T14:33:02.275Z"}},{"iob":0.406,"basaliob":-0.058,"bolussnooze":0.0037,"activity":0.0083,"lastBolusTime":1703509089625,"time":"2023-12-25T14:38:02.275Z","iobWithZeroTemp":{"iob":0.123,"basaliob":-0.341,"bolussnooze":0.0037,"activity":0.005,"lastBolusTime":1703509089625,"time":"2023-12-25T14:38:02.275Z"}},{"iob":0.366,"basaliob":-0.053,"bolussnooze":0.0021,"activity":0.0076,"lastBolusTime":1703509089625,"time":"2023-12-25T14:43:02.275Z","iobWithZeroTemp":{"iob":0.089,"basaliob":-0.33,"bolussnooze":0.0021,"activity":0.0043,"lastBolusTime":1703509089625,"time":"2023-12-25T14:43:02.275Z"}},{"iob":0.329,"basaliob":-0.049,"bolussnooze":0.001,"activity":0.007,"lastBolusTime":1703509089625,"time":"2023-12-25T14:48:02.275Z","iobWithZeroTemp":{"iob":0.057,"basaliob":-0.321,"bolussnooze":0.001,"activity":0.0037,"lastBolusTime":1703509089625,"time":"2023-12-25T14:48:02.275Z"}},{"iob":0.297,"basaliob":-0.044,"bolussnooze":4.0E-4,"activity":0.0064,"lastBolusTime":1703509089625,"time":"2023-12-25T14:53:02.275Z","iobWithZeroTemp":{"iob":0.031,"basaliob":-0.31,"bolussnooze":4.0E-4,"activity":0.0031,"lastBolusTime":1703509089625,"time":"2023-12-25T14:53:02.275Z"}},{"iob":0.266,"basaliob":-0.04,"bolussnooze":1.0E-4,"activity":0.0058,"lastBolusTime":1703509089625,"time":"2023-12-25T14:58:02.275Z","iobWithZeroTemp":{"iob":0.005,"basaliob":-0.301,"bolussnooze":1.0E-4,"activity":0.0025,"lastBolusTime":1703509089625,"time":"2023-12-25T14:58:02.275Z"}},{"iob":0.238,"basaliob":-0.037,"bolussnooze":0,"activity":0.0053,"lastBolusTime":1703509089625,"time":"2023-12-25T15:03:02.275Z","iobWithZeroTemp":{"iob":-0.017,"basaliob":-0.292,"bolussnooze":0,"activity":0.0021,"lastBolusTime":1703509089625,"time":"2023-12-25T15:03:02.275Z"}},{"iob":0.213,"basaliob":-0.033,"bolussnooze":0,"activity":0.0048,"lastBolusTime":1703509089625,"time":"2023-12-25T15:08:02.275Z","iobWithZeroTemp":{"iob":-0.037,"basaliob":-0.283,"bolussnooze":0,"activity":0.0016,"lastBolusTime":1703509089625,"time":"2023-12-25T15:08:02.275Z"}},{"iob":0.19,"basaliob":-0.03,"bolussnooze":0,"activity":0.0044,"lastBolusTime":1703509089625,"time":"2023-12-25T15:13:02.275Z","iobWithZeroTemp":{"iob":-0.055,"basaliob":-0.275,"bolussnooze":0,"activity":0.0013,"lastBolusTime":1703509089625,"time":"2023-12-25T15:13:02.275Z"}},{"iob":0.17,"basaliob":-0.027,"bolussnooze":0,"activity":0.004,"lastBolusTime":1703509089625,"time":"2023-12-25T15:18:02.275Z","iobWithZeroTemp":{"iob":-0.071,"basaliob":-0.268,"bolussnooze":0,"activity":9.0E-4,"lastBolusTime":1703509089625,"time":"2023-12-25T15:18:02.275Z"}},{"iob":0.15,"basaliob":-0.025,"bolussnooze":0,"activity":0.0036,"lastBolusTime":1703509089625,"time":"2023-12-25T15:23:02.275Z","iobWithZeroTemp":{"iob":-0.086,"basaliob":-0.261,"bolussnooze":0,"activity":6.0E-4,"lastBolusTime":1703509089625,"time":"2023-12-25T15:23:02.275Z"}},{"iob":0.134,"basaliob":-0.022,"bolussnooze":0,"activity":0.0032,"lastBolusTime":1703509089625,"time":"2023-12-25T15:28:02.275Z","iobWithZeroTemp":{"iob":-0.098,"basaliob":-0.254,"bolussnooze":0,"activity":2.0E-4,"lastBolusTime":1703509089625,"time":"2023-12-25T15:28:02.275Z"}},{"iob":0.118,"basaliob":-0.02,"bolussnooze":0,"activity":0.0029,"lastBolusTime":1703509089625,"time":"2023-12-25T15:33:02.275Z","iobWithZeroTemp":{"iob":-0.11,"basaliob":-0.248,"bolussnooze":0,"activity":0,"lastBolusTime":1703509089625,"time":"2023-12-25T15:33:02.275Z"}},{"iob":0.105,"basaliob":-0.018,"bolussnooze":0,"activity":0.0026,"lastBolusTime":1703509089625,"time":"2023-12-25T15:38:02.275Z","iobWithZeroTemp":{"iob":-0.119,"basaliob":-0.242,"bolussnooze":0,"activity":-3.0E-4,"lastBolusTime":1703509089625,"time":"2023-12-25T15:38:02.275Z"}},{"iob":0.092,"basaliob":-0.016,"bolussnooze":0,"activity":0.0024,"lastBolusTime":1703509089625,"time":"2023-12-25T15:43:02.275Z","iobWithZeroTemp":{"iob":-0.129,"basaliob":-0.237,"bolussnooze":0,"activity":-4.0E-4,"lastBolusTime":1703509089625,"time":"2023-12-25T15:43:02.275Z"}},{"iob":0.081,"basaliob":-0.014,"bolussnooze":0,"activity":0.0021,"lastBolusTime":1703509089625,"time":"2023-12-25T15:48:02.275Z","iobWithZeroTemp":{"iob":-0.137,"basaliob":-0.232,"bolussnooze":0,"activity":-7.0E-4,"lastBolusTime":1703509089625,"time":"2023-12-25T15:48:02.275Z"}},{"iob":0.071,"basaliob":-0.013,"bolussnooze":0,"activity":0.0019,"lastBolusTime":1703509089625,"time":"2023-12-25T15:53:02.275Z","iobWithZeroTemp":{"iob":-0.144,"basaliob":-0.228,"bolussnooze":0,"activity":-9.0E-4,"lastBolusTime":1703509089625,"time":"2023-12-25T15:53:02.275Z"}},{"iob":0.062,"basaliob":-0.012,"bolussnooze":0,"activity":0.0017,"lastBolusTime":1703509089625,"time":"2023-12-25T15:58:02.275Z","iobWithZeroTemp":{"iob":-0.15,"basaliob":-0.224,"bolussnooze":0,"activity":-0.001,"lastBolusTime":1703509089625,"time":"2023-12-25T15:58:02.275Z"}},{"iob":0.054,"basaliob":-0.01,"bolussnooze":0,"activity":0.0015,"lastBolusTime":1703509089625,"time":"2023-12-25T16:03:02.275Z","iobWithZeroTemp":{"iob":-0.155,"basaliob":-0.219,"bolussnooze":0,"activity":-0.0012,"lastBolusTime":1703509089625,"time":"2023-12-25T16:03:02.275Z"}},{"iob":0.047,"basaliob":-0.009,"bolussnooze":0,"activity":0.0014,"lastBolusTime":1703509089625,"time":"2023-12-25T16:08:02.275Z","iobWithZeroTemp":{"iob":-0.16,"basaliob":-0.216,"bolussnooze":0,"activity":-0.0012,"lastBolusTime":1703509089625,"time":"2023-12-25T16:08:02.275Z"}},{"iob":0.041,"basaliob":-0.008,"bolussnooze":0,"activity":0.0012,"lastBolusTime":1703509089625,"time":"2023-12-25T16:13:02.275Z","iobWithZeroTemp":{"iob":-0.164,"basaliob":-0.213,"bolussnooze":0,"activity":-0.0014,"lastBolusTime":1703509089625,"time":"2023-12-25T16:13:02.275Z"}},{"iob":0.035,"basaliob":-0.007,"bolussnooze":0,"activity":0.001,"lastBolusTime":1703509089625,"time":"2023-12-25T16:18:02.275Z","iobWithZeroTemp":{"iob":-0.167,"basaliob":-0.209,"bolussnooze":0,"activity":-0.0016,"lastBolusTime":1703509089625,"time":"2023-12-25T16:18:02.275Z"}},{"iob":0.03,"basaliob":-0.006,"bolussnooze":0,"activity":9.0E-4,"lastBolusTime":1703509089625,"time":"2023-12-25T16:23:02.275Z","iobWithZeroTemp":{"iob":-0.171,"basaliob":-0.207,"bolussnooze":0,"activity":-0.0016,"lastBolusTime":1703509089625,"time":"2023-12-25T16:23:02.275Z"}},{"iob":0.025,"basaliob":-0.006,"bolussnooze":0,"activity":9.0E-4,"lastBolusTime":1703509089625,"time":"2023-12-25T16:28:02.275Z","iobWithZeroTemp":{"iob":-0.174,"basaliob":-0.205,"bolussnooze":0,"activity":-0.0016,"lastBolusTime":1703509089625,"time":"2023-12-25T16:28:02.275Z"}},{"iob":0.022,"basaliob":-0.005,"bolussnooze":0,"activity":8.0E-4,"lastBolusTime":1703509089625,"time":"2023-12-25T16:33:02.275Z","iobWithZeroTemp":{"iob":-0.175,"basaliob":-0.202,"bolussnooze":0,"activity":-0.0017,"lastBolusTime":1703509089625,"time":"2023-12-25T16:33:02.275Z"}},{"iob":0.019,"basaliob":-0.004,"bolussnooze":0,"activity":6.0E-4,"lastBolusTime":1703509089625,"time":"2023-12-25T16:38:02.275Z","iobWithZeroTemp":{"iob":-0.177,"basaliob":-0.2,"bolussnooze":0,"activity":-0.0019,"lastBolusTime":1703509089625,"time":"2023-12-25T16:38:02.275Z"}},{"iob":0.015,"basaliob":-0.004,"bolussnooze":0,"activity":6.0E-4,"lastBolusTime":1703509089625,"time":"2023-12-25T16:43:02.275Z","iobWithZeroTemp":{"iob":-0.179,"basaliob":-0.198,"bolussnooze":0,"activity":-0.0018,"lastBolusTime":1703509089625,"time":"2023-12-25T16:43:02.275Z"}},{"iob":0.013,"basaliob":-0.003,"bolussnooze":0,"activity":5.0E-4,"lastBolusTime":1703509089625,"time":"2023-12-25T16:48:02.275Z","iobWithZeroTemp":{"iob":-0.18,"basaliob":-0.196,"bolussnooze":0,"activity":-0.0019,"lastBolusTime":1703509089625,"time":"2023-12-25T16:48:02.275Z"}},{"iob":0.011,"basaliob":-0.003,"bolussnooze":0,"activity":4.0E-4,"lastBolusTime":1703509089625,"time":"2023-12-25T16:53:02.275Z","iobWithZeroTemp":{"iob":-0.181,"basaliob":-0.195,"bolussnooze":0,"activity":-0.002,"lastBolusTime":1703509089625,"time":"2023-12-25T16:53:02.275Z"}},{"iob":0.008,"basaliob":-0.003,"bolussnooze":0,"activity":3.0E-4,"lastBolusTime":1703509089625,"time":"2023-12-25T16:58:02.275Z","iobWithZeroTemp":{"iob":-0.183,"basaliob":-0.194,"bolussnooze":0,"activity":-0.0021,"lastBolusTime":1703509089625,"time":"2023-12-25T16:58:02.275Z"}}],"profile":{"max_iob":10,"type":"current","max_daily_basal":0.41,"max_basal":1.25,"min_bg":90,"max_bg":90,"target_bg":90,"carb_ratio":7.639,"sens":140.517,"max_daily_safety_multiplier":3,"current_basal_safety_multiplier":4,"lgsThreshold":95,"high_temptarget_raises_sensitivity":true,"low_temptarget_lowers_sensitivity":true,"sensitivity_raises_target":true,"resistance_lowers_target":true,"adv_target_adjustments":false,"exercise_mode":false,"half_basal_exercise_target":160,"maxCOB":120,"skip_neutral_temps":false,"remainingCarbsCap":90,"enableUAM":true,"A52_risk_enable":false,"SMBInterval":3,"enableSMB_with_COB":true,"enableSMB_with_temptarget":true,"allowSMB_with_high_temptarget":false,"enableSMB_always":false,"enableSMB_after_carbs":true,"maxSMBBasalMinutes":30,"maxUAMSMBBasalMinutes":40,"bolus_increment":0.05,"carbsReqThreshold":4,"current_basal":0.4,"temptargetSet":true,"autosens_max":1.3,"autosens_min":0.7,"variable_sens":109.8,"insulinDivisor":75,"TDD":15.49772376190476},"autosens_data":{"ratio":1.1367815640395056},"meal_data":{"carbs":38,"mealCOB":14.786399615872101,"slopeFromMaxDeviation":0,"slopeFromMinDeviation":1.4293636363636366,"lastBolusTime":1703509089625,"lastCarbTime":1703505757237},"microBolusAllowed":true,"currentTime":1703509383624,"flatBGsDetected":false,"tdd1D":15.581666666666663,"tdd7D":15.151547619047617,"tddLast24H":17.223999999999997,"tddLast4H":4.416666666666667,"tddLast8to4H":3.0600000000000005},"output":{"temp":"absolute","bg":141,"tick":"+3","eventualBG":251,"targetBG":90,"insulinReq":0.17,"deliverAt":"2023-12-25T13:03:03.624Z","sensitivityRatio":1.2,"variable_sens":109.8,"predBGs":{"IOB":[141,142,143,142,141,138,134,130,124,117,109,100,89,79,68,56,44,39],"ZT":[141,126,110,93,75,55,39,39,39,39,39,39,39,39,39,39,39,39,39,39,39,39,39,39,39,39,39,39,39,39,39,39,39,39,39,39,39,39,39,39,39,39,39,39,39,39,39,39],"COB":[141,143,145,146,148,149,150,151,152,152,153,153,154,154,154,153,153,152,151,149,147,145,142,139,135,133,130,128,125,123,122,120,119,117,116,115,114,113,113,112,111,111,110,110,110,109],"UAM":[141,143,146,148,151,154,158,161,165,169,174,178,183,188,192,197,202,207,212,217,221,226,230,234,237,241,244,247,249,251,253,254,255,256,256,256,255,255,254,254,253,253,253,252,252,252,252,251]},"reason":"COB: 14.8, Dev: 109, BGI: -15, ISF: 110, CR: 7.64, Target: 90, minPredBG 109, minGuardBG 130, IOBpredBG 39, COBpredBG 109, UAMpredBG 251; Eventual BG 251 >= 90,  insulinReq 0.17; setting 60m low temp of 0U\/h. Microbolusing 0.05U. ","COB":14.786399615872101,"IOB":2.087,"units":0.05,"rate":0,"duration":60,"timestamp":"2023-12-25T13:03:03.651Z"}}