{"algorithm":"OpenAPSSMBDynamicISFPlugin","input":{"glucoseStatus":{"glucose":97,"noise":0,"delta":2.22,"short_avgdelta":2.22,"long_avgdelta":0.96,"date":1703570559000},"currenttemp":{"temp":"absolute","duration":25,"rate":0.5,"minutesrunning":5},"iob_data":[{"iob":-0.151,"basaliob":-0.2,"bolussnooze":0,"activity":-0.0015,"lastBolusTime":1703560089010,"time":"2023-12-26T06:03:03.625Z","iobWithZeroTemp":{"iob":-0.151,"basaliob":-0.2,"bolussnooze":0,"activity":-0.0015,"lastBolusTime":1703560089010,"time":"2023-12-26T06:03:03.625Z"}},{"iob":-0.143,"basaliob":-0.187,"bolussnooze":0,"activity":-0.0016,"lastBolusTime":1703560089010,"time":"2023-12-26T06:08:03.625Z","iobWithZeroTemp":{"iob":-0.165,"basaliob":-0.209,"bolussnooze":0,"activity":-0.0016,"lastBolusTime":1703560089010,"time":"2023-12-26T06:08:03.625Z"}},{"iob":-0.135,"basaliob":-0.174,"bolussnooze":0,"activity":-0.0016,"lastBolusTime":1703560089010,"time":"2023-12-26T06:13:03.625Z","iobWithZeroTemp":{"iob":-0.183,"basaliob":-0.222,"bolussnooze":0,"activity":-0.0017,"lastBolusTime":1703560089010,"time":"2023-12-26T06:13:03.625Z"}},{"iob":-0.127,"basaliob":-0.162,"bolussnooze":0,"activity":-0.0016,"lastBolusTime":1703560089010,"time":"2023-12-26T06:18:03.625Z","iobWithZeroTemp":{"iob":-0.202,"basaliob":-0.237,"bolussnooze":0,"activity":-0.0018,"lastBolusTime":1703560089010,"time":"2023-12-26T06:18:03.625Z"}},{"iob":-0.12,"basaliob":-0.151,"bolussnooze":0,"activity":-0.0016,"lastBolusTime":1703560089010,"time":"2023-12-26T06:23:03.625Z","iobWithZeroTemp":{"iob":-0.22,"basaliob":-0.251,"bolussnooze":0,"activity":-0.002,"lastBolusTime":1703560089010,"time":"2023-12-26T06:23:03.625Z"}},{"iob":-0.112,"basaliob":-0.139,"bolussnooze":0,"activity":-0.0015,"lastBolusTime":1703560089010,"time":"2023-12-26T06:28:03.625Z","iobWithZeroTemp":{"iob":-0.237,"basaliob":-0.264,"bolussnooze":0,"activity":-0.0021,"lastBolusTime":1703560089010,"time":"2023-12-26T06:28:03.625Z"}},{"iob":-0.105,"basaliob":-0.129,"bolussnooze":0,"activity":-0.0015,"lastBolusTime":1703560089010,"time":"2023-12-26T06:33:03.625Z","iobWithZeroTemp":{"iob":-0.253,"basaliob":-0.277,"bolussnooze":0,"activity":-0.0023,"lastBolusTime":1703560089010,"time":"2023-12-26T06:33:03.625Z"}},{"iob":-0.098,"basaliob":-0.119,"bolussnooze":0,"activity":-0.0014,"lastBolusTime":1703560089010,"time":"2023-12-26T06:38:03.625Z","iobWithZeroTemp":{"iob":-0.269,"basaliob":-0.29,"bolussnooze":0,"activity":-0.0024,"lastBolusTime":1703560089010,"time":"2023-12-26T06:38:03.625Z"}},{"iob":-0.09,"basaliob":-0.109,"bolussnooze":0,"activity":-0.0013,"lastBolusTime":1703560089010,"time":"2023-12-26T06:43:03.625Z","iobWithZeroTemp":{"iob":-0.283,"basaliob":-0.302,"bolussnooze":0,"activity":-0.0025,"lastBolusTime":1703560089010,"time":"2023-12-26T06:43:03.625Z"}},{"iob":-0.084,"basaliob":-0.1,"bolussnooze":0,"activity":-0.0013,"lastBolusTime":1703560089010,"time":"2023-12-26T06:48:03.625Z","iobWithZeroTemp":{"iob":-0.297,"basaliob":-0.313,"bolussnooze":0,"activity":-0.0027,"lastBolusTime":1703560089010,"time":"2023-12-26T06:48:03.625Z"}},{"iob":-0.078,"basaliob":-0.092,"bolussnooze":0,"activity":-0.0012,"lastBolusTime":1703560089010,"time":"2023-12-26T06:53:03.625Z","iobWithZeroTemp":{"iob":-0.31,"basaliob":-0.324,"bolussnooze":0,"activity":-0.0029,"lastBolusTime":1703560089010,"time":"2023-12-26T06:53:03.625Z"}},{"iob":-0.072,"basaliob":-0.084,"bolussnooze":0,"activity":-0.0012,"lastBolusTime":1703560089010,"time":"2023-12-26T06:58:03.625Z","iobWithZeroTemp":{"iob":-0.322,"basaliob":-0.334,"bolussnooze":0,"activity":-0.0031,"lastBolusTime":1703560089010,"time":"2023-12-26T06:58:03.625Z"}},{"iob":-0.066,"basaliob":-0.077,"bolussnooze":0,"activity":-0.0011,"lastBolusTime":1703560089010,"time":"2023-12-26T07:03:03.625Z","iobWithZeroTemp":{"iob":-0.332,"basaliob":-0.343,"bolussnooze":0,"activity":-0.0032,"lastBolusTime":1703560089010,"time":"2023-12-26T07:03:03.625Z"}},{"iob":-0.061,"basaliob":-0.07,"bolussnooze":0,"activity":-0.001,"lastBolusTime":1703560089010,"time":"2023-12-26T07:08:03.625Z","iobWithZeroTemp":{"iob":-0.342,"basaliob":-0.351,"bolussnooze":0,"activity":-0.0033,"lastBolusTime":1703560089010,"time":"2023-12-26T07:08:03.625Z"}},{"iob":-0.056,"basaliob":-0.064,"bolussnooze":0,"activity":-0.001,"lastBolusTime":1703560089010,"time":"2023-12-26T07:13:03.625Z","iobWithZeroTemp":{"iob":-0.351,"basaliob":-0.359,"bolussnooze":0,"activity":-0.0035,"lastBolusTime":1703560089010,"time":"2023-12-26T07:13:03.625Z"}},{"iob":-0.051,"basaliob":-0.058,"bolussnooze":0,"activity":-9.0E-4,"lastBolusTime":1703560089010,"time":"2023-12-26T07:18:03.625Z","iobWithZeroTemp":{"iob":-0.359,"basaliob":-0.366,"bolussnooze":0,"activity":-0.0036,"lastBolusTime":1703560089010,"time":"2023-12-26T07:18:03.625Z"}},{"iob":-0.047,"basaliob":-0.053,"bolussnooze":0,"activity":-8.0E-4,"lastBolusTime":1703560089010,"time":"2023-12-26T07:23:03.625Z","iobWithZeroTemp":{"iob":-0.367,"basaliob":-0.373,"bolussnooze":0,"activity":-0.0037,"lastBolusTime":1703560089010,"time":"2023-12-26T07:23:03.625Z"}},{"iob":-0.043,"basaliob":-0.048,"bolussnooze":0,"activity":-7.0E-4,"lastBolusTime":1703560089010,"time":"2023-12-26T07:28:03.625Z","iobWithZeroTemp":{"iob":-0.374,"basaliob":-0.379,"bolussnooze":0,"activity":-0.0038,"lastBolusTime":1703560089010,"time":"2023-12-26T07:28:03.625Z"}},{"iob":-0.039,"basaliob":-0.043,"bolussnooze":0,"activity":-8.0E-4,"lastBolusTime":1703560089010,"time":"2023-12-26T07:33:03.625Z","iobWithZeroTemp":{"iob":-0.38,"basaliob":-0.384,"bolussnooze":0,"activity":-0.0041,"lastBolusTime":1703560089010,"time":"2023-12-26T07:33:03.625Z"}},{"iob":-0.035,"basaliob":-0.039,"bolussnooze":0,"activity":-7.0E-4,"lastBolusTime":1703560089010,"time":"2023-12-26T07:38:03.625Z","iobWithZeroTemp":{"iob":-0.386,"basaliob":-0.39,"bolussnooze":0,"activity":-0.0041,"lastBolusTime":1703560089010,"time":"2023-12-26T07:38:03.625Z"}},{"iob":-0.032,"basaliob":-0.035,"bolussnooze":0,"activity":-6.0E-4,"lastBolusTime":1703560089010,"time":"2023-12-26T07:43:03.625Z","iobWithZeroTemp":{"iob":-0.391,"basaliob":-0.394,"bolussnooze":0,"activity":-0.0042,"lastBolusTime":1703560089010,"time":"2023-12-26T07:43:03.625Z"}},{"iob":-0.03,"basaliob":-0.032,"bolussnooze":0,"activity":-6.0E-4,"lastBolusTime":1703560089010,"time":"2023-12-26T07:48:03.625Z","iobWithZeroTemp":{"iob":-0.397,"basaliob":-0.399,"bolussnooze":0,"activity":-0.0043,"lastBolusTime":1703560089010,"time":"2023-12-26T07:48:03.625Z"}},{"iob":-0.027,"basaliob":-0.029,"bolussnooze":0,"activity":-5.0E-4,"lastBolusTime":1703560089010,"time":"2023-12-26T07:53:03.625Z","iobWithZeroTemp":{"iob":-0.402,"basaliob":-0.404,"bolussnooze":0,"activity":-0.0044,"lastBolusTime":1703560089010,"time":"2023-12-26T07:53:03.625Z"}},{"iob":-0.024,"basaliob":-0.026,"bolussnooze":0,"activity":-5.0E-4,"lastBolusTime":1703560089010,"time":"2023-12-26T07:58:03.625Z","iobWithZeroTemp":{"iob":-0.405,"basaliob":-0.407,"bolussnooze":0,"activity":-0.0045,"lastBolusTime":1703560089010,"time":"2023-12-26T07:58:03.625Z"}},{"iob":-0.022,"basaliob":-0.023,"bolussnooze":0,"activity":-4.0E-4,"lastBolusTime":1703560089010,"time":"2023-12-26T08:03:03.625Z","iobWithZeroTemp":{"iob":-0.41,"basaliob":-0.411,"bolussnooze":0,"activity":-0.0045,"lastBolusTime":1703560089010,"time":"2023-12-26T08:03:03.625Z"}},{"iob":-0.02,"basaliob":-0.021,"bolussnooze":0,"activity":-5.0E-4,"lastBolusTime":1703560089010,"time":"2023-12-26T08:08:03.625Z","iobWithZeroTemp":{"iob":-0.413,"basaliob":-0.414,"bolussnooze":0,"activity":-0.0047,"lastBolusTime":1703560089010,"time":"2023-12-26T08:08:03.625Z"}},{"iob":-0.017,"basaliob":-0.018,"bolussnooze":0,"activity":-4.0E-4,"lastBolusTime":1703560089010,"time":"2023-12-26T08:13:03.625Z","iobWithZeroTemp":{"iob":-0.416,"basaliob":-0.417,"bolussnooze":0,"activity":-0.0047,"lastBolusTime":1703560089010,"time":"2023-12-26T08:13:03.625Z"}},{"iob":-0.015,"basaliob":-0.016,"bolussnooze":0,"activity":-4.0E-4,"lastBolusTime":1703560089010,"time":"2023-12-26T08:18:03.625Z","iobWithZeroTemp":{"iob":-0.419,"basaliob":-0.42,"bolussnooze":0,"activity":-0.0048,"lastBolusTime":1703560089010,"time":"2023-12-26T08:18:03.625Z"}},{"iob":-0.015,"basaliob":-0.015,"bolussnooze":0,"activity":-3.0E-4,"lastBolusTime":1703560089010,"time":"2023-12-26T08:23:03.625Z","iobWithZeroTemp":{"iob":-0.423,"basaliob":-0.423,"bolussnooze":0,"activity":-0.0048,"lastBolusTime":1703560089010,"time":"2023-12-26T08:23:03.625Z"}},{"iob":-0.013,"basaliob":-0.013,"bolussnooze":0,"activity":-3.0E-4,"lastBolusTime":1703560089010,"time":"2023-12-26T08:28:03.625Z","iobWithZeroTemp":{"iob":-0.425,"basaliob":-0.425,"bolussnooze":0,"activity":-0.0048,"lastBolusTime":1703560089010,"time":"2023-12-26T08:28:03.625Z"}},{"iob":-0.011,"basaliob":-0.011,"bolussnooze":0,"activity":-3.0E-4,"lastBolusTime":1703560089010,"time":"2023-12-26T08:33:03.625Z","iobWithZeroTemp":{"iob":-0.427,"basaliob":-0.427,"bolussnooze":0,"activity":-0.0049,"lastBolusTime":1703560089010,"time":"2023-12-26T08:33:03.625Z"}},{"iob":-0.01,"basaliob":-0.01,"bolussnooze":0,"activity":-3.0E-4,"lastBolusTime":1703560089010,"time":"2023-12-26T08:38:03.625Z","iobWithZeroTemp":{"iob":-0.429,"basaliob":-0.429,"bolussnooze":0,"activity":-0.005,"lastBolusTime":1703560089010,"time":"2023-12-26T08:38:03.625Z"}},{"iob":-0.009,"basaliob":-0.009,"bolussnooze":0,"activity":-2.0E-4,"lastBolusTime":1703560089010,"time":"2023-12-26T08:43:03.625Z","iobWithZeroTemp":{"iob":-0.431,"basaliob":-0.431,"bolussnooze":0,"activity":-0.0049,"lastBolusTime":1703560089010,"time":"2023-12-26T08:43:03.625Z"}},{"iob":-0.008,"basaliob":-0.008,"bolussnooze":0,"activity":-2.0E-4,"lastBolusTime":1703560089010,"time":"2023-12-26T08:48:03.625Z","iobWithZeroTemp":{"iob":-0.433,"basaliob":-0.433,"bolussnooze":0,"activity":-0.005,"lastBolusTime":1703560089010,"time":"2023-12-26T08:48:03.625Z"}},{"iob":-0.007,"basaliob":-0.007,"bolussnooze":0,"activity":-2.0E-4,"lastBolusTime":1703560089010,"time":"2023-12-26T08:53:03.625Z","iobWithZeroTemp":{"iob":-0.434,"basaliob":-0.434,"bolussnooze":0,"activity":-0.005,"lastBolusTime":1703560089010,"time":"2023-12-26T08:53:03.625Z"}},{"iob":-0.006,"basaliob":-0.006,"bolussnooze":0,"activity":-2.0E-4,"lastBolusTime":1703560089010,"time":"2023-12-26T08:58:03.625Z","iobWithZeroTemp":{"iob":-0.435,"basaliob":-0.435,"bolussnooze":0,"activity":-0.0051,"lastBolusTime":1703560089010,"time":"2023-12-26T08:58:03.625Z"}},{"iob":-0.005,"basaliob":-0.005,"bolussnooze":0,"activity":-1.0E-4,"lastBolusTime":1703560089010,"time":"2023-12-26T09:03:03.625Z","iobWithZeroTemp":{"iob":-0.435,"basaliob":-0.435,"bolussnooze":0,"activity":-0.005,"lastBolusTime":1703560089010,"time":"2023-12-26T09:03:03.625Z"}},{"iob":-0.004,"basaliob":-0.004,"bolussnooze":0,"activity":-1.0E-4,"lastBolusTime":1703560089010,"time":"2023-12-26T09:08:03.625Z","iobWithZeroTemp":{"iob":-0.434,"basaliob":-0.434,"bolussnooze":0,"activity":-0.0051,"lastBolusTime":1703560089010,"time":"2023-12-26T09:08:03.625Z"}},{"iob":-0.004,"basaliob":-0.004,"bolussnooze":0,"activity":-1.0E-4,"lastBolusTime":0,"time":"2023-12-26T09:13:03.625Z","iobWithZeroTemp":{"iob":-0.434,"basaliob":-0.434,"bolussnooze":0,"activity":-0.0051,"lastBolusTime":0,"time":"2023-12-26T09:13:03.625Z"}},{"iob":-0.003,"basaliob":-0.003,"bolussnooze":0,"activity":-1.0E-4,"lastBolusTime":0,"time":"2023-12-26T09:18:03.625Z","iobWithZeroTemp":{"iob":-0.433,"basaliob":-0.433,"bolussnooze":0,"activity":-0.0051,"lastBolusTime":0,"time":"2023-12-26T09:18:03.625Z"}},{"iob":-0.003,"basaliob":-0.003,"bolussnooze":0,"activity":-1.0E-4,"lastBolusTime":0,"time":"2023-12-26T09:23:03.625Z","iobWithZeroTemp":{"iob":-0.433,"basaliob":-0.433,"bolussnooze":0,"activity":-0.0051,"lastBolusTime":0,"time":"2023-12-26T09:23:03.625Z"}},{"iob":-0.002,"basaliob":-0.002,"bolussnooze":0,"activity":-1.0E-4,"lastBolusTime":0,"time":"2023-12-26T09:28:03.625Z","iobWithZeroTemp":{"iob":-0.432,"basaliob":-0.432,"bolussnooze":0,"activity":-0.0051,"lastBolusTime":0,"time":"2023-12-26T09:28:03.625Z"}},{"iob":-0.002,"basaliob":-0.002,"bolussnooze":0,"activity":-1.0E-4,"lastBolusTime":0,"time":"2023-12-26T09:33:03.625Z","iobWithZeroTemp":{"iob":-0.432,"basaliob":-0.432,"bolussnooze":0,"activity":-0.0052,"lastBolusTime":0,"time":"2023-12-26T09:33:03.625Z"}},{"iob":-0.002,"basaliob":-0.002,"bolussnooze":0,"activity":-1.0E-4,"lastBolusTime":0,"time":"2023-12-26T09:38:03.625Z","iobWithZeroTemp":{"iob":-0.431,"basaliob":-0.431,"bolussnooze":0,"activity":-0.0052,"lastBolusTime":0,"time":"2023-12-26T09:38:03.625Z"}},{"iob":-0.001,"basaliob":-0.001,"bolussnooze":0,"activity":-1.0E-4,"lastBolusTime":0,"time":"2023-12-26T09:43:03.625Z","iobWithZeroTemp":{"iob":-0.43,"basaliob":-0.43,"bolussnooze":0,"activity":-0.0052,"lastBolusTime":0,"time":"2023-12-26T09:43:03.625Z"}},{"iob":0,"basaliob":0,"bolussnooze":0,"activity":0,"lastBolusTime":0,"time":"2023-12-26T09:48:03.625Z","iobWithZeroTemp":{"iob":-0.429,"basaliob":-0.429,"bolussnooze":0,"activity":-0.0051,"lastBolusTime":0,"time":"2023-12-26T09:48:03.625Z"}},{"iob":0,"basaliob":0,"bolussnooze":0,"activity":0,"lastBolusTime":0,"time":"2023-12-26T09:53:03.625Z","iobWithZeroTemp":{"iob":-0.428,"basaliob":-0.428,"bolussnooze":0,"activity":-0.0051,"lastBolusTime":0,"time":"2023-12-26T09:53:03.625Z"}},{"iob":0,"basaliob":0,"bolussnooze":0,"activity":0,"lastBolusTime":0,"time":"2023-12-26T09:58:03.625Z","iobWithZeroTemp":{"iob":-0.428,"basaliob":-0.428,"bolussnooze":0,"activity":-0.0051,"lastBolusTime":0,"time":"2023-12-26T09:58:03.625Z"}}],"profile":{"max_iob":10,"type":"current","max_daily_basal":0.41,"max_basal":1.25,"min_bg":95,"max_bg":95,"target_bg":95,"carb_ratio":7.639,"sens":140.517,"max_daily_safety_multiplier":3,"current_basal_safety_multiplier":4,"lgsThreshold":95,"high_temptarget_raises_sensitivity":true,"low_temptarget_lowers_sensitivity":true,"sensitivity_raises_target":true,"resistance_lowers_target":true,"adv_target_adjustments":false,"exercise_mode":false,"half_basal_exercise_target":160,"maxCOB":120,"skip_neutral_temps":false,"remainingCarbsCap":90,"enableUAM":true,"A52_risk_enable":false,"SMBInterval":3,"enableSMB_with_COB":true,"enableSMB_with_temptarget":true,"allowSMB_with_high_temptarget":false,"enableSMB_always":false,"enableSMB_after_carbs":true,"maxSMBBasalMinutes":30,"maxUAMSMBBasalMinutes":40,"bolus_increment":0.05,"carbsReqThreshold":4,"current_basal":0.3,"temptargetSet":false,"autosens_max":1.3,"autosens_min":0.7,"variable_sens":197.1,"insulinDivisor":75,"TDD":11.002369298809525},"autosens_data":{"ratio":1.027760228949039},"meal_data":{"carbs":0,"mealCOB":0,"slopeFromMaxDeviation":0,"slopeFromMinDeviation":0.2262,"lastBolusTime":1703560089010,"lastCarbTime":0},"microBolusAllowed":true,"currentTime":1703570585242,"flatBGsDetected":false,"tdd1D":15.68566666666667,"tdd7D":15.075095238095239,"tddLast24H":15.493583333333332,"tddLast4H":1.6152499999999999,"tddLast8to4H":0.6791666666666667},"output":{"temp":"absolute","bg":97,"tick":"+2","eventualBG":131,"targetBG":94,"insulinReq":0.14,"deliverAt":"2023-12-26T06:03:05.242Z","sensitivityRatio":1.027760228949039,"variable_sens":197.1,"predBGs":{"IOB":[97,99,101,103,105,107,109,111,112,113,115,116,117,118,119,120,120,121,122,122,123,123,124,124,125,125,125,126,126,126,127,127,127,127,127,128],"ZT":[97,98,100,102,103,105,107],"UAM":[97,99,101,103,105,107,109,110,111,113,114,115,116,117,118,119,119,120,121,121,122,122,123,123,124,124,125,125,125,125,126,126,126,126,127,127,127,127,127,127,127,127,127,127,128]},"reason":"COB: 0, Dev: 4, BGI: 1, ISF: 197, CR: 7.64, Target: 94, minPredBG 122, minGuardBG 99, IOBpredBG 128, UAMpredBG 128; Eventual BG 131 >= 94, temp 0.50 < 0.59U\/hr.  25m left and 0.5 ~ req 0.5883280686847117U\/hr: no temp required","COB":0,"IOB":-0.151,"timestamp":"2023-12-26T06:03:05.273Z"}}