{"algorithm":"OpenAPSSMBDynamicISFPlugin","input":{"glucoseStatus":{"glucose":96,"noise":0,"delta":-1.39,"short_avgdelta":-1.39,"long_avgdelta":-2.36,"date":1703660261000},"currenttemp":{"temp":"absolute","duration":20,"rate":0,"minutesrunning":10},"iob_data":[{"iob":0.001,"basaliob":0.001,"bolussnooze":0,"activity":0.001,"lastBolusTime":1703638991772,"time":"2023-12-27T06:58:03.842Z","iobWithZeroTemp":{"iob":0.001,"basaliob":0.001,"bolussnooze":0,"activity":0.001,"lastBolusTime":1703638991772,"time":"2023-12-27T06:58:03.842Z"}},{"iob":-0.004,"basaliob":-0.004,"bolussnooze":0,"activity":8.0E-4,"lastBolusTime":1703638991772,"time":"2023-12-27T07:03:03.842Z","iobWithZeroTemp":{"iob":-0.024,"basaliob":-0.024,"bolussnooze":0,"activity":8.0E-4,"lastBolusTime":1703638991772,"time":"2023-12-27T07:03:03.842Z"}},{"iob":-0.007,"basaliob":-0.007,"bolussnooze":0,"activity":6.0E-4,"lastBolusTime":0,"time":"2023-12-27T07:08:03.842Z","iobWithZeroTemp":{"iob":-0.052,"basaliob":-0.052,"bolussnooze":0,"activity":5.0E-4,"lastBolusTime":0,"time":"2023-12-27T07:08:03.842Z"}},{"iob":-0.01,"basaliob":-0.01,"bolussnooze":0,"activity":5.0E-4,"lastBolusTime":0,"time":"2023-12-27T07:13:03.842Z","iobWithZeroTemp":{"iob":-0.079,"basaliob":-0.079,"bolussnooze":0,"activity":3.0E-4,"lastBolusTime":0,"time":"2023-12-27T07:13:03.842Z"}},{"iob":-0.012,"basaliob":-0.012,"bolussnooze":0,"activity":4.0E-4,"lastBolusTime":0,"time":"2023-12-27T07:18:03.842Z","iobWithZeroTemp":{"iob":-0.105,"basaliob":-0.105,"bolussnooze":0,"activity":0,"lastBolusTime":0,"time":"2023-12-27T07:18:03.842Z"}},{"iob":-0.014,"basaliob":-0.014,"bolussnooze":0,"activity":3.0E-4,"lastBolusTime":0,"time":"2023-12-27T07:23:03.842Z","iobWithZeroTemp":{"iob":-0.129,"basaliob":-0.129,"bolussnooze":0,"activity":-2.0E-4,"lastBolusTime":0,"time":"2023-12-27T07:23:03.842Z"}},{"iob":-0.015,"basaliob":-0.015,"bolussnooze":0,"activity":2.0E-4,"lastBolusTime":0,"time":"2023-12-27T07:28:03.842Z","iobWithZeroTemp":{"iob":-0.152,"basaliob":-0.152,"bolussnooze":0,"activity":-5.0E-4,"lastBolusTime":0,"time":"2023-12-27T07:28:03.842Z"}},{"iob":-0.016,"basaliob":-0.016,"bolussnooze":0,"activity":1.0E-4,"lastBolusTime":0,"time":"2023-12-27T07:33:03.842Z","iobWithZeroTemp":{"iob":-0.174,"basaliob":-0.174,"bolussnooze":0,"activity":-8.0E-4,"lastBolusTime":0,"time":"2023-12-27T07:33:03.842Z"}},{"iob":-0.016,"basaliob":-0.016,"bolussnooze":0,"activity":1.0E-4,"lastBolusTime":0,"time":"2023-12-27T07:38:03.842Z","iobWithZeroTemp":{"iob":-0.194,"basaliob":-0.194,"bolussnooze":0,"activity":-0.001,"lastBolusTime":0,"time":"2023-12-27T07:38:03.842Z"}},{"iob":-0.016,"basaliob":-0.016,"bolussnooze":0,"activity":0,"lastBolusTime":0,"time":"2023-12-27T07:43:03.842Z","iobWithZeroTemp":{"iob":-0.213,"basaliob":-0.213,"bolussnooze":0,"activity":-0.0013,"lastBolusTime":0,"time":"2023-12-27T07:43:03.842Z"}},{"iob":-0.016,"basaliob":-0.016,"bolussnooze":0,"activity":0,"lastBolusTime":0,"time":"2023-12-27T07:48:03.842Z","iobWithZeroTemp":{"iob":-0.231,"basaliob":-0.231,"bolussnooze":0,"activity":-0.0016,"lastBolusTime":0,"time":"2023-12-27T07:48:03.842Z"}},{"iob":-0.016,"basaliob":-0.016,"bolussnooze":0,"activity":-1.0E-4,"lastBolusTime":0,"time":"2023-12-27T07:53:03.842Z","iobWithZeroTemp":{"iob":-0.248,"basaliob":-0.248,"bolussnooze":0,"activity":-0.0019,"lastBolusTime":0,"time":"2023-12-27T07:53:03.842Z"}},{"iob":-0.016,"basaliob":-0.016,"bolussnooze":0,"activity":-1.0E-4,"lastBolusTime":0,"time":"2023-12-27T07:58:03.842Z","iobWithZeroTemp":{"iob":-0.263,"basaliob":-0.263,"bolussnooze":0,"activity":-0.0021,"lastBolusTime":0,"time":"2023-12-27T07:58:03.842Z"}},{"iob":-0.015,"basaliob":-0.015,"bolussnooze":0,"activity":-1.0E-4,"lastBolusTime":0,"time":"2023-12-27T08:03:03.842Z","iobWithZeroTemp":{"iob":-0.277,"basaliob":-0.277,"bolussnooze":0,"activity":-0.0023,"lastBolusTime":0,"time":"2023-12-27T08:03:03.842Z"}},{"iob":-0.015,"basaliob":-0.015,"bolussnooze":0,"activity":-1.0E-4,"lastBolusTime":0,"time":"2023-12-27T08:08:03.842Z","iobWithZeroTemp":{"iob":-0.291,"basaliob":-0.291,"bolussnooze":0,"activity":-0.0025,"lastBolusTime":0,"time":"2023-12-27T08:08:03.842Z"}},{"iob":-0.014,"basaliob":-0.014,"bolussnooze":0,"activity":-1.0E-4,"lastBolusTime":0,"time":"2023-12-27T08:13:03.842Z","iobWithZeroTemp":{"iob":-0.302,"basaliob":-0.302,"bolussnooze":0,"activity":-0.0027,"lastBolusTime":0,"time":"2023-12-27T08:13:03.842Z"}},{"iob":-0.014,"basaliob":-0.014,"bolussnooze":0,"activity":-1.0E-4,"lastBolusTime":0,"time":"2023-12-27T08:18:03.842Z","iobWithZeroTemp":{"iob":-0.314,"basaliob":-0.314,"bolussnooze":0,"activity":-0.0028,"lastBolusTime":0,"time":"2023-12-27T08:18:03.842Z"}},{"iob":-0.013,"basaliob":-0.013,"bolussnooze":0,"activity":-1.0E-4,"lastBolusTime":0,"time":"2023-12-27T08:23:03.842Z","iobWithZeroTemp":{"iob":-0.324,"basaliob":-0.324,"bolussnooze":0,"activity":-0.003,"lastBolusTime":0,"time":"2023-12-27T08:23:03.842Z"}},{"iob":-0.012,"basaliob":-0.012,"bolussnooze":0,"activity":-1.0E-4,"lastBolusTime":0,"time":"2023-12-27T08:28:03.842Z","iobWithZeroTemp":{"iob":-0.333,"basaliob":-0.333,"bolussnooze":0,"activity":-0.0032,"lastBolusTime":0,"time":"2023-12-27T08:28:03.842Z"}},{"iob":-0.012,"basaliob":-0.012,"bolussnooze":0,"activity":-1.0E-4,"lastBolusTime":0,"time":"2023-12-27T08:33:03.842Z","iobWithZeroTemp":{"iob":-0.342,"basaliob":-0.342,"bolussnooze":0,"activity":-0.0033,"lastBolusTime":0,"time":"2023-12-27T08:33:03.842Z"}},{"iob":-0.011,"basaliob":-0.011,"bolussnooze":0,"activity":-1.0E-4,"lastBolusTime":0,"time":"2023-12-27T08:38:03.842Z","iobWithZeroTemp":{"iob":-0.35,"basaliob":-0.35,"bolussnooze":0,"activity":-0.0035,"lastBolusTime":0,"time":"2023-12-27T08:38:03.842Z"}},{"iob":-0.01,"basaliob":-0.01,"bolussnooze":0,"activity":-1.0E-4,"lastBolusTime":0,"time":"2023-12-27T08:43:03.842Z","iobWithZeroTemp":{"iob":-0.357,"basaliob":-0.357,"bolussnooze":0,"activity":-0.0036,"lastBolusTime":0,"time":"2023-12-27T08:43:03.842Z"}},{"iob":-0.01,"basaliob":-0.01,"bolussnooze":0,"activity":-1.0E-4,"lastBolusTime":0,"time":"2023-12-27T08:48:03.842Z","iobWithZeroTemp":{"iob":-0.364,"basaliob":-0.364,"bolussnooze":0,"activity":-0.0037,"lastBolusTime":0,"time":"2023-12-27T08:48:03.842Z"}},{"iob":-0.009,"basaliob":-0.009,"bolussnooze":0,"activity":-1.0E-4,"lastBolusTime":0,"time":"2023-12-27T08:53:03.842Z","iobWithZeroTemp":{"iob":-0.37,"basaliob":-0.37,"bolussnooze":0,"activity":-0.0038,"lastBolusTime":0,"time":"2023-12-27T08:53:03.842Z"}},{"iob":-0.008,"basaliob":-0.008,"bolussnooze":0,"activity":-1.0E-4,"lastBolusTime":0,"time":"2023-12-27T08:58:03.842Z","iobWithZeroTemp":{"iob":-0.375,"basaliob":-0.375,"bolussnooze":0,"activity":-0.004,"lastBolusTime":0,"time":"2023-12-27T08:58:03.842Z"}},{"iob":-0.008,"basaliob":-0.008,"bolussnooze":0,"activity":-1.0E-4,"lastBolusTime":0,"time":"2023-12-27T09:03:03.842Z","iobWithZeroTemp":{"iob":-0.376,"basaliob":-0.376,"bolussnooze":0,"activity":-0.004,"lastBolusTime":0,"time":"2023-12-27T09:03:03.842Z"}},{"iob":-0.007,"basaliob":-0.007,"bolussnooze":0,"activity":-1.0E-4,"lastBolusTime":0,"time":"2023-12-27T09:08:03.842Z","iobWithZeroTemp":{"iob":-0.376,"basaliob":-0.376,"bolussnooze":0,"activity":-0.0041,"lastBolusTime":0,"time":"2023-12-27T09:08:03.842Z"}},{"iob":-0.007,"basaliob":-0.007,"bolussnooze":0,"activity":-1.0E-4,"lastBolusTime":0,"time":"2023-12-27T09:13:03.842Z","iobWithZeroTemp":{"iob":-0.377,"basaliob":-0.377,"bolussnooze":0,"activity":-0.0042,"lastBolusTime":0,"time":"2023-12-27T09:13:03.842Z"}},{"iob":-0.006,"basaliob":-0.006,"bolussnooze":0,"activity":-1.0E-4,"lastBolusTime":0,"time":"2023-12-27T09:18:03.842Z","iobWithZeroTemp":{"iob":-0.376,"basaliob":-0.376,"bolussnooze":0,"activity":-0.0043,"lastBolusTime":0,"time":"2023-12-27T09:18:03.842Z"}},{"iob":-0.006,"basaliob":-0.006,"bolussnooze":0,"activity":-1.0E-4,"lastBolusTime":0,"time":"2023-12-27T09:23:03.842Z","iobWithZeroTemp":{"iob":-0.376,"basaliob":-0.376,"bolussnooze":0,"activity":-0.0043,"lastBolusTime":0,"time":"2023-12-27T09:23:03.842Z"}},{"iob":-0.005,"basaliob":-0.005,"bolussnooze":0,"activity":-1.0E-4,"lastBolusTime":0,"time":"2023-12-27T09:28:03.842Z","iobWithZeroTemp":{"iob":-0.375,"basaliob":-0.375,"bolussnooze":0,"activity":-0.0043,"lastBolusTime":0,"time":"2023-12-27T09:28:03.842Z"}},{"iob":-0.005,"basaliob":-0.005,"bolussnooze":0,"activity":-1.0E-4,"lastBolusTime":0,"time":"2023-12-27T09:33:03.842Z","iobWithZeroTemp":{"iob":-0.374,"basaliob":-0.374,"bolussnooze":0,"activity":-0.0044,"lastBolusTime":0,"time":"2023-12-27T09:33:03.842Z"}},{"iob":-0.004,"basaliob":-0.004,"bolussnooze":0,"activity":-1.0E-4,"lastBolusTime":0,"time":"2023-12-27T09:38:03.842Z","iobWithZeroTemp":{"iob":-0.373,"basaliob":-0.373,"bolussnooze":0,"activity":-0.0044,"lastBolusTime":0,"time":"2023-12-27T09:38:03.842Z"}},{"iob":-0.004,"basaliob":-0.004,"bolussnooze":0,"activity":-1.0E-4,"lastBolusTime":0,"time":"2023-12-27T09:43:03.842Z","iobWithZeroTemp":{"iob":-0.372,"basaliob":-0.372,"bolussnooze":0,"activity":-0.0044,"lastBolusTime":0,"time":"2023-12-27T09:43:03.842Z"}},{"iob":-0.004,"basaliob":-0.004,"bolussnooze":0,"activity":-1.0E-4,"lastBolusTime":0,"time":"2023-12-27T09:48:03.842Z","iobWithZeroTemp":{"iob":-0.371,"basaliob":-0.371,"bolussnooze":0,"activity":-0.0044,"lastBolusTime":0,"time":"2023-12-27T09:48:03.842Z"}},{"iob":-0.003,"basaliob":-0.003,"bolussnooze":0,"activity":-1.0E-4,"lastBolusTime":0,"time":"2023-12-27T09:53:03.842Z","iobWithZeroTemp":{"iob":-0.37,"basaliob":-0.37,"bolussnooze":0,"activity":-0.0044,"lastBolusTime":0,"time":"2023-12-27T09:53:03.842Z"}},{"iob":-0.003,"basaliob":-0.003,"bolussnooze":0,"activity":-1.0E-4,"lastBolusTime":0,"time":"2023-12-27T09:58:03.842Z","iobWithZeroTemp":{"iob":-0.369,"basaliob":-0.369,"bolussnooze":0,"activity":-0.0044,"lastBolusTime":0,"time":"2023-12-27T09:58:03.842Z"}},{"iob":-0.003,"basaliob":-0.003,"bolussnooze":0,"activity":-1.0E-4,"lastBolusTime":0,"time":"2023-12-27T10:03:03.842Z","iobWithZeroTemp":{"iob":-0.364,"basaliob":-0.364,"bolussnooze":0,"activity":-0.0044,"lastBolusTime":0,"time":"2023-12-27T10:03:03.842Z"}},{"iob":-0.003,"basaliob":-0.003,"bolussnooze":0,"activity":-1.0E-4,"lastBolusTime":0,"time":"2023-12-27T10:08:03.842Z","iobWithZeroTemp":{"iob":-0.359,"basaliob":-0.359,"bolussnooze":0,"activity":-0.0044,"lastBolusTime":0,"time":"2023-12-27T10:08:03.842Z"}},{"iob":-0.002,"basaliob":-0.002,"bolussnooze":0,"activity":0,"lastBolusTime":0,"time":"2023-12-27T10:13:03.842Z","iobWithZeroTemp":{"iob":-0.353,"basaliob":-0.353,"bolussnooze":0,"activity":-0.0043,"lastBolusTime":0,"time":"2023-12-27T10:13:03.842Z"}},{"iob":-0.002,"basaliob":-0.002,"bolussnooze":0,"activity":0,"lastBolusTime":0,"time":"2023-12-27T10:18:03.842Z","iobWithZeroTemp":{"iob":-0.349,"basaliob":-0.349,"bolussnooze":0,"activity":-0.0043,"lastBolusTime":0,"time":"2023-12-27T10:18:03.842Z"}},{"iob":-0.002,"basaliob":-0.002,"bolussnooze":0,"activity":0,"lastBolusTime":0,"time":"2023-12-27T10:23:03.842Z","iobWithZeroTemp":{"iob":-0.344,"basaliob":-0.344,"bolussnooze":0,"activity":-0.0042,"lastBolusTime":0,"time":"2023-12-27T10:23:03.842Z"}},{"iob":-0.002,"basaliob":-0.002,"bolussnooze":0,"activity":0,"lastBolusTime":0,"time":"2023-12-27T10:28:03.842Z","iobWithZeroTemp":{"iob":-0.34,"basaliob":-0.34,"bolussnooze":0,"activity":-0.0042,"lastBolusTime":0,"time":"2023-12-27T10:28:03.842Z"}},{"iob":-0.001,"basaliob":-0.001,"bolussnooze":0,"activity":0,"lastBolusTime":0,"time":"2023-12-27T10:33:03.842Z","iobWithZeroTemp":{"iob":-0.335,"basaliob":-0.335,"bolussnooze":0,"activity":-0.0042,"lastBolusTime":0,"time":"2023-12-27T10:33:03.842Z"}},{"iob":-0.001,"basaliob":-0.001,"bolussnooze":0,"activity":0,"lastBolusTime":0,"time":"2023-12-27T10:38:03.842Z","iobWithZeroTemp":{"iob":-0.331,"basaliob":-0.331,"bolussnooze":0,"activity":-0.0041,"lastBolusTime":0,"time":"2023-12-27T10:38:03.842Z"}},{"iob":-0.001,"basaliob":-0.001,"bolussnooze":0,"activity":0,"lastBolusTime":0,"time":"2023-12-27T10:43:03.842Z","iobWithZeroTemp":{"iob":-0.327,"basaliob":-0.327,"bolussnooze":0,"activity":-0.0041,"lastBolusTime":0,"time":"2023-12-27T10:43:03.842Z"}},{"iob":-0.001,"basaliob":-0.001,"bolussnooze":0,"activity":0,"lastBolusTime":0,"time":"2023-12-27T10:48:03.842Z","iobWithZeroTemp":{"iob":-0.323,"basaliob":-0.323,"bolussnooze":0,"activity":-0.004,"lastBolusTime":0,"time":"2023-12-27T10:48:03.842Z"}},{"iob":-0.001,"basaliob":-0.001,"bolussnooze":0,"activity":0,"lastBolusTime":0,"time":"2023-12-27T10:53:03.842Z","iobWithZeroTemp":{"iob":-0.32,"basaliob":-0.32,"bolussnooze":0,"activity":-0.004,"lastBolusTime":0,"time":"2023-12-27T10:53:03.842Z"}}],"profile":{"max_iob":10,"type":"current","max_daily_basal":0.35,"max_basal":1.05,"min_bg":95,"max_bg":95,"target_bg":95,"carb_ratio":8.2,"sens":110,"max_daily_safety_multiplier":3,"current_basal_safety_multiplier":4,"lgsThreshold":95,"high_temptarget_raises_sensitivity":true,"low_temptarget_lowers_sensitivity":true,"sensitivity_raises_target":true,"resistance_lowers_target":true,"adv_target_adjustments":false,"exercise_mode":false,"half_basal_exercise_target":160,"maxCOB":120,"skip_neutral_temps":false,"remainingCarbsCap":90,"enableUAM":true,"A52_risk_enable":false,"SMBInterval":3,"enableSMB_with_COB":true,"enableSMB_with_temptarget":true,"allowSMB_with_high_temptarget":false,"enableSMB_always":false,"enableSMB_after_carbs":true,"maxSMBBasalMinutes":30,"maxUAMSMBBasalMinutes":40,"bolus_increment":0.05,"carbsReqThreshold":4,"current_basal":0.3,"temptargetSet":false,"autosens_max":1.3,"autosens_min":0.7,"variable_sens":172.6,"insulinDivisor":75,"TDD":12.650497077380955},"autosens_data":{"ratio":1.3042104232796834},"meal_data":{"carbs":0,"mealCOB":0,"slopeFromMaxDeviation":-0.56275,"slopeFromMinDeviation":0.5145,"lastBolusTime":1703638991772,"lastCarbTime":0},"microBolusAllowed":true,"currentTime":1703660285284,"flatBGsDetected":false,"tdd1D":21.236583333333336,"tdd7D":16.175559523809522,"tddLast24H":21.09633333333333,"tddLast4H":1.2958333333333334,"tddLast8to4H":0.9750000000000001},"output":{"temp":"absolute","bg":96,"tick":-1,"eventualBG":87,"targetBG":87,"insulinReq":0,"deliverAt":"2023-12-27T06:58:05.284Z","sensitivityRatio":1.3042104232796834,"variable_sens":172.6,"predBGs":{"IOB":[96,95,94,93,92,91,91,90,90,90,90,90,90,90,90,90,90,90,90,90,91,91,91,91,91,91,91,91,91,91,91,92],"ZT":[96,95,94,94,94,94,94,94]},"reason":"COB: 0, Dev: -9, BGI: -1, ISF: 173, CR: 8.2, Target: 87, minPredBG 92, minGuardBG 90, IOBpredBG 92; minGuardBG 90<95","COB":0,"IOB":0.001,"duration":30,"rate":0,"timestamp":"2023-12-27T06:58:05.314Z"}}