{"algorithm":"OpenAPSSMBDynamicISFPlugin","input":{"glucoseStatus":{"glucose":162,"noise":0,"delta":8.5,"short_avgdelta":8.5,"long_avgdelta":11.06,"date":1703527058000},"currenttemp":{"temp":"absolute","duration":5,"rate":0.5,"minutesrunning":25},"iob_data":[{"iob":0.589,"basaliob":0.056,"bolussnooze":0.3906,"activity":0.0016,"lastBolusTime":1703526774813,"time":"2023-12-25T17:58:04.556Z","iobWithZeroTemp":{"iob":0.589,"basaliob":0.056,"bolussnooze":0.3906,"activity":0.0016,"lastBolusTime":1703526774813,"time":"2023-12-25T17:58:04.556Z"}},{"iob":0.579,"basaliob":0.059,"bolussnooze":0.3684,"activity":0.0027,"lastBolusTime":1703526774813,"time":"2023-12-25T18:03:04.556Z","iobWithZeroTemp":{"iob":0.57,"basaliob":0.05,"bolussnooze":0.3684,"activity":0.0027,"lastBolusTime":1703526774813,"time":"2023-12-25T18:03:04.556Z"}},{"iob":0.564,"basaliob":0.061,"bolussnooze":0.3389,"activity":0.0034,"lastBolusTime":1703526774813,"time":"2023-12-25T18:08:04.556Z","iobWithZeroTemp":{"iob":0.545,"basaliob":0.042,"bolussnooze":0.3389,"activity":0.0034,"lastBolusTime":1703526774813,"time":"2023-12-25T18:08:04.556Z"}},{"iob":0.545,"basaliob":0.061,"bolussnooze":0.3057,"activity":0.0041,"lastBolusTime":1703526774813,"time":"2023-12-25T18:13:04.556Z","iobWithZeroTemp":{"iob":0.515,"basaliob":0.031,"bolussnooze":0.3057,"activity":0.004,"lastBolusTime":1703526774813,"time":"2023-12-25T18:13:04.556Z"}},{"iob":0.523,"basaliob":0.061,"bolussnooze":0.2716,"activity":0.0045,"lastBolusTime":1703526774813,"time":"2023-12-25T18:18:04.556Z","iobWithZeroTemp":{"iob":0.483,"basaliob":0.021,"bolussnooze":0.2716,"activity":0.0043,"lastBolusTime":1703526774813,"time":"2023-12-25T18:18:04.556Z"}},{"iob":0.5,"basaliob":0.06,"bolussnooze":0.2383,"activity":0.0048,"lastBolusTime":1703526774813,"time":"2023-12-25T18:23:04.556Z","iobWithZeroTemp":{"iob":0.45,"basaliob":0.01,"bolussnooze":0.2383,"activity":0.0046,"lastBolusTime":1703526774813,"time":"2023-12-25T18:23:04.556Z"}},{"iob":0.476,"basaliob":0.059,"bolussnooze":0.2068,"activity":0.005,"lastBolusTime":1703526774813,"time":"2023-12-25T18:28:04.556Z","iobWithZeroTemp":{"iob":0.416,"basaliob":-0.001,"bolussnooze":0.2068,"activity":0.0047,"lastBolusTime":1703526774813,"time":"2023-12-25T18:28:04.556Z"}},{"iob":0.451,"basaliob":0.057,"bolussnooze":0.1778,"activity":0.0051,"lastBolusTime":1703526774813,"time":"2023-12-25T18:33:04.556Z","iobWithZeroTemp":{"iob":0.382,"basaliob":-0.012,"bolussnooze":0.1778,"activity":0.0047,"lastBolusTime":1703526774813,"time":"2023-12-25T18:33:04.556Z"}},{"iob":0.425,"basaliob":0.055,"bolussnooze":0.1516,"activity":0.005,"lastBolusTime":1703526774813,"time":"2023-12-25T18:38:04.556Z","iobWithZeroTemp":{"iob":0.348,"basaliob":-0.022,"bolussnooze":0.1516,"activity":0.0045,"lastBolusTime":1703526774813,"time":"2023-12-25T18:38:04.556Z"}},{"iob":0.4,"basaliob":0.053,"bolussnooze":0.1283,"activity":0.0051,"lastBolusTime":1703526774813,"time":"2023-12-25T18:43:04.556Z","iobWithZeroTemp":{"iob":0.315,"basaliob":-0.032,"bolussnooze":0.1283,"activity":0.0045,"lastBolusTime":1703526774813,"time":"2023-12-25T18:43:04.556Z"}},{"iob":0.375,"basaliob":0.05,"bolussnooze":0.1078,"activity":0.0049,"lastBolusTime":1703526774813,"time":"2023-12-25T18:48:04.556Z","iobWithZeroTemp":{"iob":0.282,"basaliob":-0.043,"bolussnooze":0.1078,"activity":0.0042,"lastBolusTime":1703526774813,"time":"2023-12-25T18:48:04.556Z"}},{"iob":0.351,"basaliob":0.048,"bolussnooze":0.09,"activity":0.0048,"lastBolusTime":1703526774813,"time":"2023-12-25T18:53:04.556Z","iobWithZeroTemp":{"iob":0.251,"basaliob":-0.052,"bolussnooze":0.09,"activity":0.004,"lastBolusTime":1703526774813,"time":"2023-12-25T18:53:04.556Z"}},{"iob":0.327,"basaliob":0.045,"bolussnooze":0.0746,"activity":0.0046,"lastBolusTime":1703526774813,"time":"2023-12-25T18:58:04.556Z","iobWithZeroTemp":{"iob":0.22,"basaliob":-0.062,"bolussnooze":0.0746,"activity":0.0037,"lastBolusTime":1703526774813,"time":"2023-12-25T18:58:04.556Z"}},{"iob":0.305,"basaliob":0.043,"bolussnooze":0.0615,"activity":0.0045,"lastBolusTime":1703526774813,"time":"2023-12-25T19:03:04.556Z","iobWithZeroTemp":{"iob":0.178,"basaliob":-0.084,"bolussnooze":0.0615,"activity":0.0035,"lastBolusTime":1703526774813,"time":"2023-12-25T19:03:04.556Z"}},{"iob":0.282,"basaliob":0.04,"bolussnooze":0.0503,"activity":0.0043,"lastBolusTime":1703526774813,"time":"2023-12-25T19:08:04.556Z","iobWithZeroTemp":{"iob":0.135,"basaliob":-0.107,"bolussnooze":0.0503,"activity":0.0032,"lastBolusTime":1703526774813,"time":"2023-12-25T19:08:04.556Z"}},{"iob":0.262,"basaliob":0.038,"bolussnooze":0.041,"activity":0.0041,"lastBolusTime":1703526774813,"time":"2023-12-25T19:13:04.556Z","iobWithZeroTemp":{"iob":0.097,"basaliob":-0.127,"bolussnooze":0.041,"activity":0.0029,"lastBolusTime":1703526774813,"time":"2023-12-25T19:13:04.556Z"}},{"iob":0.242,"basaliob":0.035,"bolussnooze":0.0331,"activity":0.0039,"lastBolusTime":1703526774813,"time":"2023-12-25T19:18:04.556Z","iobWithZeroTemp":{"iob":0.059,"basaliob":-0.148,"bolussnooze":0.0331,"activity":0.0025,"lastBolusTime":1703526774813,"time":"2023-12-25T19:18:04.556Z"}},{"iob":0.223,"basaliob":0.033,"bolussnooze":0.0266,"activity":0.0037,"lastBolusTime":1703526774813,"time":"2023-12-25T19:23:04.556Z","iobWithZeroTemp":{"iob":0.023,"basaliob":-0.167,"bolussnooze":0.0266,"activity":0.0021,"lastBolusTime":1703526774813,"time":"2023-12-25T19:23:04.556Z"}},{"iob":0.205,"basaliob":0.03,"bolussnooze":0.0212,"activity":0.0034,"lastBolusTime":1703526774813,"time":"2023-12-25T19:28:04.556Z","iobWithZeroTemp":{"iob":-0.012,"basaliob":-0.187,"bolussnooze":0.0212,"activity":0.0017,"lastBolusTime":1703526774813,"time":"2023-12-25T19:28:04.556Z"}},{"iob":0.188,"basaliob":0.028,"bolussnooze":0.0168,"activity":0.0032,"lastBolusTime":1703526774813,"time":"2023-12-25T19:33:04.556Z","iobWithZeroTemp":{"iob":-0.044,"basaliob":-0.204,"bolussnooze":0.0168,"activity":0.0013,"lastBolusTime":1703526774813,"time":"2023-12-25T19:33:04.556Z"}},{"iob":0.173,"basaliob":0.026,"bolussnooze":0.0131,"activity":0.003,"lastBolusTime":1703526774813,"time":"2023-12-25T19:38:04.556Z","iobWithZeroTemp":{"iob":-0.074,"basaliob":-0.221,"bolussnooze":0.0131,"activity":9.0E-4,"lastBolusTime":1703526774813,"time":"2023-12-25T19:38:04.556Z"}},{"iob":0.158,"basaliob":0.024,"bolussnooze":0.0102,"activity":0.0028,"lastBolusTime":1703526774813,"time":"2023-12-25T19:43:04.556Z","iobWithZeroTemp":{"iob":-0.103,"basaliob":-0.237,"bolussnooze":0.0102,"activity":5.0E-4,"lastBolusTime":1703526774813,"time":"2023-12-25T19:43:04.556Z"}},{"iob":0.145,"basaliob":0.022,"bolussnooze":0.0078,"activity":0.0026,"lastBolusTime":1703526774813,"time":"2023-12-25T19:48:04.556Z","iobWithZeroTemp":{"iob":-0.128,"basaliob":-0.251,"bolussnooze":0.0078,"activity":2.0E-4,"lastBolusTime":1703526774813,"time":"2023-12-25T19:48:04.556Z"}},{"iob":0.132,"basaliob":0.02,"bolussnooze":0.006,"activity":0.0024,"lastBolusTime":1703526774813,"time":"2023-12-25T19:53:04.556Z","iobWithZeroTemp":{"iob":-0.153,"basaliob":-0.265,"bolussnooze":0.006,"activity":-2.0E-4,"lastBolusTime":1703526774813,"time":"2023-12-25T19:53:04.556Z"}},{"iob":0.121,"basaliob":0.019,"bolussnooze":0.0045,"activity":0.0022,"lastBolusTime":1703526774813,"time":"2023-12-25T19:58:04.556Z","iobWithZeroTemp":{"iob":-0.176,"basaliob":-0.278,"bolussnooze":0.0045,"activity":-6.0E-4,"lastBolusTime":1703526774813,"time":"2023-12-25T19:58:04.556Z"}},{"iob":0.11,"basaliob":0.017,"bolussnooze":0.0033,"activity":0.0021,"lastBolusTime":1703526774813,"time":"2023-12-25T20:03:04.556Z","iobWithZeroTemp":{"iob":-0.201,"basaliob":-0.294,"bolussnooze":0.0033,"activity":-8.0E-4,"lastBolusTime":1703526774813,"time":"2023-12-25T20:03:04.556Z"}},{"iob":0.1,"basaliob":0.016,"bolussnooze":0.0024,"activity":0.0019,"lastBolusTime":1703526774813,"time":"2023-12-25T20:08:04.556Z","iobWithZeroTemp":{"iob":-0.224,"basaliob":-0.308,"bolussnooze":0.0024,"activity":-0.0012,"lastBolusTime":1703526774813,"time":"2023-12-25T20:08:04.556Z"}},{"iob":0.09,"basaliob":0.014,"bolussnooze":0.0017,"activity":0.0018,"lastBolusTime":1703526774813,"time":"2023-12-25T20:13:04.556Z","iobWithZeroTemp":{"iob":-0.247,"basaliob":-0.323,"bolussnooze":0.0017,"activity":-0.0014,"lastBolusTime":1703526774813,"time":"2023-12-25T20:13:04.556Z"}},{"iob":0.082,"basaliob":0.013,"bolussnooze":0.0011,"activity":0.0016,"lastBolusTime":1703526774813,"time":"2023-12-25T20:18:04.556Z","iobWithZeroTemp":{"iob":-0.266,"basaliob":-0.335,"bolussnooze":0.0011,"activity":-0.0018,"lastBolusTime":1703526774813,"time":"2023-12-25T20:18:04.556Z"}},{"iob":0.074,"basaliob":0.012,"bolussnooze":7.0E-4,"activity":0.0015,"lastBolusTime":1703526774813,"time":"2023-12-25T20:23:04.556Z","iobWithZeroTemp":{"iob":-0.285,"basaliob":-0.347,"bolussnooze":7.0E-4,"activity":-0.0021,"lastBolusTime":1703526774813,"time":"2023-12-25T20:23:04.556Z"}},{"iob":0.067,"basaliob":0.011,"bolussnooze":5.0E-4,"activity":0.0014,"lastBolusTime":1703526774813,"time":"2023-12-25T20:28:04.556Z","iobWithZeroTemp":{"iob":-0.303,"basaliob":-0.359,"bolussnooze":5.0E-4,"activity":-0.0023,"lastBolusTime":1703526774813,"time":"2023-12-25T20:28:04.556Z"}},{"iob":0.061,"basaliob":0.01,"bolussnooze":3.0E-4,"activity":0.0013,"lastBolusTime":1703526774813,"time":"2023-12-25T20:33:04.556Z","iobWithZeroTemp":{"iob":-0.318,"basaliob":-0.369,"bolussnooze":3.0E-4,"activity":-0.0025,"lastBolusTime":1703526774813,"time":"2023-12-25T20:33:04.556Z"}},{"iob":0.055,"basaliob":0.009,"bolussnooze":1.0E-4,"activity":0.0012,"lastBolusTime":1703526774813,"time":"2023-12-25T20:38:04.556Z","iobWithZeroTemp":{"iob":-0.333,"basaliob":-0.379,"bolussnooze":1.0E-4,"activity":-0.0028,"lastBolusTime":1703526774813,"time":"2023-12-25T20:38:04.556Z"}},{"iob":0.049,"basaliob":0.008,"bolussnooze":1.0E-4,"activity":0.0011,"lastBolusTime":1703526774813,"time":"2023-12-25T20:43:04.556Z","iobWithZeroTemp":{"iob":-0.347,"basaliob":-0.388,"bolussnooze":1.0E-4,"activity":-0.003,"lastBolusTime":1703526774813,"time":"2023-12-25T20:43:04.556Z"}},{"iob":0.044,"basaliob":0.007,"bolussnooze":0,"activity":0.001,"lastBolusTime":1703526774813,"time":"2023-12-25T20:48:04.556Z","iobWithZeroTemp":{"iob":-0.36,"basaliob":-0.397,"bolussnooze":0,"activity":-0.0032,"lastBolusTime":1703526774813,"time":"2023-12-25T20:48:04.556Z"}},{"iob":0.04,"basaliob":0.007,"bolussnooze":0,"activity":8.0E-4,"lastBolusTime":1703526774813,"time":"2023-12-25T20:53:04.556Z","iobWithZeroTemp":{"iob":-0.371,"basaliob":-0.404,"bolussnooze":0,"activity":-0.0035,"lastBolusTime":1703526774813,"time":"2023-12-25T20:53:04.556Z"}},{"iob":0.035,"basaliob":0.006,"bolussnooze":0,"activity":8.0E-4,"lastBolusTime":1703526774813,"time":"2023-12-25T20:58:04.556Z","iobWithZeroTemp":{"iob":-0.382,"basaliob":-0.411,"bolussnooze":0,"activity":-0.0037,"lastBolusTime":1703526774813,"time":"2023-12-25T20:58:04.556Z"}},{"iob":0.031,"basaliob":0.005,"bolussnooze":0,"activity":7.0E-4,"lastBolusTime":1703526774813,"time":"2023-12-25T21:03:04.556Z","iobWithZeroTemp":{"iob":-0.388,"basaliob":-0.414,"bolussnooze":0,"activity":-0.0039,"lastBolusTime":1703526774813,"time":"2023-12-25T21:03:04.556Z"}},{"iob":0.028,"basaliob":0.005,"bolussnooze":0,"activity":6.0E-4,"lastBolusTime":1703526774813,"time":"2023-12-25T21:08:04.556Z","iobWithZeroTemp":{"iob":-0.392,"basaliob":-0.415,"bolussnooze":0,"activity":-0.004,"lastBolusTime":1703526774813,"time":"2023-12-25T21:08:04.556Z"}},{"iob":0.025,"basaliob":0.004,"bolussnooze":0,"activity":6.0E-4,"lastBolusTime":1703526774813,"time":"2023-12-25T21:13:04.556Z","iobWithZeroTemp":{"iob":-0.397,"basaliob":-0.418,"bolussnooze":0,"activity":-0.0041,"lastBolusTime":1703526774813,"time":"2023-12-25T21:13:04.556Z"}},{"iob":0.022,"basaliob":0.004,"bolussnooze":0,"activity":5.0E-4,"lastBolusTime":1703526774813,"time":"2023-12-25T21:18:04.556Z","iobWithZeroTemp":{"iob":-0.4,"basaliob":-0.418,"bolussnooze":0,"activity":-0.0043,"lastBolusTime":1703526774813,"time":"2023-12-25T21:18:04.556Z"}},{"iob":0.019,"basaliob":0.003,"bolussnooze":0,"activity":5.0E-4,"lastBolusTime":1703526774813,"time":"2023-12-25T21:23:04.556Z","iobWithZeroTemp":{"iob":-0.404,"basaliob":-0.42,"bolussnooze":0,"activity":-0.0043,"lastBolusTime":1703526774813,"time":"2023-12-25T21:23:04.556Z"}},{"iob":0.017,"basaliob":0.003,"bolussnooze":0,"activity":5.0E-4,"lastBolusTime":1703526774813,"time":"2023-12-25T21:28:04.556Z","iobWithZeroTemp":{"iob":-0.406,"basaliob":-0.42,"bolussnooze":0,"activity":-0.0043,"lastBolusTime":1703526774813,"time":"2023-12-25T21:28:04.556Z"}},{"iob":0.016,"basaliob":0.003,"bolussnooze":0,"activity":4.0E-4,"lastBolusTime":1703526774813,"time":"2023-12-25T21:33:04.556Z","iobWithZeroTemp":{"iob":-0.407,"basaliob":-0.42,"bolussnooze":0,"activity":-0.0045,"lastBolusTime":1703526774813,"time":"2023-12-25T21:33:04.556Z"}},{"iob":0.013,"basaliob":0.002,"bolussnooze":0,"activity":4.0E-4,"lastBolusTime":1703526774813,"time":"2023-12-25T21:38:04.556Z","iobWithZeroTemp":{"iob":-0.41,"basaliob":-0.421,"bolussnooze":0,"activity":-0.0045,"lastBolusTime":1703526774813,"time":"2023-12-25T21:38:04.556Z"}},{"iob":0.012,"basaliob":0.002,"bolussnooze":0,"activity":4.0E-4,"lastBolusTime":1703526774813,"time":"2023-12-25T21:43:04.556Z","iobWithZeroTemp":{"iob":-0.411,"basaliob":-0.421,"bolussnooze":0,"activity":-0.0045,"lastBolusTime":1703526774813,"time":"2023-12-25T21:43:04.556Z"}},{"iob":0.01,"basaliob":0.002,"bolussnooze":0,"activity":2.0E-4,"lastBolusTime":1703526774813,"time":"2023-12-25T21:48:04.556Z","iobWithZeroTemp":{"iob":-0.413,"basaliob":-0.421,"bolussnooze":0,"activity":-0.0047,"lastBolusTime":1703526774813,"time":"2023-12-25T21:48:04.556Z"}},{"iob":0.009,"basaliob":0.002,"bolussnooze":0,"activity":2.0E-4,"lastBolusTime":1703526774813,"time":"2023-12-25T21:53:04.556Z","iobWithZeroTemp":{"iob":-0.413,"basaliob":-0.42,"bolussnooze":0,"activity":-0.0048,"lastBolusTime":1703526774813,"time":"2023-12-25T21:53:04.556Z"}}],"profile":{"max_iob":10,"type":"current","max_daily_basal":0.41,"max_basal":0.5,"min_bg":75,"max_bg":75,"target_bg":75,"carb_ratio":7.639,"sens":140.517,"max_daily_safety_multiplier":3,"current_basal_safety_multiplier":4,"lgsThreshold":95,"high_temptarget_raises_sensitivity":true,"low_temptarget_lowers_sensitivity":true,"sensitivity_raises_target":true,"resistance_lowers_target":true,"adv_target_adjustments":false,"exercise_mode":false,"half_basal_exercise_target":160,"maxCOB":120,"skip_neutral_temps":false,"remainingCarbsCap":90,"enableUAM":true,"A52_risk_enable":false,"SMBInterval":3,"enableSMB_with_COB":true,"enableSMB_with_temptarget":true,"allowSMB_with_high_temptarget":false,"enableSMB_always":false,"enableSMB_after_carbs":true,"maxSMBBasalMinutes":30,"maxUAMSMBBasalMinutes":40,"bolus_increment":0.05,"carbsReqThreshold":4,"current_basal":0.15,"temptargetSet":true,"autosens_max":1.3,"autosens_min":0.7,"variable_sens":116,"insulinDivisor":75,"TDD":13.49116701190476},"autosens_data":{"ratio":1.0311267904425923},"meal_data":{"carbs":0,"mealCOB":0,"slopeFromMaxDeviation":-1.1044999999999998,"slopeFromMinDeviation":1.7040000000000002,"lastBolusTime":1703526774813,"lastCarbTime":0},"microBolusAllowed":true,"currentTime":1703527086299,"flatBGsDetected":false,"tdd1D":15.581666666666663,"tdd7D":15.151547619047617,"tddLast24H":15.62316666666667,"tddLast4H":1.7016666666666667,"tddLast8to4H":5.420833333333333},"output":{"temp":"absolute","bg":162,"tick":"+9","eventualBG":151,"targetBG":75,"insulinReq":0.55,"deliverAt":"2023-12-25T17:58:06.299Z","sensitivityRatio":1.3,"variable_sens":116,"predBGs":{"IOB":[162,170,176,181,185,188,190,192,192,192,191,189,186,184,182,179,177,175,173,171,169,167,166,164,163,162,160,159,158,157,156,156,155,154,153,153,152,152,151,151,151,150,150,150,150,149],"ZT":[162,161,160,158,155,153,150,147,144,141,138,136,133,131,128,126,124,123,121,120,119,118,118,118,118,119,119],"UAM":[162,169,175,179,182,183,184,183,181,178,175,172,170,167,164,162,160,157,155,153,151,149,148,146,145,143,142,141,140,139,138,137,136,135,134,134,133,133,132,132,132,131,131,131,130]},"reason":"COB: 0, Dev: 57, BGI: -1, ISF: 116, CR: 7.64, Target: 75, minPredBG 139, minGuardBG 129, IOBpredBG 149, UAMpredBG 130; Eventual BG 151 >= 75,  insulinReq 0.55; maxBolus 0.1. Microbolusing 0.1U. adj. req. rate: 1.3 to maxSafeBasal: 0.5, temp 0.50 < 0.5U\/hr. ","COB":0,"IOB":0.589,"units":0.1,"duration":30,"rate":0.5,"timestamp":"2023-12-25T17:58:06.330Z"}}