{"algorithm":"OpenAPSSMBDynamicISFPlugin","input":{"glucoseStatus":{"glucose":105,"noise":0,"delta":-2.5,"short_avgdelta":-2.5,"long_avgdelta":-1.29,"date":1703547458000},"currenttemp":{"temp":"absolute","duration":50,"rate":0,"minutesrunning":10},"iob_data":[{"iob":0.162,"basaliob":-0.083,"bolussnooze":0,"activity":0.0014,"lastBolusTime":1703545689361,"time":"2023-12-25T23:38:01.179Z","iobWithZeroTemp":{"iob":0.162,"basaliob":-0.083,"bolussnooze":0,"activity":0.0014,"lastBolusTime":1703545689361,"time":"2023-12-25T23:38:01.179Z"}},{"iob":0.154,"basaliob":-0.076,"bolussnooze":0,"activity":0.0015,"lastBolusTime":1703545689361,"time":"2023-12-25T23:43:01.179Z","iobWithZeroTemp":{"iob":0.136,"basaliob":-0.094,"bolussnooze":0,"activity":0.0015,"lastBolusTime":1703545689361,"time":"2023-12-25T23:43:01.179Z"}},{"iob":0.147,"basaliob":-0.069,"bolussnooze":0,"activity":0.0015,"lastBolusTime":1703545689361,"time":"2023-12-25T23:48:01.179Z","iobWithZeroTemp":{"iob":0.107,"basaliob":-0.109,"bolussnooze":0,"activity":0.0014,"lastBolusTime":1703545689361,"time":"2023-12-25T23:48:01.179Z"}},{"iob":0.139,"basaliob":-0.063,"bolussnooze":0,"activity":0.0016,"lastBolusTime":1703545689361,"time":"2023-12-25T23:53:01.179Z","iobWithZeroTemp":{"iob":0.077,"basaliob":-0.125,"bolussnooze":0,"activity":0.0014,"lastBolusTime":1703545689361,"time":"2023-12-25T23:53:01.179Z"}},{"iob":0.131,"basaliob":-0.057,"bolussnooze":0,"activity":0.0016,"lastBolusTime":1703545689361,"time":"2023-12-25T23:58:01.179Z","iobWithZeroTemp":{"iob":0.048,"basaliob":-0.14,"bolussnooze":0,"activity":0.0013,"lastBolusTime":1703545689361,"time":"2023-12-25T23:58:01.179Z"}},{"iob":0.123,"basaliob":-0.052,"bolussnooze":0,"activity":0.0016,"lastBolusTime":1703545689361,"time":"2023-12-26T00:03:01.179Z","iobWithZeroTemp":{"iob":0.022,"basaliob":-0.153,"bolussnooze":0,"activity":0.0011,"lastBolusTime":1703545689361,"time":"2023-12-26T00:03:01.179Z"}},{"iob":0.116,"basaliob":-0.047,"bolussnooze":0,"activity":0.0016,"lastBolusTime":1703545689361,"time":"2023-12-26T00:08:01.179Z","iobWithZeroTemp":{"iob":-0.003,"basaliob":-0.166,"bolussnooze":0,"activity":0.001,"lastBolusTime":1703545689361,"time":"2023-12-26T00:08:01.179Z"}},{"iob":0.109,"basaliob":-0.042,"bolussnooze":0,"activity":0.0014,"lastBolusTime":1703545689361,"time":"2023-12-26T00:13:01.179Z","iobWithZeroTemp":{"iob":-0.026,"basaliob":-0.177,"bolussnooze":0,"activity":6.0E-4,"lastBolusTime":1703545689361,"time":"2023-12-26T00:13:01.179Z"}},{"iob":0.101,"basaliob":-0.038,"bolussnooze":0,"activity":0.0014,"lastBolusTime":1703545689361,"time":"2023-12-26T00:18:01.179Z","iobWithZeroTemp":{"iob":-0.05,"basaliob":-0.189,"bolussnooze":0,"activity":4.0E-4,"lastBolusTime":1703545689361,"time":"2023-12-26T00:18:01.179Z"}},{"iob":0.095,"basaliob":-0.034,"bolussnooze":0,"activity":0.0014,"lastBolusTime":1703545689361,"time":"2023-12-26T00:23:01.179Z","iobWithZeroTemp":{"iob":-0.071,"basaliob":-0.2,"bolussnooze":0,"activity":3.0E-4,"lastBolusTime":1703545689361,"time":"2023-12-26T00:23:01.179Z"}},{"iob":0.088,"basaliob":-0.031,"bolussnooze":0,"activity":0.0013,"lastBolusTime":1703545689361,"time":"2023-12-26T00:28:01.179Z","iobWithZeroTemp":{"iob":-0.092,"basaliob":-0.211,"bolussnooze":0,"activity":0,"lastBolusTime":1703545689361,"time":"2023-12-26T00:28:01.179Z"}},{"iob":0.082,"basaliob":-0.027,"bolussnooze":0,"activity":0.0012,"lastBolusTime":1703545689361,"time":"2023-12-26T00:33:01.179Z","iobWithZeroTemp":{"iob":-0.112,"basaliob":-0.221,"bolussnooze":0,"activity":-3.0E-4,"lastBolusTime":1703545689361,"time":"2023-12-26T00:33:01.179Z"}},{"iob":0.075,"basaliob":-0.025,"bolussnooze":0,"activity":0.0011,"lastBolusTime":1703545689361,"time":"2023-12-26T00:38:01.179Z","iobWithZeroTemp":{"iob":-0.131,"basaliob":-0.231,"bolussnooze":0,"activity":-6.0E-4,"lastBolusTime":1703545689361,"time":"2023-12-26T00:38:01.179Z"}},{"iob":0.07,"basaliob":-0.022,"bolussnooze":0,"activity":0.0011,"lastBolusTime":1703545689361,"time":"2023-12-26T00:43:01.179Z","iobWithZeroTemp":{"iob":-0.148,"basaliob":-0.24,"bolussnooze":0,"activity":-7.0E-4,"lastBolusTime":1703545689361,"time":"2023-12-26T00:43:01.179Z"}},{"iob":0.064,"basaliob":-0.02,"bolussnooze":0,"activity":0.001,"lastBolusTime":1703545689361,"time":"2023-12-26T00:48:01.179Z","iobWithZeroTemp":{"iob":-0.164,"basaliob":-0.248,"bolussnooze":0,"activity":-0.001,"lastBolusTime":1703545689361,"time":"2023-12-26T00:48:01.179Z"}},{"iob":0.06,"basaliob":-0.017,"bolussnooze":0,"activity":0.001,"lastBolusTime":1703545689361,"time":"2023-12-26T00:53:01.179Z","iobWithZeroTemp":{"iob":-0.178,"basaliob":-0.255,"bolussnooze":0,"activity":-0.0011,"lastBolusTime":1703545689361,"time":"2023-12-26T00:53:01.179Z"}},{"iob":0.055,"basaliob":-0.015,"bolussnooze":0,"activity":9.0E-4,"lastBolusTime":1703545689361,"time":"2023-12-26T00:58:01.179Z","iobWithZeroTemp":{"iob":-0.192,"basaliob":-0.262,"bolussnooze":0,"activity":-0.0014,"lastBolusTime":1703545689361,"time":"2023-12-26T00:58:01.179Z"}},{"iob":0.05,"basaliob":-0.014,"bolussnooze":0,"activity":9.0E-4,"lastBolusTime":1703545689361,"time":"2023-12-26T01:03:01.179Z","iobWithZeroTemp":{"iob":-0.202,"basaliob":-0.266,"bolussnooze":0,"activity":-0.0015,"lastBolusTime":1703545689361,"time":"2023-12-26T01:03:01.179Z"}},{"iob":0.046,"basaliob":-0.012,"bolussnooze":0,"activity":8.0E-4,"lastBolusTime":1703545689361,"time":"2023-12-26T01:08:01.179Z","iobWithZeroTemp":{"iob":-0.211,"basaliob":-0.269,"bolussnooze":0,"activity":-0.0017,"lastBolusTime":1703545689361,"time":"2023-12-26T01:08:01.179Z"}},{"iob":0.042,"basaliob":-0.011,"bolussnooze":0,"activity":7.0E-4,"lastBolusTime":1703545689361,"time":"2023-12-26T01:13:01.179Z","iobWithZeroTemp":{"iob":-0.218,"basaliob":-0.271,"bolussnooze":0,"activity":-0.0019,"lastBolusTime":1703545689361,"time":"2023-12-26T01:13:01.179Z"}},{"iob":0.039,"basaliob":-0.009,"bolussnooze":0,"activity":7.0E-4,"lastBolusTime":1703545689361,"time":"2023-12-26T01:18:01.179Z","iobWithZeroTemp":{"iob":-0.225,"basaliob":-0.273,"bolussnooze":0,"activity":-0.002,"lastBolusTime":1703545689361,"time":"2023-12-26T01:18:01.179Z"}},{"iob":0.035,"basaliob":-0.008,"bolussnooze":0,"activity":7.0E-4,"lastBolusTime":1703545689361,"time":"2023-12-26T01:23:01.179Z","iobWithZeroTemp":{"iob":-0.231,"basaliob":-0.274,"bolussnooze":0,"activity":-0.0021,"lastBolusTime":1703545689361,"time":"2023-12-26T01:23:01.179Z"}},{"iob":0.032,"basaliob":-0.007,"bolussnooze":0,"activity":6.0E-4,"lastBolusTime":1703545689361,"time":"2023-12-26T01:28:01.179Z","iobWithZeroTemp":{"iob":-0.237,"basaliob":-0.276,"bolussnooze":0,"activity":-0.0023,"lastBolusTime":1703545689361,"time":"2023-12-26T01:28:01.179Z"}},{"iob":0.029,"basaliob":-0.006,"bolussnooze":0,"activity":5.0E-4,"lastBolusTime":1703545689361,"time":"2023-12-26T01:33:01.179Z","iobWithZeroTemp":{"iob":-0.242,"basaliob":-0.277,"bolussnooze":0,"activity":-0.0024,"lastBolusTime":1703545689361,"time":"2023-12-26T01:33:01.179Z"}},{"iob":0.027,"basaliob":-0.005,"bolussnooze":0,"activity":5.0E-4,"lastBolusTime":1703545689361,"time":"2023-12-26T01:38:01.179Z","iobWithZeroTemp":{"iob":-0.246,"basaliob":-0.278,"bolussnooze":0,"activity":-0.0025,"lastBolusTime":1703545689361,"time":"2023-12-26T01:38:01.179Z"}},{"iob":0.024,"basaliob":-0.005,"bolussnooze":0,"activity":5.0E-4,"lastBolusTime":1703545689361,"time":"2023-12-26T01:43:01.179Z","iobWithZeroTemp":{"iob":-0.25,"basaliob":-0.279,"bolussnooze":0,"activity":-0.0025,"lastBolusTime":1703545689361,"time":"2023-12-26T01:43:01.179Z"}},{"iob":0.022,"basaliob":-0.004,"bolussnooze":0,"activity":5.0E-4,"lastBolusTime":1703545689361,"time":"2023-12-26T01:48:01.179Z","iobWithZeroTemp":{"iob":-0.254,"basaliob":-0.28,"bolussnooze":0,"activity":-0.0026,"lastBolusTime":1703545689361,"time":"2023-12-26T01:48:01.179Z"}},{"iob":0.019,"basaliob":-0.004,"bolussnooze":0,"activity":4.0E-4,"lastBolusTime":1703545689361,"time":"2023-12-26T01:53:01.179Z","iobWithZeroTemp":{"iob":-0.258,"basaliob":-0.281,"bolussnooze":0,"activity":-0.0027,"lastBolusTime":1703545689361,"time":"2023-12-26T01:53:01.179Z"}},{"iob":0.018,"basaliob":-0.003,"bolussnooze":0,"activity":4.0E-4,"lastBolusTime":1703545689361,"time":"2023-12-26T01:58:01.179Z","iobWithZeroTemp":{"iob":-0.26,"basaliob":-0.281,"bolussnooze":0,"activity":-0.0028,"lastBolusTime":1703545689361,"time":"2023-12-26T01:58:01.179Z"}},{"iob":0.015,"basaliob":-0.003,"bolussnooze":0,"activity":3.0E-4,"lastBolusTime":1703545689361,"time":"2023-12-26T02:03:01.179Z","iobWithZeroTemp":{"iob":-0.262,"basaliob":-0.28,"bolussnooze":0,"activity":-0.0029,"lastBolusTime":1703545689361,"time":"2023-12-26T02:03:01.179Z"}},{"iob":0.014,"basaliob":-0.002,"bolussnooze":0,"activity":3.0E-4,"lastBolusTime":1703545689361,"time":"2023-12-26T02:08:01.179Z","iobWithZeroTemp":{"iob":-0.262,"basaliob":-0.278,"bolussnooze":0,"activity":-0.0029,"lastBolusTime":1703545689361,"time":"2023-12-26T02:08:01.179Z"}},{"iob":0.013,"basaliob":-0.002,"bolussnooze":0,"activity":2.0E-4,"lastBolusTime":1703545689361,"time":"2023-12-26T02:13:01.179Z","iobWithZeroTemp":{"iob":-0.263,"basaliob":-0.278,"bolussnooze":0,"activity":-0.003,"lastBolusTime":1703545689361,"time":"2023-12-26T02:13:01.179Z"}},{"iob":0.012,"basaliob":-0.001,"bolussnooze":0,"activity":3.0E-4,"lastBolusTime":1703545689361,"time":"2023-12-26T02:18:01.179Z","iobWithZeroTemp":{"iob":-0.263,"basaliob":-0.276,"bolussnooze":0,"activity":-0.0029,"lastBolusTime":1703545689361,"time":"2023-12-26T02:18:01.179Z"}},{"iob":0.011,"basaliob":-0.001,"bolussnooze":0,"activity":3.0E-4,"lastBolusTime":1703545689361,"time":"2023-12-26T02:23:01.179Z","iobWithZeroTemp":{"iob":-0.263,"basaliob":-0.275,"bolussnooze":0,"activity":-0.0029,"lastBolusTime":1703545689361,"time":"2023-12-26T02:23:01.179Z"}},{"iob":0.009,"basaliob":-0.001,"bolussnooze":0,"activity":3.0E-4,"lastBolusTime":1703545689361,"time":"2023-12-26T02:28:01.179Z","iobWithZeroTemp":{"iob":-0.264,"basaliob":-0.274,"bolussnooze":0,"activity":-0.0029,"lastBolusTime":1703545689361,"time":"2023-12-26T02:28:01.179Z"}},{"iob":0.008,"basaliob":-0.001,"bolussnooze":0,"activity":2.0E-4,"lastBolusTime":1703545689361,"time":"2023-12-26T02:33:01.179Z","iobWithZeroTemp":{"iob":-0.264,"basaliob":-0.273,"bolussnooze":0,"activity":-0.003,"lastBolusTime":1703545689361,"time":"2023-12-26T02:33:01.179Z"}},{"iob":0.008,"basaliob":0,"bolussnooze":0,"activity":2.0E-4,"lastBolusTime":1703545689361,"time":"2023-12-26T02:38:01.179Z","iobWithZeroTemp":{"iob":-0.263,"basaliob":-0.271,"bolussnooze":0,"activity":-0.003,"lastBolusTime":1703545689361,"time":"2023-12-26T02:38:01.179Z"}},{"iob":0.007,"basaliob":0,"bolussnooze":0,"activity":2.0E-4,"lastBolusTime":1703545689361,"time":"2023-12-26T02:43:01.179Z","iobWithZeroTemp":{"iob":-0.263,"basaliob":-0.27,"bolussnooze":0,"activity":-0.003,"lastBolusTime":1703545689361,"time":"2023-12-26T02:43:01.179Z"}},{"iob":0.006,"basaliob":0,"bolussnooze":0,"activity":2.0E-4,"lastBolusTime":1703545689361,"time":"2023-12-26T02:48:01.179Z","iobWithZeroTemp":{"iob":-0.263,"basaliob":-0.269,"bolussnooze":0,"activity":-0.003,"lastBolusTime":1703545689361,"time":"2023-12-26T02:48:01.179Z"}},{"iob":0.005,"basaliob":0,"bolussnooze":0,"activity":1.0E-4,"lastBolusTime":1703545689361,"time":"2023-12-26T02:53:01.179Z","iobWithZeroTemp":{"iob":-0.264,"basaliob":-0.269,"bolussnooze":0,"activity":-0.0031,"lastBolusTime":1703545689361,"time":"2023-12-26T02:53:01.179Z"}},{"iob":0.005,"basaliob":0,"bolussnooze":0,"activity":1.0E-4,"lastBolusTime":1703545689361,"time":"2023-12-26T02:58:01.179Z","iobWithZeroTemp":{"iob":-0.263,"basaliob":-0.268,"bolussnooze":0,"activity":-0.0031,"lastBolusTime":1703545689361,"time":"2023-12-26T02:58:01.179Z"}},{"iob":0.004,"basaliob":0,"bolussnooze":0,"activity":1.0E-4,"lastBolusTime":1703545689361,"time":"2023-12-26T03:03:01.179Z","iobWithZeroTemp":{"iob":-0.271,"basaliob":-0.275,"bolussnooze":0,"activity":-0.0031,"lastBolusTime":1703545689361,"time":"2023-12-26T03:03:01.179Z"}},{"iob":0.004,"basaliob":0,"bolussnooze":0,"activity":1.0E-4,"lastBolusTime":1703545689361,"time":"2023-12-26T03:08:01.179Z","iobWithZeroTemp":{"iob":-0.277,"basaliob":-0.281,"bolussnooze":0,"activity":-0.0031,"lastBolusTime":1703545689361,"time":"2023-12-26T03:08:01.179Z"}},{"iob":0.003,"basaliob":0,"bolussnooze":0,"activity":1.0E-4,"lastBolusTime":1703545689361,"time":"2023-12-26T03:13:01.179Z","iobWithZeroTemp":{"iob":-0.285,"basaliob":-0.288,"bolussnooze":0,"activity":-0.0032,"lastBolusTime":1703545689361,"time":"2023-12-26T03:13:01.179Z"}},{"iob":0.003,"basaliob":0,"bolussnooze":0,"activity":1.0E-4,"lastBolusTime":1703545689361,"time":"2023-12-26T03:18:01.179Z","iobWithZeroTemp":{"iob":-0.292,"basaliob":-0.295,"bolussnooze":0,"activity":-0.0032,"lastBolusTime":1703545689361,"time":"2023-12-26T03:18:01.179Z"}},{"iob":0.002,"basaliob":0,"bolussnooze":0,"activity":1.0E-4,"lastBolusTime":1703545689361,"time":"2023-12-26T03:23:01.179Z","iobWithZeroTemp":{"iob":-0.299,"basaliob":-0.301,"bolussnooze":0,"activity":-0.0032,"lastBolusTime":1703545689361,"time":"2023-12-26T03:23:01.179Z"}},{"iob":0.002,"basaliob":0,"bolussnooze":0,"activity":1.0E-4,"lastBolusTime":1703545689361,"time":"2023-12-26T03:28:01.179Z","iobWithZeroTemp":{"iob":-0.305,"basaliob":-0.307,"bolussnooze":0,"activity":-0.0033,"lastBolusTime":1703545689361,"time":"2023-12-26T03:28:01.179Z"}},{"iob":0.002,"basaliob":0,"bolussnooze":0,"activity":1.0E-4,"lastBolusTime":1703545689361,"time":"2023-12-26T03:33:01.179Z","iobWithZeroTemp":{"iob":-0.311,"basaliob":-0.313,"bolussnooze":0,"activity":-0.0034,"lastBolusTime":1703545689361,"time":"2023-12-26T03:33:01.179Z"}}],"profile":{"max_iob":10,"type":"current","max_daily_basal":0.41,"max_basal":1.05,"min_bg":95,"max_bg":95,"target_bg":95,"carb_ratio":7.639,"sens":140.517,"max_daily_safety_multiplier":3,"current_basal_safety_multiplier":4,"lgsThreshold":95,"high_temptarget_raises_sensitivity":true,"low_temptarget_lowers_sensitivity":true,"sensitivity_raises_target":true,"resistance_lowers_target":true,"adv_target_adjustments":false,"exercise_mode":false,"half_basal_exercise_target":160,"maxCOB":120,"skip_neutral_temps":false,"remainingCarbsCap":90,"enableUAM":true,"A52_risk_enable":false,"SMBInterval":3,"enableSMB_with_COB":true,"enableSMB_with_temptarget":true,"allowSMB_with_high_temptarget":false,"enableSMB_always":false,"enableSMB_after_carbs":true,"maxSMBBasalMinutes":30,"maxUAMSMBBasalMinutes":40,"bolus_increment":0.05,"carbsReqThreshold":4,"current_basal":0.25,"temptargetSet":false,"autosens_max":1.3,"autosens_min":0.7,"variable_sens":169.2,"insulinDivisor":75,"TDD":12.148758773809526},"autosens_data":{"ratio":1.038191340495361},"meal_data":{"carbs":0,"mealCOB":0,"slopeFromMaxDeviation":-1.2066000000000001,"slopeFromMinDeviation":0,"lastBolusTime":1703545689361,"lastCarbTime":0},"microBolusAllowed":true,"currentTime":1703547482819,"flatBGsDetected":false,"tdd1D":15.68566666666667,"tdd7D":15.075095238095239,"tddLast24H":15.650833333333331,"tddLast4H":1.3333333333333335,"tddLast8to4H":3.6075000000000004},"output":{"temp":"absolute","bg":105,"tick":-2,"eventualBG":77,"targetBG":94,"insulinReq":0,"deliverAt":"2023-12-25T23:38:02.819Z","sensitivityRatio":1.038191340495361,"variable_sens":169.2,"predBGs":{"IOB":[105,103,100,98,96,93,91,89,88,86,84,83,82,81,80,79,77,77,76,75,74,73,72,72,71,71,70,70,69,69,68,68,68,67,67,67,67,66,66,66,66,66,65],"ZT":[105,104,103,101,100,99,98,97,97,96,96,96,96,97,97]},"reason":"COB: 0, Dev: -1, BGI: -1, ISF: 169, CR: 7.64, Target: 94, minPredBG 81, minGuardBG 65, IOBpredBG 65; minGuardBG 65<95 50m left and 0 ~ req 0U\/hr: no temp required","COB":0,"IOB":0.162,"timestamp":"2023-12-25T23:38:02.850Z"}}