{"algorithm":"OpenAPSSMBDynamicISFPlugin","input":{"glucoseStatus":{"glucose":60,"noise":0,"delta":3.67,"short_avgdelta":3.67,"long_avgdelta":0.02,"date":1703501858000},"currenttemp":{"temp":"absolute","duration":25,"rate":0.15,"minutesrunning":5},"iob_data":[{"iob":-0.17,"basaliob":-0.367,"bolussnooze":9.0E-4,"activity":-3.0E-4,"lastBolusTime":1703494087446,"time":"2023-12-25T10:58:04.397Z","iobWithZeroTemp":{"iob":-0.17,"basaliob":-0.367,"bolussnooze":9.0E-4,"activity":-3.0E-4,"lastBolusTime":1703494087446,"time":"2023-12-25T10:58:04.397Z"}},{"iob":-0.168,"basaliob":-0.345,"bolussnooze":4.0E-4,"activity":-6.0E-4,"lastBolusTime":1703494087446,"time":"2023-12-25T11:03:04.397Z","iobWithZeroTemp":{"iob":-0.19,"basaliob":-0.367,"bolussnooze":4.0E-4,"activity":-6.0E-4,"lastBolusTime":1703494087446,"time":"2023-12-25T11:03:04.397Z"}},{"iob":-0.164,"basaliob":-0.323,"bolussnooze":1.0E-4,"activity":-9.0E-4,"lastBolusTime":1703494087446,"time":"2023-12-25T11:08:04.397Z","iobWithZeroTemp":{"iob":-0.212,"basaliob":-0.371,"bolussnooze":1.0E-4,"activity":-0.001,"lastBolusTime":1703494087446,"time":"2023-12-25T11:08:04.397Z"}},{"iob":-0.159,"basaliob":-0.302,"bolussnooze":0,"activity":-0.0011,"lastBolusTime":1703494087446,"time":"2023-12-25T11:13:04.397Z","iobWithZeroTemp":{"iob":-0.234,"basaliob":-0.377,"bolussnooze":0,"activity":-0.0013,"lastBolusTime":1703494087446,"time":"2023-12-25T11:13:04.397Z"}},{"iob":-0.154,"basaliob":-0.282,"bolussnooze":0,"activity":-0.0013,"lastBolusTime":1703494087446,"time":"2023-12-25T11:18:04.397Z","iobWithZeroTemp":{"iob":-0.254,"basaliob":-0.382,"bolussnooze":0,"activity":-0.0017,"lastBolusTime":1703494087446,"time":"2023-12-25T11:18:04.397Z"}},{"iob":-0.148,"basaliob":-0.262,"bolussnooze":0,"activity":-0.0013,"lastBolusTime":1703494087446,"time":"2023-12-25T11:23:04.397Z","iobWithZeroTemp":{"iob":-0.273,"basaliob":-0.387,"bolussnooze":0,"activity":-0.0019,"lastBolusTime":1703494087446,"time":"2023-12-25T11:23:04.397Z"}},{"iob":-0.141,"basaliob":-0.243,"bolussnooze":0,"activity":-0.0014,"lastBolusTime":1703494087446,"time":"2023-12-25T11:28:04.397Z","iobWithZeroTemp":{"iob":-0.29,"basaliob":-0.392,"bolussnooze":0,"activity":-0.0022,"lastBolusTime":1703494087446,"time":"2023-12-25T11:28:04.397Z"}},{"iob":-0.134,"basaliob":-0.225,"bolussnooze":0,"activity":-0.0014,"lastBolusTime":1703494087446,"time":"2023-12-25T11:33:04.397Z","iobWithZeroTemp":{"iob":-0.306,"basaliob":-0.397,"bolussnooze":0,"activity":-0.0024,"lastBolusTime":1703494087446,"time":"2023-12-25T11:33:04.397Z"}},{"iob":-0.126,"basaliob":-0.207,"bolussnooze":0,"activity":-0.0015,"lastBolusTime":1703494087446,"time":"2023-12-25T11:38:04.397Z","iobWithZeroTemp":{"iob":-0.319,"basaliob":-0.4,"bolussnooze":0,"activity":-0.0027,"lastBolusTime":1703494087446,"time":"2023-12-25T11:38:04.397Z"}},{"iob":-0.119,"basaliob":-0.191,"bolussnooze":0,"activity":-0.0015,"lastBolusTime":1703494087446,"time":"2023-12-25T11:43:04.397Z","iobWithZeroTemp":{"iob":-0.333,"basaliob":-0.405,"bolussnooze":0,"activity":-0.0029,"lastBolusTime":1703494087446,"time":"2023-12-25T11:43:04.397Z"}},{"iob":-0.113,"basaliob":-0.176,"bolussnooze":0,"activity":-0.0014,"lastBolusTime":1703494087446,"time":"2023-12-25T11:48:04.397Z","iobWithZeroTemp":{"iob":-0.346,"basaliob":-0.409,"bolussnooze":0,"activity":-0.0031,"lastBolusTime":1703494087446,"time":"2023-12-25T11:48:04.397Z"}},{"iob":-0.105,"basaliob":-0.161,"bolussnooze":0,"activity":-0.0014,"lastBolusTime":1703494087446,"time":"2023-12-25T11:53:04.397Z","iobWithZeroTemp":{"iob":-0.356,"basaliob":-0.412,"bolussnooze":0,"activity":-0.0033,"lastBolusTime":1703494087446,"time":"2023-12-25T11:53:04.397Z"}},{"iob":-0.099,"basaliob":-0.148,"bolussnooze":0,"activity":-0.0013,"lastBolusTime":1703494087446,"time":"2023-12-25T11:58:04.397Z","iobWithZeroTemp":{"iob":-0.367,"basaliob":-0.416,"bolussnooze":0,"activity":-0.0034,"lastBolusTime":1703494087446,"time":"2023-12-25T11:58:04.397Z"}},{"iob":-0.092,"basaliob":-0.135,"bolussnooze":0,"activity":-0.0013,"lastBolusTime":1703494087446,"time":"2023-12-25T12:03:04.397Z","iobWithZeroTemp":{"iob":-0.376,"basaliob":-0.419,"bolussnooze":0,"activity":-0.0037,"lastBolusTime":1703494087446,"time":"2023-12-25T12:03:04.397Z"}},{"iob":-0.085,"basaliob":-0.123,"bolussnooze":0,"activity":-0.0013,"lastBolusTime":1703494087446,"time":"2023-12-25T12:08:04.397Z","iobWithZeroTemp":{"iob":-0.384,"basaliob":-0.422,"bolussnooze":0,"activity":-0.0039,"lastBolusTime":1703494087446,"time":"2023-12-25T12:08:04.397Z"}},{"iob":-0.08,"basaliob":-0.113,"bolussnooze":0,"activity":-0.0012,"lastBolusTime":1703494087446,"time":"2023-12-25T12:13:04.397Z","iobWithZeroTemp":{"iob":-0.392,"basaliob":-0.425,"bolussnooze":0,"activity":-0.004,"lastBolusTime":1703494087446,"time":"2023-12-25T12:13:04.397Z"}},{"iob":-0.073,"basaliob":-0.102,"bolussnooze":0,"activity":-0.0011,"lastBolusTime":1703494087446,"time":"2023-12-25T12:18:04.397Z","iobWithZeroTemp":{"iob":-0.398,"basaliob":-0.427,"bolussnooze":0,"activity":-0.0041,"lastBolusTime":1703494087446,"time":"2023-12-25T12:18:04.397Z"}},{"iob":-0.068,"basaliob":-0.093,"bolussnooze":0,"activity":-0.0011,"lastBolusTime":1703494087446,"time":"2023-12-25T12:23:04.397Z","iobWithZeroTemp":{"iob":-0.405,"basaliob":-0.43,"bolussnooze":0,"activity":-0.0042,"lastBolusTime":1703494087446,"time":"2023-12-25T12:23:04.397Z"}},{"iob":-0.063,"basaliob":-0.085,"bolussnooze":0,"activity":-0.0011,"lastBolusTime":1703494087446,"time":"2023-12-25T12:28:04.397Z","iobWithZeroTemp":{"iob":-0.411,"basaliob":-0.433,"bolussnooze":0,"activity":-0.0044,"lastBolusTime":1703494087446,"time":"2023-12-25T12:28:04.397Z"}},{"iob":-0.058,"basaliob":-0.077,"bolussnooze":0,"activity":-9.0E-4,"lastBolusTime":1703494087446,"time":"2023-12-25T12:33:04.397Z","iobWithZeroTemp":{"iob":-0.416,"basaliob":-0.435,"bolussnooze":0,"activity":-0.0044,"lastBolusTime":1703494087446,"time":"2023-12-25T12:33:04.397Z"}},{"iob":-0.053,"basaliob":-0.069,"bolussnooze":0,"activity":-9.0E-4,"lastBolusTime":1703494087446,"time":"2023-12-25T12:38:04.397Z","iobWithZeroTemp":{"iob":-0.42,"basaliob":-0.436,"bolussnooze":0,"activity":-0.0045,"lastBolusTime":1703494087446,"time":"2023-12-25T12:38:04.397Z"}},{"iob":-0.049,"basaliob":-0.063,"bolussnooze":0,"activity":-9.0E-4,"lastBolusTime":1703494087446,"time":"2023-12-25T12:43:04.397Z","iobWithZeroTemp":{"iob":-0.425,"basaliob":-0.439,"bolussnooze":0,"activity":-0.0047,"lastBolusTime":1703494087446,"time":"2023-12-25T12:43:04.397Z"}},{"iob":-0.044,"basaliob":-0.056,"bolussnooze":0,"activity":-8.0E-4,"lastBolusTime":1703494087446,"time":"2023-12-25T12:48:04.397Z","iobWithZeroTemp":{"iob":-0.428,"basaliob":-0.44,"bolussnooze":0,"activity":-0.0047,"lastBolusTime":1703494087446,"time":"2023-12-25T12:48:04.397Z"}},{"iob":-0.041,"basaliob":-0.051,"bolussnooze":0,"activity":-8.0E-4,"lastBolusTime":1703494087446,"time":"2023-12-25T12:53:04.397Z","iobWithZeroTemp":{"iob":-0.432,"basaliob":-0.442,"bolussnooze":0,"activity":-0.0049,"lastBolusTime":1703494087446,"time":"2023-12-25T12:53:04.397Z"}},{"iob":-0.038,"basaliob":-0.046,"bolussnooze":0,"activity":-7.0E-4,"lastBolusTime":1703494087446,"time":"2023-12-25T12:58:04.397Z","iobWithZeroTemp":{"iob":-0.435,"basaliob":-0.443,"bolussnooze":0,"activity":-0.0049,"lastBolusTime":1703494087446,"time":"2023-12-25T12:58:04.397Z"}},{"iob":-0.034,"basaliob":-0.041,"bolussnooze":0,"activity":-6.0E-4,"lastBolusTime":1703494087446,"time":"2023-12-25T13:03:04.397Z","iobWithZeroTemp":{"iob":-0.444,"basaliob":-0.451,"bolussnooze":0,"activity":-0.0049,"lastBolusTime":1703494087446,"time":"2023-12-25T13:03:04.397Z"}},{"iob":-0.031,"basaliob":-0.037,"bolussnooze":0,"activity":-6.0E-4,"lastBolusTime":1703494087446,"time":"2023-12-25T13:08:04.397Z","iobWithZeroTemp":{"iob":-0.454,"basaliob":-0.46,"bolussnooze":0,"activity":-0.005,"lastBolusTime":1703494087446,"time":"2023-12-25T13:08:04.397Z"}},{"iob":-0.028,"basaliob":-0.033,"bolussnooze":0,"activity":-5.0E-4,"lastBolusTime":1703494087446,"time":"2023-12-25T13:13:04.397Z","iobWithZeroTemp":{"iob":-0.462,"basaliob":-0.467,"bolussnooze":0,"activity":-0.005,"lastBolusTime":1703494087446,"time":"2023-12-25T13:13:04.397Z"}},{"iob":-0.025,"basaliob":-0.029,"bolussnooze":0,"activity":-5.0E-4,"lastBolusTime":1703494087446,"time":"2023-12-25T13:18:04.397Z","iobWithZeroTemp":{"iob":-0.47,"basaliob":-0.474,"bolussnooze":0,"activity":-0.0052,"lastBolusTime":1703494087446,"time":"2023-12-25T13:18:04.397Z"}},{"iob":-0.023,"basaliob":-0.026,"bolussnooze":0,"activity":-5.0E-4,"lastBolusTime":1703494087446,"time":"2023-12-25T13:23:04.397Z","iobWithZeroTemp":{"iob":-0.479,"basaliob":-0.482,"bolussnooze":0,"activity":-0.0053,"lastBolusTime":1703494087446,"time":"2023-12-25T13:23:04.397Z"}},{"iob":-0.021,"basaliob":-0.023,"bolussnooze":0,"activity":-5.0E-4,"lastBolusTime":1703494087446,"time":"2023-12-25T13:28:04.397Z","iobWithZeroTemp":{"iob":-0.487,"basaliob":-0.489,"bolussnooze":0,"activity":-0.0054,"lastBolusTime":1703494087446,"time":"2023-12-25T13:28:04.397Z"}},{"iob":-0.018,"basaliob":-0.02,"bolussnooze":0,"activity":-4.0E-4,"lastBolusTime":1703494087446,"time":"2023-12-25T13:33:04.397Z","iobWithZeroTemp":{"iob":-0.493,"basaliob":-0.495,"bolussnooze":0,"activity":-0.0055,"lastBolusTime":1703494087446,"time":"2023-12-25T13:33:04.397Z"}},{"iob":-0.017,"basaliob":-0.018,"bolussnooze":0,"activity":-3.0E-4,"lastBolusTime":1703494087446,"time":"2023-12-25T13:38:04.397Z","iobWithZeroTemp":{"iob":-0.5,"basaliob":-0.501,"bolussnooze":0,"activity":-0.0055,"lastBolusTime":1703494087446,"time":"2023-12-25T13:38:04.397Z"}},{"iob":-0.015,"basaliob":-0.016,"bolussnooze":0,"activity":-3.0E-4,"lastBolusTime":1703494087446,"time":"2023-12-25T13:43:04.397Z","iobWithZeroTemp":{"iob":-0.506,"basaliob":-0.507,"bolussnooze":0,"activity":-0.0056,"lastBolusTime":1703494087446,"time":"2023-12-25T13:43:04.397Z"}},{"iob":-0.013,"basaliob":-0.014,"bolussnooze":0,"activity":-3.0E-4,"lastBolusTime":1703494087446,"time":"2023-12-25T13:48:04.397Z","iobWithZeroTemp":{"iob":-0.512,"basaliob":-0.513,"bolussnooze":0,"activity":-0.0057,"lastBolusTime":1703494087446,"time":"2023-12-25T13:48:04.397Z"}},{"iob":-0.012,"basaliob":-0.012,"bolussnooze":0,"activity":-3.0E-4,"lastBolusTime":1703494087446,"time":"2023-12-25T13:53:04.397Z","iobWithZeroTemp":{"iob":-0.518,"basaliob":-0.518,"bolussnooze":0,"activity":-0.0058,"lastBolusTime":1703494087446,"time":"2023-12-25T13:53:04.397Z"}},{"iob":-0.011,"basaliob":-0.011,"bolussnooze":0,"activity":-3.0E-4,"lastBolusTime":1703494087446,"time":"2023-12-25T13:58:04.397Z","iobWithZeroTemp":{"iob":-0.523,"basaliob":-0.523,"bolussnooze":0,"activity":-0.0059,"lastBolusTime":1703494087446,"time":"2023-12-25T13:58:04.397Z"}},{"iob":-0.01,"basaliob":-0.01,"bolussnooze":0,"activity":-3.0E-4,"lastBolusTime":1703494087446,"time":"2023-12-25T14:03:04.397Z","iobWithZeroTemp":{"iob":-0.505,"basaliob":-0.505,"bolussnooze":0,"activity":-0.006,"lastBolusTime":1703494087446,"time":"2023-12-25T14:03:04.397Z"}},{"iob":-0.008,"basaliob":-0.008,"bolussnooze":0,"activity":-2.0E-4,"lastBolusTime":1703494087446,"time":"2023-12-25T14:08:04.397Z","iobWithZeroTemp":{"iob":-0.485,"basaliob":-0.485,"bolussnooze":0,"activity":-0.0059,"lastBolusTime":1703494087446,"time":"2023-12-25T14:08:04.397Z"}},{"iob":-0.007,"basaliob":-0.007,"bolussnooze":0,"activity":-2.0E-4,"lastBolusTime":1703494087446,"time":"2023-12-25T14:13:04.397Z","iobWithZeroTemp":{"iob":-0.467,"basaliob":-0.467,"bolussnooze":0,"activity":-0.0059,"lastBolusTime":1703494087446,"time":"2023-12-25T14:13:04.397Z"}},{"iob":-0.006,"basaliob":-0.006,"bolussnooze":0,"activity":-2.0E-4,"lastBolusTime":1703494087446,"time":"2023-12-25T14:18:04.397Z","iobWithZeroTemp":{"iob":-0.448,"basaliob":-0.448,"bolussnooze":0,"activity":-0.0058,"lastBolusTime":1703494087446,"time":"2023-12-25T14:18:04.397Z"}},{"iob":-0.005,"basaliob":-0.005,"bolussnooze":0,"activity":-2.0E-4,"lastBolusTime":1703494087446,"time":"2023-12-25T14:23:04.397Z","iobWithZeroTemp":{"iob":-0.431,"basaliob":-0.431,"bolussnooze":0,"activity":-0.0057,"lastBolusTime":1703494087446,"time":"2023-12-25T14:23:04.397Z"}},{"iob":-0.005,"basaliob":-0.005,"bolussnooze":0,"activity":-1.0E-4,"lastBolusTime":1703494087446,"time":"2023-12-25T14:28:04.397Z","iobWithZeroTemp":{"iob":-0.414,"basaliob":-0.414,"bolussnooze":0,"activity":-0.0055,"lastBolusTime":1703494087446,"time":"2023-12-25T14:28:04.397Z"}},{"iob":-0.004,"basaliob":-0.004,"bolussnooze":0,"activity":-1.0E-4,"lastBolusTime":1703494087446,"time":"2023-12-25T14:33:04.397Z","iobWithZeroTemp":{"iob":-0.397,"basaliob":-0.397,"bolussnooze":0,"activity":-0.0054,"lastBolusTime":1703494087446,"time":"2023-12-25T14:33:04.397Z"}},{"iob":-0.003,"basaliob":-0.003,"bolussnooze":0,"activity":-1.0E-4,"lastBolusTime":1703494087446,"time":"2023-12-25T14:38:04.397Z","iobWithZeroTemp":{"iob":-0.381,"basaliob":-0.381,"bolussnooze":0,"activity":-0.0053,"lastBolusTime":1703494087446,"time":"2023-12-25T14:38:04.397Z"}},{"iob":-0.003,"basaliob":-0.003,"bolussnooze":0,"activity":-1.0E-4,"lastBolusTime":1703494087446,"time":"2023-12-25T14:43:04.397Z","iobWithZeroTemp":{"iob":-0.367,"basaliob":-0.367,"bolussnooze":0,"activity":-0.0051,"lastBolusTime":1703494087446,"time":"2023-12-25T14:43:04.397Z"}},{"iob":-0.002,"basaliob":-0.002,"bolussnooze":0,"activity":-1.0E-4,"lastBolusTime":1703494087446,"time":"2023-12-25T14:48:04.397Z","iobWithZeroTemp":{"iob":-0.352,"basaliob":-0.352,"bolussnooze":0,"activity":-0.005,"lastBolusTime":1703494087446,"time":"2023-12-25T14:48:04.397Z"}},{"iob":-0.002,"basaliob":-0.002,"bolussnooze":0,"activity":-1.0E-4,"lastBolusTime":0,"time":"2023-12-25T14:53:04.397Z","iobWithZeroTemp":{"iob":-0.339,"basaliob":-0.339,"bolussnooze":0,"activity":-0.0048,"lastBolusTime":0,"time":"2023-12-25T14:53:04.397Z"}}],"profile":{"max_iob":10,"type":"current","max_daily_basal":0.41,"max_basal":1.05,"min_bg":130,"max_bg":130,"target_bg":130,"carb_ratio":7.639,"sens":140.517,"max_daily_safety_multiplier":3,"current_basal_safety_multiplier":4,"lgsThreshold":95,"high_temptarget_raises_sensitivity":true,"low_temptarget_lowers_sensitivity":true,"sensitivity_raises_target":true,"resistance_lowers_target":true,"adv_target_adjustments":false,"exercise_mode":false,"half_basal_exercise_target":160,"maxCOB":120,"skip_neutral_temps":false,"remainingCarbsCap":90,"enableUAM":true,"A52_risk_enable":false,"SMBInterval":3,"enableSMB_with_COB":true,"enableSMB_with_temptarget":true,"allowSMB_with_high_temptarget":false,"enableSMB_always":false,"enableSMB_after_carbs":true,"maxSMBBasalMinutes":30,"maxUAMSMBBasalMinutes":40,"bolus_increment":0.05,"carbsReqThreshold":4,"current_basal":0.25,"temptargetSet":true,"autosens_max":1.3,"autosens_min":0.7,"variable_sens":251.9,"insulinDivisor":75,"TDD":12.15565041190476},"autosens_data":{"ratio":1.033381785610459},"meal_data":{"carbs":13,"mealCOB":1.0315712127322705,"slopeFromMaxDeviation":-0.27675,"slopeFromMinDeviation":1.6004999999999998,"lastBolusTime":1703494087446,"lastCarbTime":1703492159954},"microBolusAllowed":true,"currentTime":1703501885801,"flatBGsDetected":false,"tdd1D":15.581666666666663,"tdd7D":15.151547619047617,"tddLast24H":15.657333333333325,"tddLast4H":2.422833333333333,"tddLast8to4H":1.093},"output":{"temp":"absolute","bg":60,"tick":"+4","eventualBG":136,"targetBG":130,"insulinReq":0,"deliverAt":"2023-12-25T10:58:05.801Z","sensitivityRatio":0.67,"variable_sens":251.9,"predBGs":{"IOB":[60,63,67,70,74,77,80,83,85,88,90,91,93,94,95,96,97,98,99,100,101,102,103,103,104,105,105,106,106,106,107,107,108,108,108,108,109,109,109,109,109,110],"ZT":[60,60,61,62,64,66,68,71,73,76,79,83,86,89,93,96,100,103,107,111,114,118,122,125,129],"COB":[60,64,67,71,75,79,83,87,91,95,98,102,105,108,110,113,115,117,119,121,122,123,124,125,126,127,128,129,129,130,130,131,132,132,132,133,133,133,134,134,134,135,135,135,135,135,135,136],"UAM":[60,63,66,69,71,73,75,76,78,79,81,82,84,85,86,88,89,90,91,92,93,93,94,95,96,96,97,97,98,98,99,99,100,100,100,100,101,101,101,101,101,102]},"reason":"COB: 1, Dev: 20, BGI: 0, ISF: 252, CR: 7.64, Target: 130, minPredBG 105, minGuardBG 63, IOBpredBG 110, COBpredBG 136, UAMpredBG 102; IOB -0.17 < -0.08 and minDelta 4 > expectedDelta 1; 136-105 in range: no temp required; setting current basal of 0.17 as temp.  25m left and 0.15 ~ req 0.1675U\/hr: no temp required","COB":1.0315712127322705,"IOB":-0.17,"timestamp":"2023-12-25T10:58:05.833Z"}}