{"algorithm":"OpenAPSSMBDynamicISFPlugin","input":{"glucoseStatus":{"glucose":116,"noise":0,"delta":-6.89,"short_avgdelta":-6.89,"long_avgdelta":-7.38,"date":1703605960000},"currenttemp":{"temp":"absolute","duration":100,"rate":0,"minutesrunning":20},"iob_data":[{"iob":1.091,"basaliob":-0.033,"bolussnooze":0.2374,"activity":0.0187,"lastBolusTime":1703602223485,"time":"2023-12-26T15:53:03.843Z","iobWithZeroTemp":{"iob":1.091,"basaliob":-0.033,"bolussnooze":0.2374,"activity":0.0187,"lastBolusTime":1703602223485,"time":"2023-12-26T15:53:03.843Z"}},{"iob":1,"basaliob":-0.034,"bolussnooze":0.1953,"activity":0.0175,"lastBolusTime":1703602223485,"time":"2023-12-26T15:58:03.843Z","iobWithZeroTemp":{"iob":0.993,"basaliob":-0.041,"bolussnooze":0.1953,"activity":0.0175,"lastBolusTime":1703602223485,"time":"2023-12-26T15:58:03.843Z"}},{"iob":0.916,"basaliob":-0.034,"bolussnooze":0.1597,"activity":0.0164,"lastBolusTime":1703602223485,"time":"2023-12-26T16:03:03.843Z","iobWithZeroTemp":{"iob":0.901,"basaliob":-0.049,"bolussnooze":0.1597,"activity":0.0164,"lastBolusTime":1703602223485,"time":"2023-12-26T16:03:03.843Z"}},{"iob":0.837,"basaliob":-0.035,"bolussnooze":0.1297,"activity":0.0152,"lastBolusTime":1703602223485,"time":"2023-12-26T16:08:03.843Z","iobWithZeroTemp":{"iob":0.814,"basaliob":-0.058,"bolussnooze":0.1297,"activity":0.0151,"lastBolusTime":1703602223485,"time":"2023-12-26T16:08:03.843Z"}},{"iob":0.764,"basaliob":-0.034,"bolussnooze":0.1047,"activity":0.0141,"lastBolusTime":1703602223485,"time":"2023-12-26T16:13:03.843Z","iobWithZeroTemp":{"iob":0.733,"basaliob":-0.065,"bolussnooze":0.1047,"activity":0.014,"lastBolusTime":1703602223485,"time":"2023-12-26T16:13:03.843Z"}},{"iob":0.695,"basaliob":-0.034,"bolussnooze":0.084,"activity":0.0131,"lastBolusTime":1703602223485,"time":"2023-12-26T16:18:03.843Z","iobWithZeroTemp":{"iob":0.657,"basaliob":-0.072,"bolussnooze":0.084,"activity":0.0129,"lastBolusTime":1703602223485,"time":"2023-12-26T16:18:03.843Z"}},{"iob":0.632,"basaliob":-0.033,"bolussnooze":0.0669,"activity":0.0121,"lastBolusTime":1703602223485,"time":"2023-12-26T16:23:03.843Z","iobWithZeroTemp":{"iob":0.586,"basaliob":-0.079,"bolussnooze":0.0669,"activity":0.0119,"lastBolusTime":1703602223485,"time":"2023-12-26T16:23:03.843Z"}},{"iob":0.574,"basaliob":-0.032,"bolussnooze":0.0529,"activity":0.0112,"lastBolusTime":1703602223485,"time":"2023-12-26T16:28:03.843Z","iobWithZeroTemp":{"iob":0.521,"basaliob":-0.085,"bolussnooze":0.0529,"activity":0.0109,"lastBolusTime":1703602223485,"time":"2023-12-26T16:28:03.843Z"}},{"iob":0.52,"basaliob":-0.031,"bolussnooze":0.0415,"activity":0.0102,"lastBolusTime":1703602223485,"time":"2023-12-26T16:33:03.843Z","iobWithZeroTemp":{"iob":0.461,"basaliob":-0.09,"bolussnooze":0.0415,"activity":0.0098,"lastBolusTime":1703602223485,"time":"2023-12-26T16:33:03.843Z"}},{"iob":0.472,"basaliob":-0.029,"bolussnooze":0.0323,"activity":0.0094,"lastBolusTime":1703602223485,"time":"2023-12-26T16:38:03.843Z","iobWithZeroTemp":{"iob":0.406,"basaliob":-0.095,"bolussnooze":0.0323,"activity":0.009,"lastBolusTime":1703602223485,"time":"2023-12-26T16:38:03.843Z"}},{"iob":0.426,"basaliob":-0.028,"bolussnooze":0.0249,"activity":0.0087,"lastBolusTime":1703602223485,"time":"2023-12-26T16:43:03.843Z","iobWithZeroTemp":{"iob":0.354,"basaliob":-0.1,"bolussnooze":0.0249,"activity":0.0082,"lastBolusTime":1703602223485,"time":"2023-12-26T16:43:03.843Z"}},{"iob":0.385,"basaliob":-0.026,"bolussnooze":0.0189,"activity":0.0079,"lastBolusTime":1703602223485,"time":"2023-12-26T16:48:03.843Z","iobWithZeroTemp":{"iob":0.308,"basaliob":-0.103,"bolussnooze":0.0189,"activity":0.0073,"lastBolusTime":1703602223485,"time":"2023-12-26T16:48:03.843Z"}},{"iob":0.346,"basaliob":-0.025,"bolussnooze":0.0142,"activity":0.0073,"lastBolusTime":1703602223485,"time":"2023-12-26T16:53:03.843Z","iobWithZeroTemp":{"iob":0.264,"basaliob":-0.107,"bolussnooze":0.0142,"activity":0.0066,"lastBolusTime":1703602223485,"time":"2023-12-26T16:53:03.843Z"}},{"iob":0.311,"basaliob":-0.024,"bolussnooze":0.0105,"activity":0.0066,"lastBolusTime":1703602223485,"time":"2023-12-26T16:58:03.843Z","iobWithZeroTemp":{"iob":0.224,"basaliob":-0.111,"bolussnooze":0.0105,"activity":0.0059,"lastBolusTime":1703602223485,"time":"2023-12-26T16:58:03.843Z"}},{"iob":0.28,"basaliob":-0.022,"bolussnooze":0.0077,"activity":0.006,"lastBolusTime":1703602223485,"time":"2023-12-26T17:03:03.843Z","iobWithZeroTemp":{"iob":0.188,"basaliob":-0.114,"bolussnooze":0.0077,"activity":0.0052,"lastBolusTime":1703602223485,"time":"2023-12-26T17:03:03.843Z"}},{"iob":0.251,"basaliob":-0.021,"bolussnooze":0.0055,"activity":0.0055,"lastBolusTime":1703602223485,"time":"2023-12-26T17:08:03.843Z","iobWithZeroTemp":{"iob":0.155,"basaliob":-0.117,"bolussnooze":0.0055,"activity":0.0046,"lastBolusTime":1703602223485,"time":"2023-12-26T17:08:03.843Z"}},{"iob":0.225,"basaliob":-0.019,"bolussnooze":0.0038,"activity":0.005,"lastBolusTime":1703602223485,"time":"2023-12-26T17:13:03.843Z","iobWithZeroTemp":{"iob":0.125,"basaliob":-0.119,"bolussnooze":0.0038,"activity":0.0041,"lastBolusTime":1703602223485,"time":"2023-12-26T17:13:03.843Z"}},{"iob":0.201,"basaliob":-0.018,"bolussnooze":0.0025,"activity":0.0045,"lastBolusTime":1703602223485,"time":"2023-12-26T17:18:03.843Z","iobWithZeroTemp":{"iob":0.097,"basaliob":-0.122,"bolussnooze":0.0025,"activity":0.0035,"lastBolusTime":1703602223485,"time":"2023-12-26T17:18:03.843Z"}},{"iob":0.179,"basaliob":-0.017,"bolussnooze":0.0016,"activity":0.0042,"lastBolusTime":1703602223485,"time":"2023-12-26T17:23:03.843Z","iobWithZeroTemp":{"iob":0.072,"basaliob":-0.124,"bolussnooze":0.0016,"activity":0.0032,"lastBolusTime":1703602223485,"time":"2023-12-26T17:23:03.843Z"}},{"iob":0.159,"basaliob":-0.016,"bolussnooze":0.001,"activity":0.0038,"lastBolusTime":1703602223485,"time":"2023-12-26T17:28:03.843Z","iobWithZeroTemp":{"iob":0.049,"basaliob":-0.126,"bolussnooze":0.001,"activity":0.0027,"lastBolusTime":1703602223485,"time":"2023-12-26T17:28:03.843Z"}},{"iob":0.141,"basaliob":-0.015,"bolussnooze":5.0E-4,"activity":0.0034,"lastBolusTime":1703602223485,"time":"2023-12-26T17:33:03.843Z","iobWithZeroTemp":{"iob":0.028,"basaliob":-0.128,"bolussnooze":5.0E-4,"activity":0.0023,"lastBolusTime":1703602223485,"time":"2023-12-26T17:33:03.843Z"}},{"iob":0.126,"basaliob":-0.013,"bolussnooze":2.0E-4,"activity":0.003,"lastBolusTime":1703602223485,"time":"2023-12-26T17:38:03.843Z","iobWithZeroTemp":{"iob":0.01,"basaliob":-0.129,"bolussnooze":2.0E-4,"activity":0.0018,"lastBolusTime":1703602223485,"time":"2023-12-26T17:38:03.843Z"}},{"iob":0.112,"basaliob":-0.012,"bolussnooze":1.0E-4,"activity":0.0027,"lastBolusTime":1703602223485,"time":"2023-12-26T17:43:03.843Z","iobWithZeroTemp":{"iob":-0.006,"basaliob":-0.13,"bolussnooze":1.0E-4,"activity":0.0015,"lastBolusTime":1703602223485,"time":"2023-12-26T17:43:03.843Z"}},{"iob":0.099,"basaliob":-0.011,"bolussnooze":0,"activity":0.0024,"lastBolusTime":1703602223485,"time":"2023-12-26T17:48:03.843Z","iobWithZeroTemp":{"iob":-0.021,"basaliob":-0.131,"bolussnooze":0,"activity":0.0012,"lastBolusTime":1703602223485,"time":"2023-12-26T17:48:03.843Z"}},{"iob":0.086,"basaliob":-0.011,"bolussnooze":0,"activity":0.0022,"lastBolusTime":1703602223485,"time":"2023-12-26T17:53:03.843Z","iobWithZeroTemp":{"iob":-0.036,"basaliob":-0.133,"bolussnooze":0,"activity":9.0E-4,"lastBolusTime":1703602223485,"time":"2023-12-26T17:53:03.843Z"}},{"iob":0.076,"basaliob":-0.01,"bolussnooze":0,"activity":0.0019,"lastBolusTime":1703602223485,"time":"2023-12-26T17:58:03.843Z","iobWithZeroTemp":{"iob":-0.048,"basaliob":-0.134,"bolussnooze":0,"activity":6.0E-4,"lastBolusTime":1703602223485,"time":"2023-12-26T17:58:03.843Z"}},{"iob":0.067,"basaliob":-0.009,"bolussnooze":0,"activity":0.0017,"lastBolusTime":1703602223485,"time":"2023-12-26T18:03:03.843Z","iobWithZeroTemp":{"iob":-0.059,"basaliob":-0.135,"bolussnooze":0,"activity":4.0E-4,"lastBolusTime":1703602223485,"time":"2023-12-26T18:03:03.843Z"}},{"iob":0.059,"basaliob":-0.008,"bolussnooze":0,"activity":0.0016,"lastBolusTime":1703602223485,"time":"2023-12-26T18:08:03.843Z","iobWithZeroTemp":{"iob":-0.068,"basaliob":-0.135,"bolussnooze":0,"activity":2.0E-4,"lastBolusTime":1703602223485,"time":"2023-12-26T18:08:03.843Z"}},{"iob":0.052,"basaliob":-0.007,"bolussnooze":0,"activity":0.0014,"lastBolusTime":1703602223485,"time":"2023-12-26T18:13:03.843Z","iobWithZeroTemp":{"iob":-0.077,"basaliob":-0.136,"bolussnooze":0,"activity":0,"lastBolusTime":1703602223485,"time":"2023-12-26T18:13:03.843Z"}},{"iob":0.044,"basaliob":-0.007,"bolussnooze":0,"activity":0.0013,"lastBolusTime":1703602223485,"time":"2023-12-26T18:18:03.843Z","iobWithZeroTemp":{"iob":-0.086,"basaliob":-0.137,"bolussnooze":0,"activity":-1.0E-4,"lastBolusTime":1703602223485,"time":"2023-12-26T18:18:03.843Z"}},{"iob":0.039,"basaliob":-0.006,"bolussnooze":0,"activity":0.0011,"lastBolusTime":1703602223485,"time":"2023-12-26T18:23:03.843Z","iobWithZeroTemp":{"iob":-0.092,"basaliob":-0.137,"bolussnooze":0,"activity":-4.0E-4,"lastBolusTime":1703602223485,"time":"2023-12-26T18:23:03.843Z"}},{"iob":0.033,"basaliob":-0.006,"bolussnooze":0,"activity":0.001,"lastBolusTime":1703602223485,"time":"2023-12-26T18:28:03.843Z","iobWithZeroTemp":{"iob":-0.099,"basaliob":-0.138,"bolussnooze":0,"activity":-5.0E-4,"lastBolusTime":1703602223485,"time":"2023-12-26T18:28:03.843Z"}},{"iob":0.029,"basaliob":-0.005,"bolussnooze":0,"activity":9.0E-4,"lastBolusTime":1703602223485,"time":"2023-12-26T18:33:03.843Z","iobWithZeroTemp":{"iob":-0.104,"basaliob":-0.138,"bolussnooze":0,"activity":-6.0E-4,"lastBolusTime":1703602223485,"time":"2023-12-26T18:33:03.843Z"}},{"iob":0.024,"basaliob":-0.005,"bolussnooze":0,"activity":8.0E-4,"lastBolusTime":1703602223485,"time":"2023-12-26T18:38:03.843Z","iobWithZeroTemp":{"iob":-0.11,"basaliob":-0.139,"bolussnooze":0,"activity":-7.0E-4,"lastBolusTime":1703602223485,"time":"2023-12-26T18:38:03.843Z"}},{"iob":0.021,"basaliob":-0.004,"bolussnooze":0,"activity":7.0E-4,"lastBolusTime":1703602223485,"time":"2023-12-26T18:43:03.843Z","iobWithZeroTemp":{"iob":-0.114,"basaliob":-0.139,"bolussnooze":0,"activity":-8.0E-4,"lastBolusTime":1703602223485,"time":"2023-12-26T18:43:03.843Z"}},{"iob":0.018,"basaliob":-0.004,"bolussnooze":0,"activity":6.0E-4,"lastBolusTime":1703602223485,"time":"2023-12-26T18:48:03.843Z","iobWithZeroTemp":{"iob":-0.117,"basaliob":-0.139,"bolussnooze":0,"activity":-9.0E-4,"lastBolusTime":1703602223485,"time":"2023-12-26T18:48:03.843Z"}},{"iob":0.015,"basaliob":-0.003,"bolussnooze":0,"activity":5.0E-4,"lastBolusTime":1703602223485,"time":"2023-12-26T18:53:03.843Z","iobWithZeroTemp":{"iob":-0.121,"basaliob":-0.139,"bolussnooze":0,"activity":-0.0011,"lastBolusTime":1703602223485,"time":"2023-12-26T18:53:03.843Z"}},{"iob":0.013,"basaliob":-0.003,"bolussnooze":0,"activity":4.0E-4,"lastBolusTime":1703602223485,"time":"2023-12-26T18:58:03.843Z","iobWithZeroTemp":{"iob":-0.123,"basaliob":-0.139,"bolussnooze":0,"activity":-0.0012,"lastBolusTime":1703602223485,"time":"2023-12-26T18:58:03.843Z"}},{"iob":0.01,"basaliob":-0.003,"bolussnooze":0,"activity":3.0E-4,"lastBolusTime":1703602223485,"time":"2023-12-26T19:03:03.843Z","iobWithZeroTemp":{"iob":-0.148,"basaliob":-0.161,"bolussnooze":0,"activity":-0.0013,"lastBolusTime":1703602223485,"time":"2023-12-26T19:03:03.843Z"}},{"iob":0.009,"basaliob":-0.002,"bolussnooze":0,"activity":3.0E-4,"lastBolusTime":1703602223485,"time":"2023-12-26T19:08:03.843Z","iobWithZeroTemp":{"iob":-0.169,"basaliob":-0.18,"bolussnooze":0,"activity":-0.0014,"lastBolusTime":1703602223485,"time":"2023-12-26T19:08:03.843Z"}},{"iob":0.007,"basaliob":-0.002,"bolussnooze":0,"activity":2.0E-4,"lastBolusTime":1703602223485,"time":"2023-12-26T19:13:03.843Z","iobWithZeroTemp":{"iob":-0.192,"basaliob":-0.201,"bolussnooze":0,"activity":-0.0016,"lastBolusTime":1703602223485,"time":"2023-12-26T19:13:03.843Z"}},{"iob":0.006,"basaliob":-0.002,"bolussnooze":0,"activity":3.0E-4,"lastBolusTime":1703602223485,"time":"2023-12-26T19:18:03.843Z","iobWithZeroTemp":{"iob":-0.213,"basaliob":-0.221,"bolussnooze":0,"activity":-0.0016,"lastBolusTime":1703602223485,"time":"2023-12-26T19:18:03.843Z"}},{"iob":0.005,"basaliob":-0.002,"bolussnooze":0,"activity":2.0E-4,"lastBolusTime":1703602223485,"time":"2023-12-26T19:23:03.843Z","iobWithZeroTemp":{"iob":-0.233,"basaliob":-0.24,"bolussnooze":0,"activity":-0.0019,"lastBolusTime":1703602223485,"time":"2023-12-26T19:23:03.843Z"}},{"iob":0.004,"basaliob":-0.001,"bolussnooze":0,"activity":2.0E-4,"lastBolusTime":1703602223485,"time":"2023-12-26T19:28:03.843Z","iobWithZeroTemp":{"iob":-0.252,"basaliob":-0.257,"bolussnooze":0,"activity":-0.002,"lastBolusTime":1703602223485,"time":"2023-12-26T19:28:03.843Z"}},{"iob":0.003,"basaliob":-0.001,"bolussnooze":0,"activity":2.0E-4,"lastBolusTime":1703602223485,"time":"2023-12-26T19:33:03.843Z","iobWithZeroTemp":{"iob":-0.271,"basaliob":-0.275,"bolussnooze":0,"activity":-0.0022,"lastBolusTime":1703602223485,"time":"2023-12-26T19:33:03.843Z"}},{"iob":0.003,"basaliob":-0.001,"bolussnooze":0,"activity":2.0E-4,"lastBolusTime":1703602223485,"time":"2023-12-26T19:38:03.843Z","iobWithZeroTemp":{"iob":-0.287,"basaliob":-0.291,"bolussnooze":0,"activity":-0.0024,"lastBolusTime":1703602223485,"time":"2023-12-26T19:38:03.843Z"}},{"iob":0.002,"basaliob":-0.001,"bolussnooze":0,"activity":1.0E-4,"lastBolusTime":1703602223485,"time":"2023-12-26T19:43:03.843Z","iobWithZeroTemp":{"iob":-0.304,"basaliob":-0.307,"bolussnooze":0,"activity":-0.0027,"lastBolusTime":1703602223485,"time":"2023-12-26T19:43:03.843Z"}},{"iob":0.001,"basaliob":-0.001,"bolussnooze":0,"activity":1.0E-4,"lastBolusTime":1703602223485,"time":"2023-12-26T19:48:03.843Z","iobWithZeroTemp":{"iob":-0.32,"basaliob":-0.322,"bolussnooze":0,"activity":-0.0029,"lastBolusTime":1703602223485,"time":"2023-12-26T19:48:03.843Z"}}],"profile":{"max_iob":10,"type":"current","max_daily_basal":0.35,"max_basal":0.4,"min_bg":90,"max_bg":90,"target_bg":90,"carb_ratio":8.2,"sens":105,"max_daily_safety_multiplier":3,"current_basal_safety_multiplier":4,"lgsThreshold":95,"high_temptarget_raises_sensitivity":true,"low_temptarget_lowers_sensitivity":true,"sensitivity_raises_target":true,"resistance_lowers_target":true,"adv_target_adjustments":false,"exercise_mode":false,"half_basal_exercise_target":160,"maxCOB":120,"skip_neutral_temps":false,"remainingCarbsCap":90,"enableUAM":true,"A52_risk_enable":false,"SMBInterval":3,"enableSMB_with_COB":true,"enableSMB_with_temptarget":true,"allowSMB_with_high_temptarget":false,"enableSMB_always":false,"enableSMB_after_carbs":true,"maxSMBBasalMinutes":30,"maxUAMSMBBasalMinutes":40,"bolus_increment":0.05,"carbsReqThreshold":4,"current_basal":0.1,"temptargetSet":true,"autosens_max":1.3,"autosens_min":0.7,"variable_sens":116.4,"insulinDivisor":75,"TDD":16.543212023809527},"autosens_data":{"ratio":1.1162394930775132},"meal_data":{"carbs":20,"mealCOB":0,"slopeFromMaxDeviation":-0.4743636363636364,"slopeFromMinDeviation":0,"lastBolusTime":1703602223485,"lastCarbTime":1703590928205},"microBolusAllowed":true,"currentTime":1703605985367,"flatBGsDetected":false,"tdd1D":15.68566666666667,"tdd7D":15.075095238095239,"tddLast24H":16.827416666666664,"tddLast4H":4.491666666666667,"tddLast8to4H":4.941666666666666},"output":{"temp":"absolute","bg":116,"tick":-7,"eventualBG":39,"targetBG":90,"insulinReq":0,"deliverAt":"2023-12-26T15:53:05.367Z","sensitivityRatio":1.2,"variable_sens":116.4,"predBGs":{"IOB":[116,109,102,94,87,79,71,63,54,45,39,39,39],"ZT":[116,105,94,83,72,61,49,39,39,39,39,39,39,39,39,39,39,39,39,39,39,39,39,39,39,39,39,39,39,39,39,39,39,39,39,39,39,39,39,39,39,39,39,39,39,39,39,39],"UAM":[116,109,101,93,85,77,68,58,48,39,39,39,39]},"reason":"COB: 0, Dev: 24, BGI: -11, ISF: 116, CR: 8.2, Target: 90, minPredBG -80, minGuardBG -92, IOBpredBG 39, UAMpredBG 39; 13 add'l carbs req w\/in 15m; minGuardBG -92<95","COB":0,"IOB":1.091,"carbsReq":13,"carbsReqWithin":15,"duration":120,"rate":0,"timestamp":"2023-12-26T15:53:05.394Z"}}