{"algorithm":"OpenAPSSMBDynamicISFPlugin","input":{"glucoseStatus":{"glucose":108,"noise":0,"delta":-0.28,"short_avgdelta":-0.28,"long_avgdelta":-0.35,"date":1703491656000},"currenttemp":{"temp":"absolute","duration":20,"rate":0.45,"minutesrunning":10},"iob_data":[{"iob":0.071,"basaliob":0.071,"bolussnooze":0,"activity":8.0E-4,"lastBolusTime":0,"time":"2023-12-25T08:07:59.570Z","iobWithZeroTemp":{"iob":0.071,"basaliob":0.071,"bolussnooze":0,"activity":8.0E-4,"lastBolusTime":0,"time":"2023-12-25T08:07:59.570Z"}},{"iob":0.067,"basaliob":0.067,"bolussnooze":0,"activity":8.0E-4,"lastBolusTime":0,"time":"2023-12-25T08:12:59.570Z","iobWithZeroTemp":{"iob":0.046,"basaliob":0.046,"bolussnooze":0,"activity":8.0E-4,"lastBolusTime":0,"time":"2023-12-25T08:12:59.570Z"}},{"iob":0.063,"basaliob":0.063,"bolussnooze":0,"activity":8.0E-4,"lastBolusTime":0,"time":"2023-12-25T08:17:59.570Z","iobWithZeroTemp":{"iob":0.016,"basaliob":0.016,"bolussnooze":0,"activity":7.0E-4,"lastBolusTime":0,"time":"2023-12-25T08:17:59.570Z"}},{"iob":0.06,"basaliob":0.06,"bolussnooze":0,"activity":8.0E-4,"lastBolusTime":0,"time":"2023-12-25T08:22:59.570Z","iobWithZeroTemp":{"iob":-0.013,"basaliob":-0.013,"bolussnooze":0,"activity":6.0E-4,"lastBolusTime":0,"time":"2023-12-25T08:22:59.570Z"}},{"iob":0.056,"basaliob":0.056,"bolussnooze":0,"activity":8.0E-4,"lastBolusTime":0,"time":"2023-12-25T08:27:59.570Z","iobWithZeroTemp":{"iob":-0.042,"basaliob":-0.042,"bolussnooze":0,"activity":4.0E-4,"lastBolusTime":0,"time":"2023-12-25T08:27:59.570Z"}},{"iob":0.052,"basaliob":0.052,"bolussnooze":0,"activity":7.0E-4,"lastBolusTime":0,"time":"2023-12-25T08:32:59.570Z","iobWithZeroTemp":{"iob":-0.07,"basaliob":-0.07,"bolussnooze":0,"activity":1.0E-4,"lastBolusTime":0,"time":"2023-12-25T08:32:59.570Z"}},{"iob":0.048,"basaliob":0.048,"bolussnooze":0,"activity":7.0E-4,"lastBolusTime":0,"time":"2023-12-25T08:37:59.570Z","iobWithZeroTemp":{"iob":-0.098,"basaliob":-0.098,"bolussnooze":0,"activity":-1.0E-4,"lastBolusTime":0,"time":"2023-12-25T08:37:59.570Z"}},{"iob":0.045,"basaliob":0.045,"bolussnooze":0,"activity":7.0E-4,"lastBolusTime":0,"time":"2023-12-25T08:42:59.570Z","iobWithZeroTemp":{"iob":-0.123,"basaliob":-0.123,"bolussnooze":0,"activity":-3.0E-4,"lastBolusTime":0,"time":"2023-12-25T08:42:59.570Z"}},{"iob":0.042,"basaliob":0.042,"bolussnooze":0,"activity":6.0E-4,"lastBolusTime":0,"time":"2023-12-25T08:47:59.570Z","iobWithZeroTemp":{"iob":-0.147,"basaliob":-0.147,"bolussnooze":0,"activity":-6.0E-4,"lastBolusTime":0,"time":"2023-12-25T08:47:59.570Z"}},{"iob":0.039,"basaliob":0.039,"bolussnooze":0,"activity":6.0E-4,"lastBolusTime":0,"time":"2023-12-25T08:52:59.570Z","iobWithZeroTemp":{"iob":-0.17,"basaliob":-0.17,"bolussnooze":0,"activity":-8.0E-4,"lastBolusTime":0,"time":"2023-12-25T08:52:59.570Z"}},{"iob":0.036,"basaliob":0.036,"bolussnooze":0,"activity":6.0E-4,"lastBolusTime":0,"time":"2023-12-25T08:57:59.570Z","iobWithZeroTemp":{"iob":-0.192,"basaliob":-0.192,"bolussnooze":0,"activity":-0.001,"lastBolusTime":0,"time":"2023-12-25T08:57:59.570Z"}},{"iob":0.033,"basaliob":0.033,"bolussnooze":0,"activity":5.0E-4,"lastBolusTime":0,"time":"2023-12-25T09:02:59.570Z","iobWithZeroTemp":{"iob":-0.213,"basaliob":-0.213,"bolussnooze":0,"activity":-0.0014,"lastBolusTime":0,"time":"2023-12-25T09:02:59.570Z"}},{"iob":0.03,"basaliob":0.03,"bolussnooze":0,"activity":5.0E-4,"lastBolusTime":0,"time":"2023-12-25T09:07:59.570Z","iobWithZeroTemp":{"iob":-0.233,"basaliob":-0.233,"bolussnooze":0,"activity":-0.0016,"lastBolusTime":0,"time":"2023-12-25T09:07:59.570Z"}},{"iob":0.028,"basaliob":0.028,"bolussnooze":0,"activity":5.0E-4,"lastBolusTime":0,"time":"2023-12-25T09:12:59.570Z","iobWithZeroTemp":{"iob":-0.251,"basaliob":-0.251,"bolussnooze":0,"activity":-0.0018,"lastBolusTime":0,"time":"2023-12-25T09:12:59.570Z"}},{"iob":0.025,"basaliob":0.025,"bolussnooze":0,"activity":4.0E-4,"lastBolusTime":0,"time":"2023-12-25T09:17:59.570Z","iobWithZeroTemp":{"iob":-0.269,"basaliob":-0.269,"bolussnooze":0,"activity":-0.0021,"lastBolusTime":0,"time":"2023-12-25T09:17:59.570Z"}},{"iob":0.023,"basaliob":0.023,"bolussnooze":0,"activity":4.0E-4,"lastBolusTime":0,"time":"2023-12-25T09:22:59.570Z","iobWithZeroTemp":{"iob":-0.285,"basaliob":-0.285,"bolussnooze":0,"activity":-0.0023,"lastBolusTime":0,"time":"2023-12-25T09:22:59.570Z"}},{"iob":0.021,"basaliob":0.021,"bolussnooze":0,"activity":4.0E-4,"lastBolusTime":0,"time":"2023-12-25T09:27:59.570Z","iobWithZeroTemp":{"iob":-0.3,"basaliob":-0.3,"bolussnooze":0,"activity":-0.0025,"lastBolusTime":0,"time":"2023-12-25T09:27:59.570Z"}},{"iob":0.019,"basaliob":0.019,"bolussnooze":0,"activity":4.0E-4,"lastBolusTime":0,"time":"2023-12-25T09:32:59.570Z","iobWithZeroTemp":{"iob":-0.314,"basaliob":-0.314,"bolussnooze":0,"activity":-0.0027,"lastBolusTime":0,"time":"2023-12-25T09:32:59.570Z"}},{"iob":0.018,"basaliob":0.018,"bolussnooze":0,"activity":3.0E-4,"lastBolusTime":0,"time":"2023-12-25T09:37:59.570Z","iobWithZeroTemp":{"iob":-0.327,"basaliob":-0.327,"bolussnooze":0,"activity":-0.003,"lastBolusTime":0,"time":"2023-12-25T09:37:59.570Z"}},{"iob":0.016,"basaliob":0.016,"bolussnooze":0,"activity":3.0E-4,"lastBolusTime":0,"time":"2023-12-25T09:42:59.570Z","iobWithZeroTemp":{"iob":-0.339,"basaliob":-0.339,"bolussnooze":0,"activity":-0.0031,"lastBolusTime":0,"time":"2023-12-25T09:42:59.570Z"}},{"iob":0.014,"basaliob":0.014,"bolussnooze":0,"activity":3.0E-4,"lastBolusTime":0,"time":"2023-12-25T09:47:59.570Z","iobWithZeroTemp":{"iob":-0.35,"basaliob":-0.35,"bolussnooze":0,"activity":-0.0033,"lastBolusTime":0,"time":"2023-12-25T09:47:59.570Z"}},{"iob":0.013,"basaliob":0.013,"bolussnooze":0,"activity":3.0E-4,"lastBolusTime":0,"time":"2023-12-25T09:52:59.570Z","iobWithZeroTemp":{"iob":-0.36,"basaliob":-0.36,"bolussnooze":0,"activity":-0.0034,"lastBolusTime":0,"time":"2023-12-25T09:52:59.570Z"}},{"iob":0.012,"basaliob":0.012,"bolussnooze":0,"activity":2.0E-4,"lastBolusTime":0,"time":"2023-12-25T09:57:59.570Z","iobWithZeroTemp":{"iob":-0.369,"basaliob":-0.369,"bolussnooze":0,"activity":-0.0037,"lastBolusTime":0,"time":"2023-12-25T09:57:59.570Z"}},{"iob":0.011,"basaliob":0.011,"bolussnooze":0,"activity":2.0E-4,"lastBolusTime":0,"time":"2023-12-25T10:02:59.570Z","iobWithZeroTemp":{"iob":-0.372,"basaliob":-0.372,"bolussnooze":0,"activity":-0.0038,"lastBolusTime":0,"time":"2023-12-25T10:02:59.570Z"}},{"iob":0.01,"basaliob":0.01,"bolussnooze":0,"activity":2.0E-4,"lastBolusTime":0,"time":"2023-12-25T10:07:59.570Z","iobWithZeroTemp":{"iob":-0.374,"basaliob":-0.374,"bolussnooze":0,"activity":-0.0039,"lastBolusTime":0,"time":"2023-12-25T10:07:59.570Z"}},{"iob":0.009,"basaliob":0.009,"bolussnooze":0,"activity":2.0E-4,"lastBolusTime":0,"time":"2023-12-25T10:12:59.570Z","iobWithZeroTemp":{"iob":-0.376,"basaliob":-0.376,"bolussnooze":0,"activity":-0.004,"lastBolusTime":0,"time":"2023-12-25T10:12:59.570Z"}},{"iob":0.008,"basaliob":0.008,"bolussnooze":0,"activity":2.0E-4,"lastBolusTime":0,"time":"2023-12-25T10:17:59.570Z","iobWithZeroTemp":{"iob":-0.378,"basaliob":-0.378,"bolussnooze":0,"activity":-0.0041,"lastBolusTime":0,"time":"2023-12-25T10:17:59.570Z"}},{"iob":0.007,"basaliob":0.007,"bolussnooze":0,"activity":2.0E-4,"lastBolusTime":0,"time":"2023-12-25T10:22:59.570Z","iobWithZeroTemp":{"iob":-0.379,"basaliob":-0.379,"bolussnooze":0,"activity":-0.0041,"lastBolusTime":0,"time":"2023-12-25T10:22:59.570Z"}},{"iob":0.006,"basaliob":0.006,"bolussnooze":0,"activity":1.0E-4,"lastBolusTime":0,"time":"2023-12-25T10:27:59.570Z","iobWithZeroTemp":{"iob":-0.38,"basaliob":-0.38,"bolussnooze":0,"activity":-0.0043,"lastBolusTime":0,"time":"2023-12-25T10:27:59.570Z"}},{"iob":0.006,"basaliob":0.006,"bolussnooze":0,"activity":1.0E-4,"lastBolusTime":0,"time":"2023-12-25T10:32:59.570Z","iobWithZeroTemp":{"iob":-0.38,"basaliob":-0.38,"bolussnooze":0,"activity":-0.0043,"lastBolusTime":0,"time":"2023-12-25T10:32:59.570Z"}},{"iob":0.005,"basaliob":0.005,"bolussnooze":0,"activity":1.0E-4,"lastBolusTime":0,"time":"2023-12-25T10:37:59.570Z","iobWithZeroTemp":{"iob":-0.38,"basaliob":-0.38,"bolussnooze":0,"activity":-0.0043,"lastBolusTime":0,"time":"2023-12-25T10:37:59.570Z"}},{"iob":0.004,"basaliob":0.004,"bolussnooze":0,"activity":1.0E-4,"lastBolusTime":0,"time":"2023-12-25T10:42:59.570Z","iobWithZeroTemp":{"iob":-0.381,"basaliob":-0.381,"bolussnooze":0,"activity":-0.0044,"lastBolusTime":0,"time":"2023-12-25T10:42:59.570Z"}},{"iob":0.004,"basaliob":0.004,"bolussnooze":0,"activity":1.0E-4,"lastBolusTime":0,"time":"2023-12-25T10:47:59.570Z","iobWithZeroTemp":{"iob":-0.38,"basaliob":-0.38,"bolussnooze":0,"activity":-0.0044,"lastBolusTime":0,"time":"2023-12-25T10:47:59.570Z"}},{"iob":0.004,"basaliob":0.004,"bolussnooze":0,"activity":1.0E-4,"lastBolusTime":0,"time":"2023-12-25T10:52:59.570Z","iobWithZeroTemp":{"iob":-0.379,"basaliob":-0.379,"bolussnooze":0,"activity":-0.0044,"lastBolusTime":0,"time":"2023-12-25T10:52:59.570Z"}},{"iob":0.003,"basaliob":0.003,"bolussnooze":0,"activity":1.0E-4,"lastBolusTime":0,"time":"2023-12-25T10:57:59.570Z","iobWithZeroTemp":{"iob":-0.379,"basaliob":-0.379,"bolussnooze":0,"activity":-0.0044,"lastBolusTime":0,"time":"2023-12-25T10:57:59.570Z"}},{"iob":0.003,"basaliob":0.003,"bolussnooze":0,"activity":1.0E-4,"lastBolusTime":0,"time":"2023-12-25T11:02:59.570Z","iobWithZeroTemp":{"iob":-0.384,"basaliob":-0.384,"bolussnooze":0,"activity":-0.0044,"lastBolusTime":0,"time":"2023-12-25T11:02:59.570Z"}},{"iob":0.002,"basaliob":0.002,"bolussnooze":0,"activity":1.0E-4,"lastBolusTime":0,"time":"2023-12-25T11:07:59.570Z","iobWithZeroTemp":{"iob":-0.389,"basaliob":-0.389,"bolussnooze":0,"activity":-0.0044,"lastBolusTime":0,"time":"2023-12-25T11:07:59.570Z"}},{"iob":0.002,"basaliob":0.002,"bolussnooze":0,"activity":1.0E-4,"lastBolusTime":0,"time":"2023-12-25T11:12:59.570Z","iobWithZeroTemp":{"iob":-0.394,"basaliob":-0.394,"bolussnooze":0,"activity":-0.0045,"lastBolusTime":0,"time":"2023-12-25T11:12:59.570Z"}},{"iob":0.002,"basaliob":0.002,"bolussnooze":0,"activity":0,"lastBolusTime":0,"time":"2023-12-25T11:17:59.570Z","iobWithZeroTemp":{"iob":-0.398,"basaliob":-0.398,"bolussnooze":0,"activity":-0.0046,"lastBolusTime":0,"time":"2023-12-25T11:17:59.570Z"}},{"iob":0.002,"basaliob":0.002,"bolussnooze":0,"activity":0,"lastBolusTime":0,"time":"2023-12-25T11:22:59.570Z","iobWithZeroTemp":{"iob":-0.402,"basaliob":-0.402,"bolussnooze":0,"activity":-0.0046,"lastBolusTime":0,"time":"2023-12-25T11:22:59.570Z"}},{"iob":0.001,"basaliob":0.001,"bolussnooze":0,"activity":0,"lastBolusTime":0,"time":"2023-12-25T11:27:59.570Z","iobWithZeroTemp":{"iob":-0.407,"basaliob":-0.407,"bolussnooze":0,"activity":-0.0047,"lastBolusTime":0,"time":"2023-12-25T11:27:59.570Z"}},{"iob":0.001,"basaliob":0.001,"bolussnooze":0,"activity":0,"lastBolusTime":0,"time":"2023-12-25T11:32:59.570Z","iobWithZeroTemp":{"iob":-0.41,"basaliob":-0.41,"bolussnooze":0,"activity":-0.0047,"lastBolusTime":0,"time":"2023-12-25T11:32:59.570Z"}},{"iob":0.001,"basaliob":0.001,"bolussnooze":0,"activity":0,"lastBolusTime":0,"time":"2023-12-25T11:37:59.570Z","iobWithZeroTemp":{"iob":-0.414,"basaliob":-0.414,"bolussnooze":0,"activity":-0.0047,"lastBolusTime":0,"time":"2023-12-25T11:37:59.570Z"}},{"iob":0.001,"basaliob":0.001,"bolussnooze":0,"activity":0,"lastBolusTime":0,"time":"2023-12-25T11:42:59.570Z","iobWithZeroTemp":{"iob":-0.417,"basaliob":-0.417,"bolussnooze":0,"activity":-0.0048,"lastBolusTime":0,"time":"2023-12-25T11:42:59.570Z"}},{"iob":0.001,"basaliob":0.001,"bolussnooze":0,"activity":0,"lastBolusTime":0,"time":"2023-12-25T11:47:59.570Z","iobWithZeroTemp":{"iob":-0.42,"basaliob":-0.42,"bolussnooze":0,"activity":-0.0048,"lastBolusTime":0,"time":"2023-12-25T11:47:59.570Z"}},{"iob":0.001,"basaliob":0.001,"bolussnooze":0,"activity":0,"lastBolusTime":0,"time":"2023-12-25T11:52:59.570Z","iobWithZeroTemp":{"iob":-0.423,"basaliob":-0.423,"bolussnooze":0,"activity":-0.0049,"lastBolusTime":0,"time":"2023-12-25T11:52:59.570Z"}},{"iob":0.001,"basaliob":0.001,"bolussnooze":0,"activity":0,"lastBolusTime":0,"time":"2023-12-25T11:57:59.570Z","iobWithZeroTemp":{"iob":-0.426,"basaliob":-0.426,"bolussnooze":0,"activity":-0.0049,"lastBolusTime":0,"time":"2023-12-25T11:57:59.570Z"}},{"iob":0.001,"basaliob":0.001,"bolussnooze":0,"activity":0,"lastBolusTime":0,"time":"2023-12-25T12:02:59.570Z","iobWithZeroTemp":{"iob":-0.428,"basaliob":-0.428,"bolussnooze":0,"activity":-0.0049,"lastBolusTime":0,"time":"2023-12-25T12:02:59.570Z"}}],"profile":{"max_iob":10,"type":"current","max_daily_basal":0.41,"max_basal":1.25,"min_bg":90,"max_bg":90,"target_bg":90,"carb_ratio":7.639,"sens":140.517,"max_daily_safety_multiplier":3,"current_basal_safety_multiplier":4,"lgsThreshold":95,"high_temptarget_raises_sensitivity":true,"low_temptarget_lowers_sensitivity":true,"sensitivity_raises_target":true,"resistance_lowers_target":true,"adv_target_adjustments":false,"exercise_mode":false,"half_basal_exercise_target":160,"maxCOB":120,"skip_neutral_temps":false,"remainingCarbsCap":90,"enableUAM":true,"A52_risk_enable":false,"SMBInterval":3,"enableSMB_with_COB":true,"enableSMB_with_temptarget":true,"allowSMB_with_high_temptarget":false,"enableSMB_always":false,"enableSMB_after_carbs":true,"maxSMBBasalMinutes":30,"maxUAMSMBBasalMinutes":40,"bolus_increment":0.05,"carbsReqThreshold":4,"current_basal":0.3,"temptargetSet":false,"autosens_max":1.3,"autosens_min":0.7,"variable_sens":186.8,"insulinDivisor":75,"TDD":10.803135511904761},"autosens_data":{"ratio":1.0608817266820143},"meal_data":{"carbs":0,"mealCOB":0,"slopeFromMaxDeviation":-0.4415,"slopeFromMinDeviation":0.009777777777777778,"lastBolusTime":1703461686873,"lastCarbTime":0},"microBolusAllowed":true,"currentTime":1703491679997,"flatBGsDetected":false,"tdd1D":15.581666666666663,"tdd7D":15.151547619047617,"tddLast24H":16.073999999999998,"tddLast4H":1.3325000000000005,"tddLast8to4H":0.9583333333333338},"output":{"temp":"absolute","bg":108,"tick":"+0","eventualBG":98,"targetBG":88,"insulinReq":0,"deliverAt":"2023-12-25T08:07:59.997Z","sensitivityRatio":1.0608817266820143,"variable_sens":186.8,"predBGs":{"IOB":[108,108,107,107,107,106,106,105,105,104,104,103,103,102,102,101,101,101,100,100,100,99,99,99,99,99,98,98,98,98,98,98,98,97],"ZT":[108,107,107,106,105,105,105,105,105,106,107,107],"UAM":[108,107,107,106,105,104,104,103,102,102,101,101,100,100,99,99,98,98,97,97,97,97,96,96,96,96,95,95,95,95,95,95,95,95,94]},"reason":"COB: 0, Dev: 3, BGI: -1, ISF: 187, CR: 7.64, Target: 88, minPredBG 100, minGuardBG 94, IOBpredBG 97, UAMpredBG 94; minGuardBG 94<95","COB":0,"IOB":0.071,"duration":30,"rate":0,"timestamp":"2023-12-25T08:08:00.011Z"}}