{"algorithm":"OpenAPSSMBDynamicISFPlugin","input":{"glucoseStatus":{"glucose":96,"noise":0,"delta":-0.11,"short_avgdelta":-0.11,"long_avgdelta":-1.27,"date":1703660861000},"currenttemp":{"temp":"absolute","duration":10,"rate":0,"minutesrunning":20},"iob_data":[{"iob":-0.057,"basaliob":-0.057,"bolussnooze":0,"activity":5.0E-4,"lastBolusTime":0,"time":"2023-12-27T07:08:06.334Z","iobWithZeroTemp":{"iob":-0.057,"basaliob":-0.057,"bolussnooze":0,"activity":5.0E-4,"lastBolusTime":0,"time":"2023-12-27T07:08:06.334Z"}},{"iob":-0.059,"basaliob":-0.059,"bolussnooze":0,"activity":3.0E-4,"lastBolusTime":0,"time":"2023-12-27T07:13:06.334Z","iobWithZeroTemp":{"iob":-0.079,"basaliob":-0.079,"bolussnooze":0,"activity":3.0E-4,"lastBolusTime":0,"time":"2023-12-27T07:13:06.334Z"}},{"iob":-0.06,"basaliob":-0.06,"bolussnooze":0,"activity":1.0E-4,"lastBolusTime":0,"time":"2023-12-27T07:18:06.334Z","iobWithZeroTemp":{"iob":-0.105,"basaliob":-0.105,"bolussnooze":0,"activity":0,"lastBolusTime":0,"time":"2023-12-27T07:18:06.334Z"}},{"iob":-0.06,"basaliob":-0.06,"bolussnooze":0,"activity":-1.0E-4,"lastBolusTime":0,"time":"2023-12-27T07:23:06.334Z","iobWithZeroTemp":{"iob":-0.129,"basaliob":-0.129,"bolussnooze":0,"activity":-3.0E-4,"lastBolusTime":0,"time":"2023-12-27T07:23:06.334Z"}},{"iob":-0.06,"basaliob":-0.06,"bolussnooze":0,"activity":-2.0E-4,"lastBolusTime":0,"time":"2023-12-27T07:28:06.334Z","iobWithZeroTemp":{"iob":-0.153,"basaliob":-0.153,"bolussnooze":0,"activity":-6.0E-4,"lastBolusTime":0,"time":"2023-12-27T07:28:06.334Z"}},{"iob":-0.058,"basaliob":-0.058,"bolussnooze":0,"activity":-3.0E-4,"lastBolusTime":0,"time":"2023-12-27T07:33:06.334Z","iobWithZeroTemp":{"iob":-0.173,"basaliob":-0.173,"bolussnooze":0,"activity":-8.0E-4,"lastBolusTime":0,"time":"2023-12-27T07:33:06.334Z"}},{"iob":-0.057,"basaliob":-0.057,"bolussnooze":0,"activity":-4.0E-4,"lastBolusTime":0,"time":"2023-12-27T07:38:06.334Z","iobWithZeroTemp":{"iob":-0.194,"basaliob":-0.194,"bolussnooze":0,"activity":-0.0011,"lastBolusTime":0,"time":"2023-12-27T07:38:06.334Z"}},{"iob":-0.055,"basaliob":-0.055,"bolussnooze":0,"activity":-4.0E-4,"lastBolusTime":0,"time":"2023-12-27T07:43:06.334Z","iobWithZeroTemp":{"iob":-0.213,"basaliob":-0.213,"bolussnooze":0,"activity":-0.0013,"lastBolusTime":0,"time":"2023-12-27T07:43:06.334Z"}},{"iob":-0.053,"basaliob":-0.053,"bolussnooze":0,"activity":-5.0E-4,"lastBolusTime":0,"time":"2023-12-27T07:48:06.334Z","iobWithZeroTemp":{"iob":-0.231,"basaliob":-0.231,"bolussnooze":0,"activity":-0.0016,"lastBolusTime":0,"time":"2023-12-27T07:48:06.334Z"}},{"iob":-0.05,"basaliob":-0.05,"bolussnooze":0,"activity":-5.0E-4,"lastBolusTime":0,"time":"2023-12-27T07:53:06.334Z","iobWithZeroTemp":{"iob":-0.247,"basaliob":-0.247,"bolussnooze":0,"activity":-0.0018,"lastBolusTime":0,"time":"2023-12-27T07:53:06.334Z"}},{"iob":-0.048,"basaliob":-0.048,"bolussnooze":0,"activity":-5.0E-4,"lastBolusTime":0,"time":"2023-12-27T07:58:06.334Z","iobWithZeroTemp":{"iob":-0.263,"basaliob":-0.263,"bolussnooze":0,"activity":-0.0021,"lastBolusTime":0,"time":"2023-12-27T07:58:06.334Z"}},{"iob":-0.045,"basaliob":-0.045,"bolussnooze":0,"activity":-5.0E-4,"lastBolusTime":0,"time":"2023-12-27T08:03:06.334Z","iobWithZeroTemp":{"iob":-0.277,"basaliob":-0.277,"bolussnooze":0,"activity":-0.0023,"lastBolusTime":0,"time":"2023-12-27T08:03:06.334Z"}},{"iob":-0.043,"basaliob":-0.043,"bolussnooze":0,"activity":-5.0E-4,"lastBolusTime":0,"time":"2023-12-27T08:08:06.334Z","iobWithZeroTemp":{"iob":-0.29,"basaliob":-0.29,"bolussnooze":0,"activity":-0.0025,"lastBolusTime":0,"time":"2023-12-27T08:08:06.334Z"}},{"iob":-0.04,"basaliob":-0.04,"bolussnooze":0,"activity":-5.0E-4,"lastBolusTime":0,"time":"2023-12-27T08:13:06.334Z","iobWithZeroTemp":{"iob":-0.302,"basaliob":-0.302,"bolussnooze":0,"activity":-0.0027,"lastBolusTime":0,"time":"2023-12-27T08:13:06.334Z"}},{"iob":-0.038,"basaliob":-0.038,"bolussnooze":0,"activity":-5.0E-4,"lastBolusTime":0,"time":"2023-12-27T08:18:06.334Z","iobWithZeroTemp":{"iob":-0.314,"basaliob":-0.314,"bolussnooze":0,"activity":-0.0029,"lastBolusTime":0,"time":"2023-12-27T08:18:06.334Z"}},{"iob":-0.035,"basaliob":-0.035,"bolussnooze":0,"activity":-5.0E-4,"lastBolusTime":0,"time":"2023-12-27T08:23:06.334Z","iobWithZeroTemp":{"iob":-0.323,"basaliob":-0.323,"bolussnooze":0,"activity":-0.0031,"lastBolusTime":0,"time":"2023-12-27T08:23:06.334Z"}},{"iob":-0.033,"basaliob":-0.033,"bolussnooze":0,"activity":-5.0E-4,"lastBolusTime":0,"time":"2023-12-27T08:28:06.334Z","iobWithZeroTemp":{"iob":-0.333,"basaliob":-0.333,"bolussnooze":0,"activity":-0.0032,"lastBolusTime":0,"time":"2023-12-27T08:28:06.334Z"}},{"iob":-0.031,"basaliob":-0.031,"bolussnooze":0,"activity":-4.0E-4,"lastBolusTime":0,"time":"2023-12-27T08:33:06.334Z","iobWithZeroTemp":{"iob":-0.342,"basaliob":-0.342,"bolussnooze":0,"activity":-0.0033,"lastBolusTime":0,"time":"2023-12-27T08:33:06.334Z"}},{"iob":-0.029,"basaliob":-0.029,"bolussnooze":0,"activity":-4.0E-4,"lastBolusTime":0,"time":"2023-12-27T08:38:06.334Z","iobWithZeroTemp":{"iob":-0.35,"basaliob":-0.35,"bolussnooze":0,"activity":-0.0035,"lastBolusTime":0,"time":"2023-12-27T08:38:06.334Z"}},{"iob":-0.026,"basaliob":-0.026,"bolussnooze":0,"activity":-4.0E-4,"lastBolusTime":0,"time":"2023-12-27T08:43:06.334Z","iobWithZeroTemp":{"iob":-0.356,"basaliob":-0.356,"bolussnooze":0,"activity":-0.0036,"lastBolusTime":0,"time":"2023-12-27T08:43:06.334Z"}},{"iob":-0.024,"basaliob":-0.024,"bolussnooze":0,"activity":-4.0E-4,"lastBolusTime":0,"time":"2023-12-27T08:48:06.334Z","iobWithZeroTemp":{"iob":-0.363,"basaliob":-0.363,"bolussnooze":0,"activity":-0.0038,"lastBolusTime":0,"time":"2023-12-27T08:48:06.334Z"}},{"iob":-0.023,"basaliob":-0.023,"bolussnooze":0,"activity":-4.0E-4,"lastBolusTime":0,"time":"2023-12-27T08:53:06.334Z","iobWithZeroTemp":{"iob":-0.37,"basaliob":-0.37,"bolussnooze":0,"activity":-0.0039,"lastBolusTime":0,"time":"2023-12-27T08:53:06.334Z"}},{"iob":-0.021,"basaliob":-0.021,"bolussnooze":0,"activity":-3.0E-4,"lastBolusTime":0,"time":"2023-12-27T08:58:06.334Z","iobWithZeroTemp":{"iob":-0.375,"basaliob":-0.375,"bolussnooze":0,"activity":-0.0039,"lastBolusTime":0,"time":"2023-12-27T08:58:06.334Z"}},{"iob":-0.019,"basaliob":-0.019,"bolussnooze":0,"activity":-3.0E-4,"lastBolusTime":0,"time":"2023-12-27T09:03:06.334Z","iobWithZeroTemp":{"iob":-0.376,"basaliob":-0.376,"bolussnooze":0,"activity":-0.004,"lastBolusTime":0,"time":"2023-12-27T09:03:06.334Z"}},{"iob":-0.018,"basaliob":-0.018,"bolussnooze":0,"activity":-3.0E-4,"lastBolusTime":0,"time":"2023-12-27T09:08:06.334Z","iobWithZeroTemp":{"iob":-0.376,"basaliob":-0.376,"bolussnooze":0,"activity":-0.0041,"lastBolusTime":0,"time":"2023-12-27T09:08:06.334Z"}},{"iob":-0.016,"basaliob":-0.016,"bolussnooze":0,"activity":-3.0E-4,"lastBolusTime":0,"time":"2023-12-27T09:13:06.334Z","iobWithZeroTemp":{"iob":-0.376,"basaliob":-0.376,"bolussnooze":0,"activity":-0.0042,"lastBolusTime":0,"time":"2023-12-27T09:13:06.334Z"}},{"iob":-0.015,"basaliob":-0.015,"bolussnooze":0,"activity":-3.0E-4,"lastBolusTime":0,"time":"2023-12-27T09:18:06.334Z","iobWithZeroTemp":{"iob":-0.376,"basaliob":-0.376,"bolussnooze":0,"activity":-0.0043,"lastBolusTime":0,"time":"2023-12-27T09:18:06.334Z"}},{"iob":-0.014,"basaliob":-0.014,"bolussnooze":0,"activity":-2.0E-4,"lastBolusTime":0,"time":"2023-12-27T09:23:06.334Z","iobWithZeroTemp":{"iob":-0.376,"basaliob":-0.376,"bolussnooze":0,"activity":-0.0042,"lastBolusTime":0,"time":"2023-12-27T09:23:06.334Z"}},{"iob":-0.012,"basaliob":-0.012,"bolussnooze":0,"activity":-2.0E-4,"lastBolusTime":0,"time":"2023-12-27T09:28:06.334Z","iobWithZeroTemp":{"iob":-0.374,"basaliob":-0.374,"bolussnooze":0,"activity":-0.0043,"lastBolusTime":0,"time":"2023-12-27T09:28:06.334Z"}},{"iob":-0.011,"basaliob":-0.011,"bolussnooze":0,"activity":-2.0E-4,"lastBolusTime":0,"time":"2023-12-27T09:33:06.334Z","iobWithZeroTemp":{"iob":-0.374,"basaliob":-0.374,"bolussnooze":0,"activity":-0.0043,"lastBolusTime":0,"time":"2023-12-27T09:33:06.334Z"}},{"iob":-0.01,"basaliob":-0.01,"bolussnooze":0,"activity":-2.0E-4,"lastBolusTime":0,"time":"2023-12-27T09:38:06.334Z","iobWithZeroTemp":{"iob":-0.373,"basaliob":-0.373,"bolussnooze":0,"activity":-0.0044,"lastBolusTime":0,"time":"2023-12-27T09:38:06.334Z"}},{"iob":-0.009,"basaliob":-0.009,"bolussnooze":0,"activity":-2.0E-4,"lastBolusTime":0,"time":"2023-12-27T09:43:06.334Z","iobWithZeroTemp":{"iob":-0.372,"basaliob":-0.372,"bolussnooze":0,"activity":-0.0044,"lastBolusTime":0,"time":"2023-12-27T09:43:06.334Z"}},{"iob":-0.008,"basaliob":-0.008,"bolussnooze":0,"activity":-2.0E-4,"lastBolusTime":0,"time":"2023-12-27T09:48:06.334Z","iobWithZeroTemp":{"iob":-0.371,"basaliob":-0.371,"bolussnooze":0,"activity":-0.0044,"lastBolusTime":0,"time":"2023-12-27T09:48:06.334Z"}},{"iob":-0.008,"basaliob":-0.008,"bolussnooze":0,"activity":-2.0E-4,"lastBolusTime":0,"time":"2023-12-27T09:53:06.334Z","iobWithZeroTemp":{"iob":-0.37,"basaliob":-0.37,"bolussnooze":0,"activity":-0.0044,"lastBolusTime":0,"time":"2023-12-27T09:53:06.334Z"}},{"iob":-0.007,"basaliob":-0.007,"bolussnooze":0,"activity":-1.0E-4,"lastBolusTime":0,"time":"2023-12-27T09:58:06.334Z","iobWithZeroTemp":{"iob":-0.369,"basaliob":-0.369,"bolussnooze":0,"activity":-0.0043,"lastBolusTime":0,"time":"2023-12-27T09:58:06.334Z"}},{"iob":-0.006,"basaliob":-0.006,"bolussnooze":0,"activity":-1.0E-4,"lastBolusTime":0,"time":"2023-12-27T10:03:06.334Z","iobWithZeroTemp":{"iob":-0.364,"basaliob":-0.364,"bolussnooze":0,"activity":-0.0043,"lastBolusTime":0,"time":"2023-12-27T10:03:06.334Z"}},{"iob":-0.006,"basaliob":-0.006,"bolussnooze":0,"activity":-1.0E-4,"lastBolusTime":0,"time":"2023-12-27T10:08:06.334Z","iobWithZeroTemp":{"iob":-0.359,"basaliob":-0.359,"bolussnooze":0,"activity":-0.0043,"lastBolusTime":0,"time":"2023-12-27T10:08:06.334Z"}},{"iob":-0.005,"basaliob":-0.005,"bolussnooze":0,"activity":-1.0E-4,"lastBolusTime":0,"time":"2023-12-27T10:13:06.334Z","iobWithZeroTemp":{"iob":-0.354,"basaliob":-0.354,"bolussnooze":0,"activity":-0.0043,"lastBolusTime":0,"time":"2023-12-27T10:13:06.334Z"}},{"iob":-0.004,"basaliob":-0.004,"bolussnooze":0,"activity":-1.0E-4,"lastBolusTime":0,"time":"2023-12-27T10:18:06.334Z","iobWithZeroTemp":{"iob":-0.348,"basaliob":-0.348,"bolussnooze":0,"activity":-0.0043,"lastBolusTime":0,"time":"2023-12-27T10:18:06.334Z"}},{"iob":-0.004,"basaliob":-0.004,"bolussnooze":0,"activity":-1.0E-4,"lastBolusTime":0,"time":"2023-12-27T10:23:06.334Z","iobWithZeroTemp":{"iob":-0.344,"basaliob":-0.344,"bolussnooze":0,"activity":-0.0043,"lastBolusTime":0,"time":"2023-12-27T10:23:06.334Z"}},{"iob":-0.004,"basaliob":-0.004,"bolussnooze":0,"activity":-1.0E-4,"lastBolusTime":0,"time":"2023-12-27T10:28:06.334Z","iobWithZeroTemp":{"iob":-0.34,"basaliob":-0.34,"bolussnooze":0,"activity":-0.0042,"lastBolusTime":0,"time":"2023-12-27T10:28:06.334Z"}},{"iob":-0.003,"basaliob":-0.003,"bolussnooze":0,"activity":-1.0E-4,"lastBolusTime":0,"time":"2023-12-27T10:33:06.334Z","iobWithZeroTemp":{"iob":-0.335,"basaliob":-0.335,"bolussnooze":0,"activity":-0.0042,"lastBolusTime":0,"time":"2023-12-27T10:33:06.334Z"}},{"iob":-0.003,"basaliob":-0.003,"bolussnooze":0,"activity":-1.0E-4,"lastBolusTime":0,"time":"2023-12-27T10:38:06.334Z","iobWithZeroTemp":{"iob":-0.331,"basaliob":-0.331,"bolussnooze":0,"activity":-0.0042,"lastBolusTime":0,"time":"2023-12-27T10:38:06.334Z"}},{"iob":-0.002,"basaliob":-0.002,"bolussnooze":0,"activity":-1.0E-4,"lastBolusTime":0,"time":"2023-12-27T10:43:06.334Z","iobWithZeroTemp":{"iob":-0.326,"basaliob":-0.326,"bolussnooze":0,"activity":-0.0041,"lastBolusTime":0,"time":"2023-12-27T10:43:06.334Z"}},{"iob":-0.002,"basaliob":-0.002,"bolussnooze":0,"activity":-1.0E-4,"lastBolusTime":0,"time":"2023-12-27T10:48:06.334Z","iobWithZeroTemp":{"iob":-0.323,"basaliob":-0.323,"bolussnooze":0,"activity":-0.0041,"lastBolusTime":0,"time":"2023-12-27T10:48:06.334Z"}},{"iob":-0.002,"basaliob":-0.002,"bolussnooze":0,"activity":0,"lastBolusTime":0,"time":"2023-12-27T10:53:06.334Z","iobWithZeroTemp":{"iob":-0.32,"basaliob":-0.32,"bolussnooze":0,"activity":-0.004,"lastBolusTime":0,"time":"2023-12-27T10:53:06.334Z"}},{"iob":-0.002,"basaliob":-0.002,"bolussnooze":0,"activity":0,"lastBolusTime":0,"time":"2023-12-27T10:58:06.334Z","iobWithZeroTemp":{"iob":-0.317,"basaliob":-0.317,"bolussnooze":0,"activity":-0.0039,"lastBolusTime":0,"time":"2023-12-27T10:58:06.334Z"}},{"iob":-0.002,"basaliob":-0.002,"bolussnooze":0,"activity":0,"lastBolusTime":0,"time":"2023-12-27T11:03:06.334Z","iobWithZeroTemp":{"iob":-0.318,"basaliob":-0.318,"bolussnooze":0,"activity":-0.0039,"lastBolusTime":0,"time":"2023-12-27T11:03:06.334Z"}}],"profile":{"max_iob":10,"type":"current","max_daily_basal":0.35,"max_basal":1.05,"min_bg":90,"max_bg":90,"target_bg":90,"carb_ratio":8.2,"sens":110,"max_daily_safety_multiplier":3,"current_basal_safety_multiplier":4,"lgsThreshold":95,"high_temptarget_raises_sensitivity":true,"low_temptarget_lowers_sensitivity":true,"sensitivity_raises_target":true,"resistance_lowers_target":true,"adv_target_adjustments":false,"exercise_mode":false,"half_basal_exercise_target":160,"maxCOB":120,"skip_neutral_temps":false,"remainingCarbsCap":90,"enableUAM":true,"A52_risk_enable":false,"SMBInterval":3,"enableSMB_with_COB":true,"enableSMB_with_temptarget":true,"allowSMB_with_high_temptarget":false,"enableSMB_always":false,"enableSMB_after_carbs":true,"maxSMBBasalMinutes":30,"maxUAMSMBBasalMinutes":40,"bolus_increment":0.05,"carbsReqThreshold":4,"current_basal":0.3,"temptargetSet":false,"autosens_max":1.3,"autosens_min":0.7,"variable_sens":173.3,"insulinDivisor":75,"TDD":12.604214577380953},"autosens_data":{"ratio":1.2998004779403376},"meal_data":{"carbs":0,"mealCOB":0,"slopeFromMaxDeviation":-0.34430000000000005,"slopeFromMinDeviation":0.5195000000000001,"lastBolusTime":1703638991772,"lastCarbTime":0},"microBolusAllowed":true,"currentTime":1703660887765,"flatBGsDetected":false,"tdd1D":21.236583333333336,"tdd7D":16.175559523809522,"tddLast24H":21.024999999999995,"tddLast4H":1.2958333333333334,"tddLast8to4H":0.8833333333333333},"output":{"temp":"absolute","bg":96,"tick":"+0","eventualBG":108,"targetBG":83,"insulinReq":0.11,"deliverAt":"2023-12-27T07:08:07.765Z","sensitivityRatio":1.2998004779403376,"variable_sens":173.3,"predBGs":{"IOB":[96,96,96,96,96,97,97,97,98,98,99,99,100,100,101,101,101,102,102,103,103,103,104,104,104,104,105,105,105,105,105,105,106,106,106,106,106,106,106,106,106,106,107],"ZT":[96,96,95,95,96,96,97],"UAM":[96,96,95,95,95,95,96,96,96,97,97,98,98,99,99,99,100,100,101,101,101,102,102,102,102,103,103,103,103,104,104,104,104,104,104,104,104,105]},"reason":"COB: 0, Dev: 2, BGI: 0, ISF: 173, CR: 8.2, Target: 83, minPredBG 102, minGuardBG 95, IOBpredBG 107, UAMpredBG 105; Eventual BG 108 >= 83, temp 0.00 < 0.61U\/hr. ","COB":0,"IOB":-0.057,"duration":30,"rate":0.6099401433821012,"timestamp":"2023-12-27T07:08:07.797Z"}}