{"algorithm":"OpenAPSSMBDynamicISFPlugin","input":{"glucoseStatus":{"glucose":110,"noise":0,"delta":-3.11,"short_avgdelta":-3.11,"long_avgdelta":-3.52,"date":1703565159000},"currenttemp":{"temp":"absolute","duration":70,"rate":0,"minutesrunning":50},"iob_data":[{"iob":0.146,"basaliob":-0.138,"bolussnooze":0,"activity":0.0043,"lastBolusTime":1703560089010,"time":"2023-12-26T04:32:59.588Z","iobWithZeroTemp":{"iob":0.146,"basaliob":-0.138,"bolussnooze":0,"activity":0.0043,"lastBolusTime":1703560089010,"time":"2023-12-26T04:32:59.588Z"}},{"iob":0.125,"basaliob":-0.136,"bolussnooze":0,"activity":0.0038,"lastBolusTime":1703560089010,"time":"2023-12-26T04:37:59.588Z","iobWithZeroTemp":{"iob":0.108,"basaliob":-0.153,"bolussnooze":0,"activity":0.0038,"lastBolusTime":1703560089010,"time":"2023-12-26T04:37:59.588Z"}},{"iob":0.108,"basaliob":-0.132,"bolussnooze":0,"activity":0.0033,"lastBolusTime":1703560089010,"time":"2023-12-26T04:42:59.588Z","iobWithZeroTemp":{"iob":0.069,"basaliob":-0.171,"bolussnooze":0,"activity":0.0032,"lastBolusTime":1703560089010,"time":"2023-12-26T04:42:59.588Z"}},{"iob":0.093,"basaliob":-0.127,"bolussnooze":0,"activity":0.0029,"lastBolusTime":1703560089010,"time":"2023-12-26T04:47:59.588Z","iobWithZeroTemp":{"iob":0.033,"basaliob":-0.187,"bolussnooze":0,"activity":0.0027,"lastBolusTime":1703560089010,"time":"2023-12-26T04:47:59.588Z"}},{"iob":0.079,"basaliob":-0.122,"bolussnooze":0,"activity":0.0025,"lastBolusTime":1703560089010,"time":"2023-12-26T04:52:59.588Z","iobWithZeroTemp":{"iob":-0.001,"basaliob":-0.202,"bolussnooze":0,"activity":0.0022,"lastBolusTime":1703560089010,"time":"2023-12-26T04:52:59.588Z"}},{"iob":0.067,"basaliob":-0.117,"bolussnooze":0,"activity":0.0023,"lastBolusTime":1703560089010,"time":"2023-12-26T04:57:59.588Z","iobWithZeroTemp":{"iob":-0.033,"basaliob":-0.217,"bolussnooze":0,"activity":0.0018,"lastBolusTime":1703560089010,"time":"2023-12-26T04:57:59.588Z"}},{"iob":0.057,"basaliob":-0.111,"bolussnooze":0,"activity":0.0019,"lastBolusTime":1703560089010,"time":"2023-12-26T05:02:59.588Z","iobWithZeroTemp":{"iob":-0.064,"basaliob":-0.232,"bolussnooze":0,"activity":0.0013,"lastBolusTime":1703560089010,"time":"2023-12-26T05:02:59.588Z"}},{"iob":0.048,"basaliob":-0.105,"bolussnooze":0,"activity":0.0017,"lastBolusTime":1703560089010,"time":"2023-12-26T05:07:59.588Z","iobWithZeroTemp":{"iob":-0.093,"basaliob":-0.246,"bolussnooze":0,"activity":9.0E-4,"lastBolusTime":1703560089010,"time":"2023-12-26T05:07:59.588Z"}},{"iob":0.04,"basaliob":-0.099,"bolussnooze":0,"activity":0.0015,"lastBolusTime":1703560089010,"time":"2023-12-26T05:12:59.588Z","iobWithZeroTemp":{"iob":-0.12,"basaliob":-0.259,"bolussnooze":0,"activity":5.0E-4,"lastBolusTime":1703560089010,"time":"2023-12-26T05:12:59.588Z"}},{"iob":0.032,"basaliob":-0.094,"bolussnooze":0,"activity":0.0013,"lastBolusTime":1703560089010,"time":"2023-12-26T05:17:59.588Z","iobWithZeroTemp":{"iob":-0.146,"basaliob":-0.272,"bolussnooze":0,"activity":1.0E-4,"lastBolusTime":1703560089010,"time":"2023-12-26T05:17:59.588Z"}},{"iob":0.026,"basaliob":-0.088,"bolussnooze":0,"activity":0.0011,"lastBolusTime":1703560089010,"time":"2023-12-26T05:22:59.588Z","iobWithZeroTemp":{"iob":-0.168,"basaliob":-0.282,"bolussnooze":0,"activity":-3.0E-4,"lastBolusTime":1703560089010,"time":"2023-12-26T05:22:59.588Z"}},{"iob":0.021,"basaliob":-0.082,"bolussnooze":0,"activity":0.001,"lastBolusTime":1703560089010,"time":"2023-12-26T05:27:59.588Z","iobWithZeroTemp":{"iob":-0.19,"basaliob":-0.293,"bolussnooze":0,"activity":-6.0E-4,"lastBolusTime":1703560089010,"time":"2023-12-26T05:27:59.588Z"}},{"iob":0.017,"basaliob":-0.076,"bolussnooze":0,"activity":8.0E-4,"lastBolusTime":1703560089010,"time":"2023-12-26T05:32:59.588Z","iobWithZeroTemp":{"iob":-0.209,"basaliob":-0.302,"bolussnooze":0,"activity":-0.001,"lastBolusTime":1703560089010,"time":"2023-12-26T05:32:59.588Z"}},{"iob":0.013,"basaliob":-0.071,"bolussnooze":0,"activity":7.0E-4,"lastBolusTime":1703560089010,"time":"2023-12-26T05:37:59.588Z","iobWithZeroTemp":{"iob":-0.227,"basaliob":-0.311,"bolussnooze":0,"activity":-0.0013,"lastBolusTime":1703560089010,"time":"2023-12-26T05:37:59.588Z"}},{"iob":0.01,"basaliob":-0.066,"bolussnooze":0,"activity":6.0E-4,"lastBolusTime":1703560089010,"time":"2023-12-26T05:42:59.588Z","iobWithZeroTemp":{"iob":-0.243,"basaliob":-0.319,"bolussnooze":0,"activity":-0.0015,"lastBolusTime":1703560089010,"time":"2023-12-26T05:42:59.588Z"}},{"iob":0.007,"basaliob":-0.061,"bolussnooze":0,"activity":6.0E-4,"lastBolusTime":1703560089010,"time":"2023-12-26T05:47:59.588Z","iobWithZeroTemp":{"iob":-0.258,"basaliob":-0.326,"bolussnooze":0,"activity":-0.0017,"lastBolusTime":1703560089010,"time":"2023-12-26T05:47:59.588Z"}},{"iob":0.004,"basaliob":-0.057,"bolussnooze":0,"activity":4.0E-4,"lastBolusTime":1703560089010,"time":"2023-12-26T05:52:59.588Z","iobWithZeroTemp":{"iob":-0.272,"basaliob":-0.333,"bolussnooze":0,"activity":-0.0021,"lastBolusTime":1703560089010,"time":"2023-12-26T05:52:59.588Z"}},{"iob":0.003,"basaliob":-0.052,"bolussnooze":0,"activity":4.0E-4,"lastBolusTime":1703560089010,"time":"2023-12-26T05:57:59.588Z","iobWithZeroTemp":{"iob":-0.284,"basaliob":-0.339,"bolussnooze":0,"activity":-0.0023,"lastBolusTime":1703560089010,"time":"2023-12-26T05:57:59.588Z"}},{"iob":0.001,"basaliob":-0.048,"bolussnooze":0,"activity":3.0E-4,"lastBolusTime":1703560089010,"time":"2023-12-26T06:02:59.588Z","iobWithZeroTemp":{"iob":-0.299,"basaliob":-0.348,"bolussnooze":0,"activity":-0.0025,"lastBolusTime":1703560089010,"time":"2023-12-26T06:02:59.588Z"}},{"iob":0,"basaliob":-0.044,"bolussnooze":0,"activity":3.0E-4,"lastBolusTime":1703560089010,"time":"2023-12-26T06:07:59.588Z","iobWithZeroTemp":{"iob":-0.313,"basaliob":-0.357,"bolussnooze":0,"activity":-0.0027,"lastBolusTime":1703560089010,"time":"2023-12-26T06:07:59.588Z"}},{"iob":-0.002,"basaliob":-0.041,"bolussnooze":0,"activity":2.0E-4,"lastBolusTime":1703560089010,"time":"2023-12-26T06:12:59.588Z","iobWithZeroTemp":{"iob":-0.326,"basaliob":-0.365,"bolussnooze":0,"activity":-0.0029,"lastBolusTime":1703560089010,"time":"2023-12-26T06:12:59.588Z"}},{"iob":-0.002,"basaliob":-0.037,"bolussnooze":0,"activity":1.0E-4,"lastBolusTime":1703560089010,"time":"2023-12-26T06:17:59.588Z","iobWithZeroTemp":{"iob":-0.337,"basaliob":-0.372,"bolussnooze":0,"activity":-0.0032,"lastBolusTime":1703560089010,"time":"2023-12-26T06:17:59.588Z"}},{"iob":-0.003,"basaliob":-0.034,"bolussnooze":0,"activity":1.0E-4,"lastBolusTime":1703560089010,"time":"2023-12-26T06:22:59.588Z","iobWithZeroTemp":{"iob":-0.349,"basaliob":-0.38,"bolussnooze":0,"activity":-0.0033,"lastBolusTime":1703560089010,"time":"2023-12-26T06:22:59.588Z"}},{"iob":-0.004,"basaliob":-0.031,"bolussnooze":0,"activity":1.0E-4,"lastBolusTime":1703560089010,"time":"2023-12-26T06:27:59.588Z","iobWithZeroTemp":{"iob":-0.359,"basaliob":-0.386,"bolussnooze":0,"activity":-0.0035,"lastBolusTime":1703560089010,"time":"2023-12-26T06:27:59.588Z"}},{"iob":-0.004,"basaliob":-0.028,"bolussnooze":0,"activity":1.0E-4,"lastBolusTime":1703560089010,"time":"2023-12-26T06:32:59.588Z","iobWithZeroTemp":{"iob":-0.368,"basaliob":-0.392,"bolussnooze":0,"activity":-0.0036,"lastBolusTime":1703560089010,"time":"2023-12-26T06:32:59.588Z"}},{"iob":-0.005,"basaliob":-0.026,"bolussnooze":0,"activity":0,"lastBolusTime":1703560089010,"time":"2023-12-26T06:37:59.588Z","iobWithZeroTemp":{"iob":-0.377,"basaliob":-0.398,"bolussnooze":0,"activity":-0.0038,"lastBolusTime":1703560089010,"time":"2023-12-26T06:37:59.588Z"}},{"iob":-0.005,"basaliob":-0.024,"bolussnooze":0,"activity":1.0E-4,"lastBolusTime":1703560089010,"time":"2023-12-26T06:42:59.588Z","iobWithZeroTemp":{"iob":-0.385,"basaliob":-0.404,"bolussnooze":0,"activity":-0.0038,"lastBolusTime":1703560089010,"time":"2023-12-26T06:42:59.588Z"}},{"iob":-0.005,"basaliob":-0.021,"bolussnooze":0,"activity":0,"lastBolusTime":1703560089010,"time":"2023-12-26T06:47:59.588Z","iobWithZeroTemp":{"iob":-0.392,"basaliob":-0.408,"bolussnooze":0,"activity":-0.0041,"lastBolusTime":1703560089010,"time":"2023-12-26T06:47:59.588Z"}},{"iob":-0.005,"basaliob":-0.019,"bolussnooze":0,"activity":0,"lastBolusTime":1703560089010,"time":"2023-12-26T06:52:59.588Z","iobWithZeroTemp":{"iob":-0.398,"basaliob":-0.412,"bolussnooze":0,"activity":-0.0042,"lastBolusTime":1703560089010,"time":"2023-12-26T06:52:59.588Z"}},{"iob":-0.006,"basaliob":-0.018,"bolussnooze":0,"activity":-1.0E-4,"lastBolusTime":1703560089010,"time":"2023-12-26T06:57:59.588Z","iobWithZeroTemp":{"iob":-0.405,"basaliob":-0.417,"bolussnooze":0,"activity":-0.0044,"lastBolusTime":1703560089010,"time":"2023-12-26T06:57:59.588Z"}},{"iob":-0.005,"basaliob":-0.016,"bolussnooze":0,"activity":0,"lastBolusTime":1703560089010,"time":"2023-12-26T07:02:59.588Z","iobWithZeroTemp":{"iob":-0.409,"basaliob":-0.42,"bolussnooze":0,"activity":-0.0044,"lastBolusTime":1703560089010,"time":"2023-12-26T07:02:59.588Z"}},{"iob":-0.005,"basaliob":-0.014,"bolussnooze":0,"activity":0,"lastBolusTime":1703560089010,"time":"2023-12-26T07:07:59.588Z","iobWithZeroTemp":{"iob":-0.413,"basaliob":-0.422,"bolussnooze":0,"activity":-0.0045,"lastBolusTime":1703560089010,"time":"2023-12-26T07:07:59.588Z"}},{"iob":-0.005,"basaliob":-0.013,"bolussnooze":0,"activity":-1.0E-4,"lastBolusTime":1703560089010,"time":"2023-12-26T07:12:59.588Z","iobWithZeroTemp":{"iob":-0.417,"basaliob":-0.425,"bolussnooze":0,"activity":-0.0046,"lastBolusTime":1703560089010,"time":"2023-12-26T07:12:59.588Z"}},{"iob":-0.005,"basaliob":-0.012,"bolussnooze":0,"activity":0,"lastBolusTime":1703560089010,"time":"2023-12-26T07:17:59.588Z","iobWithZeroTemp":{"iob":-0.42,"basaliob":-0.427,"bolussnooze":0,"activity":-0.0046,"lastBolusTime":1703560089010,"time":"2023-12-26T07:17:59.588Z"}},{"iob":-0.004,"basaliob":-0.01,"bolussnooze":0,"activity":0,"lastBolusTime":1703560089010,"time":"2023-12-26T07:22:59.588Z","iobWithZeroTemp":{"iob":-0.422,"basaliob":-0.428,"bolussnooze":0,"activity":-0.0047,"lastBolusTime":1703560089010,"time":"2023-12-26T07:22:59.588Z"}},{"iob":-0.004,"basaliob":-0.009,"bolussnooze":0,"activity":0,"lastBolusTime":1703560089010,"time":"2023-12-26T07:27:59.588Z","iobWithZeroTemp":{"iob":-0.425,"basaliob":-0.43,"bolussnooze":0,"activity":-0.0047,"lastBolusTime":1703560089010,"time":"2023-12-26T07:27:59.588Z"}},{"iob":-0.004,"basaliob":-0.008,"bolussnooze":0,"activity":-1.0E-4,"lastBolusTime":1703560089010,"time":"2023-12-26T07:32:59.588Z","iobWithZeroTemp":{"iob":-0.427,"basaliob":-0.431,"bolussnooze":0,"activity":-0.0049,"lastBolusTime":1703560089010,"time":"2023-12-26T07:32:59.588Z"}},{"iob":-0.004,"basaliob":-0.008,"bolussnooze":0,"activity":-1.0E-4,"lastBolusTime":1703560089010,"time":"2023-12-26T07:37:59.588Z","iobWithZeroTemp":{"iob":-0.429,"basaliob":-0.433,"bolussnooze":0,"activity":-0.0049,"lastBolusTime":1703560089010,"time":"2023-12-26T07:37:59.588Z"}},{"iob":-0.004,"basaliob":-0.007,"bolussnooze":0,"activity":-1.0E-4,"lastBolusTime":1703560089010,"time":"2023-12-26T07:42:59.588Z","iobWithZeroTemp":{"iob":-0.431,"basaliob":-0.434,"bolussnooze":0,"activity":-0.005,"lastBolusTime":1703560089010,"time":"2023-12-26T07:42:59.588Z"}},{"iob":-0.004,"basaliob":-0.006,"bolussnooze":0,"activity":0,"lastBolusTime":1703560089010,"time":"2023-12-26T07:47:59.588Z","iobWithZeroTemp":{"iob":-0.433,"basaliob":-0.435,"bolussnooze":0,"activity":-0.0049,"lastBolusTime":1703560089010,"time":"2023-12-26T07:47:59.588Z"}},{"iob":-0.003,"basaliob":-0.005,"bolussnooze":0,"activity":0,"lastBolusTime":1703560089010,"time":"2023-12-26T07:52:59.588Z","iobWithZeroTemp":{"iob":-0.433,"basaliob":-0.435,"bolussnooze":0,"activity":-0.0049,"lastBolusTime":1703560089010,"time":"2023-12-26T07:52:59.588Z"}},{"iob":-0.003,"basaliob":-0.005,"bolussnooze":0,"activity":0,"lastBolusTime":1703560089010,"time":"2023-12-26T07:57:59.588Z","iobWithZeroTemp":{"iob":-0.435,"basaliob":-0.437,"bolussnooze":0,"activity":-0.005,"lastBolusTime":1703560089010,"time":"2023-12-26T07:57:59.588Z"}},{"iob":-0.003,"basaliob":-0.004,"bolussnooze":0,"activity":0,"lastBolusTime":1703560089010,"time":"2023-12-26T08:02:59.588Z","iobWithZeroTemp":{"iob":-0.436,"basaliob":-0.437,"bolussnooze":0,"activity":-0.005,"lastBolusTime":1703560089010,"time":"2023-12-26T08:02:59.588Z"}},{"iob":-0.003,"basaliob":-0.004,"bolussnooze":0,"activity":-1.0E-4,"lastBolusTime":1703560089010,"time":"2023-12-26T08:07:59.588Z","iobWithZeroTemp":{"iob":-0.438,"basaliob":-0.439,"bolussnooze":0,"activity":-0.0051,"lastBolusTime":1703560089010,"time":"2023-12-26T08:07:59.588Z"}},{"iob":-0.002,"basaliob":-0.003,"bolussnooze":0,"activity":-1.0E-4,"lastBolusTime":1703560089010,"time":"2023-12-26T08:12:59.588Z","iobWithZeroTemp":{"iob":-0.438,"basaliob":-0.439,"bolussnooze":0,"activity":-0.0052,"lastBolusTime":1703560089010,"time":"2023-12-26T08:12:59.588Z"}},{"iob":-0.002,"basaliob":-0.003,"bolussnooze":0,"activity":-1.0E-4,"lastBolusTime":1703560089010,"time":"2023-12-26T08:17:59.588Z","iobWithZeroTemp":{"iob":-0.439,"basaliob":-0.44,"bolussnooze":0,"activity":-0.0052,"lastBolusTime":1703560089010,"time":"2023-12-26T08:17:59.588Z"}},{"iob":-0.002,"basaliob":-0.002,"bolussnooze":0,"activity":-1.0E-4,"lastBolusTime":1703560089010,"time":"2023-12-26T08:22:59.588Z","iobWithZeroTemp":{"iob":-0.44,"basaliob":-0.44,"bolussnooze":0,"activity":-0.0052,"lastBolusTime":1703560089010,"time":"2023-12-26T08:22:59.588Z"}},{"iob":-0.002,"basaliob":-0.002,"bolussnooze":0,"activity":-1.0E-4,"lastBolusTime":1703560089010,"time":"2023-12-26T08:27:59.588Z","iobWithZeroTemp":{"iob":-0.441,"basaliob":-0.441,"bolussnooze":0,"activity":-0.0052,"lastBolusTime":1703560089010,"time":"2023-12-26T08:27:59.588Z"}}],"profile":{"max_iob":10,"type":"current","max_daily_basal":0.41,"max_basal":1.05,"min_bg":95,"max_bg":95,"target_bg":95,"carb_ratio":7.639,"sens":140.517,"max_daily_safety_multiplier":3,"current_basal_safety_multiplier":4,"lgsThreshold":95,"high_temptarget_raises_sensitivity":true,"low_temptarget_lowers_sensitivity":true,"sensitivity_raises_target":true,"resistance_lowers_target":true,"adv_target_adjustments":false,"exercise_mode":false,"half_basal_exercise_target":160,"maxCOB":120,"skip_neutral_temps":false,"remainingCarbsCap":90,"enableUAM":true,"A52_risk_enable":false,"SMBInterval":3,"enableSMB_with_COB":true,"enableSMB_with_temptarget":true,"allowSMB_with_high_temptarget":false,"enableSMB_always":false,"enableSMB_after_carbs":true,"maxSMBBasalMinutes":30,"maxUAMSMBBasalMinutes":40,"bolus_increment":0.05,"carbsReqThreshold":4,"current_basal":0.25,"temptargetSet":false,"autosens_max":1.3,"autosens_min":0.7,"variable_sens":183.7,"insulinDivisor":75,"TDD":10.855106798809524},"autosens_data":{"ratio":1.0606511212122167},"meal_data":{"carbs":0,"mealCOB":0,"slopeFromMaxDeviation":-0.36300000000000004,"slopeFromMinDeviation":0.1272727272727273,"lastBolusTime":1703560089010,"lastCarbTime":0},"microBolusAllowed":true,"currentTime":1703565180512,"flatBGsDetected":false,"tdd1D":15.68566666666667,"tdd7D":15.075095238095239,"tddLast24H":15.989416666666664,"tddLast4H":1.49025,"tddLast8to4H":0.6791666666666667},"output":{"temp":"absolute","bg":110,"tick":-3,"eventualBG":88,"targetBG":93,"insulinReq":0,"deliverAt":"2023-12-26T04:33:00.512Z","sensitivityRatio":1.0606511212122167,"variable_sens":183.7,"predBGs":{"IOB":[110,107,104,101,99,97,95,94,92,91,90,88,87,87,86,85,84,84,84,83,83,83,83,82,82,82,82,82,82,82,82,82,82,82,82,82,82,82,83],"ZT":[110,106,102,99,97,95,93,91,90,90,90,90,91,92,93],"UAM":[110,106,103,100,97,94,92,90,88,87,85,84,83,82,81,81,80,80,79,79,78,78,78,78,78,78,78,78,78,78,78,78,78,78,78,78,78,78,78,78,78,78,78,78,78,78,79]},"reason":"COB: 0, Dev: 5, BGI: -4, ISF: 184, CR: 7.64, Target: 93, minPredBG 84, minGuardBG 78, IOBpredBG 83, UAMpredBG 79; minGuardBG 78<95 70m left and 0 ~ req 0U\/hr: no temp required","COB":0,"IOB":0.146,"timestamp":"2023-12-26T04:33:00.526Z"}}