{"algorithm":"OpenAPSSMBDynamicISFPlugin","input":{"glucoseStatus":{"glucose":159,"noise":0,"delta":0.5,"short_avgdelta":0.5,"long_avgdelta":-0.02,"date":1703631460000},"currenttemp":{"temp":"absolute","duration":110,"rate":0,"minutesrunning":10},"iob_data":[{"iob":1.393,"basaliob":-0.192,"bolussnooze":0.6223,"activity":0.0151,"lastBolusTime":1703630626447,"time":"2023-12-26T22:58:04.912Z","iobWithZeroTemp":{"iob":1.393,"basaliob":-0.192,"bolussnooze":0.6223,"activity":0.0151,"lastBolusTime":1703630626447,"time":"2023-12-26T22:58:04.912Z"}},{"iob":1.317,"basaliob":-0.178,"bolussnooze":0.5553,"activity":0.0152,"lastBolusTime":1703630626447,"time":"2023-12-26T23:03:04.912Z","iobWithZeroTemp":{"iob":1.3,"basaliob":-0.195,"bolussnooze":0.5553,"activity":0.0152,"lastBolusTime":1703630626447,"time":"2023-12-26T23:03:04.912Z"}},{"iob":1.242,"basaliob":-0.164,"bolussnooze":0.4888,"activity":0.0152,"lastBolusTime":1703630626447,"time":"2023-12-26T23:08:04.912Z","iobWithZeroTemp":{"iob":1.205,"basaliob":-0.201,"bolussnooze":0.4888,"activity":0.0151,"lastBolusTime":1703630626447,"time":"2023-12-26T23:08:04.912Z"}},{"iob":1.166,"basaliob":-0.151,"bolussnooze":0.4253,"activity":0.015,"lastBolusTime":1703630626447,"time":"2023-12-26T23:13:04.912Z","iobWithZeroTemp":{"iob":1.108,"basaliob":-0.209,"bolussnooze":0.4253,"activity":0.0148,"lastBolusTime":1703630626447,"time":"2023-12-26T23:13:04.912Z"}},{"iob":1.091,"basaliob":-0.139,"bolussnooze":0.3664,"activity":0.0147,"lastBolusTime":1703630626447,"time":"2023-12-26T23:18:04.912Z","iobWithZeroTemp":{"iob":1.014,"basaliob":-0.216,"bolussnooze":0.3664,"activity":0.0144,"lastBolusTime":1703630626447,"time":"2023-12-26T23:18:04.912Z"}},{"iob":1.018,"basaliob":-0.128,"bolussnooze":0.3129,"activity":0.0143,"lastBolusTime":1703630626447,"time":"2023-12-26T23:23:04.912Z","iobWithZeroTemp":{"iob":0.922,"basaliob":-0.224,"bolussnooze":0.3129,"activity":0.0139,"lastBolusTime":1703630626447,"time":"2023-12-26T23:23:04.912Z"}},{"iob":0.948,"basaliob":-0.117,"bolussnooze":0.2652,"activity":0.0138,"lastBolusTime":1703630626447,"time":"2023-12-26T23:28:04.912Z","iobWithZeroTemp":{"iob":0.834,"basaliob":-0.231,"bolussnooze":0.2652,"activity":0.0132,"lastBolusTime":1703630626447,"time":"2023-12-26T23:28:04.912Z"}},{"iob":0.881,"basaliob":-0.107,"bolussnooze":0.2231,"activity":0.0133,"lastBolusTime":1703630626447,"time":"2023-12-26T23:33:04.912Z","iobWithZeroTemp":{"iob":0.749,"basaliob":-0.239,"bolussnooze":0.2231,"activity":0.0125,"lastBolusTime":1703630626447,"time":"2023-12-26T23:33:04.912Z"}},{"iob":0.816,"basaliob":-0.098,"bolussnooze":0.1864,"activity":0.0126,"lastBolusTime":1703630626447,"time":"2023-12-26T23:38:04.912Z","iobWithZeroTemp":{"iob":0.667,"basaliob":-0.247,"bolussnooze":0.1864,"activity":0.0117,"lastBolusTime":1703630626447,"time":"2023-12-26T23:38:04.912Z"}},{"iob":0.755,"basaliob":-0.089,"bolussnooze":0.1548,"activity":0.012,"lastBolusTime":1703630626447,"time":"2023-12-26T23:43:04.912Z","iobWithZeroTemp":{"iob":0.591,"basaliob":-0.253,"bolussnooze":0.1548,"activity":0.0109,"lastBolusTime":1703630626447,"time":"2023-12-26T23:43:04.912Z"}},{"iob":0.696,"basaliob":-0.081,"bolussnooze":0.1278,"activity":0.0114,"lastBolusTime":1703630626447,"time":"2023-12-26T23:48:04.912Z","iobWithZeroTemp":{"iob":0.517,"basaliob":-0.26,"bolussnooze":0.1278,"activity":0.0101,"lastBolusTime":1703630626447,"time":"2023-12-26T23:48:04.912Z"}},{"iob":0.641,"basaliob":-0.074,"bolussnooze":0.1048,"activity":0.0107,"lastBolusTime":1703630626447,"time":"2023-12-26T23:53:04.912Z","iobWithZeroTemp":{"iob":0.448,"basaliob":-0.267,"bolussnooze":0.1048,"activity":0.0092,"lastBolusTime":1703630626447,"time":"2023-12-26T23:53:04.912Z"}},{"iob":0.589,"basaliob":-0.067,"bolussnooze":0.0855,"activity":0.0101,"lastBolusTime":1703630626447,"time":"2023-12-26T23:58:04.912Z","iobWithZeroTemp":{"iob":0.383,"basaliob":-0.273,"bolussnooze":0.0855,"activity":0.0085,"lastBolusTime":1703630626447,"time":"2023-12-26T23:58:04.912Z"}},{"iob":0.54,"basaliob":-0.061,"bolussnooze":0.0694,"activity":0.0094,"lastBolusTime":1703630626447,"time":"2023-12-27T00:03:04.912Z","iobWithZeroTemp":{"iob":0.326,"basaliob":-0.275,"bolussnooze":0.0694,"activity":0.0076,"lastBolusTime":1703630626447,"time":"2023-12-27T00:03:04.912Z"}},{"iob":0.495,"basaliob":-0.055,"bolussnooze":0.056,"activity":0.0088,"lastBolusTime":1703630626447,"time":"2023-12-27T00:08:04.912Z","iobWithZeroTemp":{"iob":0.273,"basaliob":-0.277,"bolussnooze":0.056,"activity":0.0068,"lastBolusTime":1703630626447,"time":"2023-12-27T00:08:04.912Z"}},{"iob":0.452,"basaliob":-0.05,"bolussnooze":0.0449,"activity":0.0082,"lastBolusTime":1703630626447,"time":"2023-12-27T00:13:04.912Z","iobWithZeroTemp":{"iob":0.224,"basaliob":-0.278,"bolussnooze":0.0449,"activity":0.0061,"lastBolusTime":1703630626447,"time":"2023-12-27T00:13:04.912Z"}},{"iob":0.412,"basaliob":-0.045,"bolussnooze":0.0358,"activity":0.0076,"lastBolusTime":1703630626447,"time":"2023-12-27T00:18:04.912Z","iobWithZeroTemp":{"iob":0.178,"basaliob":-0.279,"bolussnooze":0.0358,"activity":0.0054,"lastBolusTime":1703630626447,"time":"2023-12-27T00:18:04.912Z"}},{"iob":0.376,"basaliob":-0.04,"bolussnooze":0.0284,"activity":0.007,"lastBolusTime":1703630626447,"time":"2023-12-27T00:23:04.912Z","iobWithZeroTemp":{"iob":0.137,"basaliob":-0.279,"bolussnooze":0.0284,"activity":0.0047,"lastBolusTime":1703630626447,"time":"2023-12-27T00:23:04.912Z"}},{"iob":0.342,"basaliob":-0.036,"bolussnooze":0.0223,"activity":0.0065,"lastBolusTime":1703630626447,"time":"2023-12-27T00:28:04.912Z","iobWithZeroTemp":{"iob":0.098,"basaliob":-0.28,"bolussnooze":0.0223,"activity":0.0041,"lastBolusTime":1703630626447,"time":"2023-12-27T00:28:04.912Z"}},{"iob":0.311,"basaliob":-0.032,"bolussnooze":0.0173,"activity":0.006,"lastBolusTime":1703630626447,"time":"2023-12-27T00:33:04.912Z","iobWithZeroTemp":{"iob":0.062,"basaliob":-0.281,"bolussnooze":0.0173,"activity":0.0035,"lastBolusTime":1703630626447,"time":"2023-12-27T00:33:04.912Z"}},{"iob":0.282,"basaliob":-0.029,"bolussnooze":0.0133,"activity":0.0056,"lastBolusTime":1703630626447,"time":"2023-12-27T00:38:04.912Z","iobWithZeroTemp":{"iob":0.03,"basaliob":-0.281,"bolussnooze":0.0133,"activity":0.003,"lastBolusTime":1703630626447,"time":"2023-12-27T00:38:04.912Z"}},{"iob":0.255,"basaliob":-0.026,"bolussnooze":0.0101,"activity":0.0051,"lastBolusTime":1703630626447,"time":"2023-12-27T00:43:04.912Z","iobWithZeroTemp":{"iob":-0.001,"basaliob":-0.282,"bolussnooze":0.0101,"activity":0.0024,"lastBolusTime":1703630626447,"time":"2023-12-27T00:43:04.912Z"}},{"iob":0.231,"basaliob":-0.023,"bolussnooze":0.0076,"activity":0.0047,"lastBolusTime":1703630626447,"time":"2023-12-27T00:48:04.912Z","iobWithZeroTemp":{"iob":-0.028,"basaliob":-0.282,"bolussnooze":0.0076,"activity":0.0019,"lastBolusTime":1703630626447,"time":"2023-12-27T00:48:04.912Z"}},{"iob":0.208,"basaliob":-0.021,"bolussnooze":0.0056,"activity":0.0043,"lastBolusTime":1703630626447,"time":"2023-12-27T00:53:04.912Z","iobWithZeroTemp":{"iob":-0.054,"basaliob":-0.283,"bolussnooze":0.0056,"activity":0.0015,"lastBolusTime":1703630626447,"time":"2023-12-27T00:53:04.912Z"}},{"iob":0.188,"basaliob":-0.018,"bolussnooze":0.0041,"activity":0.004,"lastBolusTime":1703630626447,"time":"2023-12-27T00:58:04.912Z","iobWithZeroTemp":{"iob":-0.076,"basaliob":-0.282,"bolussnooze":0.0041,"activity":0.0011,"lastBolusTime":1703630626447,"time":"2023-12-27T00:58:04.912Z"}},{"iob":0.169,"basaliob":-0.016,"bolussnooze":0.0029,"activity":0.0036,"lastBolusTime":1703630626447,"time":"2023-12-27T01:03:04.912Z","iobWithZeroTemp":{"iob":-0.093,"basaliob":-0.278,"bolussnooze":0.0029,"activity":7.0E-4,"lastBolusTime":1703630626447,"time":"2023-12-27T01:03:04.912Z"}},{"iob":0.152,"basaliob":-0.014,"bolussnooze":0.002,"activity":0.0032,"lastBolusTime":1703630626447,"time":"2023-12-27T01:08:04.912Z","iobWithZeroTemp":{"iob":-0.108,"basaliob":-0.274,"bolussnooze":0.002,"activity":2.0E-4,"lastBolusTime":1703630626447,"time":"2023-12-27T01:08:04.912Z"}},{"iob":0.136,"basaliob":-0.013,"bolussnooze":0.0013,"activity":0.003,"lastBolusTime":1703630626447,"time":"2023-12-27T01:13:04.912Z","iobWithZeroTemp":{"iob":-0.122,"basaliob":-0.271,"bolussnooze":0.0013,"activity":0,"lastBolusTime":1703630626447,"time":"2023-12-27T01:13:04.912Z"}},{"iob":0.122,"basaliob":-0.011,"bolussnooze":8.0E-4,"activity":0.0027,"lastBolusTime":1703630626447,"time":"2023-12-27T01:18:04.912Z","iobWithZeroTemp":{"iob":-0.133,"basaliob":-0.266,"bolussnooze":8.0E-4,"activity":-3.0E-4,"lastBolusTime":1703630626447,"time":"2023-12-27T01:18:04.912Z"}},{"iob":0.109,"basaliob":-0.01,"bolussnooze":5.0E-4,"activity":0.0024,"lastBolusTime":1703630626447,"time":"2023-12-27T01:23:04.912Z","iobWithZeroTemp":{"iob":-0.144,"basaliob":-0.263,"bolussnooze":5.0E-4,"activity":-6.0E-4,"lastBolusTime":1703630626447,"time":"2023-12-27T01:23:04.912Z"}},{"iob":0.097,"basaliob":-0.009,"bolussnooze":2.0E-4,"activity":0.0022,"lastBolusTime":1703630626447,"time":"2023-12-27T01:28:04.912Z","iobWithZeroTemp":{"iob":-0.153,"basaliob":-0.259,"bolussnooze":2.0E-4,"activity":-8.0E-4,"lastBolusTime":1703630626447,"time":"2023-12-27T01:28:04.912Z"}},{"iob":0.087,"basaliob":-0.008,"bolussnooze":1.0E-4,"activity":0.002,"lastBolusTime":1703630626447,"time":"2023-12-27T01:33:04.912Z","iobWithZeroTemp":{"iob":-0.161,"basaliob":-0.256,"bolussnooze":1.0E-4,"activity":-0.001,"lastBolusTime":1703630626447,"time":"2023-12-27T01:33:04.912Z"}},{"iob":0.077,"basaliob":-0.007,"bolussnooze":0,"activity":0.0018,"lastBolusTime":1703630626447,"time":"2023-12-27T01:38:04.912Z","iobWithZeroTemp":{"iob":-0.169,"basaliob":-0.253,"bolussnooze":0,"activity":-0.0012,"lastBolusTime":1703630626447,"time":"2023-12-27T01:38:04.912Z"}},{"iob":0.069,"basaliob":-0.006,"bolussnooze":0,"activity":0.0016,"lastBolusTime":1703630626447,"time":"2023-12-27T01:43:04.912Z","iobWithZeroTemp":{"iob":-0.174,"basaliob":-0.249,"bolussnooze":0,"activity":-0.0014,"lastBolusTime":1703630626447,"time":"2023-12-27T01:43:04.912Z"}},{"iob":0.061,"basaliob":-0.005,"bolussnooze":0,"activity":0.0015,"lastBolusTime":1703630626447,"time":"2023-12-27T01:48:04.912Z","iobWithZeroTemp":{"iob":-0.18,"basaliob":-0.246,"bolussnooze":0,"activity":-0.0014,"lastBolusTime":1703630626447,"time":"2023-12-27T01:48:04.912Z"}},{"iob":0.054,"basaliob":-0.004,"bolussnooze":0,"activity":0.0014,"lastBolusTime":1703630626447,"time":"2023-12-27T01:53:04.912Z","iobWithZeroTemp":{"iob":-0.185,"basaliob":-0.243,"bolussnooze":0,"activity":-0.0015,"lastBolusTime":1703630626447,"time":"2023-12-27T01:53:04.912Z"}},{"iob":0.047,"basaliob":-0.004,"bolussnooze":0,"activity":0.0012,"lastBolusTime":1703630626447,"time":"2023-12-27T01:58:04.912Z","iobWithZeroTemp":{"iob":-0.19,"basaliob":-0.241,"bolussnooze":0,"activity":-0.0017,"lastBolusTime":1703630626447,"time":"2023-12-27T01:58:04.912Z"}},{"iob":0.042,"basaliob":-0.003,"bolussnooze":0,"activity":0.0011,"lastBolusTime":1703630626447,"time":"2023-12-27T02:03:04.912Z","iobWithZeroTemp":{"iob":-0.197,"basaliob":-0.242,"bolussnooze":0,"activity":-0.0018,"lastBolusTime":1703630626447,"time":"2023-12-27T02:03:04.912Z"}},{"iob":0.037,"basaliob":-0.003,"bolussnooze":0,"activity":9.0E-4,"lastBolusTime":1703630626447,"time":"2023-12-27T02:08:04.912Z","iobWithZeroTemp":{"iob":-0.204,"basaliob":-0.244,"bolussnooze":0,"activity":-0.002,"lastBolusTime":1703630626447,"time":"2023-12-27T02:08:04.912Z"}},{"iob":0.033,"basaliob":-0.002,"bolussnooze":0,"activity":8.0E-4,"lastBolusTime":1703630626447,"time":"2023-12-27T02:13:04.912Z","iobWithZeroTemp":{"iob":-0.21,"basaliob":-0.245,"bolussnooze":0,"activity":-0.0021,"lastBolusTime":1703630626447,"time":"2023-12-27T02:13:04.912Z"}},{"iob":0.028,"basaliob":-0.002,"bolussnooze":0,"activity":7.0E-4,"lastBolusTime":1703630626447,"time":"2023-12-27T02:18:04.912Z","iobWithZeroTemp":{"iob":-0.218,"basaliob":-0.248,"bolussnooze":0,"activity":-0.0022,"lastBolusTime":1703630626447,"time":"2023-12-27T02:18:04.912Z"}},{"iob":0.024,"basaliob":-0.002,"bolussnooze":0,"activity":6.0E-4,"lastBolusTime":1703630626447,"time":"2023-12-27T02:23:04.912Z","iobWithZeroTemp":{"iob":-0.224,"basaliob":-0.25,"bolussnooze":0,"activity":-0.0023,"lastBolusTime":1703630626447,"time":"2023-12-27T02:23:04.912Z"}},{"iob":0.022,"basaliob":-0.001,"bolussnooze":0,"activity":7.0E-4,"lastBolusTime":1703630626447,"time":"2023-12-27T02:28:04.912Z","iobWithZeroTemp":{"iob":-0.228,"basaliob":-0.251,"bolussnooze":0,"activity":-0.0022,"lastBolusTime":1703630626447,"time":"2023-12-27T02:28:04.912Z"}},{"iob":0.019,"basaliob":-0.001,"bolussnooze":0,"activity":6.0E-4,"lastBolusTime":1703630626447,"time":"2023-12-27T02:33:04.912Z","iobWithZeroTemp":{"iob":-0.233,"basaliob":-0.253,"bolussnooze":0,"activity":-0.0023,"lastBolusTime":1703630626447,"time":"2023-12-27T02:33:04.912Z"}},{"iob":0.016,"basaliob":-0.001,"bolussnooze":0,"activity":5.0E-4,"lastBolusTime":1703630626447,"time":"2023-12-27T02:38:04.912Z","iobWithZeroTemp":{"iob":-0.238,"basaliob":-0.255,"bolussnooze":0,"activity":-0.0024,"lastBolusTime":1703630626447,"time":"2023-12-27T02:38:04.912Z"}},{"iob":0.014,"basaliob":-0.001,"bolussnooze":0,"activity":4.0E-4,"lastBolusTime":1703630626447,"time":"2023-12-27T02:43:04.912Z","iobWithZeroTemp":{"iob":-0.242,"basaliob":-0.257,"bolussnooze":0,"activity":-0.0026,"lastBolusTime":1703630626447,"time":"2023-12-27T02:43:04.912Z"}},{"iob":0.012,"basaliob":-0.001,"bolussnooze":0,"activity":4.0E-4,"lastBolusTime":1703630626447,"time":"2023-12-27T02:48:04.912Z","iobWithZeroTemp":{"iob":-0.246,"basaliob":-0.259,"bolussnooze":0,"activity":-0.0026,"lastBolusTime":1703630626447,"time":"2023-12-27T02:48:04.912Z"}},{"iob":0.01,"basaliob":-0.001,"bolussnooze":0,"activity":3.0E-4,"lastBolusTime":1703630626447,"time":"2023-12-27T02:53:04.912Z","iobWithZeroTemp":{"iob":-0.25,"basaliob":-0.261,"bolussnooze":0,"activity":-0.0027,"lastBolusTime":1703630626447,"time":"2023-12-27T02:53:04.912Z"}}],"profile":{"max_iob":10,"type":"current","max_daily_basal":0.35,"max_basal":1,"min_bg":75,"max_bg":75,"target_bg":75,"carb_ratio":8.2,"sens":110,"max_daily_safety_multiplier":3,"current_basal_safety_multiplier":4,"lgsThreshold":95,"high_temptarget_raises_sensitivity":true,"low_temptarget_lowers_sensitivity":true,"sensitivity_raises_target":true,"resistance_lowers_target":true,"adv_target_adjustments":false,"exercise_mode":false,"half_basal_exercise_target":160,"maxCOB":120,"skip_neutral_temps":false,"remainingCarbsCap":90,"enableUAM":true,"A52_risk_enable":false,"SMBInterval":3,"enableSMB_with_COB":true,"enableSMB_with_temptarget":true,"allowSMB_with_high_temptarget":false,"enableSMB_always":false,"enableSMB_after_carbs":true,"maxSMBBasalMinutes":30,"maxUAMSMBBasalMinutes":40,"bolus_increment":0.05,"carbsReqThreshold":4,"current_basal":0.25,"temptargetSet":true,"autosens_max":1.3,"autosens_min":0.7,"variable_sens":91.6,"insulinDivisor":75,"TDD":17.268304523809526},"autosens_data":{"ratio":1.4194990476250646},"meal_data":{"carbs":25,"mealCOB":0,"slopeFromMaxDeviation":-0.14229999999999998,"slopeFromMinDeviation":0.47666666666666657,"lastBolusTime":1703630626447,"lastCarbTime":1703625148854},"microBolusAllowed":true,"currentTime":1703631486339,"flatBGsDetected":false,"tdd1D":15.68566666666667,"tdd7D":15.075095238095239,"tddLast24H":21.399083333333337,"tddLast4H":5.8875,"tddLast8to4H":3.120833333333334},"output":{"temp":"absolute","bg":159,"tick":"+1","eventualBG":158,"targetBG":75,"insulinReq":0.09,"deliverAt":"2023-12-26T22:58:06.339Z","sensitivityRatio":1.3,"variable_sens":91.6,"predBGs":{"IOB":[159,159,158,157,155,152,149,146,142,137,132,127,122,116,111,106,101,96,92,88,84,80,76,73,69,66,63,60,58,55,53,51,49,47,45,44,42,41,39],"ZT":[159,152,145,138,130,123,115,108,101,93,86,80,73,66,60,54,48,43,39,39,39,39,39,39,39,39,39,39,39,39,39,39,39,39,39,39,39,39,39,39,39,39,39,42,45,48,50,53],"UAM":[159,159,159,159,159,158,158,158,157,157,157,157,157,157,157,157,158,158,158,159,160,160,161,161,162,162,163,163,163,163,164,164,164,163,163,163,162,161,161,160,160,160,160,159,159,159,159,158]},"reason":"COB: 0, Dev: 45, BGI: -7, ISF: 92, CR: 8.2, Target: 75, minPredBG 86, minGuardBG 157, IOBpredBG 39, UAMpredBG 158; Eventual BG 158 >= 75,  insulinReq 0.09. temp 0.00 < 0.51U\/hr. ","COB":0,"IOB":1.393,"duration":30,"rate":0.505,"timestamp":"2023-12-26T22:58:06.371Z"}}