{"algorithm":"OpenAPSSMBDynamicISFPlugin","input":{"glucoseStatus":{"glucose":151,"noise":0,"delta":12.67,"short_avgdelta":12.67,"long_avgdelta":8.33,"date":1703619760000},"currenttemp":{"temp":"absolute","duration":25,"rate":0.55,"minutesrunning":5},"iob_data":[{"iob":2.565,"basaliob":-0.181,"bolussnooze":1.8434,"activity":0.019,"lastBolusTime":1703619489435,"time":"2023-12-26T19:43:03.515Z","iobWithZeroTemp":{"iob":2.565,"basaliob":-0.181,"bolussnooze":1.8434,"activity":0.019,"lastBolusTime":1703619489435,"time":"2023-12-26T19:43:03.515Z"}},{"iob":2.465,"basaliob":-0.169,"bolussnooze":1.6644,"activity":0.021,"lastBolusTime":1703619489435,"time":"2023-12-26T19:48:03.515Z","iobWithZeroTemp":{"iob":2.442,"basaliob":-0.192,"bolussnooze":1.6644,"activity":0.021,"lastBolusTime":1703619489435,"time":"2023-12-26T19:48:03.515Z"}},{"iob":2.356,"basaliob":-0.158,"bolussnooze":1.4797,"activity":0.0225,"lastBolusTime":1703619489435,"time":"2023-12-26T19:53:03.515Z","iobWithZeroTemp":{"iob":2.304,"basaliob":-0.21,"bolussnooze":1.4797,"activity":0.0224,"lastBolusTime":1703619489435,"time":"2023-12-26T19:53:03.515Z"}},{"iob":2.241,"basaliob":-0.147,"bolussnooze":1.2989,"activity":0.0235,"lastBolusTime":1703619489435,"time":"2023-12-26T19:58:03.515Z","iobWithZeroTemp":{"iob":2.16,"basaliob":-0.228,"bolussnooze":1.2989,"activity":0.0233,"lastBolusTime":1703619489435,"time":"2023-12-26T19:58:03.515Z"}},{"iob":2.123,"basaliob":-0.136,"bolussnooze":1.1279,"activity":0.0239,"lastBolusTime":1703619489435,"time":"2023-12-26T20:03:03.515Z","iobWithZeroTemp":{"iob":2.015,"basaliob":-0.244,"bolussnooze":1.1279,"activity":0.0235,"lastBolusTime":1703619489435,"time":"2023-12-26T20:03:03.515Z"}},{"iob":2.003,"basaliob":-0.126,"bolussnooze":0.9704,"activity":0.0239,"lastBolusTime":1703619489435,"time":"2023-12-26T20:08:03.515Z","iobWithZeroTemp":{"iob":1.868,"basaliob":-0.261,"bolussnooze":0.9704,"activity":0.0233,"lastBolusTime":1703619489435,"time":"2023-12-26T20:08:03.515Z"}},{"iob":1.883,"basaliob":-0.117,"bolussnooze":0.8279,"activity":0.0237,"lastBolusTime":1703619489435,"time":"2023-12-26T20:13:03.515Z","iobWithZeroTemp":{"iob":1.723,"basaliob":-0.277,"bolussnooze":0.8279,"activity":0.0229,"lastBolusTime":1703619489435,"time":"2023-12-26T20:13:03.515Z"}},{"iob":1.765,"basaliob":-0.108,"bolussnooze":0.701,"activity":0.0233,"lastBolusTime":1703619489435,"time":"2023-12-26T20:18:03.515Z","iobWithZeroTemp":{"iob":1.58,"basaliob":-0.293,"bolussnooze":0.701,"activity":0.0222,"lastBolusTime":1703619489435,"time":"2023-12-26T20:18:03.515Z"}},{"iob":1.65,"basaliob":-0.099,"bolussnooze":0.5894,"activity":0.0227,"lastBolusTime":1703619489435,"time":"2023-12-26T20:23:03.515Z","iobWithZeroTemp":{"iob":1.442,"basaliob":-0.307,"bolussnooze":0.5894,"activity":0.0214,"lastBolusTime":1703619489435,"time":"2023-12-26T20:23:03.515Z"}},{"iob":1.538,"basaliob":-0.091,"bolussnooze":0.4922,"activity":0.022,"lastBolusTime":1703619489435,"time":"2023-12-26T20:28:03.515Z","iobWithZeroTemp":{"iob":1.308,"basaliob":-0.321,"bolussnooze":0.4922,"activity":0.0204,"lastBolusTime":1703619489435,"time":"2023-12-26T20:28:03.515Z"}},{"iob":1.43,"basaliob":-0.084,"bolussnooze":0.4084,"activity":0.0211,"lastBolusTime":1703619489435,"time":"2023-12-26T20:33:03.515Z","iobWithZeroTemp":{"iob":1.179,"basaliob":-0.335,"bolussnooze":0.4084,"activity":0.0193,"lastBolusTime":1703619489435,"time":"2023-12-26T20:33:03.515Z"}},{"iob":1.326,"basaliob":-0.077,"bolussnooze":0.3368,"activity":0.0202,"lastBolusTime":1703619489435,"time":"2023-12-26T20:38:03.515Z","iobWithZeroTemp":{"iob":1.056,"basaliob":-0.347,"bolussnooze":0.3368,"activity":0.0181,"lastBolusTime":1703619489435,"time":"2023-12-26T20:38:03.515Z"}},{"iob":1.228,"basaliob":-0.07,"bolussnooze":0.2759,"activity":0.0192,"lastBolusTime":1703619489435,"time":"2023-12-26T20:43:03.515Z","iobWithZeroTemp":{"iob":0.939,"basaliob":-0.359,"bolussnooze":0.2759,"activity":0.0169,"lastBolusTime":1703619489435,"time":"2023-12-26T20:43:03.515Z"}},{"iob":1.134,"basaliob":-0.064,"bolussnooze":0.2246,"activity":0.0182,"lastBolusTime":1703619489435,"time":"2023-12-26T20:48:03.515Z","iobWithZeroTemp":{"iob":0.828,"basaliob":-0.37,"bolussnooze":0.2246,"activity":0.0157,"lastBolusTime":1703619489435,"time":"2023-12-26T20:48:03.515Z"}},{"iob":1.046,"basaliob":-0.058,"bolussnooze":0.1817,"activity":0.0172,"lastBolusTime":1703619489435,"time":"2023-12-26T20:53:03.515Z","iobWithZeroTemp":{"iob":0.724,"basaliob":-0.38,"bolussnooze":0.1817,"activity":0.0144,"lastBolusTime":1703619489435,"time":"2023-12-26T20:53:03.515Z"}},{"iob":0.962,"basaliob":-0.053,"bolussnooze":0.146,"activity":0.0162,"lastBolusTime":1703619489435,"time":"2023-12-26T20:58:03.515Z","iobWithZeroTemp":{"iob":0.626,"basaliob":-0.389,"bolussnooze":0.146,"activity":0.0132,"lastBolusTime":1703619489435,"time":"2023-12-26T20:58:03.515Z"}},{"iob":0.884,"basaliob":-0.048,"bolussnooze":0.1164,"activity":0.0152,"lastBolusTime":1703619489435,"time":"2023-12-26T21:03:03.515Z","iobWithZeroTemp":{"iob":0.538,"basaliob":-0.394,"bolussnooze":0.1164,"activity":0.012,"lastBolusTime":1703619489435,"time":"2023-12-26T21:03:03.515Z"}},{"iob":0.81,"basaliob":-0.044,"bolussnooze":0.0921,"activity":0.0142,"lastBolusTime":1703619489435,"time":"2023-12-26T21:08:03.515Z","iobWithZeroTemp":{"iob":0.455,"basaliob":-0.399,"bolussnooze":0.0921,"activity":0.0108,"lastBolusTime":1703619489435,"time":"2023-12-26T21:08:03.515Z"}},{"iob":0.741,"basaliob":-0.04,"bolussnooze":0.0723,"activity":0.0133,"lastBolusTime":1703619489435,"time":"2023-12-26T21:13:03.515Z","iobWithZeroTemp":{"iob":0.379,"basaliob":-0.402,"bolussnooze":0.0723,"activity":0.0098,"lastBolusTime":1703619489435,"time":"2023-12-26T21:13:03.515Z"}},{"iob":0.677,"basaliob":-0.036,"bolussnooze":0.0562,"activity":0.0124,"lastBolusTime":1703619489435,"time":"2023-12-26T21:18:03.515Z","iobWithZeroTemp":{"iob":0.308,"basaliob":-0.405,"bolussnooze":0.0562,"activity":0.0087,"lastBolusTime":1703619489435,"time":"2023-12-26T21:18:03.515Z"}},{"iob":0.618,"basaliob":-0.032,"bolussnooze":0.0432,"activity":0.0114,"lastBolusTime":1703619489435,"time":"2023-12-26T21:23:03.515Z","iobWithZeroTemp":{"iob":0.242,"basaliob":-0.408,"bolussnooze":0.0432,"activity":0.0076,"lastBolusTime":1703619489435,"time":"2023-12-26T21:23:03.515Z"}},{"iob":0.563,"basaliob":-0.029,"bolussnooze":0.0329,"activity":0.0106,"lastBolusTime":1703619489435,"time":"2023-12-26T21:28:03.515Z","iobWithZeroTemp":{"iob":0.182,"basaliob":-0.41,"bolussnooze":0.0329,"activity":0.0066,"lastBolusTime":1703619489435,"time":"2023-12-26T21:28:03.515Z"}},{"iob":0.512,"basaliob":-0.026,"bolussnooze":0.0246,"activity":0.0098,"lastBolusTime":1703619489435,"time":"2023-12-26T21:33:03.515Z","iobWithZeroTemp":{"iob":0.126,"basaliob":-0.412,"bolussnooze":0.0246,"activity":0.0057,"lastBolusTime":1703619489435,"time":"2023-12-26T21:33:03.515Z"}},{"iob":0.464,"basaliob":-0.024,"bolussnooze":0.0182,"activity":0.0091,"lastBolusTime":1703619489435,"time":"2023-12-26T21:38:03.515Z","iobWithZeroTemp":{"iob":0.073,"basaliob":-0.415,"bolussnooze":0.0182,"activity":0.0049,"lastBolusTime":1703619489435,"time":"2023-12-26T21:38:03.515Z"}},{"iob":0.421,"basaliob":-0.021,"bolussnooze":0.0131,"activity":0.0083,"lastBolusTime":1703619489435,"time":"2023-12-26T21:43:03.515Z","iobWithZeroTemp":{"iob":0.026,"basaliob":-0.416,"bolussnooze":0.0131,"activity":0.004,"lastBolusTime":1703619489435,"time":"2023-12-26T21:43:03.515Z"}},{"iob":0.381,"basaliob":-0.019,"bolussnooze":0.0093,"activity":0.0077,"lastBolusTime":1703619489435,"time":"2023-12-26T21:48:03.515Z","iobWithZeroTemp":{"iob":-0.017,"basaliob":-0.417,"bolussnooze":0.0093,"activity":0.0034,"lastBolusTime":1703619489435,"time":"2023-12-26T21:48:03.515Z"}},{"iob":0.344,"basaliob":-0.017,"bolussnooze":0.0063,"activity":0.007,"lastBolusTime":1703619489435,"time":"2023-12-26T21:53:03.515Z","iobWithZeroTemp":{"iob":-0.057,"basaliob":-0.418,"bolussnooze":0.0063,"activity":0.0026,"lastBolusTime":1703619489435,"time":"2023-12-26T21:53:03.515Z"}},{"iob":0.311,"basaliob":-0.015,"bolussnooze":0.0042,"activity":0.0065,"lastBolusTime":1703619489435,"time":"2023-12-26T21:58:03.515Z","iobWithZeroTemp":{"iob":-0.093,"basaliob":-0.419,"bolussnooze":0.0042,"activity":0.002,"lastBolusTime":1703619489435,"time":"2023-12-26T21:58:03.515Z"}},{"iob":0.28,"basaliob":-0.013,"bolussnooze":0.0026,"activity":0.0059,"lastBolusTime":1703619489435,"time":"2023-12-26T22:03:03.515Z","iobWithZeroTemp":{"iob":-0.122,"basaliob":-0.415,"bolussnooze":0.0026,"activity":0.0014,"lastBolusTime":1703619489435,"time":"2023-12-26T22:03:03.515Z"}},{"iob":0.252,"basaliob":-0.012,"bolussnooze":0.0015,"activity":0.0054,"lastBolusTime":1703619489435,"time":"2023-12-26T22:08:03.515Z","iobWithZeroTemp":{"iob":-0.148,"basaliob":-0.412,"bolussnooze":0.0015,"activity":8.0E-4,"lastBolusTime":1703619489435,"time":"2023-12-26T22:08:03.515Z"}},{"iob":0.226,"basaliob":-0.011,"bolussnooze":8.0E-4,"activity":0.0049,"lastBolusTime":1703619489435,"time":"2023-12-26T22:13:03.515Z","iobWithZeroTemp":{"iob":-0.172,"basaliob":-0.409,"bolussnooze":8.0E-4,"activity":3.0E-4,"lastBolusTime":1703619489435,"time":"2023-12-26T22:13:03.515Z"}},{"iob":0.203,"basaliob":-0.009,"bolussnooze":3.0E-4,"activity":0.0045,"lastBolusTime":1703619489435,"time":"2023-12-26T22:18:03.515Z","iobWithZeroTemp":{"iob":-0.193,"basaliob":-0.405,"bolussnooze":3.0E-4,"activity":-1.0E-4,"lastBolusTime":1703619489435,"time":"2023-12-26T22:18:03.515Z"}},{"iob":0.182,"basaliob":-0.008,"bolussnooze":1.0E-4,"activity":0.0041,"lastBolusTime":1703619489435,"time":"2023-12-26T22:23:03.515Z","iobWithZeroTemp":{"iob":-0.212,"basaliob":-0.402,"bolussnooze":1.0E-4,"activity":-5.0E-4,"lastBolusTime":1703619489435,"time":"2023-12-26T22:23:03.515Z"}},{"iob":0.162,"basaliob":-0.007,"bolussnooze":0,"activity":0.0037,"lastBolusTime":1703619489435,"time":"2023-12-26T22:28:03.515Z","iobWithZeroTemp":{"iob":-0.229,"basaliob":-0.398,"bolussnooze":0,"activity":-9.0E-4,"lastBolusTime":1703619489435,"time":"2023-12-26T22:28:03.515Z"}},{"iob":0.145,"basaliob":-0.006,"bolussnooze":0,"activity":0.0033,"lastBolusTime":1703619489435,"time":"2023-12-26T22:33:03.515Z","iobWithZeroTemp":{"iob":-0.244,"basaliob":-0.395,"bolussnooze":0,"activity":-0.0013,"lastBolusTime":1703619489435,"time":"2023-12-26T22:33:03.515Z"}},{"iob":0.128,"basaliob":-0.006,"bolussnooze":0,"activity":0.0031,"lastBolusTime":1703619489435,"time":"2023-12-26T22:38:03.515Z","iobWithZeroTemp":{"iob":-0.258,"basaliob":-0.392,"bolussnooze":0,"activity":-0.0015,"lastBolusTime":1703619489435,"time":"2023-12-26T22:38:03.515Z"}},{"iob":0.114,"basaliob":-0.005,"bolussnooze":0,"activity":0.0027,"lastBolusTime":1703619489435,"time":"2023-12-26T22:43:03.515Z","iobWithZeroTemp":{"iob":-0.27,"basaliob":-0.389,"bolussnooze":0,"activity":-0.0019,"lastBolusTime":1703619489435,"time":"2023-12-26T22:43:03.515Z"}},{"iob":0.102,"basaliob":-0.004,"bolussnooze":0,"activity":0.0025,"lastBolusTime":1703619489435,"time":"2023-12-26T22:48:03.515Z","iobWithZeroTemp":{"iob":-0.28,"basaliob":-0.386,"bolussnooze":0,"activity":-0.0021,"lastBolusTime":1703619489435,"time":"2023-12-26T22:48:03.515Z"}},{"iob":0.09,"basaliob":-0.004,"bolussnooze":0,"activity":0.0022,"lastBolusTime":1703619489435,"time":"2023-12-26T22:53:03.515Z","iobWithZeroTemp":{"iob":-0.29,"basaliob":-0.384,"bolussnooze":0,"activity":-0.0024,"lastBolusTime":1703619489435,"time":"2023-12-26T22:53:03.515Z"}},{"iob":0.08,"basaliob":-0.003,"bolussnooze":0,"activity":0.002,"lastBolusTime":1703619489435,"time":"2023-12-26T22:58:03.515Z","iobWithZeroTemp":{"iob":-0.298,"basaliob":-0.381,"bolussnooze":0,"activity":-0.0026,"lastBolusTime":1703619489435,"time":"2023-12-26T22:58:03.515Z"}},{"iob":0.07,"basaliob":-0.003,"bolussnooze":0,"activity":0.0018,"lastBolusTime":1703619489435,"time":"2023-12-26T23:03:03.515Z","iobWithZeroTemp":{"iob":-0.306,"basaliob":-0.379,"bolussnooze":0,"activity":-0.0028,"lastBolusTime":1703619489435,"time":"2023-12-26T23:03:03.515Z"}},{"iob":0.062,"basaliob":-0.002,"bolussnooze":0,"activity":0.0016,"lastBolusTime":1703619489435,"time":"2023-12-26T23:08:03.515Z","iobWithZeroTemp":{"iob":-0.312,"basaliob":-0.376,"bolussnooze":0,"activity":-0.0029,"lastBolusTime":1703619489435,"time":"2023-12-26T23:08:03.515Z"}},{"iob":0.054,"basaliob":-0.002,"bolussnooze":0,"activity":0.0014,"lastBolusTime":1703619489435,"time":"2023-12-26T23:13:03.515Z","iobWithZeroTemp":{"iob":-0.318,"basaliob":-0.374,"bolussnooze":0,"activity":-0.0031,"lastBolusTime":1703619489435,"time":"2023-12-26T23:13:03.515Z"}},{"iob":0.047,"basaliob":-0.002,"bolussnooze":0,"activity":0.0012,"lastBolusTime":1703619489435,"time":"2023-12-26T23:18:03.515Z","iobWithZeroTemp":{"iob":-0.323,"basaliob":-0.372,"bolussnooze":0,"activity":-0.0033,"lastBolusTime":1703619489435,"time":"2023-12-26T23:18:03.515Z"}},{"iob":0.041,"basaliob":-0.002,"bolussnooze":0,"activity":0.0012,"lastBolusTime":1703619489435,"time":"2023-12-26T23:23:03.515Z","iobWithZeroTemp":{"iob":-0.328,"basaliob":-0.371,"bolussnooze":0,"activity":-0.0033,"lastBolusTime":1703619489435,"time":"2023-12-26T23:23:03.515Z"}},{"iob":0.036,"basaliob":-0.001,"bolussnooze":0,"activity":0.0011,"lastBolusTime":1703619489435,"time":"2023-12-26T23:28:03.515Z","iobWithZeroTemp":{"iob":-0.331,"basaliob":-0.368,"bolussnooze":0,"activity":-0.0034,"lastBolusTime":1703619489435,"time":"2023-12-26T23:28:03.515Z"}},{"iob":0.032,"basaliob":-0.001,"bolussnooze":0,"activity":9.0E-4,"lastBolusTime":1703619489435,"time":"2023-12-26T23:33:03.515Z","iobWithZeroTemp":{"iob":-0.334,"basaliob":-0.367,"bolussnooze":0,"activity":-0.0035,"lastBolusTime":1703619489435,"time":"2023-12-26T23:33:03.515Z"}},{"iob":0.027,"basaliob":-0.001,"bolussnooze":0,"activity":8.0E-4,"lastBolusTime":1703619489435,"time":"2023-12-26T23:38:03.515Z","iobWithZeroTemp":{"iob":-0.338,"basaliob":-0.366,"bolussnooze":0,"activity":-0.0036,"lastBolusTime":1703619489435,"time":"2023-12-26T23:38:03.515Z"}}],"profile":{"max_iob":10,"type":"current","max_daily_basal":0.35,"max_basal":1.05,"min_bg":90,"max_bg":90,"target_bg":90,"carb_ratio":8.2,"sens":110,"max_daily_safety_multiplier":3,"current_basal_safety_multiplier":4,"lgsThreshold":95,"high_temptarget_raises_sensitivity":true,"low_temptarget_lowers_sensitivity":true,"sensitivity_raises_target":true,"resistance_lowers_target":true,"adv_target_adjustments":false,"exercise_mode":false,"half_basal_exercise_target":160,"maxCOB":120,"skip_neutral_temps":false,"remainingCarbsCap":90,"enableUAM":true,"A52_risk_enable":false,"SMBInterval":3,"enableSMB_with_COB":true,"enableSMB_with_temptarget":true,"allowSMB_with_high_temptarget":false,"enableSMB_always":false,"enableSMB_after_carbs":true,"maxSMBBasalMinutes":30,"maxUAMSMBBasalMinutes":40,"bolus_increment":0.05,"carbsReqThreshold":4,"current_basal":0.35,"temptargetSet":true,"autosens_max":1.3,"autosens_min":0.7,"variable_sens":92.3,"insulinDivisor":75,"TDD":17.682042023809526},"autosens_data":{"ratio":1.2481347349933825},"meal_data":{"carbs":45,"mealCOB":16.964572727272728,"slopeFromMaxDeviation":0,"slopeFromMinDeviation":2.8449999999999998,"lastBolusTime":1703619489435,"lastCarbTime":1703618902707},"microBolusAllowed":true,"currentTime":1703619784905,"flatBGsDetected":false,"tdd1D":15.68566666666667,"tdd7D":15.075095238095239,"tddLast24H":18.81575,"tddLast4H":5.645833333333333,"tddLast8to4H":4.504166666666667},"output":{"temp":"absolute","bg":151,"tick":"+13","eventualBG":181,"targetBG":90,"insulinReq":0.03,"deliverAt":"2023-12-26T19:43:04.905Z","sensitivityRatio":1.2,"variable_sens":92.3,"predBGs":{"IOB":[151,162,170,177,181,184,185,184,181,177,172,164,156,147,138,130,122,114,106,98,91,83,76,69,62,55,48,41,39],"ZT":[151,142,132,121,109,95,81,65,47,39,39,39,39,39,39,39,39,39,39,39,39,39,39,39,39,39,39,39,39,39,39,39,39,39,39,39,39,39,39,39,39,39,39,39,39,39,39,39],"COB":[151,162,172,179,185,189,192,195,196,196,195,193,191,188,184,180,175,169,162,156,150,145,140,135,131,127,124,121,118,115,112,110,108,106,104,103,102,100,99,98,97,96,96,95,94,94,93],"UAM":[151,163,173,182,190,197,203,209,213,218,221,225,227,229,231,232,232,232,231,229,227,225,221,217,214,211,208,205,203,201,198,196,195,193,192,190,189,188,187,186,185,184,184,183,183,182,182,181]},"reason":"COB: 17, Dev: 129, BGI: -9, ISF: 92, CR: 8.2, Target: 90, minPredBG 93, minGuardBG 137, IOBpredBG 39, COBpredBG 93, UAMpredBG 181; Eventual BG 181 >= 90,  insulinReq 0.03. temp 0.55 >~ req 0.48U\/hr. ","COB":16.964572727272728,"IOB":2.565,"timestamp":"2023-12-26T19:43:04.936Z"}}