{"algorithm":"OpenAPSSMBDynamicISFPlugin","input":{"glucoseStatus":{"glucose":85,"noise":0,"delta":-2.72,"short_avgdelta":-2.72,"long_avgdelta":0.48,"date":1703586459000},"currenttemp":{"temp":"absolute","duration":54,"rate":0,"minutesrunning":66},"iob_data":[{"iob":-0.089,"basaliob":-0.353,"bolussnooze":0.0029,"activity":0.0013,"lastBolusTime":1703579585326,"time":"2023-12-26T10:29:36.083Z","iobWithZeroTemp":{"iob":-0.089,"basaliob":-0.353,"bolussnooze":0.0029,"activity":0.0013,"lastBolusTime":1703579585326,"time":"2023-12-26T10:29:36.083Z"}},{"iob":-0.094,"basaliob":-0.333,"bolussnooze":0.0018,"activity":9.0E-4,"lastBolusTime":1703579585326,"time":"2023-12-26T10:34:36.083Z","iobWithZeroTemp":{"iob":-0.11,"basaliob":-0.349,"bolussnooze":0.0018,"activity":9.0E-4,"lastBolusTime":1703579585326,"time":"2023-12-26T10:34:36.083Z"}},{"iob":-0.098,"basaliob":-0.313,"bolussnooze":0.001,"activity":5.0E-4,"lastBolusTime":1703579585326,"time":"2023-12-26T10:39:36.083Z","iobWithZeroTemp":{"iob":-0.134,"basaliob":-0.349,"bolussnooze":0.001,"activity":4.0E-4,"lastBolusTime":1703579585326,"time":"2023-12-26T10:39:36.083Z"}},{"iob":-0.099,"basaliob":-0.293,"bolussnooze":4.0E-4,"activity":2.0E-4,"lastBolusTime":1703579585326,"time":"2023-12-26T10:44:36.083Z","iobWithZeroTemp":{"iob":-0.154,"basaliob":-0.348,"bolussnooze":4.0E-4,"activity":0,"lastBolusTime":1703579585326,"time":"2023-12-26T10:44:36.083Z"}},{"iob":-0.1,"basaliob":-0.274,"bolussnooze":1.0E-4,"activity":-1.0E-4,"lastBolusTime":1703579585326,"time":"2023-12-26T10:49:36.083Z","iobWithZeroTemp":{"iob":-0.174,"basaliob":-0.348,"bolussnooze":1.0E-4,"activity":-4.0E-4,"lastBolusTime":1703579585326,"time":"2023-12-26T10:49:36.083Z"}},{"iob":-0.1,"basaliob":-0.256,"bolussnooze":0,"activity":-3.0E-4,"lastBolusTime":1703579585326,"time":"2023-12-26T10:54:36.083Z","iobWithZeroTemp":{"iob":-0.192,"basaliob":-0.348,"bolussnooze":0,"activity":-7.0E-4,"lastBolusTime":1703579585326,"time":"2023-12-26T10:54:36.083Z"}},{"iob":-0.098,"basaliob":-0.238,"bolussnooze":0,"activity":-4.0E-4,"lastBolusTime":1703579585326,"time":"2023-12-26T10:59:36.083Z","iobWithZeroTemp":{"iob":-0.208,"basaliob":-0.348,"bolussnooze":0,"activity":-0.001,"lastBolusTime":1703579585326,"time":"2023-12-26T10:59:36.083Z"}},{"iob":-0.095,"basaliob":-0.22,"bolussnooze":0,"activity":-6.0E-4,"lastBolusTime":1703579585326,"time":"2023-12-26T11:04:36.083Z","iobWithZeroTemp":{"iob":-0.221,"basaliob":-0.346,"bolussnooze":0,"activity":-0.0013,"lastBolusTime":1703579585326,"time":"2023-12-26T11:04:36.083Z"}},{"iob":-0.092,"basaliob":-0.204,"bolussnooze":0,"activity":-6.0E-4,"lastBolusTime":1703579585326,"time":"2023-12-26T11:09:36.083Z","iobWithZeroTemp":{"iob":-0.234,"basaliob":-0.346,"bolussnooze":0,"activity":-0.0015,"lastBolusTime":1703579585326,"time":"2023-12-26T11:09:36.083Z"}},{"iob":-0.088,"basaliob":-0.188,"bolussnooze":0,"activity":-7.0E-4,"lastBolusTime":1703579585326,"time":"2023-12-26T11:14:36.083Z","iobWithZeroTemp":{"iob":-0.245,"basaliob":-0.345,"bolussnooze":0,"activity":-0.0018,"lastBolusTime":1703579585326,"time":"2023-12-26T11:14:36.083Z"}},{"iob":-0.085,"basaliob":-0.174,"bolussnooze":0,"activity":-8.0E-4,"lastBolusTime":1703579585326,"time":"2023-12-26T11:19:36.083Z","iobWithZeroTemp":{"iob":-0.256,"basaliob":-0.345,"bolussnooze":0,"activity":-0.002,"lastBolusTime":1703579585326,"time":"2023-12-26T11:19:36.083Z"}},{"iob":-0.081,"basaliob":-0.16,"bolussnooze":0,"activity":-8.0E-4,"lastBolusTime":1703579585326,"time":"2023-12-26T11:24:36.083Z","iobWithZeroTemp":{"iob":-0.265,"basaliob":-0.344,"bolussnooze":0,"activity":-0.0022,"lastBolusTime":1703579585326,"time":"2023-12-26T11:24:36.083Z"}},{"iob":-0.077,"basaliob":-0.147,"bolussnooze":0,"activity":-8.0E-4,"lastBolusTime":1703579585326,"time":"2023-12-26T11:29:36.083Z","iobWithZeroTemp":{"iob":-0.273,"basaliob":-0.343,"bolussnooze":0,"activity":-0.0024,"lastBolusTime":1703579585326,"time":"2023-12-26T11:29:36.083Z"}},{"iob":-0.073,"basaliob":-0.134,"bolussnooze":0,"activity":-9.0E-4,"lastBolusTime":1703579585326,"time":"2023-12-26T11:34:36.083Z","iobWithZeroTemp":{"iob":-0.281,"basaliob":-0.342,"bolussnooze":0,"activity":-0.0026,"lastBolusTime":1703579585326,"time":"2023-12-26T11:34:36.083Z"}},{"iob":-0.069,"basaliob":-0.123,"bolussnooze":0,"activity":-8.0E-4,"lastBolusTime":1703579585326,"time":"2023-12-26T11:39:36.083Z","iobWithZeroTemp":{"iob":-0.288,"basaliob":-0.342,"bolussnooze":0,"activity":-0.0027,"lastBolusTime":1703579585326,"time":"2023-12-26T11:39:36.083Z"}},{"iob":-0.064,"basaliob":-0.112,"bolussnooze":0,"activity":-9.0E-4,"lastBolusTime":1703579585326,"time":"2023-12-26T11:44:36.083Z","iobWithZeroTemp":{"iob":-0.293,"basaliob":-0.341,"bolussnooze":0,"activity":-0.0029,"lastBolusTime":1703579585326,"time":"2023-12-26T11:44:36.083Z"}},{"iob":-0.06,"basaliob":-0.102,"bolussnooze":0,"activity":-8.0E-4,"lastBolusTime":1703579585326,"time":"2023-12-26T11:49:36.083Z","iobWithZeroTemp":{"iob":-0.298,"basaliob":-0.34,"bolussnooze":0,"activity":-0.003,"lastBolusTime":1703579585326,"time":"2023-12-26T11:49:36.083Z"}},{"iob":-0.057,"basaliob":-0.093,"bolussnooze":0,"activity":-8.0E-4,"lastBolusTime":1703579585326,"time":"2023-12-26T11:54:36.083Z","iobWithZeroTemp":{"iob":-0.304,"basaliob":-0.34,"bolussnooze":0,"activity":-0.0031,"lastBolusTime":1703579585326,"time":"2023-12-26T11:54:36.083Z"}},{"iob":-0.053,"basaliob":-0.085,"bolussnooze":0,"activity":-7.0E-4,"lastBolusTime":1703579585326,"time":"2023-12-26T11:59:36.083Z","iobWithZeroTemp":{"iob":-0.307,"basaliob":-0.339,"bolussnooze":0,"activity":-0.0031,"lastBolusTime":1703579585326,"time":"2023-12-26T11:59:36.083Z"}},{"iob":-0.049,"basaliob":-0.077,"bolussnooze":0,"activity":-7.0E-4,"lastBolusTime":1703579585326,"time":"2023-12-26T12:04:36.083Z","iobWithZeroTemp":{"iob":-0.311,"basaliob":-0.339,"bolussnooze":0,"activity":-0.0033,"lastBolusTime":1703579585326,"time":"2023-12-26T12:04:36.083Z"}},{"iob":-0.046,"basaliob":-0.07,"bolussnooze":0,"activity":-7.0E-4,"lastBolusTime":1703579585326,"time":"2023-12-26T12:09:36.083Z","iobWithZeroTemp":{"iob":-0.314,"basaliob":-0.338,"bolussnooze":0,"activity":-0.0034,"lastBolusTime":1703579585326,"time":"2023-12-26T12:09:36.083Z"}},{"iob":-0.042,"basaliob":-0.063,"bolussnooze":0,"activity":-7.0E-4,"lastBolusTime":1703579585326,"time":"2023-12-26T12:14:36.083Z","iobWithZeroTemp":{"iob":-0.317,"basaliob":-0.338,"bolussnooze":0,"activity":-0.0035,"lastBolusTime":1703579585326,"time":"2023-12-26T12:14:36.083Z"}},{"iob":-0.039,"basaliob":-0.057,"bolussnooze":0,"activity":-7.0E-4,"lastBolusTime":1703579585326,"time":"2023-12-26T12:19:36.083Z","iobWithZeroTemp":{"iob":-0.319,"basaliob":-0.337,"bolussnooze":0,"activity":-0.0036,"lastBolusTime":1703579585326,"time":"2023-12-26T12:19:36.083Z"}},{"iob":-0.036,"basaliob":-0.051,"bolussnooze":0,"activity":-6.0E-4,"lastBolusTime":1703579585326,"time":"2023-12-26T12:24:36.083Z","iobWithZeroTemp":{"iob":-0.321,"basaliob":-0.336,"bolussnooze":0,"activity":-0.0036,"lastBolusTime":1703579585326,"time":"2023-12-26T12:24:36.083Z"}},{"iob":-0.033,"basaliob":-0.046,"bolussnooze":0,"activity":-6.0E-4,"lastBolusTime":1703579585326,"time":"2023-12-26T12:29:36.083Z","iobWithZeroTemp":{"iob":-0.323,"basaliob":-0.336,"bolussnooze":0,"activity":-0.0036,"lastBolusTime":1703579585326,"time":"2023-12-26T12:29:36.083Z"}},{"iob":-0.03,"basaliob":-0.041,"bolussnooze":0,"activity":-5.0E-4,"lastBolusTime":1703579585326,"time":"2023-12-26T12:34:36.083Z","iobWithZeroTemp":{"iob":-0.324,"basaliob":-0.335,"bolussnooze":0,"activity":-0.0036,"lastBolusTime":1703579585326,"time":"2023-12-26T12:34:36.083Z"}},{"iob":-0.028,"basaliob":-0.037,"bolussnooze":0,"activity":-5.0E-4,"lastBolusTime":1703579585326,"time":"2023-12-26T12:39:36.083Z","iobWithZeroTemp":{"iob":-0.326,"basaliob":-0.335,"bolussnooze":0,"activity":-0.0037,"lastBolusTime":1703579585326,"time":"2023-12-26T12:39:36.083Z"}},{"iob":-0.025,"basaliob":-0.033,"bolussnooze":0,"activity":-4.0E-4,"lastBolusTime":1703579585326,"time":"2023-12-26T12:44:36.083Z","iobWithZeroTemp":{"iob":-0.327,"basaliob":-0.335,"bolussnooze":0,"activity":-0.0037,"lastBolusTime":1703579585326,"time":"2023-12-26T12:44:36.083Z"}},{"iob":-0.024,"basaliob":-0.03,"bolussnooze":0,"activity":-5.0E-4,"lastBolusTime":1703579585326,"time":"2023-12-26T12:49:36.083Z","iobWithZeroTemp":{"iob":-0.329,"basaliob":-0.335,"bolussnooze":0,"activity":-0.0038,"lastBolusTime":1703579585326,"time":"2023-12-26T12:49:36.083Z"}},{"iob":-0.022,"basaliob":-0.027,"bolussnooze":0,"activity":-4.0E-4,"lastBolusTime":1703579585326,"time":"2023-12-26T12:54:36.083Z","iobWithZeroTemp":{"iob":-0.33,"basaliob":-0.335,"bolussnooze":0,"activity":-0.0038,"lastBolusTime":1703579585326,"time":"2023-12-26T12:54:36.083Z"}},{"iob":-0.02,"basaliob":-0.024,"bolussnooze":0,"activity":-4.0E-4,"lastBolusTime":1703579585326,"time":"2023-12-26T12:59:36.083Z","iobWithZeroTemp":{"iob":-0.331,"basaliob":-0.335,"bolussnooze":0,"activity":-0.0038,"lastBolusTime":1703579585326,"time":"2023-12-26T12:59:36.083Z"}},{"iob":-0.018,"basaliob":-0.021,"bolussnooze":0,"activity":-3.0E-4,"lastBolusTime":1703579585326,"time":"2023-12-26T13:04:36.083Z","iobWithZeroTemp":{"iob":-0.338,"basaliob":-0.341,"bolussnooze":0,"activity":-0.0038,"lastBolusTime":1703579585326,"time":"2023-12-26T13:04:36.083Z"}},{"iob":-0.016,"basaliob":-0.019,"bolussnooze":0,"activity":-4.0E-4,"lastBolusTime":1703579585326,"time":"2023-12-26T13:09:36.083Z","iobWithZeroTemp":{"iob":-0.345,"basaliob":-0.348,"bolussnooze":0,"activity":-0.004,"lastBolusTime":1703579585326,"time":"2023-12-26T13:09:36.083Z"}},{"iob":-0.014,"basaliob":-0.016,"bolussnooze":0,"activity":-3.0E-4,"lastBolusTime":1703579585326,"time":"2023-12-26T13:14:36.083Z","iobWithZeroTemp":{"iob":-0.351,"basaliob":-0.353,"bolussnooze":0,"activity":-0.0039,"lastBolusTime":1703579585326,"time":"2023-12-26T13:14:36.083Z"}},{"iob":-0.013,"basaliob":-0.015,"bolussnooze":0,"activity":-3.0E-4,"lastBolusTime":1703579585326,"time":"2023-12-26T13:19:36.083Z","iobWithZeroTemp":{"iob":-0.358,"basaliob":-0.36,"bolussnooze":0,"activity":-0.004,"lastBolusTime":1703579585326,"time":"2023-12-26T13:19:36.083Z"}},{"iob":-0.012,"basaliob":-0.013,"bolussnooze":0,"activity":-2.0E-4,"lastBolusTime":1703579585326,"time":"2023-12-26T13:24:36.083Z","iobWithZeroTemp":{"iob":-0.364,"basaliob":-0.365,"bolussnooze":0,"activity":-0.004,"lastBolusTime":1703579585326,"time":"2023-12-26T13:24:36.083Z"}},{"iob":-0.01,"basaliob":-0.011,"bolussnooze":0,"activity":-2.0E-4,"lastBolusTime":1703579585326,"time":"2023-12-26T13:29:36.083Z","iobWithZeroTemp":{"iob":-0.37,"basaliob":-0.371,"bolussnooze":0,"activity":-0.0041,"lastBolusTime":1703579585326,"time":"2023-12-26T13:29:36.083Z"}},{"iob":-0.009,"basaliob":-0.01,"bolussnooze":0,"activity":-3.0E-4,"lastBolusTime":1703579585326,"time":"2023-12-26T13:34:36.083Z","iobWithZeroTemp":{"iob":-0.375,"basaliob":-0.376,"bolussnooze":0,"activity":-0.0043,"lastBolusTime":1703579585326,"time":"2023-12-26T13:34:36.083Z"}},{"iob":-0.009,"basaliob":-0.009,"bolussnooze":0,"activity":-2.0E-4,"lastBolusTime":1703579585326,"time":"2023-12-26T13:39:36.083Z","iobWithZeroTemp":{"iob":-0.382,"basaliob":-0.382,"bolussnooze":0,"activity":-0.0042,"lastBolusTime":1703579585326,"time":"2023-12-26T13:39:36.083Z"}},{"iob":-0.008,"basaliob":-0.008,"bolussnooze":0,"activity":-2.0E-4,"lastBolusTime":1703579585326,"time":"2023-12-26T13:44:36.083Z","iobWithZeroTemp":{"iob":-0.387,"basaliob":-0.387,"bolussnooze":0,"activity":-0.0043,"lastBolusTime":1703579585326,"time":"2023-12-26T13:44:36.083Z"}},{"iob":-0.007,"basaliob":-0.007,"bolussnooze":0,"activity":-2.0E-4,"lastBolusTime":1703579585326,"time":"2023-12-26T13:49:36.083Z","iobWithZeroTemp":{"iob":-0.391,"basaliob":-0.391,"bolussnooze":0,"activity":-0.0044,"lastBolusTime":1703579585326,"time":"2023-12-26T13:49:36.083Z"}},{"iob":-0.006,"basaliob":-0.006,"bolussnooze":0,"activity":-2.0E-4,"lastBolusTime":1703579585326,"time":"2023-12-26T13:54:36.083Z","iobWithZeroTemp":{"iob":-0.396,"basaliob":-0.396,"bolussnooze":0,"activity":-0.0045,"lastBolusTime":1703579585326,"time":"2023-12-26T13:54:36.083Z"}},{"iob":-0.005,"basaliob":-0.005,"bolussnooze":0,"activity":-1.0E-4,"lastBolusTime":1703579585326,"time":"2023-12-26T13:59:36.083Z","iobWithZeroTemp":{"iob":-0.399,"basaliob":-0.399,"bolussnooze":0,"activity":-0.0045,"lastBolusTime":1703579585326,"time":"2023-12-26T13:59:36.083Z"}},{"iob":-0.004,"basaliob":-0.004,"bolussnooze":0,"activity":-1.0E-4,"lastBolusTime":1703579585326,"time":"2023-12-26T14:04:36.083Z","iobWithZeroTemp":{"iob":-0.387,"basaliob":-0.387,"bolussnooze":0,"activity":-0.0045,"lastBolusTime":1703579585326,"time":"2023-12-26T14:04:36.083Z"}},{"iob":-0.004,"basaliob":-0.004,"bolussnooze":0,"activity":-1.0E-4,"lastBolusTime":1703579585326,"time":"2023-12-26T14:09:36.083Z","iobWithZeroTemp":{"iob":-0.376,"basaliob":-0.376,"bolussnooze":0,"activity":-0.0045,"lastBolusTime":1703579585326,"time":"2023-12-26T14:09:36.083Z"}},{"iob":-0.003,"basaliob":-0.003,"bolussnooze":0,"activity":-1.0E-4,"lastBolusTime":1703579585326,"time":"2023-12-26T14:14:36.083Z","iobWithZeroTemp":{"iob":-0.364,"basaliob":-0.364,"bolussnooze":0,"activity":-0.0045,"lastBolusTime":1703579585326,"time":"2023-12-26T14:14:36.083Z"}},{"iob":-0.003,"basaliob":-0.003,"bolussnooze":0,"activity":-1.0E-4,"lastBolusTime":1703579585326,"time":"2023-12-26T14:19:36.083Z","iobWithZeroTemp":{"iob":-0.353,"basaliob":-0.353,"bolussnooze":0,"activity":-0.0045,"lastBolusTime":1703579585326,"time":"2023-12-26T14:19:36.083Z"}},{"iob":-0.002,"basaliob":-0.002,"bolussnooze":0,"activity":-1.0E-4,"lastBolusTime":1703579585326,"time":"2023-12-26T14:24:36.083Z","iobWithZeroTemp":{"iob":-0.341,"basaliob":-0.341,"bolussnooze":0,"activity":-0.0044,"lastBolusTime":1703579585326,"time":"2023-12-26T14:24:36.083Z"}}],"profile":{"max_iob":10,"type":"current","max_daily_basal":0.356,"max_basal":0.95,"min_bg":130,"max_bg":130,"target_bg":130,"carb_ratio":8.182,"sens":133.456,"max_daily_safety_multiplier":3,"current_basal_safety_multiplier":4,"lgsThreshold":95,"high_temptarget_raises_sensitivity":true,"low_temptarget_lowers_sensitivity":true,"sensitivity_raises_target":true,"resistance_lowers_target":true,"adv_target_adjustments":false,"exercise_mode":false,"half_basal_exercise_target":160,"maxCOB":120,"skip_neutral_temps":false,"remainingCarbsCap":90,"enableUAM":true,"A52_risk_enable":false,"SMBInterval":3,"enableSMB_with_COB":true,"enableSMB_with_temptarget":true,"allowSMB_with_high_temptarget":false,"enableSMB_always":false,"enableSMB_after_carbs":true,"maxSMBBasalMinutes":30,"maxUAMSMBBasalMinutes":40,"bolus_increment":0.05,"carbsReqThreshold":4,"current_basal":0.25,"temptargetSet":true,"autosens_max":1.3,"autosens_min":0.7,"variable_sens":183.9,"insulinDivisor":75,"TDD":12.919039823809525},"autosens_data":{"ratio":1.053940273614318},"meal_data":{"carbs":15,"mealCOB":0.2683619706270168,"slopeFromMaxDeviation":-1.7337500000000001,"slopeFromMinDeviation":0.2995,"lastBolusTime":1703579585326,"lastCarbTime":1703577439081},"microBolusAllowed":true,"currentTime":1703586577182,"flatBGsDetected":false,"tdd1D":15.68566666666667,"tdd7D":15.075095238095239,"tddLast24H":15.88825,"tddLast4H":2.7421666666666664,"tddLast8to4H":1.8458333333333332},"output":{"temp":"absolute","bg":85,"tick":-3,"eventualBG":111,"targetBG":130,"insulinReq":0,"deliverAt":"2023-12-26T10:29:37.182Z","sensitivityRatio":0.67,"variable_sens":183.9,"predBGs":{"IOB":[85,82,80,79,78,77,76,76,76,76,77,78,78,79,80,81,82,82,83,84,84,85,86,86,87,87,88,88,89,89,89,90,90,90,91,91,91,91,92,92,92,92,92,92,92,93],"ZT":[85,84,83,83,83,83,84,85,86,87,89,91,92,95,97,99,101,104,106,109,111,114,117,119,122,125,127,130],"COB":[85,82,80,79,78,77,76,76,76,76,77,77,78,79,80,81,82,82,83,84,84,85,86,87,87,88,88,89,89,90,90,91,91,91,92,92,92,93,93,93,94,94,94,94,95],"UAM":[85,82,80,79,78,77,76,76,76,76,77,78,78,79,80,81,82,82,83,84,84,85,86,86,87,87,88,88,89,89,89,90,90,90,91,91,91,91,92,92,92,92,92,92,92,93]},"reason":"COB: 0.3, Dev: 10, BGI: -1, ISF: 184, CR: 8.18, Target: 130, minPredBG 83, minGuardBG 76, IOBpredBG 93, COBpredBG 95, UAMpredBG 93; minGuardBG 76<95 54m left and 0 ~ req 0U\/hr: no temp required","COB":0.2683619706270168,"IOB":-0.089,"timestamp":"2023-12-26T10:29:37.209Z"}}