{"algorithm":"OpenAPSSMBDynamicISFPlugin","input":{"glucoseStatus":{"glucose":93,"noise":0,"delta":-4.83,"short_avgdelta":-4.83,"long_avgdelta":-4.05,"date":1703583459000},"currenttemp":{"temp":"absolute","duration":105,"rate":0,"minutesrunning":15},"iob_data":[{"iob":0.373,"basaliob":-0.313,"bolussnooze":0.0776,"activity":0.0086,"lastBolusTime":1703579585326,"time":"2023-12-26T09:38:03.497Z","iobWithZeroTemp":{"iob":0.373,"basaliob":-0.313,"bolussnooze":0.0776,"activity":0.0086,"lastBolusTime":1703579585326,"time":"2023-12-26T09:38:03.497Z"}},{"iob":0.331,"basaliob":-0.299,"bolussnooze":0.0608,"activity":0.0078,"lastBolusTime":1703579585326,"time":"2023-12-26T09:43:03.497Z","iobWithZeroTemp":{"iob":0.312,"basaliob":-0.318,"bolussnooze":0.0608,"activity":0.0078,"lastBolusTime":1703579585326,"time":"2023-12-26T09:43:03.497Z"}},{"iob":0.296,"basaliob":-0.282,"bolussnooze":0.0471,"activity":0.0071,"lastBolusTime":1703579585326,"time":"2023-12-26T09:48:03.497Z","iobWithZeroTemp":{"iob":0.253,"basaliob":-0.325,"bolussnooze":0.0471,"activity":0.007,"lastBolusTime":1703579585326,"time":"2023-12-26T09:48:03.497Z"}},{"iob":0.262,"basaliob":-0.267,"bolussnooze":0.0362,"activity":0.0063,"lastBolusTime":1703579585326,"time":"2023-12-26T09:53:03.497Z","iobWithZeroTemp":{"iob":0.195,"basaliob":-0.334,"bolussnooze":0.0362,"activity":0.0061,"lastBolusTime":1703579585326,"time":"2023-12-26T09:53:03.497Z"}},{"iob":0.231,"basaliob":-0.252,"bolussnooze":0.0274,"activity":0.0057,"lastBolusTime":1703579585326,"time":"2023-12-26T09:58:03.497Z","iobWithZeroTemp":{"iob":0.141,"basaliob":-0.342,"bolussnooze":0.0274,"activity":0.0054,"lastBolusTime":1703579585326,"time":"2023-12-26T09:58:03.497Z"}},{"iob":0.205,"basaliob":-0.236,"bolussnooze":0.0205,"activity":0.0051,"lastBolusTime":1703579585326,"time":"2023-12-26T10:03:03.497Z","iobWithZeroTemp":{"iob":0.097,"basaliob":-0.344,"bolussnooze":0.0205,"activity":0.0046,"lastBolusTime":1703579585326,"time":"2023-12-26T10:03:03.497Z"}},{"iob":0.181,"basaliob":-0.221,"bolussnooze":0.0151,"activity":0.0046,"lastBolusTime":1703579585326,"time":"2023-12-26T10:08:03.497Z","iobWithZeroTemp":{"iob":0.056,"basaliob":-0.346,"bolussnooze":0.0151,"activity":0.0039,"lastBolusTime":1703579585326,"time":"2023-12-26T10:08:03.497Z"}},{"iob":0.158,"basaliob":-0.207,"bolussnooze":0.0108,"activity":0.0041,"lastBolusTime":1703579585326,"time":"2023-12-26T10:13:03.497Z","iobWithZeroTemp":{"iob":0.017,"basaliob":-0.348,"bolussnooze":0.0108,"activity":0.0033,"lastBolusTime":1703579585326,"time":"2023-12-26T10:13:03.497Z"}},{"iob":0.14,"basaliob":-0.192,"bolussnooze":0.0076,"activity":0.0036,"lastBolusTime":1703579585326,"time":"2023-12-26T10:18:03.497Z","iobWithZeroTemp":{"iob":-0.016,"basaliob":-0.348,"bolussnooze":0.0076,"activity":0.0026,"lastBolusTime":1703579585326,"time":"2023-12-26T10:18:03.497Z"}},{"iob":0.122,"basaliob":-0.179,"bolussnooze":0.0052,"activity":0.0032,"lastBolusTime":1703579585326,"time":"2023-12-26T10:23:03.497Z","iobWithZeroTemp":{"iob":-0.049,"basaliob":-0.35,"bolussnooze":0.0052,"activity":0.002,"lastBolusTime":1703579585326,"time":"2023-12-26T10:23:03.497Z"}},{"iob":0.106,"basaliob":-0.166,"bolussnooze":0.0034,"activity":0.003,"lastBolusTime":1703579585326,"time":"2023-12-26T10:28:03.497Z","iobWithZeroTemp":{"iob":-0.079,"basaliob":-0.351,"bolussnooze":0.0034,"activity":0.0016,"lastBolusTime":1703579585326,"time":"2023-12-26T10:28:03.497Z"}},{"iob":0.093,"basaliob":-0.153,"bolussnooze":0.0021,"activity":0.0026,"lastBolusTime":1703579585326,"time":"2023-12-26T10:33:03.497Z","iobWithZeroTemp":{"iob":-0.104,"basaliob":-0.35,"bolussnooze":0.0021,"activity":0.0011,"lastBolusTime":1703579585326,"time":"2023-12-26T10:33:03.497Z"}},{"iob":0.08,"basaliob":-0.142,"bolussnooze":0.0012,"activity":0.0023,"lastBolusTime":1703579585326,"time":"2023-12-26T10:38:03.497Z","iobWithZeroTemp":{"iob":-0.129,"basaliob":-0.351,"bolussnooze":0.0012,"activity":6.0E-4,"lastBolusTime":1703579585326,"time":"2023-12-26T10:38:03.497Z"}},{"iob":0.07,"basaliob":-0.13,"bolussnooze":6.0E-4,"activity":0.002,"lastBolusTime":1703579585326,"time":"2023-12-26T10:43:03.497Z","iobWithZeroTemp":{"iob":-0.15,"basaliob":-0.35,"bolussnooze":6.0E-4,"activity":1.0E-4,"lastBolusTime":1703579585326,"time":"2023-12-26T10:43:03.497Z"}},{"iob":0.06,"basaliob":-0.12,"bolussnooze":2.0E-4,"activity":0.0018,"lastBolusTime":1703579585326,"time":"2023-12-26T10:48:03.497Z","iobWithZeroTemp":{"iob":-0.17,"basaliob":-0.35,"bolussnooze":2.0E-4,"activity":-2.0E-4,"lastBolusTime":1703579585326,"time":"2023-12-26T10:48:03.497Z"}},{"iob":0.052,"basaliob":-0.11,"bolussnooze":0,"activity":0.0016,"lastBolusTime":1703579585326,"time":"2023-12-26T10:53:03.497Z","iobWithZeroTemp":{"iob":-0.188,"basaliob":-0.35,"bolussnooze":0,"activity":-6.0E-4,"lastBolusTime":1703579585326,"time":"2023-12-26T10:53:03.497Z"}},{"iob":0.044,"basaliob":-0.101,"bolussnooze":0,"activity":0.0014,"lastBolusTime":1703579585326,"time":"2023-12-26T10:58:03.497Z","iobWithZeroTemp":{"iob":-0.205,"basaliob":-0.35,"bolussnooze":0,"activity":-9.0E-4,"lastBolusTime":1703579585326,"time":"2023-12-26T10:58:03.497Z"}},{"iob":0.038,"basaliob":-0.092,"bolussnooze":0,"activity":0.0012,"lastBolusTime":1703579585326,"time":"2023-12-26T11:03:03.497Z","iobWithZeroTemp":{"iob":-0.219,"basaliob":-0.349,"bolussnooze":0,"activity":-0.0012,"lastBolusTime":1703579585326,"time":"2023-12-26T11:03:03.497Z"}},{"iob":0.032,"basaliob":-0.084,"bolussnooze":0,"activity":0.0011,"lastBolusTime":1703579585326,"time":"2023-12-26T11:08:03.497Z","iobWithZeroTemp":{"iob":-0.232,"basaliob":-0.348,"bolussnooze":0,"activity":-0.0015,"lastBolusTime":1703579585326,"time":"2023-12-26T11:08:03.497Z"}},{"iob":0.026,"basaliob":-0.077,"bolussnooze":0,"activity":0.001,"lastBolusTime":1703579585326,"time":"2023-12-26T11:13:03.497Z","iobWithZeroTemp":{"iob":-0.245,"basaliob":-0.348,"bolussnooze":0,"activity":-0.0017,"lastBolusTime":1703579585326,"time":"2023-12-26T11:13:03.497Z"}},{"iob":0.022,"basaliob":-0.07,"bolussnooze":0,"activity":9.0E-4,"lastBolusTime":1703579585326,"time":"2023-12-26T11:18:03.497Z","iobWithZeroTemp":{"iob":-0.255,"basaliob":-0.347,"bolussnooze":0,"activity":-0.0019,"lastBolusTime":1703579585326,"time":"2023-12-26T11:18:03.497Z"}},{"iob":0.018,"basaliob":-0.064,"bolussnooze":0,"activity":8.0E-4,"lastBolusTime":1703579585326,"time":"2023-12-26T11:23:03.497Z","iobWithZeroTemp":{"iob":-0.264,"basaliob":-0.346,"bolussnooze":0,"activity":-0.0021,"lastBolusTime":1703579585326,"time":"2023-12-26T11:23:03.497Z"}},{"iob":0.014,"basaliob":-0.058,"bolussnooze":0,"activity":7.0E-4,"lastBolusTime":1703579585326,"time":"2023-12-26T11:28:03.497Z","iobWithZeroTemp":{"iob":-0.273,"basaliob":-0.345,"bolussnooze":0,"activity":-0.0023,"lastBolusTime":1703579585326,"time":"2023-12-26T11:28:03.497Z"}},{"iob":0.012,"basaliob":-0.052,"bolussnooze":0,"activity":6.0E-4,"lastBolusTime":1703579585326,"time":"2023-12-26T11:33:03.497Z","iobWithZeroTemp":{"iob":-0.28,"basaliob":-0.344,"bolussnooze":0,"activity":-0.0025,"lastBolusTime":1703579585326,"time":"2023-12-26T11:33:03.497Z"}},{"iob":0.009,"basaliob":-0.047,"bolussnooze":0,"activity":4.0E-4,"lastBolusTime":1703579585326,"time":"2023-12-26T11:38:03.497Z","iobWithZeroTemp":{"iob":-0.287,"basaliob":-0.343,"bolussnooze":0,"activity":-0.0027,"lastBolusTime":1703579585326,"time":"2023-12-26T11:38:03.497Z"}},{"iob":0.007,"basaliob":-0.043,"bolussnooze":0,"activity":4.0E-4,"lastBolusTime":1703579585326,"time":"2023-12-26T11:43:03.497Z","iobWithZeroTemp":{"iob":-0.293,"basaliob":-0.343,"bolussnooze":0,"activity":-0.0028,"lastBolusTime":1703579585326,"time":"2023-12-26T11:43:03.497Z"}},{"iob":0.004,"basaliob":-0.039,"bolussnooze":0,"activity":4.0E-4,"lastBolusTime":1703579585326,"time":"2023-12-26T11:48:03.497Z","iobWithZeroTemp":{"iob":-0.299,"basaliob":-0.342,"bolussnooze":0,"activity":-0.0029,"lastBolusTime":1703579585326,"time":"2023-12-26T11:48:03.497Z"}},{"iob":0.003,"basaliob":-0.035,"bolussnooze":0,"activity":3.0E-4,"lastBolusTime":1703579585326,"time":"2023-12-26T11:53:03.497Z","iobWithZeroTemp":{"iob":-0.304,"basaliob":-0.342,"bolussnooze":0,"activity":-0.0031,"lastBolusTime":1703579585326,"time":"2023-12-26T11:53:03.497Z"}},{"iob":0.002,"basaliob":-0.031,"bolussnooze":0,"activity":2.0E-4,"lastBolusTime":1703579585326,"time":"2023-12-26T11:58:03.497Z","iobWithZeroTemp":{"iob":-0.307,"basaliob":-0.34,"bolussnooze":0,"activity":-0.0032,"lastBolusTime":1703579585326,"time":"2023-12-26T11:58:03.497Z"}},{"iob":0.001,"basaliob":-0.028,"bolussnooze":0,"activity":2.0E-4,"lastBolusTime":1703579585326,"time":"2023-12-26T12:03:03.497Z","iobWithZeroTemp":{"iob":-0.311,"basaliob":-0.34,"bolussnooze":0,"activity":-0.0033,"lastBolusTime":1703579585326,"time":"2023-12-26T12:03:03.497Z"}},{"iob":0,"basaliob":-0.025,"bolussnooze":0,"activity":1.0E-4,"lastBolusTime":1703579585326,"time":"2023-12-26T12:08:03.497Z","iobWithZeroTemp":{"iob":-0.314,"basaliob":-0.339,"bolussnooze":0,"activity":-0.0034,"lastBolusTime":1703579585326,"time":"2023-12-26T12:08:03.497Z"}},{"iob":0,"basaliob":-0.022,"bolussnooze":0,"activity":1.0E-4,"lastBolusTime":1703579585326,"time":"2023-12-26T12:13:03.497Z","iobWithZeroTemp":{"iob":-0.316,"basaliob":-0.338,"bolussnooze":0,"activity":-0.0035,"lastBolusTime":1703579585326,"time":"2023-12-26T12:13:03.497Z"}},{"iob":-0.001,"basaliob":-0.02,"bolussnooze":0,"activity":1.0E-4,"lastBolusTime":1703579585326,"time":"2023-12-26T12:18:03.497Z","iobWithZeroTemp":{"iob":-0.319,"basaliob":-0.338,"bolussnooze":0,"activity":-0.0035,"lastBolusTime":1703579585326,"time":"2023-12-26T12:18:03.497Z"}},{"iob":-0.002,"basaliob":-0.018,"bolussnooze":0,"activity":1.0E-4,"lastBolusTime":1703579585326,"time":"2023-12-26T12:23:03.497Z","iobWithZeroTemp":{"iob":-0.322,"basaliob":-0.338,"bolussnooze":0,"activity":-0.0035,"lastBolusTime":1703579585326,"time":"2023-12-26T12:23:03.497Z"}},{"iob":-0.003,"basaliob":-0.016,"bolussnooze":0,"activity":0,"lastBolusTime":1703579585326,"time":"2023-12-26T12:28:03.497Z","iobWithZeroTemp":{"iob":-0.324,"basaliob":-0.337,"bolussnooze":0,"activity":-0.0037,"lastBolusTime":1703579585326,"time":"2023-12-26T12:28:03.497Z"}},{"iob":-0.003,"basaliob":-0.014,"bolussnooze":0,"activity":1.0E-4,"lastBolusTime":1703579585326,"time":"2023-12-26T12:33:03.497Z","iobWithZeroTemp":{"iob":-0.326,"basaliob":-0.337,"bolussnooze":0,"activity":-0.0036,"lastBolusTime":1703579585326,"time":"2023-12-26T12:33:03.497Z"}},{"iob":-0.002,"basaliob":-0.012,"bolussnooze":0,"activity":0,"lastBolusTime":1703579585326,"time":"2023-12-26T12:38:03.497Z","iobWithZeroTemp":{"iob":-0.326,"basaliob":-0.336,"bolussnooze":0,"activity":-0.0037,"lastBolusTime":1703579585326,"time":"2023-12-26T12:38:03.497Z"}},{"iob":-0.003,"basaliob":-0.011,"bolussnooze":0,"activity":0,"lastBolusTime":1703579585326,"time":"2023-12-26T12:43:03.497Z","iobWithZeroTemp":{"iob":-0.328,"basaliob":-0.336,"bolussnooze":0,"activity":-0.0038,"lastBolusTime":1703579585326,"time":"2023-12-26T12:43:03.497Z"}},{"iob":-0.003,"basaliob":-0.01,"bolussnooze":0,"activity":1.0E-4,"lastBolusTime":1703579585326,"time":"2023-12-26T12:48:03.497Z","iobWithZeroTemp":{"iob":-0.329,"basaliob":-0.336,"bolussnooze":0,"activity":-0.0037,"lastBolusTime":1703579585326,"time":"2023-12-26T12:48:03.497Z"}},{"iob":-0.003,"basaliob":-0.008,"bolussnooze":0,"activity":0,"lastBolusTime":1703579585326,"time":"2023-12-26T12:53:03.497Z","iobWithZeroTemp":{"iob":-0.33,"basaliob":-0.335,"bolussnooze":0,"activity":-0.0038,"lastBolusTime":1703579585326,"time":"2023-12-26T12:53:03.497Z"}},{"iob":-0.003,"basaliob":-0.007,"bolussnooze":0,"activity":0,"lastBolusTime":1703579585326,"time":"2023-12-26T12:58:03.497Z","iobWithZeroTemp":{"iob":-0.331,"basaliob":-0.335,"bolussnooze":0,"activity":-0.0038,"lastBolusTime":1703579585326,"time":"2023-12-26T12:58:03.497Z"}},{"iob":-0.002,"basaliob":-0.006,"bolussnooze":0,"activity":0,"lastBolusTime":1703579585326,"time":"2023-12-26T13:03:03.497Z","iobWithZeroTemp":{"iob":-0.337,"basaliob":-0.341,"bolussnooze":0,"activity":-0.0038,"lastBolusTime":1703579585326,"time":"2023-12-26T13:03:03.497Z"}},{"iob":-0.003,"basaliob":-0.006,"bolussnooze":0,"activity":-1.0E-4,"lastBolusTime":1703579585326,"time":"2023-12-26T13:08:03.497Z","iobWithZeroTemp":{"iob":-0.345,"basaliob":-0.348,"bolussnooze":0,"activity":-0.004,"lastBolusTime":1703579585326,"time":"2023-12-26T13:08:03.497Z"}},{"iob":-0.003,"basaliob":-0.005,"bolussnooze":0,"activity":0,"lastBolusTime":1703579585326,"time":"2023-12-26T13:13:03.497Z","iobWithZeroTemp":{"iob":-0.352,"basaliob":-0.354,"bolussnooze":0,"activity":-0.0039,"lastBolusTime":1703579585326,"time":"2023-12-26T13:13:03.497Z"}},{"iob":-0.002,"basaliob":-0.004,"bolussnooze":0,"activity":0,"lastBolusTime":1703579585326,"time":"2023-12-26T13:18:03.497Z","iobWithZeroTemp":{"iob":-0.358,"basaliob":-0.36,"bolussnooze":0,"activity":-0.004,"lastBolusTime":1703579585326,"time":"2023-12-26T13:18:03.497Z"}},{"iob":-0.003,"basaliob":-0.004,"bolussnooze":0,"activity":0,"lastBolusTime":1703579585326,"time":"2023-12-26T13:23:03.497Z","iobWithZeroTemp":{"iob":-0.365,"basaliob":-0.366,"bolussnooze":0,"activity":-0.004,"lastBolusTime":1703579585326,"time":"2023-12-26T13:23:03.497Z"}},{"iob":-0.002,"basaliob":-0.003,"bolussnooze":0,"activity":0,"lastBolusTime":1703579585326,"time":"2023-12-26T13:28:03.497Z","iobWithZeroTemp":{"iob":-0.37,"basaliob":-0.371,"bolussnooze":0,"activity":-0.0041,"lastBolusTime":1703579585326,"time":"2023-12-26T13:28:03.497Z"}},{"iob":-0.002,"basaliob":-0.003,"bolussnooze":0,"activity":-1.0E-4,"lastBolusTime":1703579585326,"time":"2023-12-26T13:33:03.497Z","iobWithZeroTemp":{"iob":-0.376,"basaliob":-0.377,"bolussnooze":0,"activity":-0.0043,"lastBolusTime":1703579585326,"time":"2023-12-26T13:33:03.497Z"}}],"profile":{"max_iob":10,"type":"current","max_daily_basal":0.356,"max_basal":1.05,"min_bg":90,"max_bg":90,"target_bg":90,"carb_ratio":8.182,"sens":133.456,"max_daily_safety_multiplier":3,"current_basal_safety_multiplier":4,"lgsThreshold":95,"high_temptarget_raises_sensitivity":true,"low_temptarget_lowers_sensitivity":true,"sensitivity_raises_target":true,"resistance_lowers_target":true,"adv_target_adjustments":false,"exercise_mode":false,"half_basal_exercise_target":160,"maxCOB":120,"skip_neutral_temps":false,"remainingCarbsCap":90,"enableUAM":true,"A52_risk_enable":false,"SMBInterval":3,"enableSMB_with_COB":true,"enableSMB_with_temptarget":true,"allowSMB_with_high_temptarget":false,"enableSMB_always":false,"enableSMB_after_carbs":true,"maxSMBBasalMinutes":30,"maxUAMSMBBasalMinutes":40,"bolus_increment":0.05,"carbsReqThreshold":4,"current_basal":0.3,"temptargetSet":false,"autosens_max":1.3,"autosens_min":0.7,"variable_sens":169.6,"insulinDivisor":75,"TDD":13.163060798809525},"autosens_data":{"ratio":1.053940273614318},"meal_data":{"carbs":15,"mealCOB":3.689877986932016,"slopeFromMaxDeviation":-0.958,"slopeFromMinDeviation":0.6375714285714286,"lastBolusTime":1703579585326,"lastCarbTime":1703577439081},"microBolusAllowed":true,"currentTime":1703583485017,"flatBGsDetected":false,"tdd1D":15.68566666666667,"tdd7D":15.075095238095239,"tddLast24H":15.88825,"tddLast4H":3.083833333333333,"tddLast8to4H":1.5319166666666666},"output":{"temp":"absolute","bg":93,"tick":-5,"eventualBG":97,"targetBG":88,"insulinReq":0,"deliverAt":"2023-12-26T09:38:05.017Z","sensitivityRatio":1.053940273614318,"variable_sens":169.6,"predBGs":{"IOB":[93,88,83,79,74,70,66,62,58,55,51,47,44,40,39],"ZT":[93,86,79,72,66,60,55,50,45,42,39,39,39,39,39,39,39,39,39,40,43,46,49,52,55,58,62,65,68,72,75,79,82,85,88],"COB":[93,88,84,80,77,75,73,71,70,69,68,68,68,68,68,68,69,69,70,71,72,72,73,74,75,77,78,79,80,81,82,83,84,85,86,87,88,89,90,91,92,93,94,94,95,96,96,97],"UAM":[93,87,81,74,68,62,56,51,45,40,39,39,39]},"reason":"COB: 3.7, Dev: 15, BGI: -7, ISF: 170, CR: 8.18, Target: 88, minPredBG 33, minGuardBG 14, IOBpredBG 39, COBpredBG 97, UAMpredBG 39; 4 add'l carbs req w\/in 0m; minGuardBG 14<95 105m left and 0 ~ req 0U\/hr: no temp required","COB":3.689877986932016,"IOB":0.373,"carbsReq":4,"carbsReqWithin":0,"timestamp":"2023-12-26T09:38:05.050Z"}}