{"algorithm":"OpenAPSSMBDynamicISFPlugin","input":{"glucoseStatus":{"glucose":105,"noise":0,"delta":0.78,"short_avgdelta":0.78,"long_avgdelta":1.45,"date":1703662660000},"currenttemp":{"temp":"absolute","duration":20,"rate":0.8,"minutesrunning":10},"iob_data":[{"iob":0.126,"basaliob":0.126,"bolussnooze":0,"activity":5.0E-4,"lastBolusTime":0,"time":"2023-12-27T07:38:06.155Z","iobWithZeroTemp":{"iob":0.126,"basaliob":0.126,"bolussnooze":0,"activity":5.0E-4,"lastBolusTime":0,"time":"2023-12-27T07:38:06.155Z"}},{"iob":0.123,"basaliob":0.123,"bolussnooze":0,"activity":7.0E-4,"lastBolusTime":0,"time":"2023-12-27T07:43:06.155Z","iobWithZeroTemp":{"iob":0.103,"basaliob":0.103,"bolussnooze":0,"activity":7.0E-4,"lastBolusTime":0,"time":"2023-12-27T07:43:06.155Z"}},{"iob":0.119,"basaliob":0.119,"bolussnooze":0,"activity":8.0E-4,"lastBolusTime":0,"time":"2023-12-27T07:48:06.155Z","iobWithZeroTemp":{"iob":0.074,"basaliob":0.074,"bolussnooze":0,"activity":7.0E-4,"lastBolusTime":0,"time":"2023-12-27T07:48:06.155Z"}},{"iob":0.115,"basaliob":0.115,"bolussnooze":0,"activity":9.0E-4,"lastBolusTime":0,"time":"2023-12-27T07:53:06.155Z","iobWithZeroTemp":{"iob":0.046,"basaliob":0.046,"bolussnooze":0,"activity":7.0E-4,"lastBolusTime":0,"time":"2023-12-27T07:53:06.155Z"}},{"iob":0.11,"basaliob":0.11,"bolussnooze":0,"activity":0.001,"lastBolusTime":0,"time":"2023-12-27T07:58:06.155Z","iobWithZeroTemp":{"iob":0.017,"basaliob":0.017,"bolussnooze":0,"activity":6.0E-4,"lastBolusTime":0,"time":"2023-12-27T07:58:06.155Z"}},{"iob":0.104,"basaliob":0.104,"bolussnooze":0,"activity":0.0011,"lastBolusTime":0,"time":"2023-12-27T08:03:06.155Z","iobWithZeroTemp":{"iob":-0.011,"basaliob":-0.011,"bolussnooze":0,"activity":6.0E-4,"lastBolusTime":0,"time":"2023-12-27T08:03:06.155Z"}},{"iob":0.099,"basaliob":0.099,"bolussnooze":0,"activity":0.0011,"lastBolusTime":0,"time":"2023-12-27T08:08:06.155Z","iobWithZeroTemp":{"iob":-0.038,"basaliob":-0.038,"bolussnooze":0,"activity":4.0E-4,"lastBolusTime":0,"time":"2023-12-27T08:08:06.155Z"}},{"iob":0.094,"basaliob":0.094,"bolussnooze":0,"activity":0.0011,"lastBolusTime":0,"time":"2023-12-27T08:13:06.155Z","iobWithZeroTemp":{"iob":-0.064,"basaliob":-0.064,"bolussnooze":0,"activity":2.0E-4,"lastBolusTime":0,"time":"2023-12-27T08:13:06.155Z"}},{"iob":0.088,"basaliob":0.088,"bolussnooze":0,"activity":0.0011,"lastBolusTime":0,"time":"2023-12-27T08:18:06.155Z","iobWithZeroTemp":{"iob":-0.09,"basaliob":-0.09,"bolussnooze":0,"activity":0,"lastBolusTime":0,"time":"2023-12-27T08:18:06.155Z"}},{"iob":0.083,"basaliob":0.083,"bolussnooze":0,"activity":0.0011,"lastBolusTime":0,"time":"2023-12-27T08:23:06.155Z","iobWithZeroTemp":{"iob":-0.114,"basaliob":-0.114,"bolussnooze":0,"activity":-2.0E-4,"lastBolusTime":0,"time":"2023-12-27T08:23:06.155Z"}},{"iob":0.077,"basaliob":0.077,"bolussnooze":0,"activity":0.0011,"lastBolusTime":0,"time":"2023-12-27T08:28:06.155Z","iobWithZeroTemp":{"iob":-0.138,"basaliob":-0.138,"bolussnooze":0,"activity":-5.0E-4,"lastBolusTime":0,"time":"2023-12-27T08:28:06.155Z"}},{"iob":0.072,"basaliob":0.072,"bolussnooze":0,"activity":0.001,"lastBolusTime":0,"time":"2023-12-27T08:33:06.155Z","iobWithZeroTemp":{"iob":-0.16,"basaliob":-0.16,"bolussnooze":0,"activity":-8.0E-4,"lastBolusTime":0,"time":"2023-12-27T08:33:06.155Z"}},{"iob":0.067,"basaliob":0.067,"bolussnooze":0,"activity":0.001,"lastBolusTime":0,"time":"2023-12-27T08:38:06.155Z","iobWithZeroTemp":{"iob":-0.18,"basaliob":-0.18,"bolussnooze":0,"activity":-0.001,"lastBolusTime":0,"time":"2023-12-27T08:38:06.155Z"}},{"iob":0.062,"basaliob":0.062,"bolussnooze":0,"activity":9.0E-4,"lastBolusTime":0,"time":"2023-12-27T08:43:06.155Z","iobWithZeroTemp":{"iob":-0.2,"basaliob":-0.2,"bolussnooze":0,"activity":-0.0013,"lastBolusTime":0,"time":"2023-12-27T08:43:06.155Z"}},{"iob":0.058,"basaliob":0.058,"bolussnooze":0,"activity":9.0E-4,"lastBolusTime":0,"time":"2023-12-27T08:48:06.155Z","iobWithZeroTemp":{"iob":-0.218,"basaliob":-0.218,"bolussnooze":0,"activity":-0.0015,"lastBolusTime":0,"time":"2023-12-27T08:48:06.155Z"}},{"iob":0.053,"basaliob":0.053,"bolussnooze":0,"activity":9.0E-4,"lastBolusTime":0,"time":"2023-12-27T08:53:06.155Z","iobWithZeroTemp":{"iob":-0.235,"basaliob":-0.235,"bolussnooze":0,"activity":-0.0017,"lastBolusTime":0,"time":"2023-12-27T08:53:06.155Z"}},{"iob":0.049,"basaliob":0.049,"bolussnooze":0,"activity":8.0E-4,"lastBolusTime":0,"time":"2023-12-27T08:58:06.155Z","iobWithZeroTemp":{"iob":-0.251,"basaliob":-0.251,"bolussnooze":0,"activity":-0.0019,"lastBolusTime":0,"time":"2023-12-27T08:58:06.155Z"}},{"iob":0.045,"basaliob":0.045,"bolussnooze":0,"activity":8.0E-4,"lastBolusTime":0,"time":"2023-12-27T09:03:06.155Z","iobWithZeroTemp":{"iob":-0.262,"basaliob":-0.262,"bolussnooze":0,"activity":-0.0021,"lastBolusTime":0,"time":"2023-12-27T09:03:06.155Z"}},{"iob":0.041,"basaliob":0.041,"bolussnooze":0,"activity":7.0E-4,"lastBolusTime":0,"time":"2023-12-27T09:08:06.155Z","iobWithZeroTemp":{"iob":-0.272,"basaliob":-0.272,"bolussnooze":0,"activity":-0.0023,"lastBolusTime":0,"time":"2023-12-27T09:08:06.155Z"}},{"iob":0.038,"basaliob":0.038,"bolussnooze":0,"activity":7.0E-4,"lastBolusTime":0,"time":"2023-12-27T09:13:06.155Z","iobWithZeroTemp":{"iob":-0.28,"basaliob":-0.28,"bolussnooze":0,"activity":-0.0025,"lastBolusTime":0,"time":"2023-12-27T09:13:06.155Z"}},{"iob":0.035,"basaliob":0.035,"bolussnooze":0,"activity":6.0E-4,"lastBolusTime":0,"time":"2023-12-27T09:18:06.155Z","iobWithZeroTemp":{"iob":-0.288,"basaliob":-0.288,"bolussnooze":0,"activity":-0.0027,"lastBolusTime":0,"time":"2023-12-27T09:18:06.155Z"}},{"iob":0.032,"basaliob":0.032,"bolussnooze":0,"activity":6.0E-4,"lastBolusTime":0,"time":"2023-12-27T09:23:06.155Z","iobWithZeroTemp":{"iob":-0.295,"basaliob":-0.295,"bolussnooze":0,"activity":-0.0028,"lastBolusTime":0,"time":"2023-12-27T09:23:06.155Z"}},{"iob":0.029,"basaliob":0.029,"bolussnooze":0,"activity":5.0E-4,"lastBolusTime":0,"time":"2023-12-27T09:28:06.155Z","iobWithZeroTemp":{"iob":-0.302,"basaliob":-0.302,"bolussnooze":0,"activity":-0.003,"lastBolusTime":0,"time":"2023-12-27T09:28:06.155Z"}},{"iob":0.026,"basaliob":0.026,"bolussnooze":0,"activity":5.0E-4,"lastBolusTime":0,"time":"2023-12-27T09:33:06.155Z","iobWithZeroTemp":{"iob":-0.308,"basaliob":-0.308,"bolussnooze":0,"activity":-0.0031,"lastBolusTime":0,"time":"2023-12-27T09:33:06.155Z"}},{"iob":0.024,"basaliob":0.024,"bolussnooze":0,"activity":5.0E-4,"lastBolusTime":0,"time":"2023-12-27T09:38:06.155Z","iobWithZeroTemp":{"iob":-0.313,"basaliob":-0.313,"bolussnooze":0,"activity":-0.0032,"lastBolusTime":0,"time":"2023-12-27T09:38:06.155Z"}},{"iob":0.022,"basaliob":0.022,"bolussnooze":0,"activity":4.0E-4,"lastBolusTime":0,"time":"2023-12-27T09:43:06.155Z","iobWithZeroTemp":{"iob":-0.317,"basaliob":-0.317,"bolussnooze":0,"activity":-0.0033,"lastBolusTime":0,"time":"2023-12-27T09:43:06.155Z"}},{"iob":0.02,"basaliob":0.02,"bolussnooze":0,"activity":4.0E-4,"lastBolusTime":0,"time":"2023-12-27T09:48:06.155Z","iobWithZeroTemp":{"iob":-0.321,"basaliob":-0.321,"bolussnooze":0,"activity":-0.0034,"lastBolusTime":0,"time":"2023-12-27T09:48:06.155Z"}},{"iob":0.018,"basaliob":0.018,"bolussnooze":0,"activity":4.0E-4,"lastBolusTime":0,"time":"2023-12-27T09:53:06.155Z","iobWithZeroTemp":{"iob":-0.325,"basaliob":-0.325,"bolussnooze":0,"activity":-0.0034,"lastBolusTime":0,"time":"2023-12-27T09:53:06.155Z"}},{"iob":0.016,"basaliob":0.016,"bolussnooze":0,"activity":3.0E-4,"lastBolusTime":0,"time":"2023-12-27T09:58:06.155Z","iobWithZeroTemp":{"iob":-0.328,"basaliob":-0.328,"bolussnooze":0,"activity":-0.0036,"lastBolusTime":0,"time":"2023-12-27T09:58:06.155Z"}},{"iob":0.015,"basaliob":0.015,"bolussnooze":0,"activity":3.0E-4,"lastBolusTime":0,"time":"2023-12-27T10:03:06.155Z","iobWithZeroTemp":{"iob":-0.327,"basaliob":-0.327,"bolussnooze":0,"activity":-0.0036,"lastBolusTime":0,"time":"2023-12-27T10:03:06.155Z"}},{"iob":0.013,"basaliob":0.013,"bolussnooze":0,"activity":3.0E-4,"lastBolusTime":0,"time":"2023-12-27T10:08:06.155Z","iobWithZeroTemp":{"iob":-0.326,"basaliob":-0.326,"bolussnooze":0,"activity":-0.0036,"lastBolusTime":0,"time":"2023-12-27T10:08:06.155Z"}},{"iob":0.012,"basaliob":0.012,"bolussnooze":0,"activity":3.0E-4,"lastBolusTime":0,"time":"2023-12-27T10:13:06.155Z","iobWithZeroTemp":{"iob":-0.324,"basaliob":-0.324,"bolussnooze":0,"activity":-0.0037,"lastBolusTime":0,"time":"2023-12-27T10:13:06.155Z"}},{"iob":0.011,"basaliob":0.011,"bolussnooze":0,"activity":2.0E-4,"lastBolusTime":0,"time":"2023-12-27T10:18:06.155Z","iobWithZeroTemp":{"iob":-0.322,"basaliob":-0.322,"bolussnooze":0,"activity":-0.0038,"lastBolusTime":0,"time":"2023-12-27T10:18:06.155Z"}},{"iob":0.01,"basaliob":0.01,"bolussnooze":0,"activity":2.0E-4,"lastBolusTime":0,"time":"2023-12-27T10:23:06.155Z","iobWithZeroTemp":{"iob":-0.32,"basaliob":-0.32,"bolussnooze":0,"activity":-0.0037,"lastBolusTime":0,"time":"2023-12-27T10:23:06.155Z"}},{"iob":0.009,"basaliob":0.009,"bolussnooze":0,"activity":2.0E-4,"lastBolusTime":0,"time":"2023-12-27T10:28:06.155Z","iobWithZeroTemp":{"iob":-0.317,"basaliob":-0.317,"bolussnooze":0,"activity":-0.0037,"lastBolusTime":0,"time":"2023-12-27T10:28:06.155Z"}},{"iob":0.008,"basaliob":0.008,"bolussnooze":0,"activity":2.0E-4,"lastBolusTime":0,"time":"2023-12-27T10:33:06.155Z","iobWithZeroTemp":{"iob":-0.316,"basaliob":-0.316,"bolussnooze":0,"activity":-0.0037,"lastBolusTime":0,"time":"2023-12-27T10:33:06.155Z"}},{"iob":0.007,"basaliob":0.007,"bolussnooze":0,"activity":2.0E-4,"lastBolusTime":0,"time":"2023-12-27T10:38:06.155Z","iobWithZeroTemp":{"iob":-0.314,"basaliob":-0.314,"bolussnooze":0,"activity":-0.0037,"lastBolusTime":0,"time":"2023-12-27T10:38:06.155Z"}},{"iob":0.006,"basaliob":0.006,"bolussnooze":0,"activity":1.0E-4,"lastBolusTime":0,"time":"2023-12-27T10:43:06.155Z","iobWithZeroTemp":{"iob":-0.312,"basaliob":-0.312,"bolussnooze":0,"activity":-0.0038,"lastBolusTime":0,"time":"2023-12-27T10:43:06.155Z"}},{"iob":0.005,"basaliob":0.005,"bolussnooze":0,"activity":1.0E-4,"lastBolusTime":0,"time":"2023-12-27T10:48:06.155Z","iobWithZeroTemp":{"iob":-0.31,"basaliob":-0.31,"bolussnooze":0,"activity":-0.0038,"lastBolusTime":0,"time":"2023-12-27T10:48:06.155Z"}},{"iob":0.005,"basaliob":0.005,"bolussnooze":0,"activity":1.0E-4,"lastBolusTime":0,"time":"2023-12-27T10:53:06.155Z","iobWithZeroTemp":{"iob":-0.308,"basaliob":-0.308,"bolussnooze":0,"activity":-0.0037,"lastBolusTime":0,"time":"2023-12-27T10:53:06.155Z"}},{"iob":0.004,"basaliob":0.004,"bolussnooze":0,"activity":1.0E-4,"lastBolusTime":0,"time":"2023-12-27T10:58:06.155Z","iobWithZeroTemp":{"iob":-0.306,"basaliob":-0.306,"bolussnooze":0,"activity":-0.0037,"lastBolusTime":0,"time":"2023-12-27T10:58:06.155Z"}},{"iob":0.004,"basaliob":0.004,"bolussnooze":0,"activity":1.0E-4,"lastBolusTime":0,"time":"2023-12-27T11:03:06.155Z","iobWithZeroTemp":{"iob":-0.308,"basaliob":-0.308,"bolussnooze":0,"activity":-0.0037,"lastBolusTime":0,"time":"2023-12-27T11:03:06.155Z"}},{"iob":0.003,"basaliob":0.003,"bolussnooze":0,"activity":1.0E-4,"lastBolusTime":0,"time":"2023-12-27T11:08:06.155Z","iobWithZeroTemp":{"iob":-0.311,"basaliob":-0.311,"bolussnooze":0,"activity":-0.0037,"lastBolusTime":0,"time":"2023-12-27T11:08:06.155Z"}},{"iob":0.003,"basaliob":0.003,"bolussnooze":0,"activity":1.0E-4,"lastBolusTime":0,"time":"2023-12-27T11:13:06.155Z","iobWithZeroTemp":{"iob":-0.313,"basaliob":-0.313,"bolussnooze":0,"activity":-0.0037,"lastBolusTime":0,"time":"2023-12-27T11:13:06.155Z"}},{"iob":0.003,"basaliob":0.003,"bolussnooze":0,"activity":1.0E-4,"lastBolusTime":0,"time":"2023-12-27T11:18:06.155Z","iobWithZeroTemp":{"iob":-0.315,"basaliob":-0.315,"bolussnooze":0,"activity":-0.0037,"lastBolusTime":0,"time":"2023-12-27T11:18:06.155Z"}},{"iob":0.002,"basaliob":0.002,"bolussnooze":0,"activity":1.0E-4,"lastBolusTime":0,"time":"2023-12-27T11:23:06.155Z","iobWithZeroTemp":{"iob":-0.318,"basaliob":-0.318,"bolussnooze":0,"activity":-0.0037,"lastBolusTime":0,"time":"2023-12-27T11:23:06.155Z"}},{"iob":0.002,"basaliob":0.002,"bolussnooze":0,"activity":1.0E-4,"lastBolusTime":0,"time":"2023-12-27T11:28:06.155Z","iobWithZeroTemp":{"iob":-0.32,"basaliob":-0.32,"bolussnooze":0,"activity":-0.0037,"lastBolusTime":0,"time":"2023-12-27T11:28:06.155Z"}},{"iob":0.002,"basaliob":0.002,"bolussnooze":0,"activity":0,"lastBolusTime":0,"time":"2023-12-27T11:33:06.155Z","iobWithZeroTemp":{"iob":-0.322,"basaliob":-0.322,"bolussnooze":0,"activity":-0.0038,"lastBolusTime":0,"time":"2023-12-27T11:33:06.155Z"}}],"profile":{"max_iob":10,"type":"current","max_daily_basal":0.35,"max_basal":1.05,"min_bg":90,"max_bg":90,"target_bg":90,"carb_ratio":8.2,"sens":110,"max_daily_safety_multiplier":3,"current_basal_safety_multiplier":4,"lgsThreshold":95,"high_temptarget_raises_sensitivity":true,"low_temptarget_lowers_sensitivity":true,"sensitivity_raises_target":true,"resistance_lowers_target":true,"adv_target_adjustments":false,"exercise_mode":false,"half_basal_exercise_target":160,"maxCOB":120,"skip_neutral_temps":false,"remainingCarbsCap":90,"enableUAM":true,"A52_risk_enable":false,"SMBInterval":3,"enableSMB_with_COB":true,"enableSMB_with_temptarget":true,"allowSMB_with_high_temptarget":false,"enableSMB_always":false,"enableSMB_after_carbs":true,"maxSMBBasalMinutes":30,"maxUAMSMBBasalMinutes":40,"bolus_increment":0.05,"carbsReqThreshold":4,"current_basal":0.3,"temptargetSet":false,"autosens_max":1.3,"autosens_min":0.7,"variable_sens":159.4,"insulinDivisor":75,"TDD":12.895233327380952},"autosens_data":{"ratio":1.3031491513872706},"meal_data":{"carbs":0,"mealCOB":0,"slopeFromMaxDeviation":-0.8900000000000001,"slopeFromMinDeviation":0.37418181818181817,"lastBolusTime":1703638991772,"lastCarbTime":0},"microBolusAllowed":true,"currentTime":1703662687571,"flatBGsDetected":false,"tdd1D":21.236583333333336,"tdd7D":16.175559523809522,"tddLast24H":21.079166666666662,"tddLast4H":1.5375,"tddLast8to4H":0.8958333333333334},"output":{"temp":"absolute","bg":105,"tick":"+1","eventualBG":92,"targetBG":83,"insulinReq":0,"deliverAt":"2023-12-27T07:38:07.571Z","sensitivityRatio":1.3031491513872706,"variable_sens":159.4,"predBGs":{"IOB":[105,106,106,106,107,106,106,106,105,105,104,103,102,102,101,100,99,99,98,98,97,96,96,96,95,95,94,94,94,93,93,93,93,92,92,92,92,92,92,92,91],"ZT":[105,105,104,103,103,102,102,102,101,101,102,102,103,103],"UAM":[105,105,104,104,103,102,101,100,99,99,98,97,96,95,94,94,93,92,91,91,90,90,89,89,88,88,87,87,87,86,86,86,86,85,85,85,85,85,85,84]},"reason":"COB: 0, Dev: 7, BGI: 0, ISF: 159, CR: 8.2, Target: 83, minPredBG 93, minGuardBG 84, IOBpredBG 91, UAMpredBG 84; minGuardBG 84<95","COB":0,"IOB":0.126,"duration":30,"rate":0,"timestamp":"2023-12-27T07:38:07.604Z"}}