{"algorithm":"OpenAPSSMBDynamicISFPlugin","input":{"glucoseStatus":{"glucose":63,"noise":0,"delta":-1.11,"short_avgdelta":-1.11,"long_avgdelta":-4.9,"date":1703497956000},"currenttemp":{"temp":"absolute","duration":95,"rate":0,"minutesrunning":25},"iob_data":[{"iob":0.306,"basaliob":-0.362,"bolussnooze":0.0881,"activity":0.0076,"lastBolusTime":1703494087446,"time":"2023-12-25T09:52:57.946Z","iobWithZeroTemp":{"iob":0.306,"basaliob":-0.362,"bolussnooze":0.0881,"activity":0.0076,"lastBolusTime":1703494087446,"time":"2023-12-25T09:52:57.946Z"}},{"iob":0.27,"basaliob":-0.344,"bolussnooze":0.0695,"activity":0.0068,"lastBolusTime":1703494087446,"time":"2023-12-25T09:57:57.946Z","iobWithZeroTemp":{"iob":0.248,"basaliob":-0.366,"bolussnooze":0.0695,"activity":0.0068,"lastBolusTime":1703494087446,"time":"2023-12-25T09:57:57.946Z"}},{"iob":0.238,"basaliob":-0.326,"bolussnooze":0.0543,"activity":0.0061,"lastBolusTime":1703494087446,"time":"2023-12-25T10:02:57.946Z","iobWithZeroTemp":{"iob":0.194,"basaliob":-0.37,"bolussnooze":0.0543,"activity":0.006,"lastBolusTime":1703494087446,"time":"2023-12-25T10:02:57.946Z"}},{"iob":0.21,"basaliob":-0.307,"bolussnooze":0.042,"activity":0.0054,"lastBolusTime":1703494087446,"time":"2023-12-25T10:07:57.946Z","iobWithZeroTemp":{"iob":0.145,"basaliob":-0.372,"bolussnooze":0.042,"activity":0.0052,"lastBolusTime":1703494087446,"time":"2023-12-25T10:07:57.946Z"}},{"iob":0.184,"basaliob":-0.289,"bolussnooze":0.0322,"activity":0.0048,"lastBolusTime":1703494087446,"time":"2023-12-25T10:12:57.946Z","iobWithZeroTemp":{"iob":0.099,"basaliob":-0.374,"bolussnooze":0.0322,"activity":0.0045,"lastBolusTime":1703494087446,"time":"2023-12-25T10:12:57.946Z"}},{"iob":0.161,"basaliob":-0.271,"bolussnooze":0.0243,"activity":0.0043,"lastBolusTime":1703494087446,"time":"2023-12-25T10:17:57.946Z","iobWithZeroTemp":{"iob":0.056,"basaliob":-0.376,"bolussnooze":0.0243,"activity":0.0038,"lastBolusTime":1703494087446,"time":"2023-12-25T10:17:57.946Z"}},{"iob":0.141,"basaliob":-0.253,"bolussnooze":0.0181,"activity":0.0038,"lastBolusTime":1703494087446,"time":"2023-12-25T10:22:57.946Z","iobWithZeroTemp":{"iob":0.017,"basaliob":-0.377,"bolussnooze":0.0181,"activity":0.0031,"lastBolusTime":1703494087446,"time":"2023-12-25T10:22:57.946Z"}},{"iob":0.122,"basaliob":-0.236,"bolussnooze":0.0132,"activity":0.0034,"lastBolusTime":1703494087446,"time":"2023-12-25T10:27:57.946Z","iobWithZeroTemp":{"iob":-0.02,"basaliob":-0.378,"bolussnooze":0.0132,"activity":0.0026,"lastBolusTime":1703494087446,"time":"2023-12-25T10:27:57.946Z"}},{"iob":0.107,"basaliob":-0.219,"bolussnooze":0.0095,"activity":0.003,"lastBolusTime":1703494087446,"time":"2023-12-25T10:32:57.946Z","iobWithZeroTemp":{"iob":-0.052,"basaliob":-0.378,"bolussnooze":0.0095,"activity":0.002,"lastBolusTime":1703494087446,"time":"2023-12-25T10:32:57.946Z"}},{"iob":0.093,"basaliob":-0.203,"bolussnooze":0.0066,"activity":0.0027,"lastBolusTime":1703494087446,"time":"2023-12-25T10:37:57.946Z","iobWithZeroTemp":{"iob":-0.082,"basaliob":-0.378,"bolussnooze":0.0066,"activity":0.0015,"lastBolusTime":1703494087446,"time":"2023-12-25T10:37:57.946Z"}},{"iob":0.08,"basaliob":-0.188,"bolussnooze":0.0045,"activity":0.0023,"lastBolusTime":1703494087446,"time":"2023-12-25T10:42:57.946Z","iobWithZeroTemp":{"iob":-0.11,"basaliob":-0.378,"bolussnooze":0.0045,"activity":9.0E-4,"lastBolusTime":1703494087446,"time":"2023-12-25T10:42:57.946Z"}},{"iob":0.068,"basaliob":-0.174,"bolussnooze":0.0029,"activity":0.0021,"lastBolusTime":1703494087446,"time":"2023-12-25T10:47:57.946Z","iobWithZeroTemp":{"iob":-0.136,"basaliob":-0.378,"bolussnooze":0.0029,"activity":5.0E-4,"lastBolusTime":1703494087446,"time":"2023-12-25T10:47:57.946Z"}},{"iob":0.059,"basaliob":-0.16,"bolussnooze":0.0017,"activity":0.0019,"lastBolusTime":1703494087446,"time":"2023-12-25T10:52:57.946Z","iobWithZeroTemp":{"iob":-0.159,"basaliob":-0.378,"bolussnooze":0.0017,"activity":1.0E-4,"lastBolusTime":1703494087446,"time":"2023-12-25T10:52:57.946Z"}},{"iob":0.05,"basaliob":-0.147,"bolussnooze":0.001,"activity":0.0016,"lastBolusTime":1703494087446,"time":"2023-12-25T10:57:57.946Z","iobWithZeroTemp":{"iob":-0.18,"basaliob":-0.377,"bolussnooze":0.001,"activity":-3.0E-4,"lastBolusTime":1703494087446,"time":"2023-12-25T10:57:57.946Z"}},{"iob":0.043,"basaliob":-0.135,"bolussnooze":4.0E-4,"activity":0.0015,"lastBolusTime":1703494087446,"time":"2023-12-25T11:02:57.946Z","iobWithZeroTemp":{"iob":-0.204,"basaliob":-0.382,"bolussnooze":4.0E-4,"activity":-6.0E-4,"lastBolusTime":1703494087446,"time":"2023-12-25T11:02:57.946Z"}},{"iob":0.036,"basaliob":-0.124,"bolussnooze":2.0E-4,"activity":0.0012,"lastBolusTime":1703494087446,"time":"2023-12-25T11:07:57.946Z","iobWithZeroTemp":{"iob":-0.227,"basaliob":-0.387,"bolussnooze":2.0E-4,"activity":-0.0011,"lastBolusTime":1703494087446,"time":"2023-12-25T11:07:57.946Z"}},{"iob":0.03,"basaliob":-0.113,"bolussnooze":0,"activity":0.0011,"lastBolusTime":1703494087446,"time":"2023-12-25T11:12:57.946Z","iobWithZeroTemp":{"iob":-0.248,"basaliob":-0.391,"bolussnooze":0,"activity":-0.0014,"lastBolusTime":1703494087446,"time":"2023-12-25T11:12:57.946Z"}},{"iob":0.024,"basaliob":-0.104,"bolussnooze":0,"activity":9.0E-4,"lastBolusTime":1703494087446,"time":"2023-12-25T11:17:57.946Z","iobWithZeroTemp":{"iob":-0.269,"basaliob":-0.397,"bolussnooze":0,"activity":-0.0017,"lastBolusTime":1703494087446,"time":"2023-12-25T11:17:57.946Z"}},{"iob":0.02,"basaliob":-0.095,"bolussnooze":0,"activity":8.0E-4,"lastBolusTime":1703494087446,"time":"2023-12-25T11:22:57.946Z","iobWithZeroTemp":{"iob":-0.286,"basaliob":-0.401,"bolussnooze":0,"activity":-0.002,"lastBolusTime":1703494087446,"time":"2023-12-25T11:22:57.946Z"}},{"iob":0.016,"basaliob":-0.086,"bolussnooze":0,"activity":7.0E-4,"lastBolusTime":1703494087446,"time":"2023-12-25T11:27:57.946Z","iobWithZeroTemp":{"iob":-0.303,"basaliob":-0.405,"bolussnooze":0,"activity":-0.0023,"lastBolusTime":1703494087446,"time":"2023-12-25T11:27:57.946Z"}},{"iob":0.013,"basaliob":-0.078,"bolussnooze":0,"activity":6.0E-4,"lastBolusTime":1703494087446,"time":"2023-12-25T11:32:57.946Z","iobWithZeroTemp":{"iob":-0.317,"basaliob":-0.408,"bolussnooze":0,"activity":-0.0025,"lastBolusTime":1703494087446,"time":"2023-12-25T11:32:57.946Z"}},{"iob":0.01,"basaliob":-0.071,"bolussnooze":0,"activity":5.0E-4,"lastBolusTime":1703494087446,"time":"2023-12-25T11:37:57.946Z","iobWithZeroTemp":{"iob":-0.331,"basaliob":-0.412,"bolussnooze":0,"activity":-0.0028,"lastBolusTime":1703494087446,"time":"2023-12-25T11:37:57.946Z"}},{"iob":0.008,"basaliob":-0.064,"bolussnooze":0,"activity":4.0E-4,"lastBolusTime":1703494087446,"time":"2023-12-25T11:42:57.946Z","iobWithZeroTemp":{"iob":-0.344,"basaliob":-0.416,"bolussnooze":0,"activity":-0.0031,"lastBolusTime":1703494087446,"time":"2023-12-25T11:42:57.946Z"}},{"iob":0.006,"basaliob":-0.058,"bolussnooze":0,"activity":4.0E-4,"lastBolusTime":1703494087446,"time":"2023-12-25T11:47:57.946Z","iobWithZeroTemp":{"iob":-0.355,"basaliob":-0.419,"bolussnooze":0,"activity":-0.0032,"lastBolusTime":1703494087446,"time":"2023-12-25T11:47:57.946Z"}},{"iob":0.003,"basaliob":-0.053,"bolussnooze":0,"activity":3.0E-4,"lastBolusTime":1703494087446,"time":"2023-12-25T11:52:57.946Z","iobWithZeroTemp":{"iob":-0.367,"basaliob":-0.423,"bolussnooze":0,"activity":-0.0034,"lastBolusTime":1703494087446,"time":"2023-12-25T11:52:57.946Z"}},{"iob":0.002,"basaliob":-0.047,"bolussnooze":0,"activity":3.0E-4,"lastBolusTime":1703494087446,"time":"2023-12-25T11:57:57.946Z","iobWithZeroTemp":{"iob":-0.376,"basaliob":-0.425,"bolussnooze":0,"activity":-0.0036,"lastBolusTime":1703494087446,"time":"2023-12-25T11:57:57.946Z"}},{"iob":0,"basaliob":-0.043,"bolussnooze":0,"activity":2.0E-4,"lastBolusTime":1703494087446,"time":"2023-12-25T12:02:57.946Z","iobWithZeroTemp":{"iob":-0.385,"basaliob":-0.428,"bolussnooze":0,"activity":-0.0038,"lastBolusTime":1703494087446,"time":"2023-12-25T12:02:57.946Z"}},{"iob":0,"basaliob":-0.038,"bolussnooze":0,"activity":2.0E-4,"lastBolusTime":1703494087446,"time":"2023-12-25T12:07:57.946Z","iobWithZeroTemp":{"iob":-0.392,"basaliob":-0.43,"bolussnooze":0,"activity":-0.0039,"lastBolusTime":1703494087446,"time":"2023-12-25T12:07:57.946Z"}},{"iob":-0.001,"basaliob":-0.034,"bolussnooze":0,"activity":1.0E-4,"lastBolusTime":1703494087446,"time":"2023-12-25T12:12:57.946Z","iobWithZeroTemp":{"iob":-0.399,"basaliob":-0.432,"bolussnooze":0,"activity":-0.0041,"lastBolusTime":1703494087446,"time":"2023-12-25T12:12:57.946Z"}},{"iob":-0.002,"basaliob":-0.031,"bolussnooze":0,"activity":1.0E-4,"lastBolusTime":1703494087446,"time":"2023-12-25T12:17:57.946Z","iobWithZeroTemp":{"iob":-0.406,"basaliob":-0.435,"bolussnooze":0,"activity":-0.0042,"lastBolusTime":1703494087446,"time":"2023-12-25T12:17:57.946Z"}},{"iob":-0.003,"basaliob":-0.028,"bolussnooze":0,"activity":1.0E-4,"lastBolusTime":1703494087446,"time":"2023-12-25T12:22:57.946Z","iobWithZeroTemp":{"iob":-0.412,"basaliob":-0.437,"bolussnooze":0,"activity":-0.0043,"lastBolusTime":1703494087446,"time":"2023-12-25T12:22:57.946Z"}},{"iob":-0.003,"basaliob":-0.025,"bolussnooze":0,"activity":0,"lastBolusTime":1703494087446,"time":"2023-12-25T12:27:57.946Z","iobWithZeroTemp":{"iob":-0.417,"basaliob":-0.439,"bolussnooze":0,"activity":-0.0045,"lastBolusTime":1703494087446,"time":"2023-12-25T12:27:57.946Z"}},{"iob":-0.003,"basaliob":-0.022,"bolussnooze":0,"activity":1.0E-4,"lastBolusTime":1703494087446,"time":"2023-12-25T12:32:57.946Z","iobWithZeroTemp":{"iob":-0.421,"basaliob":-0.44,"bolussnooze":0,"activity":-0.0045,"lastBolusTime":1703494087446,"time":"2023-12-25T12:32:57.946Z"}},{"iob":-0.004,"basaliob":-0.02,"bolussnooze":0,"activity":0,"lastBolusTime":1703494087446,"time":"2023-12-25T12:37:57.946Z","iobWithZeroTemp":{"iob":-0.426,"basaliob":-0.442,"bolussnooze":0,"activity":-0.0047,"lastBolusTime":1703494087446,"time":"2023-12-25T12:37:57.946Z"}},{"iob":-0.003,"basaliob":-0.017,"bolussnooze":0,"activity":0,"lastBolusTime":1703494087446,"time":"2023-12-25T12:42:57.946Z","iobWithZeroTemp":{"iob":-0.429,"basaliob":-0.443,"bolussnooze":0,"activity":-0.0047,"lastBolusTime":1703494087446,"time":"2023-12-25T12:42:57.946Z"}},{"iob":-0.003,"basaliob":-0.015,"bolussnooze":0,"activity":0,"lastBolusTime":1703494087446,"time":"2023-12-25T12:47:57.946Z","iobWithZeroTemp":{"iob":-0.432,"basaliob":-0.444,"bolussnooze":0,"activity":-0.0048,"lastBolusTime":1703494087446,"time":"2023-12-25T12:47:57.946Z"}},{"iob":-0.004,"basaliob":-0.014,"bolussnooze":0,"activity":0,"lastBolusTime":1703494087446,"time":"2023-12-25T12:52:57.946Z","iobWithZeroTemp":{"iob":-0.436,"basaliob":-0.446,"bolussnooze":0,"activity":-0.0049,"lastBolusTime":1703494087446,"time":"2023-12-25T12:52:57.946Z"}},{"iob":-0.004,"basaliob":-0.012,"bolussnooze":0,"activity":0,"lastBolusTime":1703494087446,"time":"2023-12-25T12:57:57.946Z","iobWithZeroTemp":{"iob":-0.438,"basaliob":-0.446,"bolussnooze":0,"activity":-0.0049,"lastBolusTime":1703494087446,"time":"2023-12-25T12:57:57.946Z"}},{"iob":-0.003,"basaliob":-0.01,"bolussnooze":0,"activity":0,"lastBolusTime":1703494087446,"time":"2023-12-25T13:02:57.946Z","iobWithZeroTemp":{"iob":-0.447,"basaliob":-0.454,"bolussnooze":0,"activity":-0.005,"lastBolusTime":1703494087446,"time":"2023-12-25T13:02:57.946Z"}},{"iob":-0.003,"basaliob":-0.009,"bolussnooze":0,"activity":0,"lastBolusTime":1703494087446,"time":"2023-12-25T13:07:57.946Z","iobWithZeroTemp":{"iob":-0.456,"basaliob":-0.462,"bolussnooze":0,"activity":-0.005,"lastBolusTime":1703494087446,"time":"2023-12-25T13:07:57.946Z"}},{"iob":-0.003,"basaliob":-0.008,"bolussnooze":0,"activity":0,"lastBolusTime":1703494087446,"time":"2023-12-25T13:12:57.946Z","iobWithZeroTemp":{"iob":-0.465,"basaliob":-0.47,"bolussnooze":0,"activity":-0.0051,"lastBolusTime":1703494087446,"time":"2023-12-25T13:12:57.946Z"}},{"iob":-0.003,"basaliob":-0.007,"bolussnooze":0,"activity":0,"lastBolusTime":1703494087446,"time":"2023-12-25T13:17:57.946Z","iobWithZeroTemp":{"iob":-0.473,"basaliob":-0.477,"bolussnooze":0,"activity":-0.0052,"lastBolusTime":1703494087446,"time":"2023-12-25T13:17:57.946Z"}},{"iob":-0.003,"basaliob":-0.006,"bolussnooze":0,"activity":-1.0E-4,"lastBolusTime":1703494087446,"time":"2023-12-25T13:22:57.946Z","iobWithZeroTemp":{"iob":-0.481,"basaliob":-0.484,"bolussnooze":0,"activity":-0.0054,"lastBolusTime":1703494087446,"time":"2023-12-25T13:22:57.946Z"}},{"iob":-0.003,"basaliob":-0.005,"bolussnooze":0,"activity":-1.0E-4,"lastBolusTime":1703494087446,"time":"2023-12-25T13:27:57.946Z","iobWithZeroTemp":{"iob":-0.489,"basaliob":-0.491,"bolussnooze":0,"activity":-0.0055,"lastBolusTime":1703494087446,"time":"2023-12-25T13:27:57.946Z"}},{"iob":-0.003,"basaliob":-0.005,"bolussnooze":0,"activity":0,"lastBolusTime":1703494087446,"time":"2023-12-25T13:32:57.946Z","iobWithZeroTemp":{"iob":-0.496,"basaliob":-0.498,"bolussnooze":0,"activity":-0.0055,"lastBolusTime":1703494087446,"time":"2023-12-25T13:32:57.946Z"}},{"iob":-0.003,"basaliob":-0.004,"bolussnooze":0,"activity":0,"lastBolusTime":1703494087446,"time":"2023-12-25T13:37:57.946Z","iobWithZeroTemp":{"iob":-0.502,"basaliob":-0.503,"bolussnooze":0,"activity":-0.0055,"lastBolusTime":1703494087446,"time":"2023-12-25T13:37:57.946Z"}},{"iob":-0.002,"basaliob":-0.003,"bolussnooze":0,"activity":0,"lastBolusTime":1703494087446,"time":"2023-12-25T13:42:57.946Z","iobWithZeroTemp":{"iob":-0.508,"basaliob":-0.509,"bolussnooze":0,"activity":-0.0056,"lastBolusTime":1703494087446,"time":"2023-12-25T13:42:57.946Z"}},{"iob":-0.002,"basaliob":-0.003,"bolussnooze":0,"activity":0,"lastBolusTime":1703494087446,"time":"2023-12-25T13:47:57.946Z","iobWithZeroTemp":{"iob":-0.514,"basaliob":-0.515,"bolussnooze":0,"activity":-0.0057,"lastBolusTime":1703494087446,"time":"2023-12-25T13:47:57.946Z"}}],"profile":{"max_iob":10,"type":"current","max_daily_basal":0.41,"max_basal":1.25,"min_bg":130,"max_bg":130,"target_bg":130,"carb_ratio":7.639,"sens":140.517,"max_daily_safety_multiplier":3,"current_basal_safety_multiplier":4,"lgsThreshold":95,"high_temptarget_raises_sensitivity":true,"low_temptarget_lowers_sensitivity":true,"sensitivity_raises_target":true,"resistance_lowers_target":true,"adv_target_adjustments":false,"exercise_mode":false,"half_basal_exercise_target":160,"maxCOB":120,"skip_neutral_temps":false,"remainingCarbsCap":90,"enableUAM":true,"A52_risk_enable":false,"SMBInterval":3,"enableSMB_with_COB":true,"enableSMB_with_temptarget":true,"allowSMB_with_high_temptarget":false,"enableSMB_always":false,"enableSMB_after_carbs":true,"maxSMBBasalMinutes":30,"maxUAMSMBBasalMinutes":40,"bolus_increment":0.05,"carbsReqThreshold":4,"current_basal":0.35,"temptargetSet":true,"autosens_max":1.3,"autosens_min":0.7,"variable_sens":237.9,"insulinDivisor":75,"TDD":12.40927851190476},"autosens_data":{"ratio":1.057031734931996},"meal_data":{"carbs":13,"mealCOB":4.936582624621934,"slopeFromMaxDeviation":-1.1710909090909087,"slopeFromMinDeviation":1.1045,"lastBolusTime":1703494087446,"lastCarbTime":1703492159954},"microBolusAllowed":true,"currentTime":1703497978390,"flatBGsDetected":false,"tdd1D":15.581666666666663,"tdd7D":15.151547619047617,"tddLast24H":16.015666666666657,"tddLast4H":2.6058333333333334,"tddLast8to4H":1.1683333333333334},"output":{"temp":"absolute","bg":63,"tick":-1,"eventualBG":135,"targetBG":130,"insulinReq":0,"deliverAt":"2023-12-25T09:52:58.390Z","sensitivityRatio":0.67,"variable_sens":237.9,"predBGs":{"IOB":[63,61,60,58,56,55,53,51,49,47,44,41,39],"ZT":[63,54,45,39,39,39,39,39,39,39,39,39,39,39,39,39,39,39,39,39,39,39,39,39,39,39,42,48,54,60,65,70,75,79,84,89,93,98,102,106,110,114,118,122,127],"COB":[63,62,61,61,62,63,65,66,69,71,74,77,80,83,86,89,92,95,99,102,105,108,110,113,116,118,120,123,125,126,128,130,131,132,133,134,135],"UAM":[63,61,58,55,51,46,40,39,39,39,39,39,39]},"reason":"COB: 4.9, Dev: 48, BGI: -9, ISF: 238, CR: 7.64, Target: 130, minPredBG 44, minGuardBG 16, IOBpredBG 39, COBpredBG 135, UAMpredBG 39; minGuardBG 16<95 95m left and 0 ~ req 0U\/hr: no temp required","COB":4.936582624621934,"IOB":0.306,"timestamp":"2023-12-25T09:52:58.403Z"}}