{"algorithm":"OpenAPSSMBDynamicISFPlugin","input":{"glucoseStatus":{"glucose":149,"noise":0,"delta":-2.22,"short_avgdelta":-2.22,"long_avgdelta":-1.88,"date":1703536058000},"currenttemp":{"temp":"absolute","duration":105,"rate":0,"minutesrunning":15},"iob_data":[{"iob":0.875,"basaliob":-0.088,"bolussnooze":0.0434,"activity":0.0142,"lastBolusTime":1703534590488,"time":"2023-12-25T20:28:02.657Z","iobWithZeroTemp":{"iob":0.875,"basaliob":-0.088,"bolussnooze":0.0434,"activity":0.0142,"lastBolusTime":1703534590488,"time":"2023-12-25T20:28:02.657Z"}},{"iob":0.806,"basaliob":-0.084,"bolussnooze":0.0327,"activity":0.0134,"lastBolusTime":1703534590488,"time":"2023-12-25T20:33:02.657Z","iobWithZeroTemp":{"iob":0.783,"basaliob":-0.107,"bolussnooze":0.0327,"activity":0.0134,"lastBolusTime":1703534590488,"time":"2023-12-25T20:33:02.657Z"}},{"iob":0.741,"basaliob":-0.08,"bolussnooze":0.0244,"activity":0.0126,"lastBolusTime":1703534590488,"time":"2023-12-25T20:38:02.657Z","iobWithZeroTemp":{"iob":0.69,"basaliob":-0.131,"bolussnooze":0.0244,"activity":0.0125,"lastBolusTime":1703534590488,"time":"2023-12-25T20:38:02.657Z"}},{"iob":0.679,"basaliob":-0.076,"bolussnooze":0.0178,"activity":0.0118,"lastBolusTime":1703534590488,"time":"2023-12-25T20:43:02.657Z","iobWithZeroTemp":{"iob":0.601,"basaliob":-0.154,"bolussnooze":0.0178,"activity":0.0116,"lastBolusTime":1703534590488,"time":"2023-12-25T20:43:02.657Z"}},{"iob":0.622,"basaliob":-0.072,"bolussnooze":0.0127,"activity":0.011,"lastBolusTime":1703534590488,"time":"2023-12-25T20:48:02.657Z","iobWithZeroTemp":{"iob":0.517,"basaliob":-0.177,"bolussnooze":0.0127,"activity":0.0106,"lastBolusTime":1703534590488,"time":"2023-12-25T20:48:02.657Z"}},{"iob":0.569,"basaliob":-0.067,"bolussnooze":0.0089,"activity":0.0103,"lastBolusTime":1703534590488,"time":"2023-12-25T20:53:02.657Z","iobWithZeroTemp":{"iob":0.438,"basaliob":-0.198,"bolussnooze":0.0089,"activity":0.0097,"lastBolusTime":1703534590488,"time":"2023-12-25T20:53:02.657Z"}},{"iob":0.519,"basaliob":-0.063,"bolussnooze":0.006,"activity":0.0096,"lastBolusTime":1703534590488,"time":"2023-12-25T20:58:02.657Z","iobWithZeroTemp":{"iob":0.363,"basaliob":-0.219,"bolussnooze":0.006,"activity":0.0088,"lastBolusTime":1703534590488,"time":"2023-12-25T20:58:02.657Z"}},{"iob":0.473,"basaliob":-0.059,"bolussnooze":0.0039,"activity":0.0089,"lastBolusTime":1703534590488,"time":"2023-12-25T21:03:02.657Z","iobWithZeroTemp":{"iob":0.297,"basaliob":-0.235,"bolussnooze":0.0039,"activity":0.0079,"lastBolusTime":1703534590488,"time":"2023-12-25T21:03:02.657Z"}},{"iob":0.43,"basaliob":-0.055,"bolussnooze":0.0024,"activity":0.0082,"lastBolusTime":1703534590488,"time":"2023-12-25T21:08:02.657Z","iobWithZeroTemp":{"iob":0.235,"basaliob":-0.25,"bolussnooze":0.0024,"activity":0.0069,"lastBolusTime":1703534590488,"time":"2023-12-25T21:08:02.657Z"}},{"iob":0.391,"basaliob":-0.051,"bolussnooze":0.0013,"activity":0.0075,"lastBolusTime":1703534590488,"time":"2023-12-25T21:13:02.657Z","iobWithZeroTemp":{"iob":0.178,"basaliob":-0.264,"bolussnooze":0.0013,"activity":0.006,"lastBolusTime":1703534590488,"time":"2023-12-25T21:13:02.657Z"}},{"iob":0.355,"basaliob":-0.047,"bolussnooze":6.0E-4,"activity":0.007,"lastBolusTime":1703534590488,"time":"2023-12-25T21:18:02.657Z","iobWithZeroTemp":{"iob":0.126,"basaliob":-0.276,"bolussnooze":6.0E-4,"activity":0.0053,"lastBolusTime":1703534590488,"time":"2023-12-25T21:18:02.657Z"}},{"iob":0.32,"basaliob":-0.044,"bolussnooze":2.0E-4,"activity":0.0064,"lastBolusTime":1703534590488,"time":"2023-12-25T21:23:02.657Z","iobWithZeroTemp":{"iob":0.076,"basaliob":-0.288,"bolussnooze":2.0E-4,"activity":0.0045,"lastBolusTime":1703534590488,"time":"2023-12-25T21:23:02.657Z"}},{"iob":0.29,"basaliob":-0.04,"bolussnooze":0,"activity":0.0059,"lastBolusTime":1703534590488,"time":"2023-12-25T21:28:02.657Z","iobWithZeroTemp":{"iob":0.031,"basaliob":-0.299,"bolussnooze":0,"activity":0.0038,"lastBolusTime":1703534590488,"time":"2023-12-25T21:28:02.657Z"}},{"iob":0.262,"basaliob":-0.037,"bolussnooze":0,"activity":0.0054,"lastBolusTime":1703534590488,"time":"2023-12-25T21:33:02.657Z","iobWithZeroTemp":{"iob":-0.01,"basaliob":-0.309,"bolussnooze":0,"activity":0.0031,"lastBolusTime":1703534590488,"time":"2023-12-25T21:33:02.657Z"}},{"iob":0.236,"basaliob":-0.034,"bolussnooze":0,"activity":0.0049,"lastBolusTime":1703534590488,"time":"2023-12-25T21:38:02.657Z","iobWithZeroTemp":{"iob":-0.049,"basaliob":-0.319,"bolussnooze":0,"activity":0.0024,"lastBolusTime":1703534590488,"time":"2023-12-25T21:38:02.657Z"}},{"iob":0.212,"basaliob":-0.031,"bolussnooze":0,"activity":0.0046,"lastBolusTime":1703534590488,"time":"2023-12-25T21:43:02.657Z","iobWithZeroTemp":{"iob":-0.084,"basaliob":-0.327,"bolussnooze":0,"activity":0.0019,"lastBolusTime":1703534590488,"time":"2023-12-25T21:43:02.657Z"}},{"iob":0.19,"basaliob":-0.029,"bolussnooze":0,"activity":0.0041,"lastBolusTime":1703534590488,"time":"2023-12-25T21:48:02.657Z","iobWithZeroTemp":{"iob":-0.117,"basaliob":-0.336,"bolussnooze":0,"activity":0.0012,"lastBolusTime":1703534590488,"time":"2023-12-25T21:48:02.657Z"}},{"iob":0.171,"basaliob":-0.026,"bolussnooze":0,"activity":0.0037,"lastBolusTime":1703534590488,"time":"2023-12-25T21:53:02.657Z","iobWithZeroTemp":{"iob":-0.145,"basaliob":-0.342,"bolussnooze":0,"activity":7.0E-4,"lastBolusTime":1703534590488,"time":"2023-12-25T21:53:02.657Z"}},{"iob":0.153,"basaliob":-0.024,"bolussnooze":0,"activity":0.0035,"lastBolusTime":1703534590488,"time":"2023-12-25T21:58:02.657Z","iobWithZeroTemp":{"iob":-0.172,"basaliob":-0.349,"bolussnooze":0,"activity":3.0E-4,"lastBolusTime":1703534590488,"time":"2023-12-25T21:58:02.657Z"}},{"iob":0.136,"basaliob":-0.022,"bolussnooze":0,"activity":0.0031,"lastBolusTime":1703534590488,"time":"2023-12-25T22:03:02.657Z","iobWithZeroTemp":{"iob":-0.196,"basaliob":-0.354,"bolussnooze":0,"activity":-2.0E-4,"lastBolusTime":1703534590488,"time":"2023-12-25T22:03:02.657Z"}},{"iob":0.121,"basaliob":-0.02,"bolussnooze":0,"activity":0.0028,"lastBolusTime":1703534590488,"time":"2023-12-25T22:08:02.657Z","iobWithZeroTemp":{"iob":-0.217,"basaliob":-0.358,"bolussnooze":0,"activity":-6.0E-4,"lastBolusTime":1703534590488,"time":"2023-12-25T22:08:02.657Z"}},{"iob":0.108,"basaliob":-0.018,"bolussnooze":0,"activity":0.0026,"lastBolusTime":1703534590488,"time":"2023-12-25T22:13:02.657Z","iobWithZeroTemp":{"iob":-0.236,"basaliob":-0.362,"bolussnooze":0,"activity":-0.001,"lastBolusTime":1703534590488,"time":"2023-12-25T22:13:02.657Z"}},{"iob":0.096,"basaliob":-0.016,"bolussnooze":0,"activity":0.0023,"lastBolusTime":1703534590488,"time":"2023-12-25T22:18:02.657Z","iobWithZeroTemp":{"iob":-0.253,"basaliob":-0.365,"bolussnooze":0,"activity":-0.0014,"lastBolusTime":1703534590488,"time":"2023-12-25T22:18:02.657Z"}},{"iob":0.085,"basaliob":-0.015,"bolussnooze":0,"activity":0.0021,"lastBolusTime":1703534590488,"time":"2023-12-25T22:23:02.657Z","iobWithZeroTemp":{"iob":-0.268,"basaliob":-0.368,"bolussnooze":0,"activity":-0.0017,"lastBolusTime":1703534590488,"time":"2023-12-25T22:23:02.657Z"}},{"iob":0.074,"basaliob":-0.014,"bolussnooze":0,"activity":0.0018,"lastBolusTime":1703534590488,"time":"2023-12-25T22:28:02.657Z","iobWithZeroTemp":{"iob":-0.283,"basaliob":-0.371,"bolussnooze":0,"activity":-0.002,"lastBolusTime":1703534590488,"time":"2023-12-25T22:28:02.657Z"}},{"iob":0.066,"basaliob":-0.012,"bolussnooze":0,"activity":0.0016,"lastBolusTime":1703534590488,"time":"2023-12-25T22:33:02.657Z","iobWithZeroTemp":{"iob":-0.294,"basaliob":-0.372,"bolussnooze":0,"activity":-0.0023,"lastBolusTime":1703534590488,"time":"2023-12-25T22:33:02.657Z"}},{"iob":0.058,"basaliob":-0.011,"bolussnooze":0,"activity":0.0015,"lastBolusTime":1703534590488,"time":"2023-12-25T22:38:02.657Z","iobWithZeroTemp":{"iob":-0.306,"basaliob":-0.375,"bolussnooze":0,"activity":-0.0025,"lastBolusTime":1703534590488,"time":"2023-12-25T22:38:02.657Z"}},{"iob":0.051,"basaliob":-0.01,"bolussnooze":0,"activity":0.0014,"lastBolusTime":1703534590488,"time":"2023-12-25T22:43:02.657Z","iobWithZeroTemp":{"iob":-0.315,"basaliob":-0.376,"bolussnooze":0,"activity":-0.0027,"lastBolusTime":1703534590488,"time":"2023-12-25T22:43:02.657Z"}},{"iob":0.045,"basaliob":-0.009,"bolussnooze":0,"activity":0.0012,"lastBolusTime":1703534590488,"time":"2023-12-25T22:48:02.657Z","iobWithZeroTemp":{"iob":-0.324,"basaliob":-0.378,"bolussnooze":0,"activity":-0.0029,"lastBolusTime":1703534590488,"time":"2023-12-25T22:48:02.657Z"}},{"iob":0.039,"basaliob":-0.008,"bolussnooze":0,"activity":0.001,"lastBolusTime":1703534590488,"time":"2023-12-25T22:53:02.657Z","iobWithZeroTemp":{"iob":-0.332,"basaliob":-0.379,"bolussnooze":0,"activity":-0.0032,"lastBolusTime":1703534590488,"time":"2023-12-25T22:53:02.657Z"}},{"iob":0.034,"basaliob":-0.007,"bolussnooze":0,"activity":9.0E-4,"lastBolusTime":1703534590488,"time":"2023-12-25T22:58:02.657Z","iobWithZeroTemp":{"iob":-0.339,"basaliob":-0.38,"bolussnooze":0,"activity":-0.0033,"lastBolusTime":1703534590488,"time":"2023-12-25T22:58:02.657Z"}},{"iob":0.03,"basaliob":-0.006,"bolussnooze":0,"activity":9.0E-4,"lastBolusTime":1703534590488,"time":"2023-12-25T23:03:02.657Z","iobWithZeroTemp":{"iob":-0.344,"basaliob":-0.38,"bolussnooze":0,"activity":-0.0034,"lastBolusTime":1703534590488,"time":"2023-12-25T23:03:02.657Z"}},{"iob":0.025,"basaliob":-0.006,"bolussnooze":0,"activity":8.0E-4,"lastBolusTime":1703534590488,"time":"2023-12-25T23:08:02.657Z","iobWithZeroTemp":{"iob":-0.35,"basaliob":-0.381,"bolussnooze":0,"activity":-0.0035,"lastBolusTime":1703534590488,"time":"2023-12-25T23:08:02.657Z"}},{"iob":0.022,"basaliob":-0.005,"bolussnooze":0,"activity":7.0E-4,"lastBolusTime":1703534590488,"time":"2023-12-25T23:13:02.657Z","iobWithZeroTemp":{"iob":-0.354,"basaliob":-0.381,"bolussnooze":0,"activity":-0.0036,"lastBolusTime":1703534590488,"time":"2023-12-25T23:13:02.657Z"}},{"iob":0.018,"basaliob":-0.005,"bolussnooze":0,"activity":6.0E-4,"lastBolusTime":1703534590488,"time":"2023-12-25T23:18:02.657Z","iobWithZeroTemp":{"iob":-0.359,"basaliob":-0.382,"bolussnooze":0,"activity":-0.0038,"lastBolusTime":1703534590488,"time":"2023-12-25T23:18:02.657Z"}},{"iob":0.016,"basaliob":-0.004,"bolussnooze":0,"activity":5.0E-4,"lastBolusTime":1703534590488,"time":"2023-12-25T23:23:02.657Z","iobWithZeroTemp":{"iob":-0.361,"basaliob":-0.381,"bolussnooze":0,"activity":-0.0039,"lastBolusTime":1703534590488,"time":"2023-12-25T23:23:02.657Z"}},{"iob":0.013,"basaliob":-0.004,"bolussnooze":0,"activity":4.0E-4,"lastBolusTime":1703534590488,"time":"2023-12-25T23:28:02.657Z","iobWithZeroTemp":{"iob":-0.365,"basaliob":-0.382,"bolussnooze":0,"activity":-0.004,"lastBolusTime":1703534590488,"time":"2023-12-25T23:28:02.657Z"}},{"iob":0.012,"basaliob":-0.003,"bolussnooze":0,"activity":4.0E-4,"lastBolusTime":1703534590488,"time":"2023-12-25T23:33:02.657Z","iobWithZeroTemp":{"iob":-0.366,"basaliob":-0.381,"bolussnooze":0,"activity":-0.004,"lastBolusTime":1703534590488,"time":"2023-12-25T23:33:02.657Z"}},{"iob":0.01,"basaliob":-0.003,"bolussnooze":0,"activity":3.0E-4,"lastBolusTime":1703534590488,"time":"2023-12-25T23:38:02.657Z","iobWithZeroTemp":{"iob":-0.368,"basaliob":-0.381,"bolussnooze":0,"activity":-0.0041,"lastBolusTime":1703534590488,"time":"2023-12-25T23:38:02.657Z"}},{"iob":0.009,"basaliob":-0.002,"bolussnooze":0,"activity":3.0E-4,"lastBolusTime":1703534590488,"time":"2023-12-25T23:43:02.657Z","iobWithZeroTemp":{"iob":-0.369,"basaliob":-0.38,"bolussnooze":0,"activity":-0.0041,"lastBolusTime":1703534590488,"time":"2023-12-25T23:43:02.657Z"}},{"iob":0.007,"basaliob":-0.002,"bolussnooze":0,"activity":2.0E-4,"lastBolusTime":1703534590488,"time":"2023-12-25T23:48:02.657Z","iobWithZeroTemp":{"iob":-0.371,"basaliob":-0.38,"bolussnooze":0,"activity":-0.0043,"lastBolusTime":1703534590488,"time":"2023-12-25T23:48:02.657Z"}},{"iob":0.006,"basaliob":-0.002,"bolussnooze":0,"activity":2.0E-4,"lastBolusTime":1703534590488,"time":"2023-12-25T23:53:02.657Z","iobWithZeroTemp":{"iob":-0.373,"basaliob":-0.381,"bolussnooze":0,"activity":-0.0043,"lastBolusTime":1703534590488,"time":"2023-12-25T23:53:02.657Z"}},{"iob":0.004,"basaliob":-0.002,"bolussnooze":0,"activity":2.0E-4,"lastBolusTime":1703534590488,"time":"2023-12-25T23:58:02.657Z","iobWithZeroTemp":{"iob":-0.375,"basaliob":-0.381,"bolussnooze":0,"activity":-0.0043,"lastBolusTime":1703534590488,"time":"2023-12-25T23:58:02.657Z"}},{"iob":0.004,"basaliob":-0.001,"bolussnooze":0,"activity":2.0E-4,"lastBolusTime":1703534590488,"time":"2023-12-26T00:03:02.657Z","iobWithZeroTemp":{"iob":-0.372,"basaliob":-0.377,"bolussnooze":0,"activity":-0.0043,"lastBolusTime":1703534590488,"time":"2023-12-26T00:03:02.657Z"}},{"iob":0.003,"basaliob":-0.001,"bolussnooze":0,"activity":2.0E-4,"lastBolusTime":1703534590488,"time":"2023-12-26T00:08:02.657Z","iobWithZeroTemp":{"iob":-0.371,"basaliob":-0.375,"bolussnooze":0,"activity":-0.0043,"lastBolusTime":1703534590488,"time":"2023-12-26T00:08:02.657Z"}},{"iob":0.003,"basaliob":-0.001,"bolussnooze":0,"activity":1.0E-4,"lastBolusTime":1703534590488,"time":"2023-12-26T00:13:02.657Z","iobWithZeroTemp":{"iob":-0.369,"basaliob":-0.373,"bolussnooze":0,"activity":-0.0044,"lastBolusTime":1703534590488,"time":"2023-12-26T00:13:02.657Z"}},{"iob":0.002,"basaliob":-0.001,"bolussnooze":0,"activity":1.0E-4,"lastBolusTime":1703534590488,"time":"2023-12-26T00:18:02.657Z","iobWithZeroTemp":{"iob":-0.368,"basaliob":-0.371,"bolussnooze":0,"activity":-0.0044,"lastBolusTime":1703534590488,"time":"2023-12-26T00:18:02.657Z"}},{"iob":0.002,"basaliob":-0.001,"bolussnooze":0,"activity":1.0E-4,"lastBolusTime":1703534590488,"time":"2023-12-26T00:23:02.657Z","iobWithZeroTemp":{"iob":-0.366,"basaliob":-0.369,"bolussnooze":0,"activity":-0.0043,"lastBolusTime":1703534590488,"time":"2023-12-26T00:23:02.657Z"}}],"profile":{"max_iob":10,"type":"current","max_daily_basal":0.41,"max_basal":1.25,"min_bg":90,"max_bg":90,"target_bg":90,"carb_ratio":7.639,"sens":140.517,"max_daily_safety_multiplier":3,"current_basal_safety_multiplier":4,"lgsThreshold":95,"high_temptarget_raises_sensitivity":true,"low_temptarget_lowers_sensitivity":true,"sensitivity_raises_target":true,"resistance_lowers_target":true,"adv_target_adjustments":false,"exercise_mode":false,"half_basal_exercise_target":160,"maxCOB":120,"skip_neutral_temps":false,"remainingCarbsCap":90,"enableUAM":true,"A52_risk_enable":false,"SMBInterval":3,"enableSMB_with_COB":true,"enableSMB_with_temptarget":true,"allowSMB_with_high_temptarget":false,"enableSMB_always":false,"enableSMB_after_carbs":true,"maxSMBBasalMinutes":30,"maxUAMSMBBasalMinutes":40,"bolus_increment":0.05,"carbsReqThreshold":4,"current_basal":0.35,"temptargetSet":true,"autosens_max":1.3,"autosens_min":0.7,"variable_sens":111.1,"insulinDivisor":75,"TDD":14.801522761904764},"autosens_data":{"ratio":1.0668767138356139},"meal_data":{"carbs":20,"mealCOB":1.8254343337354195,"slopeFromMaxDeviation":-1.6789999999999996,"slopeFromMinDeviation":0,"lastBolusTime":1703534590488,"lastCarbTime":1703529089478},"microBolusAllowed":true,"currentTime":1703536084395,"flatBGsDetected":false,"tdd1D":15.581666666666663,"tdd7D":15.151547619047617,"tddLast24H":16.16483333333334,"tddLast4H":4.170000000000001,"tddLast8to4H":2.2566666666666673},"output":{"temp":"absolute","bg":149,"tick":-2,"eventualBG":86,"targetBG":90,"insulinReq":0,"deliverAt":"2023-12-25T20:28:04.395Z","sensitivityRatio":1.2,"variable_sens":111.1,"predBGs":{"IOB":[149,146,144,141,138,135,131,128,124,121,117,113,109,105,101,97,94,91,88,85,83,81,78,76,75,73,72,70,69,68,67,66,65,64,64,63,63,62,62,62,61,61,61,61,60],"ZT":[149,141,133,126,119,112,106,99,94,89,84,80,76,73,70,68,66,65,64,64,64,64,65,67,68,70,72,75,77,79,82,85,88,90],"COB":[149,146,143,140,137,133,130,126,122,117,113,109,106,102,99,97,94,92,90,88,86,84,83,82,81,80,79,78,77,76,76,75,75,74,74,74,73,73,73,73,73,73,72],"UAM":[149,145,140,133,126,119,113,107,100,95,89,84,78,73,68,64,59,55,51,47,43,39]},"reason":"COB: 1.8, Dev: 34, BGI: -8, ISF: 111, CR: 7.64, Target: 90, minPredBG 64, minGuardBG 12, IOBpredBG 60, COBpredBG 72, UAMpredBG 39; minGuardBG 12<95","COB":1.8254343337354195,"IOB":0.875,"duration":120,"rate":0,"timestamp":"2023-12-25T20:28:04.422Z"}}