{"algorithm":"OpenAPSSMBDynamicISFPlugin","input":{"glucoseStatus":{"glucose":100,"noise":0,"delta":1.61,"short_avgdelta":1.61,"long_avgdelta":2.07,"date":1703649160000},"currenttemp":{"temp":"absolute","duration":25,"rate":0.4,"minutesrunning":5},"iob_data":[{"iob":-0.14,"basaliob":-0.177,"bolussnooze":0,"activity":-0.0018,"lastBolusTime":1703638991772,"time":"2023-12-27T03:53:05.509Z","iobWithZeroTemp":{"iob":-0.14,"basaliob":-0.177,"bolussnooze":0,"activity":-0.0018,"lastBolusTime":1703638991772,"time":"2023-12-27T03:53:05.509Z"}},{"iob":-0.131,"basaliob":-0.164,"bolussnooze":0,"activity":-0.0018,"lastBolusTime":1703638991772,"time":"2023-12-27T03:58:05.509Z","iobWithZeroTemp":{"iob":-0.151,"basaliob":-0.184,"bolussnooze":0,"activity":-0.0018,"lastBolusTime":1703638991772,"time":"2023-12-27T03:58:05.509Z"}},{"iob":-0.121,"basaliob":-0.151,"bolussnooze":0,"activity":-0.0017,"lastBolusTime":1703638991772,"time":"2023-12-27T04:03:05.509Z","iobWithZeroTemp":{"iob":-0.166,"basaliob":-0.196,"bolussnooze":0,"activity":-0.0018,"lastBolusTime":1703638991772,"time":"2023-12-27T04:03:05.509Z"}},{"iob":-0.113,"basaliob":-0.139,"bolussnooze":0,"activity":-0.0017,"lastBolusTime":1703638991772,"time":"2023-12-27T04:08:05.509Z","iobWithZeroTemp":{"iob":-0.182,"basaliob":-0.208,"bolussnooze":0,"activity":-0.0019,"lastBolusTime":1703638991772,"time":"2023-12-27T04:08:05.509Z"}},{"iob":-0.105,"basaliob":-0.128,"bolussnooze":0,"activity":-0.0016,"lastBolusTime":1703638991772,"time":"2023-12-27T04:13:05.509Z","iobWithZeroTemp":{"iob":-0.198,"basaliob":-0.221,"bolussnooze":0,"activity":-0.002,"lastBolusTime":1703638991772,"time":"2023-12-27T04:13:05.509Z"}},{"iob":-0.097,"basaliob":-0.118,"bolussnooze":0,"activity":-0.0015,"lastBolusTime":1703638991772,"time":"2023-12-27T04:18:05.509Z","iobWithZeroTemp":{"iob":-0.212,"basaliob":-0.233,"bolussnooze":0,"activity":-0.002,"lastBolusTime":1703638991772,"time":"2023-12-27T04:18:05.509Z"}},{"iob":-0.09,"basaliob":-0.108,"bolussnooze":0,"activity":-0.0014,"lastBolusTime":1703638991772,"time":"2023-12-27T04:23:05.509Z","iobWithZeroTemp":{"iob":-0.227,"basaliob":-0.245,"bolussnooze":0,"activity":-0.0021,"lastBolusTime":1703638991772,"time":"2023-12-27T04:23:05.509Z"}},{"iob":-0.083,"basaliob":-0.099,"bolussnooze":0,"activity":-0.0014,"lastBolusTime":1703638991772,"time":"2023-12-27T04:28:05.509Z","iobWithZeroTemp":{"iob":-0.241,"basaliob":-0.257,"bolussnooze":0,"activity":-0.0023,"lastBolusTime":1703638991772,"time":"2023-12-27T04:28:05.509Z"}},{"iob":-0.076,"basaliob":-0.09,"bolussnooze":0,"activity":-0.0012,"lastBolusTime":1703638991772,"time":"2023-12-27T04:33:05.509Z","iobWithZeroTemp":{"iob":-0.254,"basaliob":-0.268,"bolussnooze":0,"activity":-0.0023,"lastBolusTime":1703638991772,"time":"2023-12-27T04:33:05.509Z"}},{"iob":-0.07,"basaliob":-0.082,"bolussnooze":0,"activity":-0.0012,"lastBolusTime":1703638991772,"time":"2023-12-27T04:38:05.509Z","iobWithZeroTemp":{"iob":-0.267,"basaliob":-0.279,"bolussnooze":0,"activity":-0.0025,"lastBolusTime":1703638991772,"time":"2023-12-27T04:38:05.509Z"}},{"iob":-0.064,"basaliob":-0.075,"bolussnooze":0,"activity":-0.0011,"lastBolusTime":1703638991772,"time":"2023-12-27T04:43:05.509Z","iobWithZeroTemp":{"iob":-0.279,"basaliob":-0.29,"bolussnooze":0,"activity":-0.0027,"lastBolusTime":1703638991772,"time":"2023-12-27T04:43:05.509Z"}},{"iob":-0.059,"basaliob":-0.068,"bolussnooze":0,"activity":-0.001,"lastBolusTime":1703638991772,"time":"2023-12-27T04:48:05.509Z","iobWithZeroTemp":{"iob":-0.291,"basaliob":-0.3,"bolussnooze":0,"activity":-0.0028,"lastBolusTime":1703638991772,"time":"2023-12-27T04:48:05.509Z"}},{"iob":-0.054,"basaliob":-0.062,"bolussnooze":0,"activity":-0.001,"lastBolusTime":1703638991772,"time":"2023-12-27T04:53:05.509Z","iobWithZeroTemp":{"iob":-0.301,"basaliob":-0.309,"bolussnooze":0,"activity":-0.003,"lastBolusTime":1703638991772,"time":"2023-12-27T04:53:05.509Z"}},{"iob":-0.049,"basaliob":-0.056,"bolussnooze":0,"activity":-9.0E-4,"lastBolusTime":1703638991772,"time":"2023-12-27T04:58:05.509Z","iobWithZeroTemp":{"iob":-0.311,"basaliob":-0.318,"bolussnooze":0,"activity":-0.0031,"lastBolusTime":1703638991772,"time":"2023-12-27T04:58:05.509Z"}},{"iob":-0.045,"basaliob":-0.051,"bolussnooze":0,"activity":-8.0E-4,"lastBolusTime":1703638991772,"time":"2023-12-27T05:03:05.509Z","iobWithZeroTemp":{"iob":-0.321,"basaliob":-0.327,"bolussnooze":0,"activity":-0.0032,"lastBolusTime":1703638991772,"time":"2023-12-27T05:03:05.509Z"}},{"iob":-0.041,"basaliob":-0.046,"bolussnooze":0,"activity":-7.0E-4,"lastBolusTime":1703638991772,"time":"2023-12-27T05:08:05.509Z","iobWithZeroTemp":{"iob":-0.329,"basaliob":-0.334,"bolussnooze":0,"activity":-0.0033,"lastBolusTime":1703638991772,"time":"2023-12-27T05:08:05.509Z"}},{"iob":-0.037,"basaliob":-0.041,"bolussnooze":0,"activity":-8.0E-4,"lastBolusTime":1703638991772,"time":"2023-12-27T05:13:05.509Z","iobWithZeroTemp":{"iob":-0.337,"basaliob":-0.341,"bolussnooze":0,"activity":-0.0035,"lastBolusTime":1703638991772,"time":"2023-12-27T05:13:05.509Z"}},{"iob":-0.033,"basaliob":-0.037,"bolussnooze":0,"activity":-7.0E-4,"lastBolusTime":1703638991772,"time":"2023-12-27T05:18:05.509Z","iobWithZeroTemp":{"iob":-0.344,"basaliob":-0.348,"bolussnooze":0,"activity":-0.0036,"lastBolusTime":1703638991772,"time":"2023-12-27T05:18:05.509Z"}},{"iob":-0.031,"basaliob":-0.034,"bolussnooze":0,"activity":-6.0E-4,"lastBolusTime":1703638991772,"time":"2023-12-27T05:23:05.509Z","iobWithZeroTemp":{"iob":-0.352,"basaliob":-0.355,"bolussnooze":0,"activity":-0.0037,"lastBolusTime":1703638991772,"time":"2023-12-27T05:23:05.509Z"}},{"iob":-0.027,"basaliob":-0.03,"bolussnooze":0,"activity":-6.0E-4,"lastBolusTime":1703638991772,"time":"2023-12-27T05:28:05.509Z","iobWithZeroTemp":{"iob":-0.357,"basaliob":-0.36,"bolussnooze":0,"activity":-0.0038,"lastBolusTime":1703638991772,"time":"2023-12-27T05:28:05.509Z"}},{"iob":-0.025,"basaliob":-0.027,"bolussnooze":0,"activity":-5.0E-4,"lastBolusTime":1703638991772,"time":"2023-12-27T05:33:05.509Z","iobWithZeroTemp":{"iob":-0.364,"basaliob":-0.366,"bolussnooze":0,"activity":-0.0039,"lastBolusTime":1703638991772,"time":"2023-12-27T05:33:05.509Z"}},{"iob":-0.022,"basaliob":-0.024,"bolussnooze":0,"activity":-4.0E-4,"lastBolusTime":1703638991772,"time":"2023-12-27T05:38:05.509Z","iobWithZeroTemp":{"iob":-0.369,"basaliob":-0.371,"bolussnooze":0,"activity":-0.0039,"lastBolusTime":1703638991772,"time":"2023-12-27T05:38:05.509Z"}},{"iob":-0.02,"basaliob":-0.022,"bolussnooze":0,"activity":-4.0E-4,"lastBolusTime":1703638991772,"time":"2023-12-27T05:43:05.509Z","iobWithZeroTemp":{"iob":-0.374,"basaliob":-0.376,"bolussnooze":0,"activity":-0.004,"lastBolusTime":1703638991772,"time":"2023-12-27T05:43:05.509Z"}},{"iob":-0.018,"basaliob":-0.019,"bolussnooze":0,"activity":-3.0E-4,"lastBolusTime":1703638991772,"time":"2023-12-27T05:48:05.509Z","iobWithZeroTemp":{"iob":-0.379,"basaliob":-0.38,"bolussnooze":0,"activity":-0.004,"lastBolusTime":1703638991772,"time":"2023-12-27T05:48:05.509Z"}},{"iob":-0.016,"basaliob":-0.017,"bolussnooze":0,"activity":-4.0E-4,"lastBolusTime":1703638991772,"time":"2023-12-27T05:53:05.509Z","iobWithZeroTemp":{"iob":-0.383,"basaliob":-0.384,"bolussnooze":0,"activity":-0.0043,"lastBolusTime":1703638991772,"time":"2023-12-27T05:53:05.509Z"}},{"iob":-0.014,"basaliob":-0.015,"bolussnooze":0,"activity":-4.0E-4,"lastBolusTime":1703638991772,"time":"2023-12-27T05:58:05.509Z","iobWithZeroTemp":{"iob":-0.386,"basaliob":-0.387,"bolussnooze":0,"activity":-0.0044,"lastBolusTime":1703638991772,"time":"2023-12-27T05:58:05.509Z"}},{"iob":-0.013,"basaliob":-0.014,"bolussnooze":0,"activity":-3.0E-4,"lastBolusTime":1703638991772,"time":"2023-12-27T06:03:05.509Z","iobWithZeroTemp":{"iob":-0.39,"basaliob":-0.391,"bolussnooze":0,"activity":-0.0043,"lastBolusTime":1703638991772,"time":"2023-12-27T06:03:05.509Z"}},{"iob":-0.012,"basaliob":-0.012,"bolussnooze":0,"activity":-3.0E-4,"lastBolusTime":1703638991772,"time":"2023-12-27T06:08:05.509Z","iobWithZeroTemp":{"iob":-0.394,"basaliob":-0.394,"bolussnooze":0,"activity":-0.0044,"lastBolusTime":1703638991772,"time":"2023-12-27T06:08:05.509Z"}},{"iob":-0.011,"basaliob":-0.011,"bolussnooze":0,"activity":-3.0E-4,"lastBolusTime":1703638991772,"time":"2023-12-27T06:13:05.509Z","iobWithZeroTemp":{"iob":-0.397,"basaliob":-0.397,"bolussnooze":0,"activity":-0.0045,"lastBolusTime":1703638991772,"time":"2023-12-27T06:13:05.509Z"}},{"iob":-0.009,"basaliob":-0.009,"bolussnooze":0,"activity":-2.0E-4,"lastBolusTime":1703638991772,"time":"2023-12-27T06:18:05.509Z","iobWithZeroTemp":{"iob":-0.399,"basaliob":-0.399,"bolussnooze":0,"activity":-0.0045,"lastBolusTime":1703638991772,"time":"2023-12-27T06:18:05.509Z"}},{"iob":-0.008,"basaliob":-0.008,"bolussnooze":0,"activity":-2.0E-4,"lastBolusTime":1703638991772,"time":"2023-12-27T06:23:05.509Z","iobWithZeroTemp":{"iob":-0.401,"basaliob":-0.401,"bolussnooze":0,"activity":-0.0046,"lastBolusTime":1703638991772,"time":"2023-12-27T06:23:05.509Z"}},{"iob":-0.007,"basaliob":-0.007,"bolussnooze":0,"activity":-2.0E-4,"lastBolusTime":1703638991772,"time":"2023-12-27T06:28:05.509Z","iobWithZeroTemp":{"iob":-0.403,"basaliob":-0.403,"bolussnooze":0,"activity":-0.0046,"lastBolusTime":1703638991772,"time":"2023-12-27T06:28:05.509Z"}},{"iob":-0.006,"basaliob":-0.006,"bolussnooze":0,"activity":-2.0E-4,"lastBolusTime":1703638991772,"time":"2023-12-27T06:33:05.509Z","iobWithZeroTemp":{"iob":-0.405,"basaliob":-0.405,"bolussnooze":0,"activity":-0.0047,"lastBolusTime":1703638991772,"time":"2023-12-27T06:33:05.509Z"}},{"iob":-0.005,"basaliob":-0.005,"bolussnooze":0,"activity":-2.0E-4,"lastBolusTime":1703638991772,"time":"2023-12-27T06:38:05.509Z","iobWithZeroTemp":{"iob":-0.406,"basaliob":-0.406,"bolussnooze":0,"activity":-0.0047,"lastBolusTime":1703638991772,"time":"2023-12-27T06:38:05.509Z"}},{"iob":-0.005,"basaliob":-0.005,"bolussnooze":0,"activity":-1.0E-4,"lastBolusTime":1703638991772,"time":"2023-12-27T06:43:05.509Z","iobWithZeroTemp":{"iob":-0.409,"basaliob":-0.409,"bolussnooze":0,"activity":-0.0047,"lastBolusTime":1703638991772,"time":"2023-12-27T06:43:05.509Z"}},{"iob":-0.004,"basaliob":-0.004,"bolussnooze":0,"activity":-1.0E-4,"lastBolusTime":1703638991772,"time":"2023-12-27T06:48:05.509Z","iobWithZeroTemp":{"iob":-0.41,"basaliob":-0.41,"bolussnooze":0,"activity":-0.0047,"lastBolusTime":1703638991772,"time":"2023-12-27T06:48:05.509Z"}},{"iob":-0.004,"basaliob":-0.004,"bolussnooze":0,"activity":-1.0E-4,"lastBolusTime":1703638991772,"time":"2023-12-27T06:53:05.509Z","iobWithZeroTemp":{"iob":-0.411,"basaliob":-0.411,"bolussnooze":0,"activity":-0.0048,"lastBolusTime":1703638991772,"time":"2023-12-27T06:53:05.509Z"}},{"iob":-0.003,"basaliob":-0.003,"bolussnooze":0,"activity":-1.0E-4,"lastBolusTime":1703638991772,"time":"2023-12-27T06:58:05.509Z","iobWithZeroTemp":{"iob":-0.412,"basaliob":-0.412,"bolussnooze":0,"activity":-0.0048,"lastBolusTime":1703638991772,"time":"2023-12-27T06:58:05.509Z"}},{"iob":-0.003,"basaliob":-0.003,"bolussnooze":0,"activity":-1.0E-4,"lastBolusTime":1703638991772,"time":"2023-12-27T07:03:05.509Z","iobWithZeroTemp":{"iob":-0.414,"basaliob":-0.414,"bolussnooze":0,"activity":-0.0048,"lastBolusTime":1703638991772,"time":"2023-12-27T07:03:05.509Z"}},{"iob":-0.002,"basaliob":-0.002,"bolussnooze":0,"activity":-1.0E-4,"lastBolusTime":0,"time":"2023-12-27T07:08:05.509Z","iobWithZeroTemp":{"iob":-0.414,"basaliob":-0.414,"bolussnooze":0,"activity":-0.0049,"lastBolusTime":0,"time":"2023-12-27T07:08:05.509Z"}},{"iob":-0.002,"basaliob":-0.002,"bolussnooze":0,"activity":-1.0E-4,"lastBolusTime":0,"time":"2023-12-27T07:13:05.509Z","iobWithZeroTemp":{"iob":-0.415,"basaliob":-0.415,"bolussnooze":0,"activity":-0.0049,"lastBolusTime":0,"time":"2023-12-27T07:13:05.509Z"}},{"iob":-0.002,"basaliob":-0.002,"bolussnooze":0,"activity":-1.0E-4,"lastBolusTime":0,"time":"2023-12-27T07:18:05.509Z","iobWithZeroTemp":{"iob":-0.416,"basaliob":-0.416,"bolussnooze":0,"activity":-0.0049,"lastBolusTime":0,"time":"2023-12-27T07:18:05.509Z"}},{"iob":-0.001,"basaliob":-0.001,"bolussnooze":0,"activity":0,"lastBolusTime":0,"time":"2023-12-27T07:23:05.509Z","iobWithZeroTemp":{"iob":-0.416,"basaliob":-0.416,"bolussnooze":0,"activity":-0.0048,"lastBolusTime":0,"time":"2023-12-27T07:23:05.509Z"}},{"iob":-0.001,"basaliob":-0.001,"bolussnooze":0,"activity":0,"lastBolusTime":0,"time":"2023-12-27T07:28:05.509Z","iobWithZeroTemp":{"iob":-0.417,"basaliob":-0.417,"bolussnooze":0,"activity":-0.0049,"lastBolusTime":0,"time":"2023-12-27T07:28:05.509Z"}},{"iob":-0.001,"basaliob":-0.001,"bolussnooze":0,"activity":0,"lastBolusTime":0,"time":"2023-12-27T07:33:05.509Z","iobWithZeroTemp":{"iob":-0.417,"basaliob":-0.417,"bolussnooze":0,"activity":-0.0049,"lastBolusTime":0,"time":"2023-12-27T07:33:05.509Z"}},{"iob":-0.001,"basaliob":-0.001,"bolussnooze":0,"activity":0,"lastBolusTime":0,"time":"2023-12-27T07:38:05.509Z","iobWithZeroTemp":{"iob":-0.418,"basaliob":-0.418,"bolussnooze":0,"activity":-0.0049,"lastBolusTime":0,"time":"2023-12-27T07:38:05.509Z"}},{"iob":-0.001,"basaliob":-0.001,"bolussnooze":0,"activity":0,"lastBolusTime":0,"time":"2023-12-27T07:43:05.509Z","iobWithZeroTemp":{"iob":-0.419,"basaliob":-0.419,"bolussnooze":0,"activity":-0.0049,"lastBolusTime":0,"time":"2023-12-27T07:43:05.509Z"}},{"iob":0,"basaliob":0,"bolussnooze":0,"activity":0,"lastBolusTime":0,"time":"2023-12-27T07:48:05.509Z","iobWithZeroTemp":{"iob":-0.418,"basaliob":-0.418,"bolussnooze":0,"activity":-0.0049,"lastBolusTime":0,"time":"2023-12-27T07:48:05.509Z"}}],"profile":{"max_iob":10,"type":"current","max_daily_basal":0.35,"max_basal":1.05,"min_bg":95,"max_bg":95,"target_bg":95,"carb_ratio":8.2,"sens":120,"max_daily_safety_multiplier":3,"current_basal_safety_multiplier":4,"lgsThreshold":95,"high_temptarget_raises_sensitivity":true,"low_temptarget_lowers_sensitivity":true,"sensitivity_raises_target":true,"resistance_lowers_target":true,"adv_target_adjustments":false,"exercise_mode":false,"half_basal_exercise_target":160,"maxCOB":120,"skip_neutral_temps":false,"remainingCarbsCap":90,"enableUAM":true,"A52_risk_enable":false,"SMBInterval":3,"enableSMB_with_COB":true,"enableSMB_with_temptarget":true,"allowSMB_with_high_temptarget":false,"enableSMB_always":false,"enableSMB_after_carbs":true,"maxSMBBasalMinutes":30,"maxUAMSMBBasalMinutes":40,"bolus_increment":0.05,"carbsReqThreshold":4,"current_basal":0.3,"temptargetSet":false,"autosens_max":1.3,"autosens_min":0.7,"variable_sens":157.3,"insulinDivisor":75,"TDD":13.508827077380953},"autosens_data":{"ratio":1.267632605628568},"meal_data":{"carbs":0,"mealCOB":0,"slopeFromMaxDeviation":-0.5599999999999999,"slopeFromMinDeviation":0.0011818181818181827,"lastBolusTime":1703638991772,"lastCarbTime":0},"microBolusAllowed":true,"currentTime":1703649186980,"flatBGsDetected":false,"tdd1D":21.236583333333336,"tdd7D":16.175559523809522,"tddLast24H":20.504666666666665,"tddLast4H":0.9958333333333333,"tddLast8to4H":3.3750000000000004},"output":{"temp":"absolute","bg":100,"tick":"+2","eventualBG":123,"targetBG":88,"insulinReq":0.19,"deliverAt":"2023-12-27T03:53:06.980Z","sensitivityRatio":1.267632605628568,"variable_sens":157.3,"predBGs":{"IOB":[100,102,103,105,106,107,109,110,111,112,113,113,114,115,116,116,117,117,118,118,119,119,119,119,120,120,120,120,121,121,121,121,121,121,122],"ZT":[100,101,103,104,106,107,109],"UAM":[100,101,103,104,105,107,108,109,110,111,112,112,113,114,115,115,116,116,117,117,118,118,118,118,119,119,119,119,120,120,120,120,120,120,121]},"reason":"COB: 0, Dev: 1, BGI: 1, ISF: 157, CR: 8.2, Target: 88, minPredBG 118, minGuardBG 101, IOBpredBG 122, UAMpredBG 121; Eventual BG 123 >= 88, temp 0.40 < 0.76U\/hr. ","COB":0,"IOB":-0.14,"duration":30,"rate":0.7602897816885704,"timestamp":"2023-12-27T03:53:07.011Z"}}