{"algorithm":"OpenAPSSMBDynamicISFPlugin","input":{"glucoseStatus":{"glucose":135,"noise":0,"delta":3.61,"short_avgdelta":3.61,"long_avgdelta":1.61,"date":1703505458000},"currenttemp":{"temp":"absolute","duration":80,"rate":0,"minutesrunning":10},"iob_data":[{"iob":0.271,"basaliob":0.041,"bolussnooze":0,"activity":0.0019,"lastBolusTime":1703504116024,"time":"2023-12-25T11:58:04.261Z","iobWithZeroTemp":{"iob":0.271,"basaliob":0.041,"bolussnooze":0,"activity":0.0019,"lastBolusTime":1703504116024,"time":"2023-12-25T11:58:04.261Z"}},{"iob":0.262,"basaliob":0.045,"bolussnooze":0,"activity":0.0022,"lastBolusTime":1703504116024,"time":"2023-12-25T12:03:04.261Z","iobWithZeroTemp":{"iob":0.24,"basaliob":0.023,"bolussnooze":0,"activity":0.0022,"lastBolusTime":1703504116024,"time":"2023-12-25T12:03:04.261Z"}},{"iob":0.25,"basaliob":0.047,"bolussnooze":0,"activity":0.0023,"lastBolusTime":1703504116024,"time":"2023-12-25T12:08:04.261Z","iobWithZeroTemp":{"iob":0.202,"basaliob":-0.001,"bolussnooze":0,"activity":0.0022,"lastBolusTime":1703504116024,"time":"2023-12-25T12:08:04.261Z"}},{"iob":0.238,"basaliob":0.048,"bolussnooze":0,"activity":0.0024,"lastBolusTime":1703504116024,"time":"2023-12-25T12:13:04.261Z","iobWithZeroTemp":{"iob":0.163,"basaliob":-0.027,"bolussnooze":0,"activity":0.0022,"lastBolusTime":1703504116024,"time":"2023-12-25T12:13:04.261Z"}},{"iob":0.226,"basaliob":0.048,"bolussnooze":0,"activity":0.0025,"lastBolusTime":1703504116024,"time":"2023-12-25T12:18:04.261Z","iobWithZeroTemp":{"iob":0.126,"basaliob":-0.052,"bolussnooze":0,"activity":0.0021,"lastBolusTime":1703504116024,"time":"2023-12-25T12:18:04.261Z"}},{"iob":0.213,"basaliob":0.048,"bolussnooze":0,"activity":0.0025,"lastBolusTime":1703504116024,"time":"2023-12-25T12:23:04.261Z","iobWithZeroTemp":{"iob":0.088,"basaliob":-0.077,"bolussnooze":0,"activity":0.0019,"lastBolusTime":1703504116024,"time":"2023-12-25T12:23:04.261Z"}},{"iob":0.2,"basaliob":0.047,"bolussnooze":0,"activity":0.0025,"lastBolusTime":1703504116024,"time":"2023-12-25T12:28:04.261Z","iobWithZeroTemp":{"iob":0.051,"basaliob":-0.102,"bolussnooze":0,"activity":0.0017,"lastBolusTime":1703504116024,"time":"2023-12-25T12:28:04.261Z"}},{"iob":0.188,"basaliob":0.046,"bolussnooze":0,"activity":0.0024,"lastBolusTime":1703504116024,"time":"2023-12-25T12:33:04.261Z","iobWithZeroTemp":{"iob":0.016,"basaliob":-0.126,"bolussnooze":0,"activity":0.0014,"lastBolusTime":1703504116024,"time":"2023-12-25T12:33:04.261Z"}},{"iob":0.176,"basaliob":0.045,"bolussnooze":0,"activity":0.0024,"lastBolusTime":1703504116024,"time":"2023-12-25T12:38:04.261Z","iobWithZeroTemp":{"iob":-0.017,"basaliob":-0.148,"bolussnooze":0,"activity":0.0012,"lastBolusTime":1703504116024,"time":"2023-12-25T12:38:04.261Z"}},{"iob":0.165,"basaliob":0.044,"bolussnooze":0,"activity":0.0023,"lastBolusTime":1703504116024,"time":"2023-12-25T12:43:04.261Z","iobWithZeroTemp":{"iob":-0.049,"basaliob":-0.17,"bolussnooze":0,"activity":9.0E-4,"lastBolusTime":1703504116024,"time":"2023-12-25T12:43:04.261Z"}},{"iob":0.153,"basaliob":0.042,"bolussnooze":0,"activity":0.0023,"lastBolusTime":1703504116024,"time":"2023-12-25T12:48:04.261Z","iobWithZeroTemp":{"iob":-0.08,"basaliob":-0.191,"bolussnooze":0,"activity":6.0E-4,"lastBolusTime":1703504116024,"time":"2023-12-25T12:48:04.261Z"}},{"iob":0.142,"basaliob":0.04,"bolussnooze":0,"activity":0.0022,"lastBolusTime":1703504116024,"time":"2023-12-25T12:53:04.261Z","iobWithZeroTemp":{"iob":-0.109,"basaliob":-0.211,"bolussnooze":0,"activity":3.0E-4,"lastBolusTime":1703504116024,"time":"2023-12-25T12:53:04.261Z"}},{"iob":0.132,"basaliob":0.038,"bolussnooze":0,"activity":0.002,"lastBolusTime":1703504116024,"time":"2023-12-25T12:58:04.261Z","iobWithZeroTemp":{"iob":-0.136,"basaliob":-0.23,"bolussnooze":0,"activity":-1.0E-4,"lastBolusTime":1703504116024,"time":"2023-12-25T12:58:04.261Z"}},{"iob":0.122,"basaliob":0.036,"bolussnooze":0,"activity":0.0019,"lastBolusTime":1703504116024,"time":"2023-12-25T13:03:04.261Z","iobWithZeroTemp":{"iob":-0.169,"basaliob":-0.255,"bolussnooze":0,"activity":-5.0E-4,"lastBolusTime":1703504116024,"time":"2023-12-25T13:03:04.261Z"}},{"iob":0.112,"basaliob":0.034,"bolussnooze":0,"activity":0.0018,"lastBolusTime":1703504116024,"time":"2023-12-25T13:08:04.261Z","iobWithZeroTemp":{"iob":-0.2,"basaliob":-0.278,"bolussnooze":0,"activity":-8.0E-4,"lastBolusTime":1703504116024,"time":"2023-12-25T13:08:04.261Z"}},{"iob":0.104,"basaliob":0.032,"bolussnooze":0,"activity":0.0017,"lastBolusTime":1703504116024,"time":"2023-12-25T13:13:04.261Z","iobWithZeroTemp":{"iob":-0.229,"basaliob":-0.301,"bolussnooze":0,"activity":-0.0011,"lastBolusTime":1703504116024,"time":"2023-12-25T13:13:04.261Z"}},{"iob":0.095,"basaliob":0.03,"bolussnooze":0,"activity":0.0016,"lastBolusTime":1703504116024,"time":"2023-12-25T13:18:04.261Z","iobWithZeroTemp":{"iob":-0.257,"basaliob":-0.322,"bolussnooze":0,"activity":-0.0015,"lastBolusTime":1703504116024,"time":"2023-12-25T13:18:04.261Z"}},{"iob":0.087,"basaliob":0.028,"bolussnooze":0,"activity":0.0015,"lastBolusTime":1703504116024,"time":"2023-12-25T13:23:04.261Z","iobWithZeroTemp":{"iob":-0.284,"basaliob":-0.343,"bolussnooze":0,"activity":-0.0018,"lastBolusTime":1703504116024,"time":"2023-12-25T13:23:04.261Z"}},{"iob":0.08,"basaliob":0.026,"bolussnooze":0,"activity":0.0014,"lastBolusTime":1703504116024,"time":"2023-12-25T13:28:04.261Z","iobWithZeroTemp":{"iob":-0.308,"basaliob":-0.362,"bolussnooze":0,"activity":-0.0021,"lastBolusTime":1703504116024,"time":"2023-12-25T13:28:04.261Z"}},{"iob":0.074,"basaliob":0.025,"bolussnooze":0,"activity":0.0014,"lastBolusTime":1703504116024,"time":"2023-12-25T13:33:04.261Z","iobWithZeroTemp":{"iob":-0.33,"basaliob":-0.379,"bolussnooze":0,"activity":-0.0024,"lastBolusTime":1703504116024,"time":"2023-12-25T13:33:04.261Z"}},{"iob":0.067,"basaliob":0.023,"bolussnooze":0,"activity":0.0012,"lastBolusTime":1703504116024,"time":"2023-12-25T13:38:04.261Z","iobWithZeroTemp":{"iob":-0.351,"basaliob":-0.395,"bolussnooze":0,"activity":-0.0028,"lastBolusTime":1703504116024,"time":"2023-12-25T13:38:04.261Z"}},{"iob":0.061,"basaliob":0.021,"bolussnooze":0,"activity":0.0011,"lastBolusTime":1703504116024,"time":"2023-12-25T13:43:04.261Z","iobWithZeroTemp":{"iob":-0.371,"basaliob":-0.411,"bolussnooze":0,"activity":-0.0031,"lastBolusTime":1703504116024,"time":"2023-12-25T13:43:04.261Z"}},{"iob":0.056,"basaliob":0.02,"bolussnooze":0,"activity":0.001,"lastBolusTime":1703504116024,"time":"2023-12-25T13:48:04.261Z","iobWithZeroTemp":{"iob":-0.389,"basaliob":-0.425,"bolussnooze":0,"activity":-0.0034,"lastBolusTime":1703504116024,"time":"2023-12-25T13:48:04.261Z"}},{"iob":0.051,"basaliob":0.018,"bolussnooze":0,"activity":0.001,"lastBolusTime":1703504116024,"time":"2023-12-25T13:53:04.261Z","iobWithZeroTemp":{"iob":-0.406,"basaliob":-0.439,"bolussnooze":0,"activity":-0.0036,"lastBolusTime":1703504116024,"time":"2023-12-25T13:53:04.261Z"}},{"iob":0.047,"basaliob":0.017,"bolussnooze":0,"activity":9.0E-4,"lastBolusTime":1703504116024,"time":"2023-12-25T13:58:04.261Z","iobWithZeroTemp":{"iob":-0.421,"basaliob":-0.451,"bolussnooze":0,"activity":-0.0038,"lastBolusTime":1703504116024,"time":"2023-12-25T13:58:04.261Z"}},{"iob":0.042,"basaliob":0.015,"bolussnooze":0,"activity":9.0E-4,"lastBolusTime":1703504116024,"time":"2023-12-25T14:03:04.261Z","iobWithZeroTemp":{"iob":-0.413,"basaliob":-0.44,"bolussnooze":0,"activity":-0.004,"lastBolusTime":1703504116024,"time":"2023-12-25T14:03:04.261Z"}},{"iob":0.038,"basaliob":0.014,"bolussnooze":0,"activity":7.0E-4,"lastBolusTime":1703504116024,"time":"2023-12-25T14:08:04.261Z","iobWithZeroTemp":{"iob":-0.403,"basaliob":-0.427,"bolussnooze":0,"activity":-0.0043,"lastBolusTime":1703504116024,"time":"2023-12-25T14:08:04.261Z"}},{"iob":0.035,"basaliob":0.013,"bolussnooze":0,"activity":7.0E-4,"lastBolusTime":1703504116024,"time":"2023-12-25T14:13:04.261Z","iobWithZeroTemp":{"iob":-0.392,"basaliob":-0.414,"bolussnooze":0,"activity":-0.0043,"lastBolusTime":1703504116024,"time":"2023-12-25T14:13:04.261Z"}},{"iob":0.031,"basaliob":0.012,"bolussnooze":0,"activity":6.0E-4,"lastBolusTime":1703504116024,"time":"2023-12-25T14:18:04.261Z","iobWithZeroTemp":{"iob":-0.382,"basaliob":-0.401,"bolussnooze":0,"activity":-0.0044,"lastBolusTime":1703504116024,"time":"2023-12-25T14:18:04.261Z"}},{"iob":0.028,"basaliob":0.011,"bolussnooze":0,"activity":6.0E-4,"lastBolusTime":1703504116024,"time":"2023-12-25T14:23:04.261Z","iobWithZeroTemp":{"iob":-0.371,"basaliob":-0.388,"bolussnooze":0,"activity":-0.0044,"lastBolusTime":1703504116024,"time":"2023-12-25T14:23:04.261Z"}},{"iob":0.026,"basaliob":0.01,"bolussnooze":0,"activity":5.0E-4,"lastBolusTime":1703504116024,"time":"2023-12-25T14:28:04.261Z","iobWithZeroTemp":{"iob":-0.36,"basaliob":-0.376,"bolussnooze":0,"activity":-0.0044,"lastBolusTime":1703504116024,"time":"2023-12-25T14:28:04.261Z"}},{"iob":0.023,"basaliob":0.009,"bolussnooze":0,"activity":5.0E-4,"lastBolusTime":1703504116024,"time":"2023-12-25T14:33:04.261Z","iobWithZeroTemp":{"iob":-0.349,"basaliob":-0.363,"bolussnooze":0,"activity":-0.0043,"lastBolusTime":1703504116024,"time":"2023-12-25T14:33:04.261Z"}},{"iob":0.021,"basaliob":0.008,"bolussnooze":0,"activity":5.0E-4,"lastBolusTime":1703504116024,"time":"2023-12-25T14:38:04.261Z","iobWithZeroTemp":{"iob":-0.338,"basaliob":-0.351,"bolussnooze":0,"activity":-0.0042,"lastBolusTime":1703504116024,"time":"2023-12-25T14:38:04.261Z"}},{"iob":0.018,"basaliob":0.007,"bolussnooze":0,"activity":4.0E-4,"lastBolusTime":1703504116024,"time":"2023-12-25T14:43:04.261Z","iobWithZeroTemp":{"iob":-0.329,"basaliob":-0.34,"bolussnooze":0,"activity":-0.0042,"lastBolusTime":1703504116024,"time":"2023-12-25T14:43:04.261Z"}},{"iob":0.017,"basaliob":0.007,"bolussnooze":0,"activity":3.0E-4,"lastBolusTime":1703504116024,"time":"2023-12-25T14:48:04.261Z","iobWithZeroTemp":{"iob":-0.318,"basaliob":-0.328,"bolussnooze":0,"activity":-0.0042,"lastBolusTime":1703504116024,"time":"2023-12-25T14:48:04.261Z"}},{"iob":0.015,"basaliob":0.006,"bolussnooze":0,"activity":3.0E-4,"lastBolusTime":1703504116024,"time":"2023-12-25T14:53:04.261Z","iobWithZeroTemp":{"iob":-0.309,"basaliob":-0.318,"bolussnooze":0,"activity":-0.0041,"lastBolusTime":1703504116024,"time":"2023-12-25T14:53:04.261Z"}},{"iob":0.013,"basaliob":0.005,"bolussnooze":0,"activity":3.0E-4,"lastBolusTime":1703504116024,"time":"2023-12-25T14:58:04.261Z","iobWithZeroTemp":{"iob":-0.3,"basaliob":-0.308,"bolussnooze":0,"activity":-0.004,"lastBolusTime":1703504116024,"time":"2023-12-25T14:58:04.261Z"}},{"iob":0.012,"basaliob":0.005,"bolussnooze":0,"activity":3.0E-4,"lastBolusTime":1703504116024,"time":"2023-12-25T15:03:04.261Z","iobWithZeroTemp":{"iob":-0.291,"basaliob":-0.298,"bolussnooze":0,"activity":-0.0039,"lastBolusTime":1703504116024,"time":"2023-12-25T15:03:04.261Z"}},{"iob":0.01,"basaliob":0.004,"bolussnooze":0,"activity":3.0E-4,"lastBolusTime":1703504116024,"time":"2023-12-25T15:08:04.261Z","iobWithZeroTemp":{"iob":-0.283,"basaliob":-0.289,"bolussnooze":0,"activity":-0.0037,"lastBolusTime":1703504116024,"time":"2023-12-25T15:08:04.261Z"}},{"iob":0.009,"basaliob":0.004,"bolussnooze":0,"activity":2.0E-4,"lastBolusTime":1703504116024,"time":"2023-12-25T15:13:04.261Z","iobWithZeroTemp":{"iob":-0.275,"basaliob":-0.28,"bolussnooze":0,"activity":-0.0037,"lastBolusTime":1703504116024,"time":"2023-12-25T15:13:04.261Z"}},{"iob":0.008,"basaliob":0.003,"bolussnooze":0,"activity":2.0E-4,"lastBolusTime":1703504116024,"time":"2023-12-25T15:18:04.261Z","iobWithZeroTemp":{"iob":-0.267,"basaliob":-0.272,"bolussnooze":0,"activity":-0.0036,"lastBolusTime":1703504116024,"time":"2023-12-25T15:18:04.261Z"}},{"iob":0.007,"basaliob":0.003,"bolussnooze":0,"activity":2.0E-4,"lastBolusTime":1703504116024,"time":"2023-12-25T15:23:04.261Z","iobWithZeroTemp":{"iob":-0.26,"basaliob":-0.264,"bolussnooze":0,"activity":-0.0035,"lastBolusTime":1703504116024,"time":"2023-12-25T15:23:04.261Z"}},{"iob":0.007,"basaliob":0.003,"bolussnooze":0,"activity":2.0E-4,"lastBolusTime":1703504116024,"time":"2023-12-25T15:28:04.261Z","iobWithZeroTemp":{"iob":-0.253,"basaliob":-0.257,"bolussnooze":0,"activity":-0.0034,"lastBolusTime":1703504116024,"time":"2023-12-25T15:28:04.261Z"}},{"iob":0.005,"basaliob":0.002,"bolussnooze":0,"activity":2.0E-4,"lastBolusTime":1703504116024,"time":"2023-12-25T15:33:04.261Z","iobWithZeroTemp":{"iob":-0.248,"basaliob":-0.251,"bolussnooze":0,"activity":-0.0033,"lastBolusTime":1703504116024,"time":"2023-12-25T15:33:04.261Z"}},{"iob":0.005,"basaliob":0.002,"bolussnooze":0,"activity":2.0E-4,"lastBolusTime":1703504116024,"time":"2023-12-25T15:38:04.261Z","iobWithZeroTemp":{"iob":-0.242,"basaliob":-0.245,"bolussnooze":0,"activity":-0.0032,"lastBolusTime":1703504116024,"time":"2023-12-25T15:38:04.261Z"}},{"iob":0.004,"basaliob":0.002,"bolussnooze":0,"activity":2.0E-4,"lastBolusTime":1703504116024,"time":"2023-12-25T15:43:04.261Z","iobWithZeroTemp":{"iob":-0.237,"basaliob":-0.239,"bolussnooze":0,"activity":-0.0031,"lastBolusTime":1703504116024,"time":"2023-12-25T15:43:04.261Z"}},{"iob":0.004,"basaliob":0.002,"bolussnooze":0,"activity":1.0E-4,"lastBolusTime":1703504116024,"time":"2023-12-25T15:48:04.261Z","iobWithZeroTemp":{"iob":-0.232,"basaliob":-0.234,"bolussnooze":0,"activity":-0.0031,"lastBolusTime":1703504116024,"time":"2023-12-25T15:48:04.261Z"}},{"iob":0.003,"basaliob":0.001,"bolussnooze":0,"activity":1.0E-4,"lastBolusTime":1703504116024,"time":"2023-12-25T15:53:04.261Z","iobWithZeroTemp":{"iob":-0.228,"basaliob":-0.23,"bolussnooze":0,"activity":-0.003,"lastBolusTime":1703504116024,"time":"2023-12-25T15:53:04.261Z"}}],"profile":{"max_iob":10,"type":"current","max_daily_basal":0.41,"max_basal":1.25,"min_bg":90,"max_bg":90,"target_bg":90,"carb_ratio":7.639,"sens":140.517,"max_daily_safety_multiplier":3,"current_basal_safety_multiplier":4,"lgsThreshold":95,"high_temptarget_raises_sensitivity":true,"low_temptarget_lowers_sensitivity":true,"sensitivity_raises_target":true,"resistance_lowers_target":true,"adv_target_adjustments":false,"exercise_mode":false,"half_basal_exercise_target":160,"maxCOB":120,"skip_neutral_temps":false,"remainingCarbsCap":90,"enableUAM":true,"A52_risk_enable":false,"SMBInterval":3,"enableSMB_with_COB":true,"enableSMB_with_temptarget":true,"allowSMB_with_high_temptarget":false,"enableSMB_always":false,"enableSMB_after_carbs":true,"maxSMBBasalMinutes":30,"maxUAMSMBBasalMinutes":40,"bolus_increment":0.05,"carbsReqThreshold":4,"current_basal":0.35,"temptargetSet":true,"autosens_max":1.3,"autosens_min":0.7,"variable_sens":138.5,"insulinDivisor":75,"TDD":12.625193386904762},"autosens_data":{"ratio":1.049881750253392},"meal_data":{"carbs":13,"mealCOB":0,"slopeFromMaxDeviation":-1.8392857142857144,"slopeFromMinDeviation":3.6139999999999994,"lastBolusTime":1703504116024,"lastCarbTime":1703492159954},"microBolusAllowed":true,"currentTime":1703505485597,"flatBGsDetected":false,"tdd1D":15.581666666666663,"tdd7D":15.151547619047617,"tddLast24H":15.907333333333327,"tddLast4H":2.725,"tddLast8to4H":1.317916666666667},"output":{"temp":"absolute","bg":135,"tick":"+4","eventualBG":127,"targetBG":90,"insulinReq":0.14,"deliverAt":"2023-12-25T11:58:05.597Z","sensitivityRatio":1.2,"variable_sens":138.5,"predBGs":{"IOB":[135,138,141,143,145,146,147,147,147,147,146,145,143,142,141,140,138,137,136,135,134,134,133,132,131,131,130,130,129,129,128,128,128,127,127,127,126,126,126,126,126,125],"ZT":[135,134,132,131,129,128,126,125,124,123,122,122,122,122,122],"UAM":[135,137,136,135,133,131,130,128,126,124,123,121,119,118,117,115,114,113,111,110,109,108,107,107,106,105,104,104,103,103,102,102,101,101,101,100,100,100,100,99,99,99,99,99,99,98]},"reason":"COB: 0, Dev: 30, BGI: -1, ISF: 139, CR: 7.64, Target: 90, minPredBG 110, minGuardBG 98, IOBpredBG 125, UAMpredBG 98; Eventual BG 127 >= 90,  insulinReq 0.14. Microbolusing 0.05U. temp 0.00 < 0.7U\/hr. ","COB":0,"IOB":0.271,"units":0.05,"duration":30,"rate":0.7,"timestamp":"2023-12-25T11:58:05.626Z"}}