{"algorithm":"OpenAPSSMBDynamicISFPlugin","input":{"glucoseStatus":{"glucose":113,"noise":0,"delta":-3,"short_avgdelta":-3,"long_avgdelta":-4.09,"date":1703518357000},"currenttemp":{"temp":"absolute","duration":110,"rate":0,"minutesrunning":10},"iob_data":[{"iob":0.568,"basaliob":-0.152,"bolussnooze":0.0697,"activity":0.0111,"lastBolusTime":1703513301313,"time":"2023-12-25T15:33:04.356Z","iobWithZeroTemp":{"iob":0.568,"basaliob":-0.152,"bolussnooze":0.0697,"activity":0.0111,"lastBolusTime":1703513301313,"time":"2023-12-25T15:33:04.356Z"}},{"iob":0.514,"basaliob":-0.143,"bolussnooze":0.0556,"activity":0.0102,"lastBolusTime":1703513301313,"time":"2023-12-25T15:38:04.356Z","iobWithZeroTemp":{"iob":0.505,"basaliob":-0.152,"bolussnooze":0.0556,"activity":0.0102,"lastBolusTime":1703513301313,"time":"2023-12-25T15:38:04.356Z"}},{"iob":0.466,"basaliob":-0.133,"bolussnooze":0.0441,"activity":0.0093,"lastBolusTime":1703513301313,"time":"2023-12-25T15:43:04.356Z","iobWithZeroTemp":{"iob":0.447,"basaliob":-0.152,"bolussnooze":0.0441,"activity":0.0093,"lastBolusTime":1703513301313,"time":"2023-12-25T15:43:04.356Z"}},{"iob":0.421,"basaliob":-0.124,"bolussnooze":0.0346,"activity":0.0086,"lastBolusTime":1703513301313,"time":"2023-12-25T15:48:04.356Z","iobWithZeroTemp":{"iob":0.391,"basaliob":-0.154,"bolussnooze":0.0346,"activity":0.0085,"lastBolusTime":1703513301313,"time":"2023-12-25T15:48:04.356Z"}},{"iob":0.38,"basaliob":-0.115,"bolussnooze":0.0269,"activity":0.0079,"lastBolusTime":1703513301313,"time":"2023-12-25T15:53:04.356Z","iobWithZeroTemp":{"iob":0.34,"basaliob":-0.155,"bolussnooze":0.0269,"activity":0.0077,"lastBolusTime":1703513301313,"time":"2023-12-25T15:53:04.356Z"}},{"iob":0.342,"basaliob":-0.107,"bolussnooze":0.0207,"activity":0.0072,"lastBolusTime":1703513301313,"time":"2023-12-25T15:58:04.356Z","iobWithZeroTemp":{"iob":0.292,"basaliob":-0.157,"bolussnooze":0.0207,"activity":0.007,"lastBolusTime":1703513301313,"time":"2023-12-25T15:58:04.356Z"}},{"iob":0.308,"basaliob":-0.099,"bolussnooze":0.0158,"activity":0.0065,"lastBolusTime":1703513301313,"time":"2023-12-25T16:03:04.356Z","iobWithZeroTemp":{"iob":0.248,"basaliob":-0.159,"bolussnooze":0.0158,"activity":0.0062,"lastBolusTime":1703513301313,"time":"2023-12-25T16:03:04.356Z"}},{"iob":0.277,"basaliob":-0.091,"bolussnooze":0.0119,"activity":0.006,"lastBolusTime":1703513301313,"time":"2023-12-25T16:08:04.356Z","iobWithZeroTemp":{"iob":0.208,"basaliob":-0.16,"bolussnooze":0.0119,"activity":0.0056,"lastBolusTime":1703513301313,"time":"2023-12-25T16:08:04.356Z"}},{"iob":0.248,"basaliob":-0.084,"bolussnooze":0.0088,"activity":0.0055,"lastBolusTime":1703513301313,"time":"2023-12-25T16:13:04.356Z","iobWithZeroTemp":{"iob":0.171,"basaliob":-0.161,"bolussnooze":0.0088,"activity":0.005,"lastBolusTime":1703513301313,"time":"2023-12-25T16:13:04.356Z"}},{"iob":0.222,"basaliob":-0.077,"bolussnooze":0.0064,"activity":0.005,"lastBolusTime":1703513301313,"time":"2023-12-25T16:18:04.356Z","iobWithZeroTemp":{"iob":0.137,"basaliob":-0.162,"bolussnooze":0.0064,"activity":0.0044,"lastBolusTime":1703513301313,"time":"2023-12-25T16:18:04.356Z"}},{"iob":0.198,"basaliob":-0.071,"bolussnooze":0.0045,"activity":0.0045,"lastBolusTime":1703513301313,"time":"2023-12-25T16:23:04.356Z","iobWithZeroTemp":{"iob":0.105,"basaliob":-0.164,"bolussnooze":0.0045,"activity":0.0038,"lastBolusTime":1703513301313,"time":"2023-12-25T16:23:04.356Z"}},{"iob":0.177,"basaliob":-0.065,"bolussnooze":0.0031,"activity":0.004,"lastBolusTime":1703513301313,"time":"2023-12-25T16:28:04.356Z","iobWithZeroTemp":{"iob":0.077,"basaliob":-0.165,"bolussnooze":0.0031,"activity":0.0032,"lastBolusTime":1703513301313,"time":"2023-12-25T16:28:04.356Z"}},{"iob":0.158,"basaliob":-0.059,"bolussnooze":0.0021,"activity":0.0037,"lastBolusTime":1703513301313,"time":"2023-12-25T16:33:04.356Z","iobWithZeroTemp":{"iob":0.051,"basaliob":-0.166,"bolussnooze":0.0021,"activity":0.0028,"lastBolusTime":1703513301313,"time":"2023-12-25T16:33:04.356Z"}},{"iob":0.14,"basaliob":-0.054,"bolussnooze":0.0013,"activity":0.0033,"lastBolusTime":1703513301313,"time":"2023-12-25T16:38:04.356Z","iobWithZeroTemp":{"iob":0.026,"basaliob":-0.168,"bolussnooze":0.0013,"activity":0.0024,"lastBolusTime":1703513301313,"time":"2023-12-25T16:38:04.356Z"}},{"iob":0.125,"basaliob":-0.049,"bolussnooze":8.0E-4,"activity":0.003,"lastBolusTime":1703513301313,"time":"2023-12-25T16:43:04.356Z","iobWithZeroTemp":{"iob":0.006,"basaliob":-0.168,"bolussnooze":8.0E-4,"activity":0.002,"lastBolusTime":1703513301313,"time":"2023-12-25T16:43:04.356Z"}},{"iob":0.11,"basaliob":-0.045,"bolussnooze":4.0E-4,"activity":0.0027,"lastBolusTime":1703513301313,"time":"2023-12-25T16:48:04.356Z","iobWithZeroTemp":{"iob":-0.015,"basaliob":-0.17,"bolussnooze":4.0E-4,"activity":0.0016,"lastBolusTime":1703513301313,"time":"2023-12-25T16:48:04.356Z"}},{"iob":0.097,"basaliob":-0.041,"bolussnooze":2.0E-4,"activity":0.0024,"lastBolusTime":1703513301313,"time":"2023-12-25T16:53:04.356Z","iobWithZeroTemp":{"iob":-0.033,"basaliob":-0.171,"bolussnooze":2.0E-4,"activity":0.0012,"lastBolusTime":1703513301313,"time":"2023-12-25T16:53:04.356Z"}},{"iob":0.086,"basaliob":-0.037,"bolussnooze":1.0E-4,"activity":0.0022,"lastBolusTime":1703513301313,"time":"2023-12-25T16:58:04.356Z","iobWithZeroTemp":{"iob":-0.049,"basaliob":-0.172,"bolussnooze":1.0E-4,"activity":9.0E-4,"lastBolusTime":1703513301313,"time":"2023-12-25T16:58:04.356Z"}},{"iob":0.076,"basaliob":-0.033,"bolussnooze":0,"activity":0.0019,"lastBolusTime":1703513301313,"time":"2023-12-25T17:03:04.356Z","iobWithZeroTemp":{"iob":-0.063,"basaliob":-0.172,"bolussnooze":0,"activity":6.0E-4,"lastBolusTime":1703513301313,"time":"2023-12-25T17:03:04.356Z"}},{"iob":0.066,"basaliob":-0.03,"bolussnooze":0,"activity":0.0018,"lastBolusTime":1703513301313,"time":"2023-12-25T17:08:04.356Z","iobWithZeroTemp":{"iob":-0.077,"basaliob":-0.173,"bolussnooze":0,"activity":4.0E-4,"lastBolusTime":1703513301313,"time":"2023-12-25T17:08:04.356Z"}},{"iob":0.058,"basaliob":-0.027,"bolussnooze":0,"activity":0.0015,"lastBolusTime":1703513301313,"time":"2023-12-25T17:13:04.356Z","iobWithZeroTemp":{"iob":-0.089,"basaliob":-0.174,"bolussnooze":0,"activity":0,"lastBolusTime":1703513301313,"time":"2023-12-25T17:13:04.356Z"}},{"iob":0.05,"basaliob":-0.025,"bolussnooze":0,"activity":0.0014,"lastBolusTime":1703513301313,"time":"2023-12-25T17:18:04.356Z","iobWithZeroTemp":{"iob":-0.1,"basaliob":-0.175,"bolussnooze":0,"activity":-1.0E-4,"lastBolusTime":1703513301313,"time":"2023-12-25T17:18:04.356Z"}},{"iob":0.044,"basaliob":-0.022,"bolussnooze":0,"activity":0.0012,"lastBolusTime":1703513301313,"time":"2023-12-25T17:23:04.356Z","iobWithZeroTemp":{"iob":-0.109,"basaliob":-0.175,"bolussnooze":0,"activity":-4.0E-4,"lastBolusTime":1703513301313,"time":"2023-12-25T17:23:04.356Z"}},{"iob":0.038,"basaliob":-0.02,"bolussnooze":0,"activity":0.0011,"lastBolusTime":1703513301313,"time":"2023-12-25T17:28:04.356Z","iobWithZeroTemp":{"iob":-0.118,"basaliob":-0.176,"bolussnooze":0,"activity":-5.0E-4,"lastBolusTime":1703513301313,"time":"2023-12-25T17:28:04.356Z"}},{"iob":0.033,"basaliob":-0.018,"bolussnooze":0,"activity":0.001,"lastBolusTime":1703513301313,"time":"2023-12-25T17:33:04.356Z","iobWithZeroTemp":{"iob":-0.126,"basaliob":-0.177,"bolussnooze":0,"activity":-7.0E-4,"lastBolusTime":1703513301313,"time":"2023-12-25T17:33:04.356Z"}},{"iob":0.029,"basaliob":-0.016,"bolussnooze":0,"activity":8.0E-4,"lastBolusTime":1703513301313,"time":"2023-12-25T17:38:04.356Z","iobWithZeroTemp":{"iob":-0.132,"basaliob":-0.177,"bolussnooze":0,"activity":-9.0E-4,"lastBolusTime":1703513301313,"time":"2023-12-25T17:38:04.356Z"}},{"iob":0.025,"basaliob":-0.014,"bolussnooze":0,"activity":8.0E-4,"lastBolusTime":1703513301313,"time":"2023-12-25T17:43:04.356Z","iobWithZeroTemp":{"iob":-0.138,"basaliob":-0.177,"bolussnooze":0,"activity":-0.001,"lastBolusTime":1703513301313,"time":"2023-12-25T17:43:04.356Z"}},{"iob":0.021,"basaliob":-0.013,"bolussnooze":0,"activity":6.0E-4,"lastBolusTime":1703513301313,"time":"2023-12-25T17:48:04.356Z","iobWithZeroTemp":{"iob":-0.144,"basaliob":-0.178,"bolussnooze":0,"activity":-0.0012,"lastBolusTime":1703513301313,"time":"2023-12-25T17:48:04.356Z"}},{"iob":0.018,"basaliob":-0.011,"bolussnooze":0,"activity":5.0E-4,"lastBolusTime":1703513301313,"time":"2023-12-25T17:53:04.356Z","iobWithZeroTemp":{"iob":-0.149,"basaliob":-0.178,"bolussnooze":0,"activity":-0.0013,"lastBolusTime":1703513301313,"time":"2023-12-25T17:53:04.356Z"}},{"iob":0.016,"basaliob":-0.01,"bolussnooze":0,"activity":5.0E-4,"lastBolusTime":1703513301313,"time":"2023-12-25T17:58:04.356Z","iobWithZeroTemp":{"iob":-0.153,"basaliob":-0.179,"bolussnooze":0,"activity":-0.0014,"lastBolusTime":1703513301313,"time":"2023-12-25T17:58:04.356Z"}},{"iob":0.013,"basaliob":-0.009,"bolussnooze":0,"activity":4.0E-4,"lastBolusTime":1703513301313,"time":"2023-12-25T18:03:04.356Z","iobWithZeroTemp":{"iob":-0.157,"basaliob":-0.179,"bolussnooze":0,"activity":-0.0015,"lastBolusTime":1703513301313,"time":"2023-12-25T18:03:04.356Z"}},{"iob":0.011,"basaliob":-0.008,"bolussnooze":0,"activity":4.0E-4,"lastBolusTime":1703513301313,"time":"2023-12-25T18:08:04.356Z","iobWithZeroTemp":{"iob":-0.161,"basaliob":-0.18,"bolussnooze":0,"activity":-0.0015,"lastBolusTime":1703513301313,"time":"2023-12-25T18:08:04.356Z"}},{"iob":0.009,"basaliob":-0.007,"bolussnooze":0,"activity":3.0E-4,"lastBolusTime":1703513301313,"time":"2023-12-25T18:13:04.356Z","iobWithZeroTemp":{"iob":-0.164,"basaliob":-0.18,"bolussnooze":0,"activity":-0.0016,"lastBolusTime":1703513301313,"time":"2023-12-25T18:13:04.356Z"}},{"iob":0.008,"basaliob":-0.006,"bolussnooze":0,"activity":2.0E-4,"lastBolusTime":1703513301313,"time":"2023-12-25T18:18:04.356Z","iobWithZeroTemp":{"iob":-0.166,"basaliob":-0.18,"bolussnooze":0,"activity":-0.0018,"lastBolusTime":1703513301313,"time":"2023-12-25T18:18:04.356Z"}},{"iob":0.007,"basaliob":-0.005,"bolussnooze":0,"activity":3.0E-4,"lastBolusTime":1703513301313,"time":"2023-12-25T18:23:04.356Z","iobWithZeroTemp":{"iob":-0.168,"basaliob":-0.18,"bolussnooze":0,"activity":-0.0017,"lastBolusTime":1703513301313,"time":"2023-12-25T18:23:04.356Z"}},{"iob":0.005,"basaliob":-0.005,"bolussnooze":0,"activity":2.0E-4,"lastBolusTime":1703513301313,"time":"2023-12-25T18:28:04.356Z","iobWithZeroTemp":{"iob":-0.171,"basaliob":-0.181,"bolussnooze":0,"activity":-0.0018,"lastBolusTime":1703513301313,"time":"2023-12-25T18:28:04.356Z"}},{"iob":0.005,"basaliob":-0.004,"bolussnooze":0,"activity":2.0E-4,"lastBolusTime":1703513301313,"time":"2023-12-25T18:33:04.356Z","iobWithZeroTemp":{"iob":-0.172,"basaliob":-0.181,"bolussnooze":0,"activity":-0.0018,"lastBolusTime":1703513301313,"time":"2023-12-25T18:33:04.356Z"}},{"iob":0.003,"basaliob":-0.004,"bolussnooze":0,"activity":2.0E-4,"lastBolusTime":1703513301313,"time":"2023-12-25T18:38:04.356Z","iobWithZeroTemp":{"iob":-0.174,"basaliob":-0.181,"bolussnooze":0,"activity":-0.0018,"lastBolusTime":1703513301313,"time":"2023-12-25T18:38:04.356Z"}},{"iob":0.003,"basaliob":-0.003,"bolussnooze":0,"activity":1.0E-4,"lastBolusTime":1703513301313,"time":"2023-12-25T18:43:04.356Z","iobWithZeroTemp":{"iob":-0.175,"basaliob":-0.181,"bolussnooze":0,"activity":-0.0019,"lastBolusTime":1703513301313,"time":"2023-12-25T18:43:04.356Z"}},{"iob":0.002,"basaliob":-0.003,"bolussnooze":0,"activity":1.0E-4,"lastBolusTime":1703513301313,"time":"2023-12-25T18:48:04.356Z","iobWithZeroTemp":{"iob":-0.176,"basaliob":-0.181,"bolussnooze":0,"activity":-0.002,"lastBolusTime":1703513301313,"time":"2023-12-25T18:48:04.356Z"}},{"iob":0.002,"basaliob":-0.002,"bolussnooze":0,"activity":1.0E-4,"lastBolusTime":1703513301313,"time":"2023-12-25T18:53:04.356Z","iobWithZeroTemp":{"iob":-0.177,"basaliob":-0.181,"bolussnooze":0,"activity":-0.002,"lastBolusTime":1703513301313,"time":"2023-12-25T18:53:04.356Z"}},{"iob":0.001,"basaliob":-0.002,"bolussnooze":0,"activity":0,"lastBolusTime":1703513301313,"time":"2023-12-25T18:58:04.356Z","iobWithZeroTemp":{"iob":-0.178,"basaliob":-0.181,"bolussnooze":0,"activity":-0.0021,"lastBolusTime":1703513301313,"time":"2023-12-25T18:58:04.356Z"}},{"iob":0.001,"basaliob":-0.002,"bolussnooze":0,"activity":0,"lastBolusTime":1703513301313,"time":"2023-12-25T19:03:04.356Z","iobWithZeroTemp":{"iob":-0.193,"basaliob":-0.196,"bolussnooze":0,"activity":-0.0021,"lastBolusTime":1703513301313,"time":"2023-12-25T19:03:04.356Z"}},{"iob":0,"basaliob":-0.002,"bolussnooze":0,"activity":1.0E-4,"lastBolusTime":1703513301313,"time":"2023-12-25T19:08:04.356Z","iobWithZeroTemp":{"iob":-0.207,"basaliob":-0.209,"bolussnooze":0,"activity":-0.0021,"lastBolusTime":1703513301313,"time":"2023-12-25T19:08:04.356Z"}},{"iob":0.001,"basaliob":-0.001,"bolussnooze":0,"activity":1.0E-4,"lastBolusTime":1703513301313,"time":"2023-12-25T19:13:04.356Z","iobWithZeroTemp":{"iob":-0.22,"basaliob":-0.222,"bolussnooze":0,"activity":-0.0021,"lastBolusTime":1703513301313,"time":"2023-12-25T19:13:04.356Z"}},{"iob":0,"basaliob":-0.001,"bolussnooze":0,"activity":1.0E-4,"lastBolusTime":1703513301313,"time":"2023-12-25T19:18:04.356Z","iobWithZeroTemp":{"iob":-0.234,"basaliob":-0.235,"bolussnooze":0,"activity":-0.0022,"lastBolusTime":1703513301313,"time":"2023-12-25T19:18:04.356Z"}},{"iob":0,"basaliob":-0.001,"bolussnooze":0,"activity":1.0E-4,"lastBolusTime":1703513301313,"time":"2023-12-25T19:23:04.356Z","iobWithZeroTemp":{"iob":-0.247,"basaliob":-0.248,"bolussnooze":0,"activity":-0.0023,"lastBolusTime":1703513301313,"time":"2023-12-25T19:23:04.356Z"}},{"iob":0,"basaliob":-0.001,"bolussnooze":0,"activity":0,"lastBolusTime":1703513301313,"time":"2023-12-25T19:28:04.356Z","iobWithZeroTemp":{"iob":-0.259,"basaliob":-0.26,"bolussnooze":0,"activity":-0.0025,"lastBolusTime":1703513301313,"time":"2023-12-25T19:28:04.356Z"}}],"profile":{"max_iob":10,"type":"current","max_daily_basal":0.41,"max_basal":0.5,"min_bg":90,"max_bg":90,"target_bg":90,"carb_ratio":7.639,"sens":140.517,"max_daily_safety_multiplier":3,"current_basal_safety_multiplier":4,"lgsThreshold":95,"high_temptarget_raises_sensitivity":true,"low_temptarget_lowers_sensitivity":true,"sensitivity_raises_target":true,"resistance_lowers_target":true,"adv_target_adjustments":false,"exercise_mode":false,"half_basal_exercise_target":160,"maxCOB":120,"skip_neutral_temps":false,"remainingCarbsCap":90,"enableUAM":true,"A52_risk_enable":false,"SMBInterval":3,"enableSMB_with_COB":true,"enableSMB_with_temptarget":true,"allowSMB_with_high_temptarget":false,"enableSMB_always":false,"enableSMB_after_carbs":true,"maxSMBBasalMinutes":30,"maxUAMSMBBasalMinutes":40,"bolus_increment":0.05,"carbsReqThreshold":4,"current_basal":0.15,"temptargetSet":false,"autosens_max":1.3,"autosens_min":0.7,"variable_sens":114.2,"insulinDivisor":75,"TDD":17.14706376190476},"autosens_data":{"ratio":0.9976318622174379},"meal_data":{"carbs":25,"mealCOB":0,"slopeFromMaxDeviation":-0.9304999999999999,"slopeFromMinDeviation":0.6776666666666669,"lastBolusTime":1703513301313,"lastCarbTime":1703505757237},"microBolusAllowed":true,"currentTime":1703518385949,"flatBGsDetected":false,"tdd1D":15.581666666666663,"tdd7D":15.151547619047617,"tddLast24H":15.115666666666662,"tddLast4H":6.094166666666667,"tddLast8to4H":2.4125},"output":{"temp":"absolute","bg":113,"tick":-3,"eventualBG":68,"targetBG":90,"insulinReq":0,"deliverAt":"2023-12-25T15:33:05.949Z","sensitivityRatio":0.9976318622174379,"variable_sens":114.2,"predBGs":{"IOB":[113,110,106,103,100,97,95,92,89,86,83,80,77,75,72,70,68,66,64,62,61,59,58,57,56,55,54,54,53,52,52,52,51,51,51,50,50,50,50,50,50,49],"ZT":[113,107,101,95,89,84,79,75,71,67,63,60,57,54,52,50,48,47,46,45,45,45,45,46,46,47,48,49,50,52,53,54,56,57,59,61,62,64,65,67,68,70,72,73,75,77,78,80],"UAM":[113,109,105,99,94,89,84,80,75,71,67,64,60,57,54,51,48,46,43,41,39]},"reason":"COB: 0, Dev: 20, BGI: -6, ISF: 114, CR: 7.64, Target: 90, minPredBG 42, minGuardBG 23, IOBpredBG 49, UAMpredBG 39; minGuardBG 23<95","COB":0,"IOB":0.568,"duration":120,"rate":0,"timestamp":"2023-12-25T15:33:05.980Z"}}