{"algorithm":"OpenAPSSMBDynamicISFPlugin","input":{"glucoseStatus":{"glucose":105,"noise":0,"delta":-1,"short_avgdelta":-1,"long_avgdelta":-4.76,"date":1703582859000},"currenttemp":{"temp":"absolute","duration":115,"rate":0,"minutesrunning":5},"iob_data":[{"iob":0.516,"basaliob":-0.292,"bolussnooze":0.1234,"activity":0.0104,"lastBolusTime":1703579585326,"time":"2023-12-26T09:28:02.428Z","iobWithZeroTemp":{"iob":0.516,"basaliob":-0.292,"bolussnooze":0.1234,"activity":0.0104,"lastBolusTime":1703579585326,"time":"2023-12-26T09:28:02.428Z"}},{"iob":0.466,"basaliob":-0.279,"bolussnooze":0.0983,"activity":0.0096,"lastBolusTime":1703579585326,"time":"2023-12-26T09:33:02.428Z","iobWithZeroTemp":{"iob":0.447,"basaliob":-0.298,"bolussnooze":0.0983,"activity":0.0096,"lastBolusTime":1703579585326,"time":"2023-12-26T09:33:02.428Z"}},{"iob":0.421,"basaliob":-0.265,"bolussnooze":0.0776,"activity":0.0087,"lastBolusTime":1703579585326,"time":"2023-12-26T09:38:02.428Z","iobWithZeroTemp":{"iob":0.378,"basaliob":-0.308,"bolussnooze":0.0776,"activity":0.0086,"lastBolusTime":1703579585326,"time":"2023-12-26T09:38:02.428Z"}},{"iob":0.378,"basaliob":-0.252,"bolussnooze":0.0608,"activity":0.008,"lastBolusTime":1703579585326,"time":"2023-12-26T09:43:02.428Z","iobWithZeroTemp":{"iob":0.311,"basaliob":-0.319,"bolussnooze":0.0608,"activity":0.0078,"lastBolusTime":1703579585326,"time":"2023-12-26T09:43:02.428Z"}},{"iob":0.342,"basaliob":-0.236,"bolussnooze":0.0472,"activity":0.0073,"lastBolusTime":1703579585326,"time":"2023-12-26T09:48:02.428Z","iobWithZeroTemp":{"iob":0.252,"basaliob":-0.326,"bolussnooze":0.0472,"activity":0.007,"lastBolusTime":1703579585326,"time":"2023-12-26T09:48:02.428Z"}},{"iob":0.306,"basaliob":-0.223,"bolussnooze":0.0362,"activity":0.0066,"lastBolusTime":1703579585326,"time":"2023-12-26T09:53:02.428Z","iobWithZeroTemp":{"iob":0.194,"basaliob":-0.335,"bolussnooze":0.0362,"activity":0.0061,"lastBolusTime":1703579585326,"time":"2023-12-26T09:53:02.428Z"}},{"iob":0.275,"basaliob":-0.209,"bolussnooze":0.0275,"activity":0.0061,"lastBolusTime":1703579585326,"time":"2023-12-26T09:58:02.428Z","iobWithZeroTemp":{"iob":0.142,"basaliob":-0.342,"bolussnooze":0.0275,"activity":0.0054,"lastBolusTime":1703579585326,"time":"2023-12-26T09:58:02.428Z"}},{"iob":0.246,"basaliob":-0.195,"bolussnooze":0.0205,"activity":0.0055,"lastBolusTime":1703579585326,"time":"2023-12-26T10:03:02.428Z","iobWithZeroTemp":{"iob":0.097,"basaliob":-0.344,"bolussnooze":0.0205,"activity":0.0046,"lastBolusTime":1703579585326,"time":"2023-12-26T10:03:02.428Z"}},{"iob":0.22,"basaliob":-0.182,"bolussnooze":0.0151,"activity":0.005,"lastBolusTime":1703579585326,"time":"2023-12-26T10:08:02.428Z","iobWithZeroTemp":{"iob":0.056,"basaliob":-0.346,"bolussnooze":0.0151,"activity":0.0039,"lastBolusTime":1703579585326,"time":"2023-12-26T10:08:02.428Z"}},{"iob":0.196,"basaliob":-0.17,"bolussnooze":0.0109,"activity":0.0045,"lastBolusTime":1703579585326,"time":"2023-12-26T10:13:02.428Z","iobWithZeroTemp":{"iob":0.017,"basaliob":-0.349,"bolussnooze":0.0109,"activity":0.0032,"lastBolusTime":1703579585326,"time":"2023-12-26T10:13:02.428Z"}},{"iob":0.175,"basaliob":-0.157,"bolussnooze":0.0076,"activity":0.0041,"lastBolusTime":1703579585326,"time":"2023-12-26T10:18:02.428Z","iobWithZeroTemp":{"iob":-0.017,"basaliob":-0.349,"bolussnooze":0.0076,"activity":0.0027,"lastBolusTime":1703579585326,"time":"2023-12-26T10:18:02.428Z"}},{"iob":0.155,"basaliob":-0.146,"bolussnooze":0.0052,"activity":0.0036,"lastBolusTime":1703579585326,"time":"2023-12-26T10:23:02.428Z","iobWithZeroTemp":{"iob":-0.049,"basaliob":-0.35,"bolussnooze":0.0052,"activity":0.002,"lastBolusTime":1703579585326,"time":"2023-12-26T10:23:02.428Z"}},{"iob":0.138,"basaliob":-0.135,"bolussnooze":0.0034,"activity":0.0034,"lastBolusTime":1703579585326,"time":"2023-12-26T10:28:02.428Z","iobWithZeroTemp":{"iob":-0.078,"basaliob":-0.351,"bolussnooze":0.0034,"activity":0.0016,"lastBolusTime":1703579585326,"time":"2023-12-26T10:28:02.428Z"}},{"iob":0.122,"basaliob":-0.124,"bolussnooze":0.0021,"activity":0.003,"lastBolusTime":1703579585326,"time":"2023-12-26T10:33:02.428Z","iobWithZeroTemp":{"iob":-0.105,"basaliob":-0.351,"bolussnooze":0.0021,"activity":0.0011,"lastBolusTime":1703579585326,"time":"2023-12-26T10:33:02.428Z"}},{"iob":0.107,"basaliob":-0.115,"bolussnooze":0.0012,"activity":0.0027,"lastBolusTime":1703579585326,"time":"2023-12-26T10:38:02.428Z","iobWithZeroTemp":{"iob":-0.129,"basaliob":-0.351,"bolussnooze":0.0012,"activity":6.0E-4,"lastBolusTime":1703579585326,"time":"2023-12-26T10:38:02.428Z"}},{"iob":0.095,"basaliob":-0.105,"bolussnooze":6.0E-4,"activity":0.0024,"lastBolusTime":1703579585326,"time":"2023-12-26T10:43:02.428Z","iobWithZeroTemp":{"iob":-0.151,"basaliob":-0.351,"bolussnooze":6.0E-4,"activity":2.0E-4,"lastBolusTime":1703579585326,"time":"2023-12-26T10:43:02.428Z"}},{"iob":0.083,"basaliob":-0.097,"bolussnooze":2.0E-4,"activity":0.0021,"lastBolusTime":1703579585326,"time":"2023-12-26T10:48:02.428Z","iobWithZeroTemp":{"iob":-0.171,"basaliob":-0.351,"bolussnooze":2.0E-4,"activity":-3.0E-4,"lastBolusTime":1703579585326,"time":"2023-12-26T10:48:02.428Z"}},{"iob":0.073,"basaliob":-0.089,"bolussnooze":0,"activity":0.0019,"lastBolusTime":1703579585326,"time":"2023-12-26T10:53:02.428Z","iobWithZeroTemp":{"iob":-0.189,"basaliob":-0.351,"bolussnooze":0,"activity":-6.0E-4,"lastBolusTime":1703579585326,"time":"2023-12-26T10:53:02.428Z"}},{"iob":0.064,"basaliob":-0.081,"bolussnooze":0,"activity":0.0017,"lastBolusTime":1703579585326,"time":"2023-12-26T10:58:02.428Z","iobWithZeroTemp":{"iob":-0.205,"basaliob":-0.35,"bolussnooze":0,"activity":-9.0E-4,"lastBolusTime":1703579585326,"time":"2023-12-26T10:58:02.428Z"}},{"iob":0.056,"basaliob":-0.074,"bolussnooze":0,"activity":0.0015,"lastBolusTime":1703579585326,"time":"2023-12-26T11:03:02.428Z","iobWithZeroTemp":{"iob":-0.219,"basaliob":-0.349,"bolussnooze":0,"activity":-0.0012,"lastBolusTime":1703579585326,"time":"2023-12-26T11:03:02.428Z"}},{"iob":0.049,"basaliob":-0.067,"bolussnooze":0,"activity":0.0013,"lastBolusTime":1703579585326,"time":"2023-12-26T11:08:02.428Z","iobWithZeroTemp":{"iob":-0.232,"basaliob":-0.348,"bolussnooze":0,"activity":-0.0016,"lastBolusTime":1703579585326,"time":"2023-12-26T11:08:02.428Z"}},{"iob":0.042,"basaliob":-0.061,"bolussnooze":0,"activity":0.0012,"lastBolusTime":1703579585326,"time":"2023-12-26T11:13:02.428Z","iobWithZeroTemp":{"iob":-0.244,"basaliob":-0.347,"bolussnooze":0,"activity":-0.0018,"lastBolusTime":1703579585326,"time":"2023-12-26T11:13:02.428Z"}},{"iob":0.036,"basaliob":-0.056,"bolussnooze":0,"activity":0.0011,"lastBolusTime":1703579585326,"time":"2023-12-26T11:18:02.428Z","iobWithZeroTemp":{"iob":-0.255,"basaliob":-0.347,"bolussnooze":0,"activity":-0.0019,"lastBolusTime":1703579585326,"time":"2023-12-26T11:18:02.428Z"}},{"iob":0.031,"basaliob":-0.051,"bolussnooze":0,"activity":0.001,"lastBolusTime":1703579585326,"time":"2023-12-26T11:23:02.428Z","iobWithZeroTemp":{"iob":-0.265,"basaliob":-0.347,"bolussnooze":0,"activity":-0.0021,"lastBolusTime":1703579585326,"time":"2023-12-26T11:23:02.428Z"}},{"iob":0.026,"basaliob":-0.046,"bolussnooze":0,"activity":9.0E-4,"lastBolusTime":1703579585326,"time":"2023-12-26T11:28:02.428Z","iobWithZeroTemp":{"iob":-0.273,"basaliob":-0.345,"bolussnooze":0,"activity":-0.0023,"lastBolusTime":1703579585326,"time":"2023-12-26T11:28:02.428Z"}},{"iob":0.023,"basaliob":-0.041,"bolussnooze":0,"activity":8.0E-4,"lastBolusTime":1703579585326,"time":"2023-12-26T11:33:02.428Z","iobWithZeroTemp":{"iob":-0.28,"basaliob":-0.344,"bolussnooze":0,"activity":-0.0025,"lastBolusTime":1703579585326,"time":"2023-12-26T11:33:02.428Z"}},{"iob":0.019,"basaliob":-0.037,"bolussnooze":0,"activity":6.0E-4,"lastBolusTime":1703579585326,"time":"2023-12-26T11:38:02.428Z","iobWithZeroTemp":{"iob":-0.287,"basaliob":-0.343,"bolussnooze":0,"activity":-0.0027,"lastBolusTime":1703579585326,"time":"2023-12-26T11:38:02.428Z"}},{"iob":0.016,"basaliob":-0.034,"bolussnooze":0,"activity":6.0E-4,"lastBolusTime":1703579585326,"time":"2023-12-26T11:43:02.428Z","iobWithZeroTemp":{"iob":-0.293,"basaliob":-0.343,"bolussnooze":0,"activity":-0.0028,"lastBolusTime":1703579585326,"time":"2023-12-26T11:43:02.428Z"}},{"iob":0.014,"basaliob":-0.03,"bolussnooze":0,"activity":6.0E-4,"lastBolusTime":1703579585326,"time":"2023-12-26T11:48:02.428Z","iobWithZeroTemp":{"iob":-0.298,"basaliob":-0.342,"bolussnooze":0,"activity":-0.0029,"lastBolusTime":1703579585326,"time":"2023-12-26T11:48:02.428Z"}},{"iob":0.011,"basaliob":-0.027,"bolussnooze":0,"activity":4.0E-4,"lastBolusTime":1703579585326,"time":"2023-12-26T11:53:02.428Z","iobWithZeroTemp":{"iob":-0.303,"basaliob":-0.341,"bolussnooze":0,"activity":-0.0031,"lastBolusTime":1703579585326,"time":"2023-12-26T11:53:02.428Z"}},{"iob":0.009,"basaliob":-0.024,"bolussnooze":0,"activity":4.0E-4,"lastBolusTime":1703579585326,"time":"2023-12-26T11:58:02.428Z","iobWithZeroTemp":{"iob":-0.307,"basaliob":-0.34,"bolussnooze":0,"activity":-0.0031,"lastBolusTime":1703579585326,"time":"2023-12-26T11:58:02.428Z"}},{"iob":0.007,"basaliob":-0.022,"bolussnooze":0,"activity":3.0E-4,"lastBolusTime":1703579585326,"time":"2023-12-26T12:03:02.428Z","iobWithZeroTemp":{"iob":-0.311,"basaliob":-0.34,"bolussnooze":0,"activity":-0.0033,"lastBolusTime":1703579585326,"time":"2023-12-26T12:03:02.428Z"}},{"iob":0.006,"basaliob":-0.019,"bolussnooze":0,"activity":3.0E-4,"lastBolusTime":1703579585326,"time":"2023-12-26T12:08:02.428Z","iobWithZeroTemp":{"iob":-0.314,"basaliob":-0.339,"bolussnooze":0,"activity":-0.0033,"lastBolusTime":1703579585326,"time":"2023-12-26T12:08:02.428Z"}},{"iob":0.005,"basaliob":-0.017,"bolussnooze":0,"activity":2.0E-4,"lastBolusTime":1703579585326,"time":"2023-12-26T12:13:02.428Z","iobWithZeroTemp":{"iob":-0.316,"basaliob":-0.338,"bolussnooze":0,"activity":-0.0035,"lastBolusTime":1703579585326,"time":"2023-12-26T12:13:02.428Z"}},{"iob":0.004,"basaliob":-0.015,"bolussnooze":0,"activity":2.0E-4,"lastBolusTime":1703579585326,"time":"2023-12-26T12:18:02.428Z","iobWithZeroTemp":{"iob":-0.319,"basaliob":-0.338,"bolussnooze":0,"activity":-0.0035,"lastBolusTime":1703579585326,"time":"2023-12-26T12:18:02.428Z"}},{"iob":0.002,"basaliob":-0.014,"bolussnooze":0,"activity":2.0E-4,"lastBolusTime":1703579585326,"time":"2023-12-26T12:23:02.428Z","iobWithZeroTemp":{"iob":-0.322,"basaliob":-0.338,"bolussnooze":0,"activity":-0.0035,"lastBolusTime":1703579585326,"time":"2023-12-26T12:23:02.428Z"}},{"iob":0.001,"basaliob":-0.012,"bolussnooze":0,"activity":1.0E-4,"lastBolusTime":1703579585326,"time":"2023-12-26T12:28:02.428Z","iobWithZeroTemp":{"iob":-0.324,"basaliob":-0.337,"bolussnooze":0,"activity":-0.0036,"lastBolusTime":1703579585326,"time":"2023-12-26T12:28:02.428Z"}},{"iob":0,"basaliob":-0.011,"bolussnooze":0,"activity":1.0E-4,"lastBolusTime":1703579585326,"time":"2023-12-26T12:33:02.428Z","iobWithZeroTemp":{"iob":-0.326,"basaliob":-0.337,"bolussnooze":0,"activity":-0.0037,"lastBolusTime":1703579585326,"time":"2023-12-26T12:33:02.428Z"}},{"iob":0.001,"basaliob":-0.009,"bolussnooze":0,"activity":1.0E-4,"lastBolusTime":1703579585326,"time":"2023-12-26T12:38:02.428Z","iobWithZeroTemp":{"iob":-0.326,"basaliob":-0.336,"bolussnooze":0,"activity":-0.0037,"lastBolusTime":1703579585326,"time":"2023-12-26T12:38:02.428Z"}},{"iob":0,"basaliob":-0.008,"bolussnooze":0,"activity":1.0E-4,"lastBolusTime":1703579585326,"time":"2023-12-26T12:43:02.428Z","iobWithZeroTemp":{"iob":-0.328,"basaliob":-0.336,"bolussnooze":0,"activity":-0.0037,"lastBolusTime":1703579585326,"time":"2023-12-26T12:43:02.428Z"}},{"iob":0,"basaliob":-0.007,"bolussnooze":0,"activity":1.0E-4,"lastBolusTime":1703579585326,"time":"2023-12-26T12:48:02.428Z","iobWithZeroTemp":{"iob":-0.328,"basaliob":-0.335,"bolussnooze":0,"activity":-0.0037,"lastBolusTime":1703579585326,"time":"2023-12-26T12:48:02.428Z"}},{"iob":-0.001,"basaliob":-0.006,"bolussnooze":0,"activity":0,"lastBolusTime":1703579585326,"time":"2023-12-26T12:53:02.428Z","iobWithZeroTemp":{"iob":-0.33,"basaliob":-0.335,"bolussnooze":0,"activity":-0.0038,"lastBolusTime":1703579585326,"time":"2023-12-26T12:53:02.428Z"}},{"iob":-0.002,"basaliob":-0.006,"bolussnooze":0,"activity":0,"lastBolusTime":1703579585326,"time":"2023-12-26T12:58:02.428Z","iobWithZeroTemp":{"iob":-0.331,"basaliob":-0.335,"bolussnooze":0,"activity":-0.0039,"lastBolusTime":1703579585326,"time":"2023-12-26T12:58:02.428Z"}},{"iob":-0.001,"basaliob":-0.005,"bolussnooze":0,"activity":1.0E-4,"lastBolusTime":1703579585326,"time":"2023-12-26T13:03:02.428Z","iobWithZeroTemp":{"iob":-0.338,"basaliob":-0.342,"bolussnooze":0,"activity":-0.0038,"lastBolusTime":1703579585326,"time":"2023-12-26T13:03:02.428Z"}},{"iob":-0.001,"basaliob":-0.004,"bolussnooze":0,"activity":0,"lastBolusTime":1703579585326,"time":"2023-12-26T13:08:02.428Z","iobWithZeroTemp":{"iob":-0.344,"basaliob":-0.347,"bolussnooze":0,"activity":-0.0039,"lastBolusTime":1703579585326,"time":"2023-12-26T13:08:02.428Z"}},{"iob":-0.002,"basaliob":-0.004,"bolussnooze":0,"activity":0,"lastBolusTime":1703579585326,"time":"2023-12-26T13:13:02.428Z","iobWithZeroTemp":{"iob":-0.352,"basaliob":-0.354,"bolussnooze":0,"activity":-0.004,"lastBolusTime":1703579585326,"time":"2023-12-26T13:13:02.428Z"}},{"iob":-0.001,"basaliob":-0.003,"bolussnooze":0,"activity":0,"lastBolusTime":1703579585326,"time":"2023-12-26T13:18:02.428Z","iobWithZeroTemp":{"iob":-0.358,"basaliob":-0.36,"bolussnooze":0,"activity":-0.004,"lastBolusTime":1703579585326,"time":"2023-12-26T13:18:02.428Z"}},{"iob":-0.002,"basaliob":-0.003,"bolussnooze":0,"activity":0,"lastBolusTime":1703579585326,"time":"2023-12-26T13:23:02.428Z","iobWithZeroTemp":{"iob":-0.365,"basaliob":-0.366,"bolussnooze":0,"activity":-0.0041,"lastBolusTime":1703579585326,"time":"2023-12-26T13:23:02.428Z"}}],"profile":{"max_iob":10,"type":"current","max_daily_basal":0.356,"max_basal":1.05,"min_bg":90,"max_bg":90,"target_bg":90,"carb_ratio":8.182,"sens":133.456,"max_daily_safety_multiplier":3,"current_basal_safety_multiplier":4,"lgsThreshold":95,"high_temptarget_raises_sensitivity":true,"low_temptarget_lowers_sensitivity":true,"sensitivity_raises_target":true,"resistance_lowers_target":true,"adv_target_adjustments":false,"exercise_mode":false,"half_basal_exercise_target":160,"maxCOB":120,"skip_neutral_temps":false,"remainingCarbsCap":90,"enableUAM":true,"A52_risk_enable":false,"SMBInterval":3,"enableSMB_with_COB":true,"enableSMB_with_temptarget":true,"allowSMB_with_high_temptarget":false,"enableSMB_always":false,"enableSMB_after_carbs":true,"maxSMBBasalMinutes":30,"maxUAMSMBBasalMinutes":40,"bolus_increment":0.05,"carbsReqThreshold":4,"current_basal":0.3,"temptargetSet":false,"autosens_max":1.3,"autosens_min":0.7,"variable_sens":155.9,"insulinDivisor":75,"TDD":13.191110798809527},"autosens_data":{"ratio":1.053940273614318},"meal_data":{"carbs":15,"mealCOB":4.609506928305953,"slopeFromMaxDeviation":-1.8184545454545455,"slopeFromMinDeviation":1.5827499999999999,"lastBolusTime":1703579585326,"lastCarbTime":1703577439081},"microBolusAllowed":true,"currentTime":1703582883858,"flatBGsDetected":false,"tdd1D":15.68566666666667,"tdd7D":15.075095238095239,"tddLast24H":15.88825,"tddLast4H":3.1254999999999997,"tddLast8to4H":1.49025},"output":{"temp":"absolute","bg":105,"tick":-1,"eventualBG":104,"targetBG":88,"insulinReq":0,"deliverAt":"2023-12-26T09:28:03.858Z","sensitivityRatio":1.053940273614318,"variable_sens":155.9,"predBGs":{"IOB":[105,103,102,100,98,97,95,93,90,88,85,82,79,75,72,70,67,65,63,61,59,58,56,55,54,53,52,51,50,49,49,48,48,47,47,47,46],"ZT":[105,97,89,81,74,67,61,55,49,44,39,39,39,39,39,39,39,39,39,39,39,39,39,39,42,46,49,53,57,60,64,67,71,74,78,81,84,87],"COB":[105,104,103,102,102,102,102,102,103,104,104,105,106,107,107,108,109,109,110,110,110,110,110,110,109,109,108,107,107,107,106,106,106,105,105,105,105,105,105,105,105,105,105,105,104],"UAM":[105,102,98,93,86,79,73,67,61,55,50,44,39]},"reason":"COB: 4.6, Dev: 43, BGI: -8, ISF: 156, CR: 8.18, Target: 88, minPredBG 26, minGuardBG 25, IOBpredBG 46, COBpredBG 104, UAMpredBG 39; minGuardBG 25<95 115m left and 0 ~ req 0U\/hr: no temp required","COB":4.609506928305953,"IOB":0.516,"timestamp":"2023-12-26T09:28:03.883Z"}}