{"algorithm":"OpenAPSSMBDynamicISFPlugin","input":{"glucoseStatus":{"glucose":163,"noise":0,"delta":-4.28,"short_avgdelta":-4.28,"long_avgdelta":1.26,"date":1703528557000},"currenttemp":{"temp":"absolute","duration":110,"rate":0,"minutesrunning":10},"iob_data":[{"iob":0.842,"basaliob":0.125,"bolussnooze":0.2387,"activity":0.0072,"lastBolusTime":1703527692886,"time":"2023-12-25T18:23:00.836Z","iobWithZeroTemp":{"iob":0.842,"basaliob":0.125,"bolussnooze":0.2387,"activity":0.0072,"lastBolusTime":1703527692886,"time":"2023-12-25T18:23:00.836Z"}},{"iob":0.806,"basaliob":0.122,"bolussnooze":0.2072,"activity":0.0077,"lastBolusTime":1703527692886,"time":"2023-12-25T18:28:00.836Z","iobWithZeroTemp":{"iob":0.797,"basaliob":0.113,"bolussnooze":0.2072,"activity":0.0077,"lastBolusTime":1703527692886,"time":"2023-12-25T18:28:00.836Z"}},{"iob":0.766,"basaliob":0.117,"bolussnooze":0.1782,"activity":0.008,"lastBolusTime":1703527692886,"time":"2023-12-25T18:33:00.836Z","iobWithZeroTemp":{"iob":0.747,"basaliob":0.098,"bolussnooze":0.1782,"activity":0.008,"lastBolusTime":1703527692886,"time":"2023-12-25T18:33:00.836Z"}},{"iob":0.726,"basaliob":0.112,"bolussnooze":0.1519,"activity":0.0081,"lastBolusTime":1703527692886,"time":"2023-12-25T18:38:00.836Z","iobWithZeroTemp":{"iob":0.696,"basaliob":0.082,"bolussnooze":0.1519,"activity":0.008,"lastBolusTime":1703527692886,"time":"2023-12-25T18:38:00.836Z"}},{"iob":0.685,"basaliob":0.107,"bolussnooze":0.1286,"activity":0.0082,"lastBolusTime":1703527692886,"time":"2023-12-25T18:43:00.836Z","iobWithZeroTemp":{"iob":0.645,"basaliob":0.067,"bolussnooze":0.1286,"activity":0.008,"lastBolusTime":1703527692886,"time":"2023-12-25T18:43:00.836Z"}},{"iob":0.644,"basaliob":0.101,"bolussnooze":0.108,"activity":0.0081,"lastBolusTime":1703527692886,"time":"2023-12-25T18:48:00.836Z","iobWithZeroTemp":{"iob":0.594,"basaliob":0.051,"bolussnooze":0.108,"activity":0.0079,"lastBolusTime":1703527692886,"time":"2023-12-25T18:48:00.836Z"}},{"iob":0.603,"basaliob":0.095,"bolussnooze":0.0902,"activity":0.0079,"lastBolusTime":1703527692886,"time":"2023-12-25T18:53:00.836Z","iobWithZeroTemp":{"iob":0.543,"basaliob":0.035,"bolussnooze":0.0902,"activity":0.0076,"lastBolusTime":1703527692886,"time":"2023-12-25T18:53:00.836Z"}},{"iob":0.565,"basaliob":0.09,"bolussnooze":0.0748,"activity":0.0077,"lastBolusTime":1703527692886,"time":"2023-12-25T18:58:00.836Z","iobWithZeroTemp":{"iob":0.496,"basaliob":0.021,"bolussnooze":0.0748,"activity":0.0073,"lastBolusTime":1703527692886,"time":"2023-12-25T18:58:00.836Z"}},{"iob":0.526,"basaliob":0.084,"bolussnooze":0.0616,"activity":0.0075,"lastBolusTime":1703527692886,"time":"2023-12-25T19:03:00.836Z","iobWithZeroTemp":{"iob":0.435,"basaliob":-0.007,"bolussnooze":0.0616,"activity":0.007,"lastBolusTime":1703527692886,"time":"2023-12-25T19:03:00.836Z"}},{"iob":0.49,"basaliob":0.079,"bolussnooze":0.0505,"activity":0.0072,"lastBolusTime":1703527692886,"time":"2023-12-25T19:08:00.836Z","iobWithZeroTemp":{"iob":0.378,"basaliob":-0.033,"bolussnooze":0.0505,"activity":0.0066,"lastBolusTime":1703527692886,"time":"2023-12-25T19:08:00.836Z"}},{"iob":0.455,"basaliob":0.074,"bolussnooze":0.0411,"activity":0.0069,"lastBolusTime":1703527692886,"time":"2023-12-25T19:13:00.836Z","iobWithZeroTemp":{"iob":0.322,"basaliob":-0.059,"bolussnooze":0.0411,"activity":0.0061,"lastBolusTime":1703527692886,"time":"2023-12-25T19:13:00.836Z"}},{"iob":0.421,"basaliob":0.069,"bolussnooze":0.0332,"activity":0.0066,"lastBolusTime":1703527692886,"time":"2023-12-25T19:18:00.836Z","iobWithZeroTemp":{"iob":0.268,"basaliob":-0.084,"bolussnooze":0.0332,"activity":0.0056,"lastBolusTime":1703527692886,"time":"2023-12-25T19:18:00.836Z"}},{"iob":0.389,"basaliob":0.064,"bolussnooze":0.0267,"activity":0.0063,"lastBolusTime":1703527692886,"time":"2023-12-25T19:23:00.836Z","iobWithZeroTemp":{"iob":0.216,"basaliob":-0.109,"bolussnooze":0.0267,"activity":0.0051,"lastBolusTime":1703527692886,"time":"2023-12-25T19:23:00.836Z"}},{"iob":0.358,"basaliob":0.059,"bolussnooze":0.0212,"activity":0.0059,"lastBolusTime":1703527692886,"time":"2023-12-25T19:28:00.836Z","iobWithZeroTemp":{"iob":0.167,"basaliob":-0.132,"bolussnooze":0.0212,"activity":0.0046,"lastBolusTime":1703527692886,"time":"2023-12-25T19:28:00.836Z"}},{"iob":0.33,"basaliob":0.055,"bolussnooze":0.0168,"activity":0.0056,"lastBolusTime":1703527692886,"time":"2023-12-25T19:33:00.836Z","iobWithZeroTemp":{"iob":0.122,"basaliob":-0.153,"bolussnooze":0.0168,"activity":0.0041,"lastBolusTime":1703527692886,"time":"2023-12-25T19:33:00.836Z"}},{"iob":0.303,"basaliob":0.05,"bolussnooze":0.0132,"activity":0.0052,"lastBolusTime":1703527692886,"time":"2023-12-25T19:38:00.836Z","iobWithZeroTemp":{"iob":0.078,"basaliob":-0.175,"bolussnooze":0.0132,"activity":0.0035,"lastBolusTime":1703527692886,"time":"2023-12-25T19:38:00.836Z"}},{"iob":0.278,"basaliob":0.046,"bolussnooze":0.0102,"activity":0.0049,"lastBolusTime":1703527692886,"time":"2023-12-25T19:43:00.836Z","iobWithZeroTemp":{"iob":0.038,"basaliob":-0.194,"bolussnooze":0.0102,"activity":0.003,"lastBolusTime":1703527692886,"time":"2023-12-25T19:43:00.836Z"}},{"iob":0.255,"basaliob":0.043,"bolussnooze":0.0079,"activity":0.0045,"lastBolusTime":1703527692886,"time":"2023-12-25T19:48:00.836Z","iobWithZeroTemp":{"iob":0.001,"basaliob":-0.211,"bolussnooze":0.0079,"activity":0.0024,"lastBolusTime":1703527692886,"time":"2023-12-25T19:48:00.836Z"}},{"iob":0.233,"basaliob":0.039,"bolussnooze":0.006,"activity":0.0042,"lastBolusTime":1703527692886,"time":"2023-12-25T19:53:00.836Z","iobWithZeroTemp":{"iob":-0.035,"basaliob":-0.229,"bolussnooze":0.006,"activity":0.0019,"lastBolusTime":1703527692886,"time":"2023-12-25T19:53:00.836Z"}},{"iob":0.213,"basaliob":0.036,"bolussnooze":0.0045,"activity":0.0039,"lastBolusTime":1703527692886,"time":"2023-12-25T19:58:00.836Z","iobWithZeroTemp":{"iob":-0.068,"basaliob":-0.245,"bolussnooze":0.0045,"activity":0.0014,"lastBolusTime":1703527692886,"time":"2023-12-25T19:58:00.836Z"}},{"iob":0.194,"basaliob":0.033,"bolussnooze":0.0033,"activity":0.0036,"lastBolusTime":1703527692886,"time":"2023-12-25T20:03:00.836Z","iobWithZeroTemp":{"iob":-0.102,"basaliob":-0.263,"bolussnooze":0.0033,"activity":9.0E-4,"lastBolusTime":1703527692886,"time":"2023-12-25T20:03:00.836Z"}},{"iob":0.176,"basaliob":0.03,"bolussnooze":0.0024,"activity":0.0033,"lastBolusTime":1703527692886,"time":"2023-12-25T20:08:00.836Z","iobWithZeroTemp":{"iob":-0.135,"basaliob":-0.281,"bolussnooze":0.0024,"activity":5.0E-4,"lastBolusTime":1703527692886,"time":"2023-12-25T20:08:00.836Z"}},{"iob":0.16,"basaliob":0.027,"bolussnooze":0.0017,"activity":0.0031,"lastBolusTime":1703527692886,"time":"2023-12-25T20:13:00.836Z","iobWithZeroTemp":{"iob":-0.164,"basaliob":-0.297,"bolussnooze":0.0017,"activity":1.0E-4,"lastBolusTime":1703527692886,"time":"2023-12-25T20:13:00.836Z"}},{"iob":0.146,"basaliob":0.025,"bolussnooze":0.0011,"activity":0.0029,"lastBolusTime":1703527692886,"time":"2023-12-25T20:18:00.836Z","iobWithZeroTemp":{"iob":-0.191,"basaliob":-0.312,"bolussnooze":0.0011,"activity":-3.0E-4,"lastBolusTime":1703527692886,"time":"2023-12-25T20:18:00.836Z"}},{"iob":0.132,"basaliob":0.023,"bolussnooze":7.0E-4,"activity":0.0026,"lastBolusTime":1703527692886,"time":"2023-12-25T20:23:00.836Z","iobWithZeroTemp":{"iob":-0.217,"basaliob":-0.326,"bolussnooze":7.0E-4,"activity":-8.0E-4,"lastBolusTime":1703527692886,"time":"2023-12-25T20:23:00.836Z"}},{"iob":0.12,"basaliob":0.021,"bolussnooze":5.0E-4,"activity":0.0024,"lastBolusTime":1703527692886,"time":"2023-12-25T20:28:00.836Z","iobWithZeroTemp":{"iob":-0.24,"basaliob":-0.339,"bolussnooze":5.0E-4,"activity":-0.0011,"lastBolusTime":1703527692886,"time":"2023-12-25T20:28:00.836Z"}},{"iob":0.108,"basaliob":0.019,"bolussnooze":3.0E-4,"activity":0.0022,"lastBolusTime":1703527692886,"time":"2023-12-25T20:33:00.836Z","iobWithZeroTemp":{"iob":-0.263,"basaliob":-0.352,"bolussnooze":3.0E-4,"activity":-0.0015,"lastBolusTime":1703527692886,"time":"2023-12-25T20:33:00.836Z"}},{"iob":0.097,"basaliob":0.017,"bolussnooze":1.0E-4,"activity":0.002,"lastBolusTime":1703527692886,"time":"2023-12-25T20:38:00.836Z","iobWithZeroTemp":{"iob":-0.283,"basaliob":-0.363,"bolussnooze":1.0E-4,"activity":-0.0018,"lastBolusTime":1703527692886,"time":"2023-12-25T20:38:00.836Z"}},{"iob":0.087,"basaliob":0.015,"bolussnooze":1.0E-4,"activity":0.0018,"lastBolusTime":1703527692886,"time":"2023-12-25T20:43:00.836Z","iobWithZeroTemp":{"iob":-0.302,"basaliob":-0.374,"bolussnooze":1.0E-4,"activity":-0.0022,"lastBolusTime":1703527692886,"time":"2023-12-25T20:43:00.836Z"}},{"iob":0.079,"basaliob":0.014,"bolussnooze":0,"activity":0.0017,"lastBolusTime":1703527692886,"time":"2023-12-25T20:48:00.836Z","iobWithZeroTemp":{"iob":-0.319,"basaliob":-0.384,"bolussnooze":0,"activity":-0.0024,"lastBolusTime":1703527692886,"time":"2023-12-25T20:48:00.836Z"}},{"iob":0.07,"basaliob":0.012,"bolussnooze":0,"activity":0.0016,"lastBolusTime":1703527692886,"time":"2023-12-25T20:53:00.836Z","iobWithZeroTemp":{"iob":-0.335,"basaliob":-0.393,"bolussnooze":0,"activity":-0.0026,"lastBolusTime":1703527692886,"time":"2023-12-25T20:53:00.836Z"}},{"iob":0.063,"basaliob":0.011,"bolussnooze":0,"activity":0.0014,"lastBolusTime":1703527692886,"time":"2023-12-25T20:58:00.836Z","iobWithZeroTemp":{"iob":-0.349,"basaliob":-0.401,"bolussnooze":0,"activity":-0.0029,"lastBolusTime":1703527692886,"time":"2023-12-25T20:58:00.836Z"}},{"iob":0.056,"basaliob":0.01,"bolussnooze":0,"activity":0.0013,"lastBolusTime":1703527692886,"time":"2023-12-25T21:03:00.836Z","iobWithZeroTemp":{"iob":-0.359,"basaliob":-0.405,"bolussnooze":0,"activity":-0.0032,"lastBolusTime":1703527692886,"time":"2023-12-25T21:03:00.836Z"}},{"iob":0.05,"basaliob":0.009,"bolussnooze":0,"activity":0.0012,"lastBolusTime":1703527692886,"time":"2023-12-25T21:08:00.836Z","iobWithZeroTemp":{"iob":-0.366,"basaliob":-0.407,"bolussnooze":0,"activity":-0.0033,"lastBolusTime":1703527692886,"time":"2023-12-25T21:08:00.836Z"}},{"iob":0.045,"basaliob":0.008,"bolussnooze":0,"activity":0.0011,"lastBolusTime":1703527692886,"time":"2023-12-25T21:13:00.836Z","iobWithZeroTemp":{"iob":-0.373,"basaliob":-0.41,"bolussnooze":0,"activity":-0.0035,"lastBolusTime":1703527692886,"time":"2023-12-25T21:13:00.836Z"}},{"iob":0.04,"basaliob":0.007,"bolussnooze":0,"activity":0.001,"lastBolusTime":1703527692886,"time":"2023-12-25T21:18:00.836Z","iobWithZeroTemp":{"iob":-0.379,"basaliob":-0.412,"bolussnooze":0,"activity":-0.0037,"lastBolusTime":1703527692886,"time":"2023-12-25T21:18:00.836Z"}},{"iob":0.035,"basaliob":0.006,"bolussnooze":0,"activity":8.0E-4,"lastBolusTime":1703527692886,"time":"2023-12-25T21:23:00.836Z","iobWithZeroTemp":{"iob":-0.385,"basaliob":-0.414,"bolussnooze":0,"activity":-0.0039,"lastBolusTime":1703527692886,"time":"2023-12-25T21:23:00.836Z"}},{"iob":0.032,"basaliob":0.006,"bolussnooze":0,"activity":7.0E-4,"lastBolusTime":1703527692886,"time":"2023-12-25T21:28:00.836Z","iobWithZeroTemp":{"iob":-0.389,"basaliob":-0.415,"bolussnooze":0,"activity":-0.0041,"lastBolusTime":1703527692886,"time":"2023-12-25T21:28:00.836Z"}},{"iob":0.028,"basaliob":0.005,"bolussnooze":0,"activity":7.0E-4,"lastBolusTime":1703527692886,"time":"2023-12-25T21:33:00.836Z","iobWithZeroTemp":{"iob":-0.393,"basaliob":-0.416,"bolussnooze":0,"activity":-0.0041,"lastBolusTime":1703527692886,"time":"2023-12-25T21:33:00.836Z"}},{"iob":0.024,"basaliob":0.004,"bolussnooze":0,"activity":6.0E-4,"lastBolusTime":1703527692886,"time":"2023-12-25T21:38:00.836Z","iobWithZeroTemp":{"iob":-0.397,"basaliob":-0.417,"bolussnooze":0,"activity":-0.0043,"lastBolusTime":1703527692886,"time":"2023-12-25T21:38:00.836Z"}},{"iob":0.021,"basaliob":0.004,"bolussnooze":0,"activity":6.0E-4,"lastBolusTime":1703527692886,"time":"2023-12-25T21:43:00.836Z","iobWithZeroTemp":{"iob":-0.4,"basaliob":-0.417,"bolussnooze":0,"activity":-0.0043,"lastBolusTime":1703527692886,"time":"2023-12-25T21:43:00.836Z"}},{"iob":0.018,"basaliob":0.003,"bolussnooze":0,"activity":5.0E-4,"lastBolusTime":1703527692886,"time":"2023-12-25T21:48:00.836Z","iobWithZeroTemp":{"iob":-0.403,"basaliob":-0.418,"bolussnooze":0,"activity":-0.0044,"lastBolusTime":1703527692886,"time":"2023-12-25T21:48:00.836Z"}},{"iob":0.016,"basaliob":0.003,"bolussnooze":0,"activity":5.0E-4,"lastBolusTime":1703527692886,"time":"2023-12-25T21:53:00.836Z","iobWithZeroTemp":{"iob":-0.405,"basaliob":-0.418,"bolussnooze":0,"activity":-0.0044,"lastBolusTime":1703527692886,"time":"2023-12-25T21:53:00.836Z"}},{"iob":0.015,"basaliob":0.003,"bolussnooze":0,"activity":4.0E-4,"lastBolusTime":1703527692886,"time":"2023-12-25T21:58:00.836Z","iobWithZeroTemp":{"iob":-0.406,"basaliob":-0.418,"bolussnooze":0,"activity":-0.0045,"lastBolusTime":1703527692886,"time":"2023-12-25T21:58:00.836Z"}},{"iob":0.012,"basaliob":0.002,"bolussnooze":0,"activity":4.0E-4,"lastBolusTime":1703527692886,"time":"2023-12-25T22:03:00.836Z","iobWithZeroTemp":{"iob":-0.407,"basaliob":-0.417,"bolussnooze":0,"activity":-0.0046,"lastBolusTime":1703527692886,"time":"2023-12-25T22:03:00.836Z"}},{"iob":0.011,"basaliob":0.002,"bolussnooze":0,"activity":4.0E-4,"lastBolusTime":1703527692886,"time":"2023-12-25T22:08:00.836Z","iobWithZeroTemp":{"iob":-0.406,"basaliob":-0.415,"bolussnooze":0,"activity":-0.0046,"lastBolusTime":1703527692886,"time":"2023-12-25T22:08:00.836Z"}},{"iob":0.009,"basaliob":0.002,"bolussnooze":0,"activity":3.0E-4,"lastBolusTime":1703527692886,"time":"2023-12-25T22:13:00.836Z","iobWithZeroTemp":{"iob":-0.406,"basaliob":-0.413,"bolussnooze":0,"activity":-0.0047,"lastBolusTime":1703527692886,"time":"2023-12-25T22:13:00.836Z"}},{"iob":0.007,"basaliob":0.001,"bolussnooze":0,"activity":2.0E-4,"lastBolusTime":1703527692886,"time":"2023-12-25T22:18:00.836Z","iobWithZeroTemp":{"iob":-0.407,"basaliob":-0.413,"bolussnooze":0,"activity":-0.0047,"lastBolusTime":1703527692886,"time":"2023-12-25T22:18:00.836Z"}}],"profile":{"max_iob":10,"type":"current","max_daily_basal":0.41,"max_basal":0.5,"min_bg":75,"max_bg":75,"target_bg":75,"carb_ratio":7.639,"sens":140.517,"max_daily_safety_multiplier":3,"current_basal_safety_multiplier":4,"lgsThreshold":95,"high_temptarget_raises_sensitivity":true,"low_temptarget_lowers_sensitivity":true,"sensitivity_raises_target":true,"resistance_lowers_target":true,"adv_target_adjustments":false,"exercise_mode":false,"half_basal_exercise_target":160,"maxCOB":120,"skip_neutral_temps":false,"remainingCarbsCap":90,"enableUAM":true,"A52_risk_enable":false,"SMBInterval":3,"enableSMB_with_COB":true,"enableSMB_with_temptarget":true,"allowSMB_with_high_temptarget":false,"enableSMB_always":false,"enableSMB_after_carbs":true,"maxSMBBasalMinutes":30,"maxUAMSMBBasalMinutes":40,"bolus_increment":0.05,"carbsReqThreshold":4,"current_basal":0.15,"temptargetSet":true,"autosens_max":1.3,"autosens_min":0.7,"variable_sens":115.7,"insulinDivisor":75,"TDD":13.467044011904761},"autosens_data":{"ratio":1.061926724442734},"meal_data":{"carbs":0,"mealCOB":0,"slopeFromMaxDeviation":-1.5166666666666666,"slopeFromMinDeviation":0.4501818181818182,"lastBolusTime":1703527692886,"lastCarbTime":0},"microBolusAllowed":true,"currentTime":1703528582625,"flatBGsDetected":false,"tdd1D":15.581666666666663,"tdd7D":15.151547619047617,"tddLast24H":16.089833333333342,"tddLast4H":1.3158333333333334,"tddLast8to4H":6.273333333333333},"output":{"temp":"absolute","bg":163,"tick":-4,"eventualBG":99,"targetBG":75,"insulinReq":0,"deliverAt":"2023-12-25T18:23:02.625Z","sensitivityRatio":1.3,"variable_sens":115.7,"predBGs":{"IOB":[163,159,154,149,144,139,134,129,124,118,113,108,103,98,94,89,85,80,76,72,68,65,61,58,54,51,48,45,42,39],"ZT":[163,159,154,150,145,140,135,130,125,120,115,111,107,103,100,96,94,91,89,87,86,85,85,85,85]},"reason":"COB: 0, Dev: 33, BGI: -4, ISF: 116, CR: 7.64, Target: 75, minPredBG 62, minGuardBG 15, IOBpredBG 39; minGuardBG 15<95","COB":0,"IOB":0.842,"duration":120,"rate":0,"timestamp":"2023-12-25T18:23:02.653Z"}}