{"algorithm":"OpenAPSSMBDynamicISFPlugin","input":{"glucoseStatus":{"glucose":99,"noise":0,"delta":5.72,"short_avgdelta":5.72,"long_avgdelta":3.89,"date":1703544758000},"currenttemp":{"temp":"absolute","duration":15,"rate":0.2,"minutesrunning":15},"iob_data":[{"iob":-0.272,"basaliob":-0.319,"bolussnooze":0,"activity":-0.0029,"lastBolusTime":1703534590488,"time":"2023-12-25T22:53:03.543Z","iobWithZeroTemp":{"iob":-0.272,"basaliob":-0.319,"bolussnooze":0,"activity":-0.0029,"lastBolusTime":1703534590488,"time":"2023-12-25T22:53:03.543Z"}},{"iob":-0.258,"basaliob":-0.299,"bolussnooze":0,"activity":-0.0029,"lastBolusTime":1703534590488,"time":"2023-12-25T22:58:03.543Z","iobWithZeroTemp":{"iob":-0.276,"basaliob":-0.317,"bolussnooze":0,"activity":-0.0029,"lastBolusTime":1703534590488,"time":"2023-12-25T22:58:03.543Z"}},{"iob":-0.243,"basaliob":-0.279,"bolussnooze":0,"activity":-0.0029,"lastBolusTime":1703534590488,"time":"2023-12-25T23:03:03.543Z","iobWithZeroTemp":{"iob":-0.283,"basaliob":-0.319,"bolussnooze":0,"activity":-0.003,"lastBolusTime":1703534590488,"time":"2023-12-25T23:03:03.543Z"}},{"iob":-0.229,"basaliob":-0.26,"bolussnooze":0,"activity":-0.0028,"lastBolusTime":1703534590488,"time":"2023-12-25T23:08:03.543Z","iobWithZeroTemp":{"iob":-0.291,"basaliob":-0.322,"bolussnooze":0,"activity":-0.003,"lastBolusTime":1703534590488,"time":"2023-12-25T23:08:03.543Z"}},{"iob":-0.214,"basaliob":-0.241,"bolussnooze":0,"activity":-0.0028,"lastBolusTime":1703534590488,"time":"2023-12-25T23:13:03.543Z","iobWithZeroTemp":{"iob":-0.297,"basaliob":-0.324,"bolussnooze":0,"activity":-0.0031,"lastBolusTime":1703534590488,"time":"2023-12-25T23:13:03.543Z"}},{"iob":-0.201,"basaliob":-0.224,"bolussnooze":0,"activity":-0.0027,"lastBolusTime":1703534590488,"time":"2023-12-25T23:18:03.543Z","iobWithZeroTemp":{"iob":-0.305,"basaliob":-0.328,"bolussnooze":0,"activity":-0.0032,"lastBolusTime":1703534590488,"time":"2023-12-25T23:18:03.543Z"}},{"iob":-0.187,"basaliob":-0.207,"bolussnooze":0,"activity":-0.0027,"lastBolusTime":1703534590488,"time":"2023-12-25T23:23:03.543Z","iobWithZeroTemp":{"iob":-0.31,"basaliob":-0.33,"bolussnooze":0,"activity":-0.0033,"lastBolusTime":1703534590488,"time":"2023-12-25T23:23:03.543Z"}},{"iob":-0.174,"basaliob":-0.191,"bolussnooze":0,"activity":-0.0026,"lastBolusTime":1703534590488,"time":"2023-12-25T23:28:03.543Z","iobWithZeroTemp":{"iob":-0.316,"basaliob":-0.333,"bolussnooze":0,"activity":-0.0034,"lastBolusTime":1703534590488,"time":"2023-12-25T23:28:03.543Z"}},{"iob":-0.161,"basaliob":-0.176,"bolussnooze":0,"activity":-0.0024,"lastBolusTime":1703534590488,"time":"2023-12-25T23:33:03.543Z","iobWithZeroTemp":{"iob":-0.321,"basaliob":-0.336,"bolussnooze":0,"activity":-0.0034,"lastBolusTime":1703534590488,"time":"2023-12-25T23:33:03.543Z"}},{"iob":-0.149,"basaliob":-0.162,"bolussnooze":0,"activity":-0.0023,"lastBolusTime":1703534590488,"time":"2023-12-25T23:38:03.543Z","iobWithZeroTemp":{"iob":-0.326,"basaliob":-0.339,"bolussnooze":0,"activity":-0.0035,"lastBolusTime":1703534590488,"time":"2023-12-25T23:38:03.543Z"}},{"iob":-0.138,"basaliob":-0.149,"bolussnooze":0,"activity":-0.0022,"lastBolusTime":1703534590488,"time":"2023-12-25T23:43:03.543Z","iobWithZeroTemp":{"iob":-0.33,"basaliob":-0.341,"bolussnooze":0,"activity":-0.0036,"lastBolusTime":1703534590488,"time":"2023-12-25T23:43:03.543Z"}},{"iob":-0.127,"basaliob":-0.136,"bolussnooze":0,"activity":-0.0021,"lastBolusTime":1703534590488,"time":"2023-12-25T23:48:03.543Z","iobWithZeroTemp":{"iob":-0.334,"basaliob":-0.343,"bolussnooze":0,"activity":-0.0037,"lastBolusTime":1703534590488,"time":"2023-12-25T23:48:03.543Z"}},{"iob":-0.117,"basaliob":-0.125,"bolussnooze":0,"activity":-0.0019,"lastBolusTime":1703534590488,"time":"2023-12-25T23:53:03.543Z","iobWithZeroTemp":{"iob":-0.338,"basaliob":-0.346,"bolussnooze":0,"activity":-0.0037,"lastBolusTime":1703534590488,"time":"2023-12-25T23:53:03.543Z"}},{"iob":-0.108,"basaliob":-0.114,"bolussnooze":0,"activity":-0.0019,"lastBolusTime":1703534590488,"time":"2023-12-25T23:58:03.543Z","iobWithZeroTemp":{"iob":-0.342,"basaliob":-0.348,"bolussnooze":0,"activity":-0.0038,"lastBolusTime":1703534590488,"time":"2023-12-25T23:58:03.543Z"}},{"iob":-0.099,"basaliob":-0.104,"bolussnooze":0,"activity":-0.0017,"lastBolusTime":1703534590488,"time":"2023-12-26T00:03:03.543Z","iobWithZeroTemp":{"iob":-0.344,"basaliob":-0.349,"bolussnooze":0,"activity":-0.0038,"lastBolusTime":1703534590488,"time":"2023-12-26T00:03:03.543Z"}},{"iob":-0.09,"basaliob":-0.094,"bolussnooze":0,"activity":-0.0016,"lastBolusTime":1703534590488,"time":"2023-12-26T00:08:03.543Z","iobWithZeroTemp":{"iob":-0.344,"basaliob":-0.348,"bolussnooze":0,"activity":-0.0039,"lastBolusTime":1703534590488,"time":"2023-12-26T00:08:03.543Z"}},{"iob":-0.082,"basaliob":-0.086,"bolussnooze":0,"activity":-0.0016,"lastBolusTime":1703534590488,"time":"2023-12-26T00:13:03.543Z","iobWithZeroTemp":{"iob":-0.344,"basaliob":-0.348,"bolussnooze":0,"activity":-0.004,"lastBolusTime":1703534590488,"time":"2023-12-26T00:13:03.543Z"}},{"iob":-0.075,"basaliob":-0.078,"bolussnooze":0,"activity":-0.0014,"lastBolusTime":1703534590488,"time":"2023-12-26T00:18:03.543Z","iobWithZeroTemp":{"iob":-0.345,"basaliob":-0.348,"bolussnooze":0,"activity":-0.004,"lastBolusTime":1703534590488,"time":"2023-12-26T00:18:03.543Z"}},{"iob":-0.067,"basaliob":-0.07,"bolussnooze":0,"activity":-0.0013,"lastBolusTime":1703534590488,"time":"2023-12-26T00:23:03.543Z","iobWithZeroTemp":{"iob":-0.344,"basaliob":-0.347,"bolussnooze":0,"activity":-0.004,"lastBolusTime":1703534590488,"time":"2023-12-26T00:23:03.543Z"}},{"iob":-0.062,"basaliob":-0.064,"bolussnooze":0,"activity":-0.0012,"lastBolusTime":1703534590488,"time":"2023-12-26T00:28:03.543Z","iobWithZeroTemp":{"iob":-0.346,"basaliob":-0.348,"bolussnooze":0,"activity":-0.004,"lastBolusTime":1703534590488,"time":"2023-12-26T00:28:03.543Z"}},{"iob":-0.056,"basaliob":-0.058,"bolussnooze":0,"activity":-0.0011,"lastBolusTime":1703534590488,"time":"2023-12-26T00:33:03.543Z","iobWithZeroTemp":{"iob":-0.346,"basaliob":-0.348,"bolussnooze":0,"activity":-0.004,"lastBolusTime":1703534590488,"time":"2023-12-26T00:33:03.543Z"}},{"iob":-0.05,"basaliob":-0.052,"bolussnooze":0,"activity":-0.001,"lastBolusTime":1703534590488,"time":"2023-12-26T00:38:03.543Z","iobWithZeroTemp":{"iob":-0.345,"basaliob":-0.347,"bolussnooze":0,"activity":-0.004,"lastBolusTime":1703534590488,"time":"2023-12-26T00:38:03.543Z"}},{"iob":-0.046,"basaliob":-0.047,"bolussnooze":0,"activity":-0.001,"lastBolusTime":1703534590488,"time":"2023-12-26T00:43:03.543Z","iobWithZeroTemp":{"iob":-0.346,"basaliob":-0.347,"bolussnooze":0,"activity":-0.0041,"lastBolusTime":1703534590488,"time":"2023-12-26T00:43:03.543Z"}},{"iob":-0.041,"basaliob":-0.042,"bolussnooze":0,"activity":-9.0E-4,"lastBolusTime":1703534590488,"time":"2023-12-26T00:48:03.543Z","iobWithZeroTemp":{"iob":-0.345,"basaliob":-0.346,"bolussnooze":0,"activity":-0.0041,"lastBolusTime":1703534590488,"time":"2023-12-26T00:48:03.543Z"}},{"iob":-0.037,"basaliob":-0.038,"bolussnooze":0,"activity":-8.0E-4,"lastBolusTime":1703534590488,"time":"2023-12-26T00:53:03.543Z","iobWithZeroTemp":{"iob":-0.345,"basaliob":-0.346,"bolussnooze":0,"activity":-0.0041,"lastBolusTime":1703534590488,"time":"2023-12-26T00:53:03.543Z"}},{"iob":-0.033,"basaliob":-0.034,"bolussnooze":0,"activity":-7.0E-4,"lastBolusTime":1703534590488,"time":"2023-12-26T00:58:03.543Z","iobWithZeroTemp":{"iob":-0.345,"basaliob":-0.346,"bolussnooze":0,"activity":-0.0041,"lastBolusTime":1703534590488,"time":"2023-12-26T00:58:03.543Z"}},{"iob":-0.029,"basaliob":-0.03,"bolussnooze":0,"activity":-7.0E-4,"lastBolusTime":1703534590488,"time":"2023-12-26T01:03:03.543Z","iobWithZeroTemp":{"iob":-0.34,"basaliob":-0.341,"bolussnooze":0,"activity":-0.0041,"lastBolusTime":1703534590488,"time":"2023-12-26T01:03:03.543Z"}},{"iob":-0.027,"basaliob":-0.027,"bolussnooze":0,"activity":-6.0E-4,"lastBolusTime":1703534590488,"time":"2023-12-26T01:08:03.543Z","iobWithZeroTemp":{"iob":-0.338,"basaliob":-0.338,"bolussnooze":0,"activity":-0.0041,"lastBolusTime":1703534590488,"time":"2023-12-26T01:08:03.543Z"}},{"iob":-0.024,"basaliob":-0.024,"bolussnooze":0,"activity":-6.0E-4,"lastBolusTime":1703534590488,"time":"2023-12-26T01:13:03.543Z","iobWithZeroTemp":{"iob":-0.334,"basaliob":-0.334,"bolussnooze":0,"activity":-0.0041,"lastBolusTime":1703534590488,"time":"2023-12-26T01:13:03.543Z"}},{"iob":-0.021,"basaliob":-0.021,"bolussnooze":0,"activity":-5.0E-4,"lastBolusTime":1703534590488,"time":"2023-12-26T01:18:03.543Z","iobWithZeroTemp":{"iob":-0.33,"basaliob":-0.33,"bolussnooze":0,"activity":-0.004,"lastBolusTime":1703534590488,"time":"2023-12-26T01:18:03.543Z"}},{"iob":-0.019,"basaliob":-0.019,"bolussnooze":0,"activity":-5.0E-4,"lastBolusTime":1703534590488,"time":"2023-12-26T01:23:03.543Z","iobWithZeroTemp":{"iob":-0.327,"basaliob":-0.327,"bolussnooze":0,"activity":-0.0041,"lastBolusTime":1703534590488,"time":"2023-12-26T01:23:03.543Z"}},{"iob":-0.017,"basaliob":-0.017,"bolussnooze":0,"activity":-4.0E-4,"lastBolusTime":1703534590488,"time":"2023-12-26T01:28:03.543Z","iobWithZeroTemp":{"iob":-0.323,"basaliob":-0.323,"bolussnooze":0,"activity":-0.004,"lastBolusTime":1703534590488,"time":"2023-12-26T01:28:03.543Z"}},{"iob":-0.015,"basaliob":-0.015,"bolussnooze":0,"activity":-4.0E-4,"lastBolusTime":1703534590488,"time":"2023-12-26T01:33:03.543Z","iobWithZeroTemp":{"iob":-0.32,"basaliob":-0.32,"bolussnooze":0,"activity":-0.004,"lastBolusTime":1703534590488,"time":"2023-12-26T01:33:03.543Z"}},{"iob":-0.013,"basaliob":-0.013,"bolussnooze":0,"activity":-3.0E-4,"lastBolusTime":1703534590488,"time":"2023-12-26T01:38:03.543Z","iobWithZeroTemp":{"iob":-0.317,"basaliob":-0.317,"bolussnooze":0,"activity":-0.0039,"lastBolusTime":1703534590488,"time":"2023-12-26T01:38:03.543Z"}},{"iob":-0.011,"basaliob":-0.011,"bolussnooze":0,"activity":-3.0E-4,"lastBolusTime":1703534590488,"time":"2023-12-26T01:43:03.543Z","iobWithZeroTemp":{"iob":-0.313,"basaliob":-0.313,"bolussnooze":0,"activity":-0.0039,"lastBolusTime":1703534590488,"time":"2023-12-26T01:43:03.543Z"}},{"iob":-0.01,"basaliob":-0.01,"bolussnooze":0,"activity":-3.0E-4,"lastBolusTime":1703534590488,"time":"2023-12-26T01:48:03.543Z","iobWithZeroTemp":{"iob":-0.311,"basaliob":-0.311,"bolussnooze":0,"activity":-0.0039,"lastBolusTime":1703534590488,"time":"2023-12-26T01:48:03.543Z"}},{"iob":-0.009,"basaliob":-0.009,"bolussnooze":0,"activity":-2.0E-4,"lastBolusTime":1703534590488,"time":"2023-12-26T01:53:03.543Z","iobWithZeroTemp":{"iob":-0.309,"basaliob":-0.309,"bolussnooze":0,"activity":-0.0038,"lastBolusTime":1703534590488,"time":"2023-12-26T01:53:03.543Z"}},{"iob":-0.008,"basaliob":-0.008,"bolussnooze":0,"activity":-2.0E-4,"lastBolusTime":1703534590488,"time":"2023-12-26T01:58:03.543Z","iobWithZeroTemp":{"iob":-0.306,"basaliob":-0.306,"bolussnooze":0,"activity":-0.0038,"lastBolusTime":1703534590488,"time":"2023-12-26T01:58:03.543Z"}},{"iob":-0.007,"basaliob":-0.007,"bolussnooze":0,"activity":-2.0E-4,"lastBolusTime":1703534590488,"time":"2023-12-26T02:03:03.543Z","iobWithZeroTemp":{"iob":-0.303,"basaliob":-0.303,"bolussnooze":0,"activity":-0.0038,"lastBolusTime":1703534590488,"time":"2023-12-26T02:03:03.543Z"}},{"iob":-0.006,"basaliob":-0.006,"bolussnooze":0,"activity":-2.0E-4,"lastBolusTime":0,"time":"2023-12-26T02:08:03.543Z","iobWithZeroTemp":{"iob":-0.299,"basaliob":-0.299,"bolussnooze":0,"activity":-0.0038,"lastBolusTime":0,"time":"2023-12-26T02:08:03.543Z"}},{"iob":-0.005,"basaliob":-0.005,"bolussnooze":0,"activity":-1.0E-4,"lastBolusTime":0,"time":"2023-12-26T02:13:03.543Z","iobWithZeroTemp":{"iob":-0.296,"basaliob":-0.296,"bolussnooze":0,"activity":-0.0036,"lastBolusTime":0,"time":"2023-12-26T02:13:03.543Z"}},{"iob":-0.004,"basaliob":-0.004,"bolussnooze":0,"activity":-1.0E-4,"lastBolusTime":0,"time":"2023-12-26T02:18:03.543Z","iobWithZeroTemp":{"iob":-0.292,"basaliob":-0.292,"bolussnooze":0,"activity":-0.0036,"lastBolusTime":0,"time":"2023-12-26T02:18:03.543Z"}},{"iob":-0.003,"basaliob":-0.003,"bolussnooze":0,"activity":-1.0E-4,"lastBolusTime":0,"time":"2023-12-26T02:23:03.543Z","iobWithZeroTemp":{"iob":-0.289,"basaliob":-0.289,"bolussnooze":0,"activity":-0.0036,"lastBolusTime":0,"time":"2023-12-26T02:23:03.543Z"}},{"iob":-0.003,"basaliob":-0.003,"bolussnooze":0,"activity":-1.0E-4,"lastBolusTime":0,"time":"2023-12-26T02:28:03.543Z","iobWithZeroTemp":{"iob":-0.287,"basaliob":-0.287,"bolussnooze":0,"activity":-0.0036,"lastBolusTime":0,"time":"2023-12-26T02:28:03.543Z"}},{"iob":-0.002,"basaliob":-0.002,"bolussnooze":0,"activity":-1.0E-4,"lastBolusTime":0,"time":"2023-12-26T02:33:03.543Z","iobWithZeroTemp":{"iob":-0.284,"basaliob":-0.284,"bolussnooze":0,"activity":-0.0036,"lastBolusTime":0,"time":"2023-12-26T02:33:03.543Z"}},{"iob":-0.002,"basaliob":-0.002,"bolussnooze":0,"activity":-1.0E-4,"lastBolusTime":0,"time":"2023-12-26T02:38:03.543Z","iobWithZeroTemp":{"iob":-0.282,"basaliob":-0.282,"bolussnooze":0,"activity":-0.0035,"lastBolusTime":0,"time":"2023-12-26T02:38:03.543Z"}},{"iob":-0.002,"basaliob":-0.002,"bolussnooze":0,"activity":-1.0E-4,"lastBolusTime":0,"time":"2023-12-26T02:43:03.543Z","iobWithZeroTemp":{"iob":-0.28,"basaliob":-0.28,"bolussnooze":0,"activity":-0.0035,"lastBolusTime":0,"time":"2023-12-26T02:43:03.543Z"}},{"iob":-0.001,"basaliob":-0.001,"bolussnooze":0,"activity":0,"lastBolusTime":0,"time":"2023-12-26T02:48:03.543Z","iobWithZeroTemp":{"iob":-0.277,"basaliob":-0.277,"bolussnooze":0,"activity":-0.0034,"lastBolusTime":0,"time":"2023-12-26T02:48:03.543Z"}}],"profile":{"max_iob":10,"type":"current","max_daily_basal":0.41,"max_basal":1.1,"min_bg":90,"max_bg":90,"target_bg":90,"carb_ratio":7.639,"sens":140.517,"max_daily_safety_multiplier":3,"current_basal_safety_multiplier":4,"lgsThreshold":95,"high_temptarget_raises_sensitivity":true,"low_temptarget_lowers_sensitivity":true,"sensitivity_raises_target":true,"resistance_lowers_target":true,"adv_target_adjustments":false,"exercise_mode":false,"half_basal_exercise_target":160,"maxCOB":120,"skip_neutral_temps":false,"remainingCarbsCap":90,"enableUAM":true,"A52_risk_enable":false,"SMBInterval":3,"enableSMB_with_COB":true,"enableSMB_with_temptarget":true,"allowSMB_with_high_temptarget":false,"enableSMB_always":false,"enableSMB_after_carbs":true,"maxSMBBasalMinutes":30,"maxUAMSMBBasalMinutes":40,"bolus_increment":0.05,"carbsReqThreshold":4,"current_basal":0.3,"temptargetSet":false,"autosens_max":1.3,"autosens_min":0.7,"variable_sens":187.4,"insulinDivisor":75,"TDD":11.415186511904759},"autosens_data":{"ratio":1.0168268210853837},"meal_data":{"carbs":20,"mealCOB":0,"slopeFromMaxDeviation":0,"slopeFromMinDeviation":1.2921666666666665,"lastBolusTime":1703534590488,"lastCarbTime":1703529089478},"microBolusAllowed":true,"currentTime":1703544785269,"flatBGsDetected":false,"tdd1D":15.581666666666663,"tdd7D":15.151547619047617,"tddLast24H":15.406500000000003,"tddLast4H":0.7041666666666667,"tddLast8to4H":3.6366666666666667},"output":{"temp":"absolute","bg":99,"tick":"+6","eventualBG":168,"targetBG":90,"insulinReq":0.23,"deliverAt":"2023-12-25T22:53:05.269Z","sensitivityRatio":1.0168268210853837,"variable_sens":187.4,"predBGs":{"IOB":[99,104,110,114,119,123,127,130,133,136,138,140,141,143,144,145,147,148,149,150,151,151,152,153,153,154,154,155,155,156,156,156,157,157,157,157,158,158,158,158,158,158,158,158,158,159],"ZT":[99,102,104,107,110,112,115],"UAM":[99,104,109,113,117,120,123,125,127,129,131,133,134,136,137,138,140,141,142,143,144,145,145,146,147,147,148,148,149,149,149,150,150,150,151,151,151,151,151,151,152]},"reason":"COB: 0, Dev: 18, BGI: 3, ISF: 187, CR: 7.64, Target: 90, minPredBG 134, minGuardBG 104, IOBpredBG 159, UAMpredBG 152; Eventual BG 168 >= 90,  insulinReq 0.23. Microbolusing 0.1U. temp 0.20 < 0.77U\/hr. ","COB":0,"IOB":-0.272,"units":0.1,"duration":30,"rate":0.7650480463256151,"timestamp":"2023-12-25T22:53:05.301Z"}}