{"algorithm":"OpenAPSSMBDynamicISFPlugin","input":{"glucoseStatus":{"glucose":170,"noise":0,"delta":8,"short_avgdelta":8,"long_avgdelta":6.32,"date":1703534559000},"currenttemp":{"temp":"absolute","duration":25,"rate":0.9,"minutesrunning":5},"iob_data":[{"iob":1.106,"basaliob":-0.073,"bolussnooze":0.1505,"activity":0.0167,"lastBolusTime":1703534288513,"time":"2023-12-25T20:03:04.004Z","iobWithZeroTemp":{"iob":1.106,"basaliob":-0.073,"bolussnooze":0.1505,"activity":0.0167,"lastBolusTime":1703534288513,"time":"2023-12-25T20:03:04.004Z"}},{"iob":1.024,"basaliob":-0.067,"bolussnooze":0.1195,"activity":0.0159,"lastBolusTime":1703534288513,"time":"2023-12-25T20:08:04.004Z","iobWithZeroTemp":{"iob":1.001,"basaliob":-0.09,"bolussnooze":0.1195,"activity":0.0159,"lastBolusTime":1703534288513,"time":"2023-12-25T20:08:04.004Z"}},{"iob":0.947,"basaliob":-0.061,"bolussnooze":0.0941,"activity":0.0151,"lastBolusTime":1703534288513,"time":"2023-12-25T20:13:04.004Z","iobWithZeroTemp":{"iob":0.896,"basaliob":-0.112,"bolussnooze":0.0941,"activity":0.015,"lastBolusTime":1703534288513,"time":"2023-12-25T20:13:04.004Z"}},{"iob":0.873,"basaliob":-0.056,"bolussnooze":0.0734,"activity":0.0143,"lastBolusTime":1703534288513,"time":"2023-12-25T20:18:04.004Z","iobWithZeroTemp":{"iob":0.795,"basaliob":-0.134,"bolussnooze":0.0734,"activity":0.0141,"lastBolusTime":1703534288513,"time":"2023-12-25T20:18:04.004Z"}},{"iob":0.804,"basaliob":-0.051,"bolussnooze":0.0567,"activity":0.0135,"lastBolusTime":1703534288513,"time":"2023-12-25T20:23:04.004Z","iobWithZeroTemp":{"iob":0.699,"basaliob":-0.156,"bolussnooze":0.0567,"activity":0.0131,"lastBolusTime":1703534288513,"time":"2023-12-25T20:23:04.004Z"}},{"iob":0.739,"basaliob":-0.046,"bolussnooze":0.0433,"activity":0.0126,"lastBolusTime":1703534288513,"time":"2023-12-25T20:28:04.004Z","iobWithZeroTemp":{"iob":0.608,"basaliob":-0.177,"bolussnooze":0.0433,"activity":0.012,"lastBolusTime":1703534288513,"time":"2023-12-25T20:28:04.004Z"}},{"iob":0.677,"basaliob":-0.042,"bolussnooze":0.0327,"activity":0.0119,"lastBolusTime":1703534288513,"time":"2023-12-25T20:33:04.004Z","iobWithZeroTemp":{"iob":0.521,"basaliob":-0.198,"bolussnooze":0.0327,"activity":0.0111,"lastBolusTime":1703534288513,"time":"2023-12-25T20:33:04.004Z"}},{"iob":0.62,"basaliob":-0.038,"bolussnooze":0.0243,"activity":0.0111,"lastBolusTime":1703534288513,"time":"2023-12-25T20:38:04.004Z","iobWithZeroTemp":{"iob":0.44,"basaliob":-0.218,"bolussnooze":0.0243,"activity":0.0101,"lastBolusTime":1703534288513,"time":"2023-12-25T20:38:04.004Z"}},{"iob":0.566,"basaliob":-0.035,"bolussnooze":0.0178,"activity":0.0103,"lastBolusTime":1703534288513,"time":"2023-12-25T20:43:04.004Z","iobWithZeroTemp":{"iob":0.363,"basaliob":-0.238,"bolussnooze":0.0178,"activity":0.009,"lastBolusTime":1703534288513,"time":"2023-12-25T20:43:04.004Z"}},{"iob":0.516,"basaliob":-0.032,"bolussnooze":0.0127,"activity":0.0096,"lastBolusTime":1703534288513,"time":"2023-12-25T20:48:04.004Z","iobWithZeroTemp":{"iob":0.292,"basaliob":-0.256,"bolussnooze":0.0127,"activity":0.0081,"lastBolusTime":1703534288513,"time":"2023-12-25T20:48:04.004Z"}},{"iob":0.47,"basaliob":-0.029,"bolussnooze":0.0089,"activity":0.0088,"lastBolusTime":1703534288513,"time":"2023-12-25T20:53:04.004Z","iobWithZeroTemp":{"iob":0.226,"basaliob":-0.273,"bolussnooze":0.0089,"activity":0.007,"lastBolusTime":1703534288513,"time":"2023-12-25T20:53:04.004Z"}},{"iob":0.428,"basaliob":-0.026,"bolussnooze":0.006,"activity":0.0082,"lastBolusTime":1703534288513,"time":"2023-12-25T20:58:04.004Z","iobWithZeroTemp":{"iob":0.165,"basaliob":-0.289,"bolussnooze":0.006,"activity":0.0062,"lastBolusTime":1703534288513,"time":"2023-12-25T20:58:04.004Z"}},{"iob":0.389,"basaliob":-0.023,"bolussnooze":0.0039,"activity":0.0076,"lastBolusTime":1703534288513,"time":"2023-12-25T21:03:04.004Z","iobWithZeroTemp":{"iob":0.112,"basaliob":-0.3,"bolussnooze":0.0039,"activity":0.0054,"lastBolusTime":1703534288513,"time":"2023-12-25T21:03:04.004Z"}},{"iob":0.352,"basaliob":-0.021,"bolussnooze":0.0024,"activity":0.007,"lastBolusTime":1703534288513,"time":"2023-12-25T21:08:04.004Z","iobWithZeroTemp":{"iob":0.062,"basaliob":-0.311,"bolussnooze":0.0024,"activity":0.0045,"lastBolusTime":1703534288513,"time":"2023-12-25T21:08:04.004Z"}},{"iob":0.318,"basaliob":-0.019,"bolussnooze":0.0013,"activity":0.0064,"lastBolusTime":1703534288513,"time":"2023-12-25T21:13:04.004Z","iobWithZeroTemp":{"iob":0.016,"basaliob":-0.321,"bolussnooze":0.0013,"activity":0.0037,"lastBolusTime":1703534288513,"time":"2023-12-25T21:13:04.004Z"}},{"iob":0.288,"basaliob":-0.017,"bolussnooze":6.0E-4,"activity":0.0059,"lastBolusTime":1703534288513,"time":"2023-12-25T21:18:04.004Z","iobWithZeroTemp":{"iob":-0.024,"basaliob":-0.329,"bolussnooze":6.0E-4,"activity":0.0031,"lastBolusTime":1703534288513,"time":"2023-12-25T21:18:04.004Z"}},{"iob":0.26,"basaliob":-0.015,"bolussnooze":2.0E-4,"activity":0.0054,"lastBolusTime":1703534288513,"time":"2023-12-25T21:23:04.004Z","iobWithZeroTemp":{"iob":-0.062,"basaliob":-0.337,"bolussnooze":2.0E-4,"activity":0.0024,"lastBolusTime":1703534288513,"time":"2023-12-25T21:23:04.004Z"}},{"iob":0.233,"basaliob":-0.014,"bolussnooze":0,"activity":0.0049,"lastBolusTime":1703534288513,"time":"2023-12-25T21:28:04.004Z","iobWithZeroTemp":{"iob":-0.098,"basaliob":-0.345,"bolussnooze":0,"activity":0.0017,"lastBolusTime":1703534288513,"time":"2023-12-25T21:28:04.004Z"}},{"iob":0.21,"basaliob":-0.012,"bolussnooze":0,"activity":0.0045,"lastBolusTime":1703534288513,"time":"2023-12-25T21:33:04.004Z","iobWithZeroTemp":{"iob":-0.129,"basaliob":-0.351,"bolussnooze":0,"activity":0.0012,"lastBolusTime":1703534288513,"time":"2023-12-25T21:33:04.004Z"}},{"iob":0.188,"basaliob":-0.011,"bolussnooze":0,"activity":0.0042,"lastBolusTime":1703534288513,"time":"2023-12-25T21:38:04.004Z","iobWithZeroTemp":{"iob":-0.159,"basaliob":-0.358,"bolussnooze":0,"activity":7.0E-4,"lastBolusTime":1703534288513,"time":"2023-12-25T21:38:04.004Z"}},{"iob":0.169,"basaliob":-0.01,"bolussnooze":0,"activity":0.0038,"lastBolusTime":1703534288513,"time":"2023-12-25T21:43:04.004Z","iobWithZeroTemp":{"iob":-0.184,"basaliob":-0.363,"bolussnooze":0,"activity":2.0E-4,"lastBolusTime":1703534288513,"time":"2023-12-25T21:43:04.004Z"}},{"iob":0.151,"basaliob":-0.009,"bolussnooze":0,"activity":0.0034,"lastBolusTime":1703534288513,"time":"2023-12-25T21:48:04.004Z","iobWithZeroTemp":{"iob":-0.209,"basaliob":-0.369,"bolussnooze":0,"activity":-3.0E-4,"lastBolusTime":1703534288513,"time":"2023-12-25T21:48:04.004Z"}},{"iob":0.134,"basaliob":-0.008,"bolussnooze":0,"activity":0.0031,"lastBolusTime":1703534288513,"time":"2023-12-25T21:53:04.004Z","iobWithZeroTemp":{"iob":-0.231,"basaliob":-0.373,"bolussnooze":0,"activity":-7.0E-4,"lastBolusTime":1703534288513,"time":"2023-12-25T21:53:04.004Z"}},{"iob":0.12,"basaliob":-0.007,"bolussnooze":0,"activity":0.0028,"lastBolusTime":1703534288513,"time":"2023-12-25T21:58:04.004Z","iobWithZeroTemp":{"iob":-0.25,"basaliob":-0.377,"bolussnooze":0,"activity":-0.0011,"lastBolusTime":1703534288513,"time":"2023-12-25T21:58:04.004Z"}},{"iob":0.107,"basaliob":-0.006,"bolussnooze":0,"activity":0.0026,"lastBolusTime":1703534288513,"time":"2023-12-25T22:03:04.004Z","iobWithZeroTemp":{"iob":-0.266,"basaliob":-0.379,"bolussnooze":0,"activity":-0.0014,"lastBolusTime":1703534288513,"time":"2023-12-25T22:03:04.004Z"}},{"iob":0.095,"basaliob":-0.005,"bolussnooze":0,"activity":0.0023,"lastBolusTime":1703534288513,"time":"2023-12-25T22:08:04.004Z","iobWithZeroTemp":{"iob":-0.281,"basaliob":-0.381,"bolussnooze":0,"activity":-0.0018,"lastBolusTime":1703534288513,"time":"2023-12-25T22:08:04.004Z"}},{"iob":0.083,"basaliob":-0.005,"bolussnooze":0,"activity":0.0021,"lastBolusTime":1703534288513,"time":"2023-12-25T22:13:04.004Z","iobWithZeroTemp":{"iob":-0.295,"basaliob":-0.383,"bolussnooze":0,"activity":-0.0021,"lastBolusTime":1703534288513,"time":"2023-12-25T22:13:04.004Z"}},{"iob":0.074,"basaliob":-0.004,"bolussnooze":0,"activity":0.0019,"lastBolusTime":1703534288513,"time":"2023-12-25T22:18:04.004Z","iobWithZeroTemp":{"iob":-0.306,"basaliob":-0.384,"bolussnooze":0,"activity":-0.0023,"lastBolusTime":1703534288513,"time":"2023-12-25T22:18:04.004Z"}},{"iob":0.065,"basaliob":-0.004,"bolussnooze":0,"activity":0.0017,"lastBolusTime":1703534288513,"time":"2023-12-25T22:23:04.004Z","iobWithZeroTemp":{"iob":-0.317,"basaliob":-0.386,"bolussnooze":0,"activity":-0.0026,"lastBolusTime":1703534288513,"time":"2023-12-25T22:23:04.004Z"}},{"iob":0.057,"basaliob":-0.003,"bolussnooze":0,"activity":0.0015,"lastBolusTime":1703534288513,"time":"2023-12-25T22:28:04.004Z","iobWithZeroTemp":{"iob":-0.326,"basaliob":-0.386,"bolussnooze":0,"activity":-0.0028,"lastBolusTime":1703534288513,"time":"2023-12-25T22:28:04.004Z"}},{"iob":0.05,"basaliob":-0.003,"bolussnooze":0,"activity":0.0013,"lastBolusTime":1703534288513,"time":"2023-12-25T22:33:04.004Z","iobWithZeroTemp":{"iob":-0.334,"basaliob":-0.387,"bolussnooze":0,"activity":-0.0031,"lastBolusTime":1703534288513,"time":"2023-12-25T22:33:04.004Z"}},{"iob":0.044,"basaliob":-0.002,"bolussnooze":0,"activity":0.0012,"lastBolusTime":1703534288513,"time":"2023-12-25T22:38:04.004Z","iobWithZeroTemp":{"iob":-0.341,"basaliob":-0.387,"bolussnooze":0,"activity":-0.0032,"lastBolusTime":1703534288513,"time":"2023-12-25T22:38:04.004Z"}},{"iob":0.038,"basaliob":-0.002,"bolussnooze":0,"activity":0.001,"lastBolusTime":1703534288513,"time":"2023-12-25T22:43:04.004Z","iobWithZeroTemp":{"iob":-0.348,"basaliob":-0.388,"bolussnooze":0,"activity":-0.0034,"lastBolusTime":1703534288513,"time":"2023-12-25T22:43:04.004Z"}},{"iob":0.033,"basaliob":-0.002,"bolussnooze":0,"activity":9.0E-4,"lastBolusTime":1703534288513,"time":"2023-12-25T22:48:04.004Z","iobWithZeroTemp":{"iob":-0.353,"basaliob":-0.388,"bolussnooze":0,"activity":-0.0036,"lastBolusTime":1703534288513,"time":"2023-12-25T22:48:04.004Z"}},{"iob":0.028,"basaliob":-0.002,"bolussnooze":0,"activity":9.0E-4,"lastBolusTime":1703534288513,"time":"2023-12-25T22:53:04.004Z","iobWithZeroTemp":{"iob":-0.359,"basaliob":-0.389,"bolussnooze":0,"activity":-0.0036,"lastBolusTime":1703534288513,"time":"2023-12-25T22:53:04.004Z"}},{"iob":0.025,"basaliob":-0.001,"bolussnooze":0,"activity":8.0E-4,"lastBolusTime":1703534288513,"time":"2023-12-25T22:58:04.004Z","iobWithZeroTemp":{"iob":-0.362,"basaliob":-0.388,"bolussnooze":0,"activity":-0.0037,"lastBolusTime":1703534288513,"time":"2023-12-25T22:58:04.004Z"}},{"iob":0.021,"basaliob":-0.001,"bolussnooze":0,"activity":7.0E-4,"lastBolusTime":1703534288513,"time":"2023-12-25T23:03:04.004Z","iobWithZeroTemp":{"iob":-0.366,"basaliob":-0.388,"bolussnooze":0,"activity":-0.0038,"lastBolusTime":1703534288513,"time":"2023-12-25T23:03:04.004Z"}},{"iob":0.018,"basaliob":-0.001,"bolussnooze":0,"activity":6.0E-4,"lastBolusTime":1703534288513,"time":"2023-12-25T23:08:04.004Z","iobWithZeroTemp":{"iob":-0.369,"basaliob":-0.388,"bolussnooze":0,"activity":-0.0039,"lastBolusTime":1703534288513,"time":"2023-12-25T23:08:04.004Z"}},{"iob":0.015,"basaliob":-0.001,"bolussnooze":0,"activity":5.0E-4,"lastBolusTime":1703534288513,"time":"2023-12-25T23:13:04.004Z","iobWithZeroTemp":{"iob":-0.371,"basaliob":-0.387,"bolussnooze":0,"activity":-0.0041,"lastBolusTime":1703534288513,"time":"2023-12-25T23:13:04.004Z"}},{"iob":0.013,"basaliob":-0.001,"bolussnooze":0,"activity":5.0E-4,"lastBolusTime":1703534288513,"time":"2023-12-25T23:18:04.004Z","iobWithZeroTemp":{"iob":-0.373,"basaliob":-0.387,"bolussnooze":0,"activity":-0.0041,"lastBolusTime":1703534288513,"time":"2023-12-25T23:18:04.004Z"}},{"iob":0.011,"basaliob":-0.001,"bolussnooze":0,"activity":4.0E-4,"lastBolusTime":1703534288513,"time":"2023-12-25T23:23:04.004Z","iobWithZeroTemp":{"iob":-0.375,"basaliob":-0.387,"bolussnooze":0,"activity":-0.0042,"lastBolusTime":1703534288513,"time":"2023-12-25T23:23:04.004Z"}},{"iob":0.01,"basaliob":0,"bolussnooze":0,"activity":3.0E-4,"lastBolusTime":1703534288513,"time":"2023-12-25T23:28:04.004Z","iobWithZeroTemp":{"iob":-0.375,"basaliob":-0.385,"bolussnooze":0,"activity":-0.0043,"lastBolusTime":1703534288513,"time":"2023-12-25T23:28:04.004Z"}},{"iob":0.008,"basaliob":0,"bolussnooze":0,"activity":3.0E-4,"lastBolusTime":1703534288513,"time":"2023-12-25T23:33:04.004Z","iobWithZeroTemp":{"iob":-0.377,"basaliob":-0.385,"bolussnooze":0,"activity":-0.0043,"lastBolusTime":1703534288513,"time":"2023-12-25T23:33:04.004Z"}},{"iob":0.007,"basaliob":0,"bolussnooze":0,"activity":3.0E-4,"lastBolusTime":1703534288513,"time":"2023-12-25T23:38:04.004Z","iobWithZeroTemp":{"iob":-0.377,"basaliob":-0.384,"bolussnooze":0,"activity":-0.0043,"lastBolusTime":1703534288513,"time":"2023-12-25T23:38:04.004Z"}},{"iob":0.006,"basaliob":0,"bolussnooze":0,"activity":2.0E-4,"lastBolusTime":1703534288513,"time":"2023-12-25T23:43:04.004Z","iobWithZeroTemp":{"iob":-0.378,"basaliob":-0.384,"bolussnooze":0,"activity":-0.0044,"lastBolusTime":1703534288513,"time":"2023-12-25T23:43:04.004Z"}},{"iob":0.005,"basaliob":0,"bolussnooze":0,"activity":2.0E-4,"lastBolusTime":1703534288513,"time":"2023-12-25T23:48:04.004Z","iobWithZeroTemp":{"iob":-0.378,"basaliob":-0.383,"bolussnooze":0,"activity":-0.0044,"lastBolusTime":1703534288513,"time":"2023-12-25T23:48:04.004Z"}},{"iob":0.004,"basaliob":0,"bolussnooze":0,"activity":2.0E-4,"lastBolusTime":1703534288513,"time":"2023-12-25T23:53:04.004Z","iobWithZeroTemp":{"iob":-0.379,"basaliob":-0.383,"bolussnooze":0,"activity":-0.0044,"lastBolusTime":1703534288513,"time":"2023-12-25T23:53:04.004Z"}},{"iob":0.003,"basaliob":0,"bolussnooze":0,"activity":1.0E-4,"lastBolusTime":1703534288513,"time":"2023-12-25T23:58:04.004Z","iobWithZeroTemp":{"iob":-0.379,"basaliob":-0.382,"bolussnooze":0,"activity":-0.0045,"lastBolusTime":1703534288513,"time":"2023-12-25T23:58:04.004Z"}}],"profile":{"max_iob":10,"type":"current","max_daily_basal":0.41,"max_basal":1.25,"min_bg":90,"max_bg":90,"target_bg":90,"carb_ratio":7.639,"sens":140.517,"max_daily_safety_multiplier":3,"current_basal_safety_multiplier":4,"lgsThreshold":95,"high_temptarget_raises_sensitivity":true,"low_temptarget_lowers_sensitivity":true,"sensitivity_raises_target":true,"resistance_lowers_target":true,"adv_target_adjustments":false,"exercise_mode":false,"half_basal_exercise_target":160,"maxCOB":120,"skip_neutral_temps":false,"remainingCarbsCap":90,"enableUAM":true,"A52_risk_enable":false,"SMBInterval":3,"enableSMB_with_COB":true,"enableSMB_with_temptarget":true,"allowSMB_with_high_temptarget":false,"enableSMB_always":false,"enableSMB_after_carbs":true,"maxSMBBasalMinutes":30,"maxUAMSMBBasalMinutes":40,"bolus_increment":0.05,"carbsReqThreshold":4,"current_basal":0.35,"temptargetSet":true,"autosens_max":1.3,"autosens_min":0.7,"variable_sens":105.3,"insulinDivisor":75,"TDD":14.441781511904761},"autosens_data":{"ratio":1.0583517321034317},"meal_data":{"carbs":20,"mealCOB":3.20645128334294,"slopeFromMaxDeviation":-0.5833999999999997,"slopeFromMinDeviation":0.6965000000000001,"lastBolusTime":1703534288513,"lastCarbTime":1703529089478},"microBolusAllowed":true,"currentTime":1703534585704,"flatBGsDetected":false,"tdd1D":15.581666666666663,"tdd7D":15.151547619047617,"tddLast24H":16.03566666666667,"tddLast4H":3.8325000000000005,"tddLast8to4H":2.331666666666667},"output":{"temp":"absolute","bg":170,"tick":"+8","eventualBG":302,"targetBG":90,"insulinReq":0.55,"deliverAt":"2023-12-25T20:03:05.704Z","sensitivityRatio":1.2,"variable_sens":105.3,"predBGs":{"IOB":[170,177,182,187,191,195,197,198,198,198,196,193,189,185,182,178,175,173,170,168,165,163,162,160,158,157,156,154,153,152,152,151,150,150,149,149,148,148,147,147,147,147,146],"ZT":[170,161,153,144,136,128,121,113,107,100,94,89,84,79,76,72,69,67,65,64,64,63,64,64,65,67,69,71,73,75,78,80,83,86,89],"COB":[170,175,177,176,173,166,160,153,148,142,137,133,128,124,121,117,114,111,109,106,104,102,100,99,97,96,95,93,92,92,91,90,89,89,88,88,88,87,87,87,86,86,86,86,86,86,85],"UAM":[170,177,185,192,200,207,215,222,229,236,243,249,256,262,268,273,278,283,287,291,295,298,301,303,305,306,307,307,307,307,306,306,305,305,304,304,304,303,303,303,303,303,303,302]},"reason":"COB: 3.2, Dev: 101, BGI: -9, ISF: 105, CR: 7.64, Target: 90, minPredBG 148, minGuardBG 162, IOBpredBG 146, COBpredBG 85, UAMpredBG 302; Eventual BG 302 >= 90,  insulinReq 0.55; maxBolus 0.2. Microbolusing 0.2U. adj. req. rate: 1.52 to maxSafeBasal: 1.23, temp 0.90 < 1.23U\/hr. ","COB":3.20645128334294,"IOB":1.106,"units":0.2,"duration":30,"rate":1.23,"timestamp":"2023-12-25T20:03:05.734Z"}}