{"algorithm":"OpenAPSSMBDynamicISFPlugin","input":{"glucoseStatus":{"glucose":95,"noise":0,"delta":6.39,"short_avgdelta":6.39,"long_avgdelta":4.93,"date":1703672261000},"currenttemp":{"temp":"absolute","duration":85,"rate":0,"minutesrunning":35},"iob_data":[{"iob":0.23,"basaliob":-0.248,"bolussnooze":0.0392,"activity":0.0061,"lastBolusTime":1703665433804,"time":"2023-12-27T10:18:05.482Z","iobWithZeroTemp":{"iob":0.23,"basaliob":-0.248,"bolussnooze":0.0392,"activity":0.0061,"lastBolusTime":1703665433804,"time":"2023-12-27T10:18:05.482Z"}},{"iob":0.201,"basaliob":-0.235,"bolussnooze":0.0298,"activity":0.0054,"lastBolusTime":1703665433804,"time":"2023-12-27T10:23:05.482Z","iobWithZeroTemp":{"iob":0.188,"basaliob":-0.248,"bolussnooze":0.0298,"activity":0.0054,"lastBolusTime":1703665433804,"time":"2023-12-27T10:23:05.482Z"}},{"iob":0.176,"basaliob":-0.222,"bolussnooze":0.0224,"activity":0.0048,"lastBolusTime":1703665433804,"time":"2023-12-27T10:28:05.482Z","iobWithZeroTemp":{"iob":0.146,"basaliob":-0.252,"bolussnooze":0.0224,"activity":0.0047,"lastBolusTime":1703665433804,"time":"2023-12-27T10:28:05.482Z"}},{"iob":0.153,"basaliob":-0.209,"bolussnooze":0.0166,"activity":0.0043,"lastBolusTime":1703665433804,"time":"2023-12-27T10:33:05.482Z","iobWithZeroTemp":{"iob":0.107,"basaliob":-0.255,"bolussnooze":0.0166,"activity":0.0042,"lastBolusTime":1703665433804,"time":"2023-12-27T10:33:05.482Z"}},{"iob":0.132,"basaliob":-0.197,"bolussnooze":0.012,"activity":0.0037,"lastBolusTime":1703665433804,"time":"2023-12-27T10:38:05.482Z","iobWithZeroTemp":{"iob":0.07,"basaliob":-0.259,"bolussnooze":0.012,"activity":0.0035,"lastBolusTime":1703665433804,"time":"2023-12-27T10:38:05.482Z"}},{"iob":0.115,"basaliob":-0.184,"bolussnooze":0.0085,"activity":0.0034,"lastBolusTime":1703665433804,"time":"2023-12-27T10:43:05.482Z","iobWithZeroTemp":{"iob":0.038,"basaliob":-0.261,"bolussnooze":0.0085,"activity":0.0031,"lastBolusTime":1703665433804,"time":"2023-12-27T10:43:05.482Z"}},{"iob":0.098,"basaliob":-0.172,"bolussnooze":0.0058,"activity":0.003,"lastBolusTime":1703665433804,"time":"2023-12-27T10:48:05.482Z","iobWithZeroTemp":{"iob":0.006,"basaliob":-0.264,"bolussnooze":0.0058,"activity":0.0025,"lastBolusTime":1703665433804,"time":"2023-12-27T10:48:05.482Z"}},{"iob":0.085,"basaliob":-0.16,"bolussnooze":0.0038,"activity":0.0026,"lastBolusTime":1703665433804,"time":"2023-12-27T10:53:05.482Z","iobWithZeroTemp":{"iob":-0.021,"basaliob":-0.266,"bolussnooze":0.0038,"activity":0.002,"lastBolusTime":1703665433804,"time":"2023-12-27T10:53:05.482Z"}},{"iob":0.073,"basaliob":-0.148,"bolussnooze":0.0024,"activity":0.0023,"lastBolusTime":1703665433804,"time":"2023-12-27T10:58:05.482Z","iobWithZeroTemp":{"iob":-0.046,"basaliob":-0.267,"bolussnooze":0.0024,"activity":0.0016,"lastBolusTime":1703665433804,"time":"2023-12-27T10:58:05.482Z"}},{"iob":0.062,"basaliob":-0.137,"bolussnooze":0.0014,"activity":0.0021,"lastBolusTime":1703665433804,"time":"2023-12-27T11:03:05.482Z","iobWithZeroTemp":{"iob":-0.073,"basaliob":-0.272,"bolussnooze":0.0014,"activity":0.0012,"lastBolusTime":1703665433804,"time":"2023-12-27T11:03:05.482Z"}},{"iob":0.052,"basaliob":-0.127,"bolussnooze":7.0E-4,"activity":0.0018,"lastBolusTime":1703665433804,"time":"2023-12-27T11:08:05.482Z","iobWithZeroTemp":{"iob":-0.099,"basaliob":-0.278,"bolussnooze":7.0E-4,"activity":7.0E-4,"lastBolusTime":1703665433804,"time":"2023-12-27T11:08:05.482Z"}},{"iob":0.044,"basaliob":-0.117,"bolussnooze":3.0E-4,"activity":0.0016,"lastBolusTime":1703665433804,"time":"2023-12-27T11:13:05.482Z","iobWithZeroTemp":{"iob":-0.123,"basaliob":-0.284,"bolussnooze":3.0E-4,"activity":4.0E-4,"lastBolusTime":1703665433804,"time":"2023-12-27T11:13:05.482Z"}},{"iob":0.037,"basaliob":-0.108,"bolussnooze":1.0E-4,"activity":0.0014,"lastBolusTime":1703665433804,"time":"2023-12-27T11:18:05.482Z","iobWithZeroTemp":{"iob":-0.144,"basaliob":-0.289,"bolussnooze":1.0E-4,"activity":0,"lastBolusTime":1703665433804,"time":"2023-12-27T11:18:05.482Z"}},{"iob":0.03,"basaliob":-0.099,"bolussnooze":0,"activity":0.0012,"lastBolusTime":1703665433804,"time":"2023-12-27T11:23:05.482Z","iobWithZeroTemp":{"iob":-0.164,"basaliob":-0.293,"bolussnooze":0,"activity":-3.0E-4,"lastBolusTime":1703665433804,"time":"2023-12-27T11:23:05.482Z"}},{"iob":0.025,"basaliob":-0.091,"bolussnooze":0,"activity":0.001,"lastBolusTime":1703665433804,"time":"2023-12-27T11:28:05.482Z","iobWithZeroTemp":{"iob":-0.182,"basaliob":-0.298,"bolussnooze":0,"activity":-7.0E-4,"lastBolusTime":1703665433804,"time":"2023-12-27T11:28:05.482Z"}},{"iob":0.02,"basaliob":-0.083,"bolussnooze":0,"activity":9.0E-4,"lastBolusTime":1703665433804,"time":"2023-12-27T11:33:05.482Z","iobWithZeroTemp":{"iob":-0.199,"basaliob":-0.302,"bolussnooze":0,"activity":-0.001,"lastBolusTime":1703665433804,"time":"2023-12-27T11:33:05.482Z"}},{"iob":0.016,"basaliob":-0.076,"bolussnooze":0,"activity":8.0E-4,"lastBolusTime":1703665433804,"time":"2023-12-27T11:38:05.482Z","iobWithZeroTemp":{"iob":-0.214,"basaliob":-0.306,"bolussnooze":0,"activity":-0.0012,"lastBolusTime":1703665433804,"time":"2023-12-27T11:38:05.482Z"}},{"iob":0.013,"basaliob":-0.069,"bolussnooze":0,"activity":6.0E-4,"lastBolusTime":1703665433804,"time":"2023-12-27T11:43:05.482Z","iobWithZeroTemp":{"iob":-0.228,"basaliob":-0.31,"bolussnooze":0,"activity":-0.0016,"lastBolusTime":1703665433804,"time":"2023-12-27T11:43:05.482Z"}},{"iob":0.009,"basaliob":-0.063,"bolussnooze":0,"activity":6.0E-4,"lastBolusTime":1703665433804,"time":"2023-12-27T11:48:05.482Z","iobWithZeroTemp":{"iob":-0.241,"basaliob":-0.313,"bolussnooze":0,"activity":-0.0017,"lastBolusTime":1703665433804,"time":"2023-12-27T11:48:05.482Z"}},{"iob":0.006,"basaliob":-0.058,"bolussnooze":0,"activity":5.0E-4,"lastBolusTime":1703665433804,"time":"2023-12-27T11:53:05.482Z","iobWithZeroTemp":{"iob":-0.253,"basaliob":-0.317,"bolussnooze":0,"activity":-0.0019,"lastBolusTime":1703665433804,"time":"2023-12-27T11:53:05.482Z"}},{"iob":0.005,"basaliob":-0.052,"bolussnooze":0,"activity":4.0E-4,"lastBolusTime":1703665433804,"time":"2023-12-27T11:58:05.482Z","iobWithZeroTemp":{"iob":-0.262,"basaliob":-0.319,"bolussnooze":0,"activity":-0.0022,"lastBolusTime":1703665433804,"time":"2023-12-27T11:58:05.482Z"}},{"iob":0.003,"basaliob":-0.047,"bolussnooze":0,"activity":4.0E-4,"lastBolusTime":1703665433804,"time":"2023-12-27T12:03:05.482Z","iobWithZeroTemp":{"iob":-0.272,"basaliob":-0.322,"bolussnooze":0,"activity":-0.0023,"lastBolusTime":1703665433804,"time":"2023-12-27T12:03:05.482Z"}},{"iob":0.001,"basaliob":-0.043,"bolussnooze":0,"activity":2.0E-4,"lastBolusTime":1703665433804,"time":"2023-12-27T12:08:05.482Z","iobWithZeroTemp":{"iob":-0.281,"basaliob":-0.325,"bolussnooze":0,"activity":-0.0026,"lastBolusTime":1703665433804,"time":"2023-12-27T12:08:05.482Z"}},{"iob":-0.001,"basaliob":-0.039,"bolussnooze":0,"activity":2.0E-4,"lastBolusTime":1703665433804,"time":"2023-12-27T12:13:05.482Z","iobWithZeroTemp":{"iob":-0.29,"basaliob":-0.328,"bolussnooze":0,"activity":-0.0027,"lastBolusTime":1703665433804,"time":"2023-12-27T12:13:05.482Z"}},{"iob":-0.001,"basaliob":-0.035,"bolussnooze":0,"activity":2.0E-4,"lastBolusTime":1703665433804,"time":"2023-12-27T12:18:05.482Z","iobWithZeroTemp":{"iob":-0.296,"basaliob":-0.33,"bolussnooze":0,"activity":-0.0028,"lastBolusTime":1703665433804,"time":"2023-12-27T12:18:05.482Z"}},{"iob":-0.003,"basaliob":-0.032,"bolussnooze":0,"activity":1.0E-4,"lastBolusTime":1703665433804,"time":"2023-12-27T12:23:05.482Z","iobWithZeroTemp":{"iob":-0.303,"basaliob":-0.332,"bolussnooze":0,"activity":-0.003,"lastBolusTime":1703665433804,"time":"2023-12-27T12:23:05.482Z"}},{"iob":-0.003,"basaliob":-0.028,"bolussnooze":0,"activity":1.0E-4,"lastBolusTime":1703665433804,"time":"2023-12-27T12:28:05.482Z","iobWithZeroTemp":{"iob":-0.308,"basaliob":-0.333,"bolussnooze":0,"activity":-0.0031,"lastBolusTime":1703665433804,"time":"2023-12-27T12:28:05.482Z"}},{"iob":-0.003,"basaliob":-0.025,"bolussnooze":0,"activity":0,"lastBolusTime":1703665433804,"time":"2023-12-27T12:33:05.482Z","iobWithZeroTemp":{"iob":-0.313,"basaliob":-0.335,"bolussnooze":0,"activity":-0.0033,"lastBolusTime":1703665433804,"time":"2023-12-27T12:33:05.482Z"}},{"iob":-0.004,"basaliob":-0.023,"bolussnooze":0,"activity":1.0E-4,"lastBolusTime":1703665433804,"time":"2023-12-27T12:38:05.482Z","iobWithZeroTemp":{"iob":-0.318,"basaliob":-0.337,"bolussnooze":0,"activity":-0.0033,"lastBolusTime":1703665433804,"time":"2023-12-27T12:38:05.482Z"}},{"iob":-0.004,"basaliob":-0.02,"bolussnooze":0,"activity":0,"lastBolusTime":1703665433804,"time":"2023-12-27T12:43:05.482Z","iobWithZeroTemp":{"iob":-0.322,"basaliob":-0.338,"bolussnooze":0,"activity":-0.0034,"lastBolusTime":1703665433804,"time":"2023-12-27T12:43:05.482Z"}},{"iob":-0.004,"basaliob":-0.018,"bolussnooze":0,"activity":0,"lastBolusTime":1703665433804,"time":"2023-12-27T12:48:05.482Z","iobWithZeroTemp":{"iob":-0.325,"basaliob":-0.339,"bolussnooze":0,"activity":-0.0035,"lastBolusTime":1703665433804,"time":"2023-12-27T12:48:05.482Z"}},{"iob":-0.004,"basaliob":-0.016,"bolussnooze":0,"activity":0,"lastBolusTime":1703665433804,"time":"2023-12-27T12:53:05.482Z","iobWithZeroTemp":{"iob":-0.328,"basaliob":-0.34,"bolussnooze":0,"activity":-0.0036,"lastBolusTime":1703665433804,"time":"2023-12-27T12:53:05.482Z"}},{"iob":-0.004,"basaliob":-0.014,"bolussnooze":0,"activity":0,"lastBolusTime":1703665433804,"time":"2023-12-27T12:58:05.482Z","iobWithZeroTemp":{"iob":-0.331,"basaliob":-0.341,"bolussnooze":0,"activity":-0.0036,"lastBolusTime":1703665433804,"time":"2023-12-27T12:58:05.482Z"}},{"iob":-0.005,"basaliob":-0.013,"bolussnooze":0,"activity":0,"lastBolusTime":1703665433804,"time":"2023-12-27T13:03:05.482Z","iobWithZeroTemp":{"iob":-0.339,"basaliob":-0.347,"bolussnooze":0,"activity":-0.0037,"lastBolusTime":1703665433804,"time":"2023-12-27T13:03:05.482Z"}},{"iob":-0.004,"basaliob":-0.011,"bolussnooze":0,"activity":0,"lastBolusTime":1703665433804,"time":"2023-12-27T13:08:05.482Z","iobWithZeroTemp":{"iob":-0.344,"basaliob":-0.351,"bolussnooze":0,"activity":-0.0037,"lastBolusTime":1703665433804,"time":"2023-12-27T13:08:05.482Z"}},{"iob":-0.004,"basaliob":-0.01,"bolussnooze":0,"activity":-1.0E-4,"lastBolusTime":1703665433804,"time":"2023-12-27T13:13:05.482Z","iobWithZeroTemp":{"iob":-0.35,"basaliob":-0.356,"bolussnooze":0,"activity":-0.0039,"lastBolusTime":1703665433804,"time":"2023-12-27T13:13:05.482Z"}},{"iob":-0.004,"basaliob":-0.009,"bolussnooze":0,"activity":0,"lastBolusTime":1703665433804,"time":"2023-12-27T13:18:05.482Z","iobWithZeroTemp":{"iob":-0.356,"basaliob":-0.361,"bolussnooze":0,"activity":-0.0039,"lastBolusTime":1703665433804,"time":"2023-12-27T13:18:05.482Z"}},{"iob":-0.004,"basaliob":-0.008,"bolussnooze":0,"activity":0,"lastBolusTime":1703665433804,"time":"2023-12-27T13:23:05.482Z","iobWithZeroTemp":{"iob":-0.362,"basaliob":-0.366,"bolussnooze":0,"activity":-0.0039,"lastBolusTime":1703665433804,"time":"2023-12-27T13:23:05.482Z"}},{"iob":-0.004,"basaliob":-0.007,"bolussnooze":0,"activity":-1.0E-4,"lastBolusTime":1703665433804,"time":"2023-12-27T13:28:05.482Z","iobWithZeroTemp":{"iob":-0.367,"basaliob":-0.37,"bolussnooze":0,"activity":-0.0041,"lastBolusTime":1703665433804,"time":"2023-12-27T13:28:05.482Z"}},{"iob":-0.004,"basaliob":-0.006,"bolussnooze":0,"activity":-1.0E-4,"lastBolusTime":1703665433804,"time":"2023-12-27T13:33:05.482Z","iobWithZeroTemp":{"iob":-0.372,"basaliob":-0.374,"bolussnooze":0,"activity":-0.0042,"lastBolusTime":1703665433804,"time":"2023-12-27T13:33:05.482Z"}},{"iob":-0.003,"basaliob":-0.005,"bolussnooze":0,"activity":0,"lastBolusTime":1703665433804,"time":"2023-12-27T13:38:05.482Z","iobWithZeroTemp":{"iob":-0.375,"basaliob":-0.377,"bolussnooze":0,"activity":-0.0041,"lastBolusTime":1703665433804,"time":"2023-12-27T13:38:05.482Z"}},{"iob":-0.004,"basaliob":-0.005,"bolussnooze":0,"activity":0,"lastBolusTime":1703665433804,"time":"2023-12-27T13:43:05.482Z","iobWithZeroTemp":{"iob":-0.38,"basaliob":-0.381,"bolussnooze":0,"activity":-0.0042,"lastBolusTime":1703665433804,"time":"2023-12-27T13:43:05.482Z"}},{"iob":-0.003,"basaliob":-0.004,"bolussnooze":0,"activity":0,"lastBolusTime":1703665433804,"time":"2023-12-27T13:48:05.482Z","iobWithZeroTemp":{"iob":-0.383,"basaliob":-0.384,"bolussnooze":0,"activity":-0.0042,"lastBolusTime":1703665433804,"time":"2023-12-27T13:48:05.482Z"}},{"iob":-0.002,"basaliob":-0.003,"bolussnooze":0,"activity":0,"lastBolusTime":1703665433804,"time":"2023-12-27T13:53:05.482Z","iobWithZeroTemp":{"iob":-0.386,"basaliob":-0.387,"bolussnooze":0,"activity":-0.0043,"lastBolusTime":1703665433804,"time":"2023-12-27T13:53:05.482Z"}},{"iob":-0.003,"basaliob":-0.003,"bolussnooze":0,"activity":-1.0E-4,"lastBolusTime":1703665433804,"time":"2023-12-27T13:58:05.482Z","iobWithZeroTemp":{"iob":-0.39,"basaliob":-0.39,"bolussnooze":0,"activity":-0.0045,"lastBolusTime":1703665433804,"time":"2023-12-27T13:58:05.482Z"}},{"iob":-0.003,"basaliob":-0.003,"bolussnooze":0,"activity":-1.0E-4,"lastBolusTime":1703665433804,"time":"2023-12-27T14:03:05.482Z","iobWithZeroTemp":{"iob":-0.377,"basaliob":-0.377,"bolussnooze":0,"activity":-0.0045,"lastBolusTime":1703665433804,"time":"2023-12-27T14:03:05.482Z"}},{"iob":-0.002,"basaliob":-0.002,"bolussnooze":0,"activity":-1.0E-4,"lastBolusTime":1703665433804,"time":"2023-12-27T14:08:05.482Z","iobWithZeroTemp":{"iob":-0.362,"basaliob":-0.362,"bolussnooze":0,"activity":-0.0045,"lastBolusTime":1703665433804,"time":"2023-12-27T14:08:05.482Z"}},{"iob":-0.002,"basaliob":-0.002,"bolussnooze":0,"activity":-1.0E-4,"lastBolusTime":1703665433804,"time":"2023-12-27T14:13:05.482Z","iobWithZeroTemp":{"iob":-0.349,"basaliob":-0.349,"bolussnooze":0,"activity":-0.0044,"lastBolusTime":1703665433804,"time":"2023-12-27T14:13:05.482Z"}}],"profile":{"max_iob":10,"type":"current","max_daily_basal":0.35,"max_basal":0.8,"min_bg":130,"max_bg":130,"target_bg":130,"carb_ratio":8.2,"sens":110,"max_daily_safety_multiplier":3,"current_basal_safety_multiplier":4,"lgsThreshold":95,"high_temptarget_raises_sensitivity":true,"low_temptarget_lowers_sensitivity":true,"sensitivity_raises_target":true,"resistance_lowers_target":true,"adv_target_adjustments":false,"exercise_mode":false,"half_basal_exercise_target":160,"maxCOB":120,"skip_neutral_temps":false,"remainingCarbsCap":90,"enableUAM":true,"A52_risk_enable":false,"SMBInterval":3,"enableSMB_with_COB":true,"enableSMB_with_temptarget":true,"allowSMB_with_high_temptarget":false,"enableSMB_always":false,"enableSMB_after_carbs":true,"maxSMBBasalMinutes":30,"maxUAMSMBBasalMinutes":40,"bolus_increment":0.05,"carbsReqThreshold":4,"current_basal":0.2,"temptargetSet":true,"autosens_max":1.3,"autosens_min":0.7,"variable_sens":153.8,"insulinDivisor":75,"TDD":14.304745827380954},"autosens_data":{"ratio":1.298898912012317},"meal_data":{"carbs":15,"mealCOB":1.1498272727272694,"slopeFromMaxDeviation":-1.0510000000000002,"slopeFromMinDeviation":1.7405000000000002,"lastBolusTime":1703665433804,"lastCarbTime":1703665432071},"microBolusAllowed":true,"currentTime":1703672286196,"flatBGsDetected":false,"tdd1D":21.236583333333336,"tdd7D":16.175559523809522,"tddLast24H":21.01041666666666,"tddLast4H":2.6374999999999997,"tddLast8to4H":1.1208333333333336},"output":{"temp":"absolute","bg":95,"tick":"+6","eventualBG":126,"targetBG":130,"insulinReq":0,"deliverAt":"2023-12-27T10:18:06.196Z","sensitivityRatio":0.67,"variable_sens":153.8,"predBGs":{"IOB":[95,100,106,111,115,119,122,125,127,128,129,129,128,127,126,125,125,124,124,123,123,123,123,123,122],"ZT":[95,90,86,82,79,76,73,70,68,67,66,65,65,65,65,66,67,68,69,71,73,75,77,79,82,84,87,89,92,94,97,100,102,105,108,110,113,116,118,121,124,126,129],"COB":[95,99,100,99,95,92,90,88,86,84,82,81,80,78,78,77,76,75,75,75,74,74,74,73],"UAM":[95,100,105,110,114,117,120,121,122,123,122,121,120,119,118,117,117,116,116,115,115,115,114]},"reason":"COB: 1.1, Dev: 66, BGI: -5, ISF: 154, CR: 8.2, Target: 130, minPredBG 111, minGuardBG 98, IOBpredBG 122, COBpredBG 73, UAMpredBG 114; Eventual BG 126 < 130, temp 0 ~< req 0.03U\/hr. ","COB":1.1498272727272694,"IOB":0.23,"timestamp":"2023-12-27T10:18:06.209Z"}}