{"algorithm":"OpenAPSSMBDynamicISFPlugin","input":{"glucoseStatus":{"glucose":133,"noise":0,"delta":13.78,"short_avgdelta":13.78,"long_avgdelta":8.86,"date":1703526157000},"currenttemp":{"temp":"absolute","duration":20,"rate":0.5,"minutesrunning":10},"iob_data":[{"iob":0.002,"basaliob":-0.053,"bolussnooze":0,"activity":-1.0E-4,"lastBolusTime":1703520185271,"time":"2023-12-25T17:42:59.744Z","iobWithZeroTemp":{"iob":0.002,"basaliob":-0.053,"bolussnooze":0,"activity":-1.0E-4,"lastBolusTime":1703520185271,"time":"2023-12-25T17:42:59.744Z"}},{"iob":0.003,"basaliob":-0.046,"bolussnooze":0,"activity":-1.0E-4,"lastBolusTime":1703520185271,"time":"2023-12-25T17:47:59.744Z","iobWithZeroTemp":{"iob":-0.006,"basaliob":-0.055,"bolussnooze":0,"activity":-1.0E-4,"lastBolusTime":1703520185271,"time":"2023-12-25T17:47:59.744Z"}},{"iob":0.003,"basaliob":-0.04,"bolussnooze":0,"activity":0,"lastBolusTime":1703520185271,"time":"2023-12-25T17:52:59.744Z","iobWithZeroTemp":{"iob":-0.016,"basaliob":-0.059,"bolussnooze":0,"activity":0,"lastBolusTime":1703520185271,"time":"2023-12-25T17:52:59.744Z"}},{"iob":0.003,"basaliob":-0.035,"bolussnooze":0,"activity":0,"lastBolusTime":1703520185271,"time":"2023-12-25T17:57:59.744Z","iobWithZeroTemp":{"iob":-0.027,"basaliob":-0.065,"bolussnooze":0,"activity":-1.0E-4,"lastBolusTime":1703520185271,"time":"2023-12-25T17:57:59.744Z"}},{"iob":0.004,"basaliob":-0.03,"bolussnooze":0,"activity":0,"lastBolusTime":1703520185271,"time":"2023-12-25T18:02:59.744Z","iobWithZeroTemp":{"iob":-0.036,"basaliob":-0.07,"bolussnooze":0,"activity":-2.0E-4,"lastBolusTime":1703520185271,"time":"2023-12-25T18:02:59.744Z"}},{"iob":0.003,"basaliob":-0.026,"bolussnooze":0,"activity":0,"lastBolusTime":1703520185271,"time":"2023-12-25T18:07:59.744Z","iobWithZeroTemp":{"iob":-0.047,"basaliob":-0.076,"bolussnooze":0,"activity":-2.0E-4,"lastBolusTime":1703520185271,"time":"2023-12-25T18:07:59.744Z"}},{"iob":0.004,"basaliob":-0.022,"bolussnooze":0,"activity":0,"lastBolusTime":1703520185271,"time":"2023-12-25T18:12:59.744Z","iobWithZeroTemp":{"iob":-0.056,"basaliob":-0.082,"bolussnooze":0,"activity":-3.0E-4,"lastBolusTime":1703520185271,"time":"2023-12-25T18:12:59.744Z"}},{"iob":0.004,"basaliob":-0.019,"bolussnooze":0,"activity":0,"lastBolusTime":1703520185271,"time":"2023-12-25T18:17:59.744Z","iobWithZeroTemp":{"iob":-0.065,"basaliob":-0.088,"bolussnooze":0,"activity":-4.0E-4,"lastBolusTime":1703520185271,"time":"2023-12-25T18:17:59.744Z"}},{"iob":0.004,"basaliob":-0.016,"bolussnooze":0,"activity":0,"lastBolusTime":1703520185271,"time":"2023-12-25T18:22:59.744Z","iobWithZeroTemp":{"iob":-0.073,"basaliob":-0.093,"bolussnooze":0,"activity":-5.0E-4,"lastBolusTime":1703520185271,"time":"2023-12-25T18:22:59.744Z"}},{"iob":0.003,"basaliob":-0.014,"bolussnooze":0,"activity":0,"lastBolusTime":1703520185271,"time":"2023-12-25T18:27:59.744Z","iobWithZeroTemp":{"iob":-0.082,"basaliob":-0.099,"bolussnooze":0,"activity":-6.0E-4,"lastBolusTime":1703520185271,"time":"2023-12-25T18:27:59.744Z"}},{"iob":0.003,"basaliob":-0.012,"bolussnooze":0,"activity":0,"lastBolusTime":1703520185271,"time":"2023-12-25T18:32:59.744Z","iobWithZeroTemp":{"iob":-0.09,"basaliob":-0.105,"bolussnooze":0,"activity":-7.0E-4,"lastBolusTime":1703520185271,"time":"2023-12-25T18:32:59.744Z"}},{"iob":0.003,"basaliob":-0.01,"bolussnooze":0,"activity":1.0E-4,"lastBolusTime":1703520185271,"time":"2023-12-25T18:37:59.744Z","iobWithZeroTemp":{"iob":-0.097,"basaliob":-0.11,"bolussnooze":0,"activity":-7.0E-4,"lastBolusTime":1703520185271,"time":"2023-12-25T18:37:59.744Z"}},{"iob":0.003,"basaliob":-0.008,"bolussnooze":0,"activity":0,"lastBolusTime":1703520185271,"time":"2023-12-25T18:42:59.744Z","iobWithZeroTemp":{"iob":-0.104,"basaliob":-0.115,"bolussnooze":0,"activity":-9.0E-4,"lastBolusTime":1703520185271,"time":"2023-12-25T18:42:59.744Z"}},{"iob":0.003,"basaliob":-0.007,"bolussnooze":0,"activity":0,"lastBolusTime":1703520185271,"time":"2023-12-25T18:47:59.744Z","iobWithZeroTemp":{"iob":-0.111,"basaliob":-0.121,"bolussnooze":0,"activity":-9.0E-4,"lastBolusTime":1703520185271,"time":"2023-12-25T18:47:59.744Z"}},{"iob":0.002,"basaliob":-0.006,"bolussnooze":0,"activity":1.0E-4,"lastBolusTime":1703520185271,"time":"2023-12-25T18:52:59.744Z","iobWithZeroTemp":{"iob":-0.117,"basaliob":-0.125,"bolussnooze":0,"activity":-9.0E-4,"lastBolusTime":1703520185271,"time":"2023-12-25T18:52:59.744Z"}},{"iob":0.002,"basaliob":-0.005,"bolussnooze":0,"activity":0,"lastBolusTime":1703520185271,"time":"2023-12-25T18:57:59.744Z","iobWithZeroTemp":{"iob":-0.123,"basaliob":-0.13,"bolussnooze":0,"activity":-0.0011,"lastBolusTime":1703520185271,"time":"2023-12-25T18:57:59.744Z"}},{"iob":0.002,"basaliob":-0.004,"bolussnooze":0,"activity":0,"lastBolusTime":1703520185271,"time":"2023-12-25T19:02:59.744Z","iobWithZeroTemp":{"iob":-0.142,"basaliob":-0.148,"bolussnooze":0,"activity":-0.0012,"lastBolusTime":1703520185271,"time":"2023-12-25T19:02:59.744Z"}},{"iob":0.002,"basaliob":-0.003,"bolussnooze":0,"activity":1.0E-4,"lastBolusTime":1703520185271,"time":"2023-12-25T19:07:59.744Z","iobWithZeroTemp":{"iob":-0.16,"basaliob":-0.165,"bolussnooze":0,"activity":-0.0012,"lastBolusTime":1703520185271,"time":"2023-12-25T19:07:59.744Z"}},{"iob":0.002,"basaliob":-0.002,"bolussnooze":0,"activity":0,"lastBolusTime":1703520185271,"time":"2023-12-25T19:12:59.744Z","iobWithZeroTemp":{"iob":-0.178,"basaliob":-0.182,"bolussnooze":0,"activity":-0.0015,"lastBolusTime":1703520185271,"time":"2023-12-25T19:12:59.744Z"}},{"iob":0.002,"basaliob":-0.002,"bolussnooze":0,"activity":0,"lastBolusTime":1703520185271,"time":"2023-12-25T19:17:59.744Z","iobWithZeroTemp":{"iob":-0.194,"basaliob":-0.198,"bolussnooze":0,"activity":-0.0016,"lastBolusTime":1703520185271,"time":"2023-12-25T19:17:59.744Z"}},{"iob":0.002,"basaliob":-0.001,"bolussnooze":0,"activity":0,"lastBolusTime":1703520185271,"time":"2023-12-25T19:22:59.744Z","iobWithZeroTemp":{"iob":-0.211,"basaliob":-0.214,"bolussnooze":0,"activity":-0.0018,"lastBolusTime":1703520185271,"time":"2023-12-25T19:22:59.744Z"}},{"iob":0.002,"basaliob":-0.001,"bolussnooze":0,"activity":0,"lastBolusTime":1703520185271,"time":"2023-12-25T19:27:59.744Z","iobWithZeroTemp":{"iob":-0.226,"basaliob":-0.229,"bolussnooze":0,"activity":-0.0019,"lastBolusTime":1703520185271,"time":"2023-12-25T19:27:59.744Z"}},{"iob":0.002,"basaliob":0,"bolussnooze":0,"activity":0,"lastBolusTime":1703520185271,"time":"2023-12-25T19:32:59.744Z","iobWithZeroTemp":{"iob":-0.241,"basaliob":-0.243,"bolussnooze":0,"activity":-0.0021,"lastBolusTime":1703520185271,"time":"2023-12-25T19:32:59.744Z"}},{"iob":0.002,"basaliob":0,"bolussnooze":0,"activity":0,"lastBolusTime":1703520185271,"time":"2023-12-25T19:37:59.744Z","iobWithZeroTemp":{"iob":-0.254,"basaliob":-0.256,"bolussnooze":0,"activity":-0.0023,"lastBolusTime":1703520185271,"time":"2023-12-25T19:37:59.744Z"}},{"iob":0.001,"basaliob":0,"bolussnooze":0,"activity":1.0E-4,"lastBolusTime":1703520185271,"time":"2023-12-25T19:42:59.744Z","iobWithZeroTemp":{"iob":-0.268,"basaliob":-0.269,"bolussnooze":0,"activity":-0.0023,"lastBolusTime":1703520185271,"time":"2023-12-25T19:42:59.744Z"}},{"iob":0.001,"basaliob":0,"bolussnooze":0,"activity":0,"lastBolusTime":1703520185271,"time":"2023-12-25T19:47:59.744Z","iobWithZeroTemp":{"iob":-0.28,"basaliob":-0.281,"bolussnooze":0,"activity":-0.0026,"lastBolusTime":1703520185271,"time":"2023-12-25T19:47:59.744Z"}},{"iob":0.001,"basaliob":0,"bolussnooze":0,"activity":0,"lastBolusTime":1703520185271,"time":"2023-12-25T19:52:59.744Z","iobWithZeroTemp":{"iob":-0.292,"basaliob":-0.293,"bolussnooze":0,"activity":-0.0027,"lastBolusTime":1703520185271,"time":"2023-12-25T19:52:59.744Z"}},{"iob":0.002,"basaliob":0.001,"bolussnooze":0,"activity":0,"lastBolusTime":1703520185271,"time":"2023-12-25T19:57:59.744Z","iobWithZeroTemp":{"iob":-0.301,"basaliob":-0.302,"bolussnooze":0,"activity":-0.0029,"lastBolusTime":1703520185271,"time":"2023-12-25T19:57:59.744Z"}},{"iob":0.002,"basaliob":0.001,"bolussnooze":0,"activity":0,"lastBolusTime":1703520185271,"time":"2023-12-25T20:02:59.744Z","iobWithZeroTemp":{"iob":-0.315,"basaliob":-0.316,"bolussnooze":0,"activity":-0.003,"lastBolusTime":1703520185271,"time":"2023-12-25T20:02:59.744Z"}},{"iob":0.002,"basaliob":0.001,"bolussnooze":0,"activity":0,"lastBolusTime":1703520185271,"time":"2023-12-25T20:07:59.744Z","iobWithZeroTemp":{"iob":-0.328,"basaliob":-0.329,"bolussnooze":0,"activity":-0.0032,"lastBolusTime":1703520185271,"time":"2023-12-25T20:07:59.744Z"}},{"iob":0.002,"basaliob":0.001,"bolussnooze":0,"activity":0,"lastBolusTime":1703520185271,"time":"2023-12-25T20:12:59.744Z","iobWithZeroTemp":{"iob":-0.34,"basaliob":-0.341,"bolussnooze":0,"activity":-0.0033,"lastBolusTime":1703520185271,"time":"2023-12-25T20:12:59.744Z"}},{"iob":0.001,"basaliob":0.001,"bolussnooze":0,"activity":0,"lastBolusTime":1703520185271,"time":"2023-12-25T20:17:59.744Z","iobWithZeroTemp":{"iob":-0.352,"basaliob":-0.352,"bolussnooze":0,"activity":-0.0035,"lastBolusTime":1703520185271,"time":"2023-12-25T20:17:59.744Z"}},{"iob":0.001,"basaliob":0.001,"bolussnooze":0,"activity":0,"lastBolusTime":1703520185271,"time":"2023-12-25T20:22:59.744Z","iobWithZeroTemp":{"iob":-0.362,"basaliob":-0.362,"bolussnooze":0,"activity":-0.0036,"lastBolusTime":1703520185271,"time":"2023-12-25T20:22:59.744Z"}},{"iob":0.001,"basaliob":0.001,"bolussnooze":0,"activity":0,"lastBolusTime":1703520185271,"time":"2023-12-25T20:27:59.744Z","iobWithZeroTemp":{"iob":-0.372,"basaliob":-0.372,"bolussnooze":0,"activity":-0.0038,"lastBolusTime":1703520185271,"time":"2023-12-25T20:27:59.744Z"}},{"iob":0.001,"basaliob":0.001,"bolussnooze":0,"activity":0,"lastBolusTime":1703520185271,"time":"2023-12-25T20:32:59.744Z","iobWithZeroTemp":{"iob":-0.381,"basaliob":-0.381,"bolussnooze":0,"activity":-0.0039,"lastBolusTime":1703520185271,"time":"2023-12-25T20:32:59.744Z"}},{"iob":0.001,"basaliob":0.001,"bolussnooze":0,"activity":0,"lastBolusTime":1703520185271,"time":"2023-12-25T20:37:59.744Z","iobWithZeroTemp":{"iob":-0.39,"basaliob":-0.39,"bolussnooze":0,"activity":-0.004,"lastBolusTime":1703520185271,"time":"2023-12-25T20:37:59.744Z"}},{"iob":0.001,"basaliob":0.001,"bolussnooze":0,"activity":0,"lastBolusTime":1703520185271,"time":"2023-12-25T20:42:59.744Z","iobWithZeroTemp":{"iob":-0.398,"basaliob":-0.398,"bolussnooze":0,"activity":-0.0042,"lastBolusTime":1703520185271,"time":"2023-12-25T20:42:59.744Z"}},{"iob":0.001,"basaliob":0.001,"bolussnooze":0,"activity":0,"lastBolusTime":1703520185271,"time":"2023-12-25T20:47:59.744Z","iobWithZeroTemp":{"iob":-0.405,"basaliob":-0.405,"bolussnooze":0,"activity":-0.0043,"lastBolusTime":1703520185271,"time":"2023-12-25T20:47:59.744Z"}},{"iob":0.001,"basaliob":0.001,"bolussnooze":0,"activity":0,"lastBolusTime":1703520185271,"time":"2023-12-25T20:52:59.744Z","iobWithZeroTemp":{"iob":-0.412,"basaliob":-0.412,"bolussnooze":0,"activity":-0.0044,"lastBolusTime":1703520185271,"time":"2023-12-25T20:52:59.744Z"}},{"iob":0.001,"basaliob":0.001,"bolussnooze":0,"activity":0,"lastBolusTime":1703520185271,"time":"2023-12-25T20:57:59.744Z","iobWithZeroTemp":{"iob":-0.418,"basaliob":-0.418,"bolussnooze":0,"activity":-0.0045,"lastBolusTime":1703520185271,"time":"2023-12-25T20:57:59.744Z"}},{"iob":0.001,"basaliob":0.001,"bolussnooze":0,"activity":0,"lastBolusTime":1703520185271,"time":"2023-12-25T21:02:59.744Z","iobWithZeroTemp":{"iob":-0.42,"basaliob":-0.42,"bolussnooze":0,"activity":-0.0046,"lastBolusTime":1703520185271,"time":"2023-12-25T21:02:59.744Z"}},{"iob":0.001,"basaliob":0.001,"bolussnooze":0,"activity":0,"lastBolusTime":1703520185271,"time":"2023-12-25T21:07:59.744Z","iobWithZeroTemp":{"iob":-0.421,"basaliob":-0.421,"bolussnooze":0,"activity":-0.0047,"lastBolusTime":1703520185271,"time":"2023-12-25T21:07:59.744Z"}},{"iob":0.001,"basaliob":0.001,"bolussnooze":0,"activity":0,"lastBolusTime":1703520185271,"time":"2023-12-25T21:12:59.744Z","iobWithZeroTemp":{"iob":-0.422,"basaliob":-0.422,"bolussnooze":0,"activity":-0.0047,"lastBolusTime":1703520185271,"time":"2023-12-25T21:12:59.744Z"}},{"iob":0.001,"basaliob":0.001,"bolussnooze":0,"activity":0,"lastBolusTime":1703520185271,"time":"2023-12-25T21:17:59.744Z","iobWithZeroTemp":{"iob":-0.423,"basaliob":-0.423,"bolussnooze":0,"activity":-0.0048,"lastBolusTime":1703520185271,"time":"2023-12-25T21:17:59.744Z"}},{"iob":0.001,"basaliob":0.001,"bolussnooze":0,"activity":0,"lastBolusTime":1703520185271,"time":"2023-12-25T21:22:59.744Z","iobWithZeroTemp":{"iob":-0.423,"basaliob":-0.423,"bolussnooze":0,"activity":-0.0048,"lastBolusTime":1703520185271,"time":"2023-12-25T21:22:59.744Z"}},{"iob":0,"basaliob":0,"bolussnooze":0,"activity":0,"lastBolusTime":1703520185271,"time":"2023-12-25T21:27:59.744Z","iobWithZeroTemp":{"iob":-0.424,"basaliob":-0.424,"bolussnooze":0,"activity":-0.0049,"lastBolusTime":1703520185271,"time":"2023-12-25T21:27:59.744Z"}},{"iob":0,"basaliob":0,"bolussnooze":0,"activity":0,"lastBolusTime":1703520185271,"time":"2023-12-25T21:32:59.744Z","iobWithZeroTemp":{"iob":-0.424,"basaliob":-0.424,"bolussnooze":0,"activity":-0.0049,"lastBolusTime":1703520185271,"time":"2023-12-25T21:32:59.744Z"}},{"iob":0,"basaliob":0,"bolussnooze":0,"activity":0,"lastBolusTime":1703520185271,"time":"2023-12-25T21:37:59.744Z","iobWithZeroTemp":{"iob":-0.424,"basaliob":-0.424,"bolussnooze":0,"activity":-0.0049,"lastBolusTime":1703520185271,"time":"2023-12-25T21:37:59.744Z"}}],"profile":{"max_iob":10,"type":"current","max_daily_basal":0.41,"max_basal":0.5,"min_bg":130,"max_bg":130,"target_bg":130,"carb_ratio":7.639,"sens":140.517,"max_daily_safety_multiplier":3,"current_basal_safety_multiplier":4,"lgsThreshold":95,"high_temptarget_raises_sensitivity":true,"low_temptarget_lowers_sensitivity":true,"sensitivity_raises_target":true,"resistance_lowers_target":true,"adv_target_adjustments":false,"exercise_mode":false,"half_basal_exercise_target":160,"maxCOB":120,"skip_neutral_temps":false,"remainingCarbsCap":90,"enableUAM":true,"A52_risk_enable":false,"SMBInterval":3,"enableSMB_with_COB":true,"enableSMB_with_temptarget":true,"allowSMB_with_high_temptarget":false,"enableSMB_always":false,"enableSMB_after_carbs":true,"maxSMBBasalMinutes":30,"maxUAMSMBBasalMinutes":40,"bolus_increment":0.05,"carbsReqThreshold":4,"current_basal":0.15,"temptargetSet":true,"autosens_max":1.3,"autosens_min":0.7,"variable_sens":133.7,"insulinDivisor":75,"TDD":13.195239511904761},"autosens_data":{"ratio":0.9898768788352595},"meal_data":{"carbs":0,"mealCOB":0,"slopeFromMaxDeviation":0,"slopeFromMinDeviation":3.6094999999999993,"lastBolusTime":1703520185271,"lastCarbTime":0},"microBolusAllowed":true,"currentTime":1703526180403,"flatBGsDetected":false,"tdd1D":15.581666666666663,"tdd7D":15.151547619047617,"tddLast24H":14.998166666666664,"tddLast4H":1.7308333333333334,"tddLast8to4H":4.766666666666667},"output":{"temp":"absolute","bg":133,"tick":"+14","eventualBG":215,"targetBG":130,"insulinReq":0.57,"deliverAt":"2023-12-25T17:43:00.403Z","sensitivityRatio":0.67,"variable_sens":133.7,"predBGs":{"IOB":[133,146,157,167,177,185,191,197,202,205,207,208,208],"ZT":[133,133,133,133,133,133,133,134,134,134,135,135,136,136,137,137],"UAM":[133,146,157,167,176,184,190,195,199,202,204,204,204]},"reason":"COB: 0, Dev: 82, BGI: 0, ISF: 134, CR: 7.64, Target: 130, minPredBG 206, minGuardBG 146, IOBpredBG 208, UAMpredBG 204; Eventual BG 215 >= 130, adj. req. rate: 1.24 to maxSafeBasal: 0.5, temp 0.50 >~ req 0.5U\/hr. ","COB":0,"IOB":0.002,"timestamp":"2023-12-25T17:43:00.417Z"}}