{"algorithm":"OpenAPSSMBDynamicISFPlugin","input":{"glucoseStatus":{"glucose":158,"noise":0,"delta":-0.28,"short_avgdelta":-0.28,"long_avgdelta":-0.21,"date":1703631160000},"currenttemp":{"temp":"absolute","duration":115,"rate":0,"minutesrunning":5},"iob_data":[{"iob":1.488,"basaliob":-0.187,"bolussnooze":0.6858,"activity":0.0145,"lastBolusTime":1703630626447,"time":"2023-12-26T22:53:04.329Z","iobWithZeroTemp":{"iob":1.488,"basaliob":-0.187,"bolussnooze":0.6858,"activity":0.0145,"lastBolusTime":1703630626447,"time":"2023-12-26T22:53:04.329Z"}},{"iob":1.415,"basaliob":-0.171,"bolussnooze":0.6224,"activity":0.0151,"lastBolusTime":1703630626447,"time":"2023-12-26T22:58:04.329Z","iobWithZeroTemp":{"iob":1.398,"basaliob":-0.188,"bolussnooze":0.6224,"activity":0.0151,"lastBolusTime":1703630626447,"time":"2023-12-26T22:58:04.329Z"}},{"iob":1.339,"basaliob":-0.157,"bolussnooze":0.5554,"activity":0.0153,"lastBolusTime":1703630626447,"time":"2023-12-26T23:03:04.329Z","iobWithZeroTemp":{"iob":1.302,"basaliob":-0.194,"bolussnooze":0.5554,"activity":0.0152,"lastBolusTime":1703630626447,"time":"2023-12-26T23:03:04.329Z"}},{"iob":1.262,"basaliob":-0.144,"bolussnooze":0.4889,"activity":0.0153,"lastBolusTime":1703630626447,"time":"2023-12-26T23:08:04.329Z","iobWithZeroTemp":{"iob":1.204,"basaliob":-0.202,"bolussnooze":0.4889,"activity":0.0151,"lastBolusTime":1703630626447,"time":"2023-12-26T23:08:04.329Z"}},{"iob":1.185,"basaliob":-0.132,"bolussnooze":0.4254,"activity":0.0151,"lastBolusTime":1703630626447,"time":"2023-12-26T23:13:04.329Z","iobWithZeroTemp":{"iob":1.108,"basaliob":-0.209,"bolussnooze":0.4254,"activity":0.0148,"lastBolusTime":1703630626447,"time":"2023-12-26T23:13:04.329Z"}},{"iob":1.11,"basaliob":-0.12,"bolussnooze":0.3665,"activity":0.0149,"lastBolusTime":1703630626447,"time":"2023-12-26T23:18:04.329Z","iobWithZeroTemp":{"iob":1.014,"basaliob":-0.216,"bolussnooze":0.3665,"activity":0.0145,"lastBolusTime":1703630626447,"time":"2023-12-26T23:18:04.329Z"}},{"iob":1.036,"basaliob":-0.11,"bolussnooze":0.313,"activity":0.0145,"lastBolusTime":1703630626447,"time":"2023-12-26T23:23:04.329Z","iobWithZeroTemp":{"iob":0.922,"basaliob":-0.224,"bolussnooze":0.313,"activity":0.0139,"lastBolusTime":1703630626447,"time":"2023-12-26T23:23:04.329Z"}},{"iob":0.965,"basaliob":-0.1,"bolussnooze":0.2653,"activity":0.014,"lastBolusTime":1703630626447,"time":"2023-12-26T23:28:04.329Z","iobWithZeroTemp":{"iob":0.833,"basaliob":-0.232,"bolussnooze":0.2653,"activity":0.0132,"lastBolusTime":1703630626447,"time":"2023-12-26T23:28:04.329Z"}},{"iob":0.897,"basaliob":-0.091,"bolussnooze":0.2232,"activity":0.0134,"lastBolusTime":1703630626447,"time":"2023-12-26T23:33:04.329Z","iobWithZeroTemp":{"iob":0.748,"basaliob":-0.24,"bolussnooze":0.2232,"activity":0.0125,"lastBolusTime":1703630626447,"time":"2023-12-26T23:33:04.329Z"}},{"iob":0.832,"basaliob":-0.082,"bolussnooze":0.1865,"activity":0.0128,"lastBolusTime":1703630626447,"time":"2023-12-26T23:38:04.329Z","iobWithZeroTemp":{"iob":0.668,"basaliob":-0.246,"bolussnooze":0.1865,"activity":0.0117,"lastBolusTime":1703630626447,"time":"2023-12-26T23:38:04.329Z"}},{"iob":0.769,"basaliob":-0.075,"bolussnooze":0.1548,"activity":0.0122,"lastBolusTime":1703630626447,"time":"2023-12-26T23:43:04.329Z","iobWithZeroTemp":{"iob":0.59,"basaliob":-0.254,"bolussnooze":0.1548,"activity":0.0109,"lastBolusTime":1703630626447,"time":"2023-12-26T23:43:04.329Z"}},{"iob":0.71,"basaliob":-0.067,"bolussnooze":0.1278,"activity":0.0115,"lastBolusTime":1703630626447,"time":"2023-12-26T23:48:04.329Z","iobWithZeroTemp":{"iob":0.517,"basaliob":-0.26,"bolussnooze":0.1278,"activity":0.01,"lastBolusTime":1703630626447,"time":"2023-12-26T23:48:04.329Z"}},{"iob":0.654,"basaliob":-0.061,"bolussnooze":0.1049,"activity":0.0108,"lastBolusTime":1703630626447,"time":"2023-12-26T23:53:04.329Z","iobWithZeroTemp":{"iob":0.448,"basaliob":-0.267,"bolussnooze":0.1049,"activity":0.0092,"lastBolusTime":1703630626447,"time":"2023-12-26T23:53:04.329Z"}},{"iob":0.601,"basaliob":-0.055,"bolussnooze":0.0855,"activity":0.0103,"lastBolusTime":1703630626447,"time":"2023-12-26T23:58:04.329Z","iobWithZeroTemp":{"iob":0.383,"basaliob":-0.273,"bolussnooze":0.0855,"activity":0.0085,"lastBolusTime":1703630626447,"time":"2023-12-26T23:58:04.329Z"}},{"iob":0.552,"basaliob":-0.049,"bolussnooze":0.0694,"activity":0.0096,"lastBolusTime":1703630626447,"time":"2023-12-27T00:03:04.329Z","iobWithZeroTemp":{"iob":0.326,"basaliob":-0.275,"bolussnooze":0.0694,"activity":0.0076,"lastBolusTime":1703630626447,"time":"2023-12-27T00:03:04.329Z"}},{"iob":0.506,"basaliob":-0.044,"bolussnooze":0.056,"activity":0.0089,"lastBolusTime":1703630626447,"time":"2023-12-27T00:08:04.329Z","iobWithZeroTemp":{"iob":0.274,"basaliob":-0.276,"bolussnooze":0.056,"activity":0.0068,"lastBolusTime":1703630626447,"time":"2023-12-27T00:08:04.329Z"}},{"iob":0.462,"basaliob":-0.04,"bolussnooze":0.0449,"activity":0.0083,"lastBolusTime":1703630626447,"time":"2023-12-27T00:13:04.329Z","iobWithZeroTemp":{"iob":0.224,"basaliob":-0.278,"bolussnooze":0.0449,"activity":0.0061,"lastBolusTime":1703630626447,"time":"2023-12-27T00:13:04.329Z"}},{"iob":0.421,"basaliob":-0.036,"bolussnooze":0.0358,"activity":0.0077,"lastBolusTime":1703630626447,"time":"2023-12-27T00:18:04.329Z","iobWithZeroTemp":{"iob":0.178,"basaliob":-0.279,"bolussnooze":0.0358,"activity":0.0053,"lastBolusTime":1703630626447,"time":"2023-12-27T00:18:04.329Z"}},{"iob":0.384,"basaliob":-0.032,"bolussnooze":0.0284,"activity":0.0072,"lastBolusTime":1703630626447,"time":"2023-12-27T00:23:04.329Z","iobWithZeroTemp":{"iob":0.136,"basaliob":-0.28,"bolussnooze":0.0284,"activity":0.0047,"lastBolusTime":1703630626447,"time":"2023-12-27T00:23:04.329Z"}},{"iob":0.35,"basaliob":-0.028,"bolussnooze":0.0223,"activity":0.0066,"lastBolusTime":1703630626447,"time":"2023-12-27T00:28:04.329Z","iobWithZeroTemp":{"iob":0.098,"basaliob":-0.28,"bolussnooze":0.0223,"activity":0.004,"lastBolusTime":1703630626447,"time":"2023-12-27T00:28:04.329Z"}},{"iob":0.318,"basaliob":-0.025,"bolussnooze":0.0173,"activity":0.0061,"lastBolusTime":1703630626447,"time":"2023-12-27T00:33:04.329Z","iobWithZeroTemp":{"iob":0.062,"basaliob":-0.281,"bolussnooze":0.0173,"activity":0.0035,"lastBolusTime":1703630626447,"time":"2023-12-27T00:33:04.329Z"}},{"iob":0.288,"basaliob":-0.023,"bolussnooze":0.0133,"activity":0.0057,"lastBolusTime":1703630626447,"time":"2023-12-27T00:38:04.329Z","iobWithZeroTemp":{"iob":0.029,"basaliob":-0.282,"bolussnooze":0.0133,"activity":0.003,"lastBolusTime":1703630626447,"time":"2023-12-27T00:38:04.329Z"}},{"iob":0.261,"basaliob":-0.02,"bolussnooze":0.0102,"activity":0.0052,"lastBolusTime":1703630626447,"time":"2023-12-27T00:43:04.329Z","iobWithZeroTemp":{"iob":-0.001,"basaliob":-0.282,"bolussnooze":0.0102,"activity":0.0024,"lastBolusTime":1703630626447,"time":"2023-12-27T00:43:04.329Z"}},{"iob":0.236,"basaliob":-0.018,"bolussnooze":0.0076,"activity":0.0048,"lastBolusTime":1703630626447,"time":"2023-12-27T00:48:04.329Z","iobWithZeroTemp":{"iob":-0.028,"basaliob":-0.282,"bolussnooze":0.0076,"activity":0.0019,"lastBolusTime":1703630626447,"time":"2023-12-27T00:48:04.329Z"}},{"iob":0.213,"basaliob":-0.016,"bolussnooze":0.0056,"activity":0.0044,"lastBolusTime":1703630626447,"time":"2023-12-27T00:53:04.329Z","iobWithZeroTemp":{"iob":-0.054,"basaliob":-0.283,"bolussnooze":0.0056,"activity":0.0015,"lastBolusTime":1703630626447,"time":"2023-12-27T00:53:04.329Z"}},{"iob":0.192,"basaliob":-0.014,"bolussnooze":0.0041,"activity":0.004,"lastBolusTime":1703630626447,"time":"2023-12-27T00:58:04.329Z","iobWithZeroTemp":{"iob":-0.077,"basaliob":-0.283,"bolussnooze":0.0041,"activity":0.001,"lastBolusTime":1703630626447,"time":"2023-12-27T00:58:04.329Z"}},{"iob":0.173,"basaliob":-0.012,"bolussnooze":0.0029,"activity":0.0037,"lastBolusTime":1703630626447,"time":"2023-12-27T01:03:04.329Z","iobWithZeroTemp":{"iob":-0.093,"basaliob":-0.278,"bolussnooze":0.0029,"activity":7.0E-4,"lastBolusTime":1703630626447,"time":"2023-12-27T01:03:04.329Z"}},{"iob":0.155,"basaliob":-0.011,"bolussnooze":0.002,"activity":0.0033,"lastBolusTime":1703630626447,"time":"2023-12-27T01:08:04.329Z","iobWithZeroTemp":{"iob":-0.109,"basaliob":-0.275,"bolussnooze":0.002,"activity":3.0E-4,"lastBolusTime":1703630626447,"time":"2023-12-27T01:08:04.329Z"}},{"iob":0.14,"basaliob":-0.009,"bolussnooze":0.0013,"activity":0.003,"lastBolusTime":1703630626447,"time":"2023-12-27T01:13:04.329Z","iobWithZeroTemp":{"iob":-0.121,"basaliob":-0.27,"bolussnooze":0.0013,"activity":0,"lastBolusTime":1703630626447,"time":"2023-12-27T01:13:04.329Z"}},{"iob":0.125,"basaliob":-0.008,"bolussnooze":8.0E-4,"activity":0.0028,"lastBolusTime":1703630626447,"time":"2023-12-27T01:18:04.329Z","iobWithZeroTemp":{"iob":-0.133,"basaliob":-0.266,"bolussnooze":8.0E-4,"activity":-3.0E-4,"lastBolusTime":1703630626447,"time":"2023-12-27T01:18:04.329Z"}},{"iob":0.112,"basaliob":-0.007,"bolussnooze":5.0E-4,"activity":0.0025,"lastBolusTime":1703630626447,"time":"2023-12-27T01:23:04.329Z","iobWithZeroTemp":{"iob":-0.144,"basaliob":-0.263,"bolussnooze":5.0E-4,"activity":-6.0E-4,"lastBolusTime":1703630626447,"time":"2023-12-27T01:23:04.329Z"}},{"iob":0.1,"basaliob":-0.006,"bolussnooze":2.0E-4,"activity":0.0022,"lastBolusTime":1703630626447,"time":"2023-12-27T01:28:04.329Z","iobWithZeroTemp":{"iob":-0.153,"basaliob":-0.259,"bolussnooze":2.0E-4,"activity":-8.0E-4,"lastBolusTime":1703630626447,"time":"2023-12-27T01:28:04.329Z"}},{"iob":0.09,"basaliob":-0.005,"bolussnooze":1.0E-4,"activity":0.002,"lastBolusTime":1703630626447,"time":"2023-12-27T01:33:04.329Z","iobWithZeroTemp":{"iob":-0.16,"basaliob":-0.255,"bolussnooze":1.0E-4,"activity":-0.001,"lastBolusTime":1703630626447,"time":"2023-12-27T01:33:04.329Z"}},{"iob":0.079,"basaliob":-0.005,"bolussnooze":0,"activity":0.0019,"lastBolusTime":1703630626447,"time":"2023-12-27T01:38:04.329Z","iobWithZeroTemp":{"iob":-0.169,"basaliob":-0.253,"bolussnooze":0,"activity":-0.0011,"lastBolusTime":1703630626447,"time":"2023-12-27T01:38:04.329Z"}},{"iob":0.071,"basaliob":-0.004,"bolussnooze":0,"activity":0.0017,"lastBolusTime":1703630626447,"time":"2023-12-27T01:43:04.329Z","iobWithZeroTemp":{"iob":-0.174,"basaliob":-0.249,"bolussnooze":0,"activity":-0.0013,"lastBolusTime":1703630626447,"time":"2023-12-27T01:43:04.329Z"}},{"iob":0.063,"basaliob":-0.003,"bolussnooze":0,"activity":0.0015,"lastBolusTime":1703630626447,"time":"2023-12-27T01:48:04.329Z","iobWithZeroTemp":{"iob":-0.18,"basaliob":-0.246,"bolussnooze":0,"activity":-0.0015,"lastBolusTime":1703630626447,"time":"2023-12-27T01:48:04.329Z"}},{"iob":0.055,"basaliob":-0.003,"bolussnooze":0,"activity":0.0014,"lastBolusTime":1703630626447,"time":"2023-12-27T01:53:04.329Z","iobWithZeroTemp":{"iob":-0.185,"basaliob":-0.243,"bolussnooze":0,"activity":-0.0016,"lastBolusTime":1703630626447,"time":"2023-12-27T01:53:04.329Z"}},{"iob":0.049,"basaliob":-0.002,"bolussnooze":0,"activity":0.0012,"lastBolusTime":1703630626447,"time":"2023-12-27T01:58:04.329Z","iobWithZeroTemp":{"iob":-0.189,"basaliob":-0.24,"bolussnooze":0,"activity":-0.0017,"lastBolusTime":1703630626447,"time":"2023-12-27T01:58:04.329Z"}},{"iob":0.043,"basaliob":-0.002,"bolussnooze":0,"activity":0.0011,"lastBolusTime":1703630626447,"time":"2023-12-27T02:03:04.329Z","iobWithZeroTemp":{"iob":-0.197,"basaliob":-0.242,"bolussnooze":0,"activity":-0.0018,"lastBolusTime":1703630626447,"time":"2023-12-27T02:03:04.329Z"}},{"iob":0.038,"basaliob":-0.002,"bolussnooze":0,"activity":9.0E-4,"lastBolusTime":1703630626447,"time":"2023-12-27T02:08:04.329Z","iobWithZeroTemp":{"iob":-0.204,"basaliob":-0.244,"bolussnooze":0,"activity":-0.002,"lastBolusTime":1703630626447,"time":"2023-12-27T02:08:04.329Z"}},{"iob":0.034,"basaliob":-0.001,"bolussnooze":0,"activity":8.0E-4,"lastBolusTime":1703630626447,"time":"2023-12-27T02:13:04.329Z","iobWithZeroTemp":{"iob":-0.21,"basaliob":-0.245,"bolussnooze":0,"activity":-0.0021,"lastBolusTime":1703630626447,"time":"2023-12-27T02:13:04.329Z"}},{"iob":0.029,"basaliob":-0.001,"bolussnooze":0,"activity":8.0E-4,"lastBolusTime":1703630626447,"time":"2023-12-27T02:18:04.329Z","iobWithZeroTemp":{"iob":-0.218,"basaliob":-0.248,"bolussnooze":0,"activity":-0.0021,"lastBolusTime":1703630626447,"time":"2023-12-27T02:18:04.329Z"}},{"iob":0.025,"basaliob":-0.001,"bolussnooze":0,"activity":7.0E-4,"lastBolusTime":1703630626447,"time":"2023-12-27T02:23:04.329Z","iobWithZeroTemp":{"iob":-0.224,"basaliob":-0.25,"bolussnooze":0,"activity":-0.0022,"lastBolusTime":1703630626447,"time":"2023-12-27T02:23:04.329Z"}},{"iob":0.022,"basaliob":-0.001,"bolussnooze":0,"activity":7.0E-4,"lastBolusTime":1703630626447,"time":"2023-12-27T02:28:04.329Z","iobWithZeroTemp":{"iob":-0.229,"basaliob":-0.252,"bolussnooze":0,"activity":-0.0022,"lastBolusTime":1703630626447,"time":"2023-12-27T02:28:04.329Z"}},{"iob":0.019,"basaliob":-0.001,"bolussnooze":0,"activity":6.0E-4,"lastBolusTime":1703630626447,"time":"2023-12-27T02:33:04.329Z","iobWithZeroTemp":{"iob":-0.234,"basaliob":-0.254,"bolussnooze":0,"activity":-0.0023,"lastBolusTime":1703630626447,"time":"2023-12-27T02:33:04.329Z"}},{"iob":0.016,"basaliob":-0.001,"bolussnooze":0,"activity":5.0E-4,"lastBolusTime":1703630626447,"time":"2023-12-27T02:38:04.329Z","iobWithZeroTemp":{"iob":-0.239,"basaliob":-0.256,"bolussnooze":0,"activity":-0.0025,"lastBolusTime":1703630626447,"time":"2023-12-27T02:38:04.329Z"}},{"iob":0.015,"basaliob":0,"bolussnooze":0,"activity":4.0E-4,"lastBolusTime":1703630626447,"time":"2023-12-27T02:43:04.329Z","iobWithZeroTemp":{"iob":-0.241,"basaliob":-0.256,"bolussnooze":0,"activity":-0.0026,"lastBolusTime":1703630626447,"time":"2023-12-27T02:43:04.329Z"}},{"iob":0.013,"basaliob":0,"bolussnooze":0,"activity":4.0E-4,"lastBolusTime":1703630626447,"time":"2023-12-27T02:48:04.329Z","iobWithZeroTemp":{"iob":-0.245,"basaliob":-0.258,"bolussnooze":0,"activity":-0.0026,"lastBolusTime":1703630626447,"time":"2023-12-27T02:48:04.329Z"}}],"profile":{"max_iob":10,"type":"current","max_daily_basal":0.35,"max_basal":1,"min_bg":75,"max_bg":75,"target_bg":75,"carb_ratio":8.2,"sens":110,"max_daily_safety_multiplier":3,"current_basal_safety_multiplier":4,"lgsThreshold":95,"high_temptarget_raises_sensitivity":true,"low_temptarget_lowers_sensitivity":true,"sensitivity_raises_target":true,"resistance_lowers_target":true,"adv_target_adjustments":false,"exercise_mode":false,"half_basal_exercise_target":160,"maxCOB":120,"skip_neutral_temps":false,"remainingCarbsCap":90,"enableUAM":true,"A52_risk_enable":false,"SMBInterval":3,"enableSMB_with_COB":true,"enableSMB_with_temptarget":true,"allowSMB_with_high_temptarget":false,"enableSMB_always":false,"enableSMB_after_carbs":true,"maxSMBBasalMinutes":30,"maxUAMSMBBasalMinutes":40,"bolus_increment":0.05,"carbsReqThreshold":4,"current_basal":0.25,"temptargetSet":true,"autosens_max":1.3,"autosens_min":0.7,"variable_sens":92,"insulinDivisor":75,"TDD":17.268304523809526},"autosens_data":{"ratio":1.4272380810987535},"meal_data":{"carbs":25,"mealCOB":0,"slopeFromMaxDeviation":-0.2317777777777777,"slopeFromMinDeviation":0.38350000000000023,"lastBolusTime":1703630626447,"lastCarbTime":1703625148854},"microBolusAllowed":true,"currentTime":1703631185743,"flatBGsDetected":false,"tdd1D":15.68566666666667,"tdd7D":15.075095238095239,"tddLast24H":21.515750000000004,"tddLast4H":5.8875,"tddLast8to4H":3.120833333333334},"output":{"temp":"absolute","bg":158,"tick":"+0","eventualBG":91,"targetBG":75,"insulinReq":0,"deliverAt":"2023-12-26T22:53:05.743Z","sensitivityRatio":1.3,"variable_sens":92,"predBGs":{"IOB":[158,157,156,153,150,147,143,139,134,129,123,117,111,104,98,92,86,81,75,70,65,59,54,49,44,40,39],"ZT":[158,151,144,137,129,122,114,106,98,90,83,75,67,60,52,45,39,39,39,39,39,39,39,39,39,39,39,39,39,39,39,39,39,39,39,39,39,39,39,39,39,39,39,39,39,39,39,39],"UAM":[158,158,156,155,153,152,150,148,145,143,141,139,137,135,133,131,129,127,125,124,122,120,118,117,115,113,111,109,107,106,104,102,101,100,99,98,97,96,95,94,94,93,93,92,92,91]},"reason":"COB: 0, Dev: 38, BGI: -7, ISF: 92, CR: 8.2, Target: 75, minPredBG 41, minGuardBG 91, IOBpredBG 39, UAMpredBG 91; minGuardBG 91<95 115m left and 0 ~ req 0U\/hr: no temp required","COB":0,"IOB":1.488,"timestamp":"2023-12-26T22:53:05.773Z"}}