{"algorithm":"OpenAPSSMBDynamicISFPlugin","input":{"glucoseStatus":{"glucose":109,"noise":0,"delta":7.61,"short_avgdelta":7.61,"long_avgdelta":4.31,"date":1703557359000},"currenttemp":{"temp":"absolute","duration":0,"rate":0},"iob_data":[{"iob":-0.236,"basaliob":-0.248,"bolussnooze":0,"activity":-0.0029,"lastBolusTime":1703545689361,"time":"2023-12-26T02:23:05.240Z","iobWithZeroTemp":{"iob":-0.236,"basaliob":-0.248,"bolussnooze":0,"activity":-0.0029,"lastBolusTime":1703545689361,"time":"2023-12-26T02:23:05.240Z"}},{"iob":-0.222,"basaliob":-0.232,"bolussnooze":0,"activity":-0.0028,"lastBolusTime":1703545689361,"time":"2023-12-26T02:28:05.240Z","iobWithZeroTemp":{"iob":-0.234,"basaliob":-0.244,"bolussnooze":0,"activity":-0.0028,"lastBolusTime":1703545689361,"time":"2023-12-26T02:28:05.240Z"}},{"iob":-0.207,"basaliob":-0.216,"bolussnooze":0,"activity":-0.0028,"lastBolusTime":1703545689361,"time":"2023-12-26T02:33:05.240Z","iobWithZeroTemp":{"iob":-0.234,"basaliob":-0.243,"bolussnooze":0,"activity":-0.0029,"lastBolusTime":1703545689361,"time":"2023-12-26T02:33:05.240Z"}},{"iob":-0.193,"basaliob":-0.201,"bolussnooze":0,"activity":-0.0027,"lastBolusTime":1703545689361,"time":"2023-12-26T02:38:05.240Z","iobWithZeroTemp":{"iob":-0.235,"basaliob":-0.243,"bolussnooze":0,"activity":-0.0028,"lastBolusTime":1703545689361,"time":"2023-12-26T02:38:05.240Z"}},{"iob":-0.18,"basaliob":-0.187,"bolussnooze":0,"activity":-0.0026,"lastBolusTime":1703545689361,"time":"2023-12-26T02:43:05.240Z","iobWithZeroTemp":{"iob":-0.237,"basaliob":-0.244,"bolussnooze":0,"activity":-0.0028,"lastBolusTime":1703545689361,"time":"2023-12-26T02:43:05.240Z"}},{"iob":-0.167,"basaliob":-0.173,"bolussnooze":0,"activity":-0.0025,"lastBolusTime":1703545689361,"time":"2023-12-26T02:48:05.240Z","iobWithZeroTemp":{"iob":-0.237,"basaliob":-0.243,"bolussnooze":0,"activity":-0.0028,"lastBolusTime":1703545689361,"time":"2023-12-26T02:48:05.240Z"}},{"iob":-0.155,"basaliob":-0.16,"bolussnooze":0,"activity":-0.0024,"lastBolusTime":1703545689361,"time":"2023-12-26T02:53:05.240Z","iobWithZeroTemp":{"iob":-0.239,"basaliob":-0.244,"bolussnooze":0,"activity":-0.0028,"lastBolusTime":1703545689361,"time":"2023-12-26T02:53:05.240Z"}},{"iob":-0.143,"basaliob":-0.148,"bolussnooze":0,"activity":-0.0023,"lastBolusTime":1703545689361,"time":"2023-12-26T02:58:05.240Z","iobWithZeroTemp":{"iob":-0.24,"basaliob":-0.245,"bolussnooze":0,"activity":-0.0029,"lastBolusTime":1703545689361,"time":"2023-12-26T02:58:05.240Z"}},{"iob":-0.132,"basaliob":-0.136,"bolussnooze":0,"activity":-0.0022,"lastBolusTime":1703545689361,"time":"2023-12-26T03:03:05.240Z","iobWithZeroTemp":{"iob":-0.248,"basaliob":-0.252,"bolussnooze":0,"activity":-0.0029,"lastBolusTime":1703545689361,"time":"2023-12-26T03:03:05.240Z"}},{"iob":-0.122,"basaliob":-0.125,"bolussnooze":0,"activity":-0.002,"lastBolusTime":1703545689361,"time":"2023-12-26T03:08:05.240Z","iobWithZeroTemp":{"iob":-0.257,"basaliob":-0.26,"bolussnooze":0,"activity":-0.0028,"lastBolusTime":1703545689361,"time":"2023-12-26T03:08:05.240Z"}},{"iob":-0.112,"basaliob":-0.115,"bolussnooze":0,"activity":-0.0019,"lastBolusTime":1703545689361,"time":"2023-12-26T03:13:05.240Z","iobWithZeroTemp":{"iob":-0.265,"basaliob":-0.268,"bolussnooze":0,"activity":-0.0029,"lastBolusTime":1703545689361,"time":"2023-12-26T03:13:05.240Z"}},{"iob":-0.102,"basaliob":-0.105,"bolussnooze":0,"activity":-0.0018,"lastBolusTime":1703545689361,"time":"2023-12-26T03:18:05.240Z","iobWithZeroTemp":{"iob":-0.273,"basaliob":-0.276,"bolussnooze":0,"activity":-0.003,"lastBolusTime":1703545689361,"time":"2023-12-26T03:18:05.240Z"}},{"iob":-0.094,"basaliob":-0.096,"bolussnooze":0,"activity":-0.0016,"lastBolusTime":1703545689361,"time":"2023-12-26T03:23:05.240Z","iobWithZeroTemp":{"iob":-0.281,"basaliob":-0.283,"bolussnooze":0,"activity":-0.003,"lastBolusTime":1703545689361,"time":"2023-12-26T03:23:05.240Z"}},{"iob":-0.086,"basaliob":-0.088,"bolussnooze":0,"activity":-0.0015,"lastBolusTime":1703545689361,"time":"2023-12-26T03:28:05.240Z","iobWithZeroTemp":{"iob":-0.289,"basaliob":-0.291,"bolussnooze":0,"activity":-0.0031,"lastBolusTime":1703545689361,"time":"2023-12-26T03:28:05.240Z"}},{"iob":-0.078,"basaliob":-0.08,"bolussnooze":0,"activity":-0.0014,"lastBolusTime":1703545689361,"time":"2023-12-26T03:33:05.240Z","iobWithZeroTemp":{"iob":-0.295,"basaliob":-0.297,"bolussnooze":0,"activity":-0.0031,"lastBolusTime":1703545689361,"time":"2023-12-26T03:33:05.240Z"}},{"iob":-0.072,"basaliob":-0.073,"bolussnooze":0,"activity":-0.0014,"lastBolusTime":1703545689361,"time":"2023-12-26T03:38:05.240Z","iobWithZeroTemp":{"iob":-0.303,"basaliob":-0.304,"bolussnooze":0,"activity":-0.0033,"lastBolusTime":1703545689361,"time":"2023-12-26T03:38:05.240Z"}},{"iob":-0.065,"basaliob":-0.066,"bolussnooze":0,"activity":-0.0013,"lastBolusTime":1703545689361,"time":"2023-12-26T03:43:05.240Z","iobWithZeroTemp":{"iob":-0.309,"basaliob":-0.31,"bolussnooze":0,"activity":-0.0034,"lastBolusTime":1703545689361,"time":"2023-12-26T03:43:05.240Z"}},{"iob":-0.059,"basaliob":-0.06,"bolussnooze":0,"activity":-0.0012,"lastBolusTime":1703545689361,"time":"2023-12-26T03:48:05.240Z","iobWithZeroTemp":{"iob":-0.315,"basaliob":-0.316,"bolussnooze":0,"activity":-0.0035,"lastBolusTime":1703545689361,"time":"2023-12-26T03:48:05.240Z"}},{"iob":-0.053,"basaliob":-0.054,"bolussnooze":0,"activity":-0.0011,"lastBolusTime":1703545689361,"time":"2023-12-26T03:53:05.240Z","iobWithZeroTemp":{"iob":-0.32,"basaliob":-0.321,"bolussnooze":0,"activity":-0.0035,"lastBolusTime":1703545689361,"time":"2023-12-26T03:53:05.240Z"}},{"iob":-0.048,"basaliob":-0.049,"bolussnooze":0,"activity":-0.001,"lastBolusTime":1703545689361,"time":"2023-12-26T03:58:05.240Z","iobWithZeroTemp":{"iob":-0.326,"basaliob":-0.327,"bolussnooze":0,"activity":-0.0036,"lastBolusTime":1703545689361,"time":"2023-12-26T03:58:05.240Z"}},{"iob":-0.044,"basaliob":-0.044,"bolussnooze":0,"activity":-9.0E-4,"lastBolusTime":1703545689361,"time":"2023-12-26T04:03:05.240Z","iobWithZeroTemp":{"iob":-0.33,"basaliob":-0.33,"bolussnooze":0,"activity":-0.0036,"lastBolusTime":1703545689361,"time":"2023-12-26T04:03:05.240Z"}},{"iob":-0.04,"basaliob":-0.04,"bolussnooze":0,"activity":-8.0E-4,"lastBolusTime":1703545689361,"time":"2023-12-26T04:08:05.240Z","iobWithZeroTemp":{"iob":-0.334,"basaliob":-0.334,"bolussnooze":0,"activity":-0.0037,"lastBolusTime":1703545689361,"time":"2023-12-26T04:08:05.240Z"}},{"iob":-0.036,"basaliob":-0.036,"bolussnooze":0,"activity":-8.0E-4,"lastBolusTime":1703545689361,"time":"2023-12-26T04:13:05.240Z","iobWithZeroTemp":{"iob":-0.337,"basaliob":-0.337,"bolussnooze":0,"activity":-0.0038,"lastBolusTime":1703545689361,"time":"2023-12-26T04:13:05.240Z"}},{"iob":-0.032,"basaliob":-0.032,"bolussnooze":0,"activity":-7.0E-4,"lastBolusTime":1703545689361,"time":"2023-12-26T04:18:05.240Z","iobWithZeroTemp":{"iob":-0.339,"basaliob":-0.339,"bolussnooze":0,"activity":-0.0038,"lastBolusTime":1703545689361,"time":"2023-12-26T04:18:05.240Z"}},{"iob":-0.029,"basaliob":-0.029,"bolussnooze":0,"activity":-6.0E-4,"lastBolusTime":1703545689361,"time":"2023-12-26T04:23:05.240Z","iobWithZeroTemp":{"iob":-0.342,"basaliob":-0.342,"bolussnooze":0,"activity":-0.0038,"lastBolusTime":1703545689361,"time":"2023-12-26T04:23:05.240Z"}},{"iob":-0.026,"basaliob":-0.026,"bolussnooze":0,"activity":-6.0E-4,"lastBolusTime":1703545689361,"time":"2023-12-26T04:28:05.240Z","iobWithZeroTemp":{"iob":-0.345,"basaliob":-0.345,"bolussnooze":0,"activity":-0.0039,"lastBolusTime":1703545689361,"time":"2023-12-26T04:28:05.240Z"}},{"iob":-0.023,"basaliob":-0.023,"bolussnooze":0,"activity":-5.0E-4,"lastBolusTime":1703545689361,"time":"2023-12-26T04:33:05.240Z","iobWithZeroTemp":{"iob":-0.346,"basaliob":-0.346,"bolussnooze":0,"activity":-0.0039,"lastBolusTime":1703545689361,"time":"2023-12-26T04:33:05.240Z"}},{"iob":-0.021,"basaliob":-0.021,"bolussnooze":0,"activity":-5.0E-4,"lastBolusTime":1703545689361,"time":"2023-12-26T04:38:05.240Z","iobWithZeroTemp":{"iob":-0.349,"basaliob":-0.349,"bolussnooze":0,"activity":-0.004,"lastBolusTime":1703545689361,"time":"2023-12-26T04:38:05.240Z"}},{"iob":-0.018,"basaliob":-0.018,"bolussnooze":0,"activity":-4.0E-4,"lastBolusTime":1703545689361,"time":"2023-12-26T04:43:05.240Z","iobWithZeroTemp":{"iob":-0.35,"basaliob":-0.35,"bolussnooze":0,"activity":-0.004,"lastBolusTime":1703545689361,"time":"2023-12-26T04:43:05.240Z"}},{"iob":-0.016,"basaliob":-0.016,"bolussnooze":0,"activity":-4.0E-4,"lastBolusTime":1703545689361,"time":"2023-12-26T04:48:05.240Z","iobWithZeroTemp":{"iob":-0.352,"basaliob":-0.352,"bolussnooze":0,"activity":-0.004,"lastBolusTime":1703545689361,"time":"2023-12-26T04:48:05.240Z"}},{"iob":-0.014,"basaliob":-0.014,"bolussnooze":0,"activity":-4.0E-4,"lastBolusTime":1703545689361,"time":"2023-12-26T04:53:05.240Z","iobWithZeroTemp":{"iob":-0.353,"basaliob":-0.353,"bolussnooze":0,"activity":-0.0041,"lastBolusTime":1703545689361,"time":"2023-12-26T04:53:05.240Z"}},{"iob":-0.013,"basaliob":-0.013,"bolussnooze":0,"activity":-3.0E-4,"lastBolusTime":1703545689361,"time":"2023-12-26T04:58:05.240Z","iobWithZeroTemp":{"iob":-0.355,"basaliob":-0.355,"bolussnooze":0,"activity":-0.0041,"lastBolusTime":1703545689361,"time":"2023-12-26T04:58:05.240Z"}},{"iob":-0.011,"basaliob":-0.011,"bolussnooze":0,"activity":-3.0E-4,"lastBolusTime":1703545689361,"time":"2023-12-26T05:03:05.240Z","iobWithZeroTemp":{"iob":-0.357,"basaliob":-0.357,"bolussnooze":0,"activity":-0.0041,"lastBolusTime":1703545689361,"time":"2023-12-26T05:03:05.240Z"}},{"iob":-0.01,"basaliob":-0.01,"bolussnooze":0,"activity":-3.0E-4,"lastBolusTime":1703545689361,"time":"2023-12-26T05:08:05.240Z","iobWithZeroTemp":{"iob":-0.36,"basaliob":-0.36,"bolussnooze":0,"activity":-0.0042,"lastBolusTime":1703545689361,"time":"2023-12-26T05:08:05.240Z"}},{"iob":-0.009,"basaliob":-0.009,"bolussnooze":0,"activity":-2.0E-4,"lastBolusTime":0,"time":"2023-12-26T05:13:05.240Z","iobWithZeroTemp":{"iob":-0.363,"basaliob":-0.363,"bolussnooze":0,"activity":-0.0041,"lastBolusTime":0,"time":"2023-12-26T05:13:05.240Z"}},{"iob":-0.008,"basaliob":-0.008,"bolussnooze":0,"activity":-2.0E-4,"lastBolusTime":0,"time":"2023-12-26T05:18:05.240Z","iobWithZeroTemp":{"iob":-0.366,"basaliob":-0.366,"bolussnooze":0,"activity":-0.0042,"lastBolusTime":0,"time":"2023-12-26T05:18:05.240Z"}},{"iob":-0.007,"basaliob":-0.007,"bolussnooze":0,"activity":-2.0E-4,"lastBolusTime":0,"time":"2023-12-26T05:23:05.240Z","iobWithZeroTemp":{"iob":-0.368,"basaliob":-0.368,"bolussnooze":0,"activity":-0.0043,"lastBolusTime":0,"time":"2023-12-26T05:23:05.240Z"}},{"iob":-0.006,"basaliob":-0.006,"bolussnooze":0,"activity":-2.0E-4,"lastBolusTime":0,"time":"2023-12-26T05:28:05.240Z","iobWithZeroTemp":{"iob":-0.37,"basaliob":-0.37,"bolussnooze":0,"activity":-0.0043,"lastBolusTime":0,"time":"2023-12-26T05:28:05.240Z"}},{"iob":-0.005,"basaliob":-0.005,"bolussnooze":0,"activity":-1.0E-4,"lastBolusTime":0,"time":"2023-12-26T05:33:05.240Z","iobWithZeroTemp":{"iob":-0.372,"basaliob":-0.372,"bolussnooze":0,"activity":-0.0042,"lastBolusTime":0,"time":"2023-12-26T05:33:05.240Z"}},{"iob":-0.004,"basaliob":-0.004,"bolussnooze":0,"activity":-1.0E-4,"lastBolusTime":0,"time":"2023-12-26T05:38:05.240Z","iobWithZeroTemp":{"iob":-0.373,"basaliob":-0.373,"bolussnooze":0,"activity":-0.0043,"lastBolusTime":0,"time":"2023-12-26T05:38:05.240Z"}},{"iob":-0.004,"basaliob":-0.004,"bolussnooze":0,"activity":-1.0E-4,"lastBolusTime":0,"time":"2023-12-26T05:43:05.240Z","iobWithZeroTemp":{"iob":-0.376,"basaliob":-0.376,"bolussnooze":0,"activity":-0.0043,"lastBolusTime":0,"time":"2023-12-26T05:43:05.240Z"}},{"iob":-0.003,"basaliob":-0.003,"bolussnooze":0,"activity":-1.0E-4,"lastBolusTime":0,"time":"2023-12-26T05:48:05.240Z","iobWithZeroTemp":{"iob":-0.377,"basaliob":-0.377,"bolussnooze":0,"activity":-0.0044,"lastBolusTime":0,"time":"2023-12-26T05:48:05.240Z"}},{"iob":-0.003,"basaliob":-0.003,"bolussnooze":0,"activity":-1.0E-4,"lastBolusTime":0,"time":"2023-12-26T05:53:05.240Z","iobWithZeroTemp":{"iob":-0.379,"basaliob":-0.379,"bolussnooze":0,"activity":-0.0044,"lastBolusTime":0,"time":"2023-12-26T05:53:05.240Z"}},{"iob":-0.002,"basaliob":-0.002,"bolussnooze":0,"activity":-1.0E-4,"lastBolusTime":0,"time":"2023-12-26T05:58:05.240Z","iobWithZeroTemp":{"iob":-0.38,"basaliob":-0.38,"bolussnooze":0,"activity":-0.0044,"lastBolusTime":0,"time":"2023-12-26T05:58:05.240Z"}},{"iob":-0.002,"basaliob":-0.002,"bolussnooze":0,"activity":-1.0E-4,"lastBolusTime":0,"time":"2023-12-26T06:03:05.240Z","iobWithZeroTemp":{"iob":-0.385,"basaliob":-0.385,"bolussnooze":0,"activity":-0.0045,"lastBolusTime":0,"time":"2023-12-26T06:03:05.240Z"}},{"iob":-0.002,"basaliob":-0.002,"bolussnooze":0,"activity":-1.0E-4,"lastBolusTime":0,"time":"2023-12-26T06:08:05.240Z","iobWithZeroTemp":{"iob":-0.39,"basaliob":-0.39,"bolussnooze":0,"activity":-0.0045,"lastBolusTime":0,"time":"2023-12-26T06:08:05.240Z"}},{"iob":-0.001,"basaliob":-0.001,"bolussnooze":0,"activity":-1.0E-4,"lastBolusTime":0,"time":"2023-12-26T06:13:05.240Z","iobWithZeroTemp":{"iob":-0.394,"basaliob":-0.394,"bolussnooze":0,"activity":-0.0046,"lastBolusTime":0,"time":"2023-12-26T06:13:05.240Z"}},{"iob":-0.001,"basaliob":-0.001,"bolussnooze":0,"activity":0,"lastBolusTime":0,"time":"2023-12-26T06:18:05.240Z","iobWithZeroTemp":{"iob":-0.398,"basaliob":-0.398,"bolussnooze":0,"activity":-0.0045,"lastBolusTime":0,"time":"2023-12-26T06:18:05.240Z"}}],"profile":{"max_iob":10,"type":"current","max_daily_basal":0.41,"max_basal":0.75,"min_bg":130,"max_bg":130,"target_bg":130,"carb_ratio":7.639,"sens":140.517,"max_daily_safety_multiplier":3,"current_basal_safety_multiplier":4,"lgsThreshold":95,"high_temptarget_raises_sensitivity":true,"low_temptarget_lowers_sensitivity":true,"sensitivity_raises_target":true,"resistance_lowers_target":true,"adv_target_adjustments":false,"exercise_mode":false,"half_basal_exercise_target":160,"maxCOB":120,"skip_neutral_temps":false,"remainingCarbsCap":90,"enableUAM":true,"A52_risk_enable":false,"SMBInterval":3,"enableSMB_with_COB":true,"enableSMB_with_temptarget":true,"allowSMB_with_high_temptarget":false,"enableSMB_always":false,"enableSMB_after_carbs":true,"maxSMBBasalMinutes":30,"maxUAMSMBBasalMinutes":40,"bolus_increment":0.05,"carbsReqThreshold":4,"current_basal":0.2,"temptargetSet":true,"autosens_max":1.3,"autosens_min":0.7,"variable_sens":181.1,"insulinDivisor":75,"TDD":11.076968273809525},"autosens_data":{"ratio":0.9939682920742818},"meal_data":{"carbs":0,"mealCOB":0,"slopeFromMaxDeviation":0,"slopeFromMinDeviation":1.41675,"lastBolusTime":1703545689361,"lastCarbTime":0},"microBolusAllowed":true,"currentTime":1703557386992,"flatBGsDetected":false,"tdd1D":15.68566666666667,"tdd7D":15.075095238095239,"tddLast24H":14.984166666666663,"tddLast4H":0.675,"tddLast8to4H":3.0208333333333335},"output":{"temp":"absolute","bg":109,"tick":"+8","eventualBG":182,"targetBG":130,"insulinReq":0.19,"deliverAt":"2023-12-26T02:23:06.992Z","sensitivityRatio":0.67,"variable_sens":181.1,"predBGs":{"IOB":[109,116,123,129,134,139,144,148,151,154,156,158,159,161,162,163,164,164,165,166,167,167,168,169,169,169,170,170,170,171,171,171,171,172,172,172,172,172,172,173],"ZT":[109,112,114,117,119,121,124,126,129],"UAM":[109,116,123,129,134,139,143,146,149,151,153,155,156,157,158,159,160,161,162,163,163,164,165,165,166,166,167,167,167,167,168,168,168,168,169,169,169,169,169,169,169,169,170]},"reason":"COB: 0, Dev: 30, BGI: 3, ISF: 181, CR: 7.64, Target: 130, minPredBG 165, minGuardBG 116, IOBpredBG 173, UAMpredBG 170; Eventual BG 182 >= 130, no temp, setting 0.51U\/hr. ","COB":0,"IOB":-0.236,"duration":30,"rate":0.514,"timestamp":"2023-12-26T02:23:07.044Z"}}