{"algorithm":"OpenAPSSMBDynamicISFPlugin","input":{"glucoseStatus":{"glucose":160,"noise":0,"delta":-0.11,"short_avgdelta":-0.11,"long_avgdelta":-1.25,"date":1703628760000},"currenttemp":{"temp":"absolute","duration":112,"rate":0,"minutesrunning":8},"iob_data":[{"iob":1.061,"basaliob":-0.338,"bolussnooze":0.3782,"activity":0.0174,"lastBolusTime":1703625581102,"time":"2023-12-26T22:15:45.511Z","iobWithZeroTemp":{"iob":1.061,"basaliob":-0.338,"bolussnooze":0.3782,"activity":0.0174,"lastBolusTime":1703625581102,"time":"2023-12-26T22:15:45.511Z"}},{"iob":0.977,"basaliob":-0.318,"bolussnooze":0.3134,"activity":0.0164,"lastBolusTime":1703625581102,"time":"2023-12-26T22:20:45.511Z","iobWithZeroTemp":{"iob":0.96,"basaliob":-0.335,"bolussnooze":0.3134,"activity":0.0164,"lastBolusTime":1703625581102,"time":"2023-12-26T22:20:45.511Z"}},{"iob":0.898,"basaliob":-0.299,"bolussnooze":0.2581,"activity":0.0153,"lastBolusTime":1703625581102,"time":"2023-12-26T22:25:45.511Z","iobWithZeroTemp":{"iob":0.861,"basaliob":-0.336,"bolussnooze":0.2581,"activity":0.0152,"lastBolusTime":1703625581102,"time":"2023-12-26T22:25:45.511Z"}},{"iob":0.823,"basaliob":-0.281,"bolussnooze":0.2113,"activity":0.0144,"lastBolusTime":1703625581102,"time":"2023-12-26T22:30:45.511Z","iobWithZeroTemp":{"iob":0.765,"basaliob":-0.339,"bolussnooze":0.2113,"activity":0.0142,"lastBolusTime":1703625581102,"time":"2023-12-26T22:30:45.511Z"}},{"iob":0.754,"basaliob":-0.262,"bolussnooze":0.1719,"activity":0.0134,"lastBolusTime":1703625581102,"time":"2023-12-26T22:35:45.511Z","iobWithZeroTemp":{"iob":0.677,"basaliob":-0.339,"bolussnooze":0.1719,"activity":0.0131,"lastBolusTime":1703625581102,"time":"2023-12-26T22:35:45.511Z"}},{"iob":0.689,"basaliob":-0.244,"bolussnooze":0.139,"activity":0.0125,"lastBolusTime":1703625581102,"time":"2023-12-26T22:40:45.511Z","iobWithZeroTemp":{"iob":0.593,"basaliob":-0.34,"bolussnooze":0.139,"activity":0.0121,"lastBolusTime":1703625581102,"time":"2023-12-26T22:40:45.511Z"}},{"iob":0.629,"basaliob":-0.227,"bolussnooze":0.1115,"activity":0.0116,"lastBolusTime":1703625581102,"time":"2023-12-26T22:45:45.511Z","iobWithZeroTemp":{"iob":0.515,"basaliob":-0.341,"bolussnooze":0.1115,"activity":0.011,"lastBolusTime":1703625581102,"time":"2023-12-26T22:45:45.511Z"}},{"iob":0.573,"basaliob":-0.211,"bolussnooze":0.0889,"activity":0.0108,"lastBolusTime":1703625581102,"time":"2023-12-26T22:50:45.511Z","iobWithZeroTemp":{"iob":0.441,"basaliob":-0.343,"bolussnooze":0.0889,"activity":0.01,"lastBolusTime":1703625581102,"time":"2023-12-26T22:50:45.511Z"}},{"iob":0.521,"basaliob":-0.195,"bolussnooze":0.0703,"activity":0.0099,"lastBolusTime":1703625581102,"time":"2023-12-26T22:55:45.511Z","iobWithZeroTemp":{"iob":0.372,"basaliob":-0.344,"bolussnooze":0.0703,"activity":0.009,"lastBolusTime":1703625581102,"time":"2023-12-26T22:55:45.511Z"}},{"iob":0.474,"basaliob":-0.18,"bolussnooze":0.0551,"activity":0.0092,"lastBolusTime":1703625581102,"time":"2023-12-26T23:00:45.511Z","iobWithZeroTemp":{"iob":0.31,"basaliob":-0.344,"bolussnooze":0.0551,"activity":0.0081,"lastBolusTime":1703625581102,"time":"2023-12-26T23:00:45.511Z"}},{"iob":0.43,"basaliob":-0.166,"bolussnooze":0.0428,"activity":0.0085,"lastBolusTime":1703625581102,"time":"2023-12-26T23:05:45.511Z","iobWithZeroTemp":{"iob":0.251,"basaliob":-0.345,"bolussnooze":0.0428,"activity":0.0072,"lastBolusTime":1703625581102,"time":"2023-12-26T23:05:45.511Z"}},{"iob":0.389,"basaliob":-0.153,"bolussnooze":0.0329,"activity":0.0077,"lastBolusTime":1703625581102,"time":"2023-12-26T23:10:45.511Z","iobWithZeroTemp":{"iob":0.196,"basaliob":-0.346,"bolussnooze":0.0329,"activity":0.0062,"lastBolusTime":1703625581102,"time":"2023-12-26T23:10:45.511Z"}},{"iob":0.352,"basaliob":-0.14,"bolussnooze":0.025,"activity":0.0071,"lastBolusTime":1703625581102,"time":"2023-12-26T23:15:45.511Z","iobWithZeroTemp":{"iob":0.146,"basaliob":-0.346,"bolussnooze":0.025,"activity":0.0055,"lastBolusTime":1703625581102,"time":"2023-12-26T23:15:45.511Z"}},{"iob":0.318,"basaliob":-0.128,"bolussnooze":0.0187,"activity":0.0065,"lastBolusTime":1703625581102,"time":"2023-12-26T23:20:45.511Z","iobWithZeroTemp":{"iob":0.1,"basaliob":-0.346,"bolussnooze":0.0187,"activity":0.0047,"lastBolusTime":1703625581102,"time":"2023-12-26T23:20:45.511Z"}},{"iob":0.286,"basaliob":-0.118,"bolussnooze":0.0138,"activity":0.006,"lastBolusTime":1703625581102,"time":"2023-12-26T23:25:45.511Z","iobWithZeroTemp":{"iob":0.056,"basaliob":-0.348,"bolussnooze":0.0138,"activity":0.004,"lastBolusTime":1703625581102,"time":"2023-12-26T23:25:45.511Z"}},{"iob":0.258,"basaliob":-0.107,"bolussnooze":0.0099,"activity":0.0054,"lastBolusTime":1703625581102,"time":"2023-12-26T23:30:45.511Z","iobWithZeroTemp":{"iob":0.018,"basaliob":-0.347,"bolussnooze":0.0099,"activity":0.0033,"lastBolusTime":1703625581102,"time":"2023-12-26T23:30:45.511Z"}},{"iob":0.232,"basaliob":-0.098,"bolussnooze":0.007,"activity":0.005,"lastBolusTime":1703625581102,"time":"2023-12-26T23:35:45.511Z","iobWithZeroTemp":{"iob":-0.018,"basaliob":-0.348,"bolussnooze":0.007,"activity":0.0027,"lastBolusTime":1703625581102,"time":"2023-12-26T23:35:45.511Z"}},{"iob":0.208,"basaliob":-0.089,"bolussnooze":0.0048,"activity":0.0045,"lastBolusTime":1703625581102,"time":"2023-12-26T23:40:45.511Z","iobWithZeroTemp":{"iob":-0.051,"basaliob":-0.348,"bolussnooze":0.0048,"activity":0.0021,"lastBolusTime":1703625581102,"time":"2023-12-26T23:40:45.511Z"}},{"iob":0.186,"basaliob":-0.081,"bolussnooze":0.0031,"activity":0.0041,"lastBolusTime":1703625581102,"time":"2023-12-26T23:45:45.511Z","iobWithZeroTemp":{"iob":-0.082,"basaliob":-0.349,"bolussnooze":0.0031,"activity":0.0015,"lastBolusTime":1703625581102,"time":"2023-12-26T23:45:45.511Z"}},{"iob":0.166,"basaliob":-0.074,"bolussnooze":0.0019,"activity":0.0038,"lastBolusTime":1703625581102,"time":"2023-12-26T23:50:45.511Z","iobWithZeroTemp":{"iob":-0.109,"basaliob":-0.349,"bolussnooze":0.0019,"activity":0.0011,"lastBolusTime":1703625581102,"time":"2023-12-26T23:50:45.511Z"}},{"iob":0.148,"basaliob":-0.067,"bolussnooze":0.0011,"activity":0.0034,"lastBolusTime":1703625581102,"time":"2023-12-26T23:55:45.511Z","iobWithZeroTemp":{"iob":-0.134,"basaliob":-0.349,"bolussnooze":0.0011,"activity":6.0E-4,"lastBolusTime":1703625581102,"time":"2023-12-26T23:55:45.511Z"}},{"iob":0.133,"basaliob":-0.06,"bolussnooze":6.0E-4,"activity":0.0031,"lastBolusTime":1703625581102,"time":"2023-12-27T00:00:45.511Z","iobWithZeroTemp":{"iob":-0.156,"basaliob":-0.349,"bolussnooze":6.0E-4,"activity":2.0E-4,"lastBolusTime":1703625581102,"time":"2023-12-27T00:00:45.511Z"}},{"iob":0.118,"basaliob":-0.054,"bolussnooze":2.0E-4,"activity":0.0028,"lastBolusTime":1703625581102,"time":"2023-12-27T00:05:45.511Z","iobWithZeroTemp":{"iob":-0.173,"basaliob":-0.345,"bolussnooze":2.0E-4,"activity":-2.0E-4,"lastBolusTime":1703625581102,"time":"2023-12-27T00:05:45.511Z"}},{"iob":0.105,"basaliob":-0.049,"bolussnooze":1.0E-4,"activity":0.0025,"lastBolusTime":1703625581102,"time":"2023-12-27T00:10:45.511Z","iobWithZeroTemp":{"iob":-0.187,"basaliob":-0.341,"bolussnooze":1.0E-4,"activity":-6.0E-4,"lastBolusTime":1703625581102,"time":"2023-12-27T00:10:45.511Z"}},{"iob":0.093,"basaliob":-0.044,"bolussnooze":0,"activity":0.0023,"lastBolusTime":1703625581102,"time":"2023-12-27T00:15:45.511Z","iobWithZeroTemp":{"iob":-0.2,"basaliob":-0.337,"bolussnooze":0,"activity":-9.0E-4,"lastBolusTime":1703625581102,"time":"2023-12-27T00:15:45.511Z"}},{"iob":0.082,"basaliob":-0.04,"bolussnooze":0,"activity":0.002,"lastBolusTime":1703625581102,"time":"2023-12-27T00:20:45.511Z","iobWithZeroTemp":{"iob":-0.212,"basaliob":-0.334,"bolussnooze":0,"activity":-0.0012,"lastBolusTime":1703625581102,"time":"2023-12-27T00:20:45.511Z"}},{"iob":0.072,"basaliob":-0.036,"bolussnooze":0,"activity":0.0018,"lastBolusTime":1703625581102,"time":"2023-12-27T00:25:45.511Z","iobWithZeroTemp":{"iob":-0.222,"basaliob":-0.33,"bolussnooze":0,"activity":-0.0015,"lastBolusTime":1703625581102,"time":"2023-12-27T00:25:45.511Z"}},{"iob":0.063,"basaliob":-0.032,"bolussnooze":0,"activity":0.0016,"lastBolusTime":1703625581102,"time":"2023-12-27T00:30:45.511Z","iobWithZeroTemp":{"iob":-0.232,"basaliob":-0.327,"bolussnooze":0,"activity":-0.0017,"lastBolusTime":1703625581102,"time":"2023-12-27T00:30:45.511Z"}},{"iob":0.055,"basaliob":-0.029,"bolussnooze":0,"activity":0.0015,"lastBolusTime":1703625581102,"time":"2023-12-27T00:35:45.511Z","iobWithZeroTemp":{"iob":-0.24,"basaliob":-0.324,"bolussnooze":0,"activity":-0.0019,"lastBolusTime":1703625581102,"time":"2023-12-27T00:35:45.511Z"}},{"iob":0.048,"basaliob":-0.026,"bolussnooze":0,"activity":0.0013,"lastBolusTime":1703625581102,"time":"2023-12-27T00:40:45.511Z","iobWithZeroTemp":{"iob":-0.247,"basaliob":-0.321,"bolussnooze":0,"activity":-0.0021,"lastBolusTime":1703625581102,"time":"2023-12-27T00:40:45.511Z"}},{"iob":0.042,"basaliob":-0.023,"bolussnooze":0,"activity":0.0012,"lastBolusTime":1703625581102,"time":"2023-12-27T00:45:45.511Z","iobWithZeroTemp":{"iob":-0.252,"basaliob":-0.317,"bolussnooze":0,"activity":-0.0022,"lastBolusTime":1703625581102,"time":"2023-12-27T00:45:45.511Z"}},{"iob":0.037,"basaliob":-0.02,"bolussnooze":0,"activity":0.001,"lastBolusTime":1703625581102,"time":"2023-12-27T00:50:45.511Z","iobWithZeroTemp":{"iob":-0.257,"basaliob":-0.314,"bolussnooze":0,"activity":-0.0024,"lastBolusTime":1703625581102,"time":"2023-12-27T00:50:45.511Z"}},{"iob":0.032,"basaliob":-0.018,"bolussnooze":0,"activity":0.001,"lastBolusTime":1703625581102,"time":"2023-12-27T00:55:45.511Z","iobWithZeroTemp":{"iob":-0.261,"basaliob":-0.311,"bolussnooze":0,"activity":-0.0024,"lastBolusTime":1703625581102,"time":"2023-12-27T00:55:45.511Z"}},{"iob":0.028,"basaliob":-0.016,"bolussnooze":0,"activity":8.0E-4,"lastBolusTime":1703625581102,"time":"2023-12-27T01:00:45.511Z","iobWithZeroTemp":{"iob":-0.265,"basaliob":-0.309,"bolussnooze":0,"activity":-0.0026,"lastBolusTime":1703625581102,"time":"2023-12-27T01:00:45.511Z"}},{"iob":0.024,"basaliob":-0.014,"bolussnooze":0,"activity":8.0E-4,"lastBolusTime":1703625581102,"time":"2023-12-27T01:05:45.511Z","iobWithZeroTemp":{"iob":-0.264,"basaliob":-0.302,"bolussnooze":0,"activity":-0.0026,"lastBolusTime":1703625581102,"time":"2023-12-27T01:05:45.511Z"}},{"iob":0.021,"basaliob":-0.012,"bolussnooze":0,"activity":6.0E-4,"lastBolusTime":1703625581102,"time":"2023-12-27T01:10:45.511Z","iobWithZeroTemp":{"iob":-0.263,"basaliob":-0.296,"bolussnooze":0,"activity":-0.0028,"lastBolusTime":1703625581102,"time":"2023-12-27T01:10:45.511Z"}},{"iob":0.018,"basaliob":-0.011,"bolussnooze":0,"activity":5.0E-4,"lastBolusTime":1703625581102,"time":"2023-12-27T01:15:45.511Z","iobWithZeroTemp":{"iob":-0.261,"basaliob":-0.29,"bolussnooze":0,"activity":-0.0029,"lastBolusTime":1703625581102,"time":"2023-12-27T01:15:45.511Z"}},{"iob":0.015,"basaliob":-0.01,"bolussnooze":0,"activity":4.0E-4,"lastBolusTime":1703625581102,"time":"2023-12-27T01:20:45.511Z","iobWithZeroTemp":{"iob":-0.26,"basaliob":-0.285,"bolussnooze":0,"activity":-0.003,"lastBolusTime":1703625581102,"time":"2023-12-27T01:20:45.511Z"}},{"iob":0.013,"basaliob":-0.008,"bolussnooze":0,"activity":4.0E-4,"lastBolusTime":1703625581102,"time":"2023-12-27T01:25:45.511Z","iobWithZeroTemp":{"iob":-0.257,"basaliob":-0.278,"bolussnooze":0,"activity":-0.003,"lastBolusTime":1703625581102,"time":"2023-12-27T01:25:45.511Z"}},{"iob":0.011,"basaliob":-0.007,"bolussnooze":0,"activity":4.0E-4,"lastBolusTime":1703625581102,"time":"2023-12-27T01:30:45.511Z","iobWithZeroTemp":{"iob":-0.255,"basaliob":-0.273,"bolussnooze":0,"activity":-0.0029,"lastBolusTime":1703625581102,"time":"2023-12-27T01:30:45.511Z"}},{"iob":0.01,"basaliob":-0.006,"bolussnooze":0,"activity":3.0E-4,"lastBolusTime":1703625581102,"time":"2023-12-27T01:35:45.511Z","iobWithZeroTemp":{"iob":-0.252,"basaliob":-0.268,"bolussnooze":0,"activity":-0.003,"lastBolusTime":1703625581102,"time":"2023-12-27T01:35:45.511Z"}},{"iob":0.007,"basaliob":-0.006,"bolussnooze":0,"activity":2.0E-4,"lastBolusTime":1703625581102,"time":"2023-12-27T01:40:45.511Z","iobWithZeroTemp":{"iob":-0.251,"basaliob":-0.264,"bolussnooze":0,"activity":-0.0031,"lastBolusTime":1703625581102,"time":"2023-12-27T01:40:45.511Z"}},{"iob":0.006,"basaliob":-0.005,"bolussnooze":0,"activity":3.0E-4,"lastBolusTime":1703625581102,"time":"2023-12-27T01:45:45.511Z","iobWithZeroTemp":{"iob":-0.248,"basaliob":-0.259,"bolussnooze":0,"activity":-0.0029,"lastBolusTime":1703625581102,"time":"2023-12-27T01:45:45.511Z"}},{"iob":0.005,"basaliob":-0.004,"bolussnooze":0,"activity":2.0E-4,"lastBolusTime":1703625581102,"time":"2023-12-27T01:50:45.511Z","iobWithZeroTemp":{"iob":-0.246,"basaliob":-0.255,"bolussnooze":0,"activity":-0.003,"lastBolusTime":1703625581102,"time":"2023-12-27T01:50:45.511Z"}},{"iob":0.004,"basaliob":-0.004,"bolussnooze":0,"activity":2.0E-4,"lastBolusTime":1703625581102,"time":"2023-12-27T01:55:45.511Z","iobWithZeroTemp":{"iob":-0.244,"basaliob":-0.252,"bolussnooze":0,"activity":-0.0029,"lastBolusTime":1703625581102,"time":"2023-12-27T01:55:45.511Z"}},{"iob":0.004,"basaliob":-0.003,"bolussnooze":0,"activity":2.0E-4,"lastBolusTime":1703625581102,"time":"2023-12-27T02:00:45.511Z","iobWithZeroTemp":{"iob":-0.241,"basaliob":-0.248,"bolussnooze":0,"activity":-0.0029,"lastBolusTime":1703625581102,"time":"2023-12-27T02:00:45.511Z"}},{"iob":0.002,"basaliob":-0.003,"bolussnooze":0,"activity":1.0E-4,"lastBolusTime":1703625581102,"time":"2023-12-27T02:05:45.511Z","iobWithZeroTemp":{"iob":-0.244,"basaliob":-0.249,"bolussnooze":0,"activity":-0.003,"lastBolusTime":1703625581102,"time":"2023-12-27T02:05:45.511Z"}},{"iob":0.002,"basaliob":-0.002,"bolussnooze":0,"activity":1.0E-4,"lastBolusTime":1703625581102,"time":"2023-12-27T02:10:45.511Z","iobWithZeroTemp":{"iob":-0.245,"basaliob":-0.249,"bolussnooze":0,"activity":-0.0029,"lastBolusTime":1703625581102,"time":"2023-12-27T02:10:45.511Z"}}],"profile":{"max_iob":10,"type":"current","max_daily_basal":0.35,"max_basal":1,"min_bg":90,"max_bg":90,"target_bg":90,"carb_ratio":8.2,"sens":110,"max_daily_safety_multiplier":3,"current_basal_safety_multiplier":4,"lgsThreshold":95,"high_temptarget_raises_sensitivity":true,"low_temptarget_lowers_sensitivity":true,"sensitivity_raises_target":true,"resistance_lowers_target":true,"adv_target_adjustments":false,"exercise_mode":false,"half_basal_exercise_target":160,"maxCOB":120,"skip_neutral_temps":false,"remainingCarbsCap":90,"enableUAM":true,"A52_risk_enable":false,"SMBInterval":3,"enableSMB_with_COB":true,"enableSMB_with_temptarget":true,"allowSMB_with_high_temptarget":false,"enableSMB_always":false,"enableSMB_after_carbs":true,"maxSMBBasalMinutes":30,"maxUAMSMBBasalMinutes":40,"bolus_increment":0.05,"carbsReqThreshold":4,"current_basal":0.25,"temptargetSet":true,"autosens_max":1.3,"autosens_min":0.7,"variable_sens":95.4,"insulinDivisor":75,"TDD":16.51235702380953},"autosens_data":{"ratio":1.3553756274144997},"meal_data":{"carbs":35,"mealCOB":0,"slopeFromMaxDeviation":-0.8945555555555553,"slopeFromMinDeviation":0.4072500000000001,"lastBolusTime":1703625581102,"lastCarbTime":1703625148854},"microBolusAllowed":true,"currentTime":1703628946661,"flatBGsDetected":false,"tdd1D":15.68566666666667,"tdd7D":15.075095238095239,"tddLast24H":20.432416666666672,"tddLast4H":4.770833333333334,"tddLast8to4H":4.229166666666668},"output":{"temp":"absolute","bg":160,"tick":"+0","eventualBG":108,"targetBG":90,"insulinReq":0,"deliverAt":"2023-12-26T22:15:46.661Z","sensitivityRatio":1.2,"variable_sens":95.4,"predBGs":{"IOB":[160,159,158,157,156,154,152,149,147,144,141,137,133,129,126,122,119,116,114,111,109,107,105,103,102,100,99,98,97,96,95,94,93,93,92,92,91,91,91,90,90,90,90,90,89],"ZT":[160,152,144,136,128,121,114,108,102,96,91,86,81,77,74,70,68,65,64,62,61,61,61,61,61,62,63,65,66,68,69,71,73,75,77,79,81,83,86,88,90],"UAM":[160,159,158,156,153,151,147,143,139,134,129,124,120,116,112,109,106,102,100,97,94,92,90,88,86,85,83,82,81,80,79,78,77,76,76,75,74,74,74,73,73,73,73,73,72]},"reason":"COB: 0, Dev: 49, BGI: -8, ISF: 95, CR: 8.2, Target: 90, minPredBG 67, minGuardBG 72, IOBpredBG 89, UAMpredBG 72; minGuardBG 72<95 112m left and 0 ~ req 0U\/hr: no temp required","COB":0,"IOB":1.061,"timestamp":"2023-12-26T22:15:46.687Z"}}