{"algorithm":"OpenAPSSMBDynamicISFPlugin","input":{"glucoseStatus":{"glucose":192,"noise":0,"delta":-7.67,"short_avgdelta":-7.67,"long_avgdelta":-2.73,"date":1703686962000},"currenttemp":{"temp":"absolute","duration":110,"rate":0,"minutesrunning":10},"iob_data":[{"iob":2.636,"basaliob":-0.114,"bolussnooze":0.9633,"activity":0.0329,"lastBolusTime":1703685416809,"time":"2023-12-27T14:23:05.965Z","iobWithZeroTemp":{"iob":2.636,"basaliob":-0.114,"bolussnooze":0.9633,"activity":0.0329,"lastBolusTime":1703685416809,"time":"2023-12-27T14:23:05.965Z"}},{"iob":2.473,"basaliob":-0.106,"bolussnooze":0.8299,"activity":0.0324,"lastBolusTime":1703685416809,"time":"2023-12-27T14:28:05.965Z","iobWithZeroTemp":{"iob":2.466,"basaliob":-0.113,"bolussnooze":0.8299,"activity":0.0324,"lastBolusTime":1703685416809,"time":"2023-12-27T14:28:05.965Z"}},{"iob":2.312,"basaliob":-0.098,"bolussnooze":0.7089,"activity":0.0316,"lastBolusTime":1703685416809,"time":"2023-12-27T14:33:05.965Z","iobWithZeroTemp":{"iob":2.297,"basaliob":-0.113,"bolussnooze":0.7089,"activity":0.0316,"lastBolusTime":1703685416809,"time":"2023-12-27T14:33:05.965Z"}},{"iob":2.157,"basaliob":-0.09,"bolussnooze":0.6007,"activity":0.0306,"lastBolusTime":1703685416809,"time":"2023-12-27T14:38:05.965Z","iobWithZeroTemp":{"iob":2.134,"basaliob":-0.113,"bolussnooze":0.6007,"activity":0.0305,"lastBolusTime":1703685416809,"time":"2023-12-27T14:38:05.965Z"}},{"iob":2.007,"basaliob":-0.083,"bolussnooze":0.5054,"activity":0.0295,"lastBolusTime":1703685416809,"time":"2023-12-27T14:43:05.965Z","iobWithZeroTemp":{"iob":1.976,"basaliob":-0.114,"bolussnooze":0.5054,"activity":0.0294,"lastBolusTime":1703685416809,"time":"2023-12-27T14:43:05.965Z"}},{"iob":1.863,"basaliob":-0.076,"bolussnooze":0.4224,"activity":0.0282,"lastBolusTime":1703685416809,"time":"2023-12-27T14:48:05.965Z","iobWithZeroTemp":{"iob":1.825,"basaliob":-0.114,"bolussnooze":0.4224,"activity":0.028,"lastBolusTime":1703685416809,"time":"2023-12-27T14:48:05.965Z"}},{"iob":1.725,"basaliob":-0.07,"bolussnooze":0.3507,"activity":0.0269,"lastBolusTime":1703685416809,"time":"2023-12-27T14:53:05.965Z","iobWithZeroTemp":{"iob":1.679,"basaliob":-0.116,"bolussnooze":0.3507,"activity":0.0267,"lastBolusTime":1703685416809,"time":"2023-12-27T14:53:05.965Z"}},{"iob":1.594,"basaliob":-0.064,"bolussnooze":0.2893,"activity":0.0255,"lastBolusTime":1703685416809,"time":"2023-12-27T14:58:05.965Z","iobWithZeroTemp":{"iob":1.541,"basaliob":-0.117,"bolussnooze":0.2893,"activity":0.0252,"lastBolusTime":1703685416809,"time":"2023-12-27T14:58:05.965Z"}},{"iob":1.469,"basaliob":-0.059,"bolussnooze":0.2372,"activity":0.0241,"lastBolusTime":1703685416809,"time":"2023-12-27T15:03:05.965Z","iobWithZeroTemp":{"iob":1.41,"basaliob":-0.118,"bolussnooze":0.2372,"activity":0.0237,"lastBolusTime":1703685416809,"time":"2023-12-27T15:03:05.965Z"}},{"iob":1.352,"basaliob":-0.054,"bolussnooze":0.1932,"activity":0.0227,"lastBolusTime":1703685416809,"time":"2023-12-27T15:08:05.965Z","iobWithZeroTemp":{"iob":1.286,"basaliob":-0.12,"bolussnooze":0.1932,"activity":0.0223,"lastBolusTime":1703685416809,"time":"2023-12-27T15:08:05.965Z"}},{"iob":1.242,"basaliob":-0.049,"bolussnooze":0.1563,"activity":0.0213,"lastBolusTime":1703685416809,"time":"2023-12-27T15:13:05.965Z","iobWithZeroTemp":{"iob":1.17,"basaliob":-0.121,"bolussnooze":0.1563,"activity":0.0208,"lastBolusTime":1703685416809,"time":"2023-12-27T15:13:05.965Z"}},{"iob":1.14,"basaliob":-0.044,"bolussnooze":0.1257,"activity":0.02,"lastBolusTime":1703685416809,"time":"2023-12-27T15:18:05.965Z","iobWithZeroTemp":{"iob":1.063,"basaliob":-0.121,"bolussnooze":0.1257,"activity":0.0194,"lastBolusTime":1703685416809,"time":"2023-12-27T15:18:05.965Z"}},{"iob":1.043,"basaliob":-0.04,"bolussnooze":0.1003,"activity":0.0186,"lastBolusTime":1703685416809,"time":"2023-12-27T15:23:05.965Z","iobWithZeroTemp":{"iob":0.961,"basaliob":-0.122,"bolussnooze":0.1003,"activity":0.0179,"lastBolusTime":1703685416809,"time":"2023-12-27T15:23:05.965Z"}},{"iob":0.953,"basaliob":-0.037,"bolussnooze":0.0795,"activity":0.0174,"lastBolusTime":1703685416809,"time":"2023-12-27T15:28:05.965Z","iobWithZeroTemp":{"iob":0.866,"basaliob":-0.124,"bolussnooze":0.0795,"activity":0.0167,"lastBolusTime":1703685416809,"time":"2023-12-27T15:28:05.965Z"}},{"iob":0.87,"basaliob":-0.033,"bolussnooze":0.0626,"activity":0.0161,"lastBolusTime":1703685416809,"time":"2023-12-27T15:33:05.965Z","iobWithZeroTemp":{"iob":0.778,"basaliob":-0.125,"bolussnooze":0.0626,"activity":0.0153,"lastBolusTime":1703685416809,"time":"2023-12-27T15:33:05.965Z"}},{"iob":0.792,"basaliob":-0.03,"bolussnooze":0.0488,"activity":0.0149,"lastBolusTime":1703685416809,"time":"2023-12-27T15:38:05.965Z","iobWithZeroTemp":{"iob":0.696,"basaliob":-0.126,"bolussnooze":0.0488,"activity":0.014,"lastBolusTime":1703685416809,"time":"2023-12-27T15:38:05.965Z"}},{"iob":0.72,"basaliob":-0.027,"bolussnooze":0.0377,"activity":0.0138,"lastBolusTime":1703685416809,"time":"2023-12-27T15:43:05.965Z","iobWithZeroTemp":{"iob":0.62,"basaliob":-0.127,"bolussnooze":0.0377,"activity":0.0129,"lastBolusTime":1703685416809,"time":"2023-12-27T15:43:05.965Z"}},{"iob":0.654,"basaliob":-0.024,"bolussnooze":0.0289,"activity":0.0127,"lastBolusTime":1703685416809,"time":"2023-12-27T15:48:05.965Z","iobWithZeroTemp":{"iob":0.55,"basaliob":-0.128,"bolussnooze":0.0289,"activity":0.0117,"lastBolusTime":1703685416809,"time":"2023-12-27T15:48:05.965Z"}},{"iob":0.593,"basaliob":-0.022,"bolussnooze":0.0219,"activity":0.0117,"lastBolusTime":1703685416809,"time":"2023-12-27T15:53:05.965Z","iobWithZeroTemp":{"iob":0.486,"basaliob":-0.129,"bolussnooze":0.0219,"activity":0.0107,"lastBolusTime":1703685416809,"time":"2023-12-27T15:53:05.965Z"}},{"iob":0.536,"basaliob":-0.02,"bolussnooze":0.0164,"activity":0.0108,"lastBolusTime":1703685416809,"time":"2023-12-27T15:58:05.965Z","iobWithZeroTemp":{"iob":0.426,"basaliob":-0.13,"bolussnooze":0.0164,"activity":0.0097,"lastBolusTime":1703685416809,"time":"2023-12-27T15:58:05.965Z"}},{"iob":0.485,"basaliob":-0.018,"bolussnooze":0.0121,"activity":0.0099,"lastBolusTime":1703685416809,"time":"2023-12-27T16:03:05.965Z","iobWithZeroTemp":{"iob":0.372,"basaliob":-0.131,"bolussnooze":0.0121,"activity":0.0088,"lastBolusTime":1703685416809,"time":"2023-12-27T16:03:05.965Z"}},{"iob":0.437,"basaliob":-0.016,"bolussnooze":0.0087,"activity":0.009,"lastBolusTime":1703685416809,"time":"2023-12-27T16:08:05.965Z","iobWithZeroTemp":{"iob":0.321,"basaliob":-0.132,"bolussnooze":0.0087,"activity":0.0078,"lastBolusTime":1703685416809,"time":"2023-12-27T16:08:05.965Z"}},{"iob":0.394,"basaliob":-0.014,"bolussnooze":0.0062,"activity":0.0083,"lastBolusTime":1703685416809,"time":"2023-12-27T16:13:05.965Z","iobWithZeroTemp":{"iob":0.276,"basaliob":-0.132,"bolussnooze":0.0062,"activity":0.0071,"lastBolusTime":1703685416809,"time":"2023-12-27T16:13:05.965Z"}},{"iob":0.354,"basaliob":-0.013,"bolussnooze":0.0043,"activity":0.0076,"lastBolusTime":1703685416809,"time":"2023-12-27T16:18:05.965Z","iobWithZeroTemp":{"iob":0.234,"basaliob":-0.133,"bolussnooze":0.0043,"activity":0.0064,"lastBolusTime":1703685416809,"time":"2023-12-27T16:18:05.965Z"}},{"iob":0.318,"basaliob":-0.011,"bolussnooze":0.0029,"activity":0.0069,"lastBolusTime":1703685416809,"time":"2023-12-27T16:23:05.965Z","iobWithZeroTemp":{"iob":0.196,"basaliob":-0.133,"bolussnooze":0.0029,"activity":0.0056,"lastBolusTime":1703685416809,"time":"2023-12-27T16:23:05.965Z"}},{"iob":0.285,"basaliob":-0.01,"bolussnooze":0.0019,"activity":0.0063,"lastBolusTime":1703685416809,"time":"2023-12-27T16:28:05.965Z","iobWithZeroTemp":{"iob":0.161,"basaliob":-0.134,"bolussnooze":0.0019,"activity":0.005,"lastBolusTime":1703685416809,"time":"2023-12-27T16:28:05.965Z"}},{"iob":0.255,"basaliob":-0.009,"bolussnooze":0.0011,"activity":0.0057,"lastBolusTime":1703685416809,"time":"2023-12-27T16:33:05.965Z","iobWithZeroTemp":{"iob":0.129,"basaliob":-0.135,"bolussnooze":0.0011,"activity":0.0044,"lastBolusTime":1703685416809,"time":"2023-12-27T16:33:05.965Z"}},{"iob":0.228,"basaliob":-0.008,"bolussnooze":6.0E-4,"activity":0.0052,"lastBolusTime":1703685416809,"time":"2023-12-27T16:38:05.965Z","iobWithZeroTemp":{"iob":0.101,"basaliob":-0.135,"bolussnooze":6.0E-4,"activity":0.0038,"lastBolusTime":1703685416809,"time":"2023-12-27T16:38:05.965Z"}},{"iob":0.203,"basaliob":-0.007,"bolussnooze":3.0E-4,"activity":0.0047,"lastBolusTime":1703685416809,"time":"2023-12-27T16:43:05.965Z","iobWithZeroTemp":{"iob":0.074,"basaliob":-0.136,"bolussnooze":3.0E-4,"activity":0.0033,"lastBolusTime":1703685416809,"time":"2023-12-27T16:43:05.965Z"}},{"iob":0.181,"basaliob":-0.006,"bolussnooze":1.0E-4,"activity":0.0042,"lastBolusTime":1703685416809,"time":"2023-12-27T16:48:05.965Z","iobWithZeroTemp":{"iob":0.051,"basaliob":-0.136,"bolussnooze":1.0E-4,"activity":0.0028,"lastBolusTime":1703685416809,"time":"2023-12-27T16:48:05.965Z"}},{"iob":0.161,"basaliob":-0.005,"bolussnooze":0,"activity":0.0039,"lastBolusTime":1703685416809,"time":"2023-12-27T16:53:05.965Z","iobWithZeroTemp":{"iob":0.03,"basaliob":-0.136,"bolussnooze":0,"activity":0.0024,"lastBolusTime":1703685416809,"time":"2023-12-27T16:53:05.965Z"}},{"iob":0.142,"basaliob":-0.005,"bolussnooze":0,"activity":0.0035,"lastBolusTime":1703685416809,"time":"2023-12-27T16:58:05.965Z","iobWithZeroTemp":{"iob":0.01,"basaliob":-0.137,"bolussnooze":0,"activity":0.002,"lastBolusTime":1703685416809,"time":"2023-12-27T16:58:05.965Z"}},{"iob":0.126,"basaliob":-0.004,"bolussnooze":0,"activity":0.0031,"lastBolusTime":1703685416809,"time":"2023-12-27T17:03:05.965Z","iobWithZeroTemp":{"iob":-0.007,"basaliob":-0.137,"bolussnooze":0,"activity":0.0016,"lastBolusTime":1703685416809,"time":"2023-12-27T17:03:05.965Z"}},{"iob":0.112,"basaliob":-0.003,"bolussnooze":0,"activity":0.0028,"lastBolusTime":1703685416809,"time":"2023-12-27T17:08:05.965Z","iobWithZeroTemp":{"iob":-0.022,"basaliob":-0.137,"bolussnooze":0,"activity":0.0013,"lastBolusTime":1703685416809,"time":"2023-12-27T17:08:05.965Z"}},{"iob":0.098,"basaliob":-0.003,"bolussnooze":0,"activity":0.0025,"lastBolusTime":1703685416809,"time":"2023-12-27T17:13:05.965Z","iobWithZeroTemp":{"iob":-0.037,"basaliob":-0.138,"bolussnooze":0,"activity":0.001,"lastBolusTime":1703685416809,"time":"2023-12-27T17:13:05.965Z"}},{"iob":0.086,"basaliob":-0.003,"bolussnooze":0,"activity":0.0022,"lastBolusTime":1703685416809,"time":"2023-12-27T17:18:05.965Z","iobWithZeroTemp":{"iob":-0.049,"basaliob":-0.138,"bolussnooze":0,"activity":7.0E-4,"lastBolusTime":1703685416809,"time":"2023-12-27T17:18:05.965Z"}},{"iob":0.076,"basaliob":-0.002,"bolussnooze":0,"activity":0.002,"lastBolusTime":1703685416809,"time":"2023-12-27T17:23:05.965Z","iobWithZeroTemp":{"iob":-0.06,"basaliob":-0.138,"bolussnooze":0,"activity":4.0E-4,"lastBolusTime":1703685416809,"time":"2023-12-27T17:23:05.965Z"}},{"iob":0.066,"basaliob":-0.002,"bolussnooze":0,"activity":0.0017,"lastBolusTime":1703685416809,"time":"2023-12-27T17:28:05.965Z","iobWithZeroTemp":{"iob":-0.07,"basaliob":-0.138,"bolussnooze":0,"activity":1.0E-4,"lastBolusTime":1703685416809,"time":"2023-12-27T17:28:05.965Z"}},{"iob":0.057,"basaliob":-0.002,"bolussnooze":0,"activity":0.0015,"lastBolusTime":1703685416809,"time":"2023-12-27T17:33:05.965Z","iobWithZeroTemp":{"iob":-0.08,"basaliob":-0.139,"bolussnooze":0,"activity":-1.0E-4,"lastBolusTime":1703685416809,"time":"2023-12-27T17:33:05.965Z"}},{"iob":0.051,"basaliob":-0.001,"bolussnooze":0,"activity":0.0015,"lastBolusTime":1703685416809,"time":"2023-12-27T17:38:05.965Z","iobWithZeroTemp":{"iob":-0.086,"basaliob":-0.138,"bolussnooze":0,"activity":-1.0E-4,"lastBolusTime":1703685416809,"time":"2023-12-27T17:38:05.965Z"}},{"iob":0.044,"basaliob":-0.001,"bolussnooze":0,"activity":0.0013,"lastBolusTime":1703685416809,"time":"2023-12-27T17:43:05.965Z","iobWithZeroTemp":{"iob":-0.094,"basaliob":-0.139,"bolussnooze":0,"activity":-3.0E-4,"lastBolusTime":1703685416809,"time":"2023-12-27T17:43:05.965Z"}},{"iob":0.038,"basaliob":-0.001,"bolussnooze":0,"activity":0.0011,"lastBolusTime":1703685416809,"time":"2023-12-27T17:48:05.965Z","iobWithZeroTemp":{"iob":-0.1,"basaliob":-0.139,"bolussnooze":0,"activity":-5.0E-4,"lastBolusTime":1703685416809,"time":"2023-12-27T17:48:05.965Z"}},{"iob":0.032,"basaliob":-0.001,"bolussnooze":0,"activity":0.001,"lastBolusTime":1703685416809,"time":"2023-12-27T17:53:05.965Z","iobWithZeroTemp":{"iob":-0.106,"basaliob":-0.139,"bolussnooze":0,"activity":-6.0E-4,"lastBolusTime":1703685416809,"time":"2023-12-27T17:53:05.965Z"}},{"iob":0.028,"basaliob":-0.001,"bolussnooze":0,"activity":9.0E-4,"lastBolusTime":1703685416809,"time":"2023-12-27T17:58:05.965Z","iobWithZeroTemp":{"iob":-0.111,"basaliob":-0.14,"bolussnooze":0,"activity":-7.0E-4,"lastBolusTime":1703685416809,"time":"2023-12-27T17:58:05.965Z"}},{"iob":0.025,"basaliob":0,"bolussnooze":0,"activity":8.0E-4,"lastBolusTime":1703685416809,"time":"2023-12-27T18:03:05.965Z","iobWithZeroTemp":{"iob":-0.114,"basaliob":-0.139,"bolussnooze":0,"activity":-8.0E-4,"lastBolusTime":1703685416809,"time":"2023-12-27T18:03:05.965Z"}},{"iob":0.021,"basaliob":0,"bolussnooze":0,"activity":7.0E-4,"lastBolusTime":1703685416809,"time":"2023-12-27T18:08:05.965Z","iobWithZeroTemp":{"iob":-0.118,"basaliob":-0.139,"bolussnooze":0,"activity":-9.0E-4,"lastBolusTime":1703685416809,"time":"2023-12-27T18:08:05.965Z"}},{"iob":0.018,"basaliob":0,"bolussnooze":0,"activity":6.0E-4,"lastBolusTime":1703685416809,"time":"2023-12-27T18:13:05.965Z","iobWithZeroTemp":{"iob":-0.121,"basaliob":-0.139,"bolussnooze":0,"activity":-0.001,"lastBolusTime":1703685416809,"time":"2023-12-27T18:13:05.965Z"}},{"iob":0.015,"basaliob":0,"bolussnooze":0,"activity":5.0E-4,"lastBolusTime":1703685416809,"time":"2023-12-27T18:18:05.965Z","iobWithZeroTemp":{"iob":-0.124,"basaliob":-0.139,"bolussnooze":0,"activity":-0.0011,"lastBolusTime":1703685416809,"time":"2023-12-27T18:18:05.965Z"}}],"profile":{"max_iob":10,"type":"current","max_daily_basal":0.35,"max_basal":0.4,"min_bg":90,"max_bg":90,"target_bg":90,"carb_ratio":8.2,"sens":110,"max_daily_safety_multiplier":3,"current_basal_safety_multiplier":4,"lgsThreshold":95,"high_temptarget_raises_sensitivity":true,"low_temptarget_lowers_sensitivity":true,"sensitivity_raises_target":true,"resistance_lowers_target":true,"adv_target_adjustments":false,"exercise_mode":false,"half_basal_exercise_target":160,"maxCOB":120,"skip_neutral_temps":false,"remainingCarbsCap":90,"enableUAM":true,"A52_risk_enable":false,"SMBInterval":3,"enableSMB_with_COB":true,"enableSMB_with_temptarget":true,"allowSMB_with_high_temptarget":false,"enableSMB_always":false,"enableSMB_after_carbs":true,"maxSMBBasalMinutes":30,"maxUAMSMBBasalMinutes":40,"bolus_increment":0.05,"carbsReqThreshold":4,"current_basal":0.1,"temptargetSet":true,"autosens_max":1.3,"autosens_min":0.7,"variable_sens":67,"insulinDivisor":75,"TDD":21.14754332738095},"autosens_data":{"ratio":1.4027077888672435},"meal_data":{"carbs":30,"mealCOB":0,"slopeFromMaxDeviation":-1.6954285714285717,"slopeFromMinDeviation":0,"lastBolusTime":1703685416809,"lastCarbTime":1703681651463},"microBolusAllowed":true,"currentTime":1703686987515,"flatBGsDetected":false,"tdd1D":21.236583333333336,"tdd7D":16.175559523809522,"tddLast24H":22.689583333333335,"tddLast4H":7.833333333333332,"tddLast8to4H":2.55},"output":{"temp":"absolute","bg":192,"tick":-8,"eventualBG":39,"targetBG":90,"insulinReq":0,"deliverAt":"2023-12-27T14:23:07.515Z","sensitivityRatio":1.2,"variable_sens":67,"predBGs":{"IOB":[192,184,176,167,158,149,140,131,121,111,101,91,80,69,58,46,39],"ZT":[192,181,170,158,147,135,124,112,100,89,76,64,50,39,39,39,39,39,39,39,39,39,39,39,39,39,39,39,39,39,39,39,39,39,39,39,39,39,39,39,39,39,39,39,39,39,39,39],"UAM":[192,183,172,160,149,137,126,114,102,91,78,66,52,39]},"reason":"COB: 0, Dev: 20, BGI: -11, ISF: 67, CR: 8.2, Target: 90, minPredBG -122, minGuardBG -163, IOBpredBG 39, UAMpredBG 39; minGuardBG -163<95","COB":0,"IOB":2.636,"duration":120,"rate":0,"timestamp":"2023-12-27T14:23:07.547Z"}}