{"algorithm":"OpenAPSSMBDynamicISFPlugin","input":{"glucoseStatus":{"glucose":148,"noise":0,"delta":-4.39,"short_avgdelta":-4.39,"long_avgdelta":-1.86,"date":1703632361000},"currenttemp":{"temp":"absolute","duration":115,"rate":0,"minutesrunning":5},"iob_data":[{"iob":1.2,"basaliob":-0.167,"bolussnooze":0.4259,"activity":0.0153,"lastBolusTime":1703631790365,"time":"2023-12-26T23:13:01.710Z","iobWithZeroTemp":{"iob":1.2,"basaliob":-0.167,"bolussnooze":0.4259,"activity":0.0153,"lastBolusTime":1703631790365,"time":"2023-12-26T23:13:01.710Z"}},{"iob":1.125,"basaliob":-0.154,"bolussnooze":0.367,"activity":0.015,"lastBolusTime":1703631790365,"time":"2023-12-26T23:18:01.710Z","iobWithZeroTemp":{"iob":1.103,"basaliob":-0.176,"bolussnooze":0.367,"activity":0.015,"lastBolusTime":1703631790365,"time":"2023-12-26T23:18:01.710Z"}},{"iob":1.05,"basaliob":-0.143,"bolussnooze":0.3135,"activity":0.0146,"lastBolusTime":1703631790365,"time":"2023-12-26T23:23:01.710Z","iobWithZeroTemp":{"iob":1.002,"basaliob":-0.191,"bolussnooze":0.3135,"activity":0.0145,"lastBolusTime":1703631790365,"time":"2023-12-26T23:23:01.710Z"}},{"iob":0.979,"basaliob":-0.132,"bolussnooze":0.2657,"activity":0.0141,"lastBolusTime":1703631790365,"time":"2023-12-26T23:28:01.710Z","iobWithZeroTemp":{"iob":0.904,"basaliob":-0.207,"bolussnooze":0.2657,"activity":0.0139,"lastBolusTime":1703631790365,"time":"2023-12-26T23:28:01.710Z"}},{"iob":0.909,"basaliob":-0.122,"bolussnooze":0.2235,"activity":0.0136,"lastBolusTime":1703631790365,"time":"2023-12-26T23:33:01.710Z","iobWithZeroTemp":{"iob":0.809,"basaliob":-0.222,"bolussnooze":0.2235,"activity":0.0132,"lastBolusTime":1703631790365,"time":"2023-12-26T23:33:01.710Z"}},{"iob":0.843,"basaliob":-0.112,"bolussnooze":0.1868,"activity":0.0129,"lastBolusTime":1703631790365,"time":"2023-12-26T23:38:01.710Z","iobWithZeroTemp":{"iob":0.718,"basaliob":-0.237,"bolussnooze":0.1868,"activity":0.0123,"lastBolusTime":1703631790365,"time":"2023-12-26T23:38:01.710Z"}},{"iob":0.78,"basaliob":-0.103,"bolussnooze":0.1551,"activity":0.0123,"lastBolusTime":1703631790365,"time":"2023-12-26T23:43:01.710Z","iobWithZeroTemp":{"iob":0.631,"basaliob":-0.252,"bolussnooze":0.1551,"activity":0.0115,"lastBolusTime":1703631790365,"time":"2023-12-26T23:43:01.710Z"}},{"iob":0.72,"basaliob":-0.094,"bolussnooze":0.128,"activity":0.0116,"lastBolusTime":1703631790365,"time":"2023-12-26T23:48:01.710Z","iobWithZeroTemp":{"iob":0.548,"basaliob":-0.266,"bolussnooze":0.128,"activity":0.0106,"lastBolusTime":1703631790365,"time":"2023-12-26T23:48:01.710Z"}},{"iob":0.663,"basaliob":-0.086,"bolussnooze":0.105,"activity":0.011,"lastBolusTime":1703631790365,"time":"2023-12-26T23:53:01.710Z","iobWithZeroTemp":{"iob":0.47,"basaliob":-0.279,"bolussnooze":0.105,"activity":0.0098,"lastBolusTime":1703631790365,"time":"2023-12-26T23:53:01.710Z"}},{"iob":0.61,"basaliob":-0.079,"bolussnooze":0.0857,"activity":0.0104,"lastBolusTime":1703631790365,"time":"2023-12-26T23:58:01.710Z","iobWithZeroTemp":{"iob":0.396,"basaliob":-0.293,"bolussnooze":0.0857,"activity":0.009,"lastBolusTime":1703631790365,"time":"2023-12-26T23:58:01.710Z"}},{"iob":0.559,"basaliob":-0.072,"bolussnooze":0.0695,"activity":0.0097,"lastBolusTime":1703631790365,"time":"2023-12-27T00:03:01.710Z","iobWithZeroTemp":{"iob":0.331,"basaliob":-0.3,"bolussnooze":0.0695,"activity":0.008,"lastBolusTime":1703631790365,"time":"2023-12-27T00:03:01.710Z"}},{"iob":0.513,"basaliob":-0.065,"bolussnooze":0.0561,"activity":0.0091,"lastBolusTime":1703631790365,"time":"2023-12-27T00:08:01.710Z","iobWithZeroTemp":{"iob":0.273,"basaliob":-0.305,"bolussnooze":0.0561,"activity":0.0072,"lastBolusTime":1703631790365,"time":"2023-12-27T00:08:01.710Z"}},{"iob":0.469,"basaliob":-0.059,"bolussnooze":0.045,"activity":0.0085,"lastBolusTime":1703631790365,"time":"2023-12-27T00:13:01.710Z","iobWithZeroTemp":{"iob":0.217,"basaliob":-0.311,"bolussnooze":0.045,"activity":0.0064,"lastBolusTime":1703631790365,"time":"2023-12-27T00:13:01.710Z"}},{"iob":0.428,"basaliob":-0.054,"bolussnooze":0.0359,"activity":0.0078,"lastBolusTime":1703631790365,"time":"2023-12-27T00:18:01.710Z","iobWithZeroTemp":{"iob":0.165,"basaliob":-0.317,"bolussnooze":0.0359,"activity":0.0055,"lastBolusTime":1703631790365,"time":"2023-12-27T00:18:01.710Z"}},{"iob":0.39,"basaliob":-0.049,"bolussnooze":0.0284,"activity":0.0073,"lastBolusTime":1703631790365,"time":"2023-12-27T00:23:01.710Z","iobWithZeroTemp":{"iob":0.117,"basaliob":-0.322,"bolussnooze":0.0284,"activity":0.0049,"lastBolusTime":1703631790365,"time":"2023-12-27T00:23:01.710Z"}},{"iob":0.355,"basaliob":-0.044,"bolussnooze":0.0223,"activity":0.0067,"lastBolusTime":1703631790365,"time":"2023-12-27T00:28:01.710Z","iobWithZeroTemp":{"iob":0.073,"basaliob":-0.326,"bolussnooze":0.0223,"activity":0.0041,"lastBolusTime":1703631790365,"time":"2023-12-27T00:28:01.710Z"}},{"iob":0.323,"basaliob":-0.04,"bolussnooze":0.0174,"activity":0.0063,"lastBolusTime":1703631790365,"time":"2023-12-27T00:33:01.710Z","iobWithZeroTemp":{"iob":0.033,"basaliob":-0.33,"bolussnooze":0.0174,"activity":0.0035,"lastBolusTime":1703631790365,"time":"2023-12-27T00:33:01.710Z"}},{"iob":0.293,"basaliob":-0.036,"bolussnooze":0.0134,"activity":0.0058,"lastBolusTime":1703631790365,"time":"2023-12-27T00:38:01.710Z","iobWithZeroTemp":{"iob":-0.005,"basaliob":-0.334,"bolussnooze":0.0134,"activity":0.0029,"lastBolusTime":1703631790365,"time":"2023-12-27T00:38:01.710Z"}},{"iob":0.266,"basaliob":-0.032,"bolussnooze":0.0102,"activity":0.0053,"lastBolusTime":1703631790365,"time":"2023-12-27T00:43:01.710Z","iobWithZeroTemp":{"iob":-0.039,"basaliob":-0.337,"bolussnooze":0.0102,"activity":0.0023,"lastBolusTime":1703631790365,"time":"2023-12-27T00:43:01.710Z"}},{"iob":0.24,"basaliob":-0.029,"bolussnooze":0.0076,"activity":0.0049,"lastBolusTime":1703631790365,"time":"2023-12-27T00:48:01.710Z","iobWithZeroTemp":{"iob":-0.071,"basaliob":-0.34,"bolussnooze":0.0076,"activity":0.0018,"lastBolusTime":1703631790365,"time":"2023-12-27T00:48:01.710Z"}},{"iob":0.217,"basaliob":-0.026,"bolussnooze":0.0056,"activity":0.0044,"lastBolusTime":1703631790365,"time":"2023-12-27T00:53:01.710Z","iobWithZeroTemp":{"iob":-0.1,"basaliob":-0.343,"bolussnooze":0.0056,"activity":0.0011,"lastBolusTime":1703631790365,"time":"2023-12-27T00:53:01.710Z"}},{"iob":0.196,"basaliob":-0.023,"bolussnooze":0.0041,"activity":0.0041,"lastBolusTime":1703631790365,"time":"2023-12-27T00:58:01.710Z","iobWithZeroTemp":{"iob":-0.126,"basaliob":-0.345,"bolussnooze":0.0041,"activity":7.0E-4,"lastBolusTime":1703631790365,"time":"2023-12-27T00:58:01.710Z"}},{"iob":0.176,"basaliob":-0.021,"bolussnooze":0.0029,"activity":0.0037,"lastBolusTime":1703631790365,"time":"2023-12-27T01:03:01.710Z","iobWithZeroTemp":{"iob":-0.145,"basaliob":-0.342,"bolussnooze":0.0029,"activity":3.0E-4,"lastBolusTime":1703631790365,"time":"2023-12-27T01:03:01.710Z"}},{"iob":0.158,"basaliob":-0.019,"bolussnooze":0.002,"activity":0.0034,"lastBolusTime":1703631790365,"time":"2023-12-27T01:08:01.710Z","iobWithZeroTemp":{"iob":-0.162,"basaliob":-0.339,"bolussnooze":0.002,"activity":-1.0E-4,"lastBolusTime":1703631790365,"time":"2023-12-27T01:08:01.710Z"}},{"iob":0.143,"basaliob":-0.016,"bolussnooze":0.0013,"activity":0.0031,"lastBolusTime":1703631790365,"time":"2023-12-27T01:13:01.710Z","iobWithZeroTemp":{"iob":-0.176,"basaliob":-0.335,"bolussnooze":0.0013,"activity":-5.0E-4,"lastBolusTime":1703631790365,"time":"2023-12-27T01:13:01.710Z"}},{"iob":0.127,"basaliob":-0.015,"bolussnooze":8.0E-4,"activity":0.0029,"lastBolusTime":1703631790365,"time":"2023-12-27T01:18:01.710Z","iobWithZeroTemp":{"iob":-0.19,"basaliob":-0.332,"bolussnooze":8.0E-4,"activity":-7.0E-4,"lastBolusTime":1703631790365,"time":"2023-12-27T01:18:01.710Z"}},{"iob":0.114,"basaliob":-0.013,"bolussnooze":5.0E-4,"activity":0.0026,"lastBolusTime":1703631790365,"time":"2023-12-27T01:23:01.710Z","iobWithZeroTemp":{"iob":-0.201,"basaliob":-0.328,"bolussnooze":5.0E-4,"activity":-0.001,"lastBolusTime":1703631790365,"time":"2023-12-27T01:23:01.710Z"}},{"iob":0.101,"basaliob":-0.012,"bolussnooze":2.0E-4,"activity":0.0023,"lastBolusTime":1703631790365,"time":"2023-12-27T01:28:01.710Z","iobWithZeroTemp":{"iob":-0.212,"basaliob":-0.325,"bolussnooze":2.0E-4,"activity":-0.0014,"lastBolusTime":1703631790365,"time":"2023-12-27T01:28:01.710Z"}},{"iob":0.091,"basaliob":-0.01,"bolussnooze":1.0E-4,"activity":0.002,"lastBolusTime":1703631790365,"time":"2023-12-27T01:33:01.710Z","iobWithZeroTemp":{"iob":-0.22,"basaliob":-0.321,"bolussnooze":1.0E-4,"activity":-0.0017,"lastBolusTime":1703631790365,"time":"2023-12-27T01:33:01.710Z"}},{"iob":0.081,"basaliob":-0.009,"bolussnooze":0,"activity":0.0019,"lastBolusTime":1703631790365,"time":"2023-12-27T01:38:01.710Z","iobWithZeroTemp":{"iob":-0.228,"basaliob":-0.318,"bolussnooze":0,"activity":-0.0018,"lastBolusTime":1703631790365,"time":"2023-12-27T01:38:01.710Z"}},{"iob":0.072,"basaliob":-0.008,"bolussnooze":0,"activity":0.0017,"lastBolusTime":1703631790365,"time":"2023-12-27T01:43:01.710Z","iobWithZeroTemp":{"iob":-0.235,"basaliob":-0.315,"bolussnooze":0,"activity":-0.002,"lastBolusTime":1703631790365,"time":"2023-12-27T01:43:01.710Z"}},{"iob":0.064,"basaliob":-0.007,"bolussnooze":0,"activity":0.0015,"lastBolusTime":1703631790365,"time":"2023-12-27T01:48:01.710Z","iobWithZeroTemp":{"iob":-0.241,"basaliob":-0.312,"bolussnooze":0,"activity":-0.0022,"lastBolusTime":1703631790365,"time":"2023-12-27T01:48:01.710Z"}},{"iob":0.057,"basaliob":-0.006,"bolussnooze":0,"activity":0.0014,"lastBolusTime":1703631790365,"time":"2023-12-27T01:53:01.710Z","iobWithZeroTemp":{"iob":-0.246,"basaliob":-0.309,"bolussnooze":0,"activity":-0.0022,"lastBolusTime":1703631790365,"time":"2023-12-27T01:53:01.710Z"}},{"iob":0.05,"basaliob":-0.005,"bolussnooze":0,"activity":0.0013,"lastBolusTime":1703631790365,"time":"2023-12-27T01:58:01.710Z","iobWithZeroTemp":{"iob":-0.251,"basaliob":-0.306,"bolussnooze":0,"activity":-0.0023,"lastBolusTime":1703631790365,"time":"2023-12-27T01:58:01.710Z"}},{"iob":0.044,"basaliob":-0.005,"bolussnooze":0,"activity":0.0011,"lastBolusTime":1703631790365,"time":"2023-12-27T02:03:01.710Z","iobWithZeroTemp":{"iob":-0.261,"basaliob":-0.31,"bolussnooze":0,"activity":-0.0025,"lastBolusTime":1703631790365,"time":"2023-12-27T02:03:01.710Z"}},{"iob":0.039,"basaliob":-0.004,"bolussnooze":0,"activity":0.001,"lastBolusTime":1703631790365,"time":"2023-12-27T02:08:01.710Z","iobWithZeroTemp":{"iob":-0.269,"basaliob":-0.312,"bolussnooze":0,"activity":-0.0026,"lastBolusTime":1703631790365,"time":"2023-12-27T02:08:01.710Z"}},{"iob":0.033,"basaliob":-0.004,"bolussnooze":0,"activity":9.0E-4,"lastBolusTime":1703631790365,"time":"2023-12-27T02:13:01.710Z","iobWithZeroTemp":{"iob":-0.279,"basaliob":-0.316,"bolussnooze":0,"activity":-0.0027,"lastBolusTime":1703631790365,"time":"2023-12-27T02:13:01.710Z"}},{"iob":0.03,"basaliob":-0.003,"bolussnooze":0,"activity":8.0E-4,"lastBolusTime":1703631790365,"time":"2023-12-27T02:18:01.710Z","iobWithZeroTemp":{"iob":-0.285,"basaliob":-0.318,"bolussnooze":0,"activity":-0.0029,"lastBolusTime":1703631790365,"time":"2023-12-27T02:18:01.710Z"}},{"iob":0.025,"basaliob":-0.003,"bolussnooze":0,"activity":7.0E-4,"lastBolusTime":1703631790365,"time":"2023-12-27T02:23:01.710Z","iobWithZeroTemp":{"iob":-0.293,"basaliob":-0.321,"bolussnooze":0,"activity":-0.003,"lastBolusTime":1703631790365,"time":"2023-12-27T02:23:01.710Z"}},{"iob":0.023,"basaliob":-0.002,"bolussnooze":0,"activity":6.0E-4,"lastBolusTime":1703631790365,"time":"2023-12-27T02:28:01.710Z","iobWithZeroTemp":{"iob":-0.299,"basaliob":-0.324,"bolussnooze":0,"activity":-0.0031,"lastBolusTime":1703631790365,"time":"2023-12-27T02:28:01.710Z"}},{"iob":0.019,"basaliob":-0.002,"bolussnooze":0,"activity":5.0E-4,"lastBolusTime":1703631790365,"time":"2023-12-27T02:33:01.710Z","iobWithZeroTemp":{"iob":-0.306,"basaliob":-0.327,"bolussnooze":0,"activity":-0.0032,"lastBolusTime":1703631790365,"time":"2023-12-27T02:33:01.710Z"}},{"iob":0.017,"basaliob":-0.002,"bolussnooze":0,"activity":4.0E-4,"lastBolusTime":1703631790365,"time":"2023-12-27T02:38:01.710Z","iobWithZeroTemp":{"iob":-0.311,"basaliob":-0.33,"bolussnooze":0,"activity":-0.0034,"lastBolusTime":1703631790365,"time":"2023-12-27T02:38:01.710Z"}},{"iob":0.015,"basaliob":-0.001,"bolussnooze":0,"activity":5.0E-4,"lastBolusTime":1703631790365,"time":"2023-12-27T02:43:01.710Z","iobWithZeroTemp":{"iob":-0.315,"basaliob":-0.331,"bolussnooze":0,"activity":-0.0033,"lastBolusTime":1703631790365,"time":"2023-12-27T02:43:01.710Z"}},{"iob":0.013,"basaliob":-0.001,"bolussnooze":0,"activity":4.0E-4,"lastBolusTime":1703631790365,"time":"2023-12-27T02:48:01.710Z","iobWithZeroTemp":{"iob":-0.32,"basaliob":-0.334,"bolussnooze":0,"activity":-0.0034,"lastBolusTime":1703631790365,"time":"2023-12-27T02:48:01.710Z"}},{"iob":0.011,"basaliob":-0.001,"bolussnooze":0,"activity":4.0E-4,"lastBolusTime":1703631790365,"time":"2023-12-27T02:53:01.710Z","iobWithZeroTemp":{"iob":-0.325,"basaliob":-0.337,"bolussnooze":0,"activity":-0.0035,"lastBolusTime":1703631790365,"time":"2023-12-27T02:53:01.710Z"}},{"iob":0.009,"basaliob":-0.001,"bolussnooze":0,"activity":3.0E-4,"lastBolusTime":1703631790365,"time":"2023-12-27T02:58:01.710Z","iobWithZeroTemp":{"iob":-0.329,"basaliob":-0.339,"bolussnooze":0,"activity":-0.0036,"lastBolusTime":1703631790365,"time":"2023-12-27T02:58:01.710Z"}},{"iob":0.007,"basaliob":-0.001,"bolussnooze":0,"activity":3.0E-4,"lastBolusTime":1703631790365,"time":"2023-12-27T03:03:01.710Z","iobWithZeroTemp":{"iob":-0.344,"basaliob":-0.352,"bolussnooze":0,"activity":-0.0036,"lastBolusTime":1703631790365,"time":"2023-12-27T03:03:01.710Z"}},{"iob":0.006,"basaliob":-0.001,"bolussnooze":0,"activity":2.0E-4,"lastBolusTime":1703631790365,"time":"2023-12-27T03:08:01.710Z","iobWithZeroTemp":{"iob":-0.358,"basaliob":-0.365,"bolussnooze":0,"activity":-0.0038,"lastBolusTime":1703631790365,"time":"2023-12-27T03:08:01.710Z"}}],"profile":{"max_iob":10,"type":"current","max_daily_basal":0.45499999999999996,"max_basal":1.3,"min_bg":75,"max_bg":75,"target_bg":75,"carb_ratio":6.3076923076923075,"sens":92.3076923076923,"max_daily_safety_multiplier":3,"current_basal_safety_multiplier":4,"lgsThreshold":95,"high_temptarget_raises_sensitivity":true,"low_temptarget_lowers_sensitivity":true,"sensitivity_raises_target":true,"resistance_lowers_target":true,"adv_target_adjustments":false,"exercise_mode":false,"half_basal_exercise_target":160,"maxCOB":120,"skip_neutral_temps":false,"remainingCarbsCap":90,"enableUAM":true,"A52_risk_enable":false,"SMBInterval":3,"enableSMB_with_COB":true,"enableSMB_with_temptarget":true,"allowSMB_with_high_temptarget":false,"enableSMB_always":false,"enableSMB_after_carbs":true,"maxSMBBasalMinutes":30,"maxUAMSMBBasalMinutes":40,"bolus_increment":0.05,"carbsReqThreshold":4,"current_basal":0.35,"temptargetSet":true,"autosens_max":1.3,"autosens_min":0.7,"variable_sens":85.7,"insulinDivisor":75,"TDD":19.271699577380954},"autosens_data":{"ratio":1.305925974445574},"meal_data":{"carbs":25,"mealCOB":0,"slopeFromMaxDeviation":-0.5363636363636364,"slopeFromMinDeviation":0,"lastBolusTime":1703631790365,"lastCarbTime":1703625148854},"microBolusAllowed":true,"currentTime":1703632382408,"flatBGsDetected":false,"tdd1D":21.236583333333336,"tdd7D":16.175559523809522,"tddLast24H":21.124083333333335,"tddLast4H":6.000000000000001,"tddLast8to4H":3.1125000000000007},"output":{"temp":"absolute","bg":148,"tick":-4,"eventualBG":58,"targetBG":75,"insulinReq":0,"deliverAt":"2023-12-26T23:13:02.408Z","sensitivityRatio":1.3,"variable_sens":85.7,"predBGs":{"IOB":[148,143,139,134,129,124,119,114,109,103,98,93,88,82,78,73,68,64,59,55,51,47,43,39],"ZT":[148,141,135,128,122,115,109,103,97,92,87,82,77,73,69,66,63,60,58,56,54,53,53,53,53,53,54,55,56,57,59,60,62,64,65,67,69,71,73,75],"UAM":[148,143,138,132,125,119,112,106,100,94,88,82,76,71,65,60,54,49,44,39]},"reason":"COB: 0, Dev: 13, BGI: -7, ISF: 86, CR: 6.31, Target: 75, minPredBG 46, minGuardBG -17, IOBpredBG 39, UAMpredBG 39; minGuardBG -17<95 115m left and 0 ~ req 0U\/hr: no temp required","COB":0,"IOB":1.2,"timestamp":"2023-12-26T23:13:02.431Z"}}