{"algorithm":"OpenAPSSMBDynamicISFPlugin","input":{"glucoseStatus":{"glucose":141,"noise":0,"delta":2.89,"short_avgdelta":2.89,"long_avgdelta":0.75,"date":1703509358000},"currenttemp":{"temp":"absolute","duration":90,"rate":0,"minutesrunning":30},"iob_data":[{"iob":2.06,"basaliob":-0.218,"bolussnooze":0.6662,"activity":0.0276,"lastBolusTime":1703509385902,"time":"2023-12-25T13:05:24.054Z","iobWithZeroTemp":{"iob":2.06,"basaliob":-0.218,"bolussnooze":0.6662,"activity":0.0276,"lastBolusTime":1703509385902,"time":"2023-12-25T13:05:24.054Z"}},{"iob":1.923,"basaliob":-0.211,"bolussnooze":0.5507,"activity":0.0268,"lastBolusTime":1703509385902,"time":"2023-12-25T13:10:24.054Z","iobWithZeroTemp":{"iob":1.896,"basaliob":-0.238,"bolussnooze":0.5507,"activity":0.0268,"lastBolusTime":1703509385902,"time":"2023-12-25T13:10:24.054Z"}},{"iob":1.792,"basaliob":-0.202,"bolussnooze":0.4524,"activity":0.0259,"lastBolusTime":1703509385902,"time":"2023-12-25T13:15:24.054Z","iobWithZeroTemp":{"iob":1.731,"basaliob":-0.263,"bolussnooze":0.4524,"activity":0.0258,"lastBolusTime":1703509385902,"time":"2023-12-25T13:15:24.054Z"}},{"iob":1.665,"basaliob":-0.193,"bolussnooze":0.3693,"activity":0.0248,"lastBolusTime":1703509385902,"time":"2023-12-25T13:20:24.054Z","iobWithZeroTemp":{"iob":1.571,"basaliob":-0.287,"bolussnooze":0.3693,"activity":0.0245,"lastBolusTime":1703509385902,"time":"2023-12-25T13:20:24.054Z"}},{"iob":1.544,"basaliob":-0.183,"bolussnooze":0.2995,"activity":0.0237,"lastBolusTime":1703509385902,"time":"2023-12-25T13:25:24.054Z","iobWithZeroTemp":{"iob":1.417,"basaliob":-0.31,"bolussnooze":0.2995,"activity":0.0232,"lastBolusTime":1703509385902,"time":"2023-12-25T13:25:24.054Z"}},{"iob":1.429,"basaliob":-0.173,"bolussnooze":0.2413,"activity":0.0225,"lastBolusTime":1703509385902,"time":"2023-12-25T13:30:24.054Z","iobWithZeroTemp":{"iob":1.271,"basaliob":-0.331,"bolussnooze":0.2413,"activity":0.0218,"lastBolusTime":1703509385902,"time":"2023-12-25T13:30:24.054Z"}},{"iob":1.319,"basaliob":-0.163,"bolussnooze":0.193,"activity":0.0213,"lastBolusTime":1703509385902,"time":"2023-12-25T13:35:24.054Z","iobWithZeroTemp":{"iob":1.131,"basaliob":-0.351,"bolussnooze":0.193,"activity":0.0203,"lastBolusTime":1703509385902,"time":"2023-12-25T13:35:24.054Z"}},{"iob":1.216,"basaliob":-0.153,"bolussnooze":0.1532,"activity":0.0201,"lastBolusTime":1703509385902,"time":"2023-12-25T13:40:24.054Z","iobWithZeroTemp":{"iob":1,"basaliob":-0.369,"bolussnooze":0.1532,"activity":0.0188,"lastBolusTime":1703509385902,"time":"2023-12-25T13:40:24.054Z"}},{"iob":1.118,"basaliob":-0.143,"bolussnooze":0.1207,"activity":0.0189,"lastBolusTime":1703509385902,"time":"2023-12-25T13:45:24.054Z","iobWithZeroTemp":{"iob":0.874,"basaliob":-0.387,"bolussnooze":0.1207,"activity":0.0174,"lastBolusTime":1703509385902,"time":"2023-12-25T13:45:24.054Z"}},{"iob":1.026,"basaliob":-0.134,"bolussnooze":0.0942,"activity":0.0177,"lastBolusTime":1703509385902,"time":"2023-12-25T13:50:24.054Z","iobWithZeroTemp":{"iob":0.757,"basaliob":-0.403,"bolussnooze":0.0942,"activity":0.0159,"lastBolusTime":1703509385902,"time":"2023-12-25T13:50:24.054Z"}},{"iob":0.941,"basaliob":-0.125,"bolussnooze":0.0728,"activity":0.0166,"lastBolusTime":1703509385902,"time":"2023-12-25T13:55:24.054Z","iobWithZeroTemp":{"iob":0.647,"basaliob":-0.419,"bolussnooze":0.0728,"activity":0.0145,"lastBolusTime":1703509385902,"time":"2023-12-25T13:55:24.054Z"}},{"iob":0.861,"basaliob":-0.116,"bolussnooze":0.0556,"activity":0.0155,"lastBolusTime":1703509385902,"time":"2023-12-25T14:00:24.054Z","iobWithZeroTemp":{"iob":0.544,"basaliob":-0.433,"bolussnooze":0.0556,"activity":0.0131,"lastBolusTime":1703509385902,"time":"2023-12-25T14:00:24.054Z"}},{"iob":0.787,"basaliob":-0.107,"bolussnooze":0.0419,"activity":0.0144,"lastBolusTime":1703509385902,"time":"2023-12-25T14:05:24.054Z","iobWithZeroTemp":{"iob":0.472,"basaliob":-0.422,"bolussnooze":0.0419,"activity":0.0117,"lastBolusTime":1703509385902,"time":"2023-12-25T14:05:24.054Z"}},{"iob":0.718,"basaliob":-0.099,"bolussnooze":0.0311,"activity":0.0133,"lastBolusTime":1703509385902,"time":"2023-12-25T14:10:24.054Z","iobWithZeroTemp":{"iob":0.406,"basaliob":-0.411,"bolussnooze":0.0311,"activity":0.0104,"lastBolusTime":1703509385902,"time":"2023-12-25T14:10:24.054Z"}},{"iob":0.653,"basaliob":-0.092,"bolussnooze":0.0227,"activity":0.0123,"lastBolusTime":1703509385902,"time":"2023-12-25T14:15:24.054Z","iobWithZeroTemp":{"iob":0.344,"basaliob":-0.401,"bolussnooze":0.0227,"activity":0.0093,"lastBolusTime":1703509385902,"time":"2023-12-25T14:15:24.054Z"}},{"iob":0.594,"basaliob":-0.084,"bolussnooze":0.0162,"activity":0.0114,"lastBolusTime":1703509385902,"time":"2023-12-25T14:20:24.054Z","iobWithZeroTemp":{"iob":0.29,"basaliob":-0.388,"bolussnooze":0.0162,"activity":0.0083,"lastBolusTime":1703509385902,"time":"2023-12-25T14:20:24.054Z"}},{"iob":0.539,"basaliob":-0.078,"bolussnooze":0.0112,"activity":0.0105,"lastBolusTime":1703509385902,"time":"2023-12-25T14:25:24.054Z","iobWithZeroTemp":{"iob":0.239,"basaliob":-0.378,"bolussnooze":0.0112,"activity":0.0073,"lastBolusTime":1703509385902,"time":"2023-12-25T14:25:24.054Z"}},{"iob":0.489,"basaliob":-0.071,"bolussnooze":0.0075,"activity":0.0097,"lastBolusTime":1703509385902,"time":"2023-12-25T14:30:24.054Z","iobWithZeroTemp":{"iob":0.195,"basaliob":-0.365,"bolussnooze":0.0075,"activity":0.0064,"lastBolusTime":1703509385902,"time":"2023-12-25T14:30:24.054Z"}},{"iob":0.443,"basaliob":-0.065,"bolussnooze":0.0048,"activity":0.009,"lastBolusTime":1703509385902,"time":"2023-12-25T14:35:24.054Z","iobWithZeroTemp":{"iob":0.154,"basaliob":-0.354,"bolussnooze":0.0048,"activity":0.0057,"lastBolusTime":1703509385902,"time":"2023-12-25T14:35:24.054Z"}},{"iob":0.399,"basaliob":-0.06,"bolussnooze":0.0029,"activity":0.0081,"lastBolusTime":1703509385902,"time":"2023-12-25T14:40:24.054Z","iobWithZeroTemp":{"iob":0.116,"basaliob":-0.343,"bolussnooze":0.0029,"activity":0.0048,"lastBolusTime":1703509385902,"time":"2023-12-25T14:40:24.054Z"}},{"iob":0.36,"basaliob":-0.055,"bolussnooze":0.0015,"activity":0.0075,"lastBolusTime":1703509385902,"time":"2023-12-25T14:45:24.054Z","iobWithZeroTemp":{"iob":0.083,"basaliob":-0.332,"bolussnooze":0.0015,"activity":0.0042,"lastBolusTime":1703509385902,"time":"2023-12-25T14:45:24.054Z"}},{"iob":0.324,"basaliob":-0.05,"bolussnooze":7.0E-4,"activity":0.0069,"lastBolusTime":1703509385902,"time":"2023-12-25T14:50:24.054Z","iobWithZeroTemp":{"iob":0.052,"basaliob":-0.322,"bolussnooze":7.0E-4,"activity":0.0036,"lastBolusTime":1703509385902,"time":"2023-12-25T14:50:24.054Z"}},{"iob":0.292,"basaliob":-0.045,"bolussnooze":2.0E-4,"activity":0.0062,"lastBolusTime":1703509385902,"time":"2023-12-25T14:55:24.054Z","iobWithZeroTemp":{"iob":0.026,"basaliob":-0.311,"bolussnooze":2.0E-4,"activity":0.0029,"lastBolusTime":1703509385902,"time":"2023-12-25T14:55:24.054Z"}},{"iob":0.262,"basaliob":-0.041,"bolussnooze":0,"activity":0.0057,"lastBolusTime":1703509385902,"time":"2023-12-25T15:00:24.054Z","iobWithZeroTemp":{"iob":0.001,"basaliob":-0.302,"bolussnooze":0,"activity":0.0024,"lastBolusTime":1703509385902,"time":"2023-12-25T15:00:24.054Z"}},{"iob":0.234,"basaliob":-0.038,"bolussnooze":0,"activity":0.0052,"lastBolusTime":1703509385902,"time":"2023-12-25T15:05:24.054Z","iobWithZeroTemp":{"iob":-0.021,"basaliob":-0.293,"bolussnooze":0,"activity":0.002,"lastBolusTime":1703509385902,"time":"2023-12-25T15:05:24.054Z"}},{"iob":0.21,"basaliob":-0.034,"bolussnooze":0,"activity":0.0047,"lastBolusTime":1703509385902,"time":"2023-12-25T15:10:24.054Z","iobWithZeroTemp":{"iob":-0.04,"basaliob":-0.284,"bolussnooze":0,"activity":0.0015,"lastBolusTime":1703509385902,"time":"2023-12-25T15:10:24.054Z"}},{"iob":0.187,"basaliob":-0.031,"bolussnooze":0,"activity":0.0043,"lastBolusTime":1703509385902,"time":"2023-12-25T15:15:24.054Z","iobWithZeroTemp":{"iob":-0.058,"basaliob":-0.276,"bolussnooze":0,"activity":0.0012,"lastBolusTime":1703509385902,"time":"2023-12-25T15:15:24.054Z"}},{"iob":0.167,"basaliob":-0.028,"bolussnooze":0,"activity":0.0039,"lastBolusTime":1703509385902,"time":"2023-12-25T15:20:24.054Z","iobWithZeroTemp":{"iob":-0.074,"basaliob":-0.269,"bolussnooze":0,"activity":8.0E-4,"lastBolusTime":1703509385902,"time":"2023-12-25T15:20:24.054Z"}},{"iob":0.148,"basaliob":-0.025,"bolussnooze":0,"activity":0.0035,"lastBolusTime":1703509385902,"time":"2023-12-25T15:25:24.054Z","iobWithZeroTemp":{"iob":-0.088,"basaliob":-0.261,"bolussnooze":0,"activity":5.0E-4,"lastBolusTime":1703509385902,"time":"2023-12-25T15:25:24.054Z"}},{"iob":0.131,"basaliob":-0.023,"bolussnooze":0,"activity":0.0032,"lastBolusTime":1703509385902,"time":"2023-12-25T15:30:24.054Z","iobWithZeroTemp":{"iob":-0.101,"basaliob":-0.255,"bolussnooze":0,"activity":2.0E-4,"lastBolusTime":1703509385902,"time":"2023-12-25T15:30:24.054Z"}},{"iob":0.117,"basaliob":-0.02,"bolussnooze":0,"activity":0.0029,"lastBolusTime":1703509385902,"time":"2023-12-25T15:35:24.054Z","iobWithZeroTemp":{"iob":-0.111,"basaliob":-0.248,"bolussnooze":0,"activity":0,"lastBolusTime":1703509385902,"time":"2023-12-25T15:35:24.054Z"}},{"iob":0.103,"basaliob":-0.018,"bolussnooze":0,"activity":0.0026,"lastBolusTime":1703509385902,"time":"2023-12-25T15:40:24.054Z","iobWithZeroTemp":{"iob":-0.121,"basaliob":-0.242,"bolussnooze":0,"activity":-3.0E-4,"lastBolusTime":1703509385902,"time":"2023-12-25T15:40:24.054Z"}},{"iob":0.091,"basaliob":-0.016,"bolussnooze":0,"activity":0.0023,"lastBolusTime":1703509385902,"time":"2023-12-25T15:45:24.054Z","iobWithZeroTemp":{"iob":-0.13,"basaliob":-0.237,"bolussnooze":0,"activity":-5.0E-4,"lastBolusTime":1703509385902,"time":"2023-12-25T15:45:24.054Z"}},{"iob":0.079,"basaliob":-0.015,"bolussnooze":0,"activity":0.0021,"lastBolusTime":1703509385902,"time":"2023-12-25T15:50:24.054Z","iobWithZeroTemp":{"iob":-0.139,"basaliob":-0.233,"bolussnooze":0,"activity":-7.0E-4,"lastBolusTime":1703509385902,"time":"2023-12-25T15:50:24.054Z"}},{"iob":0.07,"basaliob":-0.013,"bolussnooze":0,"activity":0.0019,"lastBolusTime":1703509385902,"time":"2023-12-25T15:55:24.054Z","iobWithZeroTemp":{"iob":-0.145,"basaliob":-0.228,"bolussnooze":0,"activity":-9.0E-4,"lastBolusTime":1703509385902,"time":"2023-12-25T15:55:24.054Z"}},{"iob":0.061,"basaliob":-0.012,"bolussnooze":0,"activity":0.0016,"lastBolusTime":1703509385902,"time":"2023-12-25T16:00:24.054Z","iobWithZeroTemp":{"iob":-0.151,"basaliob":-0.224,"bolussnooze":0,"activity":-0.0011,"lastBolusTime":1703509385902,"time":"2023-12-25T16:00:24.054Z"}},{"iob":0.053,"basaliob":-0.011,"bolussnooze":0,"activity":0.0015,"lastBolusTime":1703509385902,"time":"2023-12-25T16:05:24.054Z","iobWithZeroTemp":{"iob":-0.156,"basaliob":-0.22,"bolussnooze":0,"activity":-0.0012,"lastBolusTime":1703509385902,"time":"2023-12-25T16:05:24.054Z"}},{"iob":0.046,"basaliob":-0.009,"bolussnooze":0,"activity":0.0013,"lastBolusTime":1703509385902,"time":"2023-12-25T16:10:24.054Z","iobWithZeroTemp":{"iob":-0.161,"basaliob":-0.216,"bolussnooze":0,"activity":-0.0013,"lastBolusTime":1703509385902,"time":"2023-12-25T16:10:24.054Z"}},{"iob":0.04,"basaliob":-0.008,"bolussnooze":0,"activity":0.0012,"lastBolusTime":1703509385902,"time":"2023-12-25T16:15:24.054Z","iobWithZeroTemp":{"iob":-0.165,"basaliob":-0.213,"bolussnooze":0,"activity":-0.0014,"lastBolusTime":1703509385902,"time":"2023-12-25T16:15:24.054Z"}},{"iob":0.035,"basaliob":-0.007,"bolussnooze":0,"activity":0.001,"lastBolusTime":1703509385902,"time":"2023-12-25T16:20:24.054Z","iobWithZeroTemp":{"iob":-0.167,"basaliob":-0.209,"bolussnooze":0,"activity":-0.0016,"lastBolusTime":1703509385902,"time":"2023-12-25T16:20:24.054Z"}},{"iob":0.029,"basaliob":-0.007,"bolussnooze":0,"activity":9.0E-4,"lastBolusTime":1703509385902,"time":"2023-12-25T16:25:24.054Z","iobWithZeroTemp":{"iob":-0.172,"basaliob":-0.208,"bolussnooze":0,"activity":-0.0016,"lastBolusTime":1703509385902,"time":"2023-12-25T16:25:24.054Z"}},{"iob":0.025,"basaliob":-0.006,"bolussnooze":0,"activity":9.0E-4,"lastBolusTime":1703509385902,"time":"2023-12-25T16:30:24.054Z","iobWithZeroTemp":{"iob":-0.174,"basaliob":-0.205,"bolussnooze":0,"activity":-0.0016,"lastBolusTime":1703509385902,"time":"2023-12-25T16:30:24.054Z"}},{"iob":0.021,"basaliob":-0.005,"bolussnooze":0,"activity":7.0E-4,"lastBolusTime":1703509385902,"time":"2023-12-25T16:35:24.054Z","iobWithZeroTemp":{"iob":-0.176,"basaliob":-0.202,"bolussnooze":0,"activity":-0.0018,"lastBolusTime":1703509385902,"time":"2023-12-25T16:35:24.054Z"}},{"iob":0.018,"basaliob":-0.004,"bolussnooze":0,"activity":6.0E-4,"lastBolusTime":1703509385902,"time":"2023-12-25T16:40:24.054Z","iobWithZeroTemp":{"iob":-0.178,"basaliob":-0.2,"bolussnooze":0,"activity":-0.0019,"lastBolusTime":1703509385902,"time":"2023-12-25T16:40:24.054Z"}},{"iob":0.015,"basaliob":-0.004,"bolussnooze":0,"activity":5.0E-4,"lastBolusTime":1703509385902,"time":"2023-12-25T16:45:24.054Z","iobWithZeroTemp":{"iob":-0.179,"basaliob":-0.198,"bolussnooze":0,"activity":-0.0019,"lastBolusTime":1703509385902,"time":"2023-12-25T16:45:24.054Z"}},{"iob":0.013,"basaliob":-0.003,"bolussnooze":0,"activity":5.0E-4,"lastBolusTime":1703509385902,"time":"2023-12-25T16:50:24.054Z","iobWithZeroTemp":{"iob":-0.18,"basaliob":-0.196,"bolussnooze":0,"activity":-0.0019,"lastBolusTime":1703509385902,"time":"2023-12-25T16:50:24.054Z"}},{"iob":0.01,"basaliob":-0.003,"bolussnooze":0,"activity":4.0E-4,"lastBolusTime":1703509385902,"time":"2023-12-25T16:55:24.054Z","iobWithZeroTemp":{"iob":-0.182,"basaliob":-0.195,"bolussnooze":0,"activity":-0.002,"lastBolusTime":1703509385902,"time":"2023-12-25T16:55:24.054Z"}},{"iob":0.008,"basaliob":-0.003,"bolussnooze":0,"activity":3.0E-4,"lastBolusTime":1703509385902,"time":"2023-12-25T17:00:24.054Z","iobWithZeroTemp":{"iob":-0.183,"basaliob":-0.194,"bolussnooze":0,"activity":-0.0021,"lastBolusTime":1703509385902,"time":"2023-12-25T17:00:24.054Z"}}],"profile":{"max_iob":10,"type":"current","max_daily_basal":0.41,"max_basal":1.25,"min_bg":90,"max_bg":90,"target_bg":90,"carb_ratio":7.639,"sens":140.517,"max_daily_safety_multiplier":3,"current_basal_safety_multiplier":4,"lgsThreshold":95,"high_temptarget_raises_sensitivity":true,"low_temptarget_lowers_sensitivity":true,"sensitivity_raises_target":true,"resistance_lowers_target":true,"adv_target_adjustments":false,"exercise_mode":false,"half_basal_exercise_target":160,"maxCOB":120,"skip_neutral_temps":false,"remainingCarbsCap":90,"enableUAM":true,"A52_risk_enable":false,"SMBInterval":3,"enableSMB_with_COB":true,"enableSMB_with_temptarget":true,"allowSMB_with_high_temptarget":false,"enableSMB_always":false,"enableSMB_after_carbs":true,"maxSMBBasalMinutes":30,"maxUAMSMBBasalMinutes":40,"bolus_increment":0.05,"carbsReqThreshold":4,"current_basal":0.4,"temptargetSet":true,"autosens_max":1.3,"autosens_min":0.7,"variable_sens":109.4,"insulinDivisor":75,"TDD":15.556628761904763},"autosens_data":{"ratio":1.140081556968092},"meal_data":{"carbs":38,"mealCOB":13.612032057936052,"slopeFromMaxDeviation":0,"slopeFromMinDeviation":0.8449999999999998,"lastBolusTime":1703509385902,"lastCarbTime":1703505757237},"microBolusAllowed":true,"currentTime":1703509525168,"flatBGsDetected":false,"tdd1D":15.581666666666663,"tdd7D":15.151547619047617,"tddLast24H":17.273999999999994,"tddLast4H":4.466666666666667,"tddLast8to4H":3.0600000000000005},"output":{"temp":"absolute","bg":141,"tick":"+3","eventualBG":251,"targetBG":90,"insulinReq":0.05,"deliverAt":"2023-12-25T13:05:25.168Z","sensitivityRatio":1.2,"variable_sens":109.4,"predBGs":{"IOB":[141,142,143,142,141,138,135,130,125,118,110,101,91,80,70,59,47,39],"ZT":[141,126,110,94,76,57,39,39,39,39,39,39,39,39,39,39,39,39,39,39,39,39,39,39,39,39,39,39,39,39,39,39,39,39,39,39,39,39,39,39,39,39,39,39,39,39,39,39],"COB":[141,143,145,146,147,148,149,149,150,150,150,150,149,149,148,146,145,143,141,138,135,131,128,124,121,118,116,113,111,109,108,106,105,103,102,101,100,99,99,98,98,97,97,96,96,96,95],"UAM":[141,143,146,149,151,154,158,161,165,169,174,178,183,188,192,197,202,207,212,217,221,225,230,233,237,241,244,246,249,251,253,254,255,256,256,256,255,254,254,253,253,253,252,252,252,252,251]},"reason":"COB: 13.6, Dev: 108, BGI: -15, ISF: 109, CR: 7.64, Target: 90, minPredBG 95, minGuardBG 126, IOBpredBG 39, COBpredBG 95, UAMpredBG 251; Eventual BG 251 >= 90,  insulinReq 0.05. Waiting 1m 42s to microbolus again. temp 0.00 < 0.58U\/hr. ","COB":13.612032057936052,"IOB":2.06,"duration":30,"rate":0.58,"timestamp":"2023-12-25T13:05:25.196Z"}}