{"algorithm":"OpenAPSSMBDynamicISFPlugin","input":{"glucoseStatus":{"glucose":131,"noise":0,"delta":1.67,"short_avgdelta":1.67,"long_avgdelta":-2.76,"date":1703692062000},"currenttemp":{"temp":"absolute","duration":115,"rate":0,"minutesrunning":5},"iob_data":[{"iob":1.063,"basaliob":-0.129,"bolussnooze":0.4629,"activity":0.0153,"lastBolusTime":1703690957983,"time":"2023-12-27T15:48:00.404Z","iobWithZeroTemp":{"iob":1.063,"basaliob":-0.129,"bolussnooze":0.4629,"activity":0.0153,"lastBolusTime":1703690957983,"time":"2023-12-27T15:48:00.404Z"}},{"iob":0.988,"basaliob":-0.122,"bolussnooze":0.4091,"activity":0.0147,"lastBolusTime":1703690957983,"time":"2023-12-27T15:53:00.404Z","iobWithZeroTemp":{"iob":0.981,"basaliob":-0.129,"bolussnooze":0.4091,"activity":0.0147,"lastBolusTime":1703690957983,"time":"2023-12-27T15:53:00.404Z"}},{"iob":0.916,"basaliob":-0.114,"bolussnooze":0.3573,"activity":0.014,"lastBolusTime":1703690957983,"time":"2023-12-27T15:58:00.404Z","iobWithZeroTemp":{"iob":0.901,"basaliob":-0.129,"bolussnooze":0.3573,"activity":0.014,"lastBolusTime":1703690957983,"time":"2023-12-27T15:58:00.404Z"}},{"iob":0.847,"basaliob":-0.107,"bolussnooze":0.3088,"activity":0.0134,"lastBolusTime":1703690957983,"time":"2023-12-27T16:03:00.404Z","iobWithZeroTemp":{"iob":0.824,"basaliob":-0.13,"bolussnooze":0.3088,"activity":0.0133,"lastBolusTime":1703690957983,"time":"2023-12-27T16:03:00.404Z"}},{"iob":0.782,"basaliob":-0.1,"bolussnooze":0.2645,"activity":0.0127,"lastBolusTime":1703690957983,"time":"2023-12-27T16:08:00.404Z","iobWithZeroTemp":{"iob":0.751,"basaliob":-0.131,"bolussnooze":0.2645,"activity":0.0126,"lastBolusTime":1703690957983,"time":"2023-12-27T16:08:00.404Z"}},{"iob":0.72,"basaliob":-0.093,"bolussnooze":0.2248,"activity":0.0119,"lastBolusTime":1703690957983,"time":"2023-12-27T16:13:00.404Z","iobWithZeroTemp":{"iob":0.682,"basaliob":-0.131,"bolussnooze":0.2248,"activity":0.0117,"lastBolusTime":1703690957983,"time":"2023-12-27T16:13:00.404Z"}},{"iob":0.663,"basaliob":-0.086,"bolussnooze":0.1896,"activity":0.0113,"lastBolusTime":1703690957983,"time":"2023-12-27T16:18:00.404Z","iobWithZeroTemp":{"iob":0.617,"basaliob":-0.132,"bolussnooze":0.1896,"activity":0.0111,"lastBolusTime":1703690957983,"time":"2023-12-27T16:18:00.404Z"}},{"iob":0.608,"basaliob":-0.08,"bolussnooze":0.1589,"activity":0.0106,"lastBolusTime":1703690957983,"time":"2023-12-27T16:23:00.404Z","iobWithZeroTemp":{"iob":0.555,"basaliob":-0.133,"bolussnooze":0.1589,"activity":0.0103,"lastBolusTime":1703690957983,"time":"2023-12-27T16:23:00.404Z"}},{"iob":0.557,"basaliob":-0.074,"bolussnooze":0.1324,"activity":0.0099,"lastBolusTime":1703690957983,"time":"2023-12-27T16:28:00.404Z","iobWithZeroTemp":{"iob":0.498,"basaliob":-0.133,"bolussnooze":0.1324,"activity":0.0095,"lastBolusTime":1703690957983,"time":"2023-12-27T16:28:00.404Z"}},{"iob":0.509,"basaliob":-0.068,"bolussnooze":0.1095,"activity":0.0092,"lastBolusTime":1703690957983,"time":"2023-12-27T16:33:00.404Z","iobWithZeroTemp":{"iob":0.443,"basaliob":-0.134,"bolussnooze":0.1095,"activity":0.0088,"lastBolusTime":1703690957983,"time":"2023-12-27T16:33:00.404Z"}},{"iob":0.464,"basaliob":-0.063,"bolussnooze":0.0901,"activity":0.0086,"lastBolusTime":1703690957983,"time":"2023-12-27T16:38:00.404Z","iobWithZeroTemp":{"iob":0.392,"basaliob":-0.135,"bolussnooze":0.0901,"activity":0.0081,"lastBolusTime":1703690957983,"time":"2023-12-27T16:38:00.404Z"}},{"iob":0.423,"basaliob":-0.058,"bolussnooze":0.0737,"activity":0.0079,"lastBolusTime":1703690957983,"time":"2023-12-27T16:43:00.404Z","iobWithZeroTemp":{"iob":0.346,"basaliob":-0.135,"bolussnooze":0.0737,"activity":0.0073,"lastBolusTime":1703690957983,"time":"2023-12-27T16:43:00.404Z"}},{"iob":0.385,"basaliob":-0.053,"bolussnooze":0.06,"activity":0.0074,"lastBolusTime":1703690957983,"time":"2023-12-27T16:48:00.404Z","iobWithZeroTemp":{"iob":0.303,"basaliob":-0.135,"bolussnooze":0.06,"activity":0.0067,"lastBolusTime":1703690957983,"time":"2023-12-27T16:48:00.404Z"}},{"iob":0.35,"basaliob":-0.048,"bolussnooze":0.0485,"activity":0.0067,"lastBolusTime":1703690957983,"time":"2023-12-27T16:53:00.404Z","iobWithZeroTemp":{"iob":0.263,"basaliob":-0.135,"bolussnooze":0.0485,"activity":0.006,"lastBolusTime":1703690957983,"time":"2023-12-27T16:53:00.404Z"}},{"iob":0.318,"basaliob":-0.044,"bolussnooze":0.039,"activity":0.0063,"lastBolusTime":1703690957983,"time":"2023-12-27T16:58:00.404Z","iobWithZeroTemp":{"iob":0.226,"basaliob":-0.136,"bolussnooze":0.039,"activity":0.0055,"lastBolusTime":1703690957983,"time":"2023-12-27T16:58:00.404Z"}},{"iob":0.288,"basaliob":-0.04,"bolussnooze":0.0311,"activity":0.0058,"lastBolusTime":1703690957983,"time":"2023-12-27T17:03:00.404Z","iobWithZeroTemp":{"iob":0.192,"basaliob":-0.136,"bolussnooze":0.0311,"activity":0.0049,"lastBolusTime":1703690957983,"time":"2023-12-27T17:03:00.404Z"}},{"iob":0.259,"basaliob":-0.037,"bolussnooze":0.0247,"activity":0.0053,"lastBolusTime":1703690957983,"time":"2023-12-27T17:08:00.404Z","iobWithZeroTemp":{"iob":0.159,"basaliob":-0.137,"bolussnooze":0.0247,"activity":0.0044,"lastBolusTime":1703690957983,"time":"2023-12-27T17:08:00.404Z"}},{"iob":0.235,"basaliob":-0.033,"bolussnooze":0.0194,"activity":0.0049,"lastBolusTime":1703690957983,"time":"2023-12-27T17:13:00.404Z","iobWithZeroTemp":{"iob":0.131,"basaliob":-0.137,"bolussnooze":0.0194,"activity":0.0039,"lastBolusTime":1703690957983,"time":"2023-12-27T17:13:00.404Z"}},{"iob":0.212,"basaliob":-0.03,"bolussnooze":0.0151,"activity":0.0044,"lastBolusTime":1703690957983,"time":"2023-12-27T17:18:00.404Z","iobWithZeroTemp":{"iob":0.105,"basaliob":-0.137,"bolussnooze":0.0151,"activity":0.0034,"lastBolusTime":1703690957983,"time":"2023-12-27T17:18:00.404Z"}},{"iob":0.19,"basaliob":-0.028,"bolussnooze":0.0117,"activity":0.0041,"lastBolusTime":1703690957983,"time":"2023-12-27T17:23:00.404Z","iobWithZeroTemp":{"iob":0.08,"basaliob":-0.138,"bolussnooze":0.0117,"activity":0.003,"lastBolusTime":1703690957983,"time":"2023-12-27T17:23:00.404Z"}},{"iob":0.171,"basaliob":-0.025,"bolussnooze":0.0089,"activity":0.0037,"lastBolusTime":1703690957983,"time":"2023-12-27T17:28:00.404Z","iobWithZeroTemp":{"iob":0.058,"basaliob":-0.138,"bolussnooze":0.0089,"activity":0.0026,"lastBolusTime":1703690957983,"time":"2023-12-27T17:28:00.404Z"}},{"iob":0.153,"basaliob":-0.023,"bolussnooze":0.0067,"activity":0.0033,"lastBolusTime":1703690957983,"time":"2023-12-27T17:33:00.404Z","iobWithZeroTemp":{"iob":0.037,"basaliob":-0.139,"bolussnooze":0.0067,"activity":0.0021,"lastBolusTime":1703690957983,"time":"2023-12-27T17:33:00.404Z"}},{"iob":0.138,"basaliob":-0.02,"bolussnooze":0.0049,"activity":0.0031,"lastBolusTime":1703690957983,"time":"2023-12-27T17:38:00.404Z","iobWithZeroTemp":{"iob":0.02,"basaliob":-0.138,"bolussnooze":0.0049,"activity":0.0019,"lastBolusTime":1703690957983,"time":"2023-12-27T17:38:00.404Z"}},{"iob":0.123,"basaliob":-0.018,"bolussnooze":0.0036,"activity":0.0027,"lastBolusTime":1703690957983,"time":"2023-12-27T17:43:00.404Z","iobWithZeroTemp":{"iob":0.003,"basaliob":-0.138,"bolussnooze":0.0036,"activity":0.0015,"lastBolusTime":1703690957983,"time":"2023-12-27T17:43:00.404Z"}},{"iob":0.11,"basaliob":-0.016,"bolussnooze":0.0025,"activity":0.0025,"lastBolusTime":1703690957983,"time":"2023-12-27T17:48:00.404Z","iobWithZeroTemp":{"iob":-0.012,"basaliob":-0.138,"bolussnooze":0.0025,"activity":0.0012,"lastBolusTime":1703690957983,"time":"2023-12-27T17:48:00.404Z"}},{"iob":0.098,"basaliob":-0.015,"bolussnooze":0.0018,"activity":0.0023,"lastBolusTime":1703690957983,"time":"2023-12-27T17:53:00.404Z","iobWithZeroTemp":{"iob":-0.026,"basaliob":-0.139,"bolussnooze":0.0018,"activity":0.001,"lastBolusTime":1703690957983,"time":"2023-12-27T17:53:00.404Z"}},{"iob":0.087,"basaliob":-0.013,"bolussnooze":0.0012,"activity":0.002,"lastBolusTime":1703690957983,"time":"2023-12-27T17:58:00.404Z","iobWithZeroTemp":{"iob":-0.039,"basaliob":-0.139,"bolussnooze":0.0012,"activity":7.0E-4,"lastBolusTime":1703690957983,"time":"2023-12-27T17:58:00.404Z"}},{"iob":0.077,"basaliob":-0.012,"bolussnooze":7.0E-4,"activity":0.0018,"lastBolusTime":1703690957983,"time":"2023-12-27T18:03:00.404Z","iobWithZeroTemp":{"iob":-0.05,"basaliob":-0.139,"bolussnooze":7.0E-4,"activity":4.0E-4,"lastBolusTime":1703690957983,"time":"2023-12-27T18:03:00.404Z"}},{"iob":0.068,"basaliob":-0.011,"bolussnooze":4.0E-4,"activity":0.0017,"lastBolusTime":1703690957983,"time":"2023-12-27T18:08:00.404Z","iobWithZeroTemp":{"iob":-0.061,"basaliob":-0.14,"bolussnooze":4.0E-4,"activity":3.0E-4,"lastBolusTime":1703690957983,"time":"2023-12-27T18:08:00.404Z"}},{"iob":0.061,"basaliob":-0.009,"bolussnooze":2.0E-4,"activity":0.0015,"lastBolusTime":1703690957983,"time":"2023-12-27T18:13:00.404Z","iobWithZeroTemp":{"iob":-0.069,"basaliob":-0.139,"bolussnooze":2.0E-4,"activity":1.0E-4,"lastBolusTime":1703690957983,"time":"2023-12-27T18:13:00.404Z"}},{"iob":0.054,"basaliob":-0.008,"bolussnooze":1.0E-4,"activity":0.0013,"lastBolusTime":1703690957983,"time":"2023-12-27T18:18:00.404Z","iobWithZeroTemp":{"iob":-0.077,"basaliob":-0.139,"bolussnooze":1.0E-4,"activity":-2.0E-4,"lastBolusTime":1703690957983,"time":"2023-12-27T18:18:00.404Z"}},{"iob":0.047,"basaliob":-0.008,"bolussnooze":0,"activity":0.0012,"lastBolusTime":1703690957983,"time":"2023-12-27T18:23:00.404Z","iobWithZeroTemp":{"iob":-0.085,"basaliob":-0.14,"bolussnooze":0,"activity":-3.0E-4,"lastBolusTime":1703690957983,"time":"2023-12-27T18:23:00.404Z"}},{"iob":0.041,"basaliob":-0.007,"bolussnooze":0,"activity":0.001,"lastBolusTime":1703690957983,"time":"2023-12-27T18:28:00.404Z","iobWithZeroTemp":{"iob":-0.092,"basaliob":-0.14,"bolussnooze":0,"activity":-5.0E-4,"lastBolusTime":1703690957983,"time":"2023-12-27T18:28:00.404Z"}},{"iob":0.036,"basaliob":-0.006,"bolussnooze":0,"activity":0.001,"lastBolusTime":1703690957983,"time":"2023-12-27T18:33:00.404Z","iobWithZeroTemp":{"iob":-0.098,"basaliob":-0.14,"bolussnooze":0,"activity":-5.0E-4,"lastBolusTime":1703690957983,"time":"2023-12-27T18:33:00.404Z"}},{"iob":0.032,"basaliob":-0.005,"bolussnooze":0,"activity":9.0E-4,"lastBolusTime":1703690957983,"time":"2023-12-27T18:38:00.404Z","iobWithZeroTemp":{"iob":-0.103,"basaliob":-0.14,"bolussnooze":0,"activity":-6.0E-4,"lastBolusTime":1703690957983,"time":"2023-12-27T18:38:00.404Z"}},{"iob":0.028,"basaliob":-0.005,"bolussnooze":0,"activity":8.0E-4,"lastBolusTime":1703690957983,"time":"2023-12-27T18:43:00.404Z","iobWithZeroTemp":{"iob":-0.107,"basaliob":-0.14,"bolussnooze":0,"activity":-7.0E-4,"lastBolusTime":1703690957983,"time":"2023-12-27T18:43:00.404Z"}},{"iob":0.025,"basaliob":-0.004,"bolussnooze":0,"activity":7.0E-4,"lastBolusTime":1703690957983,"time":"2023-12-27T18:48:00.404Z","iobWithZeroTemp":{"iob":-0.111,"basaliob":-0.14,"bolussnooze":0,"activity":-9.0E-4,"lastBolusTime":1703690957983,"time":"2023-12-27T18:48:00.404Z"}},{"iob":0.021,"basaliob":-0.004,"bolussnooze":0,"activity":6.0E-4,"lastBolusTime":1703690957983,"time":"2023-12-27T18:53:00.404Z","iobWithZeroTemp":{"iob":-0.115,"basaliob":-0.14,"bolussnooze":0,"activity":-0.001,"lastBolusTime":1703690957983,"time":"2023-12-27T18:53:00.404Z"}},{"iob":0.019,"basaliob":-0.003,"bolussnooze":0,"activity":5.0E-4,"lastBolusTime":1703690957983,"time":"2023-12-27T18:58:00.404Z","iobWithZeroTemp":{"iob":-0.118,"basaliob":-0.14,"bolussnooze":0,"activity":-0.0011,"lastBolusTime":1703690957983,"time":"2023-12-27T18:58:00.404Z"}},{"iob":0.016,"basaliob":-0.003,"bolussnooze":0,"activity":4.0E-4,"lastBolusTime":1703690957983,"time":"2023-12-27T19:03:00.404Z","iobWithZeroTemp":{"iob":-0.142,"basaliob":-0.161,"bolussnooze":0,"activity":-0.0012,"lastBolusTime":1703690957983,"time":"2023-12-27T19:03:00.404Z"}},{"iob":0.014,"basaliob":-0.002,"bolussnooze":0,"activity":4.0E-4,"lastBolusTime":1703690957983,"time":"2023-12-27T19:08:00.404Z","iobWithZeroTemp":{"iob":-0.165,"basaliob":-0.181,"bolussnooze":0,"activity":-0.0013,"lastBolusTime":1703690957983,"time":"2023-12-27T19:08:00.404Z"}},{"iob":0.012,"basaliob":-0.002,"bolussnooze":0,"activity":3.0E-4,"lastBolusTime":1703690957983,"time":"2023-12-27T19:13:00.404Z","iobWithZeroTemp":{"iob":-0.187,"basaliob":-0.201,"bolussnooze":0,"activity":-0.0015,"lastBolusTime":1703690957983,"time":"2023-12-27T19:13:00.404Z"}},{"iob":0.01,"basaliob":-0.002,"bolussnooze":0,"activity":3.0E-4,"lastBolusTime":1703690957983,"time":"2023-12-27T19:18:00.404Z","iobWithZeroTemp":{"iob":-0.209,"basaliob":-0.221,"bolussnooze":0,"activity":-0.0016,"lastBolusTime":1703690957983,"time":"2023-12-27T19:18:00.404Z"}},{"iob":0.008,"basaliob":-0.002,"bolussnooze":0,"activity":3.0E-4,"lastBolusTime":1703690957983,"time":"2023-12-27T19:23:00.404Z","iobWithZeroTemp":{"iob":-0.23,"basaliob":-0.24,"bolussnooze":0,"activity":-0.0018,"lastBolusTime":1703690957983,"time":"2023-12-27T19:23:00.404Z"}},{"iob":0.008,"basaliob":-0.001,"bolussnooze":0,"activity":3.0E-4,"lastBolusTime":1703690957983,"time":"2023-12-27T19:28:00.404Z","iobWithZeroTemp":{"iob":-0.248,"basaliob":-0.257,"bolussnooze":0,"activity":-0.0019,"lastBolusTime":1703690957983,"time":"2023-12-27T19:28:00.404Z"}},{"iob":0.007,"basaliob":-0.001,"bolussnooze":0,"activity":2.0E-4,"lastBolusTime":1703690957983,"time":"2023-12-27T19:33:00.404Z","iobWithZeroTemp":{"iob":-0.267,"basaliob":-0.275,"bolussnooze":0,"activity":-0.0022,"lastBolusTime":1703690957983,"time":"2023-12-27T19:33:00.404Z"}},{"iob":0.006,"basaliob":-0.001,"bolussnooze":0,"activity":2.0E-4,"lastBolusTime":1703690957983,"time":"2023-12-27T19:38:00.404Z","iobWithZeroTemp":{"iob":-0.284,"basaliob":-0.291,"bolussnooze":0,"activity":-0.0024,"lastBolusTime":1703690957983,"time":"2023-12-27T19:38:00.404Z"}},{"iob":0.005,"basaliob":-0.001,"bolussnooze":0,"activity":2.0E-4,"lastBolusTime":1703690957983,"time":"2023-12-27T19:43:00.404Z","iobWithZeroTemp":{"iob":-0.301,"basaliob":-0.307,"bolussnooze":0,"activity":-0.0026,"lastBolusTime":1703690957983,"time":"2023-12-27T19:43:00.404Z"}}],"profile":{"max_iob":10,"type":"current","max_daily_basal":0.35,"max_basal":0.4,"min_bg":90,"max_bg":90,"target_bg":90,"carb_ratio":8.2,"sens":110,"max_daily_safety_multiplier":3,"current_basal_safety_multiplier":4,"lgsThreshold":95,"high_temptarget_raises_sensitivity":true,"low_temptarget_lowers_sensitivity":true,"sensitivity_raises_target":true,"resistance_lowers_target":true,"adv_target_adjustments":false,"exercise_mode":false,"half_basal_exercise_target":160,"maxCOB":120,"skip_neutral_temps":false,"remainingCarbsCap":90,"enableUAM":true,"A52_risk_enable":false,"SMBInterval":3,"enableSMB_with_COB":true,"enableSMB_with_temptarget":true,"allowSMB_with_high_temptarget":false,"enableSMB_always":false,"enableSMB_after_carbs":true,"maxSMBBasalMinutes":30,"maxUAMSMBBasalMinutes":40,"bolus_increment":0.05,"carbsReqThreshold":4,"current_basal":0.1,"temptargetSet":true,"autosens_max":1.3,"autosens_min":0.7,"variable_sens":92.9,"insulinDivisor":75,"TDD":19.166512077380954},"autosens_data":{"ratio":1.3676755128070204},"meal_data":{"carbs":35,"mealCOB":3.909027272727273,"slopeFromMaxDeviation":-0.6502727272727273,"slopeFromMinDeviation":2.78,"lastBolusTime":1703690957983,"lastCarbTime":1703690953739},"microBolusAllowed":true,"currentTime":1703692080907,"flatBGsDetected":false,"tdd1D":21.236583333333336,"tdd7D":16.175559523809522,"tddLast24H":22.12291666666667,"tddLast4H":4.8,"tddLast8to4H":5.704166666666667},"output":{"temp":"absolute","bg":131,"tick":"+2","eventualBG":85,"targetBG":90,"insulinReq":0,"deliverAt":"2023-12-27T15:48:00.907Z","sensitivityRatio":1.2,"variable_sens":92.9,"predBGs":{"IOB":[131,132,132,133,132,132,130,129,127,124,121,118,114,110,107,103,100,97,95,92,90,87,85,83,82,80,79,77,76,75,74,73,72,72,71,70,70,69,69,68,68,68,68,67],"ZT":[131,124,117,110,103,96,89,83,76,70,64,57,51,45,39,39,39,39,39,39,39,39,39,39,39,39,39,39,39,39,39,39,39,39,39,39,39,39,39,39,39,39,39,39,39,39,39,39],"COB":[131,132,132,132,131,129,127,125,122,118,114,110,106,103,100,97,94,91,89,87,85,84,82,81,79,78,77,76,75,75,74,73,73,72,72,71,71,71,70,70,70,70,70,69],"UAM":[131,132,132,131,130,129,126,123,119,115,110,106,102,98,94,90,87,84,80,78,75,72,70,68,66,64,62,61,59,58,57,56,55,54,53,52,51,51,50,50,49,49,49,48]},"reason":"COB: 3.9, Dev: 53, BGI: -7, ISF: 93, CR: 8.2, Target: 90, minPredBG 50, minGuardBG 49, IOBpredBG 67, COBpredBG 69, UAMpredBG 48; minGuardBG 49<95 115m left and 0 ~ req 0U\/hr: no temp required","COB":3.909027272727273,"IOB":1.063,"timestamp":"2023-12-27T15:48:00.922Z"}}