{"algorithm":"OpenAPSSMBDynamicISFPlugin","input":{"glucoseStatus":{"glucose":148,"noise":0,"delta":2.39,"short_avgdelta":2.39,"long_avgdelta":2.91,"date":1703506357000},"currenttemp":{"temp":"absolute","duration":112,"rate":0,"minutesrunning":8},"iob_data":[{"iob":3.459,"basaliob":0.047,"bolussnooze":2.9874,"activity":0.0165,"lastBolusTime":1703505764471,"time":"2023-12-25T12:13:02.621Z","iobWithZeroTemp":{"iob":3.459,"basaliob":0.047,"bolussnooze":2.9874,"activity":0.0165,"lastBolusTime":1703505764471,"time":"2023-12-25T12:13:02.621Z"}},{"iob":3.365,"basaliob":0.047,"bolussnooze":2.746,"activity":0.0211,"lastBolusTime":1703505764471,"time":"2023-12-25T12:18:02.621Z","iobWithZeroTemp":{"iob":3.343,"basaliob":0.025,"bolussnooze":2.746,"activity":0.0211,"lastBolusTime":1703505764471,"time":"2023-12-25T12:18:02.621Z"}},{"iob":3.251,"basaliob":0.047,"bolussnooze":2.4763,"activity":0.0246,"lastBolusTime":1703505764471,"time":"2023-12-25T12:23:02.621Z","iobWithZeroTemp":{"iob":3.203,"basaliob":-0.001,"bolussnooze":2.4763,"activity":0.0245,"lastBolusTime":1703505764471,"time":"2023-12-25T12:23:02.621Z"}},{"iob":3.121,"basaliob":0.046,"bolussnooze":2.1993,"activity":0.0271,"lastBolusTime":1703505764471,"time":"2023-12-25T12:28:02.621Z","iobWithZeroTemp":{"iob":3.046,"basaliob":-0.029,"bolussnooze":2.1993,"activity":0.0269,"lastBolusTime":1703505764471,"time":"2023-12-25T12:28:02.621Z"}},{"iob":2.98,"basaliob":0.044,"bolussnooze":1.9288,"activity":0.0288,"lastBolusTime":1703505764471,"time":"2023-12-25T12:33:02.621Z","iobWithZeroTemp":{"iob":2.88,"basaliob":-0.056,"bolussnooze":1.9288,"activity":0.0284,"lastBolusTime":1703505764471,"time":"2023-12-25T12:33:02.621Z"}},{"iob":2.834,"basaliob":0.043,"bolussnooze":1.6735,"activity":0.0298,"lastBolusTime":1703505764471,"time":"2023-12-25T12:38:02.621Z","iobWithZeroTemp":{"iob":2.709,"basaliob":-0.082,"bolussnooze":1.6735,"activity":0.0292,"lastBolusTime":1703505764471,"time":"2023-12-25T12:38:02.621Z"}},{"iob":2.683,"basaliob":0.041,"bolussnooze":1.4385,"activity":0.0303,"lastBolusTime":1703505764471,"time":"2023-12-25T12:43:02.621Z","iobWithZeroTemp":{"iob":2.534,"basaliob":-0.108,"bolussnooze":1.4385,"activity":0.0295,"lastBolusTime":1703505764471,"time":"2023-12-25T12:43:02.621Z"}},{"iob":2.531,"basaliob":0.039,"bolussnooze":1.2262,"activity":0.0305,"lastBolusTime":1703505764471,"time":"2023-12-25T12:48:02.621Z","iobWithZeroTemp":{"iob":2.359,"basaliob":-0.133,"bolussnooze":1.2262,"activity":0.0295,"lastBolusTime":1703505764471,"time":"2023-12-25T12:48:02.621Z"}},{"iob":2.379,"basaliob":0.037,"bolussnooze":1.0374,"activity":0.0302,"lastBolusTime":1703505764471,"time":"2023-12-25T12:53:02.621Z","iobWithZeroTemp":{"iob":2.186,"basaliob":-0.156,"bolussnooze":1.0374,"activity":0.029,"lastBolusTime":1703505764471,"time":"2023-12-25T12:53:02.621Z"}},{"iob":2.229,"basaliob":0.035,"bolussnooze":0.8714,"activity":0.0296,"lastBolusTime":1703505764471,"time":"2023-12-25T12:58:02.621Z","iobWithZeroTemp":{"iob":2.015,"basaliob":-0.179,"bolussnooze":0.8714,"activity":0.0282,"lastBolusTime":1703505764471,"time":"2023-12-25T12:58:02.621Z"}},{"iob":2.085,"basaliob":0.034,"bolussnooze":0.7272,"activity":0.0288,"lastBolusTime":1703505764471,"time":"2023-12-25T13:03:02.621Z","iobWithZeroTemp":{"iob":1.845,"basaliob":-0.206,"bolussnooze":0.7272,"activity":0.0271,"lastBolusTime":1703505764471,"time":"2023-12-25T13:03:02.621Z"}},{"iob":1.943,"basaliob":0.032,"bolussnooze":0.6029,"activity":0.0278,"lastBolusTime":1703505764471,"time":"2023-12-25T13:08:02.621Z","iobWithZeroTemp":{"iob":1.678,"basaliob":-0.233,"bolussnooze":0.6029,"activity":0.0259,"lastBolusTime":1703505764471,"time":"2023-12-25T13:08:02.621Z"}},{"iob":1.807,"basaliob":0.03,"bolussnooze":0.4967,"activity":0.0267,"lastBolusTime":1703505764471,"time":"2023-12-25T13:13:02.621Z","iobWithZeroTemp":{"iob":1.518,"basaliob":-0.259,"bolussnooze":0.4967,"activity":0.0245,"lastBolusTime":1703505764471,"time":"2023-12-25T13:13:02.621Z"}},{"iob":1.676,"basaliob":0.028,"bolussnooze":0.4067,"activity":0.0255,"lastBolusTime":1703505764471,"time":"2023-12-25T13:18:02.621Z","iobWithZeroTemp":{"iob":1.365,"basaliob":-0.283,"bolussnooze":0.4067,"activity":0.023,"lastBolusTime":1703505764471,"time":"2023-12-25T13:18:02.621Z"}},{"iob":1.551,"basaliob":0.026,"bolussnooze":0.3308,"activity":0.0243,"lastBolusTime":1703505764471,"time":"2023-12-25T13:23:02.621Z","iobWithZeroTemp":{"iob":1.219,"basaliob":-0.306,"bolussnooze":0.3308,"activity":0.0216,"lastBolusTime":1703505764471,"time":"2023-12-25T13:23:02.621Z"}},{"iob":1.433,"basaliob":0.024,"bolussnooze":0.2674,"activity":0.023,"lastBolusTime":1703505764471,"time":"2023-12-25T13:28:02.621Z","iobWithZeroTemp":{"iob":1.081,"basaliob":-0.328,"bolussnooze":0.2674,"activity":0.02,"lastBolusTime":1703505764471,"time":"2023-12-25T13:28:02.621Z"}},{"iob":1.322,"basaliob":0.023,"bolussnooze":0.2146,"activity":0.0217,"lastBolusTime":1703505764471,"time":"2023-12-25T13:33:02.621Z","iobWithZeroTemp":{"iob":0.951,"basaliob":-0.348,"bolussnooze":0.2146,"activity":0.0185,"lastBolusTime":1703505764471,"time":"2023-12-25T13:33:02.621Z"}},{"iob":1.216,"basaliob":0.021,"bolussnooze":0.171,"activity":0.0204,"lastBolusTime":1703505764471,"time":"2023-12-25T13:38:02.621Z","iobWithZeroTemp":{"iob":0.828,"basaliob":-0.367,"bolussnooze":0.171,"activity":0.0169,"lastBolusTime":1703505764471,"time":"2023-12-25T13:38:02.621Z"}},{"iob":1.117,"basaliob":0.019,"bolussnooze":0.1352,"activity":0.0192,"lastBolusTime":1703505764471,"time":"2023-12-25T13:43:02.621Z","iobWithZeroTemp":{"iob":0.713,"basaliob":-0.385,"bolussnooze":0.1352,"activity":0.0155,"lastBolusTime":1703505764471,"time":"2023-12-25T13:43:02.621Z"}},{"iob":1.025,"basaliob":0.018,"bolussnooze":0.106,"activity":0.0179,"lastBolusTime":1703505764471,"time":"2023-12-25T13:48:02.621Z","iobWithZeroTemp":{"iob":0.606,"basaliob":-0.401,"bolussnooze":0.106,"activity":0.014,"lastBolusTime":1703505764471,"time":"2023-12-25T13:48:02.621Z"}},{"iob":0.938,"basaliob":0.017,"bolussnooze":0.0823,"activity":0.0167,"lastBolusTime":1703505764471,"time":"2023-12-25T13:53:02.621Z","iobWithZeroTemp":{"iob":0.505,"basaliob":-0.416,"bolussnooze":0.0823,"activity":0.0126,"lastBolusTime":1703505764471,"time":"2023-12-25T13:53:02.621Z"}},{"iob":0.857,"basaliob":0.015,"bolussnooze":0.0632,"activity":0.0156,"lastBolusTime":1703505764471,"time":"2023-12-25T13:58:02.621Z","iobWithZeroTemp":{"iob":0.411,"basaliob":-0.431,"bolussnooze":0.0632,"activity":0.0112,"lastBolusTime":1703505764471,"time":"2023-12-25T13:58:02.621Z"}},{"iob":0.782,"basaliob":0.014,"bolussnooze":0.048,"activity":0.0144,"lastBolusTime":1703505764471,"time":"2023-12-25T14:03:02.621Z","iobWithZeroTemp":{"iob":0.347,"basaliob":-0.421,"bolussnooze":0.048,"activity":0.0099,"lastBolusTime":1703505764471,"time":"2023-12-25T14:03:02.621Z"}},{"iob":0.713,"basaliob":0.013,"bolussnooze":0.0359,"activity":0.0134,"lastBolusTime":1703505764471,"time":"2023-12-25T14:08:02.621Z","iobWithZeroTemp":{"iob":0.29,"basaliob":-0.41,"bolussnooze":0.0359,"activity":0.0088,"lastBolusTime":1703505764471,"time":"2023-12-25T14:08:02.621Z"}},{"iob":0.649,"basaliob":0.012,"bolussnooze":0.0264,"activity":0.0124,"lastBolusTime":1703505764471,"time":"2023-12-25T14:13:02.621Z","iobWithZeroTemp":{"iob":0.238,"basaliob":-0.399,"bolussnooze":0.0264,"activity":0.0077,"lastBolusTime":1703505764471,"time":"2023-12-25T14:13:02.621Z"}},{"iob":0.589,"basaliob":0.011,"bolussnooze":0.019,"activity":0.0114,"lastBolusTime":1703505764471,"time":"2023-12-25T14:18:02.621Z","iobWithZeroTemp":{"iob":0.191,"basaliob":-0.387,"bolussnooze":0.019,"activity":0.0067,"lastBolusTime":1703505764471,"time":"2023-12-25T14:18:02.621Z"}},{"iob":0.534,"basaliob":0.01,"bolussnooze":0.0134,"activity":0.0105,"lastBolusTime":1703505764471,"time":"2023-12-25T14:23:02.621Z","iobWithZeroTemp":{"iob":0.148,"basaliob":-0.376,"bolussnooze":0.0134,"activity":0.0058,"lastBolusTime":1703505764471,"time":"2023-12-25T14:23:02.621Z"}},{"iob":0.484,"basaliob":0.009,"bolussnooze":0.0091,"activity":0.0097,"lastBolusTime":1703505764471,"time":"2023-12-25T14:28:02.621Z","iobWithZeroTemp":{"iob":0.111,"basaliob":-0.364,"bolussnooze":0.0091,"activity":0.005,"lastBolusTime":1703505764471,"time":"2023-12-25T14:28:02.621Z"}},{"iob":0.437,"basaliob":0.008,"bolussnooze":0.006,"activity":0.0089,"lastBolusTime":1703505764471,"time":"2023-12-25T14:33:02.621Z","iobWithZeroTemp":{"iob":0.076,"basaliob":-0.353,"bolussnooze":0.006,"activity":0.0043,"lastBolusTime":1703505764471,"time":"2023-12-25T14:33:02.621Z"}},{"iob":0.394,"basaliob":0.007,"bolussnooze":0.0037,"activity":0.0081,"lastBolusTime":1703505764471,"time":"2023-12-25T14:38:02.621Z","iobWithZeroTemp":{"iob":0.045,"basaliob":-0.342,"bolussnooze":0.0037,"activity":0.0036,"lastBolusTime":1703505764471,"time":"2023-12-25T14:38:02.621Z"}},{"iob":0.356,"basaliob":0.007,"bolussnooze":0.0021,"activity":0.0074,"lastBolusTime":1703505764471,"time":"2023-12-25T14:43:02.621Z","iobWithZeroTemp":{"iob":0.018,"basaliob":-0.331,"bolussnooze":0.0021,"activity":0.003,"lastBolusTime":1703505764471,"time":"2023-12-25T14:43:02.621Z"}},{"iob":0.32,"basaliob":0.006,"bolussnooze":0.001,"activity":0.0068,"lastBolusTime":1703505764471,"time":"2023-12-25T14:48:02.621Z","iobWithZeroTemp":{"iob":-0.007,"basaliob":-0.321,"bolussnooze":0.001,"activity":0.0025,"lastBolusTime":1703505764471,"time":"2023-12-25T14:48:02.621Z"}},{"iob":0.287,"basaliob":0.005,"bolussnooze":4.0E-4,"activity":0.0062,"lastBolusTime":1703505764471,"time":"2023-12-25T14:53:02.621Z","iobWithZeroTemp":{"iob":-0.029,"basaliob":-0.311,"bolussnooze":4.0E-4,"activity":0.002,"lastBolusTime":1703505764471,"time":"2023-12-25T14:53:02.621Z"}},{"iob":0.258,"basaliob":0.005,"bolussnooze":1.0E-4,"activity":0.0057,"lastBolusTime":1703505764471,"time":"2023-12-25T14:58:02.621Z","iobWithZeroTemp":{"iob":-0.048,"basaliob":-0.301,"bolussnooze":1.0E-4,"activity":0.0016,"lastBolusTime":1703505764471,"time":"2023-12-25T14:58:02.621Z"}},{"iob":0.23,"basaliob":0.004,"bolussnooze":0,"activity":0.0052,"lastBolusTime":1703505764471,"time":"2023-12-25T15:03:02.621Z","iobWithZeroTemp":{"iob":-0.067,"basaliob":-0.293,"bolussnooze":0,"activity":0.0012,"lastBolusTime":1703505764471,"time":"2023-12-25T15:03:02.621Z"}},{"iob":0.206,"basaliob":0.004,"bolussnooze":0,"activity":0.0047,"lastBolusTime":1703505764471,"time":"2023-12-25T15:08:02.621Z","iobWithZeroTemp":{"iob":-0.082,"basaliob":-0.284,"bolussnooze":0,"activity":8.0E-4,"lastBolusTime":1703505764471,"time":"2023-12-25T15:08:02.621Z"}},{"iob":0.183,"basaliob":0.003,"bolussnooze":0,"activity":0.0043,"lastBolusTime":1703505764471,"time":"2023-12-25T15:13:02.621Z","iobWithZeroTemp":{"iob":-0.096,"basaliob":-0.276,"bolussnooze":0,"activity":5.0E-4,"lastBolusTime":1703505764471,"time":"2023-12-25T15:13:02.621Z"}},{"iob":0.163,"basaliob":0.003,"bolussnooze":0,"activity":0.0039,"lastBolusTime":1703505764471,"time":"2023-12-25T15:18:02.621Z","iobWithZeroTemp":{"iob":-0.108,"basaliob":-0.268,"bolussnooze":0,"activity":2.0E-4,"lastBolusTime":1703505764471,"time":"2023-12-25T15:18:02.621Z"}},{"iob":0.145,"basaliob":0.003,"bolussnooze":0,"activity":0.0035,"lastBolusTime":1703505764471,"time":"2023-12-25T15:23:02.621Z","iobWithZeroTemp":{"iob":-0.119,"basaliob":-0.261,"bolussnooze":0,"activity":-1.0E-4,"lastBolusTime":1703505764471,"time":"2023-12-25T15:23:02.621Z"}},{"iob":0.128,"basaliob":0.002,"bolussnooze":0,"activity":0.0032,"lastBolusTime":1703505764471,"time":"2023-12-25T15:28:02.621Z","iobWithZeroTemp":{"iob":-0.129,"basaliob":-0.255,"bolussnooze":0,"activity":-3.0E-4,"lastBolusTime":1703505764471,"time":"2023-12-25T15:28:02.621Z"}},{"iob":0.113,"basaliob":0.002,"bolussnooze":0,"activity":0.0029,"lastBolusTime":1703505764471,"time":"2023-12-25T15:33:02.621Z","iobWithZeroTemp":{"iob":-0.137,"basaliob":-0.248,"bolussnooze":0,"activity":-5.0E-4,"lastBolusTime":1703505764471,"time":"2023-12-25T15:33:02.621Z"}},{"iob":0.1,"basaliob":0.002,"bolussnooze":0,"activity":0.0026,"lastBolusTime":1703505764471,"time":"2023-12-25T15:38:02.621Z","iobWithZeroTemp":{"iob":-0.144,"basaliob":-0.242,"bolussnooze":0,"activity":-7.0E-4,"lastBolusTime":1703505764471,"time":"2023-12-25T15:38:02.621Z"}},{"iob":0.088,"basaliob":0.002,"bolussnooze":0,"activity":0.0022,"lastBolusTime":1703505764471,"time":"2023-12-25T15:43:02.621Z","iobWithZeroTemp":{"iob":-0.151,"basaliob":-0.237,"bolussnooze":0,"activity":-0.001,"lastBolusTime":1703505764471,"time":"2023-12-25T15:43:02.621Z"}},{"iob":0.077,"basaliob":0.001,"bolussnooze":0,"activity":0.002,"lastBolusTime":1703505764471,"time":"2023-12-25T15:48:02.621Z","iobWithZeroTemp":{"iob":-0.157,"basaliob":-0.233,"bolussnooze":0,"activity":-0.0012,"lastBolusTime":1703505764471,"time":"2023-12-25T15:48:02.621Z"}},{"iob":0.067,"basaliob":0.001,"bolussnooze":0,"activity":0.0018,"lastBolusTime":1703505764471,"time":"2023-12-25T15:53:02.621Z","iobWithZeroTemp":{"iob":-0.162,"basaliob":-0.228,"bolussnooze":0,"activity":-0.0013,"lastBolusTime":1703505764471,"time":"2023-12-25T15:53:02.621Z"}},{"iob":0.059,"basaliob":0.001,"bolussnooze":0,"activity":0.0016,"lastBolusTime":1703505764471,"time":"2023-12-25T15:58:02.621Z","iobWithZeroTemp":{"iob":-0.165,"basaliob":-0.223,"bolussnooze":0,"activity":-0.0014,"lastBolusTime":1703505764471,"time":"2023-12-25T15:58:02.621Z"}},{"iob":0.051,"basaliob":0.001,"bolussnooze":0,"activity":0.0014,"lastBolusTime":1703505764471,"time":"2023-12-25T16:03:02.621Z","iobWithZeroTemp":{"iob":-0.169,"basaliob":-0.219,"bolussnooze":0,"activity":-0.0015,"lastBolusTime":1703505764471,"time":"2023-12-25T16:03:02.621Z"}},{"iob":0.045,"basaliob":0.001,"bolussnooze":0,"activity":0.0013,"lastBolusTime":1703505764471,"time":"2023-12-25T16:08:02.621Z","iobWithZeroTemp":{"iob":-0.172,"basaliob":-0.216,"bolussnooze":0,"activity":-0.0016,"lastBolusTime":1703505764471,"time":"2023-12-25T16:08:02.621Z"}}],"profile":{"max_iob":10,"type":"current","max_daily_basal":0.41,"max_basal":1.25,"min_bg":90,"max_bg":90,"target_bg":90,"carb_ratio":7.639,"sens":140.517,"max_daily_safety_multiplier":3,"current_basal_safety_multiplier":4,"lgsThreshold":95,"high_temptarget_raises_sensitivity":true,"low_temptarget_lowers_sensitivity":true,"sensitivity_raises_target":true,"resistance_lowers_target":true,"adv_target_adjustments":false,"exercise_mode":false,"half_basal_exercise_target":160,"maxCOB":120,"skip_neutral_temps":false,"remainingCarbsCap":90,"enableUAM":true,"A52_risk_enable":false,"SMBInterval":3,"enableSMB_with_COB":true,"enableSMB_with_temptarget":true,"allowSMB_with_high_temptarget":false,"enableSMB_always":false,"enableSMB_after_carbs":true,"maxSMBBasalMinutes":30,"maxUAMSMBBasalMinutes":40,"bolus_increment":0.05,"carbsReqThreshold":4,"current_basal":0.35,"temptargetSet":true,"autosens_max":1.3,"autosens_min":0.7,"variable_sens":99.6,"insulinDivisor":75,"TDD":16.577368261904763},"autosens_data":{"ratio":1.2753812670401419},"meal_data":{"carbs":38,"mealCOB":24.330954355159875,"slopeFromMaxDeviation":-0.06322222222222212,"slopeFromMinDeviation":5.3066666666666675,"lastBolusTime":1703505764471,"lastCarbTime":1703505757237},"microBolusAllowed":true,"currentTime":1703506384026,"flatBGsDetected":false,"tdd1D":15.581666666666663,"tdd7D":15.151547619047617,"tddLast24H":19.323999999999995,"tddLast4H":6.066666666666667,"tddLast8to4H":1.3483333333333338},"output":{"temp":"absolute","bg":148,"tick":"+2","eventualBG":116,"targetBG":90,"insulinReq":0,"deliverAt":"2023-12-25T12:13:04.026Z","sensitivityRatio":1.2,"variable_sens":99.6,"predBGs":{"IOB":[148,149,148,144,137,128,117,104,88,70,47,39,39],"ZT":[148,140,129,116,100,82,60,39,39,39,39,39,39,39,39,39,39,39,39,39,39,39,39,39,39,39,39,39,39,39,39,39,39,39,39,39,39,39,39,39,39,39,39,39,39,39,39,39],"COB":[148,151,151,150,148,145,142,138,135,132,130,128,127,127,127,128,130,133,135,138,140,142,143,145,146,146,147,147,147,146,145,143,141,139,136,133,131,129,127,125,123,122,121,120,119,118,117,116],"UAM":[148,149,145,138,127,114,96,76,52,39,39,39,39]},"reason":"COB: 24.3, Dev: 64, BGI: -8, ISF: 100, CR: 7.64, Target: 90, minPredBG -129, minGuardBG -129, IOBpredBG 39, COBpredBG 116, UAMpredBG 39; minGuardBG -129<95 112m left and 0 ~ req 0U\/hr: no temp required","COB":24.330954355159875,"IOB":3.459,"timestamp":"2023-12-25T12:13:04.052Z"}}