{"algorithm":"OpenAPSSMBDynamicISFPlugin","input":{"glucoseStatus":{"glucose":88,"noise":0,"delta":-5.22,"short_avgdelta":-5.22,"long_avgdelta":-4.42,"date":1703539958000},"currenttemp":{"temp":"absolute","duration":40,"rate":0,"minutesrunning":80},"iob_data":[{"iob":-0.014,"basaliob":-0.313,"bolussnooze":0,"activity":0.003,"lastBolusTime":1703534590488,"time":"2023-12-25T21:33:00.403Z","iobWithZeroTemp":{"iob":-0.014,"basaliob":-0.313,"bolussnooze":0,"activity":0.003,"lastBolusTime":1703534590488,"time":"2023-12-25T21:33:00.403Z"}},{"iob":-0.027,"basaliob":-0.297,"bolussnooze":0,"activity":0.0024,"lastBolusTime":1703534590488,"time":"2023-12-25T21:38:00.403Z","iobWithZeroTemp":{"iob":-0.047,"basaliob":-0.317,"bolussnooze":0,"activity":0.0024,"lastBolusTime":1703534590488,"time":"2023-12-25T21:38:00.403Z"}},{"iob":-0.039,"basaliob":-0.282,"bolussnooze":0,"activity":0.0019,"lastBolusTime":1703534590488,"time":"2023-12-25T21:43:00.403Z","iobWithZeroTemp":{"iob":-0.083,"basaliob":-0.326,"bolussnooze":0,"activity":0.0018,"lastBolusTime":1703534590488,"time":"2023-12-25T21:43:00.403Z"}},{"iob":-0.047,"basaliob":-0.266,"bolussnooze":0,"activity":0.0014,"lastBolusTime":1703534590488,"time":"2023-12-25T21:48:00.403Z","iobWithZeroTemp":{"iob":-0.114,"basaliob":-0.333,"bolussnooze":0,"activity":0.0012,"lastBolusTime":1703534590488,"time":"2023-12-25T21:48:00.403Z"}},{"iob":-0.053,"basaliob":-0.25,"bolussnooze":0,"activity":0.0011,"lastBolusTime":1703534590488,"time":"2023-12-25T21:53:00.403Z","iobWithZeroTemp":{"iob":-0.143,"basaliob":-0.34,"bolussnooze":0,"activity":8.0E-4,"lastBolusTime":1703534590488,"time":"2023-12-25T21:53:00.403Z"}},{"iob":-0.057,"basaliob":-0.234,"bolussnooze":0,"activity":8.0E-4,"lastBolusTime":1703534590488,"time":"2023-12-25T21:58:00.403Z","iobWithZeroTemp":{"iob":-0.17,"basaliob":-0.347,"bolussnooze":0,"activity":3.0E-4,"lastBolusTime":1703534590488,"time":"2023-12-25T21:58:00.403Z"}},{"iob":-0.061,"basaliob":-0.219,"bolussnooze":0,"activity":5.0E-4,"lastBolusTime":1703534590488,"time":"2023-12-25T22:03:00.403Z","iobWithZeroTemp":{"iob":-0.194,"basaliob":-0.352,"bolussnooze":0,"activity":-2.0E-4,"lastBolusTime":1703534590488,"time":"2023-12-25T22:03:00.403Z"}},{"iob":-0.063,"basaliob":-0.204,"bolussnooze":0,"activity":3.0E-4,"lastBolusTime":1703534590488,"time":"2023-12-25T22:08:00.403Z","iobWithZeroTemp":{"iob":-0.215,"basaliob":-0.356,"bolussnooze":0,"activity":-6.0E-4,"lastBolusTime":1703534590488,"time":"2023-12-25T22:08:00.403Z"}},{"iob":-0.064,"basaliob":-0.19,"bolussnooze":0,"activity":1.0E-4,"lastBolusTime":1703534590488,"time":"2023-12-25T22:13:00.403Z","iobWithZeroTemp":{"iob":-0.234,"basaliob":-0.36,"bolussnooze":0,"activity":-0.001,"lastBolusTime":1703534590488,"time":"2023-12-25T22:13:00.403Z"}},{"iob":-0.064,"basaliob":-0.176,"bolussnooze":0,"activity":-1.0E-4,"lastBolusTime":1703534590488,"time":"2023-12-25T22:18:00.403Z","iobWithZeroTemp":{"iob":-0.251,"basaliob":-0.363,"bolussnooze":0,"activity":-0.0014,"lastBolusTime":1703534590488,"time":"2023-12-25T22:18:00.403Z"}},{"iob":-0.063,"basaliob":-0.163,"bolussnooze":0,"activity":-2.0E-4,"lastBolusTime":1703534590488,"time":"2023-12-25T22:23:00.403Z","iobWithZeroTemp":{"iob":-0.266,"basaliob":-0.366,"bolussnooze":0,"activity":-0.0017,"lastBolusTime":1703534590488,"time":"2023-12-25T22:23:00.403Z"}},{"iob":-0.062,"basaliob":-0.151,"bolussnooze":0,"activity":-3.0E-4,"lastBolusTime":1703534590488,"time":"2023-12-25T22:28:00.403Z","iobWithZeroTemp":{"iob":-0.28,"basaliob":-0.369,"bolussnooze":0,"activity":-0.002,"lastBolusTime":1703534590488,"time":"2023-12-25T22:28:00.403Z"}},{"iob":-0.061,"basaliob":-0.139,"bolussnooze":0,"activity":-4.0E-4,"lastBolusTime":1703534590488,"time":"2023-12-25T22:33:00.403Z","iobWithZeroTemp":{"iob":-0.293,"basaliob":-0.371,"bolussnooze":0,"activity":-0.0023,"lastBolusTime":1703534590488,"time":"2023-12-25T22:33:00.403Z"}},{"iob":-0.059,"basaliob":-0.128,"bolussnooze":0,"activity":-5.0E-4,"lastBolusTime":1703534590488,"time":"2023-12-25T22:38:00.403Z","iobWithZeroTemp":{"iob":-0.304,"basaliob":-0.373,"bolussnooze":0,"activity":-0.0026,"lastBolusTime":1703534590488,"time":"2023-12-25T22:38:00.403Z"}},{"iob":-0.057,"basaliob":-0.118,"bolussnooze":0,"activity":-4.0E-4,"lastBolusTime":1703534590488,"time":"2023-12-25T22:43:00.403Z","iobWithZeroTemp":{"iob":-0.314,"basaliob":-0.375,"bolussnooze":0,"activity":-0.0026,"lastBolusTime":1703534590488,"time":"2023-12-25T22:43:00.403Z"}},{"iob":-0.054,"basaliob":-0.108,"bolussnooze":0,"activity":-5.0E-4,"lastBolusTime":1703534590488,"time":"2023-12-25T22:48:00.403Z","iobWithZeroTemp":{"iob":-0.323,"basaliob":-0.377,"bolussnooze":0,"activity":-0.0029,"lastBolusTime":1703534590488,"time":"2023-12-25T22:48:00.403Z"}},{"iob":-0.052,"basaliob":-0.099,"bolussnooze":0,"activity":-6.0E-4,"lastBolusTime":1703534590488,"time":"2023-12-25T22:53:00.403Z","iobWithZeroTemp":{"iob":-0.331,"basaliob":-0.378,"bolussnooze":0,"activity":-0.0032,"lastBolusTime":1703534590488,"time":"2023-12-25T22:53:00.403Z"}},{"iob":-0.049,"basaliob":-0.09,"bolussnooze":0,"activity":-5.0E-4,"lastBolusTime":1703534590488,"time":"2023-12-25T22:58:00.403Z","iobWithZeroTemp":{"iob":-0.338,"basaliob":-0.379,"bolussnooze":0,"activity":-0.0032,"lastBolusTime":1703534590488,"time":"2023-12-25T22:58:00.403Z"}},{"iob":-0.046,"basaliob":-0.082,"bolussnooze":0,"activity":-5.0E-4,"lastBolusTime":1703534590488,"time":"2023-12-25T23:03:00.403Z","iobWithZeroTemp":{"iob":-0.343,"basaliob":-0.379,"bolussnooze":0,"activity":-0.0034,"lastBolusTime":1703534590488,"time":"2023-12-25T23:03:00.403Z"}},{"iob":-0.044,"basaliob":-0.075,"bolussnooze":0,"activity":-5.0E-4,"lastBolusTime":1703534590488,"time":"2023-12-25T23:08:00.403Z","iobWithZeroTemp":{"iob":-0.349,"basaliob":-0.38,"bolussnooze":0,"activity":-0.0035,"lastBolusTime":1703534590488,"time":"2023-12-25T23:08:00.403Z"}},{"iob":-0.041,"basaliob":-0.068,"bolussnooze":0,"activity":-5.0E-4,"lastBolusTime":1703534590488,"time":"2023-12-25T23:13:00.403Z","iobWithZeroTemp":{"iob":-0.353,"basaliob":-0.38,"bolussnooze":0,"activity":-0.0036,"lastBolusTime":1703534590488,"time":"2023-12-25T23:13:00.403Z"}},{"iob":-0.039,"basaliob":-0.062,"bolussnooze":0,"activity":-5.0E-4,"lastBolusTime":1703534590488,"time":"2023-12-25T23:18:00.403Z","iobWithZeroTemp":{"iob":-0.357,"basaliob":-0.38,"bolussnooze":0,"activity":-0.0037,"lastBolusTime":1703534590488,"time":"2023-12-25T23:18:00.403Z"}},{"iob":-0.036,"basaliob":-0.056,"bolussnooze":0,"activity":-5.0E-4,"lastBolusTime":1703534590488,"time":"2023-12-25T23:23:00.403Z","iobWithZeroTemp":{"iob":-0.36,"basaliob":-0.38,"bolussnooze":0,"activity":-0.0039,"lastBolusTime":1703534590488,"time":"2023-12-25T23:23:00.403Z"}},{"iob":-0.034,"basaliob":-0.051,"bolussnooze":0,"activity":-5.0E-4,"lastBolusTime":1703534590488,"time":"2023-12-25T23:28:00.403Z","iobWithZeroTemp":{"iob":-0.364,"basaliob":-0.381,"bolussnooze":0,"activity":-0.004,"lastBolusTime":1703534590488,"time":"2023-12-25T23:28:00.403Z"}},{"iob":-0.031,"basaliob":-0.046,"bolussnooze":0,"activity":-4.0E-4,"lastBolusTime":1703534590488,"time":"2023-12-25T23:33:00.403Z","iobWithZeroTemp":{"iob":-0.366,"basaliob":-0.381,"bolussnooze":0,"activity":-0.0039,"lastBolusTime":1703534590488,"time":"2023-12-25T23:33:00.403Z"}},{"iob":-0.028,"basaliob":-0.041,"bolussnooze":0,"activity":-5.0E-4,"lastBolusTime":1703534590488,"time":"2023-12-25T23:38:00.403Z","iobWithZeroTemp":{"iob":-0.367,"basaliob":-0.38,"bolussnooze":0,"activity":-0.0041,"lastBolusTime":1703534590488,"time":"2023-12-25T23:38:00.403Z"}},{"iob":-0.026,"basaliob":-0.037,"bolussnooze":0,"activity":-4.0E-4,"lastBolusTime":1703534590488,"time":"2023-12-25T23:43:00.403Z","iobWithZeroTemp":{"iob":-0.369,"basaliob":-0.38,"bolussnooze":0,"activity":-0.0041,"lastBolusTime":1703534590488,"time":"2023-12-25T23:43:00.403Z"}},{"iob":-0.024,"basaliob":-0.033,"bolussnooze":0,"activity":-4.0E-4,"lastBolusTime":1703534590488,"time":"2023-12-25T23:48:00.403Z","iobWithZeroTemp":{"iob":-0.371,"basaliob":-0.38,"bolussnooze":0,"activity":-0.0042,"lastBolusTime":1703534590488,"time":"2023-12-25T23:48:00.403Z"}},{"iob":-0.022,"basaliob":-0.03,"bolussnooze":0,"activity":-4.0E-4,"lastBolusTime":1703534590488,"time":"2023-12-25T23:53:00.403Z","iobWithZeroTemp":{"iob":-0.372,"basaliob":-0.38,"bolussnooze":0,"activity":-0.0042,"lastBolusTime":1703534590488,"time":"2023-12-25T23:53:00.403Z"}},{"iob":-0.021,"basaliob":-0.027,"bolussnooze":0,"activity":-4.0E-4,"lastBolusTime":1703534590488,"time":"2023-12-25T23:58:00.403Z","iobWithZeroTemp":{"iob":-0.374,"basaliob":-0.38,"bolussnooze":0,"activity":-0.0043,"lastBolusTime":1703534590488,"time":"2023-12-25T23:58:00.403Z"}},{"iob":-0.019,"basaliob":-0.024,"bolussnooze":0,"activity":-3.0E-4,"lastBolusTime":1703534590488,"time":"2023-12-26T00:03:00.403Z","iobWithZeroTemp":{"iob":-0.372,"basaliob":-0.377,"bolussnooze":0,"activity":-0.0043,"lastBolusTime":1703534590488,"time":"2023-12-26T00:03:00.403Z"}},{"iob":-0.016,"basaliob":-0.021,"bolussnooze":0,"activity":-3.0E-4,"lastBolusTime":1703534590488,"time":"2023-12-26T00:08:00.403Z","iobWithZeroTemp":{"iob":-0.37,"basaliob":-0.375,"bolussnooze":0,"activity":-0.0043,"lastBolusTime":1703534590488,"time":"2023-12-26T00:08:00.403Z"}},{"iob":-0.015,"basaliob":-0.019,"bolussnooze":0,"activity":-3.0E-4,"lastBolusTime":1703534590488,"time":"2023-12-26T00:13:00.403Z","iobWithZeroTemp":{"iob":-0.369,"basaliob":-0.373,"bolussnooze":0,"activity":-0.0043,"lastBolusTime":1703534590488,"time":"2023-12-26T00:13:00.403Z"}},{"iob":-0.014,"basaliob":-0.017,"bolussnooze":0,"activity":-3.0E-4,"lastBolusTime":1703534590488,"time":"2023-12-26T00:18:00.403Z","iobWithZeroTemp":{"iob":-0.368,"basaliob":-0.371,"bolussnooze":0,"activity":-0.0044,"lastBolusTime":1703534590488,"time":"2023-12-26T00:18:00.403Z"}},{"iob":-0.012,"basaliob":-0.015,"bolussnooze":0,"activity":-3.0E-4,"lastBolusTime":1703534590488,"time":"2023-12-26T00:23:00.403Z","iobWithZeroTemp":{"iob":-0.366,"basaliob":-0.369,"bolussnooze":0,"activity":-0.0044,"lastBolusTime":1703534590488,"time":"2023-12-26T00:23:00.403Z"}},{"iob":-0.011,"basaliob":-0.013,"bolussnooze":0,"activity":-2.0E-4,"lastBolusTime":1703534590488,"time":"2023-12-26T00:28:00.403Z","iobWithZeroTemp":{"iob":-0.364,"basaliob":-0.366,"bolussnooze":0,"activity":-0.0043,"lastBolusTime":1703534590488,"time":"2023-12-26T00:28:00.403Z"}},{"iob":-0.01,"basaliob":-0.012,"bolussnooze":0,"activity":-2.0E-4,"lastBolusTime":1703534590488,"time":"2023-12-26T00:33:00.403Z","iobWithZeroTemp":{"iob":-0.363,"basaliob":-0.365,"bolussnooze":0,"activity":-0.0043,"lastBolusTime":1703534590488,"time":"2023-12-26T00:33:00.403Z"}},{"iob":-0.008,"basaliob":-0.01,"bolussnooze":0,"activity":-2.0E-4,"lastBolusTime":1703534590488,"time":"2023-12-26T00:38:00.403Z","iobWithZeroTemp":{"iob":-0.361,"basaliob":-0.363,"bolussnooze":0,"activity":-0.0043,"lastBolusTime":1703534590488,"time":"2023-12-26T00:38:00.403Z"}},{"iob":-0.008,"basaliob":-0.009,"bolussnooze":0,"activity":-2.0E-4,"lastBolusTime":1703534590488,"time":"2023-12-26T00:43:00.403Z","iobWithZeroTemp":{"iob":-0.36,"basaliob":-0.361,"bolussnooze":0,"activity":-0.0044,"lastBolusTime":1703534590488,"time":"2023-12-26T00:43:00.403Z"}},{"iob":-0.007,"basaliob":-0.008,"bolussnooze":0,"activity":-2.0E-4,"lastBolusTime":1703534590488,"time":"2023-12-26T00:48:00.403Z","iobWithZeroTemp":{"iob":-0.359,"basaliob":-0.36,"bolussnooze":0,"activity":-0.0044,"lastBolusTime":1703534590488,"time":"2023-12-26T00:48:00.403Z"}},{"iob":-0.006,"basaliob":-0.007,"bolussnooze":0,"activity":-2.0E-4,"lastBolusTime":1703534590488,"time":"2023-12-26T00:53:00.403Z","iobWithZeroTemp":{"iob":-0.357,"basaliob":-0.358,"bolussnooze":0,"activity":-0.0044,"lastBolusTime":1703534590488,"time":"2023-12-26T00:53:00.403Z"}},{"iob":-0.005,"basaliob":-0.006,"bolussnooze":0,"activity":-2.0E-4,"lastBolusTime":1703534590488,"time":"2023-12-26T00:58:00.403Z","iobWithZeroTemp":{"iob":-0.356,"basaliob":-0.357,"bolussnooze":0,"activity":-0.0044,"lastBolusTime":1703534590488,"time":"2023-12-26T00:58:00.403Z"}},{"iob":-0.004,"basaliob":-0.005,"bolussnooze":0,"activity":-1.0E-4,"lastBolusTime":1703534590488,"time":"2023-12-26T01:03:00.403Z","iobWithZeroTemp":{"iob":-0.35,"basaliob":-0.351,"bolussnooze":0,"activity":-0.0043,"lastBolusTime":1703534590488,"time":"2023-12-26T01:03:00.403Z"}},{"iob":-0.005,"basaliob":-0.005,"bolussnooze":0,"activity":-1.0E-4,"lastBolusTime":1703534590488,"time":"2023-12-26T01:08:00.403Z","iobWithZeroTemp":{"iob":-0.347,"basaliob":-0.347,"bolussnooze":0,"activity":-0.0042,"lastBolusTime":1703534590488,"time":"2023-12-26T01:08:00.403Z"}},{"iob":-0.004,"basaliob":-0.004,"bolussnooze":0,"activity":-1.0E-4,"lastBolusTime":1703534590488,"time":"2023-12-26T01:13:00.403Z","iobWithZeroTemp":{"iob":-0.342,"basaliob":-0.342,"bolussnooze":0,"activity":-0.0042,"lastBolusTime":1703534590488,"time":"2023-12-26T01:13:00.403Z"}},{"iob":-0.003,"basaliob":-0.003,"bolussnooze":0,"activity":-1.0E-4,"lastBolusTime":1703534590488,"time":"2023-12-26T01:18:00.403Z","iobWithZeroTemp":{"iob":-0.337,"basaliob":-0.337,"bolussnooze":0,"activity":-0.0042,"lastBolusTime":1703534590488,"time":"2023-12-26T01:18:00.403Z"}},{"iob":-0.003,"basaliob":-0.003,"bolussnooze":0,"activity":-1.0E-4,"lastBolusTime":1703534590488,"time":"2023-12-26T01:23:00.403Z","iobWithZeroTemp":{"iob":-0.333,"basaliob":-0.333,"bolussnooze":0,"activity":-0.0042,"lastBolusTime":1703534590488,"time":"2023-12-26T01:23:00.403Z"}},{"iob":-0.003,"basaliob":-0.003,"bolussnooze":0,"activity":-1.0E-4,"lastBolusTime":1703534590488,"time":"2023-12-26T01:28:00.403Z","iobWithZeroTemp":{"iob":-0.33,"basaliob":-0.33,"bolussnooze":0,"activity":-0.0041,"lastBolusTime":1703534590488,"time":"2023-12-26T01:28:00.403Z"}}],"profile":{"max_iob":10,"type":"current","max_daily_basal":0.41,"max_basal":1.15,"min_bg":90,"max_bg":90,"target_bg":90,"carb_ratio":7.639,"sens":140.517,"max_daily_safety_multiplier":3,"current_basal_safety_multiplier":4,"lgsThreshold":95,"high_temptarget_raises_sensitivity":true,"low_temptarget_lowers_sensitivity":true,"sensitivity_raises_target":true,"resistance_lowers_target":true,"adv_target_adjustments":false,"exercise_mode":false,"half_basal_exercise_target":160,"maxCOB":120,"skip_neutral_temps":false,"remainingCarbsCap":90,"enableUAM":true,"A52_risk_enable":false,"SMBInterval":3,"enableSMB_with_COB":true,"enableSMB_with_temptarget":true,"allowSMB_with_high_temptarget":false,"enableSMB_always":false,"enableSMB_after_carbs":true,"maxSMBBasalMinutes":30,"maxUAMSMBBasalMinutes":40,"bolus_increment":0.05,"carbsReqThreshold":4,"current_basal":0.3,"temptargetSet":false,"autosens_max":1.3,"autosens_min":0.7,"variable_sens":158.4,"insulinDivisor":75,"TDD":14.635466761904762},"autosens_data":{"ratio":1.0602767279784406},"meal_data":{"carbs":20,"mealCOB":0,"slopeFromMaxDeviation":-0.6370909090909092,"slopeFromMinDeviation":0.017000000000000015,"lastBolusTime":1703534590488,"lastCarbTime":1703529089478},"microBolusAllowed":true,"currentTime":1703539981388,"flatBGsDetected":false,"tdd1D":15.581666666666663,"tdd7D":15.151547619047617,"tddLast24H":16.06483333333334,"tddLast4H":4.148333333333333,"tddLast8to4H":1.9783333333333335},"output":{"temp":"absolute","bg":88,"tick":-5,"eventualBG":78,"targetBG":88,"insulinReq":0,"deliverAt":"2023-12-25T21:33:01.388Z","sensitivityRatio":1.0602767279784406,"variable_sens":158.4,"predBGs":{"IOB":[88,83,79,75,72,69,67,65,64,63,63,63,63,64,64,65,65,66,66,67,67,68,68,69,69,69,70,70,71,71,71,72,72,72,73,73,73,73,73,74],"ZT":[88,86,84,82,81,81,80,80,81,82,83,84,86,88]},"reason":"COB: 0, Dev: -12, BGI: -2, ISF: 158, CR: 7.64, Target: 88, minPredBG 72, minGuardBG 63, IOBpredBG 74; minGuardBG 63<95 40m left and 0 ~ req 0U\/hr: no temp required","COB":0,"IOB":-0.014,"timestamp":"2023-12-25T21:33:01.405Z"}}