{"algorithm":"OpenAPSSMBDynamicISFPlugin","input":{"glucoseStatus":{"glucose":98,"noise":0,"delta":-3.72,"short_avgdelta":-3.72,"long_avgdelta":-4.36,"date":1703539358000},"currenttemp":{"temp":"absolute","duration":50,"rate":0,"minutesrunning":70},"iob_data":[{"iob":0.073,"basaliob":-0.292,"bolussnooze":2.0E-4,"activity":0.0045,"lastBolusTime":1703534590488,"time":"2023-12-25T21:23:00.707Z","iobWithZeroTemp":{"iob":0.073,"basaliob":-0.292,"bolussnooze":2.0E-4,"activity":0.0045,"lastBolusTime":1703534590488,"time":"2023-12-25T21:23:00.707Z"}},{"iob":0.052,"basaliob":-0.278,"bolussnooze":0,"activity":0.0038,"lastBolusTime":1703534590488,"time":"2023-12-25T21:28:00.707Z","iobWithZeroTemp":{"iob":0.032,"basaliob":-0.298,"bolussnooze":0,"activity":0.0038,"lastBolusTime":1703534590488,"time":"2023-12-25T21:28:00.707Z"}},{"iob":0.035,"basaliob":-0.264,"bolussnooze":0,"activity":0.0031,"lastBolusTime":1703534590488,"time":"2023-12-25T21:33:00.707Z","iobWithZeroTemp":{"iob":-0.009,"basaliob":-0.308,"bolussnooze":0,"activity":0.003,"lastBolusTime":1703534590488,"time":"2023-12-25T21:33:00.707Z"}},{"iob":0.02,"basaliob":-0.25,"bolussnooze":0,"activity":0.0026,"lastBolusTime":1703534590488,"time":"2023-12-25T21:38:00.707Z","iobWithZeroTemp":{"iob":-0.047,"basaliob":-0.317,"bolussnooze":0,"activity":0.0024,"lastBolusTime":1703534590488,"time":"2023-12-25T21:38:00.707Z"}},{"iob":0.008,"basaliob":-0.235,"bolussnooze":0,"activity":0.0022,"lastBolusTime":1703534590488,"time":"2023-12-25T21:43:00.707Z","iobWithZeroTemp":{"iob":-0.082,"basaliob":-0.325,"bolussnooze":0,"activity":0.0019,"lastBolusTime":1703534590488,"time":"2023-12-25T21:43:00.707Z"}},{"iob":-0.002,"basaliob":-0.221,"bolussnooze":0,"activity":0.0017,"lastBolusTime":1703534590488,"time":"2023-12-25T21:48:00.707Z","iobWithZeroTemp":{"iob":-0.115,"basaliob":-0.334,"bolussnooze":0,"activity":0.0012,"lastBolusTime":1703534590488,"time":"2023-12-25T21:48:00.707Z"}},{"iob":-0.01,"basaliob":-0.207,"bolussnooze":0,"activity":0.0014,"lastBolusTime":1703534590488,"time":"2023-12-25T21:53:00.707Z","iobWithZeroTemp":{"iob":-0.144,"basaliob":-0.341,"bolussnooze":0,"activity":7.0E-4,"lastBolusTime":1703534590488,"time":"2023-12-25T21:53:00.707Z"}},{"iob":-0.016,"basaliob":-0.193,"bolussnooze":0,"activity":0.0012,"lastBolusTime":1703534590488,"time":"2023-12-25T21:58:00.707Z","iobWithZeroTemp":{"iob":-0.171,"basaliob":-0.348,"bolussnooze":0,"activity":3.0E-4,"lastBolusTime":1703534590488,"time":"2023-12-25T21:58:00.707Z"}},{"iob":-0.022,"basaliob":-0.18,"bolussnooze":0,"activity":9.0E-4,"lastBolusTime":1703534590488,"time":"2023-12-25T22:03:00.707Z","iobWithZeroTemp":{"iob":-0.195,"basaliob":-0.353,"bolussnooze":0,"activity":-2.0E-4,"lastBolusTime":1703534590488,"time":"2023-12-25T22:03:00.707Z"}},{"iob":-0.026,"basaliob":-0.167,"bolussnooze":0,"activity":7.0E-4,"lastBolusTime":1703534590488,"time":"2023-12-25T22:08:00.707Z","iobWithZeroTemp":{"iob":-0.216,"basaliob":-0.357,"bolussnooze":0,"activity":-6.0E-4,"lastBolusTime":1703534590488,"time":"2023-12-25T22:08:00.707Z"}},{"iob":-0.029,"basaliob":-0.155,"bolussnooze":0,"activity":5.0E-4,"lastBolusTime":1703534590488,"time":"2023-12-25T22:13:00.707Z","iobWithZeroTemp":{"iob":-0.235,"basaliob":-0.361,"bolussnooze":0,"activity":-0.001,"lastBolusTime":1703534590488,"time":"2023-12-25T22:13:00.707Z"}},{"iob":-0.031,"basaliob":-0.143,"bolussnooze":0,"activity":3.0E-4,"lastBolusTime":1703534590488,"time":"2023-12-25T22:18:00.707Z","iobWithZeroTemp":{"iob":-0.251,"basaliob":-0.363,"bolussnooze":0,"activity":-0.0014,"lastBolusTime":1703534590488,"time":"2023-12-25T22:18:00.707Z"}},{"iob":-0.032,"basaliob":-0.132,"bolussnooze":0,"activity":3.0E-4,"lastBolusTime":1703534590488,"time":"2023-12-25T22:23:00.707Z","iobWithZeroTemp":{"iob":-0.266,"basaliob":-0.366,"bolussnooze":0,"activity":-0.0016,"lastBolusTime":1703534590488,"time":"2023-12-25T22:23:00.707Z"}},{"iob":-0.033,"basaliob":-0.122,"bolussnooze":0,"activity":1.0E-4,"lastBolusTime":1703534590488,"time":"2023-12-25T22:28:00.707Z","iobWithZeroTemp":{"iob":-0.28,"basaliob":-0.369,"bolussnooze":0,"activity":-0.002,"lastBolusTime":1703534590488,"time":"2023-12-25T22:28:00.707Z"}},{"iob":-0.034,"basaliob":-0.112,"bolussnooze":0,"activity":0,"lastBolusTime":1703534590488,"time":"2023-12-25T22:33:00.707Z","iobWithZeroTemp":{"iob":-0.294,"basaliob":-0.372,"bolussnooze":0,"activity":-0.0023,"lastBolusTime":1703534590488,"time":"2023-12-25T22:33:00.707Z"}},{"iob":-0.034,"basaliob":-0.103,"bolussnooze":0,"activity":-1.0E-4,"lastBolusTime":1703534590488,"time":"2023-12-25T22:38:00.707Z","iobWithZeroTemp":{"iob":-0.305,"basaliob":-0.374,"bolussnooze":0,"activity":-0.0025,"lastBolusTime":1703534590488,"time":"2023-12-25T22:38:00.707Z"}},{"iob":-0.033,"basaliob":-0.094,"bolussnooze":0,"activity":-1.0E-4,"lastBolusTime":1703534590488,"time":"2023-12-25T22:43:00.707Z","iobWithZeroTemp":{"iob":-0.314,"basaliob":-0.375,"bolussnooze":0,"activity":-0.0027,"lastBolusTime":1703534590488,"time":"2023-12-25T22:43:00.707Z"}},{"iob":-0.032,"basaliob":-0.086,"bolussnooze":0,"activity":-1.0E-4,"lastBolusTime":1703534590488,"time":"2023-12-25T22:48:00.707Z","iobWithZeroTemp":{"iob":-0.323,"basaliob":-0.377,"bolussnooze":0,"activity":-0.0028,"lastBolusTime":1703534590488,"time":"2023-12-25T22:48:00.707Z"}},{"iob":-0.031,"basaliob":-0.078,"bolussnooze":0,"activity":-2.0E-4,"lastBolusTime":1703534590488,"time":"2023-12-25T22:53:00.707Z","iobWithZeroTemp":{"iob":-0.331,"basaliob":-0.378,"bolussnooze":0,"activity":-0.0031,"lastBolusTime":1703534590488,"time":"2023-12-25T22:53:00.707Z"}},{"iob":-0.03,"basaliob":-0.071,"bolussnooze":0,"activity":-2.0E-4,"lastBolusTime":1703534590488,"time":"2023-12-25T22:58:00.707Z","iobWithZeroTemp":{"iob":-0.338,"basaliob":-0.379,"bolussnooze":0,"activity":-0.0032,"lastBolusTime":1703534590488,"time":"2023-12-25T22:58:00.707Z"}},{"iob":-0.029,"basaliob":-0.065,"bolussnooze":0,"activity":-2.0E-4,"lastBolusTime":1703534590488,"time":"2023-12-25T23:03:00.707Z","iobWithZeroTemp":{"iob":-0.344,"basaliob":-0.38,"bolussnooze":0,"activity":-0.0034,"lastBolusTime":1703534590488,"time":"2023-12-25T23:03:00.707Z"}},{"iob":-0.028,"basaliob":-0.059,"bolussnooze":0,"activity":-2.0E-4,"lastBolusTime":1703534590488,"time":"2023-12-25T23:08:00.707Z","iobWithZeroTemp":{"iob":-0.349,"basaliob":-0.38,"bolussnooze":0,"activity":-0.0035,"lastBolusTime":1703534590488,"time":"2023-12-25T23:08:00.707Z"}},{"iob":-0.027,"basaliob":-0.054,"bolussnooze":0,"activity":-3.0E-4,"lastBolusTime":1703534590488,"time":"2023-12-25T23:13:00.707Z","iobWithZeroTemp":{"iob":-0.354,"basaliob":-0.381,"bolussnooze":0,"activity":-0.0037,"lastBolusTime":1703534590488,"time":"2023-12-25T23:13:00.707Z"}},{"iob":-0.026,"basaliob":-0.049,"bolussnooze":0,"activity":-3.0E-4,"lastBolusTime":1703534590488,"time":"2023-12-25T23:18:00.707Z","iobWithZeroTemp":{"iob":-0.358,"basaliob":-0.381,"bolussnooze":0,"activity":-0.0038,"lastBolusTime":1703534590488,"time":"2023-12-25T23:18:00.707Z"}},{"iob":-0.024,"basaliob":-0.044,"bolussnooze":0,"activity":-3.0E-4,"lastBolusTime":1703534590488,"time":"2023-12-25T23:23:00.707Z","iobWithZeroTemp":{"iob":-0.361,"basaliob":-0.381,"bolussnooze":0,"activity":-0.0039,"lastBolusTime":1703534590488,"time":"2023-12-25T23:23:00.707Z"}},{"iob":-0.023,"basaliob":-0.04,"bolussnooze":0,"activity":-3.0E-4,"lastBolusTime":1703534590488,"time":"2023-12-25T23:28:00.707Z","iobWithZeroTemp":{"iob":-0.364,"basaliob":-0.381,"bolussnooze":0,"activity":-0.004,"lastBolusTime":1703534590488,"time":"2023-12-25T23:28:00.707Z"}},{"iob":-0.021,"basaliob":-0.036,"bolussnooze":0,"activity":-2.0E-4,"lastBolusTime":1703534590488,"time":"2023-12-25T23:33:00.707Z","iobWithZeroTemp":{"iob":-0.366,"basaliob":-0.381,"bolussnooze":0,"activity":-0.0039,"lastBolusTime":1703534590488,"time":"2023-12-25T23:33:00.707Z"}},{"iob":-0.019,"basaliob":-0.032,"bolussnooze":0,"activity":-3.0E-4,"lastBolusTime":1703534590488,"time":"2023-12-25T23:38:00.707Z","iobWithZeroTemp":{"iob":-0.367,"basaliob":-0.38,"bolussnooze":0,"activity":-0.0041,"lastBolusTime":1703534590488,"time":"2023-12-25T23:38:00.707Z"}},{"iob":-0.018,"basaliob":-0.029,"bolussnooze":0,"activity":-2.0E-4,"lastBolusTime":1703534590488,"time":"2023-12-25T23:43:00.707Z","iobWithZeroTemp":{"iob":-0.369,"basaliob":-0.38,"bolussnooze":0,"activity":-0.0041,"lastBolusTime":1703534590488,"time":"2023-12-25T23:43:00.707Z"}},{"iob":-0.017,"basaliob":-0.026,"bolussnooze":0,"activity":-3.0E-4,"lastBolusTime":1703534590488,"time":"2023-12-25T23:48:00.707Z","iobWithZeroTemp":{"iob":-0.371,"basaliob":-0.38,"bolussnooze":0,"activity":-0.0042,"lastBolusTime":1703534590488,"time":"2023-12-25T23:48:00.707Z"}},{"iob":-0.015,"basaliob":-0.023,"bolussnooze":0,"activity":-2.0E-4,"lastBolusTime":1703534590488,"time":"2023-12-25T23:53:00.707Z","iobWithZeroTemp":{"iob":-0.372,"basaliob":-0.38,"bolussnooze":0,"activity":-0.0042,"lastBolusTime":1703534590488,"time":"2023-12-25T23:53:00.707Z"}},{"iob":-0.015,"basaliob":-0.021,"bolussnooze":0,"activity":-3.0E-4,"lastBolusTime":1703534590488,"time":"2023-12-25T23:58:00.707Z","iobWithZeroTemp":{"iob":-0.374,"basaliob":-0.38,"bolussnooze":0,"activity":-0.0043,"lastBolusTime":1703534590488,"time":"2023-12-25T23:58:00.707Z"}},{"iob":-0.013,"basaliob":-0.018,"bolussnooze":0,"activity":-2.0E-4,"lastBolusTime":1703534590488,"time":"2023-12-26T00:03:00.707Z","iobWithZeroTemp":{"iob":-0.372,"basaliob":-0.377,"bolussnooze":0,"activity":-0.0043,"lastBolusTime":1703534590488,"time":"2023-12-26T00:03:00.707Z"}},{"iob":-0.012,"basaliob":-0.016,"bolussnooze":0,"activity":-2.0E-4,"lastBolusTime":1703534590488,"time":"2023-12-26T00:08:00.707Z","iobWithZeroTemp":{"iob":-0.371,"basaliob":-0.375,"bolussnooze":0,"activity":-0.0043,"lastBolusTime":1703534590488,"time":"2023-12-26T00:08:00.707Z"}},{"iob":-0.011,"basaliob":-0.015,"bolussnooze":0,"activity":-2.0E-4,"lastBolusTime":1703534590488,"time":"2023-12-26T00:13:00.707Z","iobWithZeroTemp":{"iob":-0.369,"basaliob":-0.373,"bolussnooze":0,"activity":-0.0043,"lastBolusTime":1703534590488,"time":"2023-12-26T00:13:00.707Z"}},{"iob":-0.01,"basaliob":-0.013,"bolussnooze":0,"activity":-2.0E-4,"lastBolusTime":1703534590488,"time":"2023-12-26T00:18:00.707Z","iobWithZeroTemp":{"iob":-0.368,"basaliob":-0.371,"bolussnooze":0,"activity":-0.0044,"lastBolusTime":1703534590488,"time":"2023-12-26T00:18:00.707Z"}},{"iob":-0.008,"basaliob":-0.011,"bolussnooze":0,"activity":-2.0E-4,"lastBolusTime":1703534590488,"time":"2023-12-26T00:23:00.707Z","iobWithZeroTemp":{"iob":-0.365,"basaliob":-0.368,"bolussnooze":0,"activity":-0.0044,"lastBolusTime":1703534590488,"time":"2023-12-26T00:23:00.707Z"}},{"iob":-0.008,"basaliob":-0.01,"bolussnooze":0,"activity":-2.0E-4,"lastBolusTime":1703534590488,"time":"2023-12-26T00:28:00.707Z","iobWithZeroTemp":{"iob":-0.365,"basaliob":-0.367,"bolussnooze":0,"activity":-0.0044,"lastBolusTime":1703534590488,"time":"2023-12-26T00:28:00.707Z"}},{"iob":-0.007,"basaliob":-0.009,"bolussnooze":0,"activity":-1.0E-4,"lastBolusTime":1703534590488,"time":"2023-12-26T00:33:00.707Z","iobWithZeroTemp":{"iob":-0.363,"basaliob":-0.365,"bolussnooze":0,"activity":-0.0043,"lastBolusTime":1703534590488,"time":"2023-12-26T00:33:00.707Z"}},{"iob":-0.006,"basaliob":-0.008,"bolussnooze":0,"activity":-1.0E-4,"lastBolusTime":1703534590488,"time":"2023-12-26T00:38:00.707Z","iobWithZeroTemp":{"iob":-0.361,"basaliob":-0.363,"bolussnooze":0,"activity":-0.0043,"lastBolusTime":1703534590488,"time":"2023-12-26T00:38:00.707Z"}},{"iob":-0.006,"basaliob":-0.007,"bolussnooze":0,"activity":-2.0E-4,"lastBolusTime":1703534590488,"time":"2023-12-26T00:43:00.707Z","iobWithZeroTemp":{"iob":-0.36,"basaliob":-0.361,"bolussnooze":0,"activity":-0.0044,"lastBolusTime":1703534590488,"time":"2023-12-26T00:43:00.707Z"}},{"iob":-0.005,"basaliob":-0.006,"bolussnooze":0,"activity":-2.0E-4,"lastBolusTime":1703534590488,"time":"2023-12-26T00:48:00.707Z","iobWithZeroTemp":{"iob":-0.359,"basaliob":-0.36,"bolussnooze":0,"activity":-0.0044,"lastBolusTime":1703534590488,"time":"2023-12-26T00:48:00.707Z"}},{"iob":-0.004,"basaliob":-0.005,"bolussnooze":0,"activity":-1.0E-4,"lastBolusTime":1703534590488,"time":"2023-12-26T00:53:00.707Z","iobWithZeroTemp":{"iob":-0.357,"basaliob":-0.358,"bolussnooze":0,"activity":-0.0043,"lastBolusTime":1703534590488,"time":"2023-12-26T00:53:00.707Z"}},{"iob":-0.004,"basaliob":-0.005,"bolussnooze":0,"activity":-1.0E-4,"lastBolusTime":1703534590488,"time":"2023-12-26T00:58:00.707Z","iobWithZeroTemp":{"iob":-0.356,"basaliob":-0.357,"bolussnooze":0,"activity":-0.0043,"lastBolusTime":1703534590488,"time":"2023-12-26T00:58:00.707Z"}},{"iob":-0.003,"basaliob":-0.004,"bolussnooze":0,"activity":-1.0E-4,"lastBolusTime":1703534590488,"time":"2023-12-26T01:03:00.707Z","iobWithZeroTemp":{"iob":-0.351,"basaliob":-0.352,"bolussnooze":0,"activity":-0.0043,"lastBolusTime":1703534590488,"time":"2023-12-26T01:03:00.707Z"}},{"iob":-0.003,"basaliob":-0.003,"bolussnooze":0,"activity":-1.0E-4,"lastBolusTime":1703534590488,"time":"2023-12-26T01:08:00.707Z","iobWithZeroTemp":{"iob":-0.346,"basaliob":-0.346,"bolussnooze":0,"activity":-0.0043,"lastBolusTime":1703534590488,"time":"2023-12-26T01:08:00.707Z"}},{"iob":-0.003,"basaliob":-0.003,"bolussnooze":0,"activity":-1.0E-4,"lastBolusTime":1703534590488,"time":"2023-12-26T01:13:00.707Z","iobWithZeroTemp":{"iob":-0.342,"basaliob":-0.342,"bolussnooze":0,"activity":-0.0043,"lastBolusTime":1703534590488,"time":"2023-12-26T01:13:00.707Z"}},{"iob":-0.003,"basaliob":-0.003,"bolussnooze":0,"activity":-1.0E-4,"lastBolusTime":1703534590488,"time":"2023-12-26T01:18:00.707Z","iobWithZeroTemp":{"iob":-0.338,"basaliob":-0.338,"bolussnooze":0,"activity":-0.0042,"lastBolusTime":1703534590488,"time":"2023-12-26T01:18:00.707Z"}}],"profile":{"max_iob":10,"type":"current","max_daily_basal":0.41,"max_basal":1.15,"min_bg":90,"max_bg":90,"target_bg":90,"carb_ratio":7.639,"sens":140.517,"max_daily_safety_multiplier":3,"current_basal_safety_multiplier":4,"lgsThreshold":95,"high_temptarget_raises_sensitivity":true,"low_temptarget_lowers_sensitivity":true,"sensitivity_raises_target":true,"resistance_lowers_target":true,"adv_target_adjustments":false,"exercise_mode":false,"half_basal_exercise_target":160,"maxCOB":120,"skip_neutral_temps":false,"remainingCarbsCap":90,"enableUAM":true,"A52_risk_enable":false,"SMBInterval":3,"enableSMB_with_COB":true,"enableSMB_with_temptarget":true,"allowSMB_with_high_temptarget":false,"enableSMB_always":false,"enableSMB_after_carbs":true,"maxSMBBasalMinutes":30,"maxUAMSMBBasalMinutes":40,"bolus_increment":0.05,"carbsReqThreshold":4,"current_basal":0.3,"temptargetSet":false,"autosens_max":1.3,"autosens_min":0.7,"variable_sens":147.1,"insulinDivisor":75,"TDD":14.642759761904765},"autosens_data":{"ratio":1.0602767279784406},"meal_data":{"carbs":20,"mealCOB":0,"slopeFromMaxDeviation":-0.7323999999999999,"slopeFromMinDeviation":0.7010000000000001,"lastBolusTime":1703534590488,"lastCarbTime":1703529089478},"microBolusAllowed":true,"currentTime":1703539381854,"flatBGsDetected":false,"tdd1D":15.581666666666663,"tdd7D":15.151547619047617,"tddLast24H":16.06483333333334,"tddLast4H":4.159166666666668,"tddLast8to4H":1.9675000000000002},"output":{"temp":"absolute","bg":98,"tick":-4,"eventualBG":81,"targetBG":88,"insulinReq":0,"deliverAt":"2023-12-25T21:23:01.854Z","sensitivityRatio":1.0602767279784406,"variable_sens":147.1,"predBGs":{"IOB":[98,94,91,88,86,84,83,81,80,79,79,78,78,78,77,77,78,78,78,78,78,78,78,79,79,79,79,80,80,80,80,80,81,81,81,81,81,82,82,82,82,82,82,82,82,82,83],"ZT":[98,95,92,90,88,86,85,85,84,85,85,86,87,88]},"reason":"COB: 0, Dev: -6, BGI: -3, ISF: 147, CR: 7.64, Target: 88, minPredBG 81, minGuardBG 77, IOBpredBG 83; minGuardBG 77<95 50m left and 0 ~ req 0U\/hr: no temp required","COB":0,"IOB":0.073,"timestamp":"2023-12-25T21:23:01.872Z"}}