{"algorithm":"OpenAPSSMBDynamicISFPlugin","input":{"glucoseStatus":{"glucose":155,"noise":0,"delta":-5,"short_avgdelta":-5,"long_avgdelta":1.66,"date":1703535158000},"currenttemp":{"temp":"absolute","duration":85,"rate":0,"minutesrunning":5},"iob_data":[{"iob":1.189,"basaliob":-0.015,"bolussnooze":0.0941,"activity":0.0161,"lastBolusTime":1703534590488,"time":"2023-12-25T20:13:02.942Z","iobWithZeroTemp":{"iob":1.189,"basaliob":-0.015,"bolussnooze":0.0941,"activity":0.0161,"lastBolusTime":1703534590488,"time":"2023-12-25T20:13:02.942Z"}},{"iob":1.109,"basaliob":-0.011,"bolussnooze":0.0735,"activity":0.0157,"lastBolusTime":1703534590488,"time":"2023-12-25T20:18:02.942Z","iobWithZeroTemp":{"iob":1.086,"basaliob":-0.034,"bolussnooze":0.0735,"activity":0.0157,"lastBolusTime":1703534590488,"time":"2023-12-25T20:18:02.942Z"}},{"iob":1.033,"basaliob":-0.007,"bolussnooze":0.0568,"activity":0.0151,"lastBolusTime":1703534590488,"time":"2023-12-25T20:23:02.942Z","iobWithZeroTemp":{"iob":0.982,"basaliob":-0.058,"bolussnooze":0.0568,"activity":0.015,"lastBolusTime":1703534590488,"time":"2023-12-25T20:23:02.942Z"}},{"iob":0.959,"basaliob":-0.004,"bolussnooze":0.0434,"activity":0.0145,"lastBolusTime":1703534590488,"time":"2023-12-25T20:28:02.942Z","iobWithZeroTemp":{"iob":0.881,"basaliob":-0.082,"bolussnooze":0.0434,"activity":0.0143,"lastBolusTime":1703534590488,"time":"2023-12-25T20:28:02.942Z"}},{"iob":0.888,"basaliob":-0.002,"bolussnooze":0.0327,"activity":0.0138,"lastBolusTime":1703534590488,"time":"2023-12-25T20:33:02.942Z","iobWithZeroTemp":{"iob":0.783,"basaliob":-0.107,"bolussnooze":0.0327,"activity":0.0134,"lastBolusTime":1703534590488,"time":"2023-12-25T20:33:02.942Z"}},{"iob":0.82,"basaliob":0,"bolussnooze":0.0243,"activity":0.0132,"lastBolusTime":1703534590488,"time":"2023-12-25T20:38:02.942Z","iobWithZeroTemp":{"iob":0.689,"basaliob":-0.131,"bolussnooze":0.0243,"activity":0.0126,"lastBolusTime":1703534590488,"time":"2023-12-25T20:38:02.942Z"}},{"iob":0.756,"basaliob":0.001,"bolussnooze":0.0178,"activity":0.0124,"lastBolusTime":1703534590488,"time":"2023-12-25T20:43:02.942Z","iobWithZeroTemp":{"iob":0.6,"basaliob":-0.155,"bolussnooze":0.0178,"activity":0.0116,"lastBolusTime":1703534590488,"time":"2023-12-25T20:43:02.942Z"}},{"iob":0.697,"basaliob":0.003,"bolussnooze":0.0127,"activity":0.0117,"lastBolusTime":1703534590488,"time":"2023-12-25T20:48:02.942Z","iobWithZeroTemp":{"iob":0.517,"basaliob":-0.177,"bolussnooze":0.0127,"activity":0.0107,"lastBolusTime":1703534590488,"time":"2023-12-25T20:48:02.942Z"}},{"iob":0.64,"basaliob":0.004,"bolussnooze":0.0089,"activity":0.011,"lastBolusTime":1703534590488,"time":"2023-12-25T20:53:02.942Z","iobWithZeroTemp":{"iob":0.437,"basaliob":-0.199,"bolussnooze":0.0089,"activity":0.0097,"lastBolusTime":1703534590488,"time":"2023-12-25T20:53:02.942Z"}},{"iob":0.586,"basaliob":0.004,"bolussnooze":0.006,"activity":0.0103,"lastBolusTime":1703534590488,"time":"2023-12-25T20:58:02.942Z","iobWithZeroTemp":{"iob":0.362,"basaliob":-0.22,"bolussnooze":0.006,"activity":0.0088,"lastBolusTime":1703534590488,"time":"2023-12-25T20:58:02.942Z"}},{"iob":0.537,"basaliob":0.005,"bolussnooze":0.0039,"activity":0.0096,"lastBolusTime":1703534590488,"time":"2023-12-25T21:03:02.942Z","iobWithZeroTemp":{"iob":0.297,"basaliob":-0.235,"bolussnooze":0.0039,"activity":0.0078,"lastBolusTime":1703534590488,"time":"2023-12-25T21:03:02.942Z"}},{"iob":0.49,"basaliob":0.005,"bolussnooze":0.0024,"activity":0.0089,"lastBolusTime":1703534590488,"time":"2023-12-25T21:08:02.942Z","iobWithZeroTemp":{"iob":0.235,"basaliob":-0.25,"bolussnooze":0.0024,"activity":0.0069,"lastBolusTime":1703534590488,"time":"2023-12-25T21:08:02.942Z"}},{"iob":0.447,"basaliob":0.005,"bolussnooze":0.0013,"activity":0.0083,"lastBolusTime":1703534590488,"time":"2023-12-25T21:13:02.942Z","iobWithZeroTemp":{"iob":0.177,"basaliob":-0.265,"bolussnooze":0.0013,"activity":0.0061,"lastBolusTime":1703534590488,"time":"2023-12-25T21:13:02.942Z"}},{"iob":0.408,"basaliob":0.006,"bolussnooze":6.0E-4,"activity":0.0077,"lastBolusTime":1703534590488,"time":"2023-12-25T21:18:02.942Z","iobWithZeroTemp":{"iob":0.126,"basaliob":-0.276,"bolussnooze":6.0E-4,"activity":0.0053,"lastBolusTime":1703534590488,"time":"2023-12-25T21:18:02.942Z"}},{"iob":0.37,"basaliob":0.006,"bolussnooze":2.0E-4,"activity":0.0071,"lastBolusTime":1703534590488,"time":"2023-12-25T21:23:02.942Z","iobWithZeroTemp":{"iob":0.076,"basaliob":-0.288,"bolussnooze":2.0E-4,"activity":0.0045,"lastBolusTime":1703534590488,"time":"2023-12-25T21:23:02.942Z"}},{"iob":0.336,"basaliob":0.006,"bolussnooze":0,"activity":0.0066,"lastBolusTime":1703534590488,"time":"2023-12-25T21:28:02.942Z","iobWithZeroTemp":{"iob":0.031,"basaliob":-0.299,"bolussnooze":0,"activity":0.0038,"lastBolusTime":1703534590488,"time":"2023-12-25T21:28:02.942Z"}},{"iob":0.305,"basaliob":0.006,"bolussnooze":0,"activity":0.006,"lastBolusTime":1703534590488,"time":"2023-12-25T21:33:02.942Z","iobWithZeroTemp":{"iob":-0.01,"basaliob":-0.309,"bolussnooze":0,"activity":0.003,"lastBolusTime":1703534590488,"time":"2023-12-25T21:33:02.942Z"}},{"iob":0.275,"basaliob":0.005,"bolussnooze":0,"activity":0.0055,"lastBolusTime":1703534590488,"time":"2023-12-25T21:38:02.942Z","iobWithZeroTemp":{"iob":-0.05,"basaliob":-0.32,"bolussnooze":0,"activity":0.0024,"lastBolusTime":1703534590488,"time":"2023-12-25T21:38:02.942Z"}},{"iob":0.248,"basaliob":0.005,"bolussnooze":0,"activity":0.0051,"lastBolusTime":1703534590488,"time":"2023-12-25T21:43:02.942Z","iobWithZeroTemp":{"iob":-0.085,"basaliob":-0.328,"bolussnooze":0,"activity":0.0018,"lastBolusTime":1703534590488,"time":"2023-12-25T21:43:02.942Z"}},{"iob":0.224,"basaliob":0.005,"bolussnooze":0,"activity":0.0046,"lastBolusTime":1703534590488,"time":"2023-12-25T21:48:02.942Z","iobWithZeroTemp":{"iob":-0.117,"basaliob":-0.336,"bolussnooze":0,"activity":0.0012,"lastBolusTime":1703534590488,"time":"2023-12-25T21:48:02.942Z"}},{"iob":0.202,"basaliob":0.005,"bolussnooze":0,"activity":0.0042,"lastBolusTime":1703534590488,"time":"2023-12-25T21:53:02.942Z","iobWithZeroTemp":{"iob":-0.146,"basaliob":-0.343,"bolussnooze":0,"activity":7.0E-4,"lastBolusTime":1703534590488,"time":"2023-12-25T21:53:02.942Z"}},{"iob":0.181,"basaliob":0.005,"bolussnooze":0,"activity":0.0039,"lastBolusTime":1703534590488,"time":"2023-12-25T21:58:02.942Z","iobWithZeroTemp":{"iob":-0.173,"basaliob":-0.349,"bolussnooze":0,"activity":2.0E-4,"lastBolusTime":1703534590488,"time":"2023-12-25T21:58:02.942Z"}},{"iob":0.163,"basaliob":0.005,"bolussnooze":0,"activity":0.0035,"lastBolusTime":1703534590488,"time":"2023-12-25T22:03:02.942Z","iobWithZeroTemp":{"iob":-0.196,"basaliob":-0.354,"bolussnooze":0,"activity":-3.0E-4,"lastBolusTime":1703534590488,"time":"2023-12-25T22:03:02.942Z"}},{"iob":0.145,"basaliob":0.004,"bolussnooze":0,"activity":0.0032,"lastBolusTime":1703534590488,"time":"2023-12-25T22:08:02.942Z","iobWithZeroTemp":{"iob":-0.218,"basaliob":-0.359,"bolussnooze":0,"activity":-7.0E-4,"lastBolusTime":1703534590488,"time":"2023-12-25T22:08:02.942Z"}},{"iob":0.13,"basaliob":0.004,"bolussnooze":0,"activity":0.0029,"lastBolusTime":1703534590488,"time":"2023-12-25T22:13:02.942Z","iobWithZeroTemp":{"iob":-0.236,"basaliob":-0.362,"bolussnooze":0,"activity":-0.0011,"lastBolusTime":1703534590488,"time":"2023-12-25T22:13:02.942Z"}},{"iob":0.116,"basaliob":0.004,"bolussnooze":0,"activity":0.0026,"lastBolusTime":1703534590488,"time":"2023-12-25T22:18:02.942Z","iobWithZeroTemp":{"iob":-0.253,"basaliob":-0.365,"bolussnooze":0,"activity":-0.0014,"lastBolusTime":1703534590488,"time":"2023-12-25T22:18:02.942Z"}},{"iob":0.104,"basaliob":0.004,"bolussnooze":0,"activity":0.0024,"lastBolusTime":1703534590488,"time":"2023-12-25T22:23:02.942Z","iobWithZeroTemp":{"iob":-0.268,"basaliob":-0.368,"bolussnooze":0,"activity":-0.0017,"lastBolusTime":1703534590488,"time":"2023-12-25T22:23:02.942Z"}},{"iob":0.091,"basaliob":0.003,"bolussnooze":0,"activity":0.0021,"lastBolusTime":1703534590488,"time":"2023-12-25T22:28:02.942Z","iobWithZeroTemp":{"iob":-0.283,"basaliob":-0.371,"bolussnooze":0,"activity":-0.0021,"lastBolusTime":1703534590488,"time":"2023-12-25T22:28:02.942Z"}},{"iob":0.081,"basaliob":0.003,"bolussnooze":0,"activity":0.0019,"lastBolusTime":1703534590488,"time":"2023-12-25T22:33:02.942Z","iobWithZeroTemp":{"iob":-0.295,"basaliob":-0.373,"bolussnooze":0,"activity":-0.0023,"lastBolusTime":1703534590488,"time":"2023-12-25T22:33:02.942Z"}},{"iob":0.072,"basaliob":0.003,"bolussnooze":0,"activity":0.0017,"lastBolusTime":1703534590488,"time":"2023-12-25T22:38:02.942Z","iobWithZeroTemp":{"iob":-0.306,"basaliob":-0.375,"bolussnooze":0,"activity":-0.0026,"lastBolusTime":1703534590488,"time":"2023-12-25T22:38:02.942Z"}},{"iob":0.064,"basaliob":0.003,"bolussnooze":0,"activity":0.0016,"lastBolusTime":1703534590488,"time":"2023-12-25T22:43:02.942Z","iobWithZeroTemp":{"iob":-0.315,"basaliob":-0.376,"bolussnooze":0,"activity":-0.0027,"lastBolusTime":1703534590488,"time":"2023-12-25T22:43:02.942Z"}},{"iob":0.057,"basaliob":0.003,"bolussnooze":0,"activity":0.0014,"lastBolusTime":1703534590488,"time":"2023-12-25T22:48:02.942Z","iobWithZeroTemp":{"iob":-0.324,"basaliob":-0.378,"bolussnooze":0,"activity":-0.0029,"lastBolusTime":1703534590488,"time":"2023-12-25T22:48:02.942Z"}},{"iob":0.049,"basaliob":0.002,"bolussnooze":0,"activity":0.0012,"lastBolusTime":1703534590488,"time":"2023-12-25T22:53:02.942Z","iobWithZeroTemp":{"iob":-0.333,"basaliob":-0.38,"bolussnooze":0,"activity":-0.0032,"lastBolusTime":1703534590488,"time":"2023-12-25T22:53:02.942Z"}},{"iob":0.043,"basaliob":0.002,"bolussnooze":0,"activity":0.0011,"lastBolusTime":1703534590488,"time":"2023-12-25T22:58:02.942Z","iobWithZeroTemp":{"iob":-0.34,"basaliob":-0.381,"bolussnooze":0,"activity":-0.0033,"lastBolusTime":1703534590488,"time":"2023-12-25T22:58:02.942Z"}},{"iob":0.038,"basaliob":0.002,"bolussnooze":0,"activity":0.001,"lastBolusTime":1703534590488,"time":"2023-12-25T23:03:02.942Z","iobWithZeroTemp":{"iob":-0.345,"basaliob":-0.381,"bolussnooze":0,"activity":-0.0034,"lastBolusTime":1703534590488,"time":"2023-12-25T23:03:02.942Z"}},{"iob":0.033,"basaliob":0.002,"bolussnooze":0,"activity":9.0E-4,"lastBolusTime":1703534590488,"time":"2023-12-25T23:08:02.942Z","iobWithZeroTemp":{"iob":-0.35,"basaliob":-0.381,"bolussnooze":0,"activity":-0.0036,"lastBolusTime":1703534590488,"time":"2023-12-25T23:08:02.942Z"}},{"iob":0.029,"basaliob":0.002,"bolussnooze":0,"activity":8.0E-4,"lastBolusTime":1703534590488,"time":"2023-12-25T23:13:02.942Z","iobWithZeroTemp":{"iob":-0.354,"basaliob":-0.381,"bolussnooze":0,"activity":-0.0037,"lastBolusTime":1703534590488,"time":"2023-12-25T23:13:02.942Z"}},{"iob":0.025,"basaliob":0.002,"bolussnooze":0,"activity":7.0E-4,"lastBolusTime":1703534590488,"time":"2023-12-25T23:18:02.942Z","iobWithZeroTemp":{"iob":-0.358,"basaliob":-0.381,"bolussnooze":0,"activity":-0.0038,"lastBolusTime":1703534590488,"time":"2023-12-25T23:18:02.942Z"}},{"iob":0.021,"basaliob":0.001,"bolussnooze":0,"activity":6.0E-4,"lastBolusTime":1703534590488,"time":"2023-12-25T23:23:02.942Z","iobWithZeroTemp":{"iob":-0.362,"basaliob":-0.382,"bolussnooze":0,"activity":-0.0039,"lastBolusTime":1703534590488,"time":"2023-12-25T23:23:02.942Z"}},{"iob":0.018,"basaliob":0.001,"bolussnooze":0,"activity":5.0E-4,"lastBolusTime":1703534590488,"time":"2023-12-25T23:28:02.942Z","iobWithZeroTemp":{"iob":-0.365,"basaliob":-0.382,"bolussnooze":0,"activity":-0.004,"lastBolusTime":1703534590488,"time":"2023-12-25T23:28:02.942Z"}},{"iob":0.016,"basaliob":0.001,"bolussnooze":0,"activity":5.0E-4,"lastBolusTime":1703534590488,"time":"2023-12-25T23:33:02.942Z","iobWithZeroTemp":{"iob":-0.366,"basaliob":-0.381,"bolussnooze":0,"activity":-0.004,"lastBolusTime":1703534590488,"time":"2023-12-25T23:33:02.942Z"}},{"iob":0.014,"basaliob":0.001,"bolussnooze":0,"activity":4.0E-4,"lastBolusTime":1703534590488,"time":"2023-12-25T23:38:02.942Z","iobWithZeroTemp":{"iob":-0.368,"basaliob":-0.381,"bolussnooze":0,"activity":-0.0041,"lastBolusTime":1703534590488,"time":"2023-12-25T23:38:02.942Z"}},{"iob":0.012,"basaliob":0.001,"bolussnooze":0,"activity":4.0E-4,"lastBolusTime":1703534590488,"time":"2023-12-25T23:43:02.942Z","iobWithZeroTemp":{"iob":-0.37,"basaliob":-0.381,"bolussnooze":0,"activity":-0.0041,"lastBolusTime":1703534590488,"time":"2023-12-25T23:43:02.942Z"}},{"iob":0.01,"basaliob":0.001,"bolussnooze":0,"activity":3.0E-4,"lastBolusTime":1703534590488,"time":"2023-12-25T23:48:02.942Z","iobWithZeroTemp":{"iob":-0.372,"basaliob":-0.381,"bolussnooze":0,"activity":-0.0042,"lastBolusTime":1703534590488,"time":"2023-12-25T23:48:02.942Z"}},{"iob":0.009,"basaliob":0.001,"bolussnooze":0,"activity":3.0E-4,"lastBolusTime":1703534590488,"time":"2023-12-25T23:53:02.942Z","iobWithZeroTemp":{"iob":-0.372,"basaliob":-0.38,"bolussnooze":0,"activity":-0.0042,"lastBolusTime":1703534590488,"time":"2023-12-25T23:53:02.942Z"}},{"iob":0.007,"basaliob":0.001,"bolussnooze":0,"activity":2.0E-4,"lastBolusTime":1703534590488,"time":"2023-12-25T23:58:02.942Z","iobWithZeroTemp":{"iob":-0.374,"basaliob":-0.38,"bolussnooze":0,"activity":-0.0043,"lastBolusTime":1703534590488,"time":"2023-12-25T23:58:02.942Z"}},{"iob":0.006,"basaliob":0.001,"bolussnooze":0,"activity":2.0E-4,"lastBolusTime":1703534590488,"time":"2023-12-26T00:03:02.942Z","iobWithZeroTemp":{"iob":-0.373,"basaliob":-0.378,"bolussnooze":0,"activity":-0.0043,"lastBolusTime":1703534590488,"time":"2023-12-26T00:03:02.942Z"}},{"iob":0.005,"basaliob":0.001,"bolussnooze":0,"activity":2.0E-4,"lastBolusTime":1703534590488,"time":"2023-12-26T00:08:02.942Z","iobWithZeroTemp":{"iob":-0.371,"basaliob":-0.375,"bolussnooze":0,"activity":-0.0043,"lastBolusTime":1703534590488,"time":"2023-12-26T00:08:02.942Z"}}],"profile":{"max_iob":10,"type":"current","max_daily_basal":0.41,"max_basal":1.25,"min_bg":90,"max_bg":90,"target_bg":90,"carb_ratio":7.639,"sens":140.517,"max_daily_safety_multiplier":3,"current_basal_safety_multiplier":4,"lgsThreshold":95,"high_temptarget_raises_sensitivity":true,"low_temptarget_lowers_sensitivity":true,"sensitivity_raises_target":true,"resistance_lowers_target":true,"adv_target_adjustments":false,"exercise_mode":false,"half_basal_exercise_target":160,"maxCOB":120,"skip_neutral_temps":false,"remainingCarbsCap":90,"enableUAM":true,"A52_risk_enable":false,"SMBInterval":3,"enableSMB_with_COB":true,"enableSMB_with_temptarget":true,"allowSMB_with_high_temptarget":false,"enableSMB_always":false,"enableSMB_after_carbs":true,"maxSMBBasalMinutes":30,"maxUAMSMBBasalMinutes":40,"bolus_increment":0.05,"carbsReqThreshold":4,"current_basal":0.35,"temptargetSet":true,"autosens_max":1.3,"autosens_min":0.7,"variable_sens":108.5,"insulinDivisor":75,"TDD":14.801522761904764},"autosens_data":{"ratio":1.0767766926213735},"meal_data":{"carbs":20,"mealCOB":2.956778486119117,"slopeFromMaxDeviation":-1.1761666666666666,"slopeFromMinDeviation":0.15911111111111115,"lastBolusTime":1703534590488,"lastCarbTime":1703529089478},"microBolusAllowed":true,"currentTime":1703535184782,"flatBGsDetected":false,"tdd1D":15.581666666666663,"tdd7D":15.151547619047617,"tddLast24H":16.31483333333334,"tddLast4H":4.170000000000001,"tddLast8to4H":2.2566666666666673},"output":{"temp":"absolute","bg":155,"tick":-5,"eventualBG":63,"targetBG":90,"insulinReq":0,"deliverAt":"2023-12-25T20:13:04.782Z","sensitivityRatio":1.2,"variable_sens":108.5,"predBGs":{"IOB":[155,150,144,138,132,126,120,114,107,100,94,87,80,73,66,59,52,45,39],"ZT":[155,146,137,129,120,111,103,95,87,79,72,65,58,52,45,40,39,39,39,39,39,39,39,39,39,39,39,39,39,39,39,42,46,50,54,58,62,66,69,73,76,80,83,87,90],"COB":[155,150,145,140,135,130,126,122,118,114,110,107,104,101,98,96,93,91,89,87,85,83,81,79,77,75,74,73,71,70,70,69,68,67,67,66,66,65,65,64,64,64,64,63],"UAM":[155,149,141,133,124,116,107,99,90,82,73,64,56,47,39]},"reason":"COB: 3, Dev: 22, BGI: -9, ISF: 109, CR: 7.64, Target: 90, minPredBG 21, minGuardBG -53, IOBpredBG 39, COBpredBG 63, UAMpredBG 39; minGuardBG -53<95","COB":2.956778486119117,"IOB":1.189,"duration":120,"rate":0,"timestamp":"2023-12-25T20:13:04.813Z"}}