{"algorithm":"OpenAPSSMBDynamicISFPlugin","input":{"glucoseStatus":{"glucose":169,"noise":0,"delta":10.22,"short_avgdelta":10.22,"long_avgdelta":8.75,"date":1703559459000},"currenttemp":{"temp":"absolute","duration":25,"rate":0.75,"minutesrunning":5},"iob_data":[{"iob":0.44,"basaliob":0.142,"bolussnooze":0,"activity":5.0E-4,"lastBolusTime":1703559189294,"time":"2023-12-26T02:58:03.885Z","iobWithZeroTemp":{"iob":0.44,"basaliob":0.142,"bolussnooze":0,"activity":5.0E-4,"lastBolusTime":1703559189294,"time":"2023-12-26T02:58:03.885Z"}},{"iob":0.435,"basaliob":0.145,"bolussnooze":0,"activity":0.0014,"lastBolusTime":1703559189294,"time":"2023-12-26T03:03:03.885Z","iobWithZeroTemp":{"iob":0.417,"basaliob":0.127,"bolussnooze":0,"activity":0.0014,"lastBolusTime":1703559189294,"time":"2023-12-26T03:03:03.885Z"}},{"iob":0.426,"basaliob":0.145,"bolussnooze":0,"activity":0.0021,"lastBolusTime":1703559189294,"time":"2023-12-26T03:08:03.885Z","iobWithZeroTemp":{"iob":0.385,"basaliob":0.104,"bolussnooze":0,"activity":0.002,"lastBolusTime":1703559189294,"time":"2023-12-26T03:08:03.885Z"}},{"iob":0.414,"basaliob":0.144,"bolussnooze":0,"activity":0.0027,"lastBolusTime":1703559189294,"time":"2023-12-26T03:13:03.885Z","iobWithZeroTemp":{"iob":0.351,"basaliob":0.081,"bolussnooze":0,"activity":0.0025,"lastBolusTime":1703559189294,"time":"2023-12-26T03:13:03.885Z"}},{"iob":0.399,"basaliob":0.141,"bolussnooze":0,"activity":0.003,"lastBolusTime":1703559189294,"time":"2023-12-26T03:18:03.885Z","iobWithZeroTemp":{"iob":0.314,"basaliob":0.056,"bolussnooze":0,"activity":0.0027,"lastBolusTime":1703559189294,"time":"2023-12-26T03:18:03.885Z"}},{"iob":0.384,"basaliob":0.138,"bolussnooze":0,"activity":0.0033,"lastBolusTime":1703559189294,"time":"2023-12-26T03:23:03.885Z","iobWithZeroTemp":{"iob":0.278,"basaliob":0.032,"bolussnooze":0,"activity":0.0028,"lastBolusTime":1703559189294,"time":"2023-12-26T03:23:03.885Z"}},{"iob":0.366,"basaliob":0.133,"bolussnooze":0,"activity":0.0036,"lastBolusTime":1703559189294,"time":"2023-12-26T03:28:03.885Z","iobWithZeroTemp":{"iob":0.24,"basaliob":0.007,"bolussnooze":0,"activity":0.0029,"lastBolusTime":1703559189294,"time":"2023-12-26T03:28:03.885Z"}},{"iob":0.348,"basaliob":0.128,"bolussnooze":0,"activity":0.0037,"lastBolusTime":1703559189294,"time":"2023-12-26T03:33:03.885Z","iobWithZeroTemp":{"iob":0.203,"basaliob":-0.017,"bolussnooze":0,"activity":0.0029,"lastBolusTime":1703559189294,"time":"2023-12-26T03:33:03.885Z"}},{"iob":0.329,"basaliob":0.122,"bolussnooze":0,"activity":0.0038,"lastBolusTime":1703559189294,"time":"2023-12-26T03:38:03.885Z","iobWithZeroTemp":{"iob":0.166,"basaliob":-0.041,"bolussnooze":0,"activity":0.0028,"lastBolusTime":1703559189294,"time":"2023-12-26T03:38:03.885Z"}},{"iob":0.311,"basaliob":0.117,"bolussnooze":0,"activity":0.0037,"lastBolusTime":1703559189294,"time":"2023-12-26T03:43:03.885Z","iobWithZeroTemp":{"iob":0.13,"basaliob":-0.064,"bolussnooze":0,"activity":0.0025,"lastBolusTime":1703559189294,"time":"2023-12-26T03:43:03.885Z"}},{"iob":0.292,"basaliob":0.11,"bolussnooze":0,"activity":0.0037,"lastBolusTime":1703559189294,"time":"2023-12-26T03:48:03.885Z","iobWithZeroTemp":{"iob":0.095,"basaliob":-0.087,"bolussnooze":0,"activity":0.0023,"lastBolusTime":1703559189294,"time":"2023-12-26T03:48:03.885Z"}},{"iob":0.273,"basaliob":0.104,"bolussnooze":0,"activity":0.0036,"lastBolusTime":1703559189294,"time":"2023-12-26T03:53:03.885Z","iobWithZeroTemp":{"iob":0.061,"basaliob":-0.108,"bolussnooze":0,"activity":0.002,"lastBolusTime":1703559189294,"time":"2023-12-26T03:53:03.885Z"}},{"iob":0.256,"basaliob":0.098,"bolussnooze":0,"activity":0.0035,"lastBolusTime":1703559189294,"time":"2023-12-26T03:58:03.885Z","iobWithZeroTemp":{"iob":0.029,"basaliob":-0.129,"bolussnooze":0,"activity":0.0017,"lastBolusTime":1703559189294,"time":"2023-12-26T03:58:03.885Z"}},{"iob":0.238,"basaliob":0.092,"bolussnooze":0,"activity":0.0034,"lastBolusTime":1703559189294,"time":"2023-12-26T04:03:03.885Z","iobWithZeroTemp":{"iob":-0.001,"basaliob":-0.147,"bolussnooze":0,"activity":0.0014,"lastBolusTime":1703559189294,"time":"2023-12-26T04:03:03.885Z"}},{"iob":0.221,"basaliob":0.086,"bolussnooze":0,"activity":0.0033,"lastBolusTime":1703559189294,"time":"2023-12-26T04:08:03.885Z","iobWithZeroTemp":{"iob":-0.029,"basaliob":-0.164,"bolussnooze":0,"activity":0.0011,"lastBolusTime":1703559189294,"time":"2023-12-26T04:08:03.885Z"}},{"iob":0.206,"basaliob":0.081,"bolussnooze":0,"activity":0.0031,"lastBolusTime":1703559189294,"time":"2023-12-26T04:13:03.885Z","iobWithZeroTemp":{"iob":-0.055,"basaliob":-0.18,"bolussnooze":0,"activity":8.0E-4,"lastBolusTime":1703559189294,"time":"2023-12-26T04:13:03.885Z"}},{"iob":0.19,"basaliob":0.075,"bolussnooze":0,"activity":0.003,"lastBolusTime":1703559189294,"time":"2023-12-26T04:18:03.885Z","iobWithZeroTemp":{"iob":-0.08,"basaliob":-0.195,"bolussnooze":0,"activity":5.0E-4,"lastBolusTime":1703559189294,"time":"2023-12-26T04:18:03.885Z"}},{"iob":0.176,"basaliob":0.07,"bolussnooze":0,"activity":0.0028,"lastBolusTime":1703559189294,"time":"2023-12-26T04:23:03.885Z","iobWithZeroTemp":{"iob":-0.103,"basaliob":-0.209,"bolussnooze":0,"activity":2.0E-4,"lastBolusTime":1703559189294,"time":"2023-12-26T04:23:03.885Z"}},{"iob":0.163,"basaliob":0.065,"bolussnooze":0,"activity":0.0027,"lastBolusTime":1703559189294,"time":"2023-12-26T04:28:03.885Z","iobWithZeroTemp":{"iob":-0.124,"basaliob":-0.222,"bolussnooze":0,"activity":-1.0E-4,"lastBolusTime":1703559189294,"time":"2023-12-26T04:28:03.885Z"}},{"iob":0.15,"basaliob":0.06,"bolussnooze":0,"activity":0.0025,"lastBolusTime":1703559189294,"time":"2023-12-26T04:33:03.885Z","iobWithZeroTemp":{"iob":-0.145,"basaliob":-0.235,"bolussnooze":0,"activity":-4.0E-4,"lastBolusTime":1703559189294,"time":"2023-12-26T04:33:03.885Z"}},{"iob":0.137,"basaliob":0.055,"bolussnooze":0,"activity":0.0024,"lastBolusTime":1703559189294,"time":"2023-12-26T04:38:03.885Z","iobWithZeroTemp":{"iob":-0.165,"basaliob":-0.247,"bolussnooze":0,"activity":-6.0E-4,"lastBolusTime":1703559189294,"time":"2023-12-26T04:38:03.885Z"}},{"iob":0.126,"basaliob":0.051,"bolussnooze":0,"activity":0.0022,"lastBolusTime":1703559189294,"time":"2023-12-26T04:43:03.885Z","iobWithZeroTemp":{"iob":-0.182,"basaliob":-0.257,"bolussnooze":0,"activity":-9.0E-4,"lastBolusTime":1703559189294,"time":"2023-12-26T04:43:03.885Z"}},{"iob":0.116,"basaliob":0.047,"bolussnooze":0,"activity":0.0021,"lastBolusTime":1703559189294,"time":"2023-12-26T04:48:03.885Z","iobWithZeroTemp":{"iob":-0.198,"basaliob":-0.267,"bolussnooze":0,"activity":-0.0011,"lastBolusTime":1703559189294,"time":"2023-12-26T04:48:03.885Z"}},{"iob":0.105,"basaliob":0.043,"bolussnooze":0,"activity":0.0019,"lastBolusTime":1703559189294,"time":"2023-12-26T04:53:03.885Z","iobWithZeroTemp":{"iob":-0.214,"basaliob":-0.276,"bolussnooze":0,"activity":-0.0014,"lastBolusTime":1703559189294,"time":"2023-12-26T04:53:03.885Z"}},{"iob":0.096,"basaliob":0.039,"bolussnooze":0,"activity":0.0018,"lastBolusTime":1703559189294,"time":"2023-12-26T04:58:03.885Z","iobWithZeroTemp":{"iob":-0.228,"basaliob":-0.285,"bolussnooze":0,"activity":-0.0016,"lastBolusTime":1703559189294,"time":"2023-12-26T04:58:03.885Z"}},{"iob":0.088,"basaliob":0.036,"bolussnooze":0,"activity":0.0016,"lastBolusTime":1703559189294,"time":"2023-12-26T05:03:03.885Z","iobWithZeroTemp":{"iob":-0.242,"basaliob":-0.294,"bolussnooze":0,"activity":-0.0019,"lastBolusTime":1703559189294,"time":"2023-12-26T05:03:03.885Z"}},{"iob":0.08,"basaliob":0.033,"bolussnooze":0,"activity":0.0015,"lastBolusTime":1703559189294,"time":"2023-12-26T05:08:03.885Z","iobWithZeroTemp":{"iob":-0.255,"basaliob":-0.302,"bolussnooze":0,"activity":-0.0021,"lastBolusTime":1703559189294,"time":"2023-12-26T05:08:03.885Z"}},{"iob":0.072,"basaliob":0.03,"bolussnooze":0,"activity":0.0014,"lastBolusTime":1703559189294,"time":"2023-12-26T05:13:03.885Z","iobWithZeroTemp":{"iob":-0.269,"basaliob":-0.311,"bolussnooze":0,"activity":-0.0023,"lastBolusTime":1703559189294,"time":"2023-12-26T05:13:03.885Z"}},{"iob":0.065,"basaliob":0.027,"bolussnooze":0,"activity":0.0013,"lastBolusTime":1703559189294,"time":"2023-12-26T05:18:03.885Z","iobWithZeroTemp":{"iob":-0.28,"basaliob":-0.318,"bolussnooze":0,"activity":-0.0025,"lastBolusTime":1703559189294,"time":"2023-12-26T05:18:03.885Z"}},{"iob":0.06,"basaliob":0.025,"bolussnooze":0,"activity":0.0012,"lastBolusTime":1703559189294,"time":"2023-12-26T05:23:03.885Z","iobWithZeroTemp":{"iob":-0.29,"basaliob":-0.325,"bolussnooze":0,"activity":-0.0026,"lastBolusTime":1703559189294,"time":"2023-12-26T05:23:03.885Z"}},{"iob":0.054,"basaliob":0.023,"bolussnooze":0,"activity":0.0011,"lastBolusTime":1703559189294,"time":"2023-12-26T05:28:03.885Z","iobWithZeroTemp":{"iob":-0.3,"basaliob":-0.331,"bolussnooze":0,"activity":-0.0028,"lastBolusTime":1703559189294,"time":"2023-12-26T05:28:03.885Z"}},{"iob":0.049,"basaliob":0.021,"bolussnooze":0,"activity":0.001,"lastBolusTime":1703559189294,"time":"2023-12-26T05:33:03.885Z","iobWithZeroTemp":{"iob":-0.309,"basaliob":-0.337,"bolussnooze":0,"activity":-0.003,"lastBolusTime":1703559189294,"time":"2023-12-26T05:33:03.885Z"}},{"iob":0.044,"basaliob":0.019,"bolussnooze":0,"activity":9.0E-4,"lastBolusTime":1703559189294,"time":"2023-12-26T05:38:03.885Z","iobWithZeroTemp":{"iob":-0.317,"basaliob":-0.342,"bolussnooze":0,"activity":-0.0031,"lastBolusTime":1703559189294,"time":"2023-12-26T05:38:03.885Z"}},{"iob":0.04,"basaliob":0.017,"bolussnooze":0,"activity":8.0E-4,"lastBolusTime":1703559189294,"time":"2023-12-26T05:43:03.885Z","iobWithZeroTemp":{"iob":-0.325,"basaliob":-0.348,"bolussnooze":0,"activity":-0.0033,"lastBolusTime":1703559189294,"time":"2023-12-26T05:43:03.885Z"}},{"iob":0.035,"basaliob":0.015,"bolussnooze":0,"activity":8.0E-4,"lastBolusTime":1703559189294,"time":"2023-12-26T05:48:03.885Z","iobWithZeroTemp":{"iob":-0.332,"basaliob":-0.352,"bolussnooze":0,"activity":-0.0033,"lastBolusTime":1703559189294,"time":"2023-12-26T05:48:03.885Z"}},{"iob":0.032,"basaliob":0.014,"bolussnooze":0,"activity":7.0E-4,"lastBolusTime":1703559189294,"time":"2023-12-26T05:53:03.885Z","iobWithZeroTemp":{"iob":-0.338,"basaliob":-0.356,"bolussnooze":0,"activity":-0.0035,"lastBolusTime":1703559189294,"time":"2023-12-26T05:53:03.885Z"}},{"iob":0.028,"basaliob":0.012,"bolussnooze":0,"activity":7.0E-4,"lastBolusTime":1703559189294,"time":"2023-12-26T05:58:03.885Z","iobWithZeroTemp":{"iob":-0.345,"basaliob":-0.361,"bolussnooze":0,"activity":-0.0035,"lastBolusTime":1703559189294,"time":"2023-12-26T05:58:03.885Z"}},{"iob":0.025,"basaliob":0.011,"bolussnooze":0,"activity":5.0E-4,"lastBolusTime":1703559189294,"time":"2023-12-26T06:03:03.885Z","iobWithZeroTemp":{"iob":-0.353,"basaliob":-0.367,"bolussnooze":0,"activity":-0.0038,"lastBolusTime":1703559189294,"time":"2023-12-26T06:03:03.885Z"}},{"iob":0.023,"basaliob":0.01,"bolussnooze":0,"activity":5.0E-4,"lastBolusTime":1703559189294,"time":"2023-12-26T06:08:03.885Z","iobWithZeroTemp":{"iob":-0.361,"basaliob":-0.374,"bolussnooze":0,"activity":-0.0038,"lastBolusTime":1703559189294,"time":"2023-12-26T06:08:03.885Z"}},{"iob":0.02,"basaliob":0.009,"bolussnooze":0,"activity":5.0E-4,"lastBolusTime":1703559189294,"time":"2023-12-26T06:13:03.885Z","iobWithZeroTemp":{"iob":-0.369,"basaliob":-0.38,"bolussnooze":0,"activity":-0.0039,"lastBolusTime":1703559189294,"time":"2023-12-26T06:13:03.885Z"}},{"iob":0.018,"basaliob":0.008,"bolussnooze":0,"activity":4.0E-4,"lastBolusTime":1703559189294,"time":"2023-12-26T06:18:03.885Z","iobWithZeroTemp":{"iob":-0.376,"basaliob":-0.386,"bolussnooze":0,"activity":-0.004,"lastBolusTime":1703559189294,"time":"2023-12-26T06:18:03.885Z"}},{"iob":0.016,"basaliob":0.007,"bolussnooze":0,"activity":4.0E-4,"lastBolusTime":1703559189294,"time":"2023-12-26T06:23:03.885Z","iobWithZeroTemp":{"iob":-0.383,"basaliob":-0.392,"bolussnooze":0,"activity":-0.0041,"lastBolusTime":1703559189294,"time":"2023-12-26T06:23:03.885Z"}},{"iob":0.014,"basaliob":0.006,"bolussnooze":0,"activity":4.0E-4,"lastBolusTime":1703559189294,"time":"2023-12-26T06:28:03.885Z","iobWithZeroTemp":{"iob":-0.389,"basaliob":-0.397,"bolussnooze":0,"activity":-0.0041,"lastBolusTime":1703559189294,"time":"2023-12-26T06:28:03.885Z"}},{"iob":0.012,"basaliob":0.005,"bolussnooze":0,"activity":3.0E-4,"lastBolusTime":1703559189294,"time":"2023-12-26T06:33:03.885Z","iobWithZeroTemp":{"iob":-0.396,"basaliob":-0.403,"bolussnooze":0,"activity":-0.0043,"lastBolusTime":1703559189294,"time":"2023-12-26T06:33:03.885Z"}},{"iob":0.011,"basaliob":0.005,"bolussnooze":0,"activity":3.0E-4,"lastBolusTime":1703559189294,"time":"2023-12-26T06:38:03.885Z","iobWithZeroTemp":{"iob":-0.401,"basaliob":-0.407,"bolussnooze":0,"activity":-0.0043,"lastBolusTime":1703559189294,"time":"2023-12-26T06:38:03.885Z"}},{"iob":0.009,"basaliob":0.004,"bolussnooze":0,"activity":2.0E-4,"lastBolusTime":1703559189294,"time":"2023-12-26T06:43:03.885Z","iobWithZeroTemp":{"iob":-0.406,"basaliob":-0.411,"bolussnooze":0,"activity":-0.0045,"lastBolusTime":1703559189294,"time":"2023-12-26T06:43:03.885Z"}},{"iob":0.009,"basaliob":0.004,"bolussnooze":0,"activity":2.0E-4,"lastBolusTime":1703559189294,"time":"2023-12-26T06:48:03.885Z","iobWithZeroTemp":{"iob":-0.41,"basaliob":-0.415,"bolussnooze":0,"activity":-0.0045,"lastBolusTime":1703559189294,"time":"2023-12-26T06:48:03.885Z"}},{"iob":0.007,"basaliob":0.003,"bolussnooze":0,"activity":2.0E-4,"lastBolusTime":1703559189294,"time":"2023-12-26T06:53:03.885Z","iobWithZeroTemp":{"iob":-0.415,"basaliob":-0.419,"bolussnooze":0,"activity":-0.0046,"lastBolusTime":1703559189294,"time":"2023-12-26T06:53:03.885Z"}}],"profile":{"max_iob":10,"type":"current","max_daily_basal":0.41,"max_basal":0.75,"min_bg":90,"max_bg":90,"target_bg":90,"carb_ratio":7.639,"sens":140.517,"max_daily_safety_multiplier":3,"current_basal_safety_multiplier":4,"lgsThreshold":95,"high_temptarget_raises_sensitivity":true,"low_temptarget_lowers_sensitivity":true,"sensitivity_raises_target":true,"resistance_lowers_target":true,"adv_target_adjustments":false,"exercise_mode":false,"half_basal_exercise_target":160,"maxCOB":120,"skip_neutral_temps":false,"remainingCarbsCap":90,"enableUAM":true,"A52_risk_enable":false,"SMBInterval":3,"enableSMB_with_COB":true,"enableSMB_with_temptarget":true,"allowSMB_with_high_temptarget":false,"enableSMB_always":false,"enableSMB_after_carbs":true,"maxSMBBasalMinutes":30,"maxUAMSMBBasalMinutes":40,"bolus_increment":0.05,"carbsReqThreshold":4,"current_basal":0.2,"temptargetSet":true,"autosens_max":1.3,"autosens_min":0.7,"variable_sens":144.2,"insulinDivisor":75,"TDD":10.578113048809524},"autosens_data":{"ratio":1.0262124222543012},"meal_data":{"carbs":0,"mealCOB":0,"slopeFromMaxDeviation":0,"slopeFromMinDeviation":1.0353636363636365,"lastBolusTime":1703559189294,"lastCarbTime":0},"microBolusAllowed":true,"currentTime":1703559485686,"flatBGsDetected":false,"tdd1D":15.68566666666667,"tdd7D":15.075095238095239,"tddLast24H":15.470249999999997,"tddLast4H":1.1944166666666667,"tddLast8to4H":0.8208333333333333},"output":{"temp":"absolute","bg":169,"tick":"+10","eventualBG":275,"targetBG":90,"insulinReq":0.92,"deliverAt":"2023-12-26T02:58:05.686Z","sensitivityRatio":1.2,"variable_sens":144.2,"predBGs":{"IOB":[169,178,186,193,198,202,205,207,209,209,208,207,204,202,200,198,196,194,192,190,188,187,185,184,183,181,180,179,178,177,176,176,175,174,174,173,173,172,172,171,171,171,170,170,170,170,170,169],"ZT":[169,169,168,166,164,162,160,158,156,154,152,150,149,147,146,145,145,144,144,144,145,145],"UAM":[169,179,188,196,203,210,217,223,228,233,238,243,247,251,255,259,262,265,268,270,272,274,276,278,279,280,280,281,281,281,280,280,279,279,278,278,277,277,277,277,276,276,276,276,275]},"reason":"COB: 0, Dev: 63, BGI: 0, ISF: 144, CR: 7.64, Target: 90, minPredBG 222, minGuardBG 179, IOBpredBG 169, UAMpredBG 275; Eventual BG 275 >= 90,  insulinReq 0.92; maxBolus 0.1. Microbolusing 0.1U. adj. req. rate: 2.08 to maxSafeBasal: 0.75, temp 0.75 >~ req 0.75U\/hr. ","COB":0,"IOB":0.44,"units":0.1,"timestamp":"2023-12-26T02:58:05.717Z"}}