{"algorithm":"OpenAPSSMBDynamicISFPlugin","input":{"glucoseStatus":{"glucose":75,"noise":0,"delta":-1,"short_avgdelta":-1,"long_avgdelta":-1.66,"date":1703543258000},"currenttemp":{"temp":"absolute","duration":45,"rate":0,"minutesrunning":15},"iob_data":[{"iob":-0.269,"basaliob":-0.357,"bolussnooze":0,"activity":-0.002,"lastBolusTime":1703534590488,"time":"2023-12-25T22:28:02.488Z","iobWithZeroTemp":{"iob":-0.269,"basaliob":-0.357,"bolussnooze":0,"activity":-0.002,"lastBolusTime":1703534590488,"time":"2023-12-25T22:28:02.488Z"}},{"iob":-0.259,"basaliob":-0.337,"bolussnooze":0,"activity":-0.0022,"lastBolusTime":1703534590488,"time":"2023-12-25T22:33:02.488Z","iobWithZeroTemp":{"iob":-0.277,"basaliob":-0.355,"bolussnooze":0,"activity":-0.0022,"lastBolusTime":1703534590488,"time":"2023-12-25T22:33:02.488Z"}},{"iob":-0.247,"basaliob":-0.316,"bolussnooze":0,"activity":-0.0023,"lastBolusTime":1703534590488,"time":"2023-12-25T22:38:02.488Z","iobWithZeroTemp":{"iob":-0.288,"basaliob":-0.357,"bolussnooze":0,"activity":-0.0024,"lastBolusTime":1703534590488,"time":"2023-12-25T22:38:02.488Z"}},{"iob":-0.235,"basaliob":-0.296,"bolussnooze":0,"activity":-0.0023,"lastBolusTime":1703534590488,"time":"2023-12-25T22:43:02.488Z","iobWithZeroTemp":{"iob":-0.298,"basaliob":-0.359,"bolussnooze":0,"activity":-0.0025,"lastBolusTime":1703534590488,"time":"2023-12-25T22:43:02.488Z"}},{"iob":-0.223,"basaliob":-0.277,"bolussnooze":0,"activity":-0.0024,"lastBolusTime":1703534590488,"time":"2023-12-25T22:48:02.488Z","iobWithZeroTemp":{"iob":-0.308,"basaliob":-0.362,"bolussnooze":0,"activity":-0.0027,"lastBolusTime":1703534590488,"time":"2023-12-25T22:48:02.488Z"}},{"iob":-0.211,"basaliob":-0.258,"bolussnooze":0,"activity":-0.0025,"lastBolusTime":1703534590488,"time":"2023-12-25T22:53:02.488Z","iobWithZeroTemp":{"iob":-0.317,"basaliob":-0.364,"bolussnooze":0,"activity":-0.003,"lastBolusTime":1703534590488,"time":"2023-12-25T22:53:02.488Z"}},{"iob":-0.199,"basaliob":-0.24,"bolussnooze":0,"activity":-0.0025,"lastBolusTime":1703534590488,"time":"2023-12-25T22:58:02.488Z","iobWithZeroTemp":{"iob":-0.325,"basaliob":-0.366,"bolussnooze":0,"activity":-0.0032,"lastBolusTime":1703534590488,"time":"2023-12-25T22:58:02.488Z"}},{"iob":-0.186,"basaliob":-0.222,"bolussnooze":0,"activity":-0.0024,"lastBolusTime":1703534590488,"time":"2023-12-25T23:03:02.488Z","iobWithZeroTemp":{"iob":-0.331,"basaliob":-0.367,"bolussnooze":0,"activity":-0.0032,"lastBolusTime":1703534590488,"time":"2023-12-25T23:03:02.488Z"}},{"iob":-0.175,"basaliob":-0.206,"bolussnooze":0,"activity":-0.0023,"lastBolusTime":1703534590488,"time":"2023-12-25T23:08:02.488Z","iobWithZeroTemp":{"iob":-0.337,"basaliob":-0.368,"bolussnooze":0,"activity":-0.0033,"lastBolusTime":1703534590488,"time":"2023-12-25T23:08:02.488Z"}},{"iob":-0.163,"basaliob":-0.19,"bolussnooze":0,"activity":-0.0023,"lastBolusTime":1703534590488,"time":"2023-12-25T23:13:02.488Z","iobWithZeroTemp":{"iob":-0.342,"basaliob":-0.369,"bolussnooze":0,"activity":-0.0035,"lastBolusTime":1703534590488,"time":"2023-12-25T23:13:02.488Z"}},{"iob":-0.152,"basaliob":-0.175,"bolussnooze":0,"activity":-0.0022,"lastBolusTime":1703534590488,"time":"2023-12-25T23:18:02.488Z","iobWithZeroTemp":{"iob":-0.347,"basaliob":-0.37,"bolussnooze":0,"activity":-0.0036,"lastBolusTime":1703534590488,"time":"2023-12-25T23:18:02.488Z"}},{"iob":-0.141,"basaliob":-0.161,"bolussnooze":0,"activity":-0.0021,"lastBolusTime":1703534590488,"time":"2023-12-25T23:23:02.488Z","iobWithZeroTemp":{"iob":-0.351,"basaliob":-0.371,"bolussnooze":0,"activity":-0.0037,"lastBolusTime":1703534590488,"time":"2023-12-25T23:23:02.488Z"}},{"iob":-0.131,"basaliob":-0.148,"bolussnooze":0,"activity":-0.0021,"lastBolusTime":1703534590488,"time":"2023-12-25T23:28:02.488Z","iobWithZeroTemp":{"iob":-0.354,"basaliob":-0.371,"bolussnooze":0,"activity":-0.0039,"lastBolusTime":1703534590488,"time":"2023-12-25T23:28:02.488Z"}},{"iob":-0.12,"basaliob":-0.135,"bolussnooze":0,"activity":-0.0019,"lastBolusTime":1703534590488,"time":"2023-12-25T23:33:02.488Z","iobWithZeroTemp":{"iob":-0.356,"basaliob":-0.371,"bolussnooze":0,"activity":-0.0039,"lastBolusTime":1703534590488,"time":"2023-12-25T23:33:02.488Z"}},{"iob":-0.111,"basaliob":-0.124,"bolussnooze":0,"activity":-0.0018,"lastBolusTime":1703534590488,"time":"2023-12-25T23:38:02.488Z","iobWithZeroTemp":{"iob":-0.359,"basaliob":-0.372,"bolussnooze":0,"activity":-0.0039,"lastBolusTime":1703534590488,"time":"2023-12-25T23:38:02.488Z"}},{"iob":-0.102,"basaliob":-0.113,"bolussnooze":0,"activity":-0.0017,"lastBolusTime":1703534590488,"time":"2023-12-25T23:43:02.488Z","iobWithZeroTemp":{"iob":-0.362,"basaliob":-0.373,"bolussnooze":0,"activity":-0.004,"lastBolusTime":1703534590488,"time":"2023-12-25T23:43:02.488Z"}},{"iob":-0.094,"basaliob":-0.103,"bolussnooze":0,"activity":-0.0016,"lastBolusTime":1703534590488,"time":"2023-12-25T23:48:02.488Z","iobWithZeroTemp":{"iob":-0.364,"basaliob":-0.373,"bolussnooze":0,"activity":-0.0041,"lastBolusTime":1703534590488,"time":"2023-12-25T23:48:02.488Z"}},{"iob":-0.086,"basaliob":-0.094,"bolussnooze":0,"activity":-0.0015,"lastBolusTime":1703534590488,"time":"2023-12-25T23:53:02.488Z","iobWithZeroTemp":{"iob":-0.366,"basaliob":-0.374,"bolussnooze":0,"activity":-0.0041,"lastBolusTime":1703534590488,"time":"2023-12-25T23:53:02.488Z"}},{"iob":-0.079,"basaliob":-0.085,"bolussnooze":0,"activity":-0.0014,"lastBolusTime":1703534590488,"time":"2023-12-25T23:58:02.488Z","iobWithZeroTemp":{"iob":-0.368,"basaliob":-0.374,"bolussnooze":0,"activity":-0.0042,"lastBolusTime":1703534590488,"time":"2023-12-25T23:58:02.488Z"}},{"iob":-0.072,"basaliob":-0.077,"bolussnooze":0,"activity":-0.0013,"lastBolusTime":1703534590488,"time":"2023-12-26T00:03:02.488Z","iobWithZeroTemp":{"iob":-0.367,"basaliob":-0.372,"bolussnooze":0,"activity":-0.0042,"lastBolusTime":1703534590488,"time":"2023-12-26T00:03:02.488Z"}},{"iob":-0.066,"basaliob":-0.07,"bolussnooze":0,"activity":-0.0012,"lastBolusTime":1703534590488,"time":"2023-12-26T00:08:02.488Z","iobWithZeroTemp":{"iob":-0.366,"basaliob":-0.37,"bolussnooze":0,"activity":-0.0042,"lastBolusTime":1703534590488,"time":"2023-12-26T00:08:02.488Z"}},{"iob":-0.059,"basaliob":-0.063,"bolussnooze":0,"activity":-0.0012,"lastBolusTime":1703534590488,"time":"2023-12-26T00:13:02.488Z","iobWithZeroTemp":{"iob":-0.364,"basaliob":-0.368,"bolussnooze":0,"activity":-0.0043,"lastBolusTime":1703534590488,"time":"2023-12-26T00:13:02.488Z"}},{"iob":-0.054,"basaliob":-0.057,"bolussnooze":0,"activity":-0.0011,"lastBolusTime":1703534590488,"time":"2023-12-26T00:18:02.488Z","iobWithZeroTemp":{"iob":-0.363,"basaliob":-0.366,"bolussnooze":0,"activity":-0.0043,"lastBolusTime":1703534590488,"time":"2023-12-26T00:18:02.488Z"}},{"iob":-0.049,"basaliob":-0.052,"bolussnooze":0,"activity":-0.001,"lastBolusTime":1703534590488,"time":"2023-12-26T00:23:02.488Z","iobWithZeroTemp":{"iob":-0.362,"basaliob":-0.365,"bolussnooze":0,"activity":-0.0043,"lastBolusTime":1703534590488,"time":"2023-12-26T00:23:02.488Z"}},{"iob":-0.044,"basaliob":-0.046,"bolussnooze":0,"activity":-9.0E-4,"lastBolusTime":1703534590488,"time":"2023-12-26T00:28:02.488Z","iobWithZeroTemp":{"iob":-0.361,"basaliob":-0.363,"bolussnooze":0,"activity":-0.0043,"lastBolusTime":1703534590488,"time":"2023-12-26T00:28:02.488Z"}},{"iob":-0.04,"basaliob":-0.042,"bolussnooze":0,"activity":-8.0E-4,"lastBolusTime":1703534590488,"time":"2023-12-26T00:33:02.488Z","iobWithZeroTemp":{"iob":-0.36,"basaliob":-0.362,"bolussnooze":0,"activity":-0.0043,"lastBolusTime":1703534590488,"time":"2023-12-26T00:33:02.488Z"}},{"iob":-0.035,"basaliob":-0.037,"bolussnooze":0,"activity":-7.0E-4,"lastBolusTime":1703534590488,"time":"2023-12-26T00:38:02.488Z","iobWithZeroTemp":{"iob":-0.358,"basaliob":-0.36,"bolussnooze":0,"activity":-0.0042,"lastBolusTime":1703534590488,"time":"2023-12-26T00:38:02.488Z"}},{"iob":-0.033,"basaliob":-0.034,"bolussnooze":0,"activity":-7.0E-4,"lastBolusTime":1703534590488,"time":"2023-12-26T00:43:02.488Z","iobWithZeroTemp":{"iob":-0.358,"basaliob":-0.359,"bolussnooze":0,"activity":-0.0043,"lastBolusTime":1703534590488,"time":"2023-12-26T00:43:02.488Z"}},{"iob":-0.029,"basaliob":-0.03,"bolussnooze":0,"activity":-7.0E-4,"lastBolusTime":1703534590488,"time":"2023-12-26T00:48:02.488Z","iobWithZeroTemp":{"iob":-0.356,"basaliob":-0.357,"bolussnooze":0,"activity":-0.0043,"lastBolusTime":1703534590488,"time":"2023-12-26T00:48:02.488Z"}},{"iob":-0.026,"basaliob":-0.027,"bolussnooze":0,"activity":-6.0E-4,"lastBolusTime":1703534590488,"time":"2023-12-26T00:53:02.488Z","iobWithZeroTemp":{"iob":-0.355,"basaliob":-0.356,"bolussnooze":0,"activity":-0.0043,"lastBolusTime":1703534590488,"time":"2023-12-26T00:53:02.488Z"}},{"iob":-0.023,"basaliob":-0.024,"bolussnooze":0,"activity":-6.0E-4,"lastBolusTime":1703534590488,"time":"2023-12-26T00:58:02.488Z","iobWithZeroTemp":{"iob":-0.354,"basaliob":-0.355,"bolussnooze":0,"activity":-0.0043,"lastBolusTime":1703534590488,"time":"2023-12-26T00:58:02.488Z"}},{"iob":-0.02,"basaliob":-0.021,"bolussnooze":0,"activity":-5.0E-4,"lastBolusTime":1703534590488,"time":"2023-12-26T01:03:02.488Z","iobWithZeroTemp":{"iob":-0.349,"basaliob":-0.35,"bolussnooze":0,"activity":-0.0043,"lastBolusTime":1703534590488,"time":"2023-12-26T01:03:02.488Z"}},{"iob":-0.019,"basaliob":-0.019,"bolussnooze":0,"activity":-5.0E-4,"lastBolusTime":1703534590488,"time":"2023-12-26T01:08:02.488Z","iobWithZeroTemp":{"iob":-0.346,"basaliob":-0.346,"bolussnooze":0,"activity":-0.0043,"lastBolusTime":1703534590488,"time":"2023-12-26T01:08:02.488Z"}},{"iob":-0.017,"basaliob":-0.017,"bolussnooze":0,"activity":-4.0E-4,"lastBolusTime":1703534590488,"time":"2023-12-26T01:13:02.488Z","iobWithZeroTemp":{"iob":-0.341,"basaliob":-0.341,"bolussnooze":0,"activity":-0.0042,"lastBolusTime":1703534590488,"time":"2023-12-26T01:13:02.488Z"}},{"iob":-0.015,"basaliob":-0.015,"bolussnooze":0,"activity":-4.0E-4,"lastBolusTime":1703534590488,"time":"2023-12-26T01:18:02.488Z","iobWithZeroTemp":{"iob":-0.337,"basaliob":-0.337,"bolussnooze":0,"activity":-0.0042,"lastBolusTime":1703534590488,"time":"2023-12-26T01:18:02.488Z"}},{"iob":-0.013,"basaliob":-0.013,"bolussnooze":0,"activity":-3.0E-4,"lastBolusTime":1703534590488,"time":"2023-12-26T01:23:02.488Z","iobWithZeroTemp":{"iob":-0.332,"basaliob":-0.332,"bolussnooze":0,"activity":-0.0041,"lastBolusTime":1703534590488,"time":"2023-12-26T01:23:02.488Z"}},{"iob":-0.011,"basaliob":-0.011,"bolussnooze":0,"activity":-3.0E-4,"lastBolusTime":1703534590488,"time":"2023-12-26T01:28:02.488Z","iobWithZeroTemp":{"iob":-0.328,"basaliob":-0.328,"bolussnooze":0,"activity":-0.0041,"lastBolusTime":1703534590488,"time":"2023-12-26T01:28:02.488Z"}},{"iob":-0.01,"basaliob":-0.01,"bolussnooze":0,"activity":-3.0E-4,"lastBolusTime":1703534590488,"time":"2023-12-26T01:33:02.488Z","iobWithZeroTemp":{"iob":-0.324,"basaliob":-0.324,"bolussnooze":0,"activity":-0.0041,"lastBolusTime":1703534590488,"time":"2023-12-26T01:33:02.488Z"}},{"iob":-0.009,"basaliob":-0.009,"bolussnooze":0,"activity":-2.0E-4,"lastBolusTime":1703534590488,"time":"2023-12-26T01:38:02.488Z","iobWithZeroTemp":{"iob":-0.321,"basaliob":-0.321,"bolussnooze":0,"activity":-0.004,"lastBolusTime":1703534590488,"time":"2023-12-26T01:38:02.488Z"}},{"iob":-0.008,"basaliob":-0.008,"bolussnooze":0,"activity":-2.0E-4,"lastBolusTime":1703534590488,"time":"2023-12-26T01:43:02.488Z","iobWithZeroTemp":{"iob":-0.318,"basaliob":-0.318,"bolussnooze":0,"activity":-0.004,"lastBolusTime":1703534590488,"time":"2023-12-26T01:43:02.488Z"}},{"iob":-0.007,"basaliob":-0.007,"bolussnooze":0,"activity":-2.0E-4,"lastBolusTime":1703534590488,"time":"2023-12-26T01:48:02.488Z","iobWithZeroTemp":{"iob":-0.315,"basaliob":-0.315,"bolussnooze":0,"activity":-0.0039,"lastBolusTime":1703534590488,"time":"2023-12-26T01:48:02.488Z"}},{"iob":-0.006,"basaliob":-0.006,"bolussnooze":0,"activity":-2.0E-4,"lastBolusTime":1703534590488,"time":"2023-12-26T01:53:02.488Z","iobWithZeroTemp":{"iob":-0.312,"basaliob":-0.312,"bolussnooze":0,"activity":-0.0039,"lastBolusTime":1703534590488,"time":"2023-12-26T01:53:02.488Z"}},{"iob":-0.005,"basaliob":-0.005,"bolussnooze":0,"activity":-1.0E-4,"lastBolusTime":1703534590488,"time":"2023-12-26T01:58:02.488Z","iobWithZeroTemp":{"iob":-0.309,"basaliob":-0.309,"bolussnooze":0,"activity":-0.0038,"lastBolusTime":1703534590488,"time":"2023-12-26T01:58:02.488Z"}},{"iob":-0.004,"basaliob":-0.004,"bolussnooze":0,"activity":-1.0E-4,"lastBolusTime":1703534590488,"time":"2023-12-26T02:03:02.488Z","iobWithZeroTemp":{"iob":-0.304,"basaliob":-0.304,"bolussnooze":0,"activity":-0.0038,"lastBolusTime":1703534590488,"time":"2023-12-26T02:03:02.488Z"}},{"iob":-0.004,"basaliob":-0.004,"bolussnooze":0,"activity":-1.0E-4,"lastBolusTime":0,"time":"2023-12-26T02:08:02.488Z","iobWithZeroTemp":{"iob":-0.301,"basaliob":-0.301,"bolussnooze":0,"activity":-0.0038,"lastBolusTime":0,"time":"2023-12-26T02:08:02.488Z"}},{"iob":-0.003,"basaliob":-0.003,"bolussnooze":0,"activity":-1.0E-4,"lastBolusTime":0,"time":"2023-12-26T02:13:02.488Z","iobWithZeroTemp":{"iob":-0.297,"basaliob":-0.297,"bolussnooze":0,"activity":-0.0037,"lastBolusTime":0,"time":"2023-12-26T02:13:02.488Z"}},{"iob":-0.002,"basaliob":-0.002,"bolussnooze":0,"activity":-1.0E-4,"lastBolusTime":0,"time":"2023-12-26T02:18:02.488Z","iobWithZeroTemp":{"iob":-0.294,"basaliob":-0.294,"bolussnooze":0,"activity":-0.0037,"lastBolusTime":0,"time":"2023-12-26T02:18:02.488Z"}},{"iob":-0.002,"basaliob":-0.002,"bolussnooze":0,"activity":-1.0E-4,"lastBolusTime":0,"time":"2023-12-26T02:23:02.488Z","iobWithZeroTemp":{"iob":-0.291,"basaliob":-0.291,"bolussnooze":0,"activity":-0.0037,"lastBolusTime":0,"time":"2023-12-26T02:23:02.488Z"}}],"profile":{"max_iob":10,"type":"current","max_daily_basal":0.41,"max_basal":1.1,"min_bg":130,"max_bg":130,"target_bg":130,"carb_ratio":7.639,"sens":140.517,"max_daily_safety_multiplier":3,"current_basal_safety_multiplier":4,"lgsThreshold":95,"high_temptarget_raises_sensitivity":true,"low_temptarget_lowers_sensitivity":true,"sensitivity_raises_target":true,"resistance_lowers_target":true,"adv_target_adjustments":false,"exercise_mode":false,"half_basal_exercise_target":160,"maxCOB":120,"skip_neutral_temps":false,"remainingCarbsCap":90,"enableUAM":true,"A52_risk_enable":false,"SMBInterval":3,"enableSMB_with_COB":true,"enableSMB_with_temptarget":true,"allowSMB_with_high_temptarget":false,"enableSMB_always":false,"enableSMB_after_carbs":true,"maxSMBBasalMinutes":30,"maxUAMSMBBasalMinutes":40,"bolus_increment":0.05,"carbsReqThreshold":4,"current_basal":0.3,"temptargetSet":true,"autosens_max":1.3,"autosens_min":0.7,"variable_sens":200.2,"insulinDivisor":75,"TDD":12.972662761904761},"autosens_data":{"ratio":1.0171018204960993},"meal_data":{"carbs":20,"mealCOB":0,"slopeFromMaxDeviation":0,"slopeFromMinDeviation":0,"lastBolusTime":1703534590488,"lastCarbTime":1703529089478},"microBolusAllowed":true,"currentTime":1703543284206,"flatBGsDetected":false,"tdd1D":15.581666666666663,"tdd7D":15.151547619047617,"tddLast24H":15.410666666666671,"tddLast4H":3.0208333333333335,"tddLast8to4H":1.3158333333333334},"output":{"temp":"absolute","bg":75,"tick":-1,"eventualBG":107,"targetBG":130,"insulinReq":0,"deliverAt":"2023-12-25T22:28:04.206Z","sensitivityRatio":0.67,"variable_sens":200.2,"predBGs":{"IOB":[75,74,74,74,74,75,76,77,79,80,82,84,86,87,89,91,92,94,95,96,97,98,99,100,101,102,102,103,103,104,104,105,105,106,106,106,107,107,107,107,107,108],"ZT":[75,77,79,81,84,86,89,92,95,97,100,103,106,109,112,115,118,121,124,127,130]},"reason":"COB: 0, Dev: -22, BGI: 2, ISF: 200, CR: 7.64, Target: 130, minPredBG 82, minGuardBG 74, IOBpredBG 108; minGuardBG 74<95","COB":0,"IOB":-0.269,"duration":60,"rate":0,"timestamp":"2023-12-25T22:28:04.238Z"}}