{"algorithm":"OpenAPSSMBDynamicISFPlugin","input":{"glucoseStatus":{"glucose":59,"noise":0,"delta":-2.33,"short_avgdelta":-2.33,"long_avgdelta":-4.21,"date":1703498257000},"currenttemp":{"temp":"absolute","duration":90,"rate":0,"minutesrunning":30},"iob_data":[{"iob":0.243,"basaliob":-0.371,"bolussnooze":0.0694,"activity":0.0067,"lastBolusTime":1703494087446,"time":"2023-12-25T09:57:59.768Z","iobWithZeroTemp":{"iob":0.243,"basaliob":-0.371,"bolussnooze":0.0694,"activity":0.0067,"lastBolusTime":1703494087446,"time":"2023-12-25T09:57:59.768Z"}},{"iob":0.211,"basaliob":-0.353,"bolussnooze":0.0542,"activity":0.006,"lastBolusTime":1703494087446,"time":"2023-12-25T10:02:59.768Z","iobWithZeroTemp":{"iob":0.194,"basaliob":-0.37,"bolussnooze":0.0542,"activity":0.006,"lastBolusTime":1703494087446,"time":"2023-12-25T10:02:59.768Z"}},{"iob":0.182,"basaliob":-0.334,"bolussnooze":0.042,"activity":0.0053,"lastBolusTime":1703494087446,"time":"2023-12-25T10:07:59.768Z","iobWithZeroTemp":{"iob":0.143,"basaliob":-0.373,"bolussnooze":0.042,"activity":0.0052,"lastBolusTime":1703494087446,"time":"2023-12-25T10:07:59.768Z"}},{"iob":0.158,"basaliob":-0.314,"bolussnooze":0.0321,"activity":0.0047,"lastBolusTime":1703494087446,"time":"2023-12-25T10:12:59.768Z","iobWithZeroTemp":{"iob":0.098,"basaliob":-0.374,"bolussnooze":0.0321,"activity":0.0045,"lastBolusTime":1703494087446,"time":"2023-12-25T10:12:59.768Z"}},{"iob":0.136,"basaliob":-0.295,"bolussnooze":0.0243,"activity":0.0041,"lastBolusTime":1703494087446,"time":"2023-12-25T10:17:59.768Z","iobWithZeroTemp":{"iob":0.056,"basaliob":-0.375,"bolussnooze":0.0243,"activity":0.0038,"lastBolusTime":1703494087446,"time":"2023-12-25T10:17:59.768Z"}},{"iob":0.117,"basaliob":-0.276,"bolussnooze":0.0181,"activity":0.0036,"lastBolusTime":1703494087446,"time":"2023-12-25T10:22:59.768Z","iobWithZeroTemp":{"iob":0.017,"basaliob":-0.376,"bolussnooze":0.0181,"activity":0.0031,"lastBolusTime":1703494087446,"time":"2023-12-25T10:22:59.768Z"}},{"iob":0.1,"basaliob":-0.258,"bolussnooze":0.0132,"activity":0.0032,"lastBolusTime":1703494087446,"time":"2023-12-25T10:27:59.768Z","iobWithZeroTemp":{"iob":-0.019,"basaliob":-0.377,"bolussnooze":0.0132,"activity":0.0026,"lastBolusTime":1703494087446,"time":"2023-12-25T10:27:59.768Z"}},{"iob":0.086,"basaliob":-0.24,"bolussnooze":0.0095,"activity":0.0028,"lastBolusTime":1703494087446,"time":"2023-12-25T10:32:59.768Z","iobWithZeroTemp":{"iob":-0.051,"basaliob":-0.377,"bolussnooze":0.0095,"activity":0.002,"lastBolusTime":1703494087446,"time":"2023-12-25T10:32:59.768Z"}},{"iob":0.072,"basaliob":-0.223,"bolussnooze":0.0066,"activity":0.0025,"lastBolusTime":1703494087446,"time":"2023-12-25T10:37:59.768Z","iobWithZeroTemp":{"iob":-0.082,"basaliob":-0.377,"bolussnooze":0.0066,"activity":0.0015,"lastBolusTime":1703494087446,"time":"2023-12-25T10:37:59.768Z"}},{"iob":0.061,"basaliob":-0.207,"bolussnooze":0.0044,"activity":0.0021,"lastBolusTime":1703494087446,"time":"2023-12-25T10:42:59.768Z","iobWithZeroTemp":{"iob":-0.11,"basaliob":-0.378,"bolussnooze":0.0044,"activity":9.0E-4,"lastBolusTime":1703494087446,"time":"2023-12-25T10:42:59.768Z"}},{"iob":0.05,"basaliob":-0.192,"bolussnooze":0.0029,"activity":0.0019,"lastBolusTime":1703494087446,"time":"2023-12-25T10:47:59.768Z","iobWithZeroTemp":{"iob":-0.136,"basaliob":-0.378,"bolussnooze":0.0029,"activity":6.0E-4,"lastBolusTime":1703494087446,"time":"2023-12-25T10:47:59.768Z"}},{"iob":0.042,"basaliob":-0.177,"bolussnooze":0.0017,"activity":0.0016,"lastBolusTime":1703494087446,"time":"2023-12-25T10:52:59.768Z","iobWithZeroTemp":{"iob":-0.159,"basaliob":-0.378,"bolussnooze":0.0017,"activity":1.0E-4,"lastBolusTime":1703494087446,"time":"2023-12-25T10:52:59.768Z"}},{"iob":0.034,"basaliob":-0.163,"bolussnooze":9.0E-4,"activity":0.0014,"lastBolusTime":1703494087446,"time":"2023-12-25T10:57:59.768Z","iobWithZeroTemp":{"iob":-0.18,"basaliob":-0.377,"bolussnooze":9.0E-4,"activity":-3.0E-4,"lastBolusTime":1703494087446,"time":"2023-12-25T10:57:59.768Z"}},{"iob":0.027,"basaliob":-0.15,"bolussnooze":4.0E-4,"activity":0.0013,"lastBolusTime":1703494087446,"time":"2023-12-25T11:02:59.768Z","iobWithZeroTemp":{"iob":-0.205,"basaliob":-0.382,"bolussnooze":4.0E-4,"activity":-6.0E-4,"lastBolusTime":1703494087446,"time":"2023-12-25T11:02:59.768Z"}},{"iob":0.022,"basaliob":-0.138,"bolussnooze":2.0E-4,"activity":0.001,"lastBolusTime":1703494087446,"time":"2023-12-25T11:07:59.768Z","iobWithZeroTemp":{"iob":-0.227,"basaliob":-0.387,"bolussnooze":2.0E-4,"activity":-0.0011,"lastBolusTime":1703494087446,"time":"2023-12-25T11:07:59.768Z"}},{"iob":0.017,"basaliob":-0.126,"bolussnooze":0,"activity":9.0E-4,"lastBolusTime":1703494087446,"time":"2023-12-25T11:12:59.768Z","iobWithZeroTemp":{"iob":-0.249,"basaliob":-0.392,"bolussnooze":0,"activity":-0.0014,"lastBolusTime":1703494087446,"time":"2023-12-25T11:12:59.768Z"}},{"iob":0.013,"basaliob":-0.115,"bolussnooze":0,"activity":7.0E-4,"lastBolusTime":1703494087446,"time":"2023-12-25T11:17:59.768Z","iobWithZeroTemp":{"iob":-0.268,"basaliob":-0.396,"bolussnooze":0,"activity":-0.0018,"lastBolusTime":1703494087446,"time":"2023-12-25T11:17:59.768Z"}},{"iob":0.01,"basaliob":-0.105,"bolussnooze":0,"activity":7.0E-4,"lastBolusTime":1703494087446,"time":"2023-12-25T11:22:59.768Z","iobWithZeroTemp":{"iob":-0.285,"basaliob":-0.4,"bolussnooze":0,"activity":-0.0019,"lastBolusTime":1703494087446,"time":"2023-12-25T11:22:59.768Z"}},{"iob":0.006,"basaliob":-0.096,"bolussnooze":0,"activity":5.0E-4,"lastBolusTime":1703494087446,"time":"2023-12-25T11:27:59.768Z","iobWithZeroTemp":{"iob":-0.303,"basaliob":-0.405,"bolussnooze":0,"activity":-0.0023,"lastBolusTime":1703494087446,"time":"2023-12-25T11:27:59.768Z"}},{"iob":0.004,"basaliob":-0.087,"bolussnooze":0,"activity":4.0E-4,"lastBolusTime":1703494087446,"time":"2023-12-25T11:32:59.768Z","iobWithZeroTemp":{"iob":-0.317,"basaliob":-0.408,"bolussnooze":0,"activity":-0.0026,"lastBolusTime":1703494087446,"time":"2023-12-25T11:32:59.768Z"}},{"iob":0.002,"basaliob":-0.079,"bolussnooze":0,"activity":4.0E-4,"lastBolusTime":1703494087446,"time":"2023-12-25T11:37:59.768Z","iobWithZeroTemp":{"iob":-0.331,"basaliob":-0.412,"bolussnooze":0,"activity":-0.0028,"lastBolusTime":1703494087446,"time":"2023-12-25T11:37:59.768Z"}},{"iob":0,"basaliob":-0.072,"bolussnooze":0,"activity":3.0E-4,"lastBolusTime":1703494087446,"time":"2023-12-25T11:42:59.768Z","iobWithZeroTemp":{"iob":-0.344,"basaliob":-0.416,"bolussnooze":0,"activity":-0.003,"lastBolusTime":1703494087446,"time":"2023-12-25T11:42:59.768Z"}},{"iob":-0.001,"basaliob":-0.065,"bolussnooze":0,"activity":3.0E-4,"lastBolusTime":1703494087446,"time":"2023-12-25T11:47:59.768Z","iobWithZeroTemp":{"iob":-0.355,"basaliob":-0.419,"bolussnooze":0,"activity":-0.0032,"lastBolusTime":1703494087446,"time":"2023-12-25T11:47:59.768Z"}},{"iob":-0.003,"basaliob":-0.059,"bolussnooze":0,"activity":2.0E-4,"lastBolusTime":1703494087446,"time":"2023-12-25T11:52:59.768Z","iobWithZeroTemp":{"iob":-0.366,"basaliob":-0.422,"bolussnooze":0,"activity":-0.0034,"lastBolusTime":1703494087446,"time":"2023-12-25T11:52:59.768Z"}},{"iob":-0.004,"basaliob":-0.053,"bolussnooze":0,"activity":2.0E-4,"lastBolusTime":1703494087446,"time":"2023-12-25T11:57:59.768Z","iobWithZeroTemp":{"iob":-0.376,"basaliob":-0.425,"bolussnooze":0,"activity":-0.0036,"lastBolusTime":1703494087446,"time":"2023-12-25T11:57:59.768Z"}},{"iob":-0.005,"basaliob":-0.048,"bolussnooze":0,"activity":1.0E-4,"lastBolusTime":1703494087446,"time":"2023-12-25T12:02:59.768Z","iobWithZeroTemp":{"iob":-0.385,"basaliob":-0.428,"bolussnooze":0,"activity":-0.0038,"lastBolusTime":1703494087446,"time":"2023-12-25T12:02:59.768Z"}},{"iob":-0.005,"basaliob":-0.043,"bolussnooze":0,"activity":1.0E-4,"lastBolusTime":1703494087446,"time":"2023-12-25T12:07:59.768Z","iobWithZeroTemp":{"iob":-0.392,"basaliob":-0.43,"bolussnooze":0,"activity":-0.0039,"lastBolusTime":1703494087446,"time":"2023-12-25T12:07:59.768Z"}},{"iob":-0.006,"basaliob":-0.039,"bolussnooze":0,"activity":1.0E-4,"lastBolusTime":1703494087446,"time":"2023-12-25T12:12:59.768Z","iobWithZeroTemp":{"iob":-0.4,"basaliob":-0.433,"bolussnooze":0,"activity":-0.004,"lastBolusTime":1703494087446,"time":"2023-12-25T12:12:59.768Z"}},{"iob":-0.006,"basaliob":-0.035,"bolussnooze":0,"activity":0,"lastBolusTime":1703494087446,"time":"2023-12-25T12:17:59.768Z","iobWithZeroTemp":{"iob":-0.406,"basaliob":-0.435,"bolussnooze":0,"activity":-0.0042,"lastBolusTime":1703494087446,"time":"2023-12-25T12:17:59.768Z"}},{"iob":-0.006,"basaliob":-0.031,"bolussnooze":0,"activity":0,"lastBolusTime":1703494087446,"time":"2023-12-25T12:22:59.768Z","iobWithZeroTemp":{"iob":-0.411,"basaliob":-0.436,"bolussnooze":0,"activity":-0.0043,"lastBolusTime":1703494087446,"time":"2023-12-25T12:22:59.768Z"}},{"iob":-0.006,"basaliob":-0.028,"bolussnooze":0,"activity":0,"lastBolusTime":1703494087446,"time":"2023-12-25T12:27:59.768Z","iobWithZeroTemp":{"iob":-0.416,"basaliob":-0.438,"bolussnooze":0,"activity":-0.0044,"lastBolusTime":1703494087446,"time":"2023-12-25T12:27:59.768Z"}},{"iob":-0.006,"basaliob":-0.025,"bolussnooze":0,"activity":0,"lastBolusTime":1703494087446,"time":"2023-12-25T12:32:59.768Z","iobWithZeroTemp":{"iob":-0.421,"basaliob":-0.44,"bolussnooze":0,"activity":-0.0045,"lastBolusTime":1703494087446,"time":"2023-12-25T12:32:59.768Z"}},{"iob":-0.006,"basaliob":-0.022,"bolussnooze":0,"activity":0,"lastBolusTime":1703494087446,"time":"2023-12-25T12:37:59.768Z","iobWithZeroTemp":{"iob":-0.425,"basaliob":-0.441,"bolussnooze":0,"activity":-0.0046,"lastBolusTime":1703494087446,"time":"2023-12-25T12:37:59.768Z"}},{"iob":-0.006,"basaliob":-0.02,"bolussnooze":0,"activity":-1.0E-4,"lastBolusTime":1703494087446,"time":"2023-12-25T12:42:59.768Z","iobWithZeroTemp":{"iob":-0.429,"basaliob":-0.443,"bolussnooze":0,"activity":-0.0048,"lastBolusTime":1703494087446,"time":"2023-12-25T12:42:59.768Z"}},{"iob":-0.005,"basaliob":-0.017,"bolussnooze":0,"activity":0,"lastBolusTime":1703494087446,"time":"2023-12-25T12:47:59.768Z","iobWithZeroTemp":{"iob":-0.432,"basaliob":-0.444,"bolussnooze":0,"activity":-0.0048,"lastBolusTime":1703494087446,"time":"2023-12-25T12:47:59.768Z"}},{"iob":-0.005,"basaliob":-0.015,"bolussnooze":0,"activity":-1.0E-4,"lastBolusTime":1703494087446,"time":"2023-12-25T12:52:59.768Z","iobWithZeroTemp":{"iob":-0.435,"basaliob":-0.445,"bolussnooze":0,"activity":-0.0049,"lastBolusTime":1703494087446,"time":"2023-12-25T12:52:59.768Z"}},{"iob":-0.006,"basaliob":-0.014,"bolussnooze":0,"activity":0,"lastBolusTime":1703494087446,"time":"2023-12-25T12:57:59.768Z","iobWithZeroTemp":{"iob":-0.439,"basaliob":-0.447,"bolussnooze":0,"activity":-0.0049,"lastBolusTime":1703494087446,"time":"2023-12-25T12:57:59.768Z"}},{"iob":-0.005,"basaliob":-0.012,"bolussnooze":0,"activity":0,"lastBolusTime":1703494087446,"time":"2023-12-25T13:02:59.768Z","iobWithZeroTemp":{"iob":-0.447,"basaliob":-0.454,"bolussnooze":0,"activity":-0.0049,"lastBolusTime":1703494087446,"time":"2023-12-25T13:02:59.768Z"}},{"iob":-0.005,"basaliob":-0.011,"bolussnooze":0,"activity":-1.0E-4,"lastBolusTime":1703494087446,"time":"2023-12-25T13:07:59.768Z","iobWithZeroTemp":{"iob":-0.457,"basaliob":-0.463,"bolussnooze":0,"activity":-0.0051,"lastBolusTime":1703494087446,"time":"2023-12-25T13:07:59.768Z"}},{"iob":-0.004,"basaliob":-0.009,"bolussnooze":0,"activity":0,"lastBolusTime":1703494087446,"time":"2023-12-25T13:12:59.768Z","iobWithZeroTemp":{"iob":-0.464,"basaliob":-0.469,"bolussnooze":0,"activity":-0.0051,"lastBolusTime":1703494087446,"time":"2023-12-25T13:12:59.768Z"}},{"iob":-0.004,"basaliob":-0.008,"bolussnooze":0,"activity":0,"lastBolusTime":1703494087446,"time":"2023-12-25T13:17:59.768Z","iobWithZeroTemp":{"iob":-0.473,"basaliob":-0.477,"bolussnooze":0,"activity":-0.0052,"lastBolusTime":1703494087446,"time":"2023-12-25T13:17:59.768Z"}},{"iob":-0.004,"basaliob":-0.007,"bolussnooze":0,"activity":-1.0E-4,"lastBolusTime":1703494087446,"time":"2023-12-25T13:22:59.768Z","iobWithZeroTemp":{"iob":-0.481,"basaliob":-0.484,"bolussnooze":0,"activity":-0.0054,"lastBolusTime":1703494087446,"time":"2023-12-25T13:22:59.768Z"}},{"iob":-0.004,"basaliob":-0.006,"bolussnooze":0,"activity":-1.0E-4,"lastBolusTime":1703494087446,"time":"2023-12-25T13:27:59.768Z","iobWithZeroTemp":{"iob":-0.489,"basaliob":-0.491,"bolussnooze":0,"activity":-0.0054,"lastBolusTime":1703494087446,"time":"2023-12-25T13:27:59.768Z"}},{"iob":-0.003,"basaliob":-0.005,"bolussnooze":0,"activity":-1.0E-4,"lastBolusTime":1703494087446,"time":"2023-12-25T13:32:59.768Z","iobWithZeroTemp":{"iob":-0.495,"basaliob":-0.497,"bolussnooze":0,"activity":-0.0055,"lastBolusTime":1703494087446,"time":"2023-12-25T13:32:59.768Z"}},{"iob":-0.004,"basaliob":-0.005,"bolussnooze":0,"activity":0,"lastBolusTime":1703494087446,"time":"2023-12-25T13:37:59.768Z","iobWithZeroTemp":{"iob":-0.503,"basaliob":-0.504,"bolussnooze":0,"activity":-0.0055,"lastBolusTime":1703494087446,"time":"2023-12-25T13:37:59.768Z"}},{"iob":-0.003,"basaliob":-0.004,"bolussnooze":0,"activity":0,"lastBolusTime":1703494087446,"time":"2023-12-25T13:42:59.768Z","iobWithZeroTemp":{"iob":-0.508,"basaliob":-0.509,"bolussnooze":0,"activity":-0.0056,"lastBolusTime":1703494087446,"time":"2023-12-25T13:42:59.768Z"}},{"iob":-0.002,"basaliob":-0.003,"bolussnooze":0,"activity":0,"lastBolusTime":1703494087446,"time":"2023-12-25T13:47:59.768Z","iobWithZeroTemp":{"iob":-0.513,"basaliob":-0.514,"bolussnooze":0,"activity":-0.0057,"lastBolusTime":1703494087446,"time":"2023-12-25T13:47:59.768Z"}},{"iob":-0.003,"basaliob":-0.003,"bolussnooze":0,"activity":-1.0E-4,"lastBolusTime":1703494087446,"time":"2023-12-25T13:52:59.768Z","iobWithZeroTemp":{"iob":-0.52,"basaliob":-0.52,"bolussnooze":0,"activity":-0.0059,"lastBolusTime":1703494087446,"time":"2023-12-25T13:52:59.768Z"}}],"profile":{"max_iob":10,"type":"current","max_daily_basal":0.41,"max_basal":1.25,"min_bg":130,"max_bg":130,"target_bg":130,"carb_ratio":7.639,"sens":140.517,"max_daily_safety_multiplier":3,"current_basal_safety_multiplier":4,"lgsThreshold":95,"high_temptarget_raises_sensitivity":true,"low_temptarget_lowers_sensitivity":true,"sensitivity_raises_target":true,"resistance_lowers_target":true,"adv_target_adjustments":false,"exercise_mode":false,"half_basal_exercise_target":160,"maxCOB":120,"skip_neutral_temps":false,"remainingCarbsCap":90,"enableUAM":true,"A52_risk_enable":false,"SMBInterval":3,"enableSMB_with_COB":true,"enableSMB_with_temptarget":true,"allowSMB_with_high_temptarget":false,"enableSMB_always":false,"enableSMB_after_carbs":true,"maxSMBBasalMinutes":30,"maxUAMSMBBasalMinutes":40,"bolus_increment":0.05,"carbsReqThreshold":4,"current_basal":0.35,"temptargetSet":true,"autosens_max":1.3,"autosens_min":0.7,"variable_sens":250.2,"insulinDivisor":75,"TDD":12.39665601190476},"autosens_data":{"ratio":1.057031734931996},"meal_data":{"carbs":13,"mealCOB":4.6647649797818085,"slopeFromMaxDeviation":-0.7198181818181819,"slopeFromMinDeviation":1.1923333333333332,"lastBolusTime":1703494087446,"lastCarbTime":1703492159954},"microBolusAllowed":true,"currentTime":1703498280209,"flatBGsDetected":false,"tdd1D":15.581666666666663,"tdd7D":15.151547619047617,"tddLast24H":16.015666666666657,"tddLast4H":2.6058333333333334,"tddLast8to4H":1.1433333333333335},"output":{"temp":"absolute","bg":59,"tick":-2,"eventualBG":143,"targetBG":130,"insulinReq":0,"deliverAt":"2023-12-25T09:58:00.209Z","sensitivityRatio":0.67,"variable_sens":250.2,"predBGs":{"IOB":[59,56,54,51,48,46,44,41,39,39,39,39,39],"ZT":[59,51,42,39,39,39,39,39,39,39,39,39,39,39,39,39,39,39,39,39,39,39,39,39,43,49,54,59,64,69,74,79,83,88,92,97,101,105,109,113,117,121,125,129],"COB":[59,57,55,54,54,54,55,56,58,60,62,64,67,70,73,76,79,82,85,88,91,94,97,100,103,106,109,111,114,116,119,121,123,126,128,129,131,133,134,136,137,138,139,140,141,142,142,143],"UAM":[59,56,53,50,46,42,39,39,39,39,39,39,39]},"reason":"COB: 4.7, Dev: 36, BGI: -8, ISF: 250, CR: 7.64, Target: 130, minPredBG 52, minGuardBG 19, IOBpredBG 39, COBpredBG 143, UAMpredBG 39; minGuardBG 19<95 90m left and 0 ~ req 0U\/hr: no temp required","COB":4.6647649797818085,"IOB":0.243,"timestamp":"2023-12-25T09:58:00.223Z"}}