{"algorithm":"OpenAPSSMBDynamicISFPlugin","input":{"glucoseStatus":{"glucose":116,"noise":0,"delta":6.39,"short_avgdelta":6.39,"long_avgdelta":1.35,"date":1703492857000},"currenttemp":{"temp":"absolute","duration":110,"rate":0,"minutesrunning":10},"iob_data":[{"iob":1.698,"basaliob":-0.047,"bolussnooze":1.6135,"activity":0.0088,"lastBolusTime":1703492166298,"time":"2023-12-25T08:28:02.547Z","iobWithZeroTemp":{"iob":1.698,"basaliob":-0.047,"bolussnooze":1.6135,"activity":0.0088,"lastBolusTime":1703492166298,"time":"2023-12-25T08:28:02.547Z"}},{"iob":1.647,"basaliob":-0.049,"bolussnooze":1.4731,"activity":0.011,"lastBolusTime":1703492166298,"time":"2023-12-25T08:33:02.547Z","iobWithZeroTemp":{"iob":1.626,"basaliob":-0.07,"bolussnooze":1.4731,"activity":0.011,"lastBolusTime":1703492166298,"time":"2023-12-25T08:33:02.547Z"}},{"iob":1.589,"basaliob":-0.049,"bolussnooze":1.3213,"activity":0.0125,"lastBolusTime":1703492166298,"time":"2023-12-25T08:38:02.547Z","iobWithZeroTemp":{"iob":1.542,"basaliob":-0.096,"bolussnooze":1.3213,"activity":0.0124,"lastBolusTime":1703492166298,"time":"2023-12-25T08:38:02.547Z"}},{"iob":1.523,"basaliob":-0.049,"bolussnooze":1.1684,"activity":0.0136,"lastBolusTime":1703492166298,"time":"2023-12-25T08:43:02.547Z","iobWithZeroTemp":{"iob":1.45,"basaliob":-0.122,"bolussnooze":1.1684,"activity":0.0134,"lastBolusTime":1703492166298,"time":"2023-12-25T08:43:02.547Z"}},{"iob":1.454,"basaliob":-0.048,"bolussnooze":1.0209,"activity":0.0144,"lastBolusTime":1703492166298,"time":"2023-12-25T08:48:02.547Z","iobWithZeroTemp":{"iob":1.356,"basaliob":-0.146,"bolussnooze":1.0209,"activity":0.014,"lastBolusTime":1703492166298,"time":"2023-12-25T08:48:02.547Z"}},{"iob":1.38,"basaliob":-0.047,"bolussnooze":0.883,"activity":0.0148,"lastBolusTime":1703492166298,"time":"2023-12-25T08:53:02.547Z","iobWithZeroTemp":{"iob":1.258,"basaliob":-0.169,"bolussnooze":0.883,"activity":0.0142,"lastBolusTime":1703492166298,"time":"2023-12-25T08:53:02.547Z"}},{"iob":1.305,"basaliob":-0.046,"bolussnooze":0.7568,"activity":0.015,"lastBolusTime":1703492166298,"time":"2023-12-25T08:58:02.547Z","iobWithZeroTemp":{"iob":1.159,"basaliob":-0.192,"bolussnooze":0.7568,"activity":0.0142,"lastBolusTime":1703492166298,"time":"2023-12-25T08:58:02.547Z"}},{"iob":1.23,"basaliob":-0.044,"bolussnooze":0.6435,"activity":0.015,"lastBolusTime":1703492166298,"time":"2023-12-25T09:03:02.547Z","iobWithZeroTemp":{"iob":1.062,"basaliob":-0.212,"bolussnooze":0.6435,"activity":0.014,"lastBolusTime":1703492166298,"time":"2023-12-25T09:03:02.547Z"}},{"iob":1.156,"basaliob":-0.042,"bolussnooze":0.5431,"activity":0.0148,"lastBolusTime":1703492166298,"time":"2023-12-25T09:08:02.547Z","iobWithZeroTemp":{"iob":0.966,"basaliob":-0.232,"bolussnooze":0.5431,"activity":0.0136,"lastBolusTime":1703492166298,"time":"2023-12-25T09:08:02.547Z"}},{"iob":1.082,"basaliob":-0.04,"bolussnooze":0.4552,"activity":0.0145,"lastBolusTime":1703492166298,"time":"2023-12-25T09:13:02.547Z","iobWithZeroTemp":{"iob":0.871,"basaliob":-0.251,"bolussnooze":0.4552,"activity":0.0131,"lastBolusTime":1703492166298,"time":"2023-12-25T09:13:02.547Z"}},{"iob":1.011,"basaliob":-0.038,"bolussnooze":0.3791,"activity":0.0141,"lastBolusTime":1703492166298,"time":"2023-12-25T09:18:02.547Z","iobWithZeroTemp":{"iob":0.781,"basaliob":-0.268,"bolussnooze":0.3791,"activity":0.0124,"lastBolusTime":1703492166298,"time":"2023-12-25T09:18:02.547Z"}},{"iob":0.942,"basaliob":-0.036,"bolussnooze":0.3136,"activity":0.0136,"lastBolusTime":1703492166298,"time":"2023-12-25T09:23:02.547Z","iobWithZeroTemp":{"iob":0.694,"basaliob":-0.284,"bolussnooze":0.3136,"activity":0.0117,"lastBolusTime":1703492166298,"time":"2023-12-25T09:23:02.547Z"}},{"iob":0.875,"basaliob":-0.034,"bolussnooze":0.2579,"activity":0.0131,"lastBolusTime":1703492166298,"time":"2023-12-25T09:28:02.547Z","iobWithZeroTemp":{"iob":0.61,"basaliob":-0.299,"bolussnooze":0.2579,"activity":0.011,"lastBolusTime":1703492166298,"time":"2023-12-25T09:28:02.547Z"}},{"iob":0.811,"basaliob":-0.032,"bolussnooze":0.2107,"activity":0.0125,"lastBolusTime":1703492166298,"time":"2023-12-25T09:33:02.547Z","iobWithZeroTemp":{"iob":0.53,"basaliob":-0.313,"bolussnooze":0.2107,"activity":0.0102,"lastBolusTime":1703492166298,"time":"2023-12-25T09:33:02.547Z"}},{"iob":0.75,"basaliob":-0.03,"bolussnooze":0.171,"activity":0.0118,"lastBolusTime":1703492166298,"time":"2023-12-25T09:38:02.547Z","iobWithZeroTemp":{"iob":0.454,"basaliob":-0.326,"bolussnooze":0.171,"activity":0.0093,"lastBolusTime":1703492166298,"time":"2023-12-25T09:38:02.547Z"}},{"iob":0.693,"basaliob":-0.028,"bolussnooze":0.1379,"activity":0.0112,"lastBolusTime":1703492166298,"time":"2023-12-25T09:43:02.547Z","iobWithZeroTemp":{"iob":0.383,"basaliob":-0.338,"bolussnooze":0.1379,"activity":0.0085,"lastBolusTime":1703492166298,"time":"2023-12-25T09:43:02.547Z"}},{"iob":0.638,"basaliob":-0.026,"bolussnooze":0.1104,"activity":0.0105,"lastBolusTime":1703492166298,"time":"2023-12-25T09:48:02.547Z","iobWithZeroTemp":{"iob":0.315,"basaliob":-0.349,"bolussnooze":0.1104,"activity":0.0076,"lastBolusTime":1703492166298,"time":"2023-12-25T09:48:02.547Z"}},{"iob":0.587,"basaliob":-0.024,"bolussnooze":0.0878,"activity":0.0099,"lastBolusTime":1703492166298,"time":"2023-12-25T09:53:02.547Z","iobWithZeroTemp":{"iob":0.252,"basaliob":-0.359,"bolussnooze":0.0878,"activity":0.0068,"lastBolusTime":1703492166298,"time":"2023-12-25T09:53:02.547Z"}},{"iob":0.539,"basaliob":-0.023,"bolussnooze":0.0692,"activity":0.0093,"lastBolusTime":1703492166298,"time":"2023-12-25T09:58:02.547Z","iobWithZeroTemp":{"iob":0.193,"basaliob":-0.369,"bolussnooze":0.0692,"activity":0.006,"lastBolusTime":1703492166298,"time":"2023-12-25T09:58:02.547Z"}},{"iob":0.494,"basaliob":-0.021,"bolussnooze":0.0541,"activity":0.0087,"lastBolusTime":1703492166298,"time":"2023-12-25T10:03:02.547Z","iobWithZeroTemp":{"iob":0.143,"basaliob":-0.372,"bolussnooze":0.0541,"activity":0.0052,"lastBolusTime":1703492166298,"time":"2023-12-25T10:03:02.547Z"}},{"iob":0.452,"basaliob":-0.019,"bolussnooze":0.0419,"activity":0.0081,"lastBolusTime":1703492166298,"time":"2023-12-25T10:08:02.547Z","iobWithZeroTemp":{"iob":0.097,"basaliob":-0.374,"bolussnooze":0.0419,"activity":0.0045,"lastBolusTime":1703492166298,"time":"2023-12-25T10:08:02.547Z"}},{"iob":0.413,"basaliob":-0.018,"bolussnooze":0.032,"activity":0.0075,"lastBolusTime":1703492166298,"time":"2023-12-25T10:13:02.547Z","iobWithZeroTemp":{"iob":0.054,"basaliob":-0.377,"bolussnooze":0.032,"activity":0.0038,"lastBolusTime":1703492166298,"time":"2023-12-25T10:13:02.547Z"}},{"iob":0.377,"basaliob":-0.016,"bolussnooze":0.0242,"activity":0.007,"lastBolusTime":1703492166298,"time":"2023-12-25T10:18:02.547Z","iobWithZeroTemp":{"iob":0.016,"basaliob":-0.377,"bolussnooze":0.0242,"activity":0.0032,"lastBolusTime":1703492166298,"time":"2023-12-25T10:18:02.547Z"}},{"iob":0.343,"basaliob":-0.015,"bolussnooze":0.018,"activity":0.0064,"lastBolusTime":1703492166298,"time":"2023-12-25T10:23:02.547Z","iobWithZeroTemp":{"iob":-0.021,"basaliob":-0.379,"bolussnooze":0.018,"activity":0.0025,"lastBolusTime":1703492166298,"time":"2023-12-25T10:23:02.547Z"}},{"iob":0.312,"basaliob":-0.014,"bolussnooze":0.0132,"activity":0.006,"lastBolusTime":1703492166298,"time":"2023-12-25T10:28:02.547Z","iobWithZeroTemp":{"iob":-0.054,"basaliob":-0.38,"bolussnooze":0.0132,"activity":0.002,"lastBolusTime":1703492166298,"time":"2023-12-25T10:28:02.547Z"}},{"iob":0.283,"basaliob":-0.013,"bolussnooze":0.0094,"activity":0.0056,"lastBolusTime":1703492166298,"time":"2023-12-25T10:33:02.547Z","iobWithZeroTemp":{"iob":-0.084,"basaliob":-0.38,"bolussnooze":0.0094,"activity":0.0015,"lastBolusTime":1703492166298,"time":"2023-12-25T10:33:02.547Z"}},{"iob":0.256,"basaliob":-0.012,"bolussnooze":0.0066,"activity":0.0051,"lastBolusTime":1703492166298,"time":"2023-12-25T10:38:02.547Z","iobWithZeroTemp":{"iob":-0.113,"basaliob":-0.381,"bolussnooze":0.0066,"activity":0.001,"lastBolusTime":1703492166298,"time":"2023-12-25T10:38:02.547Z"}},{"iob":0.232,"basaliob":-0.011,"bolussnooze":0.0044,"activity":0.0047,"lastBolusTime":1703492166298,"time":"2023-12-25T10:43:02.547Z","iobWithZeroTemp":{"iob":-0.138,"basaliob":-0.381,"bolussnooze":0.0044,"activity":5.0E-4,"lastBolusTime":1703492166298,"time":"2023-12-25T10:43:02.547Z"}},{"iob":0.209,"basaliob":-0.01,"bolussnooze":0.0028,"activity":0.0043,"lastBolusTime":1703492166298,"time":"2023-12-25T10:48:02.547Z","iobWithZeroTemp":{"iob":-0.161,"basaliob":-0.38,"bolussnooze":0.0028,"activity":1.0E-4,"lastBolusTime":1703492166298,"time":"2023-12-25T10:48:02.547Z"}},{"iob":0.189,"basaliob":-0.009,"bolussnooze":0.0017,"activity":0.0039,"lastBolusTime":1703492166298,"time":"2023-12-25T10:53:02.547Z","iobWithZeroTemp":{"iob":-0.182,"basaliob":-0.38,"bolussnooze":0.0017,"activity":-3.0E-4,"lastBolusTime":1703492166298,"time":"2023-12-25T10:53:02.547Z"}},{"iob":0.17,"basaliob":-0.008,"bolussnooze":9.0E-4,"activity":0.0036,"lastBolusTime":1703492166298,"time":"2023-12-25T10:58:02.547Z","iobWithZeroTemp":{"iob":-0.201,"basaliob":-0.379,"bolussnooze":9.0E-4,"activity":-7.0E-4,"lastBolusTime":1703492166298,"time":"2023-12-25T10:58:02.547Z"}},{"iob":0.153,"basaliob":-0.007,"bolussnooze":4.0E-4,"activity":0.0033,"lastBolusTime":1703492166298,"time":"2023-12-25T11:03:02.547Z","iobWithZeroTemp":{"iob":-0.224,"basaliob":-0.384,"bolussnooze":4.0E-4,"activity":-0.001,"lastBolusTime":1703492166298,"time":"2023-12-25T11:03:02.547Z"}},{"iob":0.138,"basaliob":-0.006,"bolussnooze":2.0E-4,"activity":0.003,"lastBolusTime":1703492166298,"time":"2023-12-25T11:08:02.547Z","iobWithZeroTemp":{"iob":-0.244,"basaliob":-0.388,"bolussnooze":2.0E-4,"activity":-0.0013,"lastBolusTime":1703492166298,"time":"2023-12-25T11:08:02.547Z"}},{"iob":0.123,"basaliob":-0.006,"bolussnooze":0,"activity":0.0027,"lastBolusTime":1703492166298,"time":"2023-12-25T11:13:02.547Z","iobWithZeroTemp":{"iob":-0.265,"basaliob":-0.394,"bolussnooze":0,"activity":-0.0017,"lastBolusTime":1703492166298,"time":"2023-12-25T11:13:02.547Z"}},{"iob":0.11,"basaliob":-0.005,"bolussnooze":0,"activity":0.0025,"lastBolusTime":1703492166298,"time":"2023-12-25T11:18:02.547Z","iobWithZeroTemp":{"iob":-0.283,"basaliob":-0.398,"bolussnooze":0,"activity":-0.0019,"lastBolusTime":1703492166298,"time":"2023-12-25T11:18:02.547Z"}},{"iob":0.098,"basaliob":-0.005,"bolussnooze":0,"activity":0.0023,"lastBolusTime":1703492166298,"time":"2023-12-25T11:23:02.547Z","iobWithZeroTemp":{"iob":-0.299,"basaliob":-0.402,"bolussnooze":0,"activity":-0.0022,"lastBolusTime":1703492166298,"time":"2023-12-25T11:23:02.547Z"}},{"iob":0.088,"basaliob":-0.004,"bolussnooze":0,"activity":0.002,"lastBolusTime":1703492166298,"time":"2023-12-25T11:28:02.547Z","iobWithZeroTemp":{"iob":-0.314,"basaliob":-0.406,"bolussnooze":0,"activity":-0.0025,"lastBolusTime":1703492166298,"time":"2023-12-25T11:28:02.547Z"}},{"iob":0.078,"basaliob":-0.004,"bolussnooze":0,"activity":0.0018,"lastBolusTime":1703492166298,"time":"2023-12-25T11:33:02.547Z","iobWithZeroTemp":{"iob":-0.328,"basaliob":-0.41,"bolussnooze":0,"activity":-0.0028,"lastBolusTime":1703492166298,"time":"2023-12-25T11:33:02.547Z"}},{"iob":0.07,"basaliob":-0.003,"bolussnooze":0,"activity":0.0016,"lastBolusTime":1703492166298,"time":"2023-12-25T11:38:02.547Z","iobWithZeroTemp":{"iob":-0.34,"basaliob":-0.413,"bolussnooze":0,"activity":-0.003,"lastBolusTime":1703492166298,"time":"2023-12-25T11:38:02.547Z"}},{"iob":0.061,"basaliob":-0.003,"bolussnooze":0,"activity":0.0015,"lastBolusTime":1703492166298,"time":"2023-12-25T11:43:02.547Z","iobWithZeroTemp":{"iob":-0.353,"basaliob":-0.417,"bolussnooze":0,"activity":-0.0032,"lastBolusTime":1703492166298,"time":"2023-12-25T11:43:02.547Z"}},{"iob":0.054,"basaliob":-0.003,"bolussnooze":0,"activity":0.0013,"lastBolusTime":1703492166298,"time":"2023-12-25T11:48:02.547Z","iobWithZeroTemp":{"iob":-0.363,"basaliob":-0.42,"bolussnooze":0,"activity":-0.0034,"lastBolusTime":1703492166298,"time":"2023-12-25T11:48:02.547Z"}},{"iob":0.048,"basaliob":-0.002,"bolussnooze":0,"activity":0.0012,"lastBolusTime":1703492166298,"time":"2023-12-25T11:53:02.547Z","iobWithZeroTemp":{"iob":-0.373,"basaliob":-0.423,"bolussnooze":0,"activity":-0.0036,"lastBolusTime":1703492166298,"time":"2023-12-25T11:53:02.547Z"}},{"iob":0.042,"basaliob":-0.002,"bolussnooze":0,"activity":0.001,"lastBolusTime":1703492166298,"time":"2023-12-25T11:58:02.547Z","iobWithZeroTemp":{"iob":-0.382,"basaliob":-0.426,"bolussnooze":0,"activity":-0.0038,"lastBolusTime":1703492166298,"time":"2023-12-25T11:58:02.547Z"}},{"iob":0.037,"basaliob":-0.002,"bolussnooze":0,"activity":0.001,"lastBolusTime":1703492166298,"time":"2023-12-25T12:03:02.547Z","iobWithZeroTemp":{"iob":-0.39,"basaliob":-0.429,"bolussnooze":0,"activity":-0.0039,"lastBolusTime":1703492166298,"time":"2023-12-25T12:03:02.547Z"}},{"iob":0.032,"basaliob":-0.002,"bolussnooze":0,"activity":9.0E-4,"lastBolusTime":1703492166298,"time":"2023-12-25T12:08:02.547Z","iobWithZeroTemp":{"iob":-0.397,"basaliob":-0.431,"bolussnooze":0,"activity":-0.004,"lastBolusTime":1703492166298,"time":"2023-12-25T12:08:02.547Z"}},{"iob":0.028,"basaliob":-0.001,"bolussnooze":0,"activity":8.0E-4,"lastBolusTime":1703492166298,"time":"2023-12-25T12:13:02.547Z","iobWithZeroTemp":{"iob":-0.404,"basaliob":-0.433,"bolussnooze":0,"activity":-0.0042,"lastBolusTime":1703492166298,"time":"2023-12-25T12:13:02.547Z"}},{"iob":0.025,"basaliob":-0.001,"bolussnooze":0,"activity":7.0E-4,"lastBolusTime":1703492166298,"time":"2023-12-25T12:18:02.547Z","iobWithZeroTemp":{"iob":-0.409,"basaliob":-0.435,"bolussnooze":0,"activity":-0.0043,"lastBolusTime":1703492166298,"time":"2023-12-25T12:18:02.547Z"}},{"iob":0.021,"basaliob":-0.001,"bolussnooze":0,"activity":6.0E-4,"lastBolusTime":1703492166298,"time":"2023-12-25T12:23:02.547Z","iobWithZeroTemp":{"iob":-0.415,"basaliob":-0.437,"bolussnooze":0,"activity":-0.0044,"lastBolusTime":1703492166298,"time":"2023-12-25T12:23:02.547Z"}}],"profile":{"max_iob":10,"type":"current","max_daily_basal":0.41,"max_basal":1.25,"min_bg":90,"max_bg":90,"target_bg":90,"carb_ratio":7.639,"sens":140.517,"max_daily_safety_multiplier":3,"current_basal_safety_multiplier":4,"lgsThreshold":95,"high_temptarget_raises_sensitivity":true,"low_temptarget_lowers_sensitivity":true,"sensitivity_raises_target":true,"resistance_lowers_target":true,"adv_target_adjustments":false,"exercise_mode":false,"half_basal_exercise_target":160,"maxCOB":120,"skip_neutral_temps":false,"remainingCarbsCap":90,"enableUAM":true,"A52_risk_enable":false,"SMBInterval":3,"enableSMB_with_COB":true,"enableSMB_with_temptarget":true,"allowSMB_with_high_temptarget":false,"enableSMB_always":false,"enableSMB_after_carbs":true,"maxSMBBasalMinutes":30,"maxUAMSMBBasalMinutes":40,"bolus_increment":0.05,"carbsReqThreshold":4,"current_basal":0.3,"temptargetSet":false,"autosens_max":1.3,"autosens_min":0.7,"variable_sens":148.8,"insulinDivisor":75,"TDD":12.938722261904761},"autosens_data":{"ratio":1.1659315015753535},"meal_data":{"carbs":13,"mealCOB":12.553375884127899,"slopeFromMaxDeviation":0,"slopeFromMinDeviation":2.5289999999999995,"lastBolusTime":1703492166298,"lastCarbTime":1703492159954},"microBolusAllowed":true,"currentTime":1703492883857,"flatBGsDetected":false,"tdd1D":15.581666666666663,"tdd7D":15.151547619047617,"tddLast24H":17.66566666666666,"tddLast4H":3.1266666666666674,"tddLast8to4H":1.0016666666666671},"output":{"temp":"absolute","bg":116,"tick":"+6","eventualBG":102,"targetBG":86,"insulinReq":0,"deliverAt":"2023-12-25T08:28:03.857Z","sensitivityRatio":1.1659315015753535,"variable_sens":148.8,"predBGs":{"IOB":[116,121,124,125,124,121,117,111,104,95,85,73,59,44,39],"ZT":[116,109,101,91,79,66,50,39,39,39,39,39,39,39,39,39,39,39,39,39,39,39,39,39,39,39,39,39,39,39,39,39,39,39,39,39,39,39,39,39,39,39,39,39,39,39,39,39],"COB":[116,122,126,129,130,131,131,131,130,129,128,127,126,126,125,125,124,124,124,124,124,124,124,124,124,124,124,123,123,122,121,120,119,117,116,114,112,111,109,108,107,106,105,104,104,103,102],"UAM":[116,122,125,126,126,125,122,118,113,108,101,93,84,74,62,49,39]},"reason":"COB: 12.6, Dev: 78, BGI: -7, ISF: 149, CR: 7.64, Target: 86, minPredBG 92, minGuardBG 91, IOBpredBG 39, COBpredBG 102, UAMpredBG 39; minGuardBG 91<95 110m left and 0 ~ req 0U\/hr: no temp required","COB":12.553375884127899,"IOB":1.698,"timestamp":"2023-12-25T08:28:03.883Z"}}