{"algorithm":"OpenAPSSMBDynamicISFPlugin","input":{"glucoseStatus":{"glucose":112,"noise":0,"delta":-3,"short_avgdelta":-3,"long_avgdelta":-1.58,"date":1703640461000},"currenttemp":{"temp":"absolute","duration":100,"rate":0,"minutesrunning":20},"iob_data":[{"iob":0.524,"basaliob":-0.028,"bolussnooze":2.0E-4,"activity":0.0065,"lastBolusTime":1703638991772,"time":"2023-12-27T01:28:04.562Z","iobWithZeroTemp":{"iob":0.524,"basaliob":-0.028,"bolussnooze":2.0E-4,"activity":0.0065,"lastBolusTime":1703638991772,"time":"2023-12-27T01:28:04.562Z"}},{"iob":0.492,"basaliob":-0.025,"bolussnooze":1.0E-4,"activity":0.0064,"lastBolusTime":1703638991772,"time":"2023-12-27T01:33:04.562Z","iobWithZeroTemp":{"iob":0.482,"basaliob":-0.035,"bolussnooze":1.0E-4,"activity":0.0064,"lastBolusTime":1703638991772,"time":"2023-12-27T01:33:04.562Z"}},{"iob":0.46,"basaliob":-0.022,"bolussnooze":0,"activity":0.0062,"lastBolusTime":1703638991772,"time":"2023-12-27T01:38:04.562Z","iobWithZeroTemp":{"iob":0.438,"basaliob":-0.044,"bolussnooze":0,"activity":0.0062,"lastBolusTime":1703638991772,"time":"2023-12-27T01:38:04.562Z"}},{"iob":0.429,"basaliob":-0.02,"bolussnooze":0,"activity":0.0061,"lastBolusTime":1703638991772,"time":"2023-12-27T01:43:04.562Z","iobWithZeroTemp":{"iob":0.394,"basaliob":-0.055,"bolussnooze":0,"activity":0.006,"lastBolusTime":1703638991772,"time":"2023-12-27T01:43:04.562Z"}},{"iob":0.399,"basaliob":-0.018,"bolussnooze":0,"activity":0.0058,"lastBolusTime":1703638991772,"time":"2023-12-27T01:48:04.562Z","iobWithZeroTemp":{"iob":0.353,"basaliob":-0.064,"bolussnooze":0,"activity":0.0056,"lastBolusTime":1703638991772,"time":"2023-12-27T01:48:04.562Z"}},{"iob":0.371,"basaliob":-0.016,"bolussnooze":0,"activity":0.0056,"lastBolusTime":1703638991772,"time":"2023-12-27T01:53:04.562Z","iobWithZeroTemp":{"iob":0.313,"basaliob":-0.074,"bolussnooze":0,"activity":0.0053,"lastBolusTime":1703638991772,"time":"2023-12-27T01:53:04.562Z"}},{"iob":0.344,"basaliob":-0.014,"bolussnooze":0,"activity":0.0054,"lastBolusTime":1703638991772,"time":"2023-12-27T01:58:04.562Z","iobWithZeroTemp":{"iob":0.275,"basaliob":-0.083,"bolussnooze":0,"activity":0.005,"lastBolusTime":1703638991772,"time":"2023-12-27T01:58:04.562Z"}},{"iob":0.317,"basaliob":-0.013,"bolussnooze":0,"activity":0.0051,"lastBolusTime":1703638991772,"time":"2023-12-27T02:03:04.562Z","iobWithZeroTemp":{"iob":0.234,"basaliob":-0.096,"bolussnooze":0,"activity":0.0046,"lastBolusTime":1703638991772,"time":"2023-12-27T02:03:04.562Z"}},{"iob":0.293,"basaliob":-0.011,"bolussnooze":0,"activity":0.0048,"lastBolusTime":1703638991772,"time":"2023-12-27T02:08:04.562Z","iobWithZeroTemp":{"iob":0.196,"basaliob":-0.108,"bolussnooze":0,"activity":0.0042,"lastBolusTime":1703638991772,"time":"2023-12-27T02:08:04.562Z"}},{"iob":0.269,"basaliob":-0.01,"bolussnooze":0,"activity":0.0046,"lastBolusTime":1703638991772,"time":"2023-12-27T02:13:04.562Z","iobWithZeroTemp":{"iob":0.158,"basaliob":-0.121,"bolussnooze":0,"activity":0.0039,"lastBolusTime":1703638991772,"time":"2023-12-27T02:13:04.562Z"}},{"iob":0.247,"basaliob":-0.009,"bolussnooze":0,"activity":0.0043,"lastBolusTime":1703638991772,"time":"2023-12-27T02:18:04.562Z","iobWithZeroTemp":{"iob":0.124,"basaliob":-0.132,"bolussnooze":0,"activity":0.0035,"lastBolusTime":1703638991772,"time":"2023-12-27T02:18:04.562Z"}},{"iob":0.227,"basaliob":-0.008,"bolussnooze":0,"activity":0.004,"lastBolusTime":1703638991772,"time":"2023-12-27T02:23:04.562Z","iobWithZeroTemp":{"iob":0.092,"basaliob":-0.143,"bolussnooze":0,"activity":0.003,"lastBolusTime":1703638991772,"time":"2023-12-27T02:23:04.562Z"}},{"iob":0.208,"basaliob":-0.007,"bolussnooze":0,"activity":0.0037,"lastBolusTime":1703638991772,"time":"2023-12-27T02:28:04.562Z","iobWithZeroTemp":{"iob":0.061,"basaliob":-0.154,"bolussnooze":0,"activity":0.0026,"lastBolusTime":1703638991772,"time":"2023-12-27T02:28:04.562Z"}},{"iob":0.19,"basaliob":-0.006,"bolussnooze":0,"activity":0.0034,"lastBolusTime":1703638991772,"time":"2023-12-27T02:33:04.562Z","iobWithZeroTemp":{"iob":0.032,"basaliob":-0.164,"bolussnooze":0,"activity":0.0022,"lastBolusTime":1703638991772,"time":"2023-12-27T02:33:04.562Z"}},{"iob":0.174,"basaliob":-0.005,"bolussnooze":0,"activity":0.0032,"lastBolusTime":1703638991772,"time":"2023-12-27T02:38:04.562Z","iobWithZeroTemp":{"iob":0.006,"basaliob":-0.173,"bolussnooze":0,"activity":0.0018,"lastBolusTime":1703638991772,"time":"2023-12-27T02:38:04.562Z"}},{"iob":0.158,"basaliob":-0.005,"bolussnooze":0,"activity":0.003,"lastBolusTime":1703638991772,"time":"2023-12-27T02:43:04.562Z","iobWithZeroTemp":{"iob":-0.019,"basaliob":-0.182,"bolussnooze":0,"activity":0.0015,"lastBolusTime":1703638991772,"time":"2023-12-27T02:43:04.562Z"}},{"iob":0.144,"basaliob":-0.004,"bolussnooze":0,"activity":0.0027,"lastBolusTime":1703638991772,"time":"2023-12-27T02:48:04.562Z","iobWithZeroTemp":{"iob":-0.042,"basaliob":-0.19,"bolussnooze":0,"activity":0.0011,"lastBolusTime":1703638991772,"time":"2023-12-27T02:48:04.562Z"}},{"iob":0.131,"basaliob":-0.003,"bolussnooze":0,"activity":0.0025,"lastBolusTime":1703638991772,"time":"2023-12-27T02:53:04.562Z","iobWithZeroTemp":{"iob":-0.063,"basaliob":-0.197,"bolussnooze":0,"activity":8.0E-4,"lastBolusTime":1703638991772,"time":"2023-12-27T02:53:04.562Z"}},{"iob":0.119,"basaliob":-0.003,"bolussnooze":0,"activity":0.0023,"lastBolusTime":1703638991772,"time":"2023-12-27T02:58:04.562Z","iobWithZeroTemp":{"iob":-0.083,"basaliob":-0.205,"bolussnooze":0,"activity":4.0E-4,"lastBolusTime":1703638991772,"time":"2023-12-27T02:58:04.562Z"}},{"iob":0.107,"basaliob":-0.003,"bolussnooze":0,"activity":0.0021,"lastBolusTime":1703638991772,"time":"2023-12-27T03:03:04.562Z","iobWithZeroTemp":{"iob":-0.11,"basaliob":-0.22,"bolussnooze":0,"activity":1.0E-4,"lastBolusTime":1703638991772,"time":"2023-12-27T03:03:04.562Z"}},{"iob":0.098,"basaliob":-0.002,"bolussnooze":0,"activity":0.0019,"lastBolusTime":1703638991772,"time":"2023-12-27T03:08:04.562Z","iobWithZeroTemp":{"iob":-0.134,"basaliob":-0.234,"bolussnooze":0,"activity":-2.0E-4,"lastBolusTime":1703638991772,"time":"2023-12-27T03:08:04.562Z"}},{"iob":0.088,"basaliob":-0.002,"bolussnooze":0,"activity":0.0018,"lastBolusTime":1703638991772,"time":"2023-12-27T03:13:04.562Z","iobWithZeroTemp":{"iob":-0.158,"basaliob":-0.248,"bolussnooze":0,"activity":-5.0E-4,"lastBolusTime":1703638991772,"time":"2023-12-27T03:13:04.562Z"}},{"iob":0.079,"basaliob":-0.002,"bolussnooze":0,"activity":0.0016,"lastBolusTime":1703638991772,"time":"2023-12-27T03:18:04.562Z","iobWithZeroTemp":{"iob":-0.18,"basaliob":-0.261,"bolussnooze":0,"activity":-8.0E-4,"lastBolusTime":1703638991772,"time":"2023-12-27T03:18:04.562Z"}},{"iob":0.072,"basaliob":-0.001,"bolussnooze":0,"activity":0.0015,"lastBolusTime":1703638991772,"time":"2023-12-27T03:23:04.562Z","iobWithZeroTemp":{"iob":-0.2,"basaliob":-0.273,"bolussnooze":0,"activity":-0.001,"lastBolusTime":1703638991772,"time":"2023-12-27T03:23:04.562Z"}},{"iob":0.065,"basaliob":-0.001,"bolussnooze":0,"activity":0.0014,"lastBolusTime":1703638991772,"time":"2023-12-27T03:28:04.562Z","iobWithZeroTemp":{"iob":-0.219,"basaliob":-0.285,"bolussnooze":0,"activity":-0.0013,"lastBolusTime":1703638991772,"time":"2023-12-27T03:28:04.562Z"}},{"iob":0.058,"basaliob":-0.001,"bolussnooze":0,"activity":0.0013,"lastBolusTime":1703638991772,"time":"2023-12-27T03:33:04.562Z","iobWithZeroTemp":{"iob":-0.237,"basaliob":-0.296,"bolussnooze":0,"activity":-0.0015,"lastBolusTime":1703638991772,"time":"2023-12-27T03:33:04.562Z"}},{"iob":0.052,"basaliob":-0.001,"bolussnooze":0,"activity":0.0012,"lastBolusTime":1703638991772,"time":"2023-12-27T03:38:04.562Z","iobWithZeroTemp":{"iob":-0.253,"basaliob":-0.306,"bolussnooze":0,"activity":-0.0018,"lastBolusTime":1703638991772,"time":"2023-12-27T03:38:04.562Z"}},{"iob":0.046,"basaliob":-0.001,"bolussnooze":0,"activity":0.0011,"lastBolusTime":1703638991772,"time":"2023-12-27T03:43:04.562Z","iobWithZeroTemp":{"iob":-0.269,"basaliob":-0.316,"bolussnooze":0,"activity":-0.002,"lastBolusTime":1703638991772,"time":"2023-12-27T03:43:04.562Z"}},{"iob":0.041,"basaliob":-0.001,"bolussnooze":0,"activity":0.001,"lastBolusTime":1703638991772,"time":"2023-12-27T03:48:04.562Z","iobWithZeroTemp":{"iob":-0.283,"basaliob":-0.325,"bolussnooze":0,"activity":-0.0022,"lastBolusTime":1703638991772,"time":"2023-12-27T03:48:04.562Z"}},{"iob":0.037,"basaliob":0,"bolussnooze":0,"activity":9.0E-4,"lastBolusTime":1703638991772,"time":"2023-12-27T03:53:04.562Z","iobWithZeroTemp":{"iob":-0.296,"basaliob":-0.333,"bolussnooze":0,"activity":-0.0025,"lastBolusTime":1703638991772,"time":"2023-12-27T03:53:04.562Z"}},{"iob":0.033,"basaliob":0,"bolussnooze":0,"activity":8.0E-4,"lastBolusTime":1703638991772,"time":"2023-12-27T03:58:04.562Z","iobWithZeroTemp":{"iob":-0.308,"basaliob":-0.341,"bolussnooze":0,"activity":-0.0027,"lastBolusTime":1703638991772,"time":"2023-12-27T03:58:04.562Z"}},{"iob":0.03,"basaliob":0,"bolussnooze":0,"activity":7.0E-4,"lastBolusTime":1703638991772,"time":"2023-12-27T04:03:04.562Z","iobWithZeroTemp":{"iob":-0.318,"basaliob":-0.348,"bolussnooze":0,"activity":-0.0029,"lastBolusTime":1703638991772,"time":"2023-12-27T04:03:04.562Z"}},{"iob":0.026,"basaliob":0,"bolussnooze":0,"activity":6.0E-4,"lastBolusTime":1703638991772,"time":"2023-12-27T04:08:04.562Z","iobWithZeroTemp":{"iob":-0.329,"basaliob":-0.355,"bolussnooze":0,"activity":-0.0031,"lastBolusTime":1703638991772,"time":"2023-12-27T04:08:04.562Z"}},{"iob":0.023,"basaliob":0,"bolussnooze":0,"activity":6.0E-4,"lastBolusTime":1703638991772,"time":"2023-12-27T04:13:04.562Z","iobWithZeroTemp":{"iob":-0.338,"basaliob":-0.361,"bolussnooze":0,"activity":-0.0032,"lastBolusTime":1703638991772,"time":"2023-12-27T04:13:04.562Z"}},{"iob":0.021,"basaliob":0,"bolussnooze":0,"activity":5.0E-4,"lastBolusTime":1703638991772,"time":"2023-12-27T04:18:04.562Z","iobWithZeroTemp":{"iob":-0.346,"basaliob":-0.367,"bolussnooze":0,"activity":-0.0034,"lastBolusTime":1703638991772,"time":"2023-12-27T04:18:04.562Z"}},{"iob":0.018,"basaliob":0,"bolussnooze":0,"activity":5.0E-4,"lastBolusTime":1703638991772,"time":"2023-12-27T04:23:04.562Z","iobWithZeroTemp":{"iob":-0.354,"basaliob":-0.372,"bolussnooze":0,"activity":-0.0035,"lastBolusTime":1703638991772,"time":"2023-12-27T04:23:04.562Z"}},{"iob":0.016,"basaliob":0,"bolussnooze":0,"activity":4.0E-4,"lastBolusTime":1703638991772,"time":"2023-12-27T04:28:04.562Z","iobWithZeroTemp":{"iob":-0.361,"basaliob":-0.377,"bolussnooze":0,"activity":-0.0037,"lastBolusTime":1703638991772,"time":"2023-12-27T04:28:04.562Z"}},{"iob":0.014,"basaliob":0,"bolussnooze":0,"activity":4.0E-4,"lastBolusTime":1703638991772,"time":"2023-12-27T04:33:04.562Z","iobWithZeroTemp":{"iob":-0.367,"basaliob":-0.381,"bolussnooze":0,"activity":-0.0038,"lastBolusTime":1703638991772,"time":"2023-12-27T04:33:04.562Z"}},{"iob":0.012,"basaliob":0,"bolussnooze":0,"activity":3.0E-4,"lastBolusTime":1703638991772,"time":"2023-12-27T04:38:04.562Z","iobWithZeroTemp":{"iob":-0.373,"basaliob":-0.385,"bolussnooze":0,"activity":-0.0039,"lastBolusTime":1703638991772,"time":"2023-12-27T04:38:04.562Z"}},{"iob":0.011,"basaliob":0,"bolussnooze":0,"activity":3.0E-4,"lastBolusTime":1703638991772,"time":"2023-12-27T04:43:04.562Z","iobWithZeroTemp":{"iob":-0.378,"basaliob":-0.389,"bolussnooze":0,"activity":-0.004,"lastBolusTime":1703638991772,"time":"2023-12-27T04:43:04.562Z"}},{"iob":0.009,"basaliob":0,"bolussnooze":0,"activity":3.0E-4,"lastBolusTime":1703638991772,"time":"2023-12-27T04:48:04.562Z","iobWithZeroTemp":{"iob":-0.383,"basaliob":-0.392,"bolussnooze":0,"activity":-0.0041,"lastBolusTime":1703638991772,"time":"2023-12-27T04:48:04.562Z"}},{"iob":0.008,"basaliob":0,"bolussnooze":0,"activity":2.0E-4,"lastBolusTime":1703638991772,"time":"2023-12-27T04:53:04.562Z","iobWithZeroTemp":{"iob":-0.387,"basaliob":-0.395,"bolussnooze":0,"activity":-0.0042,"lastBolusTime":1703638991772,"time":"2023-12-27T04:53:04.562Z"}},{"iob":0.007,"basaliob":0,"bolussnooze":0,"activity":2.0E-4,"lastBolusTime":1703638991772,"time":"2023-12-27T04:58:04.562Z","iobWithZeroTemp":{"iob":-0.391,"basaliob":-0.398,"bolussnooze":0,"activity":-0.0043,"lastBolusTime":1703638991772,"time":"2023-12-27T04:58:04.562Z"}},{"iob":0.006,"basaliob":0,"bolussnooze":0,"activity":2.0E-4,"lastBolusTime":1703638991772,"time":"2023-12-27T05:03:04.562Z","iobWithZeroTemp":{"iob":-0.394,"basaliob":-0.4,"bolussnooze":0,"activity":-0.0043,"lastBolusTime":1703638991772,"time":"2023-12-27T05:03:04.562Z"}},{"iob":0.005,"basaliob":0,"bolussnooze":0,"activity":2.0E-4,"lastBolusTime":1703638991772,"time":"2023-12-27T05:08:04.562Z","iobWithZeroTemp":{"iob":-0.398,"basaliob":-0.403,"bolussnooze":0,"activity":-0.0044,"lastBolusTime":1703638991772,"time":"2023-12-27T05:08:04.562Z"}},{"iob":0.004,"basaliob":0,"bolussnooze":0,"activity":1.0E-4,"lastBolusTime":1703638991772,"time":"2023-12-27T05:13:04.562Z","iobWithZeroTemp":{"iob":-0.401,"basaliob":-0.405,"bolussnooze":0,"activity":-0.0045,"lastBolusTime":1703638991772,"time":"2023-12-27T05:13:04.562Z"}},{"iob":0.004,"basaliob":0,"bolussnooze":0,"activity":1.0E-4,"lastBolusTime":1703638991772,"time":"2023-12-27T05:18:04.562Z","iobWithZeroTemp":{"iob":-0.402,"basaliob":-0.406,"bolussnooze":0,"activity":-0.0046,"lastBolusTime":1703638991772,"time":"2023-12-27T05:18:04.562Z"}},{"iob":0.003,"basaliob":0,"bolussnooze":0,"activity":1.0E-4,"lastBolusTime":1703638991772,"time":"2023-12-27T05:23:04.562Z","iobWithZeroTemp":{"iob":-0.405,"basaliob":-0.408,"bolussnooze":0,"activity":-0.0046,"lastBolusTime":1703638991772,"time":"2023-12-27T05:23:04.562Z"}}],"profile":{"max_iob":10,"type":"current","max_daily_basal":0.35,"max_basal":0.6,"min_bg":95,"max_bg":95,"target_bg":95,"carb_ratio":8.2,"sens":120,"max_daily_safety_multiplier":3,"current_basal_safety_multiplier":4,"lgsThreshold":95,"high_temptarget_raises_sensitivity":true,"low_temptarget_lowers_sensitivity":true,"sensitivity_raises_target":true,"resistance_lowers_target":true,"adv_target_adjustments":false,"exercise_mode":false,"half_basal_exercise_target":160,"maxCOB":120,"skip_neutral_temps":false,"remainingCarbsCap":90,"enableUAM":true,"A52_risk_enable":false,"SMBInterval":3,"enableSMB_with_COB":true,"enableSMB_with_temptarget":true,"allowSMB_with_high_temptarget":false,"enableSMB_always":false,"enableSMB_after_carbs":true,"maxSMBBasalMinutes":30,"maxUAMSMBBasalMinutes":40,"bolus_increment":0.05,"carbsReqThreshold":4,"current_basal":0.15,"temptargetSet":false,"autosens_max":1.3,"autosens_min":0.7,"variable_sens":126.7,"insulinDivisor":75,"TDD":15.55507457738095},"autosens_data":{"ratio":1.3515194513768938},"meal_data":{"carbs":5,"mealCOB":0,"slopeFromMaxDeviation":-1.0745999999999998,"slopeFromMinDeviation":0,"lastBolusTime":1703638991772,"lastCarbTime":1703625148854},"microBolusAllowed":true,"currentTime":1703640486054,"flatBGsDetected":false,"tdd1D":21.236583333333336,"tdd7D":16.175559523809522,"tddLast24H":21.861583333333336,"tddLast4H":2.0916666666666663,"tddLast8to4H":4.870833333333334},"output":{"temp":"absolute","bg":112,"tick":-3,"eventualBG":53,"targetBG":86,"insulinReq":0,"deliverAt":"2023-12-27T01:28:06.054Z","sensitivityRatio":1.3515194513768938,"variable_sens":126.7,"predBGs":{"IOB":[112,109,106,102,99,96,92,89,85,82,79,75,72,69,66,63,60,57,55,52,50,48,46,44,42,40,39],"ZT":[112,108,104,100,95,92,88,84,80,77,74,71,68,66,64,62,61,60,59,59,58,59,59,60,61,62,64,65,67,69,71,74,76,79,81,84],"UAM":[112,108,104,100,95,91,87,83,79,75,72,68,64,61,58,54,51,48,45,42,40,39]},"reason":"COB: 0, Dev: 7, BGI: -4, ISF: 127, CR: 8.2, Target: 86, minPredBG 49, minGuardBG 12, IOBpredBG 39, UAMpredBG 39; minGuardBG 12<95","COB":0,"IOB":0.524,"duration":120,"rate":0,"timestamp":"2023-12-27T01:28:06.083Z"}}