{"algorithm":"OpenAPSSMBDynamicISFPlugin","input":{"glucoseStatus":{"glucose":96,"noise":0,"delta":-1.83,"short_avgdelta":-1.83,"long_avgdelta":-2.75,"date":1703566659000},"currenttemp":{"temp":"absolute","duration":45,"rate":0,"minutesrunning":75},"iob_data":[{"iob":-0.037,"basaliob":-0.221,"bolussnooze":0,"activity":0.0018,"lastBolusTime":1703560089010,"time":"2023-12-26T04:58:02.403Z","iobWithZeroTemp":{"iob":-0.037,"basaliob":-0.221,"bolussnooze":0,"activity":0.0018,"lastBolusTime":1703560089010,"time":"2023-12-26T04:58:02.403Z"}},{"iob":-0.045,"basaliob":-0.212,"bolussnooze":0,"activity":0.0013,"lastBolusTime":1703560089010,"time":"2023-12-26T05:03:02.403Z","iobWithZeroTemp":{"iob":-0.064,"basaliob":-0.231,"bolussnooze":0,"activity":0.0013,"lastBolusTime":1703560089010,"time":"2023-12-26T05:03:02.403Z"}},{"iob":-0.051,"basaliob":-0.203,"bolussnooze":0,"activity":0.001,"lastBolusTime":1703560089010,"time":"2023-12-26T05:08:02.403Z","iobWithZeroTemp":{"iob":-0.093,"basaliob":-0.245,"bolussnooze":0,"activity":9.0E-4,"lastBolusTime":1703560089010,"time":"2023-12-26T05:08:02.403Z"}},{"iob":-0.054,"basaliob":-0.193,"bolussnooze":0,"activity":7.0E-4,"lastBolusTime":1703560089010,"time":"2023-12-26T05:13:02.403Z","iobWithZeroTemp":{"iob":-0.119,"basaliob":-0.258,"bolussnooze":0,"activity":5.0E-4,"lastBolusTime":1703560089010,"time":"2023-12-26T05:13:02.403Z"}},{"iob":-0.057,"basaliob":-0.183,"bolussnooze":0,"activity":5.0E-4,"lastBolusTime":1703560089010,"time":"2023-12-26T05:18:02.403Z","iobWithZeroTemp":{"iob":-0.144,"basaliob":-0.27,"bolussnooze":0,"activity":2.0E-4,"lastBolusTime":1703560089010,"time":"2023-12-26T05:18:02.403Z"}},{"iob":-0.059,"basaliob":-0.173,"bolussnooze":0,"activity":3.0E-4,"lastBolusTime":1703560089010,"time":"2023-12-26T05:23:02.403Z","iobWithZeroTemp":{"iob":-0.167,"basaliob":-0.281,"bolussnooze":0,"activity":-2.0E-4,"lastBolusTime":1703560089010,"time":"2023-12-26T05:23:02.403Z"}},{"iob":-0.06,"basaliob":-0.163,"bolussnooze":0,"activity":1.0E-4,"lastBolusTime":1703560089010,"time":"2023-12-26T05:28:02.403Z","iobWithZeroTemp":{"iob":-0.189,"basaliob":-0.292,"bolussnooze":0,"activity":-6.0E-4,"lastBolusTime":1703560089010,"time":"2023-12-26T05:28:02.403Z"}},{"iob":-0.06,"basaliob":-0.153,"bolussnooze":0,"activity":-1.0E-4,"lastBolusTime":1703560089010,"time":"2023-12-26T05:33:02.403Z","iobWithZeroTemp":{"iob":-0.208,"basaliob":-0.301,"bolussnooze":0,"activity":-0.001,"lastBolusTime":1703560089010,"time":"2023-12-26T05:33:02.403Z"}},{"iob":-0.059,"basaliob":-0.143,"bolussnooze":0,"activity":-2.0E-4,"lastBolusTime":1703560089010,"time":"2023-12-26T05:38:02.403Z","iobWithZeroTemp":{"iob":-0.226,"basaliob":-0.31,"bolussnooze":0,"activity":-0.0013,"lastBolusTime":1703560089010,"time":"2023-12-26T05:38:02.403Z"}},{"iob":-0.057,"basaliob":-0.133,"bolussnooze":0,"activity":-3.0E-4,"lastBolusTime":1703560089010,"time":"2023-12-26T05:43:02.403Z","iobWithZeroTemp":{"iob":-0.242,"basaliob":-0.318,"bolussnooze":0,"activity":-0.0016,"lastBolusTime":1703560089010,"time":"2023-12-26T05:43:02.403Z"}},{"iob":-0.056,"basaliob":-0.124,"bolussnooze":0,"activity":-3.0E-4,"lastBolusTime":1703560089010,"time":"2023-12-26T05:48:02.403Z","iobWithZeroTemp":{"iob":-0.257,"basaliob":-0.325,"bolussnooze":0,"activity":-0.0018,"lastBolusTime":1703560089010,"time":"2023-12-26T05:48:02.403Z"}},{"iob":-0.054,"basaliob":-0.115,"bolussnooze":0,"activity":-4.0E-4,"lastBolusTime":1703560089010,"time":"2023-12-26T05:53:02.403Z","iobWithZeroTemp":{"iob":-0.271,"basaliob":-0.332,"bolussnooze":0,"activity":-0.0021,"lastBolusTime":1703560089010,"time":"2023-12-26T05:53:02.403Z"}},{"iob":-0.052,"basaliob":-0.107,"bolussnooze":0,"activity":-5.0E-4,"lastBolusTime":1703560089010,"time":"2023-12-26T05:58:02.403Z","iobWithZeroTemp":{"iob":-0.284,"basaliob":-0.339,"bolussnooze":0,"activity":-0.0023,"lastBolusTime":1703560089010,"time":"2023-12-26T05:58:02.403Z"}},{"iob":-0.05,"basaliob":-0.099,"bolussnooze":0,"activity":-5.0E-4,"lastBolusTime":1703560089010,"time":"2023-12-26T06:03:02.403Z","iobWithZeroTemp":{"iob":-0.299,"basaliob":-0.348,"bolussnooze":0,"activity":-0.0025,"lastBolusTime":1703560089010,"time":"2023-12-26T06:03:02.403Z"}},{"iob":-0.047,"basaliob":-0.091,"bolussnooze":0,"activity":-5.0E-4,"lastBolusTime":1703560089010,"time":"2023-12-26T06:08:02.403Z","iobWithZeroTemp":{"iob":-0.312,"basaliob":-0.356,"bolussnooze":0,"activity":-0.0027,"lastBolusTime":1703560089010,"time":"2023-12-26T06:08:02.403Z"}},{"iob":-0.045,"basaliob":-0.084,"bolussnooze":0,"activity":-5.0E-4,"lastBolusTime":1703560089010,"time":"2023-12-26T06:13:02.403Z","iobWithZeroTemp":{"iob":-0.326,"basaliob":-0.365,"bolussnooze":0,"activity":-0.0029,"lastBolusTime":1703560089010,"time":"2023-12-26T06:13:02.403Z"}},{"iob":-0.042,"basaliob":-0.077,"bolussnooze":0,"activity":-5.0E-4,"lastBolusTime":1703560089010,"time":"2023-12-26T06:18:02.403Z","iobWithZeroTemp":{"iob":-0.337,"basaliob":-0.372,"bolussnooze":0,"activity":-0.0031,"lastBolusTime":1703560089010,"time":"2023-12-26T06:18:02.403Z"}},{"iob":-0.04,"basaliob":-0.071,"bolussnooze":0,"activity":-5.0E-4,"lastBolusTime":1703560089010,"time":"2023-12-26T06:23:02.403Z","iobWithZeroTemp":{"iob":-0.348,"basaliob":-0.379,"bolussnooze":0,"activity":-0.0033,"lastBolusTime":1703560089010,"time":"2023-12-26T06:23:02.403Z"}},{"iob":-0.038,"basaliob":-0.065,"bolussnooze":0,"activity":-4.0E-4,"lastBolusTime":1703560089010,"time":"2023-12-26T06:28:02.403Z","iobWithZeroTemp":{"iob":-0.359,"basaliob":-0.386,"bolussnooze":0,"activity":-0.0034,"lastBolusTime":1703560089010,"time":"2023-12-26T06:28:02.403Z"}},{"iob":-0.035,"basaliob":-0.059,"bolussnooze":0,"activity":-5.0E-4,"lastBolusTime":1703560089010,"time":"2023-12-26T06:33:02.403Z","iobWithZeroTemp":{"iob":-0.368,"basaliob":-0.392,"bolussnooze":0,"activity":-0.0037,"lastBolusTime":1703560089010,"time":"2023-12-26T06:33:02.403Z"}},{"iob":-0.033,"basaliob":-0.054,"bolussnooze":0,"activity":-5.0E-4,"lastBolusTime":1703560089010,"time":"2023-12-26T06:38:02.403Z","iobWithZeroTemp":{"iob":-0.376,"basaliob":-0.397,"bolussnooze":0,"activity":-0.0038,"lastBolusTime":1703560089010,"time":"2023-12-26T06:38:02.403Z"}},{"iob":-0.03,"basaliob":-0.049,"bolussnooze":0,"activity":-4.0E-4,"lastBolusTime":1703560089010,"time":"2023-12-26T06:43:02.403Z","iobWithZeroTemp":{"iob":-0.383,"basaliob":-0.402,"bolussnooze":0,"activity":-0.0039,"lastBolusTime":1703560089010,"time":"2023-12-26T06:43:02.403Z"}},{"iob":-0.029,"basaliob":-0.045,"bolussnooze":0,"activity":-5.0E-4,"lastBolusTime":1703560089010,"time":"2023-12-26T06:48:02.403Z","iobWithZeroTemp":{"iob":-0.392,"basaliob":-0.408,"bolussnooze":0,"activity":-0.0041,"lastBolusTime":1703560089010,"time":"2023-12-26T06:48:02.403Z"}},{"iob":-0.027,"basaliob":-0.041,"bolussnooze":0,"activity":-4.0E-4,"lastBolusTime":1703560089010,"time":"2023-12-26T06:53:02.403Z","iobWithZeroTemp":{"iob":-0.398,"basaliob":-0.412,"bolussnooze":0,"activity":-0.0042,"lastBolusTime":1703560089010,"time":"2023-12-26T06:53:02.403Z"}},{"iob":-0.025,"basaliob":-0.037,"bolussnooze":0,"activity":-4.0E-4,"lastBolusTime":1703560089010,"time":"2023-12-26T06:58:02.403Z","iobWithZeroTemp":{"iob":-0.404,"basaliob":-0.416,"bolussnooze":0,"activity":-0.0043,"lastBolusTime":1703560089010,"time":"2023-12-26T06:58:02.403Z"}},{"iob":-0.023,"basaliob":-0.034,"bolussnooze":0,"activity":-4.0E-4,"lastBolusTime":1703560089010,"time":"2023-12-26T07:03:02.403Z","iobWithZeroTemp":{"iob":-0.409,"basaliob":-0.42,"bolussnooze":0,"activity":-0.0044,"lastBolusTime":1703560089010,"time":"2023-12-26T07:03:02.403Z"}},{"iob":-0.021,"basaliob":-0.03,"bolussnooze":0,"activity":-3.0E-4,"lastBolusTime":1703560089010,"time":"2023-12-26T07:08:02.403Z","iobWithZeroTemp":{"iob":-0.412,"basaliob":-0.421,"bolussnooze":0,"activity":-0.0044,"lastBolusTime":1703560089010,"time":"2023-12-26T07:08:02.403Z"}},{"iob":-0.019,"basaliob":-0.027,"bolussnooze":0,"activity":-4.0E-4,"lastBolusTime":1703560089010,"time":"2023-12-26T07:13:02.403Z","iobWithZeroTemp":{"iob":-0.416,"basaliob":-0.424,"bolussnooze":0,"activity":-0.0046,"lastBolusTime":1703560089010,"time":"2023-12-26T07:13:02.403Z"}},{"iob":-0.018,"basaliob":-0.025,"bolussnooze":0,"activity":-3.0E-4,"lastBolusTime":1703560089010,"time":"2023-12-26T07:18:02.403Z","iobWithZeroTemp":{"iob":-0.419,"basaliob":-0.426,"bolussnooze":0,"activity":-0.0046,"lastBolusTime":1703560089010,"time":"2023-12-26T07:18:02.403Z"}},{"iob":-0.016,"basaliob":-0.022,"bolussnooze":0,"activity":-3.0E-4,"lastBolusTime":1703560089010,"time":"2023-12-26T07:23:02.403Z","iobWithZeroTemp":{"iob":-0.422,"basaliob":-0.428,"bolussnooze":0,"activity":-0.0047,"lastBolusTime":1703560089010,"time":"2023-12-26T07:23:02.403Z"}},{"iob":-0.015,"basaliob":-0.02,"bolussnooze":0,"activity":-2.0E-4,"lastBolusTime":1703560089010,"time":"2023-12-26T07:28:02.403Z","iobWithZeroTemp":{"iob":-0.425,"basaliob":-0.43,"bolussnooze":0,"activity":-0.0047,"lastBolusTime":1703560089010,"time":"2023-12-26T07:28:02.403Z"}},{"iob":-0.014,"basaliob":-0.018,"bolussnooze":0,"activity":-3.0E-4,"lastBolusTime":1703560089010,"time":"2023-12-26T07:33:02.403Z","iobWithZeroTemp":{"iob":-0.427,"basaliob":-0.431,"bolussnooze":0,"activity":-0.0049,"lastBolusTime":1703560089010,"time":"2023-12-26T07:33:02.403Z"}},{"iob":-0.012,"basaliob":-0.016,"bolussnooze":0,"activity":-3.0E-4,"lastBolusTime":1703560089010,"time":"2023-12-26T07:38:02.403Z","iobWithZeroTemp":{"iob":-0.428,"basaliob":-0.432,"bolussnooze":0,"activity":-0.0049,"lastBolusTime":1703560089010,"time":"2023-12-26T07:38:02.403Z"}},{"iob":-0.011,"basaliob":-0.014,"bolussnooze":0,"activity":-2.0E-4,"lastBolusTime":1703560089010,"time":"2023-12-26T07:43:02.403Z","iobWithZeroTemp":{"iob":-0.43,"basaliob":-0.433,"bolussnooze":0,"activity":-0.0049,"lastBolusTime":1703560089010,"time":"2023-12-26T07:43:02.403Z"}},{"iob":-0.011,"basaliob":-0.013,"bolussnooze":0,"activity":-2.0E-4,"lastBolusTime":1703560089010,"time":"2023-12-26T07:48:02.403Z","iobWithZeroTemp":{"iob":-0.433,"basaliob":-0.435,"bolussnooze":0,"activity":-0.005,"lastBolusTime":1703560089010,"time":"2023-12-26T07:48:02.403Z"}},{"iob":-0.009,"basaliob":-0.011,"bolussnooze":0,"activity":-2.0E-4,"lastBolusTime":1703560089010,"time":"2023-12-26T07:53:02.403Z","iobWithZeroTemp":{"iob":-0.433,"basaliob":-0.435,"bolussnooze":0,"activity":-0.005,"lastBolusTime":1703560089010,"time":"2023-12-26T07:53:02.403Z"}},{"iob":-0.008,"basaliob":-0.01,"bolussnooze":0,"activity":-1.0E-4,"lastBolusTime":1703560089010,"time":"2023-12-26T07:58:02.403Z","iobWithZeroTemp":{"iob":-0.434,"basaliob":-0.436,"bolussnooze":0,"activity":-0.005,"lastBolusTime":1703560089010,"time":"2023-12-26T07:58:02.403Z"}},{"iob":-0.008,"basaliob":-0.009,"bolussnooze":0,"activity":-1.0E-4,"lastBolusTime":1703560089010,"time":"2023-12-26T08:03:02.403Z","iobWithZeroTemp":{"iob":-0.436,"basaliob":-0.437,"bolussnooze":0,"activity":-0.005,"lastBolusTime":1703560089010,"time":"2023-12-26T08:03:02.403Z"}},{"iob":-0.007,"basaliob":-0.008,"bolussnooze":0,"activity":-2.0E-4,"lastBolusTime":1703560089010,"time":"2023-12-26T08:08:02.403Z","iobWithZeroTemp":{"iob":-0.437,"basaliob":-0.438,"bolussnooze":0,"activity":-0.0051,"lastBolusTime":1703560089010,"time":"2023-12-26T08:08:02.403Z"}},{"iob":-0.006,"basaliob":-0.007,"bolussnooze":0,"activity":-2.0E-4,"lastBolusTime":1703560089010,"time":"2023-12-26T08:13:02.403Z","iobWithZeroTemp":{"iob":-0.438,"basaliob":-0.439,"bolussnooze":0,"activity":-0.0052,"lastBolusTime":1703560089010,"time":"2023-12-26T08:13:02.403Z"}},{"iob":-0.005,"basaliob":-0.006,"bolussnooze":0,"activity":-2.0E-4,"lastBolusTime":1703560089010,"time":"2023-12-26T08:18:02.403Z","iobWithZeroTemp":{"iob":-0.438,"basaliob":-0.439,"bolussnooze":0,"activity":-0.0052,"lastBolusTime":1703560089010,"time":"2023-12-26T08:18:02.403Z"}},{"iob":-0.005,"basaliob":-0.005,"bolussnooze":0,"activity":-1.0E-4,"lastBolusTime":1703560089010,"time":"2023-12-26T08:23:02.403Z","iobWithZeroTemp":{"iob":-0.44,"basaliob":-0.44,"bolussnooze":0,"activity":-0.0051,"lastBolusTime":1703560089010,"time":"2023-12-26T08:23:02.403Z"}},{"iob":-0.005,"basaliob":-0.005,"bolussnooze":0,"activity":-1.0E-4,"lastBolusTime":1703560089010,"time":"2023-12-26T08:28:02.403Z","iobWithZeroTemp":{"iob":-0.441,"basaliob":-0.441,"bolussnooze":0,"activity":-0.0052,"lastBolusTime":1703560089010,"time":"2023-12-26T08:28:02.403Z"}},{"iob":-0.004,"basaliob":-0.004,"bolussnooze":0,"activity":-1.0E-4,"lastBolusTime":1703560089010,"time":"2023-12-26T08:33:02.403Z","iobWithZeroTemp":{"iob":-0.441,"basaliob":-0.441,"bolussnooze":0,"activity":-0.0052,"lastBolusTime":1703560089010,"time":"2023-12-26T08:33:02.403Z"}},{"iob":-0.004,"basaliob":-0.004,"bolussnooze":0,"activity":-1.0E-4,"lastBolusTime":1703560089010,"time":"2023-12-26T08:38:02.403Z","iobWithZeroTemp":{"iob":-0.442,"basaliob":-0.442,"bolussnooze":0,"activity":-0.0052,"lastBolusTime":1703560089010,"time":"2023-12-26T08:38:02.403Z"}},{"iob":-0.003,"basaliob":-0.003,"bolussnooze":0,"activity":-1.0E-4,"lastBolusTime":1703560089010,"time":"2023-12-26T08:43:02.403Z","iobWithZeroTemp":{"iob":-0.442,"basaliob":-0.442,"bolussnooze":0,"activity":-0.0052,"lastBolusTime":1703560089010,"time":"2023-12-26T08:43:02.403Z"}},{"iob":-0.003,"basaliob":-0.003,"bolussnooze":0,"activity":-1.0E-4,"lastBolusTime":1703560089010,"time":"2023-12-26T08:48:02.403Z","iobWithZeroTemp":{"iob":-0.443,"basaliob":-0.443,"bolussnooze":0,"activity":-0.0052,"lastBolusTime":1703560089010,"time":"2023-12-26T08:48:02.403Z"}},{"iob":-0.002,"basaliob":-0.002,"bolussnooze":0,"activity":-1.0E-4,"lastBolusTime":1703560089010,"time":"2023-12-26T08:53:02.403Z","iobWithZeroTemp":{"iob":-0.443,"basaliob":-0.443,"bolussnooze":0,"activity":-0.0053,"lastBolusTime":1703560089010,"time":"2023-12-26T08:53:02.403Z"}}],"profile":{"max_iob":10,"type":"current","max_daily_basal":0.41,"max_basal":1.05,"min_bg":95,"max_bg":95,"target_bg":95,"carb_ratio":7.639,"sens":140.517,"max_daily_safety_multiplier":3,"current_basal_safety_multiplier":4,"lgsThreshold":95,"high_temptarget_raises_sensitivity":true,"low_temptarget_lowers_sensitivity":true,"sensitivity_raises_target":true,"resistance_lowers_target":true,"adv_target_adjustments":false,"exercise_mode":false,"half_basal_exercise_target":160,"maxCOB":120,"skip_neutral_temps":false,"remainingCarbsCap":90,"enableUAM":true,"A52_risk_enable":false,"SMBInterval":3,"enableSMB_with_COB":true,"enableSMB_with_temptarget":true,"allowSMB_with_high_temptarget":false,"enableSMB_always":false,"enableSMB_after_carbs":true,"maxSMBBasalMinutes":30,"maxUAMSMBBasalMinutes":40,"bolus_increment":0.05,"carbsReqThreshold":4,"current_basal":0.25,"temptargetSet":false,"autosens_max":1.3,"autosens_min":0.7,"variable_sens":201.2,"insulinDivisor":75,"TDD":10.855106798809524},"autosens_data":{"ratio":1.0518065115280009},"meal_data":{"carbs":0,"mealCOB":0,"slopeFromMaxDeviation":-0.24927272727272728,"slopeFromMinDeviation":0.982,"lastBolusTime":1703560089010,"lastCarbTime":0},"microBolusAllowed":true,"currentTime":1703566684003,"flatBGsDetected":false,"tdd1D":15.68566666666667,"tdd7D":15.075095238095239,"tddLast24H":15.85608333333333,"tddLast4H":1.49025,"tddLast8to4H":0.6791666666666667},"output":{"temp":"absolute","bg":96,"tick":-2,"eventualBG":103,"targetBG":93,"insulinReq":0,"deliverAt":"2023-12-26T04:58:04.003Z","sensitivityRatio":1.0518065115280009,"variable_sens":201.2,"predBGs":{"IOB":[96,94,93,92,91,91,90,90,90,91,91,91,92,92,93,93,94,94,95,95,96,96,96,97,97,98,98,98,99,99,99,100,100,100,100,101,101,101,101,101,101,102],"ZT":[96,94,93,92,91,91,91,92,93]},"reason":"COB: 0, Dev: 0, BGI: -2, ISF: 201, CR: 7.64, Target: 93, minPredBG 95, minGuardBG 90, IOBpredBG 102; minGuardBG 90<95 45m left and 0 ~ req 0U\/hr: no temp required","COB":0,"IOB":-0.037,"timestamp":"2023-12-26T04:58:04.033Z"}}