{"algorithm":"OpenAPSSMBDynamicISFPlugin","input":{"glucoseStatus":{"glucose":100,"noise":0,"delta":-1.28,"short_avgdelta":-1.28,"long_avgdelta":0.03,"date":1703617960000},"currenttemp":{"temp":"absolute","duration":105,"rate":0,"minutesrunning":15},"iob_data":[{"iob":0.522,"basaliob":-0.2,"bolussnooze":0.0432,"activity":0.0116,"lastBolusTime":1703612583949,"time":"2023-12-26T19:13:03.356Z","iobWithZeroTemp":{"iob":0.522,"basaliob":-0.2,"bolussnooze":0.0432,"activity":0.0116,"lastBolusTime":1703612583949,"time":"2023-12-26T19:13:03.356Z"}},{"iob":0.467,"basaliob":-0.191,"bolussnooze":0.0324,"activity":0.0105,"lastBolusTime":1703612583949,"time":"2023-12-26T19:18:03.356Z","iobWithZeroTemp":{"iob":0.444,"basaliob":-0.214,"bolussnooze":0.0324,"activity":0.0105,"lastBolusTime":1703612583949,"time":"2023-12-26T19:18:03.356Z"}},{"iob":0.417,"basaliob":-0.181,"bolussnooze":0.0239,"activity":0.0094,"lastBolusTime":1703612583949,"time":"2023-12-26T19:23:03.356Z","iobWithZeroTemp":{"iob":0.365,"basaliob":-0.233,"bolussnooze":0.0239,"activity":0.0093,"lastBolusTime":1703612583949,"time":"2023-12-26T19:23:03.356Z"}},{"iob":0.372,"basaliob":-0.171,"bolussnooze":0.0173,"activity":0.0086,"lastBolusTime":1703612583949,"time":"2023-12-26T19:28:03.356Z","iobWithZeroTemp":{"iob":0.291,"basaliob":-0.252,"bolussnooze":0.0173,"activity":0.0084,"lastBolusTime":1703612583949,"time":"2023-12-26T19:28:03.356Z"}},{"iob":0.332,"basaliob":-0.161,"bolussnooze":0.0122,"activity":0.0077,"lastBolusTime":1703612583949,"time":"2023-12-26T19:33:03.356Z","iobWithZeroTemp":{"iob":0.224,"basaliob":-0.269,"bolussnooze":0.0122,"activity":0.0073,"lastBolusTime":1703612583949,"time":"2023-12-26T19:33:03.356Z"}},{"iob":0.295,"basaliob":-0.151,"bolussnooze":0.0084,"activity":0.0069,"lastBolusTime":1703612583949,"time":"2023-12-26T19:38:03.356Z","iobWithZeroTemp":{"iob":0.16,"basaliob":-0.286,"bolussnooze":0.0084,"activity":0.0063,"lastBolusTime":1703612583949,"time":"2023-12-26T19:38:03.356Z"}},{"iob":0.261,"basaliob":-0.142,"bolussnooze":0.0055,"activity":0.0063,"lastBolusTime":1703612583949,"time":"2023-12-26T19:43:03.356Z","iobWithZeroTemp":{"iob":0.101,"basaliob":-0.302,"bolussnooze":0.0055,"activity":0.0055,"lastBolusTime":1703612583949,"time":"2023-12-26T19:43:03.356Z"}},{"iob":0.232,"basaliob":-0.132,"bolussnooze":0.0034,"activity":0.0056,"lastBolusTime":1703612583949,"time":"2023-12-26T19:48:03.356Z","iobWithZeroTemp":{"iob":0.047,"basaliob":-0.317,"bolussnooze":0.0034,"activity":0.0045,"lastBolusTime":1703612583949,"time":"2023-12-26T19:48:03.356Z"}},{"iob":0.205,"basaliob":-0.123,"bolussnooze":0.002,"activity":0.0051,"lastBolusTime":1703612583949,"time":"2023-12-26T19:53:03.356Z","iobWithZeroTemp":{"iob":-0.003,"basaliob":-0.331,"bolussnooze":0.002,"activity":0.0038,"lastBolusTime":1703612583949,"time":"2023-12-26T19:53:03.356Z"}},{"iob":0.181,"basaliob":-0.114,"bolussnooze":0.001,"activity":0.0046,"lastBolusTime":1703612583949,"time":"2023-12-26T19:58:03.356Z","iobWithZeroTemp":{"iob":-0.049,"basaliob":-0.344,"bolussnooze":0.001,"activity":0.003,"lastBolusTime":1703612583949,"time":"2023-12-26T19:58:03.356Z"}},{"iob":0.159,"basaliob":-0.106,"bolussnooze":5.0E-4,"activity":0.0041,"lastBolusTime":1703612583949,"time":"2023-12-26T20:03:03.356Z","iobWithZeroTemp":{"iob":-0.092,"basaliob":-0.357,"bolussnooze":5.0E-4,"activity":0.0023,"lastBolusTime":1703612583949,"time":"2023-12-26T20:03:03.356Z"}},{"iob":0.14,"basaliob":-0.098,"bolussnooze":2.0E-4,"activity":0.0036,"lastBolusTime":1703612583949,"time":"2023-12-26T20:08:03.356Z","iobWithZeroTemp":{"iob":-0.13,"basaliob":-0.368,"bolussnooze":2.0E-4,"activity":0.0015,"lastBolusTime":1703612583949,"time":"2023-12-26T20:08:03.356Z"}},{"iob":0.123,"basaliob":-0.09,"bolussnooze":0,"activity":0.0032,"lastBolusTime":1703612583949,"time":"2023-12-26T20:13:03.356Z","iobWithZeroTemp":{"iob":-0.166,"basaliob":-0.379,"bolussnooze":0,"activity":9.0E-4,"lastBolusTime":1703612583949,"time":"2023-12-26T20:13:03.356Z"}},{"iob":0.107,"basaliob":-0.083,"bolussnooze":0,"activity":0.0029,"lastBolusTime":1703612583949,"time":"2023-12-26T20:18:03.356Z","iobWithZeroTemp":{"iob":-0.199,"basaliob":-0.389,"bolussnooze":0,"activity":4.0E-4,"lastBolusTime":1703612583949,"time":"2023-12-26T20:18:03.356Z"}},{"iob":0.094,"basaliob":-0.076,"bolussnooze":0,"activity":0.0026,"lastBolusTime":1703612583949,"time":"2023-12-26T20:23:03.356Z","iobWithZeroTemp":{"iob":-0.228,"basaliob":-0.398,"bolussnooze":0,"activity":-2.0E-4,"lastBolusTime":1703612583949,"time":"2023-12-26T20:23:03.356Z"}},{"iob":0.081,"basaliob":-0.07,"bolussnooze":0,"activity":0.0023,"lastBolusTime":1703612583949,"time":"2023-12-26T20:28:03.356Z","iobWithZeroTemp":{"iob":-0.255,"basaliob":-0.406,"bolussnooze":0,"activity":-7.0E-4,"lastBolusTime":1703612583949,"time":"2023-12-26T20:28:03.356Z"}},{"iob":0.07,"basaliob":-0.064,"bolussnooze":0,"activity":0.0021,"lastBolusTime":1703612583949,"time":"2023-12-26T20:33:03.356Z","iobWithZeroTemp":{"iob":-0.28,"basaliob":-0.414,"bolussnooze":0,"activity":-0.0011,"lastBolusTime":1703612583949,"time":"2023-12-26T20:33:03.356Z"}},{"iob":0.06,"basaliob":-0.059,"bolussnooze":0,"activity":0.0018,"lastBolusTime":1703612583949,"time":"2023-12-26T20:38:03.356Z","iobWithZeroTemp":{"iob":-0.303,"basaliob":-0.422,"bolussnooze":0,"activity":-0.0016,"lastBolusTime":1703612583949,"time":"2023-12-26T20:38:03.356Z"}},{"iob":0.052,"basaliob":-0.053,"bolussnooze":0,"activity":0.0016,"lastBolusTime":1703612583949,"time":"2023-12-26T20:43:03.356Z","iobWithZeroTemp":{"iob":-0.323,"basaliob":-0.428,"bolussnooze":0,"activity":-0.002,"lastBolusTime":1703612583949,"time":"2023-12-26T20:43:03.356Z"}},{"iob":0.044,"basaliob":-0.049,"bolussnooze":0,"activity":0.0014,"lastBolusTime":1703612583949,"time":"2023-12-26T20:48:03.356Z","iobWithZeroTemp":{"iob":-0.341,"basaliob":-0.434,"bolussnooze":0,"activity":-0.0024,"lastBolusTime":1703612583949,"time":"2023-12-26T20:48:03.356Z"}},{"iob":0.038,"basaliob":-0.044,"bolussnooze":0,"activity":0.0013,"lastBolusTime":1703612583949,"time":"2023-12-26T20:53:03.356Z","iobWithZeroTemp":{"iob":-0.357,"basaliob":-0.439,"bolussnooze":0,"activity":-0.0026,"lastBolusTime":1703612583949,"time":"2023-12-26T20:53:03.356Z"}},{"iob":0.032,"basaliob":-0.04,"bolussnooze":0,"activity":0.0011,"lastBolusTime":1703612583949,"time":"2023-12-26T20:58:03.356Z","iobWithZeroTemp":{"iob":-0.373,"basaliob":-0.445,"bolussnooze":0,"activity":-0.003,"lastBolusTime":1703612583949,"time":"2023-12-26T20:58:03.356Z"}},{"iob":0.026,"basaliob":-0.037,"bolussnooze":0,"activity":0.001,"lastBolusTime":1703612583949,"time":"2023-12-26T21:03:03.356Z","iobWithZeroTemp":{"iob":-0.383,"basaliob":-0.446,"bolussnooze":0,"activity":-0.0032,"lastBolusTime":1703612583949,"time":"2023-12-26T21:03:03.356Z"}},{"iob":0.022,"basaliob":-0.033,"bolussnooze":0,"activity":8.0E-4,"lastBolusTime":1703612583949,"time":"2023-12-26T21:08:03.356Z","iobWithZeroTemp":{"iob":-0.391,"basaliob":-0.446,"bolussnooze":0,"activity":-0.0035,"lastBolusTime":1703612583949,"time":"2023-12-26T21:08:03.356Z"}},{"iob":0.018,"basaliob":-0.03,"bolussnooze":0,"activity":7.0E-4,"lastBolusTime":1703612583949,"time":"2023-12-26T21:13:03.356Z","iobWithZeroTemp":{"iob":-0.398,"basaliob":-0.446,"bolussnooze":0,"activity":-0.0038,"lastBolusTime":1703612583949,"time":"2023-12-26T21:13:03.356Z"}},{"iob":0.015,"basaliob":-0.027,"bolussnooze":0,"activity":6.0E-4,"lastBolusTime":1703612583949,"time":"2023-12-26T21:18:03.356Z","iobWithZeroTemp":{"iob":-0.403,"basaliob":-0.445,"bolussnooze":0,"activity":-0.0039,"lastBolusTime":1703612583949,"time":"2023-12-26T21:18:03.356Z"}},{"iob":0.012,"basaliob":-0.024,"bolussnooze":0,"activity":6.0E-4,"lastBolusTime":1703612583949,"time":"2023-12-26T21:23:03.356Z","iobWithZeroTemp":{"iob":-0.408,"basaliob":-0.444,"bolussnooze":0,"activity":-0.004,"lastBolusTime":1703612583949,"time":"2023-12-26T21:23:03.356Z"}},{"iob":0.009,"basaliob":-0.022,"bolussnooze":0,"activity":4.0E-4,"lastBolusTime":1703612583949,"time":"2023-12-26T21:28:03.356Z","iobWithZeroTemp":{"iob":-0.413,"basaliob":-0.444,"bolussnooze":0,"activity":-0.0043,"lastBolusTime":1703612583949,"time":"2023-12-26T21:28:03.356Z"}},{"iob":0.007,"basaliob":-0.02,"bolussnooze":0,"activity":4.0E-4,"lastBolusTime":1703612583949,"time":"2023-12-26T21:33:03.356Z","iobWithZeroTemp":{"iob":-0.416,"basaliob":-0.443,"bolussnooze":0,"activity":-0.0044,"lastBolusTime":1703612583949,"time":"2023-12-26T21:33:03.356Z"}},{"iob":0.005,"basaliob":-0.018,"bolussnooze":0,"activity":3.0E-4,"lastBolusTime":1703612583949,"time":"2023-12-26T21:38:03.356Z","iobWithZeroTemp":{"iob":-0.419,"basaliob":-0.442,"bolussnooze":0,"activity":-0.0045,"lastBolusTime":1703612583949,"time":"2023-12-26T21:38:03.356Z"}},{"iob":0.003,"basaliob":-0.016,"bolussnooze":0,"activity":2.0E-4,"lastBolusTime":1703612583949,"time":"2023-12-26T21:43:03.356Z","iobWithZeroTemp":{"iob":-0.422,"basaliob":-0.441,"bolussnooze":0,"activity":-0.0047,"lastBolusTime":1703612583949,"time":"2023-12-26T21:43:03.356Z"}},{"iob":0.002,"basaliob":-0.014,"bolussnooze":0,"activity":3.0E-4,"lastBolusTime":1703612583949,"time":"2023-12-26T21:48:03.356Z","iobWithZeroTemp":{"iob":-0.424,"basaliob":-0.44,"bolussnooze":0,"activity":-0.0046,"lastBolusTime":1703612583949,"time":"2023-12-26T21:48:03.356Z"}},{"iob":0.001,"basaliob":-0.013,"bolussnooze":0,"activity":2.0E-4,"lastBolusTime":1703612583949,"time":"2023-12-26T21:53:03.356Z","iobWithZeroTemp":{"iob":-0.425,"basaliob":-0.439,"bolussnooze":0,"activity":-0.0047,"lastBolusTime":1703612583949,"time":"2023-12-26T21:53:03.356Z"}},{"iob":0,"basaliob":-0.011,"bolussnooze":0,"activity":1.0E-4,"lastBolusTime":1703612583949,"time":"2023-12-26T21:58:03.356Z","iobWithZeroTemp":{"iob":-0.427,"basaliob":-0.438,"bolussnooze":0,"activity":-0.0049,"lastBolusTime":1703612583949,"time":"2023-12-26T21:58:03.356Z"}},{"iob":-0.001,"basaliob":-0.01,"bolussnooze":0,"activity":2.0E-4,"lastBolusTime":1703612583949,"time":"2023-12-26T22:03:03.356Z","iobWithZeroTemp":{"iob":-0.424,"basaliob":-0.433,"bolussnooze":0,"activity":-0.0048,"lastBolusTime":1703612583949,"time":"2023-12-26T22:03:03.356Z"}},{"iob":-0.001,"basaliob":-0.009,"bolussnooze":0,"activity":1.0E-4,"lastBolusTime":1703612583949,"time":"2023-12-26T22:08:03.356Z","iobWithZeroTemp":{"iob":-0.42,"basaliob":-0.428,"bolussnooze":0,"activity":-0.0049,"lastBolusTime":1703612583949,"time":"2023-12-26T22:08:03.356Z"}},{"iob":-0.002,"basaliob":-0.008,"bolussnooze":0,"activity":1.0E-4,"lastBolusTime":1703612583949,"time":"2023-12-26T22:13:03.356Z","iobWithZeroTemp":{"iob":-0.417,"basaliob":-0.423,"bolussnooze":0,"activity":-0.0049,"lastBolusTime":1703612583949,"time":"2023-12-26T22:13:03.356Z"}},{"iob":-0.002,"basaliob":-0.007,"bolussnooze":0,"activity":0,"lastBolusTime":1703612583949,"time":"2023-12-26T22:18:03.356Z","iobWithZeroTemp":{"iob":-0.413,"basaliob":-0.418,"bolussnooze":0,"activity":-0.005,"lastBolusTime":1703612583949,"time":"2023-12-26T22:18:03.356Z"}},{"iob":-0.002,"basaliob":-0.006,"bolussnooze":0,"activity":0,"lastBolusTime":1703612583949,"time":"2023-12-26T22:23:03.356Z","iobWithZeroTemp":{"iob":-0.409,"basaliob":-0.413,"bolussnooze":0,"activity":-0.0049,"lastBolusTime":1703612583949,"time":"2023-12-26T22:23:03.356Z"}},{"iob":-0.002,"basaliob":-0.005,"bolussnooze":0,"activity":1.0E-4,"lastBolusTime":1703612583949,"time":"2023-12-26T22:28:03.356Z","iobWithZeroTemp":{"iob":-0.405,"basaliob":-0.408,"bolussnooze":0,"activity":-0.0048,"lastBolusTime":1703612583949,"time":"2023-12-26T22:28:03.356Z"}},{"iob":-0.003,"basaliob":-0.005,"bolussnooze":0,"activity":0,"lastBolusTime":1703612583949,"time":"2023-12-26T22:33:03.356Z","iobWithZeroTemp":{"iob":-0.403,"basaliob":-0.405,"bolussnooze":0,"activity":-0.0049,"lastBolusTime":1703612583949,"time":"2023-12-26T22:33:03.356Z"}},{"iob":-0.002,"basaliob":-0.004,"bolussnooze":0,"activity":0,"lastBolusTime":1703612583949,"time":"2023-12-26T22:38:03.356Z","iobWithZeroTemp":{"iob":-0.398,"basaliob":-0.4,"bolussnooze":0,"activity":-0.0049,"lastBolusTime":1703612583949,"time":"2023-12-26T22:38:03.356Z"}},{"iob":-0.003,"basaliob":-0.004,"bolussnooze":0,"activity":0,"lastBolusTime":1703612583949,"time":"2023-12-26T22:43:03.356Z","iobWithZeroTemp":{"iob":-0.396,"basaliob":-0.397,"bolussnooze":0,"activity":-0.0048,"lastBolusTime":1703612583949,"time":"2023-12-26T22:43:03.356Z"}},{"iob":-0.002,"basaliob":-0.003,"bolussnooze":0,"activity":0,"lastBolusTime":1703612583949,"time":"2023-12-26T22:48:03.356Z","iobWithZeroTemp":{"iob":-0.392,"basaliob":-0.393,"bolussnooze":0,"activity":-0.0048,"lastBolusTime":1703612583949,"time":"2023-12-26T22:48:03.356Z"}},{"iob":-0.002,"basaliob":-0.003,"bolussnooze":0,"activity":0,"lastBolusTime":1703612583949,"time":"2023-12-26T22:53:03.356Z","iobWithZeroTemp":{"iob":-0.389,"basaliob":-0.39,"bolussnooze":0,"activity":-0.0048,"lastBolusTime":1703612583949,"time":"2023-12-26T22:53:03.356Z"}},{"iob":-0.002,"basaliob":-0.002,"bolussnooze":0,"activity":-1.0E-4,"lastBolusTime":1703612583949,"time":"2023-12-26T22:58:03.356Z","iobWithZeroTemp":{"iob":-0.386,"basaliob":-0.386,"bolussnooze":0,"activity":-0.0048,"lastBolusTime":1703612583949,"time":"2023-12-26T22:58:03.356Z"}},{"iob":-0.002,"basaliob":-0.002,"bolussnooze":0,"activity":-1.0E-4,"lastBolusTime":1703612583949,"time":"2023-12-26T23:03:03.356Z","iobWithZeroTemp":{"iob":-0.383,"basaliob":-0.383,"bolussnooze":0,"activity":-0.0048,"lastBolusTime":1703612583949,"time":"2023-12-26T23:03:03.356Z"}},{"iob":-0.002,"basaliob":-0.002,"bolussnooze":0,"activity":-1.0E-4,"lastBolusTime":1703612583949,"time":"2023-12-26T23:08:03.356Z","iobWithZeroTemp":{"iob":-0.381,"basaliob":-0.381,"bolussnooze":0,"activity":-0.0048,"lastBolusTime":1703612583949,"time":"2023-12-26T23:08:03.356Z"}}],"profile":{"max_iob":10,"type":"current","max_daily_basal":0.35,"max_basal":1.05,"min_bg":90,"max_bg":90,"target_bg":90,"carb_ratio":8.2,"sens":110,"max_daily_safety_multiplier":3,"current_basal_safety_multiplier":4,"lgsThreshold":95,"high_temptarget_raises_sensitivity":true,"low_temptarget_lowers_sensitivity":true,"sensitivity_raises_target":true,"resistance_lowers_target":true,"adv_target_adjustments":false,"exercise_mode":false,"half_basal_exercise_target":160,"maxCOB":120,"skip_neutral_temps":false,"remainingCarbsCap":90,"enableUAM":true,"A52_risk_enable":false,"SMBInterval":3,"enableSMB_with_COB":true,"enableSMB_with_temptarget":true,"allowSMB_with_high_temptarget":false,"enableSMB_always":false,"enableSMB_after_carbs":true,"maxSMBBasalMinutes":30,"maxUAMSMBBasalMinutes":40,"bolus_increment":0.05,"carbsReqThreshold":4,"current_basal":0.35,"temptargetSet":false,"autosens_max":1.3,"autosens_min":0.7,"variable_sens":132.1,"insulinDivisor":75,"TDD":16.079685773809526},"autosens_data":{"ratio":1.0834038796248622},"meal_data":{"carbs":25,"mealCOB":3.8782909090909095,"slopeFromMaxDeviation":-1.5602000000000003,"slopeFromMinDeviation":0.09299999999999997,"lastBolusTime":1703612583949,"lastCarbTime":1703611048486},"microBolusAllowed":true,"currentTime":1703617984701,"flatBGsDetected":false,"tdd1D":15.68566666666667,"tdd7D":15.075095238095239,"tddLast24H":16.332416666666667,"tddLast4H":3.1125000000000007,"tddLast8to4H":7.241666666666667},"output":{"temp":"absolute","bg":100,"tick":-1,"eventualBG":86,"targetBG":88,"insulinReq":0,"deliverAt":"2023-12-26T19:13:04.701Z","sensitivityRatio":1.0834038796248622,"variable_sens":132.1,"predBGs":{"IOB":[100,98,97,95,93,92,90,88,86,84,82,79,77,74,72,70,68,66,64,63,61,60,59,58,57,57,56,55,55,55,54,54,54,54,54,53],"ZT":[100,92,85,78,72,65,60,55,50,46,42,39,39,39,39,39,39,39,41,43,46,49,52,56,59,63,67,70,74,77,81,84,88],"COB":[100,98,97,96,96,96,95,95,95,95,96,96,96,96,96,95,95,94,94,93,92,91,90,90,89,89,88,88,88,87,87,87,87,87,87,87,86],"UAM":[100,97,93,89,83,77,71,66,61,56,52,47,43,39]},"reason":"COB: 3.9, Dev: 38, BGI: -8, ISF: 132, CR: 8.2, Target: 88, minPredBG 36, minGuardBG 20, IOBpredBG 53, COBpredBG 86, UAMpredBG 39; minGuardBG 20<95 105m left and 0 ~ req 0U\/hr: no temp required","COB":3.8782909090909095,"IOB":0.522,"timestamp":"2023-12-26T19:13:04.729Z"}}