{"algorithm":"OpenAPSSMBDynamicISFPlugin","input":{"glucoseStatus":{"glucose":138,"noise":0,"delta":-12.5,"short_avgdelta":-12.5,"long_avgdelta":-5.27,"date":1703529157000},"currenttemp":{"temp":"absolute","duration":100,"rate":0,"minutesrunning":20},"iob_data":[{"iob":3.091,"basaliob":0.095,"bolussnooze":2.5209,"activity":0.0098,"lastBolusTime":1703529095343,"time":"2023-12-25T18:33:13.526Z","iobWithZeroTemp":{"iob":3.091,"basaliob":0.095,"bolussnooze":2.5209,"activity":0.0098,"lastBolusTime":1703529095343,"time":"2023-12-25T18:33:13.526Z"}},{"iob":3.029,"basaliob":0.091,"bolussnooze":2.4135,"activity":0.015,"lastBolusTime":1703529095343,"time":"2023-12-25T18:38:13.526Z","iobWithZeroTemp":{"iob":3.02,"basaliob":0.082,"bolussnooze":2.4135,"activity":0.015,"lastBolusTime":1703529095343,"time":"2023-12-25T18:38:13.526Z"}},{"iob":2.944,"basaliob":0.086,"bolussnooze":2.2443,"activity":0.0189,"lastBolusTime":1703529095343,"time":"2023-12-25T18:43:13.526Z","iobWithZeroTemp":{"iob":2.925,"basaliob":0.067,"bolussnooze":2.2443,"activity":0.0189,"lastBolusTime":1703529095343,"time":"2023-12-25T18:43:13.526Z"}},{"iob":2.842,"basaliob":0.081,"bolussnooze":2.042,"activity":0.0219,"lastBolusTime":1703529095343,"time":"2023-12-25T18:48:13.526Z","iobWithZeroTemp":{"iob":2.812,"basaliob":0.051,"bolussnooze":2.042,"activity":0.0218,"lastBolusTime":1703529095343,"time":"2023-12-25T18:48:13.526Z"}},{"iob":2.726,"basaliob":0.076,"bolussnooze":1.8266,"activity":0.024,"lastBolusTime":1703529095343,"time":"2023-12-25T18:53:13.526Z","iobWithZeroTemp":{"iob":2.686,"basaliob":0.036,"bolussnooze":1.8266,"activity":0.0238,"lastBolusTime":1703529095343,"time":"2023-12-25T18:53:13.526Z"}},{"iob":2.602,"basaliob":0.071,"bolussnooze":1.6115,"activity":0.0254,"lastBolusTime":1703529095343,"time":"2023-12-25T18:58:13.526Z","iobWithZeroTemp":{"iob":2.552,"basaliob":0.021,"bolussnooze":1.6115,"activity":0.0252,"lastBolusTime":1703529095343,"time":"2023-12-25T18:58:13.526Z"}},{"iob":2.474,"basaliob":0.067,"bolussnooze":1.4052,"activity":0.0263,"lastBolusTime":1703529095343,"time":"2023-12-25T19:03:13.526Z","iobWithZeroTemp":{"iob":2.401,"basaliob":-0.006,"bolussnooze":1.4052,"activity":0.026,"lastBolusTime":1703529095343,"time":"2023-12-25T19:03:13.526Z"}},{"iob":2.341,"basaliob":0.062,"bolussnooze":1.2132,"activity":0.0267,"lastBolusTime":1703529095343,"time":"2023-12-25T19:08:13.526Z","iobWithZeroTemp":{"iob":2.246,"basaliob":-0.033,"bolussnooze":1.2132,"activity":0.0262,"lastBolusTime":1703529095343,"time":"2023-12-25T19:08:13.526Z"}},{"iob":2.207,"basaliob":0.058,"bolussnooze":1.0382,"activity":0.0268,"lastBolusTime":1703529095343,"time":"2023-12-25T19:13:13.526Z","iobWithZeroTemp":{"iob":2.09,"basaliob":-0.059,"bolussnooze":1.0382,"activity":0.0262,"lastBolusTime":1703529095343,"time":"2023-12-25T19:13:13.526Z"}},{"iob":2.075,"basaliob":0.054,"bolussnooze":0.8815,"activity":0.0264,"lastBolusTime":1703529095343,"time":"2023-12-25T19:18:13.526Z","iobWithZeroTemp":{"iob":1.937,"basaliob":-0.084,"bolussnooze":0.8815,"activity":0.0256,"lastBolusTime":1703529095343,"time":"2023-12-25T19:18:13.526Z"}},{"iob":1.944,"basaliob":0.05,"bolussnooze":0.7429,"activity":0.0259,"lastBolusTime":1703529095343,"time":"2023-12-25T19:23:13.526Z","iobWithZeroTemp":{"iob":1.786,"basaliob":-0.108,"bolussnooze":0.7429,"activity":0.0249,"lastBolusTime":1703529095343,"time":"2023-12-25T19:23:13.526Z"}},{"iob":1.816,"basaliob":0.046,"bolussnooze":0.6218,"activity":0.0251,"lastBolusTime":1703529095343,"time":"2023-12-25T19:28:13.526Z","iobWithZeroTemp":{"iob":1.639,"basaliob":-0.131,"bolussnooze":0.6218,"activity":0.0239,"lastBolusTime":1703529095343,"time":"2023-12-25T19:28:13.526Z"}},{"iob":1.691,"basaliob":0.042,"bolussnooze":0.5171,"activity":0.0243,"lastBolusTime":1703529095343,"time":"2023-12-25T19:33:13.526Z","iobWithZeroTemp":{"iob":1.495,"basaliob":-0.154,"bolussnooze":0.5171,"activity":0.0229,"lastBolusTime":1703529095343,"time":"2023-12-25T19:33:13.526Z"}},{"iob":1.573,"basaliob":0.039,"bolussnooze":0.4273,"activity":0.0234,"lastBolusTime":1703529095343,"time":"2023-12-25T19:38:13.526Z","iobWithZeroTemp":{"iob":1.36,"basaliob":-0.174,"bolussnooze":0.4273,"activity":0.0218,"lastBolusTime":1703529095343,"time":"2023-12-25T19:38:13.526Z"}},{"iob":1.459,"basaliob":0.036,"bolussnooze":0.3508,"activity":0.0223,"lastBolusTime":1703529095343,"time":"2023-12-25T19:43:13.526Z","iobWithZeroTemp":{"iob":1.23,"basaliob":-0.193,"bolussnooze":0.3508,"activity":0.0205,"lastBolusTime":1703529095343,"time":"2023-12-25T19:43:13.526Z"}},{"iob":1.35,"basaliob":0.033,"bolussnooze":0.2863,"activity":0.0212,"lastBolusTime":1703529095343,"time":"2023-12-25T19:48:13.526Z","iobWithZeroTemp":{"iob":1.106,"basaliob":-0.211,"bolussnooze":0.2863,"activity":0.0192,"lastBolusTime":1703529095343,"time":"2023-12-25T19:48:13.526Z"}},{"iob":1.247,"basaliob":0.03,"bolussnooze":0.232,"activity":0.02,"lastBolusTime":1703529095343,"time":"2023-12-25T19:53:13.526Z","iobWithZeroTemp":{"iob":0.988,"basaliob":-0.229,"bolussnooze":0.232,"activity":0.0178,"lastBolusTime":1703529095343,"time":"2023-12-25T19:53:13.526Z"}},{"iob":1.15,"basaliob":0.028,"bolussnooze":0.1869,"activity":0.0189,"lastBolusTime":1703529095343,"time":"2023-12-25T19:58:13.526Z","iobWithZeroTemp":{"iob":0.878,"basaliob":-0.244,"bolussnooze":0.1869,"activity":0.0165,"lastBolusTime":1703529095343,"time":"2023-12-25T19:58:13.526Z"}},{"iob":1.057,"basaliob":0.025,"bolussnooze":0.1494,"activity":0.0178,"lastBolusTime":1703529095343,"time":"2023-12-25T20:03:13.526Z","iobWithZeroTemp":{"iob":0.769,"basaliob":-0.263,"bolussnooze":0.1494,"activity":0.0153,"lastBolusTime":1703529095343,"time":"2023-12-25T20:03:13.526Z"}},{"iob":0.971,"basaliob":0.023,"bolussnooze":0.1186,"activity":0.0167,"lastBolusTime":1703529095343,"time":"2023-12-25T20:08:13.526Z","iobWithZeroTemp":{"iob":0.668,"basaliob":-0.28,"bolussnooze":0.1186,"activity":0.014,"lastBolusTime":1703529095343,"time":"2023-12-25T20:08:13.526Z"}},{"iob":0.89,"basaliob":0.021,"bolussnooze":0.0933,"activity":0.0156,"lastBolusTime":1703529095343,"time":"2023-12-25T20:13:13.526Z","iobWithZeroTemp":{"iob":0.572,"basaliob":-0.297,"bolussnooze":0.0933,"activity":0.0127,"lastBolusTime":1703529095343,"time":"2023-12-25T20:13:13.526Z"}},{"iob":0.815,"basaliob":0.019,"bolussnooze":0.0728,"activity":0.0146,"lastBolusTime":1703529095343,"time":"2023-12-25T20:18:13.526Z","iobWithZeroTemp":{"iob":0.484,"basaliob":-0.312,"bolussnooze":0.0728,"activity":0.0115,"lastBolusTime":1703529095343,"time":"2023-12-25T20:18:13.526Z"}},{"iob":0.744,"basaliob":0.017,"bolussnooze":0.0562,"activity":0.0135,"lastBolusTime":1703529095343,"time":"2023-12-25T20:23:13.526Z","iobWithZeroTemp":{"iob":0.4,"basaliob":-0.327,"bolussnooze":0.0562,"activity":0.0102,"lastBolusTime":1703529095343,"time":"2023-12-25T20:23:13.526Z"}},{"iob":0.68,"basaliob":0.016,"bolussnooze":0.043,"activity":0.0126,"lastBolusTime":1703529095343,"time":"2023-12-25T20:28:13.526Z","iobWithZeroTemp":{"iob":0.325,"basaliob":-0.339,"bolussnooze":0.043,"activity":0.0092,"lastBolusTime":1703529095343,"time":"2023-12-25T20:28:13.526Z"}},{"iob":0.619,"basaliob":0.014,"bolussnooze":0.0324,"activity":0.0117,"lastBolusTime":1703529095343,"time":"2023-12-25T20:33:13.526Z","iobWithZeroTemp":{"iob":0.253,"basaliob":-0.352,"bolussnooze":0.0324,"activity":0.0081,"lastBolusTime":1703529095343,"time":"2023-12-25T20:33:13.526Z"}},{"iob":0.563,"basaliob":0.013,"bolussnooze":0.0241,"activity":0.0108,"lastBolusTime":1703529095343,"time":"2023-12-25T20:38:13.526Z","iobWithZeroTemp":{"iob":0.187,"basaliob":-0.363,"bolussnooze":0.0241,"activity":0.0071,"lastBolusTime":1703529095343,"time":"2023-12-25T20:38:13.526Z"}},{"iob":0.51,"basaliob":0.011,"bolussnooze":0.0176,"activity":0.0099,"lastBolusTime":1703529095343,"time":"2023-12-25T20:43:13.526Z","iobWithZeroTemp":{"iob":0.125,"basaliob":-0.374,"bolussnooze":0.0176,"activity":0.006,"lastBolusTime":1703529095343,"time":"2023-12-25T20:43:13.526Z"}},{"iob":0.463,"basaliob":0.01,"bolussnooze":0.0126,"activity":0.0091,"lastBolusTime":1703529095343,"time":"2023-12-25T20:48:13.526Z","iobWithZeroTemp":{"iob":0.069,"basaliob":-0.384,"bolussnooze":0.0126,"activity":0.0051,"lastBolusTime":1703529095343,"time":"2023-12-25T20:48:13.526Z"}},{"iob":0.419,"basaliob":0.009,"bolussnooze":0.0088,"activity":0.0084,"lastBolusTime":1703529095343,"time":"2023-12-25T20:53:13.526Z","iobWithZeroTemp":{"iob":0.017,"basaliob":-0.393,"bolussnooze":0.0088,"activity":0.0042,"lastBolusTime":1703529095343,"time":"2023-12-25T20:53:13.526Z"}},{"iob":0.378,"basaliob":0.008,"bolussnooze":0.0059,"activity":0.0078,"lastBolusTime":1703529095343,"time":"2023-12-25T20:58:13.526Z","iobWithZeroTemp":{"iob":-0.031,"basaliob":-0.401,"bolussnooze":0.0059,"activity":0.0035,"lastBolusTime":1703529095343,"time":"2023-12-25T20:58:13.526Z"}},{"iob":0.341,"basaliob":0.007,"bolussnooze":0.0038,"activity":0.0071,"lastBolusTime":1703529095343,"time":"2023-12-25T21:03:13.526Z","iobWithZeroTemp":{"iob":-0.071,"basaliob":-0.405,"bolussnooze":0.0038,"activity":0.0027,"lastBolusTime":1703529095343,"time":"2023-12-25T21:03:13.526Z"}},{"iob":0.308,"basaliob":0.007,"bolussnooze":0.0023,"activity":0.0065,"lastBolusTime":1703529095343,"time":"2023-12-25T21:08:13.526Z","iobWithZeroTemp":{"iob":-0.106,"basaliob":-0.407,"bolussnooze":0.0023,"activity":0.002,"lastBolusTime":1703529095343,"time":"2023-12-25T21:08:13.526Z"}},{"iob":0.277,"basaliob":0.006,"bolussnooze":0.0013,"activity":0.0059,"lastBolusTime":1703529095343,"time":"2023-12-25T21:13:13.526Z","iobWithZeroTemp":{"iob":-0.139,"basaliob":-0.41,"bolussnooze":0.0013,"activity":0.0013,"lastBolusTime":1703529095343,"time":"2023-12-25T21:13:13.526Z"}},{"iob":0.248,"basaliob":0.005,"bolussnooze":6.0E-4,"activity":0.0054,"lastBolusTime":1703529095343,"time":"2023-12-25T21:18:13.526Z","iobWithZeroTemp":{"iob":-0.169,"basaliob":-0.412,"bolussnooze":6.0E-4,"activity":8.0E-4,"lastBolusTime":1703529095343,"time":"2023-12-25T21:18:13.526Z"}},{"iob":0.223,"basaliob":0.005,"bolussnooze":2.0E-4,"activity":0.0049,"lastBolusTime":1703529095343,"time":"2023-12-25T21:23:13.526Z","iobWithZeroTemp":{"iob":-0.195,"basaliob":-0.413,"bolussnooze":2.0E-4,"activity":2.0E-4,"lastBolusTime":1703529095343,"time":"2023-12-25T21:23:13.526Z"}},{"iob":0.199,"basaliob":0.004,"bolussnooze":0,"activity":0.0045,"lastBolusTime":1703529095343,"time":"2023-12-25T21:28:13.526Z","iobWithZeroTemp":{"iob":-0.22,"basaliob":-0.415,"bolussnooze":0,"activity":-3.0E-4,"lastBolusTime":1703529095343,"time":"2023-12-25T21:28:13.526Z"}},{"iob":0.178,"basaliob":0.004,"bolussnooze":0,"activity":0.0041,"lastBolusTime":1703529095343,"time":"2023-12-25T21:33:13.526Z","iobWithZeroTemp":{"iob":-0.242,"basaliob":-0.416,"bolussnooze":0,"activity":-7.0E-4,"lastBolusTime":1703529095343,"time":"2023-12-25T21:33:13.526Z"}},{"iob":0.158,"basaliob":0.003,"bolussnooze":0,"activity":0.0037,"lastBolusTime":1703529095343,"time":"2023-12-25T21:38:13.526Z","iobWithZeroTemp":{"iob":-0.262,"basaliob":-0.417,"bolussnooze":0,"activity":-0.0011,"lastBolusTime":1703529095343,"time":"2023-12-25T21:38:13.526Z"}},{"iob":0.141,"basaliob":0.003,"bolussnooze":0,"activity":0.0034,"lastBolusTime":1703529095343,"time":"2023-12-25T21:43:13.526Z","iobWithZeroTemp":{"iob":-0.279,"basaliob":-0.417,"bolussnooze":0,"activity":-0.0015,"lastBolusTime":1703529095343,"time":"2023-12-25T21:43:13.526Z"}},{"iob":0.125,"basaliob":0.002,"bolussnooze":0,"activity":0.003,"lastBolusTime":1703529095343,"time":"2023-12-25T21:48:13.526Z","iobWithZeroTemp":{"iob":-0.295,"basaliob":-0.418,"bolussnooze":0,"activity":-0.0019,"lastBolusTime":1703529095343,"time":"2023-12-25T21:48:13.526Z"}},{"iob":0.111,"basaliob":0.002,"bolussnooze":0,"activity":0.0028,"lastBolusTime":1703529095343,"time":"2023-12-25T21:53:13.526Z","iobWithZeroTemp":{"iob":-0.309,"basaliob":-0.418,"bolussnooze":0,"activity":-0.0021,"lastBolusTime":1703529095343,"time":"2023-12-25T21:53:13.526Z"}},{"iob":0.098,"basaliob":0.002,"bolussnooze":0,"activity":0.0025,"lastBolusTime":1703529095343,"time":"2023-12-25T21:58:13.526Z","iobWithZeroTemp":{"iob":-0.322,"basaliob":-0.418,"bolussnooze":0,"activity":-0.0024,"lastBolusTime":1703529095343,"time":"2023-12-25T21:58:13.526Z"}},{"iob":0.087,"basaliob":0.002,"bolussnooze":0,"activity":0.0021,"lastBolusTime":1703529095343,"time":"2023-12-25T22:03:13.526Z","iobWithZeroTemp":{"iob":-0.331,"basaliob":-0.416,"bolussnooze":0,"activity":-0.0028,"lastBolusTime":1703529095343,"time":"2023-12-25T22:03:13.526Z"}},{"iob":0.075,"basaliob":0.001,"bolussnooze":0,"activity":0.0019,"lastBolusTime":1703529095343,"time":"2023-12-25T22:08:13.526Z","iobWithZeroTemp":{"iob":-0.342,"basaliob":-0.416,"bolussnooze":0,"activity":-0.003,"lastBolusTime":1703529095343,"time":"2023-12-25T22:08:13.526Z"}},{"iob":0.066,"basaliob":0.001,"bolussnooze":0,"activity":0.0017,"lastBolusTime":1703529095343,"time":"2023-12-25T22:13:13.526Z","iobWithZeroTemp":{"iob":-0.349,"basaliob":-0.414,"bolussnooze":0,"activity":-0.0032,"lastBolusTime":1703529095343,"time":"2023-12-25T22:13:13.526Z"}},{"iob":0.058,"basaliob":0.001,"bolussnooze":0,"activity":0.0015,"lastBolusTime":1703529095343,"time":"2023-12-25T22:18:13.526Z","iobWithZeroTemp":{"iob":-0.355,"basaliob":-0.412,"bolussnooze":0,"activity":-0.0034,"lastBolusTime":1703529095343,"time":"2023-12-25T22:18:13.526Z"}},{"iob":0.051,"basaliob":0.001,"bolussnooze":0,"activity":0.0014,"lastBolusTime":1703529095343,"time":"2023-12-25T22:23:13.526Z","iobWithZeroTemp":{"iob":-0.36,"basaliob":-0.41,"bolussnooze":0,"activity":-0.0035,"lastBolusTime":1703529095343,"time":"2023-12-25T22:23:13.526Z"}},{"iob":0.044,"basaliob":0.001,"bolussnooze":0,"activity":0.0012,"lastBolusTime":1703529095343,"time":"2023-12-25T22:28:13.526Z","iobWithZeroTemp":{"iob":-0.366,"basaliob":-0.409,"bolussnooze":0,"activity":-0.0037,"lastBolusTime":1703529095343,"time":"2023-12-25T22:28:13.526Z"}}],"profile":{"max_iob":10,"type":"current","max_daily_basal":0.41,"max_basal":0.5,"min_bg":75,"max_bg":75,"target_bg":75,"carb_ratio":7.639,"sens":140.517,"max_daily_safety_multiplier":3,"current_basal_safety_multiplier":4,"lgsThreshold":95,"high_temptarget_raises_sensitivity":true,"low_temptarget_lowers_sensitivity":true,"sensitivity_raises_target":true,"resistance_lowers_target":true,"adv_target_adjustments":false,"exercise_mode":false,"half_basal_exercise_target":160,"maxCOB":120,"skip_neutral_temps":false,"remainingCarbsCap":90,"enableUAM":true,"A52_risk_enable":false,"SMBInterval":3,"enableSMB_with_COB":true,"enableSMB_with_temptarget":true,"allowSMB_with_high_temptarget":false,"enableSMB_always":false,"enableSMB_after_carbs":true,"maxSMBBasalMinutes":30,"maxUAMSMBBasalMinutes":40,"bolus_increment":0.05,"carbsReqThreshold":4,"current_basal":0.15,"temptargetSet":true,"autosens_max":1.3,"autosens_min":0.7,"variable_sens":106.2,"insulinDivisor":75,"TDD":16.235579011904758},"autosens_data":{"ratio":1.1983264321576461},"meal_data":{"carbs":20,"mealCOB":0,"slopeFromMaxDeviation":-1.782,"slopeFromMinDeviation":0,"lastBolusTime":1703529095343,"lastCarbTime":1703529089478},"microBolusAllowed":true,"currentTime":1703529194699,"flatBGsDetected":false,"tdd1D":15.581666666666663,"tdd7D":15.151547619047617,"tddLast24H":18.15650000000001,"tddLast4H":3.6658333333333335,"tddLast8to4H":6.273333333333333},"output":{"temp":"absolute","bg":138,"tick":-12,"eventualBG":-190,"targetBG":75,"insulinReq":0,"deliverAt":"2023-12-25T18:33:14.699Z","sensitivityRatio":1.3,"variable_sens":106.2,"predBGs":{"IOB":[138,126,112,95,75,51,39,39,39,39,39,39,39],"ZT":[138,133,125,114,101,85,67,44,39,39,39,39,39,39,39,39,39,39,39,39,39,39,39,39,39,39,39,39,39,39,39,39,39,39,39,39,39,39,39,39,39,39,39,39,39,39,39,39]},"reason":"COB: 0, Dev: 0, BGI: -5, ISF: 106, CR: 7.64, Target: 75, minPredBG -428, minGuardBG -650, IOBpredBG 39; 53 add'l carbs req w\/in 20m; minGuardBG -650<95","COB":0,"IOB":3.091,"carbsReq":53,"carbsReqWithin":20,"duration":120,"rate":0,"timestamp":"2023-12-25T18:33:14.708Z"}}