{"algorithm":"OpenAPSSMBDynamicISFPlugin","input":{"glucoseStatus":{"glucose":102,"noise":0,"delta":-3.5,"short_avgdelta":-3.5,"long_avgdelta":-4.5,"date":1703539058000},"currenttemp":{"temp":"absolute","duration":55,"rate":0,"minutesrunning":65},"iob_data":[{"iob":0.122,"basaliob":-0.28,"bolussnooze":6.0E-4,"activity":0.0052,"lastBolusTime":1703534590488,"time":"2023-12-25T21:17:59.750Z","iobWithZeroTemp":{"iob":0.122,"basaliob":-0.28,"bolussnooze":6.0E-4,"activity":0.0052,"lastBolusTime":1703534590488,"time":"2023-12-25T21:17:59.750Z"}},{"iob":0.098,"basaliob":-0.267,"bolussnooze":2.0E-4,"activity":0.0045,"lastBolusTime":1703534590488,"time":"2023-12-25T21:22:59.750Z","iobWithZeroTemp":{"iob":0.078,"basaliob":-0.287,"bolussnooze":2.0E-4,"activity":0.0045,"lastBolusTime":1703534590488,"time":"2023-12-25T21:22:59.750Z"}},{"iob":0.077,"basaliob":-0.254,"bolussnooze":0,"activity":0.0039,"lastBolusTime":1703534590488,"time":"2023-12-25T21:27:59.750Z","iobWithZeroTemp":{"iob":0.033,"basaliob":-0.298,"bolussnooze":0,"activity":0.0038,"lastBolusTime":1703534590488,"time":"2023-12-25T21:27:59.750Z"}},{"iob":0.059,"basaliob":-0.24,"bolussnooze":0,"activity":0.0033,"lastBolusTime":1703534590488,"time":"2023-12-25T21:32:59.750Z","iobWithZeroTemp":{"iob":-0.008,"basaliob":-0.307,"bolussnooze":0,"activity":0.0031,"lastBolusTime":1703534590488,"time":"2023-12-25T21:32:59.750Z"}},{"iob":0.043,"basaliob":-0.227,"bolussnooze":0,"activity":0.0028,"lastBolusTime":1703534590488,"time":"2023-12-25T21:37:59.750Z","iobWithZeroTemp":{"iob":-0.047,"basaliob":-0.317,"bolussnooze":0,"activity":0.0025,"lastBolusTime":1703534590488,"time":"2023-12-25T21:37:59.750Z"}},{"iob":0.031,"basaliob":-0.213,"bolussnooze":0,"activity":0.0024,"lastBolusTime":1703534590488,"time":"2023-12-25T21:42:59.750Z","iobWithZeroTemp":{"iob":-0.082,"basaliob":-0.326,"bolussnooze":0,"activity":0.0019,"lastBolusTime":1703534590488,"time":"2023-12-25T21:42:59.750Z"}},{"iob":0.019,"basaliob":-0.2,"bolussnooze":0,"activity":0.0019,"lastBolusTime":1703534590488,"time":"2023-12-25T21:47:59.750Z","iobWithZeroTemp":{"iob":-0.115,"basaliob":-0.334,"bolussnooze":0,"activity":0.0012,"lastBolusTime":1703534590488,"time":"2023-12-25T21:47:59.750Z"}},{"iob":0.011,"basaliob":-0.186,"bolussnooze":0,"activity":0.0016,"lastBolusTime":1703534590488,"time":"2023-12-25T21:52:59.750Z","iobWithZeroTemp":{"iob":-0.144,"basaliob":-0.341,"bolussnooze":0,"activity":7.0E-4,"lastBolusTime":1703534590488,"time":"2023-12-25T21:52:59.750Z"}},{"iob":0.003,"basaliob":-0.174,"bolussnooze":0,"activity":0.0014,"lastBolusTime":1703534590488,"time":"2023-12-25T21:57:59.750Z","iobWithZeroTemp":{"iob":-0.171,"basaliob":-0.348,"bolussnooze":0,"activity":3.0E-4,"lastBolusTime":1703534590488,"time":"2023-12-25T21:57:59.750Z"}},{"iob":-0.003,"basaliob":-0.161,"bolussnooze":0,"activity":0.0011,"lastBolusTime":1703534590488,"time":"2023-12-25T22:02:59.750Z","iobWithZeroTemp":{"iob":-0.194,"basaliob":-0.352,"bolussnooze":0,"activity":-2.0E-4,"lastBolusTime":1703534590488,"time":"2023-12-25T22:02:59.750Z"}},{"iob":-0.009,"basaliob":-0.15,"bolussnooze":0,"activity":9.0E-4,"lastBolusTime":1703534590488,"time":"2023-12-25T22:07:59.750Z","iobWithZeroTemp":{"iob":-0.216,"basaliob":-0.357,"bolussnooze":0,"activity":-6.0E-4,"lastBolusTime":1703534590488,"time":"2023-12-25T22:07:59.750Z"}},{"iob":-0.012,"basaliob":-0.138,"bolussnooze":0,"activity":7.0E-4,"lastBolusTime":1703534590488,"time":"2023-12-25T22:12:59.750Z","iobWithZeroTemp":{"iob":-0.234,"basaliob":-0.36,"bolussnooze":0,"activity":-0.001,"lastBolusTime":1703534590488,"time":"2023-12-25T22:12:59.750Z"}},{"iob":-0.016,"basaliob":-0.128,"bolussnooze":0,"activity":5.0E-4,"lastBolusTime":1703534590488,"time":"2023-12-25T22:17:59.750Z","iobWithZeroTemp":{"iob":-0.252,"basaliob":-0.364,"bolussnooze":0,"activity":-0.0014,"lastBolusTime":1703534590488,"time":"2023-12-25T22:17:59.750Z"}},{"iob":-0.018,"basaliob":-0.118,"bolussnooze":0,"activity":5.0E-4,"lastBolusTime":1703534590488,"time":"2023-12-25T22:22:59.750Z","iobWithZeroTemp":{"iob":-0.267,"basaliob":-0.367,"bolussnooze":0,"activity":-0.0016,"lastBolusTime":1703534590488,"time":"2023-12-25T22:22:59.750Z"}},{"iob":-0.019,"basaliob":-0.108,"bolussnooze":0,"activity":3.0E-4,"lastBolusTime":1703534590488,"time":"2023-12-25T22:27:59.750Z","iobWithZeroTemp":{"iob":-0.28,"basaliob":-0.369,"bolussnooze":0,"activity":-0.002,"lastBolusTime":1703534590488,"time":"2023-12-25T22:27:59.750Z"}},{"iob":-0.022,"basaliob":-0.1,"bolussnooze":0,"activity":2.0E-4,"lastBolusTime":1703534590488,"time":"2023-12-25T22:32:59.750Z","iobWithZeroTemp":{"iob":-0.294,"basaliob":-0.372,"bolussnooze":0,"activity":-0.0022,"lastBolusTime":1703534590488,"time":"2023-12-25T22:32:59.750Z"}},{"iob":-0.022,"basaliob":-0.091,"bolussnooze":0,"activity":1.0E-4,"lastBolusTime":1703534590488,"time":"2023-12-25T22:37:59.750Z","iobWithZeroTemp":{"iob":-0.304,"basaliob":-0.373,"bolussnooze":0,"activity":-0.0025,"lastBolusTime":1703534590488,"time":"2023-12-25T22:37:59.750Z"}},{"iob":-0.022,"basaliob":-0.083,"bolussnooze":0,"activity":1.0E-4,"lastBolusTime":1703534590488,"time":"2023-12-25T22:42:59.750Z","iobWithZeroTemp":{"iob":-0.314,"basaliob":-0.375,"bolussnooze":0,"activity":-0.0027,"lastBolusTime":1703534590488,"time":"2023-12-25T22:42:59.750Z"}},{"iob":-0.022,"basaliob":-0.076,"bolussnooze":0,"activity":0,"lastBolusTime":1703534590488,"time":"2023-12-25T22:47:59.750Z","iobWithZeroTemp":{"iob":-0.323,"basaliob":-0.377,"bolussnooze":0,"activity":-0.0029,"lastBolusTime":1703534590488,"time":"2023-12-25T22:47:59.750Z"}},{"iob":-0.023,"basaliob":-0.07,"bolussnooze":0,"activity":-1.0E-4,"lastBolusTime":1703534590488,"time":"2023-12-25T22:52:59.750Z","iobWithZeroTemp":{"iob":-0.332,"basaliob":-0.379,"bolussnooze":0,"activity":-0.0031,"lastBolusTime":1703534590488,"time":"2023-12-25T22:52:59.750Z"}},{"iob":-0.022,"basaliob":-0.063,"bolussnooze":0,"activity":-1.0E-4,"lastBolusTime":1703534590488,"time":"2023-12-25T22:57:59.750Z","iobWithZeroTemp":{"iob":-0.338,"basaliob":-0.379,"bolussnooze":0,"activity":-0.0033,"lastBolusTime":1703534590488,"time":"2023-12-25T22:57:59.750Z"}},{"iob":-0.022,"basaliob":-0.058,"bolussnooze":0,"activity":-1.0E-4,"lastBolusTime":1703534590488,"time":"2023-12-25T23:02:59.750Z","iobWithZeroTemp":{"iob":-0.344,"basaliob":-0.38,"bolussnooze":0,"activity":-0.0034,"lastBolusTime":1703534590488,"time":"2023-12-25T23:02:59.750Z"}},{"iob":-0.021,"basaliob":-0.052,"bolussnooze":0,"activity":-1.0E-4,"lastBolusTime":1703534590488,"time":"2023-12-25T23:07:59.750Z","iobWithZeroTemp":{"iob":-0.349,"basaliob":-0.38,"bolussnooze":0,"activity":-0.0035,"lastBolusTime":1703534590488,"time":"2023-12-25T23:07:59.750Z"}},{"iob":-0.02,"basaliob":-0.047,"bolussnooze":0,"activity":-1.0E-4,"lastBolusTime":1703534590488,"time":"2023-12-25T23:12:59.750Z","iobWithZeroTemp":{"iob":-0.353,"basaliob":-0.38,"bolussnooze":0,"activity":-0.0036,"lastBolusTime":1703534590488,"time":"2023-12-25T23:12:59.750Z"}},{"iob":-0.02,"basaliob":-0.043,"bolussnooze":0,"activity":-2.0E-4,"lastBolusTime":1703534590488,"time":"2023-12-25T23:17:59.750Z","iobWithZeroTemp":{"iob":-0.358,"basaliob":-0.381,"bolussnooze":0,"activity":-0.0038,"lastBolusTime":1703534590488,"time":"2023-12-25T23:17:59.750Z"}},{"iob":-0.019,"basaliob":-0.039,"bolussnooze":0,"activity":-2.0E-4,"lastBolusTime":1703534590488,"time":"2023-12-25T23:22:59.750Z","iobWithZeroTemp":{"iob":-0.361,"basaliob":-0.381,"bolussnooze":0,"activity":-0.0039,"lastBolusTime":1703534590488,"time":"2023-12-25T23:22:59.750Z"}},{"iob":-0.018,"basaliob":-0.035,"bolussnooze":0,"activity":-2.0E-4,"lastBolusTime":1703534590488,"time":"2023-12-25T23:27:59.750Z","iobWithZeroTemp":{"iob":-0.364,"basaliob":-0.381,"bolussnooze":0,"activity":-0.004,"lastBolusTime":1703534590488,"time":"2023-12-25T23:27:59.750Z"}},{"iob":-0.016,"basaliob":-0.031,"bolussnooze":0,"activity":-2.0E-4,"lastBolusTime":1703534590488,"time":"2023-12-25T23:32:59.750Z","iobWithZeroTemp":{"iob":-0.365,"basaliob":-0.38,"bolussnooze":0,"activity":-0.004,"lastBolusTime":1703534590488,"time":"2023-12-25T23:32:59.750Z"}},{"iob":-0.015,"basaliob":-0.028,"bolussnooze":0,"activity":-2.0E-4,"lastBolusTime":1703534590488,"time":"2023-12-25T23:37:59.750Z","iobWithZeroTemp":{"iob":-0.367,"basaliob":-0.38,"bolussnooze":0,"activity":-0.0041,"lastBolusTime":1703534590488,"time":"2023-12-25T23:37:59.750Z"}},{"iob":-0.014,"basaliob":-0.025,"bolussnooze":0,"activity":-2.0E-4,"lastBolusTime":1703534590488,"time":"2023-12-25T23:42:59.750Z","iobWithZeroTemp":{"iob":-0.369,"basaliob":-0.38,"bolussnooze":0,"activity":-0.0041,"lastBolusTime":1703534590488,"time":"2023-12-25T23:42:59.750Z"}},{"iob":-0.014,"basaliob":-0.023,"bolussnooze":0,"activity":-2.0E-4,"lastBolusTime":1703534590488,"time":"2023-12-25T23:47:59.750Z","iobWithZeroTemp":{"iob":-0.372,"basaliob":-0.381,"bolussnooze":0,"activity":-0.0042,"lastBolusTime":1703534590488,"time":"2023-12-25T23:47:59.750Z"}},{"iob":-0.012,"basaliob":-0.02,"bolussnooze":0,"activity":-2.0E-4,"lastBolusTime":1703534590488,"time":"2023-12-25T23:52:59.750Z","iobWithZeroTemp":{"iob":-0.372,"basaliob":-0.38,"bolussnooze":0,"activity":-0.0042,"lastBolusTime":1703534590488,"time":"2023-12-25T23:52:59.750Z"}},{"iob":-0.012,"basaliob":-0.018,"bolussnooze":0,"activity":-2.0E-4,"lastBolusTime":1703534590488,"time":"2023-12-25T23:57:59.750Z","iobWithZeroTemp":{"iob":-0.374,"basaliob":-0.38,"bolussnooze":0,"activity":-0.0043,"lastBolusTime":1703534590488,"time":"2023-12-25T23:57:59.750Z"}},{"iob":-0.011,"basaliob":-0.016,"bolussnooze":0,"activity":-2.0E-4,"lastBolusTime":1703534590488,"time":"2023-12-26T00:02:59.750Z","iobWithZeroTemp":{"iob":-0.372,"basaliob":-0.377,"bolussnooze":0,"activity":-0.0043,"lastBolusTime":1703534590488,"time":"2023-12-26T00:02:59.750Z"}},{"iob":-0.009,"basaliob":-0.014,"bolussnooze":0,"activity":-1.0E-4,"lastBolusTime":1703534590488,"time":"2023-12-26T00:07:59.750Z","iobWithZeroTemp":{"iob":-0.37,"basaliob":-0.375,"bolussnooze":0,"activity":-0.0043,"lastBolusTime":1703534590488,"time":"2023-12-26T00:07:59.750Z"}},{"iob":-0.009,"basaliob":-0.013,"bolussnooze":0,"activity":-2.0E-4,"lastBolusTime":1703534590488,"time":"2023-12-26T00:12:59.750Z","iobWithZeroTemp":{"iob":-0.369,"basaliob":-0.373,"bolussnooze":0,"activity":-0.0044,"lastBolusTime":1703534590488,"time":"2023-12-26T00:12:59.750Z"}},{"iob":-0.008,"basaliob":-0.011,"bolussnooze":0,"activity":-2.0E-4,"lastBolusTime":1703534590488,"time":"2023-12-26T00:17:59.750Z","iobWithZeroTemp":{"iob":-0.368,"basaliob":-0.371,"bolussnooze":0,"activity":-0.0044,"lastBolusTime":1703534590488,"time":"2023-12-26T00:17:59.750Z"}},{"iob":-0.007,"basaliob":-0.01,"bolussnooze":0,"activity":-1.0E-4,"lastBolusTime":1703534590488,"time":"2023-12-26T00:22:59.750Z","iobWithZeroTemp":{"iob":-0.366,"basaliob":-0.369,"bolussnooze":0,"activity":-0.0043,"lastBolusTime":1703534590488,"time":"2023-12-26T00:22:59.750Z"}},{"iob":-0.007,"basaliob":-0.009,"bolussnooze":0,"activity":-1.0E-4,"lastBolusTime":1703534590488,"time":"2023-12-26T00:27:59.750Z","iobWithZeroTemp":{"iob":-0.365,"basaliob":-0.367,"bolussnooze":0,"activity":-0.0043,"lastBolusTime":1703534590488,"time":"2023-12-26T00:27:59.750Z"}},{"iob":-0.006,"basaliob":-0.008,"bolussnooze":0,"activity":-1.0E-4,"lastBolusTime":1703534590488,"time":"2023-12-26T00:32:59.750Z","iobWithZeroTemp":{"iob":-0.363,"basaliob":-0.365,"bolussnooze":0,"activity":-0.0043,"lastBolusTime":1703534590488,"time":"2023-12-26T00:32:59.750Z"}},{"iob":-0.005,"basaliob":-0.007,"bolussnooze":0,"activity":-1.0E-4,"lastBolusTime":1703534590488,"time":"2023-12-26T00:37:59.750Z","iobWithZeroTemp":{"iob":-0.361,"basaliob":-0.363,"bolussnooze":0,"activity":-0.0043,"lastBolusTime":1703534590488,"time":"2023-12-26T00:37:59.750Z"}},{"iob":-0.005,"basaliob":-0.006,"bolussnooze":0,"activity":-2.0E-4,"lastBolusTime":1703534590488,"time":"2023-12-26T00:42:59.750Z","iobWithZeroTemp":{"iob":-0.36,"basaliob":-0.361,"bolussnooze":0,"activity":-0.0044,"lastBolusTime":1703534590488,"time":"2023-12-26T00:42:59.750Z"}},{"iob":-0.004,"basaliob":-0.005,"bolussnooze":0,"activity":-1.0E-4,"lastBolusTime":1703534590488,"time":"2023-12-26T00:47:59.750Z","iobWithZeroTemp":{"iob":-0.359,"basaliob":-0.36,"bolussnooze":0,"activity":-0.0043,"lastBolusTime":1703534590488,"time":"2023-12-26T00:47:59.750Z"}},{"iob":-0.003,"basaliob":-0.004,"bolussnooze":0,"activity":-1.0E-4,"lastBolusTime":1703534590488,"time":"2023-12-26T00:52:59.750Z","iobWithZeroTemp":{"iob":-0.357,"basaliob":-0.358,"bolussnooze":0,"activity":-0.0043,"lastBolusTime":1703534590488,"time":"2023-12-26T00:52:59.750Z"}},{"iob":-0.003,"basaliob":-0.004,"bolussnooze":0,"activity":-1.0E-4,"lastBolusTime":1703534590488,"time":"2023-12-26T00:57:59.750Z","iobWithZeroTemp":{"iob":-0.356,"basaliob":-0.357,"bolussnooze":0,"activity":-0.0043,"lastBolusTime":1703534590488,"time":"2023-12-26T00:57:59.750Z"}},{"iob":-0.002,"basaliob":-0.003,"bolussnooze":0,"activity":-1.0E-4,"lastBolusTime":1703534590488,"time":"2023-12-26T01:02:59.750Z","iobWithZeroTemp":{"iob":-0.35,"basaliob":-0.351,"bolussnooze":0,"activity":-0.0043,"lastBolusTime":1703534590488,"time":"2023-12-26T01:02:59.750Z"}},{"iob":-0.003,"basaliob":-0.003,"bolussnooze":0,"activity":-1.0E-4,"lastBolusTime":1703534590488,"time":"2023-12-26T01:07:59.750Z","iobWithZeroTemp":{"iob":-0.347,"basaliob":-0.347,"bolussnooze":0,"activity":-0.0043,"lastBolusTime":1703534590488,"time":"2023-12-26T01:07:59.750Z"}},{"iob":-0.002,"basaliob":-0.002,"bolussnooze":0,"activity":-1.0E-4,"lastBolusTime":1703534590488,"time":"2023-12-26T01:12:59.750Z","iobWithZeroTemp":{"iob":-0.342,"basaliob":-0.342,"bolussnooze":0,"activity":-0.0043,"lastBolusTime":1703534590488,"time":"2023-12-26T01:12:59.750Z"}}],"profile":{"max_iob":10,"type":"current","max_daily_basal":0.41,"max_basal":1.15,"min_bg":90,"max_bg":90,"target_bg":90,"carb_ratio":7.639,"sens":140.517,"max_daily_safety_multiplier":3,"current_basal_safety_multiplier":4,"lgsThreshold":95,"high_temptarget_raises_sensitivity":true,"low_temptarget_lowers_sensitivity":true,"sensitivity_raises_target":true,"resistance_lowers_target":true,"adv_target_adjustments":false,"exercise_mode":false,"half_basal_exercise_target":160,"maxCOB":120,"skip_neutral_temps":false,"remainingCarbsCap":90,"enableUAM":true,"A52_risk_enable":false,"SMBInterval":3,"enableSMB_with_COB":true,"enableSMB_with_temptarget":true,"allowSMB_with_high_temptarget":false,"enableSMB_always":false,"enableSMB_after_carbs":true,"maxSMBBasalMinutes":30,"maxUAMSMBBasalMinutes":40,"bolus_increment":0.05,"carbsReqThreshold":4,"current_basal":0.3,"temptargetSet":false,"autosens_max":1.3,"autosens_min":0.7,"variable_sens":143.2,"insulinDivisor":75,"TDD":14.642759761904765},"autosens_data":{"ratio":1.0602767279784406},"meal_data":{"carbs":20,"mealCOB":0,"slopeFromMaxDeviation":-0.8916666666666667,"slopeFromMinDeviation":0,"lastBolusTime":1703534590488,"lastCarbTime":1703529089478},"microBolusAllowed":true,"currentTime":1703539080412,"flatBGsDetected":false,"tdd1D":15.581666666666663,"tdd7D":15.151547619047617,"tddLast24H":16.06483333333334,"tddLast4H":4.159166666666668,"tddLast8to4H":1.9675000000000002},"output":{"temp":"absolute","bg":102,"tick":-3,"eventualBG":86,"targetBG":88,"insulinReq":0,"deliverAt":"2023-12-25T21:18:00.412Z","sensitivityRatio":1.0602767279784406,"variable_sens":143.2,"predBGs":{"IOB":[102,98,95,93,90,88,86,85,84,83,82,81,80,80,79,79,79,79,79,79,79,79,79,79,79,80,80,80,80,80,80,81,81,81,81,81,81,81,82],"ZT":[102,98,95,92,90,88,86,85,85,85,85,85,86,87,88],"UAM":[102,98,95,92,90,87,85,84,83,81,80,80,79,79,78,78,78,78,78,78,78,78,78,78,78,78,78,79,79,79,79,79,79,80,80,80,80,80,80,80,80,81]},"reason":"COB: 0, Dev: 1, BGI: -4, ISF: 143, CR: 7.64, Target: 88, minPredBG 82, minGuardBG 78, IOBpredBG 82, UAMpredBG 81; minGuardBG 78<95 55m left and 0 ~ req 0U\/hr: no temp required","COB":0,"IOB":0.122,"timestamp":"2023-12-25T21:18:00.424Z"}}