{"algorithm":"OpenAPSSMBDynamicISFPlugin","input":{"glucoseStatus":{"glucose":53,"noise":0,"delta":-1.11,"short_avgdelta":-1.11,"long_avgdelta":-3.88,"date":1703609560000},"currenttemp":{"temp":"absolute","duration":115,"rate":0,"minutesrunning":5},"iob_data":[{"iob":0.27,"basaliob":-0.102,"bolussnooze":0.0143,"activity":0.0067,"lastBolusTime":1703602223485,"time":"2023-12-26T16:52:58.926Z","iobWithZeroTemp":{"iob":0.27,"basaliob":-0.102,"bolussnooze":0.0143,"activity":0.0067,"lastBolusTime":1703602223485,"time":"2023-12-26T16:52:58.926Z"}},{"iob":0.239,"basaliob":-0.097,"bolussnooze":0.0106,"activity":0.0059,"lastBolusTime":1703602223485,"time":"2023-12-26T16:57:58.926Z","iobWithZeroTemp":{"iob":0.232,"basaliob":-0.104,"bolussnooze":0.0106,"activity":0.0059,"lastBolusTime":1703602223485,"time":"2023-12-26T16:57:58.926Z"}},{"iob":0.211,"basaliob":-0.092,"bolussnooze":0.0077,"activity":0.0054,"lastBolusTime":1703602223485,"time":"2023-12-26T17:02:58.926Z","iobWithZeroTemp":{"iob":0.196,"basaliob":-0.107,"bolussnooze":0.0077,"activity":0.0054,"lastBolusTime":1703602223485,"time":"2023-12-26T17:02:58.926Z"}},{"iob":0.185,"basaliob":-0.087,"bolussnooze":0.0055,"activity":0.0048,"lastBolusTime":1703602223485,"time":"2023-12-26T17:07:58.926Z","iobWithZeroTemp":{"iob":0.162,"basaliob":-0.11,"bolussnooze":0.0055,"activity":0.0047,"lastBolusTime":1703602223485,"time":"2023-12-26T17:07:58.926Z"}},{"iob":0.162,"basaliob":-0.082,"bolussnooze":0.0038,"activity":0.0043,"lastBolusTime":1703602223485,"time":"2023-12-26T17:12:58.926Z","iobWithZeroTemp":{"iob":0.131,"basaliob":-0.113,"bolussnooze":0.0038,"activity":0.0042,"lastBolusTime":1703602223485,"time":"2023-12-26T17:12:58.926Z"}},{"iob":0.142,"basaliob":-0.077,"bolussnooze":0.0026,"activity":0.0038,"lastBolusTime":1703602223485,"time":"2023-12-26T17:17:58.926Z","iobWithZeroTemp":{"iob":0.104,"basaliob":-0.115,"bolussnooze":0.0026,"activity":0.0036,"lastBolusTime":1703602223485,"time":"2023-12-26T17:17:58.926Z"}},{"iob":0.124,"basaliob":-0.072,"bolussnooze":0.0016,"activity":0.0034,"lastBolusTime":1703602223485,"time":"2023-12-26T17:22:58.926Z","iobWithZeroTemp":{"iob":0.078,"basaliob":-0.118,"bolussnooze":0.0016,"activity":0.0032,"lastBolusTime":1703602223485,"time":"2023-12-26T17:22:58.926Z"}},{"iob":0.108,"basaliob":-0.067,"bolussnooze":0.001,"activity":0.0031,"lastBolusTime":1703602223485,"time":"2023-12-26T17:27:58.926Z","iobWithZeroTemp":{"iob":0.055,"basaliob":-0.12,"bolussnooze":0.001,"activity":0.0028,"lastBolusTime":1703602223485,"time":"2023-12-26T17:27:58.926Z"}},{"iob":0.094,"basaliob":-0.063,"bolussnooze":5.0E-4,"activity":0.0027,"lastBolusTime":1703602223485,"time":"2023-12-26T17:32:58.926Z","iobWithZeroTemp":{"iob":0.035,"basaliob":-0.122,"bolussnooze":5.0E-4,"activity":0.0023,"lastBolusTime":1703602223485,"time":"2023-12-26T17:32:58.926Z"}},{"iob":0.082,"basaliob":-0.058,"bolussnooze":2.0E-4,"activity":0.0023,"lastBolusTime":1703602223485,"time":"2023-12-26T17:37:58.926Z","iobWithZeroTemp":{"iob":0.016,"basaliob":-0.124,"bolussnooze":2.0E-4,"activity":0.0019,"lastBolusTime":1703602223485,"time":"2023-12-26T17:37:58.926Z"}},{"iob":0.07,"basaliob":-0.054,"bolussnooze":1.0E-4,"activity":0.0021,"lastBolusTime":1703602223485,"time":"2023-12-26T17:42:58.926Z","iobWithZeroTemp":{"iob":-0.002,"basaliob":-0.126,"bolussnooze":1.0E-4,"activity":0.0016,"lastBolusTime":1703602223485,"time":"2023-12-26T17:42:58.926Z"}},{"iob":0.06,"basaliob":-0.05,"bolussnooze":0,"activity":0.0018,"lastBolusTime":1703602223485,"time":"2023-12-26T17:47:58.926Z","iobWithZeroTemp":{"iob":-0.017,"basaliob":-0.127,"bolussnooze":0,"activity":0.0012,"lastBolusTime":1703602223485,"time":"2023-12-26T17:47:58.926Z"}},{"iob":0.052,"basaliob":-0.046,"bolussnooze":0,"activity":0.0017,"lastBolusTime":1703602223485,"time":"2023-12-26T17:52:58.926Z","iobWithZeroTemp":{"iob":-0.03,"basaliob":-0.128,"bolussnooze":0,"activity":0.001,"lastBolusTime":1703602223485,"time":"2023-12-26T17:52:58.926Z"}},{"iob":0.043,"basaliob":-0.043,"bolussnooze":0,"activity":0.0014,"lastBolusTime":1703602223485,"time":"2023-12-26T17:57:58.926Z","iobWithZeroTemp":{"iob":-0.044,"basaliob":-0.13,"bolussnooze":0,"activity":7.0E-4,"lastBolusTime":1703602223485,"time":"2023-12-26T17:57:58.926Z"}},{"iob":0.037,"basaliob":-0.039,"bolussnooze":0,"activity":0.0012,"lastBolusTime":1703602223485,"time":"2023-12-26T18:02:58.926Z","iobWithZeroTemp":{"iob":-0.055,"basaliob":-0.131,"bolussnooze":0,"activity":4.0E-4,"lastBolusTime":1703602223485,"time":"2023-12-26T18:02:58.926Z"}},{"iob":0.031,"basaliob":-0.036,"bolussnooze":0,"activity":0.0011,"lastBolusTime":1703602223485,"time":"2023-12-26T18:07:58.926Z","iobWithZeroTemp":{"iob":-0.065,"basaliob":-0.132,"bolussnooze":0,"activity":2.0E-4,"lastBolusTime":1703602223485,"time":"2023-12-26T18:07:58.926Z"}},{"iob":0.026,"basaliob":-0.033,"bolussnooze":0,"activity":0.001,"lastBolusTime":1703602223485,"time":"2023-12-26T18:12:58.926Z","iobWithZeroTemp":{"iob":-0.074,"basaliob":-0.133,"bolussnooze":0,"activity":1.0E-4,"lastBolusTime":1703602223485,"time":"2023-12-26T18:12:58.926Z"}},{"iob":0.021,"basaliob":-0.03,"bolussnooze":0,"activity":9.0E-4,"lastBolusTime":1703602223485,"time":"2023-12-26T18:17:58.926Z","iobWithZeroTemp":{"iob":-0.083,"basaliob":-0.134,"bolussnooze":0,"activity":-1.0E-4,"lastBolusTime":1703602223485,"time":"2023-12-26T18:17:58.926Z"}},{"iob":0.017,"basaliob":-0.028,"bolussnooze":0,"activity":7.0E-4,"lastBolusTime":1703602223485,"time":"2023-12-26T18:22:58.926Z","iobWithZeroTemp":{"iob":-0.09,"basaliob":-0.135,"bolussnooze":0,"activity":-3.0E-4,"lastBolusTime":1703602223485,"time":"2023-12-26T18:22:58.926Z"}},{"iob":0.014,"basaliob":-0.025,"bolussnooze":0,"activity":6.0E-4,"lastBolusTime":1703602223485,"time":"2023-12-26T18:27:58.926Z","iobWithZeroTemp":{"iob":-0.096,"basaliob":-0.135,"bolussnooze":0,"activity":-5.0E-4,"lastBolusTime":1703602223485,"time":"2023-12-26T18:27:58.926Z"}},{"iob":0.011,"basaliob":-0.023,"bolussnooze":0,"activity":6.0E-4,"lastBolusTime":1703602223485,"time":"2023-12-26T18:32:58.926Z","iobWithZeroTemp":{"iob":-0.102,"basaliob":-0.136,"bolussnooze":0,"activity":-5.0E-4,"lastBolusTime":1703602223485,"time":"2023-12-26T18:32:58.926Z"}},{"iob":0.008,"basaliob":-0.021,"bolussnooze":0,"activity":5.0E-4,"lastBolusTime":1703602223485,"time":"2023-12-26T18:37:58.926Z","iobWithZeroTemp":{"iob":-0.108,"basaliob":-0.137,"bolussnooze":0,"activity":-7.0E-4,"lastBolusTime":1703602223485,"time":"2023-12-26T18:37:58.926Z"}},{"iob":0.006,"basaliob":-0.019,"bolussnooze":0,"activity":4.0E-4,"lastBolusTime":1703602223485,"time":"2023-12-26T18:42:58.926Z","iobWithZeroTemp":{"iob":-0.112,"basaliob":-0.137,"bolussnooze":0,"activity":-8.0E-4,"lastBolusTime":1703602223485,"time":"2023-12-26T18:42:58.926Z"}},{"iob":0.005,"basaliob":-0.017,"bolussnooze":0,"activity":4.0E-4,"lastBolusTime":1703602223485,"time":"2023-12-26T18:47:58.926Z","iobWithZeroTemp":{"iob":-0.115,"basaliob":-0.137,"bolussnooze":0,"activity":-8.0E-4,"lastBolusTime":1703602223485,"time":"2023-12-26T18:47:58.926Z"}},{"iob":0.003,"basaliob":-0.015,"bolussnooze":0,"activity":3.0E-4,"lastBolusTime":1703602223485,"time":"2023-12-26T18:52:58.926Z","iobWithZeroTemp":{"iob":-0.119,"basaliob":-0.137,"bolussnooze":0,"activity":-0.001,"lastBolusTime":1703602223485,"time":"2023-12-26T18:52:58.926Z"}},{"iob":0.002,"basaliob":-0.014,"bolussnooze":0,"activity":2.0E-4,"lastBolusTime":1703602223485,"time":"2023-12-26T18:57:58.926Z","iobWithZeroTemp":{"iob":-0.122,"basaliob":-0.138,"bolussnooze":0,"activity":-0.0011,"lastBolusTime":1703602223485,"time":"2023-12-26T18:57:58.926Z"}},{"iob":0,"basaliob":-0.013,"bolussnooze":0,"activity":1.0E-4,"lastBolusTime":1703602223485,"time":"2023-12-26T19:02:58.926Z","iobWithZeroTemp":{"iob":-0.146,"basaliob":-0.159,"bolussnooze":0,"activity":-0.0013,"lastBolusTime":1703602223485,"time":"2023-12-26T19:02:58.926Z"}},{"iob":0,"basaliob":-0.011,"bolussnooze":0,"activity":2.0E-4,"lastBolusTime":1703602223485,"time":"2023-12-26T19:07:58.926Z","iobWithZeroTemp":{"iob":-0.168,"basaliob":-0.179,"bolussnooze":0,"activity":-0.0013,"lastBolusTime":1703602223485,"time":"2023-12-26T19:07:58.926Z"}},{"iob":-0.001,"basaliob":-0.01,"bolussnooze":0,"activity":1.0E-4,"lastBolusTime":1703602223485,"time":"2023-12-26T19:12:58.926Z","iobWithZeroTemp":{"iob":-0.191,"basaliob":-0.2,"bolussnooze":0,"activity":-0.0015,"lastBolusTime":1703602223485,"time":"2023-12-26T19:12:58.926Z"}},{"iob":-0.001,"basaliob":-0.009,"bolussnooze":0,"activity":1.0E-4,"lastBolusTime":1703602223485,"time":"2023-12-26T19:17:58.926Z","iobWithZeroTemp":{"iob":-0.211,"basaliob":-0.219,"bolussnooze":0,"activity":-0.0016,"lastBolusTime":1703602223485,"time":"2023-12-26T19:17:58.926Z"}},{"iob":-0.001,"basaliob":-0.008,"bolussnooze":0,"activity":0,"lastBolusTime":1703602223485,"time":"2023-12-26T19:22:58.926Z","iobWithZeroTemp":{"iob":-0.231,"basaliob":-0.238,"bolussnooze":0,"activity":-0.0019,"lastBolusTime":1703602223485,"time":"2023-12-26T19:22:58.926Z"}},{"iob":-0.002,"basaliob":-0.007,"bolussnooze":0,"activity":0,"lastBolusTime":1703602223485,"time":"2023-12-26T19:27:58.926Z","iobWithZeroTemp":{"iob":-0.251,"basaliob":-0.256,"bolussnooze":0,"activity":-0.0021,"lastBolusTime":1703602223485,"time":"2023-12-26T19:27:58.926Z"}},{"iob":-0.002,"basaliob":-0.006,"bolussnooze":0,"activity":0,"lastBolusTime":1703602223485,"time":"2023-12-26T19:32:58.926Z","iobWithZeroTemp":{"iob":-0.27,"basaliob":-0.274,"bolussnooze":0,"activity":-0.0023,"lastBolusTime":1703602223485,"time":"2023-12-26T19:32:58.926Z"}},{"iob":-0.002,"basaliob":-0.006,"bolussnooze":0,"activity":1.0E-4,"lastBolusTime":1703602223485,"time":"2023-12-26T19:37:58.926Z","iobWithZeroTemp":{"iob":-0.287,"basaliob":-0.291,"bolussnooze":0,"activity":-0.0024,"lastBolusTime":1703602223485,"time":"2023-12-26T19:37:58.926Z"}},{"iob":-0.002,"basaliob":-0.005,"bolussnooze":0,"activity":0,"lastBolusTime":1703602223485,"time":"2023-12-26T19:42:58.926Z","iobWithZeroTemp":{"iob":-0.303,"basaliob":-0.306,"bolussnooze":0,"activity":-0.0027,"lastBolusTime":1703602223485,"time":"2023-12-26T19:42:58.926Z"}},{"iob":-0.002,"basaliob":-0.004,"bolussnooze":0,"activity":0,"lastBolusTime":1703602223485,"time":"2023-12-26T19:47:58.926Z","iobWithZeroTemp":{"iob":-0.318,"basaliob":-0.32,"bolussnooze":0,"activity":-0.0029,"lastBolusTime":1703602223485,"time":"2023-12-26T19:47:58.926Z"}},{"iob":-0.002,"basaliob":-0.004,"bolussnooze":0,"activity":0,"lastBolusTime":1703602223485,"time":"2023-12-26T19:52:58.926Z","iobWithZeroTemp":{"iob":-0.333,"basaliob":-0.335,"bolussnooze":0,"activity":-0.003,"lastBolusTime":1703602223485,"time":"2023-12-26T19:52:58.926Z"}},{"iob":-0.002,"basaliob":-0.003,"bolussnooze":0,"activity":0,"lastBolusTime":1703602223485,"time":"2023-12-26T19:57:58.926Z","iobWithZeroTemp":{"iob":-0.346,"basaliob":-0.347,"bolussnooze":0,"activity":-0.0032,"lastBolusTime":1703602223485,"time":"2023-12-26T19:57:58.926Z"}},{"iob":-0.002,"basaliob":-0.003,"bolussnooze":0,"activity":0,"lastBolusTime":1703602223485,"time":"2023-12-26T20:02:58.926Z","iobWithZeroTemp":{"iob":-0.359,"basaliob":-0.36,"bolussnooze":0,"activity":-0.0034,"lastBolusTime":1703602223485,"time":"2023-12-26T20:02:58.926Z"}},{"iob":-0.002,"basaliob":-0.003,"bolussnooze":0,"activity":-1.0E-4,"lastBolusTime":1703602223485,"time":"2023-12-26T20:07:58.926Z","iobWithZeroTemp":{"iob":-0.37,"basaliob":-0.371,"bolussnooze":0,"activity":-0.0037,"lastBolusTime":1703602223485,"time":"2023-12-26T20:07:58.926Z"}},{"iob":-0.001,"basaliob":-0.002,"bolussnooze":0,"activity":-1.0E-4,"lastBolusTime":1703602223485,"time":"2023-12-26T20:12:58.926Z","iobWithZeroTemp":{"iob":-0.38,"basaliob":-0.381,"bolussnooze":0,"activity":-0.0038,"lastBolusTime":1703602223485,"time":"2023-12-26T20:12:58.926Z"}},{"iob":-0.002,"basaliob":-0.002,"bolussnooze":0,"activity":-1.0E-4,"lastBolusTime":1703602223485,"time":"2023-12-26T20:17:58.926Z","iobWithZeroTemp":{"iob":-0.391,"basaliob":-0.391,"bolussnooze":0,"activity":-0.004,"lastBolusTime":1703602223485,"time":"2023-12-26T20:17:58.926Z"}},{"iob":-0.002,"basaliob":-0.002,"bolussnooze":0,"activity":-1.0E-4,"lastBolusTime":1703602223485,"time":"2023-12-26T20:22:58.926Z","iobWithZeroTemp":{"iob":-0.401,"basaliob":-0.401,"bolussnooze":0,"activity":-0.0041,"lastBolusTime":1703602223485,"time":"2023-12-26T20:22:58.926Z"}},{"iob":-0.001,"basaliob":-0.001,"bolussnooze":0,"activity":0,"lastBolusTime":1703602223485,"time":"2023-12-26T20:27:58.926Z","iobWithZeroTemp":{"iob":-0.408,"basaliob":-0.408,"bolussnooze":0,"activity":-0.0042,"lastBolusTime":1703602223485,"time":"2023-12-26T20:27:58.926Z"}},{"iob":-0.001,"basaliob":-0.001,"bolussnooze":0,"activity":0,"lastBolusTime":1703602223485,"time":"2023-12-26T20:32:58.926Z","iobWithZeroTemp":{"iob":-0.416,"basaliob":-0.416,"bolussnooze":0,"activity":-0.0043,"lastBolusTime":1703602223485,"time":"2023-12-26T20:32:58.926Z"}},{"iob":-0.001,"basaliob":-0.001,"bolussnooze":0,"activity":0,"lastBolusTime":1703602223485,"time":"2023-12-26T20:37:58.926Z","iobWithZeroTemp":{"iob":-0.423,"basaliob":-0.423,"bolussnooze":0,"activity":-0.0044,"lastBolusTime":1703602223485,"time":"2023-12-26T20:37:58.926Z"}},{"iob":-0.001,"basaliob":-0.001,"bolussnooze":0,"activity":0,"lastBolusTime":1703602223485,"time":"2023-12-26T20:42:58.926Z","iobWithZeroTemp":{"iob":-0.43,"basaliob":-0.43,"bolussnooze":0,"activity":-0.0046,"lastBolusTime":1703602223485,"time":"2023-12-26T20:42:58.926Z"}},{"iob":-0.001,"basaliob":-0.001,"bolussnooze":0,"activity":0,"lastBolusTime":1703602223485,"time":"2023-12-26T20:47:58.926Z","iobWithZeroTemp":{"iob":-0.436,"basaliob":-0.436,"bolussnooze":0,"activity":-0.0047,"lastBolusTime":1703602223485,"time":"2023-12-26T20:47:58.926Z"}}],"profile":{"max_iob":10,"type":"current","max_daily_basal":0.35,"max_basal":0.4,"min_bg":135,"max_bg":135,"target_bg":135,"carb_ratio":8.2,"sens":110,"max_daily_safety_multiplier":3,"current_basal_safety_multiplier":4,"lgsThreshold":95,"high_temptarget_raises_sensitivity":true,"low_temptarget_lowers_sensitivity":true,"sensitivity_raises_target":true,"resistance_lowers_target":true,"adv_target_adjustments":false,"exercise_mode":false,"half_basal_exercise_target":160,"maxCOB":120,"skip_neutral_temps":false,"remainingCarbsCap":90,"enableUAM":true,"A52_risk_enable":false,"SMBInterval":3,"enableSMB_with_COB":true,"enableSMB_with_temptarget":true,"allowSMB_with_high_temptarget":false,"enableSMB_always":false,"enableSMB_after_carbs":true,"maxSMBBasalMinutes":30,"maxUAMSMBBasalMinutes":40,"bolus_increment":0.05,"carbsReqThreshold":4,"current_basal":0.1,"temptargetSet":true,"autosens_max":1.3,"autosens_min":0.7,"variable_sens":218,"insulinDivisor":75,"TDD":15.444353273809526},"autosens_data":{"ratio":1.1099929874880359},"meal_data":{"carbs":0,"mealCOB":0,"slopeFromMaxDeviation":-0.3571250000000001,"slopeFromMinDeviation":1.6702499999999998,"lastBolusTime":1703602223485,"lastCarbTime":0},"microBolusAllowed":true,"currentTime":1703609579334,"flatBGsDetected":false,"tdd1D":15.68566666666667,"tdd7D":15.075095238095239,"tddLast24H":16.733249999999998,"tddLast4H":4.4750000000000005,"tddLast8to4H":2.8041666666666667},"output":{"temp":"absolute","bg":53,"tick":-1,"eventualBG":39,"targetBG":135,"insulinReq":0,"deliverAt":"2023-12-26T16:52:59.334Z","sensitivityRatio":0.63,"variable_sens":218,"predBGs":{"IOB":[53,51,50,48,47,45,44,42,40,39,39,39,39],"ZT":[53,46,39,39,39,39,39,39,39,39,39,39,39,39,39,39,39,39,39,39,39,39,39,39,39,39,39,39,39,39,39,39,39,39,39,39,39,39,39,41,46,51,55,60,64,68,72,76],"UAM":[53,51,50,48,47,45,43,41,39,39,39,39,39]},"reason":"COB: 0, Dev: 37, BGI: -7, ISF: 218, CR: 8.2, Target: 135, minPredBG 14, minGuardBG 12, IOBpredBG 39, UAMpredBG 39; 4 add'l carbs req w\/in 0m; minGuardBG 12<95 115m left and 0 ~ req 0U\/hr: no temp required","COB":0,"IOB":0.27,"carbsReq":4,"carbsReqWithin":0,"timestamp":"2023-12-26T16:52:59.344Z"}}