{"algorithm":"OpenAPSSMBDynamicISFPlugin","input":{"glucoseStatus":{"glucose":63,"noise":0,"delta":2.61,"short_avgdelta":2.61,"long_avgdelta":1.53,"date":1703502457000},"currenttemp":{"temp":"absolute","duration":55,"rate":0,"minutesrunning":5},"iob_data":[{"iob":-0.206,"basaliob":-0.365,"bolussnooze":1.0E-4,"activity":-0.001,"lastBolusTime":1703494087446,"time":"2023-12-25T11:08:04.097Z","iobWithZeroTemp":{"iob":-0.206,"basaliob":-0.365,"bolussnooze":1.0E-4,"activity":-0.001,"lastBolusTime":1703494087446,"time":"2023-12-25T11:08:04.097Z"}},{"iob":-0.2,"basaliob":-0.343,"bolussnooze":0,"activity":-0.0012,"lastBolusTime":1703494087446,"time":"2023-12-25T11:13:04.097Z","iobWithZeroTemp":{"iob":-0.222,"basaliob":-0.365,"bolussnooze":0,"activity":-0.0012,"lastBolusTime":1703494087446,"time":"2023-12-25T11:13:04.097Z"}},{"iob":-0.193,"basaliob":-0.321,"bolussnooze":0,"activity":-0.0015,"lastBolusTime":1703494087446,"time":"2023-12-25T11:18:04.097Z","iobWithZeroTemp":{"iob":-0.241,"basaliob":-0.369,"bolussnooze":0,"activity":-0.0016,"lastBolusTime":1703494087446,"time":"2023-12-25T11:18:04.097Z"}},{"iob":-0.186,"basaliob":-0.3,"bolussnooze":0,"activity":-0.0016,"lastBolusTime":1703494087446,"time":"2023-12-25T11:23:04.097Z","iobWithZeroTemp":{"iob":-0.261,"basaliob":-0.375,"bolussnooze":0,"activity":-0.0018,"lastBolusTime":1703494087446,"time":"2023-12-25T11:23:04.097Z"}},{"iob":-0.178,"basaliob":-0.28,"bolussnooze":0,"activity":-0.0017,"lastBolusTime":1703494087446,"time":"2023-12-25T11:28:04.097Z","iobWithZeroTemp":{"iob":-0.278,"basaliob":-0.38,"bolussnooze":0,"activity":-0.0021,"lastBolusTime":1703494087446,"time":"2023-12-25T11:28:04.097Z"}},{"iob":-0.169,"basaliob":-0.26,"bolussnooze":0,"activity":-0.0018,"lastBolusTime":1703494087446,"time":"2023-12-25T11:33:04.097Z","iobWithZeroTemp":{"iob":-0.294,"basaliob":-0.385,"bolussnooze":0,"activity":-0.0024,"lastBolusTime":1703494087446,"time":"2023-12-25T11:33:04.097Z"}},{"iob":-0.16,"basaliob":-0.241,"bolussnooze":0,"activity":-0.0018,"lastBolusTime":1703494087446,"time":"2023-12-25T11:38:04.097Z","iobWithZeroTemp":{"iob":-0.309,"basaliob":-0.39,"bolussnooze":0,"activity":-0.0026,"lastBolusTime":1703494087446,"time":"2023-12-25T11:38:04.097Z"}},{"iob":-0.151,"basaliob":-0.223,"bolussnooze":0,"activity":-0.0018,"lastBolusTime":1703494087446,"time":"2023-12-25T11:43:04.097Z","iobWithZeroTemp":{"iob":-0.323,"basaliob":-0.395,"bolussnooze":0,"activity":-0.0028,"lastBolusTime":1703494087446,"time":"2023-12-25T11:43:04.097Z"}},{"iob":-0.143,"basaliob":-0.206,"bolussnooze":0,"activity":-0.0017,"lastBolusTime":1703494087446,"time":"2023-12-25T11:48:04.097Z","iobWithZeroTemp":{"iob":-0.336,"basaliob":-0.399,"bolussnooze":0,"activity":-0.0029,"lastBolusTime":1703494087446,"time":"2023-12-25T11:48:04.097Z"}},{"iob":-0.134,"basaliob":-0.19,"bolussnooze":0,"activity":-0.0017,"lastBolusTime":1703494087446,"time":"2023-12-25T11:53:04.097Z","iobWithZeroTemp":{"iob":-0.348,"basaliob":-0.404,"bolussnooze":0,"activity":-0.0031,"lastBolusTime":1703494087446,"time":"2023-12-25T11:53:04.097Z"}},{"iob":-0.126,"basaliob":-0.175,"bolussnooze":0,"activity":-0.0017,"lastBolusTime":1703494087446,"time":"2023-12-25T11:58:04.097Z","iobWithZeroTemp":{"iob":-0.359,"basaliob":-0.408,"bolussnooze":0,"activity":-0.0034,"lastBolusTime":1703494087446,"time":"2023-12-25T11:58:04.097Z"}},{"iob":-0.117,"basaliob":-0.16,"bolussnooze":0,"activity":-0.0017,"lastBolusTime":1703494087446,"time":"2023-12-25T12:03:04.097Z","iobWithZeroTemp":{"iob":-0.368,"basaliob":-0.411,"bolussnooze":0,"activity":-0.0036,"lastBolusTime":1703494087446,"time":"2023-12-25T12:03:04.097Z"}},{"iob":-0.109,"basaliob":-0.147,"bolussnooze":0,"activity":-0.0016,"lastBolusTime":1703494087446,"time":"2023-12-25T12:08:04.097Z","iobWithZeroTemp":{"iob":-0.377,"basaliob":-0.415,"bolussnooze":0,"activity":-0.0037,"lastBolusTime":1703494087446,"time":"2023-12-25T12:08:04.097Z"}},{"iob":-0.102,"basaliob":-0.135,"bolussnooze":0,"activity":-0.0015,"lastBolusTime":1703494087446,"time":"2023-12-25T12:13:04.097Z","iobWithZeroTemp":{"iob":-0.386,"basaliob":-0.419,"bolussnooze":0,"activity":-0.0039,"lastBolusTime":1703494087446,"time":"2023-12-25T12:13:04.097Z"}},{"iob":-0.094,"basaliob":-0.123,"bolussnooze":0,"activity":-0.0014,"lastBolusTime":1703494087446,"time":"2023-12-25T12:18:04.097Z","iobWithZeroTemp":{"iob":-0.393,"basaliob":-0.422,"bolussnooze":0,"activity":-0.004,"lastBolusTime":1703494087446,"time":"2023-12-25T12:18:04.097Z"}},{"iob":-0.087,"basaliob":-0.112,"bolussnooze":0,"activity":-0.0014,"lastBolusTime":1703494087446,"time":"2023-12-25T12:23:04.097Z","iobWithZeroTemp":{"iob":-0.399,"basaliob":-0.424,"bolussnooze":0,"activity":-0.0042,"lastBolusTime":1703494087446,"time":"2023-12-25T12:23:04.097Z"}},{"iob":-0.08,"basaliob":-0.102,"bolussnooze":0,"activity":-0.0013,"lastBolusTime":1703494087446,"time":"2023-12-25T12:28:04.097Z","iobWithZeroTemp":{"iob":-0.405,"basaliob":-0.427,"bolussnooze":0,"activity":-0.0043,"lastBolusTime":1703494087446,"time":"2023-12-25T12:28:04.097Z"}},{"iob":-0.074,"basaliob":-0.093,"bolussnooze":0,"activity":-0.0012,"lastBolusTime":1703494087446,"time":"2023-12-25T12:33:04.097Z","iobWithZeroTemp":{"iob":-0.411,"basaliob":-0.43,"bolussnooze":0,"activity":-0.0043,"lastBolusTime":1703494087446,"time":"2023-12-25T12:33:04.097Z"}},{"iob":-0.068,"basaliob":-0.084,"bolussnooze":0,"activity":-0.0011,"lastBolusTime":1703494087446,"time":"2023-12-25T12:38:04.097Z","iobWithZeroTemp":{"iob":-0.416,"basaliob":-0.432,"bolussnooze":0,"activity":-0.0044,"lastBolusTime":1703494087446,"time":"2023-12-25T12:38:04.097Z"}},{"iob":-0.062,"basaliob":-0.076,"bolussnooze":0,"activity":-0.0011,"lastBolusTime":1703494087446,"time":"2023-12-25T12:43:04.097Z","iobWithZeroTemp":{"iob":-0.42,"basaliob":-0.434,"bolussnooze":0,"activity":-0.0046,"lastBolusTime":1703494087446,"time":"2023-12-25T12:43:04.097Z"}},{"iob":-0.057,"basaliob":-0.069,"bolussnooze":0,"activity":-0.001,"lastBolusTime":1703494087446,"time":"2023-12-25T12:48:04.097Z","iobWithZeroTemp":{"iob":-0.424,"basaliob":-0.436,"bolussnooze":0,"activity":-0.0046,"lastBolusTime":1703494087446,"time":"2023-12-25T12:48:04.097Z"}},{"iob":-0.052,"basaliob":-0.062,"bolussnooze":0,"activity":-0.001,"lastBolusTime":1703494087446,"time":"2023-12-25T12:53:04.097Z","iobWithZeroTemp":{"iob":-0.428,"basaliob":-0.438,"bolussnooze":0,"activity":-0.0048,"lastBolusTime":1703494087446,"time":"2023-12-25T12:53:04.097Z"}},{"iob":-0.048,"basaliob":-0.056,"bolussnooze":0,"activity":-9.0E-4,"lastBolusTime":1703494087446,"time":"2023-12-25T12:58:04.097Z","iobWithZeroTemp":{"iob":-0.432,"basaliob":-0.44,"bolussnooze":0,"activity":-0.0048,"lastBolusTime":1703494087446,"time":"2023-12-25T12:58:04.097Z"}},{"iob":-0.043,"basaliob":-0.05,"bolussnooze":0,"activity":-8.0E-4,"lastBolusTime":1703494087446,"time":"2023-12-25T13:03:04.097Z","iobWithZeroTemp":{"iob":-0.441,"basaliob":-0.448,"bolussnooze":0,"activity":-0.0049,"lastBolusTime":1703494087446,"time":"2023-12-25T13:03:04.097Z"}},{"iob":-0.039,"basaliob":-0.045,"bolussnooze":0,"activity":-8.0E-4,"lastBolusTime":1703494087446,"time":"2023-12-25T13:08:04.097Z","iobWithZeroTemp":{"iob":-0.45,"basaliob":-0.456,"bolussnooze":0,"activity":-0.005,"lastBolusTime":1703494087446,"time":"2023-12-25T13:08:04.097Z"}},{"iob":-0.036,"basaliob":-0.041,"bolussnooze":0,"activity":-7.0E-4,"lastBolusTime":1703494087446,"time":"2023-12-25T13:13:04.097Z","iobWithZeroTemp":{"iob":-0.46,"basaliob":-0.465,"bolussnooze":0,"activity":-0.005,"lastBolusTime":1703494087446,"time":"2023-12-25T13:13:04.097Z"}},{"iob":-0.032,"basaliob":-0.036,"bolussnooze":0,"activity":-6.0E-4,"lastBolusTime":1703494087446,"time":"2023-12-25T13:18:04.097Z","iobWithZeroTemp":{"iob":-0.468,"basaliob":-0.472,"bolussnooze":0,"activity":-0.0051,"lastBolusTime":1703494087446,"time":"2023-12-25T13:18:04.097Z"}},{"iob":-0.03,"basaliob":-0.033,"bolussnooze":0,"activity":-6.0E-4,"lastBolusTime":1703494087446,"time":"2023-12-25T13:23:04.097Z","iobWithZeroTemp":{"iob":-0.477,"basaliob":-0.48,"bolussnooze":0,"activity":-0.0052,"lastBolusTime":1703494087446,"time":"2023-12-25T13:23:04.097Z"}},{"iob":-0.027,"basaliob":-0.029,"bolussnooze":0,"activity":-6.0E-4,"lastBolusTime":1703494087446,"time":"2023-12-25T13:28:04.097Z","iobWithZeroTemp":{"iob":-0.485,"basaliob":-0.487,"bolussnooze":0,"activity":-0.0054,"lastBolusTime":1703494087446,"time":"2023-12-25T13:28:04.097Z"}},{"iob":-0.024,"basaliob":-0.026,"bolussnooze":0,"activity":-5.0E-4,"lastBolusTime":1703494087446,"time":"2023-12-25T13:33:04.097Z","iobWithZeroTemp":{"iob":-0.492,"basaliob":-0.494,"bolussnooze":0,"activity":-0.0054,"lastBolusTime":1703494087446,"time":"2023-12-25T13:33:04.097Z"}},{"iob":-0.022,"basaliob":-0.023,"bolussnooze":0,"activity":-4.0E-4,"lastBolusTime":1703494087446,"time":"2023-12-25T13:38:04.097Z","iobWithZeroTemp":{"iob":-0.499,"basaliob":-0.5,"bolussnooze":0,"activity":-0.0054,"lastBolusTime":1703494087446,"time":"2023-12-25T13:38:04.097Z"}},{"iob":-0.019,"basaliob":-0.02,"bolussnooze":0,"activity":-4.0E-4,"lastBolusTime":1703494087446,"time":"2023-12-25T13:43:04.097Z","iobWithZeroTemp":{"iob":-0.505,"basaliob":-0.506,"bolussnooze":0,"activity":-0.0056,"lastBolusTime":1703494087446,"time":"2023-12-25T13:43:04.097Z"}},{"iob":-0.017,"basaliob":-0.018,"bolussnooze":0,"activity":-3.0E-4,"lastBolusTime":1703494087446,"time":"2023-12-25T13:48:04.097Z","iobWithZeroTemp":{"iob":-0.511,"basaliob":-0.512,"bolussnooze":0,"activity":-0.0056,"lastBolusTime":1703494087446,"time":"2023-12-25T13:48:04.097Z"}},{"iob":-0.016,"basaliob":-0.016,"bolussnooze":0,"activity":-4.0E-4,"lastBolusTime":1703494087446,"time":"2023-12-25T13:53:04.097Z","iobWithZeroTemp":{"iob":-0.517,"basaliob":-0.517,"bolussnooze":0,"activity":-0.0058,"lastBolusTime":1703494087446,"time":"2023-12-25T13:53:04.097Z"}},{"iob":-0.014,"basaliob":-0.014,"bolussnooze":0,"activity":-4.0E-4,"lastBolusTime":1703494087446,"time":"2023-12-25T13:58:04.097Z","iobWithZeroTemp":{"iob":-0.522,"basaliob":-0.522,"bolussnooze":0,"activity":-0.0059,"lastBolusTime":1703494087446,"time":"2023-12-25T13:58:04.097Z"}},{"iob":-0.012,"basaliob":-0.012,"bolussnooze":0,"activity":-3.0E-4,"lastBolusTime":1703494087446,"time":"2023-12-25T14:03:04.097Z","iobWithZeroTemp":{"iob":-0.503,"basaliob":-0.503,"bolussnooze":0,"activity":-0.0059,"lastBolusTime":1703494087446,"time":"2023-12-25T14:03:04.097Z"}},{"iob":-0.011,"basaliob":-0.011,"bolussnooze":0,"activity":-3.0E-4,"lastBolusTime":1703494087446,"time":"2023-12-25T14:08:04.097Z","iobWithZeroTemp":{"iob":-0.485,"basaliob":-0.485,"bolussnooze":0,"activity":-0.0059,"lastBolusTime":1703494087446,"time":"2023-12-25T14:08:04.097Z"}},{"iob":-0.009,"basaliob":-0.009,"bolussnooze":0,"activity":-3.0E-4,"lastBolusTime":1703494087446,"time":"2023-12-25T14:13:04.097Z","iobWithZeroTemp":{"iob":-0.466,"basaliob":-0.466,"bolussnooze":0,"activity":-0.0059,"lastBolusTime":1703494087446,"time":"2023-12-25T14:13:04.097Z"}},{"iob":-0.008,"basaliob":-0.008,"bolussnooze":0,"activity":-2.0E-4,"lastBolusTime":1703494087446,"time":"2023-12-25T14:18:04.097Z","iobWithZeroTemp":{"iob":-0.448,"basaliob":-0.448,"bolussnooze":0,"activity":-0.0057,"lastBolusTime":1703494087446,"time":"2023-12-25T14:18:04.097Z"}},{"iob":-0.007,"basaliob":-0.007,"bolussnooze":0,"activity":-2.0E-4,"lastBolusTime":1703494087446,"time":"2023-12-25T14:23:04.097Z","iobWithZeroTemp":{"iob":-0.43,"basaliob":-0.43,"bolussnooze":0,"activity":-0.0057,"lastBolusTime":1703494087446,"time":"2023-12-25T14:23:04.097Z"}},{"iob":-0.006,"basaliob":-0.006,"bolussnooze":0,"activity":-2.0E-4,"lastBolusTime":1703494087446,"time":"2023-12-25T14:28:04.097Z","iobWithZeroTemp":{"iob":-0.413,"basaliob":-0.413,"bolussnooze":0,"activity":-0.0056,"lastBolusTime":1703494087446,"time":"2023-12-25T14:28:04.097Z"}},{"iob":-0.005,"basaliob":-0.005,"bolussnooze":0,"activity":-2.0E-4,"lastBolusTime":1703494087446,"time":"2023-12-25T14:33:04.097Z","iobWithZeroTemp":{"iob":-0.396,"basaliob":-0.396,"bolussnooze":0,"activity":-0.0054,"lastBolusTime":1703494087446,"time":"2023-12-25T14:33:04.097Z"}},{"iob":-0.005,"basaliob":-0.005,"bolussnooze":0,"activity":-1.0E-4,"lastBolusTime":1703494087446,"time":"2023-12-25T14:38:04.097Z","iobWithZeroTemp":{"iob":-0.381,"basaliob":-0.381,"bolussnooze":0,"activity":-0.0052,"lastBolusTime":1703494087446,"time":"2023-12-25T14:38:04.097Z"}},{"iob":-0.004,"basaliob":-0.004,"bolussnooze":0,"activity":-1.0E-4,"lastBolusTime":1703494087446,"time":"2023-12-25T14:43:04.097Z","iobWithZeroTemp":{"iob":-0.366,"basaliob":-0.366,"bolussnooze":0,"activity":-0.0051,"lastBolusTime":1703494087446,"time":"2023-12-25T14:43:04.097Z"}},{"iob":-0.003,"basaliob":-0.003,"bolussnooze":0,"activity":-1.0E-4,"lastBolusTime":1703494087446,"time":"2023-12-25T14:48:04.097Z","iobWithZeroTemp":{"iob":-0.352,"basaliob":-0.352,"bolussnooze":0,"activity":-0.0049,"lastBolusTime":1703494087446,"time":"2023-12-25T14:48:04.097Z"}},{"iob":-0.003,"basaliob":-0.003,"bolussnooze":0,"activity":-1.0E-4,"lastBolusTime":0,"time":"2023-12-25T14:53:04.097Z","iobWithZeroTemp":{"iob":-0.339,"basaliob":-0.339,"bolussnooze":0,"activity":-0.0048,"lastBolusTime":0,"time":"2023-12-25T14:53:04.097Z"}},{"iob":-0.003,"basaliob":-0.003,"bolussnooze":0,"activity":-1.0E-4,"lastBolusTime":0,"time":"2023-12-25T14:58:04.097Z","iobWithZeroTemp":{"iob":-0.326,"basaliob":-0.326,"bolussnooze":0,"activity":-0.0046,"lastBolusTime":0,"time":"2023-12-25T14:58:04.097Z"}},{"iob":-0.002,"basaliob":-0.002,"bolussnooze":0,"activity":-1.0E-4,"lastBolusTime":0,"time":"2023-12-25T15:03:04.097Z","iobWithZeroTemp":{"iob":-0.314,"basaliob":-0.314,"bolussnooze":0,"activity":-0.0045,"lastBolusTime":0,"time":"2023-12-25T15:03:04.097Z"}}],"profile":{"max_iob":10,"type":"current","max_daily_basal":0.41,"max_basal":1.25,"min_bg":130,"max_bg":130,"target_bg":130,"carb_ratio":7.639,"sens":140.517,"max_daily_safety_multiplier":3,"current_basal_safety_multiplier":4,"lgsThreshold":95,"high_temptarget_raises_sensitivity":true,"low_temptarget_lowers_sensitivity":true,"sensitivity_raises_target":true,"resistance_lowers_target":true,"adv_target_adjustments":false,"exercise_mode":false,"half_basal_exercise_target":160,"maxCOB":120,"skip_neutral_temps":false,"remainingCarbsCap":90,"enableUAM":true,"A52_risk_enable":false,"SMBInterval":3,"enableSMB_with_COB":true,"enableSMB_with_temptarget":true,"allowSMB_with_high_temptarget":false,"enableSMB_always":false,"enableSMB_after_carbs":true,"maxSMBBasalMinutes":30,"maxUAMSMBBasalMinutes":40,"bolus_increment":0.05,"carbsReqThreshold":4,"current_basal":0.35,"temptargetSet":true,"autosens_max":1.3,"autosens_min":0.7,"variable_sens":243.1,"insulinDivisor":75,"TDD":12.144486511904761},"autosens_data":{"ratio":1.0130318292175085},"meal_data":{"carbs":13,"mealCOB":0.4879359230520182,"slopeFromMaxDeviation":-0.3372,"slopeFromMinDeviation":0.8740000000000001,"lastBolusTime":1703494087446,"lastCarbTime":1703492159954},"microBolusAllowed":true,"currentTime":1703502485456,"flatBGsDetected":false,"tdd1D":15.581666666666663,"tdd7D":15.151547619047617,"tddLast24H":15.348999999999993,"tddLast4H":2.3875,"tddLast8to4H":1.1533333333333333},"output":{"temp":"absolute","bg":63,"tick":"+3","eventualBG":128,"targetBG":130,"insulinReq":0,"deliverAt":"2023-12-25T11:08:05.456Z","sensitivityRatio":0.67,"variable_sens":243.1,"predBGs":{"IOB":[63,66,68,71,74,76,79,81,84,86,87,89,91,92,94,95,96,97,98,99,100,101,102,103,104,104,105,105,106,106,107,107,108,108,108,108,109,109,109,109,110],"ZT":[63,64,66,68,70,72,75,77,80,83,86,90,93,96,100,103,107,111,114,118,121,125,128],"COB":[63,66,68,71,74,78,81,84,87,90,93,96,98,101,103,105,107,109,111,113,114,115,117,118,119,120,120,121,122,123,123,124,124,125,125,126,126,126,127,127,127,127,128],"UAM":[63,65,67,70,71,73,75,77,79,81,83,84,86,87,89,90,92,93,94,95,96,97,98,98,99,100,100,101,101,102,102,103,103,103,104,104,104,105,105,105,105,105,105,106]},"reason":"COB: 0.5, Dev: 8, BGI: 1, ISF: 243, CR: 7.64, Target: 130, minPredBG 107, minGuardBG 65, IOBpredBG 110, COBpredBG 128, UAMpredBG 106; IOB -0.206 < -0.12 and minDelta 3 > expectedDelta 2; Eventual BG 128 < 130, 55m@0.00 is a lot less than needed. ","COB":0.4879359230520182,"IOB":-0.206,"duration":30,"rate":0.19449999999999998,"timestamp":"2023-12-25T11:08:05.487Z"}}