{"algorithm":"OpenAPSSMBDynamicISFPlugin","input":{"glucoseStatus":{"glucose":50,"noise":0,"delta":-3.61,"short_avgdelta":-3.61,"long_avgdelta":-2.43,"date":1703500958000},"currenttemp":{"temp":"absolute","duration":75,"rate":0,"minutesrunning":15},"iob_data":[{"iob":-0.114,"basaliob":-0.381,"bolussnooze":0.0044,"activity":9.0E-4,"lastBolusTime":1703494087446,"time":"2023-12-25T10:43:03.590Z","iobWithZeroTemp":{"iob":-0.114,"basaliob":-0.381,"bolussnooze":0.0044,"activity":9.0E-4,"lastBolusTime":1703494087446,"time":"2023-12-25T10:43:03.590Z"}},{"iob":-0.117,"basaliob":-0.359,"bolussnooze":0.0028,"activity":5.0E-4,"lastBolusTime":1703494087446,"time":"2023-12-25T10:48:03.590Z","iobWithZeroTemp":{"iob":-0.134,"basaliob":-0.376,"bolussnooze":0.0028,"activity":5.0E-4,"lastBolusTime":1703494087446,"time":"2023-12-25T10:48:03.590Z"}},{"iob":-0.119,"basaliob":-0.337,"bolussnooze":0.0017,"activity":2.0E-4,"lastBolusTime":1703494087446,"time":"2023-12-25T10:53:03.590Z","iobWithZeroTemp":{"iob":-0.158,"basaliob":-0.376,"bolussnooze":0.0017,"activity":1.0E-4,"lastBolusTime":1703494087446,"time":"2023-12-25T10:53:03.590Z"}},{"iob":-0.119,"basaliob":-0.316,"bolussnooze":9.0E-4,"activity":-1.0E-4,"lastBolusTime":1703494087446,"time":"2023-12-25T10:58:03.590Z","iobWithZeroTemp":{"iob":-0.179,"basaliob":-0.376,"bolussnooze":9.0E-4,"activity":-3.0E-4,"lastBolusTime":1703494087446,"time":"2023-12-25T10:58:03.590Z"}},{"iob":-0.118,"basaliob":-0.295,"bolussnooze":4.0E-4,"activity":-3.0E-4,"lastBolusTime":1703494087446,"time":"2023-12-25T11:03:03.590Z","iobWithZeroTemp":{"iob":-0.203,"basaliob":-0.38,"bolussnooze":4.0E-4,"activity":-6.0E-4,"lastBolusTime":1703494087446,"time":"2023-12-25T11:03:03.590Z"}},{"iob":-0.116,"basaliob":-0.275,"bolussnooze":1.0E-4,"activity":-6.0E-4,"lastBolusTime":1703494087446,"time":"2023-12-25T11:08:03.590Z","iobWithZeroTemp":{"iob":-0.226,"basaliob":-0.385,"bolussnooze":1.0E-4,"activity":-0.0011,"lastBolusTime":1703494087446,"time":"2023-12-25T11:08:03.590Z"}},{"iob":-0.112,"basaliob":-0.255,"bolussnooze":0,"activity":-7.0E-4,"lastBolusTime":1703494087446,"time":"2023-12-25T11:13:03.590Z","iobWithZeroTemp":{"iob":-0.247,"basaliob":-0.39,"bolussnooze":0,"activity":-0.0014,"lastBolusTime":1703494087446,"time":"2023-12-25T11:13:03.590Z"}},{"iob":-0.108,"basaliob":-0.236,"bolussnooze":0,"activity":-8.0E-4,"lastBolusTime":1703494087446,"time":"2023-12-25T11:18:03.590Z","iobWithZeroTemp":{"iob":-0.266,"basaliob":-0.394,"bolussnooze":0,"activity":-0.0017,"lastBolusTime":1703494087446,"time":"2023-12-25T11:18:03.590Z"}},{"iob":-0.105,"basaliob":-0.219,"bolussnooze":0,"activity":-9.0E-4,"lastBolusTime":1703494087446,"time":"2023-12-25T11:23:03.590Z","iobWithZeroTemp":{"iob":-0.285,"basaliob":-0.399,"bolussnooze":0,"activity":-0.002,"lastBolusTime":1703494087446,"time":"2023-12-25T11:23:03.590Z"}},{"iob":-0.1,"basaliob":-0.202,"bolussnooze":0,"activity":-0.001,"lastBolusTime":1703494087446,"time":"2023-12-25T11:28:03.590Z","iobWithZeroTemp":{"iob":-0.301,"basaliob":-0.403,"bolussnooze":0,"activity":-0.0023,"lastBolusTime":1703494087446,"time":"2023-12-25T11:28:03.590Z"}},{"iob":-0.095,"basaliob":-0.186,"bolussnooze":0,"activity":-0.001,"lastBolusTime":1703494087446,"time":"2023-12-25T11:33:03.590Z","iobWithZeroTemp":{"iob":-0.316,"basaliob":-0.407,"bolussnooze":0,"activity":-0.0025,"lastBolusTime":1703494087446,"time":"2023-12-25T11:33:03.590Z"}},{"iob":-0.09,"basaliob":-0.171,"bolussnooze":0,"activity":-0.001,"lastBolusTime":1703494087446,"time":"2023-12-25T11:38:03.590Z","iobWithZeroTemp":{"iob":-0.33,"basaliob":-0.411,"bolussnooze":0,"activity":-0.0028,"lastBolusTime":1703494087446,"time":"2023-12-25T11:38:03.590Z"}},{"iob":-0.085,"basaliob":-0.157,"bolussnooze":0,"activity":-0.001,"lastBolusTime":1703494087446,"time":"2023-12-25T11:43:03.590Z","iobWithZeroTemp":{"iob":-0.342,"basaliob":-0.414,"bolussnooze":0,"activity":-0.003,"lastBolusTime":1703494087446,"time":"2023-12-25T11:43:03.590Z"}},{"iob":-0.081,"basaliob":-0.144,"bolussnooze":0,"activity":-9.0E-4,"lastBolusTime":1703494087446,"time":"2023-12-25T11:48:03.590Z","iobWithZeroTemp":{"iob":-0.355,"basaliob":-0.418,"bolussnooze":0,"activity":-0.0031,"lastBolusTime":1703494087446,"time":"2023-12-25T11:48:03.590Z"}},{"iob":-0.075,"basaliob":-0.131,"bolussnooze":0,"activity":-0.001,"lastBolusTime":1703494087446,"time":"2023-12-25T11:53:03.590Z","iobWithZeroTemp":{"iob":-0.364,"basaliob":-0.42,"bolussnooze":0,"activity":-0.0034,"lastBolusTime":1703494087446,"time":"2023-12-25T11:53:03.590Z"}},{"iob":-0.071,"basaliob":-0.12,"bolussnooze":0,"activity":-9.0E-4,"lastBolusTime":1703494087446,"time":"2023-12-25T11:58:03.590Z","iobWithZeroTemp":{"iob":-0.375,"basaliob":-0.424,"bolussnooze":0,"activity":-0.0035,"lastBolusTime":1703494087446,"time":"2023-12-25T11:58:03.590Z"}},{"iob":-0.066,"basaliob":-0.109,"bolussnooze":0,"activity":-9.0E-4,"lastBolusTime":1703494087446,"time":"2023-12-25T12:03:03.590Z","iobWithZeroTemp":{"iob":-0.383,"basaliob":-0.426,"bolussnooze":0,"activity":-0.0037,"lastBolusTime":1703494087446,"time":"2023-12-25T12:03:03.590Z"}},{"iob":-0.062,"basaliob":-0.1,"bolussnooze":0,"activity":-9.0E-4,"lastBolusTime":1703494087446,"time":"2023-12-25T12:08:03.590Z","iobWithZeroTemp":{"iob":-0.391,"basaliob":-0.429,"bolussnooze":0,"activity":-0.0039,"lastBolusTime":1703494087446,"time":"2023-12-25T12:08:03.590Z"}},{"iob":-0.057,"basaliob":-0.09,"bolussnooze":0,"activity":-8.0E-4,"lastBolusTime":1703494087446,"time":"2023-12-25T12:13:03.590Z","iobWithZeroTemp":{"iob":-0.398,"basaliob":-0.431,"bolussnooze":0,"activity":-0.004,"lastBolusTime":1703494087446,"time":"2023-12-25T12:13:03.590Z"}},{"iob":-0.053,"basaliob":-0.082,"bolussnooze":0,"activity":-8.0E-4,"lastBolusTime":1703494087446,"time":"2023-12-25T12:18:03.590Z","iobWithZeroTemp":{"iob":-0.404,"basaliob":-0.433,"bolussnooze":0,"activity":-0.0042,"lastBolusTime":1703494087446,"time":"2023-12-25T12:18:03.590Z"}},{"iob":-0.049,"basaliob":-0.074,"bolussnooze":0,"activity":-8.0E-4,"lastBolusTime":1703494087446,"time":"2023-12-25T12:23:03.590Z","iobWithZeroTemp":{"iob":-0.41,"basaliob":-0.435,"bolussnooze":0,"activity":-0.0043,"lastBolusTime":1703494087446,"time":"2023-12-25T12:23:03.590Z"}},{"iob":-0.045,"basaliob":-0.067,"bolussnooze":0,"activity":-8.0E-4,"lastBolusTime":1703494087446,"time":"2023-12-25T12:28:03.590Z","iobWithZeroTemp":{"iob":-0.415,"basaliob":-0.437,"bolussnooze":0,"activity":-0.0045,"lastBolusTime":1703494087446,"time":"2023-12-25T12:28:03.590Z"}},{"iob":-0.042,"basaliob":-0.061,"bolussnooze":0,"activity":-7.0E-4,"lastBolusTime":1703494087446,"time":"2023-12-25T12:33:03.590Z","iobWithZeroTemp":{"iob":-0.42,"basaliob":-0.439,"bolussnooze":0,"activity":-0.0045,"lastBolusTime":1703494087446,"time":"2023-12-25T12:33:03.590Z"}},{"iob":-0.039,"basaliob":-0.055,"bolussnooze":0,"activity":-6.0E-4,"lastBolusTime":1703494087446,"time":"2023-12-25T12:38:03.590Z","iobWithZeroTemp":{"iob":-0.425,"basaliob":-0.441,"bolussnooze":0,"activity":-0.0046,"lastBolusTime":1703494087446,"time":"2023-12-25T12:38:03.590Z"}},{"iob":-0.035,"basaliob":-0.049,"bolussnooze":0,"activity":-6.0E-4,"lastBolusTime":1703494087446,"time":"2023-12-25T12:43:03.590Z","iobWithZeroTemp":{"iob":-0.428,"basaliob":-0.442,"bolussnooze":0,"activity":-0.0047,"lastBolusTime":1703494087446,"time":"2023-12-25T12:43:03.590Z"}},{"iob":-0.032,"basaliob":-0.044,"bolussnooze":0,"activity":-6.0E-4,"lastBolusTime":1703494087446,"time":"2023-12-25T12:48:03.590Z","iobWithZeroTemp":{"iob":-0.431,"basaliob":-0.443,"bolussnooze":0,"activity":-0.0048,"lastBolusTime":1703494087446,"time":"2023-12-25T12:48:03.590Z"}},{"iob":-0.03,"basaliob":-0.04,"bolussnooze":0,"activity":-6.0E-4,"lastBolusTime":1703494087446,"time":"2023-12-25T12:53:03.590Z","iobWithZeroTemp":{"iob":-0.435,"basaliob":-0.445,"bolussnooze":0,"activity":-0.0049,"lastBolusTime":1703494087446,"time":"2023-12-25T12:53:03.590Z"}},{"iob":-0.027,"basaliob":-0.035,"bolussnooze":0,"activity":-5.0E-4,"lastBolusTime":1703494087446,"time":"2023-12-25T12:58:03.590Z","iobWithZeroTemp":{"iob":-0.437,"basaliob":-0.445,"bolussnooze":0,"activity":-0.0049,"lastBolusTime":1703494087446,"time":"2023-12-25T12:58:03.590Z"}},{"iob":-0.025,"basaliob":-0.032,"bolussnooze":0,"activity":-4.0E-4,"lastBolusTime":1703494087446,"time":"2023-12-25T13:03:03.590Z","iobWithZeroTemp":{"iob":-0.447,"basaliob":-0.454,"bolussnooze":0,"activity":-0.0049,"lastBolusTime":1703494087446,"time":"2023-12-25T13:03:03.590Z"}},{"iob":-0.022,"basaliob":-0.028,"bolussnooze":0,"activity":-5.0E-4,"lastBolusTime":1703494087446,"time":"2023-12-25T13:08:03.590Z","iobWithZeroTemp":{"iob":-0.455,"basaliob":-0.461,"bolussnooze":0,"activity":-0.0051,"lastBolusTime":1703494087446,"time":"2023-12-25T13:08:03.590Z"}},{"iob":-0.02,"basaliob":-0.025,"bolussnooze":0,"activity":-4.0E-4,"lastBolusTime":1703494087446,"time":"2023-12-25T13:13:03.590Z","iobWithZeroTemp":{"iob":-0.464,"basaliob":-0.469,"bolussnooze":0,"activity":-0.0051,"lastBolusTime":1703494087446,"time":"2023-12-25T13:13:03.590Z"}},{"iob":-0.018,"basaliob":-0.022,"bolussnooze":0,"activity":-3.0E-4,"lastBolusTime":1703494087446,"time":"2023-12-25T13:18:03.590Z","iobWithZeroTemp":{"iob":-0.472,"basaliob":-0.476,"bolussnooze":0,"activity":-0.0052,"lastBolusTime":1703494087446,"time":"2023-12-25T13:18:03.590Z"}},{"iob":-0.017,"basaliob":-0.02,"bolussnooze":0,"activity":-4.0E-4,"lastBolusTime":1703494087446,"time":"2023-12-25T13:23:03.590Z","iobWithZeroTemp":{"iob":-0.481,"basaliob":-0.484,"bolussnooze":0,"activity":-0.0054,"lastBolusTime":1703494087446,"time":"2023-12-25T13:23:03.590Z"}},{"iob":-0.016,"basaliob":-0.018,"bolussnooze":0,"activity":-3.0E-4,"lastBolusTime":1703494087446,"time":"2023-12-25T13:28:03.590Z","iobWithZeroTemp":{"iob":-0.489,"basaliob":-0.491,"bolussnooze":0,"activity":-0.0054,"lastBolusTime":1703494087446,"time":"2023-12-25T13:28:03.590Z"}},{"iob":-0.013,"basaliob":-0.015,"bolussnooze":0,"activity":-3.0E-4,"lastBolusTime":1703494087446,"time":"2023-12-25T13:33:03.590Z","iobWithZeroTemp":{"iob":-0.494,"basaliob":-0.496,"bolussnooze":0,"activity":-0.0055,"lastBolusTime":1703494087446,"time":"2023-12-25T13:33:03.590Z"}},{"iob":-0.013,"basaliob":-0.014,"bolussnooze":0,"activity":-2.0E-4,"lastBolusTime":1703494087446,"time":"2023-12-25T13:38:03.590Z","iobWithZeroTemp":{"iob":-0.502,"basaliob":-0.503,"bolussnooze":0,"activity":-0.0055,"lastBolusTime":1703494087446,"time":"2023-12-25T13:38:03.590Z"}},{"iob":-0.011,"basaliob":-0.012,"bolussnooze":0,"activity":-2.0E-4,"lastBolusTime":1703494087446,"time":"2023-12-25T13:43:03.590Z","iobWithZeroTemp":{"iob":-0.508,"basaliob":-0.509,"bolussnooze":0,"activity":-0.0056,"lastBolusTime":1703494087446,"time":"2023-12-25T13:43:03.590Z"}},{"iob":-0.009,"basaliob":-0.01,"bolussnooze":0,"activity":-2.0E-4,"lastBolusTime":1703494087446,"time":"2023-12-25T13:48:03.590Z","iobWithZeroTemp":{"iob":-0.513,"basaliob":-0.514,"bolussnooze":0,"activity":-0.0057,"lastBolusTime":1703494087446,"time":"2023-12-25T13:48:03.590Z"}},{"iob":-0.009,"basaliob":-0.009,"bolussnooze":0,"activity":-2.0E-4,"lastBolusTime":1703494087446,"time":"2023-12-25T13:53:03.590Z","iobWithZeroTemp":{"iob":-0.519,"basaliob":-0.519,"bolussnooze":0,"activity":-0.0058,"lastBolusTime":1703494087446,"time":"2023-12-25T13:53:03.590Z"}},{"iob":-0.008,"basaliob":-0.008,"bolussnooze":0,"activity":-2.0E-4,"lastBolusTime":1703494087446,"time":"2023-12-25T13:58:03.590Z","iobWithZeroTemp":{"iob":-0.524,"basaliob":-0.524,"bolussnooze":0,"activity":-0.0059,"lastBolusTime":1703494087446,"time":"2023-12-25T13:58:03.590Z"}},{"iob":-0.007,"basaliob":-0.007,"bolussnooze":0,"activity":-2.0E-4,"lastBolusTime":1703494087446,"time":"2023-12-25T14:03:03.590Z","iobWithZeroTemp":{"iob":-0.505,"basaliob":-0.505,"bolussnooze":0,"activity":-0.006,"lastBolusTime":1703494087446,"time":"2023-12-25T14:03:03.590Z"}},{"iob":-0.006,"basaliob":-0.006,"bolussnooze":0,"activity":-2.0E-4,"lastBolusTime":1703494087446,"time":"2023-12-25T14:08:03.590Z","iobWithZeroTemp":{"iob":-0.486,"basaliob":-0.486,"bolussnooze":0,"activity":-0.006,"lastBolusTime":1703494087446,"time":"2023-12-25T14:08:03.590Z"}},{"iob":-0.005,"basaliob":-0.005,"bolussnooze":0,"activity":-2.0E-4,"lastBolusTime":1703494087446,"time":"2023-12-25T14:13:03.590Z","iobWithZeroTemp":{"iob":-0.467,"basaliob":-0.467,"bolussnooze":0,"activity":-0.0059,"lastBolusTime":1703494087446,"time":"2023-12-25T14:13:03.590Z"}},{"iob":-0.004,"basaliob":-0.004,"bolussnooze":0,"activity":-1.0E-4,"lastBolusTime":1703494087446,"time":"2023-12-25T14:18:03.590Z","iobWithZeroTemp":{"iob":-0.449,"basaliob":-0.449,"bolussnooze":0,"activity":-0.0058,"lastBolusTime":1703494087446,"time":"2023-12-25T14:18:03.590Z"}},{"iob":-0.004,"basaliob":-0.004,"bolussnooze":0,"activity":-1.0E-4,"lastBolusTime":1703494087446,"time":"2023-12-25T14:23:03.590Z","iobWithZeroTemp":{"iob":-0.432,"basaliob":-0.432,"bolussnooze":0,"activity":-0.0057,"lastBolusTime":1703494087446,"time":"2023-12-25T14:23:03.590Z"}},{"iob":-0.003,"basaliob":-0.003,"bolussnooze":0,"activity":-1.0E-4,"lastBolusTime":1703494087446,"time":"2023-12-25T14:28:03.590Z","iobWithZeroTemp":{"iob":-0.414,"basaliob":-0.414,"bolussnooze":0,"activity":-0.0056,"lastBolusTime":1703494087446,"time":"2023-12-25T14:28:03.590Z"}},{"iob":-0.003,"basaliob":-0.003,"bolussnooze":0,"activity":-1.0E-4,"lastBolusTime":1703494087446,"time":"2023-12-25T14:33:03.590Z","iobWithZeroTemp":{"iob":-0.398,"basaliob":-0.398,"bolussnooze":0,"activity":-0.0054,"lastBolusTime":1703494087446,"time":"2023-12-25T14:33:03.590Z"}},{"iob":-0.002,"basaliob":-0.002,"bolussnooze":0,"activity":-1.0E-4,"lastBolusTime":1703494087446,"time":"2023-12-25T14:38:03.590Z","iobWithZeroTemp":{"iob":-0.381,"basaliob":-0.381,"bolussnooze":0,"activity":-0.0053,"lastBolusTime":1703494087446,"time":"2023-12-25T14:38:03.590Z"}}],"profile":{"max_iob":10,"type":"current","max_daily_basal":0.41,"max_basal":1.05,"min_bg":130,"max_bg":130,"target_bg":130,"carb_ratio":7.639,"sens":140.517,"max_daily_safety_multiplier":3,"current_basal_safety_multiplier":4,"lgsThreshold":95,"high_temptarget_raises_sensitivity":true,"low_temptarget_lowers_sensitivity":true,"sensitivity_raises_target":true,"resistance_lowers_target":true,"adv_target_adjustments":false,"exercise_mode":false,"half_basal_exercise_target":160,"maxCOB":120,"skip_neutral_temps":false,"remainingCarbsCap":90,"enableUAM":true,"A52_risk_enable":false,"SMBInterval":3,"enableSMB_with_COB":true,"enableSMB_with_temptarget":true,"allowSMB_with_high_temptarget":false,"enableSMB_always":false,"enableSMB_after_carbs":true,"maxSMBBasalMinutes":30,"maxUAMSMBBasalMinutes":40,"bolus_increment":0.05,"carbsReqThreshold":4,"current_basal":0.25,"temptargetSet":true,"autosens_max":1.3,"autosens_min":0.7,"variable_sens":288.7,"insulinDivisor":75,"TDD":12.20403666190476},"autosens_data":{"ratio":1.057031734931996},"meal_data":{"carbs":13,"mealCOB":1.847024147252649,"slopeFromMaxDeviation":-1.7408000000000001,"slopeFromMinDeviation":0,"lastBolusTime":1703494087446,"lastCarbTime":1703492159954},"microBolusAllowed":true,"currentTime":1703500984858,"flatBGsDetected":false,"tdd1D":15.581666666666663,"tdd7D":15.151547619047617,"tddLast24H":16.015666666666657,"tddLast4H":2.4603333333333333,"tddLast8to4H":1.101333333333333},"output":{"temp":"absolute","bg":50,"tick":-4,"eventualBG":101,"targetBG":130,"insulinReq":0,"deliverAt":"2023-12-25T10:43:04.858Z","sensitivityRatio":0.67,"variable_sens":288.7,"predBGs":{"IOB":[50,47,44,42,41,40,40,40,40,41,43,44,46,47,49,50,51,53,54,55,56,57,58,59,60,61,61,62,63,63,64,64,65,65,65,66,66,66,67,67,67,67,67,68],"ZT":[50,49,48,48,48,49,51,53,55,58,61,64,67,71,74,78,81,85,89,93,97,100,104,108,112,116,119,123,127],"COB":[50,47,44,42,41,40,40,40,41,42,43,45,47,48,50,52,54,55,57,59,61,62,64,66,67,69,71,72,74,75,77,78,80,81,83,84,85,87,88,90,91,92,94,95,97,98,100,101],"UAM":[50,47,44,42,41,40,40,40,40,41,43,44,46,47,49,50,51,53,54,55,56,57,58,59,60,61,61,62,63,63,64,64,65,65,65,66,66,66,67,67,67,67,67,68]},"reason":"COB: 1.8, Dev: -7, BGI: -1, ISF: 289, CR: 7.64, Target: 130, minPredBG 57, minGuardBG 40, IOBpredBG 68, COBpredBG 101, UAMpredBG 68; minGuardBG 40<95","COB":1.847024147252649,"IOB":-0.114,"duration":90,"rate":0,"timestamp":"2023-12-25T10:43:04.891Z"}}