{"algorithm":"OpenAPSSMBDynamicISFPlugin","input":{"glucoseStatus":{"glucose":108,"noise":0,"delta":-16.06,"short_avgdelta":-16.06,"long_avgdelta":0.15,"date":1703592460000},"currenttemp":{"temp":"absolute","duration":110,"rate":0,"minutesrunning":10},"iob_data":[{"iob":2.146,"basaliob":-0.259,"bolussnooze":1.8005,"activity":0.0177,"lastBolusTime":1703590931143,"time":"2023-12-26T12:08:04.189Z","iobWithZeroTemp":{"iob":2.146,"basaliob":-0.259,"bolussnooze":1.8005,"activity":0.0177,"lastBolusTime":1703590931143,"time":"2023-12-26T12:08:04.189Z"}},{"iob":2.055,"basaliob":-0.242,"bolussnooze":1.5769,"activity":0.0191,"lastBolusTime":1703590931143,"time":"2023-12-26T12:13:04.189Z","iobWithZeroTemp":{"iob":2.039,"basaliob":-0.258,"bolussnooze":1.5769,"activity":0.0191,"lastBolusTime":1703590931143,"time":"2023-12-26T12:13:04.189Z"}},{"iob":1.957,"basaliob":-0.226,"bolussnooze":1.3666,"activity":0.0199,"lastBolusTime":1703590931143,"time":"2023-12-26T12:18:04.189Z","iobWithZeroTemp":{"iob":1.922,"basaliob":-0.261,"bolussnooze":1.3666,"activity":0.0198,"lastBolusTime":1703590931143,"time":"2023-12-26T12:18:04.189Z"}},{"iob":1.856,"basaliob":-0.211,"bolussnooze":1.1735,"activity":0.0205,"lastBolusTime":1703590931143,"time":"2023-12-26T12:23:04.189Z","iobWithZeroTemp":{"iob":1.801,"basaliob":-0.266,"bolussnooze":1.1735,"activity":0.0203,"lastBolusTime":1703590931143,"time":"2023-12-26T12:23:04.189Z"}},{"iob":1.753,"basaliob":-0.196,"bolussnooze":0.9995,"activity":0.0206,"lastBolusTime":1703590931143,"time":"2023-12-26T12:28:04.189Z","iobWithZeroTemp":{"iob":1.68,"basaliob":-0.269,"bolussnooze":0.9995,"activity":0.0203,"lastBolusTime":1703590931143,"time":"2023-12-26T12:28:04.189Z"}},{"iob":1.651,"basaliob":-0.181,"bolussnooze":0.8448,"activity":0.0205,"lastBolusTime":1703590931143,"time":"2023-12-26T12:33:04.189Z","iobWithZeroTemp":{"iob":1.56,"basaliob":-0.272,"bolussnooze":0.8448,"activity":0.0201,"lastBolusTime":1703590931143,"time":"2023-12-26T12:33:04.189Z"}},{"iob":1.549,"basaliob":-0.168,"bolussnooze":0.7091,"activity":0.0201,"lastBolusTime":1703590931143,"time":"2023-12-26T12:38:04.189Z","iobWithZeroTemp":{"iob":1.44,"basaliob":-0.277,"bolussnooze":0.7091,"activity":0.0195,"lastBolusTime":1703590931143,"time":"2023-12-26T12:38:04.189Z"}},{"iob":1.449,"basaliob":-0.155,"bolussnooze":0.5913,"activity":0.0197,"lastBolusTime":1703590931143,"time":"2023-12-26T12:43:04.189Z","iobWithZeroTemp":{"iob":1.324,"basaliob":-0.28,"bolussnooze":0.5913,"activity":0.019,"lastBolusTime":1703590931143,"time":"2023-12-26T12:43:04.189Z"}},{"iob":1.352,"basaliob":-0.143,"bolussnooze":0.4899,"activity":0.019,"lastBolusTime":1703590931143,"time":"2023-12-26T12:48:04.189Z","iobWithZeroTemp":{"iob":1.211,"basaliob":-0.284,"bolussnooze":0.4899,"activity":0.0181,"lastBolusTime":1703590931143,"time":"2023-12-26T12:48:04.189Z"}},{"iob":1.259,"basaliob":-0.131,"bolussnooze":0.4033,"activity":0.0184,"lastBolusTime":1703590931143,"time":"2023-12-26T12:53:04.189Z","iobWithZeroTemp":{"iob":1.103,"basaliob":-0.287,"bolussnooze":0.4033,"activity":0.0173,"lastBolusTime":1703590931143,"time":"2023-12-26T12:53:04.189Z"}},{"iob":1.169,"basaliob":-0.12,"bolussnooze":0.3299,"activity":0.0176,"lastBolusTime":1703590931143,"time":"2023-12-26T12:58:04.189Z","iobWithZeroTemp":{"iob":0.999,"basaliob":-0.29,"bolussnooze":0.3299,"activity":0.0164,"lastBolusTime":1703590931143,"time":"2023-12-26T12:58:04.189Z"}},{"iob":1.083,"basaliob":-0.11,"bolussnooze":0.2682,"activity":0.0167,"lastBolusTime":1703590931143,"time":"2023-12-26T13:03:04.189Z","iobWithZeroTemp":{"iob":0.893,"basaliob":-0.3,"bolussnooze":0.2682,"activity":0.0153,"lastBolusTime":1703590931143,"time":"2023-12-26T13:03:04.189Z"}},{"iob":1.001,"basaliob":-0.101,"bolussnooze":0.2166,"activity":0.0159,"lastBolusTime":1703590931143,"time":"2023-12-26T13:08:04.189Z","iobWithZeroTemp":{"iob":0.793,"basaliob":-0.309,"bolussnooze":0.2166,"activity":0.0143,"lastBolusTime":1703590931143,"time":"2023-12-26T13:08:04.189Z"}},{"iob":0.924,"basaliob":-0.092,"bolussnooze":0.1737,"activity":0.015,"lastBolusTime":1703590931143,"time":"2023-12-26T13:13:04.189Z","iobWithZeroTemp":{"iob":0.698,"basaliob":-0.318,"bolussnooze":0.1737,"activity":0.0132,"lastBolusTime":1703590931143,"time":"2023-12-26T13:13:04.189Z"}},{"iob":0.851,"basaliob":-0.084,"bolussnooze":0.1383,"activity":0.0141,"lastBolusTime":1703590931143,"time":"2023-12-26T13:18:04.189Z","iobWithZeroTemp":{"iob":0.608,"basaliob":-0.327,"bolussnooze":0.1383,"activity":0.0121,"lastBolusTime":1703590931143,"time":"2023-12-26T13:18:04.189Z"}},{"iob":0.783,"basaliob":-0.076,"bolussnooze":0.1092,"activity":0.0132,"lastBolusTime":1703590931143,"time":"2023-12-26T13:23:04.189Z","iobWithZeroTemp":{"iob":0.524,"basaliob":-0.335,"bolussnooze":0.1092,"activity":0.011,"lastBolusTime":1703590931143,"time":"2023-12-26T13:23:04.189Z"}},{"iob":0.719,"basaliob":-0.069,"bolussnooze":0.0855,"activity":0.0125,"lastBolusTime":1703590931143,"time":"2023-12-26T13:28:04.189Z","iobWithZeroTemp":{"iob":0.445,"basaliob":-0.343,"bolussnooze":0.0855,"activity":0.0101,"lastBolusTime":1703590931143,"time":"2023-12-26T13:28:04.189Z"}},{"iob":0.658,"basaliob":-0.063,"bolussnooze":0.0663,"activity":0.0117,"lastBolusTime":1703590931143,"time":"2023-12-26T13:33:04.189Z","iobWithZeroTemp":{"iob":0.369,"basaliob":-0.352,"bolussnooze":0.0663,"activity":0.0092,"lastBolusTime":1703590931143,"time":"2023-12-26T13:33:04.189Z"}},{"iob":0.602,"basaliob":-0.057,"bolussnooze":0.0509,"activity":0.0109,"lastBolusTime":1703590931143,"time":"2023-12-26T13:38:04.189Z","iobWithZeroTemp":{"iob":0.3,"basaliob":-0.359,"bolussnooze":0.0509,"activity":0.0082,"lastBolusTime":1703590931143,"time":"2023-12-26T13:38:04.189Z"}},{"iob":0.55,"basaliob":-0.051,"bolussnooze":0.0386,"activity":0.0101,"lastBolusTime":1703590931143,"time":"2023-12-26T13:43:04.189Z","iobWithZeroTemp":{"iob":0.236,"basaliob":-0.365,"bolussnooze":0.0386,"activity":0.0072,"lastBolusTime":1703590931143,"time":"2023-12-26T13:43:04.189Z"}},{"iob":0.502,"basaliob":-0.046,"bolussnooze":0.0288,"activity":0.0093,"lastBolusTime":1703590931143,"time":"2023-12-26T13:48:04.189Z","iobWithZeroTemp":{"iob":0.176,"basaliob":-0.372,"bolussnooze":0.0288,"activity":0.0062,"lastBolusTime":1703590931143,"time":"2023-12-26T13:48:04.189Z"}},{"iob":0.456,"basaliob":-0.042,"bolussnooze":0.0211,"activity":0.0086,"lastBolusTime":1703590931143,"time":"2023-12-26T13:53:04.189Z","iobWithZeroTemp":{"iob":0.12,"basaliob":-0.378,"bolussnooze":0.0211,"activity":0.0054,"lastBolusTime":1703590931143,"time":"2023-12-26T13:53:04.189Z"}},{"iob":0.415,"basaliob":-0.038,"bolussnooze":0.0152,"activity":0.008,"lastBolusTime":1703590931143,"time":"2023-12-26T13:58:04.189Z","iobWithZeroTemp":{"iob":0.069,"basaliob":-0.384,"bolussnooze":0.0152,"activity":0.0046,"lastBolusTime":1703590931143,"time":"2023-12-26T13:58:04.189Z"}},{"iob":0.376,"basaliob":-0.034,"bolussnooze":0.0107,"activity":0.0074,"lastBolusTime":1703590931143,"time":"2023-12-26T14:03:04.189Z","iobWithZeroTemp":{"iob":0.036,"basaliob":-0.374,"bolussnooze":0.0107,"activity":0.0039,"lastBolusTime":1703590931143,"time":"2023-12-26T14:03:04.189Z"}},{"iob":0.342,"basaliob":-0.03,"bolussnooze":0.0072,"activity":0.0067,"lastBolusTime":1703590931143,"time":"2023-12-26T14:08:04.189Z","iobWithZeroTemp":{"iob":0.009,"basaliob":-0.363,"bolussnooze":0.0072,"activity":0.0031,"lastBolusTime":1703590931143,"time":"2023-12-26T14:08:04.189Z"}},{"iob":0.309,"basaliob":-0.027,"bolussnooze":0.0047,"activity":0.0062,"lastBolusTime":1703590931143,"time":"2023-12-26T14:13:04.189Z","iobWithZeroTemp":{"iob":-0.017,"basaliob":-0.353,"bolussnooze":0.0047,"activity":0.0025,"lastBolusTime":1703590931143,"time":"2023-12-26T14:13:04.189Z"}},{"iob":0.279,"basaliob":-0.024,"bolussnooze":0.0029,"activity":0.0058,"lastBolusTime":1703590931143,"time":"2023-12-26T14:18:04.189Z","iobWithZeroTemp":{"iob":-0.039,"basaliob":-0.342,"bolussnooze":0.0029,"activity":0.0021,"lastBolusTime":1703590931143,"time":"2023-12-26T14:18:04.189Z"}},{"iob":0.251,"basaliob":-0.022,"bolussnooze":0.0016,"activity":0.0052,"lastBolusTime":1703590931143,"time":"2023-12-26T14:23:04.189Z","iobWithZeroTemp":{"iob":-0.059,"basaliob":-0.332,"bolussnooze":0.0016,"activity":0.0015,"lastBolusTime":1703590931143,"time":"2023-12-26T14:23:04.189Z"}},{"iob":0.227,"basaliob":-0.019,"bolussnooze":8.0E-4,"activity":0.0048,"lastBolusTime":1703590931143,"time":"2023-12-26T14:28:04.189Z","iobWithZeroTemp":{"iob":-0.076,"basaliob":-0.322,"bolussnooze":8.0E-4,"activity":0.0011,"lastBolusTime":1703590931143,"time":"2023-12-26T14:28:04.189Z"}},{"iob":0.204,"basaliob":-0.017,"bolussnooze":3.0E-4,"activity":0.0044,"lastBolusTime":1703590931143,"time":"2023-12-26T14:33:04.189Z","iobWithZeroTemp":{"iob":-0.091,"basaliob":-0.312,"bolussnooze":3.0E-4,"activity":7.0E-4,"lastBolusTime":1703590931143,"time":"2023-12-26T14:33:04.189Z"}},{"iob":0.183,"basaliob":-0.015,"bolussnooze":1.0E-4,"activity":0.004,"lastBolusTime":1703590931143,"time":"2023-12-26T14:38:04.189Z","iobWithZeroTemp":{"iob":-0.105,"basaliob":-0.303,"bolussnooze":1.0E-4,"activity":4.0E-4,"lastBolusTime":1703590931143,"time":"2023-12-26T14:38:04.189Z"}},{"iob":0.164,"basaliob":-0.013,"bolussnooze":0,"activity":0.0037,"lastBolusTime":1703590931143,"time":"2023-12-26T14:43:04.189Z","iobWithZeroTemp":{"iob":-0.117,"basaliob":-0.294,"bolussnooze":0,"activity":1.0E-4,"lastBolusTime":1703590931143,"time":"2023-12-26T14:43:04.189Z"}},{"iob":0.146,"basaliob":-0.012,"bolussnooze":0,"activity":0.0033,"lastBolusTime":1703590931143,"time":"2023-12-26T14:48:04.189Z","iobWithZeroTemp":{"iob":-0.128,"basaliob":-0.286,"bolussnooze":0,"activity":-2.0E-4,"lastBolusTime":1703590931143,"time":"2023-12-26T14:48:04.189Z"}},{"iob":0.13,"basaliob":-0.011,"bolussnooze":0,"activity":0.003,"lastBolusTime":1703590931143,"time":"2023-12-26T14:53:04.189Z","iobWithZeroTemp":{"iob":-0.138,"basaliob":-0.279,"bolussnooze":0,"activity":-5.0E-4,"lastBolusTime":1703590931143,"time":"2023-12-26T14:53:04.189Z"}},{"iob":0.117,"basaliob":-0.009,"bolussnooze":0,"activity":0.0028,"lastBolusTime":1703590931143,"time":"2023-12-26T14:58:04.189Z","iobWithZeroTemp":{"iob":-0.144,"basaliob":-0.27,"bolussnooze":0,"activity":-6.0E-4,"lastBolusTime":1703590931143,"time":"2023-12-26T14:58:04.189Z"}},{"iob":0.104,"basaliob":-0.008,"bolussnooze":0,"activity":0.0025,"lastBolusTime":1703590931143,"time":"2023-12-26T15:03:04.189Z","iobWithZeroTemp":{"iob":-0.151,"basaliob":-0.263,"bolussnooze":0,"activity":-8.0E-4,"lastBolusTime":1703590931143,"time":"2023-12-26T15:03:04.189Z"}},{"iob":0.092,"basaliob":-0.007,"bolussnooze":0,"activity":0.0022,"lastBolusTime":1703590931143,"time":"2023-12-26T15:08:04.189Z","iobWithZeroTemp":{"iob":-0.158,"basaliob":-0.257,"bolussnooze":0,"activity":-0.0011,"lastBolusTime":1703590931143,"time":"2023-12-26T15:08:04.189Z"}},{"iob":0.081,"basaliob":-0.006,"bolussnooze":0,"activity":0.002,"lastBolusTime":1703590931143,"time":"2023-12-26T15:13:04.189Z","iobWithZeroTemp":{"iob":-0.163,"basaliob":-0.25,"bolussnooze":0,"activity":-0.0012,"lastBolusTime":1703590931143,"time":"2023-12-26T15:13:04.189Z"}},{"iob":0.072,"basaliob":-0.005,"bolussnooze":0,"activity":0.0019,"lastBolusTime":1703590931143,"time":"2023-12-26T15:18:04.189Z","iobWithZeroTemp":{"iob":-0.167,"basaliob":-0.244,"bolussnooze":0,"activity":-0.0012,"lastBolusTime":1703590931143,"time":"2023-12-26T15:18:04.189Z"}},{"iob":0.063,"basaliob":-0.005,"bolussnooze":0,"activity":0.0017,"lastBolusTime":1703590931143,"time":"2023-12-26T15:23:04.189Z","iobWithZeroTemp":{"iob":-0.172,"basaliob":-0.24,"bolussnooze":0,"activity":-0.0014,"lastBolusTime":1703590931143,"time":"2023-12-26T15:23:04.189Z"}},{"iob":0.056,"basaliob":-0.004,"bolussnooze":0,"activity":0.0015,"lastBolusTime":1703590931143,"time":"2023-12-26T15:28:04.189Z","iobWithZeroTemp":{"iob":-0.174,"basaliob":-0.234,"bolussnooze":0,"activity":-0.0015,"lastBolusTime":1703590931143,"time":"2023-12-26T15:28:04.189Z"}},{"iob":0.049,"basaliob":-0.003,"bolussnooze":0,"activity":0.0013,"lastBolusTime":1703590931143,"time":"2023-12-26T15:33:04.189Z","iobWithZeroTemp":{"iob":-0.177,"basaliob":-0.229,"bolussnooze":0,"activity":-0.0017,"lastBolusTime":1703590931143,"time":"2023-12-26T15:33:04.189Z"}},{"iob":0.042,"basaliob":-0.003,"bolussnooze":0,"activity":0.0012,"lastBolusTime":1703590931143,"time":"2023-12-26T15:38:04.189Z","iobWithZeroTemp":{"iob":-0.18,"basaliob":-0.225,"bolussnooze":0,"activity":-0.0017,"lastBolusTime":1703590931143,"time":"2023-12-26T15:38:04.189Z"}},{"iob":0.037,"basaliob":-0.003,"bolussnooze":0,"activity":0.001,"lastBolusTime":1703590931143,"time":"2023-12-26T15:43:04.189Z","iobWithZeroTemp":{"iob":-0.182,"basaliob":-0.222,"bolussnooze":0,"activity":-0.0019,"lastBolusTime":1703590931143,"time":"2023-12-26T15:43:04.189Z"}},{"iob":0.032,"basaliob":-0.002,"bolussnooze":0,"activity":9.0E-4,"lastBolusTime":1703590931143,"time":"2023-12-26T15:48:04.189Z","iobWithZeroTemp":{"iob":-0.183,"basaliob":-0.217,"bolussnooze":0,"activity":-0.0019,"lastBolusTime":1703590931143,"time":"2023-12-26T15:48:04.189Z"}},{"iob":0.028,"basaliob":-0.002,"bolussnooze":0,"activity":8.0E-4,"lastBolusTime":1703590931143,"time":"2023-12-26T15:53:04.189Z","iobWithZeroTemp":{"iob":-0.184,"basaliob":-0.214,"bolussnooze":0,"activity":-0.002,"lastBolusTime":1703590931143,"time":"2023-12-26T15:53:04.189Z"}},{"iob":0.023,"basaliob":-0.002,"bolussnooze":0,"activity":7.0E-4,"lastBolusTime":1703590931143,"time":"2023-12-26T15:58:04.189Z","iobWithZeroTemp":{"iob":-0.187,"basaliob":-0.212,"bolussnooze":0,"activity":-0.002,"lastBolusTime":1703590931143,"time":"2023-12-26T15:58:04.189Z"}},{"iob":0.021,"basaliob":-0.001,"bolussnooze":0,"activity":7.0E-4,"lastBolusTime":1703590931143,"time":"2023-12-26T16:03:04.189Z","iobWithZeroTemp":{"iob":-0.186,"basaliob":-0.208,"bolussnooze":0,"activity":-0.002,"lastBolusTime":1703590931143,"time":"2023-12-26T16:03:04.189Z"}}],"profile":{"max_iob":10,"type":"current","max_daily_basal":0.356,"max_basal":0.95,"min_bg":90,"max_bg":90,"target_bg":90,"carb_ratio":8.182,"sens":133.456,"max_daily_safety_multiplier":3,"current_basal_safety_multiplier":4,"lgsThreshold":95,"high_temptarget_raises_sensitivity":true,"low_temptarget_lowers_sensitivity":true,"sensitivity_raises_target":true,"resistance_lowers_target":true,"adv_target_adjustments":false,"exercise_mode":false,"half_basal_exercise_target":160,"maxCOB":120,"skip_neutral_temps":false,"remainingCarbsCap":90,"enableUAM":true,"A52_risk_enable":false,"SMBInterval":3,"enableSMB_with_COB":true,"enableSMB_with_temptarget":true,"allowSMB_with_high_temptarget":false,"enableSMB_always":false,"enableSMB_after_carbs":true,"maxSMBBasalMinutes":30,"maxUAMSMBBasalMinutes":40,"bolus_increment":0.05,"carbsReqThreshold":4,"current_basal":0.25,"temptargetSet":true,"autosens_max":1.3,"autosens_min":0.7,"variable_sens":146.9,"insulinDivisor":75,"TDD":13.739165723809526},"autosens_data":{"ratio":0.9674289351405816},"meal_data":{"carbs":35,"mealCOB":16.508485752427767,"slopeFromMaxDeviation":-7.131666666666668,"slopeFromMinDeviation":0.0945,"lastBolusTime":1703590931143,"lastCarbTime":1703590928205},"microBolusAllowed":true,"currentTime":1703592485649,"flatBGsDetected":false,"tdd1D":15.68566666666667,"tdd7D":15.075095238095239,"tddLast24H":14.584083333333329,"tddLast4H":2.9541666666666666,"tddLast8to4H":2.9755000000000003},"output":{"temp":"absolute","bg":108,"tick":-16,"eventualBG":68,"targetBG":90,"insulinReq":0,"deliverAt":"2023-12-26T12:08:05.649Z","sensitivityRatio":1.2,"variable_sens":146.9,"predBGs":{"IOB":[108,92,74,53,39,39,39,39,39,39,39,39,39],"ZT":[108,95,80,62,40,39,39,39,39,39,39,39,39,39,39,39,39,39,39,39,39,39,39,39,39,39,39,39,39,39,39,39,39,39,39,39,39,39,39,39,39,39,39,39,39,39,39,39],"COB":[108,93,78,63,50,39,39,39,39,39,39,39,39,39,39,39,39,39,39,39,39,39,39,39,40,46,52,57,61,65,69,72,74,76,77,78,78,78,77,75,74,73,72,71,70,70,69,68],"UAM":[108,92,74,53,39,39,39,39,39,39,39,39,39]},"reason":"COB: 16.5, Dev: 79, BGI: -13, ISF: 147, CR: 8.18, Target: 90, minPredBG -254, minGuardBG -293, IOBpredBG 39, COBpredBG 68, UAMpredBG 39; 14 add'l carbs req w\/in 5m; minGuardBG -293<95","COB":16.508485752427767,"IOB":2.146,"carbsReq":14,"carbsReqWithin":5,"duration":120,"rate":0,"timestamp":"2023-12-26T12:08:05.677Z"}}