{"algorithm":"OpenAPSSMBDynamicISFPlugin","input":{"glucoseStatus":{"glucose":149,"noise":0,"delta":4.89,"short_avgdelta":4.89,"long_avgdelta":4.37,"date":1703533658000},"currenttemp":{"temp":"absolute","duration":20,"rate":0.5,"minutesrunning":10},"iob_data":[{"iob":1.238,"basaliob":-0.131,"bolussnooze":0.2882,"activity":0.0197,"lastBolusTime":1703533088659,"time":"2023-12-25T19:48:03.563Z","iobWithZeroTemp":{"iob":1.238,"basaliob":-0.131,"bolussnooze":0.2882,"activity":0.0197,"lastBolusTime":1703533088659,"time":"2023-12-25T19:48:03.563Z"}},{"iob":1.143,"basaliob":-0.125,"bolussnooze":0.2337,"activity":0.0185,"lastBolusTime":1703533088659,"time":"2023-12-25T19:53:03.563Z","iobWithZeroTemp":{"iob":1.123,"basaliob":-0.145,"bolussnooze":0.2337,"activity":0.0185,"lastBolusTime":1703533088659,"time":"2023-12-25T19:53:03.563Z"}},{"iob":1.053,"basaliob":-0.118,"bolussnooze":0.1882,"activity":0.0175,"lastBolusTime":1703533088659,"time":"2023-12-25T19:58:03.563Z","iobWithZeroTemp":{"iob":1.009,"basaliob":-0.162,"bolussnooze":0.1882,"activity":0.0174,"lastBolusTime":1703533088659,"time":"2023-12-25T19:58:03.563Z"}},{"iob":0.968,"basaliob":-0.112,"bolussnooze":0.1505,"activity":0.0165,"lastBolusTime":1703533088659,"time":"2023-12-25T20:03:03.563Z","iobWithZeroTemp":{"iob":0.896,"basaliob":-0.184,"bolussnooze":0.1505,"activity":0.0163,"lastBolusTime":1703533088659,"time":"2023-12-25T20:03:03.563Z"}},{"iob":0.888,"basaliob":-0.105,"bolussnooze":0.1195,"activity":0.0154,"lastBolusTime":1703533088659,"time":"2023-12-25T20:08:03.563Z","iobWithZeroTemp":{"iob":0.79,"basaliob":-0.203,"bolussnooze":0.1195,"activity":0.015,"lastBolusTime":1703533088659,"time":"2023-12-25T20:08:03.563Z"}},{"iob":0.814,"basaliob":-0.098,"bolussnooze":0.0941,"activity":0.0144,"lastBolusTime":1703533088659,"time":"2023-12-25T20:13:03.563Z","iobWithZeroTemp":{"iob":0.689,"basaliob":-0.223,"bolussnooze":0.0941,"activity":0.0139,"lastBolusTime":1703533088659,"time":"2023-12-25T20:13:03.563Z"}},{"iob":0.745,"basaliob":-0.092,"bolussnooze":0.0734,"activity":0.0134,"lastBolusTime":1703533088659,"time":"2023-12-25T20:18:03.563Z","iobWithZeroTemp":{"iob":0.595,"basaliob":-0.242,"bolussnooze":0.0734,"activity":0.0126,"lastBolusTime":1703533088659,"time":"2023-12-25T20:18:03.563Z"}},{"iob":0.68,"basaliob":-0.086,"bolussnooze":0.0567,"activity":0.0125,"lastBolusTime":1703533088659,"time":"2023-12-25T20:23:03.563Z","iobWithZeroTemp":{"iob":0.506,"basaliob":-0.26,"bolussnooze":0.0567,"activity":0.0115,"lastBolusTime":1703533088659,"time":"2023-12-25T20:23:03.563Z"}},{"iob":0.62,"basaliob":-0.08,"bolussnooze":0.0434,"activity":0.0115,"lastBolusTime":1703533088659,"time":"2023-12-25T20:28:03.563Z","iobWithZeroTemp":{"iob":0.423,"basaliob":-0.277,"bolussnooze":0.0434,"activity":0.0103,"lastBolusTime":1703533088659,"time":"2023-12-25T20:28:03.563Z"}},{"iob":0.564,"basaliob":-0.074,"bolussnooze":0.0327,"activity":0.0107,"lastBolusTime":1703533088659,"time":"2023-12-25T20:33:03.563Z","iobWithZeroTemp":{"iob":0.346,"basaliob":-0.292,"bolussnooze":0.0327,"activity":0.0092,"lastBolusTime":1703533088659,"time":"2023-12-25T20:33:03.563Z"}},{"iob":0.513,"basaliob":-0.069,"bolussnooze":0.0243,"activity":0.0099,"lastBolusTime":1703533088659,"time":"2023-12-25T20:38:03.563Z","iobWithZeroTemp":{"iob":0.274,"basaliob":-0.308,"bolussnooze":0.0243,"activity":0.0082,"lastBolusTime":1703533088659,"time":"2023-12-25T20:38:03.563Z"}},{"iob":0.465,"basaliob":-0.064,"bolussnooze":0.0178,"activity":0.0091,"lastBolusTime":1703533088659,"time":"2023-12-25T20:43:03.563Z","iobWithZeroTemp":{"iob":0.207,"basaliob":-0.322,"bolussnooze":0.0178,"activity":0.0072,"lastBolusTime":1703533088659,"time":"2023-12-25T20:43:03.563Z"}},{"iob":0.421,"basaliob":-0.059,"bolussnooze":0.0127,"activity":0.0084,"lastBolusTime":1703533088659,"time":"2023-12-25T20:48:03.563Z","iobWithZeroTemp":{"iob":0.145,"basaliob":-0.335,"bolussnooze":0.0127,"activity":0.0062,"lastBolusTime":1703533088659,"time":"2023-12-25T20:48:03.563Z"}},{"iob":0.381,"basaliob":-0.054,"bolussnooze":0.0089,"activity":0.0077,"lastBolusTime":1703533088659,"time":"2023-12-25T20:53:03.563Z","iobWithZeroTemp":{"iob":0.088,"basaliob":-0.347,"bolussnooze":0.0089,"activity":0.0053,"lastBolusTime":1703533088659,"time":"2023-12-25T20:53:03.563Z"}},{"iob":0.344,"basaliob":-0.05,"bolussnooze":0.006,"activity":0.0071,"lastBolusTime":1703533088659,"time":"2023-12-25T20:58:03.563Z","iobWithZeroTemp":{"iob":0.035,"basaliob":-0.359,"bolussnooze":0.006,"activity":0.0045,"lastBolusTime":1703533088659,"time":"2023-12-25T20:58:03.563Z"}},{"iob":0.31,"basaliob":-0.046,"bolussnooze":0.0039,"activity":0.0065,"lastBolusTime":1703533088659,"time":"2023-12-25T21:03:03.563Z","iobWithZeroTemp":{"iob":-0.01,"basaliob":-0.366,"bolussnooze":0.0039,"activity":0.0037,"lastBolusTime":1703533088659,"time":"2023-12-25T21:03:03.563Z"}},{"iob":0.279,"basaliob":-0.042,"bolussnooze":0.0024,"activity":0.006,"lastBolusTime":1703533088659,"time":"2023-12-25T21:08:03.563Z","iobWithZeroTemp":{"iob":-0.051,"basaliob":-0.372,"bolussnooze":0.0024,"activity":0.003,"lastBolusTime":1703533088659,"time":"2023-12-25T21:08:03.563Z"}},{"iob":0.251,"basaliob":-0.038,"bolussnooze":0.0013,"activity":0.0054,"lastBolusTime":1703533088659,"time":"2023-12-25T21:13:03.563Z","iobWithZeroTemp":{"iob":-0.088,"basaliob":-0.377,"bolussnooze":0.0013,"activity":0.0022,"lastBolusTime":1703533088659,"time":"2023-12-25T21:13:03.563Z"}},{"iob":0.225,"basaliob":-0.035,"bolussnooze":6.0E-4,"activity":0.005,"lastBolusTime":1703533088659,"time":"2023-12-25T21:18:03.563Z","iobWithZeroTemp":{"iob":-0.122,"basaliob":-0.382,"bolussnooze":6.0E-4,"activity":0.0016,"lastBolusTime":1703533088659,"time":"2023-12-25T21:18:03.563Z"}},{"iob":0.201,"basaliob":-0.032,"bolussnooze":2.0E-4,"activity":0.0045,"lastBolusTime":1703533088659,"time":"2023-12-25T21:23:03.563Z","iobWithZeroTemp":{"iob":-0.153,"basaliob":-0.386,"bolussnooze":2.0E-4,"activity":0.001,"lastBolusTime":1703533088659,"time":"2023-12-25T21:23:03.563Z"}},{"iob":0.18,"basaliob":-0.029,"bolussnooze":0,"activity":0.0041,"lastBolusTime":1703533088659,"time":"2023-12-25T21:28:03.563Z","iobWithZeroTemp":{"iob":-0.18,"basaliob":-0.389,"bolussnooze":0,"activity":4.0E-4,"lastBolusTime":1703533088659,"time":"2023-12-25T21:28:03.563Z"}},{"iob":0.161,"basaliob":-0.026,"bolussnooze":0,"activity":0.0037,"lastBolusTime":1703533088659,"time":"2023-12-25T21:33:03.563Z","iobWithZeroTemp":{"iob":-0.205,"basaliob":-0.392,"bolussnooze":0,"activity":-1.0E-4,"lastBolusTime":1703533088659,"time":"2023-12-25T21:33:03.563Z"}},{"iob":0.143,"basaliob":-0.024,"bolussnooze":0,"activity":0.0033,"lastBolusTime":1703533088659,"time":"2023-12-25T21:38:03.563Z","iobWithZeroTemp":{"iob":-0.228,"basaliob":-0.395,"bolussnooze":0,"activity":-6.0E-4,"lastBolusTime":1703533088659,"time":"2023-12-25T21:38:03.563Z"}},{"iob":0.127,"basaliob":-0.022,"bolussnooze":0,"activity":0.0031,"lastBolusTime":1703533088659,"time":"2023-12-25T21:43:03.563Z","iobWithZeroTemp":{"iob":-0.249,"basaliob":-0.398,"bolussnooze":0,"activity":-9.0E-4,"lastBolusTime":1703533088659,"time":"2023-12-25T21:43:03.563Z"}},{"iob":0.112,"basaliob":-0.02,"bolussnooze":0,"activity":0.0027,"lastBolusTime":1703533088659,"time":"2023-12-25T21:48:03.563Z","iobWithZeroTemp":{"iob":-0.268,"basaliob":-0.4,"bolussnooze":0,"activity":-0.0014,"lastBolusTime":1703533088659,"time":"2023-12-25T21:48:03.563Z"}},{"iob":0.1,"basaliob":-0.018,"bolussnooze":0,"activity":0.0024,"lastBolusTime":1703533088659,"time":"2023-12-25T21:53:03.563Z","iobWithZeroTemp":{"iob":-0.284,"basaliob":-0.402,"bolussnooze":0,"activity":-0.0018,"lastBolusTime":1703533088659,"time":"2023-12-25T21:53:03.563Z"}},{"iob":0.088,"basaliob":-0.016,"bolussnooze":0,"activity":0.0023,"lastBolusTime":1703533088659,"time":"2023-12-25T21:58:03.563Z","iobWithZeroTemp":{"iob":-0.299,"basaliob":-0.403,"bolussnooze":0,"activity":-0.002,"lastBolusTime":1703533088659,"time":"2023-12-25T21:58:03.563Z"}},{"iob":0.078,"basaliob":-0.014,"bolussnooze":0,"activity":0.002,"lastBolusTime":1703533088659,"time":"2023-12-25T22:03:03.563Z","iobWithZeroTemp":{"iob":-0.311,"basaliob":-0.403,"bolussnooze":0,"activity":-0.0023,"lastBolusTime":1703533088659,"time":"2023-12-25T22:03:03.563Z"}},{"iob":0.068,"basaliob":-0.013,"bolussnooze":0,"activity":0.0018,"lastBolusTime":1703533088659,"time":"2023-12-25T22:08:03.563Z","iobWithZeroTemp":{"iob":-0.322,"basaliob":-0.403,"bolussnooze":0,"activity":-0.0026,"lastBolusTime":1703533088659,"time":"2023-12-25T22:08:03.563Z"}},{"iob":0.059,"basaliob":-0.012,"bolussnooze":0,"activity":0.0016,"lastBolusTime":1703533088659,"time":"2023-12-25T22:13:03.563Z","iobWithZeroTemp":{"iob":-0.332,"basaliob":-0.403,"bolussnooze":0,"activity":-0.0028,"lastBolusTime":1703533088659,"time":"2023-12-25T22:13:03.563Z"}},{"iob":0.053,"basaliob":-0.01,"bolussnooze":0,"activity":0.0015,"lastBolusTime":1703533088659,"time":"2023-12-25T22:18:03.563Z","iobWithZeroTemp":{"iob":-0.339,"basaliob":-0.402,"bolussnooze":0,"activity":-0.003,"lastBolusTime":1703533088659,"time":"2023-12-25T22:18:03.563Z"}},{"iob":0.046,"basaliob":-0.009,"bolussnooze":0,"activity":0.0013,"lastBolusTime":1703533088659,"time":"2023-12-25T22:23:03.563Z","iobWithZeroTemp":{"iob":-0.346,"basaliob":-0.401,"bolussnooze":0,"activity":-0.0032,"lastBolusTime":1703533088659,"time":"2023-12-25T22:23:03.563Z"}},{"iob":0.04,"basaliob":-0.008,"bolussnooze":0,"activity":0.0011,"lastBolusTime":1703533088659,"time":"2023-12-25T22:28:03.563Z","iobWithZeroTemp":{"iob":-0.353,"basaliob":-0.401,"bolussnooze":0,"activity":-0.0034,"lastBolusTime":1703533088659,"time":"2023-12-25T22:28:03.563Z"}},{"iob":0.034,"basaliob":-0.007,"bolussnooze":0,"activity":0.001,"lastBolusTime":1703533088659,"time":"2023-12-25T22:33:03.563Z","iobWithZeroTemp":{"iob":-0.359,"basaliob":-0.4,"bolussnooze":0,"activity":-0.0036,"lastBolusTime":1703533088659,"time":"2023-12-25T22:33:03.563Z"}},{"iob":0.029,"basaliob":-0.007,"bolussnooze":0,"activity":8.0E-4,"lastBolusTime":1703533088659,"time":"2023-12-25T22:38:03.563Z","iobWithZeroTemp":{"iob":-0.364,"basaliob":-0.4,"bolussnooze":0,"activity":-0.0038,"lastBolusTime":1703533088659,"time":"2023-12-25T22:38:03.563Z"}},{"iob":0.025,"basaliob":-0.006,"bolussnooze":0,"activity":8.0E-4,"lastBolusTime":1703533088659,"time":"2023-12-25T22:43:03.563Z","iobWithZeroTemp":{"iob":-0.368,"basaliob":-0.399,"bolussnooze":0,"activity":-0.0038,"lastBolusTime":1703533088659,"time":"2023-12-25T22:43:03.563Z"}},{"iob":0.022,"basaliob":-0.005,"bolussnooze":0,"activity":7.0E-4,"lastBolusTime":1703533088659,"time":"2023-12-25T22:48:03.563Z","iobWithZeroTemp":{"iob":-0.371,"basaliob":-0.398,"bolussnooze":0,"activity":-0.0039,"lastBolusTime":1703533088659,"time":"2023-12-25T22:48:03.563Z"}},{"iob":0.018,"basaliob":-0.005,"bolussnooze":0,"activity":6.0E-4,"lastBolusTime":1703533088659,"time":"2023-12-25T22:53:03.563Z","iobWithZeroTemp":{"iob":-0.375,"basaliob":-0.398,"bolussnooze":0,"activity":-0.004,"lastBolusTime":1703533088659,"time":"2023-12-25T22:53:03.563Z"}},{"iob":0.015,"basaliob":-0.004,"bolussnooze":0,"activity":5.0E-4,"lastBolusTime":1703533088659,"time":"2023-12-25T22:58:03.563Z","iobWithZeroTemp":{"iob":-0.377,"basaliob":-0.396,"bolussnooze":0,"activity":-0.0041,"lastBolusTime":1703533088659,"time":"2023-12-25T22:58:03.563Z"}},{"iob":0.012,"basaliob":-0.004,"bolussnooze":0,"activity":5.0E-4,"lastBolusTime":1703533088659,"time":"2023-12-25T23:03:03.563Z","iobWithZeroTemp":{"iob":-0.38,"basaliob":-0.396,"bolussnooze":0,"activity":-0.0041,"lastBolusTime":1703533088659,"time":"2023-12-25T23:03:03.563Z"}},{"iob":0.011,"basaliob":-0.003,"bolussnooze":0,"activity":4.0E-4,"lastBolusTime":1703533088659,"time":"2023-12-25T23:08:03.563Z","iobWithZeroTemp":{"iob":-0.38,"basaliob":-0.394,"bolussnooze":0,"activity":-0.0042,"lastBolusTime":1703533088659,"time":"2023-12-25T23:08:03.563Z"}},{"iob":0.009,"basaliob":-0.003,"bolussnooze":0,"activity":3.0E-4,"lastBolusTime":1703533088659,"time":"2023-12-25T23:13:03.563Z","iobWithZeroTemp":{"iob":-0.381,"basaliob":-0.393,"bolussnooze":0,"activity":-0.0043,"lastBolusTime":1703533088659,"time":"2023-12-25T23:13:03.563Z"}},{"iob":0.008,"basaliob":-0.002,"bolussnooze":0,"activity":3.0E-4,"lastBolusTime":1703533088659,"time":"2023-12-25T23:18:03.563Z","iobWithZeroTemp":{"iob":-0.381,"basaliob":-0.391,"bolussnooze":0,"activity":-0.0043,"lastBolusTime":1703533088659,"time":"2023-12-25T23:18:03.563Z"}},{"iob":0.006,"basaliob":-0.002,"bolussnooze":0,"activity":2.0E-4,"lastBolusTime":1703533088659,"time":"2023-12-25T23:23:03.563Z","iobWithZeroTemp":{"iob":-0.382,"basaliob":-0.39,"bolussnooze":0,"activity":-0.0044,"lastBolusTime":1703533088659,"time":"2023-12-25T23:23:03.563Z"}},{"iob":0.004,"basaliob":-0.002,"bolussnooze":0,"activity":2.0E-4,"lastBolusTime":1703533088659,"time":"2023-12-25T23:28:03.563Z","iobWithZeroTemp":{"iob":-0.384,"basaliob":-0.39,"bolussnooze":0,"activity":-0.0044,"lastBolusTime":1703533088659,"time":"2023-12-25T23:28:03.563Z"}},{"iob":0.003,"basaliob":-0.002,"bolussnooze":0,"activity":2.0E-4,"lastBolusTime":1703533088659,"time":"2023-12-25T23:33:03.563Z","iobWithZeroTemp":{"iob":-0.384,"basaliob":-0.389,"bolussnooze":0,"activity":-0.0044,"lastBolusTime":1703533088659,"time":"2023-12-25T23:33:03.563Z"}},{"iob":0.003,"basaliob":-0.001,"bolussnooze":0,"activity":2.0E-4,"lastBolusTime":1703533088659,"time":"2023-12-25T23:38:03.563Z","iobWithZeroTemp":{"iob":-0.383,"basaliob":-0.387,"bolussnooze":0,"activity":-0.0044,"lastBolusTime":1703533088659,"time":"2023-12-25T23:38:03.563Z"}},{"iob":0.002,"basaliob":-0.001,"bolussnooze":0,"activity":2.0E-4,"lastBolusTime":1703533088659,"time":"2023-12-25T23:43:03.563Z","iobWithZeroTemp":{"iob":-0.383,"basaliob":-0.386,"bolussnooze":0,"activity":-0.0044,"lastBolusTime":1703533088659,"time":"2023-12-25T23:43:03.563Z"}}],"profile":{"max_iob":10,"type":"current","max_daily_basal":0.41,"max_basal":1.2,"min_bg":90,"max_bg":90,"target_bg":90,"carb_ratio":7.639,"sens":140.517,"max_daily_safety_multiplier":3,"current_basal_safety_multiplier":4,"lgsThreshold":95,"high_temptarget_raises_sensitivity":true,"low_temptarget_lowers_sensitivity":true,"sensitivity_raises_target":true,"resistance_lowers_target":true,"adv_target_adjustments":false,"exercise_mode":false,"half_basal_exercise_target":160,"maxCOB":120,"skip_neutral_temps":false,"remainingCarbsCap":90,"enableUAM":true,"A52_risk_enable":false,"SMBInterval":3,"enableSMB_with_COB":true,"enableSMB_with_temptarget":true,"allowSMB_with_high_temptarget":false,"enableSMB_always":false,"enableSMB_after_carbs":true,"maxSMBBasalMinutes":30,"maxUAMSMBBasalMinutes":40,"bolus_increment":0.05,"carbsReqThreshold":4,"current_basal":0.3,"temptargetSet":true,"autosens_max":1.3,"autosens_min":0.7,"variable_sens":103.3,"insulinDivisor":75,"TDD":15.925626511904762},"autosens_data":{"ratio":1.0462517580319475},"meal_data":{"carbs":20,"mealCOB":6.364781391671469,"slopeFromMaxDeviation":-1.071,"slopeFromMinDeviation":1.2693999999999996,"lastBolusTime":1703533088659,"lastCarbTime":1703529089478},"microBolusAllowed":true,"currentTime":1703533685373,"flatBGsDetected":false,"tdd1D":15.581666666666663,"tdd7D":15.151547619047617,"tddLast24H":15.85233333333334,"tddLast4H":3.6991666666666667,"tddLast8to4H":5.581666666666667},"output":{"temp":"absolute","bg":149,"tick":"+5","eventualBG":118,"targetBG":90,"insulinReq":0.06,"deliverAt":"2023-12-25T19:48:05.373Z","sensitivityRatio":1.2,"variable_sens":103.3,"predBGs":{"IOB":[149,153,156,158,160,161,162,162,160,159,156,152,147,143,139,135,132,128,125,122,120,117,115,113,111,109,108,106,105,104,103,102,101,100,100,99,99,98,98,97,97,97,97,96],"ZT":[149,139,129,119,109,100,91,82,73,64,56,47,39,39,39,39,39,39,39,39,39,39,39,39,39,39,39,39,39,39,39,39,39,39,39,44,49,53,57,61,65,69,73,76,80,83,87,90],"COB":[149,153,155,158,159,159,159,158,156,153,150,145,140,136,132,128,125,122,119,117,114,112,110,108,107,105,104,103,102,101,100,99,99,98,98,97,97,97,96,96,96,95],"UAM":[149,153,156,160,162,164,166,167,168,168,167,165,163,160,157,153,150,147,144,141,139,137,135,133,131,130,128,127,126,125,124,123,122,122,121,120,120,120,119,119,119,118]},"reason":"COB: 6.4, Dev: 90, BGI: -10, ISF: 103, CR: 7.64, Target: 90, minPredBG 96, minGuardBG 110, IOBpredBG 96, COBpredBG 95, UAMpredBG 118; Eventual BG 118 >= 90,  insulinReq 0.06. temp 0.50 >~ req 0.48U\/hr. ","COB":6.364781391671469,"IOB":1.238,"timestamp":"2023-12-25T19:48:05.405Z"}}