{"algorithm":"OpenAPSSMBDynamicISFPlugin","input":{"glucoseStatus":{"glucose":83,"noise":0,"delta":-3.28,"short_avgdelta":-3.28,"long_avgdelta":-2.7,"date":1702966164000},"currenttemp":{"temp":"absolute","duration":30,"rate":0,"minutesrunning":0},"iob_data":[{"iob":-0.214,"basaliob":-0.214,"bolussnooze":0,"activity":-0.0014,"lastBolusTime":0,"time":"2023-12-19T06:10:21.483Z","iobWithZeroTemp":{"iob":-0.214,"basaliob":-0.214,"bolussnooze":0,"activity":-0.0014,"lastBolusTime":0,"time":"2023-12-19T06:10:21.483Z"}},{"iob":-0.206,"basaliob":-0.206,"bolussnooze":0,"activity":-0.0016,"lastBolusTime":0,"time":"2023-12-19T06:15:21.483Z","iobWithZeroTemp":{"iob":-0.229,"basaliob":-0.229,"bolussnooze":0,"activity":-0.0016,"lastBolusTime":0,"time":"2023-12-19T06:15:21.483Z"}},{"iob":-0.198,"basaliob":-0.198,"bolussnooze":0,"activity":-0.0018,"lastBolusTime":0,"time":"2023-12-19T06:20:21.483Z","iobWithZeroTemp":{"iob":-0.25,"basaliob":-0.25,"bolussnooze":0,"activity":-0.0019,"lastBolusTime":0,"time":"2023-12-19T06:20:21.483Z"}},{"iob":-0.188,"basaliob":-0.188,"bolussnooze":0,"activity":-0.0019,"lastBolusTime":0,"time":"2023-12-19T06:25:21.483Z","iobWithZeroTemp":{"iob":-0.269,"basaliob":-0.269,"bolussnooze":0,"activity":-0.0021,"lastBolusTime":0,"time":"2023-12-19T06:25:21.483Z"}},{"iob":-0.179,"basaliob":-0.179,"bolussnooze":0,"activity":-0.0019,"lastBolusTime":0,"time":"2023-12-19T06:30:21.483Z","iobWithZeroTemp":{"iob":-0.287,"basaliob":-0.287,"bolussnooze":0,"activity":-0.0023,"lastBolusTime":0,"time":"2023-12-19T06:30:21.483Z"}},{"iob":-0.169,"basaliob":-0.169,"bolussnooze":0,"activity":-0.002,"lastBolusTime":0,"time":"2023-12-19T06:35:21.483Z","iobWithZeroTemp":{"iob":-0.304,"basaliob":-0.304,"bolussnooze":0,"activity":-0.0026,"lastBolusTime":0,"time":"2023-12-19T06:35:21.483Z"}},{"iob":-0.159,"basaliob":-0.159,"bolussnooze":0,"activity":-0.002,"lastBolusTime":0,"time":"2023-12-19T06:40:21.483Z","iobWithZeroTemp":{"iob":-0.319,"basaliob":-0.319,"bolussnooze":0,"activity":-0.0028,"lastBolusTime":0,"time":"2023-12-19T06:40:21.483Z"}},{"iob":-0.15,"basaliob":-0.15,"bolussnooze":0,"activity":-0.0019,"lastBolusTime":0,"time":"2023-12-19T06:45:21.483Z","iobWithZeroTemp":{"iob":-0.335,"basaliob":-0.335,"bolussnooze":0,"activity":-0.003,"lastBolusTime":0,"time":"2023-12-19T06:45:21.483Z"}},{"iob":-0.14,"basaliob":-0.14,"bolussnooze":0,"activity":-0.0019,"lastBolusTime":0,"time":"2023-12-19T06:50:21.483Z","iobWithZeroTemp":{"iob":-0.348,"basaliob":-0.348,"bolussnooze":0,"activity":-0.0032,"lastBolusTime":0,"time":"2023-12-19T06:50:21.483Z"}},{"iob":-0.131,"basaliob":-0.131,"bolussnooze":0,"activity":-0.0018,"lastBolusTime":0,"time":"2023-12-19T06:55:21.483Z","iobWithZeroTemp":{"iob":-0.361,"basaliob":-0.361,"bolussnooze":0,"activity":-0.0034,"lastBolusTime":0,"time":"2023-12-19T06:55:21.483Z"}},{"iob":-0.122,"basaliob":-0.122,"bolussnooze":0,"activity":-0.0018,"lastBolusTime":0,"time":"2023-12-19T07:00:21.483Z","iobWithZeroTemp":{"iob":-0.373,"basaliob":-0.373,"bolussnooze":0,"activity":-0.0036,"lastBolusTime":0,"time":"2023-12-19T07:00:21.483Z"}},{"iob":-0.113,"basaliob":-0.113,"bolussnooze":0,"activity":-0.0017,"lastBolusTime":0,"time":"2023-12-19T07:05:21.483Z","iobWithZeroTemp":{"iob":-0.383,"basaliob":-0.383,"bolussnooze":0,"activity":-0.0038,"lastBolusTime":0,"time":"2023-12-19T07:05:21.483Z"}},{"iob":-0.105,"basaliob":-0.105,"bolussnooze":0,"activity":-0.0016,"lastBolusTime":0,"time":"2023-12-19T07:10:21.483Z","iobWithZeroTemp":{"iob":-0.394,"basaliob":-0.394,"bolussnooze":0,"activity":-0.0039,"lastBolusTime":0,"time":"2023-12-19T07:10:21.483Z"}},{"iob":-0.097,"basaliob":-0.097,"bolussnooze":0,"activity":-0.0015,"lastBolusTime":0,"time":"2023-12-19T07:15:21.483Z","iobWithZeroTemp":{"iob":-0.403,"basaliob":-0.403,"bolussnooze":0,"activity":-0.004,"lastBolusTime":0,"time":"2023-12-19T07:15:21.483Z"}},{"iob":-0.09,"basaliob":-0.09,"bolussnooze":0,"activity":-0.0015,"lastBolusTime":0,"time":"2023-12-19T07:20:21.483Z","iobWithZeroTemp":{"iob":-0.412,"basaliob":-0.412,"bolussnooze":0,"activity":-0.0043,"lastBolusTime":0,"time":"2023-12-19T07:20:21.483Z"}},{"iob":-0.083,"basaliob":-0.083,"bolussnooze":0,"activity":-0.0014,"lastBolusTime":0,"time":"2023-12-19T07:25:21.483Z","iobWithZeroTemp":{"iob":-0.419,"basaliob":-0.419,"bolussnooze":0,"activity":-0.0044,"lastBolusTime":0,"time":"2023-12-19T07:25:21.483Z"}},{"iob":-0.076,"basaliob":-0.076,"bolussnooze":0,"activity":-0.0013,"lastBolusTime":0,"time":"2023-12-19T07:30:21.483Z","iobWithZeroTemp":{"iob":-0.426,"basaliob":-0.426,"bolussnooze":0,"activity":-0.0045,"lastBolusTime":0,"time":"2023-12-19T07:30:21.483Z"}},{"iob":-0.07,"basaliob":-0.07,"bolussnooze":0,"activity":-0.0012,"lastBolusTime":0,"time":"2023-12-19T07:35:21.483Z","iobWithZeroTemp":{"iob":-0.433,"basaliob":-0.433,"bolussnooze":0,"activity":-0.0046,"lastBolusTime":0,"time":"2023-12-19T07:35:21.483Z"}},{"iob":-0.064,"basaliob":-0.064,"bolussnooze":0,"activity":-0.0011,"lastBolusTime":0,"time":"2023-12-19T07:40:21.483Z","iobWithZeroTemp":{"iob":-0.439,"basaliob":-0.439,"bolussnooze":0,"activity":-0.0047,"lastBolusTime":0,"time":"2023-12-19T07:40:21.483Z"}},{"iob":-0.058,"basaliob":-0.058,"bolussnooze":0,"activity":-0.0011,"lastBolusTime":0,"time":"2023-12-19T07:45:21.483Z","iobWithZeroTemp":{"iob":-0.443,"basaliob":-0.443,"bolussnooze":0,"activity":-0.0049,"lastBolusTime":0,"time":"2023-12-19T07:45:21.483Z"}},{"iob":-0.053,"basaliob":-0.053,"bolussnooze":0,"activity":-0.001,"lastBolusTime":0,"time":"2023-12-19T07:50:21.483Z","iobWithZeroTemp":{"iob":-0.448,"basaliob":-0.448,"bolussnooze":0,"activity":-0.0049,"lastBolusTime":0,"time":"2023-12-19T07:50:21.483Z"}},{"iob":-0.049,"basaliob":-0.049,"bolussnooze":0,"activity":-9.0E-4,"lastBolusTime":0,"time":"2023-12-19T07:55:21.483Z","iobWithZeroTemp":{"iob":-0.454,"basaliob":-0.454,"bolussnooze":0,"activity":-0.005,"lastBolusTime":0,"time":"2023-12-19T07:55:21.483Z"}},{"iob":-0.044,"basaliob":-0.044,"bolussnooze":0,"activity":-8.0E-4,"lastBolusTime":0,"time":"2023-12-19T08:00:21.483Z","iobWithZeroTemp":{"iob":-0.457,"basaliob":-0.457,"bolussnooze":0,"activity":-0.005,"lastBolusTime":0,"time":"2023-12-19T08:00:21.483Z"}},{"iob":-0.04,"basaliob":-0.04,"bolussnooze":0,"activity":-8.0E-4,"lastBolusTime":0,"time":"2023-12-19T08:05:21.483Z","iobWithZeroTemp":{"iob":-0.461,"basaliob":-0.461,"bolussnooze":0,"activity":-0.0052,"lastBolusTime":0,"time":"2023-12-19T08:05:21.483Z"}},{"iob":-0.036,"basaliob":-0.036,"bolussnooze":0,"activity":-7.0E-4,"lastBolusTime":0,"time":"2023-12-19T08:10:21.483Z","iobWithZeroTemp":{"iob":-0.464,"basaliob":-0.464,"bolussnooze":0,"activity":-0.0052,"lastBolusTime":0,"time":"2023-12-19T08:10:21.483Z"}},{"iob":-0.033,"basaliob":-0.033,"bolussnooze":0,"activity":-7.0E-4,"lastBolusTime":0,"time":"2023-12-19T08:15:21.483Z","iobWithZeroTemp":{"iob":-0.467,"basaliob":-0.467,"bolussnooze":0,"activity":-0.0053,"lastBolusTime":0,"time":"2023-12-19T08:15:21.483Z"}},{"iob":-0.03,"basaliob":-0.03,"bolussnooze":0,"activity":-6.0E-4,"lastBolusTime":0,"time":"2023-12-19T08:20:21.483Z","iobWithZeroTemp":{"iob":-0.47,"basaliob":-0.47,"bolussnooze":0,"activity":-0.0053,"lastBolusTime":0,"time":"2023-12-19T08:20:21.483Z"}},{"iob":-0.027,"basaliob":-0.027,"bolussnooze":0,"activity":-6.0E-4,"lastBolusTime":0,"time":"2023-12-19T08:25:21.483Z","iobWithZeroTemp":{"iob":-0.472,"basaliob":-0.472,"bolussnooze":0,"activity":-0.0054,"lastBolusTime":0,"time":"2023-12-19T08:25:21.483Z"}},{"iob":-0.024,"basaliob":-0.024,"bolussnooze":0,"activity":-5.0E-4,"lastBolusTime":0,"time":"2023-12-19T08:30:21.483Z","iobWithZeroTemp":{"iob":-0.474,"basaliob":-0.474,"bolussnooze":0,"activity":-0.0054,"lastBolusTime":0,"time":"2023-12-19T08:30:21.483Z"}},{"iob":-0.022,"basaliob":-0.022,"bolussnooze":0,"activity":-5.0E-4,"lastBolusTime":0,"time":"2023-12-19T08:35:21.483Z","iobWithZeroTemp":{"iob":-0.477,"basaliob":-0.477,"bolussnooze":0,"activity":-0.0055,"lastBolusTime":0,"time":"2023-12-19T08:35:21.483Z"}},{"iob":-0.02,"basaliob":-0.02,"bolussnooze":0,"activity":-4.0E-4,"lastBolusTime":0,"time":"2023-12-19T08:40:21.483Z","iobWithZeroTemp":{"iob":-0.479,"basaliob":-0.479,"bolussnooze":0,"activity":-0.0055,"lastBolusTime":0,"time":"2023-12-19T08:40:21.483Z"}},{"iob":-0.018,"basaliob":-0.018,"bolussnooze":0,"activity":-4.0E-4,"lastBolusTime":0,"time":"2023-12-19T08:45:21.483Z","iobWithZeroTemp":{"iob":-0.48,"basaliob":-0.48,"bolussnooze":0,"activity":-0.0056,"lastBolusTime":0,"time":"2023-12-19T08:45:21.483Z"}},{"iob":-0.016,"basaliob":-0.016,"bolussnooze":0,"activity":-4.0E-4,"lastBolusTime":0,"time":"2023-12-19T08:50:21.483Z","iobWithZeroTemp":{"iob":-0.481,"basaliob":-0.481,"bolussnooze":0,"activity":-0.0056,"lastBolusTime":0,"time":"2023-12-19T08:50:21.483Z"}},{"iob":-0.014,"basaliob":-0.014,"bolussnooze":0,"activity":-3.0E-4,"lastBolusTime":0,"time":"2023-12-19T08:55:21.483Z","iobWithZeroTemp":{"iob":-0.482,"basaliob":-0.482,"bolussnooze":0,"activity":-0.0056,"lastBolusTime":0,"time":"2023-12-19T08:55:21.483Z"}},{"iob":-0.013,"basaliob":-0.013,"bolussnooze":0,"activity":-3.0E-4,"lastBolusTime":0,"time":"2023-12-19T09:00:21.483Z","iobWithZeroTemp":{"iob":-0.484,"basaliob":-0.484,"bolussnooze":0,"activity":-0.0056,"lastBolusTime":0,"time":"2023-12-19T09:00:21.483Z"}},{"iob":-0.011,"basaliob":-0.011,"bolussnooze":0,"activity":-3.0E-4,"lastBolusTime":0,"time":"2023-12-19T09:05:21.483Z","iobWithZeroTemp":{"iob":-0.476,"basaliob":-0.476,"bolussnooze":0,"activity":-0.0057,"lastBolusTime":0,"time":"2023-12-19T09:05:21.483Z"}},{"iob":-0.01,"basaliob":-0.01,"bolussnooze":0,"activity":-2.0E-4,"lastBolusTime":0,"time":"2023-12-19T09:10:21.483Z","iobWithZeroTemp":{"iob":-0.469,"basaliob":-0.469,"bolussnooze":0,"activity":-0.0056,"lastBolusTime":0,"time":"2023-12-19T09:10:21.483Z"}},{"iob":-0.009,"basaliob":-0.009,"bolussnooze":0,"activity":-2.0E-4,"lastBolusTime":0,"time":"2023-12-19T09:15:21.483Z","iobWithZeroTemp":{"iob":-0.462,"basaliob":-0.462,"bolussnooze":0,"activity":-0.0056,"lastBolusTime":0,"time":"2023-12-19T09:15:21.483Z"}},{"iob":-0.008,"basaliob":-0.008,"bolussnooze":0,"activity":-2.0E-4,"lastBolusTime":0,"time":"2023-12-19T09:20:21.483Z","iobWithZeroTemp":{"iob":-0.455,"basaliob":-0.455,"bolussnooze":0,"activity":-0.0056,"lastBolusTime":0,"time":"2023-12-19T09:20:21.483Z"}},{"iob":-0.007,"basaliob":-0.007,"bolussnooze":0,"activity":-2.0E-4,"lastBolusTime":0,"time":"2023-12-19T09:25:21.483Z","iobWithZeroTemp":{"iob":-0.448,"basaliob":-0.448,"bolussnooze":0,"activity":-0.0056,"lastBolusTime":0,"time":"2023-12-19T09:25:21.483Z"}},{"iob":-0.006,"basaliob":-0.006,"bolussnooze":0,"activity":-2.0E-4,"lastBolusTime":0,"time":"2023-12-19T09:30:21.483Z","iobWithZeroTemp":{"iob":-0.441,"basaliob":-0.441,"bolussnooze":0,"activity":-0.0055,"lastBolusTime":0,"time":"2023-12-19T09:30:21.483Z"}},{"iob":-0.005,"basaliob":-0.005,"bolussnooze":0,"activity":-1.0E-4,"lastBolusTime":0,"time":"2023-12-19T09:35:21.483Z","iobWithZeroTemp":{"iob":-0.434,"basaliob":-0.434,"bolussnooze":0,"activity":-0.0054,"lastBolusTime":0,"time":"2023-12-19T09:35:21.483Z"}},{"iob":-0.005,"basaliob":-0.005,"bolussnooze":0,"activity":-1.0E-4,"lastBolusTime":0,"time":"2023-12-19T09:40:21.483Z","iobWithZeroTemp":{"iob":-0.429,"basaliob":-0.429,"bolussnooze":0,"activity":-0.0054,"lastBolusTime":0,"time":"2023-12-19T09:40:21.483Z"}},{"iob":-0.004,"basaliob":-0.004,"bolussnooze":0,"activity":-1.0E-4,"lastBolusTime":0,"time":"2023-12-19T09:45:21.483Z","iobWithZeroTemp":{"iob":-0.422,"basaliob":-0.422,"bolussnooze":0,"activity":-0.0053,"lastBolusTime":0,"time":"2023-12-19T09:45:21.483Z"}},{"iob":-0.004,"basaliob":-0.004,"bolussnooze":0,"activity":-1.0E-4,"lastBolusTime":0,"time":"2023-12-19T09:50:21.483Z","iobWithZeroTemp":{"iob":-0.417,"basaliob":-0.417,"bolussnooze":0,"activity":-0.0053,"lastBolusTime":0,"time":"2023-12-19T09:50:21.483Z"}},{"iob":-0.003,"basaliob":-0.003,"bolussnooze":0,"activity":-1.0E-4,"lastBolusTime":0,"time":"2023-12-19T09:55:21.483Z","iobWithZeroTemp":{"iob":-0.411,"basaliob":-0.411,"bolussnooze":0,"activity":-0.0052,"lastBolusTime":0,"time":"2023-12-19T09:55:21.483Z"}},{"iob":-0.003,"basaliob":-0.003,"bolussnooze":0,"activity":-1.0E-4,"lastBolusTime":0,"time":"2023-12-19T10:00:21.483Z","iobWithZeroTemp":{"iob":-0.407,"basaliob":-0.407,"bolussnooze":0,"activity":-0.0052,"lastBolusTime":0,"time":"2023-12-19T10:00:21.483Z"}},{"iob":-0.002,"basaliob":-0.002,"bolussnooze":0,"activity":-1.0E-4,"lastBolusTime":0,"time":"2023-12-19T10:05:21.483Z","iobWithZeroTemp":{"iob":-0.402,"basaliob":-0.402,"bolussnooze":0,"activity":-0.0051,"lastBolusTime":0,"time":"2023-12-19T10:05:21.483Z"}}],"profile":{"max_iob":10,"type":"current","max_daily_basal":0.4,"max_basal":1.2,"min_bg":130,"max_bg":130,"target_bg":130,"carb_ratio":8.8,"sens":120,"max_daily_safety_multiplier":3,"current_basal_safety_multiplier":4,"lgsThreshold":95,"high_temptarget_raises_sensitivity":true,"low_temptarget_lowers_sensitivity":true,"sensitivity_raises_target":true,"resistance_lowers_target":true,"adv_target_adjustments":false,"exercise_mode":false,"half_basal_exercise_target":160,"maxCOB":120,"skip_neutral_temps":false,"remainingCarbsCap":90,"enableUAM":true,"A52_risk_enable":false,"SMBInterval":5,"enableSMB_with_COB":true,"enableSMB_with_temptarget":true,"allowSMB_with_high_temptarget":false,"enableSMB_always":false,"enableSMB_after_carbs":true,"maxSMBBasalMinutes":30,"maxUAMSMBBasalMinutes":40,"bolus_increment":0.05,"carbsReqThreshold":4,"current_basal":0.35,"temptargetSet":true,"autosens_max":1.3,"autosens_min":0.7,"variable_sens":174,"insulinDivisor":75,"TDD":13.886160714285712},"autosens_data":{"ratio":0.7714595180070403},"meal_data":{"carbs":0,"mealCOB":0,"slopeFromMaxDeviation":0,"slopeFromMinDeviation":999,"lastBolusTime":1702935600626,"lastCarbTime":0},"microBolusAllowed":true,"currentTime":1702966222410,"flatBGsDetected":false,"tdd1D":16.220833333333324,"tdd7D":19.783928571428568,"tddLast24H":15.262499999999996,"tddLast4H":1.1624999999999999,"tddLast8to4H":0.32916666666666666},"output":{"temp":"absolute","bg":83,"tick":-3,"eventualBG":96,"targetBG":130,"insulinReq":0,"deliverAt":"2023-12-19T06:10:22.410Z","sensitivityRatio":0.67,"variable_sens":174,"predBGs":{"IOB":[83,80,78,76,75,74,74,74,74,75,76,77,78,80,81,83,84,85,86,87,88,89,89,90,91,91,92,92,93,93,94,94,94,95,95,95,95,95,96,96,96,96,96,96,96,96,96,97],"ZT":[83,84,86,87,89,91,93,95,98,100,103,105,108,111,114,117,120,123,126,129]},"reason":"COB: 0, Dev: -24, BGI: 1, ISF: 174, CR: 8.8, Target: 130, minPredBG 86, minGuardBG 74, IOBpredBG 97; minGuardBG 74<95","COB":0,"IOB":-0.214,"duration":60,"rate":0,"timestamp":"2023-12-19T06:10:22.442Z"}}