{"algorithm":"OpenAPSSMBDynamicISFPlugin","input":{"glucoseStatus":{"glucose":132,"noise":0,"delta":0.11,"short_avgdelta":0.11,"long_avgdelta":0.91,"date":1703025266000},"currenttemp":{"temp":"absolute","duration":25,"rate":0.4,"minutesrunning":5},"iob_data":[{"iob":0.308,"basaliob":0.137,"bolussnooze":0,"activity":0.0016,"lastBolusTime":1703025007140,"time":"2023-12-19T22:34:57.839Z","iobWithZeroTemp":{"iob":0.308,"basaliob":0.137,"bolussnooze":0,"activity":0.0016,"lastBolusTime":1703025007140,"time":"2023-12-19T22:34:57.839Z"}},{"iob":0.299,"basaliob":0.137,"bolussnooze":0,"activity":0.002,"lastBolusTime":1703025007140,"time":"2023-12-19T22:39:57.839Z","iobWithZeroTemp":{"iob":0.279,"basaliob":0.117,"bolussnooze":0,"activity":0.002,"lastBolusTime":1703025007140,"time":"2023-12-19T22:39:57.839Z"}},{"iob":0.288,"basaliob":0.135,"bolussnooze":0,"activity":0.0022,"lastBolusTime":1703025007140,"time":"2023-12-19T22:44:57.839Z","iobWithZeroTemp":{"iob":0.243,"basaliob":0.09,"bolussnooze":0,"activity":0.0021,"lastBolusTime":1703025007140,"time":"2023-12-19T22:44:57.839Z"}},{"iob":0.276,"basaliob":0.132,"bolussnooze":0,"activity":0.0025,"lastBolusTime":1703025007140,"time":"2023-12-19T22:49:57.839Z","iobWithZeroTemp":{"iob":0.207,"basaliob":0.063,"bolussnooze":0,"activity":0.0023,"lastBolusTime":1703025007140,"time":"2023-12-19T22:49:57.839Z"}},{"iob":0.264,"basaliob":0.129,"bolussnooze":0,"activity":0.0026,"lastBolusTime":1703025007140,"time":"2023-12-19T22:54:57.839Z","iobWithZeroTemp":{"iob":0.171,"basaliob":0.036,"bolussnooze":0,"activity":0.0022,"lastBolusTime":1703025007140,"time":"2023-12-19T22:54:57.839Z"}},{"iob":0.25,"basaliob":0.124,"bolussnooze":0,"activity":0.0026,"lastBolusTime":1703025007140,"time":"2023-12-19T22:59:57.839Z","iobWithZeroTemp":{"iob":0.135,"basaliob":0.009,"bolussnooze":0,"activity":0.0021,"lastBolusTime":1703025007140,"time":"2023-12-19T22:59:57.839Z"}},{"iob":0.237,"basaliob":0.119,"bolussnooze":0,"activity":0.0027,"lastBolusTime":1703025007140,"time":"2023-12-19T23:04:57.839Z","iobWithZeroTemp":{"iob":0.104,"basaliob":-0.014,"bolussnooze":0,"activity":0.002,"lastBolusTime":1703025007140,"time":"2023-12-19T23:04:57.839Z"}},{"iob":0.224,"basaliob":0.114,"bolussnooze":0,"activity":0.0027,"lastBolusTime":1703025007140,"time":"2023-12-19T23:09:57.839Z","iobWithZeroTemp":{"iob":0.074,"basaliob":-0.036,"bolussnooze":0,"activity":0.0018,"lastBolusTime":1703025007140,"time":"2023-12-19T23:09:57.839Z"}},{"iob":0.21,"basaliob":0.108,"bolussnooze":0,"activity":0.0026,"lastBolusTime":1703025007140,"time":"2023-12-19T23:14:57.839Z","iobWithZeroTemp":{"iob":0.044,"basaliob":-0.058,"bolussnooze":0,"activity":0.0015,"lastBolusTime":1703025007140,"time":"2023-12-19T23:14:57.839Z"}},{"iob":0.197,"basaliob":0.103,"bolussnooze":0,"activity":0.0026,"lastBolusTime":1703025007140,"time":"2023-12-19T23:19:57.839Z","iobWithZeroTemp":{"iob":0.016,"basaliob":-0.078,"bolussnooze":0,"activity":0.0013,"lastBolusTime":1703025007140,"time":"2023-12-19T23:19:57.839Z"}},{"iob":0.184,"basaliob":0.097,"bolussnooze":0,"activity":0.0026,"lastBolusTime":1703025007140,"time":"2023-12-19T23:24:57.839Z","iobWithZeroTemp":{"iob":-0.011,"basaliob":-0.098,"bolussnooze":0,"activity":0.0011,"lastBolusTime":1703025007140,"time":"2023-12-19T23:24:57.839Z"}},{"iob":0.171,"basaliob":0.091,"bolussnooze":0,"activity":0.0024,"lastBolusTime":1703025007140,"time":"2023-12-19T23:29:57.839Z","iobWithZeroTemp":{"iob":-0.037,"basaliob":-0.117,"bolussnooze":0,"activity":8.0E-4,"lastBolusTime":1703025007140,"time":"2023-12-19T23:29:57.839Z"}},{"iob":0.159,"basaliob":0.085,"bolussnooze":0,"activity":0.0023,"lastBolusTime":1703025007140,"time":"2023-12-19T23:34:57.839Z","iobWithZeroTemp":{"iob":-0.062,"basaliob":-0.136,"bolussnooze":0,"activity":5.0E-4,"lastBolusTime":1703025007140,"time":"2023-12-19T23:34:57.839Z"}},{"iob":0.148,"basaliob":0.08,"bolussnooze":0,"activity":0.0022,"lastBolusTime":1703025007140,"time":"2023-12-19T23:39:57.839Z","iobWithZeroTemp":{"iob":-0.084,"basaliob":-0.152,"bolussnooze":0,"activity":2.0E-4,"lastBolusTime":1703025007140,"time":"2023-12-19T23:39:57.839Z"}},{"iob":0.138,"basaliob":0.075,"bolussnooze":0,"activity":0.0022,"lastBolusTime":1703025007140,"time":"2023-12-19T23:44:57.839Z","iobWithZeroTemp":{"iob":-0.105,"basaliob":-0.168,"bolussnooze":0,"activity":1.0E-4,"lastBolusTime":1703025007140,"time":"2023-12-19T23:44:57.839Z"}},{"iob":0.126,"basaliob":0.069,"bolussnooze":0,"activity":0.002,"lastBolusTime":1703025007140,"time":"2023-12-19T23:49:57.839Z","iobWithZeroTemp":{"iob":-0.126,"basaliob":-0.183,"bolussnooze":0,"activity":-3.0E-4,"lastBolusTime":1703025007140,"time":"2023-12-19T23:49:57.839Z"}},{"iob":0.117,"basaliob":0.064,"bolussnooze":0,"activity":0.0019,"lastBolusTime":1703025007140,"time":"2023-12-19T23:54:57.839Z","iobWithZeroTemp":{"iob":-0.144,"basaliob":-0.197,"bolussnooze":0,"activity":-5.0E-4,"lastBolusTime":1703025007140,"time":"2023-12-19T23:54:57.839Z"}},{"iob":0.108,"basaliob":0.06,"bolussnooze":0,"activity":0.0018,"lastBolusTime":1703025007140,"time":"2023-12-19T23:59:57.839Z","iobWithZeroTemp":{"iob":-0.162,"basaliob":-0.21,"bolussnooze":0,"activity":-8.0E-4,"lastBolusTime":1703025007140,"time":"2023-12-19T23:59:57.839Z"}},{"iob":0.099,"basaliob":0.055,"bolussnooze":0,"activity":0.0017,"lastBolusTime":1703025007140,"time":"2023-12-20T00:04:57.839Z","iobWithZeroTemp":{"iob":-0.178,"basaliob":-0.222,"bolussnooze":0,"activity":-0.001,"lastBolusTime":1703025007140,"time":"2023-12-20T00:04:57.839Z"}},{"iob":0.091,"basaliob":0.051,"bolussnooze":0,"activity":0.0015,"lastBolusTime":1703025007140,"time":"2023-12-20T00:09:57.839Z","iobWithZeroTemp":{"iob":-0.193,"basaliob":-0.233,"bolussnooze":0,"activity":-0.0013,"lastBolusTime":1703025007140,"time":"2023-12-20T00:09:57.839Z"}},{"iob":0.083,"basaliob":0.047,"bolussnooze":0,"activity":0.0015,"lastBolusTime":1703025007140,"time":"2023-12-20T00:14:57.839Z","iobWithZeroTemp":{"iob":-0.208,"basaliob":-0.244,"bolussnooze":0,"activity":-0.0014,"lastBolusTime":1703025007140,"time":"2023-12-20T00:14:57.839Z"}},{"iob":0.076,"basaliob":0.043,"bolussnooze":0,"activity":0.0013,"lastBolusTime":1703025007140,"time":"2023-12-20T00:19:57.839Z","iobWithZeroTemp":{"iob":-0.221,"basaliob":-0.254,"bolussnooze":0,"activity":-0.0017,"lastBolusTime":1703025007140,"time":"2023-12-20T00:19:57.839Z"}},{"iob":0.07,"basaliob":0.04,"bolussnooze":0,"activity":0.0013,"lastBolusTime":1703025007140,"time":"2023-12-20T00:24:57.839Z","iobWithZeroTemp":{"iob":-0.232,"basaliob":-0.262,"bolussnooze":0,"activity":-0.0018,"lastBolusTime":1703025007140,"time":"2023-12-20T00:24:57.839Z"}},{"iob":0.063,"basaliob":0.036,"bolussnooze":0,"activity":0.0011,"lastBolusTime":1703025007140,"time":"2023-12-20T00:29:57.839Z","iobWithZeroTemp":{"iob":-0.244,"basaliob":-0.271,"bolussnooze":0,"activity":-0.0021,"lastBolusTime":1703025007140,"time":"2023-12-20T00:29:57.839Z"}},{"iob":0.058,"basaliob":0.033,"bolussnooze":0,"activity":0.0011,"lastBolusTime":1703025007140,"time":"2023-12-20T00:34:57.839Z","iobWithZeroTemp":{"iob":-0.254,"basaliob":-0.279,"bolussnooze":0,"activity":-0.0022,"lastBolusTime":1703025007140,"time":"2023-12-20T00:34:57.839Z"}},{"iob":0.052,"basaliob":0.03,"bolussnooze":0,"activity":0.0011,"lastBolusTime":1703025007140,"time":"2023-12-20T00:39:57.839Z","iobWithZeroTemp":{"iob":-0.264,"basaliob":-0.286,"bolussnooze":0,"activity":-0.0023,"lastBolusTime":1703025007140,"time":"2023-12-20T00:39:57.839Z"}},{"iob":0.048,"basaliob":0.028,"bolussnooze":0,"activity":9.0E-4,"lastBolusTime":1703025007140,"time":"2023-12-20T00:44:57.839Z","iobWithZeroTemp":{"iob":-0.271,"basaliob":-0.291,"bolussnooze":0,"activity":-0.0026,"lastBolusTime":1703025007140,"time":"2023-12-20T00:44:57.839Z"}},{"iob":0.043,"basaliob":0.025,"bolussnooze":0,"activity":9.0E-4,"lastBolusTime":1703025007140,"time":"2023-12-20T00:49:57.839Z","iobWithZeroTemp":{"iob":-0.28,"basaliob":-0.298,"bolussnooze":0,"activity":-0.0026,"lastBolusTime":1703025007140,"time":"2023-12-20T00:49:57.839Z"}},{"iob":0.04,"basaliob":0.023,"bolussnooze":0,"activity":7.0E-4,"lastBolusTime":1703025007140,"time":"2023-12-20T00:54:57.839Z","iobWithZeroTemp":{"iob":-0.286,"basaliob":-0.303,"bolussnooze":0,"activity":-0.0029,"lastBolusTime":1703025007140,"time":"2023-12-20T00:54:57.839Z"}},{"iob":0.036,"basaliob":0.021,"bolussnooze":0,"activity":7.0E-4,"lastBolusTime":1703025007140,"time":"2023-12-20T00:59:57.839Z","iobWithZeroTemp":{"iob":-0.293,"basaliob":-0.308,"bolussnooze":0,"activity":-0.0029,"lastBolusTime":1703025007140,"time":"2023-12-20T00:59:57.839Z"}},{"iob":0.032,"basaliob":0.019,"bolussnooze":0,"activity":7.0E-4,"lastBolusTime":1703025007140,"time":"2023-12-20T01:04:57.839Z","iobWithZeroTemp":{"iob":-0.295,"basaliob":-0.308,"bolussnooze":0,"activity":-0.003,"lastBolusTime":1703025007140,"time":"2023-12-20T01:04:57.839Z"}},{"iob":0.029,"basaliob":0.017,"bolussnooze":0,"activity":6.0E-4,"lastBolusTime":1703025007140,"time":"2023-12-20T01:09:57.839Z","iobWithZeroTemp":{"iob":-0.296,"basaliob":-0.308,"bolussnooze":0,"activity":-0.0031,"lastBolusTime":1703025007140,"time":"2023-12-20T01:09:57.839Z"}},{"iob":0.026,"basaliob":0.015,"bolussnooze":0,"activity":5.0E-4,"lastBolusTime":1703025007140,"time":"2023-12-20T01:14:57.839Z","iobWithZeroTemp":{"iob":-0.297,"basaliob":-0.308,"bolussnooze":0,"activity":-0.0032,"lastBolusTime":1703025007140,"time":"2023-12-20T01:14:57.839Z"}},{"iob":0.024,"basaliob":0.014,"bolussnooze":0,"activity":5.0E-4,"lastBolusTime":1703025007140,"time":"2023-12-20T01:19:57.839Z","iobWithZeroTemp":{"iob":-0.297,"basaliob":-0.307,"bolussnooze":0,"activity":-0.0033,"lastBolusTime":1703025007140,"time":"2023-12-20T01:19:57.839Z"}},{"iob":0.021,"basaliob":0.012,"bolussnooze":0,"activity":5.0E-4,"lastBolusTime":1703025007140,"time":"2023-12-20T01:24:57.839Z","iobWithZeroTemp":{"iob":-0.298,"basaliob":-0.307,"bolussnooze":0,"activity":-0.0033,"lastBolusTime":1703025007140,"time":"2023-12-20T01:24:57.839Z"}},{"iob":0.019,"basaliob":0.011,"bolussnooze":0,"activity":4.0E-4,"lastBolusTime":1703025007140,"time":"2023-12-20T01:29:57.839Z","iobWithZeroTemp":{"iob":-0.298,"basaliob":-0.306,"bolussnooze":0,"activity":-0.0034,"lastBolusTime":1703025007140,"time":"2023-12-20T01:29:57.839Z"}},{"iob":0.017,"basaliob":0.01,"bolussnooze":0,"activity":4.0E-4,"lastBolusTime":1703025007140,"time":"2023-12-20T01:34:57.839Z","iobWithZeroTemp":{"iob":-0.297,"basaliob":-0.304,"bolussnooze":0,"activity":-0.0034,"lastBolusTime":1703025007140,"time":"2023-12-20T01:34:57.839Z"}},{"iob":0.015,"basaliob":0.009,"bolussnooze":0,"activity":3.0E-4,"lastBolusTime":1703025007140,"time":"2023-12-20T01:39:57.839Z","iobWithZeroTemp":{"iob":-0.297,"basaliob":-0.303,"bolussnooze":0,"activity":-0.0035,"lastBolusTime":1703025007140,"time":"2023-12-20T01:39:57.839Z"}},{"iob":0.013,"basaliob":0.008,"bolussnooze":0,"activity":3.0E-4,"lastBolusTime":1703025007140,"time":"2023-12-20T01:44:57.839Z","iobWithZeroTemp":{"iob":-0.297,"basaliob":-0.302,"bolussnooze":0,"activity":-0.0034,"lastBolusTime":1703025007140,"time":"2023-12-20T01:44:57.839Z"}},{"iob":0.012,"basaliob":0.007,"bolussnooze":0,"activity":3.0E-4,"lastBolusTime":1703025007140,"time":"2023-12-20T01:49:57.839Z","iobWithZeroTemp":{"iob":-0.296,"basaliob":-0.301,"bolussnooze":0,"activity":-0.0034,"lastBolusTime":1703025007140,"time":"2023-12-20T01:49:57.839Z"}},{"iob":0.01,"basaliob":0.006,"bolussnooze":0,"activity":3.0E-4,"lastBolusTime":1703025007140,"time":"2023-12-20T01:54:57.839Z","iobWithZeroTemp":{"iob":-0.296,"basaliob":-0.3,"bolussnooze":0,"activity":-0.0034,"lastBolusTime":1703025007140,"time":"2023-12-20T01:54:57.839Z"}},{"iob":0.01,"basaliob":0.006,"bolussnooze":0,"activity":2.0E-4,"lastBolusTime":1703025007140,"time":"2023-12-20T01:59:57.839Z","iobWithZeroTemp":{"iob":-0.294,"basaliob":-0.298,"bolussnooze":0,"activity":-0.0035,"lastBolusTime":1703025007140,"time":"2023-12-20T01:59:57.839Z"}},{"iob":0.008,"basaliob":0.005,"bolussnooze":0,"activity":2.0E-4,"lastBolusTime":1703025007140,"time":"2023-12-20T02:04:57.839Z","iobWithZeroTemp":{"iob":-0.295,"basaliob":-0.298,"bolussnooze":0,"activity":-0.0035,"lastBolusTime":1703025007140,"time":"2023-12-20T02:04:57.839Z"}},{"iob":0.007,"basaliob":0.004,"bolussnooze":0,"activity":2.0E-4,"lastBolusTime":1703025007140,"time":"2023-12-20T02:09:57.839Z","iobWithZeroTemp":{"iob":-0.294,"basaliob":-0.297,"bolussnooze":0,"activity":-0.0035,"lastBolusTime":1703025007140,"time":"2023-12-20T02:09:57.839Z"}},{"iob":0.006,"basaliob":0.004,"bolussnooze":0,"activity":2.0E-4,"lastBolusTime":1703025007140,"time":"2023-12-20T02:14:57.839Z","iobWithZeroTemp":{"iob":-0.293,"basaliob":-0.295,"bolussnooze":0,"activity":-0.0034,"lastBolusTime":1703025007140,"time":"2023-12-20T02:14:57.839Z"}},{"iob":0.005,"basaliob":0.003,"bolussnooze":0,"activity":2.0E-4,"lastBolusTime":1703025007140,"time":"2023-12-20T02:19:57.839Z","iobWithZeroTemp":{"iob":-0.293,"basaliob":-0.295,"bolussnooze":0,"activity":-0.0034,"lastBolusTime":1703025007140,"time":"2023-12-20T02:19:57.839Z"}},{"iob":0.005,"basaliob":0.003,"bolussnooze":0,"activity":2.0E-4,"lastBolusTime":1703025007140,"time":"2023-12-20T02:24:57.839Z","iobWithZeroTemp":{"iob":-0.291,"basaliob":-0.293,"bolussnooze":0,"activity":-0.0034,"lastBolusTime":1703025007140,"time":"2023-12-20T02:24:57.839Z"}},{"iob":0.004,"basaliob":0.002,"bolussnooze":0,"activity":1.0E-4,"lastBolusTime":1703025007140,"time":"2023-12-20T02:29:57.839Z","iobWithZeroTemp":{"iob":-0.291,"basaliob":-0.293,"bolussnooze":0,"activity":-0.0035,"lastBolusTime":1703025007140,"time":"2023-12-20T02:29:57.839Z"}}],"profile":{"max_iob":10,"type":"current","max_daily_basal":0.4,"max_basal":1.2,"min_bg":90,"max_bg":90,"target_bg":90,"carb_ratio":8.8,"sens":120,"max_daily_safety_multiplier":3,"current_basal_safety_multiplier":4,"lgsThreshold":95,"high_temptarget_raises_sensitivity":true,"low_temptarget_lowers_sensitivity":true,"sensitivity_raises_target":true,"resistance_lowers_target":true,"adv_target_adjustments":false,"exercise_mode":false,"half_basal_exercise_target":160,"maxCOB":120,"skip_neutral_temps":false,"remainingCarbsCap":90,"enableUAM":true,"A52_risk_enable":false,"SMBInterval":5,"enableSMB_with_COB":true,"enableSMB_with_temptarget":true,"allowSMB_with_high_temptarget":false,"enableSMB_always":false,"enableSMB_after_carbs":true,"maxSMBBasalMinutes":30,"maxUAMSMBBasalMinutes":40,"bolus_increment":0.05,"carbsReqThreshold":4,"current_basal":0.3,"temptargetSet":false,"autosens_max":1.3,"autosens_min":0.7,"variable_sens":103.9,"insulinDivisor":75,"TDD":17.07066071428571},"autosens_data":{"ratio":0.6808977946264706},"meal_data":{"carbs":30,"mealCOB":0,"slopeFromMaxDeviation":-1.5788333333333333,"slopeFromMinDeviation":0.1890909090909091,"lastBolusTime":1703025007140,"lastCarbTime":1703009864555},"microBolusAllowed":true,"currentTime":1703025299773,"flatBGsDetected":false,"tdd1D":16.220833333333324,"tdd7D":19.783928571428568,"tddLast24H":13.470833333333333,"tddLast4H":1.3083333333333331,"tddLast8to4H":5.35},"output":{"temp":"absolute","bg":132,"tick":"+0","eventualBG":106,"targetBG":104,"insulinReq":0.02,"deliverAt":"2023-12-19T22:34:59.773Z","sensitivityRatio":0.6808977946264706,"variable_sens":103.9,"predBGs":{"IOB":[132,132,132,131,131,130,129,128,127,125,124,123,122,120,119,118,117,116,115,114,113,112,111,110,110,109,109,108,107,107,107,106,106,106,105,105,105,104,104,104,104,104,104,104,103],"ZT":[132,131,130,129,128,127,126,124,123,123,122,121,121,121,121,120,121,121,121,122,123,123],"UAM":[132,131,130,129,128,126,125,123,122,121,119,118,116,115,114,113,111,110,109,108,107,106,106,105,104,104,103,102,102,101,101,101,100,100,100,99,99,99,99,98,98,98,98,98,98,97]},"reason":"COB: 0, Dev: 6, BGI: -1, ISF: 104, CR: 8.8, Target: 104, minPredBG 109, minGuardBG 97, IOBpredBG 103, UAMpredBG 97; Eventual BG 106 >= 104,  insulinReq 0.02. Waiting 0m 6s to microbolus again. 25m@0.40 > 2 * insulinReq. Setting temp basal of 0.24U\/hr. ","COB":0,"IOB":0.308,"duration":30,"rate":0.24426933838794118,"timestamp":"2023-12-19T22:34:59.807Z"}}