{"algorithm":"OpenAPSSMBDynamicISFPlugin","input":{"glucoseStatus":{"glucose":97,"noise":0,"delta":-1.5,"short_avgdelta":-1.5,"long_avgdelta":-1.06,"date":1702895361000},"currenttemp":{"temp":"absolute","duration":25,"rate":0,"minutesrunning":5},"iob_data":[{"iob":0.016,"basaliob":-0.095,"bolussnooze":0,"activity":0.0011,"lastBolusTime":1702886858822,"time":"2023-12-18T10:29:50.058Z","iobWithZeroTemp":{"iob":0.016,"basaliob":-0.095,"bolussnooze":0,"activity":0.0011,"lastBolusTime":1702886858822,"time":"2023-12-18T10:29:50.058Z"}},{"iob":0.012,"basaliob":-0.087,"bolussnooze":0,"activity":0.001,"lastBolusTime":1702886858822,"time":"2023-12-18T10:34:50.058Z","iobWithZeroTemp":{"iob":-0.005,"basaliob":-0.104,"bolussnooze":0,"activity":0.001,"lastBolusTime":1702886858822,"time":"2023-12-18T10:34:50.058Z"}},{"iob":0.007,"basaliob":-0.081,"bolussnooze":0,"activity":7.0E-4,"lastBolusTime":1702886858822,"time":"2023-12-18T10:39:50.058Z","iobWithZeroTemp":{"iob":-0.03,"basaliob":-0.118,"bolussnooze":0,"activity":6.0E-4,"lastBolusTime":1702886858822,"time":"2023-12-18T10:39:50.058Z"}},{"iob":0.004,"basaliob":-0.074,"bolussnooze":0,"activity":6.0E-4,"lastBolusTime":1702886858822,"time":"2023-12-18T10:44:50.058Z","iobWithZeroTemp":{"iob":-0.054,"basaliob":-0.132,"bolussnooze":0,"activity":4.0E-4,"lastBolusTime":1702886858822,"time":"2023-12-18T10:44:50.058Z"}},{"iob":0.001,"basaliob":-0.068,"bolussnooze":0,"activity":5.0E-4,"lastBolusTime":1702886858822,"time":"2023-12-18T10:49:50.058Z","iobWithZeroTemp":{"iob":-0.076,"basaliob":-0.145,"bolussnooze":0,"activity":2.0E-4,"lastBolusTime":1702886858822,"time":"2023-12-18T10:49:50.058Z"}},{"iob":-0.002,"basaliob":-0.062,"bolussnooze":0,"activity":4.0E-4,"lastBolusTime":1702886858822,"time":"2023-12-18T10:54:50.058Z","iobWithZeroTemp":{"iob":-0.098,"basaliob":-0.158,"bolussnooze":0,"activity":0,"lastBolusTime":1702886858822,"time":"2023-12-18T10:54:50.058Z"}},{"iob":-0.004,"basaliob":-0.057,"bolussnooze":0,"activity":4.0E-4,"lastBolusTime":1702886858822,"time":"2023-12-18T10:59:50.058Z","iobWithZeroTemp":{"iob":-0.118,"basaliob":-0.171,"bolussnooze":0,"activity":-2.0E-4,"lastBolusTime":1702886858822,"time":"2023-12-18T10:59:50.058Z"}},{"iob":-0.006,"basaliob":-0.052,"bolussnooze":0,"activity":2.0E-4,"lastBolusTime":1702886858822,"time":"2023-12-18T11:04:50.058Z","iobWithZeroTemp":{"iob":-0.142,"basaliob":-0.188,"bolussnooze":0,"activity":-6.0E-4,"lastBolusTime":1702886858822,"time":"2023-12-18T11:04:50.058Z"}},{"iob":-0.006,"basaliob":-0.047,"bolussnooze":0,"activity":2.0E-4,"lastBolusTime":1702886858822,"time":"2023-12-18T11:09:50.058Z","iobWithZeroTemp":{"iob":-0.163,"basaliob":-0.204,"bolussnooze":0,"activity":-8.0E-4,"lastBolusTime":1702886858822,"time":"2023-12-18T11:09:50.058Z"}},{"iob":-0.008,"basaliob":-0.043,"bolussnooze":0,"activity":2.0E-4,"lastBolusTime":1702886858822,"time":"2023-12-18T11:14:50.058Z","iobWithZeroTemp":{"iob":-0.184,"basaliob":-0.219,"bolussnooze":0,"activity":-0.001,"lastBolusTime":1702886858822,"time":"2023-12-18T11:14:50.058Z"}},{"iob":-0.008,"basaliob":-0.039,"bolussnooze":0,"activity":1.0E-4,"lastBolusTime":1702886858822,"time":"2023-12-18T11:19:50.058Z","iobWithZeroTemp":{"iob":-0.203,"basaliob":-0.234,"bolussnooze":0,"activity":-0.0013,"lastBolusTime":1702886858822,"time":"2023-12-18T11:19:50.058Z"}},{"iob":-0.008,"basaliob":-0.035,"bolussnooze":0,"activity":1.0E-4,"lastBolusTime":1702886858822,"time":"2023-12-18T11:24:50.058Z","iobWithZeroTemp":{"iob":-0.221,"basaliob":-0.248,"bolussnooze":0,"activity":-0.0015,"lastBolusTime":1702886858822,"time":"2023-12-18T11:24:50.058Z"}},{"iob":-0.009,"basaliob":-0.032,"bolussnooze":0,"activity":1.0E-4,"lastBolusTime":1702886858822,"time":"2023-12-18T11:29:50.058Z","iobWithZeroTemp":{"iob":-0.238,"basaliob":-0.261,"bolussnooze":0,"activity":-0.0017,"lastBolusTime":1702886858822,"time":"2023-12-18T11:29:50.058Z"}},{"iob":-0.009,"basaliob":-0.029,"bolussnooze":0,"activity":0,"lastBolusTime":1702886858822,"time":"2023-12-18T11:34:50.058Z","iobWithZeroTemp":{"iob":-0.254,"basaliob":-0.274,"bolussnooze":0,"activity":-0.002,"lastBolusTime":1702886858822,"time":"2023-12-18T11:34:50.058Z"}},{"iob":-0.009,"basaliob":-0.026,"bolussnooze":0,"activity":0,"lastBolusTime":1702886858822,"time":"2023-12-18T11:39:50.058Z","iobWithZeroTemp":{"iob":-0.269,"basaliob":-0.286,"bolussnooze":0,"activity":-0.0022,"lastBolusTime":1702886858822,"time":"2023-12-18T11:39:50.058Z"}},{"iob":-0.009,"basaliob":-0.023,"bolussnooze":0,"activity":0,"lastBolusTime":1702886858822,"time":"2023-12-18T11:44:50.058Z","iobWithZeroTemp":{"iob":-0.282,"basaliob":-0.296,"bolussnooze":0,"activity":-0.0024,"lastBolusTime":1702886858822,"time":"2023-12-18T11:44:50.058Z"}},{"iob":-0.009,"basaliob":-0.021,"bolussnooze":0,"activity":-1.0E-4,"lastBolusTime":1702886858822,"time":"2023-12-18T11:49:50.058Z","iobWithZeroTemp":{"iob":-0.295,"basaliob":-0.307,"bolussnooze":0,"activity":-0.0026,"lastBolusTime":1702886858822,"time":"2023-12-18T11:49:50.058Z"}},{"iob":-0.009,"basaliob":-0.019,"bolussnooze":0,"activity":0,"lastBolusTime":1702886858822,"time":"2023-12-18T11:54:50.058Z","iobWithZeroTemp":{"iob":-0.307,"basaliob":-0.317,"bolussnooze":0,"activity":-0.0027,"lastBolusTime":1702886858822,"time":"2023-12-18T11:54:50.058Z"}},{"iob":-0.008,"basaliob":-0.017,"bolussnooze":0,"activity":-1.0E-4,"lastBolusTime":1702886858822,"time":"2023-12-18T11:59:50.058Z","iobWithZeroTemp":{"iob":-0.317,"basaliob":-0.326,"bolussnooze":0,"activity":-0.003,"lastBolusTime":1702886858822,"time":"2023-12-18T11:59:50.058Z"}},{"iob":-0.008,"basaliob":-0.015,"bolussnooze":0,"activity":0,"lastBolusTime":1702886858822,"time":"2023-12-18T12:04:50.058Z","iobWithZeroTemp":{"iob":-0.327,"basaliob":-0.334,"bolussnooze":0,"activity":-0.003,"lastBolusTime":1702886858822,"time":"2023-12-18T12:04:50.058Z"}},{"iob":-0.007,"basaliob":-0.013,"bolussnooze":0,"activity":-1.0E-4,"lastBolusTime":1702886858822,"time":"2023-12-18T12:09:50.058Z","iobWithZeroTemp":{"iob":-0.336,"basaliob":-0.342,"bolussnooze":0,"activity":-0.0033,"lastBolusTime":1702886858822,"time":"2023-12-18T12:09:50.058Z"}},{"iob":-0.007,"basaliob":-0.012,"bolussnooze":0,"activity":-1.0E-4,"lastBolusTime":1702886858822,"time":"2023-12-18T12:14:50.058Z","iobWithZeroTemp":{"iob":-0.344,"basaliob":-0.349,"bolussnooze":0,"activity":-0.0034,"lastBolusTime":1702886858822,"time":"2023-12-18T12:14:50.058Z"}},{"iob":-0.006,"basaliob":-0.01,"bolussnooze":0,"activity":-1.0E-4,"lastBolusTime":1702886858822,"time":"2023-12-18T12:19:50.058Z","iobWithZeroTemp":{"iob":-0.351,"basaliob":-0.355,"bolussnooze":0,"activity":-0.0036,"lastBolusTime":1702886858822,"time":"2023-12-18T12:19:50.058Z"}},{"iob":-0.006,"basaliob":-0.009,"bolussnooze":0,"activity":-1.0E-4,"lastBolusTime":1702886858822,"time":"2023-12-18T12:24:50.058Z","iobWithZeroTemp":{"iob":-0.358,"basaliob":-0.361,"bolussnooze":0,"activity":-0.0037,"lastBolusTime":1702886858822,"time":"2023-12-18T12:24:50.058Z"}},{"iob":-0.005,"basaliob":-0.008,"bolussnooze":0,"activity":-1.0E-4,"lastBolusTime":1702886858822,"time":"2023-12-18T12:29:50.058Z","iobWithZeroTemp":{"iob":-0.364,"basaliob":-0.367,"bolussnooze":0,"activity":-0.0038,"lastBolusTime":1702886858822,"time":"2023-12-18T12:29:50.058Z"}},{"iob":-0.005,"basaliob":-0.007,"bolussnooze":0,"activity":-1.0E-4,"lastBolusTime":1702886858822,"time":"2023-12-18T12:34:50.058Z","iobWithZeroTemp":{"iob":-0.37,"basaliob":-0.372,"bolussnooze":0,"activity":-0.0039,"lastBolusTime":1702886858822,"time":"2023-12-18T12:34:50.058Z"}},{"iob":-0.004,"basaliob":-0.006,"bolussnooze":0,"activity":-1.0E-4,"lastBolusTime":1702886858822,"time":"2023-12-18T12:39:50.058Z","iobWithZeroTemp":{"iob":-0.375,"basaliob":-0.377,"bolussnooze":0,"activity":-0.004,"lastBolusTime":1702886858822,"time":"2023-12-18T12:39:50.058Z"}},{"iob":-0.004,"basaliob":-0.005,"bolussnooze":0,"activity":0,"lastBolusTime":1702886858822,"time":"2023-12-18T12:44:50.058Z","iobWithZeroTemp":{"iob":-0.38,"basaliob":-0.381,"bolussnooze":0,"activity":-0.004,"lastBolusTime":1702886858822,"time":"2023-12-18T12:44:50.058Z"}},{"iob":-0.004,"basaliob":-0.005,"bolussnooze":0,"activity":0,"lastBolusTime":1702886858822,"time":"2023-12-18T12:49:50.058Z","iobWithZeroTemp":{"iob":-0.385,"basaliob":-0.386,"bolussnooze":0,"activity":-0.0041,"lastBolusTime":1702886858822,"time":"2023-12-18T12:49:50.058Z"}},{"iob":-0.003,"basaliob":-0.004,"bolussnooze":0,"activity":-1.0E-4,"lastBolusTime":1702886858822,"time":"2023-12-18T12:54:50.058Z","iobWithZeroTemp":{"iob":-0.388,"basaliob":-0.389,"bolussnooze":0,"activity":-0.0043,"lastBolusTime":1702886858822,"time":"2023-12-18T12:54:50.058Z"}},{"iob":-0.002,"basaliob":-0.003,"bolussnooze":0,"activity":-1.0E-4,"lastBolusTime":1702886858822,"time":"2023-12-18T12:59:50.058Z","iobWithZeroTemp":{"iob":-0.391,"basaliob":-0.392,"bolussnooze":0,"activity":-0.0044,"lastBolusTime":1702886858822,"time":"2023-12-18T12:59:50.058Z"}},{"iob":-0.002,"basaliob":-0.003,"bolussnooze":0,"activity":-1.0E-4,"lastBolusTime":1702886858822,"time":"2023-12-18T13:04:50.058Z","iobWithZeroTemp":{"iob":-0.394,"basaliob":-0.395,"bolussnooze":0,"activity":-0.0044,"lastBolusTime":1702886858822,"time":"2023-12-18T13:04:50.058Z"}},{"iob":-0.003,"basaliob":-0.003,"bolussnooze":0,"activity":-1.0E-4,"lastBolusTime":1702886858822,"time":"2023-12-18T13:09:50.058Z","iobWithZeroTemp":{"iob":-0.398,"basaliob":-0.398,"bolussnooze":0,"activity":-0.0045,"lastBolusTime":1702886858822,"time":"2023-12-18T13:09:50.058Z"}},{"iob":-0.002,"basaliob":-0.002,"bolussnooze":0,"activity":-1.0E-4,"lastBolusTime":1702886858822,"time":"2023-12-18T13:14:50.058Z","iobWithZeroTemp":{"iob":-0.4,"basaliob":-0.4,"bolussnooze":0,"activity":-0.0046,"lastBolusTime":1702886858822,"time":"2023-12-18T13:14:50.058Z"}},{"iob":-0.002,"basaliob":-0.002,"bolussnooze":0,"activity":-1.0E-4,"lastBolusTime":1702886858822,"time":"2023-12-18T13:19:50.058Z","iobWithZeroTemp":{"iob":-0.403,"basaliob":-0.403,"bolussnooze":0,"activity":-0.0046,"lastBolusTime":1702886858822,"time":"2023-12-18T13:19:50.058Z"}},{"iob":-0.002,"basaliob":-0.002,"bolussnooze":0,"activity":-1.0E-4,"lastBolusTime":1702886858822,"time":"2023-12-18T13:24:50.058Z","iobWithZeroTemp":{"iob":-0.405,"basaliob":-0.405,"bolussnooze":0,"activity":-0.0047,"lastBolusTime":1702886858822,"time":"2023-12-18T13:24:50.058Z"}},{"iob":-0.001,"basaliob":-0.001,"bolussnooze":0,"activity":0,"lastBolusTime":1702886858822,"time":"2023-12-18T13:29:50.058Z","iobWithZeroTemp":{"iob":-0.406,"basaliob":-0.406,"bolussnooze":0,"activity":-0.0046,"lastBolusTime":1702886858822,"time":"2023-12-18T13:29:50.058Z"}},{"iob":-0.001,"basaliob":-0.001,"bolussnooze":0,"activity":0,"lastBolusTime":1702886858822,"time":"2023-12-18T13:34:50.058Z","iobWithZeroTemp":{"iob":-0.408,"basaliob":-0.408,"bolussnooze":0,"activity":-0.0047,"lastBolusTime":1702886858822,"time":"2023-12-18T13:34:50.058Z"}},{"iob":-0.001,"basaliob":-0.001,"bolussnooze":0,"activity":0,"lastBolusTime":1702886858822,"time":"2023-12-18T13:39:50.058Z","iobWithZeroTemp":{"iob":-0.41,"basaliob":-0.41,"bolussnooze":0,"activity":-0.0047,"lastBolusTime":1702886858822,"time":"2023-12-18T13:39:50.058Z"}},{"iob":-0.001,"basaliob":-0.001,"bolussnooze":0,"activity":0,"lastBolusTime":1702886858822,"time":"2023-12-18T13:44:50.058Z","iobWithZeroTemp":{"iob":-0.411,"basaliob":-0.411,"bolussnooze":0,"activity":-0.0047,"lastBolusTime":1702886858822,"time":"2023-12-18T13:44:50.058Z"}},{"iob":-0.001,"basaliob":-0.001,"bolussnooze":0,"activity":0,"lastBolusTime":1702886858822,"time":"2023-12-18T13:49:50.058Z","iobWithZeroTemp":{"iob":-0.412,"basaliob":-0.412,"bolussnooze":0,"activity":-0.0048,"lastBolusTime":1702886858822,"time":"2023-12-18T13:49:50.058Z"}},{"iob":-0.001,"basaliob":-0.001,"bolussnooze":0,"activity":0,"lastBolusTime":1702886858822,"time":"2023-12-18T13:54:50.058Z","iobWithZeroTemp":{"iob":-0.414,"basaliob":-0.414,"bolussnooze":0,"activity":-0.0048,"lastBolusTime":1702886858822,"time":"2023-12-18T13:54:50.058Z"}},{"iob":0,"basaliob":0,"bolussnooze":0,"activity":0,"lastBolusTime":1702886858822,"time":"2023-12-18T13:59:50.058Z","iobWithZeroTemp":{"iob":-0.414,"basaliob":-0.414,"bolussnooze":0,"activity":-0.0048,"lastBolusTime":1702886858822,"time":"2023-12-18T13:59:50.058Z"}},{"iob":0,"basaliob":0,"bolussnooze":0,"activity":0,"lastBolusTime":1702886858822,"time":"2023-12-18T14:04:50.058Z","iobWithZeroTemp":{"iob":-0.398,"basaliob":-0.398,"bolussnooze":0,"activity":-0.0048,"lastBolusTime":1702886858822,"time":"2023-12-18T14:04:50.058Z"}},{"iob":0,"basaliob":0,"bolussnooze":0,"activity":0,"lastBolusTime":0,"time":"2023-12-18T14:09:50.058Z","iobWithZeroTemp":{"iob":-0.382,"basaliob":-0.382,"bolussnooze":0,"activity":-0.0048,"lastBolusTime":0,"time":"2023-12-18T14:09:50.058Z"}},{"iob":0,"basaliob":0,"bolussnooze":0,"activity":0,"lastBolusTime":0,"time":"2023-12-18T14:14:50.058Z","iobWithZeroTemp":{"iob":-0.367,"basaliob":-0.367,"bolussnooze":0,"activity":-0.0047,"lastBolusTime":0,"time":"2023-12-18T14:14:50.058Z"}},{"iob":0,"basaliob":0,"bolussnooze":0,"activity":0,"lastBolusTime":0,"time":"2023-12-18T14:19:50.058Z","iobWithZeroTemp":{"iob":-0.352,"basaliob":-0.352,"bolussnooze":0,"activity":-0.0046,"lastBolusTime":0,"time":"2023-12-18T14:19:50.058Z"}},{"iob":0,"basaliob":0,"bolussnooze":0,"activity":0,"lastBolusTime":0,"time":"2023-12-18T14:24:50.058Z","iobWithZeroTemp":{"iob":-0.338,"basaliob":-0.338,"bolussnooze":0,"activity":-0.0045,"lastBolusTime":0,"time":"2023-12-18T14:24:50.058Z"}}],"profile":{"max_iob":10,"type":"current","max_daily_basal":0.4,"max_basal":1,"min_bg":90,"max_bg":90,"target_bg":90,"carb_ratio":8.5,"sens":120,"max_daily_safety_multiplier":3,"current_basal_safety_multiplier":4,"lgsThreshold":95,"high_temptarget_raises_sensitivity":true,"low_temptarget_lowers_sensitivity":true,"sensitivity_raises_target":true,"resistance_lowers_target":true,"adv_target_adjustments":false,"exercise_mode":false,"half_basal_exercise_target":160,"maxCOB":120,"skip_neutral_temps":false,"remainingCarbsCap":90,"enableUAM":true,"A52_risk_enable":false,"SMBInterval":6,"enableSMB_with_COB":true,"enableSMB_with_temptarget":true,"allowSMB_with_high_temptarget":false,"enableSMB_always":false,"enableSMB_after_carbs":true,"maxSMBBasalMinutes":30,"maxUAMSMBBasalMinutes":40,"bolus_increment":0.05,"carbsReqThreshold":4,"current_basal":0.25,"temptargetSet":false,"autosens_max":1.3,"autosens_min":0.7,"variable_sens":119.1,"insulinDivisor":75,"TDD":18.216083333333334},"autosens_data":{"ratio":0.8807442091741597},"meal_data":{"carbs":0,"mealCOB":0,"slopeFromMaxDeviation":-0.6425000000000001,"slopeFromMinDeviation":0,"lastBolusTime":1702886858822,"lastCarbTime":0},"microBolusAllowed":true,"currentTime":1702895392109,"flatBGsDetected":false,"tdd1D":16.272499999999997,"tdd7D":20.110833333333336,"tddLast24H":17.7125,"tddLast4H":3.3458333333333337,"tddLast8to4H":2.308333333333334},"output":{"temp":"absolute","bg":97,"tick":-1,"eventualBG":93,"targetBG":94,"insulinReq":0,"deliverAt":"2023-12-18T10:29:52.109Z","sensitivityRatio":0.8807442091741597,"variable_sens":119.1,"predBGs":{"IOB":[97,96,94,93,92,92,91,90,90,90,89,89,89,89,89,89,89,89,89,89,89,89,89,89,90],"ZT":[97,96,96,95,95,95,95,95,96,96,97,97]},"reason":"COB: 0, Dev: -2, BGI: -1, ISF: 119, CR: 8.5, Target: 94, minPredBG 92, minGuardBG 89, IOBpredBG 90; minGuardBG 89<95 25m left and 0 ~ req 0U\/hr: no temp required","COB":0,"IOB":0.016,"timestamp":"2023-12-18T10:29:52.142Z"}}