{"algorithm":"OpenAPSSMBDynamicISFPlugin","input":{"glucoseStatus":{"glucose":93,"noise":0,"delta":0.89,"short_avgdelta":0.89,"long_avgdelta":0.19,"date":1703061867000},"currenttemp":{"temp":"absolute","duration":20,"rate":0,"minutesrunning":10},"iob_data":[{"iob":-0.256,"basaliob":-0.256,"bolussnooze":0,"activity":-0.002,"lastBolusTime":0,"time":"2023-12-20T08:44:56.999Z","iobWithZeroTemp":{"iob":-0.256,"basaliob":-0.256,"bolussnooze":0,"activity":-0.002,"lastBolusTime":0,"time":"2023-12-20T08:44:56.999Z"}},{"iob":-0.245,"basaliob":-0.245,"bolussnooze":0,"activity":-0.0022,"lastBolusTime":0,"time":"2023-12-20T08:49:56.999Z","iobWithZeroTemp":{"iob":-0.268,"basaliob":-0.268,"bolussnooze":0,"activity":-0.0022,"lastBolusTime":0,"time":"2023-12-20T08:49:56.999Z"}},{"iob":-0.234,"basaliob":-0.234,"bolussnooze":0,"activity":-0.0023,"lastBolusTime":0,"time":"2023-12-20T08:54:56.999Z","iobWithZeroTemp":{"iob":-0.286,"basaliob":-0.286,"bolussnooze":0,"activity":-0.0024,"lastBolusTime":0,"time":"2023-12-20T08:54:56.999Z"}},{"iob":-0.222,"basaliob":-0.222,"bolussnooze":0,"activity":-0.0024,"lastBolusTime":0,"time":"2023-12-20T08:59:56.999Z","iobWithZeroTemp":{"iob":-0.303,"basaliob":-0.303,"bolussnooze":0,"activity":-0.0026,"lastBolusTime":0,"time":"2023-12-20T08:59:56.999Z"}},{"iob":-0.21,"basaliob":-0.21,"bolussnooze":0,"activity":-0.0024,"lastBolusTime":0,"time":"2023-12-20T09:04:56.999Z","iobWithZeroTemp":{"iob":-0.31,"basaliob":-0.31,"bolussnooze":0,"activity":-0.0028,"lastBolusTime":0,"time":"2023-12-20T09:04:56.999Z"}},{"iob":-0.198,"basaliob":-0.198,"bolussnooze":0,"activity":-0.0024,"lastBolusTime":0,"time":"2023-12-20T09:09:56.999Z","iobWithZeroTemp":{"iob":-0.317,"basaliob":-0.317,"bolussnooze":0,"activity":-0.003,"lastBolusTime":0,"time":"2023-12-20T09:09:56.999Z"}},{"iob":-0.186,"basaliob":-0.186,"bolussnooze":0,"activity":-0.0024,"lastBolusTime":0,"time":"2023-12-20T09:14:56.999Z","iobWithZeroTemp":{"iob":-0.322,"basaliob":-0.322,"bolussnooze":0,"activity":-0.0032,"lastBolusTime":0,"time":"2023-12-20T09:14:56.999Z"}},{"iob":-0.174,"basaliob":-0.174,"bolussnooze":0,"activity":-0.0023,"lastBolusTime":0,"time":"2023-12-20T09:19:56.999Z","iobWithZeroTemp":{"iob":-0.327,"basaliob":-0.327,"bolussnooze":0,"activity":-0.0032,"lastBolusTime":0,"time":"2023-12-20T09:19:56.999Z"}},{"iob":-0.163,"basaliob":-0.163,"bolussnooze":0,"activity":-0.0023,"lastBolusTime":0,"time":"2023-12-20T09:24:56.999Z","iobWithZeroTemp":{"iob":-0.332,"basaliob":-0.332,"bolussnooze":0,"activity":-0.0034,"lastBolusTime":0,"time":"2023-12-20T09:24:56.999Z"}},{"iob":-0.152,"basaliob":-0.152,"bolussnooze":0,"activity":-0.0022,"lastBolusTime":0,"time":"2023-12-20T09:29:56.999Z","iobWithZeroTemp":{"iob":-0.336,"basaliob":-0.336,"bolussnooze":0,"activity":-0.0035,"lastBolusTime":0,"time":"2023-12-20T09:29:56.999Z"}},{"iob":-0.141,"basaliob":-0.141,"bolussnooze":0,"activity":-0.0021,"lastBolusTime":0,"time":"2023-12-20T09:34:56.999Z","iobWithZeroTemp":{"iob":-0.339,"basaliob":-0.339,"bolussnooze":0,"activity":-0.0036,"lastBolusTime":0,"time":"2023-12-20T09:34:56.999Z"}},{"iob":-0.131,"basaliob":-0.131,"bolussnooze":0,"activity":-0.002,"lastBolusTime":0,"time":"2023-12-20T09:39:56.999Z","iobWithZeroTemp":{"iob":-0.341,"basaliob":-0.341,"bolussnooze":0,"activity":-0.0037,"lastBolusTime":0,"time":"2023-12-20T09:39:56.999Z"}},{"iob":-0.121,"basaliob":-0.121,"bolussnooze":0,"activity":-0.0019,"lastBolusTime":0,"time":"2023-12-20T09:44:56.999Z","iobWithZeroTemp":{"iob":-0.344,"basaliob":-0.344,"bolussnooze":0,"activity":-0.0037,"lastBolusTime":0,"time":"2023-12-20T09:44:56.999Z"}},{"iob":-0.112,"basaliob":-0.112,"bolussnooze":0,"activity":-0.0018,"lastBolusTime":0,"time":"2023-12-20T09:49:56.999Z","iobWithZeroTemp":{"iob":-0.346,"basaliob":-0.346,"bolussnooze":0,"activity":-0.0038,"lastBolusTime":0,"time":"2023-12-20T09:49:56.999Z"}},{"iob":-0.103,"basaliob":-0.103,"bolussnooze":0,"activity":-0.0017,"lastBolusTime":0,"time":"2023-12-20T09:54:56.999Z","iobWithZeroTemp":{"iob":-0.347,"basaliob":-0.347,"bolussnooze":0,"activity":-0.0039,"lastBolusTime":0,"time":"2023-12-20T09:54:56.999Z"}},{"iob":-0.095,"basaliob":-0.095,"bolussnooze":0,"activity":-0.0016,"lastBolusTime":0,"time":"2023-12-20T09:59:56.999Z","iobWithZeroTemp":{"iob":-0.349,"basaliob":-0.349,"bolussnooze":0,"activity":-0.0039,"lastBolusTime":0,"time":"2023-12-20T09:59:56.999Z"}},{"iob":-0.087,"basaliob":-0.087,"bolussnooze":0,"activity":-0.0015,"lastBolusTime":0,"time":"2023-12-20T10:04:56.999Z","iobWithZeroTemp":{"iob":-0.35,"basaliob":-0.35,"bolussnooze":0,"activity":-0.004,"lastBolusTime":0,"time":"2023-12-20T10:04:56.999Z"}},{"iob":-0.08,"basaliob":-0.08,"bolussnooze":0,"activity":-0.0014,"lastBolusTime":0,"time":"2023-12-20T10:09:56.999Z","iobWithZeroTemp":{"iob":-0.351,"basaliob":-0.351,"bolussnooze":0,"activity":-0.004,"lastBolusTime":0,"time":"2023-12-20T10:09:56.999Z"}},{"iob":-0.073,"basaliob":-0.073,"bolussnooze":0,"activity":-0.0013,"lastBolusTime":0,"time":"2023-12-20T10:14:56.999Z","iobWithZeroTemp":{"iob":-0.351,"basaliob":-0.351,"bolussnooze":0,"activity":-0.004,"lastBolusTime":0,"time":"2023-12-20T10:14:56.999Z"}},{"iob":-0.066,"basaliob":-0.066,"bolussnooze":0,"activity":-0.0012,"lastBolusTime":0,"time":"2023-12-20T10:19:56.999Z","iobWithZeroTemp":{"iob":-0.351,"basaliob":-0.351,"bolussnooze":0,"activity":-0.004,"lastBolusTime":0,"time":"2023-12-20T10:19:56.999Z"}},{"iob":-0.061,"basaliob":-0.061,"bolussnooze":0,"activity":-0.0011,"lastBolusTime":0,"time":"2023-12-20T10:24:56.999Z","iobWithZeroTemp":{"iob":-0.353,"basaliob":-0.353,"bolussnooze":0,"activity":-0.0041,"lastBolusTime":0,"time":"2023-12-20T10:24:56.999Z"}},{"iob":-0.055,"basaliob":-0.055,"bolussnooze":0,"activity":-0.001,"lastBolusTime":0,"time":"2023-12-20T10:29:56.999Z","iobWithZeroTemp":{"iob":-0.353,"basaliob":-0.353,"bolussnooze":0,"activity":-0.0041,"lastBolusTime":0,"time":"2023-12-20T10:29:56.999Z"}},{"iob":-0.05,"basaliob":-0.05,"bolussnooze":0,"activity":-0.001,"lastBolusTime":0,"time":"2023-12-20T10:34:56.999Z","iobWithZeroTemp":{"iob":-0.353,"basaliob":-0.353,"bolussnooze":0,"activity":-0.0042,"lastBolusTime":0,"time":"2023-12-20T10:34:56.999Z"}},{"iob":-0.045,"basaliob":-0.045,"bolussnooze":0,"activity":-9.0E-4,"lastBolusTime":0,"time":"2023-12-20T10:39:56.999Z","iobWithZeroTemp":{"iob":-0.353,"basaliob":-0.353,"bolussnooze":0,"activity":-0.0041,"lastBolusTime":0,"time":"2023-12-20T10:39:56.999Z"}},{"iob":-0.041,"basaliob":-0.041,"bolussnooze":0,"activity":-8.0E-4,"lastBolusTime":0,"time":"2023-12-20T10:44:56.999Z","iobWithZeroTemp":{"iob":-0.353,"basaliob":-0.353,"bolussnooze":0,"activity":-0.0041,"lastBolusTime":0,"time":"2023-12-20T10:44:56.999Z"}},{"iob":-0.037,"basaliob":-0.037,"bolussnooze":0,"activity":-8.0E-4,"lastBolusTime":0,"time":"2023-12-20T10:49:56.999Z","iobWithZeroTemp":{"iob":-0.353,"basaliob":-0.353,"bolussnooze":0,"activity":-0.0042,"lastBolusTime":0,"time":"2023-12-20T10:49:56.999Z"}},{"iob":-0.034,"basaliob":-0.034,"bolussnooze":0,"activity":-7.0E-4,"lastBolusTime":0,"time":"2023-12-20T10:54:56.999Z","iobWithZeroTemp":{"iob":-0.354,"basaliob":-0.354,"bolussnooze":0,"activity":-0.0042,"lastBolusTime":0,"time":"2023-12-20T10:54:56.999Z"}},{"iob":-0.03,"basaliob":-0.03,"bolussnooze":0,"activity":-6.0E-4,"lastBolusTime":0,"time":"2023-12-20T10:59:56.999Z","iobWithZeroTemp":{"iob":-0.353,"basaliob":-0.353,"bolussnooze":0,"activity":-0.0041,"lastBolusTime":0,"time":"2023-12-20T10:59:56.999Z"}},{"iob":-0.027,"basaliob":-0.027,"bolussnooze":0,"activity":-6.0E-4,"lastBolusTime":0,"time":"2023-12-20T11:04:56.999Z","iobWithZeroTemp":{"iob":-0.357,"basaliob":-0.357,"bolussnooze":0,"activity":-0.0042,"lastBolusTime":0,"time":"2023-12-20T11:04:56.999Z"}},{"iob":-0.025,"basaliob":-0.025,"bolussnooze":0,"activity":-5.0E-4,"lastBolusTime":0,"time":"2023-12-20T11:09:56.999Z","iobWithZeroTemp":{"iob":-0.362,"basaliob":-0.362,"bolussnooze":0,"activity":-0.0042,"lastBolusTime":0,"time":"2023-12-20T11:09:56.999Z"}},{"iob":-0.022,"basaliob":-0.022,"bolussnooze":0,"activity":-5.0E-4,"lastBolusTime":0,"time":"2023-12-20T11:14:56.999Z","iobWithZeroTemp":{"iob":-0.365,"basaliob":-0.365,"bolussnooze":0,"activity":-0.0042,"lastBolusTime":0,"time":"2023-12-20T11:14:56.999Z"}},{"iob":-0.02,"basaliob":-0.02,"bolussnooze":0,"activity":-4.0E-4,"lastBolusTime":0,"time":"2023-12-20T11:19:56.999Z","iobWithZeroTemp":{"iob":-0.37,"basaliob":-0.37,"bolussnooze":0,"activity":-0.0042,"lastBolusTime":0,"time":"2023-12-20T11:19:56.999Z"}},{"iob":-0.018,"basaliob":-0.018,"bolussnooze":0,"activity":-4.0E-4,"lastBolusTime":0,"time":"2023-12-20T11:24:56.999Z","iobWithZeroTemp":{"iob":-0.373,"basaliob":-0.373,"bolussnooze":0,"activity":-0.0043,"lastBolusTime":0,"time":"2023-12-20T11:24:56.999Z"}},{"iob":-0.016,"basaliob":-0.016,"bolussnooze":0,"activity":-4.0E-4,"lastBolusTime":0,"time":"2023-12-20T11:29:56.999Z","iobWithZeroTemp":{"iob":-0.377,"basaliob":-0.377,"bolussnooze":0,"activity":-0.0044,"lastBolusTime":0,"time":"2023-12-20T11:29:56.999Z"}},{"iob":-0.014,"basaliob":-0.014,"bolussnooze":0,"activity":-3.0E-4,"lastBolusTime":0,"time":"2023-12-20T11:34:56.999Z","iobWithZeroTemp":{"iob":-0.38,"basaliob":-0.38,"bolussnooze":0,"activity":-0.0043,"lastBolusTime":0,"time":"2023-12-20T11:34:56.999Z"}},{"iob":-0.013,"basaliob":-0.013,"bolussnooze":0,"activity":-3.0E-4,"lastBolusTime":0,"time":"2023-12-20T11:39:56.999Z","iobWithZeroTemp":{"iob":-0.383,"basaliob":-0.383,"bolussnooze":0,"activity":-0.0044,"lastBolusTime":0,"time":"2023-12-20T11:39:56.999Z"}},{"iob":-0.011,"basaliob":-0.011,"bolussnooze":0,"activity":-3.0E-4,"lastBolusTime":0,"time":"2023-12-20T11:44:56.999Z","iobWithZeroTemp":{"iob":-0.386,"basaliob":-0.386,"bolussnooze":0,"activity":-0.0045,"lastBolusTime":0,"time":"2023-12-20T11:44:56.999Z"}},{"iob":-0.01,"basaliob":-0.01,"bolussnooze":0,"activity":-2.0E-4,"lastBolusTime":0,"time":"2023-12-20T11:49:56.999Z","iobWithZeroTemp":{"iob":-0.389,"basaliob":-0.389,"bolussnooze":0,"activity":-0.0044,"lastBolusTime":0,"time":"2023-12-20T11:49:56.999Z"}},{"iob":-0.009,"basaliob":-0.009,"bolussnooze":0,"activity":-2.0E-4,"lastBolusTime":0,"time":"2023-12-20T11:54:56.999Z","iobWithZeroTemp":{"iob":-0.392,"basaliob":-0.392,"bolussnooze":0,"activity":-0.0045,"lastBolusTime":0,"time":"2023-12-20T11:54:56.999Z"}},{"iob":-0.008,"basaliob":-0.008,"bolussnooze":0,"activity":-2.0E-4,"lastBolusTime":0,"time":"2023-12-20T11:59:56.999Z","iobWithZeroTemp":{"iob":-0.394,"basaliob":-0.394,"bolussnooze":0,"activity":-0.0045,"lastBolusTime":0,"time":"2023-12-20T11:59:56.999Z"}},{"iob":-0.007,"basaliob":-0.007,"bolussnooze":0,"activity":-2.0E-4,"lastBolusTime":0,"time":"2023-12-20T12:04:56.999Z","iobWithZeroTemp":{"iob":-0.396,"basaliob":-0.396,"bolussnooze":0,"activity":-0.0046,"lastBolusTime":0,"time":"2023-12-20T12:04:56.999Z"}},{"iob":-0.006,"basaliob":-0.006,"bolussnooze":0,"activity":-2.0E-4,"lastBolusTime":0,"time":"2023-12-20T12:09:56.999Z","iobWithZeroTemp":{"iob":-0.398,"basaliob":-0.398,"bolussnooze":0,"activity":-0.0046,"lastBolusTime":0,"time":"2023-12-20T12:09:56.999Z"}},{"iob":-0.005,"basaliob":-0.005,"bolussnooze":0,"activity":-1.0E-4,"lastBolusTime":0,"time":"2023-12-20T12:14:56.999Z","iobWithZeroTemp":{"iob":-0.4,"basaliob":-0.4,"bolussnooze":0,"activity":-0.0046,"lastBolusTime":0,"time":"2023-12-20T12:14:56.999Z"}},{"iob":-0.005,"basaliob":-0.005,"bolussnooze":0,"activity":-1.0E-4,"lastBolusTime":0,"time":"2023-12-20T12:19:56.999Z","iobWithZeroTemp":{"iob":-0.403,"basaliob":-0.403,"bolussnooze":0,"activity":-0.0046,"lastBolusTime":0,"time":"2023-12-20T12:19:56.999Z"}},{"iob":-0.004,"basaliob":-0.004,"bolussnooze":0,"activity":-1.0E-4,"lastBolusTime":0,"time":"2023-12-20T12:24:56.999Z","iobWithZeroTemp":{"iob":-0.404,"basaliob":-0.404,"bolussnooze":0,"activity":-0.0047,"lastBolusTime":0,"time":"2023-12-20T12:24:56.999Z"}},{"iob":-0.003,"basaliob":-0.003,"bolussnooze":0,"activity":-1.0E-4,"lastBolusTime":0,"time":"2023-12-20T12:29:56.999Z","iobWithZeroTemp":{"iob":-0.405,"basaliob":-0.405,"bolussnooze":0,"activity":-0.0047,"lastBolusTime":0,"time":"2023-12-20T12:29:56.999Z"}},{"iob":-0.003,"basaliob":-0.003,"bolussnooze":0,"activity":-1.0E-4,"lastBolusTime":0,"time":"2023-12-20T12:34:56.999Z","iobWithZeroTemp":{"iob":-0.407,"basaliob":-0.407,"bolussnooze":0,"activity":-0.0047,"lastBolusTime":0,"time":"2023-12-20T12:34:56.999Z"}},{"iob":-0.003,"basaliob":-0.003,"bolussnooze":0,"activity":-1.0E-4,"lastBolusTime":0,"time":"2023-12-20T12:39:56.999Z","iobWithZeroTemp":{"iob":-0.409,"basaliob":-0.409,"bolussnooze":0,"activity":-0.0048,"lastBolusTime":0,"time":"2023-12-20T12:39:56.999Z"}}],"profile":{"max_iob":10,"type":"current","max_daily_basal":0.4,"max_basal":1.2,"min_bg":90,"max_bg":90,"target_bg":90,"carb_ratio":8.8,"sens":120,"max_daily_safety_multiplier":3,"current_basal_safety_multiplier":4,"lgsThreshold":95,"high_temptarget_raises_sensitivity":true,"low_temptarget_lowers_sensitivity":true,"sensitivity_raises_target":true,"resistance_lowers_target":true,"adv_target_adjustments":false,"exercise_mode":false,"half_basal_exercise_target":160,"maxCOB":120,"skip_neutral_temps":false,"remainingCarbsCap":90,"enableUAM":true,"A52_risk_enable":false,"SMBInterval":5,"enableSMB_with_COB":true,"enableSMB_with_temptarget":true,"allowSMB_with_high_temptarget":false,"enableSMB_always":false,"enableSMB_after_carbs":true,"maxSMBBasalMinutes":30,"maxUAMSMBBasalMinutes":40,"bolus_increment":0.05,"carbsReqThreshold":4,"current_basal":0.35,"temptargetSet":false,"autosens_max":1.3,"autosens_min":0.7,"variable_sens":178.6,"insulinDivisor":75,"TDD":12.498338095238093},"autosens_data":{"ratio":0.7304683461419169},"meal_data":{"carbs":0,"mealCOB":0,"slopeFromMaxDeviation":-0.0975,"slopeFromMinDeviation":0.3563636363636364,"lastBolusTime":1703025007140,"lastCarbTime":0},"microBolusAllowed":true,"currentTime":1703061897667,"flatBGsDetected":false,"tdd1D":13.533333333333333,"tdd7D":17.272023809523805,"tddLast24H":12.616666666666665,"tddLast4H":1.0708333333333333,"tddLast8to4H":1.1375000000000004},"output":{"temp":"absolute","bg":93,"tick":"+1","eventualBG":129,"targetBG":101,"insulinReq":0.1,"deliverAt":"2023-12-20T08:44:57.667Z","sensitivityRatio":0.7304683461419169,"variable_sens":178.6,"predBGs":{"IOB":[93,94,95,97,98,100,101,103,104,106,108,109,111,112,114,115,116,118,119,120,121,121,122,123,124,124,125,125,126,126,126,127,127,127,128,128,128,128,129],"ZT":[93,95,97,99,101,103,106]},"reason":"COB: 0, Dev: -10, BGI: 2, ISF: 179, CR: 8.8, Target: 101, minPredBG 119, minGuardBG 94, IOBpredBG 129; IOB -0.256 < -0.12 and minDelta 1 > expectedDelta 1; Eventual BG 129 >= 101, temp 0.00 < 0.46U\/hr. ","COB":0,"IOB":-0.256,"duration":30,"rate":0.4556639211496709,"timestamp":"2023-12-20T08:44:57.678Z"}}