{"algorithm":"OpenAPSSMBDynamicISFPlugin","input":{"glucoseStatus":{"glucose":102,"noise":0,"delta":-0.61,"short_avgdelta":-0.61,"long_avgdelta":-0.05,"date":1702894761000},"currenttemp":{"temp":"absolute","duration":20,"rate":0.35,"minutesrunning":10},"iob_data":[{"iob":0.041,"basaliob":-0.099,"bolussnooze":0,"activity":0.0014,"lastBolusTime":1702886858822,"time":"2023-12-18T10:19:47.833Z","iobWithZeroTemp":{"iob":0.041,"basaliob":-0.099,"bolussnooze":0,"activity":0.0014,"lastBolusTime":1702886858822,"time":"2023-12-18T10:19:47.833Z"}},{"iob":0.035,"basaliob":-0.09,"bolussnooze":0,"activity":0.0013,"lastBolusTime":1702886858822,"time":"2023-12-18T10:24:47.833Z","iobWithZeroTemp":{"iob":0.018,"basaliob":-0.107,"bolussnooze":0,"activity":0.0013,"lastBolusTime":1702886858822,"time":"2023-12-18T10:24:47.833Z"}},{"iob":0.029,"basaliob":-0.082,"bolussnooze":0,"activity":0.0011,"lastBolusTime":1702886858822,"time":"2023-12-18T10:29:47.833Z","iobWithZeroTemp":{"iob":-0.008,"basaliob":-0.119,"bolussnooze":0,"activity":0.001,"lastBolusTime":1702886858822,"time":"2023-12-18T10:29:47.833Z"}},{"iob":0.024,"basaliob":-0.075,"bolussnooze":0,"activity":0.001,"lastBolusTime":1702886858822,"time":"2023-12-18T10:34:47.833Z","iobWithZeroTemp":{"iob":-0.034,"basaliob":-0.133,"bolussnooze":0,"activity":8.0E-4,"lastBolusTime":1702886858822,"time":"2023-12-18T10:34:47.833Z"}},{"iob":0.02,"basaliob":-0.068,"bolussnooze":0,"activity":8.0E-4,"lastBolusTime":1702886858822,"time":"2023-12-18T10:39:47.833Z","iobWithZeroTemp":{"iob":-0.057,"basaliob":-0.145,"bolussnooze":0,"activity":5.0E-4,"lastBolusTime":1702886858822,"time":"2023-12-18T10:39:47.833Z"}},{"iob":0.016,"basaliob":-0.062,"bolussnooze":0,"activity":7.0E-4,"lastBolusTime":1702886858822,"time":"2023-12-18T10:44:47.833Z","iobWithZeroTemp":{"iob":-0.08,"basaliob":-0.158,"bolussnooze":0,"activity":3.0E-4,"lastBolusTime":1702886858822,"time":"2023-12-18T10:44:47.833Z"}},{"iob":0.013,"basaliob":-0.056,"bolussnooze":0,"activity":6.0E-4,"lastBolusTime":1702886858822,"time":"2023-12-18T10:49:47.833Z","iobWithZeroTemp":{"iob":-0.101,"basaliob":-0.17,"bolussnooze":0,"activity":0,"lastBolusTime":1702886858822,"time":"2023-12-18T10:49:47.833Z"}},{"iob":0.009,"basaliob":-0.051,"bolussnooze":0,"activity":6.0E-4,"lastBolusTime":1702886858822,"time":"2023-12-18T10:54:47.833Z","iobWithZeroTemp":{"iob":-0.123,"basaliob":-0.183,"bolussnooze":0,"activity":-2.0E-4,"lastBolusTime":1702886858822,"time":"2023-12-18T10:54:47.833Z"}},{"iob":0.007,"basaliob":-0.046,"bolussnooze":0,"activity":5.0E-4,"lastBolusTime":1702886858822,"time":"2023-12-18T10:59:47.833Z","iobWithZeroTemp":{"iob":-0.142,"basaliob":-0.195,"bolussnooze":0,"activity":-4.0E-4,"lastBolusTime":1702886858822,"time":"2023-12-18T10:59:47.833Z"}},{"iob":0.006,"basaliob":-0.041,"bolussnooze":0,"activity":3.0E-4,"lastBolusTime":1702886858822,"time":"2023-12-18T11:04:47.833Z","iobWithZeroTemp":{"iob":-0.162,"basaliob":-0.209,"bolussnooze":0,"activity":-8.0E-4,"lastBolusTime":1702886858822,"time":"2023-12-18T11:04:47.833Z"}},{"iob":0.004,"basaliob":-0.037,"bolussnooze":0,"activity":3.0E-4,"lastBolusTime":1702886858822,"time":"2023-12-18T11:09:47.833Z","iobWithZeroTemp":{"iob":-0.183,"basaliob":-0.224,"bolussnooze":0,"activity":-0.001,"lastBolusTime":1702886858822,"time":"2023-12-18T11:09:47.833Z"}},{"iob":0.001,"basaliob":-0.034,"bolussnooze":0,"activity":3.0E-4,"lastBolusTime":1702886858822,"time":"2023-12-18T11:14:47.833Z","iobWithZeroTemp":{"iob":-0.204,"basaliob":-0.239,"bolussnooze":0,"activity":-0.0012,"lastBolusTime":1702886858822,"time":"2023-12-18T11:14:47.833Z"}},{"iob":0.001,"basaliob":-0.03,"bolussnooze":0,"activity":2.0E-4,"lastBolusTime":1702886858822,"time":"2023-12-18T11:19:47.833Z","iobWithZeroTemp":{"iob":-0.221,"basaliob":-0.252,"bolussnooze":0,"activity":-0.0015,"lastBolusTime":1702886858822,"time":"2023-12-18T11:19:47.833Z"}},{"iob":0,"basaliob":-0.027,"bolussnooze":0,"activity":2.0E-4,"lastBolusTime":1702886858822,"time":"2023-12-18T11:24:47.833Z","iobWithZeroTemp":{"iob":-0.238,"basaliob":-0.265,"bolussnooze":0,"activity":-0.0017,"lastBolusTime":1702886858822,"time":"2023-12-18T11:24:47.833Z"}},{"iob":-0.001,"basaliob":-0.024,"bolussnooze":0,"activity":2.0E-4,"lastBolusTime":1702886858822,"time":"2023-12-18T11:29:47.833Z","iobWithZeroTemp":{"iob":-0.254,"basaliob":-0.277,"bolussnooze":0,"activity":-0.0019,"lastBolusTime":1702886858822,"time":"2023-12-18T11:29:47.833Z"}},{"iob":-0.002,"basaliob":-0.022,"bolussnooze":0,"activity":1.0E-4,"lastBolusTime":1702886858822,"time":"2023-12-18T11:34:47.833Z","iobWithZeroTemp":{"iob":-0.269,"basaliob":-0.289,"bolussnooze":0,"activity":-0.0022,"lastBolusTime":1702886858822,"time":"2023-12-18T11:34:47.833Z"}},{"iob":-0.002,"basaliob":-0.019,"bolussnooze":0,"activity":0,"lastBolusTime":1702886858822,"time":"2023-12-18T11:39:47.833Z","iobWithZeroTemp":{"iob":-0.282,"basaliob":-0.299,"bolussnooze":0,"activity":-0.0025,"lastBolusTime":1702886858822,"time":"2023-12-18T11:39:47.833Z"}},{"iob":-0.003,"basaliob":-0.017,"bolussnooze":0,"activity":1.0E-4,"lastBolusTime":1702886858822,"time":"2023-12-18T11:44:47.833Z","iobWithZeroTemp":{"iob":-0.295,"basaliob":-0.309,"bolussnooze":0,"activity":-0.0025,"lastBolusTime":1702886858822,"time":"2023-12-18T11:44:47.833Z"}},{"iob":-0.003,"basaliob":-0.015,"bolussnooze":0,"activity":0,"lastBolusTime":1702886858822,"time":"2023-12-18T11:49:47.833Z","iobWithZeroTemp":{"iob":-0.307,"basaliob":-0.319,"bolussnooze":0,"activity":-0.0028,"lastBolusTime":1702886858822,"time":"2023-12-18T11:49:47.833Z"}},{"iob":-0.003,"basaliob":-0.013,"bolussnooze":0,"activity":1.0E-4,"lastBolusTime":1702886858822,"time":"2023-12-18T11:54:47.833Z","iobWithZeroTemp":{"iob":-0.317,"basaliob":-0.327,"bolussnooze":0,"activity":-0.0029,"lastBolusTime":1702886858822,"time":"2023-12-18T11:54:47.833Z"}},{"iob":-0.003,"basaliob":-0.012,"bolussnooze":0,"activity":0,"lastBolusTime":1702886858822,"time":"2023-12-18T11:59:47.833Z","iobWithZeroTemp":{"iob":-0.327,"basaliob":-0.336,"bolussnooze":0,"activity":-0.0031,"lastBolusTime":1702886858822,"time":"2023-12-18T11:59:47.833Z"}},{"iob":-0.003,"basaliob":-0.01,"bolussnooze":0,"activity":0,"lastBolusTime":1702886858822,"time":"2023-12-18T12:04:47.833Z","iobWithZeroTemp":{"iob":-0.336,"basaliob":-0.343,"bolussnooze":0,"activity":-0.0033,"lastBolusTime":1702886858822,"time":"2023-12-18T12:04:47.833Z"}},{"iob":-0.003,"basaliob":-0.009,"bolussnooze":0,"activity":0,"lastBolusTime":1702886858822,"time":"2023-12-18T12:09:47.833Z","iobWithZeroTemp":{"iob":-0.344,"basaliob":-0.35,"bolussnooze":0,"activity":-0.0034,"lastBolusTime":1702886858822,"time":"2023-12-18T12:09:47.833Z"}},{"iob":-0.003,"basaliob":-0.008,"bolussnooze":0,"activity":0,"lastBolusTime":1702886858822,"time":"2023-12-18T12:14:47.833Z","iobWithZeroTemp":{"iob":-0.352,"basaliob":-0.357,"bolussnooze":0,"activity":-0.0035,"lastBolusTime":1702886858822,"time":"2023-12-18T12:14:47.833Z"}},{"iob":-0.003,"basaliob":-0.007,"bolussnooze":0,"activity":0,"lastBolusTime":1702886858822,"time":"2023-12-18T12:19:47.833Z","iobWithZeroTemp":{"iob":-0.359,"basaliob":-0.363,"bolussnooze":0,"activity":-0.0037,"lastBolusTime":1702886858822,"time":"2023-12-18T12:19:47.833Z"}},{"iob":-0.003,"basaliob":-0.006,"bolussnooze":0,"activity":-1.0E-4,"lastBolusTime":1702886858822,"time":"2023-12-18T12:24:47.833Z","iobWithZeroTemp":{"iob":-0.365,"basaliob":-0.368,"bolussnooze":0,"activity":-0.0039,"lastBolusTime":1702886858822,"time":"2023-12-18T12:24:47.833Z"}},{"iob":-0.002,"basaliob":-0.005,"bolussnooze":0,"activity":-1.0E-4,"lastBolusTime":1702886858822,"time":"2023-12-18T12:29:47.833Z","iobWithZeroTemp":{"iob":-0.37,"basaliob":-0.373,"bolussnooze":0,"activity":-0.004,"lastBolusTime":1702886858822,"time":"2023-12-18T12:29:47.833Z"}},{"iob":-0.002,"basaliob":-0.004,"bolussnooze":0,"activity":0,"lastBolusTime":1702886858822,"time":"2023-12-18T12:34:47.833Z","iobWithZeroTemp":{"iob":-0.375,"basaliob":-0.377,"bolussnooze":0,"activity":-0.004,"lastBolusTime":1702886858822,"time":"2023-12-18T12:34:47.833Z"}},{"iob":-0.002,"basaliob":-0.004,"bolussnooze":0,"activity":0,"lastBolusTime":1702886858822,"time":"2023-12-18T12:39:47.833Z","iobWithZeroTemp":{"iob":-0.38,"basaliob":-0.382,"bolussnooze":0,"activity":-0.0041,"lastBolusTime":1702886858822,"time":"2023-12-18T12:39:47.833Z"}},{"iob":-0.002,"basaliob":-0.003,"bolussnooze":0,"activity":0,"lastBolusTime":1702886858822,"time":"2023-12-18T12:44:47.833Z","iobWithZeroTemp":{"iob":-0.385,"basaliob":-0.386,"bolussnooze":0,"activity":-0.0042,"lastBolusTime":1702886858822,"time":"2023-12-18T12:44:47.833Z"}},{"iob":-0.002,"basaliob":-0.003,"bolussnooze":0,"activity":0,"lastBolusTime":1702886858822,"time":"2023-12-18T12:49:47.833Z","iobWithZeroTemp":{"iob":-0.389,"basaliob":-0.39,"bolussnooze":0,"activity":-0.0042,"lastBolusTime":1702886858822,"time":"2023-12-18T12:49:47.833Z"}},{"iob":-0.001,"basaliob":-0.002,"bolussnooze":0,"activity":-1.0E-4,"lastBolusTime":1702886858822,"time":"2023-12-18T12:54:47.833Z","iobWithZeroTemp":{"iob":-0.391,"basaliob":-0.392,"bolussnooze":0,"activity":-0.0044,"lastBolusTime":1702886858822,"time":"2023-12-18T12:54:47.833Z"}},{"iob":-0.001,"basaliob":-0.002,"bolussnooze":0,"activity":-1.0E-4,"lastBolusTime":1702886858822,"time":"2023-12-18T12:59:47.833Z","iobWithZeroTemp":{"iob":-0.395,"basaliob":-0.396,"bolussnooze":0,"activity":-0.0045,"lastBolusTime":1702886858822,"time":"2023-12-18T12:59:47.833Z"}},{"iob":-0.001,"basaliob":-0.002,"bolussnooze":0,"activity":-1.0E-4,"lastBolusTime":1702886858822,"time":"2023-12-18T13:04:47.833Z","iobWithZeroTemp":{"iob":-0.398,"basaliob":-0.399,"bolussnooze":0,"activity":-0.0045,"lastBolusTime":1702886858822,"time":"2023-12-18T13:04:47.833Z"}},{"iob":-0.001,"basaliob":-0.001,"bolussnooze":0,"activity":-1.0E-4,"lastBolusTime":1702886858822,"time":"2023-12-18T13:09:47.833Z","iobWithZeroTemp":{"iob":-0.4,"basaliob":-0.4,"bolussnooze":0,"activity":-0.0046,"lastBolusTime":1702886858822,"time":"2023-12-18T13:09:47.833Z"}},{"iob":-0.001,"basaliob":-0.001,"bolussnooze":0,"activity":0,"lastBolusTime":1702886858822,"time":"2023-12-18T13:14:47.833Z","iobWithZeroTemp":{"iob":-0.403,"basaliob":-0.403,"bolussnooze":0,"activity":-0.0045,"lastBolusTime":1702886858822,"time":"2023-12-18T13:14:47.833Z"}},{"iob":-0.001,"basaliob":-0.001,"bolussnooze":0,"activity":0,"lastBolusTime":1702886858822,"time":"2023-12-18T13:19:47.833Z","iobWithZeroTemp":{"iob":-0.405,"basaliob":-0.405,"bolussnooze":0,"activity":-0.0046,"lastBolusTime":1702886858822,"time":"2023-12-18T13:19:47.833Z"}},{"iob":-0.001,"basaliob":-0.001,"bolussnooze":0,"activity":0,"lastBolusTime":1702886858822,"time":"2023-12-18T13:24:47.833Z","iobWithZeroTemp":{"iob":-0.407,"basaliob":-0.407,"bolussnooze":0,"activity":-0.0046,"lastBolusTime":1702886858822,"time":"2023-12-18T13:24:47.833Z"}},{"iob":-0.001,"basaliob":-0.001,"bolussnooze":0,"activity":0,"lastBolusTime":1702886858822,"time":"2023-12-18T13:29:47.833Z","iobWithZeroTemp":{"iob":-0.409,"basaliob":-0.409,"bolussnooze":0,"activity":-0.0047,"lastBolusTime":1702886858822,"time":"2023-12-18T13:29:47.833Z"}},{"iob":0,"basaliob":0,"bolussnooze":0,"activity":0,"lastBolusTime":1702886858822,"time":"2023-12-18T13:34:47.833Z","iobWithZeroTemp":{"iob":-0.409,"basaliob":-0.409,"bolussnooze":0,"activity":-0.0047,"lastBolusTime":1702886858822,"time":"2023-12-18T13:34:47.833Z"}},{"iob":0,"basaliob":0,"bolussnooze":0,"activity":0,"lastBolusTime":1702886858822,"time":"2023-12-18T13:39:47.833Z","iobWithZeroTemp":{"iob":-0.411,"basaliob":-0.411,"bolussnooze":0,"activity":-0.0047,"lastBolusTime":1702886858822,"time":"2023-12-18T13:39:47.833Z"}},{"iob":0,"basaliob":0,"bolussnooze":0,"activity":0,"lastBolusTime":1702886858822,"time":"2023-12-18T13:44:47.833Z","iobWithZeroTemp":{"iob":-0.412,"basaliob":-0.412,"bolussnooze":0,"activity":-0.0048,"lastBolusTime":1702886858822,"time":"2023-12-18T13:44:47.833Z"}},{"iob":0,"basaliob":0,"bolussnooze":0,"activity":0,"lastBolusTime":1702886858822,"time":"2023-12-18T13:49:47.833Z","iobWithZeroTemp":{"iob":-0.413,"basaliob":-0.413,"bolussnooze":0,"activity":-0.0048,"lastBolusTime":1702886858822,"time":"2023-12-18T13:49:47.833Z"}},{"iob":0,"basaliob":0,"bolussnooze":0,"activity":0,"lastBolusTime":1702886858822,"time":"2023-12-18T13:54:47.833Z","iobWithZeroTemp":{"iob":-0.414,"basaliob":-0.414,"bolussnooze":0,"activity":-0.0048,"lastBolusTime":1702886858822,"time":"2023-12-18T13:54:47.833Z"}},{"iob":0,"basaliob":0,"bolussnooze":0,"activity":0,"lastBolusTime":1702886858822,"time":"2023-12-18T13:59:47.833Z","iobWithZeroTemp":{"iob":-0.415,"basaliob":-0.415,"bolussnooze":0,"activity":-0.0048,"lastBolusTime":1702886858822,"time":"2023-12-18T13:59:47.833Z"}},{"iob":0,"basaliob":0,"bolussnooze":0,"activity":0,"lastBolusTime":1702886858822,"time":"2023-12-18T14:04:47.833Z","iobWithZeroTemp":{"iob":-0.399,"basaliob":-0.399,"bolussnooze":0,"activity":-0.0048,"lastBolusTime":1702886858822,"time":"2023-12-18T14:04:47.833Z"}},{"iob":0,"basaliob":0,"bolussnooze":0,"activity":0,"lastBolusTime":0,"time":"2023-12-18T14:09:47.833Z","iobWithZeroTemp":{"iob":-0.383,"basaliob":-0.383,"bolussnooze":0,"activity":-0.0048,"lastBolusTime":0,"time":"2023-12-18T14:09:47.833Z"}},{"iob":0,"basaliob":0,"bolussnooze":0,"activity":0,"lastBolusTime":0,"time":"2023-12-18T14:14:47.833Z","iobWithZeroTemp":{"iob":-0.368,"basaliob":-0.368,"bolussnooze":0,"activity":-0.0047,"lastBolusTime":0,"time":"2023-12-18T14:14:47.833Z"}}],"profile":{"max_iob":10,"type":"current","max_daily_basal":0.4,"max_basal":1,"min_bg":90,"max_bg":90,"target_bg":90,"carb_ratio":8.5,"sens":120,"max_daily_safety_multiplier":3,"current_basal_safety_multiplier":4,"lgsThreshold":95,"high_temptarget_raises_sensitivity":true,"low_temptarget_lowers_sensitivity":true,"sensitivity_raises_target":true,"resistance_lowers_target":true,"adv_target_adjustments":false,"exercise_mode":false,"half_basal_exercise_target":160,"maxCOB":120,"skip_neutral_temps":false,"remainingCarbsCap":90,"enableUAM":true,"A52_risk_enable":false,"SMBInterval":6,"enableSMB_with_COB":true,"enableSMB_with_temptarget":true,"allowSMB_with_high_temptarget":false,"enableSMB_always":false,"enableSMB_after_carbs":true,"maxSMBBasalMinutes":30,"maxUAMSMBBasalMinutes":40,"bolus_increment":0.05,"carbsReqThreshold":4,"current_basal":0.25,"temptargetSet":false,"autosens_max":1.3,"autosens_min":0.7,"variable_sens":114.2,"insulinDivisor":75,"TDD":18.355508333333333},"autosens_data":{"ratio":0.8778436166245388},"meal_data":{"carbs":0,"mealCOB":0,"slopeFromMaxDeviation":-0.5488333333333333,"slopeFromMinDeviation":0,"lastBolusTime":1702886858822,"lastCarbTime":0},"microBolusAllowed":true,"currentTime":1702894788876,"flatBGsDetected":false,"tdd1D":16.272499999999997,"tdd7D":20.110833333333336,"tddLast24H":17.654166666666665,"tddLast4H":3.4875000000000003,"tddLast8to4H":2.2125000000000004},"output":{"temp":"absolute","bg":102,"tick":-1,"eventualBG":98,"targetBG":94,"insulinReq":0.03,"deliverAt":"2023-12-18T10:19:48.876Z","sensitivityRatio":0.8778436166245388,"variable_sens":114.2,"predBGs":{"IOB":[102,101,101,100,100,100,99,99,99,98,98,98,98,98,98,98,98,98,97,97,97,97,97,97,97,97,97,98],"ZT":[102,101,100,100,99,99,99,99,99,99,100,100],"UAM":[102,101,100,100,99,99,98,98,98,97,97,97,97,97,97,96,96,96,96,96,96,96,96,96,96,96,96,96,96,96,96,96,96,97]},"reason":"COB: 0, Dev: 1, BGI: -1, ISF: 114, CR: 8.5, Target: 94, minPredBG 98, minGuardBG 96, IOBpredBG 98, UAMpredBG 97; Eventual BG 98 >= 94, temp 0.35 >~ req 0.28U\/hr. ","COB":0,"IOB":0.041,"timestamp":"2023-12-18T10:19:48.889Z"}}