{"algorithm":"OpenAPSSMBDynamicISFPlugin","input":{"glucoseStatus":{"glucose":116,"noise":0,"delta":2.72,"short_avgdelta":2.72,"long_avgdelta":2.05,"date":1702902861000},"currenttemp":{"temp":"absolute","duration":95,"rate":0,"minutesrunning":25},"iob_data":[{"iob":0.859,"basaliob":-0.243,"bolussnooze":0.1842,"activity":0.0144,"lastBolusTime":1702902297780,"time":"2023-12-18T12:34:51.308Z","iobWithZeroTemp":{"iob":0.859,"basaliob":-0.243,"bolussnooze":0.1842,"activity":0.0144,"lastBolusTime":1702902297780,"time":"2023-12-18T12:34:51.308Z"}},{"iob":0.79,"basaliob":-0.232,"bolussnooze":0.1475,"activity":0.0134,"lastBolusTime":1702902297780,"time":"2023-12-18T12:39:51.308Z","iobWithZeroTemp":{"iob":0.77,"basaliob":-0.252,"bolussnooze":0.1475,"activity":0.0134,"lastBolusTime":1702902297780,"time":"2023-12-18T12:39:51.308Z"}},{"iob":0.725,"basaliob":-0.221,"bolussnooze":0.1172,"activity":0.0126,"lastBolusTime":1702902297780,"time":"2023-12-18T12:44:51.308Z","iobWithZeroTemp":{"iob":0.68,"basaliob":-0.266,"bolussnooze":0.1172,"activity":0.0125,"lastBolusTime":1702902297780,"time":"2023-12-18T12:44:51.308Z"}},{"iob":0.663,"basaliob":-0.21,"bolussnooze":0.0924,"activity":0.0118,"lastBolusTime":1702902297780,"time":"2023-12-18T12:49:51.308Z","iobWithZeroTemp":{"iob":0.594,"basaliob":-0.279,"bolussnooze":0.0924,"activity":0.0116,"lastBolusTime":1702902297780,"time":"2023-12-18T12:49:51.308Z"}},{"iob":0.607,"basaliob":-0.198,"bolussnooze":0.0722,"activity":0.011,"lastBolusTime":1702902297780,"time":"2023-12-18T12:54:51.308Z","iobWithZeroTemp":{"iob":0.514,"basaliob":-0.291,"bolussnooze":0.0722,"activity":0.0106,"lastBolusTime":1702902297780,"time":"2023-12-18T12:54:51.308Z"}},{"iob":0.553,"basaliob":-0.187,"bolussnooze":0.0559,"activity":0.0102,"lastBolusTime":1702902297780,"time":"2023-12-18T12:59:51.308Z","iobWithZeroTemp":{"iob":0.438,"basaliob":-0.302,"bolussnooze":0.0559,"activity":0.0097,"lastBolusTime":1702902297780,"time":"2023-12-18T12:59:51.308Z"}},{"iob":0.505,"basaliob":-0.175,"bolussnooze":0.0428,"activity":0.0094,"lastBolusTime":1702902297780,"time":"2023-12-18T13:04:51.308Z","iobWithZeroTemp":{"iob":0.368,"basaliob":-0.312,"bolussnooze":0.0428,"activity":0.0087,"lastBolusTime":1702902297780,"time":"2023-12-18T13:04:51.308Z"}},{"iob":0.459,"basaliob":-0.164,"bolussnooze":0.0323,"activity":0.0088,"lastBolusTime":1702902297780,"time":"2023-12-18T13:09:51.308Z","iobWithZeroTemp":{"iob":0.301,"basaliob":-0.322,"bolussnooze":0.0323,"activity":0.0079,"lastBolusTime":1702902297780,"time":"2023-12-18T13:09:51.308Z"}},{"iob":0.417,"basaliob":-0.153,"bolussnooze":0.0241,"activity":0.008,"lastBolusTime":1702902297780,"time":"2023-12-18T13:14:51.308Z","iobWithZeroTemp":{"iob":0.239,"basaliob":-0.331,"bolussnooze":0.0241,"activity":0.0069,"lastBolusTime":1702902297780,"time":"2023-12-18T13:14:51.308Z"}},{"iob":0.379,"basaliob":-0.142,"bolussnooze":0.0176,"activity":0.0074,"lastBolusTime":1702902297780,"time":"2023-12-18T13:19:51.308Z","iobWithZeroTemp":{"iob":0.182,"basaliob":-0.339,"bolussnooze":0.0176,"activity":0.0061,"lastBolusTime":1702902297780,"time":"2023-12-18T13:19:51.308Z"}},{"iob":0.343,"basaliob":-0.132,"bolussnooze":0.0126,"activity":0.0068,"lastBolusTime":1702902297780,"time":"2023-12-18T13:24:51.308Z","iobWithZeroTemp":{"iob":0.128,"basaliob":-0.347,"bolussnooze":0.0126,"activity":0.0052,"lastBolusTime":1702902297780,"time":"2023-12-18T13:24:51.308Z"}},{"iob":0.311,"basaliob":-0.122,"bolussnooze":0.0088,"activity":0.0063,"lastBolusTime":1702902297780,"time":"2023-12-18T13:29:51.308Z","iobWithZeroTemp":{"iob":0.079,"basaliob":-0.354,"bolussnooze":0.0088,"activity":0.0045,"lastBolusTime":1702902297780,"time":"2023-12-18T13:29:51.308Z"}},{"iob":0.28,"basaliob":-0.113,"bolussnooze":0.0059,"activity":0.0058,"lastBolusTime":1702902297780,"time":"2023-12-18T13:34:51.308Z","iobWithZeroTemp":{"iob":0.033,"basaliob":-0.36,"bolussnooze":0.0059,"activity":0.0038,"lastBolusTime":1702902297780,"time":"2023-12-18T13:34:51.308Z"}},{"iob":0.253,"basaliob":-0.104,"bolussnooze":0.0038,"activity":0.0053,"lastBolusTime":1702902297780,"time":"2023-12-18T13:39:51.308Z","iobWithZeroTemp":{"iob":-0.009,"basaliob":-0.366,"bolussnooze":0.0038,"activity":0.0031,"lastBolusTime":1702902297780,"time":"2023-12-18T13:39:51.308Z"}},{"iob":0.228,"basaliob":-0.096,"bolussnooze":0.0023,"activity":0.0048,"lastBolusTime":1702902297780,"time":"2023-12-18T13:44:51.308Z","iobWithZeroTemp":{"iob":-0.048,"basaliob":-0.372,"bolussnooze":0.0023,"activity":0.0024,"lastBolusTime":1702902297780,"time":"2023-12-18T13:44:51.308Z"}},{"iob":0.205,"basaliob":-0.088,"bolussnooze":0.0013,"activity":0.0044,"lastBolusTime":1702902297780,"time":"2023-12-18T13:49:51.308Z","iobWithZeroTemp":{"iob":-0.083,"basaliob":-0.376,"bolussnooze":0.0013,"activity":0.0018,"lastBolusTime":1702902297780,"time":"2023-12-18T13:49:51.308Z"}},{"iob":0.183,"basaliob":-0.081,"bolussnooze":6.0E-4,"activity":0.004,"lastBolusTime":1702902297780,"time":"2023-12-18T13:54:51.308Z","iobWithZeroTemp":{"iob":-0.117,"basaliob":-0.381,"bolussnooze":6.0E-4,"activity":0.0013,"lastBolusTime":1702902297780,"time":"2023-12-18T13:54:51.308Z"}},{"iob":0.164,"basaliob":-0.074,"bolussnooze":2.0E-4,"activity":0.0037,"lastBolusTime":1702902297780,"time":"2023-12-18T13:59:51.308Z","iobWithZeroTemp":{"iob":-0.147,"basaliob":-0.385,"bolussnooze":2.0E-4,"activity":8.0E-4,"lastBolusTime":1702902297780,"time":"2023-12-18T13:59:51.308Z"}},{"iob":0.147,"basaliob":-0.068,"bolussnooze":0,"activity":0.0033,"lastBolusTime":1702902297780,"time":"2023-12-18T14:04:51.308Z","iobWithZeroTemp":{"iob":-0.158,"basaliob":-0.373,"bolussnooze":0,"activity":3.0E-4,"lastBolusTime":1702902297780,"time":"2023-12-18T14:04:51.308Z"}},{"iob":0.131,"basaliob":-0.062,"bolussnooze":0,"activity":0.003,"lastBolusTime":1702902297780,"time":"2023-12-18T14:09:51.308Z","iobWithZeroTemp":{"iob":-0.167,"basaliob":-0.36,"bolussnooze":0,"activity":-1.0E-4,"lastBolusTime":1702902297780,"time":"2023-12-18T14:09:51.308Z"}},{"iob":0.116,"basaliob":-0.057,"bolussnooze":0,"activity":0.0027,"lastBolusTime":1702902297780,"time":"2023-12-18T14:14:51.308Z","iobWithZeroTemp":{"iob":-0.174,"basaliob":-0.347,"bolussnooze":0,"activity":-5.0E-4,"lastBolusTime":1702902297780,"time":"2023-12-18T14:14:51.308Z"}},{"iob":0.104,"basaliob":-0.051,"bolussnooze":0,"activity":0.0024,"lastBolusTime":1702902297780,"time":"2023-12-18T14:19:51.308Z","iobWithZeroTemp":{"iob":-0.179,"basaliob":-0.334,"bolussnooze":0,"activity":-8.0E-4,"lastBolusTime":1702902297780,"time":"2023-12-18T14:19:51.308Z"}},{"iob":0.092,"basaliob":-0.047,"bolussnooze":0,"activity":0.0022,"lastBolusTime":1702902297780,"time":"2023-12-18T14:24:51.308Z","iobWithZeroTemp":{"iob":-0.183,"basaliob":-0.322,"bolussnooze":0,"activity":-0.0011,"lastBolusTime":1702902297780,"time":"2023-12-18T14:24:51.308Z"}},{"iob":0.081,"basaliob":-0.043,"bolussnooze":0,"activity":0.002,"lastBolusTime":1702902297780,"time":"2023-12-18T14:29:51.308Z","iobWithZeroTemp":{"iob":-0.186,"basaliob":-0.31,"bolussnooze":0,"activity":-0.0012,"lastBolusTime":1702902297780,"time":"2023-12-18T14:29:51.308Z"}},{"iob":0.071,"basaliob":-0.039,"bolussnooze":0,"activity":0.0018,"lastBolusTime":1702902297780,"time":"2023-12-18T14:34:51.308Z","iobWithZeroTemp":{"iob":-0.188,"basaliob":-0.298,"bolussnooze":0,"activity":-0.0014,"lastBolusTime":1702902297780,"time":"2023-12-18T14:34:51.308Z"}},{"iob":0.063,"basaliob":-0.035,"bolussnooze":0,"activity":0.0016,"lastBolusTime":1702902297780,"time":"2023-12-18T14:39:51.308Z","iobWithZeroTemp":{"iob":-0.189,"basaliob":-0.287,"bolussnooze":0,"activity":-0.0016,"lastBolusTime":1702902297780,"time":"2023-12-18T14:39:51.308Z"}},{"iob":0.056,"basaliob":-0.031,"bolussnooze":0,"activity":0.0015,"lastBolusTime":1702902297780,"time":"2023-12-18T14:44:51.308Z","iobWithZeroTemp":{"iob":-0.188,"basaliob":-0.275,"bolussnooze":0,"activity":-0.0016,"lastBolusTime":1702902297780,"time":"2023-12-18T14:44:51.308Z"}},{"iob":0.049,"basaliob":-0.028,"bolussnooze":0,"activity":0.0013,"lastBolusTime":1702902297780,"time":"2023-12-18T14:49:51.308Z","iobWithZeroTemp":{"iob":-0.188,"basaliob":-0.265,"bolussnooze":0,"activity":-0.0018,"lastBolusTime":1702902297780,"time":"2023-12-18T14:49:51.308Z"}},{"iob":0.042,"basaliob":-0.026,"bolussnooze":0,"activity":0.0012,"lastBolusTime":1702902297780,"time":"2023-12-18T14:54:51.308Z","iobWithZeroTemp":{"iob":-0.188,"basaliob":-0.256,"bolussnooze":0,"activity":-0.0018,"lastBolusTime":1702902297780,"time":"2023-12-18T14:54:51.308Z"}},{"iob":0.037,"basaliob":-0.023,"bolussnooze":0,"activity":0.001,"lastBolusTime":1702902297780,"time":"2023-12-18T14:59:51.308Z","iobWithZeroTemp":{"iob":-0.187,"basaliob":-0.247,"bolussnooze":0,"activity":-0.002,"lastBolusTime":1702902297780,"time":"2023-12-18T14:59:51.308Z"}},{"iob":0.032,"basaliob":-0.021,"bolussnooze":0,"activity":0.001,"lastBolusTime":1702902297780,"time":"2023-12-18T15:04:51.308Z","iobWithZeroTemp":{"iob":-0.185,"basaliob":-0.238,"bolussnooze":0,"activity":-0.0019,"lastBolusTime":1702902297780,"time":"2023-12-18T15:04:51.308Z"}},{"iob":0.027,"basaliob":-0.019,"bolussnooze":0,"activity":8.0E-4,"lastBolusTime":1702902297780,"time":"2023-12-18T15:09:51.308Z","iobWithZeroTemp":{"iob":-0.184,"basaliob":-0.23,"bolussnooze":0,"activity":-0.002,"lastBolusTime":1702902297780,"time":"2023-12-18T15:09:51.308Z"}},{"iob":0.023,"basaliob":-0.017,"bolussnooze":0,"activity":7.0E-4,"lastBolusTime":1702902297780,"time":"2023-12-18T15:14:51.308Z","iobWithZeroTemp":{"iob":-0.183,"basaliob":-0.223,"bolussnooze":0,"activity":-0.0021,"lastBolusTime":1702902297780,"time":"2023-12-18T15:14:51.308Z"}},{"iob":0.02,"basaliob":-0.015,"bolussnooze":0,"activity":7.0E-4,"lastBolusTime":1702902297780,"time":"2023-12-18T15:19:51.308Z","iobWithZeroTemp":{"iob":-0.181,"basaliob":-0.216,"bolussnooze":0,"activity":-0.002,"lastBolusTime":1702902297780,"time":"2023-12-18T15:19:51.308Z"}},{"iob":0.017,"basaliob":-0.013,"bolussnooze":0,"activity":6.0E-4,"lastBolusTime":1702902297780,"time":"2023-12-18T15:24:51.308Z","iobWithZeroTemp":{"iob":-0.179,"basaliob":-0.209,"bolussnooze":0,"activity":-0.002,"lastBolusTime":1702902297780,"time":"2023-12-18T15:24:51.308Z"}},{"iob":0.014,"basaliob":-0.012,"bolussnooze":0,"activity":5.0E-4,"lastBolusTime":1702902297780,"time":"2023-12-18T15:29:51.308Z","iobWithZeroTemp":{"iob":-0.177,"basaliob":-0.203,"bolussnooze":0,"activity":-0.0021,"lastBolusTime":1702902297780,"time":"2023-12-18T15:29:51.308Z"}},{"iob":0.013,"basaliob":-0.01,"bolussnooze":0,"activity":4.0E-4,"lastBolusTime":1702902297780,"time":"2023-12-18T15:34:51.308Z","iobWithZeroTemp":{"iob":-0.174,"basaliob":-0.197,"bolussnooze":0,"activity":-0.0021,"lastBolusTime":1702902297780,"time":"2023-12-18T15:34:51.308Z"}},{"iob":0.011,"basaliob":-0.009,"bolussnooze":0,"activity":4.0E-4,"lastBolusTime":1702902297780,"time":"2023-12-18T15:39:51.308Z","iobWithZeroTemp":{"iob":-0.172,"basaliob":-0.192,"bolussnooze":0,"activity":-0.002,"lastBolusTime":1702902297780,"time":"2023-12-18T15:39:51.308Z"}},{"iob":0.009,"basaliob":-0.008,"bolussnooze":0,"activity":3.0E-4,"lastBolusTime":1702902297780,"time":"2023-12-18T15:44:51.308Z","iobWithZeroTemp":{"iob":-0.17,"basaliob":-0.187,"bolussnooze":0,"activity":-0.0021,"lastBolusTime":1702902297780,"time":"2023-12-18T15:44:51.308Z"}},{"iob":0.007,"basaliob":-0.007,"bolussnooze":0,"activity":3.0E-4,"lastBolusTime":1702902297780,"time":"2023-12-18T15:49:51.308Z","iobWithZeroTemp":{"iob":-0.168,"basaliob":-0.182,"bolussnooze":0,"activity":-0.002,"lastBolusTime":1702902297780,"time":"2023-12-18T15:49:51.308Z"}},{"iob":0.006,"basaliob":-0.006,"bolussnooze":0,"activity":2.0E-4,"lastBolusTime":1702902297780,"time":"2023-12-18T15:54:51.308Z","iobWithZeroTemp":{"iob":-0.166,"basaliob":-0.178,"bolussnooze":0,"activity":-0.0021,"lastBolusTime":1702902297780,"time":"2023-12-18T15:54:51.308Z"}},{"iob":0.004,"basaliob":-0.006,"bolussnooze":0,"activity":3.0E-4,"lastBolusTime":1702902297780,"time":"2023-12-18T15:59:51.308Z","iobWithZeroTemp":{"iob":-0.165,"basaliob":-0.175,"bolussnooze":0,"activity":-0.0019,"lastBolusTime":1702902297780,"time":"2023-12-18T15:59:51.308Z"}},{"iob":0.003,"basaliob":-0.005,"bolussnooze":0,"activity":2.0E-4,"lastBolusTime":1702902297780,"time":"2023-12-18T16:04:51.308Z","iobWithZeroTemp":{"iob":-0.163,"basaliob":-0.171,"bolussnooze":0,"activity":-0.002,"lastBolusTime":1702902297780,"time":"2023-12-18T16:04:51.308Z"}},{"iob":0.003,"basaliob":-0.004,"bolussnooze":0,"activity":2.0E-4,"lastBolusTime":1702902297780,"time":"2023-12-18T16:09:51.308Z","iobWithZeroTemp":{"iob":-0.161,"basaliob":-0.168,"bolussnooze":0,"activity":-0.002,"lastBolusTime":1702902297780,"time":"2023-12-18T16:09:51.308Z"}},{"iob":0.002,"basaliob":-0.004,"bolussnooze":0,"activity":1.0E-4,"lastBolusTime":1702902297780,"time":"2023-12-18T16:14:51.308Z","iobWithZeroTemp":{"iob":-0.16,"basaliob":-0.166,"bolussnooze":0,"activity":-0.002,"lastBolusTime":1702902297780,"time":"2023-12-18T16:14:51.308Z"}},{"iob":0.002,"basaliob":-0.003,"bolussnooze":0,"activity":1.0E-4,"lastBolusTime":1702902297780,"time":"2023-12-18T16:19:51.308Z","iobWithZeroTemp":{"iob":-0.158,"basaliob":-0.163,"bolussnooze":0,"activity":-0.002,"lastBolusTime":1702902297780,"time":"2023-12-18T16:19:51.308Z"}},{"iob":0.001,"basaliob":-0.003,"bolussnooze":0,"activity":1.0E-4,"lastBolusTime":1702902297780,"time":"2023-12-18T16:24:51.308Z","iobWithZeroTemp":{"iob":-0.157,"basaliob":-0.161,"bolussnooze":0,"activity":-0.0019,"lastBolusTime":1702902297780,"time":"2023-12-18T16:24:51.308Z"}},{"iob":0.001,"basaliob":-0.002,"bolussnooze":0,"activity":0,"lastBolusTime":1702902297780,"time":"2023-12-18T16:29:51.308Z","iobWithZeroTemp":{"iob":-0.155,"basaliob":-0.158,"bolussnooze":0,"activity":-0.002,"lastBolusTime":1702902297780,"time":"2023-12-18T16:29:51.308Z"}}],"profile":{"max_iob":10,"type":"current","max_daily_basal":0.4,"max_basal":1.2,"min_bg":90,"max_bg":90,"target_bg":90,"carb_ratio":8.5,"sens":120,"max_daily_safety_multiplier":3,"current_basal_safety_multiplier":4,"lgsThreshold":95,"high_temptarget_raises_sensitivity":true,"low_temptarget_lowers_sensitivity":true,"sensitivity_raises_target":true,"resistance_lowers_target":true,"adv_target_adjustments":false,"exercise_mode":false,"half_basal_exercise_target":160,"maxCOB":120,"skip_neutral_temps":false,"remainingCarbsCap":90,"enableUAM":true,"A52_risk_enable":false,"SMBInterval":6,"enableSMB_with_COB":true,"enableSMB_with_temptarget":true,"allowSMB_with_high_temptarget":false,"enableSMB_always":false,"enableSMB_after_carbs":true,"maxSMBBasalMinutes":30,"maxUAMSMBBasalMinutes":40,"bolus_increment":0.05,"carbsReqThreshold":4,"current_basal":0.3,"temptargetSet":false,"autosens_max":1.3,"autosens_min":0.7,"variable_sens":98.7,"insulinDivisor":75,"TDD":19.51545833333333},"autosens_data":{"ratio":0.9078854680313261},"meal_data":{"carbs":20,"mealCOB":7.73025,"slopeFromMaxDeviation":-0.18216666666666664,"slopeFromMinDeviation":0.19209090909090903,"lastBolusTime":1702902297780,"lastCarbTime":1702897673283},"microBolusAllowed":true,"currentTime":1702902893395,"flatBGsDetected":false,"tdd1D":16.272499999999997,"tdd7D":20.110833333333336,"tddLast24H":18.25833333333333,"tddLast4H":3.1708333333333334,"tddLast8to4H":4.904166666666668},"output":{"temp":"absolute","bg":116,"tick":"+3","eventualBG":210,"targetBG":93,"insulinReq":0.2,"deliverAt":"2023-12-18T12:34:53.395Z","sensitivityRatio":0.9078854680313261,"variable_sens":98.7,"predBGs":{"IOB":[116,118,120,121,122,122,122,122,121,119,117,115,112,109,106,104,101,99,97,95,94,92,91,89,88,87,86,85,84,84,83,82,82,82,81,81,80,80,80,80,80,79],"ZT":[116,109,102,95,89,83,76,71,65,60,55,51,47,44,40,39,39,39,39,39,39,39,39,39,39,39,41,42,44,46,48,50,51,53,55,57,58,60,62,63,65,66,68,69,71,72,73,75],"COB":[116,118,120,122,124,126,127,129,130,131,132,132,133,133,132,132,131,129,128,126,125,123,122,121,120,119,118,118,117,116,116,115,115,115,114,114,114,114,113],"UAM":[116,118,121,124,127,131,134,138,141,145,149,153,157,161,165,169,172,176,180,183,186,189,192,195,197,200,202,204,206,207,208,209,210,211,211,211,211,211,211,211,210]},"reason":"COB: 7.7, Dev: 59, BGI: -7, ISF: 99, CR: 8.5, Target: 93, minPredBG 113, minGuardBG 116, IOBpredBG 79, COBpredBG 113, UAMpredBG 210; Eventual BG 210 >= 93,  insulinReq 0.2; setting 60m low temp of 0U\/h. Microbolusing 0.1U. ","COB":7.73025,"IOB":0.859,"units":0.1,"rate":0,"duration":60,"timestamp":"2023-12-18T12:34:53.423Z"}}