{"algorithm":"OpenAPSSMBDynamicISFPlugin","input":{"glucoseStatus":{"glucose":85,"noise":0,"delta":10.28,"short_avgdelta":10.28,"long_avgdelta":1.94,"date":1702922062000},"currenttemp":{"temp":"absolute","duration":105,"rate":0,"minutesrunning":15},"iob_data":[{"iob":-0.096,"basaliob":-0.123,"bolussnooze":0,"activity":-5.0E-4,"lastBolusTime":1702911594496,"time":"2023-12-18T17:54:53.397Z","iobWithZeroTemp":{"iob":-0.096,"basaliob":-0.123,"bolussnooze":0,"activity":-5.0E-4,"lastBolusTime":1702911594496,"time":"2023-12-18T17:54:53.397Z"}},{"iob":-0.094,"basaliob":-0.117,"bolussnooze":0,"activity":-7.0E-4,"lastBolusTime":1702911594496,"time":"2023-12-18T17:59:53.397Z","iobWithZeroTemp":{"iob":-0.101,"basaliob":-0.124,"bolussnooze":0,"activity":-7.0E-4,"lastBolusTime":1702911594496,"time":"2023-12-18T17:59:53.397Z"}},{"iob":-0.091,"basaliob":-0.111,"bolussnooze":0,"activity":-8.0E-4,"lastBolusTime":1702911594496,"time":"2023-12-18T18:04:53.397Z","iobWithZeroTemp":{"iob":-0.106,"basaliob":-0.126,"bolussnooze":0,"activity":-8.0E-4,"lastBolusTime":1702911594496,"time":"2023-12-18T18:04:53.397Z"}},{"iob":-0.086,"basaliob":-0.104,"bolussnooze":0,"activity":-8.0E-4,"lastBolusTime":1702911594496,"time":"2023-12-18T18:09:53.397Z","iobWithZeroTemp":{"iob":-0.109,"basaliob":-0.127,"bolussnooze":0,"activity":-9.0E-4,"lastBolusTime":1702911594496,"time":"2023-12-18T18:09:53.397Z"}},{"iob":-0.082,"basaliob":-0.098,"bolussnooze":0,"activity":-9.0E-4,"lastBolusTime":1702911594496,"time":"2023-12-18T18:14:53.397Z","iobWithZeroTemp":{"iob":-0.113,"basaliob":-0.129,"bolussnooze":0,"activity":-0.001,"lastBolusTime":1702911594496,"time":"2023-12-18T18:14:53.397Z"}},{"iob":-0.078,"basaliob":-0.092,"bolussnooze":0,"activity":-8.0E-4,"lastBolusTime":1702911594496,"time":"2023-12-18T18:19:53.397Z","iobWithZeroTemp":{"iob":-0.116,"basaliob":-0.13,"bolussnooze":0,"activity":-0.001,"lastBolusTime":1702911594496,"time":"2023-12-18T18:19:53.397Z"}},{"iob":-0.074,"basaliob":-0.086,"bolussnooze":0,"activity":-9.0E-4,"lastBolusTime":1702911594496,"time":"2023-12-18T18:24:53.397Z","iobWithZeroTemp":{"iob":-0.12,"basaliob":-0.132,"bolussnooze":0,"activity":-0.0011,"lastBolusTime":1702911594496,"time":"2023-12-18T18:24:53.397Z"}},{"iob":-0.07,"basaliob":-0.08,"bolussnooze":0,"activity":-9.0E-4,"lastBolusTime":1702911594496,"time":"2023-12-18T18:29:53.397Z","iobWithZeroTemp":{"iob":-0.123,"basaliob":-0.133,"bolussnooze":0,"activity":-0.0012,"lastBolusTime":1702911594496,"time":"2023-12-18T18:29:53.397Z"}},{"iob":-0.065,"basaliob":-0.074,"bolussnooze":0,"activity":-8.0E-4,"lastBolusTime":1702911594496,"time":"2023-12-18T18:34:53.397Z","iobWithZeroTemp":{"iob":-0.124,"basaliob":-0.133,"bolussnooze":0,"activity":-0.0012,"lastBolusTime":1702911594496,"time":"2023-12-18T18:34:53.397Z"}},{"iob":-0.061,"basaliob":-0.069,"bolussnooze":0,"activity":-9.0E-4,"lastBolusTime":1702911594496,"time":"2023-12-18T18:39:53.397Z","iobWithZeroTemp":{"iob":-0.127,"basaliob":-0.135,"bolussnooze":0,"activity":-0.0013,"lastBolusTime":1702911594496,"time":"2023-12-18T18:39:53.397Z"}},{"iob":-0.058,"basaliob":-0.064,"bolussnooze":0,"activity":-8.0E-4,"lastBolusTime":1702911594496,"time":"2023-12-18T18:44:53.397Z","iobWithZeroTemp":{"iob":-0.13,"basaliob":-0.136,"bolussnooze":0,"activity":-0.0013,"lastBolusTime":1702911594496,"time":"2023-12-18T18:44:53.397Z"}},{"iob":-0.054,"basaliob":-0.059,"bolussnooze":0,"activity":-8.0E-4,"lastBolusTime":1702911594496,"time":"2023-12-18T18:49:53.397Z","iobWithZeroTemp":{"iob":-0.131,"basaliob":-0.136,"bolussnooze":0,"activity":-0.0014,"lastBolusTime":1702911594496,"time":"2023-12-18T18:49:53.397Z"}},{"iob":-0.049,"basaliob":-0.054,"bolussnooze":0,"activity":-7.0E-4,"lastBolusTime":1702911594496,"time":"2023-12-18T18:54:53.397Z","iobWithZeroTemp":{"iob":-0.131,"basaliob":-0.136,"bolussnooze":0,"activity":-0.0014,"lastBolusTime":1702911594496,"time":"2023-12-18T18:54:53.397Z"}},{"iob":-0.046,"basaliob":-0.05,"bolussnooze":0,"activity":-7.0E-4,"lastBolusTime":1702911594496,"time":"2023-12-18T18:59:53.397Z","iobWithZeroTemp":{"iob":-0.133,"basaliob":-0.137,"bolussnooze":0,"activity":-0.0014,"lastBolusTime":1702911594496,"time":"2023-12-18T18:59:53.397Z"}},{"iob":-0.043,"basaliob":-0.046,"bolussnooze":0,"activity":-7.0E-4,"lastBolusTime":1702911594496,"time":"2023-12-18T19:04:53.397Z","iobWithZeroTemp":{"iob":-0.155,"basaliob":-0.158,"bolussnooze":0,"activity":-0.0015,"lastBolusTime":1702911594496,"time":"2023-12-18T19:04:53.397Z"}},{"iob":-0.039,"basaliob":-0.042,"bolussnooze":0,"activity":-6.0E-4,"lastBolusTime":1702911594496,"time":"2023-12-18T19:09:53.397Z","iobWithZeroTemp":{"iob":-0.176,"basaliob":-0.179,"bolussnooze":0,"activity":-0.0015,"lastBolusTime":1702911594496,"time":"2023-12-18T19:09:53.397Z"}},{"iob":-0.036,"basaliob":-0.038,"bolussnooze":0,"activity":-6.0E-4,"lastBolusTime":1702911594496,"time":"2023-12-18T19:14:53.397Z","iobWithZeroTemp":{"iob":-0.197,"basaliob":-0.199,"bolussnooze":0,"activity":-0.0017,"lastBolusTime":1702911594496,"time":"2023-12-18T19:14:53.397Z"}},{"iob":-0.033,"basaliob":-0.035,"bolussnooze":0,"activity":-5.0E-4,"lastBolusTime":1702911594496,"time":"2023-12-18T19:19:53.397Z","iobWithZeroTemp":{"iob":-0.217,"basaliob":-0.219,"bolussnooze":0,"activity":-0.0018,"lastBolusTime":1702911594496,"time":"2023-12-18T19:19:53.397Z"}},{"iob":-0.03,"basaliob":-0.032,"bolussnooze":0,"activity":-5.0E-4,"lastBolusTime":1702911594496,"time":"2023-12-18T19:24:53.397Z","iobWithZeroTemp":{"iob":-0.236,"basaliob":-0.238,"bolussnooze":0,"activity":-0.002,"lastBolusTime":1702911594496,"time":"2023-12-18T19:24:53.397Z"}},{"iob":-0.028,"basaliob":-0.029,"bolussnooze":0,"activity":-5.0E-4,"lastBolusTime":1702911594496,"time":"2023-12-18T19:29:53.397Z","iobWithZeroTemp":{"iob":-0.255,"basaliob":-0.256,"bolussnooze":0,"activity":-0.0022,"lastBolusTime":1702911594496,"time":"2023-12-18T19:29:53.397Z"}},{"iob":-0.025,"basaliob":-0.026,"bolussnooze":0,"activity":-5.0E-4,"lastBolusTime":1702911594496,"time":"2023-12-18T19:34:53.397Z","iobWithZeroTemp":{"iob":-0.272,"basaliob":-0.273,"bolussnooze":0,"activity":-0.0024,"lastBolusTime":1702911594496,"time":"2023-12-18T19:34:53.397Z"}},{"iob":-0.023,"basaliob":-0.024,"bolussnooze":0,"activity":-5.0E-4,"lastBolusTime":1702911594496,"time":"2023-12-18T19:39:53.397Z","iobWithZeroTemp":{"iob":-0.289,"basaliob":-0.29,"bolussnooze":0,"activity":-0.0026,"lastBolusTime":1702911594496,"time":"2023-12-18T19:39:53.397Z"}},{"iob":-0.021,"basaliob":-0.022,"bolussnooze":0,"activity":-4.0E-4,"lastBolusTime":1702911594496,"time":"2023-12-18T19:44:53.397Z","iobWithZeroTemp":{"iob":-0.305,"basaliob":-0.306,"bolussnooze":0,"activity":-0.0027,"lastBolusTime":1702911594496,"time":"2023-12-18T19:44:53.397Z"}},{"iob":-0.018,"basaliob":-0.019,"bolussnooze":0,"activity":-4.0E-4,"lastBolusTime":1702911594496,"time":"2023-12-18T19:49:53.397Z","iobWithZeroTemp":{"iob":-0.319,"basaliob":-0.32,"bolussnooze":0,"activity":-0.003,"lastBolusTime":1702911594496,"time":"2023-12-18T19:49:53.397Z"}},{"iob":-0.018,"basaliob":-0.018,"bolussnooze":0,"activity":-4.0E-4,"lastBolusTime":1702911594496,"time":"2023-12-18T19:54:53.397Z","iobWithZeroTemp":{"iob":-0.335,"basaliob":-0.335,"bolussnooze":0,"activity":-0.0032,"lastBolusTime":1702911594496,"time":"2023-12-18T19:54:53.397Z"}},{"iob":-0.016,"basaliob":-0.016,"bolussnooze":0,"activity":-3.0E-4,"lastBolusTime":1702911594496,"time":"2023-12-18T19:59:53.397Z","iobWithZeroTemp":{"iob":-0.347,"basaliob":-0.347,"bolussnooze":0,"activity":-0.0033,"lastBolusTime":1702911594496,"time":"2023-12-18T19:59:53.397Z"}},{"iob":-0.014,"basaliob":-0.014,"bolussnooze":0,"activity":-3.0E-4,"lastBolusTime":1702911594496,"time":"2023-12-18T20:04:53.397Z","iobWithZeroTemp":{"iob":-0.359,"basaliob":-0.359,"bolussnooze":0,"activity":-0.0035,"lastBolusTime":1702911594496,"time":"2023-12-18T20:04:53.397Z"}},{"iob":-0.013,"basaliob":-0.013,"bolussnooze":0,"activity":-3.0E-4,"lastBolusTime":1702911594496,"time":"2023-12-18T20:09:53.397Z","iobWithZeroTemp":{"iob":-0.371,"basaliob":-0.371,"bolussnooze":0,"activity":-0.0037,"lastBolusTime":1702911594496,"time":"2023-12-18T20:09:53.397Z"}},{"iob":-0.011,"basaliob":-0.011,"bolussnooze":0,"activity":-3.0E-4,"lastBolusTime":1702911594496,"time":"2023-12-18T20:14:53.397Z","iobWithZeroTemp":{"iob":-0.381,"basaliob":-0.381,"bolussnooze":0,"activity":-0.0038,"lastBolusTime":1702911594496,"time":"2023-12-18T20:14:53.397Z"}},{"iob":-0.01,"basaliob":-0.01,"bolussnooze":0,"activity":-2.0E-4,"lastBolusTime":1702911594496,"time":"2023-12-18T20:19:53.397Z","iobWithZeroTemp":{"iob":-0.391,"basaliob":-0.391,"bolussnooze":0,"activity":-0.0039,"lastBolusTime":1702911594496,"time":"2023-12-18T20:19:53.397Z"}},{"iob":-0.009,"basaliob":-0.009,"bolussnooze":0,"activity":-2.0E-4,"lastBolusTime":1702911594496,"time":"2023-12-18T20:24:53.397Z","iobWithZeroTemp":{"iob":-0.4,"basaliob":-0.4,"bolussnooze":0,"activity":-0.0041,"lastBolusTime":1702911594496,"time":"2023-12-18T20:24:53.397Z"}},{"iob":-0.008,"basaliob":-0.008,"bolussnooze":0,"activity":-2.0E-4,"lastBolusTime":1702911594496,"time":"2023-12-18T20:29:53.397Z","iobWithZeroTemp":{"iob":-0.408,"basaliob":-0.408,"bolussnooze":0,"activity":-0.0042,"lastBolusTime":1702911594496,"time":"2023-12-18T20:29:53.397Z"}},{"iob":-0.007,"basaliob":-0.007,"bolussnooze":0,"activity":-2.0E-4,"lastBolusTime":1702911594496,"time":"2023-12-18T20:34:53.397Z","iobWithZeroTemp":{"iob":-0.416,"basaliob":-0.416,"bolussnooze":0,"activity":-0.0044,"lastBolusTime":1702911594496,"time":"2023-12-18T20:34:53.397Z"}},{"iob":-0.006,"basaliob":-0.006,"bolussnooze":0,"activity":-2.0E-4,"lastBolusTime":1702911594496,"time":"2023-12-18T20:39:53.397Z","iobWithZeroTemp":{"iob":-0.423,"basaliob":-0.423,"bolussnooze":0,"activity":-0.0045,"lastBolusTime":1702911594496,"time":"2023-12-18T20:39:53.397Z"}},{"iob":-0.006,"basaliob":-0.006,"bolussnooze":0,"activity":-1.0E-4,"lastBolusTime":1702911594496,"time":"2023-12-18T20:44:53.397Z","iobWithZeroTemp":{"iob":-0.43,"basaliob":-0.43,"bolussnooze":0,"activity":-0.0045,"lastBolusTime":1702911594496,"time":"2023-12-18T20:44:53.397Z"}},{"iob":-0.005,"basaliob":-0.005,"bolussnooze":0,"activity":-1.0E-4,"lastBolusTime":1702911594496,"time":"2023-12-18T20:49:53.397Z","iobWithZeroTemp":{"iob":-0.436,"basaliob":-0.436,"bolussnooze":0,"activity":-0.0047,"lastBolusTime":1702911594496,"time":"2023-12-18T20:49:53.397Z"}},{"iob":-0.004,"basaliob":-0.004,"bolussnooze":0,"activity":-1.0E-4,"lastBolusTime":1702911594496,"time":"2023-12-18T20:54:53.397Z","iobWithZeroTemp":{"iob":-0.441,"basaliob":-0.441,"bolussnooze":0,"activity":-0.0048,"lastBolusTime":1702911594496,"time":"2023-12-18T20:54:53.397Z"}},{"iob":-0.004,"basaliob":-0.004,"bolussnooze":0,"activity":-1.0E-4,"lastBolusTime":1702911594496,"time":"2023-12-18T20:59:53.397Z","iobWithZeroTemp":{"iob":-0.446,"basaliob":-0.446,"bolussnooze":0,"activity":-0.0049,"lastBolusTime":1702911594496,"time":"2023-12-18T20:59:53.397Z"}},{"iob":-0.003,"basaliob":-0.003,"bolussnooze":0,"activity":-1.0E-4,"lastBolusTime":0,"time":"2023-12-18T21:04:53.397Z","iobWithZeroTemp":{"iob":-0.446,"basaliob":-0.446,"bolussnooze":0,"activity":-0.005,"lastBolusTime":0,"time":"2023-12-18T21:04:53.397Z"}},{"iob":-0.003,"basaliob":-0.003,"bolussnooze":0,"activity":-1.0E-4,"lastBolusTime":0,"time":"2023-12-18T21:09:53.397Z","iobWithZeroTemp":{"iob":-0.447,"basaliob":-0.447,"bolussnooze":0,"activity":-0.005,"lastBolusTime":0,"time":"2023-12-18T21:09:53.397Z"}},{"iob":-0.003,"basaliob":-0.003,"bolussnooze":0,"activity":-1.0E-4,"lastBolusTime":0,"time":"2023-12-18T21:14:53.397Z","iobWithZeroTemp":{"iob":-0.447,"basaliob":-0.447,"bolussnooze":0,"activity":-0.0051,"lastBolusTime":0,"time":"2023-12-18T21:14:53.397Z"}},{"iob":-0.002,"basaliob":-0.002,"bolussnooze":0,"activity":-1.0E-4,"lastBolusTime":0,"time":"2023-12-18T21:19:53.397Z","iobWithZeroTemp":{"iob":-0.446,"basaliob":-0.446,"bolussnooze":0,"activity":-0.0052,"lastBolusTime":0,"time":"2023-12-18T21:19:53.397Z"}},{"iob":-0.002,"basaliob":-0.002,"bolussnooze":0,"activity":-1.0E-4,"lastBolusTime":0,"time":"2023-12-18T21:24:53.397Z","iobWithZeroTemp":{"iob":-0.445,"basaliob":-0.445,"bolussnooze":0,"activity":-0.0052,"lastBolusTime":0,"time":"2023-12-18T21:24:53.397Z"}},{"iob":-0.002,"basaliob":-0.002,"bolussnooze":0,"activity":0,"lastBolusTime":0,"time":"2023-12-18T21:29:53.397Z","iobWithZeroTemp":{"iob":-0.445,"basaliob":-0.445,"bolussnooze":0,"activity":-0.0051,"lastBolusTime":0,"time":"2023-12-18T21:29:53.397Z"}},{"iob":-0.001,"basaliob":-0.001,"bolussnooze":0,"activity":0,"lastBolusTime":0,"time":"2023-12-18T21:34:53.397Z","iobWithZeroTemp":{"iob":-0.443,"basaliob":-0.443,"bolussnooze":0,"activity":-0.0052,"lastBolusTime":0,"time":"2023-12-18T21:34:53.397Z"}},{"iob":-0.001,"basaliob":-0.001,"bolussnooze":0,"activity":0,"lastBolusTime":0,"time":"2023-12-18T21:39:53.397Z","iobWithZeroTemp":{"iob":-0.442,"basaliob":-0.442,"bolussnooze":0,"activity":-0.0052,"lastBolusTime":0,"time":"2023-12-18T21:39:53.397Z"}},{"iob":-0.001,"basaliob":-0.001,"bolussnooze":0,"activity":0,"lastBolusTime":0,"time":"2023-12-18T21:44:53.397Z","iobWithZeroTemp":{"iob":-0.441,"basaliob":-0.441,"bolussnooze":0,"activity":-0.0052,"lastBolusTime":0,"time":"2023-12-18T21:44:53.397Z"}},{"iob":-0.001,"basaliob":-0.001,"bolussnooze":0,"activity":0,"lastBolusTime":0,"time":"2023-12-18T21:49:53.397Z","iobWithZeroTemp":{"iob":-0.441,"basaliob":-0.441,"bolussnooze":0,"activity":-0.0052,"lastBolusTime":0,"time":"2023-12-18T21:49:53.397Z"}}],"profile":{"max_iob":10,"type":"current","max_daily_basal":0.4,"max_basal":0.4,"min_bg":130,"max_bg":130,"target_bg":130,"carb_ratio":8.8,"sens":120,"max_daily_safety_multiplier":3,"current_basal_safety_multiplier":4,"lgsThreshold":95,"high_temptarget_raises_sensitivity":true,"low_temptarget_lowers_sensitivity":true,"sensitivity_raises_target":true,"resistance_lowers_target":true,"adv_target_adjustments":false,"exercise_mode":false,"half_basal_exercise_target":160,"maxCOB":120,"skip_neutral_temps":false,"remainingCarbsCap":90,"enableUAM":true,"A52_risk_enable":false,"SMBInterval":5,"enableSMB_with_COB":true,"enableSMB_with_temptarget":true,"allowSMB_with_high_temptarget":false,"enableSMB_always":false,"enableSMB_after_carbs":true,"maxSMBBasalMinutes":30,"maxUAMSMBBasalMinutes":40,"bolus_increment":0.05,"carbsReqThreshold":4,"current_basal":0.1,"temptargetSet":true,"autosens_max":1.3,"autosens_min":0.7,"variable_sens":144.9,"insulinDivisor":75,"TDD":16.389533333333333},"autosens_data":{"ratio":0.8067790991588278},"meal_data":{"carbs":0,"mealCOB":0,"slopeFromMaxDeviation":0,"slopeFromMinDeviation":3.213,"lastBolusTime":1702911594496,"lastCarbTime":0},"microBolusAllowed":true,"currentTime":1702922095264,"flatBGsDetected":false,"tdd1D":16.272499999999997,"tdd7D":20.110833333333336,"tddLast24H":16.224999999999994,"tddLast4H":1.1833333333333333,"tddLast8to4H":4.279166666666667},"output":{"temp":"absolute","bg":85,"tick":"+10","eventualBG":159,"targetBG":130,"insulinReq":0.09,"deliverAt":"2023-12-18T17:54:55.264Z","sensitivityRatio":0.67,"variable_sens":144.9,"predBGs":{"IOB":[85,94,103,111,118,124,130,134,138,141,143,145,145,145,146,146,146,147,147,147,147,148,148,148,148,148,149,149,149,149,149,149,149,149,150],"ZT":[85,85,86,86,87,88,89,89,90,91,92,93,94,95,96,97,98,99,100,101,103,104,106,107,109,111,113,115,118,120,122,124,127,129],"UAM":[85,94,102,110,116,121,125,128,130,130,131,131,132,132,132,133,133,133,134,134,134,134,135,135,135,135,135,136,136,136,136,136,136,136,137]},"reason":"COB: 0, Dev: 60, BGI: 0, ISF: 145, CR: 8.8, Target: 130, minPredBG 143, minGuardBG 94, IOBpredBG 150, UAMpredBG 137; IOB -0.096 < -0.03 and minDelta 10 > expectedDelta -1; Eventual BG 159 >= 130, temp 0.00 < 0.25U\/hr. ","COB":0,"IOB":-0.096,"duration":30,"rate":0.247,"timestamp":"2023-12-18T17:54:55.291Z"}}