{"algorithm":"OpenAPSSMBDynamicISFPlugin","input":{"glucoseStatus":{"glucose":107,"noise":0,"delta":-6.61,"short_avgdelta":-6.61,"long_avgdelta":-6.15,"date":1703069368000},"currenttemp":{"temp":"absolute","duration":90,"rate":0,"minutesrunning":30},"iob_data":[{"iob":0.549,"basaliob":-0.32,"bolussnooze":0.0674,"activity":0.011,"lastBolusTime":1703066409396,"time":"2023-12-20T10:50:01.104Z","iobWithZeroTemp":{"iob":0.549,"basaliob":-0.32,"bolussnooze":0.0674,"activity":0.011,"lastBolusTime":1703066409396,"time":"2023-12-20T10:50:01.104Z"}},{"iob":0.496,"basaliob":-0.302,"bolussnooze":0.0519,"activity":0.0101,"lastBolusTime":1703066409396,"time":"2023-12-20T10:55:01.104Z","iobWithZeroTemp":{"iob":0.479,"basaliob":-0.319,"bolussnooze":0.0519,"activity":0.0101,"lastBolusTime":1703066409396,"time":"2023-12-20T10:55:01.104Z"}},{"iob":0.448,"basaliob":-0.284,"bolussnooze":0.0395,"activity":0.0092,"lastBolusTime":1703066409396,"time":"2023-12-20T11:00:01.104Z","iobWithZeroTemp":{"iob":0.411,"basaliob":-0.321,"bolussnooze":0.0395,"activity":0.0091,"lastBolusTime":1703066409396,"time":"2023-12-20T11:00:01.104Z"}},{"iob":0.404,"basaliob":-0.266,"bolussnooze":0.0297,"activity":0.0085,"lastBolusTime":1703066409396,"time":"2023-12-20T11:05:01.104Z","iobWithZeroTemp":{"iob":0.343,"basaliob":-0.327,"bolussnooze":0.0297,"activity":0.0083,"lastBolusTime":1703066409396,"time":"2023-12-20T11:05:01.104Z"}},{"iob":0.363,"basaliob":-0.249,"bolussnooze":0.022,"activity":0.0077,"lastBolusTime":1703066409396,"time":"2023-12-20T11:10:01.104Z","iobWithZeroTemp":{"iob":0.278,"basaliob":-0.334,"bolussnooze":0.022,"activity":0.0074,"lastBolusTime":1703066409396,"time":"2023-12-20T11:10:01.104Z"}},{"iob":0.327,"basaliob":-0.232,"bolussnooze":0.0159,"activity":0.007,"lastBolusTime":1703066409396,"time":"2023-12-20T11:15:01.104Z","iobWithZeroTemp":{"iob":0.219,"basaliob":-0.34,"bolussnooze":0.0159,"activity":0.0065,"lastBolusTime":1703066409396,"time":"2023-12-20T11:15:01.104Z"}},{"iob":0.293,"basaliob":-0.216,"bolussnooze":0.0113,"activity":0.0064,"lastBolusTime":1703066409396,"time":"2023-12-20T11:20:01.104Z","iobWithZeroTemp":{"iob":0.163,"basaliob":-0.346,"bolussnooze":0.0113,"activity":0.0057,"lastBolusTime":1703066409396,"time":"2023-12-20T11:20:01.104Z"}},{"iob":0.263,"basaliob":-0.2,"bolussnooze":0.0077,"activity":0.0059,"lastBolusTime":1703066409396,"time":"2023-12-20T11:25:01.104Z","iobWithZeroTemp":{"iob":0.112,"basaliob":-0.351,"bolussnooze":0.0077,"activity":0.005,"lastBolusTime":1703066409396,"time":"2023-12-20T11:25:01.104Z"}},{"iob":0.234,"basaliob":-0.186,"bolussnooze":0.0051,"activity":0.0053,"lastBolusTime":1703066409396,"time":"2023-12-20T11:30:01.104Z","iobWithZeroTemp":{"iob":0.062,"basaliob":-0.358,"bolussnooze":0.0051,"activity":0.0042,"lastBolusTime":1703066409396,"time":"2023-12-20T11:30:01.104Z"}},{"iob":0.21,"basaliob":-0.171,"bolussnooze":0.0032,"activity":0.0048,"lastBolusTime":1703066409396,"time":"2023-12-20T11:35:01.104Z","iobWithZeroTemp":{"iob":0.019,"basaliob":-0.362,"bolussnooze":0.0032,"activity":0.0035,"lastBolusTime":1703066409396,"time":"2023-12-20T11:35:01.104Z"}},{"iob":0.187,"basaliob":-0.158,"bolussnooze":0.0019,"activity":0.0043,"lastBolusTime":1703066409396,"time":"2023-12-20T11:40:01.104Z","iobWithZeroTemp":{"iob":-0.022,"basaliob":-0.367,"bolussnooze":0.0019,"activity":0.0028,"lastBolusTime":1703066409396,"time":"2023-12-20T11:40:01.104Z"}},{"iob":0.167,"basaliob":-0.145,"bolussnooze":0.001,"activity":0.004,"lastBolusTime":1703066409396,"time":"2023-12-20T11:45:01.104Z","iobWithZeroTemp":{"iob":-0.059,"basaliob":-0.371,"bolussnooze":0.001,"activity":0.0023,"lastBolusTime":1703066409396,"time":"2023-12-20T11:45:01.104Z"}},{"iob":0.147,"basaliob":-0.134,"bolussnooze":4.0E-4,"activity":0.0035,"lastBolusTime":1703066409396,"time":"2023-12-20T11:50:01.104Z","iobWithZeroTemp":{"iob":-0.095,"basaliob":-0.376,"bolussnooze":4.0E-4,"activity":0.0016,"lastBolusTime":1703066409396,"time":"2023-12-20T11:50:01.104Z"}},{"iob":0.13,"basaliob":-0.123,"bolussnooze":1.0E-4,"activity":0.0032,"lastBolusTime":1703066409396,"time":"2023-12-20T11:55:01.104Z","iobWithZeroTemp":{"iob":-0.127,"basaliob":-0.38,"bolussnooze":1.0E-4,"activity":0.0011,"lastBolusTime":1703066409396,"time":"2023-12-20T11:55:01.104Z"}},{"iob":0.116,"basaliob":-0.112,"bolussnooze":0,"activity":0.0029,"lastBolusTime":1703066409396,"time":"2023-12-20T12:00:01.104Z","iobWithZeroTemp":{"iob":-0.155,"basaliob":-0.383,"bolussnooze":0,"activity":6.0E-4,"lastBolusTime":1703066409396,"time":"2023-12-20T12:00:01.104Z"}},{"iob":0.102,"basaliob":-0.102,"bolussnooze":0,"activity":0.0025,"lastBolusTime":1703066409396,"time":"2023-12-20T12:05:01.104Z","iobWithZeroTemp":{"iob":-0.182,"basaliob":-0.386,"bolussnooze":0,"activity":0,"lastBolusTime":1703066409396,"time":"2023-12-20T12:05:01.104Z"}},{"iob":0.09,"basaliob":-0.093,"bolussnooze":0,"activity":0.0023,"lastBolusTime":1703066409396,"time":"2023-12-20T12:10:01.104Z","iobWithZeroTemp":{"iob":-0.206,"basaliob":-0.389,"bolussnooze":0,"activity":-4.0E-4,"lastBolusTime":1703066409396,"time":"2023-12-20T12:10:01.104Z"}},{"iob":0.079,"basaliob":-0.085,"bolussnooze":0,"activity":0.0021,"lastBolusTime":1703066409396,"time":"2023-12-20T12:15:01.104Z","iobWithZeroTemp":{"iob":-0.228,"basaliob":-0.392,"bolussnooze":0,"activity":-7.0E-4,"lastBolusTime":1703066409396,"time":"2023-12-20T12:15:01.104Z"}},{"iob":0.069,"basaliob":-0.077,"bolussnooze":0,"activity":0.0018,"lastBolusTime":1703066409396,"time":"2023-12-20T12:20:01.104Z","iobWithZeroTemp":{"iob":-0.249,"basaliob":-0.395,"bolussnooze":0,"activity":-0.0012,"lastBolusTime":1703066409396,"time":"2023-12-20T12:20:01.104Z"}},{"iob":0.06,"basaliob":-0.07,"bolussnooze":0,"activity":0.0016,"lastBolusTime":1703066409396,"time":"2023-12-20T12:25:01.104Z","iobWithZeroTemp":{"iob":-0.267,"basaliob":-0.397,"bolussnooze":0,"activity":-0.0016,"lastBolusTime":1703066409396,"time":"2023-12-20T12:25:01.104Z"}},{"iob":0.052,"basaliob":-0.064,"bolussnooze":0,"activity":0.0014,"lastBolusTime":1703066409396,"time":"2023-12-20T12:30:01.104Z","iobWithZeroTemp":{"iob":-0.284,"basaliob":-0.4,"bolussnooze":0,"activity":-0.0019,"lastBolusTime":1703066409396,"time":"2023-12-20T12:30:01.104Z"}},{"iob":0.045,"basaliob":-0.058,"bolussnooze":0,"activity":0.0013,"lastBolusTime":1703066409396,"time":"2023-12-20T12:35:01.104Z","iobWithZeroTemp":{"iob":-0.299,"basaliob":-0.402,"bolussnooze":0,"activity":-0.0022,"lastBolusTime":1703066409396,"time":"2023-12-20T12:35:01.104Z"}},{"iob":0.039,"basaliob":-0.052,"bolussnooze":0,"activity":0.0011,"lastBolusTime":1703066409396,"time":"2023-12-20T12:40:01.104Z","iobWithZeroTemp":{"iob":-0.313,"basaliob":-0.404,"bolussnooze":0,"activity":-0.0025,"lastBolusTime":1703066409396,"time":"2023-12-20T12:40:01.104Z"}},{"iob":0.034,"basaliob":-0.047,"bolussnooze":0,"activity":0.001,"lastBolusTime":1703066409396,"time":"2023-12-20T12:45:01.104Z","iobWithZeroTemp":{"iob":-0.324,"basaliob":-0.405,"bolussnooze":0,"activity":-0.0027,"lastBolusTime":1703066409396,"time":"2023-12-20T12:45:01.104Z"}},{"iob":0.029,"basaliob":-0.042,"bolussnooze":0,"activity":9.0E-4,"lastBolusTime":1703066409396,"time":"2023-12-20T12:50:01.104Z","iobWithZeroTemp":{"iob":-0.336,"basaliob":-0.407,"bolussnooze":0,"activity":-0.0029,"lastBolusTime":1703066409396,"time":"2023-12-20T12:50:01.104Z"}},{"iob":0.024,"basaliob":-0.038,"bolussnooze":0,"activity":8.0E-4,"lastBolusTime":1703066409396,"time":"2023-12-20T12:55:01.104Z","iobWithZeroTemp":{"iob":-0.346,"basaliob":-0.408,"bolussnooze":0,"activity":-0.0031,"lastBolusTime":1703066409396,"time":"2023-12-20T12:55:01.104Z"}},{"iob":0.021,"basaliob":-0.034,"bolussnooze":0,"activity":8.0E-4,"lastBolusTime":1703066409396,"time":"2023-12-20T13:00:01.104Z","iobWithZeroTemp":{"iob":-0.354,"basaliob":-0.409,"bolussnooze":0,"activity":-0.0032,"lastBolusTime":1703066409396,"time":"2023-12-20T13:00:01.104Z"}},{"iob":0.017,"basaliob":-0.031,"bolussnooze":0,"activity":6.0E-4,"lastBolusTime":1703066409396,"time":"2023-12-20T13:05:01.104Z","iobWithZeroTemp":{"iob":-0.367,"basaliob":-0.415,"bolussnooze":0,"activity":-0.0035,"lastBolusTime":1703066409396,"time":"2023-12-20T13:05:01.104Z"}},{"iob":0.015,"basaliob":-0.027,"bolussnooze":0,"activity":6.0E-4,"lastBolusTime":1703066409396,"time":"2023-12-20T13:10:01.104Z","iobWithZeroTemp":{"iob":-0.378,"basaliob":-0.42,"bolussnooze":0,"activity":-0.0036,"lastBolusTime":1703066409396,"time":"2023-12-20T13:10:01.104Z"}},{"iob":0.012,"basaliob":-0.024,"bolussnooze":0,"activity":4.0E-4,"lastBolusTime":1703066409396,"time":"2023-12-20T13:15:01.104Z","iobWithZeroTemp":{"iob":-0.389,"basaliob":-0.425,"bolussnooze":0,"activity":-0.0039,"lastBolusTime":1703066409396,"time":"2023-12-20T13:15:01.104Z"}},{"iob":0.009,"basaliob":-0.022,"bolussnooze":0,"activity":4.0E-4,"lastBolusTime":1703066409396,"time":"2023-12-20T13:20:01.104Z","iobWithZeroTemp":{"iob":-0.399,"basaliob":-0.43,"bolussnooze":0,"activity":-0.004,"lastBolusTime":1703066409396,"time":"2023-12-20T13:20:01.104Z"}},{"iob":0.008,"basaliob":-0.019,"bolussnooze":0,"activity":3.0E-4,"lastBolusTime":1703066409396,"time":"2023-12-20T13:25:01.104Z","iobWithZeroTemp":{"iob":-0.407,"basaliob":-0.434,"bolussnooze":0,"activity":-0.0042,"lastBolusTime":1703066409396,"time":"2023-12-20T13:25:01.104Z"}},{"iob":0.006,"basaliob":-0.017,"bolussnooze":0,"activity":3.0E-4,"lastBolusTime":1703066409396,"time":"2023-12-20T13:30:01.104Z","iobWithZeroTemp":{"iob":-0.415,"basaliob":-0.438,"bolussnooze":0,"activity":-0.0043,"lastBolusTime":1703066409396,"time":"2023-12-20T13:30:01.104Z"}},{"iob":0.005,"basaliob":-0.015,"bolussnooze":0,"activity":2.0E-4,"lastBolusTime":1703066409396,"time":"2023-12-20T13:35:01.104Z","iobWithZeroTemp":{"iob":-0.422,"basaliob":-0.442,"bolussnooze":0,"activity":-0.0045,"lastBolusTime":1703066409396,"time":"2023-12-20T13:35:01.104Z"}},{"iob":0.004,"basaliob":-0.013,"bolussnooze":0,"activity":3.0E-4,"lastBolusTime":1703066409396,"time":"2023-12-20T13:40:01.104Z","iobWithZeroTemp":{"iob":-0.429,"basaliob":-0.446,"bolussnooze":0,"activity":-0.0045,"lastBolusTime":1703066409396,"time":"2023-12-20T13:40:01.104Z"}},{"iob":0.002,"basaliob":-0.012,"bolussnooze":0,"activity":2.0E-4,"lastBolusTime":1703066409396,"time":"2023-12-20T13:45:01.104Z","iobWithZeroTemp":{"iob":-0.436,"basaliob":-0.45,"bolussnooze":0,"activity":-0.0046,"lastBolusTime":1703066409396,"time":"2023-12-20T13:45:01.104Z"}},{"iob":0.002,"basaliob":-0.01,"bolussnooze":0,"activity":1.0E-4,"lastBolusTime":1703066409396,"time":"2023-12-20T13:50:01.104Z","iobWithZeroTemp":{"iob":-0.441,"basaliob":-0.453,"bolussnooze":0,"activity":-0.0048,"lastBolusTime":1703066409396,"time":"2023-12-20T13:50:01.104Z"}},{"iob":0.001,"basaliob":-0.009,"bolussnooze":0,"activity":2.0E-4,"lastBolusTime":1703066409396,"time":"2023-12-20T13:55:01.104Z","iobWithZeroTemp":{"iob":-0.447,"basaliob":-0.457,"bolussnooze":0,"activity":-0.0048,"lastBolusTime":1703066409396,"time":"2023-12-20T13:55:01.104Z"}},{"iob":0,"basaliob":-0.008,"bolussnooze":0,"activity":1.0E-4,"lastBolusTime":1703066409396,"time":"2023-12-20T14:00:01.104Z","iobWithZeroTemp":{"iob":-0.452,"basaliob":-0.46,"bolussnooze":0,"activity":-0.005,"lastBolusTime":1703066409396,"time":"2023-12-20T14:00:01.104Z"}},{"iob":0,"basaliob":-0.007,"bolussnooze":0,"activity":1.0E-4,"lastBolusTime":1703066409396,"time":"2023-12-20T14:05:01.104Z","iobWithZeroTemp":{"iob":-0.435,"basaliob":-0.442,"bolussnooze":0,"activity":-0.005,"lastBolusTime":1703066409396,"time":"2023-12-20T14:05:01.104Z"}},{"iob":0,"basaliob":-0.006,"bolussnooze":0,"activity":0,"lastBolusTime":1703066409396,"time":"2023-12-20T14:10:01.104Z","iobWithZeroTemp":{"iob":-0.418,"basaliob":-0.424,"bolussnooze":0,"activity":-0.0051,"lastBolusTime":1703066409396,"time":"2023-12-20T14:10:01.104Z"}},{"iob":0,"basaliob":-0.005,"bolussnooze":0,"activity":0,"lastBolusTime":1703066409396,"time":"2023-12-20T14:15:01.104Z","iobWithZeroTemp":{"iob":-0.401,"basaliob":-0.406,"bolussnooze":0,"activity":-0.005,"lastBolusTime":1703066409396,"time":"2023-12-20T14:15:01.104Z"}},{"iob":-0.001,"basaliob":-0.005,"bolussnooze":0,"activity":1.0E-4,"lastBolusTime":1703066409396,"time":"2023-12-20T14:20:01.104Z","iobWithZeroTemp":{"iob":-0.385,"basaliob":-0.389,"bolussnooze":0,"activity":-0.0049,"lastBolusTime":1703066409396,"time":"2023-12-20T14:20:01.104Z"}},{"iob":-0.001,"basaliob":-0.004,"bolussnooze":0,"activity":0,"lastBolusTime":1703066409396,"time":"2023-12-20T14:25:01.104Z","iobWithZeroTemp":{"iob":-0.369,"basaliob":-0.372,"bolussnooze":0,"activity":-0.0049,"lastBolusTime":1703066409396,"time":"2023-12-20T14:25:01.104Z"}},{"iob":-0.001,"basaliob":-0.003,"bolussnooze":0,"activity":0,"lastBolusTime":1703066409396,"time":"2023-12-20T14:30:01.104Z","iobWithZeroTemp":{"iob":-0.353,"basaliob":-0.355,"bolussnooze":0,"activity":-0.0048,"lastBolusTime":1703066409396,"time":"2023-12-20T14:30:01.104Z"}},{"iob":-0.001,"basaliob":-0.003,"bolussnooze":0,"activity":0,"lastBolusTime":1703066409396,"time":"2023-12-20T14:35:01.104Z","iobWithZeroTemp":{"iob":-0.338,"basaliob":-0.34,"bolussnooze":0,"activity":-0.0046,"lastBolusTime":1703066409396,"time":"2023-12-20T14:35:01.104Z"}},{"iob":-0.002,"basaliob":-0.003,"bolussnooze":0,"activity":0,"lastBolusTime":1703066409396,"time":"2023-12-20T14:40:01.104Z","iobWithZeroTemp":{"iob":-0.325,"basaliob":-0.326,"bolussnooze":0,"activity":-0.0045,"lastBolusTime":1703066409396,"time":"2023-12-20T14:40:01.104Z"}},{"iob":-0.001,"basaliob":-0.002,"bolussnooze":0,"activity":0,"lastBolusTime":1703066409396,"time":"2023-12-20T14:45:01.104Z","iobWithZeroTemp":{"iob":-0.31,"basaliob":-0.311,"bolussnooze":0,"activity":-0.0044,"lastBolusTime":1703066409396,"time":"2023-12-20T14:45:01.104Z"}}],"profile":{"max_iob":10,"type":"current","max_daily_basal":0.4,"max_basal":1,"min_bg":90,"max_bg":90,"target_bg":90,"carb_ratio":8.8,"sens":120,"max_daily_safety_multiplier":3,"current_basal_safety_multiplier":4,"lgsThreshold":95,"high_temptarget_raises_sensitivity":true,"low_temptarget_lowers_sensitivity":true,"sensitivity_raises_target":true,"resistance_lowers_target":true,"adv_target_adjustments":false,"exercise_mode":false,"half_basal_exercise_target":160,"maxCOB":120,"skip_neutral_temps":false,"remainingCarbsCap":90,"enableUAM":true,"A52_risk_enable":false,"SMBInterval":5,"enableSMB_with_COB":true,"enableSMB_with_temptarget":true,"allowSMB_with_high_temptarget":false,"enableSMB_always":false,"enableSMB_after_carbs":true,"maxSMBBasalMinutes":30,"maxUAMSMBBasalMinutes":40,"bolus_increment":0.05,"carbsReqThreshold":4,"current_basal":0.25,"temptargetSet":false,"autosens_max":1.3,"autosens_min":0.7,"variable_sens":127.3,"insulinDivisor":75,"TDD":15.947663095238095},"autosens_data":{"ratio":0.8585656684012821},"meal_data":{"carbs":20,"mealCOB":9.907866666666662,"slopeFromMaxDeviation":-1.5581818181818183,"slopeFromMinDeviation":0,"lastBolusTime":1703066409396,"lastCarbTime":1703064654338},"microBolusAllowed":true,"currentTime":1703069402636,"flatBGsDetected":false,"tdd1D":13.533333333333333,"tdd7D":17.272023809523805,"tddLast24H":14.829166666666666,"tddLast4H":3.4916666666666663,"tddLast8to4H":1.2958333333333334},"output":{"temp":"absolute","bg":107,"tick":-7,"eventualBG":155,"targetBG":95,"insulinReq":0,"deliverAt":"2023-12-20T10:50:02.636Z","sensitivityRatio":0.8585656684012821,"variable_sens":127.3,"predBGs":{"IOB":[107,100,94,88,82,76,71,66,60,56,51,46,41,39],"ZT":[107,100,93,87,81,75,70,65,60,56,53,50,47,46,44,43,43,44,45,46,48,50,53,55,58,61,64,67,70,73,76,80,83,86,89,93],"COB":[107,101,95,90,85,81,78,75,72,70,69,68,67,67,67,67,68,68,69,71,73,74,76,79,81,84,87,90,93,96,100,103,107,111,115,119,122,126,129,133,136,139,142,145,148,150,153,155],"UAM":[107,100,93,87,81,75,69,63,58,53,48,43,39]},"reason":"COB: 9.9, Dev: 2, BGI: -7, ISF: 127, CR: 8.8, Target: 95, minPredBG 69, minGuardBG 31, IOBpredBG 39, COBpredBG 155, UAMpredBG 39; minGuardBG 31<95","COB":9.907866666666662,"IOB":0.549,"duration":120,"rate":0,"timestamp":"2023-12-20T10:50:02.681Z"}}