{"algorithm":"OpenAPSSMBDynamicISFPlugin","input":{"glucoseStatus":{"glucose":187,"noise":0,"delta":-6.17,"short_avgdelta":-6.17,"long_avgdelta":5.55,"date":1702908861000},"currenttemp":{"temp":"absolute","duration":118,"rate":0,"minutesrunning":2},"iob_data":[{"iob":1.356,"basaliob":0.411,"bolussnooze":0,"activity":0.012,"lastBolusTime":1702908591952,"time":"2023-12-18T14:16:57.967Z","iobWithZeroTemp":{"iob":1.356,"basaliob":0.411,"bolussnooze":0,"activity":0.012,"lastBolusTime":1702908591952,"time":"2023-12-18T14:16:57.967Z"}},{"iob":1.294,"basaliob":0.402,"bolussnooze":0,"activity":0.0127,"lastBolusTime":1702908591952,"time":"2023-12-18T14:21:57.967Z","iobWithZeroTemp":{"iob":1.287,"basaliob":0.395,"bolussnooze":0,"activity":0.0127,"lastBolusTime":1702908591952,"time":"2023-12-18T14:21:57.967Z"}},{"iob":1.229,"basaliob":0.39,"bolussnooze":0,"activity":0.0132,"lastBolusTime":1702908591952,"time":"2023-12-18T14:26:57.967Z","iobWithZeroTemp":{"iob":1.214,"basaliob":0.375,"bolussnooze":0,"activity":0.0132,"lastBolusTime":1702908591952,"time":"2023-12-18T14:26:57.967Z"}},{"iob":1.163,"basaliob":0.376,"bolussnooze":0,"activity":0.0133,"lastBolusTime":1702908591952,"time":"2023-12-18T14:31:57.967Z","iobWithZeroTemp":{"iob":1.14,"basaliob":0.353,"bolussnooze":0,"activity":0.0132,"lastBolusTime":1702908591952,"time":"2023-12-18T14:31:57.967Z"}},{"iob":1.097,"basaliob":0.361,"bolussnooze":0,"activity":0.0133,"lastBolusTime":1702908591952,"time":"2023-12-18T14:36:57.967Z","iobWithZeroTemp":{"iob":1.066,"basaliob":0.33,"bolussnooze":0,"activity":0.0132,"lastBolusTime":1702908591952,"time":"2023-12-18T14:36:57.967Z"}},{"iob":1.03,"basaliob":0.344,"bolussnooze":0,"activity":0.0132,"lastBolusTime":1702908591952,"time":"2023-12-18T14:41:57.967Z","iobWithZeroTemp":{"iob":0.992,"basaliob":0.306,"bolussnooze":0,"activity":0.013,"lastBolusTime":1702908591952,"time":"2023-12-18T14:41:57.967Z"}},{"iob":0.965,"basaliob":0.327,"bolussnooze":0,"activity":0.0129,"lastBolusTime":1702908591952,"time":"2023-12-18T14:46:57.967Z","iobWithZeroTemp":{"iob":0.919,"basaliob":0.281,"bolussnooze":0,"activity":0.0127,"lastBolusTime":1702908591952,"time":"2023-12-18T14:46:57.967Z"}},{"iob":0.901,"basaliob":0.31,"bolussnooze":0,"activity":0.0125,"lastBolusTime":1702908591952,"time":"2023-12-18T14:51:57.967Z","iobWithZeroTemp":{"iob":0.848,"basaliob":0.257,"bolussnooze":0,"activity":0.0122,"lastBolusTime":1702908591952,"time":"2023-12-18T14:51:57.967Z"}},{"iob":0.839,"basaliob":0.292,"bolussnooze":0,"activity":0.0121,"lastBolusTime":1702908591952,"time":"2023-12-18T14:56:57.967Z","iobWithZeroTemp":{"iob":0.78,"basaliob":0.233,"bolussnooze":0,"activity":0.0117,"lastBolusTime":1702908591952,"time":"2023-12-18T14:56:57.967Z"}},{"iob":0.78,"basaliob":0.274,"bolussnooze":0,"activity":0.0116,"lastBolusTime":1702908591952,"time":"2023-12-18T15:01:57.967Z","iobWithZeroTemp":{"iob":0.714,"basaliob":0.208,"bolussnooze":0,"activity":0.0112,"lastBolusTime":1702908591952,"time":"2023-12-18T15:01:57.967Z"}},{"iob":0.723,"basaliob":0.257,"bolussnooze":0,"activity":0.0111,"lastBolusTime":1702908591952,"time":"2023-12-18T15:06:57.967Z","iobWithZeroTemp":{"iob":0.651,"basaliob":0.185,"bolussnooze":0,"activity":0.0106,"lastBolusTime":1702908591952,"time":"2023-12-18T15:06:57.967Z"}},{"iob":0.669,"basaliob":0.24,"bolussnooze":0,"activity":0.0105,"lastBolusTime":1702908591952,"time":"2023-12-18T15:11:57.967Z","iobWithZeroTemp":{"iob":0.592,"basaliob":0.163,"bolussnooze":0,"activity":0.0099,"lastBolusTime":1702908591952,"time":"2023-12-18T15:11:57.967Z"}},{"iob":0.618,"basaliob":0.224,"bolussnooze":0,"activity":0.01,"lastBolusTime":1702908591952,"time":"2023-12-18T15:16:57.967Z","iobWithZeroTemp":{"iob":0.536,"basaliob":0.142,"bolussnooze":0,"activity":0.0093,"lastBolusTime":1702908591952,"time":"2023-12-18T15:16:57.967Z"}},{"iob":0.569,"basaliob":0.208,"bolussnooze":0,"activity":0.0094,"lastBolusTime":1702908591952,"time":"2023-12-18T15:21:57.967Z","iobWithZeroTemp":{"iob":0.482,"basaliob":0.121,"bolussnooze":0,"activity":0.0087,"lastBolusTime":1702908591952,"time":"2023-12-18T15:21:57.967Z"}},{"iob":0.523,"basaliob":0.193,"bolussnooze":0,"activity":0.0088,"lastBolusTime":1702908591952,"time":"2023-12-18T15:26:57.967Z","iobWithZeroTemp":{"iob":0.431,"basaliob":0.101,"bolussnooze":0,"activity":0.008,"lastBolusTime":1702908591952,"time":"2023-12-18T15:26:57.967Z"}},{"iob":0.48,"basaliob":0.179,"bolussnooze":0,"activity":0.0083,"lastBolusTime":1702908591952,"time":"2023-12-18T15:31:57.967Z","iobWithZeroTemp":{"iob":0.384,"basaliob":0.083,"bolussnooze":0,"activity":0.0074,"lastBolusTime":1702908591952,"time":"2023-12-18T15:31:57.967Z"}},{"iob":0.44,"basaliob":0.165,"bolussnooze":0,"activity":0.0077,"lastBolusTime":1702908591952,"time":"2023-12-18T15:36:57.967Z","iobWithZeroTemp":{"iob":0.34,"basaliob":0.065,"bolussnooze":0,"activity":0.0068,"lastBolusTime":1702908591952,"time":"2023-12-18T15:36:57.967Z"}},{"iob":0.402,"basaliob":0.152,"bolussnooze":0,"activity":0.0072,"lastBolusTime":1702908591952,"time":"2023-12-18T15:41:57.967Z","iobWithZeroTemp":{"iob":0.298,"basaliob":0.048,"bolussnooze":0,"activity":0.0062,"lastBolusTime":1702908591952,"time":"2023-12-18T15:41:57.967Z"}},{"iob":0.368,"basaliob":0.14,"bolussnooze":0,"activity":0.0067,"lastBolusTime":1702908591952,"time":"2023-12-18T15:46:57.967Z","iobWithZeroTemp":{"iob":0.261,"basaliob":0.033,"bolussnooze":0,"activity":0.0057,"lastBolusTime":1702908591952,"time":"2023-12-18T15:46:57.967Z"}},{"iob":0.335,"basaliob":0.129,"bolussnooze":0,"activity":0.0062,"lastBolusTime":1702908591952,"time":"2023-12-18T15:51:57.967Z","iobWithZeroTemp":{"iob":0.225,"basaliob":0.019,"bolussnooze":0,"activity":0.0051,"lastBolusTime":1702908591952,"time":"2023-12-18T15:51:57.967Z"}},{"iob":0.305,"basaliob":0.118,"bolussnooze":0,"activity":0.0058,"lastBolusTime":1702908591952,"time":"2023-12-18T15:56:57.967Z","iobWithZeroTemp":{"iob":0.192,"basaliob":0.005,"bolussnooze":0,"activity":0.0047,"lastBolusTime":1702908591952,"time":"2023-12-18T15:56:57.967Z"}},{"iob":0.277,"basaliob":0.108,"bolussnooze":0,"activity":0.0053,"lastBolusTime":1702908591952,"time":"2023-12-18T16:01:57.967Z","iobWithZeroTemp":{"iob":0.161,"basaliob":-0.008,"bolussnooze":0,"activity":0.0041,"lastBolusTime":1702908591952,"time":"2023-12-18T16:01:57.967Z"}},{"iob":0.252,"basaliob":0.099,"bolussnooze":0,"activity":0.0049,"lastBolusTime":1702908591952,"time":"2023-12-18T16:06:57.967Z","iobWithZeroTemp":{"iob":0.134,"basaliob":-0.019,"bolussnooze":0,"activity":0.0037,"lastBolusTime":1702908591952,"time":"2023-12-18T16:06:57.967Z"}},{"iob":0.228,"basaliob":0.09,"bolussnooze":0,"activity":0.0046,"lastBolusTime":1702908591952,"time":"2023-12-18T16:11:57.967Z","iobWithZeroTemp":{"iob":0.108,"basaliob":-0.03,"bolussnooze":0,"activity":0.0034,"lastBolusTime":1702908591952,"time":"2023-12-18T16:11:57.967Z"}},{"iob":0.206,"basaliob":0.082,"bolussnooze":0,"activity":0.0041,"lastBolusTime":1702908591952,"time":"2023-12-18T16:16:57.967Z","iobWithZeroTemp":{"iob":0.084,"basaliob":-0.04,"bolussnooze":0,"activity":0.0028,"lastBolusTime":1702908591952,"time":"2023-12-18T16:16:57.967Z"}},{"iob":0.187,"basaliob":0.075,"bolussnooze":0,"activity":0.0038,"lastBolusTime":1702908591952,"time":"2023-12-18T16:21:57.967Z","iobWithZeroTemp":{"iob":0.063,"basaliob":-0.049,"bolussnooze":0,"activity":0.0025,"lastBolusTime":1702908591952,"time":"2023-12-18T16:21:57.967Z"}},{"iob":0.168,"basaliob":0.068,"bolussnooze":0,"activity":0.0035,"lastBolusTime":1702908591952,"time":"2023-12-18T16:26:57.967Z","iobWithZeroTemp":{"iob":0.042,"basaliob":-0.058,"bolussnooze":0,"activity":0.0022,"lastBolusTime":1702908591952,"time":"2023-12-18T16:26:57.967Z"}},{"iob":0.151,"basaliob":0.061,"bolussnooze":0,"activity":0.0032,"lastBolusTime":1702908591952,"time":"2023-12-18T16:31:57.967Z","iobWithZeroTemp":{"iob":0.024,"basaliob":-0.066,"bolussnooze":0,"activity":0.0018,"lastBolusTime":1702908591952,"time":"2023-12-18T16:31:57.967Z"}},{"iob":0.137,"basaliob":0.056,"bolussnooze":0,"activity":0.0029,"lastBolusTime":1702908591952,"time":"2023-12-18T16:36:57.967Z","iobWithZeroTemp":{"iob":0.008,"basaliob":-0.073,"bolussnooze":0,"activity":0.0015,"lastBolusTime":1702908591952,"time":"2023-12-18T16:36:57.967Z"}},{"iob":0.122,"basaliob":0.05,"bolussnooze":0,"activity":0.0026,"lastBolusTime":1702908591952,"time":"2023-12-18T16:41:57.967Z","iobWithZeroTemp":{"iob":-0.008,"basaliob":-0.08,"bolussnooze":0,"activity":0.0012,"lastBolusTime":1702908591952,"time":"2023-12-18T16:41:57.967Z"}},{"iob":0.109,"basaliob":0.045,"bolussnooze":0,"activity":0.0024,"lastBolusTime":1702908591952,"time":"2023-12-18T16:46:57.967Z","iobWithZeroTemp":{"iob":-0.022,"basaliob":-0.086,"bolussnooze":0,"activity":9.0E-4,"lastBolusTime":1702908591952,"time":"2023-12-18T16:46:57.967Z"}},{"iob":0.098,"basaliob":0.041,"bolussnooze":0,"activity":0.0022,"lastBolusTime":1702908591952,"time":"2023-12-18T16:51:57.967Z","iobWithZeroTemp":{"iob":-0.034,"basaliob":-0.091,"bolussnooze":0,"activity":7.0E-4,"lastBolusTime":1702908591952,"time":"2023-12-18T16:51:57.967Z"}},{"iob":0.088,"basaliob":0.037,"bolussnooze":0,"activity":0.002,"lastBolusTime":1702908591952,"time":"2023-12-18T16:56:57.967Z","iobWithZeroTemp":{"iob":-0.045,"basaliob":-0.096,"bolussnooze":0,"activity":5.0E-4,"lastBolusTime":1702908591952,"time":"2023-12-18T16:56:57.967Z"}},{"iob":0.078,"basaliob":0.033,"bolussnooze":0,"activity":0.0018,"lastBolusTime":1702908591952,"time":"2023-12-18T17:01:57.967Z","iobWithZeroTemp":{"iob":-0.056,"basaliob":-0.101,"bolussnooze":0,"activity":3.0E-4,"lastBolusTime":1702908591952,"time":"2023-12-18T17:01:57.967Z"}},{"iob":0.07,"basaliob":0.03,"bolussnooze":0,"activity":0.0017,"lastBolusTime":1702908591952,"time":"2023-12-18T17:06:57.967Z","iobWithZeroTemp":{"iob":-0.065,"basaliob":-0.105,"bolussnooze":0,"activity":2.0E-4,"lastBolusTime":1702908591952,"time":"2023-12-18T17:06:57.967Z"}},{"iob":0.063,"basaliob":0.027,"bolussnooze":0,"activity":0.0015,"lastBolusTime":1702908591952,"time":"2023-12-18T17:11:57.967Z","iobWithZeroTemp":{"iob":-0.072,"basaliob":-0.108,"bolussnooze":0,"activity":0,"lastBolusTime":1702908591952,"time":"2023-12-18T17:11:57.967Z"}},{"iob":0.056,"basaliob":0.024,"bolussnooze":0,"activity":0.0013,"lastBolusTime":1702908591952,"time":"2023-12-18T17:16:57.967Z","iobWithZeroTemp":{"iob":-0.08,"basaliob":-0.112,"bolussnooze":0,"activity":-3.0E-4,"lastBolusTime":1702908591952,"time":"2023-12-18T17:16:57.967Z"}},{"iob":0.049,"basaliob":0.021,"bolussnooze":0,"activity":0.0012,"lastBolusTime":1702908591952,"time":"2023-12-18T17:21:57.967Z","iobWithZeroTemp":{"iob":-0.087,"basaliob":-0.115,"bolussnooze":0,"activity":-4.0E-4,"lastBolusTime":1702908591952,"time":"2023-12-18T17:21:57.967Z"}},{"iob":0.044,"basaliob":0.019,"bolussnooze":0,"activity":0.001,"lastBolusTime":1702908591952,"time":"2023-12-18T17:26:57.967Z","iobWithZeroTemp":{"iob":-0.093,"basaliob":-0.118,"bolussnooze":0,"activity":-6.0E-4,"lastBolusTime":1702908591952,"time":"2023-12-18T17:26:57.967Z"}},{"iob":0.039,"basaliob":0.017,"bolussnooze":0,"activity":0.001,"lastBolusTime":1702908591952,"time":"2023-12-18T17:31:57.967Z","iobWithZeroTemp":{"iob":-0.098,"basaliob":-0.12,"bolussnooze":0,"activity":-6.0E-4,"lastBolusTime":1702908591952,"time":"2023-12-18T17:31:57.967Z"}},{"iob":0.034,"basaliob":0.015,"bolussnooze":0,"activity":9.0E-4,"lastBolusTime":1702908591952,"time":"2023-12-18T17:36:57.967Z","iobWithZeroTemp":{"iob":-0.104,"basaliob":-0.123,"bolussnooze":0,"activity":-7.0E-4,"lastBolusTime":1702908591952,"time":"2023-12-18T17:36:57.967Z"}},{"iob":0.03,"basaliob":0.013,"bolussnooze":0,"activity":8.0E-4,"lastBolusTime":1702908591952,"time":"2023-12-18T17:41:57.967Z","iobWithZeroTemp":{"iob":-0.108,"basaliob":-0.125,"bolussnooze":0,"activity":-8.0E-4,"lastBolusTime":1702908591952,"time":"2023-12-18T17:41:57.967Z"}},{"iob":0.025,"basaliob":0.011,"bolussnooze":0,"activity":7.0E-4,"lastBolusTime":1702908591952,"time":"2023-12-18T17:46:57.967Z","iobWithZeroTemp":{"iob":-0.113,"basaliob":-0.127,"bolussnooze":0,"activity":-9.0E-4,"lastBolusTime":1702908591952,"time":"2023-12-18T17:46:57.967Z"}},{"iob":0.022,"basaliob":0.01,"bolussnooze":0,"activity":7.0E-4,"lastBolusTime":1702908591952,"time":"2023-12-18T17:51:57.967Z","iobWithZeroTemp":{"iob":-0.117,"basaliob":-0.129,"bolussnooze":0,"activity":-9.0E-4,"lastBolusTime":1702908591952,"time":"2023-12-18T17:51:57.967Z"}},{"iob":0.02,"basaliob":0.009,"bolussnooze":0,"activity":5.0E-4,"lastBolusTime":1702908591952,"time":"2023-12-18T17:56:57.967Z","iobWithZeroTemp":{"iob":-0.119,"basaliob":-0.13,"bolussnooze":0,"activity":-0.0011,"lastBolusTime":1702908591952,"time":"2023-12-18T17:56:57.967Z"}},{"iob":0.017,"basaliob":0.008,"bolussnooze":0,"activity":5.0E-4,"lastBolusTime":1702908591952,"time":"2023-12-18T18:01:57.967Z","iobWithZeroTemp":{"iob":-0.122,"basaliob":-0.131,"bolussnooze":0,"activity":-0.0011,"lastBolusTime":1702908591952,"time":"2023-12-18T18:01:57.967Z"}},{"iob":0.015,"basaliob":0.007,"bolussnooze":0,"activity":4.0E-4,"lastBolusTime":1702908591952,"time":"2023-12-18T18:06:57.967Z","iobWithZeroTemp":{"iob":-0.124,"basaliob":-0.132,"bolussnooze":0,"activity":-0.0012,"lastBolusTime":1702908591952,"time":"2023-12-18T18:06:57.967Z"}},{"iob":0.013,"basaliob":0.006,"bolussnooze":0,"activity":4.0E-4,"lastBolusTime":1702908591952,"time":"2023-12-18T18:11:57.967Z","iobWithZeroTemp":{"iob":-0.126,"basaliob":-0.133,"bolussnooze":0,"activity":-0.0012,"lastBolusTime":1702908591952,"time":"2023-12-18T18:11:57.967Z"}}],"profile":{"max_iob":10,"type":"current","max_daily_basal":0.4,"max_basal":0.4,"min_bg":90,"max_bg":90,"target_bg":90,"carb_ratio":8.8,"sens":120,"max_daily_safety_multiplier":3,"current_basal_safety_multiplier":4,"lgsThreshold":95,"high_temptarget_raises_sensitivity":true,"low_temptarget_lowers_sensitivity":true,"sensitivity_raises_target":true,"resistance_lowers_target":true,"adv_target_adjustments":false,"exercise_mode":false,"half_basal_exercise_target":160,"maxCOB":120,"skip_neutral_temps":false,"remainingCarbsCap":90,"enableUAM":true,"A52_risk_enable":false,"SMBInterval":5,"enableSMB_with_COB":true,"enableSMB_with_temptarget":true,"allowSMB_with_high_temptarget":false,"enableSMB_always":false,"enableSMB_after_carbs":true,"maxSMBBasalMinutes":30,"maxUAMSMBBasalMinutes":40,"bolus_increment":0.05,"carbsReqThreshold":4,"current_basal":0.1,"temptargetSet":true,"autosens_max":1.3,"autosens_min":0.7,"variable_sens":67.9,"insulinDivisor":75,"TDD":21.180308333333333},"autosens_data":{"ratio":0.9513943562756387},"meal_data":{"carbs":20,"mealCOB":0,"slopeFromMaxDeviation":-4.5817499999999995,"slopeFromMinDeviation":0,"lastBolusTime":1702908591952,"lastCarbTime":1702897673283},"microBolusAllowed":true,"currentTime":1702909019115,"flatBGsDetected":false,"tdd1D":16.272499999999997,"tdd7D":20.110833333333336,"tddLast24H":19.133333333333326,"tddLast4H":4.979166666666667,"tddLast8to4H":3.4875000000000003},"output":{"temp":"absolute","bg":187,"tick":-6,"eventualBG":153,"targetBG":90,"insulinReq":0,"deliverAt":"2023-12-18T14:16:59.115Z","sensitivityRatio":1.2,"variable_sens":67.9,"predBGs":{"IOB":[187,181,175,169,162,156,150,144,139,133,128,123,119,114,110,106,102,98,94,91,87,84,81,78,76,73,71,69,66,64,63,61,59,58,57,55,54,53,52,51,51,50,49,49,48,48,47],"ZT":[187,183,179,174,169,165,160,155,150,146,141,137,133,129,126,122,119,116,113,110,108,106,104,102,100,99,98,97,96,95,94,94,93,93,93,93,93,93,93,94,94,94,95,95,96,96,97,97]},"reason":"COB: 0, Dev: 58, BGI: -4, ISF: 68, CR: 8.8, Target: 90, minPredBG 70, minGuardBG 46, IOBpredBG 47; minGuardBG 46<95 118m left and 0 ~ req 0U\/hr: no temp required","COB":0,"IOB":1.356,"timestamp":"2023-12-18T14:16:59.145Z"}}