{"algorithm":"OpenAPSSMBDynamicISFPlugin","input":{"glucoseStatus":{"glucose":88,"noise":0,"delta":-0.89,"short_avgdelta":-0.89,"long_avgdelta":-2.58,"date":1702987464000},"currenttemp":{"temp":"absolute","duration":110,"rate":0,"minutesrunning":10},"iob_data":[{"iob":2.158,"basaliob":-0.316,"bolussnooze":2.0338,"activity":0.0127,"lastBolusTime":1702986731734,"time":"2023-12-19T12:04:57.938Z","iobWithZeroTemp":{"iob":2.158,"basaliob":-0.316,"bolussnooze":2.0338,"activity":0.0127,"lastBolusTime":1702986731734,"time":"2023-12-19T12:04:57.938Z"}},{"iob":2.088,"basaliob":-0.299,"bolussnooze":1.8461,"activity":0.0151,"lastBolusTime":1702986731734,"time":"2023-12-19T12:09:57.938Z","iobWithZeroTemp":{"iob":2.068,"basaliob":-0.319,"bolussnooze":1.8461,"activity":0.0151,"lastBolusTime":1702986731734,"time":"2023-12-19T12:09:57.938Z"}},{"iob":2.007,"basaliob":-0.283,"bolussnooze":1.6482,"activity":0.0169,"lastBolusTime":1702986731734,"time":"2023-12-19T12:14:57.938Z","iobWithZeroTemp":{"iob":1.962,"basaliob":-0.328,"bolussnooze":1.6482,"activity":0.0168,"lastBolusTime":1702986731734,"time":"2023-12-19T12:14:57.938Z"}},{"iob":1.92,"basaliob":-0.266,"bolussnooze":1.4518,"activity":0.0181,"lastBolusTime":1702986731734,"time":"2023-12-19T12:19:57.938Z","iobWithZeroTemp":{"iob":1.851,"basaliob":-0.335,"bolussnooze":1.4518,"activity":0.0179,"lastBolusTime":1702986731734,"time":"2023-12-19T12:19:57.938Z"}},{"iob":1.828,"basaliob":-0.249,"bolussnooze":1.2643,"activity":0.0189,"lastBolusTime":1702986731734,"time":"2023-12-19T12:24:57.938Z","iobWithZeroTemp":{"iob":1.735,"basaliob":-0.342,"bolussnooze":1.2643,"activity":0.0185,"lastBolusTime":1702986731734,"time":"2023-12-19T12:24:57.938Z"}},{"iob":1.732,"basaliob":-0.233,"bolussnooze":1.0903,"activity":0.0193,"lastBolusTime":1702986731734,"time":"2023-12-19T12:29:57.938Z","iobWithZeroTemp":{"iob":1.617,"basaliob":-0.348,"bolussnooze":1.0903,"activity":0.0188,"lastBolusTime":1702986731734,"time":"2023-12-19T12:29:57.938Z"}},{"iob":1.635,"basaliob":-0.217,"bolussnooze":0.932,"activity":0.0194,"lastBolusTime":1702986731734,"time":"2023-12-19T12:34:57.938Z","iobWithZeroTemp":{"iob":1.498,"basaliob":-0.354,"bolussnooze":0.932,"activity":0.0187,"lastBolusTime":1702986731734,"time":"2023-12-19T12:34:57.938Z"}},{"iob":1.538,"basaliob":-0.202,"bolussnooze":0.7905,"activity":0.0192,"lastBolusTime":1702986731734,"time":"2023-12-19T12:39:57.938Z","iobWithZeroTemp":{"iob":1.38,"basaliob":-0.36,"bolussnooze":0.7905,"activity":0.0183,"lastBolusTime":1702986731734,"time":"2023-12-19T12:39:57.938Z"}},{"iob":1.443,"basaliob":-0.187,"bolussnooze":0.6657,"activity":0.0189,"lastBolusTime":1702986731734,"time":"2023-12-19T12:44:57.938Z","iobWithZeroTemp":{"iob":1.265,"basaliob":-0.365,"bolussnooze":0.6657,"activity":0.0178,"lastBolusTime":1702986731734,"time":"2023-12-19T12:44:57.938Z"}},{"iob":1.35,"basaliob":-0.173,"bolussnooze":0.5568,"activity":0.0185,"lastBolusTime":1702986731734,"time":"2023-12-19T12:49:57.938Z","iobWithZeroTemp":{"iob":1.153,"basaliob":-0.37,"bolussnooze":0.5568,"activity":0.0172,"lastBolusTime":1702986731734,"time":"2023-12-19T12:49:57.938Z"}},{"iob":1.259,"basaliob":-0.16,"bolussnooze":0.4626,"activity":0.0178,"lastBolusTime":1702986731734,"time":"2023-12-19T12:54:57.938Z","iobWithZeroTemp":{"iob":1.044,"basaliob":-0.375,"bolussnooze":0.4626,"activity":0.0162,"lastBolusTime":1702986731734,"time":"2023-12-19T12:54:57.938Z"}},{"iob":1.171,"basaliob":-0.148,"bolussnooze":0.382,"activity":0.0172,"lastBolusTime":1702986731734,"time":"2023-12-19T12:59:57.938Z","iobWithZeroTemp":{"iob":0.939,"basaliob":-0.38,"bolussnooze":0.382,"activity":0.0154,"lastBolusTime":1702986731734,"time":"2023-12-19T12:59:57.938Z"}},{"iob":1.087,"basaliob":-0.136,"bolussnooze":0.3134,"activity":0.0164,"lastBolusTime":1702986731734,"time":"2023-12-19T13:04:57.938Z","iobWithZeroTemp":{"iob":0.836,"basaliob":-0.387,"bolussnooze":0.3134,"activity":0.0144,"lastBolusTime":1702986731734,"time":"2023-12-19T13:04:57.938Z"}},{"iob":1.006,"basaliob":-0.125,"bolussnooze":0.2556,"activity":0.0157,"lastBolusTime":1702986731734,"time":"2023-12-19T13:09:57.938Z","iobWithZeroTemp":{"iob":0.736,"basaliob":-0.395,"bolussnooze":0.2556,"activity":0.0135,"lastBolusTime":1702986731734,"time":"2023-12-19T13:09:57.938Z"}},{"iob":0.931,"basaliob":-0.114,"bolussnooze":0.207,"activity":0.0149,"lastBolusTime":1702986731734,"time":"2023-12-19T13:14:57.938Z","iobWithZeroTemp":{"iob":0.643,"basaliob":-0.402,"bolussnooze":0.207,"activity":0.0125,"lastBolusTime":1702986731734,"time":"2023-12-19T13:14:57.938Z"}},{"iob":0.858,"basaliob":-0.105,"bolussnooze":0.1666,"activity":0.014,"lastBolusTime":1702986731734,"time":"2023-12-19T13:19:57.938Z","iobWithZeroTemp":{"iob":0.554,"basaliob":-0.409,"bolussnooze":0.1666,"activity":0.0114,"lastBolusTime":1702986731734,"time":"2023-12-19T13:19:57.938Z"}},{"iob":0.79,"basaliob":-0.096,"bolussnooze":0.1332,"activity":0.0132,"lastBolusTime":1702986731734,"time":"2023-12-19T13:24:57.938Z","iobWithZeroTemp":{"iob":0.47,"basaliob":-0.416,"bolussnooze":0.1332,"activity":0.0104,"lastBolusTime":1702986731734,"time":"2023-12-19T13:24:57.938Z"}},{"iob":0.726,"basaliob":-0.087,"bolussnooze":0.1056,"activity":0.0124,"lastBolusTime":1702986731734,"time":"2023-12-19T13:29:57.938Z","iobWithZeroTemp":{"iob":0.392,"basaliob":-0.421,"bolussnooze":0.1056,"activity":0.0094,"lastBolusTime":1702986731734,"time":"2023-12-19T13:29:57.938Z"}},{"iob":0.667,"basaliob":-0.079,"bolussnooze":0.0831,"activity":0.0116,"lastBolusTime":1702986731734,"time":"2023-12-19T13:34:57.938Z","iobWithZeroTemp":{"iob":0.319,"basaliob":-0.427,"bolussnooze":0.0831,"activity":0.0084,"lastBolusTime":1702986731734,"time":"2023-12-19T13:34:57.938Z"}},{"iob":0.61,"basaliob":-0.072,"bolussnooze":0.0648,"activity":0.0108,"lastBolusTime":1702986731734,"time":"2023-12-19T13:39:57.938Z","iobWithZeroTemp":{"iob":0.249,"basaliob":-0.433,"bolussnooze":0.0648,"activity":0.0074,"lastBolusTime":1702986731734,"time":"2023-12-19T13:39:57.938Z"}},{"iob":0.557,"basaliob":-0.066,"bolussnooze":0.0501,"activity":0.0101,"lastBolusTime":1702986731734,"time":"2023-12-19T13:44:57.938Z","iobWithZeroTemp":{"iob":0.185,"basaliob":-0.438,"bolussnooze":0.0501,"activity":0.0065,"lastBolusTime":1702986731734,"time":"2023-12-19T13:44:57.938Z"}},{"iob":0.51,"basaliob":-0.059,"bolussnooze":0.0383,"activity":0.0093,"lastBolusTime":1702986731734,"time":"2023-12-19T13:49:57.938Z","iobWithZeroTemp":{"iob":0.127,"basaliob":-0.442,"bolussnooze":0.0383,"activity":0.0055,"lastBolusTime":1702986731734,"time":"2023-12-19T13:49:57.938Z"}},{"iob":0.464,"basaliob":-0.054,"bolussnooze":0.0288,"activity":0.0087,"lastBolusTime":1702986731734,"time":"2023-12-19T13:54:57.938Z","iobWithZeroTemp":{"iob":0.071,"basaliob":-0.447,"bolussnooze":0.0288,"activity":0.0048,"lastBolusTime":1702986731734,"time":"2023-12-19T13:54:57.938Z"}},{"iob":0.422,"basaliob":-0.049,"bolussnooze":0.0214,"activity":0.008,"lastBolusTime":1702986731734,"time":"2023-12-19T13:59:57.938Z","iobWithZeroTemp":{"iob":0.02,"basaliob":-0.451,"bolussnooze":0.0214,"activity":0.0039,"lastBolusTime":1702986731734,"time":"2023-12-19T13:59:57.938Z"}},{"iob":0.384,"basaliob":-0.044,"bolussnooze":0.0156,"activity":0.0074,"lastBolusTime":1702986731734,"time":"2023-12-19T14:04:57.938Z","iobWithZeroTemp":{"iob":-0.006,"basaliob":-0.434,"bolussnooze":0.0156,"activity":0.0032,"lastBolusTime":1702986731734,"time":"2023-12-19T14:04:57.938Z"}},{"iob":0.348,"basaliob":-0.04,"bolussnooze":0.0111,"activity":0.0069,"lastBolusTime":1702986731734,"time":"2023-12-19T14:09:57.938Z","iobWithZeroTemp":{"iob":-0.029,"basaliob":-0.417,"bolussnooze":0.0111,"activity":0.0026,"lastBolusTime":1702986731734,"time":"2023-12-19T14:09:57.938Z"}},{"iob":0.315,"basaliob":-0.036,"bolussnooze":0.0077,"activity":0.0063,"lastBolusTime":1702986731734,"time":"2023-12-19T14:14:57.938Z","iobWithZeroTemp":{"iob":-0.049,"basaliob":-0.4,"bolussnooze":0.0077,"activity":0.002,"lastBolusTime":1702986731734,"time":"2023-12-19T14:14:57.938Z"}},{"iob":0.285,"basaliob":-0.032,"bolussnooze":0.0052,"activity":0.0058,"lastBolusTime":1702986731734,"time":"2023-12-19T14:19:57.938Z","iobWithZeroTemp":{"iob":-0.066,"basaliob":-0.383,"bolussnooze":0.0052,"activity":0.0015,"lastBolusTime":1702986731734,"time":"2023-12-19T14:19:57.938Z"}},{"iob":0.257,"basaliob":-0.029,"bolussnooze":0.0033,"activity":0.0053,"lastBolusTime":1702986731734,"time":"2023-12-19T14:24:57.938Z","iobWithZeroTemp":{"iob":-0.082,"basaliob":-0.368,"bolussnooze":0.0033,"activity":0.0011,"lastBolusTime":1702986731734,"time":"2023-12-19T14:24:57.938Z"}},{"iob":0.231,"basaliob":-0.026,"bolussnooze":0.002,"activity":0.0048,"lastBolusTime":1702986731734,"time":"2023-12-19T14:29:57.938Z","iobWithZeroTemp":{"iob":-0.095,"basaliob":-0.352,"bolussnooze":0.002,"activity":6.0E-4,"lastBolusTime":1702986731734,"time":"2023-12-19T14:29:57.938Z"}},{"iob":0.209,"basaliob":-0.023,"bolussnooze":0.0011,"activity":0.0045,"lastBolusTime":1702986731734,"time":"2023-12-19T14:34:57.938Z","iobWithZeroTemp":{"iob":-0.105,"basaliob":-0.337,"bolussnooze":0.0011,"activity":4.0E-4,"lastBolusTime":1702986731734,"time":"2023-12-19T14:34:57.938Z"}},{"iob":0.188,"basaliob":-0.02,"bolussnooze":5.0E-4,"activity":0.004,"lastBolusTime":1702986731734,"time":"2023-12-19T14:39:57.938Z","iobWithZeroTemp":{"iob":-0.114,"basaliob":-0.322,"bolussnooze":5.0E-4,"activity":0,"lastBolusTime":1702986731734,"time":"2023-12-19T14:39:57.938Z"}},{"iob":0.168,"basaliob":-0.018,"bolussnooze":1.0E-4,"activity":0.0037,"lastBolusTime":1702986731734,"time":"2023-12-19T14:44:57.938Z","iobWithZeroTemp":{"iob":-0.122,"basaliob":-0.308,"bolussnooze":1.0E-4,"activity":-2.0E-4,"lastBolusTime":1702986731734,"time":"2023-12-19T14:44:57.938Z"}},{"iob":0.151,"basaliob":-0.016,"bolussnooze":0,"activity":0.0033,"lastBolusTime":1702986731734,"time":"2023-12-19T14:49:57.938Z","iobWithZeroTemp":{"iob":-0.128,"basaliob":-0.295,"bolussnooze":0,"activity":-5.0E-4,"lastBolusTime":1702986731734,"time":"2023-12-19T14:49:57.938Z"}},{"iob":0.135,"basaliob":-0.014,"bolussnooze":0,"activity":0.0031,"lastBolusTime":1702986731734,"time":"2023-12-19T14:54:57.938Z","iobWithZeroTemp":{"iob":-0.134,"basaliob":-0.283,"bolussnooze":0,"activity":-6.0E-4,"lastBolusTime":1702986731734,"time":"2023-12-19T14:54:57.938Z"}},{"iob":0.12,"basaliob":-0.013,"bolussnooze":0,"activity":0.0028,"lastBolusTime":1702986731734,"time":"2023-12-19T14:59:57.938Z","iobWithZeroTemp":{"iob":-0.139,"basaliob":-0.272,"bolussnooze":0,"activity":-8.0E-4,"lastBolusTime":1702986731734,"time":"2023-12-19T14:59:57.938Z"}},{"iob":0.107,"basaliob":-0.011,"bolussnooze":0,"activity":0.0025,"lastBolusTime":1702986731734,"time":"2023-12-19T15:04:57.938Z","iobWithZeroTemp":{"iob":-0.143,"basaliob":-0.261,"bolussnooze":0,"activity":-0.001,"lastBolusTime":1702986731734,"time":"2023-12-19T15:04:57.938Z"}},{"iob":0.095,"basaliob":-0.01,"bolussnooze":0,"activity":0.0023,"lastBolusTime":1702986731734,"time":"2023-12-19T15:09:57.938Z","iobWithZeroTemp":{"iob":-0.146,"basaliob":-0.251,"bolussnooze":0,"activity":-0.0011,"lastBolusTime":1702986731734,"time":"2023-12-19T15:09:57.938Z"}},{"iob":0.084,"basaliob":-0.009,"bolussnooze":0,"activity":0.0021,"lastBolusTime":1702986731734,"time":"2023-12-19T15:14:57.938Z","iobWithZeroTemp":{"iob":-0.149,"basaliob":-0.242,"bolussnooze":0,"activity":-0.0012,"lastBolusTime":1702986731734,"time":"2023-12-19T15:14:57.938Z"}},{"iob":0.074,"basaliob":-0.008,"bolussnooze":0,"activity":0.0018,"lastBolusTime":1702986731734,"time":"2023-12-19T15:19:57.938Z","iobWithZeroTemp":{"iob":-0.151,"basaliob":-0.233,"bolussnooze":0,"activity":-0.0014,"lastBolusTime":1702986731734,"time":"2023-12-19T15:19:57.938Z"}},{"iob":0.065,"basaliob":-0.007,"bolussnooze":0,"activity":0.0016,"lastBolusTime":1702986731734,"time":"2023-12-19T15:24:57.938Z","iobWithZeroTemp":{"iob":-0.153,"basaliob":-0.225,"bolussnooze":0,"activity":-0.0015,"lastBolusTime":1702986731734,"time":"2023-12-19T15:24:57.938Z"}},{"iob":0.058,"basaliob":-0.006,"bolussnooze":0,"activity":0.0014,"lastBolusTime":1702986731734,"time":"2023-12-19T15:29:57.938Z","iobWithZeroTemp":{"iob":-0.153,"basaliob":-0.217,"bolussnooze":0,"activity":-0.0016,"lastBolusTime":1702986731734,"time":"2023-12-19T15:29:57.938Z"}},{"iob":0.051,"basaliob":-0.005,"bolussnooze":0,"activity":0.0014,"lastBolusTime":1702986731734,"time":"2023-12-19T15:34:57.938Z","iobWithZeroTemp":{"iob":-0.154,"basaliob":-0.21,"bolussnooze":0,"activity":-0.0015,"lastBolusTime":1702986731734,"time":"2023-12-19T15:34:57.938Z"}},{"iob":0.045,"basaliob":-0.004,"bolussnooze":0,"activity":0.0012,"lastBolusTime":1702986731734,"time":"2023-12-19T15:39:57.938Z","iobWithZeroTemp":{"iob":-0.154,"basaliob":-0.203,"bolussnooze":0,"activity":-0.0016,"lastBolusTime":1702986731734,"time":"2023-12-19T15:39:57.938Z"}},{"iob":0.038,"basaliob":-0.004,"bolussnooze":0,"activity":0.0011,"lastBolusTime":1702986731734,"time":"2023-12-19T15:44:57.938Z","iobWithZeroTemp":{"iob":-0.156,"basaliob":-0.198,"bolussnooze":0,"activity":-0.0016,"lastBolusTime":1702986731734,"time":"2023-12-19T15:44:57.938Z"}},{"iob":0.034,"basaliob":-0.003,"bolussnooze":0,"activity":9.0E-4,"lastBolusTime":1702986731734,"time":"2023-12-19T15:49:57.938Z","iobWithZeroTemp":{"iob":-0.155,"basaliob":-0.192,"bolussnooze":0,"activity":-0.0017,"lastBolusTime":1702986731734,"time":"2023-12-19T15:49:57.938Z"}},{"iob":0.029,"basaliob":-0.003,"bolussnooze":0,"activity":8.0E-4,"lastBolusTime":1702986731734,"time":"2023-12-19T15:54:57.938Z","iobWithZeroTemp":{"iob":-0.155,"basaliob":-0.187,"bolussnooze":0,"activity":-0.0017,"lastBolusTime":1702986731734,"time":"2023-12-19T15:54:57.938Z"}},{"iob":0.026,"basaliob":-0.002,"bolussnooze":0,"activity":7.0E-4,"lastBolusTime":1702986731734,"time":"2023-12-19T15:59:57.938Z","iobWithZeroTemp":{"iob":-0.154,"basaliob":-0.182,"bolussnooze":0,"activity":-0.0018,"lastBolusTime":1702986731734,"time":"2023-12-19T15:59:57.938Z"}}],"profile":{"max_iob":10,"type":"current","max_daily_basal":0.4,"max_basal":1.2,"min_bg":90,"max_bg":90,"target_bg":90,"carb_ratio":8.8,"sens":120,"max_daily_safety_multiplier":3,"current_basal_safety_multiplier":4,"lgsThreshold":95,"high_temptarget_raises_sensitivity":true,"low_temptarget_lowers_sensitivity":true,"sensitivity_raises_target":true,"resistance_lowers_target":true,"adv_target_adjustments":false,"exercise_mode":false,"half_basal_exercise_target":160,"maxCOB":120,"skip_neutral_temps":false,"remainingCarbsCap":90,"enableUAM":true,"A52_risk_enable":false,"SMBInterval":5,"enableSMB_with_COB":true,"enableSMB_with_temptarget":true,"allowSMB_with_high_temptarget":false,"enableSMB_always":false,"enableSMB_after_carbs":true,"maxSMBBasalMinutes":30,"maxUAMSMBBasalMinutes":40,"bolus_increment":0.05,"carbsReqThreshold":4,"current_basal":0.3,"temptargetSet":false,"autosens_max":1.3,"autosens_min":0.7,"variable_sens":128.1,"insulinDivisor":75,"TDD":18.10768571428571},"autosens_data":{"ratio":0.6939555314859946},"meal_data":{"carbs":33,"mealCOB":19.633333333333333,"slopeFromMaxDeviation":-0.3781818181818182,"slopeFromMinDeviation":1.7443333333333335,"lastBolusTime":1702986731734,"lastCarbTime":1702986730095},"microBolusAllowed":true,"currentTime":1702987499513,"flatBGsDetected":false,"tdd1D":16.220833333333324,"tdd7D":19.783928571428568,"tddLast24H":13.729166666666666,"tddLast4H":3.345833333333333,"tddLast8to4H":2.3416666666666672},"output":{"temp":"absolute","bg":88,"tick":-1,"eventualBG":86,"targetBG":103,"insulinReq":0,"deliverAt":"2023-12-19T12:04:59.513Z","sensitivityRatio":0.6939555314859946,"variable_sens":128.1,"predBGs":{"IOB":[88,86,83,77,69,59,46,39,39,39,39,39,39],"ZT":[88,80,70,57,41,39,39,39,39,39,39,39,39,39,39,39,39,39,39,39,39,39,39,39,39,39,39,39,39,39,39,39,39,39,39,39,39,39,39,39,39,39,39,39,39,39,39,39],"COB":[88,87,85,81,76,71,66,61,56,51,46,41,39,39,39,39,39,39,39,39,39,39,39,39,39,39,39,39,39,40,43,46,50,53,56,59,62,64,67,70,72,75,77,79,81,83,85,86],"UAM":[88,86,83,77,69,59,46,39,39,39,39,39,39]},"reason":"COB: 19.6, Dev: 43, BGI: -8, ISF: 128, CR: 8.8, Target: 103, minPredBG -84, minGuardBG -122, IOBpredBG 39, COBpredBG 86, UAMpredBG 39; 8 add'l carbs req w\/in 0m; minGuardBG -122<95","COB":19.633333333333333,"IOB":2.158,"carbsReq":8,"carbsReqWithin":0,"duration":120,"rate":0,"timestamp":"2023-12-19T12:04:59.543Z"}}