{"algorithm":"OpenAPSSMBDynamicISFPlugin","input":{"glucoseStatus":{"glucose":187,"noise":0,"delta":-6.17,"short_avgdelta":-6.17,"long_avgdelta":5.55,"date":1702908861000},"currenttemp":{"temp":"absolute","duration":10,"rate":1.2,"minutesrunning":20},"iob_data":[{"iob":1.385,"basaliob":0.417,"bolussnooze":0,"activity":0.0116,"lastBolusTime":1702908591952,"time":"2023-12-18T14:14:47.740Z","iobWithZeroTemp":{"iob":1.385,"basaliob":0.417,"bolussnooze":0,"activity":0.0116,"lastBolusTime":1702908591952,"time":"2023-12-18T14:14:47.740Z"}},{"iob":1.324,"basaliob":0.409,"bolussnooze":0,"activity":0.0124,"lastBolusTime":1702908591952,"time":"2023-12-18T14:19:47.740Z","iobWithZeroTemp":{"iob":1.317,"basaliob":0.402,"bolussnooze":0,"activity":0.0124,"lastBolusTime":1702908591952,"time":"2023-12-18T14:19:47.740Z"}},{"iob":1.261,"basaliob":0.399,"bolussnooze":0,"activity":0.013,"lastBolusTime":1702908591952,"time":"2023-12-18T14:24:47.740Z","iobWithZeroTemp":{"iob":1.246,"basaliob":0.384,"bolussnooze":0,"activity":0.013,"lastBolusTime":1702908591952,"time":"2023-12-18T14:24:47.740Z"}},{"iob":1.196,"basaliob":0.386,"bolussnooze":0,"activity":0.0133,"lastBolusTime":1702908591952,"time":"2023-12-18T14:29:47.740Z","iobWithZeroTemp":{"iob":1.173,"basaliob":0.363,"bolussnooze":0,"activity":0.0132,"lastBolusTime":1702908591952,"time":"2023-12-18T14:29:47.740Z"}},{"iob":1.129,"basaliob":0.371,"bolussnooze":0,"activity":0.0134,"lastBolusTime":1702908591952,"time":"2023-12-18T14:34:47.740Z","iobWithZeroTemp":{"iob":1.098,"basaliob":0.34,"bolussnooze":0,"activity":0.0133,"lastBolusTime":1702908591952,"time":"2023-12-18T14:34:47.740Z"}},{"iob":1.062,"basaliob":0.355,"bolussnooze":0,"activity":0.0133,"lastBolusTime":1702908591952,"time":"2023-12-18T14:39:47.740Z","iobWithZeroTemp":{"iob":1.024,"basaliob":0.317,"bolussnooze":0,"activity":0.0131,"lastBolusTime":1702908591952,"time":"2023-12-18T14:39:47.740Z"}},{"iob":0.996,"basaliob":0.338,"bolussnooze":0,"activity":0.0131,"lastBolusTime":1702908591952,"time":"2023-12-18T14:44:47.740Z","iobWithZeroTemp":{"iob":0.95,"basaliob":0.292,"bolussnooze":0,"activity":0.0129,"lastBolusTime":1702908591952,"time":"2023-12-18T14:44:47.740Z"}},{"iob":0.931,"basaliob":0.32,"bolussnooze":0,"activity":0.0128,"lastBolusTime":1702908591952,"time":"2023-12-18T14:49:47.740Z","iobWithZeroTemp":{"iob":0.878,"basaliob":0.267,"bolussnooze":0,"activity":0.0125,"lastBolusTime":1702908591952,"time":"2023-12-18T14:49:47.740Z"}},{"iob":0.868,"basaliob":0.302,"bolussnooze":0,"activity":0.0124,"lastBolusTime":1702908591952,"time":"2023-12-18T14:54:47.740Z","iobWithZeroTemp":{"iob":0.809,"basaliob":0.243,"bolussnooze":0,"activity":0.012,"lastBolusTime":1702908591952,"time":"2023-12-18T14:54:47.740Z"}},{"iob":0.807,"basaliob":0.284,"bolussnooze":0,"activity":0.0118,"lastBolusTime":1702908591952,"time":"2023-12-18T14:59:47.740Z","iobWithZeroTemp":{"iob":0.741,"basaliob":0.218,"bolussnooze":0,"activity":0.0114,"lastBolusTime":1702908591952,"time":"2023-12-18T14:59:47.740Z"}},{"iob":0.75,"basaliob":0.267,"bolussnooze":0,"activity":0.0114,"lastBolusTime":1702908591952,"time":"2023-12-18T15:04:47.740Z","iobWithZeroTemp":{"iob":0.678,"basaliob":0.195,"bolussnooze":0,"activity":0.0109,"lastBolusTime":1702908591952,"time":"2023-12-18T15:04:47.740Z"}},{"iob":0.694,"basaliob":0.249,"bolussnooze":0,"activity":0.0108,"lastBolusTime":1702908591952,"time":"2023-12-18T15:09:47.740Z","iobWithZeroTemp":{"iob":0.617,"basaliob":0.172,"bolussnooze":0,"activity":0.0102,"lastBolusTime":1702908591952,"time":"2023-12-18T15:09:47.740Z"}},{"iob":0.641,"basaliob":0.233,"bolussnooze":0,"activity":0.0103,"lastBolusTime":1702908591952,"time":"2023-12-18T15:14:47.740Z","iobWithZeroTemp":{"iob":0.559,"basaliob":0.151,"bolussnooze":0,"activity":0.0096,"lastBolusTime":1702908591952,"time":"2023-12-18T15:14:47.740Z"}},{"iob":0.592,"basaliob":0.217,"bolussnooze":0,"activity":0.0097,"lastBolusTime":1702908591952,"time":"2023-12-18T15:19:47.740Z","iobWithZeroTemp":{"iob":0.505,"basaliob":0.13,"bolussnooze":0,"activity":0.009,"lastBolusTime":1702908591952,"time":"2023-12-18T15:19:47.740Z"}},{"iob":0.544,"basaliob":0.201,"bolussnooze":0,"activity":0.0091,"lastBolusTime":1702908591952,"time":"2023-12-18T15:24:47.740Z","iobWithZeroTemp":{"iob":0.452,"basaliob":0.109,"bolussnooze":0,"activity":0.0083,"lastBolusTime":1702908591952,"time":"2023-12-18T15:24:47.740Z"}},{"iob":0.5,"basaliob":0.186,"bolussnooze":0,"activity":0.0086,"lastBolusTime":1702908591952,"time":"2023-12-18T15:29:47.740Z","iobWithZeroTemp":{"iob":0.404,"basaliob":0.09,"bolussnooze":0,"activity":0.0077,"lastBolusTime":1702908591952,"time":"2023-12-18T15:29:47.740Z"}},{"iob":0.458,"basaliob":0.172,"bolussnooze":0,"activity":0.008,"lastBolusTime":1702908591952,"time":"2023-12-18T15:34:47.740Z","iobWithZeroTemp":{"iob":0.358,"basaliob":0.072,"bolussnooze":0,"activity":0.0071,"lastBolusTime":1702908591952,"time":"2023-12-18T15:34:47.740Z"}},{"iob":0.42,"basaliob":0.159,"bolussnooze":0,"activity":0.0075,"lastBolusTime":1702908591952,"time":"2023-12-18T15:39:47.740Z","iobWithZeroTemp":{"iob":0.316,"basaliob":0.055,"bolussnooze":0,"activity":0.0065,"lastBolusTime":1702908591952,"time":"2023-12-18T15:39:47.740Z"}},{"iob":0.383,"basaliob":0.146,"bolussnooze":0,"activity":0.0069,"lastBolusTime":1702908591952,"time":"2023-12-18T15:44:47.740Z","iobWithZeroTemp":{"iob":0.276,"basaliob":0.039,"bolussnooze":0,"activity":0.0059,"lastBolusTime":1702908591952,"time":"2023-12-18T15:44:47.740Z"}},{"iob":0.35,"basaliob":0.135,"bolussnooze":0,"activity":0.0065,"lastBolusTime":1702908591952,"time":"2023-12-18T15:49:47.740Z","iobWithZeroTemp":{"iob":0.24,"basaliob":0.025,"bolussnooze":0,"activity":0.0054,"lastBolusTime":1702908591952,"time":"2023-12-18T15:49:47.740Z"}},{"iob":0.319,"basaliob":0.124,"bolussnooze":0,"activity":0.006,"lastBolusTime":1702908591952,"time":"2023-12-18T15:54:47.740Z","iobWithZeroTemp":{"iob":0.206,"basaliob":0.011,"bolussnooze":0,"activity":0.0049,"lastBolusTime":1702908591952,"time":"2023-12-18T15:54:47.740Z"}},{"iob":0.29,"basaliob":0.113,"bolussnooze":0,"activity":0.0055,"lastBolusTime":1702908591952,"time":"2023-12-18T15:59:47.740Z","iobWithZeroTemp":{"iob":0.174,"basaliob":-0.003,"bolussnooze":0,"activity":0.0043,"lastBolusTime":1702908591952,"time":"2023-12-18T15:59:47.740Z"}},{"iob":0.263,"basaliob":0.103,"bolussnooze":0,"activity":0.0051,"lastBolusTime":1702908591952,"time":"2023-12-18T16:04:47.740Z","iobWithZeroTemp":{"iob":0.145,"basaliob":-0.015,"bolussnooze":0,"activity":0.0039,"lastBolusTime":1702908591952,"time":"2023-12-18T16:04:47.740Z"}},{"iob":0.239,"basaliob":0.095,"bolussnooze":0,"activity":0.0047,"lastBolusTime":1702908591952,"time":"2023-12-18T16:09:47.740Z","iobWithZeroTemp":{"iob":0.119,"basaliob":-0.025,"bolussnooze":0,"activity":0.0035,"lastBolusTime":1702908591952,"time":"2023-12-18T16:09:47.740Z"}},{"iob":0.216,"basaliob":0.086,"bolussnooze":0,"activity":0.0043,"lastBolusTime":1702908591952,"time":"2023-12-18T16:14:47.740Z","iobWithZeroTemp":{"iob":0.094,"basaliob":-0.036,"bolussnooze":0,"activity":0.003,"lastBolusTime":1702908591952,"time":"2023-12-18T16:14:47.740Z"}},{"iob":0.195,"basaliob":0.078,"bolussnooze":0,"activity":0.004,"lastBolusTime":1702908591952,"time":"2023-12-18T16:19:47.740Z","iobWithZeroTemp":{"iob":0.071,"basaliob":-0.046,"bolussnooze":0,"activity":0.0027,"lastBolusTime":1702908591952,"time":"2023-12-18T16:19:47.740Z"}},{"iob":0.176,"basaliob":0.071,"bolussnooze":0,"activity":0.0037,"lastBolusTime":1702908591952,"time":"2023-12-18T16:24:47.740Z","iobWithZeroTemp":{"iob":0.05,"basaliob":-0.055,"bolussnooze":0,"activity":0.0024,"lastBolusTime":1702908591952,"time":"2023-12-18T16:24:47.740Z"}},{"iob":0.159,"basaliob":0.065,"bolussnooze":0,"activity":0.0034,"lastBolusTime":1702908591952,"time":"2023-12-18T16:29:47.740Z","iobWithZeroTemp":{"iob":0.032,"basaliob":-0.062,"bolussnooze":0,"activity":0.002,"lastBolusTime":1702908591952,"time":"2023-12-18T16:29:47.740Z"}},{"iob":0.144,"basaliob":0.059,"bolussnooze":0,"activity":0.0031,"lastBolusTime":1702908591952,"time":"2023-12-18T16:34:47.740Z","iobWithZeroTemp":{"iob":0.015,"basaliob":-0.07,"bolussnooze":0,"activity":0.0017,"lastBolusTime":1702908591952,"time":"2023-12-18T16:34:47.740Z"}},{"iob":0.129,"basaliob":0.053,"bolussnooze":0,"activity":0.0028,"lastBolusTime":1702908591952,"time":"2023-12-18T16:39:47.740Z","iobWithZeroTemp":{"iob":-0.001,"basaliob":-0.077,"bolussnooze":0,"activity":0.0014,"lastBolusTime":1702908591952,"time":"2023-12-18T16:39:47.740Z"}},{"iob":0.116,"basaliob":0.048,"bolussnooze":0,"activity":0.0025,"lastBolusTime":1702908591952,"time":"2023-12-18T16:44:47.740Z","iobWithZeroTemp":{"iob":-0.015,"basaliob":-0.083,"bolussnooze":0,"activity":0.001,"lastBolusTime":1702908591952,"time":"2023-12-18T16:44:47.740Z"}},{"iob":0.103,"basaliob":0.043,"bolussnooze":0,"activity":0.0023,"lastBolusTime":1702908591952,"time":"2023-12-18T16:49:47.740Z","iobWithZeroTemp":{"iob":-0.029,"basaliob":-0.089,"bolussnooze":0,"activity":8.0E-4,"lastBolusTime":1702908591952,"time":"2023-12-18T16:49:47.740Z"}},{"iob":0.093,"basaliob":0.039,"bolussnooze":0,"activity":0.0021,"lastBolusTime":1702908591952,"time":"2023-12-18T16:54:47.740Z","iobWithZeroTemp":{"iob":-0.04,"basaliob":-0.094,"bolussnooze":0,"activity":6.0E-4,"lastBolusTime":1702908591952,"time":"2023-12-18T16:54:47.740Z"}},{"iob":0.083,"basaliob":0.035,"bolussnooze":0,"activity":0.0019,"lastBolusTime":1702908591952,"time":"2023-12-18T16:59:47.740Z","iobWithZeroTemp":{"iob":-0.051,"basaliob":-0.099,"bolussnooze":0,"activity":4.0E-4,"lastBolusTime":1702908591952,"time":"2023-12-18T16:59:47.740Z"}},{"iob":0.074,"basaliob":0.031,"bolussnooze":0,"activity":0.0017,"lastBolusTime":1702908591952,"time":"2023-12-18T17:04:47.740Z","iobWithZeroTemp":{"iob":-0.061,"basaliob":-0.104,"bolussnooze":0,"activity":2.0E-4,"lastBolusTime":1702908591952,"time":"2023-12-18T17:04:47.740Z"}},{"iob":0.066,"basaliob":0.028,"bolussnooze":0,"activity":0.0015,"lastBolusTime":1702908591952,"time":"2023-12-18T17:09:47.740Z","iobWithZeroTemp":{"iob":-0.069,"basaliob":-0.107,"bolussnooze":0,"activity":0,"lastBolusTime":1702908591952,"time":"2023-12-18T17:09:47.740Z"}},{"iob":0.058,"basaliob":0.025,"bolussnooze":0,"activity":0.0014,"lastBolusTime":1702908591952,"time":"2023-12-18T17:14:47.740Z","iobWithZeroTemp":{"iob":-0.078,"basaliob":-0.111,"bolussnooze":0,"activity":-2.0E-4,"lastBolusTime":1702908591952,"time":"2023-12-18T17:14:47.740Z"}},{"iob":0.051,"basaliob":0.022,"bolussnooze":0,"activity":0.0012,"lastBolusTime":1702908591952,"time":"2023-12-18T17:19:47.740Z","iobWithZeroTemp":{"iob":-0.085,"basaliob":-0.114,"bolussnooze":0,"activity":-4.0E-4,"lastBolusTime":1702908591952,"time":"2023-12-18T17:19:47.740Z"}},{"iob":0.046,"basaliob":0.02,"bolussnooze":0,"activity":0.0012,"lastBolusTime":1702908591952,"time":"2023-12-18T17:24:47.740Z","iobWithZeroTemp":{"iob":-0.091,"basaliob":-0.117,"bolussnooze":0,"activity":-4.0E-4,"lastBolusTime":1702908591952,"time":"2023-12-18T17:24:47.740Z"}},{"iob":0.041,"basaliob":0.018,"bolussnooze":0,"activity":0.001,"lastBolusTime":1702908591952,"time":"2023-12-18T17:29:47.740Z","iobWithZeroTemp":{"iob":-0.096,"basaliob":-0.119,"bolussnooze":0,"activity":-6.0E-4,"lastBolusTime":1702908591952,"time":"2023-12-18T17:29:47.740Z"}},{"iob":0.036,"basaliob":0.016,"bolussnooze":0,"activity":9.0E-4,"lastBolusTime":1702908591952,"time":"2023-12-18T17:34:47.740Z","iobWithZeroTemp":{"iob":-0.102,"basaliob":-0.122,"bolussnooze":0,"activity":-7.0E-4,"lastBolusTime":1702908591952,"time":"2023-12-18T17:34:47.740Z"}},{"iob":0.032,"basaliob":0.014,"bolussnooze":0,"activity":8.0E-4,"lastBolusTime":1702908591952,"time":"2023-12-18T17:39:47.740Z","iobWithZeroTemp":{"iob":-0.106,"basaliob":-0.124,"bolussnooze":0,"activity":-8.0E-4,"lastBolusTime":1702908591952,"time":"2023-12-18T17:39:47.740Z"}},{"iob":0.027,"basaliob":0.012,"bolussnooze":0,"activity":7.0E-4,"lastBolusTime":1702908591952,"time":"2023-12-18T17:44:47.740Z","iobWithZeroTemp":{"iob":-0.111,"basaliob":-0.126,"bolussnooze":0,"activity":-9.0E-4,"lastBolusTime":1702908591952,"time":"2023-12-18T17:44:47.740Z"}},{"iob":0.024,"basaliob":0.011,"bolussnooze":0,"activity":7.0E-4,"lastBolusTime":1702908591952,"time":"2023-12-18T17:49:47.740Z","iobWithZeroTemp":{"iob":-0.115,"basaliob":-0.128,"bolussnooze":0,"activity":-9.0E-4,"lastBolusTime":1702908591952,"time":"2023-12-18T17:49:47.740Z"}},{"iob":0.021,"basaliob":0.009,"bolussnooze":0,"activity":6.0E-4,"lastBolusTime":1702908591952,"time":"2023-12-18T17:54:47.740Z","iobWithZeroTemp":{"iob":-0.118,"basaliob":-0.13,"bolussnooze":0,"activity":-0.001,"lastBolusTime":1702908591952,"time":"2023-12-18T17:54:47.740Z"}},{"iob":0.018,"basaliob":0.008,"bolussnooze":0,"activity":5.0E-4,"lastBolusTime":1702908591952,"time":"2023-12-18T17:59:47.740Z","iobWithZeroTemp":{"iob":-0.121,"basaliob":-0.131,"bolussnooze":0,"activity":-0.0011,"lastBolusTime":1702908591952,"time":"2023-12-18T17:59:47.740Z"}},{"iob":0.016,"basaliob":0.007,"bolussnooze":0,"activity":5.0E-4,"lastBolusTime":1702908591952,"time":"2023-12-18T18:04:47.740Z","iobWithZeroTemp":{"iob":-0.123,"basaliob":-0.132,"bolussnooze":0,"activity":-0.0011,"lastBolusTime":1702908591952,"time":"2023-12-18T18:04:47.740Z"}},{"iob":0.013,"basaliob":0.006,"bolussnooze":0,"activity":4.0E-4,"lastBolusTime":1702908591952,"time":"2023-12-18T18:09:47.740Z","iobWithZeroTemp":{"iob":-0.126,"basaliob":-0.133,"bolussnooze":0,"activity":-0.0012,"lastBolusTime":1702908591952,"time":"2023-12-18T18:09:47.740Z"}}],"profile":{"max_iob":10,"type":"current","max_daily_basal":0.4,"max_basal":0.4,"min_bg":90,"max_bg":90,"target_bg":90,"carb_ratio":8.8,"sens":120,"max_daily_safety_multiplier":3,"current_basal_safety_multiplier":4,"lgsThreshold":95,"high_temptarget_raises_sensitivity":true,"low_temptarget_lowers_sensitivity":true,"sensitivity_raises_target":true,"resistance_lowers_target":true,"adv_target_adjustments":false,"exercise_mode":false,"half_basal_exercise_target":160,"maxCOB":120,"skip_neutral_temps":false,"remainingCarbsCap":90,"enableUAM":true,"A52_risk_enable":false,"SMBInterval":5,"enableSMB_with_COB":true,"enableSMB_with_temptarget":true,"allowSMB_with_high_temptarget":false,"enableSMB_always":false,"enableSMB_after_carbs":true,"maxSMBBasalMinutes":30,"maxUAMSMBBasalMinutes":40,"bolus_increment":0.05,"carbsReqThreshold":4,"current_basal":0.1,"temptargetSet":true,"autosens_max":1.3,"autosens_min":0.7,"variable_sens":67.8,"insulinDivisor":75,"TDD":21.236408333333337},"autosens_data":{"ratio":0.9480793933617863},"meal_data":{"carbs":20,"mealCOB":0,"slopeFromMaxDeviation":-3.9956666666666663,"slopeFromMinDeviation":0.5725000000000001,"lastBolusTime":1702908591952,"lastCarbTime":1702897673283},"microBolusAllowed":true,"currentTime":1702908888289,"flatBGsDetected":false,"tdd1D":16.272499999999997,"tdd7D":20.110833333333336,"tddLast24H":19.06666666666666,"tddLast4H":4.9,"tddLast8to4H":3.766666666666667},"output":{"temp":"absolute","bg":187,"tick":-6,"eventualBG":150,"targetBG":90,"insulinReq":0,"deliverAt":"2023-12-18T14:14:48.289Z","sensitivityRatio":1.2,"variable_sens":67.8,"predBGs":{"IOB":[187,181,175,169,162,156,150,144,138,133,128,122,118,113,109,104,100,96,92,89,85,82,79,76,73,70,68,65,63,61,59,57,55,53,52,51,49,48,47,46,45,44,44,43,42,42,41],"ZT":[187,183,179,174,170,165,160,155,151,146,141,137,133,129,125,122,118,115,112,109,107,104,102,100,99,97,96,95,93,93,92,91,91,91,90,90,90,90,91,91,91,91,92,92,93,93]},"reason":"COB: 0, Dev: 57, BGI: -4, ISF: 68, CR: 8.8, Target: 90, minPredBG 65, minGuardBG 40, IOBpredBG 41; minGuardBG 40<95","COB":0,"IOB":1.385,"duration":120,"rate":0,"timestamp":"2023-12-18T14:14:48.304Z"}}