{"algorithm":"OpenAPSSMBDynamicISFPlugin","input":{"glucoseStatus":{"glucose":113,"noise":0,"delta":-1.33,"short_avgdelta":-1.33,"long_avgdelta":1.09,"date":1702903461000},"currenttemp":{"temp":"absolute","duration":85,"rate":0,"minutesrunning":35},"iob_data":[{"iob":0.773,"basaliob":-0.271,"bolussnooze":0.1172,"activity":0.0129,"lastBolusTime":1702902901519,"time":"2023-12-18T12:44:51.285Z","iobWithZeroTemp":{"iob":0.773,"basaliob":-0.271,"bolussnooze":0.1172,"activity":0.0129,"lastBolusTime":1702902901519,"time":"2023-12-18T12:44:51.285Z"}},{"iob":0.71,"basaliob":-0.259,"bolussnooze":0.0924,"activity":0.0121,"lastBolusTime":1702902901519,"time":"2023-12-18T12:49:51.285Z","iobWithZeroTemp":{"iob":0.69,"basaliob":-0.279,"bolussnooze":0.0924,"activity":0.0121,"lastBolusTime":1702902901519,"time":"2023-12-18T12:49:51.285Z"}},{"iob":0.651,"basaliob":-0.246,"bolussnooze":0.0722,"activity":0.0113,"lastBolusTime":1702902901519,"time":"2023-12-18T12:54:51.285Z","iobWithZeroTemp":{"iob":0.606,"basaliob":-0.291,"bolussnooze":0.0722,"activity":0.0112,"lastBolusTime":1702902901519,"time":"2023-12-18T12:54:51.285Z"}},{"iob":0.596,"basaliob":-0.233,"bolussnooze":0.0559,"activity":0.0106,"lastBolusTime":1702902901519,"time":"2023-12-18T12:59:51.285Z","iobWithZeroTemp":{"iob":0.527,"basaliob":-0.302,"bolussnooze":0.0559,"activity":0.0104,"lastBolusTime":1702902901519,"time":"2023-12-18T12:59:51.285Z"}},{"iob":0.545,"basaliob":-0.22,"bolussnooze":0.0428,"activity":0.0099,"lastBolusTime":1702902901519,"time":"2023-12-18T13:04:51.285Z","iobWithZeroTemp":{"iob":0.452,"basaliob":-0.313,"bolussnooze":0.0428,"activity":0.0095,"lastBolusTime":1702902901519,"time":"2023-12-18T13:04:51.285Z"}},{"iob":0.498,"basaliob":-0.206,"bolussnooze":0.0323,"activity":0.0092,"lastBolusTime":1702902901519,"time":"2023-12-18T13:09:51.285Z","iobWithZeroTemp":{"iob":0.383,"basaliob":-0.321,"bolussnooze":0.0323,"activity":0.0087,"lastBolusTime":1702902901519,"time":"2023-12-18T13:09:51.285Z"}},{"iob":0.454,"basaliob":-0.193,"bolussnooze":0.0241,"activity":0.0085,"lastBolusTime":1702902901519,"time":"2023-12-18T13:14:51.285Z","iobWithZeroTemp":{"iob":0.317,"basaliob":-0.33,"bolussnooze":0.0241,"activity":0.0078,"lastBolusTime":1702902901519,"time":"2023-12-18T13:14:51.285Z"}},{"iob":0.413,"basaliob":-0.181,"bolussnooze":0.0176,"activity":0.0079,"lastBolusTime":1702902901519,"time":"2023-12-18T13:19:51.285Z","iobWithZeroTemp":{"iob":0.255,"basaliob":-0.339,"bolussnooze":0.0176,"activity":0.007,"lastBolusTime":1702902901519,"time":"2023-12-18T13:19:51.285Z"}},{"iob":0.375,"basaliob":-0.168,"bolussnooze":0.0126,"activity":0.0073,"lastBolusTime":1702902901519,"time":"2023-12-18T13:24:51.285Z","iobWithZeroTemp":{"iob":0.197,"basaliob":-0.346,"bolussnooze":0.0126,"activity":0.0062,"lastBolusTime":1702902901519,"time":"2023-12-18T13:24:51.285Z"}},{"iob":0.34,"basaliob":-0.157,"bolussnooze":0.0088,"activity":0.0067,"lastBolusTime":1702902901519,"time":"2023-12-18T13:29:51.285Z","iobWithZeroTemp":{"iob":0.143,"basaliob":-0.354,"bolussnooze":0.0088,"activity":0.0054,"lastBolusTime":1702902901519,"time":"2023-12-18T13:29:51.285Z"}},{"iob":0.308,"basaliob":-0.145,"bolussnooze":0.0059,"activity":0.0062,"lastBolusTime":1702902901519,"time":"2023-12-18T13:34:51.285Z","iobWithZeroTemp":{"iob":0.093,"basaliob":-0.36,"bolussnooze":0.0059,"activity":0.0046,"lastBolusTime":1702902901519,"time":"2023-12-18T13:34:51.285Z"}},{"iob":0.279,"basaliob":-0.134,"bolussnooze":0.0038,"activity":0.0057,"lastBolusTime":1702902901519,"time":"2023-12-18T13:39:51.285Z","iobWithZeroTemp":{"iob":0.047,"basaliob":-0.366,"bolussnooze":0.0038,"activity":0.0039,"lastBolusTime":1702902901519,"time":"2023-12-18T13:39:51.285Z"}},{"iob":0.252,"basaliob":-0.124,"bolussnooze":0.0023,"activity":0.0052,"lastBolusTime":1702902901519,"time":"2023-12-18T13:44:51.285Z","iobWithZeroTemp":{"iob":0.005,"basaliob":-0.371,"bolussnooze":0.0023,"activity":0.0032,"lastBolusTime":1702902901519,"time":"2023-12-18T13:44:51.285Z"}},{"iob":0.226,"basaliob":-0.115,"bolussnooze":0.0013,"activity":0.0047,"lastBolusTime":1702902901519,"time":"2023-12-18T13:49:51.285Z","iobWithZeroTemp":{"iob":-0.036,"basaliob":-0.377,"bolussnooze":0.0013,"activity":0.0025,"lastBolusTime":1702902901519,"time":"2023-12-18T13:49:51.285Z"}},{"iob":0.204,"basaliob":-0.105,"bolussnooze":6.0E-4,"activity":0.0043,"lastBolusTime":1702902901519,"time":"2023-12-18T13:54:51.285Z","iobWithZeroTemp":{"iob":-0.072,"basaliob":-0.381,"bolussnooze":6.0E-4,"activity":0.0019,"lastBolusTime":1702902901519,"time":"2023-12-18T13:54:51.285Z"}},{"iob":0.183,"basaliob":-0.097,"bolussnooze":2.0E-4,"activity":0.0039,"lastBolusTime":1702902901519,"time":"2023-12-18T13:59:51.285Z","iobWithZeroTemp":{"iob":-0.105,"basaliob":-0.385,"bolussnooze":2.0E-4,"activity":0.0013,"lastBolusTime":1702902901519,"time":"2023-12-18T13:59:51.285Z"}},{"iob":0.164,"basaliob":-0.089,"bolussnooze":0,"activity":0.0036,"lastBolusTime":1702902901519,"time":"2023-12-18T14:04:51.285Z","iobWithZeroTemp":{"iob":-0.12,"basaliob":-0.373,"bolussnooze":0,"activity":9.0E-4,"lastBolusTime":1702902901519,"time":"2023-12-18T14:04:51.285Z"}},{"iob":0.147,"basaliob":-0.081,"bolussnooze":0,"activity":0.0032,"lastBolusTime":1702902901519,"time":"2023-12-18T14:09:51.285Z","iobWithZeroTemp":{"iob":-0.131,"basaliob":-0.359,"bolussnooze":0,"activity":4.0E-4,"lastBolusTime":1702902901519,"time":"2023-12-18T14:09:51.285Z"}},{"iob":0.132,"basaliob":-0.074,"bolussnooze":0,"activity":0.003,"lastBolusTime":1702902901519,"time":"2023-12-18T14:14:51.285Z","iobWithZeroTemp":{"iob":-0.14,"basaliob":-0.346,"bolussnooze":0,"activity":1.0E-4,"lastBolusTime":1702902901519,"time":"2023-12-18T14:14:51.285Z"}},{"iob":0.117,"basaliob":-0.068,"bolussnooze":0,"activity":0.0028,"lastBolusTime":1702902901519,"time":"2023-12-18T14:19:51.285Z","iobWithZeroTemp":{"iob":-0.149,"basaliob":-0.334,"bolussnooze":0,"activity":-2.0E-4,"lastBolusTime":1702902901519,"time":"2023-12-18T14:19:51.285Z"}},{"iob":0.104,"basaliob":-0.062,"bolussnooze":0,"activity":0.0024,"lastBolusTime":1702902901519,"time":"2023-12-18T14:24:51.285Z","iobWithZeroTemp":{"iob":-0.156,"basaliob":-0.322,"bolussnooze":0,"activity":-6.0E-4,"lastBolusTime":1702902901519,"time":"2023-12-18T14:24:51.285Z"}},{"iob":0.093,"basaliob":-0.056,"bolussnooze":0,"activity":0.0022,"lastBolusTime":1702902901519,"time":"2023-12-18T14:29:51.285Z","iobWithZeroTemp":{"iob":-0.16,"basaliob":-0.309,"bolussnooze":0,"activity":-8.0E-4,"lastBolusTime":1702902901519,"time":"2023-12-18T14:29:51.285Z"}},{"iob":0.082,"basaliob":-0.051,"bolussnooze":0,"activity":0.002,"lastBolusTime":1702902901519,"time":"2023-12-18T14:34:51.285Z","iobWithZeroTemp":{"iob":-0.165,"basaliob":-0.298,"bolussnooze":0,"activity":-0.001,"lastBolusTime":1702902901519,"time":"2023-12-18T14:34:51.285Z"}},{"iob":0.073,"basaliob":-0.046,"bolussnooze":0,"activity":0.0018,"lastBolusTime":1702902901519,"time":"2023-12-18T14:39:51.285Z","iobWithZeroTemp":{"iob":-0.167,"basaliob":-0.286,"bolussnooze":0,"activity":-0.0012,"lastBolusTime":1702902901519,"time":"2023-12-18T14:39:51.285Z"}},{"iob":0.064,"basaliob":-0.042,"bolussnooze":0,"activity":0.0017,"lastBolusTime":1702902901519,"time":"2023-12-18T14:44:51.285Z","iobWithZeroTemp":{"iob":-0.17,"basaliob":-0.276,"bolussnooze":0,"activity":-0.0012,"lastBolusTime":1702902901519,"time":"2023-12-18T14:44:51.285Z"}},{"iob":0.056,"basaliob":-0.038,"bolussnooze":0,"activity":0.0014,"lastBolusTime":1702902901519,"time":"2023-12-18T14:49:51.285Z","iobWithZeroTemp":{"iob":-0.172,"basaliob":-0.266,"bolussnooze":0,"activity":-0.0015,"lastBolusTime":1702902901519,"time":"2023-12-18T14:49:51.285Z"}},{"iob":0.049,"basaliob":-0.034,"bolussnooze":0,"activity":0.0013,"lastBolusTime":1702902901519,"time":"2023-12-18T14:54:51.285Z","iobWithZeroTemp":{"iob":-0.173,"basaliob":-0.256,"bolussnooze":0,"activity":-0.0016,"lastBolusTime":1702902901519,"time":"2023-12-18T14:54:51.285Z"}},{"iob":0.043,"basaliob":-0.031,"bolussnooze":0,"activity":0.0012,"lastBolusTime":1702902901519,"time":"2023-12-18T14:59:51.285Z","iobWithZeroTemp":{"iob":-0.173,"basaliob":-0.247,"bolussnooze":0,"activity":-0.0016,"lastBolusTime":1702902901519,"time":"2023-12-18T14:59:51.285Z"}},{"iob":0.037,"basaliob":-0.028,"bolussnooze":0,"activity":0.001,"lastBolusTime":1702902901519,"time":"2023-12-18T15:04:51.285Z","iobWithZeroTemp":{"iob":-0.173,"basaliob":-0.238,"bolussnooze":0,"activity":-0.0018,"lastBolusTime":1702902901519,"time":"2023-12-18T15:04:51.285Z"}},{"iob":0.033,"basaliob":-0.025,"bolussnooze":0,"activity":0.001,"lastBolusTime":1702902901519,"time":"2023-12-18T15:09:51.285Z","iobWithZeroTemp":{"iob":-0.172,"basaliob":-0.23,"bolussnooze":0,"activity":-0.0017,"lastBolusTime":1702902901519,"time":"2023-12-18T15:09:51.285Z"}},{"iob":0.029,"basaliob":-0.022,"bolussnooze":0,"activity":8.0E-4,"lastBolusTime":1702902901519,"time":"2023-12-18T15:14:51.285Z","iobWithZeroTemp":{"iob":-0.171,"basaliob":-0.222,"bolussnooze":0,"activity":-0.0018,"lastBolusTime":1702902901519,"time":"2023-12-18T15:14:51.285Z"}},{"iob":0.024,"basaliob":-0.02,"bolussnooze":0,"activity":8.0E-4,"lastBolusTime":1702902901519,"time":"2023-12-18T15:19:51.285Z","iobWithZeroTemp":{"iob":-0.171,"basaliob":-0.215,"bolussnooze":0,"activity":-0.0018,"lastBolusTime":1702902901519,"time":"2023-12-18T15:19:51.285Z"}},{"iob":0.021,"basaliob":-0.018,"bolussnooze":0,"activity":7.0E-4,"lastBolusTime":1702902901519,"time":"2023-12-18T15:24:51.285Z","iobWithZeroTemp":{"iob":-0.17,"basaliob":-0.209,"bolussnooze":0,"activity":-0.0018,"lastBolusTime":1702902901519,"time":"2023-12-18T15:24:51.285Z"}},{"iob":0.018,"basaliob":-0.016,"bolussnooze":0,"activity":5.0E-4,"lastBolusTime":1702902901519,"time":"2023-12-18T15:29:51.285Z","iobWithZeroTemp":{"iob":-0.169,"basaliob":-0.203,"bolussnooze":0,"activity":-0.002,"lastBolusTime":1702902901519,"time":"2023-12-18T15:29:51.285Z"}},{"iob":0.015,"basaliob":-0.014,"bolussnooze":0,"activity":5.0E-4,"lastBolusTime":1702902901519,"time":"2023-12-18T15:34:51.285Z","iobWithZeroTemp":{"iob":-0.168,"basaliob":-0.197,"bolussnooze":0,"activity":-0.0019,"lastBolusTime":1702902901519,"time":"2023-12-18T15:34:51.285Z"}},{"iob":0.013,"basaliob":-0.013,"bolussnooze":0,"activity":4.0E-4,"lastBolusTime":1702902901519,"time":"2023-12-18T15:39:51.285Z","iobWithZeroTemp":{"iob":-0.166,"basaliob":-0.192,"bolussnooze":0,"activity":-0.002,"lastBolusTime":1702902901519,"time":"2023-12-18T15:39:51.285Z"}},{"iob":0.011,"basaliob":-0.011,"bolussnooze":0,"activity":4.0E-4,"lastBolusTime":1702902901519,"time":"2023-12-18T15:44:51.285Z","iobWithZeroTemp":{"iob":-0.165,"basaliob":-0.187,"bolussnooze":0,"activity":-0.0019,"lastBolusTime":1702902901519,"time":"2023-12-18T15:44:51.285Z"}},{"iob":0.009,"basaliob":-0.01,"bolussnooze":0,"activity":4.0E-4,"lastBolusTime":1702902901519,"time":"2023-12-18T15:49:51.285Z","iobWithZeroTemp":{"iob":-0.164,"basaliob":-0.183,"bolussnooze":0,"activity":-0.0019,"lastBolusTime":1702902901519,"time":"2023-12-18T15:49:51.285Z"}},{"iob":0.007,"basaliob":-0.009,"bolussnooze":0,"activity":3.0E-4,"lastBolusTime":1702902901519,"time":"2023-12-18T15:54:51.285Z","iobWithZeroTemp":{"iob":-0.163,"basaliob":-0.179,"bolussnooze":0,"activity":-0.0019,"lastBolusTime":1702902901519,"time":"2023-12-18T15:54:51.285Z"}},{"iob":0.006,"basaliob":-0.008,"bolussnooze":0,"activity":2.0E-4,"lastBolusTime":1702902901519,"time":"2023-12-18T15:59:51.285Z","iobWithZeroTemp":{"iob":-0.161,"basaliob":-0.175,"bolussnooze":0,"activity":-0.002,"lastBolusTime":1702902901519,"time":"2023-12-18T15:59:51.285Z"}},{"iob":0.005,"basaliob":-0.007,"bolussnooze":0,"activity":2.0E-4,"lastBolusTime":1702902901519,"time":"2023-12-18T16:04:51.285Z","iobWithZeroTemp":{"iob":-0.16,"basaliob":-0.172,"bolussnooze":0,"activity":-0.0019,"lastBolusTime":1702902901519,"time":"2023-12-18T16:04:51.285Z"}},{"iob":0.004,"basaliob":-0.006,"bolussnooze":0,"activity":1.0E-4,"lastBolusTime":1702902901519,"time":"2023-12-18T16:09:51.285Z","iobWithZeroTemp":{"iob":-0.158,"basaliob":-0.168,"bolussnooze":0,"activity":-0.002,"lastBolusTime":1702902901519,"time":"2023-12-18T16:09:51.285Z"}},{"iob":0.003,"basaliob":-0.005,"bolussnooze":0,"activity":2.0E-4,"lastBolusTime":1702902901519,"time":"2023-12-18T16:14:51.285Z","iobWithZeroTemp":{"iob":-0.157,"basaliob":-0.165,"bolussnooze":0,"activity":-0.0019,"lastBolusTime":1702902901519,"time":"2023-12-18T16:14:51.285Z"}},{"iob":0.003,"basaliob":-0.004,"bolussnooze":0,"activity":2.0E-4,"lastBolusTime":1702902901519,"time":"2023-12-18T16:19:51.285Z","iobWithZeroTemp":{"iob":-0.155,"basaliob":-0.162,"bolussnooze":0,"activity":-0.0018,"lastBolusTime":1702902901519,"time":"2023-12-18T16:19:51.285Z"}},{"iob":0.002,"basaliob":-0.004,"bolussnooze":0,"activity":1.0E-4,"lastBolusTime":1702902901519,"time":"2023-12-18T16:24:51.285Z","iobWithZeroTemp":{"iob":-0.154,"basaliob":-0.16,"bolussnooze":0,"activity":-0.0019,"lastBolusTime":1702902901519,"time":"2023-12-18T16:24:51.285Z"}},{"iob":0.002,"basaliob":-0.003,"bolussnooze":0,"activity":1.0E-4,"lastBolusTime":1702902901519,"time":"2023-12-18T16:29:51.285Z","iobWithZeroTemp":{"iob":-0.153,"basaliob":-0.158,"bolussnooze":0,"activity":-0.0019,"lastBolusTime":1702902901519,"time":"2023-12-18T16:29:51.285Z"}},{"iob":0.001,"basaliob":-0.003,"bolussnooze":0,"activity":1.0E-4,"lastBolusTime":1702902901519,"time":"2023-12-18T16:34:51.285Z","iobWithZeroTemp":{"iob":-0.152,"basaliob":-0.156,"bolussnooze":0,"activity":-0.0019,"lastBolusTime":1702902901519,"time":"2023-12-18T16:34:51.285Z"}},{"iob":0.001,"basaliob":-0.002,"bolussnooze":0,"activity":0,"lastBolusTime":1702902901519,"time":"2023-12-18T16:39:51.285Z","iobWithZeroTemp":{"iob":-0.151,"basaliob":-0.154,"bolussnooze":0,"activity":-0.0019,"lastBolusTime":1702902901519,"time":"2023-12-18T16:39:51.285Z"}}],"profile":{"max_iob":10,"type":"current","max_daily_basal":0.4,"max_basal":1.2,"min_bg":90,"max_bg":90,"target_bg":90,"carb_ratio":8.5,"sens":120,"max_daily_safety_multiplier":3,"current_basal_safety_multiplier":4,"lgsThreshold":95,"high_temptarget_raises_sensitivity":true,"low_temptarget_lowers_sensitivity":true,"sensitivity_raises_target":true,"resistance_lowers_target":true,"adv_target_adjustments":false,"exercise_mode":false,"half_basal_exercise_target":160,"maxCOB":120,"skip_neutral_temps":false,"remainingCarbsCap":90,"enableUAM":true,"A52_risk_enable":false,"SMBInterval":6,"enableSMB_with_COB":true,"enableSMB_with_temptarget":true,"allowSMB_with_high_temptarget":false,"enableSMB_always":false,"enableSMB_after_carbs":true,"maxSMBBasalMinutes":30,"maxUAMSMBBasalMinutes":40,"bolus_increment":0.05,"carbsReqThreshold":4,"current_basal":0.3,"temptargetSet":false,"autosens_max":1.3,"autosens_min":0.7,"variable_sens":99.7,"insulinDivisor":75,"TDD":19.65405833333333},"autosens_data":{"ratio":0.9128579124021048},"meal_data":{"carbs":20,"mealCOB":6.332,"slopeFromMaxDeviation":-0.42324999999999996,"slopeFromMinDeviation":0,"lastBolusTime":1702902901519,"lastCarbTime":1702897673283},"microBolusAllowed":true,"currentTime":1702903493022,"flatBGsDetected":false,"tdd1D":16.272499999999997,"tdd7D":20.110833333333336,"tddLast24H":18.35833333333333,"tddLast4H":3.270833333333333,"tddLast8to4H":4.904166666666668},"output":{"temp":"absolute","bg":113,"tick":-1,"eventualBG":104,"targetBG":93,"insulinReq":0,"deliverAt":"2023-12-18T12:44:53.022Z","sensitivityRatio":0.9128579124021048,"variable_sens":99.7,"predBGs":{"IOB":[113,111,109,107,105,103,101,98,96,93,90,87,84,80,77,75,72,70,67,65,63,61,60,58,57,55,54,53,52,51,50,50,49,48,48,47,47,47,46,46,46,45],"ZT":[113,107,100,94,88,83,77,72,68,63,59,56,52,50,47,46,44,43,43,43,43,44,45,46,47,48,49,51,52,54,55,57,58,60,61,63,64,65,67,68,70,71,72,74,75,76,77,79],"COB":[113,111,110,109,108,108,107,107,106,106,106,106,107,107,107,107,108,108,108,109,109,109,109,109,109,109,109,109,108,108,107,107,107,106,106,106,106,105,105,105,105,105,105,105,105,105,104],"UAM":[113,111,109,108,105,103,101,99,96,93,90,87,84,81,78,75,73,70,68,66,64,62,60,59,57,56,55,54,53,52,51,50,50,49,48,48,48,47,47,47,46,46,46,46,46,46,46,45]},"reason":"COB: 6.3, Dev: 31, BGI: -6, ISF: 100, CR: 8.5, Target: 93, minPredBG 64, minGuardBG 64, IOBpredBG 45, COBpredBG 104, UAMpredBG 45; minGuardBG 64<95 85m left and 0 ~ req 0U\/hr: no temp required","COB":6.332,"IOB":0.773,"timestamp":"2023-12-18T12:44:53.054Z"}}