{"algorithm":"OpenAPSSMBDynamicISFPlugin","input":{"glucoseStatus":{"glucose":91,"noise":0,"delta":-0.11,"short_avgdelta":-0.11,"long_avgdelta":-0.51,"date":1703060968000},"currenttemp":{"temp":"absolute","duration":10,"rate":0,"minutesrunning":20},"iob_data":[{"iob":-0.193,"basaliob":-0.193,"bolussnooze":0,"activity":-0.0013,"lastBolusTime":0,"time":"2023-12-20T08:29:56.117Z","iobWithZeroTemp":{"iob":-0.193,"basaliob":-0.193,"bolussnooze":0,"activity":-0.0013,"lastBolusTime":0,"time":"2023-12-20T08:29:56.117Z"}},{"iob":-0.186,"basaliob":-0.186,"bolussnooze":0,"activity":-0.0015,"lastBolusTime":0,"time":"2023-12-20T08:34:56.117Z","iobWithZeroTemp":{"iob":-0.209,"basaliob":-0.209,"bolussnooze":0,"activity":-0.0015,"lastBolusTime":0,"time":"2023-12-20T08:34:56.117Z"}},{"iob":-0.178,"basaliob":-0.178,"bolussnooze":0,"activity":-0.0016,"lastBolusTime":0,"time":"2023-12-20T08:39:56.117Z","iobWithZeroTemp":{"iob":-0.23,"basaliob":-0.23,"bolussnooze":0,"activity":-0.0017,"lastBolusTime":0,"time":"2023-12-20T08:39:56.117Z"}},{"iob":-0.17,"basaliob":-0.17,"bolussnooze":0,"activity":-0.0017,"lastBolusTime":0,"time":"2023-12-20T08:44:56.117Z","iobWithZeroTemp":{"iob":-0.251,"basaliob":-0.251,"bolussnooze":0,"activity":-0.0019,"lastBolusTime":0,"time":"2023-12-20T08:44:56.117Z"}},{"iob":-0.161,"basaliob":-0.161,"bolussnooze":0,"activity":-0.0018,"lastBolusTime":0,"time":"2023-12-20T08:49:56.117Z","iobWithZeroTemp":{"iob":-0.269,"basaliob":-0.269,"bolussnooze":0,"activity":-0.0022,"lastBolusTime":0,"time":"2023-12-20T08:49:56.117Z"}},{"iob":-0.152,"basaliob":-0.152,"bolussnooze":0,"activity":-0.0018,"lastBolusTime":0,"time":"2023-12-20T08:54:56.117Z","iobWithZeroTemp":{"iob":-0.287,"basaliob":-0.287,"bolussnooze":0,"activity":-0.0024,"lastBolusTime":0,"time":"2023-12-20T08:54:56.117Z"}},{"iob":-0.143,"basaliob":-0.143,"bolussnooze":0,"activity":-0.0018,"lastBolusTime":0,"time":"2023-12-20T08:59:56.117Z","iobWithZeroTemp":{"iob":-0.303,"basaliob":-0.303,"bolussnooze":0,"activity":-0.0026,"lastBolusTime":0,"time":"2023-12-20T08:59:56.117Z"}},{"iob":-0.134,"basaliob":-0.134,"bolussnooze":0,"activity":-0.0018,"lastBolusTime":0,"time":"2023-12-20T09:04:56.117Z","iobWithZeroTemp":{"iob":-0.311,"basaliob":-0.311,"bolussnooze":0,"activity":-0.0029,"lastBolusTime":0,"time":"2023-12-20T09:04:56.117Z"}},{"iob":-0.126,"basaliob":-0.126,"bolussnooze":0,"activity":-0.0017,"lastBolusTime":0,"time":"2023-12-20T09:09:56.117Z","iobWithZeroTemp":{"iob":-0.318,"basaliob":-0.318,"bolussnooze":0,"activity":-0.003,"lastBolusTime":0,"time":"2023-12-20T09:09:56.117Z"}},{"iob":-0.117,"basaliob":-0.117,"bolussnooze":0,"activity":-0.0017,"lastBolusTime":0,"time":"2023-12-20T09:14:56.117Z","iobWithZeroTemp":{"iob":-0.323,"basaliob":-0.323,"bolussnooze":0,"activity":-0.0032,"lastBolusTime":0,"time":"2023-12-20T09:14:56.117Z"}},{"iob":-0.109,"basaliob":-0.109,"bolussnooze":0,"activity":-0.0016,"lastBolusTime":0,"time":"2023-12-20T09:19:56.117Z","iobWithZeroTemp":{"iob":-0.328,"basaliob":-0.328,"bolussnooze":0,"activity":-0.0033,"lastBolusTime":0,"time":"2023-12-20T09:19:56.117Z"}},{"iob":-0.101,"basaliob":-0.101,"bolussnooze":0,"activity":-0.0015,"lastBolusTime":0,"time":"2023-12-20T09:24:56.117Z","iobWithZeroTemp":{"iob":-0.332,"basaliob":-0.332,"bolussnooze":0,"activity":-0.0034,"lastBolusTime":0,"time":"2023-12-20T09:24:56.117Z"}},{"iob":-0.094,"basaliob":-0.094,"bolussnooze":0,"activity":-0.0015,"lastBolusTime":0,"time":"2023-12-20T09:29:56.117Z","iobWithZeroTemp":{"iob":-0.336,"basaliob":-0.336,"bolussnooze":0,"activity":-0.0036,"lastBolusTime":0,"time":"2023-12-20T09:29:56.117Z"}},{"iob":-0.087,"basaliob":-0.087,"bolussnooze":0,"activity":-0.0014,"lastBolusTime":0,"time":"2023-12-20T09:34:56.117Z","iobWithZeroTemp":{"iob":-0.339,"basaliob":-0.339,"bolussnooze":0,"activity":-0.0036,"lastBolusTime":0,"time":"2023-12-20T09:34:56.117Z"}},{"iob":-0.08,"basaliob":-0.08,"bolussnooze":0,"activity":-0.0013,"lastBolusTime":0,"time":"2023-12-20T09:39:56.117Z","iobWithZeroTemp":{"iob":-0.342,"basaliob":-0.342,"bolussnooze":0,"activity":-0.0037,"lastBolusTime":0,"time":"2023-12-20T09:39:56.117Z"}},{"iob":-0.074,"basaliob":-0.074,"bolussnooze":0,"activity":-0.0012,"lastBolusTime":0,"time":"2023-12-20T09:44:56.117Z","iobWithZeroTemp":{"iob":-0.344,"basaliob":-0.344,"bolussnooze":0,"activity":-0.0037,"lastBolusTime":0,"time":"2023-12-20T09:44:56.117Z"}},{"iob":-0.068,"basaliob":-0.068,"bolussnooze":0,"activity":-0.0012,"lastBolusTime":0,"time":"2023-12-20T09:49:56.117Z","iobWithZeroTemp":{"iob":-0.346,"basaliob":-0.346,"bolussnooze":0,"activity":-0.0039,"lastBolusTime":0,"time":"2023-12-20T09:49:56.117Z"}},{"iob":-0.062,"basaliob":-0.062,"bolussnooze":0,"activity":-0.0011,"lastBolusTime":0,"time":"2023-12-20T09:54:56.117Z","iobWithZeroTemp":{"iob":-0.347,"basaliob":-0.347,"bolussnooze":0,"activity":-0.0039,"lastBolusTime":0,"time":"2023-12-20T09:54:56.117Z"}},{"iob":-0.057,"basaliob":-0.057,"bolussnooze":0,"activity":-0.001,"lastBolusTime":0,"time":"2023-12-20T09:59:56.117Z","iobWithZeroTemp":{"iob":-0.349,"basaliob":-0.349,"bolussnooze":0,"activity":-0.0039,"lastBolusTime":0,"time":"2023-12-20T09:59:56.117Z"}},{"iob":-0.052,"basaliob":-0.052,"bolussnooze":0,"activity":-9.0E-4,"lastBolusTime":0,"time":"2023-12-20T10:04:56.117Z","iobWithZeroTemp":{"iob":-0.35,"basaliob":-0.35,"bolussnooze":0,"activity":-0.0039,"lastBolusTime":0,"time":"2023-12-20T10:04:56.117Z"}},{"iob":-0.047,"basaliob":-0.047,"bolussnooze":0,"activity":-9.0E-4,"lastBolusTime":0,"time":"2023-12-20T10:09:56.117Z","iobWithZeroTemp":{"iob":-0.35,"basaliob":-0.35,"bolussnooze":0,"activity":-0.004,"lastBolusTime":0,"time":"2023-12-20T10:09:56.117Z"}},{"iob":-0.043,"basaliob":-0.043,"bolussnooze":0,"activity":-8.0E-4,"lastBolusTime":0,"time":"2023-12-20T10:14:56.117Z","iobWithZeroTemp":{"iob":-0.351,"basaliob":-0.351,"bolussnooze":0,"activity":-0.004,"lastBolusTime":0,"time":"2023-12-20T10:14:56.117Z"}},{"iob":-0.039,"basaliob":-0.039,"bolussnooze":0,"activity":-8.0E-4,"lastBolusTime":0,"time":"2023-12-20T10:19:56.117Z","iobWithZeroTemp":{"iob":-0.352,"basaliob":-0.352,"bolussnooze":0,"activity":-0.0041,"lastBolusTime":0,"time":"2023-12-20T10:19:56.117Z"}},{"iob":-0.036,"basaliob":-0.036,"bolussnooze":0,"activity":-7.0E-4,"lastBolusTime":0,"time":"2023-12-20T10:24:56.117Z","iobWithZeroTemp":{"iob":-0.353,"basaliob":-0.353,"bolussnooze":0,"activity":-0.0041,"lastBolusTime":0,"time":"2023-12-20T10:24:56.117Z"}},{"iob":-0.032,"basaliob":-0.032,"bolussnooze":0,"activity":-6.0E-4,"lastBolusTime":0,"time":"2023-12-20T10:29:56.117Z","iobWithZeroTemp":{"iob":-0.353,"basaliob":-0.353,"bolussnooze":0,"activity":-0.0041,"lastBolusTime":0,"time":"2023-12-20T10:29:56.117Z"}},{"iob":-0.029,"basaliob":-0.029,"bolussnooze":0,"activity":-6.0E-4,"lastBolusTime":0,"time":"2023-12-20T10:34:56.117Z","iobWithZeroTemp":{"iob":-0.353,"basaliob":-0.353,"bolussnooze":0,"activity":-0.0041,"lastBolusTime":0,"time":"2023-12-20T10:34:56.117Z"}},{"iob":-0.027,"basaliob":-0.027,"bolussnooze":0,"activity":-5.0E-4,"lastBolusTime":0,"time":"2023-12-20T10:39:56.117Z","iobWithZeroTemp":{"iob":-0.354,"basaliob":-0.354,"bolussnooze":0,"activity":-0.0041,"lastBolusTime":0,"time":"2023-12-20T10:39:56.117Z"}},{"iob":-0.024,"basaliob":-0.024,"bolussnooze":0,"activity":-5.0E-4,"lastBolusTime":0,"time":"2023-12-20T10:44:56.117Z","iobWithZeroTemp":{"iob":-0.354,"basaliob":-0.354,"bolussnooze":0,"activity":-0.0042,"lastBolusTime":0,"time":"2023-12-20T10:44:56.117Z"}},{"iob":-0.022,"basaliob":-0.022,"bolussnooze":0,"activity":-5.0E-4,"lastBolusTime":0,"time":"2023-12-20T10:49:56.117Z","iobWithZeroTemp":{"iob":-0.354,"basaliob":-0.354,"bolussnooze":0,"activity":-0.0042,"lastBolusTime":0,"time":"2023-12-20T10:49:56.117Z"}},{"iob":-0.019,"basaliob":-0.019,"bolussnooze":0,"activity":-4.0E-4,"lastBolusTime":0,"time":"2023-12-20T10:54:56.117Z","iobWithZeroTemp":{"iob":-0.353,"basaliob":-0.353,"bolussnooze":0,"activity":-0.0042,"lastBolusTime":0,"time":"2023-12-20T10:54:56.117Z"}},{"iob":-0.017,"basaliob":-0.017,"bolussnooze":0,"activity":-4.0E-4,"lastBolusTime":0,"time":"2023-12-20T10:59:56.117Z","iobWithZeroTemp":{"iob":-0.353,"basaliob":-0.353,"bolussnooze":0,"activity":-0.0042,"lastBolusTime":0,"time":"2023-12-20T10:59:56.117Z"}},{"iob":-0.016,"basaliob":-0.016,"bolussnooze":0,"activity":-3.0E-4,"lastBolusTime":0,"time":"2023-12-20T11:04:56.117Z","iobWithZeroTemp":{"iob":-0.358,"basaliob":-0.358,"bolussnooze":0,"activity":-0.0041,"lastBolusTime":0,"time":"2023-12-20T11:04:56.117Z"}},{"iob":-0.014,"basaliob":-0.014,"bolussnooze":0,"activity":-3.0E-4,"lastBolusTime":0,"time":"2023-12-20T11:09:56.117Z","iobWithZeroTemp":{"iob":-0.362,"basaliob":-0.362,"bolussnooze":0,"activity":-0.0042,"lastBolusTime":0,"time":"2023-12-20T11:09:56.117Z"}},{"iob":-0.013,"basaliob":-0.013,"bolussnooze":0,"activity":-3.0E-4,"lastBolusTime":0,"time":"2023-12-20T11:14:56.117Z","iobWithZeroTemp":{"iob":-0.366,"basaliob":-0.366,"bolussnooze":0,"activity":-0.0042,"lastBolusTime":0,"time":"2023-12-20T11:14:56.117Z"}},{"iob":-0.011,"basaliob":-0.011,"bolussnooze":0,"activity":-3.0E-4,"lastBolusTime":0,"time":"2023-12-20T11:19:56.117Z","iobWithZeroTemp":{"iob":-0.369,"basaliob":-0.369,"bolussnooze":0,"activity":-0.0043,"lastBolusTime":0,"time":"2023-12-20T11:19:56.117Z"}},{"iob":-0.01,"basaliob":-0.01,"bolussnooze":0,"activity":-2.0E-4,"lastBolusTime":0,"time":"2023-12-20T11:24:56.117Z","iobWithZeroTemp":{"iob":-0.373,"basaliob":-0.373,"bolussnooze":0,"activity":-0.0043,"lastBolusTime":0,"time":"2023-12-20T11:24:56.117Z"}},{"iob":-0.009,"basaliob":-0.009,"bolussnooze":0,"activity":-2.0E-4,"lastBolusTime":0,"time":"2023-12-20T11:29:56.117Z","iobWithZeroTemp":{"iob":-0.377,"basaliob":-0.377,"bolussnooze":0,"activity":-0.0043,"lastBolusTime":0,"time":"2023-12-20T11:29:56.117Z"}},{"iob":-0.008,"basaliob":-0.008,"bolussnooze":0,"activity":-2.0E-4,"lastBolusTime":0,"time":"2023-12-20T11:34:56.117Z","iobWithZeroTemp":{"iob":-0.38,"basaliob":-0.38,"bolussnooze":0,"activity":-0.0044,"lastBolusTime":0,"time":"2023-12-20T11:34:56.117Z"}},{"iob":-0.007,"basaliob":-0.007,"bolussnooze":0,"activity":-2.0E-4,"lastBolusTime":0,"time":"2023-12-20T11:39:56.117Z","iobWithZeroTemp":{"iob":-0.383,"basaliob":-0.383,"bolussnooze":0,"activity":-0.0044,"lastBolusTime":0,"time":"2023-12-20T11:39:56.117Z"}},{"iob":-0.006,"basaliob":-0.006,"bolussnooze":0,"activity":-2.0E-4,"lastBolusTime":0,"time":"2023-12-20T11:44:56.117Z","iobWithZeroTemp":{"iob":-0.386,"basaliob":-0.386,"bolussnooze":0,"activity":-0.0045,"lastBolusTime":0,"time":"2023-12-20T11:44:56.117Z"}},{"iob":-0.005,"basaliob":-0.005,"bolussnooze":0,"activity":-1.0E-4,"lastBolusTime":0,"time":"2023-12-20T11:49:56.117Z","iobWithZeroTemp":{"iob":-0.388,"basaliob":-0.388,"bolussnooze":0,"activity":-0.0044,"lastBolusTime":0,"time":"2023-12-20T11:49:56.117Z"}},{"iob":-0.005,"basaliob":-0.005,"bolussnooze":0,"activity":-1.0E-4,"lastBolusTime":0,"time":"2023-12-20T11:54:56.117Z","iobWithZeroTemp":{"iob":-0.392,"basaliob":-0.392,"bolussnooze":0,"activity":-0.0045,"lastBolusTime":0,"time":"2023-12-20T11:54:56.117Z"}},{"iob":-0.004,"basaliob":-0.004,"bolussnooze":0,"activity":-1.0E-4,"lastBolusTime":0,"time":"2023-12-20T11:59:56.117Z","iobWithZeroTemp":{"iob":-0.394,"basaliob":-0.394,"bolussnooze":0,"activity":-0.0045,"lastBolusTime":0,"time":"2023-12-20T11:59:56.117Z"}},{"iob":-0.004,"basaliob":-0.004,"bolussnooze":0,"activity":-1.0E-4,"lastBolusTime":0,"time":"2023-12-20T12:04:56.117Z","iobWithZeroTemp":{"iob":-0.397,"basaliob":-0.397,"bolussnooze":0,"activity":-0.0046,"lastBolusTime":0,"time":"2023-12-20T12:04:56.117Z"}},{"iob":-0.003,"basaliob":-0.003,"bolussnooze":0,"activity":-1.0E-4,"lastBolusTime":0,"time":"2023-12-20T12:09:56.117Z","iobWithZeroTemp":{"iob":-0.398,"basaliob":-0.398,"bolussnooze":0,"activity":-0.0046,"lastBolusTime":0,"time":"2023-12-20T12:09:56.117Z"}},{"iob":-0.003,"basaliob":-0.003,"bolussnooze":0,"activity":-1.0E-4,"lastBolusTime":0,"time":"2023-12-20T12:14:56.117Z","iobWithZeroTemp":{"iob":-0.401,"basaliob":-0.401,"bolussnooze":0,"activity":-0.0046,"lastBolusTime":0,"time":"2023-12-20T12:14:56.117Z"}},{"iob":-0.002,"basaliob":-0.002,"bolussnooze":0,"activity":-1.0E-4,"lastBolusTime":0,"time":"2023-12-20T12:19:56.117Z","iobWithZeroTemp":{"iob":-0.402,"basaliob":-0.402,"bolussnooze":0,"activity":-0.0047,"lastBolusTime":0,"time":"2023-12-20T12:19:56.117Z"}},{"iob":-0.002,"basaliob":-0.002,"bolussnooze":0,"activity":-1.0E-4,"lastBolusTime":0,"time":"2023-12-20T12:24:56.117Z","iobWithZeroTemp":{"iob":-0.404,"basaliob":-0.404,"bolussnooze":0,"activity":-0.0047,"lastBolusTime":0,"time":"2023-12-20T12:24:56.117Z"}}],"profile":{"max_iob":10,"type":"current","max_daily_basal":0.4,"max_basal":1.2,"min_bg":90,"max_bg":90,"target_bg":90,"carb_ratio":8.8,"sens":120,"max_daily_safety_multiplier":3,"current_basal_safety_multiplier":4,"lgsThreshold":95,"high_temptarget_raises_sensitivity":true,"low_temptarget_lowers_sensitivity":true,"sensitivity_raises_target":true,"resistance_lowers_target":true,"adv_target_adjustments":false,"exercise_mode":false,"half_basal_exercise_target":160,"maxCOB":120,"skip_neutral_temps":false,"remainingCarbsCap":90,"enableUAM":true,"A52_risk_enable":false,"SMBInterval":5,"enableSMB_with_COB":true,"enableSMB_with_temptarget":true,"allowSMB_with_high_temptarget":false,"enableSMB_always":false,"enableSMB_after_carbs":true,"maxSMBBasalMinutes":30,"maxUAMSMBBasalMinutes":40,"bolus_increment":0.05,"carbsReqThreshold":4,"current_basal":0.35,"temptargetSet":false,"autosens_max":1.3,"autosens_min":0.7,"variable_sens":179.5,"insulinDivisor":75,"TDD":12.624563095238095},"autosens_data":{"ratio":0.7345693903573769},"meal_data":{"carbs":0,"mealCOB":0,"slopeFromMaxDeviation":-0.27199999999999996,"slopeFromMinDeviation":0.4451111111111112,"lastBolusTime":1703025007140,"lastCarbTime":0},"microBolusAllowed":true,"currentTime":1703060996452,"flatBGsDetected":false,"tdd1D":13.533333333333333,"tdd7D":17.272023809523805,"tddLast24H":12.6875,"tddLast4H":1.208333333333333,"tddLast8to4H":1.0291666666666668},"output":{"temp":"absolute","bg":91,"tick":"+0","eventualBG":116,"targetBG":101,"insulinReq":0,"deliverAt":"2023-12-20T08:29:56.452Z","sensitivityRatio":0.7345693903573769,"variable_sens":179.5,"predBGs":{"IOB":[91,91,91,92,92,93,94,95,96,97,99,100,101,102,104,105,106,107,108,108,109,110,110,111,112,112,113,113,113,114,114,114,115,115,115,115,115,116,116,116,116,116,116,116,116,116,116,117],"ZT":[91,92,94,95,97,99,101]},"reason":"COB: 0, Dev: -10, BGI: 1, ISF: 180, CR: 8.8, Target: 101, minPredBG 108, minGuardBG 91, IOBpredBG 117; minGuardBG 91<95","COB":0,"IOB":-0.193,"duration":30,"rate":0,"timestamp":"2023-12-20T08:29:56.466Z"}}