{"algorithm":"OpenAPSSMBDynamicISFPlugin","input":{"glucoseStatus":{"glucose":97,"noise":0,"delta":-3.22,"short_avgdelta":-3.22,"long_avgdelta":-2.51,"date":1703051666000},"currenttemp":{"temp":"absolute","duration":0,"rate":0},"iob_data":[{"iob":-0.093,"basaliob":-0.093,"bolussnooze":0,"activity":1.0E-4,"lastBolusTime":0,"time":"2023-12-20T05:55:01.806Z","iobWithZeroTemp":{"iob":-0.093,"basaliob":-0.093,"bolussnooze":0,"activity":1.0E-4,"lastBolusTime":0,"time":"2023-12-20T05:55:01.806Z"}},{"iob":-0.093,"basaliob":-0.093,"bolussnooze":0,"activity":-1.0E-4,"lastBolusTime":0,"time":"2023-12-20T06:00:01.806Z","iobWithZeroTemp":{"iob":-0.116,"basaliob":-0.116,"bolussnooze":0,"activity":-1.0E-4,"lastBolusTime":0,"time":"2023-12-20T06:00:01.806Z"}},{"iob":-0.092,"basaliob":-0.092,"bolussnooze":0,"activity":-3.0E-4,"lastBolusTime":0,"time":"2023-12-20T06:05:01.806Z","iobWithZeroTemp":{"iob":-0.144,"basaliob":-0.144,"bolussnooze":0,"activity":-4.0E-4,"lastBolusTime":0,"time":"2023-12-20T06:05:01.806Z"}},{"iob":-0.09,"basaliob":-0.09,"bolussnooze":0,"activity":-4.0E-4,"lastBolusTime":0,"time":"2023-12-20T06:10:01.806Z","iobWithZeroTemp":{"iob":-0.171,"basaliob":-0.171,"bolussnooze":0,"activity":-6.0E-4,"lastBolusTime":0,"time":"2023-12-20T06:10:01.806Z"}},{"iob":-0.088,"basaliob":-0.088,"bolussnooze":0,"activity":-6.0E-4,"lastBolusTime":0,"time":"2023-12-20T06:15:01.806Z","iobWithZeroTemp":{"iob":-0.196,"basaliob":-0.196,"bolussnooze":0,"activity":-0.001,"lastBolusTime":0,"time":"2023-12-20T06:15:01.806Z"}},{"iob":-0.085,"basaliob":-0.085,"bolussnooze":0,"activity":-6.0E-4,"lastBolusTime":0,"time":"2023-12-20T06:20:01.806Z","iobWithZeroTemp":{"iob":-0.22,"basaliob":-0.22,"bolussnooze":0,"activity":-0.0012,"lastBolusTime":0,"time":"2023-12-20T06:20:01.806Z"}},{"iob":-0.081,"basaliob":-0.081,"bolussnooze":0,"activity":-7.0E-4,"lastBolusTime":0,"time":"2023-12-20T06:25:01.806Z","iobWithZeroTemp":{"iob":-0.241,"basaliob":-0.241,"bolussnooze":0,"activity":-0.0015,"lastBolusTime":0,"time":"2023-12-20T06:25:01.806Z"}},{"iob":-0.078,"basaliob":-0.078,"bolussnooze":0,"activity":-8.0E-4,"lastBolusTime":0,"time":"2023-12-20T06:30:01.806Z","iobWithZeroTemp":{"iob":-0.263,"basaliob":-0.263,"bolussnooze":0,"activity":-0.0019,"lastBolusTime":0,"time":"2023-12-20T06:30:01.806Z"}},{"iob":-0.074,"basaliob":-0.074,"bolussnooze":0,"activity":-8.0E-4,"lastBolusTime":0,"time":"2023-12-20T06:35:01.806Z","iobWithZeroTemp":{"iob":-0.282,"basaliob":-0.282,"bolussnooze":0,"activity":-0.0021,"lastBolusTime":0,"time":"2023-12-20T06:35:01.806Z"}},{"iob":-0.07,"basaliob":-0.07,"bolussnooze":0,"activity":-8.0E-4,"lastBolusTime":0,"time":"2023-12-20T06:40:01.806Z","iobWithZeroTemp":{"iob":-0.3,"basaliob":-0.3,"bolussnooze":0,"activity":-0.0024,"lastBolusTime":0,"time":"2023-12-20T06:40:01.806Z"}},{"iob":-0.066,"basaliob":-0.066,"bolussnooze":0,"activity":-8.0E-4,"lastBolusTime":0,"time":"2023-12-20T06:45:01.806Z","iobWithZeroTemp":{"iob":-0.317,"basaliob":-0.317,"bolussnooze":0,"activity":-0.0026,"lastBolusTime":0,"time":"2023-12-20T06:45:01.806Z"}},{"iob":-0.062,"basaliob":-0.062,"bolussnooze":0,"activity":-8.0E-4,"lastBolusTime":0,"time":"2023-12-20T06:50:01.806Z","iobWithZeroTemp":{"iob":-0.332,"basaliob":-0.332,"bolussnooze":0,"activity":-0.0029,"lastBolusTime":0,"time":"2023-12-20T06:50:01.806Z"}},{"iob":-0.058,"basaliob":-0.058,"bolussnooze":0,"activity":-8.0E-4,"lastBolusTime":0,"time":"2023-12-20T06:55:01.806Z","iobWithZeroTemp":{"iob":-0.347,"basaliob":-0.347,"bolussnooze":0,"activity":-0.0031,"lastBolusTime":0,"time":"2023-12-20T06:55:01.806Z"}},{"iob":-0.054,"basaliob":-0.054,"bolussnooze":0,"activity":-7.0E-4,"lastBolusTime":0,"time":"2023-12-20T07:00:01.806Z","iobWithZeroTemp":{"iob":-0.36,"basaliob":-0.36,"bolussnooze":0,"activity":-0.0032,"lastBolusTime":0,"time":"2023-12-20T07:00:01.806Z"}},{"iob":-0.051,"basaliob":-0.051,"bolussnooze":0,"activity":-7.0E-4,"lastBolusTime":0,"time":"2023-12-20T07:05:01.806Z","iobWithZeroTemp":{"iob":-0.373,"basaliob":-0.373,"bolussnooze":0,"activity":-0.0035,"lastBolusTime":0,"time":"2023-12-20T07:05:01.806Z"}},{"iob":-0.047,"basaliob":-0.047,"bolussnooze":0,"activity":-7.0E-4,"lastBolusTime":0,"time":"2023-12-20T07:10:01.806Z","iobWithZeroTemp":{"iob":-0.383,"basaliob":-0.383,"bolussnooze":0,"activity":-0.0037,"lastBolusTime":0,"time":"2023-12-20T07:10:01.806Z"}},{"iob":-0.044,"basaliob":-0.044,"bolussnooze":0,"activity":-7.0E-4,"lastBolusTime":0,"time":"2023-12-20T07:15:01.806Z","iobWithZeroTemp":{"iob":-0.394,"basaliob":-0.394,"bolussnooze":0,"activity":-0.0039,"lastBolusTime":0,"time":"2023-12-20T07:15:01.806Z"}},{"iob":-0.041,"basaliob":-0.041,"bolussnooze":0,"activity":-6.0E-4,"lastBolusTime":0,"time":"2023-12-20T07:20:01.806Z","iobWithZeroTemp":{"iob":-0.404,"basaliob":-0.404,"bolussnooze":0,"activity":-0.004,"lastBolusTime":0,"time":"2023-12-20T07:20:01.806Z"}},{"iob":-0.038,"basaliob":-0.038,"bolussnooze":0,"activity":-6.0E-4,"lastBolusTime":0,"time":"2023-12-20T07:25:01.806Z","iobWithZeroTemp":{"iob":-0.413,"basaliob":-0.413,"bolussnooze":0,"activity":-0.0042,"lastBolusTime":0,"time":"2023-12-20T07:25:01.806Z"}},{"iob":-0.035,"basaliob":-0.035,"bolussnooze":0,"activity":-6.0E-4,"lastBolusTime":0,"time":"2023-12-20T07:30:01.806Z","iobWithZeroTemp":{"iob":-0.42,"basaliob":-0.42,"bolussnooze":0,"activity":-0.0044,"lastBolusTime":0,"time":"2023-12-20T07:30:01.806Z"}},{"iob":-0.032,"basaliob":-0.032,"bolussnooze":0,"activity":-5.0E-4,"lastBolusTime":0,"time":"2023-12-20T07:35:01.806Z","iobWithZeroTemp":{"iob":-0.427,"basaliob":-0.427,"bolussnooze":0,"activity":-0.0044,"lastBolusTime":0,"time":"2023-12-20T07:35:01.806Z"}},{"iob":-0.029,"basaliob":-0.029,"bolussnooze":0,"activity":-5.0E-4,"lastBolusTime":0,"time":"2023-12-20T07:40:01.806Z","iobWithZeroTemp":{"iob":-0.434,"basaliob":-0.434,"bolussnooze":0,"activity":-0.0046,"lastBolusTime":0,"time":"2023-12-20T07:40:01.806Z"}},{"iob":-0.027,"basaliob":-0.027,"bolussnooze":0,"activity":-5.0E-4,"lastBolusTime":0,"time":"2023-12-20T07:45:01.806Z","iobWithZeroTemp":{"iob":-0.44,"basaliob":-0.44,"bolussnooze":0,"activity":-0.0047,"lastBolusTime":0,"time":"2023-12-20T07:45:01.806Z"}},{"iob":-0.025,"basaliob":-0.025,"bolussnooze":0,"activity":-4.0E-4,"lastBolusTime":0,"time":"2023-12-20T07:50:01.806Z","iobWithZeroTemp":{"iob":-0.446,"basaliob":-0.446,"bolussnooze":0,"activity":-0.0048,"lastBolusTime":0,"time":"2023-12-20T07:50:01.806Z"}},{"iob":-0.023,"basaliob":-0.023,"bolussnooze":0,"activity":-4.0E-4,"lastBolusTime":0,"time":"2023-12-20T07:55:01.806Z","iobWithZeroTemp":{"iob":-0.451,"basaliob":-0.451,"bolussnooze":0,"activity":-0.0049,"lastBolusTime":0,"time":"2023-12-20T07:55:01.806Z"}},{"iob":-0.021,"basaliob":-0.021,"bolussnooze":0,"activity":-4.0E-4,"lastBolusTime":0,"time":"2023-12-20T08:00:01.806Z","iobWithZeroTemp":{"iob":-0.455,"basaliob":-0.455,"bolussnooze":0,"activity":-0.005,"lastBolusTime":0,"time":"2023-12-20T08:00:01.806Z"}},{"iob":-0.019,"basaliob":-0.019,"bolussnooze":0,"activity":-4.0E-4,"lastBolusTime":0,"time":"2023-12-20T08:05:01.806Z","iobWithZeroTemp":{"iob":-0.459,"basaliob":-0.459,"bolussnooze":0,"activity":-0.0051,"lastBolusTime":0,"time":"2023-12-20T08:05:01.806Z"}},{"iob":-0.017,"basaliob":-0.017,"bolussnooze":0,"activity":-3.0E-4,"lastBolusTime":0,"time":"2023-12-20T08:10:01.806Z","iobWithZeroTemp":{"iob":-0.462,"basaliob":-0.462,"bolussnooze":0,"activity":-0.0051,"lastBolusTime":0,"time":"2023-12-20T08:10:01.806Z"}},{"iob":-0.016,"basaliob":-0.016,"bolussnooze":0,"activity":-3.0E-4,"lastBolusTime":0,"time":"2023-12-20T08:15:01.806Z","iobWithZeroTemp":{"iob":-0.466,"basaliob":-0.466,"bolussnooze":0,"activity":-0.0052,"lastBolusTime":0,"time":"2023-12-20T08:15:01.806Z"}},{"iob":-0.014,"basaliob":-0.014,"bolussnooze":0,"activity":-3.0E-4,"lastBolusTime":0,"time":"2023-12-20T08:20:01.806Z","iobWithZeroTemp":{"iob":-0.469,"basaliob":-0.469,"bolussnooze":0,"activity":-0.0053,"lastBolusTime":0,"time":"2023-12-20T08:20:01.806Z"}},{"iob":-0.013,"basaliob":-0.013,"bolussnooze":0,"activity":-3.0E-4,"lastBolusTime":0,"time":"2023-12-20T08:25:01.806Z","iobWithZeroTemp":{"iob":-0.472,"basaliob":-0.472,"bolussnooze":0,"activity":-0.0054,"lastBolusTime":0,"time":"2023-12-20T08:25:01.806Z"}},{"iob":-0.012,"basaliob":-0.012,"bolussnooze":0,"activity":-2.0E-4,"lastBolusTime":0,"time":"2023-12-20T08:30:01.806Z","iobWithZeroTemp":{"iob":-0.474,"basaliob":-0.474,"bolussnooze":0,"activity":-0.0054,"lastBolusTime":0,"time":"2023-12-20T08:30:01.806Z"}},{"iob":-0.01,"basaliob":-0.01,"bolussnooze":0,"activity":-2.0E-4,"lastBolusTime":0,"time":"2023-12-20T08:35:01.806Z","iobWithZeroTemp":{"iob":-0.475,"basaliob":-0.475,"bolussnooze":0,"activity":-0.0054,"lastBolusTime":0,"time":"2023-12-20T08:35:01.806Z"}},{"iob":-0.009,"basaliob":-0.009,"bolussnooze":0,"activity":-2.0E-4,"lastBolusTime":0,"time":"2023-12-20T08:40:01.806Z","iobWithZeroTemp":{"iob":-0.477,"basaliob":-0.477,"bolussnooze":0,"activity":-0.0055,"lastBolusTime":0,"time":"2023-12-20T08:40:01.806Z"}},{"iob":-0.008,"basaliob":-0.008,"bolussnooze":0,"activity":-2.0E-4,"lastBolusTime":0,"time":"2023-12-20T08:45:01.806Z","iobWithZeroTemp":{"iob":-0.479,"basaliob":-0.479,"bolussnooze":0,"activity":-0.0055,"lastBolusTime":0,"time":"2023-12-20T08:45:01.806Z"}},{"iob":-0.008,"basaliob":-0.008,"bolussnooze":0,"activity":-2.0E-4,"lastBolusTime":0,"time":"2023-12-20T08:50:01.806Z","iobWithZeroTemp":{"iob":-0.481,"basaliob":-0.481,"bolussnooze":0,"activity":-0.0056,"lastBolusTime":0,"time":"2023-12-20T08:50:01.806Z"}},{"iob":-0.007,"basaliob":-0.007,"bolussnooze":0,"activity":-2.0E-4,"lastBolusTime":0,"time":"2023-12-20T08:55:01.806Z","iobWithZeroTemp":{"iob":-0.482,"basaliob":-0.482,"bolussnooze":0,"activity":-0.0056,"lastBolusTime":0,"time":"2023-12-20T08:55:01.806Z"}},{"iob":-0.006,"basaliob":-0.006,"bolussnooze":0,"activity":-1.0E-4,"lastBolusTime":0,"time":"2023-12-20T09:00:01.806Z","iobWithZeroTemp":{"iob":-0.483,"basaliob":-0.483,"bolussnooze":0,"activity":-0.0056,"lastBolusTime":0,"time":"2023-12-20T09:00:01.806Z"}},{"iob":-0.005,"basaliob":-0.005,"bolussnooze":0,"activity":-1.0E-4,"lastBolusTime":0,"time":"2023-12-20T09:05:01.806Z","iobWithZeroTemp":{"iob":-0.476,"basaliob":-0.476,"bolussnooze":0,"activity":-0.0056,"lastBolusTime":0,"time":"2023-12-20T09:05:01.806Z"}},{"iob":-0.005,"basaliob":-0.005,"bolussnooze":0,"activity":-1.0E-4,"lastBolusTime":0,"time":"2023-12-20T09:10:01.806Z","iobWithZeroTemp":{"iob":-0.469,"basaliob":-0.469,"bolussnooze":0,"activity":-0.0056,"lastBolusTime":0,"time":"2023-12-20T09:10:01.806Z"}},{"iob":-0.004,"basaliob":-0.004,"bolussnooze":0,"activity":-1.0E-4,"lastBolusTime":0,"time":"2023-12-20T09:15:01.806Z","iobWithZeroTemp":{"iob":-0.461,"basaliob":-0.461,"bolussnooze":0,"activity":-0.0056,"lastBolusTime":0,"time":"2023-12-20T09:15:01.806Z"}},{"iob":-0.004,"basaliob":-0.004,"bolussnooze":0,"activity":-1.0E-4,"lastBolusTime":0,"time":"2023-12-20T09:20:01.806Z","iobWithZeroTemp":{"iob":-0.455,"basaliob":-0.455,"bolussnooze":0,"activity":-0.0056,"lastBolusTime":0,"time":"2023-12-20T09:20:01.806Z"}},{"iob":-0.003,"basaliob":-0.003,"bolussnooze":0,"activity":-1.0E-4,"lastBolusTime":0,"time":"2023-12-20T09:25:01.806Z","iobWithZeroTemp":{"iob":-0.447,"basaliob":-0.447,"bolussnooze":0,"activity":-0.0056,"lastBolusTime":0,"time":"2023-12-20T09:25:01.806Z"}},{"iob":-0.003,"basaliob":-0.003,"bolussnooze":0,"activity":-1.0E-4,"lastBolusTime":0,"time":"2023-12-20T09:30:01.806Z","iobWithZeroTemp":{"iob":-0.441,"basaliob":-0.441,"bolussnooze":0,"activity":-0.0055,"lastBolusTime":0,"time":"2023-12-20T09:30:01.806Z"}},{"iob":-0.003,"basaliob":-0.003,"bolussnooze":0,"activity":-1.0E-4,"lastBolusTime":0,"time":"2023-12-20T09:35:01.806Z","iobWithZeroTemp":{"iob":-0.435,"basaliob":-0.435,"bolussnooze":0,"activity":-0.0055,"lastBolusTime":0,"time":"2023-12-20T09:35:01.806Z"}},{"iob":-0.002,"basaliob":-0.002,"bolussnooze":0,"activity":-1.0E-4,"lastBolusTime":0,"time":"2023-12-20T09:40:01.806Z","iobWithZeroTemp":{"iob":-0.428,"basaliob":-0.428,"bolussnooze":0,"activity":-0.0054,"lastBolusTime":0,"time":"2023-12-20T09:40:01.806Z"}},{"iob":-0.002,"basaliob":-0.002,"bolussnooze":0,"activity":-1.0E-4,"lastBolusTime":0,"time":"2023-12-20T09:45:01.806Z","iobWithZeroTemp":{"iob":-0.422,"basaliob":-0.422,"bolussnooze":0,"activity":-0.0054,"lastBolusTime":0,"time":"2023-12-20T09:45:01.806Z"}},{"iob":-0.002,"basaliob":-0.002,"bolussnooze":0,"activity":0,"lastBolusTime":0,"time":"2023-12-20T09:50:01.806Z","iobWithZeroTemp":{"iob":-0.417,"basaliob":-0.417,"bolussnooze":0,"activity":-0.0052,"lastBolusTime":0,"time":"2023-12-20T09:50:01.806Z"}}],"profile":{"max_iob":10,"type":"current","max_daily_basal":0.4,"max_basal":1.2,"min_bg":95,"max_bg":95,"target_bg":95,"carb_ratio":8.8,"sens":130,"max_daily_safety_multiplier":3,"current_basal_safety_multiplier":4,"lgsThreshold":95,"high_temptarget_raises_sensitivity":true,"low_temptarget_lowers_sensitivity":true,"sensitivity_raises_target":true,"resistance_lowers_target":true,"adv_target_adjustments":false,"exercise_mode":false,"half_basal_exercise_target":160,"maxCOB":120,"skip_neutral_temps":false,"remainingCarbsCap":90,"enableUAM":true,"A52_risk_enable":false,"SMBInterval":5,"enableSMB_with_COB":true,"enableSMB_with_temptarget":true,"allowSMB_with_high_temptarget":false,"enableSMB_always":false,"enableSMB_after_carbs":true,"maxSMBBasalMinutes":30,"maxUAMSMBBasalMinutes":40,"bolus_increment":0.05,"carbsReqThreshold":4,"current_basal":0.35,"temptargetSet":false,"autosens_max":1.3,"autosens_min":0.7,"variable_sens":166.1,"insulinDivisor":75,"TDD":13.056863095238096},"autosens_data":{"ratio":0.8081469483406282},"meal_data":{"carbs":0,"mealCOB":0,"slopeFromMaxDeviation":-0.2956363636363636,"slopeFromMinDeviation":0.3644,"lastBolusTime":1703025007140,"lastCarbTime":0},"microBolusAllowed":true,"currentTime":1703051703121,"flatBGsDetected":false,"tdd1D":13.533333333333333,"tdd7D":17.272023809523805,"tddLast24H":13.958333333333334,"tddLast4H":1.4041666666666668,"tddLast8to4H":1.3000000000000003},"output":{"temp":"absolute","bg":97,"tick":-3,"eventualBG":97,"targetBG":103,"insulinReq":0,"deliverAt":"2023-12-20T05:55:03.121Z","sensitivityRatio":0.8081469483406282,"variable_sens":166.1,"predBGs":{"IOB":[97,94,92,90,88,87,86,85,85,84,85,85,86,87,87,88,89,89,90,90,91,91,92,92,92,93,93,93,94,94,94,94,95,95,95,95,95,95,95,96],"ZT":[97,97,97,97,98,99,100,101,102]},"reason":"COB: 0, Dev: -15, BGI: 0, ISF: 166, CR: 8.8, Target: 103, minPredBG 90, minGuardBG 84, IOBpredBG 96; minGuardBG 84<95","COB":0,"IOB":-0.093,"duration":30,"rate":0,"timestamp":"2023-12-20T05:55:03.166Z"}}