{"algorithm":"OpenAPSSMBDynamicISFPlugin","input":{"glucoseStatus":{"glucose":104,"noise":0,"delta":-1.39,"short_avgdelta":-1.39,"long_avgdelta":-0.86,"date":1702963464000},"currenttemp":{"temp":"absolute","duration":15,"rate":0,"minutesrunning":15},"iob_data":[{"iob":-0.004,"basaliob":-0.004,"bolussnooze":0,"activity":1.0E-4,"lastBolusTime":0,"time":"2023-12-19T05:24:59.257Z","iobWithZeroTemp":{"iob":-0.004,"basaliob":-0.004,"bolussnooze":0,"activity":1.0E-4,"lastBolusTime":0,"time":"2023-12-19T05:24:59.257Z"}},{"iob":-0.005,"basaliob":-0.005,"bolussnooze":0,"activity":1.0E-4,"lastBolusTime":0,"time":"2023-12-19T05:29:59.257Z","iobWithZeroTemp":{"iob":-0.028,"basaliob":-0.028,"bolussnooze":0,"activity":1.0E-4,"lastBolusTime":0,"time":"2023-12-19T05:29:59.257Z"}},{"iob":-0.005,"basaliob":-0.005,"bolussnooze":0,"activity":1.0E-4,"lastBolusTime":0,"time":"2023-12-19T05:34:59.257Z","iobWithZeroTemp":{"iob":-0.057,"basaliob":-0.057,"bolussnooze":0,"activity":0,"lastBolusTime":0,"time":"2023-12-19T05:34:59.257Z"}},{"iob":-0.006,"basaliob":-0.006,"bolussnooze":0,"activity":0,"lastBolusTime":0,"time":"2023-12-19T05:39:59.257Z","iobWithZeroTemp":{"iob":-0.087,"basaliob":-0.087,"bolussnooze":0,"activity":-2.0E-4,"lastBolusTime":0,"time":"2023-12-19T05:39:59.257Z"}},{"iob":-0.006,"basaliob":-0.006,"bolussnooze":0,"activity":0,"lastBolusTime":0,"time":"2023-12-19T05:44:59.257Z","iobWithZeroTemp":{"iob":-0.114,"basaliob":-0.114,"bolussnooze":0,"activity":-4.0E-4,"lastBolusTime":0,"time":"2023-12-19T05:44:59.257Z"}},{"iob":-0.006,"basaliob":-0.006,"bolussnooze":0,"activity":0,"lastBolusTime":0,"time":"2023-12-19T05:49:59.257Z","iobWithZeroTemp":{"iob":-0.141,"basaliob":-0.141,"bolussnooze":0,"activity":-6.0E-4,"lastBolusTime":0,"time":"2023-12-19T05:49:59.257Z"}},{"iob":-0.006,"basaliob":-0.006,"bolussnooze":0,"activity":0,"lastBolusTime":0,"time":"2023-12-19T05:54:59.257Z","iobWithZeroTemp":{"iob":-0.166,"basaliob":-0.166,"bolussnooze":0,"activity":-8.0E-4,"lastBolusTime":0,"time":"2023-12-19T05:54:59.257Z"}},{"iob":-0.006,"basaliob":-0.006,"bolussnooze":0,"activity":0,"lastBolusTime":0,"time":"2023-12-19T05:59:59.257Z","iobWithZeroTemp":{"iob":-0.191,"basaliob":-0.191,"bolussnooze":0,"activity":-0.0011,"lastBolusTime":0,"time":"2023-12-19T05:59:59.257Z"}},{"iob":-0.005,"basaliob":-0.005,"bolussnooze":0,"activity":0,"lastBolusTime":0,"time":"2023-12-19T06:04:59.257Z","iobWithZeroTemp":{"iob":-0.213,"basaliob":-0.213,"bolussnooze":0,"activity":-0.0013,"lastBolusTime":0,"time":"2023-12-19T06:04:59.257Z"}},{"iob":-0.005,"basaliob":-0.005,"bolussnooze":0,"activity":0,"lastBolusTime":0,"time":"2023-12-19T06:09:59.257Z","iobWithZeroTemp":{"iob":-0.235,"basaliob":-0.235,"bolussnooze":0,"activity":-0.0016,"lastBolusTime":0,"time":"2023-12-19T06:09:59.257Z"}},{"iob":-0.005,"basaliob":-0.005,"bolussnooze":0,"activity":0,"lastBolusTime":0,"time":"2023-12-19T06:14:59.257Z","iobWithZeroTemp":{"iob":-0.256,"basaliob":-0.256,"bolussnooze":0,"activity":-0.0018,"lastBolusTime":0,"time":"2023-12-19T06:14:59.257Z"}},{"iob":-0.005,"basaliob":-0.005,"bolussnooze":0,"activity":0,"lastBolusTime":0,"time":"2023-12-19T06:19:59.257Z","iobWithZeroTemp":{"iob":-0.275,"basaliob":-0.275,"bolussnooze":0,"activity":-0.0021,"lastBolusTime":0,"time":"2023-12-19T06:19:59.257Z"}},{"iob":-0.005,"basaliob":-0.005,"bolussnooze":0,"activity":0,"lastBolusTime":0,"time":"2023-12-19T06:24:59.257Z","iobWithZeroTemp":{"iob":-0.294,"basaliob":-0.294,"bolussnooze":0,"activity":-0.0023,"lastBolusTime":0,"time":"2023-12-19T06:24:59.257Z"}},{"iob":-0.004,"basaliob":-0.004,"bolussnooze":0,"activity":0,"lastBolusTime":0,"time":"2023-12-19T06:29:59.257Z","iobWithZeroTemp":{"iob":-0.31,"basaliob":-0.31,"bolussnooze":0,"activity":-0.0025,"lastBolusTime":0,"time":"2023-12-19T06:29:59.257Z"}},{"iob":-0.004,"basaliob":-0.004,"bolussnooze":0,"activity":0,"lastBolusTime":0,"time":"2023-12-19T06:34:59.257Z","iobWithZeroTemp":{"iob":-0.326,"basaliob":-0.326,"bolussnooze":0,"activity":-0.0028,"lastBolusTime":0,"time":"2023-12-19T06:34:59.257Z"}},{"iob":-0.004,"basaliob":-0.004,"bolussnooze":0,"activity":0,"lastBolusTime":0,"time":"2023-12-19T06:39:59.257Z","iobWithZeroTemp":{"iob":-0.34,"basaliob":-0.34,"bolussnooze":0,"activity":-0.003,"lastBolusTime":0,"time":"2023-12-19T06:39:59.257Z"}},{"iob":-0.004,"basaliob":-0.004,"bolussnooze":0,"activity":0,"lastBolusTime":0,"time":"2023-12-19T06:44:59.257Z","iobWithZeroTemp":{"iob":-0.354,"basaliob":-0.354,"bolussnooze":0,"activity":-0.0032,"lastBolusTime":0,"time":"2023-12-19T06:44:59.257Z"}},{"iob":-0.004,"basaliob":-0.004,"bolussnooze":0,"activity":0,"lastBolusTime":0,"time":"2023-12-19T06:49:59.257Z","iobWithZeroTemp":{"iob":-0.367,"basaliob":-0.367,"bolussnooze":0,"activity":-0.0034,"lastBolusTime":0,"time":"2023-12-19T06:49:59.257Z"}},{"iob":-0.003,"basaliob":-0.003,"bolussnooze":0,"activity":0,"lastBolusTime":0,"time":"2023-12-19T06:54:59.257Z","iobWithZeroTemp":{"iob":-0.378,"basaliob":-0.378,"bolussnooze":0,"activity":-0.0036,"lastBolusTime":0,"time":"2023-12-19T06:54:59.257Z"}},{"iob":-0.003,"basaliob":-0.003,"bolussnooze":0,"activity":0,"lastBolusTime":0,"time":"2023-12-19T06:59:59.257Z","iobWithZeroTemp":{"iob":-0.388,"basaliob":-0.388,"bolussnooze":0,"activity":-0.0038,"lastBolusTime":0,"time":"2023-12-19T06:59:59.257Z"}},{"iob":-0.003,"basaliob":-0.003,"bolussnooze":0,"activity":0,"lastBolusTime":0,"time":"2023-12-19T07:04:59.257Z","iobWithZeroTemp":{"iob":-0.398,"basaliob":-0.398,"bolussnooze":0,"activity":-0.0039,"lastBolusTime":0,"time":"2023-12-19T07:04:59.257Z"}},{"iob":-0.003,"basaliob":-0.003,"bolussnooze":0,"activity":0,"lastBolusTime":0,"time":"2023-12-19T07:09:59.257Z","iobWithZeroTemp":{"iob":-0.408,"basaliob":-0.408,"bolussnooze":0,"activity":-0.0041,"lastBolusTime":0,"time":"2023-12-19T07:09:59.257Z"}},{"iob":-0.002,"basaliob":-0.002,"bolussnooze":0,"activity":0,"lastBolusTime":0,"time":"2023-12-19T07:14:59.257Z","iobWithZeroTemp":{"iob":-0.415,"basaliob":-0.415,"bolussnooze":0,"activity":-0.0042,"lastBolusTime":0,"time":"2023-12-19T07:14:59.257Z"}},{"iob":-0.002,"basaliob":-0.002,"bolussnooze":0,"activity":0,"lastBolusTime":0,"time":"2023-12-19T07:19:59.257Z","iobWithZeroTemp":{"iob":-0.423,"basaliob":-0.423,"bolussnooze":0,"activity":-0.0044,"lastBolusTime":0,"time":"2023-12-19T07:19:59.257Z"}},{"iob":-0.002,"basaliob":-0.002,"bolussnooze":0,"activity":0,"lastBolusTime":0,"time":"2023-12-19T07:24:59.257Z","iobWithZeroTemp":{"iob":-0.43,"basaliob":-0.43,"bolussnooze":0,"activity":-0.0045,"lastBolusTime":0,"time":"2023-12-19T07:24:59.257Z"}},{"iob":-0.002,"basaliob":-0.002,"bolussnooze":0,"activity":0,"lastBolusTime":0,"time":"2023-12-19T07:29:59.257Z","iobWithZeroTemp":{"iob":-0.436,"basaliob":-0.436,"bolussnooze":0,"activity":-0.0046,"lastBolusTime":0,"time":"2023-12-19T07:29:59.257Z"}},{"iob":-0.002,"basaliob":-0.002,"bolussnooze":0,"activity":0,"lastBolusTime":0,"time":"2023-12-19T07:34:59.257Z","iobWithZeroTemp":{"iob":-0.442,"basaliob":-0.442,"bolussnooze":0,"activity":-0.0047,"lastBolusTime":0,"time":"2023-12-19T07:34:59.257Z"}},{"iob":-0.002,"basaliob":-0.002,"bolussnooze":0,"activity":0,"lastBolusTime":0,"time":"2023-12-19T07:39:59.257Z","iobWithZeroTemp":{"iob":-0.447,"basaliob":-0.447,"bolussnooze":0,"activity":-0.0048,"lastBolusTime":0,"time":"2023-12-19T07:39:59.257Z"}},{"iob":-0.001,"basaliob":-0.001,"bolussnooze":0,"activity":0,"lastBolusTime":0,"time":"2023-12-19T07:44:59.257Z","iobWithZeroTemp":{"iob":-0.451,"basaliob":-0.451,"bolussnooze":0,"activity":-0.0049,"lastBolusTime":0,"time":"2023-12-19T07:44:59.257Z"}},{"iob":-0.001,"basaliob":-0.001,"bolussnooze":0,"activity":0,"lastBolusTime":0,"time":"2023-12-19T07:49:59.257Z","iobWithZeroTemp":{"iob":-0.456,"basaliob":-0.456,"bolussnooze":0,"activity":-0.005,"lastBolusTime":0,"time":"2023-12-19T07:49:59.257Z"}},{"iob":-0.001,"basaliob":-0.001,"bolussnooze":0,"activity":0,"lastBolusTime":0,"time":"2023-12-19T07:54:59.257Z","iobWithZeroTemp":{"iob":-0.46,"basaliob":-0.46,"bolussnooze":0,"activity":-0.0051,"lastBolusTime":0,"time":"2023-12-19T07:54:59.257Z"}},{"iob":-0.001,"basaliob":-0.001,"bolussnooze":0,"activity":0,"lastBolusTime":0,"time":"2023-12-19T07:59:59.257Z","iobWithZeroTemp":{"iob":-0.463,"basaliob":-0.463,"bolussnooze":0,"activity":-0.0052,"lastBolusTime":0,"time":"2023-12-19T07:59:59.257Z"}},{"iob":-0.001,"basaliob":-0.001,"bolussnooze":0,"activity":0,"lastBolusTime":0,"time":"2023-12-19T08:04:59.257Z","iobWithZeroTemp":{"iob":-0.466,"basaliob":-0.466,"bolussnooze":0,"activity":-0.0052,"lastBolusTime":0,"time":"2023-12-19T08:04:59.257Z"}},{"iob":-0.001,"basaliob":-0.001,"bolussnooze":0,"activity":0,"lastBolusTime":0,"time":"2023-12-19T08:09:59.257Z","iobWithZeroTemp":{"iob":-0.469,"basaliob":-0.469,"bolussnooze":0,"activity":-0.0053,"lastBolusTime":0,"time":"2023-12-19T08:09:59.257Z"}},{"iob":-0.001,"basaliob":-0.001,"bolussnooze":0,"activity":0,"lastBolusTime":0,"time":"2023-12-19T08:14:59.257Z","iobWithZeroTemp":{"iob":-0.472,"basaliob":-0.472,"bolussnooze":0,"activity":-0.0053,"lastBolusTime":0,"time":"2023-12-19T08:14:59.257Z"}},{"iob":-0.001,"basaliob":-0.001,"bolussnooze":0,"activity":0,"lastBolusTime":0,"time":"2023-12-19T08:19:59.257Z","iobWithZeroTemp":{"iob":-0.474,"basaliob":-0.474,"bolussnooze":0,"activity":-0.0054,"lastBolusTime":0,"time":"2023-12-19T08:19:59.257Z"}},{"iob":-0.001,"basaliob":-0.001,"bolussnooze":0,"activity":0,"lastBolusTime":0,"time":"2023-12-19T08:24:59.257Z","iobWithZeroTemp":{"iob":-0.476,"basaliob":-0.476,"bolussnooze":0,"activity":-0.0054,"lastBolusTime":0,"time":"2023-12-19T08:24:59.257Z"}},{"iob":-0.001,"basaliob":-0.001,"bolussnooze":0,"activity":0,"lastBolusTime":0,"time":"2023-12-19T08:29:59.257Z","iobWithZeroTemp":{"iob":-0.478,"basaliob":-0.478,"bolussnooze":0,"activity":-0.0055,"lastBolusTime":0,"time":"2023-12-19T08:29:59.257Z"}},{"iob":0,"basaliob":0,"bolussnooze":0,"activity":0,"lastBolusTime":0,"time":"2023-12-19T08:34:59.257Z","iobWithZeroTemp":{"iob":-0.479,"basaliob":-0.479,"bolussnooze":0,"activity":-0.0055,"lastBolusTime":0,"time":"2023-12-19T08:34:59.257Z"}},{"iob":0,"basaliob":0,"bolussnooze":0,"activity":0,"lastBolusTime":0,"time":"2023-12-19T08:39:59.257Z","iobWithZeroTemp":{"iob":-0.48,"basaliob":-0.48,"bolussnooze":0,"activity":-0.0056,"lastBolusTime":0,"time":"2023-12-19T08:39:59.257Z"}},{"iob":0,"basaliob":0,"bolussnooze":0,"activity":0,"lastBolusTime":0,"time":"2023-12-19T08:44:59.257Z","iobWithZeroTemp":{"iob":-0.482,"basaliob":-0.482,"bolussnooze":0,"activity":-0.0056,"lastBolusTime":0,"time":"2023-12-19T08:44:59.257Z"}},{"iob":0,"basaliob":0,"bolussnooze":0,"activity":0,"lastBolusTime":0,"time":"2023-12-19T08:49:59.257Z","iobWithZeroTemp":{"iob":-0.483,"basaliob":-0.483,"bolussnooze":0,"activity":-0.0056,"lastBolusTime":0,"time":"2023-12-19T08:49:59.257Z"}},{"iob":0,"basaliob":0,"bolussnooze":0,"activity":0,"lastBolusTime":0,"time":"2023-12-19T08:54:59.257Z","iobWithZeroTemp":{"iob":-0.484,"basaliob":-0.484,"bolussnooze":0,"activity":-0.0056,"lastBolusTime":0,"time":"2023-12-19T08:54:59.257Z"}},{"iob":0,"basaliob":0,"bolussnooze":0,"activity":0,"lastBolusTime":0,"time":"2023-12-19T08:59:59.257Z","iobWithZeroTemp":{"iob":-0.485,"basaliob":-0.485,"bolussnooze":0,"activity":-0.0057,"lastBolusTime":0,"time":"2023-12-19T08:59:59.257Z"}},{"iob":0,"basaliob":0,"bolussnooze":0,"activity":0,"lastBolusTime":0,"time":"2023-12-19T09:04:59.257Z","iobWithZeroTemp":{"iob":-0.478,"basaliob":-0.478,"bolussnooze":0,"activity":-0.0057,"lastBolusTime":0,"time":"2023-12-19T09:04:59.257Z"}},{"iob":0,"basaliob":0,"bolussnooze":0,"activity":0,"lastBolusTime":0,"time":"2023-12-19T09:09:59.257Z","iobWithZeroTemp":{"iob":-0.47,"basaliob":-0.47,"bolussnooze":0,"activity":-0.0057,"lastBolusTime":0,"time":"2023-12-19T09:09:59.257Z"}},{"iob":0,"basaliob":0,"bolussnooze":0,"activity":0,"lastBolusTime":0,"time":"2023-12-19T09:14:59.257Z","iobWithZeroTemp":{"iob":-0.463,"basaliob":-0.463,"bolussnooze":0,"activity":-0.0056,"lastBolusTime":0,"time":"2023-12-19T09:14:59.257Z"}},{"iob":0,"basaliob":0,"bolussnooze":0,"activity":0,"lastBolusTime":0,"time":"2023-12-19T09:19:59.257Z","iobWithZeroTemp":{"iob":-0.455,"basaliob":-0.455,"bolussnooze":0,"activity":-0.0056,"lastBolusTime":0,"time":"2023-12-19T09:19:59.257Z"}}],"profile":{"max_iob":10,"type":"current","max_daily_basal":0.4,"max_basal":1.2,"min_bg":95,"max_bg":95,"target_bg":95,"carb_ratio":8.8,"sens":130,"max_daily_safety_multiplier":3,"current_basal_safety_multiplier":4,"lgsThreshold":95,"high_temptarget_raises_sensitivity":true,"low_temptarget_lowers_sensitivity":true,"sensitivity_raises_target":true,"resistance_lowers_target":true,"adv_target_adjustments":false,"exercise_mode":false,"half_basal_exercise_target":160,"maxCOB":120,"skip_neutral_temps":false,"remainingCarbsCap":90,"enableUAM":true,"A52_risk_enable":false,"SMBInterval":5,"enableSMB_with_COB":true,"enableSMB_with_temptarget":true,"allowSMB_with_high_temptarget":false,"enableSMB_always":false,"enableSMB_after_carbs":true,"maxSMBBasalMinutes":30,"maxUAMSMBBasalMinutes":40,"bolus_increment":0.05,"carbsReqThreshold":4,"current_basal":0.35,"temptargetSet":false,"autosens_max":1.3,"autosens_min":0.7,"variable_sens":144.2,"insulinDivisor":75,"TDD":14.353935714285711},"autosens_data":{"ratio":0.8291662905797752},"meal_data":{"carbs":0,"mealCOB":0,"slopeFromMaxDeviation":-1.3576666666666661,"slopeFromMinDeviation":0,"lastBolusTime":1702935600626,"lastCarbTime":0},"microBolusAllowed":true,"currentTime":1702963500691,"flatBGsDetected":false,"tdd1D":16.220833333333324,"tdd7D":19.783928571428568,"tddLast24H":16.404166666666658,"tddLast4H":1.3250000000000002,"tddLast8to4H":0.7374999999999999},"output":{"temp":"absolute","bg":104,"tick":-1,"eventualBG":100,"targetBG":102,"insulinReq":0,"deliverAt":"2023-12-19T05:25:00.691Z","sensitivityRatio":0.8291662905797752,"variable_sens":144.2,"predBGs":{"IOB":[104,103,102,101,100,99,98,98,97,97,97,97,97],"ZT":[104,104,104,104,104,104,105,105]},"reason":"COB: 0, Dev: -5, BGI: 0, ISF: 144, CR: 8.8, Target: 102, minPredBG 101, minGuardBG 97, IOBpredBG 97; Eventual BG 100 < 102, temp 0 ~< req 0.23U\/hr. ","COB":0,"IOB":-0.004,"timestamp":"2023-12-19T05:25:00.722Z"}}