{"algorithm":"OpenAPSSMBDynamicISFPlugin","input":{"glucoseStatus":{"glucose":109,"noise":0,"delta":1.39,"short_avgdelta":1.39,"long_avgdelta":1.74,"date":1702897161000},"currenttemp":{"temp":"absolute","duration":15,"rate":0.6,"minutesrunning":15},"iob_data":[{"iob":0.087,"basaliob":0.034,"bolussnooze":0,"activity":6.0E-4,"lastBolusTime":1702886858822,"time":"2023-12-18T10:59:47.266Z","iobWithZeroTemp":{"iob":0.087,"basaliob":0.034,"bolussnooze":0,"activity":6.0E-4,"lastBolusTime":1702886858822,"time":"2023-12-18T10:59:47.266Z"}},{"iob":0.085,"basaliob":0.038,"bolussnooze":0,"activity":7.0E-4,"lastBolusTime":1702886858822,"time":"2023-12-18T11:04:47.266Z","iobWithZeroTemp":{"iob":0.065,"basaliob":0.018,"bolussnooze":0,"activity":7.0E-4,"lastBolusTime":1702886858822,"time":"2023-12-18T11:04:47.266Z"}},{"iob":0.081,"basaliob":0.04,"bolussnooze":0,"activity":7.0E-4,"lastBolusTime":1702886858822,"time":"2023-12-18T11:09:47.266Z","iobWithZeroTemp":{"iob":0.036,"basaliob":-0.005,"bolussnooze":0,"activity":6.0E-4,"lastBolusTime":1702886858822,"time":"2023-12-18T11:09:47.266Z"}},{"iob":0.076,"basaliob":0.041,"bolussnooze":0,"activity":8.0E-4,"lastBolusTime":1702886858822,"time":"2023-12-18T11:14:47.266Z","iobWithZeroTemp":{"iob":0.007,"basaliob":-0.028,"bolussnooze":0,"activity":6.0E-4,"lastBolusTime":1702886858822,"time":"2023-12-18T11:14:47.266Z"}},{"iob":0.073,"basaliob":0.042,"bolussnooze":0,"activity":8.0E-4,"lastBolusTime":1702886858822,"time":"2023-12-18T11:19:47.266Z","iobWithZeroTemp":{"iob":-0.02,"basaliob":-0.051,"bolussnooze":0,"activity":4.0E-4,"lastBolusTime":1702886858822,"time":"2023-12-18T11:19:47.266Z"}},{"iob":0.069,"basaliob":0.042,"bolussnooze":0,"activity":8.0E-4,"lastBolusTime":1702886858822,"time":"2023-12-18T11:24:47.266Z","iobWithZeroTemp":{"iob":-0.046,"basaliob":-0.073,"bolussnooze":0,"activity":3.0E-4,"lastBolusTime":1702886858822,"time":"2023-12-18T11:24:47.266Z"}},{"iob":0.065,"basaliob":0.042,"bolussnooze":0,"activity":8.0E-4,"lastBolusTime":1702886858822,"time":"2023-12-18T11:29:47.266Z","iobWithZeroTemp":{"iob":-0.072,"basaliob":-0.095,"bolussnooze":0,"activity":1.0E-4,"lastBolusTime":1702886858822,"time":"2023-12-18T11:29:47.266Z"}},{"iob":0.061,"basaliob":0.041,"bolussnooze":0,"activity":8.0E-4,"lastBolusTime":1702886858822,"time":"2023-12-18T11:34:47.266Z","iobWithZeroTemp":{"iob":-0.097,"basaliob":-0.117,"bolussnooze":0,"activity":-1.0E-4,"lastBolusTime":1702886858822,"time":"2023-12-18T11:34:47.266Z"}},{"iob":0.057,"basaliob":0.04,"bolussnooze":0,"activity":7.0E-4,"lastBolusTime":1702886858822,"time":"2023-12-18T11:39:47.266Z","iobWithZeroTemp":{"iob":-0.121,"basaliob":-0.138,"bolussnooze":0,"activity":-4.0E-4,"lastBolusTime":1702886858822,"time":"2023-12-18T11:39:47.266Z"}},{"iob":0.052,"basaliob":0.038,"bolussnooze":0,"activity":8.0E-4,"lastBolusTime":1702886858822,"time":"2023-12-18T11:44:47.266Z","iobWithZeroTemp":{"iob":-0.145,"basaliob":-0.159,"bolussnooze":0,"activity":-5.0E-4,"lastBolusTime":1702886858822,"time":"2023-12-18T11:44:47.266Z"}},{"iob":0.049,"basaliob":0.037,"bolussnooze":0,"activity":7.0E-4,"lastBolusTime":1702886858822,"time":"2023-12-18T11:49:47.266Z","iobWithZeroTemp":{"iob":-0.166,"basaliob":-0.178,"bolussnooze":0,"activity":-9.0E-4,"lastBolusTime":1702886858822,"time":"2023-12-18T11:49:47.266Z"}},{"iob":0.045,"basaliob":0.035,"bolussnooze":0,"activity":7.0E-4,"lastBolusTime":1702886858822,"time":"2023-12-18T11:54:47.266Z","iobWithZeroTemp":{"iob":-0.187,"basaliob":-0.197,"bolussnooze":0,"activity":-0.0011,"lastBolusTime":1702886858822,"time":"2023-12-18T11:54:47.266Z"}},{"iob":0.043,"basaliob":0.034,"bolussnooze":0,"activity":6.0E-4,"lastBolusTime":1702886858822,"time":"2023-12-18T11:59:47.266Z","iobWithZeroTemp":{"iob":-0.204,"basaliob":-0.213,"bolussnooze":0,"activity":-0.0014,"lastBolusTime":1702886858822,"time":"2023-12-18T11:59:47.266Z"}},{"iob":0.039,"basaliob":0.032,"bolussnooze":0,"activity":6.0E-4,"lastBolusTime":1702886858822,"time":"2023-12-18T12:04:47.266Z","iobWithZeroTemp":{"iob":-0.223,"basaliob":-0.23,"bolussnooze":0,"activity":-0.0016,"lastBolusTime":1702886858822,"time":"2023-12-18T12:04:47.266Z"}},{"iob":0.036,"basaliob":0.03,"bolussnooze":0,"activity":5.0E-4,"lastBolusTime":1702886858822,"time":"2023-12-18T12:09:47.266Z","iobWithZeroTemp":{"iob":-0.24,"basaliob":-0.246,"bolussnooze":0,"activity":-0.0019,"lastBolusTime":1702886858822,"time":"2023-12-18T12:09:47.266Z"}},{"iob":0.034,"basaliob":0.029,"bolussnooze":0,"activity":5.0E-4,"lastBolusTime":1702886858822,"time":"2023-12-18T12:14:47.266Z","iobWithZeroTemp":{"iob":-0.254,"basaliob":-0.259,"bolussnooze":0,"activity":-0.0021,"lastBolusTime":1702886858822,"time":"2023-12-18T12:14:47.266Z"}},{"iob":0.031,"basaliob":0.027,"bolussnooze":0,"activity":5.0E-4,"lastBolusTime":1702886858822,"time":"2023-12-18T12:19:47.266Z","iobWithZeroTemp":{"iob":-0.269,"basaliob":-0.273,"bolussnooze":0,"activity":-0.0022,"lastBolusTime":1702886858822,"time":"2023-12-18T12:19:47.266Z"}},{"iob":0.028,"basaliob":0.025,"bolussnooze":0,"activity":4.0E-4,"lastBolusTime":1702886858822,"time":"2023-12-18T12:24:47.266Z","iobWithZeroTemp":{"iob":-0.283,"basaliob":-0.286,"bolussnooze":0,"activity":-0.0025,"lastBolusTime":1702886858822,"time":"2023-12-18T12:24:47.266Z"}},{"iob":0.026,"basaliob":0.023,"bolussnooze":0,"activity":4.0E-4,"lastBolusTime":1702886858822,"time":"2023-12-18T12:29:47.266Z","iobWithZeroTemp":{"iob":-0.295,"basaliob":-0.298,"bolussnooze":0,"activity":-0.0027,"lastBolusTime":1702886858822,"time":"2023-12-18T12:29:47.266Z"}},{"iob":0.024,"basaliob":0.022,"bolussnooze":0,"activity":4.0E-4,"lastBolusTime":1702886858822,"time":"2023-12-18T12:34:47.266Z","iobWithZeroTemp":{"iob":-0.306,"basaliob":-0.308,"bolussnooze":0,"activity":-0.0028,"lastBolusTime":1702886858822,"time":"2023-12-18T12:34:47.266Z"}},{"iob":0.022,"basaliob":0.02,"bolussnooze":0,"activity":4.0E-4,"lastBolusTime":1702886858822,"time":"2023-12-18T12:39:47.266Z","iobWithZeroTemp":{"iob":-0.317,"basaliob":-0.319,"bolussnooze":0,"activity":-0.003,"lastBolusTime":1702886858822,"time":"2023-12-18T12:39:47.266Z"}},{"iob":0.02,"basaliob":0.019,"bolussnooze":0,"activity":4.0E-4,"lastBolusTime":1702886858822,"time":"2023-12-18T12:44:47.266Z","iobWithZeroTemp":{"iob":-0.327,"basaliob":-0.328,"bolussnooze":0,"activity":-0.0031,"lastBolusTime":1702886858822,"time":"2023-12-18T12:44:47.266Z"}},{"iob":0.019,"basaliob":0.018,"bolussnooze":0,"activity":4.0E-4,"lastBolusTime":1702886858822,"time":"2023-12-18T12:49:47.266Z","iobWithZeroTemp":{"iob":-0.335,"basaliob":-0.336,"bolussnooze":0,"activity":-0.0032,"lastBolusTime":1702886858822,"time":"2023-12-18T12:49:47.266Z"}},{"iob":0.017,"basaliob":0.016,"bolussnooze":0,"activity":3.0E-4,"lastBolusTime":1702886858822,"time":"2023-12-18T12:54:47.266Z","iobWithZeroTemp":{"iob":-0.344,"basaliob":-0.345,"bolussnooze":0,"activity":-0.0034,"lastBolusTime":1702886858822,"time":"2023-12-18T12:54:47.266Z"}},{"iob":0.016,"basaliob":0.015,"bolussnooze":0,"activity":2.0E-4,"lastBolusTime":1702886858822,"time":"2023-12-18T12:59:47.266Z","iobWithZeroTemp":{"iob":-0.351,"basaliob":-0.352,"bolussnooze":0,"activity":-0.0037,"lastBolusTime":1702886858822,"time":"2023-12-18T12:59:47.266Z"}},{"iob":0.015,"basaliob":0.014,"bolussnooze":0,"activity":2.0E-4,"lastBolusTime":1702886858822,"time":"2023-12-18T13:04:47.266Z","iobWithZeroTemp":{"iob":-0.357,"basaliob":-0.358,"bolussnooze":0,"activity":-0.0038,"lastBolusTime":1702886858822,"time":"2023-12-18T13:04:47.266Z"}},{"iob":0.013,"basaliob":0.013,"bolussnooze":0,"activity":2.0E-4,"lastBolusTime":1702886858822,"time":"2023-12-18T13:09:47.266Z","iobWithZeroTemp":{"iob":-0.364,"basaliob":-0.364,"bolussnooze":0,"activity":-0.0038,"lastBolusTime":1702886858822,"time":"2023-12-18T13:09:47.266Z"}},{"iob":0.012,"basaliob":0.012,"bolussnooze":0,"activity":2.0E-4,"lastBolusTime":1702886858822,"time":"2023-12-18T13:14:47.266Z","iobWithZeroTemp":{"iob":-0.37,"basaliob":-0.37,"bolussnooze":0,"activity":-0.0039,"lastBolusTime":1702886858822,"time":"2023-12-18T13:14:47.266Z"}},{"iob":0.011,"basaliob":0.011,"bolussnooze":0,"activity":2.0E-4,"lastBolusTime":1702886858822,"time":"2023-12-18T13:19:47.266Z","iobWithZeroTemp":{"iob":-0.375,"basaliob":-0.375,"bolussnooze":0,"activity":-0.004,"lastBolusTime":1702886858822,"time":"2023-12-18T13:19:47.266Z"}},{"iob":0.01,"basaliob":0.01,"bolussnooze":0,"activity":2.0E-4,"lastBolusTime":1702886858822,"time":"2023-12-18T13:24:47.266Z","iobWithZeroTemp":{"iob":-0.38,"basaliob":-0.38,"bolussnooze":0,"activity":-0.0041,"lastBolusTime":1702886858822,"time":"2023-12-18T13:24:47.266Z"}},{"iob":0.009,"basaliob":0.009,"bolussnooze":0,"activity":2.0E-4,"lastBolusTime":1702886858822,"time":"2023-12-18T13:29:47.266Z","iobWithZeroTemp":{"iob":-0.384,"basaliob":-0.384,"bolussnooze":0,"activity":-0.0042,"lastBolusTime":1702886858822,"time":"2023-12-18T13:29:47.266Z"}},{"iob":0.008,"basaliob":0.008,"bolussnooze":0,"activity":2.0E-4,"lastBolusTime":1702886858822,"time":"2023-12-18T13:34:47.266Z","iobWithZeroTemp":{"iob":-0.388,"basaliob":-0.388,"bolussnooze":0,"activity":-0.0042,"lastBolusTime":1702886858822,"time":"2023-12-18T13:34:47.266Z"}},{"iob":0.007,"basaliob":0.007,"bolussnooze":0,"activity":1.0E-4,"lastBolusTime":1702886858822,"time":"2023-12-18T13:39:47.266Z","iobWithZeroTemp":{"iob":-0.392,"basaliob":-0.392,"bolussnooze":0,"activity":-0.0044,"lastBolusTime":1702886858822,"time":"2023-12-18T13:39:47.266Z"}},{"iob":0.007,"basaliob":0.007,"bolussnooze":0,"activity":1.0E-4,"lastBolusTime":1702886858822,"time":"2023-12-18T13:44:47.266Z","iobWithZeroTemp":{"iob":-0.394,"basaliob":-0.394,"bolussnooze":0,"activity":-0.0044,"lastBolusTime":1702886858822,"time":"2023-12-18T13:44:47.266Z"}},{"iob":0.006,"basaliob":0.006,"bolussnooze":0,"activity":1.0E-4,"lastBolusTime":1702886858822,"time":"2023-12-18T13:49:47.266Z","iobWithZeroTemp":{"iob":-0.398,"basaliob":-0.398,"bolussnooze":0,"activity":-0.0045,"lastBolusTime":1702886858822,"time":"2023-12-18T13:49:47.266Z"}},{"iob":0.005,"basaliob":0.005,"bolussnooze":0,"activity":1.0E-4,"lastBolusTime":1702886858822,"time":"2023-12-18T13:54:47.266Z","iobWithZeroTemp":{"iob":-0.401,"basaliob":-0.401,"bolussnooze":0,"activity":-0.0045,"lastBolusTime":1702886858822,"time":"2023-12-18T13:54:47.266Z"}},{"iob":0.005,"basaliob":0.005,"bolussnooze":0,"activity":1.0E-4,"lastBolusTime":1702886858822,"time":"2023-12-18T13:59:47.266Z","iobWithZeroTemp":{"iob":-0.402,"basaliob":-0.402,"bolussnooze":0,"activity":-0.0046,"lastBolusTime":1702886858822,"time":"2023-12-18T13:59:47.266Z"}},{"iob":0.004,"basaliob":0.004,"bolussnooze":0,"activity":1.0E-4,"lastBolusTime":1702886858822,"time":"2023-12-18T14:04:47.266Z","iobWithZeroTemp":{"iob":-0.389,"basaliob":-0.389,"bolussnooze":0,"activity":-0.0046,"lastBolusTime":1702886858822,"time":"2023-12-18T14:04:47.266Z"}},{"iob":0.004,"basaliob":0.004,"bolussnooze":0,"activity":1.0E-4,"lastBolusTime":0,"time":"2023-12-18T14:09:47.266Z","iobWithZeroTemp":{"iob":-0.374,"basaliob":-0.374,"bolussnooze":0,"activity":-0.0046,"lastBolusTime":0,"time":"2023-12-18T14:09:47.266Z"}},{"iob":0.003,"basaliob":0.003,"bolussnooze":0,"activity":1.0E-4,"lastBolusTime":0,"time":"2023-12-18T14:14:47.266Z","iobWithZeroTemp":{"iob":-0.36,"basaliob":-0.36,"bolussnooze":0,"activity":-0.0045,"lastBolusTime":0,"time":"2023-12-18T14:14:47.266Z"}},{"iob":0.003,"basaliob":0.003,"bolussnooze":0,"activity":1.0E-4,"lastBolusTime":0,"time":"2023-12-18T14:19:47.266Z","iobWithZeroTemp":{"iob":-0.345,"basaliob":-0.345,"bolussnooze":0,"activity":-0.0044,"lastBolusTime":0,"time":"2023-12-18T14:19:47.266Z"}},{"iob":0.003,"basaliob":0.003,"bolussnooze":0,"activity":1.0E-4,"lastBolusTime":0,"time":"2023-12-18T14:24:47.266Z","iobWithZeroTemp":{"iob":-0.331,"basaliob":-0.331,"bolussnooze":0,"activity":-0.0043,"lastBolusTime":0,"time":"2023-12-18T14:24:47.266Z"}},{"iob":0.002,"basaliob":0.002,"bolussnooze":0,"activity":1.0E-4,"lastBolusTime":0,"time":"2023-12-18T14:29:47.266Z","iobWithZeroTemp":{"iob":-0.319,"basaliob":-0.319,"bolussnooze":0,"activity":-0.0042,"lastBolusTime":0,"time":"2023-12-18T14:29:47.266Z"}},{"iob":0.002,"basaliob":0.002,"bolussnooze":0,"activity":1.0E-4,"lastBolusTime":0,"time":"2023-12-18T14:34:47.266Z","iobWithZeroTemp":{"iob":-0.306,"basaliob":-0.306,"bolussnooze":0,"activity":-0.0041,"lastBolusTime":0,"time":"2023-12-18T14:34:47.266Z"}},{"iob":0.002,"basaliob":0.002,"bolussnooze":0,"activity":1.0E-4,"lastBolusTime":0,"time":"2023-12-18T14:39:47.266Z","iobWithZeroTemp":{"iob":-0.293,"basaliob":-0.293,"bolussnooze":0,"activity":-0.004,"lastBolusTime":0,"time":"2023-12-18T14:39:47.266Z"}},{"iob":0.002,"basaliob":0.002,"bolussnooze":0,"activity":0,"lastBolusTime":0,"time":"2023-12-18T14:44:47.266Z","iobWithZeroTemp":{"iob":-0.282,"basaliob":-0.282,"bolussnooze":0,"activity":-0.004,"lastBolusTime":0,"time":"2023-12-18T14:44:47.266Z"}},{"iob":0.001,"basaliob":0.001,"bolussnooze":0,"activity":0,"lastBolusTime":0,"time":"2023-12-18T14:49:47.266Z","iobWithZeroTemp":{"iob":-0.271,"basaliob":-0.271,"bolussnooze":0,"activity":-0.0038,"lastBolusTime":0,"time":"2023-12-18T14:49:47.266Z"}},{"iob":0.001,"basaliob":0.001,"bolussnooze":0,"activity":0,"lastBolusTime":0,"time":"2023-12-18T14:54:47.266Z","iobWithZeroTemp":{"iob":-0.261,"basaliob":-0.261,"bolussnooze":0,"activity":-0.0037,"lastBolusTime":0,"time":"2023-12-18T14:54:47.266Z"}}],"profile":{"max_iob":10,"type":"current","max_daily_basal":0.4,"max_basal":1,"min_bg":90,"max_bg":90,"target_bg":90,"carb_ratio":8.5,"sens":120,"max_daily_safety_multiplier":3,"current_basal_safety_multiplier":4,"lgsThreshold":95,"high_temptarget_raises_sensitivity":true,"low_temptarget_lowers_sensitivity":true,"sensitivity_raises_target":true,"resistance_lowers_target":true,"adv_target_adjustments":false,"exercise_mode":false,"half_basal_exercise_target":160,"maxCOB":120,"skip_neutral_temps":false,"remainingCarbsCap":90,"enableUAM":true,"A52_risk_enable":false,"SMBInterval":6,"enableSMB_with_COB":true,"enableSMB_with_temptarget":true,"allowSMB_with_high_temptarget":false,"enableSMB_always":false,"enableSMB_after_carbs":true,"maxSMBBasalMinutes":30,"maxUAMSMBBasalMinutes":40,"bolus_increment":0.05,"carbsReqThreshold":4,"current_basal":0.25,"temptargetSet":false,"autosens_max":1.3,"autosens_min":0.7,"variable_sens":119.4,"insulinDivisor":75,"TDD":16.797908333333332},"autosens_data":{"ratio":0.7978701363278496},"meal_data":{"carbs":0,"mealCOB":0,"slopeFromMaxDeviation":-0.030000000000000027,"slopeFromMinDeviation":0.7946,"lastBolusTime":1702886858822,"lastCarbTime":0},"microBolusAllowed":true,"currentTime":1702897187971,"flatBGsDetected":false,"tdd1D":16.272499999999997,"tdd7D":20.110833333333336,"tddLast24H":16.04583333333333,"tddLast4H":1.5833333333333335,"tddLast8to4H":4.033333333333334},"output":{"temp":"absolute","bg":109,"tick":"+1","eventualBG":110,"targetBG":98,"insulinReq":0.08,"deliverAt":"2023-12-18T10:59:47.971Z","sensitivityRatio":0.7978701363278496,"variable_sens":119.4,"predBGs":{"IOB":[109,110,111,112,113,114,114,114,115,115,114,114,114,113,113,113,112,112,112,112,111,111,111,111,111,110,110,110,110,110,110,110,110,110,109],"ZT":[109,109,108,108,108,107,107,107,107,107,108,108],"UAM":[109,110,111,112,112,112,112,111,111,110,110,109,109,109,108,108,108,107,107,107,107,106,106,106,106,106,106,105,105,105,105,105,105,105,105,105,105,105,104]},"reason":"COB: 0, Dev: 11, BGI: 0, ISF: 119, CR: 8.5, Target: 98, minPredBG 107, minGuardBG 104, IOBpredBG 109, UAMpredBG 104; Eventual BG 110 >= 98, temp 0.60 >~ req 0.36U\/hr. ","COB":0,"IOB":0.087,"timestamp":"2023-12-18T10:59:47.979Z"}}