{"algorithm":"OpenAPSSMBDynamicISFPlugin","input":{"glucoseStatus":{"glucose":101,"noise":0,"delta":-3,"short_avgdelta":-3,"long_avgdelta":-3.61,"date":1702917261000},"currenttemp":{"temp":"absolute","duration":85,"rate":0,"minutesrunning":5},"iob_data":[{"iob":0.119,"basaliob":-0.04,"bolussnooze":0,"activity":0.0034,"lastBolusTime":1702911594496,"time":"2023-12-18T16:34:51.490Z","iobWithZeroTemp":{"iob":0.119,"basaliob":-0.04,"bolussnooze":0,"activity":0.0034,"lastBolusTime":1702911594496,"time":"2023-12-18T16:34:51.490Z"}},{"iob":0.102,"basaliob":-0.041,"bolussnooze":0,"activity":0.003,"lastBolusTime":1702911594496,"time":"2023-12-18T16:39:51.490Z","iobWithZeroTemp":{"iob":0.095,"basaliob":-0.048,"bolussnooze":0,"activity":0.003,"lastBolusTime":1702911594496,"time":"2023-12-18T16:39:51.490Z"}},{"iob":0.088,"basaliob":-0.042,"bolussnooze":0,"activity":0.0026,"lastBolusTime":1702911594496,"time":"2023-12-18T16:44:51.490Z","iobWithZeroTemp":{"iob":0.073,"basaliob":-0.057,"bolussnooze":0,"activity":0.0026,"lastBolusTime":1702911594496,"time":"2023-12-18T16:44:51.490Z"}},{"iob":0.076,"basaliob":-0.041,"bolussnooze":0,"activity":0.0023,"lastBolusTime":1702911594496,"time":"2023-12-18T16:49:51.490Z","iobWithZeroTemp":{"iob":0.053,"basaliob":-0.064,"bolussnooze":0,"activity":0.0022,"lastBolusTime":1702911594496,"time":"2023-12-18T16:49:51.490Z"}},{"iob":0.064,"basaliob":-0.041,"bolussnooze":0,"activity":0.002,"lastBolusTime":1702911594496,"time":"2023-12-18T16:54:51.490Z","iobWithZeroTemp":{"iob":0.033,"basaliob":-0.072,"bolussnooze":0,"activity":0.0019,"lastBolusTime":1702911594496,"time":"2023-12-18T16:54:51.490Z"}},{"iob":0.055,"basaliob":-0.04,"bolussnooze":0,"activity":0.0018,"lastBolusTime":1702911594496,"time":"2023-12-18T16:59:51.490Z","iobWithZeroTemp":{"iob":0.017,"basaliob":-0.078,"bolussnooze":0,"activity":0.0016,"lastBolusTime":1702911594496,"time":"2023-12-18T16:59:51.490Z"}},{"iob":0.046,"basaliob":-0.039,"bolussnooze":0,"activity":0.0015,"lastBolusTime":1702911594496,"time":"2023-12-18T17:04:51.490Z","iobWithZeroTemp":{"iob":0,"basaliob":-0.085,"bolussnooze":0,"activity":0.0013,"lastBolusTime":1702911594496,"time":"2023-12-18T17:04:51.490Z"}},{"iob":0.039,"basaliob":-0.037,"bolussnooze":0,"activity":0.0014,"lastBolusTime":1702911594496,"time":"2023-12-18T17:09:51.490Z","iobWithZeroTemp":{"iob":-0.014,"basaliob":-0.09,"bolussnooze":0,"activity":0.0011,"lastBolusTime":1702911594496,"time":"2023-12-18T17:09:51.490Z"}},{"iob":0.032,"basaliob":-0.036,"bolussnooze":0,"activity":0.0012,"lastBolusTime":1702911594496,"time":"2023-12-18T17:14:51.490Z","iobWithZeroTemp":{"iob":-0.027,"basaliob":-0.095,"bolussnooze":0,"activity":8.0E-4,"lastBolusTime":1702911594496,"time":"2023-12-18T17:14:51.490Z"}},{"iob":0.027,"basaliob":-0.034,"bolussnooze":0,"activity":0.0011,"lastBolusTime":1702911594496,"time":"2023-12-18T17:19:51.490Z","iobWithZeroTemp":{"iob":-0.039,"basaliob":-0.1,"bolussnooze":0,"activity":7.0E-4,"lastBolusTime":1702911594496,"time":"2023-12-18T17:19:51.490Z"}},{"iob":0.022,"basaliob":-0.033,"bolussnooze":0,"activity":0.001,"lastBolusTime":1702911594496,"time":"2023-12-18T17:24:51.490Z","iobWithZeroTemp":{"iob":-0.05,"basaliob":-0.105,"bolussnooze":0,"activity":5.0E-4,"lastBolusTime":1702911594496,"time":"2023-12-18T17:24:51.490Z"}},{"iob":0.018,"basaliob":-0.031,"bolussnooze":0,"activity":8.0E-4,"lastBolusTime":1702911594496,"time":"2023-12-18T17:29:51.490Z","iobWithZeroTemp":{"iob":-0.059,"basaliob":-0.108,"bolussnooze":0,"activity":2.0E-4,"lastBolusTime":1702911594496,"time":"2023-12-18T17:29:51.490Z"}},{"iob":0.014,"basaliob":-0.029,"bolussnooze":0,"activity":7.0E-4,"lastBolusTime":1702911594496,"time":"2023-12-18T17:34:51.490Z","iobWithZeroTemp":{"iob":-0.068,"basaliob":-0.111,"bolussnooze":0,"activity":0,"lastBolusTime":1702911594496,"time":"2023-12-18T17:34:51.490Z"}},{"iob":0.011,"basaliob":-0.027,"bolussnooze":0,"activity":6.0E-4,"lastBolusTime":1702911594496,"time":"2023-12-18T17:39:51.490Z","iobWithZeroTemp":{"iob":-0.076,"basaliob":-0.114,"bolussnooze":0,"activity":-1.0E-4,"lastBolusTime":1702911594496,"time":"2023-12-18T17:39:51.490Z"}},{"iob":0.008,"basaliob":-0.026,"bolussnooze":0,"activity":5.0E-4,"lastBolusTime":1702911594496,"time":"2023-12-18T17:44:51.490Z","iobWithZeroTemp":{"iob":-0.084,"basaliob":-0.118,"bolussnooze":0,"activity":-3.0E-4,"lastBolusTime":1702911594496,"time":"2023-12-18T17:44:51.490Z"}},{"iob":0.006,"basaliob":-0.024,"bolussnooze":0,"activity":5.0E-4,"lastBolusTime":1702911594496,"time":"2023-12-18T17:49:51.490Z","iobWithZeroTemp":{"iob":-0.09,"basaliob":-0.12,"bolussnooze":0,"activity":-4.0E-4,"lastBolusTime":1702911594496,"time":"2023-12-18T17:49:51.490Z"}},{"iob":0.004,"basaliob":-0.023,"bolussnooze":0,"activity":4.0E-4,"lastBolusTime":1702911594496,"time":"2023-12-18T17:54:51.490Z","iobWithZeroTemp":{"iob":-0.096,"basaliob":-0.123,"bolussnooze":0,"activity":-5.0E-4,"lastBolusTime":1702911594496,"time":"2023-12-18T17:54:51.490Z"}},{"iob":0.002,"basaliob":-0.021,"bolussnooze":0,"activity":3.0E-4,"lastBolusTime":1702911594496,"time":"2023-12-18T17:59:51.490Z","iobWithZeroTemp":{"iob":-0.102,"basaliob":-0.125,"bolussnooze":0,"activity":-7.0E-4,"lastBolusTime":1702911594496,"time":"2023-12-18T17:59:51.490Z"}},{"iob":0,"basaliob":-0.02,"bolussnooze":0,"activity":2.0E-4,"lastBolusTime":1702911594496,"time":"2023-12-18T18:04:51.490Z","iobWithZeroTemp":{"iob":-0.107,"basaliob":-0.127,"bolussnooze":0,"activity":-8.0E-4,"lastBolusTime":1702911594496,"time":"2023-12-18T18:04:51.490Z"}},{"iob":0,"basaliob":-0.018,"bolussnooze":0,"activity":2.0E-4,"lastBolusTime":1702911594496,"time":"2023-12-18T18:09:51.490Z","iobWithZeroTemp":{"iob":-0.11,"basaliob":-0.128,"bolussnooze":0,"activity":-9.0E-4,"lastBolusTime":1702911594496,"time":"2023-12-18T18:09:51.490Z"}},{"iob":-0.001,"basaliob":-0.017,"bolussnooze":0,"activity":1.0E-4,"lastBolusTime":1702911594496,"time":"2023-12-18T18:14:51.490Z","iobWithZeroTemp":{"iob":-0.114,"basaliob":-0.13,"bolussnooze":0,"activity":-0.001,"lastBolusTime":1702911594496,"time":"2023-12-18T18:14:51.490Z"}},{"iob":-0.002,"basaliob":-0.016,"bolussnooze":0,"activity":2.0E-4,"lastBolusTime":1702911594496,"time":"2023-12-18T18:19:51.490Z","iobWithZeroTemp":{"iob":-0.118,"basaliob":-0.132,"bolussnooze":0,"activity":-0.001,"lastBolusTime":1702911594496,"time":"2023-12-18T18:19:51.490Z"}},{"iob":-0.002,"basaliob":-0.014,"bolussnooze":0,"activity":1.0E-4,"lastBolusTime":1702911594496,"time":"2023-12-18T18:24:51.490Z","iobWithZeroTemp":{"iob":-0.12,"basaliob":-0.132,"bolussnooze":0,"activity":-0.0011,"lastBolusTime":1702911594496,"time":"2023-12-18T18:24:51.490Z"}},{"iob":-0.003,"basaliob":-0.013,"bolussnooze":0,"activity":1.0E-4,"lastBolusTime":1702911594496,"time":"2023-12-18T18:29:51.490Z","iobWithZeroTemp":{"iob":-0.123,"basaliob":-0.133,"bolussnooze":0,"activity":-0.0011,"lastBolusTime":1702911594496,"time":"2023-12-18T18:29:51.490Z"}},{"iob":-0.003,"basaliob":-0.012,"bolussnooze":0,"activity":1.0E-4,"lastBolusTime":1702911594496,"time":"2023-12-18T18:34:51.490Z","iobWithZeroTemp":{"iob":-0.125,"basaliob":-0.134,"bolussnooze":0,"activity":-0.0012,"lastBolusTime":1702911594496,"time":"2023-12-18T18:34:51.490Z"}},{"iob":-0.003,"basaliob":-0.011,"bolussnooze":0,"activity":0,"lastBolusTime":1702911594496,"time":"2023-12-18T18:39:51.490Z","iobWithZeroTemp":{"iob":-0.127,"basaliob":-0.135,"bolussnooze":0,"activity":-0.0013,"lastBolusTime":1702911594496,"time":"2023-12-18T18:39:51.490Z"}},{"iob":-0.004,"basaliob":-0.01,"bolussnooze":0,"activity":0,"lastBolusTime":1702911594496,"time":"2023-12-18T18:44:51.490Z","iobWithZeroTemp":{"iob":-0.13,"basaliob":-0.136,"bolussnooze":0,"activity":-0.0013,"lastBolusTime":1702911594496,"time":"2023-12-18T18:44:51.490Z"}},{"iob":-0.004,"basaliob":-0.009,"bolussnooze":0,"activity":0,"lastBolusTime":1702911594496,"time":"2023-12-18T18:49:51.490Z","iobWithZeroTemp":{"iob":-0.131,"basaliob":-0.136,"bolussnooze":0,"activity":-0.0014,"lastBolusTime":1702911594496,"time":"2023-12-18T18:49:51.490Z"}},{"iob":-0.004,"basaliob":-0.009,"bolussnooze":0,"activity":0,"lastBolusTime":1702911594496,"time":"2023-12-18T18:54:51.490Z","iobWithZeroTemp":{"iob":-0.133,"basaliob":-0.138,"bolussnooze":0,"activity":-0.0014,"lastBolusTime":1702911594496,"time":"2023-12-18T18:54:51.490Z"}},{"iob":-0.004,"basaliob":-0.008,"bolussnooze":0,"activity":0,"lastBolusTime":1702911594496,"time":"2023-12-18T18:59:51.490Z","iobWithZeroTemp":{"iob":-0.134,"basaliob":-0.138,"bolussnooze":0,"activity":-0.0014,"lastBolusTime":1702911594496,"time":"2023-12-18T18:59:51.490Z"}},{"iob":-0.004,"basaliob":-0.007,"bolussnooze":0,"activity":0,"lastBolusTime":1702911594496,"time":"2023-12-18T19:04:51.490Z","iobWithZeroTemp":{"iob":-0.156,"basaliob":-0.159,"bolussnooze":0,"activity":-0.0015,"lastBolusTime":1702911594496,"time":"2023-12-18T19:04:51.490Z"}},{"iob":-0.003,"basaliob":-0.006,"bolussnooze":0,"activity":0,"lastBolusTime":1702911594496,"time":"2023-12-18T19:09:51.490Z","iobWithZeroTemp":{"iob":-0.176,"basaliob":-0.179,"bolussnooze":0,"activity":-0.0016,"lastBolusTime":1702911594496,"time":"2023-12-18T19:09:51.490Z"}},{"iob":-0.004,"basaliob":-0.006,"bolussnooze":0,"activity":0,"lastBolusTime":1702911594496,"time":"2023-12-18T19:14:51.490Z","iobWithZeroTemp":{"iob":-0.198,"basaliob":-0.2,"bolussnooze":0,"activity":-0.0017,"lastBolusTime":1702911594496,"time":"2023-12-18T19:14:51.490Z"}},{"iob":-0.003,"basaliob":-0.005,"bolussnooze":0,"activity":0,"lastBolusTime":1702911594496,"time":"2023-12-18T19:19:51.490Z","iobWithZeroTemp":{"iob":-0.217,"basaliob":-0.219,"bolussnooze":0,"activity":-0.0018,"lastBolusTime":1702911594496,"time":"2023-12-18T19:19:51.490Z"}},{"iob":-0.003,"basaliob":-0.005,"bolussnooze":0,"activity":0,"lastBolusTime":1702911594496,"time":"2023-12-18T19:24:51.490Z","iobWithZeroTemp":{"iob":-0.237,"basaliob":-0.239,"bolussnooze":0,"activity":-0.002,"lastBolusTime":1702911594496,"time":"2023-12-18T19:24:51.490Z"}},{"iob":-0.003,"basaliob":-0.004,"bolussnooze":0,"activity":0,"lastBolusTime":1702911594496,"time":"2023-12-18T19:29:51.490Z","iobWithZeroTemp":{"iob":-0.256,"basaliob":-0.257,"bolussnooze":0,"activity":-0.0022,"lastBolusTime":1702911594496,"time":"2023-12-18T19:29:51.490Z"}},{"iob":-0.003,"basaliob":-0.004,"bolussnooze":0,"activity":-1.0E-4,"lastBolusTime":1702911594496,"time":"2023-12-18T19:34:51.490Z","iobWithZeroTemp":{"iob":-0.274,"basaliob":-0.275,"bolussnooze":0,"activity":-0.0024,"lastBolusTime":1702911594496,"time":"2023-12-18T19:34:51.490Z"}},{"iob":-0.002,"basaliob":-0.003,"bolussnooze":0,"activity":-1.0E-4,"lastBolusTime":1702911594496,"time":"2023-12-18T19:39:51.490Z","iobWithZeroTemp":{"iob":-0.289,"basaliob":-0.29,"bolussnooze":0,"activity":-0.0026,"lastBolusTime":1702911594496,"time":"2023-12-18T19:39:51.490Z"}},{"iob":-0.002,"basaliob":-0.003,"bolussnooze":0,"activity":-1.0E-4,"lastBolusTime":1702911594496,"time":"2023-12-18T19:44:51.490Z","iobWithZeroTemp":{"iob":-0.305,"basaliob":-0.306,"bolussnooze":0,"activity":-0.0028,"lastBolusTime":1702911594496,"time":"2023-12-18T19:44:51.490Z"}},{"iob":-0.002,"basaliob":-0.003,"bolussnooze":0,"activity":-1.0E-4,"lastBolusTime":1702911594496,"time":"2023-12-18T19:49:51.490Z","iobWithZeroTemp":{"iob":-0.321,"basaliob":-0.322,"bolussnooze":0,"activity":-0.003,"lastBolusTime":1702911594496,"time":"2023-12-18T19:49:51.490Z"}},{"iob":-0.002,"basaliob":-0.002,"bolussnooze":0,"activity":-1.0E-4,"lastBolusTime":1702911594496,"time":"2023-12-18T19:54:51.490Z","iobWithZeroTemp":{"iob":-0.335,"basaliob":-0.335,"bolussnooze":0,"activity":-0.0032,"lastBolusTime":1702911594496,"time":"2023-12-18T19:54:51.490Z"}},{"iob":-0.002,"basaliob":-0.002,"bolussnooze":0,"activity":-1.0E-4,"lastBolusTime":1702911594496,"time":"2023-12-18T19:59:51.490Z","iobWithZeroTemp":{"iob":-0.348,"basaliob":-0.348,"bolussnooze":0,"activity":-0.0034,"lastBolusTime":1702911594496,"time":"2023-12-18T19:59:51.490Z"}},{"iob":-0.002,"basaliob":-0.002,"bolussnooze":0,"activity":0,"lastBolusTime":1702911594496,"time":"2023-12-18T20:04:51.490Z","iobWithZeroTemp":{"iob":-0.36,"basaliob":-0.36,"bolussnooze":0,"activity":-0.0034,"lastBolusTime":1702911594496,"time":"2023-12-18T20:04:51.490Z"}},{"iob":-0.002,"basaliob":-0.002,"bolussnooze":0,"activity":0,"lastBolusTime":1702911594496,"time":"2023-12-18T20:09:51.490Z","iobWithZeroTemp":{"iob":-0.372,"basaliob":-0.372,"bolussnooze":0,"activity":-0.0036,"lastBolusTime":1702911594496,"time":"2023-12-18T20:09:51.490Z"}},{"iob":-0.001,"basaliob":-0.001,"bolussnooze":0,"activity":0,"lastBolusTime":1702911594496,"time":"2023-12-18T20:14:51.490Z","iobWithZeroTemp":{"iob":-0.381,"basaliob":-0.381,"bolussnooze":0,"activity":-0.0038,"lastBolusTime":1702911594496,"time":"2023-12-18T20:14:51.490Z"}},{"iob":-0.001,"basaliob":-0.001,"bolussnooze":0,"activity":0,"lastBolusTime":1702911594496,"time":"2023-12-18T20:19:51.490Z","iobWithZeroTemp":{"iob":-0.391,"basaliob":-0.391,"bolussnooze":0,"activity":-0.0039,"lastBolusTime":1702911594496,"time":"2023-12-18T20:19:51.490Z"}},{"iob":-0.001,"basaliob":-0.001,"bolussnooze":0,"activity":0,"lastBolusTime":1702911594496,"time":"2023-12-18T20:24:51.490Z","iobWithZeroTemp":{"iob":-0.401,"basaliob":-0.401,"bolussnooze":0,"activity":-0.0041,"lastBolusTime":1702911594496,"time":"2023-12-18T20:24:51.490Z"}},{"iob":-0.001,"basaliob":-0.001,"bolussnooze":0,"activity":0,"lastBolusTime":1702911594496,"time":"2023-12-18T20:29:51.490Z","iobWithZeroTemp":{"iob":-0.409,"basaliob":-0.409,"bolussnooze":0,"activity":-0.0042,"lastBolusTime":1702911594496,"time":"2023-12-18T20:29:51.490Z"}}],"profile":{"max_iob":10,"type":"current","max_daily_basal":0.4,"max_basal":0.4,"min_bg":90,"max_bg":90,"target_bg":90,"carb_ratio":8.8,"sens":120,"max_daily_safety_multiplier":3,"current_basal_safety_multiplier":4,"lgsThreshold":95,"high_temptarget_raises_sensitivity":true,"low_temptarget_lowers_sensitivity":true,"sensitivity_raises_target":true,"resistance_lowers_target":true,"adv_target_adjustments":false,"exercise_mode":false,"half_basal_exercise_target":160,"maxCOB":120,"skip_neutral_temps":false,"remainingCarbsCap":90,"enableUAM":true,"A52_risk_enable":false,"SMBInterval":5,"enableSMB_with_COB":true,"enableSMB_with_temptarget":true,"allowSMB_with_high_temptarget":false,"enableSMB_always":false,"enableSMB_after_carbs":true,"maxSMBBasalMinutes":30,"maxUAMSMBBasalMinutes":40,"bolus_increment":0.05,"carbsReqThreshold":4,"current_basal":0.1,"temptargetSet":false,"autosens_max":1.3,"autosens_min":0.7,"variable_sens":121.4,"insulinDivisor":75,"TDD":17.382833333333334},"autosens_data":{"ratio":0.9348195417063767},"meal_data":{"carbs":0,"mealCOB":0,"slopeFromMaxDeviation":-0.32571428571428573,"slopeFromMinDeviation":0.14466666666666672,"lastBolusTime":1702911594496,"lastCarbTime":0},"microBolusAllowed":true,"currentTime":1702917293682,"flatBGsDetected":false,"tdd1D":16.272499999999997,"tdd7D":20.110833333333336,"tddLast24H":18.799999999999994,"tddLast4H":2.3750000000000004,"tddLast8to4H":3.1708333333333334},"output":{"temp":"absolute","bg":101,"tick":-3,"eventualBG":78,"targetBG":92,"insulinReq":0,"deliverAt":"2023-12-18T16:34:53.682Z","sensitivityRatio":0.9348195417063767,"variable_sens":121.4,"predBGs":{"IOB":[101,98,96,93,91,89,88,86,85,84,83,82,82,81,81,80,80,80,80,80,79],"ZT":[101,99,97,95,94,93,92,91,90,90,89,89,89,89,89,89,89,90,90,91,91,92,93,93,94,95,96,96]},"reason":"COB: 0, Dev: -9, BGI: -2, ISF: 121, CR: 8.8, Target: 92, minPredBG 84, minGuardBG 79, IOBpredBG 79; minGuardBG 79<95 85m left and 0 ~ req 0U\/hr: no temp required","COB":0,"IOB":0.119,"timestamp":"2023-12-18T16:34:53.714Z"}}