{"algorithm":"OpenAPSSMBDynamicISFPlugin","input":{"glucoseStatus":{"glucose":160,"noise":0,"delta":-8.78,"short_avgdelta":-8.78,"long_avgdelta":-8.88,"date":1702884561000},"currenttemp":{"temp":"absolute","duration":90,"rate":0,"minutesrunning":30},"iob_data":[{"iob":2.254,"basaliob":0.162,"bolussnooze":1.1898,"activity":0.0233,"lastBolusTime":1702884125544,"time":"2023-12-18T07:29:51.345Z","iobWithZeroTemp":{"iob":2.254,"basaliob":0.162,"bolussnooze":1.1898,"activity":0.0233,"lastBolusTime":1702884125544,"time":"2023-12-18T07:29:51.345Z"}},{"iob":2.137,"basaliob":0.143,"bolussnooze":1.0711,"activity":0.0238,"lastBolusTime":1702884125544,"time":"2023-12-18T07:34:51.345Z","iobWithZeroTemp":{"iob":2.114,"basaliob":0.12,"bolussnooze":1.0711,"activity":0.0238,"lastBolusTime":1702884125544,"time":"2023-12-18T07:34:51.345Z"}},{"iob":2.018,"basaliob":0.126,"bolussnooze":0.9497,"activity":0.024,"lastBolusTime":1702884125544,"time":"2023-12-18T07:39:51.345Z","iobWithZeroTemp":{"iob":1.966,"basaliob":0.074,"bolussnooze":0.9497,"activity":0.0239,"lastBolusTime":1702884125544,"time":"2023-12-18T07:39:51.345Z"}},{"iob":1.898,"basaliob":0.11,"bolussnooze":0.8316,"activity":0.0238,"lastBolusTime":1702884125544,"time":"2023-12-18T07:44:51.345Z","iobWithZeroTemp":{"iob":1.817,"basaliob":0.029,"bolussnooze":0.8316,"activity":0.0236,"lastBolusTime":1702884125544,"time":"2023-12-18T07:44:51.345Z"}},{"iob":1.781,"basaliob":0.097,"bolussnooze":0.7205,"activity":0.0234,"lastBolusTime":1702884125544,"time":"2023-12-18T07:49:51.345Z","iobWithZeroTemp":{"iob":1.673,"basaliob":-0.011,"bolussnooze":0.7205,"activity":0.023,"lastBolusTime":1702884125544,"time":"2023-12-18T07:49:51.345Z"}},{"iob":1.664,"basaliob":0.084,"bolussnooze":0.6184,"activity":0.0228,"lastBolusTime":1702884125544,"time":"2023-12-18T07:54:51.345Z","iobWithZeroTemp":{"iob":1.529,"basaliob":-0.051,"bolussnooze":0.6184,"activity":0.0222,"lastBolusTime":1702884125544,"time":"2023-12-18T07:54:51.345Z"}},{"iob":1.553,"basaliob":0.074,"bolussnooze":0.5263,"activity":0.022,"lastBolusTime":1702884125544,"time":"2023-12-18T07:59:51.345Z","iobWithZeroTemp":{"iob":1.393,"basaliob":-0.086,"bolussnooze":0.5263,"activity":0.0212,"lastBolusTime":1702884125544,"time":"2023-12-18T07:59:51.345Z"}},{"iob":1.444,"basaliob":0.064,"bolussnooze":0.4446,"activity":0.0212,"lastBolusTime":1702884125544,"time":"2023-12-18T08:04:51.345Z","iobWithZeroTemp":{"iob":1.259,"basaliob":-0.121,"bolussnooze":0.4446,"activity":0.0201,"lastBolusTime":1702884125544,"time":"2023-12-18T08:04:51.345Z"}},{"iob":1.34,"basaliob":0.055,"bolussnooze":0.3729,"activity":0.0203,"lastBolusTime":1702884125544,"time":"2023-12-18T08:09:51.345Z","iobWithZeroTemp":{"iob":1.132,"basaliob":-0.153,"bolussnooze":0.3729,"activity":0.019,"lastBolusTime":1702884125544,"time":"2023-12-18T08:09:51.345Z"}},{"iob":1.241,"basaliob":0.048,"bolussnooze":0.3106,"activity":0.0193,"lastBolusTime":1702884125544,"time":"2023-12-18T08:14:51.345Z","iobWithZeroTemp":{"iob":1.011,"basaliob":-0.182,"bolussnooze":0.3106,"activity":0.0177,"lastBolusTime":1702884125544,"time":"2023-12-18T08:14:51.345Z"}},{"iob":1.146,"basaliob":0.041,"bolussnooze":0.2571,"activity":0.0183,"lastBolusTime":1702884125544,"time":"2023-12-18T08:19:51.345Z","iobWithZeroTemp":{"iob":0.895,"basaliob":-0.21,"bolussnooze":0.2571,"activity":0.0165,"lastBolusTime":1702884125544,"time":"2023-12-18T08:19:51.345Z"}},{"iob":1.057,"basaliob":0.035,"bolussnooze":0.2114,"activity":0.0173,"lastBolusTime":1702884125544,"time":"2023-12-18T08:24:51.345Z","iobWithZeroTemp":{"iob":0.787,"basaliob":-0.235,"bolussnooze":0.2114,"activity":0.0152,"lastBolusTime":1702884125544,"time":"2023-12-18T08:24:51.345Z"}},{"iob":0.973,"basaliob":0.03,"bolussnooze":0.1728,"activity":0.0164,"lastBolusTime":1702884125544,"time":"2023-12-18T08:29:51.345Z","iobWithZeroTemp":{"iob":0.684,"basaliob":-0.259,"bolussnooze":0.1728,"activity":0.0141,"lastBolusTime":1702884125544,"time":"2023-12-18T08:29:51.345Z"}},{"iob":0.894,"basaliob":0.026,"bolussnooze":0.1403,"activity":0.0154,"lastBolusTime":1702884125544,"time":"2023-12-18T08:34:51.345Z","iobWithZeroTemp":{"iob":0.588,"basaliob":-0.28,"bolussnooze":0.1403,"activity":0.0129,"lastBolusTime":1702884125544,"time":"2023-12-18T08:34:51.345Z"}},{"iob":0.82,"basaliob":0.022,"bolussnooze":0.1131,"activity":0.0143,"lastBolusTime":1702884125544,"time":"2023-12-18T08:39:51.345Z","iobWithZeroTemp":{"iob":0.498,"basaliob":-0.3,"bolussnooze":0.1131,"activity":0.0115,"lastBolusTime":1702884125544,"time":"2023-12-18T08:39:51.345Z"}},{"iob":0.75,"basaliob":0.018,"bolussnooze":0.0906,"activity":0.0134,"lastBolusTime":1702884125544,"time":"2023-12-18T08:44:51.345Z","iobWithZeroTemp":{"iob":0.414,"basaliob":-0.318,"bolussnooze":0.0906,"activity":0.0104,"lastBolusTime":1702884125544,"time":"2023-12-18T08:44:51.345Z"}},{"iob":0.686,"basaliob":0.015,"bolussnooze":0.072,"activity":0.0125,"lastBolusTime":1702884125544,"time":"2023-12-18T08:49:51.345Z","iobWithZeroTemp":{"iob":0.336,"basaliob":-0.335,"bolussnooze":0.072,"activity":0.0093,"lastBolusTime":1702884125544,"time":"2023-12-18T08:49:51.345Z"}},{"iob":0.626,"basaliob":0.013,"bolussnooze":0.0568,"activity":0.0116,"lastBolusTime":1702884125544,"time":"2023-12-18T08:54:51.345Z","iobWithZeroTemp":{"iob":0.263,"basaliob":-0.35,"bolussnooze":0.0568,"activity":0.0082,"lastBolusTime":1702884125544,"time":"2023-12-18T08:54:51.345Z"}},{"iob":0.57,"basaliob":0.01,"bolussnooze":0.0444,"activity":0.0107,"lastBolusTime":1702884125544,"time":"2023-12-18T08:59:51.345Z","iobWithZeroTemp":{"iob":0.195,"basaliob":-0.365,"bolussnooze":0.0444,"activity":0.0071,"lastBolusTime":1702884125544,"time":"2023-12-18T08:59:51.345Z"}},{"iob":0.518,"basaliob":0.008,"bolussnooze":0.0344,"activity":0.01,"lastBolusTime":1702884125544,"time":"2023-12-18T09:04:51.345Z","iobWithZeroTemp":{"iob":0.141,"basaliob":-0.369,"bolussnooze":0.0344,"activity":0.0063,"lastBolusTime":1702884125544,"time":"2023-12-18T09:04:51.345Z"}},{"iob":0.47,"basaliob":0.006,"bolussnooze":0.0264,"activity":0.0091,"lastBolusTime":1702884125544,"time":"2023-12-18T09:09:51.345Z","iobWithZeroTemp":{"iob":0.091,"basaliob":-0.373,"bolussnooze":0.0264,"activity":0.0052,"lastBolusTime":1702884125544,"time":"2023-12-18T09:09:51.345Z"}},{"iob":0.427,"basaliob":0.005,"bolussnooze":0.02,"activity":0.0085,"lastBolusTime":1702884125544,"time":"2023-12-18T09:14:51.345Z","iobWithZeroTemp":{"iob":0.047,"basaliob":-0.375,"bolussnooze":0.02,"activity":0.0045,"lastBolusTime":1702884125544,"time":"2023-12-18T09:14:51.345Z"}},{"iob":0.387,"basaliob":0.004,"bolussnooze":0.015,"activity":0.0077,"lastBolusTime":1702884125544,"time":"2023-12-18T09:19:51.345Z","iobWithZeroTemp":{"iob":0.006,"basaliob":-0.377,"bolussnooze":0.015,"activity":0.0036,"lastBolusTime":1702884125544,"time":"2023-12-18T09:19:51.345Z"}},{"iob":0.35,"basaliob":0.003,"bolussnooze":0.0111,"activity":0.0071,"lastBolusTime":1702884125544,"time":"2023-12-18T09:24:51.345Z","iobWithZeroTemp":{"iob":-0.031,"basaliob":-0.378,"bolussnooze":0.0111,"activity":0.0029,"lastBolusTime":1702884125544,"time":"2023-12-18T09:24:51.345Z"}},{"iob":0.315,"basaliob":0.002,"bolussnooze":0.008,"activity":0.0066,"lastBolusTime":1702884125544,"time":"2023-12-18T09:29:51.345Z","iobWithZeroTemp":{"iob":-0.066,"basaliob":-0.379,"bolussnooze":0.008,"activity":0.0024,"lastBolusTime":1702884125544,"time":"2023-12-18T09:29:51.345Z"}},{"iob":0.284,"basaliob":0.001,"bolussnooze":0.0057,"activity":0.0059,"lastBolusTime":1702884125544,"time":"2023-12-18T09:34:51.345Z","iobWithZeroTemp":{"iob":-0.096,"basaliob":-0.379,"bolussnooze":0.0057,"activity":0.0016,"lastBolusTime":1702884125544,"time":"2023-12-18T09:34:51.345Z"}},{"iob":0.255,"basaliob":0,"bolussnooze":0.004,"activity":0.0054,"lastBolusTime":1702884125544,"time":"2023-12-18T09:39:51.345Z","iobWithZeroTemp":{"iob":-0.125,"basaliob":-0.38,"bolussnooze":0.004,"activity":0.0011,"lastBolusTime":1702884125544,"time":"2023-12-18T09:39:51.345Z"}},{"iob":0.229,"basaliob":0,"bolussnooze":0.0027,"activity":0.005,"lastBolusTime":1702884125544,"time":"2023-12-18T09:44:51.345Z","iobWithZeroTemp":{"iob":-0.15,"basaliob":-0.379,"bolussnooze":0.0027,"activity":6.0E-4,"lastBolusTime":1702884125544,"time":"2023-12-18T09:44:51.345Z"}},{"iob":0.205,"basaliob":-0.001,"bolussnooze":0.0018,"activity":0.0046,"lastBolusTime":1702884125544,"time":"2023-12-18T09:49:51.345Z","iobWithZeroTemp":{"iob":-0.173,"basaliob":-0.379,"bolussnooze":0.0018,"activity":2.0E-4,"lastBolusTime":1702884125544,"time":"2023-12-18T09:49:51.345Z"}},{"iob":0.184,"basaliob":-0.001,"bolussnooze":0.0012,"activity":0.0042,"lastBolusTime":1702884125544,"time":"2023-12-18T09:54:51.345Z","iobWithZeroTemp":{"iob":-0.193,"basaliob":-0.378,"bolussnooze":0.0012,"activity":-2.0E-4,"lastBolusTime":1702884125544,"time":"2023-12-18T09:54:51.345Z"}},{"iob":0.163,"basaliob":-0.002,"bolussnooze":7.0E-4,"activity":0.0038,"lastBolusTime":1702884125544,"time":"2023-12-18T09:59:51.345Z","iobWithZeroTemp":{"iob":-0.212,"basaliob":-0.377,"bolussnooze":7.0E-4,"activity":-6.0E-4,"lastBolusTime":1702884125544,"time":"2023-12-18T09:59:51.345Z"}},{"iob":0.146,"basaliob":-0.002,"bolussnooze":4.0E-4,"activity":0.0034,"lastBolusTime":1702884125544,"time":"2023-12-18T10:04:51.345Z","iobWithZeroTemp":{"iob":-0.228,"basaliob":-0.376,"bolussnooze":4.0E-4,"activity":-0.001,"lastBolusTime":1702884125544,"time":"2023-12-18T10:04:51.345Z"}},{"iob":0.13,"basaliob":-0.002,"bolussnooze":2.0E-4,"activity":0.003,"lastBolusTime":1702884125544,"time":"2023-12-18T10:09:51.345Z","iobWithZeroTemp":{"iob":-0.243,"basaliob":-0.375,"bolussnooze":2.0E-4,"activity":-0.0014,"lastBolusTime":1702884125544,"time":"2023-12-18T10:09:51.345Z"}},{"iob":0.115,"basaliob":-0.002,"bolussnooze":1.0E-4,"activity":0.0028,"lastBolusTime":1702884125544,"time":"2023-12-18T10:14:51.345Z","iobWithZeroTemp":{"iob":-0.257,"basaliob":-0.374,"bolussnooze":1.0E-4,"activity":-0.0016,"lastBolusTime":1702884125544,"time":"2023-12-18T10:14:51.345Z"}},{"iob":0.102,"basaliob":-0.002,"bolussnooze":0,"activity":0.0025,"lastBolusTime":1702884125544,"time":"2023-12-18T10:19:51.345Z","iobWithZeroTemp":{"iob":-0.268,"basaliob":-0.372,"bolussnooze":0,"activity":-0.0019,"lastBolusTime":1702884125544,"time":"2023-12-18T10:19:51.345Z"}},{"iob":0.09,"basaliob":-0.002,"bolussnooze":0,"activity":0.0022,"lastBolusTime":1702884125544,"time":"2023-12-18T10:24:51.345Z","iobWithZeroTemp":{"iob":-0.279,"basaliob":-0.371,"bolussnooze":0,"activity":-0.0022,"lastBolusTime":1702884125544,"time":"2023-12-18T10:24:51.345Z"}},{"iob":0.08,"basaliob":-0.002,"bolussnooze":0,"activity":0.002,"lastBolusTime":1702884125544,"time":"2023-12-18T10:29:51.345Z","iobWithZeroTemp":{"iob":-0.288,"basaliob":-0.37,"bolussnooze":0,"activity":-0.0024,"lastBolusTime":1702884125544,"time":"2023-12-18T10:29:51.345Z"}},{"iob":0.07,"basaliob":-0.002,"bolussnooze":0,"activity":0.0018,"lastBolusTime":1702884125544,"time":"2023-12-18T10:34:51.345Z","iobWithZeroTemp":{"iob":-0.297,"basaliob":-0.369,"bolussnooze":0,"activity":-0.0026,"lastBolusTime":1702884125544,"time":"2023-12-18T10:34:51.345Z"}},{"iob":0.061,"basaliob":-0.002,"bolussnooze":0,"activity":0.0016,"lastBolusTime":1702884125544,"time":"2023-12-18T10:39:51.345Z","iobWithZeroTemp":{"iob":-0.305,"basaliob":-0.368,"bolussnooze":0,"activity":-0.0028,"lastBolusTime":1702884125544,"time":"2023-12-18T10:39:51.345Z"}},{"iob":0.054,"basaliob":-0.002,"bolussnooze":0,"activity":0.0015,"lastBolusTime":1702884125544,"time":"2023-12-18T10:44:51.345Z","iobWithZeroTemp":{"iob":-0.311,"basaliob":-0.367,"bolussnooze":0,"activity":-0.0029,"lastBolusTime":1702884125544,"time":"2023-12-18T10:44:51.345Z"}},{"iob":0.047,"basaliob":-0.002,"bolussnooze":0,"activity":0.0013,"lastBolusTime":1702884125544,"time":"2023-12-18T10:49:51.345Z","iobWithZeroTemp":{"iob":-0.317,"basaliob":-0.366,"bolussnooze":0,"activity":-0.0031,"lastBolusTime":1702884125544,"time":"2023-12-18T10:49:51.345Z"}},{"iob":0.041,"basaliob":-0.002,"bolussnooze":0,"activity":0.0012,"lastBolusTime":1702884125544,"time":"2023-12-18T10:54:51.345Z","iobWithZeroTemp":{"iob":-0.322,"basaliob":-0.365,"bolussnooze":0,"activity":-0.0032,"lastBolusTime":1702884125544,"time":"2023-12-18T10:54:51.345Z"}},{"iob":0.035,"basaliob":-0.002,"bolussnooze":0,"activity":0.001,"lastBolusTime":1702884125544,"time":"2023-12-18T10:59:51.345Z","iobWithZeroTemp":{"iob":-0.327,"basaliob":-0.364,"bolussnooze":0,"activity":-0.0034,"lastBolusTime":1702884125544,"time":"2023-12-18T10:59:51.345Z"}},{"iob":0.03,"basaliob":-0.002,"bolussnooze":0,"activity":9.0E-4,"lastBolusTime":1702884125544,"time":"2023-12-18T11:04:51.345Z","iobWithZeroTemp":{"iob":-0.335,"basaliob":-0.367,"bolussnooze":0,"activity":-0.0034,"lastBolusTime":1702884125544,"time":"2023-12-18T11:04:51.345Z"}},{"iob":0.026,"basaliob":-0.002,"bolussnooze":0,"activity":8.0E-4,"lastBolusTime":1702884125544,"time":"2023-12-18T11:09:51.345Z","iobWithZeroTemp":{"iob":-0.342,"basaliob":-0.37,"bolussnooze":0,"activity":-0.0035,"lastBolusTime":1702884125544,"time":"2023-12-18T11:09:51.345Z"}},{"iob":0.022,"basaliob":-0.002,"bolussnooze":0,"activity":7.0E-4,"lastBolusTime":1702884125544,"time":"2023-12-18T11:14:51.345Z","iobWithZeroTemp":{"iob":-0.349,"basaliob":-0.373,"bolussnooze":0,"activity":-0.0037,"lastBolusTime":1702884125544,"time":"2023-12-18T11:14:51.345Z"}},{"iob":0.02,"basaliob":-0.001,"bolussnooze":0,"activity":6.0E-4,"lastBolusTime":1702884125544,"time":"2023-12-18T11:19:51.345Z","iobWithZeroTemp":{"iob":-0.355,"basaliob":-0.376,"bolussnooze":0,"activity":-0.0038,"lastBolusTime":1702884125544,"time":"2023-12-18T11:19:51.345Z"}},{"iob":0.017,"basaliob":-0.001,"bolussnooze":0,"activity":6.0E-4,"lastBolusTime":1702884125544,"time":"2023-12-18T11:24:51.345Z","iobWithZeroTemp":{"iob":-0.361,"basaliob":-0.379,"bolussnooze":0,"activity":-0.0038,"lastBolusTime":1702884125544,"time":"2023-12-18T11:24:51.345Z"}}],"profile":{"max_iob":10,"type":"current","max_daily_basal":0.4,"max_basal":1.2,"min_bg":90,"max_bg":90,"target_bg":90,"carb_ratio":8.5,"sens":120,"max_daily_safety_multiplier":3,"current_basal_safety_multiplier":4,"lgsThreshold":95,"high_temptarget_raises_sensitivity":true,"low_temptarget_lowers_sensitivity":true,"sensitivity_raises_target":true,"resistance_lowers_target":true,"adv_target_adjustments":false,"exercise_mode":false,"half_basal_exercise_target":160,"maxCOB":120,"skip_neutral_temps":false,"remainingCarbsCap":90,"enableUAM":true,"A52_risk_enable":false,"SMBInterval":6,"enableSMB_with_COB":true,"enableSMB_with_temptarget":true,"allowSMB_with_high_temptarget":false,"enableSMB_always":false,"enableSMB_after_carbs":true,"maxSMBBasalMinutes":30,"maxUAMSMBBasalMinutes":40,"bolus_increment":0.05,"carbsReqThreshold":4,"current_basal":0.35,"temptargetSet":true,"autosens_max":1.3,"autosens_min":0.7,"variable_sens":96,"insulinDivisor":75,"TDD":16.419138333333336},"autosens_data":{"ratio":1},"meal_data":{"carbs":15,"mealCOB":15,"slopeFromMaxDeviation":-1.1494285714285715,"slopeFromMinDeviation":0.8866666666666667,"lastBolusTime":1702884125544,"lastCarbTime":1702884123580},"microBolusAllowed":true,"currentTime":1702884591869,"flatBGsDetected":false,"tdd1D":16.272499999999997,"tdd7D":20.110833333333336,"tddLast24H":19.783333333333335,"tddLast4H":4.716666666666668,"tddLast8to4H":0.9624999999999999},"output":{"temp":"absolute","bg":160,"tick":-9,"eventualBG":108,"targetBG":90,"insulinReq":0.07,"deliverAt":"2023-12-18T07:29:51.869Z","sensitivityRatio":1.2,"variable_sens":96,"predBGs":{"IOB":[160,151,141,131,119,107,94,80,65,48,39,39,39],"ZT":[160,149,137,124,111,97,83,67,50,39,39,39,39,39,39,39,39,39,39,39,39,39,39,39,39,39,39,39,39,39,39,39,39,39,39,39,39,39,39,39,39,39,39,39,39,39,39,39],"COB":[160,152,143,136,128,122,116,110,106,102,100,98,97,97,98,100,103,106,108,111,113,115,117,119,120,121,122,123,123,122,122,121,119,118,117,115,114,113,113,112,111,110,110,109,109,109,108],"UAM":[160,150,138,126,112,98,84,67,49,39,39,39,39]},"reason":"COB: 15, Dev: 14, BGI: -11, ISF: 96, CR: 8.5, Target: 90, minPredBG 108, minGuardBG 97, IOBpredBG 39, COBpredBG 108, UAMpredBG 39; Eventual BG 108 >= 90,  insulinReq 0.07. temp 0.00 < 0.56U\/hr. ","COB":15,"IOB":2.254,"duration":30,"rate":0.56,"timestamp":"2023-12-18T07:29:51.884Z"}}