{"algorithm":"OpenAPSSMBDynamicISFPlugin","input":{"glucoseStatus":{"glucose":125,"noise":0,"delta":0.89,"short_avgdelta":0.89,"long_avgdelta":-1.42,"date":1702931062000},"currenttemp":{"temp":"absolute","duration":95,"rate":0,"minutesrunning":25},"iob_data":[{"iob":0.431,"basaliob":-0.343,"bolussnooze":0.0425,"activity":0.0103,"lastBolusTime":1702928994069,"time":"2023-12-18T20:24:50.163Z","iobWithZeroTemp":{"iob":0.431,"basaliob":-0.343,"bolussnooze":0.0425,"activity":0.0103,"lastBolusTime":1702928994069,"time":"2023-12-18T20:24:50.163Z"}},{"iob":0.382,"basaliob":-0.327,"bolussnooze":0.032,"activity":0.0093,"lastBolusTime":1702928994069,"time":"2023-12-18T20:29:50.163Z","iobWithZeroTemp":{"iob":0.359,"basaliob":-0.35,"bolussnooze":0.032,"activity":0.0093,"lastBolusTime":1702928994069,"time":"2023-12-18T20:29:50.163Z"}},{"iob":0.338,"basaliob":-0.31,"bolussnooze":0.0237,"activity":0.0083,"lastBolusTime":1702928994069,"time":"2023-12-18T20:34:50.163Z","iobWithZeroTemp":{"iob":0.286,"basaliob":-0.362,"bolussnooze":0.0237,"activity":0.0082,"lastBolusTime":1702928994069,"time":"2023-12-18T20:34:50.163Z"}},{"iob":0.299,"basaliob":-0.293,"bolussnooze":0.0172,"activity":0.0075,"lastBolusTime":1702928994069,"time":"2023-12-18T20:39:50.163Z","iobWithZeroTemp":{"iob":0.218,"basaliob":-0.374,"bolussnooze":0.0172,"activity":0.0073,"lastBolusTime":1702928994069,"time":"2023-12-18T20:39:50.163Z"}},{"iob":0.264,"basaliob":-0.275,"bolussnooze":0.0123,"activity":0.0067,"lastBolusTime":1702928994069,"time":"2023-12-18T20:44:50.163Z","iobWithZeroTemp":{"iob":0.156,"basaliob":-0.383,"bolussnooze":0.0123,"activity":0.0063,"lastBolusTime":1702928994069,"time":"2023-12-18T20:44:50.163Z"}},{"iob":0.233,"basaliob":-0.258,"bolussnooze":0.0085,"activity":0.006,"lastBolusTime":1702928994069,"time":"2023-12-18T20:49:50.163Z","iobWithZeroTemp":{"iob":0.098,"basaliob":-0.393,"bolussnooze":0.0085,"activity":0.0054,"lastBolusTime":1702928994069,"time":"2023-12-18T20:49:50.163Z"}},{"iob":0.204,"basaliob":-0.242,"bolussnooze":0.0057,"activity":0.0053,"lastBolusTime":1702928994069,"time":"2023-12-18T20:54:50.163Z","iobWithZeroTemp":{"iob":0.044,"basaliob":-0.402,"bolussnooze":0.0057,"activity":0.0045,"lastBolusTime":1702928994069,"time":"2023-12-18T20:54:50.163Z"}},{"iob":0.179,"basaliob":-0.225,"bolussnooze":0.0036,"activity":0.0048,"lastBolusTime":1702928994069,"time":"2023-12-18T20:59:50.163Z","iobWithZeroTemp":{"iob":-0.006,"basaliob":-0.41,"bolussnooze":0.0036,"activity":0.0037,"lastBolusTime":1702928994069,"time":"2023-12-18T20:59:50.163Z"}},{"iob":0.156,"basaliob":-0.21,"bolussnooze":0.0022,"activity":0.0042,"lastBolusTime":1702928994069,"time":"2023-12-18T21:04:50.163Z","iobWithZeroTemp":{"iob":-0.048,"basaliob":-0.414,"bolussnooze":0.0022,"activity":0.0029,"lastBolusTime":1702928994069,"time":"2023-12-18T21:04:50.163Z"}},{"iob":0.136,"basaliob":-0.195,"bolussnooze":0.0012,"activity":0.0038,"lastBolusTime":1702928994069,"time":"2023-12-18T21:09:50.163Z","iobWithZeroTemp":{"iob":-0.086,"basaliob":-0.417,"bolussnooze":0.0012,"activity":0.0023,"lastBolusTime":1702928994069,"time":"2023-12-18T21:09:50.163Z"}},{"iob":0.119,"basaliob":-0.18,"bolussnooze":6.0E-4,"activity":0.0034,"lastBolusTime":1702928994069,"time":"2023-12-18T21:14:50.163Z","iobWithZeroTemp":{"iob":-0.12,"basaliob":-0.419,"bolussnooze":6.0E-4,"activity":0.0016,"lastBolusTime":1702928994069,"time":"2023-12-18T21:14:50.163Z"}},{"iob":0.102,"basaliob":-0.167,"bolussnooze":2.0E-4,"activity":0.003,"lastBolusTime":1702928994069,"time":"2023-12-18T21:19:50.163Z","iobWithZeroTemp":{"iob":-0.152,"basaliob":-0.421,"bolussnooze":2.0E-4,"activity":0.001,"lastBolusTime":1702928994069,"time":"2023-12-18T21:19:50.163Z"}},{"iob":0.088,"basaliob":-0.154,"bolussnooze":1.0E-4,"activity":0.0027,"lastBolusTime":1702928994069,"time":"2023-12-18T21:24:50.163Z","iobWithZeroTemp":{"iob":-0.181,"basaliob":-0.423,"bolussnooze":1.0E-4,"activity":5.0E-4,"lastBolusTime":1702928994069,"time":"2023-12-18T21:24:50.163Z"}},{"iob":0.076,"basaliob":-0.141,"bolussnooze":0,"activity":0.0023,"lastBolusTime":1702928994069,"time":"2023-12-18T21:29:50.163Z","iobWithZeroTemp":{"iob":-0.206,"basaliob":-0.423,"bolussnooze":0,"activity":-1.0E-4,"lastBolusTime":1702928994069,"time":"2023-12-18T21:29:50.163Z"}},{"iob":0.065,"basaliob":-0.13,"bolussnooze":0,"activity":0.0021,"lastBolusTime":1702928994069,"time":"2023-12-18T21:34:50.163Z","iobWithZeroTemp":{"iob":-0.23,"basaliob":-0.425,"bolussnooze":0,"activity":-5.0E-4,"lastBolusTime":1702928994069,"time":"2023-12-18T21:34:50.163Z"}},{"iob":0.055,"basaliob":-0.119,"bolussnooze":0,"activity":0.0018,"lastBolusTime":1702928994069,"time":"2023-12-18T21:39:50.163Z","iobWithZeroTemp":{"iob":-0.251,"basaliob":-0.425,"bolussnooze":0,"activity":-0.001,"lastBolusTime":1702928994069,"time":"2023-12-18T21:39:50.163Z"}},{"iob":0.047,"basaliob":-0.109,"bolussnooze":0,"activity":0.0016,"lastBolusTime":1702928994069,"time":"2023-12-18T21:44:50.163Z","iobWithZeroTemp":{"iob":-0.27,"basaliob":-0.426,"bolussnooze":0,"activity":-0.0014,"lastBolusTime":1702928994069,"time":"2023-12-18T21:44:50.163Z"}},{"iob":0.039,"basaliob":-0.1,"bolussnooze":0,"activity":0.0014,"lastBolusTime":1702928994069,"time":"2023-12-18T21:49:50.163Z","iobWithZeroTemp":{"iob":-0.288,"basaliob":-0.427,"bolussnooze":0,"activity":-0.0017,"lastBolusTime":1702928994069,"time":"2023-12-18T21:49:50.163Z"}},{"iob":0.032,"basaliob":-0.091,"bolussnooze":0,"activity":0.0012,"lastBolusTime":1702928994069,"time":"2023-12-18T21:54:50.163Z","iobWithZeroTemp":{"iob":-0.304,"basaliob":-0.427,"bolussnooze":0,"activity":-0.0021,"lastBolusTime":1702928994069,"time":"2023-12-18T21:54:50.163Z"}},{"iob":0.027,"basaliob":-0.083,"bolussnooze":0,"activity":0.001,"lastBolusTime":1702928994069,"time":"2023-12-18T21:59:50.163Z","iobWithZeroTemp":{"iob":-0.317,"basaliob":-0.427,"bolussnooze":0,"activity":-0.0024,"lastBolusTime":1702928994069,"time":"2023-12-18T21:59:50.163Z"}},{"iob":0.021,"basaliob":-0.076,"bolussnooze":0,"activity":0.001,"lastBolusTime":1702928994069,"time":"2023-12-18T22:04:50.163Z","iobWithZeroTemp":{"iob":-0.331,"basaliob":-0.428,"bolussnooze":0,"activity":-0.0026,"lastBolusTime":1702928994069,"time":"2023-12-18T22:04:50.163Z"}},{"iob":0.017,"basaliob":-0.069,"bolussnooze":0,"activity":8.0E-4,"lastBolusTime":1702928994069,"time":"2023-12-18T22:09:50.163Z","iobWithZeroTemp":{"iob":-0.342,"basaliob":-0.428,"bolussnooze":0,"activity":-0.0029,"lastBolusTime":1702928994069,"time":"2023-12-18T22:09:50.163Z"}},{"iob":0.014,"basaliob":-0.062,"bolussnooze":0,"activity":7.0E-4,"lastBolusTime":1702928994069,"time":"2023-12-18T22:14:50.163Z","iobWithZeroTemp":{"iob":-0.351,"basaliob":-0.427,"bolussnooze":0,"activity":-0.0031,"lastBolusTime":1702928994069,"time":"2023-12-18T22:14:50.163Z"}},{"iob":0.011,"basaliob":-0.056,"bolussnooze":0,"activity":6.0E-4,"lastBolusTime":1702928994069,"time":"2023-12-18T22:19:50.163Z","iobWithZeroTemp":{"iob":-0.36,"basaliob":-0.427,"bolussnooze":0,"activity":-0.0033,"lastBolusTime":1702928994069,"time":"2023-12-18T22:19:50.163Z"}},{"iob":0.007,"basaliob":-0.051,"bolussnooze":0,"activity":5.0E-4,"lastBolusTime":1702928994069,"time":"2023-12-18T22:24:50.163Z","iobWithZeroTemp":{"iob":-0.369,"basaliob":-0.427,"bolussnooze":0,"activity":-0.0035,"lastBolusTime":1702928994069,"time":"2023-12-18T22:24:50.163Z"}},{"iob":0.005,"basaliob":-0.046,"bolussnooze":0,"activity":5.0E-4,"lastBolusTime":1702928994069,"time":"2023-12-18T22:29:50.163Z","iobWithZeroTemp":{"iob":-0.376,"basaliob":-0.427,"bolussnooze":0,"activity":-0.0036,"lastBolusTime":1702928994069,"time":"2023-12-18T22:29:50.163Z"}},{"iob":0.004,"basaliob":-0.041,"bolussnooze":0,"activity":3.0E-4,"lastBolusTime":1702928994069,"time":"2023-12-18T22:34:50.163Z","iobWithZeroTemp":{"iob":-0.381,"basaliob":-0.426,"bolussnooze":0,"activity":-0.0039,"lastBolusTime":1702928994069,"time":"2023-12-18T22:34:50.163Z"}},{"iob":0.002,"basaliob":-0.037,"bolussnooze":0,"activity":3.0E-4,"lastBolusTime":1702928994069,"time":"2023-12-18T22:39:50.163Z","iobWithZeroTemp":{"iob":-0.387,"basaliob":-0.426,"bolussnooze":0,"activity":-0.004,"lastBolusTime":1702928994069,"time":"2023-12-18T22:39:50.163Z"}},{"iob":0,"basaliob":-0.034,"bolussnooze":0,"activity":3.0E-4,"lastBolusTime":1702928994069,"time":"2023-12-18T22:44:50.163Z","iobWithZeroTemp":{"iob":-0.392,"basaliob":-0.426,"bolussnooze":0,"activity":-0.004,"lastBolusTime":1702928994069,"time":"2023-12-18T22:44:50.163Z"}},{"iob":-0.001,"basaliob":-0.03,"bolussnooze":0,"activity":2.0E-4,"lastBolusTime":1702928994069,"time":"2023-12-18T22:49:50.163Z","iobWithZeroTemp":{"iob":-0.397,"basaliob":-0.426,"bolussnooze":0,"activity":-0.0042,"lastBolusTime":1702928994069,"time":"2023-12-18T22:49:50.163Z"}},{"iob":-0.002,"basaliob":-0.027,"bolussnooze":0,"activity":2.0E-4,"lastBolusTime":1702928994069,"time":"2023-12-18T22:54:50.163Z","iobWithZeroTemp":{"iob":-0.4,"basaliob":-0.425,"bolussnooze":0,"activity":-0.0043,"lastBolusTime":1702928994069,"time":"2023-12-18T22:54:50.163Z"}},{"iob":-0.003,"basaliob":-0.024,"bolussnooze":0,"activity":2.0E-4,"lastBolusTime":1702928994069,"time":"2023-12-18T22:59:50.163Z","iobWithZeroTemp":{"iob":-0.404,"basaliob":-0.425,"bolussnooze":0,"activity":-0.0043,"lastBolusTime":1702928994069,"time":"2023-12-18T22:59:50.163Z"}},{"iob":-0.003,"basaliob":-0.021,"bolussnooze":0,"activity":1.0E-4,"lastBolusTime":1702928994069,"time":"2023-12-18T23:04:50.163Z","iobWithZeroTemp":{"iob":-0.402,"basaliob":-0.42,"bolussnooze":0,"activity":-0.0045,"lastBolusTime":1702928994069,"time":"2023-12-18T23:04:50.163Z"}},{"iob":-0.004,"basaliob":-0.019,"bolussnooze":0,"activity":1.0E-4,"lastBolusTime":1702928994069,"time":"2023-12-18T23:09:50.163Z","iobWithZeroTemp":{"iob":-0.401,"basaliob":-0.416,"bolussnooze":0,"activity":-0.0045,"lastBolusTime":1702928994069,"time":"2023-12-18T23:09:50.163Z"}},{"iob":-0.004,"basaliob":-0.017,"bolussnooze":0,"activity":1.0E-4,"lastBolusTime":1702928994069,"time":"2023-12-18T23:14:50.163Z","iobWithZeroTemp":{"iob":-0.399,"basaliob":-0.412,"bolussnooze":0,"activity":-0.0045,"lastBolusTime":1702928994069,"time":"2023-12-18T23:14:50.163Z"}},{"iob":-0.004,"basaliob":-0.015,"bolussnooze":0,"activity":0,"lastBolusTime":1702928994069,"time":"2023-12-18T23:19:50.163Z","iobWithZeroTemp":{"iob":-0.397,"basaliob":-0.408,"bolussnooze":0,"activity":-0.0046,"lastBolusTime":1702928994069,"time":"2023-12-18T23:19:50.163Z"}},{"iob":-0.004,"basaliob":-0.013,"bolussnooze":0,"activity":0,"lastBolusTime":1702928994069,"time":"2023-12-18T23:24:50.163Z","iobWithZeroTemp":{"iob":-0.395,"basaliob":-0.404,"bolussnooze":0,"activity":-0.0046,"lastBolusTime":1702928994069,"time":"2023-12-18T23:24:50.163Z"}},{"iob":-0.004,"basaliob":-0.012,"bolussnooze":0,"activity":0,"lastBolusTime":1702928994069,"time":"2023-12-18T23:29:50.163Z","iobWithZeroTemp":{"iob":-0.392,"basaliob":-0.4,"bolussnooze":0,"activity":-0.0046,"lastBolusTime":1702928994069,"time":"2023-12-18T23:29:50.163Z"}},{"iob":-0.004,"basaliob":-0.01,"bolussnooze":0,"activity":-1.0E-4,"lastBolusTime":1702928994069,"time":"2023-12-18T23:34:50.163Z","iobWithZeroTemp":{"iob":-0.39,"basaliob":-0.396,"bolussnooze":0,"activity":-0.0047,"lastBolusTime":1702928994069,"time":"2023-12-18T23:34:50.163Z"}},{"iob":-0.004,"basaliob":-0.009,"bolussnooze":0,"activity":0,"lastBolusTime":1702928994069,"time":"2023-12-18T23:39:50.163Z","iobWithZeroTemp":{"iob":-0.388,"basaliob":-0.393,"bolussnooze":0,"activity":-0.0046,"lastBolusTime":1702928994069,"time":"2023-12-18T23:39:50.163Z"}},{"iob":-0.004,"basaliob":-0.008,"bolussnooze":0,"activity":0,"lastBolusTime":1702928994069,"time":"2023-12-18T23:44:50.163Z","iobWithZeroTemp":{"iob":-0.386,"basaliob":-0.39,"bolussnooze":0,"activity":-0.0046,"lastBolusTime":1702928994069,"time":"2023-12-18T23:44:50.163Z"}},{"iob":-0.004,"basaliob":-0.007,"bolussnooze":0,"activity":-1.0E-4,"lastBolusTime":1702928994069,"time":"2023-12-18T23:49:50.163Z","iobWithZeroTemp":{"iob":-0.383,"basaliob":-0.386,"bolussnooze":0,"activity":-0.0047,"lastBolusTime":1702928994069,"time":"2023-12-18T23:49:50.163Z"}},{"iob":-0.003,"basaliob":-0.006,"bolussnooze":0,"activity":-1.0E-4,"lastBolusTime":1702928994069,"time":"2023-12-18T23:54:50.163Z","iobWithZeroTemp":{"iob":-0.38,"basaliob":-0.383,"bolussnooze":0,"activity":-0.0047,"lastBolusTime":1702928994069,"time":"2023-12-18T23:54:50.163Z"}},{"iob":-0.003,"basaliob":-0.005,"bolussnooze":0,"activity":-1.0E-4,"lastBolusTime":1702928994069,"time":"2023-12-18T23:59:50.163Z","iobWithZeroTemp":{"iob":-0.378,"basaliob":-0.38,"bolussnooze":0,"activity":-0.0047,"lastBolusTime":1702928994069,"time":"2023-12-18T23:59:50.163Z"}},{"iob":-0.003,"basaliob":-0.005,"bolussnooze":0,"activity":0,"lastBolusTime":1702928994069,"time":"2023-12-19T00:04:50.163Z","iobWithZeroTemp":{"iob":-0.377,"basaliob":-0.379,"bolussnooze":0,"activity":-0.0045,"lastBolusTime":1702928994069,"time":"2023-12-19T00:04:50.163Z"}},{"iob":-0.003,"basaliob":-0.004,"bolussnooze":0,"activity":0,"lastBolusTime":1702928994069,"time":"2023-12-19T00:09:50.163Z","iobWithZeroTemp":{"iob":-0.375,"basaliob":-0.376,"bolussnooze":0,"activity":-0.0045,"lastBolusTime":1702928994069,"time":"2023-12-19T00:09:50.163Z"}},{"iob":-0.002,"basaliob":-0.003,"bolussnooze":0,"activity":-1.0E-4,"lastBolusTime":1702928994069,"time":"2023-12-19T00:14:50.163Z","iobWithZeroTemp":{"iob":-0.372,"basaliob":-0.373,"bolussnooze":0,"activity":-0.0046,"lastBolusTime":1702928994069,"time":"2023-12-19T00:14:50.163Z"}},{"iob":-0.002,"basaliob":-0.003,"bolussnooze":0,"activity":-1.0E-4,"lastBolusTime":1702928994069,"time":"2023-12-19T00:19:50.163Z","iobWithZeroTemp":{"iob":-0.371,"basaliob":-0.372,"bolussnooze":0,"activity":-0.0046,"lastBolusTime":1702928994069,"time":"2023-12-19T00:19:50.163Z"}}],"profile":{"max_iob":10,"type":"current","max_daily_basal":0.4,"max_basal":1.2,"min_bg":90,"max_bg":90,"target_bg":90,"carb_ratio":8.8,"sens":120,"max_daily_safety_multiplier":3,"current_basal_safety_multiplier":4,"lgsThreshold":95,"high_temptarget_raises_sensitivity":true,"low_temptarget_lowers_sensitivity":true,"sensitivity_raises_target":true,"resistance_lowers_target":true,"adv_target_adjustments":false,"exercise_mode":false,"half_basal_exercise_target":160,"maxCOB":120,"skip_neutral_temps":false,"remainingCarbsCap":90,"enableUAM":true,"A52_risk_enable":false,"SMBInterval":5,"enableSMB_with_COB":true,"enableSMB_with_temptarget":true,"allowSMB_with_high_temptarget":false,"enableSMB_always":false,"enableSMB_after_carbs":true,"maxSMBBasalMinutes":30,"maxUAMSMBBasalMinutes":40,"bolus_increment":0.05,"carbsReqThreshold":4,"current_basal":0.35,"temptargetSet":false,"autosens_max":1.3,"autosens_min":0.7,"variable_sens":100.1,"insulinDivisor":75,"TDD":18.326633333333334},"autosens_data":{"ratio":0.8301910247379103},"meal_data":{"carbs":20,"mealCOB":3.397333333333328,"slopeFromMaxDeviation":-0.6163636363636364,"slopeFromMinDeviation":1.34,"lastBolusTime":1702928994069,"lastCarbTime":1702924198387},"microBolusAllowed":true,"currentTime":1702931090909,"flatBGsDetected":false,"tdd1D":16.272499999999997,"tdd7D":20.110833333333336,"tddLast24H":16.695833333333326,"tddLast4H":3.354166666666667,"tddLast8to4H":2.4750000000000005},"output":{"temp":"absolute","bg":125,"tick":"+1","eventualBG":118,"targetBG":96,"insulinReq":0.11,"deliverAt":"2023-12-18T20:24:50.909Z","sensitivityRatio":0.8301910247379103,"variable_sens":100.1,"predBGs":{"IOB":[125,125,126,126,127,127,127,127,127,126,125,124,122,121,120,119,118,117,116,116,115,115,114,114,113,113,113,113,113,112],"ZT":[125,120,115,111,107,103,100,98,95,94,92,91,91,90,90,91,91,92,93,95,96],"COB":[125,125,126,126,127,127,127,128,127,127,126,126,124,123,122,121,120,119,118,118,117,117,116,116,116,115,115,115,115,115,115,115,114,114,114,114,114,114,114,114,114,114,114,114,115],"UAM":[125,125,126,126,126,125,125,124,122,121,119,117,115,114,113,112,111,110,109,108,108,107,107,107,106,106,106,105]},"reason":"COB: 3.4, Dev: 36, BGI: -5, ISF: 100, CR: 8.8, Target: 96, minPredBG 107, minGuardBG 107, IOBpredBG 112, COBpredBG 115, UAMpredBG 105; Eventual BG 118 >= 96,  insulinReq 0.11. Microbolusing 0.05U. temp 0.00 < 0.51U\/hr. ","COB":3.397333333333328,"IOB":0.431,"units":0.05,"duration":30,"rate":0.5105668586582686,"timestamp":"2023-12-18T20:24:50.918Z"}}