{"algorithm":"OpenAPSSMBDynamicISFPlugin","input":{"glucoseStatus":{"glucose":83,"noise":0,"delta":0.61,"short_avgdelta":0.61,"long_avgdelta":-2.19,"date":1703074167000},"currenttemp":{"temp":"absolute","duration":105,"rate":0,"minutesrunning":15},"iob_data":[{"iob":1.782,"basaliob":-0.331,"bolussnooze":0.8421,"activity":0.0246,"lastBolusTime":1703071237814,"time":"2023-12-20T12:09:56.070Z","iobWithZeroTemp":{"iob":1.782,"basaliob":-0.331,"bolussnooze":0.8421,"activity":0.0246,"lastBolusTime":1703071237814,"time":"2023-12-20T12:09:56.070Z"}},{"iob":1.661,"basaliob":-0.313,"bolussnooze":0.7083,"activity":0.0238,"lastBolusTime":1703071237814,"time":"2023-12-20T12:14:56.070Z","iobWithZeroTemp":{"iob":1.641,"basaliob":-0.333,"bolussnooze":0.7083,"activity":0.0238,"lastBolusTime":1703071237814,"time":"2023-12-20T12:14:56.070Z"}},{"iob":1.545,"basaliob":-0.295,"bolussnooze":0.5919,"activity":0.0229,"lastBolusTime":1703071237814,"time":"2023-12-20T12:19:56.070Z","iobWithZeroTemp":{"iob":1.5,"basaliob":-0.34,"bolussnooze":0.5919,"activity":0.0228,"lastBolusTime":1703071237814,"time":"2023-12-20T12:19:56.070Z"}},{"iob":1.433,"basaliob":-0.277,"bolussnooze":0.4913,"activity":0.0218,"lastBolusTime":1703071237814,"time":"2023-12-20T12:24:56.070Z","iobWithZeroTemp":{"iob":1.364,"basaliob":-0.346,"bolussnooze":0.4913,"activity":0.0216,"lastBolusTime":1703071237814,"time":"2023-12-20T12:24:56.070Z"}},{"iob":1.327,"basaliob":-0.259,"bolussnooze":0.4053,"activity":0.0208,"lastBolusTime":1703071237814,"time":"2023-12-20T12:29:56.070Z","iobWithZeroTemp":{"iob":1.234,"basaliob":-0.352,"bolussnooze":0.4053,"activity":0.0204,"lastBolusTime":1703071237814,"time":"2023-12-20T12:29:56.070Z"}},{"iob":1.225,"basaliob":-0.242,"bolussnooze":0.3322,"activity":0.0197,"lastBolusTime":1703071237814,"time":"2023-12-20T12:34:56.070Z","iobWithZeroTemp":{"iob":1.11,"basaliob":-0.357,"bolussnooze":0.3322,"activity":0.0192,"lastBolusTime":1703071237814,"time":"2023-12-20T12:34:56.070Z"}},{"iob":1.13,"basaliob":-0.225,"bolussnooze":0.2706,"activity":0.0186,"lastBolusTime":1703071237814,"time":"2023-12-20T12:39:56.070Z","iobWithZeroTemp":{"iob":0.993,"basaliob":-0.362,"bolussnooze":0.2706,"activity":0.0179,"lastBolusTime":1703071237814,"time":"2023-12-20T12:39:56.070Z"}},{"iob":1.04,"basaliob":-0.209,"bolussnooze":0.219,"activity":0.0175,"lastBolusTime":1703071237814,"time":"2023-12-20T12:44:56.070Z","iobWithZeroTemp":{"iob":0.882,"basaliob":-0.367,"bolussnooze":0.219,"activity":0.0166,"lastBolusTime":1703071237814,"time":"2023-12-20T12:44:56.070Z"}},{"iob":0.954,"basaliob":-0.194,"bolussnooze":0.176,"activity":0.0164,"lastBolusTime":1703071237814,"time":"2023-12-20T12:49:56.070Z","iobWithZeroTemp":{"iob":0.776,"basaliob":-0.372,"bolussnooze":0.176,"activity":0.0153,"lastBolusTime":1703071237814,"time":"2023-12-20T12:49:56.070Z"}},{"iob":0.875,"basaliob":-0.179,"bolussnooze":0.1405,"activity":0.0153,"lastBolusTime":1703071237814,"time":"2023-12-20T12:54:56.070Z","iobWithZeroTemp":{"iob":0.678,"basaliob":-0.376,"bolussnooze":0.1405,"activity":0.014,"lastBolusTime":1703071237814,"time":"2023-12-20T12:54:56.070Z"}},{"iob":0.801,"basaliob":-0.165,"bolussnooze":0.1112,"activity":0.0143,"lastBolusTime":1703071237814,"time":"2023-12-20T12:59:56.070Z","iobWithZeroTemp":{"iob":0.586,"basaliob":-0.38,"bolussnooze":0.1112,"activity":0.0127,"lastBolusTime":1703071237814,"time":"2023-12-20T12:59:56.070Z"}},{"iob":0.732,"basaliob":-0.152,"bolussnooze":0.0874,"activity":0.0134,"lastBolusTime":1703071237814,"time":"2023-12-20T13:04:56.070Z","iobWithZeroTemp":{"iob":0.496,"basaliob":-0.388,"bolussnooze":0.0874,"activity":0.0116,"lastBolusTime":1703071237814,"time":"2023-12-20T13:04:56.070Z"}},{"iob":0.668,"basaliob":-0.14,"bolussnooze":0.068,"activity":0.0124,"lastBolusTime":1703071237814,"time":"2023-12-20T13:09:56.070Z","iobWithZeroTemp":{"iob":0.413,"basaliob":-0.395,"bolussnooze":0.068,"activity":0.0104,"lastBolusTime":1703071237814,"time":"2023-12-20T13:09:56.070Z"}},{"iob":0.609,"basaliob":-0.128,"bolussnooze":0.0523,"activity":0.0115,"lastBolusTime":1703071237814,"time":"2023-12-20T13:14:56.070Z","iobWithZeroTemp":{"iob":0.335,"basaliob":-0.402,"bolussnooze":0.0523,"activity":0.0093,"lastBolusTime":1703071237814,"time":"2023-12-20T13:14:56.070Z"}},{"iob":0.554,"basaliob":-0.117,"bolussnooze":0.0398,"activity":0.0106,"lastBolusTime":1703071237814,"time":"2023-12-20T13:19:56.070Z","iobWithZeroTemp":{"iob":0.262,"basaliob":-0.409,"bolussnooze":0.0398,"activity":0.0082,"lastBolusTime":1703071237814,"time":"2023-12-20T13:19:56.070Z"}},{"iob":0.503,"basaliob":-0.107,"bolussnooze":0.0299,"activity":0.0098,"lastBolusTime":1703071237814,"time":"2023-12-20T13:24:56.070Z","iobWithZeroTemp":{"iob":0.195,"basaliob":-0.415,"bolussnooze":0.0299,"activity":0.0072,"lastBolusTime":1703071237814,"time":"2023-12-20T13:24:56.070Z"}},{"iob":0.455,"basaliob":-0.098,"bolussnooze":0.0221,"activity":0.009,"lastBolusTime":1703071237814,"time":"2023-12-20T13:29:56.070Z","iobWithZeroTemp":{"iob":0.132,"basaliob":-0.421,"bolussnooze":0.0221,"activity":0.0061,"lastBolusTime":1703071237814,"time":"2023-12-20T13:29:56.070Z"}},{"iob":0.413,"basaliob":-0.089,"bolussnooze":0.016,"activity":0.0083,"lastBolusTime":1703071237814,"time":"2023-12-20T13:34:56.070Z","iobWithZeroTemp":{"iob":0.075,"basaliob":-0.427,"bolussnooze":0.016,"activity":0.0052,"lastBolusTime":1703071237814,"time":"2023-12-20T13:34:56.070Z"}},{"iob":0.373,"basaliob":-0.081,"bolussnooze":0.0113,"activity":0.0076,"lastBolusTime":1703071237814,"time":"2023-12-20T13:39:56.070Z","iobWithZeroTemp":{"iob":0.022,"basaliob":-0.432,"bolussnooze":0.0113,"activity":0.0043,"lastBolusTime":1703071237814,"time":"2023-12-20T13:39:56.070Z"}},{"iob":0.336,"basaliob":-0.074,"bolussnooze":0.0078,"activity":0.007,"lastBolusTime":1703071237814,"time":"2023-12-20T13:44:56.070Z","iobWithZeroTemp":{"iob":-0.028,"basaliob":-0.438,"bolussnooze":0.0078,"activity":0.0036,"lastBolusTime":1703071237814,"time":"2023-12-20T13:44:56.070Z"}},{"iob":0.303,"basaliob":-0.067,"bolussnooze":0.0051,"activity":0.0064,"lastBolusTime":1703071237814,"time":"2023-12-20T13:49:56.070Z","iobWithZeroTemp":{"iob":-0.072,"basaliob":-0.442,"bolussnooze":0.0051,"activity":0.0028,"lastBolusTime":1703071237814,"time":"2023-12-20T13:49:56.070Z"}},{"iob":0.273,"basaliob":-0.06,"bolussnooze":0.0032,"activity":0.0058,"lastBolusTime":1703071237814,"time":"2023-12-20T13:54:56.070Z","iobWithZeroTemp":{"iob":-0.113,"basaliob":-0.446,"bolussnooze":0.0032,"activity":0.002,"lastBolusTime":1703071237814,"time":"2023-12-20T13:54:56.070Z"}},{"iob":0.244,"basaliob":-0.055,"bolussnooze":0.0019,"activity":0.0053,"lastBolusTime":1703071237814,"time":"2023-12-20T13:59:56.070Z","iobWithZeroTemp":{"iob":-0.151,"basaliob":-0.45,"bolussnooze":0.0019,"activity":0.0013,"lastBolusTime":1703071237814,"time":"2023-12-20T13:59:56.070Z"}},{"iob":0.22,"basaliob":-0.049,"bolussnooze":0.001,"activity":0.0048,"lastBolusTime":1703071237814,"time":"2023-12-20T14:04:56.070Z","iobWithZeroTemp":{"iob":-0.164,"basaliob":-0.433,"bolussnooze":0.001,"activity":7.0E-4,"lastBolusTime":1703071237814,"time":"2023-12-20T14:04:56.070Z"}},{"iob":0.197,"basaliob":-0.044,"bolussnooze":4.0E-4,"activity":0.0044,"lastBolusTime":1703071237814,"time":"2023-12-20T14:09:56.070Z","iobWithZeroTemp":{"iob":-0.175,"basaliob":-0.416,"bolussnooze":4.0E-4,"activity":2.0E-4,"lastBolusTime":1703071237814,"time":"2023-12-20T14:09:56.070Z"}},{"iob":0.176,"basaliob":-0.04,"bolussnooze":1.0E-4,"activity":0.0039,"lastBolusTime":1703071237814,"time":"2023-12-20T14:14:56.070Z","iobWithZeroTemp":{"iob":-0.183,"basaliob":-0.399,"bolussnooze":1.0E-4,"activity":-3.0E-4,"lastBolusTime":1703071237814,"time":"2023-12-20T14:14:56.070Z"}},{"iob":0.157,"basaliob":-0.036,"bolussnooze":0,"activity":0.0036,"lastBolusTime":1703071237814,"time":"2023-12-20T14:19:56.070Z","iobWithZeroTemp":{"iob":-0.19,"basaliob":-0.383,"bolussnooze":0,"activity":-6.0E-4,"lastBolusTime":1703071237814,"time":"2023-12-20T14:19:56.070Z"}},{"iob":0.14,"basaliob":-0.032,"bolussnooze":0,"activity":0.0033,"lastBolusTime":1703071237814,"time":"2023-12-20T14:24:56.070Z","iobWithZeroTemp":{"iob":-0.194,"basaliob":-0.366,"bolussnooze":0,"activity":-9.0E-4,"lastBolusTime":1703071237814,"time":"2023-12-20T14:24:56.070Z"}},{"iob":0.124,"basaliob":-0.029,"bolussnooze":0,"activity":0.003,"lastBolusTime":1703071237814,"time":"2023-12-20T14:29:56.070Z","iobWithZeroTemp":{"iob":-0.198,"basaliob":-0.351,"bolussnooze":0,"activity":-0.0011,"lastBolusTime":1703071237814,"time":"2023-12-20T14:29:56.070Z"}},{"iob":0.11,"basaliob":-0.026,"bolussnooze":0,"activity":0.0026,"lastBolusTime":1703071237814,"time":"2023-12-20T14:34:56.070Z","iobWithZeroTemp":{"iob":-0.2,"basaliob":-0.336,"bolussnooze":0,"activity":-0.0014,"lastBolusTime":1703071237814,"time":"2023-12-20T14:34:56.070Z"}},{"iob":0.097,"basaliob":-0.023,"bolussnooze":0,"activity":0.0024,"lastBolusTime":1703071237814,"time":"2023-12-20T14:39:56.070Z","iobWithZeroTemp":{"iob":-0.202,"basaliob":-0.322,"bolussnooze":0,"activity":-0.0016,"lastBolusTime":1703071237814,"time":"2023-12-20T14:39:56.070Z"}},{"iob":0.085,"basaliob":-0.021,"bolussnooze":0,"activity":0.0021,"lastBolusTime":1703071237814,"time":"2023-12-20T14:44:56.070Z","iobWithZeroTemp":{"iob":-0.203,"basaliob":-0.309,"bolussnooze":0,"activity":-0.0018,"lastBolusTime":1703071237814,"time":"2023-12-20T14:44:56.070Z"}},{"iob":0.076,"basaliob":-0.018,"bolussnooze":0,"activity":0.002,"lastBolusTime":1703071237814,"time":"2023-12-20T14:49:56.070Z","iobWithZeroTemp":{"iob":-0.201,"basaliob":-0.295,"bolussnooze":0,"activity":-0.0018,"lastBolusTime":1703071237814,"time":"2023-12-20T14:49:56.070Z"}},{"iob":0.067,"basaliob":-0.016,"bolussnooze":0,"activity":0.0017,"lastBolusTime":1703071237814,"time":"2023-12-20T14:54:56.070Z","iobWithZeroTemp":{"iob":-0.2,"basaliob":-0.283,"bolussnooze":0,"activity":-0.002,"lastBolusTime":1703071237814,"time":"2023-12-20T14:54:56.070Z"}},{"iob":0.059,"basaliob":-0.014,"bolussnooze":0,"activity":0.0015,"lastBolusTime":1703071237814,"time":"2023-12-20T14:59:56.070Z","iobWithZeroTemp":{"iob":-0.198,"basaliob":-0.271,"bolussnooze":0,"activity":-0.0021,"lastBolusTime":1703071237814,"time":"2023-12-20T14:59:56.070Z"}},{"iob":0.051,"basaliob":-0.013,"bolussnooze":0,"activity":0.0014,"lastBolusTime":1703071237814,"time":"2023-12-20T15:04:56.070Z","iobWithZeroTemp":{"iob":-0.197,"basaliob":-0.261,"bolussnooze":0,"activity":-0.002,"lastBolusTime":1703071237814,"time":"2023-12-20T15:04:56.070Z"}},{"iob":0.045,"basaliob":-0.011,"bolussnooze":0,"activity":0.0012,"lastBolusTime":1703071237814,"time":"2023-12-20T15:09:56.070Z","iobWithZeroTemp":{"iob":-0.194,"basaliob":-0.25,"bolussnooze":0,"activity":-0.0021,"lastBolusTime":1703071237814,"time":"2023-12-20T15:09:56.070Z"}},{"iob":0.039,"basaliob":-0.01,"bolussnooze":0,"activity":0.001,"lastBolusTime":1703071237814,"time":"2023-12-20T15:14:56.070Z","iobWithZeroTemp":{"iob":-0.192,"basaliob":-0.241,"bolussnooze":0,"activity":-0.0022,"lastBolusTime":1703071237814,"time":"2023-12-20T15:14:56.070Z"}},{"iob":0.033,"basaliob":-0.009,"bolussnooze":0,"activity":0.001,"lastBolusTime":1703071237814,"time":"2023-12-20T15:19:56.070Z","iobWithZeroTemp":{"iob":-0.191,"basaliob":-0.233,"bolussnooze":0,"activity":-0.0021,"lastBolusTime":1703071237814,"time":"2023-12-20T15:19:56.070Z"}},{"iob":0.029,"basaliob":-0.008,"bolussnooze":0,"activity":9.0E-4,"lastBolusTime":1703071237814,"time":"2023-12-20T15:24:56.070Z","iobWithZeroTemp":{"iob":-0.188,"basaliob":-0.225,"bolussnooze":0,"activity":-0.0021,"lastBolusTime":1703071237814,"time":"2023-12-20T15:24:56.070Z"}},{"iob":0.025,"basaliob":-0.007,"bolussnooze":0,"activity":7.0E-4,"lastBolusTime":1703071237814,"time":"2023-12-20T15:29:56.070Z","iobWithZeroTemp":{"iob":-0.185,"basaliob":-0.217,"bolussnooze":0,"activity":-0.0022,"lastBolusTime":1703071237814,"time":"2023-12-20T15:29:56.070Z"}},{"iob":0.021,"basaliob":-0.006,"bolussnooze":0,"activity":6.0E-4,"lastBolusTime":1703071237814,"time":"2023-12-20T15:34:56.070Z","iobWithZeroTemp":{"iob":-0.183,"basaliob":-0.21,"bolussnooze":0,"activity":-0.0023,"lastBolusTime":1703071237814,"time":"2023-12-20T15:34:56.070Z"}},{"iob":0.018,"basaliob":-0.005,"bolussnooze":0,"activity":6.0E-4,"lastBolusTime":1703071237814,"time":"2023-12-20T15:39:56.070Z","iobWithZeroTemp":{"iob":-0.18,"basaliob":-0.203,"bolussnooze":0,"activity":-0.0022,"lastBolusTime":1703071237814,"time":"2023-12-20T15:39:56.070Z"}},{"iob":0.016,"basaliob":-0.004,"bolussnooze":0,"activity":5.0E-4,"lastBolusTime":1703071237814,"time":"2023-12-20T15:44:56.070Z","iobWithZeroTemp":{"iob":-0.177,"basaliob":-0.197,"bolussnooze":0,"activity":-0.0022,"lastBolusTime":1703071237814,"time":"2023-12-20T15:44:56.070Z"}},{"iob":0.013,"basaliob":-0.004,"bolussnooze":0,"activity":5.0E-4,"lastBolusTime":1703071237814,"time":"2023-12-20T15:49:56.070Z","iobWithZeroTemp":{"iob":-0.175,"basaliob":-0.192,"bolussnooze":0,"activity":-0.0021,"lastBolusTime":1703071237814,"time":"2023-12-20T15:49:56.070Z"}},{"iob":0.011,"basaliob":-0.003,"bolussnooze":0,"activity":4.0E-4,"lastBolusTime":1703071237814,"time":"2023-12-20T15:54:56.070Z","iobWithZeroTemp":{"iob":-0.173,"basaliob":-0.187,"bolussnooze":0,"activity":-0.0021,"lastBolusTime":1703071237814,"time":"2023-12-20T15:54:56.070Z"}},{"iob":0.009,"basaliob":-0.003,"bolussnooze":0,"activity":3.0E-4,"lastBolusTime":1703071237814,"time":"2023-12-20T15:59:56.070Z","iobWithZeroTemp":{"iob":-0.17,"basaliob":-0.182,"bolussnooze":0,"activity":-0.0022,"lastBolusTime":1703071237814,"time":"2023-12-20T15:59:56.070Z"}},{"iob":0.008,"basaliob":-0.002,"bolussnooze":0,"activity":3.0E-4,"lastBolusTime":1703071237814,"time":"2023-12-20T16:04:56.070Z","iobWithZeroTemp":{"iob":-0.168,"basaliob":-0.178,"bolussnooze":0,"activity":-0.0021,"lastBolusTime":1703071237814,"time":"2023-12-20T16:04:56.070Z"}}],"profile":{"max_iob":10,"type":"current","max_daily_basal":0.4,"max_basal":1.2,"min_bg":130,"max_bg":130,"target_bg":130,"carb_ratio":8.8,"sens":120,"max_daily_safety_multiplier":3,"current_basal_safety_multiplier":4,"lgsThreshold":95,"high_temptarget_raises_sensitivity":true,"low_temptarget_lowers_sensitivity":true,"sensitivity_raises_target":true,"resistance_lowers_target":true,"adv_target_adjustments":false,"exercise_mode":false,"half_basal_exercise_target":160,"maxCOB":120,"skip_neutral_temps":false,"remainingCarbsCap":90,"enableUAM":true,"A52_risk_enable":false,"SMBInterval":5,"enableSMB_with_COB":true,"enableSMB_with_temptarget":true,"allowSMB_with_high_temptarget":false,"enableSMB_always":false,"enableSMB_after_carbs":true,"maxSMBBasalMinutes":30,"maxUAMSMBBasalMinutes":40,"bolus_increment":0.05,"carbsReqThreshold":4,"current_basal":0.3,"temptargetSet":true,"autosens_max":1.3,"autosens_min":0.7,"variable_sens":125.5,"insulinDivisor":75,"TDD":19.247663095238096},"autosens_data":{"ratio":0.8916152600199883},"meal_data":{"carbs":45,"mealCOB":24.80399999999999,"slopeFromMaxDeviation":0,"slopeFromMinDeviation":1.0447142857142855,"lastBolusTime":1703071237814,"lastCarbTime":1703073035774},"microBolusAllowed":true,"currentTime":1703074196631,"flatBGsDetected":false,"tdd1D":13.533333333333333,"tdd7D":17.272023809523805,"tddLast24H":15.399999999999995,"tddLast4H":5.908333333333334,"tddLast8to4H":1.2124999999999997},"output":{"temp":"absolute","bg":83,"tick":"+1","eventualBG":198,"targetBG":130,"insulinReq":0,"deliverAt":"2023-12-20T12:09:56.631Z","sensitivityRatio":0.67,"variable_sens":125.5,"predBGs":{"IOB":[83,82,81,78,75,70,64,57,47,39,39,39,39],"ZT":[83,68,50,39,39,39,39,39,39,39,39,39,39,39,39,39,39,39,39,39,39,39,39,39,39,39,39,39,39,39,39,39,39,39,39,39,39,39,39,39,39,39,39,39,39,39,39,39],"COB":[83,83,84,84,85,87,88,90,92,95,97,101,104,107,111,115,119,123,128,132,136,141,145,150,154,158,162,166,170,174,177,180,183,186,189,191,193,195,196,198,198,199,199,199,199,199,198],"UAM":[83,83,84,84,85,86,87,89,91,93,96,99,102,106,110,113,117,121,125,129,133,137,141,144,147,151,153,156,158,160,162,163,164,164,164,164,164,163,163,162,162,162,162,161]},"reason":"COB: 24.8, Dev: 96, BGI: -15, ISF: 126, CR: 8.8, Target: 130, minPredBG 128, minGuardBG 83, IOBpredBG 39, COBpredBG 198, UAMpredBG 161; minGuardBG 83<95 105m left and 0 ~ req 0U\/hr: no temp required","COB":24.80399999999999,"IOB":1.782,"timestamp":"2023-12-20T12:09:56.644Z"}}