{"algorithm":"OpenAPSSMBDynamicISFPlugin","input":{"glucoseStatus":{"glucose":170,"noise":0,"delta":5.61,"short_avgdelta":5.61,"long_avgdelta":7.26,"date":1703008465000},"currenttemp":{"temp":"absolute","duration":104,"rate":0,"minutesrunning":16},"iob_data":[{"iob":2.774,"basaliob":-0.142,"bolussnooze":1.829,"activity":0.0264,"lastBolusTime":1703007647174,"time":"2023-12-19T17:54:56.803Z","iobWithZeroTemp":{"iob":2.774,"basaliob":-0.142,"bolussnooze":1.829,"activity":0.0264,"lastBolusTime":1703007647174,"time":"2023-12-19T17:54:56.803Z"}},{"iob":2.639,"basaliob":-0.133,"bolussnooze":1.6146,"activity":0.0275,"lastBolusTime":1703007647174,"time":"2023-12-19T17:59:56.803Z","iobWithZeroTemp":{"iob":2.632,"basaliob":-0.14,"bolussnooze":1.6146,"activity":0.0275,"lastBolusTime":1703007647174,"time":"2023-12-19T17:59:56.803Z"}},{"iob":2.5,"basaliob":-0.125,"bolussnooze":1.4085,"activity":0.028,"lastBolusTime":1703007647174,"time":"2023-12-19T18:04:56.803Z","iobWithZeroTemp":{"iob":2.485,"basaliob":-0.14,"bolussnooze":1.4085,"activity":0.028,"lastBolusTime":1703007647174,"time":"2023-12-19T18:04:56.803Z"}},{"iob":2.36,"basaliob":-0.116,"bolussnooze":1.2161,"activity":0.0282,"lastBolusTime":1703007647174,"time":"2023-12-19T18:09:56.803Z","iobWithZeroTemp":{"iob":2.337,"basaliob":-0.139,"bolussnooze":1.2161,"activity":0.0281,"lastBolusTime":1703007647174,"time":"2023-12-19T18:09:56.803Z"}},{"iob":2.22,"basaliob":-0.108,"bolussnooze":1.0406,"activity":0.0279,"lastBolusTime":1703007647174,"time":"2023-12-19T18:14:56.803Z","iobWithZeroTemp":{"iob":2.189,"basaliob":-0.139,"bolussnooze":1.0406,"activity":0.0278,"lastBolusTime":1703007647174,"time":"2023-12-19T18:14:56.803Z"}},{"iob":2.081,"basaliob":-0.101,"bolussnooze":0.8832,"activity":0.0274,"lastBolusTime":1703007647174,"time":"2023-12-19T18:19:56.803Z","iobWithZeroTemp":{"iob":2.043,"basaliob":-0.139,"bolussnooze":0.8832,"activity":0.0272,"lastBolusTime":1703007647174,"time":"2023-12-19T18:19:56.803Z"}},{"iob":1.946,"basaliob":-0.093,"bolussnooze":0.7441,"activity":0.0268,"lastBolusTime":1703007647174,"time":"2023-12-19T18:24:56.803Z","iobWithZeroTemp":{"iob":1.9,"basaliob":-0.139,"bolussnooze":0.7441,"activity":0.0266,"lastBolusTime":1703007647174,"time":"2023-12-19T18:24:56.803Z"}},{"iob":1.814,"basaliob":-0.086,"bolussnooze":0.6225,"activity":0.0258,"lastBolusTime":1703007647174,"time":"2023-12-19T18:29:56.803Z","iobWithZeroTemp":{"iob":1.761,"basaliob":-0.139,"bolussnooze":0.6225,"activity":0.0255,"lastBolusTime":1703007647174,"time":"2023-12-19T18:29:56.803Z"}},{"iob":1.687,"basaliob":-0.08,"bolussnooze":0.5173,"activity":0.0249,"lastBolusTime":1703007647174,"time":"2023-12-19T18:34:56.803Z","iobWithZeroTemp":{"iob":1.628,"basaliob":-0.139,"bolussnooze":0.5173,"activity":0.0245,"lastBolusTime":1703007647174,"time":"2023-12-19T18:34:56.803Z"}},{"iob":1.566,"basaliob":-0.073,"bolussnooze":0.4271,"activity":0.0238,"lastBolusTime":1703007647174,"time":"2023-12-19T18:39:56.803Z","iobWithZeroTemp":{"iob":1.5,"basaliob":-0.139,"bolussnooze":0.4271,"activity":0.0234,"lastBolusTime":1703007647174,"time":"2023-12-19T18:39:56.803Z"}},{"iob":1.45,"basaliob":-0.067,"bolussnooze":0.3504,"activity":0.0227,"lastBolusTime":1703007647174,"time":"2023-12-19T18:44:56.803Z","iobWithZeroTemp":{"iob":1.378,"basaliob":-0.139,"bolussnooze":0.3504,"activity":0.0222,"lastBolusTime":1703007647174,"time":"2023-12-19T18:44:56.803Z"}},{"iob":1.339,"basaliob":-0.062,"bolussnooze":0.2856,"activity":0.0214,"lastBolusTime":1703007647174,"time":"2023-12-19T18:49:56.803Z","iobWithZeroTemp":{"iob":1.262,"basaliob":-0.139,"bolussnooze":0.2856,"activity":0.0208,"lastBolusTime":1703007647174,"time":"2023-12-19T18:49:56.803Z"}},{"iob":1.235,"basaliob":-0.057,"bolussnooze":0.2314,"activity":0.0203,"lastBolusTime":1703007647174,"time":"2023-12-19T18:54:56.803Z","iobWithZeroTemp":{"iob":1.153,"basaliob":-0.139,"bolussnooze":0.2314,"activity":0.0196,"lastBolusTime":1703007647174,"time":"2023-12-19T18:54:56.803Z"}},{"iob":1.136,"basaliob":-0.052,"bolussnooze":0.1861,"activity":0.0191,"lastBolusTime":1703007647174,"time":"2023-12-19T18:59:56.803Z","iobWithZeroTemp":{"iob":1.049,"basaliob":-0.139,"bolussnooze":0.1861,"activity":0.0184,"lastBolusTime":1703007647174,"time":"2023-12-19T18:59:56.803Z"}},{"iob":1.045,"basaliob":-0.047,"bolussnooze":0.1487,"activity":0.0179,"lastBolusTime":1703007647174,"time":"2023-12-19T19:04:56.803Z","iobWithZeroTemp":{"iob":0.933,"basaliob":-0.159,"bolussnooze":0.1487,"activity":0.0171,"lastBolusTime":1703007647174,"time":"2023-12-19T19:04:56.803Z"}},{"iob":0.958,"basaliob":-0.043,"bolussnooze":0.1179,"activity":0.0168,"lastBolusTime":1703007647174,"time":"2023-12-19T19:09:56.803Z","iobWithZeroTemp":{"iob":0.821,"basaliob":-0.18,"bolussnooze":0.1179,"activity":0.0159,"lastBolusTime":1703007647174,"time":"2023-12-19T19:09:56.803Z"}},{"iob":0.877,"basaliob":-0.039,"bolussnooze":0.0928,"activity":0.0157,"lastBolusTime":1703007647174,"time":"2023-12-19T19:14:56.803Z","iobWithZeroTemp":{"iob":0.716,"basaliob":-0.2,"bolussnooze":0.0928,"activity":0.0146,"lastBolusTime":1703007647174,"time":"2023-12-19T19:14:56.803Z"}},{"iob":0.801,"basaliob":-0.036,"bolussnooze":0.0724,"activity":0.0145,"lastBolusTime":1703007647174,"time":"2023-12-19T19:19:56.803Z","iobWithZeroTemp":{"iob":0.617,"basaliob":-0.22,"bolussnooze":0.0724,"activity":0.0132,"lastBolusTime":1703007647174,"time":"2023-12-19T19:19:56.803Z"}},{"iob":0.731,"basaliob":-0.032,"bolussnooze":0.056,"activity":0.0136,"lastBolusTime":1703007647174,"time":"2023-12-19T19:24:56.803Z","iobWithZeroTemp":{"iob":0.525,"basaliob":-0.238,"bolussnooze":0.056,"activity":0.0121,"lastBolusTime":1703007647174,"time":"2023-12-19T19:24:56.803Z"}},{"iob":0.666,"basaliob":-0.029,"bolussnooze":0.0429,"activity":0.0125,"lastBolusTime":1703007647174,"time":"2023-12-19T19:29:56.803Z","iobWithZeroTemp":{"iob":0.439,"basaliob":-0.256,"bolussnooze":0.0429,"activity":0.0108,"lastBolusTime":1703007647174,"time":"2023-12-19T19:29:56.803Z"}},{"iob":0.605,"basaliob":-0.027,"bolussnooze":0.0325,"activity":0.0116,"lastBolusTime":1703007647174,"time":"2023-12-19T19:34:56.803Z","iobWithZeroTemp":{"iob":0.358,"basaliob":-0.274,"bolussnooze":0.0325,"activity":0.0097,"lastBolusTime":1703007647174,"time":"2023-12-19T19:34:56.803Z"}},{"iob":0.55,"basaliob":-0.024,"bolussnooze":0.0244,"activity":0.0107,"lastBolusTime":1703007647174,"time":"2023-12-19T19:39:56.803Z","iobWithZeroTemp":{"iob":0.284,"basaliob":-0.29,"bolussnooze":0.0244,"activity":0.0086,"lastBolusTime":1703007647174,"time":"2023-12-19T19:39:56.803Z"}},{"iob":0.498,"basaliob":-0.022,"bolussnooze":0.018,"activity":0.0099,"lastBolusTime":1703007647174,"time":"2023-12-19T19:44:56.803Z","iobWithZeroTemp":{"iob":0.214,"basaliob":-0.306,"bolussnooze":0.018,"activity":0.0076,"lastBolusTime":1703007647174,"time":"2023-12-19T19:44:56.803Z"}},{"iob":0.451,"basaliob":-0.02,"bolussnooze":0.0132,"activity":0.0091,"lastBolusTime":1703007647174,"time":"2023-12-19T19:49:56.803Z","iobWithZeroTemp":{"iob":0.15,"basaliob":-0.321,"bolussnooze":0.0132,"activity":0.0065,"lastBolusTime":1703007647174,"time":"2023-12-19T19:49:56.803Z"}},{"iob":0.407,"basaliob":-0.018,"bolussnooze":0.0095,"activity":0.0083,"lastBolusTime":1703007647174,"time":"2023-12-19T19:54:56.803Z","iobWithZeroTemp":{"iob":0.09,"basaliob":-0.335,"bolussnooze":0.0095,"activity":0.0055,"lastBolusTime":1703007647174,"time":"2023-12-19T19:54:56.803Z"}},{"iob":0.368,"basaliob":-0.016,"bolussnooze":0.0067,"activity":0.0077,"lastBolusTime":1703007647174,"time":"2023-12-19T19:59:56.803Z","iobWithZeroTemp":{"iob":0.037,"basaliob":-0.347,"bolussnooze":0.0067,"activity":0.0047,"lastBolusTime":1703007647174,"time":"2023-12-19T19:59:56.803Z"}},{"iob":0.332,"basaliob":-0.014,"bolussnooze":0.0046,"activity":0.007,"lastBolusTime":1703007647174,"time":"2023-12-19T20:04:56.803Z","iobWithZeroTemp":{"iob":-0.013,"basaliob":-0.359,"bolussnooze":0.0046,"activity":0.0038,"lastBolusTime":1703007647174,"time":"2023-12-19T20:04:56.803Z"}},{"iob":0.298,"basaliob":-0.013,"bolussnooze":0.003,"activity":0.0064,"lastBolusTime":1703007647174,"time":"2023-12-19T20:09:56.803Z","iobWithZeroTemp":{"iob":-0.06,"basaliob":-0.371,"bolussnooze":0.003,"activity":0.003,"lastBolusTime":1703007647174,"time":"2023-12-19T20:09:56.803Z"}},{"iob":0.268,"basaliob":-0.011,"bolussnooze":0.0019,"activity":0.0058,"lastBolusTime":1703007647174,"time":"2023-12-19T20:14:56.803Z","iobWithZeroTemp":{"iob":-0.102,"basaliob":-0.381,"bolussnooze":0.0019,"activity":0.0023,"lastBolusTime":1703007647174,"time":"2023-12-19T20:14:56.803Z"}},{"iob":0.24,"basaliob":-0.01,"bolussnooze":0.0011,"activity":0.0053,"lastBolusTime":1703007647174,"time":"2023-12-19T20:19:56.803Z","iobWithZeroTemp":{"iob":-0.141,"basaliob":-0.391,"bolussnooze":0.0011,"activity":0.0016,"lastBolusTime":1703007647174,"time":"2023-12-19T20:19:56.803Z"}},{"iob":0.214,"basaliob":-0.009,"bolussnooze":5.0E-4,"activity":0.0048,"lastBolusTime":1703007647174,"time":"2023-12-19T20:24:56.803Z","iobWithZeroTemp":{"iob":-0.177,"basaliob":-0.4,"bolussnooze":5.0E-4,"activity":9.0E-4,"lastBolusTime":1703007647174,"time":"2023-12-19T20:24:56.803Z"}},{"iob":0.192,"basaliob":-0.008,"bolussnooze":2.0E-4,"activity":0.0044,"lastBolusTime":1703007647174,"time":"2023-12-19T20:29:56.803Z","iobWithZeroTemp":{"iob":-0.208,"basaliob":-0.408,"bolussnooze":2.0E-4,"activity":4.0E-4,"lastBolusTime":1703007647174,"time":"2023-12-19T20:29:56.803Z"}},{"iob":0.171,"basaliob":-0.007,"bolussnooze":1.0E-4,"activity":0.0039,"lastBolusTime":1703007647174,"time":"2023-12-19T20:34:56.803Z","iobWithZeroTemp":{"iob":-0.238,"basaliob":-0.416,"bolussnooze":1.0E-4,"activity":-3.0E-4,"lastBolusTime":1703007647174,"time":"2023-12-19T20:34:56.803Z"}},{"iob":0.152,"basaliob":-0.006,"bolussnooze":0,"activity":0.0035,"lastBolusTime":1703007647174,"time":"2023-12-19T20:39:56.803Z","iobWithZeroTemp":{"iob":-0.265,"basaliob":-0.423,"bolussnooze":0,"activity":-8.0E-4,"lastBolusTime":1703007647174,"time":"2023-12-19T20:39:56.803Z"}},{"iob":0.134,"basaliob":-0.006,"bolussnooze":0,"activity":0.0033,"lastBolusTime":1703007647174,"time":"2023-12-19T20:44:56.803Z","iobWithZeroTemp":{"iob":-0.29,"basaliob":-0.43,"bolussnooze":0,"activity":-0.0011,"lastBolusTime":1703007647174,"time":"2023-12-19T20:44:56.803Z"}},{"iob":0.119,"basaliob":-0.005,"bolussnooze":0,"activity":0.0029,"lastBolusTime":1703007647174,"time":"2023-12-19T20:49:56.803Z","iobWithZeroTemp":{"iob":-0.312,"basaliob":-0.436,"bolussnooze":0,"activity":-0.0017,"lastBolusTime":1703007647174,"time":"2023-12-19T20:49:56.803Z"}},{"iob":0.106,"basaliob":-0.004,"bolussnooze":0,"activity":0.0026,"lastBolusTime":1703007647174,"time":"2023-12-19T20:54:56.803Z","iobWithZeroTemp":{"iob":-0.331,"basaliob":-0.441,"bolussnooze":0,"activity":-0.0021,"lastBolusTime":1703007647174,"time":"2023-12-19T20:54:56.803Z"}},{"iob":0.093,"basaliob":-0.004,"bolussnooze":0,"activity":0.0024,"lastBolusTime":1703007647174,"time":"2023-12-19T20:59:56.803Z","iobWithZeroTemp":{"iob":-0.349,"basaliob":-0.446,"bolussnooze":0,"activity":-0.0024,"lastBolusTime":1703007647174,"time":"2023-12-19T20:59:56.803Z"}},{"iob":0.082,"basaliob":-0.003,"bolussnooze":0,"activity":0.0021,"lastBolusTime":1703007647174,"time":"2023-12-19T21:04:56.803Z","iobWithZeroTemp":{"iob":-0.361,"basaliob":-0.446,"bolussnooze":0,"activity":-0.0028,"lastBolusTime":1703007647174,"time":"2023-12-19T21:04:56.803Z"}},{"iob":0.072,"basaliob":-0.003,"bolussnooze":0,"activity":0.0019,"lastBolusTime":1703007647174,"time":"2023-12-19T21:09:56.803Z","iobWithZeroTemp":{"iob":-0.372,"basaliob":-0.447,"bolussnooze":0,"activity":-0.003,"lastBolusTime":1703007647174,"time":"2023-12-19T21:09:56.803Z"}},{"iob":0.062,"basaliob":-0.003,"bolussnooze":0,"activity":0.0017,"lastBolusTime":1703007647174,"time":"2023-12-19T21:14:56.803Z","iobWithZeroTemp":{"iob":-0.382,"basaliob":-0.447,"bolussnooze":0,"activity":-0.0033,"lastBolusTime":1703007647174,"time":"2023-12-19T21:14:56.803Z"}},{"iob":0.055,"basaliob":-0.002,"bolussnooze":0,"activity":0.0015,"lastBolusTime":1703007647174,"time":"2023-12-19T21:19:56.803Z","iobWithZeroTemp":{"iob":-0.389,"basaliob":-0.446,"bolussnooze":0,"activity":-0.0036,"lastBolusTime":1703007647174,"time":"2023-12-19T21:19:56.803Z"}},{"iob":0.047,"basaliob":-0.002,"bolussnooze":0,"activity":0.0013,"lastBolusTime":1703007647174,"time":"2023-12-19T21:24:56.803Z","iobWithZeroTemp":{"iob":-0.396,"basaliob":-0.445,"bolussnooze":0,"activity":-0.0038,"lastBolusTime":1703007647174,"time":"2023-12-19T21:24:56.803Z"}},{"iob":0.041,"basaliob":-0.002,"bolussnooze":0,"activity":0.0012,"lastBolusTime":1703007647174,"time":"2023-12-19T21:29:56.803Z","iobWithZeroTemp":{"iob":-0.402,"basaliob":-0.445,"bolussnooze":0,"activity":-0.0039,"lastBolusTime":1703007647174,"time":"2023-12-19T21:29:56.803Z"}},{"iob":0.036,"basaliob":-0.001,"bolussnooze":0,"activity":0.0011,"lastBolusTime":1703007647174,"time":"2023-12-19T21:34:56.803Z","iobWithZeroTemp":{"iob":-0.406,"basaliob":-0.443,"bolussnooze":0,"activity":-0.0041,"lastBolusTime":1703007647174,"time":"2023-12-19T21:34:56.803Z"}},{"iob":0.031,"basaliob":-0.001,"bolussnooze":0,"activity":0.001,"lastBolusTime":1703007647174,"time":"2023-12-19T21:39:56.803Z","iobWithZeroTemp":{"iob":-0.41,"basaliob":-0.442,"bolussnooze":0,"activity":-0.0042,"lastBolusTime":1703007647174,"time":"2023-12-19T21:39:56.803Z"}},{"iob":0.026,"basaliob":-0.001,"bolussnooze":0,"activity":9.0E-4,"lastBolusTime":1703007647174,"time":"2023-12-19T21:44:56.803Z","iobWithZeroTemp":{"iob":-0.414,"basaliob":-0.441,"bolussnooze":0,"activity":-0.0043,"lastBolusTime":1703007647174,"time":"2023-12-19T21:44:56.803Z"}},{"iob":0.022,"basaliob":-0.001,"bolussnooze":0,"activity":8.0E-4,"lastBolusTime":1703007647174,"time":"2023-12-19T21:49:56.803Z","iobWithZeroTemp":{"iob":-0.418,"basaliob":-0.441,"bolussnooze":0,"activity":-0.0044,"lastBolusTime":1703007647174,"time":"2023-12-19T21:49:56.803Z"}}],"profile":{"max_iob":10,"type":"current","max_daily_basal":0.4,"max_basal":0.4,"min_bg":75,"max_bg":75,"target_bg":75,"carb_ratio":8.8,"sens":120,"max_daily_safety_multiplier":3,"current_basal_safety_multiplier":4,"lgsThreshold":95,"high_temptarget_raises_sensitivity":true,"low_temptarget_lowers_sensitivity":true,"sensitivity_raises_target":true,"resistance_lowers_target":true,"adv_target_adjustments":false,"exercise_mode":false,"half_basal_exercise_target":160,"maxCOB":120,"skip_neutral_temps":false,"remainingCarbsCap":90,"enableUAM":true,"A52_risk_enable":false,"SMBInterval":5,"enableSMB_with_COB":true,"enableSMB_with_temptarget":true,"allowSMB_with_high_temptarget":false,"enableSMB_always":false,"enableSMB_after_carbs":true,"maxSMBBasalMinutes":30,"maxUAMSMBBasalMinutes":40,"bolus_increment":0.05,"carbsReqThreshold":4,"current_basal":0.1,"temptargetSet":true,"autosens_max":1.3,"autosens_min":0.7,"variable_sens":77.7,"insulinDivisor":75,"TDD":19.56463571428571},"autosens_data":{"ratio":0.7800944730270484},"meal_data":{"carbs":25,"mealCOB":10.509333333333336,"slopeFromMaxDeviation":-0.0028000000000005802,"slopeFromMinDeviation":2.026,"lastBolusTime":1703007647174,"lastCarbTime":1703007645856},"microBolusAllowed":true,"currentTime":1703008498654,"flatBGsDetected":false,"tdd1D":16.220833333333324,"tdd7D":19.783928571428568,"tddLast24H":15.433333333333335,"tddLast4H":4.004166666666666,"tddLast8to4H":3.2583333333333333},"output":{"temp":"absolute","bg":170,"tick":"+6","eventualBG":138,"targetBG":75,"insulinReq":-0.46,"deliverAt":"2023-12-19T17:54:58.654Z","sensitivityRatio":1.3,"variable_sens":77.7,"predBGs":{"IOB":[170,174,177,178,178,177,175,171,166,160,153,145,136,127,118,110,101,93,84,76,68,60,51,42,39],"ZT":[170,160,149,137,124,111,98,83,67,50,39,39,39,39,39,39,39,39,39,39,39,39,39,39,39,39,39,39,39,39,39,39,39,39,39,39,39,39,39,39,39,39,39,39,39,39,39,39],"COB":[170,174,177,178,177,175,173,168,163,157,150,143,134,126,119,112,105,99,94,88,84,79,75,71,68,64,61,59,56,54,52,50,48,47,45,44,43,42,41,40,39],"UAM":[170,175,179,182,185,187,189,190,191,192,193,193,193,193,192,192,191,189,188,186,183,181,178,174,171,168,165,162,159,157,155,153,151,149,148,147,145,144,143,142,142,141,140,140,139,139,138]},"reason":"COB: 10.5, Dev: 95, BGI: -10, ISF: 78, CR: 8.8, Target: 75, minPredBG 39, minGuardBG 95, IOBpredBG 39, COBpredBG 39, UAMpredBG 138; Eventual BG 138 >= 75,  insulinReq -0.46; setting 60m low temp of 0U\/h. ","COB":10.509333333333336,"IOB":2.774,"rate":0,"duration":60,"timestamp":"2023-12-19T17:54:58.687Z"}}