{"algorithm":"OpenAPSSMBDynamicISFPlugin","input":{"glucoseStatus":{"glucose":117,"noise":0,"delta":1.11,"short_avgdelta":1.11,"long_avgdelta":0.82,"date":1703042067000},"currenttemp":{"temp":"absolute","duration":0,"rate":0},"iob_data":[{"iob":0.049,"basaliob":0.049,"bolussnooze":0,"activity":1.0E-4,"lastBolusTime":1703025007140,"time":"2023-12-20T03:15:02.164Z","iobWithZeroTemp":{"iob":0.049,"basaliob":0.049,"bolussnooze":0,"activity":1.0E-4,"lastBolusTime":1703025007140,"time":"2023-12-20T03:15:02.164Z"}},{"iob":0.048,"basaliob":0.048,"bolussnooze":0,"activity":2.0E-4,"lastBolusTime":1703025007140,"time":"2023-12-20T03:20:02.164Z","iobWithZeroTemp":{"iob":0.025,"basaliob":0.025,"bolussnooze":0,"activity":2.0E-4,"lastBolusTime":1703025007140,"time":"2023-12-20T03:20:02.164Z"}},{"iob":0.047,"basaliob":0.047,"bolussnooze":0,"activity":3.0E-4,"lastBolusTime":1703025007140,"time":"2023-12-20T03:25:02.164Z","iobWithZeroTemp":{"iob":-0.005,"basaliob":-0.005,"bolussnooze":0,"activity":2.0E-4,"lastBolusTime":1703025007140,"time":"2023-12-20T03:25:02.164Z"}},{"iob":0.046,"basaliob":0.046,"bolussnooze":0,"activity":3.0E-4,"lastBolusTime":1703025007140,"time":"2023-12-20T03:30:02.164Z","iobWithZeroTemp":{"iob":-0.035,"basaliob":-0.035,"bolussnooze":0,"activity":1.0E-4,"lastBolusTime":1703025007140,"time":"2023-12-20T03:30:02.164Z"}},{"iob":0.044,"basaliob":0.044,"bolussnooze":0,"activity":4.0E-4,"lastBolusTime":1703025007140,"time":"2023-12-20T03:35:02.164Z","iobWithZeroTemp":{"iob":-0.064,"basaliob":-0.064,"bolussnooze":0,"activity":0,"lastBolusTime":1703025007140,"time":"2023-12-20T03:35:02.164Z"}},{"iob":0.042,"basaliob":0.042,"bolussnooze":0,"activity":4.0E-4,"lastBolusTime":1703025007140,"time":"2023-12-20T03:40:02.164Z","iobWithZeroTemp":{"iob":-0.093,"basaliob":-0.093,"bolussnooze":0,"activity":-2.0E-4,"lastBolusTime":1703025007140,"time":"2023-12-20T03:40:02.164Z"}},{"iob":0.04,"basaliob":0.04,"bolussnooze":0,"activity":4.0E-4,"lastBolusTime":1703025007140,"time":"2023-12-20T03:45:02.164Z","iobWithZeroTemp":{"iob":-0.12,"basaliob":-0.12,"bolussnooze":0,"activity":-4.0E-4,"lastBolusTime":1703025007140,"time":"2023-12-20T03:45:02.164Z"}},{"iob":0.038,"basaliob":0.038,"bolussnooze":0,"activity":4.0E-4,"lastBolusTime":1703025007140,"time":"2023-12-20T03:50:02.164Z","iobWithZeroTemp":{"iob":-0.147,"basaliob":-0.147,"bolussnooze":0,"activity":-7.0E-4,"lastBolusTime":1703025007140,"time":"2023-12-20T03:50:02.164Z"}},{"iob":0.036,"basaliob":0.036,"bolussnooze":0,"activity":4.0E-4,"lastBolusTime":1703025007140,"time":"2023-12-20T03:55:02.164Z","iobWithZeroTemp":{"iob":-0.172,"basaliob":-0.172,"bolussnooze":0,"activity":-9.0E-4,"lastBolusTime":1703025007140,"time":"2023-12-20T03:55:02.164Z"}},{"iob":0.034,"basaliob":0.034,"bolussnooze":0,"activity":4.0E-4,"lastBolusTime":1703025007140,"time":"2023-12-20T04:00:02.164Z","iobWithZeroTemp":{"iob":-0.196,"basaliob":-0.196,"bolussnooze":0,"activity":-0.0012,"lastBolusTime":1703025007140,"time":"2023-12-20T04:00:02.164Z"}},{"iob":0.032,"basaliob":0.032,"bolussnooze":0,"activity":4.0E-4,"lastBolusTime":1703025007140,"time":"2023-12-20T04:05:02.164Z","iobWithZeroTemp":{"iob":-0.223,"basaliob":-0.223,"bolussnooze":0,"activity":-0.0014,"lastBolusTime":1703025007140,"time":"2023-12-20T04:05:02.164Z"}},{"iob":0.03,"basaliob":0.03,"bolussnooze":0,"activity":4.0E-4,"lastBolusTime":1703025007140,"time":"2023-12-20T04:10:02.164Z","iobWithZeroTemp":{"iob":-0.248,"basaliob":-0.248,"bolussnooze":0,"activity":-0.0017,"lastBolusTime":1703025007140,"time":"2023-12-20T04:10:02.164Z"}},{"iob":0.028,"basaliob":0.028,"bolussnooze":0,"activity":4.0E-4,"lastBolusTime":1703025007140,"time":"2023-12-20T04:15:02.164Z","iobWithZeroTemp":{"iob":-0.273,"basaliob":-0.273,"bolussnooze":0,"activity":-0.0019,"lastBolusTime":1703025007140,"time":"2023-12-20T04:15:02.164Z"}},{"iob":0.026,"basaliob":0.026,"bolussnooze":0,"activity":4.0E-4,"lastBolusTime":1703025007140,"time":"2023-12-20T04:20:02.164Z","iobWithZeroTemp":{"iob":-0.296,"basaliob":-0.296,"bolussnooze":0,"activity":-0.0022,"lastBolusTime":1703025007140,"time":"2023-12-20T04:20:02.164Z"}},{"iob":0.024,"basaliob":0.024,"bolussnooze":0,"activity":4.0E-4,"lastBolusTime":1703025007140,"time":"2023-12-20T04:25:02.164Z","iobWithZeroTemp":{"iob":-0.317,"basaliob":-0.317,"bolussnooze":0,"activity":-0.0025,"lastBolusTime":1703025007140,"time":"2023-12-20T04:25:02.164Z"}},{"iob":0.022,"basaliob":0.022,"bolussnooze":0,"activity":3.0E-4,"lastBolusTime":1703025007140,"time":"2023-12-20T04:30:02.164Z","iobWithZeroTemp":{"iob":-0.338,"basaliob":-0.338,"bolussnooze":0,"activity":-0.0028,"lastBolusTime":1703025007140,"time":"2023-12-20T04:30:02.164Z"}},{"iob":0.021,"basaliob":0.021,"bolussnooze":0,"activity":3.0E-4,"lastBolusTime":0,"time":"2023-12-20T04:35:02.164Z","iobWithZeroTemp":{"iob":-0.356,"basaliob":-0.356,"bolussnooze":0,"activity":-0.003,"lastBolusTime":0,"time":"2023-12-20T04:35:02.164Z"}},{"iob":0.019,"basaliob":0.019,"bolussnooze":0,"activity":3.0E-4,"lastBolusTime":0,"time":"2023-12-20T04:40:02.164Z","iobWithZeroTemp":{"iob":-0.374,"basaliob":-0.374,"bolussnooze":0,"activity":-0.0033,"lastBolusTime":0,"time":"2023-12-20T04:40:02.164Z"}},{"iob":0.018,"basaliob":0.018,"bolussnooze":0,"activity":3.0E-4,"lastBolusTime":0,"time":"2023-12-20T04:45:02.164Z","iobWithZeroTemp":{"iob":-0.39,"basaliob":-0.39,"bolussnooze":0,"activity":-0.0035,"lastBolusTime":0,"time":"2023-12-20T04:45:02.164Z"}},{"iob":0.016,"basaliob":0.016,"bolussnooze":0,"activity":3.0E-4,"lastBolusTime":0,"time":"2023-12-20T04:50:02.164Z","iobWithZeroTemp":{"iob":-0.406,"basaliob":-0.406,"bolussnooze":0,"activity":-0.0037,"lastBolusTime":0,"time":"2023-12-20T04:50:02.164Z"}},{"iob":0.015,"basaliob":0.015,"bolussnooze":0,"activity":3.0E-4,"lastBolusTime":0,"time":"2023-12-20T04:55:02.164Z","iobWithZeroTemp":{"iob":-0.419,"basaliob":-0.419,"bolussnooze":0,"activity":-0.0039,"lastBolusTime":0,"time":"2023-12-20T04:55:02.164Z"}},{"iob":0.014,"basaliob":0.014,"bolussnooze":0,"activity":2.0E-4,"lastBolusTime":0,"time":"2023-12-20T05:00:02.164Z","iobWithZeroTemp":{"iob":-0.432,"basaliob":-0.432,"bolussnooze":0,"activity":-0.0042,"lastBolusTime":0,"time":"2023-12-20T05:00:02.164Z"}},{"iob":0.013,"basaliob":0.013,"bolussnooze":0,"activity":2.0E-4,"lastBolusTime":0,"time":"2023-12-20T05:05:02.164Z","iobWithZeroTemp":{"iob":-0.44,"basaliob":-0.44,"bolussnooze":0,"activity":-0.0044,"lastBolusTime":0,"time":"2023-12-20T05:05:02.164Z"}},{"iob":0.011,"basaliob":0.011,"bolussnooze":0,"activity":2.0E-4,"lastBolusTime":0,"time":"2023-12-20T05:10:02.164Z","iobWithZeroTemp":{"iob":-0.448,"basaliob":-0.448,"bolussnooze":0,"activity":-0.0045,"lastBolusTime":0,"time":"2023-12-20T05:10:02.164Z"}},{"iob":0.01,"basaliob":0.01,"bolussnooze":0,"activity":2.0E-4,"lastBolusTime":0,"time":"2023-12-20T05:15:02.164Z","iobWithZeroTemp":{"iob":-0.454,"basaliob":-0.454,"bolussnooze":0,"activity":-0.0047,"lastBolusTime":0,"time":"2023-12-20T05:15:02.164Z"}},{"iob":0.01,"basaliob":0.01,"bolussnooze":0,"activity":2.0E-4,"lastBolusTime":0,"time":"2023-12-20T05:20:02.164Z","iobWithZeroTemp":{"iob":-0.458,"basaliob":-0.458,"bolussnooze":0,"activity":-0.0048,"lastBolusTime":0,"time":"2023-12-20T05:20:02.164Z"}},{"iob":0.009,"basaliob":0.009,"bolussnooze":0,"activity":2.0E-4,"lastBolusTime":0,"time":"2023-12-20T05:25:02.164Z","iobWithZeroTemp":{"iob":-0.463,"basaliob":-0.463,"bolussnooze":0,"activity":-0.0049,"lastBolusTime":0,"time":"2023-12-20T05:25:02.164Z"}},{"iob":0.008,"basaliob":0.008,"bolussnooze":0,"activity":2.0E-4,"lastBolusTime":0,"time":"2023-12-20T05:30:02.164Z","iobWithZeroTemp":{"iob":-0.468,"basaliob":-0.468,"bolussnooze":0,"activity":-0.005,"lastBolusTime":0,"time":"2023-12-20T05:30:02.164Z"}},{"iob":0.007,"basaliob":0.007,"bolussnooze":0,"activity":1.0E-4,"lastBolusTime":0,"time":"2023-12-20T05:35:02.164Z","iobWithZeroTemp":{"iob":-0.471,"basaliob":-0.471,"bolussnooze":0,"activity":-0.0052,"lastBolusTime":0,"time":"2023-12-20T05:35:02.164Z"}},{"iob":0.006,"basaliob":0.006,"bolussnooze":0,"activity":1.0E-4,"lastBolusTime":0,"time":"2023-12-20T05:40:02.164Z","iobWithZeroTemp":{"iob":-0.475,"basaliob":-0.475,"bolussnooze":0,"activity":-0.0053,"lastBolusTime":0,"time":"2023-12-20T05:40:02.164Z"}},{"iob":0.006,"basaliob":0.006,"bolussnooze":0,"activity":1.0E-4,"lastBolusTime":0,"time":"2023-12-20T05:45:02.164Z","iobWithZeroTemp":{"iob":-0.477,"basaliob":-0.477,"bolussnooze":0,"activity":-0.0053,"lastBolusTime":0,"time":"2023-12-20T05:45:02.164Z"}},{"iob":0.005,"basaliob":0.005,"bolussnooze":0,"activity":1.0E-4,"lastBolusTime":0,"time":"2023-12-20T05:50:02.164Z","iobWithZeroTemp":{"iob":-0.48,"basaliob":-0.48,"bolussnooze":0,"activity":-0.0054,"lastBolusTime":0,"time":"2023-12-20T05:50:02.164Z"}},{"iob":0.005,"basaliob":0.005,"bolussnooze":0,"activity":1.0E-4,"lastBolusTime":0,"time":"2023-12-20T05:55:02.164Z","iobWithZeroTemp":{"iob":-0.482,"basaliob":-0.482,"bolussnooze":0,"activity":-0.0054,"lastBolusTime":0,"time":"2023-12-20T05:55:02.164Z"}},{"iob":0.004,"basaliob":0.004,"bolussnooze":0,"activity":1.0E-4,"lastBolusTime":0,"time":"2023-12-20T06:00:02.164Z","iobWithZeroTemp":{"iob":-0.484,"basaliob":-0.484,"bolussnooze":0,"activity":-0.0055,"lastBolusTime":0,"time":"2023-12-20T06:00:02.164Z"}},{"iob":0.004,"basaliob":0.004,"bolussnooze":0,"activity":1.0E-4,"lastBolusTime":0,"time":"2023-12-20T06:05:02.164Z","iobWithZeroTemp":{"iob":-0.485,"basaliob":-0.485,"bolussnooze":0,"activity":-0.0055,"lastBolusTime":0,"time":"2023-12-20T06:05:02.164Z"}},{"iob":0.003,"basaliob":0.003,"bolussnooze":0,"activity":1.0E-4,"lastBolusTime":0,"time":"2023-12-20T06:10:02.164Z","iobWithZeroTemp":{"iob":-0.487,"basaliob":-0.487,"bolussnooze":0,"activity":-0.0056,"lastBolusTime":0,"time":"2023-12-20T06:10:02.164Z"}},{"iob":0.003,"basaliob":0.003,"bolussnooze":0,"activity":1.0E-4,"lastBolusTime":0,"time":"2023-12-20T06:15:02.164Z","iobWithZeroTemp":{"iob":-0.488,"basaliob":-0.488,"bolussnooze":0,"activity":-0.0056,"lastBolusTime":0,"time":"2023-12-20T06:15:02.164Z"}},{"iob":0.003,"basaliob":0.003,"bolussnooze":0,"activity":1.0E-4,"lastBolusTime":0,"time":"2023-12-20T06:20:02.164Z","iobWithZeroTemp":{"iob":-0.488,"basaliob":-0.488,"bolussnooze":0,"activity":-0.0056,"lastBolusTime":0,"time":"2023-12-20T06:20:02.164Z"}},{"iob":0.002,"basaliob":0.002,"bolussnooze":0,"activity":1.0E-4,"lastBolusTime":0,"time":"2023-12-20T06:25:02.164Z","iobWithZeroTemp":{"iob":-0.49,"basaliob":-0.49,"bolussnooze":0,"activity":-0.0056,"lastBolusTime":0,"time":"2023-12-20T06:25:02.164Z"}},{"iob":0.002,"basaliob":0.002,"bolussnooze":0,"activity":1.0E-4,"lastBolusTime":0,"time":"2023-12-20T06:30:02.164Z","iobWithZeroTemp":{"iob":-0.49,"basaliob":-0.49,"bolussnooze":0,"activity":-0.0057,"lastBolusTime":0,"time":"2023-12-20T06:30:02.164Z"}},{"iob":0.002,"basaliob":0.002,"bolussnooze":0,"activity":0,"lastBolusTime":0,"time":"2023-12-20T06:35:02.164Z","iobWithZeroTemp":{"iob":-0.491,"basaliob":-0.491,"bolussnooze":0,"activity":-0.0058,"lastBolusTime":0,"time":"2023-12-20T06:35:02.164Z"}},{"iob":0.002,"basaliob":0.002,"bolussnooze":0,"activity":0,"lastBolusTime":0,"time":"2023-12-20T06:40:02.164Z","iobWithZeroTemp":{"iob":-0.491,"basaliob":-0.491,"bolussnooze":0,"activity":-0.0058,"lastBolusTime":0,"time":"2023-12-20T06:40:02.164Z"}},{"iob":0.001,"basaliob":0.001,"bolussnooze":0,"activity":0,"lastBolusTime":0,"time":"2023-12-20T06:45:02.164Z","iobWithZeroTemp":{"iob":-0.492,"basaliob":-0.492,"bolussnooze":0,"activity":-0.0058,"lastBolusTime":0,"time":"2023-12-20T06:45:02.164Z"}},{"iob":0.001,"basaliob":0.001,"bolussnooze":0,"activity":0,"lastBolusTime":0,"time":"2023-12-20T06:50:02.164Z","iobWithZeroTemp":{"iob":-0.492,"basaliob":-0.492,"bolussnooze":0,"activity":-0.0058,"lastBolusTime":0,"time":"2023-12-20T06:50:02.164Z"}},{"iob":0.001,"basaliob":0.001,"bolussnooze":0,"activity":0,"lastBolusTime":0,"time":"2023-12-20T06:55:02.164Z","iobWithZeroTemp":{"iob":-0.492,"basaliob":-0.492,"bolussnooze":0,"activity":-0.0058,"lastBolusTime":0,"time":"2023-12-20T06:55:02.164Z"}},{"iob":0.001,"basaliob":0.001,"bolussnooze":0,"activity":0,"lastBolusTime":0,"time":"2023-12-20T07:00:02.164Z","iobWithZeroTemp":{"iob":-0.492,"basaliob":-0.492,"bolussnooze":0,"activity":-0.0058,"lastBolusTime":0,"time":"2023-12-20T07:00:02.164Z"}},{"iob":0.001,"basaliob":0.001,"bolussnooze":0,"activity":0,"lastBolusTime":0,"time":"2023-12-20T07:05:02.164Z","iobWithZeroTemp":{"iob":-0.492,"basaliob":-0.492,"bolussnooze":0,"activity":-0.0058,"lastBolusTime":0,"time":"2023-12-20T07:05:02.164Z"}},{"iob":0.001,"basaliob":0.001,"bolussnooze":0,"activity":0,"lastBolusTime":0,"time":"2023-12-20T07:10:02.164Z","iobWithZeroTemp":{"iob":-0.492,"basaliob":-0.492,"bolussnooze":0,"activity":-0.0058,"lastBolusTime":0,"time":"2023-12-20T07:10:02.164Z"}}],"profile":{"max_iob":10,"type":"current","max_daily_basal":0.4,"max_basal":1.2,"min_bg":95,"max_bg":95,"target_bg":95,"carb_ratio":8.8,"sens":130,"max_daily_safety_multiplier":3,"current_basal_safety_multiplier":4,"lgsThreshold":95,"high_temptarget_raises_sensitivity":true,"low_temptarget_lowers_sensitivity":true,"sensitivity_raises_target":true,"resistance_lowers_target":true,"adv_target_adjustments":false,"exercise_mode":false,"half_basal_exercise_target":160,"maxCOB":120,"skip_neutral_temps":false,"remainingCarbsCap":90,"enableUAM":true,"A52_risk_enable":false,"SMBInterval":5,"enableSMB_with_COB":true,"enableSMB_with_temptarget":true,"allowSMB_with_high_temptarget":false,"enableSMB_always":false,"enableSMB_after_carbs":true,"maxSMBBasalMinutes":30,"maxUAMSMBBasalMinutes":40,"bolus_increment":0.05,"carbsReqThreshold":4,"current_basal":0.35,"temptargetSet":false,"autosens_max":1.3,"autosens_min":0.7,"variable_sens":156.1,"insulinDivisor":75,"TDD":12.269813095238096},"autosens_data":{"ratio":0.7965675293793296},"meal_data":{"carbs":0,"mealCOB":0,"slopeFromMaxDeviation":-0.3844285714285714,"slopeFromMinDeviation":0.04654545454545454,"lastBolusTime":1703025007140,"lastCarbTime":0},"microBolusAllowed":true,"currentTime":1703042103909,"flatBGsDetected":false,"tdd1D":13.533333333333333,"tdd7D":17.272023809523805,"tddLast24H":13.758333333333335,"tddLast4H":0.8916666666666668,"tddLast8to4H":1.1708333333333332},"output":{"temp":"absolute","bg":117,"tick":"+1","eventualBG":116,"targetBG":104,"insulinReq":0.08,"deliverAt":"2023-12-20T03:15:03.909Z","sensitivityRatio":0.7965675293793296,"variable_sens":156.1,"predBGs":{"IOB":[117,118,119,120,120,120,121,121,121,121,121,121,120,120,120,119,119,119,119,119,118,118,118,118,118,117,117,117,117,117,117,117,117,117,117,116],"ZT":[117,117,117,117,117,117,117,117,118,118],"UAM":[117,118,118,118,118,117,117,117,116,116,116,115,115,115,114,114,114,114,113,113,113,113,113,112,112,112,112,112,112,112,111]},"reason":"COB: 0, Dev: 7, BGI: 0, ISF: 156, CR: 8.8, Target: 104, minPredBG 116, minGuardBG 111, IOBpredBG 116, UAMpredBG 111; Eventual BG 116 >= 104, no temp, setting 0.44U\/hr. ","COB":0,"IOB":0.049,"duration":30,"rate":0.4387986352827653,"timestamp":"2023-12-20T03:15:03.961Z"}}