{"algorithm":"OpenAPSSMBDynamicISFPlugin","input":{"glucoseStatus":{"glucose":104,"noise":0,"delta":-3.39,"short_avgdelta":-3.39,"long_avgdelta":-3.76,"date":1702939163000},"currenttemp":{"temp":"absolute","duration":70,"rate":0,"minutesrunning":50},"iob_data":[{"iob":0.154,"basaliob":-0.156,"bolussnooze":0,"activity":0.0041,"lastBolusTime":1702935600626,"time":"2023-12-18T22:39:53.100Z","iobWithZeroTemp":{"iob":0.154,"basaliob":-0.156,"bolussnooze":0,"activity":0.0041,"lastBolusTime":1702935600626,"time":"2023-12-18T22:39:53.100Z"}},{"iob":0.134,"basaliob":-0.151,"bolussnooze":0,"activity":0.0036,"lastBolusTime":1702935600626,"time":"2023-12-18T22:44:53.100Z","iobWithZeroTemp":{"iob":0.114,"basaliob":-0.171,"bolussnooze":0,"activity":0.0036,"lastBolusTime":1702935600626,"time":"2023-12-18T22:44:53.100Z"}},{"iob":0.118,"basaliob":-0.144,"bolussnooze":0,"activity":0.0032,"lastBolusTime":1702935600626,"time":"2023-12-18T22:49:53.100Z","iobWithZeroTemp":{"iob":0.073,"basaliob":-0.189,"bolussnooze":0,"activity":0.0031,"lastBolusTime":1702935600626,"time":"2023-12-18T22:49:53.100Z"}},{"iob":0.102,"basaliob":-0.138,"bolussnooze":0,"activity":0.0028,"lastBolusTime":1702935600626,"time":"2023-12-18T22:54:53.100Z","iobWithZeroTemp":{"iob":0.033,"basaliob":-0.207,"bolussnooze":0,"activity":0.0026,"lastBolusTime":1702935600626,"time":"2023-12-18T22:54:53.100Z"}},{"iob":0.088,"basaliob":-0.131,"bolussnooze":0,"activity":0.0025,"lastBolusTime":1702935600626,"time":"2023-12-18T22:59:53.100Z","iobWithZeroTemp":{"iob":-0.005,"basaliob":-0.224,"bolussnooze":0,"activity":0.0021,"lastBolusTime":1702935600626,"time":"2023-12-18T22:59:53.100Z"}},{"iob":0.076,"basaliob":-0.124,"bolussnooze":0,"activity":0.0023,"lastBolusTime":1702935600626,"time":"2023-12-18T23:04:53.100Z","iobWithZeroTemp":{"iob":-0.035,"basaliob":-0.235,"bolussnooze":0,"activity":0.0018,"lastBolusTime":1702935600626,"time":"2023-12-18T23:04:53.100Z"}},{"iob":0.066,"basaliob":-0.117,"bolussnooze":0,"activity":0.002,"lastBolusTime":1702935600626,"time":"2023-12-18T23:09:53.100Z","iobWithZeroTemp":{"iob":-0.063,"basaliob":-0.246,"bolussnooze":0,"activity":0.0013,"lastBolusTime":1702935600626,"time":"2023-12-18T23:09:53.100Z"}},{"iob":0.056,"basaliob":-0.11,"bolussnooze":0,"activity":0.0017,"lastBolusTime":1702935600626,"time":"2023-12-18T23:14:53.100Z","iobWithZeroTemp":{"iob":-0.09,"basaliob":-0.256,"bolussnooze":0,"activity":8.0E-4,"lastBolusTime":1702935600626,"time":"2023-12-18T23:14:53.100Z"}},{"iob":0.048,"basaliob":-0.103,"bolussnooze":0,"activity":0.0015,"lastBolusTime":1702935600626,"time":"2023-12-18T23:19:53.100Z","iobWithZeroTemp":{"iob":-0.114,"basaliob":-0.265,"bolussnooze":0,"activity":4.0E-4,"lastBolusTime":1702935600626,"time":"2023-12-18T23:19:53.100Z"}},{"iob":0.041,"basaliob":-0.096,"bolussnooze":0,"activity":0.0014,"lastBolusTime":1702935600626,"time":"2023-12-18T23:24:53.100Z","iobWithZeroTemp":{"iob":-0.137,"basaliob":-0.274,"bolussnooze":0,"activity":2.0E-4,"lastBolusTime":1702935600626,"time":"2023-12-18T23:24:53.100Z"}},{"iob":0.035,"basaliob":-0.089,"bolussnooze":0,"activity":0.0012,"lastBolusTime":1702935600626,"time":"2023-12-18T23:29:53.100Z","iobWithZeroTemp":{"iob":-0.157,"basaliob":-0.281,"bolussnooze":0,"activity":-2.0E-4,"lastBolusTime":1702935600626,"time":"2023-12-18T23:29:53.100Z"}},{"iob":0.03,"basaliob":-0.083,"bolussnooze":0,"activity":0.0011,"lastBolusTime":1702935600626,"time":"2023-12-18T23:34:53.100Z","iobWithZeroTemp":{"iob":-0.175,"basaliob":-0.288,"bolussnooze":0,"activity":-5.0E-4,"lastBolusTime":1702935600626,"time":"2023-12-18T23:34:53.100Z"}},{"iob":0.025,"basaliob":-0.077,"bolussnooze":0,"activity":9.0E-4,"lastBolusTime":1702935600626,"time":"2023-12-18T23:39:53.100Z","iobWithZeroTemp":{"iob":-0.192,"basaliob":-0.294,"bolussnooze":0,"activity":-9.0E-4,"lastBolusTime":1702935600626,"time":"2023-12-18T23:39:53.100Z"}},{"iob":0.021,"basaliob":-0.071,"bolussnooze":0,"activity":8.0E-4,"lastBolusTime":1702935600626,"time":"2023-12-18T23:44:53.100Z","iobWithZeroTemp":{"iob":-0.208,"basaliob":-0.3,"bolussnooze":0,"activity":-0.0011,"lastBolusTime":1702935600626,"time":"2023-12-18T23:44:53.100Z"}},{"iob":0.017,"basaliob":-0.066,"bolussnooze":0,"activity":6.0E-4,"lastBolusTime":1702935600626,"time":"2023-12-18T23:49:53.100Z","iobWithZeroTemp":{"iob":-0.223,"basaliob":-0.306,"bolussnooze":0,"activity":-0.0015,"lastBolusTime":1702935600626,"time":"2023-12-18T23:49:53.100Z"}},{"iob":0.014,"basaliob":-0.061,"bolussnooze":0,"activity":6.0E-4,"lastBolusTime":1702935600626,"time":"2023-12-18T23:54:53.100Z","iobWithZeroTemp":{"iob":-0.236,"basaliob":-0.311,"bolussnooze":0,"activity":-0.0017,"lastBolusTime":1702935600626,"time":"2023-12-18T23:54:53.100Z"}},{"iob":0.011,"basaliob":-0.056,"bolussnooze":0,"activity":5.0E-4,"lastBolusTime":1702935600626,"time":"2023-12-18T23:59:53.100Z","iobWithZeroTemp":{"iob":-0.248,"basaliob":-0.315,"bolussnooze":0,"activity":-0.0019,"lastBolusTime":1702935600626,"time":"2023-12-18T23:59:53.100Z"}},{"iob":0.009,"basaliob":-0.051,"bolussnooze":0,"activity":4.0E-4,"lastBolusTime":1702935600626,"time":"2023-12-19T00:04:53.100Z","iobWithZeroTemp":{"iob":-0.258,"basaliob":-0.318,"bolussnooze":0,"activity":-0.0021,"lastBolusTime":1702935600626,"time":"2023-12-19T00:04:53.100Z"}},{"iob":0.007,"basaliob":-0.047,"bolussnooze":0,"activity":4.0E-4,"lastBolusTime":1702935600626,"time":"2023-12-19T00:09:53.100Z","iobWithZeroTemp":{"iob":-0.268,"basaliob":-0.322,"bolussnooze":0,"activity":-0.0023,"lastBolusTime":1702935600626,"time":"2023-12-19T00:09:53.100Z"}},{"iob":0.005,"basaliob":-0.043,"bolussnooze":0,"activity":3.0E-4,"lastBolusTime":1702935600626,"time":"2023-12-19T00:14:53.100Z","iobWithZeroTemp":{"iob":-0.277,"basaliob":-0.325,"bolussnooze":0,"activity":-0.0025,"lastBolusTime":1702935600626,"time":"2023-12-19T00:14:53.100Z"}},{"iob":0.004,"basaliob":-0.039,"bolussnooze":0,"activity":3.0E-4,"lastBolusTime":1702935600626,"time":"2023-12-19T00:19:53.100Z","iobWithZeroTemp":{"iob":-0.285,"basaliob":-0.328,"bolussnooze":0,"activity":-0.0026,"lastBolusTime":1702935600626,"time":"2023-12-19T00:19:53.100Z"}},{"iob":0.003,"basaliob":-0.036,"bolussnooze":0,"activity":2.0E-4,"lastBolusTime":1702935600626,"time":"2023-12-19T00:24:53.100Z","iobWithZeroTemp":{"iob":-0.292,"basaliob":-0.331,"bolussnooze":0,"activity":-0.0028,"lastBolusTime":1702935600626,"time":"2023-12-19T00:24:53.100Z"}},{"iob":0.003,"basaliob":-0.032,"bolussnooze":0,"activity":2.0E-4,"lastBolusTime":1702935600626,"time":"2023-12-19T00:29:53.100Z","iobWithZeroTemp":{"iob":-0.297,"basaliob":-0.332,"bolussnooze":0,"activity":-0.0029,"lastBolusTime":1702935600626,"time":"2023-12-19T00:29:53.100Z"}},{"iob":0.002,"basaliob":-0.029,"bolussnooze":0,"activity":1.0E-4,"lastBolusTime":1702935600626,"time":"2023-12-19T00:34:53.100Z","iobWithZeroTemp":{"iob":-0.304,"basaliob":-0.335,"bolussnooze":0,"activity":-0.0031,"lastBolusTime":1702935600626,"time":"2023-12-19T00:34:53.100Z"}},{"iob":0,"basaliob":-0.027,"bolussnooze":0,"activity":1.0E-4,"lastBolusTime":1702935600626,"time":"2023-12-19T00:39:53.100Z","iobWithZeroTemp":{"iob":-0.31,"basaliob":-0.337,"bolussnooze":0,"activity":-0.0032,"lastBolusTime":1702935600626,"time":"2023-12-19T00:39:53.100Z"}},{"iob":0,"basaliob":-0.024,"bolussnooze":0,"activity":1.0E-4,"lastBolusTime":1702935600626,"time":"2023-12-19T00:44:53.100Z","iobWithZeroTemp":{"iob":-0.314,"basaliob":-0.338,"bolussnooze":0,"activity":-0.0033,"lastBolusTime":1702935600626,"time":"2023-12-19T00:44:53.100Z"}},{"iob":0,"basaliob":-0.022,"bolussnooze":0,"activity":1.0E-4,"lastBolusTime":1702935600626,"time":"2023-12-19T00:49:53.100Z","iobWithZeroTemp":{"iob":-0.318,"basaliob":-0.34,"bolussnooze":0,"activity":-0.0033,"lastBolusTime":1702935600626,"time":"2023-12-19T00:49:53.100Z"}},{"iob":-0.001,"basaliob":-0.02,"bolussnooze":0,"activity":1.0E-4,"lastBolusTime":1702935600626,"time":"2023-12-19T00:54:53.100Z","iobWithZeroTemp":{"iob":-0.323,"basaliob":-0.342,"bolussnooze":0,"activity":-0.0034,"lastBolusTime":1702935600626,"time":"2023-12-19T00:54:53.100Z"}},{"iob":-0.001,"basaliob":-0.018,"bolussnooze":0,"activity":0,"lastBolusTime":1702935600626,"time":"2023-12-19T00:59:53.100Z","iobWithZeroTemp":{"iob":-0.326,"basaliob":-0.343,"bolussnooze":0,"activity":-0.0036,"lastBolusTime":1702935600626,"time":"2023-12-19T00:59:53.100Z"}},{"iob":-0.001,"basaliob":-0.016,"bolussnooze":0,"activity":1.0E-4,"lastBolusTime":1702935600626,"time":"2023-12-19T01:04:53.100Z","iobWithZeroTemp":{"iob":-0.324,"basaliob":-0.339,"bolussnooze":0,"activity":-0.0035,"lastBolusTime":1702935600626,"time":"2023-12-19T01:04:53.100Z"}},{"iob":-0.002,"basaliob":-0.015,"bolussnooze":0,"activity":0,"lastBolusTime":1702935600626,"time":"2023-12-19T01:09:53.100Z","iobWithZeroTemp":{"iob":-0.324,"basaliob":-0.337,"bolussnooze":0,"activity":-0.0037,"lastBolusTime":1702935600626,"time":"2023-12-19T01:09:53.100Z"}},{"iob":-0.002,"basaliob":-0.013,"bolussnooze":0,"activity":0,"lastBolusTime":1702935600626,"time":"2023-12-19T01:14:53.100Z","iobWithZeroTemp":{"iob":-0.322,"basaliob":-0.333,"bolussnooze":0,"activity":-0.0037,"lastBolusTime":1702935600626,"time":"2023-12-19T01:14:53.100Z"}},{"iob":-0.002,"basaliob":-0.012,"bolussnooze":0,"activity":0,"lastBolusTime":1702935600626,"time":"2023-12-19T01:19:53.100Z","iobWithZeroTemp":{"iob":-0.32,"basaliob":-0.33,"bolussnooze":0,"activity":-0.0037,"lastBolusTime":1702935600626,"time":"2023-12-19T01:19:53.100Z"}},{"iob":-0.002,"basaliob":-0.011,"bolussnooze":0,"activity":0,"lastBolusTime":1702935600626,"time":"2023-12-19T01:24:53.100Z","iobWithZeroTemp":{"iob":-0.319,"basaliob":-0.328,"bolussnooze":0,"activity":-0.0037,"lastBolusTime":1702935600626,"time":"2023-12-19T01:24:53.100Z"}},{"iob":-0.001,"basaliob":-0.009,"bolussnooze":0,"activity":0,"lastBolusTime":1702935600626,"time":"2023-12-19T01:29:53.100Z","iobWithZeroTemp":{"iob":-0.316,"basaliob":-0.324,"bolussnooze":0,"activity":-0.0037,"lastBolusTime":1702935600626,"time":"2023-12-19T01:29:53.100Z"}},{"iob":-0.001,"basaliob":-0.008,"bolussnooze":0,"activity":0,"lastBolusTime":1702935600626,"time":"2023-12-19T01:34:53.100Z","iobWithZeroTemp":{"iob":-0.314,"basaliob":-0.321,"bolussnooze":0,"activity":-0.0037,"lastBolusTime":1702935600626,"time":"2023-12-19T01:34:53.100Z"}},{"iob":-0.002,"basaliob":-0.008,"bolussnooze":0,"activity":0,"lastBolusTime":1702935600626,"time":"2023-12-19T01:39:53.100Z","iobWithZeroTemp":{"iob":-0.313,"basaliob":-0.319,"bolussnooze":0,"activity":-0.0037,"lastBolusTime":1702935600626,"time":"2023-12-19T01:39:53.100Z"}},{"iob":-0.002,"basaliob":-0.007,"bolussnooze":0,"activity":-1.0E-4,"lastBolusTime":1702935600626,"time":"2023-12-19T01:44:53.100Z","iobWithZeroTemp":{"iob":-0.311,"basaliob":-0.316,"bolussnooze":0,"activity":-0.0038,"lastBolusTime":1702935600626,"time":"2023-12-19T01:44:53.100Z"}},{"iob":-0.002,"basaliob":-0.006,"bolussnooze":0,"activity":0,"lastBolusTime":1702935600626,"time":"2023-12-19T01:49:53.100Z","iobWithZeroTemp":{"iob":-0.309,"basaliob":-0.313,"bolussnooze":0,"activity":-0.0037,"lastBolusTime":1702935600626,"time":"2023-12-19T01:49:53.100Z"}},{"iob":-0.001,"basaliob":-0.005,"bolussnooze":0,"activity":0,"lastBolusTime":1702935600626,"time":"2023-12-19T01:54:53.100Z","iobWithZeroTemp":{"iob":-0.306,"basaliob":-0.31,"bolussnooze":0,"activity":-0.0037,"lastBolusTime":1702935600626,"time":"2023-12-19T01:54:53.100Z"}},{"iob":-0.002,"basaliob":-0.005,"bolussnooze":0,"activity":0,"lastBolusTime":1702935600626,"time":"2023-12-19T01:59:53.100Z","iobWithZeroTemp":{"iob":-0.305,"basaliob":-0.308,"bolussnooze":0,"activity":-0.0037,"lastBolusTime":1702935600626,"time":"2023-12-19T01:59:53.100Z"}},{"iob":-0.002,"basaliob":-0.004,"bolussnooze":0,"activity":0,"lastBolusTime":1702935600626,"time":"2023-12-19T02:04:53.100Z","iobWithZeroTemp":{"iob":-0.304,"basaliob":-0.306,"bolussnooze":0,"activity":-0.0037,"lastBolusTime":1702935600626,"time":"2023-12-19T02:04:53.100Z"}},{"iob":-0.002,"basaliob":-0.004,"bolussnooze":0,"activity":0,"lastBolusTime":1702935600626,"time":"2023-12-19T02:09:53.100Z","iobWithZeroTemp":{"iob":-0.302,"basaliob":-0.304,"bolussnooze":0,"activity":-0.0036,"lastBolusTime":1702935600626,"time":"2023-12-19T02:09:53.100Z"}},{"iob":-0.001,"basaliob":-0.003,"bolussnooze":0,"activity":0,"lastBolusTime":1702935600626,"time":"2023-12-19T02:14:53.100Z","iobWithZeroTemp":{"iob":-0.3,"basaliob":-0.302,"bolussnooze":0,"activity":-0.0036,"lastBolusTime":1702935600626,"time":"2023-12-19T02:14:53.100Z"}},{"iob":-0.002,"basaliob":-0.003,"bolussnooze":0,"activity":0,"lastBolusTime":1702935600626,"time":"2023-12-19T02:19:53.100Z","iobWithZeroTemp":{"iob":-0.299,"basaliob":-0.3,"bolussnooze":0,"activity":-0.0036,"lastBolusTime":1702935600626,"time":"2023-12-19T02:19:53.100Z"}},{"iob":-0.001,"basaliob":-0.002,"bolussnooze":0,"activity":-1.0E-4,"lastBolusTime":1702935600626,"time":"2023-12-19T02:24:53.100Z","iobWithZeroTemp":{"iob":-0.297,"basaliob":-0.298,"bolussnooze":0,"activity":-0.0037,"lastBolusTime":1702935600626,"time":"2023-12-19T02:24:53.100Z"}},{"iob":-0.001,"basaliob":-0.002,"bolussnooze":0,"activity":-1.0E-4,"lastBolusTime":1702935600626,"time":"2023-12-19T02:29:53.100Z","iobWithZeroTemp":{"iob":-0.296,"basaliob":-0.297,"bolussnooze":0,"activity":-0.0037,"lastBolusTime":1702935600626,"time":"2023-12-19T02:29:53.100Z"}},{"iob":-0.001,"basaliob":-0.002,"bolussnooze":0,"activity":-1.0E-4,"lastBolusTime":1702935600626,"time":"2023-12-19T02:34:53.100Z","iobWithZeroTemp":{"iob":-0.294,"basaliob":-0.295,"bolussnooze":0,"activity":-0.0037,"lastBolusTime":1702935600626,"time":"2023-12-19T02:34:53.100Z"}}],"profile":{"max_iob":10,"type":"current","max_daily_basal":0.4,"max_basal":1.2,"min_bg":90,"max_bg":90,"target_bg":90,"carb_ratio":8.8,"sens":120,"max_daily_safety_multiplier":3,"current_basal_safety_multiplier":4,"lgsThreshold":95,"high_temptarget_raises_sensitivity":true,"low_temptarget_lowers_sensitivity":true,"sensitivity_raises_target":true,"resistance_lowers_target":true,"adv_target_adjustments":false,"exercise_mode":false,"half_basal_exercise_target":160,"maxCOB":120,"skip_neutral_temps":false,"remainingCarbsCap":90,"enableUAM":true,"A52_risk_enable":false,"SMBInterval":5,"enableSMB_with_COB":true,"enableSMB_with_temptarget":true,"allowSMB_with_high_temptarget":false,"enableSMB_always":false,"enableSMB_after_carbs":true,"maxSMBBasalMinutes":30,"maxUAMSMBBasalMinutes":40,"bolus_increment":0.05,"carbsReqThreshold":4,"current_basal":0.3,"temptargetSet":false,"autosens_max":1.3,"autosens_min":0.7,"variable_sens":125.8,"insulinDivisor":75,"TDD":16.443983333333335},"autosens_data":{"ratio":0.8078150250694066},"meal_data":{"carbs":20,"mealCOB":0,"slopeFromMaxDeviation":-0.7685454545454546,"slopeFromMinDeviation":0.07333333333333332,"lastBolusTime":1702935600626,"lastCarbTime":1702924198387},"microBolusAllowed":true,"currentTime":1702939194154,"flatBGsDetected":false,"tdd1D":16.272499999999997,"tdd7D":20.110833333333336,"tddLast24H":16.245833333333326,"tddLast4H":1.5958333333333334,"tddLast8to4H":3.408333333333333},"output":{"temp":"absolute","bg":104,"tick":-3,"eventualBG":78,"targetBG":97,"insulinReq":0,"deliverAt":"2023-12-18T22:39:54.154Z","sensitivityRatio":0.8078150250694066,"variable_sens":125.8,"predBGs":{"IOB":[104,101,98,95,93,90,88,87,85,84,83,82,81,80,80,79,79,78,78,78,78,77],"ZT":[104,101,99,97,95,94,93,92,91,91,91,91,91,92,93,94,95,96]},"reason":"COB: 0, Dev: -7, BGI: -3, ISF: 126, CR: 8.8, Target: 97, minPredBG 84, minGuardBG 77, IOBpredBG 77; minGuardBG 77<95 70m left and 0 ~ req 0U\/hr: no temp required","COB":0,"IOB":0.154,"timestamp":"2023-12-18T22:39:54.174Z"}}