{"algorithm":"OpenAPSSMBDynamicISFPlugin","input":{"glucoseStatus":{"glucose":106,"noise":0,"delta":0.39,"short_avgdelta":0.39,"long_avgdelta":-1.29,"date":1702904961000},"currenttemp":{"temp":"absolute","duration":100,"rate":0,"minutesrunning":20},"iob_data":[{"iob":0.378,"basaliob":-0.326,"bolussnooze":0.0323,"activity":0.0086,"lastBolusTime":1702902901519,"time":"2023-12-18T13:09:51.445Z","iobWithZeroTemp":{"iob":0.378,"basaliob":-0.326,"bolussnooze":0.0323,"activity":0.0086,"lastBolusTime":1702902901519,"time":"2023-12-18T13:09:51.445Z"}},{"iob":0.337,"basaliob":-0.31,"bolussnooze":0.0241,"activity":0.0078,"lastBolusTime":1702902901519,"time":"2023-12-18T13:14:51.445Z","iobWithZeroTemp":{"iob":0.317,"basaliob":-0.33,"bolussnooze":0.0241,"activity":0.0078,"lastBolusTime":1702902901519,"time":"2023-12-18T13:14:51.445Z"}},{"iob":0.3,"basaliob":-0.294,"bolussnooze":0.0176,"activity":0.0071,"lastBolusTime":1702902901519,"time":"2023-12-18T13:19:51.445Z","iobWithZeroTemp":{"iob":0.255,"basaliob":-0.339,"bolussnooze":0.0176,"activity":0.007,"lastBolusTime":1702902901519,"time":"2023-12-18T13:19:51.445Z"}},{"iob":0.266,"basaliob":-0.277,"bolussnooze":0.0126,"activity":0.0064,"lastBolusTime":1702902901519,"time":"2023-12-18T13:24:51.445Z","iobWithZeroTemp":{"iob":0.197,"basaliob":-0.346,"bolussnooze":0.0126,"activity":0.0062,"lastBolusTime":1702902901519,"time":"2023-12-18T13:24:51.445Z"}},{"iob":0.237,"basaliob":-0.26,"bolussnooze":0.0088,"activity":0.0057,"lastBolusTime":1702902901519,"time":"2023-12-18T13:29:51.445Z","iobWithZeroTemp":{"iob":0.144,"basaliob":-0.353,"bolussnooze":0.0088,"activity":0.0053,"lastBolusTime":1702902901519,"time":"2023-12-18T13:29:51.445Z"}},{"iob":0.209,"basaliob":-0.244,"bolussnooze":0.0059,"activity":0.0052,"lastBolusTime":1702902901519,"time":"2023-12-18T13:34:51.445Z","iobWithZeroTemp":{"iob":0.094,"basaliob":-0.359,"bolussnooze":0.0059,"activity":0.0047,"lastBolusTime":1702902901519,"time":"2023-12-18T13:34:51.445Z"}},{"iob":0.185,"basaliob":-0.228,"bolussnooze":0.0038,"activity":0.0046,"lastBolusTime":1702902901519,"time":"2023-12-18T13:39:51.445Z","iobWithZeroTemp":{"iob":0.048,"basaliob":-0.365,"bolussnooze":0.0038,"activity":0.0039,"lastBolusTime":1702902901519,"time":"2023-12-18T13:39:51.445Z"}},{"iob":0.164,"basaliob":-0.212,"bolussnooze":0.0023,"activity":0.0041,"lastBolusTime":1702902901519,"time":"2023-12-18T13:44:51.445Z","iobWithZeroTemp":{"iob":0.006,"basaliob":-0.37,"bolussnooze":0.0023,"activity":0.0032,"lastBolusTime":1702902901519,"time":"2023-12-18T13:44:51.445Z"}},{"iob":0.144,"basaliob":-0.197,"bolussnooze":0.0013,"activity":0.0037,"lastBolusTime":1702902901519,"time":"2023-12-18T13:49:51.445Z","iobWithZeroTemp":{"iob":-0.034,"basaliob":-0.375,"bolussnooze":0.0013,"activity":0.0026,"lastBolusTime":1702902901519,"time":"2023-12-18T13:49:51.445Z"}},{"iob":0.126,"basaliob":-0.183,"bolussnooze":6.0E-4,"activity":0.0033,"lastBolusTime":1702902901519,"time":"2023-12-18T13:54:51.445Z","iobWithZeroTemp":{"iob":-0.071,"basaliob":-0.38,"bolussnooze":6.0E-4,"activity":0.002,"lastBolusTime":1702902901519,"time":"2023-12-18T13:54:51.445Z"}},{"iob":0.111,"basaliob":-0.169,"bolussnooze":2.0E-4,"activity":0.0029,"lastBolusTime":1702902901519,"time":"2023-12-18T13:59:51.445Z","iobWithZeroTemp":{"iob":-0.104,"basaliob":-0.384,"bolussnooze":2.0E-4,"activity":0.0013,"lastBolusTime":1702902901519,"time":"2023-12-18T13:59:51.445Z"}},{"iob":0.097,"basaliob":-0.156,"bolussnooze":0,"activity":0.0027,"lastBolusTime":1702902901519,"time":"2023-12-18T14:04:51.445Z","iobWithZeroTemp":{"iob":-0.118,"basaliob":-0.371,"bolussnooze":0,"activity":0.001,"lastBolusTime":1702902901519,"time":"2023-12-18T14:04:51.445Z"}},{"iob":0.084,"basaliob":-0.144,"bolussnooze":0,"activity":0.0023,"lastBolusTime":1702902901519,"time":"2023-12-18T14:09:51.445Z","iobWithZeroTemp":{"iob":-0.131,"basaliob":-0.359,"bolussnooze":0,"activity":4.0E-4,"lastBolusTime":1702902901519,"time":"2023-12-18T14:09:51.445Z"}},{"iob":0.073,"basaliob":-0.133,"bolussnooze":0,"activity":0.0021,"lastBolusTime":1702902901519,"time":"2023-12-18T14:14:51.445Z","iobWithZeroTemp":{"iob":-0.141,"basaliob":-0.347,"bolussnooze":0,"activity":1.0E-4,"lastBolusTime":1702902901519,"time":"2023-12-18T14:14:51.445Z"}},{"iob":0.063,"basaliob":-0.122,"bolussnooze":0,"activity":0.0019,"lastBolusTime":1702902901519,"time":"2023-12-18T14:19:51.445Z","iobWithZeroTemp":{"iob":-0.149,"basaliob":-0.334,"bolussnooze":0,"activity":-2.0E-4,"lastBolusTime":1702902901519,"time":"2023-12-18T14:19:51.445Z"}},{"iob":0.054,"basaliob":-0.112,"bolussnooze":0,"activity":0.0016,"lastBolusTime":1702902901519,"time":"2023-12-18T14:24:51.445Z","iobWithZeroTemp":{"iob":-0.155,"basaliob":-0.321,"bolussnooze":0,"activity":-6.0E-4,"lastBolusTime":1702902901519,"time":"2023-12-18T14:24:51.445Z"}},{"iob":0.047,"basaliob":-0.102,"bolussnooze":0,"activity":0.0015,"lastBolusTime":1702902901519,"time":"2023-12-18T14:29:51.445Z","iobWithZeroTemp":{"iob":-0.16,"basaliob":-0.309,"bolussnooze":0,"activity":-7.0E-4,"lastBolusTime":1702902901519,"time":"2023-12-18T14:29:51.445Z"}},{"iob":0.04,"basaliob":-0.093,"bolussnooze":0,"activity":0.0013,"lastBolusTime":1702902901519,"time":"2023-12-18T14:34:51.445Z","iobWithZeroTemp":{"iob":-0.164,"basaliob":-0.297,"bolussnooze":0,"activity":-0.001,"lastBolusTime":1702902901519,"time":"2023-12-18T14:34:51.445Z"}},{"iob":0.034,"basaliob":-0.085,"bolussnooze":0,"activity":0.0011,"lastBolusTime":1702902901519,"time":"2023-12-18T14:39:51.445Z","iobWithZeroTemp":{"iob":-0.167,"basaliob":-0.286,"bolussnooze":0,"activity":-0.0012,"lastBolusTime":1702902901519,"time":"2023-12-18T14:39:51.445Z"}},{"iob":0.028,"basaliob":-0.078,"bolussnooze":0,"activity":0.001,"lastBolusTime":1702902901519,"time":"2023-12-18T14:44:51.445Z","iobWithZeroTemp":{"iob":-0.17,"basaliob":-0.276,"bolussnooze":0,"activity":-0.0013,"lastBolusTime":1702902901519,"time":"2023-12-18T14:44:51.445Z"}},{"iob":0.024,"basaliob":-0.07,"bolussnooze":0,"activity":8.0E-4,"lastBolusTime":1702902901519,"time":"2023-12-18T14:49:51.445Z","iobWithZeroTemp":{"iob":-0.171,"basaliob":-0.265,"bolussnooze":0,"activity":-0.0015,"lastBolusTime":1702902901519,"time":"2023-12-18T14:49:51.445Z"}},{"iob":0.019,"basaliob":-0.064,"bolussnooze":0,"activity":8.0E-4,"lastBolusTime":1702902901519,"time":"2023-12-18T14:54:51.445Z","iobWithZeroTemp":{"iob":-0.172,"basaliob":-0.255,"bolussnooze":0,"activity":-0.0015,"lastBolusTime":1702902901519,"time":"2023-12-18T14:54:51.445Z"}},{"iob":0.016,"basaliob":-0.058,"bolussnooze":0,"activity":7.0E-4,"lastBolusTime":1702902901519,"time":"2023-12-18T14:59:51.445Z","iobWithZeroTemp":{"iob":-0.172,"basaliob":-0.246,"bolussnooze":0,"activity":-0.0016,"lastBolusTime":1702902901519,"time":"2023-12-18T14:59:51.445Z"}},{"iob":0.012,"basaliob":-0.053,"bolussnooze":0,"activity":5.0E-4,"lastBolusTime":1702902901519,"time":"2023-12-18T15:04:51.445Z","iobWithZeroTemp":{"iob":-0.173,"basaliob":-0.238,"bolussnooze":0,"activity":-0.0018,"lastBolusTime":1702902901519,"time":"2023-12-18T15:04:51.445Z"}},{"iob":0.011,"basaliob":-0.047,"bolussnooze":0,"activity":5.0E-4,"lastBolusTime":1702902901519,"time":"2023-12-18T15:09:51.445Z","iobWithZeroTemp":{"iob":-0.171,"basaliob":-0.229,"bolussnooze":0,"activity":-0.0018,"lastBolusTime":1702902901519,"time":"2023-12-18T15:09:51.445Z"}},{"iob":0.008,"basaliob":-0.043,"bolussnooze":0,"activity":4.0E-4,"lastBolusTime":1702902901519,"time":"2023-12-18T15:14:51.445Z","iobWithZeroTemp":{"iob":-0.171,"basaliob":-0.222,"bolussnooze":0,"activity":-0.0018,"lastBolusTime":1702902901519,"time":"2023-12-18T15:14:51.445Z"}},{"iob":0.005,"basaliob":-0.039,"bolussnooze":0,"activity":4.0E-4,"lastBolusTime":1702902901519,"time":"2023-12-18T15:19:51.445Z","iobWithZeroTemp":{"iob":-0.172,"basaliob":-0.216,"bolussnooze":0,"activity":-0.0018,"lastBolusTime":1702902901519,"time":"2023-12-18T15:19:51.445Z"}},{"iob":0.004,"basaliob":-0.035,"bolussnooze":0,"activity":4.0E-4,"lastBolusTime":1702902901519,"time":"2023-12-18T15:24:51.445Z","iobWithZeroTemp":{"iob":-0.17,"basaliob":-0.209,"bolussnooze":0,"activity":-0.0018,"lastBolusTime":1702902901519,"time":"2023-12-18T15:24:51.445Z"}},{"iob":0.003,"basaliob":-0.031,"bolussnooze":0,"activity":2.0E-4,"lastBolusTime":1702902901519,"time":"2023-12-18T15:29:51.445Z","iobWithZeroTemp":{"iob":-0.168,"basaliob":-0.202,"bolussnooze":0,"activity":-0.002,"lastBolusTime":1702902901519,"time":"2023-12-18T15:29:51.445Z"}},{"iob":0.001,"basaliob":-0.028,"bolussnooze":0,"activity":2.0E-4,"lastBolusTime":1702902901519,"time":"2023-12-18T15:34:51.445Z","iobWithZeroTemp":{"iob":-0.168,"basaliob":-0.197,"bolussnooze":0,"activity":-0.0019,"lastBolusTime":1702902901519,"time":"2023-12-18T15:34:51.445Z"}},{"iob":0.001,"basaliob":-0.025,"bolussnooze":0,"activity":1.0E-4,"lastBolusTime":1702902901519,"time":"2023-12-18T15:39:51.445Z","iobWithZeroTemp":{"iob":-0.166,"basaliob":-0.192,"bolussnooze":0,"activity":-0.002,"lastBolusTime":1702902901519,"time":"2023-12-18T15:39:51.445Z"}},{"iob":0,"basaliob":-0.022,"bolussnooze":0,"activity":2.0E-4,"lastBolusTime":1702902901519,"time":"2023-12-18T15:44:51.445Z","iobWithZeroTemp":{"iob":-0.165,"basaliob":-0.187,"bolussnooze":0,"activity":-0.0019,"lastBolusTime":1702902901519,"time":"2023-12-18T15:44:51.445Z"}},{"iob":-0.001,"basaliob":-0.02,"bolussnooze":0,"activity":1.0E-4,"lastBolusTime":1702902901519,"time":"2023-12-18T15:49:51.445Z","iobWithZeroTemp":{"iob":-0.164,"basaliob":-0.183,"bolussnooze":0,"activity":-0.002,"lastBolusTime":1702902901519,"time":"2023-12-18T15:49:51.445Z"}},{"iob":-0.002,"basaliob":-0.018,"bolussnooze":0,"activity":1.0E-4,"lastBolusTime":1702902901519,"time":"2023-12-18T15:54:51.445Z","iobWithZeroTemp":{"iob":-0.163,"basaliob":-0.179,"bolussnooze":0,"activity":-0.0019,"lastBolusTime":1702902901519,"time":"2023-12-18T15:54:51.445Z"}},{"iob":-0.002,"basaliob":-0.016,"bolussnooze":0,"activity":0,"lastBolusTime":1702902901519,"time":"2023-12-18T15:59:51.445Z","iobWithZeroTemp":{"iob":-0.161,"basaliob":-0.175,"bolussnooze":0,"activity":-0.002,"lastBolusTime":1702902901519,"time":"2023-12-18T15:59:51.445Z"}},{"iob":-0.002,"basaliob":-0.014,"bolussnooze":0,"activity":1.0E-4,"lastBolusTime":1702902901519,"time":"2023-12-18T16:04:51.445Z","iobWithZeroTemp":{"iob":-0.159,"basaliob":-0.171,"bolussnooze":0,"activity":-0.0019,"lastBolusTime":1702902901519,"time":"2023-12-18T16:04:51.445Z"}},{"iob":-0.002,"basaliob":-0.012,"bolussnooze":0,"activity":0,"lastBolusTime":1702902901519,"time":"2023-12-18T16:09:51.445Z","iobWithZeroTemp":{"iob":-0.158,"basaliob":-0.168,"bolussnooze":0,"activity":-0.002,"lastBolusTime":1702902901519,"time":"2023-12-18T16:09:51.445Z"}},{"iob":-0.003,"basaliob":-0.011,"bolussnooze":0,"activity":0,"lastBolusTime":1702902901519,"time":"2023-12-18T16:14:51.445Z","iobWithZeroTemp":{"iob":-0.157,"basaliob":-0.165,"bolussnooze":0,"activity":-0.0019,"lastBolusTime":1702902901519,"time":"2023-12-18T16:14:51.445Z"}},{"iob":-0.002,"basaliob":-0.009,"bolussnooze":0,"activity":1.0E-4,"lastBolusTime":1702902901519,"time":"2023-12-18T16:19:51.445Z","iobWithZeroTemp":{"iob":-0.155,"basaliob":-0.162,"bolussnooze":0,"activity":-0.0018,"lastBolusTime":1702902901519,"time":"2023-12-18T16:19:51.445Z"}},{"iob":-0.002,"basaliob":-0.008,"bolussnooze":0,"activity":0,"lastBolusTime":1702902901519,"time":"2023-12-18T16:24:51.445Z","iobWithZeroTemp":{"iob":-0.154,"basaliob":-0.16,"bolussnooze":0,"activity":-0.0019,"lastBolusTime":1702902901519,"time":"2023-12-18T16:24:51.445Z"}},{"iob":-0.002,"basaliob":-0.007,"bolussnooze":0,"activity":0,"lastBolusTime":1702902901519,"time":"2023-12-18T16:29:51.445Z","iobWithZeroTemp":{"iob":-0.153,"basaliob":-0.158,"bolussnooze":0,"activity":-0.0019,"lastBolusTime":1702902901519,"time":"2023-12-18T16:29:51.445Z"}},{"iob":-0.002,"basaliob":-0.006,"bolussnooze":0,"activity":0,"lastBolusTime":1702902901519,"time":"2023-12-18T16:34:51.445Z","iobWithZeroTemp":{"iob":-0.152,"basaliob":-0.156,"bolussnooze":0,"activity":-0.0019,"lastBolusTime":1702902901519,"time":"2023-12-18T16:34:51.445Z"}},{"iob":-0.002,"basaliob":-0.005,"bolussnooze":0,"activity":-1.0E-4,"lastBolusTime":1702902901519,"time":"2023-12-18T16:39:51.445Z","iobWithZeroTemp":{"iob":-0.151,"basaliob":-0.154,"bolussnooze":0,"activity":-0.0019,"lastBolusTime":1702902901519,"time":"2023-12-18T16:39:51.445Z"}},{"iob":-0.002,"basaliob":-0.005,"bolussnooze":0,"activity":0,"lastBolusTime":1702902901519,"time":"2023-12-18T16:44:51.445Z","iobWithZeroTemp":{"iob":-0.15,"basaliob":-0.153,"bolussnooze":0,"activity":-0.0018,"lastBolusTime":1702902901519,"time":"2023-12-18T16:44:51.445Z"}},{"iob":-0.002,"basaliob":-0.004,"bolussnooze":0,"activity":0,"lastBolusTime":1702902901519,"time":"2023-12-18T16:49:51.445Z","iobWithZeroTemp":{"iob":-0.149,"basaliob":-0.151,"bolussnooze":0,"activity":-0.0018,"lastBolusTime":1702902901519,"time":"2023-12-18T16:49:51.445Z"}},{"iob":-0.002,"basaliob":-0.004,"bolussnooze":0,"activity":0,"lastBolusTime":1702902901519,"time":"2023-12-18T16:54:51.445Z","iobWithZeroTemp":{"iob":-0.149,"basaliob":-0.151,"bolussnooze":0,"activity":-0.0018,"lastBolusTime":1702902901519,"time":"2023-12-18T16:54:51.445Z"}},{"iob":-0.002,"basaliob":-0.003,"bolussnooze":0,"activity":0,"lastBolusTime":1702902901519,"time":"2023-12-18T16:59:51.445Z","iobWithZeroTemp":{"iob":-0.148,"basaliob":-0.149,"bolussnooze":0,"activity":-0.0018,"lastBolusTime":1702902901519,"time":"2023-12-18T16:59:51.445Z"}},{"iob":-0.002,"basaliob":-0.003,"bolussnooze":0,"activity":-1.0E-4,"lastBolusTime":1702902901519,"time":"2023-12-18T17:04:51.445Z","iobWithZeroTemp":{"iob":-0.147,"basaliob":-0.148,"bolussnooze":0,"activity":-0.0019,"lastBolusTime":1702902901519,"time":"2023-12-18T17:04:51.445Z"}}],"profile":{"max_iob":10,"type":"current","max_daily_basal":0.4,"max_basal":1.2,"min_bg":90,"max_bg":90,"target_bg":90,"carb_ratio":8.5,"sens":120,"max_daily_safety_multiplier":3,"current_basal_safety_multiplier":4,"lgsThreshold":95,"high_temptarget_raises_sensitivity":true,"low_temptarget_lowers_sensitivity":true,"sensitivity_raises_target":true,"resistance_lowers_target":true,"adv_target_adjustments":false,"exercise_mode":false,"half_basal_exercise_target":160,"maxCOB":120,"skip_neutral_temps":false,"remainingCarbsCap":90,"enableUAM":true,"A52_risk_enable":false,"SMBInterval":6,"enableSMB_with_COB":true,"enableSMB_with_temptarget":true,"allowSMB_with_high_temptarget":false,"enableSMB_always":false,"enableSMB_after_carbs":true,"maxSMBBasalMinutes":30,"maxUAMSMBBasalMinutes":40,"bolus_increment":0.05,"carbsReqThreshold":4,"current_basal":0.3,"temptargetSet":false,"autosens_max":1.3,"autosens_min":0.7,"variable_sens":104,"insulinDivisor":75,"TDD":19.65405833333333},"autosens_data":{"ratio":0.9120291716736415},"meal_data":{"carbs":20,"mealCOB":4.459166666666666,"slopeFromMaxDeviation":-1.0292499999999996,"slopeFromMinDeviation":0.8530000000000002,"lastBolusTime":1702902901519,"lastCarbTime":1702897673283},"microBolusAllowed":true,"currentTime":1702904993582,"flatBGsDetected":false,"tdd1D":16.272499999999997,"tdd7D":20.110833333333336,"tddLast24H":18.34166666666666,"tddLast4H":3.270833333333333,"tddLast8to4H":4.904166666666668},"output":{"temp":"absolute","bg":106,"tick":"+0","eventualBG":116,"targetBG":93,"insulinReq":0,"deliverAt":"2023-12-18T13:09:53.582Z","sensitivityRatio":0.9120291716736415,"variable_sens":104,"predBGs":{"IOB":[106,106,106,106,106,106,106,105,105,104,103,102,101,99,98,97,96,95,95,94,94,93,93,92,92,92,91,91,91,91,91,91,91,90],"ZT":[106,102,97,94,90,87,84,82,80,78,77,76,75,75,75,75,76,76,77,77,78,79,80,81,82,83,85,86,87,88,89,90,91,92],"COB":[106,106,107,107,108,109,110,111,112,113,114,114,115,116,117,118,118,118,119,119,119,119,118,118,118,117,117,117,117,117,117,117,116],"UAM":[106,105,104,102,100,97,94,91,89,87,85,83,81,80,78,77,76,75,74,74,73,72,72,71,71,71,70,70,70,70,69]},"reason":"COB: 4.5, Dev: 29, BGI: -4, ISF: 104, CR: 8.5, Target: 93, minPredBG 80, minGuardBG 77, IOBpredBG 90, COBpredBG 116, UAMpredBG 69; minGuardBG 77<95 100m left and 0 ~ req 0U\/hr: no temp required","COB":4.459166666666666,"IOB":0.378,"timestamp":"2023-12-18T13:09:53.593Z"}}