{"algorithm":"OpenAPSSMBDynamicISFPlugin","input":{"glucoseStatus":{"glucose":85,"noise":0,"delta":0.11,"short_avgdelta":0.11,"long_avgdelta":-0.2,"date":1702947564000},"currenttemp":{"temp":"absolute","duration":81,"rate":0,"minutesrunning":9},"iob_data":[{"iob":-0.285,"basaliob":-0.302,"bolussnooze":0,"activity":-0.0031,"lastBolusTime":1702935600626,"time":"2023-12-19T00:59:51.152Z","iobWithZeroTemp":{"iob":-0.285,"basaliob":-0.302,"bolussnooze":0,"activity":-0.0031,"lastBolusTime":1702935600626,"time":"2023-12-19T00:59:51.152Z"}},{"iob":-0.269,"basaliob":-0.284,"bolussnooze":0,"activity":-0.0031,"lastBolusTime":1702935600626,"time":"2023-12-19T01:04:51.152Z","iobWithZeroTemp":{"iob":-0.282,"basaliob":-0.297,"bolussnooze":0,"activity":-0.0031,"lastBolusTime":1702935600626,"time":"2023-12-19T01:04:51.152Z"}},{"iob":-0.254,"basaliob":-0.267,"bolussnooze":0,"activity":-0.0031,"lastBolusTime":1702935600626,"time":"2023-12-19T01:09:51.152Z","iobWithZeroTemp":{"iob":-0.284,"basaliob":-0.297,"bolussnooze":0,"activity":-0.0032,"lastBolusTime":1702935600626,"time":"2023-12-19T01:09:51.152Z"}},{"iob":-0.239,"basaliob":-0.25,"bolussnooze":0,"activity":-0.0031,"lastBolusTime":1702935600626,"time":"2023-12-19T01:14:51.152Z","iobWithZeroTemp":{"iob":-0.285,"basaliob":-0.296,"bolussnooze":0,"activity":-0.0032,"lastBolusTime":1702935600626,"time":"2023-12-19T01:14:51.152Z"}},{"iob":-0.223,"basaliob":-0.233,"bolussnooze":0,"activity":-0.003,"lastBolusTime":1702935600626,"time":"2023-12-19T01:19:51.152Z","iobWithZeroTemp":{"iob":-0.285,"basaliob":-0.295,"bolussnooze":0,"activity":-0.0032,"lastBolusTime":1702935600626,"time":"2023-12-19T01:19:51.152Z"}},{"iob":-0.208,"basaliob":-0.217,"bolussnooze":0,"activity":-0.003,"lastBolusTime":1702935600626,"time":"2023-12-19T01:24:51.152Z","iobWithZeroTemp":{"iob":-0.285,"basaliob":-0.294,"bolussnooze":0,"activity":-0.0033,"lastBolusTime":1702935600626,"time":"2023-12-19T01:24:51.152Z"}},{"iob":-0.193,"basaliob":-0.201,"bolussnooze":0,"activity":-0.0028,"lastBolusTime":1702935600626,"time":"2023-12-19T01:29:51.152Z","iobWithZeroTemp":{"iob":-0.285,"basaliob":-0.293,"bolussnooze":0,"activity":-0.0033,"lastBolusTime":1702935600626,"time":"2023-12-19T01:29:51.152Z"}},{"iob":-0.18,"basaliob":-0.187,"bolussnooze":0,"activity":-0.0027,"lastBolusTime":1702935600626,"time":"2023-12-19T01:34:51.152Z","iobWithZeroTemp":{"iob":-0.286,"basaliob":-0.293,"bolussnooze":0,"activity":-0.0033,"lastBolusTime":1702935600626,"time":"2023-12-19T01:34:51.152Z"}},{"iob":-0.167,"basaliob":-0.173,"bolussnooze":0,"activity":-0.0025,"lastBolusTime":1702935600626,"time":"2023-12-19T01:39:51.152Z","iobWithZeroTemp":{"iob":-0.286,"basaliob":-0.292,"bolussnooze":0,"activity":-0.0032,"lastBolusTime":1702935600626,"time":"2023-12-19T01:39:51.152Z"}},{"iob":-0.154,"basaliob":-0.159,"bolussnooze":0,"activity":-0.0025,"lastBolusTime":1702935600626,"time":"2023-12-19T01:44:51.152Z","iobWithZeroTemp":{"iob":-0.285,"basaliob":-0.29,"bolussnooze":0,"activity":-0.0034,"lastBolusTime":1702935600626,"time":"2023-12-19T01:44:51.152Z"}},{"iob":-0.143,"basaliob":-0.147,"bolussnooze":0,"activity":-0.0023,"lastBolusTime":1702935600626,"time":"2023-12-19T01:49:51.152Z","iobWithZeroTemp":{"iob":-0.286,"basaliob":-0.29,"bolussnooze":0,"activity":-0.0033,"lastBolusTime":1702935600626,"time":"2023-12-19T01:49:51.152Z"}},{"iob":-0.131,"basaliob":-0.135,"bolussnooze":0,"activity":-0.0022,"lastBolusTime":1702935600626,"time":"2023-12-19T01:54:51.152Z","iobWithZeroTemp":{"iob":-0.285,"basaliob":-0.289,"bolussnooze":0,"activity":-0.0034,"lastBolusTime":1702935600626,"time":"2023-12-19T01:54:51.152Z"}},{"iob":-0.121,"basaliob":-0.124,"bolussnooze":0,"activity":-0.0021,"lastBolusTime":1702935600626,"time":"2023-12-19T01:59:51.152Z","iobWithZeroTemp":{"iob":-0.286,"basaliob":-0.289,"bolussnooze":0,"activity":-0.0034,"lastBolusTime":1702935600626,"time":"2023-12-19T01:59:51.152Z"}},{"iob":-0.111,"basaliob":-0.113,"bolussnooze":0,"activity":-0.0019,"lastBolusTime":1702935600626,"time":"2023-12-19T02:04:51.152Z","iobWithZeroTemp":{"iob":-0.286,"basaliob":-0.288,"bolussnooze":0,"activity":-0.0033,"lastBolusTime":1702935600626,"time":"2023-12-19T02:04:51.152Z"}},{"iob":-0.102,"basaliob":-0.104,"bolussnooze":0,"activity":-0.0018,"lastBolusTime":1702935600626,"time":"2023-12-19T02:09:51.152Z","iobWithZeroTemp":{"iob":-0.286,"basaliob":-0.288,"bolussnooze":0,"activity":-0.0034,"lastBolusTime":1702935600626,"time":"2023-12-19T02:09:51.152Z"}},{"iob":-0.093,"basaliob":-0.095,"bolussnooze":0,"activity":-0.0016,"lastBolusTime":1702935600626,"time":"2023-12-19T02:14:51.152Z","iobWithZeroTemp":{"iob":-0.285,"basaliob":-0.287,"bolussnooze":0,"activity":-0.0033,"lastBolusTime":1702935600626,"time":"2023-12-19T02:14:51.152Z"}},{"iob":-0.085,"basaliob":-0.086,"bolussnooze":0,"activity":-0.0015,"lastBolusTime":1702935600626,"time":"2023-12-19T02:19:51.152Z","iobWithZeroTemp":{"iob":-0.285,"basaliob":-0.286,"bolussnooze":0,"activity":-0.0033,"lastBolusTime":1702935600626,"time":"2023-12-19T02:19:51.152Z"}},{"iob":-0.077,"basaliob":-0.078,"bolussnooze":0,"activity":-0.0015,"lastBolusTime":1702935600626,"time":"2023-12-19T02:24:51.152Z","iobWithZeroTemp":{"iob":-0.284,"basaliob":-0.285,"bolussnooze":0,"activity":-0.0034,"lastBolusTime":1702935600626,"time":"2023-12-19T02:24:51.152Z"}},{"iob":-0.07,"basaliob":-0.071,"bolussnooze":0,"activity":-0.0014,"lastBolusTime":1702935600626,"time":"2023-12-19T02:29:51.152Z","iobWithZeroTemp":{"iob":-0.284,"basaliob":-0.285,"bolussnooze":0,"activity":-0.0034,"lastBolusTime":1702935600626,"time":"2023-12-19T02:29:51.152Z"}},{"iob":-0.064,"basaliob":-0.065,"bolussnooze":0,"activity":-0.0013,"lastBolusTime":1702935600626,"time":"2023-12-19T02:34:51.152Z","iobWithZeroTemp":{"iob":-0.284,"basaliob":-0.285,"bolussnooze":0,"activity":-0.0034,"lastBolusTime":1702935600626,"time":"2023-12-19T02:34:51.152Z"}},{"iob":-0.057,"basaliob":-0.058,"bolussnooze":0,"activity":-0.0012,"lastBolusTime":1702935600626,"time":"2023-12-19T02:39:51.152Z","iobWithZeroTemp":{"iob":-0.283,"basaliob":-0.284,"bolussnooze":0,"activity":-0.0034,"lastBolusTime":1702935600626,"time":"2023-12-19T02:39:51.152Z"}},{"iob":-0.053,"basaliob":-0.053,"bolussnooze":0,"activity":-0.0011,"lastBolusTime":1702935600626,"time":"2023-12-19T02:44:51.152Z","iobWithZeroTemp":{"iob":-0.284,"basaliob":-0.284,"bolussnooze":0,"activity":-0.0034,"lastBolusTime":1702935600626,"time":"2023-12-19T02:44:51.152Z"}},{"iob":-0.048,"basaliob":-0.048,"bolussnooze":0,"activity":-0.001,"lastBolusTime":1702935600626,"time":"2023-12-19T02:49:51.152Z","iobWithZeroTemp":{"iob":-0.284,"basaliob":-0.284,"bolussnooze":0,"activity":-0.0034,"lastBolusTime":1702935600626,"time":"2023-12-19T02:49:51.152Z"}},{"iob":-0.043,"basaliob":-0.043,"bolussnooze":0,"activity":-9.0E-4,"lastBolusTime":1702935600626,"time":"2023-12-19T02:54:51.152Z","iobWithZeroTemp":{"iob":-0.283,"basaliob":-0.283,"bolussnooze":0,"activity":-0.0034,"lastBolusTime":1702935600626,"time":"2023-12-19T02:54:51.152Z"}},{"iob":-0.039,"basaliob":-0.039,"bolussnooze":0,"activity":-8.0E-4,"lastBolusTime":1702935600626,"time":"2023-12-19T02:59:51.152Z","iobWithZeroTemp":{"iob":-0.283,"basaliob":-0.283,"bolussnooze":0,"activity":-0.0034,"lastBolusTime":1702935600626,"time":"2023-12-19T02:59:51.152Z"}},{"iob":-0.035,"basaliob":-0.035,"bolussnooze":0,"activity":-8.0E-4,"lastBolusTime":1702935600626,"time":"2023-12-19T03:04:51.152Z","iobWithZeroTemp":{"iob":-0.295,"basaliob":-0.295,"bolussnooze":0,"activity":-0.0034,"lastBolusTime":1702935600626,"time":"2023-12-19T03:04:51.152Z"}},{"iob":-0.031,"basaliob":-0.031,"bolussnooze":0,"activity":-7.0E-4,"lastBolusTime":1702935600626,"time":"2023-12-19T03:09:51.152Z","iobWithZeroTemp":{"iob":-0.307,"basaliob":-0.307,"bolussnooze":0,"activity":-0.0035,"lastBolusTime":1702935600626,"time":"2023-12-19T03:09:51.152Z"}},{"iob":-0.028,"basaliob":-0.028,"bolussnooze":0,"activity":-6.0E-4,"lastBolusTime":1702935600626,"time":"2023-12-19T03:14:51.152Z","iobWithZeroTemp":{"iob":-0.319,"basaliob":-0.319,"bolussnooze":0,"activity":-0.0035,"lastBolusTime":1702935600626,"time":"2023-12-19T03:14:51.152Z"}},{"iob":-0.025,"basaliob":-0.025,"bolussnooze":0,"activity":-6.0E-4,"lastBolusTime":1702935600626,"time":"2023-12-19T03:19:51.152Z","iobWithZeroTemp":{"iob":-0.331,"basaliob":-0.331,"bolussnooze":0,"activity":-0.0036,"lastBolusTime":1702935600626,"time":"2023-12-19T03:19:51.152Z"}},{"iob":-0.022,"basaliob":-0.022,"bolussnooze":0,"activity":-5.0E-4,"lastBolusTime":1702935600626,"time":"2023-12-19T03:24:51.152Z","iobWithZeroTemp":{"iob":-0.341,"basaliob":-0.341,"bolussnooze":0,"activity":-0.0036,"lastBolusTime":1702935600626,"time":"2023-12-19T03:24:51.152Z"}},{"iob":-0.02,"basaliob":-0.02,"bolussnooze":0,"activity":-5.0E-4,"lastBolusTime":1702935600626,"time":"2023-12-19T03:29:51.152Z","iobWithZeroTemp":{"iob":-0.352,"basaliob":-0.352,"bolussnooze":0,"activity":-0.0038,"lastBolusTime":1702935600626,"time":"2023-12-19T03:29:51.152Z"}},{"iob":-0.018,"basaliob":-0.018,"bolussnooze":0,"activity":-4.0E-4,"lastBolusTime":1702935600626,"time":"2023-12-19T03:34:51.152Z","iobWithZeroTemp":{"iob":-0.363,"basaliob":-0.363,"bolussnooze":0,"activity":-0.0038,"lastBolusTime":1702935600626,"time":"2023-12-19T03:34:51.152Z"}},{"iob":-0.016,"basaliob":-0.016,"bolussnooze":0,"activity":-4.0E-4,"lastBolusTime":1702935600626,"time":"2023-12-19T03:39:51.152Z","iobWithZeroTemp":{"iob":-0.372,"basaliob":-0.372,"bolussnooze":0,"activity":-0.004,"lastBolusTime":1702935600626,"time":"2023-12-19T03:39:51.152Z"}},{"iob":-0.014,"basaliob":-0.014,"bolussnooze":0,"activity":-3.0E-4,"lastBolusTime":0,"time":"2023-12-19T03:44:51.152Z","iobWithZeroTemp":{"iob":-0.381,"basaliob":-0.381,"bolussnooze":0,"activity":-0.004,"lastBolusTime":0,"time":"2023-12-19T03:44:51.152Z"}},{"iob":-0.012,"basaliob":-0.012,"bolussnooze":0,"activity":-3.0E-4,"lastBolusTime":0,"time":"2023-12-19T03:49:51.152Z","iobWithZeroTemp":{"iob":-0.39,"basaliob":-0.39,"bolussnooze":0,"activity":-0.0041,"lastBolusTime":0,"time":"2023-12-19T03:49:51.152Z"}},{"iob":-0.01,"basaliob":-0.01,"bolussnooze":0,"activity":-2.0E-4,"lastBolusTime":0,"time":"2023-12-19T03:54:51.152Z","iobWithZeroTemp":{"iob":-0.397,"basaliob":-0.397,"bolussnooze":0,"activity":-0.0042,"lastBolusTime":0,"time":"2023-12-19T03:54:51.152Z"}},{"iob":-0.009,"basaliob":-0.009,"bolussnooze":0,"activity":-2.0E-4,"lastBolusTime":0,"time":"2023-12-19T03:59:51.152Z","iobWithZeroTemp":{"iob":-0.405,"basaliob":-0.405,"bolussnooze":0,"activity":-0.0043,"lastBolusTime":0,"time":"2023-12-19T03:59:51.152Z"}},{"iob":-0.008,"basaliob":-0.008,"bolussnooze":0,"activity":-2.0E-4,"lastBolusTime":0,"time":"2023-12-19T04:04:51.152Z","iobWithZeroTemp":{"iob":-0.417,"basaliob":-0.417,"bolussnooze":0,"activity":-0.0044,"lastBolusTime":0,"time":"2023-12-19T04:04:51.152Z"}},{"iob":-0.007,"basaliob":-0.007,"bolussnooze":0,"activity":-2.0E-4,"lastBolusTime":0,"time":"2023-12-19T04:09:51.152Z","iobWithZeroTemp":{"iob":-0.428,"basaliob":-0.428,"bolussnooze":0,"activity":-0.0046,"lastBolusTime":0,"time":"2023-12-19T04:09:51.152Z"}},{"iob":-0.006,"basaliob":-0.006,"bolussnooze":0,"activity":-2.0E-4,"lastBolusTime":0,"time":"2023-12-19T04:14:51.152Z","iobWithZeroTemp":{"iob":-0.438,"basaliob":-0.438,"bolussnooze":0,"activity":-0.0047,"lastBolusTime":0,"time":"2023-12-19T04:14:51.152Z"}},{"iob":-0.005,"basaliob":-0.005,"bolussnooze":0,"activity":-1.0E-4,"lastBolusTime":0,"time":"2023-12-19T04:19:51.152Z","iobWithZeroTemp":{"iob":-0.447,"basaliob":-0.447,"bolussnooze":0,"activity":-0.0047,"lastBolusTime":0,"time":"2023-12-19T04:19:51.152Z"}},{"iob":-0.005,"basaliob":-0.005,"bolussnooze":0,"activity":-1.0E-4,"lastBolusTime":0,"time":"2023-12-19T04:24:51.152Z","iobWithZeroTemp":{"iob":-0.457,"basaliob":-0.457,"bolussnooze":0,"activity":-0.0049,"lastBolusTime":0,"time":"2023-12-19T04:24:51.152Z"}},{"iob":-0.004,"basaliob":-0.004,"bolussnooze":0,"activity":-1.0E-4,"lastBolusTime":0,"time":"2023-12-19T04:29:51.152Z","iobWithZeroTemp":{"iob":-0.465,"basaliob":-0.465,"bolussnooze":0,"activity":-0.005,"lastBolusTime":0,"time":"2023-12-19T04:29:51.152Z"}},{"iob":-0.003,"basaliob":-0.003,"bolussnooze":0,"activity":-1.0E-4,"lastBolusTime":0,"time":"2023-12-19T04:34:51.152Z","iobWithZeroTemp":{"iob":-0.473,"basaliob":-0.473,"bolussnooze":0,"activity":-0.0051,"lastBolusTime":0,"time":"2023-12-19T04:34:51.152Z"}},{"iob":-0.003,"basaliob":-0.003,"bolussnooze":0,"activity":-1.0E-4,"lastBolusTime":0,"time":"2023-12-19T04:39:51.152Z","iobWithZeroTemp":{"iob":-0.481,"basaliob":-0.481,"bolussnooze":0,"activity":-0.0052,"lastBolusTime":0,"time":"2023-12-19T04:39:51.152Z"}},{"iob":-0.003,"basaliob":-0.003,"bolussnooze":0,"activity":-1.0E-4,"lastBolusTime":0,"time":"2023-12-19T04:44:51.152Z","iobWithZeroTemp":{"iob":-0.488,"basaliob":-0.488,"bolussnooze":0,"activity":-0.0053,"lastBolusTime":0,"time":"2023-12-19T04:44:51.152Z"}},{"iob":-0.002,"basaliob":-0.002,"bolussnooze":0,"activity":-1.0E-4,"lastBolusTime":0,"time":"2023-12-19T04:49:51.152Z","iobWithZeroTemp":{"iob":-0.494,"basaliob":-0.494,"bolussnooze":0,"activity":-0.0054,"lastBolusTime":0,"time":"2023-12-19T04:49:51.152Z"}},{"iob":-0.002,"basaliob":-0.002,"bolussnooze":0,"activity":-1.0E-4,"lastBolusTime":0,"time":"2023-12-19T04:54:51.152Z","iobWithZeroTemp":{"iob":-0.5,"basaliob":-0.5,"bolussnooze":0,"activity":-0.0056,"lastBolusTime":0,"time":"2023-12-19T04:54:51.152Z"}}],"profile":{"max_iob":10,"type":"current","max_daily_basal":0.4,"max_basal":1,"min_bg":130,"max_bg":130,"target_bg":130,"carb_ratio":8.8,"sens":130,"max_daily_safety_multiplier":3,"current_basal_safety_multiplier":4,"lgsThreshold":95,"high_temptarget_raises_sensitivity":true,"low_temptarget_lowers_sensitivity":true,"sensitivity_raises_target":true,"resistance_lowers_target":true,"adv_target_adjustments":false,"exercise_mode":false,"half_basal_exercise_target":160,"maxCOB":120,"skip_neutral_temps":false,"remainingCarbsCap":90,"enableUAM":true,"A52_risk_enable":false,"SMBInterval":5,"enableSMB_with_COB":true,"enableSMB_with_temptarget":true,"allowSMB_with_high_temptarget":false,"enableSMB_always":false,"enableSMB_after_carbs":true,"maxSMBBasalMinutes":30,"maxUAMSMBBasalMinutes":40,"bolus_increment":0.05,"carbsReqThreshold":4,"current_basal":0.25,"temptargetSet":true,"autosens_max":1.3,"autosens_min":0.7,"variable_sens":150.3,"insulinDivisor":75,"TDD":15.810060714285711},"autosens_data":{"ratio":0.8144236844480547},"meal_data":{"carbs":0,"mealCOB":0,"slopeFromMaxDeviation":-1.04875,"slopeFromMinDeviation":0.09350000000000004,"lastBolusTime":1702935600626,"lastCarbTime":0},"microBolusAllowed":true,"currentTime":1702947591877,"flatBGsDetected":false,"tdd1D":16.220833333333324,"tdd7D":19.783928571428568,"tddLast24H":16.112499999999994,"tddLast4H":1.1541666666666668,"tddLast8to4H":3.5875},"output":{"temp":"absolute","bg":85,"tick":"+0","eventualBG":113,"targetBG":130,"insulinReq":0,"deliverAt":"2023-12-19T00:59:51.877Z","sensitivityRatio":0.67,"variable_sens":150.3,"predBGs":{"IOB":[85,85,86,86,87,88,89,90,92,93,94,96,97,99,100,101,102,103,104,105,106,107,107,108,109,109,110,110,110,111,111,111,112,112,112,112,112,113],"ZT":[85,87,90,92,94,96,99,101,103,105,107,110,112,114,116,118,120,122,124,126,128,130]},"reason":"COB: 0, Dev: -15, BGI: 2, ISF: 150, CR: 8.8, Target: 130, minPredBG 104, minGuardBG 85, IOBpredBG 113; minGuardBG 85<95 81m left and 0 ~ req 0U\/hr: no temp required","COB":0,"IOB":-0.285,"timestamp":"2023-12-19T00:59:51.890Z"}}