{"algorithm":"OpenAPSSMBDynamicISFPlugin","input":{"glucoseStatus":{"glucose":91,"noise":0,"delta":0.5,"short_avgdelta":0.5,"long_avgdelta":-0.11,"date":1702943363000},"currenttemp":{"temp":"absolute","duration":15,"rate":0,"minutesrunning":15},"iob_data":[{"iob":-0.186,"basaliob":-0.269,"bolussnooze":0,"activity":-0.0012,"lastBolusTime":1702935600626,"time":"2023-12-18T23:49:55.431Z","iobWithZeroTemp":{"iob":-0.186,"basaliob":-0.269,"bolussnooze":0,"activity":-0.0012,"lastBolusTime":1702935600626,"time":"2023-12-18T23:49:55.431Z"}},{"iob":-0.18,"basaliob":-0.254,"bolussnooze":0,"activity":-0.0014,"lastBolusTime":1702935600626,"time":"2023-12-18T23:54:55.431Z","iobWithZeroTemp":{"iob":-0.197,"basaliob":-0.271,"bolussnooze":0,"activity":-0.0014,"lastBolusTime":1702935600626,"time":"2023-12-18T23:54:55.431Z"}},{"iob":-0.172,"basaliob":-0.239,"bolussnooze":0,"activity":-0.0016,"lastBolusTime":1702935600626,"time":"2023-12-18T23:59:55.431Z","iobWithZeroTemp":{"iob":-0.209,"basaliob":-0.276,"bolussnooze":0,"activity":-0.0017,"lastBolusTime":1702935600626,"time":"2023-12-18T23:59:55.431Z"}},{"iob":-0.165,"basaliob":-0.225,"bolussnooze":0,"activity":-0.0016,"lastBolusTime":1702935600626,"time":"2023-12-19T00:04:55.431Z","iobWithZeroTemp":{"iob":-0.223,"basaliob":-0.283,"bolussnooze":0,"activity":-0.0018,"lastBolusTime":1702935600626,"time":"2023-12-19T00:04:55.431Z"}},{"iob":-0.156,"basaliob":-0.21,"bolussnooze":0,"activity":-0.0016,"lastBolusTime":1702935600626,"time":"2023-12-19T00:09:55.431Z","iobWithZeroTemp":{"iob":-0.233,"basaliob":-0.287,"bolussnooze":0,"activity":-0.0019,"lastBolusTime":1702935600626,"time":"2023-12-19T00:09:55.431Z"}},{"iob":-0.148,"basaliob":-0.196,"bolussnooze":0,"activity":-0.0017,"lastBolusTime":1702935600626,"time":"2023-12-19T00:14:55.431Z","iobWithZeroTemp":{"iob":-0.244,"basaliob":-0.292,"bolussnooze":0,"activity":-0.0021,"lastBolusTime":1702935600626,"time":"2023-12-19T00:14:55.431Z"}},{"iob":-0.14,"basaliob":-0.183,"bolussnooze":0,"activity":-0.0017,"lastBolusTime":1702935600626,"time":"2023-12-19T00:19:55.431Z","iobWithZeroTemp":{"iob":-0.254,"basaliob":-0.297,"bolussnooze":0,"activity":-0.0023,"lastBolusTime":1702935600626,"time":"2023-12-19T00:19:55.431Z"}},{"iob":-0.131,"basaliob":-0.17,"bolussnooze":0,"activity":-0.0017,"lastBolusTime":1702935600626,"time":"2023-12-19T00:24:55.431Z","iobWithZeroTemp":{"iob":-0.263,"basaliob":-0.302,"bolussnooze":0,"activity":-0.0025,"lastBolusTime":1702935600626,"time":"2023-12-19T00:24:55.431Z"}},{"iob":-0.122,"basaliob":-0.157,"bolussnooze":0,"activity":-0.0016,"lastBolusTime":1702935600626,"time":"2023-12-19T00:29:55.431Z","iobWithZeroTemp":{"iob":-0.271,"basaliob":-0.306,"bolussnooze":0,"activity":-0.0025,"lastBolusTime":1702935600626,"time":"2023-12-19T00:29:55.431Z"}},{"iob":-0.114,"basaliob":-0.145,"bolussnooze":0,"activity":-0.0016,"lastBolusTime":1702935600626,"time":"2023-12-19T00:34:55.431Z","iobWithZeroTemp":{"iob":-0.278,"basaliob":-0.309,"bolussnooze":0,"activity":-0.0027,"lastBolusTime":1702935600626,"time":"2023-12-19T00:34:55.431Z"}},{"iob":-0.107,"basaliob":-0.134,"bolussnooze":0,"activity":-0.0016,"lastBolusTime":1702935600626,"time":"2023-12-19T00:39:55.431Z","iobWithZeroTemp":{"iob":-0.286,"basaliob":-0.313,"bolussnooze":0,"activity":-0.0029,"lastBolusTime":1702935600626,"time":"2023-12-19T00:39:55.431Z"}},{"iob":-0.1,"basaliob":-0.124,"bolussnooze":0,"activity":-0.0015,"lastBolusTime":1702935600626,"time":"2023-12-19T00:44:55.431Z","iobWithZeroTemp":{"iob":-0.293,"basaliob":-0.317,"bolussnooze":0,"activity":-0.003,"lastBolusTime":1702935600626,"time":"2023-12-19T00:44:55.431Z"}},{"iob":-0.092,"basaliob":-0.114,"bolussnooze":0,"activity":-0.0014,"lastBolusTime":1702935600626,"time":"2023-12-19T00:49:55.431Z","iobWithZeroTemp":{"iob":-0.298,"basaliob":-0.32,"bolussnooze":0,"activity":-0.003,"lastBolusTime":1702935600626,"time":"2023-12-19T00:49:55.431Z"}},{"iob":-0.085,"basaliob":-0.104,"bolussnooze":0,"activity":-0.0013,"lastBolusTime":1702935600626,"time":"2023-12-19T00:54:55.431Z","iobWithZeroTemp":{"iob":-0.303,"basaliob":-0.322,"bolussnooze":0,"activity":-0.0031,"lastBolusTime":1702935600626,"time":"2023-12-19T00:54:55.431Z"}},{"iob":-0.079,"basaliob":-0.096,"bolussnooze":0,"activity":-0.0013,"lastBolusTime":1702935600626,"time":"2023-12-19T00:59:55.431Z","iobWithZeroTemp":{"iob":-0.309,"basaliob":-0.326,"bolussnooze":0,"activity":-0.0033,"lastBolusTime":1702935600626,"time":"2023-12-19T00:59:55.431Z"}},{"iob":-0.072,"basaliob":-0.087,"bolussnooze":0,"activity":-0.0012,"lastBolusTime":1702935600626,"time":"2023-12-19T01:04:55.431Z","iobWithZeroTemp":{"iob":-0.308,"basaliob":-0.323,"bolussnooze":0,"activity":-0.0033,"lastBolusTime":1702935600626,"time":"2023-12-19T01:04:55.431Z"}},{"iob":-0.067,"basaliob":-0.08,"bolussnooze":0,"activity":-0.0012,"lastBolusTime":1702935600626,"time":"2023-12-19T01:09:55.431Z","iobWithZeroTemp":{"iob":-0.309,"basaliob":-0.322,"bolussnooze":0,"activity":-0.0035,"lastBolusTime":1702935600626,"time":"2023-12-19T01:09:55.431Z"}},{"iob":-0.062,"basaliob":-0.073,"bolussnooze":0,"activity":-0.0011,"lastBolusTime":1702935600626,"time":"2023-12-19T01:14:55.431Z","iobWithZeroTemp":{"iob":-0.309,"basaliob":-0.32,"bolussnooze":0,"activity":-0.0035,"lastBolusTime":1702935600626,"time":"2023-12-19T01:14:55.431Z"}},{"iob":-0.056,"basaliob":-0.066,"bolussnooze":0,"activity":-0.001,"lastBolusTime":1702935600626,"time":"2023-12-19T01:19:55.431Z","iobWithZeroTemp":{"iob":-0.308,"basaliob":-0.318,"bolussnooze":0,"activity":-0.0035,"lastBolusTime":1702935600626,"time":"2023-12-19T01:19:55.431Z"}},{"iob":-0.051,"basaliob":-0.06,"bolussnooze":0,"activity":-0.001,"lastBolusTime":1702935600626,"time":"2023-12-19T01:24:55.431Z","iobWithZeroTemp":{"iob":-0.307,"basaliob":-0.316,"bolussnooze":0,"activity":-0.0036,"lastBolusTime":1702935600626,"time":"2023-12-19T01:24:55.431Z"}},{"iob":-0.047,"basaliob":-0.055,"bolussnooze":0,"activity":-9.0E-4,"lastBolusTime":1702935600626,"time":"2023-12-19T01:29:55.431Z","iobWithZeroTemp":{"iob":-0.306,"basaliob":-0.314,"bolussnooze":0,"activity":-0.0036,"lastBolusTime":1702935600626,"time":"2023-12-19T01:29:55.431Z"}},{"iob":-0.042,"basaliob":-0.049,"bolussnooze":0,"activity":-8.0E-4,"lastBolusTime":1702935600626,"time":"2023-12-19T01:34:55.431Z","iobWithZeroTemp":{"iob":-0.304,"basaliob":-0.311,"bolussnooze":0,"activity":-0.0036,"lastBolusTime":1702935600626,"time":"2023-12-19T01:34:55.431Z"}},{"iob":-0.039,"basaliob":-0.045,"bolussnooze":0,"activity":-7.0E-4,"lastBolusTime":1702935600626,"time":"2023-12-19T01:39:55.431Z","iobWithZeroTemp":{"iob":-0.304,"basaliob":-0.31,"bolussnooze":0,"activity":-0.0035,"lastBolusTime":1702935600626,"time":"2023-12-19T01:39:55.431Z"}},{"iob":-0.035,"basaliob":-0.04,"bolussnooze":0,"activity":-7.0E-4,"lastBolusTime":1702935600626,"time":"2023-12-19T01:44:55.431Z","iobWithZeroTemp":{"iob":-0.302,"basaliob":-0.307,"bolussnooze":0,"activity":-0.0036,"lastBolusTime":1702935600626,"time":"2023-12-19T01:44:55.431Z"}},{"iob":-0.032,"basaliob":-0.036,"bolussnooze":0,"activity":-7.0E-4,"lastBolusTime":1702935600626,"time":"2023-12-19T01:49:55.431Z","iobWithZeroTemp":{"iob":-0.301,"basaliob":-0.305,"bolussnooze":0,"activity":-0.0036,"lastBolusTime":1702935600626,"time":"2023-12-19T01:49:55.431Z"}},{"iob":-0.03,"basaliob":-0.033,"bolussnooze":0,"activity":-6.0E-4,"lastBolusTime":1702935600626,"time":"2023-12-19T01:54:55.431Z","iobWithZeroTemp":{"iob":-0.301,"basaliob":-0.304,"bolussnooze":0,"activity":-0.0036,"lastBolusTime":1702935600626,"time":"2023-12-19T01:54:55.431Z"}},{"iob":-0.026,"basaliob":-0.029,"bolussnooze":0,"activity":-5.0E-4,"lastBolusTime":1702935600626,"time":"2023-12-19T01:59:55.431Z","iobWithZeroTemp":{"iob":-0.299,"basaliob":-0.302,"bolussnooze":0,"activity":-0.0035,"lastBolusTime":1702935600626,"time":"2023-12-19T01:59:55.431Z"}},{"iob":-0.024,"basaliob":-0.026,"bolussnooze":0,"activity":-5.0E-4,"lastBolusTime":1702935600626,"time":"2023-12-19T02:04:55.431Z","iobWithZeroTemp":{"iob":-0.298,"basaliob":-0.3,"bolussnooze":0,"activity":-0.0036,"lastBolusTime":1702935600626,"time":"2023-12-19T02:04:55.431Z"}},{"iob":-0.022,"basaliob":-0.024,"bolussnooze":0,"activity":-4.0E-4,"lastBolusTime":1702935600626,"time":"2023-12-19T02:09:55.431Z","iobWithZeroTemp":{"iob":-0.297,"basaliob":-0.299,"bolussnooze":0,"activity":-0.0035,"lastBolusTime":1702935600626,"time":"2023-12-19T02:09:55.431Z"}},{"iob":-0.019,"basaliob":-0.021,"bolussnooze":0,"activity":-4.0E-4,"lastBolusTime":1702935600626,"time":"2023-12-19T02:14:55.431Z","iobWithZeroTemp":{"iob":-0.295,"basaliob":-0.297,"bolussnooze":0,"activity":-0.0035,"lastBolusTime":1702935600626,"time":"2023-12-19T02:14:55.431Z"}},{"iob":-0.018,"basaliob":-0.019,"bolussnooze":0,"activity":-3.0E-4,"lastBolusTime":1702935600626,"time":"2023-12-19T02:19:55.431Z","iobWithZeroTemp":{"iob":-0.295,"basaliob":-0.296,"bolussnooze":0,"activity":-0.0035,"lastBolusTime":1702935600626,"time":"2023-12-19T02:19:55.431Z"}},{"iob":-0.016,"basaliob":-0.017,"bolussnooze":0,"activity":-4.0E-4,"lastBolusTime":1702935600626,"time":"2023-12-19T02:24:55.431Z","iobWithZeroTemp":{"iob":-0.294,"basaliob":-0.295,"bolussnooze":0,"activity":-0.0036,"lastBolusTime":1702935600626,"time":"2023-12-19T02:24:55.431Z"}},{"iob":-0.014,"basaliob":-0.015,"bolussnooze":0,"activity":-4.0E-4,"lastBolusTime":1702935600626,"time":"2023-12-19T02:29:55.431Z","iobWithZeroTemp":{"iob":-0.293,"basaliob":-0.294,"bolussnooze":0,"activity":-0.0036,"lastBolusTime":1702935600626,"time":"2023-12-19T02:29:55.431Z"}},{"iob":-0.012,"basaliob":-0.013,"bolussnooze":0,"activity":-3.0E-4,"lastBolusTime":1702935600626,"time":"2023-12-19T02:34:55.431Z","iobWithZeroTemp":{"iob":-0.291,"basaliob":-0.292,"bolussnooze":0,"activity":-0.0035,"lastBolusTime":1702935600626,"time":"2023-12-19T02:34:55.431Z"}},{"iob":-0.011,"basaliob":-0.012,"bolussnooze":0,"activity":-3.0E-4,"lastBolusTime":1702935600626,"time":"2023-12-19T02:39:55.431Z","iobWithZeroTemp":{"iob":-0.291,"basaliob":-0.292,"bolussnooze":0,"activity":-0.0036,"lastBolusTime":1702935600626,"time":"2023-12-19T02:39:55.431Z"}},{"iob":-0.01,"basaliob":-0.01,"bolussnooze":0,"activity":-3.0E-4,"lastBolusTime":1702935600626,"time":"2023-12-19T02:44:55.431Z","iobWithZeroTemp":{"iob":-0.29,"basaliob":-0.29,"bolussnooze":0,"activity":-0.0036,"lastBolusTime":1702935600626,"time":"2023-12-19T02:44:55.431Z"}},{"iob":-0.009,"basaliob":-0.009,"bolussnooze":0,"activity":-2.0E-4,"lastBolusTime":1702935600626,"time":"2023-12-19T02:49:55.431Z","iobWithZeroTemp":{"iob":-0.289,"basaliob":-0.289,"bolussnooze":0,"activity":-0.0035,"lastBolusTime":1702935600626,"time":"2023-12-19T02:49:55.431Z"}},{"iob":-0.008,"basaliob":-0.008,"bolussnooze":0,"activity":-2.0E-4,"lastBolusTime":1702935600626,"time":"2023-12-19T02:54:55.431Z","iobWithZeroTemp":{"iob":-0.289,"basaliob":-0.289,"bolussnooze":0,"activity":-0.0035,"lastBolusTime":1702935600626,"time":"2023-12-19T02:54:55.431Z"}},{"iob":-0.007,"basaliob":-0.007,"bolussnooze":0,"activity":-2.0E-4,"lastBolusTime":1702935600626,"time":"2023-12-19T02:59:55.431Z","iobWithZeroTemp":{"iob":-0.288,"basaliob":-0.288,"bolussnooze":0,"activity":-0.0035,"lastBolusTime":1702935600626,"time":"2023-12-19T02:59:55.431Z"}},{"iob":-0.006,"basaliob":-0.006,"bolussnooze":0,"activity":-2.0E-4,"lastBolusTime":1702935600626,"time":"2023-12-19T03:04:55.431Z","iobWithZeroTemp":{"iob":-0.3,"basaliob":-0.3,"bolussnooze":0,"activity":-0.0035,"lastBolusTime":1702935600626,"time":"2023-12-19T03:04:55.431Z"}},{"iob":-0.005,"basaliob":-0.005,"bolussnooze":0,"activity":-2.0E-4,"lastBolusTime":1702935600626,"time":"2023-12-19T03:09:55.431Z","iobWithZeroTemp":{"iob":-0.311,"basaliob":-0.311,"bolussnooze":0,"activity":-0.0036,"lastBolusTime":1702935600626,"time":"2023-12-19T03:09:55.431Z"}},{"iob":-0.005,"basaliob":-0.005,"bolussnooze":0,"activity":-1.0E-4,"lastBolusTime":1702935600626,"time":"2023-12-19T03:14:55.431Z","iobWithZeroTemp":{"iob":-0.323,"basaliob":-0.323,"bolussnooze":0,"activity":-0.0035,"lastBolusTime":1702935600626,"time":"2023-12-19T03:14:55.431Z"}},{"iob":-0.004,"basaliob":-0.004,"bolussnooze":0,"activity":-1.0E-4,"lastBolusTime":1702935600626,"time":"2023-12-19T03:19:55.431Z","iobWithZeroTemp":{"iob":-0.334,"basaliob":-0.334,"bolussnooze":0,"activity":-0.0036,"lastBolusTime":1702935600626,"time":"2023-12-19T03:19:55.431Z"}},{"iob":-0.003,"basaliob":-0.003,"bolussnooze":0,"activity":-1.0E-4,"lastBolusTime":1702935600626,"time":"2023-12-19T03:24:55.431Z","iobWithZeroTemp":{"iob":-0.344,"basaliob":-0.344,"bolussnooze":0,"activity":-0.0037,"lastBolusTime":1702935600626,"time":"2023-12-19T03:24:55.431Z"}},{"iob":-0.003,"basaliob":-0.003,"bolussnooze":0,"activity":-1.0E-4,"lastBolusTime":1702935600626,"time":"2023-12-19T03:29:55.431Z","iobWithZeroTemp":{"iob":-0.355,"basaliob":-0.355,"bolussnooze":0,"activity":-0.0038,"lastBolusTime":1702935600626,"time":"2023-12-19T03:29:55.431Z"}},{"iob":-0.003,"basaliob":-0.003,"bolussnooze":0,"activity":-1.0E-4,"lastBolusTime":1702935600626,"time":"2023-12-19T03:34:55.431Z","iobWithZeroTemp":{"iob":-0.365,"basaliob":-0.365,"bolussnooze":0,"activity":-0.0039,"lastBolusTime":1702935600626,"time":"2023-12-19T03:34:55.431Z"}},{"iob":-0.002,"basaliob":-0.002,"bolussnooze":0,"activity":-1.0E-4,"lastBolusTime":1702935600626,"time":"2023-12-19T03:39:55.431Z","iobWithZeroTemp":{"iob":-0.374,"basaliob":-0.374,"bolussnooze":0,"activity":-0.004,"lastBolusTime":1702935600626,"time":"2023-12-19T03:39:55.431Z"}},{"iob":-0.002,"basaliob":-0.002,"bolussnooze":0,"activity":-1.0E-4,"lastBolusTime":0,"time":"2023-12-19T03:44:55.431Z","iobWithZeroTemp":{"iob":-0.383,"basaliob":-0.383,"bolussnooze":0,"activity":-0.0041,"lastBolusTime":0,"time":"2023-12-19T03:44:55.431Z"}}],"profile":{"max_iob":10,"type":"current","max_daily_basal":0.4,"max_basal":1,"min_bg":95,"max_bg":95,"target_bg":95,"carb_ratio":8.8,"sens":130,"max_daily_safety_multiplier":3,"current_basal_safety_multiplier":4,"lgsThreshold":95,"high_temptarget_raises_sensitivity":true,"low_temptarget_lowers_sensitivity":true,"sensitivity_raises_target":true,"resistance_lowers_target":true,"adv_target_adjustments":false,"exercise_mode":false,"half_basal_exercise_target":160,"maxCOB":120,"skip_neutral_temps":false,"remainingCarbsCap":90,"enableUAM":true,"A52_risk_enable":false,"SMBInterval":5,"enableSMB_with_COB":true,"enableSMB_with_temptarget":true,"allowSMB_with_high_temptarget":false,"enableSMB_always":false,"enableSMB_after_carbs":true,"maxSMBBasalMinutes":30,"maxUAMSMBBasalMinutes":40,"bolus_increment":0.05,"carbsReqThreshold":4,"current_basal":0.25,"temptargetSet":false,"autosens_max":1.3,"autosens_min":0.7,"variable_sens":142.4,"insulinDivisor":75,"TDD":15.91401071428571},"autosens_data":{"ratio":0.8213737701958659},"meal_data":{"carbs":0,"mealCOB":0,"slopeFromMaxDeviation":-0.5066666666666666,"slopeFromMinDeviation":0,"lastBolusTime":1702935600626,"lastCarbTime":0},"microBolusAllowed":true,"currentTime":1702943397301,"flatBGsDetected":false,"tdd1D":16.220833333333324,"tdd7D":19.783928571428568,"tddLast24H":16.249999999999993,"tddLast4H":1.3291666666666668,"tddLast8to4H":3.354166666666667},"output":{"temp":"absolute","bg":91,"tick":"+1","eventualBG":111,"targetBG":103,"insulinReq":0,"deliverAt":"2023-12-18T23:49:57.301Z","sensitivityRatio":0.8213737701958659,"variable_sens":142.4,"predBGs":{"IOB":[91,92,92,93,94,95,96,97,98,99,100,101,102,103,104,105,106,106,107,108,108,109,109,110,110,111,111,111,112,112,112,112,113,113,113,113,113,114],"ZT":[91,92,93,94,95,97,98,100,101,103]},"reason":"COB: 0, Dev: -6, BGI: 1, ISF: 142, CR: 8.8, Target: 103, minPredBG 107, minGuardBG 92, IOBpredBG 114; minGuardBG 92<95","COB":0,"IOB":-0.186,"duration":30,"rate":0,"timestamp":"2023-12-18T23:49:57.334Z"}}