{"algorithm":"OpenAPSSMBDynamicISFPlugin","input":{"glucoseStatus":{"glucose":115,"noise":0,"delta":-5,"short_avgdelta":-5,"long_avgdelta":-4.74,"date":1702976665000},"currenttemp":{"temp":"absolute","duration":65,"rate":0,"minutesrunning":25},"iob_data":[{"iob":0.465,"basaliob":-0.301,"bolussnooze":0.1426,"activity":0.0082,"lastBolusTime":1702974308497,"time":"2023-12-19T09:04:57.630Z","iobWithZeroTemp":{"iob":0.465,"basaliob":-0.301,"bolussnooze":0.1426,"activity":0.0082,"lastBolusTime":1702974308497,"time":"2023-12-19T09:04:57.630Z"}},{"iob":0.426,"basaliob":-0.284,"bolussnooze":0.115,"activity":0.0076,"lastBolusTime":1702974308497,"time":"2023-12-19T09:09:57.630Z","iobWithZeroTemp":{"iob":0.409,"basaliob":-0.301,"bolussnooze":0.115,"activity":0.0076,"lastBolusTime":1702974308497,"time":"2023-12-19T09:09:57.630Z"}},{"iob":0.388,"basaliob":-0.268,"bolussnooze":0.0921,"activity":0.0071,"lastBolusTime":1702974308497,"time":"2023-12-19T09:14:57.630Z","iobWithZeroTemp":{"iob":0.351,"basaliob":-0.305,"bolussnooze":0.0921,"activity":0.007,"lastBolusTime":1702974308497,"time":"2023-12-19T09:14:57.630Z"}},{"iob":0.355,"basaliob":-0.251,"bolussnooze":0.0732,"activity":0.0065,"lastBolusTime":1702974308497,"time":"2023-12-19T09:19:57.630Z","iobWithZeroTemp":{"iob":0.297,"basaliob":-0.309,"bolussnooze":0.0732,"activity":0.0063,"lastBolusTime":1702974308497,"time":"2023-12-19T09:19:57.630Z"}},{"iob":0.323,"basaliob":-0.235,"bolussnooze":0.0577,"activity":0.0061,"lastBolusTime":1702974308497,"time":"2023-12-19T09:24:57.630Z","iobWithZeroTemp":{"iob":0.246,"basaliob":-0.312,"bolussnooze":0.0577,"activity":0.0058,"lastBolusTime":1702974308497,"time":"2023-12-19T09:24:57.630Z"}},{"iob":0.294,"basaliob":-0.219,"bolussnooze":0.0451,"activity":0.0056,"lastBolusTime":1702974308497,"time":"2023-12-19T09:29:57.630Z","iobWithZeroTemp":{"iob":0.198,"basaliob":-0.315,"bolussnooze":0.0451,"activity":0.0052,"lastBolusTime":1702974308497,"time":"2023-12-19T09:29:57.630Z"}},{"iob":0.267,"basaliob":-0.204,"bolussnooze":0.0349,"activity":0.0052,"lastBolusTime":1702974308497,"time":"2023-12-19T09:34:57.630Z","iobWithZeroTemp":{"iob":0.153,"basaliob":-0.318,"bolussnooze":0.0349,"activity":0.0046,"lastBolusTime":1702974308497,"time":"2023-12-19T09:34:57.630Z"}},{"iob":0.243,"basaliob":-0.189,"bolussnooze":0.0267,"activity":0.0047,"lastBolusTime":1702974308497,"time":"2023-12-19T09:39:57.630Z","iobWithZeroTemp":{"iob":0.111,"basaliob":-0.321,"bolussnooze":0.0267,"activity":0.0039,"lastBolusTime":1702974308497,"time":"2023-12-19T09:39:57.630Z"}},{"iob":0.22,"basaliob":-0.175,"bolussnooze":0.0202,"activity":0.0044,"lastBolusTime":1702974308497,"time":"2023-12-19T09:44:57.630Z","iobWithZeroTemp":{"iob":0.071,"basaliob":-0.324,"bolussnooze":0.0202,"activity":0.0035,"lastBolusTime":1702974308497,"time":"2023-12-19T09:44:57.630Z"}},{"iob":0.199,"basaliob":-0.162,"bolussnooze":0.015,"activity":0.004,"lastBolusTime":1702974308497,"time":"2023-12-19T09:49:57.630Z","iobWithZeroTemp":{"iob":0.035,"basaliob":-0.326,"bolussnooze":0.015,"activity":0.0029,"lastBolusTime":1702974308497,"time":"2023-12-19T09:49:57.630Z"}},{"iob":0.18,"basaliob":-0.149,"bolussnooze":0.011,"activity":0.0036,"lastBolusTime":1702974308497,"time":"2023-12-19T09:54:57.630Z","iobWithZeroTemp":{"iob":0.001,"basaliob":-0.328,"bolussnooze":0.011,"activity":0.0023,"lastBolusTime":1702974308497,"time":"2023-12-19T09:54:57.630Z"}},{"iob":0.162,"basaliob":-0.137,"bolussnooze":0.0079,"activity":0.0034,"lastBolusTime":1702974308497,"time":"2023-12-19T09:59:57.630Z","iobWithZeroTemp":{"iob":-0.031,"basaliob":-0.33,"bolussnooze":0.0079,"activity":0.0019,"lastBolusTime":1702974308497,"time":"2023-12-19T09:59:57.630Z"}},{"iob":0.146,"basaliob":-0.126,"bolussnooze":0.0055,"activity":0.003,"lastBolusTime":1702974308497,"time":"2023-12-19T10:04:57.630Z","iobWithZeroTemp":{"iob":-0.06,"basaliob":-0.332,"bolussnooze":0.0055,"activity":0.0014,"lastBolusTime":1702974308497,"time":"2023-12-19T10:04:57.630Z"}},{"iob":0.131,"basaliob":-0.116,"bolussnooze":0.0037,"activity":0.0028,"lastBolusTime":1702974308497,"time":"2023-12-19T10:09:57.630Z","iobWithZeroTemp":{"iob":-0.087,"basaliob":-0.334,"bolussnooze":0.0037,"activity":0.001,"lastBolusTime":1702974308497,"time":"2023-12-19T10:09:57.630Z"}},{"iob":0.118,"basaliob":-0.106,"bolussnooze":0.0024,"activity":0.0026,"lastBolusTime":1702974308497,"time":"2023-12-19T10:14:57.630Z","iobWithZeroTemp":{"iob":-0.112,"basaliob":-0.336,"bolussnooze":0.0024,"activity":6.0E-4,"lastBolusTime":1702974308497,"time":"2023-12-19T10:14:57.630Z"}},{"iob":0.105,"basaliob":-0.097,"bolussnooze":0.0014,"activity":0.0023,"lastBolusTime":1702974308497,"time":"2023-12-19T10:19:57.630Z","iobWithZeroTemp":{"iob":-0.135,"basaliob":-0.337,"bolussnooze":0.0014,"activity":2.0E-4,"lastBolusTime":1702974308497,"time":"2023-12-19T10:19:57.630Z"}},{"iob":0.095,"basaliob":-0.088,"bolussnooze":8.0E-4,"activity":0.0022,"lastBolusTime":1702974308497,"time":"2023-12-19T10:24:57.630Z","iobWithZeroTemp":{"iob":-0.155,"basaliob":-0.338,"bolussnooze":8.0E-4,"activity":-1.0E-4,"lastBolusTime":1702974308497,"time":"2023-12-19T10:24:57.630Z"}},{"iob":0.085,"basaliob":-0.08,"bolussnooze":4.0E-4,"activity":0.0019,"lastBolusTime":1702974308497,"time":"2023-12-19T10:29:57.630Z","iobWithZeroTemp":{"iob":-0.174,"basaliob":-0.339,"bolussnooze":4.0E-4,"activity":-5.0E-4,"lastBolusTime":1702974308497,"time":"2023-12-19T10:29:57.630Z"}},{"iob":0.075,"basaliob":-0.073,"bolussnooze":1.0E-4,"activity":0.0017,"lastBolusTime":1702974308497,"time":"2023-12-19T10:34:57.630Z","iobWithZeroTemp":{"iob":-0.193,"basaliob":-0.341,"bolussnooze":1.0E-4,"activity":-9.0E-4,"lastBolusTime":1702974308497,"time":"2023-12-19T10:34:57.630Z"}},{"iob":0.067,"basaliob":-0.066,"bolussnooze":0,"activity":0.0016,"lastBolusTime":1702974308497,"time":"2023-12-19T10:39:57.630Z","iobWithZeroTemp":{"iob":-0.208,"basaliob":-0.341,"bolussnooze":0,"activity":-0.0011,"lastBolusTime":1702974308497,"time":"2023-12-19T10:39:57.630Z"}},{"iob":0.059,"basaliob":-0.06,"bolussnooze":0,"activity":0.0014,"lastBolusTime":1702974308497,"time":"2023-12-19T10:44:57.630Z","iobWithZeroTemp":{"iob":-0.223,"basaliob":-0.342,"bolussnooze":0,"activity":-0.0014,"lastBolusTime":1702974308497,"time":"2023-12-19T10:44:57.630Z"}},{"iob":0.053,"basaliob":-0.054,"bolussnooze":0,"activity":0.0013,"lastBolusTime":1702974308497,"time":"2023-12-19T10:49:57.630Z","iobWithZeroTemp":{"iob":-0.236,"basaliob":-0.343,"bolussnooze":0,"activity":-0.0016,"lastBolusTime":1702974308497,"time":"2023-12-19T10:49:57.630Z"}},{"iob":0.047,"basaliob":-0.049,"bolussnooze":0,"activity":0.0012,"lastBolusTime":1702974308497,"time":"2023-12-19T10:54:57.630Z","iobWithZeroTemp":{"iob":-0.248,"basaliob":-0.344,"bolussnooze":0,"activity":-0.0018,"lastBolusTime":1702974308497,"time":"2023-12-19T10:54:57.630Z"}},{"iob":0.041,"basaliob":-0.044,"bolussnooze":0,"activity":0.0011,"lastBolusTime":1702974308497,"time":"2023-12-19T10:59:57.630Z","iobWithZeroTemp":{"iob":-0.26,"basaliob":-0.345,"bolussnooze":0,"activity":-0.002,"lastBolusTime":1702974308497,"time":"2023-12-19T10:59:57.630Z"}},{"iob":0.036,"basaliob":-0.04,"bolussnooze":0,"activity":0.001,"lastBolusTime":1702974308497,"time":"2023-12-19T11:04:57.630Z","iobWithZeroTemp":{"iob":-0.274,"basaliob":-0.35,"bolussnooze":0,"activity":-0.0022,"lastBolusTime":1702974308497,"time":"2023-12-19T11:04:57.630Z"}},{"iob":0.032,"basaliob":-0.036,"bolussnooze":0,"activity":8.0E-4,"lastBolusTime":1702974308497,"time":"2023-12-19T11:09:57.630Z","iobWithZeroTemp":{"iob":-0.286,"basaliob":-0.354,"bolussnooze":0,"activity":-0.0025,"lastBolusTime":1702974308497,"time":"2023-12-19T11:09:57.630Z"}},{"iob":0.028,"basaliob":-0.032,"bolussnooze":0,"activity":8.0E-4,"lastBolusTime":1702974308497,"time":"2023-12-19T11:14:57.630Z","iobWithZeroTemp":{"iob":-0.299,"basaliob":-0.359,"bolussnooze":0,"activity":-0.0026,"lastBolusTime":1702974308497,"time":"2023-12-19T11:14:57.630Z"}},{"iob":0.024,"basaliob":-0.029,"bolussnooze":0,"activity":7.0E-4,"lastBolusTime":1702974308497,"time":"2023-12-19T11:19:57.630Z","iobWithZeroTemp":{"iob":-0.31,"basaliob":-0.363,"bolussnooze":0,"activity":-0.0028,"lastBolusTime":1702974308497,"time":"2023-12-19T11:19:57.630Z"}},{"iob":0.021,"basaliob":-0.026,"bolussnooze":0,"activity":6.0E-4,"lastBolusTime":1702974308497,"time":"2023-12-19T11:24:57.630Z","iobWithZeroTemp":{"iob":-0.32,"basaliob":-0.367,"bolussnooze":0,"activity":-0.003,"lastBolusTime":1702974308497,"time":"2023-12-19T11:24:57.630Z"}},{"iob":0.018,"basaliob":-0.023,"bolussnooze":0,"activity":6.0E-4,"lastBolusTime":1702974308497,"time":"2023-12-19T11:29:57.630Z","iobWithZeroTemp":{"iob":-0.33,"basaliob":-0.371,"bolussnooze":0,"activity":-0.0031,"lastBolusTime":1702974308497,"time":"2023-12-19T11:29:57.630Z"}},{"iob":0.015,"basaliob":-0.021,"bolussnooze":0,"activity":4.0E-4,"lastBolusTime":1702974308497,"time":"2023-12-19T11:34:57.630Z","iobWithZeroTemp":{"iob":-0.339,"basaliob":-0.375,"bolussnooze":0,"activity":-0.0034,"lastBolusTime":1702974308497,"time":"2023-12-19T11:34:57.630Z"}},{"iob":0.014,"basaliob":-0.018,"bolussnooze":0,"activity":4.0E-4,"lastBolusTime":1702974308497,"time":"2023-12-19T11:39:57.630Z","iobWithZeroTemp":{"iob":-0.346,"basaliob":-0.378,"bolussnooze":0,"activity":-0.0035,"lastBolusTime":1702974308497,"time":"2023-12-19T11:39:57.630Z"}},{"iob":0.012,"basaliob":-0.016,"bolussnooze":0,"activity":4.0E-4,"lastBolusTime":1702974308497,"time":"2023-12-19T11:44:57.630Z","iobWithZeroTemp":{"iob":-0.354,"basaliob":-0.382,"bolussnooze":0,"activity":-0.0036,"lastBolusTime":1702974308497,"time":"2023-12-19T11:44:57.630Z"}},{"iob":0.009,"basaliob":-0.015,"bolussnooze":0,"activity":4.0E-4,"lastBolusTime":1702974308497,"time":"2023-12-19T11:49:57.630Z","iobWithZeroTemp":{"iob":-0.362,"basaliob":-0.386,"bolussnooze":0,"activity":-0.0036,"lastBolusTime":1702974308497,"time":"2023-12-19T11:49:57.630Z"}},{"iob":0.008,"basaliob":-0.013,"bolussnooze":0,"activity":3.0E-4,"lastBolusTime":1702974308497,"time":"2023-12-19T11:54:57.630Z","iobWithZeroTemp":{"iob":-0.367,"basaliob":-0.388,"bolussnooze":0,"activity":-0.0038,"lastBolusTime":1702974308497,"time":"2023-12-19T11:54:57.630Z"}},{"iob":0.007,"basaliob":-0.011,"bolussnooze":0,"activity":2.0E-4,"lastBolusTime":1702974308497,"time":"2023-12-19T11:59:57.630Z","iobWithZeroTemp":{"iob":-0.373,"basaliob":-0.391,"bolussnooze":0,"activity":-0.004,"lastBolusTime":1702974308497,"time":"2023-12-19T11:59:57.630Z"}},{"iob":0.006,"basaliob":-0.01,"bolussnooze":0,"activity":2.0E-4,"lastBolusTime":1702974308497,"time":"2023-12-19T12:04:57.630Z","iobWithZeroTemp":{"iob":-0.378,"basaliob":-0.394,"bolussnooze":0,"activity":-0.004,"lastBolusTime":1702974308497,"time":"2023-12-19T12:04:57.630Z"}},{"iob":0.004,"basaliob":-0.009,"bolussnooze":0,"activity":2.0E-4,"lastBolusTime":1702974308497,"time":"2023-12-19T12:09:57.630Z","iobWithZeroTemp":{"iob":-0.383,"basaliob":-0.396,"bolussnooze":0,"activity":-0.0041,"lastBolusTime":1702974308497,"time":"2023-12-19T12:09:57.630Z"}},{"iob":0.003,"basaliob":-0.008,"bolussnooze":0,"activity":2.0E-4,"lastBolusTime":1702974308497,"time":"2023-12-19T12:14:57.630Z","iobWithZeroTemp":{"iob":-0.387,"basaliob":-0.398,"bolussnooze":0,"activity":-0.0042,"lastBolusTime":1702974308497,"time":"2023-12-19T12:14:57.630Z"}},{"iob":0.003,"basaliob":-0.007,"bolussnooze":0,"activity":1.0E-4,"lastBolusTime":1702974308497,"time":"2023-12-19T12:19:57.630Z","iobWithZeroTemp":{"iob":-0.39,"basaliob":-0.4,"bolussnooze":0,"activity":-0.0043,"lastBolusTime":1702974308497,"time":"2023-12-19T12:19:57.630Z"}},{"iob":0.002,"basaliob":-0.006,"bolussnooze":0,"activity":1.0E-4,"lastBolusTime":1702974308497,"time":"2023-12-19T12:24:57.630Z","iobWithZeroTemp":{"iob":-0.394,"basaliob":-0.402,"bolussnooze":0,"activity":-0.0044,"lastBolusTime":1702974308497,"time":"2023-12-19T12:24:57.630Z"}},{"iob":0.002,"basaliob":-0.005,"bolussnooze":0,"activity":1.0E-4,"lastBolusTime":1702974308497,"time":"2023-12-19T12:29:57.630Z","iobWithZeroTemp":{"iob":-0.397,"basaliob":-0.404,"bolussnooze":0,"activity":-0.0044,"lastBolusTime":1702974308497,"time":"2023-12-19T12:29:57.630Z"}},{"iob":0.002,"basaliob":-0.004,"bolussnooze":0,"activity":1.0E-4,"lastBolusTime":1702974308497,"time":"2023-12-19T12:34:57.630Z","iobWithZeroTemp":{"iob":-0.399,"basaliob":-0.405,"bolussnooze":0,"activity":-0.0045,"lastBolusTime":1702974308497,"time":"2023-12-19T12:34:57.630Z"}},{"iob":0.001,"basaliob":-0.004,"bolussnooze":0,"activity":1.0E-4,"lastBolusTime":1702974308497,"time":"2023-12-19T12:39:57.630Z","iobWithZeroTemp":{"iob":-0.402,"basaliob":-0.407,"bolussnooze":0,"activity":-0.0045,"lastBolusTime":1702974308497,"time":"2023-12-19T12:39:57.630Z"}},{"iob":0.001,"basaliob":-0.003,"bolussnooze":0,"activity":1.0E-4,"lastBolusTime":1702974308497,"time":"2023-12-19T12:44:57.630Z","iobWithZeroTemp":{"iob":-0.404,"basaliob":-0.408,"bolussnooze":0,"activity":-0.0045,"lastBolusTime":1702974308497,"time":"2023-12-19T12:44:57.630Z"}},{"iob":0,"basaliob":-0.003,"bolussnooze":0,"activity":0,"lastBolusTime":1702974308497,"time":"2023-12-19T12:49:57.630Z","iobWithZeroTemp":{"iob":-0.407,"basaliob":-0.41,"bolussnooze":0,"activity":-0.0047,"lastBolusTime":1702974308497,"time":"2023-12-19T12:49:57.630Z"}},{"iob":-0.001,"basaliob":-0.003,"bolussnooze":0,"activity":0,"lastBolusTime":1702974308497,"time":"2023-12-19T12:54:57.630Z","iobWithZeroTemp":{"iob":-0.409,"basaliob":-0.411,"bolussnooze":0,"activity":-0.0047,"lastBolusTime":1702974308497,"time":"2023-12-19T12:54:57.630Z"}},{"iob":0,"basaliob":-0.002,"bolussnooze":0,"activity":0,"lastBolusTime":1702974308497,"time":"2023-12-19T12:59:57.630Z","iobWithZeroTemp":{"iob":-0.41,"basaliob":-0.412,"bolussnooze":0,"activity":-0.0047,"lastBolusTime":1702974308497,"time":"2023-12-19T12:59:57.630Z"}}],"profile":{"max_iob":10,"type":"current","max_daily_basal":0.4,"max_basal":1,"min_bg":90,"max_bg":90,"target_bg":90,"carb_ratio":8.8,"sens":120,"max_daily_safety_multiplier":3,"current_basal_safety_multiplier":4,"lgsThreshold":95,"high_temptarget_raises_sensitivity":true,"low_temptarget_lowers_sensitivity":true,"sensitivity_raises_target":true,"resistance_lowers_target":true,"adv_target_adjustments":false,"exercise_mode":false,"half_basal_exercise_target":160,"maxCOB":120,"skip_neutral_temps":false,"remainingCarbsCap":90,"enableUAM":true,"A52_risk_enable":false,"SMBInterval":5,"enableSMB_with_COB":true,"enableSMB_with_temptarget":true,"allowSMB_with_high_temptarget":false,"enableSMB_always":false,"enableSMB_after_carbs":true,"maxSMBBasalMinutes":30,"maxUAMSMBBasalMinutes":40,"bolus_increment":0.05,"carbsReqThreshold":4,"current_basal":0.25,"temptargetSet":false,"autosens_max":1.3,"autosens_min":0.7,"variable_sens":121.6,"insulinDivisor":75,"TDD":15.924735714285712},"autosens_data":{"ratio":0.6933237055089209},"meal_data":{"carbs":10,"mealCOB":2.063866666666665,"slopeFromMaxDeviation":-1.8321666666666667,"slopeFromMinDeviation":0,"lastBolusTime":1702974308497,"lastCarbTime":1702971775955},"microBolusAllowed":true,"currentTime":1702976699078,"flatBGsDetected":false,"tdd1D":16.220833333333324,"tdd7D":19.783928571428568,"tddLast24H":13.716666666666665,"tddLast4H":2.283333333333333,"tddLast8to4H":1.1458333333333337},"output":{"temp":"absolute","bg":115,"tick":-5,"eventualBG":76,"targetBG":103,"insulinReq":0,"deliverAt":"2023-12-19T09:04:59.078Z","sensitivityRatio":0.6933237055089209,"variable_sens":121.6,"predBGs":{"IOB":[115,110,105,101,96,92,88,84,81,78,74,71,69,66,63,61,59,57,55,53,51,50,48,47,46,45,44,43,42,41,40,40,39],"ZT":[115,110,105,101,97,93,89,86,83,80,78,76,74,73,72,72,72,72,72,73,74,75,76,78,79,81,83,85,87,89,92,94,96,99,101],"COB":[115,110,105,101,97,94,90,87,85,82,80,78,76,75,73,72,71,70,69,68,68,67,67,67,66,66,66,66,66,67,67,67,68,68,68,69,69,70,71,71,72,73,73,74,74,75,75,76],"UAM":[115,110,105,101,96,92,88,84,81,78,74,71,69,66,63,61,59,57,55,53,51,50,48,47,46,45,44,43,42,41,40,40,39]},"reason":"COB: 2.1, Dev: 0, BGI: -5, ISF: 122, CR: 8.8, Target: 103, minPredBG 66, minGuardBG 42, IOBpredBG 39, COBpredBG 76, UAMpredBG 39; minGuardBG 42<95","COB":2.063866666666665,"IOB":0.465,"duration":120,"rate":0,"timestamp":"2023-12-19T09:04:59.110Z"}}