{"algorithm":"OpenAPSSMBDynamicISFPlugin","input":{"glucoseStatus":{"glucose":177,"noise":0,"delta":8.39,"short_avgdelta":8.39,"long_avgdelta":6.25,"date":1702886961000},"currenttemp":{"temp":"absolute","duration":28,"rate":1.2,"minutesrunning":2},"iob_data":[{"iob":1.42,"basaliob":-0.064,"bolussnooze":0.3727,"activity":0.0196,"lastBolusTime":1702886858822,"time":"2023-12-18T08:09:52.101Z","iobWithZeroTemp":{"iob":1.42,"basaliob":-0.064,"bolussnooze":0.3727,"activity":0.0196,"lastBolusTime":1702886858822,"time":"2023-12-18T08:09:52.101Z"}},{"iob":1.324,"basaliob":-0.066,"bolussnooze":0.3105,"activity":0.019,"lastBolusTime":1702886858822,"time":"2023-12-18T08:14:52.101Z","iobWithZeroTemp":{"iob":1.301,"basaliob":-0.089,"bolussnooze":0.3105,"activity":0.019,"lastBolusTime":1702886858822,"time":"2023-12-18T08:14:52.101Z"}},{"iob":1.231,"basaliob":-0.068,"bolussnooze":0.257,"activity":0.0183,"lastBolusTime":1702886858822,"time":"2023-12-18T08:19:52.101Z","iobWithZeroTemp":{"iob":1.179,"basaliob":-0.12,"bolussnooze":0.257,"activity":0.0182,"lastBolusTime":1702886858822,"time":"2023-12-18T08:19:52.101Z"}},{"iob":1.142,"basaliob":-0.068,"bolussnooze":0.2113,"activity":0.0174,"lastBolusTime":1702886858822,"time":"2023-12-18T08:24:52.101Z","iobWithZeroTemp":{"iob":1.061,"basaliob":-0.149,"bolussnooze":0.2113,"activity":0.0172,"lastBolusTime":1702886858822,"time":"2023-12-18T08:24:52.101Z"}},{"iob":1.056,"basaliob":-0.068,"bolussnooze":0.1727,"activity":0.0166,"lastBolusTime":1702886858822,"time":"2023-12-18T08:29:52.101Z","iobWithZeroTemp":{"iob":0.948,"basaliob":-0.176,"bolussnooze":0.1727,"activity":0.0162,"lastBolusTime":1702886858822,"time":"2023-12-18T08:29:52.101Z"}},{"iob":0.975,"basaliob":-0.067,"bolussnooze":0.1402,"activity":0.0157,"lastBolusTime":1702886858822,"time":"2023-12-18T08:34:52.101Z","iobWithZeroTemp":{"iob":0.84,"basaliob":-0.202,"bolussnooze":0.1402,"activity":0.0151,"lastBolusTime":1702886858822,"time":"2023-12-18T08:34:52.101Z"}},{"iob":0.899,"basaliob":-0.065,"bolussnooze":0.1131,"activity":0.0148,"lastBolusTime":1702886858822,"time":"2023-12-18T08:39:52.101Z","iobWithZeroTemp":{"iob":0.739,"basaliob":-0.225,"bolussnooze":0.1131,"activity":0.014,"lastBolusTime":1702886858822,"time":"2023-12-18T08:39:52.101Z"}},{"iob":0.827,"basaliob":-0.063,"bolussnooze":0.0905,"activity":0.014,"lastBolusTime":1702886858822,"time":"2023-12-18T08:44:52.101Z","iobWithZeroTemp":{"iob":0.642,"basaliob":-0.248,"bolussnooze":0.0905,"activity":0.0129,"lastBolusTime":1702886858822,"time":"2023-12-18T08:44:52.101Z"}},{"iob":0.759,"basaliob":-0.061,"bolussnooze":0.072,"activity":0.0131,"lastBolusTime":1702886858822,"time":"2023-12-18T08:49:52.101Z","iobWithZeroTemp":{"iob":0.551,"basaliob":-0.269,"bolussnooze":0.072,"activity":0.0118,"lastBolusTime":1702886858822,"time":"2023-12-18T08:49:52.101Z"}},{"iob":0.696,"basaliob":-0.058,"bolussnooze":0.0568,"activity":0.0123,"lastBolusTime":1702886858822,"time":"2023-12-18T08:54:52.101Z","iobWithZeroTemp":{"iob":0.466,"basaliob":-0.288,"bolussnooze":0.0568,"activity":0.0107,"lastBolusTime":1702886858822,"time":"2023-12-18T08:54:52.101Z"}},{"iob":0.636,"basaliob":-0.056,"bolussnooze":0.0444,"activity":0.0115,"lastBolusTime":1702886858822,"time":"2023-12-18T08:59:52.101Z","iobWithZeroTemp":{"iob":0.385,"basaliob":-0.307,"bolussnooze":0.0444,"activity":0.0097,"lastBolusTime":1702886858822,"time":"2023-12-18T08:59:52.101Z"}},{"iob":0.581,"basaliob":-0.053,"bolussnooze":0.0344,"activity":0.0106,"lastBolusTime":1702886858822,"time":"2023-12-18T09:04:52.101Z","iobWithZeroTemp":{"iob":0.319,"basaliob":-0.315,"bolussnooze":0.0344,"activity":0.0086,"lastBolusTime":1702886858822,"time":"2023-12-18T09:04:52.101Z"}},{"iob":0.53,"basaliob":-0.05,"bolussnooze":0.0264,"activity":0.0098,"lastBolusTime":1702886858822,"time":"2023-12-18T09:09:52.101Z","iobWithZeroTemp":{"iob":0.258,"basaliob":-0.322,"bolussnooze":0.0264,"activity":0.0075,"lastBolusTime":1702886858822,"time":"2023-12-18T09:09:52.101Z"}},{"iob":0.483,"basaliob":-0.047,"bolussnooze":0.02,"activity":0.0091,"lastBolusTime":1702886858822,"time":"2023-12-18T09:14:52.101Z","iobWithZeroTemp":{"iob":0.202,"basaliob":-0.328,"bolussnooze":0.02,"activity":0.0066,"lastBolusTime":1702886858822,"time":"2023-12-18T09:14:52.101Z"}},{"iob":0.439,"basaliob":-0.044,"bolussnooze":0.015,"activity":0.0084,"lastBolusTime":1702886858822,"time":"2023-12-18T09:19:52.101Z","iobWithZeroTemp":{"iob":0.149,"basaliob":-0.334,"bolussnooze":0.015,"activity":0.0058,"lastBolusTime":1702886858822,"time":"2023-12-18T09:19:52.101Z"}},{"iob":0.398,"basaliob":-0.042,"bolussnooze":0.0111,"activity":0.0079,"lastBolusTime":1702886858822,"time":"2023-12-18T09:24:52.101Z","iobWithZeroTemp":{"iob":0.101,"basaliob":-0.339,"bolussnooze":0.0111,"activity":0.0051,"lastBolusTime":1702886858822,"time":"2023-12-18T09:24:52.101Z"}},{"iob":0.361,"basaliob":-0.039,"bolussnooze":0.008,"activity":0.0072,"lastBolusTime":1702886858822,"time":"2023-12-18T09:29:52.101Z","iobWithZeroTemp":{"iob":0.058,"basaliob":-0.342,"bolussnooze":0.008,"activity":0.0043,"lastBolusTime":1702886858822,"time":"2023-12-18T09:29:52.101Z"}},{"iob":0.327,"basaliob":-0.036,"bolussnooze":0.0057,"activity":0.0066,"lastBolusTime":1702886858822,"time":"2023-12-18T09:34:52.101Z","iobWithZeroTemp":{"iob":0.018,"basaliob":-0.345,"bolussnooze":0.0057,"activity":0.0035,"lastBolusTime":1702886858822,"time":"2023-12-18T09:34:52.101Z"}},{"iob":0.294,"basaliob":-0.034,"bolussnooze":0.004,"activity":0.0061,"lastBolusTime":1702886858822,"time":"2023-12-18T09:39:52.101Z","iobWithZeroTemp":{"iob":-0.021,"basaliob":-0.349,"bolussnooze":0.004,"activity":0.0029,"lastBolusTime":1702886858822,"time":"2023-12-18T09:39:52.101Z"}},{"iob":0.266,"basaliob":-0.031,"bolussnooze":0.0027,"activity":0.0055,"lastBolusTime":1702886858822,"time":"2023-12-18T09:44:52.101Z","iobWithZeroTemp":{"iob":-0.053,"basaliob":-0.35,"bolussnooze":0.0027,"activity":0.0022,"lastBolusTime":1702886858822,"time":"2023-12-18T09:44:52.101Z"}},{"iob":0.239,"basaliob":-0.029,"bolussnooze":0.0018,"activity":0.0051,"lastBolusTime":1702886858822,"time":"2023-12-18T09:49:52.101Z","iobWithZeroTemp":{"iob":-0.084,"basaliob":-0.352,"bolussnooze":0.0018,"activity":0.0017,"lastBolusTime":1702886858822,"time":"2023-12-18T09:49:52.101Z"}},{"iob":0.215,"basaliob":-0.027,"bolussnooze":0.0012,"activity":0.0047,"lastBolusTime":1702886858822,"time":"2023-12-18T09:54:52.101Z","iobWithZeroTemp":{"iob":-0.112,"basaliob":-0.354,"bolussnooze":0.0012,"activity":0.0012,"lastBolusTime":1702886858822,"time":"2023-12-18T09:54:52.101Z"}},{"iob":0.192,"basaliob":-0.025,"bolussnooze":7.0E-4,"activity":0.0042,"lastBolusTime":1702886858822,"time":"2023-12-18T09:59:52.101Z","iobWithZeroTemp":{"iob":-0.138,"basaliob":-0.355,"bolussnooze":7.0E-4,"activity":6.0E-4,"lastBolusTime":1702886858822,"time":"2023-12-18T09:59:52.101Z"}},{"iob":0.172,"basaliob":-0.023,"bolussnooze":4.0E-4,"activity":0.0038,"lastBolusTime":1702886858822,"time":"2023-12-18T10:04:52.101Z","iobWithZeroTemp":{"iob":-0.161,"basaliob":-0.356,"bolussnooze":4.0E-4,"activity":2.0E-4,"lastBolusTime":1702886858822,"time":"2023-12-18T10:04:52.101Z"}},{"iob":0.154,"basaliob":-0.021,"bolussnooze":2.0E-4,"activity":0.0034,"lastBolusTime":1702886858822,"time":"2023-12-18T10:09:52.101Z","iobWithZeroTemp":{"iob":-0.182,"basaliob":-0.357,"bolussnooze":2.0E-4,"activity":-3.0E-4,"lastBolusTime":1702886858822,"time":"2023-12-18T10:09:52.101Z"}},{"iob":0.137,"basaliob":-0.02,"bolussnooze":1.0E-4,"activity":0.0032,"lastBolusTime":1702886858822,"time":"2023-12-18T10:14:52.101Z","iobWithZeroTemp":{"iob":-0.201,"basaliob":-0.358,"bolussnooze":1.0E-4,"activity":-6.0E-4,"lastBolusTime":1702886858822,"time":"2023-12-18T10:14:52.101Z"}},{"iob":0.122,"basaliob":-0.018,"bolussnooze":0,"activity":0.0029,"lastBolusTime":1702886858822,"time":"2023-12-18T10:19:52.101Z","iobWithZeroTemp":{"iob":-0.218,"basaliob":-0.358,"bolussnooze":0,"activity":-9.0E-4,"lastBolusTime":1702886858822,"time":"2023-12-18T10:19:52.101Z"}},{"iob":0.109,"basaliob":-0.016,"bolussnooze":0,"activity":0.0026,"lastBolusTime":1702886858822,"time":"2023-12-18T10:24:52.101Z","iobWithZeroTemp":{"iob":-0.232,"basaliob":-0.357,"bolussnooze":0,"activity":-0.0013,"lastBolusTime":1702886858822,"time":"2023-12-18T10:24:52.101Z"}},{"iob":0.096,"basaliob":-0.015,"bolussnooze":0,"activity":0.0023,"lastBolusTime":1702886858822,"time":"2023-12-18T10:29:52.101Z","iobWithZeroTemp":{"iob":-0.247,"basaliob":-0.358,"bolussnooze":0,"activity":-0.0016,"lastBolusTime":1702886858822,"time":"2023-12-18T10:29:52.101Z"}},{"iob":0.085,"basaliob":-0.014,"bolussnooze":0,"activity":0.0021,"lastBolusTime":1702886858822,"time":"2023-12-18T10:34:52.101Z","iobWithZeroTemp":{"iob":-0.259,"basaliob":-0.358,"bolussnooze":0,"activity":-0.0018,"lastBolusTime":1702886858822,"time":"2023-12-18T10:34:52.101Z"}},{"iob":0.075,"basaliob":-0.013,"bolussnooze":0,"activity":0.0019,"lastBolusTime":1702886858822,"time":"2023-12-18T10:39:52.101Z","iobWithZeroTemp":{"iob":-0.27,"basaliob":-0.358,"bolussnooze":0,"activity":-0.0021,"lastBolusTime":1702886858822,"time":"2023-12-18T10:39:52.101Z"}},{"iob":0.067,"basaliob":-0.011,"bolussnooze":0,"activity":0.0017,"lastBolusTime":1702886858822,"time":"2023-12-18T10:44:52.101Z","iobWithZeroTemp":{"iob":-0.279,"basaliob":-0.357,"bolussnooze":0,"activity":-0.0023,"lastBolusTime":1702886858822,"time":"2023-12-18T10:44:52.101Z"}},{"iob":0.058,"basaliob":-0.01,"bolussnooze":0,"activity":0.0015,"lastBolusTime":1702886858822,"time":"2023-12-18T10:49:52.101Z","iobWithZeroTemp":{"iob":-0.289,"basaliob":-0.357,"bolussnooze":0,"activity":-0.0025,"lastBolusTime":1702886858822,"time":"2023-12-18T10:49:52.101Z"}},{"iob":0.051,"basaliob":-0.009,"bolussnooze":0,"activity":0.0013,"lastBolusTime":1702886858822,"time":"2023-12-18T10:54:52.101Z","iobWithZeroTemp":{"iob":-0.297,"basaliob":-0.357,"bolussnooze":0,"activity":-0.0027,"lastBolusTime":1702886858822,"time":"2023-12-18T10:54:52.101Z"}},{"iob":0.044,"basaliob":-0.009,"bolussnooze":0,"activity":0.0012,"lastBolusTime":1702886858822,"time":"2023-12-18T10:59:52.101Z","iobWithZeroTemp":{"iob":-0.305,"basaliob":-0.358,"bolussnooze":0,"activity":-0.0029,"lastBolusTime":1702886858822,"time":"2023-12-18T10:59:52.101Z"}},{"iob":0.038,"basaliob":-0.008,"bolussnooze":0,"activity":0.001,"lastBolusTime":1702886858822,"time":"2023-12-18T11:04:52.101Z","iobWithZeroTemp":{"iob":-0.315,"basaliob":-0.361,"bolussnooze":0,"activity":-0.0031,"lastBolusTime":1702886858822,"time":"2023-12-18T11:04:52.101Z"}},{"iob":0.034,"basaliob":-0.007,"bolussnooze":0,"activity":0.001,"lastBolusTime":1702886858822,"time":"2023-12-18T11:09:52.101Z","iobWithZeroTemp":{"iob":-0.324,"basaliob":-0.365,"bolussnooze":0,"activity":-0.0031,"lastBolusTime":1702886858822,"time":"2023-12-18T11:09:52.101Z"}},{"iob":0.029,"basaliob":-0.006,"bolussnooze":0,"activity":9.0E-4,"lastBolusTime":1702886858822,"time":"2023-12-18T11:14:52.101Z","iobWithZeroTemp":{"iob":-0.333,"basaliob":-0.368,"bolussnooze":0,"activity":-0.0032,"lastBolusTime":1702886858822,"time":"2023-12-18T11:14:52.101Z"}},{"iob":0.025,"basaliob":-0.006,"bolussnooze":0,"activity":8.0E-4,"lastBolusTime":1702886858822,"time":"2023-12-18T11:19:52.101Z","iobWithZeroTemp":{"iob":-0.341,"basaliob":-0.372,"bolussnooze":0,"activity":-0.0034,"lastBolusTime":1702886858822,"time":"2023-12-18T11:19:52.101Z"}},{"iob":0.022,"basaliob":-0.005,"bolussnooze":0,"activity":7.0E-4,"lastBolusTime":1702886858822,"time":"2023-12-18T11:24:52.101Z","iobWithZeroTemp":{"iob":-0.348,"basaliob":-0.375,"bolussnooze":0,"activity":-0.0035,"lastBolusTime":1702886858822,"time":"2023-12-18T11:24:52.101Z"}},{"iob":0.019,"basaliob":-0.004,"bolussnooze":0,"activity":6.0E-4,"lastBolusTime":1702886858822,"time":"2023-12-18T11:29:52.101Z","iobWithZeroTemp":{"iob":-0.355,"basaliob":-0.378,"bolussnooze":0,"activity":-0.0037,"lastBolusTime":1702886858822,"time":"2023-12-18T11:29:52.101Z"}},{"iob":0.016,"basaliob":-0.004,"bolussnooze":0,"activity":5.0E-4,"lastBolusTime":1702886858822,"time":"2023-12-18T11:34:52.101Z","iobWithZeroTemp":{"iob":-0.362,"basaliob":-0.382,"bolussnooze":0,"activity":-0.0038,"lastBolusTime":1702886858822,"time":"2023-12-18T11:34:52.101Z"}},{"iob":0.014,"basaliob":-0.003,"bolussnooze":0,"activity":4.0E-4,"lastBolusTime":1702886858822,"time":"2023-12-18T11:39:52.101Z","iobWithZeroTemp":{"iob":-0.367,"basaliob":-0.384,"bolussnooze":0,"activity":-0.0039,"lastBolusTime":1702886858822,"time":"2023-12-18T11:39:52.101Z"}},{"iob":0.011,"basaliob":-0.003,"bolussnooze":0,"activity":4.0E-4,"lastBolusTime":1702886858822,"time":"2023-12-18T11:44:52.101Z","iobWithZeroTemp":{"iob":-0.373,"basaliob":-0.387,"bolussnooze":0,"activity":-0.004,"lastBolusTime":1702886858822,"time":"2023-12-18T11:44:52.101Z"}},{"iob":0.009,"basaliob":-0.003,"bolussnooze":0,"activity":3.0E-4,"lastBolusTime":1702886858822,"time":"2023-12-18T11:49:52.101Z","iobWithZeroTemp":{"iob":-0.378,"basaliob":-0.39,"bolussnooze":0,"activity":-0.0041,"lastBolusTime":1702886858822,"time":"2023-12-18T11:49:52.101Z"}},{"iob":0.008,"basaliob":-0.002,"bolussnooze":0,"activity":3.0E-4,"lastBolusTime":1702886858822,"time":"2023-12-18T11:54:52.101Z","iobWithZeroTemp":{"iob":-0.382,"basaliob":-0.392,"bolussnooze":0,"activity":-0.0042,"lastBolusTime":1702886858822,"time":"2023-12-18T11:54:52.101Z"}},{"iob":0.007,"basaliob":-0.002,"bolussnooze":0,"activity":2.0E-4,"lastBolusTime":1702886858822,"time":"2023-12-18T11:59:52.101Z","iobWithZeroTemp":{"iob":-0.386,"basaliob":-0.395,"bolussnooze":0,"activity":-0.0043,"lastBolusTime":1702886858822,"time":"2023-12-18T11:59:52.101Z"}},{"iob":0.005,"basaliob":-0.002,"bolussnooze":0,"activity":2.0E-4,"lastBolusTime":1702886858822,"time":"2023-12-18T12:04:52.101Z","iobWithZeroTemp":{"iob":-0.39,"basaliob":-0.397,"bolussnooze":0,"activity":-0.0043,"lastBolusTime":1702886858822,"time":"2023-12-18T12:04:52.101Z"}}],"profile":{"max_iob":10,"type":"current","max_daily_basal":0.4,"max_basal":1.2,"min_bg":75,"max_bg":75,"target_bg":75,"carb_ratio":8.5,"sens":120,"max_daily_safety_multiplier":3,"current_basal_safety_multiplier":4,"lgsThreshold":95,"high_temptarget_raises_sensitivity":true,"low_temptarget_lowers_sensitivity":true,"sensitivity_raises_target":true,"resistance_lowers_target":true,"adv_target_adjustments":false,"exercise_mode":false,"half_basal_exercise_target":160,"maxCOB":120,"skip_neutral_temps":false,"remainingCarbsCap":90,"enableUAM":true,"A52_risk_enable":false,"SMBInterval":10,"enableSMB_with_COB":true,"enableSMB_with_temptarget":true,"allowSMB_with_high_temptarget":false,"enableSMB_always":false,"enableSMB_after_carbs":true,"maxSMBBasalMinutes":30,"maxUAMSMBBasalMinutes":40,"bolus_increment":0.05,"carbsReqThreshold":4,"current_basal":0.35,"temptargetSet":true,"autosens_max":1.3,"autosens_min":0.7,"variable_sens":76.2,"insulinDivisor":75,"TDD":19.495658333333335},"autosens_data":{"ratio":0.9683835412091325},"meal_data":{"carbs":0,"mealCOB":0,"slopeFromMaxDeviation":0,"slopeFromMinDeviation":1.8654545454545455,"lastBolusTime":1702886858822,"lastCarbTime":0},"microBolusAllowed":true,"currentTime":1702886992843,"flatBGsDetected":false,"tdd1D":16.272499999999997,"tdd7D":20.110833333333336,"tddLast24H":19.474999999999998,"tddLast4H":4.8083333333333345,"tddLast8to4H":1.05},"output":{"temp":"absolute","bg":177,"tick":"+8","eventualBG":276,"targetBG":75,"insulinReq":1.21,"deliverAt":"2023-12-18T08:09:52.843Z","sensitivityRatio":1.3,"variable_sens":76.2,"predBGs":{"IOB":[177,184,190,196,200,203,206,207,208,207,205,203,199,195,192,189,186,183,181,179,177,175,173,171,170,168,167,166,165,164,163,163,162,161,161,160,160,159,159,159,158,158,158,158,158,158,157],"ZT":[177,170,162,155,148,141,134,128,122,116,111,106,102,98,94,91,88,85,83,81,80,79,78,78,77,78,78,79,79],"UAM":[177,185,192,200,207,214,221,227,234,240,245,251,256,261,265,269,272,276,278,281,282,284,284,285,285,284,283,282,281,281,280,279,279,278,278,278,277,277,277,277,276]},"reason":"COB: 0, Dev: 95, BGI: -7, ISF: 76, CR: 8.5, Target: 75, minPredBG 167, minGuardBG 185, IOBpredBG 157, UAMpredBG 276; Eventual BG 276 >= 75,  insulinReq 1.21; maxBolus 0.2. Waiting 8m 48s to microbolus again. adj. req. rate: 2.88 to maxSafeBasal: 1.2, temp 1.20 >~ req 1.2U\/hr. ","COB":0,"IOB":1.42,"timestamp":"2023-12-18T08:09:52.858Z"}}