{"algorithm":"OpenAPSSMBDynamicISFPlugin","input":{"glucoseStatus":{"glucose":103,"noise":0,"delta":-0.78,"short_avgdelta":-0.78,"long_avgdelta":-0.75,"date":1702899561000},"currenttemp":{"temp":"absolute","duration":90,"rate":0,"minutesrunning":30},"iob_data":[{"iob":1.959,"basaliob":-0.062,"bolussnooze":1.3653,"activity":0.0198,"lastBolusTime":1702897677139,"time":"2023-12-18T11:39:47.006Z","iobWithZeroTemp":{"iob":1.959,"basaliob":-0.062,"bolussnooze":1.3653,"activity":0.0198,"lastBolusTime":1702897677139,"time":"2023-12-18T11:39:47.006Z"}},{"iob":1.859,"basaliob":-0.061,"bolussnooze":1.181,"activity":0.0204,"lastBolusTime":1702897677139,"time":"2023-12-18T11:44:47.006Z","iobWithZeroTemp":{"iob":1.839,"basaliob":-0.081,"bolussnooze":1.181,"activity":0.0204,"lastBolusTime":1702897677139,"time":"2023-12-18T11:44:47.006Z"}},{"iob":1.757,"basaliob":-0.059,"bolussnooze":1.0125,"activity":0.0206,"lastBolusTime":1702897677139,"time":"2023-12-18T11:49:47.006Z","iobWithZeroTemp":{"iob":1.712,"basaliob":-0.104,"bolussnooze":1.0125,"activity":0.0205,"lastBolusTime":1702897677139,"time":"2023-12-18T11:49:47.006Z"}},{"iob":1.654,"basaliob":-0.058,"bolussnooze":0.8611,"activity":0.0204,"lastBolusTime":1702897677139,"time":"2023-12-18T11:54:47.006Z","iobWithZeroTemp":{"iob":1.585,"basaliob":-0.127,"bolussnooze":0.8611,"activity":0.0202,"lastBolusTime":1702897677139,"time":"2023-12-18T11:54:47.006Z"}},{"iob":1.553,"basaliob":-0.055,"bolussnooze":0.7268,"activity":0.0201,"lastBolusTime":1702897677139,"time":"2023-12-18T11:59:47.006Z","iobWithZeroTemp":{"iob":1.46,"basaliob":-0.148,"bolussnooze":0.7268,"activity":0.0197,"lastBolusTime":1702897677139,"time":"2023-12-18T11:59:47.006Z"}},{"iob":1.453,"basaliob":-0.053,"bolussnooze":0.6093,"activity":0.0197,"lastBolusTime":1702897677139,"time":"2023-12-18T12:04:47.006Z","iobWithZeroTemp":{"iob":1.338,"basaliob":-0.168,"bolussnooze":0.6093,"activity":0.0192,"lastBolusTime":1702897677139,"time":"2023-12-18T12:04:47.006Z"}},{"iob":1.356,"basaliob":-0.051,"bolussnooze":0.5074,"activity":0.0191,"lastBolusTime":1702897677139,"time":"2023-12-18T12:09:47.006Z","iobWithZeroTemp":{"iob":1.219,"basaliob":-0.188,"bolussnooze":0.5074,"activity":0.0184,"lastBolusTime":1702897677139,"time":"2023-12-18T12:09:47.006Z"}},{"iob":1.262,"basaliob":-0.048,"bolussnooze":0.4199,"activity":0.0184,"lastBolusTime":1702897677139,"time":"2023-12-18T12:14:47.006Z","iobWithZeroTemp":{"iob":1.104,"basaliob":-0.206,"bolussnooze":0.4199,"activity":0.0175,"lastBolusTime":1702897677139,"time":"2023-12-18T12:14:47.006Z"}},{"iob":1.173,"basaliob":-0.045,"bolussnooze":0.3453,"activity":0.0176,"lastBolusTime":1702897677139,"time":"2023-12-18T12:19:47.006Z","iobWithZeroTemp":{"iob":0.995,"basaliob":-0.223,"bolussnooze":0.3453,"activity":0.0165,"lastBolusTime":1702897677139,"time":"2023-12-18T12:19:47.006Z"}},{"iob":1.086,"basaliob":-0.043,"bolussnooze":0.2821,"activity":0.0168,"lastBolusTime":1702897677139,"time":"2023-12-18T12:24:47.006Z","iobWithZeroTemp":{"iob":0.889,"basaliob":-0.24,"bolussnooze":0.2821,"activity":0.0155,"lastBolusTime":1702897677139,"time":"2023-12-18T12:24:47.006Z"}},{"iob":1.005,"basaliob":-0.04,"bolussnooze":0.2291,"activity":0.0159,"lastBolusTime":1702897677139,"time":"2023-12-18T12:29:47.006Z","iobWithZeroTemp":{"iob":0.79,"basaliob":-0.255,"bolussnooze":0.2291,"activity":0.0143,"lastBolusTime":1702897677139,"time":"2023-12-18T12:29:47.006Z"}},{"iob":0.928,"basaliob":-0.037,"bolussnooze":0.1847,"activity":0.0151,"lastBolusTime":1702897677139,"time":"2023-12-18T12:34:47.006Z","iobWithZeroTemp":{"iob":0.696,"basaliob":-0.269,"bolussnooze":0.1847,"activity":0.0133,"lastBolusTime":1702897677139,"time":"2023-12-18T12:34:47.006Z"}},{"iob":0.854,"basaliob":-0.035,"bolussnooze":0.148,"activity":0.0142,"lastBolusTime":1702897677139,"time":"2023-12-18T12:39:47.006Z","iobWithZeroTemp":{"iob":0.607,"basaliob":-0.282,"bolussnooze":0.148,"activity":0.0122,"lastBolusTime":1702897677139,"time":"2023-12-18T12:39:47.006Z"}},{"iob":0.786,"basaliob":-0.032,"bolussnooze":0.1176,"activity":0.0133,"lastBolusTime":1702897677139,"time":"2023-12-18T12:44:47.006Z","iobWithZeroTemp":{"iob":0.524,"basaliob":-0.294,"bolussnooze":0.1176,"activity":0.0111,"lastBolusTime":1702897677139,"time":"2023-12-18T12:44:47.006Z"}},{"iob":0.721,"basaliob":-0.03,"bolussnooze":0.0928,"activity":0.0124,"lastBolusTime":1702897677139,"time":"2023-12-18T12:49:47.006Z","iobWithZeroTemp":{"iob":0.445,"basaliob":-0.306,"bolussnooze":0.0928,"activity":0.01,"lastBolusTime":1702897677139,"time":"2023-12-18T12:49:47.006Z"}},{"iob":0.661,"basaliob":-0.028,"bolussnooze":0.0725,"activity":0.0117,"lastBolusTime":1702897677139,"time":"2023-12-18T12:54:47.006Z","iobWithZeroTemp":{"iob":0.373,"basaliob":-0.316,"bolussnooze":0.0725,"activity":0.0091,"lastBolusTime":1702897677139,"time":"2023-12-18T12:54:47.006Z"}},{"iob":0.604,"basaliob":-0.026,"bolussnooze":0.0561,"activity":0.0109,"lastBolusTime":1702897677139,"time":"2023-12-18T12:59:47.006Z","iobWithZeroTemp":{"iob":0.304,"basaliob":-0.326,"bolussnooze":0.0561,"activity":0.0082,"lastBolusTime":1702897677139,"time":"2023-12-18T12:59:47.006Z"}},{"iob":0.552,"basaliob":-0.024,"bolussnooze":0.043,"activity":0.0101,"lastBolusTime":1702897677139,"time":"2023-12-18T13:04:47.006Z","iobWithZeroTemp":{"iob":0.241,"basaliob":-0.335,"bolussnooze":0.043,"activity":0.0072,"lastBolusTime":1702897677139,"time":"2023-12-18T13:04:47.006Z"}},{"iob":0.503,"basaliob":-0.022,"bolussnooze":0.0325,"activity":0.0093,"lastBolusTime":1702897677139,"time":"2023-12-18T13:09:47.006Z","iobWithZeroTemp":{"iob":0.182,"basaliob":-0.343,"bolussnooze":0.0325,"activity":0.0062,"lastBolusTime":1702897677139,"time":"2023-12-18T13:09:47.006Z"}},{"iob":0.458,"basaliob":-0.02,"bolussnooze":0.0242,"activity":0.0087,"lastBolusTime":1702897677139,"time":"2023-12-18T13:14:47.006Z","iobWithZeroTemp":{"iob":0.128,"basaliob":-0.35,"bolussnooze":0.0242,"activity":0.0055,"lastBolusTime":1702897677139,"time":"2023-12-18T13:14:47.006Z"}},{"iob":0.417,"basaliob":-0.018,"bolussnooze":0.0177,"activity":0.008,"lastBolusTime":1702897677139,"time":"2023-12-18T13:19:47.006Z","iobWithZeroTemp":{"iob":0.078,"basaliob":-0.357,"bolussnooze":0.0177,"activity":0.0046,"lastBolusTime":1702897677139,"time":"2023-12-18T13:19:47.006Z"}},{"iob":0.378,"basaliob":-0.017,"bolussnooze":0.0127,"activity":0.0074,"lastBolusTime":1702897677139,"time":"2023-12-18T13:24:47.006Z","iobWithZeroTemp":{"iob":0.031,"basaliob":-0.364,"bolussnooze":0.0127,"activity":0.0039,"lastBolusTime":1702897677139,"time":"2023-12-18T13:24:47.006Z"}},{"iob":0.343,"basaliob":-0.015,"bolussnooze":0.0088,"activity":0.0068,"lastBolusTime":1702897677139,"time":"2023-12-18T13:29:47.006Z","iobWithZeroTemp":{"iob":-0.011,"basaliob":-0.369,"bolussnooze":0.0088,"activity":0.0032,"lastBolusTime":1702897677139,"time":"2023-12-18T13:29:47.006Z"}},{"iob":0.31,"basaliob":-0.014,"bolussnooze":0.0059,"activity":0.0062,"lastBolusTime":1702897677139,"time":"2023-12-18T13:34:47.006Z","iobWithZeroTemp":{"iob":-0.051,"basaliob":-0.375,"bolussnooze":0.0059,"activity":0.0025,"lastBolusTime":1702897677139,"time":"2023-12-18T13:34:47.006Z"}},{"iob":0.28,"basaliob":-0.013,"bolussnooze":0.0038,"activity":0.0058,"lastBolusTime":1702897677139,"time":"2023-12-18T13:39:47.006Z","iobWithZeroTemp":{"iob":-0.087,"basaliob":-0.38,"bolussnooze":0.0038,"activity":0.0019,"lastBolusTime":1702897677139,"time":"2023-12-18T13:39:47.006Z"}},{"iob":0.252,"basaliob":-0.012,"bolussnooze":0.0023,"activity":0.0053,"lastBolusTime":1702897677139,"time":"2023-12-18T13:44:47.006Z","iobWithZeroTemp":{"iob":-0.12,"basaliob":-0.384,"bolussnooze":0.0023,"activity":0.0013,"lastBolusTime":1702897677139,"time":"2023-12-18T13:44:47.006Z"}},{"iob":0.227,"basaliob":-0.011,"bolussnooze":0.0013,"activity":0.0048,"lastBolusTime":1702897677139,"time":"2023-12-18T13:49:47.006Z","iobWithZeroTemp":{"iob":-0.15,"basaliob":-0.388,"bolussnooze":0.0013,"activity":8.0E-4,"lastBolusTime":1702897677139,"time":"2023-12-18T13:49:47.006Z"}},{"iob":0.204,"basaliob":-0.01,"bolussnooze":6.0E-4,"activity":0.0044,"lastBolusTime":1702897677139,"time":"2023-12-18T13:54:47.006Z","iobWithZeroTemp":{"iob":-0.178,"basaliob":-0.392,"bolussnooze":6.0E-4,"activity":3.0E-4,"lastBolusTime":1702897677139,"time":"2023-12-18T13:54:47.006Z"}},{"iob":0.183,"basaliob":-0.009,"bolussnooze":2.0E-4,"activity":0.004,"lastBolusTime":1702897677139,"time":"2023-12-18T13:59:47.006Z","iobWithZeroTemp":{"iob":-0.203,"basaliob":-0.395,"bolussnooze":2.0E-4,"activity":-2.0E-4,"lastBolusTime":1702897677139,"time":"2023-12-18T13:59:47.006Z"}},{"iob":0.164,"basaliob":-0.008,"bolussnooze":0,"activity":0.0036,"lastBolusTime":1702897677139,"time":"2023-12-18T14:04:47.006Z","iobWithZeroTemp":{"iob":-0.209,"basaliob":-0.381,"bolussnooze":0,"activity":-7.0E-4,"lastBolusTime":1702897677139,"time":"2023-12-18T14:04:47.006Z"}},{"iob":0.147,"basaliob":-0.007,"bolussnooze":0,"activity":0.0034,"lastBolusTime":1702897677139,"time":"2023-12-18T14:09:47.006Z","iobWithZeroTemp":{"iob":-0.213,"basaliob":-0.367,"bolussnooze":0,"activity":-9.0E-4,"lastBolusTime":1702897677139,"time":"2023-12-18T14:09:47.006Z"}},{"iob":0.131,"basaliob":-0.007,"bolussnooze":0,"activity":0.003,"lastBolusTime":1702897677139,"time":"2023-12-18T14:14:47.006Z","iobWithZeroTemp":{"iob":-0.216,"basaliob":-0.354,"bolussnooze":0,"activity":-0.0013,"lastBolusTime":1702897677139,"time":"2023-12-18T14:14:47.006Z"}},{"iob":0.117,"basaliob":-0.006,"bolussnooze":0,"activity":0.0027,"lastBolusTime":1702897677139,"time":"2023-12-18T14:19:47.006Z","iobWithZeroTemp":{"iob":-0.217,"basaliob":-0.34,"bolussnooze":0,"activity":-0.0015,"lastBolusTime":1702897677139,"time":"2023-12-18T14:19:47.006Z"}},{"iob":0.104,"basaliob":-0.005,"bolussnooze":0,"activity":0.0025,"lastBolusTime":1702897677139,"time":"2023-12-18T14:24:47.006Z","iobWithZeroTemp":{"iob":-0.218,"basaliob":-0.327,"bolussnooze":0,"activity":-0.0017,"lastBolusTime":1702897677139,"time":"2023-12-18T14:24:47.006Z"}},{"iob":0.092,"basaliob":-0.005,"bolussnooze":0,"activity":0.0022,"lastBolusTime":1702897677139,"time":"2023-12-18T14:29:47.006Z","iobWithZeroTemp":{"iob":-0.218,"basaliob":-0.315,"bolussnooze":0,"activity":-0.0019,"lastBolusTime":1702897677139,"time":"2023-12-18T14:29:47.006Z"}},{"iob":0.082,"basaliob":-0.004,"bolussnooze":0,"activity":0.002,"lastBolusTime":1702897677139,"time":"2023-12-18T14:34:47.006Z","iobWithZeroTemp":{"iob":-0.216,"basaliob":-0.302,"bolussnooze":0,"activity":-0.002,"lastBolusTime":1702897677139,"time":"2023-12-18T14:34:47.006Z"}},{"iob":0.072,"basaliob":-0.004,"bolussnooze":0,"activity":0.0018,"lastBolusTime":1702897677139,"time":"2023-12-18T14:39:47.006Z","iobWithZeroTemp":{"iob":-0.215,"basaliob":-0.291,"bolussnooze":0,"activity":-0.0021,"lastBolusTime":1702897677139,"time":"2023-12-18T14:39:47.006Z"}},{"iob":0.064,"basaliob":-0.003,"bolussnooze":0,"activity":0.0016,"lastBolusTime":1702897677139,"time":"2023-12-18T14:44:47.006Z","iobWithZeroTemp":{"iob":-0.212,"basaliob":-0.279,"bolussnooze":0,"activity":-0.0022,"lastBolusTime":1702897677139,"time":"2023-12-18T14:44:47.006Z"}},{"iob":0.056,"basaliob":-0.003,"bolussnooze":0,"activity":0.0014,"lastBolusTime":1702897677139,"time":"2023-12-18T14:49:47.006Z","iobWithZeroTemp":{"iob":-0.21,"basaliob":-0.269,"bolussnooze":0,"activity":-0.0023,"lastBolusTime":1702897677139,"time":"2023-12-18T14:49:47.006Z"}},{"iob":0.049,"basaliob":-0.003,"bolussnooze":0,"activity":0.0013,"lastBolusTime":1702897677139,"time":"2023-12-18T14:54:47.006Z","iobWithZeroTemp":{"iob":-0.207,"basaliob":-0.259,"bolussnooze":0,"activity":-0.0023,"lastBolusTime":1702897677139,"time":"2023-12-18T14:54:47.006Z"}},{"iob":0.042,"basaliob":-0.003,"bolussnooze":0,"activity":0.0011,"lastBolusTime":1702897677139,"time":"2023-12-18T14:59:47.006Z","iobWithZeroTemp":{"iob":-0.205,"basaliob":-0.25,"bolussnooze":0,"activity":-0.0024,"lastBolusTime":1702897677139,"time":"2023-12-18T14:59:47.006Z"}},{"iob":0.037,"basaliob":-0.002,"bolussnooze":0,"activity":0.001,"lastBolusTime":1702897677139,"time":"2023-12-18T15:04:47.006Z","iobWithZeroTemp":{"iob":-0.201,"basaliob":-0.24,"bolussnooze":0,"activity":-0.0023,"lastBolusTime":1702897677139,"time":"2023-12-18T15:04:47.006Z"}},{"iob":0.032,"basaliob":-0.002,"bolussnooze":0,"activity":0.001,"lastBolusTime":1702897677139,"time":"2023-12-18T15:09:47.006Z","iobWithZeroTemp":{"iob":-0.198,"basaliob":-0.232,"bolussnooze":0,"activity":-0.0022,"lastBolusTime":1702897677139,"time":"2023-12-18T15:09:47.006Z"}},{"iob":0.028,"basaliob":-0.002,"bolussnooze":0,"activity":9.0E-4,"lastBolusTime":1702897677139,"time":"2023-12-18T15:14:47.006Z","iobWithZeroTemp":{"iob":-0.194,"basaliob":-0.224,"bolussnooze":0,"activity":-0.0022,"lastBolusTime":1702897677139,"time":"2023-12-18T15:14:47.006Z"}},{"iob":0.024,"basaliob":-0.002,"bolussnooze":0,"activity":8.0E-4,"lastBolusTime":1702897677139,"time":"2023-12-18T15:19:47.006Z","iobWithZeroTemp":{"iob":-0.191,"basaliob":-0.217,"bolussnooze":0,"activity":-0.0022,"lastBolusTime":1702897677139,"time":"2023-12-18T15:19:47.006Z"}},{"iob":0.021,"basaliob":-0.001,"bolussnooze":0,"activity":7.0E-4,"lastBolusTime":1702897677139,"time":"2023-12-18T15:24:47.006Z","iobWithZeroTemp":{"iob":-0.188,"basaliob":-0.21,"bolussnooze":0,"activity":-0.0022,"lastBolusTime":1702897677139,"time":"2023-12-18T15:24:47.006Z"}},{"iob":0.018,"basaliob":-0.001,"bolussnooze":0,"activity":6.0E-4,"lastBolusTime":1702897677139,"time":"2023-12-18T15:29:47.006Z","iobWithZeroTemp":{"iob":-0.185,"basaliob":-0.204,"bolussnooze":0,"activity":-0.0022,"lastBolusTime":1702897677139,"time":"2023-12-18T15:29:47.006Z"}},{"iob":0.015,"basaliob":-0.001,"bolussnooze":0,"activity":5.0E-4,"lastBolusTime":1702897677139,"time":"2023-12-18T15:34:47.006Z","iobWithZeroTemp":{"iob":-0.182,"basaliob":-0.198,"bolussnooze":0,"activity":-0.0023,"lastBolusTime":1702897677139,"time":"2023-12-18T15:34:47.006Z"}}],"profile":{"max_iob":10,"type":"current","max_daily_basal":0.4,"max_basal":1.2,"min_bg":90,"max_bg":90,"target_bg":90,"carb_ratio":8.5,"sens":120,"max_daily_safety_multiplier":3,"current_basal_safety_multiplier":4,"lgsThreshold":95,"high_temptarget_raises_sensitivity":true,"low_temptarget_lowers_sensitivity":true,"sensitivity_raises_target":true,"resistance_lowers_target":true,"adv_target_adjustments":false,"exercise_mode":false,"half_basal_exercise_target":160,"maxCOB":120,"skip_neutral_temps":false,"remainingCarbsCap":90,"enableUAM":true,"A52_risk_enable":false,"SMBInterval":6,"enableSMB_with_COB":true,"enableSMB_with_temptarget":true,"allowSMB_with_high_temptarget":false,"enableSMB_always":false,"enableSMB_after_carbs":true,"maxSMBBasalMinutes":30,"maxUAMSMBBasalMinutes":40,"bolus_increment":0.05,"carbsReqThreshold":4,"current_basal":0.3,"temptargetSet":false,"autosens_max":1.3,"autosens_min":0.7,"variable_sens":106.5,"insulinDivisor":75,"TDD":19.558358333333334},"autosens_data":{"ratio":0.8973190237434217},"meal_data":{"carbs":20,"mealCOB":17.138333333333332,"slopeFromMaxDeviation":-0.16000000000000014,"slopeFromMinDeviation":1.4866666666666668,"lastBolusTime":1702897677139,"lastCarbTime":1702897673283},"microBolusAllowed":true,"currentTime":1702899587789,"flatBGsDetected":false,"tdd1D":16.272499999999997,"tdd7D":20.110833333333336,"tddLast24H":18.04583333333333,"tddLast4H":3.2875,"tddLast8to4H":4.7041666666666675},"output":{"temp":"absolute","bg":103,"tick":-1,"eventualBG":101,"targetBG":93,"insulinReq":0,"deliverAt":"2023-12-18T11:39:47.789Z","sensitivityRatio":0.8973190237434217,"variable_sens":106.5,"predBGs":{"IOB":[103,101,99,95,90,84,77,68,58,47,39,39,39],"ZT":[103,92,81,68,53,39,39,39,39,39,39,39,39,39,39,39,39,39,39,39,39,39,39,39,39,39,39,39,39,39,39,39,39,39,39,39,39,39,39,39,39,39,39,39,39,39,39,39],"COB":[103,102,101,99,97,95,93,91,89,87,86,85,84,83,83,83,83,83,83,84,85,85,86,87,89,90,91,92,93,94,96,97,98,99,100,100,101,102,102,102,103,103,102,102,102,101],"UAM":[103,102,100,97,93,89,84,79,73,66,59,51,41,39]},"reason":"COB: 17.1, Dev: 59, BGI: -11, ISF: 107, CR: 8.5, Target: 93, minPredBG 66, minGuardBG 51, IOBpredBG 39, COBpredBG 101, UAMpredBG 39; minGuardBG 51<95 90m left and 0 ~ req 0U\/hr: no temp required","COB":17.138333333333332,"IOB":1.959,"timestamp":"2023-12-18T11:39:47.796Z"}}