{"algorithm":"OpenAPSSMBDynamicISFPlugin","input":{"glucoseStatus":{"glucose":110,"noise":0,"delta":-3.5,"short_avgdelta":-3.5,"long_avgdelta":-3.51,"date":1703027066000},"currenttemp":{"temp":"absolute","duration":45,"rate":0,"minutesrunning":15},"iob_data":[{"iob":0.121,"basaliob":0.003,"bolussnooze":0,"activity":0.0022,"lastBolusTime":1703025007140,"time":"2023-12-19T23:04:58.361Z","iobWithZeroTemp":{"iob":0.121,"basaliob":0.003,"bolussnooze":0,"activity":0.0022,"lastBolusTime":1703025007140,"time":"2023-12-19T23:04:58.361Z"}},{"iob":0.111,"basaliob":0.001,"bolussnooze":0,"activity":0.002,"lastBolusTime":1703025007140,"time":"2023-12-19T23:09:58.361Z","iobWithZeroTemp":{"iob":0.094,"basaliob":-0.016,"bolussnooze":0,"activity":0.002,"lastBolusTime":1703025007140,"time":"2023-12-19T23:09:58.361Z"}},{"iob":0.101,"basaliob":-0.001,"bolussnooze":0,"activity":0.0018,"lastBolusTime":1703025007140,"time":"2023-12-19T23:14:58.361Z","iobWithZeroTemp":{"iob":0.064,"basaliob":-0.038,"bolussnooze":0,"activity":0.0017,"lastBolusTime":1703025007140,"time":"2023-12-19T23:14:58.361Z"}},{"iob":0.092,"basaliob":-0.002,"bolussnooze":0,"activity":0.0017,"lastBolusTime":1703025007140,"time":"2023-12-19T23:19:58.361Z","iobWithZeroTemp":{"iob":0.034,"basaliob":-0.06,"bolussnooze":0,"activity":0.0015,"lastBolusTime":1703025007140,"time":"2023-12-19T23:19:58.361Z"}},{"iob":0.084,"basaliob":-0.003,"bolussnooze":0,"activity":0.0016,"lastBolusTime":1703025007140,"time":"2023-12-19T23:24:58.361Z","iobWithZeroTemp":{"iob":0.007,"basaliob":-0.08,"bolussnooze":0,"activity":0.0013,"lastBolusTime":1703025007140,"time":"2023-12-19T23:24:58.361Z"}},{"iob":0.076,"basaliob":-0.004,"bolussnooze":0,"activity":0.0014,"lastBolusTime":1703025007140,"time":"2023-12-19T23:29:58.361Z","iobWithZeroTemp":{"iob":-0.02,"basaliob":-0.1,"bolussnooze":0,"activity":0.001,"lastBolusTime":1703025007140,"time":"2023-12-19T23:29:58.361Z"}},{"iob":0.07,"basaliob":-0.004,"bolussnooze":0,"activity":0.0013,"lastBolusTime":1703025007140,"time":"2023-12-19T23:34:58.361Z","iobWithZeroTemp":{"iob":-0.044,"basaliob":-0.118,"bolussnooze":0,"activity":7.0E-4,"lastBolusTime":1703025007140,"time":"2023-12-19T23:34:58.361Z"}},{"iob":0.063,"basaliob":-0.005,"bolussnooze":0,"activity":0.0012,"lastBolusTime":1703025007140,"time":"2023-12-19T23:39:58.361Z","iobWithZeroTemp":{"iob":-0.069,"basaliob":-0.137,"bolussnooze":0,"activity":4.0E-4,"lastBolusTime":1703025007140,"time":"2023-12-19T23:39:58.361Z"}},{"iob":0.058,"basaliob":-0.005,"bolussnooze":0,"activity":0.0011,"lastBolusTime":1703025007140,"time":"2023-12-19T23:44:58.361Z","iobWithZeroTemp":{"iob":-0.091,"basaliob":-0.154,"bolussnooze":0,"activity":2.0E-4,"lastBolusTime":1703025007140,"time":"2023-12-19T23:44:58.361Z"}},{"iob":0.052,"basaliob":-0.005,"bolussnooze":0,"activity":0.001,"lastBolusTime":1703025007140,"time":"2023-12-19T23:49:58.361Z","iobWithZeroTemp":{"iob":-0.112,"basaliob":-0.169,"bolussnooze":0,"activity":-1.0E-4,"lastBolusTime":1703025007140,"time":"2023-12-19T23:49:58.361Z"}},{"iob":0.048,"basaliob":-0.005,"bolussnooze":0,"activity":9.0E-4,"lastBolusTime":1703025007140,"time":"2023-12-19T23:54:58.361Z","iobWithZeroTemp":{"iob":-0.131,"basaliob":-0.184,"bolussnooze":0,"activity":-4.0E-4,"lastBolusTime":1703025007140,"time":"2023-12-19T23:54:58.361Z"}},{"iob":0.043,"basaliob":-0.005,"bolussnooze":0,"activity":9.0E-4,"lastBolusTime":1703025007140,"time":"2023-12-19T23:59:58.361Z","iobWithZeroTemp":{"iob":-0.15,"basaliob":-0.198,"bolussnooze":0,"activity":-6.0E-4,"lastBolusTime":1703025007140,"time":"2023-12-19T23:59:58.361Z"}},{"iob":0.039,"basaliob":-0.005,"bolussnooze":0,"activity":8.0E-4,"lastBolusTime":1703025007140,"time":"2023-12-20T00:04:58.361Z","iobWithZeroTemp":{"iob":-0.167,"basaliob":-0.211,"bolussnooze":0,"activity":-8.0E-4,"lastBolusTime":1703025007140,"time":"2023-12-20T00:04:58.361Z"}},{"iob":0.035,"basaliob":-0.005,"bolussnooze":0,"activity":7.0E-4,"lastBolusTime":1703025007140,"time":"2023-12-20T00:09:58.361Z","iobWithZeroTemp":{"iob":-0.183,"basaliob":-0.223,"bolussnooze":0,"activity":-0.0011,"lastBolusTime":1703025007140,"time":"2023-12-20T00:09:58.361Z"}},{"iob":0.031,"basaliob":-0.005,"bolussnooze":0,"activity":7.0E-4,"lastBolusTime":1703025007140,"time":"2023-12-20T00:14:58.361Z","iobWithZeroTemp":{"iob":-0.199,"basaliob":-0.235,"bolussnooze":0,"activity":-0.0013,"lastBolusTime":1703025007140,"time":"2023-12-20T00:14:58.361Z"}},{"iob":0.028,"basaliob":-0.005,"bolussnooze":0,"activity":6.0E-4,"lastBolusTime":1703025007140,"time":"2023-12-20T00:19:58.361Z","iobWithZeroTemp":{"iob":-0.212,"basaliob":-0.245,"bolussnooze":0,"activity":-0.0015,"lastBolusTime":1703025007140,"time":"2023-12-20T00:19:58.361Z"}},{"iob":0.025,"basaliob":-0.005,"bolussnooze":0,"activity":6.0E-4,"lastBolusTime":1703025007140,"time":"2023-12-20T00:24:58.361Z","iobWithZeroTemp":{"iob":-0.225,"basaliob":-0.255,"bolussnooze":0,"activity":-0.0017,"lastBolusTime":1703025007140,"time":"2023-12-20T00:24:58.361Z"}},{"iob":0.023,"basaliob":-0.004,"bolussnooze":0,"activity":5.0E-4,"lastBolusTime":1703025007140,"time":"2023-12-20T00:29:58.361Z","iobWithZeroTemp":{"iob":-0.236,"basaliob":-0.263,"bolussnooze":0,"activity":-0.0019,"lastBolusTime":1703025007140,"time":"2023-12-20T00:29:58.361Z"}},{"iob":0.021,"basaliob":-0.004,"bolussnooze":0,"activity":5.0E-4,"lastBolusTime":1703025007140,"time":"2023-12-20T00:34:58.361Z","iobWithZeroTemp":{"iob":-0.247,"basaliob":-0.272,"bolussnooze":0,"activity":-0.0021,"lastBolusTime":1703025007140,"time":"2023-12-20T00:34:58.361Z"}},{"iob":0.018,"basaliob":-0.004,"bolussnooze":0,"activity":5.0E-4,"lastBolusTime":1703025007140,"time":"2023-12-20T00:39:58.361Z","iobWithZeroTemp":{"iob":-0.257,"basaliob":-0.279,"bolussnooze":0,"activity":-0.0022,"lastBolusTime":1703025007140,"time":"2023-12-20T00:39:58.361Z"}},{"iob":0.016,"basaliob":-0.004,"bolussnooze":0,"activity":4.0E-4,"lastBolusTime":1703025007140,"time":"2023-12-20T00:44:58.361Z","iobWithZeroTemp":{"iob":-0.266,"basaliob":-0.286,"bolussnooze":0,"activity":-0.0024,"lastBolusTime":1703025007140,"time":"2023-12-20T00:44:58.361Z"}},{"iob":0.015,"basaliob":-0.003,"bolussnooze":0,"activity":4.0E-4,"lastBolusTime":1703025007140,"time":"2023-12-20T00:49:58.361Z","iobWithZeroTemp":{"iob":-0.274,"basaliob":-0.292,"bolussnooze":0,"activity":-0.0025,"lastBolusTime":1703025007140,"time":"2023-12-20T00:49:58.361Z"}},{"iob":0.014,"basaliob":-0.003,"bolussnooze":0,"activity":3.0E-4,"lastBolusTime":1703025007140,"time":"2023-12-20T00:54:58.361Z","iobWithZeroTemp":{"iob":-0.281,"basaliob":-0.298,"bolussnooze":0,"activity":-0.0027,"lastBolusTime":1703025007140,"time":"2023-12-20T00:54:58.361Z"}},{"iob":0.012,"basaliob":-0.003,"bolussnooze":0,"activity":3.0E-4,"lastBolusTime":1703025007140,"time":"2023-12-20T00:59:58.361Z","iobWithZeroTemp":{"iob":-0.289,"basaliob":-0.304,"bolussnooze":0,"activity":-0.0028,"lastBolusTime":1703025007140,"time":"2023-12-20T00:59:58.361Z"}},{"iob":0.01,"basaliob":-0.003,"bolussnooze":0,"activity":3.0E-4,"lastBolusTime":1703025007140,"time":"2023-12-20T01:04:58.361Z","iobWithZeroTemp":{"iob":-0.291,"basaliob":-0.304,"bolussnooze":0,"activity":-0.0029,"lastBolusTime":1703025007140,"time":"2023-12-20T01:04:58.361Z"}},{"iob":0.009,"basaliob":-0.003,"bolussnooze":0,"activity":3.0E-4,"lastBolusTime":1703025007140,"time":"2023-12-20T01:09:58.361Z","iobWithZeroTemp":{"iob":-0.293,"basaliob":-0.305,"bolussnooze":0,"activity":-0.003,"lastBolusTime":1703025007140,"time":"2023-12-20T01:09:58.361Z"}},{"iob":0.009,"basaliob":-0.002,"bolussnooze":0,"activity":2.0E-4,"lastBolusTime":1703025007140,"time":"2023-12-20T01:14:58.361Z","iobWithZeroTemp":{"iob":-0.293,"basaliob":-0.304,"bolussnooze":0,"activity":-0.0031,"lastBolusTime":1703025007140,"time":"2023-12-20T01:14:58.361Z"}},{"iob":0.008,"basaliob":-0.002,"bolussnooze":0,"activity":2.0E-4,"lastBolusTime":1703025007140,"time":"2023-12-20T01:19:58.361Z","iobWithZeroTemp":{"iob":-0.294,"basaliob":-0.304,"bolussnooze":0,"activity":-0.0032,"lastBolusTime":1703025007140,"time":"2023-12-20T01:19:58.361Z"}},{"iob":0.007,"basaliob":-0.002,"bolussnooze":0,"activity":2.0E-4,"lastBolusTime":1703025007140,"time":"2023-12-20T01:24:58.361Z","iobWithZeroTemp":{"iob":-0.295,"basaliob":-0.304,"bolussnooze":0,"activity":-0.0032,"lastBolusTime":1703025007140,"time":"2023-12-20T01:24:58.361Z"}},{"iob":0.006,"basaliob":-0.002,"bolussnooze":0,"activity":2.0E-4,"lastBolusTime":1703025007140,"time":"2023-12-20T01:29:58.361Z","iobWithZeroTemp":{"iob":-0.295,"basaliob":-0.303,"bolussnooze":0,"activity":-0.0032,"lastBolusTime":1703025007140,"time":"2023-12-20T01:29:58.361Z"}},{"iob":0.005,"basaliob":-0.002,"bolussnooze":0,"activity":2.0E-4,"lastBolusTime":1703025007140,"time":"2023-12-20T01:34:58.361Z","iobWithZeroTemp":{"iob":-0.296,"basaliob":-0.303,"bolussnooze":0,"activity":-0.0033,"lastBolusTime":1703025007140,"time":"2023-12-20T01:34:58.361Z"}},{"iob":0.004,"basaliob":-0.002,"bolussnooze":0,"activity":1.0E-4,"lastBolusTime":1703025007140,"time":"2023-12-20T01:39:58.361Z","iobWithZeroTemp":{"iob":-0.296,"basaliob":-0.302,"bolussnooze":0,"activity":-0.0034,"lastBolusTime":1703025007140,"time":"2023-12-20T01:39:58.361Z"}},{"iob":0.003,"basaliob":-0.002,"bolussnooze":0,"activity":1.0E-4,"lastBolusTime":1703025007140,"time":"2023-12-20T01:44:58.361Z","iobWithZeroTemp":{"iob":-0.296,"basaliob":-0.301,"bolussnooze":0,"activity":-0.0034,"lastBolusTime":1703025007140,"time":"2023-12-20T01:44:58.361Z"}},{"iob":0.003,"basaliob":-0.002,"bolussnooze":0,"activity":1.0E-4,"lastBolusTime":1703025007140,"time":"2023-12-20T01:49:58.361Z","iobWithZeroTemp":{"iob":-0.295,"basaliob":-0.3,"bolussnooze":0,"activity":-0.0034,"lastBolusTime":1703025007140,"time":"2023-12-20T01:49:58.361Z"}},{"iob":0.003,"basaliob":-0.001,"bolussnooze":0,"activity":1.0E-4,"lastBolusTime":1703025007140,"time":"2023-12-20T01:54:58.361Z","iobWithZeroTemp":{"iob":-0.294,"basaliob":-0.298,"bolussnooze":0,"activity":-0.0034,"lastBolusTime":1703025007140,"time":"2023-12-20T01:54:58.361Z"}},{"iob":0.003,"basaliob":-0.001,"bolussnooze":0,"activity":1.0E-4,"lastBolusTime":1703025007140,"time":"2023-12-20T01:59:58.361Z","iobWithZeroTemp":{"iob":-0.294,"basaliob":-0.298,"bolussnooze":0,"activity":-0.0034,"lastBolusTime":1703025007140,"time":"2023-12-20T01:59:58.361Z"}},{"iob":0.002,"basaliob":-0.001,"bolussnooze":0,"activity":1.0E-4,"lastBolusTime":1703025007140,"time":"2023-12-20T02:04:58.361Z","iobWithZeroTemp":{"iob":-0.294,"basaliob":-0.297,"bolussnooze":0,"activity":-0.0034,"lastBolusTime":1703025007140,"time":"2023-12-20T02:04:58.361Z"}},{"iob":0.002,"basaliob":-0.001,"bolussnooze":0,"activity":1.0E-4,"lastBolusTime":1703025007140,"time":"2023-12-20T02:09:58.361Z","iobWithZeroTemp":{"iob":-0.293,"basaliob":-0.296,"bolussnooze":0,"activity":-0.0034,"lastBolusTime":1703025007140,"time":"2023-12-20T02:09:58.361Z"}},{"iob":0.001,"basaliob":-0.001,"bolussnooze":0,"activity":1.0E-4,"lastBolusTime":1703025007140,"time":"2023-12-20T02:14:58.361Z","iobWithZeroTemp":{"iob":-0.293,"basaliob":-0.295,"bolussnooze":0,"activity":-0.0034,"lastBolusTime":1703025007140,"time":"2023-12-20T02:14:58.361Z"}},{"iob":0.001,"basaliob":-0.001,"bolussnooze":0,"activity":1.0E-4,"lastBolusTime":1703025007140,"time":"2023-12-20T02:19:58.361Z","iobWithZeroTemp":{"iob":-0.292,"basaliob":-0.294,"bolussnooze":0,"activity":-0.0034,"lastBolusTime":1703025007140,"time":"2023-12-20T02:19:58.361Z"}},{"iob":0.001,"basaliob":-0.001,"bolussnooze":0,"activity":1.0E-4,"lastBolusTime":1703025007140,"time":"2023-12-20T02:24:58.361Z","iobWithZeroTemp":{"iob":-0.291,"basaliob":-0.293,"bolussnooze":0,"activity":-0.0034,"lastBolusTime":1703025007140,"time":"2023-12-20T02:24:58.361Z"}},{"iob":0.001,"basaliob":-0.001,"bolussnooze":0,"activity":0,"lastBolusTime":1703025007140,"time":"2023-12-20T02:29:58.361Z","iobWithZeroTemp":{"iob":-0.29,"basaliob":-0.292,"bolussnooze":0,"activity":-0.0035,"lastBolusTime":1703025007140,"time":"2023-12-20T02:29:58.361Z"}},{"iob":0,"basaliob":-0.001,"bolussnooze":0,"activity":0,"lastBolusTime":1703025007140,"time":"2023-12-20T02:34:58.361Z","iobWithZeroTemp":{"iob":-0.291,"basaliob":-0.292,"bolussnooze":0,"activity":-0.0035,"lastBolusTime":1703025007140,"time":"2023-12-20T02:34:58.361Z"}},{"iob":0,"basaliob":-0.001,"bolussnooze":0,"activity":0,"lastBolusTime":1703025007140,"time":"2023-12-20T02:39:58.361Z","iobWithZeroTemp":{"iob":-0.29,"basaliob":-0.291,"bolussnooze":0,"activity":-0.0035,"lastBolusTime":1703025007140,"time":"2023-12-20T02:39:58.361Z"}},{"iob":0,"basaliob":-0.001,"bolussnooze":0,"activity":0,"lastBolusTime":1703025007140,"time":"2023-12-20T02:44:58.361Z","iobWithZeroTemp":{"iob":-0.289,"basaliob":-0.29,"bolussnooze":0,"activity":-0.0035,"lastBolusTime":1703025007140,"time":"2023-12-20T02:44:58.361Z"}},{"iob":0,"basaliob":-0.001,"bolussnooze":0,"activity":0,"lastBolusTime":1703025007140,"time":"2023-12-20T02:49:58.361Z","iobWithZeroTemp":{"iob":-0.288,"basaliob":-0.289,"bolussnooze":0,"activity":-0.0035,"lastBolusTime":1703025007140,"time":"2023-12-20T02:49:58.361Z"}},{"iob":0,"basaliob":-0.001,"bolussnooze":0,"activity":0,"lastBolusTime":1703025007140,"time":"2023-12-20T02:54:58.361Z","iobWithZeroTemp":{"iob":-0.288,"basaliob":-0.289,"bolussnooze":0,"activity":-0.0035,"lastBolusTime":1703025007140,"time":"2023-12-20T02:54:58.361Z"}},{"iob":0,"basaliob":-0.001,"bolussnooze":0,"activity":0,"lastBolusTime":1703025007140,"time":"2023-12-20T02:59:58.361Z","iobWithZeroTemp":{"iob":-0.287,"basaliob":-0.288,"bolussnooze":0,"activity":-0.0035,"lastBolusTime":1703025007140,"time":"2023-12-20T02:59:58.361Z"}}],"profile":{"max_iob":10,"type":"current","max_daily_basal":0.4,"max_basal":1,"min_bg":95,"max_bg":95,"target_bg":95,"carb_ratio":8.8,"sens":130,"max_daily_safety_multiplier":3,"current_basal_safety_multiplier":4,"lgsThreshold":95,"high_temptarget_raises_sensitivity":true,"low_temptarget_lowers_sensitivity":true,"sensitivity_raises_target":true,"resistance_lowers_target":true,"adv_target_adjustments":false,"exercise_mode":false,"half_basal_exercise_target":160,"maxCOB":120,"skip_neutral_temps":false,"remainingCarbsCap":90,"enableUAM":true,"A52_risk_enable":false,"SMBInterval":5,"enableSMB_with_COB":true,"enableSMB_with_temptarget":true,"allowSMB_with_high_temptarget":false,"enableSMB_always":false,"enableSMB_after_carbs":true,"maxSMBBasalMinutes":30,"maxUAMSMBBasalMinutes":40,"bolus_increment":0.05,"carbsReqThreshold":4,"current_basal":0.25,"temptargetSet":false,"autosens_max":1.3,"autosens_min":0.7,"variable_sens":130.7,"insulinDivisor":75,"TDD":15.257963095238097},"autosens_data":{"ratio":0.7835406830478687},"meal_data":{"carbs":25,"mealCOB":0,"slopeFromMaxDeviation":-1.0082727272727274,"slopeFromMinDeviation":0.054999999999999716,"lastBolusTime":1703025007140,"lastCarbTime":1703009864555},"microBolusAllowed":true,"currentTime":1703027100469,"flatBGsDetected":false,"tdd1D":13.533333333333333,"tdd7D":17.272023809523805,"tddLast24H":13.533333333333333,"tddLast4H":1.1708333333333332,"tddLast8to4H":5.550000000000001},"output":{"temp":"absolute","bg":110,"tick":-3,"eventualBG":82,"targetBG":105,"insulinReq":0,"deliverAt":"2023-12-19T23:05:00.469Z","sensitivityRatio":0.7835406830478687,"variable_sens":130.7,"predBGs":{"IOB":[110,107,104,101,98,96,94,92,90,89,88,87,86,86,85,85,84,84,83,83,83,82,82,82,81,81,81,81,81,80,80,80,80,80,80,80,80,80,80,80,79],"ZT":[110,109,107,106,105,104,104,103,103,103,103,103,103,104,105]},"reason":"COB: 0, Dev: -12, BGI: -1, ISF: 131, CR: 8.8, Target: 105, minPredBG 81, minGuardBG 79, IOBpredBG 79; minGuardBG 79<95","COB":0,"IOB":0.121,"duration":60,"rate":0,"timestamp":"2023-12-19T23:05:00.486Z"}}