{"algorithm":"OpenAPSSMBDynamicISFPlugin","input":{"glucoseStatus":{"glucose":135,"noise":0,"delta":2.78,"short_avgdelta":2.78,"long_avgdelta":3.38,"date":1702973965000},"currenttemp":{"temp":"absolute","duration":40,"rate":0,"minutesrunning":20},"iob_data":[{"iob":0.889,"basaliob":-0.3,"bolussnooze":0.7355,"activity":0.0093,"lastBolusTime":1702971782316,"time":"2023-12-19T08:19:59.339Z","iobWithZeroTemp":{"iob":0.889,"basaliob":-0.3,"bolussnooze":0.7355,"activity":0.0093,"lastBolusTime":1702971782316,"time":"2023-12-19T08:19:59.339Z"}},{"iob":0.843,"basaliob":-0.283,"bolussnooze":0.6304,"activity":0.0095,"lastBolusTime":1702971782316,"time":"2023-12-19T08:24:59.339Z","iobWithZeroTemp":{"iob":0.82,"basaliob":-0.306,"bolussnooze":0.6304,"activity":0.0095,"lastBolusTime":1702971782316,"time":"2023-12-19T08:24:59.339Z"}},{"iob":0.795,"basaliob":-0.267,"bolussnooze":0.536,"activity":0.0095,"lastBolusTime":1702971782316,"time":"2023-12-19T08:29:59.339Z","iobWithZeroTemp":{"iob":0.743,"basaliob":-0.319,"bolussnooze":0.536,"activity":0.0094,"lastBolusTime":1702971782316,"time":"2023-12-19T08:29:59.339Z"}},{"iob":0.748,"basaliob":-0.25,"bolussnooze":0.4524,"activity":0.0094,"lastBolusTime":1702971782316,"time":"2023-12-19T08:34:59.339Z","iobWithZeroTemp":{"iob":0.667,"basaliob":-0.331,"bolussnooze":0.4524,"activity":0.0092,"lastBolusTime":1702971782316,"time":"2023-12-19T08:34:59.339Z"}},{"iob":0.701,"basaliob":-0.234,"bolussnooze":0.3792,"activity":0.0092,"lastBolusTime":1702971782316,"time":"2023-12-19T08:39:59.339Z","iobWithZeroTemp":{"iob":0.593,"basaliob":-0.342,"bolussnooze":0.3792,"activity":0.0088,"lastBolusTime":1702971782316,"time":"2023-12-19T08:39:59.339Z"}},{"iob":0.656,"basaliob":-0.218,"bolussnooze":0.3157,"activity":0.009,"lastBolusTime":1702971782316,"time":"2023-12-19T08:44:59.339Z","iobWithZeroTemp":{"iob":0.521,"basaliob":-0.353,"bolussnooze":0.3157,"activity":0.0084,"lastBolusTime":1702971782316,"time":"2023-12-19T08:44:59.339Z"}},{"iob":0.611,"basaliob":-0.203,"bolussnooze":0.2612,"activity":0.0087,"lastBolusTime":1702971782316,"time":"2023-12-19T08:49:59.339Z","iobWithZeroTemp":{"iob":0.451,"basaliob":-0.363,"bolussnooze":0.2612,"activity":0.0079,"lastBolusTime":1702971782316,"time":"2023-12-19T08:49:59.339Z"}},{"iob":0.568,"basaliob":-0.189,"bolussnooze":0.2148,"activity":0.0083,"lastBolusTime":1702971782316,"time":"2023-12-19T08:54:59.339Z","iobWithZeroTemp":{"iob":0.383,"basaliob":-0.374,"bolussnooze":0.2148,"activity":0.0072,"lastBolusTime":1702971782316,"time":"2023-12-19T08:54:59.339Z"}},{"iob":0.527,"basaliob":-0.175,"bolussnooze":0.1755,"activity":0.008,"lastBolusTime":1702971782316,"time":"2023-12-19T08:59:59.339Z","iobWithZeroTemp":{"iob":0.319,"basaliob":-0.383,"bolussnooze":0.1755,"activity":0.0067,"lastBolusTime":1702971782316,"time":"2023-12-19T08:59:59.339Z"}},{"iob":0.488,"basaliob":-0.162,"bolussnooze":0.1424,"activity":0.0076,"lastBolusTime":1702971782316,"time":"2023-12-19T09:04:59.339Z","iobWithZeroTemp":{"iob":0.266,"basaliob":-0.384,"bolussnooze":0.1424,"activity":0.006,"lastBolusTime":1702971782316,"time":"2023-12-19T09:04:59.339Z"}},{"iob":0.452,"basaliob":-0.149,"bolussnooze":0.1149,"activity":0.0073,"lastBolusTime":1702971782316,"time":"2023-12-19T09:09:59.339Z","iobWithZeroTemp":{"iob":0.217,"basaliob":-0.384,"bolussnooze":0.1149,"activity":0.0055,"lastBolusTime":1702971782316,"time":"2023-12-19T09:09:59.339Z"}},{"iob":0.417,"basaliob":-0.137,"bolussnooze":0.092,"activity":0.0068,"lastBolusTime":1702971782316,"time":"2023-12-19T09:14:59.339Z","iobWithZeroTemp":{"iob":0.171,"basaliob":-0.383,"bolussnooze":0.092,"activity":0.0048,"lastBolusTime":1702971782316,"time":"2023-12-19T09:14:59.339Z"}},{"iob":0.383,"basaliob":-0.126,"bolussnooze":0.0731,"activity":0.0064,"lastBolusTime":1702971782316,"time":"2023-12-19T09:19:59.339Z","iobWithZeroTemp":{"iob":0.126,"basaliob":-0.383,"bolussnooze":0.0731,"activity":0.0042,"lastBolusTime":1702971782316,"time":"2023-12-19T09:19:59.339Z"}},{"iob":0.352,"basaliob":-0.116,"bolussnooze":0.0576,"activity":0.006,"lastBolusTime":1702971782316,"time":"2023-12-19T09:24:59.339Z","iobWithZeroTemp":{"iob":0.086,"basaliob":-0.382,"bolussnooze":0.0576,"activity":0.0036,"lastBolusTime":1702971782316,"time":"2023-12-19T09:24:59.339Z"}},{"iob":0.323,"basaliob":-0.106,"bolussnooze":0.045,"activity":0.0056,"lastBolusTime":1702971782316,"time":"2023-12-19T09:29:59.339Z","iobWithZeroTemp":{"iob":0.048,"basaliob":-0.381,"bolussnooze":0.045,"activity":0.0031,"lastBolusTime":1702971782316,"time":"2023-12-19T09:29:59.339Z"}},{"iob":0.296,"basaliob":-0.097,"bolussnooze":0.0349,"activity":0.0052,"lastBolusTime":1702971782316,"time":"2023-12-19T09:34:59.339Z","iobWithZeroTemp":{"iob":0.013,"basaliob":-0.38,"bolussnooze":0.0349,"activity":0.0025,"lastBolusTime":1702971782316,"time":"2023-12-19T09:34:59.339Z"}},{"iob":0.271,"basaliob":-0.088,"bolussnooze":0.0267,"activity":0.0049,"lastBolusTime":1702971782316,"time":"2023-12-19T09:39:59.339Z","iobWithZeroTemp":{"iob":-0.019,"basaliob":-0.378,"bolussnooze":0.0267,"activity":0.0021,"lastBolusTime":1702971782316,"time":"2023-12-19T09:39:59.339Z"}},{"iob":0.247,"basaliob":-0.08,"bolussnooze":0.0202,"activity":0.0046,"lastBolusTime":1702971782316,"time":"2023-12-19T09:44:59.339Z","iobWithZeroTemp":{"iob":-0.05,"basaliob":-0.377,"bolussnooze":0.0202,"activity":0.0017,"lastBolusTime":1702971782316,"time":"2023-12-19T09:44:59.339Z"}},{"iob":0.225,"basaliob":-0.073,"bolussnooze":0.015,"activity":0.0042,"lastBolusTime":1702971782316,"time":"2023-12-19T09:49:59.339Z","iobWithZeroTemp":{"iob":-0.078,"basaliob":-0.376,"bolussnooze":0.015,"activity":0.0011,"lastBolusTime":1702971782316,"time":"2023-12-19T09:49:59.339Z"}},{"iob":0.205,"basaliob":-0.066,"bolussnooze":0.011,"activity":0.0039,"lastBolusTime":1702971782316,"time":"2023-12-19T09:54:59.339Z","iobWithZeroTemp":{"iob":-0.103,"basaliob":-0.374,"bolussnooze":0.011,"activity":7.0E-4,"lastBolusTime":1702971782316,"time":"2023-12-19T09:54:59.339Z"}},{"iob":0.186,"basaliob":-0.06,"bolussnooze":0.0079,"activity":0.0036,"lastBolusTime":1702971782316,"time":"2023-12-19T09:59:59.339Z","iobWithZeroTemp":{"iob":-0.127,"basaliob":-0.373,"bolussnooze":0.0079,"activity":3.0E-4,"lastBolusTime":1702971782316,"time":"2023-12-19T09:59:59.339Z"}},{"iob":0.169,"basaliob":-0.054,"bolussnooze":0.0055,"activity":0.0033,"lastBolusTime":1702971782316,"time":"2023-12-19T10:04:59.339Z","iobWithZeroTemp":{"iob":-0.148,"basaliob":-0.371,"bolussnooze":0.0055,"activity":-1.0E-4,"lastBolusTime":1702971782316,"time":"2023-12-19T10:04:59.339Z"}},{"iob":0.153,"basaliob":-0.049,"bolussnooze":0.0037,"activity":0.0031,"lastBolusTime":1702971782316,"time":"2023-12-19T10:09:59.339Z","iobWithZeroTemp":{"iob":-0.168,"basaliob":-0.37,"bolussnooze":0.0037,"activity":-3.0E-4,"lastBolusTime":1702971782316,"time":"2023-12-19T10:09:59.339Z"}},{"iob":0.139,"basaliob":-0.044,"bolussnooze":0.0024,"activity":0.0028,"lastBolusTime":1702971782316,"time":"2023-12-19T10:14:59.339Z","iobWithZeroTemp":{"iob":-0.185,"basaliob":-0.368,"bolussnooze":0.0024,"activity":-7.0E-4,"lastBolusTime":1702971782316,"time":"2023-12-19T10:14:59.339Z"}},{"iob":0.125,"basaliob":-0.04,"bolussnooze":0.0014,"activity":0.0026,"lastBolusTime":1702971782316,"time":"2023-12-19T10:19:59.339Z","iobWithZeroTemp":{"iob":-0.202,"basaliob":-0.367,"bolussnooze":0.0014,"activity":-0.001,"lastBolusTime":1702971782316,"time":"2023-12-19T10:19:59.339Z"}},{"iob":0.112,"basaliob":-0.036,"bolussnooze":8.0E-4,"activity":0.0023,"lastBolusTime":1702971782316,"time":"2023-12-19T10:24:59.339Z","iobWithZeroTemp":{"iob":-0.218,"basaliob":-0.366,"bolussnooze":8.0E-4,"activity":-0.0013,"lastBolusTime":1702971782316,"time":"2023-12-19T10:24:59.339Z"}},{"iob":0.101,"basaliob":-0.032,"bolussnooze":4.0E-4,"activity":0.0022,"lastBolusTime":1702971782316,"time":"2023-12-19T10:29:59.339Z","iobWithZeroTemp":{"iob":-0.232,"basaliob":-0.365,"bolussnooze":4.0E-4,"activity":-0.0015,"lastBolusTime":1702971782316,"time":"2023-12-19T10:29:59.339Z"}},{"iob":0.091,"basaliob":-0.029,"bolussnooze":1.0E-4,"activity":0.002,"lastBolusTime":1702971782316,"time":"2023-12-19T10:34:59.339Z","iobWithZeroTemp":{"iob":-0.244,"basaliob":-0.364,"bolussnooze":1.0E-4,"activity":-0.0017,"lastBolusTime":1702971782316,"time":"2023-12-19T10:34:59.339Z"}},{"iob":0.081,"basaliob":-0.026,"bolussnooze":0,"activity":0.0018,"lastBolusTime":1702971782316,"time":"2023-12-19T10:39:59.339Z","iobWithZeroTemp":{"iob":-0.256,"basaliob":-0.363,"bolussnooze":0,"activity":-0.002,"lastBolusTime":1702971782316,"time":"2023-12-19T10:39:59.339Z"}},{"iob":0.073,"basaliob":-0.023,"bolussnooze":0,"activity":0.0017,"lastBolusTime":1702971782316,"time":"2023-12-19T10:44:59.339Z","iobWithZeroTemp":{"iob":-0.266,"basaliob":-0.362,"bolussnooze":0,"activity":-0.0021,"lastBolusTime":1702971782316,"time":"2023-12-19T10:44:59.339Z"}},{"iob":0.065,"basaliob":-0.021,"bolussnooze":0,"activity":0.0015,"lastBolusTime":1702971782316,"time":"2023-12-19T10:49:59.339Z","iobWithZeroTemp":{"iob":-0.275,"basaliob":-0.361,"bolussnooze":0,"activity":-0.0024,"lastBolusTime":1702971782316,"time":"2023-12-19T10:49:59.339Z"}},{"iob":0.059,"basaliob":-0.018,"bolussnooze":0,"activity":0.0014,"lastBolusTime":1702971782316,"time":"2023-12-19T10:54:59.339Z","iobWithZeroTemp":{"iob":-0.283,"basaliob":-0.36,"bolussnooze":0,"activity":-0.0025,"lastBolusTime":1702971782316,"time":"2023-12-19T10:54:59.339Z"}},{"iob":0.052,"basaliob":-0.016,"bolussnooze":0,"activity":0.0012,"lastBolusTime":1702971782316,"time":"2023-12-19T10:59:59.339Z","iobWithZeroTemp":{"iob":-0.291,"basaliob":-0.359,"bolussnooze":0,"activity":-0.0027,"lastBolusTime":1702971782316,"time":"2023-12-19T10:59:59.339Z"}},{"iob":0.046,"basaliob":-0.014,"bolussnooze":0,"activity":0.0011,"lastBolusTime":1702971782316,"time":"2023-12-19T11:04:59.339Z","iobWithZeroTemp":{"iob":-0.302,"basaliob":-0.362,"bolussnooze":0,"activity":-0.0029,"lastBolusTime":1702971782316,"time":"2023-12-19T11:04:59.339Z"}},{"iob":0.041,"basaliob":-0.013,"bolussnooze":0,"activity":0.001,"lastBolusTime":1702971782316,"time":"2023-12-19T11:09:59.339Z","iobWithZeroTemp":{"iob":-0.312,"basaliob":-0.366,"bolussnooze":0,"activity":-0.003,"lastBolusTime":1702971782316,"time":"2023-12-19T11:09:59.339Z"}},{"iob":0.036,"basaliob":-0.011,"bolussnooze":0,"activity":9.0E-4,"lastBolusTime":1702971782316,"time":"2023-12-19T11:14:59.339Z","iobWithZeroTemp":{"iob":-0.322,"basaliob":-0.369,"bolussnooze":0,"activity":-0.0032,"lastBolusTime":1702971782316,"time":"2023-12-19T11:14:59.339Z"}},{"iob":0.032,"basaliob":-0.01,"bolussnooze":0,"activity":8.0E-4,"lastBolusTime":1702971782316,"time":"2023-12-19T11:19:59.339Z","iobWithZeroTemp":{"iob":-0.331,"basaliob":-0.373,"bolussnooze":0,"activity":-0.0033,"lastBolusTime":1702971782316,"time":"2023-12-19T11:19:59.339Z"}},{"iob":0.028,"basaliob":-0.009,"bolussnooze":0,"activity":8.0E-4,"lastBolusTime":1702971782316,"time":"2023-12-19T11:24:59.339Z","iobWithZeroTemp":{"iob":-0.339,"basaliob":-0.376,"bolussnooze":0,"activity":-0.0033,"lastBolusTime":1702971782316,"time":"2023-12-19T11:24:59.339Z"}},{"iob":0.024,"basaliob":-0.008,"bolussnooze":0,"activity":7.0E-4,"lastBolusTime":1702971782316,"time":"2023-12-19T11:29:59.339Z","iobWithZeroTemp":{"iob":-0.347,"basaliob":-0.379,"bolussnooze":0,"activity":-0.0035,"lastBolusTime":1702971782316,"time":"2023-12-19T11:29:59.339Z"}},{"iob":0.021,"basaliob":-0.007,"bolussnooze":0,"activity":6.0E-4,"lastBolusTime":1702971782316,"time":"2023-12-19T11:34:59.339Z","iobWithZeroTemp":{"iob":-0.354,"basaliob":-0.382,"bolussnooze":0,"activity":-0.0036,"lastBolusTime":1702971782316,"time":"2023-12-19T11:34:59.339Z"}},{"iob":0.019,"basaliob":-0.006,"bolussnooze":0,"activity":5.0E-4,"lastBolusTime":1702971782316,"time":"2023-12-19T11:39:59.339Z","iobWithZeroTemp":{"iob":-0.36,"basaliob":-0.385,"bolussnooze":0,"activity":-0.0038,"lastBolusTime":1702971782316,"time":"2023-12-19T11:39:59.339Z"}},{"iob":0.016,"basaliob":-0.005,"bolussnooze":0,"activity":5.0E-4,"lastBolusTime":1702971782316,"time":"2023-12-19T11:44:59.339Z","iobWithZeroTemp":{"iob":-0.366,"basaliob":-0.387,"bolussnooze":0,"activity":-0.0038,"lastBolusTime":1702971782316,"time":"2023-12-19T11:44:59.339Z"}},{"iob":0.014,"basaliob":-0.004,"bolussnooze":0,"activity":4.0E-4,"lastBolusTime":1702971782316,"time":"2023-12-19T11:49:59.339Z","iobWithZeroTemp":{"iob":-0.372,"basaliob":-0.39,"bolussnooze":0,"activity":-0.004,"lastBolusTime":1702971782316,"time":"2023-12-19T11:49:59.339Z"}},{"iob":0.012,"basaliob":-0.004,"bolussnooze":0,"activity":4.0E-4,"lastBolusTime":1702971782316,"time":"2023-12-19T11:54:59.339Z","iobWithZeroTemp":{"iob":-0.377,"basaliob":-0.393,"bolussnooze":0,"activity":-0.004,"lastBolusTime":1702971782316,"time":"2023-12-19T11:54:59.339Z"}},{"iob":0.011,"basaliob":-0.003,"bolussnooze":0,"activity":3.0E-4,"lastBolusTime":1702971782316,"time":"2023-12-19T11:59:59.339Z","iobWithZeroTemp":{"iob":-0.381,"basaliob":-0.395,"bolussnooze":0,"activity":-0.0042,"lastBolusTime":1702971782316,"time":"2023-12-19T11:59:59.339Z"}},{"iob":0.009,"basaliob":-0.003,"bolussnooze":0,"activity":3.0E-4,"lastBolusTime":1702971782316,"time":"2023-12-19T12:04:59.339Z","iobWithZeroTemp":{"iob":-0.385,"basaliob":-0.397,"bolussnooze":0,"activity":-0.0042,"lastBolusTime":1702971782316,"time":"2023-12-19T12:04:59.339Z"}},{"iob":0.008,"basaliob":-0.002,"bolussnooze":0,"activity":2.0E-4,"lastBolusTime":1702971782316,"time":"2023-12-19T12:09:59.339Z","iobWithZeroTemp":{"iob":-0.389,"basaliob":-0.399,"bolussnooze":0,"activity":-0.0043,"lastBolusTime":1702971782316,"time":"2023-12-19T12:09:59.339Z"}},{"iob":0.006,"basaliob":-0.002,"bolussnooze":0,"activity":2.0E-4,"lastBolusTime":1702971782316,"time":"2023-12-19T12:14:59.339Z","iobWithZeroTemp":{"iob":-0.393,"basaliob":-0.401,"bolussnooze":0,"activity":-0.0044,"lastBolusTime":1702971782316,"time":"2023-12-19T12:14:59.339Z"}}],"profile":{"max_iob":10,"type":"current","max_daily_basal":0.4,"max_basal":1.2,"min_bg":90,"max_bg":90,"target_bg":90,"carb_ratio":8.8,"sens":120,"max_daily_safety_multiplier":3,"current_basal_safety_multiplier":4,"lgsThreshold":95,"high_temptarget_raises_sensitivity":true,"low_temptarget_lowers_sensitivity":true,"sensitivity_raises_target":true,"resistance_lowers_target":true,"adv_target_adjustments":false,"exercise_mode":false,"half_basal_exercise_target":160,"maxCOB":120,"skip_neutral_temps":false,"remainingCarbsCap":90,"enableUAM":true,"A52_risk_enable":false,"SMBInterval":5,"enableSMB_with_COB":true,"enableSMB_with_temptarget":true,"allowSMB_with_high_temptarget":false,"enableSMB_always":false,"enableSMB_after_carbs":true,"maxSMBBasalMinutes":30,"maxUAMSMBBasalMinutes":40,"bolus_increment":0.05,"carbsReqThreshold":4,"current_basal":0.35,"temptargetSet":false,"autosens_max":1.3,"autosens_min":0.7,"variable_sens":110.8,"insulinDivisor":75,"TDD":15.772110714285711},"autosens_data":{"ratio":0.6798447513313477},"meal_data":{"carbs":10,"mealCOB":6.622266666666665,"slopeFromMaxDeviation":-0.6023333333333334,"slopeFromMinDeviation":1.2704285714285715,"lastBolusTime":1702971782316,"lastCarbTime":1702971775955},"microBolusAllowed":true,"currentTime":1702974000797,"flatBGsDetected":false,"tdd1D":16.220833333333324,"tdd7D":19.783928571428568,"tddLast24H":13.45,"tddLast4H":2.2625,"tddLast8to4H":0.9375000000000001},"output":{"temp":"absolute","bg":135,"tick":"+3","eventualBG":114,"targetBG":104,"insulinReq":-0.03,"deliverAt":"2023-12-19T08:20:00.797Z","sensitivityRatio":0.6798447513313477,"variable_sens":110.8,"predBGs":{"IOB":[135,137,138,139,139,139,138,137,135,132,129,126,122,118,114,111,108,104,101,99,96,94,91,89,87,85,83,82,80,79,77,76,75,74,73,72,71,71,70,69,69,69,68,68,67],"ZT":[135,130,124,119,113,108,103,97,92,88,83,79,75,72,69,66,64,62,60,59,58,58,58,59,59,60,62,63,65,66,68,70,73,75,77,80,82,85,87,90,92,95,98,100,103],"COB":[135,137,139,141,142,143,144,144,144,144,144,144,144,143,143,142,141,140,138,137,135,133,131,129,128,126,125,124,123,122,121,120,119,119,118,118,117,117,116,116,115,115,115,115,114],"UAM":[135,137,139,140,140,140,139,138,137,135,133,130,127,123,120,116,113,110,107,104,102,99,97,95,93,91,90,88,87,85,84,83,82,81,80,79,78,78,77,77,76,76,75,75,75,74]},"reason":"COB: 6.6, Dev: 48, BGI: -5, ISF: 111, CR: 8.8, Target: 104, minPredBG 100, minGuardBG 100, IOBpredBG 67, COBpredBG 114, UAMpredBG 74; Eventual BG 114 >= 104,  insulinReq -0.03; setting 60m low temp of 0U\/h. ","COB":6.622266666666665,"IOB":0.889,"rate":0,"duration":60,"timestamp":"2023-12-19T08:20:00.829Z"}}