{"algorithm":"OpenAPSSMBDynamicISFPlugin","input":{"glucoseStatus":{"glucose":178,"noise":0,"delta":-7.89,"short_avgdelta":-7.89,"long_avgdelta":-7.84,"date":1702883961000},"currenttemp":{"temp":"absolute","duration":100,"rate":0,"minutesrunning":20},"iob_data":[{"iob":1.734,"basaliob":0.266,"bolussnooze":0.5825,"activity":0.0216,"lastBolusTime":1702881935272,"time":"2023-12-18T07:19:55.777Z","iobWithZeroTemp":{"iob":1.734,"basaliob":0.266,"bolussnooze":0.5825,"activity":0.0216,"lastBolusTime":1702881935272,"time":"2023-12-18T07:19:55.777Z"}},{"iob":1.627,"basaliob":0.242,"bolussnooze":0.5016,"activity":0.0212,"lastBolusTime":1702881935272,"time":"2023-12-18T07:24:55.777Z","iobWithZeroTemp":{"iob":1.604,"basaliob":0.219,"bolussnooze":0.5016,"activity":0.0212,"lastBolusTime":1702881935272,"time":"2023-12-18T07:24:55.777Z"}},{"iob":1.522,"basaliob":0.22,"bolussnooze":0.4282,"activity":0.0207,"lastBolusTime":1702881935272,"time":"2023-12-18T07:29:55.777Z","iobWithZeroTemp":{"iob":1.47,"basaliob":0.168,"bolussnooze":0.4282,"activity":0.0206,"lastBolusTime":1702881935272,"time":"2023-12-18T07:29:55.777Z"}},{"iob":1.421,"basaliob":0.2,"bolussnooze":0.3628,"activity":0.0201,"lastBolusTime":1702881935272,"time":"2023-12-18T07:34:55.777Z","iobWithZeroTemp":{"iob":1.34,"basaliob":0.119,"bolussnooze":0.3628,"activity":0.0199,"lastBolusTime":1702881935272,"time":"2023-12-18T07:34:55.777Z"}},{"iob":1.322,"basaliob":0.181,"bolussnooze":0.3052,"activity":0.0193,"lastBolusTime":1702881935272,"time":"2023-12-18T07:39:55.777Z","iobWithZeroTemp":{"iob":1.214,"basaliob":0.073,"bolussnooze":0.3052,"activity":0.0189,"lastBolusTime":1702881935272,"time":"2023-12-18T07:39:55.777Z"}},{"iob":1.227,"basaliob":0.164,"bolussnooze":0.255,"activity":0.0185,"lastBolusTime":1702881935272,"time":"2023-12-18T07:44:55.777Z","iobWithZeroTemp":{"iob":1.092,"basaliob":0.029,"bolussnooze":0.255,"activity":0.0179,"lastBolusTime":1702881935272,"time":"2023-12-18T07:44:55.777Z"}},{"iob":1.137,"basaliob":0.148,"bolussnooze":0.2116,"activity":0.0176,"lastBolusTime":1702881935272,"time":"2023-12-18T07:49:55.777Z","iobWithZeroTemp":{"iob":0.977,"basaliob":-0.012,"bolussnooze":0.2116,"activity":0.0168,"lastBolusTime":1702881935272,"time":"2023-12-18T07:49:55.777Z"}},{"iob":1.051,"basaliob":0.134,"bolussnooze":0.1746,"activity":0.0168,"lastBolusTime":1702881935272,"time":"2023-12-18T07:54:55.777Z","iobWithZeroTemp":{"iob":0.866,"basaliob":-0.051,"bolussnooze":0.1746,"activity":0.0157,"lastBolusTime":1702881935272,"time":"2023-12-18T07:54:55.777Z"}},{"iob":0.97,"basaliob":0.121,"bolussnooze":0.1431,"activity":0.0158,"lastBolusTime":1702881935272,"time":"2023-12-18T07:59:55.777Z","iobWithZeroTemp":{"iob":0.762,"basaliob":-0.087,"bolussnooze":0.1431,"activity":0.0145,"lastBolusTime":1702881935272,"time":"2023-12-18T07:59:55.777Z"}},{"iob":0.893,"basaliob":0.109,"bolussnooze":0.1166,"activity":0.0149,"lastBolusTime":1702881935272,"time":"2023-12-18T08:04:55.777Z","iobWithZeroTemp":{"iob":0.663,"basaliob":-0.121,"bolussnooze":0.1166,"activity":0.0133,"lastBolusTime":1702881935272,"time":"2023-12-18T08:04:55.777Z"}},{"iob":0.821,"basaliob":0.098,"bolussnooze":0.0943,"activity":0.014,"lastBolusTime":1702881935272,"time":"2023-12-18T08:09:55.777Z","iobWithZeroTemp":{"iob":0.57,"basaliob":-0.153,"bolussnooze":0.0943,"activity":0.0122,"lastBolusTime":1702881935272,"time":"2023-12-18T08:09:55.777Z"}},{"iob":0.753,"basaliob":0.088,"bolussnooze":0.0758,"activity":0.0131,"lastBolusTime":1702881935272,"time":"2023-12-18T08:14:55.777Z","iobWithZeroTemp":{"iob":0.483,"basaliob":-0.182,"bolussnooze":0.0758,"activity":0.011,"lastBolusTime":1702881935272,"time":"2023-12-18T08:14:55.777Z"}},{"iob":0.69,"basaliob":0.079,"bolussnooze":0.0605,"activity":0.0122,"lastBolusTime":1702881935272,"time":"2023-12-18T08:19:55.777Z","iobWithZeroTemp":{"iob":0.401,"basaliob":-0.21,"bolussnooze":0.0605,"activity":0.0099,"lastBolusTime":1702881935272,"time":"2023-12-18T08:19:55.777Z"}},{"iob":0.63,"basaliob":0.07,"bolussnooze":0.0479,"activity":0.0114,"lastBolusTime":1702881935272,"time":"2023-12-18T08:24:55.777Z","iobWithZeroTemp":{"iob":0.324,"basaliob":-0.236,"bolussnooze":0.0479,"activity":0.0089,"lastBolusTime":1702881935272,"time":"2023-12-18T08:24:55.777Z"}},{"iob":0.576,"basaliob":0.063,"bolussnooze":0.0376,"activity":0.0106,"lastBolusTime":1702881935272,"time":"2023-12-18T08:29:55.777Z","iobWithZeroTemp":{"iob":0.254,"basaliob":-0.259,"bolussnooze":0.0376,"activity":0.0078,"lastBolusTime":1702881935272,"time":"2023-12-18T08:29:55.777Z"}},{"iob":0.525,"basaliob":0.056,"bolussnooze":0.0293,"activity":0.0098,"lastBolusTime":1702881935272,"time":"2023-12-18T08:34:55.777Z","iobWithZeroTemp":{"iob":0.189,"basaliob":-0.28,"bolussnooze":0.0293,"activity":0.0068,"lastBolusTime":1702881935272,"time":"2023-12-18T08:34:55.777Z"}},{"iob":0.478,"basaliob":0.05,"bolussnooze":0.0225,"activity":0.0091,"lastBolusTime":1702881935272,"time":"2023-12-18T08:39:55.777Z","iobWithZeroTemp":{"iob":0.128,"basaliob":-0.3,"bolussnooze":0.0225,"activity":0.0059,"lastBolusTime":1702881935272,"time":"2023-12-18T08:39:55.777Z"}},{"iob":0.433,"basaliob":0.044,"bolussnooze":0.0171,"activity":0.0084,"lastBolusTime":1702881935272,"time":"2023-12-18T08:44:55.777Z","iobWithZeroTemp":{"iob":0.07,"basaliob":-0.319,"bolussnooze":0.0171,"activity":0.005,"lastBolusTime":1702881935272,"time":"2023-12-18T08:44:55.777Z"}},{"iob":0.393,"basaliob":0.039,"bolussnooze":0.0129,"activity":0.0078,"lastBolusTime":1702881935272,"time":"2023-12-18T08:49:55.777Z","iobWithZeroTemp":{"iob":0.018,"basaliob":-0.336,"bolussnooze":0.0129,"activity":0.0042,"lastBolusTime":1702881935272,"time":"2023-12-18T08:49:55.777Z"}},{"iob":0.357,"basaliob":0.035,"bolussnooze":0.0095,"activity":0.0072,"lastBolusTime":1702881935272,"time":"2023-12-18T08:54:55.777Z","iobWithZeroTemp":{"iob":-0.028,"basaliob":-0.35,"bolussnooze":0.0095,"activity":0.0034,"lastBolusTime":1702881935272,"time":"2023-12-18T08:54:55.777Z"}},{"iob":0.323,"basaliob":0.031,"bolussnooze":0.0069,"activity":0.0066,"lastBolusTime":1702881935272,"time":"2023-12-18T08:59:55.777Z","iobWithZeroTemp":{"iob":-0.072,"basaliob":-0.364,"bolussnooze":0.0069,"activity":0.0027,"lastBolusTime":1702881935272,"time":"2023-12-18T08:59:55.777Z"}},{"iob":0.291,"basaliob":0.027,"bolussnooze":0.0049,"activity":0.006,"lastBolusTime":1702881935272,"time":"2023-12-18T09:04:55.777Z","iobWithZeroTemp":{"iob":-0.105,"basaliob":-0.369,"bolussnooze":0.0049,"activity":0.0019,"lastBolusTime":1702881935272,"time":"2023-12-18T09:04:55.777Z"}},{"iob":0.262,"basaliob":0.024,"bolussnooze":0.0033,"activity":0.0055,"lastBolusTime":1702881935272,"time":"2023-12-18T09:09:55.777Z","iobWithZeroTemp":{"iob":-0.135,"basaliob":-0.373,"bolussnooze":0.0033,"activity":0.0013,"lastBolusTime":1702881935272,"time":"2023-12-18T09:09:55.777Z"}},{"iob":0.236,"basaliob":0.021,"bolussnooze":0.0022,"activity":0.0051,"lastBolusTime":1702881935272,"time":"2023-12-18T09:14:55.777Z","iobWithZeroTemp":{"iob":-0.16,"basaliob":-0.375,"bolussnooze":0.0022,"activity":8.0E-4,"lastBolusTime":1702881935272,"time":"2023-12-18T09:14:55.777Z"}},{"iob":0.212,"basaliob":0.018,"bolussnooze":0.0014,"activity":0.0046,"lastBolusTime":1702881935272,"time":"2023-12-18T09:19:55.777Z","iobWithZeroTemp":{"iob":-0.184,"basaliob":-0.378,"bolussnooze":0.0014,"activity":2.0E-4,"lastBolusTime":1702881935272,"time":"2023-12-18T09:19:55.777Z"}},{"iob":0.19,"basaliob":0.016,"bolussnooze":8.0E-4,"activity":0.0041,"lastBolusTime":1702881935272,"time":"2023-12-18T09:24:55.777Z","iobWithZeroTemp":{"iob":-0.205,"basaliob":-0.379,"bolussnooze":8.0E-4,"activity":-3.0E-4,"lastBolusTime":1702881935272,"time":"2023-12-18T09:24:55.777Z"}},{"iob":0.17,"basaliob":0.014,"bolussnooze":4.0E-4,"activity":0.0038,"lastBolusTime":1702881935272,"time":"2023-12-18T09:29:55.777Z","iobWithZeroTemp":{"iob":-0.223,"basaliob":-0.379,"bolussnooze":4.0E-4,"activity":-7.0E-4,"lastBolusTime":1702881935272,"time":"2023-12-18T09:29:55.777Z"}},{"iob":0.152,"basaliob":0.012,"bolussnooze":2.0E-4,"activity":0.0035,"lastBolusTime":1702881935272,"time":"2023-12-18T09:34:55.777Z","iobWithZeroTemp":{"iob":-0.24,"basaliob":-0.38,"bolussnooze":2.0E-4,"activity":-0.001,"lastBolusTime":1702881935272,"time":"2023-12-18T09:34:55.777Z"}},{"iob":0.135,"basaliob":0.01,"bolussnooze":0,"activity":0.0031,"lastBolusTime":1702881935272,"time":"2023-12-18T09:39:55.777Z","iobWithZeroTemp":{"iob":-0.255,"basaliob":-0.38,"bolussnooze":0,"activity":-0.0014,"lastBolusTime":1702881935272,"time":"2023-12-18T09:39:55.777Z"}},{"iob":0.121,"basaliob":0.009,"bolussnooze":0,"activity":0.0029,"lastBolusTime":1702881935272,"time":"2023-12-18T09:44:55.777Z","iobWithZeroTemp":{"iob":-0.267,"basaliob":-0.379,"bolussnooze":0,"activity":-0.0016,"lastBolusTime":1702881935272,"time":"2023-12-18T09:44:55.777Z"}},{"iob":0.107,"basaliob":0.007,"bolussnooze":0,"activity":0.0025,"lastBolusTime":1702881935272,"time":"2023-12-18T09:49:55.777Z","iobWithZeroTemp":{"iob":-0.279,"basaliob":-0.379,"bolussnooze":0,"activity":-0.0021,"lastBolusTime":1702881935272,"time":"2023-12-18T09:49:55.777Z"}},{"iob":0.095,"basaliob":0.006,"bolussnooze":0,"activity":0.0023,"lastBolusTime":1702881935272,"time":"2023-12-18T09:54:55.777Z","iobWithZeroTemp":{"iob":-0.289,"basaliob":-0.378,"bolussnooze":0,"activity":-0.0023,"lastBolusTime":1702881935272,"time":"2023-12-18T09:54:55.777Z"}},{"iob":0.084,"basaliob":0.005,"bolussnooze":0,"activity":0.0021,"lastBolusTime":1702881935272,"time":"2023-12-18T09:59:55.777Z","iobWithZeroTemp":{"iob":-0.298,"basaliob":-0.377,"bolussnooze":0,"activity":-0.0025,"lastBolusTime":1702881935272,"time":"2023-12-18T09:59:55.777Z"}},{"iob":0.074,"basaliob":0.004,"bolussnooze":0,"activity":0.0019,"lastBolusTime":1702881935272,"time":"2023-12-18T10:04:55.777Z","iobWithZeroTemp":{"iob":-0.306,"basaliob":-0.376,"bolussnooze":0,"activity":-0.0027,"lastBolusTime":1702881935272,"time":"2023-12-18T10:04:55.777Z"}},{"iob":0.066,"basaliob":0.004,"bolussnooze":0,"activity":0.0016,"lastBolusTime":1702881935272,"time":"2023-12-18T10:09:55.777Z","iobWithZeroTemp":{"iob":-0.313,"basaliob":-0.375,"bolussnooze":0,"activity":-0.0029,"lastBolusTime":1702881935272,"time":"2023-12-18T10:09:55.777Z"}},{"iob":0.057,"basaliob":0.003,"bolussnooze":0,"activity":0.0015,"lastBolusTime":1702881935272,"time":"2023-12-18T10:14:55.777Z","iobWithZeroTemp":{"iob":-0.32,"basaliob":-0.374,"bolussnooze":0,"activity":-0.003,"lastBolusTime":1702881935272,"time":"2023-12-18T10:14:55.777Z"}},{"iob":0.05,"basaliob":0.002,"bolussnooze":0,"activity":0.0013,"lastBolusTime":1702881935272,"time":"2023-12-18T10:19:55.777Z","iobWithZeroTemp":{"iob":-0.325,"basaliob":-0.373,"bolussnooze":0,"activity":-0.0032,"lastBolusTime":1702881935272,"time":"2023-12-18T10:19:55.777Z"}},{"iob":0.044,"basaliob":0.002,"bolussnooze":0,"activity":0.0012,"lastBolusTime":1702881935272,"time":"2023-12-18T10:24:55.777Z","iobWithZeroTemp":{"iob":-0.329,"basaliob":-0.371,"bolussnooze":0,"activity":-0.0033,"lastBolusTime":1702881935272,"time":"2023-12-18T10:24:55.777Z"}},{"iob":0.038,"basaliob":0.001,"bolussnooze":0,"activity":0.0011,"lastBolusTime":1702881935272,"time":"2023-12-18T10:29:55.777Z","iobWithZeroTemp":{"iob":-0.334,"basaliob":-0.371,"bolussnooze":0,"activity":-0.0034,"lastBolusTime":1702881935272,"time":"2023-12-18T10:29:55.777Z"}},{"iob":0.033,"basaliob":0.001,"bolussnooze":0,"activity":0.001,"lastBolusTime":1702881935272,"time":"2023-12-18T10:34:55.777Z","iobWithZeroTemp":{"iob":-0.337,"basaliob":-0.369,"bolussnooze":0,"activity":-0.0035,"lastBolusTime":1702881935272,"time":"2023-12-18T10:34:55.777Z"}},{"iob":0.029,"basaliob":0.001,"bolussnooze":0,"activity":9.0E-4,"lastBolusTime":1702881935272,"time":"2023-12-18T10:39:55.777Z","iobWithZeroTemp":{"iob":-0.34,"basaliob":-0.368,"bolussnooze":0,"activity":-0.0036,"lastBolusTime":1702881935272,"time":"2023-12-18T10:39:55.777Z"}},{"iob":0.024,"basaliob":0,"bolussnooze":0,"activity":7.0E-4,"lastBolusTime":1702881935272,"time":"2023-12-18T10:44:55.777Z","iobWithZeroTemp":{"iob":-0.343,"basaliob":-0.367,"bolussnooze":0,"activity":-0.0037,"lastBolusTime":1702881935272,"time":"2023-12-18T10:44:55.777Z"}},{"iob":0.021,"basaliob":0,"bolussnooze":0,"activity":6.0E-4,"lastBolusTime":1702881935272,"time":"2023-12-18T10:49:55.777Z","iobWithZeroTemp":{"iob":-0.345,"basaliob":-0.366,"bolussnooze":0,"activity":-0.0038,"lastBolusTime":1702881935272,"time":"2023-12-18T10:49:55.777Z"}},{"iob":0.018,"basaliob":0,"bolussnooze":0,"activity":5.0E-4,"lastBolusTime":1702881935272,"time":"2023-12-18T10:54:55.777Z","iobWithZeroTemp":{"iob":-0.347,"basaliob":-0.365,"bolussnooze":0,"activity":-0.0039,"lastBolusTime":1702881935272,"time":"2023-12-18T10:54:55.777Z"}},{"iob":0.015,"basaliob":0,"bolussnooze":0,"activity":5.0E-4,"lastBolusTime":1702881935272,"time":"2023-12-18T10:59:55.777Z","iobWithZeroTemp":{"iob":-0.348,"basaliob":-0.363,"bolussnooze":0,"activity":-0.0039,"lastBolusTime":1702881935272,"time":"2023-12-18T10:59:55.777Z"}},{"iob":0.013,"basaliob":0,"bolussnooze":0,"activity":4.0E-4,"lastBolusTime":1702881935272,"time":"2023-12-18T11:04:55.777Z","iobWithZeroTemp":{"iob":-0.353,"basaliob":-0.366,"bolussnooze":0,"activity":-0.004,"lastBolusTime":1702881935272,"time":"2023-12-18T11:04:55.777Z"}},{"iob":0.011,"basaliob":0,"bolussnooze":0,"activity":4.0E-4,"lastBolusTime":1702881935272,"time":"2023-12-18T11:09:55.777Z","iobWithZeroTemp":{"iob":-0.359,"basaliob":-0.37,"bolussnooze":0,"activity":-0.004,"lastBolusTime":1702881935272,"time":"2023-12-18T11:09:55.777Z"}},{"iob":0.009,"basaliob":0,"bolussnooze":0,"activity":3.0E-4,"lastBolusTime":1702881935272,"time":"2023-12-18T11:14:55.777Z","iobWithZeroTemp":{"iob":-0.364,"basaliob":-0.373,"bolussnooze":0,"activity":-0.0041,"lastBolusTime":1702881935272,"time":"2023-12-18T11:14:55.777Z"}}],"profile":{"max_iob":10,"type":"current","max_daily_basal":0.4,"max_basal":1.2,"min_bg":90,"max_bg":90,"target_bg":90,"carb_ratio":8.5,"sens":120,"max_daily_safety_multiplier":3,"current_basal_safety_multiplier":4,"lgsThreshold":95,"high_temptarget_raises_sensitivity":true,"low_temptarget_lowers_sensitivity":true,"sensitivity_raises_target":true,"resistance_lowers_target":true,"adv_target_adjustments":false,"exercise_mode":false,"half_basal_exercise_target":160,"maxCOB":120,"skip_neutral_temps":false,"remainingCarbsCap":90,"enableUAM":true,"A52_risk_enable":false,"SMBInterval":6,"enableSMB_with_COB":true,"enableSMB_with_temptarget":true,"allowSMB_with_high_temptarget":false,"enableSMB_always":false,"enableSMB_after_carbs":true,"maxSMBBasalMinutes":30,"maxUAMSMBBasalMinutes":40,"bolus_increment":0.05,"carbsReqThreshold":4,"current_basal":0.35,"temptargetSet":true,"autosens_max":1.3,"autosens_min":0.7,"variable_sens":95.4,"insulinDivisor":75,"TDD":15.521538333333334},"autosens_data":{"ratio":0.9480793933617866},"meal_data":{"carbs":0,"mealCOB":0,"slopeFromMaxDeviation":-2.1052,"slopeFromMinDeviation":0.17999999999999966,"lastBolusTime":1702881935272,"lastCarbTime":0},"microBolusAllowed":true,"currentTime":1702883996646,"flatBGsDetected":false,"tdd1D":16.272499999999997,"tdd7D":20.110833333333336,"tddLast24H":19.066666666666666,"tddLast4H":3.9833333333333343,"tddLast8to4H":0.8958333333333333},"output":{"temp":"absolute","bg":178,"tick":-8,"eventualBG":39,"targetBG":90,"insulinReq":0,"deliverAt":"2023-12-18T07:19:56.646Z","sensitivityRatio":1.2,"variable_sens":95.4,"predBGs":{"IOB":[178,170,162,153,144,135,126,116,107,97,87,77,66,55,43,39],"ZT":[178,168,157,147,136,125,115,104,94,84,73,63,52,42,39,39,39,39,39,39,39,39,39,39,39,39,39,39,39,39,39,39,39,39,39,39,39,39,39,39,39,39,39,39,42,47,52,56],"UAM":[178,168,158,147,136,125,114,103,92,81,69,56,43,39]},"reason":"COB: 0, Dev: 14, BGI: -10, ISF: 95, CR: 8.5, Target: 90, minPredBG -25, minGuardBG -153, IOBpredBG 39, UAMpredBG 39; minGuardBG -153<95","COB":0,"IOB":1.734,"duration":120,"rate":0,"timestamp":"2023-12-18T07:19:56.659Z"}}