{"algorithm":"OpenAPSSMBDynamicISFPlugin","input":{"glucoseStatus":{"glucose":92,"noise":0,"delta":0.5,"short_avgdelta":0.5,"long_avgdelta":-0.78,"date":1702941862000},"currenttemp":{"temp":"absolute","duration":25,"rate":0,"minutesrunning":95},"iob_data":[{"iob":-0.14,"basaliob":-0.277,"bolussnooze":0,"activity":1.0E-4,"lastBolusTime":1702935600626,"time":"2023-12-18T23:24:53.814Z","iobWithZeroTemp":{"iob":-0.14,"basaliob":-0.277,"bolussnooze":0,"activity":1.0E-4,"lastBolusTime":1702935600626,"time":"2023-12-18T23:24:53.814Z"}},{"iob":-0.139,"basaliob":-0.263,"bolussnooze":0,"activity":-2.0E-4,"lastBolusTime":1702935600626,"time":"2023-12-18T23:29:53.814Z","iobWithZeroTemp":{"iob":-0.156,"basaliob":-0.28,"bolussnooze":0,"activity":-2.0E-4,"lastBolusTime":1702935600626,"time":"2023-12-18T23:29:53.814Z"}},{"iob":-0.136,"basaliob":-0.249,"bolussnooze":0,"activity":-5.0E-4,"lastBolusTime":1702935600626,"time":"2023-12-18T23:34:53.814Z","iobWithZeroTemp":{"iob":-0.173,"basaliob":-0.286,"bolussnooze":0,"activity":-6.0E-4,"lastBolusTime":1702935600626,"time":"2023-12-18T23:34:53.814Z"}},{"iob":-0.133,"basaliob":-0.235,"bolussnooze":0,"activity":-7.0E-4,"lastBolusTime":1702935600626,"time":"2023-12-18T23:39:53.814Z","iobWithZeroTemp":{"iob":-0.191,"basaliob":-0.293,"bolussnooze":0,"activity":-9.0E-4,"lastBolusTime":1702935600626,"time":"2023-12-18T23:39:53.814Z"}},{"iob":-0.129,"basaliob":-0.221,"bolussnooze":0,"activity":-9.0E-4,"lastBolusTime":1702935600626,"time":"2023-12-18T23:44:53.814Z","iobWithZeroTemp":{"iob":-0.206,"basaliob":-0.298,"bolussnooze":0,"activity":-0.0012,"lastBolusTime":1702935600626,"time":"2023-12-18T23:44:53.814Z"}},{"iob":-0.125,"basaliob":-0.208,"bolussnooze":0,"activity":-0.001,"lastBolusTime":1702935600626,"time":"2023-12-18T23:49:53.814Z","iobWithZeroTemp":{"iob":-0.221,"basaliob":-0.304,"bolussnooze":0,"activity":-0.0014,"lastBolusTime":1702935600626,"time":"2023-12-18T23:49:53.814Z"}},{"iob":-0.119,"basaliob":-0.194,"bolussnooze":0,"activity":-0.0011,"lastBolusTime":1702935600626,"time":"2023-12-18T23:54:53.814Z","iobWithZeroTemp":{"iob":-0.233,"basaliob":-0.308,"bolussnooze":0,"activity":-0.0017,"lastBolusTime":1702935600626,"time":"2023-12-18T23:54:53.814Z"}},{"iob":-0.114,"basaliob":-0.181,"bolussnooze":0,"activity":-0.0012,"lastBolusTime":1702935600626,"time":"2023-12-18T23:59:53.814Z","iobWithZeroTemp":{"iob":-0.246,"basaliob":-0.313,"bolussnooze":0,"activity":-0.002,"lastBolusTime":1702935600626,"time":"2023-12-18T23:59:53.814Z"}},{"iob":-0.108,"basaliob":-0.168,"bolussnooze":0,"activity":-0.0012,"lastBolusTime":1702935600626,"time":"2023-12-19T00:04:53.814Z","iobWithZeroTemp":{"iob":-0.257,"basaliob":-0.317,"bolussnooze":0,"activity":-0.0021,"lastBolusTime":1702935600626,"time":"2023-12-19T00:04:53.814Z"}},{"iob":-0.102,"basaliob":-0.156,"bolussnooze":0,"activity":-0.0012,"lastBolusTime":1702935600626,"time":"2023-12-19T00:09:53.814Z","iobWithZeroTemp":{"iob":-0.266,"basaliob":-0.32,"bolussnooze":0,"activity":-0.0023,"lastBolusTime":1702935600626,"time":"2023-12-19T00:09:53.814Z"}},{"iob":-0.097,"basaliob":-0.145,"bolussnooze":0,"activity":-0.0012,"lastBolusTime":1702935600626,"time":"2023-12-19T00:14:53.814Z","iobWithZeroTemp":{"iob":-0.276,"basaliob":-0.324,"bolussnooze":0,"activity":-0.0025,"lastBolusTime":1702935600626,"time":"2023-12-19T00:14:53.814Z"}},{"iob":-0.091,"basaliob":-0.134,"bolussnooze":0,"activity":-0.0011,"lastBolusTime":1702935600626,"time":"2023-12-19T00:19:53.814Z","iobWithZeroTemp":{"iob":-0.284,"basaliob":-0.327,"bolussnooze":0,"activity":-0.0026,"lastBolusTime":1702935600626,"time":"2023-12-19T00:19:53.814Z"}},{"iob":-0.084,"basaliob":-0.123,"bolussnooze":0,"activity":-0.0011,"lastBolusTime":1702935600626,"time":"2023-12-19T00:24:53.814Z","iobWithZeroTemp":{"iob":-0.29,"basaliob":-0.329,"bolussnooze":0,"activity":-0.0027,"lastBolusTime":1702935600626,"time":"2023-12-19T00:24:53.814Z"}},{"iob":-0.078,"basaliob":-0.113,"bolussnooze":0,"activity":-0.0011,"lastBolusTime":1702935600626,"time":"2023-12-19T00:29:53.814Z","iobWithZeroTemp":{"iob":-0.296,"basaliob":-0.331,"bolussnooze":0,"activity":-0.0029,"lastBolusTime":1702935600626,"time":"2023-12-19T00:29:53.814Z"}},{"iob":-0.073,"basaliob":-0.104,"bolussnooze":0,"activity":-0.0011,"lastBolusTime":1702935600626,"time":"2023-12-19T00:34:53.814Z","iobWithZeroTemp":{"iob":-0.303,"basaliob":-0.334,"bolussnooze":0,"activity":-0.0031,"lastBolusTime":1702935600626,"time":"2023-12-19T00:34:53.814Z"}},{"iob":-0.069,"basaliob":-0.096,"bolussnooze":0,"activity":-0.0011,"lastBolusTime":1702935600626,"time":"2023-12-19T00:39:53.814Z","iobWithZeroTemp":{"iob":-0.309,"basaliob":-0.336,"bolussnooze":0,"activity":-0.0032,"lastBolusTime":1702935600626,"time":"2023-12-19T00:39:53.814Z"}},{"iob":-0.063,"basaliob":-0.087,"bolussnooze":0,"activity":-0.001,"lastBolusTime":1702935600626,"time":"2023-12-19T00:44:53.814Z","iobWithZeroTemp":{"iob":-0.313,"basaliob":-0.337,"bolussnooze":0,"activity":-0.0033,"lastBolusTime":1702935600626,"time":"2023-12-19T00:44:53.814Z"}},{"iob":-0.058,"basaliob":-0.08,"bolussnooze":0,"activity":-9.0E-4,"lastBolusTime":1702935600626,"time":"2023-12-19T00:49:53.814Z","iobWithZeroTemp":{"iob":-0.317,"basaliob":-0.339,"bolussnooze":0,"activity":-0.0033,"lastBolusTime":1702935600626,"time":"2023-12-19T00:49:53.814Z"}},{"iob":-0.054,"basaliob":-0.073,"bolussnooze":0,"activity":-8.0E-4,"lastBolusTime":1702935600626,"time":"2023-12-19T00:54:53.814Z","iobWithZeroTemp":{"iob":-0.322,"basaliob":-0.341,"bolussnooze":0,"activity":-0.0034,"lastBolusTime":1702935600626,"time":"2023-12-19T00:54:53.814Z"}},{"iob":-0.049,"basaliob":-0.066,"bolussnooze":0,"activity":-8.0E-4,"lastBolusTime":1702935600626,"time":"2023-12-19T00:59:53.814Z","iobWithZeroTemp":{"iob":-0.324,"basaliob":-0.341,"bolussnooze":0,"activity":-0.0035,"lastBolusTime":1702935600626,"time":"2023-12-19T00:59:53.814Z"}},{"iob":-0.045,"basaliob":-0.06,"bolussnooze":0,"activity":-8.0E-4,"lastBolusTime":1702935600626,"time":"2023-12-19T01:04:53.814Z","iobWithZeroTemp":{"iob":-0.323,"basaliob":-0.338,"bolussnooze":0,"activity":-0.0036,"lastBolusTime":1702935600626,"time":"2023-12-19T01:04:53.814Z"}},{"iob":-0.042,"basaliob":-0.055,"bolussnooze":0,"activity":-8.0E-4,"lastBolusTime":1702935600626,"time":"2023-12-19T01:09:53.814Z","iobWithZeroTemp":{"iob":-0.323,"basaliob":-0.336,"bolussnooze":0,"activity":-0.0037,"lastBolusTime":1702935600626,"time":"2023-12-19T01:09:53.814Z"}},{"iob":-0.039,"basaliob":-0.05,"bolussnooze":0,"activity":-7.0E-4,"lastBolusTime":1702935600626,"time":"2023-12-19T01:14:53.814Z","iobWithZeroTemp":{"iob":-0.322,"basaliob":-0.333,"bolussnooze":0,"activity":-0.0037,"lastBolusTime":1702935600626,"time":"2023-12-19T01:14:53.814Z"}},{"iob":-0.035,"basaliob":-0.045,"bolussnooze":0,"activity":-6.0E-4,"lastBolusTime":1702935600626,"time":"2023-12-19T01:19:53.814Z","iobWithZeroTemp":{"iob":-0.319,"basaliob":-0.329,"bolussnooze":0,"activity":-0.0037,"lastBolusTime":1702935600626,"time":"2023-12-19T01:19:53.814Z"}},{"iob":-0.032,"basaliob":-0.041,"bolussnooze":0,"activity":-6.0E-4,"lastBolusTime":1702935600626,"time":"2023-12-19T01:24:53.814Z","iobWithZeroTemp":{"iob":-0.318,"basaliob":-0.327,"bolussnooze":0,"activity":-0.0037,"lastBolusTime":1702935600626,"time":"2023-12-19T01:24:53.814Z"}},{"iob":-0.029,"basaliob":-0.037,"bolussnooze":0,"activity":-6.0E-4,"lastBolusTime":1702935600626,"time":"2023-12-19T01:29:53.814Z","iobWithZeroTemp":{"iob":-0.316,"basaliob":-0.324,"bolussnooze":0,"activity":-0.0038,"lastBolusTime":1702935600626,"time":"2023-12-19T01:29:53.814Z"}},{"iob":-0.026,"basaliob":-0.033,"bolussnooze":0,"activity":-5.0E-4,"lastBolusTime":1702935600626,"time":"2023-12-19T01:34:53.814Z","iobWithZeroTemp":{"iob":-0.313,"basaliob":-0.32,"bolussnooze":0,"activity":-0.0037,"lastBolusTime":1702935600626,"time":"2023-12-19T01:34:53.814Z"}},{"iob":-0.024,"basaliob":-0.03,"bolussnooze":0,"activity":-4.0E-4,"lastBolusTime":1702935600626,"time":"2023-12-19T01:39:53.814Z","iobWithZeroTemp":{"iob":-0.312,"basaliob":-0.318,"bolussnooze":0,"activity":-0.0037,"lastBolusTime":1702935600626,"time":"2023-12-19T01:39:53.814Z"}},{"iob":-0.022,"basaliob":-0.027,"bolussnooze":0,"activity":-5.0E-4,"lastBolusTime":1702935600626,"time":"2023-12-19T01:44:53.814Z","iobWithZeroTemp":{"iob":-0.31,"basaliob":-0.315,"bolussnooze":0,"activity":-0.0038,"lastBolusTime":1702935600626,"time":"2023-12-19T01:44:53.814Z"}},{"iob":-0.02,"basaliob":-0.024,"bolussnooze":0,"activity":-4.0E-4,"lastBolusTime":1702935600626,"time":"2023-12-19T01:49:53.814Z","iobWithZeroTemp":{"iob":-0.309,"basaliob":-0.313,"bolussnooze":0,"activity":-0.0037,"lastBolusTime":1702935600626,"time":"2023-12-19T01:49:53.814Z"}},{"iob":-0.018,"basaliob":-0.022,"bolussnooze":0,"activity":-4.0E-4,"lastBolusTime":1702935600626,"time":"2023-12-19T01:54:53.814Z","iobWithZeroTemp":{"iob":-0.307,"basaliob":-0.311,"bolussnooze":0,"activity":-0.0037,"lastBolusTime":1702935600626,"time":"2023-12-19T01:54:53.814Z"}},{"iob":-0.016,"basaliob":-0.019,"bolussnooze":0,"activity":-3.0E-4,"lastBolusTime":1702935600626,"time":"2023-12-19T01:59:53.814Z","iobWithZeroTemp":{"iob":-0.305,"basaliob":-0.308,"bolussnooze":0,"activity":-0.0037,"lastBolusTime":1702935600626,"time":"2023-12-19T01:59:53.814Z"}},{"iob":-0.015,"basaliob":-0.017,"bolussnooze":0,"activity":-3.0E-4,"lastBolusTime":1702935600626,"time":"2023-12-19T02:04:53.814Z","iobWithZeroTemp":{"iob":-0.303,"basaliob":-0.305,"bolussnooze":0,"activity":-0.0037,"lastBolusTime":1702935600626,"time":"2023-12-19T02:04:53.814Z"}},{"iob":-0.013,"basaliob":-0.015,"bolussnooze":0,"activity":-3.0E-4,"lastBolusTime":1702935600626,"time":"2023-12-19T02:09:53.814Z","iobWithZeroTemp":{"iob":-0.301,"basaliob":-0.303,"bolussnooze":0,"activity":-0.0037,"lastBolusTime":1702935600626,"time":"2023-12-19T02:09:53.814Z"}},{"iob":-0.012,"basaliob":-0.014,"bolussnooze":0,"activity":-2.0E-4,"lastBolusTime":1702935600626,"time":"2023-12-19T02:14:53.814Z","iobWithZeroTemp":{"iob":-0.3,"basaliob":-0.302,"bolussnooze":0,"activity":-0.0036,"lastBolusTime":1702935600626,"time":"2023-12-19T02:14:53.814Z"}},{"iob":-0.011,"basaliob":-0.012,"bolussnooze":0,"activity":-2.0E-4,"lastBolusTime":1702935600626,"time":"2023-12-19T02:19:53.814Z","iobWithZeroTemp":{"iob":-0.299,"basaliob":-0.3,"bolussnooze":0,"activity":-0.0036,"lastBolusTime":1702935600626,"time":"2023-12-19T02:19:53.814Z"}},{"iob":-0.01,"basaliob":-0.011,"bolussnooze":0,"activity":-3.0E-4,"lastBolusTime":1702935600626,"time":"2023-12-19T02:24:53.814Z","iobWithZeroTemp":{"iob":-0.298,"basaliob":-0.299,"bolussnooze":0,"activity":-0.0037,"lastBolusTime":1702935600626,"time":"2023-12-19T02:24:53.814Z"}},{"iob":-0.008,"basaliob":-0.009,"bolussnooze":0,"activity":-2.0E-4,"lastBolusTime":1702935600626,"time":"2023-12-19T02:29:53.814Z","iobWithZeroTemp":{"iob":-0.295,"basaliob":-0.296,"bolussnooze":0,"activity":-0.0036,"lastBolusTime":1702935600626,"time":"2023-12-19T02:29:53.814Z"}},{"iob":-0.007,"basaliob":-0.008,"bolussnooze":0,"activity":-2.0E-4,"lastBolusTime":1702935600626,"time":"2023-12-19T02:34:53.814Z","iobWithZeroTemp":{"iob":-0.294,"basaliob":-0.295,"bolussnooze":0,"activity":-0.0036,"lastBolusTime":1702935600626,"time":"2023-12-19T02:34:53.814Z"}},{"iob":-0.006,"basaliob":-0.007,"bolussnooze":0,"activity":-2.0E-4,"lastBolusTime":1702935600626,"time":"2023-12-19T02:39:53.814Z","iobWithZeroTemp":{"iob":-0.293,"basaliob":-0.294,"bolussnooze":0,"activity":-0.0036,"lastBolusTime":1702935600626,"time":"2023-12-19T02:39:53.814Z"}},{"iob":-0.006,"basaliob":-0.006,"bolussnooze":0,"activity":-2.0E-4,"lastBolusTime":1702935600626,"time":"2023-12-19T02:44:53.814Z","iobWithZeroTemp":{"iob":-0.292,"basaliob":-0.292,"bolussnooze":0,"activity":-0.0036,"lastBolusTime":1702935600626,"time":"2023-12-19T02:44:53.814Z"}},{"iob":-0.006,"basaliob":-0.006,"bolussnooze":0,"activity":-2.0E-4,"lastBolusTime":1702935600626,"time":"2023-12-19T02:49:53.814Z","iobWithZeroTemp":{"iob":-0.292,"basaliob":-0.292,"bolussnooze":0,"activity":-0.0036,"lastBolusTime":1702935600626,"time":"2023-12-19T02:49:53.814Z"}},{"iob":-0.005,"basaliob":-0.005,"bolussnooze":0,"activity":-1.0E-4,"lastBolusTime":1702935600626,"time":"2023-12-19T02:54:53.814Z","iobWithZeroTemp":{"iob":-0.291,"basaliob":-0.291,"bolussnooze":0,"activity":-0.0035,"lastBolusTime":1702935600626,"time":"2023-12-19T02:54:53.814Z"}},{"iob":-0.004,"basaliob":-0.004,"bolussnooze":0,"activity":-1.0E-4,"lastBolusTime":1702935600626,"time":"2023-12-19T02:59:53.814Z","iobWithZeroTemp":{"iob":-0.289,"basaliob":-0.289,"bolussnooze":0,"activity":-0.0035,"lastBolusTime":1702935600626,"time":"2023-12-19T02:59:53.814Z"}},{"iob":-0.004,"basaliob":-0.004,"bolussnooze":0,"activity":-1.0E-4,"lastBolusTime":1702935600626,"time":"2023-12-19T03:04:53.814Z","iobWithZeroTemp":{"iob":-0.301,"basaliob":-0.301,"bolussnooze":0,"activity":-0.0035,"lastBolusTime":1702935600626,"time":"2023-12-19T03:04:53.814Z"}},{"iob":-0.003,"basaliob":-0.003,"bolussnooze":0,"activity":-1.0E-4,"lastBolusTime":1702935600626,"time":"2023-12-19T03:09:53.814Z","iobWithZeroTemp":{"iob":-0.312,"basaliob":-0.312,"bolussnooze":0,"activity":-0.0036,"lastBolusTime":1702935600626,"time":"2023-12-19T03:09:53.814Z"}},{"iob":-0.003,"basaliob":-0.003,"bolussnooze":0,"activity":-1.0E-4,"lastBolusTime":1702935600626,"time":"2023-12-19T03:14:53.814Z","iobWithZeroTemp":{"iob":-0.324,"basaliob":-0.324,"bolussnooze":0,"activity":-0.0036,"lastBolusTime":1702935600626,"time":"2023-12-19T03:14:53.814Z"}},{"iob":-0.002,"basaliob":-0.002,"bolussnooze":0,"activity":-1.0E-4,"lastBolusTime":1702935600626,"time":"2023-12-19T03:19:53.814Z","iobWithZeroTemp":{"iob":-0.334,"basaliob":-0.334,"bolussnooze":0,"activity":-0.0037,"lastBolusTime":1702935600626,"time":"2023-12-19T03:19:53.814Z"}}],"profile":{"max_iob":10,"type":"current","max_daily_basal":0.4,"max_basal":1,"min_bg":95,"max_bg":95,"target_bg":95,"carb_ratio":8.8,"sens":130,"max_daily_safety_multiplier":3,"current_basal_safety_multiplier":4,"lgsThreshold":95,"high_temptarget_raises_sensitivity":true,"low_temptarget_lowers_sensitivity":true,"sensitivity_raises_target":true,"resistance_lowers_target":true,"adv_target_adjustments":false,"exercise_mode":false,"half_basal_exercise_target":160,"maxCOB":120,"skip_neutral_temps":false,"remainingCarbsCap":90,"enableUAM":true,"A52_risk_enable":false,"SMBInterval":5,"enableSMB_with_COB":true,"enableSMB_with_temptarget":true,"allowSMB_with_high_temptarget":false,"enableSMB_always":false,"enableSMB_after_carbs":true,"maxSMBBasalMinutes":30,"maxUAMSMBBasalMinutes":40,"bolus_increment":0.05,"carbsReqThreshold":4,"current_basal":0.25,"temptargetSet":false,"autosens_max":1.3,"autosens_min":0.7,"variable_sens":140.5,"insulinDivisor":75,"TDD":16.00888571428571},"autosens_data":{"ratio":0.8198995095826936},"meal_data":{"carbs":20,"mealCOB":0,"slopeFromMaxDeviation":0,"slopeFromMinDeviation":0.10000000000000002,"lastBolusTime":1702935600626,"lastCarbTime":1702924198387},"microBolusAllowed":true,"currentTime":1702941895704,"flatBGsDetected":false,"tdd1D":16.220833333333324,"tdd7D":19.783928571428568,"tddLast24H":16.220833333333324,"tddLast4H":1.4958333333333336,"tddLast8to4H":3.125},"output":{"temp":"absolute","bg":92,"tick":"+1","eventualBG":115,"targetBG":103,"insulinReq":0,"deliverAt":"2023-12-18T23:24:55.704Z","sensitivityRatio":0.8198995095826936,"variable_sens":140.5,"predBGs":{"IOB":[92,92,93,94,95,96,97,98,99,100,101,101,102,103,104,104,105,106,106,107,107,108,108,109,109,109,110,110,110,111,111,111,111,112,112,112,112,112,112,112,113],"ZT":[92,92,92,92,93,94,95,96,97,99,100,102],"UAM":[92,92,93,94,95,96,97,98,99,100,102,103,103,104,105,106,107,107,108,108,109,109,110,110,111,111,112,112,112,112,113,113,113,113,113,114,114,114,114,114,114,114,114,115]},"reason":"COB: 0, Dev: 3, BGI: 0, ISF: 141, CR: 8.8, Target: 103, minPredBG 98, minGuardBG 92, IOBpredBG 113, UAMpredBG 115; IOB -0.14 < -0.08 and minDelta 1 > expectedDelta -1; 115-98 in range: no temp required; setting current basal of 0.2 as temp. ","COB":0,"IOB":-0.14,"duration":30,"rate":0.2049748773956734,"timestamp":"2023-12-18T23:24:55.739Z"}}