{"algorithm":"OpenAPSSMBDynamicISFPlugin","input":{"glucoseStatus":{"glucose":71,"noise":0,"delta":-3.61,"short_avgdelta":-3.61,"long_avgdelta":-2.54,"date":1702999166000},"currenttemp":{"temp":"absolute","duration":95,"rate":0,"minutesrunning":25},"iob_data":[{"iob":-0.111,"basaliob":-0.231,"bolussnooze":0,"activity":-5.0E-4,"lastBolusTime":1702991702435,"time":"2023-12-19T15:19:53.067Z","iobWithZeroTemp":{"iob":-0.111,"basaliob":-0.231,"bolussnooze":0,"activity":-5.0E-4,"lastBolusTime":1702991702435,"time":"2023-12-19T15:19:53.067Z"}},{"iob":-0.107,"basaliob":-0.214,"bolussnooze":0,"activity":-7.0E-4,"lastBolusTime":1702991702435,"time":"2023-12-19T15:24:53.067Z","iobWithZeroTemp":{"iob":-0.114,"basaliob":-0.221,"bolussnooze":0,"activity":-7.0E-4,"lastBolusTime":1702991702435,"time":"2023-12-19T15:24:53.067Z"}},{"iob":-0.104,"basaliob":-0.199,"bolussnooze":0,"activity":-8.0E-4,"lastBolusTime":1702991702435,"time":"2023-12-19T15:29:53.067Z","iobWithZeroTemp":{"iob":-0.119,"basaliob":-0.214,"bolussnooze":0,"activity":-8.0E-4,"lastBolusTime":1702991702435,"time":"2023-12-19T15:29:53.067Z"}},{"iob":-0.1,"basaliob":-0.184,"bolussnooze":0,"activity":-9.0E-4,"lastBolusTime":1702991702435,"time":"2023-12-19T15:34:53.067Z","iobWithZeroTemp":{"iob":-0.123,"basaliob":-0.207,"bolussnooze":0,"activity":-0.001,"lastBolusTime":1702991702435,"time":"2023-12-19T15:34:53.067Z"}},{"iob":-0.096,"basaliob":-0.17,"bolussnooze":0,"activity":-0.001,"lastBolusTime":1702991702435,"time":"2023-12-19T15:39:53.067Z","iobWithZeroTemp":{"iob":-0.127,"basaliob":-0.201,"bolussnooze":0,"activity":-0.0011,"lastBolusTime":1702991702435,"time":"2023-12-19T15:39:53.067Z"}},{"iob":-0.09,"basaliob":-0.156,"bolussnooze":0,"activity":-9.0E-4,"lastBolusTime":1702991702435,"time":"2023-12-19T15:44:53.067Z","iobWithZeroTemp":{"iob":-0.128,"basaliob":-0.194,"bolussnooze":0,"activity":-0.0011,"lastBolusTime":1702991702435,"time":"2023-12-19T15:44:53.067Z"}},{"iob":-0.086,"basaliob":-0.144,"bolussnooze":0,"activity":-9.0E-4,"lastBolusTime":1702991702435,"time":"2023-12-19T15:49:53.067Z","iobWithZeroTemp":{"iob":-0.132,"basaliob":-0.19,"bolussnooze":0,"activity":-0.0011,"lastBolusTime":1702991702435,"time":"2023-12-19T15:49:53.067Z"}},{"iob":-0.081,"basaliob":-0.132,"bolussnooze":0,"activity":-0.001,"lastBolusTime":1702991702435,"time":"2023-12-19T15:54:53.067Z","iobWithZeroTemp":{"iob":-0.134,"basaliob":-0.185,"bolussnooze":0,"activity":-0.0013,"lastBolusTime":1702991702435,"time":"2023-12-19T15:54:53.067Z"}},{"iob":-0.077,"basaliob":-0.121,"bolussnooze":0,"activity":-9.0E-4,"lastBolusTime":1702991702435,"time":"2023-12-19T15:59:53.067Z","iobWithZeroTemp":{"iob":-0.136,"basaliob":-0.18,"bolussnooze":0,"activity":-0.0013,"lastBolusTime":1702991702435,"time":"2023-12-19T15:59:53.067Z"}},{"iob":-0.071,"basaliob":-0.11,"bolussnooze":0,"activity":-9.0E-4,"lastBolusTime":1702991702435,"time":"2023-12-19T16:04:53.067Z","iobWithZeroTemp":{"iob":-0.137,"basaliob":-0.176,"bolussnooze":0,"activity":-0.0013,"lastBolusTime":1702991702435,"time":"2023-12-19T16:04:53.067Z"}},{"iob":-0.067,"basaliob":-0.101,"bolussnooze":0,"activity":-0.001,"lastBolusTime":1702991702435,"time":"2023-12-19T16:09:53.067Z","iobWithZeroTemp":{"iob":-0.139,"basaliob":-0.173,"bolussnooze":0,"activity":-0.0015,"lastBolusTime":1702991702435,"time":"2023-12-19T16:09:53.067Z"}},{"iob":-0.063,"basaliob":-0.092,"bolussnooze":0,"activity":-9.0E-4,"lastBolusTime":1702991702435,"time":"2023-12-19T16:14:53.067Z","iobWithZeroTemp":{"iob":-0.14,"basaliob":-0.169,"bolussnooze":0,"activity":-0.0015,"lastBolusTime":1702991702435,"time":"2023-12-19T16:14:53.067Z"}},{"iob":-0.058,"basaliob":-0.083,"bolussnooze":0,"activity":-9.0E-4,"lastBolusTime":1702991702435,"time":"2023-12-19T16:19:53.067Z","iobWithZeroTemp":{"iob":-0.14,"basaliob":-0.165,"bolussnooze":0,"activity":-0.0016,"lastBolusTime":1702991702435,"time":"2023-12-19T16:19:53.067Z"}},{"iob":-0.054,"basaliob":-0.076,"bolussnooze":0,"activity":-8.0E-4,"lastBolusTime":1702991702435,"time":"2023-12-19T16:24:53.067Z","iobWithZeroTemp":{"iob":-0.141,"basaliob":-0.163,"bolussnooze":0,"activity":-0.0015,"lastBolusTime":1702991702435,"time":"2023-12-19T16:24:53.067Z"}},{"iob":-0.05,"basaliob":-0.069,"bolussnooze":0,"activity":-8.0E-4,"lastBolusTime":1702991702435,"time":"2023-12-19T16:29:53.067Z","iobWithZeroTemp":{"iob":-0.142,"basaliob":-0.161,"bolussnooze":0,"activity":-0.0016,"lastBolusTime":1702991702435,"time":"2023-12-19T16:29:53.067Z"}},{"iob":-0.046,"basaliob":-0.062,"bolussnooze":0,"activity":-7.0E-4,"lastBolusTime":1702991702435,"time":"2023-12-19T16:34:53.067Z","iobWithZeroTemp":{"iob":-0.142,"basaliob":-0.158,"bolussnooze":0,"activity":-0.0016,"lastBolusTime":1702991702435,"time":"2023-12-19T16:34:53.067Z"}},{"iob":-0.042,"basaliob":-0.056,"bolussnooze":0,"activity":-7.0E-4,"lastBolusTime":1702991702435,"time":"2023-12-19T16:39:53.067Z","iobWithZeroTemp":{"iob":-0.142,"basaliob":-0.156,"bolussnooze":0,"activity":-0.0016,"lastBolusTime":1702991702435,"time":"2023-12-19T16:39:53.067Z"}},{"iob":-0.039,"basaliob":-0.051,"bolussnooze":0,"activity":-7.0E-4,"lastBolusTime":1702991702435,"time":"2023-12-19T16:44:53.067Z","iobWithZeroTemp":{"iob":-0.143,"basaliob":-0.155,"bolussnooze":0,"activity":-0.0017,"lastBolusTime":1702991702435,"time":"2023-12-19T16:44:53.067Z"}},{"iob":-0.036,"basaliob":-0.046,"bolussnooze":0,"activity":-7.0E-4,"lastBolusTime":1702991702435,"time":"2023-12-19T16:49:53.067Z","iobWithZeroTemp":{"iob":-0.143,"basaliob":-0.153,"bolussnooze":0,"activity":-0.0017,"lastBolusTime":1702991702435,"time":"2023-12-19T16:49:53.067Z"}},{"iob":-0.033,"basaliob":-0.041,"bolussnooze":0,"activity":-6.0E-4,"lastBolusTime":1702991702435,"time":"2023-12-19T16:54:53.067Z","iobWithZeroTemp":{"iob":-0.143,"basaliob":-0.151,"bolussnooze":0,"activity":-0.0017,"lastBolusTime":1702991702435,"time":"2023-12-19T16:54:53.067Z"}},{"iob":-0.03,"basaliob":-0.037,"bolussnooze":0,"activity":-5.0E-4,"lastBolusTime":1702991702435,"time":"2023-12-19T16:59:53.067Z","iobWithZeroTemp":{"iob":-0.143,"basaliob":-0.15,"bolussnooze":0,"activity":-0.0016,"lastBolusTime":1702991702435,"time":"2023-12-19T16:59:53.067Z"}},{"iob":-0.027,"basaliob":-0.033,"bolussnooze":0,"activity":-5.0E-4,"lastBolusTime":1702991702435,"time":"2023-12-19T17:04:53.067Z","iobWithZeroTemp":{"iob":-0.143,"basaliob":-0.149,"bolussnooze":0,"activity":-0.0017,"lastBolusTime":1702991702435,"time":"2023-12-19T17:04:53.067Z"}},{"iob":-0.025,"basaliob":-0.03,"bolussnooze":0,"activity":-5.0E-4,"lastBolusTime":1702991702435,"time":"2023-12-19T17:09:53.067Z","iobWithZeroTemp":{"iob":-0.143,"basaliob":-0.148,"bolussnooze":0,"activity":-0.0017,"lastBolusTime":1702991702435,"time":"2023-12-19T17:09:53.067Z"}},{"iob":-0.023,"basaliob":-0.027,"bolussnooze":0,"activity":-4.0E-4,"lastBolusTime":1702991702435,"time":"2023-12-19T17:14:53.067Z","iobWithZeroTemp":{"iob":-0.143,"basaliob":-0.147,"bolussnooze":0,"activity":-0.0016,"lastBolusTime":1702991702435,"time":"2023-12-19T17:14:53.067Z"}},{"iob":-0.021,"basaliob":-0.024,"bolussnooze":0,"activity":-4.0E-4,"lastBolusTime":1702991702435,"time":"2023-12-19T17:19:53.067Z","iobWithZeroTemp":{"iob":-0.143,"basaliob":-0.146,"bolussnooze":0,"activity":-0.0017,"lastBolusTime":1702991702435,"time":"2023-12-19T17:19:53.067Z"}},{"iob":-0.018,"basaliob":-0.021,"bolussnooze":0,"activity":-4.0E-4,"lastBolusTime":1702991702435,"time":"2023-12-19T17:24:53.067Z","iobWithZeroTemp":{"iob":-0.142,"basaliob":-0.145,"bolussnooze":0,"activity":-0.0017,"lastBolusTime":1702991702435,"time":"2023-12-19T17:24:53.067Z"}},{"iob":-0.017,"basaliob":-0.019,"bolussnooze":0,"activity":-3.0E-4,"lastBolusTime":1702991702435,"time":"2023-12-19T17:29:53.067Z","iobWithZeroTemp":{"iob":-0.143,"basaliob":-0.145,"bolussnooze":0,"activity":-0.0016,"lastBolusTime":1702991702435,"time":"2023-12-19T17:29:53.067Z"}},{"iob":-0.015,"basaliob":-0.017,"bolussnooze":0,"activity":-3.0E-4,"lastBolusTime":1702991702435,"time":"2023-12-19T17:34:53.067Z","iobWithZeroTemp":{"iob":-0.142,"basaliob":-0.144,"bolussnooze":0,"activity":-0.0017,"lastBolusTime":1702991702435,"time":"2023-12-19T17:34:53.067Z"}},{"iob":-0.014,"basaliob":-0.015,"bolussnooze":0,"activity":-3.0E-4,"lastBolusTime":1702991702435,"time":"2023-12-19T17:39:53.067Z","iobWithZeroTemp":{"iob":-0.143,"basaliob":-0.144,"bolussnooze":0,"activity":-0.0017,"lastBolusTime":1702991702435,"time":"2023-12-19T17:39:53.067Z"}},{"iob":-0.012,"basaliob":-0.013,"bolussnooze":0,"activity":-3.0E-4,"lastBolusTime":1702991702435,"time":"2023-12-19T17:44:53.067Z","iobWithZeroTemp":{"iob":-0.142,"basaliob":-0.143,"bolussnooze":0,"activity":-0.0017,"lastBolusTime":1702991702435,"time":"2023-12-19T17:44:53.067Z"}},{"iob":-0.01,"basaliob":-0.011,"bolussnooze":0,"activity":-3.0E-4,"lastBolusTime":1702991702435,"time":"2023-12-19T17:49:53.067Z","iobWithZeroTemp":{"iob":-0.141,"basaliob":-0.142,"bolussnooze":0,"activity":-0.0018,"lastBolusTime":1702991702435,"time":"2023-12-19T17:49:53.067Z"}},{"iob":-0.009,"basaliob":-0.01,"bolussnooze":0,"activity":-3.0E-4,"lastBolusTime":1702991702435,"time":"2023-12-19T17:54:53.067Z","iobWithZeroTemp":{"iob":-0.141,"basaliob":-0.142,"bolussnooze":0,"activity":-0.0018,"lastBolusTime":1702991702435,"time":"2023-12-19T17:54:53.067Z"}},{"iob":-0.008,"basaliob":-0.009,"bolussnooze":0,"activity":-2.0E-4,"lastBolusTime":1702991702435,"time":"2023-12-19T17:59:53.067Z","iobWithZeroTemp":{"iob":-0.141,"basaliob":-0.142,"bolussnooze":0,"activity":-0.0017,"lastBolusTime":1702991702435,"time":"2023-12-19T17:59:53.067Z"}},{"iob":-0.008,"basaliob":-0.008,"bolussnooze":0,"activity":-2.0E-4,"lastBolusTime":1702991702435,"time":"2023-12-19T18:04:53.067Z","iobWithZeroTemp":{"iob":-0.142,"basaliob":-0.142,"bolussnooze":0,"activity":-0.0017,"lastBolusTime":1702991702435,"time":"2023-12-19T18:04:53.067Z"}},{"iob":-0.007,"basaliob":-0.007,"bolussnooze":0,"activity":-2.0E-4,"lastBolusTime":1702991702435,"time":"2023-12-19T18:09:53.067Z","iobWithZeroTemp":{"iob":-0.142,"basaliob":-0.142,"bolussnooze":0,"activity":-0.0017,"lastBolusTime":1702991702435,"time":"2023-12-19T18:09:53.067Z"}},{"iob":-0.006,"basaliob":-0.006,"bolussnooze":0,"activity":-2.0E-4,"lastBolusTime":1702991702435,"time":"2023-12-19T18:14:53.067Z","iobWithZeroTemp":{"iob":-0.141,"basaliob":-0.141,"bolussnooze":0,"activity":-0.0017,"lastBolusTime":1702991702435,"time":"2023-12-19T18:14:53.067Z"}},{"iob":-0.005,"basaliob":-0.005,"bolussnooze":0,"activity":-1.0E-4,"lastBolusTime":1702991702435,"time":"2023-12-19T18:19:53.067Z","iobWithZeroTemp":{"iob":-0.141,"basaliob":-0.141,"bolussnooze":0,"activity":-0.0017,"lastBolusTime":1702991702435,"time":"2023-12-19T18:19:53.067Z"}},{"iob":-0.004,"basaliob":-0.004,"bolussnooze":0,"activity":-1.0E-4,"lastBolusTime":1702991702435,"time":"2023-12-19T18:24:53.067Z","iobWithZeroTemp":{"iob":-0.14,"basaliob":-0.14,"bolussnooze":0,"activity":-0.0017,"lastBolusTime":1702991702435,"time":"2023-12-19T18:24:53.067Z"}},{"iob":-0.004,"basaliob":-0.004,"bolussnooze":0,"activity":-1.0E-4,"lastBolusTime":1702991702435,"time":"2023-12-19T18:29:53.067Z","iobWithZeroTemp":{"iob":-0.141,"basaliob":-0.141,"bolussnooze":0,"activity":-0.0017,"lastBolusTime":1702991702435,"time":"2023-12-19T18:29:53.067Z"}},{"iob":-0.003,"basaliob":-0.003,"bolussnooze":0,"activity":-1.0E-4,"lastBolusTime":1702991702435,"time":"2023-12-19T18:34:53.067Z","iobWithZeroTemp":{"iob":-0.14,"basaliob":-0.14,"bolussnooze":0,"activity":-0.0017,"lastBolusTime":1702991702435,"time":"2023-12-19T18:34:53.067Z"}},{"iob":-0.003,"basaliob":-0.003,"bolussnooze":0,"activity":-1.0E-4,"lastBolusTime":1702991702435,"time":"2023-12-19T18:39:53.067Z","iobWithZeroTemp":{"iob":-0.141,"basaliob":-0.141,"bolussnooze":0,"activity":-0.0017,"lastBolusTime":1702991702435,"time":"2023-12-19T18:39:53.067Z"}},{"iob":-0.002,"basaliob":-0.002,"bolussnooze":0,"activity":-1.0E-4,"lastBolusTime":1702991702435,"time":"2023-12-19T18:44:53.067Z","iobWithZeroTemp":{"iob":-0.14,"basaliob":-0.14,"bolussnooze":0,"activity":-0.0017,"lastBolusTime":1702991702435,"time":"2023-12-19T18:44:53.067Z"}},{"iob":-0.002,"basaliob":-0.002,"bolussnooze":0,"activity":-1.0E-4,"lastBolusTime":1702991702435,"time":"2023-12-19T18:49:53.067Z","iobWithZeroTemp":{"iob":-0.14,"basaliob":-0.14,"bolussnooze":0,"activity":-0.0017,"lastBolusTime":1702991702435,"time":"2023-12-19T18:49:53.067Z"}},{"iob":-0.002,"basaliob":-0.002,"bolussnooze":0,"activity":-1.0E-4,"lastBolusTime":1702991702435,"time":"2023-12-19T18:54:53.067Z","iobWithZeroTemp":{"iob":-0.141,"basaliob":-0.141,"bolussnooze":0,"activity":-0.0017,"lastBolusTime":1702991702435,"time":"2023-12-19T18:54:53.067Z"}},{"iob":-0.002,"basaliob":-0.002,"bolussnooze":0,"activity":0,"lastBolusTime":1702991702435,"time":"2023-12-19T18:59:53.067Z","iobWithZeroTemp":{"iob":-0.141,"basaliob":-0.141,"bolussnooze":0,"activity":-0.0016,"lastBolusTime":1702991702435,"time":"2023-12-19T18:59:53.067Z"}},{"iob":-0.001,"basaliob":-0.001,"bolussnooze":0,"activity":0,"lastBolusTime":1702991702435,"time":"2023-12-19T19:04:53.067Z","iobWithZeroTemp":{"iob":-0.161,"basaliob":-0.161,"bolussnooze":0,"activity":-0.0017,"lastBolusTime":1702991702435,"time":"2023-12-19T19:04:53.067Z"}},{"iob":-0.001,"basaliob":-0.001,"bolussnooze":0,"activity":0,"lastBolusTime":1702991702435,"time":"2023-12-19T19:09:53.067Z","iobWithZeroTemp":{"iob":-0.181,"basaliob":-0.181,"bolussnooze":0,"activity":-0.0017,"lastBolusTime":1702991702435,"time":"2023-12-19T19:09:53.067Z"}},{"iob":-0.001,"basaliob":-0.001,"bolussnooze":0,"activity":0,"lastBolusTime":1702991702435,"time":"2023-12-19T19:14:53.067Z","iobWithZeroTemp":{"iob":-0.202,"basaliob":-0.202,"bolussnooze":0,"activity":-0.0018,"lastBolusTime":1702991702435,"time":"2023-12-19T19:14:53.067Z"}}],"profile":{"max_iob":10,"type":"current","max_daily_basal":0.4,"max_basal":0.4,"min_bg":130,"max_bg":130,"target_bg":130,"carb_ratio":8.8,"sens":120,"max_daily_safety_multiplier":3,"current_basal_safety_multiplier":4,"lgsThreshold":95,"high_temptarget_raises_sensitivity":true,"low_temptarget_lowers_sensitivity":true,"sensitivity_raises_target":true,"resistance_lowers_target":true,"adv_target_adjustments":false,"exercise_mode":false,"half_basal_exercise_target":160,"maxCOB":120,"skip_neutral_temps":false,"remainingCarbsCap":90,"enableUAM":true,"A52_risk_enable":false,"SMBInterval":5,"enableSMB_with_COB":true,"enableSMB_with_temptarget":true,"allowSMB_with_high_temptarget":false,"enableSMB_always":false,"enableSMB_after_carbs":true,"maxSMBBasalMinutes":30,"maxUAMSMBBasalMinutes":40,"bolus_increment":0.05,"carbsReqThreshold":4,"current_basal":0.1,"temptargetSet":true,"autosens_max":1.3,"autosens_min":0.7,"variable_sens":157.3,"insulinDivisor":75,"TDD":17.183685714285712},"autosens_data":{"ratio":0.5779101603634504},"meal_data":{"carbs":23,"mealCOB":0,"slopeFromMaxDeviation":0,"slopeFromMinDeviation":0,"lastBolusTime":1702991702435,"lastCarbTime":1702986730095},"microBolusAllowed":true,"currentTime":1702999193923,"flatBGsDetected":false,"tdd1D":16.220833333333324,"tdd7D":19.783928571428568,"tddLast24H":11.433333333333334,"tddLast4H":2.454166666666667,"tddLast8to4H":2.8666666666666663},"output":{"temp":"absolute","bg":71,"tick":-4,"eventualBG":70,"targetBG":130,"insulinReq":0,"deliverAt":"2023-12-19T15:19:53.923Z","sensitivityRatio":0.67,"variable_sens":157.3,"predBGs":{"IOB":[71,68,65,63,61,59,58,57,57,57,57,57,58,59,60,61,61,62,62,63,64,64,64,65,65,65,66,66,66,67,67,67,67,67,68,68,68,68,68,68,68,68,68,68,69],"ZT":[71,71,72,73,73,74,75,76,77,78,79,80,81,82,83,84,85,86,88,89,90,91,92,93,94,95,96,97,98,100,101,102,103,104,105,106,107,108,109,110,111,112,113,114,115,116,117,118]},"reason":"COB: 0, Dev: -18, BGI: 0, ISF: 157, CR: 8.8, Target: 130, minPredBG 65, minGuardBG 57, IOBpredBG 69; minGuardBG 57<95","COB":0,"IOB":-0.111,"duration":120,"rate":0,"timestamp":"2023-12-19T15:19:53.941Z"}}