{"algorithm":"OpenAPSSMBDynamicISFPlugin","input":{"glucoseStatus":{"glucose":94,"noise":0,"delta":-3.89,"short_avgdelta":-3.89,"long_avgdelta":-1.6,"date":1703035166000},"currenttemp":{"temp":"absolute","duration":55,"rate":0,"minutesrunning":5},"iob_data":[{"iob":-0.032,"basaliob":-0.042,"bolussnooze":0,"activity":-2.0E-4,"lastBolusTime":1703025007140,"time":"2023-12-20T01:19:58.648Z","iobWithZeroTemp":{"iob":-0.032,"basaliob":-0.042,"bolussnooze":0,"activity":-2.0E-4,"lastBolusTime":1703025007140,"time":"2023-12-20T01:19:58.648Z"}},{"iob":-0.031,"basaliob":-0.04,"bolussnooze":0,"activity":-2.0E-4,"lastBolusTime":1703025007140,"time":"2023-12-20T01:24:58.648Z","iobWithZeroTemp":{"iob":-0.044,"basaliob":-0.053,"bolussnooze":0,"activity":-2.0E-4,"lastBolusTime":1703025007140,"time":"2023-12-20T01:24:58.648Z"}},{"iob":-0.03,"basaliob":-0.038,"bolussnooze":0,"activity":-2.0E-4,"lastBolusTime":1703025007140,"time":"2023-12-20T01:29:58.648Z","iobWithZeroTemp":{"iob":-0.06,"basaliob":-0.068,"bolussnooze":0,"activity":-3.0E-4,"lastBolusTime":1703025007140,"time":"2023-12-20T01:29:58.648Z"}},{"iob":-0.029,"basaliob":-0.036,"bolussnooze":0,"activity":-2.0E-4,"lastBolusTime":1703025007140,"time":"2023-12-20T01:34:58.648Z","iobWithZeroTemp":{"iob":-0.075,"basaliob":-0.082,"bolussnooze":0,"activity":-3.0E-4,"lastBolusTime":1703025007140,"time":"2023-12-20T01:34:58.648Z"}},{"iob":-0.028,"basaliob":-0.034,"bolussnooze":0,"activity":-3.0E-4,"lastBolusTime":1703025007140,"time":"2023-12-20T01:39:58.648Z","iobWithZeroTemp":{"iob":-0.09,"basaliob":-0.096,"bolussnooze":0,"activity":-5.0E-4,"lastBolusTime":1703025007140,"time":"2023-12-20T01:39:58.648Z"}},{"iob":-0.027,"basaliob":-0.032,"bolussnooze":0,"activity":-3.0E-4,"lastBolusTime":1703025007140,"time":"2023-12-20T01:44:58.648Z","iobWithZeroTemp":{"iob":-0.104,"basaliob":-0.109,"bolussnooze":0,"activity":-6.0E-4,"lastBolusTime":1703025007140,"time":"2023-12-20T01:44:58.648Z"}},{"iob":-0.025,"basaliob":-0.03,"bolussnooze":0,"activity":-3.0E-4,"lastBolusTime":1703025007140,"time":"2023-12-20T01:49:58.648Z","iobWithZeroTemp":{"iob":-0.117,"basaliob":-0.122,"bolussnooze":0,"activity":-8.0E-4,"lastBolusTime":1703025007140,"time":"2023-12-20T01:49:58.648Z"}},{"iob":-0.024,"basaliob":-0.028,"bolussnooze":0,"activity":-3.0E-4,"lastBolusTime":1703025007140,"time":"2023-12-20T01:54:58.648Z","iobWithZeroTemp":{"iob":-0.13,"basaliob":-0.134,"bolussnooze":0,"activity":-9.0E-4,"lastBolusTime":1703025007140,"time":"2023-12-20T01:54:58.648Z"}},{"iob":-0.022,"basaliob":-0.026,"bolussnooze":0,"activity":-3.0E-4,"lastBolusTime":1703025007140,"time":"2023-12-20T01:59:58.648Z","iobWithZeroTemp":{"iob":-0.141,"basaliob":-0.145,"bolussnooze":0,"activity":-0.001,"lastBolusTime":1703025007140,"time":"2023-12-20T01:59:58.648Z"}},{"iob":-0.021,"basaliob":-0.024,"bolussnooze":0,"activity":-3.0E-4,"lastBolusTime":1703025007140,"time":"2023-12-20T02:04:58.648Z","iobWithZeroTemp":{"iob":-0.152,"basaliob":-0.155,"bolussnooze":0,"activity":-0.0012,"lastBolusTime":1703025007140,"time":"2023-12-20T02:04:58.648Z"}},{"iob":-0.019,"basaliob":-0.022,"bolussnooze":0,"activity":-2.0E-4,"lastBolusTime":1703025007140,"time":"2023-12-20T02:09:58.648Z","iobWithZeroTemp":{"iob":-0.162,"basaliob":-0.165,"bolussnooze":0,"activity":-0.0012,"lastBolusTime":1703025007140,"time":"2023-12-20T02:09:58.648Z"}},{"iob":-0.019,"basaliob":-0.021,"bolussnooze":0,"activity":-2.0E-4,"lastBolusTime":1703025007140,"time":"2023-12-20T02:14:58.648Z","iobWithZeroTemp":{"iob":-0.173,"basaliob":-0.175,"bolussnooze":0,"activity":-0.0014,"lastBolusTime":1703025007140,"time":"2023-12-20T02:14:58.648Z"}},{"iob":-0.017,"basaliob":-0.019,"bolussnooze":0,"activity":-2.0E-4,"lastBolusTime":1703025007140,"time":"2023-12-20T02:19:58.648Z","iobWithZeroTemp":{"iob":-0.182,"basaliob":-0.184,"bolussnooze":0,"activity":-0.0015,"lastBolusTime":1703025007140,"time":"2023-12-20T02:19:58.648Z"}},{"iob":-0.016,"basaliob":-0.018,"bolussnooze":0,"activity":-2.0E-4,"lastBolusTime":1703025007140,"time":"2023-12-20T02:24:58.648Z","iobWithZeroTemp":{"iob":-0.191,"basaliob":-0.193,"bolussnooze":0,"activity":-0.0016,"lastBolusTime":1703025007140,"time":"2023-12-20T02:24:58.648Z"}},{"iob":-0.014,"basaliob":-0.016,"bolussnooze":0,"activity":-3.0E-4,"lastBolusTime":1703025007140,"time":"2023-12-20T02:29:58.648Z","iobWithZeroTemp":{"iob":-0.198,"basaliob":-0.2,"bolussnooze":0,"activity":-0.0019,"lastBolusTime":1703025007140,"time":"2023-12-20T02:29:58.648Z"}},{"iob":-0.014,"basaliob":-0.015,"bolussnooze":0,"activity":-3.0E-4,"lastBolusTime":1703025007140,"time":"2023-12-20T02:34:58.648Z","iobWithZeroTemp":{"iob":-0.206,"basaliob":-0.207,"bolussnooze":0,"activity":-0.002,"lastBolusTime":1703025007140,"time":"2023-12-20T02:34:58.648Z"}},{"iob":-0.013,"basaliob":-0.014,"bolussnooze":0,"activity":-2.0E-4,"lastBolusTime":1703025007140,"time":"2023-12-20T02:39:58.648Z","iobWithZeroTemp":{"iob":-0.213,"basaliob":-0.214,"bolussnooze":0,"activity":-0.002,"lastBolusTime":1703025007140,"time":"2023-12-20T02:39:58.648Z"}},{"iob":-0.012,"basaliob":-0.013,"bolussnooze":0,"activity":-2.0E-4,"lastBolusTime":1703025007140,"time":"2023-12-20T02:44:58.648Z","iobWithZeroTemp":{"iob":-0.219,"basaliob":-0.22,"bolussnooze":0,"activity":-0.0021,"lastBolusTime":1703025007140,"time":"2023-12-20T02:44:58.648Z"}},{"iob":-0.011,"basaliob":-0.012,"bolussnooze":0,"activity":-2.0E-4,"lastBolusTime":1703025007140,"time":"2023-12-20T02:49:58.648Z","iobWithZeroTemp":{"iob":-0.225,"basaliob":-0.226,"bolussnooze":0,"activity":-0.0022,"lastBolusTime":1703025007140,"time":"2023-12-20T02:49:58.648Z"}},{"iob":-0.01,"basaliob":-0.011,"bolussnooze":0,"activity":-2.0E-4,"lastBolusTime":1703025007140,"time":"2023-12-20T02:54:58.648Z","iobWithZeroTemp":{"iob":-0.23,"basaliob":-0.231,"bolussnooze":0,"activity":-0.0023,"lastBolusTime":1703025007140,"time":"2023-12-20T02:54:58.648Z"}},{"iob":-0.009,"basaliob":-0.01,"bolussnooze":0,"activity":-2.0E-4,"lastBolusTime":1703025007140,"time":"2023-12-20T02:59:58.648Z","iobWithZeroTemp":{"iob":-0.235,"basaliob":-0.236,"bolussnooze":0,"activity":-0.0024,"lastBolusTime":1703025007140,"time":"2023-12-20T02:59:58.648Z"}},{"iob":-0.009,"basaliob":-0.009,"bolussnooze":0,"activity":-2.0E-4,"lastBolusTime":1703025007140,"time":"2023-12-20T03:04:58.648Z","iobWithZeroTemp":{"iob":-0.253,"basaliob":-0.253,"bolussnooze":0,"activity":-0.0025,"lastBolusTime":1703025007140,"time":"2023-12-20T03:04:58.648Z"}},{"iob":-0.008,"basaliob":-0.008,"bolussnooze":0,"activity":-2.0E-4,"lastBolusTime":1703025007140,"time":"2023-12-20T03:09:58.648Z","iobWithZeroTemp":{"iob":-0.269,"basaliob":-0.269,"bolussnooze":0,"activity":-0.0027,"lastBolusTime":1703025007140,"time":"2023-12-20T03:09:58.648Z"}},{"iob":-0.007,"basaliob":-0.007,"bolussnooze":0,"activity":-1.0E-4,"lastBolusTime":1703025007140,"time":"2023-12-20T03:14:58.648Z","iobWithZeroTemp":{"iob":-0.284,"basaliob":-0.284,"bolussnooze":0,"activity":-0.0027,"lastBolusTime":1703025007140,"time":"2023-12-20T03:14:58.648Z"}},{"iob":-0.007,"basaliob":-0.007,"bolussnooze":0,"activity":-1.0E-4,"lastBolusTime":1703025007140,"time":"2023-12-20T03:19:58.648Z","iobWithZeroTemp":{"iob":-0.3,"basaliob":-0.3,"bolussnooze":0,"activity":-0.0029,"lastBolusTime":1703025007140,"time":"2023-12-20T03:19:58.648Z"}},{"iob":-0.006,"basaliob":-0.006,"bolussnooze":0,"activity":-1.0E-4,"lastBolusTime":1703025007140,"time":"2023-12-20T03:24:58.648Z","iobWithZeroTemp":{"iob":-0.314,"basaliob":-0.314,"bolussnooze":0,"activity":-0.003,"lastBolusTime":1703025007140,"time":"2023-12-20T03:24:58.648Z"}},{"iob":-0.005,"basaliob":-0.005,"bolussnooze":0,"activity":-1.0E-4,"lastBolusTime":1703025007140,"time":"2023-12-20T03:29:58.648Z","iobWithZeroTemp":{"iob":-0.327,"basaliob":-0.327,"bolussnooze":0,"activity":-0.0032,"lastBolusTime":1703025007140,"time":"2023-12-20T03:29:58.648Z"}},{"iob":-0.005,"basaliob":-0.005,"bolussnooze":0,"activity":-1.0E-4,"lastBolusTime":1703025007140,"time":"2023-12-20T03:34:58.648Z","iobWithZeroTemp":{"iob":-0.34,"basaliob":-0.34,"bolussnooze":0,"activity":-0.0033,"lastBolusTime":1703025007140,"time":"2023-12-20T03:34:58.648Z"}},{"iob":-0.004,"basaliob":-0.004,"bolussnooze":0,"activity":-1.0E-4,"lastBolusTime":1703025007140,"time":"2023-12-20T03:39:58.648Z","iobWithZeroTemp":{"iob":-0.352,"basaliob":-0.352,"bolussnooze":0,"activity":-0.0035,"lastBolusTime":1703025007140,"time":"2023-12-20T03:39:58.648Z"}},{"iob":-0.004,"basaliob":-0.004,"bolussnooze":0,"activity":-1.0E-4,"lastBolusTime":1703025007140,"time":"2023-12-20T03:44:58.648Z","iobWithZeroTemp":{"iob":-0.364,"basaliob":-0.364,"bolussnooze":0,"activity":-0.0036,"lastBolusTime":1703025007140,"time":"2023-12-20T03:44:58.648Z"}},{"iob":-0.003,"basaliob":-0.003,"bolussnooze":0,"activity":-1.0E-4,"lastBolusTime":1703025007140,"time":"2023-12-20T03:49:58.648Z","iobWithZeroTemp":{"iob":-0.374,"basaliob":-0.374,"bolussnooze":0,"activity":-0.0038,"lastBolusTime":1703025007140,"time":"2023-12-20T03:49:58.648Z"}},{"iob":-0.003,"basaliob":-0.003,"bolussnooze":0,"activity":-1.0E-4,"lastBolusTime":1703025007140,"time":"2023-12-20T03:54:58.648Z","iobWithZeroTemp":{"iob":-0.384,"basaliob":-0.384,"bolussnooze":0,"activity":-0.0039,"lastBolusTime":1703025007140,"time":"2023-12-20T03:54:58.648Z"}},{"iob":-0.003,"basaliob":-0.003,"bolussnooze":0,"activity":-1.0E-4,"lastBolusTime":1703025007140,"time":"2023-12-20T03:59:58.648Z","iobWithZeroTemp":{"iob":-0.394,"basaliob":-0.394,"bolussnooze":0,"activity":-0.0041,"lastBolusTime":1703025007140,"time":"2023-12-20T03:59:58.648Z"}},{"iob":-0.002,"basaliob":-0.002,"bolussnooze":0,"activity":-1.0E-4,"lastBolusTime":1703025007140,"time":"2023-12-20T04:04:58.648Z","iobWithZeroTemp":{"iob":-0.406,"basaliob":-0.406,"bolussnooze":0,"activity":-0.0042,"lastBolusTime":1703025007140,"time":"2023-12-20T04:04:58.648Z"}},{"iob":-0.002,"basaliob":-0.002,"bolussnooze":0,"activity":-1.0E-4,"lastBolusTime":1703025007140,"time":"2023-12-20T04:09:58.648Z","iobWithZeroTemp":{"iob":-0.418,"basaliob":-0.418,"bolussnooze":0,"activity":-0.0044,"lastBolusTime":1703025007140,"time":"2023-12-20T04:09:58.648Z"}},{"iob":-0.002,"basaliob":-0.002,"bolussnooze":0,"activity":0,"lastBolusTime":1703025007140,"time":"2023-12-20T04:14:58.648Z","iobWithZeroTemp":{"iob":-0.43,"basaliob":-0.43,"bolussnooze":0,"activity":-0.0044,"lastBolusTime":1703025007140,"time":"2023-12-20T04:14:58.648Z"}},{"iob":-0.002,"basaliob":-0.002,"bolussnooze":0,"activity":0,"lastBolusTime":1703025007140,"time":"2023-12-20T04:19:58.648Z","iobWithZeroTemp":{"iob":-0.44,"basaliob":-0.44,"bolussnooze":0,"activity":-0.0045,"lastBolusTime":1703025007140,"time":"2023-12-20T04:19:58.648Z"}},{"iob":-0.001,"basaliob":-0.001,"bolussnooze":0,"activity":0,"lastBolusTime":1703025007140,"time":"2023-12-20T04:24:58.648Z","iobWithZeroTemp":{"iob":-0.45,"basaliob":-0.45,"bolussnooze":0,"activity":-0.0047,"lastBolusTime":1703025007140,"time":"2023-12-20T04:24:58.648Z"}},{"iob":-0.001,"basaliob":-0.001,"bolussnooze":0,"activity":0,"lastBolusTime":1703025007140,"time":"2023-12-20T04:29:58.648Z","iobWithZeroTemp":{"iob":-0.459,"basaliob":-0.459,"bolussnooze":0,"activity":-0.0048,"lastBolusTime":1703025007140,"time":"2023-12-20T04:29:58.648Z"}},{"iob":-0.001,"basaliob":-0.001,"bolussnooze":0,"activity":0,"lastBolusTime":0,"time":"2023-12-20T04:34:58.648Z","iobWithZeroTemp":{"iob":-0.468,"basaliob":-0.468,"bolussnooze":0,"activity":-0.0049,"lastBolusTime":0,"time":"2023-12-20T04:34:58.648Z"}},{"iob":-0.001,"basaliob":-0.001,"bolussnooze":0,"activity":0,"lastBolusTime":0,"time":"2023-12-20T04:39:58.648Z","iobWithZeroTemp":{"iob":-0.476,"basaliob":-0.476,"bolussnooze":0,"activity":-0.0051,"lastBolusTime":0,"time":"2023-12-20T04:39:58.648Z"}},{"iob":-0.001,"basaliob":-0.001,"bolussnooze":0,"activity":0,"lastBolusTime":0,"time":"2023-12-20T04:44:58.648Z","iobWithZeroTemp":{"iob":-0.484,"basaliob":-0.484,"bolussnooze":0,"activity":-0.0052,"lastBolusTime":0,"time":"2023-12-20T04:44:58.648Z"}},{"iob":-0.001,"basaliob":-0.001,"bolussnooze":0,"activity":0,"lastBolusTime":0,"time":"2023-12-20T04:49:58.648Z","iobWithZeroTemp":{"iob":-0.491,"basaliob":-0.491,"bolussnooze":0,"activity":-0.0053,"lastBolusTime":0,"time":"2023-12-20T04:49:58.648Z"}},{"iob":-0.001,"basaliob":-0.001,"bolussnooze":0,"activity":0,"lastBolusTime":0,"time":"2023-12-20T04:54:58.648Z","iobWithZeroTemp":{"iob":-0.498,"basaliob":-0.498,"bolussnooze":0,"activity":-0.0054,"lastBolusTime":0,"time":"2023-12-20T04:54:58.648Z"}},{"iob":-0.001,"basaliob":-0.001,"bolussnooze":0,"activity":0,"lastBolusTime":0,"time":"2023-12-20T04:59:58.648Z","iobWithZeroTemp":{"iob":-0.504,"basaliob":-0.504,"bolussnooze":0,"activity":-0.0055,"lastBolusTime":0,"time":"2023-12-20T04:59:58.648Z"}},{"iob":0,"basaliob":0,"bolussnooze":0,"activity":0,"lastBolusTime":0,"time":"2023-12-20T05:04:58.648Z","iobWithZeroTemp":{"iob":-0.504,"basaliob":-0.504,"bolussnooze":0,"activity":-0.0056,"lastBolusTime":0,"time":"2023-12-20T05:04:58.648Z"}},{"iob":0,"basaliob":0,"bolussnooze":0,"activity":0,"lastBolusTime":0,"time":"2023-12-20T05:09:58.648Z","iobWithZeroTemp":{"iob":-0.505,"basaliob":-0.505,"bolussnooze":0,"activity":-0.0057,"lastBolusTime":0,"time":"2023-12-20T05:09:58.648Z"}},{"iob":0,"basaliob":0,"bolussnooze":0,"activity":0,"lastBolusTime":0,"time":"2023-12-20T05:14:58.648Z","iobWithZeroTemp":{"iob":-0.506,"basaliob":-0.506,"bolussnooze":0,"activity":-0.0057,"lastBolusTime":0,"time":"2023-12-20T05:14:58.648Z"}}],"profile":{"max_iob":10,"type":"current","max_daily_basal":0.4,"max_basal":0.8,"min_bg":95,"max_bg":95,"target_bg":95,"carb_ratio":8.8,"sens":130,"max_daily_safety_multiplier":3,"current_basal_safety_multiplier":4,"lgsThreshold":95,"high_temptarget_raises_sensitivity":true,"low_temptarget_lowers_sensitivity":true,"sensitivity_raises_target":true,"resistance_lowers_target":true,"adv_target_adjustments":false,"exercise_mode":false,"half_basal_exercise_target":160,"maxCOB":120,"skip_neutral_temps":false,"remainingCarbsCap":90,"enableUAM":true,"A52_risk_enable":false,"SMBInterval":5,"enableSMB_with_COB":true,"enableSMB_with_temptarget":true,"allowSMB_with_high_temptarget":false,"enableSMB_always":false,"enableSMB_after_carbs":true,"maxSMBBasalMinutes":30,"maxUAMSMBBasalMinutes":40,"bolus_increment":0.05,"carbsReqThreshold":4,"current_basal":0.2,"temptargetSet":false,"autosens_max":1.3,"autosens_min":0.7,"variable_sens":155.3,"insulinDivisor":75,"TDD":14.265488095238094},"autosens_data":{"ratio":0.8054933314953306},"meal_data":{"carbs":0,"mealCOB":0,"slopeFromMaxDeviation":-1.1992500000000001,"slopeFromMinDeviation":0,"lastBolusTime":1703025007140,"lastCarbTime":0},"microBolusAllowed":true,"currentTime":1703035200464,"flatBGsDetected":false,"tdd1D":13.533333333333333,"tdd7D":17.272023809523805,"tddLast24H":13.912500000000001,"tddLast4H":1.3333333333333335,"tddLast8to4H":3.5000000000000004},"output":{"temp":"absolute","bg":94,"tick":-4,"eventualBG":88,"targetBG":103,"insulinReq":0,"deliverAt":"2023-12-20T01:20:00.464Z","sensitivityRatio":0.8054933314953306,"variable_sens":155.3,"predBGs":{"IOB":[94,90,87,84,82,80,78,77,76,75,75,74,75,75,75,75,76,76,76,76,76,76,77,77,77,77,77,77,77,77,77,77,78],"ZT":[94,94,94,95,95,95,96,96,97,98,99,100,101,102,103]},"reason":"COB: 0, Dev: -11, BGI: 0, ISF: 155, CR: 8.8, Target: 103, minPredBG 85, minGuardBG 74, IOBpredBG 78; minGuardBG 74<95 55m left and 0 ~ req 0U\/hr: no temp required","COB":0,"IOB":-0.032,"timestamp":"2023-12-20T01:20:00.493Z"}}