{"algorithm":"OpenAPSSMBDynamicISFPlugin","input":{"glucoseStatus":{"glucose":78,"noise":0,"delta":-2.89,"short_avgdelta":-2.89,"long_avgdelta":-2.57,"date":1702919662000},"currenttemp":{"temp":"absolute","duration":115,"rate":0,"minutesrunning":5},"iob_data":[{"iob":-0.028,"basaliob":-0.097,"bolussnooze":0,"activity":8.0E-4,"lastBolusTime":1702911594496,"time":"2023-12-18T17:14:50.152Z","iobWithZeroTemp":{"iob":-0.028,"basaliob":-0.097,"bolussnooze":0,"activity":8.0E-4,"lastBolusTime":1702911594496,"time":"2023-12-18T17:14:50.152Z"}},{"iob":-0.032,"basaliob":-0.093,"bolussnooze":0,"activity":6.0E-4,"lastBolusTime":1702911594496,"time":"2023-12-18T17:19:50.152Z","iobWithZeroTemp":{"iob":-0.039,"basaliob":-0.1,"bolussnooze":0,"activity":6.0E-4,"lastBolusTime":1702911594496,"time":"2023-12-18T17:19:50.152Z"}},{"iob":-0.034,"basaliob":-0.089,"bolussnooze":0,"activity":5.0E-4,"lastBolusTime":1702911594496,"time":"2023-12-18T17:24:50.152Z","iobWithZeroTemp":{"iob":-0.049,"basaliob":-0.104,"bolussnooze":0,"activity":5.0E-4,"lastBolusTime":1702911594496,"time":"2023-12-18T17:24:50.152Z"}},{"iob":-0.036,"basaliob":-0.085,"bolussnooze":0,"activity":2.0E-4,"lastBolusTime":1702911594496,"time":"2023-12-18T17:29:50.152Z","iobWithZeroTemp":{"iob":-0.059,"basaliob":-0.108,"bolussnooze":0,"activity":1.0E-4,"lastBolusTime":1702911594496,"time":"2023-12-18T17:29:50.152Z"}},{"iob":-0.037,"basaliob":-0.08,"bolussnooze":0,"activity":1.0E-4,"lastBolusTime":1702911594496,"time":"2023-12-18T17:34:50.152Z","iobWithZeroTemp":{"iob":-0.068,"basaliob":-0.111,"bolussnooze":0,"activity":0,"lastBolusTime":1702911594496,"time":"2023-12-18T17:34:50.152Z"}},{"iob":-0.038,"basaliob":-0.076,"bolussnooze":0,"activity":0,"lastBolusTime":1702911594496,"time":"2023-12-18T17:39:50.152Z","iobWithZeroTemp":{"iob":-0.076,"basaliob":-0.114,"bolussnooze":0,"activity":-2.0E-4,"lastBolusTime":1702911594496,"time":"2023-12-18T17:39:50.152Z"}},{"iob":-0.037,"basaliob":-0.071,"bolussnooze":0,"activity":-1.0E-4,"lastBolusTime":1702911594496,"time":"2023-12-18T17:44:50.152Z","iobWithZeroTemp":{"iob":-0.083,"basaliob":-0.117,"bolussnooze":0,"activity":-3.0E-4,"lastBolusTime":1702911594496,"time":"2023-12-18T17:44:50.152Z"}},{"iob":-0.037,"basaliob":-0.067,"bolussnooze":0,"activity":-1.0E-4,"lastBolusTime":1702911594496,"time":"2023-12-18T17:49:50.152Z","iobWithZeroTemp":{"iob":-0.09,"basaliob":-0.12,"bolussnooze":0,"activity":-4.0E-4,"lastBolusTime":1702911594496,"time":"2023-12-18T17:49:50.152Z"}},{"iob":-0.036,"basaliob":-0.063,"bolussnooze":0,"activity":-1.0E-4,"lastBolusTime":1702911594496,"time":"2023-12-18T17:54:50.152Z","iobWithZeroTemp":{"iob":-0.095,"basaliob":-0.122,"bolussnooze":0,"activity":-5.0E-4,"lastBolusTime":1702911594496,"time":"2023-12-18T17:54:50.152Z"}},{"iob":-0.036,"basaliob":-0.059,"bolussnooze":0,"activity":-2.0E-4,"lastBolusTime":1702911594496,"time":"2023-12-18T17:59:50.152Z","iobWithZeroTemp":{"iob":-0.102,"basaliob":-0.125,"bolussnooze":0,"activity":-6.0E-4,"lastBolusTime":1702911594496,"time":"2023-12-18T17:59:50.152Z"}},{"iob":-0.035,"basaliob":-0.055,"bolussnooze":0,"activity":-3.0E-4,"lastBolusTime":1702911594496,"time":"2023-12-18T18:04:50.152Z","iobWithZeroTemp":{"iob":-0.107,"basaliob":-0.127,"bolussnooze":0,"activity":-8.0E-4,"lastBolusTime":1702911594496,"time":"2023-12-18T18:04:50.152Z"}},{"iob":-0.033,"basaliob":-0.051,"bolussnooze":0,"activity":-3.0E-4,"lastBolusTime":1702911594496,"time":"2023-12-18T18:09:50.152Z","iobWithZeroTemp":{"iob":-0.11,"basaliob":-0.128,"bolussnooze":0,"activity":-9.0E-4,"lastBolusTime":1702911594496,"time":"2023-12-18T18:09:50.152Z"}},{"iob":-0.031,"basaliob":-0.047,"bolussnooze":0,"activity":-3.0E-4,"lastBolusTime":1702911594496,"time":"2023-12-18T18:14:50.152Z","iobWithZeroTemp":{"iob":-0.113,"basaliob":-0.129,"bolussnooze":0,"activity":-0.001,"lastBolusTime":1702911594496,"time":"2023-12-18T18:14:50.152Z"}},{"iob":-0.029,"basaliob":-0.043,"bolussnooze":0,"activity":-3.0E-4,"lastBolusTime":1702911594496,"time":"2023-12-18T18:19:50.152Z","iobWithZeroTemp":{"iob":-0.116,"basaliob":-0.13,"bolussnooze":0,"activity":-0.001,"lastBolusTime":1702911594496,"time":"2023-12-18T18:19:50.152Z"}},{"iob":-0.028,"basaliob":-0.04,"bolussnooze":0,"activity":-3.0E-4,"lastBolusTime":1702911594496,"time":"2023-12-18T18:24:50.152Z","iobWithZeroTemp":{"iob":-0.12,"basaliob":-0.132,"bolussnooze":0,"activity":-0.0011,"lastBolusTime":1702911594496,"time":"2023-12-18T18:24:50.152Z"}},{"iob":-0.027,"basaliob":-0.037,"bolussnooze":0,"activity":-3.0E-4,"lastBolusTime":1702911594496,"time":"2023-12-18T18:29:50.152Z","iobWithZeroTemp":{"iob":-0.123,"basaliob":-0.133,"bolussnooze":0,"activity":-0.0012,"lastBolusTime":1702911594496,"time":"2023-12-18T18:29:50.152Z"}},{"iob":-0.025,"basaliob":-0.034,"bolussnooze":0,"activity":-3.0E-4,"lastBolusTime":1702911594496,"time":"2023-12-18T18:34:50.152Z","iobWithZeroTemp":{"iob":-0.125,"basaliob":-0.134,"bolussnooze":0,"activity":-0.0012,"lastBolusTime":1702911594496,"time":"2023-12-18T18:34:50.152Z"}},{"iob":-0.023,"basaliob":-0.031,"bolussnooze":0,"activity":-3.0E-4,"lastBolusTime":1702911594496,"time":"2023-12-18T18:39:50.152Z","iobWithZeroTemp":{"iob":-0.127,"basaliob":-0.135,"bolussnooze":0,"activity":-0.0013,"lastBolusTime":1702911594496,"time":"2023-12-18T18:39:50.152Z"}},{"iob":-0.023,"basaliob":-0.029,"bolussnooze":0,"activity":-3.0E-4,"lastBolusTime":1702911594496,"time":"2023-12-18T18:44:50.152Z","iobWithZeroTemp":{"iob":-0.13,"basaliob":-0.136,"bolussnooze":0,"activity":-0.0013,"lastBolusTime":1702911594496,"time":"2023-12-18T18:44:50.152Z"}},{"iob":-0.02,"basaliob":-0.026,"bolussnooze":0,"activity":-3.0E-4,"lastBolusTime":1702911594496,"time":"2023-12-18T18:49:50.152Z","iobWithZeroTemp":{"iob":-0.13,"basaliob":-0.136,"bolussnooze":0,"activity":-0.0014,"lastBolusTime":1702911594496,"time":"2023-12-18T18:49:50.152Z"}},{"iob":-0.019,"basaliob":-0.024,"bolussnooze":0,"activity":-2.0E-4,"lastBolusTime":1702911594496,"time":"2023-12-18T18:54:50.152Z","iobWithZeroTemp":{"iob":-0.132,"basaliob":-0.137,"bolussnooze":0,"activity":-0.0013,"lastBolusTime":1702911594496,"time":"2023-12-18T18:54:50.152Z"}},{"iob":-0.018,"basaliob":-0.022,"bolussnooze":0,"activity":-3.0E-4,"lastBolusTime":1702911594496,"time":"2023-12-18T18:59:50.152Z","iobWithZeroTemp":{"iob":-0.134,"basaliob":-0.138,"bolussnooze":0,"activity":-0.0015,"lastBolusTime":1702911594496,"time":"2023-12-18T18:59:50.152Z"}},{"iob":-0.017,"basaliob":-0.02,"bolussnooze":0,"activity":-3.0E-4,"lastBolusTime":1702911594496,"time":"2023-12-18T19:04:50.152Z","iobWithZeroTemp":{"iob":-0.156,"basaliob":-0.159,"bolussnooze":0,"activity":-0.0015,"lastBolusTime":1702911594496,"time":"2023-12-18T19:04:50.152Z"}},{"iob":-0.015,"basaliob":-0.018,"bolussnooze":0,"activity":-2.0E-4,"lastBolusTime":1702911594496,"time":"2023-12-18T19:09:50.152Z","iobWithZeroTemp":{"iob":-0.176,"basaliob":-0.179,"bolussnooze":0,"activity":-0.0015,"lastBolusTime":1702911594496,"time":"2023-12-18T19:09:50.152Z"}},{"iob":-0.014,"basaliob":-0.016,"bolussnooze":0,"activity":-2.0E-4,"lastBolusTime":1702911594496,"time":"2023-12-18T19:14:50.152Z","iobWithZeroTemp":{"iob":-0.197,"basaliob":-0.199,"bolussnooze":0,"activity":-0.0017,"lastBolusTime":1702911594496,"time":"2023-12-18T19:14:50.152Z"}},{"iob":-0.013,"basaliob":-0.015,"bolussnooze":0,"activity":-2.0E-4,"lastBolusTime":1702911594496,"time":"2023-12-18T19:19:50.152Z","iobWithZeroTemp":{"iob":-0.218,"basaliob":-0.22,"bolussnooze":0,"activity":-0.0018,"lastBolusTime":1702911594496,"time":"2023-12-18T19:19:50.152Z"}},{"iob":-0.011,"basaliob":-0.013,"bolussnooze":0,"activity":-2.0E-4,"lastBolusTime":1702911594496,"time":"2023-12-18T19:24:50.152Z","iobWithZeroTemp":{"iob":-0.236,"basaliob":-0.238,"bolussnooze":0,"activity":-0.002,"lastBolusTime":1702911594496,"time":"2023-12-18T19:24:50.152Z"}},{"iob":-0.011,"basaliob":-0.012,"bolussnooze":0,"activity":-2.0E-4,"lastBolusTime":1702911594496,"time":"2023-12-18T19:29:50.152Z","iobWithZeroTemp":{"iob":-0.256,"basaliob":-0.257,"bolussnooze":0,"activity":-0.0022,"lastBolusTime":1702911594496,"time":"2023-12-18T19:29:50.152Z"}},{"iob":-0.01,"basaliob":-0.011,"bolussnooze":0,"activity":-2.0E-4,"lastBolusTime":1702911594496,"time":"2023-12-18T19:34:50.152Z","iobWithZeroTemp":{"iob":-0.273,"basaliob":-0.274,"bolussnooze":0,"activity":-0.0024,"lastBolusTime":1702911594496,"time":"2023-12-18T19:34:50.152Z"}},{"iob":-0.009,"basaliob":-0.01,"bolussnooze":0,"activity":-2.0E-4,"lastBolusTime":1702911594496,"time":"2023-12-18T19:39:50.152Z","iobWithZeroTemp":{"iob":-0.29,"basaliob":-0.291,"bolussnooze":0,"activity":-0.0026,"lastBolusTime":1702911594496,"time":"2023-12-18T19:39:50.152Z"}},{"iob":-0.008,"basaliob":-0.009,"bolussnooze":0,"activity":-2.0E-4,"lastBolusTime":1702911594496,"time":"2023-12-18T19:44:50.152Z","iobWithZeroTemp":{"iob":-0.305,"basaliob":-0.306,"bolussnooze":0,"activity":-0.0028,"lastBolusTime":1702911594496,"time":"2023-12-18T19:44:50.152Z"}},{"iob":-0.007,"basaliob":-0.008,"bolussnooze":0,"activity":-2.0E-4,"lastBolusTime":1702911594496,"time":"2023-12-18T19:49:50.152Z","iobWithZeroTemp":{"iob":-0.32,"basaliob":-0.321,"bolussnooze":0,"activity":-0.003,"lastBolusTime":1702911594496,"time":"2023-12-18T19:49:50.152Z"}},{"iob":-0.007,"basaliob":-0.007,"bolussnooze":0,"activity":-2.0E-4,"lastBolusTime":1702911594496,"time":"2023-12-18T19:54:50.152Z","iobWithZeroTemp":{"iob":-0.335,"basaliob":-0.335,"bolussnooze":0,"activity":-0.0032,"lastBolusTime":1702911594496,"time":"2023-12-18T19:54:50.152Z"}},{"iob":-0.006,"basaliob":-0.006,"bolussnooze":0,"activity":-1.0E-4,"lastBolusTime":1702911594496,"time":"2023-12-18T19:59:50.152Z","iobWithZeroTemp":{"iob":-0.348,"basaliob":-0.348,"bolussnooze":0,"activity":-0.0033,"lastBolusTime":1702911594496,"time":"2023-12-18T19:59:50.152Z"}},{"iob":-0.005,"basaliob":-0.005,"bolussnooze":0,"activity":-1.0E-4,"lastBolusTime":1702911594496,"time":"2023-12-18T20:04:50.152Z","iobWithZeroTemp":{"iob":-0.359,"basaliob":-0.359,"bolussnooze":0,"activity":-0.0035,"lastBolusTime":1702911594496,"time":"2023-12-18T20:04:50.152Z"}},{"iob":-0.005,"basaliob":-0.005,"bolussnooze":0,"activity":-1.0E-4,"lastBolusTime":1702911594496,"time":"2023-12-18T20:09:50.152Z","iobWithZeroTemp":{"iob":-0.371,"basaliob":-0.371,"bolussnooze":0,"activity":-0.0036,"lastBolusTime":1702911594496,"time":"2023-12-18T20:09:50.152Z"}},{"iob":-0.004,"basaliob":-0.004,"bolussnooze":0,"activity":-1.0E-4,"lastBolusTime":1702911594496,"time":"2023-12-18T20:14:50.152Z","iobWithZeroTemp":{"iob":-0.381,"basaliob":-0.381,"bolussnooze":0,"activity":-0.0038,"lastBolusTime":1702911594496,"time":"2023-12-18T20:14:50.152Z"}},{"iob":-0.004,"basaliob":-0.004,"bolussnooze":0,"activity":-1.0E-4,"lastBolusTime":1702911594496,"time":"2023-12-18T20:19:50.152Z","iobWithZeroTemp":{"iob":-0.392,"basaliob":-0.392,"bolussnooze":0,"activity":-0.004,"lastBolusTime":1702911594496,"time":"2023-12-18T20:19:50.152Z"}},{"iob":-0.003,"basaliob":-0.003,"bolussnooze":0,"activity":-1.0E-4,"lastBolusTime":1702911594496,"time":"2023-12-18T20:24:50.152Z","iobWithZeroTemp":{"iob":-0.4,"basaliob":-0.4,"bolussnooze":0,"activity":-0.0041,"lastBolusTime":1702911594496,"time":"2023-12-18T20:24:50.152Z"}},{"iob":-0.003,"basaliob":-0.003,"bolussnooze":0,"activity":-1.0E-4,"lastBolusTime":1702911594496,"time":"2023-12-18T20:29:50.152Z","iobWithZeroTemp":{"iob":-0.409,"basaliob":-0.409,"bolussnooze":0,"activity":-0.0043,"lastBolusTime":1702911594496,"time":"2023-12-18T20:29:50.152Z"}},{"iob":-0.003,"basaliob":-0.003,"bolussnooze":0,"activity":-1.0E-4,"lastBolusTime":1702911594496,"time":"2023-12-18T20:34:50.152Z","iobWithZeroTemp":{"iob":-0.417,"basaliob":-0.417,"bolussnooze":0,"activity":-0.0044,"lastBolusTime":1702911594496,"time":"2023-12-18T20:34:50.152Z"}},{"iob":-0.002,"basaliob":-0.002,"bolussnooze":0,"activity":-1.0E-4,"lastBolusTime":1702911594496,"time":"2023-12-18T20:39:50.152Z","iobWithZeroTemp":{"iob":-0.423,"basaliob":-0.423,"bolussnooze":0,"activity":-0.0045,"lastBolusTime":1702911594496,"time":"2023-12-18T20:39:50.152Z"}},{"iob":-0.002,"basaliob":-0.002,"bolussnooze":0,"activity":-1.0E-4,"lastBolusTime":1702911594496,"time":"2023-12-18T20:44:50.152Z","iobWithZeroTemp":{"iob":-0.43,"basaliob":-0.43,"bolussnooze":0,"activity":-0.0046,"lastBolusTime":1702911594496,"time":"2023-12-18T20:44:50.152Z"}},{"iob":-0.002,"basaliob":-0.002,"bolussnooze":0,"activity":0,"lastBolusTime":1702911594496,"time":"2023-12-18T20:49:50.152Z","iobWithZeroTemp":{"iob":-0.436,"basaliob":-0.436,"bolussnooze":0,"activity":-0.0046,"lastBolusTime":1702911594496,"time":"2023-12-18T20:49:50.152Z"}},{"iob":-0.001,"basaliob":-0.001,"bolussnooze":0,"activity":0,"lastBolusTime":1702911594496,"time":"2023-12-18T20:54:50.152Z","iobWithZeroTemp":{"iob":-0.441,"basaliob":-0.441,"bolussnooze":0,"activity":-0.0048,"lastBolusTime":1702911594496,"time":"2023-12-18T20:54:50.152Z"}},{"iob":-0.001,"basaliob":-0.001,"bolussnooze":0,"activity":0,"lastBolusTime":1702911594496,"time":"2023-12-18T20:59:50.152Z","iobWithZeroTemp":{"iob":-0.446,"basaliob":-0.446,"bolussnooze":0,"activity":-0.0048,"lastBolusTime":1702911594496,"time":"2023-12-18T20:59:50.152Z"}},{"iob":-0.001,"basaliob":-0.001,"bolussnooze":0,"activity":0,"lastBolusTime":0,"time":"2023-12-18T21:04:50.152Z","iobWithZeroTemp":{"iob":-0.447,"basaliob":-0.447,"bolussnooze":0,"activity":-0.0049,"lastBolusTime":0,"time":"2023-12-18T21:04:50.152Z"}},{"iob":-0.001,"basaliob":-0.001,"bolussnooze":0,"activity":0,"lastBolusTime":0,"time":"2023-12-18T21:09:50.152Z","iobWithZeroTemp":{"iob":-0.447,"basaliob":-0.447,"bolussnooze":0,"activity":-0.005,"lastBolusTime":0,"time":"2023-12-18T21:09:50.152Z"}}],"profile":{"max_iob":10,"type":"current","max_daily_basal":0.4,"max_basal":0.4,"min_bg":130,"max_bg":130,"target_bg":130,"carb_ratio":8.8,"sens":120,"max_daily_safety_multiplier":3,"current_basal_safety_multiplier":4,"lgsThreshold":95,"high_temptarget_raises_sensitivity":true,"low_temptarget_lowers_sensitivity":true,"sensitivity_raises_target":true,"resistance_lowers_target":true,"adv_target_adjustments":false,"exercise_mode":false,"half_basal_exercise_target":160,"maxCOB":120,"skip_neutral_temps":false,"remainingCarbsCap":90,"enableUAM":true,"A52_risk_enable":false,"SMBInterval":5,"enableSMB_with_COB":true,"enableSMB_with_temptarget":true,"allowSMB_with_high_temptarget":false,"enableSMB_always":false,"enableSMB_after_carbs":true,"maxSMBBasalMinutes":30,"maxUAMSMBBasalMinutes":40,"bolus_increment":0.05,"carbsReqThreshold":4,"current_basal":0.1,"temptargetSet":true,"autosens_max":1.3,"autosens_min":0.7,"variable_sens":145.9,"insulinDivisor":75,"TDD":17.303633333333334},"autosens_data":{"ratio":0.891310653462064},"meal_data":{"carbs":0,"mealCOB":0,"slopeFromMaxDeviation":0,"slopeFromMinDeviation":0.08680000000000004,"lastBolusTime":1702911594496,"lastCarbTime":0},"microBolusAllowed":true,"currentTime":1702919691983,"flatBGsDetected":false,"tdd1D":16.272499999999997,"tdd7D":20.110833333333336,"tddLast24H":17.924999999999994,"tddLast4H":2.2750000000000004,"tddLast8to4H":3.270833333333333},"output":{"temp":"absolute","bg":78,"tick":-3,"eventualBG":70,"targetBG":130,"insulinReq":0,"deliverAt":"2023-12-18T17:14:51.983Z","sensitivityRatio":0.67,"variable_sens":145.9,"predBGs":{"IOB":[78,75,73,71,69,68,67,66,65,65,64,64,65,65,65,65,66,66,66,66,67,67,67,67,67,68,68,68,68,68,68,69,69,69,69,69,69,69,69,69,69,69,70],"ZT":[78,77,77,77,77,77,77,77,77,78,78,79,79,80,81,81,82,83,84,85,86,87,88,89,90,91,92,93,95,96,98,100,102,104,106,108,110,112,114,116,119,121,124,126,129]},"reason":"COB: 0, Dev: -12, BGI: -1, ISF: 146, CR: 8.8, Target: 130, minPredBG 71, minGuardBG 64, IOBpredBG 70; minGuardBG 64<95 115m left and 0 ~ req 0U\/hr: no temp required","COB":0,"IOB":-0.028,"timestamp":"2023-12-18T17:14:52.011Z"}}