{"algorithm":"OpenAPSSMBDynamicISFPlugin","input":{"glucoseStatus":{"glucose":157,"noise":0,"delta":4.39,"short_avgdelta":4.39,"long_avgdelta":0.82,"date":1702925063000},"currenttemp":{"temp":"absolute","duration":95,"rate":0,"minutesrunning":25},"iob_data":[{"iob":2.581,"basaliob":-0.014,"bolussnooze":2.0597,"activity":0.0183,"lastBolusTime":1702924206422,"time":"2023-12-18T18:44:50.312Z","iobWithZeroTemp":{"iob":2.581,"basaliob":-0.014,"bolussnooze":2.0597,"activity":0.0183,"lastBolusTime":1702924206422,"time":"2023-12-18T18:44:50.312Z"}},{"iob":2.483,"basaliob":-0.013,"bolussnooze":1.8394,"activity":0.0206,"lastBolusTime":1702924206422,"time":"2023-12-18T18:49:50.312Z","iobWithZeroTemp":{"iob":2.476,"basaliob":-0.02,"bolussnooze":1.8394,"activity":0.0206,"lastBolusTime":1702924206422,"time":"2023-12-18T18:49:50.312Z"}},{"iob":2.377,"basaliob":-0.011,"bolussnooze":1.6206,"activity":0.0222,"lastBolusTime":1702924206422,"time":"2023-12-18T18:54:50.312Z","iobWithZeroTemp":{"iob":2.362,"basaliob":-0.026,"bolussnooze":1.6206,"activity":0.0222,"lastBolusTime":1702924206422,"time":"2023-12-18T18:54:50.312Z"}},{"iob":2.264,"basaliob":-0.01,"bolussnooze":1.4116,"activity":0.0232,"lastBolusTime":1702924206422,"time":"2023-12-18T18:59:50.312Z","iobWithZeroTemp":{"iob":2.241,"basaliob":-0.033,"bolussnooze":1.4116,"activity":0.0231,"lastBolusTime":1702924206422,"time":"2023-12-18T18:59:50.312Z"}},{"iob":2.146,"basaliob":-0.009,"bolussnooze":1.2175,"activity":0.0237,"lastBolusTime":1702924206422,"time":"2023-12-18T19:04:50.312Z","iobWithZeroTemp":{"iob":2.095,"basaliob":-0.06,"bolussnooze":1.2175,"activity":0.0236,"lastBolusTime":1702924206422,"time":"2023-12-18T19:04:50.312Z"}},{"iob":2.027,"basaliob":-0.008,"bolussnooze":1.041,"activity":0.0238,"lastBolusTime":1702924206422,"time":"2023-12-18T19:09:50.312Z","iobWithZeroTemp":{"iob":1.949,"basaliob":-0.086,"bolussnooze":1.041,"activity":0.0235,"lastBolusTime":1702924206422,"time":"2023-12-18T19:09:50.312Z"}},{"iob":1.907,"basaliob":-0.008,"bolussnooze":0.883,"activity":0.0237,"lastBolusTime":1702924206422,"time":"2023-12-18T19:14:50.312Z","iobWithZeroTemp":{"iob":1.802,"basaliob":-0.113,"bolussnooze":0.883,"activity":0.0233,"lastBolusTime":1702924206422,"time":"2023-12-18T19:14:50.312Z"}},{"iob":1.79,"basaliob":-0.007,"bolussnooze":0.7437,"activity":0.0233,"lastBolusTime":1702924206422,"time":"2023-12-18T19:19:50.312Z","iobWithZeroTemp":{"iob":1.658,"basaliob":-0.139,"bolussnooze":0.7437,"activity":0.0227,"lastBolusTime":1702924206422,"time":"2023-12-18T19:19:50.312Z"}},{"iob":1.675,"basaliob":-0.006,"bolussnooze":0.622,"activity":0.0228,"lastBolusTime":1702924206422,"time":"2023-12-18T19:24:50.312Z","iobWithZeroTemp":{"iob":1.518,"basaliob":-0.163,"bolussnooze":0.622,"activity":0.022,"lastBolusTime":1702924206422,"time":"2023-12-18T19:24:50.312Z"}},{"iob":1.563,"basaliob":-0.005,"bolussnooze":0.5169,"activity":0.0221,"lastBolusTime":1702924206422,"time":"2023-12-18T19:29:50.312Z","iobWithZeroTemp":{"iob":1.382,"basaliob":-0.186,"bolussnooze":0.5169,"activity":0.021,"lastBolusTime":1702924206422,"time":"2023-12-18T19:29:50.312Z"}},{"iob":1.454,"basaliob":-0.005,"bolussnooze":0.4268,"activity":0.0213,"lastBolusTime":1702924206422,"time":"2023-12-18T19:34:50.312Z","iobWithZeroTemp":{"iob":1.249,"basaliob":-0.21,"bolussnooze":0.4268,"activity":0.02,"lastBolusTime":1702924206422,"time":"2023-12-18T19:34:50.312Z"}},{"iob":1.35,"basaliob":-0.004,"bolussnooze":0.3502,"activity":0.0203,"lastBolusTime":1702924206422,"time":"2023-12-18T19:39:50.312Z","iobWithZeroTemp":{"iob":1.123,"basaliob":-0.231,"bolussnooze":0.3502,"activity":0.0188,"lastBolusTime":1702924206422,"time":"2023-12-18T19:39:50.312Z"}},{"iob":1.251,"basaliob":-0.004,"bolussnooze":0.2855,"activity":0.0194,"lastBolusTime":1702924206422,"time":"2023-12-18T19:44:50.312Z","iobWithZeroTemp":{"iob":1.004,"basaliob":-0.251,"bolussnooze":0.2855,"activity":0.0176,"lastBolusTime":1702924206422,"time":"2023-12-18T19:44:50.312Z"}},{"iob":1.157,"basaliob":-0.003,"bolussnooze":0.2313,"activity":0.0184,"lastBolusTime":1702924206422,"time":"2023-12-18T19:49:50.312Z","iobWithZeroTemp":{"iob":0.89,"basaliob":-0.27,"bolussnooze":0.2313,"activity":0.0164,"lastBolusTime":1702924206422,"time":"2023-12-18T19:49:50.312Z"}},{"iob":1.067,"basaliob":-0.003,"bolussnooze":0.1861,"activity":0.0174,"lastBolusTime":1702924206422,"time":"2023-12-18T19:54:50.312Z","iobWithZeroTemp":{"iob":0.782,"basaliob":-0.288,"bolussnooze":0.1861,"activity":0.0151,"lastBolusTime":1702924206422,"time":"2023-12-18T19:54:50.312Z"}},{"iob":0.983,"basaliob":-0.002,"bolussnooze":0.1486,"activity":0.0163,"lastBolusTime":1702924206422,"time":"2023-12-18T19:59:50.312Z","iobWithZeroTemp":{"iob":0.68,"basaliob":-0.305,"bolussnooze":0.1486,"activity":0.0138,"lastBolusTime":1702924206422,"time":"2023-12-18T19:59:50.312Z"}},{"iob":0.903,"basaliob":-0.002,"bolussnooze":0.1178,"activity":0.0153,"lastBolusTime":1702924206422,"time":"2023-12-18T20:04:50.312Z","iobWithZeroTemp":{"iob":0.584,"basaliob":-0.321,"bolussnooze":0.1178,"activity":0.0126,"lastBolusTime":1702924206422,"time":"2023-12-18T20:04:50.312Z"}},{"iob":0.829,"basaliob":-0.002,"bolussnooze":0.0927,"activity":0.0144,"lastBolusTime":1702924206422,"time":"2023-12-18T20:09:50.312Z","iobWithZeroTemp":{"iob":0.495,"basaliob":-0.336,"bolussnooze":0.0927,"activity":0.0115,"lastBolusTime":1702924206422,"time":"2023-12-18T20:09:50.312Z"}},{"iob":0.759,"basaliob":-0.002,"bolussnooze":0.0722,"activity":0.0134,"lastBolusTime":1702924206422,"time":"2023-12-18T20:14:50.312Z","iobWithZeroTemp":{"iob":0.411,"basaliob":-0.35,"bolussnooze":0.0722,"activity":0.0102,"lastBolusTime":1702924206422,"time":"2023-12-18T20:14:50.312Z"}},{"iob":0.695,"basaliob":-0.001,"bolussnooze":0.0557,"activity":0.0126,"lastBolusTime":1702924206422,"time":"2023-12-18T20:19:50.312Z","iobWithZeroTemp":{"iob":0.334,"basaliob":-0.362,"bolussnooze":0.0557,"activity":0.0092,"lastBolusTime":1702924206422,"time":"2023-12-18T20:19:50.312Z"}},{"iob":0.634,"basaliob":-0.001,"bolussnooze":0.0425,"activity":0.0117,"lastBolusTime":1702924206422,"time":"2023-12-18T20:24:50.312Z","iobWithZeroTemp":{"iob":0.262,"basaliob":-0.373,"bolussnooze":0.0425,"activity":0.0082,"lastBolusTime":1702924206422,"time":"2023-12-18T20:24:50.312Z"}},{"iob":0.578,"basaliob":-0.001,"bolussnooze":0.032,"activity":0.0108,"lastBolusTime":1702924206422,"time":"2023-12-18T20:29:50.312Z","iobWithZeroTemp":{"iob":0.195,"basaliob":-0.384,"bolussnooze":0.032,"activity":0.0071,"lastBolusTime":1702924206422,"time":"2023-12-18T20:29:50.312Z"}},{"iob":0.526,"basaliob":-0.001,"bolussnooze":0.0237,"activity":0.01,"lastBolusTime":1702924206422,"time":"2023-12-18T20:34:50.312Z","iobWithZeroTemp":{"iob":0.132,"basaliob":-0.395,"bolussnooze":0.0237,"activity":0.0061,"lastBolusTime":1702924206422,"time":"2023-12-18T20:34:50.312Z"}},{"iob":0.478,"basaliob":-0.001,"bolussnooze":0.0172,"activity":0.0093,"lastBolusTime":1702924206422,"time":"2023-12-18T20:39:50.312Z","iobWithZeroTemp":{"iob":0.075,"basaliob":-0.404,"bolussnooze":0.0172,"activity":0.0052,"lastBolusTime":1702924206422,"time":"2023-12-18T20:39:50.312Z"}},{"iob":0.434,"basaliob":0,"bolussnooze":0.0123,"activity":0.0085,"lastBolusTime":1702924206422,"time":"2023-12-18T20:44:50.312Z","iobWithZeroTemp":{"iob":0.023,"basaliob":-0.411,"bolussnooze":0.0123,"activity":0.0043,"lastBolusTime":1702924206422,"time":"2023-12-18T20:44:50.312Z"}},{"iob":0.393,"basaliob":0,"bolussnooze":0.0085,"activity":0.0079,"lastBolusTime":1702924206422,"time":"2023-12-18T20:49:50.312Z","iobWithZeroTemp":{"iob":-0.026,"basaliob":-0.419,"bolussnooze":0.0085,"activity":0.0036,"lastBolusTime":1702924206422,"time":"2023-12-18T20:49:50.312Z"}},{"iob":0.356,"basaliob":0,"bolussnooze":0.0057,"activity":0.0072,"lastBolusTime":1702924206422,"time":"2023-12-18T20:54:50.312Z","iobWithZeroTemp":{"iob":-0.07,"basaliob":-0.426,"bolussnooze":0.0057,"activity":0.0027,"lastBolusTime":1702924206422,"time":"2023-12-18T20:54:50.312Z"}},{"iob":0.321,"basaliob":0,"bolussnooze":0.0036,"activity":0.0066,"lastBolusTime":1702924206422,"time":"2023-12-18T20:59:50.312Z","iobWithZeroTemp":{"iob":-0.112,"basaliob":-0.433,"bolussnooze":0.0036,"activity":0.002,"lastBolusTime":1702924206422,"time":"2023-12-18T20:59:50.312Z"}},{"iob":0.289,"basaliob":0,"bolussnooze":0.0022,"activity":0.0061,"lastBolusTime":1702924206422,"time":"2023-12-18T21:04:50.312Z","iobWithZeroTemp":{"iob":-0.146,"basaliob":-0.435,"bolussnooze":0.0022,"activity":0.0014,"lastBolusTime":1702924206422,"time":"2023-12-18T21:04:50.312Z"}},{"iob":0.26,"basaliob":0,"bolussnooze":0.0012,"activity":0.0055,"lastBolusTime":1702924206422,"time":"2023-12-18T21:09:50.312Z","iobWithZeroTemp":{"iob":-0.176,"basaliob":-0.436,"bolussnooze":0.0012,"activity":7.0E-4,"lastBolusTime":1702924206422,"time":"2023-12-18T21:09:50.312Z"}},{"iob":0.234,"basaliob":0,"bolussnooze":6.0E-4,"activity":0.0051,"lastBolusTime":1702924206422,"time":"2023-12-18T21:14:50.312Z","iobWithZeroTemp":{"iob":-0.203,"basaliob":-0.437,"bolussnooze":6.0E-4,"activity":2.0E-4,"lastBolusTime":1702924206422,"time":"2023-12-18T21:14:50.312Z"}},{"iob":0.21,"basaliob":0,"bolussnooze":2.0E-4,"activity":0.0046,"lastBolusTime":1702924206422,"time":"2023-12-18T21:19:50.312Z","iobWithZeroTemp":{"iob":-0.228,"basaliob":-0.438,"bolussnooze":2.0E-4,"activity":-3.0E-4,"lastBolusTime":1702924206422,"time":"2023-12-18T21:19:50.312Z"}},{"iob":0.188,"basaliob":0,"bolussnooze":1.0E-4,"activity":0.0042,"lastBolusTime":1702924206422,"time":"2023-12-18T21:24:50.312Z","iobWithZeroTemp":{"iob":-0.25,"basaliob":-0.438,"bolussnooze":1.0E-4,"activity":-8.0E-4,"lastBolusTime":1702924206422,"time":"2023-12-18T21:24:50.312Z"}},{"iob":0.168,"basaliob":0,"bolussnooze":0,"activity":0.0038,"lastBolusTime":1702924206422,"time":"2023-12-18T21:29:50.312Z","iobWithZeroTemp":{"iob":-0.27,"basaliob":-0.438,"bolussnooze":0,"activity":-0.0012,"lastBolusTime":1702924206422,"time":"2023-12-18T21:29:50.312Z"}},{"iob":0.15,"basaliob":0,"bolussnooze":0,"activity":0.0035,"lastBolusTime":1702924206422,"time":"2023-12-18T21:34:50.312Z","iobWithZeroTemp":{"iob":-0.288,"basaliob":-0.438,"bolussnooze":0,"activity":-0.0016,"lastBolusTime":1702924206422,"time":"2023-12-18T21:34:50.312Z"}},{"iob":0.133,"basaliob":0,"bolussnooze":0,"activity":0.0031,"lastBolusTime":1702924206422,"time":"2023-12-18T21:39:50.312Z","iobWithZeroTemp":{"iob":-0.304,"basaliob":-0.437,"bolussnooze":0,"activity":-0.002,"lastBolusTime":1702924206422,"time":"2023-12-18T21:39:50.312Z"}},{"iob":0.118,"basaliob":0,"bolussnooze":0,"activity":0.0028,"lastBolusTime":1702924206422,"time":"2023-12-18T21:44:50.312Z","iobWithZeroTemp":{"iob":-0.319,"basaliob":-0.437,"bolussnooze":0,"activity":-0.0023,"lastBolusTime":1702924206422,"time":"2023-12-18T21:44:50.312Z"}},{"iob":0.105,"basaliob":0,"bolussnooze":0,"activity":0.0026,"lastBolusTime":1702924206422,"time":"2023-12-18T21:49:50.312Z","iobWithZeroTemp":{"iob":-0.332,"basaliob":-0.437,"bolussnooze":0,"activity":-0.0025,"lastBolusTime":1702924206422,"time":"2023-12-18T21:49:50.312Z"}},{"iob":0.093,"basaliob":0,"bolussnooze":0,"activity":0.0023,"lastBolusTime":1702924206422,"time":"2023-12-18T21:54:50.312Z","iobWithZeroTemp":{"iob":-0.343,"basaliob":-0.436,"bolussnooze":0,"activity":-0.0028,"lastBolusTime":1702924206422,"time":"2023-12-18T21:54:50.312Z"}},{"iob":0.082,"basaliob":0,"bolussnooze":0,"activity":0.0021,"lastBolusTime":1702924206422,"time":"2023-12-18T21:59:50.312Z","iobWithZeroTemp":{"iob":-0.353,"basaliob":-0.435,"bolussnooze":0,"activity":-0.003,"lastBolusTime":1702924206422,"time":"2023-12-18T21:59:50.312Z"}},{"iob":0.072,"basaliob":0,"bolussnooze":0,"activity":0.0019,"lastBolusTime":1702924206422,"time":"2023-12-18T22:04:50.312Z","iobWithZeroTemp":{"iob":-0.363,"basaliob":-0.435,"bolussnooze":0,"activity":-0.0032,"lastBolusTime":1702924206422,"time":"2023-12-18T22:04:50.312Z"}},{"iob":0.063,"basaliob":0,"bolussnooze":0,"activity":0.0017,"lastBolusTime":1702924206422,"time":"2023-12-18T22:09:50.312Z","iobWithZeroTemp":{"iob":-0.371,"basaliob":-0.434,"bolussnooze":0,"activity":-0.0034,"lastBolusTime":1702924206422,"time":"2023-12-18T22:09:50.312Z"}},{"iob":0.055,"basaliob":0,"bolussnooze":0,"activity":0.0015,"lastBolusTime":1702924206422,"time":"2023-12-18T22:14:50.312Z","iobWithZeroTemp":{"iob":-0.378,"basaliob":-0.433,"bolussnooze":0,"activity":-0.0036,"lastBolusTime":1702924206422,"time":"2023-12-18T22:14:50.312Z"}},{"iob":0.048,"basaliob":0,"bolussnooze":0,"activity":0.0013,"lastBolusTime":1702924206422,"time":"2023-12-18T22:19:50.312Z","iobWithZeroTemp":{"iob":-0.384,"basaliob":-0.432,"bolussnooze":0,"activity":-0.0038,"lastBolusTime":1702924206422,"time":"2023-12-18T22:19:50.312Z"}},{"iob":0.042,"basaliob":0,"bolussnooze":0,"activity":0.0012,"lastBolusTime":1702924206422,"time":"2023-12-18T22:24:50.312Z","iobWithZeroTemp":{"iob":-0.39,"basaliob":-0.432,"bolussnooze":0,"activity":-0.0039,"lastBolusTime":1702924206422,"time":"2023-12-18T22:24:50.312Z"}},{"iob":0.037,"basaliob":0,"bolussnooze":0,"activity":0.0011,"lastBolusTime":1702924206422,"time":"2023-12-18T22:29:50.312Z","iobWithZeroTemp":{"iob":-0.394,"basaliob":-0.431,"bolussnooze":0,"activity":-0.004,"lastBolusTime":1702924206422,"time":"2023-12-18T22:29:50.312Z"}},{"iob":0.032,"basaliob":0,"bolussnooze":0,"activity":9.0E-4,"lastBolusTime":1702924206422,"time":"2023-12-18T22:34:50.312Z","iobWithZeroTemp":{"iob":-0.398,"basaliob":-0.43,"bolussnooze":0,"activity":-0.0042,"lastBolusTime":1702924206422,"time":"2023-12-18T22:34:50.312Z"}},{"iob":0.027,"basaliob":0,"bolussnooze":0,"activity":8.0E-4,"lastBolusTime":1702924206422,"time":"2023-12-18T22:39:50.312Z","iobWithZeroTemp":{"iob":-0.403,"basaliob":-0.43,"bolussnooze":0,"activity":-0.0043,"lastBolusTime":1702924206422,"time":"2023-12-18T22:39:50.312Z"}}],"profile":{"max_iob":10,"type":"current","max_daily_basal":0.4,"max_basal":0.4,"min_bg":75,"max_bg":75,"target_bg":75,"carb_ratio":8.8,"sens":120,"max_daily_safety_multiplier":3,"current_basal_safety_multiplier":4,"lgsThreshold":95,"high_temptarget_raises_sensitivity":true,"low_temptarget_lowers_sensitivity":true,"sensitivity_raises_target":true,"resistance_lowers_target":true,"adv_target_adjustments":false,"exercise_mode":false,"half_basal_exercise_target":160,"maxCOB":120,"skip_neutral_temps":false,"remainingCarbsCap":90,"enableUAM":true,"A52_risk_enable":false,"SMBInterval":5,"enableSMB_with_COB":true,"enableSMB_with_temptarget":true,"allowSMB_with_high_temptarget":false,"enableSMB_always":false,"enableSMB_after_carbs":true,"maxSMBBasalMinutes":30,"maxUAMSMBBasalMinutes":40,"bolus_increment":0.05,"carbsReqThreshold":4,"current_basal":0.1,"temptargetSet":true,"autosens_max":1.3,"autosens_min":0.7,"variable_sens":80.7,"insulinDivisor":75,"TDD":19.755533333333336},"autosens_data":{"ratio":0.8337131728338785},"meal_data":{"carbs":20,"mealCOB":18.8824,"slopeFromMaxDeviation":-2.263333333333333,"slopeFromMinDeviation":0.8260909090909091,"lastBolusTime":1702924206422,"lastCarbTime":1702924198387},"microBolusAllowed":true,"currentTime":1702925091092,"flatBGsDetected":false,"tdd1D":16.272499999999997,"tdd7D":20.110833333333336,"tddLast24H":16.76666666666666,"tddLast4H":3.3083333333333336,"tddLast8to4H":4.987500000000001},"output":{"temp":"absolute","bg":157,"tick":"+4","eventualBG":115,"targetBG":75,"insulinReq":0.26,"deliverAt":"2023-12-18T18:44:51.092Z","sensitivityRatio":1.3,"variable_sens":80.7,"predBGs":{"IOB":[157,160,162,162,161,158,155,150,144,137,130,121,111,102,92,82,72,62,51,39],"ZT":[157,150,141,132,121,110,98,85,72,57,40,39,39,39,39,39,39,39,39,39,39,39,39,39,39,39,39,39,39,39,39,39,39,39,39,39,39,39,39,39,39,39,39,39,39,39,39,39],"COB":[157,161,164,165,166,166,166,166,165,164,163,161,160,159,158,156,155,154,153,152,150,149,147,146,144,143,141,139,137,134,132,130,128,127,125,124,122,121,120,119,118,118,117,116,116,115],"UAM":[157,159,158,154,148,138,128,117,106,94,81,68,54,39]},"reason":"COB: 18.9, Dev: 71, BGI: -7, ISF: 81, CR: 8.8, Target: 75, minPredBG 96, minGuardBG 95, IOBpredBG 39, COBpredBG 115, UAMpredBG 39; Eventual BG 115 >= 75,  insulinReq 0.26; maxBolus 0.1; setting 60m low temp of 0U\/h. Microbolusing 0.1U. ","COB":18.8824,"IOB":2.581,"units":0.1,"rate":0,"duration":60,"timestamp":"2023-12-18T18:44:51.105Z"}}