{"algorithm":"OpenAPSSMBDynamicISFPlugin","input":{"glucoseStatus":{"glucose":103,"noise":0,"delta":3.28,"short_avgdelta":3.28,"long_avgdelta":1.85,"date":1702950863000},"currenttemp":{"temp":"absolute","duration":25,"rate":0.55,"minutesrunning":5},"iob_data":[{"iob":-0.208,"basaliob":-0.211,"bolussnooze":0,"activity":-0.0033,"lastBolusTime":1702935600626,"time":"2023-12-19T01:54:55.526Z","iobWithZeroTemp":{"iob":-0.208,"basaliob":-0.211,"bolussnooze":0,"activity":-0.0033,"lastBolusTime":1702935600626,"time":"2023-12-19T01:54:55.526Z"}},{"iob":-0.192,"basaliob":-0.195,"bolussnooze":0,"activity":-0.0031,"lastBolusTime":1702935600626,"time":"2023-12-19T01:59:55.526Z","iobWithZeroTemp":{"iob":-0.205,"basaliob":-0.208,"bolussnooze":0,"activity":-0.0031,"lastBolusTime":1702935600626,"time":"2023-12-19T01:59:55.526Z"}},{"iob":-0.178,"basaliob":-0.18,"bolussnooze":0,"activity":-0.0029,"lastBolusTime":1702935600626,"time":"2023-12-19T02:04:55.526Z","iobWithZeroTemp":{"iob":-0.208,"basaliob":-0.21,"bolussnooze":0,"activity":-0.003,"lastBolusTime":1702935600626,"time":"2023-12-19T02:04:55.526Z"}},{"iob":-0.163,"basaliob":-0.165,"bolussnooze":0,"activity":-0.0027,"lastBolusTime":1702935600626,"time":"2023-12-19T02:09:55.526Z","iobWithZeroTemp":{"iob":-0.209,"basaliob":-0.211,"bolussnooze":0,"activity":-0.0028,"lastBolusTime":1702935600626,"time":"2023-12-19T02:09:55.526Z"}},{"iob":-0.15,"basaliob":-0.152,"bolussnooze":0,"activity":-0.0025,"lastBolusTime":1702935600626,"time":"2023-12-19T02:14:55.526Z","iobWithZeroTemp":{"iob":-0.212,"basaliob":-0.214,"bolussnooze":0,"activity":-0.0027,"lastBolusTime":1702935600626,"time":"2023-12-19T02:14:55.526Z"}},{"iob":-0.138,"basaliob":-0.139,"bolussnooze":0,"activity":-0.0024,"lastBolusTime":1702935600626,"time":"2023-12-19T02:19:55.526Z","iobWithZeroTemp":{"iob":-0.215,"basaliob":-0.216,"bolussnooze":0,"activity":-0.0027,"lastBolusTime":1702935600626,"time":"2023-12-19T02:19:55.526Z"}},{"iob":-0.126,"basaliob":-0.127,"bolussnooze":0,"activity":-0.0023,"lastBolusTime":1702935600626,"time":"2023-12-19T02:24:55.526Z","iobWithZeroTemp":{"iob":-0.218,"basaliob":-0.219,"bolussnooze":0,"activity":-0.0028,"lastBolusTime":1702935600626,"time":"2023-12-19T02:24:55.526Z"}},{"iob":-0.115,"basaliob":-0.116,"bolussnooze":0,"activity":-0.0021,"lastBolusTime":1702935600626,"time":"2023-12-19T02:29:55.526Z","iobWithZeroTemp":{"iob":-0.221,"basaliob":-0.222,"bolussnooze":0,"activity":-0.0027,"lastBolusTime":1702935600626,"time":"2023-12-19T02:29:55.526Z"}},{"iob":-0.105,"basaliob":-0.106,"bolussnooze":0,"activity":-0.002,"lastBolusTime":1702935600626,"time":"2023-12-19T02:34:55.526Z","iobWithZeroTemp":{"iob":-0.224,"basaliob":-0.225,"bolussnooze":0,"activity":-0.0027,"lastBolusTime":1702935600626,"time":"2023-12-19T02:34:55.526Z"}},{"iob":-0.095,"basaliob":-0.096,"bolussnooze":0,"activity":-0.0018,"lastBolusTime":1702935600626,"time":"2023-12-19T02:39:55.526Z","iobWithZeroTemp":{"iob":-0.226,"basaliob":-0.227,"bolussnooze":0,"activity":-0.0027,"lastBolusTime":1702935600626,"time":"2023-12-19T02:39:55.526Z"}},{"iob":-0.087,"basaliob":-0.087,"bolussnooze":0,"activity":-0.0017,"lastBolusTime":1702935600626,"time":"2023-12-19T02:44:55.526Z","iobWithZeroTemp":{"iob":-0.23,"basaliob":-0.23,"bolussnooze":0,"activity":-0.0027,"lastBolusTime":1702935600626,"time":"2023-12-19T02:44:55.526Z"}},{"iob":-0.079,"basaliob":-0.079,"bolussnooze":0,"activity":-0.0016,"lastBolusTime":1702935600626,"time":"2023-12-19T02:49:55.526Z","iobWithZeroTemp":{"iob":-0.233,"basaliob":-0.233,"bolussnooze":0,"activity":-0.0028,"lastBolusTime":1702935600626,"time":"2023-12-19T02:49:55.526Z"}},{"iob":-0.072,"basaliob":-0.072,"bolussnooze":0,"activity":-0.0014,"lastBolusTime":1702935600626,"time":"2023-12-19T02:54:55.526Z","iobWithZeroTemp":{"iob":-0.237,"basaliob":-0.237,"bolussnooze":0,"activity":-0.0027,"lastBolusTime":1702935600626,"time":"2023-12-19T02:54:55.526Z"}},{"iob":-0.065,"basaliob":-0.065,"bolussnooze":0,"activity":-0.0013,"lastBolusTime":1702935600626,"time":"2023-12-19T02:59:55.526Z","iobWithZeroTemp":{"iob":-0.24,"basaliob":-0.24,"bolussnooze":0,"activity":-0.0027,"lastBolusTime":1702935600626,"time":"2023-12-19T02:59:55.526Z"}},{"iob":-0.059,"basaliob":-0.059,"bolussnooze":0,"activity":-0.0012,"lastBolusTime":1702935600626,"time":"2023-12-19T03:04:55.526Z","iobWithZeroTemp":{"iob":-0.255,"basaliob":-0.255,"bolussnooze":0,"activity":-0.0028,"lastBolusTime":1702935600626,"time":"2023-12-19T03:04:55.526Z"}},{"iob":-0.053,"basaliob":-0.053,"bolussnooze":0,"activity":-0.0011,"lastBolusTime":1702935600626,"time":"2023-12-19T03:09:55.526Z","iobWithZeroTemp":{"iob":-0.27,"basaliob":-0.27,"bolussnooze":0,"activity":-0.0029,"lastBolusTime":1702935600626,"time":"2023-12-19T03:09:55.526Z"}},{"iob":-0.048,"basaliob":-0.048,"bolussnooze":0,"activity":-0.001,"lastBolusTime":1702935600626,"time":"2023-12-19T03:14:55.526Z","iobWithZeroTemp":{"iob":-0.285,"basaliob":-0.285,"bolussnooze":0,"activity":-0.0029,"lastBolusTime":1702935600626,"time":"2023-12-19T03:14:55.526Z"}},{"iob":-0.043,"basaliob":-0.043,"bolussnooze":0,"activity":-9.0E-4,"lastBolusTime":1702935600626,"time":"2023-12-19T03:19:55.526Z","iobWithZeroTemp":{"iob":-0.298,"basaliob":-0.298,"bolussnooze":0,"activity":-0.003,"lastBolusTime":1702935600626,"time":"2023-12-19T03:19:55.526Z"}},{"iob":-0.038,"basaliob":-0.038,"bolussnooze":0,"activity":-8.0E-4,"lastBolusTime":1702935600626,"time":"2023-12-19T03:24:55.526Z","iobWithZeroTemp":{"iob":-0.311,"basaliob":-0.311,"bolussnooze":0,"activity":-0.0031,"lastBolusTime":1702935600626,"time":"2023-12-19T03:24:55.526Z"}},{"iob":-0.034,"basaliob":-0.034,"bolussnooze":0,"activity":-8.0E-4,"lastBolusTime":1702935600626,"time":"2023-12-19T03:29:55.526Z","iobWithZeroTemp":{"iob":-0.324,"basaliob":-0.324,"bolussnooze":0,"activity":-0.0033,"lastBolusTime":1702935600626,"time":"2023-12-19T03:29:55.526Z"}},{"iob":-0.031,"basaliob":-0.031,"bolussnooze":0,"activity":-7.0E-4,"lastBolusTime":1702935600626,"time":"2023-12-19T03:34:55.526Z","iobWithZeroTemp":{"iob":-0.337,"basaliob":-0.337,"bolussnooze":0,"activity":-0.0034,"lastBolusTime":1702935600626,"time":"2023-12-19T03:34:55.526Z"}},{"iob":-0.027,"basaliob":-0.027,"bolussnooze":0,"activity":-6.0E-4,"lastBolusTime":1702935600626,"time":"2023-12-19T03:39:55.526Z","iobWithZeroTemp":{"iob":-0.349,"basaliob":-0.349,"bolussnooze":0,"activity":-0.0035,"lastBolusTime":1702935600626,"time":"2023-12-19T03:39:55.526Z"}},{"iob":-0.024,"basaliob":-0.024,"bolussnooze":0,"activity":-6.0E-4,"lastBolusTime":0,"time":"2023-12-19T03:44:55.526Z","iobWithZeroTemp":{"iob":-0.36,"basaliob":-0.36,"bolussnooze":0,"activity":-0.0037,"lastBolusTime":0,"time":"2023-12-19T03:44:55.526Z"}},{"iob":-0.021,"basaliob":-0.021,"bolussnooze":0,"activity":-5.0E-4,"lastBolusTime":0,"time":"2023-12-19T03:49:55.526Z","iobWithZeroTemp":{"iob":-0.37,"basaliob":-0.37,"bolussnooze":0,"activity":-0.0038,"lastBolusTime":0,"time":"2023-12-19T03:49:55.526Z"}},{"iob":-0.019,"basaliob":-0.019,"bolussnooze":0,"activity":-4.0E-4,"lastBolusTime":0,"time":"2023-12-19T03:54:55.526Z","iobWithZeroTemp":{"iob":-0.38,"basaliob":-0.38,"bolussnooze":0,"activity":-0.0039,"lastBolusTime":0,"time":"2023-12-19T03:54:55.526Z"}},{"iob":-0.017,"basaliob":-0.017,"bolussnooze":0,"activity":-4.0E-4,"lastBolusTime":0,"time":"2023-12-19T03:59:55.526Z","iobWithZeroTemp":{"iob":-0.39,"basaliob":-0.39,"bolussnooze":0,"activity":-0.004,"lastBolusTime":0,"time":"2023-12-19T03:59:55.526Z"}},{"iob":-0.015,"basaliob":-0.015,"bolussnooze":0,"activity":-4.0E-4,"lastBolusTime":0,"time":"2023-12-19T04:04:55.526Z","iobWithZeroTemp":{"iob":-0.402,"basaliob":-0.402,"bolussnooze":0,"activity":-0.0042,"lastBolusTime":0,"time":"2023-12-19T04:04:55.526Z"}},{"iob":-0.013,"basaliob":-0.013,"bolussnooze":0,"activity":-3.0E-4,"lastBolusTime":0,"time":"2023-12-19T04:09:55.526Z","iobWithZeroTemp":{"iob":-0.414,"basaliob":-0.414,"bolussnooze":0,"activity":-0.0043,"lastBolusTime":0,"time":"2023-12-19T04:09:55.526Z"}},{"iob":-0.011,"basaliob":-0.011,"bolussnooze":0,"activity":-3.0E-4,"lastBolusTime":0,"time":"2023-12-19T04:14:55.526Z","iobWithZeroTemp":{"iob":-0.425,"basaliob":-0.425,"bolussnooze":0,"activity":-0.0044,"lastBolusTime":0,"time":"2023-12-19T04:14:55.526Z"}},{"iob":-0.01,"basaliob":-0.01,"bolussnooze":0,"activity":-3.0E-4,"lastBolusTime":0,"time":"2023-12-19T04:19:55.526Z","iobWithZeroTemp":{"iob":-0.436,"basaliob":-0.436,"bolussnooze":0,"activity":-0.0046,"lastBolusTime":0,"time":"2023-12-19T04:19:55.526Z"}},{"iob":-0.009,"basaliob":-0.009,"bolussnooze":0,"activity":-2.0E-4,"lastBolusTime":0,"time":"2023-12-19T04:24:55.526Z","iobWithZeroTemp":{"iob":-0.447,"basaliob":-0.447,"bolussnooze":0,"activity":-0.0047,"lastBolusTime":0,"time":"2023-12-19T04:24:55.526Z"}},{"iob":-0.008,"basaliob":-0.008,"bolussnooze":0,"activity":-2.0E-4,"lastBolusTime":0,"time":"2023-12-19T04:29:55.526Z","iobWithZeroTemp":{"iob":-0.457,"basaliob":-0.457,"bolussnooze":0,"activity":-0.0048,"lastBolusTime":0,"time":"2023-12-19T04:29:55.526Z"}},{"iob":-0.007,"basaliob":-0.007,"bolussnooze":0,"activity":-2.0E-4,"lastBolusTime":0,"time":"2023-12-19T04:34:55.526Z","iobWithZeroTemp":{"iob":-0.465,"basaliob":-0.465,"bolussnooze":0,"activity":-0.005,"lastBolusTime":0,"time":"2023-12-19T04:34:55.526Z"}},{"iob":-0.006,"basaliob":-0.006,"bolussnooze":0,"activity":-2.0E-4,"lastBolusTime":0,"time":"2023-12-19T04:39:55.526Z","iobWithZeroTemp":{"iob":-0.474,"basaliob":-0.474,"bolussnooze":0,"activity":-0.0051,"lastBolusTime":0,"time":"2023-12-19T04:39:55.526Z"}},{"iob":-0.005,"basaliob":-0.005,"bolussnooze":0,"activity":-1.0E-4,"lastBolusTime":0,"time":"2023-12-19T04:44:55.526Z","iobWithZeroTemp":{"iob":-0.481,"basaliob":-0.481,"bolussnooze":0,"activity":-0.0051,"lastBolusTime":0,"time":"2023-12-19T04:44:55.526Z"}},{"iob":-0.004,"basaliob":-0.004,"bolussnooze":0,"activity":-1.0E-4,"lastBolusTime":0,"time":"2023-12-19T04:49:55.526Z","iobWithZeroTemp":{"iob":-0.488,"basaliob":-0.488,"bolussnooze":0,"activity":-0.0053,"lastBolusTime":0,"time":"2023-12-19T04:49:55.526Z"}},{"iob":-0.004,"basaliob":-0.004,"bolussnooze":0,"activity":-1.0E-4,"lastBolusTime":0,"time":"2023-12-19T04:54:55.526Z","iobWithZeroTemp":{"iob":-0.495,"basaliob":-0.495,"bolussnooze":0,"activity":-0.0054,"lastBolusTime":0,"time":"2023-12-19T04:54:55.526Z"}},{"iob":-0.003,"basaliob":-0.003,"bolussnooze":0,"activity":-1.0E-4,"lastBolusTime":0,"time":"2023-12-19T04:59:55.526Z","iobWithZeroTemp":{"iob":-0.501,"basaliob":-0.501,"bolussnooze":0,"activity":-0.0055,"lastBolusTime":0,"time":"2023-12-19T04:59:55.526Z"}},{"iob":-0.003,"basaliob":-0.003,"bolussnooze":0,"activity":-1.0E-4,"lastBolusTime":0,"time":"2023-12-19T05:04:55.526Z","iobWithZeroTemp":{"iob":-0.503,"basaliob":-0.503,"bolussnooze":0,"activity":-0.0056,"lastBolusTime":0,"time":"2023-12-19T05:04:55.526Z"}},{"iob":-0.002,"basaliob":-0.002,"bolussnooze":0,"activity":-1.0E-4,"lastBolusTime":0,"time":"2023-12-19T05:09:55.526Z","iobWithZeroTemp":{"iob":-0.503,"basaliob":-0.503,"bolussnooze":0,"activity":-0.0057,"lastBolusTime":0,"time":"2023-12-19T05:09:55.526Z"}},{"iob":-0.002,"basaliob":-0.002,"bolussnooze":0,"activity":-1.0E-4,"lastBolusTime":0,"time":"2023-12-19T05:14:55.526Z","iobWithZeroTemp":{"iob":-0.504,"basaliob":-0.504,"bolussnooze":0,"activity":-0.0058,"lastBolusTime":0,"time":"2023-12-19T05:14:55.526Z"}},{"iob":-0.002,"basaliob":-0.002,"bolussnooze":0,"activity":-1.0E-4,"lastBolusTime":0,"time":"2023-12-19T05:19:55.526Z","iobWithZeroTemp":{"iob":-0.505,"basaliob":-0.505,"bolussnooze":0,"activity":-0.0058,"lastBolusTime":0,"time":"2023-12-19T05:19:55.526Z"}},{"iob":-0.001,"basaliob":-0.001,"bolussnooze":0,"activity":-1.0E-4,"lastBolusTime":0,"time":"2023-12-19T05:24:55.526Z","iobWithZeroTemp":{"iob":-0.505,"basaliob":-0.505,"bolussnooze":0,"activity":-0.0059,"lastBolusTime":0,"time":"2023-12-19T05:24:55.526Z"}},{"iob":-0.001,"basaliob":-0.001,"bolussnooze":0,"activity":0,"lastBolusTime":0,"time":"2023-12-19T05:29:55.526Z","iobWithZeroTemp":{"iob":-0.505,"basaliob":-0.505,"bolussnooze":0,"activity":-0.0058,"lastBolusTime":0,"time":"2023-12-19T05:29:55.526Z"}},{"iob":-0.001,"basaliob":-0.001,"bolussnooze":0,"activity":0,"lastBolusTime":0,"time":"2023-12-19T05:34:55.526Z","iobWithZeroTemp":{"iob":-0.505,"basaliob":-0.505,"bolussnooze":0,"activity":-0.0058,"lastBolusTime":0,"time":"2023-12-19T05:34:55.526Z"}},{"iob":-0.001,"basaliob":-0.001,"bolussnooze":0,"activity":0,"lastBolusTime":0,"time":"2023-12-19T05:39:55.526Z","iobWithZeroTemp":{"iob":-0.505,"basaliob":-0.505,"bolussnooze":0,"activity":-0.0059,"lastBolusTime":0,"time":"2023-12-19T05:39:55.526Z"}},{"iob":-0.001,"basaliob":-0.001,"bolussnooze":0,"activity":0,"lastBolusTime":0,"time":"2023-12-19T05:44:55.526Z","iobWithZeroTemp":{"iob":-0.505,"basaliob":-0.505,"bolussnooze":0,"activity":-0.0059,"lastBolusTime":0,"time":"2023-12-19T05:44:55.526Z"}},{"iob":-0.001,"basaliob":-0.001,"bolussnooze":0,"activity":0,"lastBolusTime":0,"time":"2023-12-19T05:49:55.526Z","iobWithZeroTemp":{"iob":-0.504,"basaliob":-0.504,"bolussnooze":0,"activity":-0.0059,"lastBolusTime":0,"time":"2023-12-19T05:49:55.526Z"}}],"profile":{"max_iob":10,"type":"current","max_daily_basal":0.4,"max_basal":0.8,"min_bg":95,"max_bg":95,"target_bg":95,"carb_ratio":8.8,"sens":130,"max_daily_safety_multiplier":3,"current_basal_safety_multiplier":4,"lgsThreshold":95,"high_temptarget_raises_sensitivity":true,"low_temptarget_lowers_sensitivity":true,"sensitivity_raises_target":true,"resistance_lowers_target":true,"adv_target_adjustments":false,"exercise_mode":false,"half_basal_exercise_target":160,"maxCOB":120,"skip_neutral_temps":false,"remainingCarbsCap":90,"enableUAM":true,"A52_risk_enable":false,"SMBInterval":5,"enableSMB_with_COB":true,"enableSMB_with_temptarget":true,"allowSMB_with_high_temptarget":false,"enableSMB_always":false,"enableSMB_after_carbs":true,"maxSMBBasalMinutes":30,"maxUAMSMBBasalMinutes":40,"bolus_increment":0.05,"carbsReqThreshold":4,"current_basal":0.2,"temptargetSet":false,"autosens_max":1.3,"autosens_min":0.7,"variable_sens":138.5,"insulinDivisor":75,"TDD":15.03786071428571},"autosens_data":{"ratio":0.8078948160182927},"meal_data":{"carbs":0,"mealCOB":0,"slopeFromMaxDeviation":0,"slopeFromMinDeviation":0.34,"lastBolusTime":1702935600626,"lastCarbTime":0},"microBolusAllowed":true,"currentTime":1702950897182,"flatBGsDetected":false,"tdd1D":16.220833333333324,"tdd7D":19.783928571428568,"tddLast24H":15.983333333333327,"tddLast4H":0.15416666666666665,"tddLast8to4H":4.620833333333334},"output":{"temp":"absolute","bg":103,"tick":"+3","eventualBG":138,"targetBG":103,"insulinReq":0.2,"deliverAt":"2023-12-19T01:54:57.182Z","sensitivityRatio":0.8078948160182927,"variable_sens":138.5,"predBGs":{"IOB":[103,106,109,112,114,116,118,120,122,123,125,126,127,128,128,129,130,130,131,131,132,132,133,133,133,134,134,134,134,134,135,135,135,135,135,135,135,135,135,135,135,135,136],"ZT":[103,105,107,109,111,113,115],"UAM":[103,106,109,112,114,116,118,120,121,122,123,124,125,126,127,128,128,129,129,130,130,131,131,132,132,132,132,133,133,133,133,133,133,134]},"reason":"COB: 0, Dev: 6, BGI: 2, ISF: 139, CR: 8.8, Target: 103, minPredBG 131, minGuardBG 106, IOBpredBG 136, UAMpredBG 134; Eventual BG 138 >= 103, temp 0.55 < 0.56U\/hr.  25m left and 0.55 ~ req 0.5615789632036585U\/hr: no temp required","COB":0,"IOB":-0.208,"timestamp":"2023-12-19T01:54:57.208Z"}}