{"algorithm":"OpenAPSSMBDynamicISFPlugin","input":{"glucoseStatus":{"glucose":83,"noise":0,"delta":-1.61,"short_avgdelta":-1.61,"long_avgdelta":-2.37,"date":1702966464000},"currenttemp":{"temp":"absolute","duration":55,"rate":0,"minutesrunning":5},"iob_data":[{"iob":-0.236,"basaliob":-0.236,"bolussnooze":0,"activity":-0.0017,"lastBolusTime":0,"time":"2023-12-19T06:14:58.404Z","iobWithZeroTemp":{"iob":-0.236,"basaliob":-0.236,"bolussnooze":0,"activity":-0.0017,"lastBolusTime":0,"time":"2023-12-19T06:14:58.404Z"}},{"iob":-0.227,"basaliob":-0.227,"bolussnooze":0,"activity":-0.0019,"lastBolusTime":0,"time":"2023-12-19T06:19:58.404Z","iobWithZeroTemp":{"iob":-0.25,"basaliob":-0.25,"bolussnooze":0,"activity":-0.0019,"lastBolusTime":0,"time":"2023-12-19T06:19:58.404Z"}},{"iob":-0.217,"basaliob":-0.217,"bolussnooze":0,"activity":-0.002,"lastBolusTime":0,"time":"2023-12-19T06:24:58.404Z","iobWithZeroTemp":{"iob":-0.269,"basaliob":-0.269,"bolussnooze":0,"activity":-0.0021,"lastBolusTime":0,"time":"2023-12-19T06:24:58.404Z"}},{"iob":-0.207,"basaliob":-0.207,"bolussnooze":0,"activity":-0.0021,"lastBolusTime":0,"time":"2023-12-19T06:29:58.404Z","iobWithZeroTemp":{"iob":-0.288,"basaliob":-0.288,"bolussnooze":0,"activity":-0.0023,"lastBolusTime":0,"time":"2023-12-19T06:29:58.404Z"}},{"iob":-0.196,"basaliob":-0.196,"bolussnooze":0,"activity":-0.0022,"lastBolusTime":0,"time":"2023-12-19T06:34:58.404Z","iobWithZeroTemp":{"iob":-0.304,"basaliob":-0.304,"bolussnooze":0,"activity":-0.0026,"lastBolusTime":0,"time":"2023-12-19T06:34:58.404Z"}},{"iob":-0.186,"basaliob":-0.186,"bolussnooze":0,"activity":-0.0022,"lastBolusTime":0,"time":"2023-12-19T06:39:58.404Z","iobWithZeroTemp":{"iob":-0.321,"basaliob":-0.321,"bolussnooze":0,"activity":-0.0028,"lastBolusTime":0,"time":"2023-12-19T06:39:58.404Z"}},{"iob":-0.175,"basaliob":-0.175,"bolussnooze":0,"activity":-0.0022,"lastBolusTime":0,"time":"2023-12-19T06:44:58.404Z","iobWithZeroTemp":{"iob":-0.335,"basaliob":-0.335,"bolussnooze":0,"activity":-0.003,"lastBolusTime":0,"time":"2023-12-19T06:44:58.404Z"}},{"iob":-0.164,"basaliob":-0.164,"bolussnooze":0,"activity":-0.0021,"lastBolusTime":0,"time":"2023-12-19T06:49:58.404Z","iobWithZeroTemp":{"iob":-0.349,"basaliob":-0.349,"bolussnooze":0,"activity":-0.0032,"lastBolusTime":0,"time":"2023-12-19T06:49:58.404Z"}},{"iob":-0.153,"basaliob":-0.153,"bolussnooze":0,"activity":-0.0021,"lastBolusTime":0,"time":"2023-12-19T06:54:58.404Z","iobWithZeroTemp":{"iob":-0.361,"basaliob":-0.361,"bolussnooze":0,"activity":-0.0034,"lastBolusTime":0,"time":"2023-12-19T06:54:58.404Z"}},{"iob":-0.143,"basaliob":-0.143,"bolussnooze":0,"activity":-0.002,"lastBolusTime":0,"time":"2023-12-19T06:59:58.404Z","iobWithZeroTemp":{"iob":-0.373,"basaliob":-0.373,"bolussnooze":0,"activity":-0.0036,"lastBolusTime":0,"time":"2023-12-19T06:59:58.404Z"}},{"iob":-0.133,"basaliob":-0.133,"bolussnooze":0,"activity":-0.0019,"lastBolusTime":0,"time":"2023-12-19T07:04:58.404Z","iobWithZeroTemp":{"iob":-0.384,"basaliob":-0.384,"bolussnooze":0,"activity":-0.0037,"lastBolusTime":0,"time":"2023-12-19T07:04:58.404Z"}},{"iob":-0.124,"basaliob":-0.124,"bolussnooze":0,"activity":-0.0019,"lastBolusTime":0,"time":"2023-12-19T07:09:58.404Z","iobWithZeroTemp":{"iob":-0.394,"basaliob":-0.394,"bolussnooze":0,"activity":-0.004,"lastBolusTime":0,"time":"2023-12-19T07:09:58.404Z"}},{"iob":-0.115,"basaliob":-0.115,"bolussnooze":0,"activity":-0.0018,"lastBolusTime":0,"time":"2023-12-19T07:14:58.404Z","iobWithZeroTemp":{"iob":-0.404,"basaliob":-0.404,"bolussnooze":0,"activity":-0.0041,"lastBolusTime":0,"time":"2023-12-19T07:14:58.404Z"}},{"iob":-0.106,"basaliob":-0.106,"bolussnooze":0,"activity":-0.0017,"lastBolusTime":0,"time":"2023-12-19T07:19:58.404Z","iobWithZeroTemp":{"iob":-0.412,"basaliob":-0.412,"bolussnooze":0,"activity":-0.0042,"lastBolusTime":0,"time":"2023-12-19T07:19:58.404Z"}},{"iob":-0.098,"basaliob":-0.098,"bolussnooze":0,"activity":-0.0016,"lastBolusTime":0,"time":"2023-12-19T07:24:58.404Z","iobWithZeroTemp":{"iob":-0.42,"basaliob":-0.42,"bolussnooze":0,"activity":-0.0044,"lastBolusTime":0,"time":"2023-12-19T07:24:58.404Z"}},{"iob":-0.09,"basaliob":-0.09,"bolussnooze":0,"activity":-0.0015,"lastBolusTime":0,"time":"2023-12-19T07:29:58.404Z","iobWithZeroTemp":{"iob":-0.426,"basaliob":-0.426,"bolussnooze":0,"activity":-0.0045,"lastBolusTime":0,"time":"2023-12-19T07:29:58.404Z"}},{"iob":-0.083,"basaliob":-0.083,"bolussnooze":0,"activity":-0.0014,"lastBolusTime":0,"time":"2023-12-19T07:34:58.404Z","iobWithZeroTemp":{"iob":-0.433,"basaliob":-0.433,"bolussnooze":0,"activity":-0.0046,"lastBolusTime":0,"time":"2023-12-19T07:34:58.404Z"}},{"iob":-0.076,"basaliob":-0.076,"bolussnooze":0,"activity":-0.0013,"lastBolusTime":0,"time":"2023-12-19T07:39:58.404Z","iobWithZeroTemp":{"iob":-0.439,"basaliob":-0.439,"bolussnooze":0,"activity":-0.0047,"lastBolusTime":0,"time":"2023-12-19T07:39:58.404Z"}},{"iob":-0.07,"basaliob":-0.07,"bolussnooze":0,"activity":-0.0012,"lastBolusTime":0,"time":"2023-12-19T07:44:58.404Z","iobWithZeroTemp":{"iob":-0.445,"basaliob":-0.445,"bolussnooze":0,"activity":-0.0048,"lastBolusTime":0,"time":"2023-12-19T07:44:58.404Z"}},{"iob":-0.064,"basaliob":-0.064,"bolussnooze":0,"activity":-0.0011,"lastBolusTime":0,"time":"2023-12-19T07:49:58.404Z","iobWithZeroTemp":{"iob":-0.449,"basaliob":-0.449,"bolussnooze":0,"activity":-0.0049,"lastBolusTime":0,"time":"2023-12-19T07:49:58.404Z"}},{"iob":-0.058,"basaliob":-0.058,"bolussnooze":0,"activity":-0.0011,"lastBolusTime":0,"time":"2023-12-19T07:54:58.404Z","iobWithZeroTemp":{"iob":-0.453,"basaliob":-0.453,"bolussnooze":0,"activity":-0.005,"lastBolusTime":0,"time":"2023-12-19T07:54:58.404Z"}},{"iob":-0.053,"basaliob":-0.053,"bolussnooze":0,"activity":-0.001,"lastBolusTime":0,"time":"2023-12-19T07:59:58.404Z","iobWithZeroTemp":{"iob":-0.458,"basaliob":-0.458,"bolussnooze":0,"activity":-0.0051,"lastBolusTime":0,"time":"2023-12-19T07:59:58.404Z"}},{"iob":-0.048,"basaliob":-0.048,"bolussnooze":0,"activity":-9.0E-4,"lastBolusTime":0,"time":"2023-12-19T08:04:58.404Z","iobWithZeroTemp":{"iob":-0.461,"basaliob":-0.461,"bolussnooze":0,"activity":-0.0051,"lastBolusTime":0,"time":"2023-12-19T08:04:58.404Z"}},{"iob":-0.044,"basaliob":-0.044,"bolussnooze":0,"activity":-8.0E-4,"lastBolusTime":0,"time":"2023-12-19T08:09:58.404Z","iobWithZeroTemp":{"iob":-0.465,"basaliob":-0.465,"bolussnooze":0,"activity":-0.0052,"lastBolusTime":0,"time":"2023-12-19T08:09:58.404Z"}},{"iob":-0.04,"basaliob":-0.04,"bolussnooze":0,"activity":-8.0E-4,"lastBolusTime":0,"time":"2023-12-19T08:14:58.404Z","iobWithZeroTemp":{"iob":-0.468,"basaliob":-0.468,"bolussnooze":0,"activity":-0.0053,"lastBolusTime":0,"time":"2023-12-19T08:14:58.404Z"}},{"iob":-0.036,"basaliob":-0.036,"bolussnooze":0,"activity":-7.0E-4,"lastBolusTime":0,"time":"2023-12-19T08:19:58.404Z","iobWithZeroTemp":{"iob":-0.47,"basaliob":-0.47,"bolussnooze":0,"activity":-0.0053,"lastBolusTime":0,"time":"2023-12-19T08:19:58.404Z"}},{"iob":-0.032,"basaliob":-0.032,"bolussnooze":0,"activity":-7.0E-4,"lastBolusTime":0,"time":"2023-12-19T08:24:58.404Z","iobWithZeroTemp":{"iob":-0.472,"basaliob":-0.472,"bolussnooze":0,"activity":-0.0054,"lastBolusTime":0,"time":"2023-12-19T08:24:58.404Z"}},{"iob":-0.029,"basaliob":-0.029,"bolussnooze":0,"activity":-6.0E-4,"lastBolusTime":0,"time":"2023-12-19T08:29:58.404Z","iobWithZeroTemp":{"iob":-0.474,"basaliob":-0.474,"bolussnooze":0,"activity":-0.0054,"lastBolusTime":0,"time":"2023-12-19T08:29:58.404Z"}},{"iob":-0.026,"basaliob":-0.026,"bolussnooze":0,"activity":-6.0E-4,"lastBolusTime":0,"time":"2023-12-19T08:34:58.404Z","iobWithZeroTemp":{"iob":-0.476,"basaliob":-0.476,"bolussnooze":0,"activity":-0.0055,"lastBolusTime":0,"time":"2023-12-19T08:34:58.404Z"}},{"iob":-0.024,"basaliob":-0.024,"bolussnooze":0,"activity":-5.0E-4,"lastBolusTime":0,"time":"2023-12-19T08:39:58.404Z","iobWithZeroTemp":{"iob":-0.479,"basaliob":-0.479,"bolussnooze":0,"activity":-0.0055,"lastBolusTime":0,"time":"2023-12-19T08:39:58.404Z"}},{"iob":-0.021,"basaliob":-0.021,"bolussnooze":0,"activity":-5.0E-4,"lastBolusTime":0,"time":"2023-12-19T08:44:58.404Z","iobWithZeroTemp":{"iob":-0.48,"basaliob":-0.48,"bolussnooze":0,"activity":-0.0056,"lastBolusTime":0,"time":"2023-12-19T08:44:58.404Z"}},{"iob":-0.019,"basaliob":-0.019,"bolussnooze":0,"activity":-4.0E-4,"lastBolusTime":0,"time":"2023-12-19T08:49:58.404Z","iobWithZeroTemp":{"iob":-0.481,"basaliob":-0.481,"bolussnooze":0,"activity":-0.0056,"lastBolusTime":0,"time":"2023-12-19T08:49:58.404Z"}},{"iob":-0.017,"basaliob":-0.017,"bolussnooze":0,"activity":-4.0E-4,"lastBolusTime":0,"time":"2023-12-19T08:54:58.404Z","iobWithZeroTemp":{"iob":-0.482,"basaliob":-0.482,"bolussnooze":0,"activity":-0.0056,"lastBolusTime":0,"time":"2023-12-19T08:54:58.404Z"}},{"iob":-0.015,"basaliob":-0.015,"bolussnooze":0,"activity":-3.0E-4,"lastBolusTime":0,"time":"2023-12-19T08:59:58.404Z","iobWithZeroTemp":{"iob":-0.483,"basaliob":-0.483,"bolussnooze":0,"activity":-0.0056,"lastBolusTime":0,"time":"2023-12-19T08:59:58.404Z"}},{"iob":-0.014,"basaliob":-0.014,"bolussnooze":0,"activity":-3.0E-4,"lastBolusTime":0,"time":"2023-12-19T09:04:58.404Z","iobWithZeroTemp":{"iob":-0.477,"basaliob":-0.477,"bolussnooze":0,"activity":-0.0056,"lastBolusTime":0,"time":"2023-12-19T09:04:58.404Z"}},{"iob":-0.012,"basaliob":-0.012,"bolussnooze":0,"activity":-3.0E-4,"lastBolusTime":0,"time":"2023-12-19T09:09:58.404Z","iobWithZeroTemp":{"iob":-0.469,"basaliob":-0.469,"bolussnooze":0,"activity":-0.0057,"lastBolusTime":0,"time":"2023-12-19T09:09:58.404Z"}},{"iob":-0.011,"basaliob":-0.011,"bolussnooze":0,"activity":-3.0E-4,"lastBolusTime":0,"time":"2023-12-19T09:14:58.404Z","iobWithZeroTemp":{"iob":-0.462,"basaliob":-0.462,"bolussnooze":0,"activity":-0.0057,"lastBolusTime":0,"time":"2023-12-19T09:14:58.404Z"}},{"iob":-0.01,"basaliob":-0.01,"bolussnooze":0,"activity":-2.0E-4,"lastBolusTime":0,"time":"2023-12-19T09:19:58.404Z","iobWithZeroTemp":{"iob":-0.455,"basaliob":-0.455,"bolussnooze":0,"activity":-0.0056,"lastBolusTime":0,"time":"2023-12-19T09:19:58.404Z"}},{"iob":-0.008,"basaliob":-0.008,"bolussnooze":0,"activity":-2.0E-4,"lastBolusTime":0,"time":"2023-12-19T09:24:58.404Z","iobWithZeroTemp":{"iob":-0.447,"basaliob":-0.447,"bolussnooze":0,"activity":-0.0055,"lastBolusTime":0,"time":"2023-12-19T09:24:58.404Z"}},{"iob":-0.007,"basaliob":-0.007,"bolussnooze":0,"activity":-2.0E-4,"lastBolusTime":0,"time":"2023-12-19T09:29:58.404Z","iobWithZeroTemp":{"iob":-0.44,"basaliob":-0.44,"bolussnooze":0,"activity":-0.0055,"lastBolusTime":0,"time":"2023-12-19T09:29:58.404Z"}},{"iob":-0.007,"basaliob":-0.007,"bolussnooze":0,"activity":-2.0E-4,"lastBolusTime":0,"time":"2023-12-19T09:34:58.404Z","iobWithZeroTemp":{"iob":-0.435,"basaliob":-0.435,"bolussnooze":0,"activity":-0.0055,"lastBolusTime":0,"time":"2023-12-19T09:34:58.404Z"}},{"iob":-0.006,"basaliob":-0.006,"bolussnooze":0,"activity":-2.0E-4,"lastBolusTime":0,"time":"2023-12-19T09:39:58.404Z","iobWithZeroTemp":{"iob":-0.429,"basaliob":-0.429,"bolussnooze":0,"activity":-0.0054,"lastBolusTime":0,"time":"2023-12-19T09:39:58.404Z"}},{"iob":-0.005,"basaliob":-0.005,"bolussnooze":0,"activity":-1.0E-4,"lastBolusTime":0,"time":"2023-12-19T09:44:58.404Z","iobWithZeroTemp":{"iob":-0.422,"basaliob":-0.422,"bolussnooze":0,"activity":-0.0053,"lastBolusTime":0,"time":"2023-12-19T09:44:58.404Z"}},{"iob":-0.004,"basaliob":-0.004,"bolussnooze":0,"activity":-1.0E-4,"lastBolusTime":0,"time":"2023-12-19T09:49:58.404Z","iobWithZeroTemp":{"iob":-0.416,"basaliob":-0.416,"bolussnooze":0,"activity":-0.0052,"lastBolusTime":0,"time":"2023-12-19T09:49:58.404Z"}},{"iob":-0.004,"basaliob":-0.004,"bolussnooze":0,"activity":-1.0E-4,"lastBolusTime":0,"time":"2023-12-19T09:54:58.404Z","iobWithZeroTemp":{"iob":-0.412,"basaliob":-0.412,"bolussnooze":0,"activity":-0.0052,"lastBolusTime":0,"time":"2023-12-19T09:54:58.404Z"}},{"iob":-0.003,"basaliob":-0.003,"bolussnooze":0,"activity":-1.0E-4,"lastBolusTime":0,"time":"2023-12-19T09:59:58.404Z","iobWithZeroTemp":{"iob":-0.406,"basaliob":-0.406,"bolussnooze":0,"activity":-0.0051,"lastBolusTime":0,"time":"2023-12-19T09:59:58.404Z"}},{"iob":-0.003,"basaliob":-0.003,"bolussnooze":0,"activity":-1.0E-4,"lastBolusTime":0,"time":"2023-12-19T10:04:58.404Z","iobWithZeroTemp":{"iob":-0.402,"basaliob":-0.402,"bolussnooze":0,"activity":-0.0051,"lastBolusTime":0,"time":"2023-12-19T10:04:58.404Z"}},{"iob":-0.002,"basaliob":-0.002,"bolussnooze":0,"activity":-1.0E-4,"lastBolusTime":0,"time":"2023-12-19T10:09:58.404Z","iobWithZeroTemp":{"iob":-0.397,"basaliob":-0.397,"bolussnooze":0,"activity":-0.005,"lastBolusTime":0,"time":"2023-12-19T10:09:58.404Z"}}],"profile":{"max_iob":10,"type":"current","max_daily_basal":0.4,"max_basal":1.2,"min_bg":130,"max_bg":130,"target_bg":130,"carb_ratio":8.8,"sens":120,"max_daily_safety_multiplier":3,"current_basal_safety_multiplier":4,"lgsThreshold":95,"high_temptarget_raises_sensitivity":true,"low_temptarget_lowers_sensitivity":true,"sensitivity_raises_target":true,"resistance_lowers_target":true,"adv_target_adjustments":false,"exercise_mode":false,"half_basal_exercise_target":160,"maxCOB":120,"skip_neutral_temps":false,"remainingCarbsCap":90,"enableUAM":true,"A52_risk_enable":false,"SMBInterval":5,"enableSMB_with_COB":true,"enableSMB_with_temptarget":true,"allowSMB_with_high_temptarget":false,"enableSMB_always":false,"enableSMB_after_carbs":true,"maxSMBBasalMinutes":30,"maxUAMSMBBasalMinutes":40,"bolus_increment":0.05,"carbsReqThreshold":4,"current_basal":0.35,"temptargetSet":true,"autosens_max":1.3,"autosens_min":0.7,"variable_sens":174,"insulinDivisor":75,"TDD":13.886160714285712},"autosens_data":{"ratio":0.7714595180070403},"meal_data":{"carbs":0,"mealCOB":0,"slopeFromMaxDeviation":0,"slopeFromMinDeviation":0.2130000000000001,"lastBolusTime":1702935600626,"lastCarbTime":0},"microBolusAllowed":true,"currentTime":1702966499839,"flatBGsDetected":false,"tdd1D":16.220833333333324,"tdd7D":19.783928571428568,"tddLast24H":15.262499999999996,"tddLast4H":1.1624999999999999,"tddLast8to4H":0.32916666666666666},"output":{"temp":"absolute","bg":83,"tick":-2,"eventualBG":101,"targetBG":130,"insulinReq":0,"deliverAt":"2023-12-19T06:14:59.839Z","sensitivityRatio":0.67,"variable_sens":174,"predBGs":{"IOB":[83,82,81,80,80,80,81,81,82,83,84,86,87,89,90,92,93,94,95,96,97,98,98,99,100,100,101,101,102,102,103,103,103,104,104,104,104,105,105,105,105,105,105,105,105,105,106],"ZT":[83,84,86,88,90,92,94,97,99,102,104,107,110,113,116,119,122,125,128]},"reason":"COB: 0, Dev: -23, BGI: 1, ISF: 174, CR: 8.8, Target: 130, minPredBG 95, minGuardBG 80, IOBpredBG 106; minGuardBG 80<95 55m left and 0 ~ req 0U\/hr: no temp required","COB":0,"IOB":-0.236,"timestamp":"2023-12-19T06:14:59.871Z"}}