{"algorithm":"OpenAPSSMBDynamicISFPlugin","input":{"glucoseStatus":{"glucose":143,"noise":0,"delta":5.72,"short_avgdelta":5.72,"long_avgdelta":3.99,"date":1702974264000},"currenttemp":{"temp":"absolute","duration":26,"rate":0.6,"minutesrunning":4},"iob_data":[{"iob":0.854,"basaliob":-0.272,"bolussnooze":0.6305,"activity":0.0095,"lastBolusTime":1702971782316,"time":"2023-12-19T08:24:59.134Z","iobWithZeroTemp":{"iob":0.854,"basaliob":-0.272,"bolussnooze":0.6305,"activity":0.0095,"lastBolusTime":1702971782316,"time":"2023-12-19T08:24:59.134Z"}},{"iob":0.806,"basaliob":-0.256,"bolussnooze":0.5361,"activity":0.0095,"lastBolusTime":1702971782316,"time":"2023-12-19T08:29:59.134Z","iobWithZeroTemp":{"iob":0.783,"basaliob":-0.279,"bolussnooze":0.5361,"activity":0.0095,"lastBolusTime":1702971782316,"time":"2023-12-19T08:29:59.134Z"}},{"iob":0.758,"basaliob":-0.24,"bolussnooze":0.4525,"activity":0.0095,"lastBolusTime":1702971782316,"time":"2023-12-19T08:34:59.134Z","iobWithZeroTemp":{"iob":0.706,"basaliob":-0.292,"bolussnooze":0.4525,"activity":0.0094,"lastBolusTime":1702971782316,"time":"2023-12-19T08:34:59.134Z"}},{"iob":0.711,"basaliob":-0.224,"bolussnooze":0.3792,"activity":0.0093,"lastBolusTime":1702971782316,"time":"2023-12-19T08:39:59.134Z","iobWithZeroTemp":{"iob":0.63,"basaliob":-0.305,"bolussnooze":0.3792,"activity":0.0091,"lastBolusTime":1702971782316,"time":"2023-12-19T08:39:59.134Z"}},{"iob":0.666,"basaliob":-0.208,"bolussnooze":0.3158,"activity":0.0091,"lastBolusTime":1702971782316,"time":"2023-12-19T08:44:59.134Z","iobWithZeroTemp":{"iob":0.558,"basaliob":-0.316,"bolussnooze":0.3158,"activity":0.0087,"lastBolusTime":1702971782316,"time":"2023-12-19T08:44:59.134Z"}},{"iob":0.62,"basaliob":-0.194,"bolussnooze":0.2613,"activity":0.0088,"lastBolusTime":1702971782316,"time":"2023-12-19T08:49:59.134Z","iobWithZeroTemp":{"iob":0.485,"basaliob":-0.329,"bolussnooze":0.2613,"activity":0.0082,"lastBolusTime":1702971782316,"time":"2023-12-19T08:49:59.134Z"}},{"iob":0.577,"basaliob":-0.18,"bolussnooze":0.2148,"activity":0.0084,"lastBolusTime":1702971782316,"time":"2023-12-19T08:54:59.134Z","iobWithZeroTemp":{"iob":0.417,"basaliob":-0.34,"bolussnooze":0.2148,"activity":0.0076,"lastBolusTime":1702971782316,"time":"2023-12-19T08:54:59.134Z"}},{"iob":0.536,"basaliob":-0.166,"bolussnooze":0.1755,"activity":0.0081,"lastBolusTime":1702971782316,"time":"2023-12-19T08:59:59.134Z","iobWithZeroTemp":{"iob":0.351,"basaliob":-0.351,"bolussnooze":0.1755,"activity":0.007,"lastBolusTime":1702971782316,"time":"2023-12-19T08:59:59.134Z"}},{"iob":0.497,"basaliob":-0.153,"bolussnooze":0.1425,"activity":0.0077,"lastBolusTime":1702971782316,"time":"2023-12-19T09:04:59.134Z","iobWithZeroTemp":{"iob":0.297,"basaliob":-0.353,"bolussnooze":0.1425,"activity":0.0064,"lastBolusTime":1702971782316,"time":"2023-12-19T09:04:59.134Z"}},{"iob":0.46,"basaliob":-0.141,"bolussnooze":0.1149,"activity":0.0074,"lastBolusTime":1702971782316,"time":"2023-12-19T09:09:59.134Z","iobWithZeroTemp":{"iob":0.246,"basaliob":-0.355,"bolussnooze":0.1149,"activity":0.0059,"lastBolusTime":1702971782316,"time":"2023-12-19T09:09:59.134Z"}},{"iob":0.424,"basaliob":-0.13,"bolussnooze":0.092,"activity":0.0069,"lastBolusTime":1702971782316,"time":"2023-12-19T09:14:59.134Z","iobWithZeroTemp":{"iob":0.197,"basaliob":-0.357,"bolussnooze":0.092,"activity":0.0052,"lastBolusTime":1702971782316,"time":"2023-12-19T09:14:59.134Z"}},{"iob":0.39,"basaliob":-0.119,"bolussnooze":0.0731,"activity":0.0065,"lastBolusTime":1702971782316,"time":"2023-12-19T09:19:59.134Z","iobWithZeroTemp":{"iob":0.152,"basaliob":-0.357,"bolussnooze":0.0731,"activity":0.0046,"lastBolusTime":1702971782316,"time":"2023-12-19T09:19:59.134Z"}},{"iob":0.359,"basaliob":-0.109,"bolussnooze":0.0577,"activity":0.0061,"lastBolusTime":1702971782316,"time":"2023-12-19T09:24:59.134Z","iobWithZeroTemp":{"iob":0.11,"basaliob":-0.358,"bolussnooze":0.0577,"activity":0.004,"lastBolusTime":1702971782316,"time":"2023-12-19T09:24:59.134Z"}},{"iob":0.329,"basaliob":-0.1,"bolussnooze":0.0451,"activity":0.0057,"lastBolusTime":1702971782316,"time":"2023-12-19T09:29:59.134Z","iobWithZeroTemp":{"iob":0.07,"basaliob":-0.359,"bolussnooze":0.0451,"activity":0.0034,"lastBolusTime":1702971782316,"time":"2023-12-19T09:29:59.134Z"}},{"iob":0.302,"basaliob":-0.091,"bolussnooze":0.0349,"activity":0.0053,"lastBolusTime":1702971782316,"time":"2023-12-19T09:34:59.134Z","iobWithZeroTemp":{"iob":0.034,"basaliob":-0.359,"bolussnooze":0.0349,"activity":0.0029,"lastBolusTime":1702971782316,"time":"2023-12-19T09:34:59.134Z"}},{"iob":0.276,"basaliob":-0.083,"bolussnooze":0.0267,"activity":0.0049,"lastBolusTime":1702971782316,"time":"2023-12-19T09:39:59.134Z","iobWithZeroTemp":{"iob":0,"basaliob":-0.359,"bolussnooze":0.0267,"activity":0.0023,"lastBolusTime":1702971782316,"time":"2023-12-19T09:39:59.134Z"}},{"iob":0.251,"basaliob":-0.076,"bolussnooze":0.0202,"activity":0.0047,"lastBolusTime":1702971782316,"time":"2023-12-19T09:44:59.134Z","iobWithZeroTemp":{"iob":-0.033,"basaliob":-0.36,"bolussnooze":0.0202,"activity":0.002,"lastBolusTime":1702971782316,"time":"2023-12-19T09:44:59.134Z"}},{"iob":0.229,"basaliob":-0.069,"bolussnooze":0.015,"activity":0.0043,"lastBolusTime":1702971782316,"time":"2023-12-19T09:49:59.134Z","iobWithZeroTemp":{"iob":-0.062,"basaliob":-0.36,"bolussnooze":0.015,"activity":0.0014,"lastBolusTime":1702971782316,"time":"2023-12-19T09:49:59.134Z"}},{"iob":0.209,"basaliob":-0.062,"bolussnooze":0.011,"activity":0.004,"lastBolusTime":1702971782316,"time":"2023-12-19T09:54:59.134Z","iobWithZeroTemp":{"iob":-0.088,"basaliob":-0.359,"bolussnooze":0.011,"activity":0.001,"lastBolusTime":1702971782316,"time":"2023-12-19T09:54:59.134Z"}},{"iob":0.19,"basaliob":-0.056,"bolussnooze":0.0079,"activity":0.0037,"lastBolusTime":1702971782316,"time":"2023-12-19T09:59:59.134Z","iobWithZeroTemp":{"iob":-0.113,"basaliob":-0.359,"bolussnooze":0.0079,"activity":6.0E-4,"lastBolusTime":1702971782316,"time":"2023-12-19T09:59:59.134Z"}},{"iob":0.172,"basaliob":-0.051,"bolussnooze":0.0055,"activity":0.0034,"lastBolusTime":1702971782316,"time":"2023-12-19T10:04:59.134Z","iobWithZeroTemp":{"iob":-0.136,"basaliob":-0.359,"bolussnooze":0.0055,"activity":2.0E-4,"lastBolusTime":1702971782316,"time":"2023-12-19T10:04:59.134Z"}},{"iob":0.156,"basaliob":-0.046,"bolussnooze":0.0037,"activity":0.0032,"lastBolusTime":1702971782316,"time":"2023-12-19T10:09:59.134Z","iobWithZeroTemp":{"iob":-0.156,"basaliob":-0.358,"bolussnooze":0.0037,"activity":-1.0E-4,"lastBolusTime":1702971782316,"time":"2023-12-19T10:09:59.134Z"}},{"iob":0.142,"basaliob":-0.041,"bolussnooze":0.0024,"activity":0.0028,"lastBolusTime":1702971782316,"time":"2023-12-19T10:14:59.134Z","iobWithZeroTemp":{"iob":-0.175,"basaliob":-0.358,"bolussnooze":0.0024,"activity":-6.0E-4,"lastBolusTime":1702971782316,"time":"2023-12-19T10:14:59.134Z"}},{"iob":0.128,"basaliob":-0.037,"bolussnooze":0.0014,"activity":0.0026,"lastBolusTime":1702971782316,"time":"2023-12-19T10:19:59.134Z","iobWithZeroTemp":{"iob":-0.192,"basaliob":-0.357,"bolussnooze":0.0014,"activity":-8.0E-4,"lastBolusTime":1702971782316,"time":"2023-12-19T10:19:59.134Z"}},{"iob":0.115,"basaliob":-0.033,"bolussnooze":8.0E-4,"activity":0.0024,"lastBolusTime":1702971782316,"time":"2023-12-19T10:24:59.134Z","iobWithZeroTemp":{"iob":-0.209,"basaliob":-0.357,"bolussnooze":8.0E-4,"activity":-0.0011,"lastBolusTime":1702971782316,"time":"2023-12-19T10:24:59.134Z"}},{"iob":0.104,"basaliob":-0.03,"bolussnooze":4.0E-4,"activity":0.0022,"lastBolusTime":1702971782316,"time":"2023-12-19T10:29:59.134Z","iobWithZeroTemp":{"iob":-0.223,"basaliob":-0.357,"bolussnooze":4.0E-4,"activity":-0.0014,"lastBolusTime":1702971782316,"time":"2023-12-19T10:29:59.134Z"}},{"iob":0.093,"basaliob":-0.027,"bolussnooze":1.0E-4,"activity":0.002,"lastBolusTime":1702971782316,"time":"2023-12-19T10:34:59.134Z","iobWithZeroTemp":{"iob":-0.237,"basaliob":-0.357,"bolussnooze":1.0E-4,"activity":-0.0016,"lastBolusTime":1702971782316,"time":"2023-12-19T10:34:59.134Z"}},{"iob":0.083,"basaliob":-0.024,"bolussnooze":0,"activity":0.0019,"lastBolusTime":1702971782316,"time":"2023-12-19T10:39:59.134Z","iobWithZeroTemp":{"iob":-0.249,"basaliob":-0.356,"bolussnooze":0,"activity":-0.0018,"lastBolusTime":1702971782316,"time":"2023-12-19T10:39:59.134Z"}},{"iob":0.075,"basaliob":-0.021,"bolussnooze":0,"activity":0.0017,"lastBolusTime":1702971782316,"time":"2023-12-19T10:44:59.134Z","iobWithZeroTemp":{"iob":-0.259,"basaliob":-0.355,"bolussnooze":0,"activity":-0.002,"lastBolusTime":1702971782316,"time":"2023-12-19T10:44:59.134Z"}},{"iob":0.067,"basaliob":-0.019,"bolussnooze":0,"activity":0.0016,"lastBolusTime":1702971782316,"time":"2023-12-19T10:49:59.134Z","iobWithZeroTemp":{"iob":-0.269,"basaliob":-0.355,"bolussnooze":0,"activity":-0.0022,"lastBolusTime":1702971782316,"time":"2023-12-19T10:49:59.134Z"}},{"iob":0.06,"basaliob":-0.017,"bolussnooze":0,"activity":0.0014,"lastBolusTime":1702971782316,"time":"2023-12-19T10:54:59.134Z","iobWithZeroTemp":{"iob":-0.278,"basaliob":-0.355,"bolussnooze":0,"activity":-0.0024,"lastBolusTime":1702971782316,"time":"2023-12-19T10:54:59.134Z"}},{"iob":0.053,"basaliob":-0.015,"bolussnooze":0,"activity":0.0012,"lastBolusTime":1702971782316,"time":"2023-12-19T10:59:59.134Z","iobWithZeroTemp":{"iob":-0.287,"basaliob":-0.355,"bolussnooze":0,"activity":-0.0027,"lastBolusTime":1702971782316,"time":"2023-12-19T10:59:59.134Z"}},{"iob":0.047,"basaliob":-0.013,"bolussnooze":0,"activity":0.0012,"lastBolusTime":1702971782316,"time":"2023-12-19T11:04:59.134Z","iobWithZeroTemp":{"iob":-0.298,"basaliob":-0.358,"bolussnooze":0,"activity":-0.0027,"lastBolusTime":1702971782316,"time":"2023-12-19T11:04:59.134Z"}},{"iob":0.042,"basaliob":-0.012,"bolussnooze":0,"activity":0.001,"lastBolusTime":1702971782316,"time":"2023-12-19T11:09:59.134Z","iobWithZeroTemp":{"iob":-0.309,"basaliob":-0.363,"bolussnooze":0,"activity":-0.003,"lastBolusTime":1702971782316,"time":"2023-12-19T11:09:59.134Z"}},{"iob":0.037,"basaliob":-0.01,"bolussnooze":0,"activity":9.0E-4,"lastBolusTime":1702971782316,"time":"2023-12-19T11:14:59.134Z","iobWithZeroTemp":{"iob":-0.319,"basaliob":-0.366,"bolussnooze":0,"activity":-0.0031,"lastBolusTime":1702971782316,"time":"2023-12-19T11:14:59.134Z"}},{"iob":0.033,"basaliob":-0.009,"bolussnooze":0,"activity":9.0E-4,"lastBolusTime":1702971782316,"time":"2023-12-19T11:19:59.134Z","iobWithZeroTemp":{"iob":-0.328,"basaliob":-0.37,"bolussnooze":0,"activity":-0.0031,"lastBolusTime":1702971782316,"time":"2023-12-19T11:19:59.134Z"}},{"iob":0.029,"basaliob":-0.008,"bolussnooze":0,"activity":8.0E-4,"lastBolusTime":1702971782316,"time":"2023-12-19T11:24:59.134Z","iobWithZeroTemp":{"iob":-0.336,"basaliob":-0.373,"bolussnooze":0,"activity":-0.0033,"lastBolusTime":1702971782316,"time":"2023-12-19T11:24:59.134Z"}},{"iob":0.025,"basaliob":-0.007,"bolussnooze":0,"activity":7.0E-4,"lastBolusTime":1702971782316,"time":"2023-12-19T11:29:59.134Z","iobWithZeroTemp":{"iob":-0.345,"basaliob":-0.377,"bolussnooze":0,"activity":-0.0035,"lastBolusTime":1702971782316,"time":"2023-12-19T11:29:59.134Z"}},{"iob":0.022,"basaliob":-0.006,"bolussnooze":0,"activity":6.0E-4,"lastBolusTime":1702971782316,"time":"2023-12-19T11:34:59.134Z","iobWithZeroTemp":{"iob":-0.352,"basaliob":-0.38,"bolussnooze":0,"activity":-0.0036,"lastBolusTime":1702971782316,"time":"2023-12-19T11:34:59.134Z"}},{"iob":0.02,"basaliob":-0.005,"bolussnooze":0,"activity":6.0E-4,"lastBolusTime":1702971782316,"time":"2023-12-19T11:39:59.134Z","iobWithZeroTemp":{"iob":-0.358,"basaliob":-0.383,"bolussnooze":0,"activity":-0.0037,"lastBolusTime":1702971782316,"time":"2023-12-19T11:39:59.134Z"}},{"iob":0.016,"basaliob":-0.005,"bolussnooze":0,"activity":5.0E-4,"lastBolusTime":1702971782316,"time":"2023-12-19T11:44:59.134Z","iobWithZeroTemp":{"iob":-0.365,"basaliob":-0.386,"bolussnooze":0,"activity":-0.0038,"lastBolusTime":1702971782316,"time":"2023-12-19T11:44:59.134Z"}},{"iob":0.014,"basaliob":-0.004,"bolussnooze":0,"activity":4.0E-4,"lastBolusTime":1702971782316,"time":"2023-12-19T11:49:59.134Z","iobWithZeroTemp":{"iob":-0.371,"basaliob":-0.389,"bolussnooze":0,"activity":-0.004,"lastBolusTime":1702971782316,"time":"2023-12-19T11:49:59.134Z"}},{"iob":0.013,"basaliob":-0.003,"bolussnooze":0,"activity":4.0E-4,"lastBolusTime":1702971782316,"time":"2023-12-19T11:54:59.134Z","iobWithZeroTemp":{"iob":-0.375,"basaliob":-0.391,"bolussnooze":0,"activity":-0.004,"lastBolusTime":1702971782316,"time":"2023-12-19T11:54:59.134Z"}},{"iob":0.011,"basaliob":-0.003,"bolussnooze":0,"activity":3.0E-4,"lastBolusTime":1702971782316,"time":"2023-12-19T11:59:59.134Z","iobWithZeroTemp":{"iob":-0.38,"basaliob":-0.394,"bolussnooze":0,"activity":-0.0041,"lastBolusTime":1702971782316,"time":"2023-12-19T11:59:59.134Z"}},{"iob":0.009,"basaliob":-0.003,"bolussnooze":0,"activity":3.0E-4,"lastBolusTime":1702971782316,"time":"2023-12-19T12:04:59.134Z","iobWithZeroTemp":{"iob":-0.384,"basaliob":-0.396,"bolussnooze":0,"activity":-0.0042,"lastBolusTime":1702971782316,"time":"2023-12-19T12:04:59.134Z"}},{"iob":0.008,"basaliob":-0.002,"bolussnooze":0,"activity":2.0E-4,"lastBolusTime":1702971782316,"time":"2023-12-19T12:09:59.134Z","iobWithZeroTemp":{"iob":-0.388,"basaliob":-0.398,"bolussnooze":0,"activity":-0.0043,"lastBolusTime":1702971782316,"time":"2023-12-19T12:09:59.134Z"}},{"iob":0.006,"basaliob":-0.002,"bolussnooze":0,"activity":2.0E-4,"lastBolusTime":1702971782316,"time":"2023-12-19T12:14:59.134Z","iobWithZeroTemp":{"iob":-0.392,"basaliob":-0.4,"bolussnooze":0,"activity":-0.0044,"lastBolusTime":1702971782316,"time":"2023-12-19T12:14:59.134Z"}},{"iob":0.005,"basaliob":-0.002,"bolussnooze":0,"activity":3.0E-4,"lastBolusTime":1702971782316,"time":"2023-12-19T12:19:59.134Z","iobWithZeroTemp":{"iob":-0.395,"basaliob":-0.402,"bolussnooze":0,"activity":-0.0043,"lastBolusTime":1702971782316,"time":"2023-12-19T12:19:59.134Z"}}],"profile":{"max_iob":10,"type":"current","max_daily_basal":0.4,"max_basal":1.2,"min_bg":90,"max_bg":90,"target_bg":90,"carb_ratio":8.8,"sens":120,"max_daily_safety_multiplier":3,"current_basal_safety_multiplier":4,"lgsThreshold":95,"high_temptarget_raises_sensitivity":true,"low_temptarget_lowers_sensitivity":true,"sensitivity_raises_target":true,"resistance_lowers_target":true,"adv_target_adjustments":false,"exercise_mode":false,"half_basal_exercise_target":160,"maxCOB":120,"skip_neutral_temps":false,"remainingCarbsCap":90,"enableUAM":true,"A52_risk_enable":false,"SMBInterval":5,"enableSMB_with_COB":true,"enableSMB_with_temptarget":true,"allowSMB_with_high_temptarget":false,"enableSMB_always":false,"enableSMB_after_carbs":true,"maxSMBBasalMinutes":30,"maxUAMSMBBasalMinutes":40,"bolus_increment":0.05,"carbsReqThreshold":4,"current_basal":0.35,"temptargetSet":true,"autosens_max":1.3,"autosens_min":0.7,"variable_sens":107,"insulinDivisor":75,"TDD":15.772110714285711},"autosens_data":{"ratio":0.6798447513313477},"meal_data":{"carbs":10,"mealCOB":5.9197333333333315,"slopeFromMaxDeviation":-0.3082500000000002,"slopeFromMinDeviation":1.183375,"lastBolusTime":1702971782316,"lastCarbTime":1702971775955},"microBolusAllowed":true,"currentTime":1702974300562,"flatBGsDetected":false,"tdd1D":16.220833333333324,"tdd7D":19.783928571428568,"tddLast24H":13.45,"tddLast4H":2.2625,"tddLast8to4H":0.9375000000000001},"output":{"temp":"absolute","bg":143,"tick":"+6","eventualBG":204,"targetBG":90,"insulinReq":0.31,"deliverAt":"2023-12-19T08:25:00.562Z","sensitivityRatio":1.2,"variable_sens":107,"predBGs":{"IOB":[143,148,152,155,157,159,160,161,160,159,157,154,151,148,145,142,140,137,135,132,130,128,127,125,123,122,121,120,118,117,116,116,115,114,113,113,112,112,111,111,111,110,110,110,110,109],"ZT":[143,138,133,127,122,117,112,107,103,99,95,91,88,85,82,80,78,77,75,75,74,74,74,74,75,76,77,78,80,81,83,85,87,89],"COB":[143,148,152,155,158,160,161,162,162,161,160,158,156,153,149,147,144,142,139,137,135,133,132,130,129,127,126,125,124,123,122,122,121,120,120,119,119,118,118,118,117,117,117,117,117,116],"UAM":[143,148,153,158,163,167,171,175,179,183,186,189,193,195,198,201,203,205,207,209,210,211,212,212,213,213,212,212,211,210,209,209,208,208,207,207,207,206,206,206,205,205,205,205,205,205,205,204]},"reason":"COB: 5.9, Dev: 65, BGI: -5, ISF: 107, CR: 8.8, Target: 90, minPredBG 123, minGuardBG 129, IOBpredBG 109, COBpredBG 116, UAMpredBG 204; Eventual BG 204 >= 90,  insulinReq 0.31; setting 30m low temp of 0.21U\/h. Microbolusing 0.15U. ","COB":5.9197333333333315,"IOB":0.854,"units":0.15,"rate":0.21,"duration":30,"timestamp":"2023-12-19T08:25:00.595Z"}}