{"algorithm":"OpenAPSSMBDynamicISFPlugin","input":{"glucoseStatus":{"glucose":95,"noise":0,"delta":0,"short_avgdelta":0,"long_avgdelta":-2.25,"date":1702891461000},"currenttemp":{"temp":"absolute","duration":75,"rate":0,"minutesrunning":15},"iob_data":[{"iob":0.163,"basaliob":-0.277,"bolussnooze":0.0111,"activity":0.0059,"lastBolusTime":1702886858822,"time":"2023-12-18T09:24:50.351Z","iobWithZeroTemp":{"iob":0.163,"basaliob":-0.277,"bolussnooze":0.0111,"activity":0.0059,"lastBolusTime":1702886858822,"time":"2023-12-18T09:24:50.351Z"}},{"iob":0.136,"basaliob":-0.264,"bolussnooze":0.008,"activity":0.005,"lastBolusTime":1702886858822,"time":"2023-12-18T09:29:50.351Z","iobWithZeroTemp":{"iob":0.119,"basaliob":-0.281,"bolussnooze":0.008,"activity":0.005,"lastBolusTime":1702886858822,"time":"2023-12-18T09:29:50.351Z"}},{"iob":0.112,"basaliob":-0.251,"bolussnooze":0.0057,"activity":0.0044,"lastBolusTime":1702886858822,"time":"2023-12-18T09:34:50.351Z","iobWithZeroTemp":{"iob":0.075,"basaliob":-0.288,"bolussnooze":0.0057,"activity":0.0043,"lastBolusTime":1702886858822,"time":"2023-12-18T09:34:50.351Z"}},{"iob":0.092,"basaliob":-0.237,"bolussnooze":0.004,"activity":0.0038,"lastBolusTime":1702886858822,"time":"2023-12-18T09:39:50.351Z","iobWithZeroTemp":{"iob":0.034,"basaliob":-0.295,"bolussnooze":0.004,"activity":0.0036,"lastBolusTime":1702886858822,"time":"2023-12-18T09:39:50.351Z"}},{"iob":0.074,"basaliob":-0.223,"bolussnooze":0.0027,"activity":0.0032,"lastBolusTime":1702886858822,"time":"2023-12-18T09:44:50.351Z","iobWithZeroTemp":{"iob":-0.003,"basaliob":-0.3,"bolussnooze":0.0027,"activity":0.0029,"lastBolusTime":1702886858822,"time":"2023-12-18T09:44:50.351Z"}},{"iob":0.058,"basaliob":-0.21,"bolussnooze":0.0018,"activity":0.0028,"lastBolusTime":1702886858822,"time":"2023-12-18T09:49:50.351Z","iobWithZeroTemp":{"iob":-0.038,"basaliob":-0.306,"bolussnooze":0.0018,"activity":0.0024,"lastBolusTime":1702886858822,"time":"2023-12-18T09:49:50.351Z"}},{"iob":0.046,"basaliob":-0.196,"bolussnooze":0.0012,"activity":0.0025,"lastBolusTime":1702886858822,"time":"2023-12-18T09:54:50.351Z","iobWithZeroTemp":{"iob":-0.068,"basaliob":-0.31,"bolussnooze":0.0012,"activity":0.0019,"lastBolusTime":1702886858822,"time":"2023-12-18T09:54:50.351Z"}},{"iob":0.035,"basaliob":-0.183,"bolussnooze":7.0E-4,"activity":0.002,"lastBolusTime":1702886858822,"time":"2023-12-18T09:59:50.351Z","iobWithZeroTemp":{"iob":-0.097,"basaliob":-0.315,"bolussnooze":7.0E-4,"activity":0.0012,"lastBolusTime":1702886858822,"time":"2023-12-18T09:59:50.351Z"}},{"iob":0.025,"basaliob":-0.17,"bolussnooze":4.0E-4,"activity":0.0017,"lastBolusTime":1702886858822,"time":"2023-12-18T10:04:50.351Z","iobWithZeroTemp":{"iob":-0.124,"basaliob":-0.319,"bolussnooze":4.0E-4,"activity":8.0E-4,"lastBolusTime":1702886858822,"time":"2023-12-18T10:04:50.351Z"}},{"iob":0.017,"basaliob":-0.158,"bolussnooze":2.0E-4,"activity":0.0014,"lastBolusTime":1702886858822,"time":"2023-12-18T10:09:50.351Z","iobWithZeroTemp":{"iob":-0.147,"basaliob":-0.322,"bolussnooze":2.0E-4,"activity":3.0E-4,"lastBolusTime":1702886858822,"time":"2023-12-18T10:09:50.351Z"}},{"iob":0.01,"basaliob":-0.147,"bolussnooze":1.0E-4,"activity":0.0012,"lastBolusTime":1702886858822,"time":"2023-12-18T10:14:50.351Z","iobWithZeroTemp":{"iob":-0.169,"basaliob":-0.326,"bolussnooze":1.0E-4,"activity":-1.0E-4,"lastBolusTime":1702886858822,"time":"2023-12-18T10:14:50.351Z"}},{"iob":0.004,"basaliob":-0.136,"bolussnooze":0,"activity":0.0011,"lastBolusTime":1702886858822,"time":"2023-12-18T10:19:50.351Z","iobWithZeroTemp":{"iob":-0.189,"basaliob":-0.329,"bolussnooze":0,"activity":-4.0E-4,"lastBolusTime":1702886858822,"time":"2023-12-18T10:19:50.351Z"}},{"iob":0,"basaliob":-0.125,"bolussnooze":0,"activity":9.0E-4,"lastBolusTime":1702886858822,"time":"2023-12-18T10:24:50.351Z","iobWithZeroTemp":{"iob":-0.206,"basaliob":-0.331,"bolussnooze":0,"activity":-7.0E-4,"lastBolusTime":1702886858822,"time":"2023-12-18T10:24:50.351Z"}},{"iob":-0.004,"basaliob":-0.115,"bolussnooze":0,"activity":7.0E-4,"lastBolusTime":1702886858822,"time":"2023-12-18T10:29:50.351Z","iobWithZeroTemp":{"iob":-0.222,"basaliob":-0.333,"bolussnooze":0,"activity":-0.0011,"lastBolusTime":1702886858822,"time":"2023-12-18T10:29:50.351Z"}},{"iob":-0.007,"basaliob":-0.106,"bolussnooze":0,"activity":6.0E-4,"lastBolusTime":1702886858822,"time":"2023-12-18T10:34:50.351Z","iobWithZeroTemp":{"iob":-0.237,"basaliob":-0.336,"bolussnooze":0,"activity":-0.0014,"lastBolusTime":1702886858822,"time":"2023-12-18T10:34:50.351Z"}},{"iob":-0.009,"basaliob":-0.097,"bolussnooze":0,"activity":4.0E-4,"lastBolusTime":1702886858822,"time":"2023-12-18T10:39:50.351Z","iobWithZeroTemp":{"iob":-0.249,"basaliob":-0.337,"bolussnooze":0,"activity":-0.0017,"lastBolusTime":1702886858822,"time":"2023-12-18T10:39:50.351Z"}},{"iob":-0.011,"basaliob":-0.089,"bolussnooze":0,"activity":3.0E-4,"lastBolusTime":1702886858822,"time":"2023-12-18T10:44:50.351Z","iobWithZeroTemp":{"iob":-0.261,"basaliob":-0.339,"bolussnooze":0,"activity":-0.002,"lastBolusTime":1702886858822,"time":"2023-12-18T10:44:50.351Z"}},{"iob":-0.013,"basaliob":-0.082,"bolussnooze":0,"activity":2.0E-4,"lastBolusTime":1702886858822,"time":"2023-12-18T10:49:50.351Z","iobWithZeroTemp":{"iob":-0.272,"basaliob":-0.341,"bolussnooze":0,"activity":-0.0022,"lastBolusTime":1702886858822,"time":"2023-12-18T10:49:50.351Z"}},{"iob":-0.015,"basaliob":-0.075,"bolussnooze":0,"activity":1.0E-4,"lastBolusTime":1702886858822,"time":"2023-12-18T10:54:50.351Z","iobWithZeroTemp":{"iob":-0.283,"basaliob":-0.343,"bolussnooze":0,"activity":-0.0025,"lastBolusTime":1702886858822,"time":"2023-12-18T10:54:50.351Z"}},{"iob":-0.015,"basaliob":-0.068,"bolussnooze":0,"activity":1.0E-4,"lastBolusTime":1702886858822,"time":"2023-12-18T10:59:50.351Z","iobWithZeroTemp":{"iob":-0.29,"basaliob":-0.343,"bolussnooze":0,"activity":-0.0026,"lastBolusTime":1702886858822,"time":"2023-12-18T10:59:50.351Z"}},{"iob":-0.016,"basaliob":-0.062,"bolussnooze":0,"activity":0,"lastBolusTime":1702886858822,"time":"2023-12-18T11:04:50.351Z","iobWithZeroTemp":{"iob":-0.303,"basaliob":-0.349,"bolussnooze":0,"activity":-0.0028,"lastBolusTime":1702886858822,"time":"2023-12-18T11:04:50.351Z"}},{"iob":-0.015,"basaliob":-0.056,"bolussnooze":0,"activity":0,"lastBolusTime":1702886858822,"time":"2023-12-18T11:09:50.351Z","iobWithZeroTemp":{"iob":-0.312,"basaliob":-0.353,"bolussnooze":0,"activity":-0.0029,"lastBolusTime":1702886858822,"time":"2023-12-18T11:09:50.351Z"}},{"iob":-0.016,"basaliob":-0.051,"bolussnooze":0,"activity":0,"lastBolusTime":1702886858822,"time":"2023-12-18T11:14:50.351Z","iobWithZeroTemp":{"iob":-0.323,"basaliob":-0.358,"bolussnooze":0,"activity":-0.0031,"lastBolusTime":1702886858822,"time":"2023-12-18T11:14:50.351Z"}},{"iob":-0.015,"basaliob":-0.046,"bolussnooze":0,"activity":0,"lastBolusTime":1702886858822,"time":"2023-12-18T11:19:50.351Z","iobWithZeroTemp":{"iob":-0.332,"basaliob":-0.363,"bolussnooze":0,"activity":-0.0032,"lastBolusTime":1702886858822,"time":"2023-12-18T11:19:50.351Z"}},{"iob":-0.015,"basaliob":-0.042,"bolussnooze":0,"activity":-1.0E-4,"lastBolusTime":1702886858822,"time":"2023-12-18T11:24:50.351Z","iobWithZeroTemp":{"iob":-0.34,"basaliob":-0.367,"bolussnooze":0,"activity":-0.0034,"lastBolusTime":1702886858822,"time":"2023-12-18T11:24:50.351Z"}},{"iob":-0.015,"basaliob":-0.038,"bolussnooze":0,"activity":-1.0E-4,"lastBolusTime":1702886858822,"time":"2023-12-18T11:29:50.351Z","iobWithZeroTemp":{"iob":-0.349,"basaliob":-0.372,"bolussnooze":0,"activity":-0.0035,"lastBolusTime":1702886858822,"time":"2023-12-18T11:29:50.351Z"}},{"iob":-0.014,"basaliob":-0.034,"bolussnooze":0,"activity":-1.0E-4,"lastBolusTime":1702886858822,"time":"2023-12-18T11:34:50.351Z","iobWithZeroTemp":{"iob":-0.355,"basaliob":-0.375,"bolussnooze":0,"activity":-0.0036,"lastBolusTime":1702886858822,"time":"2023-12-18T11:34:50.351Z"}},{"iob":-0.013,"basaliob":-0.03,"bolussnooze":0,"activity":-2.0E-4,"lastBolusTime":1702886858822,"time":"2023-12-18T11:39:50.351Z","iobWithZeroTemp":{"iob":-0.361,"basaliob":-0.378,"bolussnooze":0,"activity":-0.0038,"lastBolusTime":1702886858822,"time":"2023-12-18T11:39:50.351Z"}},{"iob":-0.013,"basaliob":-0.027,"bolussnooze":0,"activity":-1.0E-4,"lastBolusTime":1702886858822,"time":"2023-12-18T11:44:50.351Z","iobWithZeroTemp":{"iob":-0.368,"basaliob":-0.382,"bolussnooze":0,"activity":-0.0038,"lastBolusTime":1702886858822,"time":"2023-12-18T11:44:50.351Z"}},{"iob":-0.012,"basaliob":-0.024,"bolussnooze":0,"activity":-1.0E-4,"lastBolusTime":1702886858822,"time":"2023-12-18T11:49:50.351Z","iobWithZeroTemp":{"iob":-0.373,"basaliob":-0.385,"bolussnooze":0,"activity":-0.0039,"lastBolusTime":1702886858822,"time":"2023-12-18T11:49:50.351Z"}},{"iob":-0.012,"basaliob":-0.022,"bolussnooze":0,"activity":-1.0E-4,"lastBolusTime":1702886858822,"time":"2023-12-18T11:54:50.351Z","iobWithZeroTemp":{"iob":-0.378,"basaliob":-0.388,"bolussnooze":0,"activity":-0.004,"lastBolusTime":1702886858822,"time":"2023-12-18T11:54:50.351Z"}},{"iob":-0.01,"basaliob":-0.019,"bolussnooze":0,"activity":-2.0E-4,"lastBolusTime":1702886858822,"time":"2023-12-18T11:59:50.351Z","iobWithZeroTemp":{"iob":-0.382,"basaliob":-0.391,"bolussnooze":0,"activity":-0.0042,"lastBolusTime":1702886858822,"time":"2023-12-18T11:59:50.351Z"}},{"iob":-0.01,"basaliob":-0.017,"bolussnooze":0,"activity":-1.0E-4,"lastBolusTime":1702886858822,"time":"2023-12-18T12:04:50.351Z","iobWithZeroTemp":{"iob":-0.386,"basaliob":-0.393,"bolussnooze":0,"activity":-0.0042,"lastBolusTime":1702886858822,"time":"2023-12-18T12:04:50.351Z"}},{"iob":-0.009,"basaliob":-0.015,"bolussnooze":0,"activity":-2.0E-4,"lastBolusTime":1702886858822,"time":"2023-12-18T12:09:50.351Z","iobWithZeroTemp":{"iob":-0.39,"basaliob":-0.396,"bolussnooze":0,"activity":-0.0044,"lastBolusTime":1702886858822,"time":"2023-12-18T12:09:50.351Z"}},{"iob":-0.009,"basaliob":-0.014,"bolussnooze":0,"activity":-1.0E-4,"lastBolusTime":1702886858822,"time":"2023-12-18T12:14:50.351Z","iobWithZeroTemp":{"iob":-0.394,"basaliob":-0.399,"bolussnooze":0,"activity":-0.0043,"lastBolusTime":1702886858822,"time":"2023-12-18T12:14:50.351Z"}},{"iob":-0.008,"basaliob":-0.012,"bolussnooze":0,"activity":-1.0E-4,"lastBolusTime":1702886858822,"time":"2023-12-18T12:19:50.351Z","iobWithZeroTemp":{"iob":-0.396,"basaliob":-0.4,"bolussnooze":0,"activity":-0.0044,"lastBolusTime":1702886858822,"time":"2023-12-18T12:19:50.351Z"}},{"iob":-0.008,"basaliob":-0.011,"bolussnooze":0,"activity":-2.0E-4,"lastBolusTime":1702886858822,"time":"2023-12-18T12:24:50.351Z","iobWithZeroTemp":{"iob":-0.4,"basaliob":-0.403,"bolussnooze":0,"activity":-0.0046,"lastBolusTime":1702886858822,"time":"2023-12-18T12:24:50.351Z"}},{"iob":-0.006,"basaliob":-0.009,"bolussnooze":0,"activity":-1.0E-4,"lastBolusTime":1702886858822,"time":"2023-12-18T12:29:50.351Z","iobWithZeroTemp":{"iob":-0.401,"basaliob":-0.404,"bolussnooze":0,"activity":-0.0045,"lastBolusTime":1702886858822,"time":"2023-12-18T12:29:50.351Z"}},{"iob":-0.006,"basaliob":-0.008,"bolussnooze":0,"activity":-1.0E-4,"lastBolusTime":1702886858822,"time":"2023-12-18T12:34:50.351Z","iobWithZeroTemp":{"iob":-0.403,"basaliob":-0.405,"bolussnooze":0,"activity":-0.0046,"lastBolusTime":1702886858822,"time":"2023-12-18T12:34:50.351Z"}},{"iob":-0.005,"basaliob":-0.007,"bolussnooze":0,"activity":-1.0E-4,"lastBolusTime":1702886858822,"time":"2023-12-18T12:39:50.351Z","iobWithZeroTemp":{"iob":-0.405,"basaliob":-0.407,"bolussnooze":0,"activity":-0.0046,"lastBolusTime":1702886858822,"time":"2023-12-18T12:39:50.351Z"}},{"iob":-0.005,"basaliob":-0.006,"bolussnooze":0,"activity":-1.0E-4,"lastBolusTime":1702886858822,"time":"2023-12-18T12:44:50.351Z","iobWithZeroTemp":{"iob":-0.407,"basaliob":-0.408,"bolussnooze":0,"activity":-0.0047,"lastBolusTime":1702886858822,"time":"2023-12-18T12:44:50.351Z"}},{"iob":-0.004,"basaliob":-0.005,"bolussnooze":0,"activity":-1.0E-4,"lastBolusTime":1702886858822,"time":"2023-12-18T12:49:50.351Z","iobWithZeroTemp":{"iob":-0.408,"basaliob":-0.409,"bolussnooze":0,"activity":-0.0047,"lastBolusTime":1702886858822,"time":"2023-12-18T12:49:50.351Z"}},{"iob":-0.004,"basaliob":-0.005,"bolussnooze":0,"activity":-1.0E-4,"lastBolusTime":1702886858822,"time":"2023-12-18T12:54:50.351Z","iobWithZeroTemp":{"iob":-0.41,"basaliob":-0.411,"bolussnooze":0,"activity":-0.0048,"lastBolusTime":1702886858822,"time":"2023-12-18T12:54:50.351Z"}},{"iob":-0.003,"basaliob":-0.004,"bolussnooze":0,"activity":-1.0E-4,"lastBolusTime":1702886858822,"time":"2023-12-18T12:59:50.351Z","iobWithZeroTemp":{"iob":-0.411,"basaliob":-0.412,"bolussnooze":0,"activity":-0.0048,"lastBolusTime":1702886858822,"time":"2023-12-18T12:59:50.351Z"}},{"iob":-0.002,"basaliob":-0.003,"bolussnooze":0,"activity":-1.0E-4,"lastBolusTime":1702886858822,"time":"2023-12-18T13:04:50.351Z","iobWithZeroTemp":{"iob":-0.411,"basaliob":-0.412,"bolussnooze":0,"activity":-0.0048,"lastBolusTime":1702886858822,"time":"2023-12-18T13:04:50.351Z"}},{"iob":-0.003,"basaliob":-0.003,"bolussnooze":0,"activity":-1.0E-4,"lastBolusTime":1702886858822,"time":"2023-12-18T13:09:50.351Z","iobWithZeroTemp":{"iob":-0.413,"basaliob":-0.413,"bolussnooze":0,"activity":-0.0048,"lastBolusTime":1702886858822,"time":"2023-12-18T13:09:50.351Z"}},{"iob":-0.003,"basaliob":-0.003,"bolussnooze":0,"activity":-1.0E-4,"lastBolusTime":1702886858822,"time":"2023-12-18T13:14:50.351Z","iobWithZeroTemp":{"iob":-0.415,"basaliob":-0.415,"bolussnooze":0,"activity":-0.0049,"lastBolusTime":1702886858822,"time":"2023-12-18T13:14:50.351Z"}},{"iob":-0.002,"basaliob":-0.002,"bolussnooze":0,"activity":-1.0E-4,"lastBolusTime":1702886858822,"time":"2023-12-18T13:19:50.351Z","iobWithZeroTemp":{"iob":-0.415,"basaliob":-0.415,"bolussnooze":0,"activity":-0.0049,"lastBolusTime":1702886858822,"time":"2023-12-18T13:19:50.351Z"}}],"profile":{"max_iob":10,"type":"current","max_daily_basal":0.4,"max_basal":1,"min_bg":90,"max_bg":90,"target_bg":90,"carb_ratio":8.5,"sens":120,"max_daily_safety_multiplier":3,"current_basal_safety_multiplier":4,"lgsThreshold":95,"high_temptarget_raises_sensitivity":true,"low_temptarget_lowers_sensitivity":true,"sensitivity_raises_target":true,"resistance_lowers_target":true,"adv_target_adjustments":false,"exercise_mode":false,"half_basal_exercise_target":160,"maxCOB":120,"skip_neutral_temps":false,"remainingCarbsCap":90,"enableUAM":true,"A52_risk_enable":false,"SMBInterval":10,"enableSMB_with_COB":true,"enableSMB_with_temptarget":true,"allowSMB_with_high_temptarget":false,"enableSMB_always":false,"enableSMB_after_carbs":true,"maxSMBBasalMinutes":30,"maxUAMSMBBasalMinutes":40,"bolus_increment":0.05,"carbsReqThreshold":4,"current_basal":0.25,"temptargetSet":false,"autosens_max":1.3,"autosens_min":0.7,"variable_sens":113.5,"insulinDivisor":75,"TDD":19.387583333333335},"autosens_data":{"ratio":0.8687274686114447},"meal_data":{"carbs":0,"mealCOB":0,"slopeFromMaxDeviation":-0.23636363636363636,"slopeFromMinDeviation":0.35075,"lastBolusTime":1702886858822,"lastCarbTime":0},"microBolusAllowed":true,"currentTime":1702891491036,"flatBGsDetected":false,"tdd1D":16.272499999999997,"tdd7D":20.110833333333336,"tddLast24H":17.47083333333333,"tddLast4H":4.775000000000001,"tddLast8to4H":0.9458333333333332},"output":{"temp":"absolute","bg":95,"tick":"+0","eventualBG":97,"targetBG":95,"insulinReq":0,"deliverAt":"2023-12-18T09:24:51.036Z","sensitivityRatio":0.8687274686114447,"variable_sens":113.5,"predBGs":{"IOB":[95,95,95,95,95,95,95,95,95,95,95,94,94,93,93,93,92,92,92,92,92,92,92,92,92,92,92,92,92,92,92,92,93,93,93,93,93,93,93,93,93,93,93,93,93,93,93,94],"ZT":[95,92,89,86,84,82,81,79,79,78,78,78,78,79,80,80,81,83,84,86,87,89,91,92,94],"UAM":[95,95,95,95,95,96,96,96,97,97,97,97,97,97,97,96,96,96,96,96,96,96,96,96,96,96,96,96,96,96,96,96,96,96,97]},"reason":"COB: 0, Dev: 20, BGI: -3, ISF: 114, CR: 8.5, Target: 95, minPredBG 92, minGuardBG 95, IOBpredBG 94, UAMpredBG 97; 97-92 in range: no temp required; setting current basal of 0.22 as temp. ","COB":0,"IOB":0.163,"duration":30,"rate":0.21718186715286117,"timestamp":"2023-12-18T09:24:51.047Z"}}