{"algorithm":"OpenAPSSMBDynamicISFPlugin","input":{"glucoseStatus":{"glucose":93,"noise":0,"delta":-3.72,"short_avgdelta":-3.72,"long_avgdelta":-3.54,"date":1702917861000},"currenttemp":{"temp":"absolute","duration":115,"rate":0,"minutesrunning":5},"iob_data":[{"iob":0.072,"basaliob":-0.058,"bolussnooze":0,"activity":0.0026,"lastBolusTime":1702911594496,"time":"2023-12-18T16:44:50.611Z","iobWithZeroTemp":{"iob":0.072,"basaliob":-0.058,"bolussnooze":0,"activity":0.0026,"lastBolusTime":1702911594496,"time":"2023-12-18T16:44:50.611Z"}},{"iob":0.059,"basaliob":-0.058,"bolussnooze":0,"activity":0.0023,"lastBolusTime":1702911594496,"time":"2023-12-18T16:49:50.611Z","iobWithZeroTemp":{"iob":0.052,"basaliob":-0.065,"bolussnooze":0,"activity":0.0023,"lastBolusTime":1702911594496,"time":"2023-12-18T16:49:50.611Z"}},{"iob":0.048,"basaliob":-0.057,"bolussnooze":0,"activity":0.002,"lastBolusTime":1702911594496,"time":"2023-12-18T16:54:50.611Z","iobWithZeroTemp":{"iob":0.033,"basaliob":-0.072,"bolussnooze":0,"activity":0.002,"lastBolusTime":1702911594496,"time":"2023-12-18T16:54:50.611Z"}},{"iob":0.04,"basaliob":-0.055,"bolussnooze":0,"activity":0.0017,"lastBolusTime":1702911594496,"time":"2023-12-18T16:59:50.611Z","iobWithZeroTemp":{"iob":0.017,"basaliob":-0.078,"bolussnooze":0,"activity":0.0016,"lastBolusTime":1702911594496,"time":"2023-12-18T16:59:50.611Z"}},{"iob":0.031,"basaliob":-0.054,"bolussnooze":0,"activity":0.0014,"lastBolusTime":1702911594496,"time":"2023-12-18T17:04:50.611Z","iobWithZeroTemp":{"iob":0,"basaliob":-0.085,"bolussnooze":0,"activity":0.0013,"lastBolusTime":1702911594496,"time":"2023-12-18T17:04:50.611Z"}},{"iob":0.024,"basaliob":-0.052,"bolussnooze":0,"activity":0.0013,"lastBolusTime":1702911594496,"time":"2023-12-18T17:09:50.611Z","iobWithZeroTemp":{"iob":-0.014,"basaliob":-0.09,"bolussnooze":0,"activity":0.0011,"lastBolusTime":1702911594496,"time":"2023-12-18T17:09:50.611Z"}},{"iob":0.02,"basaliob":-0.049,"bolussnooze":0,"activity":0.0011,"lastBolusTime":1702911594496,"time":"2023-12-18T17:14:50.611Z","iobWithZeroTemp":{"iob":-0.026,"basaliob":-0.095,"bolussnooze":0,"activity":9.0E-4,"lastBolusTime":1702911594496,"time":"2023-12-18T17:14:50.611Z"}},{"iob":0.014,"basaliob":-0.047,"bolussnooze":0,"activity":9.0E-4,"lastBolusTime":1702911594496,"time":"2023-12-18T17:19:50.611Z","iobWithZeroTemp":{"iob":-0.039,"basaliob":-0.1,"bolussnooze":0,"activity":6.0E-4,"lastBolusTime":1702911594496,"time":"2023-12-18T17:19:50.611Z"}},{"iob":0.01,"basaliob":-0.045,"bolussnooze":0,"activity":8.0E-4,"lastBolusTime":1702911594496,"time":"2023-12-18T17:24:50.611Z","iobWithZeroTemp":{"iob":-0.049,"basaliob":-0.104,"bolussnooze":0,"activity":4.0E-4,"lastBolusTime":1702911594496,"time":"2023-12-18T17:24:50.611Z"}},{"iob":0.007,"basaliob":-0.042,"bolussnooze":0,"activity":6.0E-4,"lastBolusTime":1702911594496,"time":"2023-12-18T17:29:50.611Z","iobWithZeroTemp":{"iob":-0.059,"basaliob":-0.108,"bolussnooze":0,"activity":2.0E-4,"lastBolusTime":1702911594496,"time":"2023-12-18T17:29:50.611Z"}},{"iob":0.003,"basaliob":-0.04,"bolussnooze":0,"activity":5.0E-4,"lastBolusTime":1702911594496,"time":"2023-12-18T17:34:50.611Z","iobWithZeroTemp":{"iob":-0.069,"basaliob":-0.112,"bolussnooze":0,"activity":0,"lastBolusTime":1702911594496,"time":"2023-12-18T17:34:50.611Z"}},{"iob":0.001,"basaliob":-0.037,"bolussnooze":0,"activity":4.0E-4,"lastBolusTime":1702911594496,"time":"2023-12-18T17:39:50.611Z","iobWithZeroTemp":{"iob":-0.076,"basaliob":-0.114,"bolussnooze":0,"activity":-2.0E-4,"lastBolusTime":1702911594496,"time":"2023-12-18T17:39:50.611Z"}},{"iob":-0.001,"basaliob":-0.035,"bolussnooze":0,"activity":3.0E-4,"lastBolusTime":1702911594496,"time":"2023-12-18T17:44:50.611Z","iobWithZeroTemp":{"iob":-0.083,"basaliob":-0.117,"bolussnooze":0,"activity":-4.0E-4,"lastBolusTime":1702911594496,"time":"2023-12-18T17:44:50.611Z"}},{"iob":-0.003,"basaliob":-0.033,"bolussnooze":0,"activity":4.0E-4,"lastBolusTime":1702911594496,"time":"2023-12-18T17:49:50.611Z","iobWithZeroTemp":{"iob":-0.09,"basaliob":-0.12,"bolussnooze":0,"activity":-3.0E-4,"lastBolusTime":1702911594496,"time":"2023-12-18T17:49:50.611Z"}},{"iob":-0.004,"basaliob":-0.031,"bolussnooze":0,"activity":3.0E-4,"lastBolusTime":1702911594496,"time":"2023-12-18T17:54:50.611Z","iobWithZeroTemp":{"iob":-0.096,"basaliob":-0.123,"bolussnooze":0,"activity":-5.0E-4,"lastBolusTime":1702911594496,"time":"2023-12-18T17:54:50.611Z"}},{"iob":-0.006,"basaliob":-0.029,"bolussnooze":0,"activity":2.0E-4,"lastBolusTime":1702911594496,"time":"2023-12-18T17:59:50.611Z","iobWithZeroTemp":{"iob":-0.102,"basaliob":-0.125,"bolussnooze":0,"activity":-7.0E-4,"lastBolusTime":1702911594496,"time":"2023-12-18T17:59:50.611Z"}},{"iob":-0.006,"basaliob":-0.026,"bolussnooze":0,"activity":1.0E-4,"lastBolusTime":1702911594496,"time":"2023-12-18T18:04:50.611Z","iobWithZeroTemp":{"iob":-0.106,"basaliob":-0.126,"bolussnooze":0,"activity":-8.0E-4,"lastBolusTime":1702911594496,"time":"2023-12-18T18:04:50.611Z"}},{"iob":-0.007,"basaliob":-0.025,"bolussnooze":0,"activity":1.0E-4,"lastBolusTime":1702911594496,"time":"2023-12-18T18:09:50.611Z","iobWithZeroTemp":{"iob":-0.111,"basaliob":-0.129,"bolussnooze":0,"activity":-9.0E-4,"lastBolusTime":1702911594496,"time":"2023-12-18T18:09:50.611Z"}},{"iob":-0.007,"basaliob":-0.023,"bolussnooze":0,"activity":0,"lastBolusTime":1702911594496,"time":"2023-12-18T18:14:50.611Z","iobWithZeroTemp":{"iob":-0.114,"basaliob":-0.13,"bolussnooze":0,"activity":-0.001,"lastBolusTime":1702911594496,"time":"2023-12-18T18:14:50.611Z"}},{"iob":-0.007,"basaliob":-0.021,"bolussnooze":0,"activity":1.0E-4,"lastBolusTime":1702911594496,"time":"2023-12-18T18:19:50.611Z","iobWithZeroTemp":{"iob":-0.117,"basaliob":-0.131,"bolussnooze":0,"activity":-0.001,"lastBolusTime":1702911594496,"time":"2023-12-18T18:19:50.611Z"}},{"iob":-0.007,"basaliob":-0.019,"bolussnooze":0,"activity":0,"lastBolusTime":1702911594496,"time":"2023-12-18T18:24:50.611Z","iobWithZeroTemp":{"iob":-0.12,"basaliob":-0.132,"bolussnooze":0,"activity":-0.0011,"lastBolusTime":1702911594496,"time":"2023-12-18T18:24:50.611Z"}},{"iob":-0.008,"basaliob":-0.018,"bolussnooze":0,"activity":0,"lastBolusTime":1702911594496,"time":"2023-12-18T18:29:50.611Z","iobWithZeroTemp":{"iob":-0.124,"basaliob":-0.134,"bolussnooze":0,"activity":-0.0012,"lastBolusTime":1702911594496,"time":"2023-12-18T18:29:50.611Z"}},{"iob":-0.007,"basaliob":-0.016,"bolussnooze":0,"activity":0,"lastBolusTime":1702911594496,"time":"2023-12-18T18:34:50.611Z","iobWithZeroTemp":{"iob":-0.125,"basaliob":-0.134,"bolussnooze":0,"activity":-0.0012,"lastBolusTime":1702911594496,"time":"2023-12-18T18:34:50.611Z"}},{"iob":-0.007,"basaliob":-0.015,"bolussnooze":0,"activity":-1.0E-4,"lastBolusTime":1702911594496,"time":"2023-12-18T18:39:50.611Z","iobWithZeroTemp":{"iob":-0.127,"basaliob":-0.135,"bolussnooze":0,"activity":-0.0013,"lastBolusTime":1702911594496,"time":"2023-12-18T18:39:50.611Z"}},{"iob":-0.008,"basaliob":-0.014,"bolussnooze":0,"activity":0,"lastBolusTime":1702911594496,"time":"2023-12-18T18:44:50.611Z","iobWithZeroTemp":{"iob":-0.13,"basaliob":-0.136,"bolussnooze":0,"activity":-0.0013,"lastBolusTime":1702911594496,"time":"2023-12-18T18:44:50.611Z"}},{"iob":-0.007,"basaliob":-0.013,"bolussnooze":0,"activity":0,"lastBolusTime":1702911594496,"time":"2023-12-18T18:49:50.611Z","iobWithZeroTemp":{"iob":-0.131,"basaliob":-0.137,"bolussnooze":0,"activity":-0.0013,"lastBolusTime":1702911594496,"time":"2023-12-18T18:49:50.611Z"}},{"iob":-0.006,"basaliob":-0.011,"bolussnooze":0,"activity":0,"lastBolusTime":1702911594496,"time":"2023-12-18T18:54:50.611Z","iobWithZeroTemp":{"iob":-0.132,"basaliob":-0.137,"bolussnooze":0,"activity":-0.0013,"lastBolusTime":1702911594496,"time":"2023-12-18T18:54:50.611Z"}},{"iob":-0.006,"basaliob":-0.01,"bolussnooze":0,"activity":-1.0E-4,"lastBolusTime":1702911594496,"time":"2023-12-18T18:59:50.611Z","iobWithZeroTemp":{"iob":-0.133,"basaliob":-0.137,"bolussnooze":0,"activity":-0.0015,"lastBolusTime":1702911594496,"time":"2023-12-18T18:59:50.611Z"}},{"iob":-0.006,"basaliob":-0.009,"bolussnooze":0,"activity":-1.0E-4,"lastBolusTime":1702911594496,"time":"2023-12-18T19:04:50.611Z","iobWithZeroTemp":{"iob":-0.155,"basaliob":-0.158,"bolussnooze":0,"activity":-0.0015,"lastBolusTime":1702911594496,"time":"2023-12-18T19:04:50.611Z"}},{"iob":-0.006,"basaliob":-0.009,"bolussnooze":0,"activity":-1.0E-4,"lastBolusTime":1702911594496,"time":"2023-12-18T19:09:50.611Z","iobWithZeroTemp":{"iob":-0.177,"basaliob":-0.18,"bolussnooze":0,"activity":-0.0016,"lastBolusTime":1702911594496,"time":"2023-12-18T19:09:50.611Z"}},{"iob":-0.006,"basaliob":-0.008,"bolussnooze":0,"activity":-1.0E-4,"lastBolusTime":1702911594496,"time":"2023-12-18T19:14:50.611Z","iobWithZeroTemp":{"iob":-0.198,"basaliob":-0.2,"bolussnooze":0,"activity":-0.0017,"lastBolusTime":1702911594496,"time":"2023-12-18T19:14:50.611Z"}},{"iob":-0.005,"basaliob":-0.007,"bolussnooze":0,"activity":0,"lastBolusTime":1702911594496,"time":"2023-12-18T19:19:50.611Z","iobWithZeroTemp":{"iob":-0.218,"basaliob":-0.22,"bolussnooze":0,"activity":-0.0018,"lastBolusTime":1702911594496,"time":"2023-12-18T19:19:50.611Z"}},{"iob":-0.004,"basaliob":-0.006,"bolussnooze":0,"activity":0,"lastBolusTime":1702911594496,"time":"2023-12-18T19:24:50.611Z","iobWithZeroTemp":{"iob":-0.236,"basaliob":-0.238,"bolussnooze":0,"activity":-0.002,"lastBolusTime":1702911594496,"time":"2023-12-18T19:24:50.611Z"}},{"iob":-0.005,"basaliob":-0.006,"bolussnooze":0,"activity":0,"lastBolusTime":1702911594496,"time":"2023-12-18T19:29:50.611Z","iobWithZeroTemp":{"iob":-0.256,"basaliob":-0.257,"bolussnooze":0,"activity":-0.0021,"lastBolusTime":1702911594496,"time":"2023-12-18T19:29:50.611Z"}},{"iob":-0.004,"basaliob":-0.005,"bolussnooze":0,"activity":-1.0E-4,"lastBolusTime":1702911594496,"time":"2023-12-18T19:34:50.611Z","iobWithZeroTemp":{"iob":-0.273,"basaliob":-0.274,"bolussnooze":0,"activity":-0.0024,"lastBolusTime":1702911594496,"time":"2023-12-18T19:34:50.611Z"}},{"iob":-0.003,"basaliob":-0.004,"bolussnooze":0,"activity":-1.0E-4,"lastBolusTime":1702911594496,"time":"2023-12-18T19:39:50.611Z","iobWithZeroTemp":{"iob":-0.289,"basaliob":-0.29,"bolussnooze":0,"activity":-0.0026,"lastBolusTime":1702911594496,"time":"2023-12-18T19:39:50.611Z"}},{"iob":-0.003,"basaliob":-0.004,"bolussnooze":0,"activity":-1.0E-4,"lastBolusTime":1702911594496,"time":"2023-12-18T19:44:50.611Z","iobWithZeroTemp":{"iob":-0.305,"basaliob":-0.306,"bolussnooze":0,"activity":-0.0028,"lastBolusTime":1702911594496,"time":"2023-12-18T19:44:50.611Z"}},{"iob":-0.003,"basaliob":-0.004,"bolussnooze":0,"activity":-1.0E-4,"lastBolusTime":1702911594496,"time":"2023-12-18T19:49:50.611Z","iobWithZeroTemp":{"iob":-0.321,"basaliob":-0.322,"bolussnooze":0,"activity":-0.003,"lastBolusTime":1702911594496,"time":"2023-12-18T19:49:50.611Z"}},{"iob":-0.003,"basaliob":-0.003,"bolussnooze":0,"activity":-1.0E-4,"lastBolusTime":1702911594496,"time":"2023-12-18T19:54:50.611Z","iobWithZeroTemp":{"iob":-0.335,"basaliob":-0.335,"bolussnooze":0,"activity":-0.0032,"lastBolusTime":1702911594496,"time":"2023-12-18T19:54:50.611Z"}},{"iob":-0.003,"basaliob":-0.003,"bolussnooze":0,"activity":-1.0E-4,"lastBolusTime":1702911594496,"time":"2023-12-18T19:59:50.611Z","iobWithZeroTemp":{"iob":-0.348,"basaliob":-0.348,"bolussnooze":0,"activity":-0.0034,"lastBolusTime":1702911594496,"time":"2023-12-18T19:59:50.611Z"}},{"iob":-0.002,"basaliob":-0.002,"bolussnooze":0,"activity":-1.0E-4,"lastBolusTime":1702911594496,"time":"2023-12-18T20:04:50.611Z","iobWithZeroTemp":{"iob":-0.36,"basaliob":-0.36,"bolussnooze":0,"activity":-0.0035,"lastBolusTime":1702911594496,"time":"2023-12-18T20:04:50.611Z"}},{"iob":-0.002,"basaliob":-0.002,"bolussnooze":0,"activity":-1.0E-4,"lastBolusTime":1702911594496,"time":"2023-12-18T20:09:50.611Z","iobWithZeroTemp":{"iob":-0.371,"basaliob":-0.371,"bolussnooze":0,"activity":-0.0037,"lastBolusTime":1702911594496,"time":"2023-12-18T20:09:50.611Z"}},{"iob":-0.002,"basaliob":-0.002,"bolussnooze":0,"activity":-1.0E-4,"lastBolusTime":1702911594496,"time":"2023-12-18T20:14:50.611Z","iobWithZeroTemp":{"iob":-0.382,"basaliob":-0.382,"bolussnooze":0,"activity":-0.0039,"lastBolusTime":1702911594496,"time":"2023-12-18T20:14:50.611Z"}},{"iob":-0.002,"basaliob":-0.002,"bolussnooze":0,"activity":0,"lastBolusTime":1702911594496,"time":"2023-12-18T20:19:50.611Z","iobWithZeroTemp":{"iob":-0.392,"basaliob":-0.392,"bolussnooze":0,"activity":-0.0039,"lastBolusTime":1702911594496,"time":"2023-12-18T20:19:50.611Z"}},{"iob":-0.001,"basaliob":-0.001,"bolussnooze":0,"activity":0,"lastBolusTime":1702911594496,"time":"2023-12-18T20:24:50.611Z","iobWithZeroTemp":{"iob":-0.4,"basaliob":-0.4,"bolussnooze":0,"activity":-0.0041,"lastBolusTime":1702911594496,"time":"2023-12-18T20:24:50.611Z"}},{"iob":-0.001,"basaliob":-0.001,"bolussnooze":0,"activity":0,"lastBolusTime":1702911594496,"time":"2023-12-18T20:29:50.611Z","iobWithZeroTemp":{"iob":-0.409,"basaliob":-0.409,"bolussnooze":0,"activity":-0.0042,"lastBolusTime":1702911594496,"time":"2023-12-18T20:29:50.611Z"}},{"iob":-0.001,"basaliob":-0.001,"bolussnooze":0,"activity":0,"lastBolusTime":1702911594496,"time":"2023-12-18T20:34:50.611Z","iobWithZeroTemp":{"iob":-0.416,"basaliob":-0.416,"bolussnooze":0,"activity":-0.0043,"lastBolusTime":1702911594496,"time":"2023-12-18T20:34:50.611Z"}},{"iob":-0.001,"basaliob":-0.001,"bolussnooze":0,"activity":0,"lastBolusTime":1702911594496,"time":"2023-12-18T20:39:50.611Z","iobWithZeroTemp":{"iob":-0.424,"basaliob":-0.424,"bolussnooze":0,"activity":-0.0045,"lastBolusTime":1702911594496,"time":"2023-12-18T20:39:50.611Z"}}],"profile":{"max_iob":10,"type":"current","max_daily_basal":0.4,"max_basal":0.4,"min_bg":90,"max_bg":90,"target_bg":90,"carb_ratio":8.8,"sens":120,"max_daily_safety_multiplier":3,"current_basal_safety_multiplier":4,"lgsThreshold":95,"high_temptarget_raises_sensitivity":true,"low_temptarget_lowers_sensitivity":true,"sensitivity_raises_target":true,"resistance_lowers_target":true,"adv_target_adjustments":false,"exercise_mode":false,"half_basal_exercise_target":160,"maxCOB":120,"skip_neutral_temps":false,"remainingCarbsCap":90,"enableUAM":true,"A52_risk_enable":false,"SMBInterval":5,"enableSMB_with_COB":true,"enableSMB_with_temptarget":true,"allowSMB_with_high_temptarget":false,"enableSMB_always":false,"enableSMB_after_carbs":true,"maxSMBBasalMinutes":30,"maxUAMSMBBasalMinutes":40,"bolus_increment":0.05,"carbsReqThreshold":4,"current_basal":0.1,"temptargetSet":false,"autosens_max":1.3,"autosens_min":0.7,"variable_sens":129,"insulinDivisor":75,"TDD":17.303633333333334},"autosens_data":{"ratio":0.9344051713421452},"meal_data":{"carbs":0,"mealCOB":0,"slopeFromMaxDeviation":-0.30666666666666664,"slopeFromMinDeviation":0,"lastBolusTime":1702911594496,"lastCarbTime":0},"microBolusAllowed":true,"currentTime":1702917892670,"flatBGsDetected":false,"tdd1D":16.272499999999997,"tdd7D":20.110833333333336,"tddLast24H":18.79166666666666,"tddLast4H":2.2750000000000004,"tddLast8to4H":3.270833333333333},"output":{"temp":"absolute","bg":93,"tick":-4,"eventualBG":73,"targetBG":92,"insulinReq":0,"deliverAt":"2023-12-18T16:44:52.670Z","sensitivityRatio":0.9344051713421452,"variable_sens":129,"predBGs":{"IOB":[93,89,86,83,81,79,77,75,74,73,72,71,71,71,71,70,70,70,70,70,70,70,70,70,70,70,70,70,70,70,70,70,70,70,70,70,70,71],"ZT":[93,91,90,89,87,87,86,85,85,85,84,84,85,85,85,85,86,86,87,88,88,89,90,91,92,92]},"reason":"COB: 0, Dev: -11, BGI: -2, ISF: 129, CR: 8.8, Target: 92, minPredBG 77, minGuardBG 70, IOBpredBG 71; minGuardBG 70<95 115m left and 0 ~ req 0U\/hr: no temp required","COB":0,"IOB":0.072,"timestamp":"2023-12-18T16:44:52.699Z"}}