{"algorithm":"OpenAPSSMBDynamicISFPlugin","input":{"glucoseStatus":{"glucose":110,"noise":0,"delta":1.11,"short_avgdelta":1.11,"long_avgdelta":1.7,"date":1702897462000},"currenttemp":{"temp":"absolute","duration":10,"rate":0.6,"minutesrunning":20},"iob_data":[{"iob":0.11,"basaliob":0.063,"bolussnooze":0,"activity":7.0E-4,"lastBolusTime":1702886858822,"time":"2023-12-18T11:04:48.340Z","iobWithZeroTemp":{"iob":0.11,"basaliob":0.063,"bolussnooze":0,"activity":7.0E-4,"lastBolusTime":1702886858822,"time":"2023-12-18T11:04:48.340Z"}},{"iob":0.106,"basaliob":0.065,"bolussnooze":0,"activity":8.0E-4,"lastBolusTime":1702886858822,"time":"2023-12-18T11:09:48.340Z","iobWithZeroTemp":{"iob":0.086,"basaliob":0.045,"bolussnooze":0,"activity":8.0E-4,"lastBolusTime":1702886858822,"time":"2023-12-18T11:09:48.340Z"}},{"iob":0.1,"basaliob":0.065,"bolussnooze":0,"activity":9.0E-4,"lastBolusTime":1702886858822,"time":"2023-12-18T11:14:48.340Z","iobWithZeroTemp":{"iob":0.055,"basaliob":0.02,"bolussnooze":0,"activity":8.0E-4,"lastBolusTime":1702886858822,"time":"2023-12-18T11:14:48.340Z"}},{"iob":0.096,"basaliob":0.065,"bolussnooze":0,"activity":0.001,"lastBolusTime":1702886858822,"time":"2023-12-18T11:19:48.340Z","iobWithZeroTemp":{"iob":0.027,"basaliob":-0.004,"bolussnooze":0,"activity":8.0E-4,"lastBolusTime":1702886858822,"time":"2023-12-18T11:19:48.340Z"}},{"iob":0.092,"basaliob":0.065,"bolussnooze":0,"activity":0.001,"lastBolusTime":1702886858822,"time":"2023-12-18T11:24:48.340Z","iobWithZeroTemp":{"iob":-0.001,"basaliob":-0.028,"bolussnooze":0,"activity":6.0E-4,"lastBolusTime":1702886858822,"time":"2023-12-18T11:24:48.340Z"}},{"iob":0.086,"basaliob":0.063,"bolussnooze":0,"activity":0.001,"lastBolusTime":1702886858822,"time":"2023-12-18T11:29:48.340Z","iobWithZeroTemp":{"iob":-0.029,"basaliob":-0.052,"bolussnooze":0,"activity":5.0E-4,"lastBolusTime":1702886858822,"time":"2023-12-18T11:29:48.340Z"}},{"iob":0.082,"basaliob":0.062,"bolussnooze":0,"activity":0.001,"lastBolusTime":1702886858822,"time":"2023-12-18T11:34:48.340Z","iobWithZeroTemp":{"iob":-0.055,"basaliob":-0.075,"bolussnooze":0,"activity":3.0E-4,"lastBolusTime":1702886858822,"time":"2023-12-18T11:34:48.340Z"}},{"iob":0.076,"basaliob":0.059,"bolussnooze":0,"activity":9.0E-4,"lastBolusTime":1702886858822,"time":"2023-12-18T11:39:48.340Z","iobWithZeroTemp":{"iob":-0.082,"basaliob":-0.099,"bolussnooze":0,"activity":0,"lastBolusTime":1702886858822,"time":"2023-12-18T11:39:48.340Z"}},{"iob":0.071,"basaliob":0.057,"bolussnooze":0,"activity":0.001,"lastBolusTime":1702886858822,"time":"2023-12-18T11:44:48.340Z","iobWithZeroTemp":{"iob":-0.107,"basaliob":-0.121,"bolussnooze":0,"activity":-1.0E-4,"lastBolusTime":1702886858822,"time":"2023-12-18T11:44:48.340Z"}},{"iob":0.067,"basaliob":0.055,"bolussnooze":0,"activity":9.0E-4,"lastBolusTime":1702886858822,"time":"2023-12-18T11:49:48.340Z","iobWithZeroTemp":{"iob":-0.13,"basaliob":-0.142,"bolussnooze":0,"activity":-4.0E-4,"lastBolusTime":1702886858822,"time":"2023-12-18T11:49:48.340Z"}},{"iob":0.062,"basaliob":0.052,"bolussnooze":0,"activity":9.0E-4,"lastBolusTime":1702886858822,"time":"2023-12-18T11:54:48.340Z","iobWithZeroTemp":{"iob":-0.153,"basaliob":-0.163,"bolussnooze":0,"activity":-7.0E-4,"lastBolusTime":1702886858822,"time":"2023-12-18T11:54:48.340Z"}},{"iob":0.058,"basaliob":0.049,"bolussnooze":0,"activity":8.0E-4,"lastBolusTime":1702886858822,"time":"2023-12-18T11:59:48.340Z","iobWithZeroTemp":{"iob":-0.174,"basaliob":-0.183,"bolussnooze":0,"activity":-0.001,"lastBolusTime":1702886858822,"time":"2023-12-18T11:59:48.340Z"}},{"iob":0.053,"basaliob":0.046,"bolussnooze":0,"activity":8.0E-4,"lastBolusTime":1702886858822,"time":"2023-12-18T12:04:48.340Z","iobWithZeroTemp":{"iob":-0.194,"basaliob":-0.201,"bolussnooze":0,"activity":-0.0012,"lastBolusTime":1702886858822,"time":"2023-12-18T12:04:48.340Z"}},{"iob":0.05,"basaliob":0.044,"bolussnooze":0,"activity":7.0E-4,"lastBolusTime":1702886858822,"time":"2023-12-18T12:09:48.340Z","iobWithZeroTemp":{"iob":-0.212,"basaliob":-0.218,"bolussnooze":0,"activity":-0.0015,"lastBolusTime":1702886858822,"time":"2023-12-18T12:09:48.340Z"}},{"iob":0.046,"basaliob":0.041,"bolussnooze":0,"activity":7.0E-4,"lastBolusTime":1702886858822,"time":"2023-12-18T12:14:48.340Z","iobWithZeroTemp":{"iob":-0.23,"basaliob":-0.235,"bolussnooze":0,"activity":-0.0017,"lastBolusTime":1702886858822,"time":"2023-12-18T12:14:48.340Z"}},{"iob":0.042,"basaliob":0.038,"bolussnooze":0,"activity":7.0E-4,"lastBolusTime":1702886858822,"time":"2023-12-18T12:19:48.340Z","iobWithZeroTemp":{"iob":-0.246,"basaliob":-0.25,"bolussnooze":0,"activity":-0.0019,"lastBolusTime":1702886858822,"time":"2023-12-18T12:19:48.340Z"}},{"iob":0.039,"basaliob":0.036,"bolussnooze":0,"activity":6.0E-4,"lastBolusTime":1702886858822,"time":"2023-12-18T12:24:48.340Z","iobWithZeroTemp":{"iob":-0.261,"basaliob":-0.264,"bolussnooze":0,"activity":-0.0021,"lastBolusTime":1702886858822,"time":"2023-12-18T12:24:48.340Z"}},{"iob":0.036,"basaliob":0.033,"bolussnooze":0,"activity":6.0E-4,"lastBolusTime":1702886858822,"time":"2023-12-18T12:29:48.340Z","iobWithZeroTemp":{"iob":-0.275,"basaliob":-0.278,"bolussnooze":0,"activity":-0.0023,"lastBolusTime":1702886858822,"time":"2023-12-18T12:29:48.340Z"}},{"iob":0.033,"basaliob":0.031,"bolussnooze":0,"activity":6.0E-4,"lastBolusTime":1702886858822,"time":"2023-12-18T12:34:48.340Z","iobWithZeroTemp":{"iob":-0.288,"basaliob":-0.29,"bolussnooze":0,"activity":-0.0025,"lastBolusTime":1702886858822,"time":"2023-12-18T12:34:48.340Z"}},{"iob":0.031,"basaliob":0.029,"bolussnooze":0,"activity":5.0E-4,"lastBolusTime":1702886858822,"time":"2023-12-18T12:39:48.340Z","iobWithZeroTemp":{"iob":-0.299,"basaliob":-0.301,"bolussnooze":0,"activity":-0.0027,"lastBolusTime":1702886858822,"time":"2023-12-18T12:39:48.340Z"}},{"iob":0.028,"basaliob":0.027,"bolussnooze":0,"activity":5.0E-4,"lastBolusTime":1702886858822,"time":"2023-12-18T12:44:48.340Z","iobWithZeroTemp":{"iob":-0.311,"basaliob":-0.312,"bolussnooze":0,"activity":-0.0029,"lastBolusTime":1702886858822,"time":"2023-12-18T12:44:48.340Z"}},{"iob":0.026,"basaliob":0.025,"bolussnooze":0,"activity":5.0E-4,"lastBolusTime":1702886858822,"time":"2023-12-18T12:49:48.340Z","iobWithZeroTemp":{"iob":-0.321,"basaliob":-0.322,"bolussnooze":0,"activity":-0.003,"lastBolusTime":1702886858822,"time":"2023-12-18T12:49:48.340Z"}},{"iob":0.024,"basaliob":0.023,"bolussnooze":0,"activity":4.0E-4,"lastBolusTime":1702886858822,"time":"2023-12-18T12:54:48.340Z","iobWithZeroTemp":{"iob":-0.33,"basaliob":-0.331,"bolussnooze":0,"activity":-0.0032,"lastBolusTime":1702886858822,"time":"2023-12-18T12:54:48.340Z"}},{"iob":0.022,"basaliob":0.021,"bolussnooze":0,"activity":4.0E-4,"lastBolusTime":1702886858822,"time":"2023-12-18T12:59:48.340Z","iobWithZeroTemp":{"iob":-0.339,"basaliob":-0.34,"bolussnooze":0,"activity":-0.0033,"lastBolusTime":1702886858822,"time":"2023-12-18T12:59:48.340Z"}},{"iob":0.02,"basaliob":0.019,"bolussnooze":0,"activity":3.0E-4,"lastBolusTime":1702886858822,"time":"2023-12-18T13:04:48.340Z","iobWithZeroTemp":{"iob":-0.347,"basaliob":-0.348,"bolussnooze":0,"activity":-0.0036,"lastBolusTime":1702886858822,"time":"2023-12-18T13:04:48.340Z"}},{"iob":0.018,"basaliob":0.018,"bolussnooze":0,"activity":3.0E-4,"lastBolusTime":1702886858822,"time":"2023-12-18T13:09:48.340Z","iobWithZeroTemp":{"iob":-0.354,"basaliob":-0.354,"bolussnooze":0,"activity":-0.0037,"lastBolusTime":1702886858822,"time":"2023-12-18T13:09:48.340Z"}},{"iob":0.016,"basaliob":0.016,"bolussnooze":0,"activity":3.0E-4,"lastBolusTime":1702886858822,"time":"2023-12-18T13:14:48.340Z","iobWithZeroTemp":{"iob":-0.361,"basaliob":-0.361,"bolussnooze":0,"activity":-0.0037,"lastBolusTime":1702886858822,"time":"2023-12-18T13:14:48.340Z"}},{"iob":0.015,"basaliob":0.015,"bolussnooze":0,"activity":3.0E-4,"lastBolusTime":1702886858822,"time":"2023-12-18T13:19:48.340Z","iobWithZeroTemp":{"iob":-0.367,"basaliob":-0.367,"bolussnooze":0,"activity":-0.0038,"lastBolusTime":1702886858822,"time":"2023-12-18T13:19:48.340Z"}},{"iob":0.013,"basaliob":0.013,"bolussnooze":0,"activity":3.0E-4,"lastBolusTime":1702886858822,"time":"2023-12-18T13:24:48.340Z","iobWithZeroTemp":{"iob":-0.373,"basaliob":-0.373,"bolussnooze":0,"activity":-0.0039,"lastBolusTime":1702886858822,"time":"2023-12-18T13:24:48.340Z"}},{"iob":0.012,"basaliob":0.012,"bolussnooze":0,"activity":2.0E-4,"lastBolusTime":1702886858822,"time":"2023-12-18T13:29:48.340Z","iobWithZeroTemp":{"iob":-0.378,"basaliob":-0.378,"bolussnooze":0,"activity":-0.0041,"lastBolusTime":1702886858822,"time":"2023-12-18T13:29:48.340Z"}},{"iob":0.011,"basaliob":0.011,"bolussnooze":0,"activity":2.0E-4,"lastBolusTime":1702886858822,"time":"2023-12-18T13:34:48.340Z","iobWithZeroTemp":{"iob":-0.382,"basaliob":-0.382,"bolussnooze":0,"activity":-0.0042,"lastBolusTime":1702886858822,"time":"2023-12-18T13:34:48.340Z"}},{"iob":0.01,"basaliob":0.01,"bolussnooze":0,"activity":2.0E-4,"lastBolusTime":1702886858822,"time":"2023-12-18T13:39:48.340Z","iobWithZeroTemp":{"iob":-0.386,"basaliob":-0.386,"bolussnooze":0,"activity":-0.0042,"lastBolusTime":1702886858822,"time":"2023-12-18T13:39:48.340Z"}},{"iob":0.009,"basaliob":0.009,"bolussnooze":0,"activity":2.0E-4,"lastBolusTime":1702886858822,"time":"2023-12-18T13:44:48.340Z","iobWithZeroTemp":{"iob":-0.39,"basaliob":-0.39,"bolussnooze":0,"activity":-0.0043,"lastBolusTime":1702886858822,"time":"2023-12-18T13:44:48.340Z"}},{"iob":0.008,"basaliob":0.008,"bolussnooze":0,"activity":2.0E-4,"lastBolusTime":1702886858822,"time":"2023-12-18T13:49:48.340Z","iobWithZeroTemp":{"iob":-0.393,"basaliob":-0.393,"bolussnooze":0,"activity":-0.0043,"lastBolusTime":1702886858822,"time":"2023-12-18T13:49:48.340Z"}},{"iob":0.007,"basaliob":0.007,"bolussnooze":0,"activity":2.0E-4,"lastBolusTime":1702886858822,"time":"2023-12-18T13:54:48.340Z","iobWithZeroTemp":{"iob":-0.397,"basaliob":-0.397,"bolussnooze":0,"activity":-0.0044,"lastBolusTime":1702886858822,"time":"2023-12-18T13:54:48.340Z"}},{"iob":0.007,"basaliob":0.007,"bolussnooze":0,"activity":1.0E-4,"lastBolusTime":1702886858822,"time":"2023-12-18T13:59:48.340Z","iobWithZeroTemp":{"iob":-0.399,"basaliob":-0.399,"bolussnooze":0,"activity":-0.0045,"lastBolusTime":1702886858822,"time":"2023-12-18T13:59:48.340Z"}},{"iob":0.006,"basaliob":0.006,"bolussnooze":0,"activity":1.0E-4,"lastBolusTime":1702886858822,"time":"2023-12-18T14:04:48.340Z","iobWithZeroTemp":{"iob":-0.385,"basaliob":-0.385,"bolussnooze":0,"activity":-0.0045,"lastBolusTime":1702886858822,"time":"2023-12-18T14:04:48.340Z"}},{"iob":0.005,"basaliob":0.005,"bolussnooze":0,"activity":1.0E-4,"lastBolusTime":0,"time":"2023-12-18T14:09:48.340Z","iobWithZeroTemp":{"iob":-0.371,"basaliob":-0.371,"bolussnooze":0,"activity":-0.0045,"lastBolusTime":0,"time":"2023-12-18T14:09:48.340Z"}},{"iob":0.005,"basaliob":0.005,"bolussnooze":0,"activity":1.0E-4,"lastBolusTime":0,"time":"2023-12-18T14:14:48.340Z","iobWithZeroTemp":{"iob":-0.357,"basaliob":-0.357,"bolussnooze":0,"activity":-0.0045,"lastBolusTime":0,"time":"2023-12-18T14:14:48.340Z"}},{"iob":0.004,"basaliob":0.004,"bolussnooze":0,"activity":1.0E-4,"lastBolusTime":0,"time":"2023-12-18T14:19:48.340Z","iobWithZeroTemp":{"iob":-0.343,"basaliob":-0.343,"bolussnooze":0,"activity":-0.0044,"lastBolusTime":0,"time":"2023-12-18T14:19:48.340Z"}},{"iob":0.004,"basaliob":0.004,"bolussnooze":0,"activity":1.0E-4,"lastBolusTime":0,"time":"2023-12-18T14:24:48.340Z","iobWithZeroTemp":{"iob":-0.329,"basaliob":-0.329,"bolussnooze":0,"activity":-0.0043,"lastBolusTime":0,"time":"2023-12-18T14:24:48.340Z"}},{"iob":0.003,"basaliob":0.003,"bolussnooze":0,"activity":1.0E-4,"lastBolusTime":0,"time":"2023-12-18T14:29:48.340Z","iobWithZeroTemp":{"iob":-0.317,"basaliob":-0.317,"bolussnooze":0,"activity":-0.0042,"lastBolusTime":0,"time":"2023-12-18T14:29:48.340Z"}},{"iob":0.003,"basaliob":0.003,"bolussnooze":0,"activity":1.0E-4,"lastBolusTime":0,"time":"2023-12-18T14:34:48.340Z","iobWithZeroTemp":{"iob":-0.304,"basaliob":-0.304,"bolussnooze":0,"activity":-0.0041,"lastBolusTime":0,"time":"2023-12-18T14:34:48.340Z"}},{"iob":0.003,"basaliob":0.003,"bolussnooze":0,"activity":1.0E-4,"lastBolusTime":0,"time":"2023-12-18T14:39:48.340Z","iobWithZeroTemp":{"iob":-0.292,"basaliob":-0.292,"bolussnooze":0,"activity":-0.004,"lastBolusTime":0,"time":"2023-12-18T14:39:48.340Z"}},{"iob":0.002,"basaliob":0.002,"bolussnooze":0,"activity":1.0E-4,"lastBolusTime":0,"time":"2023-12-18T14:44:48.340Z","iobWithZeroTemp":{"iob":-0.281,"basaliob":-0.281,"bolussnooze":0,"activity":-0.0039,"lastBolusTime":0,"time":"2023-12-18T14:44:48.340Z"}},{"iob":0.002,"basaliob":0.002,"bolussnooze":0,"activity":1.0E-4,"lastBolusTime":0,"time":"2023-12-18T14:49:48.340Z","iobWithZeroTemp":{"iob":-0.27,"basaliob":-0.27,"bolussnooze":0,"activity":-0.0037,"lastBolusTime":0,"time":"2023-12-18T14:49:48.340Z"}},{"iob":0.002,"basaliob":0.002,"bolussnooze":0,"activity":0,"lastBolusTime":0,"time":"2023-12-18T14:54:48.340Z","iobWithZeroTemp":{"iob":-0.259,"basaliob":-0.259,"bolussnooze":0,"activity":-0.0037,"lastBolusTime":0,"time":"2023-12-18T14:54:48.340Z"}},{"iob":0.002,"basaliob":0.002,"bolussnooze":0,"activity":0,"lastBolusTime":0,"time":"2023-12-18T14:59:48.340Z","iobWithZeroTemp":{"iob":-0.25,"basaliob":-0.25,"bolussnooze":0,"activity":-0.0036,"lastBolusTime":0,"time":"2023-12-18T14:59:48.340Z"}}],"profile":{"max_iob":10,"type":"current","max_daily_basal":0.4,"max_basal":1.2,"min_bg":90,"max_bg":90,"target_bg":90,"carb_ratio":8.5,"sens":120,"max_daily_safety_multiplier":3,"current_basal_safety_multiplier":4,"lgsThreshold":95,"high_temptarget_raises_sensitivity":true,"low_temptarget_lowers_sensitivity":true,"sensitivity_raises_target":true,"resistance_lowers_target":true,"adv_target_adjustments":false,"exercise_mode":false,"half_basal_exercise_target":160,"maxCOB":120,"skip_neutral_temps":false,"remainingCarbsCap":90,"enableUAM":true,"A52_risk_enable":false,"SMBInterval":6,"enableSMB_with_COB":true,"enableSMB_with_temptarget":true,"allowSMB_with_high_temptarget":false,"enableSMB_always":false,"enableSMB_after_carbs":true,"maxSMBBasalMinutes":30,"maxUAMSMBBasalMinutes":40,"bolus_increment":0.05,"carbsReqThreshold":4,"current_basal":0.3,"temptargetSet":false,"autosens_max":1.3,"autosens_min":0.7,"variable_sens":118.2,"insulinDivisor":75,"TDD":16.859783333333333},"autosens_data":{"ratio":0.7962126548709233},"meal_data":{"carbs":0,"mealCOB":0,"slopeFromMaxDeviation":-0.22199999999999998,"slopeFromMinDeviation":0.5611666666666666,"lastBolusTime":1702886858822,"lastCarbTime":0},"microBolusAllowed":true,"currentTime":1702897489130,"flatBGsDetected":false,"tdd1D":16.272499999999997,"tdd7D":20.110833333333336,"tddLast24H":16.012499999999996,"tddLast4H":1.6333333333333333,"tddLast8to4H":4.020833333333334},"output":{"temp":"absolute","bg":110,"tick":"+1","eventualBG":106,"targetBG":98,"insulinReq":0.06,"deliverAt":"2023-12-18T11:04:49.130Z","sensitivityRatio":0.7962126548709233,"variable_sens":118.2,"predBGs":{"IOB":[110,111,112,112,113,113,113,113,113,113,113,112,112,111,111,111,110,110,110,109,109,109,108,108,108,108,107,107,107,107,107,107,107,106,106,106,106,106,106,106,106,106,106,106,106,106,105],"ZT":[110,110,109,109,108,108,108,107,107,107,108,108,109,109],"UAM":[110,111,111,112,112,112,111,111,110,110,109,108,108,107,107,107,106,106,105,105,105,105,104,104,104,104,103,103,103,103,103,103,102,102,102,102,102,102,102,102,102,102,102,102,102,101]},"reason":"COB: 0, Dev: 9, BGI: 0, ISF: 118, CR: 8.5, Target: 98, minPredBG 105, minGuardBG 101, IOBpredBG 105, UAMpredBG 101; Eventual BG 106 >= 98, temp 0.60 >~ req 0.36U\/hr. ","COB":0,"IOB":0.11,"timestamp":"2023-12-18T11:04:49.146Z"}}