{"algorithm":"OpenAPSSMBDynamicISFPlugin","input":{"glucoseStatus":{"glucose":84,"noise":0,"delta":-3.78,"short_avgdelta":-3.78,"long_avgdelta":-5.74,"date":1703019866000},"currenttemp":{"temp":"absolute","duration":70,"rate":0,"minutesrunning":20},"iob_data":[{"iob":-0.06,"basaliob":-0.363,"bolussnooze":3.0E-4,"activity":0.0027,"lastBolusTime":1703015399595,"time":"2023-12-19T21:04:57.354Z","iobWithZeroTemp":{"iob":-0.06,"basaliob":-0.363,"bolussnooze":3.0E-4,"activity":0.0027,"lastBolusTime":1703015399595,"time":"2023-12-19T21:04:57.354Z"}},{"iob":-0.072,"basaliob":-0.344,"bolussnooze":1.0E-4,"activity":0.0021,"lastBolusTime":1703015399595,"time":"2023-12-19T21:09:57.354Z","iobWithZeroTemp":{"iob":-0.092,"basaliob":-0.364,"bolussnooze":1.0E-4,"activity":0.0021,"lastBolusTime":1703015399595,"time":"2023-12-19T21:09:57.354Z"}},{"iob":-0.081,"basaliob":-0.325,"bolussnooze":0,"activity":0.0015,"lastBolusTime":1703015399595,"time":"2023-12-19T21:14:57.354Z","iobWithZeroTemp":{"iob":-0.126,"basaliob":-0.37,"bolussnooze":0,"activity":0.0014,"lastBolusTime":1703015399595,"time":"2023-12-19T21:14:57.354Z"}},{"iob":-0.087,"basaliob":-0.306,"bolussnooze":0,"activity":0.0011,"lastBolusTime":1703015399595,"time":"2023-12-19T21:19:57.354Z","iobWithZeroTemp":{"iob":-0.156,"basaliob":-0.375,"bolussnooze":0,"activity":9.0E-4,"lastBolusTime":1703015399595,"time":"2023-12-19T21:19:57.354Z"}},{"iob":-0.091,"basaliob":-0.287,"bolussnooze":0,"activity":7.0E-4,"lastBolusTime":1703015399595,"time":"2023-12-19T21:24:57.354Z","iobWithZeroTemp":{"iob":-0.184,"basaliob":-0.38,"bolussnooze":0,"activity":3.0E-4,"lastBolusTime":1703015399595,"time":"2023-12-19T21:24:57.354Z"}},{"iob":-0.094,"basaliob":-0.269,"bolussnooze":0,"activity":3.0E-4,"lastBolusTime":1703015399595,"time":"2023-12-19T21:29:57.354Z","iobWithZeroTemp":{"iob":-0.209,"basaliob":-0.384,"bolussnooze":0,"activity":-2.0E-4,"lastBolusTime":1703015399595,"time":"2023-12-19T21:29:57.354Z"}},{"iob":-0.095,"basaliob":-0.251,"bolussnooze":0,"activity":1.0E-4,"lastBolusTime":1703015399595,"time":"2023-12-19T21:34:57.354Z","iobWithZeroTemp":{"iob":-0.232,"basaliob":-0.388,"bolussnooze":0,"activity":-6.0E-4,"lastBolusTime":1703015399595,"time":"2023-12-19T21:34:57.354Z"}},{"iob":-0.096,"basaliob":-0.234,"bolussnooze":0,"activity":-1.0E-4,"lastBolusTime":1703015399595,"time":"2023-12-19T21:39:57.354Z","iobWithZeroTemp":{"iob":-0.254,"basaliob":-0.392,"bolussnooze":0,"activity":-0.001,"lastBolusTime":1703015399595,"time":"2023-12-19T21:39:57.354Z"}},{"iob":-0.094,"basaliob":-0.217,"bolussnooze":0,"activity":-3.0E-4,"lastBolusTime":1703015399595,"time":"2023-12-19T21:44:57.354Z","iobWithZeroTemp":{"iob":-0.272,"basaliob":-0.395,"bolussnooze":0,"activity":-0.0014,"lastBolusTime":1703015399595,"time":"2023-12-19T21:44:57.354Z"}},{"iob":-0.092,"basaliob":-0.201,"bolussnooze":0,"activity":-4.0E-4,"lastBolusTime":1703015399595,"time":"2023-12-19T21:49:57.354Z","iobWithZeroTemp":{"iob":-0.289,"basaliob":-0.398,"bolussnooze":0,"activity":-0.0017,"lastBolusTime":1703015399595,"time":"2023-12-19T21:49:57.354Z"}},{"iob":-0.09,"basaliob":-0.186,"bolussnooze":0,"activity":-6.0E-4,"lastBolusTime":1703015399595,"time":"2023-12-19T21:54:57.354Z","iobWithZeroTemp":{"iob":-0.305,"basaliob":-0.401,"bolussnooze":0,"activity":-0.0022,"lastBolusTime":1703015399595,"time":"2023-12-19T21:54:57.354Z"}},{"iob":-0.086,"basaliob":-0.171,"bolussnooze":0,"activity":-7.0E-4,"lastBolusTime":1703015399595,"time":"2023-12-19T21:59:57.354Z","iobWithZeroTemp":{"iob":-0.318,"basaliob":-0.403,"bolussnooze":0,"activity":-0.0025,"lastBolusTime":1703015399595,"time":"2023-12-19T21:59:57.354Z"}},{"iob":-0.084,"basaliob":-0.158,"bolussnooze":0,"activity":-7.0E-4,"lastBolusTime":1703015399595,"time":"2023-12-19T22:04:57.354Z","iobWithZeroTemp":{"iob":-0.331,"basaliob":-0.405,"bolussnooze":0,"activity":-0.0027,"lastBolusTime":1703015399595,"time":"2023-12-19T22:04:57.354Z"}},{"iob":-0.08,"basaliob":-0.145,"bolussnooze":0,"activity":-8.0E-4,"lastBolusTime":1703015399595,"time":"2023-12-19T22:09:57.354Z","iobWithZeroTemp":{"iob":-0.342,"basaliob":-0.407,"bolussnooze":0,"activity":-0.003,"lastBolusTime":1703015399595,"time":"2023-12-19T22:09:57.354Z"}},{"iob":-0.076,"basaliob":-0.133,"bolussnooze":0,"activity":-8.0E-4,"lastBolusTime":1703015399595,"time":"2023-12-19T22:14:57.354Z","iobWithZeroTemp":{"iob":-0.352,"basaliob":-0.409,"bolussnooze":0,"activity":-0.0032,"lastBolusTime":1703015399595,"time":"2023-12-19T22:14:57.354Z"}},{"iob":-0.072,"basaliob":-0.122,"bolussnooze":0,"activity":-8.0E-4,"lastBolusTime":1703015399595,"time":"2023-12-19T22:19:57.354Z","iobWithZeroTemp":{"iob":-0.36,"basaliob":-0.41,"bolussnooze":0,"activity":-0.0034,"lastBolusTime":1703015399595,"time":"2023-12-19T22:19:57.354Z"}},{"iob":-0.067,"basaliob":-0.111,"bolussnooze":0,"activity":-8.0E-4,"lastBolusTime":1703015399595,"time":"2023-12-19T22:24:57.354Z","iobWithZeroTemp":{"iob":-0.367,"basaliob":-0.411,"bolussnooze":0,"activity":-0.0035,"lastBolusTime":1703015399595,"time":"2023-12-19T22:24:57.354Z"}},{"iob":-0.064,"basaliob":-0.102,"bolussnooze":0,"activity":-8.0E-4,"lastBolusTime":1703015399595,"time":"2023-12-19T22:29:57.354Z","iobWithZeroTemp":{"iob":-0.375,"basaliob":-0.413,"bolussnooze":0,"activity":-0.0037,"lastBolusTime":1703015399595,"time":"2023-12-19T22:29:57.354Z"}},{"iob":-0.06,"basaliob":-0.093,"bolussnooze":0,"activity":-8.0E-4,"lastBolusTime":1703015399595,"time":"2023-12-19T22:34:57.354Z","iobWithZeroTemp":{"iob":-0.381,"basaliob":-0.414,"bolussnooze":0,"activity":-0.0039,"lastBolusTime":1703015399595,"time":"2023-12-19T22:34:57.354Z"}},{"iob":-0.056,"basaliob":-0.084,"bolussnooze":0,"activity":-8.0E-4,"lastBolusTime":1703015399595,"time":"2023-12-19T22:39:57.354Z","iobWithZeroTemp":{"iob":-0.386,"basaliob":-0.414,"bolussnooze":0,"activity":-0.004,"lastBolusTime":1703015399595,"time":"2023-12-19T22:39:57.354Z"}},{"iob":-0.052,"basaliob":-0.077,"bolussnooze":0,"activity":-8.0E-4,"lastBolusTime":1703015399595,"time":"2023-12-19T22:44:57.354Z","iobWithZeroTemp":{"iob":-0.391,"basaliob":-0.416,"bolussnooze":0,"activity":-0.0042,"lastBolusTime":1703015399595,"time":"2023-12-19T22:44:57.354Z"}},{"iob":-0.048,"basaliob":-0.069,"bolussnooze":0,"activity":-8.0E-4,"lastBolusTime":1703015399595,"time":"2023-12-19T22:49:57.354Z","iobWithZeroTemp":{"iob":-0.395,"basaliob":-0.416,"bolussnooze":0,"activity":-0.0043,"lastBolusTime":1703015399595,"time":"2023-12-19T22:49:57.354Z"}},{"iob":-0.045,"basaliob":-0.063,"bolussnooze":0,"activity":-7.0E-4,"lastBolusTime":1703015399595,"time":"2023-12-19T22:54:57.354Z","iobWithZeroTemp":{"iob":-0.399,"basaliob":-0.417,"bolussnooze":0,"activity":-0.0043,"lastBolusTime":1703015399595,"time":"2023-12-19T22:54:57.354Z"}},{"iob":-0.042,"basaliob":-0.057,"bolussnooze":0,"activity":-7.0E-4,"lastBolusTime":1703015399595,"time":"2023-12-19T22:59:57.354Z","iobWithZeroTemp":{"iob":-0.403,"basaliob":-0.418,"bolussnooze":0,"activity":-0.0044,"lastBolusTime":1703015399595,"time":"2023-12-19T22:59:57.354Z"}},{"iob":-0.038,"basaliob":-0.051,"bolussnooze":0,"activity":-7.0E-4,"lastBolusTime":1703015399595,"time":"2023-12-19T23:04:57.354Z","iobWithZeroTemp":{"iob":-0.401,"basaliob":-0.414,"bolussnooze":0,"activity":-0.0045,"lastBolusTime":1703015399595,"time":"2023-12-19T23:04:57.354Z"}},{"iob":-0.035,"basaliob":-0.046,"bolussnooze":0,"activity":-6.0E-4,"lastBolusTime":1703015399595,"time":"2023-12-19T23:09:57.354Z","iobWithZeroTemp":{"iob":-0.399,"basaliob":-0.41,"bolussnooze":0,"activity":-0.0045,"lastBolusTime":1703015399595,"time":"2023-12-19T23:09:57.354Z"}},{"iob":-0.033,"basaliob":-0.042,"bolussnooze":0,"activity":-6.0E-4,"lastBolusTime":1703015399595,"time":"2023-12-19T23:14:57.354Z","iobWithZeroTemp":{"iob":-0.398,"basaliob":-0.407,"bolussnooze":0,"activity":-0.0046,"lastBolusTime":1703015399595,"time":"2023-12-19T23:14:57.354Z"}},{"iob":-0.029,"basaliob":-0.037,"bolussnooze":0,"activity":-5.0E-4,"lastBolusTime":1703015399595,"time":"2023-12-19T23:19:57.354Z","iobWithZeroTemp":{"iob":-0.395,"basaliob":-0.403,"bolussnooze":0,"activity":-0.0046,"lastBolusTime":1703015399595,"time":"2023-12-19T23:19:57.354Z"}},{"iob":-0.027,"basaliob":-0.034,"bolussnooze":0,"activity":-5.0E-4,"lastBolusTime":1703015399595,"time":"2023-12-19T23:24:57.354Z","iobWithZeroTemp":{"iob":-0.393,"basaliob":-0.4,"bolussnooze":0,"activity":-0.0046,"lastBolusTime":1703015399595,"time":"2023-12-19T23:24:57.354Z"}},{"iob":-0.024,"basaliob":-0.03,"bolussnooze":0,"activity":-5.0E-4,"lastBolusTime":1703015399595,"time":"2023-12-19T23:29:57.354Z","iobWithZeroTemp":{"iob":-0.39,"basaliob":-0.396,"bolussnooze":0,"activity":-0.0047,"lastBolusTime":1703015399595,"time":"2023-12-19T23:29:57.354Z"}},{"iob":-0.022,"basaliob":-0.027,"bolussnooze":0,"activity":-4.0E-4,"lastBolusTime":1703015399595,"time":"2023-12-19T23:34:57.354Z","iobWithZeroTemp":{"iob":-0.388,"basaliob":-0.393,"bolussnooze":0,"activity":-0.0046,"lastBolusTime":1703015399595,"time":"2023-12-19T23:34:57.354Z"}},{"iob":-0.02,"basaliob":-0.024,"bolussnooze":0,"activity":-4.0E-4,"lastBolusTime":1703015399595,"time":"2023-12-19T23:39:57.354Z","iobWithZeroTemp":{"iob":-0.386,"basaliob":-0.39,"bolussnooze":0,"activity":-0.0046,"lastBolusTime":1703015399595,"time":"2023-12-19T23:39:57.354Z"}},{"iob":-0.018,"basaliob":-0.021,"bolussnooze":0,"activity":-4.0E-4,"lastBolusTime":1703015399595,"time":"2023-12-19T23:44:57.354Z","iobWithZeroTemp":{"iob":-0.384,"basaliob":-0.387,"bolussnooze":0,"activity":-0.0046,"lastBolusTime":1703015399595,"time":"2023-12-19T23:44:57.354Z"}},{"iob":-0.016,"basaliob":-0.019,"bolussnooze":0,"activity":-3.0E-4,"lastBolusTime":1703015399595,"time":"2023-12-19T23:49:57.354Z","iobWithZeroTemp":{"iob":-0.381,"basaliob":-0.384,"bolussnooze":0,"activity":-0.0046,"lastBolusTime":1703015399595,"time":"2023-12-19T23:49:57.354Z"}},{"iob":-0.015,"basaliob":-0.017,"bolussnooze":0,"activity":-3.0E-4,"lastBolusTime":1703015399595,"time":"2023-12-19T23:54:57.354Z","iobWithZeroTemp":{"iob":-0.38,"basaliob":-0.382,"bolussnooze":0,"activity":-0.0046,"lastBolusTime":1703015399595,"time":"2023-12-19T23:54:57.354Z"}},{"iob":-0.013,"basaliob":-0.015,"bolussnooze":0,"activity":-3.0E-4,"lastBolusTime":1703015399595,"time":"2023-12-19T23:59:57.354Z","iobWithZeroTemp":{"iob":-0.377,"basaliob":-0.379,"bolussnooze":0,"activity":-0.0046,"lastBolusTime":1703015399595,"time":"2023-12-19T23:59:57.354Z"}},{"iob":-0.012,"basaliob":-0.013,"bolussnooze":0,"activity":-2.0E-4,"lastBolusTime":1703015399595,"time":"2023-12-20T00:04:57.354Z","iobWithZeroTemp":{"iob":-0.376,"basaliob":-0.377,"bolussnooze":0,"activity":-0.0045,"lastBolusTime":1703015399595,"time":"2023-12-20T00:04:57.354Z"}},{"iob":-0.011,"basaliob":-0.012,"bolussnooze":0,"activity":-3.0E-4,"lastBolusTime":1703015399595,"time":"2023-12-20T00:09:57.354Z","iobWithZeroTemp":{"iob":-0.374,"basaliob":-0.375,"bolussnooze":0,"activity":-0.0046,"lastBolusTime":1703015399595,"time":"2023-12-20T00:09:57.354Z"}},{"iob":-0.009,"basaliob":-0.01,"bolussnooze":0,"activity":-3.0E-4,"lastBolusTime":1703015399595,"time":"2023-12-20T00:14:57.354Z","iobWithZeroTemp":{"iob":-0.371,"basaliob":-0.372,"bolussnooze":0,"activity":-0.0046,"lastBolusTime":1703015399595,"time":"2023-12-20T00:14:57.354Z"}},{"iob":-0.008,"basaliob":-0.009,"bolussnooze":0,"activity":-2.0E-4,"lastBolusTime":1703015399595,"time":"2023-12-20T00:19:57.354Z","iobWithZeroTemp":{"iob":-0.37,"basaliob":-0.371,"bolussnooze":0,"activity":-0.0045,"lastBolusTime":1703015399595,"time":"2023-12-20T00:19:57.354Z"}},{"iob":-0.007,"basaliob":-0.008,"bolussnooze":0,"activity":-2.0E-4,"lastBolusTime":1703015399595,"time":"2023-12-20T00:24:57.354Z","iobWithZeroTemp":{"iob":-0.368,"basaliob":-0.369,"bolussnooze":0,"activity":-0.0045,"lastBolusTime":1703015399595,"time":"2023-12-20T00:24:57.354Z"}},{"iob":-0.006,"basaliob":-0.007,"bolussnooze":0,"activity":-2.0E-4,"lastBolusTime":1703015399595,"time":"2023-12-20T00:29:57.354Z","iobWithZeroTemp":{"iob":-0.366,"basaliob":-0.367,"bolussnooze":0,"activity":-0.0045,"lastBolusTime":1703015399595,"time":"2023-12-20T00:29:57.354Z"}},{"iob":-0.006,"basaliob":-0.006,"bolussnooze":0,"activity":-2.0E-4,"lastBolusTime":1703015399595,"time":"2023-12-20T00:34:57.354Z","iobWithZeroTemp":{"iob":-0.366,"basaliob":-0.366,"bolussnooze":0,"activity":-0.0045,"lastBolusTime":1703015399595,"time":"2023-12-20T00:34:57.354Z"}},{"iob":-0.005,"basaliob":-0.005,"bolussnooze":0,"activity":-1.0E-4,"lastBolusTime":1703015399595,"time":"2023-12-20T00:39:57.354Z","iobWithZeroTemp":{"iob":-0.364,"basaliob":-0.364,"bolussnooze":0,"activity":-0.0044,"lastBolusTime":1703015399595,"time":"2023-12-20T00:39:57.354Z"}},{"iob":-0.004,"basaliob":-0.004,"bolussnooze":0,"activity":-1.0E-4,"lastBolusTime":1703015399595,"time":"2023-12-20T00:44:57.354Z","iobWithZeroTemp":{"iob":-0.362,"basaliob":-0.362,"bolussnooze":0,"activity":-0.0044,"lastBolusTime":1703015399595,"time":"2023-12-20T00:44:57.354Z"}},{"iob":-0.004,"basaliob":-0.004,"bolussnooze":0,"activity":-1.0E-4,"lastBolusTime":1703015399595,"time":"2023-12-20T00:49:57.354Z","iobWithZeroTemp":{"iob":-0.362,"basaliob":-0.362,"bolussnooze":0,"activity":-0.0044,"lastBolusTime":1703015399595,"time":"2023-12-20T00:49:57.354Z"}},{"iob":-0.003,"basaliob":-0.003,"bolussnooze":0,"activity":-1.0E-4,"lastBolusTime":1703015399595,"time":"2023-12-20T00:54:57.354Z","iobWithZeroTemp":{"iob":-0.36,"basaliob":-0.36,"bolussnooze":0,"activity":-0.0044,"lastBolusTime":1703015399595,"time":"2023-12-20T00:54:57.354Z"}},{"iob":-0.003,"basaliob":-0.003,"bolussnooze":0,"activity":-1.0E-4,"lastBolusTime":1703015399595,"time":"2023-12-20T00:59:57.354Z","iobWithZeroTemp":{"iob":-0.36,"basaliob":-0.36,"bolussnooze":0,"activity":-0.0044,"lastBolusTime":1703015399595,"time":"2023-12-20T00:59:57.354Z"}}],"profile":{"max_iob":10,"type":"current","max_daily_basal":0.4,"max_basal":1.2,"min_bg":130,"max_bg":130,"target_bg":130,"carb_ratio":8.8,"sens":120,"max_daily_safety_multiplier":3,"current_basal_safety_multiplier":4,"lgsThreshold":95,"high_temptarget_raises_sensitivity":true,"low_temptarget_lowers_sensitivity":true,"sensitivity_raises_target":true,"resistance_lowers_target":true,"adv_target_adjustments":false,"exercise_mode":false,"half_basal_exercise_target":160,"maxCOB":120,"skip_neutral_temps":false,"remainingCarbsCap":90,"enableUAM":true,"A52_risk_enable":false,"SMBInterval":5,"enableSMB_with_COB":true,"enableSMB_with_temptarget":true,"allowSMB_with_high_temptarget":false,"enableSMB_always":false,"enableSMB_after_carbs":true,"maxSMBBasalMinutes":30,"maxUAMSMBBasalMinutes":40,"bolus_increment":0.05,"carbsReqThreshold":4,"current_basal":0.3,"temptargetSet":true,"autosens_max":1.3,"autosens_min":0.7,"variable_sens":129.3,"insulinDivisor":75,"TDD":18.52183571428571},"autosens_data":{"ratio":0.6905857929416013},"meal_data":{"carbs":50,"mealCOB":1.4811999999999972,"slopeFromMaxDeviation":-0.7297272727272726,"slopeFromMinDeviation":0.1864999999999999,"lastBolusTime":1703015399595,"lastCarbTime":1703009864555},"microBolusAllowed":true,"currentTime":1703019899288,"flatBGsDetected":false,"tdd1D":16.220833333333324,"tdd7D":19.783928571428568,"tddLast24H":13.662499999999998,"tddLast4H":3.575,"tddLast8to4H":2.504166666666667},"output":{"temp":"absolute","bg":84,"tick":-4,"eventualBG":89,"targetBG":130,"insulinReq":0,"deliverAt":"2023-12-19T21:04:59.288Z","sensitivityRatio":0.67,"variable_sens":129.3,"predBGs":{"IOB":[84,80,77,75,73,71,70,69,68,68,68,68,69,69,70,71,71,72,72,73,73,74,75,75,76,76,76,77,77,78,78,78,78,79,79,79,79,79,80,80,80,80,80,80,80,80,81],"ZT":[84,82,81,80,79,79,79,80,80,81,82,84,85,87,89,91,93,95,97,100,102,104,107,109,112,114,116,119,121,123,126,128,130],"COB":[84,80,77,75,73,71,70,69,69,69,69,69,69,70,71,71,72,73,73,74,75,75,76,77,77,78,79,79,80,80,81,81,82,82,83,83,84,84,85,85,86,86,87,87,87,88,88,89],"UAM":[84,80,77,75,73,71,70,69,68,68,68,68,69,69,70,71,71,72,72,73,73,74,75,75,76,76,76,77,77,78,78,78,78,79,79,79,79,79,80,80,80,80,80,80,80,80,81]},"reason":"COB: 1.5, Dev: -24, BGI: -2, ISF: 129, CR: 8.8, Target: 130, minPredBG 74, minGuardBG 68, IOBpredBG 81, COBpredBG 89, UAMpredBG 81; minGuardBG 68<95","COB":1.4811999999999972,"IOB":-0.06,"duration":90,"rate":0,"timestamp":"2023-12-19T21:04:59.322Z"}}