{"algorithm":"OpenAPSSMBDynamicISFPlugin","input":{"glucoseStatus":{"glucose":113,"noise":0,"delta":-1.61,"short_avgdelta":-1.61,"long_avgdelta":-0.92,"date":1702954163000},"currenttemp":{"temp":"absolute","duration":50,"rate":0,"minutesrunning":10},"iob_data":[{"iob":0.079,"basaliob":0.079,"bolussnooze":0,"activity":3.0E-4,"lastBolusTime":1702935600626,"time":"2023-12-19T02:49:55.523Z","iobWithZeroTemp":{"iob":0.079,"basaliob":0.079,"bolussnooze":0,"activity":3.0E-4,"lastBolusTime":1702935600626,"time":"2023-12-19T02:49:55.523Z"}},{"iob":0.077,"basaliob":0.077,"bolussnooze":0,"activity":4.0E-4,"lastBolusTime":1702935600626,"time":"2023-12-19T02:54:55.523Z","iobWithZeroTemp":{"iob":0.064,"basaliob":0.064,"bolussnooze":0,"activity":4.0E-4,"lastBolusTime":1702935600626,"time":"2023-12-19T02:54:55.523Z"}},{"iob":0.075,"basaliob":0.075,"bolussnooze":0,"activity":5.0E-4,"lastBolusTime":1702935600626,"time":"2023-12-19T02:59:55.523Z","iobWithZeroTemp":{"iob":0.045,"basaliob":0.045,"bolussnooze":0,"activity":4.0E-4,"lastBolusTime":1702935600626,"time":"2023-12-19T02:59:55.523Z"}},{"iob":0.072,"basaliob":0.072,"bolussnooze":0,"activity":5.0E-4,"lastBolusTime":1702935600626,"time":"2023-12-19T03:04:55.523Z","iobWithZeroTemp":{"iob":0.014,"basaliob":0.014,"bolussnooze":0,"activity":3.0E-4,"lastBolusTime":1702935600626,"time":"2023-12-19T03:04:55.523Z"}},{"iob":0.07,"basaliob":0.07,"bolussnooze":0,"activity":6.0E-4,"lastBolusTime":1702935600626,"time":"2023-12-19T03:09:55.523Z","iobWithZeroTemp":{"iob":-0.015,"basaliob":-0.015,"bolussnooze":0,"activity":3.0E-4,"lastBolusTime":1702935600626,"time":"2023-12-19T03:09:55.523Z"}},{"iob":0.067,"basaliob":0.067,"bolussnooze":0,"activity":6.0E-4,"lastBolusTime":1702935600626,"time":"2023-12-19T03:14:55.523Z","iobWithZeroTemp":{"iob":-0.045,"basaliob":-0.045,"bolussnooze":0,"activity":1.0E-4,"lastBolusTime":1702935600626,"time":"2023-12-19T03:14:55.523Z"}},{"iob":0.063,"basaliob":0.063,"bolussnooze":0,"activity":7.0E-4,"lastBolusTime":1702935600626,"time":"2023-12-19T03:19:55.523Z","iobWithZeroTemp":{"iob":-0.076,"basaliob":-0.076,"bolussnooze":0,"activity":0,"lastBolusTime":1702935600626,"time":"2023-12-19T03:19:55.523Z"}},{"iob":0.06,"basaliob":0.06,"bolussnooze":0,"activity":7.0E-4,"lastBolusTime":1702935600626,"time":"2023-12-19T03:24:55.523Z","iobWithZeroTemp":{"iob":-0.104,"basaliob":-0.104,"bolussnooze":0,"activity":-2.0E-4,"lastBolusTime":1702935600626,"time":"2023-12-19T03:24:55.523Z"}},{"iob":0.057,"basaliob":0.057,"bolussnooze":0,"activity":7.0E-4,"lastBolusTime":1702935600626,"time":"2023-12-19T03:29:55.523Z","iobWithZeroTemp":{"iob":-0.131,"basaliob":-0.131,"bolussnooze":0,"activity":-4.0E-4,"lastBolusTime":1702935600626,"time":"2023-12-19T03:29:55.523Z"}},{"iob":0.053,"basaliob":0.053,"bolussnooze":0,"activity":7.0E-4,"lastBolusTime":1702935600626,"time":"2023-12-19T03:34:55.523Z","iobWithZeroTemp":{"iob":-0.158,"basaliob":-0.158,"bolussnooze":0,"activity":-7.0E-4,"lastBolusTime":1702935600626,"time":"2023-12-19T03:34:55.523Z"}},{"iob":0.05,"basaliob":0.05,"bolussnooze":0,"activity":6.0E-4,"lastBolusTime":1702935600626,"time":"2023-12-19T03:39:55.523Z","iobWithZeroTemp":{"iob":-0.183,"basaliob":-0.183,"bolussnooze":0,"activity":-0.001,"lastBolusTime":1702935600626,"time":"2023-12-19T03:39:55.523Z"}},{"iob":0.047,"basaliob":0.047,"bolussnooze":0,"activity":6.0E-4,"lastBolusTime":0,"time":"2023-12-19T03:44:55.523Z","iobWithZeroTemp":{"iob":-0.206,"basaliob":-0.206,"bolussnooze":0,"activity":-0.0012,"lastBolusTime":0,"time":"2023-12-19T03:44:55.523Z"}},{"iob":0.044,"basaliob":0.044,"bolussnooze":0,"activity":6.0E-4,"lastBolusTime":0,"time":"2023-12-19T03:49:55.523Z","iobWithZeroTemp":{"iob":-0.229,"basaliob":-0.229,"bolussnooze":0,"activity":-0.0015,"lastBolusTime":0,"time":"2023-12-19T03:49:55.523Z"}},{"iob":0.041,"basaliob":0.041,"bolussnooze":0,"activity":6.0E-4,"lastBolusTime":0,"time":"2023-12-19T03:54:55.523Z","iobWithZeroTemp":{"iob":-0.25,"basaliob":-0.25,"bolussnooze":0,"activity":-0.0017,"lastBolusTime":0,"time":"2023-12-19T03:54:55.523Z"}},{"iob":0.038,"basaliob":0.038,"bolussnooze":0,"activity":6.0E-4,"lastBolusTime":0,"time":"2023-12-19T03:59:55.523Z","iobWithZeroTemp":{"iob":-0.27,"basaliob":-0.27,"bolussnooze":0,"activity":-0.002,"lastBolusTime":0,"time":"2023-12-19T03:59:55.523Z"}},{"iob":0.035,"basaliob":0.035,"bolussnooze":0,"activity":6.0E-4,"lastBolusTime":0,"time":"2023-12-19T04:04:55.523Z","iobWithZeroTemp":{"iob":-0.293,"basaliob":-0.293,"bolussnooze":0,"activity":-0.0022,"lastBolusTime":0,"time":"2023-12-19T04:04:55.523Z"}},{"iob":0.033,"basaliob":0.033,"bolussnooze":0,"activity":5.0E-4,"lastBolusTime":0,"time":"2023-12-19T04:09:55.523Z","iobWithZeroTemp":{"iob":-0.313,"basaliob":-0.313,"bolussnooze":0,"activity":-0.0025,"lastBolusTime":0,"time":"2023-12-19T04:09:55.523Z"}},{"iob":0.03,"basaliob":0.03,"bolussnooze":0,"activity":5.0E-4,"lastBolusTime":0,"time":"2023-12-19T04:14:55.523Z","iobWithZeroTemp":{"iob":-0.334,"basaliob":-0.334,"bolussnooze":0,"activity":-0.0028,"lastBolusTime":0,"time":"2023-12-19T04:14:55.523Z"}},{"iob":0.028,"basaliob":0.028,"bolussnooze":0,"activity":5.0E-4,"lastBolusTime":0,"time":"2023-12-19T04:19:55.523Z","iobWithZeroTemp":{"iob":-0.352,"basaliob":-0.352,"bolussnooze":0,"activity":-0.003,"lastBolusTime":0,"time":"2023-12-19T04:19:55.523Z"}},{"iob":0.026,"basaliob":0.026,"bolussnooze":0,"activity":4.0E-4,"lastBolusTime":0,"time":"2023-12-19T04:24:55.523Z","iobWithZeroTemp":{"iob":-0.37,"basaliob":-0.37,"bolussnooze":0,"activity":-0.0033,"lastBolusTime":0,"time":"2023-12-19T04:24:55.523Z"}},{"iob":0.023,"basaliob":0.023,"bolussnooze":0,"activity":4.0E-4,"lastBolusTime":0,"time":"2023-12-19T04:29:55.523Z","iobWithZeroTemp":{"iob":-0.387,"basaliob":-0.387,"bolussnooze":0,"activity":-0.0035,"lastBolusTime":0,"time":"2023-12-19T04:29:55.523Z"}},{"iob":0.021,"basaliob":0.021,"bolussnooze":0,"activity":4.0E-4,"lastBolusTime":0,"time":"2023-12-19T04:34:55.523Z","iobWithZeroTemp":{"iob":-0.402,"basaliob":-0.402,"bolussnooze":0,"activity":-0.0037,"lastBolusTime":0,"time":"2023-12-19T04:34:55.523Z"}},{"iob":0.02,"basaliob":0.02,"bolussnooze":0,"activity":4.0E-4,"lastBolusTime":0,"time":"2023-12-19T04:39:55.523Z","iobWithZeroTemp":{"iob":-0.416,"basaliob":-0.416,"bolussnooze":0,"activity":-0.0039,"lastBolusTime":0,"time":"2023-12-19T04:39:55.523Z"}},{"iob":0.018,"basaliob":0.018,"bolussnooze":0,"activity":3.0E-4,"lastBolusTime":0,"time":"2023-12-19T04:44:55.523Z","iobWithZeroTemp":{"iob":-0.429,"basaliob":-0.429,"bolussnooze":0,"activity":-0.0042,"lastBolusTime":0,"time":"2023-12-19T04:44:55.523Z"}},{"iob":0.016,"basaliob":0.016,"bolussnooze":0,"activity":3.0E-4,"lastBolusTime":0,"time":"2023-12-19T04:49:55.523Z","iobWithZeroTemp":{"iob":-0.442,"basaliob":-0.442,"bolussnooze":0,"activity":-0.0043,"lastBolusTime":0,"time":"2023-12-19T04:49:55.523Z"}},{"iob":0.015,"basaliob":0.015,"bolussnooze":0,"activity":3.0E-4,"lastBolusTime":0,"time":"2023-12-19T04:54:55.523Z","iobWithZeroTemp":{"iob":-0.452,"basaliob":-0.452,"bolussnooze":0,"activity":-0.0045,"lastBolusTime":0,"time":"2023-12-19T04:54:55.523Z"}},{"iob":0.013,"basaliob":0.013,"bolussnooze":0,"activity":3.0E-4,"lastBolusTime":0,"time":"2023-12-19T04:59:55.523Z","iobWithZeroTemp":{"iob":-0.463,"basaliob":-0.463,"bolussnooze":0,"activity":-0.0047,"lastBolusTime":0,"time":"2023-12-19T04:59:55.523Z"}},{"iob":0.012,"basaliob":0.012,"bolussnooze":0,"activity":2.0E-4,"lastBolusTime":0,"time":"2023-12-19T05:04:55.523Z","iobWithZeroTemp":{"iob":-0.468,"basaliob":-0.468,"bolussnooze":0,"activity":-0.0049,"lastBolusTime":0,"time":"2023-12-19T05:04:55.523Z"}},{"iob":0.011,"basaliob":0.011,"bolussnooze":0,"activity":2.0E-4,"lastBolusTime":0,"time":"2023-12-19T05:09:55.523Z","iobWithZeroTemp":{"iob":-0.473,"basaliob":-0.473,"bolussnooze":0,"activity":-0.005,"lastBolusTime":0,"time":"2023-12-19T05:09:55.523Z"}},{"iob":0.01,"basaliob":0.01,"bolussnooze":0,"activity":2.0E-4,"lastBolusTime":0,"time":"2023-12-19T05:14:55.523Z","iobWithZeroTemp":{"iob":-0.477,"basaliob":-0.477,"bolussnooze":0,"activity":-0.0051,"lastBolusTime":0,"time":"2023-12-19T05:14:55.523Z"}},{"iob":0.009,"basaliob":0.009,"bolussnooze":0,"activity":2.0E-4,"lastBolusTime":0,"time":"2023-12-19T05:19:55.523Z","iobWithZeroTemp":{"iob":-0.48,"basaliob":-0.48,"bolussnooze":0,"activity":-0.0052,"lastBolusTime":0,"time":"2023-12-19T05:19:55.523Z"}},{"iob":0.008,"basaliob":0.008,"bolussnooze":0,"activity":2.0E-4,"lastBolusTime":0,"time":"2023-12-19T05:24:55.523Z","iobWithZeroTemp":{"iob":-0.483,"basaliob":-0.483,"bolussnooze":0,"activity":-0.0053,"lastBolusTime":0,"time":"2023-12-19T05:24:55.523Z"}},{"iob":0.007,"basaliob":0.007,"bolussnooze":0,"activity":2.0E-4,"lastBolusTime":0,"time":"2023-12-19T05:29:55.523Z","iobWithZeroTemp":{"iob":-0.486,"basaliob":-0.486,"bolussnooze":0,"activity":-0.0054,"lastBolusTime":0,"time":"2023-12-19T05:29:55.523Z"}},{"iob":0.006,"basaliob":0.006,"bolussnooze":0,"activity":1.0E-4,"lastBolusTime":0,"time":"2023-12-19T05:34:55.523Z","iobWithZeroTemp":{"iob":-0.488,"basaliob":-0.488,"bolussnooze":0,"activity":-0.0055,"lastBolusTime":0,"time":"2023-12-19T05:34:55.523Z"}},{"iob":0.006,"basaliob":0.006,"bolussnooze":0,"activity":1.0E-4,"lastBolusTime":0,"time":"2023-12-19T05:39:55.523Z","iobWithZeroTemp":{"iob":-0.489,"basaliob":-0.489,"bolussnooze":0,"activity":-0.0056,"lastBolusTime":0,"time":"2023-12-19T05:39:55.523Z"}},{"iob":0.005,"basaliob":0.005,"bolussnooze":0,"activity":1.0E-4,"lastBolusTime":0,"time":"2023-12-19T05:44:55.523Z","iobWithZeroTemp":{"iob":-0.491,"basaliob":-0.491,"bolussnooze":0,"activity":-0.0056,"lastBolusTime":0,"time":"2023-12-19T05:44:55.523Z"}},{"iob":0.005,"basaliob":0.005,"bolussnooze":0,"activity":1.0E-4,"lastBolusTime":0,"time":"2023-12-19T05:49:55.523Z","iobWithZeroTemp":{"iob":-0.491,"basaliob":-0.491,"bolussnooze":0,"activity":-0.0056,"lastBolusTime":0,"time":"2023-12-19T05:49:55.523Z"}},{"iob":0.004,"basaliob":0.004,"bolussnooze":0,"activity":1.0E-4,"lastBolusTime":0,"time":"2023-12-19T05:54:55.523Z","iobWithZeroTemp":{"iob":-0.493,"basaliob":-0.493,"bolussnooze":0,"activity":-0.0057,"lastBolusTime":0,"time":"2023-12-19T05:54:55.523Z"}},{"iob":0.004,"basaliob":0.004,"bolussnooze":0,"activity":1.0E-4,"lastBolusTime":0,"time":"2023-12-19T05:59:55.523Z","iobWithZeroTemp":{"iob":-0.493,"basaliob":-0.493,"bolussnooze":0,"activity":-0.0057,"lastBolusTime":0,"time":"2023-12-19T05:59:55.523Z"}},{"iob":0.003,"basaliob":0.003,"bolussnooze":0,"activity":1.0E-4,"lastBolusTime":0,"time":"2023-12-19T06:04:55.523Z","iobWithZeroTemp":{"iob":-0.494,"basaliob":-0.494,"bolussnooze":0,"activity":-0.0057,"lastBolusTime":0,"time":"2023-12-19T06:04:55.523Z"}},{"iob":0.003,"basaliob":0.003,"bolussnooze":0,"activity":1.0E-4,"lastBolusTime":0,"time":"2023-12-19T06:09:55.523Z","iobWithZeroTemp":{"iob":-0.494,"basaliob":-0.494,"bolussnooze":0,"activity":-0.0057,"lastBolusTime":0,"time":"2023-12-19T06:09:55.523Z"}},{"iob":0.002,"basaliob":0.002,"bolussnooze":0,"activity":1.0E-4,"lastBolusTime":0,"time":"2023-12-19T06:14:55.523Z","iobWithZeroTemp":{"iob":-0.495,"basaliob":-0.495,"bolussnooze":0,"activity":-0.0057,"lastBolusTime":0,"time":"2023-12-19T06:14:55.523Z"}},{"iob":0.002,"basaliob":0.002,"bolussnooze":0,"activity":1.0E-4,"lastBolusTime":0,"time":"2023-12-19T06:19:55.523Z","iobWithZeroTemp":{"iob":-0.495,"basaliob":-0.495,"bolussnooze":0,"activity":-0.0058,"lastBolusTime":0,"time":"2023-12-19T06:19:55.523Z"}},{"iob":0.002,"basaliob":0.002,"bolussnooze":0,"activity":1.0E-4,"lastBolusTime":0,"time":"2023-12-19T06:24:55.523Z","iobWithZeroTemp":{"iob":-0.495,"basaliob":-0.495,"bolussnooze":0,"activity":-0.0058,"lastBolusTime":0,"time":"2023-12-19T06:24:55.523Z"}},{"iob":0.002,"basaliob":0.002,"bolussnooze":0,"activity":0,"lastBolusTime":0,"time":"2023-12-19T06:29:55.523Z","iobWithZeroTemp":{"iob":-0.495,"basaliob":-0.495,"bolussnooze":0,"activity":-0.0059,"lastBolusTime":0,"time":"2023-12-19T06:29:55.523Z"}},{"iob":0.001,"basaliob":0.001,"bolussnooze":0,"activity":0,"lastBolusTime":0,"time":"2023-12-19T06:34:55.523Z","iobWithZeroTemp":{"iob":-0.496,"basaliob":-0.496,"bolussnooze":0,"activity":-0.0059,"lastBolusTime":0,"time":"2023-12-19T06:34:55.523Z"}},{"iob":0.001,"basaliob":0.001,"bolussnooze":0,"activity":0,"lastBolusTime":0,"time":"2023-12-19T06:39:55.523Z","iobWithZeroTemp":{"iob":-0.495,"basaliob":-0.495,"bolussnooze":0,"activity":-0.0059,"lastBolusTime":0,"time":"2023-12-19T06:39:55.523Z"}},{"iob":0.001,"basaliob":0.001,"bolussnooze":0,"activity":0,"lastBolusTime":0,"time":"2023-12-19T06:44:55.523Z","iobWithZeroTemp":{"iob":-0.495,"basaliob":-0.495,"bolussnooze":0,"activity":-0.0059,"lastBolusTime":0,"time":"2023-12-19T06:44:55.523Z"}}],"profile":{"max_iob":10,"type":"current","max_daily_basal":0.4,"max_basal":0.8,"min_bg":95,"max_bg":95,"target_bg":95,"carb_ratio":8.8,"sens":130,"max_daily_safety_multiplier":3,"current_basal_safety_multiplier":4,"lgsThreshold":95,"high_temptarget_raises_sensitivity":true,"low_temptarget_lowers_sensitivity":true,"sensitivity_raises_target":true,"resistance_lowers_target":true,"adv_target_adjustments":false,"exercise_mode":false,"half_basal_exercise_target":160,"maxCOB":120,"skip_neutral_temps":false,"remainingCarbsCap":90,"enableUAM":true,"A52_risk_enable":false,"SMBInterval":5,"enableSMB_with_COB":true,"enableSMB_with_temptarget":true,"allowSMB_with_high_temptarget":false,"enableSMB_always":false,"enableSMB_after_carbs":true,"maxSMBBasalMinutes":30,"maxUAMSMBBasalMinutes":40,"bolus_increment":0.05,"carbsReqThreshold":4,"current_basal":0.2,"temptargetSet":false,"autosens_max":1.3,"autosens_min":0.7,"variable_sens":141.6,"insulinDivisor":75,"TDD":13.834185714285711},"autosens_data":{"ratio":0.8102115112675632},"meal_data":{"carbs":0,"mealCOB":0,"slopeFromMaxDeviation":-1.25625,"slopeFromMinDeviation":0,"lastBolusTime":1702935600626,"lastCarbTime":0},"microBolusAllowed":true,"currentTime":1702954197181,"flatBGsDetected":false,"tdd1D":16.220833333333324,"tdd7D":19.783928571428568,"tddLast24H":16.02916666666666,"tddLast4H":0.6250000000000001,"tddLast8to4H":1.4958333333333336},"output":{"temp":"absolute","bg":113,"tick":-2,"eventualBG":98,"targetBG":103,"insulinReq":0,"deliverAt":"2023-12-19T02:49:57.181Z","sensitivityRatio":0.8102115112675632,"variable_sens":141.6,"predBGs":{"IOB":[113,112,110,109,107,106,105,104,103,102,101,101,100,100,99,99,98,98,98,97,97,97,96,96,96,95,95,95,95,95,94,94,94,94,94,94,94,94,94,94,93],"ZT":[113,113,113,112,112,112,112,112,112,112,113,113]},"reason":"COB: 0, Dev: -4, BGI: 0, ISF: 142, CR: 8.8, Target: 103, minPredBG 103, minGuardBG 93, IOBpredBG 93; minGuardBG 93<95 50m left and 0 ~ req 0U\/hr: no temp required","COB":0,"IOB":0.079,"timestamp":"2023-12-19T02:49:57.210Z"}}