{"algorithm":"OpenAPSSMBDynamicISFPlugin","input":{"glucoseStatus":{"glucose":81,"noise":0,"delta":-2.78,"short_avgdelta":-2.78,"long_avgdelta":-0.42,"date":1703003065000},"currenttemp":{"temp":"absolute","duration":100,"rate":0,"minutesrunning":20},"iob_data":[{"iob":-0.142,"basaliob":-0.164,"bolussnooze":0,"activity":-0.0015,"lastBolusTime":1702991702435,"time":"2023-12-19T16:24:52.530Z","iobWithZeroTemp":{"iob":-0.142,"basaliob":-0.164,"bolussnooze":0,"activity":-0.0015,"lastBolusTime":1702991702435,"time":"2023-12-19T16:24:52.530Z"}},{"iob":-0.134,"basaliob":-0.153,"bolussnooze":0,"activity":-0.0015,"lastBolusTime":1702991702435,"time":"2023-12-19T16:29:52.530Z","iobWithZeroTemp":{"iob":-0.141,"basaliob":-0.16,"bolussnooze":0,"activity":-0.0015,"lastBolusTime":1702991702435,"time":"2023-12-19T16:29:52.530Z"}},{"iob":-0.127,"basaliob":-0.143,"bolussnooze":0,"activity":-0.0016,"lastBolusTime":1702991702435,"time":"2023-12-19T16:34:52.530Z","iobWithZeroTemp":{"iob":-0.142,"basaliob":-0.158,"bolussnooze":0,"activity":-0.0016,"lastBolusTime":1702991702435,"time":"2023-12-19T16:34:52.530Z"}},{"iob":-0.119,"basaliob":-0.133,"bolussnooze":0,"activity":-0.0016,"lastBolusTime":1702991702435,"time":"2023-12-19T16:39:52.530Z","iobWithZeroTemp":{"iob":-0.142,"basaliob":-0.156,"bolussnooze":0,"activity":-0.0017,"lastBolusTime":1702991702435,"time":"2023-12-19T16:39:52.530Z"}},{"iob":-0.111,"basaliob":-0.123,"bolussnooze":0,"activity":-0.0015,"lastBolusTime":1702991702435,"time":"2023-12-19T16:44:52.530Z","iobWithZeroTemp":{"iob":-0.142,"basaliob":-0.154,"bolussnooze":0,"activity":-0.0016,"lastBolusTime":1702991702435,"time":"2023-12-19T16:44:52.530Z"}},{"iob":-0.104,"basaliob":-0.114,"bolussnooze":0,"activity":-0.0015,"lastBolusTime":1702991702435,"time":"2023-12-19T16:49:52.530Z","iobWithZeroTemp":{"iob":-0.142,"basaliob":-0.152,"bolussnooze":0,"activity":-0.0017,"lastBolusTime":1702991702435,"time":"2023-12-19T16:49:52.530Z"}},{"iob":-0.097,"basaliob":-0.105,"bolussnooze":0,"activity":-0.0014,"lastBolusTime":1702991702435,"time":"2023-12-19T16:54:52.530Z","iobWithZeroTemp":{"iob":-0.143,"basaliob":-0.151,"bolussnooze":0,"activity":-0.0016,"lastBolusTime":1702991702435,"time":"2023-12-19T16:54:52.530Z"}},{"iob":-0.089,"basaliob":-0.096,"bolussnooze":0,"activity":-0.0013,"lastBolusTime":1702991702435,"time":"2023-12-19T16:59:52.530Z","iobWithZeroTemp":{"iob":-0.142,"basaliob":-0.149,"bolussnooze":0,"activity":-0.0016,"lastBolusTime":1702991702435,"time":"2023-12-19T16:59:52.530Z"}},{"iob":-0.083,"basaliob":-0.089,"bolussnooze":0,"activity":-0.0013,"lastBolusTime":1702991702435,"time":"2023-12-19T17:04:52.530Z","iobWithZeroTemp":{"iob":-0.142,"basaliob":-0.148,"bolussnooze":0,"activity":-0.0017,"lastBolusTime":1702991702435,"time":"2023-12-19T17:04:52.530Z"}},{"iob":-0.076,"basaliob":-0.081,"bolussnooze":0,"activity":-0.0012,"lastBolusTime":1702991702435,"time":"2023-12-19T17:09:52.530Z","iobWithZeroTemp":{"iob":-0.142,"basaliob":-0.147,"bolussnooze":0,"activity":-0.0016,"lastBolusTime":1702991702435,"time":"2023-12-19T17:09:52.530Z"}},{"iob":-0.07,"basaliob":-0.074,"bolussnooze":0,"activity":-0.0011,"lastBolusTime":1702991702435,"time":"2023-12-19T17:14:52.530Z","iobWithZeroTemp":{"iob":-0.142,"basaliob":-0.146,"bolussnooze":0,"activity":-0.0016,"lastBolusTime":1702991702435,"time":"2023-12-19T17:14:52.530Z"}},{"iob":-0.065,"basaliob":-0.068,"bolussnooze":0,"activity":-0.0011,"lastBolusTime":1702991702435,"time":"2023-12-19T17:19:52.530Z","iobWithZeroTemp":{"iob":-0.142,"basaliob":-0.145,"bolussnooze":0,"activity":-0.0017,"lastBolusTime":1702991702435,"time":"2023-12-19T17:19:52.530Z"}},{"iob":-0.059,"basaliob":-0.062,"bolussnooze":0,"activity":-0.001,"lastBolusTime":1702991702435,"time":"2023-12-19T17:24:52.530Z","iobWithZeroTemp":{"iob":-0.141,"basaliob":-0.144,"bolussnooze":0,"activity":-0.0017,"lastBolusTime":1702991702435,"time":"2023-12-19T17:24:52.530Z"}},{"iob":-0.055,"basaliob":-0.057,"bolussnooze":0,"activity":-0.001,"lastBolusTime":1702991702435,"time":"2023-12-19T17:29:52.530Z","iobWithZeroTemp":{"iob":-0.142,"basaliob":-0.144,"bolussnooze":0,"activity":-0.0017,"lastBolusTime":1702991702435,"time":"2023-12-19T17:29:52.530Z"}},{"iob":-0.049,"basaliob":-0.051,"bolussnooze":0,"activity":-9.0E-4,"lastBolusTime":1702991702435,"time":"2023-12-19T17:34:52.530Z","iobWithZeroTemp":{"iob":-0.141,"basaliob":-0.143,"bolussnooze":0,"activity":-0.0017,"lastBolusTime":1702991702435,"time":"2023-12-19T17:34:52.530Z"}},{"iob":-0.046,"basaliob":-0.047,"bolussnooze":0,"activity":-8.0E-4,"lastBolusTime":1702991702435,"time":"2023-12-19T17:39:52.530Z","iobWithZeroTemp":{"iob":-0.142,"basaliob":-0.143,"bolussnooze":0,"activity":-0.0017,"lastBolusTime":1702991702435,"time":"2023-12-19T17:39:52.530Z"}},{"iob":-0.041,"basaliob":-0.042,"bolussnooze":0,"activity":-8.0E-4,"lastBolusTime":1702991702435,"time":"2023-12-19T17:44:52.530Z","iobWithZeroTemp":{"iob":-0.141,"basaliob":-0.142,"bolussnooze":0,"activity":-0.0017,"lastBolusTime":1702991702435,"time":"2023-12-19T17:44:52.530Z"}},{"iob":-0.037,"basaliob":-0.038,"bolussnooze":0,"activity":-8.0E-4,"lastBolusTime":1702991702435,"time":"2023-12-19T17:49:52.530Z","iobWithZeroTemp":{"iob":-0.141,"basaliob":-0.142,"bolussnooze":0,"activity":-0.0018,"lastBolusTime":1702991702435,"time":"2023-12-19T17:49:52.530Z"}},{"iob":-0.034,"basaliob":-0.035,"bolussnooze":0,"activity":-7.0E-4,"lastBolusTime":1702991702435,"time":"2023-12-19T17:54:52.530Z","iobWithZeroTemp":{"iob":-0.141,"basaliob":-0.142,"bolussnooze":0,"activity":-0.0017,"lastBolusTime":1702991702435,"time":"2023-12-19T17:54:52.530Z"}},{"iob":-0.03,"basaliob":-0.031,"bolussnooze":0,"activity":-6.0E-4,"lastBolusTime":1702991702435,"time":"2023-12-19T17:59:52.530Z","iobWithZeroTemp":{"iob":-0.14,"basaliob":-0.141,"bolussnooze":0,"activity":-0.0017,"lastBolusTime":1702991702435,"time":"2023-12-19T17:59:52.530Z"}},{"iob":-0.028,"basaliob":-0.028,"bolussnooze":0,"activity":-6.0E-4,"lastBolusTime":1702991702435,"time":"2023-12-19T18:04:52.530Z","iobWithZeroTemp":{"iob":-0.141,"basaliob":-0.141,"bolussnooze":0,"activity":-0.0017,"lastBolusTime":1702991702435,"time":"2023-12-19T18:04:52.530Z"}},{"iob":-0.025,"basaliob":-0.025,"bolussnooze":0,"activity":-5.0E-4,"lastBolusTime":1702991702435,"time":"2023-12-19T18:09:52.530Z","iobWithZeroTemp":{"iob":-0.141,"basaliob":-0.141,"bolussnooze":0,"activity":-0.0017,"lastBolusTime":1702991702435,"time":"2023-12-19T18:09:52.530Z"}},{"iob":-0.023,"basaliob":-0.023,"bolussnooze":0,"activity":-5.0E-4,"lastBolusTime":1702991702435,"time":"2023-12-19T18:14:52.530Z","iobWithZeroTemp":{"iob":-0.141,"basaliob":-0.141,"bolussnooze":0,"activity":-0.0017,"lastBolusTime":1702991702435,"time":"2023-12-19T18:14:52.530Z"}},{"iob":-0.021,"basaliob":-0.021,"bolussnooze":0,"activity":-4.0E-4,"lastBolusTime":1702991702435,"time":"2023-12-19T18:19:52.530Z","iobWithZeroTemp":{"iob":-0.141,"basaliob":-0.141,"bolussnooze":0,"activity":-0.0016,"lastBolusTime":1702991702435,"time":"2023-12-19T18:19:52.530Z"}},{"iob":-0.018,"basaliob":-0.018,"bolussnooze":0,"activity":-4.0E-4,"lastBolusTime":1702991702435,"time":"2023-12-19T18:24:52.530Z","iobWithZeroTemp":{"iob":-0.14,"basaliob":-0.14,"bolussnooze":0,"activity":-0.0017,"lastBolusTime":1702991702435,"time":"2023-12-19T18:24:52.530Z"}},{"iob":-0.016,"basaliob":-0.016,"bolussnooze":0,"activity":-4.0E-4,"lastBolusTime":1702991702435,"time":"2023-12-19T18:29:52.530Z","iobWithZeroTemp":{"iob":-0.14,"basaliob":-0.14,"bolussnooze":0,"activity":-0.0017,"lastBolusTime":1702991702435,"time":"2023-12-19T18:29:52.530Z"}},{"iob":-0.015,"basaliob":-0.015,"bolussnooze":0,"activity":-3.0E-4,"lastBolusTime":1702991702435,"time":"2023-12-19T18:34:52.530Z","iobWithZeroTemp":{"iob":-0.141,"basaliob":-0.141,"bolussnooze":0,"activity":-0.0016,"lastBolusTime":1702991702435,"time":"2023-12-19T18:34:52.530Z"}},{"iob":-0.013,"basaliob":-0.013,"bolussnooze":0,"activity":-3.0E-4,"lastBolusTime":1702991702435,"time":"2023-12-19T18:39:52.530Z","iobWithZeroTemp":{"iob":-0.14,"basaliob":-0.14,"bolussnooze":0,"activity":-0.0017,"lastBolusTime":1702991702435,"time":"2023-12-19T18:39:52.530Z"}},{"iob":-0.012,"basaliob":-0.012,"bolussnooze":0,"activity":-3.0E-4,"lastBolusTime":1702991702435,"time":"2023-12-19T18:44:52.530Z","iobWithZeroTemp":{"iob":-0.141,"basaliob":-0.141,"bolussnooze":0,"activity":-0.0017,"lastBolusTime":1702991702435,"time":"2023-12-19T18:44:52.530Z"}},{"iob":-0.01,"basaliob":-0.01,"bolussnooze":0,"activity":-2.0E-4,"lastBolusTime":1702991702435,"time":"2023-12-19T18:49:52.530Z","iobWithZeroTemp":{"iob":-0.14,"basaliob":-0.14,"bolussnooze":0,"activity":-0.0016,"lastBolusTime":1702991702435,"time":"2023-12-19T18:49:52.530Z"}},{"iob":-0.009,"basaliob":-0.009,"bolussnooze":0,"activity":-2.0E-4,"lastBolusTime":1702991702435,"time":"2023-12-19T18:54:52.530Z","iobWithZeroTemp":{"iob":-0.14,"basaliob":-0.14,"bolussnooze":0,"activity":-0.0017,"lastBolusTime":1702991702435,"time":"2023-12-19T18:54:52.530Z"}},{"iob":-0.008,"basaliob":-0.008,"bolussnooze":0,"activity":-2.0E-4,"lastBolusTime":1702991702435,"time":"2023-12-19T18:59:52.530Z","iobWithZeroTemp":{"iob":-0.14,"basaliob":-0.14,"bolussnooze":0,"activity":-0.0017,"lastBolusTime":1702991702435,"time":"2023-12-19T18:59:52.530Z"}},{"iob":-0.007,"basaliob":-0.007,"bolussnooze":0,"activity":-2.0E-4,"lastBolusTime":1702991702435,"time":"2023-12-19T19:04:52.530Z","iobWithZeroTemp":{"iob":-0.161,"basaliob":-0.161,"bolussnooze":0,"activity":-0.0017,"lastBolusTime":1702991702435,"time":"2023-12-19T19:04:52.530Z"}},{"iob":-0.006,"basaliob":-0.006,"bolussnooze":0,"activity":-2.0E-4,"lastBolusTime":1702991702435,"time":"2023-12-19T19:09:52.530Z","iobWithZeroTemp":{"iob":-0.181,"basaliob":-0.181,"bolussnooze":0,"activity":-0.0018,"lastBolusTime":1702991702435,"time":"2023-12-19T19:09:52.530Z"}},{"iob":-0.006,"basaliob":-0.006,"bolussnooze":0,"activity":-1.0E-4,"lastBolusTime":1702991702435,"time":"2023-12-19T19:14:52.530Z","iobWithZeroTemp":{"iob":-0.202,"basaliob":-0.202,"bolussnooze":0,"activity":-0.0018,"lastBolusTime":1702991702435,"time":"2023-12-19T19:14:52.530Z"}},{"iob":-0.005,"basaliob":-0.005,"bolussnooze":0,"activity":-1.0E-4,"lastBolusTime":0,"time":"2023-12-19T19:19:52.530Z","iobWithZeroTemp":{"iob":-0.221,"basaliob":-0.221,"bolussnooze":0,"activity":-0.002,"lastBolusTime":0,"time":"2023-12-19T19:19:52.530Z"}},{"iob":-0.004,"basaliob":-0.004,"bolussnooze":0,"activity":-1.0E-4,"lastBolusTime":0,"time":"2023-12-19T19:24:52.530Z","iobWithZeroTemp":{"iob":-0.239,"basaliob":-0.239,"bolussnooze":0,"activity":-0.0021,"lastBolusTime":0,"time":"2023-12-19T19:24:52.530Z"}},{"iob":-0.004,"basaliob":-0.004,"bolussnooze":0,"activity":-1.0E-4,"lastBolusTime":0,"time":"2023-12-19T19:29:52.530Z","iobWithZeroTemp":{"iob":-0.258,"basaliob":-0.258,"bolussnooze":0,"activity":-0.0023,"lastBolusTime":0,"time":"2023-12-19T19:29:52.530Z"}},{"iob":-0.003,"basaliob":-0.003,"bolussnooze":0,"activity":-1.0E-4,"lastBolusTime":0,"time":"2023-12-19T19:34:52.530Z","iobWithZeroTemp":{"iob":-0.275,"basaliob":-0.275,"bolussnooze":0,"activity":-0.0025,"lastBolusTime":0,"time":"2023-12-19T19:34:52.530Z"}},{"iob":-0.003,"basaliob":-0.003,"bolussnooze":0,"activity":-1.0E-4,"lastBolusTime":0,"time":"2023-12-19T19:39:52.530Z","iobWithZeroTemp":{"iob":-0.291,"basaliob":-0.291,"bolussnooze":0,"activity":-0.0027,"lastBolusTime":0,"time":"2023-12-19T19:39:52.530Z"}},{"iob":-0.003,"basaliob":-0.003,"bolussnooze":0,"activity":-1.0E-4,"lastBolusTime":0,"time":"2023-12-19T19:44:52.530Z","iobWithZeroTemp":{"iob":-0.307,"basaliob":-0.307,"bolussnooze":0,"activity":-0.0028,"lastBolusTime":0,"time":"2023-12-19T19:44:52.530Z"}},{"iob":-0.002,"basaliob":-0.002,"bolussnooze":0,"activity":-1.0E-4,"lastBolusTime":0,"time":"2023-12-19T19:49:52.530Z","iobWithZeroTemp":{"iob":-0.321,"basaliob":-0.321,"bolussnooze":0,"activity":-0.003,"lastBolusTime":0,"time":"2023-12-19T19:49:52.530Z"}},{"iob":-0.002,"basaliob":-0.002,"bolussnooze":0,"activity":-1.0E-4,"lastBolusTime":0,"time":"2023-12-19T19:54:52.530Z","iobWithZeroTemp":{"iob":-0.335,"basaliob":-0.335,"bolussnooze":0,"activity":-0.0032,"lastBolusTime":0,"time":"2023-12-19T19:54:52.530Z"}},{"iob":-0.002,"basaliob":-0.002,"bolussnooze":0,"activity":0,"lastBolusTime":0,"time":"2023-12-19T19:59:52.530Z","iobWithZeroTemp":{"iob":-0.348,"basaliob":-0.348,"bolussnooze":0,"activity":-0.0033,"lastBolusTime":0,"time":"2023-12-19T19:59:52.530Z"}},{"iob":-0.001,"basaliob":-0.001,"bolussnooze":0,"activity":0,"lastBolusTime":0,"time":"2023-12-19T20:04:52.530Z","iobWithZeroTemp":{"iob":-0.36,"basaliob":-0.36,"bolussnooze":0,"activity":-0.0035,"lastBolusTime":0,"time":"2023-12-19T20:04:52.530Z"}},{"iob":-0.001,"basaliob":-0.001,"bolussnooze":0,"activity":0,"lastBolusTime":0,"time":"2023-12-19T20:09:52.530Z","iobWithZeroTemp":{"iob":-0.371,"basaliob":-0.371,"bolussnooze":0,"activity":-0.0036,"lastBolusTime":0,"time":"2023-12-19T20:09:52.530Z"}},{"iob":-0.001,"basaliob":-0.001,"bolussnooze":0,"activity":0,"lastBolusTime":0,"time":"2023-12-19T20:14:52.530Z","iobWithZeroTemp":{"iob":-0.382,"basaliob":-0.382,"bolussnooze":0,"activity":-0.0038,"lastBolusTime":0,"time":"2023-12-19T20:14:52.530Z"}},{"iob":-0.001,"basaliob":-0.001,"bolussnooze":0,"activity":0,"lastBolusTime":0,"time":"2023-12-19T20:19:52.530Z","iobWithZeroTemp":{"iob":-0.392,"basaliob":-0.392,"bolussnooze":0,"activity":-0.0039,"lastBolusTime":0,"time":"2023-12-19T20:19:52.530Z"}}],"profile":{"max_iob":10,"type":"current","max_daily_basal":0.4,"max_basal":0.4,"min_bg":130,"max_bg":130,"target_bg":130,"carb_ratio":8.8,"sens":120,"max_daily_safety_multiplier":3,"current_basal_safety_multiplier":4,"lgsThreshold":95,"high_temptarget_raises_sensitivity":true,"low_temptarget_lowers_sensitivity":true,"sensitivity_raises_target":true,"resistance_lowers_target":true,"adv_target_adjustments":false,"exercise_mode":false,"half_basal_exercise_target":160,"maxCOB":120,"skip_neutral_temps":false,"remainingCarbsCap":90,"enableUAM":true,"A52_risk_enable":false,"SMBInterval":5,"enableSMB_with_COB":true,"enableSMB_with_temptarget":true,"allowSMB_with_high_temptarget":false,"enableSMB_always":false,"enableSMB_after_carbs":true,"maxSMBBasalMinutes":30,"maxUAMSMBBasalMinutes":40,"bolus_increment":0.05,"carbsReqThreshold":4,"current_basal":0.1,"temptargetSet":true,"autosens_max":1.3,"autosens_min":0.7,"variable_sens":171.4,"insulinDivisor":75,"TDD":14.33743571428571},"autosens_data":{"ratio":0.5779101603634504},"meal_data":{"carbs":20,"mealCOB":0,"slopeFromMaxDeviation":-0.7026,"slopeFromMinDeviation":0.011545454545454567,"lastBolusTime":1702991702435,"lastCarbTime":1702986730095},"microBolusAllowed":true,"currentTime":1703003093309,"flatBGsDetected":false,"tdd1D":16.220833333333324,"tdd7D":19.783928571428568,"tddLast24H":11.433333333333334,"tddLast4H":0.2041666666666667,"tddLast8to4H":3.3249999999999997},"output":{"temp":"absolute","bg":81,"tick":-3,"eventualBG":95,"targetBG":130,"insulinReq":0,"deliverAt":"2023-12-19T16:24:53.309Z","sensitivityRatio":0.67,"variable_sens":171.4,"predBGs":{"IOB":[81,79,76,75,73,72,72,71,71,71,72,73,74,75,75,76,77,78,78,79,80,80,80,81,81,82,82,82,82,83,83,83,83,83,84],"ZT":[81,82,84,85,86,88,89,90,92,93,94,95,97,98,99,101,102,103,104,106,107,108,109,110,111,113,114,115,116,117,118,119,120,122,123,124,125,127,128,130]},"reason":"COB: 0, Dev: -10, BGI: 1, ISF: 171, CR: 8.8, Target: 130, minPredBG 78, minGuardBG 71, IOBpredBG 84; minGuardBG 71<95","COB":0,"IOB":-0.142,"duration":120,"rate":0,"timestamp":"2023-12-19T16:24:53.323Z"}}