{"algorithm":"OpenAPSSMBDynamicISFPlugin","input":{"glucoseStatus":{"glucose":83,"noise":0,"delta":-3.28,"short_avgdelta":-3.28,"long_avgdelta":-2.7,"date":1702966164000},"currenttemp":{"temp":"absolute","duration":5,"rate":0,"minutesrunning":25},"iob_data":[{"iob":-0.214,"basaliob":-0.214,"bolussnooze":0,"activity":-0.0014,"lastBolusTime":0,"time":"2023-12-19T06:09:58.064Z","iobWithZeroTemp":{"iob":-0.214,"basaliob":-0.214,"bolussnooze":0,"activity":-0.0014,"lastBolusTime":0,"time":"2023-12-19T06:09:58.064Z"}},{"iob":-0.207,"basaliob":-0.207,"bolussnooze":0,"activity":-0.0016,"lastBolusTime":0,"time":"2023-12-19T06:14:58.064Z","iobWithZeroTemp":{"iob":-0.23,"basaliob":-0.23,"bolussnooze":0,"activity":-0.0016,"lastBolusTime":0,"time":"2023-12-19T06:14:58.064Z"}},{"iob":-0.198,"basaliob":-0.198,"bolussnooze":0,"activity":-0.0018,"lastBolusTime":0,"time":"2023-12-19T06:19:58.064Z","iobWithZeroTemp":{"iob":-0.25,"basaliob":-0.25,"bolussnooze":0,"activity":-0.0019,"lastBolusTime":0,"time":"2023-12-19T06:19:58.064Z"}},{"iob":-0.189,"basaliob":-0.189,"bolussnooze":0,"activity":-0.0019,"lastBolusTime":0,"time":"2023-12-19T06:24:58.064Z","iobWithZeroTemp":{"iob":-0.27,"basaliob":-0.27,"bolussnooze":0,"activity":-0.0021,"lastBolusTime":0,"time":"2023-12-19T06:24:58.064Z"}},{"iob":-0.18,"basaliob":-0.18,"bolussnooze":0,"activity":-0.0019,"lastBolusTime":0,"time":"2023-12-19T06:29:58.064Z","iobWithZeroTemp":{"iob":-0.288,"basaliob":-0.288,"bolussnooze":0,"activity":-0.0023,"lastBolusTime":0,"time":"2023-12-19T06:29:58.064Z"}},{"iob":-0.17,"basaliob":-0.17,"bolussnooze":0,"activity":-0.002,"lastBolusTime":0,"time":"2023-12-19T06:34:58.064Z","iobWithZeroTemp":{"iob":-0.305,"basaliob":-0.305,"bolussnooze":0,"activity":-0.0026,"lastBolusTime":0,"time":"2023-12-19T06:34:58.064Z"}},{"iob":-0.16,"basaliob":-0.16,"bolussnooze":0,"activity":-0.002,"lastBolusTime":0,"time":"2023-12-19T06:39:58.064Z","iobWithZeroTemp":{"iob":-0.32,"basaliob":-0.32,"bolussnooze":0,"activity":-0.0028,"lastBolusTime":0,"time":"2023-12-19T06:39:58.064Z"}},{"iob":-0.15,"basaliob":-0.15,"bolussnooze":0,"activity":-0.0019,"lastBolusTime":0,"time":"2023-12-19T06:44:58.064Z","iobWithZeroTemp":{"iob":-0.335,"basaliob":-0.335,"bolussnooze":0,"activity":-0.003,"lastBolusTime":0,"time":"2023-12-19T06:44:58.064Z"}},{"iob":-0.141,"basaliob":-0.141,"bolussnooze":0,"activity":-0.0019,"lastBolusTime":0,"time":"2023-12-19T06:49:58.064Z","iobWithZeroTemp":{"iob":-0.349,"basaliob":-0.349,"bolussnooze":0,"activity":-0.0032,"lastBolusTime":0,"time":"2023-12-19T06:49:58.064Z"}},{"iob":-0.132,"basaliob":-0.132,"bolussnooze":0,"activity":-0.0018,"lastBolusTime":0,"time":"2023-12-19T06:54:58.064Z","iobWithZeroTemp":{"iob":-0.362,"basaliob":-0.362,"bolussnooze":0,"activity":-0.0034,"lastBolusTime":0,"time":"2023-12-19T06:54:58.064Z"}},{"iob":-0.123,"basaliob":-0.123,"bolussnooze":0,"activity":-0.0018,"lastBolusTime":0,"time":"2023-12-19T06:59:58.064Z","iobWithZeroTemp":{"iob":-0.374,"basaliob":-0.374,"bolussnooze":0,"activity":-0.0036,"lastBolusTime":0,"time":"2023-12-19T06:59:58.064Z"}},{"iob":-0.114,"basaliob":-0.114,"bolussnooze":0,"activity":-0.0017,"lastBolusTime":0,"time":"2023-12-19T07:04:58.064Z","iobWithZeroTemp":{"iob":-0.384,"basaliob":-0.384,"bolussnooze":0,"activity":-0.0038,"lastBolusTime":0,"time":"2023-12-19T07:04:58.064Z"}},{"iob":-0.106,"basaliob":-0.106,"bolussnooze":0,"activity":-0.0016,"lastBolusTime":0,"time":"2023-12-19T07:09:58.064Z","iobWithZeroTemp":{"iob":-0.395,"basaliob":-0.395,"bolussnooze":0,"activity":-0.0039,"lastBolusTime":0,"time":"2023-12-19T07:09:58.064Z"}},{"iob":-0.098,"basaliob":-0.098,"bolussnooze":0,"activity":-0.0015,"lastBolusTime":0,"time":"2023-12-19T07:14:58.064Z","iobWithZeroTemp":{"iob":-0.404,"basaliob":-0.404,"bolussnooze":0,"activity":-0.004,"lastBolusTime":0,"time":"2023-12-19T07:14:58.064Z"}},{"iob":-0.09,"basaliob":-0.09,"bolussnooze":0,"activity":-0.0015,"lastBolusTime":0,"time":"2023-12-19T07:19:58.064Z","iobWithZeroTemp":{"iob":-0.412,"basaliob":-0.412,"bolussnooze":0,"activity":-0.0043,"lastBolusTime":0,"time":"2023-12-19T07:19:58.064Z"}},{"iob":-0.083,"basaliob":-0.083,"bolussnooze":0,"activity":-0.0014,"lastBolusTime":0,"time":"2023-12-19T07:24:58.064Z","iobWithZeroTemp":{"iob":-0.419,"basaliob":-0.419,"bolussnooze":0,"activity":-0.0044,"lastBolusTime":0,"time":"2023-12-19T07:24:58.064Z"}},{"iob":-0.076,"basaliob":-0.076,"bolussnooze":0,"activity":-0.0013,"lastBolusTime":0,"time":"2023-12-19T07:29:58.064Z","iobWithZeroTemp":{"iob":-0.426,"basaliob":-0.426,"bolussnooze":0,"activity":-0.0045,"lastBolusTime":0,"time":"2023-12-19T07:29:58.064Z"}},{"iob":-0.07,"basaliob":-0.07,"bolussnooze":0,"activity":-0.0012,"lastBolusTime":0,"time":"2023-12-19T07:34:58.064Z","iobWithZeroTemp":{"iob":-0.433,"basaliob":-0.433,"bolussnooze":0,"activity":-0.0046,"lastBolusTime":0,"time":"2023-12-19T07:34:58.064Z"}},{"iob":-0.064,"basaliob":-0.064,"bolussnooze":0,"activity":-0.0011,"lastBolusTime":0,"time":"2023-12-19T07:39:58.064Z","iobWithZeroTemp":{"iob":-0.439,"basaliob":-0.439,"bolussnooze":0,"activity":-0.0047,"lastBolusTime":0,"time":"2023-12-19T07:39:58.064Z"}},{"iob":-0.059,"basaliob":-0.059,"bolussnooze":0,"activity":-0.0011,"lastBolusTime":0,"time":"2023-12-19T07:44:58.064Z","iobWithZeroTemp":{"iob":-0.444,"basaliob":-0.444,"bolussnooze":0,"activity":-0.0049,"lastBolusTime":0,"time":"2023-12-19T07:44:58.064Z"}},{"iob":-0.054,"basaliob":-0.054,"bolussnooze":0,"activity":-0.001,"lastBolusTime":0,"time":"2023-12-19T07:49:58.064Z","iobWithZeroTemp":{"iob":-0.449,"basaliob":-0.449,"bolussnooze":0,"activity":-0.0049,"lastBolusTime":0,"time":"2023-12-19T07:49:58.064Z"}},{"iob":-0.049,"basaliob":-0.049,"bolussnooze":0,"activity":-9.0E-4,"lastBolusTime":0,"time":"2023-12-19T07:54:58.064Z","iobWithZeroTemp":{"iob":-0.454,"basaliob":-0.454,"bolussnooze":0,"activity":-0.005,"lastBolusTime":0,"time":"2023-12-19T07:54:58.064Z"}},{"iob":-0.045,"basaliob":-0.045,"bolussnooze":0,"activity":-8.0E-4,"lastBolusTime":0,"time":"2023-12-19T07:59:58.064Z","iobWithZeroTemp":{"iob":-0.458,"basaliob":-0.458,"bolussnooze":0,"activity":-0.005,"lastBolusTime":0,"time":"2023-12-19T07:59:58.064Z"}},{"iob":-0.041,"basaliob":-0.041,"bolussnooze":0,"activity":-8.0E-4,"lastBolusTime":0,"time":"2023-12-19T08:04:58.064Z","iobWithZeroTemp":{"iob":-0.462,"basaliob":-0.462,"bolussnooze":0,"activity":-0.0052,"lastBolusTime":0,"time":"2023-12-19T08:04:58.064Z"}},{"iob":-0.037,"basaliob":-0.037,"bolussnooze":0,"activity":-7.0E-4,"lastBolusTime":0,"time":"2023-12-19T08:09:58.064Z","iobWithZeroTemp":{"iob":-0.465,"basaliob":-0.465,"bolussnooze":0,"activity":-0.0052,"lastBolusTime":0,"time":"2023-12-19T08:09:58.064Z"}},{"iob":-0.033,"basaliob":-0.033,"bolussnooze":0,"activity":-7.0E-4,"lastBolusTime":0,"time":"2023-12-19T08:14:58.064Z","iobWithZeroTemp":{"iob":-0.467,"basaliob":-0.467,"bolussnooze":0,"activity":-0.0053,"lastBolusTime":0,"time":"2023-12-19T08:14:58.064Z"}},{"iob":-0.03,"basaliob":-0.03,"bolussnooze":0,"activity":-6.0E-4,"lastBolusTime":0,"time":"2023-12-19T08:19:58.064Z","iobWithZeroTemp":{"iob":-0.47,"basaliob":-0.47,"bolussnooze":0,"activity":-0.0053,"lastBolusTime":0,"time":"2023-12-19T08:19:58.064Z"}},{"iob":-0.027,"basaliob":-0.027,"bolussnooze":0,"activity":-6.0E-4,"lastBolusTime":0,"time":"2023-12-19T08:24:58.064Z","iobWithZeroTemp":{"iob":-0.472,"basaliob":-0.472,"bolussnooze":0,"activity":-0.0054,"lastBolusTime":0,"time":"2023-12-19T08:24:58.064Z"}},{"iob":-0.025,"basaliob":-0.025,"bolussnooze":0,"activity":-5.0E-4,"lastBolusTime":0,"time":"2023-12-19T08:29:58.064Z","iobWithZeroTemp":{"iob":-0.475,"basaliob":-0.475,"bolussnooze":0,"activity":-0.0054,"lastBolusTime":0,"time":"2023-12-19T08:29:58.064Z"}},{"iob":-0.022,"basaliob":-0.022,"bolussnooze":0,"activity":-5.0E-4,"lastBolusTime":0,"time":"2023-12-19T08:34:58.064Z","iobWithZeroTemp":{"iob":-0.477,"basaliob":-0.477,"bolussnooze":0,"activity":-0.0055,"lastBolusTime":0,"time":"2023-12-19T08:34:58.064Z"}},{"iob":-0.02,"basaliob":-0.02,"bolussnooze":0,"activity":-4.0E-4,"lastBolusTime":0,"time":"2023-12-19T08:39:58.064Z","iobWithZeroTemp":{"iob":-0.479,"basaliob":-0.479,"bolussnooze":0,"activity":-0.0055,"lastBolusTime":0,"time":"2023-12-19T08:39:58.064Z"}},{"iob":-0.018,"basaliob":-0.018,"bolussnooze":0,"activity":-4.0E-4,"lastBolusTime":0,"time":"2023-12-19T08:44:58.064Z","iobWithZeroTemp":{"iob":-0.48,"basaliob":-0.48,"bolussnooze":0,"activity":-0.0056,"lastBolusTime":0,"time":"2023-12-19T08:44:58.064Z"}},{"iob":-0.016,"basaliob":-0.016,"bolussnooze":0,"activity":-4.0E-4,"lastBolusTime":0,"time":"2023-12-19T08:49:58.064Z","iobWithZeroTemp":{"iob":-0.481,"basaliob":-0.481,"bolussnooze":0,"activity":-0.0056,"lastBolusTime":0,"time":"2023-12-19T08:49:58.064Z"}},{"iob":-0.014,"basaliob":-0.014,"bolussnooze":0,"activity":-3.0E-4,"lastBolusTime":0,"time":"2023-12-19T08:54:58.064Z","iobWithZeroTemp":{"iob":-0.482,"basaliob":-0.482,"bolussnooze":0,"activity":-0.0056,"lastBolusTime":0,"time":"2023-12-19T08:54:58.064Z"}},{"iob":-0.013,"basaliob":-0.013,"bolussnooze":0,"activity":-3.0E-4,"lastBolusTime":0,"time":"2023-12-19T08:59:58.064Z","iobWithZeroTemp":{"iob":-0.484,"basaliob":-0.484,"bolussnooze":0,"activity":-0.0056,"lastBolusTime":0,"time":"2023-12-19T08:59:58.064Z"}},{"iob":-0.011,"basaliob":-0.011,"bolussnooze":0,"activity":-3.0E-4,"lastBolusTime":0,"time":"2023-12-19T09:04:58.064Z","iobWithZeroTemp":{"iob":-0.476,"basaliob":-0.476,"bolussnooze":0,"activity":-0.0057,"lastBolusTime":0,"time":"2023-12-19T09:04:58.064Z"}},{"iob":-0.01,"basaliob":-0.01,"bolussnooze":0,"activity":-2.0E-4,"lastBolusTime":0,"time":"2023-12-19T09:09:58.064Z","iobWithZeroTemp":{"iob":-0.469,"basaliob":-0.469,"bolussnooze":0,"activity":-0.0056,"lastBolusTime":0,"time":"2023-12-19T09:09:58.064Z"}},{"iob":-0.009,"basaliob":-0.009,"bolussnooze":0,"activity":-2.0E-4,"lastBolusTime":0,"time":"2023-12-19T09:14:58.064Z","iobWithZeroTemp":{"iob":-0.462,"basaliob":-0.462,"bolussnooze":0,"activity":-0.0056,"lastBolusTime":0,"time":"2023-12-19T09:14:58.064Z"}},{"iob":-0.008,"basaliob":-0.008,"bolussnooze":0,"activity":-2.0E-4,"lastBolusTime":0,"time":"2023-12-19T09:19:58.064Z","iobWithZeroTemp":{"iob":-0.455,"basaliob":-0.455,"bolussnooze":0,"activity":-0.0056,"lastBolusTime":0,"time":"2023-12-19T09:19:58.064Z"}},{"iob":-0.007,"basaliob":-0.007,"bolussnooze":0,"activity":-2.0E-4,"lastBolusTime":0,"time":"2023-12-19T09:24:58.064Z","iobWithZeroTemp":{"iob":-0.448,"basaliob":-0.448,"bolussnooze":0,"activity":-0.0056,"lastBolusTime":0,"time":"2023-12-19T09:24:58.064Z"}},{"iob":-0.006,"basaliob":-0.006,"bolussnooze":0,"activity":-2.0E-4,"lastBolusTime":0,"time":"2023-12-19T09:29:58.064Z","iobWithZeroTemp":{"iob":-0.441,"basaliob":-0.441,"bolussnooze":0,"activity":-0.0055,"lastBolusTime":0,"time":"2023-12-19T09:29:58.064Z"}},{"iob":-0.005,"basaliob":-0.005,"bolussnooze":0,"activity":-1.0E-4,"lastBolusTime":0,"time":"2023-12-19T09:34:58.064Z","iobWithZeroTemp":{"iob":-0.434,"basaliob":-0.434,"bolussnooze":0,"activity":-0.0054,"lastBolusTime":0,"time":"2023-12-19T09:34:58.064Z"}},{"iob":-0.005,"basaliob":-0.005,"bolussnooze":0,"activity":-1.0E-4,"lastBolusTime":0,"time":"2023-12-19T09:39:58.064Z","iobWithZeroTemp":{"iob":-0.429,"basaliob":-0.429,"bolussnooze":0,"activity":-0.0054,"lastBolusTime":0,"time":"2023-12-19T09:39:58.064Z"}},{"iob":-0.004,"basaliob":-0.004,"bolussnooze":0,"activity":-1.0E-4,"lastBolusTime":0,"time":"2023-12-19T09:44:58.064Z","iobWithZeroTemp":{"iob":-0.422,"basaliob":-0.422,"bolussnooze":0,"activity":-0.0053,"lastBolusTime":0,"time":"2023-12-19T09:44:58.064Z"}},{"iob":-0.004,"basaliob":-0.004,"bolussnooze":0,"activity":-1.0E-4,"lastBolusTime":0,"time":"2023-12-19T09:49:58.064Z","iobWithZeroTemp":{"iob":-0.417,"basaliob":-0.417,"bolussnooze":0,"activity":-0.0053,"lastBolusTime":0,"time":"2023-12-19T09:49:58.064Z"}},{"iob":-0.003,"basaliob":-0.003,"bolussnooze":0,"activity":-1.0E-4,"lastBolusTime":0,"time":"2023-12-19T09:54:58.064Z","iobWithZeroTemp":{"iob":-0.411,"basaliob":-0.411,"bolussnooze":0,"activity":-0.0052,"lastBolusTime":0,"time":"2023-12-19T09:54:58.064Z"}},{"iob":-0.003,"basaliob":-0.003,"bolussnooze":0,"activity":-1.0E-4,"lastBolusTime":0,"time":"2023-12-19T09:59:58.064Z","iobWithZeroTemp":{"iob":-0.407,"basaliob":-0.407,"bolussnooze":0,"activity":-0.0052,"lastBolusTime":0,"time":"2023-12-19T09:59:58.064Z"}},{"iob":-0.002,"basaliob":-0.002,"bolussnooze":0,"activity":-1.0E-4,"lastBolusTime":0,"time":"2023-12-19T10:04:58.064Z","iobWithZeroTemp":{"iob":-0.402,"basaliob":-0.402,"bolussnooze":0,"activity":-0.0051,"lastBolusTime":0,"time":"2023-12-19T10:04:58.064Z"}}],"profile":{"max_iob":10,"type":"current","max_daily_basal":0.4,"max_basal":1.2,"min_bg":95,"max_bg":95,"target_bg":95,"carb_ratio":8.8,"sens":120,"max_daily_safety_multiplier":3,"current_basal_safety_multiplier":4,"lgsThreshold":95,"high_temptarget_raises_sensitivity":true,"low_temptarget_lowers_sensitivity":true,"sensitivity_raises_target":true,"resistance_lowers_target":true,"adv_target_adjustments":false,"exercise_mode":false,"half_basal_exercise_target":160,"maxCOB":120,"skip_neutral_temps":false,"remainingCarbsCap":90,"enableUAM":true,"A52_risk_enable":false,"SMBInterval":5,"enableSMB_with_COB":true,"enableSMB_with_temptarget":true,"allowSMB_with_high_temptarget":false,"enableSMB_always":false,"enableSMB_after_carbs":true,"maxSMBBasalMinutes":30,"maxUAMSMBBasalMinutes":40,"bolus_increment":0.05,"carbsReqThreshold":4,"current_basal":0.35,"temptargetSet":false,"autosens_max":1.3,"autosens_min":0.7,"variable_sens":173.5,"insulinDivisor":75,"TDD":13.92246071428571},"autosens_data":{"ratio":0.7765141258236302},"meal_data":{"carbs":0,"mealCOB":0,"slopeFromMaxDeviation":-0.39281818181818184,"slopeFromMinDeviation":0,"lastBolusTime":1702935600626,"lastCarbTime":0},"microBolusAllowed":true,"currentTime":1702966199500,"flatBGsDetected":false,"tdd1D":16.220833333333324,"tdd7D":19.783928571428568,"tddLast24H":15.362499999999995,"tddLast4H":1.208333333333333,"tddLast8to4H":0.2833333333333333},"output":{"temp":"absolute","bg":83,"tick":-3,"eventualBG":97,"targetBG":105,"insulinReq":0,"deliverAt":"2023-12-19T06:09:59.500Z","sensitivityRatio":0.7765141258236302,"variable_sens":173.5,"predBGs":{"IOB":[83,80,78,76,75,74,74,74,74,75,75,77,78,80,81,82,84,85,86,87,88,89,89,90,91,91,92,92,93,93,93,94,94,94,95,95,95,95,95,96],"ZT":[83,84,86,87,89,91,93,95,98,100,103,105]},"reason":"COB: 0, Dev: -23, BGI: 1, ISF: 174, CR: 8.8, Target: 105, minPredBG 86, minGuardBG 74, IOBpredBG 96; minGuardBG 74<95","COB":0,"IOB":-0.214,"duration":30,"rate":0,"timestamp":"2023-12-19T06:09:59.532Z"}}