{"algorithm":"OpenAPSSMBDynamicISFPlugin","input":{"glucoseStatus":{"glucose":142,"noise":0,"delta":9.39,"short_avgdelta":9.39,"long_avgdelta":5.81,"date":1703065167000},"currenttemp":{"temp":"absolute","duration":105,"rate":0,"minutesrunning":15},"iob_data":[{"iob":1.789,"basaliob":-0.245,"bolussnooze":1.1438,"activity":0.0186,"lastBolusTime":1703065201808,"time":"2023-12-20T09:40:10.916Z","iobWithZeroTemp":{"iob":1.789,"basaliob":-0.245,"bolussnooze":1.1438,"activity":0.0186,"lastBolusTime":1703065201808,"time":"2023-12-20T09:40:10.916Z"}},{"iob":1.695,"basaliob":-0.232,"bolussnooze":0.9767,"activity":0.0189,"lastBolusTime":1703065201808,"time":"2023-12-20T09:45:10.916Z","iobWithZeroTemp":{"iob":1.678,"basaliob":-0.249,"bolussnooze":0.9767,"activity":0.0189,"lastBolusTime":1703065201808,"time":"2023-12-20T09:45:10.916Z"}},{"iob":1.6,"basaliob":-0.219,"bolussnooze":0.8276,"activity":0.019,"lastBolusTime":1703065201808,"time":"2023-12-20T09:50:10.916Z","iobWithZeroTemp":{"iob":1.563,"basaliob":-0.256,"bolussnooze":0.8276,"activity":0.0189,"lastBolusTime":1703065201808,"time":"2023-12-20T09:50:10.916Z"}},{"iob":1.505,"basaliob":-0.206,"bolussnooze":0.6962,"activity":0.0189,"lastBolusTime":1703065201808,"time":"2023-12-20T09:55:10.916Z","iobWithZeroTemp":{"iob":1.447,"basaliob":-0.264,"bolussnooze":0.6962,"activity":0.0187,"lastBolusTime":1703065201808,"time":"2023-12-20T09:55:10.916Z"}},{"iob":1.411,"basaliob":-0.193,"bolussnooze":0.5818,"activity":0.0185,"lastBolusTime":1703065201808,"time":"2023-12-20T10:00:10.916Z","iobWithZeroTemp":{"iob":1.334,"basaliob":-0.27,"bolussnooze":0.5818,"activity":0.0182,"lastBolusTime":1703065201808,"time":"2023-12-20T10:00:10.916Z"}},{"iob":1.32,"basaliob":-0.18,"bolussnooze":0.483,"activity":0.0181,"lastBolusTime":1703065201808,"time":"2023-12-20T10:05:10.916Z","iobWithZeroTemp":{"iob":1.224,"basaliob":-0.276,"bolussnooze":0.483,"activity":0.0177,"lastBolusTime":1703065201808,"time":"2023-12-20T10:05:10.916Z"}},{"iob":1.231,"basaliob":-0.167,"bolussnooze":0.3985,"activity":0.0175,"lastBolusTime":1703065201808,"time":"2023-12-20T10:10:10.916Z","iobWithZeroTemp":{"iob":1.117,"basaliob":-0.281,"bolussnooze":0.3985,"activity":0.0169,"lastBolusTime":1703065201808,"time":"2023-12-20T10:10:10.916Z"}},{"iob":1.145,"basaliob":-0.156,"bolussnooze":0.3267,"activity":0.0168,"lastBolusTime":1703065201808,"time":"2023-12-20T10:15:10.916Z","iobWithZeroTemp":{"iob":1.013,"basaliob":-0.288,"bolussnooze":0.3267,"activity":0.016,"lastBolusTime":1703065201808,"time":"2023-12-20T10:15:10.916Z"}},{"iob":1.063,"basaliob":-0.144,"bolussnooze":0.2661,"activity":0.0161,"lastBolusTime":1703065201808,"time":"2023-12-20T10:20:10.916Z","iobWithZeroTemp":{"iob":0.914,"basaliob":-0.293,"bolussnooze":0.2661,"activity":0.0152,"lastBolusTime":1703065201808,"time":"2023-12-20T10:20:10.916Z"}},{"iob":0.985,"basaliob":-0.133,"bolussnooze":0.2154,"activity":0.0153,"lastBolusTime":1703065201808,"time":"2023-12-20T10:25:10.916Z","iobWithZeroTemp":{"iob":0.821,"basaliob":-0.297,"bolussnooze":0.2154,"activity":0.0142,"lastBolusTime":1703065201808,"time":"2023-12-20T10:25:10.916Z"}},{"iob":0.91,"basaliob":-0.123,"bolussnooze":0.1731,"activity":0.0145,"lastBolusTime":1703065201808,"time":"2023-12-20T10:30:10.916Z","iobWithZeroTemp":{"iob":0.731,"basaliob":-0.302,"bolussnooze":0.1731,"activity":0.0132,"lastBolusTime":1703065201808,"time":"2023-12-20T10:30:10.916Z"}},{"iob":0.839,"basaliob":-0.113,"bolussnooze":0.1382,"activity":0.0137,"lastBolusTime":1703065201808,"time":"2023-12-20T10:35:10.916Z","iobWithZeroTemp":{"iob":0.646,"basaliob":-0.306,"bolussnooze":0.1382,"activity":0.0122,"lastBolusTime":1703065201808,"time":"2023-12-20T10:35:10.916Z"}},{"iob":0.773,"basaliob":-0.104,"bolussnooze":0.1094,"activity":0.0129,"lastBolusTime":1703065201808,"time":"2023-12-20T10:40:10.916Z","iobWithZeroTemp":{"iob":0.567,"basaliob":-0.31,"bolussnooze":0.1094,"activity":0.0113,"lastBolusTime":1703065201808,"time":"2023-12-20T10:40:10.916Z"}},{"iob":0.709,"basaliob":-0.096,"bolussnooze":0.0859,"activity":0.0121,"lastBolusTime":1703065201808,"time":"2023-12-20T10:45:10.916Z","iobWithZeroTemp":{"iob":0.491,"basaliob":-0.314,"bolussnooze":0.0859,"activity":0.0103,"lastBolusTime":1703065201808,"time":"2023-12-20T10:45:10.916Z"}},{"iob":0.651,"basaliob":-0.088,"bolussnooze":0.0669,"activity":0.0113,"lastBolusTime":1703065201808,"time":"2023-12-20T10:50:10.916Z","iobWithZeroTemp":{"iob":0.421,"basaliob":-0.318,"bolussnooze":0.0669,"activity":0.0093,"lastBolusTime":1703065201808,"time":"2023-12-20T10:50:10.916Z"}},{"iob":0.596,"basaliob":-0.08,"bolussnooze":0.0515,"activity":0.0106,"lastBolusTime":1703065201808,"time":"2023-12-20T10:55:10.916Z","iobWithZeroTemp":{"iob":0.356,"basaliob":-0.32,"bolussnooze":0.0515,"activity":0.0085,"lastBolusTime":1703065201808,"time":"2023-12-20T10:55:10.916Z"}},{"iob":0.545,"basaliob":-0.073,"bolussnooze":0.0392,"activity":0.0099,"lastBolusTime":1703065201808,"time":"2023-12-20T11:00:10.916Z","iobWithZeroTemp":{"iob":0.295,"basaliob":-0.323,"bolussnooze":0.0392,"activity":0.0076,"lastBolusTime":1703065201808,"time":"2023-12-20T11:00:10.916Z"}},{"iob":0.497,"basaliob":-0.067,"bolussnooze":0.0294,"activity":0.0092,"lastBolusTime":1703065201808,"time":"2023-12-20T11:05:10.916Z","iobWithZeroTemp":{"iob":0.234,"basaliob":-0.33,"bolussnooze":0.0294,"activity":0.0068,"lastBolusTime":1703065201808,"time":"2023-12-20T11:05:10.916Z"}},{"iob":0.453,"basaliob":-0.061,"bolussnooze":0.0217,"activity":0.0085,"lastBolusTime":1703065201808,"time":"2023-12-20T11:10:10.916Z","iobWithZeroTemp":{"iob":0.177,"basaliob":-0.337,"bolussnooze":0.0217,"activity":0.0059,"lastBolusTime":1703065201808,"time":"2023-12-20T11:10:10.916Z"}},{"iob":0.413,"basaliob":-0.055,"bolussnooze":0.0157,"activity":0.0078,"lastBolusTime":1703065201808,"time":"2023-12-20T11:15:10.916Z","iobWithZeroTemp":{"iob":0.125,"basaliob":-0.343,"bolussnooze":0.0157,"activity":0.0051,"lastBolusTime":1703065201808,"time":"2023-12-20T11:15:10.916Z"}},{"iob":0.375,"basaliob":-0.05,"bolussnooze":0.0111,"activity":0.0072,"lastBolusTime":1703065201808,"time":"2023-12-20T11:20:10.916Z","iobWithZeroTemp":{"iob":0.076,"basaliob":-0.349,"bolussnooze":0.0111,"activity":0.0043,"lastBolusTime":1703065201808,"time":"2023-12-20T11:20:10.916Z"}},{"iob":0.34,"basaliob":-0.045,"bolussnooze":0.0076,"activity":0.0067,"lastBolusTime":1703065201808,"time":"2023-12-20T11:25:10.916Z","iobWithZeroTemp":{"iob":0.031,"basaliob":-0.354,"bolussnooze":0.0076,"activity":0.0037,"lastBolusTime":1703065201808,"time":"2023-12-20T11:25:10.916Z"}},{"iob":0.308,"basaliob":-0.041,"bolussnooze":0.005,"activity":0.0062,"lastBolusTime":1703065201808,"time":"2023-12-20T11:30:10.916Z","iobWithZeroTemp":{"iob":-0.01,"basaliob":-0.359,"bolussnooze":0.005,"activity":0.0031,"lastBolusTime":1703065201808,"time":"2023-12-20T11:30:10.916Z"}},{"iob":0.278,"basaliob":-0.037,"bolussnooze":0.0032,"activity":0.0056,"lastBolusTime":1703065201808,"time":"2023-12-20T11:35:10.916Z","iobWithZeroTemp":{"iob":-0.049,"basaliob":-0.364,"bolussnooze":0.0032,"activity":0.0023,"lastBolusTime":1703065201808,"time":"2023-12-20T11:35:10.916Z"}},{"iob":0.251,"basaliob":-0.033,"bolussnooze":0.0018,"activity":0.0052,"lastBolusTime":1703065201808,"time":"2023-12-20T11:40:10.916Z","iobWithZeroTemp":{"iob":-0.085,"basaliob":-0.369,"bolussnooze":0.0018,"activity":0.0018,"lastBolusTime":1703065201808,"time":"2023-12-20T11:40:10.916Z"}},{"iob":0.226,"basaliob":-0.03,"bolussnooze":9.0E-4,"activity":0.0048,"lastBolusTime":1703065201808,"time":"2023-12-20T11:45:10.916Z","iobWithZeroTemp":{"iob":-0.117,"basaliob":-0.373,"bolussnooze":9.0E-4,"activity":0.0013,"lastBolusTime":1703065201808,"time":"2023-12-20T11:45:10.916Z"}},{"iob":0.204,"basaliob":-0.027,"bolussnooze":4.0E-4,"activity":0.0043,"lastBolusTime":1703065201808,"time":"2023-12-20T11:50:10.916Z","iobWithZeroTemp":{"iob":-0.146,"basaliob":-0.377,"bolussnooze":4.0E-4,"activity":7.0E-4,"lastBolusTime":1703065201808,"time":"2023-12-20T11:50:10.916Z"}},{"iob":0.183,"basaliob":-0.024,"bolussnooze":1.0E-4,"activity":0.004,"lastBolusTime":1703065201808,"time":"2023-12-20T11:55:10.916Z","iobWithZeroTemp":{"iob":-0.174,"basaliob":-0.381,"bolussnooze":1.0E-4,"activity":3.0E-4,"lastBolusTime":1703065201808,"time":"2023-12-20T11:55:10.916Z"}},{"iob":0.164,"basaliob":-0.022,"bolussnooze":0,"activity":0.0036,"lastBolusTime":1703065201808,"time":"2023-12-20T12:00:10.916Z","iobWithZeroTemp":{"iob":-0.199,"basaliob":-0.385,"bolussnooze":0,"activity":-2.0E-4,"lastBolusTime":1703065201808,"time":"2023-12-20T12:00:10.916Z"}},{"iob":0.147,"basaliob":-0.019,"bolussnooze":0,"activity":0.0033,"lastBolusTime":1703065201808,"time":"2023-12-20T12:05:10.916Z","iobWithZeroTemp":{"iob":-0.222,"basaliob":-0.388,"bolussnooze":0,"activity":-6.0E-4,"lastBolusTime":1703065201808,"time":"2023-12-20T12:05:10.916Z"}},{"iob":0.131,"basaliob":-0.017,"bolussnooze":0,"activity":0.003,"lastBolusTime":1703065201808,"time":"2023-12-20T12:10:10.916Z","iobWithZeroTemp":{"iob":-0.243,"basaliob":-0.391,"bolussnooze":0,"activity":-0.001,"lastBolusTime":1703065201808,"time":"2023-12-20T12:10:10.916Z"}},{"iob":0.116,"basaliob":-0.016,"bolussnooze":0,"activity":0.0027,"lastBolusTime":1703065201808,"time":"2023-12-20T12:15:10.916Z","iobWithZeroTemp":{"iob":-0.262,"basaliob":-0.394,"bolussnooze":0,"activity":-0.0014,"lastBolusTime":1703065201808,"time":"2023-12-20T12:15:10.916Z"}},{"iob":0.104,"basaliob":-0.014,"bolussnooze":0,"activity":0.0025,"lastBolusTime":1703065201808,"time":"2023-12-20T12:20:10.916Z","iobWithZeroTemp":{"iob":-0.279,"basaliob":-0.397,"bolussnooze":0,"activity":-0.0017,"lastBolusTime":1703065201808,"time":"2023-12-20T12:20:10.916Z"}},{"iob":0.093,"basaliob":-0.012,"bolussnooze":0,"activity":0.0022,"lastBolusTime":1703065201808,"time":"2023-12-20T12:25:10.916Z","iobWithZeroTemp":{"iob":-0.293,"basaliob":-0.398,"bolussnooze":0,"activity":-0.0021,"lastBolusTime":1703065201808,"time":"2023-12-20T12:25:10.916Z"}},{"iob":0.082,"basaliob":-0.011,"bolussnooze":0,"activity":0.002,"lastBolusTime":1703065201808,"time":"2023-12-20T12:30:10.916Z","iobWithZeroTemp":{"iob":-0.308,"basaliob":-0.401,"bolussnooze":0,"activity":-0.0023,"lastBolusTime":1703065201808,"time":"2023-12-20T12:30:10.916Z"}},{"iob":0.072,"basaliob":-0.01,"bolussnooze":0,"activity":0.0018,"lastBolusTime":1703065201808,"time":"2023-12-20T12:35:10.916Z","iobWithZeroTemp":{"iob":-0.321,"basaliob":-0.403,"bolussnooze":0,"activity":-0.0026,"lastBolusTime":1703065201808,"time":"2023-12-20T12:35:10.916Z"}},{"iob":0.064,"basaliob":-0.008,"bolussnooze":0,"activity":0.0016,"lastBolusTime":1703065201808,"time":"2023-12-20T12:40:10.916Z","iobWithZeroTemp":{"iob":-0.332,"basaliob":-0.404,"bolussnooze":0,"activity":-0.0028,"lastBolusTime":1703065201808,"time":"2023-12-20T12:40:10.916Z"}},{"iob":0.057,"basaliob":-0.007,"bolussnooze":0,"activity":0.0014,"lastBolusTime":1703065201808,"time":"2023-12-20T12:45:10.916Z","iobWithZeroTemp":{"iob":-0.342,"basaliob":-0.406,"bolussnooze":0,"activity":-0.0031,"lastBolusTime":1703065201808,"time":"2023-12-20T12:45:10.916Z"}},{"iob":0.05,"basaliob":-0.006,"bolussnooze":0,"activity":0.0013,"lastBolusTime":1703065201808,"time":"2023-12-20T12:50:10.916Z","iobWithZeroTemp":{"iob":-0.351,"basaliob":-0.407,"bolussnooze":0,"activity":-0.0032,"lastBolusTime":1703065201808,"time":"2023-12-20T12:50:10.916Z"}},{"iob":0.043,"basaliob":-0.006,"bolussnooze":0,"activity":0.0011,"lastBolusTime":1703065201808,"time":"2023-12-20T12:55:10.916Z","iobWithZeroTemp":{"iob":-0.36,"basaliob":-0.409,"bolussnooze":0,"activity":-0.0035,"lastBolusTime":1703065201808,"time":"2023-12-20T12:55:10.916Z"}},{"iob":0.038,"basaliob":-0.005,"bolussnooze":0,"activity":0.0011,"lastBolusTime":1703065201808,"time":"2023-12-20T13:00:10.916Z","iobWithZeroTemp":{"iob":-0.367,"basaliob":-0.41,"bolussnooze":0,"activity":-0.0035,"lastBolusTime":1703065201808,"time":"2023-12-20T13:00:10.916Z"}},{"iob":0.033,"basaliob":-0.004,"bolussnooze":0,"activity":9.0E-4,"lastBolusTime":1703065201808,"time":"2023-12-20T13:05:10.916Z","iobWithZeroTemp":{"iob":-0.378,"basaliob":-0.415,"bolussnooze":0,"activity":-0.0038,"lastBolusTime":1703065201808,"time":"2023-12-20T13:05:10.916Z"}},{"iob":0.028,"basaliob":-0.004,"bolussnooze":0,"activity":8.0E-4,"lastBolusTime":1703065201808,"time":"2023-12-20T13:10:10.916Z","iobWithZeroTemp":{"iob":-0.389,"basaliob":-0.421,"bolussnooze":0,"activity":-0.0039,"lastBolusTime":1703065201808,"time":"2023-12-20T13:10:10.916Z"}},{"iob":0.025,"basaliob":-0.003,"bolussnooze":0,"activity":7.0E-4,"lastBolusTime":1703065201808,"time":"2023-12-20T13:15:10.916Z","iobWithZeroTemp":{"iob":-0.397,"basaliob":-0.425,"bolussnooze":0,"activity":-0.0041,"lastBolusTime":1703065201808,"time":"2023-12-20T13:15:10.916Z"}},{"iob":0.021,"basaliob":-0.003,"bolussnooze":0,"activity":6.0E-4,"lastBolusTime":1703065201808,"time":"2023-12-20T13:20:10.916Z","iobWithZeroTemp":{"iob":-0.406,"basaliob":-0.43,"bolussnooze":0,"activity":-0.0042,"lastBolusTime":1703065201808,"time":"2023-12-20T13:20:10.916Z"}},{"iob":0.018,"basaliob":-0.002,"bolussnooze":0,"activity":5.0E-4,"lastBolusTime":1703065201808,"time":"2023-12-20T13:25:10.916Z","iobWithZeroTemp":{"iob":-0.414,"basaliob":-0.434,"bolussnooze":0,"activity":-0.0044,"lastBolusTime":1703065201808,"time":"2023-12-20T13:25:10.916Z"}},{"iob":0.015,"basaliob":-0.002,"bolussnooze":0,"activity":5.0E-4,"lastBolusTime":1703065201808,"time":"2023-12-20T13:30:10.916Z","iobWithZeroTemp":{"iob":-0.422,"basaliob":-0.439,"bolussnooze":0,"activity":-0.0044,"lastBolusTime":1703065201808,"time":"2023-12-20T13:30:10.916Z"}},{"iob":0.013,"basaliob":-0.002,"bolussnooze":0,"activity":4.0E-4,"lastBolusTime":1703065201808,"time":"2023-12-20T13:35:10.916Z","iobWithZeroTemp":{"iob":-0.428,"basaliob":-0.443,"bolussnooze":0,"activity":-0.0046,"lastBolusTime":1703065201808,"time":"2023-12-20T13:35:10.916Z"}}],"profile":{"max_iob":10,"type":"current","max_daily_basal":0.4,"max_basal":1,"min_bg":90,"max_bg":90,"target_bg":90,"carb_ratio":8.8,"sens":120,"max_daily_safety_multiplier":3,"current_basal_safety_multiplier":4,"lgsThreshold":95,"high_temptarget_raises_sensitivity":true,"low_temptarget_lowers_sensitivity":true,"sensitivity_raises_target":true,"resistance_lowers_target":true,"adv_target_adjustments":false,"exercise_mode":false,"half_basal_exercise_target":160,"maxCOB":120,"skip_neutral_temps":false,"remainingCarbsCap":90,"enableUAM":true,"A52_risk_enable":false,"SMBInterval":5,"enableSMB_with_COB":true,"enableSMB_with_temptarget":true,"allowSMB_with_high_temptarget":false,"enableSMB_always":false,"enableSMB_after_carbs":true,"maxSMBBasalMinutes":30,"maxUAMSMBBasalMinutes":40,"bolus_increment":0.05,"carbsReqThreshold":4,"current_basal":0.25,"temptargetSet":true,"autosens_max":1.3,"autosens_min":0.7,"variable_sens":106.6,"insulinDivisor":75,"TDD":15.890738095238095},"autosens_data":{"ratio":0.8860667884343663},"meal_data":{"carbs":20,"mealCOB":18.379333333333335,"slopeFromMaxDeviation":0,"slopeFromMinDeviation":1.7545454545454544,"lastBolusTime":1703065201808,"lastCarbTime":1703064654338},"microBolusAllowed":true,"currentTime":1703065211281,"flatBGsDetected":false,"tdd1D":13.533333333333333,"tdd7D":17.272023809523805,"tddLast24H":15.304166666666665,"tddLast4H":3.404166666666667,"tddLast8to4H":1.4041666666666668},"output":{"temp":"absolute","bg":142,"tick":"+9","eventualBG":298,"targetBG":90,"insulinReq":0.67,"deliverAt":"2023-12-20T09:40:11.281Z","sensitivityRatio":1.2,"variable_sens":106.6,"predBGs":{"IOB":[142,150,156,161,165,167,168,167,166,163,158,153,146,139,132,126,120,114,108,103,98,93,88,84,80,76,72,68,65,61,58,55,52,50,47,45,43,41,39],"ZT":[142,132,122,110,99,86,73,59,44,39,39,39,39,39,39,39,39,39,39,39,39,39,39,39,39,39,39,39,39,39,39,39,39,39,39,39,39,39,39,39,39,39,39,39,39,39,39,39],"COB":[142,151,158,165,171,176,181,185,188,192,194,197,199,200,201,202,202,202,201,200,199,197,194,191,188,185,182,180,178,176,174,173,171,170,169,168,167,166,165,164,164,163,163,162,162,162,161],"UAM":[142,151,159,167,175,183,190,198,205,212,219,226,233,239,246,252,258,263,269,274,278,283,287,291,294,297,299,301,303,304,304,305,304,304,303,302,301,301,300,300,300,299,299,299,298]},"reason":"COB: 18.4, Dev: 116, BGI: -10, ISF: 107, CR: 8.8, Target: 90, minPredBG 161, minGuardBG 151, IOBpredBG 39, COBpredBG 161, UAMpredBG 298; Eventual BG 298 >= 90,  insulinReq 0.67; maxBolus 0.1; setting 60m low temp of 0U\/h. Waiting 5m 48s to microbolus again. ","COB":18.379333333333335,"IOB":1.789,"rate":0,"duration":60,"timestamp":"2023-12-20T09:40:11.291Z"}}