{"algorithm":"OpenAPSSMBDynamicISFPlugin","input":{"glucoseStatus":{"glucose":161,"noise":0,"delta":-3.61,"short_avgdelta":-3.61,"long_avgdelta":0.34,"date":1703009665000},"currenttemp":{"temp":"absolute","duration":84,"rate":0,"minutesrunning":36},"iob_data":[{"iob":2.187,"basaliob":-0.141,"bolussnooze":1.0407,"activity":0.0278,"lastBolusTime":1703007647174,"time":"2023-12-19T18:14:56.733Z","iobWithZeroTemp":{"iob":2.187,"basaliob":-0.141,"bolussnooze":1.0407,"activity":0.0278,"lastBolusTime":1703007647174,"time":"2023-12-19T18:14:56.733Z"}},{"iob":2.05,"basaliob":-0.132,"bolussnooze":0.8833,"activity":0.0272,"lastBolusTime":1703007647174,"time":"2023-12-19T18:19:56.733Z","iobWithZeroTemp":{"iob":2.043,"basaliob":-0.139,"bolussnooze":0.8833,"activity":0.0272,"lastBolusTime":1703007647174,"time":"2023-12-19T18:19:56.733Z"}},{"iob":1.915,"basaliob":-0.124,"bolussnooze":0.7441,"activity":0.0265,"lastBolusTime":1703007647174,"time":"2023-12-19T18:24:56.733Z","iobWithZeroTemp":{"iob":1.9,"basaliob":-0.139,"bolussnooze":0.7441,"activity":0.0265,"lastBolusTime":1703007647174,"time":"2023-12-19T18:24:56.733Z"}},{"iob":1.784,"basaliob":-0.116,"bolussnooze":0.6225,"activity":0.0256,"lastBolusTime":1703007647174,"time":"2023-12-19T18:29:56.733Z","iobWithZeroTemp":{"iob":1.761,"basaliob":-0.139,"bolussnooze":0.6225,"activity":0.0255,"lastBolusTime":1703007647174,"time":"2023-12-19T18:29:56.733Z"}},{"iob":1.659,"basaliob":-0.108,"bolussnooze":0.5173,"activity":0.0247,"lastBolusTime":1703007647174,"time":"2023-12-19T18:34:56.733Z","iobWithZeroTemp":{"iob":1.628,"basaliob":-0.139,"bolussnooze":0.5173,"activity":0.0246,"lastBolusTime":1703007647174,"time":"2023-12-19T18:34:56.733Z"}},{"iob":1.539,"basaliob":-0.1,"bolussnooze":0.4271,"activity":0.0235,"lastBolusTime":1703007647174,"time":"2023-12-19T18:39:56.733Z","iobWithZeroTemp":{"iob":1.501,"basaliob":-0.138,"bolussnooze":0.4271,"activity":0.0233,"lastBolusTime":1703007647174,"time":"2023-12-19T18:39:56.733Z"}},{"iob":1.424,"basaliob":-0.093,"bolussnooze":0.3504,"activity":0.0224,"lastBolusTime":1703007647174,"time":"2023-12-19T18:44:56.733Z","iobWithZeroTemp":{"iob":1.378,"basaliob":-0.139,"bolussnooze":0.3504,"activity":0.0222,"lastBolusTime":1703007647174,"time":"2023-12-19T18:44:56.733Z"}},{"iob":1.315,"basaliob":-0.086,"bolussnooze":0.2857,"activity":0.0211,"lastBolusTime":1703007647174,"time":"2023-12-19T18:49:56.733Z","iobWithZeroTemp":{"iob":1.262,"basaliob":-0.139,"bolussnooze":0.2857,"activity":0.0208,"lastBolusTime":1703007647174,"time":"2023-12-19T18:49:56.733Z"}},{"iob":1.212,"basaliob":-0.08,"bolussnooze":0.2314,"activity":0.02,"lastBolusTime":1703007647174,"time":"2023-12-19T18:54:56.733Z","iobWithZeroTemp":{"iob":1.153,"basaliob":-0.139,"bolussnooze":0.2314,"activity":0.0196,"lastBolusTime":1703007647174,"time":"2023-12-19T18:54:56.733Z"}},{"iob":1.116,"basaliob":-0.073,"bolussnooze":0.1861,"activity":0.0188,"lastBolusTime":1703007647174,"time":"2023-12-19T18:59:56.733Z","iobWithZeroTemp":{"iob":1.05,"basaliob":-0.139,"bolussnooze":0.1861,"activity":0.0184,"lastBolusTime":1703007647174,"time":"2023-12-19T18:59:56.733Z"}},{"iob":1.025,"basaliob":-0.067,"bolussnooze":0.1487,"activity":0.0177,"lastBolusTime":1703007647174,"time":"2023-12-19T19:04:56.733Z","iobWithZeroTemp":{"iob":0.933,"basaliob":-0.159,"bolussnooze":0.1487,"activity":0.0172,"lastBolusTime":1703007647174,"time":"2023-12-19T19:04:56.733Z"}},{"iob":0.939,"basaliob":-0.062,"bolussnooze":0.118,"activity":0.0165,"lastBolusTime":1703007647174,"time":"2023-12-19T19:09:56.733Z","iobWithZeroTemp":{"iob":0.821,"basaliob":-0.18,"bolussnooze":0.118,"activity":0.0158,"lastBolusTime":1703007647174,"time":"2023-12-19T19:09:56.733Z"}},{"iob":0.859,"basaliob":-0.057,"bolussnooze":0.0928,"activity":0.0154,"lastBolusTime":1703007647174,"time":"2023-12-19T19:14:56.733Z","iobWithZeroTemp":{"iob":0.716,"basaliob":-0.2,"bolussnooze":0.0928,"activity":0.0146,"lastBolusTime":1703007647174,"time":"2023-12-19T19:14:56.733Z"}},{"iob":0.785,"basaliob":-0.052,"bolussnooze":0.0724,"activity":0.0143,"lastBolusTime":1703007647174,"time":"2023-12-19T19:19:56.733Z","iobWithZeroTemp":{"iob":0.618,"basaliob":-0.219,"bolussnooze":0.0724,"activity":0.0133,"lastBolusTime":1703007647174,"time":"2023-12-19T19:19:56.733Z"}},{"iob":0.716,"basaliob":-0.047,"bolussnooze":0.056,"activity":0.0133,"lastBolusTime":1703007647174,"time":"2023-12-19T19:24:56.733Z","iobWithZeroTemp":{"iob":0.525,"basaliob":-0.238,"bolussnooze":0.056,"activity":0.0121,"lastBolusTime":1703007647174,"time":"2023-12-19T19:24:56.733Z"}},{"iob":0.652,"basaliob":-0.043,"bolussnooze":0.0429,"activity":0.0123,"lastBolusTime":1703007647174,"time":"2023-12-19T19:29:56.733Z","iobWithZeroTemp":{"iob":0.439,"basaliob":-0.256,"bolussnooze":0.0429,"activity":0.0108,"lastBolusTime":1703007647174,"time":"2023-12-19T19:29:56.733Z"}},{"iob":0.593,"basaliob":-0.039,"bolussnooze":0.0325,"activity":0.0114,"lastBolusTime":1703007647174,"time":"2023-12-19T19:34:56.733Z","iobWithZeroTemp":{"iob":0.359,"basaliob":-0.273,"bolussnooze":0.0325,"activity":0.0097,"lastBolusTime":1703007647174,"time":"2023-12-19T19:34:56.733Z"}},{"iob":0.538,"basaliob":-0.036,"bolussnooze":0.0244,"activity":0.0105,"lastBolusTime":1703007647174,"time":"2023-12-19T19:39:56.733Z","iobWithZeroTemp":{"iob":0.284,"basaliob":-0.29,"bolussnooze":0.0244,"activity":0.0086,"lastBolusTime":1703007647174,"time":"2023-12-19T19:39:56.733Z"}},{"iob":0.487,"basaliob":-0.033,"bolussnooze":0.018,"activity":0.0097,"lastBolusTime":1703007647174,"time":"2023-12-19T19:44:56.733Z","iobWithZeroTemp":{"iob":0.214,"basaliob":-0.306,"bolussnooze":0.018,"activity":0.0075,"lastBolusTime":1703007647174,"time":"2023-12-19T19:44:56.733Z"}},{"iob":0.442,"basaliob":-0.029,"bolussnooze":0.0132,"activity":0.0089,"lastBolusTime":1703007647174,"time":"2023-12-19T19:49:56.733Z","iobWithZeroTemp":{"iob":0.151,"basaliob":-0.32,"bolussnooze":0.0132,"activity":0.0065,"lastBolusTime":1703007647174,"time":"2023-12-19T19:49:56.733Z"}},{"iob":0.398,"basaliob":-0.027,"bolussnooze":0.0095,"activity":0.0082,"lastBolusTime":1703007647174,"time":"2023-12-19T19:54:56.733Z","iobWithZeroTemp":{"iob":0.091,"basaliob":-0.334,"bolussnooze":0.0095,"activity":0.0056,"lastBolusTime":1703007647174,"time":"2023-12-19T19:54:56.733Z"}},{"iob":0.36,"basaliob":-0.024,"bolussnooze":0.0067,"activity":0.0075,"lastBolusTime":1703007647174,"time":"2023-12-19T19:59:56.733Z","iobWithZeroTemp":{"iob":0.037,"basaliob":-0.347,"bolussnooze":0.0067,"activity":0.0047,"lastBolusTime":1703007647174,"time":"2023-12-19T19:59:56.733Z"}},{"iob":0.324,"basaliob":-0.022,"bolussnooze":0.0046,"activity":0.0068,"lastBolusTime":1703007647174,"time":"2023-12-19T20:04:56.733Z","iobWithZeroTemp":{"iob":-0.013,"basaliob":-0.359,"bolussnooze":0.0046,"activity":0.0038,"lastBolusTime":1703007647174,"time":"2023-12-19T20:04:56.733Z"}},{"iob":0.291,"basaliob":-0.02,"bolussnooze":0.003,"activity":0.0063,"lastBolusTime":1703007647174,"time":"2023-12-19T20:09:56.733Z","iobWithZeroTemp":{"iob":-0.06,"basaliob":-0.371,"bolussnooze":0.003,"activity":0.0031,"lastBolusTime":1703007647174,"time":"2023-12-19T20:09:56.733Z"}},{"iob":0.261,"basaliob":-0.018,"bolussnooze":0.0019,"activity":0.0057,"lastBolusTime":1703007647174,"time":"2023-12-19T20:14:56.733Z","iobWithZeroTemp":{"iob":-0.102,"basaliob":-0.381,"bolussnooze":0.0019,"activity":0.0023,"lastBolusTime":1703007647174,"time":"2023-12-19T20:14:56.733Z"}},{"iob":0.234,"basaliob":-0.016,"bolussnooze":0.0011,"activity":0.0052,"lastBolusTime":1703007647174,"time":"2023-12-19T20:19:56.733Z","iobWithZeroTemp":{"iob":-0.141,"basaliob":-0.391,"bolussnooze":0.0011,"activity":0.0016,"lastBolusTime":1703007647174,"time":"2023-12-19T20:19:56.733Z"}},{"iob":0.209,"basaliob":-0.014,"bolussnooze":5.0E-4,"activity":0.0047,"lastBolusTime":1703007647174,"time":"2023-12-19T20:24:56.733Z","iobWithZeroTemp":{"iob":-0.177,"basaliob":-0.4,"bolussnooze":5.0E-4,"activity":9.0E-4,"lastBolusTime":1703007647174,"time":"2023-12-19T20:24:56.733Z"}},{"iob":0.187,"basaliob":-0.013,"bolussnooze":2.0E-4,"activity":0.0043,"lastBolusTime":1703007647174,"time":"2023-12-19T20:29:56.733Z","iobWithZeroTemp":{"iob":-0.208,"basaliob":-0.408,"bolussnooze":2.0E-4,"activity":4.0E-4,"lastBolusTime":1703007647174,"time":"2023-12-19T20:29:56.733Z"}},{"iob":0.167,"basaliob":-0.011,"bolussnooze":1.0E-4,"activity":0.0038,"lastBolusTime":1703007647174,"time":"2023-12-19T20:34:56.733Z","iobWithZeroTemp":{"iob":-0.237,"basaliob":-0.415,"bolussnooze":1.0E-4,"activity":-3.0E-4,"lastBolusTime":1703007647174,"time":"2023-12-19T20:34:56.733Z"}},{"iob":0.148,"basaliob":-0.01,"bolussnooze":0,"activity":0.0035,"lastBolusTime":1703007647174,"time":"2023-12-19T20:39:56.733Z","iobWithZeroTemp":{"iob":-0.265,"basaliob":-0.423,"bolussnooze":0,"activity":-7.0E-4,"lastBolusTime":1703007647174,"time":"2023-12-19T20:39:56.733Z"}},{"iob":0.131,"basaliob":-0.009,"bolussnooze":0,"activity":0.0032,"lastBolusTime":1703007647174,"time":"2023-12-19T20:44:56.733Z","iobWithZeroTemp":{"iob":-0.289,"basaliob":-0.429,"bolussnooze":0,"activity":-0.0012,"lastBolusTime":1703007647174,"time":"2023-12-19T20:44:56.733Z"}},{"iob":0.116,"basaliob":-0.008,"bolussnooze":0,"activity":0.0028,"lastBolusTime":1703007647174,"time":"2023-12-19T20:49:56.733Z","iobWithZeroTemp":{"iob":-0.311,"basaliob":-0.435,"bolussnooze":0,"activity":-0.0017,"lastBolusTime":1703007647174,"time":"2023-12-19T20:49:56.733Z"}},{"iob":0.103,"basaliob":-0.007,"bolussnooze":0,"activity":0.0025,"lastBolusTime":1703007647174,"time":"2023-12-19T20:54:56.733Z","iobWithZeroTemp":{"iob":-0.331,"basaliob":-0.441,"bolussnooze":0,"activity":-0.0021,"lastBolusTime":1703007647174,"time":"2023-12-19T20:54:56.733Z"}},{"iob":0.091,"basaliob":-0.006,"bolussnooze":0,"activity":0.0023,"lastBolusTime":1703007647174,"time":"2023-12-19T20:59:56.733Z","iobWithZeroTemp":{"iob":-0.349,"basaliob":-0.446,"bolussnooze":0,"activity":-0.0024,"lastBolusTime":1703007647174,"time":"2023-12-19T20:59:56.733Z"}},{"iob":0.079,"basaliob":-0.006,"bolussnooze":0,"activity":0.0021,"lastBolusTime":1703007647174,"time":"2023-12-19T21:04:56.733Z","iobWithZeroTemp":{"iob":-0.362,"basaliob":-0.447,"bolussnooze":0,"activity":-0.0027,"lastBolusTime":1703007647174,"time":"2023-12-19T21:04:56.733Z"}},{"iob":0.07,"basaliob":-0.005,"bolussnooze":0,"activity":0.0019,"lastBolusTime":1703007647174,"time":"2023-12-19T21:09:56.733Z","iobWithZeroTemp":{"iob":-0.372,"basaliob":-0.447,"bolussnooze":0,"activity":-0.003,"lastBolusTime":1703007647174,"time":"2023-12-19T21:09:56.733Z"}},{"iob":0.061,"basaliob":-0.004,"bolussnooze":0,"activity":0.0017,"lastBolusTime":1703007647174,"time":"2023-12-19T21:14:56.733Z","iobWithZeroTemp":{"iob":-0.381,"basaliob":-0.446,"bolussnooze":0,"activity":-0.0033,"lastBolusTime":1703007647174,"time":"2023-12-19T21:14:56.733Z"}},{"iob":0.053,"basaliob":-0.004,"bolussnooze":0,"activity":0.0015,"lastBolusTime":1703007647174,"time":"2023-12-19T21:19:56.733Z","iobWithZeroTemp":{"iob":-0.389,"basaliob":-0.446,"bolussnooze":0,"activity":-0.0035,"lastBolusTime":1703007647174,"time":"2023-12-19T21:19:56.733Z"}},{"iob":0.046,"basaliob":-0.003,"bolussnooze":0,"activity":0.0013,"lastBolusTime":1703007647174,"time":"2023-12-19T21:24:56.733Z","iobWithZeroTemp":{"iob":-0.396,"basaliob":-0.445,"bolussnooze":0,"activity":-0.0038,"lastBolusTime":1703007647174,"time":"2023-12-19T21:24:56.733Z"}},{"iob":0.04,"basaliob":-0.003,"bolussnooze":0,"activity":0.0011,"lastBolusTime":1703007647174,"time":"2023-12-19T21:29:56.733Z","iobWithZeroTemp":{"iob":-0.401,"basaliob":-0.444,"bolussnooze":0,"activity":-0.004,"lastBolusTime":1703007647174,"time":"2023-12-19T21:29:56.733Z"}},{"iob":0.034,"basaliob":-0.003,"bolussnooze":0,"activity":0.001,"lastBolusTime":1703007647174,"time":"2023-12-19T21:34:56.733Z","iobWithZeroTemp":{"iob":-0.407,"basaliob":-0.444,"bolussnooze":0,"activity":-0.0041,"lastBolusTime":1703007647174,"time":"2023-12-19T21:34:56.733Z"}},{"iob":0.03,"basaliob":-0.002,"bolussnooze":0,"activity":9.0E-4,"lastBolusTime":1703007647174,"time":"2023-12-19T21:39:56.733Z","iobWithZeroTemp":{"iob":-0.41,"basaliob":-0.442,"bolussnooze":0,"activity":-0.0042,"lastBolusTime":1703007647174,"time":"2023-12-19T21:39:56.733Z"}},{"iob":0.025,"basaliob":-0.002,"bolussnooze":0,"activity":8.0E-4,"lastBolusTime":1703007647174,"time":"2023-12-19T21:44:56.733Z","iobWithZeroTemp":{"iob":-0.415,"basaliob":-0.442,"bolussnooze":0,"activity":-0.0044,"lastBolusTime":1703007647174,"time":"2023-12-19T21:44:56.733Z"}},{"iob":0.021,"basaliob":-0.002,"bolussnooze":0,"activity":8.0E-4,"lastBolusTime":1703007647174,"time":"2023-12-19T21:49:56.733Z","iobWithZeroTemp":{"iob":-0.418,"basaliob":-0.441,"bolussnooze":0,"activity":-0.0044,"lastBolusTime":1703007647174,"time":"2023-12-19T21:49:56.733Z"}},{"iob":0.019,"basaliob":-0.001,"bolussnooze":0,"activity":7.0E-4,"lastBolusTime":1703007647174,"time":"2023-12-19T21:54:56.733Z","iobWithZeroTemp":{"iob":-0.419,"basaliob":-0.439,"bolussnooze":0,"activity":-0.0045,"lastBolusTime":1703007647174,"time":"2023-12-19T21:54:56.733Z"}},{"iob":0.015,"basaliob":-0.001,"bolussnooze":0,"activity":6.0E-4,"lastBolusTime":1703007647174,"time":"2023-12-19T21:59:56.733Z","iobWithZeroTemp":{"iob":-0.422,"basaliob":-0.438,"bolussnooze":0,"activity":-0.0046,"lastBolusTime":1703007647174,"time":"2023-12-19T21:59:56.733Z"}},{"iob":0.013,"basaliob":-0.001,"bolussnooze":0,"activity":5.0E-4,"lastBolusTime":1703007647174,"time":"2023-12-19T22:04:56.733Z","iobWithZeroTemp":{"iob":-0.423,"basaliob":-0.437,"bolussnooze":0,"activity":-0.0047,"lastBolusTime":1703007647174,"time":"2023-12-19T22:04:56.733Z"}},{"iob":0.01,"basaliob":-0.001,"bolussnooze":0,"activity":4.0E-4,"lastBolusTime":1703007647174,"time":"2023-12-19T22:09:56.733Z","iobWithZeroTemp":{"iob":-0.425,"basaliob":-0.436,"bolussnooze":0,"activity":-0.0048,"lastBolusTime":1703007647174,"time":"2023-12-19T22:09:56.733Z"}}],"profile":{"max_iob":10,"type":"current","max_daily_basal":0.4,"max_basal":0.4,"min_bg":75,"max_bg":75,"target_bg":75,"carb_ratio":8.8,"sens":120,"max_daily_safety_multiplier":3,"current_basal_safety_multiplier":4,"lgsThreshold":95,"high_temptarget_raises_sensitivity":true,"low_temptarget_lowers_sensitivity":true,"sensitivity_raises_target":true,"resistance_lowers_target":true,"adv_target_adjustments":false,"exercise_mode":false,"half_basal_exercise_target":160,"maxCOB":120,"skip_neutral_temps":false,"remainingCarbsCap":90,"enableUAM":true,"A52_risk_enable":false,"SMBInterval":5,"enableSMB_with_COB":true,"enableSMB_with_temptarget":true,"allowSMB_with_high_temptarget":false,"enableSMB_always":false,"enableSMB_after_carbs":true,"maxSMBBasalMinutes":30,"maxUAMSMBBasalMinutes":40,"bolus_increment":0.05,"carbsReqThreshold":4,"current_basal":0.1,"temptargetSet":true,"autosens_max":1.3,"autosens_min":0.7,"variable_sens":80.3,"insulinDivisor":75,"TDD":19.56133571428571},"autosens_data":{"ratio":0.7560850858982462},"meal_data":{"carbs":25,"mealCOB":5.596000000000003,"slopeFromMaxDeviation":-0.6266666666666666,"slopeFromMinDeviation":0,"lastBolusTime":1703007647174,"lastCarbTime":1703007645856},"microBolusAllowed":true,"currentTime":1703009698525,"flatBGsDetected":false,"tdd1D":16.220833333333324,"tdd7D":19.783928571428568,"tddLast24H":14.958333333333336,"tddLast4H":4,"tddLast8to4H":3.2625},"output":{"temp":"absolute","bg":161,"tick":-4,"eventualBG":39,"targetBG":75,"insulinReq":0,"deliverAt":"2023-12-19T18:14:58.525Z","sensitivityRatio":1.3,"variable_sens":80.3,"predBGs":{"IOB":[161,157,152,147,141,135,128,121,113,105,96,87,77,67,57,46,39],"ZT":[161,150,138,127,115,103,90,77,64,49,39,39,39,39,39,39,39,39,39,39,39,39,39,39,39,39,39,39,39,39,39,39,39,39,39,39,39,39,39,39,39,39,39,39,39,39,39,39],"COB":[161,157,152,148,143,138,132,127,122,116,110,105,99,93,87,82,77,72,68,64,61,57,54,52,49,47,45,43,41,40,39],"UAM":[161,157,152,147,141,135,128,121,113,105,97,87,78,68,57,47,39]},"reason":"COB: 5.6, Dev: 45, BGI: -11, ISF: 80, CR: 8.8, Target: 75, minPredBG -71, minGuardBG -71, IOBpredBG 39, COBpredBG 39, UAMpredBG 39; minGuardBG -71<95","COB":5.596000000000003,"IOB":2.187,"duration":120,"rate":0,"timestamp":"2023-12-19T18:14:58.557Z"}}