{"algorithm":"OpenAPSSMBDynamicISFPlugin","input":{"glucoseStatus":{"glucose":142,"noise":0,"delta":-5.72,"short_avgdelta":-5.72,"long_avgdelta":-5.26,"date":1702913962000},"currenttemp":{"temp":"absolute","duration":105,"rate":0,"minutesrunning":15},"iob_data":[{"iob":0.553,"basaliob":0.123,"bolussnooze":0,"activity":0.0094,"lastBolusTime":1702911594496,"time":"2023-12-18T15:39:50.881Z","iobWithZeroTemp":{"iob":0.553,"basaliob":0.123,"bolussnooze":0,"activity":0.0094,"lastBolusTime":1702911594496,"time":"2023-12-18T15:39:50.881Z"}},{"iob":0.508,"basaliob":0.112,"bolussnooze":0,"activity":0.0088,"lastBolusTime":1702911594496,"time":"2023-12-18T15:44:50.881Z","iobWithZeroTemp":{"iob":0.501,"basaliob":0.105,"bolussnooze":0,"activity":0.0088,"lastBolusTime":1702911594496,"time":"2023-12-18T15:44:50.881Z"}},{"iob":0.465,"basaliob":0.101,"bolussnooze":0,"activity":0.0083,"lastBolusTime":1702911594496,"time":"2023-12-18T15:49:50.881Z","iobWithZeroTemp":{"iob":0.45,"basaliob":0.086,"bolussnooze":0,"activity":0.0083,"lastBolusTime":1702911594496,"time":"2023-12-18T15:49:50.881Z"}},{"iob":0.425,"basaliob":0.091,"bolussnooze":0,"activity":0.0077,"lastBolusTime":1702911594496,"time":"2023-12-18T15:54:50.881Z","iobWithZeroTemp":{"iob":0.402,"basaliob":0.068,"bolussnooze":0,"activity":0.0076,"lastBolusTime":1702911594496,"time":"2023-12-18T15:54:50.881Z"}},{"iob":0.388,"basaliob":0.082,"bolussnooze":0,"activity":0.0071,"lastBolusTime":1702911594496,"time":"2023-12-18T15:59:50.881Z","iobWithZeroTemp":{"iob":0.357,"basaliob":0.051,"bolussnooze":0,"activity":0.007,"lastBolusTime":1702911594496,"time":"2023-12-18T15:59:50.881Z"}},{"iob":0.354,"basaliob":0.074,"bolussnooze":0,"activity":0.0066,"lastBolusTime":1702911594496,"time":"2023-12-18T16:04:50.881Z","iobWithZeroTemp":{"iob":0.316,"basaliob":0.036,"bolussnooze":0,"activity":0.0064,"lastBolusTime":1702911594496,"time":"2023-12-18T16:04:50.881Z"}},{"iob":0.322,"basaliob":0.066,"bolussnooze":0,"activity":0.0061,"lastBolusTime":1702911594496,"time":"2023-12-18T16:09:50.881Z","iobWithZeroTemp":{"iob":0.276,"basaliob":0.02,"bolussnooze":0,"activity":0.0059,"lastBolusTime":1702911594496,"time":"2023-12-18T16:09:50.881Z"}},{"iob":0.293,"basaliob":0.06,"bolussnooze":0,"activity":0.0057,"lastBolusTime":1702911594496,"time":"2023-12-18T16:14:50.881Z","iobWithZeroTemp":{"iob":0.24,"basaliob":0.007,"bolussnooze":0,"activity":0.0054,"lastBolusTime":1702911594496,"time":"2023-12-18T16:14:50.881Z"}},{"iob":0.266,"basaliob":0.054,"bolussnooze":0,"activity":0.0052,"lastBolusTime":1702911594496,"time":"2023-12-18T16:19:50.881Z","iobWithZeroTemp":{"iob":0.207,"basaliob":-0.005,"bolussnooze":0,"activity":0.0048,"lastBolusTime":1702911594496,"time":"2023-12-18T16:19:50.881Z"}},{"iob":0.241,"basaliob":0.048,"bolussnooze":0,"activity":0.0048,"lastBolusTime":1702911594496,"time":"2023-12-18T16:24:50.881Z","iobWithZeroTemp":{"iob":0.175,"basaliob":-0.018,"bolussnooze":0,"activity":0.0044,"lastBolusTime":1702911594496,"time":"2023-12-18T16:24:50.881Z"}},{"iob":0.218,"basaliob":0.043,"bolussnooze":0,"activity":0.0044,"lastBolusTime":1702911594496,"time":"2023-12-18T16:29:50.881Z","iobWithZeroTemp":{"iob":0.146,"basaliob":-0.029,"bolussnooze":0,"activity":0.0039,"lastBolusTime":1702911594496,"time":"2023-12-18T16:29:50.881Z"}},{"iob":0.197,"basaliob":0.038,"bolussnooze":0,"activity":0.004,"lastBolusTime":1702911594496,"time":"2023-12-18T16:34:50.881Z","iobWithZeroTemp":{"iob":0.12,"basaliob":-0.039,"bolussnooze":0,"activity":0.0034,"lastBolusTime":1702911594496,"time":"2023-12-18T16:34:50.881Z"}},{"iob":0.177,"basaliob":0.034,"bolussnooze":0,"activity":0.0037,"lastBolusTime":1702911594496,"time":"2023-12-18T16:39:50.881Z","iobWithZeroTemp":{"iob":0.095,"basaliob":-0.048,"bolussnooze":0,"activity":0.003,"lastBolusTime":1702911594496,"time":"2023-12-18T16:39:50.881Z"}},{"iob":0.16,"basaliob":0.03,"bolussnooze":0,"activity":0.0033,"lastBolusTime":1702911594496,"time":"2023-12-18T16:44:50.881Z","iobWithZeroTemp":{"iob":0.073,"basaliob":-0.057,"bolussnooze":0,"activity":0.0026,"lastBolusTime":1702911594496,"time":"2023-12-18T16:44:50.881Z"}},{"iob":0.144,"basaliob":0.027,"bolussnooze":0,"activity":0.003,"lastBolusTime":1702911594496,"time":"2023-12-18T16:49:50.881Z","iobWithZeroTemp":{"iob":0.052,"basaliob":-0.065,"bolussnooze":0,"activity":0.0022,"lastBolusTime":1702911594496,"time":"2023-12-18T16:49:50.881Z"}},{"iob":0.129,"basaliob":0.024,"bolussnooze":0,"activity":0.0028,"lastBolusTime":1702911594496,"time":"2023-12-18T16:54:50.881Z","iobWithZeroTemp":{"iob":0.033,"basaliob":-0.072,"bolussnooze":0,"activity":0.0019,"lastBolusTime":1702911594496,"time":"2023-12-18T16:54:50.881Z"}},{"iob":0.116,"basaliob":0.021,"bolussnooze":0,"activity":0.0025,"lastBolusTime":1702911594496,"time":"2023-12-18T16:59:50.881Z","iobWithZeroTemp":{"iob":0.016,"basaliob":-0.079,"bolussnooze":0,"activity":0.0016,"lastBolusTime":1702911594496,"time":"2023-12-18T16:59:50.881Z"}},{"iob":0.103,"basaliob":0.018,"bolussnooze":0,"activity":0.0023,"lastBolusTime":1702911594496,"time":"2023-12-18T17:04:50.881Z","iobWithZeroTemp":{"iob":-0.001,"basaliob":-0.086,"bolussnooze":0,"activity":0.0013,"lastBolusTime":1702911594496,"time":"2023-12-18T17:04:50.881Z"}},{"iob":0.092,"basaliob":0.016,"bolussnooze":0,"activity":0.0021,"lastBolusTime":1702911594496,"time":"2023-12-18T17:09:50.881Z","iobWithZeroTemp":{"iob":-0.015,"basaliob":-0.091,"bolussnooze":0,"activity":0.0011,"lastBolusTime":1702911594496,"time":"2023-12-18T17:09:50.881Z"}},{"iob":0.083,"basaliob":0.014,"bolussnooze":0,"activity":0.0019,"lastBolusTime":1702911594496,"time":"2023-12-18T17:14:50.881Z","iobWithZeroTemp":{"iob":-0.027,"basaliob":-0.096,"bolussnooze":0,"activity":8.0E-4,"lastBolusTime":1702911594496,"time":"2023-12-18T17:14:50.881Z"}},{"iob":0.073,"basaliob":0.012,"bolussnooze":0,"activity":0.0017,"lastBolusTime":1702911594496,"time":"2023-12-18T17:19:50.881Z","iobWithZeroTemp":{"iob":-0.04,"basaliob":-0.101,"bolussnooze":0,"activity":6.0E-4,"lastBolusTime":1702911594496,"time":"2023-12-18T17:19:50.881Z"}},{"iob":0.066,"basaliob":0.011,"bolussnooze":0,"activity":0.0016,"lastBolusTime":1702911594496,"time":"2023-12-18T17:24:50.881Z","iobWithZeroTemp":{"iob":-0.05,"basaliob":-0.105,"bolussnooze":0,"activity":4.0E-4,"lastBolusTime":1702911594496,"time":"2023-12-18T17:24:50.881Z"}},{"iob":0.058,"basaliob":0.009,"bolussnooze":0,"activity":0.0014,"lastBolusTime":1702911594496,"time":"2023-12-18T17:29:50.881Z","iobWithZeroTemp":{"iob":-0.06,"basaliob":-0.109,"bolussnooze":0,"activity":2.0E-4,"lastBolusTime":1702911594496,"time":"2023-12-18T17:29:50.881Z"}},{"iob":0.051,"basaliob":0.008,"bolussnooze":0,"activity":0.0012,"lastBolusTime":1702911594496,"time":"2023-12-18T17:34:50.881Z","iobWithZeroTemp":{"iob":-0.069,"basaliob":-0.112,"bolussnooze":0,"activity":0,"lastBolusTime":1702911594496,"time":"2023-12-18T17:34:50.881Z"}},{"iob":0.045,"basaliob":0.007,"bolussnooze":0,"activity":0.0011,"lastBolusTime":1702911594496,"time":"2023-12-18T17:39:50.881Z","iobWithZeroTemp":{"iob":-0.077,"basaliob":-0.115,"bolussnooze":0,"activity":-2.0E-4,"lastBolusTime":1702911594496,"time":"2023-12-18T17:39:50.881Z"}},{"iob":0.04,"basaliob":0.006,"bolussnooze":0,"activity":0.001,"lastBolusTime":1702911594496,"time":"2023-12-18T17:44:50.881Z","iobWithZeroTemp":{"iob":-0.084,"basaliob":-0.118,"bolussnooze":0,"activity":-3.0E-4,"lastBolusTime":1702911594496,"time":"2023-12-18T17:44:50.881Z"}},{"iob":0.035,"basaliob":0.005,"bolussnooze":0,"activity":0.001,"lastBolusTime":1702911594496,"time":"2023-12-18T17:49:50.881Z","iobWithZeroTemp":{"iob":-0.091,"basaliob":-0.121,"bolussnooze":0,"activity":-3.0E-4,"lastBolusTime":1702911594496,"time":"2023-12-18T17:49:50.881Z"}},{"iob":0.031,"basaliob":0.004,"bolussnooze":0,"activity":8.0E-4,"lastBolusTime":1702911594496,"time":"2023-12-18T17:54:50.881Z","iobWithZeroTemp":{"iob":-0.096,"basaliob":-0.123,"bolussnooze":0,"activity":-6.0E-4,"lastBolusTime":1702911594496,"time":"2023-12-18T17:54:50.881Z"}},{"iob":0.027,"basaliob":0.004,"bolussnooze":0,"activity":7.0E-4,"lastBolusTime":1702911594496,"time":"2023-12-18T17:59:50.881Z","iobWithZeroTemp":{"iob":-0.102,"basaliob":-0.125,"bolussnooze":0,"activity":-7.0E-4,"lastBolusTime":1702911594496,"time":"2023-12-18T17:59:50.881Z"}},{"iob":0.023,"basaliob":0.003,"bolussnooze":0,"activity":6.0E-4,"lastBolusTime":1702911594496,"time":"2023-12-18T18:04:50.881Z","iobWithZeroTemp":{"iob":-0.107,"basaliob":-0.127,"bolussnooze":0,"activity":-8.0E-4,"lastBolusTime":1702911594496,"time":"2023-12-18T18:04:50.881Z"}},{"iob":0.02,"basaliob":0.002,"bolussnooze":0,"activity":6.0E-4,"lastBolusTime":1702911594496,"time":"2023-12-18T18:09:50.881Z","iobWithZeroTemp":{"iob":-0.111,"basaliob":-0.129,"bolussnooze":0,"activity":-9.0E-4,"lastBolusTime":1702911594496,"time":"2023-12-18T18:09:50.881Z"}},{"iob":0.018,"basaliob":0.002,"bolussnooze":0,"activity":5.0E-4,"lastBolusTime":1702911594496,"time":"2023-12-18T18:14:50.881Z","iobWithZeroTemp":{"iob":-0.114,"basaliob":-0.13,"bolussnooze":0,"activity":-0.001,"lastBolusTime":1702911594496,"time":"2023-12-18T18:14:50.881Z"}},{"iob":0.016,"basaliob":0.002,"bolussnooze":0,"activity":5.0E-4,"lastBolusTime":1702911594496,"time":"2023-12-18T18:19:50.881Z","iobWithZeroTemp":{"iob":-0.117,"basaliob":-0.131,"bolussnooze":0,"activity":-0.001,"lastBolusTime":1702911594496,"time":"2023-12-18T18:19:50.881Z"}},{"iob":0.013,"basaliob":0.001,"bolussnooze":0,"activity":4.0E-4,"lastBolusTime":1702911594496,"time":"2023-12-18T18:24:50.881Z","iobWithZeroTemp":{"iob":-0.121,"basaliob":-0.133,"bolussnooze":0,"activity":-0.0011,"lastBolusTime":1702911594496,"time":"2023-12-18T18:24:50.881Z"}},{"iob":0.011,"basaliob":0.001,"bolussnooze":0,"activity":4.0E-4,"lastBolusTime":1702911594496,"time":"2023-12-18T18:29:50.881Z","iobWithZeroTemp":{"iob":-0.124,"basaliob":-0.134,"bolussnooze":0,"activity":-0.0011,"lastBolusTime":1702911594496,"time":"2023-12-18T18:29:50.881Z"}},{"iob":0.01,"basaliob":0.001,"bolussnooze":0,"activity":3.0E-4,"lastBolusTime":1702911594496,"time":"2023-12-18T18:34:50.881Z","iobWithZeroTemp":{"iob":-0.125,"basaliob":-0.134,"bolussnooze":0,"activity":-0.0012,"lastBolusTime":1702911594496,"time":"2023-12-18T18:34:50.881Z"}},{"iob":0.008,"basaliob":0,"bolussnooze":0,"activity":2.0E-4,"lastBolusTime":1702911594496,"time":"2023-12-18T18:39:50.881Z","iobWithZeroTemp":{"iob":-0.128,"basaliob":-0.136,"bolussnooze":0,"activity":-0.0014,"lastBolusTime":1702911594496,"time":"2023-12-18T18:39:50.881Z"}},{"iob":0.006,"basaliob":0,"bolussnooze":0,"activity":2.0E-4,"lastBolusTime":1702911594496,"time":"2023-12-18T18:44:50.881Z","iobWithZeroTemp":{"iob":-0.13,"basaliob":-0.136,"bolussnooze":0,"activity":-0.0014,"lastBolusTime":1702911594496,"time":"2023-12-18T18:44:50.881Z"}},{"iob":0.006,"basaliob":0,"bolussnooze":0,"activity":2.0E-4,"lastBolusTime":1702911594496,"time":"2023-12-18T18:49:50.881Z","iobWithZeroTemp":{"iob":-0.131,"basaliob":-0.137,"bolussnooze":0,"activity":-0.0014,"lastBolusTime":1702911594496,"time":"2023-12-18T18:49:50.881Z"}},{"iob":0.005,"basaliob":0,"bolussnooze":0,"activity":2.0E-4,"lastBolusTime":1702911594496,"time":"2023-12-18T18:54:50.881Z","iobWithZeroTemp":{"iob":-0.132,"basaliob":-0.137,"bolussnooze":0,"activity":-0.0014,"lastBolusTime":1702911594496,"time":"2023-12-18T18:54:50.881Z"}},{"iob":0.004,"basaliob":0,"bolussnooze":0,"activity":1.0E-4,"lastBolusTime":1702911594496,"time":"2023-12-18T18:59:50.881Z","iobWithZeroTemp":{"iob":-0.134,"basaliob":-0.138,"bolussnooze":0,"activity":-0.0015,"lastBolusTime":1702911594496,"time":"2023-12-18T18:59:50.881Z"}},{"iob":0.003,"basaliob":0,"bolussnooze":0,"activity":1.0E-4,"lastBolusTime":1702911594496,"time":"2023-12-18T19:04:50.881Z","iobWithZeroTemp":{"iob":-0.156,"basaliob":-0.159,"bolussnooze":0,"activity":-0.0015,"lastBolusTime":1702911594496,"time":"2023-12-18T19:04:50.881Z"}},{"iob":0.003,"basaliob":0,"bolussnooze":0,"activity":1.0E-4,"lastBolusTime":1702911594496,"time":"2023-12-18T19:09:50.881Z","iobWithZeroTemp":{"iob":-0.176,"basaliob":-0.179,"bolussnooze":0,"activity":-0.0016,"lastBolusTime":1702911594496,"time":"2023-12-18T19:09:50.881Z"}},{"iob":0.002,"basaliob":0,"bolussnooze":0,"activity":1.0E-4,"lastBolusTime":1702911594496,"time":"2023-12-18T19:14:50.881Z","iobWithZeroTemp":{"iob":-0.198,"basaliob":-0.2,"bolussnooze":0,"activity":-0.0017,"lastBolusTime":1702911594496,"time":"2023-12-18T19:14:50.881Z"}},{"iob":0.002,"basaliob":0,"bolussnooze":0,"activity":1.0E-4,"lastBolusTime":1702911594496,"time":"2023-12-18T19:19:50.881Z","iobWithZeroTemp":{"iob":-0.218,"basaliob":-0.22,"bolussnooze":0,"activity":-0.0018,"lastBolusTime":1702911594496,"time":"2023-12-18T19:19:50.881Z"}},{"iob":0.002,"basaliob":0,"bolussnooze":0,"activity":1.0E-4,"lastBolusTime":1702911594496,"time":"2023-12-18T19:24:50.881Z","iobWithZeroTemp":{"iob":-0.237,"basaliob":-0.239,"bolussnooze":0,"activity":-0.002,"lastBolusTime":1702911594496,"time":"2023-12-18T19:24:50.881Z"}},{"iob":0.001,"basaliob":0,"bolussnooze":0,"activity":1.0E-4,"lastBolusTime":1702911594496,"time":"2023-12-18T19:29:50.881Z","iobWithZeroTemp":{"iob":-0.256,"basaliob":-0.257,"bolussnooze":0,"activity":-0.0022,"lastBolusTime":1702911594496,"time":"2023-12-18T19:29:50.881Z"}},{"iob":0.001,"basaliob":0,"bolussnooze":0,"activity":0,"lastBolusTime":1702911594496,"time":"2023-12-18T19:34:50.881Z","iobWithZeroTemp":{"iob":-0.273,"basaliob":-0.274,"bolussnooze":0,"activity":-0.0024,"lastBolusTime":1702911594496,"time":"2023-12-18T19:34:50.881Z"}}],"profile":{"max_iob":10,"type":"current","max_daily_basal":0.4,"max_basal":0.4,"min_bg":90,"max_bg":90,"target_bg":90,"carb_ratio":8.8,"sens":120,"max_daily_safety_multiplier":3,"current_basal_safety_multiplier":4,"lgsThreshold":95,"high_temptarget_raises_sensitivity":true,"low_temptarget_lowers_sensitivity":true,"sensitivity_raises_target":true,"resistance_lowers_target":true,"adv_target_adjustments":false,"exercise_mode":false,"half_basal_exercise_target":160,"maxCOB":120,"skip_neutral_temps":false,"remainingCarbsCap":90,"enableUAM":true,"A52_risk_enable":false,"SMBInterval":5,"enableSMB_with_COB":true,"enableSMB_with_temptarget":true,"allowSMB_with_high_temptarget":false,"enableSMB_always":false,"enableSMB_after_carbs":true,"maxSMBBasalMinutes":30,"maxUAMSMBBasalMinutes":40,"bolus_increment":0.05,"carbsReqThreshold":4,"current_basal":0.1,"temptargetSet":true,"autosens_max":1.3,"autosens_min":0.7,"variable_sens":95.5,"insulinDivisor":75,"TDD":17.746658333333333},"autosens_data":{"ratio":0.9348195417063767},"meal_data":{"carbs":20,"mealCOB":0,"slopeFromMaxDeviation":-0.786,"slopeFromMinDeviation":0,"lastBolusTime":1702911594496,"lastCarbTime":1702897673283},"microBolusAllowed":true,"currentTime":1702913993045,"flatBGsDetected":false,"tdd1D":16.272499999999997,"tdd7D":20.110833333333336,"tddLast24H":18.799999999999994,"tddLast4H":2.5875000000000004,"tddLast8to4H":3.2875},"output":{"temp":"absolute","bg":142,"tick":-6,"eventualBG":84,"targetBG":90,"insulinReq":0,"deliverAt":"2023-12-18T15:39:53.045Z","sensitivityRatio":1.2,"variable_sens":95.5,"predBGs":{"IOB":[142,136,131,126,121,117,113,109,105,102,99,96,94,91,89,87,85,84,82,81,79,78,77,76,75,74,74,73,72,72,71,71,71,70,70,70,69,69,69,69,69,69,69,68],"ZT":[142,138,133,129,125,122,118,115,112,110,107,105,103,101,100,98,97,96,95,95,94,94,93,93,93,93,94,94,94,95,95,96,96,97,98,98,99,100,101,102,102]},"reason":"COB: 0, Dev: -5, BGI: -4, ISF: 96, CR: 8.8, Target: 90, minPredBG 81, minGuardBG 68, IOBpredBG 68; minGuardBG 68<95","COB":0,"IOB":0.553,"duration":120,"rate":0,"timestamp":"2023-12-18T15:39:53.077Z"}}