{"algorithm":"OpenAPSSMBDynamicISFPlugin","input":{"glucoseStatus":{"glucose":133,"noise":0,"delta":-8,"short_avgdelta":-8,"long_avgdelta":-5.99,"date":1703010565000},"currenttemp":{"temp":"absolute","duration":105,"rate":0,"minutesrunning":15},"iob_data":[{"iob":3.068,"basaliob":-0.14,"bolussnooze":1.8295,"activity":0.0319,"lastBolusTime":1703009869497,"time":"2023-12-19T18:29:56.117Z","iobWithZeroTemp":{"iob":3.068,"basaliob":-0.14,"bolussnooze":1.8295,"activity":0.0319,"lastBolusTime":1703009869497,"time":"2023-12-19T18:29:56.117Z"}},{"iob":2.906,"basaliob":-0.132,"bolussnooze":1.6185,"activity":0.0326,"lastBolusTime":1703009869497,"time":"2023-12-19T18:34:56.117Z","iobWithZeroTemp":{"iob":2.899,"basaliob":-0.139,"bolussnooze":1.6185,"activity":0.0326,"lastBolusTime":1703009869497,"time":"2023-12-19T18:34:56.117Z"}},{"iob":2.742,"basaliob":-0.124,"bolussnooze":1.4143,"activity":0.0328,"lastBolusTime":1703009869497,"time":"2023-12-19T18:39:56.117Z","iobWithZeroTemp":{"iob":2.727,"basaliob":-0.139,"bolussnooze":1.4143,"activity":0.0328,"lastBolusTime":1703009869497,"time":"2023-12-19T18:39:56.117Z"}},{"iob":2.579,"basaliob":-0.116,"bolussnooze":1.2229,"activity":0.0325,"lastBolusTime":1703009869497,"time":"2023-12-19T18:44:56.117Z","iobWithZeroTemp":{"iob":2.556,"basaliob":-0.139,"bolussnooze":1.2229,"activity":0.0324,"lastBolusTime":1703009869497,"time":"2023-12-19T18:44:56.117Z"}},{"iob":2.418,"basaliob":-0.108,"bolussnooze":1.0478,"activity":0.032,"lastBolusTime":1703009869497,"time":"2023-12-19T18:49:56.117Z","iobWithZeroTemp":{"iob":2.387,"basaliob":-0.139,"bolussnooze":1.0478,"activity":0.0319,"lastBolusTime":1703009869497,"time":"2023-12-19T18:49:56.117Z"}},{"iob":2.26,"basaliob":-0.1,"bolussnooze":0.8903,"activity":0.0311,"lastBolusTime":1703009869497,"time":"2023-12-19T18:54:56.117Z","iobWithZeroTemp":{"iob":2.222,"basaliob":-0.138,"bolussnooze":0.8903,"activity":0.0309,"lastBolusTime":1703009869497,"time":"2023-12-19T18:54:56.117Z"}},{"iob":2.107,"basaliob":-0.093,"bolussnooze":0.7507,"activity":0.0301,"lastBolusTime":1703009869497,"time":"2023-12-19T18:59:56.117Z","iobWithZeroTemp":{"iob":2.061,"basaliob":-0.139,"bolussnooze":0.7507,"activity":0.0299,"lastBolusTime":1703009869497,"time":"2023-12-19T18:59:56.117Z"}},{"iob":1.959,"basaliob":-0.086,"bolussnooze":0.6287,"activity":0.0289,"lastBolusTime":1703009869497,"time":"2023-12-19T19:04:56.117Z","iobWithZeroTemp":{"iob":1.886,"basaliob":-0.159,"bolussnooze":0.6287,"activity":0.0286,"lastBolusTime":1703009869497,"time":"2023-12-19T19:04:56.117Z"}},{"iob":1.817,"basaliob":-0.08,"bolussnooze":0.5229,"activity":0.0277,"lastBolusTime":1703009869497,"time":"2023-12-19T19:09:56.117Z","iobWithZeroTemp":{"iob":1.717,"basaliob":-0.18,"bolussnooze":0.5229,"activity":0.0272,"lastBolusTime":1703009869497,"time":"2023-12-19T19:09:56.117Z"}},{"iob":1.683,"basaliob":-0.073,"bolussnooze":0.4322,"activity":0.0264,"lastBolusTime":1703009869497,"time":"2023-12-19T19:14:56.117Z","iobWithZeroTemp":{"iob":1.557,"basaliob":-0.199,"bolussnooze":0.4322,"activity":0.0258,"lastBolusTime":1703009869497,"time":"2023-12-19T19:14:56.117Z"}},{"iob":1.555,"basaliob":-0.067,"bolussnooze":0.355,"activity":0.025,"lastBolusTime":1703009869497,"time":"2023-12-19T19:19:56.117Z","iobWithZeroTemp":{"iob":1.404,"basaliob":-0.218,"bolussnooze":0.355,"activity":0.0242,"lastBolusTime":1703009869497,"time":"2023-12-19T19:19:56.117Z"}},{"iob":1.433,"basaliob":-0.062,"bolussnooze":0.2897,"activity":0.0236,"lastBolusTime":1703009869497,"time":"2023-12-19T19:24:56.117Z","iobWithZeroTemp":{"iob":1.258,"basaliob":-0.237,"bolussnooze":0.2897,"activity":0.0226,"lastBolusTime":1703009869497,"time":"2023-12-19T19:24:56.117Z"}},{"iob":1.318,"basaliob":-0.057,"bolussnooze":0.235,"activity":0.0222,"lastBolusTime":1703009869497,"time":"2023-12-19T19:29:56.117Z","iobWithZeroTemp":{"iob":1.119,"basaliob":-0.256,"bolussnooze":0.235,"activity":0.0209,"lastBolusTime":1703009869497,"time":"2023-12-19T19:29:56.117Z"}},{"iob":1.211,"basaliob":-0.052,"bolussnooze":0.1894,"activity":0.0209,"lastBolusTime":1703009869497,"time":"2023-12-19T19:34:56.117Z","iobWithZeroTemp":{"iob":0.99,"basaliob":-0.273,"bolussnooze":0.1894,"activity":0.0194,"lastBolusTime":1703009869497,"time":"2023-12-19T19:34:56.117Z"}},{"iob":1.111,"basaliob":-0.047,"bolussnooze":0.1517,"activity":0.0194,"lastBolusTime":1703009869497,"time":"2023-12-19T19:39:56.117Z","iobWithZeroTemp":{"iob":0.869,"basaliob":-0.289,"bolussnooze":0.1517,"activity":0.0177,"lastBolusTime":1703009869497,"time":"2023-12-19T19:39:56.117Z"}},{"iob":1.016,"basaliob":-0.043,"bolussnooze":0.1207,"activity":0.0182,"lastBolusTime":1703009869497,"time":"2023-12-19T19:44:56.117Z","iobWithZeroTemp":{"iob":0.754,"basaliob":-0.305,"bolussnooze":0.1207,"activity":0.0162,"lastBolusTime":1703009869497,"time":"2023-12-19T19:44:56.117Z"}},{"iob":0.929,"basaliob":-0.039,"bolussnooze":0.0954,"activity":0.017,"lastBolusTime":1703009869497,"time":"2023-12-19T19:49:56.117Z","iobWithZeroTemp":{"iob":0.649,"basaliob":-0.319,"bolussnooze":0.0954,"activity":0.0148,"lastBolusTime":1703009869497,"time":"2023-12-19T19:49:56.117Z"}},{"iob":0.847,"basaliob":-0.036,"bolussnooze":0.0748,"activity":0.0157,"lastBolusTime":1703009869497,"time":"2023-12-19T19:54:56.117Z","iobWithZeroTemp":{"iob":0.549,"basaliob":-0.334,"bolussnooze":0.0748,"activity":0.0133,"lastBolusTime":1703009869497,"time":"2023-12-19T19:54:56.117Z"}},{"iob":0.771,"basaliob":-0.033,"bolussnooze":0.0582,"activity":0.0146,"lastBolusTime":1703009869497,"time":"2023-12-19T19:59:56.117Z","iobWithZeroTemp":{"iob":0.457,"basaliob":-0.347,"bolussnooze":0.0582,"activity":0.0119,"lastBolusTime":1703009869497,"time":"2023-12-19T19:59:56.117Z"}},{"iob":0.701,"basaliob":-0.03,"bolussnooze":0.0448,"activity":0.0134,"lastBolusTime":1703009869497,"time":"2023-12-19T20:04:56.117Z","iobWithZeroTemp":{"iob":0.372,"basaliob":-0.359,"bolussnooze":0.0448,"activity":0.0105,"lastBolusTime":1703009869497,"time":"2023-12-19T20:04:56.117Z"}},{"iob":0.636,"basaliob":-0.027,"bolussnooze":0.0341,"activity":0.0125,"lastBolusTime":1703009869497,"time":"2023-12-19T20:09:56.117Z","iobWithZeroTemp":{"iob":0.293,"basaliob":-0.37,"bolussnooze":0.0341,"activity":0.0094,"lastBolusTime":1703009869497,"time":"2023-12-19T20:09:56.117Z"}},{"iob":0.577,"basaliob":-0.024,"bolussnooze":0.0257,"activity":0.0114,"lastBolusTime":1703009869497,"time":"2023-12-19T20:14:56.117Z","iobWithZeroTemp":{"iob":0.221,"basaliob":-0.38,"bolussnooze":0.0257,"activity":0.0081,"lastBolusTime":1703009869497,"time":"2023-12-19T20:14:56.117Z"}},{"iob":0.522,"basaliob":-0.022,"bolussnooze":0.019,"activity":0.0105,"lastBolusTime":1703009869497,"time":"2023-12-19T20:19:56.117Z","iobWithZeroTemp":{"iob":0.153,"basaliob":-0.391,"bolussnooze":0.019,"activity":0.007,"lastBolusTime":1703009869497,"time":"2023-12-19T20:19:56.117Z"}},{"iob":0.471,"basaliob":-0.02,"bolussnooze":0.0139,"activity":0.0097,"lastBolusTime":1703009869497,"time":"2023-12-19T20:24:56.117Z","iobWithZeroTemp":{"iob":0.091,"basaliob":-0.4,"bolussnooze":0.0139,"activity":0.006,"lastBolusTime":1703009869497,"time":"2023-12-19T20:24:56.117Z"}},{"iob":0.425,"basaliob":-0.018,"bolussnooze":0.01,"activity":0.0088,"lastBolusTime":1703009869497,"time":"2023-12-19T20:29:56.117Z","iobWithZeroTemp":{"iob":0.035,"basaliob":-0.408,"bolussnooze":0.01,"activity":0.005,"lastBolusTime":1703009869497,"time":"2023-12-19T20:29:56.117Z"}},{"iob":0.383,"basaliob":-0.016,"bolussnooze":0.007,"activity":0.0081,"lastBolusTime":1703009869497,"time":"2023-12-19T20:34:56.117Z","iobWithZeroTemp":{"iob":-0.017,"basaliob":-0.416,"bolussnooze":0.007,"activity":0.0041,"lastBolusTime":1703009869497,"time":"2023-12-19T20:34:56.117Z"}},{"iob":0.344,"basaliob":-0.014,"bolussnooze":0.0049,"activity":0.0074,"lastBolusTime":1703009869497,"time":"2023-12-19T20:39:56.117Z","iobWithZeroTemp":{"iob":-0.065,"basaliob":-0.423,"bolussnooze":0.0049,"activity":0.0032,"lastBolusTime":1703009869497,"time":"2023-12-19T20:39:56.117Z"}},{"iob":0.309,"basaliob":-0.013,"bolussnooze":0.0033,"activity":0.0067,"lastBolusTime":1703009869497,"time":"2023-12-19T20:44:56.117Z","iobWithZeroTemp":{"iob":-0.108,"basaliob":-0.43,"bolussnooze":0.0033,"activity":0.0024,"lastBolusTime":1703009869497,"time":"2023-12-19T20:44:56.117Z"}},{"iob":0.277,"basaliob":-0.011,"bolussnooze":0.0021,"activity":0.0061,"lastBolusTime":1703009869497,"time":"2023-12-19T20:49:56.117Z","iobWithZeroTemp":{"iob":-0.147,"basaliob":-0.435,"bolussnooze":0.0021,"activity":0.0017,"lastBolusTime":1703009869497,"time":"2023-12-19T20:49:56.117Z"}},{"iob":0.248,"basaliob":-0.01,"bolussnooze":0.0013,"activity":0.0056,"lastBolusTime":1703009869497,"time":"2023-12-19T20:54:56.117Z","iobWithZeroTemp":{"iob":-0.183,"basaliob":-0.441,"bolussnooze":0.0013,"activity":0.001,"lastBolusTime":1703009869497,"time":"2023-12-19T20:54:56.117Z"}},{"iob":0.221,"basaliob":-0.009,"bolussnooze":7.0E-4,"activity":0.0051,"lastBolusTime":1703009869497,"time":"2023-12-19T20:59:56.117Z","iobWithZeroTemp":{"iob":-0.216,"basaliob":-0.446,"bolussnooze":7.0E-4,"activity":4.0E-4,"lastBolusTime":1703009869497,"time":"2023-12-19T20:59:56.117Z"}},{"iob":0.197,"basaliob":-0.008,"bolussnooze":3.0E-4,"activity":0.0046,"lastBolusTime":1703009869497,"time":"2023-12-19T21:04:56.117Z","iobWithZeroTemp":{"iob":-0.241,"basaliob":-0.446,"bolussnooze":3.0E-4,"activity":-2.0E-4,"lastBolusTime":1703009869497,"time":"2023-12-19T21:04:56.117Z"}},{"iob":0.175,"basaliob":-0.007,"bolussnooze":1.0E-4,"activity":0.0041,"lastBolusTime":1703009869497,"time":"2023-12-19T21:09:56.117Z","iobWithZeroTemp":{"iob":-0.264,"basaliob":-0.446,"bolussnooze":1.0E-4,"activity":-7.0E-4,"lastBolusTime":1703009869497,"time":"2023-12-19T21:09:56.117Z"}},{"iob":0.156,"basaliob":-0.006,"bolussnooze":0,"activity":0.0037,"lastBolusTime":1703009869497,"time":"2023-12-19T21:14:56.117Z","iobWithZeroTemp":{"iob":-0.284,"basaliob":-0.446,"bolussnooze":0,"activity":-0.0012,"lastBolusTime":1703009869497,"time":"2023-12-19T21:14:56.117Z"}},{"iob":0.137,"basaliob":-0.006,"bolussnooze":0,"activity":0.0034,"lastBolusTime":1703009869497,"time":"2023-12-19T21:19:56.117Z","iobWithZeroTemp":{"iob":-0.303,"basaliob":-0.446,"bolussnooze":0,"activity":-0.0016,"lastBolusTime":1703009869497,"time":"2023-12-19T21:19:56.117Z"}},{"iob":0.121,"basaliob":-0.005,"bolussnooze":0,"activity":0.0031,"lastBolusTime":1703009869497,"time":"2023-12-19T21:24:56.117Z","iobWithZeroTemp":{"iob":-0.319,"basaliob":-0.445,"bolussnooze":0,"activity":-0.0019,"lastBolusTime":1703009869497,"time":"2023-12-19T21:24:56.117Z"}},{"iob":0.107,"basaliob":-0.004,"bolussnooze":0,"activity":0.0027,"lastBolusTime":1703009869497,"time":"2023-12-19T21:29:56.117Z","iobWithZeroTemp":{"iob":-0.333,"basaliob":-0.444,"bolussnooze":0,"activity":-0.0024,"lastBolusTime":1703009869497,"time":"2023-12-19T21:29:56.117Z"}},{"iob":0.094,"basaliob":-0.004,"bolussnooze":0,"activity":0.0024,"lastBolusTime":1703009869497,"time":"2023-12-19T21:34:56.117Z","iobWithZeroTemp":{"iob":-0.346,"basaliob":-0.444,"bolussnooze":0,"activity":-0.0027,"lastBolusTime":1703009869497,"time":"2023-12-19T21:34:56.117Z"}},{"iob":0.083,"basaliob":-0.003,"bolussnooze":0,"activity":0.0022,"lastBolusTime":1703009869497,"time":"2023-12-19T21:39:56.117Z","iobWithZeroTemp":{"iob":-0.356,"basaliob":-0.442,"bolussnooze":0,"activity":-0.0029,"lastBolusTime":1703009869497,"time":"2023-12-19T21:39:56.117Z"}},{"iob":0.072,"basaliob":-0.003,"bolussnooze":0,"activity":0.0019,"lastBolusTime":1703009869497,"time":"2023-12-19T21:44:56.117Z","iobWithZeroTemp":{"iob":-0.367,"basaliob":-0.442,"bolussnooze":0,"activity":-0.0032,"lastBolusTime":1703009869497,"time":"2023-12-19T21:44:56.117Z"}},{"iob":0.063,"basaliob":-0.003,"bolussnooze":0,"activity":0.0017,"lastBolusTime":1703009869497,"time":"2023-12-19T21:49:56.117Z","iobWithZeroTemp":{"iob":-0.375,"basaliob":-0.441,"bolussnooze":0,"activity":-0.0034,"lastBolusTime":1703009869497,"time":"2023-12-19T21:49:56.117Z"}},{"iob":0.055,"basaliob":-0.002,"bolussnooze":0,"activity":0.0015,"lastBolusTime":1703009869497,"time":"2023-12-19T21:54:56.117Z","iobWithZeroTemp":{"iob":-0.382,"basaliob":-0.439,"bolussnooze":0,"activity":-0.0037,"lastBolusTime":1703009869497,"time":"2023-12-19T21:54:56.117Z"}},{"iob":0.047,"basaliob":-0.002,"bolussnooze":0,"activity":0.0013,"lastBolusTime":1703009869497,"time":"2023-12-19T21:59:56.117Z","iobWithZeroTemp":{"iob":-0.389,"basaliob":-0.438,"bolussnooze":0,"activity":-0.0039,"lastBolusTime":1703009869497,"time":"2023-12-19T21:59:56.117Z"}},{"iob":0.041,"basaliob":-0.002,"bolussnooze":0,"activity":0.0013,"lastBolusTime":1703009869497,"time":"2023-12-19T22:04:56.117Z","iobWithZeroTemp":{"iob":-0.395,"basaliob":-0.438,"bolussnooze":0,"activity":-0.0039,"lastBolusTime":1703009869497,"time":"2023-12-19T22:04:56.117Z"}},{"iob":0.036,"basaliob":-0.001,"bolussnooze":0,"activity":0.0011,"lastBolusTime":1703009869497,"time":"2023-12-19T22:09:56.117Z","iobWithZeroTemp":{"iob":-0.399,"basaliob":-0.436,"bolussnooze":0,"activity":-0.0041,"lastBolusTime":1703009869497,"time":"2023-12-19T22:09:56.117Z"}},{"iob":0.03,"basaliob":-0.001,"bolussnooze":0,"activity":0.001,"lastBolusTime":1703009869497,"time":"2023-12-19T22:14:56.117Z","iobWithZeroTemp":{"iob":-0.404,"basaliob":-0.435,"bolussnooze":0,"activity":-0.0042,"lastBolusTime":1703009869497,"time":"2023-12-19T22:14:56.117Z"}},{"iob":0.026,"basaliob":-0.001,"bolussnooze":0,"activity":9.0E-4,"lastBolusTime":1703009869497,"time":"2023-12-19T22:19:56.117Z","iobWithZeroTemp":{"iob":-0.407,"basaliob":-0.434,"bolussnooze":0,"activity":-0.0043,"lastBolusTime":1703009869497,"time":"2023-12-19T22:19:56.117Z"}},{"iob":0.022,"basaliob":-0.001,"bolussnooze":0,"activity":8.0E-4,"lastBolusTime":1703009869497,"time":"2023-12-19T22:24:56.117Z","iobWithZeroTemp":{"iob":-0.41,"basaliob":-0.433,"bolussnooze":0,"activity":-0.0044,"lastBolusTime":1703009869497,"time":"2023-12-19T22:24:56.117Z"}}],"profile":{"max_iob":10,"type":"current","max_daily_basal":0.4,"max_basal":0.4,"min_bg":75,"max_bg":75,"target_bg":75,"carb_ratio":8.8,"sens":120,"max_daily_safety_multiplier":3,"current_basal_safety_multiplier":4,"lgsThreshold":95,"high_temptarget_raises_sensitivity":true,"low_temptarget_lowers_sensitivity":true,"sensitivity_raises_target":true,"resistance_lowers_target":true,"adv_target_adjustments":false,"exercise_mode":false,"half_basal_exercise_target":160,"maxCOB":120,"skip_neutral_temps":false,"remainingCarbsCap":90,"enableUAM":true,"A52_risk_enable":false,"SMBInterval":5,"enableSMB_with_COB":true,"enableSMB_with_temptarget":true,"allowSMB_with_high_temptarget":false,"enableSMB_always":false,"enableSMB_after_carbs":true,"maxSMBBasalMinutes":30,"maxUAMSMBBasalMinutes":40,"bolus_increment":0.05,"carbsReqThreshold":4,"current_basal":0.1,"temptargetSet":true,"autosens_max":1.3,"autosens_min":0.7,"variable_sens":82.4,"insulinDivisor":75,"TDD":21.41016071428571},"autosens_data":{"ratio":0.7838854288894909},"meal_data":{"carbs":50,"mealCOB":28.66586666666667,"slopeFromMaxDeviation":-1.7714285714285714,"slopeFromMinDeviation":0,"lastBolusTime":1703009869497,"lastCarbTime":1703009864555},"microBolusAllowed":true,"currentTime":1703010598049,"flatBGsDetected":false,"tdd1D":16.220833333333324,"tdd7D":19.783928571428568,"tddLast24H":15.508333333333335,"tddLast4H":5.35,"tddLast8to4H":3.225},"output":{"temp":"absolute","bg":133,"tick":-8,"eventualBG":141,"targetBG":75,"insulinReq":0,"deliverAt":"2023-12-19T18:29:58.049Z","sensitivityRatio":1.3,"variable_sens":82.4,"predBGs":{"IOB":[133,125,115,104,91,78,62,43,39,39,39,39,39],"ZT":[133,120,106,90,73,53,39,39,39,39,39,39,39,39,39,39,39,39,39,39,39,39,39,39,39,39,39,39,39,39,39,39,39,39,39,39,39,39,39,39,39,39,39,39,39,39,39,39],"COB":[133,126,118,112,106,101,97,94,92,91,92,93,96,100,105,111,118,124,130,136,141,145,149,152,155,157,159,160,160,160,158,157,155,153,151,150,149,148,147,146,145,144,144,143,143,142,142,141],"UAM":[133,123,111,95,79,60,39,39,39,39,39,39,39]},"reason":"COB: 28.7, Dev: 31, BGI: -13, ISF: 82, CR: 8.8, Target: 75, minPredBG -88, minGuardBG -117, IOBpredBG 39, COBpredBG 141, UAMpredBG 39; 6 add'l carbs req w\/in 35m; minGuardBG -117<95","COB":28.66586666666667,"IOB":3.068,"carbsReq":6,"carbsReqWithin":35,"duration":120,"rate":0,"timestamp":"2023-12-19T18:29:58.076Z"}}