{"algorithm":"OpenAPSSMBDynamicISFPlugin","input":{"glucoseStatus":{"glucose":159,"noise":0,"delta":6.83,"short_avgdelta":6.83,"long_avgdelta":13.35,"date":1702923562000},"currenttemp":{"temp":"absolute","duration":10,"rate":0.4,"minutesrunning":20},"iob_data":[{"iob":1.116,"basaliob":0.017,"bolussnooze":0.9506,"activity":0.0029,"lastBolusTime":1702923329991,"time":"2023-12-18T18:19:56.901Z","iobWithZeroTemp":{"iob":1.116,"basaliob":0.017,"bolussnooze":0.9506,"activity":0.0029,"lastBolusTime":1702923329991,"time":"2023-12-18T18:19:56.901Z"}},{"iob":1.096,"basaliob":0.02,"bolussnooze":0.8887,"activity":0.0049,"lastBolusTime":1702923329991,"time":"2023-12-18T18:24:56.901Z","iobWithZeroTemp":{"iob":1.089,"basaliob":0.013,"bolussnooze":0.8887,"activity":0.0049,"lastBolusTime":1702923329991,"time":"2023-12-18T18:24:56.901Z"}},{"iob":1.068,"basaliob":0.023,"bolussnooze":0.8119,"activity":0.0064,"lastBolusTime":1702923329991,"time":"2023-12-18T18:29:56.901Z","iobWithZeroTemp":{"iob":1.053,"basaliob":0.008,"bolussnooze":0.8119,"activity":0.0064,"lastBolusTime":1702923329991,"time":"2023-12-18T18:29:56.901Z"}},{"iob":1.032,"basaliob":0.024,"bolussnooze":0.7287,"activity":0.0075,"lastBolusTime":1702923329991,"time":"2023-12-18T18:34:56.901Z","iobWithZeroTemp":{"iob":1.009,"basaliob":0.001,"bolussnooze":0.7287,"activity":0.0074,"lastBolusTime":1702923329991,"time":"2023-12-18T18:34:56.901Z"}},{"iob":0.993,"basaliob":0.026,"bolussnooze":0.6446,"activity":0.0084,"lastBolusTime":1702923329991,"time":"2023-12-18T18:39:56.901Z","iobWithZeroTemp":{"iob":0.962,"basaliob":-0.005,"bolussnooze":0.6446,"activity":0.0083,"lastBolusTime":1702923329991,"time":"2023-12-18T18:39:56.901Z"}},{"iob":0.949,"basaliob":0.026,"bolussnooze":0.5634,"activity":0.009,"lastBolusTime":1702923329991,"time":"2023-12-18T18:44:56.901Z","iobWithZeroTemp":{"iob":0.911,"basaliob":-0.012,"bolussnooze":0.5634,"activity":0.0088,"lastBolusTime":1702923329991,"time":"2023-12-18T18:44:56.901Z"}},{"iob":0.903,"basaliob":0.026,"bolussnooze":0.4875,"activity":0.0094,"lastBolusTime":1702923329991,"time":"2023-12-18T18:49:56.901Z","iobWithZeroTemp":{"iob":0.857,"basaliob":-0.02,"bolussnooze":0.4875,"activity":0.0092,"lastBolusTime":1702923329991,"time":"2023-12-18T18:49:56.901Z"}},{"iob":0.855,"basaliob":0.026,"bolussnooze":0.4179,"activity":0.0096,"lastBolusTime":1702923329991,"time":"2023-12-18T18:54:56.901Z","iobWithZeroTemp":{"iob":0.802,"basaliob":-0.027,"bolussnooze":0.4179,"activity":0.0093,"lastBolusTime":1702923329991,"time":"2023-12-18T18:54:56.901Z"}},{"iob":0.808,"basaliob":0.026,"bolussnooze":0.3554,"activity":0.0096,"lastBolusTime":1702923329991,"time":"2023-12-18T18:59:56.901Z","iobWithZeroTemp":{"iob":0.749,"basaliob":-0.033,"bolussnooze":0.3554,"activity":0.0092,"lastBolusTime":1702923329991,"time":"2023-12-18T18:59:56.901Z"}},{"iob":0.759,"basaliob":0.025,"bolussnooze":0.3001,"activity":0.0095,"lastBolusTime":1702923329991,"time":"2023-12-18T19:04:56.901Z","iobWithZeroTemp":{"iob":0.673,"basaliob":-0.061,"bolussnooze":0.3001,"activity":0.009,"lastBolusTime":1702923329991,"time":"2023-12-18T19:04:56.901Z"}},{"iob":0.712,"basaliob":0.024,"bolussnooze":0.2516,"activity":0.0094,"lastBolusTime":1702923329991,"time":"2023-12-18T19:09:56.901Z","iobWithZeroTemp":{"iob":0.6,"basaliob":-0.088,"bolussnooze":0.2516,"activity":0.0088,"lastBolusTime":1702923329991,"time":"2023-12-18T19:09:56.901Z"}},{"iob":0.667,"basaliob":0.024,"bolussnooze":0.2095,"activity":0.0091,"lastBolusTime":1702923329991,"time":"2023-12-18T19:14:56.901Z","iobWithZeroTemp":{"iob":0.529,"basaliob":-0.114,"bolussnooze":0.2095,"activity":0.0083,"lastBolusTime":1702923329991,"time":"2023-12-18T19:14:56.901Z"}},{"iob":0.622,"basaliob":0.023,"bolussnooze":0.1734,"activity":0.0088,"lastBolusTime":1702923329991,"time":"2023-12-18T19:19:56.901Z","iobWithZeroTemp":{"iob":0.46,"basaliob":-0.139,"bolussnooze":0.1734,"activity":0.0078,"lastBolusTime":1702923329991,"time":"2023-12-18T19:19:56.901Z"}},{"iob":0.578,"basaliob":0.022,"bolussnooze":0.1426,"activity":0.0085,"lastBolusTime":1702923329991,"time":"2023-12-18T19:24:56.901Z","iobWithZeroTemp":{"iob":0.392,"basaliob":-0.164,"bolussnooze":0.1426,"activity":0.0073,"lastBolusTime":1702923329991,"time":"2023-12-18T19:24:56.901Z"}},{"iob":0.537,"basaliob":0.021,"bolussnooze":0.1165,"activity":0.0081,"lastBolusTime":1702923329991,"time":"2023-12-18T19:29:56.901Z","iobWithZeroTemp":{"iob":0.329,"basaliob":-0.187,"bolussnooze":0.1165,"activity":0.0067,"lastBolusTime":1702923329991,"time":"2023-12-18T19:29:56.901Z"}},{"iob":0.497,"basaliob":0.019,"bolussnooze":0.0946,"activity":0.0077,"lastBolusTime":1702923329991,"time":"2023-12-18T19:34:56.901Z","iobWithZeroTemp":{"iob":0.267,"basaliob":-0.211,"bolussnooze":0.0946,"activity":0.0061,"lastBolusTime":1702923329991,"time":"2023-12-18T19:34:56.901Z"}},{"iob":0.459,"basaliob":0.018,"bolussnooze":0.0763,"activity":0.0073,"lastBolusTime":1702923329991,"time":"2023-12-18T19:39:56.901Z","iobWithZeroTemp":{"iob":0.209,"basaliob":-0.232,"bolussnooze":0.0763,"activity":0.0054,"lastBolusTime":1702923329991,"time":"2023-12-18T19:39:56.901Z"}},{"iob":0.423,"basaliob":0.017,"bolussnooze":0.0611,"activity":0.0069,"lastBolusTime":1702923329991,"time":"2023-12-18T19:44:56.901Z","iobWithZeroTemp":{"iob":0.154,"basaliob":-0.252,"bolussnooze":0.0611,"activity":0.0048,"lastBolusTime":1702923329991,"time":"2023-12-18T19:44:56.901Z"}},{"iob":0.39,"basaliob":0.016,"bolussnooze":0.0486,"activity":0.0065,"lastBolusTime":1702923329991,"time":"2023-12-18T19:49:56.901Z","iobWithZeroTemp":{"iob":0.103,"basaliob":-0.271,"bolussnooze":0.0486,"activity":0.0042,"lastBolusTime":1702923329991,"time":"2023-12-18T19:49:56.901Z"}},{"iob":0.358,"basaliob":0.015,"bolussnooze":0.0383,"activity":0.0061,"lastBolusTime":1702923329991,"time":"2023-12-18T19:54:56.901Z","iobWithZeroTemp":{"iob":0.054,"basaliob":-0.289,"bolussnooze":0.0383,"activity":0.0035,"lastBolusTime":1702923329991,"time":"2023-12-18T19:54:56.901Z"}},{"iob":0.329,"basaliob":0.014,"bolussnooze":0.0299,"activity":0.0057,"lastBolusTime":1702923329991,"time":"2023-12-18T19:59:56.901Z","iobWithZeroTemp":{"iob":0.009,"basaliob":-0.306,"bolussnooze":0.0299,"activity":0.0029,"lastBolusTime":1702923329991,"time":"2023-12-18T19:59:56.901Z"}},{"iob":0.301,"basaliob":0.013,"bolussnooze":0.0232,"activity":0.0054,"lastBolusTime":1702923329991,"time":"2023-12-18T20:04:56.901Z","iobWithZeroTemp":{"iob":-0.034,"basaliob":-0.322,"bolussnooze":0.0232,"activity":0.0024,"lastBolusTime":1702923329991,"time":"2023-12-18T20:04:56.901Z"}},{"iob":0.275,"basaliob":0.012,"bolussnooze":0.0177,"activity":0.005,"lastBolusTime":1702923329991,"time":"2023-12-18T20:09:56.901Z","iobWithZeroTemp":{"iob":-0.074,"basaliob":-0.337,"bolussnooze":0.0177,"activity":0.0018,"lastBolusTime":1702923329991,"time":"2023-12-18T20:09:56.901Z"}},{"iob":0.251,"basaliob":0.011,"bolussnooze":0.0134,"activity":0.0046,"lastBolusTime":1702923329991,"time":"2023-12-18T20:14:56.901Z","iobWithZeroTemp":{"iob":-0.11,"basaliob":-0.35,"bolussnooze":0.0134,"activity":0.0012,"lastBolusTime":1702923329991,"time":"2023-12-18T20:14:56.901Z"}},{"iob":0.23,"basaliob":0.011,"bolussnooze":0.01,"activity":0.0043,"lastBolusTime":1702923329991,"time":"2023-12-18T20:19:56.901Z","iobWithZeroTemp":{"iob":-0.143,"basaliob":-0.362,"bolussnooze":0.01,"activity":7.0E-4,"lastBolusTime":1702923329991,"time":"2023-12-18T20:19:56.901Z"}},{"iob":0.209,"basaliob":0.01,"bolussnooze":0.0073,"activity":0.004,"lastBolusTime":1702923329991,"time":"2023-12-18T20:24:56.901Z","iobWithZeroTemp":{"iob":-0.175,"basaliob":-0.374,"bolussnooze":0.0073,"activity":3.0E-4,"lastBolusTime":1702923329991,"time":"2023-12-18T20:24:56.901Z"}},{"iob":0.19,"basaliob":0.009,"bolussnooze":0.0052,"activity":0.0036,"lastBolusTime":1702923329991,"time":"2023-12-18T20:29:56.901Z","iobWithZeroTemp":{"iob":-0.204,"basaliob":-0.385,"bolussnooze":0.0052,"activity":-3.0E-4,"lastBolusTime":1702923329991,"time":"2023-12-18T20:29:56.901Z"}},{"iob":0.172,"basaliob":0.008,"bolussnooze":0.0037,"activity":0.0033,"lastBolusTime":1702923329991,"time":"2023-12-18T20:34:56.901Z","iobWithZeroTemp":{"iob":-0.231,"basaliob":-0.395,"bolussnooze":0.0037,"activity":-8.0E-4,"lastBolusTime":1702923329991,"time":"2023-12-18T20:34:56.901Z"}},{"iob":0.156,"basaliob":0.008,"bolussnooze":0.0025,"activity":0.0031,"lastBolusTime":1702923329991,"time":"2023-12-18T20:39:56.901Z","iobWithZeroTemp":{"iob":-0.256,"basaliob":-0.404,"bolussnooze":0.0025,"activity":-0.0011,"lastBolusTime":1702923329991,"time":"2023-12-18T20:39:56.901Z"}},{"iob":0.141,"basaliob":0.007,"bolussnooze":0.0016,"activity":0.0028,"lastBolusTime":1702923329991,"time":"2023-12-18T20:44:56.901Z","iobWithZeroTemp":{"iob":-0.278,"basaliob":-0.412,"bolussnooze":0.0016,"activity":-0.0015,"lastBolusTime":1702923329991,"time":"2023-12-18T20:44:56.901Z"}},{"iob":0.127,"basaliob":0.006,"bolussnooze":0.001,"activity":0.0026,"lastBolusTime":1702923329991,"time":"2023-12-18T20:49:56.901Z","iobWithZeroTemp":{"iob":-0.299,"basaliob":-0.42,"bolussnooze":0.001,"activity":-0.0019,"lastBolusTime":1702923329991,"time":"2023-12-18T20:49:56.901Z"}},{"iob":0.115,"basaliob":0.006,"bolussnooze":5.0E-4,"activity":0.0024,"lastBolusTime":1702923329991,"time":"2023-12-18T20:54:56.901Z","iobWithZeroTemp":{"iob":-0.318,"basaliob":-0.427,"bolussnooze":5.0E-4,"activity":-0.0022,"lastBolusTime":1702923329991,"time":"2023-12-18T20:54:56.901Z"}},{"iob":0.103,"basaliob":0.005,"bolussnooze":3.0E-4,"activity":0.0022,"lastBolusTime":1702923329991,"time":"2023-12-18T20:59:56.901Z","iobWithZeroTemp":{"iob":-0.336,"basaliob":-0.434,"bolussnooze":3.0E-4,"activity":-0.0025,"lastBolusTime":1702923329991,"time":"2023-12-18T20:59:56.901Z"}},{"iob":0.093,"basaliob":0.005,"bolussnooze":1.0E-4,"activity":0.002,"lastBolusTime":1702923329991,"time":"2023-12-18T21:04:56.901Z","iobWithZeroTemp":{"iob":-0.347,"basaliob":-0.435,"bolussnooze":1.0E-4,"activity":-0.0028,"lastBolusTime":1702923329991,"time":"2023-12-18T21:04:56.901Z"}},{"iob":0.083,"basaliob":0.004,"bolussnooze":0,"activity":0.0018,"lastBolusTime":1702923329991,"time":"2023-12-18T21:09:56.901Z","iobWithZeroTemp":{"iob":-0.358,"basaliob":-0.437,"bolussnooze":0,"activity":-0.0031,"lastBolusTime":1702923329991,"time":"2023-12-18T21:09:56.901Z"}},{"iob":0.075,"basaliob":0.004,"bolussnooze":0,"activity":0.0017,"lastBolusTime":1702923329991,"time":"2023-12-18T21:14:56.901Z","iobWithZeroTemp":{"iob":-0.366,"basaliob":-0.437,"bolussnooze":0,"activity":-0.0032,"lastBolusTime":1702923329991,"time":"2023-12-18T21:14:56.901Z"}},{"iob":0.067,"basaliob":0.004,"bolussnooze":0,"activity":0.0015,"lastBolusTime":1702923329991,"time":"2023-12-18T21:19:56.901Z","iobWithZeroTemp":{"iob":-0.374,"basaliob":-0.437,"bolussnooze":0,"activity":-0.0035,"lastBolusTime":1702923329991,"time":"2023-12-18T21:19:56.901Z"}},{"iob":0.059,"basaliob":0.003,"bolussnooze":0,"activity":0.0014,"lastBolusTime":1702923329991,"time":"2023-12-18T21:24:56.901Z","iobWithZeroTemp":{"iob":-0.382,"basaliob":-0.438,"bolussnooze":0,"activity":-0.0036,"lastBolusTime":1702923329991,"time":"2023-12-18T21:24:56.901Z"}},{"iob":0.053,"basaliob":0.003,"bolussnooze":0,"activity":0.0013,"lastBolusTime":1702923329991,"time":"2023-12-18T21:29:56.901Z","iobWithZeroTemp":{"iob":-0.388,"basaliob":-0.438,"bolussnooze":0,"activity":-0.0038,"lastBolusTime":1702923329991,"time":"2023-12-18T21:29:56.901Z"}},{"iob":0.047,"basaliob":0.003,"bolussnooze":0,"activity":0.0012,"lastBolusTime":1702923329991,"time":"2023-12-18T21:34:56.901Z","iobWithZeroTemp":{"iob":-0.394,"basaliob":-0.438,"bolussnooze":0,"activity":-0.0039,"lastBolusTime":1702923329991,"time":"2023-12-18T21:34:56.901Z"}},{"iob":0.041,"basaliob":0.002,"bolussnooze":0,"activity":0.0011,"lastBolusTime":1702923329991,"time":"2023-12-18T21:39:56.901Z","iobWithZeroTemp":{"iob":-0.399,"basaliob":-0.438,"bolussnooze":0,"activity":-0.004,"lastBolusTime":1702923329991,"time":"2023-12-18T21:39:56.901Z"}},{"iob":0.037,"basaliob":0.002,"bolussnooze":0,"activity":9.0E-4,"lastBolusTime":1702923329991,"time":"2023-12-18T21:44:56.901Z","iobWithZeroTemp":{"iob":-0.402,"basaliob":-0.437,"bolussnooze":0,"activity":-0.0043,"lastBolusTime":1702923329991,"time":"2023-12-18T21:44:56.901Z"}},{"iob":0.033,"basaliob":0.002,"bolussnooze":0,"activity":8.0E-4,"lastBolusTime":1702923329991,"time":"2023-12-18T21:49:56.901Z","iobWithZeroTemp":{"iob":-0.405,"basaliob":-0.436,"bolussnooze":0,"activity":-0.0044,"lastBolusTime":1702923329991,"time":"2023-12-18T21:49:56.901Z"}},{"iob":0.029,"basaliob":0.002,"bolussnooze":0,"activity":7.0E-4,"lastBolusTime":1702923329991,"time":"2023-12-18T21:54:56.901Z","iobWithZeroTemp":{"iob":-0.409,"basaliob":-0.436,"bolussnooze":0,"activity":-0.0045,"lastBolusTime":1702923329991,"time":"2023-12-18T21:54:56.901Z"}},{"iob":0.026,"basaliob":0.002,"bolussnooze":0,"activity":6.0E-4,"lastBolusTime":1702923329991,"time":"2023-12-18T21:59:56.901Z","iobWithZeroTemp":{"iob":-0.411,"basaliob":-0.435,"bolussnooze":0,"activity":-0.0046,"lastBolusTime":1702923329991,"time":"2023-12-18T21:59:56.901Z"}},{"iob":0.022,"basaliob":0.001,"bolussnooze":0,"activity":6.0E-4,"lastBolusTime":1702923329991,"time":"2023-12-18T22:04:56.901Z","iobWithZeroTemp":{"iob":-0.414,"basaliob":-0.435,"bolussnooze":0,"activity":-0.0046,"lastBolusTime":1702923329991,"time":"2023-12-18T22:04:56.901Z"}},{"iob":0.019,"basaliob":0.001,"bolussnooze":0,"activity":5.0E-4,"lastBolusTime":1702923329991,"time":"2023-12-18T22:09:56.901Z","iobWithZeroTemp":{"iob":-0.416,"basaliob":-0.434,"bolussnooze":0,"activity":-0.0047,"lastBolusTime":1702923329991,"time":"2023-12-18T22:09:56.901Z"}},{"iob":0.017,"basaliob":0.001,"bolussnooze":0,"activity":4.0E-4,"lastBolusTime":1702923329991,"time":"2023-12-18T22:14:56.901Z","iobWithZeroTemp":{"iob":-0.417,"basaliob":-0.433,"bolussnooze":0,"activity":-0.0048,"lastBolusTime":1702923329991,"time":"2023-12-18T22:14:56.901Z"}}],"profile":{"max_iob":10,"type":"current","max_daily_basal":0.4,"max_basal":0.4,"min_bg":75,"max_bg":75,"target_bg":75,"carb_ratio":8.8,"sens":120,"max_daily_safety_multiplier":3,"current_basal_safety_multiplier":4,"lgsThreshold":95,"high_temptarget_raises_sensitivity":true,"low_temptarget_lowers_sensitivity":true,"sensitivity_raises_target":true,"resistance_lowers_target":true,"adv_target_adjustments":false,"exercise_mode":false,"half_basal_exercise_target":160,"maxCOB":120,"skip_neutral_temps":false,"remainingCarbsCap":90,"enableUAM":true,"A52_risk_enable":false,"SMBInterval":5,"enableSMB_with_COB":true,"enableSMB_with_temptarget":true,"allowSMB_with_high_temptarget":false,"enableSMB_always":false,"enableSMB_after_carbs":true,"maxSMBBasalMinutes":30,"maxUAMSMBBasalMinutes":40,"bolus_increment":0.05,"carbsReqThreshold":4,"current_basal":0.1,"temptargetSet":true,"autosens_max":1.3,"autosens_min":0.7,"variable_sens":91.1,"insulinDivisor":75,"TDD":17.371283333333334},"autosens_data":{"ratio":0.8602328761446977},"meal_data":{"carbs":0,"mealCOB":0,"slopeFromMaxDeviation":-3.7939999999999987,"slopeFromMinDeviation":3.1455000000000006,"lastBolusTime":1702923329991,"lastCarbTime":0},"microBolusAllowed":true,"currentTime":1702923598783,"flatBGsDetected":false,"tdd1D":16.272499999999997,"tdd7D":20.110833333333336,"tddLast24H":17.299999999999994,"tddLast4H":1.591666666666667,"tddLast8to4H":4.979166666666667},"output":{"temp":"absolute","bg":159,"tick":"+7","eventualBG":106,"targetBG":75,"insulinReq":0,"deliverAt":"2023-12-18T18:19:58.783Z","sensitivityRatio":1.3,"variable_sens":91.1,"predBGs":{"IOB":[159,165,170,173,175,177,177,176,175,173,170,167,163,159,155,151,147,144,141,137,134,131,129,126,124,121,119,117,115,114,112,111,109,108,107,106,105,104,103,102,102,101,100,100,99,99,99,98],"ZT":[159,158,155,152,149,145,141,136,132,127,122,118,113,109,104,100,97,93,90,88,85,83,82,80,79,79,79,79,79],"UAM":[159,162,161,158,154,150,146,142,137,132,127,122,117,113,108,103,98,94,90,85,81,77,73,69,66,62,59,55,52,49,46,44,41,39]},"reason":"COB: 0, Dev: 49, BGI: -1, ISF: 91, CR: 8.8, Target: 75, minPredBG 79, minGuardBG 18, IOBpredBG 98, UAMpredBG 39; minGuardBG 18<95","COB":0,"IOB":1.116,"duration":120,"rate":0,"timestamp":"2023-12-18T18:19:58.816Z"}}