{"algorithm":"OpenAPSSMBDynamicISFPlugin","input":{"glucoseStatus":{"glucose":171,"noise":0,"delta":-2.89,"short_avgdelta":-2.89,"long_avgdelta":-1.93,"date":1702912461000},"currenttemp":{"temp":"absolute","duration":18,"rate":0,"minutesrunning":12},"iob_data":[{"iob":0.834,"basaliob":0.227,"bolussnooze":0,"activity":0.0119,"lastBolusTime":1702911594496,"time":"2023-12-18T15:17:11.841Z","iobWithZeroTemp":{"iob":0.834,"basaliob":0.227,"bolussnooze":0,"activity":0.0119,"lastBolusTime":1702911594496,"time":"2023-12-18T15:17:11.841Z"}},{"iob":0.776,"basaliob":0.211,"bolussnooze":0,"activity":0.0114,"lastBolusTime":1702911594496,"time":"2023-12-18T15:22:11.841Z","iobWithZeroTemp":{"iob":0.769,"basaliob":0.204,"bolussnooze":0,"activity":0.0114,"lastBolusTime":1702911594496,"time":"2023-12-18T15:22:11.841Z"}},{"iob":0.721,"basaliob":0.196,"bolussnooze":0,"activity":0.0109,"lastBolusTime":1702911594496,"time":"2023-12-18T15:27:11.841Z","iobWithZeroTemp":{"iob":0.706,"basaliob":0.181,"bolussnooze":0,"activity":0.0109,"lastBolusTime":1702911594496,"time":"2023-12-18T15:27:11.841Z"}},{"iob":0.667,"basaliob":0.181,"bolussnooze":0,"activity":0.0104,"lastBolusTime":1702911594496,"time":"2023-12-18T15:32:11.841Z","iobWithZeroTemp":{"iob":0.644,"basaliob":0.158,"bolussnooze":0,"activity":0.0103,"lastBolusTime":1702911594496,"time":"2023-12-18T15:32:11.841Z"}},{"iob":0.616,"basaliob":0.167,"bolussnooze":0,"activity":0.0099,"lastBolusTime":1702911594496,"time":"2023-12-18T15:37:11.841Z","iobWithZeroTemp":{"iob":0.585,"basaliob":0.136,"bolussnooze":0,"activity":0.0098,"lastBolusTime":1702911594496,"time":"2023-12-18T15:37:11.841Z"}},{"iob":0.568,"basaliob":0.154,"bolussnooze":0,"activity":0.0093,"lastBolusTime":1702911594496,"time":"2023-12-18T15:42:11.841Z","iobWithZeroTemp":{"iob":0.53,"basaliob":0.116,"bolussnooze":0,"activity":0.0091,"lastBolusTime":1702911594496,"time":"2023-12-18T15:42:11.841Z"}},{"iob":0.523,"basaliob":0.142,"bolussnooze":0,"activity":0.0088,"lastBolusTime":1702911594496,"time":"2023-12-18T15:47:11.841Z","iobWithZeroTemp":{"iob":0.477,"basaliob":0.096,"bolussnooze":0,"activity":0.0086,"lastBolusTime":1702911594496,"time":"2023-12-18T15:47:11.841Z"}},{"iob":0.48,"basaliob":0.13,"bolussnooze":0,"activity":0.0082,"lastBolusTime":1702911594496,"time":"2023-12-18T15:52:11.841Z","iobWithZeroTemp":{"iob":0.427,"basaliob":0.077,"bolussnooze":0,"activity":0.0079,"lastBolusTime":1702911594496,"time":"2023-12-18T15:52:11.841Z"}},{"iob":0.441,"basaliob":0.12,"bolussnooze":0,"activity":0.0077,"lastBolusTime":1702911594496,"time":"2023-12-18T15:57:11.841Z","iobWithZeroTemp":{"iob":0.382,"basaliob":0.061,"bolussnooze":0,"activity":0.0073,"lastBolusTime":1702911594496,"time":"2023-12-18T15:57:11.841Z"}},{"iob":0.404,"basaliob":0.11,"bolussnooze":0,"activity":0.0072,"lastBolusTime":1702911594496,"time":"2023-12-18T16:02:11.841Z","iobWithZeroTemp":{"iob":0.338,"basaliob":0.044,"bolussnooze":0,"activity":0.0068,"lastBolusTime":1702911594496,"time":"2023-12-18T16:02:11.841Z"}},{"iob":0.368,"basaliob":0.1,"bolussnooze":0,"activity":0.0067,"lastBolusTime":1702911594496,"time":"2023-12-18T16:07:11.841Z","iobWithZeroTemp":{"iob":0.296,"basaliob":0.028,"bolussnooze":0,"activity":0.0062,"lastBolusTime":1702911594496,"time":"2023-12-18T16:07:11.841Z"}},{"iob":0.336,"basaliob":0.091,"bolussnooze":0,"activity":0.0062,"lastBolusTime":1702911594496,"time":"2023-12-18T16:12:11.841Z","iobWithZeroTemp":{"iob":0.259,"basaliob":0.014,"bolussnooze":0,"activity":0.0056,"lastBolusTime":1702911594496,"time":"2023-12-18T16:12:11.841Z"}},{"iob":0.306,"basaliob":0.083,"bolussnooze":0,"activity":0.0058,"lastBolusTime":1702911594496,"time":"2023-12-18T16:17:11.841Z","iobWithZeroTemp":{"iob":0.224,"basaliob":0.001,"bolussnooze":0,"activity":0.0051,"lastBolusTime":1702911594496,"time":"2023-12-18T16:17:11.841Z"}},{"iob":0.279,"basaliob":0.076,"bolussnooze":0,"activity":0.0053,"lastBolusTime":1702911594496,"time":"2023-12-18T16:22:11.841Z","iobWithZeroTemp":{"iob":0.192,"basaliob":-0.011,"bolussnooze":0,"activity":0.0046,"lastBolusTime":1702911594496,"time":"2023-12-18T16:22:11.841Z"}},{"iob":0.253,"basaliob":0.069,"bolussnooze":0,"activity":0.0049,"lastBolusTime":1702911594496,"time":"2023-12-18T16:27:11.841Z","iobWithZeroTemp":{"iob":0.161,"basaliob":-0.023,"bolussnooze":0,"activity":0.0041,"lastBolusTime":1702911594496,"time":"2023-12-18T16:27:11.841Z"}},{"iob":0.229,"basaliob":0.062,"bolussnooze":0,"activity":0.0045,"lastBolusTime":1702911594496,"time":"2023-12-18T16:32:11.841Z","iobWithZeroTemp":{"iob":0.133,"basaliob":-0.034,"bolussnooze":0,"activity":0.0036,"lastBolusTime":1702911594496,"time":"2023-12-18T16:32:11.841Z"}},{"iob":0.207,"basaliob":0.056,"bolussnooze":0,"activity":0.0041,"lastBolusTime":1702911594496,"time":"2023-12-18T16:37:11.841Z","iobWithZeroTemp":{"iob":0.107,"basaliob":-0.044,"bolussnooze":0,"activity":0.0032,"lastBolusTime":1702911594496,"time":"2023-12-18T16:37:11.841Z"}},{"iob":0.188,"basaliob":0.051,"bolussnooze":0,"activity":0.0038,"lastBolusTime":1702911594496,"time":"2023-12-18T16:42:11.841Z","iobWithZeroTemp":{"iob":0.084,"basaliob":-0.053,"bolussnooze":0,"activity":0.0028,"lastBolusTime":1702911594496,"time":"2023-12-18T16:42:11.841Z"}},{"iob":0.17,"basaliob":0.046,"bolussnooze":0,"activity":0.0035,"lastBolusTime":1702911594496,"time":"2023-12-18T16:47:11.841Z","iobWithZeroTemp":{"iob":0.063,"basaliob":-0.061,"bolussnooze":0,"activity":0.0025,"lastBolusTime":1702911594496,"time":"2023-12-18T16:47:11.841Z"}},{"iob":0.153,"basaliob":0.042,"bolussnooze":0,"activity":0.0032,"lastBolusTime":1702911594496,"time":"2023-12-18T16:52:11.841Z","iobWithZeroTemp":{"iob":0.043,"basaliob":-0.068,"bolussnooze":0,"activity":0.0021,"lastBolusTime":1702911594496,"time":"2023-12-18T16:52:11.841Z"}},{"iob":0.137,"basaliob":0.037,"bolussnooze":0,"activity":0.0029,"lastBolusTime":1702911594496,"time":"2023-12-18T16:57:11.841Z","iobWithZeroTemp":{"iob":0.024,"basaliob":-0.076,"bolussnooze":0,"activity":0.0018,"lastBolusTime":1702911594496,"time":"2023-12-18T16:57:11.841Z"}},{"iob":0.124,"basaliob":0.034,"bolussnooze":0,"activity":0.0026,"lastBolusTime":1702911594496,"time":"2023-12-18T17:02:11.841Z","iobWithZeroTemp":{"iob":0.008,"basaliob":-0.082,"bolussnooze":0,"activity":0.0014,"lastBolusTime":1702911594496,"time":"2023-12-18T17:02:11.841Z"}},{"iob":0.111,"basaliob":0.03,"bolussnooze":0,"activity":0.0025,"lastBolusTime":1702911594496,"time":"2023-12-18T17:07:11.841Z","iobWithZeroTemp":{"iob":-0.007,"basaliob":-0.088,"bolussnooze":0,"activity":0.0013,"lastBolusTime":1702911594496,"time":"2023-12-18T17:07:11.841Z"}},{"iob":0.1,"basaliob":0.027,"bolussnooze":0,"activity":0.0022,"lastBolusTime":1702911594496,"time":"2023-12-18T17:12:11.841Z","iobWithZeroTemp":{"iob":-0.02,"basaliob":-0.093,"bolussnooze":0,"activity":0.001,"lastBolusTime":1702911594496,"time":"2023-12-18T17:12:11.841Z"}},{"iob":0.089,"basaliob":0.024,"bolussnooze":0,"activity":0.0021,"lastBolusTime":1702911594496,"time":"2023-12-18T17:17:11.841Z","iobWithZeroTemp":{"iob":-0.033,"basaliob":-0.098,"bolussnooze":0,"activity":8.0E-4,"lastBolusTime":1702911594496,"time":"2023-12-18T17:17:11.841Z"}},{"iob":0.079,"basaliob":0.021,"bolussnooze":0,"activity":0.0018,"lastBolusTime":1702911594496,"time":"2023-12-18T17:22:11.841Z","iobWithZeroTemp":{"iob":-0.045,"basaliob":-0.103,"bolussnooze":0,"activity":5.0E-4,"lastBolusTime":1702911594496,"time":"2023-12-18T17:22:11.841Z"}},{"iob":0.071,"basaliob":0.019,"bolussnooze":0,"activity":0.0017,"lastBolusTime":1702911594496,"time":"2023-12-18T17:27:11.841Z","iobWithZeroTemp":{"iob":-0.055,"basaliob":-0.107,"bolussnooze":0,"activity":4.0E-4,"lastBolusTime":1702911594496,"time":"2023-12-18T17:27:11.841Z"}},{"iob":0.063,"basaliob":0.017,"bolussnooze":0,"activity":0.0015,"lastBolusTime":1702911594496,"time":"2023-12-18T17:32:11.841Z","iobWithZeroTemp":{"iob":-0.064,"basaliob":-0.11,"bolussnooze":0,"activity":1.0E-4,"lastBolusTime":1702911594496,"time":"2023-12-18T17:32:11.841Z"}},{"iob":0.056,"basaliob":0.015,"bolussnooze":0,"activity":0.0014,"lastBolusTime":1702911594496,"time":"2023-12-18T17:37:11.841Z","iobWithZeroTemp":{"iob":-0.073,"basaliob":-0.114,"bolussnooze":0,"activity":0,"lastBolusTime":1702911594496,"time":"2023-12-18T17:37:11.841Z"}},{"iob":0.049,"basaliob":0.013,"bolussnooze":0,"activity":0.0012,"lastBolusTime":1702911594496,"time":"2023-12-18T17:42:11.841Z","iobWithZeroTemp":{"iob":-0.081,"basaliob":-0.117,"bolussnooze":0,"activity":-2.0E-4,"lastBolusTime":1702911594496,"time":"2023-12-18T17:42:11.841Z"}},{"iob":0.044,"basaliob":0.012,"bolussnooze":0,"activity":0.0011,"lastBolusTime":1702911594496,"time":"2023-12-18T17:47:11.841Z","iobWithZeroTemp":{"iob":-0.087,"basaliob":-0.119,"bolussnooze":0,"activity":-4.0E-4,"lastBolusTime":1702911594496,"time":"2023-12-18T17:47:11.841Z"}},{"iob":0.038,"basaliob":0.01,"bolussnooze":0,"activity":0.001,"lastBolusTime":1702911594496,"time":"2023-12-18T17:52:11.841Z","iobWithZeroTemp":{"iob":-0.094,"basaliob":-0.122,"bolussnooze":0,"activity":-5.0E-4,"lastBolusTime":1702911594496,"time":"2023-12-18T17:52:11.841Z"}},{"iob":0.034,"basaliob":0.009,"bolussnooze":0,"activity":8.0E-4,"lastBolusTime":1702911594496,"time":"2023-12-18T17:57:11.841Z","iobWithZeroTemp":{"iob":-0.099,"basaliob":-0.124,"bolussnooze":0,"activity":-7.0E-4,"lastBolusTime":1702911594496,"time":"2023-12-18T17:57:11.841Z"}},{"iob":0.03,"basaliob":0.008,"bolussnooze":0,"activity":8.0E-4,"lastBolusTime":1702911594496,"time":"2023-12-18T18:02:11.841Z","iobWithZeroTemp":{"iob":-0.104,"basaliob":-0.126,"bolussnooze":0,"activity":-7.0E-4,"lastBolusTime":1702911594496,"time":"2023-12-18T18:02:11.841Z"}},{"iob":0.026,"basaliob":0.007,"bolussnooze":0,"activity":7.0E-4,"lastBolusTime":1702911594496,"time":"2023-12-18T18:07:11.841Z","iobWithZeroTemp":{"iob":-0.109,"basaliob":-0.128,"bolussnooze":0,"activity":-8.0E-4,"lastBolusTime":1702911594496,"time":"2023-12-18T18:07:11.841Z"}},{"iob":0.023,"basaliob":0.006,"bolussnooze":0,"activity":7.0E-4,"lastBolusTime":1702911594496,"time":"2023-12-18T18:12:11.841Z","iobWithZeroTemp":{"iob":-0.112,"basaliob":-0.129,"bolussnooze":0,"activity":-8.0E-4,"lastBolusTime":1702911594496,"time":"2023-12-18T18:12:11.841Z"}},{"iob":0.02,"basaliob":0.005,"bolussnooze":0,"activity":6.0E-4,"lastBolusTime":1702911594496,"time":"2023-12-18T18:17:11.841Z","iobWithZeroTemp":{"iob":-0.116,"basaliob":-0.131,"bolussnooze":0,"activity":-0.001,"lastBolusTime":1702911594496,"time":"2023-12-18T18:17:11.841Z"}},{"iob":0.017,"basaliob":0.004,"bolussnooze":0,"activity":5.0E-4,"lastBolusTime":1702911594496,"time":"2023-12-18T18:22:11.841Z","iobWithZeroTemp":{"iob":-0.119,"basaliob":-0.132,"bolussnooze":0,"activity":-0.0011,"lastBolusTime":1702911594496,"time":"2023-12-18T18:22:11.841Z"}},{"iob":0.015,"basaliob":0.004,"bolussnooze":0,"activity":4.0E-4,"lastBolusTime":1702911594496,"time":"2023-12-18T18:27:11.841Z","iobWithZeroTemp":{"iob":-0.122,"basaliob":-0.133,"bolussnooze":0,"activity":-0.0012,"lastBolusTime":1702911594496,"time":"2023-12-18T18:27:11.841Z"}},{"iob":0.013,"basaliob":0.003,"bolussnooze":0,"activity":4.0E-4,"lastBolusTime":1702911594496,"time":"2023-12-18T18:32:11.841Z","iobWithZeroTemp":{"iob":-0.124,"basaliob":-0.134,"bolussnooze":0,"activity":-0.0012,"lastBolusTime":1702911594496,"time":"2023-12-18T18:32:11.841Z"}},{"iob":0.011,"basaliob":0.003,"bolussnooze":0,"activity":4.0E-4,"lastBolusTime":1702911594496,"time":"2023-12-18T18:37:11.841Z","iobWithZeroTemp":{"iob":-0.127,"basaliob":-0.135,"bolussnooze":0,"activity":-0.0012,"lastBolusTime":1702911594496,"time":"2023-12-18T18:37:11.841Z"}},{"iob":0.009,"basaliob":0.002,"bolussnooze":0,"activity":3.0E-4,"lastBolusTime":1702911594496,"time":"2023-12-18T18:42:11.841Z","iobWithZeroTemp":{"iob":-0.129,"basaliob":-0.136,"bolussnooze":0,"activity":-0.0013,"lastBolusTime":1702911594496,"time":"2023-12-18T18:42:11.841Z"}},{"iob":0.008,"basaliob":0.002,"bolussnooze":0,"activity":3.0E-4,"lastBolusTime":1702911594496,"time":"2023-12-18T18:47:11.841Z","iobWithZeroTemp":{"iob":-0.13,"basaliob":-0.136,"bolussnooze":0,"activity":-0.0013,"lastBolusTime":1702911594496,"time":"2023-12-18T18:47:11.841Z"}},{"iob":0.006,"basaliob":0.001,"bolussnooze":0,"activity":3.0E-4,"lastBolusTime":1702911594496,"time":"2023-12-18T18:52:11.841Z","iobWithZeroTemp":{"iob":-0.133,"basaliob":-0.138,"bolussnooze":0,"activity":-0.0013,"lastBolusTime":1702911594496,"time":"2023-12-18T18:52:11.841Z"}},{"iob":0.005,"basaliob":0.001,"bolussnooze":0,"activity":2.0E-4,"lastBolusTime":1702911594496,"time":"2023-12-18T18:57:11.841Z","iobWithZeroTemp":{"iob":-0.134,"basaliob":-0.138,"bolussnooze":0,"activity":-0.0014,"lastBolusTime":1702911594496,"time":"2023-12-18T18:57:11.841Z"}},{"iob":0.005,"basaliob":0.001,"bolussnooze":0,"activity":1.0E-4,"lastBolusTime":1702911594496,"time":"2023-12-18T19:02:11.841Z","iobWithZeroTemp":{"iob":-0.134,"basaliob":-0.138,"bolussnooze":0,"activity":-0.0015,"lastBolusTime":1702911594496,"time":"2023-12-18T19:02:11.841Z"}},{"iob":0.004,"basaliob":0.001,"bolussnooze":0,"activity":1.0E-4,"lastBolusTime":1702911594496,"time":"2023-12-18T19:07:11.841Z","iobWithZeroTemp":{"iob":-0.156,"basaliob":-0.159,"bolussnooze":0,"activity":-0.0016,"lastBolusTime":1702911594496,"time":"2023-12-18T19:07:11.841Z"}},{"iob":0.004,"basaliob":0.001,"bolussnooze":0,"activity":1.0E-4,"lastBolusTime":1702911594496,"time":"2023-12-18T19:12:11.841Z","iobWithZeroTemp":{"iob":-0.177,"basaliob":-0.18,"bolussnooze":0,"activity":-0.0016,"lastBolusTime":1702911594496,"time":"2023-12-18T19:12:11.841Z"}}],"profile":{"max_iob":10,"type":"current","max_daily_basal":0.4,"max_basal":0.4,"min_bg":90,"max_bg":90,"target_bg":90,"carb_ratio":8.8,"sens":120,"max_daily_safety_multiplier":3,"current_basal_safety_multiplier":4,"lgsThreshold":95,"high_temptarget_raises_sensitivity":true,"low_temptarget_lowers_sensitivity":true,"sensitivity_raises_target":true,"resistance_lowers_target":true,"adv_target_adjustments":false,"exercise_mode":false,"half_basal_exercise_target":160,"maxCOB":120,"skip_neutral_temps":false,"remainingCarbsCap":90,"enableUAM":true,"A52_risk_enable":false,"SMBInterval":5,"enableSMB_with_COB":true,"enableSMB_with_temptarget":true,"allowSMB_with_high_temptarget":false,"enableSMB_always":false,"enableSMB_after_carbs":true,"maxSMBBasalMinutes":30,"maxUAMSMBBasalMinutes":40,"bolus_increment":0.05,"carbsReqThreshold":4,"current_basal":0.1,"temptargetSet":true,"autosens_max":1.3,"autosens_min":0.7,"variable_sens":83,"insulinDivisor":75,"TDD":18.249083333333335},"autosens_data":{"ratio":0.9348195417063767},"meal_data":{"carbs":20,"mealCOB":0,"slopeFromMaxDeviation":-0.6171999999999999,"slopeFromMinDeviation":0.2667,"lastBolusTime":1702911594496,"lastCarbTime":1702897673283},"microBolusAllowed":true,"currentTime":1702912632961,"flatBGsDetected":false,"tdd1D":16.272499999999997,"tdd7D":20.110833333333336,"tddLast24H":18.799999999999994,"tddLast4H":2.5875000000000004,"tddLast8to4H":4.133333333333334},"output":{"temp":"absolute","bg":171,"tick":-3,"eventualBG":114,"targetBG":90,"insulinReq":0,"deliverAt":"2023-12-18T15:17:12.961Z","sensitivityRatio":1.2,"variable_sens":83,"predBGs":{"IOB":[171,168,165,162,159,156,153,150,147,144,141,138,135,132,130,127,125,123,121,119,117,116,115,113,112,111,110,109,108,107,107,106,106,105,105,104,104,104,103,103,103,103,102],"ZT":[171,166,161,157,152,148,144,140,136,132,129,126,123,121,118,116,114,113,111,110,109,108,107,106,105,105,105,105,104,104,105,105,105,105,106,106,107,107,108,109,109,110,111,111,112,113,114,114],"UAM":[171,168,164,159,155,150,146,142,138,135,131,128,125,122,119,117,114,112,110,108,107,105,103,102,101,100,98,97,97,96,95,94,94,93,93,92,92,92,91,91,91,90]},"reason":"COB: 0, Dev: 12, BGI: -5, ISF: 83, CR: 8.8, Target: 90, minPredBG 97, minGuardBG 90, IOBpredBG 102, UAMpredBG 90; minGuardBG 90<95","COB":0,"IOB":0.834,"duration":30,"rate":0,"timestamp":"2023-12-18T15:17:12.995Z"}}