{"algorithm":"OpenAPSSMBDynamicISFPlugin","input":{"glucoseStatus":{"glucose":99,"noise":0,"delta":2.22,"short_avgdelta":2.22,"long_avgdelta":0.21,"date":1702892361000},"currenttemp":{"temp":"absolute","duration":25,"rate":0.4,"minutesrunning":5},"iob_data":[{"iob":0.084,"basaliob":-0.245,"bolussnooze":0.004,"activity":0.0038,"lastBolusTime":1702886858822,"time":"2023-12-18T09:39:47.906Z","iobWithZeroTemp":{"iob":0.084,"basaliob":-0.245,"bolussnooze":0.004,"activity":0.0038,"lastBolusTime":1702886858822,"time":"2023-12-18T09:39:47.906Z"}},{"iob":0.066,"basaliob":-0.231,"bolussnooze":0.0028,"activity":0.0032,"lastBolusTime":1702886858822,"time":"2023-12-18T09:44:47.906Z","iobWithZeroTemp":{"iob":0.049,"basaliob":-0.248,"bolussnooze":0.0028,"activity":0.0032,"lastBolusTime":1702886858822,"time":"2023-12-18T09:44:47.906Z"}},{"iob":0.051,"basaliob":-0.217,"bolussnooze":0.0018,"activity":0.0027,"lastBolusTime":1702886858822,"time":"2023-12-18T09:49:47.906Z","iobWithZeroTemp":{"iob":0.014,"basaliob":-0.254,"bolussnooze":0.0018,"activity":0.0026,"lastBolusTime":1702886858822,"time":"2023-12-18T09:49:47.906Z"}},{"iob":0.039,"basaliob":-0.203,"bolussnooze":0.0012,"activity":0.0024,"lastBolusTime":1702886858822,"time":"2023-12-18T09:54:47.906Z","iobWithZeroTemp":{"iob":-0.019,"basaliob":-0.261,"bolussnooze":0.0012,"activity":0.0022,"lastBolusTime":1702886858822,"time":"2023-12-18T09:54:47.906Z"}},{"iob":0.028,"basaliob":-0.19,"bolussnooze":7.0E-4,"activity":0.002,"lastBolusTime":1702886858822,"time":"2023-12-18T09:59:47.906Z","iobWithZeroTemp":{"iob":-0.049,"basaliob":-0.267,"bolussnooze":7.0E-4,"activity":0.0017,"lastBolusTime":1702886858822,"time":"2023-12-18T09:59:47.906Z"}},{"iob":0.019,"basaliob":-0.177,"bolussnooze":4.0E-4,"activity":0.0017,"lastBolusTime":1702886858822,"time":"2023-12-18T10:04:47.906Z","iobWithZeroTemp":{"iob":-0.077,"basaliob":-0.273,"bolussnooze":4.0E-4,"activity":0.0013,"lastBolusTime":1702886858822,"time":"2023-12-18T10:04:47.906Z"}},{"iob":0.01,"basaliob":-0.165,"bolussnooze":2.0E-4,"activity":0.0015,"lastBolusTime":1702886858822,"time":"2023-12-18T10:09:47.906Z","iobWithZeroTemp":{"iob":-0.104,"basaliob":-0.279,"bolussnooze":2.0E-4,"activity":9.0E-4,"lastBolusTime":1702886858822,"time":"2023-12-18T10:09:47.906Z"}},{"iob":0.004,"basaliob":-0.153,"bolussnooze":1.0E-4,"activity":0.0012,"lastBolusTime":1702886858822,"time":"2023-12-18T10:14:47.906Z","iobWithZeroTemp":{"iob":-0.128,"basaliob":-0.285,"bolussnooze":1.0E-4,"activity":4.0E-4,"lastBolusTime":1702886858822,"time":"2023-12-18T10:14:47.906Z"}},{"iob":-0.001,"basaliob":-0.141,"bolussnooze":0,"activity":0.001,"lastBolusTime":1702886858822,"time":"2023-12-18T10:19:47.906Z","iobWithZeroTemp":{"iob":-0.15,"basaliob":-0.29,"bolussnooze":0,"activity":1.0E-4,"lastBolusTime":1702886858822,"time":"2023-12-18T10:19:47.906Z"}},{"iob":-0.005,"basaliob":-0.13,"bolussnooze":0,"activity":8.0E-4,"lastBolusTime":1702886858822,"time":"2023-12-18T10:24:47.906Z","iobWithZeroTemp":{"iob":-0.169,"basaliob":-0.294,"bolussnooze":0,"activity":-3.0E-4,"lastBolusTime":1702886858822,"time":"2023-12-18T10:24:47.906Z"}},{"iob":-0.009,"basaliob":-0.12,"bolussnooze":0,"activity":6.0E-4,"lastBolusTime":1702886858822,"time":"2023-12-18T10:29:47.906Z","iobWithZeroTemp":{"iob":-0.188,"basaliob":-0.299,"bolussnooze":0,"activity":-7.0E-4,"lastBolusTime":1702886858822,"time":"2023-12-18T10:29:47.906Z"}},{"iob":-0.012,"basaliob":-0.111,"bolussnooze":0,"activity":5.0E-4,"lastBolusTime":1702886858822,"time":"2023-12-18T10:34:47.906Z","iobWithZeroTemp":{"iob":-0.205,"basaliob":-0.304,"bolussnooze":0,"activity":-0.001,"lastBolusTime":1702886858822,"time":"2023-12-18T10:34:47.906Z"}},{"iob":-0.013,"basaliob":-0.101,"bolussnooze":0,"activity":4.0E-4,"lastBolusTime":1702886858822,"time":"2023-12-18T10:39:47.906Z","iobWithZeroTemp":{"iob":-0.219,"basaliob":-0.307,"bolussnooze":0,"activity":-0.0012,"lastBolusTime":1702886858822,"time":"2023-12-18T10:39:47.906Z"}},{"iob":-0.015,"basaliob":-0.093,"bolussnooze":0,"activity":3.0E-4,"lastBolusTime":1702886858822,"time":"2023-12-18T10:44:47.906Z","iobWithZeroTemp":{"iob":-0.233,"basaliob":-0.311,"bolussnooze":0,"activity":-0.0015,"lastBolusTime":1702886858822,"time":"2023-12-18T10:44:47.906Z"}},{"iob":-0.016,"basaliob":-0.085,"bolussnooze":0,"activity":2.0E-4,"lastBolusTime":1702886858822,"time":"2023-12-18T10:49:47.906Z","iobWithZeroTemp":{"iob":-0.246,"basaliob":-0.315,"bolussnooze":0,"activity":-0.0018,"lastBolusTime":1702886858822,"time":"2023-12-18T10:49:47.906Z"}},{"iob":-0.018,"basaliob":-0.078,"bolussnooze":0,"activity":2.0E-4,"lastBolusTime":1702886858822,"time":"2023-12-18T10:54:47.906Z","iobWithZeroTemp":{"iob":-0.258,"basaliob":-0.318,"bolussnooze":0,"activity":-0.0019,"lastBolusTime":1702886858822,"time":"2023-12-18T10:54:47.906Z"}},{"iob":-0.018,"basaliob":-0.071,"bolussnooze":0,"activity":1.0E-4,"lastBolusTime":1702886858822,"time":"2023-12-18T10:59:47.906Z","iobWithZeroTemp":{"iob":-0.268,"basaliob":-0.321,"bolussnooze":0,"activity":-0.0022,"lastBolusTime":1702886858822,"time":"2023-12-18T10:59:47.906Z"}},{"iob":-0.018,"basaliob":-0.065,"bolussnooze":0,"activity":0,"lastBolusTime":1702886858822,"time":"2023-12-18T11:04:47.906Z","iobWithZeroTemp":{"iob":-0.281,"basaliob":-0.328,"bolussnooze":0,"activity":-0.0024,"lastBolusTime":1702886858822,"time":"2023-12-18T11:04:47.906Z"}},{"iob":-0.018,"basaliob":-0.059,"bolussnooze":0,"activity":0,"lastBolusTime":1702886858822,"time":"2023-12-18T11:09:47.906Z","iobWithZeroTemp":{"iob":-0.294,"basaliob":-0.335,"bolussnooze":0,"activity":-0.0026,"lastBolusTime":1702886858822,"time":"2023-12-18T11:09:47.906Z"}},{"iob":-0.018,"basaliob":-0.053,"bolussnooze":0,"activity":0,"lastBolusTime":1702886858822,"time":"2023-12-18T11:14:47.906Z","iobWithZeroTemp":{"iob":-0.306,"basaliob":-0.341,"bolussnooze":0,"activity":-0.0027,"lastBolusTime":1702886858822,"time":"2023-12-18T11:14:47.906Z"}},{"iob":-0.017,"basaliob":-0.048,"bolussnooze":0,"activity":-1.0E-4,"lastBolusTime":1702886858822,"time":"2023-12-18T11:19:47.906Z","iobWithZeroTemp":{"iob":-0.316,"basaliob":-0.347,"bolussnooze":0,"activity":-0.003,"lastBolusTime":1702886858822,"time":"2023-12-18T11:19:47.906Z"}},{"iob":-0.017,"basaliob":-0.044,"bolussnooze":0,"activity":-1.0E-4,"lastBolusTime":1702886858822,"time":"2023-12-18T11:24:47.906Z","iobWithZeroTemp":{"iob":-0.326,"basaliob":-0.353,"bolussnooze":0,"activity":-0.0031,"lastBolusTime":1702886858822,"time":"2023-12-18T11:24:47.906Z"}},{"iob":-0.016,"basaliob":-0.039,"bolussnooze":0,"activity":-1.0E-4,"lastBolusTime":1702886858822,"time":"2023-12-18T11:29:47.906Z","iobWithZeroTemp":{"iob":-0.334,"basaliob":-0.357,"bolussnooze":0,"activity":-0.0032,"lastBolusTime":1702886858822,"time":"2023-12-18T11:29:47.906Z"}},{"iob":-0.015,"basaliob":-0.035,"bolussnooze":0,"activity":-1.0E-4,"lastBolusTime":1702886858822,"time":"2023-12-18T11:34:47.906Z","iobWithZeroTemp":{"iob":-0.342,"basaliob":-0.362,"bolussnooze":0,"activity":-0.0034,"lastBolusTime":1702886858822,"time":"2023-12-18T11:34:47.906Z"}},{"iob":-0.015,"basaliob":-0.032,"bolussnooze":0,"activity":-2.0E-4,"lastBolusTime":1702886858822,"time":"2023-12-18T11:39:47.906Z","iobWithZeroTemp":{"iob":-0.351,"basaliob":-0.368,"bolussnooze":0,"activity":-0.0036,"lastBolusTime":1702886858822,"time":"2023-12-18T11:39:47.906Z"}},{"iob":-0.015,"basaliob":-0.029,"bolussnooze":0,"activity":-1.0E-4,"lastBolusTime":1702886858822,"time":"2023-12-18T11:44:47.906Z","iobWithZeroTemp":{"iob":-0.358,"basaliob":-0.372,"bolussnooze":0,"activity":-0.0036,"lastBolusTime":1702886858822,"time":"2023-12-18T11:44:47.906Z"}},{"iob":-0.014,"basaliob":-0.026,"bolussnooze":0,"activity":-2.0E-4,"lastBolusTime":1702886858822,"time":"2023-12-18T11:49:47.906Z","iobWithZeroTemp":{"iob":-0.364,"basaliob":-0.376,"bolussnooze":0,"activity":-0.0038,"lastBolusTime":1702886858822,"time":"2023-12-18T11:49:47.906Z"}},{"iob":-0.013,"basaliob":-0.023,"bolussnooze":0,"activity":-1.0E-4,"lastBolusTime":1702886858822,"time":"2023-12-18T11:54:47.906Z","iobWithZeroTemp":{"iob":-0.37,"basaliob":-0.38,"bolussnooze":0,"activity":-0.0038,"lastBolusTime":1702886858822,"time":"2023-12-18T11:54:47.906Z"}},{"iob":-0.011,"basaliob":-0.02,"bolussnooze":0,"activity":-2.0E-4,"lastBolusTime":1702886858822,"time":"2023-12-18T11:59:47.906Z","iobWithZeroTemp":{"iob":-0.374,"basaliob":-0.383,"bolussnooze":0,"activity":-0.004,"lastBolusTime":1702886858822,"time":"2023-12-18T11:59:47.906Z"}},{"iob":-0.011,"basaliob":-0.018,"bolussnooze":0,"activity":-1.0E-4,"lastBolusTime":1702886858822,"time":"2023-12-18T12:04:47.906Z","iobWithZeroTemp":{"iob":-0.38,"basaliob":-0.387,"bolussnooze":0,"activity":-0.004,"lastBolusTime":1702886858822,"time":"2023-12-18T12:04:47.906Z"}},{"iob":-0.01,"basaliob":-0.016,"bolussnooze":0,"activity":-2.0E-4,"lastBolusTime":1702886858822,"time":"2023-12-18T12:09:47.906Z","iobWithZeroTemp":{"iob":-0.384,"basaliob":-0.39,"bolussnooze":0,"activity":-0.0042,"lastBolusTime":1702886858822,"time":"2023-12-18T12:09:47.906Z"}},{"iob":-0.009,"basaliob":-0.014,"bolussnooze":0,"activity":-1.0E-4,"lastBolusTime":1702886858822,"time":"2023-12-18T12:14:47.906Z","iobWithZeroTemp":{"iob":-0.387,"basaliob":-0.392,"bolussnooze":0,"activity":-0.0042,"lastBolusTime":1702886858822,"time":"2023-12-18T12:14:47.906Z"}},{"iob":-0.009,"basaliob":-0.013,"bolussnooze":0,"activity":-1.0E-4,"lastBolusTime":1702886858822,"time":"2023-12-18T12:19:47.906Z","iobWithZeroTemp":{"iob":-0.392,"basaliob":-0.396,"bolussnooze":0,"activity":-0.0043,"lastBolusTime":1702886858822,"time":"2023-12-18T12:19:47.906Z"}},{"iob":-0.008,"basaliob":-0.011,"bolussnooze":0,"activity":-2.0E-4,"lastBolusTime":1702886858822,"time":"2023-12-18T12:24:47.906Z","iobWithZeroTemp":{"iob":-0.394,"basaliob":-0.397,"bolussnooze":0,"activity":-0.0045,"lastBolusTime":1702886858822,"time":"2023-12-18T12:24:47.906Z"}},{"iob":-0.007,"basaliob":-0.01,"bolussnooze":0,"activity":-2.0E-4,"lastBolusTime":1702886858822,"time":"2023-12-18T12:29:47.906Z","iobWithZeroTemp":{"iob":-0.397,"basaliob":-0.4,"bolussnooze":0,"activity":-0.0045,"lastBolusTime":1702886858822,"time":"2023-12-18T12:29:47.906Z"}},{"iob":-0.007,"basaliob":-0.009,"bolussnooze":0,"activity":-1.0E-4,"lastBolusTime":1702886858822,"time":"2023-12-18T12:34:47.906Z","iobWithZeroTemp":{"iob":-0.4,"basaliob":-0.402,"bolussnooze":0,"activity":-0.0045,"lastBolusTime":1702886858822,"time":"2023-12-18T12:34:47.906Z"}},{"iob":-0.006,"basaliob":-0.008,"bolussnooze":0,"activity":-1.0E-4,"lastBolusTime":1702886858822,"time":"2023-12-18T12:39:47.906Z","iobWithZeroTemp":{"iob":-0.402,"basaliob":-0.404,"bolussnooze":0,"activity":-0.0045,"lastBolusTime":1702886858822,"time":"2023-12-18T12:39:47.906Z"}},{"iob":-0.006,"basaliob":-0.007,"bolussnooze":0,"activity":-1.0E-4,"lastBolusTime":1702886858822,"time":"2023-12-18T12:44:47.906Z","iobWithZeroTemp":{"iob":-0.405,"basaliob":-0.406,"bolussnooze":0,"activity":-0.0046,"lastBolusTime":1702886858822,"time":"2023-12-18T12:44:47.906Z"}},{"iob":-0.005,"basaliob":-0.006,"bolussnooze":0,"activity":-1.0E-4,"lastBolusTime":1702886858822,"time":"2023-12-18T12:49:47.906Z","iobWithZeroTemp":{"iob":-0.406,"basaliob":-0.407,"bolussnooze":0,"activity":-0.0046,"lastBolusTime":1702886858822,"time":"2023-12-18T12:49:47.906Z"}},{"iob":-0.004,"basaliob":-0.005,"bolussnooze":0,"activity":-1.0E-4,"lastBolusTime":1702886858822,"time":"2023-12-18T12:54:47.906Z","iobWithZeroTemp":{"iob":-0.407,"basaliob":-0.408,"bolussnooze":0,"activity":-0.0047,"lastBolusTime":1702886858822,"time":"2023-12-18T12:54:47.906Z"}},{"iob":-0.003,"basaliob":-0.004,"bolussnooze":0,"activity":-1.0E-4,"lastBolusTime":1702886858822,"time":"2023-12-18T12:59:47.906Z","iobWithZeroTemp":{"iob":-0.408,"basaliob":-0.409,"bolussnooze":0,"activity":-0.0047,"lastBolusTime":1702886858822,"time":"2023-12-18T12:59:47.906Z"}},{"iob":-0.003,"basaliob":-0.004,"bolussnooze":0,"activity":-1.0E-4,"lastBolusTime":1702886858822,"time":"2023-12-18T13:04:47.906Z","iobWithZeroTemp":{"iob":-0.41,"basaliob":-0.411,"bolussnooze":0,"activity":-0.0048,"lastBolusTime":1702886858822,"time":"2023-12-18T13:04:47.906Z"}},{"iob":-0.003,"basaliob":-0.003,"bolussnooze":0,"activity":-1.0E-4,"lastBolusTime":1702886858822,"time":"2023-12-18T13:09:47.906Z","iobWithZeroTemp":{"iob":-0.412,"basaliob":-0.412,"bolussnooze":0,"activity":-0.0048,"lastBolusTime":1702886858822,"time":"2023-12-18T13:09:47.906Z"}},{"iob":-0.003,"basaliob":-0.003,"bolussnooze":0,"activity":-1.0E-4,"lastBolusTime":1702886858822,"time":"2023-12-18T13:14:47.906Z","iobWithZeroTemp":{"iob":-0.413,"basaliob":-0.413,"bolussnooze":0,"activity":-0.0048,"lastBolusTime":1702886858822,"time":"2023-12-18T13:14:47.906Z"}},{"iob":-0.002,"basaliob":-0.002,"bolussnooze":0,"activity":-1.0E-4,"lastBolusTime":1702886858822,"time":"2023-12-18T13:19:47.906Z","iobWithZeroTemp":{"iob":-0.413,"basaliob":-0.413,"bolussnooze":0,"activity":-0.0049,"lastBolusTime":1702886858822,"time":"2023-12-18T13:19:47.906Z"}},{"iob":-0.002,"basaliob":-0.002,"bolussnooze":0,"activity":-1.0E-4,"lastBolusTime":1702886858822,"time":"2023-12-18T13:24:47.906Z","iobWithZeroTemp":{"iob":-0.414,"basaliob":-0.414,"bolussnooze":0,"activity":-0.0049,"lastBolusTime":1702886858822,"time":"2023-12-18T13:24:47.906Z"}},{"iob":-0.002,"basaliob":-0.002,"bolussnooze":0,"activity":-1.0E-4,"lastBolusTime":1702886858822,"time":"2023-12-18T13:29:47.906Z","iobWithZeroTemp":{"iob":-0.415,"basaliob":-0.415,"bolussnooze":0,"activity":-0.0049,"lastBolusTime":1702886858822,"time":"2023-12-18T13:29:47.906Z"}},{"iob":-0.001,"basaliob":-0.001,"bolussnooze":0,"activity":0,"lastBolusTime":1702886858822,"time":"2023-12-18T13:34:47.906Z","iobWithZeroTemp":{"iob":-0.415,"basaliob":-0.415,"bolussnooze":0,"activity":-0.0048,"lastBolusTime":1702886858822,"time":"2023-12-18T13:34:47.906Z"}}],"profile":{"max_iob":10,"type":"current","max_daily_basal":0.4,"max_basal":1,"min_bg":90,"max_bg":90,"target_bg":90,"carb_ratio":8.5,"sens":120,"max_daily_safety_multiplier":3,"current_basal_safety_multiplier":4,"lgsThreshold":95,"high_temptarget_raises_sensitivity":true,"low_temptarget_lowers_sensitivity":true,"sensitivity_raises_target":true,"resistance_lowers_target":true,"adv_target_adjustments":false,"exercise_mode":false,"half_basal_exercise_target":160,"maxCOB":120,"skip_neutral_temps":false,"remainingCarbsCap":90,"enableUAM":true,"A52_risk_enable":false,"SMBInterval":10,"enableSMB_with_COB":true,"enableSMB_with_temptarget":true,"allowSMB_with_high_temptarget":false,"enableSMB_always":false,"enableSMB_after_carbs":true,"maxSMBBasalMinutes":30,"maxUAMSMBBasalMinutes":40,"bolus_increment":0.05,"carbsReqThreshold":4,"current_basal":0.25,"temptargetSet":false,"autosens_max":1.3,"autosens_min":0.7,"variable_sens":111.4,"insulinDivisor":75,"TDD":19.201133333333335},"autosens_data":{"ratio":0.8687274686114447},"meal_data":{"carbs":0,"mealCOB":0,"slopeFromMaxDeviation":0,"slopeFromMinDeviation":0.43272727272727274,"lastBolusTime":1702886858822,"lastCarbTime":0},"microBolusAllowed":true,"currentTime":1702892392238,"flatBGsDetected":false,"tdd1D":16.272499999999997,"tdd7D":20.110833333333336,"tddLast24H":17.47083333333333,"tddLast4H":4.583333333333335,"tddLast8to4H":1.0791666666666668},"output":{"temp":"absolute","bg":99,"tick":"+2","eventualBG":151,"targetBG":95,"insulinReq":0.14,"deliverAt":"2023-12-18T09:39:52.238Z","sensitivityRatio":0.8687274686114447,"variable_sens":111.4,"predBGs":{"IOB":[99,101,103,104,106,107,109,110,110,111,111,111,111,111,111,111,111,111,111,111,111,111,111,111,111,111,111,111,111,111,111,111,111,111,111,112],"ZT":[99,97,95,94,92,91,91,90,90,90,90,90,91,92,93,94,95],"UAM":[99,101,103,106,108,111,113,116,118,121,123,126,128,130,132,135,136,138,140,142,143,144,146,147,147,148,149,149,150,150,150,150,150,150,150,150,150,150,150,151]},"reason":"COB: 0, Dev: 26, BGI: -2, ISF: 111, CR: 8.5, Target: 95, minPredBG 111, minGuardBG 101, IOBpredBG 112, UAMpredBG 151; Eventual BG 151 >= 95, temp 0.40 < 0.5U\/hr. ","COB":0,"IOB":0.084,"duration":30,"rate":0.49718186715286117,"timestamp":"2023-12-18T09:39:52.254Z"}}