{"algorithm":"OpenAPSSMBDynamicISFPlugin","input":{"glucoseStatus":{"glucose":80,"noise":0,"delta":3,"short_avgdelta":3,"long_avgdelta":-0.13,"date":1703021965000},"currenttemp":{"temp":"absolute","duration":65,"rate":0,"minutesrunning":25},"iob_data":[{"iob":-0.258,"basaliob":-0.396,"bolussnooze":0,"activity":-0.0011,"lastBolusTime":1703015399595,"time":"2023-12-19T21:39:56.813Z","iobWithZeroTemp":{"iob":-0.258,"basaliob":-0.396,"bolussnooze":0,"activity":-0.0011,"lastBolusTime":1703015399595,"time":"2023-12-19T21:39:56.813Z"}},{"iob":-0.251,"basaliob":-0.374,"bolussnooze":0,"activity":-0.0014,"lastBolusTime":1703015399595,"time":"2023-12-19T21:44:56.813Z","iobWithZeroTemp":{"iob":-0.271,"basaliob":-0.394,"bolussnooze":0,"activity":-0.0014,"lastBolusTime":1703015399595,"time":"2023-12-19T21:44:56.813Z"}},{"iob":-0.243,"basaliob":-0.352,"bolussnooze":0,"activity":-0.0017,"lastBolusTime":1703015399595,"time":"2023-12-19T21:49:56.813Z","iobWithZeroTemp":{"iob":-0.288,"basaliob":-0.397,"bolussnooze":0,"activity":-0.0018,"lastBolusTime":1703015399595,"time":"2023-12-19T21:49:56.813Z"}},{"iob":-0.234,"basaliob":-0.33,"bolussnooze":0,"activity":-0.0019,"lastBolusTime":1703015399595,"time":"2023-12-19T21:54:56.813Z","iobWithZeroTemp":{"iob":-0.303,"basaliob":-0.399,"bolussnooze":0,"activity":-0.0021,"lastBolusTime":1703015399595,"time":"2023-12-19T21:54:56.813Z"}},{"iob":-0.224,"basaliob":-0.309,"bolussnooze":0,"activity":-0.002,"lastBolusTime":1703015399595,"time":"2023-12-19T21:59:56.813Z","iobWithZeroTemp":{"iob":-0.317,"basaliob":-0.402,"bolussnooze":0,"activity":-0.0024,"lastBolusTime":1703015399595,"time":"2023-12-19T21:59:56.813Z"}},{"iob":-0.213,"basaliob":-0.288,"bolussnooze":0,"activity":-0.0022,"lastBolusTime":1703015399595,"time":"2023-12-19T22:04:56.813Z","iobWithZeroTemp":{"iob":-0.328,"basaliob":-0.403,"bolussnooze":0,"activity":-0.0027,"lastBolusTime":1703015399595,"time":"2023-12-19T22:04:56.813Z"}},{"iob":-0.203,"basaliob":-0.268,"bolussnooze":0,"activity":-0.0022,"lastBolusTime":1703015399595,"time":"2023-12-19T22:09:56.813Z","iobWithZeroTemp":{"iob":-0.34,"basaliob":-0.405,"bolussnooze":0,"activity":-0.0029,"lastBolusTime":1703015399595,"time":"2023-12-19T22:09:56.813Z"}},{"iob":-0.192,"basaliob":-0.249,"bolussnooze":0,"activity":-0.0023,"lastBolusTime":1703015399595,"time":"2023-12-19T22:14:56.813Z","iobWithZeroTemp":{"iob":-0.35,"basaliob":-0.407,"bolussnooze":0,"activity":-0.0032,"lastBolusTime":1703015399595,"time":"2023-12-19T22:14:56.813Z"}},{"iob":-0.181,"basaliob":-0.231,"bolussnooze":0,"activity":-0.0022,"lastBolusTime":1703015399595,"time":"2023-12-19T22:19:56.813Z","iobWithZeroTemp":{"iob":-0.359,"basaliob":-0.409,"bolussnooze":0,"activity":-0.0033,"lastBolusTime":1703015399595,"time":"2023-12-19T22:19:56.813Z"}},{"iob":-0.169,"basaliob":-0.213,"bolussnooze":0,"activity":-0.0022,"lastBolusTime":1703015399595,"time":"2023-12-19T22:24:56.813Z","iobWithZeroTemp":{"iob":-0.366,"basaliob":-0.41,"bolussnooze":0,"activity":-0.0035,"lastBolusTime":1703015399595,"time":"2023-12-19T22:24:56.813Z"}},{"iob":-0.159,"basaliob":-0.197,"bolussnooze":0,"activity":-0.0021,"lastBolusTime":1703015399595,"time":"2023-12-19T22:29:56.813Z","iobWithZeroTemp":{"iob":-0.374,"basaliob":-0.412,"bolussnooze":0,"activity":-0.0037,"lastBolusTime":1703015399595,"time":"2023-12-19T22:29:56.813Z"}},{"iob":-0.148,"basaliob":-0.181,"bolussnooze":0,"activity":-0.0021,"lastBolusTime":1703015399595,"time":"2023-12-19T22:34:56.813Z","iobWithZeroTemp":{"iob":-0.38,"basaliob":-0.413,"bolussnooze":0,"activity":-0.0039,"lastBolusTime":1703015399595,"time":"2023-12-19T22:34:56.813Z"}},{"iob":-0.138,"basaliob":-0.166,"bolussnooze":0,"activity":-0.002,"lastBolusTime":1703015399595,"time":"2023-12-19T22:39:56.813Z","iobWithZeroTemp":{"iob":-0.385,"basaliob":-0.413,"bolussnooze":0,"activity":-0.004,"lastBolusTime":1703015399595,"time":"2023-12-19T22:39:56.813Z"}},{"iob":-0.127,"basaliob":-0.152,"bolussnooze":0,"activity":-0.002,"lastBolusTime":1703015399595,"time":"2023-12-19T22:44:56.813Z","iobWithZeroTemp":{"iob":-0.389,"basaliob":-0.414,"bolussnooze":0,"activity":-0.0042,"lastBolusTime":1703015399595,"time":"2023-12-19T22:44:56.813Z"}},{"iob":-0.119,"basaliob":-0.14,"bolussnooze":0,"activity":-0.0019,"lastBolusTime":1703015399595,"time":"2023-12-19T22:49:56.813Z","iobWithZeroTemp":{"iob":-0.395,"basaliob":-0.416,"bolussnooze":0,"activity":-0.0043,"lastBolusTime":1703015399595,"time":"2023-12-19T22:49:56.813Z"}},{"iob":-0.11,"basaliob":-0.128,"bolussnooze":0,"activity":-0.0017,"lastBolusTime":1703015399595,"time":"2023-12-19T22:54:56.813Z","iobWithZeroTemp":{"iob":-0.398,"basaliob":-0.416,"bolussnooze":0,"activity":-0.0043,"lastBolusTime":1703015399595,"time":"2023-12-19T22:54:56.813Z"}},{"iob":-0.101,"basaliob":-0.116,"bolussnooze":0,"activity":-0.0017,"lastBolusTime":1703015399595,"time":"2023-12-19T22:59:56.813Z","iobWithZeroTemp":{"iob":-0.401,"basaliob":-0.416,"bolussnooze":0,"activity":-0.0044,"lastBolusTime":1703015399595,"time":"2023-12-19T22:59:56.813Z"}},{"iob":-0.093,"basaliob":-0.106,"bolussnooze":0,"activity":-0.0016,"lastBolusTime":1703015399595,"time":"2023-12-19T23:04:56.813Z","iobWithZeroTemp":{"iob":-0.4,"basaliob":-0.413,"bolussnooze":0,"activity":-0.0045,"lastBolusTime":1703015399595,"time":"2023-12-19T23:04:56.813Z"}},{"iob":-0.085,"basaliob":-0.096,"bolussnooze":0,"activity":-0.0014,"lastBolusTime":1703015399595,"time":"2023-12-19T23:09:56.813Z","iobWithZeroTemp":{"iob":-0.398,"basaliob":-0.409,"bolussnooze":0,"activity":-0.0044,"lastBolusTime":1703015399595,"time":"2023-12-19T23:09:56.813Z"}},{"iob":-0.079,"basaliob":-0.088,"bolussnooze":0,"activity":-0.0014,"lastBolusTime":1703015399595,"time":"2023-12-19T23:14:56.813Z","iobWithZeroTemp":{"iob":-0.397,"basaliob":-0.406,"bolussnooze":0,"activity":-0.0046,"lastBolusTime":1703015399595,"time":"2023-12-19T23:14:56.813Z"}},{"iob":-0.071,"basaliob":-0.079,"bolussnooze":0,"activity":-0.0013,"lastBolusTime":1703015399595,"time":"2023-12-19T23:19:56.813Z","iobWithZeroTemp":{"iob":-0.394,"basaliob":-0.402,"bolussnooze":0,"activity":-0.0046,"lastBolusTime":1703015399595,"time":"2023-12-19T23:19:56.813Z"}},{"iob":-0.065,"basaliob":-0.072,"bolussnooze":0,"activity":-0.0012,"lastBolusTime":1703015399595,"time":"2023-12-19T23:24:56.813Z","iobWithZeroTemp":{"iob":-0.392,"basaliob":-0.399,"bolussnooze":0,"activity":-0.0046,"lastBolusTime":1703015399595,"time":"2023-12-19T23:24:56.813Z"}},{"iob":-0.059,"basaliob":-0.065,"bolussnooze":0,"activity":-0.0011,"lastBolusTime":1703015399595,"time":"2023-12-19T23:29:56.813Z","iobWithZeroTemp":{"iob":-0.39,"basaliob":-0.396,"bolussnooze":0,"activity":-0.0046,"lastBolusTime":1703015399595,"time":"2023-12-19T23:29:56.813Z"}},{"iob":-0.054,"basaliob":-0.059,"bolussnooze":0,"activity":-0.001,"lastBolusTime":1703015399595,"time":"2023-12-19T23:34:56.813Z","iobWithZeroTemp":{"iob":-0.388,"basaliob":-0.393,"bolussnooze":0,"activity":-0.0046,"lastBolusTime":1703015399595,"time":"2023-12-19T23:34:56.813Z"}},{"iob":-0.049,"basaliob":-0.053,"bolussnooze":0,"activity":-0.001,"lastBolusTime":1703015399595,"time":"2023-12-19T23:39:56.813Z","iobWithZeroTemp":{"iob":-0.386,"basaliob":-0.39,"bolussnooze":0,"activity":-0.0047,"lastBolusTime":1703015399595,"time":"2023-12-19T23:39:56.813Z"}},{"iob":-0.045,"basaliob":-0.048,"bolussnooze":0,"activity":-9.0E-4,"lastBolusTime":1703015399595,"time":"2023-12-19T23:44:56.813Z","iobWithZeroTemp":{"iob":-0.384,"basaliob":-0.387,"bolussnooze":0,"activity":-0.0046,"lastBolusTime":1703015399595,"time":"2023-12-19T23:44:56.813Z"}},{"iob":-0.04,"basaliob":-0.043,"bolussnooze":0,"activity":-8.0E-4,"lastBolusTime":1703015399595,"time":"2023-12-19T23:49:56.813Z","iobWithZeroTemp":{"iob":-0.381,"basaliob":-0.384,"bolussnooze":0,"activity":-0.0046,"lastBolusTime":1703015399595,"time":"2023-12-19T23:49:56.813Z"}},{"iob":-0.036,"basaliob":-0.038,"bolussnooze":0,"activity":-7.0E-4,"lastBolusTime":1703015399595,"time":"2023-12-19T23:54:56.813Z","iobWithZeroTemp":{"iob":-0.379,"basaliob":-0.381,"bolussnooze":0,"activity":-0.0045,"lastBolusTime":1703015399595,"time":"2023-12-19T23:54:56.813Z"}},{"iob":-0.032,"basaliob":-0.034,"bolussnooze":0,"activity":-7.0E-4,"lastBolusTime":1703015399595,"time":"2023-12-19T23:59:56.813Z","iobWithZeroTemp":{"iob":-0.376,"basaliob":-0.378,"bolussnooze":0,"activity":-0.0046,"lastBolusTime":1703015399595,"time":"2023-12-19T23:59:56.813Z"}},{"iob":-0.03,"basaliob":-0.031,"bolussnooze":0,"activity":-6.0E-4,"lastBolusTime":1703015399595,"time":"2023-12-20T00:04:56.813Z","iobWithZeroTemp":{"iob":-0.376,"basaliob":-0.377,"bolussnooze":0,"activity":-0.0045,"lastBolusTime":1703015399595,"time":"2023-12-20T00:04:56.813Z"}},{"iob":-0.026,"basaliob":-0.027,"bolussnooze":0,"activity":-6.0E-4,"lastBolusTime":1703015399595,"time":"2023-12-20T00:09:56.813Z","iobWithZeroTemp":{"iob":-0.373,"basaliob":-0.374,"bolussnooze":0,"activity":-0.0046,"lastBolusTime":1703015399595,"time":"2023-12-20T00:09:56.813Z"}},{"iob":-0.023,"basaliob":-0.024,"bolussnooze":0,"activity":-6.0E-4,"lastBolusTime":1703015399595,"time":"2023-12-20T00:14:56.813Z","iobWithZeroTemp":{"iob":-0.371,"basaliob":-0.372,"bolussnooze":0,"activity":-0.0046,"lastBolusTime":1703015399595,"time":"2023-12-20T00:14:56.813Z"}},{"iob":-0.021,"basaliob":-0.022,"bolussnooze":0,"activity":-5.0E-4,"lastBolusTime":1703015399595,"time":"2023-12-20T00:19:56.813Z","iobWithZeroTemp":{"iob":-0.37,"basaliob":-0.371,"bolussnooze":0,"activity":-0.0045,"lastBolusTime":1703015399595,"time":"2023-12-20T00:19:56.813Z"}},{"iob":-0.018,"basaliob":-0.019,"bolussnooze":0,"activity":-5.0E-4,"lastBolusTime":1703015399595,"time":"2023-12-20T00:24:56.813Z","iobWithZeroTemp":{"iob":-0.367,"basaliob":-0.368,"bolussnooze":0,"activity":-0.0045,"lastBolusTime":1703015399595,"time":"2023-12-20T00:24:56.813Z"}},{"iob":-0.016,"basaliob":-0.017,"bolussnooze":0,"activity":-4.0E-4,"lastBolusTime":1703015399595,"time":"2023-12-20T00:29:56.813Z","iobWithZeroTemp":{"iob":-0.366,"basaliob":-0.367,"bolussnooze":0,"activity":-0.0045,"lastBolusTime":1703015399595,"time":"2023-12-20T00:29:56.813Z"}},{"iob":-0.015,"basaliob":-0.015,"bolussnooze":0,"activity":-4.0E-4,"lastBolusTime":1703015399595,"time":"2023-12-20T00:34:56.813Z","iobWithZeroTemp":{"iob":-0.365,"basaliob":-0.365,"bolussnooze":0,"activity":-0.0045,"lastBolusTime":1703015399595,"time":"2023-12-20T00:34:56.813Z"}},{"iob":-0.013,"basaliob":-0.013,"bolussnooze":0,"activity":-3.0E-4,"lastBolusTime":1703015399595,"time":"2023-12-20T00:39:56.813Z","iobWithZeroTemp":{"iob":-0.364,"basaliob":-0.364,"bolussnooze":0,"activity":-0.0044,"lastBolusTime":1703015399595,"time":"2023-12-20T00:39:56.813Z"}},{"iob":-0.012,"basaliob":-0.012,"bolussnooze":0,"activity":-3.0E-4,"lastBolusTime":1703015399595,"time":"2023-12-20T00:44:56.813Z","iobWithZeroTemp":{"iob":-0.363,"basaliob":-0.363,"bolussnooze":0,"activity":-0.0044,"lastBolusTime":1703015399595,"time":"2023-12-20T00:44:56.813Z"}},{"iob":-0.01,"basaliob":-0.01,"bolussnooze":0,"activity":-3.0E-4,"lastBolusTime":1703015399595,"time":"2023-12-20T00:49:56.813Z","iobWithZeroTemp":{"iob":-0.361,"basaliob":-0.361,"bolussnooze":0,"activity":-0.0044,"lastBolusTime":1703015399595,"time":"2023-12-20T00:49:56.813Z"}},{"iob":-0.009,"basaliob":-0.009,"bolussnooze":0,"activity":-2.0E-4,"lastBolusTime":1703015399595,"time":"2023-12-20T00:54:56.813Z","iobWithZeroTemp":{"iob":-0.361,"basaliob":-0.361,"bolussnooze":0,"activity":-0.0043,"lastBolusTime":1703015399595,"time":"2023-12-20T00:54:56.813Z"}},{"iob":-0.008,"basaliob":-0.008,"bolussnooze":0,"activity":-2.0E-4,"lastBolusTime":1703015399595,"time":"2023-12-20T00:59:56.813Z","iobWithZeroTemp":{"iob":-0.36,"basaliob":-0.36,"bolussnooze":0,"activity":-0.0043,"lastBolusTime":1703015399595,"time":"2023-12-20T00:59:56.813Z"}},{"iob":-0.007,"basaliob":-0.007,"bolussnooze":0,"activity":-2.0E-4,"lastBolusTime":1703015399595,"time":"2023-12-20T01:04:56.813Z","iobWithZeroTemp":{"iob":-0.355,"basaliob":-0.355,"bolussnooze":0,"activity":-0.0043,"lastBolusTime":1703015399595,"time":"2023-12-20T01:04:56.813Z"}},{"iob":-0.006,"basaliob":-0.006,"bolussnooze":0,"activity":-2.0E-4,"lastBolusTime":1703015399595,"time":"2023-12-20T01:09:56.813Z","iobWithZeroTemp":{"iob":-0.35,"basaliob":-0.35,"bolussnooze":0,"activity":-0.0043,"lastBolusTime":1703015399595,"time":"2023-12-20T01:09:56.813Z"}},{"iob":-0.005,"basaliob":-0.005,"bolussnooze":0,"activity":-1.0E-4,"lastBolusTime":1703015399595,"time":"2023-12-20T01:14:56.813Z","iobWithZeroTemp":{"iob":-0.345,"basaliob":-0.345,"bolussnooze":0,"activity":-0.0042,"lastBolusTime":1703015399595,"time":"2023-12-20T01:14:56.813Z"}},{"iob":-0.004,"basaliob":-0.004,"bolussnooze":0,"activity":-1.0E-4,"lastBolusTime":1703015399595,"time":"2023-12-20T01:19:56.813Z","iobWithZeroTemp":{"iob":-0.34,"basaliob":-0.34,"bolussnooze":0,"activity":-0.0042,"lastBolusTime":1703015399595,"time":"2023-12-20T01:19:56.813Z"}},{"iob":-0.004,"basaliob":-0.004,"bolussnooze":0,"activity":-1.0E-4,"lastBolusTime":1703015399595,"time":"2023-12-20T01:24:56.813Z","iobWithZeroTemp":{"iob":-0.336,"basaliob":-0.336,"bolussnooze":0,"activity":-0.0042,"lastBolusTime":1703015399595,"time":"2023-12-20T01:24:56.813Z"}},{"iob":-0.003,"basaliob":-0.003,"bolussnooze":0,"activity":-1.0E-4,"lastBolusTime":1703015399595,"time":"2023-12-20T01:29:56.813Z","iobWithZeroTemp":{"iob":-0.331,"basaliob":-0.331,"bolussnooze":0,"activity":-0.0041,"lastBolusTime":1703015399595,"time":"2023-12-20T01:29:56.813Z"}},{"iob":-0.003,"basaliob":-0.003,"bolussnooze":0,"activity":-1.0E-4,"lastBolusTime":1703015399595,"time":"2023-12-20T01:34:56.813Z","iobWithZeroTemp":{"iob":-0.328,"basaliob":-0.328,"bolussnooze":0,"activity":-0.0041,"lastBolusTime":1703015399595,"time":"2023-12-20T01:34:56.813Z"}}],"profile":{"max_iob":10,"type":"current","max_daily_basal":0.4,"max_basal":1.2,"min_bg":130,"max_bg":130,"target_bg":130,"carb_ratio":8.8,"sens":120,"max_daily_safety_multiplier":3,"current_basal_safety_multiplier":4,"lgsThreshold":95,"high_temptarget_raises_sensitivity":true,"low_temptarget_lowers_sensitivity":true,"sensitivity_raises_target":true,"resistance_lowers_target":true,"adv_target_adjustments":false,"exercise_mode":false,"half_basal_exercise_target":160,"maxCOB":120,"skip_neutral_temps":false,"remainingCarbsCap":90,"enableUAM":true,"A52_risk_enable":false,"SMBInterval":5,"enableSMB_with_COB":true,"enableSMB_with_temptarget":true,"allowSMB_with_high_temptarget":false,"enableSMB_always":false,"enableSMB_after_carbs":true,"maxSMBBasalMinutes":30,"maxUAMSMBBasalMinutes":40,"bolus_increment":0.05,"carbsReqThreshold":4,"current_basal":0.3,"temptargetSet":true,"autosens_max":1.3,"autosens_min":0.7,"variable_sens":138,"insulinDivisor":75,"TDD":17.962485714285712},"autosens_data":{"ratio":0.6640491019045041},"meal_data":{"carbs":50,"mealCOB":0,"slopeFromMaxDeviation":0,"slopeFromMinDeviation":0.3911111111111111,"lastBolusTime":1703015399595,"lastCarbTime":1703009864555},"microBolusAllowed":true,"currentTime":1703021998852,"flatBGsDetected":false,"tdd1D":16.220833333333324,"tdd7D":19.783928571428568,"tddLast24H":13.1375,"tddLast4H":3.0000000000000004,"tddLast8to4H":2.904166666666667},"output":{"temp":"absolute","bg":80,"tick":"+3","eventualBG":129,"targetBG":130,"insulinReq":0,"deliverAt":"2023-12-19T21:39:58.852Z","sensitivityRatio":0.67,"variable_sens":138,"predBGs":{"IOB":[80,83,86,88,91,94,96,98,100,102,104,105,106,108,109,110,111,112,113,113,114,115,115,116,117,117,118,118,118,119,119,119,120,120,120,120,121,121,121,121,121,121,121,122],"ZT":[80,81,82,83,84,86,88,90,92,94,96,98,100,103,105,108,110,113,115,117,120,122,125,127,129],"UAM":[80,83,86,89,92,94,97,100,102,105,107,109,111,112,114,115,116,117,118,118,119,120,120,121,122,122,123,123,123,124,124,124,125,125,125,125,126,126,126,126,126,126,126,126,126,126,127]},"reason":"COB: 0, Dev: 13, BGI: 1, ISF: 138, CR: 8.8, Target: 130, minPredBG 96, minGuardBG 83, IOBpredBG 122, UAMpredBG 127; IOB -0.258 < -0.1 and minDelta 3 > expectedDelta 1; Eventual BG 129 < 130, 65m@0.00 is a lot less than needed. ","COB":0,"IOB":-0.258,"duration":30,"rate":0.18100000000000002,"timestamp":"2023-12-19T21:39:58.886Z"}}