{"algorithm":"OpenAPSSMBDynamicISFPlugin","input":{"glucoseStatus":{"glucose":121,"noise":0,"delta":0.89,"short_avgdelta":0.89,"long_avgdelta":-1.32,"date":1703045966000},"currenttemp":{"temp":"absolute","duration":25,"rate":0.3,"minutesrunning":5},"iob_data":[{"iob":0.047,"basaliob":0.047,"bolussnooze":0,"activity":0.0013,"lastBolusTime":1703025007140,"time":"2023-12-20T04:20:01.677Z","iobWithZeroTemp":{"iob":0.047,"basaliob":0.047,"bolussnooze":0,"activity":0.0013,"lastBolusTime":1703025007140,"time":"2023-12-20T04:20:01.677Z"}},{"iob":0.041,"basaliob":0.041,"bolussnooze":0,"activity":0.0011,"lastBolusTime":1703025007140,"time":"2023-12-20T04:25:01.677Z","iobWithZeroTemp":{"iob":0.014,"basaliob":0.014,"bolussnooze":0,"activity":0.0011,"lastBolusTime":1703025007140,"time":"2023-12-20T04:25:01.677Z"}},{"iob":0.036,"basaliob":0.036,"bolussnooze":0,"activity":0.001,"lastBolusTime":1703025007140,"time":"2023-12-20T04:30:01.677Z","iobWithZeroTemp":{"iob":-0.024,"basaliob":-0.024,"bolussnooze":0,"activity":9.0E-4,"lastBolusTime":1703025007140,"time":"2023-12-20T04:30:01.677Z"}},{"iob":0.031,"basaliob":0.031,"bolussnooze":0,"activity":9.0E-4,"lastBolusTime":0,"time":"2023-12-20T04:35:01.677Z","iobWithZeroTemp":{"iob":-0.061,"basaliob":-0.061,"bolussnooze":0,"activity":6.0E-4,"lastBolusTime":0,"time":"2023-12-20T04:35:01.677Z"}},{"iob":0.027,"basaliob":0.027,"bolussnooze":0,"activity":8.0E-4,"lastBolusTime":0,"time":"2023-12-20T04:40:01.677Z","iobWithZeroTemp":{"iob":-0.097,"basaliob":-0.097,"bolussnooze":0,"activity":3.0E-4,"lastBolusTime":0,"time":"2023-12-20T04:40:01.677Z"}},{"iob":0.023,"basaliob":0.023,"bolussnooze":0,"activity":7.0E-4,"lastBolusTime":0,"time":"2023-12-20T04:45:01.677Z","iobWithZeroTemp":{"iob":-0.131,"basaliob":-0.131,"bolussnooze":0,"activity":0,"lastBolusTime":0,"time":"2023-12-20T04:45:01.677Z"}},{"iob":0.02,"basaliob":0.02,"bolussnooze":0,"activity":6.0E-4,"lastBolusTime":0,"time":"2023-12-20T04:50:01.677Z","iobWithZeroTemp":{"iob":-0.163,"basaliob":-0.163,"bolussnooze":0,"activity":-4.0E-4,"lastBolusTime":0,"time":"2023-12-20T04:50:01.677Z"}},{"iob":0.017,"basaliob":0.017,"bolussnooze":0,"activity":5.0E-4,"lastBolusTime":0,"time":"2023-12-20T04:55:01.677Z","iobWithZeroTemp":{"iob":-0.194,"basaliob":-0.194,"bolussnooze":0,"activity":-7.0E-4,"lastBolusTime":0,"time":"2023-12-20T04:55:01.677Z"}},{"iob":0.015,"basaliob":0.015,"bolussnooze":0,"activity":5.0E-4,"lastBolusTime":0,"time":"2023-12-20T05:00:01.677Z","iobWithZeroTemp":{"iob":-0.223,"basaliob":-0.223,"bolussnooze":0,"activity":-0.001,"lastBolusTime":0,"time":"2023-12-20T05:00:01.677Z"}},{"iob":0.012,"basaliob":0.012,"bolussnooze":0,"activity":4.0E-4,"lastBolusTime":0,"time":"2023-12-20T05:05:01.677Z","iobWithZeroTemp":{"iob":-0.247,"basaliob":-0.247,"bolussnooze":0,"activity":-0.0014,"lastBolusTime":0,"time":"2023-12-20T05:05:01.677Z"}},{"iob":0.01,"basaliob":0.01,"bolussnooze":0,"activity":4.0E-4,"lastBolusTime":0,"time":"2023-12-20T05:10:01.677Z","iobWithZeroTemp":{"iob":-0.268,"basaliob":-0.268,"bolussnooze":0,"activity":-0.0016,"lastBolusTime":0,"time":"2023-12-20T05:10:01.677Z"}},{"iob":0.009,"basaliob":0.009,"bolussnooze":0,"activity":3.0E-4,"lastBolusTime":0,"time":"2023-12-20T05:15:01.677Z","iobWithZeroTemp":{"iob":-0.288,"basaliob":-0.288,"bolussnooze":0,"activity":-0.002,"lastBolusTime":0,"time":"2023-12-20T05:15:01.677Z"}},{"iob":0.007,"basaliob":0.007,"bolussnooze":0,"activity":3.0E-4,"lastBolusTime":0,"time":"2023-12-20T05:20:01.677Z","iobWithZeroTemp":{"iob":-0.307,"basaliob":-0.307,"bolussnooze":0,"activity":-0.0023,"lastBolusTime":0,"time":"2023-12-20T05:20:01.677Z"}},{"iob":0.006,"basaliob":0.006,"bolussnooze":0,"activity":2.0E-4,"lastBolusTime":0,"time":"2023-12-20T05:25:01.677Z","iobWithZeroTemp":{"iob":-0.324,"basaliob":-0.324,"bolussnooze":0,"activity":-0.0026,"lastBolusTime":0,"time":"2023-12-20T05:25:01.677Z"}},{"iob":0.005,"basaliob":0.005,"bolussnooze":0,"activity":2.0E-4,"lastBolusTime":0,"time":"2023-12-20T05:30:01.677Z","iobWithZeroTemp":{"iob":-0.339,"basaliob":-0.339,"bolussnooze":0,"activity":-0.0028,"lastBolusTime":0,"time":"2023-12-20T05:30:01.677Z"}},{"iob":0.004,"basaliob":0.004,"bolussnooze":0,"activity":2.0E-4,"lastBolusTime":0,"time":"2023-12-20T05:35:01.677Z","iobWithZeroTemp":{"iob":-0.354,"basaliob":-0.354,"bolussnooze":0,"activity":-0.0031,"lastBolusTime":0,"time":"2023-12-20T05:35:01.677Z"}},{"iob":0.003,"basaliob":0.003,"bolussnooze":0,"activity":2.0E-4,"lastBolusTime":0,"time":"2023-12-20T05:40:01.677Z","iobWithZeroTemp":{"iob":-0.367,"basaliob":-0.367,"bolussnooze":0,"activity":-0.0033,"lastBolusTime":0,"time":"2023-12-20T05:40:01.677Z"}},{"iob":0.003,"basaliob":0.003,"bolussnooze":0,"activity":1.0E-4,"lastBolusTime":0,"time":"2023-12-20T05:45:01.677Z","iobWithZeroTemp":{"iob":-0.379,"basaliob":-0.379,"bolussnooze":0,"activity":-0.0035,"lastBolusTime":0,"time":"2023-12-20T05:45:01.677Z"}},{"iob":0.002,"basaliob":0.002,"bolussnooze":0,"activity":1.0E-4,"lastBolusTime":0,"time":"2023-12-20T05:50:01.677Z","iobWithZeroTemp":{"iob":-0.39,"basaliob":-0.39,"bolussnooze":0,"activity":-0.0037,"lastBolusTime":0,"time":"2023-12-20T05:50:01.677Z"}},{"iob":0.001,"basaliob":0.001,"bolussnooze":0,"activity":1.0E-4,"lastBolusTime":0,"time":"2023-12-20T05:55:01.677Z","iobWithZeroTemp":{"iob":-0.401,"basaliob":-0.401,"bolussnooze":0,"activity":-0.0039,"lastBolusTime":0,"time":"2023-12-20T05:55:01.677Z"}},{"iob":0.001,"basaliob":0.001,"bolussnooze":0,"activity":1.0E-4,"lastBolusTime":0,"time":"2023-12-20T06:00:01.677Z","iobWithZeroTemp":{"iob":-0.41,"basaliob":-0.41,"bolussnooze":0,"activity":-0.0041,"lastBolusTime":0,"time":"2023-12-20T06:00:01.677Z"}},{"iob":0.001,"basaliob":0.001,"bolussnooze":0,"activity":1.0E-4,"lastBolusTime":0,"time":"2023-12-20T06:05:01.677Z","iobWithZeroTemp":{"iob":-0.418,"basaliob":-0.418,"bolussnooze":0,"activity":-0.0042,"lastBolusTime":0,"time":"2023-12-20T06:05:01.677Z"}},{"iob":0,"basaliob":0,"bolussnooze":0,"activity":1.0E-4,"lastBolusTime":0,"time":"2023-12-20T06:10:01.677Z","iobWithZeroTemp":{"iob":-0.426,"basaliob":-0.426,"bolussnooze":0,"activity":-0.0043,"lastBolusTime":0,"time":"2023-12-20T06:10:01.677Z"}},{"iob":0,"basaliob":0,"bolussnooze":0,"activity":0,"lastBolusTime":0,"time":"2023-12-20T06:15:01.677Z","iobWithZeroTemp":{"iob":-0.433,"basaliob":-0.433,"bolussnooze":0,"activity":-0.0046,"lastBolusTime":0,"time":"2023-12-20T06:15:01.677Z"}},{"iob":0,"basaliob":0,"bolussnooze":0,"activity":0,"lastBolusTime":0,"time":"2023-12-20T06:20:01.677Z","iobWithZeroTemp":{"iob":-0.439,"basaliob":-0.439,"bolussnooze":0,"activity":-0.0047,"lastBolusTime":0,"time":"2023-12-20T06:20:01.677Z"}},{"iob":0,"basaliob":0,"bolussnooze":0,"activity":0,"lastBolusTime":0,"time":"2023-12-20T06:25:01.677Z","iobWithZeroTemp":{"iob":-0.444,"basaliob":-0.444,"bolussnooze":0,"activity":-0.0048,"lastBolusTime":0,"time":"2023-12-20T06:25:01.677Z"}},{"iob":-0.001,"basaliob":-0.001,"bolussnooze":0,"activity":0,"lastBolusTime":0,"time":"2023-12-20T06:30:01.677Z","iobWithZeroTemp":{"iob":-0.45,"basaliob":-0.45,"bolussnooze":0,"activity":-0.0049,"lastBolusTime":0,"time":"2023-12-20T06:30:01.677Z"}},{"iob":-0.001,"basaliob":-0.001,"bolussnooze":0,"activity":0,"lastBolusTime":0,"time":"2023-12-20T06:35:01.677Z","iobWithZeroTemp":{"iob":-0.455,"basaliob":-0.455,"bolussnooze":0,"activity":-0.005,"lastBolusTime":0,"time":"2023-12-20T06:35:01.677Z"}},{"iob":-0.001,"basaliob":-0.001,"bolussnooze":0,"activity":0,"lastBolusTime":0,"time":"2023-12-20T06:40:01.677Z","iobWithZeroTemp":{"iob":-0.459,"basaliob":-0.459,"bolussnooze":0,"activity":-0.0051,"lastBolusTime":0,"time":"2023-12-20T06:40:01.677Z"}},{"iob":-0.001,"basaliob":-0.001,"bolussnooze":0,"activity":0,"lastBolusTime":0,"time":"2023-12-20T06:45:01.677Z","iobWithZeroTemp":{"iob":-0.463,"basaliob":-0.463,"bolussnooze":0,"activity":-0.0051,"lastBolusTime":0,"time":"2023-12-20T06:45:01.677Z"}},{"iob":-0.001,"basaliob":-0.001,"bolussnooze":0,"activity":0,"lastBolusTime":0,"time":"2023-12-20T06:50:01.677Z","iobWithZeroTemp":{"iob":-0.466,"basaliob":-0.466,"bolussnooze":0,"activity":-0.0052,"lastBolusTime":0,"time":"2023-12-20T06:50:01.677Z"}},{"iob":-0.001,"basaliob":-0.001,"bolussnooze":0,"activity":0,"lastBolusTime":0,"time":"2023-12-20T06:55:01.677Z","iobWithZeroTemp":{"iob":-0.469,"basaliob":-0.469,"bolussnooze":0,"activity":-0.0053,"lastBolusTime":0,"time":"2023-12-20T06:55:01.677Z"}},{"iob":-0.001,"basaliob":-0.001,"bolussnooze":0,"activity":0,"lastBolusTime":0,"time":"2023-12-20T07:00:01.677Z","iobWithZeroTemp":{"iob":-0.472,"basaliob":-0.472,"bolussnooze":0,"activity":-0.0053,"lastBolusTime":0,"time":"2023-12-20T07:00:01.677Z"}},{"iob":-0.001,"basaliob":-0.001,"bolussnooze":0,"activity":0,"lastBolusTime":0,"time":"2023-12-20T07:05:01.677Z","iobWithZeroTemp":{"iob":-0.474,"basaliob":-0.474,"bolussnooze":0,"activity":-0.0054,"lastBolusTime":0,"time":"2023-12-20T07:05:01.677Z"}},{"iob":-0.001,"basaliob":-0.001,"bolussnooze":0,"activity":0,"lastBolusTime":0,"time":"2023-12-20T07:10:01.677Z","iobWithZeroTemp":{"iob":-0.476,"basaliob":-0.476,"bolussnooze":0,"activity":-0.0054,"lastBolusTime":0,"time":"2023-12-20T07:10:01.677Z"}},{"iob":-0.001,"basaliob":-0.001,"bolussnooze":0,"activity":0,"lastBolusTime":0,"time":"2023-12-20T07:15:01.677Z","iobWithZeroTemp":{"iob":-0.478,"basaliob":-0.478,"bolussnooze":0,"activity":-0.0055,"lastBolusTime":0,"time":"2023-12-20T07:15:01.677Z"}},{"iob":-0.001,"basaliob":-0.001,"bolussnooze":0,"activity":0,"lastBolusTime":0,"time":"2023-12-20T07:20:01.677Z","iobWithZeroTemp":{"iob":-0.48,"basaliob":-0.48,"bolussnooze":0,"activity":-0.0055,"lastBolusTime":0,"time":"2023-12-20T07:20:01.677Z"}},{"iob":-0.001,"basaliob":-0.001,"bolussnooze":0,"activity":0,"lastBolusTime":0,"time":"2023-12-20T07:25:01.677Z","iobWithZeroTemp":{"iob":-0.481,"basaliob":-0.481,"bolussnooze":0,"activity":-0.0055,"lastBolusTime":0,"time":"2023-12-20T07:25:01.677Z"}},{"iob":-0.001,"basaliob":-0.001,"bolussnooze":0,"activity":0,"lastBolusTime":0,"time":"2023-12-20T07:30:01.677Z","iobWithZeroTemp":{"iob":-0.483,"basaliob":-0.483,"bolussnooze":0,"activity":-0.0056,"lastBolusTime":0,"time":"2023-12-20T07:30:01.677Z"}},{"iob":-0.001,"basaliob":-0.001,"bolussnooze":0,"activity":0,"lastBolusTime":0,"time":"2023-12-20T07:35:01.677Z","iobWithZeroTemp":{"iob":-0.484,"basaliob":-0.484,"bolussnooze":0,"activity":-0.0056,"lastBolusTime":0,"time":"2023-12-20T07:35:01.677Z"}},{"iob":-0.001,"basaliob":-0.001,"bolussnooze":0,"activity":0,"lastBolusTime":0,"time":"2023-12-20T07:40:01.677Z","iobWithZeroTemp":{"iob":-0.485,"basaliob":-0.485,"bolussnooze":0,"activity":-0.0056,"lastBolusTime":0,"time":"2023-12-20T07:40:01.677Z"}},{"iob":-0.001,"basaliob":-0.001,"bolussnooze":0,"activity":0,"lastBolusTime":0,"time":"2023-12-20T07:45:01.677Z","iobWithZeroTemp":{"iob":-0.486,"basaliob":-0.486,"bolussnooze":0,"activity":-0.0057,"lastBolusTime":0,"time":"2023-12-20T07:45:01.677Z"}},{"iob":-0.001,"basaliob":-0.001,"bolussnooze":0,"activity":0,"lastBolusTime":0,"time":"2023-12-20T07:50:01.677Z","iobWithZeroTemp":{"iob":-0.487,"basaliob":-0.487,"bolussnooze":0,"activity":-0.0057,"lastBolusTime":0,"time":"2023-12-20T07:50:01.677Z"}},{"iob":-0.001,"basaliob":-0.001,"bolussnooze":0,"activity":0,"lastBolusTime":0,"time":"2023-12-20T07:55:01.677Z","iobWithZeroTemp":{"iob":-0.488,"basaliob":-0.488,"bolussnooze":0,"activity":-0.0057,"lastBolusTime":0,"time":"2023-12-20T07:55:01.677Z"}},{"iob":-0.001,"basaliob":-0.001,"bolussnooze":0,"activity":0,"lastBolusTime":0,"time":"2023-12-20T08:00:01.677Z","iobWithZeroTemp":{"iob":-0.488,"basaliob":-0.488,"bolussnooze":0,"activity":-0.0057,"lastBolusTime":0,"time":"2023-12-20T08:00:01.677Z"}},{"iob":-0.001,"basaliob":-0.001,"bolussnooze":0,"activity":0,"lastBolusTime":0,"time":"2023-12-20T08:05:01.677Z","iobWithZeroTemp":{"iob":-0.489,"basaliob":-0.489,"bolussnooze":0,"activity":-0.0057,"lastBolusTime":0,"time":"2023-12-20T08:05:01.677Z"}},{"iob":-0.001,"basaliob":-0.001,"bolussnooze":0,"activity":0,"lastBolusTime":0,"time":"2023-12-20T08:10:01.677Z","iobWithZeroTemp":{"iob":-0.489,"basaliob":-0.489,"bolussnooze":0,"activity":-0.0057,"lastBolusTime":0,"time":"2023-12-20T08:10:01.677Z"}},{"iob":-0.001,"basaliob":-0.001,"bolussnooze":0,"activity":0,"lastBolusTime":0,"time":"2023-12-20T08:15:01.677Z","iobWithZeroTemp":{"iob":-0.49,"basaliob":-0.49,"bolussnooze":0,"activity":-0.0058,"lastBolusTime":0,"time":"2023-12-20T08:15:01.677Z"}}],"profile":{"max_iob":10,"type":"current","max_daily_basal":0.4,"max_basal":1.2,"min_bg":95,"max_bg":95,"target_bg":95,"carb_ratio":8.8,"sens":130,"max_daily_safety_multiplier":3,"current_basal_safety_multiplier":4,"lgsThreshold":95,"high_temptarget_raises_sensitivity":true,"low_temptarget_lowers_sensitivity":true,"sensitivity_raises_target":true,"resistance_lowers_target":true,"adv_target_adjustments":false,"exercise_mode":false,"half_basal_exercise_target":160,"maxCOB":120,"skip_neutral_temps":false,"remainingCarbsCap":90,"enableUAM":true,"A52_risk_enable":false,"SMBInterval":5,"enableSMB_with_COB":true,"enableSMB_with_temptarget":true,"allowSMB_with_high_temptarget":false,"enableSMB_always":false,"enableSMB_after_carbs":true,"maxSMBBasalMinutes":30,"maxUAMSMBBasalMinutes":40,"bolus_increment":0.05,"carbsReqThreshold":4,"current_basal":0.4,"temptargetSet":false,"autosens_max":1.3,"autosens_min":0.7,"variable_sens":150.5,"insulinDivisor":75,"TDD":12.447188095238094},"autosens_data":{"ratio":0.802839714650033},"meal_data":{"carbs":0,"mealCOB":0,"slopeFromMaxDeviation":-0.49055555555555563,"slopeFromMinDeviation":1.204,"lastBolusTime":1703025007140,"lastCarbTime":0},"microBolusAllowed":true,"currentTime":1703046003106,"flatBGsDetected":false,"tdd1D":13.533333333333333,"tdd7D":17.272023809523805,"tddLast24H":13.866666666666667,"tddLast4H":1.0125000000000002,"tddLast8to4H":1.1875},"output":{"temp":"absolute","bg":121,"tick":"+1","eventualBG":125,"targetBG":104,"insulinReq":0.11,"deliverAt":"2023-12-20T04:20:03.106Z","sensitivityRatio":0.802839714650033,"variable_sens":150.5,"predBGs":{"IOB":[121,122,123,123,124,124,125,125,125,125,125,125,125,125,125,125,124],"ZT":[121,120,119,119,118,118,118,118,119,119],"UAM":[121,121,122,121,121,120,119,119,119,118,118,118,117,117,117,117,117,116]},"reason":"COB: 0, Dev: 11, BGI: -1, ISF: 151, CR: 8.8, Target: 104, minPredBG 120, minGuardBG 116, IOBpredBG 124, UAMpredBG 116; Eventual BG 125 >= 104, temp 0.30 < 0.54U\/hr. ","COB":0,"IOB":0.047,"duration":30,"rate":0.5411358858600133,"timestamp":"2023-12-20T04:20:03.137Z"}}