{"algorithm":"OpenAPSSMBDynamicISFPlugin","input":{"glucoseStatus":{"glucose":71,"noise":0,"delta":-2,"short_avgdelta":-2,"long_avgdelta":-2.09,"date":1702920862000},"currenttemp":{"temp":"absolute","duration":95,"rate":0,"minutesrunning":25},"iob_data":[{"iob":-0.07,"basaliob":-0.113,"bolussnooze":0,"activity":0,"lastBolusTime":1702911594496,"time":"2023-12-18T17:34:53.428Z","iobWithZeroTemp":{"iob":-0.07,"basaliob":-0.113,"bolussnooze":0,"activity":0,"lastBolusTime":1702911594496,"time":"2023-12-18T17:34:53.428Z"}},{"iob":-0.07,"basaliob":-0.108,"bolussnooze":0,"activity":-2.0E-4,"lastBolusTime":1702911594496,"time":"2023-12-18T17:39:53.428Z","iobWithZeroTemp":{"iob":-0.077,"basaliob":-0.115,"bolussnooze":0,"activity":-2.0E-4,"lastBolusTime":1702911594496,"time":"2023-12-18T17:39:53.428Z"}},{"iob":-0.068,"basaliob":-0.102,"bolussnooze":0,"activity":-3.0E-4,"lastBolusTime":1702911594496,"time":"2023-12-18T17:44:53.428Z","iobWithZeroTemp":{"iob":-0.083,"basaliob":-0.117,"bolussnooze":0,"activity":-3.0E-4,"lastBolusTime":1702911594496,"time":"2023-12-18T17:44:53.428Z"}},{"iob":-0.067,"basaliob":-0.097,"bolussnooze":0,"activity":-4.0E-4,"lastBolusTime":1702911594496,"time":"2023-12-18T17:49:53.428Z","iobWithZeroTemp":{"iob":-0.09,"basaliob":-0.12,"bolussnooze":0,"activity":-5.0E-4,"lastBolusTime":1702911594496,"time":"2023-12-18T17:49:53.428Z"}},{"iob":-0.064,"basaliob":-0.091,"bolussnooze":0,"activity":-4.0E-4,"lastBolusTime":1702911594496,"time":"2023-12-18T17:54:53.428Z","iobWithZeroTemp":{"iob":-0.095,"basaliob":-0.122,"bolussnooze":0,"activity":-5.0E-4,"lastBolusTime":1702911594496,"time":"2023-12-18T17:54:53.428Z"}},{"iob":-0.063,"basaliob":-0.086,"bolussnooze":0,"activity":-5.0E-4,"lastBolusTime":1702911594496,"time":"2023-12-18T17:59:53.428Z","iobWithZeroTemp":{"iob":-0.101,"basaliob":-0.124,"bolussnooze":0,"activity":-7.0E-4,"lastBolusTime":1702911594496,"time":"2023-12-18T17:59:53.428Z"}},{"iob":-0.06,"basaliob":-0.08,"bolussnooze":0,"activity":-6.0E-4,"lastBolusTime":1702911594496,"time":"2023-12-18T18:04:53.428Z","iobWithZeroTemp":{"iob":-0.106,"basaliob":-0.126,"bolussnooze":0,"activity":-8.0E-4,"lastBolusTime":1702911594496,"time":"2023-12-18T18:04:53.428Z"}},{"iob":-0.057,"basaliob":-0.075,"bolussnooze":0,"activity":-5.0E-4,"lastBolusTime":1702911594496,"time":"2023-12-18T18:09:53.428Z","iobWithZeroTemp":{"iob":-0.11,"basaliob":-0.128,"bolussnooze":0,"activity":-8.0E-4,"lastBolusTime":1702911594496,"time":"2023-12-18T18:09:53.428Z"}},{"iob":-0.054,"basaliob":-0.07,"bolussnooze":0,"activity":-6.0E-4,"lastBolusTime":1702911594496,"time":"2023-12-18T18:14:53.428Z","iobWithZeroTemp":{"iob":-0.113,"basaliob":-0.129,"bolussnooze":0,"activity":-0.001,"lastBolusTime":1702911594496,"time":"2023-12-18T18:14:53.428Z"}},{"iob":-0.051,"basaliob":-0.065,"bolussnooze":0,"activity":-6.0E-4,"lastBolusTime":1702911594496,"time":"2023-12-18T18:19:53.428Z","iobWithZeroTemp":{"iob":-0.117,"basaliob":-0.131,"bolussnooze":0,"activity":-0.001,"lastBolusTime":1702911594496,"time":"2023-12-18T18:19:53.428Z"}},{"iob":-0.048,"basaliob":-0.06,"bolussnooze":0,"activity":-6.0E-4,"lastBolusTime":1702911594496,"time":"2023-12-18T18:24:53.428Z","iobWithZeroTemp":{"iob":-0.12,"basaliob":-0.132,"bolussnooze":0,"activity":-0.0011,"lastBolusTime":1702911594496,"time":"2023-12-18T18:24:53.428Z"}},{"iob":-0.046,"basaliob":-0.056,"bolussnooze":0,"activity":-6.0E-4,"lastBolusTime":1702911594496,"time":"2023-12-18T18:29:53.428Z","iobWithZeroTemp":{"iob":-0.123,"basaliob":-0.133,"bolussnooze":0,"activity":-0.0012,"lastBolusTime":1702911594496,"time":"2023-12-18T18:29:53.428Z"}},{"iob":-0.042,"basaliob":-0.051,"bolussnooze":0,"activity":-5.0E-4,"lastBolusTime":1702911594496,"time":"2023-12-18T18:34:53.428Z","iobWithZeroTemp":{"iob":-0.124,"basaliob":-0.133,"bolussnooze":0,"activity":-0.0012,"lastBolusTime":1702911594496,"time":"2023-12-18T18:34:53.428Z"}},{"iob":-0.039,"basaliob":-0.047,"bolussnooze":0,"activity":-6.0E-4,"lastBolusTime":1702911594496,"time":"2023-12-18T18:39:53.428Z","iobWithZeroTemp":{"iob":-0.126,"basaliob":-0.134,"bolussnooze":0,"activity":-0.0013,"lastBolusTime":1702911594496,"time":"2023-12-18T18:39:53.428Z"}},{"iob":-0.038,"basaliob":-0.044,"bolussnooze":0,"activity":-5.0E-4,"lastBolusTime":1702911594496,"time":"2023-12-18T18:44:53.428Z","iobWithZeroTemp":{"iob":-0.13,"basaliob":-0.136,"bolussnooze":0,"activity":-0.0013,"lastBolusTime":1702911594496,"time":"2023-12-18T18:44:53.428Z"}},{"iob":-0.035,"basaliob":-0.04,"bolussnooze":0,"activity":-5.0E-4,"lastBolusTime":1702911594496,"time":"2023-12-18T18:49:53.428Z","iobWithZeroTemp":{"iob":-0.131,"basaliob":-0.136,"bolussnooze":0,"activity":-0.0014,"lastBolusTime":1702911594496,"time":"2023-12-18T18:49:53.428Z"}},{"iob":-0.032,"basaliob":-0.037,"bolussnooze":0,"activity":-4.0E-4,"lastBolusTime":1702911594496,"time":"2023-12-18T18:54:53.428Z","iobWithZeroTemp":{"iob":-0.132,"basaliob":-0.137,"bolussnooze":0,"activity":-0.0013,"lastBolusTime":1702911594496,"time":"2023-12-18T18:54:53.428Z"}},{"iob":-0.03,"basaliob":-0.034,"bolussnooze":0,"activity":-5.0E-4,"lastBolusTime":1702911594496,"time":"2023-12-18T18:59:53.428Z","iobWithZeroTemp":{"iob":-0.134,"basaliob":-0.138,"bolussnooze":0,"activity":-0.0015,"lastBolusTime":1702911594496,"time":"2023-12-18T18:59:53.428Z"}},{"iob":-0.028,"basaliob":-0.031,"bolussnooze":0,"activity":-5.0E-4,"lastBolusTime":1702911594496,"time":"2023-12-18T19:04:53.428Z","iobWithZeroTemp":{"iob":-0.156,"basaliob":-0.159,"bolussnooze":0,"activity":-0.0015,"lastBolusTime":1702911594496,"time":"2023-12-18T19:04:53.428Z"}},{"iob":-0.025,"basaliob":-0.028,"bolussnooze":0,"activity":-4.0E-4,"lastBolusTime":1702911594496,"time":"2023-12-18T19:09:53.428Z","iobWithZeroTemp":{"iob":-0.176,"basaliob":-0.179,"bolussnooze":0,"activity":-0.0016,"lastBolusTime":1702911594496,"time":"2023-12-18T19:09:53.428Z"}},{"iob":-0.023,"basaliob":-0.025,"bolussnooze":0,"activity":-4.0E-4,"lastBolusTime":1702911594496,"time":"2023-12-18T19:14:53.428Z","iobWithZeroTemp":{"iob":-0.197,"basaliob":-0.199,"bolussnooze":0,"activity":-0.0017,"lastBolusTime":1702911594496,"time":"2023-12-18T19:14:53.428Z"}},{"iob":-0.021,"basaliob":-0.023,"bolussnooze":0,"activity":-3.0E-4,"lastBolusTime":1702911594496,"time":"2023-12-18T19:19:53.428Z","iobWithZeroTemp":{"iob":-0.217,"basaliob":-0.219,"bolussnooze":0,"activity":-0.0018,"lastBolusTime":1702911594496,"time":"2023-12-18T19:19:53.428Z"}},{"iob":-0.019,"basaliob":-0.021,"bolussnooze":0,"activity":-3.0E-4,"lastBolusTime":1702911594496,"time":"2023-12-18T19:24:53.428Z","iobWithZeroTemp":{"iob":-0.236,"basaliob":-0.238,"bolussnooze":0,"activity":-0.002,"lastBolusTime":1702911594496,"time":"2023-12-18T19:24:53.428Z"}},{"iob":-0.018,"basaliob":-0.019,"bolussnooze":0,"activity":-3.0E-4,"lastBolusTime":1702911594496,"time":"2023-12-18T19:29:53.428Z","iobWithZeroTemp":{"iob":-0.255,"basaliob":-0.256,"bolussnooze":0,"activity":-0.0022,"lastBolusTime":1702911594496,"time":"2023-12-18T19:29:53.428Z"}},{"iob":-0.016,"basaliob":-0.017,"bolussnooze":0,"activity":-4.0E-4,"lastBolusTime":1702911594496,"time":"2023-12-18T19:34:53.428Z","iobWithZeroTemp":{"iob":-0.273,"basaliob":-0.274,"bolussnooze":0,"activity":-0.0025,"lastBolusTime":1702911594496,"time":"2023-12-18T19:34:53.428Z"}},{"iob":-0.014,"basaliob":-0.015,"bolussnooze":0,"activity":-3.0E-4,"lastBolusTime":1702911594496,"time":"2023-12-18T19:39:53.428Z","iobWithZeroTemp":{"iob":-0.289,"basaliob":-0.29,"bolussnooze":0,"activity":-0.0026,"lastBolusTime":1702911594496,"time":"2023-12-18T19:39:53.428Z"}},{"iob":-0.013,"basaliob":-0.014,"bolussnooze":0,"activity":-3.0E-4,"lastBolusTime":1702911594496,"time":"2023-12-18T19:44:53.428Z","iobWithZeroTemp":{"iob":-0.305,"basaliob":-0.306,"bolussnooze":0,"activity":-0.0028,"lastBolusTime":1702911594496,"time":"2023-12-18T19:44:53.428Z"}},{"iob":-0.011,"basaliob":-0.012,"bolussnooze":0,"activity":-3.0E-4,"lastBolusTime":1702911594496,"time":"2023-12-18T19:49:53.428Z","iobWithZeroTemp":{"iob":-0.319,"basaliob":-0.32,"bolussnooze":0,"activity":-0.003,"lastBolusTime":1702911594496,"time":"2023-12-18T19:49:53.428Z"}},{"iob":-0.011,"basaliob":-0.011,"bolussnooze":0,"activity":-3.0E-4,"lastBolusTime":1702911594496,"time":"2023-12-18T19:54:53.428Z","iobWithZeroTemp":{"iob":-0.334,"basaliob":-0.334,"bolussnooze":0,"activity":-0.0032,"lastBolusTime":1702911594496,"time":"2023-12-18T19:54:53.428Z"}},{"iob":-0.01,"basaliob":-0.01,"bolussnooze":0,"activity":-2.0E-4,"lastBolusTime":1702911594496,"time":"2023-12-18T19:59:53.428Z","iobWithZeroTemp":{"iob":-0.347,"basaliob":-0.347,"bolussnooze":0,"activity":-0.0033,"lastBolusTime":1702911594496,"time":"2023-12-18T19:59:53.428Z"}},{"iob":-0.009,"basaliob":-0.009,"bolussnooze":0,"activity":-2.0E-4,"lastBolusTime":1702911594496,"time":"2023-12-18T20:04:53.428Z","iobWithZeroTemp":{"iob":-0.36,"basaliob":-0.36,"bolussnooze":0,"activity":-0.0035,"lastBolusTime":1702911594496,"time":"2023-12-18T20:04:53.428Z"}},{"iob":-0.008,"basaliob":-0.008,"bolussnooze":0,"activity":-2.0E-4,"lastBolusTime":1702911594496,"time":"2023-12-18T20:09:53.428Z","iobWithZeroTemp":{"iob":-0.371,"basaliob":-0.371,"bolussnooze":0,"activity":-0.0037,"lastBolusTime":1702911594496,"time":"2023-12-18T20:09:53.428Z"}},{"iob":-0.007,"basaliob":-0.007,"bolussnooze":0,"activity":-2.0E-4,"lastBolusTime":1702911594496,"time":"2023-12-18T20:14:53.428Z","iobWithZeroTemp":{"iob":-0.381,"basaliob":-0.381,"bolussnooze":0,"activity":-0.0038,"lastBolusTime":1702911594496,"time":"2023-12-18T20:14:53.428Z"}},{"iob":-0.006,"basaliob":-0.006,"bolussnooze":0,"activity":-2.0E-4,"lastBolusTime":1702911594496,"time":"2023-12-18T20:19:53.428Z","iobWithZeroTemp":{"iob":-0.391,"basaliob":-0.391,"bolussnooze":0,"activity":-0.004,"lastBolusTime":1702911594496,"time":"2023-12-18T20:19:53.428Z"}},{"iob":-0.006,"basaliob":-0.006,"bolussnooze":0,"activity":-1.0E-4,"lastBolusTime":1702911594496,"time":"2023-12-18T20:24:53.428Z","iobWithZeroTemp":{"iob":-0.401,"basaliob":-0.401,"bolussnooze":0,"activity":-0.0041,"lastBolusTime":1702911594496,"time":"2023-12-18T20:24:53.428Z"}},{"iob":-0.005,"basaliob":-0.005,"bolussnooze":0,"activity":-1.0E-4,"lastBolusTime":1702911594496,"time":"2023-12-18T20:29:53.428Z","iobWithZeroTemp":{"iob":-0.409,"basaliob":-0.409,"bolussnooze":0,"activity":-0.0042,"lastBolusTime":1702911594496,"time":"2023-12-18T20:29:53.428Z"}},{"iob":-0.004,"basaliob":-0.004,"bolussnooze":0,"activity":-1.0E-4,"lastBolusTime":1702911594496,"time":"2023-12-18T20:34:53.428Z","iobWithZeroTemp":{"iob":-0.416,"basaliob":-0.416,"bolussnooze":0,"activity":-0.0043,"lastBolusTime":1702911594496,"time":"2023-12-18T20:34:53.428Z"}},{"iob":-0.004,"basaliob":-0.004,"bolussnooze":0,"activity":-1.0E-4,"lastBolusTime":1702911594496,"time":"2023-12-18T20:39:53.428Z","iobWithZeroTemp":{"iob":-0.423,"basaliob":-0.423,"bolussnooze":0,"activity":-0.0045,"lastBolusTime":1702911594496,"time":"2023-12-18T20:39:53.428Z"}},{"iob":-0.003,"basaliob":-0.003,"bolussnooze":0,"activity":-1.0E-4,"lastBolusTime":1702911594496,"time":"2023-12-18T20:44:53.428Z","iobWithZeroTemp":{"iob":-0.429,"basaliob":-0.429,"bolussnooze":0,"activity":-0.0046,"lastBolusTime":1702911594496,"time":"2023-12-18T20:44:53.428Z"}},{"iob":-0.003,"basaliob":-0.003,"bolussnooze":0,"activity":-1.0E-4,"lastBolusTime":1702911594496,"time":"2023-12-18T20:49:53.428Z","iobWithZeroTemp":{"iob":-0.436,"basaliob":-0.436,"bolussnooze":0,"activity":-0.0047,"lastBolusTime":1702911594496,"time":"2023-12-18T20:49:53.428Z"}},{"iob":-0.003,"basaliob":-0.003,"bolussnooze":0,"activity":-1.0E-4,"lastBolusTime":1702911594496,"time":"2023-12-18T20:54:53.428Z","iobWithZeroTemp":{"iob":-0.442,"basaliob":-0.442,"bolussnooze":0,"activity":-0.0048,"lastBolusTime":1702911594496,"time":"2023-12-18T20:54:53.428Z"}},{"iob":-0.002,"basaliob":-0.002,"bolussnooze":0,"activity":-1.0E-4,"lastBolusTime":1702911594496,"time":"2023-12-18T20:59:53.428Z","iobWithZeroTemp":{"iob":-0.446,"basaliob":-0.446,"bolussnooze":0,"activity":-0.0049,"lastBolusTime":1702911594496,"time":"2023-12-18T20:59:53.428Z"}},{"iob":-0.002,"basaliob":-0.002,"bolussnooze":0,"activity":-1.0E-4,"lastBolusTime":0,"time":"2023-12-18T21:04:53.428Z","iobWithZeroTemp":{"iob":-0.447,"basaliob":-0.447,"bolussnooze":0,"activity":-0.005,"lastBolusTime":0,"time":"2023-12-18T21:04:53.428Z"}},{"iob":-0.002,"basaliob":-0.002,"bolussnooze":0,"activity":0,"lastBolusTime":0,"time":"2023-12-18T21:09:53.428Z","iobWithZeroTemp":{"iob":-0.447,"basaliob":-0.447,"bolussnooze":0,"activity":-0.005,"lastBolusTime":0,"time":"2023-12-18T21:09:53.428Z"}},{"iob":-0.001,"basaliob":-0.001,"bolussnooze":0,"activity":0,"lastBolusTime":0,"time":"2023-12-18T21:14:53.428Z","iobWithZeroTemp":{"iob":-0.446,"basaliob":-0.446,"bolussnooze":0,"activity":-0.005,"lastBolusTime":0,"time":"2023-12-18T21:14:53.428Z"}},{"iob":-0.001,"basaliob":-0.001,"bolussnooze":0,"activity":0,"lastBolusTime":0,"time":"2023-12-18T21:19:53.428Z","iobWithZeroTemp":{"iob":-0.446,"basaliob":-0.446,"bolussnooze":0,"activity":-0.0051,"lastBolusTime":0,"time":"2023-12-18T21:19:53.428Z"}},{"iob":-0.001,"basaliob":-0.001,"bolussnooze":0,"activity":0,"lastBolusTime":0,"time":"2023-12-18T21:24:53.428Z","iobWithZeroTemp":{"iob":-0.445,"basaliob":-0.445,"bolussnooze":0,"activity":-0.0051,"lastBolusTime":0,"time":"2023-12-18T21:24:53.428Z"}},{"iob":-0.001,"basaliob":-0.001,"bolussnooze":0,"activity":0,"lastBolusTime":0,"time":"2023-12-18T21:29:53.428Z","iobWithZeroTemp":{"iob":-0.445,"basaliob":-0.445,"bolussnooze":0,"activity":-0.0051,"lastBolusTime":0,"time":"2023-12-18T21:29:53.428Z"}}],"profile":{"max_iob":10,"type":"current","max_daily_basal":0.4,"max_basal":0.4,"min_bg":130,"max_bg":130,"target_bg":130,"carb_ratio":8.8,"sens":120,"max_daily_safety_multiplier":3,"current_basal_safety_multiplier":4,"lgsThreshold":95,"high_temptarget_raises_sensitivity":true,"low_temptarget_lowers_sensitivity":true,"sensitivity_raises_target":true,"resistance_lowers_target":true,"adv_target_adjustments":false,"exercise_mode":false,"half_basal_exercise_target":160,"maxCOB":120,"skip_neutral_temps":false,"remainingCarbsCap":90,"enableUAM":true,"A52_risk_enable":false,"SMBInterval":5,"enableSMB_with_COB":true,"enableSMB_with_temptarget":true,"allowSMB_with_high_temptarget":false,"enableSMB_always":false,"enableSMB_after_carbs":true,"maxSMBBasalMinutes":30,"maxUAMSMBBasalMinutes":40,"bolus_increment":0.05,"carbsReqThreshold":4,"current_basal":0.1,"temptargetSet":true,"autosens_max":1.3,"autosens_min":0.7,"variable_sens":158.8,"insulinDivisor":75,"TDD":17.019833333333334},"autosens_data":{"ratio":0.891310653462064},"meal_data":{"carbs":0,"mealCOB":0,"slopeFromMaxDeviation":0,"slopeFromMinDeviation":0.02522222222222226,"lastBolusTime":1702911594496,"lastCarbTime":0},"microBolusAllowed":true,"currentTime":1702920895289,"flatBGsDetected":false,"tdd1D":16.272499999999997,"tdd7D":20.110833333333336,"tddLast24H":17.924999999999994,"tddLast4H":1.9166666666666665,"tddLast8to4H":3.629166666666667},"output":{"temp":"absolute","bg":71,"tick":-2,"eventualBG":69,"targetBG":130,"insulinReq":0,"deliverAt":"2023-12-18T17:34:55.289Z","sensitivityRatio":0.67,"variable_sens":158.8,"predBGs":{"IOB":[71,69,68,66,65,65,64,64,63,63,64,64,65,65,65,66,66,67,67,67,68,68,68,69,69,69,69,70,70,70,70,70,71,71,71,71,71,71,71,71,71,71,72],"ZT":[71,71,71,71,72,72,73,73,74,75,76,76,77,78,79,80,81,82,83,84,85,86,88,89,91,92,94,96,98,100,102,104,106,108,111,113,116,118,121,123,126,128]},"reason":"COB: 0, Dev: -13, BGI: 0, ISF: 159, CR: 8.8, Target: 130, minPredBG 68, minGuardBG 63, IOBpredBG 72; minGuardBG 63<95","COB":0,"IOB":-0.07,"duration":120,"rate":0,"timestamp":"2023-12-18T17:34:55.319Z"}}