{"algorithm":"OpenAPSSMBDynamicISFPlugin","input":{"glucoseStatus":{"glucose":101,"noise":0,"delta":-1.11,"short_avgdelta":-1.11,"long_avgdelta":-0.99,"date":1702959864000},"currenttemp":{"temp":"absolute","duration":25,"rate":0.35,"minutesrunning":5},"iob_data":[{"iob":-0.054,"basaliob":-0.054,"bolussnooze":0,"activity":-2.0E-4,"lastBolusTime":0,"time":"2023-12-19T04:24:58.224Z","iobWithZeroTemp":{"iob":-0.054,"basaliob":-0.054,"bolussnooze":0,"activity":-2.0E-4,"lastBolusTime":0,"time":"2023-12-19T04:24:58.224Z"}},{"iob":-0.052,"basaliob":-0.052,"bolussnooze":0,"activity":-3.0E-4,"lastBolusTime":0,"time":"2023-12-19T04:29:58.224Z","iobWithZeroTemp":{"iob":-0.079,"basaliob":-0.079,"bolussnooze":0,"activity":-3.0E-4,"lastBolusTime":0,"time":"2023-12-19T04:29:58.224Z"}},{"iob":-0.051,"basaliob":-0.051,"bolussnooze":0,"activity":-3.0E-4,"lastBolusTime":0,"time":"2023-12-19T04:34:58.224Z","iobWithZeroTemp":{"iob":-0.111,"basaliob":-0.111,"bolussnooze":0,"activity":-4.0E-4,"lastBolusTime":0,"time":"2023-12-19T04:34:58.224Z"}},{"iob":-0.049,"basaliob":-0.049,"bolussnooze":0,"activity":-4.0E-4,"lastBolusTime":0,"time":"2023-12-19T04:39:58.224Z","iobWithZeroTemp":{"iob":-0.141,"basaliob":-0.141,"bolussnooze":0,"activity":-7.0E-4,"lastBolusTime":0,"time":"2023-12-19T04:39:58.224Z"}},{"iob":-0.047,"basaliob":-0.047,"bolussnooze":0,"activity":-4.0E-4,"lastBolusTime":0,"time":"2023-12-19T04:44:58.224Z","iobWithZeroTemp":{"iob":-0.171,"basaliob":-0.171,"bolussnooze":0,"activity":-9.0E-4,"lastBolusTime":0,"time":"2023-12-19T04:44:58.224Z"}},{"iob":-0.045,"basaliob":-0.045,"bolussnooze":0,"activity":-4.0E-4,"lastBolusTime":0,"time":"2023-12-19T04:49:58.224Z","iobWithZeroTemp":{"iob":-0.199,"basaliob":-0.199,"bolussnooze":0,"activity":-0.0011,"lastBolusTime":0,"time":"2023-12-19T04:49:58.224Z"}},{"iob":-0.043,"basaliob":-0.043,"bolussnooze":0,"activity":-5.0E-4,"lastBolusTime":0,"time":"2023-12-19T04:54:58.224Z","iobWithZeroTemp":{"iob":-0.226,"basaliob":-0.226,"bolussnooze":0,"activity":-0.0015,"lastBolusTime":0,"time":"2023-12-19T04:54:58.224Z"}},{"iob":-0.041,"basaliob":-0.041,"bolussnooze":0,"activity":-5.0E-4,"lastBolusTime":0,"time":"2023-12-19T04:59:58.224Z","iobWithZeroTemp":{"iob":-0.252,"basaliob":-0.252,"bolussnooze":0,"activity":-0.0017,"lastBolusTime":0,"time":"2023-12-19T04:59:58.224Z"}},{"iob":-0.038,"basaliob":-0.038,"bolussnooze":0,"activity":-5.0E-4,"lastBolusTime":0,"time":"2023-12-19T05:04:58.224Z","iobWithZeroTemp":{"iob":-0.272,"basaliob":-0.272,"bolussnooze":0,"activity":-0.002,"lastBolusTime":0,"time":"2023-12-19T05:04:58.224Z"}},{"iob":-0.036,"basaliob":-0.036,"bolussnooze":0,"activity":-5.0E-4,"lastBolusTime":0,"time":"2023-12-19T05:09:58.224Z","iobWithZeroTemp":{"iob":-0.291,"basaliob":-0.291,"bolussnooze":0,"activity":-0.0023,"lastBolusTime":0,"time":"2023-12-19T05:09:58.224Z"}},{"iob":-0.034,"basaliob":-0.034,"bolussnooze":0,"activity":-4.0E-4,"lastBolusTime":0,"time":"2023-12-19T05:14:58.224Z","iobWithZeroTemp":{"iob":-0.308,"basaliob":-0.308,"bolussnooze":0,"activity":-0.0024,"lastBolusTime":0,"time":"2023-12-19T05:14:58.224Z"}},{"iob":-0.032,"basaliob":-0.032,"bolussnooze":0,"activity":-4.0E-4,"lastBolusTime":0,"time":"2023-12-19T05:19:58.224Z","iobWithZeroTemp":{"iob":-0.325,"basaliob":-0.325,"bolussnooze":0,"activity":-0.0027,"lastBolusTime":0,"time":"2023-12-19T05:19:58.224Z"}},{"iob":-0.029,"basaliob":-0.029,"bolussnooze":0,"activity":-4.0E-4,"lastBolusTime":0,"time":"2023-12-19T05:24:58.224Z","iobWithZeroTemp":{"iob":-0.339,"basaliob":-0.339,"bolussnooze":0,"activity":-0.0029,"lastBolusTime":0,"time":"2023-12-19T05:24:58.224Z"}},{"iob":-0.027,"basaliob":-0.027,"bolussnooze":0,"activity":-4.0E-4,"lastBolusTime":0,"time":"2023-12-19T05:29:58.224Z","iobWithZeroTemp":{"iob":-0.353,"basaliob":-0.353,"bolussnooze":0,"activity":-0.0032,"lastBolusTime":0,"time":"2023-12-19T05:29:58.224Z"}},{"iob":-0.025,"basaliob":-0.025,"bolussnooze":0,"activity":-4.0E-4,"lastBolusTime":0,"time":"2023-12-19T05:34:58.224Z","iobWithZeroTemp":{"iob":-0.366,"basaliob":-0.366,"bolussnooze":0,"activity":-0.0034,"lastBolusTime":0,"time":"2023-12-19T05:34:58.224Z"}},{"iob":-0.024,"basaliob":-0.024,"bolussnooze":0,"activity":-4.0E-4,"lastBolusTime":0,"time":"2023-12-19T05:39:58.224Z","iobWithZeroTemp":{"iob":-0.378,"basaliob":-0.378,"bolussnooze":0,"activity":-0.0036,"lastBolusTime":0,"time":"2023-12-19T05:39:58.224Z"}},{"iob":-0.022,"basaliob":-0.022,"bolussnooze":0,"activity":-3.0E-4,"lastBolusTime":0,"time":"2023-12-19T05:44:58.224Z","iobWithZeroTemp":{"iob":-0.389,"basaliob":-0.389,"bolussnooze":0,"activity":-0.0037,"lastBolusTime":0,"time":"2023-12-19T05:44:58.224Z"}},{"iob":-0.02,"basaliob":-0.02,"bolussnooze":0,"activity":-3.0E-4,"lastBolusTime":0,"time":"2023-12-19T05:49:58.224Z","iobWithZeroTemp":{"iob":-0.399,"basaliob":-0.399,"bolussnooze":0,"activity":-0.0039,"lastBolusTime":0,"time":"2023-12-19T05:49:58.224Z"}},{"iob":-0.019,"basaliob":-0.019,"bolussnooze":0,"activity":-3.0E-4,"lastBolusTime":0,"time":"2023-12-19T05:54:58.224Z","iobWithZeroTemp":{"iob":-0.408,"basaliob":-0.408,"bolussnooze":0,"activity":-0.0041,"lastBolusTime":0,"time":"2023-12-19T05:54:58.224Z"}},{"iob":-0.017,"basaliob":-0.017,"bolussnooze":0,"activity":-3.0E-4,"lastBolusTime":0,"time":"2023-12-19T05:59:58.224Z","iobWithZeroTemp":{"iob":-0.416,"basaliob":-0.416,"bolussnooze":0,"activity":-0.0043,"lastBolusTime":0,"time":"2023-12-19T05:59:58.224Z"}},{"iob":-0.016,"basaliob":-0.016,"bolussnooze":0,"activity":-3.0E-4,"lastBolusTime":0,"time":"2023-12-19T06:04:58.224Z","iobWithZeroTemp":{"iob":-0.424,"basaliob":-0.424,"bolussnooze":0,"activity":-0.0044,"lastBolusTime":0,"time":"2023-12-19T06:04:58.224Z"}},{"iob":-0.014,"basaliob":-0.014,"bolussnooze":0,"activity":-3.0E-4,"lastBolusTime":0,"time":"2023-12-19T06:09:58.224Z","iobWithZeroTemp":{"iob":-0.43,"basaliob":-0.43,"bolussnooze":0,"activity":-0.0046,"lastBolusTime":0,"time":"2023-12-19T06:09:58.224Z"}},{"iob":-0.013,"basaliob":-0.013,"bolussnooze":0,"activity":-2.0E-4,"lastBolusTime":0,"time":"2023-12-19T06:14:58.224Z","iobWithZeroTemp":{"iob":-0.437,"basaliob":-0.437,"bolussnooze":0,"activity":-0.0046,"lastBolusTime":0,"time":"2023-12-19T06:14:58.224Z"}},{"iob":-0.012,"basaliob":-0.012,"bolussnooze":0,"activity":-2.0E-4,"lastBolusTime":0,"time":"2023-12-19T06:19:58.224Z","iobWithZeroTemp":{"iob":-0.443,"basaliob":-0.443,"bolussnooze":0,"activity":-0.0047,"lastBolusTime":0,"time":"2023-12-19T06:19:58.224Z"}},{"iob":-0.011,"basaliob":-0.011,"bolussnooze":0,"activity":-2.0E-4,"lastBolusTime":0,"time":"2023-12-19T06:24:58.224Z","iobWithZeroTemp":{"iob":-0.448,"basaliob":-0.448,"bolussnooze":0,"activity":-0.0048,"lastBolusTime":0,"time":"2023-12-19T06:24:58.224Z"}},{"iob":-0.01,"basaliob":-0.01,"bolussnooze":0,"activity":-2.0E-4,"lastBolusTime":0,"time":"2023-12-19T06:29:58.224Z","iobWithZeroTemp":{"iob":-0.453,"basaliob":-0.453,"bolussnooze":0,"activity":-0.005,"lastBolusTime":0,"time":"2023-12-19T06:29:58.224Z"}},{"iob":-0.009,"basaliob":-0.009,"bolussnooze":0,"activity":-2.0E-4,"lastBolusTime":0,"time":"2023-12-19T06:34:58.224Z","iobWithZeroTemp":{"iob":-0.457,"basaliob":-0.457,"bolussnooze":0,"activity":-0.0051,"lastBolusTime":0,"time":"2023-12-19T06:34:58.224Z"}},{"iob":-0.008,"basaliob":-0.008,"bolussnooze":0,"activity":-2.0E-4,"lastBolusTime":0,"time":"2023-12-19T06:39:58.224Z","iobWithZeroTemp":{"iob":-0.46,"basaliob":-0.46,"bolussnooze":0,"activity":-0.0051,"lastBolusTime":0,"time":"2023-12-19T06:39:58.224Z"}},{"iob":-0.008,"basaliob":-0.008,"bolussnooze":0,"activity":-1.0E-4,"lastBolusTime":0,"time":"2023-12-19T06:44:58.224Z","iobWithZeroTemp":{"iob":-0.465,"basaliob":-0.465,"bolussnooze":0,"activity":-0.0051,"lastBolusTime":0,"time":"2023-12-19T06:44:58.224Z"}},{"iob":-0.007,"basaliob":-0.007,"bolussnooze":0,"activity":-1.0E-4,"lastBolusTime":0,"time":"2023-12-19T06:49:58.224Z","iobWithZeroTemp":{"iob":-0.467,"basaliob":-0.467,"bolussnooze":0,"activity":-0.0052,"lastBolusTime":0,"time":"2023-12-19T06:49:58.224Z"}},{"iob":-0.006,"basaliob":-0.006,"bolussnooze":0,"activity":-1.0E-4,"lastBolusTime":0,"time":"2023-12-19T06:54:58.224Z","iobWithZeroTemp":{"iob":-0.47,"basaliob":-0.47,"bolussnooze":0,"activity":-0.0053,"lastBolusTime":0,"time":"2023-12-19T06:54:58.224Z"}},{"iob":-0.006,"basaliob":-0.006,"bolussnooze":0,"activity":-1.0E-4,"lastBolusTime":0,"time":"2023-12-19T06:59:58.224Z","iobWithZeroTemp":{"iob":-0.473,"basaliob":-0.473,"bolussnooze":0,"activity":-0.0053,"lastBolusTime":0,"time":"2023-12-19T06:59:58.224Z"}},{"iob":-0.005,"basaliob":-0.005,"bolussnooze":0,"activity":-1.0E-4,"lastBolusTime":0,"time":"2023-12-19T07:04:58.224Z","iobWithZeroTemp":{"iob":-0.475,"basaliob":-0.475,"bolussnooze":0,"activity":-0.0054,"lastBolusTime":0,"time":"2023-12-19T07:04:58.224Z"}},{"iob":-0.005,"basaliob":-0.005,"bolussnooze":0,"activity":-1.0E-4,"lastBolusTime":0,"time":"2023-12-19T07:09:58.224Z","iobWithZeroTemp":{"iob":-0.477,"basaliob":-0.477,"bolussnooze":0,"activity":-0.0055,"lastBolusTime":0,"time":"2023-12-19T07:09:58.224Z"}},{"iob":-0.004,"basaliob":-0.004,"bolussnooze":0,"activity":-1.0E-4,"lastBolusTime":0,"time":"2023-12-19T07:14:58.224Z","iobWithZeroTemp":{"iob":-0.479,"basaliob":-0.479,"bolussnooze":0,"activity":-0.0055,"lastBolusTime":0,"time":"2023-12-19T07:14:58.224Z"}},{"iob":-0.004,"basaliob":-0.004,"bolussnooze":0,"activity":-1.0E-4,"lastBolusTime":0,"time":"2023-12-19T07:19:58.224Z","iobWithZeroTemp":{"iob":-0.481,"basaliob":-0.481,"bolussnooze":0,"activity":-0.0056,"lastBolusTime":0,"time":"2023-12-19T07:19:58.224Z"}},{"iob":-0.003,"basaliob":-0.003,"bolussnooze":0,"activity":-1.0E-4,"lastBolusTime":0,"time":"2023-12-19T07:24:58.224Z","iobWithZeroTemp":{"iob":-0.481,"basaliob":-0.481,"bolussnooze":0,"activity":-0.0056,"lastBolusTime":0,"time":"2023-12-19T07:24:58.224Z"}},{"iob":-0.003,"basaliob":-0.003,"bolussnooze":0,"activity":-1.0E-4,"lastBolusTime":0,"time":"2023-12-19T07:29:58.224Z","iobWithZeroTemp":{"iob":-0.483,"basaliob":-0.483,"bolussnooze":0,"activity":-0.0056,"lastBolusTime":0,"time":"2023-12-19T07:29:58.224Z"}},{"iob":-0.003,"basaliob":-0.003,"bolussnooze":0,"activity":-1.0E-4,"lastBolusTime":0,"time":"2023-12-19T07:34:58.224Z","iobWithZeroTemp":{"iob":-0.484,"basaliob":-0.484,"bolussnooze":0,"activity":-0.0057,"lastBolusTime":0,"time":"2023-12-19T07:34:58.224Z"}},{"iob":-0.002,"basaliob":-0.002,"bolussnooze":0,"activity":-1.0E-4,"lastBolusTime":0,"time":"2023-12-19T07:39:58.224Z","iobWithZeroTemp":{"iob":-0.485,"basaliob":-0.485,"bolussnooze":0,"activity":-0.0057,"lastBolusTime":0,"time":"2023-12-19T07:39:58.224Z"}},{"iob":-0.002,"basaliob":-0.002,"bolussnooze":0,"activity":-1.0E-4,"lastBolusTime":0,"time":"2023-12-19T07:44:58.224Z","iobWithZeroTemp":{"iob":-0.486,"basaliob":-0.486,"bolussnooze":0,"activity":-0.0057,"lastBolusTime":0,"time":"2023-12-19T07:44:58.224Z"}},{"iob":-0.002,"basaliob":-0.002,"bolussnooze":0,"activity":0,"lastBolusTime":0,"time":"2023-12-19T07:49:58.224Z","iobWithZeroTemp":{"iob":-0.487,"basaliob":-0.487,"bolussnooze":0,"activity":-0.0057,"lastBolusTime":0,"time":"2023-12-19T07:49:58.224Z"}},{"iob":-0.002,"basaliob":-0.002,"bolussnooze":0,"activity":0,"lastBolusTime":0,"time":"2023-12-19T07:54:58.224Z","iobWithZeroTemp":{"iob":-0.488,"basaliob":-0.488,"bolussnooze":0,"activity":-0.0057,"lastBolusTime":0,"time":"2023-12-19T07:54:58.224Z"}},{"iob":-0.001,"basaliob":-0.001,"bolussnooze":0,"activity":0,"lastBolusTime":0,"time":"2023-12-19T07:59:58.224Z","iobWithZeroTemp":{"iob":-0.487,"basaliob":-0.487,"bolussnooze":0,"activity":-0.0057,"lastBolusTime":0,"time":"2023-12-19T07:59:58.224Z"}},{"iob":-0.001,"basaliob":-0.001,"bolussnooze":0,"activity":0,"lastBolusTime":0,"time":"2023-12-19T08:04:58.224Z","iobWithZeroTemp":{"iob":-0.488,"basaliob":-0.488,"bolussnooze":0,"activity":-0.0057,"lastBolusTime":0,"time":"2023-12-19T08:04:58.224Z"}},{"iob":-0.001,"basaliob":-0.001,"bolussnooze":0,"activity":0,"lastBolusTime":0,"time":"2023-12-19T08:09:58.224Z","iobWithZeroTemp":{"iob":-0.489,"basaliob":-0.489,"bolussnooze":0,"activity":-0.0057,"lastBolusTime":0,"time":"2023-12-19T08:09:58.224Z"}},{"iob":-0.001,"basaliob":-0.001,"bolussnooze":0,"activity":0,"lastBolusTime":0,"time":"2023-12-19T08:14:58.224Z","iobWithZeroTemp":{"iob":-0.489,"basaliob":-0.489,"bolussnooze":0,"activity":-0.0057,"lastBolusTime":0,"time":"2023-12-19T08:14:58.224Z"}},{"iob":-0.001,"basaliob":-0.001,"bolussnooze":0,"activity":0,"lastBolusTime":0,"time":"2023-12-19T08:19:58.224Z","iobWithZeroTemp":{"iob":-0.49,"basaliob":-0.49,"bolussnooze":0,"activity":-0.0058,"lastBolusTime":0,"time":"2023-12-19T08:19:58.224Z"}}],"profile":{"max_iob":10,"type":"current","max_daily_basal":0.4,"max_basal":1.2,"min_bg":95,"max_bg":95,"target_bg":95,"carb_ratio":8.8,"sens":130,"max_daily_safety_multiplier":3,"current_basal_safety_multiplier":4,"lgsThreshold":95,"high_temptarget_raises_sensitivity":true,"low_temptarget_lowers_sensitivity":true,"sensitivity_raises_target":true,"resistance_lowers_target":true,"adv_target_adjustments":false,"exercise_mode":false,"half_basal_exercise_target":160,"maxCOB":120,"skip_neutral_temps":false,"remainingCarbsCap":90,"enableUAM":true,"A52_risk_enable":false,"SMBInterval":5,"enableSMB_with_COB":true,"enableSMB_with_temptarget":true,"allowSMB_with_high_temptarget":false,"enableSMB_always":false,"enableSMB_after_carbs":true,"maxSMBBasalMinutes":30,"maxUAMSMBBasalMinutes":40,"bolus_increment":0.05,"carbsReqThreshold":4,"current_basal":0.4,"temptargetSet":false,"autosens_max":1.3,"autosens_min":0.7,"variable_sens":149.1,"insulinDivisor":75,"TDD":14.15098571428571},"autosens_data":{"ratio":0.8133706411529317},"meal_data":{"carbs":0,"mealCOB":0,"slopeFromMaxDeviation":-0.191,"slopeFromMinDeviation":0,"lastBolusTime":1702935600626,"lastCarbTime":0},"microBolusAllowed":true,"currentTime":1702959899554,"flatBGsDetected":false,"tdd1D":16.220833333333324,"tdd7D":19.783928571428568,"tddLast24H":16.091666666666658,"tddLast4H":0.9375000000000001,"tddLast8to4H":1.3000000000000003},"output":{"temp":"absolute","bg":101,"tick":-1,"eventualBG":102,"targetBG":103,"insulinReq":0,"deliverAt":"2023-12-19T04:24:59.554Z","sensitivityRatio":0.8133706411529317,"variable_sens":149.1,"predBGs":{"IOB":[101,100,99,98,98,97,97,97,97,97,97,97,98,98,98,98,99,99,99,99,100,100,100,100,100,101,101,101,101,101,101,101,101,101,101,101,102],"ZT":[101,101,101,102,102,103,104]},"reason":"COB: 0, Dev: -7, BGI: 0, ISF: 149, CR: 8.8, Target: 103, minPredBG 99, minGuardBG 97, IOBpredBG 102; Eventual BG 102 < 103, temp 0.35 ~< req 0.31U\/hr. ","COB":0,"IOB":-0.054,"timestamp":"2023-12-19T04:24:59.581Z"}}