{"algorithm":"OpenAPSSMBDynamicISFPlugin","input":{"glucoseStatus":{"glucose":99,"noise":0,"delta":-4,"short_avgdelta":-4,"long_avgdelta":-3.95,"date":1702939463000},"currenttemp":{"temp":"absolute","duration":65,"rate":0,"minutesrunning":55},"iob_data":[{"iob":0.109,"basaliob":-0.176,"bolussnooze":0,"activity":0.0036,"lastBolusTime":1702935600626,"time":"2023-12-18T22:44:54.071Z","iobWithZeroTemp":{"iob":0.109,"basaliob":-0.176,"bolussnooze":0,"activity":0.0036,"lastBolusTime":1702935600626,"time":"2023-12-18T22:44:54.071Z"}},{"iob":0.093,"basaliob":-0.169,"bolussnooze":0,"activity":0.0031,"lastBolusTime":1702935600626,"time":"2023-12-18T22:49:54.071Z","iobWithZeroTemp":{"iob":0.073,"basaliob":-0.189,"bolussnooze":0,"activity":0.0031,"lastBolusTime":1702935600626,"time":"2023-12-18T22:49:54.071Z"}},{"iob":0.078,"basaliob":-0.162,"bolussnooze":0,"activity":0.0027,"lastBolusTime":1702935600626,"time":"2023-12-18T22:54:54.071Z","iobWithZeroTemp":{"iob":0.033,"basaliob":-0.207,"bolussnooze":0,"activity":0.0026,"lastBolusTime":1702935600626,"time":"2023-12-18T22:54:54.071Z"}},{"iob":0.065,"basaliob":-0.154,"bolussnooze":0,"activity":0.0023,"lastBolusTime":1702935600626,"time":"2023-12-18T22:59:54.071Z","iobWithZeroTemp":{"iob":-0.004,"basaliob":-0.223,"bolussnooze":0,"activity":0.0021,"lastBolusTime":1702935600626,"time":"2023-12-18T22:59:54.071Z"}},{"iob":0.053,"basaliob":-0.147,"bolussnooze":0,"activity":0.0021,"lastBolusTime":1702935600626,"time":"2023-12-18T23:04:54.071Z","iobWithZeroTemp":{"iob":-0.036,"basaliob":-0.236,"bolussnooze":0,"activity":0.0018,"lastBolusTime":1702935600626,"time":"2023-12-18T23:04:54.071Z"}},{"iob":0.044,"basaliob":-0.139,"bolussnooze":0,"activity":0.0018,"lastBolusTime":1702935600626,"time":"2023-12-18T23:09:54.071Z","iobWithZeroTemp":{"iob":-0.064,"basaliob":-0.247,"bolussnooze":0,"activity":0.0013,"lastBolusTime":1702935600626,"time":"2023-12-18T23:09:54.071Z"}},{"iob":0.036,"basaliob":-0.13,"bolussnooze":0,"activity":0.0015,"lastBolusTime":1702935600626,"time":"2023-12-18T23:14:54.071Z","iobWithZeroTemp":{"iob":-0.089,"basaliob":-0.255,"bolussnooze":0,"activity":8.0E-4,"lastBolusTime":1702935600626,"time":"2023-12-18T23:14:54.071Z"}},{"iob":0.029,"basaliob":-0.122,"bolussnooze":0,"activity":0.0013,"lastBolusTime":1702935600626,"time":"2023-12-18T23:19:54.071Z","iobWithZeroTemp":{"iob":-0.114,"basaliob":-0.265,"bolussnooze":0,"activity":4.0E-4,"lastBolusTime":1702935600626,"time":"2023-12-18T23:19:54.071Z"}},{"iob":0.022,"basaliob":-0.115,"bolussnooze":0,"activity":0.0011,"lastBolusTime":1702935600626,"time":"2023-12-18T23:24:54.071Z","iobWithZeroTemp":{"iob":-0.137,"basaliob":-0.274,"bolussnooze":0,"activity":1.0E-4,"lastBolusTime":1702935600626,"time":"2023-12-18T23:24:54.071Z"}},{"iob":0.017,"basaliob":-0.107,"bolussnooze":0,"activity":0.001,"lastBolusTime":1702935600626,"time":"2023-12-18T23:29:54.071Z","iobWithZeroTemp":{"iob":-0.157,"basaliob":-0.281,"bolussnooze":0,"activity":-2.0E-4,"lastBolusTime":1702935600626,"time":"2023-12-18T23:29:54.071Z"}},{"iob":0.013,"basaliob":-0.1,"bolussnooze":0,"activity":8.0E-4,"lastBolusTime":1702935600626,"time":"2023-12-18T23:34:54.071Z","iobWithZeroTemp":{"iob":-0.175,"basaliob":-0.288,"bolussnooze":0,"activity":-6.0E-4,"lastBolusTime":1702935600626,"time":"2023-12-18T23:34:54.071Z"}},{"iob":0.01,"basaliob":-0.092,"bolussnooze":0,"activity":7.0E-4,"lastBolusTime":1702935600626,"time":"2023-12-18T23:39:54.071Z","iobWithZeroTemp":{"iob":-0.192,"basaliob":-0.294,"bolussnooze":0,"activity":-9.0E-4,"lastBolusTime":1702935600626,"time":"2023-12-18T23:39:54.071Z"}},{"iob":0.006,"basaliob":-0.086,"bolussnooze":0,"activity":6.0E-4,"lastBolusTime":1702935600626,"time":"2023-12-18T23:44:54.071Z","iobWithZeroTemp":{"iob":-0.208,"basaliob":-0.3,"bolussnooze":0,"activity":-0.0011,"lastBolusTime":1702935600626,"time":"2023-12-18T23:44:54.071Z"}},{"iob":0.004,"basaliob":-0.079,"bolussnooze":0,"activity":4.0E-4,"lastBolusTime":1702935600626,"time":"2023-12-18T23:49:54.071Z","iobWithZeroTemp":{"iob":-0.222,"basaliob":-0.305,"bolussnooze":0,"activity":-0.0015,"lastBolusTime":1702935600626,"time":"2023-12-18T23:49:54.071Z"}},{"iob":0.002,"basaliob":-0.073,"bolussnooze":0,"activity":4.0E-4,"lastBolusTime":1702935600626,"time":"2023-12-18T23:54:54.071Z","iobWithZeroTemp":{"iob":-0.235,"basaliob":-0.31,"bolussnooze":0,"activity":-0.0017,"lastBolusTime":1702935600626,"time":"2023-12-18T23:54:54.071Z"}},{"iob":0,"basaliob":-0.067,"bolussnooze":0,"activity":3.0E-4,"lastBolusTime":1702935600626,"time":"2023-12-18T23:59:54.071Z","iobWithZeroTemp":{"iob":-0.247,"basaliob":-0.314,"bolussnooze":0,"activity":-0.0019,"lastBolusTime":1702935600626,"time":"2023-12-18T23:59:54.071Z"}},{"iob":-0.002,"basaliob":-0.062,"bolussnooze":0,"activity":2.0E-4,"lastBolusTime":1702935600626,"time":"2023-12-19T00:04:54.071Z","iobWithZeroTemp":{"iob":-0.258,"basaliob":-0.318,"bolussnooze":0,"activity":-0.0022,"lastBolusTime":1702935600626,"time":"2023-12-19T00:04:54.071Z"}},{"iob":-0.003,"basaliob":-0.057,"bolussnooze":0,"activity":2.0E-4,"lastBolusTime":1702935600626,"time":"2023-12-19T00:09:54.071Z","iobWithZeroTemp":{"iob":-0.268,"basaliob":-0.322,"bolussnooze":0,"activity":-0.0023,"lastBolusTime":1702935600626,"time":"2023-12-19T00:09:54.071Z"}},{"iob":-0.004,"basaliob":-0.052,"bolussnooze":0,"activity":2.0E-4,"lastBolusTime":1702935600626,"time":"2023-12-19T00:14:54.071Z","iobWithZeroTemp":{"iob":-0.277,"basaliob":-0.325,"bolussnooze":0,"activity":-0.0024,"lastBolusTime":1702935600626,"time":"2023-12-19T00:14:54.071Z"}},{"iob":-0.004,"basaliob":-0.047,"bolussnooze":0,"activity":1.0E-4,"lastBolusTime":1702935600626,"time":"2023-12-19T00:19:54.071Z","iobWithZeroTemp":{"iob":-0.284,"basaliob":-0.327,"bolussnooze":0,"activity":-0.0027,"lastBolusTime":1702935600626,"time":"2023-12-19T00:19:54.071Z"}},{"iob":-0.004,"basaliob":-0.043,"bolussnooze":0,"activity":1.0E-4,"lastBolusTime":1702935600626,"time":"2023-12-19T00:24:54.071Z","iobWithZeroTemp":{"iob":-0.291,"basaliob":-0.33,"bolussnooze":0,"activity":-0.0028,"lastBolusTime":1702935600626,"time":"2023-12-19T00:24:54.071Z"}},{"iob":-0.005,"basaliob":-0.04,"bolussnooze":0,"activity":1.0E-4,"lastBolusTime":1702935600626,"time":"2023-12-19T00:29:54.071Z","iobWithZeroTemp":{"iob":-0.298,"basaliob":-0.333,"bolussnooze":0,"activity":-0.0029,"lastBolusTime":1702935600626,"time":"2023-12-19T00:29:54.071Z"}},{"iob":-0.005,"basaliob":-0.036,"bolussnooze":0,"activity":0,"lastBolusTime":1702935600626,"time":"2023-12-19T00:34:54.071Z","iobWithZeroTemp":{"iob":-0.304,"basaliob":-0.335,"bolussnooze":0,"activity":-0.0031,"lastBolusTime":1702935600626,"time":"2023-12-19T00:34:54.071Z"}},{"iob":-0.006,"basaliob":-0.033,"bolussnooze":0,"activity":0,"lastBolusTime":1702935600626,"time":"2023-12-19T00:39:54.071Z","iobWithZeroTemp":{"iob":-0.31,"basaliob":-0.337,"bolussnooze":0,"activity":-0.0032,"lastBolusTime":1702935600626,"time":"2023-12-19T00:39:54.071Z"}},{"iob":-0.006,"basaliob":-0.03,"bolussnooze":0,"activity":0,"lastBolusTime":1702935600626,"time":"2023-12-19T00:44:54.071Z","iobWithZeroTemp":{"iob":-0.315,"basaliob":-0.339,"bolussnooze":0,"activity":-0.0033,"lastBolusTime":1702935600626,"time":"2023-12-19T00:44:54.071Z"}},{"iob":-0.005,"basaliob":-0.027,"bolussnooze":0,"activity":0,"lastBolusTime":1702935600626,"time":"2023-12-19T00:49:54.071Z","iobWithZeroTemp":{"iob":-0.318,"basaliob":-0.34,"bolussnooze":0,"activity":-0.0033,"lastBolusTime":1702935600626,"time":"2023-12-19T00:49:54.071Z"}},{"iob":-0.005,"basaliob":-0.024,"bolussnooze":0,"activity":0,"lastBolusTime":1702935600626,"time":"2023-12-19T00:54:54.071Z","iobWithZeroTemp":{"iob":-0.322,"basaliob":-0.341,"bolussnooze":0,"activity":-0.0034,"lastBolusTime":1702935600626,"time":"2023-12-19T00:54:54.071Z"}},{"iob":-0.005,"basaliob":-0.022,"bolussnooze":0,"activity":0,"lastBolusTime":1702935600626,"time":"2023-12-19T00:59:54.071Z","iobWithZeroTemp":{"iob":-0.326,"basaliob":-0.343,"bolussnooze":0,"activity":-0.0035,"lastBolusTime":1702935600626,"time":"2023-12-19T00:59:54.071Z"}},{"iob":-0.005,"basaliob":-0.02,"bolussnooze":0,"activity":0,"lastBolusTime":1702935600626,"time":"2023-12-19T01:04:54.071Z","iobWithZeroTemp":{"iob":-0.325,"basaliob":-0.34,"bolussnooze":0,"activity":-0.0036,"lastBolusTime":1702935600626,"time":"2023-12-19T01:04:54.071Z"}},{"iob":-0.005,"basaliob":-0.018,"bolussnooze":0,"activity":-1.0E-4,"lastBolusTime":1702935600626,"time":"2023-12-19T01:09:54.071Z","iobWithZeroTemp":{"iob":-0.324,"basaliob":-0.337,"bolussnooze":0,"activity":-0.0037,"lastBolusTime":1702935600626,"time":"2023-12-19T01:09:54.071Z"}},{"iob":-0.005,"basaliob":-0.016,"bolussnooze":0,"activity":0,"lastBolusTime":1702935600626,"time":"2023-12-19T01:14:54.071Z","iobWithZeroTemp":{"iob":-0.322,"basaliob":-0.333,"bolussnooze":0,"activity":-0.0036,"lastBolusTime":1702935600626,"time":"2023-12-19T01:14:54.071Z"}},{"iob":-0.004,"basaliob":-0.014,"bolussnooze":0,"activity":0,"lastBolusTime":1702935600626,"time":"2023-12-19T01:19:54.071Z","iobWithZeroTemp":{"iob":-0.32,"basaliob":-0.33,"bolussnooze":0,"activity":-0.0037,"lastBolusTime":1702935600626,"time":"2023-12-19T01:19:54.071Z"}},{"iob":-0.004,"basaliob":-0.013,"bolussnooze":0,"activity":-1.0E-4,"lastBolusTime":1702935600626,"time":"2023-12-19T01:24:54.071Z","iobWithZeroTemp":{"iob":-0.318,"basaliob":-0.327,"bolussnooze":0,"activity":-0.0038,"lastBolusTime":1702935600626,"time":"2023-12-19T01:24:54.071Z"}},{"iob":-0.004,"basaliob":-0.012,"bolussnooze":0,"activity":-1.0E-4,"lastBolusTime":1702935600626,"time":"2023-12-19T01:29:54.071Z","iobWithZeroTemp":{"iob":-0.316,"basaliob":-0.324,"bolussnooze":0,"activity":-0.0038,"lastBolusTime":1702935600626,"time":"2023-12-19T01:29:54.071Z"}},{"iob":-0.003,"basaliob":-0.01,"bolussnooze":0,"activity":0,"lastBolusTime":1702935600626,"time":"2023-12-19T01:34:54.071Z","iobWithZeroTemp":{"iob":-0.314,"basaliob":-0.321,"bolussnooze":0,"activity":-0.0037,"lastBolusTime":1702935600626,"time":"2023-12-19T01:34:54.071Z"}},{"iob":-0.003,"basaliob":-0.009,"bolussnooze":0,"activity":0,"lastBolusTime":1702935600626,"time":"2023-12-19T01:39:54.071Z","iobWithZeroTemp":{"iob":-0.312,"basaliob":-0.318,"bolussnooze":0,"activity":-0.0037,"lastBolusTime":1702935600626,"time":"2023-12-19T01:39:54.071Z"}},{"iob":-0.003,"basaliob":-0.008,"bolussnooze":0,"activity":-1.0E-4,"lastBolusTime":1702935600626,"time":"2023-12-19T01:44:54.071Z","iobWithZeroTemp":{"iob":-0.31,"basaliob":-0.315,"bolussnooze":0,"activity":-0.0038,"lastBolusTime":1702935600626,"time":"2023-12-19T01:44:54.071Z"}},{"iob":-0.003,"basaliob":-0.007,"bolussnooze":0,"activity":-1.0E-4,"lastBolusTime":1702935600626,"time":"2023-12-19T01:49:54.071Z","iobWithZeroTemp":{"iob":-0.309,"basaliob":-0.313,"bolussnooze":0,"activity":-0.0038,"lastBolusTime":1702935600626,"time":"2023-12-19T01:49:54.071Z"}},{"iob":-0.003,"basaliob":-0.007,"bolussnooze":0,"activity":-1.0E-4,"lastBolusTime":1702935600626,"time":"2023-12-19T01:54:54.071Z","iobWithZeroTemp":{"iob":-0.307,"basaliob":-0.311,"bolussnooze":0,"activity":-0.0038,"lastBolusTime":1702935600626,"time":"2023-12-19T01:54:54.071Z"}},{"iob":-0.003,"basaliob":-0.006,"bolussnooze":0,"activity":0,"lastBolusTime":1702935600626,"time":"2023-12-19T01:59:54.071Z","iobWithZeroTemp":{"iob":-0.305,"basaliob":-0.308,"bolussnooze":0,"activity":-0.0036,"lastBolusTime":1702935600626,"time":"2023-12-19T01:59:54.071Z"}},{"iob":-0.003,"basaliob":-0.005,"bolussnooze":0,"activity":0,"lastBolusTime":1702935600626,"time":"2023-12-19T02:04:54.071Z","iobWithZeroTemp":{"iob":-0.304,"basaliob":-0.306,"bolussnooze":0,"activity":-0.0036,"lastBolusTime":1702935600626,"time":"2023-12-19T02:04:54.071Z"}},{"iob":-0.003,"basaliob":-0.005,"bolussnooze":0,"activity":0,"lastBolusTime":1702935600626,"time":"2023-12-19T02:09:54.071Z","iobWithZeroTemp":{"iob":-0.302,"basaliob":-0.304,"bolussnooze":0,"activity":-0.0036,"lastBolusTime":1702935600626,"time":"2023-12-19T02:09:54.071Z"}},{"iob":-0.002,"basaliob":-0.004,"bolussnooze":0,"activity":0,"lastBolusTime":1702935600626,"time":"2023-12-19T02:14:54.071Z","iobWithZeroTemp":{"iob":-0.3,"basaliob":-0.302,"bolussnooze":0,"activity":-0.0036,"lastBolusTime":1702935600626,"time":"2023-12-19T02:14:54.071Z"}},{"iob":-0.003,"basaliob":-0.004,"bolussnooze":0,"activity":0,"lastBolusTime":1702935600626,"time":"2023-12-19T02:19:54.071Z","iobWithZeroTemp":{"iob":-0.3,"basaliob":-0.301,"bolussnooze":0,"activity":-0.0036,"lastBolusTime":1702935600626,"time":"2023-12-19T02:19:54.071Z"}},{"iob":-0.002,"basaliob":-0.003,"bolussnooze":0,"activity":-1.0E-4,"lastBolusTime":1702935600626,"time":"2023-12-19T02:24:54.071Z","iobWithZeroTemp":{"iob":-0.297,"basaliob":-0.298,"bolussnooze":0,"activity":-0.0037,"lastBolusTime":1702935600626,"time":"2023-12-19T02:24:54.071Z"}},{"iob":-0.002,"basaliob":-0.003,"bolussnooze":0,"activity":-1.0E-4,"lastBolusTime":1702935600626,"time":"2023-12-19T02:29:54.071Z","iobWithZeroTemp":{"iob":-0.296,"basaliob":-0.297,"bolussnooze":0,"activity":-0.0037,"lastBolusTime":1702935600626,"time":"2023-12-19T02:29:54.071Z"}},{"iob":-0.001,"basaliob":-0.002,"bolussnooze":0,"activity":-1.0E-4,"lastBolusTime":1702935600626,"time":"2023-12-19T02:34:54.071Z","iobWithZeroTemp":{"iob":-0.294,"basaliob":-0.295,"bolussnooze":0,"activity":-0.0037,"lastBolusTime":1702935600626,"time":"2023-12-19T02:34:54.071Z"}},{"iob":-0.001,"basaliob":-0.002,"bolussnooze":0,"activity":-1.0E-4,"lastBolusTime":1702935600626,"time":"2023-12-19T02:39:54.071Z","iobWithZeroTemp":{"iob":-0.293,"basaliob":-0.294,"bolussnooze":0,"activity":-0.0036,"lastBolusTime":1702935600626,"time":"2023-12-19T02:39:54.071Z"}}],"profile":{"max_iob":10,"type":"current","max_daily_basal":0.4,"max_basal":1.2,"min_bg":90,"max_bg":90,"target_bg":90,"carb_ratio":8.8,"sens":120,"max_daily_safety_multiplier":3,"current_basal_safety_multiplier":4,"lgsThreshold":95,"high_temptarget_raises_sensitivity":true,"low_temptarget_lowers_sensitivity":true,"sensitivity_raises_target":true,"resistance_lowers_target":true,"adv_target_adjustments":false,"exercise_mode":false,"half_basal_exercise_target":160,"maxCOB":120,"skip_neutral_temps":false,"remainingCarbsCap":90,"enableUAM":true,"A52_risk_enable":false,"SMBInterval":5,"enableSMB_with_COB":true,"enableSMB_with_temptarget":true,"allowSMB_with_high_temptarget":false,"enableSMB_always":false,"enableSMB_after_carbs":true,"maxSMBBasalMinutes":30,"maxUAMSMBBasalMinutes":40,"bolus_increment":0.05,"carbsReqThreshold":4,"current_basal":0.3,"temptargetSet":false,"autosens_max":1.3,"autosens_min":0.7,"variable_sens":131.2,"insulinDivisor":75,"TDD":16.30538333333333},"autosens_data":{"ratio":0.8078150250694066},"meal_data":{"carbs":20,"mealCOB":0,"slopeFromMaxDeviation":-0.652090909090909,"slopeFromMinDeviation":0,"lastBolusTime":1702935600626,"lastCarbTime":1702924198387},"microBolusAllowed":true,"currentTime":1702939495973,"flatBGsDetected":false,"tdd1D":16.272499999999997,"tdd7D":20.110833333333336,"tddLast24H":16.245833333333326,"tddLast4H":1.4958333333333336,"tddLast8to4H":3.408333333333333},"output":{"temp":"absolute","bg":99,"tick":-4,"eventualBG":75,"targetBG":97,"insulinReq":0,"deliverAt":"2023-12-18T22:44:55.973Z","sensitivityRatio":0.8078150250694066,"variable_sens":131.2,"predBGs":{"IOB":[99,95,92,89,86,84,81,80,78,77,76,75,74,74,74,73,73,73,73,73,73,72,72,72,72,72,72,72,72,72,72,72,72,73],"ZT":[99,97,95,93,91,90,89,89,88,88,88,89,90,90,91,93,94,95,97]},"reason":"COB: 0, Dev: -10, BGI: -2, ISF: 131, CR: 8.8, Target: 97, minPredBG 80, minGuardBG 72, IOBpredBG 73; minGuardBG 72<95 65m left and 0 ~ req 0U\/hr: no temp required","COB":0,"IOB":0.109,"timestamp":"2023-12-18T22:44:56.005Z"}}