{"algorithm":"OpenAPSSMBDynamicISFPlugin","input":{"glucoseStatus":{"glucose":151,"noise":0,"delta":-4.78,"short_avgdelta":-4.78,"long_avgdelta":-3.11,"date":1703016266000},"currenttemp":{"temp":"absolute","duration":20,"rate":0,"minutesrunning":10},"iob_data":[{"iob":0.771,"basaliob":-0.188,"bolussnooze":0.0449,"activity":0.0141,"lastBolusTime":1703015399595,"time":"2023-12-19T20:04:53.450Z","iobWithZeroTemp":{"iob":0.771,"basaliob":-0.188,"bolussnooze":0.0449,"activity":0.0141,"lastBolusTime":1703015399595,"time":"2023-12-19T20:04:53.450Z"}},{"iob":0.702,"basaliob":-0.177,"bolussnooze":0.0342,"activity":0.0131,"lastBolusTime":1703015399595,"time":"2023-12-19T20:09:53.450Z","iobWithZeroTemp":{"iob":0.679,"basaliob":-0.2,"bolussnooze":0.0342,"activity":0.0131,"lastBolusTime":1703015399595,"time":"2023-12-19T20:09:53.450Z"}},{"iob":0.639,"basaliob":-0.166,"bolussnooze":0.0257,"activity":0.0121,"lastBolusTime":1703015399595,"time":"2023-12-19T20:14:53.450Z","iobWithZeroTemp":{"iob":0.587,"basaliob":-0.218,"bolussnooze":0.0257,"activity":0.012,"lastBolusTime":1703015399595,"time":"2023-12-19T20:14:53.450Z"}},{"iob":0.582,"basaliob":-0.154,"bolussnooze":0.0191,"activity":0.0112,"lastBolusTime":1703015399595,"time":"2023-12-19T20:19:53.450Z","iobWithZeroTemp":{"iob":0.501,"basaliob":-0.235,"bolussnooze":0.0191,"activity":0.011,"lastBolusTime":1703015399595,"time":"2023-12-19T20:19:53.450Z"}},{"iob":0.527,"basaliob":-0.144,"bolussnooze":0.014,"activity":0.0103,"lastBolusTime":1703015399595,"time":"2023-12-19T20:24:53.450Z","iobWithZeroTemp":{"iob":0.419,"basaliob":-0.252,"bolussnooze":0.014,"activity":0.0099,"lastBolusTime":1703015399595,"time":"2023-12-19T20:24:53.450Z"}},{"iob":0.478,"basaliob":-0.134,"bolussnooze":0.01,"activity":0.0095,"lastBolusTime":1703015399595,"time":"2023-12-19T20:29:53.450Z","iobWithZeroTemp":{"iob":0.343,"basaliob":-0.269,"bolussnooze":0.01,"activity":0.0089,"lastBolusTime":1703015399595,"time":"2023-12-19T20:29:53.450Z"}},{"iob":0.432,"basaliob":-0.124,"bolussnooze":0.0071,"activity":0.0088,"lastBolusTime":1703015399595,"time":"2023-12-19T20:34:53.450Z","iobWithZeroTemp":{"iob":0.272,"basaliob":-0.284,"bolussnooze":0.0071,"activity":0.008,"lastBolusTime":1703015399595,"time":"2023-12-19T20:34:53.450Z"}},{"iob":0.391,"basaliob":-0.114,"bolussnooze":0.0049,"activity":0.0081,"lastBolusTime":1703015399595,"time":"2023-12-19T20:39:53.450Z","iobWithZeroTemp":{"iob":0.206,"basaliob":-0.299,"bolussnooze":0.0049,"activity":0.007,"lastBolusTime":1703015399595,"time":"2023-12-19T20:39:53.450Z"}},{"iob":0.352,"basaliob":-0.105,"bolussnooze":0.0033,"activity":0.0074,"lastBolusTime":1703015399595,"time":"2023-12-19T20:44:53.450Z","iobWithZeroTemp":{"iob":0.144,"basaliob":-0.313,"bolussnooze":0.0033,"activity":0.0061,"lastBolusTime":1703015399595,"time":"2023-12-19T20:44:53.450Z"}},{"iob":0.317,"basaliob":-0.097,"bolussnooze":0.0021,"activity":0.0068,"lastBolusTime":1703015399595,"time":"2023-12-19T20:49:53.450Z","iobWithZeroTemp":{"iob":0.087,"basaliob":-0.327,"bolussnooze":0.0021,"activity":0.0052,"lastBolusTime":1703015399595,"time":"2023-12-19T20:49:53.450Z"}},{"iob":0.285,"basaliob":-0.089,"bolussnooze":0.0013,"activity":0.0062,"lastBolusTime":1703015399595,"time":"2023-12-19T20:54:53.450Z","iobWithZeroTemp":{"iob":0.034,"basaliob":-0.34,"bolussnooze":0.0013,"activity":0.0044,"lastBolusTime":1703015399595,"time":"2023-12-19T20:54:53.450Z"}},{"iob":0.255,"basaliob":-0.082,"bolussnooze":7.0E-4,"activity":0.0056,"lastBolusTime":1703015399595,"time":"2023-12-19T20:59:53.450Z","iobWithZeroTemp":{"iob":-0.015,"basaliob":-0.352,"bolussnooze":7.0E-4,"activity":0.0035,"lastBolusTime":1703015399595,"time":"2023-12-19T20:59:53.450Z"}},{"iob":0.229,"basaliob":-0.075,"bolussnooze":3.0E-4,"activity":0.0051,"lastBolusTime":1703015399595,"time":"2023-12-19T21:04:53.450Z","iobWithZeroTemp":{"iob":-0.055,"basaliob":-0.359,"bolussnooze":3.0E-4,"activity":0.0028,"lastBolusTime":1703015399595,"time":"2023-12-19T21:04:53.450Z"}},{"iob":0.204,"basaliob":-0.069,"bolussnooze":1.0E-4,"activity":0.0047,"lastBolusTime":1703015399595,"time":"2023-12-19T21:09:53.450Z","iobWithZeroTemp":{"iob":-0.093,"basaliob":-0.366,"bolussnooze":1.0E-4,"activity":0.0022,"lastBolusTime":1703015399595,"time":"2023-12-19T21:09:53.450Z"}},{"iob":0.182,"basaliob":-0.063,"bolussnooze":0,"activity":0.0042,"lastBolusTime":1703015399595,"time":"2023-12-19T21:14:53.450Z","iobWithZeroTemp":{"iob":-0.127,"basaliob":-0.372,"bolussnooze":0,"activity":0.0015,"lastBolusTime":1703015399595,"time":"2023-12-19T21:14:53.450Z"}},{"iob":0.162,"basaliob":-0.057,"bolussnooze":0,"activity":0.0038,"lastBolusTime":1703015399595,"time":"2023-12-19T21:19:53.450Z","iobWithZeroTemp":{"iob":-0.158,"basaliob":-0.377,"bolussnooze":0,"activity":9.0E-4,"lastBolusTime":1703015399595,"time":"2023-12-19T21:19:53.450Z"}},{"iob":0.144,"basaliob":-0.052,"bolussnooze":0,"activity":0.0034,"lastBolusTime":1703015399595,"time":"2023-12-19T21:24:53.450Z","iobWithZeroTemp":{"iob":-0.186,"basaliob":-0.382,"bolussnooze":0,"activity":3.0E-4,"lastBolusTime":1703015399595,"time":"2023-12-19T21:24:53.450Z"}},{"iob":0.128,"basaliob":-0.047,"bolussnooze":0,"activity":0.0031,"lastBolusTime":1703015399595,"time":"2023-12-19T21:29:53.450Z","iobWithZeroTemp":{"iob":-0.212,"basaliob":-0.387,"bolussnooze":0,"activity":-2.0E-4,"lastBolusTime":1703015399595,"time":"2023-12-19T21:29:53.450Z"}},{"iob":0.113,"basaliob":-0.043,"bolussnooze":0,"activity":0.0028,"lastBolusTime":1703015399595,"time":"2023-12-19T21:34:53.450Z","iobWithZeroTemp":{"iob":-0.235,"basaliob":-0.391,"bolussnooze":0,"activity":-6.0E-4,"lastBolusTime":1703015399595,"time":"2023-12-19T21:34:53.450Z"}},{"iob":0.1,"basaliob":-0.039,"bolussnooze":0,"activity":0.0025,"lastBolusTime":1703015399595,"time":"2023-12-19T21:39:53.450Z","iobWithZeroTemp":{"iob":-0.255,"basaliob":-0.394,"bolussnooze":0,"activity":-0.0011,"lastBolusTime":1703015399595,"time":"2023-12-19T21:39:53.450Z"}},{"iob":0.088,"basaliob":-0.035,"bolussnooze":0,"activity":0.0023,"lastBolusTime":1703015399595,"time":"2023-12-19T21:44:53.450Z","iobWithZeroTemp":{"iob":-0.274,"basaliob":-0.397,"bolussnooze":0,"activity":-0.0014,"lastBolusTime":1703015399595,"time":"2023-12-19T21:44:53.450Z"}},{"iob":0.077,"basaliob":-0.032,"bolussnooze":0,"activity":0.002,"lastBolusTime":1703015399595,"time":"2023-12-19T21:49:53.450Z","iobWithZeroTemp":{"iob":-0.292,"basaliob":-0.401,"bolussnooze":0,"activity":-0.0018,"lastBolusTime":1703015399595,"time":"2023-12-19T21:49:53.450Z"}},{"iob":0.068,"basaliob":-0.028,"bolussnooze":0,"activity":0.0018,"lastBolusTime":1703015399595,"time":"2023-12-19T21:54:53.450Z","iobWithZeroTemp":{"iob":-0.306,"basaliob":-0.402,"bolussnooze":0,"activity":-0.0021,"lastBolusTime":1703015399595,"time":"2023-12-19T21:54:53.450Z"}},{"iob":0.059,"basaliob":-0.026,"bolussnooze":0,"activity":0.0017,"lastBolusTime":1703015399595,"time":"2023-12-19T21:59:53.450Z","iobWithZeroTemp":{"iob":-0.32,"basaliob":-0.405,"bolussnooze":0,"activity":-0.0023,"lastBolusTime":1703015399595,"time":"2023-12-19T21:59:53.450Z"}},{"iob":0.052,"basaliob":-0.023,"bolussnooze":0,"activity":0.0014,"lastBolusTime":1703015399595,"time":"2023-12-19T22:04:53.450Z","iobWithZeroTemp":{"iob":-0.332,"basaliob":-0.407,"bolussnooze":0,"activity":-0.0027,"lastBolusTime":1703015399595,"time":"2023-12-19T22:04:53.450Z"}},{"iob":0.044,"basaliob":-0.021,"bolussnooze":0,"activity":0.0012,"lastBolusTime":1703015399595,"time":"2023-12-19T22:09:53.450Z","iobWithZeroTemp":{"iob":-0.344,"basaliob":-0.409,"bolussnooze":0,"activity":-0.003,"lastBolusTime":1703015399595,"time":"2023-12-19T22:09:53.450Z"}},{"iob":0.039,"basaliob":-0.018,"bolussnooze":0,"activity":0.0011,"lastBolusTime":1703015399595,"time":"2023-12-19T22:14:53.450Z","iobWithZeroTemp":{"iob":-0.353,"basaliob":-0.41,"bolussnooze":0,"activity":-0.0032,"lastBolusTime":1703015399595,"time":"2023-12-19T22:14:53.450Z"}},{"iob":0.033,"basaliob":-0.017,"bolussnooze":0,"activity":0.001,"lastBolusTime":1703015399595,"time":"2023-12-19T22:19:53.450Z","iobWithZeroTemp":{"iob":-0.362,"basaliob":-0.412,"bolussnooze":0,"activity":-0.0034,"lastBolusTime":1703015399595,"time":"2023-12-19T22:19:53.450Z"}},{"iob":0.029,"basaliob":-0.015,"bolussnooze":0,"activity":9.0E-4,"lastBolusTime":1703015399595,"time":"2023-12-19T22:24:53.450Z","iobWithZeroTemp":{"iob":-0.369,"basaliob":-0.413,"bolussnooze":0,"activity":-0.0035,"lastBolusTime":1703015399595,"time":"2023-12-19T22:24:53.450Z"}},{"iob":0.025,"basaliob":-0.013,"bolussnooze":0,"activity":8.0E-4,"lastBolusTime":1703015399595,"time":"2023-12-19T22:29:53.450Z","iobWithZeroTemp":{"iob":-0.376,"basaliob":-0.414,"bolussnooze":0,"activity":-0.0037,"lastBolusTime":1703015399595,"time":"2023-12-19T22:29:53.450Z"}},{"iob":0.021,"basaliob":-0.012,"bolussnooze":0,"activity":6.0E-4,"lastBolusTime":1703015399595,"time":"2023-12-19T22:34:53.450Z","iobWithZeroTemp":{"iob":-0.382,"basaliob":-0.415,"bolussnooze":0,"activity":-0.0039,"lastBolusTime":1703015399595,"time":"2023-12-19T22:34:53.450Z"}},{"iob":0.018,"basaliob":-0.01,"bolussnooze":0,"activity":6.0E-4,"lastBolusTime":1703015399595,"time":"2023-12-19T22:39:53.450Z","iobWithZeroTemp":{"iob":-0.388,"basaliob":-0.416,"bolussnooze":0,"activity":-0.004,"lastBolusTime":1703015399595,"time":"2023-12-19T22:39:53.450Z"}},{"iob":0.016,"basaliob":-0.009,"bolussnooze":0,"activity":5.0E-4,"lastBolusTime":1703015399595,"time":"2023-12-19T22:44:53.450Z","iobWithZeroTemp":{"iob":-0.391,"basaliob":-0.416,"bolussnooze":0,"activity":-0.0041,"lastBolusTime":1703015399595,"time":"2023-12-19T22:44:53.450Z"}},{"iob":0.013,"basaliob":-0.008,"bolussnooze":0,"activity":4.0E-4,"lastBolusTime":1703015399595,"time":"2023-12-19T22:49:53.450Z","iobWithZeroTemp":{"iob":-0.396,"basaliob":-0.417,"bolussnooze":0,"activity":-0.0043,"lastBolusTime":1703015399595,"time":"2023-12-19T22:49:53.450Z"}},{"iob":0.011,"basaliob":-0.007,"bolussnooze":0,"activity":4.0E-4,"lastBolusTime":1703015399595,"time":"2023-12-19T22:54:53.450Z","iobWithZeroTemp":{"iob":-0.4,"basaliob":-0.418,"bolussnooze":0,"activity":-0.0043,"lastBolusTime":1703015399595,"time":"2023-12-19T22:54:53.450Z"}},{"iob":0.01,"basaliob":-0.006,"bolussnooze":0,"activity":3.0E-4,"lastBolusTime":1703015399595,"time":"2023-12-19T22:59:53.450Z","iobWithZeroTemp":{"iob":-0.402,"basaliob":-0.418,"bolussnooze":0,"activity":-0.0044,"lastBolusTime":1703015399595,"time":"2023-12-19T22:59:53.450Z"}},{"iob":0.008,"basaliob":-0.005,"bolussnooze":0,"activity":3.0E-4,"lastBolusTime":1703015399595,"time":"2023-12-19T23:04:53.450Z","iobWithZeroTemp":{"iob":-0.401,"basaliob":-0.414,"bolussnooze":0,"activity":-0.0045,"lastBolusTime":1703015399595,"time":"2023-12-19T23:04:53.450Z"}},{"iob":0.006,"basaliob":-0.005,"bolussnooze":0,"activity":3.0E-4,"lastBolusTime":1703015399595,"time":"2023-12-19T23:09:53.450Z","iobWithZeroTemp":{"iob":-0.4,"basaliob":-0.411,"bolussnooze":0,"activity":-0.0045,"lastBolusTime":1703015399595,"time":"2023-12-19T23:09:53.450Z"}},{"iob":0.006,"basaliob":-0.004,"bolussnooze":0,"activity":2.0E-4,"lastBolusTime":1703015399595,"time":"2023-12-19T23:14:53.450Z","iobWithZeroTemp":{"iob":-0.397,"basaliob":-0.407,"bolussnooze":0,"activity":-0.0046,"lastBolusTime":1703015399595,"time":"2023-12-19T23:14:53.450Z"}},{"iob":0.004,"basaliob":-0.004,"bolussnooze":0,"activity":2.0E-4,"lastBolusTime":1703015399595,"time":"2023-12-19T23:19:53.450Z","iobWithZeroTemp":{"iob":-0.396,"basaliob":-0.404,"bolussnooze":0,"activity":-0.0046,"lastBolusTime":1703015399595,"time":"2023-12-19T23:19:53.450Z"}},{"iob":0.004,"basaliob":-0.003,"bolussnooze":0,"activity":1.0E-4,"lastBolusTime":1703015399595,"time":"2023-12-19T23:24:53.450Z","iobWithZeroTemp":{"iob":-0.393,"basaliob":-0.4,"bolussnooze":0,"activity":-0.0047,"lastBolusTime":1703015399595,"time":"2023-12-19T23:24:53.450Z"}},{"iob":0.003,"basaliob":-0.003,"bolussnooze":0,"activity":1.0E-4,"lastBolusTime":1703015399595,"time":"2023-12-19T23:29:53.450Z","iobWithZeroTemp":{"iob":-0.391,"basaliob":-0.397,"bolussnooze":0,"activity":-0.0047,"lastBolusTime":1703015399595,"time":"2023-12-19T23:29:53.450Z"}},{"iob":0.003,"basaliob":-0.002,"bolussnooze":0,"activity":1.0E-4,"lastBolusTime":1703015399595,"time":"2023-12-19T23:34:53.450Z","iobWithZeroTemp":{"iob":-0.388,"basaliob":-0.393,"bolussnooze":0,"activity":-0.0046,"lastBolusTime":1703015399595,"time":"2023-12-19T23:34:53.450Z"}},{"iob":0.002,"basaliob":-0.002,"bolussnooze":0,"activity":0,"lastBolusTime":1703015399595,"time":"2023-12-19T23:39:53.450Z","iobWithZeroTemp":{"iob":-0.386,"basaliob":-0.39,"bolussnooze":0,"activity":-0.0047,"lastBolusTime":1703015399595,"time":"2023-12-19T23:39:53.450Z"}},{"iob":0.001,"basaliob":-0.002,"bolussnooze":0,"activity":0,"lastBolusTime":1703015399595,"time":"2023-12-19T23:44:53.450Z","iobWithZeroTemp":{"iob":-0.385,"basaliob":-0.388,"bolussnooze":0,"activity":-0.0047,"lastBolusTime":1703015399595,"time":"2023-12-19T23:44:53.450Z"}},{"iob":0.002,"basaliob":-0.001,"bolussnooze":0,"activity":1.0E-4,"lastBolusTime":1703015399595,"time":"2023-12-19T23:49:53.450Z","iobWithZeroTemp":{"iob":-0.381,"basaliob":-0.384,"bolussnooze":0,"activity":-0.0046,"lastBolusTime":1703015399595,"time":"2023-12-19T23:49:53.450Z"}},{"iob":0.001,"basaliob":-0.001,"bolussnooze":0,"activity":1.0E-4,"lastBolusTime":1703015399595,"time":"2023-12-19T23:54:53.450Z","iobWithZeroTemp":{"iob":-0.379,"basaliob":-0.381,"bolussnooze":0,"activity":-0.0045,"lastBolusTime":1703015399595,"time":"2023-12-19T23:54:53.450Z"}},{"iob":0.001,"basaliob":-0.001,"bolussnooze":0,"activity":1.0E-4,"lastBolusTime":1703015399595,"time":"2023-12-19T23:59:53.450Z","iobWithZeroTemp":{"iob":-0.377,"basaliob":-0.379,"bolussnooze":0,"activity":-0.0045,"lastBolusTime":1703015399595,"time":"2023-12-19T23:59:53.450Z"}}],"profile":{"max_iob":10,"type":"current","max_daily_basal":0.4,"max_basal":1.2,"min_bg":90,"max_bg":90,"target_bg":90,"carb_ratio":8.8,"sens":120,"max_daily_safety_multiplier":3,"current_basal_safety_multiplier":4,"lgsThreshold":95,"high_temptarget_raises_sensitivity":true,"low_temptarget_lowers_sensitivity":true,"sensitivity_raises_target":true,"resistance_lowers_target":true,"adv_target_adjustments":false,"exercise_mode":false,"half_basal_exercise_target":160,"maxCOB":120,"skip_neutral_temps":false,"remainingCarbsCap":90,"enableUAM":true,"A52_risk_enable":false,"SMBInterval":5,"enableSMB_with_COB":true,"enableSMB_with_temptarget":true,"allowSMB_with_high_temptarget":false,"enableSMB_always":false,"enableSMB_after_carbs":true,"maxSMBBasalMinutes":30,"maxUAMSMBBasalMinutes":40,"bolus_increment":0.05,"carbsReqThreshold":4,"current_basal":0.35,"temptargetSet":true,"autosens_max":1.3,"autosens_min":0.7,"variable_sens":80.2,"insulinDivisor":75,"TDD":20.34343571428571},"autosens_data":{"ratio":0.705328399073322},"meal_data":{"carbs":50,"mealCOB":5.881199999999995,"slopeFromMaxDeviation":-1.2067272727272724,"slopeFromMinDeviation":0,"lastBolusTime":1703015399595,"lastCarbTime":1703009864555},"microBolusAllowed":true,"currentTime":1703016293839,"flatBGsDetected":false,"tdd1D":16.220833333333324,"tdd7D":19.783928571428568,"tddLast24H":13.954166666666666,"tddLast4H":5.875,"tddLast8to4H":0.2041666666666667},"output":{"temp":"absolute","bg":151,"tick":-5,"eventualBG":135,"targetBG":90,"insulinReq":0,"deliverAt":"2023-12-19T20:04:53.839Z","sensitivityRatio":1.2,"variable_sens":80.2,"predBGs":{"IOB":[151,146,142,137,133,129,125,122,118,115,112,109,106,104,101,99,97,95,94,92,91,90,88,87,86,86,85,84,84,83,83,82,82,82,81,81,81,81,81,81,80],"ZT":[151,145,140,135,130,126,122,118,115,112,109,107,106,104,103,102,102,102,102,102,103,103],"COB":[151,146,142,138,134,131,128,126,124,122,120,119,117,116,116,115,114,114,114,114,114,114,115,115,116,116,117,118,119,120,121,122,123,124,125,126,126,127,128,129,130,131,132,132,133,134,134,135],"UAM":[151,145,140,135,130,126,121,117,113,110,107,103,101,98,95,93,91,89,87,86,84,83,82,81,80,79,78,77,77,76,76,75,75,75,74,74,74,74,74,73]},"reason":"COB: 5.9, Dev: 5, BGI: -6, ISF: 80, CR: 8.8, Target: 90, minPredBG 102, minGuardBG 78, IOBpredBG 80, COBpredBG 135, UAMpredBG 73; minGuardBG 78<95","COB":5.881199999999995,"IOB":0.771,"duration":30,"rate":0,"timestamp":"2023-12-19T20:04:53.843Z"}}