{"algorithm":"OpenAPSSMBDynamicISFPlugin","input":{"glucoseStatus":{"glucose":104,"noise":0,"delta":-7.61,"short_avgdelta":-7.61,"long_avgdelta":-6.29,"date":1703018665000},"currenttemp":{"temp":"absolute","duration":55,"rate":0,"minutesrunning":5},"iob_data":[{"iob":0.139,"basaliob":-0.318,"bolussnooze":0.0033,"activity":0.006,"lastBolusTime":1703015399595,"time":"2023-12-19T20:44:56.905Z","iobWithZeroTemp":{"iob":0.139,"basaliob":-0.318,"bolussnooze":0.0033,"activity":0.006,"lastBolusTime":1703015399595,"time":"2023-12-19T20:44:56.905Z"}},{"iob":0.111,"basaliob":-0.302,"bolussnooze":0.0021,"activity":0.0051,"lastBolusTime":1703015399595,"time":"2023-12-19T20:49:56.905Z","iobWithZeroTemp":{"iob":0.088,"basaliob":-0.325,"bolussnooze":0.0021,"activity":0.0051,"lastBolusTime":1703015399595,"time":"2023-12-19T20:49:56.905Z"}},{"iob":0.087,"basaliob":-0.286,"bolussnooze":0.0013,"activity":0.0045,"lastBolusTime":1703015399595,"time":"2023-12-19T20:54:56.905Z","iobWithZeroTemp":{"iob":0.035,"basaliob":-0.338,"bolussnooze":0.0013,"activity":0.0044,"lastBolusTime":1703015399595,"time":"2023-12-19T20:54:56.905Z"}},{"iob":0.067,"basaliob":-0.27,"bolussnooze":7.0E-4,"activity":0.0037,"lastBolusTime":1703015399595,"time":"2023-12-19T20:59:56.905Z","iobWithZeroTemp":{"iob":-0.014,"basaliob":-0.351,"bolussnooze":7.0E-4,"activity":0.0035,"lastBolusTime":1703015399595,"time":"2023-12-19T20:59:56.905Z"}},{"iob":0.049,"basaliob":-0.254,"bolussnooze":3.0E-4,"activity":0.0032,"lastBolusTime":1703015399595,"time":"2023-12-19T21:04:56.905Z","iobWithZeroTemp":{"iob":-0.055,"basaliob":-0.358,"bolussnooze":3.0E-4,"activity":0.0028,"lastBolusTime":1703015399595,"time":"2023-12-19T21:04:56.905Z"}},{"iob":0.034,"basaliob":-0.238,"bolussnooze":1.0E-4,"activity":0.0027,"lastBolusTime":1703015399595,"time":"2023-12-19T21:09:56.905Z","iobWithZeroTemp":{"iob":-0.093,"basaliob":-0.365,"bolussnooze":1.0E-4,"activity":0.0021,"lastBolusTime":1703015399595,"time":"2023-12-19T21:09:56.905Z"}},{"iob":0.022,"basaliob":-0.222,"bolussnooze":0,"activity":0.0022,"lastBolusTime":1703015399595,"time":"2023-12-19T21:14:56.905Z","iobWithZeroTemp":{"iob":-0.126,"basaliob":-0.37,"bolussnooze":0,"activity":0.0014,"lastBolusTime":1703015399595,"time":"2023-12-19T21:14:56.905Z"}},{"iob":0.012,"basaliob":-0.207,"bolussnooze":0,"activity":0.0019,"lastBolusTime":1703015399595,"time":"2023-12-19T21:19:56.905Z","iobWithZeroTemp":{"iob":-0.157,"basaliob":-0.376,"bolussnooze":0,"activity":9.0E-4,"lastBolusTime":1703015399595,"time":"2023-12-19T21:19:56.905Z"}},{"iob":0.004,"basaliob":-0.192,"bolussnooze":0,"activity":0.0015,"lastBolusTime":1703015399595,"time":"2023-12-19T21:24:56.905Z","iobWithZeroTemp":{"iob":-0.184,"basaliob":-0.38,"bolussnooze":0,"activity":3.0E-4,"lastBolusTime":1703015399595,"time":"2023-12-19T21:24:56.905Z"}},{"iob":-0.003,"basaliob":-0.178,"bolussnooze":0,"activity":0.0013,"lastBolusTime":1703015399595,"time":"2023-12-19T21:29:56.905Z","iobWithZeroTemp":{"iob":-0.21,"basaliob":-0.385,"bolussnooze":0,"activity":-1.0E-4,"lastBolusTime":1703015399595,"time":"2023-12-19T21:29:56.905Z"}},{"iob":-0.009,"basaliob":-0.165,"bolussnooze":0,"activity":0.001,"lastBolusTime":1703015399595,"time":"2023-12-19T21:34:56.905Z","iobWithZeroTemp":{"iob":-0.233,"basaliob":-0.389,"bolussnooze":0,"activity":-7.0E-4,"lastBolusTime":1703015399595,"time":"2023-12-19T21:34:56.905Z"}},{"iob":-0.014,"basaliob":-0.152,"bolussnooze":0,"activity":8.0E-4,"lastBolusTime":1703015399595,"time":"2023-12-19T21:39:56.905Z","iobWithZeroTemp":{"iob":-0.254,"basaliob":-0.392,"bolussnooze":0,"activity":-0.0011,"lastBolusTime":1703015399595,"time":"2023-12-19T21:39:56.905Z"}},{"iob":-0.017,"basaliob":-0.14,"bolussnooze":0,"activity":7.0E-4,"lastBolusTime":1703015399595,"time":"2023-12-19T21:44:56.905Z","iobWithZeroTemp":{"iob":-0.273,"basaliob":-0.396,"bolussnooze":0,"activity":-0.0014,"lastBolusTime":1703015399595,"time":"2023-12-19T21:44:56.905Z"}},{"iob":-0.02,"basaliob":-0.129,"bolussnooze":0,"activity":5.0E-4,"lastBolusTime":1703015399595,"time":"2023-12-19T21:49:56.905Z","iobWithZeroTemp":{"iob":-0.29,"basaliob":-0.399,"bolussnooze":0,"activity":-0.0018,"lastBolusTime":1703015399595,"time":"2023-12-19T21:49:56.905Z"}},{"iob":-0.023,"basaliob":-0.119,"bolussnooze":0,"activity":4.0E-4,"lastBolusTime":1703015399595,"time":"2023-12-19T21:54:56.905Z","iobWithZeroTemp":{"iob":-0.306,"basaliob":-0.402,"bolussnooze":0,"activity":-0.0021,"lastBolusTime":1703015399595,"time":"2023-12-19T21:54:56.905Z"}},{"iob":-0.024,"basaliob":-0.109,"bolussnooze":0,"activity":3.0E-4,"lastBolusTime":1703015399595,"time":"2023-12-19T21:59:56.905Z","iobWithZeroTemp":{"iob":-0.319,"basaliob":-0.404,"bolussnooze":0,"activity":-0.0024,"lastBolusTime":1703015399595,"time":"2023-12-19T21:59:56.905Z"}},{"iob":-0.024,"basaliob":-0.099,"bolussnooze":0,"activity":1.0E-4,"lastBolusTime":1703015399595,"time":"2023-12-19T22:04:56.905Z","iobWithZeroTemp":{"iob":-0.33,"basaliob":-0.405,"bolussnooze":0,"activity":-0.0027,"lastBolusTime":1703015399595,"time":"2023-12-19T22:04:56.905Z"}},{"iob":-0.026,"basaliob":-0.091,"bolussnooze":0,"activity":0,"lastBolusTime":1703015399595,"time":"2023-12-19T22:09:56.905Z","iobWithZeroTemp":{"iob":-0.343,"basaliob":-0.408,"bolussnooze":0,"activity":-0.003,"lastBolusTime":1703015399595,"time":"2023-12-19T22:09:56.905Z"}},{"iob":-0.026,"basaliob":-0.083,"bolussnooze":0,"activity":0,"lastBolusTime":1703015399595,"time":"2023-12-19T22:14:56.905Z","iobWithZeroTemp":{"iob":-0.353,"basaliob":-0.41,"bolussnooze":0,"activity":-0.0032,"lastBolusTime":1703015399595,"time":"2023-12-19T22:14:56.905Z"}},{"iob":-0.025,"basaliob":-0.075,"bolussnooze":0,"activity":0,"lastBolusTime":1703015399595,"time":"2023-12-19T22:19:56.905Z","iobWithZeroTemp":{"iob":-0.36,"basaliob":-0.41,"bolussnooze":0,"activity":-0.0033,"lastBolusTime":1703015399595,"time":"2023-12-19T22:19:56.905Z"}},{"iob":-0.025,"basaliob":-0.069,"bolussnooze":0,"activity":-1.0E-4,"lastBolusTime":1703015399595,"time":"2023-12-19T22:24:56.905Z","iobWithZeroTemp":{"iob":-0.369,"basaliob":-0.413,"bolussnooze":0,"activity":-0.0035,"lastBolusTime":1703015399595,"time":"2023-12-19T22:24:56.905Z"}},{"iob":-0.024,"basaliob":-0.062,"bolussnooze":0,"activity":-1.0E-4,"lastBolusTime":1703015399595,"time":"2023-12-19T22:29:56.905Z","iobWithZeroTemp":{"iob":-0.375,"basaliob":-0.413,"bolussnooze":0,"activity":-0.0037,"lastBolusTime":1703015399595,"time":"2023-12-19T22:29:56.905Z"}},{"iob":-0.023,"basaliob":-0.056,"bolussnooze":0,"activity":-2.0E-4,"lastBolusTime":1703015399595,"time":"2023-12-19T22:34:56.905Z","iobWithZeroTemp":{"iob":-0.381,"basaliob":-0.414,"bolussnooze":0,"activity":-0.0039,"lastBolusTime":1703015399595,"time":"2023-12-19T22:34:56.905Z"}},{"iob":-0.023,"basaliob":-0.051,"bolussnooze":0,"activity":-2.0E-4,"lastBolusTime":1703015399595,"time":"2023-12-19T22:39:56.905Z","iobWithZeroTemp":{"iob":-0.387,"basaliob":-0.415,"bolussnooze":0,"activity":-0.004,"lastBolusTime":1703015399595,"time":"2023-12-19T22:39:56.905Z"}},{"iob":-0.021,"basaliob":-0.046,"bolussnooze":0,"activity":-2.0E-4,"lastBolusTime":1703015399595,"time":"2023-12-19T22:44:56.905Z","iobWithZeroTemp":{"iob":-0.391,"basaliob":-0.416,"bolussnooze":0,"activity":-0.0041,"lastBolusTime":1703015399595,"time":"2023-12-19T22:44:56.905Z"}},{"iob":-0.021,"basaliob":-0.042,"bolussnooze":0,"activity":-3.0E-4,"lastBolusTime":1703015399595,"time":"2023-12-19T22:49:56.905Z","iobWithZeroTemp":{"iob":-0.396,"basaliob":-0.417,"bolussnooze":0,"activity":-0.0043,"lastBolusTime":1703015399595,"time":"2023-12-19T22:49:56.905Z"}},{"iob":-0.019,"basaliob":-0.037,"bolussnooze":0,"activity":-2.0E-4,"lastBolusTime":1703015399595,"time":"2023-12-19T22:54:56.905Z","iobWithZeroTemp":{"iob":-0.399,"basaliob":-0.417,"bolussnooze":0,"activity":-0.0043,"lastBolusTime":1703015399595,"time":"2023-12-19T22:54:56.905Z"}},{"iob":-0.019,"basaliob":-0.034,"bolussnooze":0,"activity":-2.0E-4,"lastBolusTime":1703015399595,"time":"2023-12-19T22:59:56.905Z","iobWithZeroTemp":{"iob":-0.403,"basaliob":-0.418,"bolussnooze":0,"activity":-0.0044,"lastBolusTime":1703015399595,"time":"2023-12-19T22:59:56.905Z"}},{"iob":-0.017,"basaliob":-0.03,"bolussnooze":0,"activity":-3.0E-4,"lastBolusTime":1703015399595,"time":"2023-12-19T23:04:56.905Z","iobWithZeroTemp":{"iob":-0.401,"basaliob":-0.414,"bolussnooze":0,"activity":-0.0046,"lastBolusTime":1703015399595,"time":"2023-12-19T23:04:56.905Z"}},{"iob":-0.016,"basaliob":-0.027,"bolussnooze":0,"activity":-2.0E-4,"lastBolusTime":1703015399595,"time":"2023-12-19T23:09:56.905Z","iobWithZeroTemp":{"iob":-0.399,"basaliob":-0.41,"bolussnooze":0,"activity":-0.0045,"lastBolusTime":1703015399595,"time":"2023-12-19T23:09:56.905Z"}},{"iob":-0.015,"basaliob":-0.024,"bolussnooze":0,"activity":-2.0E-4,"lastBolusTime":1703015399595,"time":"2023-12-19T23:14:56.905Z","iobWithZeroTemp":{"iob":-0.398,"basaliob":-0.407,"bolussnooze":0,"activity":-0.0046,"lastBolusTime":1703015399595,"time":"2023-12-19T23:14:56.905Z"}},{"iob":-0.014,"basaliob":-0.022,"bolussnooze":0,"activity":-2.0E-4,"lastBolusTime":1703015399595,"time":"2023-12-19T23:19:56.905Z","iobWithZeroTemp":{"iob":-0.396,"basaliob":-0.404,"bolussnooze":0,"activity":-0.0046,"lastBolusTime":1703015399595,"time":"2023-12-19T23:19:56.905Z"}},{"iob":-0.012,"basaliob":-0.019,"bolussnooze":0,"activity":-2.0E-4,"lastBolusTime":1703015399595,"time":"2023-12-19T23:24:56.905Z","iobWithZeroTemp":{"iob":-0.393,"basaliob":-0.4,"bolussnooze":0,"activity":-0.0046,"lastBolusTime":1703015399595,"time":"2023-12-19T23:24:56.905Z"}},{"iob":-0.011,"basaliob":-0.017,"bolussnooze":0,"activity":-2.0E-4,"lastBolusTime":1703015399595,"time":"2023-12-19T23:29:56.905Z","iobWithZeroTemp":{"iob":-0.39,"basaliob":-0.396,"bolussnooze":0,"activity":-0.0046,"lastBolusTime":1703015399595,"time":"2023-12-19T23:29:56.905Z"}},{"iob":-0.01,"basaliob":-0.015,"bolussnooze":0,"activity":-2.0E-4,"lastBolusTime":1703015399595,"time":"2023-12-19T23:34:56.905Z","iobWithZeroTemp":{"iob":-0.388,"basaliob":-0.393,"bolussnooze":0,"activity":-0.0046,"lastBolusTime":1703015399595,"time":"2023-12-19T23:34:56.905Z"}},{"iob":-0.009,"basaliob":-0.013,"bolussnooze":0,"activity":-2.0E-4,"lastBolusTime":1703015399595,"time":"2023-12-19T23:39:56.905Z","iobWithZeroTemp":{"iob":-0.386,"basaliob":-0.39,"bolussnooze":0,"activity":-0.0047,"lastBolusTime":1703015399595,"time":"2023-12-19T23:39:56.905Z"}},{"iob":-0.009,"basaliob":-0.012,"bolussnooze":0,"activity":-2.0E-4,"lastBolusTime":1703015399595,"time":"2023-12-19T23:44:56.905Z","iobWithZeroTemp":{"iob":-0.384,"basaliob":-0.387,"bolussnooze":0,"activity":-0.0047,"lastBolusTime":1703015399595,"time":"2023-12-19T23:44:56.905Z"}},{"iob":-0.008,"basaliob":-0.011,"bolussnooze":0,"activity":-2.0E-4,"lastBolusTime":1703015399595,"time":"2023-12-19T23:49:56.905Z","iobWithZeroTemp":{"iob":-0.382,"basaliob":-0.385,"bolussnooze":0,"activity":-0.0047,"lastBolusTime":1703015399595,"time":"2023-12-19T23:49:56.905Z"}},{"iob":-0.007,"basaliob":-0.009,"bolussnooze":0,"activity":-1.0E-4,"lastBolusTime":1703015399595,"time":"2023-12-19T23:54:56.905Z","iobWithZeroTemp":{"iob":-0.379,"basaliob":-0.381,"bolussnooze":0,"activity":-0.0045,"lastBolusTime":1703015399595,"time":"2023-12-19T23:54:56.905Z"}},{"iob":-0.006,"basaliob":-0.008,"bolussnooze":0,"activity":-1.0E-4,"lastBolusTime":1703015399595,"time":"2023-12-19T23:59:56.905Z","iobWithZeroTemp":{"iob":-0.377,"basaliob":-0.379,"bolussnooze":0,"activity":-0.0045,"lastBolusTime":1703015399595,"time":"2023-12-19T23:59:56.905Z"}},{"iob":-0.006,"basaliob":-0.007,"bolussnooze":0,"activity":-1.0E-4,"lastBolusTime":1703015399595,"time":"2023-12-20T00:04:56.905Z","iobWithZeroTemp":{"iob":-0.376,"basaliob":-0.377,"bolussnooze":0,"activity":-0.0045,"lastBolusTime":1703015399595,"time":"2023-12-20T00:04:56.905Z"}},{"iob":-0.005,"basaliob":-0.006,"bolussnooze":0,"activity":-2.0E-4,"lastBolusTime":1703015399595,"time":"2023-12-20T00:09:56.905Z","iobWithZeroTemp":{"iob":-0.373,"basaliob":-0.374,"bolussnooze":0,"activity":-0.0046,"lastBolusTime":1703015399595,"time":"2023-12-20T00:09:56.905Z"}},{"iob":-0.004,"basaliob":-0.005,"bolussnooze":0,"activity":-2.0E-4,"lastBolusTime":1703015399595,"time":"2023-12-20T00:14:56.905Z","iobWithZeroTemp":{"iob":-0.371,"basaliob":-0.372,"bolussnooze":0,"activity":-0.0046,"lastBolusTime":1703015399595,"time":"2023-12-20T00:14:56.905Z"}},{"iob":-0.004,"basaliob":-0.005,"bolussnooze":0,"activity":-1.0E-4,"lastBolusTime":1703015399595,"time":"2023-12-20T00:19:56.905Z","iobWithZeroTemp":{"iob":-0.37,"basaliob":-0.371,"bolussnooze":0,"activity":-0.0045,"lastBolusTime":1703015399595,"time":"2023-12-20T00:19:56.905Z"}},{"iob":-0.003,"basaliob":-0.004,"bolussnooze":0,"activity":-1.0E-4,"lastBolusTime":1703015399595,"time":"2023-12-20T00:24:56.905Z","iobWithZeroTemp":{"iob":-0.368,"basaliob":-0.369,"bolussnooze":0,"activity":-0.0045,"lastBolusTime":1703015399595,"time":"2023-12-20T00:24:56.905Z"}},{"iob":-0.003,"basaliob":-0.004,"bolussnooze":0,"activity":-1.0E-4,"lastBolusTime":1703015399595,"time":"2023-12-20T00:29:56.905Z","iobWithZeroTemp":{"iob":-0.367,"basaliob":-0.368,"bolussnooze":0,"activity":-0.0045,"lastBolusTime":1703015399595,"time":"2023-12-20T00:29:56.905Z"}},{"iob":-0.003,"basaliob":-0.003,"bolussnooze":0,"activity":-1.0E-4,"lastBolusTime":1703015399595,"time":"2023-12-20T00:34:56.905Z","iobWithZeroTemp":{"iob":-0.366,"basaliob":-0.366,"bolussnooze":0,"activity":-0.0045,"lastBolusTime":1703015399595,"time":"2023-12-20T00:34:56.905Z"}},{"iob":-0.003,"basaliob":-0.003,"bolussnooze":0,"activity":-1.0E-4,"lastBolusTime":1703015399595,"time":"2023-12-20T00:39:56.905Z","iobWithZeroTemp":{"iob":-0.365,"basaliob":-0.365,"bolussnooze":0,"activity":-0.0045,"lastBolusTime":1703015399595,"time":"2023-12-20T00:39:56.905Z"}}],"profile":{"max_iob":10,"type":"current","max_daily_basal":0.4,"max_basal":1.2,"min_bg":90,"max_bg":90,"target_bg":90,"carb_ratio":8.8,"sens":120,"max_daily_safety_multiplier":3,"current_basal_safety_multiplier":4,"lgsThreshold":95,"high_temptarget_raises_sensitivity":true,"low_temptarget_lowers_sensitivity":true,"sensitivity_raises_target":true,"resistance_lowers_target":true,"adv_target_adjustments":false,"exercise_mode":false,"half_basal_exercise_target":160,"maxCOB":120,"skip_neutral_temps":false,"remainingCarbsCap":90,"enableUAM":true,"A52_risk_enable":false,"SMBInterval":5,"enableSMB_with_COB":true,"enableSMB_with_temptarget":true,"allowSMB_with_high_temptarget":false,"enableSMB_always":false,"enableSMB_after_carbs":true,"maxSMBBasalMinutes":30,"maxUAMSMBBasalMinutes":40,"bolus_increment":0.05,"carbsReqThreshold":4,"current_basal":0.35,"temptargetSet":false,"autosens_max":1.3,"autosens_min":0.7,"variable_sens":101.7,"insulinDivisor":75,"TDD":20.34343571428571},"autosens_data":{"ratio":0.6985889219845353},"meal_data":{"carbs":50,"mealCOB":2.947866666666664,"slopeFromMaxDeviation":-1.1315454545454546,"slopeFromMinDeviation":0,"lastBolusTime":1703015399595,"lastCarbTime":1703009864555},"microBolusAllowed":true,"currentTime":1703018698900,"flatBGsDetected":false,"tdd1D":16.220833333333324,"tdd7D":19.783928571428568,"tddLast24H":13.820833333333331,"tddLast4H":5.875,"tddLast8to4H":0.2041666666666667},"output":{"temp":"absolute","bg":104,"tick":-8,"eventualBG":79,"targetBG":103,"insulinReq":0,"deliverAt":"2023-12-19T20:44:58.900Z","sensitivityRatio":0.6985889219845353,"variable_sens":101.7,"predBGs":{"IOB":[104,97,90,84,79,74,70,67,64,62,60,59,58,58,57,57,57,57,57,57,57,57,57,57,57,57,58,58,58,58,58,59,59,59,59,59,59,59,60],"ZT":[104,101,98,96,94,93,91,91,90,90,90,90,91,92,93,94,95,97,98,100,102],"COB":[104,97,90,85,80,76,72,69,67,65,64,63,63,62,62,62,63,63,63,63,64,64,64,65,65,66,66,67,67,68,68,69,69,70,71,71,72,73,73,74,74,75,76,77,77,78,79],"UAM":[104,97,90,84,79,74,70,67,64,62,60,59,58,58,57,57,57,57,57,57,57,57,57,57,57,57,58,58,58,58,58,59,59,59,59,59,59,59,60]},"reason":"COB: 2.9, Dev: -19, BGI: -3, ISF: 102, CR: 8.8, Target: 103, minPredBG 73, minGuardBG 57, IOBpredBG 60, COBpredBG 79, UAMpredBG 60; minGuardBG 57<95","COB":2.947866666666664,"IOB":0.139,"duration":90,"rate":0,"timestamp":"2023-12-19T20:44:58.931Z"}}