{"algorithm":"OpenAPSSMBDynamicISFPlugin","input":{"glucoseStatus":{"glucose":104,"noise":0,"delta":2.39,"short_avgdelta":2.39,"long_avgdelta":1.59,"date":1702892961000},"currenttemp":{"temp":"absolute","duration":20,"rate":0.5,"minutesrunning":10},"iob_data":[{"iob":0.092,"basaliob":-0.176,"bolussnooze":0.0018,"activity":0.0028,"lastBolusTime":1702886858822,"time":"2023-12-18T09:49:47.986Z","iobWithZeroTemp":{"iob":0.092,"basaliob":-0.176,"bolussnooze":0.0018,"activity":0.0028,"lastBolusTime":1702886858822,"time":"2023-12-18T09:49:47.986Z"}},{"iob":0.079,"basaliob":-0.163,"bolussnooze":0.0012,"activity":0.0025,"lastBolusTime":1702886858822,"time":"2023-12-18T09:54:47.986Z","iobWithZeroTemp":{"iob":0.062,"basaliob":-0.18,"bolussnooze":0.0012,"activity":0.0025,"lastBolusTime":1702886858822,"time":"2023-12-18T09:54:47.986Z"}},{"iob":0.068,"basaliob":-0.15,"bolussnooze":7.0E-4,"activity":0.0022,"lastBolusTime":1702886858822,"time":"2023-12-18T09:59:47.986Z","iobWithZeroTemp":{"iob":0.031,"basaliob":-0.187,"bolussnooze":7.0E-4,"activity":0.0021,"lastBolusTime":1702886858822,"time":"2023-12-18T09:59:47.986Z"}},{"iob":0.057,"basaliob":-0.139,"bolussnooze":4.0E-4,"activity":0.0019,"lastBolusTime":1702886858822,"time":"2023-12-18T10:04:47.986Z","iobWithZeroTemp":{"iob":-0.001,"basaliob":-0.197,"bolussnooze":4.0E-4,"activity":0.0017,"lastBolusTime":1702886858822,"time":"2023-12-18T10:04:47.986Z"}},{"iob":0.048,"basaliob":-0.127,"bolussnooze":2.0E-4,"activity":0.0018,"lastBolusTime":1702886858822,"time":"2023-12-18T10:09:47.986Z","iobWithZeroTemp":{"iob":-0.029,"basaliob":-0.204,"bolussnooze":2.0E-4,"activity":0.0015,"lastBolusTime":1702886858822,"time":"2023-12-18T10:09:47.986Z"}},{"iob":0.04,"basaliob":-0.117,"bolussnooze":1.0E-4,"activity":0.0015,"lastBolusTime":1702886858822,"time":"2023-12-18T10:14:47.986Z","iobWithZeroTemp":{"iob":-0.056,"basaliob":-0.213,"bolussnooze":1.0E-4,"activity":0.0011,"lastBolusTime":1702886858822,"time":"2023-12-18T10:14:47.986Z"}},{"iob":0.033,"basaliob":-0.107,"bolussnooze":0,"activity":0.0013,"lastBolusTime":1702886858822,"time":"2023-12-18T10:19:47.986Z","iobWithZeroTemp":{"iob":-0.081,"basaliob":-0.221,"bolussnooze":0,"activity":7.0E-4,"lastBolusTime":1702886858822,"time":"2023-12-18T10:19:47.986Z"}},{"iob":0.027,"basaliob":-0.098,"bolussnooze":0,"activity":0.0012,"lastBolusTime":1702886858822,"time":"2023-12-18T10:24:47.986Z","iobWithZeroTemp":{"iob":-0.105,"basaliob":-0.23,"bolussnooze":0,"activity":4.0E-4,"lastBolusTime":1702886858822,"time":"2023-12-18T10:24:47.986Z"}},{"iob":0.021,"basaliob":-0.09,"bolussnooze":0,"activity":0.001,"lastBolusTime":1702886858822,"time":"2023-12-18T10:29:47.986Z","iobWithZeroTemp":{"iob":-0.128,"basaliob":-0.239,"bolussnooze":0,"activity":1.0E-4,"lastBolusTime":1702886858822,"time":"2023-12-18T10:29:47.986Z"}},{"iob":0.017,"basaliob":-0.082,"bolussnooze":0,"activity":9.0E-4,"lastBolusTime":1702886858822,"time":"2023-12-18T10:34:47.986Z","iobWithZeroTemp":{"iob":-0.147,"basaliob":-0.246,"bolussnooze":0,"activity":-2.0E-4,"lastBolusTime":1702886858822,"time":"2023-12-18T10:34:47.986Z"}},{"iob":0.013,"basaliob":-0.075,"bolussnooze":0,"activity":7.0E-4,"lastBolusTime":1702886858822,"time":"2023-12-18T10:39:47.986Z","iobWithZeroTemp":{"iob":-0.166,"basaliob":-0.254,"bolussnooze":0,"activity":-6.0E-4,"lastBolusTime":1702886858822,"time":"2023-12-18T10:39:47.986Z"}},{"iob":0.01,"basaliob":-0.068,"bolussnooze":0,"activity":6.0E-4,"lastBolusTime":1702886858822,"time":"2023-12-18T10:44:47.986Z","iobWithZeroTemp":{"iob":-0.183,"basaliob":-0.261,"bolussnooze":0,"activity":-9.0E-4,"lastBolusTime":1702886858822,"time":"2023-12-18T10:44:47.986Z"}},{"iob":0.007,"basaliob":-0.062,"bolussnooze":0,"activity":5.0E-4,"lastBolusTime":1702886858822,"time":"2023-12-18T10:49:47.986Z","iobWithZeroTemp":{"iob":-0.199,"basaliob":-0.268,"bolussnooze":0,"activity":-0.0011,"lastBolusTime":1702886858822,"time":"2023-12-18T10:49:47.986Z"}},{"iob":0.004,"basaliob":-0.056,"bolussnooze":0,"activity":5.0E-4,"lastBolusTime":1702886858822,"time":"2023-12-18T10:54:47.986Z","iobWithZeroTemp":{"iob":-0.214,"basaliob":-0.274,"bolussnooze":0,"activity":-0.0013,"lastBolusTime":1702886858822,"time":"2023-12-18T10:54:47.986Z"}},{"iob":0.002,"basaliob":-0.051,"bolussnooze":0,"activity":4.0E-4,"lastBolusTime":1702886858822,"time":"2023-12-18T10:59:47.986Z","iobWithZeroTemp":{"iob":-0.228,"basaliob":-0.281,"bolussnooze":0,"activity":-0.0016,"lastBolusTime":1702886858822,"time":"2023-12-18T10:59:47.986Z"}},{"iob":0.001,"basaliob":-0.046,"bolussnooze":0,"activity":3.0E-4,"lastBolusTime":1702886858822,"time":"2023-12-18T11:04:47.986Z","iobWithZeroTemp":{"iob":-0.243,"basaliob":-0.29,"bolussnooze":0,"activity":-0.0018,"lastBolusTime":1702886858822,"time":"2023-12-18T11:04:47.986Z"}},{"iob":0,"basaliob":-0.041,"bolussnooze":0,"activity":2.0E-4,"lastBolusTime":1702886858822,"time":"2023-12-18T11:09:47.986Z","iobWithZeroTemp":{"iob":-0.258,"basaliob":-0.299,"bolussnooze":0,"activity":-0.0021,"lastBolusTime":1702886858822,"time":"2023-12-18T11:09:47.986Z"}},{"iob":-0.002,"basaliob":-0.037,"bolussnooze":0,"activity":2.0E-4,"lastBolusTime":1702886858822,"time":"2023-12-18T11:14:47.986Z","iobWithZeroTemp":{"iob":-0.273,"basaliob":-0.308,"bolussnooze":0,"activity":-0.0023,"lastBolusTime":1702886858822,"time":"2023-12-18T11:14:47.986Z"}},{"iob":-0.003,"basaliob":-0.034,"bolussnooze":0,"activity":2.0E-4,"lastBolusTime":1702886858822,"time":"2023-12-18T11:19:47.986Z","iobWithZeroTemp":{"iob":-0.287,"basaliob":-0.318,"bolussnooze":0,"activity":-0.0024,"lastBolusTime":1702886858822,"time":"2023-12-18T11:19:47.986Z"}},{"iob":-0.003,"basaliob":-0.03,"bolussnooze":0,"activity":1.0E-4,"lastBolusTime":1702886858822,"time":"2023-12-18T11:24:47.986Z","iobWithZeroTemp":{"iob":-0.298,"basaliob":-0.325,"bolussnooze":0,"activity":-0.0027,"lastBolusTime":1702886858822,"time":"2023-12-18T11:24:47.986Z"}},{"iob":-0.004,"basaliob":-0.027,"bolussnooze":0,"activity":1.0E-4,"lastBolusTime":1702886858822,"time":"2023-12-18T11:29:47.986Z","iobWithZeroTemp":{"iob":-0.31,"basaliob":-0.333,"bolussnooze":0,"activity":-0.0028,"lastBolusTime":1702886858822,"time":"2023-12-18T11:29:47.986Z"}},{"iob":-0.004,"basaliob":-0.024,"bolussnooze":0,"activity":1.0E-4,"lastBolusTime":1702886858822,"time":"2023-12-18T11:34:47.986Z","iobWithZeroTemp":{"iob":-0.32,"basaliob":-0.34,"bolussnooze":0,"activity":-0.003,"lastBolusTime":1702886858822,"time":"2023-12-18T11:34:47.986Z"}},{"iob":-0.004,"basaliob":-0.021,"bolussnooze":0,"activity":0,"lastBolusTime":1702886858822,"time":"2023-12-18T11:39:47.986Z","iobWithZeroTemp":{"iob":-0.329,"basaliob":-0.346,"bolussnooze":0,"activity":-0.0032,"lastBolusTime":1702886858822,"time":"2023-12-18T11:39:47.986Z"}},{"iob":-0.005,"basaliob":-0.019,"bolussnooze":0,"activity":0,"lastBolusTime":1702886858822,"time":"2023-12-18T11:44:47.986Z","iobWithZeroTemp":{"iob":-0.339,"basaliob":-0.353,"bolussnooze":0,"activity":-0.0033,"lastBolusTime":1702886858822,"time":"2023-12-18T11:44:47.986Z"}},{"iob":-0.005,"basaliob":-0.017,"bolussnooze":0,"activity":0,"lastBolusTime":1702886858822,"time":"2023-12-18T11:49:47.986Z","iobWithZeroTemp":{"iob":-0.347,"basaliob":-0.359,"bolussnooze":0,"activity":-0.0035,"lastBolusTime":1702886858822,"time":"2023-12-18T11:49:47.986Z"}},{"iob":-0.005,"basaliob":-0.015,"bolussnooze":0,"activity":0,"lastBolusTime":1702886858822,"time":"2023-12-18T11:54:47.986Z","iobWithZeroTemp":{"iob":-0.354,"basaliob":-0.364,"bolussnooze":0,"activity":-0.0036,"lastBolusTime":1702886858822,"time":"2023-12-18T11:54:47.986Z"}},{"iob":-0.004,"basaliob":-0.013,"bolussnooze":0,"activity":0,"lastBolusTime":1702886858822,"time":"2023-12-18T11:59:47.986Z","iobWithZeroTemp":{"iob":-0.36,"basaliob":-0.369,"bolussnooze":0,"activity":-0.0037,"lastBolusTime":1702886858822,"time":"2023-12-18T11:59:47.986Z"}},{"iob":-0.005,"basaliob":-0.012,"bolussnooze":0,"activity":0,"lastBolusTime":1702886858822,"time":"2023-12-18T12:04:47.986Z","iobWithZeroTemp":{"iob":-0.367,"basaliob":-0.374,"bolussnooze":0,"activity":-0.0038,"lastBolusTime":1702886858822,"time":"2023-12-18T12:04:47.986Z"}},{"iob":-0.004,"basaliob":-0.01,"bolussnooze":0,"activity":-1.0E-4,"lastBolusTime":1702886858822,"time":"2023-12-18T12:09:47.986Z","iobWithZeroTemp":{"iob":-0.372,"basaliob":-0.378,"bolussnooze":0,"activity":-0.004,"lastBolusTime":1702886858822,"time":"2023-12-18T12:09:47.986Z"}},{"iob":-0.004,"basaliob":-0.009,"bolussnooze":0,"activity":0,"lastBolusTime":1702886858822,"time":"2023-12-18T12:14:47.986Z","iobWithZeroTemp":{"iob":-0.377,"basaliob":-0.382,"bolussnooze":0,"activity":-0.004,"lastBolusTime":1702886858822,"time":"2023-12-18T12:14:47.986Z"}},{"iob":-0.004,"basaliob":-0.008,"bolussnooze":0,"activity":0,"lastBolusTime":1702886858822,"time":"2023-12-18T12:19:47.986Z","iobWithZeroTemp":{"iob":-0.382,"basaliob":-0.386,"bolussnooze":0,"activity":-0.0041,"lastBolusTime":1702886858822,"time":"2023-12-18T12:19:47.986Z"}},{"iob":-0.004,"basaliob":-0.007,"bolussnooze":0,"activity":-1.0E-4,"lastBolusTime":1702886858822,"time":"2023-12-18T12:24:47.986Z","iobWithZeroTemp":{"iob":-0.386,"basaliob":-0.389,"bolussnooze":0,"activity":-0.0043,"lastBolusTime":1702886858822,"time":"2023-12-18T12:24:47.986Z"}},{"iob":-0.003,"basaliob":-0.006,"bolussnooze":0,"activity":-1.0E-4,"lastBolusTime":1702886858822,"time":"2023-12-18T12:29:47.986Z","iobWithZeroTemp":{"iob":-0.389,"basaliob":-0.392,"bolussnooze":0,"activity":-0.0043,"lastBolusTime":1702886858822,"time":"2023-12-18T12:29:47.986Z"}},{"iob":-0.003,"basaliob":-0.005,"bolussnooze":0,"activity":-1.0E-4,"lastBolusTime":1702886858822,"time":"2023-12-18T12:34:47.986Z","iobWithZeroTemp":{"iob":-0.393,"basaliob":-0.395,"bolussnooze":0,"activity":-0.0044,"lastBolusTime":1702886858822,"time":"2023-12-18T12:34:47.986Z"}},{"iob":-0.002,"basaliob":-0.004,"bolussnooze":0,"activity":0,"lastBolusTime":1702886858822,"time":"2023-12-18T12:39:47.986Z","iobWithZeroTemp":{"iob":-0.395,"basaliob":-0.397,"bolussnooze":0,"activity":-0.0044,"lastBolusTime":1702886858822,"time":"2023-12-18T12:39:47.986Z"}},{"iob":-0.003,"basaliob":-0.004,"bolussnooze":0,"activity":0,"lastBolusTime":1702886858822,"time":"2023-12-18T12:44:47.986Z","iobWithZeroTemp":{"iob":-0.399,"basaliob":-0.4,"bolussnooze":0,"activity":-0.0044,"lastBolusTime":1702886858822,"time":"2023-12-18T12:44:47.986Z"}},{"iob":-0.002,"basaliob":-0.003,"bolussnooze":0,"activity":0,"lastBolusTime":1702886858822,"time":"2023-12-18T12:49:47.986Z","iobWithZeroTemp":{"iob":-0.401,"basaliob":-0.402,"bolussnooze":0,"activity":-0.0045,"lastBolusTime":1702886858822,"time":"2023-12-18T12:49:47.986Z"}},{"iob":-0.002,"basaliob":-0.003,"bolussnooze":0,"activity":-1.0E-4,"lastBolusTime":1702886858822,"time":"2023-12-18T12:54:47.986Z","iobWithZeroTemp":{"iob":-0.403,"basaliob":-0.404,"bolussnooze":0,"activity":-0.0046,"lastBolusTime":1702886858822,"time":"2023-12-18T12:54:47.986Z"}},{"iob":-0.001,"basaliob":-0.002,"bolussnooze":0,"activity":-1.0E-4,"lastBolusTime":1702886858822,"time":"2023-12-18T12:59:47.986Z","iobWithZeroTemp":{"iob":-0.404,"basaliob":-0.405,"bolussnooze":0,"activity":-0.0047,"lastBolusTime":1702886858822,"time":"2023-12-18T12:59:47.986Z"}},{"iob":-0.001,"basaliob":-0.002,"bolussnooze":0,"activity":-1.0E-4,"lastBolusTime":1702886858822,"time":"2023-12-18T13:04:47.986Z","iobWithZeroTemp":{"iob":-0.406,"basaliob":-0.407,"bolussnooze":0,"activity":-0.0047,"lastBolusTime":1702886858822,"time":"2023-12-18T13:04:47.986Z"}},{"iob":-0.002,"basaliob":-0.002,"bolussnooze":0,"activity":-1.0E-4,"lastBolusTime":1702886858822,"time":"2023-12-18T13:09:47.986Z","iobWithZeroTemp":{"iob":-0.409,"basaliob":-0.409,"bolussnooze":0,"activity":-0.0048,"lastBolusTime":1702886858822,"time":"2023-12-18T13:09:47.986Z"}},{"iob":-0.001,"basaliob":-0.001,"bolussnooze":0,"activity":-1.0E-4,"lastBolusTime":1702886858822,"time":"2023-12-18T13:14:47.986Z","iobWithZeroTemp":{"iob":-0.41,"basaliob":-0.41,"bolussnooze":0,"activity":-0.0048,"lastBolusTime":1702886858822,"time":"2023-12-18T13:14:47.986Z"}},{"iob":-0.001,"basaliob":-0.001,"bolussnooze":0,"activity":0,"lastBolusTime":1702886858822,"time":"2023-12-18T13:19:47.986Z","iobWithZeroTemp":{"iob":-0.411,"basaliob":-0.411,"bolussnooze":0,"activity":-0.0047,"lastBolusTime":1702886858822,"time":"2023-12-18T13:19:47.986Z"}},{"iob":-0.001,"basaliob":-0.001,"bolussnooze":0,"activity":0,"lastBolusTime":1702886858822,"time":"2023-12-18T13:24:47.986Z","iobWithZeroTemp":{"iob":-0.412,"basaliob":-0.412,"bolussnooze":0,"activity":-0.0048,"lastBolusTime":1702886858822,"time":"2023-12-18T13:24:47.986Z"}},{"iob":-0.001,"basaliob":-0.001,"bolussnooze":0,"activity":0,"lastBolusTime":1702886858822,"time":"2023-12-18T13:29:47.986Z","iobWithZeroTemp":{"iob":-0.414,"basaliob":-0.414,"bolussnooze":0,"activity":-0.0048,"lastBolusTime":1702886858822,"time":"2023-12-18T13:29:47.986Z"}},{"iob":-0.001,"basaliob":-0.001,"bolussnooze":0,"activity":0,"lastBolusTime":1702886858822,"time":"2023-12-18T13:34:47.986Z","iobWithZeroTemp":{"iob":-0.415,"basaliob":-0.415,"bolussnooze":0,"activity":-0.0048,"lastBolusTime":1702886858822,"time":"2023-12-18T13:34:47.986Z"}},{"iob":0,"basaliob":0,"bolussnooze":0,"activity":0,"lastBolusTime":1702886858822,"time":"2023-12-18T13:39:47.986Z","iobWithZeroTemp":{"iob":-0.414,"basaliob":-0.414,"bolussnooze":0,"activity":-0.0048,"lastBolusTime":1702886858822,"time":"2023-12-18T13:39:47.986Z"}},{"iob":0,"basaliob":0,"bolussnooze":0,"activity":0,"lastBolusTime":1702886858822,"time":"2023-12-18T13:44:47.986Z","iobWithZeroTemp":{"iob":-0.415,"basaliob":-0.415,"bolussnooze":0,"activity":-0.0049,"lastBolusTime":1702886858822,"time":"2023-12-18T13:44:47.986Z"}}],"profile":{"max_iob":10,"type":"current","max_daily_basal":0.4,"max_basal":1,"min_bg":90,"max_bg":90,"target_bg":90,"carb_ratio":8.5,"sens":120,"max_daily_safety_multiplier":3,"current_basal_safety_multiplier":4,"lgsThreshold":95,"high_temptarget_raises_sensitivity":true,"low_temptarget_lowers_sensitivity":true,"sensitivity_raises_target":true,"resistance_lowers_target":true,"adv_target_adjustments":false,"exercise_mode":false,"half_basal_exercise_target":160,"maxCOB":120,"skip_neutral_temps":false,"remainingCarbsCap":90,"enableUAM":true,"A52_risk_enable":false,"SMBInterval":10,"enableSMB_with_COB":true,"enableSMB_with_temptarget":true,"allowSMB_with_high_temptarget":false,"enableSMB_always":false,"enableSMB_after_carbs":true,"maxSMBBasalMinutes":30,"maxUAMSMBBasalMinutes":40,"bolus_increment":0.05,"carbsReqThreshold":4,"current_basal":0.25,"temptargetSet":false,"autosens_max":1.3,"autosens_min":0.7,"variable_sens":109,"insulinDivisor":75,"TDD":18.975083333333334},"autosens_data":{"ratio":0.8707993204326023},"meal_data":{"carbs":0,"mealCOB":0,"slopeFromMaxDeviation":0,"slopeFromMinDeviation":0.3054545454545455,"lastBolusTime":1702886858822,"lastCarbTime":0},"microBolusAllowed":true,"currentTime":1702892988888,"flatBGsDetected":false,"tdd1D":16.272499999999997,"tdd7D":20.110833333333336,"tddLast24H":17.512499999999996,"tddLast4H":4.2666666666666675,"tddLast8to4H":1.4375000000000002},"output":{"temp":"absolute","bg":104,"tick":"+2","eventualBG":162,"targetBG":94,"insulinReq":0.36,"deliverAt":"2023-12-18T09:49:48.888Z","sensitivityRatio":0.8707993204326023,"variable_sens":109,"predBGs":{"IOB":[104,106,108,110,111,113,114,115,115,116,116,116,116,116,115,115,115,115,115,115,115,115,114,114,114,114,114,114,114,115],"ZT":[104,102,101,100,99,98,98,97,97,97,97,97,98,98],"UAM":[104,106,109,111,113,116,118,121,123,126,128,131,133,135,137,139,141,143,145,147,149,150,152,153,154,156,157,158,159,159,160,161,161,161,162]},"reason":"COB: 0, Dev: 24, BGI: -2, ISF: 109, CR: 8.5, Target: 94, minPredBG 133, minGuardBG 106, IOBpredBG 115, UAMpredBG 162; Eventual BG 162 >= 94, temp 0.50 < 0.94U\/hr. ","COB":0,"IOB":0.092,"duration":30,"rate":0.9376998301081505,"timestamp":"2023-12-18T09:49:48.903Z"}}