{"algorithm":"OpenAPSSMBDynamicISFPlugin","input":{"glucoseStatus":{"glucose":112,"noise":0,"delta":9.5,"short_avgdelta":9.5,"long_avgdelta":6.7,"date":1702991364000},"currenttemp":{"temp":"absolute","duration":75,"rate":0,"minutesrunning":45},"iob_data":[{"iob":0.833,"basaliob":-0.398,"bolussnooze":0.2556,"activity":0.0136,"lastBolusTime":1702991101256,"time":"2023-12-19T13:09:57.747Z","iobWithZeroTemp":{"iob":0.833,"basaliob":-0.398,"bolussnooze":0.2556,"activity":0.0136,"lastBolusTime":1702991101256,"time":"2023-12-19T13:09:57.747Z"}},{"iob":0.767,"basaliob":-0.376,"bolussnooze":0.2071,"activity":0.0129,"lastBolusTime":1702991101256,"time":"2023-12-19T13:14:57.747Z","iobWithZeroTemp":{"iob":0.744,"basaliob":-0.399,"bolussnooze":0.2071,"activity":0.0129,"lastBolusTime":1702991101256,"time":"2023-12-19T13:14:57.747Z"}},{"iob":0.704,"basaliob":-0.354,"bolussnooze":0.1666,"activity":0.0121,"lastBolusTime":1702991101256,"time":"2023-12-19T13:19:57.747Z","iobWithZeroTemp":{"iob":0.652,"basaliob":-0.406,"bolussnooze":0.1666,"activity":0.012,"lastBolusTime":1702991101256,"time":"2023-12-19T13:19:57.747Z"}},{"iob":0.646,"basaliob":-0.332,"bolussnooze":0.1332,"activity":0.0113,"lastBolusTime":1702991101256,"time":"2023-12-19T13:24:57.747Z","iobWithZeroTemp":{"iob":0.565,"basaliob":-0.413,"bolussnooze":0.1332,"activity":0.0111,"lastBolusTime":1702991101256,"time":"2023-12-19T13:24:57.747Z"}},{"iob":0.591,"basaliob":-0.311,"bolussnooze":0.1056,"activity":0.0106,"lastBolusTime":1702991101256,"time":"2023-12-19T13:29:57.747Z","iobWithZeroTemp":{"iob":0.483,"basaliob":-0.419,"bolussnooze":0.1056,"activity":0.0102,"lastBolusTime":1702991101256,"time":"2023-12-19T13:29:57.747Z"}},{"iob":0.541,"basaliob":-0.29,"bolussnooze":0.0831,"activity":0.0098,"lastBolusTime":1702991101256,"time":"2023-12-19T13:34:57.747Z","iobWithZeroTemp":{"iob":0.406,"basaliob":-0.425,"bolussnooze":0.0831,"activity":0.0092,"lastBolusTime":1702991101256,"time":"2023-12-19T13:34:57.747Z"}},{"iob":0.493,"basaliob":-0.27,"bolussnooze":0.0648,"activity":0.009,"lastBolusTime":1702991101256,"time":"2023-12-19T13:39:57.747Z","iobWithZeroTemp":{"iob":0.333,"basaliob":-0.43,"bolussnooze":0.0648,"activity":0.0082,"lastBolusTime":1702991101256,"time":"2023-12-19T13:39:57.747Z"}},{"iob":0.45,"basaliob":-0.25,"bolussnooze":0.0501,"activity":0.0084,"lastBolusTime":1702991101256,"time":"2023-12-19T13:44:57.747Z","iobWithZeroTemp":{"iob":0.265,"basaliob":-0.435,"bolussnooze":0.0501,"activity":0.0073,"lastBolusTime":1702991101256,"time":"2023-12-19T13:44:57.747Z"}},{"iob":0.409,"basaliob":-0.232,"bolussnooze":0.0383,"activity":0.0078,"lastBolusTime":1702991101256,"time":"2023-12-19T13:49:57.747Z","iobWithZeroTemp":{"iob":0.201,"basaliob":-0.44,"bolussnooze":0.0383,"activity":0.0065,"lastBolusTime":1702991101256,"time":"2023-12-19T13:49:57.747Z"}},{"iob":0.372,"basaliob":-0.214,"bolussnooze":0.0288,"activity":0.0072,"lastBolusTime":1702991101256,"time":"2023-12-19T13:54:57.747Z","iobWithZeroTemp":{"iob":0.142,"basaliob":-0.444,"bolussnooze":0.0288,"activity":0.0056,"lastBolusTime":1702991101256,"time":"2023-12-19T13:54:57.747Z"}},{"iob":0.337,"basaliob":-0.198,"bolussnooze":0.0214,"activity":0.0067,"lastBolusTime":1702991101256,"time":"2023-12-19T13:59:57.747Z","iobWithZeroTemp":{"iob":0.086,"basaliob":-0.449,"bolussnooze":0.0214,"activity":0.0049,"lastBolusTime":1702991101256,"time":"2023-12-19T13:59:57.747Z"}},{"iob":0.305,"basaliob":-0.182,"bolussnooze":0.0156,"activity":0.0062,"lastBolusTime":1702991101256,"time":"2023-12-19T14:04:57.747Z","iobWithZeroTemp":{"iob":0.055,"basaliob":-0.432,"bolussnooze":0.0156,"activity":0.0042,"lastBolusTime":1702991101256,"time":"2023-12-19T14:04:57.747Z"}},{"iob":0.276,"basaliob":-0.167,"bolussnooze":0.0111,"activity":0.0056,"lastBolusTime":1702991101256,"time":"2023-12-19T14:09:57.747Z","iobWithZeroTemp":{"iob":0.028,"basaliob":-0.415,"bolussnooze":0.0111,"activity":0.0034,"lastBolusTime":1702991101256,"time":"2023-12-19T14:09:57.747Z"}},{"iob":0.25,"basaliob":-0.153,"bolussnooze":0.0077,"activity":0.0051,"lastBolusTime":1702991101256,"time":"2023-12-19T14:14:57.747Z","iobWithZeroTemp":{"iob":0.005,"basaliob":-0.398,"bolussnooze":0.0077,"activity":0.0028,"lastBolusTime":1702991101256,"time":"2023-12-19T14:14:57.747Z"}},{"iob":0.225,"basaliob":-0.14,"bolussnooze":0.0052,"activity":0.0047,"lastBolusTime":1702991101256,"time":"2023-12-19T14:19:57.747Z","iobWithZeroTemp":{"iob":-0.017,"basaliob":-0.382,"bolussnooze":0.0052,"activity":0.0023,"lastBolusTime":1702991101256,"time":"2023-12-19T14:19:57.747Z"}},{"iob":0.203,"basaliob":-0.128,"bolussnooze":0.0033,"activity":0.0043,"lastBolusTime":1702991101256,"time":"2023-12-19T14:24:57.747Z","iobWithZeroTemp":{"iob":-0.035,"basaliob":-0.366,"bolussnooze":0.0033,"activity":0.0018,"lastBolusTime":1702991101256,"time":"2023-12-19T14:24:57.747Z"}},{"iob":0.182,"basaliob":-0.117,"bolussnooze":0.002,"activity":0.0039,"lastBolusTime":1702991101256,"time":"2023-12-19T14:29:57.747Z","iobWithZeroTemp":{"iob":-0.051,"basaliob":-0.35,"bolussnooze":0.002,"activity":0.0013,"lastBolusTime":1702991101256,"time":"2023-12-19T14:29:57.747Z"}},{"iob":0.163,"basaliob":-0.107,"bolussnooze":0.0011,"activity":0.0036,"lastBolusTime":1702991101256,"time":"2023-12-19T14:34:57.747Z","iobWithZeroTemp":{"iob":-0.066,"basaliob":-0.336,"bolussnooze":0.0011,"activity":0.001,"lastBolusTime":1702991101256,"time":"2023-12-19T14:34:57.747Z"}},{"iob":0.146,"basaliob":-0.097,"bolussnooze":5.0E-4,"activity":0.0032,"lastBolusTime":1702991101256,"time":"2023-12-19T14:39:57.747Z","iobWithZeroTemp":{"iob":-0.078,"basaliob":-0.321,"bolussnooze":5.0E-4,"activity":6.0E-4,"lastBolusTime":1702991101256,"time":"2023-12-19T14:39:57.747Z"}},{"iob":0.131,"basaliob":-0.088,"bolussnooze":1.0E-4,"activity":0.003,"lastBolusTime":1702991101256,"time":"2023-12-19T14:44:57.747Z","iobWithZeroTemp":{"iob":-0.089,"basaliob":-0.308,"bolussnooze":1.0E-4,"activity":4.0E-4,"lastBolusTime":1702991101256,"time":"2023-12-19T14:44:57.747Z"}},{"iob":0.116,"basaliob":-0.08,"bolussnooze":0,"activity":0.0027,"lastBolusTime":1702991101256,"time":"2023-12-19T14:49:57.747Z","iobWithZeroTemp":{"iob":-0.099,"basaliob":-0.295,"bolussnooze":0,"activity":1.0E-4,"lastBolusTime":1702991101256,"time":"2023-12-19T14:49:57.747Z"}},{"iob":0.104,"basaliob":-0.072,"bolussnooze":0,"activity":0.0024,"lastBolusTime":1702991101256,"time":"2023-12-19T14:54:57.747Z","iobWithZeroTemp":{"iob":-0.106,"basaliob":-0.282,"bolussnooze":0,"activity":-2.0E-4,"lastBolusTime":1702991101256,"time":"2023-12-19T14:54:57.747Z"}},{"iob":0.092,"basaliob":-0.065,"bolussnooze":0,"activity":0.0022,"lastBolusTime":1702991101256,"time":"2023-12-19T14:59:57.747Z","iobWithZeroTemp":{"iob":-0.114,"basaliob":-0.271,"bolussnooze":0,"activity":-4.0E-4,"lastBolusTime":1702991101256,"time":"2023-12-19T14:59:57.747Z"}},{"iob":0.082,"basaliob":-0.059,"bolussnooze":0,"activity":0.002,"lastBolusTime":1702991101256,"time":"2023-12-19T15:04:57.747Z","iobWithZeroTemp":{"iob":-0.119,"basaliob":-0.26,"bolussnooze":0,"activity":-5.0E-4,"lastBolusTime":1702991101256,"time":"2023-12-19T15:04:57.747Z"}},{"iob":0.072,"basaliob":-0.053,"bolussnooze":0,"activity":0.0018,"lastBolusTime":1702991101256,"time":"2023-12-19T15:09:57.747Z","iobWithZeroTemp":{"iob":-0.125,"basaliob":-0.25,"bolussnooze":0,"activity":-7.0E-4,"lastBolusTime":1702991101256,"time":"2023-12-19T15:09:57.747Z"}},{"iob":0.063,"basaliob":-0.048,"bolussnooze":0,"activity":0.0016,"lastBolusTime":1702991101256,"time":"2023-12-19T15:14:57.747Z","iobWithZeroTemp":{"iob":-0.13,"basaliob":-0.241,"bolussnooze":0,"activity":-9.0E-4,"lastBolusTime":1702991101256,"time":"2023-12-19T15:14:57.747Z"}},{"iob":0.056,"basaliob":-0.043,"bolussnooze":0,"activity":0.0015,"lastBolusTime":1702991101256,"time":"2023-12-19T15:19:57.747Z","iobWithZeroTemp":{"iob":-0.133,"basaliob":-0.232,"bolussnooze":0,"activity":-9.0E-4,"lastBolusTime":1702991101256,"time":"2023-12-19T15:19:57.747Z"}},{"iob":0.049,"basaliob":-0.039,"bolussnooze":0,"activity":0.0013,"lastBolusTime":1702991101256,"time":"2023-12-19T15:24:57.747Z","iobWithZeroTemp":{"iob":-0.137,"basaliob":-0.225,"bolussnooze":0,"activity":-0.0011,"lastBolusTime":1702991101256,"time":"2023-12-19T15:24:57.747Z"}},{"iob":0.043,"basaliob":-0.035,"bolussnooze":0,"activity":0.0011,"lastBolusTime":1702991101256,"time":"2023-12-19T15:29:57.747Z","iobWithZeroTemp":{"iob":-0.139,"basaliob":-0.217,"bolussnooze":0,"activity":-0.0013,"lastBolusTime":1702991101256,"time":"2023-12-19T15:29:57.747Z"}},{"iob":0.037,"basaliob":-0.031,"bolussnooze":0,"activity":0.001,"lastBolusTime":1702991101256,"time":"2023-12-19T15:34:57.747Z","iobWithZeroTemp":{"iob":-0.142,"basaliob":-0.21,"bolussnooze":0,"activity":-0.0013,"lastBolusTime":1702991101256,"time":"2023-12-19T15:34:57.747Z"}},{"iob":0.032,"basaliob":-0.028,"bolussnooze":0,"activity":0.001,"lastBolusTime":1702991101256,"time":"2023-12-19T15:39:57.747Z","iobWithZeroTemp":{"iob":-0.144,"basaliob":-0.204,"bolussnooze":0,"activity":-0.0013,"lastBolusTime":1702991101256,"time":"2023-12-19T15:39:57.747Z"}},{"iob":0.028,"basaliob":-0.025,"bolussnooze":0,"activity":8.0E-4,"lastBolusTime":1702991101256,"time":"2023-12-19T15:44:57.747Z","iobWithZeroTemp":{"iob":-0.145,"basaliob":-0.198,"bolussnooze":0,"activity":-0.0014,"lastBolusTime":1702991101256,"time":"2023-12-19T15:44:57.747Z"}},{"iob":0.024,"basaliob":-0.022,"bolussnooze":0,"activity":7.0E-4,"lastBolusTime":1702991101256,"time":"2023-12-19T15:49:57.747Z","iobWithZeroTemp":{"iob":-0.146,"basaliob":-0.192,"bolussnooze":0,"activity":-0.0015,"lastBolusTime":1702991101256,"time":"2023-12-19T15:49:57.747Z"}},{"iob":0.021,"basaliob":-0.019,"bolussnooze":0,"activity":6.0E-4,"lastBolusTime":1702991101256,"time":"2023-12-19T15:54:57.747Z","iobWithZeroTemp":{"iob":-0.146,"basaliob":-0.186,"bolussnooze":0,"activity":-0.0016,"lastBolusTime":1702991101256,"time":"2023-12-19T15:54:57.747Z"}},{"iob":0.018,"basaliob":-0.017,"bolussnooze":0,"activity":6.0E-4,"lastBolusTime":1702991101256,"time":"2023-12-19T15:59:57.747Z","iobWithZeroTemp":{"iob":-0.147,"basaliob":-0.182,"bolussnooze":0,"activity":-0.0015,"lastBolusTime":1702991101256,"time":"2023-12-19T15:59:57.747Z"}},{"iob":0.015,"basaliob":-0.015,"bolussnooze":0,"activity":5.0E-4,"lastBolusTime":1702991101256,"time":"2023-12-19T16:04:57.747Z","iobWithZeroTemp":{"iob":-0.148,"basaliob":-0.178,"bolussnooze":0,"activity":-0.0016,"lastBolusTime":1702991101256,"time":"2023-12-19T16:04:57.747Z"}},{"iob":0.013,"basaliob":-0.013,"bolussnooze":0,"activity":5.0E-4,"lastBolusTime":1702991101256,"time":"2023-12-19T16:09:57.747Z","iobWithZeroTemp":{"iob":-0.148,"basaliob":-0.174,"bolussnooze":0,"activity":-0.0016,"lastBolusTime":1702991101256,"time":"2023-12-19T16:09:57.747Z"}},{"iob":0.011,"basaliob":-0.012,"bolussnooze":0,"activity":4.0E-4,"lastBolusTime":1702991101256,"time":"2023-12-19T16:14:57.747Z","iobWithZeroTemp":{"iob":-0.148,"basaliob":-0.171,"bolussnooze":0,"activity":-0.0016,"lastBolusTime":1702991101256,"time":"2023-12-19T16:14:57.747Z"}},{"iob":0.009,"basaliob":-0.01,"bolussnooze":0,"activity":3.0E-4,"lastBolusTime":1702991101256,"time":"2023-12-19T16:19:57.747Z","iobWithZeroTemp":{"iob":-0.148,"basaliob":-0.167,"bolussnooze":0,"activity":-0.0017,"lastBolusTime":1702991101256,"time":"2023-12-19T16:19:57.747Z"}},{"iob":0.008,"basaliob":-0.009,"bolussnooze":0,"activity":3.0E-4,"lastBolusTime":1702991101256,"time":"2023-12-19T16:24:57.747Z","iobWithZeroTemp":{"iob":-0.148,"basaliob":-0.165,"bolussnooze":0,"activity":-0.0017,"lastBolusTime":1702991101256,"time":"2023-12-19T16:24:57.747Z"}},{"iob":0.006,"basaliob":-0.008,"bolussnooze":0,"activity":3.0E-4,"lastBolusTime":1702991101256,"time":"2023-12-19T16:29:57.747Z","iobWithZeroTemp":{"iob":-0.148,"basaliob":-0.162,"bolussnooze":0,"activity":-0.0017,"lastBolusTime":1702991101256,"time":"2023-12-19T16:29:57.747Z"}},{"iob":0.005,"basaliob":-0.007,"bolussnooze":0,"activity":2.0E-4,"lastBolusTime":1702991101256,"time":"2023-12-19T16:34:57.747Z","iobWithZeroTemp":{"iob":-0.148,"basaliob":-0.16,"bolussnooze":0,"activity":-0.0017,"lastBolusTime":1702991101256,"time":"2023-12-19T16:34:57.747Z"}},{"iob":0.004,"basaliob":-0.006,"bolussnooze":0,"activity":2.0E-4,"lastBolusTime":1702991101256,"time":"2023-12-19T16:39:57.747Z","iobWithZeroTemp":{"iob":-0.148,"basaliob":-0.158,"bolussnooze":0,"activity":-0.0017,"lastBolusTime":1702991101256,"time":"2023-12-19T16:39:57.747Z"}},{"iob":0.003,"basaliob":-0.005,"bolussnooze":0,"activity":1.0E-4,"lastBolusTime":1702991101256,"time":"2023-12-19T16:44:57.747Z","iobWithZeroTemp":{"iob":-0.147,"basaliob":-0.155,"bolussnooze":0,"activity":-0.0018,"lastBolusTime":1702991101256,"time":"2023-12-19T16:44:57.747Z"}},{"iob":0.003,"basaliob":-0.004,"bolussnooze":0,"activity":2.0E-4,"lastBolusTime":1702991101256,"time":"2023-12-19T16:49:57.747Z","iobWithZeroTemp":{"iob":-0.146,"basaliob":-0.153,"bolussnooze":0,"activity":-0.0017,"lastBolusTime":1702991101256,"time":"2023-12-19T16:49:57.747Z"}},{"iob":0.002,"basaliob":-0.004,"bolussnooze":0,"activity":1.0E-4,"lastBolusTime":1702991101256,"time":"2023-12-19T16:54:57.747Z","iobWithZeroTemp":{"iob":-0.146,"basaliob":-0.152,"bolussnooze":0,"activity":-0.0017,"lastBolusTime":1702991101256,"time":"2023-12-19T16:54:57.747Z"}},{"iob":0.002,"basaliob":-0.003,"bolussnooze":0,"activity":1.0E-4,"lastBolusTime":1702991101256,"time":"2023-12-19T16:59:57.747Z","iobWithZeroTemp":{"iob":-0.146,"basaliob":-0.151,"bolussnooze":0,"activity":-0.0017,"lastBolusTime":1702991101256,"time":"2023-12-19T16:59:57.747Z"}},{"iob":0.001,"basaliob":-0.003,"bolussnooze":0,"activity":1.0E-4,"lastBolusTime":1702991101256,"time":"2023-12-19T17:04:57.747Z","iobWithZeroTemp":{"iob":-0.146,"basaliob":-0.15,"bolussnooze":0,"activity":-0.0017,"lastBolusTime":1702991101256,"time":"2023-12-19T17:04:57.747Z"}}],"profile":{"max_iob":10,"type":"current","max_daily_basal":0.4,"max_basal":1.2,"min_bg":90,"max_bg":90,"target_bg":90,"carb_ratio":8.8,"sens":120,"max_daily_safety_multiplier":3,"current_basal_safety_multiplier":4,"lgsThreshold":95,"high_temptarget_raises_sensitivity":true,"low_temptarget_lowers_sensitivity":true,"sensitivity_raises_target":true,"resistance_lowers_target":true,"adv_target_adjustments":false,"exercise_mode":false,"half_basal_exercise_target":160,"maxCOB":120,"skip_neutral_temps":false,"remainingCarbsCap":90,"enableUAM":true,"A52_risk_enable":false,"SMBInterval":5,"enableSMB_with_COB":true,"enableSMB_with_temptarget":true,"allowSMB_with_high_temptarget":false,"enableSMB_always":false,"enableSMB_after_carbs":true,"maxSMBBasalMinutes":30,"maxUAMSMBBasalMinutes":40,"bolus_increment":0.05,"carbsReqThreshold":4,"current_basal":0.35,"temptargetSet":false,"autosens_max":1.3,"autosens_min":0.7,"variable_sens":110.7,"insulinDivisor":75,"TDD":17.795835714285708},"autosens_data":{"ratio":0.6876372717152572},"meal_data":{"carbs":23,"mealCOB":9.036666666666664,"slopeFromMaxDeviation":0,"slopeFromMinDeviation":1.2981428571428568,"lastBolusTime":1702991101256,"lastCarbTime":1702986730095},"microBolusAllowed":true,"currentTime":1702991399645,"flatBGsDetected":false,"tdd1D":16.220833333333324,"tdd7D":19.783928571428568,"tddLast24H":13.604166666666668,"tddLast4H":3.158333333333333,"tddLast8to4H":2.2541666666666664},"output":{"temp":"absolute","bg":112,"tick":"+10","eventualBG":337,"targetBG":104,"insulinReq":0.16,"deliverAt":"2023-12-19T13:09:59.645Z","sensitivityRatio":0.6876372717152572,"variable_sens":110.7,"predBGs":{"IOB":[112,120,127,134,140,145,148,151,153,154,153,152,149,146,144,142,140,138,136,135,133,132,131,129,128,128,127,126,125,125,124,124,123,123,123,122,122,122,122,121],"ZT":[112,104,97,90,83,76,69,63,56,51,45,40,39,39,39,39,39,39,39,39,39,39,39,39,39,39,39,39,39,39,39,39,39,39,39,39,39,40,42,44,46,47,49,51,53,54,56,57],"COB":[112,120,128,134,140,144,148,152,154,155,155,155,153,150,147,145,142,140,138,137,135,133,132,131,130,129,128,127,126,126,125,125,124,124,123,123,123,123,122,122,122,122,122,122,121],"UAM":[112,121,130,140,149,159,169,179,189,198,208,217,226,235,243,252,260,267,275,281,288,294,300,306,311,315,320,323,327,330,332,334,336,337,338,338,338,338,338,338,338,337]},"reason":"COB: 9, Dev: 102, BGI: -8, ISF: 111, CR: 8.8, Target: 104, minPredBG 122, minGuardBG 121, IOBpredBG 121, COBpredBG 121, UAMpredBG 337; Eventual BG 337 >= 104,  insulinReq 0.16; setting 60m low temp of 0U\/h. Waiting 0m 0s to microbolus again. ","COB":9.036666666666664,"IOB":0.833,"rate":0,"duration":60,"timestamp":"2023-12-19T13:09:59.672Z"}}