{"algorithm":"OpenAPSSMBPlugin","input":{"glucoseStatus":{"glucose":83,"noise":0,"delta":-5.33,"short_avgdelta":-4.91,"long_avgdelta":-4.17,"date":1703468114961},"currenttemp":{"temp":"absolute","duration":40,"rate":0,"minutesrunning":20},"iob_data":[{"iob":-0.052,"basaliob":-0.052,"bolussnooze":0,"activity":0.001,"lastBolusTime":0,"time":"2023-12-25T01:36:07.493Z","iobWithZeroTemp":{"iob":-0.052,"basaliob":-0.052,"bolussnooze":0,"activity":0.001,"lastBolusTime":0,"time":"2023-12-25T01:36:07.493Z"}},{"iob":-0.057,"basaliob":-0.057,"bolussnooze":0,"activity":7.0E-4,"lastBolusTime":0,"time":"2023-12-25T01:41:07.493Z","iobWithZeroTemp":{"iob":-0.074,"basaliob":-0.074,"bolussnooze":0,"activity":7.0E-4,"lastBolusTime":0,"time":"2023-12-25T01:41:07.493Z"}},{"iob":-0.06,"basaliob":-0.06,"bolussnooze":0,"activity":5.0E-4,"lastBolusTime":0,"time":"2023-12-25T01:46:07.493Z","iobWithZeroTemp":{"iob":-0.097,"basaliob":-0.097,"bolussnooze":0,"activity":4.0E-4,"lastBolusTime":0,"time":"2023-12-25T01:46:07.493Z"}},{"iob":-0.062,"basaliob":-0.062,"bolussnooze":0,"activity":3.0E-4,"lastBolusTime":0,"time":"2023-12-25T01:51:07.493Z","iobWithZeroTemp":{"iob":-0.12,"basaliob":-0.12,"bolussnooze":0,"activity":2.0E-4,"lastBolusTime":0,"time":"2023-12-25T01:51:07.493Z"}},{"iob":-0.063,"basaliob":-0.063,"bolussnooze":0,"activity":2.0E-4,"lastBolusTime":0,"time":"2023-12-25T01:56:07.493Z","iobWithZeroTemp":{"iob":-0.141,"basaliob":-0.141,"bolussnooze":0,"activity":0,"lastBolusTime":0,"time":"2023-12-25T01:56:07.493Z"}},{"iob":-0.064,"basaliob":-0.064,"bolussnooze":0,"activity":1.0E-4,"lastBolusTime":0,"time":"2023-12-25T02:01:07.493Z","iobWithZeroTemp":{"iob":-0.161,"basaliob":-0.161,"bolussnooze":0,"activity":-2.0E-4,"lastBolusTime":0,"time":"2023-12-25T02:01:07.493Z"}},{"iob":-0.064,"basaliob":-0.064,"bolussnooze":0,"activity":0,"lastBolusTime":0,"time":"2023-12-25T02:06:07.493Z","iobWithZeroTemp":{"iob":-0.18,"basaliob":-0.18,"bolussnooze":0,"activity":-4.0E-4,"lastBolusTime":0,"time":"2023-12-25T02:06:07.493Z"}},{"iob":-0.064,"basaliob":-0.064,"bolussnooze":0,"activity":-1.0E-4,"lastBolusTime":0,"time":"2023-12-25T02:11:07.493Z","iobWithZeroTemp":{"iob":-0.199,"basaliob":-0.199,"bolussnooze":0,"activity":-6.0E-4,"lastBolusTime":0,"time":"2023-12-25T02:11:07.493Z"}},{"iob":-0.063,"basaliob":-0.063,"bolussnooze":0,"activity":-2.0E-4,"lastBolusTime":0,"time":"2023-12-25T02:16:07.493Z","iobWithZeroTemp":{"iob":-0.216,"basaliob":-0.216,"bolussnooze":0,"activity":-9.0E-4,"lastBolusTime":0,"time":"2023-12-25T02:16:07.493Z"}},{"iob":-0.062,"basaliob":-0.062,"bolussnooze":0,"activity":-3.0E-4,"lastBolusTime":0,"time":"2023-12-25T02:21:07.493Z","iobWithZeroTemp":{"iob":-0.232,"basaliob":-0.232,"bolussnooze":0,"activity":-0.0011,"lastBolusTime":0,"time":"2023-12-25T02:21:07.493Z"}},{"iob":-0.06,"basaliob":-0.06,"bolussnooze":0,"activity":-3.0E-4,"lastBolusTime":0,"time":"2023-12-25T02:26:07.493Z","iobWithZeroTemp":{"iob":-0.246,"basaliob":-0.246,"bolussnooze":0,"activity":-0.0013,"lastBolusTime":0,"time":"2023-12-25T02:26:07.493Z"}},{"iob":-0.059,"basaliob":-0.059,"bolussnooze":0,"activity":-3.0E-4,"lastBolusTime":0,"time":"2023-12-25T02:31:07.493Z","iobWithZeroTemp":{"iob":-0.261,"basaliob":-0.261,"bolussnooze":0,"activity":-0.0014,"lastBolusTime":0,"time":"2023-12-25T02:31:07.493Z"}},{"iob":-0.057,"basaliob":-0.057,"bolussnooze":0,"activity":-4.0E-4,"lastBolusTime":0,"time":"2023-12-25T02:36:07.493Z","iobWithZeroTemp":{"iob":-0.274,"basaliob":-0.274,"bolussnooze":0,"activity":-0.0016,"lastBolusTime":0,"time":"2023-12-25T02:36:07.493Z"}},{"iob":-0.055,"basaliob":-0.055,"bolussnooze":0,"activity":-4.0E-4,"lastBolusTime":0,"time":"2023-12-25T02:41:07.493Z","iobWithZeroTemp":{"iob":-0.286,"basaliob":-0.286,"bolussnooze":0,"activity":-0.0018,"lastBolusTime":0,"time":"2023-12-25T02:41:07.493Z"}},{"iob":-0.053,"basaliob":-0.053,"bolussnooze":0,"activity":-4.0E-4,"lastBolusTime":0,"time":"2023-12-25T02:46:07.493Z","iobWithZeroTemp":{"iob":-0.298,"basaliob":-0.298,"bolussnooze":0,"activity":-0.0019,"lastBolusTime":0,"time":"2023-12-25T02:46:07.493Z"}},{"iob":-0.051,"basaliob":-0.051,"bolussnooze":0,"activity":-4.0E-4,"lastBolusTime":0,"time":"2023-12-25T02:51:07.493Z","iobWithZeroTemp":{"iob":-0.308,"basaliob":-0.308,"bolussnooze":0,"activity":-0.0021,"lastBolusTime":0,"time":"2023-12-25T02:51:07.493Z"}},{"iob":-0.049,"basaliob":-0.049,"bolussnooze":0,"activity":-4.0E-4,"lastBolusTime":0,"time":"2023-12-25T02:56:07.493Z","iobWithZeroTemp":{"iob":-0.319,"basaliob":-0.319,"bolussnooze":0,"activity":-0.0022,"lastBolusTime":0,"time":"2023-12-25T02:56:07.493Z"}},{"iob":-0.046,"basaliob":-0.046,"bolussnooze":0,"activity":-4.0E-4,"lastBolusTime":0,"time":"2023-12-25T03:01:07.493Z","iobWithZeroTemp":{"iob":-0.327,"basaliob":-0.327,"bolussnooze":0,"activity":-0.0023,"lastBolusTime":0,"time":"2023-12-25T03:01:07.493Z"}},{"iob":-0.044,"basaliob":-0.044,"bolussnooze":0,"activity":-4.0E-4,"lastBolusTime":0,"time":"2023-12-25T03:06:07.493Z","iobWithZeroTemp":{"iob":-0.336,"basaliob":-0.336,"bolussnooze":0,"activity":-0.0025,"lastBolusTime":0,"time":"2023-12-25T03:06:07.493Z"}},{"iob":-0.042,"basaliob":-0.042,"bolussnooze":0,"activity":-4.0E-4,"lastBolusTime":0,"time":"2023-12-25T03:11:07.493Z","iobWithZeroTemp":{"iob":-0.344,"basaliob":-0.344,"bolussnooze":0,"activity":-0.0026,"lastBolusTime":0,"time":"2023-12-25T03:11:07.493Z"}},{"iob":-0.04,"basaliob":-0.04,"bolussnooze":0,"activity":-4.0E-4,"lastBolusTime":0,"time":"2023-12-25T03:16:07.493Z","iobWithZeroTemp":{"iob":-0.352,"basaliob":-0.352,"bolussnooze":0,"activity":-0.0027,"lastBolusTime":0,"time":"2023-12-25T03:16:07.493Z"}},{"iob":-0.038,"basaliob":-0.038,"bolussnooze":0,"activity":-4.0E-4,"lastBolusTime":0,"time":"2023-12-25T03:21:07.493Z","iobWithZeroTemp":{"iob":-0.359,"basaliob":-0.359,"bolussnooze":0,"activity":-0.0028,"lastBolusTime":0,"time":"2023-12-25T03:21:07.493Z"}},{"iob":-0.036,"basaliob":-0.036,"bolussnooze":0,"activity":-4.0E-4,"lastBolusTime":0,"time":"2023-12-25T03:26:07.493Z","iobWithZeroTemp":{"iob":-0.366,"basaliob":-0.366,"bolussnooze":0,"activity":-0.0029,"lastBolusTime":0,"time":"2023-12-25T03:26:07.493Z"}},{"iob":-0.034,"basaliob":-0.034,"bolussnooze":0,"activity":-4.0E-4,"lastBolusTime":0,"time":"2023-12-25T03:31:07.493Z","iobWithZeroTemp":{"iob":-0.372,"basaliob":-0.372,"bolussnooze":0,"activity":-0.003,"lastBolusTime":0,"time":"2023-12-25T03:31:07.493Z"}},{"iob":-0.032,"basaliob":-0.032,"bolussnooze":0,"activity":-4.0E-4,"lastBolusTime":0,"time":"2023-12-25T03:36:07.493Z","iobWithZeroTemp":{"iob":-0.377,"basaliob":-0.377,"bolussnooze":0,"activity":-0.0031,"lastBolusTime":0,"time":"2023-12-25T03:36:07.493Z"}},{"iob":-0.03,"basaliob":-0.03,"bolussnooze":0,"activity":-4.0E-4,"lastBolusTime":0,"time":"2023-12-25T03:41:07.493Z","iobWithZeroTemp":{"iob":-0.382,"basaliob":-0.382,"bolussnooze":0,"activity":-0.0032,"lastBolusTime":0,"time":"2023-12-25T03:41:07.493Z"}},{"iob":-0.028,"basaliob":-0.028,"bolussnooze":0,"activity":-3.0E-4,"lastBolusTime":0,"time":"2023-12-25T03:46:07.493Z","iobWithZeroTemp":{"iob":-0.387,"basaliob":-0.387,"bolussnooze":0,"activity":-0.0032,"lastBolusTime":0,"time":"2023-12-25T03:46:07.493Z"}},{"iob":-0.027,"basaliob":-0.027,"bolussnooze":0,"activity":-3.0E-4,"lastBolusTime":0,"time":"2023-12-25T03:51:07.493Z","iobWithZeroTemp":{"iob":-0.392,"basaliob":-0.392,"bolussnooze":0,"activity":-0.0033,"lastBolusTime":0,"time":"2023-12-25T03:51:07.493Z"}},{"iob":-0.025,"basaliob":-0.025,"bolussnooze":0,"activity":-3.0E-4,"lastBolusTime":0,"time":"2023-12-25T03:56:07.493Z","iobWithZeroTemp":{"iob":-0.395,"basaliob":-0.395,"bolussnooze":0,"activity":-0.0034,"lastBolusTime":0,"time":"2023-12-25T03:56:07.493Z"}},{"iob":-0.024,"basaliob":-0.024,"bolussnooze":0,"activity":-3.0E-4,"lastBolusTime":0,"time":"2023-12-25T04:01:07.493Z","iobWithZeroTemp":{"iob":-0.4,"basaliob":-0.4,"bolussnooze":0,"activity":-0.0034,"lastBolusTime":0,"time":"2023-12-25T04:01:07.493Z"}},{"iob":-0.022,"basaliob":-0.022,"bolussnooze":0,"activity":-3.0E-4,"lastBolusTime":0,"time":"2023-12-25T04:06:07.493Z","iobWithZeroTemp":{"iob":-0.403,"basaliob":-0.403,"bolussnooze":0,"activity":-0.0035,"lastBolusTime":0,"time":"2023-12-25T04:06:07.493Z"}},{"iob":-0.021,"basaliob":-0.021,"bolussnooze":0,"activity":-3.0E-4,"lastBolusTime":0,"time":"2023-12-25T04:11:07.493Z","iobWithZeroTemp":{"iob":-0.406,"basaliob":-0.406,"bolussnooze":0,"activity":-0.0036,"lastBolusTime":0,"time":"2023-12-25T04:11:07.493Z"}},{"iob":-0.019,"basaliob":-0.019,"bolussnooze":0,"activity":-3.0E-4,"lastBolusTime":0,"time":"2023-12-25T04:16:07.493Z","iobWithZeroTemp":{"iob":-0.409,"basaliob":-0.409,"bolussnooze":0,"activity":-0.0036,"lastBolusTime":0,"time":"2023-12-25T04:16:07.493Z"}},{"iob":-0.018,"basaliob":-0.018,"bolussnooze":0,"activity":-2.0E-4,"lastBolusTime":0,"time":"2023-12-25T04:21:07.493Z","iobWithZeroTemp":{"iob":-0.412,"basaliob":-0.412,"bolussnooze":0,"activity":-0.0036,"lastBolusTime":0,"time":"2023-12-25T04:21:07.493Z"}},{"iob":-0.017,"basaliob":-0.017,"bolussnooze":0,"activity":-2.0E-4,"lastBolusTime":0,"time":"2023-12-25T04:26:07.493Z","iobWithZeroTemp":{"iob":-0.414,"basaliob":-0.414,"bolussnooze":0,"activity":-0.0037,"lastBolusTime":0,"time":"2023-12-25T04:26:07.493Z"}},{"iob":-0.016,"basaliob":-0.016,"bolussnooze":0,"activity":-2.0E-4,"lastBolusTime":0,"time":"2023-12-25T04:31:07.493Z","iobWithZeroTemp":{"iob":-0.417,"basaliob":-0.417,"bolussnooze":0,"activity":-0.0037,"lastBolusTime":0,"time":"2023-12-25T04:31:07.493Z"}},{"iob":-0.015,"basaliob":-0.015,"bolussnooze":0,"activity":-2.0E-4,"lastBolusTime":0,"time":"2023-12-25T04:36:07.493Z","iobWithZeroTemp":{"iob":-0.419,"basaliob":-0.419,"bolussnooze":0,"activity":-0.0038,"lastBolusTime":0,"time":"2023-12-25T04:36:07.493Z"}},{"iob":-0.014,"basaliob":-0.014,"bolussnooze":0,"activity":-2.0E-4,"lastBolusTime":0,"time":"2023-12-25T04:41:07.493Z","iobWithZeroTemp":{"iob":-0.421,"basaliob":-0.421,"bolussnooze":0,"activity":-0.0038,"lastBolusTime":0,"time":"2023-12-25T04:41:07.493Z"}},{"iob":-0.013,"basaliob":-0.013,"bolussnooze":0,"activity":-2.0E-4,"lastBolusTime":0,"time":"2023-12-25T04:46:07.493Z","iobWithZeroTemp":{"iob":-0.423,"basaliob":-0.423,"bolussnooze":0,"activity":-0.0038,"lastBolusTime":0,"time":"2023-12-25T04:46:07.493Z"}},{"iob":-0.012,"basaliob":-0.012,"bolussnooze":0,"activity":-2.0E-4,"lastBolusTime":0,"time":"2023-12-25T04:51:07.493Z","iobWithZeroTemp":{"iob":-0.424,"basaliob":-0.424,"bolussnooze":0,"activity":-0.0039,"lastBolusTime":0,"time":"2023-12-25T04:51:07.493Z"}},{"iob":-0.011,"basaliob":-0.011,"bolussnooze":0,"activity":-2.0E-4,"lastBolusTime":0,"time":"2023-12-25T04:56:07.493Z","iobWithZeroTemp":{"iob":-0.426,"basaliob":-0.426,"bolussnooze":0,"activity":-0.0039,"lastBolusTime":0,"time":"2023-12-25T04:56:07.493Z"}},{"iob":-0.01,"basaliob":-0.01,"bolussnooze":0,"activity":-2.0E-4,"lastBolusTime":0,"time":"2023-12-25T05:01:07.493Z","iobWithZeroTemp":{"iob":-0.427,"basaliob":-0.427,"bolussnooze":0,"activity":-0.004,"lastBolusTime":0,"time":"2023-12-25T05:01:07.493Z"}},{"iob":-0.01,"basaliob":-0.01,"bolussnooze":0,"activity":-1.0E-4,"lastBolusTime":0,"time":"2023-12-25T05:06:07.493Z","iobWithZeroTemp":{"iob":-0.433,"basaliob":-0.433,"bolussnooze":0,"activity":-0.0039,"lastBolusTime":0,"time":"2023-12-25T05:06:07.493Z"}},{"iob":-0.009,"basaliob":-0.009,"bolussnooze":0,"activity":-1.0E-4,"lastBolusTime":0,"time":"2023-12-25T05:11:07.493Z","iobWithZeroTemp":{"iob":-0.438,"basaliob":-0.438,"bolussnooze":0,"activity":-0.0039,"lastBolusTime":0,"time":"2023-12-25T05:11:07.493Z"}},{"iob":-0.008,"basaliob":-0.008,"bolussnooze":0,"activity":-1.0E-4,"lastBolusTime":0,"time":"2023-12-25T05:16:07.493Z","iobWithZeroTemp":{"iob":-0.443,"basaliob":-0.443,"bolussnooze":0,"activity":-0.004,"lastBolusTime":0,"time":"2023-12-25T05:16:07.493Z"}},{"iob":-0.008,"basaliob":-0.008,"bolussnooze":0,"activity":-1.0E-4,"lastBolusTime":0,"time":"2023-12-25T05:21:07.493Z","iobWithZeroTemp":{"iob":-0.448,"basaliob":-0.448,"bolussnooze":0,"activity":-0.004,"lastBolusTime":0,"time":"2023-12-25T05:21:07.493Z"}},{"iob":-0.007,"basaliob":-0.007,"bolussnooze":0,"activity":-1.0E-4,"lastBolusTime":0,"time":"2023-12-25T05:26:07.493Z","iobWithZeroTemp":{"iob":-0.453,"basaliob":-0.453,"bolussnooze":0,"activity":-0.0041,"lastBolusTime":0,"time":"2023-12-25T05:26:07.493Z"}},{"iob":-0.006,"basaliob":-0.006,"bolussnooze":0,"activity":-1.0E-4,"lastBolusTime":0,"time":"2023-12-25T05:31:07.493Z","iobWithZeroTemp":{"iob":-0.457,"basaliob":-0.457,"bolussnooze":0,"activity":-0.0041,"lastBolusTime":0,"time":"2023-12-25T05:31:07.493Z"}}],"profile":{"max_iob":4,"type":"current","max_daily_basal":0.5,"max_basal":1,"min_bg":99,"max_bg":99,"target_bg":99,"carb_ratio":25,"sens":142.20000000000002,"max_daily_safety_multiplier":3,"current_basal_safety_multiplier":4,"high_temptarget_raises_sensitivity":false,"low_temptarget_lowers_sensitivity":false,"sensitivity_raises_target":true,"resistance_lowers_target":true,"adv_target_adjustments":false,"exercise_mode":false,"half_basal_exercise_target":160,"maxCOB":120,"skip_neutral_temps":false,"remainingCarbsCap":90,"enableUAM":true,"A52_risk_enable":false,"SMBInterval":3,"enableSMB_with_COB":true,"enableSMB_with_temptarget":true,"allowSMB_with_high_temptarget":false,"enableSMB_always":false,"enableSMB_after_carbs":false,"maxSMBBasalMinutes":75,"maxUAMSMBBasalMinutes":75,"bolus_increment":0.05,"carbsReqThreshold":10,"current_basal":0.25,"temptargetSet":false,"autosens_max":1.2,"out_units":"mmol\/L"},"autosens_data":{"ratio":1},"meal_data":{"carbs":0,"mealCOB":0,"slopeFromMaxDeviation":0,"slopeFromMinDeviation":0,"lastBolusTime":1703430368291,"lastCarbTime":0},"microBolusAllowed":true,"currentTime":1703468168731,"flatBGsDetected":false},"output":{"temp":"absolute","bg":83,"tick":-5,"eventualBG":69,"targetBG":99,"insulinReq":0,"deliverAt":"2023-12-25T01:36:08.731Z","sensitivityRatio":1,"predBGs":{"IOB":[83,78,74,70,67,64,61,60,58,57,57,56,57,57,57,57,58,58,58,59,59,59,59,60,60,60,60,61,61,61,61,62,62,62,62,62,62,63,63,63,63,63,63,63,63,63,63,64],"ZT":[83,82,82,82,81,81,82,82,82,83,84,85,86,87,88,89,91,92,94,96,98]},"COB":0,"IOB":-0.052,"reason":"COB: 0, Dev: -1.2, BGI: 0.0, ISF: 7.9, CR: 25, Target: 5.5, minPredBG 3.6, minGuardBG 3.1, IOBpredBG 3.6; minGuardBG 3.1<3.9","duration":60,"rate":0,"timestamp":"2023-12-25T01:36:08.764Z"}}