{"algorithm":"OpenAPSSMBPlugin","input":{"glucoseStatus":{"glucose":90,"noise":0,"delta":-20.67,"short_avgdelta":-18.39,"long_avgdelta":-11.37,"date":1703514615974},"currenttemp":{"temp":"absolute","duration":115,"rate":0,"minutesrunning":5},"iob_data":[{"iob":0.305,"basaliob":0.305,"bolussnooze":0,"activity":0.0034,"lastBolusTime":0,"time":"2023-12-25T14:31:07.124Z","iobWithZeroTemp":{"iob":0.305,"basaliob":0.305,"bolussnooze":0,"activity":0.0034,"lastBolusTime":0,"time":"2023-12-25T14:31:07.124Z"}},{"iob":0.288,"basaliob":0.288,"bolussnooze":0,"activity":0.0033,"lastBolusTime":0,"time":"2023-12-25T14:36:07.124Z","iobWithZeroTemp":{"iob":0.268,"basaliob":0.268,"bolussnooze":0,"activity":0.0033,"lastBolusTime":0,"time":"2023-12-25T14:36:07.124Z"}},{"iob":0.272,"basaliob":0.272,"bolussnooze":0,"activity":0.0032,"lastBolusTime":0,"time":"2023-12-25T14:41:07.124Z","iobWithZeroTemp":{"iob":0.227,"basaliob":0.227,"bolussnooze":0,"activity":0.0031,"lastBolusTime":0,"time":"2023-12-25T14:41:07.124Z"}},{"iob":0.256,"basaliob":0.256,"bolussnooze":0,"activity":0.0031,"lastBolusTime":0,"time":"2023-12-25T14:46:07.124Z","iobWithZeroTemp":{"iob":0.187,"basaliob":0.187,"bolussnooze":0,"activity":0.003,"lastBolusTime":0,"time":"2023-12-25T14:46:07.124Z"}},{"iob":0.241,"basaliob":0.241,"bolussnooze":0,"activity":0.003,"lastBolusTime":0,"time":"2023-12-25T14:51:07.124Z","iobWithZeroTemp":{"iob":0.148,"basaliob":0.148,"bolussnooze":0,"activity":0.0028,"lastBolusTime":0,"time":"2023-12-25T14:51:07.124Z"}},{"iob":0.227,"basaliob":0.227,"bolussnooze":0,"activity":0.0028,"lastBolusTime":0,"time":"2023-12-25T14:56:07.124Z","iobWithZeroTemp":{"iob":0.11,"basaliob":0.11,"bolussnooze":0,"activity":0.0024,"lastBolusTime":0,"time":"2023-12-25T14:56:07.124Z"}},{"iob":0.213,"basaliob":0.213,"bolussnooze":0,"activity":0.0027,"lastBolusTime":0,"time":"2023-12-25T15:01:07.124Z","iobWithZeroTemp":{"iob":0.073,"basaliob":0.073,"bolussnooze":0,"activity":0.0022,"lastBolusTime":0,"time":"2023-12-25T15:01:07.124Z"}},{"iob":0.2,"basaliob":0.2,"bolussnooze":0,"activity":0.0026,"lastBolusTime":0,"time":"2023-12-25T15:06:07.124Z","iobWithZeroTemp":{"iob":0.038,"basaliob":0.038,"bolussnooze":0,"activity":0.0019,"lastBolusTime":0,"time":"2023-12-25T15:06:07.124Z"}},{"iob":0.187,"basaliob":0.187,"bolussnooze":0,"activity":0.0025,"lastBolusTime":0,"time":"2023-12-25T15:11:07.124Z","iobWithZeroTemp":{"iob":0.004,"basaliob":0.004,"bolussnooze":0,"activity":0.0017,"lastBolusTime":0,"time":"2023-12-25T15:11:07.124Z"}},{"iob":0.175,"basaliob":0.175,"bolussnooze":0,"activity":0.0023,"lastBolusTime":0,"time":"2023-12-25T15:16:07.124Z","iobWithZeroTemp":{"iob":-0.029,"basaliob":-0.029,"bolussnooze":0,"activity":0.0013,"lastBolusTime":0,"time":"2023-12-25T15:16:07.124Z"}},{"iob":0.164,"basaliob":0.164,"bolussnooze":0,"activity":0.0022,"lastBolusTime":0,"time":"2023-12-25T15:21:07.124Z","iobWithZeroTemp":{"iob":-0.059,"basaliob":-0.059,"bolussnooze":0,"activity":0.001,"lastBolusTime":0,"time":"2023-12-25T15:21:07.124Z"}},{"iob":0.153,"basaliob":0.153,"bolussnooze":0,"activity":0.0021,"lastBolusTime":0,"time":"2023-12-25T15:26:07.124Z","iobWithZeroTemp":{"iob":-0.089,"basaliob":-0.089,"bolussnooze":0,"activity":8.0E-4,"lastBolusTime":0,"time":"2023-12-25T15:26:07.124Z"}},{"iob":0.143,"basaliob":0.143,"bolussnooze":0,"activity":0.002,"lastBolusTime":0,"time":"2023-12-25T15:31:07.124Z","iobWithZeroTemp":{"iob":-0.117,"basaliob":-0.117,"bolussnooze":0,"activity":5.0E-4,"lastBolusTime":0,"time":"2023-12-25T15:31:07.124Z"}},{"iob":0.133,"basaliob":0.133,"bolussnooze":0,"activity":0.0019,"lastBolusTime":0,"time":"2023-12-25T15:36:07.124Z","iobWithZeroTemp":{"iob":-0.144,"basaliob":-0.144,"bolussnooze":0,"activity":2.0E-4,"lastBolusTime":0,"time":"2023-12-25T15:36:07.124Z"}},{"iob":0.124,"basaliob":0.124,"bolussnooze":0,"activity":0.0018,"lastBolusTime":0,"time":"2023-12-25T15:41:07.124Z","iobWithZeroTemp":{"iob":-0.17,"basaliob":-0.17,"bolussnooze":0,"activity":0,"lastBolusTime":0,"time":"2023-12-25T15:41:07.124Z"}},{"iob":0.115,"basaliob":0.115,"bolussnooze":0,"activity":0.0017,"lastBolusTime":0,"time":"2023-12-25T15:46:07.124Z","iobWithZeroTemp":{"iob":-0.194,"basaliob":-0.194,"bolussnooze":0,"activity":-3.0E-4,"lastBolusTime":0,"time":"2023-12-25T15:46:07.124Z"}},{"iob":0.107,"basaliob":0.107,"bolussnooze":0,"activity":0.0016,"lastBolusTime":0,"time":"2023-12-25T15:51:07.124Z","iobWithZeroTemp":{"iob":-0.217,"basaliob":-0.217,"bolussnooze":0,"activity":-6.0E-4,"lastBolusTime":0,"time":"2023-12-25T15:51:07.124Z"}},{"iob":0.1,"basaliob":0.1,"bolussnooze":0,"activity":0.0015,"lastBolusTime":0,"time":"2023-12-25T15:56:07.124Z","iobWithZeroTemp":{"iob":-0.237,"basaliob":-0.237,"bolussnooze":0,"activity":-8.0E-4,"lastBolusTime":0,"time":"2023-12-25T15:56:07.124Z"}},{"iob":0.093,"basaliob":0.093,"bolussnooze":0,"activity":0.0014,"lastBolusTime":0,"time":"2023-12-25T16:01:07.124Z","iobWithZeroTemp":{"iob":-0.257,"basaliob":-0.257,"bolussnooze":0,"activity":-0.0011,"lastBolusTime":0,"time":"2023-12-25T16:01:07.124Z"}},{"iob":0.086,"basaliob":0.086,"bolussnooze":0,"activity":0.0013,"lastBolusTime":0,"time":"2023-12-25T16:06:07.124Z","iobWithZeroTemp":{"iob":-0.285,"basaliob":-0.285,"bolussnooze":0,"activity":-0.0013,"lastBolusTime":0,"time":"2023-12-25T16:06:07.124Z"}},{"iob":0.08,"basaliob":0.08,"bolussnooze":0,"activity":0.0012,"lastBolusTime":0,"time":"2023-12-25T16:11:07.124Z","iobWithZeroTemp":{"iob":-0.311,"basaliob":-0.311,"bolussnooze":0,"activity":-0.0016,"lastBolusTime":0,"time":"2023-12-25T16:11:07.124Z"}},{"iob":0.074,"basaliob":0.074,"bolussnooze":0,"activity":0.0011,"lastBolusTime":0,"time":"2023-12-25T16:16:07.124Z","iobWithZeroTemp":{"iob":-0.336,"basaliob":-0.336,"bolussnooze":0,"activity":-0.0018,"lastBolusTime":0,"time":"2023-12-25T16:16:07.124Z"}},{"iob":0.068,"basaliob":0.068,"bolussnooze":0,"activity":0.0011,"lastBolusTime":0,"time":"2023-12-25T16:21:07.124Z","iobWithZeroTemp":{"iob":-0.36,"basaliob":-0.36,"bolussnooze":0,"activity":-0.002,"lastBolusTime":0,"time":"2023-12-25T16:21:07.124Z"}},{"iob":0.063,"basaliob":0.063,"bolussnooze":0,"activity":0.001,"lastBolusTime":0,"time":"2023-12-25T16:26:07.124Z","iobWithZeroTemp":{"iob":-0.382,"basaliob":-0.382,"bolussnooze":0,"activity":-0.0023,"lastBolusTime":0,"time":"2023-12-25T16:26:07.124Z"}},{"iob":0.058,"basaliob":0.058,"bolussnooze":0,"activity":9.0E-4,"lastBolusTime":0,"time":"2023-12-25T16:31:07.124Z","iobWithZeroTemp":{"iob":-0.404,"basaliob":-0.404,"bolussnooze":0,"activity":-0.0025,"lastBolusTime":0,"time":"2023-12-25T16:31:07.124Z"}},{"iob":0.054,"basaliob":0.054,"bolussnooze":0,"activity":9.0E-4,"lastBolusTime":0,"time":"2023-12-25T16:36:07.124Z","iobWithZeroTemp":{"iob":-0.423,"basaliob":-0.423,"bolussnooze":0,"activity":-0.0027,"lastBolusTime":0,"time":"2023-12-25T16:36:07.124Z"}},{"iob":0.05,"basaliob":0.05,"bolussnooze":0,"activity":8.0E-4,"lastBolusTime":0,"time":"2023-12-25T16:41:07.124Z","iobWithZeroTemp":{"iob":-0.442,"basaliob":-0.442,"bolussnooze":0,"activity":-0.003,"lastBolusTime":0,"time":"2023-12-25T16:41:07.124Z"}},{"iob":0.046,"basaliob":0.046,"bolussnooze":0,"activity":7.0E-4,"lastBolusTime":0,"time":"2023-12-25T16:46:07.124Z","iobWithZeroTemp":{"iob":-0.461,"basaliob":-0.461,"bolussnooze":0,"activity":-0.0032,"lastBolusTime":0,"time":"2023-12-25T16:46:07.124Z"}},{"iob":0.042,"basaliob":0.042,"bolussnooze":0,"activity":7.0E-4,"lastBolusTime":0,"time":"2023-12-25T16:51:07.124Z","iobWithZeroTemp":{"iob":-0.478,"basaliob":-0.478,"bolussnooze":0,"activity":-0.0034,"lastBolusTime":0,"time":"2023-12-25T16:51:07.124Z"}},{"iob":0.039,"basaliob":0.039,"bolussnooze":0,"activity":6.0E-4,"lastBolusTime":0,"time":"2023-12-25T16:56:07.124Z","iobWithZeroTemp":{"iob":-0.493,"basaliob":-0.493,"bolussnooze":0,"activity":-0.0036,"lastBolusTime":0,"time":"2023-12-25T16:56:07.124Z"}},{"iob":0.036,"basaliob":0.036,"bolussnooze":0,"activity":6.0E-4,"lastBolusTime":0,"time":"2023-12-25T17:01:07.124Z","iobWithZeroTemp":{"iob":-0.508,"basaliob":-0.508,"bolussnooze":0,"activity":-0.0038,"lastBolusTime":0,"time":"2023-12-25T17:01:07.124Z"}},{"iob":0.033,"basaliob":0.033,"bolussnooze":0,"activity":6.0E-4,"lastBolusTime":0,"time":"2023-12-25T17:06:07.124Z","iobWithZeroTemp":{"iob":-0.523,"basaliob":-0.523,"bolussnooze":0,"activity":-0.0039,"lastBolusTime":0,"time":"2023-12-25T17:06:07.124Z"}},{"iob":0.03,"basaliob":0.03,"bolussnooze":0,"activity":5.0E-4,"lastBolusTime":0,"time":"2023-12-25T17:11:07.124Z","iobWithZeroTemp":{"iob":-0.536,"basaliob":-0.536,"bolussnooze":0,"activity":-0.0041,"lastBolusTime":0,"time":"2023-12-25T17:11:07.124Z"}},{"iob":0.028,"basaliob":0.028,"bolussnooze":0,"activity":5.0E-4,"lastBolusTime":0,"time":"2023-12-25T17:16:07.124Z","iobWithZeroTemp":{"iob":-0.548,"basaliob":-0.548,"bolussnooze":0,"activity":-0.0042,"lastBolusTime":0,"time":"2023-12-25T17:16:07.124Z"}},{"iob":0.026,"basaliob":0.026,"bolussnooze":0,"activity":4.0E-4,"lastBolusTime":0,"time":"2023-12-25T17:21:07.124Z","iobWithZeroTemp":{"iob":-0.559,"basaliob":-0.559,"bolussnooze":0,"activity":-0.0045,"lastBolusTime":0,"time":"2023-12-25T17:21:07.124Z"}},{"iob":0.024,"basaliob":0.024,"bolussnooze":0,"activity":4.0E-4,"lastBolusTime":0,"time":"2023-12-25T17:26:07.124Z","iobWithZeroTemp":{"iob":-0.57,"basaliob":-0.57,"bolussnooze":0,"activity":-0.0046,"lastBolusTime":0,"time":"2023-12-25T17:26:07.124Z"}},{"iob":0.022,"basaliob":0.022,"bolussnooze":0,"activity":4.0E-4,"lastBolusTime":0,"time":"2023-12-25T17:31:07.124Z","iobWithZeroTemp":{"iob":-0.58,"basaliob":-0.58,"bolussnooze":0,"activity":-0.0047,"lastBolusTime":0,"time":"2023-12-25T17:31:07.124Z"}},{"iob":0.02,"basaliob":0.02,"bolussnooze":0,"activity":3.0E-4,"lastBolusTime":0,"time":"2023-12-25T17:36:07.124Z","iobWithZeroTemp":{"iob":-0.59,"basaliob":-0.59,"bolussnooze":0,"activity":-0.0049,"lastBolusTime":0,"time":"2023-12-25T17:36:07.124Z"}},{"iob":0.018,"basaliob":0.018,"bolussnooze":0,"activity":3.0E-4,"lastBolusTime":0,"time":"2023-12-25T17:41:07.124Z","iobWithZeroTemp":{"iob":-0.599,"basaliob":-0.599,"bolussnooze":0,"activity":-0.005,"lastBolusTime":0,"time":"2023-12-25T17:41:07.124Z"}},{"iob":0.017,"basaliob":0.017,"bolussnooze":0,"activity":3.0E-4,"lastBolusTime":0,"time":"2023-12-25T17:46:07.124Z","iobWithZeroTemp":{"iob":-0.607,"basaliob":-0.607,"bolussnooze":0,"activity":-0.0051,"lastBolusTime":0,"time":"2023-12-25T17:46:07.124Z"}},{"iob":0.015,"basaliob":0.015,"bolussnooze":0,"activity":3.0E-4,"lastBolusTime":0,"time":"2023-12-25T17:51:07.124Z","iobWithZeroTemp":{"iob":-0.615,"basaliob":-0.615,"bolussnooze":0,"activity":-0.0052,"lastBolusTime":0,"time":"2023-12-25T17:51:07.124Z"}},{"iob":0.014,"basaliob":0.014,"bolussnooze":0,"activity":3.0E-4,"lastBolusTime":0,"time":"2023-12-25T17:56:07.124Z","iobWithZeroTemp":{"iob":-0.622,"basaliob":-0.622,"bolussnooze":0,"activity":-0.0053,"lastBolusTime":0,"time":"2023-12-25T17:56:07.124Z"}},{"iob":0.013,"basaliob":0.013,"bolussnooze":0,"activity":2.0E-4,"lastBolusTime":0,"time":"2023-12-25T18:01:07.124Z","iobWithZeroTemp":{"iob":-0.628,"basaliob":-0.628,"bolussnooze":0,"activity":-0.0054,"lastBolusTime":0,"time":"2023-12-25T18:01:07.124Z"}},{"iob":0.012,"basaliob":0.012,"bolussnooze":0,"activity":2.0E-4,"lastBolusTime":0,"time":"2023-12-25T18:06:07.124Z","iobWithZeroTemp":{"iob":-0.634,"basaliob":-0.634,"bolussnooze":0,"activity":-0.0055,"lastBolusTime":0,"time":"2023-12-25T18:06:07.124Z"}},{"iob":0.011,"basaliob":0.011,"bolussnooze":0,"activity":2.0E-4,"lastBolusTime":0,"time":"2023-12-25T18:11:07.124Z","iobWithZeroTemp":{"iob":-0.64,"basaliob":-0.64,"bolussnooze":0,"activity":-0.0056,"lastBolusTime":0,"time":"2023-12-25T18:11:07.124Z"}},{"iob":0.01,"basaliob":0.01,"bolussnooze":0,"activity":2.0E-4,"lastBolusTime":0,"time":"2023-12-25T18:16:07.124Z","iobWithZeroTemp":{"iob":-0.645,"basaliob":-0.645,"bolussnooze":0,"activity":-0.0056,"lastBolusTime":0,"time":"2023-12-25T18:16:07.124Z"}},{"iob":0.009,"basaliob":0.009,"bolussnooze":0,"activity":2.0E-4,"lastBolusTime":0,"time":"2023-12-25T18:21:07.124Z","iobWithZeroTemp":{"iob":-0.65,"basaliob":-0.65,"bolussnooze":0,"activity":-0.0057,"lastBolusTime":0,"time":"2023-12-25T18:21:07.124Z"}},{"iob":0.008,"basaliob":0.008,"bolussnooze":0,"activity":2.0E-4,"lastBolusTime":0,"time":"2023-12-25T18:26:07.124Z","iobWithZeroTemp":{"iob":-0.655,"basaliob":-0.655,"bolussnooze":0,"activity":-0.0058,"lastBolusTime":0,"time":"2023-12-25T18:26:07.124Z"}}],"profile":{"max_iob":4,"type":"current","max_daily_basal":0.5,"max_basal":1.2,"min_bg":100.8,"max_bg":100.8,"target_bg":100.8,"carb_ratio":30,"sens":126,"max_daily_safety_multiplier":3,"current_basal_safety_multiplier":4,"high_temptarget_raises_sensitivity":false,"low_temptarget_lowers_sensitivity":false,"sensitivity_raises_target":true,"resistance_lowers_target":true,"adv_target_adjustments":false,"exercise_mode":false,"half_basal_exercise_target":160,"maxCOB":120,"skip_neutral_temps":false,"remainingCarbsCap":90,"enableUAM":true,"A52_risk_enable":false,"SMBInterval":3,"enableSMB_with_COB":true,"enableSMB_with_temptarget":true,"allowSMB_with_high_temptarget":false,"enableSMB_always":false,"enableSMB_after_carbs":false,"maxSMBBasalMinutes":75,"maxUAMSMBBasalMinutes":75,"bolus_increment":0.05,"carbsReqThreshold":10,"current_basal":0.3,"temptargetSet":false,"autosens_max":1.2,"out_units":"mmol\/L"},"autosens_data":{"ratio":1},"meal_data":{"carbs":0,"mealCOB":0,"slopeFromMaxDeviation":-2.881875,"slopeFromMinDeviation":0,"lastBolusTime":1703430368291,"lastCarbTime":0},"microBolusAllowed":true,"currentTime":1703514668479,"flatBGsDetected":false},"output":{"temp":"absolute","bg":90,"tick":-21,"eventualBG":-3,"targetBG":100.8,"insulinReq":0,"deliverAt":"2023-12-25T14:31:08.479Z","sensitivityRatio":1,"predBGs":{"IOB":[90,71,53,39,39,39,39,39,39,39,39,39,39],"ZT":[90,88,86,84,82,80,79,77,76,75,74,74,73,73,73,73,73,73,74,74,75,76,77,79,80,82,83,85,87,89,92,94,96,99]},"COB":0,"IOB":0.305,"reason":"COB: 0, Dev: -3.1, BGI: -0.1, ISF: 7.0, CR: 30, Target: 5.6, minPredBG 3.1, minGuardBG -2.8, IOBpredBG 2.2; minGuardBG -2.8<3.9 115m left and 0 ~ req 0U\/hr: no temp required","timestamp":"2023-12-25T14:31:08.500Z"}}