{"algorithm":"OpenAPSSMBPlugin","input":{"glucoseStatus":{"glucose":91,"noise":0,"delta":2.33,"short_avgdelta":3.83,"long_avgdelta":3.25,"date":1703442614729},"currenttemp":{"temp":"absolute","duration":20,"rate":1.05,"minutesrunning":10},"iob_data":[{"iob":0.149,"basaliob":0.016,"bolussnooze":0,"activity":0.0022,"lastBolusTime":1703430368291,"time":"2023-12-24T18:31:06.347Z","iobWithZeroTemp":{"iob":0.149,"basaliob":0.016,"bolussnooze":0,"activity":0.0022,"lastBolusTime":1703430368291,"time":"2023-12-24T18:31:06.347Z"}},{"iob":0.139,"basaliob":0.016,"bolussnooze":0,"activity":0.0021,"lastBolusTime":1703430368291,"time":"2023-12-24T18:36:06.347Z","iobWithZeroTemp":{"iob":0.112,"basaliob":-0.011,"bolussnooze":0,"activity":0.0021,"lastBolusTime":1703430368291,"time":"2023-12-24T18:36:06.347Z"}},{"iob":0.128,"basaliob":0.015,"bolussnooze":0,"activity":0.002,"lastBolusTime":1703430368291,"time":"2023-12-24T18:41:06.347Z","iobWithZeroTemp":{"iob":0.068,"basaliob":-0.045,"bolussnooze":0,"activity":0.0019,"lastBolusTime":1703430368291,"time":"2023-12-24T18:41:06.347Z"}},{"iob":0.119,"basaliob":0.015,"bolussnooze":0,"activity":0.0019,"lastBolusTime":1703430368291,"time":"2023-12-24T18:46:06.347Z","iobWithZeroTemp":{"iob":0.027,"basaliob":-0.077,"bolussnooze":0,"activity":0.0017,"lastBolusTime":1703430368291,"time":"2023-12-24T18:46:06.347Z"}},{"iob":0.11,"basaliob":0.015,"bolussnooze":0,"activity":0.0017,"lastBolusTime":1703430368291,"time":"2023-12-24T18:51:06.347Z","iobWithZeroTemp":{"iob":-0.015,"basaliob":-0.11,"bolussnooze":0,"activity":0.0014,"lastBolusTime":1703430368291,"time":"2023-12-24T18:51:06.347Z"}},{"iob":0.101,"basaliob":0.014,"bolussnooze":0,"activity":0.0016,"lastBolusTime":1703430368291,"time":"2023-12-24T18:56:06.347Z","iobWithZeroTemp":{"iob":-0.055,"basaliob":-0.142,"bolussnooze":0,"activity":0.0011,"lastBolusTime":1703430368291,"time":"2023-12-24T18:56:06.347Z"}},{"iob":0.094,"basaliob":0.014,"bolussnooze":0,"activity":0.0015,"lastBolusTime":1703430368291,"time":"2023-12-24T19:01:06.347Z","iobWithZeroTemp":{"iob":-0.092,"basaliob":-0.172,"bolussnooze":0,"activity":8.0E-4,"lastBolusTime":1703430368291,"time":"2023-12-24T19:01:06.347Z"}},{"iob":0.086,"basaliob":0.013,"bolussnooze":0,"activity":0.0014,"lastBolusTime":1703430368291,"time":"2023-12-24T19:06:06.347Z","iobWithZeroTemp":{"iob":-0.13,"basaliob":-0.203,"bolussnooze":0,"activity":5.0E-4,"lastBolusTime":1703430368291,"time":"2023-12-24T19:06:06.347Z"}},{"iob":0.08,"basaliob":0.013,"bolussnooze":0,"activity":0.0013,"lastBolusTime":1703430368291,"time":"2023-12-24T19:11:06.347Z","iobWithZeroTemp":{"iob":-0.164,"basaliob":-0.231,"bolussnooze":0,"activity":2.0E-4,"lastBolusTime":1703430368291,"time":"2023-12-24T19:11:06.347Z"}},{"iob":0.073,"basaliob":0.012,"bolussnooze":0,"activity":0.0012,"lastBolusTime":1703430368291,"time":"2023-12-24T19:16:06.347Z","iobWithZeroTemp":{"iob":-0.199,"basaliob":-0.26,"bolussnooze":0,"activity":-1.0E-4,"lastBolusTime":1703430368291,"time":"2023-12-24T19:16:06.347Z"}},{"iob":0.068,"basaliob":0.012,"bolussnooze":0,"activity":0.0011,"lastBolusTime":1703430368291,"time":"2023-12-24T19:21:06.347Z","iobWithZeroTemp":{"iob":-0.23,"basaliob":-0.286,"bolussnooze":0,"activity":-4.0E-4,"lastBolusTime":1703430368291,"time":"2023-12-24T19:21:06.347Z"}},{"iob":0.062,"basaliob":0.011,"bolussnooze":0,"activity":0.001,"lastBolusTime":1703430368291,"time":"2023-12-24T19:26:06.347Z","iobWithZeroTemp":{"iob":-0.261,"basaliob":-0.312,"bolussnooze":0,"activity":-8.0E-4,"lastBolusTime":1703430368291,"time":"2023-12-24T19:26:06.347Z"}},{"iob":0.058,"basaliob":0.011,"bolussnooze":0,"activity":0.001,"lastBolusTime":1703430368291,"time":"2023-12-24T19:31:06.347Z","iobWithZeroTemp":{"iob":-0.289,"basaliob":-0.336,"bolussnooze":0,"activity":-0.001,"lastBolusTime":1703430368291,"time":"2023-12-24T19:31:06.347Z"}},{"iob":0.052,"basaliob":0.01,"bolussnooze":0,"activity":9.0E-4,"lastBolusTime":1703430368291,"time":"2023-12-24T19:36:06.347Z","iobWithZeroTemp":{"iob":-0.318,"basaliob":-0.36,"bolussnooze":0,"activity":-0.0013,"lastBolusTime":1703430368291,"time":"2023-12-24T19:36:06.347Z"}},{"iob":0.049,"basaliob":0.01,"bolussnooze":0,"activity":8.0E-4,"lastBolusTime":1703430368291,"time":"2023-12-24T19:41:06.347Z","iobWithZeroTemp":{"iob":-0.342,"basaliob":-0.381,"bolussnooze":0,"activity":-0.0016,"lastBolusTime":1703430368291,"time":"2023-12-24T19:41:06.347Z"}},{"iob":0.044,"basaliob":0.009,"bolussnooze":0,"activity":8.0E-4,"lastBolusTime":1703430368291,"time":"2023-12-24T19:46:06.347Z","iobWithZeroTemp":{"iob":-0.368,"basaliob":-0.403,"bolussnooze":0,"activity":-0.0019,"lastBolusTime":1703430368291,"time":"2023-12-24T19:46:06.347Z"}},{"iob":0.041,"basaliob":0.009,"bolussnooze":0,"activity":7.0E-4,"lastBolusTime":1703430368291,"time":"2023-12-24T19:51:06.347Z","iobWithZeroTemp":{"iob":-0.39,"basaliob":-0.422,"bolussnooze":0,"activity":-0.0022,"lastBolusTime":1703430368291,"time":"2023-12-24T19:51:06.347Z"}},{"iob":0.037,"basaliob":0.008,"bolussnooze":0,"activity":7.0E-4,"lastBolusTime":1703430368291,"time":"2023-12-24T19:56:06.347Z","iobWithZeroTemp":{"iob":-0.413,"basaliob":-0.442,"bolussnooze":0,"activity":-0.0024,"lastBolusTime":1703430368291,"time":"2023-12-24T19:56:06.347Z"}},{"iob":0.034,"basaliob":0.008,"bolussnooze":0,"activity":6.0E-4,"lastBolusTime":1703430368291,"time":"2023-12-24T20:01:06.347Z","iobWithZeroTemp":{"iob":-0.433,"basaliob":-0.459,"bolussnooze":0,"activity":-0.0027,"lastBolusTime":1703430368291,"time":"2023-12-24T20:01:06.347Z"}},{"iob":0.031,"basaliob":0.007,"bolussnooze":0,"activity":6.0E-4,"lastBolusTime":1703430368291,"time":"2023-12-24T20:06:06.347Z","iobWithZeroTemp":{"iob":-0.461,"basaliob":-0.485,"bolussnooze":0,"activity":-0.0029,"lastBolusTime":1703430368291,"time":"2023-12-24T20:06:06.347Z"}},{"iob":0.029,"basaliob":0.007,"bolussnooze":0,"activity":5.0E-4,"lastBolusTime":1703430368291,"time":"2023-12-24T20:11:06.347Z","iobWithZeroTemp":{"iob":-0.487,"basaliob":-0.509,"bolussnooze":0,"activity":-0.0032,"lastBolusTime":1703430368291,"time":"2023-12-24T20:11:06.347Z"}},{"iob":0.026,"basaliob":0.006,"bolussnooze":0,"activity":5.0E-4,"lastBolusTime":1703430368291,"time":"2023-12-24T20:16:06.347Z","iobWithZeroTemp":{"iob":-0.512,"basaliob":-0.532,"bolussnooze":0,"activity":-0.0034,"lastBolusTime":1703430368291,"time":"2023-12-24T20:16:06.347Z"}},{"iob":0.024,"basaliob":0.006,"bolussnooze":0,"activity":5.0E-4,"lastBolusTime":1703430368291,"time":"2023-12-24T20:21:06.347Z","iobWithZeroTemp":{"iob":-0.536,"basaliob":-0.554,"bolussnooze":0,"activity":-0.0036,"lastBolusTime":1703430368291,"time":"2023-12-24T20:21:06.347Z"}},{"iob":0.022,"basaliob":0.006,"bolussnooze":0,"activity":4.0E-4,"lastBolusTime":1703430368291,"time":"2023-12-24T20:26:06.347Z","iobWithZeroTemp":{"iob":-0.558,"basaliob":-0.574,"bolussnooze":0,"activity":-0.0039,"lastBolusTime":1703430368291,"time":"2023-12-24T20:26:06.347Z"}},{"iob":0.019,"basaliob":0.005,"bolussnooze":0,"activity":4.0E-4,"lastBolusTime":1703430368291,"time":"2023-12-24T20:31:06.347Z","iobWithZeroTemp":{"iob":-0.581,"basaliob":-0.595,"bolussnooze":0,"activity":-0.0041,"lastBolusTime":1703430368291,"time":"2023-12-24T20:31:06.347Z"}},{"iob":0.018,"basaliob":0.005,"bolussnooze":0,"activity":4.0E-4,"lastBolusTime":1703430368291,"time":"2023-12-24T20:36:06.347Z","iobWithZeroTemp":{"iob":-0.6,"basaliob":-0.613,"bolussnooze":0,"activity":-0.0043,"lastBolusTime":1703430368291,"time":"2023-12-24T20:36:06.347Z"}},{"iob":0.016,"basaliob":0.004,"bolussnooze":0,"activity":3.0E-4,"lastBolusTime":1703430368291,"time":"2023-12-24T20:41:06.347Z","iobWithZeroTemp":{"iob":-0.62,"basaliob":-0.632,"bolussnooze":0,"activity":-0.0046,"lastBolusTime":1703430368291,"time":"2023-12-24T20:41:06.347Z"}},{"iob":0.014,"basaliob":0.004,"bolussnooze":0,"activity":3.0E-4,"lastBolusTime":1703430368291,"time":"2023-12-24T20:46:06.347Z","iobWithZeroTemp":{"iob":-0.638,"basaliob":-0.648,"bolussnooze":0,"activity":-0.0048,"lastBolusTime":1703430368291,"time":"2023-12-24T20:46:06.347Z"}},{"iob":0.013,"basaliob":0.004,"bolussnooze":0,"activity":3.0E-4,"lastBolusTime":1703430368291,"time":"2023-12-24T20:51:06.347Z","iobWithZeroTemp":{"iob":-0.655,"basaliob":-0.664,"bolussnooze":0,"activity":-0.005,"lastBolusTime":1703430368291,"time":"2023-12-24T20:51:06.347Z"}},{"iob":0.012,"basaliob":0.004,"bolussnooze":0,"activity":3.0E-4,"lastBolusTime":1703430368291,"time":"2023-12-24T20:56:06.347Z","iobWithZeroTemp":{"iob":-0.671,"basaliob":-0.679,"bolussnooze":0,"activity":-0.0052,"lastBolusTime":1703430368291,"time":"2023-12-24T20:56:06.347Z"}},{"iob":0.011,"basaliob":0.003,"bolussnooze":0,"activity":2.0E-4,"lastBolusTime":1703430368291,"time":"2023-12-24T21:01:06.347Z","iobWithZeroTemp":{"iob":-0.686,"basaliob":-0.694,"bolussnooze":0,"activity":-0.0054,"lastBolusTime":1703430368291,"time":"2023-12-24T21:01:06.347Z"}},{"iob":0.01,"basaliob":0.003,"bolussnooze":0,"activity":2.0E-4,"lastBolusTime":1703430368291,"time":"2023-12-24T21:06:06.347Z","iobWithZeroTemp":{"iob":-0.7,"basaliob":-0.707,"bolussnooze":0,"activity":-0.0056,"lastBolusTime":1703430368291,"time":"2023-12-24T21:06:06.347Z"}},{"iob":0.009,"basaliob":0.003,"bolussnooze":0,"activity":1.0E-4,"lastBolusTime":1703430368291,"time":"2023-12-24T21:11:06.347Z","iobWithZeroTemp":{"iob":-0.713,"basaliob":-0.719,"bolussnooze":0,"activity":-0.0059,"lastBolusTime":1703430368291,"time":"2023-12-24T21:11:06.347Z"}},{"iob":0.008,"basaliob":0.003,"bolussnooze":0,"activity":1.0E-4,"lastBolusTime":1703430368291,"time":"2023-12-24T21:16:06.347Z","iobWithZeroTemp":{"iob":-0.726,"basaliob":-0.731,"bolussnooze":0,"activity":-0.006,"lastBolusTime":1703430368291,"time":"2023-12-24T21:16:06.347Z"}},{"iob":0.008,"basaliob":0.003,"bolussnooze":0,"activity":1.0E-4,"lastBolusTime":1703430368291,"time":"2023-12-24T21:21:06.347Z","iobWithZeroTemp":{"iob":-0.736,"basaliob":-0.741,"bolussnooze":0,"activity":-0.0061,"lastBolusTime":1703430368291,"time":"2023-12-24T21:21:06.347Z"}},{"iob":0.006,"basaliob":0.002,"bolussnooze":0,"activity":1.0E-4,"lastBolusTime":1703430368291,"time":"2023-12-24T21:26:06.347Z","iobWithZeroTemp":{"iob":-0.748,"basaliob":-0.752,"bolussnooze":0,"activity":-0.0063,"lastBolusTime":1703430368291,"time":"2023-12-24T21:26:06.347Z"}},{"iob":0.006,"basaliob":0.002,"bolussnooze":0,"activity":1.0E-4,"lastBolusTime":1703430368291,"time":"2023-12-24T21:31:06.347Z","iobWithZeroTemp":{"iob":-0.758,"basaliob":-0.762,"bolussnooze":0,"activity":-0.0064,"lastBolusTime":1703430368291,"time":"2023-12-24T21:31:06.347Z"}},{"iob":0.005,"basaliob":0.002,"bolussnooze":0,"activity":1.0E-4,"lastBolusTime":1703430368291,"time":"2023-12-24T21:36:06.347Z","iobWithZeroTemp":{"iob":-0.768,"basaliob":-0.771,"bolussnooze":0,"activity":-0.0065,"lastBolusTime":1703430368291,"time":"2023-12-24T21:36:06.347Z"}},{"iob":0.005,"basaliob":0.002,"bolussnooze":0,"activity":1.0E-4,"lastBolusTime":1703430368291,"time":"2023-12-24T21:41:06.347Z","iobWithZeroTemp":{"iob":-0.776,"basaliob":-0.779,"bolussnooze":0,"activity":-0.0066,"lastBolusTime":1703430368291,"time":"2023-12-24T21:41:06.347Z"}},{"iob":0.005,"basaliob":0.002,"bolussnooze":0,"activity":1.0E-4,"lastBolusTime":1703430368291,"time":"2023-12-24T21:46:06.347Z","iobWithZeroTemp":{"iob":-0.784,"basaliob":-0.787,"bolussnooze":0,"activity":-0.0068,"lastBolusTime":1703430368291,"time":"2023-12-24T21:46:06.347Z"}},{"iob":0.004,"basaliob":0.002,"bolussnooze":0,"activity":1.0E-4,"lastBolusTime":1703430368291,"time":"2023-12-24T21:51:06.347Z","iobWithZeroTemp":{"iob":-0.792,"basaliob":-0.794,"bolussnooze":0,"activity":-0.0069,"lastBolusTime":1703430368291,"time":"2023-12-24T21:51:06.347Z"}},{"iob":0.003,"basaliob":0.001,"bolussnooze":0,"activity":1.0E-4,"lastBolusTime":1703430368291,"time":"2023-12-24T21:56:06.347Z","iobWithZeroTemp":{"iob":-0.799,"basaliob":-0.801,"bolussnooze":0,"activity":-0.007,"lastBolusTime":1703430368291,"time":"2023-12-24T21:56:06.347Z"}},{"iob":0.003,"basaliob":0.001,"bolussnooze":0,"activity":0,"lastBolusTime":1703430368291,"time":"2023-12-24T22:01:06.347Z","iobWithZeroTemp":{"iob":-0.806,"basaliob":-0.808,"bolussnooze":0,"activity":-0.0071,"lastBolusTime":1703430368291,"time":"2023-12-24T22:01:06.347Z"}},{"iob":0.002,"basaliob":0.001,"bolussnooze":0,"activity":0,"lastBolusTime":1703430368291,"time":"2023-12-24T22:06:06.347Z","iobWithZeroTemp":{"iob":-0.812,"basaliob":-0.813,"bolussnooze":0,"activity":-0.0072,"lastBolusTime":1703430368291,"time":"2023-12-24T22:06:06.347Z"}},{"iob":0.002,"basaliob":0.001,"bolussnooze":0,"activity":0,"lastBolusTime":1703430368291,"time":"2023-12-24T22:11:06.347Z","iobWithZeroTemp":{"iob":-0.818,"basaliob":-0.819,"bolussnooze":0,"activity":-0.0073,"lastBolusTime":1703430368291,"time":"2023-12-24T22:11:06.347Z"}},{"iob":0.002,"basaliob":0.001,"bolussnooze":0,"activity":0,"lastBolusTime":1703430368291,"time":"2023-12-24T22:16:06.347Z","iobWithZeroTemp":{"iob":-0.823,"basaliob":-0.824,"bolussnooze":0,"activity":-0.0074,"lastBolusTime":1703430368291,"time":"2023-12-24T22:16:06.347Z"}},{"iob":0.002,"basaliob":0.001,"bolussnooze":0,"activity":0,"lastBolusTime":1703430368291,"time":"2023-12-24T22:21:06.347Z","iobWithZeroTemp":{"iob":-0.827,"basaliob":-0.828,"bolussnooze":0,"activity":-0.0075,"lastBolusTime":1703430368291,"time":"2023-12-24T22:21:06.347Z"}},{"iob":0.002,"basaliob":0.001,"bolussnooze":0,"activity":0,"lastBolusTime":1703430368291,"time":"2023-12-24T22:26:06.347Z","iobWithZeroTemp":{"iob":-0.831,"basaliob":-0.832,"bolussnooze":0,"activity":-0.0075,"lastBolusTime":1703430368291,"time":"2023-12-24T22:26:06.347Z"}}],"profile":{"max_iob":4,"type":"current","max_daily_basal":0.5,"max_basal":1.5,"min_bg":90,"max_bg":90,"target_bg":90,"carb_ratio":20,"sens":117,"max_daily_safety_multiplier":3,"current_basal_safety_multiplier":4,"high_temptarget_raises_sensitivity":false,"low_temptarget_lowers_sensitivity":false,"sensitivity_raises_target":true,"resistance_lowers_target":true,"adv_target_adjustments":false,"exercise_mode":false,"half_basal_exercise_target":160,"maxCOB":120,"skip_neutral_temps":false,"remainingCarbsCap":90,"enableUAM":true,"A52_risk_enable":false,"SMBInterval":3,"enableSMB_with_COB":true,"enableSMB_with_temptarget":true,"allowSMB_with_high_temptarget":false,"enableSMB_always":false,"enableSMB_after_carbs":false,"maxSMBBasalMinutes":75,"maxUAMSMBBasalMinutes":75,"bolus_increment":0.05,"carbsReqThreshold":10,"current_basal":0.4,"temptargetSet":false,"autosens_max":1.2,"out_units":"mmol\/L"},"autosens_data":{"ratio":1},"meal_data":{"carbs":0,"mealCOB":0,"slopeFromMaxDeviation":-1.3390000000000004,"slopeFromMinDeviation":1.8755454545454548,"lastBolusTime":1703430368291,"lastCarbTime":0},"microBolusAllowed":true,"currentTime":1703442667556,"flatBGsDetected":false},"output":{"temp":"absolute","bg":91,"tick":"+2","eventualBG":96,"targetBG":90,"insulinReq":0,"deliverAt":"2023-12-24T18:31:07.556Z","sensitivityRatio":1,"predBGs":{"IOB":[91,93,95,96,98,99,100,100,101,101,101,100,100,99,99,98,98,97,97,96,96,96,96,95,95,95,95,94,94,94,94,94,94,94,93],"ZT":[91,90,88,87,86,86,85,84,84,84,84,84,85,85,86,87,88,89],"UAM":[91,92,92,90,89,88,87,87,86,85,84,84,83,82,82,81,81,81,80,80,79,79,79,79,78,78,78,78,78,77,77,77,77,77,77,77,77,77,77,77,76]},"COB":0,"IOB":0.149,"reason":"COB: 0, Dev: 1.2, BGI: -0.1, ISF: 6.5, CR: 20, Target: 5.0, minPredBG 4.7, minGuardBG 4.2, IOBpredBG 5.2, UAMpredBG 4.2; 5.3-4.7 in range: no temp required; setting current basal of 0.4 as temp. . Setting neutral temp basal of 0.4U\/hr","duration":30,"rate":0.4,"timestamp":"2023-12-24T18:31:07.574Z"}}