{"algorithm":"OpenAPSSMBPlugin","input":{"glucoseStatus":{"glucose":228,"noise":0,"delta":14.44,"short_avgdelta":14.44,"long_avgdelta":14.11,"date":1703430315593},"currenttemp":{"temp":"absolute","duration":5,"rate":1.2,"minutesrunning":25},"iob_data":[{"iob":1.79,"basaliob":0.214,"bolussnooze":0,"activity":0.009,"lastBolusTime":1703430067326,"time":"2023-12-24T15:06:06.729Z","iobWithZeroTemp":{"iob":1.79,"basaliob":0.214,"bolussnooze":0,"activity":0.009,"lastBolusTime":1703430067326,"time":"2023-12-24T15:06:06.729Z"}},{"iob":1.742,"basaliob":0.216,"bolussnooze":0,"activity":0.0102,"lastBolusTime":1703430067326,"time":"2023-12-24T15:11:06.729Z","iobWithZeroTemp":{"iob":1.722,"basaliob":0.196,"bolussnooze":0,"activity":0.0102,"lastBolusTime":1703430067326,"time":"2023-12-24T15:11:06.729Z"}},{"iob":1.689,"basaliob":0.217,"bolussnooze":0,"activity":0.0112,"lastBolusTime":1703430067326,"time":"2023-12-24T15:16:06.729Z","iobWithZeroTemp":{"iob":1.644,"basaliob":0.172,"bolussnooze":0,"activity":0.0111,"lastBolusTime":1703430067326,"time":"2023-12-24T15:16:06.729Z"}},{"iob":1.63,"basaliob":0.215,"bolussnooze":0,"activity":0.0119,"lastBolusTime":1703430067326,"time":"2023-12-24T15:21:06.729Z","iobWithZeroTemp":{"iob":1.561,"basaliob":0.146,"bolussnooze":0,"activity":0.0118,"lastBolusTime":1703430067326,"time":"2023-12-24T15:21:06.729Z"}},{"iob":1.569,"basaliob":0.212,"bolussnooze":0,"activity":0.0125,"lastBolusTime":1703430067326,"time":"2023-12-24T15:26:06.729Z","iobWithZeroTemp":{"iob":1.476,"basaliob":0.119,"bolussnooze":0,"activity":0.0123,"lastBolusTime":1703430067326,"time":"2023-12-24T15:26:06.729Z"}},{"iob":1.506,"basaliob":0.208,"bolussnooze":0,"activity":0.0128,"lastBolusTime":1703430067326,"time":"2023-12-24T15:31:06.729Z","iobWithZeroTemp":{"iob":1.389,"basaliob":0.091,"bolussnooze":0,"activity":0.0124,"lastBolusTime":1703430067326,"time":"2023-12-24T15:31:06.729Z"}},{"iob":1.442,"basaliob":0.204,"bolussnooze":0,"activity":0.013,"lastBolusTime":1703430067326,"time":"2023-12-24T15:36:06.729Z","iobWithZeroTemp":{"iob":1.302,"basaliob":0.064,"bolussnooze":0,"activity":0.0125,"lastBolusTime":1703430067326,"time":"2023-12-24T15:36:06.729Z"}},{"iob":1.377,"basaliob":0.198,"bolussnooze":0,"activity":0.013,"lastBolusTime":1703430067326,"time":"2023-12-24T15:41:06.729Z","iobWithZeroTemp":{"iob":1.215,"basaliob":0.036,"bolussnooze":0,"activity":0.0123,"lastBolusTime":1703430067326,"time":"2023-12-24T15:41:06.729Z"}},{"iob":1.312,"basaliob":0.192,"bolussnooze":0,"activity":0.013,"lastBolusTime":1703430067326,"time":"2023-12-24T15:46:06.729Z","iobWithZeroTemp":{"iob":1.129,"basaliob":0.009,"bolussnooze":0,"activity":0.0122,"lastBolusTime":1703430067326,"time":"2023-12-24T15:46:06.729Z"}},{"iob":1.248,"basaliob":0.185,"bolussnooze":0,"activity":0.0128,"lastBolusTime":1703430067326,"time":"2023-12-24T15:51:06.729Z","iobWithZeroTemp":{"iob":1.044,"basaliob":-0.019,"bolussnooze":0,"activity":0.0118,"lastBolusTime":1703430067326,"time":"2023-12-24T15:51:06.729Z"}},{"iob":1.184,"basaliob":0.178,"bolussnooze":0,"activity":0.0126,"lastBolusTime":1703430067326,"time":"2023-12-24T15:56:06.729Z","iobWithZeroTemp":{"iob":0.961,"basaliob":-0.045,"bolussnooze":0,"activity":0.0114,"lastBolusTime":1703430067326,"time":"2023-12-24T15:56:06.729Z"}},{"iob":1.122,"basaliob":0.171,"bolussnooze":0,"activity":0.0123,"lastBolusTime":1703430067326,"time":"2023-12-24T16:01:06.729Z","iobWithZeroTemp":{"iob":0.88,"basaliob":-0.071,"bolussnooze":0,"activity":0.011,"lastBolusTime":1703430067326,"time":"2023-12-24T16:01:06.729Z"}},{"iob":1.061,"basaliob":0.163,"bolussnooze":0,"activity":0.012,"lastBolusTime":1703430067326,"time":"2023-12-24T16:06:06.729Z","iobWithZeroTemp":{"iob":0.793,"basaliob":-0.105,"bolussnooze":0,"activity":0.0105,"lastBolusTime":1703430067326,"time":"2023-12-24T16:06:06.729Z"}},{"iob":1.002,"basaliob":0.156,"bolussnooze":0,"activity":0.0116,"lastBolusTime":1703430067326,"time":"2023-12-24T16:11:06.729Z","iobWithZeroTemp":{"iob":0.708,"basaliob":-0.138,"bolussnooze":0,"activity":0.0099,"lastBolusTime":1703430067326,"time":"2023-12-24T16:11:06.729Z"}},{"iob":0.945,"basaliob":0.149,"bolussnooze":0,"activity":0.0112,"lastBolusTime":1703430067326,"time":"2023-12-24T16:16:06.729Z","iobWithZeroTemp":{"iob":0.627,"basaliob":-0.169,"bolussnooze":0,"activity":0.0093,"lastBolusTime":1703430067326,"time":"2023-12-24T16:16:06.729Z"}},{"iob":0.89,"basaliob":0.141,"bolussnooze":0,"activity":0.0108,"lastBolusTime":1703430067326,"time":"2023-12-24T16:21:06.729Z","iobWithZeroTemp":{"iob":0.549,"basaliob":-0.2,"bolussnooze":0,"activity":0.0087,"lastBolusTime":1703430067326,"time":"2023-12-24T16:21:06.729Z"}},{"iob":0.837,"basaliob":0.134,"bolussnooze":0,"activity":0.0103,"lastBolusTime":1703430067326,"time":"2023-12-24T16:26:06.729Z","iobWithZeroTemp":{"iob":0.473,"basaliob":-0.23,"bolussnooze":0,"activity":0.008,"lastBolusTime":1703430067326,"time":"2023-12-24T16:26:06.729Z"}},{"iob":0.786,"basaliob":0.127,"bolussnooze":0,"activity":0.0099,"lastBolusTime":1703430067326,"time":"2023-12-24T16:31:06.729Z","iobWithZeroTemp":{"iob":0.401,"basaliob":-0.258,"bolussnooze":0,"activity":0.0074,"lastBolusTime":1703430067326,"time":"2023-12-24T16:31:06.729Z"}},{"iob":0.738,"basaliob":0.12,"bolussnooze":0,"activity":0.0095,"lastBolusTime":1703430067326,"time":"2023-12-24T16:36:06.729Z","iobWithZeroTemp":{"iob":0.333,"basaliob":-0.285,"bolussnooze":0,"activity":0.0068,"lastBolusTime":1703430067326,"time":"2023-12-24T16:36:06.729Z"}},{"iob":0.691,"basaliob":0.113,"bolussnooze":0,"activity":0.009,"lastBolusTime":1703430067326,"time":"2023-12-24T16:41:06.729Z","iobWithZeroTemp":{"iob":0.266,"basaliob":-0.312,"bolussnooze":0,"activity":0.0061,"lastBolusTime":1703430067326,"time":"2023-12-24T16:41:06.729Z"}},{"iob":0.647,"basaliob":0.107,"bolussnooze":0,"activity":0.0086,"lastBolusTime":1703430067326,"time":"2023-12-24T16:46:06.729Z","iobWithZeroTemp":{"iob":0.204,"basaliob":-0.336,"bolussnooze":0,"activity":0.0055,"lastBolusTime":1703430067326,"time":"2023-12-24T16:46:06.729Z"}},{"iob":0.606,"basaliob":0.101,"bolussnooze":0,"activity":0.0081,"lastBolusTime":1703430067326,"time":"2023-12-24T16:51:06.729Z","iobWithZeroTemp":{"iob":0.146,"basaliob":-0.359,"bolussnooze":0,"activity":0.0048,"lastBolusTime":1703430067326,"time":"2023-12-24T16:51:06.729Z"}},{"iob":0.566,"basaliob":0.095,"bolussnooze":0,"activity":0.0078,"lastBolusTime":1703430067326,"time":"2023-12-24T16:56:06.729Z","iobWithZeroTemp":{"iob":0.089,"basaliob":-0.382,"bolussnooze":0,"activity":0.0043,"lastBolusTime":1703430067326,"time":"2023-12-24T16:56:06.729Z"}},{"iob":0.528,"basaliob":0.089,"bolussnooze":0,"activity":0.0073,"lastBolusTime":1703430067326,"time":"2023-12-24T17:01:06.729Z","iobWithZeroTemp":{"iob":0.036,"basaliob":-0.403,"bolussnooze":0,"activity":0.0037,"lastBolusTime":1703430067326,"time":"2023-12-24T17:01:06.729Z"}},{"iob":0.493,"basaliob":0.084,"bolussnooze":0,"activity":0.0069,"lastBolusTime":1703430067326,"time":"2023-12-24T17:06:06.729Z","iobWithZeroTemp":{"iob":-0.014,"basaliob":-0.423,"bolussnooze":0,"activity":0.0031,"lastBolusTime":1703430067326,"time":"2023-12-24T17:06:06.729Z"}},{"iob":0.459,"basaliob":0.078,"bolussnooze":0,"activity":0.0065,"lastBolusTime":1703430067326,"time":"2023-12-24T17:11:06.729Z","iobWithZeroTemp":{"iob":-0.062,"basaliob":-0.443,"bolussnooze":0,"activity":0.0025,"lastBolusTime":1703430067326,"time":"2023-12-24T17:11:06.729Z"}},{"iob":0.427,"basaliob":0.073,"bolussnooze":0,"activity":0.0062,"lastBolusTime":1703430067326,"time":"2023-12-24T17:16:06.729Z","iobWithZeroTemp":{"iob":-0.107,"basaliob":-0.461,"bolussnooze":0,"activity":0.0021,"lastBolusTime":1703430067326,"time":"2023-12-24T17:16:06.729Z"}},{"iob":0.398,"basaliob":0.069,"bolussnooze":0,"activity":0.0058,"lastBolusTime":1703430067326,"time":"2023-12-24T17:21:06.729Z","iobWithZeroTemp":{"iob":-0.148,"basaliob":-0.477,"bolussnooze":0,"activity":0.0015,"lastBolusTime":1703430067326,"time":"2023-12-24T17:21:06.729Z"}},{"iob":0.369,"basaliob":0.064,"bolussnooze":0,"activity":0.0055,"lastBolusTime":1703430067326,"time":"2023-12-24T17:26:06.729Z","iobWithZeroTemp":{"iob":-0.188,"basaliob":-0.493,"bolussnooze":0,"activity":0.001,"lastBolusTime":1703430067326,"time":"2023-12-24T17:26:06.729Z"}},{"iob":0.343,"basaliob":0.06,"bolussnooze":0,"activity":0.0051,"lastBolusTime":1703430067326,"time":"2023-12-24T17:31:06.729Z","iobWithZeroTemp":{"iob":-0.225,"basaliob":-0.508,"bolussnooze":0,"activity":5.0E-4,"lastBolusTime":1703430067326,"time":"2023-12-24T17:31:06.729Z"}},{"iob":0.319,"basaliob":0.056,"bolussnooze":0,"activity":0.0048,"lastBolusTime":1703430067326,"time":"2023-12-24T17:36:06.729Z","iobWithZeroTemp":{"iob":-0.259,"basaliob":-0.522,"bolussnooze":0,"activity":1.0E-4,"lastBolusTime":1703430067326,"time":"2023-12-24T17:36:06.729Z"}},{"iob":0.295,"basaliob":0.052,"bolussnooze":0,"activity":0.0044,"lastBolusTime":1703430067326,"time":"2023-12-24T17:41:06.729Z","iobWithZeroTemp":{"iob":-0.293,"basaliob":-0.536,"bolussnooze":0,"activity":-5.0E-4,"lastBolusTime":1703430067326,"time":"2023-12-24T17:41:06.729Z"}},{"iob":0.274,"basaliob":0.049,"bolussnooze":0,"activity":0.0042,"lastBolusTime":1703430067326,"time":"2023-12-24T17:46:06.729Z","iobWithZeroTemp":{"iob":-0.322,"basaliob":-0.547,"bolussnooze":0,"activity":-8.0E-4,"lastBolusTime":1703430067326,"time":"2023-12-24T17:46:06.729Z"}},{"iob":0.253,"basaliob":0.045,"bolussnooze":0,"activity":0.004,"lastBolusTime":1703430067326,"time":"2023-12-24T17:51:06.729Z","iobWithZeroTemp":{"iob":-0.352,"basaliob":-0.56,"bolussnooze":0,"activity":-0.0011,"lastBolusTime":1703430067326,"time":"2023-12-24T17:51:06.729Z"}},{"iob":0.234,"basaliob":0.042,"bolussnooze":0,"activity":0.0036,"lastBolusTime":1703430067326,"time":"2023-12-24T17:56:06.729Z","iobWithZeroTemp":{"iob":-0.378,"basaliob":-0.57,"bolussnooze":0,"activity":-0.0016,"lastBolusTime":1703430067326,"time":"2023-12-24T17:56:06.729Z"}},{"iob":0.217,"basaliob":0.039,"bolussnooze":0,"activity":0.0034,"lastBolusTime":1703430067326,"time":"2023-12-24T18:01:06.729Z","iobWithZeroTemp":{"iob":-0.402,"basaliob":-0.58,"bolussnooze":0,"activity":-0.0019,"lastBolusTime":1703430067326,"time":"2023-12-24T18:01:06.729Z"}},{"iob":0.2,"basaliob":0.036,"bolussnooze":0,"activity":0.0031,"lastBolusTime":1703430067326,"time":"2023-12-24T18:06:06.729Z","iobWithZeroTemp":{"iob":-0.426,"basaliob":-0.59,"bolussnooze":0,"activity":-0.0023,"lastBolusTime":1703430067326,"time":"2023-12-24T18:06:06.729Z"}},{"iob":0.185,"basaliob":0.034,"bolussnooze":0,"activity":0.003,"lastBolusTime":1703430067326,"time":"2023-12-24T18:11:06.729Z","iobWithZeroTemp":{"iob":-0.447,"basaliob":-0.598,"bolussnooze":0,"activity":-0.0025,"lastBolusTime":1703430067326,"time":"2023-12-24T18:11:06.729Z"}},{"iob":0.17,"basaliob":0.031,"bolussnooze":0,"activity":0.0028,"lastBolusTime":1703430067326,"time":"2023-12-24T18:16:06.729Z","iobWithZeroTemp":{"iob":-0.468,"basaliob":-0.607,"bolussnooze":0,"activity":-0.0028,"lastBolusTime":1703430067326,"time":"2023-12-24T18:16:06.729Z"}},{"iob":0.157,"basaliob":0.029,"bolussnooze":0,"activity":0.0025,"lastBolusTime":1703430067326,"time":"2023-12-24T18:21:06.729Z","iobWithZeroTemp":{"iob":-0.486,"basaliob":-0.614,"bolussnooze":0,"activity":-0.0031,"lastBolusTime":1703430067326,"time":"2023-12-24T18:21:06.729Z"}},{"iob":0.145,"basaliob":0.027,"bolussnooze":0,"activity":0.0024,"lastBolusTime":1703430067326,"time":"2023-12-24T18:26:06.729Z","iobWithZeroTemp":{"iob":-0.503,"basaliob":-0.621,"bolussnooze":0,"activity":-0.0033,"lastBolusTime":1703430067326,"time":"2023-12-24T18:26:06.729Z"}},{"iob":0.134,"basaliob":0.025,"bolussnooze":0,"activity":0.0022,"lastBolusTime":1703430067326,"time":"2023-12-24T18:31:06.729Z","iobWithZeroTemp":{"iob":-0.519,"basaliob":-0.628,"bolussnooze":0,"activity":-0.0036,"lastBolusTime":1703430067326,"time":"2023-12-24T18:31:06.729Z"}},{"iob":0.123,"basaliob":0.023,"bolussnooze":0,"activity":0.0021,"lastBolusTime":1703430067326,"time":"2023-12-24T18:36:06.729Z","iobWithZeroTemp":{"iob":-0.534,"basaliob":-0.634,"bolussnooze":0,"activity":-0.0038,"lastBolusTime":1703430067326,"time":"2023-12-24T18:36:06.729Z"}},{"iob":0.113,"basaliob":0.021,"bolussnooze":0,"activity":0.0019,"lastBolusTime":1703430067326,"time":"2023-12-24T18:41:06.729Z","iobWithZeroTemp":{"iob":-0.548,"basaliob":-0.64,"bolussnooze":0,"activity":-0.004,"lastBolusTime":1703430067326,"time":"2023-12-24T18:41:06.729Z"}},{"iob":0.103,"basaliob":0.019,"bolussnooze":0,"activity":0.0018,"lastBolusTime":1703430067326,"time":"2023-12-24T18:46:06.729Z","iobWithZeroTemp":{"iob":-0.562,"basaliob":-0.646,"bolussnooze":0,"activity":-0.0042,"lastBolusTime":1703430067326,"time":"2023-12-24T18:46:06.729Z"}},{"iob":0.095,"basaliob":0.018,"bolussnooze":0,"activity":0.0016,"lastBolusTime":1703430067326,"time":"2023-12-24T18:51:06.729Z","iobWithZeroTemp":{"iob":-0.573,"basaliob":-0.65,"bolussnooze":0,"activity":-0.0044,"lastBolusTime":1703430067326,"time":"2023-12-24T18:51:06.729Z"}},{"iob":0.088,"basaliob":0.017,"bolussnooze":0,"activity":0.0015,"lastBolusTime":1703430067326,"time":"2023-12-24T18:56:06.729Z","iobWithZeroTemp":{"iob":-0.583,"basaliob":-0.654,"bolussnooze":0,"activity":-0.0046,"lastBolusTime":1703430067326,"time":"2023-12-24T18:56:06.729Z"}},{"iob":0.08,"basaliob":0.015,"bolussnooze":0,"activity":0.0014,"lastBolusTime":1703430067326,"time":"2023-12-24T19:01:06.729Z","iobWithZeroTemp":{"iob":-0.594,"basaliob":-0.659,"bolussnooze":0,"activity":-0.0047,"lastBolusTime":1703430067326,"time":"2023-12-24T19:01:06.729Z"}}],"profile":{"max_iob":4,"type":"current","max_daily_basal":0.5,"max_basal":1.2,"min_bg":91.79999999999998,"max_bg":91.79999999999998,"target_bg":91.79999999999998,"carb_ratio":20,"sens":126,"max_daily_safety_multiplier":3,"current_basal_safety_multiplier":4,"high_temptarget_raises_sensitivity":false,"low_temptarget_lowers_sensitivity":false,"sensitivity_raises_target":true,"resistance_lowers_target":true,"adv_target_adjustments":false,"exercise_mode":false,"half_basal_exercise_target":160,"maxCOB":120,"skip_neutral_temps":false,"remainingCarbsCap":90,"enableUAM":true,"A52_risk_enable":false,"SMBInterval":3,"enableSMB_with_COB":true,"enableSMB_with_temptarget":true,"allowSMB_with_high_temptarget":false,"enableSMB_always":false,"enableSMB_after_carbs":false,"maxSMBBasalMinutes":75,"maxUAMSMBBasalMinutes":75,"bolus_increment":0.05,"carbsReqThreshold":10,"current_basal":0.3,"temptargetSet":true,"autosens_max":1.2,"out_units":"mmol\/L"},"autosens_data":{"ratio":1},"meal_data":{"carbs":0,"mealCOB":0,"slopeFromMaxDeviation":-0.11240000000000022,"slopeFromMinDeviation":2.8058888888888895,"lastBolusTime":1703430067326,"lastCarbTime":0},"microBolusAllowed":true,"currentTime":1703430368069,"flatBGsDetected":false},"output":{"temp":"absolute","bg":228,"tick":"+14","eventualBG":216,"targetBG":91.79999999999998,"insulinReq":0.51,"deliverAt":"2023-12-24T15:06:08.069Z","sensitivityRatio":1,"predBGs":{"IOB":[228,237,244,248,251,253,253,251,248,244,238,232,224,216,209,202,195,189,183,177,171,165,160,155,151,146,142,138,135,131,128,125,122,120,117,115,113,111,109,107,106,104,103,101,100,99,98,97],"ZT":[228,222,216,209,201,194,186,178,170,163,155,148,141,134,128,122,117,112,107,103,99,96,93,90,88,86,84,83,82,81,81,81,81,82,82,83,84,86,87,89,91],"UAM":[228,241,253,264,272,280,286,292,296,300,302,304,305,306,305,304,303,300,297,294,289,284,279,274,270,265,261,257,254,250,247,244,241,239,236,234,232,230,228,226,224,223,222,220,219,218,217,216]},"COB":0,"IOB":1.79,"reason":"COB: 0, Dev: 6.7, BGI: -0.3, ISF: 7.0, CR: 20, Target: 5.1, minPredBG 8.7, minGuardBG 11.9, IOBpredBG 5.4, UAMpredBG 12.0; Eventual BG 12.0 >= 5.1,  insulinReq 0.51; setting 60m low temp of 0U\/h. Microbolusing 0.25U. ","units":0.25,"rate":0,"duration":60,"timestamp":"2023-12-24T15:06:08.105Z"}}