{"algorithm":"OpenAPSSMBPlugin","input":{"glucoseStatus":{"glucose":106,"noise":0,"delta":-2.33,"short_avgdelta":-1.5,"long_avgdelta":-1.03,"date":1703522716306},"currenttemp":{"temp":"absolute","duration":25,"rate":0.15,"minutesrunning":5},"iob_data":[{"iob":0.156,"basaliob":0.156,"bolussnooze":0,"activity":0.0029,"lastBolusTime":0,"time":"2023-12-25T16:46:08.953Z","iobWithZeroTemp":{"iob":0.156,"basaliob":0.156,"bolussnooze":0,"activity":0.0029,"lastBolusTime":0,"time":"2023-12-25T16:46:08.953Z"}},{"iob":0.143,"basaliob":0.143,"bolussnooze":0,"activity":0.0026,"lastBolusTime":0,"time":"2023-12-25T16:51:08.953Z","iobWithZeroTemp":{"iob":0.116,"basaliob":0.116,"bolussnooze":0,"activity":0.0026,"lastBolusTime":0,"time":"2023-12-25T16:51:08.953Z"}},{"iob":0.13,"basaliob":0.13,"bolussnooze":0,"activity":0.0024,"lastBolusTime":0,"time":"2023-12-25T16:56:08.953Z","iobWithZeroTemp":{"iob":0.07,"basaliob":0.07,"bolussnooze":0,"activity":0.0023,"lastBolusTime":0,"time":"2023-12-25T16:56:08.953Z"}},{"iob":0.118,"basaliob":0.118,"bolussnooze":0,"activity":0.0022,"lastBolusTime":0,"time":"2023-12-25T17:01:08.953Z","iobWithZeroTemp":{"iob":0.026,"basaliob":0.026,"bolussnooze":0,"activity":0.002,"lastBolusTime":0,"time":"2023-12-25T17:01:08.953Z"}},{"iob":0.108,"basaliob":0.108,"bolussnooze":0,"activity":0.002,"lastBolusTime":0,"time":"2023-12-25T17:06:08.953Z","iobWithZeroTemp":{"iob":-0.017,"basaliob":-0.017,"bolussnooze":0,"activity":0.0017,"lastBolusTime":0,"time":"2023-12-25T17:06:08.953Z"}},{"iob":0.098,"basaliob":0.098,"bolussnooze":0,"activity":0.0019,"lastBolusTime":0,"time":"2023-12-25T17:11:08.953Z","iobWithZeroTemp":{"iob":-0.058,"basaliob":-0.058,"bolussnooze":0,"activity":0.0014,"lastBolusTime":0,"time":"2023-12-25T17:11:08.953Z"}},{"iob":0.089,"basaliob":0.089,"bolussnooze":0,"activity":0.0017,"lastBolusTime":0,"time":"2023-12-25T17:16:08.953Z","iobWithZeroTemp":{"iob":-0.097,"basaliob":-0.097,"bolussnooze":0,"activity":0.001,"lastBolusTime":0,"time":"2023-12-25T17:16:08.953Z"}},{"iob":0.081,"basaliob":0.081,"bolussnooze":0,"activity":0.0016,"lastBolusTime":0,"time":"2023-12-25T17:21:08.953Z","iobWithZeroTemp":{"iob":-0.135,"basaliob":-0.135,"bolussnooze":0,"activity":7.0E-4,"lastBolusTime":0,"time":"2023-12-25T17:21:08.953Z"}},{"iob":0.074,"basaliob":0.074,"bolussnooze":0,"activity":0.0014,"lastBolusTime":0,"time":"2023-12-25T17:26:08.953Z","iobWithZeroTemp":{"iob":-0.17,"basaliob":-0.17,"bolussnooze":0,"activity":3.0E-4,"lastBolusTime":0,"time":"2023-12-25T17:26:08.953Z"}},{"iob":0.067,"basaliob":0.067,"bolussnooze":0,"activity":0.0013,"lastBolusTime":0,"time":"2023-12-25T17:31:08.953Z","iobWithZeroTemp":{"iob":-0.205,"basaliob":-0.205,"bolussnooze":0,"activity":0,"lastBolusTime":0,"time":"2023-12-25T17:31:08.953Z"}},{"iob":0.061,"basaliob":0.061,"bolussnooze":0,"activity":0.0012,"lastBolusTime":0,"time":"2023-12-25T17:36:08.953Z","iobWithZeroTemp":{"iob":-0.237,"basaliob":-0.237,"bolussnooze":0,"activity":-3.0E-4,"lastBolusTime":0,"time":"2023-12-25T17:36:08.953Z"}},{"iob":0.055,"basaliob":0.055,"bolussnooze":0,"activity":0.0011,"lastBolusTime":0,"time":"2023-12-25T17:41:08.953Z","iobWithZeroTemp":{"iob":-0.268,"basaliob":-0.268,"bolussnooze":0,"activity":-7.0E-4,"lastBolusTime":0,"time":"2023-12-25T17:41:08.953Z"}},{"iob":0.05,"basaliob":0.05,"bolussnooze":0,"activity":0.001,"lastBolusTime":0,"time":"2023-12-25T17:46:08.953Z","iobWithZeroTemp":{"iob":-0.297,"basaliob":-0.297,"bolussnooze":0,"activity":-0.001,"lastBolusTime":0,"time":"2023-12-25T17:46:08.953Z"}},{"iob":0.045,"basaliob":0.045,"bolussnooze":0,"activity":9.0E-4,"lastBolusTime":0,"time":"2023-12-25T17:51:08.953Z","iobWithZeroTemp":{"iob":-0.325,"basaliob":-0.325,"bolussnooze":0,"activity":-0.0013,"lastBolusTime":0,"time":"2023-12-25T17:51:08.953Z"}},{"iob":0.041,"basaliob":0.041,"bolussnooze":0,"activity":8.0E-4,"lastBolusTime":0,"time":"2023-12-25T17:56:08.953Z","iobWithZeroTemp":{"iob":-0.35,"basaliob":-0.35,"bolussnooze":0,"activity":-0.0016,"lastBolusTime":0,"time":"2023-12-25T17:56:08.953Z"}},{"iob":0.037,"basaliob":0.037,"bolussnooze":0,"activity":8.0E-4,"lastBolusTime":0,"time":"2023-12-25T18:01:08.953Z","iobWithZeroTemp":{"iob":-0.375,"basaliob":-0.375,"bolussnooze":0,"activity":-0.0019,"lastBolusTime":0,"time":"2023-12-25T18:01:08.953Z"}},{"iob":0.033,"basaliob":0.033,"bolussnooze":0,"activity":7.0E-4,"lastBolusTime":0,"time":"2023-12-25T18:06:08.953Z","iobWithZeroTemp":{"iob":-0.398,"basaliob":-0.398,"bolussnooze":0,"activity":-0.0022,"lastBolusTime":0,"time":"2023-12-25T18:06:08.953Z"}},{"iob":0.03,"basaliob":0.03,"bolussnooze":0,"activity":6.0E-4,"lastBolusTime":0,"time":"2023-12-25T18:11:08.953Z","iobWithZeroTemp":{"iob":-0.42,"basaliob":-0.42,"bolussnooze":0,"activity":-0.0025,"lastBolusTime":0,"time":"2023-12-25T18:11:08.953Z"}},{"iob":0.027,"basaliob":0.027,"bolussnooze":0,"activity":6.0E-4,"lastBolusTime":0,"time":"2023-12-25T18:16:08.953Z","iobWithZeroTemp":{"iob":-0.44,"basaliob":-0.44,"bolussnooze":0,"activity":-0.0027,"lastBolusTime":0,"time":"2023-12-25T18:16:08.953Z"}},{"iob":0.024,"basaliob":0.024,"bolussnooze":0,"activity":5.0E-4,"lastBolusTime":0,"time":"2023-12-25T18:21:08.953Z","iobWithZeroTemp":{"iob":-0.46,"basaliob":-0.46,"bolussnooze":0,"activity":-0.003,"lastBolusTime":0,"time":"2023-12-25T18:21:08.953Z"}},{"iob":0.022,"basaliob":0.022,"bolussnooze":0,"activity":5.0E-4,"lastBolusTime":0,"time":"2023-12-25T18:26:08.953Z","iobWithZeroTemp":{"iob":-0.477,"basaliob":-0.477,"bolussnooze":0,"activity":-0.0032,"lastBolusTime":0,"time":"2023-12-25T18:26:08.953Z"}},{"iob":0.02,"basaliob":0.02,"bolussnooze":0,"activity":4.0E-4,"lastBolusTime":0,"time":"2023-12-25T18:31:08.953Z","iobWithZeroTemp":{"iob":-0.494,"basaliob":-0.494,"bolussnooze":0,"activity":-0.0035,"lastBolusTime":0,"time":"2023-12-25T18:31:08.953Z"}},{"iob":0.018,"basaliob":0.018,"bolussnooze":0,"activity":4.0E-4,"lastBolusTime":0,"time":"2023-12-25T18:36:08.953Z","iobWithZeroTemp":{"iob":-0.509,"basaliob":-0.509,"bolussnooze":0,"activity":-0.0036,"lastBolusTime":0,"time":"2023-12-25T18:36:08.953Z"}},{"iob":0.016,"basaliob":0.016,"bolussnooze":0,"activity":4.0E-4,"lastBolusTime":0,"time":"2023-12-25T18:41:08.953Z","iobWithZeroTemp":{"iob":-0.524,"basaliob":-0.524,"bolussnooze":0,"activity":-0.0038,"lastBolusTime":0,"time":"2023-12-25T18:41:08.953Z"}},{"iob":0.014,"basaliob":0.014,"bolussnooze":0,"activity":3.0E-4,"lastBolusTime":0,"time":"2023-12-25T18:46:08.953Z","iobWithZeroTemp":{"iob":-0.538,"basaliob":-0.538,"bolussnooze":0,"activity":-0.004,"lastBolusTime":0,"time":"2023-12-25T18:46:08.953Z"}},{"iob":0.013,"basaliob":0.013,"bolussnooze":0,"activity":3.0E-4,"lastBolusTime":0,"time":"2023-12-25T18:51:08.953Z","iobWithZeroTemp":{"iob":-0.55,"basaliob":-0.55,"bolussnooze":0,"activity":-0.0042,"lastBolusTime":0,"time":"2023-12-25T18:51:08.953Z"}},{"iob":0.011,"basaliob":0.011,"bolussnooze":0,"activity":3.0E-4,"lastBolusTime":0,"time":"2023-12-25T18:56:08.953Z","iobWithZeroTemp":{"iob":-0.563,"basaliob":-0.563,"bolussnooze":0,"activity":-0.0043,"lastBolusTime":0,"time":"2023-12-25T18:56:08.953Z"}},{"iob":0.01,"basaliob":0.01,"bolussnooze":0,"activity":2.0E-4,"lastBolusTime":0,"time":"2023-12-25T19:01:08.953Z","iobWithZeroTemp":{"iob":-0.574,"basaliob":-0.574,"bolussnooze":0,"activity":-0.0046,"lastBolusTime":0,"time":"2023-12-25T19:01:08.953Z"}},{"iob":0.009,"basaliob":0.009,"bolussnooze":0,"activity":2.0E-4,"lastBolusTime":0,"time":"2023-12-25T19:06:08.953Z","iobWithZeroTemp":{"iob":-0.584,"basaliob":-0.584,"bolussnooze":0,"activity":-0.0047,"lastBolusTime":0,"time":"2023-12-25T19:06:08.953Z"}},{"iob":0.008,"basaliob":0.008,"bolussnooze":0,"activity":2.0E-4,"lastBolusTime":0,"time":"2023-12-25T19:11:08.953Z","iobWithZeroTemp":{"iob":-0.593,"basaliob":-0.593,"bolussnooze":0,"activity":-0.0048,"lastBolusTime":0,"time":"2023-12-25T19:11:08.953Z"}},{"iob":0.007,"basaliob":0.007,"bolussnooze":0,"activity":2.0E-4,"lastBolusTime":0,"time":"2023-12-25T19:16:08.953Z","iobWithZeroTemp":{"iob":-0.602,"basaliob":-0.602,"bolussnooze":0,"activity":-0.0049,"lastBolusTime":0,"time":"2023-12-25T19:16:08.953Z"}},{"iob":0.006,"basaliob":0.006,"bolussnooze":0,"activity":2.0E-4,"lastBolusTime":0,"time":"2023-12-25T19:21:08.953Z","iobWithZeroTemp":{"iob":-0.611,"basaliob":-0.611,"bolussnooze":0,"activity":-0.005,"lastBolusTime":0,"time":"2023-12-25T19:21:08.953Z"}},{"iob":0.005,"basaliob":0.005,"bolussnooze":0,"activity":1.0E-4,"lastBolusTime":0,"time":"2023-12-25T19:26:08.953Z","iobWithZeroTemp":{"iob":-0.619,"basaliob":-0.619,"bolussnooze":0,"activity":-0.0052,"lastBolusTime":0,"time":"2023-12-25T19:26:08.953Z"}},{"iob":0.005,"basaliob":0.005,"bolussnooze":0,"activity":1.0E-4,"lastBolusTime":0,"time":"2023-12-25T19:31:08.953Z","iobWithZeroTemp":{"iob":-0.625,"basaliob":-0.625,"bolussnooze":0,"activity":-0.0053,"lastBolusTime":0,"time":"2023-12-25T19:31:08.953Z"}},{"iob":0.004,"basaliob":0.004,"bolussnooze":0,"activity":1.0E-4,"lastBolusTime":0,"time":"2023-12-25T19:36:08.953Z","iobWithZeroTemp":{"iob":-0.632,"basaliob":-0.632,"bolussnooze":0,"activity":-0.0054,"lastBolusTime":0,"time":"2023-12-25T19:36:08.953Z"}},{"iob":0.004,"basaliob":0.004,"bolussnooze":0,"activity":1.0E-4,"lastBolusTime":0,"time":"2023-12-25T19:41:08.953Z","iobWithZeroTemp":{"iob":-0.637,"basaliob":-0.637,"bolussnooze":0,"activity":-0.0055,"lastBolusTime":0,"time":"2023-12-25T19:41:08.953Z"}},{"iob":0.003,"basaliob":0.003,"bolussnooze":0,"activity":1.0E-4,"lastBolusTime":0,"time":"2023-12-25T19:46:08.953Z","iobWithZeroTemp":{"iob":-0.644,"basaliob":-0.644,"bolussnooze":0,"activity":-0.0056,"lastBolusTime":0,"time":"2023-12-25T19:46:08.953Z"}},{"iob":0.003,"basaliob":0.003,"bolussnooze":0,"activity":1.0E-4,"lastBolusTime":0,"time":"2023-12-25T19:51:08.953Z","iobWithZeroTemp":{"iob":-0.648,"basaliob":-0.648,"bolussnooze":0,"activity":-0.0057,"lastBolusTime":0,"time":"2023-12-25T19:51:08.953Z"}},{"iob":0.002,"basaliob":0.002,"bolussnooze":0,"activity":1.0E-4,"lastBolusTime":0,"time":"2023-12-25T19:56:08.953Z","iobWithZeroTemp":{"iob":-0.654,"basaliob":-0.654,"bolussnooze":0,"activity":-0.0057,"lastBolusTime":0,"time":"2023-12-25T19:56:08.953Z"}},{"iob":0.002,"basaliob":0.002,"bolussnooze":0,"activity":1.0E-4,"lastBolusTime":0,"time":"2023-12-25T20:01:08.953Z","iobWithZeroTemp":{"iob":-0.658,"basaliob":-0.658,"bolussnooze":0,"activity":-0.0058,"lastBolusTime":0,"time":"2023-12-25T20:01:08.953Z"}},{"iob":0.002,"basaliob":0.002,"bolussnooze":0,"activity":1.0E-4,"lastBolusTime":0,"time":"2023-12-25T20:06:08.953Z","iobWithZeroTemp":{"iob":-0.67,"basaliob":-0.67,"bolussnooze":0,"activity":-0.0059,"lastBolusTime":0,"time":"2023-12-25T20:06:08.953Z"}},{"iob":0.001,"basaliob":0.001,"bolussnooze":0,"activity":1.0E-4,"lastBolusTime":0,"time":"2023-12-25T20:11:08.953Z","iobWithZeroTemp":{"iob":-0.683,"basaliob":-0.683,"bolussnooze":0,"activity":-0.0059,"lastBolusTime":0,"time":"2023-12-25T20:11:08.953Z"}},{"iob":0.001,"basaliob":0.001,"bolussnooze":0,"activity":0,"lastBolusTime":0,"time":"2023-12-25T20:16:08.953Z","iobWithZeroTemp":{"iob":-0.694,"basaliob":-0.694,"bolussnooze":0,"activity":-0.0061,"lastBolusTime":0,"time":"2023-12-25T20:16:08.953Z"}},{"iob":0.001,"basaliob":0.001,"bolussnooze":0,"activity":0,"lastBolusTime":0,"time":"2023-12-25T20:21:08.953Z","iobWithZeroTemp":{"iob":-0.705,"basaliob":-0.705,"bolussnooze":0,"activity":-0.0062,"lastBolusTime":0,"time":"2023-12-25T20:21:08.953Z"}},{"iob":0.001,"basaliob":0.001,"bolussnooze":0,"activity":0,"lastBolusTime":0,"time":"2023-12-25T20:26:08.953Z","iobWithZeroTemp":{"iob":-0.715,"basaliob":-0.715,"bolussnooze":0,"activity":-0.0063,"lastBolusTime":0,"time":"2023-12-25T20:26:08.953Z"}},{"iob":0.001,"basaliob":0.001,"bolussnooze":0,"activity":0,"lastBolusTime":0,"time":"2023-12-25T20:31:08.953Z","iobWithZeroTemp":{"iob":-0.725,"basaliob":-0.725,"bolussnooze":0,"activity":-0.0064,"lastBolusTime":0,"time":"2023-12-25T20:31:08.953Z"}},{"iob":0,"basaliob":0,"bolussnooze":0,"activity":0,"lastBolusTime":0,"time":"2023-12-25T20:36:08.953Z","iobWithZeroTemp":{"iob":-0.736,"basaliob":-0.736,"bolussnooze":0,"activity":-0.0065,"lastBolusTime":0,"time":"2023-12-25T20:36:08.953Z"}},{"iob":0,"basaliob":0,"bolussnooze":0,"activity":0,"lastBolusTime":0,"time":"2023-12-25T20:41:08.953Z","iobWithZeroTemp":{"iob":-0.745,"basaliob":-0.745,"bolussnooze":0,"activity":-0.0065,"lastBolusTime":0,"time":"2023-12-25T20:41:08.953Z"}}],"profile":{"max_iob":4,"type":"current","max_daily_basal":0.5,"max_basal":1.5,"min_bg":100.8,"max_bg":100.8,"target_bg":100.8,"carb_ratio":20,"sens":117,"max_daily_safety_multiplier":3,"current_basal_safety_multiplier":4,"high_temptarget_raises_sensitivity":false,"low_temptarget_lowers_sensitivity":false,"sensitivity_raises_target":true,"resistance_lowers_target":true,"adv_target_adjustments":false,"exercise_mode":false,"half_basal_exercise_target":160,"maxCOB":120,"skip_neutral_temps":false,"remainingCarbsCap":90,"enableUAM":true,"A52_risk_enable":false,"SMBInterval":3,"enableSMB_with_COB":true,"enableSMB_with_temptarget":true,"allowSMB_with_high_temptarget":false,"enableSMB_always":false,"enableSMB_after_carbs":false,"maxSMBBasalMinutes":75,"maxUAMSMBBasalMinutes":75,"bolus_increment":0.05,"carbsReqThreshold":10,"current_basal":0.4,"temptargetSet":false,"autosens_max":1.2,"out_units":"mmol\/L"},"autosens_data":{"ratio":1},"meal_data":{"carbs":0,"mealCOB":0,"slopeFromMaxDeviation":-1.0905,"slopeFromMinDeviation":1.641125,"lastBolusTime":1703430368291,"lastCarbTime":0},"microBolusAllowed":true,"currentTime":1703522770279,"flatBGsDetected":false},"output":{"temp":"absolute","bg":106,"tick":-2,"eventualBG":89,"targetBG":100.8,"insulinReq":0,"deliverAt":"2023-12-25T16:46:10.279Z","sensitivityRatio":1,"predBGs":{"IOB":[106,104,102,100,98,97,95,94,93,92,91,90,90,89,89,88,88,87,87,86,86,86,86,85,85,85,85,85,85,84,84,84,84,84,84,84,84,84,84,84,84,84,83],"ZT":[106,104,103,101,100,99,98,98,97,97,97,97,98,98,99,100]},"COB":0,"IOB":0.156,"reason":"COB: 0, Dev: 0.1, BGI: -0.1, ISF: 6.5, CR: 20, Target: 5.6, minPredBG 4.7, minGuardBG 4.6, IOBpredBG 4.6; Eventual BG 4.9 < 5.6, setting 30m zero temp. ","duration":30,"rate":0,"timestamp":"2023-12-25T16:46:10.299Z"}}