{"algorithm":"OpenAPSSMBPlugin","input":{"glucoseStatus":{"glucose":142,"noise":0,"delta":-12.33,"short_avgdelta":-11.98,"long_avgdelta":-6.98,"date":1703546116339},"currenttemp":{"temp":"absolute","duration":110,"rate":0,"minutesrunning":10},"iob_data":[{"iob":0.719,"basaliob":0.719,"bolussnooze":0,"activity":0.0072,"lastBolusTime":0,"time":"2023-12-25T23:16:08.246Z","iobWithZeroTemp":{"iob":0.719,"basaliob":0.719,"bolussnooze":0,"activity":0.0072,"lastBolusTime":0,"time":"2023-12-25T23:16:08.246Z"}},{"iob":0.684,"basaliob":0.684,"bolussnooze":0,"activity":0.0071,"lastBolusTime":0,"time":"2023-12-25T23:21:08.246Z","iobWithZeroTemp":{"iob":0.667,"basaliob":0.667,"bolussnooze":0,"activity":0.0071,"lastBolusTime":0,"time":"2023-12-25T23:21:08.246Z"}},{"iob":0.648,"basaliob":0.648,"bolussnooze":0,"activity":0.007,"lastBolusTime":0,"time":"2023-12-25T23:26:08.246Z","iobWithZeroTemp":{"iob":0.61,"basaliob":0.61,"bolussnooze":0,"activity":0.0069,"lastBolusTime":0,"time":"2023-12-25T23:26:08.246Z"}},{"iob":0.614,"basaliob":0.614,"bolussnooze":0,"activity":0.0068,"lastBolusTime":0,"time":"2023-12-25T23:31:08.246Z","iobWithZeroTemp":{"iob":0.556,"basaliob":0.556,"bolussnooze":0,"activity":0.0067,"lastBolusTime":0,"time":"2023-12-25T23:31:08.246Z"}},{"iob":0.58,"basaliob":0.58,"bolussnooze":0,"activity":0.0066,"lastBolusTime":0,"time":"2023-12-25T23:36:08.246Z","iobWithZeroTemp":{"iob":0.501,"basaliob":0.501,"bolussnooze":0,"activity":0.0064,"lastBolusTime":0,"time":"2023-12-25T23:36:08.246Z"}},{"iob":0.548,"basaliob":0.548,"bolussnooze":0,"activity":0.0064,"lastBolusTime":0,"time":"2023-12-25T23:41:08.246Z","iobWithZeroTemp":{"iob":0.45,"basaliob":0.45,"bolussnooze":0,"activity":0.0061,"lastBolusTime":0,"time":"2023-12-25T23:41:08.246Z"}},{"iob":0.516,"basaliob":0.516,"bolussnooze":0,"activity":0.0062,"lastBolusTime":0,"time":"2023-12-25T23:46:08.246Z","iobWithZeroTemp":{"iob":0.398,"basaliob":0.398,"bolussnooze":0,"activity":0.0058,"lastBolusTime":0,"time":"2023-12-25T23:46:08.246Z"}},{"iob":0.486,"basaliob":0.486,"bolussnooze":0,"activity":0.0059,"lastBolusTime":0,"time":"2023-12-25T23:51:08.246Z","iobWithZeroTemp":{"iob":0.35,"basaliob":0.35,"bolussnooze":0,"activity":0.0053,"lastBolusTime":0,"time":"2023-12-25T23:51:08.246Z"}},{"iob":0.457,"basaliob":0.457,"bolussnooze":0,"activity":0.0057,"lastBolusTime":0,"time":"2023-12-25T23:56:08.246Z","iobWithZeroTemp":{"iob":0.303,"basaliob":0.303,"bolussnooze":0,"activity":0.005,"lastBolusTime":0,"time":"2023-12-25T23:56:08.246Z"}},{"iob":0.429,"basaliob":0.429,"bolussnooze":0,"activity":0.0055,"lastBolusTime":0,"time":"2023-12-26T00:01:08.246Z","iobWithZeroTemp":{"iob":0.258,"basaliob":0.258,"bolussnooze":0,"activity":0.0047,"lastBolusTime":0,"time":"2023-12-26T00:01:08.246Z"}},{"iob":0.402,"basaliob":0.402,"bolussnooze":0,"activity":0.0052,"lastBolusTime":0,"time":"2023-12-26T00:06:08.246Z","iobWithZeroTemp":{"iob":0.214,"basaliob":0.214,"bolussnooze":0,"activity":0.0042,"lastBolusTime":0,"time":"2023-12-26T00:06:08.246Z"}},{"iob":0.377,"basaliob":0.377,"bolussnooze":0,"activity":0.005,"lastBolusTime":0,"time":"2023-12-26T00:11:08.246Z","iobWithZeroTemp":{"iob":0.173,"basaliob":0.173,"bolussnooze":0,"activity":0.0039,"lastBolusTime":0,"time":"2023-12-26T00:11:08.246Z"}},{"iob":0.353,"basaliob":0.353,"bolussnooze":0,"activity":0.0047,"lastBolusTime":0,"time":"2023-12-26T00:16:08.246Z","iobWithZeroTemp":{"iob":0.134,"basaliob":0.134,"bolussnooze":0,"activity":0.0034,"lastBolusTime":0,"time":"2023-12-26T00:16:08.246Z"}},{"iob":0.33,"basaliob":0.33,"bolussnooze":0,"activity":0.0045,"lastBolusTime":0,"time":"2023-12-26T00:21:08.246Z","iobWithZeroTemp":{"iob":0.097,"basaliob":0.097,"bolussnooze":0,"activity":0.0031,"lastBolusTime":0,"time":"2023-12-26T00:21:08.246Z"}},{"iob":0.308,"basaliob":0.308,"bolussnooze":0,"activity":0.0042,"lastBolusTime":0,"time":"2023-12-26T00:26:08.246Z","iobWithZeroTemp":{"iob":0.061,"basaliob":0.061,"bolussnooze":0,"activity":0.0027,"lastBolusTime":0,"time":"2023-12-26T00:26:08.246Z"}},{"iob":0.287,"basaliob":0.287,"bolussnooze":0,"activity":0.004,"lastBolusTime":0,"time":"2023-12-26T00:31:08.246Z","iobWithZeroTemp":{"iob":0.027,"basaliob":0.027,"bolussnooze":0,"activity":0.0023,"lastBolusTime":0,"time":"2023-12-26T00:31:08.246Z"}},{"iob":0.268,"basaliob":0.268,"bolussnooze":0,"activity":0.0038,"lastBolusTime":0,"time":"2023-12-26T00:36:08.246Z","iobWithZeroTemp":{"iob":-0.004,"basaliob":-0.004,"bolussnooze":0,"activity":0.002,"lastBolusTime":0,"time":"2023-12-26T00:36:08.246Z"}},{"iob":0.249,"basaliob":0.249,"bolussnooze":0,"activity":0.0036,"lastBolusTime":0,"time":"2023-12-26T00:41:08.246Z","iobWithZeroTemp":{"iob":-0.035,"basaliob":-0.035,"bolussnooze":0,"activity":0.0017,"lastBolusTime":0,"time":"2023-12-26T00:41:08.246Z"}},{"iob":0.232,"basaliob":0.232,"bolussnooze":0,"activity":0.0034,"lastBolusTime":0,"time":"2023-12-26T00:46:08.246Z","iobWithZeroTemp":{"iob":-0.063,"basaliob":-0.063,"bolussnooze":0,"activity":0.0013,"lastBolusTime":0,"time":"2023-12-26T00:46:08.246Z"}},{"iob":0.216,"basaliob":0.216,"bolussnooze":0,"activity":0.0032,"lastBolusTime":0,"time":"2023-12-26T00:51:08.246Z","iobWithZeroTemp":{"iob":-0.089,"basaliob":-0.089,"bolussnooze":0,"activity":0.001,"lastBolusTime":0,"time":"2023-12-26T00:51:08.246Z"}},{"iob":0.201,"basaliob":0.201,"bolussnooze":0,"activity":0.003,"lastBolusTime":0,"time":"2023-12-26T00:56:08.246Z","iobWithZeroTemp":{"iob":-0.114,"basaliob":-0.114,"bolussnooze":0,"activity":7.0E-4,"lastBolusTime":0,"time":"2023-12-26T00:56:08.246Z"}},{"iob":0.186,"basaliob":0.186,"bolussnooze":0,"activity":0.0028,"lastBolusTime":0,"time":"2023-12-26T01:01:08.246Z","iobWithZeroTemp":{"iob":-0.138,"basaliob":-0.138,"bolussnooze":0,"activity":4.0E-4,"lastBolusTime":0,"time":"2023-12-26T01:01:08.246Z"}},{"iob":0.173,"basaliob":0.173,"bolussnooze":0,"activity":0.0026,"lastBolusTime":0,"time":"2023-12-26T01:06:08.246Z","iobWithZeroTemp":{"iob":-0.16,"basaliob":-0.16,"bolussnooze":0,"activity":1.0E-4,"lastBolusTime":0,"time":"2023-12-26T01:06:08.246Z"}},{"iob":0.16,"basaliob":0.16,"bolussnooze":0,"activity":0.0024,"lastBolusTime":0,"time":"2023-12-26T01:11:08.246Z","iobWithZeroTemp":{"iob":-0.181,"basaliob":-0.181,"bolussnooze":0,"activity":-2.0E-4,"lastBolusTime":0,"time":"2023-12-26T01:11:08.246Z"}},{"iob":0.148,"basaliob":0.148,"bolussnooze":0,"activity":0.0023,"lastBolusTime":0,"time":"2023-12-26T01:16:08.246Z","iobWithZeroTemp":{"iob":-0.201,"basaliob":-0.201,"bolussnooze":0,"activity":-4.0E-4,"lastBolusTime":0,"time":"2023-12-26T01:16:08.246Z"}},{"iob":0.137,"basaliob":0.137,"bolussnooze":0,"activity":0.0021,"lastBolusTime":0,"time":"2023-12-26T01:21:08.246Z","iobWithZeroTemp":{"iob":-0.219,"basaliob":-0.219,"bolussnooze":0,"activity":-7.0E-4,"lastBolusTime":0,"time":"2023-12-26T01:21:08.246Z"}},{"iob":0.127,"basaliob":0.127,"bolussnooze":0,"activity":0.002,"lastBolusTime":0,"time":"2023-12-26T01:26:08.246Z","iobWithZeroTemp":{"iob":-0.235,"basaliob":-0.235,"bolussnooze":0,"activity":-9.0E-4,"lastBolusTime":0,"time":"2023-12-26T01:26:08.246Z"}},{"iob":0.117,"basaliob":0.117,"bolussnooze":0,"activity":0.0019,"lastBolusTime":0,"time":"2023-12-26T01:31:08.246Z","iobWithZeroTemp":{"iob":-0.251,"basaliob":-0.251,"bolussnooze":0,"activity":-0.0011,"lastBolusTime":0,"time":"2023-12-26T01:31:08.246Z"}},{"iob":0.108,"basaliob":0.108,"bolussnooze":0,"activity":0.0017,"lastBolusTime":0,"time":"2023-12-26T01:36:08.246Z","iobWithZeroTemp":{"iob":-0.266,"basaliob":-0.266,"bolussnooze":0,"activity":-0.0014,"lastBolusTime":0,"time":"2023-12-26T01:36:08.246Z"}},{"iob":0.1,"basaliob":0.1,"bolussnooze":0,"activity":0.0016,"lastBolusTime":0,"time":"2023-12-26T01:41:08.246Z","iobWithZeroTemp":{"iob":-0.28,"basaliob":-0.28,"bolussnooze":0,"activity":-0.0016,"lastBolusTime":0,"time":"2023-12-26T01:41:08.246Z"}},{"iob":0.092,"basaliob":0.092,"bolussnooze":0,"activity":0.0015,"lastBolusTime":0,"time":"2023-12-26T01:46:08.246Z","iobWithZeroTemp":{"iob":-0.293,"basaliob":-0.293,"bolussnooze":0,"activity":-0.0017,"lastBolusTime":0,"time":"2023-12-26T01:46:08.246Z"}},{"iob":0.085,"basaliob":0.085,"bolussnooze":0,"activity":0.0014,"lastBolusTime":0,"time":"2023-12-26T01:51:08.246Z","iobWithZeroTemp":{"iob":-0.304,"basaliob":-0.304,"bolussnooze":0,"activity":-0.0019,"lastBolusTime":0,"time":"2023-12-26T01:51:08.246Z"}},{"iob":0.078,"basaliob":0.078,"bolussnooze":0,"activity":0.0013,"lastBolusTime":0,"time":"2023-12-26T01:56:08.246Z","iobWithZeroTemp":{"iob":-0.316,"basaliob":-0.316,"bolussnooze":0,"activity":-0.0021,"lastBolusTime":0,"time":"2023-12-26T01:56:08.246Z"}},{"iob":0.072,"basaliob":0.072,"bolussnooze":0,"activity":0.0012,"lastBolusTime":0,"time":"2023-12-26T02:01:08.246Z","iobWithZeroTemp":{"iob":-0.326,"basaliob":-0.326,"bolussnooze":0,"activity":-0.0022,"lastBolusTime":0,"time":"2023-12-26T02:01:08.246Z"}},{"iob":0.066,"basaliob":0.066,"bolussnooze":0,"activity":0.0011,"lastBolusTime":0,"time":"2023-12-26T02:06:08.246Z","iobWithZeroTemp":{"iob":-0.335,"basaliob":-0.335,"bolussnooze":0,"activity":-0.0024,"lastBolusTime":0,"time":"2023-12-26T02:06:08.246Z"}},{"iob":0.061,"basaliob":0.061,"bolussnooze":0,"activity":0.001,"lastBolusTime":0,"time":"2023-12-26T02:11:08.246Z","iobWithZeroTemp":{"iob":-0.344,"basaliob":-0.344,"bolussnooze":0,"activity":-0.0025,"lastBolusTime":0,"time":"2023-12-26T02:11:08.246Z"}},{"iob":0.056,"basaliob":0.056,"bolussnooze":0,"activity":0.001,"lastBolusTime":0,"time":"2023-12-26T02:16:08.246Z","iobWithZeroTemp":{"iob":-0.352,"basaliob":-0.352,"bolussnooze":0,"activity":-0.0026,"lastBolusTime":0,"time":"2023-12-26T02:16:08.246Z"}},{"iob":0.051,"basaliob":0.051,"bolussnooze":0,"activity":9.0E-4,"lastBolusTime":0,"time":"2023-12-26T02:21:08.246Z","iobWithZeroTemp":{"iob":-0.36,"basaliob":-0.36,"bolussnooze":0,"activity":-0.0027,"lastBolusTime":0,"time":"2023-12-26T02:21:08.246Z"}},{"iob":0.047,"basaliob":0.047,"bolussnooze":0,"activity":8.0E-4,"lastBolusTime":0,"time":"2023-12-26T02:26:08.246Z","iobWithZeroTemp":{"iob":-0.367,"basaliob":-0.367,"bolussnooze":0,"activity":-0.0029,"lastBolusTime":0,"time":"2023-12-26T02:26:08.246Z"}},{"iob":0.043,"basaliob":0.043,"bolussnooze":0,"activity":8.0E-4,"lastBolusTime":0,"time":"2023-12-26T02:31:08.246Z","iobWithZeroTemp":{"iob":-0.373,"basaliob":-0.373,"bolussnooze":0,"activity":-0.0029,"lastBolusTime":0,"time":"2023-12-26T02:31:08.246Z"}},{"iob":0.039,"basaliob":0.039,"bolussnooze":0,"activity":7.0E-4,"lastBolusTime":0,"time":"2023-12-26T02:36:08.246Z","iobWithZeroTemp":{"iob":-0.38,"basaliob":-0.38,"bolussnooze":0,"activity":-0.0031,"lastBolusTime":0,"time":"2023-12-26T02:36:08.246Z"}},{"iob":0.036,"basaliob":0.036,"bolussnooze":0,"activity":6.0E-4,"lastBolusTime":0,"time":"2023-12-26T02:41:08.246Z","iobWithZeroTemp":{"iob":-0.385,"basaliob":-0.385,"bolussnooze":0,"activity":-0.0032,"lastBolusTime":0,"time":"2023-12-26T02:41:08.246Z"}},{"iob":0.033,"basaliob":0.033,"bolussnooze":0,"activity":6.0E-4,"lastBolusTime":0,"time":"2023-12-26T02:46:08.246Z","iobWithZeroTemp":{"iob":-0.39,"basaliob":-0.39,"bolussnooze":0,"activity":-0.0032,"lastBolusTime":0,"time":"2023-12-26T02:46:08.246Z"}},{"iob":0.03,"basaliob":0.03,"bolussnooze":0,"activity":5.0E-4,"lastBolusTime":0,"time":"2023-12-26T02:51:08.246Z","iobWithZeroTemp":{"iob":-0.395,"basaliob":-0.395,"bolussnooze":0,"activity":-0.0034,"lastBolusTime":0,"time":"2023-12-26T02:51:08.246Z"}},{"iob":0.027,"basaliob":0.027,"bolussnooze":0,"activity":5.0E-4,"lastBolusTime":0,"time":"2023-12-26T02:56:08.246Z","iobWithZeroTemp":{"iob":-0.4,"basaliob":-0.4,"bolussnooze":0,"activity":-0.0034,"lastBolusTime":0,"time":"2023-12-26T02:56:08.246Z"}},{"iob":0.025,"basaliob":0.025,"bolussnooze":0,"activity":5.0E-4,"lastBolusTime":0,"time":"2023-12-26T03:01:08.246Z","iobWithZeroTemp":{"iob":-0.403,"basaliob":-0.403,"bolussnooze":0,"activity":-0.0034,"lastBolusTime":0,"time":"2023-12-26T03:01:08.246Z"}},{"iob":0.023,"basaliob":0.023,"bolussnooze":0,"activity":4.0E-4,"lastBolusTime":0,"time":"2023-12-26T03:06:08.246Z","iobWithZeroTemp":{"iob":-0.407,"basaliob":-0.407,"bolussnooze":0,"activity":-0.0035,"lastBolusTime":0,"time":"2023-12-26T03:06:08.246Z"}},{"iob":0.021,"basaliob":0.021,"bolussnooze":0,"activity":4.0E-4,"lastBolusTime":0,"time":"2023-12-26T03:11:08.246Z","iobWithZeroTemp":{"iob":-0.41,"basaliob":-0.41,"bolussnooze":0,"activity":-0.0036,"lastBolusTime":0,"time":"2023-12-26T03:11:08.246Z"}}],"profile":{"max_iob":4,"type":"current","max_daily_basal":0.5,"max_basal":1,"min_bg":99,"max_bg":99,"target_bg":99,"carb_ratio":25,"sens":142.20000000000002,"max_daily_safety_multiplier":3,"current_basal_safety_multiplier":4,"high_temptarget_raises_sensitivity":false,"low_temptarget_lowers_sensitivity":false,"sensitivity_raises_target":true,"resistance_lowers_target":true,"adv_target_adjustments":false,"exercise_mode":false,"half_basal_exercise_target":160,"maxCOB":120,"skip_neutral_temps":false,"remainingCarbsCap":90,"enableUAM":true,"A52_risk_enable":false,"SMBInterval":3,"enableSMB_with_COB":true,"enableSMB_with_temptarget":true,"allowSMB_with_high_temptarget":false,"enableSMB_always":false,"enableSMB_after_carbs":false,"maxSMBBasalMinutes":75,"maxUAMSMBBasalMinutes":75,"bolus_increment":0.05,"carbsReqThreshold":10,"current_basal":0.25,"temptargetSet":false,"autosens_max":1.2,"out_units":"mmol\/L"},"autosens_data":{"ratio":1.01},"meal_data":{"carbs":0,"mealCOB":0,"slopeFromMaxDeviation":-2.3241666666666667,"slopeFromMinDeviation":0,"lastBolusTime":1703430368291,"lastCarbTime":0},"microBolusAllowed":true,"currentTime":1703546169528,"flatBGsDetected":false},"output":{"temp":"absolute","bg":142,"tick":-12,"eventualBG":30,"targetBG":99,"insulinReq":0,"deliverAt":"2023-12-25T23:16:09.528Z","sensitivityRatio":1.01,"predBGs":{"IOB":[142,130,119,109,99,90,82,75,68,62,57,53,49,46,43,40,39],"ZT":[142,137,132,127,122,118,114,109,106,102,99,96,93,91,89,87,85,84,82,82,81,80,80,80,80,80,81,82,82,83,84,86,87,88,90,92,93,95,97,99]},"COB":0,"IOB":0.719,"reason":"COB: 0, Dev: -0.6, BGI: -0.3, ISF: 7.8, CR: 25, Target: 5.5, minPredBG 2.9, minGuardBG 0.1, IOBpredBG 2.2; minGuardBG 0.1<3.9","duration":120,"rate":0,"timestamp":"2023-12-25T23:16:09.549Z"}}