{"algorithm":"OpenAPSSMBPlugin","input":{"glucoseStatus":{"glucose":98,"noise":0,"delta":0.33,"short_avgdelta":1.48,"long_avgdelta":1.27,"date":1703525116097},"currenttemp":{"temp":"absolute","duration":25,"rate":0.5,"minutesrunning":5},"iob_data":[{"iob":0.042,"basaliob":0.042,"bolussnooze":0,"activity":8.0E-4,"lastBolusTime":0,"time":"2023-12-25T17:26:08.650Z","iobWithZeroTemp":{"iob":0.042,"basaliob":0.042,"bolussnooze":0,"activity":8.0E-4,"lastBolusTime":0,"time":"2023-12-25T17:26:08.650Z"}},{"iob":0.039,"basaliob":0.039,"bolussnooze":0,"activity":7.0E-4,"lastBolusTime":0,"time":"2023-12-25T17:31:08.650Z","iobWithZeroTemp":{"iob":0.012,"basaliob":0.012,"bolussnooze":0,"activity":7.0E-4,"lastBolusTime":0,"time":"2023-12-25T17:31:08.650Z"}},{"iob":0.035,"basaliob":0.035,"bolussnooze":0,"activity":7.0E-4,"lastBolusTime":0,"time":"2023-12-25T17:36:08.650Z","iobWithZeroTemp":{"iob":-0.025,"basaliob":-0.025,"bolussnooze":0,"activity":6.0E-4,"lastBolusTime":0,"time":"2023-12-25T17:36:08.650Z"}},{"iob":0.032,"basaliob":0.032,"bolussnooze":0,"activity":6.0E-4,"lastBolusTime":0,"time":"2023-12-25T17:41:08.650Z","iobWithZeroTemp":{"iob":-0.06,"basaliob":-0.06,"bolussnooze":0,"activity":4.0E-4,"lastBolusTime":0,"time":"2023-12-25T17:41:08.650Z"}},{"iob":0.029,"basaliob":0.029,"bolussnooze":0,"activity":6.0E-4,"lastBolusTime":0,"time":"2023-12-25T17:46:08.650Z","iobWithZeroTemp":{"iob":-0.096,"basaliob":-0.096,"bolussnooze":0,"activity":3.0E-4,"lastBolusTime":0,"time":"2023-12-25T17:46:08.650Z"}},{"iob":0.026,"basaliob":0.026,"bolussnooze":0,"activity":5.0E-4,"lastBolusTime":0,"time":"2023-12-25T17:51:08.650Z","iobWithZeroTemp":{"iob":-0.13,"basaliob":-0.13,"bolussnooze":0,"activity":0,"lastBolusTime":0,"time":"2023-12-25T17:51:08.650Z"}},{"iob":0.024,"basaliob":0.024,"bolussnooze":0,"activity":5.0E-4,"lastBolusTime":0,"time":"2023-12-25T17:56:08.650Z","iobWithZeroTemp":{"iob":-0.162,"basaliob":-0.162,"bolussnooze":0,"activity":-2.0E-4,"lastBolusTime":0,"time":"2023-12-25T17:56:08.650Z"}},{"iob":0.022,"basaliob":0.022,"bolussnooze":0,"activity":4.0E-4,"lastBolusTime":0,"time":"2023-12-25T18:01:08.650Z","iobWithZeroTemp":{"iob":-0.194,"basaliob":-0.194,"bolussnooze":0,"activity":-5.0E-4,"lastBolusTime":0,"time":"2023-12-25T18:01:08.650Z"}},{"iob":0.02,"basaliob":0.02,"bolussnooze":0,"activity":4.0E-4,"lastBolusTime":0,"time":"2023-12-25T18:06:08.650Z","iobWithZeroTemp":{"iob":-0.224,"basaliob":-0.224,"bolussnooze":0,"activity":-7.0E-4,"lastBolusTime":0,"time":"2023-12-25T18:06:08.650Z"}},{"iob":0.018,"basaliob":0.018,"bolussnooze":0,"activity":4.0E-4,"lastBolusTime":0,"time":"2023-12-25T18:11:08.650Z","iobWithZeroTemp":{"iob":-0.254,"basaliob":-0.254,"bolussnooze":0,"activity":-9.0E-4,"lastBolusTime":0,"time":"2023-12-25T18:11:08.650Z"}},{"iob":0.016,"basaliob":0.016,"bolussnooze":0,"activity":3.0E-4,"lastBolusTime":0,"time":"2023-12-25T18:16:08.650Z","iobWithZeroTemp":{"iob":-0.282,"basaliob":-0.282,"bolussnooze":0,"activity":-0.0012,"lastBolusTime":0,"time":"2023-12-25T18:16:08.650Z"}},{"iob":0.015,"basaliob":0.015,"bolussnooze":0,"activity":3.0E-4,"lastBolusTime":0,"time":"2023-12-25T18:21:08.650Z","iobWithZeroTemp":{"iob":-0.308,"basaliob":-0.308,"bolussnooze":0,"activity":-0.0015,"lastBolusTime":0,"time":"2023-12-25T18:21:08.650Z"}},{"iob":0.013,"basaliob":0.013,"bolussnooze":0,"activity":3.0E-4,"lastBolusTime":0,"time":"2023-12-25T18:26:08.650Z","iobWithZeroTemp":{"iob":-0.334,"basaliob":-0.334,"bolussnooze":0,"activity":-0.0017,"lastBolusTime":0,"time":"2023-12-25T18:26:08.650Z"}},{"iob":0.012,"basaliob":0.012,"bolussnooze":0,"activity":2.0E-4,"lastBolusTime":0,"time":"2023-12-25T18:31:08.650Z","iobWithZeroTemp":{"iob":-0.358,"basaliob":-0.358,"bolussnooze":0,"activity":-0.002,"lastBolusTime":0,"time":"2023-12-25T18:31:08.650Z"}},{"iob":0.011,"basaliob":0.011,"bolussnooze":0,"activity":2.0E-4,"lastBolusTime":0,"time":"2023-12-25T18:36:08.650Z","iobWithZeroTemp":{"iob":-0.38,"basaliob":-0.38,"bolussnooze":0,"activity":-0.0022,"lastBolusTime":0,"time":"2023-12-25T18:36:08.650Z"}},{"iob":0.01,"basaliob":0.01,"bolussnooze":0,"activity":2.0E-4,"lastBolusTime":0,"time":"2023-12-25T18:41:08.650Z","iobWithZeroTemp":{"iob":-0.402,"basaliob":-0.402,"bolussnooze":0,"activity":-0.0025,"lastBolusTime":0,"time":"2023-12-25T18:41:08.650Z"}},{"iob":0.009,"basaliob":0.009,"bolussnooze":0,"activity":2.0E-4,"lastBolusTime":0,"time":"2023-12-25T18:46:08.650Z","iobWithZeroTemp":{"iob":-0.422,"basaliob":-0.422,"bolussnooze":0,"activity":-0.0027,"lastBolusTime":0,"time":"2023-12-25T18:46:08.650Z"}},{"iob":0.008,"basaliob":0.008,"bolussnooze":0,"activity":2.0E-4,"lastBolusTime":0,"time":"2023-12-25T18:51:08.650Z","iobWithZeroTemp":{"iob":-0.442,"basaliob":-0.442,"bolussnooze":0,"activity":-0.0029,"lastBolusTime":0,"time":"2023-12-25T18:51:08.650Z"}},{"iob":0.007,"basaliob":0.007,"bolussnooze":0,"activity":2.0E-4,"lastBolusTime":0,"time":"2023-12-25T18:56:08.650Z","iobWithZeroTemp":{"iob":-0.46,"basaliob":-0.46,"bolussnooze":0,"activity":-0.0031,"lastBolusTime":0,"time":"2023-12-25T18:56:08.650Z"}},{"iob":0.006,"basaliob":0.006,"bolussnooze":0,"activity":1.0E-4,"lastBolusTime":0,"time":"2023-12-25T19:01:08.650Z","iobWithZeroTemp":{"iob":-0.478,"basaliob":-0.478,"bolussnooze":0,"activity":-0.0034,"lastBolusTime":0,"time":"2023-12-25T19:01:08.650Z"}},{"iob":0.005,"basaliob":0.005,"bolussnooze":0,"activity":1.0E-4,"lastBolusTime":0,"time":"2023-12-25T19:06:08.650Z","iobWithZeroTemp":{"iob":-0.494,"basaliob":-0.494,"bolussnooze":0,"activity":-0.0036,"lastBolusTime":0,"time":"2023-12-25T19:06:08.650Z"}},{"iob":0.005,"basaliob":0.005,"bolussnooze":0,"activity":1.0E-4,"lastBolusTime":0,"time":"2023-12-25T19:11:08.650Z","iobWithZeroTemp":{"iob":-0.509,"basaliob":-0.509,"bolussnooze":0,"activity":-0.0038,"lastBolusTime":0,"time":"2023-12-25T19:11:08.650Z"}},{"iob":0.004,"basaliob":0.004,"bolussnooze":0,"activity":1.0E-4,"lastBolusTime":0,"time":"2023-12-25T19:16:08.650Z","iobWithZeroTemp":{"iob":-0.523,"basaliob":-0.523,"bolussnooze":0,"activity":-0.0039,"lastBolusTime":0,"time":"2023-12-25T19:16:08.650Z"}},{"iob":0.004,"basaliob":0.004,"bolussnooze":0,"activity":1.0E-4,"lastBolusTime":0,"time":"2023-12-25T19:21:08.650Z","iobWithZeroTemp":{"iob":-0.536,"basaliob":-0.536,"bolussnooze":0,"activity":-0.0041,"lastBolusTime":0,"time":"2023-12-25T19:21:08.650Z"}},{"iob":0.003,"basaliob":0.003,"bolussnooze":0,"activity":1.0E-4,"lastBolusTime":0,"time":"2023-12-25T19:26:08.650Z","iobWithZeroTemp":{"iob":-0.549,"basaliob":-0.549,"bolussnooze":0,"activity":-0.0042,"lastBolusTime":0,"time":"2023-12-25T19:26:08.650Z"}},{"iob":0.003,"basaliob":0.003,"bolussnooze":0,"activity":1.0E-4,"lastBolusTime":0,"time":"2023-12-25T19:31:08.650Z","iobWithZeroTemp":{"iob":-0.56,"basaliob":-0.56,"bolussnooze":0,"activity":-0.0044,"lastBolusTime":0,"time":"2023-12-25T19:31:08.650Z"}},{"iob":0.003,"basaliob":0.003,"bolussnooze":0,"activity":1.0E-4,"lastBolusTime":0,"time":"2023-12-25T19:36:08.650Z","iobWithZeroTemp":{"iob":-0.571,"basaliob":-0.571,"bolussnooze":0,"activity":-0.0045,"lastBolusTime":0,"time":"2023-12-25T19:36:08.650Z"}},{"iob":0.002,"basaliob":0.002,"bolussnooze":0,"activity":1.0E-4,"lastBolusTime":0,"time":"2023-12-25T19:41:08.650Z","iobWithZeroTemp":{"iob":-0.582,"basaliob":-0.582,"bolussnooze":0,"activity":-0.0047,"lastBolusTime":0,"time":"2023-12-25T19:41:08.650Z"}},{"iob":0.002,"basaliob":0.002,"bolussnooze":0,"activity":1.0E-4,"lastBolusTime":0,"time":"2023-12-25T19:46:08.650Z","iobWithZeroTemp":{"iob":-0.591,"basaliob":-0.591,"bolussnooze":0,"activity":-0.0048,"lastBolusTime":0,"time":"2023-12-25T19:46:08.650Z"}},{"iob":0.002,"basaliob":0.002,"bolussnooze":0,"activity":0,"lastBolusTime":0,"time":"2023-12-25T19:51:08.650Z","iobWithZeroTemp":{"iob":-0.599,"basaliob":-0.599,"bolussnooze":0,"activity":-0.005,"lastBolusTime":0,"time":"2023-12-25T19:51:08.650Z"}},{"iob":0.001,"basaliob":0.001,"bolussnooze":0,"activity":0,"lastBolusTime":0,"time":"2023-12-25T19:56:08.650Z","iobWithZeroTemp":{"iob":-0.608,"basaliob":-0.608,"bolussnooze":0,"activity":-0.0051,"lastBolusTime":0,"time":"2023-12-25T19:56:08.650Z"}},{"iob":0.001,"basaliob":0.001,"bolussnooze":0,"activity":0,"lastBolusTime":0,"time":"2023-12-25T20:01:08.650Z","iobWithZeroTemp":{"iob":-0.616,"basaliob":-0.616,"bolussnooze":0,"activity":-0.0052,"lastBolusTime":0,"time":"2023-12-25T20:01:08.650Z"}},{"iob":0.001,"basaliob":0.001,"bolussnooze":0,"activity":0,"lastBolusTime":0,"time":"2023-12-25T20:06:08.650Z","iobWithZeroTemp":{"iob":-0.631,"basaliob":-0.631,"bolussnooze":0,"activity":-0.0053,"lastBolusTime":0,"time":"2023-12-25T20:06:08.650Z"}},{"iob":0.001,"basaliob":0.001,"bolussnooze":0,"activity":0,"lastBolusTime":0,"time":"2023-12-25T20:11:08.650Z","iobWithZeroTemp":{"iob":-0.645,"basaliob":-0.645,"bolussnooze":0,"activity":-0.0055,"lastBolusTime":0,"time":"2023-12-25T20:11:08.650Z"}},{"iob":0.001,"basaliob":0.001,"bolussnooze":0,"activity":0,"lastBolusTime":0,"time":"2023-12-25T20:16:08.650Z","iobWithZeroTemp":{"iob":-0.66,"basaliob":-0.66,"bolussnooze":0,"activity":-0.0056,"lastBolusTime":0,"time":"2023-12-25T20:16:08.650Z"}},{"iob":0.001,"basaliob":0.001,"bolussnooze":0,"activity":0,"lastBolusTime":0,"time":"2023-12-25T20:21:08.650Z","iobWithZeroTemp":{"iob":-0.673,"basaliob":-0.673,"bolussnooze":0,"activity":-0.0057,"lastBolusTime":0,"time":"2023-12-25T20:21:08.650Z"}},{"iob":0,"basaliob":0,"bolussnooze":0,"activity":0,"lastBolusTime":0,"time":"2023-12-25T20:26:08.650Z","iobWithZeroTemp":{"iob":-0.687,"basaliob":-0.687,"bolussnooze":0,"activity":-0.0058,"lastBolusTime":0,"time":"2023-12-25T20:26:08.650Z"}},{"iob":0,"basaliob":0,"bolussnooze":0,"activity":0,"lastBolusTime":0,"time":"2023-12-25T20:31:08.650Z","iobWithZeroTemp":{"iob":-0.699,"basaliob":-0.699,"bolussnooze":0,"activity":-0.0059,"lastBolusTime":0,"time":"2023-12-25T20:31:08.650Z"}},{"iob":0,"basaliob":0,"bolussnooze":0,"activity":0,"lastBolusTime":0,"time":"2023-12-25T20:36:08.650Z","iobWithZeroTemp":{"iob":-0.711,"basaliob":-0.711,"bolussnooze":0,"activity":-0.0061,"lastBolusTime":0,"time":"2023-12-25T20:36:08.650Z"}},{"iob":0,"basaliob":0,"bolussnooze":0,"activity":0,"lastBolusTime":0,"time":"2023-12-25T20:41:08.650Z","iobWithZeroTemp":{"iob":-0.722,"basaliob":-0.722,"bolussnooze":0,"activity":-0.0062,"lastBolusTime":0,"time":"2023-12-25T20:41:08.650Z"}},{"iob":0,"basaliob":0,"bolussnooze":0,"activity":0,"lastBolusTime":0,"time":"2023-12-25T20:46:08.650Z","iobWithZeroTemp":{"iob":-0.732,"basaliob":-0.732,"bolussnooze":0,"activity":-0.0063,"lastBolusTime":0,"time":"2023-12-25T20:46:08.650Z"}},{"iob":0,"basaliob":0,"bolussnooze":0,"activity":0,"lastBolusTime":0,"time":"2023-12-25T20:51:08.650Z","iobWithZeroTemp":{"iob":-0.742,"basaliob":-0.742,"bolussnooze":0,"activity":-0.0064,"lastBolusTime":0,"time":"2023-12-25T20:51:08.650Z"}},{"iob":0,"basaliob":0,"bolussnooze":0,"activity":0,"lastBolusTime":0,"time":"2023-12-25T20:56:08.650Z","iobWithZeroTemp":{"iob":-0.752,"basaliob":-0.752,"bolussnooze":0,"activity":-0.0065,"lastBolusTime":0,"time":"2023-12-25T20:56:08.650Z"}},{"iob":0,"basaliob":0,"bolussnooze":0,"activity":0,"lastBolusTime":0,"time":"2023-12-25T21:01:08.650Z","iobWithZeroTemp":{"iob":-0.761,"basaliob":-0.761,"bolussnooze":0,"activity":-0.0066,"lastBolusTime":0,"time":"2023-12-25T21:01:08.650Z"}},{"iob":0,"basaliob":0,"bolussnooze":0,"activity":0,"lastBolusTime":0,"time":"2023-12-25T21:06:08.650Z","iobWithZeroTemp":{"iob":-0.769,"basaliob":-0.769,"bolussnooze":0,"activity":-0.0067,"lastBolusTime":0,"time":"2023-12-25T21:06:08.650Z"}},{"iob":0,"basaliob":0,"bolussnooze":0,"activity":0,"lastBolusTime":0,"time":"2023-12-25T21:11:08.650Z","iobWithZeroTemp":{"iob":-0.777,"basaliob":-0.777,"bolussnooze":0,"activity":-0.0068,"lastBolusTime":0,"time":"2023-12-25T21:11:08.650Z"}},{"iob":0,"basaliob":0,"bolussnooze":0,"activity":0,"lastBolusTime":0,"time":"2023-12-25T21:16:08.650Z","iobWithZeroTemp":{"iob":-0.784,"basaliob":-0.784,"bolussnooze":0,"activity":-0.0069,"lastBolusTime":0,"time":"2023-12-25T21:16:08.650Z"}},{"iob":0,"basaliob":0,"bolussnooze":0,"activity":0,"lastBolusTime":0,"time":"2023-12-25T21:21:08.650Z","iobWithZeroTemp":{"iob":-0.791,"basaliob":-0.791,"bolussnooze":0,"activity":-0.007,"lastBolusTime":0,"time":"2023-12-25T21:21:08.650Z"}}],"profile":{"max_iob":4,"type":"current","max_daily_basal":0.5,"max_basal":1.5,"min_bg":90,"max_bg":90,"target_bg":90,"carb_ratio":20,"sens":117,"max_daily_safety_multiplier":3,"current_basal_safety_multiplier":4,"high_temptarget_raises_sensitivity":false,"low_temptarget_lowers_sensitivity":false,"sensitivity_raises_target":true,"resistance_lowers_target":true,"adv_target_adjustments":false,"exercise_mode":false,"half_basal_exercise_target":160,"maxCOB":120,"skip_neutral_temps":false,"remainingCarbsCap":90,"enableUAM":true,"A52_risk_enable":false,"SMBInterval":3,"enableSMB_with_COB":true,"enableSMB_with_temptarget":true,"allowSMB_with_high_temptarget":false,"enableSMB_always":false,"enableSMB_after_carbs":false,"maxSMBBasalMinutes":75,"maxUAMSMBBasalMinutes":75,"bolus_increment":0.05,"carbsReqThreshold":10,"current_basal":0.4,"temptargetSet":false,"autosens_max":1.2,"out_units":"mmol\/L"},"autosens_data":{"ratio":1},"meal_data":{"carbs":0,"mealCOB":0,"slopeFromMaxDeviation":-1.837,"slopeFromMinDeviation":1.5927999999999998,"lastBolusTime":1703430368291,"lastCarbTime":0},"microBolusAllowed":true,"currentTime":1703525169947,"flatBGsDetected":false},"output":{"temp":"absolute","bg":98,"tick":"+0","eventualBG":98,"targetBG":90,"insulinReq":0.05,"deliverAt":"2023-12-25T17:26:09.947Z","sensitivityRatio":1,"predBGs":{"IOB":[98,98,99,99,99,99,99,99,99,99,99,99,99,99,98,98,98,98,98,98,98,98,98,98,98,98,97],"ZT":[98,98,97,97,97,96,96,96,97,97,98,98],"UAM":[98,98,97,97,96,96,96,95,95,95,95,95,94,94,94,94,94,94,94,93]},"COB":0,"IOB":0.042,"reason":"COB: 0, Dev: 0.3, BGI: 0.0, ISF: 6.5, CR: 20, Target: 5.0, minPredBG 5.3, minGuardBG 5.2, IOBpredBG 5.4, UAMpredBG 5.2; Eventual BG 5.4 >= 5.0, temp 0.50 >~ req 0.5U\/hr. ","timestamp":"2023-12-25T17:26:09.979Z"}}