{"algorithm":"OpenAPSSMBPlugin","input":{"glucoseStatus":{"glucose":118,"noise":0,"delta":-3.33,"short_avgdelta":-3.41,"long_avgdelta":-3.17,"date":1703465115375},"currenttemp":{"temp":"absolute","duration":20,"rate":0.05,"minutesrunning":10},"iob_data":[{"iob":0.237,"basaliob":0.237,"bolussnooze":0,"activity":0.0034,"lastBolusTime":0,"time":"2023-12-25T00:46:07.878Z","iobWithZeroTemp":{"iob":0.237,"basaliob":0.237,"bolussnooze":0,"activity":0.0034,"lastBolusTime":0,"time":"2023-12-25T00:46:07.878Z"}},{"iob":0.221,"basaliob":0.221,"bolussnooze":0,"activity":0.0032,"lastBolusTime":0,"time":"2023-12-25T00:51:07.878Z","iobWithZeroTemp":{"iob":0.204,"basaliob":0.204,"bolussnooze":0,"activity":0.0032,"lastBolusTime":0,"time":"2023-12-25T00:51:07.878Z"}},{"iob":0.206,"basaliob":0.206,"bolussnooze":0,"activity":0.003,"lastBolusTime":0,"time":"2023-12-25T00:56:07.878Z","iobWithZeroTemp":{"iob":0.168,"basaliob":0.168,"bolussnooze":0,"activity":0.0029,"lastBolusTime":0,"time":"2023-12-25T00:56:07.878Z"}},{"iob":0.191,"basaliob":0.191,"bolussnooze":0,"activity":0.0028,"lastBolusTime":0,"time":"2023-12-25T01:01:07.878Z","iobWithZeroTemp":{"iob":0.132,"basaliob":0.132,"bolussnooze":0,"activity":0.0027,"lastBolusTime":0,"time":"2023-12-25T01:01:07.878Z"}},{"iob":0.178,"basaliob":0.178,"bolussnooze":0,"activity":0.0026,"lastBolusTime":0,"time":"2023-12-25T01:06:07.878Z","iobWithZeroTemp":{"iob":0.099,"basaliob":0.099,"bolussnooze":0,"activity":0.0024,"lastBolusTime":0,"time":"2023-12-25T01:06:07.878Z"}},{"iob":0.165,"basaliob":0.165,"bolussnooze":0,"activity":0.0025,"lastBolusTime":0,"time":"2023-12-25T01:11:07.878Z","iobWithZeroTemp":{"iob":0.066,"basaliob":0.066,"bolussnooze":0,"activity":0.0022,"lastBolusTime":0,"time":"2023-12-25T01:11:07.878Z"}},{"iob":0.153,"basaliob":0.153,"bolussnooze":0,"activity":0.0023,"lastBolusTime":0,"time":"2023-12-25T01:16:07.878Z","iobWithZeroTemp":{"iob":0.034,"basaliob":0.034,"bolussnooze":0,"activity":0.0019,"lastBolusTime":0,"time":"2023-12-25T01:16:07.878Z"}},{"iob":0.142,"basaliob":0.142,"bolussnooze":0,"activity":0.0022,"lastBolusTime":0,"time":"2023-12-25T01:21:07.878Z","iobWithZeroTemp":{"iob":0.004,"basaliob":0.004,"bolussnooze":0,"activity":0.0016,"lastBolusTime":0,"time":"2023-12-25T01:21:07.878Z"}},{"iob":0.131,"basaliob":0.131,"bolussnooze":0,"activity":0.002,"lastBolusTime":0,"time":"2023-12-25T01:26:07.878Z","iobWithZeroTemp":{"iob":-0.025,"basaliob":-0.025,"bolussnooze":0,"activity":0.0013,"lastBolusTime":0,"time":"2023-12-25T01:26:07.878Z"}},{"iob":0.122,"basaliob":0.122,"bolussnooze":0,"activity":0.0019,"lastBolusTime":0,"time":"2023-12-25T01:31:07.878Z","iobWithZeroTemp":{"iob":-0.051,"basaliob":-0.051,"bolussnooze":0,"activity":0.0011,"lastBolusTime":0,"time":"2023-12-25T01:31:07.878Z"}},{"iob":0.112,"basaliob":0.112,"bolussnooze":0,"activity":0.0018,"lastBolusTime":0,"time":"2023-12-25T01:36:07.878Z","iobWithZeroTemp":{"iob":-0.078,"basaliob":-0.078,"bolussnooze":0,"activity":8.0E-4,"lastBolusTime":0,"time":"2023-12-25T01:36:07.878Z"}},{"iob":0.104,"basaliob":0.104,"bolussnooze":0,"activity":0.0016,"lastBolusTime":0,"time":"2023-12-25T01:41:07.878Z","iobWithZeroTemp":{"iob":-0.102,"basaliob":-0.102,"bolussnooze":0,"activity":5.0E-4,"lastBolusTime":0,"time":"2023-12-25T01:41:07.878Z"}},{"iob":0.096,"basaliob":0.096,"bolussnooze":0,"activity":0.0015,"lastBolusTime":0,"time":"2023-12-25T01:46:07.878Z","iobWithZeroTemp":{"iob":-0.125,"basaliob":-0.125,"bolussnooze":0,"activity":2.0E-4,"lastBolusTime":0,"time":"2023-12-25T01:46:07.878Z"}},{"iob":0.089,"basaliob":0.089,"bolussnooze":0,"activity":0.0014,"lastBolusTime":0,"time":"2023-12-25T01:51:07.878Z","iobWithZeroTemp":{"iob":-0.147,"basaliob":-0.147,"bolussnooze":0,"activity":0,"lastBolusTime":0,"time":"2023-12-25T01:51:07.878Z"}},{"iob":0.082,"basaliob":0.082,"bolussnooze":0,"activity":0.0013,"lastBolusTime":0,"time":"2023-12-25T01:56:07.878Z","iobWithZeroTemp":{"iob":-0.168,"basaliob":-0.168,"bolussnooze":0,"activity":-3.0E-4,"lastBolusTime":0,"time":"2023-12-25T01:56:07.878Z"}},{"iob":0.075,"basaliob":0.075,"bolussnooze":0,"activity":0.0012,"lastBolusTime":0,"time":"2023-12-25T02:01:07.878Z","iobWithZeroTemp":{"iob":-0.188,"basaliob":-0.188,"bolussnooze":0,"activity":-5.0E-4,"lastBolusTime":0,"time":"2023-12-25T02:01:07.878Z"}},{"iob":0.069,"basaliob":0.069,"bolussnooze":0,"activity":0.0011,"lastBolusTime":0,"time":"2023-12-25T02:06:07.878Z","iobWithZeroTemp":{"iob":-0.206,"basaliob":-0.206,"bolussnooze":0,"activity":-7.0E-4,"lastBolusTime":0,"time":"2023-12-25T02:06:07.878Z"}},{"iob":0.064,"basaliob":0.064,"bolussnooze":0,"activity":0.0011,"lastBolusTime":0,"time":"2023-12-25T02:11:07.878Z","iobWithZeroTemp":{"iob":-0.223,"basaliob":-0.223,"bolussnooze":0,"activity":-9.0E-4,"lastBolusTime":0,"time":"2023-12-25T02:11:07.878Z"}},{"iob":0.059,"basaliob":0.059,"bolussnooze":0,"activity":0.001,"lastBolusTime":0,"time":"2023-12-25T02:16:07.878Z","iobWithZeroTemp":{"iob":-0.239,"basaliob":-0.239,"bolussnooze":0,"activity":-0.0011,"lastBolusTime":0,"time":"2023-12-25T02:16:07.878Z"}},{"iob":0.054,"basaliob":0.054,"bolussnooze":0,"activity":9.0E-4,"lastBolusTime":0,"time":"2023-12-25T02:21:07.878Z","iobWithZeroTemp":{"iob":-0.254,"basaliob":-0.254,"bolussnooze":0,"activity":-0.0013,"lastBolusTime":0,"time":"2023-12-25T02:21:07.878Z"}},{"iob":0.049,"basaliob":0.049,"bolussnooze":0,"activity":8.0E-4,"lastBolusTime":0,"time":"2023-12-25T02:26:07.878Z","iobWithZeroTemp":{"iob":-0.269,"basaliob":-0.269,"bolussnooze":0,"activity":-0.0015,"lastBolusTime":0,"time":"2023-12-25T02:26:07.878Z"}},{"iob":0.045,"basaliob":0.045,"bolussnooze":0,"activity":8.0E-4,"lastBolusTime":0,"time":"2023-12-25T02:31:07.878Z","iobWithZeroTemp":{"iob":-0.282,"basaliob":-0.282,"bolussnooze":0,"activity":-0.0017,"lastBolusTime":0,"time":"2023-12-25T02:31:07.878Z"}},{"iob":0.042,"basaliob":0.042,"bolussnooze":0,"activity":7.0E-4,"lastBolusTime":0,"time":"2023-12-25T02:36:07.878Z","iobWithZeroTemp":{"iob":-0.294,"basaliob":-0.294,"bolussnooze":0,"activity":-0.0019,"lastBolusTime":0,"time":"2023-12-25T02:36:07.878Z"}},{"iob":0.038,"basaliob":0.038,"bolussnooze":0,"activity":7.0E-4,"lastBolusTime":0,"time":"2023-12-25T02:41:07.878Z","iobWithZeroTemp":{"iob":-0.306,"basaliob":-0.306,"bolussnooze":0,"activity":-0.002,"lastBolusTime":0,"time":"2023-12-25T02:41:07.878Z"}},{"iob":0.035,"basaliob":0.035,"bolussnooze":0,"activity":6.0E-4,"lastBolusTime":0,"time":"2023-12-25T02:46:07.878Z","iobWithZeroTemp":{"iob":-0.317,"basaliob":-0.317,"bolussnooze":0,"activity":-0.0022,"lastBolusTime":0,"time":"2023-12-25T02:46:07.878Z"}},{"iob":0.032,"basaliob":0.032,"bolussnooze":0,"activity":6.0E-4,"lastBolusTime":0,"time":"2023-12-25T02:51:07.878Z","iobWithZeroTemp":{"iob":-0.327,"basaliob":-0.327,"bolussnooze":0,"activity":-0.0023,"lastBolusTime":0,"time":"2023-12-25T02:51:07.878Z"}},{"iob":0.029,"basaliob":0.029,"bolussnooze":0,"activity":5.0E-4,"lastBolusTime":0,"time":"2023-12-25T02:56:07.878Z","iobWithZeroTemp":{"iob":-0.337,"basaliob":-0.337,"bolussnooze":0,"activity":-0.0025,"lastBolusTime":0,"time":"2023-12-25T02:56:07.878Z"}},{"iob":0.027,"basaliob":0.027,"bolussnooze":0,"activity":5.0E-4,"lastBolusTime":0,"time":"2023-12-25T03:01:07.878Z","iobWithZeroTemp":{"iob":-0.345,"basaliob":-0.345,"bolussnooze":0,"activity":-0.0025,"lastBolusTime":0,"time":"2023-12-25T03:01:07.878Z"}},{"iob":0.024,"basaliob":0.024,"bolussnooze":0,"activity":4.0E-4,"lastBolusTime":0,"time":"2023-12-25T03:06:07.878Z","iobWithZeroTemp":{"iob":-0.354,"basaliob":-0.354,"bolussnooze":0,"activity":-0.0027,"lastBolusTime":0,"time":"2023-12-25T03:06:07.878Z"}},{"iob":0.022,"basaliob":0.022,"bolussnooze":0,"activity":4.0E-4,"lastBolusTime":0,"time":"2023-12-25T03:11:07.878Z","iobWithZeroTemp":{"iob":-0.361,"basaliob":-0.361,"bolussnooze":0,"activity":-0.0028,"lastBolusTime":0,"time":"2023-12-25T03:11:07.878Z"}},{"iob":0.02,"basaliob":0.02,"bolussnooze":0,"activity":4.0E-4,"lastBolusTime":0,"time":"2023-12-25T03:16:07.878Z","iobWithZeroTemp":{"iob":-0.368,"basaliob":-0.368,"bolussnooze":0,"activity":-0.0029,"lastBolusTime":0,"time":"2023-12-25T03:16:07.878Z"}},{"iob":0.018,"basaliob":0.018,"bolussnooze":0,"activity":3.0E-4,"lastBolusTime":0,"time":"2023-12-25T03:21:07.878Z","iobWithZeroTemp":{"iob":-0.375,"basaliob":-0.375,"bolussnooze":0,"activity":-0.003,"lastBolusTime":0,"time":"2023-12-25T03:21:07.878Z"}},{"iob":0.017,"basaliob":0.017,"bolussnooze":0,"activity":3.0E-4,"lastBolusTime":0,"time":"2023-12-25T03:26:07.878Z","iobWithZeroTemp":{"iob":-0.381,"basaliob":-0.381,"bolussnooze":0,"activity":-0.0031,"lastBolusTime":0,"time":"2023-12-25T03:26:07.878Z"}},{"iob":0.015,"basaliob":0.015,"bolussnooze":0,"activity":3.0E-4,"lastBolusTime":0,"time":"2023-12-25T03:31:07.878Z","iobWithZeroTemp":{"iob":-0.387,"basaliob":-0.387,"bolussnooze":0,"activity":-0.0032,"lastBolusTime":0,"time":"2023-12-25T03:31:07.878Z"}},{"iob":0.014,"basaliob":0.014,"bolussnooze":0,"activity":3.0E-4,"lastBolusTime":0,"time":"2023-12-25T03:36:07.878Z","iobWithZeroTemp":{"iob":-0.391,"basaliob":-0.391,"bolussnooze":0,"activity":-0.0032,"lastBolusTime":0,"time":"2023-12-25T03:36:07.878Z"}},{"iob":0.013,"basaliob":0.013,"bolussnooze":0,"activity":2.0E-4,"lastBolusTime":0,"time":"2023-12-25T03:41:07.878Z","iobWithZeroTemp":{"iob":-0.396,"basaliob":-0.396,"bolussnooze":0,"activity":-0.0034,"lastBolusTime":0,"time":"2023-12-25T03:41:07.878Z"}},{"iob":0.011,"basaliob":0.011,"bolussnooze":0,"activity":2.0E-4,"lastBolusTime":0,"time":"2023-12-25T03:46:07.878Z","iobWithZeroTemp":{"iob":-0.401,"basaliob":-0.401,"bolussnooze":0,"activity":-0.0034,"lastBolusTime":0,"time":"2023-12-25T03:46:07.878Z"}},{"iob":0.01,"basaliob":0.01,"bolussnooze":0,"activity":2.0E-4,"lastBolusTime":0,"time":"2023-12-25T03:51:07.878Z","iobWithZeroTemp":{"iob":-0.405,"basaliob":-0.405,"bolussnooze":0,"activity":-0.0035,"lastBolusTime":0,"time":"2023-12-25T03:51:07.878Z"}},{"iob":0.009,"basaliob":0.009,"bolussnooze":0,"activity":2.0E-4,"lastBolusTime":0,"time":"2023-12-25T03:56:07.878Z","iobWithZeroTemp":{"iob":-0.409,"basaliob":-0.409,"bolussnooze":0,"activity":-0.0035,"lastBolusTime":0,"time":"2023-12-25T03:56:07.878Z"}},{"iob":0.008,"basaliob":0.008,"bolussnooze":0,"activity":2.0E-4,"lastBolusTime":0,"time":"2023-12-25T04:01:07.878Z","iobWithZeroTemp":{"iob":-0.413,"basaliob":-0.413,"bolussnooze":0,"activity":-0.0036,"lastBolusTime":0,"time":"2023-12-25T04:01:07.878Z"}},{"iob":0.008,"basaliob":0.008,"bolussnooze":0,"activity":2.0E-4,"lastBolusTime":0,"time":"2023-12-25T04:06:07.878Z","iobWithZeroTemp":{"iob":-0.415,"basaliob":-0.415,"bolussnooze":0,"activity":-0.0036,"lastBolusTime":0,"time":"2023-12-25T04:06:07.878Z"}},{"iob":0.007,"basaliob":0.007,"bolussnooze":0,"activity":1.0E-4,"lastBolusTime":0,"time":"2023-12-25T04:11:07.878Z","iobWithZeroTemp":{"iob":-0.418,"basaliob":-0.418,"bolussnooze":0,"activity":-0.0037,"lastBolusTime":0,"time":"2023-12-25T04:11:07.878Z"}},{"iob":0.006,"basaliob":0.006,"bolussnooze":0,"activity":1.0E-4,"lastBolusTime":0,"time":"2023-12-25T04:16:07.878Z","iobWithZeroTemp":{"iob":-0.421,"basaliob":-0.421,"bolussnooze":0,"activity":-0.0038,"lastBolusTime":0,"time":"2023-12-25T04:16:07.878Z"}},{"iob":0.006,"basaliob":0.006,"bolussnooze":0,"activity":1.0E-4,"lastBolusTime":0,"time":"2023-12-25T04:21:07.878Z","iobWithZeroTemp":{"iob":-0.423,"basaliob":-0.423,"bolussnooze":0,"activity":-0.0038,"lastBolusTime":0,"time":"2023-12-25T04:21:07.878Z"}},{"iob":0.005,"basaliob":0.005,"bolussnooze":0,"activity":1.0E-4,"lastBolusTime":0,"time":"2023-12-25T04:26:07.878Z","iobWithZeroTemp":{"iob":-0.426,"basaliob":-0.426,"bolussnooze":0,"activity":-0.0038,"lastBolusTime":0,"time":"2023-12-25T04:26:07.878Z"}},{"iob":0.004,"basaliob":0.004,"bolussnooze":0,"activity":1.0E-4,"lastBolusTime":0,"time":"2023-12-25T04:31:07.878Z","iobWithZeroTemp":{"iob":-0.428,"basaliob":-0.428,"bolussnooze":0,"activity":-0.0038,"lastBolusTime":0,"time":"2023-12-25T04:31:07.878Z"}},{"iob":0.004,"basaliob":0.004,"bolussnooze":0,"activity":1.0E-4,"lastBolusTime":0,"time":"2023-12-25T04:36:07.878Z","iobWithZeroTemp":{"iob":-0.43,"basaliob":-0.43,"bolussnooze":0,"activity":-0.0039,"lastBolusTime":0,"time":"2023-12-25T04:36:07.878Z"}},{"iob":0.004,"basaliob":0.004,"bolussnooze":0,"activity":1.0E-4,"lastBolusTime":0,"time":"2023-12-25T04:41:07.878Z","iobWithZeroTemp":{"iob":-0.431,"basaliob":-0.431,"bolussnooze":0,"activity":-0.0039,"lastBolusTime":0,"time":"2023-12-25T04:41:07.878Z"}}],"profile":{"max_iob":4,"type":"current","max_daily_basal":0.5,"max_basal":1,"min_bg":99,"max_bg":99,"target_bg":99,"carb_ratio":25,"sens":142.20000000000002,"max_daily_safety_multiplier":3,"current_basal_safety_multiplier":4,"high_temptarget_raises_sensitivity":false,"low_temptarget_lowers_sensitivity":false,"sensitivity_raises_target":true,"resistance_lowers_target":true,"adv_target_adjustments":false,"exercise_mode":false,"half_basal_exercise_target":160,"maxCOB":120,"skip_neutral_temps":false,"remainingCarbsCap":90,"enableUAM":true,"A52_risk_enable":false,"SMBInterval":3,"enableSMB_with_COB":true,"enableSMB_with_temptarget":true,"allowSMB_with_high_temptarget":false,"enableSMB_always":false,"enableSMB_after_carbs":false,"maxSMBBasalMinutes":75,"maxUAMSMBBasalMinutes":75,"bolus_increment":0.05,"carbsReqThreshold":10,"current_basal":0.25,"temptargetSet":false,"autosens_max":1.2,"out_units":"mmol\/L"},"autosens_data":{"ratio":1.02},"meal_data":{"carbs":0,"mealCOB":0,"slopeFromMaxDeviation":-1.694,"slopeFromMinDeviation":0.12327272727272727,"lastBolusTime":1703430368291,"lastCarbTime":0},"microBolusAllowed":true,"currentTime":1703465169054,"flatBGsDetected":false},"output":{"temp":"absolute","bg":118,"tick":-3,"eventualBG":80,"targetBG":98,"insulinReq":0,"deliverAt":"2023-12-25T00:46:09.054Z","sensitivityRatio":1.02,"predBGs":{"IOB":[118,115,112,109,106,104,102,100,98,96,95,93,92,91,90,89,88,88,87,86,85,85,84,84,83,83,83,82,82,82,81,81,81,81,80,80,80,80,80,80,79],"ZT":[118,116,113,111,110,108,106,105,104,103,102,102,101,101,101,101,102,102,103,104,104]},"COB":0,"IOB":0.237,"reason":"COB: 0, Dev: -0.3, BGI: -0.1, ISF: 7.7, CR: 25, Target: 5.4, minPredBG 5.0, minGuardBG 4.4, IOBpredBG 4.4; Eventual BG 4.4 < 5.4, setting 30m zero temp. ","duration":30,"rate":0,"timestamp":"2023-12-25T00:46:09.090Z"}}