{"algorithm":"OpenAPSSMBPlugin","input":{"glucoseStatus":{"glucose":76,"noise":0,"delta":6,"short_avgdelta":1.96,"long_avgdelta":-2.45,"date":1703388915891},"currenttemp":{"temp":"absolute","duration":110,"rate":0,"minutesrunning":10},"iob_data":[{"iob":0.132,"basaliob":-0.131,"bolussnooze":0,"activity":9.0E-4,"lastBolusTime":1703387769179,"time":"2023-12-24T03:36:05.602Z","iobWithZeroTemp":{"iob":0.132,"basaliob":-0.131,"bolussnooze":0,"activity":9.0E-4,"lastBolusTime":1703387769179,"time":"2023-12-24T03:36:05.602Z"}},{"iob":0.127,"basaliob":-0.127,"bolussnooze":0,"activity":0.001,"lastBolusTime":1703387769179,"time":"2023-12-24T03:41:05.602Z","iobWithZeroTemp":{"iob":0.11,"basaliob":-0.144,"bolussnooze":0,"activity":0.001,"lastBolusTime":1703387769179,"time":"2023-12-24T03:41:05.602Z"}},{"iob":0.121,"basaliob":-0.123,"bolussnooze":0,"activity":0.001,"lastBolusTime":1703387769179,"time":"2023-12-24T03:46:05.602Z","iobWithZeroTemp":{"iob":0.084,"basaliob":-0.16,"bolussnooze":0,"activity":9.0E-4,"lastBolusTime":1703387769179,"time":"2023-12-24T03:46:05.602Z"}},{"iob":0.117,"basaliob":-0.118,"bolussnooze":0,"activity":0.0011,"lastBolusTime":1703387769179,"time":"2023-12-24T03:51:05.602Z","iobWithZeroTemp":{"iob":0.059,"basaliob":-0.176,"bolussnooze":0,"activity":0.001,"lastBolusTime":1703387769179,"time":"2023-12-24T03:51:05.602Z"}},{"iob":0.111,"basaliob":-0.114,"bolussnooze":0,"activity":0.001,"lastBolusTime":1703387769179,"time":"2023-12-24T03:56:05.602Z","iobWithZeroTemp":{"iob":0.033,"basaliob":-0.192,"bolussnooze":0,"activity":8.0E-4,"lastBolusTime":1703387769179,"time":"2023-12-24T03:56:05.602Z"}},{"iob":0.106,"basaliob":-0.109,"bolussnooze":0,"activity":0.001,"lastBolusTime":1703387769179,"time":"2023-12-24T04:01:05.602Z","iobWithZeroTemp":{"iob":0.009,"basaliob":-0.206,"bolussnooze":0,"activity":7.0E-4,"lastBolusTime":1703387769179,"time":"2023-12-24T04:01:05.602Z"}},{"iob":0.1,"basaliob":-0.104,"bolussnooze":0,"activity":0.001,"lastBolusTime":1703387769179,"time":"2023-12-24T04:06:05.602Z","iobWithZeroTemp":{"iob":-0.016,"basaliob":-0.22,"bolussnooze":0,"activity":6.0E-4,"lastBolusTime":1703387769179,"time":"2023-12-24T04:06:05.602Z"}},{"iob":0.095,"basaliob":-0.099,"bolussnooze":0,"activity":0.001,"lastBolusTime":1703387769179,"time":"2023-12-24T04:11:05.602Z","iobWithZeroTemp":{"iob":-0.04,"basaliob":-0.234,"bolussnooze":0,"activity":5.0E-4,"lastBolusTime":1703387769179,"time":"2023-12-24T04:11:05.602Z"}},{"iob":0.091,"basaliob":-0.094,"bolussnooze":0,"activity":0.001,"lastBolusTime":1703387769179,"time":"2023-12-24T04:16:05.602Z","iobWithZeroTemp":{"iob":-0.062,"basaliob":-0.247,"bolussnooze":0,"activity":3.0E-4,"lastBolusTime":1703387769179,"time":"2023-12-24T04:16:05.602Z"}},{"iob":0.085,"basaliob":-0.09,"bolussnooze":0,"activity":0.001,"lastBolusTime":1703387769179,"time":"2023-12-24T04:21:05.602Z","iobWithZeroTemp":{"iob":-0.085,"basaliob":-0.26,"bolussnooze":0,"activity":2.0E-4,"lastBolusTime":1703387769179,"time":"2023-12-24T04:21:05.602Z"}},{"iob":0.08,"basaliob":-0.085,"bolussnooze":0,"activity":0.001,"lastBolusTime":1703387769179,"time":"2023-12-24T04:26:05.602Z","iobWithZeroTemp":{"iob":-0.106,"basaliob":-0.271,"bolussnooze":0,"activity":0,"lastBolusTime":1703387769179,"time":"2023-12-24T04:26:05.602Z"}},{"iob":0.076,"basaliob":-0.08,"bolussnooze":0,"activity":9.0E-4,"lastBolusTime":1703387769179,"time":"2023-12-24T04:31:05.602Z","iobWithZeroTemp":{"iob":-0.126,"basaliob":-0.282,"bolussnooze":0,"activity":-2.0E-4,"lastBolusTime":1703387769179,"time":"2023-12-24T04:31:05.602Z"}},{"iob":0.071,"basaliob":-0.076,"bolussnooze":0,"activity":8.0E-4,"lastBolusTime":1703387769179,"time":"2023-12-24T04:36:05.602Z","iobWithZeroTemp":{"iob":-0.146,"basaliob":-0.293,"bolussnooze":0,"activity":-4.0E-4,"lastBolusTime":1703387769179,"time":"2023-12-24T04:36:05.602Z"}},{"iob":0.067,"basaliob":-0.072,"bolussnooze":0,"activity":9.0E-4,"lastBolusTime":1703387769179,"time":"2023-12-24T04:41:05.602Z","iobWithZeroTemp":{"iob":-0.164,"basaliob":-0.303,"bolussnooze":0,"activity":-5.0E-4,"lastBolusTime":1703387769179,"time":"2023-12-24T04:41:05.602Z"}},{"iob":0.063,"basaliob":-0.068,"bolussnooze":0,"activity":8.0E-4,"lastBolusTime":1703387769179,"time":"2023-12-24T04:46:05.602Z","iobWithZeroTemp":{"iob":-0.182,"basaliob":-0.313,"bolussnooze":0,"activity":-7.0E-4,"lastBolusTime":1703387769179,"time":"2023-12-24T04:46:05.602Z"}},{"iob":0.059,"basaliob":-0.064,"bolussnooze":0,"activity":7.0E-4,"lastBolusTime":1703387769179,"time":"2023-12-24T04:51:05.602Z","iobWithZeroTemp":{"iob":-0.198,"basaliob":-0.321,"bolussnooze":0,"activity":-0.001,"lastBolusTime":1703387769179,"time":"2023-12-24T04:51:05.602Z"}},{"iob":0.055,"basaliob":-0.06,"bolussnooze":0,"activity":8.0E-4,"lastBolusTime":1703387769179,"time":"2023-12-24T04:56:05.602Z","iobWithZeroTemp":{"iob":-0.215,"basaliob":-0.33,"bolussnooze":0,"activity":-0.001,"lastBolusTime":1703387769179,"time":"2023-12-24T04:56:05.602Z"}},{"iob":0.052,"basaliob":-0.056,"bolussnooze":0,"activity":7.0E-4,"lastBolusTime":1703387769179,"time":"2023-12-24T05:01:05.602Z","iobWithZeroTemp":{"iob":-0.229,"basaliob":-0.337,"bolussnooze":0,"activity":-0.0012,"lastBolusTime":1703387769179,"time":"2023-12-24T05:01:05.602Z"}},{"iob":0.048,"basaliob":-0.053,"bolussnooze":0,"activity":6.0E-4,"lastBolusTime":1703387769179,"time":"2023-12-24T05:06:05.602Z","iobWithZeroTemp":{"iob":-0.248,"basaliob":-0.349,"bolussnooze":0,"activity":-0.0015,"lastBolusTime":1703387769179,"time":"2023-12-24T05:06:05.602Z"}},{"iob":0.045,"basaliob":-0.049,"bolussnooze":0,"activity":7.0E-4,"lastBolusTime":1703387769179,"time":"2023-12-24T05:11:05.602Z","iobWithZeroTemp":{"iob":-0.266,"basaliob":-0.36,"bolussnooze":0,"activity":-0.0015,"lastBolusTime":1703387769179,"time":"2023-12-24T05:11:05.602Z"}},{"iob":0.042,"basaliob":-0.046,"bolussnooze":0,"activity":6.0E-4,"lastBolusTime":1703387769179,"time":"2023-12-24T05:16:05.602Z","iobWithZeroTemp":{"iob":-0.282,"basaliob":-0.37,"bolussnooze":0,"activity":-0.0017,"lastBolusTime":1703387769179,"time":"2023-12-24T05:16:05.602Z"}},{"iob":0.039,"basaliob":-0.043,"bolussnooze":0,"activity":5.0E-4,"lastBolusTime":1703387769179,"time":"2023-12-24T05:21:05.602Z","iobWithZeroTemp":{"iob":-0.298,"basaliob":-0.38,"bolussnooze":0,"activity":-0.002,"lastBolusTime":1703387769179,"time":"2023-12-24T05:21:05.602Z"}},{"iob":0.037,"basaliob":-0.04,"bolussnooze":0,"activity":5.0E-4,"lastBolusTime":1703387769179,"time":"2023-12-24T05:26:05.602Z","iobWithZeroTemp":{"iob":-0.313,"basaliob":-0.39,"bolussnooze":0,"activity":-0.0021,"lastBolusTime":1703387769179,"time":"2023-12-24T05:26:05.602Z"}},{"iob":0.034,"basaliob":-0.038,"bolussnooze":0,"activity":5.0E-4,"lastBolusTime":1703387769179,"time":"2023-12-24T05:31:05.602Z","iobWithZeroTemp":{"iob":-0.327,"basaliob":-0.399,"bolussnooze":0,"activity":-0.0022,"lastBolusTime":1703387769179,"time":"2023-12-24T05:31:05.602Z"}},{"iob":0.032,"basaliob":-0.035,"bolussnooze":0,"activity":5.0E-4,"lastBolusTime":1703387769179,"time":"2023-12-24T05:36:05.602Z","iobWithZeroTemp":{"iob":-0.341,"basaliob":-0.408,"bolussnooze":0,"activity":-0.0023,"lastBolusTime":1703387769179,"time":"2023-12-24T05:36:05.602Z"}},{"iob":0.029,"basaliob":-0.033,"bolussnooze":0,"activity":4.0E-4,"lastBolusTime":1703387769179,"time":"2023-12-24T05:41:05.602Z","iobWithZeroTemp":{"iob":-0.354,"basaliob":-0.416,"bolussnooze":0,"activity":-0.0026,"lastBolusTime":1703387769179,"time":"2023-12-24T05:41:05.602Z"}},{"iob":0.028,"basaliob":-0.03,"bolussnooze":0,"activity":4.0E-4,"lastBolusTime":1703387769179,"time":"2023-12-24T05:46:05.602Z","iobWithZeroTemp":{"iob":-0.365,"basaliob":-0.423,"bolussnooze":0,"activity":-0.0027,"lastBolusTime":1703387769179,"time":"2023-12-24T05:46:05.602Z"}},{"iob":0.026,"basaliob":-0.028,"bolussnooze":0,"activity":4.0E-4,"lastBolusTime":1703387769179,"time":"2023-12-24T05:51:05.602Z","iobWithZeroTemp":{"iob":-0.376,"basaliob":-0.43,"bolussnooze":0,"activity":-0.0028,"lastBolusTime":1703387769179,"time":"2023-12-24T05:51:05.602Z"}},{"iob":0.024,"basaliob":-0.026,"bolussnooze":0,"activity":3.0E-4,"lastBolusTime":1703387769179,"time":"2023-12-24T05:56:05.602Z","iobWithZeroTemp":{"iob":-0.387,"basaliob":-0.437,"bolussnooze":0,"activity":-0.003,"lastBolusTime":1703387769179,"time":"2023-12-24T05:56:05.602Z"}},{"iob":0.022,"basaliob":-0.024,"bolussnooze":0,"activity":3.0E-4,"lastBolusTime":1703387769179,"time":"2023-12-24T06:01:05.602Z","iobWithZeroTemp":{"iob":-0.398,"basaliob":-0.444,"bolussnooze":0,"activity":-0.0031,"lastBolusTime":1703387769179,"time":"2023-12-24T06:01:05.602Z"}},{"iob":0.02,"basaliob":-0.023,"bolussnooze":0,"activity":4.0E-4,"lastBolusTime":1703387769179,"time":"2023-12-24T06:06:05.602Z","iobWithZeroTemp":{"iob":-0.407,"basaliob":-0.45,"bolussnooze":0,"activity":-0.0031,"lastBolusTime":1703387769179,"time":"2023-12-24T06:06:05.602Z"}},{"iob":0.019,"basaliob":-0.021,"bolussnooze":0,"activity":3.0E-4,"lastBolusTime":1703387769179,"time":"2023-12-24T06:11:05.602Z","iobWithZeroTemp":{"iob":-0.416,"basaliob":-0.456,"bolussnooze":0,"activity":-0.0033,"lastBolusTime":1703387769179,"time":"2023-12-24T06:11:05.602Z"}},{"iob":0.018,"basaliob":-0.019,"bolussnooze":0,"activity":3.0E-4,"lastBolusTime":1703387769179,"time":"2023-12-24T06:16:05.602Z","iobWithZeroTemp":{"iob":-0.424,"basaliob":-0.461,"bolussnooze":0,"activity":-0.0034,"lastBolusTime":1703387769179,"time":"2023-12-24T06:16:05.602Z"}},{"iob":0.016,"basaliob":-0.018,"bolussnooze":0,"activity":2.0E-4,"lastBolusTime":1703387769179,"time":"2023-12-24T06:21:05.602Z","iobWithZeroTemp":{"iob":-0.432,"basaliob":-0.466,"bolussnooze":0,"activity":-0.0036,"lastBolusTime":1703387769179,"time":"2023-12-24T06:21:05.602Z"}},{"iob":0.014,"basaliob":-0.017,"bolussnooze":0,"activity":2.0E-4,"lastBolusTime":1703387769179,"time":"2023-12-24T06:26:05.602Z","iobWithZeroTemp":{"iob":-0.44,"basaliob":-0.471,"bolussnooze":0,"activity":-0.0036,"lastBolusTime":1703387769179,"time":"2023-12-24T06:26:05.602Z"}},{"iob":0.014,"basaliob":-0.015,"bolussnooze":0,"activity":3.0E-4,"lastBolusTime":1703387769179,"time":"2023-12-24T06:31:05.602Z","iobWithZeroTemp":{"iob":-0.446,"basaliob":-0.475,"bolussnooze":0,"activity":-0.0036,"lastBolusTime":1703387769179,"time":"2023-12-24T06:31:05.602Z"}},{"iob":0.013,"basaliob":-0.014,"bolussnooze":0,"activity":2.0E-4,"lastBolusTime":1703387769179,"time":"2023-12-24T06:36:05.602Z","iobWithZeroTemp":{"iob":-0.452,"basaliob":-0.479,"bolussnooze":0,"activity":-0.0038,"lastBolusTime":1703387769179,"time":"2023-12-24T06:36:05.602Z"}},{"iob":0.012,"basaliob":-0.013,"bolussnooze":0,"activity":2.0E-4,"lastBolusTime":1703387769179,"time":"2023-12-24T06:41:05.602Z","iobWithZeroTemp":{"iob":-0.458,"basaliob":-0.483,"bolussnooze":0,"activity":-0.0039,"lastBolusTime":1703387769179,"time":"2023-12-24T06:41:05.602Z"}},{"iob":0.011,"basaliob":-0.012,"bolussnooze":0,"activity":2.0E-4,"lastBolusTime":1703387769179,"time":"2023-12-24T06:46:05.602Z","iobWithZeroTemp":{"iob":-0.463,"basaliob":-0.486,"bolussnooze":0,"activity":-0.0039,"lastBolusTime":1703387769179,"time":"2023-12-24T06:46:05.602Z"}},{"iob":0.01,"basaliob":-0.011,"bolussnooze":0,"activity":1.0E-4,"lastBolusTime":1703387769179,"time":"2023-12-24T06:51:05.602Z","iobWithZeroTemp":{"iob":-0.468,"basaliob":-0.489,"bolussnooze":0,"activity":-0.0041,"lastBolusTime":1703387769179,"time":"2023-12-24T06:51:05.602Z"}},{"iob":0.009,"basaliob":-0.01,"bolussnooze":0,"activity":1.0E-4,"lastBolusTime":1703387769179,"time":"2023-12-24T06:56:05.602Z","iobWithZeroTemp":{"iob":-0.473,"basaliob":-0.492,"bolussnooze":0,"activity":-0.0041,"lastBolusTime":1703387769179,"time":"2023-12-24T06:56:05.602Z"}},{"iob":0.009,"basaliob":-0.009,"bolussnooze":0,"activity":1.0E-4,"lastBolusTime":1703387769179,"time":"2023-12-24T07:01:05.602Z","iobWithZeroTemp":{"iob":-0.477,"basaliob":-0.495,"bolussnooze":0,"activity":-0.0042,"lastBolusTime":1703387769179,"time":"2023-12-24T07:01:05.602Z"}},{"iob":0.007,"basaliob":-0.009,"bolussnooze":0,"activity":2.0E-4,"lastBolusTime":1703387769179,"time":"2023-12-24T07:06:05.602Z","iobWithZeroTemp":{"iob":-0.482,"basaliob":-0.498,"bolussnooze":0,"activity":-0.0041,"lastBolusTime":1703387769179,"time":"2023-12-24T07:06:05.602Z"}},{"iob":0.007,"basaliob":-0.008,"bolussnooze":0,"activity":2.0E-4,"lastBolusTime":1703387769179,"time":"2023-12-24T07:11:05.602Z","iobWithZeroTemp":{"iob":-0.486,"basaliob":-0.501,"bolussnooze":0,"activity":-0.0042,"lastBolusTime":1703387769179,"time":"2023-12-24T07:11:05.602Z"}},{"iob":0.007,"basaliob":-0.007,"bolussnooze":0,"activity":1.0E-4,"lastBolusTime":1703387769179,"time":"2023-12-24T07:16:05.602Z","iobWithZeroTemp":{"iob":-0.488,"basaliob":-0.502,"bolussnooze":0,"activity":-0.0043,"lastBolusTime":1703387769179,"time":"2023-12-24T07:16:05.602Z"}},{"iob":0.006,"basaliob":-0.007,"bolussnooze":0,"activity":1.0E-4,"lastBolusTime":1703387769179,"time":"2023-12-24T07:21:05.602Z","iobWithZeroTemp":{"iob":-0.492,"basaliob":-0.505,"bolussnooze":0,"activity":-0.0044,"lastBolusTime":1703387769179,"time":"2023-12-24T07:21:05.602Z"}},{"iob":0.005,"basaliob":-0.006,"bolussnooze":0,"activity":1.0E-4,"lastBolusTime":1703387769179,"time":"2023-12-24T07:26:05.602Z","iobWithZeroTemp":{"iob":-0.496,"basaliob":-0.507,"bolussnooze":0,"activity":-0.0044,"lastBolusTime":1703387769179,"time":"2023-12-24T07:26:05.602Z"}},{"iob":0.004,"basaliob":-0.006,"bolussnooze":0,"activity":1.0E-4,"lastBolusTime":1703387769179,"time":"2023-12-24T07:31:05.602Z","iobWithZeroTemp":{"iob":-0.499,"basaliob":-0.509,"bolussnooze":0,"activity":-0.0045,"lastBolusTime":1703387769179,"time":"2023-12-24T07:31:05.602Z"}}],"profile":{"max_iob":4,"type":"current","max_daily_basal":0.5,"max_basal":1,"min_bg":91.79999999999998,"max_bg":91.79999999999998,"target_bg":91.79999999999998,"carb_ratio":25,"sens":142.20000000000002,"max_daily_safety_multiplier":3,"current_basal_safety_multiplier":4,"high_temptarget_raises_sensitivity":false,"low_temptarget_lowers_sensitivity":false,"sensitivity_raises_target":true,"resistance_lowers_target":true,"adv_target_adjustments":false,"exercise_mode":false,"half_basal_exercise_target":160,"maxCOB":120,"skip_neutral_temps":false,"remainingCarbsCap":90,"enableUAM":true,"A52_risk_enable":false,"SMBInterval":3,"enableSMB_with_COB":true,"enableSMB_with_temptarget":true,"allowSMB_with_high_temptarget":false,"enableSMB_always":false,"enableSMB_after_carbs":false,"maxSMBBasalMinutes":75,"maxUAMSMBBasalMinutes":75,"bolus_increment":0.05,"carbsReqThreshold":10,"current_basal":0.25,"temptargetSet":true,"autosens_max":1.2,"out_units":"mmol\/L"},"autosens_data":{"ratio":1},"meal_data":{"carbs":0,"mealCOB":0,"slopeFromMaxDeviation":-0.43562500000000004,"slopeFromMinDeviation":3.9999999999999996,"lastBolusTime":1703387769179,"lastCarbTime":0},"microBolusAllowed":true,"currentTime":1703388966827,"flatBGsDetected":false},"output":{"temp":"absolute","bg":76,"tick":"+6","eventualBG":73,"targetBG":91.79999999999998,"insulinReq":0,"deliverAt":"2023-12-24T03:36:06.827Z","sensitivityRatio":1,"predBGs":{"IOB":[76,78,79,80,81,82,83,83,83,83,83,82,82,81,81,80,80,79,79,78,78,77,77,76,76,76,75,75,75,75,74,74,74,74,74,73,73,73,73,73,73,73,73,72],"ZT":[76,75,75,74,73,73,72,72,71,71,71,71,71,72,72,72,73,74,75,76,77,78,79,81,82,84,86,88,90],"UAM":[76,77,76,75,74,74,73,72,72,71,70,69,69,68,68,67,67,66,65,65,65,64,64,63,63,63,62,62,62,62,61,61,61,61,61,60,60,60,60,60,60,60,60,59]},"COB":0,"IOB":0.132,"reason":"COB: 0, Dev: 0.9, BGI: 0.0, ISF: 7.9, CR: 25, Target: 5.1, minPredBG 3.9, minGuardBG 3.3, IOBpredBG 4.0, UAMpredBG 3.3; minGuardBG 3.3<3.7 110m left and 0 ~ req 0U\/hr: no temp required","timestamp":"2023-12-24T03:36:06.859Z"}}