{"algorithm":"OpenAPSSMBPlugin","input":{"glucoseStatus":{"glucose":95,"noise":0,"delta":-8,"short_avgdelta":-9.22,"long_avgdelta":-11.67,"date":1703411716306},"currenttemp":{"temp":"absolute","duration":110,"rate":0,"minutesrunning":10},"iob_data":[{"iob":0.959,"basaliob":-0.14,"bolussnooze":0,"activity":0.011,"lastBolusTime":1703409068470,"time":"2023-12-24T09:56:06.098Z","iobWithZeroTemp":{"iob":0.959,"basaliob":-0.14,"bolussnooze":0,"activity":0.011,"lastBolusTime":1703409068470,"time":"2023-12-24T09:56:06.098Z"}},{"iob":0.905,"basaliob":-0.137,"bolussnooze":0,"activity":0.0106,"lastBolusTime":1703409068470,"time":"2023-12-24T10:01:06.098Z","iobWithZeroTemp":{"iob":0.885,"basaliob":-0.157,"bolussnooze":0,"activity":0.0106,"lastBolusTime":1703409068470,"time":"2023-12-24T10:01:06.098Z"}},{"iob":0.853,"basaliob":-0.133,"bolussnooze":0,"activity":0.0102,"lastBolusTime":1703409068470,"time":"2023-12-24T10:06:06.098Z","iobWithZeroTemp":{"iob":0.808,"basaliob":-0.178,"bolussnooze":0,"activity":0.0101,"lastBolusTime":1703409068470,"time":"2023-12-24T10:06:06.098Z"}},{"iob":0.803,"basaliob":-0.129,"bolussnooze":0,"activity":0.0098,"lastBolusTime":1703409068470,"time":"2023-12-24T10:11:06.098Z","iobWithZeroTemp":{"iob":0.734,"basaliob":-0.198,"bolussnooze":0,"activity":0.0097,"lastBolusTime":1703409068470,"time":"2023-12-24T10:11:06.098Z"}},{"iob":0.754,"basaliob":-0.125,"bolussnooze":0,"activity":0.0095,"lastBolusTime":1703409068470,"time":"2023-12-24T10:16:06.098Z","iobWithZeroTemp":{"iob":0.661,"basaliob":-0.218,"bolussnooze":0,"activity":0.0093,"lastBolusTime":1703409068470,"time":"2023-12-24T10:16:06.098Z"}},{"iob":0.708,"basaliob":-0.12,"bolussnooze":0,"activity":0.009,"lastBolusTime":1703409068470,"time":"2023-12-24T10:21:06.098Z","iobWithZeroTemp":{"iob":0.591,"basaliob":-0.237,"bolussnooze":0,"activity":0.0086,"lastBolusTime":1703409068470,"time":"2023-12-24T10:21:06.098Z"}},{"iob":0.664,"basaliob":-0.115,"bolussnooze":0,"activity":0.0086,"lastBolusTime":1703409068470,"time":"2023-12-24T10:26:06.098Z","iobWithZeroTemp":{"iob":0.524,"basaliob":-0.255,"bolussnooze":0,"activity":0.0081,"lastBolusTime":1703409068470,"time":"2023-12-24T10:26:06.098Z"}},{"iob":0.622,"basaliob":-0.11,"bolussnooze":0,"activity":0.0082,"lastBolusTime":1703409068470,"time":"2023-12-24T10:31:06.098Z","iobWithZeroTemp":{"iob":0.46,"basaliob":-0.272,"bolussnooze":0,"activity":0.0075,"lastBolusTime":1703409068470,"time":"2023-12-24T10:31:06.098Z"}},{"iob":0.583,"basaliob":-0.105,"bolussnooze":0,"activity":0.0078,"lastBolusTime":1703409068470,"time":"2023-12-24T10:36:06.098Z","iobWithZeroTemp":{"iob":0.4,"basaliob":-0.288,"bolussnooze":0,"activity":0.007,"lastBolusTime":1703409068470,"time":"2023-12-24T10:36:06.098Z"}},{"iob":0.545,"basaliob":-0.1,"bolussnooze":0,"activity":0.0074,"lastBolusTime":1703409068470,"time":"2023-12-24T10:41:06.098Z","iobWithZeroTemp":{"iob":0.341,"basaliob":-0.304,"bolussnooze":0,"activity":0.0064,"lastBolusTime":1703409068470,"time":"2023-12-24T10:41:06.098Z"}},{"iob":0.509,"basaliob":-0.095,"bolussnooze":0,"activity":0.007,"lastBolusTime":1703409068470,"time":"2023-12-24T10:46:06.098Z","iobWithZeroTemp":{"iob":0.286,"basaliob":-0.318,"bolussnooze":0,"activity":0.0058,"lastBolusTime":1703409068470,"time":"2023-12-24T10:46:06.098Z"}},{"iob":0.475,"basaliob":-0.09,"bolussnooze":0,"activity":0.0066,"lastBolusTime":1703409068470,"time":"2023-12-24T10:51:06.098Z","iobWithZeroTemp":{"iob":0.233,"basaliob":-0.332,"bolussnooze":0,"activity":0.0053,"lastBolusTime":1703409068470,"time":"2023-12-24T10:51:06.098Z"}},{"iob":0.442,"basaliob":-0.086,"bolussnooze":0,"activity":0.0063,"lastBolusTime":1703409068470,"time":"2023-12-24T10:56:06.098Z","iobWithZeroTemp":{"iob":0.182,"basaliob":-0.346,"bolussnooze":0,"activity":0.0048,"lastBolusTime":1703409068470,"time":"2023-12-24T10:56:06.098Z"}},{"iob":0.412,"basaliob":-0.081,"bolussnooze":0,"activity":0.0059,"lastBolusTime":1703409068470,"time":"2023-12-24T11:01:06.098Z","iobWithZeroTemp":{"iob":0.135,"basaliob":-0.358,"bolussnooze":0,"activity":0.0042,"lastBolusTime":1703409068470,"time":"2023-12-24T11:01:06.098Z"}},{"iob":0.383,"basaliob":-0.077,"bolussnooze":0,"activity":0.0055,"lastBolusTime":1703409068470,"time":"2023-12-24T11:06:06.098Z","iobWithZeroTemp":{"iob":0.089,"basaliob":-0.371,"bolussnooze":0,"activity":0.0037,"lastBolusTime":1703409068470,"time":"2023-12-24T11:06:06.098Z"}},{"iob":0.357,"basaliob":-0.072,"bolussnooze":0,"activity":0.0052,"lastBolusTime":1703409068470,"time":"2023-12-24T11:11:06.098Z","iobWithZeroTemp":{"iob":0.048,"basaliob":-0.381,"bolussnooze":0,"activity":0.0032,"lastBolusTime":1703409068470,"time":"2023-12-24T11:11:06.098Z"}},{"iob":0.331,"basaliob":-0.068,"bolussnooze":0,"activity":0.0049,"lastBolusTime":1703409068470,"time":"2023-12-24T11:16:06.098Z","iobWithZeroTemp":{"iob":0.007,"basaliob":-0.392,"bolussnooze":0,"activity":0.0027,"lastBolusTime":1703409068470,"time":"2023-12-24T11:16:06.098Z"}},{"iob":0.307,"basaliob":-0.064,"bolussnooze":0,"activity":0.0046,"lastBolusTime":1703409068470,"time":"2023-12-24T11:21:06.098Z","iobWithZeroTemp":{"iob":-0.03,"basaliob":-0.401,"bolussnooze":0,"activity":0.0023,"lastBolusTime":1703409068470,"time":"2023-12-24T11:21:06.098Z"}},{"iob":0.285,"basaliob":-0.06,"bolussnooze":0,"activity":0.0043,"lastBolusTime":1703409068470,"time":"2023-12-24T11:26:06.098Z","iobWithZeroTemp":{"iob":-0.065,"basaliob":-0.41,"bolussnooze":0,"activity":0.0018,"lastBolusTime":1703409068470,"time":"2023-12-24T11:26:06.098Z"}},{"iob":0.265,"basaliob":-0.056,"bolussnooze":0,"activity":0.0041,"lastBolusTime":1703409068470,"time":"2023-12-24T11:31:06.098Z","iobWithZeroTemp":{"iob":-0.098,"basaliob":-0.419,"bolussnooze":0,"activity":0.0015,"lastBolusTime":1703409068470,"time":"2023-12-24T11:31:06.098Z"}},{"iob":0.245,"basaliob":-0.053,"bolussnooze":0,"activity":0.0038,"lastBolusTime":1703409068470,"time":"2023-12-24T11:36:06.098Z","iobWithZeroTemp":{"iob":-0.129,"basaliob":-0.427,"bolussnooze":0,"activity":0.001,"lastBolusTime":1703409068470,"time":"2023-12-24T11:36:06.098Z"}},{"iob":0.227,"basaliob":-0.049,"bolussnooze":0,"activity":0.0035,"lastBolusTime":1703409068470,"time":"2023-12-24T11:41:06.098Z","iobWithZeroTemp":{"iob":-0.158,"basaliob":-0.434,"bolussnooze":0,"activity":6.0E-4,"lastBolusTime":1703409068470,"time":"2023-12-24T11:41:06.098Z"}},{"iob":0.21,"basaliob":-0.046,"bolussnooze":0,"activity":0.0033,"lastBolusTime":1703409068470,"time":"2023-12-24T11:46:06.098Z","iobWithZeroTemp":{"iob":-0.185,"basaliob":-0.441,"bolussnooze":0,"activity":3.0E-4,"lastBolusTime":1703409068470,"time":"2023-12-24T11:46:06.098Z"}},{"iob":0.194,"basaliob":-0.043,"bolussnooze":0,"activity":0.0031,"lastBolusTime":1703409068470,"time":"2023-12-24T11:51:06.098Z","iobWithZeroTemp":{"iob":-0.211,"basaliob":-0.448,"bolussnooze":0,"activity":0,"lastBolusTime":1703409068470,"time":"2023-12-24T11:51:06.098Z"}},{"iob":0.179,"basaliob":-0.04,"bolussnooze":0,"activity":0.0028,"lastBolusTime":1703409068470,"time":"2023-12-24T11:56:06.098Z","iobWithZeroTemp":{"iob":-0.235,"basaliob":-0.454,"bolussnooze":0,"activity":-5.0E-4,"lastBolusTime":1703409068470,"time":"2023-12-24T11:56:06.098Z"}},{"iob":0.165,"basaliob":-0.038,"bolussnooze":0,"activity":0.0027,"lastBolusTime":1703409068470,"time":"2023-12-24T12:01:06.098Z","iobWithZeroTemp":{"iob":-0.258,"basaliob":-0.461,"bolussnooze":0,"activity":-7.0E-4,"lastBolusTime":1703409068470,"time":"2023-12-24T12:01:06.098Z"}},{"iob":0.153,"basaliob":-0.035,"bolussnooze":0,"activity":0.0025,"lastBolusTime":1703409068470,"time":"2023-12-24T12:06:06.098Z","iobWithZeroTemp":{"iob":-0.277,"basaliob":-0.465,"bolussnooze":0,"activity":-0.001,"lastBolusTime":1703409068470,"time":"2023-12-24T12:06:06.098Z"}},{"iob":0.14,"basaliob":-0.033,"bolussnooze":0,"activity":0.0023,"lastBolusTime":1703409068470,"time":"2023-12-24T12:11:06.098Z","iobWithZeroTemp":{"iob":-0.298,"basaliob":-0.471,"bolussnooze":0,"activity":-0.0013,"lastBolusTime":1703409068470,"time":"2023-12-24T12:11:06.098Z"}},{"iob":0.13,"basaliob":-0.03,"bolussnooze":0,"activity":0.0022,"lastBolusTime":1703409068470,"time":"2023-12-24T12:16:06.098Z","iobWithZeroTemp":{"iob":-0.315,"basaliob":-0.475,"bolussnooze":0,"activity":-0.0015,"lastBolusTime":1703409068470,"time":"2023-12-24T12:16:06.098Z"}},{"iob":0.119,"basaliob":-0.028,"bolussnooze":0,"activity":0.002,"lastBolusTime":1703409068470,"time":"2023-12-24T12:21:06.098Z","iobWithZeroTemp":{"iob":-0.332,"basaliob":-0.479,"bolussnooze":0,"activity":-0.0018,"lastBolusTime":1703409068470,"time":"2023-12-24T12:21:06.098Z"}},{"iob":0.11,"basaliob":-0.026,"bolussnooze":0,"activity":0.0018,"lastBolusTime":1703409068470,"time":"2023-12-24T12:26:06.098Z","iobWithZeroTemp":{"iob":-0.347,"basaliob":-0.483,"bolussnooze":0,"activity":-0.0021,"lastBolusTime":1703409068470,"time":"2023-12-24T12:26:06.098Z"}},{"iob":0.101,"basaliob":-0.024,"bolussnooze":0,"activity":0.0017,"lastBolusTime":1703409068470,"time":"2023-12-24T12:31:06.098Z","iobWithZeroTemp":{"iob":-0.362,"basaliob":-0.487,"bolussnooze":0,"activity":-0.0022,"lastBolusTime":1703409068470,"time":"2023-12-24T12:31:06.098Z"}},{"iob":0.092,"basaliob":-0.023,"bolussnooze":0,"activity":0.0016,"lastBolusTime":1703409068470,"time":"2023-12-24T12:36:06.098Z","iobWithZeroTemp":{"iob":-0.376,"basaliob":-0.491,"bolussnooze":0,"activity":-0.0024,"lastBolusTime":1703409068470,"time":"2023-12-24T12:36:06.098Z"}},{"iob":0.085,"basaliob":-0.021,"bolussnooze":0,"activity":0.0015,"lastBolusTime":1703409068470,"time":"2023-12-24T12:41:06.098Z","iobWithZeroTemp":{"iob":-0.388,"basaliob":-0.494,"bolussnooze":0,"activity":-0.0026,"lastBolusTime":1703409068470,"time":"2023-12-24T12:41:06.098Z"}},{"iob":0.078,"basaliob":-0.019,"bolussnooze":0,"activity":0.0014,"lastBolusTime":1703409068470,"time":"2023-12-24T12:46:06.098Z","iobWithZeroTemp":{"iob":-0.399,"basaliob":-0.496,"bolussnooze":0,"activity":-0.0027,"lastBolusTime":1703409068470,"time":"2023-12-24T12:46:06.098Z"}},{"iob":0.071,"basaliob":-0.018,"bolussnooze":0,"activity":0.0012,"lastBolusTime":1703409068470,"time":"2023-12-24T12:51:06.098Z","iobWithZeroTemp":{"iob":-0.41,"basaliob":-0.499,"bolussnooze":0,"activity":-0.003,"lastBolusTime":1703409068470,"time":"2023-12-24T12:51:06.098Z"}},{"iob":0.065,"basaliob":-0.017,"bolussnooze":0,"activity":0.0011,"lastBolusTime":1703409068470,"time":"2023-12-24T12:56:06.098Z","iobWithZeroTemp":{"iob":-0.42,"basaliob":-0.502,"bolussnooze":0,"activity":-0.0032,"lastBolusTime":1703409068470,"time":"2023-12-24T12:56:06.098Z"}},{"iob":0.06,"basaliob":-0.015,"bolussnooze":0,"activity":0.0011,"lastBolusTime":1703409068470,"time":"2023-12-24T13:01:06.098Z","iobWithZeroTemp":{"iob":-0.429,"basaliob":-0.504,"bolussnooze":0,"activity":-0.0032,"lastBolusTime":1703409068470,"time":"2023-12-24T13:01:06.098Z"}},{"iob":0.055,"basaliob":-0.014,"bolussnooze":0,"activity":0.001,"lastBolusTime":1703409068470,"time":"2023-12-24T13:06:06.098Z","iobWithZeroTemp":{"iob":-0.437,"basaliob":-0.506,"bolussnooze":0,"activity":-0.0034,"lastBolusTime":1703409068470,"time":"2023-12-24T13:06:06.098Z"}},{"iob":0.05,"basaliob":-0.013,"bolussnooze":0,"activity":9.0E-4,"lastBolusTime":1703409068470,"time":"2023-12-24T13:11:06.098Z","iobWithZeroTemp":{"iob":-0.445,"basaliob":-0.508,"bolussnooze":0,"activity":-0.0035,"lastBolusTime":1703409068470,"time":"2023-12-24T13:11:06.098Z"}},{"iob":0.046,"basaliob":-0.012,"bolussnooze":0,"activity":8.0E-4,"lastBolusTime":1703409068470,"time":"2023-12-24T13:16:06.098Z","iobWithZeroTemp":{"iob":-0.452,"basaliob":-0.51,"bolussnooze":0,"activity":-0.0037,"lastBolusTime":1703409068470,"time":"2023-12-24T13:16:06.098Z"}},{"iob":0.042,"basaliob":-0.011,"bolussnooze":0,"activity":8.0E-4,"lastBolusTime":1703409068470,"time":"2023-12-24T13:21:06.098Z","iobWithZeroTemp":{"iob":-0.458,"basaliob":-0.511,"bolussnooze":0,"activity":-0.0037,"lastBolusTime":1703409068470,"time":"2023-12-24T13:21:06.098Z"}},{"iob":0.038,"basaliob":-0.01,"bolussnooze":0,"activity":7.0E-4,"lastBolusTime":1703409068470,"time":"2023-12-24T13:26:06.098Z","iobWithZeroTemp":{"iob":-0.465,"basaliob":-0.513,"bolussnooze":0,"activity":-0.0038,"lastBolusTime":1703409068470,"time":"2023-12-24T13:26:06.098Z"}},{"iob":0.035,"basaliob":-0.009,"bolussnooze":0,"activity":6.0E-4,"lastBolusTime":1703409068470,"time":"2023-12-24T13:31:06.098Z","iobWithZeroTemp":{"iob":-0.47,"basaliob":-0.514,"bolussnooze":0,"activity":-0.004,"lastBolusTime":1703409068470,"time":"2023-12-24T13:31:06.098Z"}},{"iob":0.031,"basaliob":-0.009,"bolussnooze":0,"activity":6.0E-4,"lastBolusTime":1703409068470,"time":"2023-12-24T13:36:06.098Z","iobWithZeroTemp":{"iob":-0.476,"basaliob":-0.516,"bolussnooze":0,"activity":-0.004,"lastBolusTime":1703409068470,"time":"2023-12-24T13:36:06.098Z"}},{"iob":0.029,"basaliob":-0.008,"bolussnooze":0,"activity":6.0E-4,"lastBolusTime":1703409068470,"time":"2023-12-24T13:41:06.098Z","iobWithZeroTemp":{"iob":-0.48,"basaliob":-0.517,"bolussnooze":0,"activity":-0.004,"lastBolusTime":1703409068470,"time":"2023-12-24T13:41:06.098Z"}},{"iob":0.026,"basaliob":-0.007,"bolussnooze":0,"activity":5.0E-4,"lastBolusTime":1703409068470,"time":"2023-12-24T13:46:06.098Z","iobWithZeroTemp":{"iob":-0.485,"basaliob":-0.518,"bolussnooze":0,"activity":-0.0042,"lastBolusTime":1703409068470,"time":"2023-12-24T13:46:06.098Z"}},{"iob":0.023,"basaliob":-0.007,"bolussnooze":0,"activity":5.0E-4,"lastBolusTime":1703409068470,"time":"2023-12-24T13:51:06.098Z","iobWithZeroTemp":{"iob":-0.489,"basaliob":-0.519,"bolussnooze":0,"activity":-0.0042,"lastBolusTime":1703409068470,"time":"2023-12-24T13:51:06.098Z"}}],"profile":{"max_iob":4,"type":"current","max_daily_basal":0.5,"max_basal":1.2,"min_bg":91.79999999999998,"max_bg":91.79999999999998,"target_bg":91.79999999999998,"carb_ratio":30,"sens":126,"max_daily_safety_multiplier":3,"current_basal_safety_multiplier":4,"high_temptarget_raises_sensitivity":false,"low_temptarget_lowers_sensitivity":false,"sensitivity_raises_target":true,"resistance_lowers_target":true,"adv_target_adjustments":false,"exercise_mode":false,"half_basal_exercise_target":160,"maxCOB":120,"skip_neutral_temps":false,"remainingCarbsCap":90,"enableUAM":true,"A52_risk_enable":false,"SMBInterval":3,"enableSMB_with_COB":true,"enableSMB_with_temptarget":true,"allowSMB_with_high_temptarget":false,"enableSMB_always":false,"enableSMB_after_carbs":false,"maxSMBBasalMinutes":75,"maxUAMSMBBasalMinutes":75,"bolus_increment":0.05,"carbsReqThreshold":10,"current_basal":0.3,"temptargetSet":true,"autosens_max":1.2,"out_units":"mmol\/L"},"autosens_data":{"ratio":1},"meal_data":{"carbs":0,"mealCOB":0,"slopeFromMaxDeviation":-1.7654,"slopeFromMinDeviation":1.2870000000000001,"lastBolusTime":1703409068470,"lastCarbTime":0},"microBolusAllowed":true,"currentTime":1703411767365,"flatBGsDetected":false},"output":{"temp":"absolute","bg":95,"tick":-8,"eventualBG":-54,"targetBG":91.79999999999998,"insulinReq":0,"deliverAt":"2023-12-24T09:56:07.365Z","sensitivityRatio":1,"predBGs":{"IOB":[95,86,77,69,62,54,47,41,39,39,39,39,39],"ZT":[95,88,81,75,69,63,58,53,48,43,39,39,39,39,39,39,39,39,39,39,39,39,39,39,39,39,39,39,39,39,39,39,39,39,39,39,39,39,39,39,39,40,43,45,48,50,53,55]},"COB":0,"IOB":0.959,"reason":"COB: 0, Dev: -1.6, BGI: -0.4, ISF: 7.0, CR: 30, Target: 5.1, minPredBG 0.9, minGuardBG -2.2, IOBpredBG 2.2; 22 add'l carbs req w\/in 20m; minGuardBG -2.2<3.7","carbsReq":22,"carbsReqWithin":20,"duration":120,"rate":0,"timestamp":"2023-12-24T09:56:07.395Z"}}