{"algorithm":"OpenAPSSMBPlugin","input":{"glucoseStatus":{"glucose":106,"noise":0,"delta":3.33,"short_avgdelta":3.15,"long_avgdelta":2.87,"date":1703525716127},"currenttemp":{"temp":"absolute","duration":25,"rate":0.85,"minutesrunning":5},"iob_data":[{"iob":0.081,"basaliob":0.081,"bolussnooze":0,"activity":7.0E-4,"lastBolusTime":0,"time":"2023-12-25T17:36:08.981Z","iobWithZeroTemp":{"iob":0.081,"basaliob":0.081,"bolussnooze":0,"activity":7.0E-4,"lastBolusTime":0,"time":"2023-12-25T17:36:08.981Z"}},{"iob":0.077,"basaliob":0.077,"bolussnooze":0,"activity":7.0E-4,"lastBolusTime":0,"time":"2023-12-25T17:41:08.981Z","iobWithZeroTemp":{"iob":0.05,"basaliob":0.05,"bolussnooze":0,"activity":7.0E-4,"lastBolusTime":0,"time":"2023-12-25T17:41:08.981Z"}},{"iob":0.074,"basaliob":0.074,"bolussnooze":0,"activity":7.0E-4,"lastBolusTime":0,"time":"2023-12-25T17:46:08.981Z","iobWithZeroTemp":{"iob":0.014,"basaliob":0.014,"bolussnooze":0,"activity":6.0E-4,"lastBolusTime":0,"time":"2023-12-25T17:46:08.981Z"}},{"iob":0.07,"basaliob":0.07,"bolussnooze":0,"activity":7.0E-4,"lastBolusTime":0,"time":"2023-12-25T17:51:08.981Z","iobWithZeroTemp":{"iob":-0.022,"basaliob":-0.022,"bolussnooze":0,"activity":5.0E-4,"lastBolusTime":0,"time":"2023-12-25T17:51:08.981Z"}},{"iob":0.067,"basaliob":0.067,"bolussnooze":0,"activity":7.0E-4,"lastBolusTime":0,"time":"2023-12-25T17:56:08.981Z","iobWithZeroTemp":{"iob":-0.058,"basaliob":-0.058,"bolussnooze":0,"activity":4.0E-4,"lastBolusTime":0,"time":"2023-12-25T17:56:08.981Z"}},{"iob":0.063,"basaliob":0.063,"bolussnooze":0,"activity":7.0E-4,"lastBolusTime":0,"time":"2023-12-25T18:01:08.981Z","iobWithZeroTemp":{"iob":-0.093,"basaliob":-0.093,"bolussnooze":0,"activity":2.0E-4,"lastBolusTime":0,"time":"2023-12-25T18:01:08.981Z"}},{"iob":0.06,"basaliob":0.06,"bolussnooze":0,"activity":7.0E-4,"lastBolusTime":0,"time":"2023-12-25T18:06:08.981Z","iobWithZeroTemp":{"iob":-0.126,"basaliob":-0.126,"bolussnooze":0,"activity":0,"lastBolusTime":0,"time":"2023-12-25T18:06:08.981Z"}},{"iob":0.056,"basaliob":0.056,"bolussnooze":0,"activity":7.0E-4,"lastBolusTime":0,"time":"2023-12-25T18:11:08.981Z","iobWithZeroTemp":{"iob":-0.16,"basaliob":-0.16,"bolussnooze":0,"activity":-2.0E-4,"lastBolusTime":0,"time":"2023-12-25T18:11:08.981Z"}},{"iob":0.053,"basaliob":0.053,"bolussnooze":0,"activity":6.0E-4,"lastBolusTime":0,"time":"2023-12-25T18:16:08.981Z","iobWithZeroTemp":{"iob":-0.191,"basaliob":-0.191,"bolussnooze":0,"activity":-5.0E-4,"lastBolusTime":0,"time":"2023-12-25T18:16:08.981Z"}},{"iob":0.05,"basaliob":0.05,"bolussnooze":0,"activity":6.0E-4,"lastBolusTime":0,"time":"2023-12-25T18:21:08.981Z","iobWithZeroTemp":{"iob":-0.222,"basaliob":-0.222,"bolussnooze":0,"activity":-7.0E-4,"lastBolusTime":0,"time":"2023-12-25T18:21:08.981Z"}},{"iob":0.047,"basaliob":0.047,"bolussnooze":0,"activity":6.0E-4,"lastBolusTime":0,"time":"2023-12-25T18:26:08.981Z","iobWithZeroTemp":{"iob":-0.251,"basaliob":-0.251,"bolussnooze":0,"activity":-9.0E-4,"lastBolusTime":0,"time":"2023-12-25T18:26:08.981Z"}},{"iob":0.044,"basaliob":0.044,"bolussnooze":0,"activity":6.0E-4,"lastBolusTime":0,"time":"2023-12-25T18:31:08.981Z","iobWithZeroTemp":{"iob":-0.279,"basaliob":-0.279,"bolussnooze":0,"activity":-0.0012,"lastBolusTime":0,"time":"2023-12-25T18:31:08.981Z"}},{"iob":0.041,"basaliob":0.041,"bolussnooze":0,"activity":5.0E-4,"lastBolusTime":0,"time":"2023-12-25T18:36:08.981Z","iobWithZeroTemp":{"iob":-0.306,"basaliob":-0.306,"bolussnooze":0,"activity":-0.0015,"lastBolusTime":0,"time":"2023-12-25T18:36:08.981Z"}},{"iob":0.039,"basaliob":0.039,"bolussnooze":0,"activity":5.0E-4,"lastBolusTime":0,"time":"2023-12-25T18:41:08.981Z","iobWithZeroTemp":{"iob":-0.331,"basaliob":-0.331,"bolussnooze":0,"activity":-0.0017,"lastBolusTime":0,"time":"2023-12-25T18:41:08.981Z"}},{"iob":0.036,"basaliob":0.036,"bolussnooze":0,"activity":5.0E-4,"lastBolusTime":0,"time":"2023-12-25T18:46:08.981Z","iobWithZeroTemp":{"iob":-0.355,"basaliob":-0.355,"bolussnooze":0,"activity":-0.0019,"lastBolusTime":0,"time":"2023-12-25T18:46:08.981Z"}},{"iob":0.034,"basaliob":0.034,"bolussnooze":0,"activity":5.0E-4,"lastBolusTime":0,"time":"2023-12-25T18:51:08.981Z","iobWithZeroTemp":{"iob":-0.378,"basaliob":-0.378,"bolussnooze":0,"activity":-0.0022,"lastBolusTime":0,"time":"2023-12-25T18:51:08.981Z"}},{"iob":0.032,"basaliob":0.032,"bolussnooze":0,"activity":4.0E-4,"lastBolusTime":0,"time":"2023-12-25T18:56:08.981Z","iobWithZeroTemp":{"iob":-0.399,"basaliob":-0.399,"bolussnooze":0,"activity":-0.0025,"lastBolusTime":0,"time":"2023-12-25T18:56:08.981Z"}},{"iob":0.03,"basaliob":0.03,"bolussnooze":0,"activity":4.0E-4,"lastBolusTime":0,"time":"2023-12-25T19:01:08.981Z","iobWithZeroTemp":{"iob":-0.42,"basaliob":-0.42,"bolussnooze":0,"activity":-0.0027,"lastBolusTime":0,"time":"2023-12-25T19:01:08.981Z"}},{"iob":0.027,"basaliob":0.027,"bolussnooze":0,"activity":4.0E-4,"lastBolusTime":0,"time":"2023-12-25T19:06:08.981Z","iobWithZeroTemp":{"iob":-0.44,"basaliob":-0.44,"bolussnooze":0,"activity":-0.0029,"lastBolusTime":0,"time":"2023-12-25T19:06:08.981Z"}},{"iob":0.026,"basaliob":0.026,"bolussnooze":0,"activity":4.0E-4,"lastBolusTime":0,"time":"2023-12-25T19:11:08.981Z","iobWithZeroTemp":{"iob":-0.458,"basaliob":-0.458,"bolussnooze":0,"activity":-0.0031,"lastBolusTime":0,"time":"2023-12-25T19:11:08.981Z"}},{"iob":0.024,"basaliob":0.024,"bolussnooze":0,"activity":3.0E-4,"lastBolusTime":0,"time":"2023-12-25T19:16:08.981Z","iobWithZeroTemp":{"iob":-0.475,"basaliob":-0.475,"bolussnooze":0,"activity":-0.0034,"lastBolusTime":0,"time":"2023-12-25T19:16:08.981Z"}},{"iob":0.022,"basaliob":0.022,"bolussnooze":0,"activity":3.0E-4,"lastBolusTime":0,"time":"2023-12-25T19:21:08.981Z","iobWithZeroTemp":{"iob":-0.492,"basaliob":-0.492,"bolussnooze":0,"activity":-0.0036,"lastBolusTime":0,"time":"2023-12-25T19:21:08.981Z"}},{"iob":0.021,"basaliob":0.021,"bolussnooze":0,"activity":3.0E-4,"lastBolusTime":0,"time":"2023-12-25T19:26:08.981Z","iobWithZeroTemp":{"iob":-0.506,"basaliob":-0.506,"bolussnooze":0,"activity":-0.0037,"lastBolusTime":0,"time":"2023-12-25T19:26:08.981Z"}},{"iob":0.019,"basaliob":0.019,"bolussnooze":0,"activity":3.0E-4,"lastBolusTime":0,"time":"2023-12-25T19:31:08.981Z","iobWithZeroTemp":{"iob":-0.521,"basaliob":-0.521,"bolussnooze":0,"activity":-0.0039,"lastBolusTime":0,"time":"2023-12-25T19:31:08.981Z"}},{"iob":0.018,"basaliob":0.018,"bolussnooze":0,"activity":3.0E-4,"lastBolusTime":0,"time":"2023-12-25T19:36:08.981Z","iobWithZeroTemp":{"iob":-0.534,"basaliob":-0.534,"bolussnooze":0,"activity":-0.004,"lastBolusTime":0,"time":"2023-12-25T19:36:08.981Z"}},{"iob":0.016,"basaliob":0.016,"bolussnooze":0,"activity":3.0E-4,"lastBolusTime":0,"time":"2023-12-25T19:41:08.981Z","iobWithZeroTemp":{"iob":-0.547,"basaliob":-0.547,"bolussnooze":0,"activity":-0.0042,"lastBolusTime":0,"time":"2023-12-25T19:41:08.981Z"}},{"iob":0.015,"basaliob":0.015,"bolussnooze":0,"activity":2.0E-4,"lastBolusTime":0,"time":"2023-12-25T19:46:08.981Z","iobWithZeroTemp":{"iob":-0.559,"basaliob":-0.559,"bolussnooze":0,"activity":-0.0044,"lastBolusTime":0,"time":"2023-12-25T19:46:08.981Z"}},{"iob":0.014,"basaliob":0.014,"bolussnooze":0,"activity":2.0E-4,"lastBolusTime":0,"time":"2023-12-25T19:51:08.981Z","iobWithZeroTemp":{"iob":-0.57,"basaliob":-0.57,"bolussnooze":0,"activity":-0.0046,"lastBolusTime":0,"time":"2023-12-25T19:51:08.981Z"}},{"iob":0.013,"basaliob":0.013,"bolussnooze":0,"activity":2.0E-4,"lastBolusTime":0,"time":"2023-12-25T19:56:08.981Z","iobWithZeroTemp":{"iob":-0.58,"basaliob":-0.58,"bolussnooze":0,"activity":-0.0047,"lastBolusTime":0,"time":"2023-12-25T19:56:08.981Z"}},{"iob":0.012,"basaliob":0.012,"bolussnooze":0,"activity":2.0E-4,"lastBolusTime":0,"time":"2023-12-25T20:01:08.981Z","iobWithZeroTemp":{"iob":-0.589,"basaliob":-0.589,"bolussnooze":0,"activity":-0.0048,"lastBolusTime":0,"time":"2023-12-25T20:01:08.981Z"}},{"iob":0.011,"basaliob":0.011,"bolussnooze":0,"activity":2.0E-4,"lastBolusTime":0,"time":"2023-12-25T20:06:08.981Z","iobWithZeroTemp":{"iob":-0.607,"basaliob":-0.607,"bolussnooze":0,"activity":-0.0049,"lastBolusTime":0,"time":"2023-12-25T20:06:08.981Z"}},{"iob":0.01,"basaliob":0.01,"bolussnooze":0,"activity":2.0E-4,"lastBolusTime":0,"time":"2023-12-25T20:11:08.981Z","iobWithZeroTemp":{"iob":-0.623,"basaliob":-0.623,"bolussnooze":0,"activity":-0.0051,"lastBolusTime":0,"time":"2023-12-25T20:11:08.981Z"}},{"iob":0.009,"basaliob":0.009,"bolussnooze":0,"activity":2.0E-4,"lastBolusTime":0,"time":"2023-12-25T20:16:08.981Z","iobWithZeroTemp":{"iob":-0.639,"basaliob":-0.639,"bolussnooze":0,"activity":-0.0052,"lastBolusTime":0,"time":"2023-12-25T20:16:08.981Z"}},{"iob":0.009,"basaliob":0.009,"bolussnooze":0,"activity":1.0E-4,"lastBolusTime":0,"time":"2023-12-25T20:21:08.981Z","iobWithZeroTemp":{"iob":-0.654,"basaliob":-0.654,"bolussnooze":0,"activity":-0.0054,"lastBolusTime":0,"time":"2023-12-25T20:21:08.981Z"}},{"iob":0.008,"basaliob":0.008,"bolussnooze":0,"activity":1.0E-4,"lastBolusTime":0,"time":"2023-12-25T20:26:08.981Z","iobWithZeroTemp":{"iob":-0.668,"basaliob":-0.668,"bolussnooze":0,"activity":-0.0056,"lastBolusTime":0,"time":"2023-12-25T20:26:08.981Z"}},{"iob":0.007,"basaliob":0.007,"bolussnooze":0,"activity":1.0E-4,"lastBolusTime":0,"time":"2023-12-25T20:31:08.981Z","iobWithZeroTemp":{"iob":-0.682,"basaliob":-0.682,"bolussnooze":0,"activity":-0.0057,"lastBolusTime":0,"time":"2023-12-25T20:31:08.981Z"}},{"iob":0.007,"basaliob":0.007,"bolussnooze":0,"activity":1.0E-4,"lastBolusTime":0,"time":"2023-12-25T20:36:08.981Z","iobWithZeroTemp":{"iob":-0.695,"basaliob":-0.695,"bolussnooze":0,"activity":-0.0058,"lastBolusTime":0,"time":"2023-12-25T20:36:08.981Z"}},{"iob":0.006,"basaliob":0.006,"bolussnooze":0,"activity":1.0E-4,"lastBolusTime":0,"time":"2023-12-25T20:41:08.981Z","iobWithZeroTemp":{"iob":-0.707,"basaliob":-0.707,"bolussnooze":0,"activity":-0.0059,"lastBolusTime":0,"time":"2023-12-25T20:41:08.981Z"}},{"iob":0.006,"basaliob":0.006,"bolussnooze":0,"activity":1.0E-4,"lastBolusTime":0,"time":"2023-12-25T20:46:08.981Z","iobWithZeroTemp":{"iob":-0.719,"basaliob":-0.719,"bolussnooze":0,"activity":-0.0061,"lastBolusTime":0,"time":"2023-12-25T20:46:08.981Z"}},{"iob":0.005,"basaliob":0.005,"bolussnooze":0,"activity":1.0E-4,"lastBolusTime":0,"time":"2023-12-25T20:51:08.981Z","iobWithZeroTemp":{"iob":-0.73,"basaliob":-0.73,"bolussnooze":0,"activity":-0.0062,"lastBolusTime":0,"time":"2023-12-25T20:51:08.981Z"}},{"iob":0.005,"basaliob":0.005,"bolussnooze":0,"activity":1.0E-4,"lastBolusTime":0,"time":"2023-12-25T20:56:08.981Z","iobWithZeroTemp":{"iob":-0.74,"basaliob":-0.74,"bolussnooze":0,"activity":-0.0063,"lastBolusTime":0,"time":"2023-12-25T20:56:08.981Z"}},{"iob":0.004,"basaliob":0.004,"bolussnooze":0,"activity":1.0E-4,"lastBolusTime":0,"time":"2023-12-25T21:01:08.981Z","iobWithZeroTemp":{"iob":-0.751,"basaliob":-0.751,"bolussnooze":0,"activity":-0.0064,"lastBolusTime":0,"time":"2023-12-25T21:01:08.981Z"}},{"iob":0.004,"basaliob":0.004,"bolussnooze":0,"activity":1.0E-4,"lastBolusTime":0,"time":"2023-12-25T21:06:08.981Z","iobWithZeroTemp":{"iob":-0.759,"basaliob":-0.759,"bolussnooze":0,"activity":-0.0065,"lastBolusTime":0,"time":"2023-12-25T21:06:08.981Z"}},{"iob":0.004,"basaliob":0.004,"bolussnooze":0,"activity":1.0E-4,"lastBolusTime":0,"time":"2023-12-25T21:11:08.981Z","iobWithZeroTemp":{"iob":-0.768,"basaliob":-0.768,"bolussnooze":0,"activity":-0.0066,"lastBolusTime":0,"time":"2023-12-25T21:11:08.981Z"}},{"iob":0.003,"basaliob":0.003,"bolussnooze":0,"activity":1.0E-4,"lastBolusTime":0,"time":"2023-12-25T21:16:08.981Z","iobWithZeroTemp":{"iob":-0.777,"basaliob":-0.777,"bolussnooze":0,"activity":-0.0067,"lastBolusTime":0,"time":"2023-12-25T21:16:08.981Z"}},{"iob":0.003,"basaliob":0.003,"bolussnooze":0,"activity":1.0E-4,"lastBolusTime":0,"time":"2023-12-25T21:21:08.981Z","iobWithZeroTemp":{"iob":-0.784,"basaliob":-0.784,"bolussnooze":0,"activity":-0.0068,"lastBolusTime":0,"time":"2023-12-25T21:21:08.981Z"}},{"iob":0.003,"basaliob":0.003,"bolussnooze":0,"activity":1.0E-4,"lastBolusTime":0,"time":"2023-12-25T21:26:08.981Z","iobWithZeroTemp":{"iob":-0.791,"basaliob":-0.791,"bolussnooze":0,"activity":-0.0069,"lastBolusTime":0,"time":"2023-12-25T21:26:08.981Z"}},{"iob":0.002,"basaliob":0.002,"bolussnooze":0,"activity":0,"lastBolusTime":0,"time":"2023-12-25T21:31:08.981Z","iobWithZeroTemp":{"iob":-0.798,"basaliob":-0.798,"bolussnooze":0,"activity":-0.0071,"lastBolusTime":0,"time":"2023-12-25T21:31:08.981Z"}}],"profile":{"max_iob":4,"type":"current","max_daily_basal":0.5,"max_basal":1.5,"min_bg":90,"max_bg":90,"target_bg":90,"carb_ratio":20,"sens":117,"max_daily_safety_multiplier":3,"current_basal_safety_multiplier":4,"high_temptarget_raises_sensitivity":false,"low_temptarget_lowers_sensitivity":false,"sensitivity_raises_target":true,"resistance_lowers_target":true,"adv_target_adjustments":false,"exercise_mode":false,"half_basal_exercise_target":160,"maxCOB":120,"skip_neutral_temps":false,"remainingCarbsCap":90,"enableUAM":true,"A52_risk_enable":false,"SMBInterval":3,"enableSMB_with_COB":true,"enableSMB_with_temptarget":true,"allowSMB_with_high_temptarget":false,"enableSMB_always":false,"enableSMB_after_carbs":false,"maxSMBBasalMinutes":75,"maxUAMSMBBasalMinutes":75,"bolus_increment":0.05,"carbsReqThreshold":10,"current_basal":0.4,"temptargetSet":false,"autosens_max":1.2,"out_units":"mmol\/L"},"autosens_data":{"ratio":1},"meal_data":{"carbs":0,"mealCOB":0,"slopeFromMaxDeviation":-0.5206666666666666,"slopeFromMinDeviation":1.1769999999999996,"lastBolusTime":1703430368291,"lastCarbTime":0},"microBolusAllowed":true,"currentTime":1703525770355,"flatBGsDetected":false},"output":{"temp":"absolute","bg":106,"tick":"+3","eventualBG":118,"targetBG":90,"insulinReq":0.19,"deliverAt":"2023-12-25T17:36:10.355Z","sensitivityRatio":1,"predBGs":{"IOB":[106,109,111,114,116,117,119,120,121,121,122,121,121,121,121,120,120,120,120,119,119,119,119,118,118,118,118,118,118,118,117,117,117,117,117,117,117,117,117,117,117,117,117,117,116],"ZT":[106,106,105,105,105,104,104,104,104,105,105,106,106],"UAM":[106,109,111,112,114,114,114,114,113,113,113,112,112,112,111,111,111,111,110,110,110,110,110,109,109,109,109,109,109,108,108,108,108,108,108,108,108,108,108,108,108,108,107]},"COB":0,"IOB":0.081,"reason":"COB: 0, Dev: 1.2, BGI: 0.0, ISF: 6.5, CR: 20, Target: 5.0, minPredBG 6.2, minGuardBG 5.9, IOBpredBG 6.4, UAMpredBG 5.9; Eventual BG 6.6 >= 5.0, temp 0.85 >~ req 0.78U\/hr. ","timestamp":"2023-12-25T17:36:10.376Z"}}