{"algorithm":"OpenAPSSMBPlugin","input":{"glucoseStatus":{"glucose":128,"noise":0,"delta":5.67,"short_avgdelta":5.3,"long_avgdelta":4.5,"date":1703449815084},"currenttemp":{"temp":"absolute","duration":25,"rate":1.25,"minutesrunning":5},"iob_data":[{"iob":0.244,"basaliob":0.23,"bolussnooze":0,"activity":0.0012,"lastBolusTime":1703430368291,"time":"2023-12-24T20:31:07.752Z","iobWithZeroTemp":{"iob":0.244,"basaliob":0.23,"bolussnooze":0,"activity":0.0012,"lastBolusTime":1703430368291,"time":"2023-12-24T20:31:07.752Z"}},{"iob":0.237,"basaliob":0.224,"bolussnooze":0,"activity":0.0014,"lastBolusTime":1703430368291,"time":"2023-12-24T20:36:07.752Z","iobWithZeroTemp":{"iob":0.203,"basaliob":0.19,"bolussnooze":0,"activity":0.0014,"lastBolusTime":1703430368291,"time":"2023-12-24T20:36:07.752Z"}},{"iob":0.23,"basaliob":0.218,"bolussnooze":0,"activity":0.0015,"lastBolusTime":1703430368291,"time":"2023-12-24T20:41:07.752Z","iobWithZeroTemp":{"iob":0.154,"basaliob":0.142,"bolussnooze":0,"activity":0.0014,"lastBolusTime":1703430368291,"time":"2023-12-24T20:41:07.752Z"}},{"iob":0.221,"basaliob":0.211,"bolussnooze":0,"activity":0.0016,"lastBolusTime":1703430368291,"time":"2023-12-24T20:46:07.752Z","iobWithZeroTemp":{"iob":0.103,"basaliob":0.093,"bolussnooze":0,"activity":0.0014,"lastBolusTime":1703430368291,"time":"2023-12-24T20:46:07.752Z"}},{"iob":0.213,"basaliob":0.204,"bolussnooze":0,"activity":0.0017,"lastBolusTime":1703430368291,"time":"2023-12-24T20:51:07.752Z","iobWithZeroTemp":{"iob":0.054,"basaliob":0.045,"bolussnooze":0,"activity":0.0013,"lastBolusTime":1703430368291,"time":"2023-12-24T20:51:07.752Z"}},{"iob":0.205,"basaliob":0.197,"bolussnooze":0,"activity":0.0018,"lastBolusTime":1703430368291,"time":"2023-12-24T20:56:07.752Z","iobWithZeroTemp":{"iob":0.006,"basaliob":-0.002,"bolussnooze":0,"activity":0.0012,"lastBolusTime":1703430368291,"time":"2023-12-24T20:56:07.752Z"}},{"iob":0.197,"basaliob":0.189,"bolussnooze":0,"activity":0.0018,"lastBolusTime":1703430368291,"time":"2023-12-24T21:01:07.752Z","iobWithZeroTemp":{"iob":-0.041,"basaliob":-0.049,"bolussnooze":0,"activity":9.0E-4,"lastBolusTime":1703430368291,"time":"2023-12-24T21:01:07.752Z"}},{"iob":0.188,"basaliob":0.181,"bolussnooze":0,"activity":0.0018,"lastBolusTime":1703430368291,"time":"2023-12-24T21:06:07.752Z","iobWithZeroTemp":{"iob":-0.087,"basaliob":-0.094,"bolussnooze":0,"activity":7.0E-4,"lastBolusTime":1703430368291,"time":"2023-12-24T21:06:07.752Z"}},{"iob":0.178,"basaliob":0.172,"bolussnooze":0,"activity":0.0017,"lastBolusTime":1703430368291,"time":"2023-12-24T21:11:07.752Z","iobWithZeroTemp":{"iob":-0.133,"basaliob":-0.139,"bolussnooze":0,"activity":3.0E-4,"lastBolusTime":1703430368291,"time":"2023-12-24T21:11:07.752Z"}},{"iob":0.169,"basaliob":0.164,"bolussnooze":0,"activity":0.0017,"lastBolusTime":1703430368291,"time":"2023-12-24T21:16:07.752Z","iobWithZeroTemp":{"iob":-0.177,"basaliob":-0.182,"bolussnooze":0,"activity":0,"lastBolusTime":1703430368291,"time":"2023-12-24T21:16:07.752Z"}},{"iob":0.161,"basaliob":0.156,"bolussnooze":0,"activity":0.0017,"lastBolusTime":1703430368291,"time":"2023-12-24T21:21:07.752Z","iobWithZeroTemp":{"iob":-0.219,"basaliob":-0.224,"bolussnooze":0,"activity":-3.0E-4,"lastBolusTime":1703430368291,"time":"2023-12-24T21:21:07.752Z"}},{"iob":0.152,"basaliob":0.148,"bolussnooze":0,"activity":0.0017,"lastBolusTime":1703430368291,"time":"2023-12-24T21:26:07.752Z","iobWithZeroTemp":{"iob":-0.26,"basaliob":-0.264,"bolussnooze":0,"activity":-5.0E-4,"lastBolusTime":1703430368291,"time":"2023-12-24T21:26:07.752Z"}},{"iob":0.144,"basaliob":0.14,"bolussnooze":0,"activity":0.0016,"lastBolusTime":1703430368291,"time":"2023-12-24T21:31:07.752Z","iobWithZeroTemp":{"iob":-0.298,"basaliob":-0.302,"bolussnooze":0,"activity":-9.0E-4,"lastBolusTime":1703430368291,"time":"2023-12-24T21:31:07.752Z"}},{"iob":0.136,"basaliob":0.133,"bolussnooze":0,"activity":0.0016,"lastBolusTime":1703430368291,"time":"2023-12-24T21:36:07.752Z","iobWithZeroTemp":{"iob":-0.335,"basaliob":-0.338,"bolussnooze":0,"activity":-0.0012,"lastBolusTime":1703430368291,"time":"2023-12-24T21:36:07.752Z"}},{"iob":0.128,"basaliob":0.125,"bolussnooze":0,"activity":0.0016,"lastBolusTime":1703430368291,"time":"2023-12-24T21:41:07.752Z","iobWithZeroTemp":{"iob":-0.371,"basaliob":-0.374,"bolussnooze":0,"activity":-0.0015,"lastBolusTime":1703430368291,"time":"2023-12-24T21:41:07.752Z"}},{"iob":0.121,"basaliob":0.118,"bolussnooze":0,"activity":0.0015,"lastBolusTime":1703430368291,"time":"2023-12-24T21:46:07.752Z","iobWithZeroTemp":{"iob":-0.404,"basaliob":-0.407,"bolussnooze":0,"activity":-0.0019,"lastBolusTime":1703430368291,"time":"2023-12-24T21:46:07.752Z"}},{"iob":0.113,"basaliob":0.111,"bolussnooze":0,"activity":0.0015,"lastBolusTime":1703430368291,"time":"2023-12-24T21:51:07.752Z","iobWithZeroTemp":{"iob":-0.437,"basaliob":-0.439,"bolussnooze":0,"activity":-0.0022,"lastBolusTime":1703430368291,"time":"2023-12-24T21:51:07.752Z"}},{"iob":0.107,"basaliob":0.105,"bolussnooze":0,"activity":0.0014,"lastBolusTime":1703430368291,"time":"2023-12-24T21:56:07.752Z","iobWithZeroTemp":{"iob":-0.467,"basaliob":-0.469,"bolussnooze":0,"activity":-0.0025,"lastBolusTime":1703430368291,"time":"2023-12-24T21:56:07.752Z"}},{"iob":0.1,"basaliob":0.098,"bolussnooze":0,"activity":0.0012,"lastBolusTime":1703430368291,"time":"2023-12-24T22:01:07.752Z","iobWithZeroTemp":{"iob":-0.496,"basaliob":-0.498,"bolussnooze":0,"activity":-0.003,"lastBolusTime":1703430368291,"time":"2023-12-24T22:01:07.752Z"}},{"iob":0.093,"basaliob":0.092,"bolussnooze":0,"activity":0.0012,"lastBolusTime":1703430368291,"time":"2023-12-24T22:06:07.752Z","iobWithZeroTemp":{"iob":-0.524,"basaliob":-0.525,"bolussnooze":0,"activity":-0.0032,"lastBolusTime":1703430368291,"time":"2023-12-24T22:06:07.752Z"}},{"iob":0.087,"basaliob":0.086,"bolussnooze":0,"activity":0.0011,"lastBolusTime":1703430368291,"time":"2023-12-24T22:11:07.752Z","iobWithZeroTemp":{"iob":-0.549,"basaliob":-0.55,"bolussnooze":0,"activity":-0.0036,"lastBolusTime":1703430368291,"time":"2023-12-24T22:11:07.752Z"}},{"iob":0.082,"basaliob":0.081,"bolussnooze":0,"activity":0.0011,"lastBolusTime":1703430368291,"time":"2023-12-24T22:16:07.752Z","iobWithZeroTemp":{"iob":-0.573,"basaliob":-0.574,"bolussnooze":0,"activity":-0.0038,"lastBolusTime":1703430368291,"time":"2023-12-24T22:16:07.752Z"}},{"iob":0.077,"basaliob":0.076,"bolussnooze":0,"activity":0.001,"lastBolusTime":1703430368291,"time":"2023-12-24T22:21:07.752Z","iobWithZeroTemp":{"iob":-0.595,"basaliob":-0.596,"bolussnooze":0,"activity":-0.0041,"lastBolusTime":1703430368291,"time":"2023-12-24T22:21:07.752Z"}},{"iob":0.072,"basaliob":0.071,"bolussnooze":0,"activity":0.001,"lastBolusTime":1703430368291,"time":"2023-12-24T22:26:07.752Z","iobWithZeroTemp":{"iob":-0.617,"basaliob":-0.618,"bolussnooze":0,"activity":-0.0043,"lastBolusTime":1703430368291,"time":"2023-12-24T22:26:07.752Z"}},{"iob":0.067,"basaliob":0.066,"bolussnooze":0,"activity":9.0E-4,"lastBolusTime":1703430368291,"time":"2023-12-24T22:31:07.752Z","iobWithZeroTemp":{"iob":-0.637,"basaliob":-0.638,"bolussnooze":0,"activity":-0.0046,"lastBolusTime":1703430368291,"time":"2023-12-24T22:31:07.752Z"}},{"iob":0.063,"basaliob":0.062,"bolussnooze":0,"activity":9.0E-4,"lastBolusTime":1703430368291,"time":"2023-12-24T22:36:07.752Z","iobWithZeroTemp":{"iob":-0.655,"basaliob":-0.656,"bolussnooze":0,"activity":-0.0048,"lastBolusTime":1703430368291,"time":"2023-12-24T22:36:07.752Z"}},{"iob":0.057,"basaliob":0.057,"bolussnooze":0,"activity":8.0E-4,"lastBolusTime":1703430368291,"time":"2023-12-24T22:41:07.752Z","iobWithZeroTemp":{"iob":-0.675,"basaliob":-0.675,"bolussnooze":0,"activity":-0.0051,"lastBolusTime":1703430368291,"time":"2023-12-24T22:41:07.752Z"}},{"iob":0.053,"basaliob":0.053,"bolussnooze":0,"activity":8.0E-4,"lastBolusTime":1703430368291,"time":"2023-12-24T22:46:07.752Z","iobWithZeroTemp":{"iob":-0.691,"basaliob":-0.691,"bolussnooze":0,"activity":-0.0053,"lastBolusTime":1703430368291,"time":"2023-12-24T22:46:07.752Z"}},{"iob":0.05,"basaliob":0.05,"bolussnooze":0,"activity":7.0E-4,"lastBolusTime":1703430368291,"time":"2023-12-24T22:51:07.752Z","iobWithZeroTemp":{"iob":-0.706,"basaliob":-0.706,"bolussnooze":0,"activity":-0.0055,"lastBolusTime":1703430368291,"time":"2023-12-24T22:51:07.752Z"}},{"iob":0.046,"basaliob":0.046,"bolussnooze":0,"activity":7.0E-4,"lastBolusTime":1703430368291,"time":"2023-12-24T22:56:07.752Z","iobWithZeroTemp":{"iob":-0.721,"basaliob":-0.721,"bolussnooze":0,"activity":-0.0057,"lastBolusTime":1703430368291,"time":"2023-12-24T22:56:07.752Z"}},{"iob":0.043,"basaliob":0.043,"bolussnooze":0,"activity":6.0E-4,"lastBolusTime":1703430368291,"time":"2023-12-24T23:01:07.752Z","iobWithZeroTemp":{"iob":-0.734,"basaliob":-0.734,"bolussnooze":0,"activity":-0.0059,"lastBolusTime":1703430368291,"time":"2023-12-24T23:01:07.752Z"}},{"iob":0.04,"basaliob":0.04,"bolussnooze":0,"activity":6.0E-4,"lastBolusTime":1703430368291,"time":"2023-12-24T23:06:07.752Z","iobWithZeroTemp":{"iob":-0.725,"basaliob":-0.725,"bolussnooze":0,"activity":-0.0061,"lastBolusTime":1703430368291,"time":"2023-12-24T23:06:07.752Z"}},{"iob":0.037,"basaliob":0.037,"bolussnooze":0,"activity":6.0E-4,"lastBolusTime":1703430368291,"time":"2023-12-24T23:11:07.752Z","iobWithZeroTemp":{"iob":-0.716,"basaliob":-0.716,"bolussnooze":0,"activity":-0.0061,"lastBolusTime":1703430368291,"time":"2023-12-24T23:11:07.752Z"}},{"iob":0.034,"basaliob":0.034,"bolussnooze":0,"activity":5.0E-4,"lastBolusTime":1703430368291,"time":"2023-12-24T23:16:07.752Z","iobWithZeroTemp":{"iob":-0.707,"basaliob":-0.707,"bolussnooze":0,"activity":-0.0063,"lastBolusTime":1703430368291,"time":"2023-12-24T23:16:07.752Z"}},{"iob":0.032,"basaliob":0.032,"bolussnooze":0,"activity":5.0E-4,"lastBolusTime":1703430368291,"time":"2023-12-24T23:21:07.752Z","iobWithZeroTemp":{"iob":-0.696,"basaliob":-0.696,"bolussnooze":0,"activity":-0.0063,"lastBolusTime":1703430368291,"time":"2023-12-24T23:21:07.752Z"}},{"iob":0.029,"basaliob":0.029,"bolussnooze":0,"activity":5.0E-4,"lastBolusTime":1703430368291,"time":"2023-12-24T23:26:07.752Z","iobWithZeroTemp":{"iob":-0.686,"basaliob":-0.686,"bolussnooze":0,"activity":-0.0063,"lastBolusTime":1703430368291,"time":"2023-12-24T23:26:07.752Z"}},{"iob":0.027,"basaliob":0.027,"bolussnooze":0,"activity":4.0E-4,"lastBolusTime":1703430368291,"time":"2023-12-24T23:31:07.752Z","iobWithZeroTemp":{"iob":-0.675,"basaliob":-0.675,"bolussnooze":0,"activity":-0.0064,"lastBolusTime":1703430368291,"time":"2023-12-24T23:31:07.752Z"}},{"iob":0.025,"basaliob":0.025,"bolussnooze":0,"activity":4.0E-4,"lastBolusTime":1703430368291,"time":"2023-12-24T23:36:07.752Z","iobWithZeroTemp":{"iob":-0.665,"basaliob":-0.665,"bolussnooze":0,"activity":-0.0064,"lastBolusTime":1703430368291,"time":"2023-12-24T23:36:07.752Z"}},{"iob":0.023,"basaliob":0.023,"bolussnooze":0,"activity":4.0E-4,"lastBolusTime":1703430368291,"time":"2023-12-24T23:41:07.752Z","iobWithZeroTemp":{"iob":-0.655,"basaliob":-0.655,"bolussnooze":0,"activity":-0.0063,"lastBolusTime":1703430368291,"time":"2023-12-24T23:41:07.752Z"}},{"iob":0.021,"basaliob":0.021,"bolussnooze":0,"activity":3.0E-4,"lastBolusTime":1703430368291,"time":"2023-12-24T23:46:07.752Z","iobWithZeroTemp":{"iob":-0.644,"basaliob":-0.644,"bolussnooze":0,"activity":-0.0064,"lastBolusTime":1703430368291,"time":"2023-12-24T23:46:07.752Z"}},{"iob":0.02,"basaliob":0.02,"bolussnooze":0,"activity":3.0E-4,"lastBolusTime":1703430368291,"time":"2023-12-24T23:51:07.752Z","iobWithZeroTemp":{"iob":-0.634,"basaliob":-0.634,"bolussnooze":0,"activity":-0.0063,"lastBolusTime":1703430368291,"time":"2023-12-24T23:51:07.752Z"}},{"iob":0.018,"basaliob":0.018,"bolussnooze":0,"activity":3.0E-4,"lastBolusTime":1703430368291,"time":"2023-12-24T23:56:07.752Z","iobWithZeroTemp":{"iob":-0.624,"basaliob":-0.624,"bolussnooze":0,"activity":-0.0062,"lastBolusTime":1703430368291,"time":"2023-12-24T23:56:07.752Z"}},{"iob":0.017,"basaliob":0.017,"bolussnooze":0,"activity":3.0E-4,"lastBolusTime":1703430368291,"time":"2023-12-25T00:01:07.752Z","iobWithZeroTemp":{"iob":-0.614,"basaliob":-0.614,"bolussnooze":0,"activity":-0.0061,"lastBolusTime":1703430368291,"time":"2023-12-25T00:01:07.752Z"}},{"iob":0.015,"basaliob":0.015,"bolussnooze":0,"activity":3.0E-4,"lastBolusTime":1703430368291,"time":"2023-12-25T00:06:07.752Z","iobWithZeroTemp":{"iob":-0.606,"basaliob":-0.606,"bolussnooze":0,"activity":-0.006,"lastBolusTime":1703430368291,"time":"2023-12-25T00:06:07.752Z"}},{"iob":0.014,"basaliob":0.014,"bolussnooze":0,"activity":2.0E-4,"lastBolusTime":0,"time":"2023-12-25T00:11:07.752Z","iobWithZeroTemp":{"iob":-0.596,"basaliob":-0.596,"bolussnooze":0,"activity":-0.0061,"lastBolusTime":0,"time":"2023-12-25T00:11:07.752Z"}},{"iob":0.013,"basaliob":0.013,"bolussnooze":0,"activity":2.0E-4,"lastBolusTime":0,"time":"2023-12-25T00:16:07.752Z","iobWithZeroTemp":{"iob":-0.588,"basaliob":-0.588,"bolussnooze":0,"activity":-0.006,"lastBolusTime":0,"time":"2023-12-25T00:16:07.752Z"}},{"iob":0.012,"basaliob":0.012,"bolussnooze":0,"activity":2.0E-4,"lastBolusTime":0,"time":"2023-12-25T00:21:07.752Z","iobWithZeroTemp":{"iob":-0.579,"basaliob":-0.579,"bolussnooze":0,"activity":-0.0059,"lastBolusTime":0,"time":"2023-12-25T00:21:07.752Z"}},{"iob":0.011,"basaliob":0.011,"bolussnooze":0,"activity":2.0E-4,"lastBolusTime":0,"time":"2023-12-25T00:26:07.752Z","iobWithZeroTemp":{"iob":-0.571,"basaliob":-0.571,"bolussnooze":0,"activity":-0.0058,"lastBolusTime":0,"time":"2023-12-25T00:26:07.752Z"}}],"profile":{"max_iob":4,"type":"current","max_daily_basal":0.5,"max_basal":1.5,"min_bg":90,"max_bg":90,"target_bg":90,"carb_ratio":20,"sens":117,"max_daily_safety_multiplier":3,"current_basal_safety_multiplier":4,"high_temptarget_raises_sensitivity":false,"low_temptarget_lowers_sensitivity":false,"sensitivity_raises_target":true,"resistance_lowers_target":true,"adv_target_adjustments":false,"exercise_mode":false,"half_basal_exercise_target":160,"maxCOB":120,"skip_neutral_temps":false,"remainingCarbsCap":90,"enableUAM":true,"A52_risk_enable":false,"SMBInterval":3,"enableSMB_with_COB":true,"enableSMB_with_temptarget":true,"allowSMB_with_high_temptarget":false,"enableSMB_always":false,"enableSMB_after_carbs":false,"maxSMBBasalMinutes":75,"maxUAMSMBBasalMinutes":75,"bolus_increment":0.05,"carbsReqThreshold":10,"current_basal":0.5,"temptargetSet":false,"autosens_max":1.2,"out_units":"mmol\/L"},"autosens_data":{"ratio":1.02},"meal_data":{"carbs":0,"mealCOB":0,"slopeFromMaxDeviation":0,"slopeFromMinDeviation":0.9526363636363635,"lastBolusTime":1703430368291,"lastCarbTime":0},"microBolusAllowed":true,"currentTime":1703449868999,"flatBGsDetected":false},"output":{"temp":"absolute","bg":128,"tick":"+6","eventualBG":155,"targetBG":89,"insulinReq":0.49,"deliverAt":"2023-12-24T20:31:08.999Z","sensitivityRatio":1.02,"predBGs":{"IOB":[128,133,137,141,144,146,148,150,151,151,151,151,150,149,148,147,146,145,145,144,143,143,142,141,141,140,140,139,139,138,138,138,137,137,137,136,136,136,136,135,135,135,135,135,135,134],"ZT":[128,127,127,126,125,124,123,123,123,122,122,123,123,123],"UAM":[128,133,138,142,146,149,152,155,157,159,161,163,164,165,166,166,166,166,165,165,164,163,163,162,162,161,161,160,160,159,159,158,158,158,158,157,157,157,156,156,156,156,156,156,155]},"COB":0,"IOB":0.244,"reason":"COB: 0, Dev: 2.0, BGI: 0.0, ISF: 6.4, CR: 20, Target: 4.9, minPredBG 8.1, minGuardBG 7.4, IOBpredBG 7.4, UAMpredBG 8.6; Eventual BG 8.6 >= 4.9, temp 1.25 < 1.49U\/hr.  25m left and 1.25 ~ req 1.49U\/hr: no temp required","timestamp":"2023-12-24T20:31:09.027Z"}}