{"algorithm":"OpenAPSSMBPlugin","input":{"glucoseStatus":{"glucose":132,"noise":0,"delta":-14.33,"short_avgdelta":-14.44,"long_avgdelta":-7.82,"date":1703520316256},"currenttemp":{"temp":"absolute","duration":110,"rate":0,"minutesrunning":10},"iob_data":[{"iob":0.494,"basaliob":0.494,"bolussnooze":0,"activity":0.0042,"lastBolusTime":0,"time":"2023-12-25T16:06:07.596Z","iobWithZeroTemp":{"iob":0.494,"basaliob":0.494,"bolussnooze":0,"activity":0.0042,"lastBolusTime":0,"time":"2023-12-25T16:06:07.596Z"}},{"iob":0.473,"basaliob":0.473,"bolussnooze":0,"activity":0.0043,"lastBolusTime":0,"time":"2023-12-25T16:11:07.596Z","iobWithZeroTemp":{"iob":0.446,"basaliob":0.446,"bolussnooze":0,"activity":0.0043,"lastBolusTime":0,"time":"2023-12-25T16:11:07.596Z"}},{"iob":0.451,"basaliob":0.451,"bolussnooze":0,"activity":0.0043,"lastBolusTime":0,"time":"2023-12-25T16:16:07.596Z","iobWithZeroTemp":{"iob":0.391,"basaliob":0.391,"bolussnooze":0,"activity":0.0042,"lastBolusTime":0,"time":"2023-12-25T16:16:07.596Z"}},{"iob":0.43,"basaliob":0.43,"bolussnooze":0,"activity":0.0043,"lastBolusTime":0,"time":"2023-12-25T16:21:07.596Z","iobWithZeroTemp":{"iob":0.338,"basaliob":0.338,"bolussnooze":0,"activity":0.0041,"lastBolusTime":0,"time":"2023-12-25T16:21:07.596Z"}},{"iob":0.409,"basaliob":0.409,"bolussnooze":0,"activity":0.0042,"lastBolusTime":0,"time":"2023-12-25T16:26:07.596Z","iobWithZeroTemp":{"iob":0.284,"basaliob":0.284,"bolussnooze":0,"activity":0.0039,"lastBolusTime":0,"time":"2023-12-25T16:26:07.596Z"}},{"iob":0.388,"basaliob":0.388,"bolussnooze":0,"activity":0.0041,"lastBolusTime":0,"time":"2023-12-25T16:31:07.596Z","iobWithZeroTemp":{"iob":0.232,"basaliob":0.232,"bolussnooze":0,"activity":0.0036,"lastBolusTime":0,"time":"2023-12-25T16:31:07.596Z"}},{"iob":0.367,"basaliob":0.367,"bolussnooze":0,"activity":0.004,"lastBolusTime":0,"time":"2023-12-25T16:36:07.596Z","iobWithZeroTemp":{"iob":0.181,"basaliob":0.181,"bolussnooze":0,"activity":0.0033,"lastBolusTime":0,"time":"2023-12-25T16:36:07.596Z"}},{"iob":0.348,"basaliob":0.348,"bolussnooze":0,"activity":0.0039,"lastBolusTime":0,"time":"2023-12-25T16:41:07.596Z","iobWithZeroTemp":{"iob":0.132,"basaliob":0.132,"bolussnooze":0,"activity":0.003,"lastBolusTime":0,"time":"2023-12-25T16:41:07.596Z"}},{"iob":0.328,"basaliob":0.328,"bolussnooze":0,"activity":0.0038,"lastBolusTime":0,"time":"2023-12-25T16:46:07.596Z","iobWithZeroTemp":{"iob":0.084,"basaliob":0.084,"bolussnooze":0,"activity":0.0027,"lastBolusTime":0,"time":"2023-12-25T16:46:07.596Z"}},{"iob":0.309,"basaliob":0.309,"bolussnooze":0,"activity":0.0037,"lastBolusTime":0,"time":"2023-12-25T16:51:07.596Z","iobWithZeroTemp":{"iob":0.037,"basaliob":0.037,"bolussnooze":0,"activity":0.0024,"lastBolusTime":0,"time":"2023-12-25T16:51:07.596Z"}},{"iob":0.291,"basaliob":0.291,"bolussnooze":0,"activity":0.0035,"lastBolusTime":0,"time":"2023-12-25T16:56:07.596Z","iobWithZeroTemp":{"iob":-0.007,"basaliob":-0.007,"bolussnooze":0,"activity":0.002,"lastBolusTime":0,"time":"2023-12-25T16:56:07.596Z"}},{"iob":0.274,"basaliob":0.274,"bolussnooze":0,"activity":0.0034,"lastBolusTime":0,"time":"2023-12-25T17:01:07.596Z","iobWithZeroTemp":{"iob":-0.049,"basaliob":-0.049,"bolussnooze":0,"activity":0.0016,"lastBolusTime":0,"time":"2023-12-25T17:01:07.596Z"}},{"iob":0.257,"basaliob":0.257,"bolussnooze":0,"activity":0.0033,"lastBolusTime":0,"time":"2023-12-25T17:06:07.596Z","iobWithZeroTemp":{"iob":-0.09,"basaliob":-0.09,"bolussnooze":0,"activity":0.0013,"lastBolusTime":0,"time":"2023-12-25T17:06:07.596Z"}},{"iob":0.242,"basaliob":0.242,"bolussnooze":0,"activity":0.0031,"lastBolusTime":0,"time":"2023-12-25T17:11:07.596Z","iobWithZeroTemp":{"iob":-0.128,"basaliob":-0.128,"bolussnooze":0,"activity":9.0E-4,"lastBolusTime":0,"time":"2023-12-25T17:11:07.596Z"}},{"iob":0.226,"basaliob":0.226,"bolussnooze":0,"activity":0.003,"lastBolusTime":0,"time":"2023-12-25T17:16:07.596Z","iobWithZeroTemp":{"iob":-0.165,"basaliob":-0.165,"bolussnooze":0,"activity":6.0E-4,"lastBolusTime":0,"time":"2023-12-25T17:16:07.596Z"}},{"iob":0.212,"basaliob":0.212,"bolussnooze":0,"activity":0.0028,"lastBolusTime":0,"time":"2023-12-25T17:21:07.596Z","iobWithZeroTemp":{"iob":-0.2,"basaliob":-0.2,"bolussnooze":0,"activity":1.0E-4,"lastBolusTime":0,"time":"2023-12-25T17:21:07.596Z"}},{"iob":0.198,"basaliob":0.198,"bolussnooze":0,"activity":0.0027,"lastBolusTime":0,"time":"2023-12-25T17:26:07.596Z","iobWithZeroTemp":{"iob":-0.233,"basaliob":-0.233,"bolussnooze":0,"activity":-2.0E-4,"lastBolusTime":0,"time":"2023-12-25T17:26:07.596Z"}},{"iob":0.185,"basaliob":0.185,"bolussnooze":0,"activity":0.0025,"lastBolusTime":0,"time":"2023-12-25T17:31:07.596Z","iobWithZeroTemp":{"iob":-0.265,"basaliob":-0.265,"bolussnooze":0,"activity":-6.0E-4,"lastBolusTime":0,"time":"2023-12-25T17:31:07.596Z"}},{"iob":0.173,"basaliob":0.173,"bolussnooze":0,"activity":0.0024,"lastBolusTime":0,"time":"2023-12-25T17:36:07.596Z","iobWithZeroTemp":{"iob":-0.294,"basaliob":-0.294,"bolussnooze":0,"activity":-9.0E-4,"lastBolusTime":0,"time":"2023-12-25T17:36:07.596Z"}},{"iob":0.161,"basaliob":0.161,"bolussnooze":0,"activity":0.0023,"lastBolusTime":0,"time":"2023-12-25T17:41:07.596Z","iobWithZeroTemp":{"iob":-0.323,"basaliob":-0.323,"bolussnooze":0,"activity":-0.0012,"lastBolusTime":0,"time":"2023-12-25T17:41:07.596Z"}},{"iob":0.15,"basaliob":0.15,"bolussnooze":0,"activity":0.0021,"lastBolusTime":0,"time":"2023-12-25T17:46:07.596Z","iobWithZeroTemp":{"iob":-0.349,"basaliob":-0.349,"bolussnooze":0,"activity":-0.0016,"lastBolusTime":0,"time":"2023-12-25T17:46:07.596Z"}},{"iob":0.14,"basaliob":0.14,"bolussnooze":0,"activity":0.002,"lastBolusTime":0,"time":"2023-12-25T17:51:07.596Z","iobWithZeroTemp":{"iob":-0.374,"basaliob":-0.374,"bolussnooze":0,"activity":-0.0019,"lastBolusTime":0,"time":"2023-12-25T17:51:07.596Z"}},{"iob":0.13,"basaliob":0.13,"bolussnooze":0,"activity":0.0019,"lastBolusTime":0,"time":"2023-12-25T17:56:07.596Z","iobWithZeroTemp":{"iob":-0.397,"basaliob":-0.397,"bolussnooze":0,"activity":-0.0021,"lastBolusTime":0,"time":"2023-12-25T17:56:07.596Z"}},{"iob":0.121,"basaliob":0.121,"bolussnooze":0,"activity":0.0018,"lastBolusTime":0,"time":"2023-12-25T18:01:07.596Z","iobWithZeroTemp":{"iob":-0.419,"basaliob":-0.419,"bolussnooze":0,"activity":-0.0024,"lastBolusTime":0,"time":"2023-12-25T18:01:07.596Z"}},{"iob":0.112,"basaliob":0.112,"bolussnooze":0,"activity":0.0017,"lastBolusTime":0,"time":"2023-12-25T18:06:07.596Z","iobWithZeroTemp":{"iob":-0.44,"basaliob":-0.44,"bolussnooze":0,"activity":-0.0026,"lastBolusTime":0,"time":"2023-12-25T18:06:07.596Z"}},{"iob":0.104,"basaliob":0.104,"bolussnooze":0,"activity":0.0016,"lastBolusTime":0,"time":"2023-12-25T18:11:07.596Z","iobWithZeroTemp":{"iob":-0.459,"basaliob":-0.459,"bolussnooze":0,"activity":-0.0029,"lastBolusTime":0,"time":"2023-12-25T18:11:07.596Z"}},{"iob":0.097,"basaliob":0.097,"bolussnooze":0,"activity":0.0015,"lastBolusTime":0,"time":"2023-12-25T18:16:07.596Z","iobWithZeroTemp":{"iob":-0.477,"basaliob":-0.477,"bolussnooze":0,"activity":-0.0031,"lastBolusTime":0,"time":"2023-12-25T18:16:07.596Z"}},{"iob":0.09,"basaliob":0.09,"bolussnooze":0,"activity":0.0014,"lastBolusTime":0,"time":"2023-12-25T18:21:07.596Z","iobWithZeroTemp":{"iob":-0.494,"basaliob":-0.494,"bolussnooze":0,"activity":-0.0034,"lastBolusTime":0,"time":"2023-12-25T18:21:07.596Z"}},{"iob":0.083,"basaliob":0.083,"bolussnooze":0,"activity":0.0013,"lastBolusTime":0,"time":"2023-12-25T18:26:07.596Z","iobWithZeroTemp":{"iob":-0.51,"basaliob":-0.51,"bolussnooze":0,"activity":-0.0036,"lastBolusTime":0,"time":"2023-12-25T18:26:07.596Z"}},{"iob":0.077,"basaliob":0.077,"bolussnooze":0,"activity":0.0012,"lastBolusTime":0,"time":"2023-12-25T18:31:07.596Z","iobWithZeroTemp":{"iob":-0.524,"basaliob":-0.524,"bolussnooze":0,"activity":-0.0038,"lastBolusTime":0,"time":"2023-12-25T18:31:07.596Z"}},{"iob":0.071,"basaliob":0.071,"bolussnooze":0,"activity":0.0011,"lastBolusTime":0,"time":"2023-12-25T18:36:07.596Z","iobWithZeroTemp":{"iob":-0.538,"basaliob":-0.538,"bolussnooze":0,"activity":-0.004,"lastBolusTime":0,"time":"2023-12-25T18:36:07.596Z"}},{"iob":0.066,"basaliob":0.066,"bolussnooze":0,"activity":0.001,"lastBolusTime":0,"time":"2023-12-25T18:41:07.596Z","iobWithZeroTemp":{"iob":-0.551,"basaliob":-0.551,"bolussnooze":0,"activity":-0.0042,"lastBolusTime":0,"time":"2023-12-25T18:41:07.596Z"}},{"iob":0.06,"basaliob":0.06,"bolussnooze":0,"activity":0.001,"lastBolusTime":0,"time":"2023-12-25T18:46:07.596Z","iobWithZeroTemp":{"iob":-0.564,"basaliob":-0.564,"bolussnooze":0,"activity":-0.0043,"lastBolusTime":0,"time":"2023-12-25T18:46:07.596Z"}},{"iob":0.056,"basaliob":0.056,"bolussnooze":0,"activity":9.0E-4,"lastBolusTime":0,"time":"2023-12-25T18:51:07.596Z","iobWithZeroTemp":{"iob":-0.574,"basaliob":-0.574,"bolussnooze":0,"activity":-0.0045,"lastBolusTime":0,"time":"2023-12-25T18:51:07.596Z"}},{"iob":0.051,"basaliob":0.051,"bolussnooze":0,"activity":8.0E-4,"lastBolusTime":0,"time":"2023-12-25T18:56:07.596Z","iobWithZeroTemp":{"iob":-0.585,"basaliob":-0.585,"bolussnooze":0,"activity":-0.0047,"lastBolusTime":0,"time":"2023-12-25T18:56:07.596Z"}},{"iob":0.047,"basaliob":0.047,"bolussnooze":0,"activity":8.0E-4,"lastBolusTime":0,"time":"2023-12-25T19:01:07.596Z","iobWithZeroTemp":{"iob":-0.594,"basaliob":-0.594,"bolussnooze":0,"activity":-0.0048,"lastBolusTime":0,"time":"2023-12-25T19:01:07.596Z"}},{"iob":0.044,"basaliob":0.044,"bolussnooze":0,"activity":7.0E-4,"lastBolusTime":0,"time":"2023-12-25T19:06:07.596Z","iobWithZeroTemp":{"iob":-0.603,"basaliob":-0.603,"bolussnooze":0,"activity":-0.005,"lastBolusTime":0,"time":"2023-12-25T19:06:07.596Z"}},{"iob":0.04,"basaliob":0.04,"bolussnooze":0,"activity":7.0E-4,"lastBolusTime":0,"time":"2023-12-25T19:11:07.596Z","iobWithZeroTemp":{"iob":-0.611,"basaliob":-0.611,"bolussnooze":0,"activity":-0.0051,"lastBolusTime":0,"time":"2023-12-25T19:11:07.596Z"}},{"iob":0.037,"basaliob":0.037,"bolussnooze":0,"activity":6.0E-4,"lastBolusTime":0,"time":"2023-12-25T19:16:07.596Z","iobWithZeroTemp":{"iob":-0.619,"basaliob":-0.619,"bolussnooze":0,"activity":-0.0052,"lastBolusTime":0,"time":"2023-12-25T19:16:07.596Z"}},{"iob":0.034,"basaliob":0.034,"bolussnooze":0,"activity":6.0E-4,"lastBolusTime":0,"time":"2023-12-25T19:21:07.596Z","iobWithZeroTemp":{"iob":-0.626,"basaliob":-0.626,"bolussnooze":0,"activity":-0.0053,"lastBolusTime":0,"time":"2023-12-25T19:21:07.596Z"}},{"iob":0.031,"basaliob":0.031,"bolussnooze":0,"activity":5.0E-4,"lastBolusTime":0,"time":"2023-12-25T19:26:07.596Z","iobWithZeroTemp":{"iob":-0.633,"basaliob":-0.633,"bolussnooze":0,"activity":-0.0054,"lastBolusTime":0,"time":"2023-12-25T19:26:07.596Z"}},{"iob":0.029,"basaliob":0.029,"bolussnooze":0,"activity":5.0E-4,"lastBolusTime":0,"time":"2023-12-25T19:31:07.596Z","iobWithZeroTemp":{"iob":-0.638,"basaliob":-0.638,"bolussnooze":0,"activity":-0.0055,"lastBolusTime":0,"time":"2023-12-25T19:31:07.596Z"}},{"iob":0.026,"basaliob":0.026,"bolussnooze":0,"activity":5.0E-4,"lastBolusTime":0,"time":"2023-12-25T19:36:07.596Z","iobWithZeroTemp":{"iob":-0.644,"basaliob":-0.644,"bolussnooze":0,"activity":-0.0056,"lastBolusTime":0,"time":"2023-12-25T19:36:07.596Z"}},{"iob":0.024,"basaliob":0.024,"bolussnooze":0,"activity":4.0E-4,"lastBolusTime":0,"time":"2023-12-25T19:41:07.596Z","iobWithZeroTemp":{"iob":-0.649,"basaliob":-0.649,"bolussnooze":0,"activity":-0.0057,"lastBolusTime":0,"time":"2023-12-25T19:41:07.596Z"}},{"iob":0.022,"basaliob":0.022,"bolussnooze":0,"activity":4.0E-4,"lastBolusTime":0,"time":"2023-12-25T19:46:07.596Z","iobWithZeroTemp":{"iob":-0.654,"basaliob":-0.654,"bolussnooze":0,"activity":-0.0057,"lastBolusTime":0,"time":"2023-12-25T19:46:07.596Z"}},{"iob":0.02,"basaliob":0.02,"bolussnooze":0,"activity":4.0E-4,"lastBolusTime":0,"time":"2023-12-25T19:51:07.596Z","iobWithZeroTemp":{"iob":-0.658,"basaliob":-0.658,"bolussnooze":0,"activity":-0.0058,"lastBolusTime":0,"time":"2023-12-25T19:51:07.596Z"}},{"iob":0.018,"basaliob":0.018,"bolussnooze":0,"activity":3.0E-4,"lastBolusTime":0,"time":"2023-12-25T19:56:07.596Z","iobWithZeroTemp":{"iob":-0.663,"basaliob":-0.663,"bolussnooze":0,"activity":-0.0059,"lastBolusTime":0,"time":"2023-12-25T19:56:07.596Z"}},{"iob":0.017,"basaliob":0.017,"bolussnooze":0,"activity":3.0E-4,"lastBolusTime":0,"time":"2023-12-25T20:01:07.596Z","iobWithZeroTemp":{"iob":-0.666,"basaliob":-0.666,"bolussnooze":0,"activity":-0.006,"lastBolusTime":0,"time":"2023-12-25T20:01:07.596Z"}}],"profile":{"max_iob":4,"type":"current","max_daily_basal":0.5,"max_basal":1.5,"min_bg":100.8,"max_bg":100.8,"target_bg":100.8,"carb_ratio":20,"sens":117,"max_daily_safety_multiplier":3,"current_basal_safety_multiplier":4,"high_temptarget_raises_sensitivity":false,"low_temptarget_lowers_sensitivity":false,"sensitivity_raises_target":true,"resistance_lowers_target":true,"adv_target_adjustments":false,"exercise_mode":false,"half_basal_exercise_target":160,"maxCOB":120,"skip_neutral_temps":false,"remainingCarbsCap":90,"enableUAM":true,"A52_risk_enable":false,"SMBInterval":3,"enableSMB_with_COB":true,"enableSMB_with_temptarget":true,"allowSMB_with_high_temptarget":false,"enableSMB_always":false,"enableSMB_after_carbs":false,"maxSMBBasalMinutes":75,"maxUAMSMBBasalMinutes":75,"bolus_increment":0.05,"carbsReqThreshold":10,"current_basal":0.4,"temptargetSet":false,"autosens_max":1.2,"out_units":"mmol\/L"},"autosens_data":{"ratio":1},"meal_data":{"carbs":0,"mealCOB":0,"slopeFromMaxDeviation":-3.364444444444445,"slopeFromMinDeviation":0,"lastBolusTime":1703430368291,"lastCarbTime":0},"microBolusAllowed":true,"currentTime":1703520368865,"flatBGsDetected":false},"output":{"temp":"absolute","bg":132,"tick":-14,"eventualBG":42,"targetBG":100.8,"insulinReq":0,"deliverAt":"2023-12-25T16:06:08.865Z","sensitivityRatio":1,"predBGs":{"IOB":[132,119,106,95,84,75,66,59,53,47,43,40,39],"ZT":[132,130,127,125,122,120,118,116,114,113,111,110,109,108,108,107,107,107,108,108]},"COB":0,"IOB":0.494,"reason":"COB: 0, Dev: -1.8, BGI: -0.1, ISF: 6.5, CR: 20, Target: 5.6, minPredBG 4.1, minGuardBG 0.5, IOBpredBG 2.2; minGuardBG 0.5<3.9","duration":120,"rate":0,"timestamp":"2023-12-25T16:06:08.887Z"}}