{"algorithm":"OpenAPSSMBPlugin","input":{"glucoseStatus":{"glucose":99,"noise":0,"delta":-6.67,"short_avgdelta":-4.98,"long_avgdelta":0.22,"date":1703413821203},"currenttemp":{"temp":"absolute","duration":50,"rate":0,"minutesrunning":10},"iob_data":[{"iob":0.48,"basaliob":-0.252,"bolussnooze":0,"activity":0.0076,"lastBolusTime":1703409068470,"time":"2023-12-24T10:31:06.930Z","iobWithZeroTemp":{"iob":0.48,"basaliob":-0.252,"bolussnooze":0,"activity":0.0076,"lastBolusTime":1703409068470,"time":"2023-12-24T10:31:06.930Z"}},{"iob":0.443,"basaliob":-0.244,"bolussnooze":0,"activity":0.0071,"lastBolusTime":1703409068470,"time":"2023-12-24T10:36:06.930Z","iobWithZeroTemp":{"iob":0.423,"basaliob":-0.264,"bolussnooze":0,"activity":0.0071,"lastBolusTime":1703409068470,"time":"2023-12-24T10:36:06.930Z"}},{"iob":0.409,"basaliob":-0.235,"bolussnooze":0,"activity":0.0066,"lastBolusTime":1703409068470,"time":"2023-12-24T10:41:06.930Z","iobWithZeroTemp":{"iob":0.364,"basaliob":-0.28,"bolussnooze":0,"activity":0.0065,"lastBolusTime":1703409068470,"time":"2023-12-24T10:41:06.930Z"}},{"iob":0.378,"basaliob":-0.226,"bolussnooze":0,"activity":0.0061,"lastBolusTime":1703409068470,"time":"2023-12-24T10:46:06.930Z","iobWithZeroTemp":{"iob":0.309,"basaliob":-0.295,"bolussnooze":0,"activity":0.006,"lastBolusTime":1703409068470,"time":"2023-12-24T10:46:06.930Z"}},{"iob":0.349,"basaliob":-0.216,"bolussnooze":0,"activity":0.0057,"lastBolusTime":1703409068470,"time":"2023-12-24T10:51:06.930Z","iobWithZeroTemp":{"iob":0.256,"basaliob":-0.309,"bolussnooze":0,"activity":0.0055,"lastBolusTime":1703409068470,"time":"2023-12-24T10:51:06.930Z"}},{"iob":0.321,"basaliob":-0.207,"bolussnooze":0,"activity":0.0053,"lastBolusTime":1703409068470,"time":"2023-12-24T10:56:06.930Z","iobWithZeroTemp":{"iob":0.204,"basaliob":-0.324,"bolussnooze":0,"activity":0.0049,"lastBolusTime":1703409068470,"time":"2023-12-24T10:56:06.930Z"}},{"iob":0.296,"basaliob":-0.197,"bolussnooze":0,"activity":0.0049,"lastBolusTime":1703409068470,"time":"2023-12-24T11:01:06.930Z","iobWithZeroTemp":{"iob":0.156,"basaliob":-0.337,"bolussnooze":0,"activity":0.0044,"lastBolusTime":1703409068470,"time":"2023-12-24T11:01:06.930Z"}},{"iob":0.272,"basaliob":-0.188,"bolussnooze":0,"activity":0.0045,"lastBolusTime":1703409068470,"time":"2023-12-24T11:06:06.930Z","iobWithZeroTemp":{"iob":0.11,"basaliob":-0.35,"bolussnooze":0,"activity":0.0038,"lastBolusTime":1703409068470,"time":"2023-12-24T11:06:06.930Z"}},{"iob":0.251,"basaliob":-0.178,"bolussnooze":0,"activity":0.0042,"lastBolusTime":1703409068470,"time":"2023-12-24T11:11:06.930Z","iobWithZeroTemp":{"iob":0.068,"basaliob":-0.361,"bolussnooze":0,"activity":0.0034,"lastBolusTime":1703409068470,"time":"2023-12-24T11:11:06.930Z"}},{"iob":0.23,"basaliob":-0.169,"bolussnooze":0,"activity":0.0039,"lastBolusTime":1703409068470,"time":"2023-12-24T11:16:06.930Z","iobWithZeroTemp":{"iob":0.026,"basaliob":-0.373,"bolussnooze":0,"activity":0.0029,"lastBolusTime":1703409068470,"time":"2023-12-24T11:16:06.930Z"}},{"iob":0.211,"basaliob":-0.16,"bolussnooze":0,"activity":0.0036,"lastBolusTime":1703409068470,"time":"2023-12-24T11:21:06.930Z","iobWithZeroTemp":{"iob":-0.012,"basaliob":-0.383,"bolussnooze":0,"activity":0.0024,"lastBolusTime":1703409068470,"time":"2023-12-24T11:21:06.930Z"}},{"iob":0.194,"basaliob":-0.151,"bolussnooze":0,"activity":0.0034,"lastBolusTime":1703409068470,"time":"2023-12-24T11:26:06.930Z","iobWithZeroTemp":{"iob":-0.048,"basaliob":-0.393,"bolussnooze":0,"activity":0.0021,"lastBolusTime":1703409068470,"time":"2023-12-24T11:26:06.930Z"}},{"iob":0.178,"basaliob":-0.143,"bolussnooze":0,"activity":0.0031,"lastBolusTime":1703409068470,"time":"2023-12-24T11:31:06.930Z","iobWithZeroTemp":{"iob":-0.082,"basaliob":-0.403,"bolussnooze":0,"activity":0.0016,"lastBolusTime":1703409068470,"time":"2023-12-24T11:31:06.930Z"}},{"iob":0.164,"basaliob":-0.134,"bolussnooze":0,"activity":0.0029,"lastBolusTime":1703409068470,"time":"2023-12-24T11:36:06.930Z","iobWithZeroTemp":{"iob":-0.113,"basaliob":-0.411,"bolussnooze":0,"activity":0.0012,"lastBolusTime":1703409068470,"time":"2023-12-24T11:36:06.930Z"}},{"iob":0.15,"basaliob":-0.126,"bolussnooze":0,"activity":0.0026,"lastBolusTime":1703409068470,"time":"2023-12-24T11:41:06.930Z","iobWithZeroTemp":{"iob":-0.144,"basaliob":-0.42,"bolussnooze":0,"activity":8.0E-4,"lastBolusTime":1703409068470,"time":"2023-12-24T11:41:06.930Z"}},{"iob":0.137,"basaliob":-0.119,"bolussnooze":0,"activity":0.0024,"lastBolusTime":1703409068470,"time":"2023-12-24T11:46:06.930Z","iobWithZeroTemp":{"iob":-0.172,"basaliob":-0.428,"bolussnooze":0,"activity":4.0E-4,"lastBolusTime":1703409068470,"time":"2023-12-24T11:46:06.930Z"}},{"iob":0.125,"basaliob":-0.112,"bolussnooze":0,"activity":0.0023,"lastBolusTime":1703409068470,"time":"2023-12-24T11:51:06.930Z","iobWithZeroTemp":{"iob":-0.199,"basaliob":-0.436,"bolussnooze":0,"activity":1.0E-4,"lastBolusTime":1703409068470,"time":"2023-12-24T11:51:06.930Z"}},{"iob":0.114,"basaliob":-0.105,"bolussnooze":0,"activity":0.002,"lastBolusTime":1703409068470,"time":"2023-12-24T11:56:06.930Z","iobWithZeroTemp":{"iob":-0.223,"basaliob":-0.442,"bolussnooze":0,"activity":-3.0E-4,"lastBolusTime":1703409068470,"time":"2023-12-24T11:56:06.930Z"}},{"iob":0.105,"basaliob":-0.098,"bolussnooze":0,"activity":0.0019,"lastBolusTime":1703409068470,"time":"2023-12-24T12:01:06.930Z","iobWithZeroTemp":{"iob":-0.245,"basaliob":-0.448,"bolussnooze":0,"activity":-6.0E-4,"lastBolusTime":1703409068470,"time":"2023-12-24T12:01:06.930Z"}},{"iob":0.095,"basaliob":-0.092,"bolussnooze":0,"activity":0.0018,"lastBolusTime":1703409068470,"time":"2023-12-24T12:06:06.930Z","iobWithZeroTemp":{"iob":-0.268,"basaliob":-0.455,"bolussnooze":0,"activity":-8.0E-4,"lastBolusTime":1703409068470,"time":"2023-12-24T12:06:06.930Z"}},{"iob":0.087,"basaliob":-0.086,"bolussnooze":0,"activity":0.0016,"lastBolusTime":1703409068470,"time":"2023-12-24T12:11:06.930Z","iobWithZeroTemp":{"iob":-0.287,"basaliob":-0.46,"bolussnooze":0,"activity":-0.0012,"lastBolusTime":1703409068470,"time":"2023-12-24T12:11:06.930Z"}},{"iob":0.08,"basaliob":-0.08,"bolussnooze":0,"activity":0.0015,"lastBolusTime":1703409068470,"time":"2023-12-24T12:16:06.930Z","iobWithZeroTemp":{"iob":-0.305,"basaliob":-0.465,"bolussnooze":0,"activity":-0.0014,"lastBolusTime":1703409068470,"time":"2023-12-24T12:16:06.930Z"}},{"iob":0.072,"basaliob":-0.075,"bolussnooze":0,"activity":0.0014,"lastBolusTime":1703409068470,"time":"2023-12-24T12:21:06.930Z","iobWithZeroTemp":{"iob":-0.323,"basaliob":-0.47,"bolussnooze":0,"activity":-0.0016,"lastBolusTime":1703409068470,"time":"2023-12-24T12:21:06.930Z"}},{"iob":0.066,"basaliob":-0.07,"bolussnooze":0,"activity":0.0012,"lastBolusTime":1703409068470,"time":"2023-12-24T12:26:06.930Z","iobWithZeroTemp":{"iob":-0.339,"basaliob":-0.475,"bolussnooze":0,"activity":-0.0019,"lastBolusTime":1703409068470,"time":"2023-12-24T12:26:06.930Z"}},{"iob":0.06,"basaliob":-0.065,"bolussnooze":0,"activity":0.0012,"lastBolusTime":1703409068470,"time":"2023-12-24T12:31:06.930Z","iobWithZeroTemp":{"iob":-0.354,"basaliob":-0.479,"bolussnooze":0,"activity":-0.0021,"lastBolusTime":1703409068470,"time":"2023-12-24T12:31:06.930Z"}},{"iob":0.055,"basaliob":-0.06,"bolussnooze":0,"activity":0.001,"lastBolusTime":1703409068470,"time":"2023-12-24T12:36:06.930Z","iobWithZeroTemp":{"iob":-0.368,"basaliob":-0.483,"bolussnooze":0,"activity":-0.0024,"lastBolusTime":1703409068470,"time":"2023-12-24T12:36:06.930Z"}},{"iob":0.05,"basaliob":-0.056,"bolussnooze":0,"activity":0.001,"lastBolusTime":1703409068470,"time":"2023-12-24T12:41:06.930Z","iobWithZeroTemp":{"iob":-0.38,"basaliob":-0.486,"bolussnooze":0,"activity":-0.0025,"lastBolusTime":1703409068470,"time":"2023-12-24T12:41:06.930Z"}},{"iob":0.045,"basaliob":-0.052,"bolussnooze":0,"activity":9.0E-4,"lastBolusTime":1703409068470,"time":"2023-12-24T12:46:06.930Z","iobWithZeroTemp":{"iob":-0.393,"basaliob":-0.49,"bolussnooze":0,"activity":-0.0027,"lastBolusTime":1703409068470,"time":"2023-12-24T12:46:06.930Z"}},{"iob":0.041,"basaliob":-0.048,"bolussnooze":0,"activity":8.0E-4,"lastBolusTime":1703409068470,"time":"2023-12-24T12:51:06.930Z","iobWithZeroTemp":{"iob":-0.404,"basaliob":-0.493,"bolussnooze":0,"activity":-0.0029,"lastBolusTime":1703409068470,"time":"2023-12-24T12:51:06.930Z"}},{"iob":0.037,"basaliob":-0.045,"bolussnooze":0,"activity":7.0E-4,"lastBolusTime":1703409068470,"time":"2023-12-24T12:56:06.930Z","iobWithZeroTemp":{"iob":-0.414,"basaliob":-0.496,"bolussnooze":0,"activity":-0.0031,"lastBolusTime":1703409068470,"time":"2023-12-24T12:56:06.930Z"}},{"iob":0.033,"basaliob":-0.042,"bolussnooze":0,"activity":7.0E-4,"lastBolusTime":1703409068470,"time":"2023-12-24T13:01:06.930Z","iobWithZeroTemp":{"iob":-0.424,"basaliob":-0.499,"bolussnooze":0,"activity":-0.0032,"lastBolusTime":1703409068470,"time":"2023-12-24T13:01:06.930Z"}},{"iob":0.03,"basaliob":-0.039,"bolussnooze":0,"activity":6.0E-4,"lastBolusTime":1703409068470,"time":"2023-12-24T13:06:06.930Z","iobWithZeroTemp":{"iob":-0.433,"basaliob":-0.502,"bolussnooze":0,"activity":-0.0033,"lastBolusTime":1703409068470,"time":"2023-12-24T13:06:06.930Z"}},{"iob":0.027,"basaliob":-0.036,"bolussnooze":0,"activity":5.0E-4,"lastBolusTime":1703409068470,"time":"2023-12-24T13:11:06.930Z","iobWithZeroTemp":{"iob":-0.441,"basaliob":-0.504,"bolussnooze":0,"activity":-0.0035,"lastBolusTime":1703409068470,"time":"2023-12-24T13:11:06.930Z"}},{"iob":0.025,"basaliob":-0.033,"bolussnooze":0,"activity":5.0E-4,"lastBolusTime":1703409068470,"time":"2023-12-24T13:16:06.930Z","iobWithZeroTemp":{"iob":-0.448,"basaliob":-0.506,"bolussnooze":0,"activity":-0.0036,"lastBolusTime":1703409068470,"time":"2023-12-24T13:16:06.930Z"}},{"iob":0.023,"basaliob":-0.03,"bolussnooze":0,"activity":4.0E-4,"lastBolusTime":1703409068470,"time":"2023-12-24T13:21:06.930Z","iobWithZeroTemp":{"iob":-0.454,"basaliob":-0.507,"bolussnooze":0,"activity":-0.0037,"lastBolusTime":1703409068470,"time":"2023-12-24T13:21:06.930Z"}},{"iob":0.02,"basaliob":-0.028,"bolussnooze":0,"activity":5.0E-4,"lastBolusTime":1703409068470,"time":"2023-12-24T13:26:06.930Z","iobWithZeroTemp":{"iob":-0.461,"basaliob":-0.509,"bolussnooze":0,"activity":-0.0037,"lastBolusTime":1703409068470,"time":"2023-12-24T13:26:06.930Z"}},{"iob":0.018,"basaliob":-0.026,"bolussnooze":0,"activity":4.0E-4,"lastBolusTime":1703409068470,"time":"2023-12-24T13:31:06.930Z","iobWithZeroTemp":{"iob":-0.467,"basaliob":-0.511,"bolussnooze":0,"activity":-0.0039,"lastBolusTime":1703409068470,"time":"2023-12-24T13:31:06.930Z"}},{"iob":0.016,"basaliob":-0.024,"bolussnooze":0,"activity":3.0E-4,"lastBolusTime":1703409068470,"time":"2023-12-24T13:36:06.930Z","iobWithZeroTemp":{"iob":-0.473,"basaliob":-0.513,"bolussnooze":0,"activity":-0.004,"lastBolusTime":1703409068470,"time":"2023-12-24T13:36:06.930Z"}},{"iob":0.015,"basaliob":-0.022,"bolussnooze":0,"activity":3.0E-4,"lastBolusTime":1703409068470,"time":"2023-12-24T13:41:06.930Z","iobWithZeroTemp":{"iob":-0.477,"basaliob":-0.514,"bolussnooze":0,"activity":-0.0041,"lastBolusTime":1703409068470,"time":"2023-12-24T13:41:06.930Z"}},{"iob":0.013,"basaliob":-0.02,"bolussnooze":0,"activity":3.0E-4,"lastBolusTime":1703409068470,"time":"2023-12-24T13:46:06.930Z","iobWithZeroTemp":{"iob":-0.482,"basaliob":-0.515,"bolussnooze":0,"activity":-0.0041,"lastBolusTime":1703409068470,"time":"2023-12-24T13:46:06.930Z"}},{"iob":0.011,"basaliob":-0.019,"bolussnooze":0,"activity":3.0E-4,"lastBolusTime":1703409068470,"time":"2023-12-24T13:51:06.930Z","iobWithZeroTemp":{"iob":-0.487,"basaliob":-0.517,"bolussnooze":0,"activity":-0.0042,"lastBolusTime":1703409068470,"time":"2023-12-24T13:51:06.930Z"}},{"iob":0.01,"basaliob":-0.017,"bolussnooze":0,"activity":2.0E-4,"lastBolusTime":1703409068470,"time":"2023-12-24T13:56:06.930Z","iobWithZeroTemp":{"iob":-0.49,"basaliob":-0.517,"bolussnooze":0,"activity":-0.0043,"lastBolusTime":1703409068470,"time":"2023-12-24T13:56:06.930Z"}},{"iob":0.009,"basaliob":-0.016,"bolussnooze":0,"activity":2.0E-4,"lastBolusTime":1703409068470,"time":"2023-12-24T14:01:06.930Z","iobWithZeroTemp":{"iob":-0.494,"basaliob":-0.519,"bolussnooze":0,"activity":-0.0043,"lastBolusTime":1703409068470,"time":"2023-12-24T14:01:06.930Z"}},{"iob":0.008,"basaliob":-0.015,"bolussnooze":0,"activity":2.0E-4,"lastBolusTime":1703409068470,"time":"2023-12-24T14:06:06.930Z","iobWithZeroTemp":{"iob":-0.497,"basaliob":-0.52,"bolussnooze":0,"activity":-0.0044,"lastBolusTime":1703409068470,"time":"2023-12-24T14:06:06.930Z"}},{"iob":0.008,"basaliob":-0.013,"bolussnooze":0,"activity":2.0E-4,"lastBolusTime":1703409068470,"time":"2023-12-24T14:11:06.930Z","iobWithZeroTemp":{"iob":-0.499,"basaliob":-0.52,"bolussnooze":0,"activity":-0.0044,"lastBolusTime":1703409068470,"time":"2023-12-24T14:11:06.930Z"}},{"iob":0.007,"basaliob":-0.012,"bolussnooze":0,"activity":2.0E-4,"lastBolusTime":1703409068470,"time":"2023-12-24T14:16:06.930Z","iobWithZeroTemp":{"iob":-0.502,"basaliob":-0.521,"bolussnooze":0,"activity":-0.0044,"lastBolusTime":1703409068470,"time":"2023-12-24T14:16:06.930Z"}},{"iob":0.006,"basaliob":-0.011,"bolussnooze":0,"activity":1.0E-4,"lastBolusTime":1703409068470,"time":"2023-12-24T14:21:06.930Z","iobWithZeroTemp":{"iob":-0.505,"basaliob":-0.522,"bolussnooze":0,"activity":-0.0046,"lastBolusTime":1703409068470,"time":"2023-12-24T14:21:06.930Z"}},{"iob":0.005,"basaliob":-0.01,"bolussnooze":0,"activity":1.0E-4,"lastBolusTime":1703409068470,"time":"2023-12-24T14:26:06.930Z","iobWithZeroTemp":{"iob":-0.507,"basaliob":-0.522,"bolussnooze":0,"activity":-0.0046,"lastBolusTime":1703409068470,"time":"2023-12-24T14:26:06.930Z"}}],"profile":{"max_iob":4,"type":"current","max_daily_basal":0.5,"max_basal":1.2,"min_bg":91.79999999999998,"max_bg":91.79999999999998,"target_bg":91.79999999999998,"carb_ratio":30,"sens":126,"max_daily_safety_multiplier":3,"current_basal_safety_multiplier":4,"high_temptarget_raises_sensitivity":false,"low_temptarget_lowers_sensitivity":false,"sensitivity_raises_target":true,"resistance_lowers_target":true,"adv_target_adjustments":false,"exercise_mode":false,"half_basal_exercise_target":160,"maxCOB":120,"skip_neutral_temps":false,"remainingCarbsCap":90,"enableUAM":true,"A52_risk_enable":false,"SMBInterval":3,"enableSMB_with_COB":true,"enableSMB_with_temptarget":true,"allowSMB_with_high_temptarget":false,"enableSMB_always":false,"enableSMB_after_carbs":false,"maxSMBBasalMinutes":75,"maxUAMSMBBasalMinutes":75,"bolus_increment":0.05,"carbsReqThreshold":10,"current_basal":0.3,"temptargetSet":true,"autosens_max":1.2,"out_units":"mmol\/L"},"autosens_data":{"ratio":1},"meal_data":{"carbs":0,"mealCOB":0,"slopeFromMaxDeviation":-4.291,"slopeFromMinDeviation":0.8874444444444445,"lastBolusTime":1703409068470,"lastCarbTime":0},"microBolusAllowed":true,"currentTime":1703413868221,"flatBGsDetected":false},"output":{"temp":"absolute","bg":99,"tick":-7,"eventualBG":69,"targetBG":91.79999999999998,"insulinReq":0,"deliverAt":"2023-12-24T10:31:08.221Z","sensitivityRatio":1,"predBGs":{"IOB":[99,92,86,81,76,71,67,63,59,56,53,51,49,47,45,43,42,41,39],"ZT":[99,94,90,86,82,78,75,73,70,68,66,65,63,62,62,61,61,61,61,61,62,63,63,65,66,67,69,70,72,74,76,78,80,82,84,86,89,91]},"COB":0,"IOB":0.48,"reason":"COB: 0, Dev: 1.7, BGI: -0.3, ISF: 7.0, CR: 30, Target: 5.1, minPredBG 2.8, minGuardBG 1.4, IOBpredBG 2.2; minGuardBG 1.4<3.7","duration":90,"rate":0,"timestamp":"2023-12-24T10:31:08.245Z"}}