{"algorithm":"OpenAPSSMBPlugin","input":{"glucoseStatus":{"glucose":99,"noise":0,"delta":8.33,"short_avgdelta":6.63,"long_avgdelta":-0.19,"date":1703524516032},"currenttemp":{"temp":"absolute","duration":25,"rate":0.65,"minutesrunning":5},"iob_data":[{"iob":-0.049,"basaliob":-0.049,"bolussnooze":0,"activity":0.001,"lastBolusTime":0,"time":"2023-12-25T17:16:08.792Z","iobWithZeroTemp":{"iob":-0.049,"basaliob":-0.049,"bolussnooze":0,"activity":0.001,"lastBolusTime":0,"time":"2023-12-25T17:16:08.792Z"}},{"iob":-0.053,"basaliob":-0.053,"bolussnooze":0,"activity":8.0E-4,"lastBolusTime":0,"time":"2023-12-25T17:21:08.792Z","iobWithZeroTemp":{"iob":-0.08,"basaliob":-0.08,"bolussnooze":0,"activity":8.0E-4,"lastBolusTime":0,"time":"2023-12-25T17:21:08.792Z"}},{"iob":-0.057,"basaliob":-0.057,"bolussnooze":0,"activity":6.0E-4,"lastBolusTime":0,"time":"2023-12-25T17:26:08.792Z","iobWithZeroTemp":{"iob":-0.117,"basaliob":-0.117,"bolussnooze":0,"activity":5.0E-4,"lastBolusTime":0,"time":"2023-12-25T17:26:08.792Z"}},{"iob":-0.059,"basaliob":-0.059,"bolussnooze":0,"activity":4.0E-4,"lastBolusTime":0,"time":"2023-12-25T17:31:08.792Z","iobWithZeroTemp":{"iob":-0.151,"basaliob":-0.151,"bolussnooze":0,"activity":2.0E-4,"lastBolusTime":0,"time":"2023-12-25T17:31:08.792Z"}},{"iob":-0.061,"basaliob":-0.061,"bolussnooze":0,"activity":2.0E-4,"lastBolusTime":0,"time":"2023-12-25T17:36:08.792Z","iobWithZeroTemp":{"iob":-0.186,"basaliob":-0.186,"bolussnooze":0,"activity":-1.0E-4,"lastBolusTime":0,"time":"2023-12-25T17:36:08.792Z"}},{"iob":-0.062,"basaliob":-0.062,"bolussnooze":0,"activity":1.0E-4,"lastBolusTime":0,"time":"2023-12-25T17:41:08.792Z","iobWithZeroTemp":{"iob":-0.218,"basaliob":-0.218,"bolussnooze":0,"activity":-4.0E-4,"lastBolusTime":0,"time":"2023-12-25T17:41:08.792Z"}},{"iob":-0.062,"basaliob":-0.062,"bolussnooze":0,"activity":0,"lastBolusTime":0,"time":"2023-12-25T17:46:08.792Z","iobWithZeroTemp":{"iob":-0.248,"basaliob":-0.248,"bolussnooze":0,"activity":-7.0E-4,"lastBolusTime":0,"time":"2023-12-25T17:46:08.792Z"}},{"iob":-0.062,"basaliob":-0.062,"bolussnooze":0,"activity":-1.0E-4,"lastBolusTime":0,"time":"2023-12-25T17:51:08.792Z","iobWithZeroTemp":{"iob":-0.278,"basaliob":-0.278,"bolussnooze":0,"activity":-0.001,"lastBolusTime":0,"time":"2023-12-25T17:51:08.792Z"}},{"iob":-0.061,"basaliob":-0.061,"bolussnooze":0,"activity":-2.0E-4,"lastBolusTime":0,"time":"2023-12-25T17:56:08.792Z","iobWithZeroTemp":{"iob":-0.305,"basaliob":-0.305,"bolussnooze":0,"activity":-0.0013,"lastBolusTime":0,"time":"2023-12-25T17:56:08.792Z"}},{"iob":-0.06,"basaliob":-0.06,"bolussnooze":0,"activity":-2.0E-4,"lastBolusTime":0,"time":"2023-12-25T18:01:08.792Z","iobWithZeroTemp":{"iob":-0.332,"basaliob":-0.332,"bolussnooze":0,"activity":-0.0015,"lastBolusTime":0,"time":"2023-12-25T18:01:08.792Z"}},{"iob":-0.059,"basaliob":-0.059,"bolussnooze":0,"activity":-3.0E-4,"lastBolusTime":0,"time":"2023-12-25T18:06:08.792Z","iobWithZeroTemp":{"iob":-0.357,"basaliob":-0.357,"bolussnooze":0,"activity":-0.0018,"lastBolusTime":0,"time":"2023-12-25T18:06:08.792Z"}},{"iob":-0.057,"basaliob":-0.057,"bolussnooze":0,"activity":-3.0E-4,"lastBolusTime":0,"time":"2023-12-25T18:11:08.792Z","iobWithZeroTemp":{"iob":-0.38,"basaliob":-0.38,"bolussnooze":0,"activity":-0.0021,"lastBolusTime":0,"time":"2023-12-25T18:11:08.792Z"}},{"iob":-0.055,"basaliob":-0.055,"bolussnooze":0,"activity":-4.0E-4,"lastBolusTime":0,"time":"2023-12-25T18:16:08.792Z","iobWithZeroTemp":{"iob":-0.402,"basaliob":-0.402,"bolussnooze":0,"activity":-0.0024,"lastBolusTime":0,"time":"2023-12-25T18:16:08.792Z"}},{"iob":-0.053,"basaliob":-0.053,"bolussnooze":0,"activity":-4.0E-4,"lastBolusTime":0,"time":"2023-12-25T18:21:08.792Z","iobWithZeroTemp":{"iob":-0.423,"basaliob":-0.423,"bolussnooze":0,"activity":-0.0026,"lastBolusTime":0,"time":"2023-12-25T18:21:08.792Z"}},{"iob":-0.052,"basaliob":-0.052,"bolussnooze":0,"activity":-4.0E-4,"lastBolusTime":0,"time":"2023-12-25T18:26:08.792Z","iobWithZeroTemp":{"iob":-0.443,"basaliob":-0.443,"bolussnooze":0,"activity":-0.0028,"lastBolusTime":0,"time":"2023-12-25T18:26:08.792Z"}},{"iob":-0.05,"basaliob":-0.05,"bolussnooze":0,"activity":-4.0E-4,"lastBolusTime":0,"time":"2023-12-25T18:31:08.792Z","iobWithZeroTemp":{"iob":-0.462,"basaliob":-0.462,"bolussnooze":0,"activity":-0.0031,"lastBolusTime":0,"time":"2023-12-25T18:31:08.792Z"}},{"iob":-0.047,"basaliob":-0.047,"bolussnooze":0,"activity":-4.0E-4,"lastBolusTime":0,"time":"2023-12-25T18:36:08.792Z","iobWithZeroTemp":{"iob":-0.478,"basaliob":-0.478,"bolussnooze":0,"activity":-0.0033,"lastBolusTime":0,"time":"2023-12-25T18:36:08.792Z"}},{"iob":-0.045,"basaliob":-0.045,"bolussnooze":0,"activity":-4.0E-4,"lastBolusTime":0,"time":"2023-12-25T18:41:08.792Z","iobWithZeroTemp":{"iob":-0.495,"basaliob":-0.495,"bolussnooze":0,"activity":-0.0035,"lastBolusTime":0,"time":"2023-12-25T18:41:08.792Z"}},{"iob":-0.043,"basaliob":-0.043,"bolussnooze":0,"activity":-4.0E-4,"lastBolusTime":0,"time":"2023-12-25T18:46:08.792Z","iobWithZeroTemp":{"iob":-0.51,"basaliob":-0.51,"bolussnooze":0,"activity":-0.0037,"lastBolusTime":0,"time":"2023-12-25T18:46:08.792Z"}},{"iob":-0.041,"basaliob":-0.041,"bolussnooze":0,"activity":-4.0E-4,"lastBolusTime":0,"time":"2023-12-25T18:51:08.792Z","iobWithZeroTemp":{"iob":-0.525,"basaliob":-0.525,"bolussnooze":0,"activity":-0.0039,"lastBolusTime":0,"time":"2023-12-25T18:51:08.792Z"}},{"iob":-0.039,"basaliob":-0.039,"bolussnooze":0,"activity":-4.0E-4,"lastBolusTime":0,"time":"2023-12-25T18:56:08.792Z","iobWithZeroTemp":{"iob":-0.538,"basaliob":-0.538,"bolussnooze":0,"activity":-0.0041,"lastBolusTime":0,"time":"2023-12-25T18:56:08.792Z"}},{"iob":-0.037,"basaliob":-0.037,"bolussnooze":0,"activity":-4.0E-4,"lastBolusTime":0,"time":"2023-12-25T19:01:08.792Z","iobWithZeroTemp":{"iob":-0.551,"basaliob":-0.551,"bolussnooze":0,"activity":-0.0043,"lastBolusTime":0,"time":"2023-12-25T19:01:08.792Z"}},{"iob":-0.035,"basaliob":-0.035,"bolussnooze":0,"activity":-4.0E-4,"lastBolusTime":0,"time":"2023-12-25T19:06:08.792Z","iobWithZeroTemp":{"iob":-0.562,"basaliob":-0.562,"bolussnooze":0,"activity":-0.0044,"lastBolusTime":0,"time":"2023-12-25T19:06:08.792Z"}},{"iob":-0.033,"basaliob":-0.033,"bolussnooze":0,"activity":-4.0E-4,"lastBolusTime":0,"time":"2023-12-25T19:11:08.792Z","iobWithZeroTemp":{"iob":-0.573,"basaliob":-0.573,"bolussnooze":0,"activity":-0.0046,"lastBolusTime":0,"time":"2023-12-25T19:11:08.792Z"}},{"iob":-0.031,"basaliob":-0.031,"bolussnooze":0,"activity":-4.0E-4,"lastBolusTime":0,"time":"2023-12-25T19:16:08.792Z","iobWithZeroTemp":{"iob":-0.583,"basaliob":-0.583,"bolussnooze":0,"activity":-0.0047,"lastBolusTime":0,"time":"2023-12-25T19:16:08.792Z"}},{"iob":-0.03,"basaliob":-0.03,"bolussnooze":0,"activity":-4.0E-4,"lastBolusTime":0,"time":"2023-12-25T19:21:08.792Z","iobWithZeroTemp":{"iob":-0.593,"basaliob":-0.593,"bolussnooze":0,"activity":-0.0049,"lastBolusTime":0,"time":"2023-12-25T19:21:08.792Z"}},{"iob":-0.028,"basaliob":-0.028,"bolussnooze":0,"activity":-3.0E-4,"lastBolusTime":0,"time":"2023-12-25T19:26:08.792Z","iobWithZeroTemp":{"iob":-0.602,"basaliob":-0.602,"bolussnooze":0,"activity":-0.0049,"lastBolusTime":0,"time":"2023-12-25T19:26:08.792Z"}},{"iob":-0.026,"basaliob":-0.026,"bolussnooze":0,"activity":-3.0E-4,"lastBolusTime":0,"time":"2023-12-25T19:31:08.792Z","iobWithZeroTemp":{"iob":-0.61,"basaliob":-0.61,"bolussnooze":0,"activity":-0.0051,"lastBolusTime":0,"time":"2023-12-25T19:31:08.792Z"}},{"iob":-0.025,"basaliob":-0.025,"bolussnooze":0,"activity":-3.0E-4,"lastBolusTime":0,"time":"2023-12-25T19:36:08.792Z","iobWithZeroTemp":{"iob":-0.618,"basaliob":-0.618,"bolussnooze":0,"activity":-0.0052,"lastBolusTime":0,"time":"2023-12-25T19:36:08.792Z"}},{"iob":-0.023,"basaliob":-0.023,"bolussnooze":0,"activity":-3.0E-4,"lastBolusTime":0,"time":"2023-12-25T19:41:08.792Z","iobWithZeroTemp":{"iob":-0.624,"basaliob":-0.624,"bolussnooze":0,"activity":-0.0053,"lastBolusTime":0,"time":"2023-12-25T19:41:08.792Z"}},{"iob":-0.022,"basaliob":-0.022,"bolussnooze":0,"activity":-3.0E-4,"lastBolusTime":0,"time":"2023-12-25T19:46:08.792Z","iobWithZeroTemp":{"iob":-0.631,"basaliob":-0.631,"bolussnooze":0,"activity":-0.0054,"lastBolusTime":0,"time":"2023-12-25T19:46:08.792Z"}},{"iob":-0.02,"basaliob":-0.02,"bolussnooze":0,"activity":-3.0E-4,"lastBolusTime":0,"time":"2023-12-25T19:51:08.792Z","iobWithZeroTemp":{"iob":-0.637,"basaliob":-0.637,"bolussnooze":0,"activity":-0.0055,"lastBolusTime":0,"time":"2023-12-25T19:51:08.792Z"}},{"iob":-0.019,"basaliob":-0.019,"bolussnooze":0,"activity":-3.0E-4,"lastBolusTime":0,"time":"2023-12-25T19:56:08.792Z","iobWithZeroTemp":{"iob":-0.643,"basaliob":-0.643,"bolussnooze":0,"activity":-0.0056,"lastBolusTime":0,"time":"2023-12-25T19:56:08.792Z"}},{"iob":-0.018,"basaliob":-0.018,"bolussnooze":0,"activity":-2.0E-4,"lastBolusTime":0,"time":"2023-12-25T20:01:08.792Z","iobWithZeroTemp":{"iob":-0.648,"basaliob":-0.648,"bolussnooze":0,"activity":-0.0056,"lastBolusTime":0,"time":"2023-12-25T20:01:08.792Z"}},{"iob":-0.017,"basaliob":-0.017,"bolussnooze":0,"activity":-2.0E-4,"lastBolusTime":0,"time":"2023-12-25T20:06:08.792Z","iobWithZeroTemp":{"iob":-0.661,"basaliob":-0.661,"bolussnooze":0,"activity":-0.0057,"lastBolusTime":0,"time":"2023-12-25T20:06:08.792Z"}},{"iob":-0.016,"basaliob":-0.016,"bolussnooze":0,"activity":-2.0E-4,"lastBolusTime":0,"time":"2023-12-25T20:11:08.792Z","iobWithZeroTemp":{"iob":-0.674,"basaliob":-0.674,"bolussnooze":0,"activity":-0.0058,"lastBolusTime":0,"time":"2023-12-25T20:11:08.792Z"}},{"iob":-0.015,"basaliob":-0.015,"bolussnooze":0,"activity":-2.0E-4,"lastBolusTime":0,"time":"2023-12-25T20:16:08.792Z","iobWithZeroTemp":{"iob":-0.686,"basaliob":-0.686,"bolussnooze":0,"activity":-0.0059,"lastBolusTime":0,"time":"2023-12-25T20:16:08.792Z"}},{"iob":-0.014,"basaliob":-0.014,"bolussnooze":0,"activity":-2.0E-4,"lastBolusTime":0,"time":"2023-12-25T20:21:08.792Z","iobWithZeroTemp":{"iob":-0.698,"basaliob":-0.698,"bolussnooze":0,"activity":-0.006,"lastBolusTime":0,"time":"2023-12-25T20:21:08.792Z"}},{"iob":-0.013,"basaliob":-0.013,"bolussnooze":0,"activity":-2.0E-4,"lastBolusTime":0,"time":"2023-12-25T20:26:08.792Z","iobWithZeroTemp":{"iob":-0.709,"basaliob":-0.709,"bolussnooze":0,"activity":-0.0062,"lastBolusTime":0,"time":"2023-12-25T20:26:08.792Z"}},{"iob":-0.012,"basaliob":-0.012,"bolussnooze":0,"activity":-2.0E-4,"lastBolusTime":0,"time":"2023-12-25T20:31:08.792Z","iobWithZeroTemp":{"iob":-0.72,"basaliob":-0.72,"bolussnooze":0,"activity":-0.0063,"lastBolusTime":0,"time":"2023-12-25T20:31:08.792Z"}},{"iob":-0.011,"basaliob":-0.011,"bolussnooze":0,"activity":-2.0E-4,"lastBolusTime":0,"time":"2023-12-25T20:36:08.792Z","iobWithZeroTemp":{"iob":-0.73,"basaliob":-0.73,"bolussnooze":0,"activity":-0.0064,"lastBolusTime":0,"time":"2023-12-25T20:36:08.792Z"}},{"iob":-0.01,"basaliob":-0.01,"bolussnooze":0,"activity":-1.0E-4,"lastBolusTime":0,"time":"2023-12-25T20:41:08.792Z","iobWithZeroTemp":{"iob":-0.739,"basaliob":-0.739,"bolussnooze":0,"activity":-0.0064,"lastBolusTime":0,"time":"2023-12-25T20:41:08.792Z"}},{"iob":-0.009,"basaliob":-0.009,"bolussnooze":0,"activity":-1.0E-4,"lastBolusTime":0,"time":"2023-12-25T20:46:08.792Z","iobWithZeroTemp":{"iob":-0.748,"basaliob":-0.748,"bolussnooze":0,"activity":-0.0065,"lastBolusTime":0,"time":"2023-12-25T20:46:08.792Z"}},{"iob":-0.009,"basaliob":-0.009,"bolussnooze":0,"activity":-1.0E-4,"lastBolusTime":0,"time":"2023-12-25T20:51:08.792Z","iobWithZeroTemp":{"iob":-0.758,"basaliob":-0.758,"bolussnooze":0,"activity":-0.0066,"lastBolusTime":0,"time":"2023-12-25T20:51:08.792Z"}},{"iob":-0.008,"basaliob":-0.008,"bolussnooze":0,"activity":-1.0E-4,"lastBolusTime":0,"time":"2023-12-25T20:56:08.792Z","iobWithZeroTemp":{"iob":-0.766,"basaliob":-0.766,"bolussnooze":0,"activity":-0.0067,"lastBolusTime":0,"time":"2023-12-25T20:56:08.792Z"}},{"iob":-0.007,"basaliob":-0.007,"bolussnooze":0,"activity":-1.0E-4,"lastBolusTime":0,"time":"2023-12-25T21:01:08.792Z","iobWithZeroTemp":{"iob":-0.773,"basaliob":-0.773,"bolussnooze":0,"activity":-0.0068,"lastBolusTime":0,"time":"2023-12-25T21:01:08.792Z"}},{"iob":-0.007,"basaliob":-0.007,"bolussnooze":0,"activity":-1.0E-4,"lastBolusTime":0,"time":"2023-12-25T21:06:08.792Z","iobWithZeroTemp":{"iob":-0.781,"basaliob":-0.781,"bolussnooze":0,"activity":-0.0069,"lastBolusTime":0,"time":"2023-12-25T21:06:08.792Z"}},{"iob":-0.006,"basaliob":-0.006,"bolussnooze":0,"activity":-1.0E-4,"lastBolusTime":0,"time":"2023-12-25T21:11:08.792Z","iobWithZeroTemp":{"iob":-0.787,"basaliob":-0.787,"bolussnooze":0,"activity":-0.007,"lastBolusTime":0,"time":"2023-12-25T21:11:08.792Z"}}],"profile":{"max_iob":4,"type":"current","max_daily_basal":0.5,"max_basal":1.5,"min_bg":90,"max_bg":90,"target_bg":90,"carb_ratio":20,"sens":117,"max_daily_safety_multiplier":3,"current_basal_safety_multiplier":4,"high_temptarget_raises_sensitivity":false,"low_temptarget_lowers_sensitivity":false,"sensitivity_raises_target":true,"resistance_lowers_target":true,"adv_target_adjustments":false,"exercise_mode":false,"half_basal_exercise_target":160,"maxCOB":120,"skip_neutral_temps":false,"remainingCarbsCap":90,"enableUAM":true,"A52_risk_enable":false,"SMBInterval":3,"enableSMB_with_COB":true,"enableSMB_with_temptarget":true,"allowSMB_with_high_temptarget":false,"enableSMB_always":false,"enableSMB_after_carbs":false,"maxSMBBasalMinutes":75,"maxUAMSMBBasalMinutes":75,"bolus_increment":0.05,"carbsReqThreshold":10,"current_basal":0.4,"temptargetSet":false,"autosens_max":1.2,"out_units":"mmol\/L"},"autosens_data":{"ratio":1},"meal_data":{"carbs":0,"mealCOB":0,"slopeFromMaxDeviation":0,"slopeFromMinDeviation":1.0425454545454547,"lastBolusTime":1703430368291,"lastCarbTime":0},"microBolusAllowed":true,"currentTime":1703524570069,"flatBGsDetected":false},"output":{"temp":"absolute","bg":99,"tick":"+8","eventualBG":175,"targetBG":90,"insulinReq":0.57,"deliverAt":"2023-12-25T17:16:10.069Z","sensitivityRatio":1,"predBGs":{"IOB":[99,105,111,116,120,124,128,131,133,135,136,137,137,138,138,138,138,139,139,139,139,140,140,140,140,140,141,141,141,141,141,142,142,142,142,142,142,142,143],"ZT":[99,98,98,98,98,98,98,98,99,100,100],"UAM":[99,105,111,117,123,128,133,138,142,147,150,154,157,160,163,165,167,168,170,170,171,171,171,172,172,172,172,172,173,173,173,173,173,174,174,174,174,174,174,174,174,174,175]},"COB":0,"IOB":-0.049,"reason":"COB: 0, Dev: 2.4, BGI: 0.0, ISF: 6.5, CR: 20, Target: 5.0, minPredBG 8.7, minGuardBG 5.8, IOBpredBG 7.9, UAMpredBG 9.7; Eventual BG 9.7 >= 5.0, adj. req. rate: 1.54 to maxSafeBasal: 1.5, temp 0.65 < 1.5U\/hr. ","duration":30,"rate":1.5,"timestamp":"2023-12-25T17:16:10.090Z"}}