{"algorithm":"OpenAPSSMBPlugin","input":{"glucoseStatus":{"glucose":85,"noise":0,"delta":4.67,"short_avgdelta":0.52,"long_avgdelta":-7.64,"date":1703530816461},"currenttemp":{"temp":"absolute","duration":100,"rate":0,"minutesrunning":20},"iob_data":[{"iob":0.297,"basaliob":0.297,"bolussnooze":0,"activity":0.0037,"lastBolusTime":0,"time":"2023-12-25T19:01:08.097Z","iobWithZeroTemp":{"iob":0.297,"basaliob":0.297,"bolussnooze":0,"activity":0.0037,"lastBolusTime":0,"time":"2023-12-25T19:01:08.097Z"}},{"iob":0.279,"basaliob":0.279,"bolussnooze":0,"activity":0.0035,"lastBolusTime":0,"time":"2023-12-25T19:06:08.097Z","iobWithZeroTemp":{"iob":0.252,"basaliob":0.252,"bolussnooze":0,"activity":0.0035,"lastBolusTime":0,"time":"2023-12-25T19:06:08.097Z"}},{"iob":0.262,"basaliob":0.262,"bolussnooze":0,"activity":0.0034,"lastBolusTime":0,"time":"2023-12-25T19:11:08.097Z","iobWithZeroTemp":{"iob":0.202,"basaliob":0.202,"bolussnooze":0,"activity":0.0033,"lastBolusTime":0,"time":"2023-12-25T19:11:08.097Z"}},{"iob":0.245,"basaliob":0.245,"bolussnooze":0,"activity":0.0032,"lastBolusTime":0,"time":"2023-12-25T19:16:08.097Z","iobWithZeroTemp":{"iob":0.153,"basaliob":0.153,"bolussnooze":0,"activity":0.003,"lastBolusTime":0,"time":"2023-12-25T19:16:08.097Z"}},{"iob":0.23,"basaliob":0.23,"bolussnooze":0,"activity":0.003,"lastBolusTime":0,"time":"2023-12-25T19:21:08.097Z","iobWithZeroTemp":{"iob":0.105,"basaliob":0.105,"bolussnooze":0,"activity":0.0027,"lastBolusTime":0,"time":"2023-12-25T19:21:08.097Z"}},{"iob":0.215,"basaliob":0.215,"bolussnooze":0,"activity":0.0029,"lastBolusTime":0,"time":"2023-12-25T19:26:08.097Z","iobWithZeroTemp":{"iob":0.059,"basaliob":0.059,"bolussnooze":0,"activity":0.0024,"lastBolusTime":0,"time":"2023-12-25T19:26:08.097Z"}},{"iob":0.201,"basaliob":0.201,"bolussnooze":0,"activity":0.0027,"lastBolusTime":0,"time":"2023-12-25T19:31:08.097Z","iobWithZeroTemp":{"iob":0.015,"basaliob":0.015,"bolussnooze":0,"activity":0.002,"lastBolusTime":0,"time":"2023-12-25T19:31:08.097Z"}},{"iob":0.187,"basaliob":0.187,"bolussnooze":0,"activity":0.0026,"lastBolusTime":0,"time":"2023-12-25T19:36:08.097Z","iobWithZeroTemp":{"iob":-0.029,"basaliob":-0.029,"bolussnooze":0,"activity":0.0017,"lastBolusTime":0,"time":"2023-12-25T19:36:08.097Z"}},{"iob":0.175,"basaliob":0.175,"bolussnooze":0,"activity":0.0024,"lastBolusTime":0,"time":"2023-12-25T19:41:08.097Z","iobWithZeroTemp":{"iob":-0.069,"basaliob":-0.069,"bolussnooze":0,"activity":0.0013,"lastBolusTime":0,"time":"2023-12-25T19:41:08.097Z"}},{"iob":0.163,"basaliob":0.163,"bolussnooze":0,"activity":0.0023,"lastBolusTime":0,"time":"2023-12-25T19:46:08.097Z","iobWithZeroTemp":{"iob":-0.109,"basaliob":-0.109,"bolussnooze":0,"activity":0.001,"lastBolusTime":0,"time":"2023-12-25T19:46:08.097Z"}},{"iob":0.152,"basaliob":0.152,"bolussnooze":0,"activity":0.0022,"lastBolusTime":0,"time":"2023-12-25T19:51:08.097Z","iobWithZeroTemp":{"iob":-0.146,"basaliob":-0.146,"bolussnooze":0,"activity":7.0E-4,"lastBolusTime":0,"time":"2023-12-25T19:51:08.097Z"}},{"iob":0.141,"basaliob":0.141,"bolussnooze":0,"activity":0.002,"lastBolusTime":0,"time":"2023-12-25T19:56:08.097Z","iobWithZeroTemp":{"iob":-0.182,"basaliob":-0.182,"bolussnooze":0,"activity":2.0E-4,"lastBolusTime":0,"time":"2023-12-25T19:56:08.097Z"}},{"iob":0.131,"basaliob":0.131,"bolussnooze":0,"activity":0.0019,"lastBolusTime":0,"time":"2023-12-25T20:01:08.097Z","iobWithZeroTemp":{"iob":-0.216,"basaliob":-0.216,"bolussnooze":0,"activity":-1.0E-4,"lastBolusTime":0,"time":"2023-12-25T20:01:08.097Z"}},{"iob":0.122,"basaliob":0.122,"bolussnooze":0,"activity":0.0018,"lastBolusTime":0,"time":"2023-12-25T20:06:08.097Z","iobWithZeroTemp":{"iob":-0.256,"basaliob":-0.256,"bolussnooze":0,"activity":-4.0E-4,"lastBolusTime":0,"time":"2023-12-25T20:06:08.097Z"}},{"iob":0.113,"basaliob":0.113,"bolussnooze":0,"activity":0.0017,"lastBolusTime":0,"time":"2023-12-25T20:11:08.097Z","iobWithZeroTemp":{"iob":-0.295,"basaliob":-0.295,"bolussnooze":0,"activity":-8.0E-4,"lastBolusTime":0,"time":"2023-12-25T20:11:08.097Z"}},{"iob":0.105,"basaliob":0.105,"bolussnooze":0,"activity":0.0016,"lastBolusTime":0,"time":"2023-12-25T20:16:08.097Z","iobWithZeroTemp":{"iob":-0.331,"basaliob":-0.331,"bolussnooze":0,"activity":-0.0011,"lastBolusTime":0,"time":"2023-12-25T20:16:08.097Z"}},{"iob":0.097,"basaliob":0.097,"bolussnooze":0,"activity":0.0015,"lastBolusTime":0,"time":"2023-12-25T20:21:08.097Z","iobWithZeroTemp":{"iob":-0.367,"basaliob":-0.367,"bolussnooze":0,"activity":-0.0015,"lastBolusTime":0,"time":"2023-12-25T20:21:08.097Z"}},{"iob":0.09,"basaliob":0.09,"bolussnooze":0,"activity":0.0014,"lastBolusTime":0,"time":"2023-12-25T20:26:08.097Z","iobWithZeroTemp":{"iob":-0.4,"basaliob":-0.4,"bolussnooze":0,"activity":-0.0018,"lastBolusTime":0,"time":"2023-12-25T20:26:08.097Z"}},{"iob":0.083,"basaliob":0.083,"bolussnooze":0,"activity":0.0013,"lastBolusTime":0,"time":"2023-12-25T20:31:08.097Z","iobWithZeroTemp":{"iob":-0.432,"basaliob":-0.432,"bolussnooze":0,"activity":-0.0022,"lastBolusTime":0,"time":"2023-12-25T20:31:08.097Z"}},{"iob":0.077,"basaliob":0.077,"bolussnooze":0,"activity":0.0012,"lastBolusTime":0,"time":"2023-12-25T20:36:08.097Z","iobWithZeroTemp":{"iob":-0.462,"basaliob":-0.462,"bolussnooze":0,"activity":-0.0025,"lastBolusTime":0,"time":"2023-12-25T20:36:08.097Z"}},{"iob":0.071,"basaliob":0.071,"bolussnooze":0,"activity":0.0011,"lastBolusTime":0,"time":"2023-12-25T20:41:08.097Z","iobWithZeroTemp":{"iob":-0.49,"basaliob":-0.49,"bolussnooze":0,"activity":-0.0029,"lastBolusTime":0,"time":"2023-12-25T20:41:08.097Z"}},{"iob":0.066,"basaliob":0.066,"bolussnooze":0,"activity":0.0011,"lastBolusTime":0,"time":"2023-12-25T20:46:08.097Z","iobWithZeroTemp":{"iob":-0.516,"basaliob":-0.516,"bolussnooze":0,"activity":-0.0031,"lastBolusTime":0,"time":"2023-12-25T20:46:08.097Z"}},{"iob":0.061,"basaliob":0.061,"bolussnooze":0,"activity":0.001,"lastBolusTime":0,"time":"2023-12-25T20:51:08.097Z","iobWithZeroTemp":{"iob":-0.541,"basaliob":-0.541,"bolussnooze":0,"activity":-0.0034,"lastBolusTime":0,"time":"2023-12-25T20:51:08.097Z"}},{"iob":0.056,"basaliob":0.056,"bolussnooze":0,"activity":9.0E-4,"lastBolusTime":0,"time":"2023-12-25T20:56:08.097Z","iobWithZeroTemp":{"iob":-0.565,"basaliob":-0.565,"bolussnooze":0,"activity":-0.0037,"lastBolusTime":0,"time":"2023-12-25T20:56:08.097Z"}},{"iob":0.052,"basaliob":0.052,"bolussnooze":0,"activity":8.0E-4,"lastBolusTime":0,"time":"2023-12-25T21:01:08.097Z","iobWithZeroTemp":{"iob":-0.587,"basaliob":-0.587,"bolussnooze":0,"activity":-0.0041,"lastBolusTime":0,"time":"2023-12-25T21:01:08.097Z"}},{"iob":0.048,"basaliob":0.048,"bolussnooze":0,"activity":8.0E-4,"lastBolusTime":0,"time":"2023-12-25T21:06:08.097Z","iobWithZeroTemp":{"iob":-0.608,"basaliob":-0.608,"bolussnooze":0,"activity":-0.0043,"lastBolusTime":0,"time":"2023-12-25T21:06:08.097Z"}},{"iob":0.044,"basaliob":0.044,"bolussnooze":0,"activity":7.0E-4,"lastBolusTime":0,"time":"2023-12-25T21:11:08.097Z","iobWithZeroTemp":{"iob":-0.628,"basaliob":-0.628,"bolussnooze":0,"activity":-0.0046,"lastBolusTime":0,"time":"2023-12-25T21:11:08.097Z"}},{"iob":0.04,"basaliob":0.04,"bolussnooze":0,"activity":7.0E-4,"lastBolusTime":0,"time":"2023-12-25T21:16:08.097Z","iobWithZeroTemp":{"iob":-0.647,"basaliob":-0.647,"bolussnooze":0,"activity":-0.0047,"lastBolusTime":0,"time":"2023-12-25T21:16:08.097Z"}},{"iob":0.037,"basaliob":0.037,"bolussnooze":0,"activity":6.0E-4,"lastBolusTime":0,"time":"2023-12-25T21:21:08.097Z","iobWithZeroTemp":{"iob":-0.664,"basaliob":-0.664,"bolussnooze":0,"activity":-0.005,"lastBolusTime":0,"time":"2023-12-25T21:21:08.097Z"}},{"iob":0.034,"basaliob":0.034,"bolussnooze":0,"activity":6.0E-4,"lastBolusTime":0,"time":"2023-12-25T21:26:08.097Z","iobWithZeroTemp":{"iob":-0.68,"basaliob":-0.68,"bolussnooze":0,"activity":-0.0052,"lastBolusTime":0,"time":"2023-12-25T21:26:08.097Z"}},{"iob":0.031,"basaliob":0.031,"bolussnooze":0,"activity":5.0E-4,"lastBolusTime":0,"time":"2023-12-25T21:31:08.097Z","iobWithZeroTemp":{"iob":-0.695,"basaliob":-0.695,"bolussnooze":0,"activity":-0.0055,"lastBolusTime":0,"time":"2023-12-25T21:31:08.097Z"}},{"iob":0.029,"basaliob":0.029,"bolussnooze":0,"activity":5.0E-4,"lastBolusTime":0,"time":"2023-12-25T21:36:08.097Z","iobWithZeroTemp":{"iob":-0.709,"basaliob":-0.709,"bolussnooze":0,"activity":-0.0056,"lastBolusTime":0,"time":"2023-12-25T21:36:08.097Z"}},{"iob":0.026,"basaliob":0.026,"bolussnooze":0,"activity":5.0E-4,"lastBolusTime":0,"time":"2023-12-25T21:41:08.097Z","iobWithZeroTemp":{"iob":-0.723,"basaliob":-0.723,"bolussnooze":0,"activity":-0.0058,"lastBolusTime":0,"time":"2023-12-25T21:41:08.097Z"}},{"iob":0.024,"basaliob":0.024,"bolussnooze":0,"activity":4.0E-4,"lastBolusTime":0,"time":"2023-12-25T21:46:08.097Z","iobWithZeroTemp":{"iob":-0.735,"basaliob":-0.735,"bolussnooze":0,"activity":-0.006,"lastBolusTime":0,"time":"2023-12-25T21:46:08.097Z"}},{"iob":0.022,"basaliob":0.022,"bolussnooze":0,"activity":4.0E-4,"lastBolusTime":0,"time":"2023-12-25T21:51:08.097Z","iobWithZeroTemp":{"iob":-0.746,"basaliob":-0.746,"bolussnooze":0,"activity":-0.0061,"lastBolusTime":0,"time":"2023-12-25T21:51:08.097Z"}},{"iob":0.02,"basaliob":0.02,"bolussnooze":0,"activity":4.0E-4,"lastBolusTime":0,"time":"2023-12-25T21:56:08.097Z","iobWithZeroTemp":{"iob":-0.757,"basaliob":-0.757,"bolussnooze":0,"activity":-0.0063,"lastBolusTime":0,"time":"2023-12-25T21:56:08.097Z"}},{"iob":0.018,"basaliob":0.018,"bolussnooze":0,"activity":3.0E-4,"lastBolusTime":0,"time":"2023-12-25T22:01:08.097Z","iobWithZeroTemp":{"iob":-0.767,"basaliob":-0.767,"bolussnooze":0,"activity":-0.0065,"lastBolusTime":0,"time":"2023-12-25T22:01:08.097Z"}},{"iob":0.017,"basaliob":0.017,"bolussnooze":0,"activity":3.0E-4,"lastBolusTime":0,"time":"2023-12-25T22:06:08.097Z","iobWithZeroTemp":{"iob":-0.775,"basaliob":-0.775,"bolussnooze":0,"activity":-0.0066,"lastBolusTime":0,"time":"2023-12-25T22:06:08.097Z"}},{"iob":0.015,"basaliob":0.015,"bolussnooze":0,"activity":3.0E-4,"lastBolusTime":0,"time":"2023-12-25T22:11:08.097Z","iobWithZeroTemp":{"iob":-0.784,"basaliob":-0.784,"bolussnooze":0,"activity":-0.0067,"lastBolusTime":0,"time":"2023-12-25T22:11:08.097Z"}},{"iob":0.014,"basaliob":0.014,"bolussnooze":0,"activity":3.0E-4,"lastBolusTime":0,"time":"2023-12-25T22:16:08.097Z","iobWithZeroTemp":{"iob":-0.792,"basaliob":-0.792,"bolussnooze":0,"activity":-0.0068,"lastBolusTime":0,"time":"2023-12-25T22:16:08.097Z"}},{"iob":0.013,"basaliob":0.013,"bolussnooze":0,"activity":2.0E-4,"lastBolusTime":0,"time":"2023-12-25T22:21:08.097Z","iobWithZeroTemp":{"iob":-0.799,"basaliob":-0.799,"bolussnooze":0,"activity":-0.007,"lastBolusTime":0,"time":"2023-12-25T22:21:08.097Z"}},{"iob":0.012,"basaliob":0.012,"bolussnooze":0,"activity":2.0E-4,"lastBolusTime":0,"time":"2023-12-25T22:26:08.097Z","iobWithZeroTemp":{"iob":-0.805,"basaliob":-0.805,"bolussnooze":0,"activity":-0.0071,"lastBolusTime":0,"time":"2023-12-25T22:26:08.097Z"}},{"iob":0.011,"basaliob":0.011,"bolussnooze":0,"activity":2.0E-4,"lastBolusTime":0,"time":"2023-12-25T22:31:08.097Z","iobWithZeroTemp":{"iob":-0.812,"basaliob":-0.812,"bolussnooze":0,"activity":-0.0071,"lastBolusTime":0,"time":"2023-12-25T22:31:08.097Z"}},{"iob":0.01,"basaliob":0.01,"bolussnooze":0,"activity":2.0E-4,"lastBolusTime":0,"time":"2023-12-25T22:36:08.097Z","iobWithZeroTemp":{"iob":-0.817,"basaliob":-0.817,"bolussnooze":0,"activity":-0.0072,"lastBolusTime":0,"time":"2023-12-25T22:36:08.097Z"}},{"iob":0.009,"basaliob":0.009,"bolussnooze":0,"activity":2.0E-4,"lastBolusTime":0,"time":"2023-12-25T22:41:08.097Z","iobWithZeroTemp":{"iob":-0.823,"basaliob":-0.823,"bolussnooze":0,"activity":-0.0073,"lastBolusTime":0,"time":"2023-12-25T22:41:08.097Z"}},{"iob":0.008,"basaliob":0.008,"bolussnooze":0,"activity":2.0E-4,"lastBolusTime":0,"time":"2023-12-25T22:46:08.097Z","iobWithZeroTemp":{"iob":-0.828,"basaliob":-0.828,"bolussnooze":0,"activity":-0.0073,"lastBolusTime":0,"time":"2023-12-25T22:46:08.097Z"}},{"iob":0.007,"basaliob":0.007,"bolussnooze":0,"activity":1.0E-4,"lastBolusTime":0,"time":"2023-12-25T22:51:08.097Z","iobWithZeroTemp":{"iob":-0.833,"basaliob":-0.833,"bolussnooze":0,"activity":-0.0075,"lastBolusTime":0,"time":"2023-12-25T22:51:08.097Z"}},{"iob":0.006,"basaliob":0.006,"bolussnooze":0,"activity":1.0E-4,"lastBolusTime":0,"time":"2023-12-25T22:56:08.097Z","iobWithZeroTemp":{"iob":-0.837,"basaliob":-0.837,"bolussnooze":0,"activity":-0.0076,"lastBolusTime":0,"time":"2023-12-25T22:56:08.097Z"}}],"profile":{"max_iob":4,"type":"current","max_daily_basal":0.5,"max_basal":1.5,"min_bg":90,"max_bg":90,"target_bg":90,"carb_ratio":20,"sens":117,"max_daily_safety_multiplier":3,"current_basal_safety_multiplier":4,"high_temptarget_raises_sensitivity":false,"low_temptarget_lowers_sensitivity":false,"sensitivity_raises_target":true,"resistance_lowers_target":true,"adv_target_adjustments":false,"exercise_mode":false,"half_basal_exercise_target":160,"maxCOB":120,"skip_neutral_temps":false,"remainingCarbsCap":90,"enableUAM":true,"A52_risk_enable":false,"SMBInterval":3,"enableSMB_with_COB":true,"enableSMB_with_temptarget":true,"allowSMB_with_high_temptarget":false,"enableSMB_always":false,"enableSMB_after_carbs":false,"maxSMBBasalMinutes":75,"maxUAMSMBBasalMinutes":75,"bolus_increment":0.05,"carbsReqThreshold":10,"current_basal":0.4,"temptargetSet":false,"autosens_max":1.2,"out_units":"mmol\/L"},"autosens_data":{"ratio":1},"meal_data":{"carbs":0,"mealCOB":0,"slopeFromMaxDeviation":-0.8327,"slopeFromMinDeviation":5.385999999999999,"lastBolusTime":1703430368291,"lastCarbTime":0},"microBolusAllowed":true,"currentTime":1703530869460,"flatBGsDetected":false},"output":{"temp":"absolute","bg":85,"tick":"+5","eventualBG":66,"targetBG":90,"insulinReq":0,"deliverAt":"2023-12-25T19:01:09.460Z","sensitivityRatio":1,"predBGs":{"IOB":[85,85,86,86,85,85,85,85,84,83,82,81,80,79,78,77,76,75,74,73,73,72,71,71,70,70,69,69,69,68,68,68,67,67,67,67,66,66,66,66,66,66,65],"ZT":[85,83,81,79,77,76,74,73,72,71,71,70,70,70,70,71,71,72,73,75,76,78,80,82,84,86,89],"UAM":[85,84,82,80,78,76,74,73,71,70,69,67,66,65,64,63,62,61,60,60,59,58,58,57,56,56,55,55,55,54,54,54,53,53,53,53,52,52,52,52,52,52,51]},"COB":0,"IOB":0.297,"reason":"COB: 0, Dev: 0.9, BGI: -0.1, ISF: 6.5, CR: 20, Target: 5.0, minPredBG 3.6, minGuardBG 2.8, IOBpredBG 3.6, UAMpredBG 2.8; minGuardBG 2.8<3.6 100m left and 0 ~ req 0U\/hr: no temp required","timestamp":"2023-12-25T19:01:09.481Z"}}