{"algorithm":"OpenAPSSMBPlugin","input":{"glucoseStatus":{"glucose":104,"noise":0,"delta":4.67,"short_avgdelta":3.65,"long_avgdelta":2.6,"date":1703525416696},"currenttemp":{"temp":"absolute","duration":20,"rate":0.5,"minutesrunning":10},"iob_data":[{"iob":0.047,"basaliob":0.047,"bolussnooze":0,"activity":7.0E-4,"lastBolusTime":0,"time":"2023-12-25T17:31:08.706Z","iobWithZeroTemp":{"iob":0.047,"basaliob":0.047,"bolussnooze":0,"activity":7.0E-4,"lastBolusTime":0,"time":"2023-12-25T17:31:08.706Z"}},{"iob":0.043,"basaliob":0.043,"bolussnooze":0,"activity":7.0E-4,"lastBolusTime":0,"time":"2023-12-25T17:36:08.706Z","iobWithZeroTemp":{"iob":0.016,"basaliob":0.016,"bolussnooze":0,"activity":7.0E-4,"lastBolusTime":0,"time":"2023-12-25T17:36:08.706Z"}},{"iob":0.04,"basaliob":0.04,"bolussnooze":0,"activity":6.0E-4,"lastBolusTime":0,"time":"2023-12-25T17:41:08.706Z","iobWithZeroTemp":{"iob":-0.02,"basaliob":-0.02,"bolussnooze":0,"activity":5.0E-4,"lastBolusTime":0,"time":"2023-12-25T17:41:08.706Z"}},{"iob":0.037,"basaliob":0.037,"bolussnooze":0,"activity":6.0E-4,"lastBolusTime":0,"time":"2023-12-25T17:46:08.706Z","iobWithZeroTemp":{"iob":-0.055,"basaliob":-0.055,"bolussnooze":0,"activity":4.0E-4,"lastBolusTime":0,"time":"2023-12-25T17:46:08.706Z"}},{"iob":0.034,"basaliob":0.034,"bolussnooze":0,"activity":6.0E-4,"lastBolusTime":0,"time":"2023-12-25T17:51:08.706Z","iobWithZeroTemp":{"iob":-0.091,"basaliob":-0.091,"bolussnooze":0,"activity":3.0E-4,"lastBolusTime":0,"time":"2023-12-25T17:51:08.706Z"}},{"iob":0.032,"basaliob":0.032,"bolussnooze":0,"activity":5.0E-4,"lastBolusTime":0,"time":"2023-12-25T17:56:08.706Z","iobWithZeroTemp":{"iob":-0.124,"basaliob":-0.124,"bolussnooze":0,"activity":0,"lastBolusTime":0,"time":"2023-12-25T17:56:08.706Z"}},{"iob":0.029,"basaliob":0.029,"bolussnooze":0,"activity":5.0E-4,"lastBolusTime":0,"time":"2023-12-25T18:01:08.706Z","iobWithZeroTemp":{"iob":-0.157,"basaliob":-0.157,"bolussnooze":0,"activity":-2.0E-4,"lastBolusTime":0,"time":"2023-12-25T18:01:08.706Z"}},{"iob":0.027,"basaliob":0.027,"bolussnooze":0,"activity":4.0E-4,"lastBolusTime":0,"time":"2023-12-25T18:06:08.706Z","iobWithZeroTemp":{"iob":-0.189,"basaliob":-0.189,"bolussnooze":0,"activity":-5.0E-4,"lastBolusTime":0,"time":"2023-12-25T18:06:08.706Z"}},{"iob":0.025,"basaliob":0.025,"bolussnooze":0,"activity":4.0E-4,"lastBolusTime":0,"time":"2023-12-25T18:11:08.706Z","iobWithZeroTemp":{"iob":-0.219,"basaliob":-0.219,"bolussnooze":0,"activity":-7.0E-4,"lastBolusTime":0,"time":"2023-12-25T18:11:08.706Z"}},{"iob":0.023,"basaliob":0.023,"bolussnooze":0,"activity":4.0E-4,"lastBolusTime":0,"time":"2023-12-25T18:16:08.706Z","iobWithZeroTemp":{"iob":-0.249,"basaliob":-0.249,"bolussnooze":0,"activity":-9.0E-4,"lastBolusTime":0,"time":"2023-12-25T18:16:08.706Z"}},{"iob":0.021,"basaliob":0.021,"bolussnooze":0,"activity":4.0E-4,"lastBolusTime":0,"time":"2023-12-25T18:21:08.706Z","iobWithZeroTemp":{"iob":-0.277,"basaliob":-0.277,"bolussnooze":0,"activity":-0.0011,"lastBolusTime":0,"time":"2023-12-25T18:21:08.706Z"}},{"iob":0.019,"basaliob":0.019,"bolussnooze":0,"activity":3.0E-4,"lastBolusTime":0,"time":"2023-12-25T18:26:08.706Z","iobWithZeroTemp":{"iob":-0.304,"basaliob":-0.304,"bolussnooze":0,"activity":-0.0015,"lastBolusTime":0,"time":"2023-12-25T18:26:08.706Z"}},{"iob":0.017,"basaliob":0.017,"bolussnooze":0,"activity":3.0E-4,"lastBolusTime":0,"time":"2023-12-25T18:31:08.706Z","iobWithZeroTemp":{"iob":-0.33,"basaliob":-0.33,"bolussnooze":0,"activity":-0.0017,"lastBolusTime":0,"time":"2023-12-25T18:31:08.706Z"}},{"iob":0.016,"basaliob":0.016,"bolussnooze":0,"activity":3.0E-4,"lastBolusTime":0,"time":"2023-12-25T18:36:08.706Z","iobWithZeroTemp":{"iob":-0.354,"basaliob":-0.354,"bolussnooze":0,"activity":-0.0019,"lastBolusTime":0,"time":"2023-12-25T18:36:08.706Z"}},{"iob":0.015,"basaliob":0.015,"bolussnooze":0,"activity":3.0E-4,"lastBolusTime":0,"time":"2023-12-25T18:41:08.706Z","iobWithZeroTemp":{"iob":-0.376,"basaliob":-0.376,"bolussnooze":0,"activity":-0.0021,"lastBolusTime":0,"time":"2023-12-25T18:41:08.706Z"}},{"iob":0.013,"basaliob":0.013,"bolussnooze":0,"activity":2.0E-4,"lastBolusTime":0,"time":"2023-12-25T18:46:08.706Z","iobWithZeroTemp":{"iob":-0.399,"basaliob":-0.399,"bolussnooze":0,"activity":-0.0025,"lastBolusTime":0,"time":"2023-12-25T18:46:08.706Z"}},{"iob":0.012,"basaliob":0.012,"bolussnooze":0,"activity":2.0E-4,"lastBolusTime":0,"time":"2023-12-25T18:51:08.706Z","iobWithZeroTemp":{"iob":-0.419,"basaliob":-0.419,"bolussnooze":0,"activity":-0.0027,"lastBolusTime":0,"time":"2023-12-25T18:51:08.706Z"}},{"iob":0.011,"basaliob":0.011,"bolussnooze":0,"activity":2.0E-4,"lastBolusTime":0,"time":"2023-12-25T18:56:08.706Z","iobWithZeroTemp":{"iob":-0.439,"basaliob":-0.439,"bolussnooze":0,"activity":-0.0029,"lastBolusTime":0,"time":"2023-12-25T18:56:08.706Z"}},{"iob":0.01,"basaliob":0.01,"bolussnooze":0,"activity":2.0E-4,"lastBolusTime":0,"time":"2023-12-25T19:01:08.706Z","iobWithZeroTemp":{"iob":-0.457,"basaliob":-0.457,"bolussnooze":0,"activity":-0.0031,"lastBolusTime":0,"time":"2023-12-25T19:01:08.706Z"}},{"iob":0.009,"basaliob":0.009,"bolussnooze":0,"activity":2.0E-4,"lastBolusTime":0,"time":"2023-12-25T19:06:08.706Z","iobWithZeroTemp":{"iob":-0.475,"basaliob":-0.475,"bolussnooze":0,"activity":-0.0033,"lastBolusTime":0,"time":"2023-12-25T19:06:08.706Z"}},{"iob":0.008,"basaliob":0.008,"bolussnooze":0,"activity":2.0E-4,"lastBolusTime":0,"time":"2023-12-25T19:11:08.706Z","iobWithZeroTemp":{"iob":-0.491,"basaliob":-0.491,"bolussnooze":0,"activity":-0.0035,"lastBolusTime":0,"time":"2023-12-25T19:11:08.706Z"}},{"iob":0.008,"basaliob":0.008,"bolussnooze":0,"activity":1.0E-4,"lastBolusTime":0,"time":"2023-12-25T19:16:08.706Z","iobWithZeroTemp":{"iob":-0.506,"basaliob":-0.506,"bolussnooze":0,"activity":-0.0038,"lastBolusTime":0,"time":"2023-12-25T19:16:08.706Z"}},{"iob":0.007,"basaliob":0.007,"bolussnooze":0,"activity":1.0E-4,"lastBolusTime":0,"time":"2023-12-25T19:21:08.706Z","iobWithZeroTemp":{"iob":-0.52,"basaliob":-0.52,"bolussnooze":0,"activity":-0.0039,"lastBolusTime":0,"time":"2023-12-25T19:21:08.706Z"}},{"iob":0.006,"basaliob":0.006,"bolussnooze":0,"activity":1.0E-4,"lastBolusTime":0,"time":"2023-12-25T19:26:08.706Z","iobWithZeroTemp":{"iob":-0.534,"basaliob":-0.534,"bolussnooze":0,"activity":-0.0041,"lastBolusTime":0,"time":"2023-12-25T19:26:08.706Z"}},{"iob":0.006,"basaliob":0.006,"bolussnooze":0,"activity":1.0E-4,"lastBolusTime":0,"time":"2023-12-25T19:31:08.706Z","iobWithZeroTemp":{"iob":-0.546,"basaliob":-0.546,"bolussnooze":0,"activity":-0.0042,"lastBolusTime":0,"time":"2023-12-25T19:31:08.706Z"}},{"iob":0.005,"basaliob":0.005,"bolussnooze":0,"activity":1.0E-4,"lastBolusTime":0,"time":"2023-12-25T19:36:08.706Z","iobWithZeroTemp":{"iob":-0.558,"basaliob":-0.558,"bolussnooze":0,"activity":-0.0044,"lastBolusTime":0,"time":"2023-12-25T19:36:08.706Z"}},{"iob":0.005,"basaliob":0.005,"bolussnooze":0,"activity":1.0E-4,"lastBolusTime":0,"time":"2023-12-25T19:41:08.706Z","iobWithZeroTemp":{"iob":-0.569,"basaliob":-0.569,"bolussnooze":0,"activity":-0.0045,"lastBolusTime":0,"time":"2023-12-25T19:41:08.706Z"}},{"iob":0.004,"basaliob":0.004,"bolussnooze":0,"activity":1.0E-4,"lastBolusTime":0,"time":"2023-12-25T19:46:08.706Z","iobWithZeroTemp":{"iob":-0.58,"basaliob":-0.58,"bolussnooze":0,"activity":-0.0047,"lastBolusTime":0,"time":"2023-12-25T19:46:08.706Z"}},{"iob":0.004,"basaliob":0.004,"bolussnooze":0,"activity":1.0E-4,"lastBolusTime":0,"time":"2023-12-25T19:51:08.706Z","iobWithZeroTemp":{"iob":-0.589,"basaliob":-0.589,"bolussnooze":0,"activity":-0.0048,"lastBolusTime":0,"time":"2023-12-25T19:51:08.706Z"}},{"iob":0.003,"basaliob":0.003,"bolussnooze":0,"activity":1.0E-4,"lastBolusTime":0,"time":"2023-12-25T19:56:08.706Z","iobWithZeroTemp":{"iob":-0.598,"basaliob":-0.598,"bolussnooze":0,"activity":-0.0049,"lastBolusTime":0,"time":"2023-12-25T19:56:08.706Z"}},{"iob":0.003,"basaliob":0.003,"bolussnooze":0,"activity":1.0E-4,"lastBolusTime":0,"time":"2023-12-25T20:01:08.706Z","iobWithZeroTemp":{"iob":-0.606,"basaliob":-0.606,"bolussnooze":0,"activity":-0.005,"lastBolusTime":0,"time":"2023-12-25T20:01:08.706Z"}},{"iob":0.003,"basaliob":0.003,"bolussnooze":0,"activity":1.0E-4,"lastBolusTime":0,"time":"2023-12-25T20:06:08.706Z","iobWithZeroTemp":{"iob":-0.622,"basaliob":-0.622,"bolussnooze":0,"activity":-0.0051,"lastBolusTime":0,"time":"2023-12-25T20:06:08.706Z"}},{"iob":0.002,"basaliob":0.002,"bolussnooze":0,"activity":1.0E-4,"lastBolusTime":0,"time":"2023-12-25T20:11:08.706Z","iobWithZeroTemp":{"iob":-0.638,"basaliob":-0.638,"bolussnooze":0,"activity":-0.0053,"lastBolusTime":0,"time":"2023-12-25T20:11:08.706Z"}},{"iob":0.002,"basaliob":0.002,"bolussnooze":0,"activity":0,"lastBolusTime":0,"time":"2023-12-25T20:16:08.706Z","iobWithZeroTemp":{"iob":-0.653,"basaliob":-0.653,"bolussnooze":0,"activity":-0.0055,"lastBolusTime":0,"time":"2023-12-25T20:16:08.706Z"}},{"iob":0.002,"basaliob":0.002,"bolussnooze":0,"activity":0,"lastBolusTime":0,"time":"2023-12-25T20:21:08.706Z","iobWithZeroTemp":{"iob":-0.666,"basaliob":-0.666,"bolussnooze":0,"activity":-0.0056,"lastBolusTime":0,"time":"2023-12-25T20:21:08.706Z"}},{"iob":0.002,"basaliob":0.002,"bolussnooze":0,"activity":0,"lastBolusTime":0,"time":"2023-12-25T20:26:08.706Z","iobWithZeroTemp":{"iob":-0.68,"basaliob":-0.68,"bolussnooze":0,"activity":-0.0057,"lastBolusTime":0,"time":"2023-12-25T20:26:08.706Z"}},{"iob":0.002,"basaliob":0.002,"bolussnooze":0,"activity":0,"lastBolusTime":0,"time":"2023-12-25T20:31:08.706Z","iobWithZeroTemp":{"iob":-0.692,"basaliob":-0.692,"bolussnooze":0,"activity":-0.0059,"lastBolusTime":0,"time":"2023-12-25T20:31:08.706Z"}},{"iob":0.001,"basaliob":0.001,"bolussnooze":0,"activity":0,"lastBolusTime":0,"time":"2023-12-25T20:36:08.706Z","iobWithZeroTemp":{"iob":-0.705,"basaliob":-0.705,"bolussnooze":0,"activity":-0.006,"lastBolusTime":0,"time":"2023-12-25T20:36:08.706Z"}},{"iob":0.001,"basaliob":0.001,"bolussnooze":0,"activity":0,"lastBolusTime":0,"time":"2023-12-25T20:41:08.706Z","iobWithZeroTemp":{"iob":-0.717,"basaliob":-0.717,"bolussnooze":0,"activity":-0.0061,"lastBolusTime":0,"time":"2023-12-25T20:41:08.706Z"}},{"iob":0.001,"basaliob":0.001,"bolussnooze":0,"activity":0,"lastBolusTime":0,"time":"2023-12-25T20:46:08.706Z","iobWithZeroTemp":{"iob":-0.728,"basaliob":-0.728,"bolussnooze":0,"activity":-0.0062,"lastBolusTime":0,"time":"2023-12-25T20:46:08.706Z"}},{"iob":0.001,"basaliob":0.001,"bolussnooze":0,"activity":0,"lastBolusTime":0,"time":"2023-12-25T20:51:08.706Z","iobWithZeroTemp":{"iob":-0.738,"basaliob":-0.738,"bolussnooze":0,"activity":-0.0063,"lastBolusTime":0,"time":"2023-12-25T20:51:08.706Z"}},{"iob":0.001,"basaliob":0.001,"bolussnooze":0,"activity":0,"lastBolusTime":0,"time":"2023-12-25T20:56:08.706Z","iobWithZeroTemp":{"iob":-0.748,"basaliob":-0.748,"bolussnooze":0,"activity":-0.0065,"lastBolusTime":0,"time":"2023-12-25T20:56:08.706Z"}},{"iob":0.001,"basaliob":0.001,"bolussnooze":0,"activity":0,"lastBolusTime":0,"time":"2023-12-25T21:01:08.706Z","iobWithZeroTemp":{"iob":-0.757,"basaliob":-0.757,"bolussnooze":0,"activity":-0.0066,"lastBolusTime":0,"time":"2023-12-25T21:01:08.706Z"}},{"iob":0.001,"basaliob":0.001,"bolussnooze":0,"activity":0,"lastBolusTime":0,"time":"2023-12-25T21:06:08.706Z","iobWithZeroTemp":{"iob":-0.765,"basaliob":-0.765,"bolussnooze":0,"activity":-0.0067,"lastBolusTime":0,"time":"2023-12-25T21:06:08.706Z"}},{"iob":0.001,"basaliob":0.001,"bolussnooze":0,"activity":0,"lastBolusTime":0,"time":"2023-12-25T21:11:08.706Z","iobWithZeroTemp":{"iob":-0.773,"basaliob":-0.773,"bolussnooze":0,"activity":-0.0068,"lastBolusTime":0,"time":"2023-12-25T21:11:08.706Z"}},{"iob":0,"basaliob":0,"bolussnooze":0,"activity":0,"lastBolusTime":0,"time":"2023-12-25T21:16:08.706Z","iobWithZeroTemp":{"iob":-0.782,"basaliob":-0.782,"bolussnooze":0,"activity":-0.0069,"lastBolusTime":0,"time":"2023-12-25T21:16:08.706Z"}},{"iob":0,"basaliob":0,"bolussnooze":0,"activity":0,"lastBolusTime":0,"time":"2023-12-25T21:21:08.706Z","iobWithZeroTemp":{"iob":-0.789,"basaliob":-0.789,"bolussnooze":0,"activity":-0.007,"lastBolusTime":0,"time":"2023-12-25T21:21:08.706Z"}},{"iob":0,"basaliob":0,"bolussnooze":0,"activity":0,"lastBolusTime":0,"time":"2023-12-25T21:26:08.706Z","iobWithZeroTemp":{"iob":-0.796,"basaliob":-0.796,"bolussnooze":0,"activity":-0.007,"lastBolusTime":0,"time":"2023-12-25T21:26:08.706Z"}}],"profile":{"max_iob":4,"type":"current","max_daily_basal":0.5,"max_basal":1.5,"min_bg":90,"max_bg":90,"target_bg":90,"carb_ratio":20,"sens":117,"max_daily_safety_multiplier":3,"current_basal_safety_multiplier":4,"high_temptarget_raises_sensitivity":false,"low_temptarget_lowers_sensitivity":false,"sensitivity_raises_target":true,"resistance_lowers_target":true,"adv_target_adjustments":false,"exercise_mode":false,"half_basal_exercise_target":160,"maxCOB":120,"skip_neutral_temps":false,"remainingCarbsCap":90,"enableUAM":true,"A52_risk_enable":false,"SMBInterval":3,"enableSMB_with_COB":true,"enableSMB_with_temptarget":true,"allowSMB_with_high_temptarget":false,"enableSMB_always":false,"enableSMB_after_carbs":false,"maxSMBBasalMinutes":75,"maxUAMSMBBasalMinutes":75,"bolus_increment":0.05,"carbsReqThreshold":10,"current_basal":0.4,"temptargetSet":false,"autosens_max":1.2,"out_units":"mmol\/L"},"autosens_data":{"ratio":1},"meal_data":{"carbs":0,"mealCOB":0,"slopeFromMaxDeviation":-0.6139999999999999,"slopeFromMinDeviation":1.4288333333333334,"lastBolusTime":1703430368291,"lastCarbTime":0},"microBolusAllowed":true,"currentTime":1703525470040,"flatBGsDetected":false},"output":{"temp":"absolute","bg":104,"tick":"+5","eventualBG":123,"targetBG":90,"insulinReq":0.22,"deliverAt":"2023-12-25T17:31:10.040Z","sensitivityRatio":1,"predBGs":{"IOB":[104,107,110,113,115,118,119,121,122,123,123,123,123,123,123,122,122,122,122,122,122,122,122,122,122,121],"ZT":[104,104,103,103,103,102,102,103,103,103,104,104],"UAM":[104,107,110,111,113,113,114,113,113,113,113,112,112,112,112,112,112,111,111,111,111,111,111,111,111,111,111,111,111,110]},"COB":0,"IOB":0.047,"reason":"COB: 0, Dev: 1.3, BGI: 0.0, ISF: 6.5, CR: 20, Target: 5.0, minPredBG 6.4, minGuardBG 5.9, IOBpredBG 6.7, UAMpredBG 6.1; Eventual BG 6.8 >= 5.0, temp 0.50 < 0.84U\/hr. ","duration":30,"rate":0.8400000000000001,"timestamp":"2023-12-25T17:31:10.074Z"}}