{"algorithm":"OpenAPSSMBPlugin","input":{"glucoseStatus":{"glucose":163,"noise":0,"delta":12.67,"short_avgdelta":10.46,"long_avgdelta":5.22,"date":1703454915183},"currenttemp":{"temp":"absolute","duration":20,"rate":1.3,"minutesrunning":10},"iob_data":[{"iob":0.483,"basaliob":0.481,"bolussnooze":0,"activity":0.0039,"lastBolusTime":1703430368291,"time":"2023-12-24T21:56:07.645Z","iobWithZeroTemp":{"iob":0.483,"basaliob":0.481,"bolussnooze":0,"activity":0.0039,"lastBolusTime":1703430368291,"time":"2023-12-24T21:56:07.645Z"}},{"iob":0.464,"basaliob":0.462,"bolussnooze":0,"activity":0.0039,"lastBolusTime":1703430368291,"time":"2023-12-24T22:01:07.645Z","iobWithZeroTemp":{"iob":0.427,"basaliob":0.425,"bolussnooze":0,"activity":0.0039,"lastBolusTime":1703430368291,"time":"2023-12-24T22:01:07.645Z"}},{"iob":0.443,"basaliob":0.442,"bolussnooze":0,"activity":0.004,"lastBolusTime":1703430368291,"time":"2023-12-24T22:06:07.645Z","iobWithZeroTemp":{"iob":0.361,"basaliob":0.36,"bolussnooze":0,"activity":0.0039,"lastBolusTime":1703430368291,"time":"2023-12-24T22:06:07.645Z"}},{"iob":0.423,"basaliob":0.422,"bolussnooze":0,"activity":0.004,"lastBolusTime":1703430368291,"time":"2023-12-24T22:11:07.645Z","iobWithZeroTemp":{"iob":0.296,"basaliob":0.295,"bolussnooze":0,"activity":0.0037,"lastBolusTime":1703430368291,"time":"2023-12-24T22:11:07.645Z"}},{"iob":0.403,"basaliob":0.402,"bolussnooze":0,"activity":0.004,"lastBolusTime":1703430368291,"time":"2023-12-24T22:16:07.645Z","iobWithZeroTemp":{"iob":0.232,"basaliob":0.231,"bolussnooze":0,"activity":0.0036,"lastBolusTime":1703430368291,"time":"2023-12-24T22:16:07.645Z"}},{"iob":0.384,"basaliob":0.383,"bolussnooze":0,"activity":0.0039,"lastBolusTime":1703430368291,"time":"2023-12-24T22:21:07.645Z","iobWithZeroTemp":{"iob":0.17,"basaliob":0.169,"bolussnooze":0,"activity":0.0032,"lastBolusTime":1703430368291,"time":"2023-12-24T22:21:07.645Z"}},{"iob":0.364,"basaliob":0.363,"bolussnooze":0,"activity":0.0039,"lastBolusTime":1703430368291,"time":"2023-12-24T22:26:07.645Z","iobWithZeroTemp":{"iob":0.108,"basaliob":0.107,"bolussnooze":0,"activity":0.003,"lastBolusTime":1703430368291,"time":"2023-12-24T22:26:07.645Z"}},{"iob":0.345,"basaliob":0.344,"bolussnooze":0,"activity":0.0038,"lastBolusTime":1703430368291,"time":"2023-12-24T22:31:07.645Z","iobWithZeroTemp":{"iob":0.048,"basaliob":0.047,"bolussnooze":0,"activity":0.0026,"lastBolusTime":1703430368291,"time":"2023-12-24T22:31:07.645Z"}},{"iob":0.327,"basaliob":0.326,"bolussnooze":0,"activity":0.0037,"lastBolusTime":1703430368291,"time":"2023-12-24T22:36:07.645Z","iobWithZeroTemp":{"iob":-0.009,"basaliob":-0.01,"bolussnooze":0,"activity":0.0022,"lastBolusTime":1703430368291,"time":"2023-12-24T22:36:07.645Z"}},{"iob":0.308,"basaliob":0.308,"bolussnooze":0,"activity":0.0036,"lastBolusTime":1703430368291,"time":"2023-12-24T22:41:07.645Z","iobWithZeroTemp":{"iob":-0.065,"basaliob":-0.065,"bolussnooze":0,"activity":0.0018,"lastBolusTime":1703430368291,"time":"2023-12-24T22:41:07.645Z"}},{"iob":0.29,"basaliob":0.29,"bolussnooze":0,"activity":0.0034,"lastBolusTime":1703430368291,"time":"2023-12-24T22:46:07.645Z","iobWithZeroTemp":{"iob":-0.119,"basaliob":-0.119,"bolussnooze":0,"activity":0.0013,"lastBolusTime":1703430368291,"time":"2023-12-24T22:46:07.645Z"}},{"iob":0.273,"basaliob":0.273,"bolussnooze":0,"activity":0.0033,"lastBolusTime":1703430368291,"time":"2023-12-24T22:51:07.645Z","iobWithZeroTemp":{"iob":-0.171,"basaliob":-0.171,"bolussnooze":0,"activity":9.0E-4,"lastBolusTime":1703430368291,"time":"2023-12-24T22:51:07.645Z"}},{"iob":0.257,"basaliob":0.257,"bolussnooze":0,"activity":0.0032,"lastBolusTime":1703430368291,"time":"2023-12-24T22:56:07.645Z","iobWithZeroTemp":{"iob":-0.22,"basaliob":-0.22,"bolussnooze":0,"activity":5.0E-4,"lastBolusTime":1703430368291,"time":"2023-12-24T22:56:07.645Z"}},{"iob":0.241,"basaliob":0.241,"bolussnooze":0,"activity":0.003,"lastBolusTime":1703430368291,"time":"2023-12-24T23:01:07.645Z","iobWithZeroTemp":{"iob":-0.267,"basaliob":-0.267,"bolussnooze":0,"activity":0,"lastBolusTime":1703430368291,"time":"2023-12-24T23:01:07.645Z"}},{"iob":0.226,"basaliob":0.226,"bolussnooze":0,"activity":0.0029,"lastBolusTime":1703430368291,"time":"2023-12-24T23:06:07.645Z","iobWithZeroTemp":{"iob":-0.29,"basaliob":-0.29,"bolussnooze":0,"activity":-4.0E-4,"lastBolusTime":1703430368291,"time":"2023-12-24T23:06:07.645Z"}},{"iob":0.212,"basaliob":0.212,"bolussnooze":0,"activity":0.0028,"lastBolusTime":1703430368291,"time":"2023-12-24T23:11:07.645Z","iobWithZeroTemp":{"iob":-0.309,"basaliob":-0.309,"bolussnooze":0,"activity":-8.0E-4,"lastBolusTime":1703430368291,"time":"2023-12-24T23:11:07.645Z"}},{"iob":0.199,"basaliob":0.199,"bolussnooze":0,"activity":0.0026,"lastBolusTime":1703430368291,"time":"2023-12-24T23:16:07.645Z","iobWithZeroTemp":{"iob":-0.327,"basaliob":-0.327,"bolussnooze":0,"activity":-0.0012,"lastBolusTime":1703430368291,"time":"2023-12-24T23:16:07.645Z"}},{"iob":0.186,"basaliob":0.186,"bolussnooze":0,"activity":0.0025,"lastBolusTime":1703430368291,"time":"2023-12-24T23:21:07.645Z","iobWithZeroTemp":{"iob":-0.344,"basaliob":-0.344,"bolussnooze":0,"activity":-0.0015,"lastBolusTime":1703430368291,"time":"2023-12-24T23:21:07.645Z"}},{"iob":0.174,"basaliob":0.174,"bolussnooze":0,"activity":0.0024,"lastBolusTime":1703430368291,"time":"2023-12-24T23:26:07.645Z","iobWithZeroTemp":{"iob":-0.358,"basaliob":-0.358,"bolussnooze":0,"activity":-0.0018,"lastBolusTime":1703430368291,"time":"2023-12-24T23:26:07.645Z"}},{"iob":0.162,"basaliob":0.162,"bolussnooze":0,"activity":0.0022,"lastBolusTime":1703430368291,"time":"2023-12-24T23:31:07.645Z","iobWithZeroTemp":{"iob":-0.372,"basaliob":-0.372,"bolussnooze":0,"activity":-0.0021,"lastBolusTime":1703430368291,"time":"2023-12-24T23:31:07.645Z"}},{"iob":0.151,"basaliob":0.151,"bolussnooze":0,"activity":0.0021,"lastBolusTime":1703430368291,"time":"2023-12-24T23:36:07.645Z","iobWithZeroTemp":{"iob":-0.384,"basaliob":-0.384,"bolussnooze":0,"activity":-0.0023,"lastBolusTime":1703430368291,"time":"2023-12-24T23:36:07.645Z"}},{"iob":0.141,"basaliob":0.141,"bolussnooze":0,"activity":0.002,"lastBolusTime":1703430368291,"time":"2023-12-24T23:41:07.645Z","iobWithZeroTemp":{"iob":-0.395,"basaliob":-0.395,"bolussnooze":0,"activity":-0.0025,"lastBolusTime":1703430368291,"time":"2023-12-24T23:41:07.645Z"}},{"iob":0.131,"basaliob":0.131,"bolussnooze":0,"activity":0.0019,"lastBolusTime":1703430368291,"time":"2023-12-24T23:46:07.645Z","iobWithZeroTemp":{"iob":-0.405,"basaliob":-0.405,"bolussnooze":0,"activity":-0.0027,"lastBolusTime":1703430368291,"time":"2023-12-24T23:46:07.645Z"}},{"iob":0.122,"basaliob":0.122,"bolussnooze":0,"activity":0.0018,"lastBolusTime":1703430368291,"time":"2023-12-24T23:51:07.645Z","iobWithZeroTemp":{"iob":-0.414,"basaliob":-0.414,"bolussnooze":0,"activity":-0.0029,"lastBolusTime":1703430368291,"time":"2023-12-24T23:51:07.645Z"}},{"iob":0.113,"basaliob":0.113,"bolussnooze":0,"activity":0.0017,"lastBolusTime":1703430368291,"time":"2023-12-24T23:56:07.645Z","iobWithZeroTemp":{"iob":-0.422,"basaliob":-0.422,"bolussnooze":0,"activity":-0.0031,"lastBolusTime":1703430368291,"time":"2023-12-24T23:56:07.645Z"}},{"iob":0.105,"basaliob":0.105,"bolussnooze":0,"activity":0.0016,"lastBolusTime":1703430368291,"time":"2023-12-25T00:01:07.645Z","iobWithZeroTemp":{"iob":-0.429,"basaliob":-0.429,"bolussnooze":0,"activity":-0.0032,"lastBolusTime":1703430368291,"time":"2023-12-25T00:01:07.645Z"}},{"iob":0.098,"basaliob":0.098,"bolussnooze":0,"activity":0.0015,"lastBolusTime":1703430368291,"time":"2023-12-25T00:06:07.645Z","iobWithZeroTemp":{"iob":-0.435,"basaliob":-0.435,"bolussnooze":0,"activity":-0.0033,"lastBolusTime":1703430368291,"time":"2023-12-25T00:06:07.645Z"}},{"iob":0.091,"basaliob":0.091,"bolussnooze":0,"activity":0.0014,"lastBolusTime":0,"time":"2023-12-25T00:11:07.645Z","iobWithZeroTemp":{"iob":-0.441,"basaliob":-0.441,"bolussnooze":0,"activity":-0.0035,"lastBolusTime":0,"time":"2023-12-25T00:11:07.645Z"}},{"iob":0.084,"basaliob":0.084,"bolussnooze":0,"activity":0.0013,"lastBolusTime":0,"time":"2023-12-25T00:16:07.645Z","iobWithZeroTemp":{"iob":-0.447,"basaliob":-0.447,"bolussnooze":0,"activity":-0.0036,"lastBolusTime":0,"time":"2023-12-25T00:16:07.645Z"}},{"iob":0.078,"basaliob":0.078,"bolussnooze":0,"activity":0.0012,"lastBolusTime":0,"time":"2023-12-25T00:21:07.645Z","iobWithZeroTemp":{"iob":-0.451,"basaliob":-0.451,"bolussnooze":0,"activity":-0.0037,"lastBolusTime":0,"time":"2023-12-25T00:21:07.645Z"}},{"iob":0.072,"basaliob":0.072,"bolussnooze":0,"activity":0.0011,"lastBolusTime":0,"time":"2023-12-25T00:26:07.645Z","iobWithZeroTemp":{"iob":-0.455,"basaliob":-0.455,"bolussnooze":0,"activity":-0.0038,"lastBolusTime":0,"time":"2023-12-25T00:26:07.645Z"}},{"iob":0.067,"basaliob":0.067,"bolussnooze":0,"activity":0.001,"lastBolusTime":0,"time":"2023-12-25T00:31:07.645Z","iobWithZeroTemp":{"iob":-0.459,"basaliob":-0.459,"bolussnooze":0,"activity":-0.0039,"lastBolusTime":0,"time":"2023-12-25T00:31:07.645Z"}},{"iob":0.061,"basaliob":0.061,"bolussnooze":0,"activity":0.001,"lastBolusTime":0,"time":"2023-12-25T00:36:07.645Z","iobWithZeroTemp":{"iob":-0.463,"basaliob":-0.463,"bolussnooze":0,"activity":-0.0039,"lastBolusTime":0,"time":"2023-12-25T00:36:07.645Z"}},{"iob":0.057,"basaliob":0.057,"bolussnooze":0,"activity":9.0E-4,"lastBolusTime":0,"time":"2023-12-25T00:41:07.645Z","iobWithZeroTemp":{"iob":-0.465,"basaliob":-0.465,"bolussnooze":0,"activity":-0.004,"lastBolusTime":0,"time":"2023-12-25T00:41:07.645Z"}},{"iob":0.052,"basaliob":0.052,"bolussnooze":0,"activity":8.0E-4,"lastBolusTime":0,"time":"2023-12-25T00:46:07.645Z","iobWithZeroTemp":{"iob":-0.469,"basaliob":-0.469,"bolussnooze":0,"activity":-0.0041,"lastBolusTime":0,"time":"2023-12-25T00:46:07.645Z"}},{"iob":0.048,"basaliob":0.048,"bolussnooze":0,"activity":8.0E-4,"lastBolusTime":0,"time":"2023-12-25T00:51:07.645Z","iobWithZeroTemp":{"iob":-0.471,"basaliob":-0.471,"bolussnooze":0,"activity":-0.0041,"lastBolusTime":0,"time":"2023-12-25T00:51:07.645Z"}},{"iob":0.044,"basaliob":0.044,"bolussnooze":0,"activity":7.0E-4,"lastBolusTime":0,"time":"2023-12-25T00:56:07.645Z","iobWithZeroTemp":{"iob":-0.473,"basaliob":-0.473,"bolussnooze":0,"activity":-0.0042,"lastBolusTime":0,"time":"2023-12-25T00:56:07.645Z"}},{"iob":0.041,"basaliob":0.041,"bolussnooze":0,"activity":7.0E-4,"lastBolusTime":0,"time":"2023-12-25T01:01:07.645Z","iobWithZeroTemp":{"iob":-0.474,"basaliob":-0.474,"bolussnooze":0,"activity":-0.0042,"lastBolusTime":0,"time":"2023-12-25T01:01:07.645Z"}},{"iob":0.038,"basaliob":0.038,"bolussnooze":0,"activity":6.0E-4,"lastBolusTime":0,"time":"2023-12-25T01:06:07.645Z","iobWithZeroTemp":{"iob":-0.476,"basaliob":-0.476,"bolussnooze":0,"activity":-0.0043,"lastBolusTime":0,"time":"2023-12-25T01:06:07.645Z"}},{"iob":0.035,"basaliob":0.035,"bolussnooze":0,"activity":6.0E-4,"lastBolusTime":0,"time":"2023-12-25T01:11:07.645Z","iobWithZeroTemp":{"iob":-0.477,"basaliob":-0.477,"bolussnooze":0,"activity":-0.0043,"lastBolusTime":0,"time":"2023-12-25T01:11:07.645Z"}},{"iob":0.032,"basaliob":0.032,"bolussnooze":0,"activity":5.0E-4,"lastBolusTime":0,"time":"2023-12-25T01:16:07.645Z","iobWithZeroTemp":{"iob":-0.479,"basaliob":-0.479,"bolussnooze":0,"activity":-0.0044,"lastBolusTime":0,"time":"2023-12-25T01:16:07.645Z"}},{"iob":0.029,"basaliob":0.029,"bolussnooze":0,"activity":5.0E-4,"lastBolusTime":0,"time":"2023-12-25T01:21:07.645Z","iobWithZeroTemp":{"iob":-0.48,"basaliob":-0.48,"bolussnooze":0,"activity":-0.0044,"lastBolusTime":0,"time":"2023-12-25T01:21:07.645Z"}},{"iob":0.027,"basaliob":0.027,"bolussnooze":0,"activity":5.0E-4,"lastBolusTime":0,"time":"2023-12-25T01:26:07.645Z","iobWithZeroTemp":{"iob":-0.481,"basaliob":-0.481,"bolussnooze":0,"activity":-0.0044,"lastBolusTime":0,"time":"2023-12-25T01:26:07.645Z"}},{"iob":0.025,"basaliob":0.025,"bolussnooze":0,"activity":4.0E-4,"lastBolusTime":0,"time":"2023-12-25T01:31:07.645Z","iobWithZeroTemp":{"iob":-0.481,"basaliob":-0.481,"bolussnooze":0,"activity":-0.0045,"lastBolusTime":0,"time":"2023-12-25T01:31:07.645Z"}},{"iob":0.022,"basaliob":0.022,"bolussnooze":0,"activity":4.0E-4,"lastBolusTime":0,"time":"2023-12-25T01:36:07.645Z","iobWithZeroTemp":{"iob":-0.483,"basaliob":-0.483,"bolussnooze":0,"activity":-0.0044,"lastBolusTime":0,"time":"2023-12-25T01:36:07.645Z"}},{"iob":0.021,"basaliob":0.021,"bolussnooze":0,"activity":4.0E-4,"lastBolusTime":0,"time":"2023-12-25T01:41:07.645Z","iobWithZeroTemp":{"iob":-0.483,"basaliob":-0.483,"bolussnooze":0,"activity":-0.0044,"lastBolusTime":0,"time":"2023-12-25T01:41:07.645Z"}},{"iob":0.019,"basaliob":0.019,"bolussnooze":0,"activity":3.0E-4,"lastBolusTime":0,"time":"2023-12-25T01:46:07.645Z","iobWithZeroTemp":{"iob":-0.484,"basaliob":-0.484,"bolussnooze":0,"activity":-0.0045,"lastBolusTime":0,"time":"2023-12-25T01:46:07.645Z"}},{"iob":0.017,"basaliob":0.017,"bolussnooze":0,"activity":3.0E-4,"lastBolusTime":0,"time":"2023-12-25T01:51:07.645Z","iobWithZeroTemp":{"iob":-0.485,"basaliob":-0.485,"bolussnooze":0,"activity":-0.0045,"lastBolusTime":0,"time":"2023-12-25T01:51:07.645Z"}}],"profile":{"max_iob":4,"type":"current","max_daily_basal":0.5,"max_basal":1.5,"min_bg":90,"max_bg":90,"target_bg":90,"carb_ratio":20,"sens":117,"max_daily_safety_multiplier":3,"current_basal_safety_multiplier":4,"high_temptarget_raises_sensitivity":false,"low_temptarget_lowers_sensitivity":false,"sensitivity_raises_target":true,"resistance_lowers_target":true,"adv_target_adjustments":false,"exercise_mode":false,"half_basal_exercise_target":160,"maxCOB":120,"skip_neutral_temps":false,"remainingCarbsCap":90,"enableUAM":true,"A52_risk_enable":false,"SMBInterval":3,"enableSMB_with_COB":true,"enableSMB_with_temptarget":true,"allowSMB_with_high_temptarget":false,"enableSMB_always":false,"enableSMB_after_carbs":false,"maxSMBBasalMinutes":75,"maxUAMSMBBasalMinutes":75,"bolus_increment":0.05,"carbsReqThreshold":10,"current_basal":0.5,"temptargetSet":false,"autosens_max":1.2,"out_units":"mmol\/L"},"autosens_data":{"ratio":1.1},"meal_data":{"carbs":0,"mealCOB":0,"slopeFromMaxDeviation":0,"slopeFromMinDeviation":1.791625,"lastBolusTime":1703430368291,"lastCarbTime":0},"microBolusAllowed":true,"currentTime":1703454968918,"flatBGsDetected":false},"output":{"temp":"absolute","bg":163,"tick":"+13","eventualBG":237,"targetBG":87,"insulinReq":1.15,"deliverAt":"2023-12-24T21:56:08.918Z","sensitivityRatio":1.1,"predBGs":{"IOB":[163,172,181,188,194,199,204,207,209,210,210,209,208,206,204,203,201,200,199,197,196,195,194,193,192,191,190,189,189,188,187,187,186,186,185,185,184,184,184,183,183,183,182,182,182,182,182,181],"ZT":[163,161,159,157,155,153,151,150,148,147,146,145,145,145,145,145,145],"UAM":[163,173,182,191,199,206,213,219,225,230,235,239,242,245,248,250,251,252,253,253,252,251,250,249,248,247,246,245,245,244,243,243,242,242,241,241,240,240,240,239,239,239,238,238,238,238,237]},"COB":0,"IOB":0.483,"reason":"COB: 0, Dev: 4.2, BGI: -0.1, ISF: 5.9, CR: 20, Target: 4.8, minPredBG 11.6, minGuardBG 9.6, IOBpredBG 10.1, UAMpredBG 13.2; Eventual BG 13.2 >= 4.8, adj. req. rate: 2.85 to maxSafeBasal: 1.5, temp 1.30 < 1.5U\/hr. ","duration":30,"rate":1.5,"timestamp":"2023-12-24T21:56:08.941Z"}}