{"algorithm":"OpenAPSSMBPlugin","input":{"glucoseStatus":{"glucose":89,"noise":0,"delta":4.67,"short_avgdelta":4.17,"long_avgdelta":2.66,"date":1703476215583},"currenttemp":{"temp":"absolute","duration":20,"rate":0.4,"minutesrunning":10},"iob_data":[{"iob":-0.168,"basaliob":-0.168,"bolussnooze":0,"activity":-0.0019,"lastBolusTime":0,"time":"2023-12-25T03:51:08.331Z","iobWithZeroTemp":{"iob":-0.168,"basaliob":-0.168,"bolussnooze":0,"activity":-0.0019,"lastBolusTime":0,"time":"2023-12-25T03:51:08.331Z"}},{"iob":-0.159,"basaliob":-0.159,"bolussnooze":0,"activity":-0.0018,"lastBolusTime":0,"time":"2023-12-25T03:56:08.331Z","iobWithZeroTemp":{"iob":-0.176,"basaliob":-0.176,"bolussnooze":0,"activity":-0.0018,"lastBolusTime":0,"time":"2023-12-25T03:56:08.331Z"}},{"iob":-0.149,"basaliob":-0.149,"bolussnooze":0,"activity":-0.0018,"lastBolusTime":0,"time":"2023-12-25T04:01:08.331Z","iobWithZeroTemp":{"iob":-0.186,"basaliob":-0.186,"bolussnooze":0,"activity":-0.0019,"lastBolusTime":0,"time":"2023-12-25T04:01:08.331Z"}},{"iob":-0.141,"basaliob":-0.141,"bolussnooze":0,"activity":-0.0017,"lastBolusTime":0,"time":"2023-12-25T04:06:08.331Z","iobWithZeroTemp":{"iob":-0.199,"basaliob":-0.199,"bolussnooze":0,"activity":-0.0018,"lastBolusTime":0,"time":"2023-12-25T04:06:08.331Z"}},{"iob":-0.132,"basaliob":-0.132,"bolussnooze":0,"activity":-0.0016,"lastBolusTime":0,"time":"2023-12-25T04:11:08.331Z","iobWithZeroTemp":{"iob":-0.21,"basaliob":-0.21,"bolussnooze":0,"activity":-0.0018,"lastBolusTime":0,"time":"2023-12-25T04:11:08.331Z"}},{"iob":-0.124,"basaliob":-0.124,"bolussnooze":0,"activity":-0.0016,"lastBolusTime":0,"time":"2023-12-25T04:16:08.331Z","iobWithZeroTemp":{"iob":-0.221,"basaliob":-0.221,"bolussnooze":0,"activity":-0.0019,"lastBolusTime":0,"time":"2023-12-25T04:16:08.331Z"}},{"iob":-0.117,"basaliob":-0.117,"bolussnooze":0,"activity":-0.0015,"lastBolusTime":0,"time":"2023-12-25T04:21:08.331Z","iobWithZeroTemp":{"iob":-0.233,"basaliob":-0.233,"bolussnooze":0,"activity":-0.0019,"lastBolusTime":0,"time":"2023-12-25T04:21:08.331Z"}},{"iob":-0.109,"basaliob":-0.109,"bolussnooze":0,"activity":-0.0014,"lastBolusTime":0,"time":"2023-12-25T04:26:08.331Z","iobWithZeroTemp":{"iob":-0.244,"basaliob":-0.244,"bolussnooze":0,"activity":-0.0019,"lastBolusTime":0,"time":"2023-12-25T04:26:08.331Z"}},{"iob":-0.102,"basaliob":-0.102,"bolussnooze":0,"activity":-0.0014,"lastBolusTime":0,"time":"2023-12-25T04:31:08.331Z","iobWithZeroTemp":{"iob":-0.255,"basaliob":-0.255,"bolussnooze":0,"activity":-0.0021,"lastBolusTime":0,"time":"2023-12-25T04:31:08.331Z"}},{"iob":-0.096,"basaliob":-0.096,"bolussnooze":0,"activity":-0.0013,"lastBolusTime":0,"time":"2023-12-25T04:36:08.331Z","iobWithZeroTemp":{"iob":-0.266,"basaliob":-0.266,"bolussnooze":0,"activity":-0.0021,"lastBolusTime":0,"time":"2023-12-25T04:36:08.331Z"}},{"iob":-0.089,"basaliob":-0.089,"bolussnooze":0,"activity":-0.0012,"lastBolusTime":0,"time":"2023-12-25T04:41:08.331Z","iobWithZeroTemp":{"iob":-0.275,"basaliob":-0.275,"bolussnooze":0,"activity":-0.0022,"lastBolusTime":0,"time":"2023-12-25T04:41:08.331Z"}},{"iob":-0.083,"basaliob":-0.083,"bolussnooze":0,"activity":-0.0012,"lastBolusTime":0,"time":"2023-12-25T04:46:08.331Z","iobWithZeroTemp":{"iob":-0.285,"basaliob":-0.285,"bolussnooze":0,"activity":-0.0023,"lastBolusTime":0,"time":"2023-12-25T04:46:08.331Z"}},{"iob":-0.078,"basaliob":-0.078,"bolussnooze":0,"activity":-0.0011,"lastBolusTime":0,"time":"2023-12-25T04:51:08.331Z","iobWithZeroTemp":{"iob":-0.295,"basaliob":-0.295,"bolussnooze":0,"activity":-0.0023,"lastBolusTime":0,"time":"2023-12-25T04:51:08.331Z"}},{"iob":-0.073,"basaliob":-0.073,"bolussnooze":0,"activity":-0.001,"lastBolusTime":0,"time":"2023-12-25T04:56:08.331Z","iobWithZeroTemp":{"iob":-0.304,"basaliob":-0.304,"bolussnooze":0,"activity":-0.0024,"lastBolusTime":0,"time":"2023-12-25T04:56:08.331Z"}},{"iob":-0.068,"basaliob":-0.068,"bolussnooze":0,"activity":-0.001,"lastBolusTime":0,"time":"2023-12-25T05:01:08.331Z","iobWithZeroTemp":{"iob":-0.313,"basaliob":-0.313,"bolussnooze":0,"activity":-0.0025,"lastBolusTime":0,"time":"2023-12-25T05:01:08.331Z"}},{"iob":-0.063,"basaliob":-0.063,"bolussnooze":0,"activity":-9.0E-4,"lastBolusTime":0,"time":"2023-12-25T05:06:08.331Z","iobWithZeroTemp":{"iob":-0.325,"basaliob":-0.325,"bolussnooze":0,"activity":-0.0026,"lastBolusTime":0,"time":"2023-12-25T05:06:08.331Z"}},{"iob":-0.058,"basaliob":-0.058,"bolussnooze":0,"activity":-9.0E-4,"lastBolusTime":0,"time":"2023-12-25T05:11:08.331Z","iobWithZeroTemp":{"iob":-0.336,"basaliob":-0.336,"bolussnooze":0,"activity":-0.0027,"lastBolusTime":0,"time":"2023-12-25T05:11:08.331Z"}},{"iob":-0.054,"basaliob":-0.054,"bolussnooze":0,"activity":-8.0E-4,"lastBolusTime":0,"time":"2023-12-25T05:16:08.331Z","iobWithZeroTemp":{"iob":-0.347,"basaliob":-0.347,"bolussnooze":0,"activity":-0.0028,"lastBolusTime":0,"time":"2023-12-25T05:16:08.331Z"}},{"iob":-0.05,"basaliob":-0.05,"bolussnooze":0,"activity":-8.0E-4,"lastBolusTime":0,"time":"2023-12-25T05:21:08.331Z","iobWithZeroTemp":{"iob":-0.358,"basaliob":-0.358,"bolussnooze":0,"activity":-0.0029,"lastBolusTime":0,"time":"2023-12-25T05:21:08.331Z"}},{"iob":-0.047,"basaliob":-0.047,"bolussnooze":0,"activity":-7.0E-4,"lastBolusTime":0,"time":"2023-12-25T05:26:08.331Z","iobWithZeroTemp":{"iob":-0.369,"basaliob":-0.369,"bolussnooze":0,"activity":-0.0029,"lastBolusTime":0,"time":"2023-12-25T05:26:08.331Z"}},{"iob":-0.043,"basaliob":-0.043,"bolussnooze":0,"activity":-7.0E-4,"lastBolusTime":0,"time":"2023-12-25T05:31:08.331Z","iobWithZeroTemp":{"iob":-0.379,"basaliob":-0.379,"bolussnooze":0,"activity":-0.0031,"lastBolusTime":0,"time":"2023-12-25T05:31:08.331Z"}},{"iob":-0.04,"basaliob":-0.04,"bolussnooze":0,"activity":-6.0E-4,"lastBolusTime":0,"time":"2023-12-25T05:36:08.331Z","iobWithZeroTemp":{"iob":-0.388,"basaliob":-0.388,"bolussnooze":0,"activity":-0.0031,"lastBolusTime":0,"time":"2023-12-25T05:36:08.331Z"}},{"iob":-0.037,"basaliob":-0.037,"bolussnooze":0,"activity":-6.0E-4,"lastBolusTime":0,"time":"2023-12-25T05:41:08.331Z","iobWithZeroTemp":{"iob":-0.398,"basaliob":-0.398,"bolussnooze":0,"activity":-0.0033,"lastBolusTime":0,"time":"2023-12-25T05:41:08.331Z"}},{"iob":-0.034,"basaliob":-0.034,"bolussnooze":0,"activity":-5.0E-4,"lastBolusTime":0,"time":"2023-12-25T05:46:08.331Z","iobWithZeroTemp":{"iob":-0.406,"basaliob":-0.406,"bolussnooze":0,"activity":-0.0033,"lastBolusTime":0,"time":"2023-12-25T05:46:08.331Z"}},{"iob":-0.032,"basaliob":-0.032,"bolussnooze":0,"activity":-5.0E-4,"lastBolusTime":0,"time":"2023-12-25T05:51:08.331Z","iobWithZeroTemp":{"iob":-0.415,"basaliob":-0.415,"bolussnooze":0,"activity":-0.0034,"lastBolusTime":0,"time":"2023-12-25T05:51:08.331Z"}},{"iob":-0.029,"basaliob":-0.029,"bolussnooze":0,"activity":-5.0E-4,"lastBolusTime":0,"time":"2023-12-25T05:56:08.331Z","iobWithZeroTemp":{"iob":-0.422,"basaliob":-0.422,"bolussnooze":0,"activity":-0.0035,"lastBolusTime":0,"time":"2023-12-25T05:56:08.331Z"}},{"iob":-0.027,"basaliob":-0.027,"bolussnooze":0,"activity":-4.0E-4,"lastBolusTime":0,"time":"2023-12-25T06:01:08.331Z","iobWithZeroTemp":{"iob":-0.429,"basaliob":-0.429,"bolussnooze":0,"activity":-0.0036,"lastBolusTime":0,"time":"2023-12-25T06:01:08.331Z"}},{"iob":-0.025,"basaliob":-0.025,"bolussnooze":0,"activity":-4.0E-4,"lastBolusTime":0,"time":"2023-12-25T06:06:08.331Z","iobWithZeroTemp":{"iob":-0.436,"basaliob":-0.436,"bolussnooze":0,"activity":-0.0037,"lastBolusTime":0,"time":"2023-12-25T06:06:08.331Z"}},{"iob":-0.023,"basaliob":-0.023,"bolussnooze":0,"activity":-4.0E-4,"lastBolusTime":0,"time":"2023-12-25T06:11:08.331Z","iobWithZeroTemp":{"iob":-0.443,"basaliob":-0.443,"bolussnooze":0,"activity":-0.0038,"lastBolusTime":0,"time":"2023-12-25T06:11:08.331Z"}},{"iob":-0.021,"basaliob":-0.021,"bolussnooze":0,"activity":-4.0E-4,"lastBolusTime":0,"time":"2023-12-25T06:16:08.331Z","iobWithZeroTemp":{"iob":-0.449,"basaliob":-0.449,"bolussnooze":0,"activity":-0.0039,"lastBolusTime":0,"time":"2023-12-25T06:16:08.331Z"}},{"iob":-0.019,"basaliob":-0.019,"bolussnooze":0,"activity":-3.0E-4,"lastBolusTime":0,"time":"2023-12-25T06:21:08.331Z","iobWithZeroTemp":{"iob":-0.454,"basaliob":-0.454,"bolussnooze":0,"activity":-0.0039,"lastBolusTime":0,"time":"2023-12-25T06:21:08.331Z"}},{"iob":-0.018,"basaliob":-0.018,"bolussnooze":0,"activity":-3.0E-4,"lastBolusTime":0,"time":"2023-12-25T06:26:08.331Z","iobWithZeroTemp":{"iob":-0.46,"basaliob":-0.46,"bolussnooze":0,"activity":-0.004,"lastBolusTime":0,"time":"2023-12-25T06:26:08.331Z"}},{"iob":-0.016,"basaliob":-0.016,"bolussnooze":0,"activity":-3.0E-4,"lastBolusTime":0,"time":"2023-12-25T06:31:08.331Z","iobWithZeroTemp":{"iob":-0.464,"basaliob":-0.464,"bolussnooze":0,"activity":-0.0041,"lastBolusTime":0,"time":"2023-12-25T06:31:08.331Z"}},{"iob":-0.015,"basaliob":-0.015,"bolussnooze":0,"activity":-3.0E-4,"lastBolusTime":0,"time":"2023-12-25T06:36:08.331Z","iobWithZeroTemp":{"iob":-0.469,"basaliob":-0.469,"bolussnooze":0,"activity":-0.0041,"lastBolusTime":0,"time":"2023-12-25T06:36:08.331Z"}},{"iob":-0.014,"basaliob":-0.014,"bolussnooze":0,"activity":-2.0E-4,"lastBolusTime":0,"time":"2023-12-25T06:41:08.331Z","iobWithZeroTemp":{"iob":-0.474,"basaliob":-0.474,"bolussnooze":0,"activity":-0.0041,"lastBolusTime":0,"time":"2023-12-25T06:41:08.331Z"}},{"iob":-0.013,"basaliob":-0.013,"bolussnooze":0,"activity":-2.0E-4,"lastBolusTime":0,"time":"2023-12-25T06:46:08.331Z","iobWithZeroTemp":{"iob":-0.478,"basaliob":-0.478,"bolussnooze":0,"activity":-0.0042,"lastBolusTime":0,"time":"2023-12-25T06:46:08.331Z"}},{"iob":-0.012,"basaliob":-0.012,"bolussnooze":0,"activity":-2.0E-4,"lastBolusTime":0,"time":"2023-12-25T06:51:08.331Z","iobWithZeroTemp":{"iob":-0.482,"basaliob":-0.482,"bolussnooze":0,"activity":-0.0043,"lastBolusTime":0,"time":"2023-12-25T06:51:08.331Z"}},{"iob":-0.011,"basaliob":-0.011,"bolussnooze":0,"activity":-2.0E-4,"lastBolusTime":0,"time":"2023-12-25T06:56:08.331Z","iobWithZeroTemp":{"iob":-0.486,"basaliob":-0.486,"bolussnooze":0,"activity":-0.0043,"lastBolusTime":0,"time":"2023-12-25T06:56:08.331Z"}},{"iob":-0.01,"basaliob":-0.01,"bolussnooze":0,"activity":-2.0E-4,"lastBolusTime":0,"time":"2023-12-25T07:01:08.331Z","iobWithZeroTemp":{"iob":-0.489,"basaliob":-0.489,"bolussnooze":0,"activity":-0.0044,"lastBolusTime":0,"time":"2023-12-25T07:01:08.331Z"}},{"iob":-0.009,"basaliob":-0.009,"bolussnooze":0,"activity":-2.0E-4,"lastBolusTime":0,"time":"2023-12-25T07:06:08.331Z","iobWithZeroTemp":{"iob":-0.492,"basaliob":-0.492,"bolussnooze":0,"activity":-0.0044,"lastBolusTime":0,"time":"2023-12-25T07:06:08.331Z"}},{"iob":-0.008,"basaliob":-0.008,"bolussnooze":0,"activity":-1.0E-4,"lastBolusTime":0,"time":"2023-12-25T07:11:08.331Z","iobWithZeroTemp":{"iob":-0.495,"basaliob":-0.495,"bolussnooze":0,"activity":-0.0044,"lastBolusTime":0,"time":"2023-12-25T07:11:08.331Z"}},{"iob":-0.007,"basaliob":-0.007,"bolussnooze":0,"activity":-1.0E-4,"lastBolusTime":0,"time":"2023-12-25T07:16:08.331Z","iobWithZeroTemp":{"iob":-0.497,"basaliob":-0.497,"bolussnooze":0,"activity":-0.0044,"lastBolusTime":0,"time":"2023-12-25T07:16:08.331Z"}},{"iob":-0.007,"basaliob":-0.007,"bolussnooze":0,"activity":-1.0E-4,"lastBolusTime":0,"time":"2023-12-25T07:21:08.331Z","iobWithZeroTemp":{"iob":-0.5,"basaliob":-0.5,"bolussnooze":0,"activity":-0.0045,"lastBolusTime":0,"time":"2023-12-25T07:21:08.331Z"}},{"iob":-0.006,"basaliob":-0.006,"bolussnooze":0,"activity":-1.0E-4,"lastBolusTime":0,"time":"2023-12-25T07:26:08.331Z","iobWithZeroTemp":{"iob":-0.502,"basaliob":-0.502,"bolussnooze":0,"activity":-0.0045,"lastBolusTime":0,"time":"2023-12-25T07:26:08.331Z"}},{"iob":-0.006,"basaliob":-0.006,"bolussnooze":0,"activity":-1.0E-4,"lastBolusTime":0,"time":"2023-12-25T07:31:08.331Z","iobWithZeroTemp":{"iob":-0.505,"basaliob":-0.505,"bolussnooze":0,"activity":-0.0046,"lastBolusTime":0,"time":"2023-12-25T07:31:08.331Z"}},{"iob":-0.005,"basaliob":-0.005,"bolussnooze":0,"activity":-1.0E-4,"lastBolusTime":0,"time":"2023-12-25T07:36:08.331Z","iobWithZeroTemp":{"iob":-0.506,"basaliob":-0.506,"bolussnooze":0,"activity":-0.0046,"lastBolusTime":0,"time":"2023-12-25T07:36:08.331Z"}},{"iob":-0.005,"basaliob":-0.005,"bolussnooze":0,"activity":-1.0E-4,"lastBolusTime":0,"time":"2023-12-25T07:41:08.331Z","iobWithZeroTemp":{"iob":-0.508,"basaliob":-0.508,"bolussnooze":0,"activity":-0.0047,"lastBolusTime":0,"time":"2023-12-25T07:41:08.331Z"}},{"iob":-0.004,"basaliob":-0.004,"bolussnooze":0,"activity":-1.0E-4,"lastBolusTime":0,"time":"2023-12-25T07:46:08.331Z","iobWithZeroTemp":{"iob":-0.51,"basaliob":-0.51,"bolussnooze":0,"activity":-0.0047,"lastBolusTime":0,"time":"2023-12-25T07:46:08.331Z"}}],"profile":{"max_iob":4,"type":"current","max_daily_basal":0.5,"max_basal":1,"min_bg":99,"max_bg":99,"target_bg":99,"carb_ratio":25,"sens":142.20000000000002,"max_daily_safety_multiplier":3,"current_basal_safety_multiplier":4,"high_temptarget_raises_sensitivity":false,"low_temptarget_lowers_sensitivity":false,"sensitivity_raises_target":true,"resistance_lowers_target":true,"adv_target_adjustments":false,"exercise_mode":false,"half_basal_exercise_target":160,"maxCOB":120,"skip_neutral_temps":false,"remainingCarbsCap":90,"enableUAM":true,"A52_risk_enable":false,"SMBInterval":3,"enableSMB_with_COB":true,"enableSMB_with_temptarget":true,"allowSMB_with_high_temptarget":false,"enableSMB_always":false,"enableSMB_after_carbs":false,"maxSMBBasalMinutes":75,"maxUAMSMBBasalMinutes":75,"bolus_increment":0.05,"carbsReqThreshold":10,"current_basal":0.25,"temptargetSet":false,"autosens_max":1.2,"out_units":"mmol\/L"},"autosens_data":{"ratio":1},"meal_data":{"carbs":0,"mealCOB":0,"slopeFromMaxDeviation":0,"slopeFromMinDeviation":0.45649999999999996,"lastBolusTime":1703430368291,"lastCarbTime":0},"microBolusAllowed":true,"currentTime":1703476269559,"flatBGsDetected":false},"output":{"temp":"absolute","bg":89,"tick":"+5","eventualBG":137,"targetBG":99,"insulinReq":0.16,"deliverAt":"2023-12-25T03:51:09.559Z","sensitivityRatio":1,"predBGs":{"IOB":[89,93,97,100,103,106,108,111,112,114,116,117,117,118,119,120,120,121,122,122,123,123,124,124,124,125,125,125,126,126,126,126,127,127,127,127,127,127,128],"ZT":[89,90,92,93,94,96,97,98],"UAM":[89,93,97,100,104,107,110,113,115,118,120,122,124,125,127,128,129,130,130,131,131,132,132,133,133,133,134,134,134,135,135,135,135,136,136,136,136,136,136,136,137]},"COB":0,"IOB":-0.168,"reason":"COB: 0, Dev: 0.9, BGI: 0.1, ISF: 7.9, CR: 25, Target: 5.5, minPredBG 6.8, minGuardBG 5.2, IOBpredBG 7.1, UAMpredBG 7.6; Eventual BG 7.6 >= 5.5, temp 0.40 < 0.57U\/hr. ","duration":30,"rate":0.5700000000000001,"timestamp":"2023-12-25T03:51:09.584Z"}}