{"algorithm":"OpenAPSSMBPlugin","input":{"glucoseStatus":{"glucose":117,"noise":0,"delta":-4.67,"short_avgdelta":-4.24,"long_avgdelta":-6.78,"date":1703462415083},"currenttemp":{"temp":"absolute","duration":95,"rate":0,"minutesrunning":25},"iob_data":[{"iob":0.297,"basaliob":0.297,"bolussnooze":0,"activity":0.0044,"lastBolusTime":1703430368291,"time":"2023-12-25T00:01:06.444Z","iobWithZeroTemp":{"iob":0.297,"basaliob":0.297,"bolussnooze":0,"activity":0.0044,"lastBolusTime":1703430368291,"time":"2023-12-25T00:01:06.444Z"}},{"iob":0.275,"basaliob":0.275,"bolussnooze":0,"activity":0.0041,"lastBolusTime":1703430368291,"time":"2023-12-25T00:06:06.444Z","iobWithZeroTemp":{"iob":0.257,"basaliob":0.257,"bolussnooze":0,"activity":0.0041,"lastBolusTime":1703430368291,"time":"2023-12-25T00:06:06.444Z"}},{"iob":0.255,"basaliob":0.255,"bolussnooze":0,"activity":0.0039,"lastBolusTime":0,"time":"2023-12-25T00:11:06.444Z","iobWithZeroTemp":{"iob":0.215,"basaliob":0.215,"bolussnooze":0,"activity":0.0038,"lastBolusTime":0,"time":"2023-12-25T00:11:06.444Z"}},{"iob":0.237,"basaliob":0.237,"bolussnooze":0,"activity":0.0036,"lastBolusTime":0,"time":"2023-12-25T00:16:06.444Z","iobWithZeroTemp":{"iob":0.175,"basaliob":0.175,"bolussnooze":0,"activity":0.0035,"lastBolusTime":0,"time":"2023-12-25T00:16:06.444Z"}},{"iob":0.219,"basaliob":0.219,"bolussnooze":0,"activity":0.0034,"lastBolusTime":0,"time":"2023-12-25T00:21:06.444Z","iobWithZeroTemp":{"iob":0.135,"basaliob":0.135,"bolussnooze":0,"activity":0.0032,"lastBolusTime":0,"time":"2023-12-25T00:21:06.444Z"}},{"iob":0.203,"basaliob":0.203,"bolussnooze":0,"activity":0.0032,"lastBolusTime":0,"time":"2023-12-25T00:26:06.444Z","iobWithZeroTemp":{"iob":0.098,"basaliob":0.098,"bolussnooze":0,"activity":0.0029,"lastBolusTime":0,"time":"2023-12-25T00:26:06.444Z"}},{"iob":0.188,"basaliob":0.188,"bolussnooze":0,"activity":0.0029,"lastBolusTime":0,"time":"2023-12-25T00:31:06.444Z","iobWithZeroTemp":{"iob":0.062,"basaliob":0.062,"bolussnooze":0,"activity":0.0024,"lastBolusTime":0,"time":"2023-12-25T00:31:06.444Z"}},{"iob":0.173,"basaliob":0.173,"bolussnooze":0,"activity":0.0027,"lastBolusTime":0,"time":"2023-12-25T00:36:06.444Z","iobWithZeroTemp":{"iob":0.027,"basaliob":0.027,"bolussnooze":0,"activity":0.0021,"lastBolusTime":0,"time":"2023-12-25T00:36:06.444Z"}},{"iob":0.16,"basaliob":0.16,"bolussnooze":0,"activity":0.0026,"lastBolusTime":0,"time":"2023-12-25T00:41:06.444Z","iobWithZeroTemp":{"iob":-0.005,"basaliob":-0.005,"bolussnooze":0,"activity":0.0019,"lastBolusTime":0,"time":"2023-12-25T00:41:06.444Z"}},{"iob":0.148,"basaliob":0.148,"bolussnooze":0,"activity":0.0024,"lastBolusTime":0,"time":"2023-12-25T00:46:06.444Z","iobWithZeroTemp":{"iob":-0.035,"basaliob":-0.035,"bolussnooze":0,"activity":0.0015,"lastBolusTime":0,"time":"2023-12-25T00:46:06.444Z"}},{"iob":0.136,"basaliob":0.136,"bolussnooze":0,"activity":0.0022,"lastBolusTime":0,"time":"2023-12-25T00:51:06.444Z","iobWithZeroTemp":{"iob":-0.065,"basaliob":-0.065,"bolussnooze":0,"activity":0.0012,"lastBolusTime":0,"time":"2023-12-25T00:51:06.444Z"}},{"iob":0.126,"basaliob":0.126,"bolussnooze":0,"activity":0.0021,"lastBolusTime":0,"time":"2023-12-25T00:56:06.444Z","iobWithZeroTemp":{"iob":-0.092,"basaliob":-0.092,"bolussnooze":0,"activity":9.0E-4,"lastBolusTime":0,"time":"2023-12-25T00:56:06.444Z"}},{"iob":0.116,"basaliob":0.116,"bolussnooze":0,"activity":0.0019,"lastBolusTime":0,"time":"2023-12-25T01:01:06.444Z","iobWithZeroTemp":{"iob":-0.118,"basaliob":-0.118,"bolussnooze":0,"activity":6.0E-4,"lastBolusTime":0,"time":"2023-12-25T01:01:06.444Z"}},{"iob":0.106,"basaliob":0.106,"bolussnooze":0,"activity":0.0018,"lastBolusTime":0,"time":"2023-12-25T01:06:06.444Z","iobWithZeroTemp":{"iob":-0.144,"basaliob":-0.144,"bolussnooze":0,"activity":3.0E-4,"lastBolusTime":0,"time":"2023-12-25T01:06:06.444Z"}},{"iob":0.098,"basaliob":0.098,"bolussnooze":0,"activity":0.0016,"lastBolusTime":0,"time":"2023-12-25T01:11:06.444Z","iobWithZeroTemp":{"iob":-0.166,"basaliob":-0.166,"bolussnooze":0,"activity":0,"lastBolusTime":0,"time":"2023-12-25T01:11:06.444Z"}},{"iob":0.09,"basaliob":0.09,"bolussnooze":0,"activity":0.0015,"lastBolusTime":0,"time":"2023-12-25T01:16:06.444Z","iobWithZeroTemp":{"iob":-0.188,"basaliob":-0.188,"bolussnooze":0,"activity":-3.0E-4,"lastBolusTime":0,"time":"2023-12-25T01:16:06.444Z"}},{"iob":0.083,"basaliob":0.083,"bolussnooze":0,"activity":0.0014,"lastBolusTime":0,"time":"2023-12-25T01:21:06.444Z","iobWithZeroTemp":{"iob":-0.208,"basaliob":-0.208,"bolussnooze":0,"activity":-5.0E-4,"lastBolusTime":0,"time":"2023-12-25T01:21:06.444Z"}},{"iob":0.076,"basaliob":0.076,"bolussnooze":0,"activity":0.0013,"lastBolusTime":0,"time":"2023-12-25T01:26:06.444Z","iobWithZeroTemp":{"iob":-0.228,"basaliob":-0.228,"bolussnooze":0,"activity":-8.0E-4,"lastBolusTime":0,"time":"2023-12-25T01:26:06.444Z"}},{"iob":0.07,"basaliob":0.07,"bolussnooze":0,"activity":0.0012,"lastBolusTime":0,"time":"2023-12-25T01:31:06.444Z","iobWithZeroTemp":{"iob":-0.245,"basaliob":-0.245,"bolussnooze":0,"activity":-0.001,"lastBolusTime":0,"time":"2023-12-25T01:31:06.444Z"}},{"iob":0.064,"basaliob":0.064,"bolussnooze":0,"activity":0.0011,"lastBolusTime":0,"time":"2023-12-25T01:36:06.444Z","iobWithZeroTemp":{"iob":-0.262,"basaliob":-0.262,"bolussnooze":0,"activity":-0.0013,"lastBolusTime":0,"time":"2023-12-25T01:36:06.444Z"}},{"iob":0.059,"basaliob":0.059,"bolussnooze":0,"activity":0.001,"lastBolusTime":0,"time":"2023-12-25T01:41:06.444Z","iobWithZeroTemp":{"iob":-0.278,"basaliob":-0.278,"bolussnooze":0,"activity":-0.0015,"lastBolusTime":0,"time":"2023-12-25T01:41:06.444Z"}},{"iob":0.054,"basaliob":0.054,"bolussnooze":0,"activity":9.0E-4,"lastBolusTime":0,"time":"2023-12-25T01:46:06.444Z","iobWithZeroTemp":{"iob":-0.293,"basaliob":-0.293,"bolussnooze":0,"activity":-0.0017,"lastBolusTime":0,"time":"2023-12-25T01:46:06.444Z"}},{"iob":0.049,"basaliob":0.049,"bolussnooze":0,"activity":9.0E-4,"lastBolusTime":0,"time":"2023-12-25T01:51:06.444Z","iobWithZeroTemp":{"iob":-0.307,"basaliob":-0.307,"bolussnooze":0,"activity":-0.0018,"lastBolusTime":0,"time":"2023-12-25T01:51:06.444Z"}},{"iob":0.045,"basaliob":0.045,"bolussnooze":0,"activity":8.0E-4,"lastBolusTime":0,"time":"2023-12-25T01:56:06.444Z","iobWithZeroTemp":{"iob":-0.32,"basaliob":-0.32,"bolussnooze":0,"activity":-0.002,"lastBolusTime":0,"time":"2023-12-25T01:56:06.444Z"}},{"iob":0.041,"basaliob":0.041,"bolussnooze":0,"activity":7.0E-4,"lastBolusTime":0,"time":"2023-12-25T02:01:06.444Z","iobWithZeroTemp":{"iob":-0.332,"basaliob":-0.332,"bolussnooze":0,"activity":-0.0022,"lastBolusTime":0,"time":"2023-12-25T02:01:06.444Z"}},{"iob":0.037,"basaliob":0.037,"bolussnooze":0,"activity":7.0E-4,"lastBolusTime":0,"time":"2023-12-25T02:06:06.444Z","iobWithZeroTemp":{"iob":-0.343,"basaliob":-0.343,"bolussnooze":0,"activity":-0.0023,"lastBolusTime":0,"time":"2023-12-25T02:06:06.444Z"}},{"iob":0.034,"basaliob":0.034,"bolussnooze":0,"activity":6.0E-4,"lastBolusTime":0,"time":"2023-12-25T02:11:06.444Z","iobWithZeroTemp":{"iob":-0.353,"basaliob":-0.353,"bolussnooze":0,"activity":-0.0025,"lastBolusTime":0,"time":"2023-12-25T02:11:06.444Z"}},{"iob":0.031,"basaliob":0.031,"bolussnooze":0,"activity":6.0E-4,"lastBolusTime":0,"time":"2023-12-25T02:16:06.444Z","iobWithZeroTemp":{"iob":-0.363,"basaliob":-0.363,"bolussnooze":0,"activity":-0.0026,"lastBolusTime":0,"time":"2023-12-25T02:16:06.444Z"}},{"iob":0.028,"basaliob":0.028,"bolussnooze":0,"activity":5.0E-4,"lastBolusTime":0,"time":"2023-12-25T02:21:06.444Z","iobWithZeroTemp":{"iob":-0.372,"basaliob":-0.372,"bolussnooze":0,"activity":-0.0028,"lastBolusTime":0,"time":"2023-12-25T02:21:06.444Z"}},{"iob":0.026,"basaliob":0.026,"bolussnooze":0,"activity":5.0E-4,"lastBolusTime":0,"time":"2023-12-25T02:26:06.444Z","iobWithZeroTemp":{"iob":-0.38,"basaliob":-0.38,"bolussnooze":0,"activity":-0.0029,"lastBolusTime":0,"time":"2023-12-25T02:26:06.444Z"}},{"iob":0.023,"basaliob":0.023,"bolussnooze":0,"activity":4.0E-4,"lastBolusTime":0,"time":"2023-12-25T02:31:06.444Z","iobWithZeroTemp":{"iob":-0.388,"basaliob":-0.388,"bolussnooze":0,"activity":-0.0031,"lastBolusTime":0,"time":"2023-12-25T02:31:06.444Z"}},{"iob":0.021,"basaliob":0.021,"bolussnooze":0,"activity":4.0E-4,"lastBolusTime":0,"time":"2023-12-25T02:36:06.444Z","iobWithZeroTemp":{"iob":-0.395,"basaliob":-0.395,"bolussnooze":0,"activity":-0.0031,"lastBolusTime":0,"time":"2023-12-25T02:36:06.444Z"}},{"iob":0.019,"basaliob":0.019,"bolussnooze":0,"activity":4.0E-4,"lastBolusTime":0,"time":"2023-12-25T02:41:06.444Z","iobWithZeroTemp":{"iob":-0.402,"basaliob":-0.402,"bolussnooze":0,"activity":-0.0032,"lastBolusTime":0,"time":"2023-12-25T02:41:06.444Z"}},{"iob":0.017,"basaliob":0.017,"bolussnooze":0,"activity":3.0E-4,"lastBolusTime":0,"time":"2023-12-25T02:46:06.444Z","iobWithZeroTemp":{"iob":-0.408,"basaliob":-0.408,"bolussnooze":0,"activity":-0.0034,"lastBolusTime":0,"time":"2023-12-25T02:46:06.444Z"}},{"iob":0.016,"basaliob":0.016,"bolussnooze":0,"activity":3.0E-4,"lastBolusTime":0,"time":"2023-12-25T02:51:06.444Z","iobWithZeroTemp":{"iob":-0.413,"basaliob":-0.413,"bolussnooze":0,"activity":-0.0034,"lastBolusTime":0,"time":"2023-12-25T02:51:06.444Z"}},{"iob":0.014,"basaliob":0.014,"bolussnooze":0,"activity":3.0E-4,"lastBolusTime":0,"time":"2023-12-25T02:56:06.444Z","iobWithZeroTemp":{"iob":-0.419,"basaliob":-0.419,"bolussnooze":0,"activity":-0.0035,"lastBolusTime":0,"time":"2023-12-25T02:56:06.444Z"}},{"iob":0.013,"basaliob":0.013,"bolussnooze":0,"activity":3.0E-4,"lastBolusTime":0,"time":"2023-12-25T03:01:06.444Z","iobWithZeroTemp":{"iob":-0.423,"basaliob":-0.423,"bolussnooze":0,"activity":-0.0035,"lastBolusTime":0,"time":"2023-12-25T03:01:06.444Z"}},{"iob":0.012,"basaliob":0.012,"bolussnooze":0,"activity":2.0E-4,"lastBolusTime":0,"time":"2023-12-25T03:06:06.444Z","iobWithZeroTemp":{"iob":-0.428,"basaliob":-0.428,"bolussnooze":0,"activity":-0.0037,"lastBolusTime":0,"time":"2023-12-25T03:06:06.444Z"}},{"iob":0.011,"basaliob":0.011,"bolussnooze":0,"activity":2.0E-4,"lastBolusTime":0,"time":"2023-12-25T03:11:06.444Z","iobWithZeroTemp":{"iob":-0.432,"basaliob":-0.432,"bolussnooze":0,"activity":-0.0037,"lastBolusTime":0,"time":"2023-12-25T03:11:06.444Z"}},{"iob":0.009,"basaliob":0.009,"bolussnooze":0,"activity":2.0E-4,"lastBolusTime":0,"time":"2023-12-25T03:16:06.444Z","iobWithZeroTemp":{"iob":-0.436,"basaliob":-0.436,"bolussnooze":0,"activity":-0.0038,"lastBolusTime":0,"time":"2023-12-25T03:16:06.444Z"}},{"iob":0.009,"basaliob":0.009,"bolussnooze":0,"activity":2.0E-4,"lastBolusTime":0,"time":"2023-12-25T03:21:06.444Z","iobWithZeroTemp":{"iob":-0.439,"basaliob":-0.439,"bolussnooze":0,"activity":-0.0038,"lastBolusTime":0,"time":"2023-12-25T03:21:06.444Z"}},{"iob":0.008,"basaliob":0.008,"bolussnooze":0,"activity":2.0E-4,"lastBolusTime":0,"time":"2023-12-25T03:26:06.444Z","iobWithZeroTemp":{"iob":-0.442,"basaliob":-0.442,"bolussnooze":0,"activity":-0.0039,"lastBolusTime":0,"time":"2023-12-25T03:26:06.444Z"}},{"iob":0.007,"basaliob":0.007,"bolussnooze":0,"activity":2.0E-4,"lastBolusTime":0,"time":"2023-12-25T03:31:06.444Z","iobWithZeroTemp":{"iob":-0.445,"basaliob":-0.445,"bolussnooze":0,"activity":-0.0039,"lastBolusTime":0,"time":"2023-12-25T03:31:06.444Z"}},{"iob":0.006,"basaliob":0.006,"bolussnooze":0,"activity":1.0E-4,"lastBolusTime":0,"time":"2023-12-25T03:36:06.444Z","iobWithZeroTemp":{"iob":-0.448,"basaliob":-0.448,"bolussnooze":0,"activity":-0.004,"lastBolusTime":0,"time":"2023-12-25T03:36:06.444Z"}},{"iob":0.005,"basaliob":0.005,"bolussnooze":0,"activity":1.0E-4,"lastBolusTime":0,"time":"2023-12-25T03:41:06.444Z","iobWithZeroTemp":{"iob":-0.451,"basaliob":-0.451,"bolussnooze":0,"activity":-0.004,"lastBolusTime":0,"time":"2023-12-25T03:41:06.444Z"}},{"iob":0.005,"basaliob":0.005,"bolussnooze":0,"activity":1.0E-4,"lastBolusTime":0,"time":"2023-12-25T03:46:06.444Z","iobWithZeroTemp":{"iob":-0.453,"basaliob":-0.453,"bolussnooze":0,"activity":-0.0041,"lastBolusTime":0,"time":"2023-12-25T03:46:06.444Z"}},{"iob":0.004,"basaliob":0.004,"bolussnooze":0,"activity":1.0E-4,"lastBolusTime":0,"time":"2023-12-25T03:51:06.444Z","iobWithZeroTemp":{"iob":-0.455,"basaliob":-0.455,"bolussnooze":0,"activity":-0.0041,"lastBolusTime":0,"time":"2023-12-25T03:51:06.444Z"}},{"iob":0.004,"basaliob":0.004,"bolussnooze":0,"activity":1.0E-4,"lastBolusTime":0,"time":"2023-12-25T03:56:06.444Z","iobWithZeroTemp":{"iob":-0.457,"basaliob":-0.457,"bolussnooze":0,"activity":-0.0041,"lastBolusTime":0,"time":"2023-12-25T03:56:06.444Z"}}],"profile":{"max_iob":4,"type":"current","max_daily_basal":0.5,"max_basal":1,"min_bg":99,"max_bg":99,"target_bg":99,"carb_ratio":25,"sens":142.20000000000002,"max_daily_safety_multiplier":3,"current_basal_safety_multiplier":4,"high_temptarget_raises_sensitivity":false,"low_temptarget_lowers_sensitivity":false,"sensitivity_raises_target":true,"resistance_lowers_target":true,"adv_target_adjustments":false,"exercise_mode":false,"half_basal_exercise_target":160,"maxCOB":120,"skip_neutral_temps":false,"remainingCarbsCap":90,"enableUAM":true,"A52_risk_enable":false,"SMBInterval":3,"enableSMB_with_COB":true,"enableSMB_with_temptarget":true,"allowSMB_with_high_temptarget":false,"enableSMB_always":false,"enableSMB_after_carbs":false,"maxSMBBasalMinutes":75,"maxUAMSMBBasalMinutes":75,"bolus_increment":0.05,"carbsReqThreshold":10,"current_basal":0.25,"temptargetSet":false,"autosens_max":1.2,"out_units":"mmol\/L"},"autosens_data":{"ratio":1.08},"meal_data":{"carbs":0,"mealCOB":0,"slopeFromMaxDeviation":-1.9750999999999999,"slopeFromMinDeviation":1.9466,"lastBolusTime":1703430368291,"lastCarbTime":0},"microBolusAllowed":true,"currentTime":1703462467617,"flatBGsDetected":false},"output":{"temp":"absolute","bg":117,"tick":-5,"eventualBG":55,"targetBG":96,"insulinReq":0,"deliverAt":"2023-12-25T00:01:07.617Z","sensitivityRatio":1.08,"predBGs":{"IOB":[117,112,108,104,101,97,94,92,89,87,85,84,82,81,80,79,78,77,76,75,75,74,73,73,72,72,71,71,71,70,70,70,69,69,69,69,68,68,68,68,68,68,68,68,67],"ZT":[117,114,111,109,107,104,103,101,100,98,97,97,96,96,95,95,96,96,96]},"COB":0,"IOB":0.297,"reason":"COB: 0, Dev: -1.3, BGI: -0.2, ISF: 7.3, CR: 25, Target: 5.3, minPredBG 3.8, minGuardBG 3.7, IOBpredBG 3.7; minGuardBG 3.7<3.8 95m left and 0 ~ req 0U\/hr: no temp required","timestamp":"2023-12-25T00:01:07.652Z"}}