{"algorithm":"OpenAPSSMBPlugin","input":{"glucoseStatus":{"glucose":87,"noise":0,"delta":-2.33,"short_avgdelta":-0.87,"long_avgdelta":-1.46,"date":1703469015289},"currenttemp":{"temp":"absolute","duration":25,"rate":0.5,"minutesrunning":5},"iob_data":[{"iob":-0.062,"basaliob":-0.062,"bolussnooze":0,"activity":3.0E-4,"lastBolusTime":0,"time":"2023-12-25T01:51:07.466Z","iobWithZeroTemp":{"iob":-0.062,"basaliob":-0.062,"bolussnooze":0,"activity":3.0E-4,"lastBolusTime":0,"time":"2023-12-25T01:51:07.466Z"}},{"iob":-0.063,"basaliob":-0.063,"bolussnooze":0,"activity":2.0E-4,"lastBolusTime":0,"time":"2023-12-25T01:56:07.466Z","iobWithZeroTemp":{"iob":-0.08,"basaliob":-0.08,"bolussnooze":0,"activity":2.0E-4,"lastBolusTime":0,"time":"2023-12-25T01:56:07.466Z"}},{"iob":-0.063,"basaliob":-0.063,"bolussnooze":0,"activity":0,"lastBolusTime":0,"time":"2023-12-25T02:01:07.466Z","iobWithZeroTemp":{"iob":-0.1,"basaliob":-0.1,"bolussnooze":0,"activity":-1.0E-4,"lastBolusTime":0,"time":"2023-12-25T02:01:07.466Z"}},{"iob":-0.063,"basaliob":-0.063,"bolussnooze":0,"activity":-1.0E-4,"lastBolusTime":0,"time":"2023-12-25T02:06:07.466Z","iobWithZeroTemp":{"iob":-0.121,"basaliob":-0.121,"bolussnooze":0,"activity":-2.0E-4,"lastBolusTime":0,"time":"2023-12-25T02:06:07.466Z"}},{"iob":-0.063,"basaliob":-0.063,"bolussnooze":0,"activity":-1.0E-4,"lastBolusTime":0,"time":"2023-12-25T02:11:07.466Z","iobWithZeroTemp":{"iob":-0.141,"basaliob":-0.141,"bolussnooze":0,"activity":-3.0E-4,"lastBolusTime":0,"time":"2023-12-25T02:11:07.466Z"}},{"iob":-0.062,"basaliob":-0.062,"bolussnooze":0,"activity":-2.0E-4,"lastBolusTime":0,"time":"2023-12-25T02:16:07.466Z","iobWithZeroTemp":{"iob":-0.159,"basaliob":-0.159,"bolussnooze":0,"activity":-5.0E-4,"lastBolusTime":0,"time":"2023-12-25T02:16:07.466Z"}},{"iob":-0.06,"basaliob":-0.06,"bolussnooze":0,"activity":-3.0E-4,"lastBolusTime":0,"time":"2023-12-25T02:21:07.466Z","iobWithZeroTemp":{"iob":-0.176,"basaliob":-0.176,"bolussnooze":0,"activity":-7.0E-4,"lastBolusTime":0,"time":"2023-12-25T02:21:07.466Z"}},{"iob":-0.059,"basaliob":-0.059,"bolussnooze":0,"activity":-3.0E-4,"lastBolusTime":0,"time":"2023-12-25T02:26:07.466Z","iobWithZeroTemp":{"iob":-0.194,"basaliob":-0.194,"bolussnooze":0,"activity":-8.0E-4,"lastBolusTime":0,"time":"2023-12-25T02:26:07.466Z"}},{"iob":-0.057,"basaliob":-0.057,"bolussnooze":0,"activity":-4.0E-4,"lastBolusTime":0,"time":"2023-12-25T02:31:07.466Z","iobWithZeroTemp":{"iob":-0.21,"basaliob":-0.21,"bolussnooze":0,"activity":-0.0011,"lastBolusTime":0,"time":"2023-12-25T02:31:07.466Z"}},{"iob":-0.055,"basaliob":-0.055,"bolussnooze":0,"activity":-4.0E-4,"lastBolusTime":0,"time":"2023-12-25T02:36:07.466Z","iobWithZeroTemp":{"iob":-0.225,"basaliob":-0.225,"bolussnooze":0,"activity":-0.0012,"lastBolusTime":0,"time":"2023-12-25T02:36:07.466Z"}},{"iob":-0.053,"basaliob":-0.053,"bolussnooze":0,"activity":-4.0E-4,"lastBolusTime":0,"time":"2023-12-25T02:41:07.466Z","iobWithZeroTemp":{"iob":-0.239,"basaliob":-0.239,"bolussnooze":0,"activity":-0.0014,"lastBolusTime":0,"time":"2023-12-25T02:41:07.466Z"}},{"iob":-0.051,"basaliob":-0.051,"bolussnooze":0,"activity":-4.0E-4,"lastBolusTime":0,"time":"2023-12-25T02:46:07.466Z","iobWithZeroTemp":{"iob":-0.253,"basaliob":-0.253,"bolussnooze":0,"activity":-0.0015,"lastBolusTime":0,"time":"2023-12-25T02:46:07.466Z"}},{"iob":-0.049,"basaliob":-0.049,"bolussnooze":0,"activity":-4.0E-4,"lastBolusTime":0,"time":"2023-12-25T02:51:07.466Z","iobWithZeroTemp":{"iob":-0.266,"basaliob":-0.266,"bolussnooze":0,"activity":-0.0016,"lastBolusTime":0,"time":"2023-12-25T02:51:07.466Z"}},{"iob":-0.047,"basaliob":-0.047,"bolussnooze":0,"activity":-4.0E-4,"lastBolusTime":0,"time":"2023-12-25T02:56:07.466Z","iobWithZeroTemp":{"iob":-0.278,"basaliob":-0.278,"bolussnooze":0,"activity":-0.0018,"lastBolusTime":0,"time":"2023-12-25T02:56:07.466Z"}},{"iob":-0.045,"basaliob":-0.045,"bolussnooze":0,"activity":-4.0E-4,"lastBolusTime":0,"time":"2023-12-25T03:01:07.466Z","iobWithZeroTemp":{"iob":-0.29,"basaliob":-0.29,"bolussnooze":0,"activity":-0.0019,"lastBolusTime":0,"time":"2023-12-25T03:01:07.466Z"}},{"iob":-0.043,"basaliob":-0.043,"bolussnooze":0,"activity":-4.0E-4,"lastBolusTime":0,"time":"2023-12-25T03:06:07.466Z","iobWithZeroTemp":{"iob":-0.3,"basaliob":-0.3,"bolussnooze":0,"activity":-0.0021,"lastBolusTime":0,"time":"2023-12-25T03:06:07.466Z"}},{"iob":-0.041,"basaliob":-0.041,"bolussnooze":0,"activity":-4.0E-4,"lastBolusTime":0,"time":"2023-12-25T03:11:07.466Z","iobWithZeroTemp":{"iob":-0.311,"basaliob":-0.311,"bolussnooze":0,"activity":-0.0022,"lastBolusTime":0,"time":"2023-12-25T03:11:07.466Z"}},{"iob":-0.039,"basaliob":-0.039,"bolussnooze":0,"activity":-4.0E-4,"lastBolusTime":0,"time":"2023-12-25T03:16:07.466Z","iobWithZeroTemp":{"iob":-0.32,"basaliob":-0.32,"bolussnooze":0,"activity":-0.0023,"lastBolusTime":0,"time":"2023-12-25T03:16:07.466Z"}},{"iob":-0.037,"basaliob":-0.037,"bolussnooze":0,"activity":-4.0E-4,"lastBolusTime":0,"time":"2023-12-25T03:21:07.466Z","iobWithZeroTemp":{"iob":-0.329,"basaliob":-0.329,"bolussnooze":0,"activity":-0.0025,"lastBolusTime":0,"time":"2023-12-25T03:21:07.466Z"}},{"iob":-0.035,"basaliob":-0.035,"bolussnooze":0,"activity":-4.0E-4,"lastBolusTime":0,"time":"2023-12-25T03:26:07.466Z","iobWithZeroTemp":{"iob":-0.337,"basaliob":-0.337,"bolussnooze":0,"activity":-0.0026,"lastBolusTime":0,"time":"2023-12-25T03:26:07.466Z"}},{"iob":-0.033,"basaliob":-0.033,"bolussnooze":0,"activity":-4.0E-4,"lastBolusTime":0,"time":"2023-12-25T03:31:07.466Z","iobWithZeroTemp":{"iob":-0.345,"basaliob":-0.345,"bolussnooze":0,"activity":-0.0027,"lastBolusTime":0,"time":"2023-12-25T03:31:07.466Z"}},{"iob":-0.031,"basaliob":-0.031,"bolussnooze":0,"activity":-4.0E-4,"lastBolusTime":0,"time":"2023-12-25T03:36:07.466Z","iobWithZeroTemp":{"iob":-0.352,"basaliob":-0.352,"bolussnooze":0,"activity":-0.0028,"lastBolusTime":0,"time":"2023-12-25T03:36:07.466Z"}},{"iob":-0.029,"basaliob":-0.029,"bolussnooze":0,"activity":-3.0E-4,"lastBolusTime":0,"time":"2023-12-25T03:41:07.466Z","iobWithZeroTemp":{"iob":-0.359,"basaliob":-0.359,"bolussnooze":0,"activity":-0.0028,"lastBolusTime":0,"time":"2023-12-25T03:41:07.466Z"}},{"iob":-0.028,"basaliob":-0.028,"bolussnooze":0,"activity":-3.0E-4,"lastBolusTime":0,"time":"2023-12-25T03:46:07.466Z","iobWithZeroTemp":{"iob":-0.366,"basaliob":-0.366,"bolussnooze":0,"activity":-0.0029,"lastBolusTime":0,"time":"2023-12-25T03:46:07.466Z"}},{"iob":-0.026,"basaliob":-0.026,"bolussnooze":0,"activity":-3.0E-4,"lastBolusTime":0,"time":"2023-12-25T03:51:07.466Z","iobWithZeroTemp":{"iob":-0.371,"basaliob":-0.371,"bolussnooze":0,"activity":-0.003,"lastBolusTime":0,"time":"2023-12-25T03:51:07.466Z"}},{"iob":-0.024,"basaliob":-0.024,"bolussnooze":0,"activity":-3.0E-4,"lastBolusTime":0,"time":"2023-12-25T03:56:07.466Z","iobWithZeroTemp":{"iob":-0.376,"basaliob":-0.376,"bolussnooze":0,"activity":-0.0031,"lastBolusTime":0,"time":"2023-12-25T03:56:07.466Z"}},{"iob":-0.023,"basaliob":-0.023,"bolussnooze":0,"activity":-3.0E-4,"lastBolusTime":0,"time":"2023-12-25T04:01:07.466Z","iobWithZeroTemp":{"iob":-0.382,"basaliob":-0.382,"bolussnooze":0,"activity":-0.0032,"lastBolusTime":0,"time":"2023-12-25T04:01:07.466Z"}},{"iob":-0.021,"basaliob":-0.021,"bolussnooze":0,"activity":-3.0E-4,"lastBolusTime":0,"time":"2023-12-25T04:06:07.466Z","iobWithZeroTemp":{"iob":-0.386,"basaliob":-0.386,"bolussnooze":0,"activity":-0.0033,"lastBolusTime":0,"time":"2023-12-25T04:06:07.466Z"}},{"iob":-0.02,"basaliob":-0.02,"bolussnooze":0,"activity":-3.0E-4,"lastBolusTime":0,"time":"2023-12-25T04:11:07.466Z","iobWithZeroTemp":{"iob":-0.391,"basaliob":-0.391,"bolussnooze":0,"activity":-0.0034,"lastBolusTime":0,"time":"2023-12-25T04:11:07.466Z"}},{"iob":-0.019,"basaliob":-0.019,"bolussnooze":0,"activity":-3.0E-4,"lastBolusTime":0,"time":"2023-12-25T04:16:07.466Z","iobWithZeroTemp":{"iob":-0.395,"basaliob":-0.395,"bolussnooze":0,"activity":-0.0034,"lastBolusTime":0,"time":"2023-12-25T04:16:07.466Z"}},{"iob":-0.018,"basaliob":-0.018,"bolussnooze":0,"activity":-2.0E-4,"lastBolusTime":0,"time":"2023-12-25T04:21:07.466Z","iobWithZeroTemp":{"iob":-0.399,"basaliob":-0.399,"bolussnooze":0,"activity":-0.0034,"lastBolusTime":0,"time":"2023-12-25T04:21:07.466Z"}},{"iob":-0.016,"basaliob":-0.016,"bolussnooze":0,"activity":-2.0E-4,"lastBolusTime":0,"time":"2023-12-25T04:26:07.466Z","iobWithZeroTemp":{"iob":-0.401,"basaliob":-0.401,"bolussnooze":0,"activity":-0.0035,"lastBolusTime":0,"time":"2023-12-25T04:26:07.466Z"}},{"iob":-0.015,"basaliob":-0.015,"bolussnooze":0,"activity":-2.0E-4,"lastBolusTime":0,"time":"2023-12-25T04:31:07.466Z","iobWithZeroTemp":{"iob":-0.405,"basaliob":-0.405,"bolussnooze":0,"activity":-0.0035,"lastBolusTime":0,"time":"2023-12-25T04:31:07.466Z"}},{"iob":-0.014,"basaliob":-0.014,"bolussnooze":0,"activity":-2.0E-4,"lastBolusTime":0,"time":"2023-12-25T04:36:07.466Z","iobWithZeroTemp":{"iob":-0.408,"basaliob":-0.408,"bolussnooze":0,"activity":-0.0036,"lastBolusTime":0,"time":"2023-12-25T04:36:07.466Z"}},{"iob":-0.013,"basaliob":-0.013,"bolussnooze":0,"activity":-2.0E-4,"lastBolusTime":0,"time":"2023-12-25T04:41:07.466Z","iobWithZeroTemp":{"iob":-0.41,"basaliob":-0.41,"bolussnooze":0,"activity":-0.0037,"lastBolusTime":0,"time":"2023-12-25T04:41:07.466Z"}},{"iob":-0.012,"basaliob":-0.012,"bolussnooze":0,"activity":-2.0E-4,"lastBolusTime":0,"time":"2023-12-25T04:46:07.466Z","iobWithZeroTemp":{"iob":-0.413,"basaliob":-0.413,"bolussnooze":0,"activity":-0.0037,"lastBolusTime":0,"time":"2023-12-25T04:46:07.466Z"}},{"iob":-0.011,"basaliob":-0.011,"bolussnooze":0,"activity":-2.0E-4,"lastBolusTime":0,"time":"2023-12-25T04:51:07.466Z","iobWithZeroTemp":{"iob":-0.415,"basaliob":-0.415,"bolussnooze":0,"activity":-0.0038,"lastBolusTime":0,"time":"2023-12-25T04:51:07.466Z"}},{"iob":-0.011,"basaliob":-0.011,"bolussnooze":0,"activity":-2.0E-4,"lastBolusTime":0,"time":"2023-12-25T04:56:07.466Z","iobWithZeroTemp":{"iob":-0.418,"basaliob":-0.418,"bolussnooze":0,"activity":-0.0038,"lastBolusTime":0,"time":"2023-12-25T04:56:07.466Z"}},{"iob":-0.01,"basaliob":-0.01,"bolussnooze":0,"activity":-1.0E-4,"lastBolusTime":0,"time":"2023-12-25T05:01:07.466Z","iobWithZeroTemp":{"iob":-0.42,"basaliob":-0.42,"bolussnooze":0,"activity":-0.0037,"lastBolusTime":0,"time":"2023-12-25T05:01:07.466Z"}},{"iob":-0.009,"basaliob":-0.009,"bolussnooze":0,"activity":-1.0E-4,"lastBolusTime":0,"time":"2023-12-25T05:06:07.466Z","iobWithZeroTemp":{"iob":-0.426,"basaliob":-0.426,"bolussnooze":0,"activity":-0.0038,"lastBolusTime":0,"time":"2023-12-25T05:06:07.466Z"}},{"iob":-0.009,"basaliob":-0.009,"bolussnooze":0,"activity":-1.0E-4,"lastBolusTime":0,"time":"2023-12-25T05:11:07.466Z","iobWithZeroTemp":{"iob":-0.432,"basaliob":-0.432,"bolussnooze":0,"activity":-0.0038,"lastBolusTime":0,"time":"2023-12-25T05:11:07.466Z"}},{"iob":-0.008,"basaliob":-0.008,"bolussnooze":0,"activity":-1.0E-4,"lastBolusTime":0,"time":"2023-12-25T05:16:07.466Z","iobWithZeroTemp":{"iob":-0.437,"basaliob":-0.437,"bolussnooze":0,"activity":-0.0039,"lastBolusTime":0,"time":"2023-12-25T05:16:07.466Z"}},{"iob":-0.007,"basaliob":-0.007,"bolussnooze":0,"activity":-1.0E-4,"lastBolusTime":0,"time":"2023-12-25T05:21:07.466Z","iobWithZeroTemp":{"iob":-0.442,"basaliob":-0.442,"bolussnooze":0,"activity":-0.0039,"lastBolusTime":0,"time":"2023-12-25T05:21:07.466Z"}},{"iob":-0.007,"basaliob":-0.007,"bolussnooze":0,"activity":-1.0E-4,"lastBolusTime":0,"time":"2023-12-25T05:26:07.466Z","iobWithZeroTemp":{"iob":-0.448,"basaliob":-0.448,"bolussnooze":0,"activity":-0.004,"lastBolusTime":0,"time":"2023-12-25T05:26:07.466Z"}},{"iob":-0.006,"basaliob":-0.006,"bolussnooze":0,"activity":-1.0E-4,"lastBolusTime":0,"time":"2023-12-25T05:31:07.466Z","iobWithZeroTemp":{"iob":-0.452,"basaliob":-0.452,"bolussnooze":0,"activity":-0.004,"lastBolusTime":0,"time":"2023-12-25T05:31:07.466Z"}},{"iob":-0.006,"basaliob":-0.006,"bolussnooze":0,"activity":-1.0E-4,"lastBolusTime":0,"time":"2023-12-25T05:36:07.466Z","iobWithZeroTemp":{"iob":-0.458,"basaliob":-0.458,"bolussnooze":0,"activity":-0.0041,"lastBolusTime":0,"time":"2023-12-25T05:36:07.466Z"}},{"iob":-0.005,"basaliob":-0.005,"bolussnooze":0,"activity":-1.0E-4,"lastBolusTime":0,"time":"2023-12-25T05:41:07.466Z","iobWithZeroTemp":{"iob":-0.462,"basaliob":-0.462,"bolussnooze":0,"activity":-0.0041,"lastBolusTime":0,"time":"2023-12-25T05:41:07.466Z"}},{"iob":-0.005,"basaliob":-0.005,"bolussnooze":0,"activity":-1.0E-4,"lastBolusTime":0,"time":"2023-12-25T05:46:07.466Z","iobWithZeroTemp":{"iob":-0.466,"basaliob":-0.466,"bolussnooze":0,"activity":-0.0042,"lastBolusTime":0,"time":"2023-12-25T05:46:07.466Z"}}],"profile":{"max_iob":4,"type":"current","max_daily_basal":0.5,"max_basal":1,"min_bg":99,"max_bg":99,"target_bg":99,"carb_ratio":25,"sens":142.20000000000002,"max_daily_safety_multiplier":3,"current_basal_safety_multiplier":4,"high_temptarget_raises_sensitivity":false,"low_temptarget_lowers_sensitivity":false,"sensitivity_raises_target":true,"resistance_lowers_target":true,"adv_target_adjustments":false,"exercise_mode":false,"half_basal_exercise_target":160,"maxCOB":120,"skip_neutral_temps":false,"remainingCarbsCap":90,"enableUAM":true,"A52_risk_enable":false,"SMBInterval":3,"enableSMB_with_COB":true,"enableSMB_with_temptarget":true,"allowSMB_with_high_temptarget":false,"enableSMB_always":false,"enableSMB_after_carbs":false,"maxSMBBasalMinutes":75,"maxUAMSMBBasalMinutes":75,"bolus_increment":0.05,"carbsReqThreshold":10,"current_basal":0.25,"temptargetSet":false,"autosens_max":1.2,"out_units":"mmol\/L"},"autosens_data":{"ratio":1},"meal_data":{"carbs":0,"mealCOB":0,"slopeFromMaxDeviation":-0.25299999999999995,"slopeFromMinDeviation":0.9234999999999999,"lastBolusTime":1703430368291,"lastCarbTime":0},"microBolusAllowed":true,"currentTime":1703469068651,"flatBGsDetected":false},"output":{"temp":"absolute","bg":87,"tick":-2,"eventualBG":89,"targetBG":99,"insulinReq":0,"deliverAt":"2023-12-25T01:51:08.651Z","sensitivityRatio":1,"predBGs":{"IOB":[87,85,83,81,80,79,78,77,77,77,77,77,77,77,77,78,78,78,79,79,79,79,80,80,80,80,81,81,81,81,81,82,82,82,82,82,82,82,83],"ZT":[87,87,87,87,87,87,87,88,88,89,90,91,92,93,95,96,97,99]},"COB":0,"IOB":-0.062,"reason":"COB: 0, Dev: -0.4, BGI: 0.0, ISF: 7.9, CR: 25, Target: 5.5, minPredBG 4.4, minGuardBG 4.3, IOBpredBG 4.6; Eventual BG 4.9 < 5.5","duration":30,"rate":0,"timestamp":"2023-12-25T01:51:08.687Z"}}