{"algorithm":"OpenAPSSMBPlugin","input":{"glucoseStatus":{"glucose":129,"noise":0,"delta":-4.67,"short_avgdelta":-4.83,"long_avgdelta":-7.25,"date":1703547016395},"currenttemp":{"temp":"absolute","duration":95,"rate":0,"minutesrunning":25},"iob_data":[{"iob":0.551,"basaliob":0.551,"bolussnooze":0,"activity":0.0067,"lastBolusTime":0,"time":"2023-12-25T23:31:08.320Z","iobWithZeroTemp":{"iob":0.551,"basaliob":0.551,"bolussnooze":0,"activity":0.0067,"lastBolusTime":0,"time":"2023-12-25T23:31:08.320Z"}},{"iob":0.519,"basaliob":0.519,"bolussnooze":0,"activity":0.0064,"lastBolusTime":0,"time":"2023-12-25T23:36:08.320Z","iobWithZeroTemp":{"iob":0.502,"basaliob":0.502,"bolussnooze":0,"activity":0.0064,"lastBolusTime":0,"time":"2023-12-25T23:36:08.320Z"}},{"iob":0.487,"basaliob":0.487,"bolussnooze":0,"activity":0.0061,"lastBolusTime":0,"time":"2023-12-25T23:41:08.320Z","iobWithZeroTemp":{"iob":0.449,"basaliob":0.449,"bolussnooze":0,"activity":0.006,"lastBolusTime":0,"time":"2023-12-25T23:41:08.320Z"}},{"iob":0.457,"basaliob":0.457,"bolussnooze":0,"activity":0.0059,"lastBolusTime":0,"time":"2023-12-25T23:46:08.320Z","iobWithZeroTemp":{"iob":0.399,"basaliob":0.399,"bolussnooze":0,"activity":0.0058,"lastBolusTime":0,"time":"2023-12-25T23:46:08.320Z"}},{"iob":0.429,"basaliob":0.429,"bolussnooze":0,"activity":0.0056,"lastBolusTime":0,"time":"2023-12-25T23:51:08.320Z","iobWithZeroTemp":{"iob":0.35,"basaliob":0.35,"bolussnooze":0,"activity":0.0054,"lastBolusTime":0,"time":"2023-12-25T23:51:08.320Z"}},{"iob":0.401,"basaliob":0.401,"bolussnooze":0,"activity":0.0053,"lastBolusTime":0,"time":"2023-12-25T23:56:08.320Z","iobWithZeroTemp":{"iob":0.303,"basaliob":0.303,"bolussnooze":0,"activity":0.005,"lastBolusTime":0,"time":"2023-12-25T23:56:08.320Z"}},{"iob":0.375,"basaliob":0.375,"bolussnooze":0,"activity":0.0051,"lastBolusTime":0,"time":"2023-12-26T00:01:08.320Z","iobWithZeroTemp":{"iob":0.257,"basaliob":0.257,"bolussnooze":0,"activity":0.0047,"lastBolusTime":0,"time":"2023-12-26T00:01:08.320Z"}},{"iob":0.351,"basaliob":0.351,"bolussnooze":0,"activity":0.0048,"lastBolusTime":0,"time":"2023-12-26T00:06:08.320Z","iobWithZeroTemp":{"iob":0.215,"basaliob":0.215,"bolussnooze":0,"activity":0.0042,"lastBolusTime":0,"time":"2023-12-26T00:06:08.320Z"}},{"iob":0.328,"basaliob":0.328,"bolussnooze":0,"activity":0.0045,"lastBolusTime":0,"time":"2023-12-26T00:11:08.320Z","iobWithZeroTemp":{"iob":0.174,"basaliob":0.174,"bolussnooze":0,"activity":0.0038,"lastBolusTime":0,"time":"2023-12-26T00:11:08.320Z"}},{"iob":0.306,"basaliob":0.306,"bolussnooze":0,"activity":0.0043,"lastBolusTime":0,"time":"2023-12-26T00:16:08.320Z","iobWithZeroTemp":{"iob":0.135,"basaliob":0.135,"bolussnooze":0,"activity":0.0035,"lastBolusTime":0,"time":"2023-12-26T00:16:08.320Z"}},{"iob":0.285,"basaliob":0.285,"bolussnooze":0,"activity":0.004,"lastBolusTime":0,"time":"2023-12-26T00:21:08.320Z","iobWithZeroTemp":{"iob":0.097,"basaliob":0.097,"bolussnooze":0,"activity":0.003,"lastBolusTime":0,"time":"2023-12-26T00:21:08.320Z"}},{"iob":0.265,"basaliob":0.265,"bolussnooze":0,"activity":0.0038,"lastBolusTime":0,"time":"2023-12-26T00:26:08.320Z","iobWithZeroTemp":{"iob":0.061,"basaliob":0.061,"bolussnooze":0,"activity":0.0027,"lastBolusTime":0,"time":"2023-12-26T00:26:08.320Z"}},{"iob":0.247,"basaliob":0.247,"bolussnooze":0,"activity":0.0036,"lastBolusTime":0,"time":"2023-12-26T00:31:08.320Z","iobWithZeroTemp":{"iob":0.028,"basaliob":0.028,"bolussnooze":0,"activity":0.0023,"lastBolusTime":0,"time":"2023-12-26T00:31:08.320Z"}},{"iob":0.229,"basaliob":0.229,"bolussnooze":0,"activity":0.0034,"lastBolusTime":0,"time":"2023-12-26T00:36:08.320Z","iobWithZeroTemp":{"iob":-0.004,"basaliob":-0.004,"bolussnooze":0,"activity":0.002,"lastBolusTime":0,"time":"2023-12-26T00:36:08.320Z"}},{"iob":0.213,"basaliob":0.213,"bolussnooze":0,"activity":0.0032,"lastBolusTime":0,"time":"2023-12-26T00:41:08.320Z","iobWithZeroTemp":{"iob":-0.034,"basaliob":-0.034,"bolussnooze":0,"activity":0.0017,"lastBolusTime":0,"time":"2023-12-26T00:41:08.320Z"}},{"iob":0.198,"basaliob":0.198,"bolussnooze":0,"activity":0.003,"lastBolusTime":0,"time":"2023-12-26T00:46:08.320Z","iobWithZeroTemp":{"iob":-0.062,"basaliob":-0.062,"bolussnooze":0,"activity":0.0013,"lastBolusTime":0,"time":"2023-12-26T00:46:08.320Z"}},{"iob":0.183,"basaliob":0.183,"bolussnooze":0,"activity":0.0028,"lastBolusTime":0,"time":"2023-12-26T00:51:08.320Z","iobWithZeroTemp":{"iob":-0.089,"basaliob":-0.089,"bolussnooze":0,"activity":0.001,"lastBolusTime":0,"time":"2023-12-26T00:51:08.320Z"}},{"iob":0.17,"basaliob":0.17,"bolussnooze":0,"activity":0.0026,"lastBolusTime":0,"time":"2023-12-26T00:56:08.320Z","iobWithZeroTemp":{"iob":-0.114,"basaliob":-0.114,"bolussnooze":0,"activity":7.0E-4,"lastBolusTime":0,"time":"2023-12-26T00:56:08.320Z"}},{"iob":0.157,"basaliob":0.157,"bolussnooze":0,"activity":0.0024,"lastBolusTime":0,"time":"2023-12-26T01:01:08.320Z","iobWithZeroTemp":{"iob":-0.138,"basaliob":-0.138,"bolussnooze":0,"activity":3.0E-4,"lastBolusTime":0,"time":"2023-12-26T01:01:08.320Z"}},{"iob":0.145,"basaliob":0.145,"bolussnooze":0,"activity":0.0023,"lastBolusTime":0,"time":"2023-12-26T01:06:08.320Z","iobWithZeroTemp":{"iob":-0.16,"basaliob":-0.16,"bolussnooze":0,"activity":1.0E-4,"lastBolusTime":0,"time":"2023-12-26T01:06:08.320Z"}},{"iob":0.135,"basaliob":0.135,"bolussnooze":0,"activity":0.0021,"lastBolusTime":0,"time":"2023-12-26T01:11:08.320Z","iobWithZeroTemp":{"iob":-0.18,"basaliob":-0.18,"bolussnooze":0,"activity":-2.0E-4,"lastBolusTime":0,"time":"2023-12-26T01:11:08.320Z"}},{"iob":0.124,"basaliob":0.124,"bolussnooze":0,"activity":0.002,"lastBolusTime":0,"time":"2023-12-26T01:16:08.320Z","iobWithZeroTemp":{"iob":-0.2,"basaliob":-0.2,"bolussnooze":0,"activity":-4.0E-4,"lastBolusTime":0,"time":"2023-12-26T01:16:08.320Z"}},{"iob":0.115,"basaliob":0.115,"bolussnooze":0,"activity":0.0018,"lastBolusTime":0,"time":"2023-12-26T01:21:08.320Z","iobWithZeroTemp":{"iob":-0.218,"basaliob":-0.218,"bolussnooze":0,"activity":-7.0E-4,"lastBolusTime":0,"time":"2023-12-26T01:21:08.320Z"}},{"iob":0.106,"basaliob":0.106,"bolussnooze":0,"activity":0.0017,"lastBolusTime":0,"time":"2023-12-26T01:26:08.320Z","iobWithZeroTemp":{"iob":-0.235,"basaliob":-0.235,"bolussnooze":0,"activity":-9.0E-4,"lastBolusTime":0,"time":"2023-12-26T01:26:08.320Z"}},{"iob":0.098,"basaliob":0.098,"bolussnooze":0,"activity":0.0016,"lastBolusTime":0,"time":"2023-12-26T01:31:08.320Z","iobWithZeroTemp":{"iob":-0.251,"basaliob":-0.251,"bolussnooze":0,"activity":-0.0011,"lastBolusTime":0,"time":"2023-12-26T01:31:08.320Z"}},{"iob":0.09,"basaliob":0.09,"bolussnooze":0,"activity":0.0015,"lastBolusTime":0,"time":"2023-12-26T01:36:08.320Z","iobWithZeroTemp":{"iob":-0.266,"basaliob":-0.266,"bolussnooze":0,"activity":-0.0013,"lastBolusTime":0,"time":"2023-12-26T01:36:08.320Z"}},{"iob":0.083,"basaliob":0.083,"bolussnooze":0,"activity":0.0014,"lastBolusTime":0,"time":"2023-12-26T01:41:08.320Z","iobWithZeroTemp":{"iob":-0.279,"basaliob":-0.279,"bolussnooze":0,"activity":-0.0015,"lastBolusTime":0,"time":"2023-12-26T01:41:08.320Z"}},{"iob":0.076,"basaliob":0.076,"bolussnooze":0,"activity":0.0013,"lastBolusTime":0,"time":"2023-12-26T01:46:08.320Z","iobWithZeroTemp":{"iob":-0.292,"basaliob":-0.292,"bolussnooze":0,"activity":-0.0017,"lastBolusTime":0,"time":"2023-12-26T01:46:08.320Z"}},{"iob":0.07,"basaliob":0.07,"bolussnooze":0,"activity":0.0012,"lastBolusTime":0,"time":"2023-12-26T01:51:08.320Z","iobWithZeroTemp":{"iob":-0.304,"basaliob":-0.304,"bolussnooze":0,"activity":-0.0019,"lastBolusTime":0,"time":"2023-12-26T01:51:08.320Z"}},{"iob":0.064,"basaliob":0.064,"bolussnooze":0,"activity":0.0011,"lastBolusTime":0,"time":"2023-12-26T01:56:08.320Z","iobWithZeroTemp":{"iob":-0.316,"basaliob":-0.316,"bolussnooze":0,"activity":-0.0021,"lastBolusTime":0,"time":"2023-12-26T01:56:08.320Z"}},{"iob":0.059,"basaliob":0.059,"bolussnooze":0,"activity":0.001,"lastBolusTime":0,"time":"2023-12-26T02:01:08.320Z","iobWithZeroTemp":{"iob":-0.326,"basaliob":-0.326,"bolussnooze":0,"activity":-0.0022,"lastBolusTime":0,"time":"2023-12-26T02:01:08.320Z"}},{"iob":0.054,"basaliob":0.054,"bolussnooze":0,"activity":9.0E-4,"lastBolusTime":0,"time":"2023-12-26T02:06:08.320Z","iobWithZeroTemp":{"iob":-0.335,"basaliob":-0.335,"bolussnooze":0,"activity":-0.0024,"lastBolusTime":0,"time":"2023-12-26T02:06:08.320Z"}},{"iob":0.05,"basaliob":0.05,"bolussnooze":0,"activity":9.0E-4,"lastBolusTime":0,"time":"2023-12-26T02:11:08.320Z","iobWithZeroTemp":{"iob":-0.344,"basaliob":-0.344,"bolussnooze":0,"activity":-0.0025,"lastBolusTime":0,"time":"2023-12-26T02:11:08.320Z"}},{"iob":0.046,"basaliob":0.046,"bolussnooze":0,"activity":8.0E-4,"lastBolusTime":0,"time":"2023-12-26T02:16:08.320Z","iobWithZeroTemp":{"iob":-0.352,"basaliob":-0.352,"bolussnooze":0,"activity":-0.0026,"lastBolusTime":0,"time":"2023-12-26T02:16:08.320Z"}},{"iob":0.042,"basaliob":0.042,"bolussnooze":0,"activity":7.0E-4,"lastBolusTime":0,"time":"2023-12-26T02:21:08.320Z","iobWithZeroTemp":{"iob":-0.359,"basaliob":-0.359,"bolussnooze":0,"activity":-0.0028,"lastBolusTime":0,"time":"2023-12-26T02:21:08.320Z"}},{"iob":0.038,"basaliob":0.038,"bolussnooze":0,"activity":7.0E-4,"lastBolusTime":0,"time":"2023-12-26T02:26:08.320Z","iobWithZeroTemp":{"iob":-0.367,"basaliob":-0.367,"bolussnooze":0,"activity":-0.0028,"lastBolusTime":0,"time":"2023-12-26T02:26:08.320Z"}},{"iob":0.035,"basaliob":0.035,"bolussnooze":0,"activity":6.0E-4,"lastBolusTime":0,"time":"2023-12-26T02:31:08.320Z","iobWithZeroTemp":{"iob":-0.373,"basaliob":-0.373,"bolussnooze":0,"activity":-0.003,"lastBolusTime":0,"time":"2023-12-26T02:31:08.320Z"}},{"iob":0.032,"basaliob":0.032,"bolussnooze":0,"activity":6.0E-4,"lastBolusTime":0,"time":"2023-12-26T02:36:08.320Z","iobWithZeroTemp":{"iob":-0.379,"basaliob":-0.379,"bolussnooze":0,"activity":-0.003,"lastBolusTime":0,"time":"2023-12-26T02:36:08.320Z"}},{"iob":0.029,"basaliob":0.029,"bolussnooze":0,"activity":5.0E-4,"lastBolusTime":0,"time":"2023-12-26T02:41:08.320Z","iobWithZeroTemp":{"iob":-0.385,"basaliob":-0.385,"bolussnooze":0,"activity":-0.0032,"lastBolusTime":0,"time":"2023-12-26T02:41:08.320Z"}},{"iob":0.026,"basaliob":0.026,"bolussnooze":0,"activity":5.0E-4,"lastBolusTime":0,"time":"2023-12-26T02:46:08.320Z","iobWithZeroTemp":{"iob":-0.39,"basaliob":-0.39,"bolussnooze":0,"activity":-0.0032,"lastBolusTime":0,"time":"2023-12-26T02:46:08.320Z"}},{"iob":0.024,"basaliob":0.024,"bolussnooze":0,"activity":5.0E-4,"lastBolusTime":0,"time":"2023-12-26T02:51:08.320Z","iobWithZeroTemp":{"iob":-0.395,"basaliob":-0.395,"bolussnooze":0,"activity":-0.0033,"lastBolusTime":0,"time":"2023-12-26T02:51:08.320Z"}},{"iob":0.022,"basaliob":0.022,"bolussnooze":0,"activity":4.0E-4,"lastBolusTime":0,"time":"2023-12-26T02:56:08.320Z","iobWithZeroTemp":{"iob":-0.399,"basaliob":-0.399,"bolussnooze":0,"activity":-0.0034,"lastBolusTime":0,"time":"2023-12-26T02:56:08.320Z"}},{"iob":0.02,"basaliob":0.02,"bolussnooze":0,"activity":4.0E-4,"lastBolusTime":0,"time":"2023-12-26T03:01:08.320Z","iobWithZeroTemp":{"iob":-0.403,"basaliob":-0.403,"bolussnooze":0,"activity":-0.0034,"lastBolusTime":0,"time":"2023-12-26T03:01:08.320Z"}},{"iob":0.018,"basaliob":0.018,"bolussnooze":0,"activity":3.0E-4,"lastBolusTime":0,"time":"2023-12-26T03:06:08.320Z","iobWithZeroTemp":{"iob":-0.407,"basaliob":-0.407,"bolussnooze":0,"activity":-0.0036,"lastBolusTime":0,"time":"2023-12-26T03:06:08.320Z"}},{"iob":0.016,"basaliob":0.016,"bolussnooze":0,"activity":3.0E-4,"lastBolusTime":0,"time":"2023-12-26T03:11:08.320Z","iobWithZeroTemp":{"iob":-0.411,"basaliob":-0.411,"bolussnooze":0,"activity":-0.0036,"lastBolusTime":0,"time":"2023-12-26T03:11:08.320Z"}},{"iob":0.015,"basaliob":0.015,"bolussnooze":0,"activity":3.0E-4,"lastBolusTime":0,"time":"2023-12-26T03:16:08.320Z","iobWithZeroTemp":{"iob":-0.413,"basaliob":-0.413,"bolussnooze":0,"activity":-0.0036,"lastBolusTime":0,"time":"2023-12-26T03:16:08.320Z"}},{"iob":0.014,"basaliob":0.014,"bolussnooze":0,"activity":3.0E-4,"lastBolusTime":0,"time":"2023-12-26T03:21:08.320Z","iobWithZeroTemp":{"iob":-0.416,"basaliob":-0.416,"bolussnooze":0,"activity":-0.0036,"lastBolusTime":0,"time":"2023-12-26T03:21:08.320Z"}},{"iob":0.012,"basaliob":0.012,"bolussnooze":0,"activity":2.0E-4,"lastBolusTime":0,"time":"2023-12-26T03:26:08.320Z","iobWithZeroTemp":{"iob":-0.419,"basaliob":-0.419,"bolussnooze":0,"activity":-0.0038,"lastBolusTime":0,"time":"2023-12-26T03:26:08.320Z"}}],"profile":{"max_iob":4,"type":"current","max_daily_basal":0.5,"max_basal":1,"min_bg":99,"max_bg":99,"target_bg":99,"carb_ratio":25,"sens":142.20000000000002,"max_daily_safety_multiplier":3,"current_basal_safety_multiplier":4,"high_temptarget_raises_sensitivity":false,"low_temptarget_lowers_sensitivity":false,"sensitivity_raises_target":true,"resistance_lowers_target":true,"adv_target_adjustments":false,"exercise_mode":false,"half_basal_exercise_target":160,"maxCOB":120,"skip_neutral_temps":false,"remainingCarbsCap":90,"enableUAM":true,"A52_risk_enable":false,"SMBInterval":3,"enableSMB_with_COB":true,"enableSMB_with_temptarget":true,"allowSMB_with_high_temptarget":false,"enableSMB_always":false,"enableSMB_after_carbs":false,"maxSMBBasalMinutes":75,"maxUAMSMBBasalMinutes":75,"bolus_increment":0.05,"carbsReqThreshold":10,"current_basal":0.25,"temptargetSet":false,"autosens_max":1.2,"out_units":"mmol\/L"},"autosens_data":{"ratio":1.01},"meal_data":{"carbs":0,"mealCOB":0,"slopeFromMaxDeviation":-0.9099999999999999,"slopeFromMinDeviation":1.585,"lastBolusTime":1703430368291,"lastCarbTime":0},"microBolusAllowed":true,"currentTime":1703547069713,"flatBGsDetected":false},"output":{"temp":"absolute","bg":129,"tick":-5,"eventualBG":36,"targetBG":99,"insulinReq":0,"deliverAt":"2023-12-25T23:31:09.713Z","sensitivityRatio":1.01,"predBGs":{"IOB":[129,124,120,115,111,107,103,100,96,93,90,87,84,82,80,77,75,73,71,70,68,67,65,64,63,62,60,60,59,58,57,56,56,55,54,54,53,53,53,52,52,52,51,51,51,51,50],"ZT":[129,124,120,116,111,108,104,101,98,95,93,91,89,87,86,85,84,83,82,82,82,82,83,83,84,84,85,86,88,89,90,92,94,95,97,99]},"COB":0,"IOB":0.551,"reason":"COB: 0, Dev: -0.8, BGI: -0.3, ISF: 7.8, CR: 25, Target: 5.5, minPredBG 3.3, minGuardBG 2.8, IOBpredBG 2.8; minGuardBG 2.8<3.9 95m left and 0 ~ req 0U\/hr: no temp required","timestamp":"2023-12-25T23:31:09.735Z"}}