{"algorithm":"OpenAPSSMBPlugin","input":{"glucoseStatus":{"glucose":129,"noise":0,"delta":20.33,"short_avgdelta":17.74,"long_avgdelta":6.69,"date":1703405716340},"currenttemp":{"temp":"absolute","duration":25,"rate":1.1,"minutesrunning":5},"iob_data":[{"iob":0.364,"basaliob":-0.189,"bolussnooze":0,"activity":0.0027,"lastBolusTime":1703405468573,"time":"2023-12-24T08:16:06.465Z","iobWithZeroTemp":{"iob":0.364,"basaliob":-0.189,"bolussnooze":0,"activity":0.0027,"lastBolusTime":1703405468573,"time":"2023-12-24T08:16:06.465Z"}},{"iob":0.35,"basaliob":-0.179,"bolussnooze":0,"activity":0.0028,"lastBolusTime":1703405468573,"time":"2023-12-24T08:21:06.465Z","iobWithZeroTemp":{"iob":0.33,"basaliob":-0.199,"bolussnooze":0,"activity":0.0028,"lastBolusTime":1703405468573,"time":"2023-12-24T08:21:06.465Z"}},{"iob":0.335,"basaliob":-0.17,"bolussnooze":0,"activity":0.0029,"lastBolusTime":1703405468573,"time":"2023-12-24T08:26:06.465Z","iobWithZeroTemp":{"iob":0.29,"basaliob":-0.215,"bolussnooze":0,"activity":0.0028,"lastBolusTime":1703405468573,"time":"2023-12-24T08:26:06.465Z"}},{"iob":0.321,"basaliob":-0.16,"bolussnooze":0,"activity":0.0029,"lastBolusTime":1703405468573,"time":"2023-12-24T08:31:06.465Z","iobWithZeroTemp":{"iob":0.252,"basaliob":-0.229,"bolussnooze":0,"activity":0.0028,"lastBolusTime":1703405468573,"time":"2023-12-24T08:31:06.465Z"}},{"iob":0.306,"basaliob":-0.151,"bolussnooze":0,"activity":0.0029,"lastBolusTime":1703405468573,"time":"2023-12-24T08:36:06.465Z","iobWithZeroTemp":{"iob":0.213,"basaliob":-0.244,"bolussnooze":0,"activity":0.0027,"lastBolusTime":1703405468573,"time":"2023-12-24T08:36:06.465Z"}},{"iob":0.292,"basaliob":-0.142,"bolussnooze":0,"activity":0.0029,"lastBolusTime":1703405468573,"time":"2023-12-24T08:41:06.465Z","iobWithZeroTemp":{"iob":0.175,"basaliob":-0.259,"bolussnooze":0,"activity":0.0025,"lastBolusTime":1703405468573,"time":"2023-12-24T08:41:06.465Z"}},{"iob":0.277,"basaliob":-0.134,"bolussnooze":0,"activity":0.0028,"lastBolusTime":1703405468573,"time":"2023-12-24T08:46:06.465Z","iobWithZeroTemp":{"iob":0.137,"basaliob":-0.274,"bolussnooze":0,"activity":0.0023,"lastBolusTime":1703405468573,"time":"2023-12-24T08:46:06.465Z"}},{"iob":0.263,"basaliob":-0.126,"bolussnooze":0,"activity":0.0028,"lastBolusTime":1703405468573,"time":"2023-12-24T08:51:06.465Z","iobWithZeroTemp":{"iob":0.101,"basaliob":-0.288,"bolussnooze":0,"activity":0.0021,"lastBolusTime":1703405468573,"time":"2023-12-24T08:51:06.465Z"}},{"iob":0.249,"basaliob":-0.118,"bolussnooze":0,"activity":0.0028,"lastBolusTime":1703405468573,"time":"2023-12-24T08:56:06.465Z","iobWithZeroTemp":{"iob":0.066,"basaliob":-0.301,"bolussnooze":0,"activity":0.002,"lastBolusTime":1703405468573,"time":"2023-12-24T08:56:06.465Z"}},{"iob":0.236,"basaliob":-0.11,"bolussnooze":0,"activity":0.0027,"lastBolusTime":1703405468573,"time":"2023-12-24T09:01:06.465Z","iobWithZeroTemp":{"iob":0.032,"basaliob":-0.314,"bolussnooze":0,"activity":0.0017,"lastBolusTime":1703405468573,"time":"2023-12-24T09:01:06.465Z"}},{"iob":0.223,"basaliob":-0.103,"bolussnooze":0,"activity":0.0026,"lastBolusTime":1703405468573,"time":"2023-12-24T09:06:06.465Z","iobWithZeroTemp":{"iob":0,"basaliob":-0.326,"bolussnooze":0,"activity":0.0014,"lastBolusTime":1703405468573,"time":"2023-12-24T09:06:06.465Z"}},{"iob":0.209,"basaliob":-0.097,"bolussnooze":0,"activity":0.0025,"lastBolusTime":1703405468573,"time":"2023-12-24T09:11:06.465Z","iobWithZeroTemp":{"iob":-0.033,"basaliob":-0.339,"bolussnooze":0,"activity":0.0012,"lastBolusTime":1703405468573,"time":"2023-12-24T09:11:06.465Z"}},{"iob":0.198,"basaliob":-0.09,"bolussnooze":0,"activity":0.0024,"lastBolusTime":1703405468573,"time":"2023-12-24T09:16:06.465Z","iobWithZeroTemp":{"iob":-0.062,"basaliob":-0.35,"bolussnooze":0,"activity":9.0E-4,"lastBolusTime":1703405468573,"time":"2023-12-24T09:16:06.465Z"}},{"iob":0.186,"basaliob":-0.084,"bolussnooze":0,"activity":0.0023,"lastBolusTime":1703405468573,"time":"2023-12-24T09:21:06.465Z","iobWithZeroTemp":{"iob":-0.091,"basaliob":-0.361,"bolussnooze":0,"activity":6.0E-4,"lastBolusTime":1703405468573,"time":"2023-12-24T09:21:06.465Z"}},{"iob":0.174,"basaliob":-0.079,"bolussnooze":0,"activity":0.0022,"lastBolusTime":1703405468573,"time":"2023-12-24T09:26:06.465Z","iobWithZeroTemp":{"iob":-0.12,"basaliob":-0.373,"bolussnooze":0,"activity":4.0E-4,"lastBolusTime":1703405468573,"time":"2023-12-24T09:26:06.465Z"}},{"iob":0.164,"basaliob":-0.073,"bolussnooze":0,"activity":0.0022,"lastBolusTime":1703405468573,"time":"2023-12-24T09:31:06.465Z","iobWithZeroTemp":{"iob":-0.145,"basaliob":-0.382,"bolussnooze":0,"activity":2.0E-4,"lastBolusTime":1703405468573,"time":"2023-12-24T09:31:06.465Z"}},{"iob":0.153,"basaliob":-0.068,"bolussnooze":0,"activity":0.002,"lastBolusTime":1703405468573,"time":"2023-12-24T09:36:06.465Z","iobWithZeroTemp":{"iob":-0.171,"basaliob":-0.392,"bolussnooze":0,"activity":-2.0E-4,"lastBolusTime":1703405468573,"time":"2023-12-24T09:36:06.465Z"}},{"iob":0.144,"basaliob":-0.063,"bolussnooze":0,"activity":0.0019,"lastBolusTime":1703405468573,"time":"2023-12-24T09:41:06.465Z","iobWithZeroTemp":{"iob":-0.193,"basaliob":-0.4,"bolussnooze":0,"activity":-4.0E-4,"lastBolusTime":1703405468573,"time":"2023-12-24T09:41:06.465Z"}},{"iob":0.134,"basaliob":-0.059,"bolussnooze":0,"activity":0.0018,"lastBolusTime":1703405468573,"time":"2023-12-24T09:46:06.465Z","iobWithZeroTemp":{"iob":-0.216,"basaliob":-0.409,"bolussnooze":0,"activity":-7.0E-4,"lastBolusTime":1703405468573,"time":"2023-12-24T09:46:06.465Z"}},{"iob":0.125,"basaliob":-0.055,"bolussnooze":0,"activity":0.0017,"lastBolusTime":1703405468573,"time":"2023-12-24T09:51:06.465Z","iobWithZeroTemp":{"iob":-0.238,"basaliob":-0.418,"bolussnooze":0,"activity":-9.0E-4,"lastBolusTime":1703405468573,"time":"2023-12-24T09:51:06.465Z"}},{"iob":0.117,"basaliob":-0.051,"bolussnooze":0,"activity":0.0016,"lastBolusTime":1703405468573,"time":"2023-12-24T09:56:06.465Z","iobWithZeroTemp":{"iob":-0.257,"basaliob":-0.425,"bolussnooze":0,"activity":-0.0012,"lastBolusTime":1703405468573,"time":"2023-12-24T09:56:06.465Z"}},{"iob":0.109,"basaliob":-0.047,"bolussnooze":0,"activity":0.0016,"lastBolusTime":1703405468573,"time":"2023-12-24T10:01:06.465Z","iobWithZeroTemp":{"iob":-0.276,"basaliob":-0.432,"bolussnooze":0,"activity":-0.0013,"lastBolusTime":1703405468573,"time":"2023-12-24T10:01:06.465Z"}},{"iob":0.101,"basaliob":-0.044,"bolussnooze":0,"activity":0.0014,"lastBolusTime":1703405468573,"time":"2023-12-24T10:06:06.465Z","iobWithZeroTemp":{"iob":-0.294,"basaliob":-0.439,"bolussnooze":0,"activity":-0.0016,"lastBolusTime":1703405468573,"time":"2023-12-24T10:06:06.465Z"}},{"iob":0.095,"basaliob":-0.04,"bolussnooze":0,"activity":0.0014,"lastBolusTime":1703405468573,"time":"2023-12-24T10:11:06.465Z","iobWithZeroTemp":{"iob":-0.31,"basaliob":-0.445,"bolussnooze":0,"activity":-0.0017,"lastBolusTime":1703405468573,"time":"2023-12-24T10:11:06.465Z"}},{"iob":0.088,"basaliob":-0.037,"bolussnooze":0,"activity":0.0013,"lastBolusTime":1703405468573,"time":"2023-12-24T10:16:06.465Z","iobWithZeroTemp":{"iob":-0.326,"basaliob":-0.451,"bolussnooze":0,"activity":-0.002,"lastBolusTime":1703405468573,"time":"2023-12-24T10:16:06.465Z"}},{"iob":0.081,"basaliob":-0.035,"bolussnooze":0,"activity":0.0013,"lastBolusTime":1703405468573,"time":"2023-12-24T10:21:06.465Z","iobWithZeroTemp":{"iob":-0.342,"basaliob":-0.458,"bolussnooze":0,"activity":-0.0021,"lastBolusTime":1703405468573,"time":"2023-12-24T10:21:06.465Z"}},{"iob":0.076,"basaliob":-0.032,"bolussnooze":0,"activity":0.0011,"lastBolusTime":1703405468573,"time":"2023-12-24T10:26:06.465Z","iobWithZeroTemp":{"iob":-0.354,"basaliob":-0.462,"bolussnooze":0,"activity":-0.0024,"lastBolusTime":1703405468573,"time":"2023-12-24T10:26:06.465Z"}},{"iob":0.071,"basaliob":-0.029,"bolussnooze":0,"activity":0.001,"lastBolusTime":1703405468573,"time":"2023-12-24T10:31:06.465Z","iobWithZeroTemp":{"iob":-0.367,"basaliob":-0.467,"bolussnooze":0,"activity":-0.0026,"lastBolusTime":1703405468573,"time":"2023-12-24T10:31:06.465Z"}},{"iob":0.065,"basaliob":-0.027,"bolussnooze":0,"activity":0.001,"lastBolusTime":1703405468573,"time":"2023-12-24T10:36:06.465Z","iobWithZeroTemp":{"iob":-0.38,"basaliob":-0.472,"bolussnooze":0,"activity":-0.0027,"lastBolusTime":1703405468573,"time":"2023-12-24T10:36:06.465Z"}},{"iob":0.06,"basaliob":-0.025,"bolussnooze":0,"activity":9.0E-4,"lastBolusTime":1703405468573,"time":"2023-12-24T10:41:06.465Z","iobWithZeroTemp":{"iob":-0.391,"basaliob":-0.476,"bolussnooze":0,"activity":-0.0029,"lastBolusTime":1703405468573,"time":"2023-12-24T10:41:06.465Z"}},{"iob":0.056,"basaliob":-0.023,"bolussnooze":0,"activity":8.0E-4,"lastBolusTime":1703405468573,"time":"2023-12-24T10:46:06.465Z","iobWithZeroTemp":{"iob":-0.401,"basaliob":-0.48,"bolussnooze":0,"activity":-0.0031,"lastBolusTime":1703405468573,"time":"2023-12-24T10:46:06.465Z"}},{"iob":0.052,"basaliob":-0.021,"bolussnooze":0,"activity":8.0E-4,"lastBolusTime":1703405468573,"time":"2023-12-24T10:51:06.465Z","iobWithZeroTemp":{"iob":-0.411,"basaliob":-0.484,"bolussnooze":0,"activity":-0.0031,"lastBolusTime":1703405468573,"time":"2023-12-24T10:51:06.465Z"}},{"iob":0.047,"basaliob":-0.02,"bolussnooze":0,"activity":8.0E-4,"lastBolusTime":1703405468573,"time":"2023-12-24T10:56:06.465Z","iobWithZeroTemp":{"iob":-0.421,"basaliob":-0.488,"bolussnooze":0,"activity":-0.0032,"lastBolusTime":1703405468573,"time":"2023-12-24T10:56:06.465Z"}},{"iob":0.044,"basaliob":-0.018,"bolussnooze":0,"activity":7.0E-4,"lastBolusTime":1703405468573,"time":"2023-12-24T11:01:06.465Z","iobWithZeroTemp":{"iob":-0.429,"basaliob":-0.491,"bolussnooze":0,"activity":-0.0034,"lastBolusTime":1703405468573,"time":"2023-12-24T11:01:06.465Z"}},{"iob":0.04,"basaliob":-0.017,"bolussnooze":0,"activity":6.0E-4,"lastBolusTime":1703405468573,"time":"2023-12-24T11:06:06.465Z","iobWithZeroTemp":{"iob":-0.437,"basaliob":-0.494,"bolussnooze":0,"activity":-0.0035,"lastBolusTime":1703405468573,"time":"2023-12-24T11:06:06.465Z"}},{"iob":0.038,"basaliob":-0.015,"bolussnooze":0,"activity":6.0E-4,"lastBolusTime":1703405468573,"time":"2023-12-24T11:11:06.465Z","iobWithZeroTemp":{"iob":-0.443,"basaliob":-0.496,"bolussnooze":0,"activity":-0.0036,"lastBolusTime":1703405468573,"time":"2023-12-24T11:11:06.465Z"}},{"iob":0.034,"basaliob":-0.014,"bolussnooze":0,"activity":6.0E-4,"lastBolusTime":1703405468573,"time":"2023-12-24T11:16:06.465Z","iobWithZeroTemp":{"iob":-0.451,"basaliob":-0.499,"bolussnooze":0,"activity":-0.0037,"lastBolusTime":1703405468573,"time":"2023-12-24T11:16:06.465Z"}},{"iob":0.032,"basaliob":-0.013,"bolussnooze":0,"activity":5.0E-4,"lastBolusTime":1703405468573,"time":"2023-12-24T11:21:06.465Z","iobWithZeroTemp":{"iob":-0.457,"basaliob":-0.502,"bolussnooze":0,"activity":-0.0038,"lastBolusTime":1703405468573,"time":"2023-12-24T11:21:06.465Z"}},{"iob":0.029,"basaliob":-0.012,"bolussnooze":0,"activity":5.0E-4,"lastBolusTime":1703405468573,"time":"2023-12-24T11:26:06.465Z","iobWithZeroTemp":{"iob":-0.463,"basaliob":-0.504,"bolussnooze":0,"activity":-0.0039,"lastBolusTime":1703405468573,"time":"2023-12-24T11:26:06.465Z"}},{"iob":0.027,"basaliob":-0.011,"bolussnooze":0,"activity":4.0E-4,"lastBolusTime":1703405468573,"time":"2023-12-24T11:31:06.465Z","iobWithZeroTemp":{"iob":-0.468,"basaliob":-0.506,"bolussnooze":0,"activity":-0.004,"lastBolusTime":1703405468573,"time":"2023-12-24T11:31:06.465Z"}},{"iob":0.024,"basaliob":-0.01,"bolussnooze":0,"activity":4.0E-4,"lastBolusTime":1703405468573,"time":"2023-12-24T11:36:06.465Z","iobWithZeroTemp":{"iob":-0.474,"basaliob":-0.508,"bolussnooze":0,"activity":-0.0041,"lastBolusTime":1703405468573,"time":"2023-12-24T11:36:06.465Z"}},{"iob":0.023,"basaliob":-0.009,"bolussnooze":0,"activity":4.0E-4,"lastBolusTime":1703405468573,"time":"2023-12-24T11:41:06.465Z","iobWithZeroTemp":{"iob":-0.477,"basaliob":-0.509,"bolussnooze":0,"activity":-0.0041,"lastBolusTime":1703405468573,"time":"2023-12-24T11:41:06.465Z"}},{"iob":0.021,"basaliob":-0.008,"bolussnooze":0,"activity":4.0E-4,"lastBolusTime":1703405468573,"time":"2023-12-24T11:46:06.465Z","iobWithZeroTemp":{"iob":-0.482,"basaliob":-0.511,"bolussnooze":0,"activity":-0.0041,"lastBolusTime":1703405468573,"time":"2023-12-24T11:46:06.465Z"}},{"iob":0.019,"basaliob":-0.007,"bolussnooze":0,"activity":4.0E-4,"lastBolusTime":1703405468573,"time":"2023-12-24T11:51:06.465Z","iobWithZeroTemp":{"iob":-0.486,"basaliob":-0.512,"bolussnooze":0,"activity":-0.0042,"lastBolusTime":1703405468573,"time":"2023-12-24T11:51:06.465Z"}},{"iob":0.017,"basaliob":-0.007,"bolussnooze":0,"activity":3.0E-4,"lastBolusTime":1703405468573,"time":"2023-12-24T11:56:06.465Z","iobWithZeroTemp":{"iob":-0.49,"basaliob":-0.514,"bolussnooze":0,"activity":-0.0043,"lastBolusTime":1703405468573,"time":"2023-12-24T11:56:06.465Z"}},{"iob":0.016,"basaliob":-0.006,"bolussnooze":0,"activity":3.0E-4,"lastBolusTime":1703405468573,"time":"2023-12-24T12:01:06.465Z","iobWithZeroTemp":{"iob":-0.493,"basaliob":-0.515,"bolussnooze":0,"activity":-0.0043,"lastBolusTime":1703405468573,"time":"2023-12-24T12:01:06.465Z"}},{"iob":0.014,"basaliob":-0.006,"bolussnooze":0,"activity":3.0E-4,"lastBolusTime":1703405468573,"time":"2023-12-24T12:06:06.465Z","iobWithZeroTemp":{"iob":-0.497,"basaliob":-0.517,"bolussnooze":0,"activity":-0.0044,"lastBolusTime":1703405468573,"time":"2023-12-24T12:06:06.465Z"}},{"iob":0.013,"basaliob":-0.005,"bolussnooze":0,"activity":2.0E-4,"lastBolusTime":1703405468573,"time":"2023-12-24T12:11:06.465Z","iobWithZeroTemp":{"iob":-0.499,"basaliob":-0.517,"bolussnooze":0,"activity":-0.0045,"lastBolusTime":1703405468573,"time":"2023-12-24T12:11:06.465Z"}}],"profile":{"max_iob":4,"type":"current","max_daily_basal":0.5,"max_basal":1.2,"min_bg":91.79999999999998,"max_bg":91.79999999999998,"target_bg":91.79999999999998,"carb_ratio":30,"sens":126,"max_daily_safety_multiplier":3,"current_basal_safety_multiplier":4,"high_temptarget_raises_sensitivity":false,"low_temptarget_lowers_sensitivity":false,"sensitivity_raises_target":true,"resistance_lowers_target":true,"adv_target_adjustments":false,"exercise_mode":false,"half_basal_exercise_target":160,"maxCOB":120,"skip_neutral_temps":false,"remainingCarbsCap":90,"enableUAM":true,"A52_risk_enable":false,"SMBInterval":3,"enableSMB_with_COB":true,"enableSMB_with_temptarget":true,"allowSMB_with_high_temptarget":false,"enableSMB_always":false,"enableSMB_after_carbs":false,"maxSMBBasalMinutes":75,"maxUAMSMBBasalMinutes":75,"bolus_increment":0.05,"carbsReqThreshold":10,"current_basal":0.3,"temptargetSet":true,"autosens_max":1.2,"out_units":"mmol\/L"},"autosens_data":{"ratio":1},"meal_data":{"carbs":0,"mealCOB":0,"slopeFromMaxDeviation":0,"slopeFromMinDeviation":6.2123333333333335,"lastBolusTime":1703405468573,"lastCarbTime":0},"microBolusAllowed":true,"currentTime":1703405767679,"flatBGsDetected":false},"output":{"temp":"absolute","bg":129,"tick":"+20","eventualBG":200,"targetBG":91.79999999999998,"insulinReq":0.49,"deliverAt":"2023-12-24T08:16:07.679Z","sensitivityRatio":1,"predBGs":{"IOB":[129,137,144,150,155,159,163,165,167,168,168,167,166,164,163,161,160,159,158,156,155,154,153,152,152,151,150,149,149,148,147,147,146,146,146,145,145,144,144,144,143,143,143,143,142],"ZT":[129,127,126,124,122,120,119,117,116,115,114,113,112,111,111,111,111,111,111,112,112],"UAM":[129,145,158,169,179,186,191,194,195,194,193,191,189,188,187,185,184,182,181,180,179,178,177,176,175,174,174,173,172,172,171,171,170,170,169,169,168,168,168,167,167,167,167,166]},"COB":0,"IOB":0.364,"reason":"COB: 0, Dev: 6.5, BGI: -0.1, ISF: 7.0, CR: 30, Target: 5.1, minPredBG 8.6, minGuardBG 8.1, IOBpredBG 7.9, UAMpredBG 9.2; Eventual BG 11.1 >= 5.1,  insulinReq 0.49. Microbolusing 0.2U. adj. req. rate: 1.28 to maxSafeBasal: 1.2, temp 1.10 < 1.2U\/hr.  25m left and 1.1 ~ req 1.2U\/hr: no temp required","units":0.2,"timestamp":"2023-12-24T08:16:07.701Z"}}