{"algorithm":"OpenAPSSMBPlugin","input":{"glucoseStatus":{"glucose":106,"noise":0,"delta":-2.67,"short_avgdelta":-2.46,"long_avgdelta":-2.56,"date":1703466615127},"currenttemp":{"temp":"absolute","duration":0,"rate":0},"iob_data":[{"iob":0.092,"basaliob":0.092,"bolussnooze":0,"activity":0.0023,"lastBolusTime":0,"time":"2023-12-25T01:11:07.994Z","iobWithZeroTemp":{"iob":0.092,"basaliob":0.092,"bolussnooze":0,"activity":0.0023,"lastBolusTime":0,"time":"2023-12-25T01:11:07.994Z"}},{"iob":0.081,"basaliob":0.081,"bolussnooze":0,"activity":0.002,"lastBolusTime":0,"time":"2023-12-25T01:16:07.994Z","iobWithZeroTemp":{"iob":0.064,"basaliob":0.064,"bolussnooze":0,"activity":0.002,"lastBolusTime":0,"time":"2023-12-25T01:16:07.994Z"}},{"iob":0.072,"basaliob":0.072,"bolussnooze":0,"activity":0.0018,"lastBolusTime":0,"time":"2023-12-25T01:21:07.994Z","iobWithZeroTemp":{"iob":0.035,"basaliob":0.035,"bolussnooze":0,"activity":0.0017,"lastBolusTime":0,"time":"2023-12-25T01:21:07.994Z"}},{"iob":0.063,"basaliob":0.063,"bolussnooze":0,"activity":0.0016,"lastBolusTime":0,"time":"2023-12-25T01:26:07.994Z","iobWithZeroTemp":{"iob":0.005,"basaliob":0.005,"bolussnooze":0,"activity":0.0015,"lastBolusTime":0,"time":"2023-12-25T01:26:07.994Z"}},{"iob":0.056,"basaliob":0.056,"bolussnooze":0,"activity":0.0015,"lastBolusTime":0,"time":"2023-12-25T01:31:07.994Z","iobWithZeroTemp":{"iob":-0.022,"basaliob":-0.022,"bolussnooze":0,"activity":0.0013,"lastBolusTime":0,"time":"2023-12-25T01:31:07.994Z"}},{"iob":0.049,"basaliob":0.049,"bolussnooze":0,"activity":0.0013,"lastBolusTime":0,"time":"2023-12-25T01:36:07.994Z","iobWithZeroTemp":{"iob":-0.048,"basaliob":-0.048,"bolussnooze":0,"activity":0.001,"lastBolusTime":0,"time":"2023-12-25T01:36:07.994Z"}},{"iob":0.043,"basaliob":0.043,"bolussnooze":0,"activity":0.0012,"lastBolusTime":0,"time":"2023-12-25T01:41:07.994Z","iobWithZeroTemp":{"iob":-0.073,"basaliob":-0.073,"bolussnooze":0,"activity":8.0E-4,"lastBolusTime":0,"time":"2023-12-25T01:41:07.994Z"}},{"iob":0.037,"basaliob":0.037,"bolussnooze":0,"activity":0.001,"lastBolusTime":0,"time":"2023-12-25T01:46:07.994Z","iobWithZeroTemp":{"iob":-0.098,"basaliob":-0.098,"bolussnooze":0,"activity":5.0E-4,"lastBolusTime":0,"time":"2023-12-25T01:46:07.994Z"}},{"iob":0.032,"basaliob":0.032,"bolussnooze":0,"activity":9.0E-4,"lastBolusTime":0,"time":"2023-12-25T01:51:07.994Z","iobWithZeroTemp":{"iob":-0.121,"basaliob":-0.121,"bolussnooze":0,"activity":2.0E-4,"lastBolusTime":0,"time":"2023-12-25T01:51:07.994Z"}},{"iob":0.028,"basaliob":0.028,"bolussnooze":0,"activity":8.0E-4,"lastBolusTime":0,"time":"2023-12-25T01:56:07.994Z","iobWithZeroTemp":{"iob":-0.142,"basaliob":-0.142,"bolussnooze":0,"activity":0,"lastBolusTime":0,"time":"2023-12-25T01:56:07.994Z"}},{"iob":0.024,"basaliob":0.024,"bolussnooze":0,"activity":7.0E-4,"lastBolusTime":0,"time":"2023-12-25T02:01:07.994Z","iobWithZeroTemp":{"iob":-0.162,"basaliob":-0.162,"bolussnooze":0,"activity":-3.0E-4,"lastBolusTime":0,"time":"2023-12-25T02:01:07.994Z"}},{"iob":0.021,"basaliob":0.021,"bolussnooze":0,"activity":6.0E-4,"lastBolusTime":0,"time":"2023-12-25T02:06:07.994Z","iobWithZeroTemp":{"iob":-0.181,"basaliob":-0.181,"bolussnooze":0,"activity":-5.0E-4,"lastBolusTime":0,"time":"2023-12-25T02:06:07.994Z"}},{"iob":0.018,"basaliob":0.018,"bolussnooze":0,"activity":6.0E-4,"lastBolusTime":0,"time":"2023-12-25T02:11:07.994Z","iobWithZeroTemp":{"iob":-0.199,"basaliob":-0.199,"bolussnooze":0,"activity":-6.0E-4,"lastBolusTime":0,"time":"2023-12-25T02:11:07.994Z"}},{"iob":0.015,"basaliob":0.015,"bolussnooze":0,"activity":5.0E-4,"lastBolusTime":0,"time":"2023-12-25T02:16:07.994Z","iobWithZeroTemp":{"iob":-0.216,"basaliob":-0.216,"bolussnooze":0,"activity":-9.0E-4,"lastBolusTime":0,"time":"2023-12-25T02:16:07.994Z"}},{"iob":0.012,"basaliob":0.012,"bolussnooze":0,"activity":4.0E-4,"lastBolusTime":0,"time":"2023-12-25T02:21:07.994Z","iobWithZeroTemp":{"iob":-0.233,"basaliob":-0.233,"bolussnooze":0,"activity":-0.0011,"lastBolusTime":0,"time":"2023-12-25T02:21:07.994Z"}},{"iob":0.01,"basaliob":0.01,"bolussnooze":0,"activity":4.0E-4,"lastBolusTime":0,"time":"2023-12-25T02:26:07.994Z","iobWithZeroTemp":{"iob":-0.247,"basaliob":-0.247,"bolussnooze":0,"activity":-0.0013,"lastBolusTime":0,"time":"2023-12-25T02:26:07.994Z"}},{"iob":0.009,"basaliob":0.009,"bolussnooze":0,"activity":3.0E-4,"lastBolusTime":0,"time":"2023-12-25T02:31:07.994Z","iobWithZeroTemp":{"iob":-0.261,"basaliob":-0.261,"bolussnooze":0,"activity":-0.0015,"lastBolusTime":0,"time":"2023-12-25T02:31:07.994Z"}},{"iob":0.007,"basaliob":0.007,"bolussnooze":0,"activity":3.0E-4,"lastBolusTime":0,"time":"2023-12-25T02:36:07.994Z","iobWithZeroTemp":{"iob":-0.274,"basaliob":-0.274,"bolussnooze":0,"activity":-0.0016,"lastBolusTime":0,"time":"2023-12-25T02:36:07.994Z"}},{"iob":0.005,"basaliob":0.005,"bolussnooze":0,"activity":3.0E-4,"lastBolusTime":0,"time":"2023-12-25T02:41:07.994Z","iobWithZeroTemp":{"iob":-0.287,"basaliob":-0.287,"bolussnooze":0,"activity":-0.0018,"lastBolusTime":0,"time":"2023-12-25T02:41:07.994Z"}},{"iob":0.004,"basaliob":0.004,"bolussnooze":0,"activity":2.0E-4,"lastBolusTime":0,"time":"2023-12-25T02:46:07.994Z","iobWithZeroTemp":{"iob":-0.298,"basaliob":-0.298,"bolussnooze":0,"activity":-0.002,"lastBolusTime":0,"time":"2023-12-25T02:46:07.994Z"}},{"iob":0.003,"basaliob":0.003,"bolussnooze":0,"activity":2.0E-4,"lastBolusTime":0,"time":"2023-12-25T02:51:07.994Z","iobWithZeroTemp":{"iob":-0.309,"basaliob":-0.309,"bolussnooze":0,"activity":-0.0021,"lastBolusTime":0,"time":"2023-12-25T02:51:07.994Z"}},{"iob":0.002,"basaliob":0.002,"bolussnooze":0,"activity":2.0E-4,"lastBolusTime":0,"time":"2023-12-25T02:56:07.994Z","iobWithZeroTemp":{"iob":-0.319,"basaliob":-0.319,"bolussnooze":0,"activity":-0.0022,"lastBolusTime":0,"time":"2023-12-25T02:56:07.994Z"}},{"iob":0.001,"basaliob":0.001,"bolussnooze":0,"activity":2.0E-4,"lastBolusTime":0,"time":"2023-12-25T03:01:07.994Z","iobWithZeroTemp":{"iob":-0.329,"basaliob":-0.329,"bolussnooze":0,"activity":-0.0023,"lastBolusTime":0,"time":"2023-12-25T03:01:07.994Z"}},{"iob":0.001,"basaliob":0.001,"bolussnooze":0,"activity":1.0E-4,"lastBolusTime":0,"time":"2023-12-25T03:06:07.994Z","iobWithZeroTemp":{"iob":-0.337,"basaliob":-0.337,"bolussnooze":0,"activity":-0.0025,"lastBolusTime":0,"time":"2023-12-25T03:06:07.994Z"}},{"iob":0,"basaliob":0,"bolussnooze":0,"activity":1.0E-4,"lastBolusTime":0,"time":"2023-12-25T03:11:07.994Z","iobWithZeroTemp":{"iob":-0.345,"basaliob":-0.345,"bolussnooze":0,"activity":-0.0026,"lastBolusTime":0,"time":"2023-12-25T03:11:07.994Z"}},{"iob":0,"basaliob":0,"bolussnooze":0,"activity":1.0E-4,"lastBolusTime":0,"time":"2023-12-25T03:16:07.994Z","iobWithZeroTemp":{"iob":-0.352,"basaliob":-0.352,"bolussnooze":0,"activity":-0.0027,"lastBolusTime":0,"time":"2023-12-25T03:16:07.994Z"}},{"iob":-0.001,"basaliob":-0.001,"bolussnooze":0,"activity":1.0E-4,"lastBolusTime":0,"time":"2023-12-25T03:21:07.994Z","iobWithZeroTemp":{"iob":-0.36,"basaliob":-0.36,"bolussnooze":0,"activity":-0.0028,"lastBolusTime":0,"time":"2023-12-25T03:21:07.994Z"}},{"iob":-0.001,"basaliob":-0.001,"bolussnooze":0,"activity":1.0E-4,"lastBolusTime":0,"time":"2023-12-25T03:26:07.994Z","iobWithZeroTemp":{"iob":-0.366,"basaliob":-0.366,"bolussnooze":0,"activity":-0.0029,"lastBolusTime":0,"time":"2023-12-25T03:26:07.994Z"}},{"iob":-0.001,"basaliob":-0.001,"bolussnooze":0,"activity":1.0E-4,"lastBolusTime":0,"time":"2023-12-25T03:31:07.994Z","iobWithZeroTemp":{"iob":-0.372,"basaliob":-0.372,"bolussnooze":0,"activity":-0.003,"lastBolusTime":0,"time":"2023-12-25T03:31:07.994Z"}},{"iob":-0.002,"basaliob":-0.002,"bolussnooze":0,"activity":0,"lastBolusTime":0,"time":"2023-12-25T03:36:07.994Z","iobWithZeroTemp":{"iob":-0.378,"basaliob":-0.378,"bolussnooze":0,"activity":-0.0031,"lastBolusTime":0,"time":"2023-12-25T03:36:07.994Z"}},{"iob":-0.002,"basaliob":-0.002,"bolussnooze":0,"activity":0,"lastBolusTime":0,"time":"2023-12-25T03:41:07.994Z","iobWithZeroTemp":{"iob":-0.383,"basaliob":-0.383,"bolussnooze":0,"activity":-0.0032,"lastBolusTime":0,"time":"2023-12-25T03:41:07.994Z"}},{"iob":-0.002,"basaliob":-0.002,"bolussnooze":0,"activity":0,"lastBolusTime":0,"time":"2023-12-25T03:46:07.994Z","iobWithZeroTemp":{"iob":-0.387,"basaliob":-0.387,"bolussnooze":0,"activity":-0.0033,"lastBolusTime":0,"time":"2023-12-25T03:46:07.994Z"}},{"iob":-0.002,"basaliob":-0.002,"bolussnooze":0,"activity":0,"lastBolusTime":0,"time":"2023-12-25T03:51:07.994Z","iobWithZeroTemp":{"iob":-0.392,"basaliob":-0.392,"bolussnooze":0,"activity":-0.0033,"lastBolusTime":0,"time":"2023-12-25T03:51:07.994Z"}},{"iob":-0.002,"basaliob":-0.002,"bolussnooze":0,"activity":0,"lastBolusTime":0,"time":"2023-12-25T03:56:07.994Z","iobWithZeroTemp":{"iob":-0.396,"basaliob":-0.396,"bolussnooze":0,"activity":-0.0034,"lastBolusTime":0,"time":"2023-12-25T03:56:07.994Z"}},{"iob":-0.002,"basaliob":-0.002,"bolussnooze":0,"activity":0,"lastBolusTime":0,"time":"2023-12-25T04:01:07.994Z","iobWithZeroTemp":{"iob":-0.399,"basaliob":-0.399,"bolussnooze":0,"activity":-0.0035,"lastBolusTime":0,"time":"2023-12-25T04:01:07.994Z"}},{"iob":-0.002,"basaliob":-0.002,"bolussnooze":0,"activity":0,"lastBolusTime":0,"time":"2023-12-25T04:06:07.994Z","iobWithZeroTemp":{"iob":-0.403,"basaliob":-0.403,"bolussnooze":0,"activity":-0.0035,"lastBolusTime":0,"time":"2023-12-25T04:06:07.994Z"}},{"iob":-0.002,"basaliob":-0.002,"bolussnooze":0,"activity":0,"lastBolusTime":0,"time":"2023-12-25T04:11:07.994Z","iobWithZeroTemp":{"iob":-0.406,"basaliob":-0.406,"bolussnooze":0,"activity":-0.0036,"lastBolusTime":0,"time":"2023-12-25T04:11:07.994Z"}},{"iob":-0.002,"basaliob":-0.002,"bolussnooze":0,"activity":0,"lastBolusTime":0,"time":"2023-12-25T04:16:07.994Z","iobWithZeroTemp":{"iob":-0.409,"basaliob":-0.409,"bolussnooze":0,"activity":-0.0036,"lastBolusTime":0,"time":"2023-12-25T04:16:07.994Z"}},{"iob":-0.002,"basaliob":-0.002,"bolussnooze":0,"activity":0,"lastBolusTime":0,"time":"2023-12-25T04:21:07.994Z","iobWithZeroTemp":{"iob":-0.412,"basaliob":-0.412,"bolussnooze":0,"activity":-0.0036,"lastBolusTime":0,"time":"2023-12-25T04:21:07.994Z"}},{"iob":-0.002,"basaliob":-0.002,"bolussnooze":0,"activity":0,"lastBolusTime":0,"time":"2023-12-25T04:26:07.994Z","iobWithZeroTemp":{"iob":-0.414,"basaliob":-0.414,"bolussnooze":0,"activity":-0.0037,"lastBolusTime":0,"time":"2023-12-25T04:26:07.994Z"}},{"iob":-0.002,"basaliob":-0.002,"bolussnooze":0,"activity":0,"lastBolusTime":0,"time":"2023-12-25T04:31:07.994Z","iobWithZeroTemp":{"iob":-0.417,"basaliob":-0.417,"bolussnooze":0,"activity":-0.0037,"lastBolusTime":0,"time":"2023-12-25T04:31:07.994Z"}},{"iob":-0.002,"basaliob":-0.002,"bolussnooze":0,"activity":0,"lastBolusTime":0,"time":"2023-12-25T04:36:07.994Z","iobWithZeroTemp":{"iob":-0.419,"basaliob":-0.419,"bolussnooze":0,"activity":-0.0038,"lastBolusTime":0,"time":"2023-12-25T04:36:07.994Z"}},{"iob":-0.002,"basaliob":-0.002,"bolussnooze":0,"activity":0,"lastBolusTime":0,"time":"2023-12-25T04:41:07.994Z","iobWithZeroTemp":{"iob":-0.421,"basaliob":-0.421,"bolussnooze":0,"activity":-0.0038,"lastBolusTime":0,"time":"2023-12-25T04:41:07.994Z"}},{"iob":-0.002,"basaliob":-0.002,"bolussnooze":0,"activity":0,"lastBolusTime":0,"time":"2023-12-25T04:46:07.994Z","iobWithZeroTemp":{"iob":-0.423,"basaliob":-0.423,"bolussnooze":0,"activity":-0.0038,"lastBolusTime":0,"time":"2023-12-25T04:46:07.994Z"}},{"iob":-0.002,"basaliob":-0.002,"bolussnooze":0,"activity":0,"lastBolusTime":0,"time":"2023-12-25T04:51:07.994Z","iobWithZeroTemp":{"iob":-0.424,"basaliob":-0.424,"bolussnooze":0,"activity":-0.0038,"lastBolusTime":0,"time":"2023-12-25T04:51:07.994Z"}},{"iob":-0.002,"basaliob":-0.002,"bolussnooze":0,"activity":0,"lastBolusTime":0,"time":"2023-12-25T04:56:07.994Z","iobWithZeroTemp":{"iob":-0.426,"basaliob":-0.426,"bolussnooze":0,"activity":-0.0039,"lastBolusTime":0,"time":"2023-12-25T04:56:07.994Z"}},{"iob":-0.002,"basaliob":-0.002,"bolussnooze":0,"activity":0,"lastBolusTime":0,"time":"2023-12-25T05:01:07.994Z","iobWithZeroTemp":{"iob":-0.427,"basaliob":-0.427,"bolussnooze":0,"activity":-0.0039,"lastBolusTime":0,"time":"2023-12-25T05:01:07.994Z"}},{"iob":-0.002,"basaliob":-0.002,"bolussnooze":0,"activity":0,"lastBolusTime":0,"time":"2023-12-25T05:06:07.994Z","iobWithZeroTemp":{"iob":-0.433,"basaliob":-0.433,"bolussnooze":0,"activity":-0.0039,"lastBolusTime":0,"time":"2023-12-25T05:06:07.994Z"}}],"profile":{"max_iob":4,"type":"current","max_daily_basal":0.5,"max_basal":1,"min_bg":99,"max_bg":99,"target_bg":99,"carb_ratio":25,"sens":142.20000000000002,"max_daily_safety_multiplier":3,"current_basal_safety_multiplier":4,"high_temptarget_raises_sensitivity":false,"low_temptarget_lowers_sensitivity":false,"sensitivity_raises_target":true,"resistance_lowers_target":true,"adv_target_adjustments":false,"exercise_mode":false,"half_basal_exercise_target":160,"maxCOB":120,"skip_neutral_temps":false,"remainingCarbsCap":90,"enableUAM":true,"A52_risk_enable":false,"SMBInterval":3,"enableSMB_with_COB":true,"enableSMB_with_temptarget":true,"allowSMB_with_high_temptarget":false,"enableSMB_always":false,"enableSMB_after_carbs":false,"maxSMBBasalMinutes":75,"maxUAMSMBBasalMinutes":75,"bolus_increment":0.05,"carbsReqThreshold":10,"current_basal":0.25,"temptargetSet":false,"autosens_max":1.2,"out_units":"mmol\/L"},"autosens_data":{"ratio":1},"meal_data":{"carbs":0,"mealCOB":0,"slopeFromMaxDeviation":-0.8803636363636363,"slopeFromMinDeviation":0.14928571428571427,"lastBolusTime":1703430368291,"lastCarbTime":0},"microBolusAllowed":true,"currentTime":1703466669249,"flatBGsDetected":false},"output":{"temp":"absolute","bg":106,"tick":-3,"eventualBG":87,"targetBG":99,"insulinReq":0,"deliverAt":"2023-12-25T01:11:09.249Z","sensitivityRatio":1,"predBGs":{"IOB":[106,103,101,99,97,96,94,93,92,91,90,90,89,89,89,88,88,88,88,87,87,87,87,87,87,87,87,87,86],"ZT":[106,104,103,102,101,100,99,98,98,98,98,98,99,99,100,100]},"COB":0,"IOB":0.092,"reason":"COB: 0, Dev: -0.3, BGI: -0.1, ISF: 7.9, CR: 25, Target: 5.5, minPredBG 4.8, minGuardBG 4.8, IOBpredBG 4.8; Eventual BG 4.8 < 5.5","duration":30,"rate":0,"timestamp":"2023-12-25T01:11:09.285Z"}}