{"algorithm":"OpenAPSSMBPlugin","input":{"glucoseStatus":{"glucose":175,"noise":0,"delta":-11.33,"short_avgdelta":-9.35,"long_avgdelta":-2.44,"date":1703497215822},"currenttemp":{"temp":"absolute","duration":0,"rate":0},"iob_data":[{"iob":0.79,"basaliob":0.79,"bolussnooze":0,"activity":0.0062,"lastBolusTime":0,"time":"2023-12-25T09:41:08.348Z","iobWithZeroTemp":{"iob":0.79,"basaliob":0.79,"bolussnooze":0,"activity":0.0062,"lastBolusTime":0,"time":"2023-12-25T09:41:08.348Z"}},{"iob":0.759,"basaliob":0.759,"bolussnooze":0,"activity":0.0064,"lastBolusTime":0,"time":"2023-12-25T09:46:08.348Z","iobWithZeroTemp":{"iob":0.739,"basaliob":0.739,"bolussnooze":0,"activity":0.0064,"lastBolusTime":0,"time":"2023-12-25T09:46:08.348Z"}},{"iob":0.727,"basaliob":0.727,"bolussnooze":0,"activity":0.0065,"lastBolusTime":0,"time":"2023-12-25T09:51:08.348Z","iobWithZeroTemp":{"iob":0.682,"basaliob":0.682,"bolussnooze":0,"activity":0.0064,"lastBolusTime":0,"time":"2023-12-25T09:51:08.348Z"}},{"iob":0.694,"basaliob":0.694,"bolussnooze":0,"activity":0.0065,"lastBolusTime":0,"time":"2023-12-25T09:56:08.348Z","iobWithZeroTemp":{"iob":0.625,"basaliob":0.625,"bolussnooze":0,"activity":0.0064,"lastBolusTime":0,"time":"2023-12-25T09:56:08.348Z"}},{"iob":0.662,"basaliob":0.662,"bolussnooze":0,"activity":0.0065,"lastBolusTime":0,"time":"2023-12-25T10:01:08.348Z","iobWithZeroTemp":{"iob":0.569,"basaliob":0.569,"bolussnooze":0,"activity":0.0063,"lastBolusTime":0,"time":"2023-12-25T10:01:08.348Z"}},{"iob":0.629,"basaliob":0.629,"bolussnooze":0,"activity":0.0064,"lastBolusTime":0,"time":"2023-12-25T10:06:08.348Z","iobWithZeroTemp":{"iob":0.512,"basaliob":0.512,"bolussnooze":0,"activity":0.006,"lastBolusTime":0,"time":"2023-12-25T10:06:08.348Z"}},{"iob":0.598,"basaliob":0.598,"bolussnooze":0,"activity":0.0063,"lastBolusTime":0,"time":"2023-12-25T10:11:08.348Z","iobWithZeroTemp":{"iob":0.458,"basaliob":0.458,"bolussnooze":0,"activity":0.0058,"lastBolusTime":0,"time":"2023-12-25T10:11:08.348Z"}},{"iob":0.566,"basaliob":0.566,"bolussnooze":0,"activity":0.0062,"lastBolusTime":0,"time":"2023-12-25T10:16:08.348Z","iobWithZeroTemp":{"iob":0.404,"basaliob":0.404,"bolussnooze":0,"activity":0.0055,"lastBolusTime":0,"time":"2023-12-25T10:16:08.348Z"}},{"iob":0.536,"basaliob":0.536,"bolussnooze":0,"activity":0.006,"lastBolusTime":0,"time":"2023-12-25T10:21:08.348Z","iobWithZeroTemp":{"iob":0.353,"basaliob":0.353,"bolussnooze":0,"activity":0.0052,"lastBolusTime":0,"time":"2023-12-25T10:21:08.348Z"}},{"iob":0.506,"basaliob":0.506,"bolussnooze":0,"activity":0.0058,"lastBolusTime":0,"time":"2023-12-25T10:26:08.348Z","iobWithZeroTemp":{"iob":0.302,"basaliob":0.302,"bolussnooze":0,"activity":0.0048,"lastBolusTime":0,"time":"2023-12-25T10:26:08.348Z"}},{"iob":0.477,"basaliob":0.477,"bolussnooze":0,"activity":0.0056,"lastBolusTime":0,"time":"2023-12-25T10:31:08.348Z","iobWithZeroTemp":{"iob":0.254,"basaliob":0.254,"bolussnooze":0,"activity":0.0044,"lastBolusTime":0,"time":"2023-12-25T10:31:08.348Z"}},{"iob":0.45,"basaliob":0.45,"bolussnooze":0,"activity":0.0054,"lastBolusTime":0,"time":"2023-12-25T10:36:08.348Z","iobWithZeroTemp":{"iob":0.208,"basaliob":0.208,"bolussnooze":0,"activity":0.0041,"lastBolusTime":0,"time":"2023-12-25T10:36:08.348Z"}},{"iob":0.423,"basaliob":0.423,"bolussnooze":0,"activity":0.0052,"lastBolusTime":0,"time":"2023-12-25T10:41:08.348Z","iobWithZeroTemp":{"iob":0.163,"basaliob":0.163,"bolussnooze":0,"activity":0.0037,"lastBolusTime":0,"time":"2023-12-25T10:41:08.348Z"}},{"iob":0.398,"basaliob":0.398,"bolussnooze":0,"activity":0.005,"lastBolusTime":0,"time":"2023-12-25T10:46:08.348Z","iobWithZeroTemp":{"iob":0.121,"basaliob":0.121,"bolussnooze":0,"activity":0.0033,"lastBolusTime":0,"time":"2023-12-25T10:46:08.348Z"}},{"iob":0.373,"basaliob":0.373,"bolussnooze":0,"activity":0.0048,"lastBolusTime":0,"time":"2023-12-25T10:51:08.348Z","iobWithZeroTemp":{"iob":0.079,"basaliob":0.079,"bolussnooze":0,"activity":0.003,"lastBolusTime":0,"time":"2023-12-25T10:51:08.348Z"}},{"iob":0.35,"basaliob":0.35,"bolussnooze":0,"activity":0.0046,"lastBolusTime":0,"time":"2023-12-25T10:56:08.348Z","iobWithZeroTemp":{"iob":0.041,"basaliob":0.041,"bolussnooze":0,"activity":0.0026,"lastBolusTime":0,"time":"2023-12-25T10:56:08.348Z"}},{"iob":0.328,"basaliob":0.328,"bolussnooze":0,"activity":0.0043,"lastBolusTime":0,"time":"2023-12-25T11:01:08.348Z","iobWithZeroTemp":{"iob":0.004,"basaliob":0.004,"bolussnooze":0,"activity":0.0021,"lastBolusTime":0,"time":"2023-12-25T11:01:08.348Z"}},{"iob":0.306,"basaliob":0.306,"bolussnooze":0,"activity":0.0041,"lastBolusTime":0,"time":"2023-12-25T11:06:08.348Z","iobWithZeroTemp":{"iob":-0.031,"basaliob":-0.031,"bolussnooze":0,"activity":0.0018,"lastBolusTime":0,"time":"2023-12-25T11:06:08.348Z"}},{"iob":0.286,"basaliob":0.286,"bolussnooze":0,"activity":0.0039,"lastBolusTime":0,"time":"2023-12-25T11:11:08.348Z","iobWithZeroTemp":{"iob":-0.064,"basaliob":-0.064,"bolussnooze":0,"activity":0.0014,"lastBolusTime":0,"time":"2023-12-25T11:11:08.348Z"}},{"iob":0.267,"basaliob":0.267,"bolussnooze":0,"activity":0.0037,"lastBolusTime":0,"time":"2023-12-25T11:16:08.348Z","iobWithZeroTemp":{"iob":-0.096,"basaliob":-0.096,"bolussnooze":0,"activity":0.0011,"lastBolusTime":0,"time":"2023-12-25T11:16:08.348Z"}},{"iob":0.249,"basaliob":0.249,"bolussnooze":0,"activity":0.0035,"lastBolusTime":0,"time":"2023-12-25T11:21:08.348Z","iobWithZeroTemp":{"iob":-0.125,"basaliob":-0.125,"bolussnooze":0,"activity":7.0E-4,"lastBolusTime":0,"time":"2023-12-25T11:21:08.348Z"}},{"iob":0.233,"basaliob":0.233,"bolussnooze":0,"activity":0.0033,"lastBolusTime":0,"time":"2023-12-25T11:26:08.348Z","iobWithZeroTemp":{"iob":-0.152,"basaliob":-0.152,"bolussnooze":0,"activity":4.0E-4,"lastBolusTime":0,"time":"2023-12-25T11:26:08.348Z"}},{"iob":0.217,"basaliob":0.217,"bolussnooze":0,"activity":0.0031,"lastBolusTime":0,"time":"2023-12-25T11:31:08.348Z","iobWithZeroTemp":{"iob":-0.178,"basaliob":-0.178,"bolussnooze":0,"activity":1.0E-4,"lastBolusTime":0,"time":"2023-12-25T11:31:08.348Z"}},{"iob":0.201,"basaliob":0.201,"bolussnooze":0,"activity":0.0029,"lastBolusTime":0,"time":"2023-12-25T11:36:08.348Z","iobWithZeroTemp":{"iob":-0.204,"basaliob":-0.204,"bolussnooze":0,"activity":-2.0E-4,"lastBolusTime":0,"time":"2023-12-25T11:36:08.348Z"}},{"iob":0.187,"basaliob":0.187,"bolussnooze":0,"activity":0.0027,"lastBolusTime":0,"time":"2023-12-25T11:41:08.348Z","iobWithZeroTemp":{"iob":-0.227,"basaliob":-0.227,"bolussnooze":0,"activity":-6.0E-4,"lastBolusTime":0,"time":"2023-12-25T11:41:08.348Z"}},{"iob":0.174,"basaliob":0.174,"bolussnooze":0,"activity":0.0026,"lastBolusTime":0,"time":"2023-12-25T11:46:08.348Z","iobWithZeroTemp":{"iob":-0.248,"basaliob":-0.248,"bolussnooze":0,"activity":-8.0E-4,"lastBolusTime":0,"time":"2023-12-25T11:46:08.348Z"}},{"iob":0.161,"basaliob":0.161,"bolussnooze":0,"activity":0.0024,"lastBolusTime":0,"time":"2023-12-25T11:51:08.348Z","iobWithZeroTemp":{"iob":-0.269,"basaliob":-0.269,"bolussnooze":0,"activity":-0.0011,"lastBolusTime":0,"time":"2023-12-25T11:51:08.348Z"}},{"iob":0.15,"basaliob":0.15,"bolussnooze":0,"activity":0.0023,"lastBolusTime":0,"time":"2023-12-25T11:56:08.348Z","iobWithZeroTemp":{"iob":-0.288,"basaliob":-0.288,"bolussnooze":0,"activity":-0.0013,"lastBolusTime":0,"time":"2023-12-25T11:56:08.348Z"}},{"iob":0.139,"basaliob":0.139,"bolussnooze":0,"activity":0.0021,"lastBolusTime":0,"time":"2023-12-25T12:01:08.348Z","iobWithZeroTemp":{"iob":-0.306,"basaliob":-0.306,"bolussnooze":0,"activity":-0.0016,"lastBolusTime":0,"time":"2023-12-25T12:01:08.348Z"}},{"iob":0.129,"basaliob":0.129,"bolussnooze":0,"activity":0.002,"lastBolusTime":0,"time":"2023-12-25T12:06:08.348Z","iobWithZeroTemp":{"iob":-0.322,"basaliob":-0.322,"bolussnooze":0,"activity":-0.0018,"lastBolusTime":0,"time":"2023-12-25T12:06:08.348Z"}},{"iob":0.119,"basaliob":0.119,"bolussnooze":0,"activity":0.0019,"lastBolusTime":0,"time":"2023-12-25T12:11:08.348Z","iobWithZeroTemp":{"iob":-0.338,"basaliob":-0.338,"bolussnooze":0,"activity":-0.002,"lastBolusTime":0,"time":"2023-12-25T12:11:08.348Z"}},{"iob":0.11,"basaliob":0.11,"bolussnooze":0,"activity":0.0017,"lastBolusTime":0,"time":"2023-12-25T12:16:08.348Z","iobWithZeroTemp":{"iob":-0.353,"basaliob":-0.353,"bolussnooze":0,"activity":-0.0022,"lastBolusTime":0,"time":"2023-12-25T12:16:08.348Z"}},{"iob":0.102,"basaliob":0.102,"bolussnooze":0,"activity":0.0016,"lastBolusTime":0,"time":"2023-12-25T12:21:08.348Z","iobWithZeroTemp":{"iob":-0.366,"basaliob":-0.366,"bolussnooze":0,"activity":-0.0024,"lastBolusTime":0,"time":"2023-12-25T12:21:08.348Z"}},{"iob":0.094,"basaliob":0.094,"bolussnooze":0,"activity":0.0015,"lastBolusTime":0,"time":"2023-12-25T12:26:08.348Z","iobWithZeroTemp":{"iob":-0.379,"basaliob":-0.379,"bolussnooze":0,"activity":-0.0026,"lastBolusTime":0,"time":"2023-12-25T12:26:08.348Z"}},{"iob":0.087,"basaliob":0.087,"bolussnooze":0,"activity":0.0014,"lastBolusTime":0,"time":"2023-12-25T12:31:08.348Z","iobWithZeroTemp":{"iob":-0.39,"basaliob":-0.39,"bolussnooze":0,"activity":-0.0027,"lastBolusTime":0,"time":"2023-12-25T12:31:08.348Z"}},{"iob":0.08,"basaliob":0.08,"bolussnooze":0,"activity":0.0013,"lastBolusTime":0,"time":"2023-12-25T12:36:08.348Z","iobWithZeroTemp":{"iob":-0.401,"basaliob":-0.401,"bolussnooze":0,"activity":-0.0029,"lastBolusTime":0,"time":"2023-12-25T12:36:08.348Z"}},{"iob":0.074,"basaliob":0.074,"bolussnooze":0,"activity":0.0012,"lastBolusTime":0,"time":"2023-12-25T12:41:08.348Z","iobWithZeroTemp":{"iob":-0.411,"basaliob":-0.411,"bolussnooze":0,"activity":-0.0031,"lastBolusTime":0,"time":"2023-12-25T12:41:08.348Z"}},{"iob":0.068,"basaliob":0.068,"bolussnooze":0,"activity":0.0011,"lastBolusTime":0,"time":"2023-12-25T12:46:08.348Z","iobWithZeroTemp":{"iob":-0.421,"basaliob":-0.421,"bolussnooze":0,"activity":-0.0032,"lastBolusTime":0,"time":"2023-12-25T12:46:08.348Z"}},{"iob":0.062,"basaliob":0.062,"bolussnooze":0,"activity":0.001,"lastBolusTime":0,"time":"2023-12-25T12:51:08.348Z","iobWithZeroTemp":{"iob":-0.43,"basaliob":-0.43,"bolussnooze":0,"activity":-0.0034,"lastBolusTime":0,"time":"2023-12-25T12:51:08.348Z"}},{"iob":0.057,"basaliob":0.057,"bolussnooze":0,"activity":0.001,"lastBolusTime":0,"time":"2023-12-25T12:56:08.348Z","iobWithZeroTemp":{"iob":-0.438,"basaliob":-0.438,"bolussnooze":0,"activity":-0.0034,"lastBolusTime":0,"time":"2023-12-25T12:56:08.348Z"}},{"iob":0.053,"basaliob":0.053,"bolussnooze":0,"activity":9.0E-4,"lastBolusTime":0,"time":"2023-12-25T13:01:08.348Z","iobWithZeroTemp":{"iob":-0.445,"basaliob":-0.445,"bolussnooze":0,"activity":-0.0036,"lastBolusTime":0,"time":"2023-12-25T13:01:08.348Z"}},{"iob":0.048,"basaliob":0.048,"bolussnooze":0,"activity":8.0E-4,"lastBolusTime":0,"time":"2023-12-25T13:06:08.348Z","iobWithZeroTemp":{"iob":-0.452,"basaliob":-0.452,"bolussnooze":0,"activity":-0.0037,"lastBolusTime":0,"time":"2023-12-25T13:06:08.348Z"}},{"iob":0.044,"basaliob":0.044,"bolussnooze":0,"activity":8.0E-4,"lastBolusTime":0,"time":"2023-12-25T13:11:08.348Z","iobWithZeroTemp":{"iob":-0.459,"basaliob":-0.459,"bolussnooze":0,"activity":-0.0037,"lastBolusTime":0,"time":"2023-12-25T13:11:08.348Z"}},{"iob":0.041,"basaliob":0.041,"bolussnooze":0,"activity":7.0E-4,"lastBolusTime":0,"time":"2023-12-25T13:16:08.348Z","iobWithZeroTemp":{"iob":-0.464,"basaliob":-0.464,"bolussnooze":0,"activity":-0.0039,"lastBolusTime":0,"time":"2023-12-25T13:16:08.348Z"}},{"iob":0.037,"basaliob":0.037,"bolussnooze":0,"activity":7.0E-4,"lastBolusTime":0,"time":"2023-12-25T13:21:08.348Z","iobWithZeroTemp":{"iob":-0.47,"basaliob":-0.47,"bolussnooze":0,"activity":-0.0039,"lastBolusTime":0,"time":"2023-12-25T13:21:08.348Z"}},{"iob":0.034,"basaliob":0.034,"bolussnooze":0,"activity":6.0E-4,"lastBolusTime":0,"time":"2023-12-25T13:26:08.348Z","iobWithZeroTemp":{"iob":-0.475,"basaliob":-0.475,"bolussnooze":0,"activity":-0.004,"lastBolusTime":0,"time":"2023-12-25T13:26:08.348Z"}},{"iob":0.031,"basaliob":0.031,"bolussnooze":0,"activity":6.0E-4,"lastBolusTime":0,"time":"2023-12-25T13:31:08.348Z","iobWithZeroTemp":{"iob":-0.48,"basaliob":-0.48,"bolussnooze":0,"activity":-0.0041,"lastBolusTime":0,"time":"2023-12-25T13:31:08.348Z"}},{"iob":0.029,"basaliob":0.029,"bolussnooze":0,"activity":5.0E-4,"lastBolusTime":0,"time":"2023-12-25T13:36:08.348Z","iobWithZeroTemp":{"iob":-0.483,"basaliob":-0.483,"bolussnooze":0,"activity":-0.0042,"lastBolusTime":0,"time":"2023-12-25T13:36:08.348Z"}}],"profile":{"max_iob":4,"type":"current","max_daily_basal":0.5,"max_basal":1.2,"min_bg":100.8,"max_bg":100.8,"target_bg":100.8,"carb_ratio":30,"sens":126,"max_daily_safety_multiplier":3,"current_basal_safety_multiplier":4,"high_temptarget_raises_sensitivity":false,"low_temptarget_lowers_sensitivity":false,"sensitivity_raises_target":true,"resistance_lowers_target":true,"adv_target_adjustments":false,"exercise_mode":false,"half_basal_exercise_target":160,"maxCOB":120,"skip_neutral_temps":false,"remainingCarbsCap":90,"enableUAM":true,"A52_risk_enable":false,"SMBInterval":3,"enableSMB_with_COB":true,"enableSMB_with_temptarget":true,"allowSMB_with_high_temptarget":false,"enableSMB_always":false,"enableSMB_after_carbs":false,"maxSMBBasalMinutes":75,"maxUAMSMBBasalMinutes":75,"bolus_increment":0.05,"carbsReqThreshold":10,"current_basal":0.3,"temptargetSet":false,"autosens_max":1.2,"out_units":"mmol\/L"},"autosens_data":{"ratio":1},"meal_data":{"carbs":0,"mealCOB":0,"slopeFromMaxDeviation":-1.1405454545454545,"slopeFromMinDeviation":0,"lastBolusTime":1703430368291,"lastCarbTime":0},"microBolusAllowed":true,"currentTime":1703497269923,"flatBGsDetected":false},"output":{"temp":"absolute","bg":175,"tick":-11,"eventualBG":84,"targetBG":100.8,"insulinReq":0,"deliverAt":"2023-12-25T09:41:09.923Z","sensitivityRatio":1,"predBGs":{"IOB":[175,164,154,144,135,127,119,112,106,100,95,91,88,85,81,78,75,73,70,68,65,63,61,59,57,56,54,52,51,50,48,47,46,45,44,43,43,42,41,40,40,39],"ZT":[175,171,167,163,159,155,151,148,144,141,138,135,132,130,128,126,125,123,122,121,121,120,120,120,120,120,121,121]},"COB":0,"IOB":0.79,"reason":"COB: 0, Dev: 0.5, BGI: -0.2, ISF: 7.0, CR: 30, Target: 5.6, minPredBG 4.4, minGuardBG 2.0, IOBpredBG 2.2; minGuardBG 2.0<3.9","duration":90,"rate":0,"timestamp":"2023-12-25T09:41:09.970Z"}}