{"algorithm":"OpenAPSSMBPlugin","input":{"glucoseStatus":{"glucose":73,"noise":0,"delta":-4.33,"short_avgdelta":-4.61,"long_avgdelta":-2.79,"date":1703469915271},"currenttemp":{"temp":"absolute","duration":50,"rate":0,"minutesrunning":10},"iob_data":[{"iob":-0.125,"basaliob":-0.125,"bolussnooze":0,"activity":-2.0E-4,"lastBolusTime":0,"time":"2023-12-25T02:06:07.913Z","iobWithZeroTemp":{"iob":-0.125,"basaliob":-0.125,"bolussnooze":0,"activity":-2.0E-4,"lastBolusTime":0,"time":"2023-12-25T02:06:07.913Z"}},{"iob":-0.124,"basaliob":-0.124,"bolussnooze":0,"activity":-4.0E-4,"lastBolusTime":0,"time":"2023-12-25T02:11:07.913Z","iobWithZeroTemp":{"iob":-0.141,"basaliob":-0.141,"bolussnooze":0,"activity":-4.0E-4,"lastBolusTime":0,"time":"2023-12-25T02:11:07.913Z"}},{"iob":-0.121,"basaliob":-0.121,"bolussnooze":0,"activity":-5.0E-4,"lastBolusTime":0,"time":"2023-12-25T02:16:07.913Z","iobWithZeroTemp":{"iob":-0.158,"basaliob":-0.158,"bolussnooze":0,"activity":-6.0E-4,"lastBolusTime":0,"time":"2023-12-25T02:16:07.913Z"}},{"iob":-0.119,"basaliob":-0.119,"bolussnooze":0,"activity":-6.0E-4,"lastBolusTime":0,"time":"2023-12-25T02:21:07.913Z","iobWithZeroTemp":{"iob":-0.177,"basaliob":-0.177,"bolussnooze":0,"activity":-7.0E-4,"lastBolusTime":0,"time":"2023-12-25T02:21:07.913Z"}},{"iob":-0.116,"basaliob":-0.116,"bolussnooze":0,"activity":-7.0E-4,"lastBolusTime":0,"time":"2023-12-25T02:26:07.913Z","iobWithZeroTemp":{"iob":-0.194,"basaliob":-0.194,"bolussnooze":0,"activity":-9.0E-4,"lastBolusTime":0,"time":"2023-12-25T02:26:07.913Z"}},{"iob":-0.112,"basaliob":-0.112,"bolussnooze":0,"activity":-7.0E-4,"lastBolusTime":0,"time":"2023-12-25T02:31:07.913Z","iobWithZeroTemp":{"iob":-0.209,"basaliob":-0.209,"bolussnooze":0,"activity":-0.001,"lastBolusTime":0,"time":"2023-12-25T02:31:07.913Z"}},{"iob":-0.108,"basaliob":-0.108,"bolussnooze":0,"activity":-8.0E-4,"lastBolusTime":0,"time":"2023-12-25T02:36:07.913Z","iobWithZeroTemp":{"iob":-0.224,"basaliob":-0.224,"bolussnooze":0,"activity":-0.0012,"lastBolusTime":0,"time":"2023-12-25T02:36:07.913Z"}},{"iob":-0.104,"basaliob":-0.104,"bolussnooze":0,"activity":-8.0E-4,"lastBolusTime":0,"time":"2023-12-25T02:41:07.913Z","iobWithZeroTemp":{"iob":-0.239,"basaliob":-0.239,"bolussnooze":0,"activity":-0.0013,"lastBolusTime":0,"time":"2023-12-25T02:41:07.913Z"}},{"iob":-0.1,"basaliob":-0.1,"bolussnooze":0,"activity":-8.0E-4,"lastBolusTime":0,"time":"2023-12-25T02:46:07.913Z","iobWithZeroTemp":{"iob":-0.253,"basaliob":-0.253,"bolussnooze":0,"activity":-0.0015,"lastBolusTime":0,"time":"2023-12-25T02:46:07.913Z"}},{"iob":-0.096,"basaliob":-0.096,"bolussnooze":0,"activity":-8.0E-4,"lastBolusTime":0,"time":"2023-12-25T02:51:07.913Z","iobWithZeroTemp":{"iob":-0.266,"basaliob":-0.266,"bolussnooze":0,"activity":-0.0016,"lastBolusTime":0,"time":"2023-12-25T02:51:07.913Z"}},{"iob":-0.092,"basaliob":-0.092,"bolussnooze":0,"activity":-9.0E-4,"lastBolusTime":0,"time":"2023-12-25T02:56:07.913Z","iobWithZeroTemp":{"iob":-0.278,"basaliob":-0.278,"bolussnooze":0,"activity":-0.0019,"lastBolusTime":0,"time":"2023-12-25T02:56:07.913Z"}},{"iob":-0.087,"basaliob":-0.087,"bolussnooze":0,"activity":-8.0E-4,"lastBolusTime":0,"time":"2023-12-25T03:01:07.913Z","iobWithZeroTemp":{"iob":-0.289,"basaliob":-0.289,"bolussnooze":0,"activity":-0.0019,"lastBolusTime":0,"time":"2023-12-25T03:01:07.913Z"}},{"iob":-0.083,"basaliob":-0.083,"bolussnooze":0,"activity":-8.0E-4,"lastBolusTime":0,"time":"2023-12-25T03:06:07.913Z","iobWithZeroTemp":{"iob":-0.3,"basaliob":-0.3,"bolussnooze":0,"activity":-0.002,"lastBolusTime":0,"time":"2023-12-25T03:06:07.913Z"}},{"iob":-0.079,"basaliob":-0.079,"bolussnooze":0,"activity":-8.0E-4,"lastBolusTime":0,"time":"2023-12-25T03:11:07.913Z","iobWithZeroTemp":{"iob":-0.31,"basaliob":-0.31,"bolussnooze":0,"activity":-0.0022,"lastBolusTime":0,"time":"2023-12-25T03:11:07.913Z"}},{"iob":-0.075,"basaliob":-0.075,"bolussnooze":0,"activity":-8.0E-4,"lastBolusTime":0,"time":"2023-12-25T03:16:07.913Z","iobWithZeroTemp":{"iob":-0.32,"basaliob":-0.32,"bolussnooze":0,"activity":-0.0023,"lastBolusTime":0,"time":"2023-12-25T03:16:07.913Z"}},{"iob":-0.071,"basaliob":-0.071,"bolussnooze":0,"activity":-8.0E-4,"lastBolusTime":0,"time":"2023-12-25T03:21:07.913Z","iobWithZeroTemp":{"iob":-0.328,"basaliob":-0.328,"bolussnooze":0,"activity":-0.0025,"lastBolusTime":0,"time":"2023-12-25T03:21:07.913Z"}},{"iob":-0.067,"basaliob":-0.067,"bolussnooze":0,"activity":-8.0E-4,"lastBolusTime":0,"time":"2023-12-25T03:26:07.913Z","iobWithZeroTemp":{"iob":-0.337,"basaliob":-0.337,"bolussnooze":0,"activity":-0.0026,"lastBolusTime":0,"time":"2023-12-25T03:26:07.913Z"}},{"iob":-0.063,"basaliob":-0.063,"bolussnooze":0,"activity":-7.0E-4,"lastBolusTime":0,"time":"2023-12-25T03:31:07.913Z","iobWithZeroTemp":{"iob":-0.344,"basaliob":-0.344,"bolussnooze":0,"activity":-0.0026,"lastBolusTime":0,"time":"2023-12-25T03:31:07.913Z"}},{"iob":-0.06,"basaliob":-0.06,"bolussnooze":0,"activity":-7.0E-4,"lastBolusTime":0,"time":"2023-12-25T03:36:07.913Z","iobWithZeroTemp":{"iob":-0.352,"basaliob":-0.352,"bolussnooze":0,"activity":-0.0028,"lastBolusTime":0,"time":"2023-12-25T03:36:07.913Z"}},{"iob":-0.056,"basaliob":-0.056,"bolussnooze":0,"activity":-7.0E-4,"lastBolusTime":0,"time":"2023-12-25T03:41:07.913Z","iobWithZeroTemp":{"iob":-0.358,"basaliob":-0.358,"bolussnooze":0,"activity":-0.0029,"lastBolusTime":0,"time":"2023-12-25T03:41:07.913Z"}},{"iob":-0.053,"basaliob":-0.053,"bolussnooze":0,"activity":-7.0E-4,"lastBolusTime":0,"time":"2023-12-25T03:46:07.913Z","iobWithZeroTemp":{"iob":-0.365,"basaliob":-0.365,"bolussnooze":0,"activity":-0.003,"lastBolusTime":0,"time":"2023-12-25T03:46:07.913Z"}},{"iob":-0.05,"basaliob":-0.05,"bolussnooze":0,"activity":-6.0E-4,"lastBolusTime":0,"time":"2023-12-25T03:51:07.913Z","iobWithZeroTemp":{"iob":-0.371,"basaliob":-0.371,"bolussnooze":0,"activity":-0.003,"lastBolusTime":0,"time":"2023-12-25T03:51:07.913Z"}},{"iob":-0.047,"basaliob":-0.047,"bolussnooze":0,"activity":-6.0E-4,"lastBolusTime":0,"time":"2023-12-25T03:56:07.913Z","iobWithZeroTemp":{"iob":-0.377,"basaliob":-0.377,"bolussnooze":0,"activity":-0.0031,"lastBolusTime":0,"time":"2023-12-25T03:56:07.913Z"}},{"iob":-0.044,"basaliob":-0.044,"bolussnooze":0,"activity":-6.0E-4,"lastBolusTime":0,"time":"2023-12-25T04:01:07.913Z","iobWithZeroTemp":{"iob":-0.382,"basaliob":-0.382,"bolussnooze":0,"activity":-0.0032,"lastBolusTime":0,"time":"2023-12-25T04:01:07.913Z"}},{"iob":-0.041,"basaliob":-0.041,"bolussnooze":0,"activity":-5.0E-4,"lastBolusTime":0,"time":"2023-12-25T04:06:07.913Z","iobWithZeroTemp":{"iob":-0.386,"basaliob":-0.386,"bolussnooze":0,"activity":-0.0032,"lastBolusTime":0,"time":"2023-12-25T04:06:07.913Z"}},{"iob":-0.038,"basaliob":-0.038,"bolussnooze":0,"activity":-5.0E-4,"lastBolusTime":0,"time":"2023-12-25T04:11:07.913Z","iobWithZeroTemp":{"iob":-0.39,"basaliob":-0.39,"bolussnooze":0,"activity":-0.0033,"lastBolusTime":0,"time":"2023-12-25T04:11:07.913Z"}},{"iob":-0.036,"basaliob":-0.036,"bolussnooze":0,"activity":-5.0E-4,"lastBolusTime":0,"time":"2023-12-25T04:16:07.913Z","iobWithZeroTemp":{"iob":-0.395,"basaliob":-0.395,"bolussnooze":0,"activity":-0.0034,"lastBolusTime":0,"time":"2023-12-25T04:16:07.913Z"}},{"iob":-0.033,"basaliob":-0.033,"bolussnooze":0,"activity":-5.0E-4,"lastBolusTime":0,"time":"2023-12-25T04:21:07.913Z","iobWithZeroTemp":{"iob":-0.398,"basaliob":-0.398,"bolussnooze":0,"activity":-0.0035,"lastBolusTime":0,"time":"2023-12-25T04:21:07.913Z"}},{"iob":-0.031,"basaliob":-0.031,"bolussnooze":0,"activity":-4.0E-4,"lastBolusTime":0,"time":"2023-12-25T04:26:07.913Z","iobWithZeroTemp":{"iob":-0.401,"basaliob":-0.401,"bolussnooze":0,"activity":-0.0035,"lastBolusTime":0,"time":"2023-12-25T04:26:07.913Z"}},{"iob":-0.029,"basaliob":-0.029,"bolussnooze":0,"activity":-4.0E-4,"lastBolusTime":0,"time":"2023-12-25T04:31:07.913Z","iobWithZeroTemp":{"iob":-0.405,"basaliob":-0.405,"bolussnooze":0,"activity":-0.0035,"lastBolusTime":0,"time":"2023-12-25T04:31:07.913Z"}},{"iob":-0.027,"basaliob":-0.027,"bolussnooze":0,"activity":-4.0E-4,"lastBolusTime":0,"time":"2023-12-25T04:36:07.913Z","iobWithZeroTemp":{"iob":-0.408,"basaliob":-0.408,"bolussnooze":0,"activity":-0.0036,"lastBolusTime":0,"time":"2023-12-25T04:36:07.913Z"}},{"iob":-0.025,"basaliob":-0.025,"bolussnooze":0,"activity":-4.0E-4,"lastBolusTime":0,"time":"2023-12-25T04:41:07.913Z","iobWithZeroTemp":{"iob":-0.41,"basaliob":-0.41,"bolussnooze":0,"activity":-0.0037,"lastBolusTime":0,"time":"2023-12-25T04:41:07.913Z"}},{"iob":-0.023,"basaliob":-0.023,"bolussnooze":0,"activity":-3.0E-4,"lastBolusTime":0,"time":"2023-12-25T04:46:07.913Z","iobWithZeroTemp":{"iob":-0.413,"basaliob":-0.413,"bolussnooze":0,"activity":-0.0036,"lastBolusTime":0,"time":"2023-12-25T04:46:07.913Z"}},{"iob":-0.022,"basaliob":-0.022,"bolussnooze":0,"activity":-3.0E-4,"lastBolusTime":0,"time":"2023-12-25T04:51:07.913Z","iobWithZeroTemp":{"iob":-0.416,"basaliob":-0.416,"bolussnooze":0,"activity":-0.0037,"lastBolusTime":0,"time":"2023-12-25T04:51:07.913Z"}},{"iob":-0.02,"basaliob":-0.02,"bolussnooze":0,"activity":-3.0E-4,"lastBolusTime":0,"time":"2023-12-25T04:56:07.913Z","iobWithZeroTemp":{"iob":-0.417,"basaliob":-0.417,"bolussnooze":0,"activity":-0.0038,"lastBolusTime":0,"time":"2023-12-25T04:56:07.913Z"}},{"iob":-0.019,"basaliob":-0.019,"bolussnooze":0,"activity":-3.0E-4,"lastBolusTime":0,"time":"2023-12-25T05:01:07.913Z","iobWithZeroTemp":{"iob":-0.42,"basaliob":-0.42,"bolussnooze":0,"activity":-0.0038,"lastBolusTime":0,"time":"2023-12-25T05:01:07.913Z"}},{"iob":-0.017,"basaliob":-0.017,"bolussnooze":0,"activity":-3.0E-4,"lastBolusTime":0,"time":"2023-12-25T05:06:07.913Z","iobWithZeroTemp":{"iob":-0.425,"basaliob":-0.425,"bolussnooze":0,"activity":-0.0039,"lastBolusTime":0,"time":"2023-12-25T05:06:07.913Z"}},{"iob":-0.016,"basaliob":-0.016,"bolussnooze":0,"activity":-2.0E-4,"lastBolusTime":0,"time":"2023-12-25T05:11:07.913Z","iobWithZeroTemp":{"iob":-0.431,"basaliob":-0.431,"bolussnooze":0,"activity":-0.0038,"lastBolusTime":0,"time":"2023-12-25T05:11:07.913Z"}},{"iob":-0.015,"basaliob":-0.015,"bolussnooze":0,"activity":-2.0E-4,"lastBolusTime":0,"time":"2023-12-25T05:16:07.913Z","iobWithZeroTemp":{"iob":-0.437,"basaliob":-0.437,"bolussnooze":0,"activity":-0.0039,"lastBolusTime":0,"time":"2023-12-25T05:16:07.913Z"}},{"iob":-0.014,"basaliob":-0.014,"bolussnooze":0,"activity":-2.0E-4,"lastBolusTime":0,"time":"2023-12-25T05:21:07.913Z","iobWithZeroTemp":{"iob":-0.443,"basaliob":-0.443,"bolussnooze":0,"activity":-0.0039,"lastBolusTime":0,"time":"2023-12-25T05:21:07.913Z"}},{"iob":-0.013,"basaliob":-0.013,"bolussnooze":0,"activity":-2.0E-4,"lastBolusTime":0,"time":"2023-12-25T05:26:07.913Z","iobWithZeroTemp":{"iob":-0.448,"basaliob":-0.448,"bolussnooze":0,"activity":-0.004,"lastBolusTime":0,"time":"2023-12-25T05:26:07.913Z"}},{"iob":-0.012,"basaliob":-0.012,"bolussnooze":0,"activity":-2.0E-4,"lastBolusTime":0,"time":"2023-12-25T05:31:07.913Z","iobWithZeroTemp":{"iob":-0.453,"basaliob":-0.453,"bolussnooze":0,"activity":-0.004,"lastBolusTime":0,"time":"2023-12-25T05:31:07.913Z"}},{"iob":-0.011,"basaliob":-0.011,"bolussnooze":0,"activity":-2.0E-4,"lastBolusTime":0,"time":"2023-12-25T05:36:07.913Z","iobWithZeroTemp":{"iob":-0.457,"basaliob":-0.457,"bolussnooze":0,"activity":-0.0041,"lastBolusTime":0,"time":"2023-12-25T05:36:07.913Z"}},{"iob":-0.01,"basaliob":-0.01,"bolussnooze":0,"activity":-2.0E-4,"lastBolusTime":0,"time":"2023-12-25T05:41:07.913Z","iobWithZeroTemp":{"iob":-0.462,"basaliob":-0.462,"bolussnooze":0,"activity":-0.0042,"lastBolusTime":0,"time":"2023-12-25T05:41:07.913Z"}},{"iob":-0.009,"basaliob":-0.009,"bolussnooze":0,"activity":-2.0E-4,"lastBolusTime":0,"time":"2023-12-25T05:46:07.913Z","iobWithZeroTemp":{"iob":-0.466,"basaliob":-0.466,"bolussnooze":0,"activity":-0.0042,"lastBolusTime":0,"time":"2023-12-25T05:46:07.913Z"}},{"iob":-0.008,"basaliob":-0.008,"bolussnooze":0,"activity":-1.0E-4,"lastBolusTime":0,"time":"2023-12-25T05:51:07.913Z","iobWithZeroTemp":{"iob":-0.47,"basaliob":-0.47,"bolussnooze":0,"activity":-0.0042,"lastBolusTime":0,"time":"2023-12-25T05:51:07.913Z"}},{"iob":-0.008,"basaliob":-0.008,"bolussnooze":0,"activity":-1.0E-4,"lastBolusTime":0,"time":"2023-12-25T05:56:07.913Z","iobWithZeroTemp":{"iob":-0.474,"basaliob":-0.474,"bolussnooze":0,"activity":-0.0042,"lastBolusTime":0,"time":"2023-12-25T05:56:07.913Z"}},{"iob":-0.007,"basaliob":-0.007,"bolussnooze":0,"activity":-1.0E-4,"lastBolusTime":0,"time":"2023-12-25T06:01:07.913Z","iobWithZeroTemp":{"iob":-0.478,"basaliob":-0.478,"bolussnooze":0,"activity":-0.0043,"lastBolusTime":0,"time":"2023-12-25T06:01:07.913Z"}}],"profile":{"max_iob":4,"type":"current","max_daily_basal":0.5,"max_basal":1,"min_bg":99,"max_bg":99,"target_bg":99,"carb_ratio":25,"sens":142.20000000000002,"max_daily_safety_multiplier":3,"current_basal_safety_multiplier":4,"high_temptarget_raises_sensitivity":false,"low_temptarget_lowers_sensitivity":false,"sensitivity_raises_target":true,"resistance_lowers_target":true,"adv_target_adjustments":false,"exercise_mode":false,"half_basal_exercise_target":160,"maxCOB":120,"skip_neutral_temps":false,"remainingCarbsCap":90,"enableUAM":true,"A52_risk_enable":false,"SMBInterval":3,"enableSMB_with_COB":true,"enableSMB_with_temptarget":true,"allowSMB_with_high_temptarget":false,"enableSMB_always":false,"enableSMB_after_carbs":false,"maxSMBBasalMinutes":75,"maxUAMSMBBasalMinutes":75,"bolus_increment":0.05,"carbsReqThreshold":10,"current_basal":0.25,"temptargetSet":false,"autosens_max":1.2,"out_units":"mmol\/L"},"autosens_data":{"ratio":1},"meal_data":{"carbs":0,"mealCOB":0,"slopeFromMaxDeviation":-1.9703333333333335,"slopeFromMinDeviation":0,"lastBolusTime":1703430368291,"lastCarbTime":0},"microBolusAllowed":true,"currentTime":1703469969137,"flatBGsDetected":false},"output":{"temp":"absolute","bg":73,"tick":-4,"eventualBG":73,"targetBG":99,"insulinReq":0,"deliverAt":"2023-12-25T02:06:09.137Z","sensitivityRatio":1,"predBGs":{"IOB":[73,69,65,62,59,57,55,54,53,52,52,52,53,53,54,55,55,56,56,57,57,58,58,59,59,59,60,60,60,61,61,61,62,62,62,62,62,63,63,63,63,63,63,63,64],"ZT":[73,73,73,74,74,75,76,77,77,79,80,81,82,84,85,87,89,91,92,94,97,99]},"COB":0,"IOB":-0.125,"reason":"COB: 0, Dev: -1.0, BGI: 0.0, ISF: 7.9, CR: 25, Target: 5.5, minPredBG 3.4, minGuardBG 2.9, IOBpredBG 3.6; minGuardBG 2.9<3.9","duration":90,"rate":0,"timestamp":"2023-12-25T02:06:09.158Z"}}