{"algorithm":"OpenAPSSMBPlugin","input":{"glucoseStatus":{"glucose":90,"noise":0,"delta":3,"short_avgdelta":2.93,"long_avgdelta":0.49,"date":1703490315586},"currenttemp":{"temp":"absolute","duration":0,"rate":0},"iob_data":[{"iob":-0.066,"basaliob":-0.066,"bolussnooze":0,"activity":2.0E-4,"lastBolusTime":0,"time":"2023-12-25T07:46:08.213Z","iobWithZeroTemp":{"iob":-0.066,"basaliob":-0.066,"bolussnooze":0,"activity":2.0E-4,"lastBolusTime":0,"time":"2023-12-25T07:46:08.213Z"}},{"iob":-0.067,"basaliob":-0.067,"bolussnooze":0,"activity":0,"lastBolusTime":0,"time":"2023-12-25T07:51:08.213Z","iobWithZeroTemp":{"iob":-0.086,"basaliob":-0.086,"bolussnooze":0,"activity":0,"lastBolusTime":0,"time":"2023-12-25T07:51:08.213Z"}},{"iob":-0.067,"basaliob":-0.067,"bolussnooze":0,"activity":-1.0E-4,"lastBolusTime":0,"time":"2023-12-25T07:56:08.213Z","iobWithZeroTemp":{"iob":-0.109,"basaliob":-0.109,"bolussnooze":0,"activity":-2.0E-4,"lastBolusTime":0,"time":"2023-12-25T07:56:08.213Z"}},{"iob":-0.066,"basaliob":-0.066,"bolussnooze":0,"activity":-2.0E-4,"lastBolusTime":0,"time":"2023-12-25T08:01:08.213Z","iobWithZeroTemp":{"iob":-0.13,"basaliob":-0.13,"bolussnooze":0,"activity":-3.0E-4,"lastBolusTime":0,"time":"2023-12-25T08:01:08.213Z"}},{"iob":-0.065,"basaliob":-0.065,"bolussnooze":0,"activity":-2.0E-4,"lastBolusTime":0,"time":"2023-12-25T08:06:08.213Z","iobWithZeroTemp":{"iob":-0.152,"basaliob":-0.152,"bolussnooze":0,"activity":-4.0E-4,"lastBolusTime":0,"time":"2023-12-25T08:06:08.213Z"}},{"iob":-0.064,"basaliob":-0.064,"bolussnooze":0,"activity":-3.0E-4,"lastBolusTime":0,"time":"2023-12-25T08:11:08.213Z","iobWithZeroTemp":{"iob":-0.173,"basaliob":-0.173,"bolussnooze":0,"activity":-6.0E-4,"lastBolusTime":0,"time":"2023-12-25T08:11:08.213Z"}},{"iob":-0.062,"basaliob":-0.062,"bolussnooze":0,"activity":-3.0E-4,"lastBolusTime":0,"time":"2023-12-25T08:16:08.213Z","iobWithZeroTemp":{"iob":-0.192,"basaliob":-0.192,"bolussnooze":0,"activity":-8.0E-4,"lastBolusTime":0,"time":"2023-12-25T08:16:08.213Z"}},{"iob":-0.06,"basaliob":-0.06,"bolussnooze":0,"activity":-4.0E-4,"lastBolusTime":0,"time":"2023-12-25T08:21:08.213Z","iobWithZeroTemp":{"iob":-0.21,"basaliob":-0.21,"bolussnooze":0,"activity":-0.001,"lastBolusTime":0,"time":"2023-12-25T08:21:08.213Z"}},{"iob":-0.058,"basaliob":-0.058,"bolussnooze":0,"activity":-4.0E-4,"lastBolusTime":0,"time":"2023-12-25T08:26:08.213Z","iobWithZeroTemp":{"iob":-0.228,"basaliob":-0.228,"bolussnooze":0,"activity":-0.0012,"lastBolusTime":0,"time":"2023-12-25T08:26:08.213Z"}},{"iob":-0.056,"basaliob":-0.056,"bolussnooze":0,"activity":-4.0E-4,"lastBolusTime":0,"time":"2023-12-25T08:31:08.213Z","iobWithZeroTemp":{"iob":-0.245,"basaliob":-0.245,"bolussnooze":0,"activity":-0.0013,"lastBolusTime":0,"time":"2023-12-25T08:31:08.213Z"}},{"iob":-0.054,"basaliob":-0.054,"bolussnooze":0,"activity":-4.0E-4,"lastBolusTime":0,"time":"2023-12-25T08:36:08.213Z","iobWithZeroTemp":{"iob":-0.262,"basaliob":-0.262,"bolussnooze":0,"activity":-0.0015,"lastBolusTime":0,"time":"2023-12-25T08:36:08.213Z"}},{"iob":-0.052,"basaliob":-0.052,"bolussnooze":0,"activity":-5.0E-4,"lastBolusTime":0,"time":"2023-12-25T08:41:08.213Z","iobWithZeroTemp":{"iob":-0.277,"basaliob":-0.277,"bolussnooze":0,"activity":-0.0017,"lastBolusTime":0,"time":"2023-12-25T08:41:08.213Z"}},{"iob":-0.05,"basaliob":-0.05,"bolussnooze":0,"activity":-5.0E-4,"lastBolusTime":0,"time":"2023-12-25T08:46:08.213Z","iobWithZeroTemp":{"iob":-0.292,"basaliob":-0.292,"bolussnooze":0,"activity":-0.0019,"lastBolusTime":0,"time":"2023-12-25T08:46:08.213Z"}},{"iob":-0.047,"basaliob":-0.047,"bolussnooze":0,"activity":-5.0E-4,"lastBolusTime":0,"time":"2023-12-25T08:51:08.213Z","iobWithZeroTemp":{"iob":-0.305,"basaliob":-0.305,"bolussnooze":0,"activity":-0.002,"lastBolusTime":0,"time":"2023-12-25T08:51:08.213Z"}},{"iob":-0.045,"basaliob":-0.045,"bolussnooze":0,"activity":-5.0E-4,"lastBolusTime":0,"time":"2023-12-25T08:56:08.213Z","iobWithZeroTemp":{"iob":-0.318,"basaliob":-0.318,"bolussnooze":0,"activity":-0.0022,"lastBolusTime":0,"time":"2023-12-25T08:56:08.213Z"}},{"iob":-0.043,"basaliob":-0.043,"bolussnooze":0,"activity":-4.0E-4,"lastBolusTime":0,"time":"2023-12-25T09:01:08.213Z","iobWithZeroTemp":{"iob":-0.33,"basaliob":-0.33,"bolussnooze":0,"activity":-0.0023,"lastBolusTime":0,"time":"2023-12-25T09:01:08.213Z"}},{"iob":-0.041,"basaliob":-0.041,"bolussnooze":0,"activity":-4.0E-4,"lastBolusTime":0,"time":"2023-12-25T09:06:08.213Z","iobWithZeroTemp":{"iob":-0.342,"basaliob":-0.342,"bolussnooze":0,"activity":-0.0024,"lastBolusTime":0,"time":"2023-12-25T09:06:08.213Z"}},{"iob":-0.038,"basaliob":-0.038,"bolussnooze":0,"activity":-4.0E-4,"lastBolusTime":0,"time":"2023-12-25T09:11:08.213Z","iobWithZeroTemp":{"iob":-0.352,"basaliob":-0.352,"bolussnooze":0,"activity":-0.0026,"lastBolusTime":0,"time":"2023-12-25T09:11:08.213Z"}},{"iob":-0.036,"basaliob":-0.036,"bolussnooze":0,"activity":-4.0E-4,"lastBolusTime":0,"time":"2023-12-25T09:16:08.213Z","iobWithZeroTemp":{"iob":-0.362,"basaliob":-0.362,"bolussnooze":0,"activity":-0.0027,"lastBolusTime":0,"time":"2023-12-25T09:16:08.213Z"}},{"iob":-0.034,"basaliob":-0.034,"bolussnooze":0,"activity":-4.0E-4,"lastBolusTime":0,"time":"2023-12-25T09:21:08.213Z","iobWithZeroTemp":{"iob":-0.371,"basaliob":-0.371,"bolussnooze":0,"activity":-0.0028,"lastBolusTime":0,"time":"2023-12-25T09:21:08.213Z"}},{"iob":-0.032,"basaliob":-0.032,"bolussnooze":0,"activity":-4.0E-4,"lastBolusTime":0,"time":"2023-12-25T09:26:08.213Z","iobWithZeroTemp":{"iob":-0.38,"basaliob":-0.38,"bolussnooze":0,"activity":-0.003,"lastBolusTime":0,"time":"2023-12-25T09:26:08.213Z"}},{"iob":-0.031,"basaliob":-0.031,"bolussnooze":0,"activity":-4.0E-4,"lastBolusTime":0,"time":"2023-12-25T09:31:08.213Z","iobWithZeroTemp":{"iob":-0.389,"basaliob":-0.389,"bolussnooze":0,"activity":-0.0031,"lastBolusTime":0,"time":"2023-12-25T09:31:08.213Z"}},{"iob":-0.029,"basaliob":-0.029,"bolussnooze":0,"activity":-4.0E-4,"lastBolusTime":0,"time":"2023-12-25T09:36:08.213Z","iobWithZeroTemp":{"iob":-0.397,"basaliob":-0.397,"bolussnooze":0,"activity":-0.0032,"lastBolusTime":0,"time":"2023-12-25T09:36:08.213Z"}},{"iob":-0.027,"basaliob":-0.027,"bolussnooze":0,"activity":-3.0E-4,"lastBolusTime":0,"time":"2023-12-25T09:41:08.213Z","iobWithZeroTemp":{"iob":-0.404,"basaliob":-0.404,"bolussnooze":0,"activity":-0.0032,"lastBolusTime":0,"time":"2023-12-25T09:41:08.213Z"}},{"iob":-0.025,"basaliob":-0.025,"bolussnooze":0,"activity":-3.0E-4,"lastBolusTime":0,"time":"2023-12-25T09:46:08.213Z","iobWithZeroTemp":{"iob":-0.41,"basaliob":-0.41,"bolussnooze":0,"activity":-0.0033,"lastBolusTime":0,"time":"2023-12-25T09:46:08.213Z"}},{"iob":-0.024,"basaliob":-0.024,"bolussnooze":0,"activity":-3.0E-4,"lastBolusTime":0,"time":"2023-12-25T09:51:08.213Z","iobWithZeroTemp":{"iob":-0.417,"basaliob":-0.417,"bolussnooze":0,"activity":-0.0034,"lastBolusTime":0,"time":"2023-12-25T09:51:08.213Z"}},{"iob":-0.022,"basaliob":-0.022,"bolussnooze":0,"activity":-3.0E-4,"lastBolusTime":0,"time":"2023-12-25T09:56:08.213Z","iobWithZeroTemp":{"iob":-0.422,"basaliob":-0.422,"bolussnooze":0,"activity":-0.0035,"lastBolusTime":0,"time":"2023-12-25T09:56:08.213Z"}},{"iob":-0.021,"basaliob":-0.021,"bolussnooze":0,"activity":-3.0E-4,"lastBolusTime":0,"time":"2023-12-25T10:01:08.213Z","iobWithZeroTemp":{"iob":-0.428,"basaliob":-0.428,"bolussnooze":0,"activity":-0.0036,"lastBolusTime":0,"time":"2023-12-25T10:01:08.213Z"}},{"iob":-0.019,"basaliob":-0.019,"bolussnooze":0,"activity":-3.0E-4,"lastBolusTime":0,"time":"2023-12-25T10:06:08.213Z","iobWithZeroTemp":{"iob":-0.432,"basaliob":-0.432,"bolussnooze":0,"activity":-0.0037,"lastBolusTime":0,"time":"2023-12-25T10:06:08.213Z"}},{"iob":-0.018,"basaliob":-0.018,"bolussnooze":0,"activity":-2.0E-4,"lastBolusTime":0,"time":"2023-12-25T10:11:08.213Z","iobWithZeroTemp":{"iob":-0.437,"basaliob":-0.437,"bolussnooze":0,"activity":-0.0037,"lastBolusTime":0,"time":"2023-12-25T10:11:08.213Z"}},{"iob":-0.017,"basaliob":-0.017,"bolussnooze":0,"activity":-2.0E-4,"lastBolusTime":0,"time":"2023-12-25T10:16:08.213Z","iobWithZeroTemp":{"iob":-0.442,"basaliob":-0.442,"bolussnooze":0,"activity":-0.0038,"lastBolusTime":0,"time":"2023-12-25T10:16:08.213Z"}},{"iob":-0.016,"basaliob":-0.016,"bolussnooze":0,"activity":-2.0E-4,"lastBolusTime":0,"time":"2023-12-25T10:21:08.213Z","iobWithZeroTemp":{"iob":-0.446,"basaliob":-0.446,"bolussnooze":0,"activity":-0.0039,"lastBolusTime":0,"time":"2023-12-25T10:21:08.213Z"}},{"iob":-0.015,"basaliob":-0.015,"bolussnooze":0,"activity":-2.0E-4,"lastBolusTime":0,"time":"2023-12-25T10:26:08.213Z","iobWithZeroTemp":{"iob":-0.45,"basaliob":-0.45,"bolussnooze":0,"activity":-0.0039,"lastBolusTime":0,"time":"2023-12-25T10:26:08.213Z"}},{"iob":-0.014,"basaliob":-0.014,"bolussnooze":0,"activity":-2.0E-4,"lastBolusTime":0,"time":"2023-12-25T10:31:08.213Z","iobWithZeroTemp":{"iob":-0.453,"basaliob":-0.453,"bolussnooze":0,"activity":-0.004,"lastBolusTime":0,"time":"2023-12-25T10:31:08.213Z"}},{"iob":-0.013,"basaliob":-0.013,"bolussnooze":0,"activity":-2.0E-4,"lastBolusTime":0,"time":"2023-12-25T10:36:08.213Z","iobWithZeroTemp":{"iob":-0.457,"basaliob":-0.457,"bolussnooze":0,"activity":-0.0041,"lastBolusTime":0,"time":"2023-12-25T10:36:08.213Z"}},{"iob":-0.012,"basaliob":-0.012,"bolussnooze":0,"activity":-2.0E-4,"lastBolusTime":0,"time":"2023-12-25T10:41:08.213Z","iobWithZeroTemp":{"iob":-0.459,"basaliob":-0.459,"bolussnooze":0,"activity":-0.0041,"lastBolusTime":0,"time":"2023-12-25T10:41:08.213Z"}},{"iob":-0.011,"basaliob":-0.011,"bolussnooze":0,"activity":-2.0E-4,"lastBolusTime":0,"time":"2023-12-25T10:46:08.213Z","iobWithZeroTemp":{"iob":-0.462,"basaliob":-0.462,"bolussnooze":0,"activity":-0.0042,"lastBolusTime":0,"time":"2023-12-25T10:46:08.213Z"}},{"iob":-0.01,"basaliob":-0.01,"bolussnooze":0,"activity":-2.0E-4,"lastBolusTime":0,"time":"2023-12-25T10:51:08.213Z","iobWithZeroTemp":{"iob":-0.464,"basaliob":-0.464,"bolussnooze":0,"activity":-0.0042,"lastBolusTime":0,"time":"2023-12-25T10:51:08.213Z"}},{"iob":-0.009,"basaliob":-0.009,"bolussnooze":0,"activity":-1.0E-4,"lastBolusTime":0,"time":"2023-12-25T10:56:08.213Z","iobWithZeroTemp":{"iob":-0.466,"basaliob":-0.466,"bolussnooze":0,"activity":-0.0042,"lastBolusTime":0,"time":"2023-12-25T10:56:08.213Z"}},{"iob":-0.009,"basaliob":-0.009,"bolussnooze":0,"activity":-1.0E-4,"lastBolusTime":0,"time":"2023-12-25T11:01:08.213Z","iobWithZeroTemp":{"iob":-0.469,"basaliob":-0.469,"bolussnooze":0,"activity":-0.0042,"lastBolusTime":0,"time":"2023-12-25T11:01:08.213Z"}},{"iob":-0.008,"basaliob":-0.008,"bolussnooze":0,"activity":-1.0E-4,"lastBolusTime":0,"time":"2023-12-25T11:06:08.213Z","iobWithZeroTemp":{"iob":-0.471,"basaliob":-0.471,"bolussnooze":0,"activity":-0.0042,"lastBolusTime":0,"time":"2023-12-25T11:06:08.213Z"}},{"iob":-0.008,"basaliob":-0.008,"bolussnooze":0,"activity":-1.0E-4,"lastBolusTime":0,"time":"2023-12-25T11:11:08.213Z","iobWithZeroTemp":{"iob":-0.473,"basaliob":-0.473,"bolussnooze":0,"activity":-0.0043,"lastBolusTime":0,"time":"2023-12-25T11:11:08.213Z"}},{"iob":-0.007,"basaliob":-0.007,"bolussnooze":0,"activity":-1.0E-4,"lastBolusTime":0,"time":"2023-12-25T11:16:08.213Z","iobWithZeroTemp":{"iob":-0.474,"basaliob":-0.474,"bolussnooze":0,"activity":-0.0043,"lastBolusTime":0,"time":"2023-12-25T11:16:08.213Z"}},{"iob":-0.006,"basaliob":-0.006,"bolussnooze":0,"activity":-1.0E-4,"lastBolusTime":0,"time":"2023-12-25T11:21:08.213Z","iobWithZeroTemp":{"iob":-0.476,"basaliob":-0.476,"bolussnooze":0,"activity":-0.0044,"lastBolusTime":0,"time":"2023-12-25T11:21:08.213Z"}},{"iob":-0.006,"basaliob":-0.006,"bolussnooze":0,"activity":-1.0E-4,"lastBolusTime":0,"time":"2023-12-25T11:26:08.213Z","iobWithZeroTemp":{"iob":-0.477,"basaliob":-0.477,"bolussnooze":0,"activity":-0.0044,"lastBolusTime":0,"time":"2023-12-25T11:26:08.213Z"}},{"iob":-0.005,"basaliob":-0.005,"bolussnooze":0,"activity":-1.0E-4,"lastBolusTime":0,"time":"2023-12-25T11:31:08.213Z","iobWithZeroTemp":{"iob":-0.478,"basaliob":-0.478,"bolussnooze":0,"activity":-0.0044,"lastBolusTime":0,"time":"2023-12-25T11:31:08.213Z"}},{"iob":-0.005,"basaliob":-0.005,"bolussnooze":0,"activity":-1.0E-4,"lastBolusTime":0,"time":"2023-12-25T11:36:08.213Z","iobWithZeroTemp":{"iob":-0.48,"basaliob":-0.48,"bolussnooze":0,"activity":-0.0044,"lastBolusTime":0,"time":"2023-12-25T11:36:08.213Z"}},{"iob":-0.005,"basaliob":-0.005,"bolussnooze":0,"activity":-1.0E-4,"lastBolusTime":0,"time":"2023-12-25T11:41:08.213Z","iobWithZeroTemp":{"iob":-0.481,"basaliob":-0.481,"bolussnooze":0,"activity":-0.0045,"lastBolusTime":0,"time":"2023-12-25T11:41:08.213Z"}}],"profile":{"max_iob":4,"type":"current","max_daily_basal":0.5,"max_basal":1.2,"min_bg":100.8,"max_bg":100.8,"target_bg":100.8,"carb_ratio":30,"sens":126,"max_daily_safety_multiplier":3,"current_basal_safety_multiplier":4,"high_temptarget_raises_sensitivity":false,"low_temptarget_lowers_sensitivity":false,"sensitivity_raises_target":true,"resistance_lowers_target":true,"adv_target_adjustments":false,"exercise_mode":false,"half_basal_exercise_target":160,"maxCOB":120,"skip_neutral_temps":false,"remainingCarbsCap":90,"enableUAM":true,"A52_risk_enable":false,"SMBInterval":3,"enableSMB_with_COB":true,"enableSMB_with_temptarget":true,"allowSMB_with_high_temptarget":false,"enableSMB_always":false,"enableSMB_after_carbs":false,"maxSMBBasalMinutes":75,"maxUAMSMBBasalMinutes":75,"bolus_increment":0.05,"carbsReqThreshold":10,"current_basal":0.3,"temptargetSet":false,"autosens_max":1.2,"out_units":"mmol\/L"},"autosens_data":{"ratio":0.93},"meal_data":{"carbs":0,"mealCOB":0,"slopeFromMaxDeviation":0,"slopeFromMinDeviation":0.899375,"lastBolusTime":1703430368291,"lastCarbTime":0},"microBolusAllowed":true,"currentTime":1703490369502,"flatBGsDetected":false},"output":{"temp":"absolute","bg":90,"tick":"+3","eventualBG":116,"targetBG":104,"insulinReq":0.05,"deliverAt":"2023-12-25T07:46:09.502Z","sensitivityRatio":0.93,"predBGs":{"IOB":[90,93,95,98,100,102,104,105,106,107,108,109,109,109,110,110,110,111,111,111,111,112,112,112,112,113,113,113,113,113,114,114,114,114,114,114,114,115],"ZT":[90,90,90,90,90,90,91,91,92,93,94,95,96,97,99,100,102,103],"UAM":[90,93,95,97,99,101,103,104,105,106,106,106,107,107,107,108,108,108,108,109,109,109,109,110,110,110,110,111,111,111,111,111,111,111,112,112,112,112,112,112,112,112,112,113]},"COB":0,"IOB":-0.066,"reason":"COB: 0, Dev: 1.0, BGI: 0.0, ISF: 7.5, CR: 30, Target: 5.8, minPredBG 6.2, minGuardBG 5.2, IOBpredBG 6.4, UAMpredBG 6.3; Eventual BG 6.4 >= 5.8, no temp, setting 0.38U\/hr. ","duration":30,"rate":0.379,"timestamp":"2023-12-25T07:46:09.553Z"}}