{"algorithm":"OpenAPSSMBPlugin","input":{"glucoseStatus":{"glucose":139,"noise":0,"delta":-7,"short_avgdelta":-7.19,"long_avgdelta":-1.93,"date":1703513715825},"currenttemp":{"temp":"absolute","duration":50,"rate":0,"minutesrunning":10},"iob_data":[{"iob":0.427,"basaliob":0.427,"bolussnooze":0,"activity":0.0033,"lastBolusTime":0,"time":"2023-12-25T14:16:08.378Z","iobWithZeroTemp":{"iob":0.427,"basaliob":0.427,"bolussnooze":0,"activity":0.0033,"lastBolusTime":0,"time":"2023-12-25T14:16:08.378Z"}},{"iob":0.41,"basaliob":0.41,"bolussnooze":0,"activity":0.0034,"lastBolusTime":0,"time":"2023-12-25T14:21:08.378Z","iobWithZeroTemp":{"iob":0.39,"basaliob":0.39,"bolussnooze":0,"activity":0.0034,"lastBolusTime":0,"time":"2023-12-25T14:21:08.378Z"}},{"iob":0.393,"basaliob":0.393,"bolussnooze":0,"activity":0.0035,"lastBolusTime":0,"time":"2023-12-25T14:26:08.378Z","iobWithZeroTemp":{"iob":0.348,"basaliob":0.348,"bolussnooze":0,"activity":0.0034,"lastBolusTime":0,"time":"2023-12-25T14:26:08.378Z"}},{"iob":0.375,"basaliob":0.375,"bolussnooze":0,"activity":0.0035,"lastBolusTime":0,"time":"2023-12-25T14:31:08.378Z","iobWithZeroTemp":{"iob":0.305,"basaliob":0.305,"bolussnooze":0,"activity":0.0034,"lastBolusTime":0,"time":"2023-12-25T14:31:08.378Z"}},{"iob":0.358,"basaliob":0.358,"bolussnooze":0,"activity":0.0035,"lastBolusTime":0,"time":"2023-12-25T14:36:08.378Z","iobWithZeroTemp":{"iob":0.264,"basaliob":0.264,"bolussnooze":0,"activity":0.0033,"lastBolusTime":0,"time":"2023-12-25T14:36:08.378Z"}},{"iob":0.34,"basaliob":0.34,"bolussnooze":0,"activity":0.0035,"lastBolusTime":0,"time":"2023-12-25T14:41:08.378Z","iobWithZeroTemp":{"iob":0.222,"basaliob":0.222,"bolussnooze":0,"activity":0.0031,"lastBolusTime":0,"time":"2023-12-25T14:41:08.378Z"}},{"iob":0.323,"basaliob":0.323,"bolussnooze":0,"activity":0.0034,"lastBolusTime":0,"time":"2023-12-25T14:46:08.378Z","iobWithZeroTemp":{"iob":0.182,"basaliob":0.182,"bolussnooze":0,"activity":0.0029,"lastBolusTime":0,"time":"2023-12-25T14:46:08.378Z"}},{"iob":0.306,"basaliob":0.306,"bolussnooze":0,"activity":0.0033,"lastBolusTime":0,"time":"2023-12-25T14:51:08.378Z","iobWithZeroTemp":{"iob":0.143,"basaliob":0.143,"bolussnooze":0,"activity":0.0026,"lastBolusTime":0,"time":"2023-12-25T14:51:08.378Z"}},{"iob":0.29,"basaliob":0.29,"bolussnooze":0,"activity":0.0032,"lastBolusTime":0,"time":"2023-12-25T14:56:08.378Z","iobWithZeroTemp":{"iob":0.105,"basaliob":0.105,"bolussnooze":0,"activity":0.0024,"lastBolusTime":0,"time":"2023-12-25T14:56:08.378Z"}},{"iob":0.274,"basaliob":0.274,"bolussnooze":0,"activity":0.0032,"lastBolusTime":0,"time":"2023-12-25T15:01:08.378Z","iobWithZeroTemp":{"iob":0.068,"basaliob":0.068,"bolussnooze":0,"activity":0.0022,"lastBolusTime":0,"time":"2023-12-25T15:01:08.378Z"}},{"iob":0.258,"basaliob":0.258,"bolussnooze":0,"activity":0.003,"lastBolusTime":0,"time":"2023-12-25T15:06:08.378Z","iobWithZeroTemp":{"iob":0.032,"basaliob":0.032,"bolussnooze":0,"activity":0.0018,"lastBolusTime":0,"time":"2023-12-25T15:06:08.378Z"}},{"iob":0.243,"basaliob":0.243,"bolussnooze":0,"activity":0.0029,"lastBolusTime":0,"time":"2023-12-25T15:11:08.378Z","iobWithZeroTemp":{"iob":-0.002,"basaliob":-0.002,"bolussnooze":0,"activity":0.0016,"lastBolusTime":0,"time":"2023-12-25T15:11:08.378Z"}},{"iob":0.229,"basaliob":0.229,"bolussnooze":0,"activity":0.0028,"lastBolusTime":0,"time":"2023-12-25T15:16:08.378Z","iobWithZeroTemp":{"iob":-0.034,"basaliob":-0.034,"bolussnooze":0,"activity":0.0013,"lastBolusTime":0,"time":"2023-12-25T15:16:08.378Z"}},{"iob":0.215,"basaliob":0.215,"bolussnooze":0,"activity":0.0027,"lastBolusTime":0,"time":"2023-12-25T15:21:08.378Z","iobWithZeroTemp":{"iob":-0.065,"basaliob":-0.065,"bolussnooze":0,"activity":0.001,"lastBolusTime":0,"time":"2023-12-25T15:21:08.378Z"}},{"iob":0.202,"basaliob":0.202,"bolussnooze":0,"activity":0.0026,"lastBolusTime":0,"time":"2023-12-25T15:26:08.378Z","iobWithZeroTemp":{"iob":-0.094,"basaliob":-0.094,"bolussnooze":0,"activity":7.0E-4,"lastBolusTime":0,"time":"2023-12-25T15:26:08.378Z"}},{"iob":0.189,"basaliob":0.189,"bolussnooze":0,"activity":0.0025,"lastBolusTime":0,"time":"2023-12-25T15:31:08.378Z","iobWithZeroTemp":{"iob":-0.123,"basaliob":-0.123,"bolussnooze":0,"activity":5.0E-4,"lastBolusTime":0,"time":"2023-12-25T15:31:08.378Z"}},{"iob":0.177,"basaliob":0.177,"bolussnooze":0,"activity":0.0023,"lastBolusTime":0,"time":"2023-12-25T15:36:08.378Z","iobWithZeroTemp":{"iob":-0.15,"basaliob":-0.15,"bolussnooze":0,"activity":1.0E-4,"lastBolusTime":0,"time":"2023-12-25T15:36:08.378Z"}},{"iob":0.166,"basaliob":0.166,"bolussnooze":0,"activity":0.0022,"lastBolusTime":0,"time":"2023-12-25T15:41:08.378Z","iobWithZeroTemp":{"iob":-0.175,"basaliob":-0.175,"bolussnooze":0,"activity":-1.0E-4,"lastBolusTime":0,"time":"2023-12-25T15:41:08.378Z"}},{"iob":0.155,"basaliob":0.155,"bolussnooze":0,"activity":0.0021,"lastBolusTime":0,"time":"2023-12-25T15:46:08.378Z","iobWithZeroTemp":{"iob":-0.199,"basaliob":-0.199,"bolussnooze":0,"activity":-4.0E-4,"lastBolusTime":0,"time":"2023-12-25T15:46:08.378Z"}},{"iob":0.145,"basaliob":0.145,"bolussnooze":0,"activity":0.002,"lastBolusTime":0,"time":"2023-12-25T15:51:08.378Z","iobWithZeroTemp":{"iob":-0.221,"basaliob":-0.221,"bolussnooze":0,"activity":-6.0E-4,"lastBolusTime":0,"time":"2023-12-25T15:51:08.378Z"}},{"iob":0.135,"basaliob":0.135,"bolussnooze":0,"activity":0.0019,"lastBolusTime":0,"time":"2023-12-25T15:56:08.378Z","iobWithZeroTemp":{"iob":-0.243,"basaliob":-0.243,"bolussnooze":0,"activity":-9.0E-4,"lastBolusTime":0,"time":"2023-12-25T15:56:08.378Z"}},{"iob":0.126,"basaliob":0.126,"bolussnooze":0,"activity":0.0018,"lastBolusTime":0,"time":"2023-12-25T16:01:08.378Z","iobWithZeroTemp":{"iob":-0.263,"basaliob":-0.263,"bolussnooze":0,"activity":-0.0011,"lastBolusTime":0,"time":"2023-12-25T16:01:08.378Z"}},{"iob":0.117,"basaliob":0.117,"bolussnooze":0,"activity":0.0017,"lastBolusTime":0,"time":"2023-12-25T16:06:08.378Z","iobWithZeroTemp":{"iob":-0.291,"basaliob":-0.291,"bolussnooze":0,"activity":-0.0014,"lastBolusTime":0,"time":"2023-12-25T16:06:08.378Z"}},{"iob":0.109,"basaliob":0.109,"bolussnooze":0,"activity":0.0016,"lastBolusTime":0,"time":"2023-12-25T16:11:08.378Z","iobWithZeroTemp":{"iob":-0.317,"basaliob":-0.317,"bolussnooze":0,"activity":-0.0016,"lastBolusTime":0,"time":"2023-12-25T16:11:08.378Z"}},{"iob":0.101,"basaliob":0.101,"bolussnooze":0,"activity":0.0015,"lastBolusTime":0,"time":"2023-12-25T16:16:08.378Z","iobWithZeroTemp":{"iob":-0.342,"basaliob":-0.342,"bolussnooze":0,"activity":-0.0018,"lastBolusTime":0,"time":"2023-12-25T16:16:08.378Z"}},{"iob":0.094,"basaliob":0.094,"bolussnooze":0,"activity":0.0014,"lastBolusTime":0,"time":"2023-12-25T16:21:08.378Z","iobWithZeroTemp":{"iob":-0.366,"basaliob":-0.366,"bolussnooze":0,"activity":-0.0021,"lastBolusTime":0,"time":"2023-12-25T16:21:08.378Z"}},{"iob":0.087,"basaliob":0.087,"bolussnooze":0,"activity":0.0013,"lastBolusTime":0,"time":"2023-12-25T16:26:08.378Z","iobWithZeroTemp":{"iob":-0.388,"basaliob":-0.388,"bolussnooze":0,"activity":-0.0023,"lastBolusTime":0,"time":"2023-12-25T16:26:08.378Z"}},{"iob":0.081,"basaliob":0.081,"bolussnooze":0,"activity":0.0012,"lastBolusTime":0,"time":"2023-12-25T16:31:08.378Z","iobWithZeroTemp":{"iob":-0.409,"basaliob":-0.409,"bolussnooze":0,"activity":-0.0026,"lastBolusTime":0,"time":"2023-12-25T16:31:08.378Z"}},{"iob":0.075,"basaliob":0.075,"bolussnooze":0,"activity":0.0011,"lastBolusTime":0,"time":"2023-12-25T16:36:08.378Z","iobWithZeroTemp":{"iob":-0.43,"basaliob":-0.43,"bolussnooze":0,"activity":-0.0028,"lastBolusTime":0,"time":"2023-12-25T16:36:08.378Z"}},{"iob":0.07,"basaliob":0.07,"bolussnooze":0,"activity":0.0011,"lastBolusTime":0,"time":"2023-12-25T16:41:08.378Z","iobWithZeroTemp":{"iob":-0.448,"basaliob":-0.448,"bolussnooze":0,"activity":-0.003,"lastBolusTime":0,"time":"2023-12-25T16:41:08.378Z"}},{"iob":0.064,"basaliob":0.064,"bolussnooze":0,"activity":0.001,"lastBolusTime":0,"time":"2023-12-25T16:46:08.378Z","iobWithZeroTemp":{"iob":-0.467,"basaliob":-0.467,"bolussnooze":0,"activity":-0.0032,"lastBolusTime":0,"time":"2023-12-25T16:46:08.378Z"}},{"iob":0.06,"basaliob":0.06,"bolussnooze":0,"activity":9.0E-4,"lastBolusTime":0,"time":"2023-12-25T16:51:08.378Z","iobWithZeroTemp":{"iob":-0.483,"basaliob":-0.483,"bolussnooze":0,"activity":-0.0035,"lastBolusTime":0,"time":"2023-12-25T16:51:08.378Z"}},{"iob":0.055,"basaliob":0.055,"bolussnooze":0,"activity":9.0E-4,"lastBolusTime":0,"time":"2023-12-25T16:56:08.378Z","iobWithZeroTemp":{"iob":-0.5,"basaliob":-0.5,"bolussnooze":0,"activity":-0.0036,"lastBolusTime":0,"time":"2023-12-25T16:56:08.378Z"}},{"iob":0.051,"basaliob":0.051,"bolussnooze":0,"activity":8.0E-4,"lastBolusTime":0,"time":"2023-12-25T17:01:08.378Z","iobWithZeroTemp":{"iob":-0.515,"basaliob":-0.515,"bolussnooze":0,"activity":-0.0038,"lastBolusTime":0,"time":"2023-12-25T17:01:08.378Z"}},{"iob":0.047,"basaliob":0.047,"bolussnooze":0,"activity":8.0E-4,"lastBolusTime":0,"time":"2023-12-25T17:06:08.378Z","iobWithZeroTemp":{"iob":-0.529,"basaliob":-0.529,"bolussnooze":0,"activity":-0.004,"lastBolusTime":0,"time":"2023-12-25T17:06:08.378Z"}},{"iob":0.043,"basaliob":0.043,"bolussnooze":0,"activity":7.0E-4,"lastBolusTime":0,"time":"2023-12-25T17:11:08.378Z","iobWithZeroTemp":{"iob":-0.542,"basaliob":-0.542,"bolussnooze":0,"activity":-0.0042,"lastBolusTime":0,"time":"2023-12-25T17:11:08.378Z"}},{"iob":0.04,"basaliob":0.04,"bolussnooze":0,"activity":7.0E-4,"lastBolusTime":0,"time":"2023-12-25T17:16:08.378Z","iobWithZeroTemp":{"iob":-0.554,"basaliob":-0.554,"bolussnooze":0,"activity":-0.0043,"lastBolusTime":0,"time":"2023-12-25T17:16:08.378Z"}},{"iob":0.037,"basaliob":0.037,"bolussnooze":0,"activity":6.0E-4,"lastBolusTime":0,"time":"2023-12-25T17:21:08.378Z","iobWithZeroTemp":{"iob":-0.566,"basaliob":-0.566,"bolussnooze":0,"activity":-0.0045,"lastBolusTime":0,"time":"2023-12-25T17:21:08.378Z"}},{"iob":0.034,"basaliob":0.034,"bolussnooze":0,"activity":6.0E-4,"lastBolusTime":0,"time":"2023-12-25T17:26:08.378Z","iobWithZeroTemp":{"iob":-0.577,"basaliob":-0.577,"bolussnooze":0,"activity":-0.0046,"lastBolusTime":0,"time":"2023-12-25T17:26:08.378Z"}},{"iob":0.031,"basaliob":0.031,"bolussnooze":0,"activity":5.0E-4,"lastBolusTime":0,"time":"2023-12-25T17:31:08.378Z","iobWithZeroTemp":{"iob":-0.587,"basaliob":-0.587,"bolussnooze":0,"activity":-0.0048,"lastBolusTime":0,"time":"2023-12-25T17:31:08.378Z"}},{"iob":0.029,"basaliob":0.029,"bolussnooze":0,"activity":5.0E-4,"lastBolusTime":0,"time":"2023-12-25T17:36:08.378Z","iobWithZeroTemp":{"iob":-0.596,"basaliob":-0.596,"bolussnooze":0,"activity":-0.0049,"lastBolusTime":0,"time":"2023-12-25T17:36:08.378Z"}},{"iob":0.026,"basaliob":0.026,"bolussnooze":0,"activity":4.0E-4,"lastBolusTime":0,"time":"2023-12-25T17:41:08.378Z","iobWithZeroTemp":{"iob":-0.606,"basaliob":-0.606,"bolussnooze":0,"activity":-0.0051,"lastBolusTime":0,"time":"2023-12-25T17:41:08.378Z"}},{"iob":0.024,"basaliob":0.024,"bolussnooze":0,"activity":4.0E-4,"lastBolusTime":0,"time":"2023-12-25T17:46:08.378Z","iobWithZeroTemp":{"iob":-0.614,"basaliob":-0.614,"bolussnooze":0,"activity":-0.0052,"lastBolusTime":0,"time":"2023-12-25T17:46:08.378Z"}},{"iob":0.022,"basaliob":0.022,"bolussnooze":0,"activity":4.0E-4,"lastBolusTime":0,"time":"2023-12-25T17:51:08.378Z","iobWithZeroTemp":{"iob":-0.621,"basaliob":-0.621,"bolussnooze":0,"activity":-0.0052,"lastBolusTime":0,"time":"2023-12-25T17:51:08.378Z"}},{"iob":0.02,"basaliob":0.02,"bolussnooze":0,"activity":4.0E-4,"lastBolusTime":0,"time":"2023-12-25T17:56:08.378Z","iobWithZeroTemp":{"iob":-0.629,"basaliob":-0.629,"bolussnooze":0,"activity":-0.0053,"lastBolusTime":0,"time":"2023-12-25T17:56:08.378Z"}},{"iob":0.019,"basaliob":0.019,"bolussnooze":0,"activity":3.0E-4,"lastBolusTime":0,"time":"2023-12-25T18:01:08.378Z","iobWithZeroTemp":{"iob":-0.635,"basaliob":-0.635,"bolussnooze":0,"activity":-0.0055,"lastBolusTime":0,"time":"2023-12-25T18:01:08.378Z"}},{"iob":0.017,"basaliob":0.017,"bolussnooze":0,"activity":3.0E-4,"lastBolusTime":0,"time":"2023-12-25T18:06:08.378Z","iobWithZeroTemp":{"iob":-0.641,"basaliob":-0.641,"bolussnooze":0,"activity":-0.0056,"lastBolusTime":0,"time":"2023-12-25T18:06:08.378Z"}},{"iob":0.016,"basaliob":0.016,"bolussnooze":0,"activity":3.0E-4,"lastBolusTime":0,"time":"2023-12-25T18:11:08.378Z","iobWithZeroTemp":{"iob":-0.646,"basaliob":-0.646,"bolussnooze":0,"activity":-0.0056,"lastBolusTime":0,"time":"2023-12-25T18:11:08.378Z"}}],"profile":{"max_iob":4,"type":"current","max_daily_basal":0.5,"max_basal":1.2,"min_bg":100.8,"max_bg":100.8,"target_bg":100.8,"carb_ratio":30,"sens":126,"max_daily_safety_multiplier":3,"current_basal_safety_multiplier":4,"high_temptarget_raises_sensitivity":false,"low_temptarget_lowers_sensitivity":false,"sensitivity_raises_target":true,"resistance_lowers_target":true,"adv_target_adjustments":false,"exercise_mode":false,"half_basal_exercise_target":160,"maxCOB":120,"skip_neutral_temps":false,"remainingCarbsCap":90,"enableUAM":true,"A52_risk_enable":false,"SMBInterval":3,"enableSMB_with_COB":true,"enableSMB_with_temptarget":true,"allowSMB_with_high_temptarget":false,"enableSMB_always":false,"enableSMB_after_carbs":false,"maxSMBBasalMinutes":75,"maxUAMSMBBasalMinutes":75,"bolus_increment":0.05,"carbsReqThreshold":10,"current_basal":0.3,"temptargetSet":false,"autosens_max":1.2,"out_units":"mmol\/L"},"autosens_data":{"ratio":1.01},"meal_data":{"carbs":0,"mealCOB":0,"slopeFromMaxDeviation":-2.7887999999999997,"slopeFromMinDeviation":0,"lastBolusTime":1703430368291,"lastCarbTime":0},"microBolusAllowed":true,"currentTime":1703513769676,"flatBGsDetected":false},"output":{"temp":"absolute","bg":139,"tick":-7,"eventualBG":87,"targetBG":100,"insulinReq":0,"deliverAt":"2023-12-25T14:16:09.676Z","sensitivityRatio":1.01,"predBGs":{"IOB":[139,132,126,120,114,109,104,100,96,93,90,88,86,84,83,81,80,78,77,75,74,73,72,71,70,69,68,67,66,66,65,64,64,63,63,62,62,61,61,61,60,60,60,60,59],"ZT":[139,137,135,133,131,129,127,125,123,122,120,119,118,117,117,116,116,116,116,116,117,117]},"COB":0,"IOB":0.427,"reason":"COB: 0, Dev: 0.1, BGI: -0.1, ISF: 6.9, CR: 30, Target: 5.6, minPredBG 4.9, minGuardBG 3.3, IOBpredBG 3.3; minGuardBG 3.3<3.9","duration":60,"rate":0,"timestamp":"2023-12-25T14:16:09.698Z"}}