{"algorithm":"OpenAPSSMBPlugin","input":{"glucoseStatus":{"glucose":142,"noise":0,"delta":4,"short_avgdelta":5.54,"long_avgdelta":2.29,"date":1703463315166},"currenttemp":{"temp":"absolute","duration":25,"rate":1,"minutesrunning":5},"iob_data":[{"iob":0.301,"basaliob":0.301,"bolussnooze":0,"activity":0.0036,"lastBolusTime":0,"time":"2023-12-25T00:16:07.723Z","iobWithZeroTemp":{"iob":0.301,"basaliob":0.301,"bolussnooze":0,"activity":0.0036,"lastBolusTime":0,"time":"2023-12-25T00:16:07.723Z"}},{"iob":0.283,"basaliob":0.283,"bolussnooze":0,"activity":0.0035,"lastBolusTime":0,"time":"2023-12-25T00:21:07.723Z","iobWithZeroTemp":{"iob":0.265,"basaliob":0.265,"bolussnooze":0,"activity":0.0035,"lastBolusTime":0,"time":"2023-12-25T00:21:07.723Z"}},{"iob":0.266,"basaliob":0.266,"bolussnooze":0,"activity":0.0033,"lastBolusTime":0,"time":"2023-12-25T00:26:07.723Z","iobWithZeroTemp":{"iob":0.225,"basaliob":0.225,"bolussnooze":0,"activity":0.0032,"lastBolusTime":0,"time":"2023-12-25T00:26:07.723Z"}},{"iob":0.25,"basaliob":0.25,"bolussnooze":0,"activity":0.0032,"lastBolusTime":0,"time":"2023-12-25T00:31:07.723Z","iobWithZeroTemp":{"iob":0.187,"basaliob":0.187,"bolussnooze":0,"activity":0.0031,"lastBolusTime":0,"time":"2023-12-25T00:31:07.723Z"}},{"iob":0.234,"basaliob":0.234,"bolussnooze":0,"activity":0.003,"lastBolusTime":0,"time":"2023-12-25T00:36:07.723Z","iobWithZeroTemp":{"iob":0.149,"basaliob":0.149,"bolussnooze":0,"activity":0.0028,"lastBolusTime":0,"time":"2023-12-25T00:36:07.723Z"}},{"iob":0.219,"basaliob":0.219,"bolussnooze":0,"activity":0.0029,"lastBolusTime":0,"time":"2023-12-25T00:41:07.723Z","iobWithZeroTemp":{"iob":0.113,"basaliob":0.113,"bolussnooze":0,"activity":0.0026,"lastBolusTime":0,"time":"2023-12-25T00:41:07.723Z"}},{"iob":0.205,"basaliob":0.205,"bolussnooze":0,"activity":0.0027,"lastBolusTime":0,"time":"2023-12-25T00:46:07.723Z","iobWithZeroTemp":{"iob":0.078,"basaliob":0.078,"bolussnooze":0,"activity":0.0022,"lastBolusTime":0,"time":"2023-12-25T00:46:07.723Z"}},{"iob":0.192,"basaliob":0.192,"bolussnooze":0,"activity":0.0026,"lastBolusTime":0,"time":"2023-12-25T00:51:07.723Z","iobWithZeroTemp":{"iob":0.045,"basaliob":0.045,"bolussnooze":0,"activity":0.002,"lastBolusTime":0,"time":"2023-12-25T00:51:07.723Z"}},{"iob":0.179,"basaliob":0.179,"bolussnooze":0,"activity":0.0025,"lastBolusTime":0,"time":"2023-12-25T00:56:07.723Z","iobWithZeroTemp":{"iob":0.013,"basaliob":0.013,"bolussnooze":0,"activity":0.0018,"lastBolusTime":0,"time":"2023-12-25T00:56:07.723Z"}},{"iob":0.167,"basaliob":0.167,"bolussnooze":0,"activity":0.0023,"lastBolusTime":0,"time":"2023-12-25T01:01:07.723Z","iobWithZeroTemp":{"iob":-0.018,"basaliob":-0.018,"bolussnooze":0,"activity":0.0014,"lastBolusTime":0,"time":"2023-12-25T01:01:07.723Z"}},{"iob":0.156,"basaliob":0.156,"bolussnooze":0,"activity":0.0022,"lastBolusTime":0,"time":"2023-12-25T01:06:07.723Z","iobWithZeroTemp":{"iob":-0.047,"basaliob":-0.047,"bolussnooze":0,"activity":0.0012,"lastBolusTime":0,"time":"2023-12-25T01:06:07.723Z"}},{"iob":0.145,"basaliob":0.145,"bolussnooze":0,"activity":0.0021,"lastBolusTime":0,"time":"2023-12-25T01:11:07.723Z","iobWithZeroTemp":{"iob":-0.075,"basaliob":-0.075,"bolussnooze":0,"activity":9.0E-4,"lastBolusTime":0,"time":"2023-12-25T01:11:07.723Z"}},{"iob":0.135,"basaliob":0.135,"bolussnooze":0,"activity":0.002,"lastBolusTime":0,"time":"2023-12-25T01:16:07.723Z","iobWithZeroTemp":{"iob":-0.101,"basaliob":-0.101,"bolussnooze":0,"activity":6.0E-4,"lastBolusTime":0,"time":"2023-12-25T01:16:07.723Z"}},{"iob":0.125,"basaliob":0.125,"bolussnooze":0,"activity":0.0018,"lastBolusTime":0,"time":"2023-12-25T01:21:07.723Z","iobWithZeroTemp":{"iob":-0.127,"basaliob":-0.127,"bolussnooze":0,"activity":3.0E-4,"lastBolusTime":0,"time":"2023-12-25T01:21:07.723Z"}},{"iob":0.117,"basaliob":0.117,"bolussnooze":0,"activity":0.0017,"lastBolusTime":0,"time":"2023-12-25T01:26:07.723Z","iobWithZeroTemp":{"iob":-0.15,"basaliob":-0.15,"bolussnooze":0,"activity":0,"lastBolusTime":0,"time":"2023-12-25T01:26:07.723Z"}},{"iob":0.108,"basaliob":0.108,"bolussnooze":0,"activity":0.0016,"lastBolusTime":0,"time":"2023-12-25T01:31:07.723Z","iobWithZeroTemp":{"iob":-0.173,"basaliob":-0.173,"bolussnooze":0,"activity":-2.0E-4,"lastBolusTime":0,"time":"2023-12-25T01:31:07.723Z"}},{"iob":0.1,"basaliob":0.1,"bolussnooze":0,"activity":0.0015,"lastBolusTime":0,"time":"2023-12-25T01:36:07.723Z","iobWithZeroTemp":{"iob":-0.194,"basaliob":-0.194,"bolussnooze":0,"activity":-5.0E-4,"lastBolusTime":0,"time":"2023-12-25T01:36:07.723Z"}},{"iob":0.093,"basaliob":0.093,"bolussnooze":0,"activity":0.0014,"lastBolusTime":0,"time":"2023-12-25T01:41:07.723Z","iobWithZeroTemp":{"iob":-0.213,"basaliob":-0.213,"bolussnooze":0,"activity":-7.0E-4,"lastBolusTime":0,"time":"2023-12-25T01:41:07.723Z"}},{"iob":0.086,"basaliob":0.086,"bolussnooze":0,"activity":0.0013,"lastBolusTime":0,"time":"2023-12-25T01:46:07.723Z","iobWithZeroTemp":{"iob":-0.232,"basaliob":-0.232,"bolussnooze":0,"activity":-9.0E-4,"lastBolusTime":0,"time":"2023-12-25T01:46:07.723Z"}},{"iob":0.08,"basaliob":0.08,"bolussnooze":0,"activity":0.0012,"lastBolusTime":0,"time":"2023-12-25T01:51:07.723Z","iobWithZeroTemp":{"iob":-0.25,"basaliob":-0.25,"bolussnooze":0,"activity":-0.0012,"lastBolusTime":0,"time":"2023-12-25T01:51:07.723Z"}},{"iob":0.074,"basaliob":0.074,"bolussnooze":0,"activity":0.0012,"lastBolusTime":0,"time":"2023-12-25T01:56:07.723Z","iobWithZeroTemp":{"iob":-0.266,"basaliob":-0.266,"bolussnooze":0,"activity":-0.0013,"lastBolusTime":0,"time":"2023-12-25T01:56:07.723Z"}},{"iob":0.068,"basaliob":0.068,"bolussnooze":0,"activity":0.0011,"lastBolusTime":0,"time":"2023-12-25T02:01:07.723Z","iobWithZeroTemp":{"iob":-0.282,"basaliob":-0.282,"bolussnooze":0,"activity":-0.0015,"lastBolusTime":0,"time":"2023-12-25T02:01:07.723Z"}},{"iob":0.063,"basaliob":0.063,"bolussnooze":0,"activity":0.001,"lastBolusTime":0,"time":"2023-12-25T02:06:07.723Z","iobWithZeroTemp":{"iob":-0.296,"basaliob":-0.296,"bolussnooze":0,"activity":-0.0017,"lastBolusTime":0,"time":"2023-12-25T02:06:07.723Z"}},{"iob":0.058,"basaliob":0.058,"bolussnooze":0,"activity":9.0E-4,"lastBolusTime":0,"time":"2023-12-25T02:11:07.723Z","iobWithZeroTemp":{"iob":-0.31,"basaliob":-0.31,"bolussnooze":0,"activity":-0.002,"lastBolusTime":0,"time":"2023-12-25T02:11:07.723Z"}},{"iob":0.053,"basaliob":0.053,"bolussnooze":0,"activity":9.0E-4,"lastBolusTime":0,"time":"2023-12-25T02:16:07.723Z","iobWithZeroTemp":{"iob":-0.323,"basaliob":-0.323,"bolussnooze":0,"activity":-0.0021,"lastBolusTime":0,"time":"2023-12-25T02:16:07.723Z"}},{"iob":0.049,"basaliob":0.049,"bolussnooze":0,"activity":8.0E-4,"lastBolusTime":0,"time":"2023-12-25T02:21:07.723Z","iobWithZeroTemp":{"iob":-0.335,"basaliob":-0.335,"bolussnooze":0,"activity":-0.0023,"lastBolusTime":0,"time":"2023-12-25T02:21:07.723Z"}},{"iob":0.045,"basaliob":0.045,"bolussnooze":0,"activity":8.0E-4,"lastBolusTime":0,"time":"2023-12-25T02:26:07.723Z","iobWithZeroTemp":{"iob":-0.346,"basaliob":-0.346,"bolussnooze":0,"activity":-0.0024,"lastBolusTime":0,"time":"2023-12-25T02:26:07.723Z"}},{"iob":0.042,"basaliob":0.042,"bolussnooze":0,"activity":7.0E-4,"lastBolusTime":0,"time":"2023-12-25T02:31:07.723Z","iobWithZeroTemp":{"iob":-0.356,"basaliob":-0.356,"bolussnooze":0,"activity":-0.0026,"lastBolusTime":0,"time":"2023-12-25T02:31:07.723Z"}},{"iob":0.038,"basaliob":0.038,"bolussnooze":0,"activity":6.0E-4,"lastBolusTime":0,"time":"2023-12-25T02:36:07.723Z","iobWithZeroTemp":{"iob":-0.366,"basaliob":-0.366,"bolussnooze":0,"activity":-0.0027,"lastBolusTime":0,"time":"2023-12-25T02:36:07.723Z"}},{"iob":0.035,"basaliob":0.035,"bolussnooze":0,"activity":6.0E-4,"lastBolusTime":0,"time":"2023-12-25T02:41:07.723Z","iobWithZeroTemp":{"iob":-0.375,"basaliob":-0.375,"bolussnooze":0,"activity":-0.0028,"lastBolusTime":0,"time":"2023-12-25T02:41:07.723Z"}},{"iob":0.032,"basaliob":0.032,"bolussnooze":0,"activity":6.0E-4,"lastBolusTime":0,"time":"2023-12-25T02:46:07.723Z","iobWithZeroTemp":{"iob":-0.383,"basaliob":-0.383,"bolussnooze":0,"activity":-0.0029,"lastBolusTime":0,"time":"2023-12-25T02:46:07.723Z"}},{"iob":0.03,"basaliob":0.03,"bolussnooze":0,"activity":5.0E-4,"lastBolusTime":0,"time":"2023-12-25T02:51:07.723Z","iobWithZeroTemp":{"iob":-0.39,"basaliob":-0.39,"bolussnooze":0,"activity":-0.0031,"lastBolusTime":0,"time":"2023-12-25T02:51:07.723Z"}},{"iob":0.027,"basaliob":0.027,"bolussnooze":0,"activity":5.0E-4,"lastBolusTime":0,"time":"2023-12-25T02:56:07.723Z","iobWithZeroTemp":{"iob":-0.398,"basaliob":-0.398,"bolussnooze":0,"activity":-0.0031,"lastBolusTime":0,"time":"2023-12-25T02:56:07.723Z"}},{"iob":0.025,"basaliob":0.025,"bolussnooze":0,"activity":4.0E-4,"lastBolusTime":0,"time":"2023-12-25T03:01:07.723Z","iobWithZeroTemp":{"iob":-0.404,"basaliob":-0.404,"bolussnooze":0,"activity":-0.0033,"lastBolusTime":0,"time":"2023-12-25T03:01:07.723Z"}},{"iob":0.023,"basaliob":0.023,"bolussnooze":0,"activity":4.0E-4,"lastBolusTime":0,"time":"2023-12-25T03:06:07.723Z","iobWithZeroTemp":{"iob":-0.41,"basaliob":-0.41,"bolussnooze":0,"activity":-0.0034,"lastBolusTime":0,"time":"2023-12-25T03:06:07.723Z"}},{"iob":0.021,"basaliob":0.021,"bolussnooze":0,"activity":4.0E-4,"lastBolusTime":0,"time":"2023-12-25T03:11:07.723Z","iobWithZeroTemp":{"iob":-0.416,"basaliob":-0.416,"bolussnooze":0,"activity":-0.0034,"lastBolusTime":0,"time":"2023-12-25T03:11:07.723Z"}},{"iob":0.019,"basaliob":0.019,"bolussnooze":0,"activity":3.0E-4,"lastBolusTime":0,"time":"2023-12-25T03:16:07.723Z","iobWithZeroTemp":{"iob":-0.421,"basaliob":-0.421,"bolussnooze":0,"activity":-0.0036,"lastBolusTime":0,"time":"2023-12-25T03:16:07.723Z"}},{"iob":0.017,"basaliob":0.017,"bolussnooze":0,"activity":3.0E-4,"lastBolusTime":0,"time":"2023-12-25T03:21:07.723Z","iobWithZeroTemp":{"iob":-0.427,"basaliob":-0.427,"bolussnooze":0,"activity":-0.0036,"lastBolusTime":0,"time":"2023-12-25T03:21:07.723Z"}},{"iob":0.016,"basaliob":0.016,"bolussnooze":0,"activity":3.0E-4,"lastBolusTime":0,"time":"2023-12-25T03:26:07.723Z","iobWithZeroTemp":{"iob":-0.431,"basaliob":-0.431,"bolussnooze":0,"activity":-0.0037,"lastBolusTime":0,"time":"2023-12-25T03:26:07.723Z"}},{"iob":0.014,"basaliob":0.014,"bolussnooze":0,"activity":3.0E-4,"lastBolusTime":0,"time":"2023-12-25T03:31:07.723Z","iobWithZeroTemp":{"iob":-0.435,"basaliob":-0.435,"bolussnooze":0,"activity":-0.0037,"lastBolusTime":0,"time":"2023-12-25T03:31:07.723Z"}},{"iob":0.013,"basaliob":0.013,"bolussnooze":0,"activity":2.0E-4,"lastBolusTime":0,"time":"2023-12-25T03:36:07.723Z","iobWithZeroTemp":{"iob":-0.439,"basaliob":-0.439,"bolussnooze":0,"activity":-0.0039,"lastBolusTime":0,"time":"2023-12-25T03:36:07.723Z"}},{"iob":0.012,"basaliob":0.012,"bolussnooze":0,"activity":2.0E-4,"lastBolusTime":0,"time":"2023-12-25T03:41:07.723Z","iobWithZeroTemp":{"iob":-0.442,"basaliob":-0.442,"bolussnooze":0,"activity":-0.0039,"lastBolusTime":0,"time":"2023-12-25T03:41:07.723Z"}},{"iob":0.011,"basaliob":0.011,"bolussnooze":0,"activity":2.0E-4,"lastBolusTime":0,"time":"2023-12-25T03:46:07.723Z","iobWithZeroTemp":{"iob":-0.446,"basaliob":-0.446,"bolussnooze":0,"activity":-0.0039,"lastBolusTime":0,"time":"2023-12-25T03:46:07.723Z"}},{"iob":0.01,"basaliob":0.01,"bolussnooze":0,"activity":2.0E-4,"lastBolusTime":0,"time":"2023-12-25T03:51:07.723Z","iobWithZeroTemp":{"iob":-0.449,"basaliob":-0.449,"bolussnooze":0,"activity":-0.004,"lastBolusTime":0,"time":"2023-12-25T03:51:07.723Z"}},{"iob":0.009,"basaliob":0.009,"bolussnooze":0,"activity":2.0E-4,"lastBolusTime":0,"time":"2023-12-25T03:56:07.723Z","iobWithZeroTemp":{"iob":-0.451,"basaliob":-0.451,"bolussnooze":0,"activity":-0.004,"lastBolusTime":0,"time":"2023-12-25T03:56:07.723Z"}},{"iob":0.008,"basaliob":0.008,"bolussnooze":0,"activity":2.0E-4,"lastBolusTime":0,"time":"2023-12-25T04:01:07.723Z","iobWithZeroTemp":{"iob":-0.454,"basaliob":-0.454,"bolussnooze":0,"activity":-0.004,"lastBolusTime":0,"time":"2023-12-25T04:01:07.723Z"}},{"iob":0.007,"basaliob":0.007,"bolussnooze":0,"activity":1.0E-4,"lastBolusTime":0,"time":"2023-12-25T04:06:07.723Z","iobWithZeroTemp":{"iob":-0.457,"basaliob":-0.457,"bolussnooze":0,"activity":-0.0041,"lastBolusTime":0,"time":"2023-12-25T04:06:07.723Z"}},{"iob":0.007,"basaliob":0.007,"bolussnooze":0,"activity":1.0E-4,"lastBolusTime":0,"time":"2023-12-25T04:11:07.723Z","iobWithZeroTemp":{"iob":-0.458,"basaliob":-0.458,"bolussnooze":0,"activity":-0.0042,"lastBolusTime":0,"time":"2023-12-25T04:11:07.723Z"}}],"profile":{"max_iob":4,"type":"current","max_daily_basal":0.5,"max_basal":1,"min_bg":99,"max_bg":99,"target_bg":99,"carb_ratio":25,"sens":142.20000000000002,"max_daily_safety_multiplier":3,"current_basal_safety_multiplier":4,"high_temptarget_raises_sensitivity":false,"low_temptarget_lowers_sensitivity":false,"sensitivity_raises_target":true,"resistance_lowers_target":true,"adv_target_adjustments":false,"exercise_mode":false,"half_basal_exercise_target":160,"maxCOB":120,"skip_neutral_temps":false,"remainingCarbsCap":90,"enableUAM":true,"A52_risk_enable":false,"SMBInterval":3,"enableSMB_with_COB":true,"enableSMB_with_temptarget":true,"allowSMB_with_high_temptarget":false,"enableSMB_always":false,"enableSMB_after_carbs":false,"maxSMBBasalMinutes":75,"maxUAMSMBBasalMinutes":75,"bolus_increment":0.05,"carbsReqThreshold":10,"current_basal":0.25,"temptargetSet":false,"autosens_max":1.2,"out_units":"mmol\/L"},"autosens_data":{"ratio":1.09},"meal_data":{"carbs":0,"mealCOB":0,"slopeFromMaxDeviation":-0.25127272727272737,"slopeFromMinDeviation":2.4372499999999993,"lastBolusTime":1703430368291,"lastCarbTime":0},"microBolusAllowed":true,"currentTime":1703463368983,"flatBGsDetected":false},"output":{"temp":"absolute","bg":142,"tick":"+4","eventualBG":141,"targetBG":96,"insulinReq":0.27,"deliverAt":"2023-12-25T00:16:08.983Z","sensitivityRatio":1.09,"predBGs":{"IOB":[142,146,149,151,153,155,156,157,158,158,157,156,155,154,153,151,150,149,149,148,147,146,145,145,144,144,143,143,142,142,141,141,141,140,140,140,139,139,139,139,139,139,138],"ZT":[142,140,137,135,133,131,130,128,127,126,125,124,124,123,123,123,123,123,124,124],"UAM":[142,145,148,150,151,151,151,150,148,146,145,143,142,141,139,138,137,136,135,135,134,133,132,132,131,130,130,129,129,129,128,128,127,127,127,127,126,126,126,126,126,125]},"COB":0,"IOB":0.301,"reason":"COB: 0, Dev: 2.1, BGI: -0.1, ISF: 7.3, CR: 25, Target: 5.3, minPredBG 7.3, minGuardBG 6.9, IOBpredBG 7.7, UAMpredBG 6.9; Eventual BG 7.8 >= 5.3, temp 1.00 >~ req 0.81U\/hr. ","timestamp":"2023-12-25T00:16:09.012Z"}}