{"algorithm":"OpenAPSSMBPlugin","input":{"glucoseStatus":{"glucose":102,"noise":0,"delta":-6,"short_avgdelta":-3.2,"long_avgdelta":0.53,"date":1703481015246},"currenttemp":{"temp":"absolute","duration":25,"rate":0.5,"minutesrunning":5},"iob_data":[{"iob":0.096,"basaliob":0.096,"bolussnooze":0,"activity":3.0E-4,"lastBolusTime":0,"time":"2023-12-25T05:11:09.450Z","iobWithZeroTemp":{"iob":0.096,"basaliob":0.096,"bolussnooze":0,"activity":3.0E-4,"lastBolusTime":0,"time":"2023-12-25T05:11:09.450Z"}},{"iob":0.094,"basaliob":0.094,"bolussnooze":0,"activity":4.0E-4,"lastBolusTime":0,"time":"2023-12-25T05:16:09.450Z","iobWithZeroTemp":{"iob":0.074,"basaliob":0.074,"bolussnooze":0,"activity":4.0E-4,"lastBolusTime":0,"time":"2023-12-25T05:16:09.450Z"}},{"iob":0.092,"basaliob":0.092,"bolussnooze":0,"activity":5.0E-4,"lastBolusTime":0,"time":"2023-12-25T05:21:09.450Z","iobWithZeroTemp":{"iob":0.047,"basaliob":0.047,"bolussnooze":0,"activity":4.0E-4,"lastBolusTime":0,"time":"2023-12-25T05:21:09.450Z"}},{"iob":0.089,"basaliob":0.089,"bolussnooze":0,"activity":6.0E-4,"lastBolusTime":0,"time":"2023-12-25T05:26:09.450Z","iobWithZeroTemp":{"iob":0.02,"basaliob":0.02,"bolussnooze":0,"activity":5.0E-4,"lastBolusTime":0,"time":"2023-12-25T05:26:09.450Z"}},{"iob":0.086,"basaliob":0.086,"bolussnooze":0,"activity":6.0E-4,"lastBolusTime":0,"time":"2023-12-25T05:31:09.450Z","iobWithZeroTemp":{"iob":-0.007,"basaliob":-0.007,"bolussnooze":0,"activity":4.0E-4,"lastBolusTime":0,"time":"2023-12-25T05:31:09.450Z"}},{"iob":0.083,"basaliob":0.083,"bolussnooze":0,"activity":6.0E-4,"lastBolusTime":0,"time":"2023-12-25T05:36:09.450Z","iobWithZeroTemp":{"iob":-0.034,"basaliob":-0.034,"bolussnooze":0,"activity":2.0E-4,"lastBolusTime":0,"time":"2023-12-25T05:36:09.450Z"}},{"iob":0.08,"basaliob":0.08,"bolussnooze":0,"activity":7.0E-4,"lastBolusTime":0,"time":"2023-12-25T05:41:09.450Z","iobWithZeroTemp":{"iob":-0.06,"basaliob":-0.06,"bolussnooze":0,"activity":2.0E-4,"lastBolusTime":0,"time":"2023-12-25T05:41:09.450Z"}},{"iob":0.077,"basaliob":0.077,"bolussnooze":0,"activity":7.0E-4,"lastBolusTime":0,"time":"2023-12-25T05:46:09.450Z","iobWithZeroTemp":{"iob":-0.085,"basaliob":-0.085,"bolussnooze":0,"activity":0,"lastBolusTime":0,"time":"2023-12-25T05:46:09.450Z"}},{"iob":0.074,"basaliob":0.074,"bolussnooze":0,"activity":7.0E-4,"lastBolusTime":0,"time":"2023-12-25T05:51:09.450Z","iobWithZeroTemp":{"iob":-0.109,"basaliob":-0.109,"bolussnooze":0,"activity":-1.0E-4,"lastBolusTime":0,"time":"2023-12-25T05:51:09.450Z"}},{"iob":0.07,"basaliob":0.07,"bolussnooze":0,"activity":7.0E-4,"lastBolusTime":0,"time":"2023-12-25T05:56:09.450Z","iobWithZeroTemp":{"iob":-0.134,"basaliob":-0.134,"bolussnooze":0,"activity":-3.0E-4,"lastBolusTime":0,"time":"2023-12-25T05:56:09.450Z"}},{"iob":0.067,"basaliob":0.067,"bolussnooze":0,"activity":7.0E-4,"lastBolusTime":0,"time":"2023-12-25T06:01:09.450Z","iobWithZeroTemp":{"iob":-0.156,"basaliob":-0.156,"bolussnooze":0,"activity":-5.0E-4,"lastBolusTime":0,"time":"2023-12-25T06:01:09.450Z"}},{"iob":0.064,"basaliob":0.064,"bolussnooze":0,"activity":7.0E-4,"lastBolusTime":0,"time":"2023-12-25T06:06:09.450Z","iobWithZeroTemp":{"iob":-0.178,"basaliob":-0.178,"bolussnooze":0,"activity":-6.0E-4,"lastBolusTime":0,"time":"2023-12-25T06:06:09.450Z"}},{"iob":0.06,"basaliob":0.06,"bolussnooze":0,"activity":6.0E-4,"lastBolusTime":0,"time":"2023-12-25T06:11:09.450Z","iobWithZeroTemp":{"iob":-0.2,"basaliob":-0.2,"bolussnooze":0,"activity":-9.0E-4,"lastBolusTime":0,"time":"2023-12-25T06:11:09.450Z"}},{"iob":0.057,"basaliob":0.057,"bolussnooze":0,"activity":6.0E-4,"lastBolusTime":0,"time":"2023-12-25T06:16:09.450Z","iobWithZeroTemp":{"iob":-0.22,"basaliob":-0.22,"bolussnooze":0,"activity":-0.0011,"lastBolusTime":0,"time":"2023-12-25T06:16:09.450Z"}},{"iob":0.054,"basaliob":0.054,"bolussnooze":0,"activity":6.0E-4,"lastBolusTime":0,"time":"2023-12-25T06:21:09.450Z","iobWithZeroTemp":{"iob":-0.24,"basaliob":-0.24,"bolussnooze":0,"activity":-0.0012,"lastBolusTime":0,"time":"2023-12-25T06:21:09.450Z"}},{"iob":0.051,"basaliob":0.051,"bolussnooze":0,"activity":6.0E-4,"lastBolusTime":0,"time":"2023-12-25T06:26:09.450Z","iobWithZeroTemp":{"iob":-0.258,"basaliob":-0.258,"bolussnooze":0,"activity":-0.0014,"lastBolusTime":0,"time":"2023-12-25T06:26:09.450Z"}},{"iob":0.048,"basaliob":0.048,"bolussnooze":0,"activity":6.0E-4,"lastBolusTime":0,"time":"2023-12-25T06:31:09.450Z","iobWithZeroTemp":{"iob":-0.276,"basaliob":-0.276,"bolussnooze":0,"activity":-0.0016,"lastBolusTime":0,"time":"2023-12-25T06:31:09.450Z"}},{"iob":0.045,"basaliob":0.045,"bolussnooze":0,"activity":5.0E-4,"lastBolusTime":0,"time":"2023-12-25T06:36:09.450Z","iobWithZeroTemp":{"iob":-0.292,"basaliob":-0.292,"bolussnooze":0,"activity":-0.0018,"lastBolusTime":0,"time":"2023-12-25T06:36:09.450Z"}},{"iob":0.043,"basaliob":0.043,"bolussnooze":0,"activity":5.0E-4,"lastBolusTime":0,"time":"2023-12-25T06:41:09.450Z","iobWithZeroTemp":{"iob":-0.307,"basaliob":-0.307,"bolussnooze":0,"activity":-0.002,"lastBolusTime":0,"time":"2023-12-25T06:41:09.450Z"}},{"iob":0.04,"basaliob":0.04,"bolussnooze":0,"activity":5.0E-4,"lastBolusTime":0,"time":"2023-12-25T06:46:09.450Z","iobWithZeroTemp":{"iob":-0.323,"basaliob":-0.323,"bolussnooze":0,"activity":-0.0021,"lastBolusTime":0,"time":"2023-12-25T06:46:09.450Z"}},{"iob":0.038,"basaliob":0.038,"bolussnooze":0,"activity":5.0E-4,"lastBolusTime":0,"time":"2023-12-25T06:51:09.450Z","iobWithZeroTemp":{"iob":-0.336,"basaliob":-0.336,"bolussnooze":0,"activity":-0.0023,"lastBolusTime":0,"time":"2023-12-25T06:51:09.450Z"}},{"iob":0.035,"basaliob":0.035,"bolussnooze":0,"activity":5.0E-4,"lastBolusTime":0,"time":"2023-12-25T06:56:09.450Z","iobWithZeroTemp":{"iob":-0.35,"basaliob":-0.35,"bolussnooze":0,"activity":-0.0024,"lastBolusTime":0,"time":"2023-12-25T06:56:09.450Z"}},{"iob":0.033,"basaliob":0.033,"bolussnooze":0,"activity":4.0E-4,"lastBolusTime":0,"time":"2023-12-25T07:01:09.450Z","iobWithZeroTemp":{"iob":-0.362,"basaliob":-0.362,"bolussnooze":0,"activity":-0.0026,"lastBolusTime":0,"time":"2023-12-25T07:01:09.450Z"}},{"iob":0.031,"basaliob":0.031,"bolussnooze":0,"activity":4.0E-4,"lastBolusTime":0,"time":"2023-12-25T07:06:09.450Z","iobWithZeroTemp":{"iob":-0.374,"basaliob":-0.374,"bolussnooze":0,"activity":-0.0027,"lastBolusTime":0,"time":"2023-12-25T07:06:09.450Z"}},{"iob":0.029,"basaliob":0.029,"bolussnooze":0,"activity":4.0E-4,"lastBolusTime":0,"time":"2023-12-25T07:11:09.450Z","iobWithZeroTemp":{"iob":-0.385,"basaliob":-0.385,"bolussnooze":0,"activity":-0.0029,"lastBolusTime":0,"time":"2023-12-25T07:11:09.450Z"}},{"iob":0.027,"basaliob":0.027,"bolussnooze":0,"activity":4.0E-4,"lastBolusTime":0,"time":"2023-12-25T07:16:09.450Z","iobWithZeroTemp":{"iob":-0.395,"basaliob":-0.395,"bolussnooze":0,"activity":-0.003,"lastBolusTime":0,"time":"2023-12-25T07:16:09.450Z"}},{"iob":0.025,"basaliob":0.025,"bolussnooze":0,"activity":4.0E-4,"lastBolusTime":0,"time":"2023-12-25T07:21:09.450Z","iobWithZeroTemp":{"iob":-0.405,"basaliob":-0.405,"bolussnooze":0,"activity":-0.0031,"lastBolusTime":0,"time":"2023-12-25T07:21:09.450Z"}},{"iob":0.023,"basaliob":0.023,"bolussnooze":0,"activity":3.0E-4,"lastBolusTime":0,"time":"2023-12-25T07:26:09.450Z","iobWithZeroTemp":{"iob":-0.415,"basaliob":-0.415,"bolussnooze":0,"activity":-0.0033,"lastBolusTime":0,"time":"2023-12-25T07:26:09.450Z"}},{"iob":0.022,"basaliob":0.022,"bolussnooze":0,"activity":3.0E-4,"lastBolusTime":0,"time":"2023-12-25T07:31:09.450Z","iobWithZeroTemp":{"iob":-0.423,"basaliob":-0.423,"bolussnooze":0,"activity":-0.0034,"lastBolusTime":0,"time":"2023-12-25T07:31:09.450Z"}},{"iob":0.02,"basaliob":0.02,"bolussnooze":0,"activity":3.0E-4,"lastBolusTime":0,"time":"2023-12-25T07:36:09.450Z","iobWithZeroTemp":{"iob":-0.431,"basaliob":-0.431,"bolussnooze":0,"activity":-0.0035,"lastBolusTime":0,"time":"2023-12-25T07:36:09.450Z"}},{"iob":0.019,"basaliob":0.019,"bolussnooze":0,"activity":3.0E-4,"lastBolusTime":0,"time":"2023-12-25T07:41:09.450Z","iobWithZeroTemp":{"iob":-0.438,"basaliob":-0.438,"bolussnooze":0,"activity":-0.0036,"lastBolusTime":0,"time":"2023-12-25T07:41:09.450Z"}},{"iob":0.018,"basaliob":0.018,"bolussnooze":0,"activity":3.0E-4,"lastBolusTime":0,"time":"2023-12-25T07:46:09.450Z","iobWithZeroTemp":{"iob":-0.445,"basaliob":-0.445,"bolussnooze":0,"activity":-0.0036,"lastBolusTime":0,"time":"2023-12-25T07:46:09.450Z"}},{"iob":0.016,"basaliob":0.016,"bolussnooze":0,"activity":2.0E-4,"lastBolusTime":0,"time":"2023-12-25T07:51:09.450Z","iobWithZeroTemp":{"iob":-0.452,"basaliob":-0.452,"bolussnooze":0,"activity":-0.0038,"lastBolusTime":0,"time":"2023-12-25T07:51:09.450Z"}},{"iob":0.015,"basaliob":0.015,"bolussnooze":0,"activity":2.0E-4,"lastBolusTime":0,"time":"2023-12-25T07:56:09.450Z","iobWithZeroTemp":{"iob":-0.458,"basaliob":-0.458,"bolussnooze":0,"activity":-0.0039,"lastBolusTime":0,"time":"2023-12-25T07:56:09.450Z"}},{"iob":0.014,"basaliob":0.014,"bolussnooze":0,"activity":2.0E-4,"lastBolusTime":0,"time":"2023-12-25T08:01:09.450Z","iobWithZeroTemp":{"iob":-0.463,"basaliob":-0.463,"bolussnooze":0,"activity":-0.0039,"lastBolusTime":0,"time":"2023-12-25T08:01:09.450Z"}},{"iob":0.013,"basaliob":0.013,"bolussnooze":0,"activity":2.0E-4,"lastBolusTime":0,"time":"2023-12-25T08:06:09.450Z","iobWithZeroTemp":{"iob":-0.468,"basaliob":-0.468,"bolussnooze":0,"activity":-0.004,"lastBolusTime":0,"time":"2023-12-25T08:06:09.450Z"}},{"iob":0.012,"basaliob":0.012,"bolussnooze":0,"activity":2.0E-4,"lastBolusTime":0,"time":"2023-12-25T08:11:09.450Z","iobWithZeroTemp":{"iob":-0.473,"basaliob":-0.473,"bolussnooze":0,"activity":-0.0041,"lastBolusTime":0,"time":"2023-12-25T08:11:09.450Z"}},{"iob":0.011,"basaliob":0.011,"bolussnooze":0,"activity":2.0E-4,"lastBolusTime":0,"time":"2023-12-25T08:16:09.450Z","iobWithZeroTemp":{"iob":-0.478,"basaliob":-0.478,"bolussnooze":0,"activity":-0.0041,"lastBolusTime":0,"time":"2023-12-25T08:16:09.450Z"}},{"iob":0.01,"basaliob":0.01,"bolussnooze":0,"activity":2.0E-4,"lastBolusTime":0,"time":"2023-12-25T08:21:09.450Z","iobWithZeroTemp":{"iob":-0.482,"basaliob":-0.482,"bolussnooze":0,"activity":-0.0042,"lastBolusTime":0,"time":"2023-12-25T08:21:09.450Z"}},{"iob":0.01,"basaliob":0.01,"bolussnooze":0,"activity":2.0E-4,"lastBolusTime":0,"time":"2023-12-25T08:26:09.450Z","iobWithZeroTemp":{"iob":-0.485,"basaliob":-0.485,"bolussnooze":0,"activity":-0.0042,"lastBolusTime":0,"time":"2023-12-25T08:26:09.450Z"}},{"iob":0.009,"basaliob":0.009,"bolussnooze":0,"activity":1.0E-4,"lastBolusTime":0,"time":"2023-12-25T08:31:09.450Z","iobWithZeroTemp":{"iob":-0.489,"basaliob":-0.489,"bolussnooze":0,"activity":-0.0044,"lastBolusTime":0,"time":"2023-12-25T08:31:09.450Z"}},{"iob":0.008,"basaliob":0.008,"bolussnooze":0,"activity":1.0E-4,"lastBolusTime":0,"time":"2023-12-25T08:36:09.450Z","iobWithZeroTemp":{"iob":-0.492,"basaliob":-0.492,"bolussnooze":0,"activity":-0.0044,"lastBolusTime":0,"time":"2023-12-25T08:36:09.450Z"}},{"iob":0.007,"basaliob":0.007,"bolussnooze":0,"activity":1.0E-4,"lastBolusTime":0,"time":"2023-12-25T08:41:09.450Z","iobWithZeroTemp":{"iob":-0.496,"basaliob":-0.496,"bolussnooze":0,"activity":-0.0044,"lastBolusTime":0,"time":"2023-12-25T08:41:09.450Z"}},{"iob":0.007,"basaliob":0.007,"bolussnooze":0,"activity":1.0E-4,"lastBolusTime":0,"time":"2023-12-25T08:46:09.450Z","iobWithZeroTemp":{"iob":-0.498,"basaliob":-0.498,"bolussnooze":0,"activity":-0.0045,"lastBolusTime":0,"time":"2023-12-25T08:46:09.450Z"}},{"iob":0.006,"basaliob":0.006,"bolussnooze":0,"activity":1.0E-4,"lastBolusTime":0,"time":"2023-12-25T08:51:09.450Z","iobWithZeroTemp":{"iob":-0.501,"basaliob":-0.501,"bolussnooze":0,"activity":-0.0045,"lastBolusTime":0,"time":"2023-12-25T08:51:09.450Z"}},{"iob":0.006,"basaliob":0.006,"bolussnooze":0,"activity":1.0E-4,"lastBolusTime":0,"time":"2023-12-25T08:56:09.450Z","iobWithZeroTemp":{"iob":-0.503,"basaliob":-0.503,"bolussnooze":0,"activity":-0.0045,"lastBolusTime":0,"time":"2023-12-25T08:56:09.450Z"}},{"iob":0.005,"basaliob":0.005,"bolussnooze":0,"activity":1.0E-4,"lastBolusTime":0,"time":"2023-12-25T09:01:09.450Z","iobWithZeroTemp":{"iob":-0.506,"basaliob":-0.506,"bolussnooze":0,"activity":-0.0046,"lastBolusTime":0,"time":"2023-12-25T09:01:09.450Z"}},{"iob":0.005,"basaliob":0.005,"bolussnooze":0,"activity":1.0E-4,"lastBolusTime":0,"time":"2023-12-25T09:06:09.450Z","iobWithZeroTemp":{"iob":-0.507,"basaliob":-0.507,"bolussnooze":0,"activity":-0.0046,"lastBolusTime":0,"time":"2023-12-25T09:06:09.450Z"}}],"profile":{"max_iob":4,"type":"current","max_daily_basal":0.5,"max_basal":1.2,"min_bg":99,"max_bg":99,"target_bg":99,"carb_ratio":25,"sens":126,"max_daily_safety_multiplier":3,"current_basal_safety_multiplier":4,"high_temptarget_raises_sensitivity":false,"low_temptarget_lowers_sensitivity":false,"sensitivity_raises_target":true,"resistance_lowers_target":true,"adv_target_adjustments":false,"exercise_mode":false,"half_basal_exercise_target":160,"maxCOB":120,"skip_neutral_temps":false,"remainingCarbsCap":90,"enableUAM":true,"A52_risk_enable":false,"SMBInterval":3,"enableSMB_with_COB":true,"enableSMB_with_temptarget":true,"allowSMB_with_high_temptarget":false,"enableSMB_always":false,"enableSMB_after_carbs":false,"maxSMBBasalMinutes":75,"maxUAMSMBBasalMinutes":75,"bolus_increment":0.05,"carbsReqThreshold":10,"current_basal":0.3,"temptargetSet":false,"autosens_max":1.2,"out_units":"mmol\/L"},"autosens_data":{"ratio":1},"meal_data":{"carbs":0,"mealCOB":0,"slopeFromMaxDeviation":-2.4124999999999996,"slopeFromMinDeviation":0.6235999999999999,"lastBolusTime":1703430368291,"lastCarbTime":0},"microBolusAllowed":true,"currentTime":1703481070616,"flatBGsDetected":false},"output":{"temp":"absolute","bg":102,"tick":-6,"eventualBG":94,"targetBG":99,"insulinReq":0,"deliverAt":"2023-12-25T05:11:10.616Z","sensitivityRatio":1,"predBGs":{"IOB":[102,96,91,87,83,79,75,73,70,68,67,66,66,65,65,64,64,64,63,63,63,62,62,62,62,61,61,61,61,60,60,60,60,60,60,60,59,59,59,59,59,59,59,59,59,59,59,58],"ZT":[102,102,102,101,101,101,101,100,100,101,101,101,101,102,103,103]},"COB":0,"IOB":0.096,"reason":"COB: 0, Dev: 0.2, BGI: 0.0, ISF: 7.0, CR: 25, Target: 5.5, minPredBG 4.4, minGuardBG 3.2, IOBpredBG 3.2; minGuardBG 3.2<3.9","duration":60,"rate":0,"timestamp":"2023-12-25T05:11:10.653Z"}}