{"algorithm":"OpenAPSSMBPlugin","input":{"glucoseStatus":{"glucose":103,"noise":0,"delta":-10.67,"short_avgdelta":-11.54,"long_avgdelta":-12.09,"date":1703411416274},"currenttemp":{"temp":"absolute","duration":115,"rate":0,"minutesrunning":5},"iob_data":[{"iob":1.041,"basaliob":-0.117,"bolussnooze":0,"activity":0.0113,"lastBolusTime":1703409068470,"time":"2023-12-24T09:51:06.092Z","iobWithZeroTemp":{"iob":1.041,"basaliob":-0.117,"bolussnooze":0,"activity":0.0113,"lastBolusTime":1703409068470,"time":"2023-12-24T09:51:06.092Z"}},{"iob":0.984,"basaliob":-0.115,"bolussnooze":0,"activity":0.0111,"lastBolusTime":1703409068470,"time":"2023-12-24T09:56:06.092Z","iobWithZeroTemp":{"iob":0.964,"basaliob":-0.135,"bolussnooze":0,"activity":0.0111,"lastBolusTime":1703409068470,"time":"2023-12-24T09:56:06.092Z"}},{"iob":0.93,"basaliob":-0.112,"bolussnooze":0,"activity":0.0107,"lastBolusTime":1703409068470,"time":"2023-12-24T10:01:06.092Z","iobWithZeroTemp":{"iob":0.885,"basaliob":-0.157,"bolussnooze":0,"activity":0.0106,"lastBolusTime":1703409068470,"time":"2023-12-24T10:01:06.092Z"}},{"iob":0.877,"basaliob":-0.109,"bolussnooze":0,"activity":0.0103,"lastBolusTime":1703409068470,"time":"2023-12-24T10:06:06.092Z","iobWithZeroTemp":{"iob":0.808,"basaliob":-0.178,"bolussnooze":0,"activity":0.0102,"lastBolusTime":1703409068470,"time":"2023-12-24T10:06:06.092Z"}},{"iob":0.827,"basaliob":-0.105,"bolussnooze":0,"activity":0.01,"lastBolusTime":1703409068470,"time":"2023-12-24T10:11:06.092Z","iobWithZeroTemp":{"iob":0.734,"basaliob":-0.198,"bolussnooze":0,"activity":0.0098,"lastBolusTime":1703409068470,"time":"2023-12-24T10:11:06.092Z"}},{"iob":0.778,"basaliob":-0.101,"bolussnooze":0,"activity":0.0096,"lastBolusTime":1703409068470,"time":"2023-12-24T10:16:06.092Z","iobWithZeroTemp":{"iob":0.661,"basaliob":-0.218,"bolussnooze":0,"activity":0.0092,"lastBolusTime":1703409068470,"time":"2023-12-24T10:16:06.092Z"}},{"iob":0.731,"basaliob":-0.097,"bolussnooze":0,"activity":0.0092,"lastBolusTime":1703409068470,"time":"2023-12-24T10:21:06.092Z","iobWithZeroTemp":{"iob":0.591,"basaliob":-0.237,"bolussnooze":0,"activity":0.0087,"lastBolusTime":1703409068470,"time":"2023-12-24T10:21:06.092Z"}},{"iob":0.686,"basaliob":-0.093,"bolussnooze":0,"activity":0.0088,"lastBolusTime":1703409068470,"time":"2023-12-24T10:26:06.092Z","iobWithZeroTemp":{"iob":0.524,"basaliob":-0.255,"bolussnooze":0,"activity":0.0081,"lastBolusTime":1703409068470,"time":"2023-12-24T10:26:06.092Z"}},{"iob":0.643,"basaliob":-0.089,"bolussnooze":0,"activity":0.0084,"lastBolusTime":1703409068470,"time":"2023-12-24T10:31:06.092Z","iobWithZeroTemp":{"iob":0.46,"basaliob":-0.272,"bolussnooze":0,"activity":0.0076,"lastBolusTime":1703409068470,"time":"2023-12-24T10:31:06.092Z"}},{"iob":0.603,"basaliob":-0.085,"bolussnooze":0,"activity":0.008,"lastBolusTime":1703409068470,"time":"2023-12-24T10:36:06.092Z","iobWithZeroTemp":{"iob":0.399,"basaliob":-0.289,"bolussnooze":0,"activity":0.007,"lastBolusTime":1703409068470,"time":"2023-12-24T10:36:06.092Z"}},{"iob":0.564,"basaliob":-0.081,"bolussnooze":0,"activity":0.0076,"lastBolusTime":1703409068470,"time":"2023-12-24T10:41:06.092Z","iobWithZeroTemp":{"iob":0.341,"basaliob":-0.304,"bolussnooze":0,"activity":0.0064,"lastBolusTime":1703409068470,"time":"2023-12-24T10:41:06.092Z"}},{"iob":0.527,"basaliob":-0.077,"bolussnooze":0,"activity":0.0072,"lastBolusTime":1703409068470,"time":"2023-12-24T10:46:06.092Z","iobWithZeroTemp":{"iob":0.285,"basaliob":-0.319,"bolussnooze":0,"activity":0.0059,"lastBolusTime":1703409068470,"time":"2023-12-24T10:46:06.092Z"}},{"iob":0.492,"basaliob":-0.073,"bolussnooze":0,"activity":0.0068,"lastBolusTime":1703409068470,"time":"2023-12-24T10:51:06.092Z","iobWithZeroTemp":{"iob":0.232,"basaliob":-0.333,"bolussnooze":0,"activity":0.0053,"lastBolusTime":1703409068470,"time":"2023-12-24T10:51:06.092Z"}},{"iob":0.459,"basaliob":-0.069,"bolussnooze":0,"activity":0.0064,"lastBolusTime":1703409068470,"time":"2023-12-24T10:56:06.092Z","iobWithZeroTemp":{"iob":0.182,"basaliob":-0.346,"bolussnooze":0,"activity":0.0047,"lastBolusTime":1703409068470,"time":"2023-12-24T10:56:06.092Z"}},{"iob":0.428,"basaliob":-0.065,"bolussnooze":0,"activity":0.0061,"lastBolusTime":1703409068470,"time":"2023-12-24T11:01:06.092Z","iobWithZeroTemp":{"iob":0.134,"basaliob":-0.359,"bolussnooze":0,"activity":0.0043,"lastBolusTime":1703409068470,"time":"2023-12-24T11:01:06.092Z"}},{"iob":0.399,"basaliob":-0.061,"bolussnooze":0,"activity":0.0057,"lastBolusTime":1703409068470,"time":"2023-12-24T11:06:06.092Z","iobWithZeroTemp":{"iob":0.09,"basaliob":-0.37,"bolussnooze":0,"activity":0.0037,"lastBolusTime":1703409068470,"time":"2023-12-24T11:06:06.092Z"}},{"iob":0.371,"basaliob":-0.058,"bolussnooze":0,"activity":0.0054,"lastBolusTime":1703409068470,"time":"2023-12-24T11:11:06.092Z","iobWithZeroTemp":{"iob":0.047,"basaliob":-0.382,"bolussnooze":0,"activity":0.0032,"lastBolusTime":1703409068470,"time":"2023-12-24T11:11:06.092Z"}},{"iob":0.345,"basaliob":-0.054,"bolussnooze":0,"activity":0.005,"lastBolusTime":1703409068470,"time":"2023-12-24T11:16:06.092Z","iobWithZeroTemp":{"iob":0.008,"basaliob":-0.391,"bolussnooze":0,"activity":0.0027,"lastBolusTime":1703409068470,"time":"2023-12-24T11:16:06.092Z"}},{"iob":0.32,"basaliob":-0.051,"bolussnooze":0,"activity":0.0048,"lastBolusTime":1703409068470,"time":"2023-12-24T11:21:06.092Z","iobWithZeroTemp":{"iob":-0.03,"basaliob":-0.401,"bolussnooze":0,"activity":0.0023,"lastBolusTime":1703409068470,"time":"2023-12-24T11:21:06.092Z"}},{"iob":0.297,"basaliob":-0.048,"bolussnooze":0,"activity":0.0045,"lastBolusTime":1703409068470,"time":"2023-12-24T11:26:06.092Z","iobWithZeroTemp":{"iob":-0.066,"basaliob":-0.411,"bolussnooze":0,"activity":0.0019,"lastBolusTime":1703409068470,"time":"2023-12-24T11:26:06.092Z"}},{"iob":0.276,"basaliob":-0.045,"bolussnooze":0,"activity":0.0042,"lastBolusTime":1703409068470,"time":"2023-12-24T11:31:06.092Z","iobWithZeroTemp":{"iob":-0.098,"basaliob":-0.419,"bolussnooze":0,"activity":0.0014,"lastBolusTime":1703409068470,"time":"2023-12-24T11:31:06.092Z"}},{"iob":0.256,"basaliob":-0.042,"bolussnooze":0,"activity":0.0039,"lastBolusTime":1703409068470,"time":"2023-12-24T11:36:06.092Z","iobWithZeroTemp":{"iob":-0.129,"basaliob":-0.427,"bolussnooze":0,"activity":0.001,"lastBolusTime":1703409068470,"time":"2023-12-24T11:36:06.092Z"}},{"iob":0.237,"basaliob":-0.039,"bolussnooze":0,"activity":0.0037,"lastBolusTime":1703409068470,"time":"2023-12-24T11:41:06.092Z","iobWithZeroTemp":{"iob":-0.158,"basaliob":-0.434,"bolussnooze":0,"activity":7.0E-4,"lastBolusTime":1703409068470,"time":"2023-12-24T11:41:06.092Z"}},{"iob":0.219,"basaliob":-0.037,"bolussnooze":0,"activity":0.0034,"lastBolusTime":1703409068470,"time":"2023-12-24T11:46:06.092Z","iobWithZeroTemp":{"iob":-0.186,"basaliob":-0.442,"bolussnooze":0,"activity":3.0E-4,"lastBolusTime":1703409068470,"time":"2023-12-24T11:46:06.092Z"}},{"iob":0.203,"basaliob":-0.034,"bolussnooze":0,"activity":0.0032,"lastBolusTime":1703409068470,"time":"2023-12-24T11:51:06.092Z","iobWithZeroTemp":{"iob":-0.211,"basaliob":-0.448,"bolussnooze":0,"activity":-1.0E-4,"lastBolusTime":1703409068470,"time":"2023-12-24T11:51:06.092Z"}},{"iob":0.187,"basaliob":-0.032,"bolussnooze":0,"activity":0.003,"lastBolusTime":1703409068470,"time":"2023-12-24T11:56:06.092Z","iobWithZeroTemp":{"iob":-0.236,"basaliob":-0.455,"bolussnooze":0,"activity":-4.0E-4,"lastBolusTime":1703409068470,"time":"2023-12-24T11:56:06.092Z"}},{"iob":0.173,"basaliob":-0.03,"bolussnooze":0,"activity":0.0028,"lastBolusTime":1703409068470,"time":"2023-12-24T12:01:06.092Z","iobWithZeroTemp":{"iob":-0.257,"basaliob":-0.46,"bolussnooze":0,"activity":-7.0E-4,"lastBolusTime":1703409068470,"time":"2023-12-24T12:01:06.092Z"}},{"iob":0.16,"basaliob":-0.028,"bolussnooze":0,"activity":0.0026,"lastBolusTime":1703409068470,"time":"2023-12-24T12:06:06.092Z","iobWithZeroTemp":{"iob":-0.278,"basaliob":-0.466,"bolussnooze":0,"activity":-0.001,"lastBolusTime":1703409068470,"time":"2023-12-24T12:06:06.092Z"}},{"iob":0.147,"basaliob":-0.026,"bolussnooze":0,"activity":0.0024,"lastBolusTime":1703409068470,"time":"2023-12-24T12:11:06.092Z","iobWithZeroTemp":{"iob":-0.298,"basaliob":-0.471,"bolussnooze":0,"activity":-0.0013,"lastBolusTime":1703409068470,"time":"2023-12-24T12:11:06.092Z"}},{"iob":0.136,"basaliob":-0.024,"bolussnooze":0,"activity":0.0022,"lastBolusTime":1703409068470,"time":"2023-12-24T12:16:06.092Z","iobWithZeroTemp":{"iob":-0.315,"basaliob":-0.475,"bolussnooze":0,"activity":-0.0016,"lastBolusTime":1703409068470,"time":"2023-12-24T12:16:06.092Z"}},{"iob":0.125,"basaliob":-0.022,"bolussnooze":0,"activity":0.0021,"lastBolusTime":1703409068470,"time":"2023-12-24T12:21:06.092Z","iobWithZeroTemp":{"iob":-0.332,"basaliob":-0.479,"bolussnooze":0,"activity":-0.0018,"lastBolusTime":1703409068470,"time":"2023-12-24T12:21:06.092Z"}},{"iob":0.115,"basaliob":-0.021,"bolussnooze":0,"activity":0.0019,"lastBolusTime":1703409068470,"time":"2023-12-24T12:26:06.092Z","iobWithZeroTemp":{"iob":-0.348,"basaliob":-0.484,"bolussnooze":0,"activity":-0.002,"lastBolusTime":1703409068470,"time":"2023-12-24T12:26:06.092Z"}},{"iob":0.106,"basaliob":-0.019,"bolussnooze":0,"activity":0.0018,"lastBolusTime":1703409068470,"time":"2023-12-24T12:31:06.092Z","iobWithZeroTemp":{"iob":-0.362,"basaliob":-0.487,"bolussnooze":0,"activity":-0.0022,"lastBolusTime":1703409068470,"time":"2023-12-24T12:31:06.092Z"}},{"iob":0.097,"basaliob":-0.018,"bolussnooze":0,"activity":0.0016,"lastBolusTime":1703409068470,"time":"2023-12-24T12:36:06.092Z","iobWithZeroTemp":{"iob":-0.376,"basaliob":-0.491,"bolussnooze":0,"activity":-0.0025,"lastBolusTime":1703409068470,"time":"2023-12-24T12:36:06.092Z"}},{"iob":0.09,"basaliob":-0.016,"bolussnooze":0,"activity":0.0015,"lastBolusTime":1703409068470,"time":"2023-12-24T12:41:06.092Z","iobWithZeroTemp":{"iob":-0.387,"basaliob":-0.493,"bolussnooze":0,"activity":-0.0026,"lastBolusTime":1703409068470,"time":"2023-12-24T12:41:06.092Z"}},{"iob":0.082,"basaliob":-0.015,"bolussnooze":0,"activity":0.0015,"lastBolusTime":1703409068470,"time":"2023-12-24T12:46:06.092Z","iobWithZeroTemp":{"iob":-0.399,"basaliob":-0.496,"bolussnooze":0,"activity":-0.0027,"lastBolusTime":1703409068470,"time":"2023-12-24T12:46:06.092Z"}},{"iob":0.075,"basaliob":-0.014,"bolussnooze":0,"activity":0.0013,"lastBolusTime":1703409068470,"time":"2023-12-24T12:51:06.092Z","iobWithZeroTemp":{"iob":-0.41,"basaliob":-0.499,"bolussnooze":0,"activity":-0.003,"lastBolusTime":1703409068470,"time":"2023-12-24T12:51:06.092Z"}},{"iob":0.069,"basaliob":-0.013,"bolussnooze":0,"activity":0.0012,"lastBolusTime":1703409068470,"time":"2023-12-24T12:56:06.092Z","iobWithZeroTemp":{"iob":-0.42,"basaliob":-0.502,"bolussnooze":0,"activity":-0.0031,"lastBolusTime":1703409068470,"time":"2023-12-24T12:56:06.092Z"}},{"iob":0.063,"basaliob":-0.012,"bolussnooze":0,"activity":0.0011,"lastBolusTime":1703409068470,"time":"2023-12-24T13:01:06.092Z","iobWithZeroTemp":{"iob":-0.429,"basaliob":-0.504,"bolussnooze":0,"activity":-0.0033,"lastBolusTime":1703409068470,"time":"2023-12-24T13:01:06.092Z"}},{"iob":0.058,"basaliob":-0.011,"bolussnooze":0,"activity":0.001,"lastBolusTime":1703409068470,"time":"2023-12-24T13:06:06.092Z","iobWithZeroTemp":{"iob":-0.437,"basaliob":-0.506,"bolussnooze":0,"activity":-0.0034,"lastBolusTime":1703409068470,"time":"2023-12-24T13:06:06.092Z"}},{"iob":0.053,"basaliob":-0.01,"bolussnooze":0,"activity":9.0E-4,"lastBolusTime":1703409068470,"time":"2023-12-24T13:11:06.092Z","iobWithZeroTemp":{"iob":-0.445,"basaliob":-0.508,"bolussnooze":0,"activity":-0.0036,"lastBolusTime":1703409068470,"time":"2023-12-24T13:11:06.092Z"}},{"iob":0.049,"basaliob":-0.009,"bolussnooze":0,"activity":8.0E-4,"lastBolusTime":1703409068470,"time":"2023-12-24T13:16:06.092Z","iobWithZeroTemp":{"iob":-0.451,"basaliob":-0.509,"bolussnooze":0,"activity":-0.0037,"lastBolusTime":1703409068470,"time":"2023-12-24T13:16:06.092Z"}},{"iob":0.044,"basaliob":-0.009,"bolussnooze":0,"activity":9.0E-4,"lastBolusTime":1703409068470,"time":"2023-12-24T13:21:06.092Z","iobWithZeroTemp":{"iob":-0.459,"basaliob":-0.512,"bolussnooze":0,"activity":-0.0036,"lastBolusTime":1703409068470,"time":"2023-12-24T13:21:06.092Z"}},{"iob":0.04,"basaliob":-0.008,"bolussnooze":0,"activity":8.0E-4,"lastBolusTime":1703409068470,"time":"2023-12-24T13:26:06.092Z","iobWithZeroTemp":{"iob":-0.465,"basaliob":-0.513,"bolussnooze":0,"activity":-0.0038,"lastBolusTime":1703409068470,"time":"2023-12-24T13:26:06.092Z"}},{"iob":0.037,"basaliob":-0.007,"bolussnooze":0,"activity":7.0E-4,"lastBolusTime":1703409068470,"time":"2023-12-24T13:31:06.092Z","iobWithZeroTemp":{"iob":-0.47,"basaliob":-0.514,"bolussnooze":0,"activity":-0.0039,"lastBolusTime":1703409068470,"time":"2023-12-24T13:31:06.092Z"}},{"iob":0.033,"basaliob":-0.007,"bolussnooze":0,"activity":6.0E-4,"lastBolusTime":1703409068470,"time":"2023-12-24T13:36:06.092Z","iobWithZeroTemp":{"iob":-0.476,"basaliob":-0.516,"bolussnooze":0,"activity":-0.004,"lastBolusTime":1703409068470,"time":"2023-12-24T13:36:06.092Z"}},{"iob":0.031,"basaliob":-0.006,"bolussnooze":0,"activity":6.0E-4,"lastBolusTime":1703409068470,"time":"2023-12-24T13:41:06.092Z","iobWithZeroTemp":{"iob":-0.48,"basaliob":-0.517,"bolussnooze":0,"activity":-0.0041,"lastBolusTime":1703409068470,"time":"2023-12-24T13:41:06.092Z"}},{"iob":0.027,"basaliob":-0.006,"bolussnooze":0,"activity":5.0E-4,"lastBolusTime":1703409068470,"time":"2023-12-24T13:46:06.092Z","iobWithZeroTemp":{"iob":-0.485,"basaliob":-0.518,"bolussnooze":0,"activity":-0.0042,"lastBolusTime":1703409068470,"time":"2023-12-24T13:46:06.092Z"}}],"profile":{"max_iob":4,"type":"current","max_daily_basal":0.5,"max_basal":1.2,"min_bg":91.79999999999998,"max_bg":91.79999999999998,"target_bg":91.79999999999998,"carb_ratio":30,"sens":126,"max_daily_safety_multiplier":3,"current_basal_safety_multiplier":4,"high_temptarget_raises_sensitivity":false,"low_temptarget_lowers_sensitivity":false,"sensitivity_raises_target":true,"resistance_lowers_target":true,"adv_target_adjustments":false,"exercise_mode":false,"half_basal_exercise_target":160,"maxCOB":120,"skip_neutral_temps":false,"remainingCarbsCap":90,"enableUAM":true,"A52_risk_enable":false,"SMBInterval":3,"enableSMB_with_COB":true,"enableSMB_with_temptarget":true,"allowSMB_with_high_temptarget":false,"enableSMB_always":false,"enableSMB_after_carbs":false,"maxSMBBasalMinutes":75,"maxUAMSMBBasalMinutes":75,"bolus_increment":0.05,"carbsReqThreshold":10,"current_basal":0.3,"temptargetSet":true,"autosens_max":1.2,"out_units":"mmol\/L"},"autosens_data":{"ratio":1},"meal_data":{"carbs":0,"mealCOB":0,"slopeFromMaxDeviation":-2.175111111111111,"slopeFromMinDeviation":0.6520000000000002,"lastBolusTime":1703409068470,"lastCarbTime":0},"microBolusAllowed":true,"currentTime":1703411467480,"flatBGsDetected":false},"output":{"temp":"absolute","bg":103,"tick":-11,"eventualBG":-58,"targetBG":91.79999999999998,"insulinReq":0,"deliverAt":"2023-12-24T09:51:07.480Z","sensitivityRatio":1,"predBGs":{"IOB":[103,92,81,71,62,53,45,39,39,39,39,39,39],"ZT":[103,96,89,82,76,70,64,58,53,48,44,40,39,39,39,39,39,39,39,39,39,39,39,39,39,39,39,39,39,39,39,39,39,39,39,39,39,39,39,39,39,39,41,43,46,48,51,53]},"COB":0,"IOB":1.041,"reason":"COB: 0, Dev: -1.7, BGI: -0.4, ISF: 7.0, CR: 30, Target: 5.1, minPredBG 0.9, minGuardBG -2.9, IOBpredBG 2.2; 25 add'l carbs req w\/in 20m; minGuardBG -2.9<3.7 115m left and 0 ~ req 0U\/hr: no temp required","carbsReq":25,"carbsReqWithin":20,"timestamp":"2023-12-24T09:51:07.517Z"}}