{"algorithm":"OpenAPSSMBPlugin","input":{"glucoseStatus":{"glucose":79,"noise":0,"delta":5.67,"short_avgdelta":6.52,"long_avgdelta":2.81,"date":1703533516274},"currenttemp":{"temp":"absolute","duration":25,"rate":1.2,"minutesrunning":5},"iob_data":[{"iob":-0.014,"basaliob":-0.014,"bolussnooze":0,"activity":0.001,"lastBolusTime":0,"time":"2023-12-25T19:46:08.445Z","iobWithZeroTemp":{"iob":-0.014,"basaliob":-0.014,"bolussnooze":0,"activity":0.001,"lastBolusTime":0,"time":"2023-12-25T19:46:08.445Z"}},{"iob":-0.019,"basaliob":-0.019,"bolussnooze":0,"activity":8.0E-4,"lastBolusTime":0,"time":"2023-12-25T19:51:08.445Z","iobWithZeroTemp":{"iob":-0.046,"basaliob":-0.046,"bolussnooze":0,"activity":8.0E-4,"lastBolusTime":0,"time":"2023-12-25T19:51:08.445Z"}},{"iob":-0.023,"basaliob":-0.023,"bolussnooze":0,"activity":7.0E-4,"lastBolusTime":0,"time":"2023-12-25T19:56:08.445Z","iobWithZeroTemp":{"iob":-0.083,"basaliob":-0.083,"bolussnooze":0,"activity":6.0E-4,"lastBolusTime":0,"time":"2023-12-25T19:56:08.445Z"}},{"iob":-0.026,"basaliob":-0.026,"bolussnooze":0,"activity":5.0E-4,"lastBolusTime":0,"time":"2023-12-25T20:01:08.445Z","iobWithZeroTemp":{"iob":-0.118,"basaliob":-0.118,"bolussnooze":0,"activity":3.0E-4,"lastBolusTime":0,"time":"2023-12-25T20:01:08.445Z"}},{"iob":-0.028,"basaliob":-0.028,"bolussnooze":0,"activity":4.0E-4,"lastBolusTime":0,"time":"2023-12-25T20:06:08.445Z","iobWithZeroTemp":{"iob":-0.16,"basaliob":-0.16,"bolussnooze":0,"activity":1.0E-4,"lastBolusTime":0,"time":"2023-12-25T20:06:08.445Z"}},{"iob":-0.03,"basaliob":-0.03,"bolussnooze":0,"activity":3.0E-4,"lastBolusTime":0,"time":"2023-12-25T20:11:08.445Z","iobWithZeroTemp":{"iob":-0.202,"basaliob":-0.202,"bolussnooze":0,"activity":-2.0E-4,"lastBolusTime":0,"time":"2023-12-25T20:11:08.445Z"}},{"iob":-0.031,"basaliob":-0.031,"bolussnooze":0,"activity":2.0E-4,"lastBolusTime":0,"time":"2023-12-25T20:16:08.445Z","iobWithZeroTemp":{"iob":-0.241,"basaliob":-0.241,"bolussnooze":0,"activity":-5.0E-4,"lastBolusTime":0,"time":"2023-12-25T20:16:08.445Z"}},{"iob":-0.032,"basaliob":-0.032,"bolussnooze":0,"activity":1.0E-4,"lastBolusTime":0,"time":"2023-12-25T20:21:08.445Z","iobWithZeroTemp":{"iob":-0.28,"basaliob":-0.28,"bolussnooze":0,"activity":-9.0E-4,"lastBolusTime":0,"time":"2023-12-25T20:21:08.445Z"}},{"iob":-0.032,"basaliob":-0.032,"bolussnooze":0,"activity":1.0E-4,"lastBolusTime":0,"time":"2023-12-25T20:26:08.445Z","iobWithZeroTemp":{"iob":-0.316,"basaliob":-0.316,"bolussnooze":0,"activity":-0.0011,"lastBolusTime":0,"time":"2023-12-25T20:26:08.445Z"}},{"iob":-0.032,"basaliob":-0.032,"bolussnooze":0,"activity":0,"lastBolusTime":0,"time":"2023-12-25T20:31:08.445Z","iobWithZeroTemp":{"iob":-0.351,"basaliob":-0.351,"bolussnooze":0,"activity":-0.0015,"lastBolusTime":0,"time":"2023-12-25T20:31:08.445Z"}},{"iob":-0.032,"basaliob":-0.032,"bolussnooze":0,"activity":0,"lastBolusTime":0,"time":"2023-12-25T20:36:08.445Z","iobWithZeroTemp":{"iob":-0.384,"basaliob":-0.384,"bolussnooze":0,"activity":-0.0018,"lastBolusTime":0,"time":"2023-12-25T20:36:08.445Z"}},{"iob":-0.032,"basaliob":-0.032,"bolussnooze":0,"activity":-1.0E-4,"lastBolusTime":0,"time":"2023-12-25T20:41:08.445Z","iobWithZeroTemp":{"iob":-0.416,"basaliob":-0.416,"bolussnooze":0,"activity":-0.0021,"lastBolusTime":0,"time":"2023-12-25T20:41:08.445Z"}},{"iob":-0.031,"basaliob":-0.031,"bolussnooze":0,"activity":-1.0E-4,"lastBolusTime":0,"time":"2023-12-25T20:46:08.445Z","iobWithZeroTemp":{"iob":-0.446,"basaliob":-0.446,"bolussnooze":0,"activity":-0.0024,"lastBolusTime":0,"time":"2023-12-25T20:46:08.445Z"}},{"iob":-0.031,"basaliob":-0.031,"bolussnooze":0,"activity":-1.0E-4,"lastBolusTime":0,"time":"2023-12-25T20:51:08.445Z","iobWithZeroTemp":{"iob":-0.475,"basaliob":-0.475,"bolussnooze":0,"activity":-0.0027,"lastBolusTime":0,"time":"2023-12-25T20:51:08.445Z"}},{"iob":-0.03,"basaliob":-0.03,"bolussnooze":0,"activity":-2.0E-4,"lastBolusTime":0,"time":"2023-12-25T20:56:08.445Z","iobWithZeroTemp":{"iob":-0.502,"basaliob":-0.502,"bolussnooze":0,"activity":-0.0031,"lastBolusTime":0,"time":"2023-12-25T20:56:08.445Z"}},{"iob":-0.029,"basaliob":-0.029,"bolussnooze":0,"activity":-2.0E-4,"lastBolusTime":0,"time":"2023-12-25T21:01:08.445Z","iobWithZeroTemp":{"iob":-0.528,"basaliob":-0.528,"bolussnooze":0,"activity":-0.0034,"lastBolusTime":0,"time":"2023-12-25T21:01:08.445Z"}},{"iob":-0.028,"basaliob":-0.028,"bolussnooze":0,"activity":-2.0E-4,"lastBolusTime":0,"time":"2023-12-25T21:06:08.445Z","iobWithZeroTemp":{"iob":-0.552,"basaliob":-0.552,"bolussnooze":0,"activity":-0.0036,"lastBolusTime":0,"time":"2023-12-25T21:06:08.445Z"}},{"iob":-0.027,"basaliob":-0.027,"bolussnooze":0,"activity":-2.0E-4,"lastBolusTime":0,"time":"2023-12-25T21:11:08.445Z","iobWithZeroTemp":{"iob":-0.575,"basaliob":-0.575,"bolussnooze":0,"activity":-0.0039,"lastBolusTime":0,"time":"2023-12-25T21:11:08.445Z"}},{"iob":-0.026,"basaliob":-0.026,"bolussnooze":0,"activity":-2.0E-4,"lastBolusTime":0,"time":"2023-12-25T21:16:08.445Z","iobWithZeroTemp":{"iob":-0.596,"basaliob":-0.596,"bolussnooze":0,"activity":-0.0042,"lastBolusTime":0,"time":"2023-12-25T21:16:08.445Z"}},{"iob":-0.025,"basaliob":-0.025,"bolussnooze":0,"activity":-2.0E-4,"lastBolusTime":0,"time":"2023-12-25T21:21:08.445Z","iobWithZeroTemp":{"iob":-0.617,"basaliob":-0.617,"bolussnooze":0,"activity":-0.0044,"lastBolusTime":0,"time":"2023-12-25T21:21:08.445Z"}},{"iob":-0.024,"basaliob":-0.024,"bolussnooze":0,"activity":-2.0E-4,"lastBolusTime":0,"time":"2023-12-25T21:26:08.445Z","iobWithZeroTemp":{"iob":-0.636,"basaliob":-0.636,"bolussnooze":0,"activity":-0.0046,"lastBolusTime":0,"time":"2023-12-25T21:26:08.445Z"}},{"iob":-0.023,"basaliob":-0.023,"bolussnooze":0,"activity":-2.0E-4,"lastBolusTime":0,"time":"2023-12-25T21:31:08.445Z","iobWithZeroTemp":{"iob":-0.654,"basaliob":-0.654,"bolussnooze":0,"activity":-0.0049,"lastBolusTime":0,"time":"2023-12-25T21:31:08.445Z"}},{"iob":-0.022,"basaliob":-0.022,"bolussnooze":0,"activity":-2.0E-4,"lastBolusTime":0,"time":"2023-12-25T21:36:08.445Z","iobWithZeroTemp":{"iob":-0.67,"basaliob":-0.67,"bolussnooze":0,"activity":-0.0051,"lastBolusTime":0,"time":"2023-12-25T21:36:08.445Z"}},{"iob":-0.021,"basaliob":-0.021,"bolussnooze":0,"activity":-2.0E-4,"lastBolusTime":0,"time":"2023-12-25T21:41:08.445Z","iobWithZeroTemp":{"iob":-0.686,"basaliob":-0.686,"bolussnooze":0,"activity":-0.0053,"lastBolusTime":0,"time":"2023-12-25T21:41:08.445Z"}},{"iob":-0.02,"basaliob":-0.02,"bolussnooze":0,"activity":-2.0E-4,"lastBolusTime":0,"time":"2023-12-25T21:46:08.445Z","iobWithZeroTemp":{"iob":-0.701,"basaliob":-0.701,"bolussnooze":0,"activity":-0.0055,"lastBolusTime":0,"time":"2023-12-25T21:46:08.445Z"}},{"iob":-0.019,"basaliob":-0.019,"bolussnooze":0,"activity":-2.0E-4,"lastBolusTime":0,"time":"2023-12-25T21:51:08.445Z","iobWithZeroTemp":{"iob":-0.714,"basaliob":-0.714,"bolussnooze":0,"activity":-0.0057,"lastBolusTime":0,"time":"2023-12-25T21:51:08.445Z"}},{"iob":-0.018,"basaliob":-0.018,"bolussnooze":0,"activity":-2.0E-4,"lastBolusTime":0,"time":"2023-12-25T21:56:08.445Z","iobWithZeroTemp":{"iob":-0.727,"basaliob":-0.727,"bolussnooze":0,"activity":-0.0059,"lastBolusTime":0,"time":"2023-12-25T21:56:08.445Z"}},{"iob":-0.017,"basaliob":-0.017,"bolussnooze":0,"activity":-2.0E-4,"lastBolusTime":0,"time":"2023-12-25T22:01:08.445Z","iobWithZeroTemp":{"iob":-0.739,"basaliob":-0.739,"bolussnooze":0,"activity":-0.0061,"lastBolusTime":0,"time":"2023-12-25T22:01:08.445Z"}},{"iob":-0.016,"basaliob":-0.016,"bolussnooze":0,"activity":-2.0E-4,"lastBolusTime":0,"time":"2023-12-25T22:06:08.445Z","iobWithZeroTemp":{"iob":-0.75,"basaliob":-0.75,"bolussnooze":0,"activity":-0.0062,"lastBolusTime":0,"time":"2023-12-25T22:06:08.445Z"}},{"iob":-0.015,"basaliob":-0.015,"bolussnooze":0,"activity":-2.0E-4,"lastBolusTime":0,"time":"2023-12-25T22:11:08.445Z","iobWithZeroTemp":{"iob":-0.76,"basaliob":-0.76,"bolussnooze":0,"activity":-0.0064,"lastBolusTime":0,"time":"2023-12-25T22:11:08.445Z"}},{"iob":-0.014,"basaliob":-0.014,"bolussnooze":0,"activity":-2.0E-4,"lastBolusTime":0,"time":"2023-12-25T22:16:08.445Z","iobWithZeroTemp":{"iob":-0.769,"basaliob":-0.769,"bolussnooze":0,"activity":-0.0065,"lastBolusTime":0,"time":"2023-12-25T22:16:08.445Z"}},{"iob":-0.013,"basaliob":-0.013,"bolussnooze":0,"activity":-2.0E-4,"lastBolusTime":0,"time":"2023-12-25T22:21:08.445Z","iobWithZeroTemp":{"iob":-0.778,"basaliob":-0.778,"bolussnooze":0,"activity":-0.0067,"lastBolusTime":0,"time":"2023-12-25T22:21:08.445Z"}},{"iob":-0.012,"basaliob":-0.012,"bolussnooze":0,"activity":-2.0E-4,"lastBolusTime":0,"time":"2023-12-25T22:26:08.445Z","iobWithZeroTemp":{"iob":-0.786,"basaliob":-0.786,"bolussnooze":0,"activity":-0.0068,"lastBolusTime":0,"time":"2023-12-25T22:26:08.445Z"}},{"iob":-0.011,"basaliob":-0.011,"bolussnooze":0,"activity":-1.0E-4,"lastBolusTime":0,"time":"2023-12-25T22:31:08.445Z","iobWithZeroTemp":{"iob":-0.793,"basaliob":-0.793,"bolussnooze":0,"activity":-0.0068,"lastBolusTime":0,"time":"2023-12-25T22:31:08.445Z"}},{"iob":-0.011,"basaliob":-0.011,"bolussnooze":0,"activity":-1.0E-4,"lastBolusTime":0,"time":"2023-12-25T22:36:08.445Z","iobWithZeroTemp":{"iob":-0.801,"basaliob":-0.801,"bolussnooze":0,"activity":-0.0069,"lastBolusTime":0,"time":"2023-12-25T22:36:08.445Z"}},{"iob":-0.01,"basaliob":-0.01,"bolussnooze":0,"activity":-1.0E-4,"lastBolusTime":0,"time":"2023-12-25T22:41:08.445Z","iobWithZeroTemp":{"iob":-0.807,"basaliob":-0.807,"bolussnooze":0,"activity":-0.007,"lastBolusTime":0,"time":"2023-12-25T22:41:08.445Z"}},{"iob":-0.009,"basaliob":-0.009,"bolussnooze":0,"activity":-1.0E-4,"lastBolusTime":0,"time":"2023-12-25T22:46:08.445Z","iobWithZeroTemp":{"iob":-0.813,"basaliob":-0.813,"bolussnooze":0,"activity":-0.0071,"lastBolusTime":0,"time":"2023-12-25T22:46:08.445Z"}},{"iob":-0.009,"basaliob":-0.009,"bolussnooze":0,"activity":-1.0E-4,"lastBolusTime":0,"time":"2023-12-25T22:51:08.445Z","iobWithZeroTemp":{"iob":-0.819,"basaliob":-0.819,"bolussnooze":0,"activity":-0.0072,"lastBolusTime":0,"time":"2023-12-25T22:51:08.445Z"}},{"iob":-0.008,"basaliob":-0.008,"bolussnooze":0,"activity":-1.0E-4,"lastBolusTime":0,"time":"2023-12-25T22:56:08.445Z","iobWithZeroTemp":{"iob":-0.824,"basaliob":-0.824,"bolussnooze":0,"activity":-0.0073,"lastBolusTime":0,"time":"2023-12-25T22:56:08.445Z"}},{"iob":-0.008,"basaliob":-0.008,"bolussnooze":0,"activity":-1.0E-4,"lastBolusTime":0,"time":"2023-12-25T23:01:08.445Z","iobWithZeroTemp":{"iob":-0.829,"basaliob":-0.829,"bolussnooze":0,"activity":-0.0074,"lastBolusTime":0,"time":"2023-12-25T23:01:08.445Z"}},{"iob":-0.007,"basaliob":-0.007,"bolussnooze":0,"activity":-1.0E-4,"lastBolusTime":0,"time":"2023-12-25T23:06:08.445Z","iobWithZeroTemp":{"iob":-0.813,"basaliob":-0.813,"bolussnooze":0,"activity":-0.0075,"lastBolusTime":0,"time":"2023-12-25T23:06:08.445Z"}},{"iob":-0.007,"basaliob":-0.007,"bolussnooze":0,"activity":-1.0E-4,"lastBolusTime":0,"time":"2023-12-25T23:11:08.445Z","iobWithZeroTemp":{"iob":-0.797,"basaliob":-0.797,"bolussnooze":0,"activity":-0.0075,"lastBolusTime":0,"time":"2023-12-25T23:11:08.445Z"}},{"iob":-0.006,"basaliob":-0.006,"bolussnooze":0,"activity":-1.0E-4,"lastBolusTime":0,"time":"2023-12-25T23:16:08.445Z","iobWithZeroTemp":{"iob":-0.78,"basaliob":-0.78,"bolussnooze":0,"activity":-0.0075,"lastBolusTime":0,"time":"2023-12-25T23:16:08.445Z"}},{"iob":-0.006,"basaliob":-0.006,"bolussnooze":0,"activity":-1.0E-4,"lastBolusTime":0,"time":"2023-12-25T23:21:08.445Z","iobWithZeroTemp":{"iob":-0.764,"basaliob":-0.764,"bolussnooze":0,"activity":-0.0075,"lastBolusTime":0,"time":"2023-12-25T23:21:08.445Z"}},{"iob":-0.005,"basaliob":-0.005,"bolussnooze":0,"activity":-1.0E-4,"lastBolusTime":0,"time":"2023-12-25T23:26:08.445Z","iobWithZeroTemp":{"iob":-0.747,"basaliob":-0.747,"bolussnooze":0,"activity":-0.0074,"lastBolusTime":0,"time":"2023-12-25T23:26:08.445Z"}},{"iob":-0.005,"basaliob":-0.005,"bolussnooze":0,"activity":-1.0E-4,"lastBolusTime":0,"time":"2023-12-25T23:31:08.445Z","iobWithZeroTemp":{"iob":-0.731,"basaliob":-0.731,"bolussnooze":0,"activity":-0.0074,"lastBolusTime":0,"time":"2023-12-25T23:31:08.445Z"}},{"iob":-0.005,"basaliob":-0.005,"bolussnooze":0,"activity":-1.0E-4,"lastBolusTime":0,"time":"2023-12-25T23:36:08.445Z","iobWithZeroTemp":{"iob":-0.716,"basaliob":-0.716,"bolussnooze":0,"activity":-0.0073,"lastBolusTime":0,"time":"2023-12-25T23:36:08.445Z"}},{"iob":-0.004,"basaliob":-0.004,"bolussnooze":0,"activity":-1.0E-4,"lastBolusTime":0,"time":"2023-12-25T23:41:08.445Z","iobWithZeroTemp":{"iob":-0.7,"basaliob":-0.7,"bolussnooze":0,"activity":-0.0072,"lastBolusTime":0,"time":"2023-12-25T23:41:08.445Z"}}],"profile":{"max_iob":4,"type":"current","max_daily_basal":0.5,"max_basal":1.5,"min_bg":90,"max_bg":90,"target_bg":90,"carb_ratio":20,"sens":117,"max_daily_safety_multiplier":3,"current_basal_safety_multiplier":4,"high_temptarget_raises_sensitivity":false,"low_temptarget_lowers_sensitivity":false,"sensitivity_raises_target":true,"resistance_lowers_target":true,"adv_target_adjustments":false,"exercise_mode":false,"half_basal_exercise_target":160,"maxCOB":120,"skip_neutral_temps":false,"remainingCarbsCap":90,"enableUAM":true,"A52_risk_enable":false,"SMBInterval":3,"enableSMB_with_COB":true,"enableSMB_with_temptarget":true,"allowSMB_with_high_temptarget":false,"enableSMB_always":false,"enableSMB_after_carbs":false,"maxSMBBasalMinutes":75,"maxUAMSMBBasalMinutes":75,"bolus_increment":0.05,"carbsReqThreshold":10,"current_basal":0.4,"temptargetSet":false,"autosens_max":1.2,"out_units":"mmol\/L"},"autosens_data":{"ratio":1},"meal_data":{"carbs":0,"mealCOB":0,"slopeFromMaxDeviation":0,"slopeFromMinDeviation":1.8356363636363637,"lastBolusTime":1703430368291,"lastCarbTime":0},"microBolusAllowed":true,"currentTime":1703533569872,"flatBGsDetected":false},"output":{"temp":"absolute","bg":79,"tick":"+6","eventualBG":119,"targetBG":90,"insulinReq":0.19,"deliverAt":"2023-12-25T19:46:09.872Z","sensitivityRatio":1,"predBGs":{"IOB":[79,84,89,93,97,101,104,106,108,110,111,111,111,111,111,112,112,112,112,112,112,112,112,113,113,113,113,113,113,113,113,113,114,114,114,114,114,114,114,114,114,114,114,114,114,114,114,115],"ZT":[79,78,78,78,77,77,77,78,78,79,80,81,82,83,85,87,89],"UAM":[79,84,89,93,96,99,102,104,105,106,106,106,106,106,106,106,106,106,107,107,107,107,107,107,107,107,107,108,108,108,108,108,108,108,108,108,108,109]},"COB":0,"IOB":-0.014,"reason":"COB: 0, Dev: 2.1, BGI: 0.0, ISF: 6.5, CR: 20, Target: 5.0, minPredBG 6.2, minGuardBG 4.7, IOBpredBG 6.4, UAMpredBG 6.1; Eventual BG 6.6 >= 5.0, temp 1.20 >~ req 0.78U\/hr. ","timestamp":"2023-12-25T19:46:09.911Z"}}