{"algorithm":"OpenAPSSMBPlugin","input":{"glucoseStatus":{"glucose":143,"noise":0,"delta":13.33,"short_avgdelta":10.2,"long_avgdelta":1.32,"date":1703463014866},"currenttemp":{"temp":"absolute","duration":25,"rate":0.65,"minutesrunning":5},"iob_data":[{"iob":0.258,"basaliob":0.258,"bolussnooze":0,"activity":0.0038,"lastBolusTime":0,"time":"2023-12-25T00:11:08.188Z","iobWithZeroTemp":{"iob":0.258,"basaliob":0.258,"bolussnooze":0,"activity":0.0038,"lastBolusTime":0,"time":"2023-12-25T00:11:08.188Z"}},{"iob":0.24,"basaliob":0.24,"bolussnooze":0,"activity":0.0036,"lastBolusTime":0,"time":"2023-12-25T00:16:08.188Z","iobWithZeroTemp":{"iob":0.222,"basaliob":0.222,"bolussnooze":0,"activity":0.0036,"lastBolusTime":0,"time":"2023-12-25T00:16:08.188Z"}},{"iob":0.223,"basaliob":0.223,"bolussnooze":0,"activity":0.0033,"lastBolusTime":0,"time":"2023-12-25T00:21:08.188Z","iobWithZeroTemp":{"iob":0.182,"basaliob":0.182,"bolussnooze":0,"activity":0.0032,"lastBolusTime":0,"time":"2023-12-25T00:21:08.188Z"}},{"iob":0.207,"basaliob":0.207,"bolussnooze":0,"activity":0.0031,"lastBolusTime":0,"time":"2023-12-25T00:26:08.188Z","iobWithZeroTemp":{"iob":0.144,"basaliob":0.144,"bolussnooze":0,"activity":0.003,"lastBolusTime":0,"time":"2023-12-25T00:26:08.188Z"}},{"iob":0.192,"basaliob":0.192,"bolussnooze":0,"activity":0.0029,"lastBolusTime":0,"time":"2023-12-25T00:31:08.188Z","iobWithZeroTemp":{"iob":0.107,"basaliob":0.107,"bolussnooze":0,"activity":0.0027,"lastBolusTime":0,"time":"2023-12-25T00:31:08.188Z"}},{"iob":0.177,"basaliob":0.177,"bolussnooze":0,"activity":0.0027,"lastBolusTime":0,"time":"2023-12-25T00:36:08.188Z","iobWithZeroTemp":{"iob":0.071,"basaliob":0.071,"bolussnooze":0,"activity":0.0024,"lastBolusTime":0,"time":"2023-12-25T00:36:08.188Z"}},{"iob":0.164,"basaliob":0.164,"bolussnooze":0,"activity":0.0025,"lastBolusTime":0,"time":"2023-12-25T00:41:08.188Z","iobWithZeroTemp":{"iob":0.037,"basaliob":0.037,"bolussnooze":0,"activity":0.002,"lastBolusTime":0,"time":"2023-12-25T00:41:08.188Z"}},{"iob":0.152,"basaliob":0.152,"bolussnooze":0,"activity":0.0024,"lastBolusTime":0,"time":"2023-12-25T00:46:08.188Z","iobWithZeroTemp":{"iob":0.005,"basaliob":0.005,"bolussnooze":0,"activity":0.0018,"lastBolusTime":0,"time":"2023-12-25T00:46:08.188Z"}},{"iob":0.14,"basaliob":0.14,"bolussnooze":0,"activity":0.0022,"lastBolusTime":0,"time":"2023-12-25T00:51:08.188Z","iobWithZeroTemp":{"iob":-0.026,"basaliob":-0.026,"bolussnooze":0,"activity":0.0015,"lastBolusTime":0,"time":"2023-12-25T00:51:08.188Z"}},{"iob":0.13,"basaliob":0.13,"bolussnooze":0,"activity":0.0021,"lastBolusTime":0,"time":"2023-12-25T00:56:08.188Z","iobWithZeroTemp":{"iob":-0.055,"basaliob":-0.055,"bolussnooze":0,"activity":0.0012,"lastBolusTime":0,"time":"2023-12-25T00:56:08.188Z"}},{"iob":0.12,"basaliob":0.12,"bolussnooze":0,"activity":0.0019,"lastBolusTime":0,"time":"2023-12-25T01:01:08.188Z","iobWithZeroTemp":{"iob":-0.083,"basaliob":-0.083,"bolussnooze":0,"activity":9.0E-4,"lastBolusTime":0,"time":"2023-12-25T01:01:08.188Z"}},{"iob":0.111,"basaliob":0.111,"bolussnooze":0,"activity":0.0018,"lastBolusTime":0,"time":"2023-12-25T01:06:08.188Z","iobWithZeroTemp":{"iob":-0.109,"basaliob":-0.109,"bolussnooze":0,"activity":6.0E-4,"lastBolusTime":0,"time":"2023-12-25T01:06:08.188Z"}},{"iob":0.102,"basaliob":0.102,"bolussnooze":0,"activity":0.0017,"lastBolusTime":0,"time":"2023-12-25T01:11:08.188Z","iobWithZeroTemp":{"iob":-0.134,"basaliob":-0.134,"bolussnooze":0,"activity":3.0E-4,"lastBolusTime":0,"time":"2023-12-25T01:11:08.188Z"}},{"iob":0.094,"basaliob":0.094,"bolussnooze":0,"activity":0.0015,"lastBolusTime":0,"time":"2023-12-25T01:16:08.188Z","iobWithZeroTemp":{"iob":-0.158,"basaliob":-0.158,"bolussnooze":0,"activity":0,"lastBolusTime":0,"time":"2023-12-25T01:16:08.188Z"}},{"iob":0.086,"basaliob":0.086,"bolussnooze":0,"activity":0.0014,"lastBolusTime":0,"time":"2023-12-25T01:21:08.188Z","iobWithZeroTemp":{"iob":-0.181,"basaliob":-0.181,"bolussnooze":0,"activity":-3.0E-4,"lastBolusTime":0,"time":"2023-12-25T01:21:08.188Z"}},{"iob":0.079,"basaliob":0.079,"bolussnooze":0,"activity":0.0013,"lastBolusTime":0,"time":"2023-12-25T01:26:08.188Z","iobWithZeroTemp":{"iob":-0.202,"basaliob":-0.202,"bolussnooze":0,"activity":-5.0E-4,"lastBolusTime":0,"time":"2023-12-25T01:26:08.188Z"}},{"iob":0.073,"basaliob":0.073,"bolussnooze":0,"activity":0.0012,"lastBolusTime":0,"time":"2023-12-25T01:31:08.188Z","iobWithZeroTemp":{"iob":-0.221,"basaliob":-0.221,"bolussnooze":0,"activity":-8.0E-4,"lastBolusTime":0,"time":"2023-12-25T01:31:08.188Z"}},{"iob":0.067,"basaliob":0.067,"bolussnooze":0,"activity":0.0011,"lastBolusTime":0,"time":"2023-12-25T01:36:08.188Z","iobWithZeroTemp":{"iob":-0.239,"basaliob":-0.239,"bolussnooze":0,"activity":-0.001,"lastBolusTime":0,"time":"2023-12-25T01:36:08.188Z"}},{"iob":0.062,"basaliob":0.062,"bolussnooze":0,"activity":0.0011,"lastBolusTime":0,"time":"2023-12-25T01:41:08.188Z","iobWithZeroTemp":{"iob":-0.256,"basaliob":-0.256,"bolussnooze":0,"activity":-0.0011,"lastBolusTime":0,"time":"2023-12-25T01:41:08.188Z"}},{"iob":0.057,"basaliob":0.057,"bolussnooze":0,"activity":0.001,"lastBolusTime":0,"time":"2023-12-25T01:46:08.188Z","iobWithZeroTemp":{"iob":-0.273,"basaliob":-0.273,"bolussnooze":0,"activity":-0.0014,"lastBolusTime":0,"time":"2023-12-25T01:46:08.188Z"}},{"iob":0.052,"basaliob":0.052,"bolussnooze":0,"activity":9.0E-4,"lastBolusTime":0,"time":"2023-12-25T01:51:08.188Z","iobWithZeroTemp":{"iob":-0.288,"basaliob":-0.288,"bolussnooze":0,"activity":-0.0016,"lastBolusTime":0,"time":"2023-12-25T01:51:08.188Z"}},{"iob":0.047,"basaliob":0.047,"bolussnooze":0,"activity":8.0E-4,"lastBolusTime":0,"time":"2023-12-25T01:56:08.188Z","iobWithZeroTemp":{"iob":-0.303,"basaliob":-0.303,"bolussnooze":0,"activity":-0.0018,"lastBolusTime":0,"time":"2023-12-25T01:56:08.188Z"}},{"iob":0.043,"basaliob":0.043,"bolussnooze":0,"activity":8.0E-4,"lastBolusTime":0,"time":"2023-12-25T02:01:08.188Z","iobWithZeroTemp":{"iob":-0.316,"basaliob":-0.316,"bolussnooze":0,"activity":-0.0019,"lastBolusTime":0,"time":"2023-12-25T02:01:08.188Z"}},{"iob":0.04,"basaliob":0.04,"bolussnooze":0,"activity":7.0E-4,"lastBolusTime":0,"time":"2023-12-25T02:06:08.188Z","iobWithZeroTemp":{"iob":-0.328,"basaliob":-0.328,"bolussnooze":0,"activity":-0.0022,"lastBolusTime":0,"time":"2023-12-25T02:06:08.188Z"}},{"iob":0.036,"basaliob":0.036,"bolussnooze":0,"activity":7.0E-4,"lastBolusTime":0,"time":"2023-12-25T02:11:08.188Z","iobWithZeroTemp":{"iob":-0.34,"basaliob":-0.34,"bolussnooze":0,"activity":-0.0023,"lastBolusTime":0,"time":"2023-12-25T02:11:08.188Z"}},{"iob":0.033,"basaliob":0.033,"bolussnooze":0,"activity":6.0E-4,"lastBolusTime":0,"time":"2023-12-25T02:16:08.188Z","iobWithZeroTemp":{"iob":-0.351,"basaliob":-0.351,"bolussnooze":0,"activity":-0.0025,"lastBolusTime":0,"time":"2023-12-25T02:16:08.188Z"}},{"iob":0.03,"basaliob":0.03,"bolussnooze":0,"activity":6.0E-4,"lastBolusTime":0,"time":"2023-12-25T02:21:08.188Z","iobWithZeroTemp":{"iob":-0.361,"basaliob":-0.361,"bolussnooze":0,"activity":-0.0026,"lastBolusTime":0,"time":"2023-12-25T02:21:08.188Z"}},{"iob":0.028,"basaliob":0.028,"bolussnooze":0,"activity":5.0E-4,"lastBolusTime":0,"time":"2023-12-25T02:26:08.188Z","iobWithZeroTemp":{"iob":-0.37,"basaliob":-0.37,"bolussnooze":0,"activity":-0.0028,"lastBolusTime":0,"time":"2023-12-25T02:26:08.188Z"}},{"iob":0.025,"basaliob":0.025,"bolussnooze":0,"activity":5.0E-4,"lastBolusTime":0,"time":"2023-12-25T02:31:08.188Z","iobWithZeroTemp":{"iob":-0.379,"basaliob":-0.379,"bolussnooze":0,"activity":-0.0028,"lastBolusTime":0,"time":"2023-12-25T02:31:08.188Z"}},{"iob":0.023,"basaliob":0.023,"bolussnooze":0,"activity":4.0E-4,"lastBolusTime":0,"time":"2023-12-25T02:36:08.188Z","iobWithZeroTemp":{"iob":-0.387,"basaliob":-0.387,"bolussnooze":0,"activity":-0.003,"lastBolusTime":0,"time":"2023-12-25T02:36:08.188Z"}},{"iob":0.021,"basaliob":0.021,"bolussnooze":0,"activity":4.0E-4,"lastBolusTime":0,"time":"2023-12-25T02:41:08.188Z","iobWithZeroTemp":{"iob":-0.394,"basaliob":-0.394,"bolussnooze":0,"activity":-0.0031,"lastBolusTime":0,"time":"2023-12-25T02:41:08.188Z"}},{"iob":0.019,"basaliob":0.019,"bolussnooze":0,"activity":4.0E-4,"lastBolusTime":0,"time":"2023-12-25T02:46:08.188Z","iobWithZeroTemp":{"iob":-0.401,"basaliob":-0.401,"bolussnooze":0,"activity":-0.0032,"lastBolusTime":0,"time":"2023-12-25T02:46:08.188Z"}},{"iob":0.017,"basaliob":0.017,"bolussnooze":0,"activity":3.0E-4,"lastBolusTime":0,"time":"2023-12-25T02:51:08.188Z","iobWithZeroTemp":{"iob":-0.408,"basaliob":-0.408,"bolussnooze":0,"activity":-0.0033,"lastBolusTime":0,"time":"2023-12-25T02:51:08.188Z"}},{"iob":0.016,"basaliob":0.016,"bolussnooze":0,"activity":3.0E-4,"lastBolusTime":0,"time":"2023-12-25T02:56:08.188Z","iobWithZeroTemp":{"iob":-0.413,"basaliob":-0.413,"bolussnooze":0,"activity":-0.0034,"lastBolusTime":0,"time":"2023-12-25T02:56:08.188Z"}},{"iob":0.014,"basaliob":0.014,"bolussnooze":0,"activity":3.0E-4,"lastBolusTime":0,"time":"2023-12-25T03:01:08.188Z","iobWithZeroTemp":{"iob":-0.419,"basaliob":-0.419,"bolussnooze":0,"activity":-0.0035,"lastBolusTime":0,"time":"2023-12-25T03:01:08.188Z"}},{"iob":0.013,"basaliob":0.013,"bolussnooze":0,"activity":3.0E-4,"lastBolusTime":0,"time":"2023-12-25T03:06:08.188Z","iobWithZeroTemp":{"iob":-0.424,"basaliob":-0.424,"bolussnooze":0,"activity":-0.0035,"lastBolusTime":0,"time":"2023-12-25T03:06:08.188Z"}},{"iob":0.012,"basaliob":0.012,"bolussnooze":0,"activity":2.0E-4,"lastBolusTime":0,"time":"2023-12-25T03:11:08.188Z","iobWithZeroTemp":{"iob":-0.428,"basaliob":-0.428,"bolussnooze":0,"activity":-0.0037,"lastBolusTime":0,"time":"2023-12-25T03:11:08.188Z"}},{"iob":0.01,"basaliob":0.01,"bolussnooze":0,"activity":2.0E-4,"lastBolusTime":0,"time":"2023-12-25T03:16:08.188Z","iobWithZeroTemp":{"iob":-0.434,"basaliob":-0.434,"bolussnooze":0,"activity":-0.0037,"lastBolusTime":0,"time":"2023-12-25T03:16:08.188Z"}},{"iob":0.009,"basaliob":0.009,"bolussnooze":0,"activity":2.0E-4,"lastBolusTime":0,"time":"2023-12-25T03:21:08.188Z","iobWithZeroTemp":{"iob":-0.438,"basaliob":-0.438,"bolussnooze":0,"activity":-0.0038,"lastBolusTime":0,"time":"2023-12-25T03:21:08.188Z"}},{"iob":0.008,"basaliob":0.008,"bolussnooze":0,"activity":2.0E-4,"lastBolusTime":0,"time":"2023-12-25T03:26:08.188Z","iobWithZeroTemp":{"iob":-0.441,"basaliob":-0.441,"bolussnooze":0,"activity":-0.0038,"lastBolusTime":0,"time":"2023-12-25T03:26:08.188Z"}},{"iob":0.008,"basaliob":0.008,"bolussnooze":0,"activity":2.0E-4,"lastBolusTime":0,"time":"2023-12-25T03:31:08.188Z","iobWithZeroTemp":{"iob":-0.444,"basaliob":-0.444,"bolussnooze":0,"activity":-0.0039,"lastBolusTime":0,"time":"2023-12-25T03:31:08.188Z"}},{"iob":0.007,"basaliob":0.007,"bolussnooze":0,"activity":1.0E-4,"lastBolusTime":0,"time":"2023-12-25T03:36:08.188Z","iobWithZeroTemp":{"iob":-0.447,"basaliob":-0.447,"bolussnooze":0,"activity":-0.004,"lastBolusTime":0,"time":"2023-12-25T03:36:08.188Z"}},{"iob":0.006,"basaliob":0.006,"bolussnooze":0,"activity":1.0E-4,"lastBolusTime":0,"time":"2023-12-25T03:41:08.188Z","iobWithZeroTemp":{"iob":-0.451,"basaliob":-0.451,"bolussnooze":0,"activity":-0.004,"lastBolusTime":0,"time":"2023-12-25T03:41:08.188Z"}},{"iob":0.006,"basaliob":0.006,"bolussnooze":0,"activity":1.0E-4,"lastBolusTime":0,"time":"2023-12-25T03:46:08.188Z","iobWithZeroTemp":{"iob":-0.453,"basaliob":-0.453,"bolussnooze":0,"activity":-0.0041,"lastBolusTime":0,"time":"2023-12-25T03:46:08.188Z"}},{"iob":0.005,"basaliob":0.005,"bolussnooze":0,"activity":1.0E-4,"lastBolusTime":0,"time":"2023-12-25T03:51:08.188Z","iobWithZeroTemp":{"iob":-0.455,"basaliob":-0.455,"bolussnooze":0,"activity":-0.0041,"lastBolusTime":0,"time":"2023-12-25T03:51:08.188Z"}},{"iob":0.004,"basaliob":0.004,"bolussnooze":0,"activity":1.0E-4,"lastBolusTime":0,"time":"2023-12-25T03:56:08.188Z","iobWithZeroTemp":{"iob":-0.458,"basaliob":-0.458,"bolussnooze":0,"activity":-0.0041,"lastBolusTime":0,"time":"2023-12-25T03:56:08.188Z"}},{"iob":0.004,"basaliob":0.004,"bolussnooze":0,"activity":1.0E-4,"lastBolusTime":0,"time":"2023-12-25T04:01:08.188Z","iobWithZeroTemp":{"iob":-0.46,"basaliob":-0.46,"bolussnooze":0,"activity":-0.0041,"lastBolusTime":0,"time":"2023-12-25T04:01:08.188Z"}},{"iob":0.003,"basaliob":0.003,"bolussnooze":0,"activity":1.0E-4,"lastBolusTime":0,"time":"2023-12-25T04:06:08.188Z","iobWithZeroTemp":{"iob":-0.462,"basaliob":-0.462,"bolussnooze":0,"activity":-0.0042,"lastBolusTime":0,"time":"2023-12-25T04:06:08.188Z"}}],"profile":{"max_iob":4,"type":"current","max_daily_basal":0.5,"max_basal":1,"min_bg":99,"max_bg":99,"target_bg":99,"carb_ratio":25,"sens":142.20000000000002,"max_daily_safety_multiplier":3,"current_basal_safety_multiplier":4,"high_temptarget_raises_sensitivity":false,"low_temptarget_lowers_sensitivity":false,"sensitivity_raises_target":true,"resistance_lowers_target":true,"adv_target_adjustments":false,"exercise_mode":false,"half_basal_exercise_target":160,"maxCOB":120,"skip_neutral_temps":false,"remainingCarbsCap":90,"enableUAM":true,"A52_risk_enable":false,"SMBInterval":3,"enableSMB_with_COB":true,"enableSMB_with_temptarget":true,"allowSMB_with_high_temptarget":false,"enableSMB_always":false,"enableSMB_after_carbs":false,"maxSMBBasalMinutes":75,"maxUAMSMBBasalMinutes":75,"bolus_increment":0.05,"carbsReqThreshold":10,"current_basal":0.25,"temptargetSet":false,"autosens_max":1.2,"out_units":"mmol\/L"},"autosens_data":{"ratio":1.09},"meal_data":{"carbs":0,"mealCOB":0,"slopeFromMaxDeviation":-0.8076363636363635,"slopeFromMinDeviation":2.901,"lastBolusTime":1703430368291,"lastCarbTime":0},"microBolusAllowed":true,"currentTime":1703463069368,"flatBGsDetected":false},"output":{"temp":"absolute","bg":143,"tick":"+13","eventualBG":186,"targetBG":96,"insulinReq":0.66,"deliverAt":"2023-12-25T00:11:09.368Z","sensitivityRatio":1.09,"predBGs":{"IOB":[143,152,160,168,174,180,184,188,191,192,193,193,192,191,190,189,188,187,186,186,185,184,184,183,183,183,182,182,181,181,181,181,180,180,180,180,179,179,179,179,179,179,179,179,179,179,178],"ZT":[143,141,138,136,134,132,131,129,128,127,127,126,126,125,125,126,126,126],"UAM":[143,152,161,168,175,181,186,191,194,197,198,199,199,198,197,196,195,194,194,193,192,192,191,191,190,190,189,189,189,188,188,188,188,187,187,187,187,187,187,186]},"COB":0,"IOB":0.258,"reason":"COB: 0, Dev: 4.2, BGI: -0.1, ISF: 7.3, CR: 25, Target: 5.3, minPredBG 10.1, minGuardBG 8.4, IOBpredBG 9.9, UAMpredBG 10.3; Eventual BG 10.3 >= 5.3, adj. req. rate: 1.59 to maxSafeBasal: 1, temp 0.65 < 1U\/hr. ","duration":30,"rate":1,"timestamp":"2023-12-25T00:11:09.405Z"}}