{"algorithm":"OpenAPSSMBPlugin","input":{"glucoseStatus":{"glucose":160,"noise":0,"delta":3.67,"short_avgdelta":4.28,"long_avgdelta":4.81,"date":1703407816049},"currenttemp":{"temp":"absolute","duration":20,"rate":0.7,"minutesrunning":10},"iob_data":[{"iob":0.718,"basaliob":-0.032,"bolussnooze":0,"activity":0.0053,"lastBolusTime":1703407567991,"time":"2023-12-24T08:51:07.110Z","iobWithZeroTemp":{"iob":0.718,"basaliob":-0.032,"bolussnooze":0,"activity":0.0053,"lastBolusTime":1703407567991,"time":"2023-12-24T08:51:07.110Z"}},{"iob":0.691,"basaliob":-0.026,"bolussnooze":0,"activity":0.0054,"lastBolusTime":1703407567991,"time":"2023-12-24T08:56:07.110Z","iobWithZeroTemp":{"iob":0.671,"basaliob":-0.046,"bolussnooze":0,"activity":0.0054,"lastBolusTime":1703407567991,"time":"2023-12-24T08:56:07.110Z"}},{"iob":0.663,"basaliob":-0.021,"bolussnooze":0,"activity":0.0057,"lastBolusTime":1703407567991,"time":"2023-12-24T09:01:07.110Z","iobWithZeroTemp":{"iob":0.618,"basaliob":-0.066,"bolussnooze":0,"activity":0.0056,"lastBolusTime":1703407567991,"time":"2023-12-24T09:01:07.110Z"}},{"iob":0.635,"basaliob":-0.017,"bolussnooze":0,"activity":0.0057,"lastBolusTime":1703407567991,"time":"2023-12-24T09:06:07.110Z","iobWithZeroTemp":{"iob":0.566,"basaliob":-0.086,"bolussnooze":0,"activity":0.0056,"lastBolusTime":1703407567991,"time":"2023-12-24T09:06:07.110Z"}},{"iob":0.606,"basaliob":-0.013,"bolussnooze":0,"activity":0.0057,"lastBolusTime":1703407567991,"time":"2023-12-24T09:11:07.110Z","iobWithZeroTemp":{"iob":0.513,"basaliob":-0.106,"bolussnooze":0,"activity":0.0055,"lastBolusTime":1703407567991,"time":"2023-12-24T09:11:07.110Z"}},{"iob":0.579,"basaliob":-0.009,"bolussnooze":0,"activity":0.0057,"lastBolusTime":1703407567991,"time":"2023-12-24T09:16:07.110Z","iobWithZeroTemp":{"iob":0.462,"basaliob":-0.126,"bolussnooze":0,"activity":0.0053,"lastBolusTime":1703407567991,"time":"2023-12-24T09:16:07.110Z"}},{"iob":0.549,"basaliob":-0.007,"bolussnooze":0,"activity":0.0057,"lastBolusTime":1703407567991,"time":"2023-12-24T09:21:07.110Z","iobWithZeroTemp":{"iob":0.409,"basaliob":-0.147,"bolussnooze":0,"activity":0.0052,"lastBolusTime":1703407567991,"time":"2023-12-24T09:21:07.110Z"}},{"iob":0.522,"basaliob":-0.004,"bolussnooze":0,"activity":0.0056,"lastBolusTime":1703407567991,"time":"2023-12-24T09:26:07.110Z","iobWithZeroTemp":{"iob":0.36,"basaliob":-0.166,"bolussnooze":0,"activity":0.0049,"lastBolusTime":1703407567991,"time":"2023-12-24T09:26:07.110Z"}},{"iob":0.494,"basaliob":-0.002,"bolussnooze":0,"activity":0.0054,"lastBolusTime":1703407567991,"time":"2023-12-24T09:31:07.110Z","iobWithZeroTemp":{"iob":0.311,"basaliob":-0.185,"bolussnooze":0,"activity":0.0046,"lastBolusTime":1703407567991,"time":"2023-12-24T09:31:07.110Z"}},{"iob":0.468,"basaliob":0,"bolussnooze":0,"activity":0.0053,"lastBolusTime":1703407567991,"time":"2023-12-24T09:36:07.110Z","iobWithZeroTemp":{"iob":0.264,"basaliob":-0.204,"bolussnooze":0,"activity":0.0043,"lastBolusTime":1703407567991,"time":"2023-12-24T09:36:07.110Z"}},{"iob":0.441,"basaliob":0.001,"bolussnooze":0,"activity":0.0051,"lastBolusTime":1703407567991,"time":"2023-12-24T09:41:07.110Z","iobWithZeroTemp":{"iob":0.218,"basaliob":-0.222,"bolussnooze":0,"activity":0.0039,"lastBolusTime":1703407567991,"time":"2023-12-24T09:41:07.110Z"}},{"iob":0.416,"basaliob":0.002,"bolussnooze":0,"activity":0.005,"lastBolusTime":1703407567991,"time":"2023-12-24T09:46:07.110Z","iobWithZeroTemp":{"iob":0.174,"basaliob":-0.24,"bolussnooze":0,"activity":0.0037,"lastBolusTime":1703407567991,"time":"2023-12-24T09:46:07.110Z"}},{"iob":0.392,"basaliob":0.003,"bolussnooze":0,"activity":0.0047,"lastBolusTime":1703407567991,"time":"2023-12-24T09:51:07.110Z","iobWithZeroTemp":{"iob":0.132,"basaliob":-0.257,"bolussnooze":0,"activity":0.0032,"lastBolusTime":1703407567991,"time":"2023-12-24T09:51:07.110Z"}},{"iob":0.369,"basaliob":0.004,"bolussnooze":0,"activity":0.0046,"lastBolusTime":1703407567991,"time":"2023-12-24T09:56:07.110Z","iobWithZeroTemp":{"iob":0.092,"basaliob":-0.273,"bolussnooze":0,"activity":0.0029,"lastBolusTime":1703407567991,"time":"2023-12-24T09:56:07.110Z"}},{"iob":0.347,"basaliob":0.005,"bolussnooze":0,"activity":0.0044,"lastBolusTime":1703407567991,"time":"2023-12-24T10:01:07.110Z","iobWithZeroTemp":{"iob":0.053,"basaliob":-0.289,"bolussnooze":0,"activity":0.0026,"lastBolusTime":1703407567991,"time":"2023-12-24T10:01:07.110Z"}},{"iob":0.325,"basaliob":0.005,"bolussnooze":0,"activity":0.0042,"lastBolusTime":1703407567991,"time":"2023-12-24T10:06:07.110Z","iobWithZeroTemp":{"iob":0.016,"basaliob":-0.304,"bolussnooze":0,"activity":0.0022,"lastBolusTime":1703407567991,"time":"2023-12-24T10:06:07.110Z"}},{"iob":0.305,"basaliob":0.006,"bolussnooze":0,"activity":0.004,"lastBolusTime":1703407567991,"time":"2023-12-24T10:11:07.110Z","iobWithZeroTemp":{"iob":-0.019,"basaliob":-0.318,"bolussnooze":0,"activity":0.0018,"lastBolusTime":1703407567991,"time":"2023-12-24T10:11:07.110Z"}},{"iob":0.285,"basaliob":0.006,"bolussnooze":0,"activity":0.0038,"lastBolusTime":1703407567991,"time":"2023-12-24T10:16:07.110Z","iobWithZeroTemp":{"iob":-0.052,"basaliob":-0.331,"bolussnooze":0,"activity":0.0015,"lastBolusTime":1703407567991,"time":"2023-12-24T10:16:07.110Z"}},{"iob":0.267,"basaliob":0.006,"bolussnooze":0,"activity":0.0036,"lastBolusTime":1703407567991,"time":"2023-12-24T10:21:07.110Z","iobWithZeroTemp":{"iob":-0.083,"basaliob":-0.344,"bolussnooze":0,"activity":0.0011,"lastBolusTime":1703407567991,"time":"2023-12-24T10:21:07.110Z"}},{"iob":0.249,"basaliob":0.006,"bolussnooze":0,"activity":0.0034,"lastBolusTime":1703407567991,"time":"2023-12-24T10:26:07.110Z","iobWithZeroTemp":{"iob":-0.114,"basaliob":-0.357,"bolussnooze":0,"activity":8.0E-4,"lastBolusTime":1703407567991,"time":"2023-12-24T10:26:07.110Z"}},{"iob":0.232,"basaliob":0.006,"bolussnooze":0,"activity":0.0032,"lastBolusTime":1703407567991,"time":"2023-12-24T10:31:07.110Z","iobWithZeroTemp":{"iob":-0.142,"basaliob":-0.368,"bolussnooze":0,"activity":4.0E-4,"lastBolusTime":1703407567991,"time":"2023-12-24T10:31:07.110Z"}},{"iob":0.217,"basaliob":0.006,"bolussnooze":0,"activity":0.003,"lastBolusTime":1703407567991,"time":"2023-12-24T10:36:07.110Z","iobWithZeroTemp":{"iob":-0.168,"basaliob":-0.379,"bolussnooze":0,"activity":1.0E-4,"lastBolusTime":1703407567991,"time":"2023-12-24T10:36:07.110Z"}},{"iob":0.202,"basaliob":0.006,"bolussnooze":0,"activity":0.0029,"lastBolusTime":1703407567991,"time":"2023-12-24T10:41:07.110Z","iobWithZeroTemp":{"iob":-0.193,"basaliob":-0.389,"bolussnooze":0,"activity":-1.0E-4,"lastBolusTime":1703407567991,"time":"2023-12-24T10:41:07.110Z"}},{"iob":0.188,"basaliob":0.006,"bolussnooze":0,"activity":0.0027,"lastBolusTime":1703407567991,"time":"2023-12-24T10:46:07.110Z","iobWithZeroTemp":{"iob":-0.217,"basaliob":-0.399,"bolussnooze":0,"activity":-4.0E-4,"lastBolusTime":1703407567991,"time":"2023-12-24T10:46:07.110Z"}},{"iob":0.175,"basaliob":0.006,"bolussnooze":0,"activity":0.0025,"lastBolusTime":1703407567991,"time":"2023-12-24T10:51:07.110Z","iobWithZeroTemp":{"iob":-0.239,"basaliob":-0.408,"bolussnooze":0,"activity":-8.0E-4,"lastBolusTime":1703407567991,"time":"2023-12-24T10:51:07.110Z"}},{"iob":0.163,"basaliob":0.006,"bolussnooze":0,"activity":0.0024,"lastBolusTime":1703407567991,"time":"2023-12-24T10:56:07.110Z","iobWithZeroTemp":{"iob":-0.26,"basaliob":-0.417,"bolussnooze":0,"activity":-0.001,"lastBolusTime":1703407567991,"time":"2023-12-24T10:56:07.110Z"}},{"iob":0.151,"basaliob":0.006,"bolussnooze":0,"activity":0.0022,"lastBolusTime":1703407567991,"time":"2023-12-24T11:01:07.110Z","iobWithZeroTemp":{"iob":-0.279,"basaliob":-0.424,"bolussnooze":0,"activity":-0.0013,"lastBolusTime":1703407567991,"time":"2023-12-24T11:01:07.110Z"}},{"iob":0.141,"basaliob":0.006,"bolussnooze":0,"activity":0.0021,"lastBolusTime":1703407567991,"time":"2023-12-24T11:06:07.110Z","iobWithZeroTemp":{"iob":-0.297,"basaliob":-0.432,"bolussnooze":0,"activity":-0.0015,"lastBolusTime":1703407567991,"time":"2023-12-24T11:06:07.110Z"}},{"iob":0.13,"basaliob":0.006,"bolussnooze":0,"activity":0.0019,"lastBolusTime":1703407567991,"time":"2023-12-24T11:11:07.110Z","iobWithZeroTemp":{"iob":-0.315,"basaliob":-0.439,"bolussnooze":0,"activity":-0.0018,"lastBolusTime":1703407567991,"time":"2023-12-24T11:11:07.110Z"}},{"iob":0.12,"basaliob":0.005,"bolussnooze":0,"activity":0.0018,"lastBolusTime":1703407567991,"time":"2023-12-24T11:16:07.110Z","iobWithZeroTemp":{"iob":-0.331,"basaliob":-0.446,"bolussnooze":0,"activity":-0.002,"lastBolusTime":1703407567991,"time":"2023-12-24T11:16:07.110Z"}},{"iob":0.111,"basaliob":0.005,"bolussnooze":0,"activity":0.0017,"lastBolusTime":1703407567991,"time":"2023-12-24T11:21:07.110Z","iobWithZeroTemp":{"iob":-0.346,"basaliob":-0.452,"bolussnooze":0,"activity":-0.0022,"lastBolusTime":1703407567991,"time":"2023-12-24T11:21:07.110Z"}},{"iob":0.103,"basaliob":0.005,"bolussnooze":0,"activity":0.0016,"lastBolusTime":1703407567991,"time":"2023-12-24T11:26:07.110Z","iobWithZeroTemp":{"iob":-0.36,"basaliob":-0.458,"bolussnooze":0,"activity":-0.0023,"lastBolusTime":1703407567991,"time":"2023-12-24T11:26:07.110Z"}},{"iob":0.096,"basaliob":0.005,"bolussnooze":0,"activity":0.0015,"lastBolusTime":1703407567991,"time":"2023-12-24T11:31:07.110Z","iobWithZeroTemp":{"iob":-0.372,"basaliob":-0.463,"bolussnooze":0,"activity":-0.0025,"lastBolusTime":1703407567991,"time":"2023-12-24T11:31:07.110Z"}},{"iob":0.089,"basaliob":0.005,"bolussnooze":0,"activity":0.0014,"lastBolusTime":1703407567991,"time":"2023-12-24T11:36:07.110Z","iobWithZeroTemp":{"iob":-0.384,"basaliob":-0.468,"bolussnooze":0,"activity":-0.0027,"lastBolusTime":1703407567991,"time":"2023-12-24T11:36:07.110Z"}},{"iob":0.081,"basaliob":0.004,"bolussnooze":0,"activity":0.0013,"lastBolusTime":1703407567991,"time":"2023-12-24T11:41:07.110Z","iobWithZeroTemp":{"iob":-0.396,"basaliob":-0.473,"bolussnooze":0,"activity":-0.0028,"lastBolusTime":1703407567991,"time":"2023-12-24T11:41:07.110Z"}},{"iob":0.075,"basaliob":0.004,"bolussnooze":0,"activity":0.0012,"lastBolusTime":1703407567991,"time":"2023-12-24T11:46:07.110Z","iobWithZeroTemp":{"iob":-0.406,"basaliob":-0.477,"bolussnooze":0,"activity":-0.003,"lastBolusTime":1703407567991,"time":"2023-12-24T11:46:07.110Z"}},{"iob":0.069,"basaliob":0.004,"bolussnooze":0,"activity":0.0011,"lastBolusTime":1703407567991,"time":"2023-12-24T11:51:07.110Z","iobWithZeroTemp":{"iob":-0.416,"basaliob":-0.481,"bolussnooze":0,"activity":-0.0032,"lastBolusTime":1703407567991,"time":"2023-12-24T11:51:07.110Z"}},{"iob":0.064,"basaliob":0.004,"bolussnooze":0,"activity":0.001,"lastBolusTime":1703407567991,"time":"2023-12-24T11:56:07.110Z","iobWithZeroTemp":{"iob":-0.425,"basaliob":-0.485,"bolussnooze":0,"activity":-0.0033,"lastBolusTime":1703407567991,"time":"2023-12-24T11:56:07.110Z"}},{"iob":0.058,"basaliob":0.003,"bolussnooze":0,"activity":9.0E-4,"lastBolusTime":1703407567991,"time":"2023-12-24T12:01:07.110Z","iobWithZeroTemp":{"iob":-0.434,"basaliob":-0.489,"bolussnooze":0,"activity":-0.0035,"lastBolusTime":1703407567991,"time":"2023-12-24T12:01:07.110Z"}},{"iob":0.054,"basaliob":0.003,"bolussnooze":0,"activity":9.0E-4,"lastBolusTime":1703407567991,"time":"2023-12-24T12:06:07.110Z","iobWithZeroTemp":{"iob":-0.441,"basaliob":-0.492,"bolussnooze":0,"activity":-0.0035,"lastBolusTime":1703407567991,"time":"2023-12-24T12:06:07.110Z"}},{"iob":0.05,"basaliob":0.003,"bolussnooze":0,"activity":8.0E-4,"lastBolusTime":1703407567991,"time":"2023-12-24T12:11:07.110Z","iobWithZeroTemp":{"iob":-0.448,"basaliob":-0.495,"bolussnooze":0,"activity":-0.0037,"lastBolusTime":1703407567991,"time":"2023-12-24T12:11:07.110Z"}},{"iob":0.046,"basaliob":0.003,"bolussnooze":0,"activity":7.0E-4,"lastBolusTime":1703407567991,"time":"2023-12-24T12:16:07.110Z","iobWithZeroTemp":{"iob":-0.454,"basaliob":-0.497,"bolussnooze":0,"activity":-0.0038,"lastBolusTime":1703407567991,"time":"2023-12-24T12:16:07.110Z"}},{"iob":0.042,"basaliob":0.003,"bolussnooze":0,"activity":7.0E-4,"lastBolusTime":1703407567991,"time":"2023-12-24T12:21:07.110Z","iobWithZeroTemp":{"iob":-0.461,"basaliob":-0.5,"bolussnooze":0,"activity":-0.0038,"lastBolusTime":1703407567991,"time":"2023-12-24T12:21:07.110Z"}},{"iob":0.039,"basaliob":0.003,"bolussnooze":0,"activity":6.0E-4,"lastBolusTime":1703407567991,"time":"2023-12-24T12:26:07.110Z","iobWithZeroTemp":{"iob":-0.466,"basaliob":-0.502,"bolussnooze":0,"activity":-0.004,"lastBolusTime":1703407567991,"time":"2023-12-24T12:26:07.110Z"}},{"iob":0.035,"basaliob":0.002,"bolussnooze":0,"activity":6.0E-4,"lastBolusTime":1703407567991,"time":"2023-12-24T12:31:07.110Z","iobWithZeroTemp":{"iob":-0.472,"basaliob":-0.505,"bolussnooze":0,"activity":-0.004,"lastBolusTime":1703407567991,"time":"2023-12-24T12:31:07.110Z"}},{"iob":0.032,"basaliob":0.002,"bolussnooze":0,"activity":5.0E-4,"lastBolusTime":1703407567991,"time":"2023-12-24T12:36:07.110Z","iobWithZeroTemp":{"iob":-0.477,"basaliob":-0.507,"bolussnooze":0,"activity":-0.0041,"lastBolusTime":1703407567991,"time":"2023-12-24T12:36:07.110Z"}},{"iob":0.029,"basaliob":0.002,"bolussnooze":0,"activity":5.0E-4,"lastBolusTime":1703407567991,"time":"2023-12-24T12:41:07.110Z","iobWithZeroTemp":{"iob":-0.482,"basaliob":-0.509,"bolussnooze":0,"activity":-0.0042,"lastBolusTime":1703407567991,"time":"2023-12-24T12:41:07.110Z"}},{"iob":0.027,"basaliob":0.002,"bolussnooze":0,"activity":5.0E-4,"lastBolusTime":1703407567991,"time":"2023-12-24T12:46:07.110Z","iobWithZeroTemp":{"iob":-0.485,"basaliob":-0.51,"bolussnooze":0,"activity":-0.0042,"lastBolusTime":1703407567991,"time":"2023-12-24T12:46:07.110Z"}}],"profile":{"max_iob":4,"type":"current","max_daily_basal":0.5,"max_basal":1.2,"min_bg":91.79999999999998,"max_bg":91.79999999999998,"target_bg":91.79999999999998,"carb_ratio":30,"sens":126,"max_daily_safety_multiplier":3,"current_basal_safety_multiplier":4,"high_temptarget_raises_sensitivity":false,"low_temptarget_lowers_sensitivity":false,"sensitivity_raises_target":true,"resistance_lowers_target":true,"adv_target_adjustments":false,"exercise_mode":false,"half_basal_exercise_target":160,"maxCOB":120,"skip_neutral_temps":false,"remainingCarbsCap":90,"enableUAM":true,"A52_risk_enable":false,"SMBInterval":3,"enableSMB_with_COB":true,"enableSMB_with_temptarget":true,"allowSMB_with_high_temptarget":false,"enableSMB_always":false,"enableSMB_after_carbs":false,"maxSMBBasalMinutes":75,"maxUAMSMBBasalMinutes":75,"bolus_increment":0.05,"carbsReqThreshold":10,"current_basal":0.3,"temptargetSet":true,"autosens_max":1.2,"out_units":"mmol\/L"},"autosens_data":{"ratio":1},"meal_data":{"carbs":0,"mealCOB":0,"slopeFromMaxDeviation":-1.4276666666666666,"slopeFromMinDeviation":1.0386,"lastBolusTime":1703407567991,"lastCarbTime":0},"microBolusAllowed":true,"currentTime":1703407868420,"flatBGsDetected":false},"output":{"temp":"absolute","bg":160,"tick":"+4","eventualBG":112,"targetBG":91.79999999999998,"insulinReq":0.14,"deliverAt":"2023-12-24T08:51:08.420Z","sensitivityRatio":1,"predBGs":{"IOB":[160,163,166,167,168,169,169,168,167,165,163,160,157,154,151,149,146,143,141,139,137,135,133,131,129,128,126,125,123,122,121,120,119,118,117,116,116,115,114,114,113,113,112,112,111,111,111,110],"ZT":[160,157,153,150,146,143,139,136,133,130,127,125,123,121,119,117,116,115,114,113,112,112,112,112,112,113,114,114],"UAM":[160,162,163,162,160,156,153,149,145,142,139,136,132,129,127,124,121,119,116,114,112,110,108,106,104,103,101,100,99,97,96,95,94,93,92,91,91,90,89,89,88,88,87,87,87,86]},"COB":0,"IOB":0.718,"reason":"COB: 0, Dev: 2.3, BGI: -0.2, ISF: 7.0, CR: 30, Target: 5.1, minPredBG 6.1, minGuardBG 4.7, IOBpredBG 6.1, UAMpredBG 4.8; Eventual BG 6.2 >= 5.1,  insulinReq 0.14; setting 30m low temp of 0.03U\/h. Microbolusing 0.05U. ","units":0.05,"rate":0.03,"duration":30,"timestamp":"2023-12-24T08:51:08.441Z"}}