{"algorithm":"OpenAPSSMBPlugin","input":{"glucoseStatus":{"glucose":122,"noise":0,"delta":-3.33,"short_avgdelta":-3.59,"long_avgdelta":-7.95,"date":1703462115263},"currenttemp":{"temp":"absolute","duration":100,"rate":0,"minutesrunning":20},"iob_data":[{"iob":0.335,"basaliob":0.335,"bolussnooze":0,"activity":0.0046,"lastBolusTime":1703430368291,"time":"2023-12-24T23:56:06.516Z","iobWithZeroTemp":{"iob":0.335,"basaliob":0.335,"bolussnooze":0,"activity":0.0046,"lastBolusTime":1703430368291,"time":"2023-12-24T23:56:06.516Z"}},{"iob":0.313,"basaliob":0.313,"bolussnooze":0,"activity":0.0044,"lastBolusTime":1703430368291,"time":"2023-12-25T00:01:06.516Z","iobWithZeroTemp":{"iob":0.295,"basaliob":0.295,"bolussnooze":0,"activity":0.0044,"lastBolusTime":1703430368291,"time":"2023-12-25T00:01:06.516Z"}},{"iob":0.292,"basaliob":0.292,"bolussnooze":0,"activity":0.0041,"lastBolusTime":1703430368291,"time":"2023-12-25T00:06:06.516Z","iobWithZeroTemp":{"iob":0.251,"basaliob":0.251,"bolussnooze":0,"activity":0.004,"lastBolusTime":1703430368291,"time":"2023-12-25T00:06:06.516Z"}},{"iob":0.272,"basaliob":0.272,"bolussnooze":0,"activity":0.0039,"lastBolusTime":0,"time":"2023-12-25T00:11:06.516Z","iobWithZeroTemp":{"iob":0.209,"basaliob":0.209,"bolussnooze":0,"activity":0.0038,"lastBolusTime":0,"time":"2023-12-25T00:11:06.516Z"}},{"iob":0.253,"basaliob":0.253,"bolussnooze":0,"activity":0.0037,"lastBolusTime":0,"time":"2023-12-25T00:16:06.516Z","iobWithZeroTemp":{"iob":0.168,"basaliob":0.168,"bolussnooze":0,"activity":0.0035,"lastBolusTime":0,"time":"2023-12-25T00:16:06.516Z"}},{"iob":0.235,"basaliob":0.235,"bolussnooze":0,"activity":0.0034,"lastBolusTime":0,"time":"2023-12-25T00:21:06.516Z","iobWithZeroTemp":{"iob":0.129,"basaliob":0.129,"bolussnooze":0,"activity":0.0031,"lastBolusTime":0,"time":"2023-12-25T00:21:06.516Z"}},{"iob":0.218,"basaliob":0.218,"bolussnooze":0,"activity":0.0032,"lastBolusTime":0,"time":"2023-12-25T00:26:06.516Z","iobWithZeroTemp":{"iob":0.091,"basaliob":0.091,"bolussnooze":0,"activity":0.0027,"lastBolusTime":0,"time":"2023-12-25T00:26:06.516Z"}},{"iob":0.203,"basaliob":0.203,"bolussnooze":0,"activity":0.003,"lastBolusTime":0,"time":"2023-12-25T00:31:06.516Z","iobWithZeroTemp":{"iob":0.056,"basaliob":0.056,"bolussnooze":0,"activity":0.0024,"lastBolusTime":0,"time":"2023-12-25T00:31:06.516Z"}},{"iob":0.188,"basaliob":0.188,"bolussnooze":0,"activity":0.0028,"lastBolusTime":0,"time":"2023-12-25T00:36:06.516Z","iobWithZeroTemp":{"iob":0.022,"basaliob":0.022,"bolussnooze":0,"activity":0.0021,"lastBolusTime":0,"time":"2023-12-25T00:36:06.516Z"}},{"iob":0.174,"basaliob":0.174,"bolussnooze":0,"activity":0.0027,"lastBolusTime":0,"time":"2023-12-25T00:41:06.516Z","iobWithZeroTemp":{"iob":-0.011,"basaliob":-0.011,"bolussnooze":0,"activity":0.0018,"lastBolusTime":0,"time":"2023-12-25T00:41:06.516Z"}},{"iob":0.162,"basaliob":0.162,"bolussnooze":0,"activity":0.0025,"lastBolusTime":0,"time":"2023-12-25T00:46:06.516Z","iobWithZeroTemp":{"iob":-0.041,"basaliob":-0.041,"bolussnooze":0,"activity":0.0015,"lastBolusTime":0,"time":"2023-12-25T00:46:06.516Z"}},{"iob":0.15,"basaliob":0.15,"bolussnooze":0,"activity":0.0023,"lastBolusTime":0,"time":"2023-12-25T00:51:06.516Z","iobWithZeroTemp":{"iob":-0.07,"basaliob":-0.07,"bolussnooze":0,"activity":0.0011,"lastBolusTime":0,"time":"2023-12-25T00:51:06.516Z"}},{"iob":0.138,"basaliob":0.138,"bolussnooze":0,"activity":0.0022,"lastBolusTime":0,"time":"2023-12-25T00:56:06.516Z","iobWithZeroTemp":{"iob":-0.098,"basaliob":-0.098,"bolussnooze":0,"activity":8.0E-4,"lastBolusTime":0,"time":"2023-12-25T00:56:06.516Z"}},{"iob":0.128,"basaliob":0.128,"bolussnooze":0,"activity":0.002,"lastBolusTime":0,"time":"2023-12-25T01:01:06.516Z","iobWithZeroTemp":{"iob":-0.124,"basaliob":-0.124,"bolussnooze":0,"activity":5.0E-4,"lastBolusTime":0,"time":"2023-12-25T01:01:06.516Z"}},{"iob":0.118,"basaliob":0.118,"bolussnooze":0,"activity":0.0019,"lastBolusTime":0,"time":"2023-12-25T01:06:06.516Z","iobWithZeroTemp":{"iob":-0.149,"basaliob":-0.149,"bolussnooze":0,"activity":2.0E-4,"lastBolusTime":0,"time":"2023-12-25T01:06:06.516Z"}},{"iob":0.109,"basaliob":0.109,"bolussnooze":0,"activity":0.0018,"lastBolusTime":0,"time":"2023-12-25T01:11:06.516Z","iobWithZeroTemp":{"iob":-0.172,"basaliob":-0.172,"bolussnooze":0,"activity":0,"lastBolusTime":0,"time":"2023-12-25T01:11:06.516Z"}},{"iob":0.101,"basaliob":0.101,"bolussnooze":0,"activity":0.0016,"lastBolusTime":0,"time":"2023-12-25T01:16:06.516Z","iobWithZeroTemp":{"iob":-0.193,"basaliob":-0.193,"bolussnooze":0,"activity":-4.0E-4,"lastBolusTime":0,"time":"2023-12-25T01:16:06.516Z"}},{"iob":0.093,"basaliob":0.093,"bolussnooze":0,"activity":0.0015,"lastBolusTime":0,"time":"2023-12-25T01:21:06.516Z","iobWithZeroTemp":{"iob":-0.213,"basaliob":-0.213,"bolussnooze":0,"activity":-6.0E-4,"lastBolusTime":0,"time":"2023-12-25T01:21:06.516Z"}},{"iob":0.085,"basaliob":0.085,"bolussnooze":0,"activity":0.0014,"lastBolusTime":0,"time":"2023-12-25T01:26:06.516Z","iobWithZeroTemp":{"iob":-0.233,"basaliob":-0.233,"bolussnooze":0,"activity":-8.0E-4,"lastBolusTime":0,"time":"2023-12-25T01:26:06.516Z"}},{"iob":0.079,"basaliob":0.079,"bolussnooze":0,"activity":0.0013,"lastBolusTime":0,"time":"2023-12-25T01:31:06.516Z","iobWithZeroTemp":{"iob":-0.251,"basaliob":-0.251,"bolussnooze":0,"activity":-0.0011,"lastBolusTime":0,"time":"2023-12-25T01:31:06.516Z"}},{"iob":0.072,"basaliob":0.072,"bolussnooze":0,"activity":0.0012,"lastBolusTime":0,"time":"2023-12-25T01:36:06.516Z","iobWithZeroTemp":{"iob":-0.268,"basaliob":-0.268,"bolussnooze":0,"activity":-0.0013,"lastBolusTime":0,"time":"2023-12-25T01:36:06.516Z"}},{"iob":0.067,"basaliob":0.067,"bolussnooze":0,"activity":0.0011,"lastBolusTime":0,"time":"2023-12-25T01:41:06.516Z","iobWithZeroTemp":{"iob":-0.283,"basaliob":-0.283,"bolussnooze":0,"activity":-0.0015,"lastBolusTime":0,"time":"2023-12-25T01:41:06.516Z"}},{"iob":0.061,"basaliob":0.061,"bolussnooze":0,"activity":0.001,"lastBolusTime":0,"time":"2023-12-25T01:46:06.516Z","iobWithZeroTemp":{"iob":-0.298,"basaliob":-0.298,"bolussnooze":0,"activity":-0.0017,"lastBolusTime":0,"time":"2023-12-25T01:46:06.516Z"}},{"iob":0.056,"basaliob":0.056,"bolussnooze":0,"activity":0.001,"lastBolusTime":0,"time":"2023-12-25T01:51:06.516Z","iobWithZeroTemp":{"iob":-0.312,"basaliob":-0.312,"bolussnooze":0,"activity":-0.0019,"lastBolusTime":0,"time":"2023-12-25T01:51:06.516Z"}},{"iob":0.051,"basaliob":0.051,"bolussnooze":0,"activity":9.0E-4,"lastBolusTime":0,"time":"2023-12-25T01:56:06.516Z","iobWithZeroTemp":{"iob":-0.325,"basaliob":-0.325,"bolussnooze":0,"activity":-0.0021,"lastBolusTime":0,"time":"2023-12-25T01:56:06.516Z"}},{"iob":0.047,"basaliob":0.047,"bolussnooze":0,"activity":8.0E-4,"lastBolusTime":0,"time":"2023-12-25T02:01:06.516Z","iobWithZeroTemp":{"iob":-0.337,"basaliob":-0.337,"bolussnooze":0,"activity":-0.0023,"lastBolusTime":0,"time":"2023-12-25T02:01:06.516Z"}},{"iob":0.043,"basaliob":0.043,"bolussnooze":0,"activity":8.0E-4,"lastBolusTime":0,"time":"2023-12-25T02:06:06.516Z","iobWithZeroTemp":{"iob":-0.348,"basaliob":-0.348,"bolussnooze":0,"activity":-0.0024,"lastBolusTime":0,"time":"2023-12-25T02:06:06.516Z"}},{"iob":0.04,"basaliob":0.04,"bolussnooze":0,"activity":7.0E-4,"lastBolusTime":0,"time":"2023-12-25T02:11:06.516Z","iobWithZeroTemp":{"iob":-0.358,"basaliob":-0.358,"bolussnooze":0,"activity":-0.0026,"lastBolusTime":0,"time":"2023-12-25T02:11:06.516Z"}},{"iob":0.036,"basaliob":0.036,"bolussnooze":0,"activity":6.0E-4,"lastBolusTime":0,"time":"2023-12-25T02:16:06.516Z","iobWithZeroTemp":{"iob":-0.368,"basaliob":-0.368,"bolussnooze":0,"activity":-0.0027,"lastBolusTime":0,"time":"2023-12-25T02:16:06.516Z"}},{"iob":0.033,"basaliob":0.033,"bolussnooze":0,"activity":6.0E-4,"lastBolusTime":0,"time":"2023-12-25T02:21:06.516Z","iobWithZeroTemp":{"iob":-0.377,"basaliob":-0.377,"bolussnooze":0,"activity":-0.0028,"lastBolusTime":0,"time":"2023-12-25T02:21:06.516Z"}},{"iob":0.03,"basaliob":0.03,"bolussnooze":0,"activity":6.0E-4,"lastBolusTime":0,"time":"2023-12-25T02:26:06.516Z","iobWithZeroTemp":{"iob":-0.385,"basaliob":-0.385,"bolussnooze":0,"activity":-0.0029,"lastBolusTime":0,"time":"2023-12-25T02:26:06.516Z"}},{"iob":0.028,"basaliob":0.028,"bolussnooze":0,"activity":5.0E-4,"lastBolusTime":0,"time":"2023-12-25T02:31:06.516Z","iobWithZeroTemp":{"iob":-0.392,"basaliob":-0.392,"bolussnooze":0,"activity":-0.0031,"lastBolusTime":0,"time":"2023-12-25T02:31:06.516Z"}},{"iob":0.025,"basaliob":0.025,"bolussnooze":0,"activity":5.0E-4,"lastBolusTime":0,"time":"2023-12-25T02:36:06.516Z","iobWithZeroTemp":{"iob":-0.4,"basaliob":-0.4,"bolussnooze":0,"activity":-0.0031,"lastBolusTime":0,"time":"2023-12-25T02:36:06.516Z"}},{"iob":0.023,"basaliob":0.023,"bolussnooze":0,"activity":4.0E-4,"lastBolusTime":0,"time":"2023-12-25T02:41:06.516Z","iobWithZeroTemp":{"iob":-0.406,"basaliob":-0.406,"bolussnooze":0,"activity":-0.0033,"lastBolusTime":0,"time":"2023-12-25T02:41:06.516Z"}},{"iob":0.021,"basaliob":0.021,"bolussnooze":0,"activity":4.0E-4,"lastBolusTime":0,"time":"2023-12-25T02:46:06.516Z","iobWithZeroTemp":{"iob":-0.412,"basaliob":-0.412,"bolussnooze":0,"activity":-0.0034,"lastBolusTime":0,"time":"2023-12-25T02:46:06.516Z"}},{"iob":0.019,"basaliob":0.019,"bolussnooze":0,"activity":4.0E-4,"lastBolusTime":0,"time":"2023-12-25T02:51:06.516Z","iobWithZeroTemp":{"iob":-0.418,"basaliob":-0.418,"bolussnooze":0,"activity":-0.0034,"lastBolusTime":0,"time":"2023-12-25T02:51:06.516Z"}},{"iob":0.017,"basaliob":0.017,"bolussnooze":0,"activity":3.0E-4,"lastBolusTime":0,"time":"2023-12-25T02:56:06.516Z","iobWithZeroTemp":{"iob":-0.423,"basaliob":-0.423,"bolussnooze":0,"activity":-0.0036,"lastBolusTime":0,"time":"2023-12-25T02:56:06.516Z"}},{"iob":0.016,"basaliob":0.016,"bolussnooze":0,"activity":3.0E-4,"lastBolusTime":0,"time":"2023-12-25T03:01:06.516Z","iobWithZeroTemp":{"iob":-0.428,"basaliob":-0.428,"bolussnooze":0,"activity":-0.0036,"lastBolusTime":0,"time":"2023-12-25T03:01:06.516Z"}},{"iob":0.014,"basaliob":0.014,"bolussnooze":0,"activity":3.0E-4,"lastBolusTime":0,"time":"2023-12-25T03:06:06.516Z","iobWithZeroTemp":{"iob":-0.433,"basaliob":-0.433,"bolussnooze":0,"activity":-0.0037,"lastBolusTime":0,"time":"2023-12-25T03:06:06.516Z"}},{"iob":0.013,"basaliob":0.013,"bolussnooze":0,"activity":3.0E-4,"lastBolusTime":0,"time":"2023-12-25T03:11:06.516Z","iobWithZeroTemp":{"iob":-0.436,"basaliob":-0.436,"bolussnooze":0,"activity":-0.0037,"lastBolusTime":0,"time":"2023-12-25T03:11:06.516Z"}},{"iob":0.012,"basaliob":0.012,"bolussnooze":0,"activity":2.0E-4,"lastBolusTime":0,"time":"2023-12-25T03:16:06.516Z","iobWithZeroTemp":{"iob":-0.44,"basaliob":-0.44,"bolussnooze":0,"activity":-0.0039,"lastBolusTime":0,"time":"2023-12-25T03:16:06.516Z"}},{"iob":0.011,"basaliob":0.011,"bolussnooze":0,"activity":2.0E-4,"lastBolusTime":0,"time":"2023-12-25T03:21:06.516Z","iobWithZeroTemp":{"iob":-0.443,"basaliob":-0.443,"bolussnooze":0,"activity":-0.0039,"lastBolusTime":0,"time":"2023-12-25T03:21:06.516Z"}},{"iob":0.009,"basaliob":0.009,"bolussnooze":0,"activity":2.0E-4,"lastBolusTime":0,"time":"2023-12-25T03:26:06.516Z","iobWithZeroTemp":{"iob":-0.448,"basaliob":-0.448,"bolussnooze":0,"activity":-0.0039,"lastBolusTime":0,"time":"2023-12-25T03:26:06.516Z"}},{"iob":0.009,"basaliob":0.009,"bolussnooze":0,"activity":2.0E-4,"lastBolusTime":0,"time":"2023-12-25T03:31:06.516Z","iobWithZeroTemp":{"iob":-0.45,"basaliob":-0.45,"bolussnooze":0,"activity":-0.004,"lastBolusTime":0,"time":"2023-12-25T03:31:06.516Z"}},{"iob":0.008,"basaliob":0.008,"bolussnooze":0,"activity":2.0E-4,"lastBolusTime":0,"time":"2023-12-25T03:36:06.516Z","iobWithZeroTemp":{"iob":-0.452,"basaliob":-0.452,"bolussnooze":0,"activity":-0.004,"lastBolusTime":0,"time":"2023-12-25T03:36:06.516Z"}},{"iob":0.007,"basaliob":0.007,"bolussnooze":0,"activity":1.0E-4,"lastBolusTime":0,"time":"2023-12-25T03:41:06.516Z","iobWithZeroTemp":{"iob":-0.455,"basaliob":-0.455,"bolussnooze":0,"activity":-0.0041,"lastBolusTime":0,"time":"2023-12-25T03:41:06.516Z"}},{"iob":0.006,"basaliob":0.006,"bolussnooze":0,"activity":1.0E-4,"lastBolusTime":0,"time":"2023-12-25T03:46:06.516Z","iobWithZeroTemp":{"iob":-0.458,"basaliob":-0.458,"bolussnooze":0,"activity":-0.0041,"lastBolusTime":0,"time":"2023-12-25T03:46:06.516Z"}},{"iob":0.006,"basaliob":0.006,"bolussnooze":0,"activity":1.0E-4,"lastBolusTime":0,"time":"2023-12-25T03:51:06.516Z","iobWithZeroTemp":{"iob":-0.459,"basaliob":-0.459,"bolussnooze":0,"activity":-0.0042,"lastBolusTime":0,"time":"2023-12-25T03:51:06.516Z"}}],"profile":{"max_iob":4,"type":"current","max_daily_basal":0.5,"max_basal":1,"min_bg":99,"max_bg":99,"target_bg":99,"carb_ratio":25,"sens":142.20000000000002,"max_daily_safety_multiplier":3,"current_basal_safety_multiplier":4,"high_temptarget_raises_sensitivity":false,"low_temptarget_lowers_sensitivity":false,"sensitivity_raises_target":true,"resistance_lowers_target":true,"adv_target_adjustments":false,"exercise_mode":false,"half_basal_exercise_target":160,"maxCOB":120,"skip_neutral_temps":false,"remainingCarbsCap":90,"enableUAM":true,"A52_risk_enable":false,"SMBInterval":3,"enableSMB_with_COB":true,"enableSMB_with_temptarget":true,"allowSMB_with_high_temptarget":false,"enableSMB_always":false,"enableSMB_after_carbs":false,"maxSMBBasalMinutes":75,"maxUAMSMBBasalMinutes":75,"bolus_increment":0.05,"carbsReqThreshold":10,"current_basal":0.25,"temptargetSet":false,"autosens_max":1.2,"out_units":"mmol\/L"},"autosens_data":{"ratio":1.09},"meal_data":{"carbs":0,"mealCOB":0,"slopeFromMaxDeviation":-2.1955555555555555,"slopeFromMinDeviation":2.431,"lastBolusTime":1703430368291,"lastCarbTime":0},"microBolusAllowed":true,"currentTime":1703462167754,"flatBGsDetected":false},"output":{"temp":"absolute","bg":122,"tick":-3,"eventualBG":48,"targetBG":96,"insulinReq":0,"deliverAt":"2023-12-24T23:56:07.754Z","sensitivityRatio":1.09,"predBGs":{"IOB":[122,118,115,112,109,106,104,101,99,97,95,94,92,91,89,88,87,86,85,84,83,82,82,81,80,80,79,79,78,78,78,77,77,77,76,76,76,76,75,75,75,75,75,75,74],"ZT":[122,119,116,114,111,109,107,105,103,102,101,100,99,99,98,98,98,98,99,99]},"COB":0,"IOB":0.335,"reason":"COB: 0, Dev: -1.7, BGI: -0.2, ISF: 7.3, CR: 25, Target: 5.3, minPredBG 4.8, minGuardBG 4.1, IOBpredBG 4.1; Eventual BG 2.7 < 5.3, setting 30m zero temp.  100m left and 0 ~ req 0U\/hr: no temp required","timestamp":"2023-12-24T23:56:07.789Z"}}