{"algorithm":"OpenAPSSMBPlugin","input":{"glucoseStatus":{"glucose":78,"noise":0,"delta":-5.67,"short_avgdelta":-8.8,"long_avgdelta":-10.02,"date":1703530516098},"currenttemp":{"temp":"absolute","duration":105,"rate":0,"minutesrunning":15},"iob_data":[{"iob":0.349,"basaliob":0.349,"bolussnooze":0,"activity":0.0038,"lastBolusTime":0,"time":"2023-12-25T18:56:07.699Z","iobWithZeroTemp":{"iob":0.349,"basaliob":0.349,"bolussnooze":0,"activity":0.0038,"lastBolusTime":0,"time":"2023-12-25T18:56:07.699Z"}},{"iob":0.33,"basaliob":0.33,"bolussnooze":0,"activity":0.0037,"lastBolusTime":0,"time":"2023-12-25T19:01:07.699Z","iobWithZeroTemp":{"iob":0.303,"basaliob":0.303,"bolussnooze":0,"activity":0.0037,"lastBolusTime":0,"time":"2023-12-25T19:01:07.699Z"}},{"iob":0.312,"basaliob":0.312,"bolussnooze":0,"activity":0.0036,"lastBolusTime":0,"time":"2023-12-25T19:06:07.699Z","iobWithZeroTemp":{"iob":0.252,"basaliob":0.252,"bolussnooze":0,"activity":0.0035,"lastBolusTime":0,"time":"2023-12-25T19:06:07.699Z"}},{"iob":0.294,"basaliob":0.294,"bolussnooze":0,"activity":0.0035,"lastBolusTime":0,"time":"2023-12-25T19:11:07.699Z","iobWithZeroTemp":{"iob":0.202,"basaliob":0.202,"bolussnooze":0,"activity":0.0033,"lastBolusTime":0,"time":"2023-12-25T19:11:07.699Z"}},{"iob":0.277,"basaliob":0.277,"bolussnooze":0,"activity":0.0033,"lastBolusTime":0,"time":"2023-12-25T19:16:07.699Z","iobWithZeroTemp":{"iob":0.152,"basaliob":0.152,"bolussnooze":0,"activity":0.003,"lastBolusTime":0,"time":"2023-12-25T19:16:07.699Z"}},{"iob":0.261,"basaliob":0.261,"bolussnooze":0,"activity":0.0032,"lastBolusTime":0,"time":"2023-12-25T19:21:07.699Z","iobWithZeroTemp":{"iob":0.105,"basaliob":0.105,"bolussnooze":0,"activity":0.0027,"lastBolusTime":0,"time":"2023-12-25T19:21:07.699Z"}},{"iob":0.245,"basaliob":0.245,"bolussnooze":0,"activity":0.0031,"lastBolusTime":0,"time":"2023-12-25T19:26:07.699Z","iobWithZeroTemp":{"iob":0.059,"basaliob":0.059,"bolussnooze":0,"activity":0.0024,"lastBolusTime":0,"time":"2023-12-25T19:26:07.699Z"}},{"iob":0.23,"basaliob":0.23,"bolussnooze":0,"activity":0.0029,"lastBolusTime":0,"time":"2023-12-25T19:31:07.699Z","iobWithZeroTemp":{"iob":0.014,"basaliob":0.014,"bolussnooze":0,"activity":0.002,"lastBolusTime":0,"time":"2023-12-25T19:31:07.699Z"}},{"iob":0.216,"basaliob":0.216,"bolussnooze":0,"activity":0.0028,"lastBolusTime":0,"time":"2023-12-25T19:36:07.699Z","iobWithZeroTemp":{"iob":-0.028,"basaliob":-0.028,"bolussnooze":0,"activity":0.0017,"lastBolusTime":0,"time":"2023-12-25T19:36:07.699Z"}},{"iob":0.202,"basaliob":0.202,"bolussnooze":0,"activity":0.0027,"lastBolusTime":0,"time":"2023-12-25T19:41:07.699Z","iobWithZeroTemp":{"iob":-0.07,"basaliob":-0.07,"bolussnooze":0,"activity":0.0014,"lastBolusTime":0,"time":"2023-12-25T19:41:07.699Z"}},{"iob":0.189,"basaliob":0.189,"bolussnooze":0,"activity":0.0025,"lastBolusTime":0,"time":"2023-12-25T19:46:07.699Z","iobWithZeroTemp":{"iob":-0.109,"basaliob":-0.109,"bolussnooze":0,"activity":0.001,"lastBolusTime":0,"time":"2023-12-25T19:46:07.699Z"}},{"iob":0.177,"basaliob":0.177,"bolussnooze":0,"activity":0.0024,"lastBolusTime":0,"time":"2023-12-25T19:51:07.699Z","iobWithZeroTemp":{"iob":-0.146,"basaliob":-0.146,"bolussnooze":0,"activity":6.0E-4,"lastBolusTime":0,"time":"2023-12-25T19:51:07.699Z"}},{"iob":0.165,"basaliob":0.165,"bolussnooze":0,"activity":0.0023,"lastBolusTime":0,"time":"2023-12-25T19:56:07.699Z","iobWithZeroTemp":{"iob":-0.182,"basaliob":-0.182,"bolussnooze":0,"activity":3.0E-4,"lastBolusTime":0,"time":"2023-12-25T19:56:07.699Z"}},{"iob":0.154,"basaliob":0.154,"bolussnooze":0,"activity":0.0022,"lastBolusTime":0,"time":"2023-12-25T20:01:07.699Z","iobWithZeroTemp":{"iob":-0.216,"basaliob":-0.216,"bolussnooze":0,"activity":0,"lastBolusTime":0,"time":"2023-12-25T20:01:07.699Z"}},{"iob":0.143,"basaliob":0.143,"bolussnooze":0,"activity":0.002,"lastBolusTime":0,"time":"2023-12-25T20:06:07.699Z","iobWithZeroTemp":{"iob":-0.257,"basaliob":-0.257,"bolussnooze":0,"activity":-4.0E-4,"lastBolusTime":0,"time":"2023-12-25T20:06:07.699Z"}},{"iob":0.133,"basaliob":0.133,"bolussnooze":0,"activity":0.0019,"lastBolusTime":0,"time":"2023-12-25T20:11:07.699Z","iobWithZeroTemp":{"iob":-0.295,"basaliob":-0.295,"bolussnooze":0,"activity":-8.0E-4,"lastBolusTime":0,"time":"2023-12-25T20:11:07.699Z"}},{"iob":0.124,"basaliob":0.124,"bolussnooze":0,"activity":0.0018,"lastBolusTime":0,"time":"2023-12-25T20:16:07.699Z","iobWithZeroTemp":{"iob":-0.332,"basaliob":-0.332,"bolussnooze":0,"activity":-0.0011,"lastBolusTime":0,"time":"2023-12-25T20:16:07.699Z"}},{"iob":0.115,"basaliob":0.115,"bolussnooze":0,"activity":0.0017,"lastBolusTime":0,"time":"2023-12-25T20:21:07.699Z","iobWithZeroTemp":{"iob":-0.367,"basaliob":-0.367,"bolussnooze":0,"activity":-0.0015,"lastBolusTime":0,"time":"2023-12-25T20:21:07.699Z"}},{"iob":0.107,"basaliob":0.107,"bolussnooze":0,"activity":0.0016,"lastBolusTime":0,"time":"2023-12-25T20:26:07.699Z","iobWithZeroTemp":{"iob":-0.4,"basaliob":-0.4,"bolussnooze":0,"activity":-0.0018,"lastBolusTime":0,"time":"2023-12-25T20:26:07.699Z"}},{"iob":0.1,"basaliob":0.1,"bolussnooze":0,"activity":0.0015,"lastBolusTime":0,"time":"2023-12-25T20:31:07.699Z","iobWithZeroTemp":{"iob":-0.431,"basaliob":-0.431,"bolussnooze":0,"activity":-0.0022,"lastBolusTime":0,"time":"2023-12-25T20:31:07.699Z"}},{"iob":0.092,"basaliob":0.092,"bolussnooze":0,"activity":0.0014,"lastBolusTime":0,"time":"2023-12-25T20:36:07.699Z","iobWithZeroTemp":{"iob":-0.462,"basaliob":-0.462,"bolussnooze":0,"activity":-0.0025,"lastBolusTime":0,"time":"2023-12-25T20:36:07.699Z"}},{"iob":0.086,"basaliob":0.086,"bolussnooze":0,"activity":0.0013,"lastBolusTime":0,"time":"2023-12-25T20:41:07.699Z","iobWithZeroTemp":{"iob":-0.49,"basaliob":-0.49,"bolussnooze":0,"activity":-0.0028,"lastBolusTime":0,"time":"2023-12-25T20:41:07.699Z"}},{"iob":0.079,"basaliob":0.079,"bolussnooze":0,"activity":0.0012,"lastBolusTime":0,"time":"2023-12-25T20:46:07.699Z","iobWithZeroTemp":{"iob":-0.517,"basaliob":-0.517,"bolussnooze":0,"activity":-0.0032,"lastBolusTime":0,"time":"2023-12-25T20:46:07.699Z"}},{"iob":0.073,"basaliob":0.073,"bolussnooze":0,"activity":0.0011,"lastBolusTime":0,"time":"2023-12-25T20:51:07.699Z","iobWithZeroTemp":{"iob":-0.542,"basaliob":-0.542,"bolussnooze":0,"activity":-0.0035,"lastBolusTime":0,"time":"2023-12-25T20:51:07.699Z"}},{"iob":0.068,"basaliob":0.068,"bolussnooze":0,"activity":0.0011,"lastBolusTime":0,"time":"2023-12-25T20:56:07.699Z","iobWithZeroTemp":{"iob":-0.565,"basaliob":-0.565,"bolussnooze":0,"activity":-0.0037,"lastBolusTime":0,"time":"2023-12-25T20:56:07.699Z"}},{"iob":0.063,"basaliob":0.063,"bolussnooze":0,"activity":0.001,"lastBolusTime":0,"time":"2023-12-25T21:01:07.699Z","iobWithZeroTemp":{"iob":-0.588,"basaliob":-0.588,"bolussnooze":0,"activity":-0.004,"lastBolusTime":0,"time":"2023-12-25T21:01:07.699Z"}},{"iob":0.058,"basaliob":0.058,"bolussnooze":0,"activity":9.0E-4,"lastBolusTime":0,"time":"2023-12-25T21:06:07.699Z","iobWithZeroTemp":{"iob":-0.609,"basaliob":-0.609,"bolussnooze":0,"activity":-0.0043,"lastBolusTime":0,"time":"2023-12-25T21:06:07.699Z"}},{"iob":0.053,"basaliob":0.053,"bolussnooze":0,"activity":9.0E-4,"lastBolusTime":0,"time":"2023-12-25T21:11:07.699Z","iobWithZeroTemp":{"iob":-0.629,"basaliob":-0.629,"bolussnooze":0,"activity":-0.0045,"lastBolusTime":0,"time":"2023-12-25T21:11:07.699Z"}},{"iob":0.049,"basaliob":0.049,"bolussnooze":0,"activity":8.0E-4,"lastBolusTime":0,"time":"2023-12-25T21:16:07.699Z","iobWithZeroTemp":{"iob":-0.647,"basaliob":-0.647,"bolussnooze":0,"activity":-0.0048,"lastBolusTime":0,"time":"2023-12-25T21:16:07.699Z"}},{"iob":0.045,"basaliob":0.045,"bolussnooze":0,"activity":7.0E-4,"lastBolusTime":0,"time":"2023-12-25T21:21:07.699Z","iobWithZeroTemp":{"iob":-0.665,"basaliob":-0.665,"bolussnooze":0,"activity":-0.005,"lastBolusTime":0,"time":"2023-12-25T21:21:07.699Z"}},{"iob":0.042,"basaliob":0.042,"bolussnooze":0,"activity":7.0E-4,"lastBolusTime":0,"time":"2023-12-25T21:26:07.699Z","iobWithZeroTemp":{"iob":-0.68,"basaliob":-0.68,"bolussnooze":0,"activity":-0.0052,"lastBolusTime":0,"time":"2023-12-25T21:26:07.699Z"}},{"iob":0.039,"basaliob":0.039,"bolussnooze":0,"activity":6.0E-4,"lastBolusTime":0,"time":"2023-12-25T21:31:07.699Z","iobWithZeroTemp":{"iob":-0.695,"basaliob":-0.695,"bolussnooze":0,"activity":-0.0055,"lastBolusTime":0,"time":"2023-12-25T21:31:07.699Z"}},{"iob":0.035,"basaliob":0.035,"bolussnooze":0,"activity":6.0E-4,"lastBolusTime":0,"time":"2023-12-25T21:36:07.699Z","iobWithZeroTemp":{"iob":-0.71,"basaliob":-0.71,"bolussnooze":0,"activity":-0.0056,"lastBolusTime":0,"time":"2023-12-25T21:36:07.699Z"}},{"iob":0.033,"basaliob":0.033,"bolussnooze":0,"activity":6.0E-4,"lastBolusTime":0,"time":"2023-12-25T21:41:07.699Z","iobWithZeroTemp":{"iob":-0.722,"basaliob":-0.722,"bolussnooze":0,"activity":-0.0058,"lastBolusTime":0,"time":"2023-12-25T21:41:07.699Z"}},{"iob":0.03,"basaliob":0.03,"bolussnooze":0,"activity":5.0E-4,"lastBolusTime":0,"time":"2023-12-25T21:46:07.699Z","iobWithZeroTemp":{"iob":-0.735,"basaliob":-0.735,"bolussnooze":0,"activity":-0.006,"lastBolusTime":0,"time":"2023-12-25T21:46:07.699Z"}},{"iob":0.027,"basaliob":0.027,"bolussnooze":0,"activity":5.0E-4,"lastBolusTime":0,"time":"2023-12-25T21:51:07.699Z","iobWithZeroTemp":{"iob":-0.747,"basaliob":-0.747,"bolussnooze":0,"activity":-0.0061,"lastBolusTime":0,"time":"2023-12-25T21:51:07.699Z"}},{"iob":0.025,"basaliob":0.025,"bolussnooze":0,"activity":4.0E-4,"lastBolusTime":0,"time":"2023-12-25T21:56:07.699Z","iobWithZeroTemp":{"iob":-0.757,"basaliob":-0.757,"bolussnooze":0,"activity":-0.0063,"lastBolusTime":0,"time":"2023-12-25T21:56:07.699Z"}},{"iob":0.023,"basaliob":0.023,"bolussnooze":0,"activity":4.0E-4,"lastBolusTime":0,"time":"2023-12-25T22:01:07.699Z","iobWithZeroTemp":{"iob":-0.767,"basaliob":-0.767,"bolussnooze":0,"activity":-0.0064,"lastBolusTime":0,"time":"2023-12-25T22:01:07.699Z"}},{"iob":0.021,"basaliob":0.021,"bolussnooze":0,"activity":4.0E-4,"lastBolusTime":0,"time":"2023-12-25T22:06:07.699Z","iobWithZeroTemp":{"iob":-0.776,"basaliob":-0.776,"bolussnooze":0,"activity":-0.0066,"lastBolusTime":0,"time":"2023-12-25T22:06:07.699Z"}},{"iob":0.019,"basaliob":0.019,"bolussnooze":0,"activity":3.0E-4,"lastBolusTime":0,"time":"2023-12-25T22:11:07.699Z","iobWithZeroTemp":{"iob":-0.784,"basaliob":-0.784,"bolussnooze":0,"activity":-0.0067,"lastBolusTime":0,"time":"2023-12-25T22:11:07.699Z"}},{"iob":0.018,"basaliob":0.018,"bolussnooze":0,"activity":3.0E-4,"lastBolusTime":0,"time":"2023-12-25T22:16:07.699Z","iobWithZeroTemp":{"iob":-0.792,"basaliob":-0.792,"bolussnooze":0,"activity":-0.0068,"lastBolusTime":0,"time":"2023-12-25T22:16:07.699Z"}},{"iob":0.016,"basaliob":0.016,"bolussnooze":0,"activity":3.0E-4,"lastBolusTime":0,"time":"2023-12-25T22:21:07.699Z","iobWithZeroTemp":{"iob":-0.799,"basaliob":-0.799,"bolussnooze":0,"activity":-0.0069,"lastBolusTime":0,"time":"2023-12-25T22:21:07.699Z"}},{"iob":0.015,"basaliob":0.015,"bolussnooze":0,"activity":3.0E-4,"lastBolusTime":0,"time":"2023-12-25T22:26:07.699Z","iobWithZeroTemp":{"iob":-0.806,"basaliob":-0.806,"bolussnooze":0,"activity":-0.007,"lastBolusTime":0,"time":"2023-12-25T22:26:07.699Z"}},{"iob":0.013,"basaliob":0.013,"bolussnooze":0,"activity":2.0E-4,"lastBolusTime":0,"time":"2023-12-25T22:31:07.699Z","iobWithZeroTemp":{"iob":-0.813,"basaliob":-0.813,"bolussnooze":0,"activity":-0.0072,"lastBolusTime":0,"time":"2023-12-25T22:31:07.699Z"}},{"iob":0.012,"basaliob":0.012,"bolussnooze":0,"activity":2.0E-4,"lastBolusTime":0,"time":"2023-12-25T22:36:07.699Z","iobWithZeroTemp":{"iob":-0.818,"basaliob":-0.818,"bolussnooze":0,"activity":-0.0073,"lastBolusTime":0,"time":"2023-12-25T22:36:07.699Z"}},{"iob":0.011,"basaliob":0.011,"bolussnooze":0,"activity":2.0E-4,"lastBolusTime":0,"time":"2023-12-25T22:41:07.699Z","iobWithZeroTemp":{"iob":-0.823,"basaliob":-0.823,"bolussnooze":0,"activity":-0.0073,"lastBolusTime":0,"time":"2023-12-25T22:41:07.699Z"}},{"iob":0.01,"basaliob":0.01,"bolussnooze":0,"activity":2.0E-4,"lastBolusTime":0,"time":"2023-12-25T22:46:07.699Z","iobWithZeroTemp":{"iob":-0.828,"basaliob":-0.828,"bolussnooze":0,"activity":-0.0074,"lastBolusTime":0,"time":"2023-12-25T22:46:07.699Z"}},{"iob":0.009,"basaliob":0.009,"bolussnooze":0,"activity":2.0E-4,"lastBolusTime":0,"time":"2023-12-25T22:51:07.699Z","iobWithZeroTemp":{"iob":-0.833,"basaliob":-0.833,"bolussnooze":0,"activity":-0.0074,"lastBolusTime":0,"time":"2023-12-25T22:51:07.699Z"}}],"profile":{"max_iob":4,"type":"current","max_daily_basal":0.5,"max_basal":1.5,"min_bg":90,"max_bg":90,"target_bg":90,"carb_ratio":20,"sens":117,"max_daily_safety_multiplier":3,"current_basal_safety_multiplier":4,"high_temptarget_raises_sensitivity":false,"low_temptarget_lowers_sensitivity":false,"sensitivity_raises_target":true,"resistance_lowers_target":true,"adv_target_adjustments":false,"exercise_mode":false,"half_basal_exercise_target":160,"maxCOB":120,"skip_neutral_temps":false,"remainingCarbsCap":90,"enableUAM":true,"A52_risk_enable":false,"SMBInterval":3,"enableSMB_with_COB":true,"enableSMB_with_temptarget":true,"allowSMB_with_high_temptarget":false,"enableSMB_always":false,"enableSMB_after_carbs":false,"maxSMBBasalMinutes":75,"maxUAMSMBBasalMinutes":75,"bolus_increment":0.05,"carbsReqThreshold":10,"current_basal":0.4,"temptargetSet":false,"autosens_max":1.2,"out_units":"mmol\/L"},"autosens_data":{"ratio":1},"meal_data":{"carbs":0,"mealCOB":0,"slopeFromMaxDeviation":-1.7830000000000001,"slopeFromMinDeviation":3.051999999999999,"lastBolusTime":1703430368291,"lastCarbTime":0},"microBolusAllowed":true,"currentTime":1703530568990,"flatBGsDetected":false},"output":{"temp":"absolute","bg":78,"tick":-6,"eventualBG":-10,"targetBG":90,"insulinReq":0,"deliverAt":"2023-12-25T18:56:08.990Z","sensitivityRatio":1,"predBGs":{"IOB":[78,70,62,55,49,43,39,39,39,39,39,39,39],"ZT":[78,76,74,72,70,68,66,65,64,63,62,61,61,61,61,61,62,62,63,64,65,67,68,70,72,75,77,79,82,85,88]},"COB":0,"IOB":0.349,"reason":"COB: 0, Dev: -2.6, BGI: -0.1, ISF: 6.5, CR: 20, Target: 5.0, minPredBG 2.8, minGuardBG 0.1, IOBpredBG 2.2; 10 add'l carbs req w\/in 10m; minGuardBG 0.1<3.6","carbsReq":10,"carbsReqWithin":10,"duration":120,"rate":0,"timestamp":"2023-12-25T18:56:09.024Z"}}