{"algorithm":"OpenAPSSMBPlugin","input":{"glucoseStatus":{"glucose":193,"noise":0,"delta":7.11,"short_avgdelta":7.11,"long_avgdelta":7.15,"date":1703409016447},"currenttemp":{"temp":"absolute","duration":55,"rate":0,"minutesrunning":5},"iob_data":[{"iob":1.628,"basaliob":0.074,"bolussnooze":0,"activity":0.0086,"lastBolusTime":1703408768709,"time":"2023-12-24T09:11:06.889Z","iobWithZeroTemp":{"iob":1.628,"basaliob":0.074,"bolussnooze":0,"activity":0.0086,"lastBolusTime":1703408768709,"time":"2023-12-24T09:11:06.889Z"}},{"iob":1.582,"basaliob":0.075,"bolussnooze":0,"activity":0.0096,"lastBolusTime":1703408768709,"time":"2023-12-24T09:16:06.889Z","iobWithZeroTemp":{"iob":1.562,"basaliob":0.055,"bolussnooze":0,"activity":0.0096,"lastBolusTime":1703408768709,"time":"2023-12-24T09:16:06.889Z"}},{"iob":1.532,"basaliob":0.076,"bolussnooze":0,"activity":0.0104,"lastBolusTime":1703408768709,"time":"2023-12-24T09:21:06.889Z","iobWithZeroTemp":{"iob":1.487,"basaliob":0.031,"bolussnooze":0,"activity":0.0103,"lastBolusTime":1703408768709,"time":"2023-12-24T09:21:06.889Z"}},{"iob":1.478,"basaliob":0.076,"bolussnooze":0,"activity":0.011,"lastBolusTime":1703408768709,"time":"2023-12-24T09:26:06.889Z","iobWithZeroTemp":{"iob":1.409,"basaliob":0.007,"bolussnooze":0,"activity":0.0109,"lastBolusTime":1703408768709,"time":"2023-12-24T09:26:06.889Z"}},{"iob":1.422,"basaliob":0.076,"bolussnooze":0,"activity":0.0114,"lastBolusTime":1703408768709,"time":"2023-12-24T09:31:06.889Z","iobWithZeroTemp":{"iob":1.329,"basaliob":-0.017,"bolussnooze":0,"activity":0.0112,"lastBolusTime":1703408768709,"time":"2023-12-24T09:31:06.889Z"}},{"iob":1.364,"basaliob":0.075,"bolussnooze":0,"activity":0.0117,"lastBolusTime":1703408768709,"time":"2023-12-24T09:36:06.889Z","iobWithZeroTemp":{"iob":1.247,"basaliob":-0.042,"bolussnooze":0,"activity":0.0113,"lastBolusTime":1703408768709,"time":"2023-12-24T09:36:06.889Z"}},{"iob":1.305,"basaliob":0.074,"bolussnooze":0,"activity":0.0119,"lastBolusTime":1703408768709,"time":"2023-12-24T09:41:06.889Z","iobWithZeroTemp":{"iob":1.165,"basaliob":-0.066,"bolussnooze":0,"activity":0.0114,"lastBolusTime":1703408768709,"time":"2023-12-24T09:41:06.889Z"}},{"iob":1.245,"basaliob":0.072,"bolussnooze":0,"activity":0.0119,"lastBolusTime":1703408768709,"time":"2023-12-24T09:46:06.889Z","iobWithZeroTemp":{"iob":1.083,"basaliob":-0.09,"bolussnooze":0,"activity":0.0112,"lastBolusTime":1703408768709,"time":"2023-12-24T09:46:06.889Z"}},{"iob":1.186,"basaliob":0.07,"bolussnooze":0,"activity":0.0118,"lastBolusTime":1703408768709,"time":"2023-12-24T09:51:06.889Z","iobWithZeroTemp":{"iob":1.003,"basaliob":-0.113,"bolussnooze":0,"activity":0.011,"lastBolusTime":1703408768709,"time":"2023-12-24T09:51:06.889Z"}},{"iob":1.127,"basaliob":0.068,"bolussnooze":0,"activity":0.0117,"lastBolusTime":1703408768709,"time":"2023-12-24T09:56:06.889Z","iobWithZeroTemp":{"iob":0.923,"basaliob":-0.136,"bolussnooze":0,"activity":0.0107,"lastBolusTime":1703408768709,"time":"2023-12-24T09:56:06.889Z"}},{"iob":1.069,"basaliob":0.065,"bolussnooze":0,"activity":0.0115,"lastBolusTime":1703408768709,"time":"2023-12-24T10:01:06.889Z","iobWithZeroTemp":{"iob":0.846,"basaliob":-0.158,"bolussnooze":0,"activity":0.0103,"lastBolusTime":1703408768709,"time":"2023-12-24T10:01:06.889Z"}},{"iob":1.013,"basaliob":0.063,"bolussnooze":0,"activity":0.0112,"lastBolusTime":1703408768709,"time":"2023-12-24T10:06:06.889Z","iobWithZeroTemp":{"iob":0.771,"basaliob":-0.179,"bolussnooze":0,"activity":0.0099,"lastBolusTime":1703408768709,"time":"2023-12-24T10:06:06.889Z"}},{"iob":0.957,"basaliob":0.06,"bolussnooze":0,"activity":0.0109,"lastBolusTime":1703408768709,"time":"2023-12-24T10:11:06.889Z","iobWithZeroTemp":{"iob":0.697,"basaliob":-0.2,"bolussnooze":0,"activity":0.0094,"lastBolusTime":1703408768709,"time":"2023-12-24T10:11:06.889Z"}},{"iob":0.904,"basaliob":0.058,"bolussnooze":0,"activity":0.0105,"lastBolusTime":1703408768709,"time":"2023-12-24T10:16:06.889Z","iobWithZeroTemp":{"iob":0.627,"basaliob":-0.219,"bolussnooze":0,"activity":0.0088,"lastBolusTime":1703408768709,"time":"2023-12-24T10:16:06.889Z"}},{"iob":0.852,"basaliob":0.055,"bolussnooze":0,"activity":0.0101,"lastBolusTime":1703408768709,"time":"2023-12-24T10:21:06.889Z","iobWithZeroTemp":{"iob":0.558,"basaliob":-0.239,"bolussnooze":0,"activity":0.0083,"lastBolusTime":1703408768709,"time":"2023-12-24T10:21:06.889Z"}},{"iob":0.803,"basaliob":0.053,"bolussnooze":0,"activity":0.0098,"lastBolusTime":1703408768709,"time":"2023-12-24T10:26:06.889Z","iobWithZeroTemp":{"iob":0.494,"basaliob":-0.256,"bolussnooze":0,"activity":0.0078,"lastBolusTime":1703408768709,"time":"2023-12-24T10:26:06.889Z"}},{"iob":0.754,"basaliob":0.05,"bolussnooze":0,"activity":0.0094,"lastBolusTime":1703408768709,"time":"2023-12-24T10:31:06.889Z","iobWithZeroTemp":{"iob":0.43,"basaliob":-0.274,"bolussnooze":0,"activity":0.0072,"lastBolusTime":1703408768709,"time":"2023-12-24T10:31:06.889Z"}},{"iob":0.709,"basaliob":0.048,"bolussnooze":0,"activity":0.009,"lastBolusTime":1703408768709,"time":"2023-12-24T10:36:06.889Z","iobWithZeroTemp":{"iob":0.372,"basaliob":-0.289,"bolussnooze":0,"activity":0.0067,"lastBolusTime":1703408768709,"time":"2023-12-24T10:36:06.889Z"}},{"iob":0.664,"basaliob":0.045,"bolussnooze":0,"activity":0.0086,"lastBolusTime":1703408768709,"time":"2023-12-24T10:41:06.889Z","iobWithZeroTemp":{"iob":0.314,"basaliob":-0.305,"bolussnooze":0,"activity":0.0061,"lastBolusTime":1703408768709,"time":"2023-12-24T10:41:06.889Z"}},{"iob":0.623,"basaliob":0.043,"bolussnooze":0,"activity":0.0082,"lastBolusTime":1703408768709,"time":"2023-12-24T10:46:06.889Z","iobWithZeroTemp":{"iob":0.26,"basaliob":-0.32,"bolussnooze":0,"activity":0.0056,"lastBolusTime":1703408768709,"time":"2023-12-24T10:46:06.889Z"}},{"iob":0.583,"basaliob":0.04,"bolussnooze":0,"activity":0.0078,"lastBolusTime":1703408768709,"time":"2023-12-24T10:51:06.889Z","iobWithZeroTemp":{"iob":0.209,"basaliob":-0.334,"bolussnooze":0,"activity":0.005,"lastBolusTime":1703408768709,"time":"2023-12-24T10:51:06.889Z"}},{"iob":0.545,"basaliob":0.038,"bolussnooze":0,"activity":0.0073,"lastBolusTime":1703408768709,"time":"2023-12-24T10:56:06.889Z","iobWithZeroTemp":{"iob":0.16,"basaliob":-0.347,"bolussnooze":0,"activity":0.0044,"lastBolusTime":1703408768709,"time":"2023-12-24T10:56:06.889Z"}},{"iob":0.509,"basaliob":0.036,"bolussnooze":0,"activity":0.0069,"lastBolusTime":1703408768709,"time":"2023-12-24T11:01:06.889Z","iobWithZeroTemp":{"iob":0.114,"basaliob":-0.359,"bolussnooze":0,"activity":0.0039,"lastBolusTime":1703408768709,"time":"2023-12-24T11:01:06.889Z"}},{"iob":0.475,"basaliob":0.034,"bolussnooze":0,"activity":0.0066,"lastBolusTime":1703408768709,"time":"2023-12-24T11:06:06.889Z","iobWithZeroTemp":{"iob":0.07,"basaliob":-0.371,"bolussnooze":0,"activity":0.0035,"lastBolusTime":1703408768709,"time":"2023-12-24T11:06:06.889Z"}},{"iob":0.443,"basaliob":0.032,"bolussnooze":0,"activity":0.0062,"lastBolusTime":1703408768709,"time":"2023-12-24T11:11:06.889Z","iobWithZeroTemp":{"iob":0.029,"basaliob":-0.382,"bolussnooze":0,"activity":0.0029,"lastBolusTime":1703408768709,"time":"2023-12-24T11:11:06.889Z"}},{"iob":0.413,"basaliob":0.03,"bolussnooze":0,"activity":0.0059,"lastBolusTime":1703408768709,"time":"2023-12-24T11:16:06.889Z","iobWithZeroTemp":{"iob":-0.01,"basaliob":-0.393,"bolussnooze":0,"activity":0.0025,"lastBolusTime":1703408768709,"time":"2023-12-24T11:16:06.889Z"}},{"iob":0.384,"basaliob":0.028,"bolussnooze":0,"activity":0.0056,"lastBolusTime":1703408768709,"time":"2023-12-24T11:21:06.889Z","iobWithZeroTemp":{"iob":-0.046,"basaliob":-0.402,"bolussnooze":0,"activity":0.0021,"lastBolusTime":1703408768709,"time":"2023-12-24T11:21:06.889Z"}},{"iob":0.357,"basaliob":0.026,"bolussnooze":0,"activity":0.0052,"lastBolusTime":1703408768709,"time":"2023-12-24T11:26:06.889Z","iobWithZeroTemp":{"iob":-0.081,"basaliob":-0.412,"bolussnooze":0,"activity":0.0016,"lastBolusTime":1703408768709,"time":"2023-12-24T11:26:06.889Z"}},{"iob":0.332,"basaliob":0.024,"bolussnooze":0,"activity":0.0049,"lastBolusTime":1703408768709,"time":"2023-12-24T11:31:06.889Z","iobWithZeroTemp":{"iob":-0.113,"basaliob":-0.421,"bolussnooze":0,"activity":0.0012,"lastBolusTime":1703408768709,"time":"2023-12-24T11:31:06.889Z"}},{"iob":0.309,"basaliob":0.023,"bolussnooze":0,"activity":0.0046,"lastBolusTime":1703408768709,"time":"2023-12-24T11:36:06.889Z","iobWithZeroTemp":{"iob":-0.142,"basaliob":-0.428,"bolussnooze":0,"activity":8.0E-4,"lastBolusTime":1703408768709,"time":"2023-12-24T11:36:06.889Z"}},{"iob":0.286,"basaliob":0.021,"bolussnooze":0,"activity":0.0043,"lastBolusTime":1703408768709,"time":"2023-12-24T11:41:06.889Z","iobWithZeroTemp":{"iob":-0.171,"basaliob":-0.436,"bolussnooze":0,"activity":4.0E-4,"lastBolusTime":1703408768709,"time":"2023-12-24T11:41:06.889Z"}},{"iob":0.265,"basaliob":0.02,"bolussnooze":0,"activity":0.0041,"lastBolusTime":1703408768709,"time":"2023-12-24T11:46:06.889Z","iobWithZeroTemp":{"iob":-0.198,"basaliob":-0.443,"bolussnooze":0,"activity":2.0E-4,"lastBolusTime":1703408768709,"time":"2023-12-24T11:46:06.889Z"}},{"iob":0.246,"basaliob":0.019,"bolussnooze":0,"activity":0.0038,"lastBolusTime":1703408768709,"time":"2023-12-24T11:51:06.889Z","iobWithZeroTemp":{"iob":-0.222,"basaliob":-0.449,"bolussnooze":0,"activity":-2.0E-4,"lastBolusTime":1703408768709,"time":"2023-12-24T11:51:06.889Z"}},{"iob":0.227,"basaliob":0.017,"bolussnooze":0,"activity":0.0035,"lastBolusTime":1703408768709,"time":"2023-12-24T11:56:06.889Z","iobWithZeroTemp":{"iob":-0.246,"basaliob":-0.456,"bolussnooze":0,"activity":-6.0E-4,"lastBolusTime":1703408768709,"time":"2023-12-24T11:56:06.889Z"}},{"iob":0.21,"basaliob":0.016,"bolussnooze":0,"activity":0.0033,"lastBolusTime":1703408768709,"time":"2023-12-24T12:01:06.889Z","iobWithZeroTemp":{"iob":-0.267,"basaliob":-0.461,"bolussnooze":0,"activity":-8.0E-4,"lastBolusTime":1703408768709,"time":"2023-12-24T12:01:06.889Z"}},{"iob":0.195,"basaliob":0.015,"bolussnooze":0,"activity":0.0031,"lastBolusTime":1703408768709,"time":"2023-12-24T12:06:06.889Z","iobWithZeroTemp":{"iob":-0.286,"basaliob":-0.466,"bolussnooze":0,"activity":-0.0011,"lastBolusTime":1703408768709,"time":"2023-12-24T12:06:06.889Z"}},{"iob":0.18,"basaliob":0.014,"bolussnooze":0,"activity":0.0029,"lastBolusTime":1703408768709,"time":"2023-12-24T12:11:06.889Z","iobWithZeroTemp":{"iob":-0.305,"basaliob":-0.471,"bolussnooze":0,"activity":-0.0014,"lastBolusTime":1703408768709,"time":"2023-12-24T12:11:06.889Z"}},{"iob":0.166,"basaliob":0.013,"bolussnooze":0,"activity":0.0027,"lastBolusTime":1703408768709,"time":"2023-12-24T12:16:06.889Z","iobWithZeroTemp":{"iob":-0.323,"basaliob":-0.476,"bolussnooze":0,"activity":-0.0016,"lastBolusTime":1703408768709,"time":"2023-12-24T12:16:06.889Z"}},{"iob":0.153,"basaliob":0.012,"bolussnooze":0,"activity":0.0025,"lastBolusTime":1703408768709,"time":"2023-12-24T12:21:06.889Z","iobWithZeroTemp":{"iob":-0.339,"basaliob":-0.48,"bolussnooze":0,"activity":-0.0019,"lastBolusTime":1703408768709,"time":"2023-12-24T12:21:06.889Z"}},{"iob":0.141,"basaliob":0.011,"bolussnooze":0,"activity":0.0023,"lastBolusTime":1703408768709,"time":"2023-12-24T12:26:06.889Z","iobWithZeroTemp":{"iob":-0.354,"basaliob":-0.484,"bolussnooze":0,"activity":-0.0021,"lastBolusTime":1703408768709,"time":"2023-12-24T12:26:06.889Z"}},{"iob":0.13,"basaliob":0.01,"bolussnooze":0,"activity":0.0022,"lastBolusTime":1703408768709,"time":"2023-12-24T12:31:06.889Z","iobWithZeroTemp":{"iob":-0.368,"basaliob":-0.488,"bolussnooze":0,"activity":-0.0023,"lastBolusTime":1703408768709,"time":"2023-12-24T12:31:06.889Z"}},{"iob":0.12,"basaliob":0.01,"bolussnooze":0,"activity":0.0019,"lastBolusTime":1703408768709,"time":"2023-12-24T12:36:06.889Z","iobWithZeroTemp":{"iob":-0.38,"basaliob":-0.49,"bolussnooze":0,"activity":-0.0026,"lastBolusTime":1703408768709,"time":"2023-12-24T12:36:06.889Z"}},{"iob":0.11,"basaliob":0.009,"bolussnooze":0,"activity":0.0018,"lastBolusTime":1703408768709,"time":"2023-12-24T12:41:06.889Z","iobWithZeroTemp":{"iob":-0.393,"basaliob":-0.494,"bolussnooze":0,"activity":-0.0027,"lastBolusTime":1703408768709,"time":"2023-12-24T12:41:06.889Z"}},{"iob":0.101,"basaliob":0.008,"bolussnooze":0,"activity":0.0017,"lastBolusTime":1703408768709,"time":"2023-12-24T12:46:06.889Z","iobWithZeroTemp":{"iob":-0.404,"basaliob":-0.497,"bolussnooze":0,"activity":-0.0029,"lastBolusTime":1703408768709,"time":"2023-12-24T12:46:06.889Z"}},{"iob":0.093,"basaliob":0.008,"bolussnooze":0,"activity":0.0016,"lastBolusTime":1703408768709,"time":"2023-12-24T12:51:06.889Z","iobWithZeroTemp":{"iob":-0.414,"basaliob":-0.499,"bolussnooze":0,"activity":-0.003,"lastBolusTime":1703408768709,"time":"2023-12-24T12:51:06.889Z"}},{"iob":0.085,"basaliob":0.007,"bolussnooze":0,"activity":0.0015,"lastBolusTime":1703408768709,"time":"2023-12-24T12:56:06.889Z","iobWithZeroTemp":{"iob":-0.424,"basaliob":-0.502,"bolussnooze":0,"activity":-0.0031,"lastBolusTime":1703408768709,"time":"2023-12-24T12:56:06.889Z"}},{"iob":0.078,"basaliob":0.006,"bolussnooze":0,"activity":0.0014,"lastBolusTime":1703408768709,"time":"2023-12-24T13:01:06.889Z","iobWithZeroTemp":{"iob":-0.433,"basaliob":-0.505,"bolussnooze":0,"activity":-0.0033,"lastBolusTime":1703408768709,"time":"2023-12-24T13:01:06.889Z"}},{"iob":0.072,"basaliob":0.006,"bolussnooze":0,"activity":0.0013,"lastBolusTime":1703408768709,"time":"2023-12-24T13:06:06.889Z","iobWithZeroTemp":{"iob":-0.44,"basaliob":-0.506,"bolussnooze":0,"activity":-0.0034,"lastBolusTime":1703408768709,"time":"2023-12-24T13:06:06.889Z"}}],"profile":{"max_iob":4,"type":"current","max_daily_basal":0.5,"max_basal":1.2,"min_bg":91.79999999999998,"max_bg":91.79999999999998,"target_bg":91.79999999999998,"carb_ratio":30,"sens":126,"max_daily_safety_multiplier":3,"current_basal_safety_multiplier":4,"high_temptarget_raises_sensitivity":false,"low_temptarget_lowers_sensitivity":false,"sensitivity_raises_target":true,"resistance_lowers_target":true,"adv_target_adjustments":false,"exercise_mode":false,"half_basal_exercise_target":160,"maxCOB":120,"skip_neutral_temps":false,"remainingCarbsCap":90,"enableUAM":true,"A52_risk_enable":false,"SMBInterval":3,"enableSMB_with_COB":true,"enableSMB_with_temptarget":true,"allowSMB_with_high_temptarget":false,"enableSMB_always":false,"enableSMB_after_carbs":false,"maxSMBBasalMinutes":75,"maxUAMSMBBasalMinutes":75,"bolus_increment":0.05,"carbsReqThreshold":10,"current_basal":0.3,"temptargetSet":true,"autosens_max":1.2,"out_units":"mmol\/L"},"autosens_data":{"ratio":1},"meal_data":{"carbs":0,"mealCOB":0,"slopeFromMaxDeviation":-0.4168999999999998,"slopeFromMinDeviation":0.8997142857142858,"lastBolusTime":1703408768709,"lastCarbTime":0},"microBolusAllowed":true,"currentTime":1703409068321,"flatBGsDetected":false},"output":{"temp":"absolute","bg":193,"tick":"+7","eventualBG":174,"targetBG":91.79999999999998,"insulinReq":0.17,"deliverAt":"2023-12-24T09:11:08.321Z","sensitivityRatio":1,"predBGs":{"IOB":[193,197,200,201,201,200,198,195,191,186,181,174,167,160,154,147,141,135,130,124,119,114,109,105,101,97,93,90,86,83,80,78,75,73,71,69,67,65,63,61,60,59,57,56,55,54,53,52],"ZT":[193,188,182,175,168,161,154,147,140,133,126,120,113,107,102,97,92,87,83,79,76,72,70,67,65,63,62,60,59,59,58,58,58,58,58,59,59,60,61,62,64,65,67,69,70,72,74,76],"UAM":[193,200,205,210,214,217,220,222,223,225,226,226,227,227,227,227,226,226,225,224,223,222,220,219,217,215,213,211,208,205,203,200,197,195,193,191,189,187,185,184,182,181,180,178,177,176,175,174]},"COB":0,"IOB":1.628,"reason":"COB: 0, Dev: 4.2, BGI: -0.3, ISF: 7.0, CR: 30, Target: 5.1, minPredBG 6.3, minGuardBG 9.7, IOBpredBG 2.9, UAMpredBG 9.7; Eventual BG 9.7 >= 5.1,  insulinReq 0.17; setting 60m low temp of 0U\/h. Microbolusing 0.05U. ","units":0.05,"rate":0,"duration":60,"timestamp":"2023-12-24T09:11:08.356Z"}}