{"algorithm":"OpenAPSSMBPlugin","input":{"glucoseStatus":{"glucose":93,"noise":0,"delta":-0.67,"short_avgdelta":-2.31,"long_avgdelta":-3.05,"date":1703488215650},"currenttemp":{"temp":"absolute","duration":80,"rate":0,"minutesrunning":10},"iob_data":[{"iob":0.069,"basaliob":0.069,"bolussnooze":0,"activity":0.0011,"lastBolusTime":0,"time":"2023-12-25T07:11:07.791Z","iobWithZeroTemp":{"iob":0.069,"basaliob":0.069,"bolussnooze":0,"activity":0.0011,"lastBolusTime":0,"time":"2023-12-25T07:11:07.791Z"}},{"iob":0.064,"basaliob":0.064,"bolussnooze":0,"activity":0.001,"lastBolusTime":0,"time":"2023-12-25T07:16:07.791Z","iobWithZeroTemp":{"iob":0.045,"basaliob":0.045,"bolussnooze":0,"activity":0.001,"lastBolusTime":0,"time":"2023-12-25T07:16:07.791Z"}},{"iob":0.059,"basaliob":0.059,"bolussnooze":0,"activity":9.0E-4,"lastBolusTime":0,"time":"2023-12-25T07:21:07.791Z","iobWithZeroTemp":{"iob":0.016,"basaliob":0.016,"bolussnooze":0,"activity":8.0E-4,"lastBolusTime":0,"time":"2023-12-25T07:21:07.791Z"}},{"iob":0.054,"basaliob":0.054,"bolussnooze":0,"activity":9.0E-4,"lastBolusTime":0,"time":"2023-12-25T07:26:07.791Z","iobWithZeroTemp":{"iob":-0.013,"basaliob":-0.013,"bolussnooze":0,"activity":8.0E-4,"lastBolusTime":0,"time":"2023-12-25T07:26:07.791Z"}},{"iob":0.05,"basaliob":0.05,"bolussnooze":0,"activity":8.0E-4,"lastBolusTime":0,"time":"2023-12-25T07:31:07.791Z","iobWithZeroTemp":{"iob":-0.04,"basaliob":-0.04,"bolussnooze":0,"activity":6.0E-4,"lastBolusTime":0,"time":"2023-12-25T07:31:07.791Z"}},{"iob":0.046,"basaliob":0.046,"bolussnooze":0,"activity":8.0E-4,"lastBolusTime":0,"time":"2023-12-25T07:36:07.791Z","iobWithZeroTemp":{"iob":-0.066,"basaliob":-0.066,"bolussnooze":0,"activity":4.0E-4,"lastBolusTime":0,"time":"2023-12-25T07:36:07.791Z"}},{"iob":0.043,"basaliob":0.043,"bolussnooze":0,"activity":7.0E-4,"lastBolusTime":0,"time":"2023-12-25T07:41:07.791Z","iobWithZeroTemp":{"iob":-0.091,"basaliob":-0.091,"bolussnooze":0,"activity":2.0E-4,"lastBolusTime":0,"time":"2023-12-25T07:41:07.791Z"}},{"iob":0.039,"basaliob":0.039,"bolussnooze":0,"activity":6.0E-4,"lastBolusTime":0,"time":"2023-12-25T07:46:07.791Z","iobWithZeroTemp":{"iob":-0.116,"basaliob":-0.116,"bolussnooze":0,"activity":0,"lastBolusTime":0,"time":"2023-12-25T07:46:07.791Z"}},{"iob":0.036,"basaliob":0.036,"bolussnooze":0,"activity":6.0E-4,"lastBolusTime":0,"time":"2023-12-25T07:51:07.791Z","iobWithZeroTemp":{"iob":-0.14,"basaliob":-0.14,"bolussnooze":0,"activity":-2.0E-4,"lastBolusTime":0,"time":"2023-12-25T07:51:07.791Z"}},{"iob":0.033,"basaliob":0.033,"bolussnooze":0,"activity":6.0E-4,"lastBolusTime":0,"time":"2023-12-25T07:56:07.791Z","iobWithZeroTemp":{"iob":-0.163,"basaliob":-0.163,"bolussnooze":0,"activity":-3.0E-4,"lastBolusTime":0,"time":"2023-12-25T07:56:07.791Z"}},{"iob":0.031,"basaliob":0.031,"bolussnooze":0,"activity":5.0E-4,"lastBolusTime":0,"time":"2023-12-25T08:01:07.791Z","iobWithZeroTemp":{"iob":-0.183,"basaliob":-0.183,"bolussnooze":0,"activity":-6.0E-4,"lastBolusTime":0,"time":"2023-12-25T08:01:07.791Z"}},{"iob":0.028,"basaliob":0.028,"bolussnooze":0,"activity":5.0E-4,"lastBolusTime":0,"time":"2023-12-25T08:06:07.791Z","iobWithZeroTemp":{"iob":-0.204,"basaliob":-0.204,"bolussnooze":0,"activity":-8.0E-4,"lastBolusTime":0,"time":"2023-12-25T08:06:07.791Z"}},{"iob":0.026,"basaliob":0.026,"bolussnooze":0,"activity":4.0E-4,"lastBolusTime":0,"time":"2023-12-25T08:11:07.791Z","iobWithZeroTemp":{"iob":-0.224,"basaliob":-0.224,"bolussnooze":0,"activity":-0.001,"lastBolusTime":0,"time":"2023-12-25T08:11:07.791Z"}},{"iob":0.024,"basaliob":0.024,"bolussnooze":0,"activity":4.0E-4,"lastBolusTime":0,"time":"2023-12-25T08:16:07.791Z","iobWithZeroTemp":{"iob":-0.242,"basaliob":-0.242,"bolussnooze":0,"activity":-0.0012,"lastBolusTime":0,"time":"2023-12-25T08:16:07.791Z"}},{"iob":0.022,"basaliob":0.022,"bolussnooze":0,"activity":4.0E-4,"lastBolusTime":0,"time":"2023-12-25T08:21:07.791Z","iobWithZeroTemp":{"iob":-0.26,"basaliob":-0.26,"bolussnooze":0,"activity":-0.0014,"lastBolusTime":0,"time":"2023-12-25T08:21:07.791Z"}},{"iob":0.02,"basaliob":0.02,"bolussnooze":0,"activity":3.0E-4,"lastBolusTime":0,"time":"2023-12-25T08:26:07.791Z","iobWithZeroTemp":{"iob":-0.277,"basaliob":-0.277,"bolussnooze":0,"activity":-0.0016,"lastBolusTime":0,"time":"2023-12-25T08:26:07.791Z"}},{"iob":0.018,"basaliob":0.018,"bolussnooze":0,"activity":3.0E-4,"lastBolusTime":0,"time":"2023-12-25T08:31:07.791Z","iobWithZeroTemp":{"iob":-0.293,"basaliob":-0.293,"bolussnooze":0,"activity":-0.0018,"lastBolusTime":0,"time":"2023-12-25T08:31:07.791Z"}},{"iob":0.017,"basaliob":0.017,"bolussnooze":0,"activity":3.0E-4,"lastBolusTime":0,"time":"2023-12-25T08:36:07.791Z","iobWithZeroTemp":{"iob":-0.307,"basaliob":-0.307,"bolussnooze":0,"activity":-0.0019,"lastBolusTime":0,"time":"2023-12-25T08:36:07.791Z"}},{"iob":0.015,"basaliob":0.015,"bolussnooze":0,"activity":3.0E-4,"lastBolusTime":0,"time":"2023-12-25T08:41:07.791Z","iobWithZeroTemp":{"iob":-0.321,"basaliob":-0.321,"bolussnooze":0,"activity":-0.0021,"lastBolusTime":0,"time":"2023-12-25T08:41:07.791Z"}},{"iob":0.014,"basaliob":0.014,"bolussnooze":0,"activity":3.0E-4,"lastBolusTime":0,"time":"2023-12-25T08:46:07.791Z","iobWithZeroTemp":{"iob":-0.334,"basaliob":-0.334,"bolussnooze":0,"activity":-0.0022,"lastBolusTime":0,"time":"2023-12-25T08:46:07.791Z"}},{"iob":0.013,"basaliob":0.013,"bolussnooze":0,"activity":2.0E-4,"lastBolusTime":0,"time":"2023-12-25T08:51:07.791Z","iobWithZeroTemp":{"iob":-0.346,"basaliob":-0.346,"bolussnooze":0,"activity":-0.0024,"lastBolusTime":0,"time":"2023-12-25T08:51:07.791Z"}},{"iob":0.012,"basaliob":0.012,"bolussnooze":0,"activity":2.0E-4,"lastBolusTime":0,"time":"2023-12-25T08:56:07.791Z","iobWithZeroTemp":{"iob":-0.358,"basaliob":-0.358,"bolussnooze":0,"activity":-0.0026,"lastBolusTime":0,"time":"2023-12-25T08:56:07.791Z"}},{"iob":0.011,"basaliob":0.011,"bolussnooze":0,"activity":2.0E-4,"lastBolusTime":0,"time":"2023-12-25T09:01:07.791Z","iobWithZeroTemp":{"iob":-0.369,"basaliob":-0.369,"bolussnooze":0,"activity":-0.0027,"lastBolusTime":0,"time":"2023-12-25T09:01:07.791Z"}},{"iob":0.01,"basaliob":0.01,"bolussnooze":0,"activity":2.0E-4,"lastBolusTime":0,"time":"2023-12-25T09:06:07.791Z","iobWithZeroTemp":{"iob":-0.379,"basaliob":-0.379,"bolussnooze":0,"activity":-0.0028,"lastBolusTime":0,"time":"2023-12-25T09:06:07.791Z"}},{"iob":0.009,"basaliob":0.009,"bolussnooze":0,"activity":2.0E-4,"lastBolusTime":0,"time":"2023-12-25T09:11:07.791Z","iobWithZeroTemp":{"iob":-0.389,"basaliob":-0.389,"bolussnooze":0,"activity":-0.0029,"lastBolusTime":0,"time":"2023-12-25T09:11:07.791Z"}},{"iob":0.008,"basaliob":0.008,"bolussnooze":0,"activity":2.0E-4,"lastBolusTime":0,"time":"2023-12-25T09:16:07.791Z","iobWithZeroTemp":{"iob":-0.398,"basaliob":-0.398,"bolussnooze":0,"activity":-0.003,"lastBolusTime":0,"time":"2023-12-25T09:16:07.791Z"}},{"iob":0.007,"basaliob":0.007,"bolussnooze":0,"activity":1.0E-4,"lastBolusTime":0,"time":"2023-12-25T09:21:07.791Z","iobWithZeroTemp":{"iob":-0.406,"basaliob":-0.406,"bolussnooze":0,"activity":-0.0032,"lastBolusTime":0,"time":"2023-12-25T09:21:07.791Z"}},{"iob":0.007,"basaliob":0.007,"bolussnooze":0,"activity":1.0E-4,"lastBolusTime":0,"time":"2023-12-25T09:26:07.791Z","iobWithZeroTemp":{"iob":-0.413,"basaliob":-0.413,"bolussnooze":0,"activity":-0.0033,"lastBolusTime":0,"time":"2023-12-25T09:26:07.791Z"}},{"iob":0.006,"basaliob":0.006,"bolussnooze":0,"activity":1.0E-4,"lastBolusTime":0,"time":"2023-12-25T09:31:07.791Z","iobWithZeroTemp":{"iob":-0.421,"basaliob":-0.421,"bolussnooze":0,"activity":-0.0034,"lastBolusTime":0,"time":"2023-12-25T09:31:07.791Z"}},{"iob":0.006,"basaliob":0.006,"bolussnooze":0,"activity":1.0E-4,"lastBolusTime":0,"time":"2023-12-25T09:36:07.791Z","iobWithZeroTemp":{"iob":-0.427,"basaliob":-0.427,"bolussnooze":0,"activity":-0.0035,"lastBolusTime":0,"time":"2023-12-25T09:36:07.791Z"}},{"iob":0.005,"basaliob":0.005,"bolussnooze":0,"activity":1.0E-4,"lastBolusTime":0,"time":"2023-12-25T09:41:07.791Z","iobWithZeroTemp":{"iob":-0.434,"basaliob":-0.434,"bolussnooze":0,"activity":-0.0036,"lastBolusTime":0,"time":"2023-12-25T09:41:07.791Z"}},{"iob":0.005,"basaliob":0.005,"bolussnooze":0,"activity":1.0E-4,"lastBolusTime":0,"time":"2023-12-25T09:46:07.791Z","iobWithZeroTemp":{"iob":-0.439,"basaliob":-0.439,"bolussnooze":0,"activity":-0.0037,"lastBolusTime":0,"time":"2023-12-25T09:46:07.791Z"}},{"iob":0.004,"basaliob":0.004,"bolussnooze":0,"activity":1.0E-4,"lastBolusTime":0,"time":"2023-12-25T09:51:07.791Z","iobWithZeroTemp":{"iob":-0.445,"basaliob":-0.445,"bolussnooze":0,"activity":-0.0037,"lastBolusTime":0,"time":"2023-12-25T09:51:07.791Z"}},{"iob":0.004,"basaliob":0.004,"bolussnooze":0,"activity":1.0E-4,"lastBolusTime":0,"time":"2023-12-25T09:56:07.791Z","iobWithZeroTemp":{"iob":-0.45,"basaliob":-0.45,"bolussnooze":0,"activity":-0.0038,"lastBolusTime":0,"time":"2023-12-25T09:56:07.791Z"}},{"iob":0.003,"basaliob":0.003,"bolussnooze":0,"activity":1.0E-4,"lastBolusTime":0,"time":"2023-12-25T10:01:07.791Z","iobWithZeroTemp":{"iob":-0.455,"basaliob":-0.455,"bolussnooze":0,"activity":-0.0039,"lastBolusTime":0,"time":"2023-12-25T10:01:07.791Z"}},{"iob":0.003,"basaliob":0.003,"bolussnooze":0,"activity":1.0E-4,"lastBolusTime":0,"time":"2023-12-25T10:06:07.791Z","iobWithZeroTemp":{"iob":-0.459,"basaliob":-0.459,"bolussnooze":0,"activity":-0.0039,"lastBolusTime":0,"time":"2023-12-25T10:06:07.791Z"}},{"iob":0.003,"basaliob":0.003,"bolussnooze":0,"activity":1.0E-4,"lastBolusTime":0,"time":"2023-12-25T10:11:07.791Z","iobWithZeroTemp":{"iob":-0.463,"basaliob":-0.463,"bolussnooze":0,"activity":-0.004,"lastBolusTime":0,"time":"2023-12-25T10:11:07.791Z"}},{"iob":0.002,"basaliob":0.002,"bolussnooze":0,"activity":1.0E-4,"lastBolusTime":0,"time":"2023-12-25T10:16:07.791Z","iobWithZeroTemp":{"iob":-0.467,"basaliob":-0.467,"bolussnooze":0,"activity":-0.004,"lastBolusTime":0,"time":"2023-12-25T10:16:07.791Z"}},{"iob":0.002,"basaliob":0.002,"bolussnooze":0,"activity":0,"lastBolusTime":0,"time":"2023-12-25T10:21:07.791Z","iobWithZeroTemp":{"iob":-0.47,"basaliob":-0.47,"bolussnooze":0,"activity":-0.0042,"lastBolusTime":0,"time":"2023-12-25T10:21:07.791Z"}},{"iob":0.002,"basaliob":0.002,"bolussnooze":0,"activity":0,"lastBolusTime":0,"time":"2023-12-25T10:26:07.791Z","iobWithZeroTemp":{"iob":-0.473,"basaliob":-0.473,"bolussnooze":0,"activity":-0.0042,"lastBolusTime":0,"time":"2023-12-25T10:26:07.791Z"}},{"iob":0.002,"basaliob":0.002,"bolussnooze":0,"activity":0,"lastBolusTime":0,"time":"2023-12-25T10:31:07.791Z","iobWithZeroTemp":{"iob":-0.476,"basaliob":-0.476,"bolussnooze":0,"activity":-0.0043,"lastBolusTime":0,"time":"2023-12-25T10:31:07.791Z"}},{"iob":0.002,"basaliob":0.002,"bolussnooze":0,"activity":0,"lastBolusTime":0,"time":"2023-12-25T10:36:07.791Z","iobWithZeroTemp":{"iob":-0.478,"basaliob":-0.478,"bolussnooze":0,"activity":-0.0043,"lastBolusTime":0,"time":"2023-12-25T10:36:07.791Z"}},{"iob":0.001,"basaliob":0.001,"bolussnooze":0,"activity":0,"lastBolusTime":0,"time":"2023-12-25T10:41:07.791Z","iobWithZeroTemp":{"iob":-0.482,"basaliob":-0.482,"bolussnooze":0,"activity":-0.0044,"lastBolusTime":0,"time":"2023-12-25T10:41:07.791Z"}},{"iob":0.001,"basaliob":0.001,"bolussnooze":0,"activity":0,"lastBolusTime":0,"time":"2023-12-25T10:46:07.791Z","iobWithZeroTemp":{"iob":-0.484,"basaliob":-0.484,"bolussnooze":0,"activity":-0.0044,"lastBolusTime":0,"time":"2023-12-25T10:46:07.791Z"}},{"iob":0.001,"basaliob":0.001,"bolussnooze":0,"activity":0,"lastBolusTime":0,"time":"2023-12-25T10:51:07.791Z","iobWithZeroTemp":{"iob":-0.486,"basaliob":-0.486,"bolussnooze":0,"activity":-0.0044,"lastBolusTime":0,"time":"2023-12-25T10:51:07.791Z"}},{"iob":0.001,"basaliob":0.001,"bolussnooze":0,"activity":0,"lastBolusTime":0,"time":"2023-12-25T10:56:07.791Z","iobWithZeroTemp":{"iob":-0.487,"basaliob":-0.487,"bolussnooze":0,"activity":-0.0045,"lastBolusTime":0,"time":"2023-12-25T10:56:07.791Z"}},{"iob":0.001,"basaliob":0.001,"bolussnooze":0,"activity":0,"lastBolusTime":0,"time":"2023-12-25T11:01:07.791Z","iobWithZeroTemp":{"iob":-0.489,"basaliob":-0.489,"bolussnooze":0,"activity":-0.0045,"lastBolusTime":0,"time":"2023-12-25T11:01:07.791Z"}},{"iob":0.001,"basaliob":0.001,"bolussnooze":0,"activity":0,"lastBolusTime":0,"time":"2023-12-25T11:06:07.791Z","iobWithZeroTemp":{"iob":-0.491,"basaliob":-0.491,"bolussnooze":0,"activity":-0.0045,"lastBolusTime":0,"time":"2023-12-25T11:06:07.791Z"}}],"profile":{"max_iob":4,"type":"current","max_daily_basal":0.5,"max_basal":1.2,"min_bg":100.8,"max_bg":100.8,"target_bg":100.8,"carb_ratio":30,"sens":126,"max_daily_safety_multiplier":3,"current_basal_safety_multiplier":4,"high_temptarget_raises_sensitivity":false,"low_temptarget_lowers_sensitivity":false,"sensitivity_raises_target":true,"resistance_lowers_target":true,"adv_target_adjustments":false,"exercise_mode":false,"half_basal_exercise_target":160,"maxCOB":120,"skip_neutral_temps":false,"remainingCarbsCap":90,"enableUAM":true,"A52_risk_enable":false,"SMBInterval":3,"enableSMB_with_COB":true,"enableSMB_with_temptarget":true,"allowSMB_with_high_temptarget":false,"enableSMB_always":false,"enableSMB_after_carbs":false,"maxSMBBasalMinutes":75,"maxUAMSMBBasalMinutes":75,"bolus_increment":0.05,"carbsReqThreshold":10,"current_basal":0.3,"temptargetSet":false,"autosens_max":1.2,"out_units":"mmol\/L"},"autosens_data":{"ratio":0.96},"meal_data":{"carbs":0,"mealCOB":0,"slopeFromMaxDeviation":-0.8485555555555555,"slopeFromMinDeviation":1.6030000000000002,"lastBolusTime":1703430368291,"lastCarbTime":0},"microBolusAllowed":true,"currentTime":1703488269100,"flatBGsDetected":false},"output":{"temp":"absolute","bg":93,"tick":-1,"eventualBG":70,"targetBG":103,"insulinReq":0,"deliverAt":"2023-12-25T07:11:09.100Z","sensitivityRatio":0.96,"predBGs":{"IOB":[93,91,89,87,85,84,83,81,81,80,79,79,78,78,78,78,77,77,77,77,77,76,76,76,76,76,76,76,76,76,75],"ZT":[93,92,92,91,91,90,90,90,90,90,90,91,91,92,92,93,94,96,97,98,100,101,103]},"COB":0,"IOB":0.069,"reason":"COB: 0, Dev: -0.8, BGI: 0.0, ISF: 7.3, CR: 30, Target: 5.7, minPredBG 4.3, minGuardBG 4.2, IOBpredBG 4.2; Eventual BG 3.9 < 5.7, setting 30m zero temp.  80m left and 0 ~ req 0U\/hr: no temp required","timestamp":"2023-12-25T07:11:09.135Z"}}