{"algorithm":"OpenAPSSMBPlugin","input":{"glucoseStatus":{"glucose":115,"noise":0,"delta":0,"short_avgdelta":0.11,"long_avgdelta":2.79,"date":1703394617141},"currenttemp":{"temp":"absolute","duration":55,"rate":0,"minutesrunning":5},"iob_data":[{"iob":0.404,"basaliob":-0.095,"bolussnooze":0,"activity":0.0027,"lastBolusTime":1703393167688,"time":"2023-12-24T05:11:06.761Z","iobWithZeroTemp":{"iob":0.404,"basaliob":-0.095,"bolussnooze":0,"activity":0.0027,"lastBolusTime":1703393167688,"time":"2023-12-24T05:11:06.761Z"}},{"iob":0.391,"basaliob":-0.089,"bolussnooze":0,"activity":0.0028,"lastBolusTime":1703393167688,"time":"2023-12-24T05:16:06.761Z","iobWithZeroTemp":{"iob":0.369,"basaliob":-0.111,"bolussnooze":0,"activity":0.0028,"lastBolusTime":1703393167688,"time":"2023-12-24T05:16:06.761Z"}},{"iob":0.376,"basaliob":-0.083,"bolussnooze":0,"activity":0.003,"lastBolusTime":1703393167688,"time":"2023-12-24T05:21:06.761Z","iobWithZeroTemp":{"iob":0.327,"basaliob":-0.132,"bolussnooze":0,"activity":0.0029,"lastBolusTime":1703393167688,"time":"2023-12-24T05:21:06.761Z"}},{"iob":0.361,"basaliob":-0.078,"bolussnooze":0,"activity":0.003,"lastBolusTime":1703393167688,"time":"2023-12-24T05:26:06.761Z","iobWithZeroTemp":{"iob":0.285,"basaliob":-0.154,"bolussnooze":0,"activity":0.0028,"lastBolusTime":1703393167688,"time":"2023-12-24T05:26:06.761Z"}},{"iob":0.346,"basaliob":-0.073,"bolussnooze":0,"activity":0.0031,"lastBolusTime":1703393167688,"time":"2023-12-24T05:31:06.761Z","iobWithZeroTemp":{"iob":0.243,"basaliob":-0.176,"bolussnooze":0,"activity":0.0028,"lastBolusTime":1703393167688,"time":"2023-12-24T05:31:06.761Z"}},{"iob":0.33,"basaliob":-0.068,"bolussnooze":0,"activity":0.0031,"lastBolusTime":1703393167688,"time":"2023-12-24T05:36:06.761Z","iobWithZeroTemp":{"iob":0.201,"basaliob":-0.197,"bolussnooze":0,"activity":0.0027,"lastBolusTime":1703393167688,"time":"2023-12-24T05:36:06.761Z"}},{"iob":0.315,"basaliob":-0.063,"bolussnooze":0,"activity":0.0031,"lastBolusTime":1703393167688,"time":"2023-12-24T05:41:06.761Z","iobWithZeroTemp":{"iob":0.161,"basaliob":-0.217,"bolussnooze":0,"activity":0.0025,"lastBolusTime":1703393167688,"time":"2023-12-24T05:41:06.761Z"}},{"iob":0.3,"basaliob":-0.059,"bolussnooze":0,"activity":0.0031,"lastBolusTime":1703393167688,"time":"2023-12-24T05:46:06.761Z","iobWithZeroTemp":{"iob":0.122,"basaliob":-0.237,"bolussnooze":0,"activity":0.0024,"lastBolusTime":1703393167688,"time":"2023-12-24T05:46:06.761Z"}},{"iob":0.284,"basaliob":-0.055,"bolussnooze":0,"activity":0.003,"lastBolusTime":1703393167688,"time":"2023-12-24T05:51:06.761Z","iobWithZeroTemp":{"iob":0.083,"basaliob":-0.256,"bolussnooze":0,"activity":0.0021,"lastBolusTime":1703393167688,"time":"2023-12-24T05:51:06.761Z"}},{"iob":0.27,"basaliob":-0.051,"bolussnooze":0,"activity":0.003,"lastBolusTime":1703393167688,"time":"2023-12-24T05:56:06.761Z","iobWithZeroTemp":{"iob":0.046,"basaliob":-0.275,"bolussnooze":0,"activity":0.0019,"lastBolusTime":1703393167688,"time":"2023-12-24T05:56:06.761Z"}},{"iob":0.254,"basaliob":-0.048,"bolussnooze":0,"activity":0.0029,"lastBolusTime":1703393167688,"time":"2023-12-24T06:01:06.761Z","iobWithZeroTemp":{"iob":0.008,"basaliob":-0.294,"bolussnooze":0,"activity":0.0016,"lastBolusTime":1703393167688,"time":"2023-12-24T06:01:06.761Z"}},{"iob":0.241,"basaliob":-0.044,"bolussnooze":0,"activity":0.0027,"lastBolusTime":1703393167688,"time":"2023-12-24T06:06:06.761Z","iobWithZeroTemp":{"iob":-0.025,"basaliob":-0.31,"bolussnooze":0,"activity":0.0012,"lastBolusTime":1703393167688,"time":"2023-12-24T06:06:06.761Z"}},{"iob":0.227,"basaliob":-0.041,"bolussnooze":0,"activity":0.0027,"lastBolusTime":1703393167688,"time":"2023-12-24T06:11:06.761Z","iobWithZeroTemp":{"iob":-0.059,"basaliob":-0.327,"bolussnooze":0,"activity":0.0011,"lastBolusTime":1703393167688,"time":"2023-12-24T06:11:06.761Z"}},{"iob":0.214,"basaliob":-0.038,"bolussnooze":0,"activity":0.0026,"lastBolusTime":1703393167688,"time":"2023-12-24T06:16:06.761Z","iobWithZeroTemp":{"iob":-0.091,"basaliob":-0.343,"bolussnooze":0,"activity":8.0E-4,"lastBolusTime":1703393167688,"time":"2023-12-24T06:16:06.761Z"}},{"iob":0.201,"basaliob":-0.035,"bolussnooze":0,"activity":0.0025,"lastBolusTime":1703393167688,"time":"2023-12-24T06:21:06.761Z","iobWithZeroTemp":{"iob":-0.122,"basaliob":-0.358,"bolussnooze":0,"activity":5.0E-4,"lastBolusTime":1703393167688,"time":"2023-12-24T06:21:06.761Z"}},{"iob":0.189,"basaliob":-0.033,"bolussnooze":0,"activity":0.0024,"lastBolusTime":1703393167688,"time":"2023-12-24T06:26:06.761Z","iobWithZeroTemp":{"iob":-0.151,"basaliob":-0.373,"bolussnooze":0,"activity":2.0E-4,"lastBolusTime":1703393167688,"time":"2023-12-24T06:26:06.761Z"}},{"iob":0.178,"basaliob":-0.03,"bolussnooze":0,"activity":0.0022,"lastBolusTime":1703393167688,"time":"2023-12-24T06:31:06.761Z","iobWithZeroTemp":{"iob":-0.178,"basaliob":-0.386,"bolussnooze":0,"activity":-2.0E-4,"lastBolusTime":1703393167688,"time":"2023-12-24T06:31:06.761Z"}},{"iob":0.166,"basaliob":-0.028,"bolussnooze":0,"activity":0.0022,"lastBolusTime":1703393167688,"time":"2023-12-24T06:36:06.761Z","iobWithZeroTemp":{"iob":-0.205,"basaliob":-0.399,"bolussnooze":0,"activity":-3.0E-4,"lastBolusTime":1703393167688,"time":"2023-12-24T06:36:06.761Z"}},{"iob":0.156,"basaliob":-0.026,"bolussnooze":0,"activity":0.0021,"lastBolusTime":1703393167688,"time":"2023-12-24T06:41:06.761Z","iobWithZeroTemp":{"iob":-0.23,"basaliob":-0.412,"bolussnooze":0,"activity":-6.0E-4,"lastBolusTime":1703393167688,"time":"2023-12-24T06:41:06.761Z"}},{"iob":0.146,"basaliob":-0.024,"bolussnooze":0,"activity":0.0019,"lastBolusTime":1703393167688,"time":"2023-12-24T06:46:06.761Z","iobWithZeroTemp":{"iob":-0.253,"basaliob":-0.423,"bolussnooze":0,"activity":-0.001,"lastBolusTime":1703393167688,"time":"2023-12-24T06:46:06.761Z"}},{"iob":0.136,"basaliob":-0.022,"bolussnooze":0,"activity":0.0018,"lastBolusTime":1703393167688,"time":"2023-12-24T06:51:06.761Z","iobWithZeroTemp":{"iob":-0.276,"basaliob":-0.434,"bolussnooze":0,"activity":-0.0012,"lastBolusTime":1703393167688,"time":"2023-12-24T06:51:06.761Z"}},{"iob":0.127,"basaliob":-0.02,"bolussnooze":0,"activity":0.0018,"lastBolusTime":1703393167688,"time":"2023-12-24T06:56:06.761Z","iobWithZeroTemp":{"iob":-0.297,"basaliob":-0.444,"bolussnooze":0,"activity":-0.0014,"lastBolusTime":1703393167688,"time":"2023-12-24T06:56:06.761Z"}},{"iob":0.118,"basaliob":-0.019,"bolussnooze":0,"activity":0.0017,"lastBolusTime":1703393167688,"time":"2023-12-24T07:01:06.761Z","iobWithZeroTemp":{"iob":-0.317,"basaliob":-0.454,"bolussnooze":0,"activity":-0.0016,"lastBolusTime":1703393167688,"time":"2023-12-24T07:01:06.761Z"}},{"iob":0.111,"basaliob":-0.017,"bolussnooze":0,"activity":0.0016,"lastBolusTime":1703393167688,"time":"2023-12-24T07:06:06.761Z","iobWithZeroTemp":{"iob":-0.335,"basaliob":-0.463,"bolussnooze":0,"activity":-0.0019,"lastBolusTime":1703393167688,"time":"2023-12-24T07:06:06.761Z"}},{"iob":0.103,"basaliob":-0.016,"bolussnooze":0,"activity":0.0014,"lastBolusTime":1703393167688,"time":"2023-12-24T07:11:06.761Z","iobWithZeroTemp":{"iob":-0.352,"basaliob":-0.471,"bolussnooze":0,"activity":-0.0022,"lastBolusTime":1703393167688,"time":"2023-12-24T07:11:06.761Z"}},{"iob":0.095,"basaliob":-0.015,"bolussnooze":0,"activity":0.0014,"lastBolusTime":1703393167688,"time":"2023-12-24T07:16:06.761Z","iobWithZeroTemp":{"iob":-0.37,"basaliob":-0.48,"bolussnooze":0,"activity":-0.0023,"lastBolusTime":1703393167688,"time":"2023-12-24T07:16:06.761Z"}},{"iob":0.089,"basaliob":-0.013,"bolussnooze":0,"activity":0.0013,"lastBolusTime":1703393167688,"time":"2023-12-24T07:21:06.761Z","iobWithZeroTemp":{"iob":-0.384,"basaliob":-0.486,"bolussnooze":0,"activity":-0.0025,"lastBolusTime":1703393167688,"time":"2023-12-24T07:21:06.761Z"}},{"iob":0.083,"basaliob":-0.012,"bolussnooze":0,"activity":0.0012,"lastBolusTime":1703393167688,"time":"2023-12-24T07:26:06.761Z","iobWithZeroTemp":{"iob":-0.399,"basaliob":-0.494,"bolussnooze":0,"activity":-0.0027,"lastBolusTime":1703393167688,"time":"2023-12-24T07:26:06.761Z"}},{"iob":0.077,"basaliob":-0.011,"bolussnooze":0,"activity":0.0011,"lastBolusTime":1703393167688,"time":"2023-12-24T07:31:06.761Z","iobWithZeroTemp":{"iob":-0.412,"basaliob":-0.5,"bolussnooze":0,"activity":-0.0029,"lastBolusTime":1703393167688,"time":"2023-12-24T07:31:06.761Z"}},{"iob":0.072,"basaliob":-0.01,"bolussnooze":0,"activity":0.0011,"lastBolusTime":1703393167688,"time":"2023-12-24T07:36:06.761Z","iobWithZeroTemp":{"iob":-0.424,"basaliob":-0.506,"bolussnooze":0,"activity":-0.003,"lastBolusTime":1703393167688,"time":"2023-12-24T07:36:06.761Z"}},{"iob":0.066,"basaliob":-0.009,"bolussnooze":0,"activity":0.001,"lastBolusTime":1703393167688,"time":"2023-12-24T07:41:06.761Z","iobWithZeroTemp":{"iob":-0.437,"basaliob":-0.512,"bolussnooze":0,"activity":-0.0032,"lastBolusTime":1703393167688,"time":"2023-12-24T07:41:06.761Z"}},{"iob":0.061,"basaliob":-0.009,"bolussnooze":0,"activity":9.0E-4,"lastBolusTime":1703393167688,"time":"2023-12-24T07:46:06.761Z","iobWithZeroTemp":{"iob":-0.448,"basaliob":-0.518,"bolussnooze":0,"activity":-0.0034,"lastBolusTime":1703393167688,"time":"2023-12-24T07:46:06.761Z"}},{"iob":0.057,"basaliob":-0.008,"bolussnooze":0,"activity":9.0E-4,"lastBolusTime":1703393167688,"time":"2023-12-24T07:51:06.761Z","iobWithZeroTemp":{"iob":-0.457,"basaliob":-0.522,"bolussnooze":0,"activity":-0.0035,"lastBolusTime":1703393167688,"time":"2023-12-24T07:51:06.761Z"}},{"iob":0.053,"basaliob":-0.007,"bolussnooze":0,"activity":9.0E-4,"lastBolusTime":1703393167688,"time":"2023-12-24T07:56:06.761Z","iobWithZeroTemp":{"iob":-0.467,"basaliob":-0.527,"bolussnooze":0,"activity":-0.0036,"lastBolusTime":1703393167688,"time":"2023-12-24T07:56:06.761Z"}},{"iob":0.048,"basaliob":-0.007,"bolussnooze":0,"activity":8.0E-4,"lastBolusTime":1703393167688,"time":"2023-12-24T08:01:06.761Z","iobWithZeroTemp":{"iob":-0.477,"basaliob":-0.532,"bolussnooze":0,"activity":-0.0038,"lastBolusTime":1703393167688,"time":"2023-12-24T08:01:06.761Z"}},{"iob":0.045,"basaliob":-0.006,"bolussnooze":0,"activity":7.0E-4,"lastBolusTime":1703393167688,"time":"2023-12-24T08:06:06.761Z","iobWithZeroTemp":{"iob":-0.484,"basaliob":-0.535,"bolussnooze":0,"activity":-0.0039,"lastBolusTime":1703393167688,"time":"2023-12-24T08:06:06.761Z"}},{"iob":0.042,"basaliob":-0.005,"bolussnooze":0,"activity":7.0E-4,"lastBolusTime":1703393167688,"time":"2023-12-24T08:11:06.761Z","iobWithZeroTemp":{"iob":-0.491,"basaliob":-0.538,"bolussnooze":0,"activity":-0.004,"lastBolusTime":1703393167688,"time":"2023-12-24T08:11:06.761Z"}},{"iob":0.038,"basaliob":-0.005,"bolussnooze":0,"activity":6.0E-4,"lastBolusTime":1703393167688,"time":"2023-12-24T08:16:06.761Z","iobWithZeroTemp":{"iob":-0.499,"basaliob":-0.542,"bolussnooze":0,"activity":-0.0041,"lastBolusTime":1703393167688,"time":"2023-12-24T08:16:06.761Z"}},{"iob":0.035,"basaliob":-0.005,"bolussnooze":0,"activity":6.0E-4,"lastBolusTime":1703393167688,"time":"2023-12-24T08:21:06.761Z","iobWithZeroTemp":{"iob":-0.506,"basaliob":-0.546,"bolussnooze":0,"activity":-0.0042,"lastBolusTime":1703393167688,"time":"2023-12-24T08:21:06.761Z"}},{"iob":0.032,"basaliob":-0.004,"bolussnooze":0,"activity":5.0E-4,"lastBolusTime":1703393167688,"time":"2023-12-24T08:26:06.761Z","iobWithZeroTemp":{"iob":-0.512,"basaliob":-0.548,"bolussnooze":0,"activity":-0.0044,"lastBolusTime":1703393167688,"time":"2023-12-24T08:26:06.761Z"}},{"iob":0.029,"basaliob":-0.004,"bolussnooze":0,"activity":5.0E-4,"lastBolusTime":1703393167688,"time":"2023-12-24T08:31:06.761Z","iobWithZeroTemp":{"iob":-0.518,"basaliob":-0.551,"bolussnooze":0,"activity":-0.0044,"lastBolusTime":1703393167688,"time":"2023-12-24T08:31:06.761Z"}},{"iob":0.028,"basaliob":-0.003,"bolussnooze":0,"activity":4.0E-4,"lastBolusTime":1703393167688,"time":"2023-12-24T08:36:06.761Z","iobWithZeroTemp":{"iob":-0.522,"basaliob":-0.553,"bolussnooze":0,"activity":-0.0046,"lastBolusTime":1703393167688,"time":"2023-12-24T08:36:06.761Z"}},{"iob":0.025,"basaliob":-0.003,"bolussnooze":0,"activity":4.0E-4,"lastBolusTime":1703393167688,"time":"2023-12-24T08:41:06.761Z","iobWithZeroTemp":{"iob":-0.528,"basaliob":-0.556,"bolussnooze":0,"activity":-0.0046,"lastBolusTime":1703393167688,"time":"2023-12-24T08:41:06.761Z"}},{"iob":0.023,"basaliob":-0.003,"bolussnooze":0,"activity":4.0E-4,"lastBolusTime":1703393167688,"time":"2023-12-24T08:46:06.761Z","iobWithZeroTemp":{"iob":-0.532,"basaliob":-0.558,"bolussnooze":0,"activity":-0.0046,"lastBolusTime":1703393167688,"time":"2023-12-24T08:46:06.761Z"}},{"iob":0.021,"basaliob":-0.003,"bolussnooze":0,"activity":3.0E-4,"lastBolusTime":1703393167688,"time":"2023-12-24T08:51:06.761Z","iobWithZeroTemp":{"iob":-0.537,"basaliob":-0.561,"bolussnooze":0,"activity":-0.0048,"lastBolusTime":1703393167688,"time":"2023-12-24T08:51:06.761Z"}},{"iob":0.02,"basaliob":-0.002,"bolussnooze":0,"activity":4.0E-4,"lastBolusTime":1703393167688,"time":"2023-12-24T08:56:06.761Z","iobWithZeroTemp":{"iob":-0.54,"basaliob":-0.562,"bolussnooze":0,"activity":-0.0047,"lastBolusTime":1703393167688,"time":"2023-12-24T08:56:06.761Z"}},{"iob":0.018,"basaliob":-0.002,"bolussnooze":0,"activity":4.0E-4,"lastBolusTime":1703393167688,"time":"2023-12-24T09:01:06.761Z","iobWithZeroTemp":{"iob":-0.544,"basaliob":-0.564,"bolussnooze":0,"activity":-0.0047,"lastBolusTime":1703393167688,"time":"2023-12-24T09:01:06.761Z"}},{"iob":0.016,"basaliob":-0.002,"bolussnooze":0,"activity":3.0E-4,"lastBolusTime":1703393167688,"time":"2023-12-24T09:06:06.761Z","iobWithZeroTemp":{"iob":-0.547,"basaliob":-0.565,"bolussnooze":0,"activity":-0.0049,"lastBolusTime":1703393167688,"time":"2023-12-24T09:06:06.761Z"}}],"profile":{"max_iob":4,"type":"current","max_daily_basal":0.5,"max_basal":1.2,"min_bg":91.79999999999998,"max_bg":91.79999999999998,"target_bg":91.79999999999998,"carb_ratio":25,"sens":126,"max_daily_safety_multiplier":3,"current_basal_safety_multiplier":4,"high_temptarget_raises_sensitivity":false,"low_temptarget_lowers_sensitivity":false,"sensitivity_raises_target":true,"resistance_lowers_target":true,"adv_target_adjustments":false,"exercise_mode":false,"half_basal_exercise_target":160,"maxCOB":120,"skip_neutral_temps":false,"remainingCarbsCap":90,"enableUAM":true,"A52_risk_enable":false,"SMBInterval":3,"enableSMB_with_COB":true,"enableSMB_with_temptarget":true,"allowSMB_with_high_temptarget":false,"enableSMB_always":false,"enableSMB_after_carbs":false,"maxSMBBasalMinutes":75,"maxUAMSMBBasalMinutes":75,"bolus_increment":0.05,"carbsReqThreshold":10,"current_basal":0.3,"temptargetSet":true,"autosens_max":1.2,"out_units":"mmol\/L"},"autosens_data":{"ratio":1.1},"meal_data":{"carbs":0,"mealCOB":0,"slopeFromMaxDeviation":-1.2058,"slopeFromMinDeviation":0.20211111111111107,"lastBolusTime":1703393167688,"lastCarbTime":0},"microBolusAllowed":true,"currentTime":1703394668159,"flatBGsDetected":false},"output":{"temp":"absolute","bg":115,"tick":"+0","eventualBG":78,"targetBG":91.79999999999998,"insulinReq":0,"deliverAt":"2023-12-24T05:11:08.159Z","sensitivityRatio":1.1,"predBGs":{"IOB":[115,115,115,114,113,113,112,111,109,108,107,105,103,102,100,99,98,96,95,94,93,92,91,90,89,88,87,87,86,85,85,84,84,83,82,82,82,81,81,81,80,80,80,79],"ZT":[115,113,112,110,109,107,105,104,103,101,100,99,99,98,98,97,97,97,98,98,98],"UAM":[115,114,112,111,109,107,105,103,102,100,98,97,95,94,92,91,89,88,87,86,84,83,82,81,80,80,79,78,77,77,76,76,75,75,74,74,73,73,72,72,72,72,71,71,71,71,70]},"COB":0,"IOB":0.404,"reason":"COB: 0, Dev: 0.5, BGI: -0.1, ISF: 6.4, CR: 25, Target: 5.1, minPredBG 4.7, minGuardBG 3.9, IOBpredBG 4.4, UAMpredBG 3.9; Eventual BG 4.3 < 5.1, setting 30m zero temp.  55m left and 0 ~ req 0U\/hr: no temp required","timestamp":"2023-12-24T05:11:08.193Z"}}