{"algorithm":"OpenAPSSMBPlugin","input":{"glucoseStatus":{"glucose":129,"noise":0,"delta":-3.67,"short_avgdelta":-4.72,"long_avgdelta":-8.7,"date":1703498715885},"currenttemp":{"temp":"absolute","duration":100,"rate":0,"minutesrunning":20},"iob_data":[{"iob":0.508,"basaliob":0.508,"bolussnooze":0,"activity":0.006,"lastBolusTime":0,"time":"2023-12-25T10:06:08.015Z","iobWithZeroTemp":{"iob":0.508,"basaliob":0.508,"bolussnooze":0,"activity":0.006,"lastBolusTime":0,"time":"2023-12-25T10:06:08.015Z"}},{"iob":0.478,"basaliob":0.478,"bolussnooze":0,"activity":0.0058,"lastBolusTime":0,"time":"2023-12-25T10:11:08.015Z","iobWithZeroTemp":{"iob":0.458,"basaliob":0.458,"bolussnooze":0,"activity":0.0058,"lastBolusTime":0,"time":"2023-12-25T10:11:08.015Z"}},{"iob":0.45,"basaliob":0.45,"bolussnooze":0,"activity":0.0056,"lastBolusTime":0,"time":"2023-12-25T10:16:08.015Z","iobWithZeroTemp":{"iob":0.405,"basaliob":0.405,"bolussnooze":0,"activity":0.0055,"lastBolusTime":0,"time":"2023-12-25T10:16:08.015Z"}},{"iob":0.423,"basaliob":0.423,"bolussnooze":0,"activity":0.0053,"lastBolusTime":0,"time":"2023-12-25T10:21:08.015Z","iobWithZeroTemp":{"iob":0.354,"basaliob":0.354,"bolussnooze":0,"activity":0.0052,"lastBolusTime":0,"time":"2023-12-25T10:21:08.015Z"}},{"iob":0.397,"basaliob":0.397,"bolussnooze":0,"activity":0.0051,"lastBolusTime":0,"time":"2023-12-25T10:26:08.015Z","iobWithZeroTemp":{"iob":0.304,"basaliob":0.304,"bolussnooze":0,"activity":0.0049,"lastBolusTime":0,"time":"2023-12-25T10:26:08.015Z"}},{"iob":0.372,"basaliob":0.372,"bolussnooze":0,"activity":0.0048,"lastBolusTime":0,"time":"2023-12-25T10:31:08.015Z","iobWithZeroTemp":{"iob":0.255,"basaliob":0.255,"bolussnooze":0,"activity":0.0044,"lastBolusTime":0,"time":"2023-12-25T10:31:08.015Z"}},{"iob":0.348,"basaliob":0.348,"bolussnooze":0,"activity":0.0046,"lastBolusTime":0,"time":"2023-12-25T10:36:08.015Z","iobWithZeroTemp":{"iob":0.208,"basaliob":0.208,"bolussnooze":0,"activity":0.0041,"lastBolusTime":0,"time":"2023-12-25T10:36:08.015Z"}},{"iob":0.326,"basaliob":0.326,"bolussnooze":0,"activity":0.0044,"lastBolusTime":0,"time":"2023-12-25T10:41:08.015Z","iobWithZeroTemp":{"iob":0.164,"basaliob":0.164,"bolussnooze":0,"activity":0.0037,"lastBolusTime":0,"time":"2023-12-25T10:41:08.015Z"}},{"iob":0.304,"basaliob":0.304,"bolussnooze":0,"activity":0.0042,"lastBolusTime":0,"time":"2023-12-25T10:46:08.015Z","iobWithZeroTemp":{"iob":0.121,"basaliob":0.121,"bolussnooze":0,"activity":0.0034,"lastBolusTime":0,"time":"2023-12-25T10:46:08.015Z"}},{"iob":0.284,"basaliob":0.284,"bolussnooze":0,"activity":0.0039,"lastBolusTime":0,"time":"2023-12-25T10:51:08.015Z","iobWithZeroTemp":{"iob":0.08,"basaliob":0.08,"bolussnooze":0,"activity":0.0029,"lastBolusTime":0,"time":"2023-12-25T10:51:08.015Z"}},{"iob":0.265,"basaliob":0.265,"bolussnooze":0,"activity":0.0037,"lastBolusTime":0,"time":"2023-12-25T10:56:08.015Z","iobWithZeroTemp":{"iob":0.042,"basaliob":0.042,"bolussnooze":0,"activity":0.0025,"lastBolusTime":0,"time":"2023-12-25T10:56:08.015Z"}},{"iob":0.247,"basaliob":0.247,"bolussnooze":0,"activity":0.0035,"lastBolusTime":0,"time":"2023-12-25T11:01:08.015Z","iobWithZeroTemp":{"iob":0.005,"basaliob":0.005,"bolussnooze":0,"activity":0.0022,"lastBolusTime":0,"time":"2023-12-25T11:01:08.015Z"}},{"iob":0.23,"basaliob":0.23,"bolussnooze":0,"activity":0.0033,"lastBolusTime":0,"time":"2023-12-25T11:06:08.015Z","iobWithZeroTemp":{"iob":-0.03,"basaliob":-0.03,"bolussnooze":0,"activity":0.0018,"lastBolusTime":0,"time":"2023-12-25T11:06:08.015Z"}},{"iob":0.214,"basaliob":0.214,"bolussnooze":0,"activity":0.0031,"lastBolusTime":0,"time":"2023-12-25T11:11:08.015Z","iobWithZeroTemp":{"iob":-0.063,"basaliob":-0.063,"bolussnooze":0,"activity":0.0014,"lastBolusTime":0,"time":"2023-12-25T11:11:08.015Z"}},{"iob":0.199,"basaliob":0.199,"bolussnooze":0,"activity":0.0029,"lastBolusTime":0,"time":"2023-12-25T11:16:08.015Z","iobWithZeroTemp":{"iob":-0.095,"basaliob":-0.095,"bolussnooze":0,"activity":0.0011,"lastBolusTime":0,"time":"2023-12-25T11:16:08.015Z"}},{"iob":0.185,"basaliob":0.185,"bolussnooze":0,"activity":0.0027,"lastBolusTime":0,"time":"2023-12-25T11:21:08.015Z","iobWithZeroTemp":{"iob":-0.124,"basaliob":-0.124,"bolussnooze":0,"activity":7.0E-4,"lastBolusTime":0,"time":"2023-12-25T11:21:08.015Z"}},{"iob":0.172,"basaliob":0.172,"bolussnooze":0,"activity":0.0026,"lastBolusTime":0,"time":"2023-12-25T11:26:08.015Z","iobWithZeroTemp":{"iob":-0.152,"basaliob":-0.152,"bolussnooze":0,"activity":4.0E-4,"lastBolusTime":0,"time":"2023-12-25T11:26:08.015Z"}},{"iob":0.159,"basaliob":0.159,"bolussnooze":0,"activity":0.0024,"lastBolusTime":0,"time":"2023-12-25T11:31:08.015Z","iobWithZeroTemp":{"iob":-0.178,"basaliob":-0.178,"bolussnooze":0,"activity":1.0E-4,"lastBolusTime":0,"time":"2023-12-25T11:31:08.015Z"}},{"iob":0.148,"basaliob":0.148,"bolussnooze":0,"activity":0.0023,"lastBolusTime":0,"time":"2023-12-25T11:36:08.015Z","iobWithZeroTemp":{"iob":-0.202,"basaliob":-0.202,"bolussnooze":0,"activity":-2.0E-4,"lastBolusTime":0,"time":"2023-12-25T11:36:08.015Z"}},{"iob":0.137,"basaliob":0.137,"bolussnooze":0,"activity":0.0021,"lastBolusTime":0,"time":"2023-12-25T11:41:08.015Z","iobWithZeroTemp":{"iob":-0.226,"basaliob":-0.226,"bolussnooze":0,"activity":-5.0E-4,"lastBolusTime":0,"time":"2023-12-25T11:41:08.015Z"}},{"iob":0.126,"basaliob":0.126,"bolussnooze":0,"activity":0.002,"lastBolusTime":0,"time":"2023-12-25T11:46:08.015Z","iobWithZeroTemp":{"iob":-0.248,"basaliob":-0.248,"bolussnooze":0,"activity":-8.0E-4,"lastBolusTime":0,"time":"2023-12-25T11:46:08.015Z"}},{"iob":0.117,"basaliob":0.117,"bolussnooze":0,"activity":0.0018,"lastBolusTime":0,"time":"2023-12-25T11:51:08.015Z","iobWithZeroTemp":{"iob":-0.268,"basaliob":-0.268,"bolussnooze":0,"activity":-0.0011,"lastBolusTime":0,"time":"2023-12-25T11:51:08.015Z"}},{"iob":0.108,"basaliob":0.108,"bolussnooze":0,"activity":0.0017,"lastBolusTime":0,"time":"2023-12-25T11:56:08.015Z","iobWithZeroTemp":{"iob":-0.287,"basaliob":-0.287,"bolussnooze":0,"activity":-0.0013,"lastBolusTime":0,"time":"2023-12-25T11:56:08.015Z"}},{"iob":0.1,"basaliob":0.1,"bolussnooze":0,"activity":0.0016,"lastBolusTime":0,"time":"2023-12-25T12:01:08.015Z","iobWithZeroTemp":{"iob":-0.305,"basaliob":-0.305,"bolussnooze":0,"activity":-0.0015,"lastBolusTime":0,"time":"2023-12-25T12:01:08.015Z"}},{"iob":0.092,"basaliob":0.092,"bolussnooze":0,"activity":0.0015,"lastBolusTime":0,"time":"2023-12-25T12:06:08.015Z","iobWithZeroTemp":{"iob":-0.322,"basaliob":-0.322,"bolussnooze":0,"activity":-0.0018,"lastBolusTime":0,"time":"2023-12-25T12:06:08.015Z"}},{"iob":0.085,"basaliob":0.085,"bolussnooze":0,"activity":0.0014,"lastBolusTime":0,"time":"2023-12-25T12:11:08.015Z","iobWithZeroTemp":{"iob":-0.337,"basaliob":-0.337,"bolussnooze":0,"activity":-0.002,"lastBolusTime":0,"time":"2023-12-25T12:11:08.015Z"}},{"iob":0.078,"basaliob":0.078,"bolussnooze":0,"activity":0.0013,"lastBolusTime":0,"time":"2023-12-25T12:16:08.015Z","iobWithZeroTemp":{"iob":-0.352,"basaliob":-0.352,"bolussnooze":0,"activity":-0.0022,"lastBolusTime":0,"time":"2023-12-25T12:16:08.015Z"}},{"iob":0.072,"basaliob":0.072,"bolussnooze":0,"activity":0.0012,"lastBolusTime":0,"time":"2023-12-25T12:21:08.015Z","iobWithZeroTemp":{"iob":-0.366,"basaliob":-0.366,"bolussnooze":0,"activity":-0.0024,"lastBolusTime":0,"time":"2023-12-25T12:21:08.015Z"}},{"iob":0.066,"basaliob":0.066,"bolussnooze":0,"activity":0.0011,"lastBolusTime":0,"time":"2023-12-25T12:26:08.015Z","iobWithZeroTemp":{"iob":-0.379,"basaliob":-0.379,"bolussnooze":0,"activity":-0.0026,"lastBolusTime":0,"time":"2023-12-25T12:26:08.015Z"}},{"iob":0.061,"basaliob":0.061,"bolussnooze":0,"activity":0.001,"lastBolusTime":0,"time":"2023-12-25T12:31:08.015Z","iobWithZeroTemp":{"iob":-0.39,"basaliob":-0.39,"bolussnooze":0,"activity":-0.0028,"lastBolusTime":0,"time":"2023-12-25T12:31:08.015Z"}},{"iob":0.056,"basaliob":0.056,"bolussnooze":0,"activity":0.001,"lastBolusTime":0,"time":"2023-12-25T12:36:08.015Z","iobWithZeroTemp":{"iob":-0.401,"basaliob":-0.401,"bolussnooze":0,"activity":-0.0029,"lastBolusTime":0,"time":"2023-12-25T12:36:08.015Z"}},{"iob":0.052,"basaliob":0.052,"bolussnooze":0,"activity":9.0E-4,"lastBolusTime":0,"time":"2023-12-25T12:41:08.015Z","iobWithZeroTemp":{"iob":-0.411,"basaliob":-0.411,"bolussnooze":0,"activity":-0.003,"lastBolusTime":0,"time":"2023-12-25T12:41:08.015Z"}},{"iob":0.047,"basaliob":0.047,"bolussnooze":0,"activity":8.0E-4,"lastBolusTime":0,"time":"2023-12-25T12:46:08.015Z","iobWithZeroTemp":{"iob":-0.421,"basaliob":-0.421,"bolussnooze":0,"activity":-0.0032,"lastBolusTime":0,"time":"2023-12-25T12:46:08.015Z"}},{"iob":0.043,"basaliob":0.043,"bolussnooze":0,"activity":8.0E-4,"lastBolusTime":0,"time":"2023-12-25T12:51:08.015Z","iobWithZeroTemp":{"iob":-0.43,"basaliob":-0.43,"bolussnooze":0,"activity":-0.0033,"lastBolusTime":0,"time":"2023-12-25T12:51:08.015Z"}},{"iob":0.04,"basaliob":0.04,"bolussnooze":0,"activity":7.0E-4,"lastBolusTime":0,"time":"2023-12-25T12:56:08.015Z","iobWithZeroTemp":{"iob":-0.437,"basaliob":-0.437,"bolussnooze":0,"activity":-0.0034,"lastBolusTime":0,"time":"2023-12-25T12:56:08.015Z"}},{"iob":0.036,"basaliob":0.036,"bolussnooze":0,"activity":6.0E-4,"lastBolusTime":0,"time":"2023-12-25T13:01:08.015Z","iobWithZeroTemp":{"iob":-0.445,"basaliob":-0.445,"bolussnooze":0,"activity":-0.0036,"lastBolusTime":0,"time":"2023-12-25T13:01:08.015Z"}},{"iob":0.033,"basaliob":0.033,"bolussnooze":0,"activity":6.0E-4,"lastBolusTime":0,"time":"2023-12-25T13:06:08.015Z","iobWithZeroTemp":{"iob":-0.452,"basaliob":-0.452,"bolussnooze":0,"activity":-0.0037,"lastBolusTime":0,"time":"2023-12-25T13:06:08.015Z"}},{"iob":0.03,"basaliob":0.03,"bolussnooze":0,"activity":5.0E-4,"lastBolusTime":0,"time":"2023-12-25T13:11:08.015Z","iobWithZeroTemp":{"iob":-0.459,"basaliob":-0.459,"bolussnooze":0,"activity":-0.0038,"lastBolusTime":0,"time":"2023-12-25T13:11:08.015Z"}},{"iob":0.028,"basaliob":0.028,"bolussnooze":0,"activity":5.0E-4,"lastBolusTime":0,"time":"2023-12-25T13:16:08.015Z","iobWithZeroTemp":{"iob":-0.464,"basaliob":-0.464,"bolussnooze":0,"activity":-0.0039,"lastBolusTime":0,"time":"2023-12-25T13:16:08.015Z"}},{"iob":0.025,"basaliob":0.025,"bolussnooze":0,"activity":5.0E-4,"lastBolusTime":0,"time":"2023-12-25T13:21:08.015Z","iobWithZeroTemp":{"iob":-0.47,"basaliob":-0.47,"bolussnooze":0,"activity":-0.0039,"lastBolusTime":0,"time":"2023-12-25T13:21:08.015Z"}},{"iob":0.023,"basaliob":0.023,"bolussnooze":0,"activity":4.0E-4,"lastBolusTime":0,"time":"2023-12-25T13:26:08.015Z","iobWithZeroTemp":{"iob":-0.475,"basaliob":-0.475,"bolussnooze":0,"activity":-0.0041,"lastBolusTime":0,"time":"2023-12-25T13:26:08.015Z"}},{"iob":0.021,"basaliob":0.021,"bolussnooze":0,"activity":4.0E-4,"lastBolusTime":0,"time":"2023-12-25T13:31:08.015Z","iobWithZeroTemp":{"iob":-0.479,"basaliob":-0.479,"bolussnooze":0,"activity":-0.0041,"lastBolusTime":0,"time":"2023-12-25T13:31:08.015Z"}},{"iob":0.019,"basaliob":0.019,"bolussnooze":0,"activity":4.0E-4,"lastBolusTime":0,"time":"2023-12-25T13:36:08.015Z","iobWithZeroTemp":{"iob":-0.484,"basaliob":-0.484,"bolussnooze":0,"activity":-0.0041,"lastBolusTime":0,"time":"2023-12-25T13:36:08.015Z"}},{"iob":0.018,"basaliob":0.018,"bolussnooze":0,"activity":3.0E-4,"lastBolusTime":0,"time":"2023-12-25T13:41:08.015Z","iobWithZeroTemp":{"iob":-0.487,"basaliob":-0.487,"bolussnooze":0,"activity":-0.0043,"lastBolusTime":0,"time":"2023-12-25T13:41:08.015Z"}},{"iob":0.016,"basaliob":0.016,"bolussnooze":0,"activity":3.0E-4,"lastBolusTime":0,"time":"2023-12-25T13:46:08.015Z","iobWithZeroTemp":{"iob":-0.491,"basaliob":-0.491,"bolussnooze":0,"activity":-0.0043,"lastBolusTime":0,"time":"2023-12-25T13:46:08.015Z"}},{"iob":0.014,"basaliob":0.014,"bolussnooze":0,"activity":3.0E-4,"lastBolusTime":0,"time":"2023-12-25T13:51:08.015Z","iobWithZeroTemp":{"iob":-0.495,"basaliob":-0.495,"bolussnooze":0,"activity":-0.0043,"lastBolusTime":0,"time":"2023-12-25T13:51:08.015Z"}},{"iob":0.013,"basaliob":0.013,"bolussnooze":0,"activity":3.0E-4,"lastBolusTime":0,"time":"2023-12-25T13:56:08.015Z","iobWithZeroTemp":{"iob":-0.498,"basaliob":-0.498,"bolussnooze":0,"activity":-0.0044,"lastBolusTime":0,"time":"2023-12-25T13:56:08.015Z"}},{"iob":0.012,"basaliob":0.012,"bolussnooze":0,"activity":2.0E-4,"lastBolusTime":0,"time":"2023-12-25T14:01:08.015Z","iobWithZeroTemp":{"iob":-0.5,"basaliob":-0.5,"bolussnooze":0,"activity":-0.0045,"lastBolusTime":0,"time":"2023-12-25T14:01:08.015Z"}}],"profile":{"max_iob":4,"type":"current","max_daily_basal":0.5,"max_basal":1.2,"min_bg":100.8,"max_bg":100.8,"target_bg":100.8,"carb_ratio":30,"sens":126,"max_daily_safety_multiplier":3,"current_basal_safety_multiplier":4,"high_temptarget_raises_sensitivity":false,"low_temptarget_lowers_sensitivity":false,"sensitivity_raises_target":true,"resistance_lowers_target":true,"adv_target_adjustments":false,"exercise_mode":false,"half_basal_exercise_target":160,"maxCOB":120,"skip_neutral_temps":false,"remainingCarbsCap":90,"enableUAM":true,"A52_risk_enable":false,"SMBInterval":3,"enableSMB_with_COB":true,"enableSMB_with_temptarget":true,"allowSMB_with_high_temptarget":false,"enableSMB_always":false,"enableSMB_after_carbs":false,"maxSMBBasalMinutes":75,"maxUAMSMBBasalMinutes":75,"bolus_increment":0.05,"carbsReqThreshold":10,"current_basal":0.3,"temptargetSet":false,"autosens_max":1.2,"out_units":"mmol\/L"},"autosens_data":{"ratio":1},"meal_data":{"carbs":0,"mealCOB":0,"slopeFromMaxDeviation":-0.9332727272727273,"slopeFromMinDeviation":2.582666666666667,"lastBolusTime":1703430368291,"lastCarbTime":0},"microBolusAllowed":true,"currentTime":1703498769347,"flatBGsDetected":false},"output":{"temp":"absolute","bg":129,"tick":-4,"eventualBG":35,"targetBG":100.8,"insulinReq":0,"deliverAt":"2023-12-25T10:06:09.347Z","sensitivityRatio":1,"predBGs":{"IOB":[129,124,120,116,112,108,105,101,98,95,93,90,88,86,84,82,81,79,77,76,75,73,72,71,70,69,68,68,67,66,66,65,64,64,63,63,63,62,62,62,61,61,61,60],"ZT":[129,125,122,118,115,112,109,106,104,102,100,99,97,96,95,94,94,94,94,94,94,95,95,96,97,98,99]},"COB":0,"IOB":0.508,"reason":"COB: 0, Dev: -1.7, BGI: -0.2, ISF: 7.0, CR: 30, Target: 5.6, minPredBG 3.6, minGuardBG 3.3, IOBpredBG 3.3; minGuardBG 3.3<3.9 100m left and 0 ~ req 0U\/hr: no temp required","timestamp":"2023-12-25T10:06:09.382Z"}}