{"algorithm":"OpenAPSSMBPlugin","input":{"glucoseStatus":{"glucose":83,"noise":0,"delta":-3.33,"short_avgdelta":-2.83,"long_avgdelta":1.03,"date":1703390116034},"currenttemp":{"temp":"absolute","duration":25,"rate":0,"minutesrunning":5},"iob_data":[{"iob":0.087,"basaliob":-0.138,"bolussnooze":0,"activity":9.0E-4,"lastBolusTime":1703387769179,"time":"2023-12-24T03:56:05.841Z","iobWithZeroTemp":{"iob":0.087,"basaliob":-0.138,"bolussnooze":0,"activity":9.0E-4,"lastBolusTime":1703387769179,"time":"2023-12-24T03:56:05.841Z"}},{"iob":0.082,"basaliob":-0.133,"bolussnooze":0,"activity":9.0E-4,"lastBolusTime":1703387769179,"time":"2023-12-24T04:01:05.841Z","iobWithZeroTemp":{"iob":0.065,"basaliob":-0.15,"bolussnooze":0,"activity":9.0E-4,"lastBolusTime":1703387769179,"time":"2023-12-24T04:01:05.841Z"}},{"iob":0.077,"basaliob":-0.127,"bolussnooze":0,"activity":9.0E-4,"lastBolusTime":1703387769179,"time":"2023-12-24T04:06:05.841Z","iobWithZeroTemp":{"iob":0.039,"basaliob":-0.165,"bolussnooze":0,"activity":8.0E-4,"lastBolusTime":1703387769179,"time":"2023-12-24T04:06:05.841Z"}},{"iob":0.072,"basaliob":-0.122,"bolussnooze":0,"activity":9.0E-4,"lastBolusTime":1703387769179,"time":"2023-12-24T04:11:05.841Z","iobWithZeroTemp":{"iob":0.013,"basaliob":-0.181,"bolussnooze":0,"activity":8.0E-4,"lastBolusTime":1703387769179,"time":"2023-12-24T04:11:05.841Z"}},{"iob":0.069,"basaliob":-0.116,"bolussnooze":0,"activity":9.0E-4,"lastBolusTime":1703387769179,"time":"2023-12-24T04:16:05.841Z","iobWithZeroTemp":{"iob":-0.01,"basaliob":-0.195,"bolussnooze":0,"activity":7.0E-4,"lastBolusTime":1703387769179,"time":"2023-12-24T04:16:05.841Z"}},{"iob":0.064,"basaliob":-0.111,"bolussnooze":0,"activity":8.0E-4,"lastBolusTime":1703387769179,"time":"2023-12-24T04:21:05.841Z","iobWithZeroTemp":{"iob":-0.035,"basaliob":-0.21,"bolussnooze":0,"activity":5.0E-4,"lastBolusTime":1703387769179,"time":"2023-12-24T04:21:05.841Z"}},{"iob":0.06,"basaliob":-0.105,"bolussnooze":0,"activity":8.0E-4,"lastBolusTime":1703387769179,"time":"2023-12-24T04:26:05.841Z","iobWithZeroTemp":{"iob":-0.059,"basaliob":-0.224,"bolussnooze":0,"activity":4.0E-4,"lastBolusTime":1703387769179,"time":"2023-12-24T04:26:05.841Z"}},{"iob":0.056,"basaliob":-0.1,"bolussnooze":0,"activity":7.0E-4,"lastBolusTime":1703387769179,"time":"2023-12-24T04:31:05.841Z","iobWithZeroTemp":{"iob":-0.082,"basaliob":-0.238,"bolussnooze":0,"activity":1.0E-4,"lastBolusTime":1703387769179,"time":"2023-12-24T04:31:05.841Z"}},{"iob":0.053,"basaliob":-0.094,"bolussnooze":0,"activity":7.0E-4,"lastBolusTime":1703387769179,"time":"2023-12-24T04:36:05.841Z","iobWithZeroTemp":{"iob":-0.103,"basaliob":-0.25,"bolussnooze":0,"activity":0,"lastBolusTime":1703387769179,"time":"2023-12-24T04:36:05.841Z"}},{"iob":0.05,"basaliob":-0.089,"bolussnooze":0,"activity":7.0E-4,"lastBolusTime":1703387769179,"time":"2023-12-24T04:41:05.841Z","iobWithZeroTemp":{"iob":-0.123,"basaliob":-0.262,"bolussnooze":0,"activity":-1.0E-4,"lastBolusTime":1703387769179,"time":"2023-12-24T04:41:05.841Z"}},{"iob":0.047,"basaliob":-0.084,"bolussnooze":0,"activity":6.0E-4,"lastBolusTime":1703387769179,"time":"2023-12-24T04:46:05.841Z","iobWithZeroTemp":{"iob":-0.143,"basaliob":-0.274,"bolussnooze":0,"activity":-4.0E-4,"lastBolusTime":1703387769179,"time":"2023-12-24T04:46:05.841Z"}},{"iob":0.044,"basaliob":-0.079,"bolussnooze":0,"activity":6.0E-4,"lastBolusTime":1703387769179,"time":"2023-12-24T04:51:05.841Z","iobWithZeroTemp":{"iob":-0.162,"basaliob":-0.285,"bolussnooze":0,"activity":-5.0E-4,"lastBolusTime":1703387769179,"time":"2023-12-24T04:51:05.841Z"}},{"iob":0.04,"basaliob":-0.075,"bolussnooze":0,"activity":6.0E-4,"lastBolusTime":1703387769179,"time":"2023-12-24T04:56:05.841Z","iobWithZeroTemp":{"iob":-0.181,"basaliob":-0.296,"bolussnooze":0,"activity":-7.0E-4,"lastBolusTime":1703387769179,"time":"2023-12-24T04:56:05.841Z"}},{"iob":0.038,"basaliob":-0.07,"bolussnooze":0,"activity":5.0E-4,"lastBolusTime":1703387769179,"time":"2023-12-24T05:01:05.841Z","iobWithZeroTemp":{"iob":-0.198,"basaliob":-0.306,"bolussnooze":0,"activity":-9.0E-4,"lastBolusTime":1703387769179,"time":"2023-12-24T05:01:05.841Z"}},{"iob":0.035,"basaliob":-0.066,"bolussnooze":0,"activity":5.0E-4,"lastBolusTime":1703387769179,"time":"2023-12-24T05:06:05.841Z","iobWithZeroTemp":{"iob":-0.219,"basaliob":-0.32,"bolussnooze":0,"activity":-0.0011,"lastBolusTime":1703387769179,"time":"2023-12-24T05:06:05.841Z"}},{"iob":0.032,"basaliob":-0.062,"bolussnooze":0,"activity":5.0E-4,"lastBolusTime":1703387769179,"time":"2023-12-24T05:11:05.841Z","iobWithZeroTemp":{"iob":-0.239,"basaliob":-0.333,"bolussnooze":0,"activity":-0.0012,"lastBolusTime":1703387769179,"time":"2023-12-24T05:11:05.841Z"}},{"iob":0.03,"basaliob":-0.058,"bolussnooze":0,"activity":4.0E-4,"lastBolusTime":1703387769179,"time":"2023-12-24T05:16:05.841Z","iobWithZeroTemp":{"iob":-0.258,"basaliob":-0.346,"bolussnooze":0,"activity":-0.0015,"lastBolusTime":1703387769179,"time":"2023-12-24T05:16:05.841Z"}},{"iob":0.028,"basaliob":-0.054,"bolussnooze":0,"activity":4.0E-4,"lastBolusTime":1703387769179,"time":"2023-12-24T05:21:05.841Z","iobWithZeroTemp":{"iob":-0.275,"basaliob":-0.357,"bolussnooze":0,"activity":-0.0016,"lastBolusTime":1703387769179,"time":"2023-12-24T05:21:05.841Z"}},{"iob":0.026,"basaliob":-0.051,"bolussnooze":0,"activity":4.0E-4,"lastBolusTime":1703387769179,"time":"2023-12-24T05:26:05.841Z","iobWithZeroTemp":{"iob":-0.292,"basaliob":-0.369,"bolussnooze":0,"activity":-0.0018,"lastBolusTime":1703387769179,"time":"2023-12-24T05:26:05.841Z"}},{"iob":0.025,"basaliob":-0.047,"bolussnooze":0,"activity":4.0E-4,"lastBolusTime":1703387769179,"time":"2023-12-24T05:31:05.841Z","iobWithZeroTemp":{"iob":-0.308,"basaliob":-0.38,"bolussnooze":0,"activity":-0.0019,"lastBolusTime":1703387769179,"time":"2023-12-24T05:31:05.841Z"}},{"iob":0.023,"basaliob":-0.044,"bolussnooze":0,"activity":4.0E-4,"lastBolusTime":1703387769179,"time":"2023-12-24T05:36:05.841Z","iobWithZeroTemp":{"iob":-0.323,"basaliob":-0.39,"bolussnooze":0,"activity":-0.0021,"lastBolusTime":1703387769179,"time":"2023-12-24T05:36:05.841Z"}},{"iob":0.021,"basaliob":-0.041,"bolussnooze":0,"activity":3.0E-4,"lastBolusTime":1703387769179,"time":"2023-12-24T05:41:05.841Z","iobWithZeroTemp":{"iob":-0.338,"basaliob":-0.4,"bolussnooze":0,"activity":-0.0023,"lastBolusTime":1703387769179,"time":"2023-12-24T05:41:05.841Z"}},{"iob":0.02,"basaliob":-0.038,"bolussnooze":0,"activity":3.0E-4,"lastBolusTime":1703387769179,"time":"2023-12-24T05:46:05.841Z","iobWithZeroTemp":{"iob":-0.351,"basaliob":-0.409,"bolussnooze":0,"activity":-0.0024,"lastBolusTime":1703387769179,"time":"2023-12-24T05:46:05.841Z"}},{"iob":0.018,"basaliob":-0.036,"bolussnooze":0,"activity":3.0E-4,"lastBolusTime":1703387769179,"time":"2023-12-24T05:51:05.841Z","iobWithZeroTemp":{"iob":-0.365,"basaliob":-0.419,"bolussnooze":0,"activity":-0.0026,"lastBolusTime":1703387769179,"time":"2023-12-24T05:51:05.841Z"}},{"iob":0.017,"basaliob":-0.033,"bolussnooze":0,"activity":2.0E-4,"lastBolusTime":1703387769179,"time":"2023-12-24T05:56:05.841Z","iobWithZeroTemp":{"iob":-0.376,"basaliob":-0.426,"bolussnooze":0,"activity":-0.0028,"lastBolusTime":1703387769179,"time":"2023-12-24T05:56:05.841Z"}},{"iob":0.015,"basaliob":-0.031,"bolussnooze":0,"activity":2.0E-4,"lastBolusTime":1703387769179,"time":"2023-12-24T06:01:05.841Z","iobWithZeroTemp":{"iob":-0.389,"basaliob":-0.435,"bolussnooze":0,"activity":-0.0029,"lastBolusTime":1703387769179,"time":"2023-12-24T06:01:05.841Z"}},{"iob":0.014,"basaliob":-0.029,"bolussnooze":0,"activity":3.0E-4,"lastBolusTime":1703387769179,"time":"2023-12-24T06:06:05.841Z","iobWithZeroTemp":{"iob":-0.399,"basaliob":-0.442,"bolussnooze":0,"activity":-0.0029,"lastBolusTime":1703387769179,"time":"2023-12-24T06:06:05.841Z"}},{"iob":0.013,"basaliob":-0.027,"bolussnooze":0,"activity":2.0E-4,"lastBolusTime":1703387769179,"time":"2023-12-24T06:11:05.841Z","iobWithZeroTemp":{"iob":-0.409,"basaliob":-0.449,"bolussnooze":0,"activity":-0.0032,"lastBolusTime":1703387769179,"time":"2023-12-24T06:11:05.841Z"}},{"iob":0.012,"basaliob":-0.025,"bolussnooze":0,"activity":2.0E-4,"lastBolusTime":1703387769179,"time":"2023-12-24T06:16:05.841Z","iobWithZeroTemp":{"iob":-0.419,"basaliob":-0.456,"bolussnooze":0,"activity":-0.0033,"lastBolusTime":1703387769179,"time":"2023-12-24T06:16:05.841Z"}},{"iob":0.011,"basaliob":-0.023,"bolussnooze":0,"activity":1.0E-4,"lastBolusTime":1703387769179,"time":"2023-12-24T06:21:05.841Z","iobWithZeroTemp":{"iob":-0.428,"basaliob":-0.462,"bolussnooze":0,"activity":-0.0035,"lastBolusTime":1703387769179,"time":"2023-12-24T06:21:05.841Z"}},{"iob":0.01,"basaliob":-0.021,"bolussnooze":0,"activity":2.0E-4,"lastBolusTime":1703387769179,"time":"2023-12-24T06:26:05.841Z","iobWithZeroTemp":{"iob":-0.436,"basaliob":-0.467,"bolussnooze":0,"activity":-0.0035,"lastBolusTime":1703387769179,"time":"2023-12-24T06:26:05.841Z"}},{"iob":0.009,"basaliob":-0.02,"bolussnooze":0,"activity":2.0E-4,"lastBolusTime":1703387769179,"time":"2023-12-24T06:31:05.841Z","iobWithZeroTemp":{"iob":-0.444,"basaliob":-0.473,"bolussnooze":0,"activity":-0.0036,"lastBolusTime":1703387769179,"time":"2023-12-24T06:31:05.841Z"}},{"iob":0.009,"basaliob":-0.018,"bolussnooze":0,"activity":1.0E-4,"lastBolusTime":1703387769179,"time":"2023-12-24T06:36:05.841Z","iobWithZeroTemp":{"iob":-0.45,"basaliob":-0.477,"bolussnooze":0,"activity":-0.0038,"lastBolusTime":1703387769179,"time":"2023-12-24T06:36:05.841Z"}},{"iob":0.008,"basaliob":-0.017,"bolussnooze":0,"activity":1.0E-4,"lastBolusTime":1703387769179,"time":"2023-12-24T06:41:05.841Z","iobWithZeroTemp":{"iob":-0.457,"basaliob":-0.482,"bolussnooze":0,"activity":-0.0038,"lastBolusTime":1703387769179,"time":"2023-12-24T06:41:05.841Z"}},{"iob":0.008,"basaliob":-0.015,"bolussnooze":0,"activity":2.0E-4,"lastBolusTime":1703387769179,"time":"2023-12-24T06:46:05.841Z","iobWithZeroTemp":{"iob":-0.463,"basaliob":-0.486,"bolussnooze":0,"activity":-0.0038,"lastBolusTime":1703387769179,"time":"2023-12-24T06:46:05.841Z"}},{"iob":0.007,"basaliob":-0.014,"bolussnooze":0,"activity":1.0E-4,"lastBolusTime":1703387769179,"time":"2023-12-24T06:51:05.841Z","iobWithZeroTemp":{"iob":-0.469,"basaliob":-0.49,"bolussnooze":0,"activity":-0.004,"lastBolusTime":1703387769179,"time":"2023-12-24T06:51:05.841Z"}},{"iob":0.006,"basaliob":-0.013,"bolussnooze":0,"activity":1.0E-4,"lastBolusTime":1703387769179,"time":"2023-12-24T06:56:05.841Z","iobWithZeroTemp":{"iob":-0.475,"basaliob":-0.494,"bolussnooze":0,"activity":-0.0041,"lastBolusTime":1703387769179,"time":"2023-12-24T06:56:05.841Z"}},{"iob":0.006,"basaliob":-0.012,"bolussnooze":0,"activity":1.0E-4,"lastBolusTime":1703387769179,"time":"2023-12-24T07:01:05.841Z","iobWithZeroTemp":{"iob":-0.48,"basaliob":-0.498,"bolussnooze":0,"activity":-0.0041,"lastBolusTime":1703387769179,"time":"2023-12-24T07:01:05.841Z"}},{"iob":0.005,"basaliob":-0.011,"bolussnooze":0,"activity":1.0E-4,"lastBolusTime":1703387769179,"time":"2023-12-24T07:06:05.841Z","iobWithZeroTemp":{"iob":-0.485,"basaliob":-0.501,"bolussnooze":0,"activity":-0.0042,"lastBolusTime":1703387769179,"time":"2023-12-24T07:06:05.841Z"}},{"iob":0.005,"basaliob":-0.01,"bolussnooze":0,"activity":1.0E-4,"lastBolusTime":1703387769179,"time":"2023-12-24T07:11:05.841Z","iobWithZeroTemp":{"iob":-0.489,"basaliob":-0.504,"bolussnooze":0,"activity":-0.0042,"lastBolusTime":1703387769179,"time":"2023-12-24T07:11:05.841Z"}},{"iob":0.005,"basaliob":-0.009,"bolussnooze":0,"activity":0,"lastBolusTime":1703387769179,"time":"2023-12-24T07:16:05.841Z","iobWithZeroTemp":{"iob":-0.493,"basaliob":-0.507,"bolussnooze":0,"activity":-0.0044,"lastBolusTime":1703387769179,"time":"2023-12-24T07:16:05.841Z"}},{"iob":0.004,"basaliob":-0.009,"bolussnooze":0,"activity":1.0E-4,"lastBolusTime":1703387769179,"time":"2023-12-24T07:21:05.841Z","iobWithZeroTemp":{"iob":-0.497,"basaliob":-0.51,"bolussnooze":0,"activity":-0.0044,"lastBolusTime":1703387769179,"time":"2023-12-24T07:21:05.841Z"}},{"iob":0.003,"basaliob":-0.008,"bolussnooze":0,"activity":1.0E-4,"lastBolusTime":1703387769179,"time":"2023-12-24T07:26:05.841Z","iobWithZeroTemp":{"iob":-0.501,"basaliob":-0.512,"bolussnooze":0,"activity":-0.0044,"lastBolusTime":1703387769179,"time":"2023-12-24T07:26:05.841Z"}},{"iob":0.003,"basaliob":-0.007,"bolussnooze":0,"activity":1.0E-4,"lastBolusTime":1703387769179,"time":"2023-12-24T07:31:05.841Z","iobWithZeroTemp":{"iob":-0.504,"basaliob":-0.514,"bolussnooze":0,"activity":-0.0044,"lastBolusTime":1703387769179,"time":"2023-12-24T07:31:05.841Z"}},{"iob":0.003,"basaliob":-0.007,"bolussnooze":0,"activity":1.0E-4,"lastBolusTime":1703387769179,"time":"2023-12-24T07:36:05.841Z","iobWithZeroTemp":{"iob":-0.507,"basaliob":-0.517,"bolussnooze":0,"activity":-0.0045,"lastBolusTime":1703387769179,"time":"2023-12-24T07:36:05.841Z"}},{"iob":0.003,"basaliob":-0.006,"bolussnooze":0,"activity":1.0E-4,"lastBolusTime":1703387769179,"time":"2023-12-24T07:41:05.841Z","iobWithZeroTemp":{"iob":-0.509,"basaliob":-0.518,"bolussnooze":0,"activity":-0.0045,"lastBolusTime":1703387769179,"time":"2023-12-24T07:41:05.841Z"}},{"iob":0.002,"basaliob":-0.006,"bolussnooze":0,"activity":0,"lastBolusTime":1703387769179,"time":"2023-12-24T07:46:05.841Z","iobWithZeroTemp":{"iob":-0.512,"basaliob":-0.52,"bolussnooze":0,"activity":-0.0047,"lastBolusTime":1703387769179,"time":"2023-12-24T07:46:05.841Z"}},{"iob":0.002,"basaliob":-0.005,"bolussnooze":0,"activity":0,"lastBolusTime":1703387769179,"time":"2023-12-24T07:51:05.841Z","iobWithZeroTemp":{"iob":-0.514,"basaliob":-0.521,"bolussnooze":0,"activity":-0.0047,"lastBolusTime":1703387769179,"time":"2023-12-24T07:51:05.841Z"}}],"profile":{"max_iob":4,"type":"current","max_daily_basal":0.5,"max_basal":1,"min_bg":91.79999999999998,"max_bg":91.79999999999998,"target_bg":91.79999999999998,"carb_ratio":25,"sens":142.20000000000002,"max_daily_safety_multiplier":3,"current_basal_safety_multiplier":4,"high_temptarget_raises_sensitivity":false,"low_temptarget_lowers_sensitivity":false,"sensitivity_raises_target":true,"resistance_lowers_target":true,"adv_target_adjustments":false,"exercise_mode":false,"half_basal_exercise_target":160,"maxCOB":120,"skip_neutral_temps":false,"remainingCarbsCap":90,"enableUAM":true,"A52_risk_enable":false,"SMBInterval":3,"enableSMB_with_COB":true,"enableSMB_with_temptarget":true,"allowSMB_with_high_temptarget":false,"enableSMB_always":false,"enableSMB_after_carbs":false,"maxSMBBasalMinutes":75,"maxUAMSMBBasalMinutes":75,"bolus_increment":0.05,"carbsReqThreshold":10,"current_basal":0.25,"temptargetSet":true,"autosens_max":1.2,"out_units":"mmol\/L"},"autosens_data":{"ratio":1.02},"meal_data":{"carbs":0,"mealCOB":0,"slopeFromMaxDeviation":-3.0555,"slopeFromMinDeviation":1.1254,"lastBolusTime":1703387769179,"lastCarbTime":0},"microBolusAllowed":true,"currentTime":1703390167110,"flatBGsDetected":false},"output":{"temp":"absolute","bg":83,"tick":-3,"eventualBG":81,"targetBG":91.79999999999998,"insulinReq":0,"deliverAt":"2023-12-24T03:56:07.110Z","sensitivityRatio":1.02,"predBGs":{"IOB":[83,80,77,74,72,70,68,66,65,64,63,62,62,61,61,60,60,60,60,59,59,59,58,58,58,58,58,58,57,57,57,57,57,57,57,57,57,57,56],"ZT":[83,82,82,81,81,80,80,80,79,79,80,80,80,81,81,82,83,84,85,86,88,89,91]},"COB":0,"IOB":0.087,"reason":"COB: 0, Dev: 0.6, BGI: 0.0, ISF: 7.7, CR: 25, Target: 5.1, minPredBG 3.4, minGuardBG 3.1, IOBpredBG 3.1; minGuardBG 3.1<3.7","duration":60,"rate":0,"timestamp":"2023-12-24T03:56:07.145Z"}}