{"algorithm":"OpenAPSSMBPlugin","input":{"glucoseStatus":{"glucose":78,"noise":0,"delta":2.67,"short_avgdelta":1.96,"long_avgdelta":1.47,"date":1703475315005},"currenttemp":{"temp":"absolute","duration":50,"rate":0,"minutesrunning":10},"iob_data":[{"iob":-0.222,"basaliob":-0.222,"bolussnooze":0,"activity":-0.0019,"lastBolusTime":0,"time":"2023-12-25T03:36:07.677Z","iobWithZeroTemp":{"iob":-0.222,"basaliob":-0.222,"bolussnooze":0,"activity":-0.0019,"lastBolusTime":0,"time":"2023-12-25T03:36:07.677Z"}},{"iob":-0.212,"basaliob":-0.212,"bolussnooze":0,"activity":-0.002,"lastBolusTime":0,"time":"2023-12-25T03:41:07.677Z","iobWithZeroTemp":{"iob":-0.229,"basaliob":-0.229,"bolussnooze":0,"activity":-0.002,"lastBolusTime":0,"time":"2023-12-25T03:41:07.677Z"}},{"iob":-0.203,"basaliob":-0.203,"bolussnooze":0,"activity":-0.002,"lastBolusTime":0,"time":"2023-12-25T03:46:07.677Z","iobWithZeroTemp":{"iob":-0.24,"basaliob":-0.24,"bolussnooze":0,"activity":-0.0021,"lastBolusTime":0,"time":"2023-12-25T03:46:07.677Z"}},{"iob":-0.193,"basaliob":-0.193,"bolussnooze":0,"activity":-0.0019,"lastBolusTime":0,"time":"2023-12-25T03:51:07.677Z","iobWithZeroTemp":{"iob":-0.251,"basaliob":-0.251,"bolussnooze":0,"activity":-0.002,"lastBolusTime":0,"time":"2023-12-25T03:51:07.677Z"}},{"iob":-0.183,"basaliob":-0.183,"bolussnooze":0,"activity":-0.0019,"lastBolusTime":0,"time":"2023-12-25T03:56:07.677Z","iobWithZeroTemp":{"iob":-0.261,"basaliob":-0.261,"bolussnooze":0,"activity":-0.0021,"lastBolusTime":0,"time":"2023-12-25T03:56:07.677Z"}},{"iob":-0.174,"basaliob":-0.174,"bolussnooze":0,"activity":-0.0019,"lastBolusTime":0,"time":"2023-12-25T04:01:07.677Z","iobWithZeroTemp":{"iob":-0.271,"basaliob":-0.271,"bolussnooze":0,"activity":-0.0022,"lastBolusTime":0,"time":"2023-12-25T04:01:07.677Z"}},{"iob":-0.164,"basaliob":-0.164,"bolussnooze":0,"activity":-0.0018,"lastBolusTime":0,"time":"2023-12-25T04:06:07.677Z","iobWithZeroTemp":{"iob":-0.28,"basaliob":-0.28,"bolussnooze":0,"activity":-0.0022,"lastBolusTime":0,"time":"2023-12-25T04:06:07.677Z"}},{"iob":-0.155,"basaliob":-0.155,"bolussnooze":0,"activity":-0.0018,"lastBolusTime":0,"time":"2023-12-25T04:11:07.677Z","iobWithZeroTemp":{"iob":-0.29,"basaliob":-0.29,"bolussnooze":0,"activity":-0.0023,"lastBolusTime":0,"time":"2023-12-25T04:11:07.677Z"}},{"iob":-0.147,"basaliob":-0.147,"bolussnooze":0,"activity":-0.0017,"lastBolusTime":0,"time":"2023-12-25T04:16:07.677Z","iobWithZeroTemp":{"iob":-0.3,"basaliob":-0.3,"bolussnooze":0,"activity":-0.0024,"lastBolusTime":0,"time":"2023-12-25T04:16:07.677Z"}},{"iob":-0.138,"basaliob":-0.138,"bolussnooze":0,"activity":-0.0017,"lastBolusTime":0,"time":"2023-12-25T04:21:07.677Z","iobWithZeroTemp":{"iob":-0.308,"basaliob":-0.308,"bolussnooze":0,"activity":-0.0025,"lastBolusTime":0,"time":"2023-12-25T04:21:07.677Z"}},{"iob":-0.13,"basaliob":-0.13,"bolussnooze":0,"activity":-0.0016,"lastBolusTime":0,"time":"2023-12-25T04:26:07.677Z","iobWithZeroTemp":{"iob":-0.316,"basaliob":-0.316,"bolussnooze":0,"activity":-0.0026,"lastBolusTime":0,"time":"2023-12-25T04:26:07.677Z"}},{"iob":-0.122,"basaliob":-0.122,"bolussnooze":0,"activity":-0.0015,"lastBolusTime":0,"time":"2023-12-25T04:31:07.677Z","iobWithZeroTemp":{"iob":-0.324,"basaliob":-0.324,"bolussnooze":0,"activity":-0.0026,"lastBolusTime":0,"time":"2023-12-25T04:31:07.677Z"}},{"iob":-0.115,"basaliob":-0.115,"bolussnooze":0,"activity":-0.0015,"lastBolusTime":0,"time":"2023-12-25T04:36:07.677Z","iobWithZeroTemp":{"iob":-0.332,"basaliob":-0.332,"bolussnooze":0,"activity":-0.0027,"lastBolusTime":0,"time":"2023-12-25T04:36:07.677Z"}},{"iob":-0.108,"basaliob":-0.108,"bolussnooze":0,"activity":-0.0014,"lastBolusTime":0,"time":"2023-12-25T04:41:07.677Z","iobWithZeroTemp":{"iob":-0.339,"basaliob":-0.339,"bolussnooze":0,"activity":-0.0028,"lastBolusTime":0,"time":"2023-12-25T04:41:07.677Z"}},{"iob":-0.101,"basaliob":-0.101,"bolussnooze":0,"activity":-0.0013,"lastBolusTime":0,"time":"2023-12-25T04:46:07.677Z","iobWithZeroTemp":{"iob":-0.346,"basaliob":-0.346,"bolussnooze":0,"activity":-0.0028,"lastBolusTime":0,"time":"2023-12-25T04:46:07.677Z"}},{"iob":-0.094,"basaliob":-0.094,"bolussnooze":0,"activity":-0.0013,"lastBolusTime":0,"time":"2023-12-25T04:51:07.677Z","iobWithZeroTemp":{"iob":-0.351,"basaliob":-0.351,"bolussnooze":0,"activity":-0.003,"lastBolusTime":0,"time":"2023-12-25T04:51:07.677Z"}},{"iob":-0.088,"basaliob":-0.088,"bolussnooze":0,"activity":-0.0012,"lastBolusTime":0,"time":"2023-12-25T04:56:07.677Z","iobWithZeroTemp":{"iob":-0.358,"basaliob":-0.358,"bolussnooze":0,"activity":-0.003,"lastBolusTime":0,"time":"2023-12-25T04:56:07.677Z"}},{"iob":-0.082,"basaliob":-0.082,"bolussnooze":0,"activity":-0.0011,"lastBolusTime":0,"time":"2023-12-25T05:01:07.677Z","iobWithZeroTemp":{"iob":-0.363,"basaliob":-0.363,"bolussnooze":0,"activity":-0.003,"lastBolusTime":0,"time":"2023-12-25T05:01:07.677Z"}},{"iob":-0.077,"basaliob":-0.077,"bolussnooze":0,"activity":-0.0011,"lastBolusTime":0,"time":"2023-12-25T05:06:07.677Z","iobWithZeroTemp":{"iob":-0.373,"basaliob":-0.373,"bolussnooze":0,"activity":-0.0032,"lastBolusTime":0,"time":"2023-12-25T05:06:07.677Z"}},{"iob":-0.072,"basaliob":-0.072,"bolussnooze":0,"activity":-0.001,"lastBolusTime":0,"time":"2023-12-25T05:11:07.677Z","iobWithZeroTemp":{"iob":-0.383,"basaliob":-0.383,"bolussnooze":0,"activity":-0.0032,"lastBolusTime":0,"time":"2023-12-25T05:11:07.677Z"}},{"iob":-0.067,"basaliob":-0.067,"bolussnooze":0,"activity":-0.001,"lastBolusTime":0,"time":"2023-12-25T05:16:07.677Z","iobWithZeroTemp":{"iob":-0.391,"basaliob":-0.391,"bolussnooze":0,"activity":-0.0033,"lastBolusTime":0,"time":"2023-12-25T05:16:07.677Z"}},{"iob":-0.062,"basaliob":-0.062,"bolussnooze":0,"activity":-9.0E-4,"lastBolusTime":0,"time":"2023-12-25T05:21:07.677Z","iobWithZeroTemp":{"iob":-0.399,"basaliob":-0.399,"bolussnooze":0,"activity":-0.0034,"lastBolusTime":0,"time":"2023-12-25T05:21:07.677Z"}},{"iob":-0.058,"basaliob":-0.058,"bolussnooze":0,"activity":-8.0E-4,"lastBolusTime":0,"time":"2023-12-25T05:26:07.677Z","iobWithZeroTemp":{"iob":-0.408,"basaliob":-0.408,"bolussnooze":0,"activity":-0.0034,"lastBolusTime":0,"time":"2023-12-25T05:26:07.677Z"}},{"iob":-0.054,"basaliob":-0.054,"bolussnooze":0,"activity":-8.0E-4,"lastBolusTime":0,"time":"2023-12-25T05:31:07.677Z","iobWithZeroTemp":{"iob":-0.415,"basaliob":-0.415,"bolussnooze":0,"activity":-0.0035,"lastBolusTime":0,"time":"2023-12-25T05:31:07.677Z"}},{"iob":-0.05,"basaliob":-0.05,"bolussnooze":0,"activity":-7.0E-4,"lastBolusTime":0,"time":"2023-12-25T05:36:07.677Z","iobWithZeroTemp":{"iob":-0.423,"basaliob":-0.423,"bolussnooze":0,"activity":-0.0035,"lastBolusTime":0,"time":"2023-12-25T05:36:07.677Z"}},{"iob":-0.046,"basaliob":-0.046,"bolussnooze":0,"activity":-7.0E-4,"lastBolusTime":0,"time":"2023-12-25T05:41:07.677Z","iobWithZeroTemp":{"iob":-0.429,"basaliob":-0.429,"bolussnooze":0,"activity":-0.0037,"lastBolusTime":0,"time":"2023-12-25T05:41:07.677Z"}},{"iob":-0.043,"basaliob":-0.043,"bolussnooze":0,"activity":-7.0E-4,"lastBolusTime":0,"time":"2023-12-25T05:46:07.677Z","iobWithZeroTemp":{"iob":-0.436,"basaliob":-0.436,"bolussnooze":0,"activity":-0.0038,"lastBolusTime":0,"time":"2023-12-25T05:46:07.677Z"}},{"iob":-0.04,"basaliob":-0.04,"bolussnooze":0,"activity":-6.0E-4,"lastBolusTime":0,"time":"2023-12-25T05:51:07.677Z","iobWithZeroTemp":{"iob":-0.442,"basaliob":-0.442,"bolussnooze":0,"activity":-0.0038,"lastBolusTime":0,"time":"2023-12-25T05:51:07.677Z"}},{"iob":-0.037,"basaliob":-0.037,"bolussnooze":0,"activity":-6.0E-4,"lastBolusTime":0,"time":"2023-12-25T05:56:07.677Z","iobWithZeroTemp":{"iob":-0.448,"basaliob":-0.448,"bolussnooze":0,"activity":-0.0039,"lastBolusTime":0,"time":"2023-12-25T05:56:07.677Z"}},{"iob":-0.034,"basaliob":-0.034,"bolussnooze":0,"activity":-5.0E-4,"lastBolusTime":0,"time":"2023-12-25T06:01:07.677Z","iobWithZeroTemp":{"iob":-0.454,"basaliob":-0.454,"bolussnooze":0,"activity":-0.0039,"lastBolusTime":0,"time":"2023-12-25T06:01:07.677Z"}},{"iob":-0.031,"basaliob":-0.031,"bolussnooze":0,"activity":-5.0E-4,"lastBolusTime":0,"time":"2023-12-25T06:06:07.677Z","iobWithZeroTemp":{"iob":-0.458,"basaliob":-0.458,"bolussnooze":0,"activity":-0.004,"lastBolusTime":0,"time":"2023-12-25T06:06:07.677Z"}},{"iob":-0.029,"basaliob":-0.029,"bolussnooze":0,"activity":-5.0E-4,"lastBolusTime":0,"time":"2023-12-25T06:11:07.677Z","iobWithZeroTemp":{"iob":-0.464,"basaliob":-0.464,"bolussnooze":0,"activity":-0.0041,"lastBolusTime":0,"time":"2023-12-25T06:11:07.677Z"}},{"iob":-0.027,"basaliob":-0.027,"bolussnooze":0,"activity":-4.0E-4,"lastBolusTime":0,"time":"2023-12-25T06:16:07.677Z","iobWithZeroTemp":{"iob":-0.469,"basaliob":-0.469,"bolussnooze":0,"activity":-0.0041,"lastBolusTime":0,"time":"2023-12-25T06:16:07.677Z"}},{"iob":-0.025,"basaliob":-0.025,"bolussnooze":0,"activity":-4.0E-4,"lastBolusTime":0,"time":"2023-12-25T06:21:07.677Z","iobWithZeroTemp":{"iob":-0.473,"basaliob":-0.473,"bolussnooze":0,"activity":-0.0042,"lastBolusTime":0,"time":"2023-12-25T06:21:07.677Z"}},{"iob":-0.023,"basaliob":-0.023,"bolussnooze":0,"activity":-4.0E-4,"lastBolusTime":0,"time":"2023-12-25T06:26:07.677Z","iobWithZeroTemp":{"iob":-0.477,"basaliob":-0.477,"bolussnooze":0,"activity":-0.0042,"lastBolusTime":0,"time":"2023-12-25T06:26:07.677Z"}},{"iob":-0.021,"basaliob":-0.021,"bolussnooze":0,"activity":-3.0E-4,"lastBolusTime":0,"time":"2023-12-25T06:31:07.677Z","iobWithZeroTemp":{"iob":-0.481,"basaliob":-0.481,"bolussnooze":0,"activity":-0.0042,"lastBolusTime":0,"time":"2023-12-25T06:31:07.677Z"}},{"iob":-0.019,"basaliob":-0.019,"bolussnooze":0,"activity":-3.0E-4,"lastBolusTime":0,"time":"2023-12-25T06:36:07.677Z","iobWithZeroTemp":{"iob":-0.484,"basaliob":-0.484,"bolussnooze":0,"activity":-0.0043,"lastBolusTime":0,"time":"2023-12-25T06:36:07.677Z"}},{"iob":-0.018,"basaliob":-0.018,"bolussnooze":0,"activity":-3.0E-4,"lastBolusTime":0,"time":"2023-12-25T06:41:07.677Z","iobWithZeroTemp":{"iob":-0.488,"basaliob":-0.488,"bolussnooze":0,"activity":-0.0044,"lastBolusTime":0,"time":"2023-12-25T06:41:07.677Z"}},{"iob":-0.016,"basaliob":-0.016,"bolussnooze":0,"activity":-3.0E-4,"lastBolusTime":0,"time":"2023-12-25T06:46:07.677Z","iobWithZeroTemp":{"iob":-0.49,"basaliob":-0.49,"bolussnooze":0,"activity":-0.0044,"lastBolusTime":0,"time":"2023-12-25T06:46:07.677Z"}},{"iob":-0.015,"basaliob":-0.015,"bolussnooze":0,"activity":-3.0E-4,"lastBolusTime":0,"time":"2023-12-25T06:51:07.677Z","iobWithZeroTemp":{"iob":-0.493,"basaliob":-0.493,"bolussnooze":0,"activity":-0.0045,"lastBolusTime":0,"time":"2023-12-25T06:51:07.677Z"}},{"iob":-0.014,"basaliob":-0.014,"bolussnooze":0,"activity":-2.0E-4,"lastBolusTime":0,"time":"2023-12-25T06:56:07.677Z","iobWithZeroTemp":{"iob":-0.496,"basaliob":-0.496,"bolussnooze":0,"activity":-0.0044,"lastBolusTime":0,"time":"2023-12-25T06:56:07.677Z"}},{"iob":-0.013,"basaliob":-0.013,"bolussnooze":0,"activity":-2.0E-4,"lastBolusTime":0,"time":"2023-12-25T07:01:07.677Z","iobWithZeroTemp":{"iob":-0.499,"basaliob":-0.499,"bolussnooze":0,"activity":-0.0045,"lastBolusTime":0,"time":"2023-12-25T07:01:07.677Z"}},{"iob":-0.011,"basaliob":-0.011,"bolussnooze":0,"activity":-2.0E-4,"lastBolusTime":0,"time":"2023-12-25T07:06:07.677Z","iobWithZeroTemp":{"iob":-0.5,"basaliob":-0.5,"bolussnooze":0,"activity":-0.0045,"lastBolusTime":0,"time":"2023-12-25T07:06:07.677Z"}},{"iob":-0.01,"basaliob":-0.01,"bolussnooze":0,"activity":-2.0E-4,"lastBolusTime":0,"time":"2023-12-25T07:11:07.677Z","iobWithZeroTemp":{"iob":-0.503,"basaliob":-0.503,"bolussnooze":0,"activity":-0.0046,"lastBolusTime":0,"time":"2023-12-25T07:11:07.677Z"}},{"iob":-0.01,"basaliob":-0.01,"bolussnooze":0,"activity":-2.0E-4,"lastBolusTime":0,"time":"2023-12-25T07:16:07.677Z","iobWithZeroTemp":{"iob":-0.505,"basaliob":-0.505,"bolussnooze":0,"activity":-0.0046,"lastBolusTime":0,"time":"2023-12-25T07:16:07.677Z"}},{"iob":-0.009,"basaliob":-0.009,"bolussnooze":0,"activity":-2.0E-4,"lastBolusTime":0,"time":"2023-12-25T07:21:07.677Z","iobWithZeroTemp":{"iob":-0.507,"basaliob":-0.507,"bolussnooze":0,"activity":-0.0047,"lastBolusTime":0,"time":"2023-12-25T07:21:07.677Z"}},{"iob":-0.008,"basaliob":-0.008,"bolussnooze":0,"activity":-1.0E-4,"lastBolusTime":0,"time":"2023-12-25T07:26:07.677Z","iobWithZeroTemp":{"iob":-0.509,"basaliob":-0.509,"bolussnooze":0,"activity":-0.0046,"lastBolusTime":0,"time":"2023-12-25T07:26:07.677Z"}},{"iob":-0.007,"basaliob":-0.007,"bolussnooze":0,"activity":-1.0E-4,"lastBolusTime":0,"time":"2023-12-25T07:31:07.677Z","iobWithZeroTemp":{"iob":-0.51,"basaliob":-0.51,"bolussnooze":0,"activity":-0.0047,"lastBolusTime":0,"time":"2023-12-25T07:31:07.677Z"}}],"profile":{"max_iob":4,"type":"current","max_daily_basal":0.5,"max_basal":1,"min_bg":99,"max_bg":99,"target_bg":99,"carb_ratio":25,"sens":142.20000000000002,"max_daily_safety_multiplier":3,"current_basal_safety_multiplier":4,"high_temptarget_raises_sensitivity":false,"low_temptarget_lowers_sensitivity":false,"sensitivity_raises_target":true,"resistance_lowers_target":true,"adv_target_adjustments":false,"exercise_mode":false,"half_basal_exercise_target":160,"maxCOB":120,"skip_neutral_temps":false,"remainingCarbsCap":90,"enableUAM":true,"A52_risk_enable":false,"SMBInterval":3,"enableSMB_with_COB":true,"enableSMB_with_temptarget":true,"allowSMB_with_high_temptarget":false,"enableSMB_always":false,"enableSMB_after_carbs":false,"maxSMBBasalMinutes":75,"maxUAMSMBBasalMinutes":75,"bolus_increment":0.05,"carbsReqThreshold":10,"current_basal":0.25,"temptargetSet":false,"autosens_max":1.2,"out_units":"mmol\/L"},"autosens_data":{"ratio":1},"meal_data":{"carbs":0,"mealCOB":0,"slopeFromMaxDeviation":-0.38899999999999996,"slopeFromMinDeviation":0.23754545454545456,"lastBolusTime":1703430368291,"lastCarbTime":0},"microBolusAllowed":true,"currentTime":1703475368983,"flatBGsDetected":false},"output":{"temp":"absolute","bg":78,"tick":"+3","eventualBG":114,"targetBG":99,"insulinReq":0.02,"deliverAt":"2023-12-25T03:36:08.983Z","sensitivityRatio":1,"predBGs":{"IOB":[78,80,82,84,85,87,89,90,92,93,94,96,97,98,99,100,101,101,102,103,104,104,105,106,106,107,107,108,108,109,109,109,110,110,110,111,111,111,111,111,112],"ZT":[78,79,81,82,84,85,87,88,90,92,93,95,97,99],"UAM":[78,80,81,82,84,85,86,88,89,90,91,93,94,95,96,97,98,98,99,100,101,101,102,103,103,104,104,105,105,106,106,106,107,107,107,107,108,108,108,108,108,109]},"COB":0,"IOB":-0.222,"reason":"COB: 0, Dev: 0.2, BGI: 0.1, ISF: 7.9, CR: 25, Target: 5.5, minPredBG 5.7, minGuardBG 4.4, IOBpredBG 6.2, UAMpredBG 6.1; Eventual BG 6.3 >= 5.5, temp 0.00 < 0.29U\/hr. ","duration":30,"rate":0.29,"timestamp":"2023-12-25T03:36:09.004Z"}}