{"algorithm":"OpenAPSSMBPlugin","input":{"glucoseStatus":{"glucose":146,"noise":0,"delta":4,"short_avgdelta":3.76,"long_avgdelta":2.26,"date":1703454614975},"currenttemp":{"temp":"absolute","duration":25,"rate":1.3,"minutesrunning":5},"iob_data":[{"iob":0.439,"basaliob":0.437,"bolussnooze":0,"activity":0.0038,"lastBolusTime":1703430368291,"time":"2023-12-24T21:51:07.194Z","iobWithZeroTemp":{"iob":0.439,"basaliob":0.437,"bolussnooze":0,"activity":0.0038,"lastBolusTime":1703430368291,"time":"2023-12-24T21:51:07.194Z"}},{"iob":0.421,"basaliob":0.419,"bolussnooze":0,"activity":0.0038,"lastBolusTime":1703430368291,"time":"2023-12-24T21:56:07.194Z","iobWithZeroTemp":{"iob":0.384,"basaliob":0.382,"bolussnooze":0,"activity":0.0038,"lastBolusTime":1703430368291,"time":"2023-12-24T21:56:07.194Z"}},{"iob":0.402,"basaliob":0.4,"bolussnooze":0,"activity":0.0038,"lastBolusTime":1703430368291,"time":"2023-12-24T22:01:07.194Z","iobWithZeroTemp":{"iob":0.32,"basaliob":0.318,"bolussnooze":0,"activity":0.0037,"lastBolusTime":1703430368291,"time":"2023-12-24T22:01:07.194Z"}},{"iob":0.382,"basaliob":0.381,"bolussnooze":0,"activity":0.0037,"lastBolusTime":1703430368291,"time":"2023-12-24T22:06:07.194Z","iobWithZeroTemp":{"iob":0.255,"basaliob":0.254,"bolussnooze":0,"activity":0.0034,"lastBolusTime":1703430368291,"time":"2023-12-24T22:06:07.194Z"}},{"iob":0.363,"basaliob":0.362,"bolussnooze":0,"activity":0.0037,"lastBolusTime":1703430368291,"time":"2023-12-24T22:11:07.194Z","iobWithZeroTemp":{"iob":0.192,"basaliob":0.191,"bolussnooze":0,"activity":0.0033,"lastBolusTime":1703430368291,"time":"2023-12-24T22:11:07.194Z"}},{"iob":0.345,"basaliob":0.344,"bolussnooze":0,"activity":0.0036,"lastBolusTime":1703430368291,"time":"2023-12-24T22:16:07.194Z","iobWithZeroTemp":{"iob":0.131,"basaliob":0.13,"bolussnooze":0,"activity":0.0029,"lastBolusTime":1703430368291,"time":"2023-12-24T22:16:07.194Z"}},{"iob":0.327,"basaliob":0.326,"bolussnooze":0,"activity":0.0036,"lastBolusTime":1703430368291,"time":"2023-12-24T22:21:07.194Z","iobWithZeroTemp":{"iob":0.071,"basaliob":0.07,"bolussnooze":0,"activity":0.0027,"lastBolusTime":1703430368291,"time":"2023-12-24T22:21:07.194Z"}},{"iob":0.309,"basaliob":0.308,"bolussnooze":0,"activity":0.0035,"lastBolusTime":1703430368291,"time":"2023-12-24T22:26:07.194Z","iobWithZeroTemp":{"iob":0.012,"basaliob":0.011,"bolussnooze":0,"activity":0.0023,"lastBolusTime":1703430368291,"time":"2023-12-24T22:26:07.194Z"}},{"iob":0.292,"basaliob":0.291,"bolussnooze":0,"activity":0.0034,"lastBolusTime":1703430368291,"time":"2023-12-24T22:31:07.194Z","iobWithZeroTemp":{"iob":-0.044,"basaliob":-0.045,"bolussnooze":0,"activity":0.0019,"lastBolusTime":1703430368291,"time":"2023-12-24T22:31:07.194Z"}},{"iob":0.276,"basaliob":0.275,"bolussnooze":0,"activity":0.0033,"lastBolusTime":1703430368291,"time":"2023-12-24T22:36:07.194Z","iobWithZeroTemp":{"iob":-0.097,"basaliob":-0.098,"bolussnooze":0,"activity":0.0015,"lastBolusTime":1703430368291,"time":"2023-12-24T22:36:07.194Z"}},{"iob":0.259,"basaliob":0.259,"bolussnooze":0,"activity":0.0031,"lastBolusTime":1703430368291,"time":"2023-12-24T22:41:07.194Z","iobWithZeroTemp":{"iob":-0.15,"basaliob":-0.15,"bolussnooze":0,"activity":0.001,"lastBolusTime":1703430368291,"time":"2023-12-24T22:41:07.194Z"}},{"iob":0.243,"basaliob":0.243,"bolussnooze":0,"activity":0.003,"lastBolusTime":1703430368291,"time":"2023-12-24T22:46:07.194Z","iobWithZeroTemp":{"iob":-0.201,"basaliob":-0.201,"bolussnooze":0,"activity":6.0E-4,"lastBolusTime":1703430368291,"time":"2023-12-24T22:46:07.194Z"}},{"iob":0.229,"basaliob":0.229,"bolussnooze":0,"activity":0.0029,"lastBolusTime":1703430368291,"time":"2023-12-24T22:51:07.194Z","iobWithZeroTemp":{"iob":-0.248,"basaliob":-0.248,"bolussnooze":0,"activity":2.0E-4,"lastBolusTime":1703430368291,"time":"2023-12-24T22:51:07.194Z"}},{"iob":0.215,"basaliob":0.215,"bolussnooze":0,"activity":0.0028,"lastBolusTime":1703430368291,"time":"2023-12-24T22:56:07.194Z","iobWithZeroTemp":{"iob":-0.293,"basaliob":-0.293,"bolussnooze":0,"activity":-3.0E-4,"lastBolusTime":1703430368291,"time":"2023-12-24T22:56:07.194Z"}},{"iob":0.201,"basaliob":0.201,"bolussnooze":0,"activity":0.0026,"lastBolusTime":1703430368291,"time":"2023-12-24T23:01:07.194Z","iobWithZeroTemp":{"iob":-0.337,"basaliob":-0.337,"bolussnooze":0,"activity":-8.0E-4,"lastBolusTime":1703430368291,"time":"2023-12-24T23:01:07.194Z"}},{"iob":0.188,"basaliob":0.188,"bolussnooze":0,"activity":0.0025,"lastBolusTime":1703430368291,"time":"2023-12-24T23:06:07.194Z","iobWithZeroTemp":{"iob":-0.356,"basaliob":-0.356,"bolussnooze":0,"activity":-0.0011,"lastBolusTime":1703430368291,"time":"2023-12-24T23:06:07.194Z"}},{"iob":0.176,"basaliob":0.176,"bolussnooze":0,"activity":0.0024,"lastBolusTime":1703430368291,"time":"2023-12-24T23:11:07.194Z","iobWithZeroTemp":{"iob":-0.372,"basaliob":-0.372,"bolussnooze":0,"activity":-0.0015,"lastBolusTime":1703430368291,"time":"2023-12-24T23:11:07.194Z"}},{"iob":0.165,"basaliob":0.165,"bolussnooze":0,"activity":0.0022,"lastBolusTime":1703430368291,"time":"2023-12-24T23:16:07.194Z","iobWithZeroTemp":{"iob":-0.386,"basaliob":-0.386,"bolussnooze":0,"activity":-0.0019,"lastBolusTime":1703430368291,"time":"2023-12-24T23:16:07.194Z"}},{"iob":0.154,"basaliob":0.154,"bolussnooze":0,"activity":0.0021,"lastBolusTime":1703430368291,"time":"2023-12-24T23:21:07.194Z","iobWithZeroTemp":{"iob":-0.4,"basaliob":-0.4,"bolussnooze":0,"activity":-0.0022,"lastBolusTime":1703430368291,"time":"2023-12-24T23:21:07.194Z"}},{"iob":0.143,"basaliob":0.143,"bolussnooze":0,"activity":0.002,"lastBolusTime":1703430368291,"time":"2023-12-24T23:26:07.194Z","iobWithZeroTemp":{"iob":-0.412,"basaliob":-0.412,"bolussnooze":0,"activity":-0.0024,"lastBolusTime":1703430368291,"time":"2023-12-24T23:26:07.194Z"}},{"iob":0.134,"basaliob":0.134,"bolussnooze":0,"activity":0.0019,"lastBolusTime":1703430368291,"time":"2023-12-24T23:31:07.194Z","iobWithZeroTemp":{"iob":-0.421,"basaliob":-0.421,"bolussnooze":0,"activity":-0.0027,"lastBolusTime":1703430368291,"time":"2023-12-24T23:31:07.194Z"}},{"iob":0.124,"basaliob":0.124,"bolussnooze":0,"activity":0.0018,"lastBolusTime":1703430368291,"time":"2023-12-24T23:36:07.194Z","iobWithZeroTemp":{"iob":-0.431,"basaliob":-0.431,"bolussnooze":0,"activity":-0.0029,"lastBolusTime":1703430368291,"time":"2023-12-24T23:36:07.194Z"}},{"iob":0.116,"basaliob":0.116,"bolussnooze":0,"activity":0.0017,"lastBolusTime":1703430368291,"time":"2023-12-24T23:41:07.194Z","iobWithZeroTemp":{"iob":-0.439,"basaliob":-0.439,"bolussnooze":0,"activity":-0.0031,"lastBolusTime":1703430368291,"time":"2023-12-24T23:41:07.194Z"}},{"iob":0.108,"basaliob":0.108,"bolussnooze":0,"activity":0.0016,"lastBolusTime":1703430368291,"time":"2023-12-24T23:46:07.194Z","iobWithZeroTemp":{"iob":-0.446,"basaliob":-0.446,"bolussnooze":0,"activity":-0.0032,"lastBolusTime":1703430368291,"time":"2023-12-24T23:46:07.194Z"}},{"iob":0.1,"basaliob":0.1,"bolussnooze":0,"activity":0.0015,"lastBolusTime":1703430368291,"time":"2023-12-24T23:51:07.194Z","iobWithZeroTemp":{"iob":-0.452,"basaliob":-0.452,"bolussnooze":0,"activity":-0.0034,"lastBolusTime":1703430368291,"time":"2023-12-24T23:51:07.194Z"}},{"iob":0.093,"basaliob":0.093,"bolussnooze":0,"activity":0.0014,"lastBolusTime":1703430368291,"time":"2023-12-24T23:56:07.194Z","iobWithZeroTemp":{"iob":-0.458,"basaliob":-0.458,"bolussnooze":0,"activity":-0.0036,"lastBolusTime":1703430368291,"time":"2023-12-24T23:56:07.194Z"}},{"iob":0.086,"basaliob":0.086,"bolussnooze":0,"activity":0.0013,"lastBolusTime":1703430368291,"time":"2023-12-25T00:01:07.194Z","iobWithZeroTemp":{"iob":-0.463,"basaliob":-0.463,"bolussnooze":0,"activity":-0.0037,"lastBolusTime":1703430368291,"time":"2023-12-25T00:01:07.194Z"}},{"iob":0.08,"basaliob":0.08,"bolussnooze":0,"activity":0.0012,"lastBolusTime":1703430368291,"time":"2023-12-25T00:06:07.194Z","iobWithZeroTemp":{"iob":-0.467,"basaliob":-0.467,"bolussnooze":0,"activity":-0.0038,"lastBolusTime":1703430368291,"time":"2023-12-25T00:06:07.194Z"}},{"iob":0.074,"basaliob":0.074,"bolussnooze":0,"activity":0.0011,"lastBolusTime":0,"time":"2023-12-25T00:11:07.194Z","iobWithZeroTemp":{"iob":-0.471,"basaliob":-0.471,"bolussnooze":0,"activity":-0.0039,"lastBolusTime":0,"time":"2023-12-25T00:11:07.194Z"}},{"iob":0.068,"basaliob":0.068,"bolussnooze":0,"activity":0.0011,"lastBolusTime":0,"time":"2023-12-25T00:16:07.194Z","iobWithZeroTemp":{"iob":-0.474,"basaliob":-0.474,"bolussnooze":0,"activity":-0.004,"lastBolusTime":0,"time":"2023-12-25T00:16:07.194Z"}},{"iob":0.063,"basaliob":0.063,"bolussnooze":0,"activity":0.001,"lastBolusTime":0,"time":"2023-12-25T00:21:07.194Z","iobWithZeroTemp":{"iob":-0.477,"basaliob":-0.477,"bolussnooze":0,"activity":-0.0041,"lastBolusTime":0,"time":"2023-12-25T00:21:07.194Z"}},{"iob":0.058,"basaliob":0.058,"bolussnooze":0,"activity":9.0E-4,"lastBolusTime":0,"time":"2023-12-25T00:26:07.194Z","iobWithZeroTemp":{"iob":-0.48,"basaliob":-0.48,"bolussnooze":0,"activity":-0.0042,"lastBolusTime":0,"time":"2023-12-25T00:26:07.194Z"}},{"iob":0.054,"basaliob":0.054,"bolussnooze":0,"activity":9.0E-4,"lastBolusTime":0,"time":"2023-12-25T00:31:07.194Z","iobWithZeroTemp":{"iob":-0.481,"basaliob":-0.481,"bolussnooze":0,"activity":-0.0042,"lastBolusTime":0,"time":"2023-12-25T00:31:07.194Z"}},{"iob":0.05,"basaliob":0.05,"bolussnooze":0,"activity":8.0E-4,"lastBolusTime":0,"time":"2023-12-25T00:36:07.194Z","iobWithZeroTemp":{"iob":-0.483,"basaliob":-0.483,"bolussnooze":0,"activity":-0.0043,"lastBolusTime":0,"time":"2023-12-25T00:36:07.194Z"}},{"iob":0.046,"basaliob":0.046,"bolussnooze":0,"activity":7.0E-4,"lastBolusTime":0,"time":"2023-12-25T00:41:07.194Z","iobWithZeroTemp":{"iob":-0.484,"basaliob":-0.484,"bolussnooze":0,"activity":-0.0044,"lastBolusTime":0,"time":"2023-12-25T00:41:07.194Z"}},{"iob":0.042,"basaliob":0.042,"bolussnooze":0,"activity":7.0E-4,"lastBolusTime":0,"time":"2023-12-25T00:46:07.194Z","iobWithZeroTemp":{"iob":-0.486,"basaliob":-0.486,"bolussnooze":0,"activity":-0.0043,"lastBolusTime":0,"time":"2023-12-25T00:46:07.194Z"}},{"iob":0.039,"basaliob":0.039,"bolussnooze":0,"activity":6.0E-4,"lastBolusTime":0,"time":"2023-12-25T00:51:07.194Z","iobWithZeroTemp":{"iob":-0.487,"basaliob":-0.487,"bolussnooze":0,"activity":-0.0044,"lastBolusTime":0,"time":"2023-12-25T00:51:07.194Z"}},{"iob":0.036,"basaliob":0.036,"bolussnooze":0,"activity":6.0E-4,"lastBolusTime":0,"time":"2023-12-25T00:56:07.194Z","iobWithZeroTemp":{"iob":-0.488,"basaliob":-0.488,"bolussnooze":0,"activity":-0.0044,"lastBolusTime":0,"time":"2023-12-25T00:56:07.194Z"}},{"iob":0.033,"basaliob":0.033,"bolussnooze":0,"activity":6.0E-4,"lastBolusTime":0,"time":"2023-12-25T01:01:07.194Z","iobWithZeroTemp":{"iob":-0.488,"basaliob":-0.488,"bolussnooze":0,"activity":-0.0044,"lastBolusTime":0,"time":"2023-12-25T01:01:07.194Z"}},{"iob":0.03,"basaliob":0.03,"bolussnooze":0,"activity":5.0E-4,"lastBolusTime":0,"time":"2023-12-25T01:06:07.194Z","iobWithZeroTemp":{"iob":-0.489,"basaliob":-0.489,"bolussnooze":0,"activity":-0.0045,"lastBolusTime":0,"time":"2023-12-25T01:06:07.194Z"}},{"iob":0.028,"basaliob":0.028,"bolussnooze":0,"activity":5.0E-4,"lastBolusTime":0,"time":"2023-12-25T01:11:07.194Z","iobWithZeroTemp":{"iob":-0.489,"basaliob":-0.489,"bolussnooze":0,"activity":-0.0045,"lastBolusTime":0,"time":"2023-12-25T01:11:07.194Z"}},{"iob":0.025,"basaliob":0.025,"bolussnooze":0,"activity":4.0E-4,"lastBolusTime":0,"time":"2023-12-25T01:16:07.194Z","iobWithZeroTemp":{"iob":-0.49,"basaliob":-0.49,"bolussnooze":0,"activity":-0.0046,"lastBolusTime":0,"time":"2023-12-25T01:16:07.194Z"}},{"iob":0.023,"basaliob":0.023,"bolussnooze":0,"activity":4.0E-4,"lastBolusTime":0,"time":"2023-12-25T01:21:07.194Z","iobWithZeroTemp":{"iob":-0.491,"basaliob":-0.491,"bolussnooze":0,"activity":-0.0045,"lastBolusTime":0,"time":"2023-12-25T01:21:07.194Z"}},{"iob":0.021,"basaliob":0.021,"bolussnooze":0,"activity":4.0E-4,"lastBolusTime":0,"time":"2023-12-25T01:26:07.194Z","iobWithZeroTemp":{"iob":-0.491,"basaliob":-0.491,"bolussnooze":0,"activity":-0.0045,"lastBolusTime":0,"time":"2023-12-25T01:26:07.194Z"}},{"iob":0.019,"basaliob":0.019,"bolussnooze":0,"activity":3.0E-4,"lastBolusTime":0,"time":"2023-12-25T01:31:07.194Z","iobWithZeroTemp":{"iob":-0.491,"basaliob":-0.491,"bolussnooze":0,"activity":-0.0046,"lastBolusTime":0,"time":"2023-12-25T01:31:07.194Z"}},{"iob":0.018,"basaliob":0.018,"bolussnooze":0,"activity":3.0E-4,"lastBolusTime":0,"time":"2023-12-25T01:36:07.194Z","iobWithZeroTemp":{"iob":-0.491,"basaliob":-0.491,"bolussnooze":0,"activity":-0.0046,"lastBolusTime":0,"time":"2023-12-25T01:36:07.194Z"}},{"iob":0.016,"basaliob":0.016,"bolussnooze":0,"activity":3.0E-4,"lastBolusTime":0,"time":"2023-12-25T01:41:07.194Z","iobWithZeroTemp":{"iob":-0.491,"basaliob":-0.491,"bolussnooze":0,"activity":-0.0046,"lastBolusTime":0,"time":"2023-12-25T01:41:07.194Z"}},{"iob":0.015,"basaliob":0.015,"bolussnooze":0,"activity":3.0E-4,"lastBolusTime":0,"time":"2023-12-25T01:46:07.194Z","iobWithZeroTemp":{"iob":-0.491,"basaliob":-0.491,"bolussnooze":0,"activity":-0.0046,"lastBolusTime":0,"time":"2023-12-25T01:46:07.194Z"}}],"profile":{"max_iob":4,"type":"current","max_daily_basal":0.5,"max_basal":1.5,"min_bg":90,"max_bg":90,"target_bg":90,"carb_ratio":20,"sens":117,"max_daily_safety_multiplier":3,"current_basal_safety_multiplier":4,"high_temptarget_raises_sensitivity":false,"low_temptarget_lowers_sensitivity":false,"sensitivity_raises_target":true,"resistance_lowers_target":true,"adv_target_adjustments":false,"exercise_mode":false,"half_basal_exercise_target":160,"maxCOB":120,"skip_neutral_temps":false,"remainingCarbsCap":90,"enableUAM":true,"A52_risk_enable":false,"SMBInterval":3,"enableSMB_with_COB":true,"enableSMB_with_temptarget":true,"allowSMB_with_high_temptarget":false,"enableSMB_always":false,"enableSMB_after_carbs":false,"maxSMBBasalMinutes":75,"maxUAMSMBBasalMinutes":75,"bolus_increment":0.05,"carbsReqThreshold":10,"current_basal":0.5,"temptargetSet":false,"autosens_max":1.2,"out_units":"mmol\/L"},"autosens_data":{"ratio":1.1},"meal_data":{"carbs":0,"mealCOB":0,"slopeFromMaxDeviation":-0.006363636363636389,"slopeFromMinDeviation":1.3567142857142858,"lastBolusTime":1703430368291,"lastCarbTime":0},"microBolusAllowed":true,"currentTime":1703454668393,"flatBGsDetected":false},"output":{"temp":"absolute","bg":146,"tick":"+4","eventualBG":134,"targetBG":87,"insulinReq":0.43,"deliverAt":"2023-12-24T21:51:08.393Z","sensitivityRatio":1.1,"predBGs":{"IOB":[146,149,152,154,156,158,159,159,159,159,158,157,155,154,152,151,150,148,147,146,145,144,143,142,141,140,140,139,138,138,137,137,136,136,135,135,135,134,134,134,133,133,133,133,132],"ZT":[146,144,142,140,138,136,135,133,132,131,130,130,130,129,130,130,131,131],"UAM":[146,149,152,155,157,158,159,160,160,160,160,159,158,156,155,153,152,151,150,148,147,146,145,144,144,143,142,141,141,140,140,139,139,138,138,137,137,137,136,136,136,135,135,135,135,135,134]},"COB":0,"IOB":0.439,"reason":"COB: 0, Dev: 1.9, BGI: -0.1, ISF: 5.9, CR: 20, Target: 4.8, minPredBG 7.4, minGuardBG 7.4, IOBpredBG 7.3, UAMpredBG 7.4; Eventual BG 7.4 >= 4.8, temp 1.30 < 1.41U\/hr.  25m left and 1.3 ~ req 1.4100000000000001U\/hr: no temp required","timestamp":"2023-12-24T21:51:08.429Z"}}