{"algorithm":"OpenAPSSMBPlugin","input":{"glucoseStatus":{"glucose":52,"noise":0,"delta":-2.67,"short_avgdelta":-5.24,"long_avgdelta":-5.76,"date":1703532316283},"currenttemp":{"temp":"absolute","duration":110,"rate":0,"minutesrunning":10},"iob_data":[{"iob":0.053,"basaliob":0.053,"bolussnooze":0,"activity":0.0024,"lastBolusTime":0,"time":"2023-12-25T19:26:07.960Z","iobWithZeroTemp":{"iob":0.053,"basaliob":0.053,"bolussnooze":0,"activity":0.0024,"lastBolusTime":0,"time":"2023-12-25T19:26:07.960Z"}},{"iob":0.042,"basaliob":0.042,"bolussnooze":0,"activity":0.0021,"lastBolusTime":0,"time":"2023-12-25T19:31:07.960Z","iobWithZeroTemp":{"iob":0.015,"basaliob":0.015,"bolussnooze":0,"activity":0.0021,"lastBolusTime":0,"time":"2023-12-25T19:31:07.960Z"}},{"iob":0.032,"basaliob":0.032,"bolussnooze":0,"activity":0.0018,"lastBolusTime":0,"time":"2023-12-25T19:36:07.960Z","iobWithZeroTemp":{"iob":-0.028,"basaliob":-0.028,"bolussnooze":0,"activity":0.0017,"lastBolusTime":0,"time":"2023-12-25T19:36:07.960Z"}},{"iob":0.024,"basaliob":0.024,"bolussnooze":0,"activity":0.0015,"lastBolusTime":0,"time":"2023-12-25T19:41:07.960Z","iobWithZeroTemp":{"iob":-0.068,"basaliob":-0.068,"bolussnooze":0,"activity":0.0013,"lastBolusTime":0,"time":"2023-12-25T19:41:07.960Z"}},{"iob":0.017,"basaliob":0.017,"bolussnooze":0,"activity":0.0013,"lastBolusTime":0,"time":"2023-12-25T19:46:07.960Z","iobWithZeroTemp":{"iob":-0.108,"basaliob":-0.108,"bolussnooze":0,"activity":0.001,"lastBolusTime":0,"time":"2023-12-25T19:46:07.960Z"}},{"iob":0.011,"basaliob":0.011,"bolussnooze":0,"activity":0.0011,"lastBolusTime":0,"time":"2023-12-25T19:51:07.960Z","iobWithZeroTemp":{"iob":-0.145,"basaliob":-0.145,"bolussnooze":0,"activity":6.0E-4,"lastBolusTime":0,"time":"2023-12-25T19:51:07.960Z"}},{"iob":0.006,"basaliob":0.006,"bolussnooze":0,"activity":0.001,"lastBolusTime":0,"time":"2023-12-25T19:56:07.960Z","iobWithZeroTemp":{"iob":-0.18,"basaliob":-0.18,"bolussnooze":0,"activity":3.0E-4,"lastBolusTime":0,"time":"2023-12-25T19:56:07.960Z"}},{"iob":0.001,"basaliob":0.001,"bolussnooze":0,"activity":8.0E-4,"lastBolusTime":0,"time":"2023-12-25T20:01:07.960Z","iobWithZeroTemp":{"iob":-0.215,"basaliob":-0.215,"bolussnooze":0,"activity":-1.0E-4,"lastBolusTime":0,"time":"2023-12-25T20:01:07.960Z"}},{"iob":-0.003,"basaliob":-0.003,"bolussnooze":0,"activity":7.0E-4,"lastBolusTime":0,"time":"2023-12-25T20:06:07.960Z","iobWithZeroTemp":{"iob":-0.255,"basaliob":-0.255,"bolussnooze":0,"activity":-4.0E-4,"lastBolusTime":0,"time":"2023-12-25T20:06:07.960Z"}},{"iob":-0.006,"basaliob":-0.006,"bolussnooze":0,"activity":6.0E-4,"lastBolusTime":0,"time":"2023-12-25T20:11:07.960Z","iobWithZeroTemp":{"iob":-0.294,"basaliob":-0.294,"bolussnooze":0,"activity":-7.0E-4,"lastBolusTime":0,"time":"2023-12-25T20:11:07.960Z"}},{"iob":-0.008,"basaliob":-0.008,"bolussnooze":0,"activity":5.0E-4,"lastBolusTime":0,"time":"2023-12-25T20:16:07.960Z","iobWithZeroTemp":{"iob":-0.33,"basaliob":-0.33,"bolussnooze":0,"activity":-0.0011,"lastBolusTime":0,"time":"2023-12-25T20:16:07.960Z"}},{"iob":-0.01,"basaliob":-0.01,"bolussnooze":0,"activity":4.0E-4,"lastBolusTime":0,"time":"2023-12-25T20:21:07.960Z","iobWithZeroTemp":{"iob":-0.365,"basaliob":-0.365,"bolussnooze":0,"activity":-0.0014,"lastBolusTime":0,"time":"2023-12-25T20:21:07.960Z"}},{"iob":-0.012,"basaliob":-0.012,"bolussnooze":0,"activity":3.0E-4,"lastBolusTime":0,"time":"2023-12-25T20:26:07.960Z","iobWithZeroTemp":{"iob":-0.399,"basaliob":-0.399,"bolussnooze":0,"activity":-0.0018,"lastBolusTime":0,"time":"2023-12-25T20:26:07.960Z"}},{"iob":-0.013,"basaliob":-0.013,"bolussnooze":0,"activity":2.0E-4,"lastBolusTime":0,"time":"2023-12-25T20:31:07.960Z","iobWithZeroTemp":{"iob":-0.43,"basaliob":-0.43,"bolussnooze":0,"activity":-0.0022,"lastBolusTime":0,"time":"2023-12-25T20:31:07.960Z"}},{"iob":-0.014,"basaliob":-0.014,"bolussnooze":0,"activity":2.0E-4,"lastBolusTime":0,"time":"2023-12-25T20:36:07.960Z","iobWithZeroTemp":{"iob":-0.46,"basaliob":-0.46,"bolussnooze":0,"activity":-0.0025,"lastBolusTime":0,"time":"2023-12-25T20:36:07.960Z"}},{"iob":-0.015,"basaliob":-0.015,"bolussnooze":0,"activity":1.0E-4,"lastBolusTime":0,"time":"2023-12-25T20:41:07.960Z","iobWithZeroTemp":{"iob":-0.489,"basaliob":-0.489,"bolussnooze":0,"activity":-0.0028,"lastBolusTime":0,"time":"2023-12-25T20:41:07.960Z"}},{"iob":-0.015,"basaliob":-0.015,"bolussnooze":0,"activity":1.0E-4,"lastBolusTime":0,"time":"2023-12-25T20:46:07.960Z","iobWithZeroTemp":{"iob":-0.515,"basaliob":-0.515,"bolussnooze":0,"activity":-0.0031,"lastBolusTime":0,"time":"2023-12-25T20:46:07.960Z"}},{"iob":-0.016,"basaliob":-0.016,"bolussnooze":0,"activity":0,"lastBolusTime":0,"time":"2023-12-25T20:51:07.960Z","iobWithZeroTemp":{"iob":-0.541,"basaliob":-0.541,"bolussnooze":0,"activity":-0.0035,"lastBolusTime":0,"time":"2023-12-25T20:51:07.960Z"}},{"iob":-0.016,"basaliob":-0.016,"bolussnooze":0,"activity":0,"lastBolusTime":0,"time":"2023-12-25T20:56:07.960Z","iobWithZeroTemp":{"iob":-0.564,"basaliob":-0.564,"bolussnooze":0,"activity":-0.0037,"lastBolusTime":0,"time":"2023-12-25T20:56:07.960Z"}},{"iob":-0.016,"basaliob":-0.016,"bolussnooze":0,"activity":0,"lastBolusTime":0,"time":"2023-12-25T21:01:07.960Z","iobWithZeroTemp":{"iob":-0.587,"basaliob":-0.587,"bolussnooze":0,"activity":-0.004,"lastBolusTime":0,"time":"2023-12-25T21:01:07.960Z"}},{"iob":-0.016,"basaliob":-0.016,"bolussnooze":0,"activity":0,"lastBolusTime":0,"time":"2023-12-25T21:06:07.960Z","iobWithZeroTemp":{"iob":-0.608,"basaliob":-0.608,"bolussnooze":0,"activity":-0.0042,"lastBolusTime":0,"time":"2023-12-25T21:06:07.960Z"}},{"iob":-0.016,"basaliob":-0.016,"bolussnooze":0,"activity":0,"lastBolusTime":0,"time":"2023-12-25T21:11:07.960Z","iobWithZeroTemp":{"iob":-0.628,"basaliob":-0.628,"bolussnooze":0,"activity":-0.0045,"lastBolusTime":0,"time":"2023-12-25T21:11:07.960Z"}},{"iob":-0.015,"basaliob":-0.015,"bolussnooze":0,"activity":-1.0E-4,"lastBolusTime":0,"time":"2023-12-25T21:16:07.960Z","iobWithZeroTemp":{"iob":-0.646,"basaliob":-0.646,"bolussnooze":0,"activity":-0.0048,"lastBolusTime":0,"time":"2023-12-25T21:16:07.960Z"}},{"iob":-0.015,"basaliob":-0.015,"bolussnooze":0,"activity":-1.0E-4,"lastBolusTime":0,"time":"2023-12-25T21:21:07.960Z","iobWithZeroTemp":{"iob":-0.663,"basaliob":-0.663,"bolussnooze":0,"activity":-0.005,"lastBolusTime":0,"time":"2023-12-25T21:21:07.960Z"}},{"iob":-0.015,"basaliob":-0.015,"bolussnooze":0,"activity":-1.0E-4,"lastBolusTime":0,"time":"2023-12-25T21:26:07.960Z","iobWithZeroTemp":{"iob":-0.68,"basaliob":-0.68,"bolussnooze":0,"activity":-0.0052,"lastBolusTime":0,"time":"2023-12-25T21:26:07.960Z"}},{"iob":-0.014,"basaliob":-0.014,"bolussnooze":0,"activity":-1.0E-4,"lastBolusTime":0,"time":"2023-12-25T21:31:07.960Z","iobWithZeroTemp":{"iob":-0.694,"basaliob":-0.694,"bolussnooze":0,"activity":-0.0054,"lastBolusTime":0,"time":"2023-12-25T21:31:07.960Z"}},{"iob":-0.014,"basaliob":-0.014,"bolussnooze":0,"activity":-1.0E-4,"lastBolusTime":0,"time":"2023-12-25T21:36:07.960Z","iobWithZeroTemp":{"iob":-0.709,"basaliob":-0.709,"bolussnooze":0,"activity":-0.0056,"lastBolusTime":0,"time":"2023-12-25T21:36:07.960Z"}},{"iob":-0.013,"basaliob":-0.013,"bolussnooze":0,"activity":-1.0E-4,"lastBolusTime":0,"time":"2023-12-25T21:41:07.960Z","iobWithZeroTemp":{"iob":-0.722,"basaliob":-0.722,"bolussnooze":0,"activity":-0.0058,"lastBolusTime":0,"time":"2023-12-25T21:41:07.960Z"}},{"iob":-0.013,"basaliob":-0.013,"bolussnooze":0,"activity":-1.0E-4,"lastBolusTime":0,"time":"2023-12-25T21:46:07.960Z","iobWithZeroTemp":{"iob":-0.734,"basaliob":-0.734,"bolussnooze":0,"activity":-0.006,"lastBolusTime":0,"time":"2023-12-25T21:46:07.960Z"}},{"iob":-0.012,"basaliob":-0.012,"bolussnooze":0,"activity":-1.0E-4,"lastBolusTime":0,"time":"2023-12-25T21:51:07.960Z","iobWithZeroTemp":{"iob":-0.745,"basaliob":-0.745,"bolussnooze":0,"activity":-0.0061,"lastBolusTime":0,"time":"2023-12-25T21:51:07.960Z"}},{"iob":-0.012,"basaliob":-0.012,"bolussnooze":0,"activity":-1.0E-4,"lastBolusTime":0,"time":"2023-12-25T21:56:07.960Z","iobWithZeroTemp":{"iob":-0.756,"basaliob":-0.756,"bolussnooze":0,"activity":-0.0063,"lastBolusTime":0,"time":"2023-12-25T21:56:07.960Z"}},{"iob":-0.011,"basaliob":-0.011,"bolussnooze":0,"activity":-1.0E-4,"lastBolusTime":0,"time":"2023-12-25T22:01:07.960Z","iobWithZeroTemp":{"iob":-0.766,"basaliob":-0.766,"bolussnooze":0,"activity":-0.0064,"lastBolusTime":0,"time":"2023-12-25T22:01:07.960Z"}},{"iob":-0.011,"basaliob":-0.011,"bolussnooze":0,"activity":-1.0E-4,"lastBolusTime":0,"time":"2023-12-25T22:06:07.960Z","iobWithZeroTemp":{"iob":-0.776,"basaliob":-0.776,"bolussnooze":0,"activity":-0.0066,"lastBolusTime":0,"time":"2023-12-25T22:06:07.960Z"}},{"iob":-0.01,"basaliob":-0.01,"bolussnooze":0,"activity":-1.0E-4,"lastBolusTime":0,"time":"2023-12-25T22:11:07.960Z","iobWithZeroTemp":{"iob":-0.784,"basaliob":-0.784,"bolussnooze":0,"activity":-0.0067,"lastBolusTime":0,"time":"2023-12-25T22:11:07.960Z"}},{"iob":-0.009,"basaliob":-0.009,"bolussnooze":0,"activity":-1.0E-4,"lastBolusTime":0,"time":"2023-12-25T22:16:07.960Z","iobWithZeroTemp":{"iob":-0.791,"basaliob":-0.791,"bolussnooze":0,"activity":-0.0068,"lastBolusTime":0,"time":"2023-12-25T22:16:07.960Z"}},{"iob":-0.009,"basaliob":-0.009,"bolussnooze":0,"activity":-1.0E-4,"lastBolusTime":0,"time":"2023-12-25T22:21:07.960Z","iobWithZeroTemp":{"iob":-0.799,"basaliob":-0.799,"bolussnooze":0,"activity":-0.0069,"lastBolusTime":0,"time":"2023-12-25T22:21:07.960Z"}},{"iob":-0.009,"basaliob":-0.009,"bolussnooze":0,"activity":-1.0E-4,"lastBolusTime":0,"time":"2023-12-25T22:26:07.960Z","iobWithZeroTemp":{"iob":-0.806,"basaliob":-0.806,"bolussnooze":0,"activity":-0.007,"lastBolusTime":0,"time":"2023-12-25T22:26:07.960Z"}},{"iob":-0.008,"basaliob":-0.008,"bolussnooze":0,"activity":-1.0E-4,"lastBolusTime":0,"time":"2023-12-25T22:31:07.960Z","iobWithZeroTemp":{"iob":-0.812,"basaliob":-0.812,"bolussnooze":0,"activity":-0.0071,"lastBolusTime":0,"time":"2023-12-25T22:31:07.960Z"}},{"iob":-0.008,"basaliob":-0.008,"bolussnooze":0,"activity":-1.0E-4,"lastBolusTime":0,"time":"2023-12-25T22:36:07.960Z","iobWithZeroTemp":{"iob":-0.818,"basaliob":-0.818,"bolussnooze":0,"activity":-0.0072,"lastBolusTime":0,"time":"2023-12-25T22:36:07.960Z"}},{"iob":-0.007,"basaliob":-0.007,"bolussnooze":0,"activity":-1.0E-4,"lastBolusTime":0,"time":"2023-12-25T22:41:07.960Z","iobWithZeroTemp":{"iob":-0.823,"basaliob":-0.823,"bolussnooze":0,"activity":-0.0073,"lastBolusTime":0,"time":"2023-12-25T22:41:07.960Z"}},{"iob":-0.007,"basaliob":-0.007,"bolussnooze":0,"activity":-1.0E-4,"lastBolusTime":0,"time":"2023-12-25T22:46:07.960Z","iobWithZeroTemp":{"iob":-0.828,"basaliob":-0.828,"bolussnooze":0,"activity":-0.0074,"lastBolusTime":0,"time":"2023-12-25T22:46:07.960Z"}},{"iob":-0.006,"basaliob":-0.006,"bolussnooze":0,"activity":-1.0E-4,"lastBolusTime":0,"time":"2023-12-25T22:51:07.960Z","iobWithZeroTemp":{"iob":-0.832,"basaliob":-0.832,"bolussnooze":0,"activity":-0.0075,"lastBolusTime":0,"time":"2023-12-25T22:51:07.960Z"}},{"iob":-0.006,"basaliob":-0.006,"bolussnooze":0,"activity":-1.0E-4,"lastBolusTime":0,"time":"2023-12-25T22:56:07.960Z","iobWithZeroTemp":{"iob":-0.837,"basaliob":-0.837,"bolussnooze":0,"activity":-0.0076,"lastBolusTime":0,"time":"2023-12-25T22:56:07.960Z"}},{"iob":-0.006,"basaliob":-0.006,"bolussnooze":0,"activity":-1.0E-4,"lastBolusTime":0,"time":"2023-12-25T23:01:07.960Z","iobWithZeroTemp":{"iob":-0.841,"basaliob":-0.841,"bolussnooze":0,"activity":-0.0076,"lastBolusTime":0,"time":"2023-12-25T23:01:07.960Z"}},{"iob":-0.005,"basaliob":-0.005,"bolussnooze":0,"activity":-1.0E-4,"lastBolusTime":0,"time":"2023-12-25T23:06:07.960Z","iobWithZeroTemp":{"iob":-0.823,"basaliob":-0.823,"bolussnooze":0,"activity":-0.0077,"lastBolusTime":0,"time":"2023-12-25T23:06:07.960Z"}},{"iob":-0.005,"basaliob":-0.005,"bolussnooze":0,"activity":-1.0E-4,"lastBolusTime":0,"time":"2023-12-25T23:11:07.960Z","iobWithZeroTemp":{"iob":-0.806,"basaliob":-0.806,"bolussnooze":0,"activity":-0.0077,"lastBolusTime":0,"time":"2023-12-25T23:11:07.960Z"}},{"iob":-0.005,"basaliob":-0.005,"bolussnooze":0,"activity":-1.0E-4,"lastBolusTime":0,"time":"2023-12-25T23:16:07.960Z","iobWithZeroTemp":{"iob":-0.789,"basaliob":-0.789,"bolussnooze":0,"activity":-0.0077,"lastBolusTime":0,"time":"2023-12-25T23:16:07.960Z"}},{"iob":-0.004,"basaliob":-0.004,"bolussnooze":0,"activity":-1.0E-4,"lastBolusTime":0,"time":"2023-12-25T23:21:07.960Z","iobWithZeroTemp":{"iob":-0.771,"basaliob":-0.771,"bolussnooze":0,"activity":-0.0076,"lastBolusTime":0,"time":"2023-12-25T23:21:07.960Z"}}],"profile":{"max_iob":4,"type":"current","max_daily_basal":0.5,"max_basal":1.5,"min_bg":90,"max_bg":90,"target_bg":90,"carb_ratio":20,"sens":117,"max_daily_safety_multiplier":3,"current_basal_safety_multiplier":4,"high_temptarget_raises_sensitivity":false,"low_temptarget_lowers_sensitivity":false,"sensitivity_raises_target":true,"resistance_lowers_target":true,"adv_target_adjustments":false,"exercise_mode":false,"half_basal_exercise_target":160,"maxCOB":120,"skip_neutral_temps":false,"remainingCarbsCap":90,"enableUAM":true,"A52_risk_enable":false,"SMBInterval":3,"enableSMB_with_COB":true,"enableSMB_with_temptarget":true,"allowSMB_with_high_temptarget":false,"enableSMB_always":false,"enableSMB_after_carbs":false,"maxSMBBasalMinutes":75,"maxUAMSMBBasalMinutes":75,"bolus_increment":0.05,"carbsReqThreshold":10,"current_basal":0.4,"temptargetSet":false,"autosens_max":1.2,"out_units":"mmol\/L"},"autosens_data":{"ratio":1},"meal_data":{"carbs":0,"mealCOB":0,"slopeFromMaxDeviation":-1.99425,"slopeFromMinDeviation":0.8904285714285713,"lastBolusTime":1703430368291,"lastCarbTime":0},"microBolusAllowed":true,"currentTime":1703532369499,"flatBGsDetected":false},"output":{"temp":"absolute","bg":52,"tick":-3,"eventualBG":20,"targetBG":90,"insulinReq":0,"deliverAt":"2023-12-25T19:26:09.499Z","sensitivityRatio":1,"predBGs":{"IOB":[52,47,43,39,39,39,39,39,39,39,39,39,39],"ZT":[52,51,49,48,48,47,47,47,47,47,47,48,49,50,51,52,54,56,58,60,62,65,68,70,73,76,79,83,86,90]},"COB":0,"IOB":0.053,"reason":"COB: 0, Dev: -1.4, BGI: -0.1, ISF: 6.5, CR: 20, Target: 5.0, minPredBG 2.4, minGuardBG 1.2, IOBpredBG 2.2; minGuardBG 1.2<3.6 110m left and 0 ~ req 0U\/hr: no temp required","timestamp":"2023-12-25T19:26:09.538Z"}}