{"algorithm":"OpenAPSSMBPlugin","input":{"glucoseStatus":{"glucose":85,"noise":0,"delta":-4,"short_avgdelta":-3.07,"long_avgdelta":1.05,"date":1703443514780},"currenttemp":{"temp":"absolute","duration":20,"rate":0.5,"minutesrunning":10},"iob_data":[{"iob":0.136,"basaliob":0.032,"bolussnooze":0,"activity":0.0019,"lastBolusTime":1703430368291,"time":"2023-12-24T18:46:06.300Z","iobWithZeroTemp":{"iob":0.136,"basaliob":0.032,"bolussnooze":0,"activity":0.0019,"lastBolusTime":1703430368291,"time":"2023-12-24T18:46:06.300Z"}},{"iob":0.126,"basaliob":0.031,"bolussnooze":0,"activity":0.0017,"lastBolusTime":1703430368291,"time":"2023-12-24T18:51:06.300Z","iobWithZeroTemp":{"iob":0.099,"basaliob":0.004,"bolussnooze":0,"activity":0.0017,"lastBolusTime":1703430368291,"time":"2023-12-24T18:51:06.300Z"}},{"iob":0.117,"basaliob":0.03,"bolussnooze":0,"activity":0.0017,"lastBolusTime":1703430368291,"time":"2023-12-24T18:56:06.300Z","iobWithZeroTemp":{"iob":0.057,"basaliob":-0.03,"bolussnooze":0,"activity":0.0016,"lastBolusTime":1703430368291,"time":"2023-12-24T18:56:06.300Z"}},{"iob":0.11,"basaliob":0.03,"bolussnooze":0,"activity":0.0016,"lastBolusTime":1703430368291,"time":"2023-12-24T19:01:06.300Z","iobWithZeroTemp":{"iob":0.018,"basaliob":-0.062,"bolussnooze":0,"activity":0.0014,"lastBolusTime":1703430368291,"time":"2023-12-24T19:01:06.300Z"}},{"iob":0.102,"basaliob":0.029,"bolussnooze":0,"activity":0.0015,"lastBolusTime":1703430368291,"time":"2023-12-24T19:06:06.300Z","iobWithZeroTemp":{"iob":-0.023,"basaliob":-0.096,"bolussnooze":0,"activity":0.0012,"lastBolusTime":1703430368291,"time":"2023-12-24T19:06:06.300Z"}},{"iob":0.095,"basaliob":0.028,"bolussnooze":0,"activity":0.0014,"lastBolusTime":1703430368291,"time":"2023-12-24T19:11:06.300Z","iobWithZeroTemp":{"iob":-0.061,"basaliob":-0.128,"bolussnooze":0,"activity":9.0E-4,"lastBolusTime":1703430368291,"time":"2023-12-24T19:11:06.300Z"}},{"iob":0.088,"basaliob":0.027,"bolussnooze":0,"activity":0.0013,"lastBolusTime":1703430368291,"time":"2023-12-24T19:16:06.300Z","iobWithZeroTemp":{"iob":-0.098,"basaliob":-0.159,"bolussnooze":0,"activity":6.0E-4,"lastBolusTime":1703430368291,"time":"2023-12-24T19:16:06.300Z"}},{"iob":0.082,"basaliob":0.026,"bolussnooze":0,"activity":0.0012,"lastBolusTime":1703430368291,"time":"2023-12-24T19:21:06.300Z","iobWithZeroTemp":{"iob":-0.134,"basaliob":-0.19,"bolussnooze":0,"activity":3.0E-4,"lastBolusTime":1703430368291,"time":"2023-12-24T19:21:06.300Z"}},{"iob":0.075,"basaliob":0.024,"bolussnooze":0,"activity":0.0011,"lastBolusTime":1703430368291,"time":"2023-12-24T19:26:06.300Z","iobWithZeroTemp":{"iob":-0.169,"basaliob":-0.22,"bolussnooze":0,"activity":0,"lastBolusTime":1703430368291,"time":"2023-12-24T19:26:06.300Z"}},{"iob":0.07,"basaliob":0.023,"bolussnooze":0,"activity":0.0011,"lastBolusTime":1703430368291,"time":"2023-12-24T19:31:06.300Z","iobWithZeroTemp":{"iob":-0.202,"basaliob":-0.249,"bolussnooze":0,"activity":-2.0E-4,"lastBolusTime":1703430368291,"time":"2023-12-24T19:31:06.300Z"}},{"iob":0.064,"basaliob":0.022,"bolussnooze":0,"activity":0.001,"lastBolusTime":1703430368291,"time":"2023-12-24T19:36:06.300Z","iobWithZeroTemp":{"iob":-0.234,"basaliob":-0.276,"bolussnooze":0,"activity":-5.0E-4,"lastBolusTime":1703430368291,"time":"2023-12-24T19:36:06.300Z"}},{"iob":0.06,"basaliob":0.021,"bolussnooze":0,"activity":9.0E-4,"lastBolusTime":1703430368291,"time":"2023-12-24T19:41:06.300Z","iobWithZeroTemp":{"iob":-0.263,"basaliob":-0.302,"bolussnooze":0,"activity":-9.0E-4,"lastBolusTime":1703430368291,"time":"2023-12-24T19:41:06.300Z"}},{"iob":0.055,"basaliob":0.02,"bolussnooze":0,"activity":9.0E-4,"lastBolusTime":1703430368291,"time":"2023-12-24T19:46:06.300Z","iobWithZeroTemp":{"iob":-0.292,"basaliob":-0.327,"bolussnooze":0,"activity":-0.0011,"lastBolusTime":1703430368291,"time":"2023-12-24T19:46:06.300Z"}},{"iob":0.051,"basaliob":0.019,"bolussnooze":0,"activity":8.0E-4,"lastBolusTime":1703430368291,"time":"2023-12-24T19:51:06.300Z","iobWithZeroTemp":{"iob":-0.319,"basaliob":-0.351,"bolussnooze":0,"activity":-0.0014,"lastBolusTime":1703430368291,"time":"2023-12-24T19:51:06.300Z"}},{"iob":0.047,"basaliob":0.018,"bolussnooze":0,"activity":8.0E-4,"lastBolusTime":1703430368291,"time":"2023-12-24T19:56:06.300Z","iobWithZeroTemp":{"iob":-0.344,"basaliob":-0.373,"bolussnooze":0,"activity":-0.0016,"lastBolusTime":1703430368291,"time":"2023-12-24T19:56:06.300Z"}},{"iob":0.043,"basaliob":0.017,"bolussnooze":0,"activity":7.0E-4,"lastBolusTime":1703430368291,"time":"2023-12-24T20:01:06.300Z","iobWithZeroTemp":{"iob":-0.369,"basaliob":-0.395,"bolussnooze":0,"activity":-0.002,"lastBolusTime":1703430368291,"time":"2023-12-24T20:01:06.300Z"}},{"iob":0.04,"basaliob":0.016,"bolussnooze":0,"activity":7.0E-4,"lastBolusTime":1703430368291,"time":"2023-12-24T20:06:06.300Z","iobWithZeroTemp":{"iob":-0.4,"basaliob":-0.424,"bolussnooze":0,"activity":-0.0022,"lastBolusTime":1703430368291,"time":"2023-12-24T20:06:06.300Z"}},{"iob":0.037,"basaliob":0.015,"bolussnooze":0,"activity":6.0E-4,"lastBolusTime":1703430368291,"time":"2023-12-24T20:11:06.300Z","iobWithZeroTemp":{"iob":-0.429,"basaliob":-0.451,"bolussnooze":0,"activity":-0.0025,"lastBolusTime":1703430368291,"time":"2023-12-24T20:11:06.300Z"}},{"iob":0.034,"basaliob":0.014,"bolussnooze":0,"activity":6.0E-4,"lastBolusTime":1703430368291,"time":"2023-12-24T20:16:06.300Z","iobWithZeroTemp":{"iob":-0.458,"basaliob":-0.478,"bolussnooze":0,"activity":-0.0027,"lastBolusTime":1703430368291,"time":"2023-12-24T20:16:06.300Z"}},{"iob":0.031,"basaliob":0.013,"bolussnooze":0,"activity":6.0E-4,"lastBolusTime":1703430368291,"time":"2023-12-24T20:21:06.300Z","iobWithZeroTemp":{"iob":-0.485,"basaliob":-0.503,"bolussnooze":0,"activity":-0.003,"lastBolusTime":1703430368291,"time":"2023-12-24T20:21:06.300Z"}},{"iob":0.028,"basaliob":0.012,"bolussnooze":0,"activity":5.0E-4,"lastBolusTime":1703430368291,"time":"2023-12-24T20:26:06.300Z","iobWithZeroTemp":{"iob":-0.511,"basaliob":-0.527,"bolussnooze":0,"activity":-0.0033,"lastBolusTime":1703430368291,"time":"2023-12-24T20:26:06.300Z"}},{"iob":0.026,"basaliob":0.012,"bolussnooze":0,"activity":5.0E-4,"lastBolusTime":1703430368291,"time":"2023-12-24T20:31:06.300Z","iobWithZeroTemp":{"iob":-0.535,"basaliob":-0.549,"bolussnooze":0,"activity":-0.0035,"lastBolusTime":1703430368291,"time":"2023-12-24T20:31:06.300Z"}},{"iob":0.024,"basaliob":0.011,"bolussnooze":0,"activity":4.0E-4,"lastBolusTime":1703430368291,"time":"2023-12-24T20:36:06.300Z","iobWithZeroTemp":{"iob":-0.558,"basaliob":-0.571,"bolussnooze":0,"activity":-0.0039,"lastBolusTime":1703430368291,"time":"2023-12-24T20:36:06.300Z"}},{"iob":0.022,"basaliob":0.01,"bolussnooze":0,"activity":3.0E-4,"lastBolusTime":1703430368291,"time":"2023-12-24T20:41:06.300Z","iobWithZeroTemp":{"iob":-0.58,"basaliob":-0.592,"bolussnooze":0,"activity":-0.0042,"lastBolusTime":1703430368291,"time":"2023-12-24T20:41:06.300Z"}},{"iob":0.02,"basaliob":0.01,"bolussnooze":0,"activity":3.0E-4,"lastBolusTime":1703430368291,"time":"2023-12-24T20:46:06.300Z","iobWithZeroTemp":{"iob":-0.601,"basaliob":-0.611,"bolussnooze":0,"activity":-0.0044,"lastBolusTime":1703430368291,"time":"2023-12-24T20:46:06.300Z"}},{"iob":0.018,"basaliob":0.009,"bolussnooze":0,"activity":3.0E-4,"lastBolusTime":1703430368291,"time":"2023-12-24T20:51:06.300Z","iobWithZeroTemp":{"iob":-0.621,"basaliob":-0.63,"bolussnooze":0,"activity":-0.0046,"lastBolusTime":1703430368291,"time":"2023-12-24T20:51:06.300Z"}},{"iob":0.016,"basaliob":0.008,"bolussnooze":0,"activity":3.0E-4,"lastBolusTime":1703430368291,"time":"2023-12-24T20:56:06.300Z","iobWithZeroTemp":{"iob":-0.639,"basaliob":-0.647,"bolussnooze":0,"activity":-0.0048,"lastBolusTime":1703430368291,"time":"2023-12-24T20:56:06.300Z"}},{"iob":0.016,"basaliob":0.008,"bolussnooze":0,"activity":3.0E-4,"lastBolusTime":1703430368291,"time":"2023-12-24T21:01:06.300Z","iobWithZeroTemp":{"iob":-0.655,"basaliob":-0.663,"bolussnooze":0,"activity":-0.005,"lastBolusTime":1703430368291,"time":"2023-12-24T21:01:06.300Z"}},{"iob":0.014,"basaliob":0.007,"bolussnooze":0,"activity":3.0E-4,"lastBolusTime":1703430368291,"time":"2023-12-24T21:06:06.300Z","iobWithZeroTemp":{"iob":-0.672,"basaliob":-0.679,"bolussnooze":0,"activity":-0.0052,"lastBolusTime":1703430368291,"time":"2023-12-24T21:06:06.300Z"}},{"iob":0.013,"basaliob":0.007,"bolussnooze":0,"activity":2.0E-4,"lastBolusTime":1703430368291,"time":"2023-12-24T21:11:06.300Z","iobWithZeroTemp":{"iob":-0.687,"basaliob":-0.693,"bolussnooze":0,"activity":-0.0054,"lastBolusTime":1703430368291,"time":"2023-12-24T21:11:06.300Z"}},{"iob":0.011,"basaliob":0.006,"bolussnooze":0,"activity":2.0E-4,"lastBolusTime":1703430368291,"time":"2023-12-24T21:16:06.300Z","iobWithZeroTemp":{"iob":-0.702,"basaliob":-0.707,"bolussnooze":0,"activity":-0.0056,"lastBolusTime":1703430368291,"time":"2023-12-24T21:16:06.300Z"}},{"iob":0.011,"basaliob":0.006,"bolussnooze":0,"activity":2.0E-4,"lastBolusTime":1703430368291,"time":"2023-12-24T21:21:06.300Z","iobWithZeroTemp":{"iob":-0.714,"basaliob":-0.719,"bolussnooze":0,"activity":-0.0058,"lastBolusTime":1703430368291,"time":"2023-12-24T21:21:06.300Z"}},{"iob":0.009,"basaliob":0.005,"bolussnooze":0,"activity":2.0E-4,"lastBolusTime":1703430368291,"time":"2023-12-24T21:26:06.300Z","iobWithZeroTemp":{"iob":-0.727,"basaliob":-0.731,"bolussnooze":0,"activity":-0.0059,"lastBolusTime":1703430368291,"time":"2023-12-24T21:26:06.300Z"}},{"iob":0.009,"basaliob":0.005,"bolussnooze":0,"activity":2.0E-4,"lastBolusTime":1703430368291,"time":"2023-12-24T21:31:06.300Z","iobWithZeroTemp":{"iob":-0.738,"basaliob":-0.742,"bolussnooze":0,"activity":-0.0061,"lastBolusTime":1703430368291,"time":"2023-12-24T21:31:06.300Z"}},{"iob":0.008,"basaliob":0.005,"bolussnooze":0,"activity":2.0E-4,"lastBolusTime":1703430368291,"time":"2023-12-24T21:36:06.300Z","iobWithZeroTemp":{"iob":-0.749,"basaliob":-0.752,"bolussnooze":0,"activity":-0.0062,"lastBolusTime":1703430368291,"time":"2023-12-24T21:36:06.300Z"}},{"iob":0.007,"basaliob":0.004,"bolussnooze":0,"activity":2.0E-4,"lastBolusTime":1703430368291,"time":"2023-12-24T21:41:06.300Z","iobWithZeroTemp":{"iob":-0.76,"basaliob":-0.763,"bolussnooze":0,"activity":-0.0063,"lastBolusTime":1703430368291,"time":"2023-12-24T21:41:06.300Z"}},{"iob":0.007,"basaliob":0.004,"bolussnooze":0,"activity":2.0E-4,"lastBolusTime":1703430368291,"time":"2023-12-24T21:46:06.300Z","iobWithZeroTemp":{"iob":-0.768,"basaliob":-0.771,"bolussnooze":0,"activity":-0.0065,"lastBolusTime":1703430368291,"time":"2023-12-24T21:46:06.300Z"}},{"iob":0.006,"basaliob":0.004,"bolussnooze":0,"activity":2.0E-4,"lastBolusTime":1703430368291,"time":"2023-12-24T21:51:06.300Z","iobWithZeroTemp":{"iob":-0.777,"basaliob":-0.779,"bolussnooze":0,"activity":-0.0066,"lastBolusTime":1703430368291,"time":"2023-12-24T21:51:06.300Z"}},{"iob":0.005,"basaliob":0.003,"bolussnooze":0,"activity":2.0E-4,"lastBolusTime":1703430368291,"time":"2023-12-24T21:56:06.300Z","iobWithZeroTemp":{"iob":-0.786,"basaliob":-0.788,"bolussnooze":0,"activity":-0.0067,"lastBolusTime":1703430368291,"time":"2023-12-24T21:56:06.300Z"}},{"iob":0.005,"basaliob":0.003,"bolussnooze":0,"activity":0,"lastBolusTime":1703430368291,"time":"2023-12-24T22:01:06.300Z","iobWithZeroTemp":{"iob":-0.793,"basaliob":-0.795,"bolussnooze":0,"activity":-0.007,"lastBolusTime":1703430368291,"time":"2023-12-24T22:01:06.300Z"}},{"iob":0.004,"basaliob":0.003,"bolussnooze":0,"activity":0,"lastBolusTime":1703430368291,"time":"2023-12-24T22:06:06.300Z","iobWithZeroTemp":{"iob":-0.801,"basaliob":-0.802,"bolussnooze":0,"activity":-0.0071,"lastBolusTime":1703430368291,"time":"2023-12-24T22:06:06.300Z"}},{"iob":0.004,"basaliob":0.003,"bolussnooze":0,"activity":0,"lastBolusTime":1703430368291,"time":"2023-12-24T22:11:06.300Z","iobWithZeroTemp":{"iob":-0.807,"basaliob":-0.808,"bolussnooze":0,"activity":-0.0072,"lastBolusTime":1703430368291,"time":"2023-12-24T22:11:06.300Z"}},{"iob":0.003,"basaliob":0.002,"bolussnooze":0,"activity":0,"lastBolusTime":1703430368291,"time":"2023-12-24T22:16:06.300Z","iobWithZeroTemp":{"iob":-0.813,"basaliob":-0.814,"bolussnooze":0,"activity":-0.0072,"lastBolusTime":1703430368291,"time":"2023-12-24T22:16:06.300Z"}},{"iob":0.003,"basaliob":0.002,"bolussnooze":0,"activity":0,"lastBolusTime":1703430368291,"time":"2023-12-24T22:21:06.300Z","iobWithZeroTemp":{"iob":-0.819,"basaliob":-0.82,"bolussnooze":0,"activity":-0.0073,"lastBolusTime":1703430368291,"time":"2023-12-24T22:21:06.300Z"}},{"iob":0.003,"basaliob":0.002,"bolussnooze":0,"activity":0,"lastBolusTime":1703430368291,"time":"2023-12-24T22:26:06.300Z","iobWithZeroTemp":{"iob":-0.823,"basaliob":-0.824,"bolussnooze":0,"activity":-0.0074,"lastBolusTime":1703430368291,"time":"2023-12-24T22:26:06.300Z"}},{"iob":0.003,"basaliob":0.002,"bolussnooze":0,"activity":0,"lastBolusTime":1703430368291,"time":"2023-12-24T22:31:06.300Z","iobWithZeroTemp":{"iob":-0.828,"basaliob":-0.829,"bolussnooze":0,"activity":-0.0075,"lastBolusTime":1703430368291,"time":"2023-12-24T22:31:06.300Z"}},{"iob":0.003,"basaliob":0.002,"bolussnooze":0,"activity":0,"lastBolusTime":1703430368291,"time":"2023-12-24T22:36:06.300Z","iobWithZeroTemp":{"iob":-0.832,"basaliob":-0.833,"bolussnooze":0,"activity":-0.0075,"lastBolusTime":1703430368291,"time":"2023-12-24T22:36:06.300Z"}},{"iob":0.002,"basaliob":0.002,"bolussnooze":0,"activity":0,"lastBolusTime":1703430368291,"time":"2023-12-24T22:41:06.300Z","iobWithZeroTemp":{"iob":-0.837,"basaliob":-0.837,"bolussnooze":0,"activity":-0.0076,"lastBolusTime":1703430368291,"time":"2023-12-24T22:41:06.300Z"}}],"profile":{"max_iob":4,"type":"current","max_daily_basal":0.5,"max_basal":1.5,"min_bg":90,"max_bg":90,"target_bg":90,"carb_ratio":20,"sens":117,"max_daily_safety_multiplier":3,"current_basal_safety_multiplier":4,"high_temptarget_raises_sensitivity":false,"low_temptarget_lowers_sensitivity":false,"sensitivity_raises_target":true,"resistance_lowers_target":true,"adv_target_adjustments":false,"exercise_mode":false,"half_basal_exercise_target":160,"maxCOB":120,"skip_neutral_temps":false,"remainingCarbsCap":90,"enableUAM":true,"A52_risk_enable":false,"SMBInterval":3,"enableSMB_with_COB":true,"enableSMB_with_temptarget":true,"allowSMB_with_high_temptarget":false,"enableSMB_always":false,"enableSMB_after_carbs":false,"maxSMBBasalMinutes":75,"maxUAMSMBBasalMinutes":75,"bolus_increment":0.05,"carbsReqThreshold":10,"current_basal":0.4,"temptargetSet":false,"autosens_max":1.2,"out_units":"mmol\/L"},"autosens_data":{"ratio":1},"meal_data":{"carbs":0,"mealCOB":0,"slopeFromMaxDeviation":-2.18425,"slopeFromMinDeviation":0.5531,"lastBolusTime":1703430368291,"lastCarbTime":0},"microBolusAllowed":true,"currentTime":1703443567560,"flatBGsDetected":false},"output":{"temp":"absolute","bg":85,"tick":-4,"eventualBG":82,"targetBG":90,"insulinReq":0,"deliverAt":"2023-12-24T18:46:07.560Z","sensitivityRatio":1,"predBGs":{"IOB":[85,81,78,75,72,69,67,65,63,62,61,60,59,59,58,58,58,57,57,56,56,56,56,55,55,55,55,55,54,54,54,54,54,54,54,54,53],"ZT":[85,84,83,82,81,80,80,80,79,79,80,80,80,81,82,83,84,85,87,88,90]},"COB":0,"IOB":0.136,"reason":"COB: 0, Dev: 0.7, BGI: -0.1, ISF: 6.5, CR: 20, Target: 5.0, minPredBG 3.3, minGuardBG 2.9, IOBpredBG 2.9; minGuardBG 2.9<3.6","duration":60,"rate":0,"timestamp":"2023-12-24T18:46:07.580Z"}}