{"algorithm":"OpenAPSSMBPlugin","input":{"glucoseStatus":{"glucose":123,"noise":0,"delta":-12.33,"short_avgdelta":-13.41,"long_avgdelta":-10.52,"date":1703457914863},"currenttemp":{"temp":"absolute","duration":115,"rate":0,"minutesrunning":5},"iob_data":[{"iob":0.529,"basaliob":0.529,"bolussnooze":0,"activity":0.0057,"lastBolusTime":1703430368291,"time":"2023-12-24T22:46:06.513Z","iobWithZeroTemp":{"iob":0.529,"basaliob":0.529,"bolussnooze":0,"activity":0.0057,"lastBolusTime":1703430368291,"time":"2023-12-24T22:46:06.513Z"}},{"iob":0.5,"basaliob":0.5,"bolussnooze":0,"activity":0.0056,"lastBolusTime":1703430368291,"time":"2023-12-24T22:51:06.513Z","iobWithZeroTemp":{"iob":0.462,"basaliob":0.462,"bolussnooze":0,"activity":0.0056,"lastBolusTime":1703430368291,"time":"2023-12-24T22:51:06.513Z"}},{"iob":0.473,"basaliob":0.473,"bolussnooze":0,"activity":0.0054,"lastBolusTime":1703430368291,"time":"2023-12-24T22:56:06.513Z","iobWithZeroTemp":{"iob":0.388,"basaliob":0.388,"bolussnooze":0,"activity":0.0053,"lastBolusTime":1703430368291,"time":"2023-12-24T22:56:06.513Z"}},{"iob":0.446,"basaliob":0.446,"bolussnooze":0,"activity":0.0052,"lastBolusTime":1703430368291,"time":"2023-12-24T23:01:06.513Z","iobWithZeroTemp":{"iob":0.314,"basaliob":0.314,"bolussnooze":0,"activity":0.0049,"lastBolusTime":1703430368291,"time":"2023-12-24T23:01:06.513Z"}},{"iob":0.42,"basaliob":0.42,"bolussnooze":0,"activity":0.0051,"lastBolusTime":1703430368291,"time":"2023-12-24T23:06:06.513Z","iobWithZeroTemp":{"iob":0.265,"basaliob":0.265,"bolussnooze":0,"activity":0.0047,"lastBolusTime":1703430368291,"time":"2023-12-24T23:06:06.513Z"}},{"iob":0.396,"basaliob":0.396,"bolussnooze":0,"activity":0.0049,"lastBolusTime":1703430368291,"time":"2023-12-24T23:11:06.513Z","iobWithZeroTemp":{"iob":0.219,"basaliob":0.219,"bolussnooze":0,"activity":0.0043,"lastBolusTime":1703430368291,"time":"2023-12-24T23:11:06.513Z"}},{"iob":0.372,"basaliob":0.372,"bolussnooze":0,"activity":0.0047,"lastBolusTime":1703430368291,"time":"2023-12-24T23:16:06.513Z","iobWithZeroTemp":{"iob":0.175,"basaliob":0.175,"bolussnooze":0,"activity":0.0039,"lastBolusTime":1703430368291,"time":"2023-12-24T23:16:06.513Z"}},{"iob":0.349,"basaliob":0.349,"bolussnooze":0,"activity":0.0045,"lastBolusTime":1703430368291,"time":"2023-12-24T23:21:06.513Z","iobWithZeroTemp":{"iob":0.132,"basaliob":0.132,"bolussnooze":0,"activity":0.0035,"lastBolusTime":1703430368291,"time":"2023-12-24T23:21:06.513Z"}},{"iob":0.327,"basaliob":0.327,"bolussnooze":0,"activity":0.0042,"lastBolusTime":1703430368291,"time":"2023-12-24T23:26:06.513Z","iobWithZeroTemp":{"iob":0.092,"basaliob":0.092,"bolussnooze":0,"activity":0.003,"lastBolusTime":1703430368291,"time":"2023-12-24T23:26:06.513Z"}},{"iob":0.307,"basaliob":0.307,"bolussnooze":0,"activity":0.004,"lastBolusTime":1703430368291,"time":"2023-12-24T23:31:06.513Z","iobWithZeroTemp":{"iob":0.054,"basaliob":0.054,"bolussnooze":0,"activity":0.0026,"lastBolusTime":1703430368291,"time":"2023-12-24T23:31:06.513Z"}},{"iob":0.287,"basaliob":0.287,"bolussnooze":0,"activity":0.0038,"lastBolusTime":1703430368291,"time":"2023-12-24T23:36:06.513Z","iobWithZeroTemp":{"iob":0.018,"basaliob":0.018,"bolussnooze":0,"activity":0.0022,"lastBolusTime":1703430368291,"time":"2023-12-24T23:36:06.513Z"}},{"iob":0.268,"basaliob":0.268,"bolussnooze":0,"activity":0.0036,"lastBolusTime":1703430368291,"time":"2023-12-24T23:41:06.513Z","iobWithZeroTemp":{"iob":-0.017,"basaliob":-0.017,"bolussnooze":0,"activity":0.0019,"lastBolusTime":1703430368291,"time":"2023-12-24T23:41:06.513Z"}},{"iob":0.25,"basaliob":0.25,"bolussnooze":0,"activity":0.0034,"lastBolusTime":1703430368291,"time":"2023-12-24T23:46:06.513Z","iobWithZeroTemp":{"iob":-0.05,"basaliob":-0.05,"bolussnooze":0,"activity":0.0015,"lastBolusTime":1703430368291,"time":"2023-12-24T23:46:06.513Z"}},{"iob":0.234,"basaliob":0.234,"bolussnooze":0,"activity":0.0033,"lastBolusTime":1703430368291,"time":"2023-12-24T23:51:06.513Z","iobWithZeroTemp":{"iob":-0.08,"basaliob":-0.08,"bolussnooze":0,"activity":0.0012,"lastBolusTime":1703430368291,"time":"2023-12-24T23:51:06.513Z"}},{"iob":0.218,"basaliob":0.218,"bolussnooze":0,"activity":0.0031,"lastBolusTime":1703430368291,"time":"2023-12-24T23:56:06.513Z","iobWithZeroTemp":{"iob":-0.109,"basaliob":-0.109,"bolussnooze":0,"activity":9.0E-4,"lastBolusTime":1703430368291,"time":"2023-12-24T23:56:06.513Z"}},{"iob":0.203,"basaliob":0.203,"bolussnooze":0,"activity":0.0029,"lastBolusTime":1703430368291,"time":"2023-12-25T00:01:06.513Z","iobWithZeroTemp":{"iob":-0.136,"basaliob":-0.136,"bolussnooze":0,"activity":5.0E-4,"lastBolusTime":1703430368291,"time":"2023-12-25T00:01:06.513Z"}},{"iob":0.189,"basaliob":0.189,"bolussnooze":0,"activity":0.0027,"lastBolusTime":1703430368291,"time":"2023-12-25T00:06:06.513Z","iobWithZeroTemp":{"iob":-0.162,"basaliob":-0.162,"bolussnooze":0,"activity":2.0E-4,"lastBolusTime":1703430368291,"time":"2023-12-25T00:06:06.513Z"}},{"iob":0.176,"basaliob":0.176,"bolussnooze":0,"activity":0.0026,"lastBolusTime":0,"time":"2023-12-25T00:11:06.513Z","iobWithZeroTemp":{"iob":-0.186,"basaliob":-0.186,"bolussnooze":0,"activity":-1.0E-4,"lastBolusTime":0,"time":"2023-12-25T00:11:06.513Z"}},{"iob":0.163,"basaliob":0.163,"bolussnooze":0,"activity":0.0024,"lastBolusTime":0,"time":"2023-12-25T00:16:06.513Z","iobWithZeroTemp":{"iob":-0.209,"basaliob":-0.209,"bolussnooze":0,"activity":-4.0E-4,"lastBolusTime":0,"time":"2023-12-25T00:16:06.513Z"}},{"iob":0.151,"basaliob":0.151,"bolussnooze":0,"activity":0.0023,"lastBolusTime":0,"time":"2023-12-25T00:21:06.513Z","iobWithZeroTemp":{"iob":-0.23,"basaliob":-0.23,"bolussnooze":0,"activity":-6.0E-4,"lastBolusTime":0,"time":"2023-12-25T00:21:06.513Z"}},{"iob":0.14,"basaliob":0.14,"bolussnooze":0,"activity":0.0021,"lastBolusTime":0,"time":"2023-12-25T00:26:06.513Z","iobWithZeroTemp":{"iob":-0.25,"basaliob":-0.25,"bolussnooze":0,"activity":-9.0E-4,"lastBolusTime":0,"time":"2023-12-25T00:26:06.513Z"}},{"iob":0.13,"basaliob":0.13,"bolussnooze":0,"activity":0.002,"lastBolusTime":0,"time":"2023-12-25T00:31:06.513Z","iobWithZeroTemp":{"iob":-0.269,"basaliob":-0.269,"bolussnooze":0,"activity":-0.0011,"lastBolusTime":0,"time":"2023-12-25T00:31:06.513Z"}},{"iob":0.121,"basaliob":0.121,"bolussnooze":0,"activity":0.0019,"lastBolusTime":0,"time":"2023-12-25T00:36:06.513Z","iobWithZeroTemp":{"iob":-0.285,"basaliob":-0.285,"bolussnooze":0,"activity":-0.0014,"lastBolusTime":0,"time":"2023-12-25T00:36:06.513Z"}},{"iob":0.112,"basaliob":0.112,"bolussnooze":0,"activity":0.0017,"lastBolusTime":0,"time":"2023-12-25T00:41:06.513Z","iobWithZeroTemp":{"iob":-0.302,"basaliob":-0.302,"bolussnooze":0,"activity":-0.0017,"lastBolusTime":0,"time":"2023-12-25T00:41:06.513Z"}},{"iob":0.103,"basaliob":0.103,"bolussnooze":0,"activity":0.0016,"lastBolusTime":0,"time":"2023-12-25T00:46:06.513Z","iobWithZeroTemp":{"iob":-0.318,"basaliob":-0.318,"bolussnooze":0,"activity":-0.0018,"lastBolusTime":0,"time":"2023-12-25T00:46:06.513Z"}},{"iob":0.095,"basaliob":0.095,"bolussnooze":0,"activity":0.0015,"lastBolusTime":0,"time":"2023-12-25T00:51:06.513Z","iobWithZeroTemp":{"iob":-0.332,"basaliob":-0.332,"bolussnooze":0,"activity":-0.002,"lastBolusTime":0,"time":"2023-12-25T00:51:06.513Z"}},{"iob":0.088,"basaliob":0.088,"bolussnooze":0,"activity":0.0014,"lastBolusTime":0,"time":"2023-12-25T00:56:06.513Z","iobWithZeroTemp":{"iob":-0.345,"basaliob":-0.345,"bolussnooze":0,"activity":-0.0022,"lastBolusTime":0,"time":"2023-12-25T00:56:06.513Z"}},{"iob":0.081,"basaliob":0.081,"bolussnooze":0,"activity":0.0013,"lastBolusTime":0,"time":"2023-12-25T01:01:06.513Z","iobWithZeroTemp":{"iob":-0.357,"basaliob":-0.357,"bolussnooze":0,"activity":-0.0024,"lastBolusTime":0,"time":"2023-12-25T01:01:06.513Z"}},{"iob":0.075,"basaliob":0.075,"bolussnooze":0,"activity":0.0012,"lastBolusTime":0,"time":"2023-12-25T01:06:06.513Z","iobWithZeroTemp":{"iob":-0.368,"basaliob":-0.368,"bolussnooze":0,"activity":-0.0026,"lastBolusTime":0,"time":"2023-12-25T01:06:06.513Z"}},{"iob":0.069,"basaliob":0.069,"bolussnooze":0,"activity":0.0011,"lastBolusTime":0,"time":"2023-12-25T01:11:06.513Z","iobWithZeroTemp":{"iob":-0.379,"basaliob":-0.379,"bolussnooze":0,"activity":-0.0027,"lastBolusTime":0,"time":"2023-12-25T01:11:06.513Z"}},{"iob":0.064,"basaliob":0.064,"bolussnooze":0,"activity":0.0011,"lastBolusTime":0,"time":"2023-12-25T01:16:06.513Z","iobWithZeroTemp":{"iob":-0.388,"basaliob":-0.388,"bolussnooze":0,"activity":-0.0028,"lastBolusTime":0,"time":"2023-12-25T01:16:06.513Z"}},{"iob":0.059,"basaliob":0.059,"bolussnooze":0,"activity":0.001,"lastBolusTime":0,"time":"2023-12-25T01:21:06.513Z","iobWithZeroTemp":{"iob":-0.397,"basaliob":-0.397,"bolussnooze":0,"activity":-0.003,"lastBolusTime":0,"time":"2023-12-25T01:21:06.513Z"}},{"iob":0.054,"basaliob":0.054,"bolussnooze":0,"activity":9.0E-4,"lastBolusTime":0,"time":"2023-12-25T01:26:06.513Z","iobWithZeroTemp":{"iob":-0.406,"basaliob":-0.406,"bolussnooze":0,"activity":-0.0031,"lastBolusTime":0,"time":"2023-12-25T01:26:06.513Z"}},{"iob":0.05,"basaliob":0.05,"bolussnooze":0,"activity":8.0E-4,"lastBolusTime":0,"time":"2023-12-25T01:31:06.513Z","iobWithZeroTemp":{"iob":-0.414,"basaliob":-0.414,"bolussnooze":0,"activity":-0.0033,"lastBolusTime":0,"time":"2023-12-25T01:31:06.513Z"}},{"iob":0.045,"basaliob":0.045,"bolussnooze":0,"activity":8.0E-4,"lastBolusTime":0,"time":"2023-12-25T01:36:06.513Z","iobWithZeroTemp":{"iob":-0.422,"basaliob":-0.422,"bolussnooze":0,"activity":-0.0033,"lastBolusTime":0,"time":"2023-12-25T01:36:06.513Z"}},{"iob":0.042,"basaliob":0.042,"bolussnooze":0,"activity":7.0E-4,"lastBolusTime":0,"time":"2023-12-25T01:41:06.513Z","iobWithZeroTemp":{"iob":-0.428,"basaliob":-0.428,"bolussnooze":0,"activity":-0.0035,"lastBolusTime":0,"time":"2023-12-25T01:41:06.513Z"}},{"iob":0.038,"basaliob":0.038,"bolussnooze":0,"activity":7.0E-4,"lastBolusTime":0,"time":"2023-12-25T01:46:06.513Z","iobWithZeroTemp":{"iob":-0.434,"basaliob":-0.434,"bolussnooze":0,"activity":-0.0035,"lastBolusTime":0,"time":"2023-12-25T01:46:06.513Z"}},{"iob":0.035,"basaliob":0.035,"bolussnooze":0,"activity":6.0E-4,"lastBolusTime":0,"time":"2023-12-25T01:51:06.513Z","iobWithZeroTemp":{"iob":-0.44,"basaliob":-0.44,"bolussnooze":0,"activity":-0.0037,"lastBolusTime":0,"time":"2023-12-25T01:51:06.513Z"}},{"iob":0.032,"basaliob":0.032,"bolussnooze":0,"activity":6.0E-4,"lastBolusTime":0,"time":"2023-12-25T01:56:06.513Z","iobWithZeroTemp":{"iob":-0.445,"basaliob":-0.445,"bolussnooze":0,"activity":-0.0037,"lastBolusTime":0,"time":"2023-12-25T01:56:06.513Z"}},{"iob":0.029,"basaliob":0.029,"bolussnooze":0,"activity":5.0E-4,"lastBolusTime":0,"time":"2023-12-25T02:01:06.513Z","iobWithZeroTemp":{"iob":-0.45,"basaliob":-0.45,"bolussnooze":0,"activity":-0.0038,"lastBolusTime":0,"time":"2023-12-25T02:01:06.513Z"}},{"iob":0.027,"basaliob":0.027,"bolussnooze":0,"activity":5.0E-4,"lastBolusTime":0,"time":"2023-12-25T02:06:06.513Z","iobWithZeroTemp":{"iob":-0.454,"basaliob":-0.454,"bolussnooze":0,"activity":-0.0039,"lastBolusTime":0,"time":"2023-12-25T02:06:06.513Z"}},{"iob":0.025,"basaliob":0.025,"bolussnooze":0,"activity":4.0E-4,"lastBolusTime":0,"time":"2023-12-25T02:11:06.513Z","iobWithZeroTemp":{"iob":-0.458,"basaliob":-0.458,"bolussnooze":0,"activity":-0.004,"lastBolusTime":0,"time":"2023-12-25T02:11:06.513Z"}},{"iob":0.022,"basaliob":0.022,"bolussnooze":0,"activity":4.0E-4,"lastBolusTime":0,"time":"2023-12-25T02:16:06.513Z","iobWithZeroTemp":{"iob":-0.463,"basaliob":-0.463,"bolussnooze":0,"activity":-0.004,"lastBolusTime":0,"time":"2023-12-25T02:16:06.513Z"}},{"iob":0.02,"basaliob":0.02,"bolussnooze":0,"activity":4.0E-4,"lastBolusTime":0,"time":"2023-12-25T02:21:06.513Z","iobWithZeroTemp":{"iob":-0.466,"basaliob":-0.466,"bolussnooze":0,"activity":-0.0041,"lastBolusTime":0,"time":"2023-12-25T02:21:06.513Z"}},{"iob":0.019,"basaliob":0.019,"bolussnooze":0,"activity":3.0E-4,"lastBolusTime":0,"time":"2023-12-25T02:26:06.513Z","iobWithZeroTemp":{"iob":-0.469,"basaliob":-0.469,"bolussnooze":0,"activity":-0.0042,"lastBolusTime":0,"time":"2023-12-25T02:26:06.513Z"}},{"iob":0.017,"basaliob":0.017,"bolussnooze":0,"activity":3.0E-4,"lastBolusTime":0,"time":"2023-12-25T02:31:06.513Z","iobWithZeroTemp":{"iob":-0.472,"basaliob":-0.472,"bolussnooze":0,"activity":-0.0042,"lastBolusTime":0,"time":"2023-12-25T02:31:06.513Z"}},{"iob":0.015,"basaliob":0.015,"bolussnooze":0,"activity":3.0E-4,"lastBolusTime":0,"time":"2023-12-25T02:36:06.513Z","iobWithZeroTemp":{"iob":-0.475,"basaliob":-0.475,"bolussnooze":0,"activity":-0.0042,"lastBolusTime":0,"time":"2023-12-25T02:36:06.513Z"}},{"iob":0.014,"basaliob":0.014,"bolussnooze":0,"activity":3.0E-4,"lastBolusTime":0,"time":"2023-12-25T02:41:06.513Z","iobWithZeroTemp":{"iob":-0.477,"basaliob":-0.477,"bolussnooze":0,"activity":-0.0042,"lastBolusTime":0,"time":"2023-12-25T02:41:06.513Z"}}],"profile":{"max_iob":4,"type":"current","max_daily_basal":0.5,"max_basal":1.5,"min_bg":90,"max_bg":90,"target_bg":90,"carb_ratio":20,"sens":117,"max_daily_safety_multiplier":3,"current_basal_safety_multiplier":4,"high_temptarget_raises_sensitivity":false,"low_temptarget_lowers_sensitivity":false,"sensitivity_raises_target":true,"resistance_lowers_target":true,"adv_target_adjustments":false,"exercise_mode":false,"half_basal_exercise_target":160,"maxCOB":120,"skip_neutral_temps":false,"remainingCarbsCap":90,"enableUAM":true,"A52_risk_enable":false,"SMBInterval":3,"enableSMB_with_COB":true,"enableSMB_with_temptarget":true,"allowSMB_with_high_temptarget":false,"enableSMB_always":false,"enableSMB_after_carbs":false,"maxSMBBasalMinutes":75,"maxUAMSMBBasalMinutes":75,"bolus_increment":0.05,"carbsReqThreshold":10,"current_basal":0.5,"temptargetSet":false,"autosens_max":1.2,"out_units":"mmol\/L"},"autosens_data":{"ratio":1.14},"meal_data":{"carbs":0,"mealCOB":0,"slopeFromMaxDeviation":-4.031166666666667,"slopeFromMinDeviation":0.8300000000000001,"lastBolusTime":1703430368291,"lastCarbTime":0},"microBolusAllowed":true,"currentTime":1703457967648,"flatBGsDetected":false},"output":{"temp":"absolute","bg":123,"tick":-12,"eventualBG":23,"targetBG":86,"insulinReq":0,"deliverAt":"2023-12-24T22:46:07.648Z","sensitivityRatio":1.14,"predBGs":{"IOB":[123,110,99,88,79,70,62,55,49,45,41,39,39],"ZT":[123,120,117,114,112,110,107,105,104,102,101,100,99,98,97,97,96,96,96,97,97,97,98,99,100,100]},"COB":0,"IOB":0.529,"reason":"COB: 0, Dev: -2.6, BGI: -0.2, ISF: 5.7, CR: 20, Target: 4.8, minPredBG 3.8, minGuardBG 0.6, IOBpredBG 2.2; minGuardBG 0.6<3.5 115m left and 0 ~ req 0U\/hr: no temp required","timestamp":"2023-12-24T22:46:07.677Z"}}