{"algorithm":"OpenAPSSMBPlugin","input":{"glucoseStatus":{"glucose":86,"noise":0,"delta":-3.33,"short_avgdelta":-4,"long_avgdelta":-12.37,"date":1703434515889},"currenttemp":{"temp":"absolute","duration":95,"rate":0,"minutesrunning":25},"iob_data":[{"iob":0.78,"basaliob":-0.173,"bolussnooze":0,"activity":0.011,"lastBolusTime":1703430368291,"time":"2023-12-24T16:16:06.297Z","iobWithZeroTemp":{"iob":0.78,"basaliob":-0.173,"bolussnooze":0,"activity":0.011,"lastBolusTime":1703430368291,"time":"2023-12-24T16:16:06.297Z"}},{"iob":0.727,"basaliob":-0.17,"bolussnooze":0,"activity":0.0104,"lastBolusTime":1703430368291,"time":"2023-12-24T16:21:06.297Z","iobWithZeroTemp":{"iob":0.7,"basaliob":-0.197,"bolussnooze":0,"activity":0.0104,"lastBolusTime":1703430368291,"time":"2023-12-24T16:21:06.297Z"}},{"iob":0.677,"basaliob":-0.167,"bolussnooze":0,"activity":0.0097,"lastBolusTime":1703430368291,"time":"2023-12-24T16:26:06.297Z","iobWithZeroTemp":{"iob":0.617,"basaliob":-0.227,"bolussnooze":0,"activity":0.0096,"lastBolusTime":1703430368291,"time":"2023-12-24T16:26:06.297Z"}},{"iob":0.63,"basaliob":-0.162,"bolussnooze":0,"activity":0.0092,"lastBolusTime":1703430368291,"time":"2023-12-24T16:31:06.297Z","iobWithZeroTemp":{"iob":0.538,"basaliob":-0.254,"bolussnooze":0,"activity":0.009,"lastBolusTime":1703430368291,"time":"2023-12-24T16:31:06.297Z"}},{"iob":0.586,"basaliob":-0.157,"bolussnooze":0,"activity":0.0086,"lastBolusTime":1703430368291,"time":"2023-12-24T16:36:06.297Z","iobWithZeroTemp":{"iob":0.461,"basaliob":-0.282,"bolussnooze":0,"activity":0.0083,"lastBolusTime":1703430368291,"time":"2023-12-24T16:36:06.297Z"}},{"iob":0.544,"basaliob":-0.152,"bolussnooze":0,"activity":0.0081,"lastBolusTime":1703430368291,"time":"2023-12-24T16:41:06.297Z","iobWithZeroTemp":{"iob":0.388,"basaliob":-0.308,"bolussnooze":0,"activity":0.0076,"lastBolusTime":1703430368291,"time":"2023-12-24T16:41:06.297Z"}},{"iob":0.504,"basaliob":-0.147,"bolussnooze":0,"activity":0.0076,"lastBolusTime":1703430368291,"time":"2023-12-24T16:46:06.297Z","iobWithZeroTemp":{"iob":0.318,"basaliob":-0.333,"bolussnooze":0,"activity":0.0069,"lastBolusTime":1703430368291,"time":"2023-12-24T16:46:06.297Z"}},{"iob":0.468,"basaliob":-0.141,"bolussnooze":0,"activity":0.0071,"lastBolusTime":1703430368291,"time":"2023-12-24T16:51:06.297Z","iobWithZeroTemp":{"iob":0.252,"basaliob":-0.357,"bolussnooze":0,"activity":0.0062,"lastBolusTime":1703430368291,"time":"2023-12-24T16:51:06.297Z"}},{"iob":0.434,"basaliob":-0.135,"bolussnooze":0,"activity":0.0066,"lastBolusTime":1703430368291,"time":"2023-12-24T16:56:06.297Z","iobWithZeroTemp":{"iob":0.19,"basaliob":-0.379,"bolussnooze":0,"activity":0.0055,"lastBolusTime":1703430368291,"time":"2023-12-24T16:56:06.297Z"}},{"iob":0.402,"basaliob":-0.129,"bolussnooze":0,"activity":0.0062,"lastBolusTime":1703430368291,"time":"2023-12-24T17:01:06.297Z","iobWithZeroTemp":{"iob":0.13,"basaliob":-0.401,"bolussnooze":0,"activity":0.0049,"lastBolusTime":1703430368291,"time":"2023-12-24T17:01:06.297Z"}},{"iob":0.372,"basaliob":-0.123,"bolussnooze":0,"activity":0.0058,"lastBolusTime":1703430368291,"time":"2023-12-24T17:06:06.297Z","iobWithZeroTemp":{"iob":0.074,"basaliob":-0.421,"bolussnooze":0,"activity":0.0043,"lastBolusTime":1703430368291,"time":"2023-12-24T17:06:06.297Z"}},{"iob":0.344,"basaliob":-0.117,"bolussnooze":0,"activity":0.0054,"lastBolusTime":1703430368291,"time":"2023-12-24T17:11:06.297Z","iobWithZeroTemp":{"iob":0.021,"basaliob":-0.44,"bolussnooze":0,"activity":0.0036,"lastBolusTime":1703430368291,"time":"2023-12-24T17:11:06.297Z"}},{"iob":0.318,"basaliob":-0.111,"bolussnooze":0,"activity":0.005,"lastBolusTime":1703430368291,"time":"2023-12-24T17:16:06.297Z","iobWithZeroTemp":{"iob":-0.029,"basaliob":-0.458,"bolussnooze":0,"activity":0.003,"lastBolusTime":1703430368291,"time":"2023-12-24T17:16:06.297Z"}},{"iob":0.294,"basaliob":-0.105,"bolussnooze":0,"activity":0.0047,"lastBolusTime":1703430368291,"time":"2023-12-24T17:21:06.297Z","iobWithZeroTemp":{"iob":-0.076,"basaliob":-0.475,"bolussnooze":0,"activity":0.0025,"lastBolusTime":1703430368291,"time":"2023-12-24T17:21:06.297Z"}},{"iob":0.271,"basaliob":-0.1,"bolussnooze":0,"activity":0.0044,"lastBolusTime":1703430368291,"time":"2023-12-24T17:26:06.297Z","iobWithZeroTemp":{"iob":-0.12,"basaliob":-0.491,"bolussnooze":0,"activity":0.002,"lastBolusTime":1703430368291,"time":"2023-12-24T17:26:06.297Z"}},{"iob":0.25,"basaliob":-0.094,"bolussnooze":0,"activity":0.004,"lastBolusTime":1703430368291,"time":"2023-12-24T17:31:06.297Z","iobWithZeroTemp":{"iob":-0.162,"basaliob":-0.506,"bolussnooze":0,"activity":0.0013,"lastBolusTime":1703430368291,"time":"2023-12-24T17:31:06.297Z"}},{"iob":0.23,"basaliob":-0.089,"bolussnooze":0,"activity":0.0038,"lastBolusTime":1703430368291,"time":"2023-12-24T17:36:06.297Z","iobWithZeroTemp":{"iob":-0.201,"basaliob":-0.52,"bolussnooze":0,"activity":9.0E-4,"lastBolusTime":1703430368291,"time":"2023-12-24T17:36:06.297Z"}},{"iob":0.212,"basaliob":-0.084,"bolussnooze":0,"activity":0.0035,"lastBolusTime":1703430368291,"time":"2023-12-24T17:41:06.297Z","iobWithZeroTemp":{"iob":-0.238,"basaliob":-0.534,"bolussnooze":0,"activity":4.0E-4,"lastBolusTime":1703430368291,"time":"2023-12-24T17:41:06.297Z"}},{"iob":0.195,"basaliob":-0.079,"bolussnooze":0,"activity":0.0032,"lastBolusTime":1703430368291,"time":"2023-12-24T17:46:06.297Z","iobWithZeroTemp":{"iob":-0.272,"basaliob":-0.546,"bolussnooze":0,"activity":-1.0E-4,"lastBolusTime":1703430368291,"time":"2023-12-24T17:46:06.297Z"}},{"iob":0.18,"basaliob":-0.074,"bolussnooze":0,"activity":0.003,"lastBolusTime":1703430368291,"time":"2023-12-24T17:51:06.297Z","iobWithZeroTemp":{"iob":-0.304,"basaliob":-0.558,"bolussnooze":0,"activity":-5.0E-4,"lastBolusTime":1703430368291,"time":"2023-12-24T17:51:06.297Z"}},{"iob":0.166,"basaliob":-0.069,"bolussnooze":0,"activity":0.0028,"lastBolusTime":1703430368291,"time":"2023-12-24T17:56:06.297Z","iobWithZeroTemp":{"iob":-0.333,"basaliob":-0.568,"bolussnooze":0,"activity":-9.0E-4,"lastBolusTime":1703430368291,"time":"2023-12-24T17:56:06.297Z"}},{"iob":0.152,"basaliob":-0.065,"bolussnooze":0,"activity":0.0026,"lastBolusTime":1703430368291,"time":"2023-12-24T18:01:06.297Z","iobWithZeroTemp":{"iob":-0.362,"basaliob":-0.579,"bolussnooze":0,"activity":-0.0013,"lastBolusTime":1703430368291,"time":"2023-12-24T18:01:06.297Z"}},{"iob":0.14,"basaliob":-0.061,"bolussnooze":0,"activity":0.0024,"lastBolusTime":1703430368291,"time":"2023-12-24T18:06:06.297Z","iobWithZeroTemp":{"iob":-0.387,"basaliob":-0.588,"bolussnooze":0,"activity":-0.0016,"lastBolusTime":1703430368291,"time":"2023-12-24T18:06:06.297Z"}},{"iob":0.128,"basaliob":-0.057,"bolussnooze":0,"activity":0.0022,"lastBolusTime":1703430368291,"time":"2023-12-24T18:11:06.297Z","iobWithZeroTemp":{"iob":-0.412,"basaliob":-0.597,"bolussnooze":0,"activity":-0.002,"lastBolusTime":1703430368291,"time":"2023-12-24T18:11:06.297Z"}},{"iob":0.118,"basaliob":-0.053,"bolussnooze":0,"activity":0.0021,"lastBolusTime":1703430368291,"time":"2023-12-24T18:16:06.297Z","iobWithZeroTemp":{"iob":-0.434,"basaliob":-0.605,"bolussnooze":0,"activity":-0.0022,"lastBolusTime":1703430368291,"time":"2023-12-24T18:16:06.297Z"}},{"iob":0.107,"basaliob":-0.05,"bolussnooze":0,"activity":0.0019,"lastBolusTime":1703430368291,"time":"2023-12-24T18:21:06.297Z","iobWithZeroTemp":{"iob":-0.456,"basaliob":-0.613,"bolussnooze":0,"activity":-0.0026,"lastBolusTime":1703430368291,"time":"2023-12-24T18:21:06.297Z"}},{"iob":0.099,"basaliob":-0.046,"bolussnooze":0,"activity":0.0018,"lastBolusTime":1703430368291,"time":"2023-12-24T18:26:06.297Z","iobWithZeroTemp":{"iob":-0.475,"basaliob":-0.62,"bolussnooze":0,"activity":-0.0028,"lastBolusTime":1703430368291,"time":"2023-12-24T18:26:06.297Z"}},{"iob":0.09,"basaliob":-0.043,"bolussnooze":0,"activity":0.0016,"lastBolusTime":1703430368291,"time":"2023-12-24T18:31:06.297Z","iobWithZeroTemp":{"iob":-0.494,"basaliob":-0.627,"bolussnooze":0,"activity":-0.0032,"lastBolusTime":1703430368291,"time":"2023-12-24T18:31:06.297Z"}},{"iob":0.083,"basaliob":-0.04,"bolussnooze":0,"activity":0.0015,"lastBolusTime":1703430368291,"time":"2023-12-24T18:36:06.297Z","iobWithZeroTemp":{"iob":-0.51,"basaliob":-0.633,"bolussnooze":0,"activity":-0.0034,"lastBolusTime":1703430368291,"time":"2023-12-24T18:36:06.297Z"}},{"iob":0.076,"basaliob":-0.037,"bolussnooze":0,"activity":0.0014,"lastBolusTime":1703430368291,"time":"2023-12-24T18:41:06.297Z","iobWithZeroTemp":{"iob":-0.525,"basaliob":-0.638,"bolussnooze":0,"activity":-0.0036,"lastBolusTime":1703430368291,"time":"2023-12-24T18:41:06.297Z"}},{"iob":0.069,"basaliob":-0.035,"bolussnooze":0,"activity":0.0013,"lastBolusTime":1703430368291,"time":"2023-12-24T18:46:06.297Z","iobWithZeroTemp":{"iob":-0.54,"basaliob":-0.644,"bolussnooze":0,"activity":-0.0038,"lastBolusTime":1703430368291,"time":"2023-12-24T18:46:06.297Z"}},{"iob":0.063,"basaliob":-0.032,"bolussnooze":0,"activity":0.0011,"lastBolusTime":1703430368291,"time":"2023-12-24T18:51:06.297Z","iobWithZeroTemp":{"iob":-0.554,"basaliob":-0.649,"bolussnooze":0,"activity":-0.0041,"lastBolusTime":1703430368291,"time":"2023-12-24T18:51:06.297Z"}},{"iob":0.057,"basaliob":-0.03,"bolussnooze":0,"activity":0.0011,"lastBolusTime":1703430368291,"time":"2023-12-24T18:56:06.297Z","iobWithZeroTemp":{"iob":-0.567,"basaliob":-0.654,"bolussnooze":0,"activity":-0.0042,"lastBolusTime":1703430368291,"time":"2023-12-24T18:56:06.297Z"}},{"iob":0.052,"basaliob":-0.028,"bolussnooze":0,"activity":0.001,"lastBolusTime":1703430368291,"time":"2023-12-24T19:01:06.297Z","iobWithZeroTemp":{"iob":-0.578,"basaliob":-0.658,"bolussnooze":0,"activity":-0.0044,"lastBolusTime":1703430368291,"time":"2023-12-24T19:01:06.297Z"}},{"iob":0.047,"basaliob":-0.026,"bolussnooze":0,"activity":9.0E-4,"lastBolusTime":1703430368291,"time":"2023-12-24T19:06:06.297Z","iobWithZeroTemp":{"iob":-0.589,"basaliob":-0.662,"bolussnooze":0,"activity":-0.0046,"lastBolusTime":1703430368291,"time":"2023-12-24T19:06:06.297Z"}},{"iob":0.043,"basaliob":-0.024,"bolussnooze":0,"activity":8.0E-4,"lastBolusTime":1703430368291,"time":"2023-12-24T19:11:06.297Z","iobWithZeroTemp":{"iob":-0.598,"basaliob":-0.665,"bolussnooze":0,"activity":-0.0048,"lastBolusTime":1703430368291,"time":"2023-12-24T19:11:06.297Z"}},{"iob":0.039,"basaliob":-0.022,"bolussnooze":0,"activity":8.0E-4,"lastBolusTime":1703430368291,"time":"2023-12-24T19:16:06.297Z","iobWithZeroTemp":{"iob":-0.608,"basaliob":-0.669,"bolussnooze":0,"activity":-0.0049,"lastBolusTime":1703430368291,"time":"2023-12-24T19:16:06.297Z"}},{"iob":0.036,"basaliob":-0.02,"bolussnooze":0,"activity":7.0E-4,"lastBolusTime":1703430368291,"time":"2023-12-24T19:21:06.297Z","iobWithZeroTemp":{"iob":-0.615,"basaliob":-0.671,"bolussnooze":0,"activity":-0.0051,"lastBolusTime":1703430368291,"time":"2023-12-24T19:21:06.297Z"}},{"iob":0.032,"basaliob":-0.019,"bolussnooze":0,"activity":6.0E-4,"lastBolusTime":1703430368291,"time":"2023-12-24T19:26:06.297Z","iobWithZeroTemp":{"iob":-0.624,"basaliob":-0.675,"bolussnooze":0,"activity":-0.0052,"lastBolusTime":1703430368291,"time":"2023-12-24T19:26:06.297Z"}},{"iob":0.03,"basaliob":-0.017,"bolussnooze":0,"activity":6.0E-4,"lastBolusTime":1703430368291,"time":"2023-12-24T19:31:06.297Z","iobWithZeroTemp":{"iob":-0.63,"basaliob":-0.677,"bolussnooze":0,"activity":-0.0053,"lastBolusTime":1703430368291,"time":"2023-12-24T19:31:06.297Z"}},{"iob":0.026,"basaliob":-0.016,"bolussnooze":0,"activity":5.0E-4,"lastBolusTime":1703430368291,"time":"2023-12-24T19:36:06.297Z","iobWithZeroTemp":{"iob":-0.638,"basaliob":-0.68,"bolussnooze":0,"activity":-0.0054,"lastBolusTime":1703430368291,"time":"2023-12-24T19:36:06.297Z"}},{"iob":0.024,"basaliob":-0.015,"bolussnooze":0,"activity":5.0E-4,"lastBolusTime":1703430368291,"time":"2023-12-24T19:41:06.297Z","iobWithZeroTemp":{"iob":-0.643,"basaliob":-0.682,"bolussnooze":0,"activity":-0.0055,"lastBolusTime":1703430368291,"time":"2023-12-24T19:41:06.297Z"}},{"iob":0.021,"basaliob":-0.014,"bolussnooze":0,"activity":5.0E-4,"lastBolusTime":1703430368291,"time":"2023-12-24T19:46:06.297Z","iobWithZeroTemp":{"iob":-0.649,"basaliob":-0.684,"bolussnooze":0,"activity":-0.0056,"lastBolusTime":1703430368291,"time":"2023-12-24T19:46:06.297Z"}},{"iob":0.019,"basaliob":-0.013,"bolussnooze":0,"activity":4.0E-4,"lastBolusTime":1703430368291,"time":"2023-12-24T19:51:06.297Z","iobWithZeroTemp":{"iob":-0.654,"basaliob":-0.686,"bolussnooze":0,"activity":-0.0057,"lastBolusTime":1703430368291,"time":"2023-12-24T19:51:06.297Z"}},{"iob":0.017,"basaliob":-0.012,"bolussnooze":0,"activity":4.0E-4,"lastBolusTime":1703430368291,"time":"2023-12-24T19:56:06.297Z","iobWithZeroTemp":{"iob":-0.659,"basaliob":-0.688,"bolussnooze":0,"activity":-0.0057,"lastBolusTime":1703430368291,"time":"2023-12-24T19:56:06.297Z"}},{"iob":0.015,"basaliob":-0.011,"bolussnooze":0,"activity":3.0E-4,"lastBolusTime":1703430368291,"time":"2023-12-24T20:01:06.297Z","iobWithZeroTemp":{"iob":-0.663,"basaliob":-0.689,"bolussnooze":0,"activity":-0.0059,"lastBolusTime":1703430368291,"time":"2023-12-24T20:01:06.297Z"}},{"iob":0.014,"basaliob":-0.01,"bolussnooze":0,"activity":3.0E-4,"lastBolusTime":1703430368291,"time":"2023-12-24T20:06:06.297Z","iobWithZeroTemp":{"iob":-0.675,"basaliob":-0.699,"bolussnooze":0,"activity":-0.0059,"lastBolusTime":1703430368291,"time":"2023-12-24T20:06:06.297Z"}},{"iob":0.013,"basaliob":-0.009,"bolussnooze":0,"activity":2.0E-4,"lastBolusTime":1703430368291,"time":"2023-12-24T20:11:06.297Z","iobWithZeroTemp":{"iob":-0.686,"basaliob":-0.708,"bolussnooze":0,"activity":-0.0061,"lastBolusTime":1703430368291,"time":"2023-12-24T20:11:06.297Z"}}],"profile":{"max_iob":4,"type":"current","max_daily_basal":0.5,"max_basal":1.5,"min_bg":100.8,"max_bg":100.8,"target_bg":100.8,"carb_ratio":20,"sens":117,"max_daily_safety_multiplier":3,"current_basal_safety_multiplier":4,"high_temptarget_raises_sensitivity":false,"low_temptarget_lowers_sensitivity":false,"sensitivity_raises_target":true,"resistance_lowers_target":true,"adv_target_adjustments":false,"exercise_mode":false,"half_basal_exercise_target":160,"maxCOB":120,"skip_neutral_temps":false,"remainingCarbsCap":90,"enableUAM":true,"A52_risk_enable":false,"SMBInterval":3,"enableSMB_with_COB":true,"enableSMB_with_temptarget":true,"allowSMB_with_high_temptarget":false,"enableSMB_always":false,"enableSMB_after_carbs":false,"maxSMBBasalMinutes":75,"maxUAMSMBBasalMinutes":75,"bolus_increment":0.05,"carbsReqThreshold":10,"current_basal":0.4,"temptargetSet":false,"autosens_max":1.2,"out_units":"mmol\/L"},"autosens_data":{"ratio":1},"meal_data":{"carbs":0,"mealCOB":0,"slopeFromMaxDeviation":-0.7282727272727273,"slopeFromMinDeviation":3.1010000000000004,"lastBolusTime":1703430368291,"lastCarbTime":0},"microBolusAllowed":true,"currentTime":1703434567684,"flatBGsDetected":false},"output":{"temp":"absolute","bg":86,"tick":-3,"eventualBG":39,"targetBG":100.8,"insulinReq":0,"deliverAt":"2023-12-24T16:16:07.684Z","sensitivityRatio":1,"predBGs":{"IOB":[86,82,78,74,70,66,63,59,56,53,50,46,43,40,39],"ZT":[86,80,73,68,63,58,53,49,46,42,40,39,39,39,39,39,39,39,39,39,39,39,39,39,39,39,39,39,39,41,43,45,48,50,53,56,58,61,64,67,70,73,77,80,83,87,90,94],"UAM":[86,81,75,70,64,59,54,50,46,42,39,39,39]},"COB":0,"IOB":0.78,"reason":"COB: 0, Dev: 0.8, BGI: -0.4, ISF: 6.5, CR: 20, Target: 5.6, minPredBG 1.6, minGuardBG -0.3, IOBpredBG 2.2, UAMpredBG 2.2; 10 add'l carbs req w\/in 20m; minGuardBG -0.3<3.9","carbsReq":10,"carbsReqWithin":20,"duration":120,"rate":0,"timestamp":"2023-12-24T16:16:07.718Z"}}