{"algorithm":"OpenAPSSMBPlugin","input":{"glucoseStatus":{"glucose":146,"noise":0,"delta":19,"short_avgdelta":19,"long_avgdelta":16.49,"date":1703417116722},"currenttemp":{"temp":"absolute","duration":25,"rate":0.1,"minutesrunning":5},"iob_data":[{"iob":0.832,"basaliob":-0.204,"bolussnooze":0,"activity":0.0043,"lastBolusTime":1703416869426,"time":"2023-12-24T11:26:11.295Z","iobWithZeroTemp":{"iob":0.832,"basaliob":-0.204,"bolussnooze":0,"activity":0.0043,"lastBolusTime":1703416869426,"time":"2023-12-24T11:26:11.295Z"}},{"iob":0.809,"basaliob":-0.192,"bolussnooze":0,"activity":0.0048,"lastBolusTime":1703416869426,"time":"2023-12-24T11:31:11.295Z","iobWithZeroTemp":{"iob":0.789,"basaliob":-0.212,"bolussnooze":0,"activity":0.0048,"lastBolusTime":1703416869426,"time":"2023-12-24T11:31:11.295Z"}},{"iob":0.784,"basaliob":-0.18,"bolussnooze":0,"activity":0.0053,"lastBolusTime":1703416869426,"time":"2023-12-24T11:36:11.295Z","iobWithZeroTemp":{"iob":0.739,"basaliob":-0.225,"bolussnooze":0,"activity":0.0052,"lastBolusTime":1703416869426,"time":"2023-12-24T11:36:11.295Z"}},{"iob":0.757,"basaliob":-0.169,"bolussnooze":0,"activity":0.0056,"lastBolusTime":1703416869426,"time":"2023-12-24T11:41:11.295Z","iobWithZeroTemp":{"iob":0.688,"basaliob":-0.238,"bolussnooze":0,"activity":0.0055,"lastBolusTime":1703416869426,"time":"2023-12-24T11:41:11.295Z"}},{"iob":0.728,"basaliob":-0.158,"bolussnooze":0,"activity":0.0058,"lastBolusTime":1703416869426,"time":"2023-12-24T11:46:11.295Z","iobWithZeroTemp":{"iob":0.635,"basaliob":-0.251,"bolussnooze":0,"activity":0.0056,"lastBolusTime":1703416869426,"time":"2023-12-24T11:46:11.295Z"}},{"iob":0.698,"basaliob":-0.148,"bolussnooze":0,"activity":0.006,"lastBolusTime":1703416869426,"time":"2023-12-24T11:51:11.295Z","iobWithZeroTemp":{"iob":0.581,"basaliob":-0.265,"bolussnooze":0,"activity":0.0056,"lastBolusTime":1703416869426,"time":"2023-12-24T11:51:11.295Z"}},{"iob":0.669,"basaliob":-0.138,"bolussnooze":0,"activity":0.006,"lastBolusTime":1703416869426,"time":"2023-12-24T11:56:11.295Z","iobWithZeroTemp":{"iob":0.529,"basaliob":-0.278,"bolussnooze":0,"activity":0.0055,"lastBolusTime":1703416869426,"time":"2023-12-24T11:56:11.295Z"}},{"iob":0.638,"basaliob":-0.129,"bolussnooze":0,"activity":0.0061,"lastBolusTime":1703416869426,"time":"2023-12-24T12:01:11.295Z","iobWithZeroTemp":{"iob":0.476,"basaliob":-0.291,"bolussnooze":0,"activity":0.0054,"lastBolusTime":1703416869426,"time":"2023-12-24T12:01:11.295Z"}},{"iob":0.608,"basaliob":-0.12,"bolussnooze":0,"activity":0.006,"lastBolusTime":1703416869426,"time":"2023-12-24T12:06:11.295Z","iobWithZeroTemp":{"iob":0.425,"basaliob":-0.303,"bolussnooze":0,"activity":0.0052,"lastBolusTime":1703416869426,"time":"2023-12-24T12:06:11.295Z"}},{"iob":0.578,"basaliob":-0.112,"bolussnooze":0,"activity":0.006,"lastBolusTime":1703416869426,"time":"2023-12-24T12:11:11.295Z","iobWithZeroTemp":{"iob":0.374,"basaliob":-0.316,"bolussnooze":0,"activity":0.005,"lastBolusTime":1703416869426,"time":"2023-12-24T12:11:11.295Z"}},{"iob":0.549,"basaliob":-0.104,"bolussnooze":0,"activity":0.0059,"lastBolusTime":1703416869426,"time":"2023-12-24T12:16:11.295Z","iobWithZeroTemp":{"iob":0.326,"basaliob":-0.327,"bolussnooze":0,"activity":0.0047,"lastBolusTime":1703416869426,"time":"2023-12-24T12:16:11.295Z"}},{"iob":0.519,"basaliob":-0.097,"bolussnooze":0,"activity":0.0057,"lastBolusTime":1703416869426,"time":"2023-12-24T12:21:11.295Z","iobWithZeroTemp":{"iob":0.277,"basaliob":-0.339,"bolussnooze":0,"activity":0.0044,"lastBolusTime":1703416869426,"time":"2023-12-24T12:21:11.295Z"}},{"iob":0.491,"basaliob":-0.09,"bolussnooze":0,"activity":0.0056,"lastBolusTime":1703416869426,"time":"2023-12-24T12:26:11.295Z","iobWithZeroTemp":{"iob":0.231,"basaliob":-0.35,"bolussnooze":0,"activity":0.0041,"lastBolusTime":1703416869426,"time":"2023-12-24T12:26:11.295Z"}},{"iob":0.463,"basaliob":-0.084,"bolussnooze":0,"activity":0.0054,"lastBolusTime":1703416869426,"time":"2023-12-24T12:31:11.295Z","iobWithZeroTemp":{"iob":0.186,"basaliob":-0.361,"bolussnooze":0,"activity":0.0037,"lastBolusTime":1703416869426,"time":"2023-12-24T12:31:11.295Z"}},{"iob":0.437,"basaliob":-0.078,"bolussnooze":0,"activity":0.0052,"lastBolusTime":1703416869426,"time":"2023-12-24T12:36:11.295Z","iobWithZeroTemp":{"iob":0.143,"basaliob":-0.372,"bolussnooze":0,"activity":0.0034,"lastBolusTime":1703416869426,"time":"2023-12-24T12:36:11.295Z"}},{"iob":0.412,"basaliob":-0.072,"bolussnooze":0,"activity":0.005,"lastBolusTime":1703416869426,"time":"2023-12-24T12:41:11.295Z","iobWithZeroTemp":{"iob":0.103,"basaliob":-0.381,"bolussnooze":0,"activity":0.003,"lastBolusTime":1703416869426,"time":"2023-12-24T12:41:11.295Z"}},{"iob":0.387,"basaliob":-0.067,"bolussnooze":0,"activity":0.0048,"lastBolusTime":1703416869426,"time":"2023-12-24T12:46:11.295Z","iobWithZeroTemp":{"iob":0.063,"basaliob":-0.391,"bolussnooze":0,"activity":0.0026,"lastBolusTime":1703416869426,"time":"2023-12-24T12:46:11.295Z"}},{"iob":0.363,"basaliob":-0.062,"bolussnooze":0,"activity":0.0046,"lastBolusTime":1703416869426,"time":"2023-12-24T12:51:11.295Z","iobWithZeroTemp":{"iob":0.026,"basaliob":-0.399,"bolussnooze":0,"activity":0.0023,"lastBolusTime":1703416869426,"time":"2023-12-24T12:51:11.295Z"}},{"iob":0.341,"basaliob":-0.057,"bolussnooze":0,"activity":0.0044,"lastBolusTime":1703416869426,"time":"2023-12-24T12:56:11.295Z","iobWithZeroTemp":{"iob":-0.009,"basaliob":-0.407,"bolussnooze":0,"activity":0.0019,"lastBolusTime":1703416869426,"time":"2023-12-24T12:56:11.295Z"}},{"iob":0.319,"basaliob":-0.053,"bolussnooze":0,"activity":0.0042,"lastBolusTime":1703416869426,"time":"2023-12-24T13:01:11.295Z","iobWithZeroTemp":{"iob":-0.044,"basaliob":-0.416,"bolussnooze":0,"activity":0.0016,"lastBolusTime":1703416869426,"time":"2023-12-24T13:01:11.295Z"}},{"iob":0.299,"basaliob":-0.049,"bolussnooze":0,"activity":0.004,"lastBolusTime":1703416869426,"time":"2023-12-24T13:06:11.295Z","iobWithZeroTemp":{"iob":-0.075,"basaliob":-0.423,"bolussnooze":0,"activity":0.0012,"lastBolusTime":1703416869426,"time":"2023-12-24T13:06:11.295Z"}},{"iob":0.28,"basaliob":-0.045,"bolussnooze":0,"activity":0.0038,"lastBolusTime":1703416869426,"time":"2023-12-24T13:11:11.295Z","iobWithZeroTemp":{"iob":-0.105,"basaliob":-0.43,"bolussnooze":0,"activity":9.0E-4,"lastBolusTime":1703416869426,"time":"2023-12-24T13:11:11.295Z"}},{"iob":0.261,"basaliob":-0.042,"bolussnooze":0,"activity":0.0036,"lastBolusTime":1703416869426,"time":"2023-12-24T13:16:11.295Z","iobWithZeroTemp":{"iob":-0.134,"basaliob":-0.437,"bolussnooze":0,"activity":6.0E-4,"lastBolusTime":1703416869426,"time":"2023-12-24T13:16:11.295Z"}},{"iob":0.244,"basaliob":-0.038,"bolussnooze":0,"activity":0.0034,"lastBolusTime":1703416869426,"time":"2023-12-24T13:21:11.295Z","iobWithZeroTemp":{"iob":-0.161,"basaliob":-0.443,"bolussnooze":0,"activity":3.0E-4,"lastBolusTime":1703416869426,"time":"2023-12-24T13:21:11.295Z"}},{"iob":0.228,"basaliob":-0.035,"bolussnooze":0,"activity":0.0032,"lastBolusTime":1703416869426,"time":"2023-12-24T13:26:11.295Z","iobWithZeroTemp":{"iob":-0.186,"basaliob":-0.449,"bolussnooze":0,"activity":-1.0E-4,"lastBolusTime":1703416869426,"time":"2023-12-24T13:26:11.295Z"}},{"iob":0.211,"basaliob":-0.033,"bolussnooze":0,"activity":0.0031,"lastBolusTime":1703416869426,"time":"2023-12-24T13:31:11.295Z","iobWithZeroTemp":{"iob":-0.212,"basaliob":-0.456,"bolussnooze":0,"activity":-3.0E-4,"lastBolusTime":1703416869426,"time":"2023-12-24T13:31:11.295Z"}},{"iob":0.197,"basaliob":-0.03,"bolussnooze":0,"activity":0.0028,"lastBolusTime":1703416869426,"time":"2023-12-24T13:36:11.295Z","iobWithZeroTemp":{"iob":-0.233,"basaliob":-0.46,"bolussnooze":0,"activity":-7.0E-4,"lastBolusTime":1703416869426,"time":"2023-12-24T13:36:11.295Z"}},{"iob":0.183,"basaliob":-0.028,"bolussnooze":0,"activity":0.0026,"lastBolusTime":1703416869426,"time":"2023-12-24T13:41:11.295Z","iobWithZeroTemp":{"iob":-0.255,"basaliob":-0.466,"bolussnooze":0,"activity":-0.001,"lastBolusTime":1703416869426,"time":"2023-12-24T13:41:11.295Z"}},{"iob":0.171,"basaliob":-0.025,"bolussnooze":0,"activity":0.0025,"lastBolusTime":1703416869426,"time":"2023-12-24T13:46:11.295Z","iobWithZeroTemp":{"iob":-0.274,"basaliob":-0.47,"bolussnooze":0,"activity":-0.0012,"lastBolusTime":1703416869426,"time":"2023-12-24T13:46:11.295Z"}},{"iob":0.158,"basaliob":-0.023,"bolussnooze":0,"activity":0.0024,"lastBolusTime":1703416869426,"time":"2023-12-24T13:51:11.295Z","iobWithZeroTemp":{"iob":-0.293,"basaliob":-0.474,"bolussnooze":0,"activity":-0.0014,"lastBolusTime":1703416869426,"time":"2023-12-24T13:51:11.295Z"}},{"iob":0.147,"basaliob":-0.021,"bolussnooze":0,"activity":0.0022,"lastBolusTime":1703416869426,"time":"2023-12-24T13:56:11.295Z","iobWithZeroTemp":{"iob":-0.31,"basaliob":-0.478,"bolussnooze":0,"activity":-0.0017,"lastBolusTime":1703416869426,"time":"2023-12-24T13:56:11.295Z"}},{"iob":0.135,"basaliob":-0.02,"bolussnooze":0,"activity":0.0021,"lastBolusTime":1703416869426,"time":"2023-12-24T14:01:11.295Z","iobWithZeroTemp":{"iob":-0.328,"basaliob":-0.483,"bolussnooze":0,"activity":-0.0018,"lastBolusTime":1703416869426,"time":"2023-12-24T14:01:11.295Z"}},{"iob":0.126,"basaliob":-0.018,"bolussnooze":0,"activity":0.002,"lastBolusTime":1703416869426,"time":"2023-12-24T14:06:11.295Z","iobWithZeroTemp":{"iob":-0.342,"basaliob":-0.486,"bolussnooze":0,"activity":-0.002,"lastBolusTime":1703416869426,"time":"2023-12-24T14:06:11.295Z"}},{"iob":0.117,"basaliob":-0.016,"bolussnooze":0,"activity":0.0018,"lastBolusTime":1703416869426,"time":"2023-12-24T14:11:11.295Z","iobWithZeroTemp":{"iob":-0.356,"basaliob":-0.489,"bolussnooze":0,"activity":-0.0023,"lastBolusTime":1703416869426,"time":"2023-12-24T14:11:11.295Z"}},{"iob":0.108,"basaliob":-0.015,"bolussnooze":0,"activity":0.0017,"lastBolusTime":1703416869426,"time":"2023-12-24T14:16:11.295Z","iobWithZeroTemp":{"iob":-0.369,"basaliob":-0.492,"bolussnooze":0,"activity":-0.0024,"lastBolusTime":1703416869426,"time":"2023-12-24T14:16:11.295Z"}},{"iob":0.099,"basaliob":-0.014,"bolussnooze":0,"activity":0.0016,"lastBolusTime":1703416869426,"time":"2023-12-24T14:21:11.295Z","iobWithZeroTemp":{"iob":-0.382,"basaliob":-0.495,"bolussnooze":0,"activity":-0.0026,"lastBolusTime":1703416869426,"time":"2023-12-24T14:21:11.295Z"}},{"iob":0.092,"basaliob":-0.013,"bolussnooze":0,"activity":0.0015,"lastBolusTime":1703416869426,"time":"2023-12-24T14:26:11.295Z","iobWithZeroTemp":{"iob":-0.393,"basaliob":-0.498,"bolussnooze":0,"activity":-0.0028,"lastBolusTime":1703416869426,"time":"2023-12-24T14:26:11.295Z"}},{"iob":0.084,"basaliob":-0.012,"bolussnooze":0,"activity":0.0014,"lastBolusTime":1703416869426,"time":"2023-12-24T14:31:11.295Z","iobWithZeroTemp":{"iob":-0.405,"basaliob":-0.501,"bolussnooze":0,"activity":-0.0029,"lastBolusTime":1703416869426,"time":"2023-12-24T14:31:11.295Z"}},{"iob":0.079,"basaliob":-0.01,"bolussnooze":0,"activity":0.0013,"lastBolusTime":1703416869426,"time":"2023-12-24T14:36:11.295Z","iobWithZeroTemp":{"iob":-0.413,"basaliob":-0.502,"bolussnooze":0,"activity":-0.0031,"lastBolusTime":1703416869426,"time":"2023-12-24T14:36:11.295Z"}},{"iob":0.072,"basaliob":-0.01,"bolussnooze":0,"activity":0.0012,"lastBolusTime":1703416869426,"time":"2023-12-24T14:41:11.295Z","iobWithZeroTemp":{"iob":-0.423,"basaliob":-0.505,"bolussnooze":0,"activity":-0.0032,"lastBolusTime":1703416869426,"time":"2023-12-24T14:41:11.295Z"}},{"iob":0.066,"basaliob":-0.009,"bolussnooze":0,"activity":0.0011,"lastBolusTime":1703416869426,"time":"2023-12-24T14:46:11.295Z","iobWithZeroTemp":{"iob":-0.432,"basaliob":-0.507,"bolussnooze":0,"activity":-0.0034,"lastBolusTime":1703416869426,"time":"2023-12-24T14:46:11.295Z"}},{"iob":0.061,"basaliob":-0.008,"bolussnooze":0,"activity":0.0011,"lastBolusTime":1703416869426,"time":"2023-12-24T14:51:11.295Z","iobWithZeroTemp":{"iob":-0.439,"basaliob":-0.508,"bolussnooze":0,"activity":-0.0034,"lastBolusTime":1703416869426,"time":"2023-12-24T14:51:11.295Z"}},{"iob":0.056,"basaliob":-0.007,"bolussnooze":0,"activity":0.001,"lastBolusTime":1703416869426,"time":"2023-12-24T14:56:11.295Z","iobWithZeroTemp":{"iob":-0.447,"basaliob":-0.51,"bolussnooze":0,"activity":-0.0035,"lastBolusTime":1703416869426,"time":"2023-12-24T14:56:11.295Z"}},{"iob":0.051,"basaliob":-0.007,"bolussnooze":0,"activity":9.0E-4,"lastBolusTime":1703416869426,"time":"2023-12-24T15:01:11.295Z","iobWithZeroTemp":{"iob":-0.454,"basaliob":-0.512,"bolussnooze":0,"activity":-0.0037,"lastBolusTime":1703416869426,"time":"2023-12-24T15:01:11.295Z"}},{"iob":0.047,"basaliob":-0.006,"bolussnooze":0,"activity":8.0E-4,"lastBolusTime":1703416869426,"time":"2023-12-24T15:06:11.295Z","iobWithZeroTemp":{"iob":-0.46,"basaliob":-0.513,"bolussnooze":0,"activity":-0.0038,"lastBolusTime":1703416869426,"time":"2023-12-24T15:06:11.295Z"}},{"iob":0.044,"basaliob":-0.005,"bolussnooze":0,"activity":8.0E-4,"lastBolusTime":1703416869426,"time":"2023-12-24T15:11:11.295Z","iobWithZeroTemp":{"iob":-0.465,"basaliob":-0.514,"bolussnooze":0,"activity":-0.0038,"lastBolusTime":1703416869426,"time":"2023-12-24T15:11:11.295Z"}},{"iob":0.04,"basaliob":-0.005,"bolussnooze":0,"activity":7.0E-4,"lastBolusTime":1703416869426,"time":"2023-12-24T15:16:11.295Z","iobWithZeroTemp":{"iob":-0.471,"basaliob":-0.516,"bolussnooze":0,"activity":-0.004,"lastBolusTime":1703416869426,"time":"2023-12-24T15:16:11.295Z"}},{"iob":0.037,"basaliob":-0.004,"bolussnooze":0,"activity":6.0E-4,"lastBolusTime":1703416869426,"time":"2023-12-24T15:21:11.295Z","iobWithZeroTemp":{"iob":-0.475,"basaliob":-0.516,"bolussnooze":0,"activity":-0.0041,"lastBolusTime":1703416869426,"time":"2023-12-24T15:21:11.295Z"}}],"profile":{"max_iob":4,"type":"current","max_daily_basal":0.5,"max_basal":1.2,"min_bg":91.79999999999998,"max_bg":91.79999999999998,"target_bg":91.79999999999998,"carb_ratio":30,"sens":126,"max_daily_safety_multiplier":3,"current_basal_safety_multiplier":4,"high_temptarget_raises_sensitivity":false,"low_temptarget_lowers_sensitivity":false,"sensitivity_raises_target":true,"resistance_lowers_target":true,"adv_target_adjustments":false,"exercise_mode":false,"half_basal_exercise_target":160,"maxCOB":120,"skip_neutral_temps":false,"remainingCarbsCap":90,"enableUAM":true,"A52_risk_enable":false,"SMBInterval":3,"enableSMB_with_COB":true,"enableSMB_with_temptarget":true,"allowSMB_with_high_temptarget":false,"enableSMB_always":false,"enableSMB_after_carbs":false,"maxSMBBasalMinutes":75,"maxUAMSMBBasalMinutes":75,"bolus_increment":0.05,"carbsReqThreshold":10,"current_basal":0.3,"temptargetSet":true,"autosens_max":1.2,"out_units":"mmol\/L"},"autosens_data":{"ratio":1},"meal_data":{"carbs":0,"mealCOB":0,"slopeFromMaxDeviation":0,"slopeFromMinDeviation":3.6221428571428578,"lastBolusTime":1703416869426,"lastCarbTime":0},"microBolusAllowed":true,"currentTime":1703417172539,"flatBGsDetected":false},"output":{"temp":"absolute","bg":146,"tick":"+19","eventualBG":229,"targetBG":91.79999999999998,"insulinReq":0.58,"deliverAt":"2023-12-24T11:26:12.539Z","sensitivityRatio":1,"predBGs":{"IOB":[146,153,159,163,167,169,171,171,171,170,168,165,161,158,154,151,148,145,142,139,137,134,132,129,127,125,123,121,120,118,117,115,114,113,112,111,110,109,108,107,106,105,105,104,104,103,103,102],"ZT":[146,143,140,137,134,130,126,123,120,116,113,110,107,105,103,100,99,97,95,94,93,92,92,91,91,91,92,92,93,93],"UAM":[146,164,180,195,208,220,231,240,249,256,261,266,270,272,274,274,273,271,268,266,263,261,258,256,254,252,250,248,246,245,243,242,241,239,238,237,236,235,234,233,233,232,231,231,230,230,229]},"COB":0,"IOB":0.832,"reason":"COB: 0, Dev: 7.2, BGI: -0.2, ISF: 7.0, CR: 30, Target: 5.1, minPredBG 9.2, minGuardBG 9.1, IOBpredBG 5.7, UAMpredBG 12.7; Eventual BG 12.7 >= 5.1,  insulinReq 0.58; setting 30m low temp of 0U\/h. Microbolusing 0.25U. ","units":0.25,"rate":0,"duration":30,"timestamp":"2023-12-24T11:26:12.559Z"}}