{"algorithm":"OpenAPSSMBPlugin","input":{"glucoseStatus":{"glucose":164,"noise":0,"delta":-22.33,"short_avgdelta":-21.2,"long_avgdelta":-13.76,"date":1703432415591},"currenttemp":{"temp":"absolute","duration":100,"rate":0,"minutesrunning":20},"iob_data":[{"iob":1.427,"basaliob":0.032,"bolussnooze":0,"activity":0.0139,"lastBolusTime":1703430368291,"time":"2023-12-24T15:41:05.397Z","iobWithZeroTemp":{"iob":1.427,"basaliob":0.032,"bolussnooze":0,"activity":0.0139,"lastBolusTime":1703430368291,"time":"2023-12-24T15:41:05.397Z"}},{"iob":1.357,"basaliob":0.029,"bolussnooze":0,"activity":0.0138,"lastBolusTime":1703430368291,"time":"2023-12-24T15:46:05.397Z","iobWithZeroTemp":{"iob":1.337,"basaliob":0.009,"bolussnooze":0,"activity":0.0138,"lastBolusTime":1703430368291,"time":"2023-12-24T15:46:05.397Z"}},{"iob":1.289,"basaliob":0.027,"bolussnooze":0,"activity":0.0135,"lastBolusTime":1703430368291,"time":"2023-12-24T15:51:05.397Z","iobWithZeroTemp":{"iob":1.244,"basaliob":-0.018,"bolussnooze":0,"activity":0.0134,"lastBolusTime":1703430368291,"time":"2023-12-24T15:51:05.397Z"}},{"iob":1.222,"basaliob":0.025,"bolussnooze":0,"activity":0.0133,"lastBolusTime":1703430368291,"time":"2023-12-24T15:56:05.397Z","iobWithZeroTemp":{"iob":1.153,"basaliob":-0.044,"bolussnooze":0,"activity":0.0132,"lastBolusTime":1703430368291,"time":"2023-12-24T15:56:05.397Z"}},{"iob":1.157,"basaliob":0.023,"bolussnooze":0,"activity":0.013,"lastBolusTime":1703430368291,"time":"2023-12-24T16:01:05.397Z","iobWithZeroTemp":{"iob":1.064,"basaliob":-0.07,"bolussnooze":0,"activity":0.0128,"lastBolusTime":1703430368291,"time":"2023-12-24T16:01:05.397Z"}},{"iob":1.093,"basaliob":0.021,"bolussnooze":0,"activity":0.0125,"lastBolusTime":1703430368291,"time":"2023-12-24T16:06:05.397Z","iobWithZeroTemp":{"iob":0.968,"basaliob":-0.104,"bolussnooze":0,"activity":0.0121,"lastBolusTime":1703430368291,"time":"2023-12-24T16:06:05.397Z"}},{"iob":1.032,"basaliob":0.02,"bolussnooze":0,"activity":0.0121,"lastBolusTime":1703430368291,"time":"2023-12-24T16:11:05.397Z","iobWithZeroTemp":{"iob":0.876,"basaliob":-0.136,"bolussnooze":0,"activity":0.0116,"lastBolusTime":1703430368291,"time":"2023-12-24T16:11:05.397Z"}},{"iob":0.972,"basaliob":0.018,"bolussnooze":0,"activity":0.0117,"lastBolusTime":1703430368291,"time":"2023-12-24T16:16:05.397Z","iobWithZeroTemp":{"iob":0.786,"basaliob":-0.168,"bolussnooze":0,"activity":0.011,"lastBolusTime":1703430368291,"time":"2023-12-24T16:16:05.397Z"}},{"iob":0.915,"basaliob":0.017,"bolussnooze":0,"activity":0.0113,"lastBolusTime":1703430368291,"time":"2023-12-24T16:21:05.397Z","iobWithZeroTemp":{"iob":0.7,"basaliob":-0.198,"bolussnooze":0,"activity":0.0104,"lastBolusTime":1703430368291,"time":"2023-12-24T16:21:05.397Z"}},{"iob":0.859,"basaliob":0.015,"bolussnooze":0,"activity":0.0108,"lastBolusTime":1703430368291,"time":"2023-12-24T16:26:05.397Z","iobWithZeroTemp":{"iob":0.616,"basaliob":-0.228,"bolussnooze":0,"activity":0.0097,"lastBolusTime":1703430368291,"time":"2023-12-24T16:26:05.397Z"}},{"iob":0.806,"basaliob":0.014,"bolussnooze":0,"activity":0.0103,"lastBolusTime":1703430368291,"time":"2023-12-24T16:31:05.397Z","iobWithZeroTemp":{"iob":0.535,"basaliob":-0.257,"bolussnooze":0,"activity":0.009,"lastBolusTime":1703430368291,"time":"2023-12-24T16:31:05.397Z"}},{"iob":0.756,"basaliob":0.013,"bolussnooze":0,"activity":0.0098,"lastBolusTime":1703430368291,"time":"2023-12-24T16:36:05.397Z","iobWithZeroTemp":{"iob":0.459,"basaliob":-0.284,"bolussnooze":0,"activity":0.0083,"lastBolusTime":1703430368291,"time":"2023-12-24T16:36:05.397Z"}},{"iob":0.708,"basaliob":0.012,"bolussnooze":0,"activity":0.0094,"lastBolusTime":1703430368291,"time":"2023-12-24T16:41:05.397Z","iobWithZeroTemp":{"iob":0.386,"basaliob":-0.31,"bolussnooze":0,"activity":0.0076,"lastBolusTime":1703430368291,"time":"2023-12-24T16:41:05.397Z"}},{"iob":0.663,"basaliob":0.011,"bolussnooze":0,"activity":0.0089,"lastBolusTime":1703430368291,"time":"2023-12-24T16:46:05.397Z","iobWithZeroTemp":{"iob":0.317,"basaliob":-0.335,"bolussnooze":0,"activity":0.0069,"lastBolusTime":1703430368291,"time":"2023-12-24T16:46:05.397Z"}},{"iob":0.619,"basaliob":0.01,"bolussnooze":0,"activity":0.0085,"lastBolusTime":1703430368291,"time":"2023-12-24T16:51:05.397Z","iobWithZeroTemp":{"iob":0.251,"basaliob":-0.358,"bolussnooze":0,"activity":0.0063,"lastBolusTime":1703430368291,"time":"2023-12-24T16:51:05.397Z"}},{"iob":0.578,"basaliob":0.009,"bolussnooze":0,"activity":0.008,"lastBolusTime":1703430368291,"time":"2023-12-24T16:56:05.397Z","iobWithZeroTemp":{"iob":0.188,"basaliob":-0.381,"bolussnooze":0,"activity":0.0056,"lastBolusTime":1703430368291,"time":"2023-12-24T16:56:05.397Z"}},{"iob":0.54,"basaliob":0.009,"bolussnooze":0,"activity":0.0075,"lastBolusTime":1703430368291,"time":"2023-12-24T17:01:05.397Z","iobWithZeroTemp":{"iob":0.129,"basaliob":-0.402,"bolussnooze":0,"activity":0.0048,"lastBolusTime":1703430368291,"time":"2023-12-24T17:01:05.397Z"}},{"iob":0.503,"basaliob":0.008,"bolussnooze":0,"activity":0.0071,"lastBolusTime":1703430368291,"time":"2023-12-24T17:06:05.397Z","iobWithZeroTemp":{"iob":0.073,"basaliob":-0.422,"bolussnooze":0,"activity":0.0042,"lastBolusTime":1703430368291,"time":"2023-12-24T17:06:05.397Z"}},{"iob":0.468,"basaliob":0.007,"bolussnooze":0,"activity":0.0067,"lastBolusTime":1703430368291,"time":"2023-12-24T17:11:05.397Z","iobWithZeroTemp":{"iob":0.019,"basaliob":-0.442,"bolussnooze":0,"activity":0.0036,"lastBolusTime":1703430368291,"time":"2023-12-24T17:11:05.397Z"}},{"iob":0.436,"basaliob":0.007,"bolussnooze":0,"activity":0.0063,"lastBolusTime":1703430368291,"time":"2023-12-24T17:16:05.397Z","iobWithZeroTemp":{"iob":-0.03,"basaliob":-0.459,"bolussnooze":0,"activity":0.003,"lastBolusTime":1703430368291,"time":"2023-12-24T17:16:05.397Z"}},{"iob":0.405,"basaliob":0.006,"bolussnooze":0,"activity":0.0059,"lastBolusTime":1703430368291,"time":"2023-12-24T17:21:05.397Z","iobWithZeroTemp":{"iob":-0.077,"basaliob":-0.476,"bolussnooze":0,"activity":0.0024,"lastBolusTime":1703430368291,"time":"2023-12-24T17:21:05.397Z"}},{"iob":0.377,"basaliob":0.006,"bolussnooze":0,"activity":0.0056,"lastBolusTime":1703430368291,"time":"2023-12-24T17:26:05.397Z","iobWithZeroTemp":{"iob":-0.121,"basaliob":-0.492,"bolussnooze":0,"activity":0.0019,"lastBolusTime":1703430368291,"time":"2023-12-24T17:26:05.397Z"}},{"iob":0.349,"basaliob":0.005,"bolussnooze":0,"activity":0.0052,"lastBolusTime":1703430368291,"time":"2023-12-24T17:31:05.397Z","iobWithZeroTemp":{"iob":-0.163,"basaliob":-0.507,"bolussnooze":0,"activity":0.0014,"lastBolusTime":1703430368291,"time":"2023-12-24T17:31:05.397Z"}},{"iob":0.324,"basaliob":0.005,"bolussnooze":0,"activity":0.0049,"lastBolusTime":1703430368291,"time":"2023-12-24T17:36:05.397Z","iobWithZeroTemp":{"iob":-0.202,"basaliob":-0.521,"bolussnooze":0,"activity":9.0E-4,"lastBolusTime":1703430368291,"time":"2023-12-24T17:36:05.397Z"}},{"iob":0.3,"basaliob":0.004,"bolussnooze":0,"activity":0.0046,"lastBolusTime":1703430368291,"time":"2023-12-24T17:41:05.397Z","iobWithZeroTemp":{"iob":-0.239,"basaliob":-0.535,"bolussnooze":0,"activity":4.0E-4,"lastBolusTime":1703430368291,"time":"2023-12-24T17:41:05.397Z"}},{"iob":0.278,"basaliob":0.004,"bolussnooze":0,"activity":0.0043,"lastBolusTime":1703430368291,"time":"2023-12-24T17:46:05.397Z","iobWithZeroTemp":{"iob":-0.273,"basaliob":-0.547,"bolussnooze":0,"activity":0,"lastBolusTime":1703430368291,"time":"2023-12-24T17:46:05.397Z"}},{"iob":0.258,"basaliob":0.004,"bolussnooze":0,"activity":0.004,"lastBolusTime":1703430368291,"time":"2023-12-24T17:51:05.397Z","iobWithZeroTemp":{"iob":-0.304,"basaliob":-0.558,"bolussnooze":0,"activity":-5.0E-4,"lastBolusTime":1703430368291,"time":"2023-12-24T17:51:05.397Z"}},{"iob":0.238,"basaliob":0.003,"bolussnooze":0,"activity":0.0038,"lastBolusTime":1703430368291,"time":"2023-12-24T17:56:05.397Z","iobWithZeroTemp":{"iob":-0.335,"basaliob":-0.57,"bolussnooze":0,"activity":-8.0E-4,"lastBolusTime":1703430368291,"time":"2023-12-24T17:56:05.397Z"}},{"iob":0.22,"basaliob":0.003,"bolussnooze":0,"activity":0.0035,"lastBolusTime":1703430368291,"time":"2023-12-24T18:01:05.397Z","iobWithZeroTemp":{"iob":-0.363,"basaliob":-0.58,"bolussnooze":0,"activity":-0.0013,"lastBolusTime":1703430368291,"time":"2023-12-24T18:01:05.397Z"}},{"iob":0.204,"basaliob":0.003,"bolussnooze":0,"activity":0.0032,"lastBolusTime":1703430368291,"time":"2023-12-24T18:06:05.397Z","iobWithZeroTemp":{"iob":-0.388,"basaliob":-0.589,"bolussnooze":0,"activity":-0.0017,"lastBolusTime":1703430368291,"time":"2023-12-24T18:06:05.397Z"}},{"iob":0.188,"basaliob":0.003,"bolussnooze":0,"activity":0.003,"lastBolusTime":1703430368291,"time":"2023-12-24T18:11:05.397Z","iobWithZeroTemp":{"iob":-0.413,"basaliob":-0.598,"bolussnooze":0,"activity":-0.002,"lastBolusTime":1703430368291,"time":"2023-12-24T18:11:05.397Z"}},{"iob":0.173,"basaliob":0.002,"bolussnooze":0,"activity":0.0028,"lastBolusTime":1703430368291,"time":"2023-12-24T18:16:05.397Z","iobWithZeroTemp":{"iob":-0.436,"basaliob":-0.607,"bolussnooze":0,"activity":-0.0023,"lastBolusTime":1703430368291,"time":"2023-12-24T18:16:05.397Z"}},{"iob":0.159,"basaliob":0.002,"bolussnooze":0,"activity":0.0026,"lastBolusTime":1703430368291,"time":"2023-12-24T18:21:05.397Z","iobWithZeroTemp":{"iob":-0.457,"basaliob":-0.614,"bolussnooze":0,"activity":-0.0026,"lastBolusTime":1703430368291,"time":"2023-12-24T18:21:05.397Z"}},{"iob":0.147,"basaliob":0.002,"bolussnooze":0,"activity":0.0024,"lastBolusTime":1703430368291,"time":"2023-12-24T18:26:05.397Z","iobWithZeroTemp":{"iob":-0.476,"basaliob":-0.621,"bolussnooze":0,"activity":-0.0029,"lastBolusTime":1703430368291,"time":"2023-12-24T18:26:05.397Z"}},{"iob":0.135,"basaliob":0.002,"bolussnooze":0,"activity":0.0022,"lastBolusTime":1703430368291,"time":"2023-12-24T18:31:05.397Z","iobWithZeroTemp":{"iob":-0.494,"basaliob":-0.627,"bolussnooze":0,"activity":-0.0032,"lastBolusTime":1703430368291,"time":"2023-12-24T18:31:05.397Z"}},{"iob":0.125,"basaliob":0.002,"bolussnooze":0,"activity":0.0021,"lastBolusTime":1703430368291,"time":"2023-12-24T18:36:05.397Z","iobWithZeroTemp":{"iob":-0.51,"basaliob":-0.633,"bolussnooze":0,"activity":-0.0034,"lastBolusTime":1703430368291,"time":"2023-12-24T18:36:05.397Z"}},{"iob":0.114,"basaliob":0.001,"bolussnooze":0,"activity":0.0019,"lastBolusTime":1703430368291,"time":"2023-12-24T18:41:05.397Z","iobWithZeroTemp":{"iob":-0.527,"basaliob":-0.64,"bolussnooze":0,"activity":-0.0037,"lastBolusTime":1703430368291,"time":"2023-12-24T18:41:05.397Z"}},{"iob":0.105,"basaliob":0.001,"bolussnooze":0,"activity":0.0018,"lastBolusTime":1703430368291,"time":"2023-12-24T18:46:05.397Z","iobWithZeroTemp":{"iob":-0.541,"basaliob":-0.645,"bolussnooze":0,"activity":-0.0039,"lastBolusTime":1703430368291,"time":"2023-12-24T18:46:05.397Z"}},{"iob":0.096,"basaliob":0.001,"bolussnooze":0,"activity":0.0016,"lastBolusTime":1703430368291,"time":"2023-12-24T18:51:05.397Z","iobWithZeroTemp":{"iob":-0.555,"basaliob":-0.65,"bolussnooze":0,"activity":-0.0041,"lastBolusTime":1703430368291,"time":"2023-12-24T18:51:05.397Z"}},{"iob":0.088,"basaliob":0.001,"bolussnooze":0,"activity":0.0015,"lastBolusTime":1703430368291,"time":"2023-12-24T18:56:05.397Z","iobWithZeroTemp":{"iob":-0.567,"basaliob":-0.654,"bolussnooze":0,"activity":-0.0043,"lastBolusTime":1703430368291,"time":"2023-12-24T18:56:05.397Z"}},{"iob":0.081,"basaliob":0.001,"bolussnooze":0,"activity":0.0014,"lastBolusTime":1703430368291,"time":"2023-12-24T19:01:05.397Z","iobWithZeroTemp":{"iob":-0.578,"basaliob":-0.658,"bolussnooze":0,"activity":-0.0045,"lastBolusTime":1703430368291,"time":"2023-12-24T19:01:05.397Z"}},{"iob":0.074,"basaliob":0.001,"bolussnooze":0,"activity":0.0013,"lastBolusTime":1703430368291,"time":"2023-12-24T19:06:05.397Z","iobWithZeroTemp":{"iob":-0.589,"basaliob":-0.662,"bolussnooze":0,"activity":-0.0046,"lastBolusTime":1703430368291,"time":"2023-12-24T19:06:05.397Z"}},{"iob":0.068,"basaliob":0.001,"bolussnooze":0,"activity":0.0012,"lastBolusTime":1703430368291,"time":"2023-12-24T19:11:05.397Z","iobWithZeroTemp":{"iob":-0.599,"basaliob":-0.666,"bolussnooze":0,"activity":-0.0048,"lastBolusTime":1703430368291,"time":"2023-12-24T19:11:05.397Z"}},{"iob":0.062,"basaliob":0.001,"bolussnooze":0,"activity":0.0011,"lastBolusTime":1703430368291,"time":"2023-12-24T19:16:05.397Z","iobWithZeroTemp":{"iob":-0.608,"basaliob":-0.669,"bolussnooze":0,"activity":-0.0049,"lastBolusTime":1703430368291,"time":"2023-12-24T19:16:05.397Z"}},{"iob":0.057,"basaliob":0.001,"bolussnooze":0,"activity":0.001,"lastBolusTime":1703430368291,"time":"2023-12-24T19:21:05.397Z","iobWithZeroTemp":{"iob":-0.616,"basaliob":-0.672,"bolussnooze":0,"activity":-0.0051,"lastBolusTime":1703430368291,"time":"2023-12-24T19:21:05.397Z"}},{"iob":0.052,"basaliob":0.001,"bolussnooze":0,"activity":9.0E-4,"lastBolusTime":1703430368291,"time":"2023-12-24T19:26:05.397Z","iobWithZeroTemp":{"iob":-0.624,"basaliob":-0.675,"bolussnooze":0,"activity":-0.0052,"lastBolusTime":1703430368291,"time":"2023-12-24T19:26:05.397Z"}},{"iob":0.048,"basaliob":0.001,"bolussnooze":0,"activity":9.0E-4,"lastBolusTime":1703430368291,"time":"2023-12-24T19:31:05.397Z","iobWithZeroTemp":{"iob":-0.63,"basaliob":-0.677,"bolussnooze":0,"activity":-0.0053,"lastBolusTime":1703430368291,"time":"2023-12-24T19:31:05.397Z"}},{"iob":0.042,"basaliob":0,"bolussnooze":0,"activity":8.0E-4,"lastBolusTime":1703430368291,"time":"2023-12-24T19:36:05.397Z","iobWithZeroTemp":{"iob":-0.638,"basaliob":-0.68,"bolussnooze":0,"activity":-0.0054,"lastBolusTime":1703430368291,"time":"2023-12-24T19:36:05.397Z"}}],"profile":{"max_iob":4,"type":"current","max_daily_basal":0.5,"max_basal":1.2,"min_bg":91.79999999999998,"max_bg":91.79999999999998,"target_bg":91.79999999999998,"carb_ratio":20,"sens":126,"max_daily_safety_multiplier":3,"current_basal_safety_multiplier":4,"high_temptarget_raises_sensitivity":false,"low_temptarget_lowers_sensitivity":false,"sensitivity_raises_target":true,"resistance_lowers_target":true,"adv_target_adjustments":false,"exercise_mode":false,"half_basal_exercise_target":160,"maxCOB":120,"skip_neutral_temps":false,"remainingCarbsCap":90,"enableUAM":true,"A52_risk_enable":false,"SMBInterval":3,"enableSMB_with_COB":true,"enableSMB_with_temptarget":true,"allowSMB_with_high_temptarget":false,"enableSMB_always":false,"enableSMB_after_carbs":false,"maxSMBBasalMinutes":75,"maxUAMSMBBasalMinutes":75,"bolus_increment":0.05,"carbsReqThreshold":10,"current_basal":0.3,"temptargetSet":true,"autosens_max":1.2,"out_units":"mmol\/L"},"autosens_data":{"ratio":1},"meal_data":{"carbs":0,"mealCOB":0,"slopeFromMaxDeviation":-4.55,"slopeFromMinDeviation":0,"lastBolusTime":1703430368291,"lastCarbTime":0},"microBolusAllowed":true,"currentTime":1703432466716,"flatBGsDetected":false},"output":{"temp":"absolute","bg":164,"tick":-22,"eventualBG":-46,"targetBG":91.79999999999998,"insulinReq":0,"deliverAt":"2023-12-24T15:41:06.716Z","sensitivityRatio":1,"predBGs":{"IOB":[164,143,123,104,87,70,56,43,39,39,39,39,39],"ZT":[164,155,147,138,130,122,114,107,100,93,87,82,76,72,67,63,60,57,54,52,50,48,47,46,46,45,45,46,46,47,48,49,51,52,54,56,58,61,63,66,69,71,74,77,80,84,87,90]},"COB":0,"IOB":1.427,"reason":"COB: 0, Dev: -1.7, BGI: -0.5, ISF: 7.0, CR: 20, Target: 5.1, minPredBG 2.3, minGuardBG -5.0, IOBpredBG 2.2; 22 add'l carbs req w\/in 30m; minGuardBG -5.0<3.7","carbsReq":22,"carbsReqWithin":30,"duration":120,"rate":0,"timestamp":"2023-12-24T15:41:06.735Z"}}