{"algorithm":"OpenAPSSMBPlugin","input":{"glucoseStatus":{"glucose":120,"noise":0,"delta":2,"short_avgdelta":0.81,"long_avgdelta":-1.23,"date":1703509517264},"currenttemp":{"temp":"absolute","duration":0,"rate":0},"iob_data":[{"iob":0.17,"basaliob":0.17,"bolussnooze":0,"activity":0.0018,"lastBolusTime":0,"time":"2023-12-25T13:06:09.121Z","iobWithZeroTemp":{"iob":0.17,"basaliob":0.17,"bolussnooze":0,"activity":0.0018,"lastBolusTime":0,"time":"2023-12-25T13:06:09.121Z"}},{"iob":0.161,"basaliob":0.161,"bolussnooze":0,"activity":0.0017,"lastBolusTime":0,"time":"2023-12-25T13:11:09.121Z","iobWithZeroTemp":{"iob":0.141,"basaliob":0.141,"bolussnooze":0,"activity":0.0017,"lastBolusTime":0,"time":"2023-12-25T13:11:09.121Z"}},{"iob":0.152,"basaliob":0.152,"bolussnooze":0,"activity":0.0017,"lastBolusTime":0,"time":"2023-12-25T13:16:09.121Z","iobWithZeroTemp":{"iob":0.107,"basaliob":0.107,"bolussnooze":0,"activity":0.0016,"lastBolusTime":0,"time":"2023-12-25T13:16:09.121Z"}},{"iob":0.144,"basaliob":0.144,"bolussnooze":0,"activity":0.0016,"lastBolusTime":0,"time":"2023-12-25T13:21:09.121Z","iobWithZeroTemp":{"iob":0.075,"basaliob":0.075,"bolussnooze":0,"activity":0.0015,"lastBolusTime":0,"time":"2023-12-25T13:21:09.121Z"}},{"iob":0.136,"basaliob":0.136,"bolussnooze":0,"activity":0.0016,"lastBolusTime":0,"time":"2023-12-25T13:26:09.121Z","iobWithZeroTemp":{"iob":0.043,"basaliob":0.043,"bolussnooze":0,"activity":0.0014,"lastBolusTime":0,"time":"2023-12-25T13:26:09.121Z"}},{"iob":0.128,"basaliob":0.128,"bolussnooze":0,"activity":0.0015,"lastBolusTime":0,"time":"2023-12-25T13:31:09.121Z","iobWithZeroTemp":{"iob":0.011,"basaliob":0.011,"bolussnooze":0,"activity":0.0011,"lastBolusTime":0,"time":"2023-12-25T13:31:09.121Z"}},{"iob":0.121,"basaliob":0.121,"bolussnooze":0,"activity":0.0015,"lastBolusTime":0,"time":"2023-12-25T13:36:09.121Z","iobWithZeroTemp":{"iob":-0.019,"basaliob":-0.019,"bolussnooze":0,"activity":0.001,"lastBolusTime":0,"time":"2023-12-25T13:36:09.121Z"}},{"iob":0.114,"basaliob":0.114,"bolussnooze":0,"activity":0.0014,"lastBolusTime":0,"time":"2023-12-25T13:41:09.121Z","iobWithZeroTemp":{"iob":-0.048,"basaliob":-0.048,"bolussnooze":0,"activity":7.0E-4,"lastBolusTime":0,"time":"2023-12-25T13:41:09.121Z"}},{"iob":0.107,"basaliob":0.107,"bolussnooze":0,"activity":0.0014,"lastBolusTime":0,"time":"2023-12-25T13:46:09.121Z","iobWithZeroTemp":{"iob":-0.076,"basaliob":-0.076,"bolussnooze":0,"activity":6.0E-4,"lastBolusTime":0,"time":"2023-12-25T13:46:09.121Z"}},{"iob":0.1,"basaliob":0.1,"bolussnooze":0,"activity":0.0013,"lastBolusTime":0,"time":"2023-12-25T13:51:09.121Z","iobWithZeroTemp":{"iob":-0.104,"basaliob":-0.104,"bolussnooze":0,"activity":3.0E-4,"lastBolusTime":0,"time":"2023-12-25T13:51:09.121Z"}},{"iob":0.094,"basaliob":0.094,"bolussnooze":0,"activity":0.0012,"lastBolusTime":0,"time":"2023-12-25T13:56:09.121Z","iobWithZeroTemp":{"iob":-0.129,"basaliob":-0.129,"bolussnooze":0,"activity":0,"lastBolusTime":0,"time":"2023-12-25T13:56:09.121Z"}},{"iob":0.088,"basaliob":0.088,"bolussnooze":0,"activity":0.0012,"lastBolusTime":0,"time":"2023-12-25T14:01:09.121Z","iobWithZeroTemp":{"iob":-0.154,"basaliob":-0.154,"bolussnooze":0,"activity":-1.0E-4,"lastBolusTime":0,"time":"2023-12-25T14:01:09.121Z"}},{"iob":0.082,"basaliob":0.082,"bolussnooze":0,"activity":0.0011,"lastBolusTime":0,"time":"2023-12-25T14:06:09.121Z","iobWithZeroTemp":{"iob":-0.178,"basaliob":-0.178,"bolussnooze":0,"activity":-4.0E-4,"lastBolusTime":0,"time":"2023-12-25T14:06:09.121Z"}},{"iob":0.077,"basaliob":0.077,"bolussnooze":0,"activity":0.0011,"lastBolusTime":0,"time":"2023-12-25T14:11:09.121Z","iobWithZeroTemp":{"iob":-0.2,"basaliob":-0.2,"bolussnooze":0,"activity":-6.0E-4,"lastBolusTime":0,"time":"2023-12-25T14:11:09.121Z"}},{"iob":0.071,"basaliob":0.071,"bolussnooze":0,"activity":0.001,"lastBolusTime":0,"time":"2023-12-25T14:16:09.121Z","iobWithZeroTemp":{"iob":-0.223,"basaliob":-0.223,"bolussnooze":0,"activity":-8.0E-4,"lastBolusTime":0,"time":"2023-12-25T14:16:09.121Z"}},{"iob":0.067,"basaliob":0.067,"bolussnooze":0,"activity":9.0E-4,"lastBolusTime":0,"time":"2023-12-25T14:21:09.121Z","iobWithZeroTemp":{"iob":-0.242,"basaliob":-0.242,"bolussnooze":0,"activity":-0.0011,"lastBolusTime":0,"time":"2023-12-25T14:21:09.121Z"}},{"iob":0.062,"basaliob":0.062,"bolussnooze":0,"activity":9.0E-4,"lastBolusTime":0,"time":"2023-12-25T14:26:09.121Z","iobWithZeroTemp":{"iob":-0.262,"basaliob":-0.262,"bolussnooze":0,"activity":-0.0013,"lastBolusTime":0,"time":"2023-12-25T14:26:09.121Z"}},{"iob":0.058,"basaliob":0.058,"bolussnooze":0,"activity":8.0E-4,"lastBolusTime":0,"time":"2023-12-25T14:31:09.121Z","iobWithZeroTemp":{"iob":-0.279,"basaliob":-0.279,"bolussnooze":0,"activity":-0.0015,"lastBolusTime":0,"time":"2023-12-25T14:31:09.121Z"}},{"iob":0.054,"basaliob":0.054,"bolussnooze":0,"activity":8.0E-4,"lastBolusTime":0,"time":"2023-12-25T14:36:09.121Z","iobWithZeroTemp":{"iob":-0.296,"basaliob":-0.296,"bolussnooze":0,"activity":-0.0017,"lastBolusTime":0,"time":"2023-12-25T14:36:09.121Z"}},{"iob":0.05,"basaliob":0.05,"bolussnooze":0,"activity":7.0E-4,"lastBolusTime":0,"time":"2023-12-25T14:41:09.121Z","iobWithZeroTemp":{"iob":-0.313,"basaliob":-0.313,"bolussnooze":0,"activity":-0.0019,"lastBolusTime":0,"time":"2023-12-25T14:41:09.121Z"}},{"iob":0.046,"basaliob":0.046,"bolussnooze":0,"activity":7.0E-4,"lastBolusTime":0,"time":"2023-12-25T14:46:09.121Z","iobWithZeroTemp":{"iob":-0.328,"basaliob":-0.328,"bolussnooze":0,"activity":-0.0021,"lastBolusTime":0,"time":"2023-12-25T14:46:09.121Z"}},{"iob":0.043,"basaliob":0.043,"bolussnooze":0,"activity":6.0E-4,"lastBolusTime":0,"time":"2023-12-25T14:51:09.121Z","iobWithZeroTemp":{"iob":-0.342,"basaliob":-0.342,"bolussnooze":0,"activity":-0.0023,"lastBolusTime":0,"time":"2023-12-25T14:51:09.121Z"}},{"iob":0.04,"basaliob":0.04,"bolussnooze":0,"activity":6.0E-4,"lastBolusTime":0,"time":"2023-12-25T14:56:09.121Z","iobWithZeroTemp":{"iob":-0.355,"basaliob":-0.355,"bolussnooze":0,"activity":-0.0024,"lastBolusTime":0,"time":"2023-12-25T14:56:09.121Z"}},{"iob":0.037,"basaliob":0.037,"bolussnooze":0,"activity":6.0E-4,"lastBolusTime":0,"time":"2023-12-25T15:01:09.121Z","iobWithZeroTemp":{"iob":-0.368,"basaliob":-0.368,"bolussnooze":0,"activity":-0.0025,"lastBolusTime":0,"time":"2023-12-25T15:01:09.121Z"}},{"iob":0.034,"basaliob":0.034,"bolussnooze":0,"activity":5.0E-4,"lastBolusTime":0,"time":"2023-12-25T15:06:09.121Z","iobWithZeroTemp":{"iob":-0.38,"basaliob":-0.38,"bolussnooze":0,"activity":-0.0028,"lastBolusTime":0,"time":"2023-12-25T15:06:09.121Z"}},{"iob":0.032,"basaliob":0.032,"bolussnooze":0,"activity":5.0E-4,"lastBolusTime":0,"time":"2023-12-25T15:11:09.121Z","iobWithZeroTemp":{"iob":-0.39,"basaliob":-0.39,"bolussnooze":0,"activity":-0.0029,"lastBolusTime":0,"time":"2023-12-25T15:11:09.121Z"}},{"iob":0.029,"basaliob":0.029,"bolussnooze":0,"activity":5.0E-4,"lastBolusTime":0,"time":"2023-12-25T15:16:09.121Z","iobWithZeroTemp":{"iob":-0.401,"basaliob":-0.401,"bolussnooze":0,"activity":-0.003,"lastBolusTime":0,"time":"2023-12-25T15:16:09.121Z"}},{"iob":0.027,"basaliob":0.027,"bolussnooze":0,"activity":4.0E-4,"lastBolusTime":0,"time":"2023-12-25T15:21:09.121Z","iobWithZeroTemp":{"iob":-0.411,"basaliob":-0.411,"bolussnooze":0,"activity":-0.0032,"lastBolusTime":0,"time":"2023-12-25T15:21:09.121Z"}},{"iob":0.025,"basaliob":0.025,"bolussnooze":0,"activity":4.0E-4,"lastBolusTime":0,"time":"2023-12-25T15:26:09.121Z","iobWithZeroTemp":{"iob":-0.42,"basaliob":-0.42,"bolussnooze":0,"activity":-0.0033,"lastBolusTime":0,"time":"2023-12-25T15:26:09.121Z"}},{"iob":0.023,"basaliob":0.023,"bolussnooze":0,"activity":4.0E-4,"lastBolusTime":0,"time":"2023-12-25T15:31:09.121Z","iobWithZeroTemp":{"iob":-0.428,"basaliob":-0.428,"bolussnooze":0,"activity":-0.0034,"lastBolusTime":0,"time":"2023-12-25T15:31:09.121Z"}},{"iob":0.021,"basaliob":0.021,"bolussnooze":0,"activity":3.0E-4,"lastBolusTime":0,"time":"2023-12-25T15:36:09.121Z","iobWithZeroTemp":{"iob":-0.436,"basaliob":-0.436,"bolussnooze":0,"activity":-0.0036,"lastBolusTime":0,"time":"2023-12-25T15:36:09.121Z"}},{"iob":0.019,"basaliob":0.019,"bolussnooze":0,"activity":3.0E-4,"lastBolusTime":0,"time":"2023-12-25T15:41:09.121Z","iobWithZeroTemp":{"iob":-0.444,"basaliob":-0.444,"bolussnooze":0,"activity":-0.0036,"lastBolusTime":0,"time":"2023-12-25T15:41:09.121Z"}},{"iob":0.018,"basaliob":0.018,"bolussnooze":0,"activity":3.0E-4,"lastBolusTime":0,"time":"2023-12-25T15:46:09.121Z","iobWithZeroTemp":{"iob":-0.45,"basaliob":-0.45,"bolussnooze":0,"activity":-0.0037,"lastBolusTime":0,"time":"2023-12-25T15:46:09.121Z"}},{"iob":0.016,"basaliob":0.016,"bolussnooze":0,"activity":3.0E-4,"lastBolusTime":0,"time":"2023-12-25T15:51:09.121Z","iobWithZeroTemp":{"iob":-0.457,"basaliob":-0.457,"bolussnooze":0,"activity":-0.0038,"lastBolusTime":0,"time":"2023-12-25T15:51:09.121Z"}},{"iob":0.015,"basaliob":0.015,"bolussnooze":0,"activity":3.0E-4,"lastBolusTime":0,"time":"2023-12-25T15:56:09.121Z","iobWithZeroTemp":{"iob":-0.462,"basaliob":-0.462,"bolussnooze":0,"activity":-0.0038,"lastBolusTime":0,"time":"2023-12-25T15:56:09.121Z"}},{"iob":0.014,"basaliob":0.014,"bolussnooze":0,"activity":2.0E-4,"lastBolusTime":0,"time":"2023-12-25T16:01:09.121Z","iobWithZeroTemp":{"iob":-0.467,"basaliob":-0.467,"bolussnooze":0,"activity":-0.004,"lastBolusTime":0,"time":"2023-12-25T16:01:09.121Z"}},{"iob":0.013,"basaliob":0.013,"bolussnooze":0,"activity":2.0E-4,"lastBolusTime":0,"time":"2023-12-25T16:06:09.121Z","iobWithZeroTemp":{"iob":-0.48,"basaliob":-0.48,"bolussnooze":0,"activity":-0.0041,"lastBolusTime":0,"time":"2023-12-25T16:06:09.121Z"}},{"iob":0.012,"basaliob":0.012,"bolussnooze":0,"activity":2.0E-4,"lastBolusTime":0,"time":"2023-12-25T16:11:09.121Z","iobWithZeroTemp":{"iob":-0.493,"basaliob":-0.493,"bolussnooze":0,"activity":-0.0041,"lastBolusTime":0,"time":"2023-12-25T16:11:09.121Z"}},{"iob":0.011,"basaliob":0.011,"bolussnooze":0,"activity":2.0E-4,"lastBolusTime":0,"time":"2023-12-25T16:16:09.121Z","iobWithZeroTemp":{"iob":-0.505,"basaliob":-0.505,"bolussnooze":0,"activity":-0.0042,"lastBolusTime":0,"time":"2023-12-25T16:16:09.121Z"}},{"iob":0.01,"basaliob":0.01,"bolussnooze":0,"activity":2.0E-4,"lastBolusTime":0,"time":"2023-12-25T16:21:09.121Z","iobWithZeroTemp":{"iob":-0.517,"basaliob":-0.517,"bolussnooze":0,"activity":-0.0043,"lastBolusTime":0,"time":"2023-12-25T16:21:09.121Z"}},{"iob":0.009,"basaliob":0.009,"bolussnooze":0,"activity":2.0E-4,"lastBolusTime":0,"time":"2023-12-25T16:26:09.121Z","iobWithZeroTemp":{"iob":-0.529,"basaliob":-0.529,"bolussnooze":0,"activity":-0.0044,"lastBolusTime":0,"time":"2023-12-25T16:26:09.121Z"}},{"iob":0.008,"basaliob":0.008,"bolussnooze":0,"activity":1.0E-4,"lastBolusTime":0,"time":"2023-12-25T16:31:09.121Z","iobWithZeroTemp":{"iob":-0.54,"basaliob":-0.54,"bolussnooze":0,"activity":-0.0046,"lastBolusTime":0,"time":"2023-12-25T16:31:09.121Z"}},{"iob":0.008,"basaliob":0.008,"bolussnooze":0,"activity":1.0E-4,"lastBolusTime":0,"time":"2023-12-25T16:36:09.121Z","iobWithZeroTemp":{"iob":-0.55,"basaliob":-0.55,"bolussnooze":0,"activity":-0.0047,"lastBolusTime":0,"time":"2023-12-25T16:36:09.121Z"}},{"iob":0.007,"basaliob":0.007,"bolussnooze":0,"activity":1.0E-4,"lastBolusTime":0,"time":"2023-12-25T16:41:09.121Z","iobWithZeroTemp":{"iob":-0.56,"basaliob":-0.56,"bolussnooze":0,"activity":-0.0048,"lastBolusTime":0,"time":"2023-12-25T16:41:09.121Z"}},{"iob":0.006,"basaliob":0.006,"bolussnooze":0,"activity":1.0E-4,"lastBolusTime":0,"time":"2023-12-25T16:46:09.121Z","iobWithZeroTemp":{"iob":-0.57,"basaliob":-0.57,"bolussnooze":0,"activity":-0.0048,"lastBolusTime":0,"time":"2023-12-25T16:46:09.121Z"}},{"iob":0.006,"basaliob":0.006,"bolussnooze":0,"activity":1.0E-4,"lastBolusTime":0,"time":"2023-12-25T16:51:09.121Z","iobWithZeroTemp":{"iob":-0.578,"basaliob":-0.578,"bolussnooze":0,"activity":-0.0049,"lastBolusTime":0,"time":"2023-12-25T16:51:09.121Z"}},{"iob":0.005,"basaliob":0.005,"bolussnooze":0,"activity":1.0E-4,"lastBolusTime":0,"time":"2023-12-25T16:56:09.121Z","iobWithZeroTemp":{"iob":-0.587,"basaliob":-0.587,"bolussnooze":0,"activity":-0.005,"lastBolusTime":0,"time":"2023-12-25T16:56:09.121Z"}},{"iob":0.005,"basaliob":0.005,"bolussnooze":0,"activity":1.0E-4,"lastBolusTime":0,"time":"2023-12-25T17:01:09.121Z","iobWithZeroTemp":{"iob":-0.595,"basaliob":-0.595,"bolussnooze":0,"activity":-0.0051,"lastBolusTime":0,"time":"2023-12-25T17:01:09.121Z"}}],"profile":{"max_iob":4,"type":"current","max_daily_basal":0.5,"max_basal":1.2,"min_bg":100.8,"max_bg":100.8,"target_bg":100.8,"carb_ratio":30,"sens":126,"max_daily_safety_multiplier":3,"current_basal_safety_multiplier":4,"high_temptarget_raises_sensitivity":false,"low_temptarget_lowers_sensitivity":false,"sensitivity_raises_target":true,"resistance_lowers_target":true,"adv_target_adjustments":false,"exercise_mode":false,"half_basal_exercise_target":160,"maxCOB":120,"skip_neutral_temps":false,"remainingCarbsCap":90,"enableUAM":true,"A52_risk_enable":false,"SMBInterval":3,"enableSMB_with_COB":true,"enableSMB_with_temptarget":true,"allowSMB_with_high_temptarget":false,"enableSMB_always":false,"enableSMB_after_carbs":false,"maxSMBBasalMinutes":75,"maxUAMSMBBasalMinutes":75,"bolus_increment":0.05,"carbsReqThreshold":10,"current_basal":0.3,"temptargetSet":false,"autosens_max":1.2,"out_units":"mmol\/L"},"autosens_data":{"ratio":1},"meal_data":{"carbs":0,"mealCOB":0,"slopeFromMaxDeviation":-1.0726363636363636,"slopeFromMinDeviation":1.8335,"lastBolusTime":1703430368291,"lastCarbTime":0},"microBolusAllowed":true,"currentTime":1703509570435,"flatBGsDetected":false},"output":{"temp":"absolute","bg":120,"tick":"+2","eventualBG":111,"targetBG":100.8,"insulinReq":0.07,"deliverAt":"2023-12-25T13:06:10.435Z","sensitivityRatio":1,"predBGs":{"IOB":[120,121,121,121,122,122,122,122,121,121,121,120,119,118,118,117,117,116,116,115,115,114,114,113,113,113,112,112,112,112,111,111,111,111,111,110,110,110,110,110,110,110,110,109],"ZT":[120,119,118,117,116,115,114,114,113,113,113,113,113,113,113,114,115,115],"UAM":[120,120,119,118,117,116,115,114,113,112,111,110,110,109,108,108,107,106,106,105,105,105,104,104,103,103,103,102,102,102,102,102,101,101,101,101,101,101,100]},"COB":0,"IOB":0.17,"reason":"COB: 0, Dev: 0.7, BGI: -0.1, ISF: 7.0, CR: 30, Target: 5.6, minPredBG 6.1, minGuardBG 5.6, IOBpredBG 6.1, UAMpredBG 5.6; Eventual BG 6.2 >= 5.6, no temp, setting 0.44U\/hr. ","duration":30,"rate":0.44,"timestamp":"2023-12-25T13:06:10.481Z"}}