{"algorithm":"OpenAPSSMBPlugin","input":{"glucoseStatus":{"glucose":131,"noise":0,"delta":-1.67,"short_avgdelta":-3.02,"long_avgdelta":-3.14,"date":1703452815423},"currenttemp":{"temp":"absolute","duration":45,"rate":0,"minutesrunning":15},"iob_data":[{"iob":0.5,"basaliob":0.495,"bolussnooze":0,"activity":0.0046,"lastBolusTime":1703430368291,"time":"2023-12-24T21:21:07.556Z","iobWithZeroTemp":{"iob":0.5,"basaliob":0.495,"bolussnooze":0,"activity":0.0046,"lastBolusTime":1703430368291,"time":"2023-12-24T21:21:07.556Z"}},{"iob":0.476,"basaliob":0.472,"bolussnooze":0,"activity":0.0046,"lastBolusTime":1703430368291,"time":"2023-12-24T21:26:07.556Z","iobWithZeroTemp":{"iob":0.442,"basaliob":0.438,"bolussnooze":0,"activity":0.0046,"lastBolusTime":1703430368291,"time":"2023-12-24T21:26:07.556Z"}},{"iob":0.454,"basaliob":0.45,"bolussnooze":0,"activity":0.0046,"lastBolusTime":1703430368291,"time":"2023-12-24T21:31:07.556Z","iobWithZeroTemp":{"iob":0.378,"basaliob":0.374,"bolussnooze":0,"activity":0.0045,"lastBolusTime":1703430368291,"time":"2023-12-24T21:31:07.556Z"}},{"iob":0.431,"basaliob":0.428,"bolussnooze":0,"activity":0.0045,"lastBolusTime":1703430368291,"time":"2023-12-24T21:36:07.556Z","iobWithZeroTemp":{"iob":0.313,"basaliob":0.31,"bolussnooze":0,"activity":0.0043,"lastBolusTime":1703430368291,"time":"2023-12-24T21:36:07.556Z"}},{"iob":0.409,"basaliob":0.406,"bolussnooze":0,"activity":0.0044,"lastBolusTime":1703430368291,"time":"2023-12-24T21:41:07.556Z","iobWithZeroTemp":{"iob":0.25,"basaliob":0.247,"bolussnooze":0,"activity":0.004,"lastBolusTime":1703430368291,"time":"2023-12-24T21:41:07.556Z"}},{"iob":0.388,"basaliob":0.385,"bolussnooze":0,"activity":0.0043,"lastBolusTime":1703430368291,"time":"2023-12-24T21:46:07.556Z","iobWithZeroTemp":{"iob":0.189,"basaliob":0.186,"bolussnooze":0,"activity":0.0037,"lastBolusTime":1703430368291,"time":"2023-12-24T21:46:07.556Z"}},{"iob":0.366,"basaliob":0.364,"bolussnooze":0,"activity":0.0042,"lastBolusTime":1703430368291,"time":"2023-12-24T21:51:07.556Z","iobWithZeroTemp":{"iob":0.128,"basaliob":0.126,"bolussnooze":0,"activity":0.0033,"lastBolusTime":1703430368291,"time":"2023-12-24T21:51:07.556Z"}},{"iob":0.346,"basaliob":0.344,"bolussnooze":0,"activity":0.0041,"lastBolusTime":1703430368291,"time":"2023-12-24T21:56:07.556Z","iobWithZeroTemp":{"iob":0.071,"basaliob":0.069,"bolussnooze":0,"activity":0.003,"lastBolusTime":1703430368291,"time":"2023-12-24T21:56:07.556Z"}},{"iob":0.326,"basaliob":0.324,"bolussnooze":0,"activity":0.0038,"lastBolusTime":1703430368291,"time":"2023-12-24T22:01:07.556Z","iobWithZeroTemp":{"iob":0.015,"basaliob":0.013,"bolussnooze":0,"activity":0.0024,"lastBolusTime":1703430368291,"time":"2023-12-24T22:01:07.556Z"}},{"iob":0.306,"basaliob":0.305,"bolussnooze":0,"activity":0.0037,"lastBolusTime":1703430368291,"time":"2023-12-24T22:06:07.556Z","iobWithZeroTemp":{"iob":-0.04,"basaliob":-0.041,"bolussnooze":0,"activity":0.002,"lastBolusTime":1703430368291,"time":"2023-12-24T22:06:07.556Z"}},{"iob":0.288,"basaliob":0.287,"bolussnooze":0,"activity":0.0036,"lastBolusTime":1703430368291,"time":"2023-12-24T22:11:07.556Z","iobWithZeroTemp":{"iob":-0.092,"basaliob":-0.093,"bolussnooze":0,"activity":0.0016,"lastBolusTime":1703430368291,"time":"2023-12-24T22:11:07.556Z"}},{"iob":0.271,"basaliob":0.27,"bolussnooze":0,"activity":0.0034,"lastBolusTime":1703430368291,"time":"2023-12-24T22:16:07.556Z","iobWithZeroTemp":{"iob":-0.141,"basaliob":-0.142,"bolussnooze":0,"activity":0.0012,"lastBolusTime":1703430368291,"time":"2023-12-24T22:16:07.556Z"}},{"iob":0.254,"basaliob":0.253,"bolussnooze":0,"activity":0.0033,"lastBolusTime":1703430368291,"time":"2023-12-24T22:21:07.556Z","iobWithZeroTemp":{"iob":-0.188,"basaliob":-0.189,"bolussnooze":0,"activity":8.0E-4,"lastBolusTime":1703430368291,"time":"2023-12-24T22:21:07.556Z"}},{"iob":0.238,"basaliob":0.237,"bolussnooze":0,"activity":0.0031,"lastBolusTime":1703430368291,"time":"2023-12-24T22:26:07.556Z","iobWithZeroTemp":{"iob":-0.233,"basaliob":-0.234,"bolussnooze":0,"activity":3.0E-4,"lastBolusTime":1703430368291,"time":"2023-12-24T22:26:07.556Z"}},{"iob":0.223,"basaliob":0.222,"bolussnooze":0,"activity":0.0029,"lastBolusTime":1703430368291,"time":"2023-12-24T22:31:07.556Z","iobWithZeroTemp":{"iob":-0.276,"basaliob":-0.277,"bolussnooze":0,"activity":-2.0E-4,"lastBolusTime":1703430368291,"time":"2023-12-24T22:31:07.556Z"}},{"iob":0.209,"basaliob":0.208,"bolussnooze":0,"activity":0.0028,"lastBolusTime":1703430368291,"time":"2023-12-24T22:36:07.556Z","iobWithZeroTemp":{"iob":-0.316,"basaliob":-0.317,"bolussnooze":0,"activity":-6.0E-4,"lastBolusTime":1703430368291,"time":"2023-12-24T22:36:07.556Z"}},{"iob":0.194,"basaliob":0.194,"bolussnooze":0,"activity":0.0027,"lastBolusTime":1703430368291,"time":"2023-12-24T22:41:07.556Z","iobWithZeroTemp":{"iob":-0.356,"basaliob":-0.356,"bolussnooze":0,"activity":-0.001,"lastBolusTime":1703430368291,"time":"2023-12-24T22:41:07.556Z"}},{"iob":0.181,"basaliob":0.181,"bolussnooze":0,"activity":0.0025,"lastBolusTime":1703430368291,"time":"2023-12-24T22:46:07.556Z","iobWithZeroTemp":{"iob":-0.393,"basaliob":-0.393,"bolussnooze":0,"activity":-0.0014,"lastBolusTime":1703430368291,"time":"2023-12-24T22:46:07.556Z"}},{"iob":0.169,"basaliob":0.169,"bolussnooze":0,"activity":0.0024,"lastBolusTime":1703430368291,"time":"2023-12-24T22:51:07.556Z","iobWithZeroTemp":{"iob":-0.427,"basaliob":-0.427,"bolussnooze":0,"activity":-0.0018,"lastBolusTime":1703430368291,"time":"2023-12-24T22:51:07.556Z"}},{"iob":0.157,"basaliob":0.157,"bolussnooze":0,"activity":0.0022,"lastBolusTime":1703430368291,"time":"2023-12-24T22:56:07.556Z","iobWithZeroTemp":{"iob":-0.46,"basaliob":-0.46,"bolussnooze":0,"activity":-0.0022,"lastBolusTime":1703430368291,"time":"2023-12-24T22:56:07.556Z"}},{"iob":0.147,"basaliob":0.147,"bolussnooze":0,"activity":0.0021,"lastBolusTime":1703430368291,"time":"2023-12-24T23:01:07.556Z","iobWithZeroTemp":{"iob":-0.489,"basaliob":-0.489,"bolussnooze":0,"activity":-0.0026,"lastBolusTime":1703430368291,"time":"2023-12-24T23:01:07.556Z"}},{"iob":0.136,"basaliob":0.136,"bolussnooze":0,"activity":0.002,"lastBolusTime":1703430368291,"time":"2023-12-24T23:06:07.556Z","iobWithZeroTemp":{"iob":-0.498,"basaliob":-0.498,"bolussnooze":0,"activity":-0.0029,"lastBolusTime":1703430368291,"time":"2023-12-24T23:06:07.556Z"}},{"iob":0.127,"basaliob":0.127,"bolussnooze":0,"activity":0.0019,"lastBolusTime":1703430368291,"time":"2023-12-24T23:11:07.556Z","iobWithZeroTemp":{"iob":-0.503,"basaliob":-0.503,"bolussnooze":0,"activity":-0.0032,"lastBolusTime":1703430368291,"time":"2023-12-24T23:11:07.556Z"}},{"iob":0.118,"basaliob":0.118,"bolussnooze":0,"activity":0.0017,"lastBolusTime":1703430368291,"time":"2023-12-24T23:16:07.556Z","iobWithZeroTemp":{"iob":-0.508,"basaliob":-0.508,"bolussnooze":0,"activity":-0.0035,"lastBolusTime":1703430368291,"time":"2023-12-24T23:16:07.556Z"}},{"iob":0.109,"basaliob":0.109,"bolussnooze":0,"activity":0.0016,"lastBolusTime":1703430368291,"time":"2023-12-24T23:21:07.556Z","iobWithZeroTemp":{"iob":-0.512,"basaliob":-0.512,"bolussnooze":0,"activity":-0.0037,"lastBolusTime":1703430368291,"time":"2023-12-24T23:21:07.556Z"}},{"iob":0.101,"basaliob":0.101,"bolussnooze":0,"activity":0.0015,"lastBolusTime":1703430368291,"time":"2023-12-24T23:26:07.556Z","iobWithZeroTemp":{"iob":-0.515,"basaliob":-0.515,"bolussnooze":0,"activity":-0.0039,"lastBolusTime":1703430368291,"time":"2023-12-24T23:26:07.556Z"}},{"iob":0.094,"basaliob":0.094,"bolussnooze":0,"activity":0.0014,"lastBolusTime":1703430368291,"time":"2023-12-24T23:31:07.556Z","iobWithZeroTemp":{"iob":-0.516,"basaliob":-0.516,"bolussnooze":0,"activity":-0.0041,"lastBolusTime":1703430368291,"time":"2023-12-24T23:31:07.556Z"}},{"iob":0.087,"basaliob":0.087,"bolussnooze":0,"activity":0.0013,"lastBolusTime":1703430368291,"time":"2023-12-24T23:36:07.556Z","iobWithZeroTemp":{"iob":-0.517,"basaliob":-0.517,"bolussnooze":0,"activity":-0.0042,"lastBolusTime":1703430368291,"time":"2023-12-24T23:36:07.556Z"}},{"iob":0.08,"basaliob":0.08,"bolussnooze":0,"activity":0.0013,"lastBolusTime":1703430368291,"time":"2023-12-24T23:41:07.556Z","iobWithZeroTemp":{"iob":-0.518,"basaliob":-0.518,"bolussnooze":0,"activity":-0.0042,"lastBolusTime":1703430368291,"time":"2023-12-24T23:41:07.556Z"}},{"iob":0.074,"basaliob":0.074,"bolussnooze":0,"activity":0.0012,"lastBolusTime":1703430368291,"time":"2023-12-24T23:46:07.556Z","iobWithZeroTemp":{"iob":-0.517,"basaliob":-0.517,"bolussnooze":0,"activity":-0.0043,"lastBolusTime":1703430368291,"time":"2023-12-24T23:46:07.556Z"}},{"iob":0.069,"basaliob":0.069,"bolussnooze":0,"activity":0.0011,"lastBolusTime":1703430368291,"time":"2023-12-24T23:51:07.556Z","iobWithZeroTemp":{"iob":-0.516,"basaliob":-0.516,"bolussnooze":0,"activity":-0.0044,"lastBolusTime":1703430368291,"time":"2023-12-24T23:51:07.556Z"}},{"iob":0.063,"basaliob":0.063,"bolussnooze":0,"activity":0.001,"lastBolusTime":1703430368291,"time":"2023-12-24T23:56:07.556Z","iobWithZeroTemp":{"iob":-0.515,"basaliob":-0.515,"bolussnooze":0,"activity":-0.0045,"lastBolusTime":1703430368291,"time":"2023-12-24T23:56:07.556Z"}},{"iob":0.059,"basaliob":0.059,"bolussnooze":0,"activity":9.0E-4,"lastBolusTime":1703430368291,"time":"2023-12-25T00:01:07.556Z","iobWithZeroTemp":{"iob":-0.513,"basaliob":-0.513,"bolussnooze":0,"activity":-0.0046,"lastBolusTime":1703430368291,"time":"2023-12-25T00:01:07.556Z"}},{"iob":0.054,"basaliob":0.054,"bolussnooze":0,"activity":9.0E-4,"lastBolusTime":1703430368291,"time":"2023-12-25T00:06:07.556Z","iobWithZeroTemp":{"iob":-0.512,"basaliob":-0.512,"bolussnooze":0,"activity":-0.0046,"lastBolusTime":1703430368291,"time":"2023-12-25T00:06:07.556Z"}},{"iob":0.05,"basaliob":0.05,"bolussnooze":0,"activity":8.0E-4,"lastBolusTime":0,"time":"2023-12-25T00:11:07.556Z","iobWithZeroTemp":{"iob":-0.51,"basaliob":-0.51,"bolussnooze":0,"activity":-0.0047,"lastBolusTime":0,"time":"2023-12-25T00:11:07.556Z"}},{"iob":0.046,"basaliob":0.046,"bolussnooze":0,"activity":8.0E-4,"lastBolusTime":0,"time":"2023-12-25T00:16:07.556Z","iobWithZeroTemp":{"iob":-0.508,"basaliob":-0.508,"bolussnooze":0,"activity":-0.0046,"lastBolusTime":0,"time":"2023-12-25T00:16:07.556Z"}},{"iob":0.042,"basaliob":0.042,"bolussnooze":0,"activity":7.0E-4,"lastBolusTime":0,"time":"2023-12-25T00:21:07.556Z","iobWithZeroTemp":{"iob":-0.506,"basaliob":-0.506,"bolussnooze":0,"activity":-0.0047,"lastBolusTime":0,"time":"2023-12-25T00:21:07.556Z"}},{"iob":0.039,"basaliob":0.039,"bolussnooze":0,"activity":7.0E-4,"lastBolusTime":0,"time":"2023-12-25T00:26:07.556Z","iobWithZeroTemp":{"iob":-0.503,"basaliob":-0.503,"bolussnooze":0,"activity":-0.0047,"lastBolusTime":0,"time":"2023-12-25T00:26:07.556Z"}},{"iob":0.036,"basaliob":0.036,"bolussnooze":0,"activity":6.0E-4,"lastBolusTime":0,"time":"2023-12-25T00:31:07.556Z","iobWithZeroTemp":{"iob":-0.501,"basaliob":-0.501,"bolussnooze":0,"activity":-0.0047,"lastBolusTime":0,"time":"2023-12-25T00:31:07.556Z"}},{"iob":0.033,"basaliob":0.033,"bolussnooze":0,"activity":6.0E-4,"lastBolusTime":0,"time":"2023-12-25T00:36:07.556Z","iobWithZeroTemp":{"iob":-0.499,"basaliob":-0.499,"bolussnooze":0,"activity":-0.0047,"lastBolusTime":0,"time":"2023-12-25T00:36:07.556Z"}},{"iob":0.03,"basaliob":0.03,"bolussnooze":0,"activity":5.0E-4,"lastBolusTime":0,"time":"2023-12-25T00:41:07.556Z","iobWithZeroTemp":{"iob":-0.497,"basaliob":-0.497,"bolussnooze":0,"activity":-0.0047,"lastBolusTime":0,"time":"2023-12-25T00:41:07.556Z"}},{"iob":0.027,"basaliob":0.027,"bolussnooze":0,"activity":5.0E-4,"lastBolusTime":0,"time":"2023-12-25T00:46:07.556Z","iobWithZeroTemp":{"iob":-0.495,"basaliob":-0.495,"bolussnooze":0,"activity":-0.0047,"lastBolusTime":0,"time":"2023-12-25T00:46:07.556Z"}},{"iob":0.025,"basaliob":0.025,"bolussnooze":0,"activity":4.0E-4,"lastBolusTime":0,"time":"2023-12-25T00:51:07.556Z","iobWithZeroTemp":{"iob":-0.493,"basaliob":-0.493,"bolussnooze":0,"activity":-0.0047,"lastBolusTime":0,"time":"2023-12-25T00:51:07.556Z"}},{"iob":0.023,"basaliob":0.023,"bolussnooze":0,"activity":4.0E-4,"lastBolusTime":0,"time":"2023-12-25T00:56:07.556Z","iobWithZeroTemp":{"iob":-0.49,"basaliob":-0.49,"bolussnooze":0,"activity":-0.0047,"lastBolusTime":0,"time":"2023-12-25T00:56:07.556Z"}},{"iob":0.021,"basaliob":0.021,"bolussnooze":0,"activity":4.0E-4,"lastBolusTime":0,"time":"2023-12-25T01:01:07.556Z","iobWithZeroTemp":{"iob":-0.488,"basaliob":-0.488,"bolussnooze":0,"activity":-0.0047,"lastBolusTime":0,"time":"2023-12-25T01:01:07.556Z"}},{"iob":0.019,"basaliob":0.019,"bolussnooze":0,"activity":3.0E-4,"lastBolusTime":0,"time":"2023-12-25T01:06:07.556Z","iobWithZeroTemp":{"iob":-0.486,"basaliob":-0.486,"bolussnooze":0,"activity":-0.0047,"lastBolusTime":0,"time":"2023-12-25T01:06:07.556Z"}},{"iob":0.018,"basaliob":0.018,"bolussnooze":0,"activity":3.0E-4,"lastBolusTime":0,"time":"2023-12-25T01:11:07.556Z","iobWithZeroTemp":{"iob":-0.484,"basaliob":-0.484,"bolussnooze":0,"activity":-0.0047,"lastBolusTime":0,"time":"2023-12-25T01:11:07.556Z"}},{"iob":0.016,"basaliob":0.016,"bolussnooze":0,"activity":3.0E-4,"lastBolusTime":0,"time":"2023-12-25T01:16:07.556Z","iobWithZeroTemp":{"iob":-0.482,"basaliob":-0.482,"bolussnooze":0,"activity":-0.0046,"lastBolusTime":0,"time":"2023-12-25T01:16:07.556Z"}}],"profile":{"max_iob":4,"type":"current","max_daily_basal":0.5,"max_basal":1.5,"min_bg":90,"max_bg":90,"target_bg":90,"carb_ratio":20,"sens":117,"max_daily_safety_multiplier":3,"current_basal_safety_multiplier":4,"high_temptarget_raises_sensitivity":false,"low_temptarget_lowers_sensitivity":false,"sensitivity_raises_target":true,"resistance_lowers_target":true,"adv_target_adjustments":false,"exercise_mode":false,"half_basal_exercise_target":160,"maxCOB":120,"skip_neutral_temps":false,"remainingCarbsCap":90,"enableUAM":true,"A52_risk_enable":false,"SMBInterval":3,"enableSMB_with_COB":true,"enableSMB_with_temptarget":true,"allowSMB_with_high_temptarget":false,"enableSMB_always":false,"enableSMB_after_carbs":false,"maxSMBBasalMinutes":75,"maxUAMSMBBasalMinutes":75,"bolus_increment":0.05,"carbsReqThreshold":10,"current_basal":0.5,"temptargetSet":false,"autosens_max":1.2,"out_units":"mmol\/L"},"autosens_data":{"ratio":1.02},"meal_data":{"carbs":0,"mealCOB":0,"slopeFromMaxDeviation":-1.4618333333333333,"slopeFromMinDeviation":1.6139999999999999,"lastBolusTime":1703430368291,"lastCarbTime":0},"microBolusAllowed":true,"currentTime":1703452868761,"flatBGsDetected":false},"output":{"temp":"absolute","bg":131,"tick":-2,"eventualBG":71,"targetBG":89,"insulinReq":0,"deliverAt":"2023-12-24T21:21:08.761Z","sensitivityRatio":1.02,"predBGs":{"IOB":[131,128,125,122,119,116,114,111,109,106,104,102,100,98,97,95,93,92,90,89,88,86,85,84,83,82,81,81,80,79,79,78,77,77,76,76,75,75,75,74,74,74,73,73,73,73,72],"ZT":[131,128,126,123,121,118,116,114,113,111,110,109,109,108,108,108,108]},"COB":0,"IOB":0.5,"reason":"COB: 0, Dev: -0.2, BGI: -0.1, ISF: 6.4, CR: 20, Target: 4.9, minPredBG 5.0, minGuardBG 4.0, IOBpredBG 4.0; Eventual BG 3.9 < 4.9, setting 30m zero temp.  45m left and 0 ~ req 0U\/hr: no temp required","timestamp":"2023-12-24T21:21:08.798Z"}}