{"algorithm":"OpenAPSSMBPlugin","input":{"glucoseStatus":{"glucose":133,"noise":0,"delta":-5,"short_avgdelta":-6.04,"long_avgdelta":-7.77,"date":1703546716551},"currenttemp":{"temp":"absolute","duration":100,"rate":0,"minutesrunning":20},"iob_data":[{"iob":0.607,"basaliob":0.607,"bolussnooze":0,"activity":0.0069,"lastBolusTime":0,"time":"2023-12-25T23:26:06.902Z","iobWithZeroTemp":{"iob":0.607,"basaliob":0.607,"bolussnooze":0,"activity":0.0069,"lastBolusTime":0,"time":"2023-12-25T23:26:06.902Z"}},{"iob":0.573,"basaliob":0.573,"bolussnooze":0,"activity":0.0067,"lastBolusTime":0,"time":"2023-12-25T23:31:06.902Z","iobWithZeroTemp":{"iob":0.556,"basaliob":0.556,"bolussnooze":0,"activity":0.0067,"lastBolusTime":0,"time":"2023-12-25T23:31:06.902Z"}},{"iob":0.54,"basaliob":0.54,"bolussnooze":0,"activity":0.0065,"lastBolusTime":0,"time":"2023-12-25T23:36:06.902Z","iobWithZeroTemp":{"iob":0.502,"basaliob":0.502,"bolussnooze":0,"activity":0.0064,"lastBolusTime":0,"time":"2023-12-25T23:36:06.902Z"}},{"iob":0.508,"basaliob":0.508,"bolussnooze":0,"activity":0.0062,"lastBolusTime":0,"time":"2023-12-25T23:41:06.902Z","iobWithZeroTemp":{"iob":0.45,"basaliob":0.45,"bolussnooze":0,"activity":0.0061,"lastBolusTime":0,"time":"2023-12-25T23:41:06.902Z"}},{"iob":0.478,"basaliob":0.478,"bolussnooze":0,"activity":0.006,"lastBolusTime":0,"time":"2023-12-25T23:46:06.902Z","iobWithZeroTemp":{"iob":0.399,"basaliob":0.399,"bolussnooze":0,"activity":0.0058,"lastBolusTime":0,"time":"2023-12-25T23:46:06.902Z"}},{"iob":0.448,"basaliob":0.448,"bolussnooze":0,"activity":0.0057,"lastBolusTime":0,"time":"2023-12-25T23:51:06.902Z","iobWithZeroTemp":{"iob":0.35,"basaliob":0.35,"bolussnooze":0,"activity":0.0054,"lastBolusTime":0,"time":"2023-12-25T23:51:06.902Z"}},{"iob":0.421,"basaliob":0.421,"bolussnooze":0,"activity":0.0054,"lastBolusTime":0,"time":"2023-12-25T23:56:06.902Z","iobWithZeroTemp":{"iob":0.303,"basaliob":0.303,"bolussnooze":0,"activity":0.005,"lastBolusTime":0,"time":"2023-12-25T23:56:06.902Z"}},{"iob":0.394,"basaliob":0.394,"bolussnooze":0,"activity":0.0052,"lastBolusTime":0,"time":"2023-12-26T00:01:06.902Z","iobWithZeroTemp":{"iob":0.258,"basaliob":0.258,"bolussnooze":0,"activity":0.0046,"lastBolusTime":0,"time":"2023-12-26T00:01:06.902Z"}},{"iob":0.369,"basaliob":0.369,"bolussnooze":0,"activity":0.0049,"lastBolusTime":0,"time":"2023-12-26T00:06:06.902Z","iobWithZeroTemp":{"iob":0.215,"basaliob":0.215,"bolussnooze":0,"activity":0.0042,"lastBolusTime":0,"time":"2023-12-26T00:06:06.902Z"}},{"iob":0.345,"basaliob":0.345,"bolussnooze":0,"activity":0.0047,"lastBolusTime":0,"time":"2023-12-26T00:11:06.902Z","iobWithZeroTemp":{"iob":0.174,"basaliob":0.174,"bolussnooze":0,"activity":0.0039,"lastBolusTime":0,"time":"2023-12-26T00:11:06.902Z"}},{"iob":0.322,"basaliob":0.322,"bolussnooze":0,"activity":0.0044,"lastBolusTime":0,"time":"2023-12-26T00:16:06.902Z","iobWithZeroTemp":{"iob":0.134,"basaliob":0.134,"bolussnooze":0,"activity":0.0034,"lastBolusTime":0,"time":"2023-12-26T00:16:06.902Z"}},{"iob":0.301,"basaliob":0.301,"bolussnooze":0,"activity":0.0042,"lastBolusTime":0,"time":"2023-12-26T00:21:06.902Z","iobWithZeroTemp":{"iob":0.097,"basaliob":0.097,"bolussnooze":0,"activity":0.0031,"lastBolusTime":0,"time":"2023-12-26T00:21:06.902Z"}},{"iob":0.28,"basaliob":0.28,"bolussnooze":0,"activity":0.004,"lastBolusTime":0,"time":"2023-12-26T00:26:06.902Z","iobWithZeroTemp":{"iob":0.061,"basaliob":0.061,"bolussnooze":0,"activity":0.0027,"lastBolusTime":0,"time":"2023-12-26T00:26:06.902Z"}},{"iob":0.261,"basaliob":0.261,"bolussnooze":0,"activity":0.0037,"lastBolusTime":0,"time":"2023-12-26T00:31:06.902Z","iobWithZeroTemp":{"iob":0.028,"basaliob":0.028,"bolussnooze":0,"activity":0.0023,"lastBolusTime":0,"time":"2023-12-26T00:31:06.902Z"}},{"iob":0.243,"basaliob":0.243,"bolussnooze":0,"activity":0.0035,"lastBolusTime":0,"time":"2023-12-26T00:36:06.902Z","iobWithZeroTemp":{"iob":-0.004,"basaliob":-0.004,"bolussnooze":0,"activity":0.002,"lastBolusTime":0,"time":"2023-12-26T00:36:06.902Z"}},{"iob":0.226,"basaliob":0.226,"bolussnooze":0,"activity":0.0033,"lastBolusTime":0,"time":"2023-12-26T00:41:06.902Z","iobWithZeroTemp":{"iob":-0.034,"basaliob":-0.034,"bolussnooze":0,"activity":0.0016,"lastBolusTime":0,"time":"2023-12-26T00:41:06.902Z"}},{"iob":0.21,"basaliob":0.21,"bolussnooze":0,"activity":0.0031,"lastBolusTime":0,"time":"2023-12-26T00:46:06.902Z","iobWithZeroTemp":{"iob":-0.062,"basaliob":-0.062,"bolussnooze":0,"activity":0.0013,"lastBolusTime":0,"time":"2023-12-26T00:46:06.902Z"}},{"iob":0.195,"basaliob":0.195,"bolussnooze":0,"activity":0.0029,"lastBolusTime":0,"time":"2023-12-26T00:51:06.902Z","iobWithZeroTemp":{"iob":-0.089,"basaliob":-0.089,"bolussnooze":0,"activity":0.001,"lastBolusTime":0,"time":"2023-12-26T00:51:06.902Z"}},{"iob":0.181,"basaliob":0.181,"bolussnooze":0,"activity":0.0027,"lastBolusTime":0,"time":"2023-12-26T00:56:06.902Z","iobWithZeroTemp":{"iob":-0.114,"basaliob":-0.114,"bolussnooze":0,"activity":6.0E-4,"lastBolusTime":0,"time":"2023-12-26T00:56:06.902Z"}},{"iob":0.168,"basaliob":0.168,"bolussnooze":0,"activity":0.0026,"lastBolusTime":0,"time":"2023-12-26T01:01:06.902Z","iobWithZeroTemp":{"iob":-0.137,"basaliob":-0.137,"bolussnooze":0,"activity":4.0E-4,"lastBolusTime":0,"time":"2023-12-26T01:01:06.902Z"}},{"iob":0.155,"basaliob":0.155,"bolussnooze":0,"activity":0.0024,"lastBolusTime":0,"time":"2023-12-26T01:06:06.902Z","iobWithZeroTemp":{"iob":-0.16,"basaliob":-0.16,"bolussnooze":0,"activity":1.0E-4,"lastBolusTime":0,"time":"2023-12-26T01:06:06.902Z"}},{"iob":0.144,"basaliob":0.144,"bolussnooze":0,"activity":0.0022,"lastBolusTime":0,"time":"2023-12-26T01:11:06.902Z","iobWithZeroTemp":{"iob":-0.18,"basaliob":-0.18,"bolussnooze":0,"activity":-2.0E-4,"lastBolusTime":0,"time":"2023-12-26T01:11:06.902Z"}},{"iob":0.133,"basaliob":0.133,"bolussnooze":0,"activity":0.0021,"lastBolusTime":0,"time":"2023-12-26T01:16:06.902Z","iobWithZeroTemp":{"iob":-0.2,"basaliob":-0.2,"bolussnooze":0,"activity":-4.0E-4,"lastBolusTime":0,"time":"2023-12-26T01:16:06.902Z"}},{"iob":0.123,"basaliob":0.123,"bolussnooze":0,"activity":0.0019,"lastBolusTime":0,"time":"2023-12-26T01:21:06.902Z","iobWithZeroTemp":{"iob":-0.218,"basaliob":-0.218,"bolussnooze":0,"activity":-7.0E-4,"lastBolusTime":0,"time":"2023-12-26T01:21:06.902Z"}},{"iob":0.113,"basaliob":0.113,"bolussnooze":0,"activity":0.0018,"lastBolusTime":0,"time":"2023-12-26T01:26:06.902Z","iobWithZeroTemp":{"iob":-0.236,"basaliob":-0.236,"bolussnooze":0,"activity":-9.0E-4,"lastBolusTime":0,"time":"2023-12-26T01:26:06.902Z"}},{"iob":0.105,"basaliob":0.105,"bolussnooze":0,"activity":0.0017,"lastBolusTime":0,"time":"2023-12-26T01:31:06.902Z","iobWithZeroTemp":{"iob":-0.251,"basaliob":-0.251,"bolussnooze":0,"activity":-0.0011,"lastBolusTime":0,"time":"2023-12-26T01:31:06.902Z"}},{"iob":0.097,"basaliob":0.097,"bolussnooze":0,"activity":0.0016,"lastBolusTime":0,"time":"2023-12-26T01:36:06.902Z","iobWithZeroTemp":{"iob":-0.265,"basaliob":-0.265,"bolussnooze":0,"activity":-0.0013,"lastBolusTime":0,"time":"2023-12-26T01:36:06.902Z"}},{"iob":0.089,"basaliob":0.089,"bolussnooze":0,"activity":0.0015,"lastBolusTime":0,"time":"2023-12-26T01:41:06.902Z","iobWithZeroTemp":{"iob":-0.279,"basaliob":-0.279,"bolussnooze":0,"activity":-0.0015,"lastBolusTime":0,"time":"2023-12-26T01:41:06.902Z"}},{"iob":0.082,"basaliob":0.082,"bolussnooze":0,"activity":0.0014,"lastBolusTime":0,"time":"2023-12-26T01:46:06.902Z","iobWithZeroTemp":{"iob":-0.292,"basaliob":-0.292,"bolussnooze":0,"activity":-0.0017,"lastBolusTime":0,"time":"2023-12-26T01:46:06.902Z"}},{"iob":0.075,"basaliob":0.075,"bolussnooze":0,"activity":0.0013,"lastBolusTime":0,"time":"2023-12-26T01:51:06.902Z","iobWithZeroTemp":{"iob":-0.305,"basaliob":-0.305,"bolussnooze":0,"activity":-0.0019,"lastBolusTime":0,"time":"2023-12-26T01:51:06.902Z"}},{"iob":0.069,"basaliob":0.069,"bolussnooze":0,"activity":0.0012,"lastBolusTime":0,"time":"2023-12-26T01:56:06.902Z","iobWithZeroTemp":{"iob":-0.316,"basaliob":-0.316,"bolussnooze":0,"activity":-0.002,"lastBolusTime":0,"time":"2023-12-26T01:56:06.902Z"}},{"iob":0.064,"basaliob":0.064,"bolussnooze":0,"activity":0.0011,"lastBolusTime":0,"time":"2023-12-26T02:01:06.902Z","iobWithZeroTemp":{"iob":-0.325,"basaliob":-0.325,"bolussnooze":0,"activity":-0.0022,"lastBolusTime":0,"time":"2023-12-26T02:01:06.902Z"}},{"iob":0.058,"basaliob":0.058,"bolussnooze":0,"activity":0.001,"lastBolusTime":0,"time":"2023-12-26T02:06:06.902Z","iobWithZeroTemp":{"iob":-0.336,"basaliob":-0.336,"bolussnooze":0,"activity":-0.0024,"lastBolusTime":0,"time":"2023-12-26T02:06:06.902Z"}},{"iob":0.054,"basaliob":0.054,"bolussnooze":0,"activity":9.0E-4,"lastBolusTime":0,"time":"2023-12-26T02:11:06.902Z","iobWithZeroTemp":{"iob":-0.344,"basaliob":-0.344,"bolussnooze":0,"activity":-0.0025,"lastBolusTime":0,"time":"2023-12-26T02:11:06.902Z"}},{"iob":0.049,"basaliob":0.049,"bolussnooze":0,"activity":9.0E-4,"lastBolusTime":0,"time":"2023-12-26T02:16:06.902Z","iobWithZeroTemp":{"iob":-0.352,"basaliob":-0.352,"bolussnooze":0,"activity":-0.0026,"lastBolusTime":0,"time":"2023-12-26T02:16:06.902Z"}},{"iob":0.045,"basaliob":0.045,"bolussnooze":0,"activity":8.0E-4,"lastBolusTime":0,"time":"2023-12-26T02:21:06.902Z","iobWithZeroTemp":{"iob":-0.36,"basaliob":-0.36,"bolussnooze":0,"activity":-0.0027,"lastBolusTime":0,"time":"2023-12-26T02:21:06.902Z"}},{"iob":0.041,"basaliob":0.041,"bolussnooze":0,"activity":7.0E-4,"lastBolusTime":0,"time":"2023-12-26T02:26:06.902Z","iobWithZeroTemp":{"iob":-0.367,"basaliob":-0.367,"bolussnooze":0,"activity":-0.0029,"lastBolusTime":0,"time":"2023-12-26T02:26:06.902Z"}},{"iob":0.038,"basaliob":0.038,"bolussnooze":0,"activity":7.0E-4,"lastBolusTime":0,"time":"2023-12-26T02:31:06.902Z","iobWithZeroTemp":{"iob":-0.373,"basaliob":-0.373,"bolussnooze":0,"activity":-0.0029,"lastBolusTime":0,"time":"2023-12-26T02:31:06.902Z"}},{"iob":0.035,"basaliob":0.035,"bolussnooze":0,"activity":6.0E-4,"lastBolusTime":0,"time":"2023-12-26T02:36:06.902Z","iobWithZeroTemp":{"iob":-0.379,"basaliob":-0.379,"bolussnooze":0,"activity":-0.0031,"lastBolusTime":0,"time":"2023-12-26T02:36:06.902Z"}},{"iob":0.032,"basaliob":0.032,"bolussnooze":0,"activity":6.0E-4,"lastBolusTime":0,"time":"2023-12-26T02:41:06.902Z","iobWithZeroTemp":{"iob":-0.384,"basaliob":-0.384,"bolussnooze":0,"activity":-0.0031,"lastBolusTime":0,"time":"2023-12-26T02:41:06.902Z"}},{"iob":0.029,"basaliob":0.029,"bolussnooze":0,"activity":5.0E-4,"lastBolusTime":0,"time":"2023-12-26T02:46:06.902Z","iobWithZeroTemp":{"iob":-0.39,"basaliob":-0.39,"bolussnooze":0,"activity":-0.0033,"lastBolusTime":0,"time":"2023-12-26T02:46:06.902Z"}},{"iob":0.026,"basaliob":0.026,"bolussnooze":0,"activity":5.0E-4,"lastBolusTime":0,"time":"2023-12-26T02:51:06.902Z","iobWithZeroTemp":{"iob":-0.395,"basaliob":-0.395,"bolussnooze":0,"activity":-0.0033,"lastBolusTime":0,"time":"2023-12-26T02:51:06.902Z"}},{"iob":0.024,"basaliob":0.024,"bolussnooze":0,"activity":4.0E-4,"lastBolusTime":0,"time":"2023-12-26T02:56:06.902Z","iobWithZeroTemp":{"iob":-0.399,"basaliob":-0.399,"bolussnooze":0,"activity":-0.0034,"lastBolusTime":0,"time":"2023-12-26T02:56:06.902Z"}},{"iob":0.022,"basaliob":0.022,"bolussnooze":0,"activity":4.0E-4,"lastBolusTime":0,"time":"2023-12-26T03:01:06.902Z","iobWithZeroTemp":{"iob":-0.403,"basaliob":-0.403,"bolussnooze":0,"activity":-0.0035,"lastBolusTime":0,"time":"2023-12-26T03:01:06.902Z"}},{"iob":0.02,"basaliob":0.02,"bolussnooze":0,"activity":4.0E-4,"lastBolusTime":0,"time":"2023-12-26T03:06:06.902Z","iobWithZeroTemp":{"iob":-0.407,"basaliob":-0.407,"bolussnooze":0,"activity":-0.0035,"lastBolusTime":0,"time":"2023-12-26T03:06:06.902Z"}},{"iob":0.018,"basaliob":0.018,"bolussnooze":0,"activity":3.0E-4,"lastBolusTime":0,"time":"2023-12-26T03:11:06.902Z","iobWithZeroTemp":{"iob":-0.41,"basaliob":-0.41,"bolussnooze":0,"activity":-0.0036,"lastBolusTime":0,"time":"2023-12-26T03:11:06.902Z"}},{"iob":0.016,"basaliob":0.016,"bolussnooze":0,"activity":3.0E-4,"lastBolusTime":0,"time":"2023-12-26T03:16:06.902Z","iobWithZeroTemp":{"iob":-0.414,"basaliob":-0.414,"bolussnooze":0,"activity":-0.0036,"lastBolusTime":0,"time":"2023-12-26T03:16:06.902Z"}},{"iob":0.015,"basaliob":0.015,"bolussnooze":0,"activity":3.0E-4,"lastBolusTime":0,"time":"2023-12-26T03:21:06.902Z","iobWithZeroTemp":{"iob":-0.416,"basaliob":-0.416,"bolussnooze":0,"activity":-0.0037,"lastBolusTime":0,"time":"2023-12-26T03:21:06.902Z"}}],"profile":{"max_iob":4,"type":"current","max_daily_basal":0.5,"max_basal":1,"min_bg":99,"max_bg":99,"target_bg":99,"carb_ratio":25,"sens":142.20000000000002,"max_daily_safety_multiplier":3,"current_basal_safety_multiplier":4,"high_temptarget_raises_sensitivity":false,"low_temptarget_lowers_sensitivity":false,"sensitivity_raises_target":true,"resistance_lowers_target":true,"adv_target_adjustments":false,"exercise_mode":false,"half_basal_exercise_target":160,"maxCOB":120,"skip_neutral_temps":false,"remainingCarbsCap":90,"enableUAM":true,"A52_risk_enable":false,"SMBInterval":3,"enableSMB_with_COB":true,"enableSMB_with_temptarget":true,"allowSMB_with_high_temptarget":false,"enableSMB_always":false,"enableSMB_after_carbs":false,"maxSMBBasalMinutes":75,"maxUAMSMBBasalMinutes":75,"bolus_increment":0.05,"carbsReqThreshold":10,"current_basal":0.25,"temptargetSet":false,"autosens_max":1.2,"out_units":"mmol\/L"},"autosens_data":{"ratio":1.01},"meal_data":{"carbs":0,"mealCOB":0,"slopeFromMaxDeviation":-1.2281249999999997,"slopeFromMinDeviation":1.56,"lastBolusTime":1703430368291,"lastCarbTime":0},"microBolusAllowed":true,"currentTime":1703546767312,"flatBGsDetected":false},"output":{"temp":"absolute","bg":133,"tick":-5,"eventualBG":31,"targetBG":99,"insulinReq":0,"deliverAt":"2023-12-25T23:26:07.312Z","sensitivityRatio":1.01,"predBGs":{"IOB":[133,127,121,116,111,106,101,97,93,89,86,82,79,77,74,71,69,67,65,63,61,60,58,57,55,54,53,52,51,50,49,48,47,46,46,45,44,44,43,43,43,42,42,42,41],"ZT":[133,128,123,119,115,111,107,103,100,97,94,92,90,88,86,85,84,83,82,82,81,81,81,82,82,83,84,84,86,87,88,89,91,93,94,96,98]},"COB":0,"IOB":0.607,"reason":"COB: 0, Dev: -0.9, BGI: -0.3, ISF: 7.8, CR: 25, Target: 5.5, minPredBG 2.9, minGuardBG 2.2, IOBpredBG 2.3; minGuardBG 2.2<3.9 100m left and 0 ~ req 0U\/hr: no temp required","timestamp":"2023-12-25T23:26:07.319Z"}}