{"algorithm":"OpenAPSSMBPlugin","input":{"glucoseStatus":{"glucose":111,"noise":0,"delta":-4,"short_avgdelta":-4.85,"long_avgdelta":-6.47,"date":1703499615738},"currenttemp":{"temp":"absolute","duration":115,"rate":0,"minutesrunning":5},"iob_data":[{"iob":0.348,"basaliob":0.348,"bolussnooze":0,"activity":0.0052,"lastBolusTime":0,"time":"2023-12-25T10:21:07.775Z","iobWithZeroTemp":{"iob":0.348,"basaliob":0.348,"bolussnooze":0,"activity":0.0052,"lastBolusTime":0,"time":"2023-12-25T10:21:07.775Z"}},{"iob":0.323,"basaliob":0.323,"bolussnooze":0,"activity":0.0048,"lastBolusTime":0,"time":"2023-12-25T10:26:07.775Z","iobWithZeroTemp":{"iob":0.303,"basaliob":0.303,"bolussnooze":0,"activity":0.0048,"lastBolusTime":0,"time":"2023-12-25T10:26:07.775Z"}},{"iob":0.3,"basaliob":0.3,"bolussnooze":0,"activity":0.0045,"lastBolusTime":0,"time":"2023-12-25T10:31:07.775Z","iobWithZeroTemp":{"iob":0.255,"basaliob":0.255,"bolussnooze":0,"activity":0.0044,"lastBolusTime":0,"time":"2023-12-25T10:31:07.775Z"}},{"iob":0.278,"basaliob":0.278,"bolussnooze":0,"activity":0.0042,"lastBolusTime":0,"time":"2023-12-25T10:36:07.775Z","iobWithZeroTemp":{"iob":0.209,"basaliob":0.209,"bolussnooze":0,"activity":0.0041,"lastBolusTime":0,"time":"2023-12-25T10:36:07.775Z"}},{"iob":0.258,"basaliob":0.258,"bolussnooze":0,"activity":0.004,"lastBolusTime":0,"time":"2023-12-25T10:41:07.775Z","iobWithZeroTemp":{"iob":0.165,"basaliob":0.165,"bolussnooze":0,"activity":0.0038,"lastBolusTime":0,"time":"2023-12-25T10:41:07.775Z"}},{"iob":0.239,"basaliob":0.239,"bolussnooze":0,"activity":0.0037,"lastBolusTime":0,"time":"2023-12-25T10:46:07.775Z","iobWithZeroTemp":{"iob":0.122,"basaliob":0.122,"bolussnooze":0,"activity":0.0033,"lastBolusTime":0,"time":"2023-12-25T10:46:07.775Z"}},{"iob":0.221,"basaliob":0.221,"bolussnooze":0,"activity":0.0034,"lastBolusTime":0,"time":"2023-12-25T10:51:07.775Z","iobWithZeroTemp":{"iob":0.081,"basaliob":0.081,"bolussnooze":0,"activity":0.0029,"lastBolusTime":0,"time":"2023-12-25T10:51:07.775Z"}},{"iob":0.204,"basaliob":0.204,"bolussnooze":0,"activity":0.0032,"lastBolusTime":0,"time":"2023-12-25T10:56:07.775Z","iobWithZeroTemp":{"iob":0.042,"basaliob":0.042,"bolussnooze":0,"activity":0.0025,"lastBolusTime":0,"time":"2023-12-25T10:56:07.775Z"}},{"iob":0.188,"basaliob":0.188,"bolussnooze":0,"activity":0.003,"lastBolusTime":0,"time":"2023-12-25T11:01:07.775Z","iobWithZeroTemp":{"iob":0.005,"basaliob":0.005,"bolussnooze":0,"activity":0.0022,"lastBolusTime":0,"time":"2023-12-25T11:01:07.775Z"}},{"iob":0.174,"basaliob":0.174,"bolussnooze":0,"activity":0.0028,"lastBolusTime":0,"time":"2023-12-25T11:06:07.775Z","iobWithZeroTemp":{"iob":-0.03,"basaliob":-0.03,"bolussnooze":0,"activity":0.0018,"lastBolusTime":0,"time":"2023-12-25T11:06:07.775Z"}},{"iob":0.161,"basaliob":0.161,"bolussnooze":0,"activity":0.0026,"lastBolusTime":0,"time":"2023-12-25T11:11:07.775Z","iobWithZeroTemp":{"iob":-0.062,"basaliob":-0.062,"bolussnooze":0,"activity":0.0014,"lastBolusTime":0,"time":"2023-12-25T11:11:07.775Z"}},{"iob":0.148,"basaliob":0.148,"bolussnooze":0,"activity":0.0024,"lastBolusTime":0,"time":"2023-12-25T11:16:07.775Z","iobWithZeroTemp":{"iob":-0.094,"basaliob":-0.094,"bolussnooze":0,"activity":0.0011,"lastBolusTime":0,"time":"2023-12-25T11:16:07.775Z"}},{"iob":0.137,"basaliob":0.137,"bolussnooze":0,"activity":0.0022,"lastBolusTime":0,"time":"2023-12-25T11:21:07.775Z","iobWithZeroTemp":{"iob":-0.123,"basaliob":-0.123,"bolussnooze":0,"activity":7.0E-4,"lastBolusTime":0,"time":"2023-12-25T11:21:07.775Z"}},{"iob":0.126,"basaliob":0.126,"bolussnooze":0,"activity":0.0021,"lastBolusTime":0,"time":"2023-12-25T11:26:07.775Z","iobWithZeroTemp":{"iob":-0.151,"basaliob":-0.151,"bolussnooze":0,"activity":4.0E-4,"lastBolusTime":0,"time":"2023-12-25T11:26:07.775Z"}},{"iob":0.116,"basaliob":0.116,"bolussnooze":0,"activity":0.0019,"lastBolusTime":0,"time":"2023-12-25T11:31:07.775Z","iobWithZeroTemp":{"iob":-0.178,"basaliob":-0.178,"bolussnooze":0,"activity":1.0E-4,"lastBolusTime":0,"time":"2023-12-25T11:31:07.775Z"}},{"iob":0.107,"basaliob":0.107,"bolussnooze":0,"activity":0.0018,"lastBolusTime":0,"time":"2023-12-25T11:36:07.775Z","iobWithZeroTemp":{"iob":-0.202,"basaliob":-0.202,"bolussnooze":0,"activity":-2.0E-4,"lastBolusTime":0,"time":"2023-12-25T11:36:07.775Z"}},{"iob":0.098,"basaliob":0.098,"bolussnooze":0,"activity":0.0017,"lastBolusTime":0,"time":"2023-12-25T11:41:07.775Z","iobWithZeroTemp":{"iob":-0.226,"basaliob":-0.226,"bolussnooze":0,"activity":-5.0E-4,"lastBolusTime":0,"time":"2023-12-25T11:41:07.775Z"}},{"iob":0.09,"basaliob":0.09,"bolussnooze":0,"activity":0.0015,"lastBolusTime":0,"time":"2023-12-25T11:46:07.775Z","iobWithZeroTemp":{"iob":-0.247,"basaliob":-0.247,"bolussnooze":0,"activity":-8.0E-4,"lastBolusTime":0,"time":"2023-12-25T11:46:07.775Z"}},{"iob":0.083,"basaliob":0.083,"bolussnooze":0,"activity":0.0014,"lastBolusTime":0,"time":"2023-12-25T11:51:07.775Z","iobWithZeroTemp":{"iob":-0.267,"basaliob":-0.267,"bolussnooze":0,"activity":-0.0011,"lastBolusTime":0,"time":"2023-12-25T11:51:07.775Z"}},{"iob":0.076,"basaliob":0.076,"bolussnooze":0,"activity":0.0013,"lastBolusTime":0,"time":"2023-12-25T11:56:07.775Z","iobWithZeroTemp":{"iob":-0.287,"basaliob":-0.287,"bolussnooze":0,"activity":-0.0013,"lastBolusTime":0,"time":"2023-12-25T11:56:07.775Z"}},{"iob":0.07,"basaliob":0.07,"bolussnooze":0,"activity":0.0012,"lastBolusTime":0,"time":"2023-12-25T12:01:07.775Z","iobWithZeroTemp":{"iob":-0.304,"basaliob":-0.304,"bolussnooze":0,"activity":-0.0016,"lastBolusTime":0,"time":"2023-12-25T12:01:07.775Z"}},{"iob":0.064,"basaliob":0.064,"bolussnooze":0,"activity":0.0011,"lastBolusTime":0,"time":"2023-12-25T12:06:07.775Z","iobWithZeroTemp":{"iob":-0.321,"basaliob":-0.321,"bolussnooze":0,"activity":-0.0018,"lastBolusTime":0,"time":"2023-12-25T12:06:07.775Z"}},{"iob":0.058,"basaliob":0.058,"bolussnooze":0,"activity":0.001,"lastBolusTime":0,"time":"2023-12-25T12:11:07.775Z","iobWithZeroTemp":{"iob":-0.337,"basaliob":-0.337,"bolussnooze":0,"activity":-0.002,"lastBolusTime":0,"time":"2023-12-25T12:11:07.775Z"}},{"iob":0.053,"basaliob":0.053,"bolussnooze":0,"activity":0.001,"lastBolusTime":0,"time":"2023-12-25T12:16:07.775Z","iobWithZeroTemp":{"iob":-0.352,"basaliob":-0.352,"bolussnooze":0,"activity":-0.0021,"lastBolusTime":0,"time":"2023-12-25T12:16:07.775Z"}},{"iob":0.049,"basaliob":0.049,"bolussnooze":0,"activity":9.0E-4,"lastBolusTime":0,"time":"2023-12-25T12:21:07.775Z","iobWithZeroTemp":{"iob":-0.365,"basaliob":-0.365,"bolussnooze":0,"activity":-0.0024,"lastBolusTime":0,"time":"2023-12-25T12:21:07.775Z"}},{"iob":0.045,"basaliob":0.045,"bolussnooze":0,"activity":8.0E-4,"lastBolusTime":0,"time":"2023-12-25T12:26:07.775Z","iobWithZeroTemp":{"iob":-0.377,"basaliob":-0.377,"bolussnooze":0,"activity":-0.0026,"lastBolusTime":0,"time":"2023-12-25T12:26:07.775Z"}},{"iob":0.041,"basaliob":0.041,"bolussnooze":0,"activity":7.0E-4,"lastBolusTime":0,"time":"2023-12-25T12:31:07.775Z","iobWithZeroTemp":{"iob":-0.389,"basaliob":-0.389,"bolussnooze":0,"activity":-0.0028,"lastBolusTime":0,"time":"2023-12-25T12:31:07.775Z"}},{"iob":0.037,"basaliob":0.037,"bolussnooze":0,"activity":7.0E-4,"lastBolusTime":0,"time":"2023-12-25T12:36:07.775Z","iobWithZeroTemp":{"iob":-0.401,"basaliob":-0.401,"bolussnooze":0,"activity":-0.0029,"lastBolusTime":0,"time":"2023-12-25T12:36:07.775Z"}},{"iob":0.034,"basaliob":0.034,"bolussnooze":0,"activity":6.0E-4,"lastBolusTime":0,"time":"2023-12-25T12:41:07.775Z","iobWithZeroTemp":{"iob":-0.411,"basaliob":-0.411,"bolussnooze":0,"activity":-0.0031,"lastBolusTime":0,"time":"2023-12-25T12:41:07.775Z"}},{"iob":0.031,"basaliob":0.031,"bolussnooze":0,"activity":6.0E-4,"lastBolusTime":0,"time":"2023-12-25T12:46:07.775Z","iobWithZeroTemp":{"iob":-0.42,"basaliob":-0.42,"bolussnooze":0,"activity":-0.0032,"lastBolusTime":0,"time":"2023-12-25T12:46:07.775Z"}},{"iob":0.028,"basaliob":0.028,"bolussnooze":0,"activity":5.0E-4,"lastBolusTime":0,"time":"2023-12-25T12:51:07.775Z","iobWithZeroTemp":{"iob":-0.429,"basaliob":-0.429,"bolussnooze":0,"activity":-0.0034,"lastBolusTime":0,"time":"2023-12-25T12:51:07.775Z"}},{"iob":0.026,"basaliob":0.026,"bolussnooze":0,"activity":5.0E-4,"lastBolusTime":0,"time":"2023-12-25T12:56:07.775Z","iobWithZeroTemp":{"iob":-0.437,"basaliob":-0.437,"bolussnooze":0,"activity":-0.0034,"lastBolusTime":0,"time":"2023-12-25T12:56:07.775Z"}},{"iob":0.023,"basaliob":0.023,"bolussnooze":0,"activity":4.0E-4,"lastBolusTime":0,"time":"2023-12-25T13:01:07.775Z","iobWithZeroTemp":{"iob":-0.445,"basaliob":-0.445,"bolussnooze":0,"activity":-0.0036,"lastBolusTime":0,"time":"2023-12-25T13:01:07.775Z"}},{"iob":0.021,"basaliob":0.021,"bolussnooze":0,"activity":4.0E-4,"lastBolusTime":0,"time":"2023-12-25T13:06:07.775Z","iobWithZeroTemp":{"iob":-0.452,"basaliob":-0.452,"bolussnooze":0,"activity":-0.0037,"lastBolusTime":0,"time":"2023-12-25T13:06:07.775Z"}},{"iob":0.019,"basaliob":0.019,"bolussnooze":0,"activity":4.0E-4,"lastBolusTime":0,"time":"2023-12-25T13:11:07.775Z","iobWithZeroTemp":{"iob":-0.458,"basaliob":-0.458,"bolussnooze":0,"activity":-0.0037,"lastBolusTime":0,"time":"2023-12-25T13:11:07.775Z"}},{"iob":0.017,"basaliob":0.017,"bolussnooze":0,"activity":3.0E-4,"lastBolusTime":0,"time":"2023-12-25T13:16:07.775Z","iobWithZeroTemp":{"iob":-0.464,"basaliob":-0.464,"bolussnooze":0,"activity":-0.0039,"lastBolusTime":0,"time":"2023-12-25T13:16:07.775Z"}},{"iob":0.016,"basaliob":0.016,"bolussnooze":0,"activity":3.0E-4,"lastBolusTime":0,"time":"2023-12-25T13:21:07.775Z","iobWithZeroTemp":{"iob":-0.469,"basaliob":-0.469,"bolussnooze":0,"activity":-0.004,"lastBolusTime":0,"time":"2023-12-25T13:21:07.775Z"}},{"iob":0.014,"basaliob":0.014,"bolussnooze":0,"activity":3.0E-4,"lastBolusTime":0,"time":"2023-12-25T13:26:07.775Z","iobWithZeroTemp":{"iob":-0.475,"basaliob":-0.475,"bolussnooze":0,"activity":-0.004,"lastBolusTime":0,"time":"2023-12-25T13:26:07.775Z"}},{"iob":0.013,"basaliob":0.013,"bolussnooze":0,"activity":3.0E-4,"lastBolusTime":0,"time":"2023-12-25T13:31:07.775Z","iobWithZeroTemp":{"iob":-0.479,"basaliob":-0.479,"bolussnooze":0,"activity":-0.0041,"lastBolusTime":0,"time":"2023-12-25T13:31:07.775Z"}},{"iob":0.012,"basaliob":0.012,"bolussnooze":0,"activity":2.0E-4,"lastBolusTime":0,"time":"2023-12-25T13:36:07.775Z","iobWithZeroTemp":{"iob":-0.483,"basaliob":-0.483,"bolussnooze":0,"activity":-0.0042,"lastBolusTime":0,"time":"2023-12-25T13:36:07.775Z"}},{"iob":0.01,"basaliob":0.01,"bolussnooze":0,"activity":2.0E-4,"lastBolusTime":0,"time":"2023-12-25T13:41:07.775Z","iobWithZeroTemp":{"iob":-0.488,"basaliob":-0.488,"bolussnooze":0,"activity":-0.0043,"lastBolusTime":0,"time":"2023-12-25T13:41:07.775Z"}},{"iob":0.009,"basaliob":0.009,"bolussnooze":0,"activity":2.0E-4,"lastBolusTime":0,"time":"2023-12-25T13:46:07.775Z","iobWithZeroTemp":{"iob":-0.491,"basaliob":-0.491,"bolussnooze":0,"activity":-0.0043,"lastBolusTime":0,"time":"2023-12-25T13:46:07.775Z"}},{"iob":0.008,"basaliob":0.008,"bolussnooze":0,"activity":2.0E-4,"lastBolusTime":0,"time":"2023-12-25T13:51:07.775Z","iobWithZeroTemp":{"iob":-0.495,"basaliob":-0.495,"bolussnooze":0,"activity":-0.0043,"lastBolusTime":0,"time":"2023-12-25T13:51:07.775Z"}},{"iob":0.008,"basaliob":0.008,"bolussnooze":0,"activity":2.0E-4,"lastBolusTime":0,"time":"2023-12-25T13:56:07.775Z","iobWithZeroTemp":{"iob":-0.497,"basaliob":-0.497,"bolussnooze":0,"activity":-0.0044,"lastBolusTime":0,"time":"2023-12-25T13:56:07.775Z"}},{"iob":0.007,"basaliob":0.007,"bolussnooze":0,"activity":1.0E-4,"lastBolusTime":0,"time":"2023-12-25T14:01:07.775Z","iobWithZeroTemp":{"iob":-0.5,"basaliob":-0.5,"bolussnooze":0,"activity":-0.0045,"lastBolusTime":0,"time":"2023-12-25T14:01:07.775Z"}},{"iob":0.006,"basaliob":0.006,"bolussnooze":0,"activity":1.0E-4,"lastBolusTime":0,"time":"2023-12-25T14:06:07.775Z","iobWithZeroTemp":{"iob":-0.503,"basaliob":-0.503,"bolussnooze":0,"activity":-0.0045,"lastBolusTime":0,"time":"2023-12-25T14:06:07.775Z"}},{"iob":0.005,"basaliob":0.005,"bolussnooze":0,"activity":1.0E-4,"lastBolusTime":0,"time":"2023-12-25T14:11:07.775Z","iobWithZeroTemp":{"iob":-0.506,"basaliob":-0.506,"bolussnooze":0,"activity":-0.0046,"lastBolusTime":0,"time":"2023-12-25T14:11:07.775Z"}},{"iob":0.005,"basaliob":0.005,"bolussnooze":0,"activity":1.0E-4,"lastBolusTime":0,"time":"2023-12-25T14:16:07.775Z","iobWithZeroTemp":{"iob":-0.507,"basaliob":-0.507,"bolussnooze":0,"activity":-0.0046,"lastBolusTime":0,"time":"2023-12-25T14:16:07.775Z"}}],"profile":{"max_iob":4,"type":"current","max_daily_basal":0.5,"max_basal":1.2,"min_bg":100.8,"max_bg":100.8,"target_bg":100.8,"carb_ratio":30,"sens":126,"max_daily_safety_multiplier":3,"current_basal_safety_multiplier":4,"high_temptarget_raises_sensitivity":false,"low_temptarget_lowers_sensitivity":false,"sensitivity_raises_target":true,"resistance_lowers_target":true,"adv_target_adjustments":false,"exercise_mode":false,"half_basal_exercise_target":160,"maxCOB":120,"skip_neutral_temps":false,"remainingCarbsCap":90,"enableUAM":true,"A52_risk_enable":false,"SMBInterval":3,"enableSMB_with_COB":true,"enableSMB_with_temptarget":true,"allowSMB_with_high_temptarget":false,"enableSMB_always":false,"enableSMB_after_carbs":false,"maxSMBBasalMinutes":75,"maxUAMSMBBasalMinutes":75,"bolus_increment":0.05,"carbsReqThreshold":10,"current_basal":0.3,"temptargetSet":false,"autosens_max":1.2,"out_units":"mmol\/L"},"autosens_data":{"ratio":1},"meal_data":{"carbs":0,"mealCOB":0,"slopeFromMaxDeviation":-0.7619999999999999,"slopeFromMinDeviation":1.1701666666666668,"lastBolusTime":1703430368291,"lastCarbTime":0},"microBolusAllowed":true,"currentTime":1703499669073,"flatBGsDetected":false},"output":{"temp":"absolute","bg":111,"tick":-4,"eventualBG":48,"targetBG":100.8,"insulinReq":0,"deliverAt":"2023-12-25T10:21:09.073Z","sensitivityRatio":1,"predBGs":{"IOB":[111,106,102,98,94,91,88,85,82,80,78,76,75,73,72,71,70,69,68,67,66,65,64,64,63,63,62,62,61,61,60,60,60,60,59,59,59,59,59,58,58,58,58,58,58,58,58,57],"ZT":[111,108,105,102,99,97,95,93,91,90,89,88,87,87,87,87,87,87,88,88,89,90,91,93,94,95,97,99]},"COB":0,"IOB":0.348,"reason":"COB: 0, Dev: -1.1, BGI: -0.2, ISF: 7.0, CR: 30, Target: 5.6, minPredBG 3.6, minGuardBG 3.2, IOBpredBG 3.2; minGuardBG 3.2<3.9 115m left and 0 ~ req 0U\/hr: no temp required","timestamp":"2023-12-25T10:21:09.108Z"}}