{"algorithm":"OpenAPSSMBPlugin","input":{"glucoseStatus":{"glucose":112,"noise":0,"delta":11.67,"short_avgdelta":8.81,"long_avgdelta":0.61,"date":1703412916125},"currenttemp":{"temp":"absolute","duration":90,"rate":0,"minutesrunning":30},"iob_data":[{"iob":0.656,"basaliob":-0.223,"bolussnooze":0,"activity":0.0092,"lastBolusTime":1703409068470,"time":"2023-12-24T10:16:06.130Z","iobWithZeroTemp":{"iob":0.656,"basaliob":-0.223,"bolussnooze":0,"activity":0.0092,"lastBolusTime":1703409068470,"time":"2023-12-24T10:16:06.130Z"}},{"iob":0.612,"basaliob":-0.216,"bolussnooze":0,"activity":0.0087,"lastBolusTime":1703409068470,"time":"2023-12-24T10:21:06.130Z","iobWithZeroTemp":{"iob":0.592,"basaliob":-0.236,"bolussnooze":0,"activity":0.0087,"lastBolusTime":1703409068470,"time":"2023-12-24T10:21:06.130Z"}},{"iob":0.569,"basaliob":-0.21,"bolussnooze":0,"activity":0.0082,"lastBolusTime":1703409068470,"time":"2023-12-24T10:26:06.130Z","iobWithZeroTemp":{"iob":0.524,"basaliob":-0.255,"bolussnooze":0,"activity":0.0081,"lastBolusTime":1703409068470,"time":"2023-12-24T10:26:06.130Z"}},{"iob":0.53,"basaliob":-0.202,"bolussnooze":0,"activity":0.0077,"lastBolusTime":1703409068470,"time":"2023-12-24T10:31:06.130Z","iobWithZeroTemp":{"iob":0.461,"basaliob":-0.271,"bolussnooze":0,"activity":0.0076,"lastBolusTime":1703409068470,"time":"2023-12-24T10:31:06.130Z"}},{"iob":0.494,"basaliob":-0.194,"bolussnooze":0,"activity":0.0072,"lastBolusTime":1703409068470,"time":"2023-12-24T10:36:06.130Z","iobWithZeroTemp":{"iob":0.401,"basaliob":-0.287,"bolussnooze":0,"activity":0.007,"lastBolusTime":1703409068470,"time":"2023-12-24T10:36:06.130Z"}},{"iob":0.459,"basaliob":-0.186,"bolussnooze":0,"activity":0.0068,"lastBolusTime":1703409068470,"time":"2023-12-24T10:41:06.130Z","iobWithZeroTemp":{"iob":0.342,"basaliob":-0.303,"bolussnooze":0,"activity":0.0064,"lastBolusTime":1703409068470,"time":"2023-12-24T10:41:06.130Z"}},{"iob":0.426,"basaliob":-0.178,"bolussnooze":0,"activity":0.0064,"lastBolusTime":1703409068470,"time":"2023-12-24T10:46:06.130Z","iobWithZeroTemp":{"iob":0.286,"basaliob":-0.318,"bolussnooze":0,"activity":0.0059,"lastBolusTime":1703409068470,"time":"2023-12-24T10:46:06.130Z"}},{"iob":0.395,"basaliob":-0.17,"bolussnooze":0,"activity":0.006,"lastBolusTime":1703409068470,"time":"2023-12-24T10:51:06.130Z","iobWithZeroTemp":{"iob":0.233,"basaliob":-0.332,"bolussnooze":0,"activity":0.0053,"lastBolusTime":1703409068470,"time":"2023-12-24T10:51:06.130Z"}},{"iob":0.366,"basaliob":-0.162,"bolussnooze":0,"activity":0.0056,"lastBolusTime":1703409068470,"time":"2023-12-24T10:56:06.130Z","iobWithZeroTemp":{"iob":0.183,"basaliob":-0.345,"bolussnooze":0,"activity":0.0048,"lastBolusTime":1703409068470,"time":"2023-12-24T10:56:06.130Z"}},{"iob":0.339,"basaliob":-0.154,"bolussnooze":0,"activity":0.0052,"lastBolusTime":1703409068470,"time":"2023-12-24T11:01:06.130Z","iobWithZeroTemp":{"iob":0.135,"basaliob":-0.358,"bolussnooze":0,"activity":0.0042,"lastBolusTime":1703409068470,"time":"2023-12-24T11:01:06.130Z"}},{"iob":0.314,"basaliob":-0.146,"bolussnooze":0,"activity":0.0048,"lastBolusTime":1703409068470,"time":"2023-12-24T11:06:06.130Z","iobWithZeroTemp":{"iob":0.091,"basaliob":-0.369,"bolussnooze":0,"activity":0.0036,"lastBolusTime":1703409068470,"time":"2023-12-24T11:06:06.130Z"}},{"iob":0.291,"basaliob":-0.138,"bolussnooze":0,"activity":0.0046,"lastBolusTime":1703409068470,"time":"2023-12-24T11:11:06.130Z","iobWithZeroTemp":{"iob":0.049,"basaliob":-0.38,"bolussnooze":0,"activity":0.0033,"lastBolusTime":1703409068470,"time":"2023-12-24T11:11:06.130Z"}},{"iob":0.268,"basaliob":-0.131,"bolussnooze":0,"activity":0.0042,"lastBolusTime":1703409068470,"time":"2023-12-24T11:16:06.130Z","iobWithZeroTemp":{"iob":0.008,"basaliob":-0.391,"bolussnooze":0,"activity":0.0027,"lastBolusTime":1703409068470,"time":"2023-12-24T11:16:06.130Z"}},{"iob":0.248,"basaliob":-0.123,"bolussnooze":0,"activity":0.004,"lastBolusTime":1703409068470,"time":"2023-12-24T11:21:06.130Z","iobWithZeroTemp":{"iob":-0.029,"basaliob":-0.4,"bolussnooze":0,"activity":0.0023,"lastBolusTime":1703409068470,"time":"2023-12-24T11:21:06.130Z"}},{"iob":0.229,"basaliob":-0.116,"bolussnooze":0,"activity":0.0037,"lastBolusTime":1703409068470,"time":"2023-12-24T11:26:06.130Z","iobWithZeroTemp":{"iob":-0.065,"basaliob":-0.41,"bolussnooze":0,"activity":0.0019,"lastBolusTime":1703409068470,"time":"2023-12-24T11:26:06.130Z"}},{"iob":0.211,"basaliob":-0.11,"bolussnooze":0,"activity":0.0035,"lastBolusTime":1703409068470,"time":"2023-12-24T11:31:06.130Z","iobWithZeroTemp":{"iob":-0.098,"basaliob":-0.419,"bolussnooze":0,"activity":0.0015,"lastBolusTime":1703409068470,"time":"2023-12-24T11:31:06.130Z"}},{"iob":0.195,"basaliob":-0.103,"bolussnooze":0,"activity":0.0032,"lastBolusTime":1703409068470,"time":"2023-12-24T11:36:06.130Z","iobWithZeroTemp":{"iob":-0.129,"basaliob":-0.427,"bolussnooze":0,"activity":0.001,"lastBolusTime":1703409068470,"time":"2023-12-24T11:36:06.130Z"}},{"iob":0.179,"basaliob":-0.097,"bolussnooze":0,"activity":0.003,"lastBolusTime":1703409068470,"time":"2023-12-24T11:41:06.130Z","iobWithZeroTemp":{"iob":-0.158,"basaliob":-0.434,"bolussnooze":0,"activity":7.0E-4,"lastBolusTime":1703409068470,"time":"2023-12-24T11:41:06.130Z"}},{"iob":0.165,"basaliob":-0.091,"bolussnooze":0,"activity":0.0027,"lastBolusTime":1703409068470,"time":"2023-12-24T11:46:06.130Z","iobWithZeroTemp":{"iob":-0.185,"basaliob":-0.441,"bolussnooze":0,"activity":2.0E-4,"lastBolusTime":1703409068470,"time":"2023-12-24T11:46:06.130Z"}},{"iob":0.152,"basaliob":-0.085,"bolussnooze":0,"activity":0.0026,"lastBolusTime":1703409068470,"time":"2023-12-24T11:51:06.130Z","iobWithZeroTemp":{"iob":-0.211,"basaliob":-0.448,"bolussnooze":0,"activity":0,"lastBolusTime":1703409068470,"time":"2023-12-24T11:51:06.130Z"}},{"iob":0.139,"basaliob":-0.08,"bolussnooze":0,"activity":0.0023,"lastBolusTime":1703409068470,"time":"2023-12-24T11:56:06.130Z","iobWithZeroTemp":{"iob":-0.235,"basaliob":-0.454,"bolussnooze":0,"activity":-5.0E-4,"lastBolusTime":1703409068470,"time":"2023-12-24T11:56:06.130Z"}},{"iob":0.129,"basaliob":-0.074,"bolussnooze":0,"activity":0.0022,"lastBolusTime":1703409068470,"time":"2023-12-24T12:01:06.130Z","iobWithZeroTemp":{"iob":-0.256,"basaliob":-0.459,"bolussnooze":0,"activity":-7.0E-4,"lastBolusTime":1703409068470,"time":"2023-12-24T12:01:06.130Z"}},{"iob":0.119,"basaliob":-0.069,"bolussnooze":0,"activity":0.002,"lastBolusTime":1703409068470,"time":"2023-12-24T12:06:06.130Z","iobWithZeroTemp":{"iob":-0.276,"basaliob":-0.464,"bolussnooze":0,"activity":-0.001,"lastBolusTime":1703409068470,"time":"2023-12-24T12:06:06.130Z"}},{"iob":0.108,"basaliob":-0.065,"bolussnooze":0,"activity":0.0019,"lastBolusTime":1703409068470,"time":"2023-12-24T12:11:06.130Z","iobWithZeroTemp":{"iob":-0.297,"basaliob":-0.47,"bolussnooze":0,"activity":-0.0012,"lastBolusTime":1703409068470,"time":"2023-12-24T12:11:06.130Z"}},{"iob":0.1,"basaliob":-0.06,"bolussnooze":0,"activity":0.0017,"lastBolusTime":1703409068470,"time":"2023-12-24T12:16:06.130Z","iobWithZeroTemp":{"iob":-0.314,"basaliob":-0.474,"bolussnooze":0,"activity":-0.0016,"lastBolusTime":1703409068470,"time":"2023-12-24T12:16:06.130Z"}},{"iob":0.091,"basaliob":-0.056,"bolussnooze":0,"activity":0.0016,"lastBolusTime":1703409068470,"time":"2023-12-24T12:21:06.130Z","iobWithZeroTemp":{"iob":-0.332,"basaliob":-0.479,"bolussnooze":0,"activity":-0.0018,"lastBolusTime":1703409068470,"time":"2023-12-24T12:21:06.130Z"}},{"iob":0.084,"basaliob":-0.052,"bolussnooze":0,"activity":0.0014,"lastBolusTime":1703409068470,"time":"2023-12-24T12:26:06.130Z","iobWithZeroTemp":{"iob":-0.346,"basaliob":-0.482,"bolussnooze":0,"activity":-0.0021,"lastBolusTime":1703409068470,"time":"2023-12-24T12:26:06.130Z"}},{"iob":0.076,"basaliob":-0.049,"bolussnooze":0,"activity":0.0014,"lastBolusTime":1703409068470,"time":"2023-12-24T12:31:06.130Z","iobWithZeroTemp":{"iob":-0.362,"basaliob":-0.487,"bolussnooze":0,"activity":-0.0022,"lastBolusTime":1703409068470,"time":"2023-12-24T12:31:06.130Z"}},{"iob":0.07,"basaliob":-0.045,"bolussnooze":0,"activity":0.0012,"lastBolusTime":1703409068470,"time":"2023-12-24T12:36:06.130Z","iobWithZeroTemp":{"iob":-0.375,"basaliob":-0.49,"bolussnooze":0,"activity":-0.0025,"lastBolusTime":1703409068470,"time":"2023-12-24T12:36:06.130Z"}},{"iob":0.064,"basaliob":-0.042,"bolussnooze":0,"activity":0.0012,"lastBolusTime":1703409068470,"time":"2023-12-24T12:41:06.130Z","iobWithZeroTemp":{"iob":-0.387,"basaliob":-0.493,"bolussnooze":0,"activity":-0.0026,"lastBolusTime":1703409068470,"time":"2023-12-24T12:41:06.130Z"}},{"iob":0.058,"basaliob":-0.039,"bolussnooze":0,"activity":0.0011,"lastBolusTime":1703409068470,"time":"2023-12-24T12:46:06.130Z","iobWithZeroTemp":{"iob":-0.399,"basaliob":-0.496,"bolussnooze":0,"activity":-0.0028,"lastBolusTime":1703409068470,"time":"2023-12-24T12:46:06.130Z"}},{"iob":0.053,"basaliob":-0.036,"bolussnooze":0,"activity":9.0E-4,"lastBolusTime":1703409068470,"time":"2023-12-24T12:51:06.130Z","iobWithZeroTemp":{"iob":-0.41,"basaliob":-0.499,"bolussnooze":0,"activity":-0.003,"lastBolusTime":1703409068470,"time":"2023-12-24T12:51:06.130Z"}},{"iob":0.048,"basaliob":-0.034,"bolussnooze":0,"activity":9.0E-4,"lastBolusTime":1703409068470,"time":"2023-12-24T12:56:06.130Z","iobWithZeroTemp":{"iob":-0.42,"basaliob":-0.502,"bolussnooze":0,"activity":-0.0031,"lastBolusTime":1703409068470,"time":"2023-12-24T12:56:06.130Z"}},{"iob":0.044,"basaliob":-0.031,"bolussnooze":0,"activity":8.0E-4,"lastBolusTime":1703409068470,"time":"2023-12-24T13:01:06.130Z","iobWithZeroTemp":{"iob":-0.429,"basaliob":-0.504,"bolussnooze":0,"activity":-0.0033,"lastBolusTime":1703409068470,"time":"2023-12-24T13:01:06.130Z"}},{"iob":0.04,"basaliob":-0.029,"bolussnooze":0,"activity":8.0E-4,"lastBolusTime":1703409068470,"time":"2023-12-24T13:06:06.130Z","iobWithZeroTemp":{"iob":-0.437,"basaliob":-0.506,"bolussnooze":0,"activity":-0.0033,"lastBolusTime":1703409068470,"time":"2023-12-24T13:06:06.130Z"}},{"iob":0.036,"basaliob":-0.027,"bolussnooze":0,"activity":7.0E-4,"lastBolusTime":1703409068470,"time":"2023-12-24T13:11:06.130Z","iobWithZeroTemp":{"iob":-0.445,"basaliob":-0.508,"bolussnooze":0,"activity":-0.0035,"lastBolusTime":1703409068470,"time":"2023-12-24T13:11:06.130Z"}},{"iob":0.033,"basaliob":-0.025,"bolussnooze":0,"activity":6.0E-4,"lastBolusTime":1703409068470,"time":"2023-12-24T13:16:06.130Z","iobWithZeroTemp":{"iob":-0.452,"basaliob":-0.51,"bolussnooze":0,"activity":-0.0037,"lastBolusTime":1703409068470,"time":"2023-12-24T13:16:06.130Z"}},{"iob":0.03,"basaliob":-0.023,"bolussnooze":0,"activity":6.0E-4,"lastBolusTime":1703409068470,"time":"2023-12-24T13:21:06.130Z","iobWithZeroTemp":{"iob":-0.459,"basaliob":-0.512,"bolussnooze":0,"activity":-0.0037,"lastBolusTime":1703409068470,"time":"2023-12-24T13:21:06.130Z"}},{"iob":0.027,"basaliob":-0.021,"bolussnooze":0,"activity":6.0E-4,"lastBolusTime":1703409068470,"time":"2023-12-24T13:26:06.130Z","iobWithZeroTemp":{"iob":-0.465,"basaliob":-0.513,"bolussnooze":0,"activity":-0.0038,"lastBolusTime":1703409068470,"time":"2023-12-24T13:26:06.130Z"}},{"iob":0.025,"basaliob":-0.019,"bolussnooze":0,"activity":5.0E-4,"lastBolusTime":1703409068470,"time":"2023-12-24T13:31:06.130Z","iobWithZeroTemp":{"iob":-0.47,"basaliob":-0.514,"bolussnooze":0,"activity":-0.0039,"lastBolusTime":1703409068470,"time":"2023-12-24T13:31:06.130Z"}},{"iob":0.022,"basaliob":-0.018,"bolussnooze":0,"activity":4.0E-4,"lastBolusTime":1703409068470,"time":"2023-12-24T13:36:06.130Z","iobWithZeroTemp":{"iob":-0.476,"basaliob":-0.516,"bolussnooze":0,"activity":-0.0041,"lastBolusTime":1703409068470,"time":"2023-12-24T13:36:06.130Z"}},{"iob":0.021,"basaliob":-0.016,"bolussnooze":0,"activity":4.0E-4,"lastBolusTime":1703409068470,"time":"2023-12-24T13:41:06.130Z","iobWithZeroTemp":{"iob":-0.479,"basaliob":-0.516,"bolussnooze":0,"activity":-0.0041,"lastBolusTime":1703409068470,"time":"2023-12-24T13:41:06.130Z"}},{"iob":0.018,"basaliob":-0.015,"bolussnooze":0,"activity":3.0E-4,"lastBolusTime":1703409068470,"time":"2023-12-24T13:46:06.130Z","iobWithZeroTemp":{"iob":-0.485,"basaliob":-0.518,"bolussnooze":0,"activity":-0.0042,"lastBolusTime":1703409068470,"time":"2023-12-24T13:46:06.130Z"}},{"iob":0.016,"basaliob":-0.014,"bolussnooze":0,"activity":4.0E-4,"lastBolusTime":1703409068470,"time":"2023-12-24T13:51:06.130Z","iobWithZeroTemp":{"iob":-0.489,"basaliob":-0.519,"bolussnooze":0,"activity":-0.0042,"lastBolusTime":1703409068470,"time":"2023-12-24T13:51:06.130Z"}},{"iob":0.014,"basaliob":-0.013,"bolussnooze":0,"activity":3.0E-4,"lastBolusTime":1703409068470,"time":"2023-12-24T13:56:06.130Z","iobWithZeroTemp":{"iob":-0.493,"basaliob":-0.52,"bolussnooze":0,"activity":-0.0043,"lastBolusTime":1703409068470,"time":"2023-12-24T13:56:06.130Z"}},{"iob":0.013,"basaliob":-0.012,"bolussnooze":0,"activity":3.0E-4,"lastBolusTime":1703409068470,"time":"2023-12-24T14:01:06.130Z","iobWithZeroTemp":{"iob":-0.496,"basaliob":-0.521,"bolussnooze":0,"activity":-0.0043,"lastBolusTime":1703409068470,"time":"2023-12-24T14:01:06.130Z"}},{"iob":0.012,"basaliob":-0.011,"bolussnooze":0,"activity":2.0E-4,"lastBolusTime":1703409068470,"time":"2023-12-24T14:06:06.130Z","iobWithZeroTemp":{"iob":-0.499,"basaliob":-0.522,"bolussnooze":0,"activity":-0.0045,"lastBolusTime":1703409068470,"time":"2023-12-24T14:06:06.130Z"}},{"iob":0.011,"basaliob":-0.01,"bolussnooze":0,"activity":2.0E-4,"lastBolusTime":1703409068470,"time":"2023-12-24T14:11:06.130Z","iobWithZeroTemp":{"iob":-0.501,"basaliob":-0.522,"bolussnooze":0,"activity":-0.0045,"lastBolusTime":1703409068470,"time":"2023-12-24T14:11:06.130Z"}}],"profile":{"max_iob":4,"type":"current","max_daily_basal":0.5,"max_basal":1.2,"min_bg":91.79999999999998,"max_bg":91.79999999999998,"target_bg":91.79999999999998,"carb_ratio":30,"sens":126,"max_daily_safety_multiplier":3,"current_basal_safety_multiplier":4,"high_temptarget_raises_sensitivity":false,"low_temptarget_lowers_sensitivity":false,"sensitivity_raises_target":true,"resistance_lowers_target":true,"adv_target_adjustments":false,"exercise_mode":false,"half_basal_exercise_target":160,"maxCOB":120,"skip_neutral_temps":false,"remainingCarbsCap":90,"enableUAM":true,"A52_risk_enable":false,"SMBInterval":3,"enableSMB_with_COB":true,"enableSMB_with_temptarget":true,"allowSMB_with_high_temptarget":false,"enableSMB_always":false,"enableSMB_after_carbs":false,"maxSMBBasalMinutes":75,"maxUAMSMBBasalMinutes":75,"bolus_increment":0.05,"carbsReqThreshold":10,"current_basal":0.3,"temptargetSet":true,"autosens_max":1.2,"out_units":"mmol\/L"},"autosens_data":{"ratio":1},"meal_data":{"carbs":0,"mealCOB":0,"slopeFromMaxDeviation":0,"slopeFromMinDeviation":2.980666666666667,"lastBolusTime":1703409068470,"lastCarbTime":0},"microBolusAllowed":true,"currentTime":1703412967462,"flatBGsDetected":false},"output":{"temp":"absolute","bg":112,"tick":"+12","eventualBG":128,"targetBG":91.79999999999998,"insulinReq":0.02,"deliverAt":"2023-12-24T10:16:07.462Z","sensitivityRatio":1,"predBGs":{"IOB":[112,116,119,122,124,126,127,127,127,126,124,122,119,116,114,112,109,107,105,104,102,101,99,98,97,96,95,94,93,92,91,91,90,90,89,89,88,88,87,87,87,87,86,86,86,86,85],"ZT":[112,106,101,96,91,86,82,79,75,72,70,67,65,64,62,61,60,59,59,59,59,59,60,60,61,62,63,64,66,67,69,71,73,75,77,79,81,83,86,88,91],"UAM":[112,120,127,133,139,144,149,152,155,157,159,159,159,158,156,154,152,150,148,146,144,143,142,140,139,138,137,136,135,135,134,133,133,132,132,131,131,130,130,129,129,129,129,128]},"COB":0,"IOB":0.656,"reason":"COB: 0, Dev: 4.9, BGI: -0.3, ISF: 7.0, CR: 30, Target: 5.1, minPredBG 5.2, minGuardBG 6.7, IOBpredBG 4.7, UAMpredBG 7.1; Eventual BG 7.1 >= 5.1,  insulinReq 0.02. temp 0.00 < 0.34U\/hr. ","duration":30,"rate":0.33999999999999997,"timestamp":"2023-12-24T10:16:07.498Z"}}