{"algorithm":"OpenAPSSMBPlugin","input":{"glucoseStatus":{"glucose":126,"noise":0,"delta":20.67,"short_avgdelta":18.39,"long_avgdelta":10.39,"date":1703517316034},"currenttemp":{"temp":"absolute","duration":20,"rate":1.05,"minutesrunning":10},"iob_data":[{"iob":0.166,"basaliob":0.166,"bolussnooze":0,"activity":0.0017,"lastBolusTime":0,"time":"2023-12-25T15:16:09.456Z","iobWithZeroTemp":{"iob":0.166,"basaliob":0.166,"bolussnooze":0,"activity":0.0017,"lastBolusTime":0,"time":"2023-12-25T15:16:09.456Z"}},{"iob":0.158,"basaliob":0.158,"bolussnooze":0,"activity":0.0016,"lastBolusTime":0,"time":"2023-12-25T15:21:09.456Z","iobWithZeroTemp":{"iob":0.138,"basaliob":0.138,"bolussnooze":0,"activity":0.0016,"lastBolusTime":0,"time":"2023-12-25T15:21:09.456Z"}},{"iob":0.15,"basaliob":0.15,"bolussnooze":0,"activity":0.0016,"lastBolusTime":0,"time":"2023-12-25T15:26:09.456Z","iobWithZeroTemp":{"iob":0.105,"basaliob":0.105,"bolussnooze":0,"activity":0.0015,"lastBolusTime":0,"time":"2023-12-25T15:26:09.456Z"}},{"iob":0.142,"basaliob":0.142,"bolussnooze":0,"activity":0.0016,"lastBolusTime":0,"time":"2023-12-25T15:31:09.456Z","iobWithZeroTemp":{"iob":0.073,"basaliob":0.073,"bolussnooze":0,"activity":0.0015,"lastBolusTime":0,"time":"2023-12-25T15:31:09.456Z"}},{"iob":0.134,"basaliob":0.134,"bolussnooze":0,"activity":0.0015,"lastBolusTime":0,"time":"2023-12-25T15:36:09.456Z","iobWithZeroTemp":{"iob":0.041,"basaliob":0.041,"bolussnooze":0,"activity":0.0013,"lastBolusTime":0,"time":"2023-12-25T15:36:09.456Z"}},{"iob":0.126,"basaliob":0.126,"bolussnooze":0,"activity":0.0015,"lastBolusTime":0,"time":"2023-12-25T15:41:09.456Z","iobWithZeroTemp":{"iob":0.009,"basaliob":0.009,"bolussnooze":0,"activity":0.0011,"lastBolusTime":0,"time":"2023-12-25T15:41:09.456Z"}},{"iob":0.119,"basaliob":0.119,"bolussnooze":0,"activity":0.0014,"lastBolusTime":0,"time":"2023-12-25T15:46:09.456Z","iobWithZeroTemp":{"iob":-0.021,"basaliob":-0.021,"bolussnooze":0,"activity":9.0E-4,"lastBolusTime":0,"time":"2023-12-25T15:46:09.456Z"}},{"iob":0.112,"basaliob":0.112,"bolussnooze":0,"activity":0.0014,"lastBolusTime":0,"time":"2023-12-25T15:51:09.456Z","iobWithZeroTemp":{"iob":-0.05,"basaliob":-0.05,"bolussnooze":0,"activity":7.0E-4,"lastBolusTime":0,"time":"2023-12-25T15:51:09.456Z"}},{"iob":0.105,"basaliob":0.105,"bolussnooze":0,"activity":0.0013,"lastBolusTime":0,"time":"2023-12-25T15:56:09.456Z","iobWithZeroTemp":{"iob":-0.078,"basaliob":-0.078,"bolussnooze":0,"activity":5.0E-4,"lastBolusTime":0,"time":"2023-12-25T15:56:09.456Z"}},{"iob":0.099,"basaliob":0.099,"bolussnooze":0,"activity":0.0013,"lastBolusTime":0,"time":"2023-12-25T16:01:09.456Z","iobWithZeroTemp":{"iob":-0.105,"basaliob":-0.105,"bolussnooze":0,"activity":3.0E-4,"lastBolusTime":0,"time":"2023-12-25T16:01:09.456Z"}},{"iob":0.093,"basaliob":0.093,"bolussnooze":0,"activity":0.0012,"lastBolusTime":0,"time":"2023-12-25T16:06:09.456Z","iobWithZeroTemp":{"iob":-0.139,"basaliob":-0.139,"bolussnooze":0,"activity":0,"lastBolusTime":0,"time":"2023-12-25T16:06:09.456Z"}},{"iob":0.087,"basaliob":0.087,"bolussnooze":0,"activity":0.0011,"lastBolusTime":0,"time":"2023-12-25T16:11:09.456Z","iobWithZeroTemp":{"iob":-0.171,"basaliob":-0.171,"bolussnooze":0,"activity":-2.0E-4,"lastBolusTime":0,"time":"2023-12-25T16:11:09.456Z"}},{"iob":0.081,"basaliob":0.081,"bolussnooze":0,"activity":0.0011,"lastBolusTime":0,"time":"2023-12-25T16:16:09.456Z","iobWithZeroTemp":{"iob":-0.203,"basaliob":-0.203,"bolussnooze":0,"activity":-4.0E-4,"lastBolusTime":0,"time":"2023-12-25T16:16:09.456Z"}},{"iob":0.076,"basaliob":0.076,"bolussnooze":0,"activity":0.001,"lastBolusTime":0,"time":"2023-12-25T16:21:09.456Z","iobWithZeroTemp":{"iob":-0.233,"basaliob":-0.233,"bolussnooze":0,"activity":-8.0E-4,"lastBolusTime":0,"time":"2023-12-25T16:21:09.456Z"}},{"iob":0.071,"basaliob":0.071,"bolussnooze":0,"activity":0.001,"lastBolusTime":0,"time":"2023-12-25T16:26:09.456Z","iobWithZeroTemp":{"iob":-0.262,"basaliob":-0.262,"bolussnooze":0,"activity":-0.001,"lastBolusTime":0,"time":"2023-12-25T16:26:09.456Z"}},{"iob":0.066,"basaliob":0.066,"bolussnooze":0,"activity":9.0E-4,"lastBolusTime":0,"time":"2023-12-25T16:31:09.456Z","iobWithZeroTemp":{"iob":-0.29,"basaliob":-0.29,"bolussnooze":0,"activity":-0.0013,"lastBolusTime":0,"time":"2023-12-25T16:31:09.456Z"}},{"iob":0.061,"basaliob":0.061,"bolussnooze":0,"activity":9.0E-4,"lastBolusTime":0,"time":"2023-12-25T16:36:09.456Z","iobWithZeroTemp":{"iob":-0.317,"basaliob":-0.317,"bolussnooze":0,"activity":-0.0015,"lastBolusTime":0,"time":"2023-12-25T16:36:09.456Z"}},{"iob":0.057,"basaliob":0.057,"bolussnooze":0,"activity":8.0E-4,"lastBolusTime":0,"time":"2023-12-25T16:41:09.456Z","iobWithZeroTemp":{"iob":-0.342,"basaliob":-0.342,"bolussnooze":0,"activity":-0.0018,"lastBolusTime":0,"time":"2023-12-25T16:41:09.456Z"}},{"iob":0.053,"basaliob":0.053,"bolussnooze":0,"activity":8.0E-4,"lastBolusTime":0,"time":"2023-12-25T16:46:09.456Z","iobWithZeroTemp":{"iob":-0.366,"basaliob":-0.366,"bolussnooze":0,"activity":-0.002,"lastBolusTime":0,"time":"2023-12-25T16:46:09.456Z"}},{"iob":0.049,"basaliob":0.049,"bolussnooze":0,"activity":7.0E-4,"lastBolusTime":0,"time":"2023-12-25T16:51:09.456Z","iobWithZeroTemp":{"iob":-0.389,"basaliob":-0.389,"bolussnooze":0,"activity":-0.0023,"lastBolusTime":0,"time":"2023-12-25T16:51:09.456Z"}},{"iob":0.046,"basaliob":0.046,"bolussnooze":0,"activity":7.0E-4,"lastBolusTime":0,"time":"2023-12-25T16:56:09.456Z","iobWithZeroTemp":{"iob":-0.41,"basaliob":-0.41,"bolussnooze":0,"activity":-0.0025,"lastBolusTime":0,"time":"2023-12-25T16:56:09.456Z"}},{"iob":0.043,"basaliob":0.043,"bolussnooze":0,"activity":6.0E-4,"lastBolusTime":0,"time":"2023-12-25T17:01:09.456Z","iobWithZeroTemp":{"iob":-0.429,"basaliob":-0.429,"bolussnooze":0,"activity":-0.0028,"lastBolusTime":0,"time":"2023-12-25T17:01:09.456Z"}},{"iob":0.04,"basaliob":0.04,"bolussnooze":0,"activity":6.0E-4,"lastBolusTime":0,"time":"2023-12-25T17:06:09.456Z","iobWithZeroTemp":{"iob":-0.448,"basaliob":-0.448,"bolussnooze":0,"activity":-0.003,"lastBolusTime":0,"time":"2023-12-25T17:06:09.456Z"}},{"iob":0.037,"basaliob":0.037,"bolussnooze":0,"activity":6.0E-4,"lastBolusTime":0,"time":"2023-12-25T17:11:09.456Z","iobWithZeroTemp":{"iob":-0.466,"basaliob":-0.466,"bolussnooze":0,"activity":-0.0032,"lastBolusTime":0,"time":"2023-12-25T17:11:09.456Z"}},{"iob":0.034,"basaliob":0.034,"bolussnooze":0,"activity":5.0E-4,"lastBolusTime":0,"time":"2023-12-25T17:16:09.456Z","iobWithZeroTemp":{"iob":-0.483,"basaliob":-0.483,"bolussnooze":0,"activity":-0.0034,"lastBolusTime":0,"time":"2023-12-25T17:16:09.456Z"}},{"iob":0.031,"basaliob":0.031,"bolussnooze":0,"activity":5.0E-4,"lastBolusTime":0,"time":"2023-12-25T17:21:09.456Z","iobWithZeroTemp":{"iob":-0.5,"basaliob":-0.5,"bolussnooze":0,"activity":-0.0036,"lastBolusTime":0,"time":"2023-12-25T17:21:09.456Z"}},{"iob":0.029,"basaliob":0.029,"bolussnooze":0,"activity":5.0E-4,"lastBolusTime":0,"time":"2023-12-25T17:26:09.456Z","iobWithZeroTemp":{"iob":-0.514,"basaliob":-0.514,"bolussnooze":0,"activity":-0.0038,"lastBolusTime":0,"time":"2023-12-25T17:26:09.456Z"}},{"iob":0.027,"basaliob":0.027,"bolussnooze":0,"activity":4.0E-4,"lastBolusTime":0,"time":"2023-12-25T17:31:09.456Z","iobWithZeroTemp":{"iob":-0.528,"basaliob":-0.528,"bolussnooze":0,"activity":-0.004,"lastBolusTime":0,"time":"2023-12-25T17:31:09.456Z"}},{"iob":0.025,"basaliob":0.025,"bolussnooze":0,"activity":4.0E-4,"lastBolusTime":0,"time":"2023-12-25T17:36:09.456Z","iobWithZeroTemp":{"iob":-0.541,"basaliob":-0.541,"bolussnooze":0,"activity":-0.0041,"lastBolusTime":0,"time":"2023-12-25T17:36:09.456Z"}},{"iob":0.023,"basaliob":0.023,"bolussnooze":0,"activity":4.0E-4,"lastBolusTime":0,"time":"2023-12-25T17:41:09.456Z","iobWithZeroTemp":{"iob":-0.553,"basaliob":-0.553,"bolussnooze":0,"activity":-0.0043,"lastBolusTime":0,"time":"2023-12-25T17:41:09.456Z"}},{"iob":0.021,"basaliob":0.021,"bolussnooze":0,"activity":3.0E-4,"lastBolusTime":0,"time":"2023-12-25T17:46:09.456Z","iobWithZeroTemp":{"iob":-0.565,"basaliob":-0.565,"bolussnooze":0,"activity":-0.0045,"lastBolusTime":0,"time":"2023-12-25T17:46:09.456Z"}},{"iob":0.019,"basaliob":0.019,"bolussnooze":0,"activity":3.0E-4,"lastBolusTime":0,"time":"2023-12-25T17:51:09.456Z","iobWithZeroTemp":{"iob":-0.576,"basaliob":-0.576,"bolussnooze":0,"activity":-0.0046,"lastBolusTime":0,"time":"2023-12-25T17:51:09.456Z"}},{"iob":0.018,"basaliob":0.018,"bolussnooze":0,"activity":3.0E-4,"lastBolusTime":0,"time":"2023-12-25T17:56:09.456Z","iobWithZeroTemp":{"iob":-0.585,"basaliob":-0.585,"bolussnooze":0,"activity":-0.0048,"lastBolusTime":0,"time":"2023-12-25T17:56:09.456Z"}},{"iob":0.016,"basaliob":0.016,"bolussnooze":0,"activity":3.0E-4,"lastBolusTime":0,"time":"2023-12-25T18:01:09.456Z","iobWithZeroTemp":{"iob":-0.595,"basaliob":-0.595,"bolussnooze":0,"activity":-0.0049,"lastBolusTime":0,"time":"2023-12-25T18:01:09.456Z"}},{"iob":0.015,"basaliob":0.015,"bolussnooze":0,"activity":3.0E-4,"lastBolusTime":0,"time":"2023-12-25T18:06:09.456Z","iobWithZeroTemp":{"iob":-0.603,"basaliob":-0.603,"bolussnooze":0,"activity":-0.005,"lastBolusTime":0,"time":"2023-12-25T18:06:09.456Z"}},{"iob":0.014,"basaliob":0.014,"bolussnooze":0,"activity":2.0E-4,"lastBolusTime":0,"time":"2023-12-25T18:11:09.456Z","iobWithZeroTemp":{"iob":-0.611,"basaliob":-0.611,"bolussnooze":0,"activity":-0.0052,"lastBolusTime":0,"time":"2023-12-25T18:11:09.456Z"}},{"iob":0.013,"basaliob":0.013,"bolussnooze":0,"activity":2.0E-4,"lastBolusTime":0,"time":"2023-12-25T18:16:09.456Z","iobWithZeroTemp":{"iob":-0.618,"basaliob":-0.618,"bolussnooze":0,"activity":-0.0053,"lastBolusTime":0,"time":"2023-12-25T18:16:09.456Z"}},{"iob":0.012,"basaliob":0.012,"bolussnooze":0,"activity":2.0E-4,"lastBolusTime":0,"time":"2023-12-25T18:21:09.456Z","iobWithZeroTemp":{"iob":-0.625,"basaliob":-0.625,"bolussnooze":0,"activity":-0.0053,"lastBolusTime":0,"time":"2023-12-25T18:21:09.456Z"}},{"iob":0.011,"basaliob":0.011,"bolussnooze":0,"activity":2.0E-4,"lastBolusTime":0,"time":"2023-12-25T18:26:09.456Z","iobWithZeroTemp":{"iob":-0.631,"basaliob":-0.631,"bolussnooze":0,"activity":-0.0054,"lastBolusTime":0,"time":"2023-12-25T18:26:09.456Z"}},{"iob":0.01,"basaliob":0.01,"bolussnooze":0,"activity":2.0E-4,"lastBolusTime":0,"time":"2023-12-25T18:31:09.456Z","iobWithZeroTemp":{"iob":-0.637,"basaliob":-0.637,"bolussnooze":0,"activity":-0.0055,"lastBolusTime":0,"time":"2023-12-25T18:31:09.456Z"}},{"iob":0.009,"basaliob":0.009,"bolussnooze":0,"activity":2.0E-4,"lastBolusTime":0,"time":"2023-12-25T18:36:09.456Z","iobWithZeroTemp":{"iob":-0.643,"basaliob":-0.643,"bolussnooze":0,"activity":-0.0056,"lastBolusTime":0,"time":"2023-12-25T18:36:09.456Z"}},{"iob":0.008,"basaliob":0.008,"bolussnooze":0,"activity":1.0E-4,"lastBolusTime":0,"time":"2023-12-25T18:41:09.456Z","iobWithZeroTemp":{"iob":-0.648,"basaliob":-0.648,"bolussnooze":0,"activity":-0.0057,"lastBolusTime":0,"time":"2023-12-25T18:41:09.456Z"}},{"iob":0.007,"basaliob":0.007,"bolussnooze":0,"activity":1.0E-4,"lastBolusTime":0,"time":"2023-12-25T18:46:09.456Z","iobWithZeroTemp":{"iob":-0.653,"basaliob":-0.653,"bolussnooze":0,"activity":-0.0058,"lastBolusTime":0,"time":"2023-12-25T18:46:09.456Z"}},{"iob":0.007,"basaliob":0.007,"bolussnooze":0,"activity":1.0E-4,"lastBolusTime":0,"time":"2023-12-25T18:51:09.456Z","iobWithZeroTemp":{"iob":-0.657,"basaliob":-0.657,"bolussnooze":0,"activity":-0.0059,"lastBolusTime":0,"time":"2023-12-25T18:51:09.456Z"}},{"iob":0.006,"basaliob":0.006,"bolussnooze":0,"activity":1.0E-4,"lastBolusTime":0,"time":"2023-12-25T18:56:09.456Z","iobWithZeroTemp":{"iob":-0.661,"basaliob":-0.661,"bolussnooze":0,"activity":-0.0059,"lastBolusTime":0,"time":"2023-12-25T18:56:09.456Z"}},{"iob":0.006,"basaliob":0.006,"bolussnooze":0,"activity":1.0E-4,"lastBolusTime":0,"time":"2023-12-25T19:01:09.456Z","iobWithZeroTemp":{"iob":-0.665,"basaliob":-0.665,"bolussnooze":0,"activity":-0.006,"lastBolusTime":0,"time":"2023-12-25T19:01:09.456Z"}},{"iob":0.005,"basaliob":0.005,"bolussnooze":0,"activity":1.0E-4,"lastBolusTime":0,"time":"2023-12-25T19:06:09.456Z","iobWithZeroTemp":{"iob":-0.668,"basaliob":-0.668,"bolussnooze":0,"activity":-0.006,"lastBolusTime":0,"time":"2023-12-25T19:06:09.456Z"}},{"iob":0.005,"basaliob":0.005,"bolussnooze":0,"activity":1.0E-4,"lastBolusTime":0,"time":"2023-12-25T19:11:09.456Z","iobWithZeroTemp":{"iob":-0.671,"basaliob":-0.671,"bolussnooze":0,"activity":-0.0061,"lastBolusTime":0,"time":"2023-12-25T19:11:09.456Z"}}],"profile":{"max_iob":4,"type":"current","max_daily_basal":0.5,"max_basal":1.2,"min_bg":100.8,"max_bg":100.8,"target_bg":100.8,"carb_ratio":20,"sens":126,"max_daily_safety_multiplier":3,"current_basal_safety_multiplier":4,"high_temptarget_raises_sensitivity":false,"low_temptarget_lowers_sensitivity":false,"sensitivity_raises_target":true,"resistance_lowers_target":true,"adv_target_adjustments":false,"exercise_mode":false,"half_basal_exercise_target":160,"maxCOB":120,"skip_neutral_temps":false,"remainingCarbsCap":90,"enableUAM":true,"A52_risk_enable":false,"SMBInterval":3,"enableSMB_with_COB":true,"enableSMB_with_temptarget":true,"allowSMB_with_high_temptarget":false,"enableSMB_always":false,"enableSMB_after_carbs":false,"maxSMBBasalMinutes":75,"maxUAMSMBBasalMinutes":75,"bolus_increment":0.05,"carbsReqThreshold":10,"current_basal":0.3,"temptargetSet":false,"autosens_max":1.2,"out_units":"mmol\/L"},"autosens_data":{"ratio":1},"meal_data":{"carbs":0,"mealCOB":0,"slopeFromMaxDeviation":0,"slopeFromMinDeviation":3.9295,"lastBolusTime":1703430368291,"lastCarbTime":0},"microBolusAllowed":true,"currentTime":1703517370629,"flatBGsDetected":false},"output":{"temp":"absolute","bg":126,"tick":"+21","eventualBG":241,"targetBG":100.8,"insulinReq":0.91,"deliverAt":"2023-12-25T15:16:10.629Z","sensitivityRatio":1,"predBGs":{"IOB":[126,139,152,162,172,180,187,193,197,200,202,203,202,201,201,200,200,199,198,198,198,197,197,196,196,196,195,195,195,195,194,194,194,194,194,193,193,193,193,193,193,193,192],"ZT":[126,125,124,123,122,121,121,120,120,119,119,119,119,119,120,121,121],"UAM":[126,143,159,174,187,199,210,219,227,234,240,244,247,249,249,249,248,248,247,247,246,246,245,245,245,244,244,244,243,243,243,243,242,242,242,242,242,242,241]},"COB":0,"IOB":0.166,"reason":"COB: 0, Dev: 6.5, BGI: -0.1, ISF: 7.0, CR: 20, Target: 5.6, minPredBG 12.0, minGuardBG 7.9, IOBpredBG 10.7, UAMpredBG 13.4; Eventual BG 13.4 >= 5.6, adj. req. rate: 2.12 to maxSafeBasal: 1.2, temp 1.05 < 1.2U\/hr. ","duration":30,"rate":1.2,"timestamp":"2023-12-25T15:16:10.650Z"}}