{"algorithm":"OpenAPSSMBPlugin","input":{"glucoseStatus":{"glucose":134,"noise":0,"delta":-18.67,"short_avgdelta":-18.26,"long_avgdelta":-18.42,"date":1703433015890},"currenttemp":{"temp":"absolute","duration":90,"rate":0,"minutesrunning":30},"iob_data":[{"iob":1.239,"basaliob":-0.023,"bolussnooze":0,"activity":0.0135,"lastBolusTime":1703430368291,"time":"2023-12-24T15:51:05.309Z","iobWithZeroTemp":{"iob":1.239,"basaliob":-0.023,"bolussnooze":0,"activity":0.0135,"lastBolusTime":1703430368291,"time":"2023-12-24T15:51:05.309Z"}},{"iob":1.173,"basaliob":-0.024,"bolussnooze":0,"activity":0.0132,"lastBolusTime":1703430368291,"time":"2023-12-24T15:56:05.309Z","iobWithZeroTemp":{"iob":1.153,"basaliob":-0.044,"bolussnooze":0,"activity":0.0132,"lastBolusTime":1703430368291,"time":"2023-12-24T15:56:05.309Z"}},{"iob":1.109,"basaliob":-0.025,"bolussnooze":0,"activity":0.0128,"lastBolusTime":1703430368291,"time":"2023-12-24T16:01:05.309Z","iobWithZeroTemp":{"iob":1.064,"basaliob":-0.07,"bolussnooze":0,"activity":0.0127,"lastBolusTime":1703430368291,"time":"2023-12-24T16:01:05.309Z"}},{"iob":1.046,"basaliob":-0.026,"bolussnooze":0,"activity":0.0123,"lastBolusTime":1703430368291,"time":"2023-12-24T16:06:05.309Z","iobWithZeroTemp":{"iob":0.969,"basaliob":-0.103,"bolussnooze":0,"activity":0.0122,"lastBolusTime":1703430368291,"time":"2023-12-24T16:06:05.309Z"}},{"iob":0.985,"basaliob":-0.027,"bolussnooze":0,"activity":0.0119,"lastBolusTime":1703430368291,"time":"2023-12-24T16:11:05.309Z","iobWithZeroTemp":{"iob":0.876,"basaliob":-0.136,"bolussnooze":0,"activity":0.0116,"lastBolusTime":1703430368291,"time":"2023-12-24T16:11:05.309Z"}},{"iob":0.927,"basaliob":-0.027,"bolussnooze":0,"activity":0.0114,"lastBolusTime":1703430368291,"time":"2023-12-24T16:16:05.309Z","iobWithZeroTemp":{"iob":0.786,"basaliob":-0.168,"bolussnooze":0,"activity":0.011,"lastBolusTime":1703430368291,"time":"2023-12-24T16:16:05.309Z"}},{"iob":0.871,"basaliob":-0.027,"bolussnooze":0,"activity":0.011,"lastBolusTime":1703430368291,"time":"2023-12-24T16:21:05.309Z","iobWithZeroTemp":{"iob":0.7,"basaliob":-0.198,"bolussnooze":0,"activity":0.0104,"lastBolusTime":1703430368291,"time":"2023-12-24T16:21:05.309Z"}},{"iob":0.818,"basaliob":-0.026,"bolussnooze":0,"activity":0.0104,"lastBolusTime":1703430368291,"time":"2023-12-24T16:26:05.309Z","iobWithZeroTemp":{"iob":0.617,"basaliob":-0.227,"bolussnooze":0,"activity":0.0096,"lastBolusTime":1703430368291,"time":"2023-12-24T16:26:05.309Z"}},{"iob":0.766,"basaliob":-0.026,"bolussnooze":0,"activity":0.01,"lastBolusTime":1703430368291,"time":"2023-12-24T16:31:05.309Z","iobWithZeroTemp":{"iob":0.536,"basaliob":-0.256,"bolussnooze":0,"activity":0.009,"lastBolusTime":1703430368291,"time":"2023-12-24T16:31:05.309Z"}},{"iob":0.718,"basaliob":-0.025,"bolussnooze":0,"activity":0.0095,"lastBolusTime":1703430368291,"time":"2023-12-24T16:36:05.309Z","iobWithZeroTemp":{"iob":0.46,"basaliob":-0.283,"bolussnooze":0,"activity":0.0083,"lastBolusTime":1703430368291,"time":"2023-12-24T16:36:05.309Z"}},{"iob":0.671,"basaliob":-0.025,"bolussnooze":0,"activity":0.0091,"lastBolusTime":1703430368291,"time":"2023-12-24T16:41:05.309Z","iobWithZeroTemp":{"iob":0.386,"basaliob":-0.31,"bolussnooze":0,"activity":0.0077,"lastBolusTime":1703430368291,"time":"2023-12-24T16:41:05.309Z"}},{"iob":0.628,"basaliob":-0.024,"bolussnooze":0,"activity":0.0085,"lastBolusTime":1703430368291,"time":"2023-12-24T16:46:05.309Z","iobWithZeroTemp":{"iob":0.318,"basaliob":-0.334,"bolussnooze":0,"activity":0.0068,"lastBolusTime":1703430368291,"time":"2023-12-24T16:46:05.309Z"}},{"iob":0.586,"basaliob":-0.023,"bolussnooze":0,"activity":0.0081,"lastBolusTime":1703430368291,"time":"2023-12-24T16:51:05.309Z","iobWithZeroTemp":{"iob":0.251,"basaliob":-0.358,"bolussnooze":0,"activity":0.0062,"lastBolusTime":1703430368291,"time":"2023-12-24T16:51:05.309Z"}},{"iob":0.547,"basaliob":-0.022,"bolussnooze":0,"activity":0.0076,"lastBolusTime":1703430368291,"time":"2023-12-24T16:56:05.309Z","iobWithZeroTemp":{"iob":0.189,"basaliob":-0.38,"bolussnooze":0,"activity":0.0055,"lastBolusTime":1703430368291,"time":"2023-12-24T16:56:05.309Z"}},{"iob":0.51,"basaliob":-0.021,"bolussnooze":0,"activity":0.0072,"lastBolusTime":1703430368291,"time":"2023-12-24T17:01:05.309Z","iobWithZeroTemp":{"iob":0.13,"basaliob":-0.401,"bolussnooze":0,"activity":0.0049,"lastBolusTime":1703430368291,"time":"2023-12-24T17:01:05.309Z"}},{"iob":0.475,"basaliob":-0.02,"bolussnooze":0,"activity":0.0068,"lastBolusTime":1703430368291,"time":"2023-12-24T17:06:05.309Z","iobWithZeroTemp":{"iob":0.073,"basaliob":-0.422,"bolussnooze":0,"activity":0.0042,"lastBolusTime":1703430368291,"time":"2023-12-24T17:06:05.309Z"}},{"iob":0.442,"basaliob":-0.019,"bolussnooze":0,"activity":0.0064,"lastBolusTime":1703430368291,"time":"2023-12-24T17:11:05.309Z","iobWithZeroTemp":{"iob":0.02,"basaliob":-0.441,"bolussnooze":0,"activity":0.0036,"lastBolusTime":1703430368291,"time":"2023-12-24T17:11:05.309Z"}},{"iob":0.411,"basaliob":-0.018,"bolussnooze":0,"activity":0.006,"lastBolusTime":1703430368291,"time":"2023-12-24T17:16:05.309Z","iobWithZeroTemp":{"iob":-0.03,"basaliob":-0.459,"bolussnooze":0,"activity":0.003,"lastBolusTime":1703430368291,"time":"2023-12-24T17:16:05.309Z"}},{"iob":0.381,"basaliob":-0.018,"bolussnooze":0,"activity":0.0056,"lastBolusTime":1703430368291,"time":"2023-12-24T17:21:05.309Z","iobWithZeroTemp":{"iob":-0.077,"basaliob":-0.476,"bolussnooze":0,"activity":0.0024,"lastBolusTime":1703430368291,"time":"2023-12-24T17:21:05.309Z"}},{"iob":0.354,"basaliob":-0.017,"bolussnooze":0,"activity":0.0053,"lastBolusTime":1703430368291,"time":"2023-12-24T17:26:05.309Z","iobWithZeroTemp":{"iob":-0.121,"basaliob":-0.492,"bolussnooze":0,"activity":0.0019,"lastBolusTime":1703430368291,"time":"2023-12-24T17:26:05.309Z"}},{"iob":0.328,"basaliob":-0.016,"bolussnooze":0,"activity":0.0049,"lastBolusTime":1703430368291,"time":"2023-12-24T17:31:05.309Z","iobWithZeroTemp":{"iob":-0.163,"basaliob":-0.507,"bolussnooze":0,"activity":0.0013,"lastBolusTime":1703430368291,"time":"2023-12-24T17:31:05.309Z"}},{"iob":0.304,"basaliob":-0.015,"bolussnooze":0,"activity":0.0046,"lastBolusTime":1703430368291,"time":"2023-12-24T17:36:05.309Z","iobWithZeroTemp":{"iob":-0.202,"basaliob":-0.521,"bolussnooze":0,"activity":8.0E-4,"lastBolusTime":1703430368291,"time":"2023-12-24T17:36:05.309Z"}},{"iob":0.282,"basaliob":-0.014,"bolussnooze":0,"activity":0.0043,"lastBolusTime":1703430368291,"time":"2023-12-24T17:41:05.309Z","iobWithZeroTemp":{"iob":-0.238,"basaliob":-0.534,"bolussnooze":0,"activity":4.0E-4,"lastBolusTime":1703430368291,"time":"2023-12-24T17:41:05.309Z"}},{"iob":0.261,"basaliob":-0.013,"bolussnooze":0,"activity":0.004,"lastBolusTime":1703430368291,"time":"2023-12-24T17:46:05.309Z","iobWithZeroTemp":{"iob":-0.273,"basaliob":-0.547,"bolussnooze":0,"activity":-1.0E-4,"lastBolusTime":1703430368291,"time":"2023-12-24T17:46:05.309Z"}},{"iob":0.242,"basaliob":-0.012,"bolussnooze":0,"activity":0.0037,"lastBolusTime":1703430368291,"time":"2023-12-24T17:51:05.309Z","iobWithZeroTemp":{"iob":-0.304,"basaliob":-0.558,"bolussnooze":0,"activity":-6.0E-4,"lastBolusTime":1703430368291,"time":"2023-12-24T17:51:05.309Z"}},{"iob":0.223,"basaliob":-0.012,"bolussnooze":0,"activity":0.0036,"lastBolusTime":1703430368291,"time":"2023-12-24T17:56:05.309Z","iobWithZeroTemp":{"iob":-0.335,"basaliob":-0.57,"bolussnooze":0,"activity":-8.0E-4,"lastBolusTime":1703430368291,"time":"2023-12-24T17:56:05.309Z"}},{"iob":0.206,"basaliob":-0.011,"bolussnooze":0,"activity":0.0033,"lastBolusTime":1703430368291,"time":"2023-12-24T18:01:05.309Z","iobWithZeroTemp":{"iob":-0.362,"basaliob":-0.579,"bolussnooze":0,"activity":-0.0013,"lastBolusTime":1703430368291,"time":"2023-12-24T18:01:05.309Z"}},{"iob":0.191,"basaliob":-0.01,"bolussnooze":0,"activity":0.0031,"lastBolusTime":1703430368291,"time":"2023-12-24T18:06:05.309Z","iobWithZeroTemp":{"iob":-0.388,"basaliob":-0.589,"bolussnooze":0,"activity":-0.0016,"lastBolusTime":1703430368291,"time":"2023-12-24T18:06:05.309Z"}},{"iob":0.175,"basaliob":-0.01,"bolussnooze":0,"activity":0.0029,"lastBolusTime":1703430368291,"time":"2023-12-24T18:11:05.309Z","iobWithZeroTemp":{"iob":-0.413,"basaliob":-0.598,"bolussnooze":0,"activity":-0.0019,"lastBolusTime":1703430368291,"time":"2023-12-24T18:11:05.309Z"}},{"iob":0.162,"basaliob":-0.009,"bolussnooze":0,"activity":0.0027,"lastBolusTime":1703430368291,"time":"2023-12-24T18:16:05.309Z","iobWithZeroTemp":{"iob":-0.435,"basaliob":-0.606,"bolussnooze":0,"activity":-0.0023,"lastBolusTime":1703430368291,"time":"2023-12-24T18:16:05.309Z"}},{"iob":0.149,"basaliob":-0.008,"bolussnooze":0,"activity":0.0025,"lastBolusTime":1703430368291,"time":"2023-12-24T18:21:05.309Z","iobWithZeroTemp":{"iob":-0.456,"basaliob":-0.613,"bolussnooze":0,"activity":-0.0026,"lastBolusTime":1703430368291,"time":"2023-12-24T18:21:05.309Z"}},{"iob":0.137,"basaliob":-0.008,"bolussnooze":0,"activity":0.0023,"lastBolusTime":1703430368291,"time":"2023-12-24T18:26:05.309Z","iobWithZeroTemp":{"iob":-0.476,"basaliob":-0.621,"bolussnooze":0,"activity":-0.0029,"lastBolusTime":1703430368291,"time":"2023-12-24T18:26:05.309Z"}},{"iob":0.126,"basaliob":-0.007,"bolussnooze":0,"activity":0.0021,"lastBolusTime":1703430368291,"time":"2023-12-24T18:31:05.309Z","iobWithZeroTemp":{"iob":-0.494,"basaliob":-0.627,"bolussnooze":0,"activity":-0.0032,"lastBolusTime":1703430368291,"time":"2023-12-24T18:31:05.309Z"}},{"iob":0.116,"basaliob":-0.007,"bolussnooze":0,"activity":0.002,"lastBolusTime":1703430368291,"time":"2023-12-24T18:36:05.309Z","iobWithZeroTemp":{"iob":-0.511,"basaliob":-0.634,"bolussnooze":0,"activity":-0.0034,"lastBolusTime":1703430368291,"time":"2023-12-24T18:36:05.309Z"}},{"iob":0.107,"basaliob":-0.006,"bolussnooze":0,"activity":0.0018,"lastBolusTime":1703430368291,"time":"2023-12-24T18:41:05.309Z","iobWithZeroTemp":{"iob":-0.526,"basaliob":-0.639,"bolussnooze":0,"activity":-0.0037,"lastBolusTime":1703430368291,"time":"2023-12-24T18:41:05.309Z"}},{"iob":0.098,"basaliob":-0.006,"bolussnooze":0,"activity":0.0017,"lastBolusTime":1703430368291,"time":"2023-12-24T18:46:05.309Z","iobWithZeroTemp":{"iob":-0.541,"basaliob":-0.645,"bolussnooze":0,"activity":-0.0039,"lastBolusTime":1703430368291,"time":"2023-12-24T18:46:05.309Z"}},{"iob":0.089,"basaliob":-0.006,"bolussnooze":0,"activity":0.0015,"lastBolusTime":1703430368291,"time":"2023-12-24T18:51:05.309Z","iobWithZeroTemp":{"iob":-0.555,"basaliob":-0.65,"bolussnooze":0,"activity":-0.0041,"lastBolusTime":1703430368291,"time":"2023-12-24T18:51:05.309Z"}},{"iob":0.082,"basaliob":-0.005,"bolussnooze":0,"activity":0.0014,"lastBolusTime":1703430368291,"time":"2023-12-24T18:56:05.309Z","iobWithZeroTemp":{"iob":-0.567,"basaliob":-0.654,"bolussnooze":0,"activity":-0.0043,"lastBolusTime":1703430368291,"time":"2023-12-24T18:56:05.309Z"}},{"iob":0.075,"basaliob":-0.005,"bolussnooze":0,"activity":0.0013,"lastBolusTime":1703430368291,"time":"2023-12-24T19:01:05.309Z","iobWithZeroTemp":{"iob":-0.578,"basaliob":-0.658,"bolussnooze":0,"activity":-0.0045,"lastBolusTime":1703430368291,"time":"2023-12-24T19:01:05.309Z"}},{"iob":0.069,"basaliob":-0.004,"bolussnooze":0,"activity":0.0012,"lastBolusTime":1703430368291,"time":"2023-12-24T19:06:05.309Z","iobWithZeroTemp":{"iob":-0.589,"basaliob":-0.662,"bolussnooze":0,"activity":-0.0047,"lastBolusTime":1703430368291,"time":"2023-12-24T19:06:05.309Z"}},{"iob":0.063,"basaliob":-0.004,"bolussnooze":0,"activity":0.0011,"lastBolusTime":1703430368291,"time":"2023-12-24T19:11:05.309Z","iobWithZeroTemp":{"iob":-0.599,"basaliob":-0.666,"bolussnooze":0,"activity":-0.0048,"lastBolusTime":1703430368291,"time":"2023-12-24T19:11:05.309Z"}},{"iob":0.057,"basaliob":-0.004,"bolussnooze":0,"activity":0.001,"lastBolusTime":1703430368291,"time":"2023-12-24T19:16:05.309Z","iobWithZeroTemp":{"iob":-0.608,"basaliob":-0.669,"bolussnooze":0,"activity":-0.005,"lastBolusTime":1703430368291,"time":"2023-12-24T19:16:05.309Z"}},{"iob":0.052,"basaliob":-0.004,"bolussnooze":0,"activity":9.0E-4,"lastBolusTime":1703430368291,"time":"2023-12-24T19:21:05.309Z","iobWithZeroTemp":{"iob":-0.617,"basaliob":-0.673,"bolussnooze":0,"activity":-0.0051,"lastBolusTime":1703430368291,"time":"2023-12-24T19:21:05.309Z"}},{"iob":0.048,"basaliob":-0.003,"bolussnooze":0,"activity":8.0E-4,"lastBolusTime":1703430368291,"time":"2023-12-24T19:26:05.309Z","iobWithZeroTemp":{"iob":-0.624,"basaliob":-0.675,"bolussnooze":0,"activity":-0.0053,"lastBolusTime":1703430368291,"time":"2023-12-24T19:26:05.309Z"}},{"iob":0.044,"basaliob":-0.003,"bolussnooze":0,"activity":9.0E-4,"lastBolusTime":1703430368291,"time":"2023-12-24T19:31:05.309Z","iobWithZeroTemp":{"iob":-0.631,"basaliob":-0.678,"bolussnooze":0,"activity":-0.0052,"lastBolusTime":1703430368291,"time":"2023-12-24T19:31:05.309Z"}},{"iob":0.039,"basaliob":-0.003,"bolussnooze":0,"activity":8.0E-4,"lastBolusTime":1703430368291,"time":"2023-12-24T19:36:05.309Z","iobWithZeroTemp":{"iob":-0.638,"basaliob":-0.68,"bolussnooze":0,"activity":-0.0054,"lastBolusTime":1703430368291,"time":"2023-12-24T19:36:05.309Z"}},{"iob":0.036,"basaliob":-0.003,"bolussnooze":0,"activity":7.0E-4,"lastBolusTime":1703430368291,"time":"2023-12-24T19:41:05.309Z","iobWithZeroTemp":{"iob":-0.644,"basaliob":-0.683,"bolussnooze":0,"activity":-0.0055,"lastBolusTime":1703430368291,"time":"2023-12-24T19:41:05.309Z"}},{"iob":0.033,"basaliob":-0.002,"bolussnooze":0,"activity":7.0E-4,"lastBolusTime":1703430368291,"time":"2023-12-24T19:46:05.309Z","iobWithZeroTemp":{"iob":-0.649,"basaliob":-0.684,"bolussnooze":0,"activity":-0.0055,"lastBolusTime":1703430368291,"time":"2023-12-24T19:46:05.309Z"}}],"profile":{"max_iob":4,"type":"current","max_daily_basal":0.5,"max_basal":1.2,"min_bg":100.8,"max_bg":100.8,"target_bg":100.8,"carb_ratio":20,"sens":126,"max_daily_safety_multiplier":3,"current_basal_safety_multiplier":4,"high_temptarget_raises_sensitivity":false,"low_temptarget_lowers_sensitivity":false,"sensitivity_raises_target":true,"resistance_lowers_target":true,"adv_target_adjustments":false,"exercise_mode":false,"half_basal_exercise_target":160,"maxCOB":120,"skip_neutral_temps":false,"remainingCarbsCap":90,"enableUAM":true,"A52_risk_enable":false,"SMBInterval":3,"enableSMB_with_COB":true,"enableSMB_with_temptarget":true,"allowSMB_with_high_temptarget":false,"enableSMB_always":false,"enableSMB_after_carbs":false,"maxSMBBasalMinutes":75,"maxUAMSMBBasalMinutes":75,"bolus_increment":0.05,"carbsReqThreshold":10,"current_basal":0.3,"temptargetSet":false,"autosens_max":1.2,"out_units":"mmol\/L"},"autosens_data":{"ratio":1},"meal_data":{"carbs":0,"mealCOB":0,"slopeFromMaxDeviation":-3.344666666666667,"slopeFromMinDeviation":0.6999999999999993,"lastBolusTime":1703430368291,"lastCarbTime":0},"microBolusAllowed":true,"currentTime":1703433066773,"flatBGsDetected":false},"output":{"temp":"absolute","bg":134,"tick":-19,"eventualBG":-81,"targetBG":100.8,"insulinReq":0,"deliverAt":"2023-12-24T15:51:06.773Z","sensitivityRatio":1,"predBGs":{"IOB":[134,116,99,84,69,56,43,39,39,39,39,39,39],"ZT":[134,125,117,109,101,94,87,81,75,69,64,59,55,51,47,44,41,39,39,39,39,39,39,39,39,39,39,39,39,39,39,40,42,44,46,48,51,53,56,59,62,65,68,71,75,78,81,85]},"COB":0,"IOB":1.239,"reason":"COB: 0, Dev: -3.3, BGI: -0.5, ISF: 7.0, CR: 20, Target: 5.6, minPredBG 1.8, minGuardBG -4.4, IOBpredBG 2.2; 22 add'l carbs req w\/in 20m; minGuardBG -4.4<3.9","carbsReq":22,"carbsReqWithin":20,"duration":120,"rate":0,"timestamp":"2023-12-24T15:51:06.802Z"}}