{"algorithm":"OpenAPSSMBPlugin","input":{"glucoseStatus":{"glucose":122,"noise":0,"delta":1.67,"short_avgdelta":1.7,"long_avgdelta":5.95,"date":1703507115799},"currenttemp":{"temp":"absolute","duration":20,"rate":0.5,"minutesrunning":10},"iob_data":[{"iob":0.197,"basaliob":0.197,"bolussnooze":0,"activity":0.001,"lastBolusTime":0,"time":"2023-12-25T12:26:08.611Z","iobWithZeroTemp":{"iob":0.197,"basaliob":0.197,"bolussnooze":0,"activity":0.001,"lastBolusTime":0,"time":"2023-12-25T12:26:08.611Z"}},{"iob":0.191,"basaliob":0.191,"bolussnooze":0,"activity":0.0011,"lastBolusTime":0,"time":"2023-12-25T12:31:08.611Z","iobWithZeroTemp":{"iob":0.171,"basaliob":0.171,"bolussnooze":0,"activity":0.0011,"lastBolusTime":0,"time":"2023-12-25T12:31:08.611Z"}},{"iob":0.185,"basaliob":0.185,"bolussnooze":0,"activity":0.0013,"lastBolusTime":0,"time":"2023-12-25T12:36:08.611Z","iobWithZeroTemp":{"iob":0.14,"basaliob":0.14,"bolussnooze":0,"activity":0.0012,"lastBolusTime":0,"time":"2023-12-25T12:36:08.611Z"}},{"iob":0.179,"basaliob":0.179,"bolussnooze":0,"activity":0.0013,"lastBolusTime":0,"time":"2023-12-25T12:41:08.611Z","iobWithZeroTemp":{"iob":0.11,"basaliob":0.11,"bolussnooze":0,"activity":0.0012,"lastBolusTime":0,"time":"2023-12-25T12:41:08.611Z"}},{"iob":0.172,"basaliob":0.172,"bolussnooze":0,"activity":0.0014,"lastBolusTime":0,"time":"2023-12-25T12:46:08.611Z","iobWithZeroTemp":{"iob":0.079,"basaliob":0.079,"bolussnooze":0,"activity":0.0012,"lastBolusTime":0,"time":"2023-12-25T12:46:08.611Z"}},{"iob":0.165,"basaliob":0.165,"bolussnooze":0,"activity":0.0014,"lastBolusTime":0,"time":"2023-12-25T12:51:08.611Z","iobWithZeroTemp":{"iob":0.048,"basaliob":0.048,"bolussnooze":0,"activity":0.001,"lastBolusTime":0,"time":"2023-12-25T12:51:08.611Z"}},{"iob":0.158,"basaliob":0.158,"bolussnooze":0,"activity":0.0014,"lastBolusTime":0,"time":"2023-12-25T12:56:08.611Z","iobWithZeroTemp":{"iob":0.018,"basaliob":0.018,"bolussnooze":0,"activity":9.0E-4,"lastBolusTime":0,"time":"2023-12-25T12:56:08.611Z"}},{"iob":0.151,"basaliob":0.151,"bolussnooze":0,"activity":0.0014,"lastBolusTime":0,"time":"2023-12-25T13:01:08.611Z","iobWithZeroTemp":{"iob":-0.011,"basaliob":-0.011,"bolussnooze":0,"activity":7.0E-4,"lastBolusTime":0,"time":"2023-12-25T13:01:08.611Z"}},{"iob":0.143,"basaliob":0.143,"bolussnooze":0,"activity":0.0014,"lastBolusTime":0,"time":"2023-12-25T13:06:08.611Z","iobWithZeroTemp":{"iob":-0.04,"basaliob":-0.04,"bolussnooze":0,"activity":6.0E-4,"lastBolusTime":0,"time":"2023-12-25T13:06:08.611Z"}},{"iob":0.136,"basaliob":0.136,"bolussnooze":0,"activity":0.0014,"lastBolusTime":0,"time":"2023-12-25T13:11:08.611Z","iobWithZeroTemp":{"iob":-0.068,"basaliob":-0.068,"bolussnooze":0,"activity":4.0E-4,"lastBolusTime":0,"time":"2023-12-25T13:11:08.611Z"}},{"iob":0.129,"basaliob":0.129,"bolussnooze":0,"activity":0.0014,"lastBolusTime":0,"time":"2023-12-25T13:16:08.611Z","iobWithZeroTemp":{"iob":-0.094,"basaliob":-0.094,"bolussnooze":0,"activity":2.0E-4,"lastBolusTime":0,"time":"2023-12-25T13:16:08.611Z"}},{"iob":0.122,"basaliob":0.122,"bolussnooze":0,"activity":0.0014,"lastBolusTime":0,"time":"2023-12-25T13:21:08.611Z","iobWithZeroTemp":{"iob":-0.12,"basaliob":-0.12,"bolussnooze":0,"activity":1.0E-4,"lastBolusTime":0,"time":"2023-12-25T13:21:08.611Z"}},{"iob":0.116,"basaliob":0.116,"bolussnooze":0,"activity":0.0013,"lastBolusTime":0,"time":"2023-12-25T13:26:08.611Z","iobWithZeroTemp":{"iob":-0.144,"basaliob":-0.144,"bolussnooze":0,"activity":-2.0E-4,"lastBolusTime":0,"time":"2023-12-25T13:26:08.611Z"}},{"iob":0.109,"basaliob":0.109,"bolussnooze":0,"activity":0.0013,"lastBolusTime":0,"time":"2023-12-25T13:31:08.611Z","iobWithZeroTemp":{"iob":-0.168,"basaliob":-0.168,"bolussnooze":0,"activity":-4.0E-4,"lastBolusTime":0,"time":"2023-12-25T13:31:08.611Z"}},{"iob":0.103,"basaliob":0.103,"bolussnooze":0,"activity":0.0012,"lastBolusTime":0,"time":"2023-12-25T13:36:08.611Z","iobWithZeroTemp":{"iob":-0.191,"basaliob":-0.191,"bolussnooze":0,"activity":-6.0E-4,"lastBolusTime":0,"time":"2023-12-25T13:36:08.611Z"}},{"iob":0.097,"basaliob":0.097,"bolussnooze":0,"activity":0.0012,"lastBolusTime":0,"time":"2023-12-25T13:41:08.611Z","iobWithZeroTemp":{"iob":-0.212,"basaliob":-0.212,"bolussnooze":0,"activity":-8.0E-4,"lastBolusTime":0,"time":"2023-12-25T13:41:08.611Z"}},{"iob":0.091,"basaliob":0.091,"bolussnooze":0,"activity":0.0011,"lastBolusTime":0,"time":"2023-12-25T13:46:08.611Z","iobWithZeroTemp":{"iob":-0.233,"basaliob":-0.233,"bolussnooze":0,"activity":-0.0011,"lastBolusTime":0,"time":"2023-12-25T13:46:08.611Z"}},{"iob":0.086,"basaliob":0.086,"bolussnooze":0,"activity":0.0011,"lastBolusTime":0,"time":"2023-12-25T13:51:08.611Z","iobWithZeroTemp":{"iob":-0.251,"basaliob":-0.251,"bolussnooze":0,"activity":-0.0012,"lastBolusTime":0,"time":"2023-12-25T13:51:08.611Z"}},{"iob":0.08,"basaliob":0.08,"bolussnooze":0,"activity":0.001,"lastBolusTime":0,"time":"2023-12-25T13:56:08.611Z","iobWithZeroTemp":{"iob":-0.27,"basaliob":-0.27,"bolussnooze":0,"activity":-0.0015,"lastBolusTime":0,"time":"2023-12-25T13:56:08.611Z"}},{"iob":0.075,"basaliob":0.075,"bolussnooze":0,"activity":0.001,"lastBolusTime":0,"time":"2023-12-25T14:01:08.611Z","iobWithZeroTemp":{"iob":-0.288,"basaliob":-0.288,"bolussnooze":0,"activity":-0.0016,"lastBolusTime":0,"time":"2023-12-25T14:01:08.611Z"}},{"iob":0.07,"basaliob":0.07,"bolussnooze":0,"activity":9.0E-4,"lastBolusTime":0,"time":"2023-12-25T14:06:08.611Z","iobWithZeroTemp":{"iob":-0.304,"basaliob":-0.304,"bolussnooze":0,"activity":-0.0019,"lastBolusTime":0,"time":"2023-12-25T14:06:08.611Z"}},{"iob":0.066,"basaliob":0.066,"bolussnooze":0,"activity":9.0E-4,"lastBolusTime":0,"time":"2023-12-25T14:11:08.611Z","iobWithZeroTemp":{"iob":-0.319,"basaliob":-0.319,"bolussnooze":0,"activity":-0.002,"lastBolusTime":0,"time":"2023-12-25T14:11:08.611Z"}},{"iob":0.061,"basaliob":0.061,"bolussnooze":0,"activity":8.0E-4,"lastBolusTime":0,"time":"2023-12-25T14:16:08.611Z","iobWithZeroTemp":{"iob":-0.334,"basaliob":-0.334,"bolussnooze":0,"activity":-0.0022,"lastBolusTime":0,"time":"2023-12-25T14:16:08.611Z"}},{"iob":0.057,"basaliob":0.057,"bolussnooze":0,"activity":8.0E-4,"lastBolusTime":0,"time":"2023-12-25T14:21:08.611Z","iobWithZeroTemp":{"iob":-0.348,"basaliob":-0.348,"bolussnooze":0,"activity":-0.0023,"lastBolusTime":0,"time":"2023-12-25T14:21:08.611Z"}},{"iob":0.053,"basaliob":0.053,"bolussnooze":0,"activity":8.0E-4,"lastBolusTime":0,"time":"2023-12-25T14:26:08.611Z","iobWithZeroTemp":{"iob":-0.361,"basaliob":-0.361,"bolussnooze":0,"activity":-0.0025,"lastBolusTime":0,"time":"2023-12-25T14:26:08.611Z"}},{"iob":0.05,"basaliob":0.05,"bolussnooze":0,"activity":7.0E-4,"lastBolusTime":0,"time":"2023-12-25T14:31:08.611Z","iobWithZeroTemp":{"iob":-0.372,"basaliob":-0.372,"bolussnooze":0,"activity":-0.0027,"lastBolusTime":0,"time":"2023-12-25T14:31:08.611Z"}},{"iob":0.046,"basaliob":0.046,"bolussnooze":0,"activity":7.0E-4,"lastBolusTime":0,"time":"2023-12-25T14:36:08.611Z","iobWithZeroTemp":{"iob":-0.384,"basaliob":-0.384,"bolussnooze":0,"activity":-0.0028,"lastBolusTime":0,"time":"2023-12-25T14:36:08.611Z"}},{"iob":0.043,"basaliob":0.043,"bolussnooze":0,"activity":6.0E-4,"lastBolusTime":0,"time":"2023-12-25T14:41:08.611Z","iobWithZeroTemp":{"iob":-0.395,"basaliob":-0.395,"bolussnooze":0,"activity":-0.003,"lastBolusTime":0,"time":"2023-12-25T14:41:08.611Z"}},{"iob":0.04,"basaliob":0.04,"bolussnooze":0,"activity":6.0E-4,"lastBolusTime":0,"time":"2023-12-25T14:46:08.611Z","iobWithZeroTemp":{"iob":-0.405,"basaliob":-0.405,"bolussnooze":0,"activity":-0.0031,"lastBolusTime":0,"time":"2023-12-25T14:46:08.611Z"}},{"iob":0.037,"basaliob":0.037,"bolussnooze":0,"activity":6.0E-4,"lastBolusTime":0,"time":"2023-12-25T14:51:08.611Z","iobWithZeroTemp":{"iob":-0.414,"basaliob":-0.414,"bolussnooze":0,"activity":-0.0032,"lastBolusTime":0,"time":"2023-12-25T14:51:08.611Z"}},{"iob":0.034,"basaliob":0.034,"bolussnooze":0,"activity":5.0E-4,"lastBolusTime":0,"time":"2023-12-25T14:56:08.611Z","iobWithZeroTemp":{"iob":-0.423,"basaliob":-0.423,"bolussnooze":0,"activity":-0.0034,"lastBolusTime":0,"time":"2023-12-25T14:56:08.611Z"}},{"iob":0.032,"basaliob":0.032,"bolussnooze":0,"activity":5.0E-4,"lastBolusTime":0,"time":"2023-12-25T15:01:08.611Z","iobWithZeroTemp":{"iob":-0.431,"basaliob":-0.431,"bolussnooze":0,"activity":-0.0034,"lastBolusTime":0,"time":"2023-12-25T15:01:08.611Z"}},{"iob":0.03,"basaliob":0.03,"bolussnooze":0,"activity":5.0E-4,"lastBolusTime":0,"time":"2023-12-25T15:06:08.611Z","iobWithZeroTemp":{"iob":-0.438,"basaliob":-0.438,"bolussnooze":0,"activity":-0.0035,"lastBolusTime":0,"time":"2023-12-25T15:06:08.611Z"}},{"iob":0.027,"basaliob":0.027,"bolussnooze":0,"activity":4.0E-4,"lastBolusTime":0,"time":"2023-12-25T15:11:08.611Z","iobWithZeroTemp":{"iob":-0.446,"basaliob":-0.446,"bolussnooze":0,"activity":-0.0037,"lastBolusTime":0,"time":"2023-12-25T15:11:08.611Z"}},{"iob":0.025,"basaliob":0.025,"bolussnooze":0,"activity":4.0E-4,"lastBolusTime":0,"time":"2023-12-25T15:16:08.611Z","iobWithZeroTemp":{"iob":-0.452,"basaliob":-0.452,"bolussnooze":0,"activity":-0.0037,"lastBolusTime":0,"time":"2023-12-25T15:16:08.611Z"}},{"iob":0.023,"basaliob":0.023,"bolussnooze":0,"activity":4.0E-4,"lastBolusTime":0,"time":"2023-12-25T15:21:08.611Z","iobWithZeroTemp":{"iob":-0.458,"basaliob":-0.458,"bolussnooze":0,"activity":-0.0038,"lastBolusTime":0,"time":"2023-12-25T15:21:08.611Z"}},{"iob":0.022,"basaliob":0.022,"bolussnooze":0,"activity":3.0E-4,"lastBolusTime":0,"time":"2023-12-25T15:26:08.611Z","iobWithZeroTemp":{"iob":-0.463,"basaliob":-0.463,"bolussnooze":0,"activity":-0.004,"lastBolusTime":0,"time":"2023-12-25T15:26:08.611Z"}},{"iob":0.02,"basaliob":0.02,"bolussnooze":0,"activity":3.0E-4,"lastBolusTime":0,"time":"2023-12-25T15:31:08.611Z","iobWithZeroTemp":{"iob":-0.469,"basaliob":-0.469,"bolussnooze":0,"activity":-0.004,"lastBolusTime":0,"time":"2023-12-25T15:31:08.611Z"}},{"iob":0.018,"basaliob":0.018,"bolussnooze":0,"activity":3.0E-4,"lastBolusTime":0,"time":"2023-12-25T15:36:08.611Z","iobWithZeroTemp":{"iob":-0.474,"basaliob":-0.474,"bolussnooze":0,"activity":-0.0041,"lastBolusTime":0,"time":"2023-12-25T15:36:08.611Z"}},{"iob":0.017,"basaliob":0.017,"bolussnooze":0,"activity":3.0E-4,"lastBolusTime":0,"time":"2023-12-25T15:41:08.611Z","iobWithZeroTemp":{"iob":-0.478,"basaliob":-0.478,"bolussnooze":0,"activity":-0.0041,"lastBolusTime":0,"time":"2023-12-25T15:41:08.611Z"}},{"iob":0.016,"basaliob":0.016,"bolussnooze":0,"activity":3.0E-4,"lastBolusTime":0,"time":"2023-12-25T15:46:08.611Z","iobWithZeroTemp":{"iob":-0.482,"basaliob":-0.482,"bolussnooze":0,"activity":-0.0042,"lastBolusTime":0,"time":"2023-12-25T15:46:08.611Z"}},{"iob":0.014,"basaliob":0.014,"bolussnooze":0,"activity":2.0E-4,"lastBolusTime":0,"time":"2023-12-25T15:51:08.611Z","iobWithZeroTemp":{"iob":-0.486,"basaliob":-0.486,"bolussnooze":0,"activity":-0.0043,"lastBolusTime":0,"time":"2023-12-25T15:51:08.611Z"}},{"iob":0.013,"basaliob":0.013,"bolussnooze":0,"activity":2.0E-4,"lastBolusTime":0,"time":"2023-12-25T15:56:08.611Z","iobWithZeroTemp":{"iob":-0.49,"basaliob":-0.49,"bolussnooze":0,"activity":-0.0043,"lastBolusTime":0,"time":"2023-12-25T15:56:08.611Z"}},{"iob":0.012,"basaliob":0.012,"bolussnooze":0,"activity":2.0E-4,"lastBolusTime":0,"time":"2023-12-25T16:01:08.611Z","iobWithZeroTemp":{"iob":-0.493,"basaliob":-0.493,"bolussnooze":0,"activity":-0.0044,"lastBolusTime":0,"time":"2023-12-25T16:01:08.611Z"}},{"iob":0.011,"basaliob":0.011,"bolussnooze":0,"activity":2.0E-4,"lastBolusTime":0,"time":"2023-12-25T16:06:08.611Z","iobWithZeroTemp":{"iob":-0.504,"basaliob":-0.504,"bolussnooze":0,"activity":-0.0044,"lastBolusTime":0,"time":"2023-12-25T16:06:08.611Z"}},{"iob":0.01,"basaliob":0.01,"bolussnooze":0,"activity":2.0E-4,"lastBolusTime":0,"time":"2023-12-25T16:11:08.611Z","iobWithZeroTemp":{"iob":-0.515,"basaliob":-0.515,"bolussnooze":0,"activity":-0.0045,"lastBolusTime":0,"time":"2023-12-25T16:11:08.611Z"}},{"iob":0.009,"basaliob":0.009,"bolussnooze":0,"activity":2.0E-4,"lastBolusTime":0,"time":"2023-12-25T16:16:08.611Z","iobWithZeroTemp":{"iob":-0.526,"basaliob":-0.526,"bolussnooze":0,"activity":-0.0045,"lastBolusTime":0,"time":"2023-12-25T16:16:08.611Z"}},{"iob":0.009,"basaliob":0.009,"bolussnooze":0,"activity":2.0E-4,"lastBolusTime":0,"time":"2023-12-25T16:21:08.611Z","iobWithZeroTemp":{"iob":-0.536,"basaliob":-0.536,"bolussnooze":0,"activity":-0.0046,"lastBolusTime":0,"time":"2023-12-25T16:21:08.611Z"}}],"profile":{"max_iob":4,"type":"current","max_daily_basal":0.5,"max_basal":1.2,"min_bg":100.8,"max_bg":100.8,"target_bg":100.8,"carb_ratio":30,"sens":126,"max_daily_safety_multiplier":3,"current_basal_safety_multiplier":4,"high_temptarget_raises_sensitivity":false,"low_temptarget_lowers_sensitivity":false,"sensitivity_raises_target":true,"resistance_lowers_target":true,"adv_target_adjustments":false,"exercise_mode":false,"half_basal_exercise_target":160,"maxCOB":120,"skip_neutral_temps":false,"remainingCarbsCap":90,"enableUAM":true,"A52_risk_enable":false,"SMBInterval":3,"enableSMB_with_COB":true,"enableSMB_with_temptarget":true,"allowSMB_with_high_temptarget":false,"enableSMB_always":false,"enableSMB_after_carbs":false,"maxSMBBasalMinutes":75,"maxUAMSMBBasalMinutes":75,"bolus_increment":0.05,"carbsReqThreshold":10,"current_basal":0.3,"temptargetSet":false,"autosens_max":1.2,"out_units":"mmol\/L"},"autosens_data":{"ratio":1},"meal_data":{"carbs":0,"mealCOB":0,"slopeFromMaxDeviation":-2.7545,"slopeFromMinDeviation":1.1765555555555556,"lastBolusTime":1703430368291,"lastCarbTime":0},"microBolusAllowed":true,"currentTime":1703507169882,"flatBGsDetected":false},"output":{"temp":"absolute","bg":122,"tick":"+2","eventualBG":111,"targetBG":100.8,"insulinReq":0.08,"deliverAt":"2023-12-25T12:26:09.882Z","sensitivityRatio":1,"predBGs":{"IOB":[122,123,125,126,126,127,127,127,127,127,126,126,125,124,123,122,121,121,120,119,119,118,118,117,117,116,116,115,115,115,114,114,114,113,113,113,113,112,112,112,112,112,111],"ZT":[122,121,121,120,119,118,118,117,117,116,116,116,116,116,116,117,117],"UAM":[122,121,121,120,119,118,117,116,116,115,114,113,112,111,110,110,109,108,107,107,106,106,105,105,104,104,103,103,102,102,102,101,101,101,100,100,100,100,99,99,99,99,99,99,99,98]},"COB":0,"IOB":0.197,"reason":"COB: 0, Dev: 0.8, BGI: 0.0, ISF: 7.0, CR: 30, Target: 5.6, minPredBG 6.2, minGuardBG 5.4, IOBpredBG 6.2, UAMpredBG 5.4; Eventual BG 6.2 >= 5.6, temp 0.50 >~ req 0.46U\/hr. ","timestamp":"2023-12-25T12:26:09.919Z"}}