{"algorithm":"OpenAPSSMBPlugin","input":{"glucoseStatus":{"glucose":93,"noise":0,"delta":-8.67,"short_avgdelta":-6.35,"long_avgdelta":-2,"date":1703479215472},"currenttemp":{"temp":"absolute","duration":20,"rate":0.35,"minutesrunning":10},"iob_data":[{"iob":0.08,"basaliob":0.08,"bolussnooze":0,"activity":0,"lastBolusTime":0,"time":"2023-12-25T04:41:08.122Z","iobWithZeroTemp":{"iob":0.08,"basaliob":0.08,"bolussnooze":0,"activity":0,"lastBolusTime":0,"time":"2023-12-25T04:41:08.122Z"}},{"iob":0.08,"basaliob":0.08,"bolussnooze":0,"activity":1.0E-4,"lastBolusTime":0,"time":"2023-12-25T04:46:08.122Z","iobWithZeroTemp":{"iob":0.063,"basaliob":0.063,"bolussnooze":0,"activity":1.0E-4,"lastBolusTime":0,"time":"2023-12-25T04:46:08.122Z"}},{"iob":0.079,"basaliob":0.079,"bolussnooze":0,"activity":2.0E-4,"lastBolusTime":0,"time":"2023-12-25T04:51:08.122Z","iobWithZeroTemp":{"iob":0.042,"basaliob":0.042,"bolussnooze":0,"activity":1.0E-4,"lastBolusTime":0,"time":"2023-12-25T04:51:08.122Z"}},{"iob":0.078,"basaliob":0.078,"bolussnooze":0,"activity":3.0E-4,"lastBolusTime":0,"time":"2023-12-25T04:56:08.122Z","iobWithZeroTemp":{"iob":0.02,"basaliob":0.02,"bolussnooze":0,"activity":2.0E-4,"lastBolusTime":0,"time":"2023-12-25T04:56:08.122Z"}},{"iob":0.076,"basaliob":0.076,"bolussnooze":0,"activity":4.0E-4,"lastBolusTime":0,"time":"2023-12-25T05:01:08.122Z","iobWithZeroTemp":{"iob":-0.002,"basaliob":-0.002,"bolussnooze":0,"activity":2.0E-4,"lastBolusTime":0,"time":"2023-12-25T05:01:08.122Z"}},{"iob":0.074,"basaliob":0.074,"bolussnooze":0,"activity":4.0E-4,"lastBolusTime":0,"time":"2023-12-25T05:06:08.122Z","iobWithZeroTemp":{"iob":-0.027,"basaliob":-0.027,"bolussnooze":0,"activity":1.0E-4,"lastBolusTime":0,"time":"2023-12-25T05:06:08.122Z"}},{"iob":0.072,"basaliob":0.072,"bolussnooze":0,"activity":5.0E-4,"lastBolusTime":0,"time":"2023-12-25T05:11:08.122Z","iobWithZeroTemp":{"iob":-0.052,"basaliob":-0.052,"bolussnooze":0,"activity":1.0E-4,"lastBolusTime":0,"time":"2023-12-25T05:11:08.122Z"}},{"iob":0.07,"basaliob":0.07,"bolussnooze":0,"activity":5.0E-4,"lastBolusTime":0,"time":"2023-12-25T05:16:08.122Z","iobWithZeroTemp":{"iob":-0.077,"basaliob":-0.077,"bolussnooze":0,"activity":-1.0E-4,"lastBolusTime":0,"time":"2023-12-25T05:16:08.122Z"}},{"iob":0.067,"basaliob":0.067,"bolussnooze":0,"activity":5.0E-4,"lastBolusTime":0,"time":"2023-12-25T05:21:08.122Z","iobWithZeroTemp":{"iob":-0.102,"basaliob":-0.102,"bolussnooze":0,"activity":-2.0E-4,"lastBolusTime":0,"time":"2023-12-25T05:21:08.122Z"}},{"iob":0.064,"basaliob":0.064,"bolussnooze":0,"activity":5.0E-4,"lastBolusTime":0,"time":"2023-12-25T05:26:08.122Z","iobWithZeroTemp":{"iob":-0.126,"basaliob":-0.126,"bolussnooze":0,"activity":-4.0E-4,"lastBolusTime":0,"time":"2023-12-25T05:26:08.122Z"}},{"iob":0.062,"basaliob":0.062,"bolussnooze":0,"activity":5.0E-4,"lastBolusTime":0,"time":"2023-12-25T05:31:08.122Z","iobWithZeroTemp":{"iob":-0.148,"basaliob":-0.148,"bolussnooze":0,"activity":-5.0E-4,"lastBolusTime":0,"time":"2023-12-25T05:31:08.122Z"}},{"iob":0.059,"basaliob":0.059,"bolussnooze":0,"activity":5.0E-4,"lastBolusTime":0,"time":"2023-12-25T05:36:08.122Z","iobWithZeroTemp":{"iob":-0.17,"basaliob":-0.17,"bolussnooze":0,"activity":-7.0E-4,"lastBolusTime":0,"time":"2023-12-25T05:36:08.122Z"}},{"iob":0.056,"basaliob":0.056,"bolussnooze":0,"activity":5.0E-4,"lastBolusTime":0,"time":"2023-12-25T05:41:08.122Z","iobWithZeroTemp":{"iob":-0.192,"basaliob":-0.192,"bolussnooze":0,"activity":-9.0E-4,"lastBolusTime":0,"time":"2023-12-25T05:41:08.122Z"}},{"iob":0.054,"basaliob":0.054,"bolussnooze":0,"activity":5.0E-4,"lastBolusTime":0,"time":"2023-12-25T05:46:08.122Z","iobWithZeroTemp":{"iob":-0.211,"basaliob":-0.211,"bolussnooze":0,"activity":-0.0011,"lastBolusTime":0,"time":"2023-12-25T05:46:08.122Z"}},{"iob":0.051,"basaliob":0.051,"bolussnooze":0,"activity":5.0E-4,"lastBolusTime":0,"time":"2023-12-25T05:51:08.122Z","iobWithZeroTemp":{"iob":-0.231,"basaliob":-0.231,"bolussnooze":0,"activity":-0.0012,"lastBolusTime":0,"time":"2023-12-25T05:51:08.122Z"}},{"iob":0.048,"basaliob":0.048,"bolussnooze":0,"activity":5.0E-4,"lastBolusTime":0,"time":"2023-12-25T05:56:08.122Z","iobWithZeroTemp":{"iob":-0.25,"basaliob":-0.25,"bolussnooze":0,"activity":-0.0014,"lastBolusTime":0,"time":"2023-12-25T05:56:08.122Z"}},{"iob":0.046,"basaliob":0.046,"bolussnooze":0,"activity":5.0E-4,"lastBolusTime":0,"time":"2023-12-25T06:01:08.122Z","iobWithZeroTemp":{"iob":-0.267,"basaliob":-0.267,"bolussnooze":0,"activity":-0.0015,"lastBolusTime":0,"time":"2023-12-25T06:01:08.122Z"}},{"iob":0.043,"basaliob":0.043,"bolussnooze":0,"activity":5.0E-4,"lastBolusTime":0,"time":"2023-12-25T06:06:08.122Z","iobWithZeroTemp":{"iob":-0.285,"basaliob":-0.285,"bolussnooze":0,"activity":-0.0017,"lastBolusTime":0,"time":"2023-12-25T06:06:08.122Z"}},{"iob":0.041,"basaliob":0.041,"bolussnooze":0,"activity":5.0E-4,"lastBolusTime":0,"time":"2023-12-25T06:11:08.122Z","iobWithZeroTemp":{"iob":-0.3,"basaliob":-0.3,"bolussnooze":0,"activity":-0.0019,"lastBolusTime":0,"time":"2023-12-25T06:11:08.122Z"}},{"iob":0.038,"basaliob":0.038,"bolussnooze":0,"activity":5.0E-4,"lastBolusTime":0,"time":"2023-12-25T06:16:08.122Z","iobWithZeroTemp":{"iob":-0.316,"basaliob":-0.316,"bolussnooze":0,"activity":-0.002,"lastBolusTime":0,"time":"2023-12-25T06:16:08.122Z"}},{"iob":0.036,"basaliob":0.036,"bolussnooze":0,"activity":4.0E-4,"lastBolusTime":0,"time":"2023-12-25T06:21:08.122Z","iobWithZeroTemp":{"iob":-0.33,"basaliob":-0.33,"bolussnooze":0,"activity":-0.0023,"lastBolusTime":0,"time":"2023-12-25T06:21:08.122Z"}},{"iob":0.034,"basaliob":0.034,"bolussnooze":0,"activity":4.0E-4,"lastBolusTime":0,"time":"2023-12-25T06:26:08.122Z","iobWithZeroTemp":{"iob":-0.343,"basaliob":-0.343,"bolussnooze":0,"activity":-0.0024,"lastBolusTime":0,"time":"2023-12-25T06:26:08.122Z"}},{"iob":0.032,"basaliob":0.032,"bolussnooze":0,"activity":4.0E-4,"lastBolusTime":0,"time":"2023-12-25T06:31:08.122Z","iobWithZeroTemp":{"iob":-0.356,"basaliob":-0.356,"bolussnooze":0,"activity":-0.0025,"lastBolusTime":0,"time":"2023-12-25T06:31:08.122Z"}},{"iob":0.03,"basaliob":0.03,"bolussnooze":0,"activity":4.0E-4,"lastBolusTime":0,"time":"2023-12-25T06:36:08.122Z","iobWithZeroTemp":{"iob":-0.368,"basaliob":-0.368,"bolussnooze":0,"activity":-0.0027,"lastBolusTime":0,"time":"2023-12-25T06:36:08.122Z"}},{"iob":0.028,"basaliob":0.028,"bolussnooze":0,"activity":4.0E-4,"lastBolusTime":0,"time":"2023-12-25T06:41:08.122Z","iobWithZeroTemp":{"iob":-0.38,"basaliob":-0.38,"bolussnooze":0,"activity":-0.0028,"lastBolusTime":0,"time":"2023-12-25T06:41:08.122Z"}},{"iob":0.026,"basaliob":0.026,"bolussnooze":0,"activity":3.0E-4,"lastBolusTime":0,"time":"2023-12-25T06:46:08.122Z","iobWithZeroTemp":{"iob":-0.39,"basaliob":-0.39,"bolussnooze":0,"activity":-0.003,"lastBolusTime":0,"time":"2023-12-25T06:46:08.122Z"}},{"iob":0.025,"basaliob":0.025,"bolussnooze":0,"activity":3.0E-4,"lastBolusTime":0,"time":"2023-12-25T06:51:08.122Z","iobWithZeroTemp":{"iob":-0.4,"basaliob":-0.4,"bolussnooze":0,"activity":-0.0031,"lastBolusTime":0,"time":"2023-12-25T06:51:08.122Z"}},{"iob":0.023,"basaliob":0.023,"bolussnooze":0,"activity":3.0E-4,"lastBolusTime":0,"time":"2023-12-25T06:56:08.122Z","iobWithZeroTemp":{"iob":-0.409,"basaliob":-0.409,"bolussnooze":0,"activity":-0.0032,"lastBolusTime":0,"time":"2023-12-25T06:56:08.122Z"}},{"iob":0.022,"basaliob":0.022,"bolussnooze":0,"activity":3.0E-4,"lastBolusTime":0,"time":"2023-12-25T07:01:08.122Z","iobWithZeroTemp":{"iob":-0.418,"basaliob":-0.418,"bolussnooze":0,"activity":-0.0033,"lastBolusTime":0,"time":"2023-12-25T07:01:08.122Z"}},{"iob":0.02,"basaliob":0.02,"bolussnooze":0,"activity":3.0E-4,"lastBolusTime":0,"time":"2023-12-25T07:06:08.122Z","iobWithZeroTemp":{"iob":-0.426,"basaliob":-0.426,"bolussnooze":0,"activity":-0.0034,"lastBolusTime":0,"time":"2023-12-25T07:06:08.122Z"}},{"iob":0.019,"basaliob":0.019,"bolussnooze":0,"activity":3.0E-4,"lastBolusTime":0,"time":"2023-12-25T07:11:08.122Z","iobWithZeroTemp":{"iob":-0.434,"basaliob":-0.434,"bolussnooze":0,"activity":-0.0035,"lastBolusTime":0,"time":"2023-12-25T07:11:08.122Z"}},{"iob":0.017,"basaliob":0.017,"bolussnooze":0,"activity":2.0E-4,"lastBolusTime":0,"time":"2023-12-25T07:16:08.122Z","iobWithZeroTemp":{"iob":-0.441,"basaliob":-0.441,"bolussnooze":0,"activity":-0.0037,"lastBolusTime":0,"time":"2023-12-25T07:16:08.122Z"}},{"iob":0.016,"basaliob":0.016,"bolussnooze":0,"activity":2.0E-4,"lastBolusTime":0,"time":"2023-12-25T07:21:08.122Z","iobWithZeroTemp":{"iob":-0.448,"basaliob":-0.448,"bolussnooze":0,"activity":-0.0038,"lastBolusTime":0,"time":"2023-12-25T07:21:08.122Z"}},{"iob":0.015,"basaliob":0.015,"bolussnooze":0,"activity":2.0E-4,"lastBolusTime":0,"time":"2023-12-25T07:26:08.122Z","iobWithZeroTemp":{"iob":-0.454,"basaliob":-0.454,"bolussnooze":0,"activity":-0.0038,"lastBolusTime":0,"time":"2023-12-25T07:26:08.122Z"}},{"iob":0.014,"basaliob":0.014,"bolussnooze":0,"activity":2.0E-4,"lastBolusTime":0,"time":"2023-12-25T07:31:08.122Z","iobWithZeroTemp":{"iob":-0.46,"basaliob":-0.46,"bolussnooze":0,"activity":-0.0039,"lastBolusTime":0,"time":"2023-12-25T07:31:08.122Z"}},{"iob":0.013,"basaliob":0.013,"bolussnooze":0,"activity":2.0E-4,"lastBolusTime":0,"time":"2023-12-25T07:36:08.122Z","iobWithZeroTemp":{"iob":-0.465,"basaliob":-0.465,"bolussnooze":0,"activity":-0.004,"lastBolusTime":0,"time":"2023-12-25T07:36:08.122Z"}},{"iob":0.012,"basaliob":0.012,"bolussnooze":0,"activity":2.0E-4,"lastBolusTime":0,"time":"2023-12-25T07:41:08.122Z","iobWithZeroTemp":{"iob":-0.47,"basaliob":-0.47,"bolussnooze":0,"activity":-0.004,"lastBolusTime":0,"time":"2023-12-25T07:41:08.122Z"}},{"iob":0.011,"basaliob":0.011,"bolussnooze":0,"activity":2.0E-4,"lastBolusTime":0,"time":"2023-12-25T07:46:08.122Z","iobWithZeroTemp":{"iob":-0.475,"basaliob":-0.475,"bolussnooze":0,"activity":-0.0041,"lastBolusTime":0,"time":"2023-12-25T07:46:08.122Z"}},{"iob":0.01,"basaliob":0.01,"bolussnooze":0,"activity":2.0E-4,"lastBolusTime":0,"time":"2023-12-25T07:51:08.122Z","iobWithZeroTemp":{"iob":-0.479,"basaliob":-0.479,"bolussnooze":0,"activity":-0.0041,"lastBolusTime":0,"time":"2023-12-25T07:51:08.122Z"}},{"iob":0.01,"basaliob":0.01,"bolussnooze":0,"activity":1.0E-4,"lastBolusTime":0,"time":"2023-12-25T07:56:08.122Z","iobWithZeroTemp":{"iob":-0.483,"basaliob":-0.483,"bolussnooze":0,"activity":-0.0043,"lastBolusTime":0,"time":"2023-12-25T07:56:08.122Z"}},{"iob":0.009,"basaliob":0.009,"bolussnooze":0,"activity":1.0E-4,"lastBolusTime":0,"time":"2023-12-25T08:01:08.122Z","iobWithZeroTemp":{"iob":-0.487,"basaliob":-0.487,"bolussnooze":0,"activity":-0.0043,"lastBolusTime":0,"time":"2023-12-25T08:01:08.122Z"}},{"iob":0.008,"basaliob":0.008,"bolussnooze":0,"activity":1.0E-4,"lastBolusTime":0,"time":"2023-12-25T08:06:08.122Z","iobWithZeroTemp":{"iob":-0.49,"basaliob":-0.49,"bolussnooze":0,"activity":-0.0044,"lastBolusTime":0,"time":"2023-12-25T08:06:08.122Z"}},{"iob":0.008,"basaliob":0.008,"bolussnooze":0,"activity":1.0E-4,"lastBolusTime":0,"time":"2023-12-25T08:11:08.122Z","iobWithZeroTemp":{"iob":-0.493,"basaliob":-0.493,"bolussnooze":0,"activity":-0.0044,"lastBolusTime":0,"time":"2023-12-25T08:11:08.122Z"}},{"iob":0.007,"basaliob":0.007,"bolussnooze":0,"activity":1.0E-4,"lastBolusTime":0,"time":"2023-12-25T08:16:08.122Z","iobWithZeroTemp":{"iob":-0.496,"basaliob":-0.496,"bolussnooze":0,"activity":-0.0044,"lastBolusTime":0,"time":"2023-12-25T08:16:08.122Z"}},{"iob":0.007,"basaliob":0.007,"bolussnooze":0,"activity":1.0E-4,"lastBolusTime":0,"time":"2023-12-25T08:21:08.122Z","iobWithZeroTemp":{"iob":-0.498,"basaliob":-0.498,"bolussnooze":0,"activity":-0.0045,"lastBolusTime":0,"time":"2023-12-25T08:21:08.122Z"}},{"iob":0.006,"basaliob":0.006,"bolussnooze":0,"activity":1.0E-4,"lastBolusTime":0,"time":"2023-12-25T08:26:08.122Z","iobWithZeroTemp":{"iob":-0.501,"basaliob":-0.501,"bolussnooze":0,"activity":-0.0045,"lastBolusTime":0,"time":"2023-12-25T08:26:08.122Z"}},{"iob":0.006,"basaliob":0.006,"bolussnooze":0,"activity":1.0E-4,"lastBolusTime":0,"time":"2023-12-25T08:31:08.122Z","iobWithZeroTemp":{"iob":-0.503,"basaliob":-0.503,"bolussnooze":0,"activity":-0.0045,"lastBolusTime":0,"time":"2023-12-25T08:31:08.122Z"}},{"iob":0.005,"basaliob":0.005,"bolussnooze":0,"activity":1.0E-4,"lastBolusTime":0,"time":"2023-12-25T08:36:08.122Z","iobWithZeroTemp":{"iob":-0.506,"basaliob":-0.506,"bolussnooze":0,"activity":-0.0046,"lastBolusTime":0,"time":"2023-12-25T08:36:08.122Z"}}],"profile":{"max_iob":4,"type":"current","max_daily_basal":0.5,"max_basal":1,"min_bg":99,"max_bg":99,"target_bg":99,"carb_ratio":25,"sens":142.20000000000002,"max_daily_safety_multiplier":3,"current_basal_safety_multiplier":4,"high_temptarget_raises_sensitivity":false,"low_temptarget_lowers_sensitivity":false,"sensitivity_raises_target":true,"resistance_lowers_target":true,"adv_target_adjustments":false,"exercise_mode":false,"half_basal_exercise_target":160,"maxCOB":120,"skip_neutral_temps":false,"remainingCarbsCap":90,"enableUAM":true,"A52_risk_enable":false,"SMBInterval":3,"enableSMB_with_COB":true,"enableSMB_with_temptarget":true,"allowSMB_with_high_temptarget":false,"enableSMB_always":false,"enableSMB_after_carbs":false,"maxSMBBasalMinutes":75,"maxUAMSMBBasalMinutes":75,"bolus_increment":0.05,"carbsReqThreshold":10,"current_basal":0.25,"temptargetSet":false,"autosens_max":1.2,"out_units":"mmol\/L"},"autosens_data":{"ratio":1},"meal_data":{"carbs":0,"mealCOB":0,"slopeFromMaxDeviation":-1.098875,"slopeFromMinDeviation":0,"lastBolusTime":1703430368291,"lastCarbTime":0},"microBolusAllowed":true,"currentTime":1703479269346,"flatBGsDetected":false},"output":{"temp":"absolute","bg":93,"tick":-9,"eventualBG":70,"targetBG":99,"insulinReq":0,"deliverAt":"2023-12-25T04:41:09.346Z","sensitivityRatio":1,"predBGs":{"IOB":[93,85,78,71,65,60,55,51,48,45,43,42,42,42,41,41,41,40,40,39],"ZT":[93,93,93,93,93,93,93,92,93,93,93,93,94,94,95,96,97,98,99]},"COB":0,"IOB":0.08,"reason":"COB: 0, Dev: -0.7, BGI: 0.0, ISF: 7.9, CR: 25, Target: 5.5, minPredBG 2.5, minGuardBG 1.9, IOBpredBG 2.2; minGuardBG 1.9<3.9","duration":120,"rate":0,"timestamp":"2023-12-25T04:41:09.382Z"}}