{"algorithm":"OpenAPSSMBPlugin","input":{"glucoseStatus":{"glucose":103,"noise":0,"delta":6.67,"short_avgdelta":6.52,"long_avgdelta":4.58,"date":1703476815518},"currenttemp":{"temp":"absolute","duration":25,"rate":1,"minutesrunning":5},"iob_data":[{"iob":-0.062,"basaliob":-0.062,"bolussnooze":0,"activity":-0.0017,"lastBolusTime":0,"time":"2023-12-25T04:01:07.856Z","iobWithZeroTemp":{"iob":-0.062,"basaliob":-0.062,"bolussnooze":0,"activity":-0.0017,"lastBolusTime":0,"time":"2023-12-25T04:01:07.856Z"}},{"iob":-0.054,"basaliob":-0.054,"bolussnooze":0,"activity":-0.0015,"lastBolusTime":0,"time":"2023-12-25T04:06:07.856Z","iobWithZeroTemp":{"iob":-0.071,"basaliob":-0.071,"bolussnooze":0,"activity":-0.0015,"lastBolusTime":0,"time":"2023-12-25T04:06:07.856Z"}},{"iob":-0.047,"basaliob":-0.047,"bolussnooze":0,"activity":-0.0013,"lastBolusTime":0,"time":"2023-12-25T04:11:07.856Z","iobWithZeroTemp":{"iob":-0.084,"basaliob":-0.084,"bolussnooze":0,"activity":-0.0014,"lastBolusTime":0,"time":"2023-12-25T04:11:07.856Z"}},{"iob":-0.041,"basaliob":-0.041,"bolussnooze":0,"activity":-0.0012,"lastBolusTime":0,"time":"2023-12-25T04:16:07.856Z","iobWithZeroTemp":{"iob":-0.099,"basaliob":-0.099,"bolussnooze":0,"activity":-0.0013,"lastBolusTime":0,"time":"2023-12-25T04:16:07.856Z"}},{"iob":-0.036,"basaliob":-0.036,"bolussnooze":0,"activity":-0.001,"lastBolusTime":0,"time":"2023-12-25T04:21:07.856Z","iobWithZeroTemp":{"iob":-0.114,"basaliob":-0.114,"bolussnooze":0,"activity":-0.0012,"lastBolusTime":0,"time":"2023-12-25T04:21:07.856Z"}},{"iob":-0.031,"basaliob":-0.031,"bolussnooze":0,"activity":-9.0E-4,"lastBolusTime":0,"time":"2023-12-25T04:26:07.856Z","iobWithZeroTemp":{"iob":-0.128,"basaliob":-0.128,"bolussnooze":0,"activity":-0.0012,"lastBolusTime":0,"time":"2023-12-25T04:26:07.856Z"}},{"iob":-0.026,"basaliob":-0.026,"bolussnooze":0,"activity":-8.0E-4,"lastBolusTime":0,"time":"2023-12-25T04:31:07.856Z","iobWithZeroTemp":{"iob":-0.142,"basaliob":-0.142,"bolussnooze":0,"activity":-0.0012,"lastBolusTime":0,"time":"2023-12-25T04:31:07.856Z"}},{"iob":-0.022,"basaliob":-0.022,"bolussnooze":0,"activity":-7.0E-4,"lastBolusTime":0,"time":"2023-12-25T04:36:07.856Z","iobWithZeroTemp":{"iob":-0.157,"basaliob":-0.157,"bolussnooze":0,"activity":-0.0012,"lastBolusTime":0,"time":"2023-12-25T04:36:07.856Z"}},{"iob":-0.019,"basaliob":-0.019,"bolussnooze":0,"activity":-6.0E-4,"lastBolusTime":0,"time":"2023-12-25T04:41:07.856Z","iobWithZeroTemp":{"iob":-0.172,"basaliob":-0.172,"bolussnooze":0,"activity":-0.0013,"lastBolusTime":0,"time":"2023-12-25T04:41:07.856Z"}},{"iob":-0.016,"basaliob":-0.016,"bolussnooze":0,"activity":-6.0E-4,"lastBolusTime":0,"time":"2023-12-25T04:46:07.856Z","iobWithZeroTemp":{"iob":-0.186,"basaliob":-0.186,"bolussnooze":0,"activity":-0.0014,"lastBolusTime":0,"time":"2023-12-25T04:46:07.856Z"}},{"iob":-0.013,"basaliob":-0.013,"bolussnooze":0,"activity":-5.0E-4,"lastBolusTime":0,"time":"2023-12-25T04:51:07.856Z","iobWithZeroTemp":{"iob":-0.199,"basaliob":-0.199,"bolussnooze":0,"activity":-0.0015,"lastBolusTime":0,"time":"2023-12-25T04:51:07.856Z"}},{"iob":-0.011,"basaliob":-0.011,"bolussnooze":0,"activity":-4.0E-4,"lastBolusTime":0,"time":"2023-12-25T04:56:07.856Z","iobWithZeroTemp":{"iob":-0.213,"basaliob":-0.213,"bolussnooze":0,"activity":-0.0015,"lastBolusTime":0,"time":"2023-12-25T04:56:07.856Z"}},{"iob":-0.009,"basaliob":-0.009,"bolussnooze":0,"activity":-4.0E-4,"lastBolusTime":0,"time":"2023-12-25T05:01:07.856Z","iobWithZeroTemp":{"iob":-0.226,"basaliob":-0.226,"bolussnooze":0,"activity":-0.0016,"lastBolusTime":0,"time":"2023-12-25T05:01:07.856Z"}},{"iob":-0.007,"basaliob":-0.007,"bolussnooze":0,"activity":-3.0E-4,"lastBolusTime":0,"time":"2023-12-25T05:06:07.856Z","iobWithZeroTemp":{"iob":-0.242,"basaliob":-0.242,"bolussnooze":0,"activity":-0.0017,"lastBolusTime":0,"time":"2023-12-25T05:06:07.856Z"}},{"iob":-0.006,"basaliob":-0.006,"bolussnooze":0,"activity":-3.0E-4,"lastBolusTime":0,"time":"2023-12-25T05:11:07.856Z","iobWithZeroTemp":{"iob":-0.259,"basaliob":-0.259,"bolussnooze":0,"activity":-0.0018,"lastBolusTime":0,"time":"2023-12-25T05:11:07.856Z"}},{"iob":-0.004,"basaliob":-0.004,"bolussnooze":0,"activity":-2.0E-4,"lastBolusTime":0,"time":"2023-12-25T05:16:07.856Z","iobWithZeroTemp":{"iob":-0.274,"basaliob":-0.274,"bolussnooze":0,"activity":-0.0019,"lastBolusTime":0,"time":"2023-12-25T05:16:07.856Z"}},{"iob":-0.003,"basaliob":-0.003,"bolussnooze":0,"activity":-2.0E-4,"lastBolusTime":0,"time":"2023-12-25T05:21:07.856Z","iobWithZeroTemp":{"iob":-0.289,"basaliob":-0.289,"bolussnooze":0,"activity":-0.002,"lastBolusTime":0,"time":"2023-12-25T05:21:07.856Z"}},{"iob":-0.002,"basaliob":-0.002,"bolussnooze":0,"activity":-2.0E-4,"lastBolusTime":0,"time":"2023-12-25T05:26:07.856Z","iobWithZeroTemp":{"iob":-0.303,"basaliob":-0.303,"bolussnooze":0,"activity":-0.0022,"lastBolusTime":0,"time":"2023-12-25T05:26:07.856Z"}},{"iob":-0.001,"basaliob":-0.001,"bolussnooze":0,"activity":-2.0E-4,"lastBolusTime":0,"time":"2023-12-25T05:31:07.856Z","iobWithZeroTemp":{"iob":-0.317,"basaliob":-0.317,"bolussnooze":0,"activity":-0.0023,"lastBolusTime":0,"time":"2023-12-25T05:31:07.856Z"}},{"iob":-0.001,"basaliob":-0.001,"bolussnooze":0,"activity":-1.0E-4,"lastBolusTime":0,"time":"2023-12-25T05:36:07.856Z","iobWithZeroTemp":{"iob":-0.331,"basaliob":-0.331,"bolussnooze":0,"activity":-0.0024,"lastBolusTime":0,"time":"2023-12-25T05:36:07.856Z"}},{"iob":0,"basaliob":0,"bolussnooze":0,"activity":-1.0E-4,"lastBolusTime":0,"time":"2023-12-25T05:41:07.856Z","iobWithZeroTemp":{"iob":-0.343,"basaliob":-0.343,"bolussnooze":0,"activity":-0.0025,"lastBolusTime":0,"time":"2023-12-25T05:41:07.856Z"}},{"iob":0,"basaliob":0,"bolussnooze":0,"activity":-1.0E-4,"lastBolusTime":0,"time":"2023-12-25T05:46:07.856Z","iobWithZeroTemp":{"iob":-0.355,"basaliob":-0.355,"bolussnooze":0,"activity":-0.0027,"lastBolusTime":0,"time":"2023-12-25T05:46:07.856Z"}},{"iob":0.001,"basaliob":0.001,"bolussnooze":0,"activity":-1.0E-4,"lastBolusTime":0,"time":"2023-12-25T05:51:07.856Z","iobWithZeroTemp":{"iob":-0.366,"basaliob":-0.366,"bolussnooze":0,"activity":-0.0028,"lastBolusTime":0,"time":"2023-12-25T05:51:07.856Z"}},{"iob":0.001,"basaliob":0.001,"bolussnooze":0,"activity":-1.0E-4,"lastBolusTime":0,"time":"2023-12-25T05:56:07.856Z","iobWithZeroTemp":{"iob":-0.377,"basaliob":-0.377,"bolussnooze":0,"activity":-0.0029,"lastBolusTime":0,"time":"2023-12-25T05:56:07.856Z"}},{"iob":0.002,"basaliob":0.002,"bolussnooze":0,"activity":-1.0E-4,"lastBolusTime":0,"time":"2023-12-25T06:01:07.856Z","iobWithZeroTemp":{"iob":-0.387,"basaliob":-0.387,"bolussnooze":0,"activity":-0.0031,"lastBolusTime":0,"time":"2023-12-25T06:01:07.856Z"}},{"iob":0.002,"basaliob":0.002,"bolussnooze":0,"activity":0,"lastBolusTime":0,"time":"2023-12-25T06:06:07.856Z","iobWithZeroTemp":{"iob":-0.397,"basaliob":-0.397,"bolussnooze":0,"activity":-0.0031,"lastBolusTime":0,"time":"2023-12-25T06:06:07.856Z"}},{"iob":0.002,"basaliob":0.002,"bolussnooze":0,"activity":0,"lastBolusTime":0,"time":"2023-12-25T06:11:07.856Z","iobWithZeroTemp":{"iob":-0.406,"basaliob":-0.406,"bolussnooze":0,"activity":-0.0032,"lastBolusTime":0,"time":"2023-12-25T06:11:07.856Z"}},{"iob":0.002,"basaliob":0.002,"bolussnooze":0,"activity":0,"lastBolusTime":0,"time":"2023-12-25T06:16:07.856Z","iobWithZeroTemp":{"iob":-0.414,"basaliob":-0.414,"bolussnooze":0,"activity":-0.0033,"lastBolusTime":0,"time":"2023-12-25T06:16:07.856Z"}},{"iob":0.002,"basaliob":0.002,"bolussnooze":0,"activity":0,"lastBolusTime":0,"time":"2023-12-25T06:21:07.856Z","iobWithZeroTemp":{"iob":-0.423,"basaliob":-0.423,"bolussnooze":0,"activity":-0.0034,"lastBolusTime":0,"time":"2023-12-25T06:21:07.856Z"}},{"iob":0.002,"basaliob":0.002,"bolussnooze":0,"activity":0,"lastBolusTime":0,"time":"2023-12-25T06:26:07.856Z","iobWithZeroTemp":{"iob":-0.43,"basaliob":-0.43,"bolussnooze":0,"activity":-0.0035,"lastBolusTime":0,"time":"2023-12-25T06:26:07.856Z"}},{"iob":0.002,"basaliob":0.002,"bolussnooze":0,"activity":0,"lastBolusTime":0,"time":"2023-12-25T06:31:07.856Z","iobWithZeroTemp":{"iob":-0.437,"basaliob":-0.437,"bolussnooze":0,"activity":-0.0036,"lastBolusTime":0,"time":"2023-12-25T06:31:07.856Z"}},{"iob":0.002,"basaliob":0.002,"bolussnooze":0,"activity":0,"lastBolusTime":0,"time":"2023-12-25T06:36:07.856Z","iobWithZeroTemp":{"iob":-0.444,"basaliob":-0.444,"bolussnooze":0,"activity":-0.0037,"lastBolusTime":0,"time":"2023-12-25T06:36:07.856Z"}},{"iob":0.002,"basaliob":0.002,"bolussnooze":0,"activity":0,"lastBolusTime":0,"time":"2023-12-25T06:41:07.856Z","iobWithZeroTemp":{"iob":-0.45,"basaliob":-0.45,"bolussnooze":0,"activity":-0.0038,"lastBolusTime":0,"time":"2023-12-25T06:41:07.856Z"}},{"iob":0.002,"basaliob":0.002,"bolussnooze":0,"activity":0,"lastBolusTime":0,"time":"2023-12-25T06:46:07.856Z","iobWithZeroTemp":{"iob":-0.456,"basaliob":-0.456,"bolussnooze":0,"activity":-0.0039,"lastBolusTime":0,"time":"2023-12-25T06:46:07.856Z"}},{"iob":0.002,"basaliob":0.002,"bolussnooze":0,"activity":0,"lastBolusTime":0,"time":"2023-12-25T06:51:07.856Z","iobWithZeroTemp":{"iob":-0.462,"basaliob":-0.462,"bolussnooze":0,"activity":-0.004,"lastBolusTime":0,"time":"2023-12-25T06:51:07.856Z"}},{"iob":0.002,"basaliob":0.002,"bolussnooze":0,"activity":0,"lastBolusTime":0,"time":"2023-12-25T06:56:07.856Z","iobWithZeroTemp":{"iob":-0.467,"basaliob":-0.467,"bolussnooze":0,"activity":-0.004,"lastBolusTime":0,"time":"2023-12-25T06:56:07.856Z"}},{"iob":0.002,"basaliob":0.002,"bolussnooze":0,"activity":0,"lastBolusTime":0,"time":"2023-12-25T07:01:07.856Z","iobWithZeroTemp":{"iob":-0.471,"basaliob":-0.471,"bolussnooze":0,"activity":-0.0041,"lastBolusTime":0,"time":"2023-12-25T07:01:07.856Z"}},{"iob":0.002,"basaliob":0.002,"bolussnooze":0,"activity":0,"lastBolusTime":0,"time":"2023-12-25T07:06:07.856Z","iobWithZeroTemp":{"iob":-0.476,"basaliob":-0.476,"bolussnooze":0,"activity":-0.0042,"lastBolusTime":0,"time":"2023-12-25T07:06:07.856Z"}},{"iob":0.002,"basaliob":0.002,"bolussnooze":0,"activity":0,"lastBolusTime":0,"time":"2023-12-25T07:11:07.856Z","iobWithZeroTemp":{"iob":-0.48,"basaliob":-0.48,"bolussnooze":0,"activity":-0.0042,"lastBolusTime":0,"time":"2023-12-25T07:11:07.856Z"}},{"iob":0.002,"basaliob":0.002,"bolussnooze":0,"activity":0,"lastBolusTime":0,"time":"2023-12-25T07:16:07.856Z","iobWithZeroTemp":{"iob":-0.483,"basaliob":-0.483,"bolussnooze":0,"activity":-0.0043,"lastBolusTime":0,"time":"2023-12-25T07:16:07.856Z"}},{"iob":0.002,"basaliob":0.002,"bolussnooze":0,"activity":0,"lastBolusTime":0,"time":"2023-12-25T07:21:07.856Z","iobWithZeroTemp":{"iob":-0.487,"basaliob":-0.487,"bolussnooze":0,"activity":-0.0043,"lastBolusTime":0,"time":"2023-12-25T07:21:07.856Z"}},{"iob":0.002,"basaliob":0.002,"bolussnooze":0,"activity":0,"lastBolusTime":0,"time":"2023-12-25T07:26:07.856Z","iobWithZeroTemp":{"iob":-0.49,"basaliob":-0.49,"bolussnooze":0,"activity":-0.0044,"lastBolusTime":0,"time":"2023-12-25T07:26:07.856Z"}},{"iob":0.002,"basaliob":0.002,"bolussnooze":0,"activity":0,"lastBolusTime":0,"time":"2023-12-25T07:31:07.856Z","iobWithZeroTemp":{"iob":-0.493,"basaliob":-0.493,"bolussnooze":0,"activity":-0.0044,"lastBolusTime":0,"time":"2023-12-25T07:31:07.856Z"}},{"iob":0.002,"basaliob":0.002,"bolussnooze":0,"activity":0,"lastBolusTime":0,"time":"2023-12-25T07:36:07.856Z","iobWithZeroTemp":{"iob":-0.496,"basaliob":-0.496,"bolussnooze":0,"activity":-0.0045,"lastBolusTime":0,"time":"2023-12-25T07:36:07.856Z"}},{"iob":0.002,"basaliob":0.002,"bolussnooze":0,"activity":0,"lastBolusTime":0,"time":"2023-12-25T07:41:07.856Z","iobWithZeroTemp":{"iob":-0.498,"basaliob":-0.498,"bolussnooze":0,"activity":-0.0045,"lastBolusTime":0,"time":"2023-12-25T07:41:07.856Z"}},{"iob":0.002,"basaliob":0.002,"bolussnooze":0,"activity":0,"lastBolusTime":0,"time":"2023-12-25T07:46:07.856Z","iobWithZeroTemp":{"iob":-0.501,"basaliob":-0.501,"bolussnooze":0,"activity":-0.0045,"lastBolusTime":0,"time":"2023-12-25T07:46:07.856Z"}},{"iob":0.002,"basaliob":0.002,"bolussnooze":0,"activity":0,"lastBolusTime":0,"time":"2023-12-25T07:51:07.856Z","iobWithZeroTemp":{"iob":-0.503,"basaliob":-0.503,"bolussnooze":0,"activity":-0.0046,"lastBolusTime":0,"time":"2023-12-25T07:51:07.856Z"}},{"iob":0.002,"basaliob":0.002,"bolussnooze":0,"activity":0,"lastBolusTime":0,"time":"2023-12-25T07:56:07.856Z","iobWithZeroTemp":{"iob":-0.505,"basaliob":-0.505,"bolussnooze":0,"activity":-0.0046,"lastBolusTime":0,"time":"2023-12-25T07:56:07.856Z"}}],"profile":{"max_iob":4,"type":"current","max_daily_basal":0.5,"max_basal":1,"min_bg":99,"max_bg":99,"target_bg":99,"carb_ratio":25,"sens":142.20000000000002,"max_daily_safety_multiplier":3,"current_basal_safety_multiplier":4,"high_temptarget_raises_sensitivity":false,"low_temptarget_lowers_sensitivity":false,"sensitivity_raises_target":true,"resistance_lowers_target":true,"adv_target_adjustments":false,"exercise_mode":false,"half_basal_exercise_target":160,"maxCOB":120,"skip_neutral_temps":false,"remainingCarbsCap":90,"enableUAM":true,"A52_risk_enable":false,"SMBInterval":3,"enableSMB_with_COB":true,"enableSMB_with_temptarget":true,"allowSMB_with_high_temptarget":false,"enableSMB_always":false,"enableSMB_after_carbs":false,"maxSMBBasalMinutes":75,"maxUAMSMBBasalMinutes":75,"bolus_increment":0.05,"carbsReqThreshold":10,"current_basal":0.25,"temptargetSet":false,"autosens_max":1.2,"out_units":"mmol\/L"},"autosens_data":{"ratio":1},"meal_data":{"carbs":0,"mealCOB":0,"slopeFromMaxDeviation":0,"slopeFromMinDeviation":0.6566363636363637,"lastBolusTime":1703430368291,"lastCarbTime":0},"microBolusAllowed":true,"currentTime":1703476869003,"flatBGsDetected":false},"output":{"temp":"absolute","bg":103,"tick":"+7","eventualBG":174,"targetBG":99,"insulinReq":0.41,"deliverAt":"2023-12-25T04:01:09.003Z","sensitivityRatio":1,"predBGs":{"IOB":[103,109,115,119,124,128,131,134,136,138,139,140,140,140,141,141,141,141,141,141,141,142],"ZT":[103,104,105,106,107,108,109],"UAM":[103,109,115,121,126,131,136,140,144,148,151,154,157,160,163,165,167,168,170,171,172,173,173,174]},"COB":0,"IOB":-0.062,"reason":"COB: 0, Dev: 1.8, BGI: 0.1, ISF: 7.9, CR: 25, Target: 5.5, minPredBG 8.7, minGuardBG 6.1, IOBpredBG 7.9, UAMpredBG 9.7; Eventual BG 9.7 >= 5.5, adj. req. rate: 1.07 to maxSafeBasal: 1, temp 1.00 >~ req 1U\/hr. ","timestamp":"2023-12-25T04:01:09.040Z"}}