{"algorithm":"OpenAPSSMBPlugin","input":{"glucoseStatus":{"glucose":87,"noise":0,"delta":-4.56,"short_avgdelta":-4.56,"long_avgdelta":-1.87,"date":1703404516226},"currenttemp":{"temp":"absolute","duration":80,"rate":0,"minutesrunning":40},"iob_data":[{"iob":0.205,"basaliob":-0.243,"bolussnooze":0,"activity":0.0035,"lastBolusTime":1703401267431,"time":"2023-12-24T07:56:06.018Z","iobWithZeroTemp":{"iob":0.205,"basaliob":-0.243,"bolussnooze":0,"activity":0.0035,"lastBolusTime":1703401267431,"time":"2023-12-24T07:56:06.018Z"}},{"iob":0.188,"basaliob":-0.235,"bolussnooze":0,"activity":0.0032,"lastBolusTime":1703401267431,"time":"2023-12-24T08:01:06.018Z","iobWithZeroTemp":{"iob":0.168,"basaliob":-0.255,"bolussnooze":0,"activity":0.0032,"lastBolusTime":1703401267431,"time":"2023-12-24T08:01:06.018Z"}},{"iob":0.173,"basaliob":-0.226,"bolussnooze":0,"activity":0.003,"lastBolusTime":1703401267431,"time":"2023-12-24T08:06:06.018Z","iobWithZeroTemp":{"iob":0.128,"basaliob":-0.271,"bolussnooze":0,"activity":0.0029,"lastBolusTime":1703401267431,"time":"2023-12-24T08:06:06.018Z"}},{"iob":0.159,"basaliob":-0.217,"bolussnooze":0,"activity":0.0027,"lastBolusTime":1703401267431,"time":"2023-12-24T08:11:06.018Z","iobWithZeroTemp":{"iob":0.09,"basaliob":-0.286,"bolussnooze":0,"activity":0.0026,"lastBolusTime":1703401267431,"time":"2023-12-24T08:11:06.018Z"}},{"iob":0.146,"basaliob":-0.207,"bolussnooze":0,"activity":0.0025,"lastBolusTime":1703401267431,"time":"2023-12-24T08:16:06.018Z","iobWithZeroTemp":{"iob":0.053,"basaliob":-0.3,"bolussnooze":0,"activity":0.0023,"lastBolusTime":1703401267431,"time":"2023-12-24T08:16:06.018Z"}},{"iob":0.134,"basaliob":-0.198,"bolussnooze":0,"activity":0.0023,"lastBolusTime":1703401267431,"time":"2023-12-24T08:21:06.018Z","iobWithZeroTemp":{"iob":0.017,"basaliob":-0.315,"bolussnooze":0,"activity":0.0019,"lastBolusTime":1703401267431,"time":"2023-12-24T08:21:06.018Z"}},{"iob":0.122,"basaliob":-0.189,"bolussnooze":0,"activity":0.0021,"lastBolusTime":1703401267431,"time":"2023-12-24T08:26:06.018Z","iobWithZeroTemp":{"iob":-0.018,"basaliob":-0.329,"bolussnooze":0,"activity":0.0016,"lastBolusTime":1703401267431,"time":"2023-12-24T08:26:06.018Z"}},{"iob":0.113,"basaliob":-0.179,"bolussnooze":0,"activity":0.0019,"lastBolusTime":1703401267431,"time":"2023-12-24T08:31:06.018Z","iobWithZeroTemp":{"iob":-0.049,"basaliob":-0.341,"bolussnooze":0,"activity":0.0012,"lastBolusTime":1703401267431,"time":"2023-12-24T08:31:06.018Z"}},{"iob":0.103,"basaliob":-0.17,"bolussnooze":0,"activity":0.0018,"lastBolusTime":1703401267431,"time":"2023-12-24T08:36:06.018Z","iobWithZeroTemp":{"iob":-0.08,"basaliob":-0.353,"bolussnooze":0,"activity":0.001,"lastBolusTime":1703401267431,"time":"2023-12-24T08:36:06.018Z"}},{"iob":0.094,"basaliob":-0.161,"bolussnooze":0,"activity":0.0017,"lastBolusTime":1703401267431,"time":"2023-12-24T08:41:06.018Z","iobWithZeroTemp":{"iob":-0.11,"basaliob":-0.365,"bolussnooze":0,"activity":7.0E-4,"lastBolusTime":1703401267431,"time":"2023-12-24T08:41:06.018Z"}},{"iob":0.087,"basaliob":-0.152,"bolussnooze":0,"activity":0.0016,"lastBolusTime":1703401267431,"time":"2023-12-24T08:46:06.018Z","iobWithZeroTemp":{"iob":-0.136,"basaliob":-0.375,"bolussnooze":0,"activity":4.0E-4,"lastBolusTime":1703401267431,"time":"2023-12-24T08:46:06.018Z"}},{"iob":0.079,"basaliob":-0.144,"bolussnooze":0,"activity":0.0014,"lastBolusTime":1703401267431,"time":"2023-12-24T08:51:06.018Z","iobWithZeroTemp":{"iob":-0.163,"basaliob":-0.386,"bolussnooze":0,"activity":1.0E-4,"lastBolusTime":1703401267431,"time":"2023-12-24T08:51:06.018Z"}},{"iob":0.072,"basaliob":-0.136,"bolussnooze":0,"activity":0.0013,"lastBolusTime":1703401267431,"time":"2023-12-24T08:56:06.018Z","iobWithZeroTemp":{"iob":-0.188,"basaliob":-0.396,"bolussnooze":0,"activity":-2.0E-4,"lastBolusTime":1703401267431,"time":"2023-12-24T08:56:06.018Z"}},{"iob":0.065,"basaliob":-0.128,"bolussnooze":0,"activity":0.0012,"lastBolusTime":1703401267431,"time":"2023-12-24T09:01:06.018Z","iobWithZeroTemp":{"iob":-0.212,"basaliob":-0.405,"bolussnooze":0,"activity":-5.0E-4,"lastBolusTime":1703401267431,"time":"2023-12-24T09:01:06.018Z"}},{"iob":0.06,"basaliob":-0.12,"bolussnooze":0,"activity":0.0011,"lastBolusTime":1703401267431,"time":"2023-12-24T09:06:06.018Z","iobWithZeroTemp":{"iob":-0.234,"basaliob":-0.414,"bolussnooze":0,"activity":-7.0E-4,"lastBolusTime":1703401267431,"time":"2023-12-24T09:06:06.018Z"}},{"iob":0.054,"basaliob":-0.113,"bolussnooze":0,"activity":0.001,"lastBolusTime":1703401267431,"time":"2023-12-24T09:11:06.018Z","iobWithZeroTemp":{"iob":-0.255,"basaliob":-0.422,"bolussnooze":0,"activity":-0.001,"lastBolusTime":1703401267431,"time":"2023-12-24T09:11:06.018Z"}},{"iob":0.05,"basaliob":-0.106,"bolussnooze":0,"activity":9.0E-4,"lastBolusTime":1703401267431,"time":"2023-12-24T09:16:06.018Z","iobWithZeroTemp":{"iob":-0.274,"basaliob":-0.43,"bolussnooze":0,"activity":-0.0013,"lastBolusTime":1703401267431,"time":"2023-12-24T09:16:06.018Z"}},{"iob":0.046,"basaliob":-0.099,"bolussnooze":0,"activity":9.0E-4,"lastBolusTime":1703401267431,"time":"2023-12-24T09:21:06.018Z","iobWithZeroTemp":{"iob":-0.291,"basaliob":-0.436,"bolussnooze":0,"activity":-0.0014,"lastBolusTime":1703401267431,"time":"2023-12-24T09:21:06.018Z"}},{"iob":0.041,"basaliob":-0.093,"bolussnooze":0,"activity":8.0E-4,"lastBolusTime":1703401267431,"time":"2023-12-24T09:26:06.018Z","iobWithZeroTemp":{"iob":-0.309,"basaliob":-0.443,"bolussnooze":0,"activity":-0.0017,"lastBolusTime":1703401267431,"time":"2023-12-24T09:26:06.018Z"}},{"iob":0.037,"basaliob":-0.087,"bolussnooze":0,"activity":7.0E-4,"lastBolusTime":1703401267431,"time":"2023-12-24T09:31:06.018Z","iobWithZeroTemp":{"iob":-0.326,"basaliob":-0.45,"bolussnooze":0,"activity":-0.0019,"lastBolusTime":1703401267431,"time":"2023-12-24T09:31:06.018Z"}},{"iob":0.034,"basaliob":-0.081,"bolussnooze":0,"activity":7.0E-4,"lastBolusTime":1703401267431,"time":"2023-12-24T09:36:06.018Z","iobWithZeroTemp":{"iob":-0.34,"basaliob":-0.455,"bolussnooze":0,"activity":-0.0021,"lastBolusTime":1703401267431,"time":"2023-12-24T09:36:06.018Z"}},{"iob":0.031,"basaliob":-0.076,"bolussnooze":0,"activity":6.0E-4,"lastBolusTime":1703401267431,"time":"2023-12-24T09:41:06.018Z","iobWithZeroTemp":{"iob":-0.354,"basaliob":-0.461,"bolussnooze":0,"activity":-0.0023,"lastBolusTime":1703401267431,"time":"2023-12-24T09:41:06.018Z"}},{"iob":0.028,"basaliob":-0.071,"bolussnooze":0,"activity":5.0E-4,"lastBolusTime":1703401267431,"time":"2023-12-24T09:46:06.018Z","iobWithZeroTemp":{"iob":-0.367,"basaliob":-0.466,"bolussnooze":0,"activity":-0.0025,"lastBolusTime":1703401267431,"time":"2023-12-24T09:46:06.018Z"}},{"iob":0.025,"basaliob":-0.066,"bolussnooze":0,"activity":5.0E-4,"lastBolusTime":1703401267431,"time":"2023-12-24T09:51:06.018Z","iobWithZeroTemp":{"iob":-0.38,"basaliob":-0.471,"bolussnooze":0,"activity":-0.0026,"lastBolusTime":1703401267431,"time":"2023-12-24T09:51:06.018Z"}},{"iob":0.023,"basaliob":-0.061,"bolussnooze":0,"activity":4.0E-4,"lastBolusTime":1703401267431,"time":"2023-12-24T09:56:06.018Z","iobWithZeroTemp":{"iob":-0.391,"basaliob":-0.475,"bolussnooze":0,"activity":-0.0029,"lastBolusTime":1703401267431,"time":"2023-12-24T09:56:06.018Z"}},{"iob":0.021,"basaliob":-0.057,"bolussnooze":0,"activity":5.0E-4,"lastBolusTime":1703401267431,"time":"2023-12-24T10:01:06.018Z","iobWithZeroTemp":{"iob":-0.401,"basaliob":-0.479,"bolussnooze":0,"activity":-0.0029,"lastBolusTime":1703401267431,"time":"2023-12-24T10:01:06.018Z"}},{"iob":0.019,"basaliob":-0.053,"bolussnooze":0,"activity":4.0E-4,"lastBolusTime":1703401267431,"time":"2023-12-24T10:06:06.018Z","iobWithZeroTemp":{"iob":-0.411,"basaliob":-0.483,"bolussnooze":0,"activity":-0.0031,"lastBolusTime":1703401267431,"time":"2023-12-24T10:06:06.018Z"}},{"iob":0.017,"basaliob":-0.049,"bolussnooze":0,"activity":4.0E-4,"lastBolusTime":1703401267431,"time":"2023-12-24T10:11:06.018Z","iobWithZeroTemp":{"iob":-0.421,"basaliob":-0.487,"bolussnooze":0,"activity":-0.0032,"lastBolusTime":1703401267431,"time":"2023-12-24T10:11:06.018Z"}},{"iob":0.015,"basaliob":-0.046,"bolussnooze":0,"activity":3.0E-4,"lastBolusTime":1703401267431,"time":"2023-12-24T10:16:06.018Z","iobWithZeroTemp":{"iob":-0.43,"basaliob":-0.491,"bolussnooze":0,"activity":-0.0034,"lastBolusTime":1703401267431,"time":"2023-12-24T10:16:06.018Z"}},{"iob":0.014,"basaliob":-0.042,"bolussnooze":0,"activity":3.0E-4,"lastBolusTime":1703401267431,"time":"2023-12-24T10:21:06.018Z","iobWithZeroTemp":{"iob":-0.437,"basaliob":-0.493,"bolussnooze":0,"activity":-0.0035,"lastBolusTime":1703401267431,"time":"2023-12-24T10:21:06.018Z"}},{"iob":0.012,"basaliob":-0.039,"bolussnooze":0,"activity":3.0E-4,"lastBolusTime":1703401267431,"time":"2023-12-24T10:26:06.018Z","iobWithZeroTemp":{"iob":-0.445,"basaliob":-0.496,"bolussnooze":0,"activity":-0.0036,"lastBolusTime":1703401267431,"time":"2023-12-24T10:26:06.018Z"}},{"iob":0.011,"basaliob":-0.036,"bolussnooze":0,"activity":2.0E-4,"lastBolusTime":1703401267431,"time":"2023-12-24T10:31:06.018Z","iobWithZeroTemp":{"iob":-0.452,"basaliob":-0.499,"bolussnooze":0,"activity":-0.0037,"lastBolusTime":1703401267431,"time":"2023-12-24T10:31:06.018Z"}},{"iob":0.01,"basaliob":-0.033,"bolussnooze":0,"activity":2.0E-4,"lastBolusTime":1703401267431,"time":"2023-12-24T10:36:06.018Z","iobWithZeroTemp":{"iob":-0.458,"basaliob":-0.501,"bolussnooze":0,"activity":-0.0038,"lastBolusTime":1703401267431,"time":"2023-12-24T10:36:06.018Z"}},{"iob":0.009,"basaliob":-0.031,"bolussnooze":0,"activity":2.0E-4,"lastBolusTime":1703401267431,"time":"2023-12-24T10:41:06.018Z","iobWithZeroTemp":{"iob":-0.464,"basaliob":-0.504,"bolussnooze":0,"activity":-0.0039,"lastBolusTime":1703401267431,"time":"2023-12-24T10:41:06.018Z"}},{"iob":0.008,"basaliob":-0.029,"bolussnooze":0,"activity":1.0E-4,"lastBolusTime":1703401267431,"time":"2023-12-24T10:46:06.018Z","iobWithZeroTemp":{"iob":-0.469,"basaliob":-0.506,"bolussnooze":0,"activity":-0.004,"lastBolusTime":1703401267431,"time":"2023-12-24T10:46:06.018Z"}},{"iob":0.008,"basaliob":-0.026,"bolussnooze":0,"activity":2.0E-4,"lastBolusTime":1703401267431,"time":"2023-12-24T10:51:06.018Z","iobWithZeroTemp":{"iob":-0.473,"basaliob":-0.507,"bolussnooze":0,"activity":-0.004,"lastBolusTime":1703401267431,"time":"2023-12-24T10:51:06.018Z"}},{"iob":0.007,"basaliob":-0.024,"bolussnooze":0,"activity":1.0E-4,"lastBolusTime":1703401267431,"time":"2023-12-24T10:56:06.018Z","iobWithZeroTemp":{"iob":-0.478,"basaliob":-0.509,"bolussnooze":0,"activity":-0.0042,"lastBolusTime":1703401267431,"time":"2023-12-24T10:56:06.018Z"}},{"iob":0.006,"basaliob":-0.022,"bolussnooze":0,"activity":1.0E-4,"lastBolusTime":1703401267431,"time":"2023-12-24T11:01:06.018Z","iobWithZeroTemp":{"iob":-0.483,"basaliob":-0.511,"bolussnooze":0,"activity":-0.0042,"lastBolusTime":1703401267431,"time":"2023-12-24T11:01:06.018Z"}},{"iob":0.005,"basaliob":-0.021,"bolussnooze":0,"activity":2.0E-4,"lastBolusTime":1703401267431,"time":"2023-12-24T11:06:06.018Z","iobWithZeroTemp":{"iob":-0.487,"basaliob":-0.513,"bolussnooze":0,"activity":-0.0042,"lastBolusTime":1703401267431,"time":"2023-12-24T11:06:06.018Z"}},{"iob":0.004,"basaliob":-0.019,"bolussnooze":0,"activity":1.0E-4,"lastBolusTime":1703401267431,"time":"2023-12-24T11:11:06.018Z","iobWithZeroTemp":{"iob":-0.491,"basaliob":-0.514,"bolussnooze":0,"activity":-0.0043,"lastBolusTime":1703401267431,"time":"2023-12-24T11:11:06.018Z"}},{"iob":0.003,"basaliob":-0.018,"bolussnooze":0,"activity":1.0E-4,"lastBolusTime":1703401267431,"time":"2023-12-24T11:16:06.018Z","iobWithZeroTemp":{"iob":-0.495,"basaliob":-0.516,"bolussnooze":0,"activity":-0.0044,"lastBolusTime":1703401267431,"time":"2023-12-24T11:16:06.018Z"}},{"iob":0.004,"basaliob":-0.016,"bolussnooze":0,"activity":1.0E-4,"lastBolusTime":1703401267431,"time":"2023-12-24T11:21:06.018Z","iobWithZeroTemp":{"iob":-0.496,"basaliob":-0.516,"bolussnooze":0,"activity":-0.0044,"lastBolusTime":1703401267431,"time":"2023-12-24T11:21:06.018Z"}},{"iob":0.003,"basaliob":-0.015,"bolussnooze":0,"activity":0,"lastBolusTime":1703401267431,"time":"2023-12-24T11:26:06.018Z","iobWithZeroTemp":{"iob":-0.5,"basaliob":-0.518,"bolussnooze":0,"activity":-0.0045,"lastBolusTime":1703401267431,"time":"2023-12-24T11:26:06.018Z"}},{"iob":0.002,"basaliob":-0.014,"bolussnooze":0,"activity":1.0E-4,"lastBolusTime":1703401267431,"time":"2023-12-24T11:31:06.018Z","iobWithZeroTemp":{"iob":-0.503,"basaliob":-0.519,"bolussnooze":0,"activity":-0.0045,"lastBolusTime":1703401267431,"time":"2023-12-24T11:31:06.018Z"}},{"iob":0.003,"basaliob":-0.012,"bolussnooze":0,"activity":1.0E-4,"lastBolusTime":1703401267431,"time":"2023-12-24T11:36:06.018Z","iobWithZeroTemp":{"iob":-0.504,"basaliob":-0.519,"bolussnooze":0,"activity":-0.0045,"lastBolusTime":1703401267431,"time":"2023-12-24T11:36:06.018Z"}},{"iob":0.002,"basaliob":-0.011,"bolussnooze":0,"activity":1.0E-4,"lastBolusTime":1703401267431,"time":"2023-12-24T11:41:06.018Z","iobWithZeroTemp":{"iob":-0.507,"basaliob":-0.52,"bolussnooze":0,"activity":-0.0045,"lastBolusTime":1703401267431,"time":"2023-12-24T11:41:06.018Z"}},{"iob":0.002,"basaliob":-0.01,"bolussnooze":0,"activity":0,"lastBolusTime":1703401267431,"time":"2023-12-24T11:46:06.018Z","iobWithZeroTemp":{"iob":-0.509,"basaliob":-0.521,"bolussnooze":0,"activity":-0.0047,"lastBolusTime":1703401267431,"time":"2023-12-24T11:46:06.018Z"}},{"iob":0.001,"basaliob":-0.01,"bolussnooze":0,"activity":0,"lastBolusTime":1703401267431,"time":"2023-12-24T11:51:06.018Z","iobWithZeroTemp":{"iob":-0.511,"basaliob":-0.522,"bolussnooze":0,"activity":-0.0047,"lastBolusTime":1703401267431,"time":"2023-12-24T11:51:06.018Z"}}],"profile":{"max_iob":4,"type":"current","max_daily_basal":0.5,"max_basal":1.2,"min_bg":91.79999999999998,"max_bg":91.79999999999998,"target_bg":91.79999999999998,"carb_ratio":30,"sens":126,"max_daily_safety_multiplier":3,"current_basal_safety_multiplier":4,"high_temptarget_raises_sensitivity":false,"low_temptarget_lowers_sensitivity":false,"sensitivity_raises_target":true,"resistance_lowers_target":true,"adv_target_adjustments":false,"exercise_mode":false,"half_basal_exercise_target":160,"maxCOB":120,"skip_neutral_temps":false,"remainingCarbsCap":90,"enableUAM":true,"A52_risk_enable":false,"SMBInterval":3,"enableSMB_with_COB":true,"enableSMB_with_temptarget":true,"allowSMB_with_high_temptarget":false,"enableSMB_always":false,"enableSMB_after_carbs":false,"maxSMBBasalMinutes":75,"maxUAMSMBBasalMinutes":75,"bolus_increment":0.05,"carbsReqThreshold":10,"current_basal":0.3,"temptargetSet":true,"autosens_max":1.2,"out_units":"mmol\/L"},"autosens_data":{"ratio":1},"meal_data":{"carbs":0,"mealCOB":0,"slopeFromMaxDeviation":-1.74925,"slopeFromMinDeviation":0,"lastBolusTime":1703401267431,"lastCarbTime":0},"microBolusAllowed":true,"currentTime":1703404567303,"flatBGsDetected":false},"output":{"temp":"absolute","bg":87,"tick":-5,"eventualBG":63,"targetBG":91.79999999999998,"insulinReq":0,"deliverAt":"2023-12-24T07:56:07.303Z","sensitivityRatio":1,"predBGs":{"IOB":[87,83,79,75,72,69,66,64,62,60,58,57,56,56,55,54,53,53,52,52,51,51,51,50,50,50,49,49,49,49,49,48,48,48,48,48,48,48,48,47],"ZT":[87,85,83,81,79,78,77,76,75,74,74,74,74,74,74,74,75,76,77,78,79,80,82,83,85,87,89,91]},"COB":0,"IOB":0.205,"reason":"COB: 0, Dev: 0.1, BGI: -0.1, ISF: 7.0, CR: 30, Target: 5.1, minPredBG 3.1, minGuardBG 2.6, IOBpredBG 2.6; minGuardBG 2.6<3.7 80m left and 0 ~ req 0U\/hr: no temp required","timestamp":"2023-12-24T07:56:07.341Z"}}