{"algorithm":"OpenAPSSMBPlugin","input":{"glucoseStatus":{"glucose":78,"noise":0,"delta":-2,"short_avgdelta":-0.24,"long_avgdelta":-0.56,"date":1703391615825},"currenttemp":{"temp":"absolute","duration":0,"rate":0},"iob_data":[{"iob":-0.009,"basaliob":-0.184,"bolussnooze":0,"activity":5.0E-4,"lastBolusTime":1703387769179,"time":"2023-12-24T04:21:06.515Z","iobWithZeroTemp":{"iob":-0.009,"basaliob":-0.184,"bolussnooze":0,"activity":5.0E-4,"lastBolusTime":1703387769179,"time":"2023-12-24T04:21:06.515Z"}},{"iob":-0.012,"basaliob":-0.177,"bolussnooze":0,"activity":4.0E-4,"lastBolusTime":1703387769179,"time":"2023-12-24T04:26:06.515Z","iobWithZeroTemp":{"iob":-0.029,"basaliob":-0.194,"bolussnooze":0,"activity":4.0E-4,"lastBolusTime":1703387769179,"time":"2023-12-24T04:26:06.515Z"}},{"iob":-0.014,"basaliob":-0.17,"bolussnooze":0,"activity":3.0E-4,"lastBolusTime":1703387769179,"time":"2023-12-24T04:31:06.515Z","iobWithZeroTemp":{"iob":-0.052,"basaliob":-0.208,"bolussnooze":0,"activity":2.0E-4,"lastBolusTime":1703387769179,"time":"2023-12-24T04:31:06.515Z"}},{"iob":-0.015,"basaliob":-0.162,"bolussnooze":0,"activity":2.0E-4,"lastBolusTime":1703387769179,"time":"2023-12-24T04:36:06.515Z","iobWithZeroTemp":{"iob":-0.075,"basaliob":-0.222,"bolussnooze":0,"activity":1.0E-4,"lastBolusTime":1703387769179,"time":"2023-12-24T04:36:06.515Z"}},{"iob":-0.015,"basaliob":-0.154,"bolussnooze":0,"activity":2.0E-4,"lastBolusTime":1703387769179,"time":"2023-12-24T04:41:06.515Z","iobWithZeroTemp":{"iob":-0.095,"basaliob":-0.234,"bolussnooze":0,"activity":0,"lastBolusTime":1703387769179,"time":"2023-12-24T04:41:06.515Z"}},{"iob":-0.016,"basaliob":-0.147,"bolussnooze":0,"activity":1.0E-4,"lastBolusTime":1703387769179,"time":"2023-12-24T04:46:06.515Z","iobWithZeroTemp":{"iob":-0.116,"basaliob":-0.247,"bolussnooze":0,"activity":-2.0E-4,"lastBolusTime":1703387769179,"time":"2023-12-24T04:46:06.515Z"}},{"iob":-0.016,"basaliob":-0.139,"bolussnooze":0,"activity":0,"lastBolusTime":1703387769179,"time":"2023-12-24T04:51:06.515Z","iobWithZeroTemp":{"iob":-0.136,"basaliob":-0.259,"bolussnooze":0,"activity":-4.0E-4,"lastBolusTime":1703387769179,"time":"2023-12-24T04:51:06.515Z"}},{"iob":-0.017,"basaliob":-0.132,"bolussnooze":0,"activity":1.0E-4,"lastBolusTime":1703387769179,"time":"2023-12-24T04:56:06.515Z","iobWithZeroTemp":{"iob":-0.156,"basaliob":-0.271,"bolussnooze":0,"activity":-5.0E-4,"lastBolusTime":1703387769179,"time":"2023-12-24T04:56:06.515Z"}},{"iob":-0.017,"basaliob":-0.125,"bolussnooze":0,"activity":0,"lastBolusTime":1703387769179,"time":"2023-12-24T05:01:06.515Z","iobWithZeroTemp":{"iob":-0.174,"basaliob":-0.282,"bolussnooze":0,"activity":-7.0E-4,"lastBolusTime":1703387769179,"time":"2023-12-24T05:01:06.515Z"}},{"iob":-0.017,"basaliob":-0.118,"bolussnooze":0,"activity":-1.0E-4,"lastBolusTime":1703387769179,"time":"2023-12-24T05:06:06.515Z","iobWithZeroTemp":{"iob":-0.196,"basaliob":-0.297,"bolussnooze":0,"activity":-9.0E-4,"lastBolusTime":1703387769179,"time":"2023-12-24T05:06:06.515Z"}},{"iob":-0.017,"basaliob":-0.111,"bolussnooze":0,"activity":0,"lastBolusTime":1703387769179,"time":"2023-12-24T05:11:06.515Z","iobWithZeroTemp":{"iob":-0.217,"basaliob":-0.311,"bolussnooze":0,"activity":-0.001,"lastBolusTime":1703387769179,"time":"2023-12-24T05:11:06.515Z"}},{"iob":-0.017,"basaliob":-0.105,"bolussnooze":0,"activity":-1.0E-4,"lastBolusTime":1703387769179,"time":"2023-12-24T05:16:06.515Z","iobWithZeroTemp":{"iob":-0.237,"basaliob":-0.325,"bolussnooze":0,"activity":-0.0013,"lastBolusTime":1703387769179,"time":"2023-12-24T05:16:06.515Z"}},{"iob":-0.017,"basaliob":-0.099,"bolussnooze":0,"activity":-1.0E-4,"lastBolusTime":1703387769179,"time":"2023-12-24T05:21:06.515Z","iobWithZeroTemp":{"iob":-0.257,"basaliob":-0.339,"bolussnooze":0,"activity":-0.0014,"lastBolusTime":1703387769179,"time":"2023-12-24T05:21:06.515Z"}},{"iob":-0.016,"basaliob":-0.093,"bolussnooze":0,"activity":-1.0E-4,"lastBolusTime":1703387769179,"time":"2023-12-24T05:26:06.515Z","iobWithZeroTemp":{"iob":-0.275,"basaliob":-0.352,"bolussnooze":0,"activity":-0.0016,"lastBolusTime":1703387769179,"time":"2023-12-24T05:26:06.515Z"}},{"iob":-0.015,"basaliob":-0.087,"bolussnooze":0,"activity":-1.0E-4,"lastBolusTime":1703387769179,"time":"2023-12-24T05:31:06.515Z","iobWithZeroTemp":{"iob":-0.291,"basaliob":-0.363,"bolussnooze":0,"activity":-0.0018,"lastBolusTime":1703387769179,"time":"2023-12-24T05:31:06.515Z"}},{"iob":-0.015,"basaliob":-0.082,"bolussnooze":0,"activity":-1.0E-4,"lastBolusTime":1703387769179,"time":"2023-12-24T05:36:06.515Z","iobWithZeroTemp":{"iob":-0.308,"basaliob":-0.375,"bolussnooze":0,"activity":-0.0019,"lastBolusTime":1703387769179,"time":"2023-12-24T05:36:06.515Z"}},{"iob":-0.015,"basaliob":-0.077,"bolussnooze":0,"activity":-1.0E-4,"lastBolusTime":1703387769179,"time":"2023-12-24T05:41:06.515Z","iobWithZeroTemp":{"iob":-0.325,"basaliob":-0.387,"bolussnooze":0,"activity":-0.0021,"lastBolusTime":1703387769179,"time":"2023-12-24T05:41:06.515Z"}},{"iob":-0.014,"basaliob":-0.072,"bolussnooze":0,"activity":-2.0E-4,"lastBolusTime":1703387769179,"time":"2023-12-24T05:46:06.515Z","iobWithZeroTemp":{"iob":-0.339,"basaliob":-0.397,"bolussnooze":0,"activity":-0.0024,"lastBolusTime":1703387769179,"time":"2023-12-24T05:46:06.515Z"}},{"iob":-0.013,"basaliob":-0.067,"bolussnooze":0,"activity":-1.0E-4,"lastBolusTime":1703387769179,"time":"2023-12-24T05:51:06.515Z","iobWithZeroTemp":{"iob":-0.352,"basaliob":-0.406,"bolussnooze":0,"activity":-0.0024,"lastBolusTime":1703387769179,"time":"2023-12-24T05:51:06.515Z"}},{"iob":-0.012,"basaliob":-0.062,"bolussnooze":0,"activity":-2.0E-4,"lastBolusTime":1703387769179,"time":"2023-12-24T05:56:06.515Z","iobWithZeroTemp":{"iob":-0.365,"basaliob":-0.415,"bolussnooze":0,"activity":-0.0027,"lastBolusTime":1703387769179,"time":"2023-12-24T05:56:06.515Z"}},{"iob":-0.012,"basaliob":-0.058,"bolussnooze":0,"activity":-1.0E-4,"lastBolusTime":1703387769179,"time":"2023-12-24T06:01:06.515Z","iobWithZeroTemp":{"iob":-0.378,"basaliob":-0.424,"bolussnooze":0,"activity":-0.0027,"lastBolusTime":1703387769179,"time":"2023-12-24T06:01:06.515Z"}},{"iob":-0.011,"basaliob":-0.054,"bolussnooze":0,"activity":-1.0E-4,"lastBolusTime":1703387769179,"time":"2023-12-24T06:06:06.515Z","iobWithZeroTemp":{"iob":-0.389,"basaliob":-0.432,"bolussnooze":0,"activity":-0.0029,"lastBolusTime":1703387769179,"time":"2023-12-24T06:06:06.515Z"}},{"iob":-0.011,"basaliob":-0.051,"bolussnooze":0,"activity":-1.0E-4,"lastBolusTime":1703387769179,"time":"2023-12-24T06:11:06.515Z","iobWithZeroTemp":{"iob":-0.401,"basaliob":-0.441,"bolussnooze":0,"activity":-0.003,"lastBolusTime":1703387769179,"time":"2023-12-24T06:11:06.515Z"}},{"iob":-0.01,"basaliob":-0.047,"bolussnooze":0,"activity":-1.0E-4,"lastBolusTime":1703387769179,"time":"2023-12-24T06:16:06.515Z","iobWithZeroTemp":{"iob":-0.411,"basaliob":-0.448,"bolussnooze":0,"activity":-0.0031,"lastBolusTime":1703387769179,"time":"2023-12-24T06:16:06.515Z"}},{"iob":-0.01,"basaliob":-0.044,"bolussnooze":0,"activity":-1.0E-4,"lastBolusTime":1703387769179,"time":"2023-12-24T06:21:06.515Z","iobWithZeroTemp":{"iob":-0.421,"basaliob":-0.455,"bolussnooze":0,"activity":-0.0033,"lastBolusTime":1703387769179,"time":"2023-12-24T06:21:06.515Z"}},{"iob":-0.01,"basaliob":-0.041,"bolussnooze":0,"activity":-1.0E-4,"lastBolusTime":1703387769179,"time":"2023-12-24T06:26:06.515Z","iobWithZeroTemp":{"iob":-0.431,"basaliob":-0.462,"bolussnooze":0,"activity":-0.0034,"lastBolusTime":1703387769179,"time":"2023-12-24T06:26:06.515Z"}},{"iob":-0.009,"basaliob":-0.038,"bolussnooze":0,"activity":-1.0E-4,"lastBolusTime":1703387769179,"time":"2023-12-24T06:31:06.515Z","iobWithZeroTemp":{"iob":-0.439,"basaliob":-0.468,"bolussnooze":0,"activity":-0.0035,"lastBolusTime":1703387769179,"time":"2023-12-24T06:31:06.515Z"}},{"iob":-0.008,"basaliob":-0.035,"bolussnooze":0,"activity":-1.0E-4,"lastBolusTime":1703387769179,"time":"2023-12-24T06:36:06.515Z","iobWithZeroTemp":{"iob":-0.446,"basaliob":-0.473,"bolussnooze":0,"activity":-0.0036,"lastBolusTime":1703387769179,"time":"2023-12-24T06:36:06.515Z"}},{"iob":-0.007,"basaliob":-0.032,"bolussnooze":0,"activity":-1.0E-4,"lastBolusTime":1703387769179,"time":"2023-12-24T06:41:06.515Z","iobWithZeroTemp":{"iob":-0.453,"basaliob":-0.478,"bolussnooze":0,"activity":-0.0037,"lastBolusTime":1703387769179,"time":"2023-12-24T06:41:06.515Z"}},{"iob":-0.007,"basaliob":-0.03,"bolussnooze":0,"activity":-1.0E-4,"lastBolusTime":1703387769179,"time":"2023-12-24T06:46:06.515Z","iobWithZeroTemp":{"iob":-0.46,"basaliob":-0.483,"bolussnooze":0,"activity":-0.0038,"lastBolusTime":1703387769179,"time":"2023-12-24T06:46:06.515Z"}},{"iob":-0.007,"basaliob":-0.028,"bolussnooze":0,"activity":-1.0E-4,"lastBolusTime":1703387769179,"time":"2023-12-24T06:51:06.515Z","iobWithZeroTemp":{"iob":-0.467,"basaliob":-0.488,"bolussnooze":0,"activity":-0.0039,"lastBolusTime":1703387769179,"time":"2023-12-24T06:51:06.515Z"}},{"iob":-0.007,"basaliob":-0.026,"bolussnooze":0,"activity":-1.0E-4,"lastBolusTime":1703387769179,"time":"2023-12-24T06:56:06.515Z","iobWithZeroTemp":{"iob":-0.474,"basaliob":-0.493,"bolussnooze":0,"activity":-0.004,"lastBolusTime":1703387769179,"time":"2023-12-24T06:56:06.515Z"}},{"iob":-0.006,"basaliob":-0.024,"bolussnooze":0,"activity":-1.0E-4,"lastBolusTime":1703387769179,"time":"2023-12-24T07:01:06.515Z","iobWithZeroTemp":{"iob":-0.479,"basaliob":-0.497,"bolussnooze":0,"activity":-0.0041,"lastBolusTime":1703387769179,"time":"2023-12-24T07:01:06.515Z"}},{"iob":-0.006,"basaliob":-0.022,"bolussnooze":0,"activity":-1.0E-4,"lastBolusTime":1703387769179,"time":"2023-12-24T07:06:06.515Z","iobWithZeroTemp":{"iob":-0.484,"basaliob":-0.5,"bolussnooze":0,"activity":-0.0042,"lastBolusTime":1703387769179,"time":"2023-12-24T07:06:06.515Z"}},{"iob":-0.005,"basaliob":-0.02,"bolussnooze":0,"activity":0,"lastBolusTime":1703387769179,"time":"2023-12-24T07:11:06.515Z","iobWithZeroTemp":{"iob":-0.488,"basaliob":-0.503,"bolussnooze":0,"activity":-0.0042,"lastBolusTime":1703387769179,"time":"2023-12-24T07:11:06.515Z"}},{"iob":-0.005,"basaliob":-0.019,"bolussnooze":0,"activity":-1.0E-4,"lastBolusTime":1703387769179,"time":"2023-12-24T07:16:06.515Z","iobWithZeroTemp":{"iob":-0.493,"basaliob":-0.507,"bolussnooze":0,"activity":-0.0043,"lastBolusTime":1703387769179,"time":"2023-12-24T07:16:06.515Z"}},{"iob":-0.004,"basaliob":-0.017,"bolussnooze":0,"activity":-1.0E-4,"lastBolusTime":1703387769179,"time":"2023-12-24T07:21:06.515Z","iobWithZeroTemp":{"iob":-0.497,"basaliob":-0.51,"bolussnooze":0,"activity":-0.0044,"lastBolusTime":1703387769179,"time":"2023-12-24T07:21:06.515Z"}},{"iob":-0.005,"basaliob":-0.016,"bolussnooze":0,"activity":-1.0E-4,"lastBolusTime":1703387769179,"time":"2023-12-24T07:26:06.515Z","iobWithZeroTemp":{"iob":-0.502,"basaliob":-0.513,"bolussnooze":0,"activity":-0.0045,"lastBolusTime":1703387769179,"time":"2023-12-24T07:26:06.515Z"}},{"iob":-0.005,"basaliob":-0.015,"bolussnooze":0,"activity":0,"lastBolusTime":1703387769179,"time":"2023-12-24T07:31:06.515Z","iobWithZeroTemp":{"iob":-0.506,"basaliob":-0.516,"bolussnooze":0,"activity":-0.0044,"lastBolusTime":1703387769179,"time":"2023-12-24T07:31:06.515Z"}},{"iob":-0.003,"basaliob":-0.013,"bolussnooze":0,"activity":0,"lastBolusTime":1703387769179,"time":"2023-12-24T07:36:06.515Z","iobWithZeroTemp":{"iob":-0.507,"basaliob":-0.517,"bolussnooze":0,"activity":-0.0045,"lastBolusTime":1703387769179,"time":"2023-12-24T07:36:06.515Z"}},{"iob":-0.003,"basaliob":-0.012,"bolussnooze":0,"activity":0,"lastBolusTime":1703387769179,"time":"2023-12-24T07:41:06.515Z","iobWithZeroTemp":{"iob":-0.51,"basaliob":-0.519,"bolussnooze":0,"activity":-0.0045,"lastBolusTime":1703387769179,"time":"2023-12-24T07:41:06.515Z"}},{"iob":-0.003,"basaliob":-0.011,"bolussnooze":0,"activity":-1.0E-4,"lastBolusTime":1703387769179,"time":"2023-12-24T07:46:06.515Z","iobWithZeroTemp":{"iob":-0.514,"basaliob":-0.522,"bolussnooze":0,"activity":-0.0047,"lastBolusTime":1703387769179,"time":"2023-12-24T07:46:06.515Z"}},{"iob":-0.003,"basaliob":-0.01,"bolussnooze":0,"activity":-1.0E-4,"lastBolusTime":1703387769179,"time":"2023-12-24T07:51:06.515Z","iobWithZeroTemp":{"iob":-0.516,"basaliob":-0.523,"bolussnooze":0,"activity":-0.0047,"lastBolusTime":1703387769179,"time":"2023-12-24T07:51:06.515Z"}},{"iob":-0.003,"basaliob":-0.01,"bolussnooze":0,"activity":-1.0E-4,"lastBolusTime":1703387769179,"time":"2023-12-24T07:56:06.515Z","iobWithZeroTemp":{"iob":-0.519,"basaliob":-0.526,"bolussnooze":0,"activity":-0.0047,"lastBolusTime":1703387769179,"time":"2023-12-24T07:56:06.515Z"}},{"iob":-0.003,"basaliob":-0.009,"bolussnooze":0,"activity":-1.0E-4,"lastBolusTime":1703387769179,"time":"2023-12-24T08:01:06.515Z","iobWithZeroTemp":{"iob":-0.521,"basaliob":-0.527,"bolussnooze":0,"activity":-0.0048,"lastBolusTime":1703387769179,"time":"2023-12-24T08:01:06.515Z"}},{"iob":-0.002,"basaliob":-0.008,"bolussnooze":0,"activity":0,"lastBolusTime":1703387769179,"time":"2023-12-24T08:06:06.515Z","iobWithZeroTemp":{"iob":-0.523,"basaliob":-0.529,"bolussnooze":0,"activity":-0.0047,"lastBolusTime":1703387769179,"time":"2023-12-24T08:06:06.515Z"}},{"iob":-0.002,"basaliob":-0.007,"bolussnooze":0,"activity":0,"lastBolusTime":1703387769179,"time":"2023-12-24T08:11:06.515Z","iobWithZeroTemp":{"iob":-0.525,"basaliob":-0.53,"bolussnooze":0,"activity":-0.0048,"lastBolusTime":1703387769179,"time":"2023-12-24T08:11:06.515Z"}},{"iob":-0.002,"basaliob":-0.007,"bolussnooze":0,"activity":0,"lastBolusTime":1703387769179,"time":"2023-12-24T08:16:06.515Z","iobWithZeroTemp":{"iob":-0.527,"basaliob":-0.532,"bolussnooze":0,"activity":-0.0048,"lastBolusTime":1703387769179,"time":"2023-12-24T08:16:06.515Z"}}],"profile":{"max_iob":4,"type":"current","max_daily_basal":0.5,"max_basal":1,"min_bg":91.79999999999998,"max_bg":91.79999999999998,"target_bg":91.79999999999998,"carb_ratio":25,"sens":142.20000000000002,"max_daily_safety_multiplier":3,"current_basal_safety_multiplier":4,"high_temptarget_raises_sensitivity":false,"low_temptarget_lowers_sensitivity":false,"sensitivity_raises_target":true,"resistance_lowers_target":true,"adv_target_adjustments":false,"exercise_mode":false,"half_basal_exercise_target":160,"maxCOB":120,"skip_neutral_temps":false,"remainingCarbsCap":90,"enableUAM":true,"A52_risk_enable":false,"SMBInterval":3,"enableSMB_with_COB":true,"enableSMB_with_temptarget":true,"allowSMB_with_high_temptarget":false,"enableSMB_always":false,"enableSMB_after_carbs":false,"maxSMBBasalMinutes":75,"maxUAMSMBBasalMinutes":75,"bolus_increment":0.05,"carbsReqThreshold":10,"current_basal":0.25,"temptargetSet":true,"autosens_max":1.2,"out_units":"mmol\/L"},"autosens_data":{"ratio":1.03},"meal_data":{"carbs":0,"mealCOB":0,"slopeFromMaxDeviation":-0.7231428571428571,"slopeFromMinDeviation":0.6676,"lastBolusTime":1703387769179,"lastCarbTime":0},"microBolusAllowed":true,"currentTime":1703391667860,"flatBGsDetected":false},"output":{"temp":"absolute","bg":78,"tick":-2,"eventualBG":78,"targetBG":91.79999999999998,"insulinReq":0,"deliverAt":"2023-12-24T04:21:07.860Z","sensitivityRatio":1.03,"predBGs":{"IOB":[78,76,75,73,72,71,70,69,69,68,68,68,68,68,68,68,68,68,69,69,69,69,69,69,69,69,69,69,69,69,69,70],"ZT":[78,78,77,77,77,77,77,78,78,78,79,80,81,82,83,84,85,87,88,90]},"COB":0,"IOB":-0.009,"reason":"COB: 0, Dev: -0.1, BGI: 0.0, ISF: 7.7, CR: 25, Target: 5.1, minPredBG 3.9, minGuardBG 3.8, IOBpredBG 3.9; Eventual BG 4.3 < 5.1, setting 30m zero temp. ","duration":30,"rate":0,"timestamp":"2023-12-24T04:21:07.898Z"}}