{"algorithm":"OpenAPSSMBPlugin","input":{"glucoseStatus":{"glucose":162,"noise":0,"delta":7.33,"short_avgdelta":7.19,"long_avgdelta":6.31,"date":1703494215490},"currenttemp":{"temp":"absolute","duration":15,"rate":1.2,"minutesrunning":15},"iob_data":[{"iob":0.421,"basaliob":0.421,"bolussnooze":0,"activity":0.0019,"lastBolusTime":0,"time":"2023-12-25T08:51:08.501Z","iobWithZeroTemp":{"iob":0.421,"basaliob":0.421,"bolussnooze":0,"activity":0.0019,"lastBolusTime":0,"time":"2023-12-25T08:51:08.501Z"}},{"iob":0.41,"basaliob":0.41,"bolussnooze":0,"activity":0.0023,"lastBolusTime":0,"time":"2023-12-25T08:56:08.501Z","iobWithZeroTemp":{"iob":0.39,"basaliob":0.39,"bolussnooze":0,"activity":0.0023,"lastBolusTime":0,"time":"2023-12-25T08:56:08.501Z"}},{"iob":0.398,"basaliob":0.398,"bolussnooze":0,"activity":0.0025,"lastBolusTime":0,"time":"2023-12-25T09:01:08.501Z","iobWithZeroTemp":{"iob":0.353,"basaliob":0.353,"bolussnooze":0,"activity":0.0024,"lastBolusTime":0,"time":"2023-12-25T09:01:08.501Z"}},{"iob":0.385,"basaliob":0.385,"bolussnooze":0,"activity":0.0027,"lastBolusTime":0,"time":"2023-12-25T09:06:08.501Z","iobWithZeroTemp":{"iob":0.316,"basaliob":0.316,"bolussnooze":0,"activity":0.0026,"lastBolusTime":0,"time":"2023-12-25T09:06:08.501Z"}},{"iob":0.371,"basaliob":0.371,"bolussnooze":0,"activity":0.0028,"lastBolusTime":0,"time":"2023-12-25T09:11:08.501Z","iobWithZeroTemp":{"iob":0.278,"basaliob":0.278,"bolussnooze":0,"activity":0.0026,"lastBolusTime":0,"time":"2023-12-25T09:11:08.501Z"}},{"iob":0.357,"basaliob":0.357,"bolussnooze":0,"activity":0.0029,"lastBolusTime":0,"time":"2023-12-25T09:16:08.501Z","iobWithZeroTemp":{"iob":0.24,"basaliob":0.24,"bolussnooze":0,"activity":0.0025,"lastBolusTime":0,"time":"2023-12-25T09:16:08.501Z"}},{"iob":0.342,"basaliob":0.342,"bolussnooze":0,"activity":0.003,"lastBolusTime":0,"time":"2023-12-25T09:21:08.501Z","iobWithZeroTemp":{"iob":0.202,"basaliob":0.202,"bolussnooze":0,"activity":0.0025,"lastBolusTime":0,"time":"2023-12-25T09:21:08.501Z"}},{"iob":0.327,"basaliob":0.327,"bolussnooze":0,"activity":0.003,"lastBolusTime":0,"time":"2023-12-25T09:26:08.501Z","iobWithZeroTemp":{"iob":0.165,"basaliob":0.165,"bolussnooze":0,"activity":0.0023,"lastBolusTime":0,"time":"2023-12-25T09:26:08.501Z"}},{"iob":0.312,"basaliob":0.312,"bolussnooze":0,"activity":0.003,"lastBolusTime":0,"time":"2023-12-25T09:31:08.501Z","iobWithZeroTemp":{"iob":0.129,"basaliob":0.129,"bolussnooze":0,"activity":0.0022,"lastBolusTime":0,"time":"2023-12-25T09:31:08.501Z"}},{"iob":0.297,"basaliob":0.297,"bolussnooze":0,"activity":0.003,"lastBolusTime":0,"time":"2023-12-25T09:36:08.501Z","iobWithZeroTemp":{"iob":0.093,"basaliob":0.093,"bolussnooze":0,"activity":0.002,"lastBolusTime":0,"time":"2023-12-25T09:36:08.501Z"}},{"iob":0.282,"basaliob":0.282,"bolussnooze":0,"activity":0.003,"lastBolusTime":0,"time":"2023-12-25T09:41:08.501Z","iobWithZeroTemp":{"iob":0.059,"basaliob":0.059,"bolussnooze":0,"activity":0.0018,"lastBolusTime":0,"time":"2023-12-25T09:41:08.501Z"}},{"iob":0.267,"basaliob":0.267,"bolussnooze":0,"activity":0.0029,"lastBolusTime":0,"time":"2023-12-25T09:46:08.501Z","iobWithZeroTemp":{"iob":0.025,"basaliob":0.025,"bolussnooze":0,"activity":0.0016,"lastBolusTime":0,"time":"2023-12-25T09:46:08.501Z"}},{"iob":0.253,"basaliob":0.253,"bolussnooze":0,"activity":0.0028,"lastBolusTime":0,"time":"2023-12-25T09:51:08.501Z","iobWithZeroTemp":{"iob":-0.007,"basaliob":-0.007,"bolussnooze":0,"activity":0.0013,"lastBolusTime":0,"time":"2023-12-25T09:51:08.501Z"}},{"iob":0.239,"basaliob":0.239,"bolussnooze":0,"activity":0.0027,"lastBolusTime":0,"time":"2023-12-25T09:56:08.501Z","iobWithZeroTemp":{"iob":-0.038,"basaliob":-0.038,"bolussnooze":0,"activity":0.001,"lastBolusTime":0,"time":"2023-12-25T09:56:08.501Z"}},{"iob":0.226,"basaliob":0.226,"bolussnooze":0,"activity":0.0026,"lastBolusTime":0,"time":"2023-12-25T10:01:08.501Z","iobWithZeroTemp":{"iob":-0.068,"basaliob":-0.068,"bolussnooze":0,"activity":8.0E-4,"lastBolusTime":0,"time":"2023-12-25T10:01:08.501Z"}},{"iob":0.213,"basaliob":0.213,"bolussnooze":0,"activity":0.0026,"lastBolusTime":0,"time":"2023-12-25T10:06:08.501Z","iobWithZeroTemp":{"iob":-0.096,"basaliob":-0.096,"bolussnooze":0,"activity":6.0E-4,"lastBolusTime":0,"time":"2023-12-25T10:06:08.501Z"}},{"iob":0.2,"basaliob":0.2,"bolussnooze":0,"activity":0.0025,"lastBolusTime":0,"time":"2023-12-25T10:11:08.501Z","iobWithZeroTemp":{"iob":-0.124,"basaliob":-0.124,"bolussnooze":0,"activity":3.0E-4,"lastBolusTime":0,"time":"2023-12-25T10:11:08.501Z"}},{"iob":0.188,"basaliob":0.188,"bolussnooze":0,"activity":0.0024,"lastBolusTime":0,"time":"2023-12-25T10:16:08.501Z","iobWithZeroTemp":{"iob":-0.149,"basaliob":-0.149,"bolussnooze":0,"activity":1.0E-4,"lastBolusTime":0,"time":"2023-12-25T10:16:08.501Z"}},{"iob":0.177,"basaliob":0.177,"bolussnooze":0,"activity":0.0023,"lastBolusTime":0,"time":"2023-12-25T10:21:08.501Z","iobWithZeroTemp":{"iob":-0.173,"basaliob":-0.173,"bolussnooze":0,"activity":-2.0E-4,"lastBolusTime":0,"time":"2023-12-25T10:21:08.501Z"}},{"iob":0.166,"basaliob":0.166,"bolussnooze":0,"activity":0.0021,"lastBolusTime":0,"time":"2023-12-25T10:26:08.501Z","iobWithZeroTemp":{"iob":-0.197,"basaliob":-0.197,"bolussnooze":0,"activity":-5.0E-4,"lastBolusTime":0,"time":"2023-12-25T10:26:08.501Z"}},{"iob":0.155,"basaliob":0.155,"bolussnooze":0,"activity":0.002,"lastBolusTime":0,"time":"2023-12-25T10:31:08.501Z","iobWithZeroTemp":{"iob":-0.219,"basaliob":-0.219,"bolussnooze":0,"activity":-8.0E-4,"lastBolusTime":0,"time":"2023-12-25T10:31:08.501Z"}},{"iob":0.145,"basaliob":0.145,"bolussnooze":0,"activity":0.0019,"lastBolusTime":0,"time":"2023-12-25T10:36:08.501Z","iobWithZeroTemp":{"iob":-0.24,"basaliob":-0.24,"bolussnooze":0,"activity":-0.001,"lastBolusTime":0,"time":"2023-12-25T10:36:08.501Z"}},{"iob":0.136,"basaliob":0.136,"bolussnooze":0,"activity":0.0018,"lastBolusTime":0,"time":"2023-12-25T10:41:08.501Z","iobWithZeroTemp":{"iob":-0.259,"basaliob":-0.259,"bolussnooze":0,"activity":-0.0012,"lastBolusTime":0,"time":"2023-12-25T10:41:08.501Z"}},{"iob":0.127,"basaliob":0.127,"bolussnooze":0,"activity":0.0017,"lastBolusTime":0,"time":"2023-12-25T10:46:08.501Z","iobWithZeroTemp":{"iob":-0.278,"basaliob":-0.278,"bolussnooze":0,"activity":-0.0014,"lastBolusTime":0,"time":"2023-12-25T10:46:08.501Z"}},{"iob":0.118,"basaliob":0.118,"bolussnooze":0,"activity":0.0016,"lastBolusTime":0,"time":"2023-12-25T10:51:08.501Z","iobWithZeroTemp":{"iob":-0.296,"basaliob":-0.296,"bolussnooze":0,"activity":-0.0017,"lastBolusTime":0,"time":"2023-12-25T10:51:08.501Z"}},{"iob":0.11,"basaliob":0.11,"bolussnooze":0,"activity":0.0016,"lastBolusTime":0,"time":"2023-12-25T10:56:08.501Z","iobWithZeroTemp":{"iob":-0.312,"basaliob":-0.312,"bolussnooze":0,"activity":-0.0018,"lastBolusTime":0,"time":"2023-12-25T10:56:08.501Z"}},{"iob":0.103,"basaliob":0.103,"bolussnooze":0,"activity":0.0015,"lastBolusTime":0,"time":"2023-12-25T11:01:08.501Z","iobWithZeroTemp":{"iob":-0.327,"basaliob":-0.327,"bolussnooze":0,"activity":-0.002,"lastBolusTime":0,"time":"2023-12-25T11:01:08.501Z"}},{"iob":0.096,"basaliob":0.096,"bolussnooze":0,"activity":0.0014,"lastBolusTime":0,"time":"2023-12-25T11:06:08.501Z","iobWithZeroTemp":{"iob":-0.342,"basaliob":-0.342,"bolussnooze":0,"activity":-0.0022,"lastBolusTime":0,"time":"2023-12-25T11:06:08.501Z"}},{"iob":0.089,"basaliob":0.089,"bolussnooze":0,"activity":0.0013,"lastBolusTime":0,"time":"2023-12-25T11:11:08.501Z","iobWithZeroTemp":{"iob":-0.356,"basaliob":-0.356,"bolussnooze":0,"activity":-0.0024,"lastBolusTime":0,"time":"2023-12-25T11:11:08.501Z"}},{"iob":0.083,"basaliob":0.083,"bolussnooze":0,"activity":0.0012,"lastBolusTime":0,"time":"2023-12-25T11:16:08.501Z","iobWithZeroTemp":{"iob":-0.368,"basaliob":-0.368,"bolussnooze":0,"activity":-0.0026,"lastBolusTime":0,"time":"2023-12-25T11:16:08.501Z"}},{"iob":0.077,"basaliob":0.077,"bolussnooze":0,"activity":0.0011,"lastBolusTime":0,"time":"2023-12-25T11:21:08.501Z","iobWithZeroTemp":{"iob":-0.38,"basaliob":-0.38,"bolussnooze":0,"activity":-0.0028,"lastBolusTime":0,"time":"2023-12-25T11:21:08.501Z"}},{"iob":0.071,"basaliob":0.071,"bolussnooze":0,"activity":0.0011,"lastBolusTime":0,"time":"2023-12-25T11:26:08.501Z","iobWithZeroTemp":{"iob":-0.392,"basaliob":-0.392,"bolussnooze":0,"activity":-0.0028,"lastBolusTime":0,"time":"2023-12-25T11:26:08.501Z"}},{"iob":0.066,"basaliob":0.066,"bolussnooze":0,"activity":0.001,"lastBolusTime":0,"time":"2023-12-25T11:31:08.501Z","iobWithZeroTemp":{"iob":-0.402,"basaliob":-0.402,"bolussnooze":0,"activity":-0.003,"lastBolusTime":0,"time":"2023-12-25T11:31:08.501Z"}},{"iob":0.061,"basaliob":0.061,"bolussnooze":0,"activity":9.0E-4,"lastBolusTime":0,"time":"2023-12-25T11:36:08.501Z","iobWithZeroTemp":{"iob":-0.412,"basaliob":-0.412,"bolussnooze":0,"activity":-0.0032,"lastBolusTime":0,"time":"2023-12-25T11:36:08.501Z"}},{"iob":0.057,"basaliob":0.057,"bolussnooze":0,"activity":9.0E-4,"lastBolusTime":0,"time":"2023-12-25T11:41:08.501Z","iobWithZeroTemp":{"iob":-0.42,"basaliob":-0.42,"bolussnooze":0,"activity":-0.0032,"lastBolusTime":0,"time":"2023-12-25T11:41:08.501Z"}},{"iob":0.052,"basaliob":0.052,"bolussnooze":0,"activity":8.0E-4,"lastBolusTime":0,"time":"2023-12-25T11:46:08.501Z","iobWithZeroTemp":{"iob":-0.429,"basaliob":-0.429,"bolussnooze":0,"activity":-0.0034,"lastBolusTime":0,"time":"2023-12-25T11:46:08.501Z"}},{"iob":0.048,"basaliob":0.048,"bolussnooze":0,"activity":8.0E-4,"lastBolusTime":0,"time":"2023-12-25T11:51:08.501Z","iobWithZeroTemp":{"iob":-0.437,"basaliob":-0.437,"bolussnooze":0,"activity":-0.0035,"lastBolusTime":0,"time":"2023-12-25T11:51:08.501Z"}},{"iob":0.045,"basaliob":0.045,"bolussnooze":0,"activity":7.0E-4,"lastBolusTime":0,"time":"2023-12-25T11:56:08.501Z","iobWithZeroTemp":{"iob":-0.444,"basaliob":-0.444,"bolussnooze":0,"activity":-0.0036,"lastBolusTime":0,"time":"2023-12-25T11:56:08.501Z"}},{"iob":0.041,"basaliob":0.041,"bolussnooze":0,"activity":7.0E-4,"lastBolusTime":0,"time":"2023-12-25T12:01:08.501Z","iobWithZeroTemp":{"iob":-0.451,"basaliob":-0.451,"bolussnooze":0,"activity":-0.0037,"lastBolusTime":0,"time":"2023-12-25T12:01:08.501Z"}},{"iob":0.038,"basaliob":0.038,"bolussnooze":0,"activity":6.0E-4,"lastBolusTime":0,"time":"2023-12-25T12:06:08.501Z","iobWithZeroTemp":{"iob":-0.457,"basaliob":-0.457,"bolussnooze":0,"activity":-0.0038,"lastBolusTime":0,"time":"2023-12-25T12:06:08.501Z"}},{"iob":0.035,"basaliob":0.035,"bolussnooze":0,"activity":6.0E-4,"lastBolusTime":0,"time":"2023-12-25T12:11:08.501Z","iobWithZeroTemp":{"iob":-0.463,"basaliob":-0.463,"bolussnooze":0,"activity":-0.0039,"lastBolusTime":0,"time":"2023-12-25T12:11:08.501Z"}},{"iob":0.032,"basaliob":0.032,"bolussnooze":0,"activity":5.0E-4,"lastBolusTime":0,"time":"2023-12-25T12:16:08.501Z","iobWithZeroTemp":{"iob":-0.468,"basaliob":-0.468,"bolussnooze":0,"activity":-0.004,"lastBolusTime":0,"time":"2023-12-25T12:16:08.501Z"}},{"iob":0.03,"basaliob":0.03,"bolussnooze":0,"activity":5.0E-4,"lastBolusTime":0,"time":"2023-12-25T12:21:08.501Z","iobWithZeroTemp":{"iob":-0.473,"basaliob":-0.473,"bolussnooze":0,"activity":-0.004,"lastBolusTime":0,"time":"2023-12-25T12:21:08.501Z"}},{"iob":0.027,"basaliob":0.027,"bolussnooze":0,"activity":5.0E-4,"lastBolusTime":0,"time":"2023-12-25T12:26:08.501Z","iobWithZeroTemp":{"iob":-0.478,"basaliob":-0.478,"bolussnooze":0,"activity":-0.0041,"lastBolusTime":0,"time":"2023-12-25T12:26:08.501Z"}},{"iob":0.025,"basaliob":0.025,"bolussnooze":0,"activity":4.0E-4,"lastBolusTime":0,"time":"2023-12-25T12:31:08.501Z","iobWithZeroTemp":{"iob":-0.482,"basaliob":-0.482,"bolussnooze":0,"activity":-0.0042,"lastBolusTime":0,"time":"2023-12-25T12:31:08.501Z"}},{"iob":0.023,"basaliob":0.023,"bolussnooze":0,"activity":4.0E-4,"lastBolusTime":0,"time":"2023-12-25T12:36:08.501Z","iobWithZeroTemp":{"iob":-0.486,"basaliob":-0.486,"bolussnooze":0,"activity":-0.0042,"lastBolusTime":0,"time":"2023-12-25T12:36:08.501Z"}},{"iob":0.021,"basaliob":0.021,"bolussnooze":0,"activity":4.0E-4,"lastBolusTime":0,"time":"2023-12-25T12:41:08.501Z","iobWithZeroTemp":{"iob":-0.49,"basaliob":-0.49,"bolussnooze":0,"activity":-0.0043,"lastBolusTime":0,"time":"2023-12-25T12:41:08.501Z"}},{"iob":0.019,"basaliob":0.019,"bolussnooze":0,"activity":3.0E-4,"lastBolusTime":0,"time":"2023-12-25T12:46:08.501Z","iobWithZeroTemp":{"iob":-0.493,"basaliob":-0.493,"bolussnooze":0,"activity":-0.0044,"lastBolusTime":0,"time":"2023-12-25T12:46:08.501Z"}}],"profile":{"max_iob":4,"type":"current","max_daily_basal":0.5,"max_basal":1.2,"min_bg":100.8,"max_bg":100.8,"target_bg":100.8,"carb_ratio":30,"sens":126,"max_daily_safety_multiplier":3,"current_basal_safety_multiplier":4,"high_temptarget_raises_sensitivity":false,"low_temptarget_lowers_sensitivity":false,"sensitivity_raises_target":true,"resistance_lowers_target":true,"adv_target_adjustments":false,"exercise_mode":false,"half_basal_exercise_target":160,"maxCOB":120,"skip_neutral_temps":false,"remainingCarbsCap":90,"enableUAM":true,"A52_risk_enable":false,"SMBInterval":3,"enableSMB_with_COB":true,"enableSMB_with_temptarget":true,"allowSMB_with_high_temptarget":false,"enableSMB_always":false,"enableSMB_after_carbs":false,"maxSMBBasalMinutes":75,"maxUAMSMBBasalMinutes":75,"bolus_increment":0.05,"carbsReqThreshold":10,"current_basal":0.3,"temptargetSet":false,"autosens_max":1.2,"out_units":"mmol\/L"},"autosens_data":{"ratio":1},"meal_data":{"carbs":0,"mealCOB":0,"slopeFromMaxDeviation":-0.8109999999999999,"slopeFromMinDeviation":1.4178000000000002,"lastBolusTime":1703430368291,"lastCarbTime":0},"microBolusAllowed":true,"currentTime":1703494269819,"flatBGsDetected":false},"output":{"temp":"absolute","bg":162,"tick":"+7","eventualBG":159,"targetBG":100.8,"insulinReq":0.42,"deliverAt":"2023-12-25T08:51:09.819Z","sensitivityRatio":1,"predBGs":{"IOB":[162,169,174,179,183,186,188,190,191,191,190,189,187,186,184,182,181,179,178,176,175,174,172,171,170,169,168,167,166,166,165,164,163,163,162,162,161,161,160,160,159,159,159,158,158,158,158,157],"ZT":[162,161,159,158,156,155,153,151,150,149,147,146,145,144,144,143,143,143,143,143,143,144,144],"UAM":[162,168,174,178,182,184,186,187,187,186,184,182,181,179,177,176,174,172,171,169,168,167,166,164,163,162,161,160,160,159,158,157,157,156,155,155,154,154,153,153,153,152,152,152,151]},"COB":0,"IOB":0.421,"reason":"COB: 0, Dev: 2.8, BGI: -0.1, ISF: 7.0, CR: 30, Target: 5.6, minPredBG 8.6, minGuardBG 8.3, IOBpredBG 8.7, UAMpredBG 8.4; Eventual BG 8.8 >= 5.6, temp 1.20 >~ req 1.14U\/hr. ","timestamp":"2023-12-25T08:51:09.853Z"}}