{"algorithm":"OpenAPSSMBPlugin","input":{"glucoseStatus":{"glucose":199,"noise":0,"delta":14.33,"short_avgdelta":13.78,"long_avgdelta":15.1,"date":1703429715475},"currenttemp":{"temp":"absolute","duration":15,"rate":1.2,"minutesrunning":15},"iob_data":[{"iob":1.066,"basaliob":0.052,"bolussnooze":0,"activity":0.0064,"lastBolusTime":1703429167518,"time":"2023-12-24T14:56:05.866Z","iobWithZeroTemp":{"iob":1.066,"basaliob":0.052,"bolussnooze":0,"activity":0.0064,"lastBolusTime":1703429167518,"time":"2023-12-24T14:56:05.866Z"}},{"iob":1.032,"basaliob":0.059,"bolussnooze":0,"activity":0.007,"lastBolusTime":1703429167518,"time":"2023-12-24T15:01:05.866Z","iobWithZeroTemp":{"iob":1.012,"basaliob":0.039,"bolussnooze":0,"activity":0.007,"lastBolusTime":1703429167518,"time":"2023-12-24T15:01:05.866Z"}},{"iob":0.997,"basaliob":0.065,"bolussnooze":0,"activity":0.0074,"lastBolusTime":1703429167518,"time":"2023-12-24T15:06:05.866Z","iobWithZeroTemp":{"iob":0.952,"basaliob":0.02,"bolussnooze":0,"activity":0.0073,"lastBolusTime":1703429167518,"time":"2023-12-24T15:06:05.866Z"}},{"iob":0.959,"basaliob":0.069,"bolussnooze":0,"activity":0.0077,"lastBolusTime":1703429167518,"time":"2023-12-24T15:11:05.866Z","iobWithZeroTemp":{"iob":0.89,"basaliob":0,"bolussnooze":0,"activity":0.0076,"lastBolusTime":1703429167518,"time":"2023-12-24T15:11:05.866Z"}},{"iob":0.919,"basaliob":0.071,"bolussnooze":0,"activity":0.0079,"lastBolusTime":1703429167518,"time":"2023-12-24T15:16:05.866Z","iobWithZeroTemp":{"iob":0.826,"basaliob":-0.022,"bolussnooze":0,"activity":0.0077,"lastBolusTime":1703429167518,"time":"2023-12-24T15:16:05.866Z"}},{"iob":0.879,"basaliob":0.073,"bolussnooze":0,"activity":0.008,"lastBolusTime":1703429167518,"time":"2023-12-24T15:21:05.866Z","iobWithZeroTemp":{"iob":0.762,"basaliob":-0.044,"bolussnooze":0,"activity":0.0076,"lastBolusTime":1703429167518,"time":"2023-12-24T15:21:05.866Z"}},{"iob":0.839,"basaliob":0.074,"bolussnooze":0,"activity":0.008,"lastBolusTime":1703429167518,"time":"2023-12-24T15:26:05.866Z","iobWithZeroTemp":{"iob":0.699,"basaliob":-0.066,"bolussnooze":0,"activity":0.0075,"lastBolusTime":1703429167518,"time":"2023-12-24T15:26:05.866Z"}},{"iob":0.8,"basaliob":0.075,"bolussnooze":0,"activity":0.008,"lastBolusTime":1703429167518,"time":"2023-12-24T15:31:05.866Z","iobWithZeroTemp":{"iob":0.638,"basaliob":-0.087,"bolussnooze":0,"activity":0.0073,"lastBolusTime":1703429167518,"time":"2023-12-24T15:31:05.866Z"}},{"iob":0.76,"basaliob":0.074,"bolussnooze":0,"activity":0.0078,"lastBolusTime":1703429167518,"time":"2023-12-24T15:36:05.866Z","iobWithZeroTemp":{"iob":0.577,"basaliob":-0.109,"bolussnooze":0,"activity":0.007,"lastBolusTime":1703429167518,"time":"2023-12-24T15:36:05.866Z"}},{"iob":0.721,"basaliob":0.073,"bolussnooze":0,"activity":0.0077,"lastBolusTime":1703429167518,"time":"2023-12-24T15:41:05.866Z","iobWithZeroTemp":{"iob":0.517,"basaliob":-0.131,"bolussnooze":0,"activity":0.0067,"lastBolusTime":1703429167518,"time":"2023-12-24T15:41:05.866Z"}},{"iob":0.683,"basaliob":0.072,"bolussnooze":0,"activity":0.0076,"lastBolusTime":1703429167518,"time":"2023-12-24T15:46:05.866Z","iobWithZeroTemp":{"iob":0.46,"basaliob":-0.151,"bolussnooze":0,"activity":0.0064,"lastBolusTime":1703429167518,"time":"2023-12-24T15:46:05.866Z"}},{"iob":0.645,"basaliob":0.07,"bolussnooze":0,"activity":0.0074,"lastBolusTime":1703429167518,"time":"2023-12-24T15:51:05.866Z","iobWithZeroTemp":{"iob":0.403,"basaliob":-0.172,"bolussnooze":0,"activity":0.0061,"lastBolusTime":1703429167518,"time":"2023-12-24T15:51:05.866Z"}},{"iob":0.61,"basaliob":0.069,"bolussnooze":0,"activity":0.0071,"lastBolusTime":1703429167518,"time":"2023-12-24T15:56:05.866Z","iobWithZeroTemp":{"iob":0.35,"basaliob":-0.191,"bolussnooze":0,"activity":0.0056,"lastBolusTime":1703429167518,"time":"2023-12-24T15:56:05.866Z"}},{"iob":0.574,"basaliob":0.066,"bolussnooze":0,"activity":0.0068,"lastBolusTime":1703429167518,"time":"2023-12-24T16:01:05.866Z","iobWithZeroTemp":{"iob":0.297,"basaliob":-0.211,"bolussnooze":0,"activity":0.0051,"lastBolusTime":1703429167518,"time":"2023-12-24T16:01:05.866Z"}},{"iob":0.541,"basaliob":0.064,"bolussnooze":0,"activity":0.0066,"lastBolusTime":1703429167518,"time":"2023-12-24T16:06:05.866Z","iobWithZeroTemp":{"iob":0.239,"basaliob":-0.238,"bolussnooze":0,"activity":0.0048,"lastBolusTime":1703429167518,"time":"2023-12-24T16:06:05.866Z"}},{"iob":0.509,"basaliob":0.062,"bolussnooze":0,"activity":0.0063,"lastBolusTime":1703429167518,"time":"2023-12-24T16:11:05.866Z","iobWithZeroTemp":{"iob":0.184,"basaliob":-0.263,"bolussnooze":0,"activity":0.0043,"lastBolusTime":1703429167518,"time":"2023-12-24T16:11:05.866Z"}},{"iob":0.477,"basaliob":0.059,"bolussnooze":0,"activity":0.0061,"lastBolusTime":1703429167518,"time":"2023-12-24T16:16:05.866Z","iobWithZeroTemp":{"iob":0.129,"basaliob":-0.289,"bolussnooze":0,"activity":0.0039,"lastBolusTime":1703429167518,"time":"2023-12-24T16:16:05.866Z"}},{"iob":0.448,"basaliob":0.057,"bolussnooze":0,"activity":0.0058,"lastBolusTime":1703429167518,"time":"2023-12-24T16:21:05.866Z","iobWithZeroTemp":{"iob":0.078,"basaliob":-0.313,"bolussnooze":0,"activity":0.0034,"lastBolusTime":1703429167518,"time":"2023-12-24T16:21:05.866Z"}},{"iob":0.419,"basaliob":0.054,"bolussnooze":0,"activity":0.0055,"lastBolusTime":1703429167518,"time":"2023-12-24T16:26:05.866Z","iobWithZeroTemp":{"iob":0.028,"basaliob":-0.337,"bolussnooze":0,"activity":0.0029,"lastBolusTime":1703429167518,"time":"2023-12-24T16:26:05.866Z"}},{"iob":0.393,"basaliob":0.052,"bolussnooze":0,"activity":0.0052,"lastBolusTime":1703429167518,"time":"2023-12-24T16:31:05.866Z","iobWithZeroTemp":{"iob":-0.017,"basaliob":-0.358,"bolussnooze":0,"activity":0.0024,"lastBolusTime":1703429167518,"time":"2023-12-24T16:31:05.866Z"}},{"iob":0.367,"basaliob":0.049,"bolussnooze":0,"activity":0.005,"lastBolusTime":1703429167518,"time":"2023-12-24T16:36:05.866Z","iobWithZeroTemp":{"iob":-0.062,"basaliob":-0.38,"bolussnooze":0,"activity":0.002,"lastBolusTime":1703429167518,"time":"2023-12-24T16:36:05.866Z"}},{"iob":0.343,"basaliob":0.047,"bolussnooze":0,"activity":0.0047,"lastBolusTime":1703429167518,"time":"2023-12-24T16:41:05.866Z","iobWithZeroTemp":{"iob":-0.104,"basaliob":-0.4,"bolussnooze":0,"activity":0.0015,"lastBolusTime":1703429167518,"time":"2023-12-24T16:41:05.866Z"}},{"iob":0.32,"basaliob":0.044,"bolussnooze":0,"activity":0.0045,"lastBolusTime":1703429167518,"time":"2023-12-24T16:46:05.866Z","iobWithZeroTemp":{"iob":-0.144,"basaliob":-0.42,"bolussnooze":0,"activity":0.0011,"lastBolusTime":1703429167518,"time":"2023-12-24T16:46:05.866Z"}},{"iob":0.298,"basaliob":0.042,"bolussnooze":0,"activity":0.0042,"lastBolusTime":1703429167518,"time":"2023-12-24T16:51:05.866Z","iobWithZeroTemp":{"iob":-0.182,"basaliob":-0.438,"bolussnooze":0,"activity":7.0E-4,"lastBolusTime":1703429167518,"time":"2023-12-24T16:51:05.866Z"}},{"iob":0.278,"basaliob":0.04,"bolussnooze":0,"activity":0.004,"lastBolusTime":1703429167518,"time":"2023-12-24T16:56:05.866Z","iobWithZeroTemp":{"iob":-0.217,"basaliob":-0.455,"bolussnooze":0,"activity":3.0E-4,"lastBolusTime":1703429167518,"time":"2023-12-24T16:56:05.866Z"}},{"iob":0.259,"basaliob":0.038,"bolussnooze":0,"activity":0.0037,"lastBolusTime":1703429167518,"time":"2023-12-24T17:01:05.866Z","iobWithZeroTemp":{"iob":-0.251,"basaliob":-0.472,"bolussnooze":0,"activity":-2.0E-4,"lastBolusTime":1703429167518,"time":"2023-12-24T17:01:05.866Z"}},{"iob":0.24,"basaliob":0.035,"bolussnooze":0,"activity":0.0035,"lastBolusTime":1703429167518,"time":"2023-12-24T17:06:05.866Z","iobWithZeroTemp":{"iob":-0.283,"basaliob":-0.488,"bolussnooze":0,"activity":-5.0E-4,"lastBolusTime":1703429167518,"time":"2023-12-24T17:06:05.866Z"}},{"iob":0.223,"basaliob":0.033,"bolussnooze":0,"activity":0.0033,"lastBolusTime":1703429167518,"time":"2023-12-24T17:11:05.866Z","iobWithZeroTemp":{"iob":-0.313,"basaliob":-0.503,"bolussnooze":0,"activity":-9.0E-4,"lastBolusTime":1703429167518,"time":"2023-12-24T17:11:05.866Z"}},{"iob":0.207,"basaliob":0.031,"bolussnooze":0,"activity":0.0031,"lastBolusTime":1703429167518,"time":"2023-12-24T17:16:05.866Z","iobWithZeroTemp":{"iob":-0.341,"basaliob":-0.517,"bolussnooze":0,"activity":-0.0012,"lastBolusTime":1703429167518,"time":"2023-12-24T17:16:05.866Z"}},{"iob":0.192,"basaliob":0.029,"bolussnooze":0,"activity":0.0029,"lastBolusTime":1703429167518,"time":"2023-12-24T17:21:05.866Z","iobWithZeroTemp":{"iob":-0.367,"basaliob":-0.53,"bolussnooze":0,"activity":-0.0016,"lastBolusTime":1703429167518,"time":"2023-12-24T17:21:05.866Z"}},{"iob":0.179,"basaliob":0.028,"bolussnooze":0,"activity":0.0028,"lastBolusTime":1703429167518,"time":"2023-12-24T17:26:05.866Z","iobWithZeroTemp":{"iob":-0.391,"basaliob":-0.542,"bolussnooze":0,"activity":-0.0018,"lastBolusTime":1703429167518,"time":"2023-12-24T17:26:05.866Z"}},{"iob":0.166,"basaliob":0.026,"bolussnooze":0,"activity":0.0025,"lastBolusTime":1703429167518,"time":"2023-12-24T17:31:05.866Z","iobWithZeroTemp":{"iob":-0.414,"basaliob":-0.554,"bolussnooze":0,"activity":-0.0023,"lastBolusTime":1703429167518,"time":"2023-12-24T17:31:05.866Z"}},{"iob":0.153,"basaliob":0.024,"bolussnooze":0,"activity":0.0024,"lastBolusTime":1703429167518,"time":"2023-12-24T17:36:05.866Z","iobWithZeroTemp":{"iob":-0.436,"basaliob":-0.565,"bolussnooze":0,"activity":-0.0025,"lastBolusTime":1703429167518,"time":"2023-12-24T17:36:05.866Z"}},{"iob":0.142,"basaliob":0.023,"bolussnooze":0,"activity":0.0022,"lastBolusTime":1703429167518,"time":"2023-12-24T17:41:05.866Z","iobWithZeroTemp":{"iob":-0.456,"basaliob":-0.575,"bolussnooze":0,"activity":-0.0028,"lastBolusTime":1703429167518,"time":"2023-12-24T17:41:05.866Z"}},{"iob":0.131,"basaliob":0.021,"bolussnooze":0,"activity":0.0021,"lastBolusTime":1703429167518,"time":"2023-12-24T17:46:05.866Z","iobWithZeroTemp":{"iob":-0.475,"basaliob":-0.585,"bolussnooze":0,"activity":-0.003,"lastBolusTime":1703429167518,"time":"2023-12-24T17:46:05.866Z"}},{"iob":0.121,"basaliob":0.02,"bolussnooze":0,"activity":0.002,"lastBolusTime":1703429167518,"time":"2023-12-24T17:51:05.866Z","iobWithZeroTemp":{"iob":-0.492,"basaliob":-0.593,"bolussnooze":0,"activity":-0.0032,"lastBolusTime":1703429167518,"time":"2023-12-24T17:51:05.866Z"}},{"iob":0.111,"basaliob":0.018,"bolussnooze":0,"activity":0.0018,"lastBolusTime":1703429167518,"time":"2023-12-24T17:56:05.866Z","iobWithZeroTemp":{"iob":-0.509,"basaliob":-0.602,"bolussnooze":0,"activity":-0.0035,"lastBolusTime":1703429167518,"time":"2023-12-24T17:56:05.866Z"}},{"iob":0.103,"basaliob":0.017,"bolussnooze":0,"activity":0.0016,"lastBolusTime":1703429167518,"time":"2023-12-24T18:01:05.866Z","iobWithZeroTemp":{"iob":-0.524,"basaliob":-0.61,"bolussnooze":0,"activity":-0.0038,"lastBolusTime":1703429167518,"time":"2023-12-24T18:01:05.866Z"}},{"iob":0.095,"basaliob":0.016,"bolussnooze":0,"activity":0.0015,"lastBolusTime":1703429167518,"time":"2023-12-24T18:06:05.866Z","iobWithZeroTemp":{"iob":-0.538,"basaliob":-0.617,"bolussnooze":0,"activity":-0.004,"lastBolusTime":1703429167518,"time":"2023-12-24T18:06:05.866Z"}},{"iob":0.088,"basaliob":0.015,"bolussnooze":0,"activity":0.0014,"lastBolusTime":1703429167518,"time":"2023-12-24T18:11:05.866Z","iobWithZeroTemp":{"iob":-0.55,"basaliob":-0.623,"bolussnooze":0,"activity":-0.0042,"lastBolusTime":1703429167518,"time":"2023-12-24T18:11:05.866Z"}},{"iob":0.081,"basaliob":0.014,"bolussnooze":0,"activity":0.0013,"lastBolusTime":1703429167518,"time":"2023-12-24T18:16:05.866Z","iobWithZeroTemp":{"iob":-0.563,"basaliob":-0.63,"bolussnooze":0,"activity":-0.0044,"lastBolusTime":1703429167518,"time":"2023-12-24T18:16:05.866Z"}},{"iob":0.074,"basaliob":0.013,"bolussnooze":0,"activity":0.0013,"lastBolusTime":1703429167518,"time":"2023-12-24T18:21:05.866Z","iobWithZeroTemp":{"iob":-0.575,"basaliob":-0.636,"bolussnooze":0,"activity":-0.0044,"lastBolusTime":1703429167518,"time":"2023-12-24T18:21:05.866Z"}},{"iob":0.068,"basaliob":0.012,"bolussnooze":0,"activity":0.0012,"lastBolusTime":1703429167518,"time":"2023-12-24T18:26:05.866Z","iobWithZeroTemp":{"iob":-0.585,"basaliob":-0.641,"bolussnooze":0,"activity":-0.0046,"lastBolusTime":1703429167518,"time":"2023-12-24T18:26:05.866Z"}},{"iob":0.062,"basaliob":0.011,"bolussnooze":0,"activity":0.0011,"lastBolusTime":1703429167518,"time":"2023-12-24T18:31:05.866Z","iobWithZeroTemp":{"iob":-0.595,"basaliob":-0.646,"bolussnooze":0,"activity":-0.0048,"lastBolusTime":1703429167518,"time":"2023-12-24T18:31:05.866Z"}},{"iob":0.057,"basaliob":0.01,"bolussnooze":0,"activity":0.001,"lastBolusTime":1703429167518,"time":"2023-12-24T18:36:05.866Z","iobWithZeroTemp":{"iob":-0.604,"basaliob":-0.651,"bolussnooze":0,"activity":-0.0049,"lastBolusTime":1703429167518,"time":"2023-12-24T18:36:05.866Z"}},{"iob":0.053,"basaliob":0.01,"bolussnooze":0,"activity":9.0E-4,"lastBolusTime":1703429167518,"time":"2023-12-24T18:41:05.866Z","iobWithZeroTemp":{"iob":-0.612,"basaliob":-0.655,"bolussnooze":0,"activity":-0.0051,"lastBolusTime":1703429167518,"time":"2023-12-24T18:41:05.866Z"}},{"iob":0.048,"basaliob":0.009,"bolussnooze":0,"activity":8.0E-4,"lastBolusTime":1703429167518,"time":"2023-12-24T18:46:05.866Z","iobWithZeroTemp":{"iob":-0.62,"basaliob":-0.659,"bolussnooze":0,"activity":-0.0052,"lastBolusTime":1703429167518,"time":"2023-12-24T18:46:05.866Z"}},{"iob":0.044,"basaliob":0.008,"bolussnooze":0,"activity":8.0E-4,"lastBolusTime":1703429167518,"time":"2023-12-24T18:51:05.866Z","iobWithZeroTemp":{"iob":-0.627,"basaliob":-0.663,"bolussnooze":0,"activity":-0.0053,"lastBolusTime":1703429167518,"time":"2023-12-24T18:51:05.866Z"}}],"profile":{"max_iob":4,"type":"current","max_daily_basal":0.5,"max_basal":1.2,"min_bg":91.79999999999998,"max_bg":91.79999999999998,"target_bg":91.79999999999998,"carb_ratio":30,"sens":126,"max_daily_safety_multiplier":3,"current_basal_safety_multiplier":4,"high_temptarget_raises_sensitivity":false,"low_temptarget_lowers_sensitivity":false,"sensitivity_raises_target":true,"resistance_lowers_target":true,"adv_target_adjustments":false,"exercise_mode":false,"half_basal_exercise_target":160,"maxCOB":120,"skip_neutral_temps":false,"remainingCarbsCap":90,"enableUAM":true,"A52_risk_enable":false,"SMBInterval":3,"enableSMB_with_COB":true,"enableSMB_with_temptarget":true,"allowSMB_with_high_temptarget":false,"enableSMB_always":false,"enableSMB_after_carbs":false,"maxSMBBasalMinutes":75,"maxUAMSMBBasalMinutes":75,"bolus_increment":0.05,"carbsReqThreshold":10,"current_basal":0.3,"temptargetSet":true,"autosens_max":1.2,"out_units":"mmol\/L"},"autosens_data":{"ratio":1},"meal_data":{"carbs":0,"mealCOB":0,"slopeFromMaxDeviation":-1.082666666666667,"slopeFromMinDeviation":3.2238571428571428,"lastBolusTime":1703429167518,"lastCarbTime":0},"microBolusAllowed":true,"currentTime":1703429767265,"flatBGsDetected":false},"output":{"temp":"absolute","bg":199,"tick":"+14","eventualBG":206,"targetBG":91.79999999999998,"insulinReq":0.59,"deliverAt":"2023-12-24T14:56:07.265Z","sensitivityRatio":1,"predBGs":{"IOB":[199,205,209,212,214,215,216,215,213,211,208,204,199,195,191,187,183,179,175,172,168,165,162,159,157,154,152,150,148,146,144,142,141,139,138,136,135,134,133,132,131,130,129,129,128,127,127,126],"ZT":[199,195,191,186,181,176,172,167,162,158,154,150,146,142,139,136,133,131,129,127,125,124,123,122,122,122,122,122],"UAM":[199,212,223,233,241,249,255,260,264,268,270,271,271,270,269,266,263,259,255,252,249,245,242,240,237,234,232,230,228,226,224,222,221,219,218,216,215,214,213,212,211,210,210,209,208,208,207,206]},"COB":0,"IOB":1.066,"reason":"COB: 0, Dev: 5.9, BGI: -0.2, ISF: 7.0, CR: 30, Target: 5.1, minPredBG 9.2, minGuardBG 11.4, IOBpredBG 7.0, UAMpredBG 11.4; Eventual BG 11.4 >= 5.1,  insulinReq 0.59. Microbolusing 0.25U. adj. req. rate: 1.48 to maxSafeBasal: 1.2, temp 1.20 >~ req 1.2U\/hr. ","units":0.25,"timestamp":"2023-12-24T14:56:07.301Z"}}