{"algorithm":"OpenAPSSMBPlugin","input":{"glucoseStatus":{"glucose":138,"noise":0,"delta":2.33,"short_avgdelta":2.13,"long_avgdelta":0.06,"date":1703454015102},"currenttemp":{"temp":"absolute","duration":25,"rate":1.1,"minutesrunning":5},"iob_data":[{"iob":0.368,"basaliob":0.365,"bolussnooze":0,"activity":0.0038,"lastBolusTime":1703430368291,"time":"2023-12-24T21:41:07.244Z","iobWithZeroTemp":{"iob":0.368,"basaliob":0.365,"bolussnooze":0,"activity":0.0038,"lastBolusTime":1703430368291,"time":"2023-12-24T21:41:07.244Z"}},{"iob":0.35,"basaliob":0.347,"bolussnooze":0,"activity":0.0037,"lastBolusTime":1703430368291,"time":"2023-12-24T21:46:07.244Z","iobWithZeroTemp":{"iob":0.313,"basaliob":0.31,"bolussnooze":0,"activity":0.0037,"lastBolusTime":1703430368291,"time":"2023-12-24T21:46:07.244Z"}},{"iob":0.331,"basaliob":0.329,"bolussnooze":0,"activity":0.0036,"lastBolusTime":1703430368291,"time":"2023-12-24T21:51:07.244Z","iobWithZeroTemp":{"iob":0.249,"basaliob":0.247,"bolussnooze":0,"activity":0.0035,"lastBolusTime":1703430368291,"time":"2023-12-24T21:51:07.244Z"}},{"iob":0.314,"basaliob":0.312,"bolussnooze":0,"activity":0.0036,"lastBolusTime":1703430368291,"time":"2023-12-24T21:56:07.244Z","iobWithZeroTemp":{"iob":0.187,"basaliob":0.185,"bolussnooze":0,"activity":0.0033,"lastBolusTime":1703430368291,"time":"2023-12-24T21:56:07.244Z"}},{"iob":0.297,"basaliob":0.295,"bolussnooze":0,"activity":0.0034,"lastBolusTime":1703430368291,"time":"2023-12-24T22:01:07.244Z","iobWithZeroTemp":{"iob":0.126,"basaliob":0.124,"bolussnooze":0,"activity":0.003,"lastBolusTime":1703430368291,"time":"2023-12-24T22:01:07.244Z"}},{"iob":0.279,"basaliob":0.278,"bolussnooze":0,"activity":0.0032,"lastBolusTime":1703430368291,"time":"2023-12-24T22:06:07.244Z","iobWithZeroTemp":{"iob":0.065,"basaliob":0.064,"bolussnooze":0,"activity":0.0025,"lastBolusTime":1703430368291,"time":"2023-12-24T22:06:07.244Z"}},{"iob":0.263,"basaliob":0.262,"bolussnooze":0,"activity":0.0031,"lastBolusTime":1703430368291,"time":"2023-12-24T22:11:07.244Z","iobWithZeroTemp":{"iob":0.007,"basaliob":0.006,"bolussnooze":0,"activity":0.0022,"lastBolusTime":1703430368291,"time":"2023-12-24T22:11:07.244Z"}},{"iob":0.248,"basaliob":0.247,"bolussnooze":0,"activity":0.003,"lastBolusTime":1703430368291,"time":"2023-12-24T22:16:07.244Z","iobWithZeroTemp":{"iob":-0.049,"basaliob":-0.05,"bolussnooze":0,"activity":0.0018,"lastBolusTime":1703430368291,"time":"2023-12-24T22:16:07.244Z"}},{"iob":0.233,"basaliob":0.232,"bolussnooze":0,"activity":0.0029,"lastBolusTime":1703430368291,"time":"2023-12-24T22:21:07.244Z","iobWithZeroTemp":{"iob":-0.103,"basaliob":-0.104,"bolussnooze":0,"activity":0.0014,"lastBolusTime":1703430368291,"time":"2023-12-24T22:21:07.244Z"}},{"iob":0.219,"basaliob":0.218,"bolussnooze":0,"activity":0.0028,"lastBolusTime":1703430368291,"time":"2023-12-24T22:26:07.244Z","iobWithZeroTemp":{"iob":-0.154,"basaliob":-0.155,"bolussnooze":0,"activity":0.001,"lastBolusTime":1703430368291,"time":"2023-12-24T22:26:07.244Z"}},{"iob":0.206,"basaliob":0.205,"bolussnooze":0,"activity":0.0026,"lastBolusTime":1703430368291,"time":"2023-12-24T22:31:07.244Z","iobWithZeroTemp":{"iob":-0.203,"basaliob":-0.204,"bolussnooze":0,"activity":5.0E-4,"lastBolusTime":1703430368291,"time":"2023-12-24T22:31:07.244Z"}},{"iob":0.193,"basaliob":0.192,"bolussnooze":0,"activity":0.0025,"lastBolusTime":1703430368291,"time":"2023-12-24T22:36:07.244Z","iobWithZeroTemp":{"iob":-0.251,"basaliob":-0.252,"bolussnooze":0,"activity":1.0E-4,"lastBolusTime":1703430368291,"time":"2023-12-24T22:36:07.244Z"}},{"iob":0.179,"basaliob":0.179,"bolussnooze":0,"activity":0.0024,"lastBolusTime":1703430368291,"time":"2023-12-24T22:41:07.244Z","iobWithZeroTemp":{"iob":-0.298,"basaliob":-0.298,"bolussnooze":0,"activity":-3.0E-4,"lastBolusTime":1703430368291,"time":"2023-12-24T22:41:07.244Z"}},{"iob":0.168,"basaliob":0.168,"bolussnooze":0,"activity":0.0023,"lastBolusTime":1703430368291,"time":"2023-12-24T22:46:07.244Z","iobWithZeroTemp":{"iob":-0.34,"basaliob":-0.34,"bolussnooze":0,"activity":-7.0E-4,"lastBolusTime":1703430368291,"time":"2023-12-24T22:46:07.244Z"}},{"iob":0.157,"basaliob":0.157,"bolussnooze":0,"activity":0.0021,"lastBolusTime":1703430368291,"time":"2023-12-24T22:51:07.244Z","iobWithZeroTemp":{"iob":-0.381,"basaliob":-0.381,"bolussnooze":0,"activity":-0.0013,"lastBolusTime":1703430368291,"time":"2023-12-24T22:51:07.244Z"}},{"iob":0.146,"basaliob":0.146,"bolussnooze":0,"activity":0.002,"lastBolusTime":1703430368291,"time":"2023-12-24T22:56:07.244Z","iobWithZeroTemp":{"iob":-0.42,"basaliob":-0.42,"bolussnooze":0,"activity":-0.0017,"lastBolusTime":1703430368291,"time":"2023-12-24T22:56:07.244Z"}},{"iob":0.136,"basaliob":0.136,"bolussnooze":0,"activity":0.0019,"lastBolusTime":1703430368291,"time":"2023-12-24T23:01:07.244Z","iobWithZeroTemp":{"iob":-0.457,"basaliob":-0.457,"bolussnooze":0,"activity":-0.0021,"lastBolusTime":1703430368291,"time":"2023-12-24T23:01:07.244Z"}},{"iob":0.127,"basaliob":0.127,"bolussnooze":0,"activity":0.0018,"lastBolusTime":1703430368291,"time":"2023-12-24T23:06:07.244Z","iobWithZeroTemp":{"iob":-0.469,"basaliob":-0.469,"bolussnooze":0,"activity":-0.0024,"lastBolusTime":1703430368291,"time":"2023-12-24T23:06:07.244Z"}},{"iob":0.118,"basaliob":0.118,"bolussnooze":0,"activity":0.0017,"lastBolusTime":1703430368291,"time":"2023-12-24T23:11:07.244Z","iobWithZeroTemp":{"iob":-0.479,"basaliob":-0.479,"bolussnooze":0,"activity":-0.0028,"lastBolusTime":1703430368291,"time":"2023-12-24T23:11:07.244Z"}},{"iob":0.11,"basaliob":0.11,"bolussnooze":0,"activity":0.0016,"lastBolusTime":1703430368291,"time":"2023-12-24T23:16:07.244Z","iobWithZeroTemp":{"iob":-0.488,"basaliob":-0.488,"bolussnooze":0,"activity":-0.003,"lastBolusTime":1703430368291,"time":"2023-12-24T23:16:07.244Z"}},{"iob":0.102,"basaliob":0.102,"bolussnooze":0,"activity":0.0015,"lastBolusTime":1703430368291,"time":"2023-12-24T23:21:07.244Z","iobWithZeroTemp":{"iob":-0.495,"basaliob":-0.495,"bolussnooze":0,"activity":-0.0033,"lastBolusTime":1703430368291,"time":"2023-12-24T23:21:07.244Z"}},{"iob":0.095,"basaliob":0.095,"bolussnooze":0,"activity":0.0014,"lastBolusTime":1703430368291,"time":"2023-12-24T23:26:07.244Z","iobWithZeroTemp":{"iob":-0.501,"basaliob":-0.501,"bolussnooze":0,"activity":-0.0035,"lastBolusTime":1703430368291,"time":"2023-12-24T23:26:07.244Z"}},{"iob":0.088,"basaliob":0.088,"bolussnooze":0,"activity":0.0013,"lastBolusTime":1703430368291,"time":"2023-12-24T23:31:07.244Z","iobWithZeroTemp":{"iob":-0.506,"basaliob":-0.506,"bolussnooze":0,"activity":-0.0038,"lastBolusTime":1703430368291,"time":"2023-12-24T23:31:07.244Z"}},{"iob":0.082,"basaliob":0.082,"bolussnooze":0,"activity":0.0012,"lastBolusTime":1703430368291,"time":"2023-12-24T23:36:07.244Z","iobWithZeroTemp":{"iob":-0.51,"basaliob":-0.51,"bolussnooze":0,"activity":-0.0039,"lastBolusTime":1703430368291,"time":"2023-12-24T23:36:07.244Z"}},{"iob":0.076,"basaliob":0.076,"bolussnooze":0,"activity":0.0012,"lastBolusTime":1703430368291,"time":"2023-12-24T23:41:07.244Z","iobWithZeroTemp":{"iob":-0.513,"basaliob":-0.513,"bolussnooze":0,"activity":-0.004,"lastBolusTime":1703430368291,"time":"2023-12-24T23:41:07.244Z"}},{"iob":0.07,"basaliob":0.07,"bolussnooze":0,"activity":0.0011,"lastBolusTime":1703430368291,"time":"2023-12-24T23:46:07.244Z","iobWithZeroTemp":{"iob":-0.516,"basaliob":-0.516,"bolussnooze":0,"activity":-0.0042,"lastBolusTime":1703430368291,"time":"2023-12-24T23:46:07.244Z"}},{"iob":0.065,"basaliob":0.065,"bolussnooze":0,"activity":0.001,"lastBolusTime":1703430368291,"time":"2023-12-24T23:51:07.244Z","iobWithZeroTemp":{"iob":-0.517,"basaliob":-0.517,"bolussnooze":0,"activity":-0.0043,"lastBolusTime":1703430368291,"time":"2023-12-24T23:51:07.244Z"}},{"iob":0.06,"basaliob":0.06,"bolussnooze":0,"activity":9.0E-4,"lastBolusTime":1703430368291,"time":"2023-12-24T23:56:07.244Z","iobWithZeroTemp":{"iob":-0.519,"basaliob":-0.519,"bolussnooze":0,"activity":-0.0044,"lastBolusTime":1703430368291,"time":"2023-12-24T23:56:07.244Z"}},{"iob":0.055,"basaliob":0.055,"bolussnooze":0,"activity":9.0E-4,"lastBolusTime":1703430368291,"time":"2023-12-25T00:01:07.244Z","iobWithZeroTemp":{"iob":-0.52,"basaliob":-0.52,"bolussnooze":0,"activity":-0.0045,"lastBolusTime":1703430368291,"time":"2023-12-25T00:01:07.244Z"}},{"iob":0.051,"basaliob":0.051,"bolussnooze":0,"activity":8.0E-4,"lastBolusTime":1703430368291,"time":"2023-12-25T00:06:07.244Z","iobWithZeroTemp":{"iob":-0.52,"basaliob":-0.52,"bolussnooze":0,"activity":-0.0046,"lastBolusTime":1703430368291,"time":"2023-12-25T00:06:07.244Z"}},{"iob":0.047,"basaliob":0.047,"bolussnooze":0,"activity":8.0E-4,"lastBolusTime":0,"time":"2023-12-25T00:11:07.244Z","iobWithZeroTemp":{"iob":-0.52,"basaliob":-0.52,"bolussnooze":0,"activity":-0.0046,"lastBolusTime":0,"time":"2023-12-25T00:11:07.244Z"}},{"iob":0.043,"basaliob":0.043,"bolussnooze":0,"activity":7.0E-4,"lastBolusTime":0,"time":"2023-12-25T00:16:07.244Z","iobWithZeroTemp":{"iob":-0.52,"basaliob":-0.52,"bolussnooze":0,"activity":-0.0047,"lastBolusTime":0,"time":"2023-12-25T00:16:07.244Z"}},{"iob":0.04,"basaliob":0.04,"bolussnooze":0,"activity":7.0E-4,"lastBolusTime":0,"time":"2023-12-25T00:21:07.244Z","iobWithZeroTemp":{"iob":-0.52,"basaliob":-0.52,"bolussnooze":0,"activity":-0.0047,"lastBolusTime":0,"time":"2023-12-25T00:21:07.244Z"}},{"iob":0.037,"basaliob":0.037,"bolussnooze":0,"activity":6.0E-4,"lastBolusTime":0,"time":"2023-12-25T00:26:07.244Z","iobWithZeroTemp":{"iob":-0.519,"basaliob":-0.519,"bolussnooze":0,"activity":-0.0047,"lastBolusTime":0,"time":"2023-12-25T00:26:07.244Z"}},{"iob":0.034,"basaliob":0.034,"bolussnooze":0,"activity":6.0E-4,"lastBolusTime":0,"time":"2023-12-25T00:31:07.244Z","iobWithZeroTemp":{"iob":-0.518,"basaliob":-0.518,"bolussnooze":0,"activity":-0.0047,"lastBolusTime":0,"time":"2023-12-25T00:31:07.244Z"}},{"iob":0.031,"basaliob":0.031,"bolussnooze":0,"activity":5.0E-4,"lastBolusTime":0,"time":"2023-12-25T00:36:07.244Z","iobWithZeroTemp":{"iob":-0.517,"basaliob":-0.517,"bolussnooze":0,"activity":-0.0048,"lastBolusTime":0,"time":"2023-12-25T00:36:07.244Z"}},{"iob":0.029,"basaliob":0.029,"bolussnooze":0,"activity":5.0E-4,"lastBolusTime":0,"time":"2023-12-25T00:41:07.244Z","iobWithZeroTemp":{"iob":-0.516,"basaliob":-0.516,"bolussnooze":0,"activity":-0.0048,"lastBolusTime":0,"time":"2023-12-25T00:41:07.244Z"}},{"iob":0.026,"basaliob":0.026,"bolussnooze":0,"activity":5.0E-4,"lastBolusTime":0,"time":"2023-12-25T00:46:07.244Z","iobWithZeroTemp":{"iob":-0.516,"basaliob":-0.516,"bolussnooze":0,"activity":-0.0048,"lastBolusTime":0,"time":"2023-12-25T00:46:07.244Z"}},{"iob":0.024,"basaliob":0.024,"bolussnooze":0,"activity":4.0E-4,"lastBolusTime":0,"time":"2023-12-25T00:51:07.244Z","iobWithZeroTemp":{"iob":-0.514,"basaliob":-0.514,"bolussnooze":0,"activity":-0.0048,"lastBolusTime":0,"time":"2023-12-25T00:51:07.244Z"}},{"iob":0.022,"basaliob":0.022,"bolussnooze":0,"activity":4.0E-4,"lastBolusTime":0,"time":"2023-12-25T00:56:07.244Z","iobWithZeroTemp":{"iob":-0.513,"basaliob":-0.513,"bolussnooze":0,"activity":-0.0048,"lastBolusTime":0,"time":"2023-12-25T00:56:07.244Z"}},{"iob":0.02,"basaliob":0.02,"bolussnooze":0,"activity":4.0E-4,"lastBolusTime":0,"time":"2023-12-25T01:01:07.244Z","iobWithZeroTemp":{"iob":-0.512,"basaliob":-0.512,"bolussnooze":0,"activity":-0.0048,"lastBolusTime":0,"time":"2023-12-25T01:01:07.244Z"}},{"iob":0.019,"basaliob":0.019,"bolussnooze":0,"activity":3.0E-4,"lastBolusTime":0,"time":"2023-12-25T01:06:07.244Z","iobWithZeroTemp":{"iob":-0.51,"basaliob":-0.51,"bolussnooze":0,"activity":-0.0049,"lastBolusTime":0,"time":"2023-12-25T01:06:07.244Z"}},{"iob":0.017,"basaliob":0.017,"bolussnooze":0,"activity":3.0E-4,"lastBolusTime":0,"time":"2023-12-25T01:11:07.244Z","iobWithZeroTemp":{"iob":-0.51,"basaliob":-0.51,"bolussnooze":0,"activity":-0.0048,"lastBolusTime":0,"time":"2023-12-25T01:11:07.244Z"}},{"iob":0.015,"basaliob":0.015,"bolussnooze":0,"activity":3.0E-4,"lastBolusTime":0,"time":"2023-12-25T01:16:07.244Z","iobWithZeroTemp":{"iob":-0.509,"basaliob":-0.509,"bolussnooze":0,"activity":-0.0048,"lastBolusTime":0,"time":"2023-12-25T01:16:07.244Z"}},{"iob":0.014,"basaliob":0.014,"bolussnooze":0,"activity":3.0E-4,"lastBolusTime":0,"time":"2023-12-25T01:21:07.244Z","iobWithZeroTemp":{"iob":-0.507,"basaliob":-0.507,"bolussnooze":0,"activity":-0.0048,"lastBolusTime":0,"time":"2023-12-25T01:21:07.244Z"}},{"iob":0.013,"basaliob":0.013,"bolussnooze":0,"activity":2.0E-4,"lastBolusTime":0,"time":"2023-12-25T01:26:07.244Z","iobWithZeroTemp":{"iob":-0.506,"basaliob":-0.506,"bolussnooze":0,"activity":-0.0048,"lastBolusTime":0,"time":"2023-12-25T01:26:07.244Z"}},{"iob":0.012,"basaliob":0.012,"bolussnooze":0,"activity":2.0E-4,"lastBolusTime":0,"time":"2023-12-25T01:31:07.244Z","iobWithZeroTemp":{"iob":-0.505,"basaliob":-0.505,"bolussnooze":0,"activity":-0.0048,"lastBolusTime":0,"time":"2023-12-25T01:31:07.244Z"}},{"iob":0.011,"basaliob":0.011,"bolussnooze":0,"activity":2.0E-4,"lastBolusTime":0,"time":"2023-12-25T01:36:07.244Z","iobWithZeroTemp":{"iob":-0.504,"basaliob":-0.504,"bolussnooze":0,"activity":-0.0048,"lastBolusTime":0,"time":"2023-12-25T01:36:07.244Z"}}],"profile":{"max_iob":4,"type":"current","max_daily_basal":0.5,"max_basal":1.5,"min_bg":90,"max_bg":90,"target_bg":90,"carb_ratio":20,"sens":117,"max_daily_safety_multiplier":3,"current_basal_safety_multiplier":4,"high_temptarget_raises_sensitivity":false,"low_temptarget_lowers_sensitivity":false,"sensitivity_raises_target":true,"resistance_lowers_target":true,"adv_target_adjustments":false,"exercise_mode":false,"half_basal_exercise_target":160,"maxCOB":120,"skip_neutral_temps":false,"remainingCarbsCap":90,"enableUAM":true,"A52_risk_enable":false,"SMBInterval":3,"enableSMB_with_COB":true,"enableSMB_with_temptarget":true,"allowSMB_with_high_temptarget":false,"enableSMB_always":false,"enableSMB_after_carbs":false,"maxSMBBasalMinutes":75,"maxUAMSMBBasalMinutes":75,"bolus_increment":0.05,"carbsReqThreshold":10,"current_basal":0.5,"temptargetSet":false,"autosens_max":1.2,"out_units":"mmol\/L"},"autosens_data":{"ratio":1.1},"meal_data":{"carbs":0,"mealCOB":0,"slopeFromMaxDeviation":-0.24439999999999995,"slopeFromMinDeviation":1.5881999999999998,"lastBolusTime":1703430368291,"lastCarbTime":0},"microBolusAllowed":true,"currentTime":1703454068494,"flatBGsDetected":false},"output":{"temp":"absolute","bg":138,"tick":"+2","eventualBG":124,"targetBG":87,"insulinReq":0.33,"deliverAt":"2023-12-24T21:41:08.494Z","sensitivityRatio":1.1,"predBGs":{"IOB":[138,140,141,143,143,144,145,145,144,144,143,142,141,139,138,137,136,135,134,133,132,132,131,130,130,129,128,128,127,127,126,126,126,125,125,125,124,124,124,124,123,123,123,123,123,122],"ZT":[138,136,134,132,130,129,127,126,125,125,124,124,124,124,124],"UAM":[138,140,141,142,142,141,141,140,138,136,135,134,132,131,130,129,128,127,126,125,124,123,122,122,121,120,120,119,119,118,118,117,117,117,116,116,116,115,115,115,115,115,114]},"COB":0,"IOB":0.368,"reason":"COB: 0, Dev: 1.4, BGI: -0.1, ISF: 5.9, CR: 20, Target: 4.8, minPredBG 6.8, minGuardBG 6.3, IOBpredBG 6.8, UAMpredBG 6.3; Eventual BG 6.9 >= 4.8, temp 1.10 < 1.21U\/hr.  25m left and 1.1 ~ req 1.21U\/hr: no temp required","timestamp":"2023-12-24T21:41:08.531Z"}}