{"algorithm":"OpenAPSSMBPlugin","input":{"glucoseStatus":{"glucose":190,"noise":0,"delta":-17.67,"short_avgdelta":-16.39,"long_avgdelta":-6.01,"date":1703432115716},"currenttemp":{"temp":"absolute","duration":105,"rate":0,"minutesrunning":15},"iob_data":[{"iob":1.521,"basaliob":0.059,"bolussnooze":0,"activity":0.0139,"lastBolusTime":1703430368291,"time":"2023-12-24T15:36:05.672Z","iobWithZeroTemp":{"iob":1.521,"basaliob":0.059,"bolussnooze":0,"activity":0.0139,"lastBolusTime":1703430368291,"time":"2023-12-24T15:36:05.672Z"}},{"iob":1.452,"basaliob":0.057,"bolussnooze":0,"activity":0.0139,"lastBolusTime":1703430368291,"time":"2023-12-24T15:41:05.672Z","iobWithZeroTemp":{"iob":1.432,"basaliob":0.037,"bolussnooze":0,"activity":0.0139,"lastBolusTime":1703430368291,"time":"2023-12-24T15:41:05.672Z"}},{"iob":1.382,"basaliob":0.054,"bolussnooze":0,"activity":0.0138,"lastBolusTime":1703430368291,"time":"2023-12-24T15:46:05.672Z","iobWithZeroTemp":{"iob":1.337,"basaliob":0.009,"bolussnooze":0,"activity":0.0137,"lastBolusTime":1703430368291,"time":"2023-12-24T15:46:05.672Z"}},{"iob":1.313,"basaliob":0.051,"bolussnooze":0,"activity":0.0136,"lastBolusTime":1703430368291,"time":"2023-12-24T15:51:05.672Z","iobWithZeroTemp":{"iob":1.244,"basaliob":-0.018,"bolussnooze":0,"activity":0.0135,"lastBolusTime":1703430368291,"time":"2023-12-24T15:51:05.672Z"}},{"iob":1.246,"basaliob":0.049,"bolussnooze":0,"activity":0.0134,"lastBolusTime":1703430368291,"time":"2023-12-24T15:56:05.672Z","iobWithZeroTemp":{"iob":1.153,"basaliob":-0.044,"bolussnooze":0,"activity":0.0132,"lastBolusTime":1703430368291,"time":"2023-12-24T15:56:05.672Z"}},{"iob":1.18,"basaliob":0.046,"bolussnooze":0,"activity":0.0131,"lastBolusTime":1703430368291,"time":"2023-12-24T16:01:05.672Z","iobWithZeroTemp":{"iob":1.063,"basaliob":-0.071,"bolussnooze":0,"activity":0.0127,"lastBolusTime":1703430368291,"time":"2023-12-24T16:01:05.672Z"}},{"iob":1.116,"basaliob":0.044,"bolussnooze":0,"activity":0.0127,"lastBolusTime":1703430368291,"time":"2023-12-24T16:06:05.672Z","iobWithZeroTemp":{"iob":0.968,"basaliob":-0.104,"bolussnooze":0,"activity":0.0122,"lastBolusTime":1703430368291,"time":"2023-12-24T16:06:05.672Z"}},{"iob":1.054,"basaliob":0.042,"bolussnooze":0,"activity":0.0123,"lastBolusTime":1703430368291,"time":"2023-12-24T16:11:05.672Z","iobWithZeroTemp":{"iob":0.876,"basaliob":-0.136,"bolussnooze":0,"activity":0.0116,"lastBolusTime":1703430368291,"time":"2023-12-24T16:11:05.672Z"}},{"iob":0.992,"basaliob":0.039,"bolussnooze":0,"activity":0.0119,"lastBolusTime":1703430368291,"time":"2023-12-24T16:16:05.672Z","iobWithZeroTemp":{"iob":0.785,"basaliob":-0.168,"bolussnooze":0,"activity":0.011,"lastBolusTime":1703430368291,"time":"2023-12-24T16:16:05.672Z"}},{"iob":0.934,"basaliob":0.037,"bolussnooze":0,"activity":0.0114,"lastBolusTime":1703430368291,"time":"2023-12-24T16:21:05.672Z","iobWithZeroTemp":{"iob":0.698,"basaliob":-0.199,"bolussnooze":0,"activity":0.0103,"lastBolusTime":1703430368291,"time":"2023-12-24T16:21:05.672Z"}},{"iob":0.879,"basaliob":0.035,"bolussnooze":0,"activity":0.0109,"lastBolusTime":1703430368291,"time":"2023-12-24T16:26:05.672Z","iobWithZeroTemp":{"iob":0.616,"basaliob":-0.228,"bolussnooze":0,"activity":0.0096,"lastBolusTime":1703430368291,"time":"2023-12-24T16:26:05.672Z"}},{"iob":0.825,"basaliob":0.033,"bolussnooze":0,"activity":0.0105,"lastBolusTime":1703430368291,"time":"2023-12-24T16:31:05.672Z","iobWithZeroTemp":{"iob":0.536,"basaliob":-0.256,"bolussnooze":0,"activity":0.009,"lastBolusTime":1703430368291,"time":"2023-12-24T16:31:05.672Z"}},{"iob":0.774,"basaliob":0.031,"bolussnooze":0,"activity":0.01,"lastBolusTime":1703430368291,"time":"2023-12-24T16:36:05.672Z","iobWithZeroTemp":{"iob":0.459,"basaliob":-0.284,"bolussnooze":0,"activity":0.0083,"lastBolusTime":1703430368291,"time":"2023-12-24T16:36:05.672Z"}},{"iob":0.725,"basaliob":0.029,"bolussnooze":0,"activity":0.0096,"lastBolusTime":1703430368291,"time":"2023-12-24T16:41:05.672Z","iobWithZeroTemp":{"iob":0.386,"basaliob":-0.31,"bolussnooze":0,"activity":0.0077,"lastBolusTime":1703430368291,"time":"2023-12-24T16:41:05.672Z"}},{"iob":0.679,"basaliob":0.027,"bolussnooze":0,"activity":0.0091,"lastBolusTime":1703430368291,"time":"2023-12-24T16:46:05.672Z","iobWithZeroTemp":{"iob":0.317,"basaliob":-0.335,"bolussnooze":0,"activity":0.0069,"lastBolusTime":1703430368291,"time":"2023-12-24T16:46:05.672Z"}},{"iob":0.634,"basaliob":0.025,"bolussnooze":0,"activity":0.0086,"lastBolusTime":1703430368291,"time":"2023-12-24T16:51:05.672Z","iobWithZeroTemp":{"iob":0.25,"basaliob":-0.359,"bolussnooze":0,"activity":0.0062,"lastBolusTime":1703430368291,"time":"2023-12-24T16:51:05.672Z"}},{"iob":0.593,"basaliob":0.024,"bolussnooze":0,"activity":0.0081,"lastBolusTime":1703430368291,"time":"2023-12-24T16:56:05.672Z","iobWithZeroTemp":{"iob":0.188,"basaliob":-0.381,"bolussnooze":0,"activity":0.0055,"lastBolusTime":1703430368291,"time":"2023-12-24T16:56:05.672Z"}},{"iob":0.553,"basaliob":0.022,"bolussnooze":0,"activity":0.0077,"lastBolusTime":1703430368291,"time":"2023-12-24T17:01:05.672Z","iobWithZeroTemp":{"iob":0.129,"basaliob":-0.402,"bolussnooze":0,"activity":0.0049,"lastBolusTime":1703430368291,"time":"2023-12-24T17:01:05.672Z"}},{"iob":0.516,"basaliob":0.021,"bolussnooze":0,"activity":0.0073,"lastBolusTime":1703430368291,"time":"2023-12-24T17:06:05.672Z","iobWithZeroTemp":{"iob":0.073,"basaliob":-0.422,"bolussnooze":0,"activity":0.0043,"lastBolusTime":1703430368291,"time":"2023-12-24T17:06:05.672Z"}},{"iob":0.48,"basaliob":0.019,"bolussnooze":0,"activity":0.0069,"lastBolusTime":1703430368291,"time":"2023-12-24T17:11:05.672Z","iobWithZeroTemp":{"iob":0.019,"basaliob":-0.442,"bolussnooze":0,"activity":0.0037,"lastBolusTime":1703430368291,"time":"2023-12-24T17:11:05.672Z"}},{"iob":0.447,"basaliob":0.018,"bolussnooze":0,"activity":0.0065,"lastBolusTime":1703430368291,"time":"2023-12-24T17:16:05.672Z","iobWithZeroTemp":{"iob":-0.031,"basaliob":-0.46,"bolussnooze":0,"activity":0.0031,"lastBolusTime":1703430368291,"time":"2023-12-24T17:16:05.672Z"}},{"iob":0.416,"basaliob":0.017,"bolussnooze":0,"activity":0.006,"lastBolusTime":1703430368291,"time":"2023-12-24T17:21:05.672Z","iobWithZeroTemp":{"iob":-0.077,"basaliob":-0.476,"bolussnooze":0,"activity":0.0024,"lastBolusTime":1703430368291,"time":"2023-12-24T17:21:05.672Z"}},{"iob":0.387,"basaliob":0.016,"bolussnooze":0,"activity":0.0057,"lastBolusTime":1703430368291,"time":"2023-12-24T17:26:05.672Z","iobWithZeroTemp":{"iob":-0.121,"basaliob":-0.492,"bolussnooze":0,"activity":0.0019,"lastBolusTime":1703430368291,"time":"2023-12-24T17:26:05.672Z"}},{"iob":0.359,"basaliob":0.015,"bolussnooze":0,"activity":0.0053,"lastBolusTime":1703430368291,"time":"2023-12-24T17:31:05.672Z","iobWithZeroTemp":{"iob":-0.163,"basaliob":-0.507,"bolussnooze":0,"activity":0.0013,"lastBolusTime":1703430368291,"time":"2023-12-24T17:31:05.672Z"}},{"iob":0.333,"basaliob":0.014,"bolussnooze":0,"activity":0.005,"lastBolusTime":1703430368291,"time":"2023-12-24T17:36:05.672Z","iobWithZeroTemp":{"iob":-0.202,"basaliob":-0.521,"bolussnooze":0,"activity":9.0E-4,"lastBolusTime":1703430368291,"time":"2023-12-24T17:36:05.672Z"}},{"iob":0.309,"basaliob":0.013,"bolussnooze":0,"activity":0.0047,"lastBolusTime":1703430368291,"time":"2023-12-24T17:41:05.672Z","iobWithZeroTemp":{"iob":-0.238,"basaliob":-0.534,"bolussnooze":0,"activity":4.0E-4,"lastBolusTime":1703430368291,"time":"2023-12-24T17:41:05.672Z"}},{"iob":0.286,"basaliob":0.012,"bolussnooze":0,"activity":0.0044,"lastBolusTime":1703430368291,"time":"2023-12-24T17:46:05.672Z","iobWithZeroTemp":{"iob":-0.273,"basaliob":-0.547,"bolussnooze":0,"activity":0,"lastBolusTime":1703430368291,"time":"2023-12-24T17:46:05.672Z"}},{"iob":0.265,"basaliob":0.011,"bolussnooze":0,"activity":0.0041,"lastBolusTime":1703430368291,"time":"2023-12-24T17:51:05.672Z","iobWithZeroTemp":{"iob":-0.305,"basaliob":-0.559,"bolussnooze":0,"activity":-5.0E-4,"lastBolusTime":1703430368291,"time":"2023-12-24T17:51:05.672Z"}},{"iob":0.245,"basaliob":0.01,"bolussnooze":0,"activity":0.0039,"lastBolusTime":1703430368291,"time":"2023-12-24T17:56:05.672Z","iobWithZeroTemp":{"iob":-0.335,"basaliob":-0.57,"bolussnooze":0,"activity":-8.0E-4,"lastBolusTime":1703430368291,"time":"2023-12-24T17:56:05.672Z"}},{"iob":0.226,"basaliob":0.009,"bolussnooze":0,"activity":0.0035,"lastBolusTime":1703430368291,"time":"2023-12-24T18:01:05.672Z","iobWithZeroTemp":{"iob":-0.363,"basaliob":-0.58,"bolussnooze":0,"activity":-0.0014,"lastBolusTime":1703430368291,"time":"2023-12-24T18:01:05.672Z"}},{"iob":0.21,"basaliob":0.009,"bolussnooze":0,"activity":0.0033,"lastBolusTime":1703430368291,"time":"2023-12-24T18:06:05.672Z","iobWithZeroTemp":{"iob":-0.388,"basaliob":-0.589,"bolussnooze":0,"activity":-0.0017,"lastBolusTime":1703430368291,"time":"2023-12-24T18:06:05.672Z"}},{"iob":0.193,"basaliob":0.008,"bolussnooze":0,"activity":0.0031,"lastBolusTime":1703430368291,"time":"2023-12-24T18:11:05.672Z","iobWithZeroTemp":{"iob":-0.413,"basaliob":-0.598,"bolussnooze":0,"activity":-0.002,"lastBolusTime":1703430368291,"time":"2023-12-24T18:11:05.672Z"}},{"iob":0.178,"basaliob":0.007,"bolussnooze":0,"activity":0.0029,"lastBolusTime":1703430368291,"time":"2023-12-24T18:16:05.672Z","iobWithZeroTemp":{"iob":-0.436,"basaliob":-0.607,"bolussnooze":0,"activity":-0.0023,"lastBolusTime":1703430368291,"time":"2023-12-24T18:16:05.672Z"}},{"iob":0.164,"basaliob":0.007,"bolussnooze":0,"activity":0.0027,"lastBolusTime":1703430368291,"time":"2023-12-24T18:21:05.672Z","iobWithZeroTemp":{"iob":-0.457,"basaliob":-0.614,"bolussnooze":0,"activity":-0.0026,"lastBolusTime":1703430368291,"time":"2023-12-24T18:21:05.672Z"}},{"iob":0.151,"basaliob":0.006,"bolussnooze":0,"activity":0.0025,"lastBolusTime":1703430368291,"time":"2023-12-24T18:26:05.672Z","iobWithZeroTemp":{"iob":-0.476,"basaliob":-0.621,"bolussnooze":0,"activity":-0.0029,"lastBolusTime":1703430368291,"time":"2023-12-24T18:26:05.672Z"}},{"iob":0.139,"basaliob":0.006,"bolussnooze":0,"activity":0.0023,"lastBolusTime":1703430368291,"time":"2023-12-24T18:31:05.672Z","iobWithZeroTemp":{"iob":-0.494,"basaliob":-0.627,"bolussnooze":0,"activity":-0.0032,"lastBolusTime":1703430368291,"time":"2023-12-24T18:31:05.672Z"}},{"iob":0.128,"basaliob":0.005,"bolussnooze":0,"activity":0.0022,"lastBolusTime":1703430368291,"time":"2023-12-24T18:36:05.672Z","iobWithZeroTemp":{"iob":-0.511,"basaliob":-0.634,"bolussnooze":0,"activity":-0.0034,"lastBolusTime":1703430368291,"time":"2023-12-24T18:36:05.672Z"}},{"iob":0.118,"basaliob":0.005,"bolussnooze":0,"activity":0.002,"lastBolusTime":1703430368291,"time":"2023-12-24T18:41:05.672Z","iobWithZeroTemp":{"iob":-0.526,"basaliob":-0.639,"bolussnooze":0,"activity":-0.0037,"lastBolusTime":1703430368291,"time":"2023-12-24T18:41:05.672Z"}},{"iob":0.109,"basaliob":0.005,"bolussnooze":0,"activity":0.0019,"lastBolusTime":1703430368291,"time":"2023-12-24T18:46:05.672Z","iobWithZeroTemp":{"iob":-0.54,"basaliob":-0.644,"bolussnooze":0,"activity":-0.0038,"lastBolusTime":1703430368291,"time":"2023-12-24T18:46:05.672Z"}},{"iob":0.099,"basaliob":0.004,"bolussnooze":0,"activity":0.0017,"lastBolusTime":1703430368291,"time":"2023-12-24T18:51:05.672Z","iobWithZeroTemp":{"iob":-0.555,"basaliob":-0.65,"bolussnooze":0,"activity":-0.0041,"lastBolusTime":1703430368291,"time":"2023-12-24T18:51:05.672Z"}},{"iob":0.091,"basaliob":0.004,"bolussnooze":0,"activity":0.0016,"lastBolusTime":1703430368291,"time":"2023-12-24T18:56:05.672Z","iobWithZeroTemp":{"iob":-0.567,"basaliob":-0.654,"bolussnooze":0,"activity":-0.0043,"lastBolusTime":1703430368291,"time":"2023-12-24T18:56:05.672Z"}},{"iob":0.084,"basaliob":0.004,"bolussnooze":0,"activity":0.0015,"lastBolusTime":1703430368291,"time":"2023-12-24T19:01:05.672Z","iobWithZeroTemp":{"iob":-0.578,"basaliob":-0.658,"bolussnooze":0,"activity":-0.0044,"lastBolusTime":1703430368291,"time":"2023-12-24T19:01:05.672Z"}},{"iob":0.076,"basaliob":0.003,"bolussnooze":0,"activity":0.0014,"lastBolusTime":1703430368291,"time":"2023-12-24T19:06:05.672Z","iobWithZeroTemp":{"iob":-0.59,"basaliob":-0.663,"bolussnooze":0,"activity":-0.0046,"lastBolusTime":1703430368291,"time":"2023-12-24T19:06:05.672Z"}},{"iob":0.07,"basaliob":0.003,"bolussnooze":0,"activity":0.0013,"lastBolusTime":1703430368291,"time":"2023-12-24T19:11:05.672Z","iobWithZeroTemp":{"iob":-0.599,"basaliob":-0.666,"bolussnooze":0,"activity":-0.0047,"lastBolusTime":1703430368291,"time":"2023-12-24T19:11:05.672Z"}},{"iob":0.064,"basaliob":0.003,"bolussnooze":0,"activity":0.0011,"lastBolusTime":1703430368291,"time":"2023-12-24T19:16:05.672Z","iobWithZeroTemp":{"iob":-0.608,"basaliob":-0.669,"bolussnooze":0,"activity":-0.005,"lastBolusTime":1703430368291,"time":"2023-12-24T19:16:05.672Z"}},{"iob":0.059,"basaliob":0.003,"bolussnooze":0,"activity":0.001,"lastBolusTime":1703430368291,"time":"2023-12-24T19:21:05.672Z","iobWithZeroTemp":{"iob":-0.616,"basaliob":-0.672,"bolussnooze":0,"activity":-0.0051,"lastBolusTime":1703430368291,"time":"2023-12-24T19:21:05.672Z"}},{"iob":0.053,"basaliob":0.002,"bolussnooze":0,"activity":9.0E-4,"lastBolusTime":1703430368291,"time":"2023-12-24T19:26:05.672Z","iobWithZeroTemp":{"iob":-0.624,"basaliob":-0.675,"bolussnooze":0,"activity":-0.0053,"lastBolusTime":1703430368291,"time":"2023-12-24T19:26:05.672Z"}},{"iob":0.049,"basaliob":0.002,"bolussnooze":0,"activity":9.0E-4,"lastBolusTime":1703430368291,"time":"2023-12-24T19:31:05.672Z","iobWithZeroTemp":{"iob":-0.631,"basaliob":-0.678,"bolussnooze":0,"activity":-0.0053,"lastBolusTime":1703430368291,"time":"2023-12-24T19:31:05.672Z"}}],"profile":{"max_iob":4,"type":"current","max_daily_basal":0.5,"max_basal":1.2,"min_bg":91.79999999999998,"max_bg":91.79999999999998,"target_bg":91.79999999999998,"carb_ratio":20,"sens":126,"max_daily_safety_multiplier":3,"current_basal_safety_multiplier":4,"high_temptarget_raises_sensitivity":false,"low_temptarget_lowers_sensitivity":false,"sensitivity_raises_target":true,"resistance_lowers_target":true,"adv_target_adjustments":false,"exercise_mode":false,"half_basal_exercise_target":160,"maxCOB":120,"skip_neutral_temps":false,"remainingCarbsCap":90,"enableUAM":true,"A52_risk_enable":false,"SMBInterval":3,"enableSMB_with_COB":true,"enableSMB_with_temptarget":true,"allowSMB_with_high_temptarget":false,"enableSMB_always":false,"enableSMB_after_carbs":false,"maxSMBBasalMinutes":75,"maxUAMSMBBasalMinutes":75,"bolus_increment":0.05,"carbsReqThreshold":10,"current_basal":0.3,"temptargetSet":true,"autosens_max":1.2,"out_units":"mmol\/L"},"autosens_data":{"ratio":1},"meal_data":{"carbs":0,"mealCOB":0,"slopeFromMaxDeviation":-4.623166666666666,"slopeFromMinDeviation":0,"lastBolusTime":1703430368291,"lastCarbTime":0},"microBolusAllowed":true,"currentTime":1703432167063,"flatBGsDetected":false},"output":{"temp":"absolute","bg":190,"tick":-18,"eventualBG":15,"targetBG":91.79999999999998,"insulinReq":0,"deliverAt":"2023-12-24T15:36:07.063Z","sensitivityRatio":1,"predBGs":{"IOB":[190,173,157,142,127,113,101,89,78,69,60,52,46,39],"ZT":[190,181,172,164,155,147,139,131,124,117,111,105,99,94,89,84,81,77,74,71,69,67,65,64,63,63,63,63,63,63,64,65,67,68,70,72,74,76,78,80,83,86,89,91]},"COB":0,"IOB":1.521,"reason":"COB: 0, Dev: 0.9, BGI: -0.5, ISF: 7.0, CR: 20, Target: 5.1, minPredBG 2.8, minGuardBG -2.7, IOBpredBG 2.2; minGuardBG -2.7<3.7","duration":120,"rate":0,"timestamp":"2023-12-24T15:36:07.090Z"}}