{"algorithm":"OpenAPSSMBPlugin","input":{"glucoseStatus":{"glucose":81,"noise":0,"delta":-4.33,"short_avgdelta":-3.02,"long_avgdelta":-0.53,"date":1703387116033},"currenttemp":{"temp":"absolute","duration":25,"rate":0.1,"minutesrunning":5},"iob_data":[{"iob":-0.008,"basaliob":-0.106,"bolussnooze":0,"activity":6.0E-4,"lastBolusTime":1703386567923,"time":"2023-12-24T03:06:06.364Z","iobWithZeroTemp":{"iob":-0.008,"basaliob":-0.106,"bolussnooze":0,"activity":6.0E-4,"lastBolusTime":1703386567923,"time":"2023-12-24T03:06:06.364Z"}},{"iob":-0.01,"basaliob":-0.104,"bolussnooze":0,"activity":5.0E-4,"lastBolusTime":1703386567923,"time":"2023-12-24T03:11:06.364Z","iobWithZeroTemp":{"iob":-0.027,"basaliob":-0.121,"bolussnooze":0,"activity":5.0E-4,"lastBolusTime":1703386567923,"time":"2023-12-24T03:11:06.364Z"}},{"iob":-0.012,"basaliob":-0.102,"bolussnooze":0,"activity":4.0E-4,"lastBolusTime":1703386567923,"time":"2023-12-24T03:16:06.364Z","iobWithZeroTemp":{"iob":-0.049,"basaliob":-0.139,"bolussnooze":0,"activity":3.0E-4,"lastBolusTime":1703386567923,"time":"2023-12-24T03:16:06.364Z"}},{"iob":-0.015,"basaliob":-0.1,"bolussnooze":0,"activity":3.0E-4,"lastBolusTime":1703386567923,"time":"2023-12-24T03:21:06.364Z","iobWithZeroTemp":{"iob":-0.073,"basaliob":-0.158,"bolussnooze":0,"activity":2.0E-4,"lastBolusTime":1703386567923,"time":"2023-12-24T03:21:06.364Z"}},{"iob":-0.016,"basaliob":-0.097,"bolussnooze":0,"activity":2.0E-4,"lastBolusTime":1703386567923,"time":"2023-12-24T03:26:06.364Z","iobWithZeroTemp":{"iob":-0.094,"basaliob":-0.175,"bolussnooze":0,"activity":0,"lastBolusTime":1703386567923,"time":"2023-12-24T03:26:06.364Z"}},{"iob":-0.017,"basaliob":-0.094,"bolussnooze":0,"activity":2.0E-4,"lastBolusTime":1703386567923,"time":"2023-12-24T03:31:06.364Z","iobWithZeroTemp":{"iob":-0.114,"basaliob":-0.191,"bolussnooze":0,"activity":-1.0E-4,"lastBolusTime":1703386567923,"time":"2023-12-24T03:31:06.364Z"}},{"iob":-0.018,"basaliob":-0.091,"bolussnooze":0,"activity":1.0E-4,"lastBolusTime":1703386567923,"time":"2023-12-24T03:36:06.364Z","iobWithZeroTemp":{"iob":-0.134,"basaliob":-0.207,"bolussnooze":0,"activity":-3.0E-4,"lastBolusTime":1703386567923,"time":"2023-12-24T03:36:06.364Z"}},{"iob":-0.019,"basaliob":-0.088,"bolussnooze":0,"activity":1.0E-4,"lastBolusTime":1703386567923,"time":"2023-12-24T03:41:06.364Z","iobWithZeroTemp":{"iob":-0.154,"basaliob":-0.223,"bolussnooze":0,"activity":-4.0E-4,"lastBolusTime":1703386567923,"time":"2023-12-24T03:41:06.364Z"}},{"iob":-0.018,"basaliob":-0.084,"bolussnooze":0,"activity":0,"lastBolusTime":1703386567923,"time":"2023-12-24T03:46:06.364Z","iobWithZeroTemp":{"iob":-0.171,"basaliob":-0.237,"bolussnooze":0,"activity":-7.0E-4,"lastBolusTime":1703386567923,"time":"2023-12-24T03:46:06.364Z"}},{"iob":-0.018,"basaliob":-0.08,"bolussnooze":0,"activity":0,"lastBolusTime":1703386567923,"time":"2023-12-24T03:51:06.364Z","iobWithZeroTemp":{"iob":-0.188,"basaliob":-0.25,"bolussnooze":0,"activity":-8.0E-4,"lastBolusTime":1703386567923,"time":"2023-12-24T03:51:06.364Z"}},{"iob":-0.019,"basaliob":-0.077,"bolussnooze":0,"activity":0,"lastBolusTime":1703386567923,"time":"2023-12-24T03:56:06.364Z","iobWithZeroTemp":{"iob":-0.205,"basaliob":-0.263,"bolussnooze":0,"activity":-0.001,"lastBolusTime":1703386567923,"time":"2023-12-24T03:56:06.364Z"}},{"iob":-0.018,"basaliob":-0.073,"bolussnooze":0,"activity":0,"lastBolusTime":1703386567923,"time":"2023-12-24T04:01:06.364Z","iobWithZeroTemp":{"iob":-0.22,"basaliob":-0.275,"bolussnooze":0,"activity":-0.0011,"lastBolusTime":1703386567923,"time":"2023-12-24T04:01:06.364Z"}},{"iob":-0.018,"basaliob":-0.07,"bolussnooze":0,"activity":-1.0E-4,"lastBolusTime":1703386567923,"time":"2023-12-24T04:06:06.364Z","iobWithZeroTemp":{"iob":-0.235,"basaliob":-0.287,"bolussnooze":0,"activity":-0.0013,"lastBolusTime":1703386567923,"time":"2023-12-24T04:06:06.364Z"}},{"iob":-0.017,"basaliob":-0.066,"bolussnooze":0,"activity":-1.0E-4,"lastBolusTime":1703386567923,"time":"2023-12-24T04:11:06.364Z","iobWithZeroTemp":{"iob":-0.248,"basaliob":-0.297,"bolussnooze":0,"activity":-0.0015,"lastBolusTime":1703386567923,"time":"2023-12-24T04:11:06.364Z"}},{"iob":-0.018,"basaliob":-0.063,"bolussnooze":0,"activity":-1.0E-4,"lastBolusTime":1703386567923,"time":"2023-12-24T04:16:06.364Z","iobWithZeroTemp":{"iob":-0.263,"basaliob":-0.308,"bolussnooze":0,"activity":-0.0016,"lastBolusTime":1703386567923,"time":"2023-12-24T04:16:06.364Z"}},{"iob":-0.016,"basaliob":-0.059,"bolussnooze":0,"activity":-1.0E-4,"lastBolusTime":1703386567923,"time":"2023-12-24T04:21:06.364Z","iobWithZeroTemp":{"iob":-0.273,"basaliob":-0.316,"bolussnooze":0,"activity":-0.0018,"lastBolusTime":1703386567923,"time":"2023-12-24T04:21:06.364Z"}},{"iob":-0.016,"basaliob":-0.056,"bolussnooze":0,"activity":-1.0E-4,"lastBolusTime":1703386567923,"time":"2023-12-24T04:26:06.364Z","iobWithZeroTemp":{"iob":-0.286,"basaliob":-0.326,"bolussnooze":0,"activity":-0.0019,"lastBolusTime":1703386567923,"time":"2023-12-24T04:26:06.364Z"}},{"iob":-0.016,"basaliob":-0.053,"bolussnooze":0,"activity":-1.0E-4,"lastBolusTime":1703386567923,"time":"2023-12-24T04:31:06.364Z","iobWithZeroTemp":{"iob":-0.297,"basaliob":-0.334,"bolussnooze":0,"activity":-0.002,"lastBolusTime":1703386567923,"time":"2023-12-24T04:31:06.364Z"}},{"iob":-0.015,"basaliob":-0.05,"bolussnooze":0,"activity":-1.0E-4,"lastBolusTime":1703386567923,"time":"2023-12-24T04:36:06.364Z","iobWithZeroTemp":{"iob":-0.307,"basaliob":-0.342,"bolussnooze":0,"activity":-0.0022,"lastBolusTime":1703386567923,"time":"2023-12-24T04:36:06.364Z"}},{"iob":-0.015,"basaliob":-0.047,"bolussnooze":0,"activity":-1.0E-4,"lastBolusTime":1703386567923,"time":"2023-12-24T04:41:06.364Z","iobWithZeroTemp":{"iob":-0.317,"basaliob":-0.349,"bolussnooze":0,"activity":-0.0023,"lastBolusTime":1703386567923,"time":"2023-12-24T04:41:06.364Z"}},{"iob":-0.014,"basaliob":-0.044,"bolussnooze":0,"activity":-1.0E-4,"lastBolusTime":1703386567923,"time":"2023-12-24T04:46:06.364Z","iobWithZeroTemp":{"iob":-0.326,"basaliob":-0.356,"bolussnooze":0,"activity":-0.0024,"lastBolusTime":1703386567923,"time":"2023-12-24T04:46:06.364Z"}},{"iob":-0.013,"basaliob":-0.041,"bolussnooze":0,"activity":-1.0E-4,"lastBolusTime":1703386567923,"time":"2023-12-24T04:51:06.364Z","iobWithZeroTemp":{"iob":-0.334,"basaliob":-0.362,"bolussnooze":0,"activity":-0.0025,"lastBolusTime":1703386567923,"time":"2023-12-24T04:51:06.364Z"}},{"iob":-0.013,"basaliob":-0.039,"bolussnooze":0,"activity":-1.0E-4,"lastBolusTime":1703386567923,"time":"2023-12-24T04:56:06.364Z","iobWithZeroTemp":{"iob":-0.343,"basaliob":-0.369,"bolussnooze":0,"activity":-0.0026,"lastBolusTime":1703386567923,"time":"2023-12-24T04:56:06.364Z"}},{"iob":-0.012,"basaliob":-0.036,"bolussnooze":0,"activity":-1.0E-4,"lastBolusTime":1703386567923,"time":"2023-12-24T05:01:06.364Z","iobWithZeroTemp":{"iob":-0.35,"basaliob":-0.374,"bolussnooze":0,"activity":-0.0027,"lastBolusTime":1703386567923,"time":"2023-12-24T05:01:06.364Z"}},{"iob":-0.011,"basaliob":-0.034,"bolussnooze":0,"activity":-2.0E-4,"lastBolusTime":1703386567923,"time":"2023-12-24T05:06:06.364Z","iobWithZeroTemp":{"iob":-0.36,"basaliob":-0.383,"bolussnooze":0,"activity":-0.0029,"lastBolusTime":1703386567923,"time":"2023-12-24T05:06:06.364Z"}},{"iob":-0.011,"basaliob":-0.032,"bolussnooze":0,"activity":-1.0E-4,"lastBolusTime":1703386567923,"time":"2023-12-24T05:11:06.364Z","iobWithZeroTemp":{"iob":-0.371,"basaliob":-0.392,"bolussnooze":0,"activity":-0.0029,"lastBolusTime":1703386567923,"time":"2023-12-24T05:11:06.364Z"}},{"iob":-0.01,"basaliob":-0.03,"bolussnooze":0,"activity":-1.0E-4,"lastBolusTime":1703386567923,"time":"2023-12-24T05:16:06.364Z","iobWithZeroTemp":{"iob":-0.381,"basaliob":-0.401,"bolussnooze":0,"activity":-0.003,"lastBolusTime":1703386567923,"time":"2023-12-24T05:16:06.364Z"}},{"iob":-0.01,"basaliob":-0.028,"bolussnooze":0,"activity":-1.0E-4,"lastBolusTime":1703386567923,"time":"2023-12-24T05:21:06.364Z","iobWithZeroTemp":{"iob":-0.391,"basaliob":-0.409,"bolussnooze":0,"activity":-0.0031,"lastBolusTime":1703386567923,"time":"2023-12-24T05:21:06.364Z"}},{"iob":-0.009,"basaliob":-0.026,"bolussnooze":0,"activity":-1.0E-4,"lastBolusTime":1703386567923,"time":"2023-12-24T05:26:06.364Z","iobWithZeroTemp":{"iob":-0.4,"basaliob":-0.417,"bolussnooze":0,"activity":-0.0032,"lastBolusTime":1703386567923,"time":"2023-12-24T05:26:06.364Z"}},{"iob":-0.008,"basaliob":-0.024,"bolussnooze":0,"activity":-1.0E-4,"lastBolusTime":1703386567923,"time":"2023-12-24T05:31:06.364Z","iobWithZeroTemp":{"iob":-0.408,"basaliob":-0.424,"bolussnooze":0,"activity":-0.0033,"lastBolusTime":1703386567923,"time":"2023-12-24T05:31:06.364Z"}},{"iob":-0.008,"basaliob":-0.022,"bolussnooze":0,"activity":-1.0E-4,"lastBolusTime":1703386567923,"time":"2023-12-24T05:36:06.364Z","iobWithZeroTemp":{"iob":-0.416,"basaliob":-0.43,"bolussnooze":0,"activity":-0.0034,"lastBolusTime":1703386567923,"time":"2023-12-24T05:36:06.364Z"}},{"iob":-0.008,"basaliob":-0.021,"bolussnooze":0,"activity":-1.0E-4,"lastBolusTime":1703386567923,"time":"2023-12-24T05:41:06.364Z","iobWithZeroTemp":{"iob":-0.424,"basaliob":-0.437,"bolussnooze":0,"activity":-0.0035,"lastBolusTime":1703386567923,"time":"2023-12-24T05:41:06.364Z"}},{"iob":-0.007,"basaliob":-0.019,"bolussnooze":0,"activity":-1.0E-4,"lastBolusTime":1703386567923,"time":"2023-12-24T05:46:06.364Z","iobWithZeroTemp":{"iob":-0.431,"basaliob":-0.443,"bolussnooze":0,"activity":-0.0036,"lastBolusTime":1703386567923,"time":"2023-12-24T05:46:06.364Z"}},{"iob":-0.007,"basaliob":-0.018,"bolussnooze":0,"activity":-1.0E-4,"lastBolusTime":1703386567923,"time":"2023-12-24T05:51:06.364Z","iobWithZeroTemp":{"iob":-0.438,"basaliob":-0.449,"bolussnooze":0,"activity":-0.0037,"lastBolusTime":1703386567923,"time":"2023-12-24T05:51:06.364Z"}},{"iob":-0.007,"basaliob":-0.017,"bolussnooze":0,"activity":-1.0E-4,"lastBolusTime":1703386567923,"time":"2023-12-24T05:56:06.364Z","iobWithZeroTemp":{"iob":-0.445,"basaliob":-0.455,"bolussnooze":0,"activity":-0.0038,"lastBolusTime":1703386567923,"time":"2023-12-24T05:56:06.364Z"}},{"iob":-0.006,"basaliob":-0.016,"bolussnooze":0,"activity":0,"lastBolusTime":1703386567923,"time":"2023-12-24T06:01:06.364Z","iobWithZeroTemp":{"iob":-0.451,"basaliob":-0.461,"bolussnooze":0,"activity":-0.0038,"lastBolusTime":1703386567923,"time":"2023-12-24T06:01:06.364Z"}},{"iob":-0.005,"basaliob":-0.014,"bolussnooze":0,"activity":-1.0E-4,"lastBolusTime":1703386567923,"time":"2023-12-24T06:06:06.364Z","iobWithZeroTemp":{"iob":-0.456,"basaliob":-0.465,"bolussnooze":0,"activity":-0.0039,"lastBolusTime":1703386567923,"time":"2023-12-24T06:06:06.364Z"}},{"iob":-0.005,"basaliob":-0.013,"bolussnooze":0,"activity":-1.0E-4,"lastBolusTime":1703386567923,"time":"2023-12-24T06:11:06.364Z","iobWithZeroTemp":{"iob":-0.461,"basaliob":-0.469,"bolussnooze":0,"activity":-0.004,"lastBolusTime":1703386567923,"time":"2023-12-24T06:11:06.364Z"}},{"iob":-0.005,"basaliob":-0.012,"bolussnooze":0,"activity":-1.0E-4,"lastBolusTime":1703386567923,"time":"2023-12-24T06:16:06.364Z","iobWithZeroTemp":{"iob":-0.467,"basaliob":-0.474,"bolussnooze":0,"activity":-0.0041,"lastBolusTime":1703386567923,"time":"2023-12-24T06:16:06.364Z"}},{"iob":-0.004,"basaliob":-0.011,"bolussnooze":0,"activity":-1.0E-4,"lastBolusTime":1703386567923,"time":"2023-12-24T06:21:06.364Z","iobWithZeroTemp":{"iob":-0.471,"basaliob":-0.478,"bolussnooze":0,"activity":-0.0041,"lastBolusTime":1703386567923,"time":"2023-12-24T06:21:06.364Z"}},{"iob":-0.005,"basaliob":-0.011,"bolussnooze":0,"activity":-1.0E-4,"lastBolusTime":1703386567923,"time":"2023-12-24T06:26:06.364Z","iobWithZeroTemp":{"iob":-0.476,"basaliob":-0.482,"bolussnooze":0,"activity":-0.0042,"lastBolusTime":1703386567923,"time":"2023-12-24T06:26:06.364Z"}},{"iob":-0.004,"basaliob":-0.01,"bolussnooze":0,"activity":-1.0E-4,"lastBolusTime":1703386567923,"time":"2023-12-24T06:31:06.364Z","iobWithZeroTemp":{"iob":-0.48,"basaliob":-0.486,"bolussnooze":0,"activity":-0.0043,"lastBolusTime":1703386567923,"time":"2023-12-24T06:31:06.364Z"}},{"iob":-0.004,"basaliob":-0.009,"bolussnooze":0,"activity":0,"lastBolusTime":1703386567923,"time":"2023-12-24T06:36:06.364Z","iobWithZeroTemp":{"iob":-0.484,"basaliob":-0.489,"bolussnooze":0,"activity":-0.0042,"lastBolusTime":1703386567923,"time":"2023-12-24T06:36:06.364Z"}},{"iob":-0.003,"basaliob":-0.008,"bolussnooze":0,"activity":0,"lastBolusTime":1703386567923,"time":"2023-12-24T06:41:06.364Z","iobWithZeroTemp":{"iob":-0.486,"basaliob":-0.491,"bolussnooze":0,"activity":-0.0043,"lastBolusTime":1703386567923,"time":"2023-12-24T06:41:06.364Z"}},{"iob":-0.004,"basaliob":-0.008,"bolussnooze":0,"activity":0,"lastBolusTime":1703386567923,"time":"2023-12-24T06:46:06.364Z","iobWithZeroTemp":{"iob":-0.491,"basaliob":-0.495,"bolussnooze":0,"activity":-0.0043,"lastBolusTime":1703386567923,"time":"2023-12-24T06:46:06.364Z"}},{"iob":-0.003,"basaliob":-0.007,"bolussnooze":0,"activity":0,"lastBolusTime":1703386567923,"time":"2023-12-24T06:51:06.364Z","iobWithZeroTemp":{"iob":-0.493,"basaliob":-0.497,"bolussnooze":0,"activity":-0.0044,"lastBolusTime":1703386567923,"time":"2023-12-24T06:51:06.364Z"}},{"iob":-0.002,"basaliob":-0.006,"bolussnooze":0,"activity":0,"lastBolusTime":1703386567923,"time":"2023-12-24T06:56:06.364Z","iobWithZeroTemp":{"iob":-0.495,"basaliob":-0.499,"bolussnooze":0,"activity":-0.0044,"lastBolusTime":1703386567923,"time":"2023-12-24T06:56:06.364Z"}},{"iob":-0.003,"basaliob":-0.006,"bolussnooze":0,"activity":0,"lastBolusTime":1703386567923,"time":"2023-12-24T07:01:06.364Z","iobWithZeroTemp":{"iob":-0.499,"basaliob":-0.502,"bolussnooze":0,"activity":-0.0045,"lastBolusTime":1703386567923,"time":"2023-12-24T07:01:06.364Z"}}],"profile":{"max_iob":4,"type":"current","max_daily_basal":0.5,"max_basal":1,"min_bg":91.79999999999998,"max_bg":91.79999999999998,"target_bg":91.79999999999998,"carb_ratio":25,"sens":142.20000000000002,"max_daily_safety_multiplier":3,"current_basal_safety_multiplier":4,"high_temptarget_raises_sensitivity":false,"low_temptarget_lowers_sensitivity":false,"sensitivity_raises_target":true,"resistance_lowers_target":true,"adv_target_adjustments":false,"exercise_mode":false,"half_basal_exercise_target":160,"maxCOB":120,"skip_neutral_temps":false,"remainingCarbsCap":90,"enableUAM":true,"A52_risk_enable":false,"SMBInterval":3,"enableSMB_with_COB":true,"enableSMB_with_temptarget":true,"allowSMB_with_high_temptarget":false,"enableSMB_always":false,"enableSMB_after_carbs":false,"maxSMBBasalMinutes":75,"maxUAMSMBBasalMinutes":75,"bolus_increment":0.05,"carbsReqThreshold":10,"current_basal":0.25,"temptargetSet":true,"autosens_max":1.2,"out_units":"mmol\/L"},"autosens_data":{"ratio":1},"meal_data":{"carbs":0,"mealCOB":0,"slopeFromMaxDeviation":-1.738,"slopeFromMinDeviation":0.3038181818181818,"lastBolusTime":1703386567923,"lastCarbTime":0},"microBolusAllowed":true,"currentTime":1703387167703,"flatBGsDetected":false},"output":{"temp":"absolute","bg":81,"tick":-4,"eventualBG":81,"targetBG":91.79999999999998,"insulinReq":0,"deliverAt":"2023-12-24T03:06:07.703Z","sensitivityRatio":1,"predBGs":{"IOB":[81,77,73,70,67,65,63,61,60,59,58,58,58,58,58,58,58,58,58,58,58,58,59,59,59,59,59,59,59,59,59,59,59,59,59,60],"ZT":[81,81,80,80,80,80,80,80,80,81,81,82,83,84,85,86,87,89,90]},"COB":0,"IOB":-0.008,"reason":"COB: 0, Dev: -0.1, BGI: 0.0, ISF: 7.9, CR: 25, Target: 5.1, minPredBG 3.5, minGuardBG 3.2, IOBpredBG 3.3; minGuardBG 3.2<3.7","duration":60,"rate":0,"timestamp":"2023-12-24T03:06:07.737Z"}}